v 0.0774804644 0.0125 0.0364971952 0 1 0
v 0.0764668257 0.0136889998 0.036590203 0 1 0
v 0.0752274837 0.0146260285 0.0368071034 0 0.501961 1
v 0.0738456193 0.0153453599 0.037001284 0 0.501961 1
v 0.0723731838 0.01587481 0.0371444895 0 0.501961 1
v 0.0708537537 0.0162613197 0.0372502085 0 0.501961 1
v 0.0693107767 0.0165472778 0.0373359838 0 0.501961 1
v 0.0677527854 0.0167446181 0.0373964599 0 0.501961 1
v 0.0661875235 0.0168811306 0.0374401348 1 0.784314 0
v 0.0646181764 0.0169637889 0.0374694308 1 0.784314 0
v 0.0630470965 0.0170077248 0.0374888835 1 0.784314 0
v 0.0614753242 0.0170184317 0.0375012882 1 0.784314 0
v 0.0599035206 0.017006467 0.0375061066 1 0.784314 0
v 0.0583321325 0.0169682365 0.0375020459 1 0.784314 0
v 0.0567615596 0.0169057213 0.037488498 0.705882 0 1
v 0.0551914938 0.0168321398 0.0374730173 0.705882 0 1
v 0.0536219754 0.016748475 0.0374522782 0.705882 0 1
v 0.0520523626 0.0166659641 0.0374347438 0.705882 0 1
v 0.0504832643 0.0165747112 0.0374141633 0.705882 0 1
v 0.0489145476 0.0164774808 0.0373922646 0.705882 0 1
v 0.0473461391 0.0163756657 0.0373693879 0 0.862745 0.862745
v 0.0457785305 0.0162628075 0.0373434938 0 0.862745 0.862745
v 0.0442112674 0.016145148 0.0373176783 0 0.862745 0.862745
v 0.0426441876 0.0160248937 0.0372928012 0 0.862745 0.862745
v 0.0410778461 0.0158959344 0.0372654168 1 0.470588 0
v 0.0787252119 0.0125 0.0350710544 0 1 0
v 0.0778973501 0.0138054596 0.0350484142 0 1 0
v 0.0767890848 0.0148718879 0.0351975131 0 0.501961 1
v 0.0754914892 0.0156951036 0.0353633303 0 0.501961 1
v 0.0740880938 0.0163309189 0.0354939026 0 0.501961 1
v 0.072615279 0.0167958573 0.0355935085 0 0.501961 1
v 0.0711082682 0.0171415025 0.0356729676 0 0.501961 1
v 0.0695794956 0.0173797545 0.0357286592 0 0.501961 1
v 0.0680413607 0.0175513766 0.035772709 1 0.784314 0
v 0.0664980796 0.0176716499 0.0358077811 1 0.784314 0
v 0.0649518057 0.0177488218 0.0358321221 1 0.784314 0
v 0.0634040169 0.0177898026 0.0358478563 1 0.784314 0
v 0.0618556252 0.0177959739 0.0358566792 1 0.784314 0
v 0.0603072483 0.0177813709 0.0358607109 1 0.784314 0
v 0.0587591037 0.0177500705 0.0358578949 0.705882 0 1
v 0.0572115221 0.0176994499 0.0358486475 0.705882 0 1
v 0.0556646788 0.0176306045 0.0358332399 0.705882 0 1
v 0.0541180719 0.017556104 0.0358194439 0.705882 0 1
v 0.0525717517 0.0174767096 0.0358013171 0.705882 0 1
v 0.0510254891 0.0173963009 0.0357829811 0.705882 0 1
v 0.0494797893 0.01730561 0.0357650039 0.705882 0 1
v 0.0479343996 0.0172101441 0.0357452346 0.705882 0 1
v 0.0463895086 0.0171076126 0.0357220972 0 0.862745 0.862745
v 0.0448451017 0.016998112 0.0356984626 0 0.862745 0.862745
v 0.0433010365 0.0168838795 0.0356749635 0 0.862745 0.862745
v 0.0417577809 0.0167598761 0.0356484773 0 0.862745 0.862745
v 0.0402155015 0.0166251166 0.0356175601 0 0.862745 0.862745
v 0.038673944 0.0164820947 0.0355878712 0 0.862745 0.862745
v 0.0371336824 0.0163257768 0.0355583719 1 0.470588 0
v 0.0798944133 0.0125 0.0336193462 0 1 0
v 0.079177918 0.0138528827 0.0335781016 0 1 0
v 0.0782173481 0.0150418094 0.0336296562 0 1 0
v 0.0770223158 0.0159896324 0.0337492444 0 1 0
v 0.0756787407 0.0167169018 0.0338604929 0 0.501961 1
v 0.0742494895 0.0172643592 0.0339425177 0 0.501961 1
v 0.0727728708 0.0176697747 0.0340085731 0 0.501961 1
v 0.0712700865 0.0179683247 0.0340623085 0 0.501961 1
v 0.0697508293 0.0181726904 0.0340993244 0 0.501961 1
v 0.068224577 0.0183176668 0.0341283917 0 0.501961 1
v 0.0666944598 0.0184154748 0.0341504419 1 0.784314 0
v 0.0651623072 0.01847637 0.0341677093 1 0.784314 0
v 0.0636292894 0.018511169 0.0341808406 1 0.784314 0
v 0.0620958534 0.0185171686 0.0341875728 1 0.784314 0
v 0.0605625304 0.0184948012 0.034187677 1 0.784314 0
v 0.0590293556 0.0184640794 0.0341847266 1 0.784314 0
v 0.0574965494 0.0184188094 0.0341771629 0.705882 0 1
v 0.0559644207 0.0183551811 0.0341654764 0.705882 0 1
v 0.0544325926 0.0182850365 0.0341521233 0.705882 0 1
v 0.0529006516 0.0182173084 0.0341387477 0.705882 0 1
v 0.0513692619 0.0181388423 0.0341217048 0.705882 0 1
v 0.049837846 0.0180602429 0.0341077462 0.705882 0 1
v 0.0483068868 0.0179734941 0.0340920407 0.705882 0 1
v 0.0467763657 0.0178800301 0.0340724387 0.705882 0 1
v 0.0452461738 0.0177812018 0.0340534018 0 0.862745 0.862745
v 0.0437163596 0.0176769401 0.034033048 0 0.862745 0.862745
v 0.0421872736 0.0175636373 0.0340076318 0 0.862745 0.862745
v 0.0406590826 0.0174390961 0.0339806639 0 0.862745 0.862745
v 0.0391317325 0.01730402 0.0339568535 0 0.862745 0.862745
v 0.0376055932 0.017156833 0.0339279515 0 0.862745 0.862745
v 0.0360813523 0.0169925409 0.0338920346 1 0.470588 0
v 0.0345589259 0.0168126235 0.0338540047 1 0.470588 0
v 0.0330386367 0.0166157847 0.0338150445 0.470588 1 0
v 0.0809987488 0.0125000619 0.0321417899 0 1 0
v 0.0803784623 0.0138833624 0.0321029394 0 1 0
v 0.0795533281 0.0151530933 0.0321130651 0 1 0
v 0.0784670694 0.0162082386 0.0321690191 0 1 0
v 0.0771933612 0.0170282528 0.032243766 0 0.501961 1
v 0.0758122954 0.0176512383 0.0322999717 0 0.501961 1
v 0.0743727722 0.0181283518 0.032348142 0 0.501961 1
v 0.0728995194 0.0184899546 0.0323921373 0 0.501961 1
v 0.0714016041 0.0187351068 0.0324190981 0 0.501961 1
v 0.0698931838 0.0189051622 0.0324405382 0 0.501961 1
v 0.0683797668 0.0190245473 0.0324581989 1 0.784314 0
v 0.0668636102 0.0191033516 0.0324712879 1 0.784314 0
v 0.0653461224 0.0191523195 0.0324819795 1 0.784314 0
v 0.0638282163 0.0191806256 0.0324912057 1 0.784314 0
v 0.0623099112 0.0191786072 0.0324932558 1 0.784314 0
v 0.0607917899 0.0191549835 0.0324919313 1 0.784314 0
v 0.059273937 0.0191178868 0.0324865007 0.705882 0 1
v 0.0577562775 0.0190733985 0.0324814206 0.705882 0 1
v 0.0562390477 0.0190171573 0.0324708911 0.705882 0 1
v 0.0547220185 0.0189554519 0.0324607515 0.705882 0 1
v 0.0532051294 0.0188908607 0.0324486609 0.705882 0 1
v 0.0516881854 0.0188274204 0.0324367691 0.705882 0 1
v 0.0501716599 0.0187548976 0.0324244884 0.705882 0 1
v 0.0486554104 0.0186769249 0.0324106722 0.705882 0 1
v 0.0471393989 0.0185947624 0.0323949493 0 0.862745 0.862745
v 0.0456236886 0.0185070261 0.0323806268 0 0.862745 0.862745
v 0.0441084017 0.0184125195 0.0323643774 0 0.862745 0.862745
v 0.0425938253 0.0183078171 0.0323447736 0 0.862745 0.862745
v 0.0410798922 0.0181945012 0.0323234501 0 0.862745 0.862745
v 0.0395666161 0.0180730835 0.0323003223 0 0.862745 0.862745
v 0.0380544136 0.0179393978 0.0322749965 1 0.470588 0
v 0.0365437395 0.0177901208 0.0322459998 1 0.470588 0
v 0.0350346115 0.0176266932 0.0322129904 1 0.470588 0
v 0.0335274922 0.0174461461 0.0321778001 1 0.470588 0
v 0.0320237869 0.0172402204 0.0321365394 1 0.470588 0
v 0.0305236438 0.0170109549 0.0320889607 1 0.470588 0
v 0.0290265483 0.0167633605 0.0320372309 0.470588 1 0
v 0.082028001 0.0125008629 0.0306149579 0 1 0
v 0.0815040321 0.0139063167 0.0306014401 0 1 0
v 0.080765533 0.0152094077 0.030600295 0 1 0
v 0.0797967917 0.0163462845 0.0306186636 0 1 0
v 0.0786205956 0.0172704268 0.0306457661 0 1 0
v 0.077305172 0.0179904956 0.0306791972 0 1 0
v 0.0759122971 0.0185484893 0.0307105101 0 0.501961 1
v 0.07446379 0.0189426265 0.0307265607 0 0.501961 1
v 0.0729926341 0.0192408559 0.0307415348 0 0.501961 1
v 0.071506544 0.0194543922 0.0307536468 0 0.501961 1
v 0.0700109237 0.0195877675 0.0307584208 0 0.501961 1
v 0.068512229 0.0196814892 0.0307646833 0 0.501961 1
v 0.0670118056 0.0197382534 0.0307687395 1 0.784314 0
v 0.0655106264 0.0197747272 0.0307755533 1 0.784314 0
v 0.0640090702 0.0197885953 0.0307785892 1 0.784314 0
v 0.0625074731 0.0197766615 0.030778062 1 0.784314 0
v 0.061006097 0.0197480487 0.0307748797 1 0.784314 0
v 0.0595048572 0.0197130429 0.0307710312 1 0.784314 0
v 0.0580037355 0.0196735303 0.0307648497 0.705882 0 1
v 0.0565029726 0.0196224199 0.0307573496 0.705882 0 1
v 0.0550023133 0.0195686155 0.0307486551 0.705882 0 1
v 0.0535018015 0.0195108963 0.0307387853 0.705882 0 1
v 0.0520012896 0.0194533019 0.0307286885 0.705882 0 1
v 0.0505007999 0.0193947858 0.0307203925 0.705882 0 1
v 0.0490008384 0.0193242323 0.0307109417 0.705882 0 1
v 0.0475011724 0.0192480819 0.0306979663 0.705882 0 1
v 0.0460015872 0.0191704476 0.0306845479 0 0.862745 0.862745
v 0.0445023456 0.0190864693 0.0306710287 0 0.862745 0.862745
v 0.0430036378 0.0189938038 0.0306554581 0 0.862745 0.862745
v 0.0415054454 0.0188935211 0.0306375554 0 0.862745 0.862745
v 0.0400078187 0.01878538 0.0306180741 0 0.862745 0.862745
v 0.0385112555 0.0186635051 0.030598742 0 0.862745 0.862745
v 0.0370156914 0.0185303689 0.0305757931 1 0.470588 0
v 0.0355212604 0.0183858184 0.0305485387 1 0.470588 0
v 0.0340285186 0.0182253939 0.0305182982 1 0.470588 0
v 0.0325385711 0.0180413147 0.0304857439 1 0.470588 0
v 0.0310517201 0.0178348803 0.0304464111 1 0.470588 0
v 0.0295678244 0.0176091883 0.0304018681 1 0.470588 0
v 0.0280883527 0.017357455 0.0303508801 1 0.470588 0
v 0.0266152934 0.017071654 0.0302941769 1 0.470588 0
v 0.025149195 0.016753104 0.0302317452 0.470588 1 0
v 0.0828531995 0.012501905 0.0289840413 0 1 0
v 0.0823792813 0.0139743055 0.0289869057 0 1 0
v 0.0816948046 0.0153624138 0.0289881381 0 1 0
v 0.0807510203 0.0165844453 0.0289922921 0 1 0
v 0.0795728464 0.0175844805 0.0290018498 0 1 0
v 0.0782365773 0.0183643619 0.0290092297 0 1 0
v 0.076809769 0.0189639923 0.0290242125 0 0.501961 1
v 0.0753262844 0.0194063332 0.0290287786 0 0.501961 1
v 0.073814727 0.0197432688 0.0290327771 0 0.501961 1
v 0.0722815497 0.0199614275 0.0290338818 0 0.501961 1
v 0.0707408605 0.0201201085 0.0290366326 0 0.501961 1
v 0.0691955796 0.0202263116 0.0290399497 0 0.501961 1
v 0.0676474107 0.0202722168 0.029037495 1 0.784314 0
v 0.0660988605 0.0203075376 0.0290397445 1 0.784314 0
v 0.0645498979 0.020307049 0.029036907 1 0.784314 0
v 0.0630009576 0.0203013345 0.0290374669 1 0.784314 0
v 0.0614522293 0.0202748534 0.0290345499 1 0.784314 0
v 0.0599036731 0.0202389846 0.0290282061 1 0.784314 0
v 0.0583549848 0.0202086368 0.0290260071 0.705882 0 1
v 0.0568066429 0.020163573 0.0290185964 0.705882 0 1
v 0.0552582755 0.0201189185 0.0290140972 0.705882 0 1
v 0.0537101781 0.020066648 0.0290080364 0.705882 0 1
v 0.0521618924 0.0200196637 0.0290012457 0.705882 0 1
v 0.0506140094 0.0199613776 0.0289928796 0.705882 0 1
v 0.049066198 0.0199010314 0.0289873906 0.705882 0 1
v 0.0475186459 0.019834709 0.0289768624 0.705882 0 1
v 0.0459714987 0.0197600323 0.0289633641 0 0.862745 0.862745
v 0.0444247357 0.0196772131 0.0289543004 0 0.862745 0.862745
v 0.042878294 0.0195890709 0.0289402461 0 0.862745 0.862745
v 0.0413323199 0.0194932844 0.0289245868 0 0.862745 0.862745
v 0.0397868946 0.0193891718 0.0289084995 0 0.862745 0.862745
v 0.0382425074 0.0192707865 0.0288912188 0 0.862745 0.862745
v 0.036698964 0.0191424857 0.0288695436 1 0.470588 0
v 0.0351565026 0.0190021532 0.0288458904 1 0.470588 0
v 0.0336158926 0.0188431627 0.0288206057 1 0.470588 0
v 0.0320776735 0.0186632757 0.0287905142 1 0.470588 0
v 0.0305418709 0.0184646318 0.0287555334 1 0.470588 0
v 0.0290099589 0.018239109 0.0287147011 1 0.470588 0
v 0.0274841257 0.0179773437 0.0286635917 1 0.470588 0
v 0.025964202 0.0176837125 0.0286092099 1 0.470588 0
v 0.0244512839 0.017356882 0.0285486683 0.470588 1 0
v 0.0229500837 0.0169813902 0.0284812639 0.470588 1 0
v 0.0214606912 0.016563059 0.0284034917 1 0 0.705882
v 0.0833402393 0.0125012867 0.0272347943 0.705882 0.470588 0.156863
v 0.0829022261 0.0139434603 0.0272360208 0.705882 0.470588 0.156863
v 0.0822699675 0.0153095752 0.0272375437 0.705882 0.470588 0.156863
v 0.0814269172 0.0165573785 0.0272398766 0.705882 0.470588 0.156863
v 0.080349536 0.0176071086 0.0272472651 0.705882 0.470588 0.156863
v 0.0790902472 0.0184345515 0.0272511639 0.705882 0.470588 0.156863
v 0.0777250626 0.0190728568 0.0272515825 0.470588 0.470588 0.470588
v 0.0762982173 0.0195615005 0.0272556057 0.470588 0.470588 0.470588
v 0.0748353614 0.0199287756 0.0272579115 0.470588 0.470588 0.470588
v 0.0733512714 0.020197856 0.0272603356 0.470588 0.470588 0.470588
v 0.0718551422 0.0203888951 0.0272606825 0.470588 0.470588 0.470588
v 0.0703527512 0.0205238619 0.0272619175 0.470588 0.470588 0.470588
v 0.0688458981 0.0205928526 0.0272589894 0.470588 0.470588 0.470588
v 0.0673382817 0.0206453188 0.027260255 0.470588 0.470588 0.470588
v 0.0658299951 0.0206673523 0.0272600292 1 0 0
v 0.0643215472 0.0206673275 0.0272579686 1 0 0
v 0.0628131124 0.0206634469 0.0272579602 1 0 0
v 0.0613047318 0.0206473182 0.0272552496 1 0 0
v 0.0597963794 0.0206291302 0.0272517956 1 0 0
v 0.0582882719 0.0205999935 0.0272517167 1 0 0
v 0.0567800672 0.0205697279 0.0272507286 0 1 0
v 0.0552717137 0.0205449892 0.0272491087 0 1 0
v 0.0537633685 0.0205196898 0.0272484726 0 1 0
v 0.0522552393 0.0204844979 0.0272428657 0 1 0
v 0.0507472871 0.020442378 0.0272406378 0 1 0
v 0.0492398029 0.0203879454 0.0272345503 0 1 0
v 0.047732163 0.0203365257 0.0272291087 0 1 0
v 0.0462245867 0.0202848496 0.0272200314 0 1 0
v 0.0447176388 0.0202169317 0.0272168914 0 0.501961 1
v 0.0432106147 0.0201505672 0.0272096105 0 0.501961 1
v 0.0417043194 0.020068934 0.0271976841 0 0.501961 1
v 0.0401985707 0.0199778293 0.0271850307 0 0.501961 1
v 0.0386934274 0.0198775194 0.0271703542 0 0.501961 1
v 0.0371891961 0.0197644017 0.0271551338 0 0.501961 1
v 0.0356854062 0.0196460622 0.0271374086 1 0.784314 0
v 0.0341831271 0.0195102838 0.0271165741 1 0.784314 0
v 0.0326825569 0.0193569414 0.0270951759 1 0.784314 0
v 0.0311837744 0.0191875495 0.0270690097 1 0.784314 0
v 0.0296868741 0.0190029151 0.027040178 1 0.784314 0
v 0.0281947194 0.0187847503 0.0270024788 1 0.784314 0
v 0.0267073855 0.0185365691 0.0269594816 1 0.784314 0
v 0.0252251831 0.0182598135 0.0269141758 1 0.784314 0
v 0.0237505089 0.0179463345 0.0268629906 0.705882 0 1
v 0.022286682 0.0175867981 0.0268035773 0.705882 0 1
v 0.0208337431 0.0171866733 0.0267365658 0.705882 0 1
v 0.0193904436 0.0167537 0.0266656482 0.705882 0 1
v 0.0179566869 0.0162906437 0.0265917516 0 0.862745 0.862745
v 0.0835688063 0.0125002593 0.0254325641 0.705882 0.470588 0.156863
v 0.0831188484 0.0139527336 0.0254311845 0.705882 0.470588 0.156863
v 0.0824888478 0.0153350928 0.025430047 0.705882 0.470588 0.156863
v 0.0816387661 0.0165940244 0.0254325827 0.705882 0.470588 0.156863
v 0.0805607501 0.0176647057 0.0254387082 0.705882 0.470588 0.156863
v 0.0793042079 0.0185179356 0.025442841 0.705882 0.470588 0.156863
v 0.0779340136 0.0191767012 0.0254449621 0.470588 0.470588 0.470588
v 0.0764984918 0.0196782808 0.0254469784 0.470588 0.470588 0.470588
v 0.075022978 0.0200476759 0.0254462427 0.470588 0.470588 0.470588
v 0.0735257779 0.0203180887 0.025445955 0.470588 0.470588 0.470588
v 0.0720156881 0.0205047248 0.0254488628 0.470588 0.470588 0.470588
v 0.0705002847 0.0206411873 0.0254480032 0.470588 0.470588 0.470588
v 0.0689813139 0.0207307568 0.0254497978 0.470588 0.470588 0.470588
v 0.0674607054 0.0207863068 0.0254499428 0.470588 0.470588 0.470588
v 0.0659393531 0.0208170637 0.0254500491 1 0 0
v 0.0644177699 0.0208328166 0.0254500796 1 0 0
v 0.0628960915 0.0208337818 0.0254493999 1 0 0
v 0.0613744438 0.0208266126 0.0254487658 1 0 0
v 0.0598528161 0.0208170014 0.0254488249 1 0 0
v 0.0583311875 0.0208108844 0.0254499615 1 0 0
v 0.0568096256 0.0207961833 0.0254498645 0 1 0
v 0.0552879899 0.0207865911 0.0254492376 0 1 0
v 0.0537664241 0.0207685297 0.0254474787 0 1 0
v 0.0522448038 0.0207605675 0.0254494229 0 1 0
v 0.0507234167 0.0207346172 0.0254490652 0 1 0
v 0.0492021557 0.0207026964 0.0254455873 0 1 0
v 0.04768082 0.0206756732 0.0254434487 0 1 0
v 0.0461595569 0.0206433746 0.0254396655 0 1 0
v 0.0446388581 0.0205917693 0.0254404788 0 0.501961 1
v 0.0431177316 0.0205510763 0.0254384926 0 0.501961 1
v 0.0415968076 0.0205033642 0.025435009 0 0.501961 1
v 0.0400767133 0.0204357382 0.0254254995 0 0.501961 1
v 0.0385574474 0.0203515821 0.0254172436 0 0.501961 1
v 0.037038615 0.0202596591 0.0254078067 0 0.501961 1
v 0.0355202848 0.0201605698 0.025396383 1 0.784314 0
v 0.0340035591 0.0200393557 0.0253815863 1 0.784314 0
v 0.0324887875 0.019896081 0.0253626307 1 0.784314 0
v 0.0309755181 0.0197379993 0.0253410394 1 0.784314 0
v 0.0294634767 0.0195685778 0.025318346 1 0.784314 0
v 0.027955189 0.0193698071 0.0252884871 1 0.784314 0
v 0.0264512872 0.0191406007 0.0252530071 1 0.784314 0
v 0.024951667 0.0188849314 0.025218139 1 0.784314 0
v 0.0234585625 0.0185943728 0.025179555 0.705882 0 1
v 0.0219764628 0.0182530477 0.0251310949 0.705882 0 1
v 0.0205051141 0.0178695222 0.0250724176 0.705882 0 1
v 0.0190407729 0.0174599631 0.0250156648 0.705882 0 1
v 0.01758914 0.0170081892 0.02495264 0.705882 0 1
v 0.0161469897 0.0165281484 0.0248805661 0.705882 0 1
v 0.0147099394 0.0160337439 0.0248033535 0 0.862745 0.862745
v 0.083708817 0.0125 0.0236209143 0.705882 0.470588 0.156863
v 0.0832710282 0.0139616005 0.0236197229 0.705882 0.470588 0.156863
v 0.0826448283 0.0153513262 0.0236187845 0.705882 0.470588 0.156863
v 0.0817825377 0.0166071827 0.0236192907 0.705882 0.470588 0.156863
v 0.0807003272 0.017678506 0.0236250437 0.705882 0.470588 0.156863
v 0.0794483339 0.0185461883 0.0236275298 0.705882 0.470588 0.156863
v 0.0780816753 0.0192241956 0.0236305158 0.470588 0.470588 0.470588
v 0.0766388715 0.0197214088 0.0236316532 0.470588 0.470588 0.470588
v 0.0751580569 0.0200915213 0.0236329486 0.470588 0.470588 0.470588
v 0.0736560873 0.0203644617 0.0236333881 0.470588 0.470588 0.470588
v 0.0721421581 0.0205618467 0.023633114 0.470588 0.470588 0.470588
v 0.0706219358 0.0207026788 0.0236336639 0.470588 0.470588 0.470588
v 0.0690979038 0.0207947479 0.0236339097 0.470588 0.470588 0.470588
v 0.0675722193 0.020854367 0.0236346349 0.470588 0.470588 0.470588
v 0.0660458015 0.020891042 0.0236341081 1 0 0
v 0.0645190057 0.0209057126 0.0236342946 1 0 0
v 0.0629921381 0.0209092373 0.0236347958 1 0 0
v 0.0614652647 0.0209075219 0.0236348577 1 0 0
v 0.0599383943 0.0209041608 0.0236352256 1 0 0
v 0.0584115289 0.0208991472 0.0236349476 1 0 0
v 0.0568846716 0.0208919951 0.0236346625 0 1 0
v 0.0553578285 0.0208828185 0.0236316433 0 1 0
v 0.0538309915 0.0208730905 0.0236358234 0 1 0
v 0.0523041455 0.0208638258 0.0236366183 0 1 0
v 0.0507773018 0.0208542416 0.0236361306 0 1 0
v 0.0492504954 0.0208402027 0.0236367123 0 1 0
v 0.047723659 0.0208308196 0.0236361233 0 1 0
v 0.0461968912 0.0208131041 0.0236342872 0 1 0
v 0.0446701154 0.0207962449 0.0236358583 0 0.501961 1
v 0.0431434008 0.0207752248 0.0236362145 0 0.501961 1
v 0.041616826 0.0207450764 0.023635099 0 0.501961 1
v 0.0400901495 0.020723658 0.0236351133 0 0.501961 1
v 0.0385639225 0.0206812617 0.0236335698 0 0.501961 1
v 0.0370382216 0.0206248967 0.0236301422 0 0.501961 1
v 0.0355125913 0.0205649046 0.0236264413 1 0.784314 0
v 0.0339884376 0.0204772979 0.0236189121 1 0.784314 0
v 0.0324664551 0.0203562913 0.0236059013 1 0.784314 0
v 0.0309448894 0.0202304451 0.0235931497 1 0.784314 0
v 0.0294249287 0.0200866412 0.0235763813 1 0.784314 0
v 0.0279087399 0.0199078615 0.0235539413 1 0.784314 0
v 0.0263954072 0.0197067436 0.0235290406 1 0.784314 0
v 0.0248865378 0.0194748987 0.0235011861 1 0.784314 0
v 0.0233844335 0.0192034782 0.0234689271 0.705882 0 1
v 0.0218908105 0.0188890261 0.0234307993 0.705882 0 1
v 0.0204045889 0.0185421232 0.0233880828 0.705882 0 1
v 0.018924936 0.0181680629 0.0233431735 0.705882 0 1
v 0.0174601548 0.0177404203 0.0232924531 0.705882 0 1
v 0.0160019071 0.0172915374 0.023235278 0.705882 0 1
v 0.0145502691 0.0168225988 0.0231714891 0 0.862745 0.862745
v 0.0131042432 0.0163372449 0.0231026027 0 0.862745 0.862745
v 0.0116567361 0.0158570031 0.0230291247 0 0.862745 0.862745
v 0.083831828 0.0125 0.0218080009 0.705882 0.470588 0.156863
v 0.0833958869 0.0139760274 0.0218078728 0.705882 0.470588 0.156863
v 0.0827673116 0.0153789191 0.0218064496 0.705882 0.470588 0.156863
v 0.0818902384 0.0166413431 0.021806795 0.705882 0.470588 0.156863
v 0.0808130749 0.0177372991 0.021810174 0.705882 0.470588 0.156863
v 0.0795401944 0.0185992539 0.0218135225 0.705882 0.470588 0.156863
v 0.0781586548 0.0192769003 0.0218148343 0.470588 0.470588 0.470588
v 0.076703114 0.0197765865 0.021815634 0.470588 0.470588 0.470588
v 0.0752086445 0.0201460936 0.0218132914 0.470588 0.470588 0.470588
v 0.073695208 0.0204294976 0.0218132238 0.470588 0.470588 0.470588
v 0.0721677281 0.0206240707 0.021816853 0.470588 0.470588 0.470588
v 0.0706344096 0.0207662039 0.0218176066 0.470588 0.470588 0.470588
v 0.069097354 0.0208597934 0.0218184956 0.470588 0.470588 0.470588
v 0.0675584823 0.0209176598 0.0218186829 0.470588 0.470588 0.470588
v 0.0660189457 0.0209538141 0.0218174441 1 0 0
v 0.0644790506 0.0209690153 0.0218189696 1 0 0
v 0.0629390736 0.0209722138 0.021818828 1 0 0
v 0.0613990911 0.0209715677 0.0218189503 1 0 0
v 0.059859111 0.0209690501 0.0218192347 1 0 0
v 0.0583191374 0.0209641313 0.021818011 1 0 0
v 0.0567791768 0.0209562998 0.0218193609 0 1 0
v 0.0552392207 0.0209472752 0.0218200647 0 1 0
v 0.0536992677 0.0209377473 0.0218205549 0 1 0
v 0.052159319 0.0209274997 0.0218206554 0 1 0
v 0.0506193732 0.0209169303 0.0218195956 0 1 0
v 0.0490794322 0.0209058237 0.0218211124 0 1 0
v 0.0475394896 0.0208947949 0.0218201101 0 1 0
v 0.0459995565 0.020883039 0.0218196592 0 1 0
v 0.0444596371 0.0208695877 0.0218211666 0 0.501961 1
v 0.0429197148 0.0208562209 0.0218210822 0 0.501961 1
v 0.0413797885 0.0208432158 0.0218217866 0 0.501961 1
v 0.0398398725 0.0208292334 0.0218211095 0 0.501961 1
v 0.0383000325 0.020809001 0.0218218955 0 0.501961 1
v 0.0367601887 0.02078887 0.0218218427 0 0.501961 1
v 0.0352205782 0.020757497 0.0218206973 1 0.784314 0
v 0.0336811044 0.0207201247 0.0218197064 1 0.784314 0
v 0.0321424451 0.0206584895 0.0218169586 1 0.784314 0
v 0.0306051314 0.0205692088 0.02181111 1 0.784314 0
v 0.0290694727 0.0204554037 0.021801912 1 0.784314 0
v 0.0275353853 0.0203222916 0.0217901191 1 0.784314 0
v 0.026005789 0.020145059 0.0217736665 1 0.784314 0
v 0.0244824929 0.0199206631 0.0217502085 1 0.784314 0
v 0.0229645722 0.0196627718 0.0217221233 0.705882 0 1
v 0.0214528763 0.0193707897 0.0216946401 0.705882 0 1
v 0.0199486342 0.019042692 0.0216633165 0.705882 0 1
v 0.0184514987 0.0186835128 0.0216299129 0.705882 0 1
v 0.0169635686 0.0182888861 0.0215916208 0.705882 0 1
v 0.0154838635 0.0178647367 0.0215464433 0.705882 0 1
v 0.0140126248 0.017412945 0.0214937119 0 0.862745 0.862745
v 0.0125448891 0.0169510604 0.0214324643 0 0.862745 0.862745
v 0.0110756071 0.0164935397 0.021374058 0 0.862745 0.862745
v 0.00960852514 0.0160295143 0.0213117053 0 0.862745 0.862745
v 0.00813712366 0.0155794376 0.0212495914 0 0.862745 0.862745
v 0.0839474518 0.0125 0.0199946085 0.705882 0.470588 0.156863
v 0.08351669 0.013939327 0.0199926022 0.705882 0.470588 0.156863
v 0.0829183624 0.0153161415 0.0199922612 0.705882 0.470588 0.156863
v 0.0820877718 0.0165651404 0.0199922921 0.705882 0.470588 0.156863
v 0.0810505132 0.0176488683 0.0199948177 0.705882 0.470588 0.156863
v 0.0798311934 0.018521825 0.0199968251 0.705882 0.470588 0.156863
v 0.078493483 0.0192019364 0.0199984511 0.470588 0.470588 0.470588
v 0.0770878251 0.019730564 0.0199987673 0.470588 0.470588 0.470588
v 0.0756376849 0.0201225847 0.0199993763 0.470588 0.470588 0.470588
v 0.0741654314 0.0204217123 0.0200011521 0.470588 0.470588 0.470588
v 0.0726769869 0.0206267918 0.0199994403 0.470588 0.470588 0.470588
v 0.0711824978 0.0207822966 0.0200007636 0.470588 0.470588 0.470588
v 0.0696836863 0.0208887137 0.0200006731 0.470588 0.470588 0.470588
v 0.0681826492 0.0209576844 0.0200024351 0.470588 0.470588 0.470588
v 0.0666805684 0.0209989867 0.0200025413 1 0 0
v 0.0651781066 0.0210229898 0.0200023608 1 0 0
v 0.0636754641 0.0210303277 0.0200025938 1 0 0
v 0.0621728001 0.0210319011 0.0200017139 1 0 0
v 0.0606701356 0.0210316898 0.0199999943 1 0 0
v 0.0591674739 0.0210287823 0.0199999063 1 0 0
v 0.0576648237 0.0210224469 0.0200021785 0 1 0
v 0.0561621941 0.0210127367 0.0200000204 0 1 0
v 0.054659584 0.0210009523 0.020001334 0 1 0
v 0.0531569695 0.0209892687 0.0200042853 0 1 0
v 0.051654356 0.0209767115 0.0200042165 0 1 0
v 0.05015174 0.0209648321 0.0200028027 0 1 0
v 0.0486491319 0.0209518842 0.0200047975 0 1 0
v 0.0471465248 0.0209389583 0.0200028442 0 1 0
v 0.0456439428 0.0209258821 0.0200014026 0 0.501961 1
v 0.0441413479 0.0209122944 0.0200050166 0 0.501961 1
v 0.042638744 0.0208990319 0.0200035064 0 0.501961 1
v 0.0411361513 0.0208854366 0.0200002723 0 0.501961 1
v 0.039633551 0.0208717083 0.0200017493 0 0.501961 1
v 0.0381309496 0.0208579846 0.0200031761 0 0.501961 1
v 0.0366283511 0.0208441131 0.0200036594 1 0.784314 0
v 0.0351257614 0.0208292675 0.020005272 1 0.784314 0
v 0.0336232053 0.0208120583 0.0200018484 1 0.784314 0
v 0.0321206999 0.0207906565 0.0200036017 1 0.784314 0
v 0.0306185896 0.0207516684 0.0200044529 1 0.784314 0
v 0.0291168337 0.0207019849 0.020003215 1 0.784314 0
v 0.0276157663 0.020633386 0.0199991244 1 0.784314 0
v 0.0261173985 0.0205203638 0.0199934451 1 0.784314 0
v 0.0246245109 0.0203506872 0.0199820823 0.705882 0 1
v 0.0231376861 0.0201345309 0.0199633104 0.705882 0 1
v 0.0216559449 0.0198856008 0.0199443234 0.705882 0 1
v 0.0201801712 0.0196041117 0.019920614 0.705882 0 1
v 0.0187116357 0.0192868279 0.0198959468 0.705882 0 1
v 0.0172501313 0.0189385708 0.0198705851 0.705882 0 1
v 0.0157962527 0.0185601198 0.0198408326 0.705882 0 1
v 0.0143467901 0.0181654922 0.0198052393 0.705882 0 1
v 0.0129004743 0.0177601133 0.0197654275 0 0.862745 0.862745
v 0.0114567678 0.0173457472 0.0197217506 0 0.862745 0.862745
v 0.010015309 0.0169238231 0.0196754051 0 0.862745 0.862745
v 0.00857491657 0.0164990089 0.0196231161 0 0.862745 0.862745
v 0.00713075 0.0160868948 0.0195745298 0 0.862745 0.862745
v 0.00568291546 0.0156877603 0.019526174 0 0.862745 0.862745
v 0.00422827695 0.0153133566 0.0194848014 0 0.862745 0.862745
v 0.0840514005 0.0125 0.0181805185 0.705882 0.470588 0.156863
v 0.083603039 0.0139546664 0.0181784192 0.705882 0.470588 0.156863
v 0.0830060229 0.0153541398 0.0181771622 0.705882 0.470588 0.156863
v 0.0821703337 0.0166226012 0.018179037 0.705882 0.470588 0.156863
v 0.0811176964 0.0177189389 0.0181805434 0.705882 0.470588 0.156863
v 0.0798706008 0.018588185 0.0181823136 0.705882 0.470588 0.156863
v 0.0785139903 0.0192767404 0.0181832807 0.470588 0.470588 0.470588
v 0.0770834993 0.0197964054 0.0181842631 0.470588 0.470588 0.470588
v 0.0756117937 0.0201851173 0.0181832619 0.470588 0.470588 0.470588
v 0.0741183323 0.0204801739 0.0181840827 0.470588 0.470588 0.470588
v 0.0726108442 0.0206929156 0.0181858036 0.470588 0.470588 0.470588
v 0.071095728 0.0208434327 0.0181843324 0.470588 0.470588 0.470588
v 0.069576796 0.0209484121 0.0181849469 0.470588 0.470588 0.470588
v 0.0680556669 0.0210157061 0.018186424 0.470588 0.470588 0.470588
v 0.0665335463 0.0210558023 0.0181865489 1 0 0
v 0.0650110526 0.02107763 0.0181865745 1 0 0
v 0.06348841 0.0210847137 0.0181857249 1 0 0
v 0.0619657483 0.0210868868 0.0181853182 1 0 0
v 0.0604430874 0.0210877977 0.0181828857 1 0 0
v 0.0589204351 0.021084083 0.0181856427 1 0 0
v 0.0573978033 0.0210748298 0.0181875912 0 1 0
v 0.0558751962 0.0210619874 0.0181868926 0 1 0
v 0.0543525984 0.021047852 0.0181857486 0 1 0
v 0.052830002 0.0210336282 0.0181873729 0 1 0
v 0.0513074083 0.0210191668 0.0181861366 0 1 0
v 0.0497848167 0.0210047649 0.0181872244 0 1 0
v 0.0482622229 0.0209904949 0.0181881459 0 1 0
v 0.0467396303 0.0209763366 0.0181857338 0 1 0
v 0.0452170428 0.0209618508 0.0181827678 0 0.501961 1
v 0.0436944542 0.020946991 0.0181855139 0 0.501961 1
v 0.042171867 0.0209321161 0.0181884602 0 0.501961 1
v 0.0406492771 0.0209174933 0.0181868052 0 0.501961 1
v 0.0391266816 0.0209031384 0.0181861426 0 0.501961 1
v 0.0376040913 0.020888355 0.0181873899 0 0.501961 1
v 0.0360815048 0.0208732105 0.0181886428 1 0.784314 0
v 0.0345589169 0.0208582673 0.0181865224 1 0.784314 0
v 0.0330363278 0.0208433527 0.0181852071 1 0.784314 0
v 0.0315137517 0.020827683 0.0181894735 1 0.784314 0
v 0.0299912047 0.0208090816 0.0181878399 1 0.784314 0
v 0.0284687502 0.0207852116 0.0181888144 1 0.784314 0
v 0.0269466646 0.0207440262 0.0181865385 1 0.784314 0
v 0.0254256112 0.0206740839 0.01818676 1 0.784314 0
v 0.023909024 0.02053877 0.018180694 0.705882 0 1
v 0.0223977831 0.0203543657 0.0181705019 0.705882 0 1
v 0.0208925422 0.0201257116 0.0181562652 0.705882 0 1
v 0.0193955125 0.0198487375 0.0181350433 0.705882 0 1
v 0.017905799 0.0195345642 0.0181172616 0.705882 0 1
v 0.0164203993 0.0192003197 0.0181012011 0.705882 0 1
v 0.0149372787 0.0188562966 0.0180787157 0.705882 0 1
v 0.0134617309 0.018481659 0.0180505406 0.705882 0 1
v 0.0119869657 0.018104086 0.0180216018 0 0.862745 0.862745
v 0.0105173694 0.0177073774 0.0179857777 0 0.862745 0.862745
v 0.00904681238 0.0173142746 0.0179501362 0 0.862745 0.862745
v 0.00757551556 0.0169240935 0.0179131326 0 0.862745 0.862745
v 0.00610217098 0.016541785 0.0178757009 0 0.862745 0.862745
v 0.00462475901 0.0161755089 0.0178373985 0 0.862745 0.862745
v 0.00314422013 0.015822089 0.0178010832 0 0.862745 0.862745
v 0.0841482789 0.0125 0.0163660416 0.470588 1 0
v 0.0837107397 0.013960219 0.0163640712 0.470588 1 0
v 0.0831054767 0.0153571936 0.0163633183 0.470588 1 0
v 0.082274613 0.0166315329 0.0163630436 0.470588 1 0
v 0.0812242601 0.017732361 0.0163650933 0.470588 1 0
v 0.0799734413 0.0186006331 0.0163658434 0.470588 1 0
v 0.0786220643 0.0193036234 0.0163667592 1 0 0.705882
v 0.0771894123 0.0198225235 0.0163680297 1 0 0.705882
v 0.0757197475 0.0202265956 0.0163684974 1 0 0.705882
v 0.0742235082 0.0205182606 0.0163633431 1 0 0.705882
v 0.0727151807 0.0207396846 0.0163697557 1 0 0.705882
v 0.0711978734 0.020888655 0.0163678809 1 0 0.705882
v 0.0696769871 0.0209950335 0.0163693375 1 0 0.705882
v 0.0681538736 0.0210633395 0.0163700194 1 0 0.705882
v 0.0666297609 0.0211046793 0.0163699751 0.313725 0.313725 1
v 0.0651052643 0.0211281097 0.0163703267 0.313725 0.313725 1
v 0.0635805904 0.021134567 0.0163703628 0.313725 0.313725 1
v 0.0620559037 0.0211372822 0.0163695581 0.313725 0.313725 1
v 0.06053122 0.02113861 0.0163677208 0.313725 0.313725 1
v 0.0590065449 0.0211347594 0.0163643113 0.313725 0.313725 1
v 0.0574819033 0.021124002 0.0163686406 0.705882 0.470588 0.156863
v 0.0559572838 0.0211098139 0.0163703383 0.705882 0.470588 0.156863
v 0.0544326721 0.0210946216 0.0163713399 0.705882 0.470588 0.156863
v 0.0529080608 0.0210791945 0.016371501 0.705882 0.470588 0.156863
v 0.0513834523 0.0210639005 0.0163687246 0.705882 0.470588 0.156863
v 0.049858853 0.0210484851 0.0163688184 0.705882 0.470588 0.156863
v 0.0483342478 0.0210329773 0.0163698909 0.705882 0.470588 0.156863
v 0.0468096373 0.0210175521 0.0163688185 0.705882 0.470588 0.156863
v 0.0452850482 0.021001788 0.0163718969 0.470588 0.470588 0.470588
v 0.0437604426 0.0209858384 0.0163709104 0.470588 0.470588 0.470588
v 0.04223584 0.0209698654 0.0163702765 0.470588 0.470588 0.470588
v 0.0407112368 0.0209543026 0.0163715334 0.470588 0.470588 0.470588
v 0.0391866331 0.020938188 0.016371762 0.470588 0.470588 0.470588
v 0.0376620374 0.0209214521 0.0163701384 0.470588 0.470588 0.470588
v 0.0361374388 0.0209049992 0.0163712961 1 0 0
v 0.0346128357 0.0208888313 0.0163708504 1 0 0
v 0.0330882352 0.0208727139 0.0163713136 1 0 0
v 0.0315636509 0.0208557278 0.0163725506 1 0 0
v 0.0300390489 0.0208395964 0.0163703255 1 0 0
v 0.0285144593 0.0208225146 0.0163719661 1 0 0
v 0.0269899066 0.02080271 0.0163711733 1 0 0
v 0.0254656151 0.0207700206 0.0163693348 1 0 0
v 0.0239427827 0.0206993651 0.0163704155 0 1 0
v 0.0224238924 0.0205708877 0.016364803 0 1 0
v 0.0209099383 0.02039239 0.0163579232 0 1 0
v 0.0194036279 0.0201577805 0.0163462211 0 1 0
v 0.0179046911 0.0198795464 0.0163332649 0 1 0
v 0.0164094068 0.01958182 0.0163229052 0 1 0
v 0.0149176827 0.0192670552 0.0163056976 0 1 0
v 0.0134306011 0.0189310995 0.0162881387 0 1 0
v 0.0119466227 0.0185818195 0.0162688737 0 0.501961 1
v 0.0104654628 0.0182212355 0.0162440161 0 0.501961 1
v 0.0089850287 0.0178575983 0.0162177607 0 0.501961 1
v 0.00750352981 0.017498763 0.0161881386 0 0.501961 1
v 0.00602006502 0.0171478215 0.0161628543 0 0.501961 1
v 0.00453375303 0.0168090618 0.016138123 0 0.501961 1
v 0.003046 0.0164771187 0.0161090341 0 0.501961 1
v 0.0842354827 0.0125 0.0145510854 0.470588 1 0
v 0.083803599 0.0139622396 0.0145508565 0.470588 1 0
v 0.0832123103 0.0153653943 0.0145490654 0.470588 1 0
v 0.0823864689 0.0166451451 0.0145474513 0.470588 1 0
v 0.0813289181 0.0177408744 0.0145502272 0.470588 1 0
v 0.0800853102 0.0186186917 0.01454862 0.470588 1 0
v 0.0787307161 0.0193162196 0.0145511042 1 0 0.705882
v 0.0773038349 0.0198509323 0.014550952 1 0 0.705882
v 0.0758327029 0.0202508277 0.0145527126 1 0 0.705882
v 0.0743383959 0.0205546724 0.0145527607 1 0 0.705882
v 0.0728296577 0.0207773982 0.0145520749 1 0 0.705882
v 0.0713125028 0.0209333603 0.014552044 1 0 0.705882
v 0.0697910242 0.021039807 0.0145536289 1 0 0.705882
v 0.0682674161 0.0211099798 0.0145532502 1 0 0.705882
v 0.0667427615 0.0211522175 0.0145535042 0.313725 0.313725 1
v 0.0652177083 0.0211759161 0.0145536078 0.313725 0.313725 1
v 0.0636924723 0.021182564 0.0145526369 0.313725 0.313725 1
v 0.0621672185 0.021185036 0.0145533774 0.313725 0.313725 1
v 0.0606419626 0.0211855643 0.0145533913 0.313725 0.313725 1
v 0.0591167186 0.0211809172 0.014552806 0.313725 0.313725 1
v 0.0575915213 0.0211688573 0.0145523575 0.705882 0.470588 0.156863
v 0.0560663458 0.0211534847 0.0145545049 0.705882 0.470588 0.156863
v 0.0545411915 0.0211358997 0.0145549334 0.705882 0.470588 0.156863
v 0.0530160243 0.0211194691 0.0145546097 0.705882 0.470588 0.156863
v 0.0514908546 0.021103464 0.0145549319 0.705882 0.470588 0.156863
v 0.0499657025 0.0210860071 0.0145530953 0.705882 0.470588 0.156863
v 0.0484405481 0.0210686127 0.0145523949 0.705882 0.470588 0.156863
v 0.0469153878 0.0210518031 0.0145503781 0.705882 0.470588 0.156863
v 0.0453902379 0.0210346917 0.0145504969 0.470588 0.470588 0.470588
v 0.0438650832 0.0210177173 0.0145549806 0.470588 0.470588 0.470588
v 0.0423399193 0.0210010148 0.0145534707 0.470588 0.470588 0.470588
v 0.0408147718 0.0209833546 0.0145549448 0.470588 0.470588 0.470588
v 0.0392896275 0.0209654625 0.0145527275 0.470588 0.470588 0.470588
v 0.0377644713 0.0209482242 0.0145514052 0.470588 0.470588 0.470588
v 0.0362393188 0.0209306955 0.0145543365 1 0 0
v 0.034714163 0.0209132632 0.014555234 1 0 0
v 0.0331890092 0.020895623 0.0145554545 1 0 0
v 0.0316638541 0.0208780699 0.0145556981 1 0 0
v 0.0301387031 0.0208601867 0.0145549481 1 0 0
v 0.0286135467 0.020842758 0.0145554026 1 0 0
v 0.0270883938 0.0208250113 0.0145555424 1 0 0
v 0.0255632752 0.0208050016 0.0145530616 1 0 0
v 0.0240383678 0.0207740436 0.0145519634 0 1 0
v 0.0225147065 0.020707596 0.014554302 0 1 0
v 0.0209948212 0.020583104 0.0145512177 0 1 0
v 0.0194816319 0.0203935334 0.0145450486 0 1 0
v 0.0179755224 0.0201533087 0.0145374812 0 1 0
v 0.0164749288 0.0198807162 0.0145288616 0 1 0
v 0.0149739866 0.019609868 0.0145154253 0 1 0
v 0.013479858 0.0193035821 0.0145069554 0 1 0
v 0.0119881235 0.0189858164 0.014495052 0 0.501961 1
v 0.0104984939 0.018658619 0.0144780212 0 0.501961 1
v 0.0090103382 0.0183250073 0.0144572385 0 0.501961 1
v 0.00752249479 0.0179899761 0.0144360646 0 0.501961 1
v 0.00603250575 0.0176645162 0.0144194289 0 0.501961 1
v 0.00453984895 0.0173515469 0.0144030003 0 0.501961 1
v 0.003046 0.0170444491 0.0143831101 0 0.501961 1
v 0.0843117642 0.0125 0.0127356451 0.470588 1 0
v 0.0838830093 0.0139639108 0.01273406 0.470588 1 0
v 0.0832959377 0.0153697328 0.0127332834 0.470588 1 0
v 0.0824714166 0.0166498635 0.0127339882 0.470588 1 0
v 0.0814233616 0.0177547771 0.0127349796 0.470588 1 0
v 0.0801805266 0.0186373992 0.0127346888 0.470588 1 0
v 0.0788299905 0.0193449226 0.012735132 1 0 0.705882
v 0.077401005 0.0198774566 0.0127336347 1 0 0.705882
v 0.0759302268 0.0202814928 0.0127349549 1 0 0.705882
v 0.0744364812 0.0205912936 0.0127347435 1 0 0.705882
v 0.0729271273 0.0208134042 0.0127315227 1 0 0.705882
v 0.0714101607 0.0209764143 0.012736706 1 0 0.705882
v 0.0698880994 0.0210818969 0.0127347693 1 0 0.705882
v 0.0683639821 0.0211533184 0.0127372899 1 0 0.705882
v 0.0668388597 0.0211986871 0.0127344299 0.313725 0.313725 1
v 0.0653132205 0.0212200562 0.0127370172 0.313725 0.313725 1
v 0.0637874129 0.0212260514 0.0127343565 0.313725 0.313725 1
v 0.0622615899 0.0212278787 0.0127353012 0.313725 0.313725 1
v 0.060735771 0.0212266472 0.0127319263 0.313725 0.313725 1
v 0.0592099686 0.0212196802 0.0127287082 0.313725 0.313725 1
v 0.0576842396 0.0212060655 0.0127364387 0.705882 0.470588 0.156863
v 0.0561585306 0.0211885423 0.0127321272 0.705882 0.470588 0.156863
v 0.0546328201 0.021170174 0.0127347901 0.705882 0.470588 0.156863
v 0.0531071077 0.0211517845 0.0127367598 0.705882 0.470588 0.156863
v 0.0515813925 0.0211336319 0.0127370198 0.705882 0.470588 0.156863
v 0.05005568 0.0211154258 0.0127353766 0.705882 0.470588 0.156863
v 0.0485299705 0.0210971375 0.0127325977 0.705882 0.470588 0.156863
v 0.0470042612 0.0210788263 0.0127323987 0.705882 0.470588 0.156863
v 0.0454785594 0.0210605464 0.0127379265 0.470588 0.470588 0.470588
v 0.0439528499 0.0210422116 0.012735043 0.470588 0.470588 0.470588
v 0.0424271484 0.0210240478 0.0127359973 0.470588 0.470588 0.470588
v 0.0409014378 0.0210062043 0.0127329838 0.470588 0.470588 0.470588
v 0.0393757291 0.0209877678 0.0127297661 0.470588 0.470588 0.470588
v 0.037850014 0.0209697438 0.0127317727 0.470588 0.470588 0.470588
v 0.0363243194 0.0209511579 0.0127369642 1 0 0
v 0.0347986041 0.0209329121 0.0127360469 1 0 0
v 0.0332729027 0.0209145845 0.0127359911 1 0 0
v 0.0317471895 0.0208964062 0.0127376682 1 0 0
v 0.0302214739 0.020878142 0.0127382022 1 0 0
v 0.02869576 0.0208597608 0.0127380902 1 0 0
v 0.0271700505 0.0208410821 0.0127378599 1 0 0
v 0.0256443364 0.0208227842 0.0127383861 1 0 0
v 0.024118649 0.0208026138 0.0127368248 0 1 0
v 0.0225932867 0.0207663937 0.012736587 0 1 0
v 0.0210695107 0.0206923018 0.0127378779 0 1 0
v 0.0195508819 0.0205474597 0.0127348849 0 1 0
v 0.0180389311 0.0203432378 0.0127307587 0 1 0
v 0.0165310298 0.0201102583 0.0127249117 0 1 0
v 0.0150258048 0.0198605946 0.0127212936 0 1 0
v 0.0135240033 0.0195910657 0.0127140214 0 1 0
v 0.0120255009 0.0193039979 0.0127027542 0 0.501961 1
v 0.0105288693 0.0190072104 0.0126921293 0 0.501961 1
v 0.00903327054 0.0187054036 0.0126790908 0 0.501961 1
v 0.00753844742 0.0183998708 0.012664862 0 0.501961 1
v 0.00604211969 0.0181015249 0.0126546687 0 0.501961 1
v 0.00454539436 0.0178052531 0.0126422183 0 0.501961 1
v 0.003046 0.0175228543 0.0126305493 0 0.501961 1
v 0.0843798932 0.0125 0.0109198834 0.470588 1 0
v 0.0839430553 0.0139620775 0.0109175122 0.470588 1 0
v 0.0833576687 0.0153696937 0.0109175146 0.470588 1 0
v 0.0825419238 0.016657709 0.0109142255 0.470588 1 0
v 0.0814817963 0.0177513355 0.0109151879 0.470588 1 0
v 0.0802558035 0.0186562931 0.0109193607 0.470588 1 0
v 0.0789054277 0.0193636611 0.0109191843 1 0 0.705882
v 0.0774775589 0.0199007527 0.0109156835 1 0 0.705882
v 0.076008499 0.0203132579 0.0109187025 1 0 0.705882
v 0.0745148192 0.0206256877 0.0109198747 1 0 0.705882
v 0.0730053033 0.0208496545 0.0109171366 1 0 0.705882
v 0.07148761 0.0210100627 0.0109193782 1 0 0.705882
v 0.0699653831 0.0211195044 0.0109146128 1 0 0.705882
v 0.068440801 0.0211902181 0.0109208044 1 0 0.705882
v 0.0669152021 0.0212354742 0.0109207578 0.313725 0.313725 1
v 0.065389067 0.0212565156 0.0109197769 0.313725 0.313725 1
v 0.0638628041 0.0212644295 0.0109184432 0.313725 0.313725 1
v 0.062336517 0.0212663616 0.0109198303 0.313725 0.313725 1
v 0.0608102312 0.0212641173 0.010918343 0.313725 0.313725 1
v 0.0592839902 0.0212545599 0.0109119839 0.313725 0.313725 1
v 0.0577578745 0.0212382672 0.0109203959 0.705882 0.470588 0.156863
v 0.0562317045 0.021219841 0.0109195793 0.705882 0.470588 0.156863
v 0.0547055306 0.0212012066 0.0109175537 0.705882 0.470588 0.156863
v 0.0531793561 0.0211824664 0.0109177101 0.705882 0.470588 0.156863
v 0.051653194 0.0211637056 0.0109198016 0.705882 0.470588 0.156863
v 0.0501270236 0.0211449512 0.0109199524 0.705882 0.470588 0.156863
v 0.0486008477 0.0211262868 0.0109206364 0.705882 0.470588 0.156863
v 0.0470746734 0.0211074937 0.0109192818 0.705882 0.470588 0.156863
v 0.0455485028 0.0210887822 0.0109162167 0.470588 0.470588 0.470588
v 0.0440223297 0.0210700056 0.0109154776 0.470588 0.470588 0.470588
v 0.0424961733 0.021051054 0.010920818 0.470588 0.470588 0.470588
v 0.0409700001 0.0210324175 0.0109204687 0.470588 0.470588 0.470588
v 0.0394438375 0.0210135989 0.0109175055 0.470588 0.470588 0.470588
v 0.0379176656 0.0209946493 0.0109192161 0.470588 0.470588 0.470588
v 0.0363914992 0.0209754347 0.0109211377 1 0 0
v 0.0348653314 0.0209561237 0.0109205048 1 0 0
v 0.0333391635 0.0209369511 0.0109215323 1 0 0
v 0.0318130022 0.0209175999 0.0109212633 1 0 0
v 0.0302868381 0.0208979751 0.0109208869 1 0 0
v 0.0287606795 0.0208782008 0.0109200742 1 0 0
v 0.0272345225 0.0208581501 0.0109213575 1 0 0
v 0.0257083915 0.0208382445 0.010915269 1 0 0
v 0.0241822834 0.0208178413 0.0109181152 0 1 0
v 0.0226561969 0.020793147 0.0109169067 0 1 0
v 0.02113065 0.0207479184 0.0109208777 0 1 0
v 0.0196082177 0.020643134 0.0109190177 0 1 0
v 0.0180916737 0.0204726194 0.0109148617 0 1 0
v 0.0165797115 0.0202642892 0.0109119148 0 1 0
v 0.0150700058 0.0200399982 0.0109095211 0 1 0
v 0.0135619947 0.0198046654 0.0109070592 0 1 0
v 0.0120569712 0.0195509902 0.0109010141 0 0.501961 1
v 0.0105545272 0.0192824763 0.010894535 0 0.501961 1
v 0.00905212266 0.0190137122 0.0108874977 0 0.501961 1
v 0.00755038947 0.018741169 0.0108812779 0 0.501961 1
v 0.00605012854 0.0184606191 0.0108728004 0 0.501961 1
v 0.00454924705 0.0181834383 0.0108643548 0 0.501961 1
v 0.003046 0.0179194409 0.0108575227 0 0.501961 1
v 0.0844387861 0.0125 0.00910380445 0.470588 1 0
v 0.0840048022 0.0139636147 0.0091004563 0.470588 1 0
v 0.0834197054 0.0153715536 0.00910209324 0.470588 1 0
v 0.0826014102 0.0166567476 0.00909598348 0.470588 1 0
v 0.0815576479 0.0177668083 0.00910072569 0.470588 1 0
v 0.0803265244 0.0186663643 0.00910215106 0.470588 1 0
v 0.0789757697 0.0193742645 0.00910216963 1 0 0.705882
v 0.0775510525 0.0199226419 0.00910264075 1 0 0.705882
v 0.0760807659 0.0203332949 0.00910310774 1 0 0.705882
v 0.0745873299 0.0206499734 0.0091016925 1 0 0.705882
v 0.0730787256 0.0208842423 0.00910383798 1 0 0.705882
v 0.0715601082 0.0210425962 0.00910269927 1 0 0.705882
v 0.0700372883 0.0211537688 0.00909980096 1 0 0.705882
v 0.0685120381 0.0212252582 0.00910067366 1 0 0.705882
v 0.0669858086 0.0212717367 0.00910005119 0.313725 0.313725 1
v 0.0654590384 0.0212944086 0.00910230275 0.313725 0.313725 1
v 0.0639320971 0.0213018898 0.00910253442 0.313725 0.313725 1
v 0.0624051347 0.0213030839 0.00910421078 0.313725 0.313725 1
v 0.0608781749 0.0212993841 0.00910417573 0.313725 0.313725 1
v 0.0593512819 0.0212866127 0.00909707848 0.313725 0.313725 1
v 0.0578244422 0.0212693443 0.00910013259 0.705882 0.470588 0.156863
v 0.0562976043 0.0212507979 0.00909801419 0.705882 0.470588 0.156863
v 0.0547707618 0.021232037 0.00909429808 0.705882 0.470588 0.156863
v 0.0532439211 0.0212128111 0.00909698224 0.705882 0.470588 0.156863
v 0.0517170949 0.0211937696 0.0091040304 0.705882 0.470588 0.156863
v 0.0501902524 0.0211744341 0.0091045852 0.705882 0.470588 0.156863
v 0.0486634132 0.0211554822 0.00910067618 0.705882 0.470588 0.156863
v 0.047136575 0.0211362887 0.00910397194 0.705882 0.470588 0.156863
v 0.0456097512 0.0211164338 0.00909953157 0.470588 0.470588 0.470588
v 0.0440829416 0.021097049 0.00910357637 0.470588 0.470588 0.470588
v 0.0425561115 0.0210773522 0.00910226226 0.470588 0.470588 0.470588
v 0.0410292916 0.0210569261 0.00910222565 0.470588 0.470588 0.470588
v 0.0395024578 0.021037119 0.00910320991 0.470588 0.470588 0.470588
v 0.0379756212 0.0210173788 0.00910368977 0.470588 0.470588 0.470588
v 0.0364487972 0.0209967661 0.00910469562 1 0 0
v 0.0349219708 0.0209763604 0.00910345429 1 0 0
v 0.033395237 0.0209556493 0.00909983335 1 0 0
v 0.0318684477 0.0209346112 0.00910344244 1 0 0
v 0.0303416264 0.0209137727 0.00910487417 1 0 0
v 0.0288148082 0.0208927875 0.00910236988 1 0 0
v 0.027287995 0.0208712775 0.00910317677 1 0 0
v 0.0257611777 0.0208501321 0.00910442761 1 0 0
v 0.0242343605 0.0208288825 0.0091047389 0 1 0
v 0.0227075578 0.0208067371 0.00910282078 0 1 0
v 0.0211809826 0.0207734845 0.00910417339 0 1 0
v 0.0196559043 0.0207001116 0.00910019051 0 1 0
v 0.0181353485 0.0205625161 0.00909422011 0 1 0
v 0.0166195645 0.0203785934 0.00909401067 0 1 0
v 0.0151062146 0.0201752525 0.00909490884 0 1 0
v 0.0135945256 0.0199599291 0.00909614048 0 1 0
v 0.0120844421 0.0197335976 0.00909441277 0 0.501961 1
v 0.0105758159 0.0194977137 0.0090912096 0 0.501961 1
v 0.00906882958 0.0192516009 0.00908645649 0 0.501961 1
v 0.00756257886 0.0190010736 0.0090809765 0 0.501961 1
v 0.00605748659 0.0187437316 0.00907660388 0 0.501961 1
v 0.00455183229 0.0184896221 0.00907330061 0 0.501961 1
v 0.003046 0.0182365695 0.0090685387 0 0.501961 1
v 0.0844870746 0.0125 0.00728741881 0.470588 1 0
v 0.0840693094 0.0139692791 0.00728302653 0.470588 1 0
v 0.083485981 0.0153789901 0.00728614106 0.470588 1 0
v 0.0826733526 0.0166682534 0.00728487076 0.470588 1 0
v 0.0816141155 0.0177623119 0.00728444678 0.470588 1 0
v 0.0803892229 0.0186692546 0.00728538136 0.470588 1 0
v 0.0790495872 0.0193998161 0.00728389656 1 0 0.705882
v 0.0776241422 0.0199456642 0.0072852058 1 0 0.705882
v 0.0761524124 0.0203540839 0.00728536282 1 0 0.705882
v 0.0746595226 0.0206774254 0.00727660603 1 0 0.705882
v 0.073149598 0.0209089819 0.00727607991 1 0 0.705882
v 0.0716309785 0.0210750338 0.0072841283 1 0 0.705882
v 0.0701071956 0.0211842565 0.00728472797 1 0 0.705882
v 0.0685811497 0.0212572014 0.00728584548 1 0 0.705882
v 0.0670541021 0.0213056125 0.00728745057 0.313725 0.313725 1
v 0.0655264841 0.0213302447 0.00728617172 0.313725 0.313725 1
v 0.0639986919 0.0213392416 0.00728322066 0.313725 0.313725 1
v 0.0624708768 0.0213385105 0.0072856389 0.313725 0.313725 1
v 0.0609430672 0.021330774 0.00728709655 0.313725 0.313725 1
v 0.0594153033 0.0213161153 0.0072875114 0.313725 0.313725 1
v 0.0578875789 0.0212981128 0.00728530947 0.705882 0.470588 0.156863
v 0.0563598776 0.0212781927 0.00728301336 0.705882 0.470588 0.156863
v 0.0548321922 0.0212581804 0.00728520656 0.705882 0.470588 0.156863
v 0.0533044854 0.0212385605 0.00728520695 0.705882 0.470588 0.156863
v 0.0517767969 0.0212180439 0.00728499714 0.705882 0.470588 0.156863
v 0.0502491026 0.0211978289 0.00728768661 0.705882 0.470588 0.156863
v 0.0487214069 0.0211772705 0.00728696152 0.705882 0.470588 0.156863
v 0.0471937137 0.0211565066 0.00728778469 0.705882 0.470588 0.156863
v 0.045666029 0.0211360545 0.00728378803 0.470588 0.470588 0.470588
v 0.0441383888 0.0211152168 0.00728097835 0.470588 0.470588 0.470588
v 0.0426107221 0.0210936175 0.00728580372 0.470588 0.470588 0.470588
v 0.0410831168 0.0210724029 0.00727018493 0.470588 0.470588 0.470588
v 0.0395554981 0.0210510751 0.00727604674 0.470588 0.470588 0.470588
v 0.0380278797 0.0210299548 0.00728090748 0.470588 0.470588 0.470588
v 0.0365002155 0.0210086734 0.00728635084 1 0 0
v 0.0349725348 0.0209870261 0.00728623643 1 0 0
v 0.0334448626 0.0209654975 0.00728222108 1 0 0
v 0.0319171846 0.0209438716 0.00728424324 1 0 0
v 0.0303895064 0.0209222454 0.00728717883 1 0 0
v 0.0288618346 0.0209006444 0.00728242945 1 0 0
v 0.0273341645 0.0208789926 0.00728026901 1 0 0
v 0.025806511 0.0208572005 0.00728756628 1 0 0
v 0.0242788321 0.0208355116 0.00728580513 0 1 0
v 0.0227511538 0.0208136749 0.00728606843 0 1 0
v 0.0212235792 0.0207860316 0.00728785819 0 1 0
v 0.0196968961 0.0207290223 0.00728619547 0 1 0
v 0.0181734653 0.0206170151 0.00728283256 0 1 0
v 0.0166539524 0.0204586339 0.00727861942 0 1 0
v 0.015136988 0.0202771602 0.00728413093 0 1 0
v 0.0136221439 0.0200784755 0.00728426887 0 1 0
v 0.012108292 0.0198723124 0.00728205666 0 0.501961 1
v 0.0105959629 0.0196552987 0.00727959337 0 0.501961 1
v 0.00908458908 0.0194317398 0.00727597165 0 0.501961 1
v 0.00757384735 0.0192039045 0.00727690523 0 0.501961 1
v 0.00606443766 0.0189679518 0.00727319361 0 0.501961 1
v 0.00455557669 0.0187279394 0.00727137073 0 0.501961 1
v 0.003046 0.0184924806 0.00726976334 0 0.501961 1
v 0.0845229105 0.0125 0.00547075012 0.705882 0 1
v 0.0840967666 0.0139670482 0.0054700142 0.705882 0 1
v 0.0835198894 0.0153800645 0.00546872802 0.705882 0 1
v 0.0827122056 0.0166738007 0.00547009419 0.705882 0 1
v 0.0816650756 0.0177827443 0.0054679444 0.705882 0 1
v 0.080441463 0.0186949525 0.00546837539 0.705882 0 1
v 0.0790947854 0.0194152156 0.00546701498 0 0.862745 0.862745
v 0.0776693194 0.019963929 0.00546793741 0 0.862745 0.862745
v 0.0762001152 0.020382541 0.00546022701 0 0.862745 0.862745
v 0.0747058629 0.0207018182 0.00545842786 0 0.862745 0.862745
v 0.0731952517 0.0209320307 0.00546909175 0 0.862745 0.862745
v 0.0716761217 0.0210987424 0.0054684065 0 0.862745 0.862745
v 0.0701518512 0.0212099742 0.00546701855 0 0.862745 0.862745
v 0.0686254122 0.0212841683 0.00545877507 0 0.862745 0.862745
v 0.067097826 0.0213306344 0.00546547342 1 0.470588 0
v 0.0655696999 0.0213562239 0.00546873759 1 0.470588 0
v 0.0640413798 0.0213659474 0.00546671873 1 0.470588 0
v 0.0625130154 0.0213637551 0.0054642378 1 0.470588 0
v 0.0609846806 0.0213534529 0.00546350097 1 0.470588 0
v 0.0594563957 0.021338879 0.00546436176 1 0.470588 0
v 0.0579281593 0.0213196585 0.00547070643 0.470588 1 0
v 0.0563999275 0.0212988901 0.00546879663 0.470588 1 0
v 0.054871705 0.0212775942 0.00546527081 0.470588 1 0
v 0.0533435036 0.021256075 0.00547020413 0.470588 1 0
v 0.0518152828 0.0212344672 0.00546919674 0.470588 1 0
v 0.0502870968 0.0212129526 0.00546239493 0.470588 1 0
v 0.0487589116 0.0211912081 0.00547079436 0.470588 1 0
v 0.0472306948 0.0211694393 0.0054683265 0.470588 1 0
v 0.0457031519 0.0211476563 0.00546454791 1 0 0.705882
v 0.0441750535 0.0211258343 0.00546585054 1 0 0.705882
v 0.0426468916 0.0211040381 0.00546697376 1 0 0.705882
v 0.0411186903 0.0210820876 0.00547016995 1 0 0.705882
v 0.0395906784 0.0210601238 0.0054617778 1 0 0.705882
v 0.0380625129 0.0210380558 0.00546620896 1 0 0.705882
v 0.0365342974 0.0210161846 0.00546911921 0.313725 0.313725 1
v 0.0350060788 0.0209943295 0.00547044595 0.313725 0.313725 1
v 0.033477861 0.0209724133 0.00547000107 0.313725 0.313725 1
v 0.031949748 0.0209503867 0.00546515353 0.313725 0.313725 1
v 0.0304215546 0.0209284881 0.00547057464 0.313725 0.313725 1
v 0.0288933399 0.0209066867 0.00546896769 0.313725 0.313725 1
v 0.0273651253 0.0208847492 0.00546952414 0.313725 0.313725 1
v 0.0258369305 0.0208626587 0.0054634147 0.313725 0.313725 1
v 0.0243087346 0.0208406117 0.00546292176 0.705882 0.470588 0.156863
v 0.0227805221 0.0208185699 0.0054616689 0.705882 0.470588 0.156863
v 0.0212524112 0.0207930303 0.00547044923 0.705882 0.470588 0.156863
v 0.0197248105 0.0207471038 0.00546729822 0.705882 0.470588 0.156863
v 0.0181994088 0.0206540698 0.00546432199 0.705882 0.470588 0.156863
v 0.016677621 0.0205130349 0.00546667104 0.705882 0.470588 0.156863
v 0.0151586457 0.0203441042 0.00546447227 0.705882 0.470588 0.156863
v 0.0136409711 0.0201636711 0.00546528651 0.705882 0.470588 0.156863
v 0.0121242557 0.0199753639 0.00546820459 0.470588 0.470588 0.470588
v 0.0106088978 0.0197765521 0.00546368905 0.470588 0.470588 0.470588
v 0.00909460145 0.0195696422 0.00546525337 0.470588 0.470588 0.470588
v 0.00758085983 0.0193590147 0.00546018417 0.470588 0.470588 0.470588
v 0.00606832609 0.0191404587 0.00546441839 0.470588 0.470588 0.470588
v 0.00455652179 0.0189160525 0.00546418557 0.470588 0.470588 0.470588
v 0.003046 0.0186832308 0.00546288371 0.470588 0.470588 0.470588
v 0.0845469173 0.0125 0.00365388963 0.705882 0 1
v 0.0841269855 0.013969459 0.00365243279 0.705882 0 1
v 0.0835353837 0.0153764366 0.00365345323 0.705882 0 1
v 0.0827248457 0.0166684411 0.00364505047 0.705882 0 1
v 0.0816800814 0.0177783484 0.00365154997 0.705882 0 1
v 0.0804649336 0.0187031377 0.00365134821 0.705882 0 1
v 0.0791144859 0.0194163588 0.00364899821 0 0.862745 0.862745
v 0.0776923109 0.0199724211 0.00364432364 0 0.862745 0.862745
v 0.0762266902 0.0204048715 0.00364355666 0 0.862745 0.862745
v 0.0747305139 0.020716293 0.00364796201 0 0.862745 0.862745
v 0.0732200982 0.0209499039 0.00365155532 0 0.862745 0.862745
v 0.0717007397 0.0211158699 0.0036474503 0 0.862745 0.862745
v 0.0701761922 0.0212264174 0.00365112365 0 0.862745 0.862745
v 0.0686494539 0.0213014599 0.00365356432 0 0.862745 0.862745
v 0.0671215939 0.0213485993 0.00365306181 1 0.470588 0
v 0.0655931893 0.0213739204 0.00365369402 1 0.470588 0
v 0.064064623 0.0213822561 0.00364567616 1 0.470588 0
v 0.0625360305 0.0213790496 0.00364675777 1 0.470588 0
v 0.0610074632 0.0213687262 0.00364640055 1 0.470588 0
v 0.0594789565 0.0213532404 0.00365059089 1 0.470588 0
v 0.0579504731 0.0213337266 0.00364431937 0.470588 1 0
v 0.056422096 0.0213120363 0.00363657039 0.470588 1 0
v 0.0548936608 0.0212900471 0.00363989836 0.470588 1 0
v 0.0533653052 0.0212676282 0.00365225821 0.470588 1 0
v 0.0518368447 0.0212453322 0.00365276829 0.470588 1 0
v 0.0503084856 0.0212230802 0.00364333363 0.470588 1 0
v 0.048780077 0.0212012004 0.00365378794 0.470588 1 0
v 0.047251726 0.0211791792 0.00363980596 0.470588 1 0
v 0.0457244962 0.0211566347 0.00363595265 1 0 0.705882
v 0.0441964451 0.0211342391 0.00365260127 1 0 0.705882
v 0.0426680267 0.0211122651 0.0036512299 1 0 0.705882
v 0.0411398561 0.021090188 0.00362993145 1 0 0.705882
v 0.0396114872 0.0210676187 0.00364490016 1 0 0.705882
v 0.0380830463 0.0210453 0.0036512728 1 0 0.705882
v 0.0365545794 0.0210230671 0.00365229127 0.313725 0.313725 1
v 0.0350261131 0.0210007895 0.00365333112 0.313725 0.313725 1
v 0.0334976466 0.0209785158 0.00365345412 0.313725 0.313725 1
v 0.0319691843 0.0209560628 0.00365226931 0.313725 0.313725 1
v 0.0304407278 0.0209337894 0.00364921406 0.313725 0.313725 1
v 0.0289122634 0.0209116873 0.00365209016 0.313725 0.313725 1
v 0.0273838319 0.0208894026 0.00364596319 0.313725 0.313725 1
v 0.0258553815 0.0208671168 0.00364383913 0.313725 0.313725 1
v 0.0243270889 0.0208447579 0.00364089393 0.705882 0.470588 0.156863
v 0.022798824 0.0208224603 0.00364451156 0.705882 0.470588 0.156863
v 0.021270436 0.0207978607 0.00365161035 0.705882 0.470588 0.156863
v 0.0197425002 0.0207542244 0.00365114271 0.705882 0.470588 0.156863
v 0.0182163134 0.0206753827 0.00363386546 0.705882 0.470588 0.156863
v 0.0166932347 0.0205465129 0.00362909739 0.705882 0.470588 0.156863
v 0.015172644 0.0203901813 0.00362548732 0.705882 0.470588 0.156863
v 0.0136538336 0.0202194134 0.00364522461 0.705882 0.470588 0.156863
v 0.0121355123 0.0200424367 0.00365105231 0.470588 0.470588 0.470588
v 0.0106179766 0.019858665 0.003651355 0.470588 0.470588 0.470588
v 0.00910164636 0.0196652821 0.00364702663 0.470588 0.470588 0.470588
v 0.00758592716 0.0194681224 0.00364139103 0.470588 0.470588 0.470588
v 0.0060718414 0.0192598352 0.00364724613 0.470588 0.470588 0.470588
v 0.0045584875 0.0190445357 0.00365125308 0.470588 0.470588 0.470588
v 0.003046 0.0188230524 0.00365135457 0.470588 0.470588 0.470588
v 0.0845617514 0.0125 0.00183692933 0.705882 0 1
v 0.0841324479 0.013967138 0.00183257793 0.705882 0 1
v 0.0835590296 0.0153827471 0.00183467832 0.705882 0 1
v 0.0827543198 0.0166807958 0.00182422855 0.705882 0 1
v 0.0817036108 0.0177875833 0.00180592224 0.705882 0 1
v 0.0804854782 0.018705645 0.00182422443 0.705882 0 1
v 0.079136542 0.0194231591 0.001833006 0 0.862745 0.862745
v 0.0777205345 0.0199962744 0.00181894581 0 0.862745 0.862745
v 0.0762495709 0.0204101091 0.00183574199 0 0.862745 0.862745
v 0.0747538891 0.0207256939 0.00182948835 0 0.862745 0.862745
v 0.0732430948 0.020958817 0.00181814838 0 0.862745 0.862745
v 0.0717234039 0.0211262518 0.00183414811 0 0.862745 0.862745
v 0.0701988894 0.0212413024 0.00181540092 0 0.862745 0.862745
v 0.0686718517 0.0213163598 0.00179271072 0 0.862745 0.862745
v 0.0671441779 0.021361963 0.00182446661 1 0.470588 0
v 0.0656153317 0.0213855888 0.00182948882 1 0.470588 0
v 0.0640862592 0.0213939864 0.00183219325 1 0.470588 0
v 0.0625571432 0.0213909215 0.00182697892 1 0.470588 0
v 0.0610284152 0.0213788359 0.0017931768 1 0.470588 0
v 0.059499616 0.021361926 0.00178709851 1 0.470588 0
v 0.057971049 0.0213418331 0.00182165251 0.470588 1 0
v 0.0564424984 0.02131983 0.00181681267 0.470588 1 0
v 0.0549135667 0.0212973662 0.00182959429 0.470588 1 0
v 0.0533845869 0.0212746713 0.00183529596 0.470588 1 0
v 0.0518555867 0.0212520671 0.00183435811 0.470588 1 0
v 0.0503272668 0.0212298399 0.00179650544 0.470588 1 0
v 0.0487985462 0.0212073249 0.00180384756 0.470588 1 0
v 0.0472700642 0.0211848444 0.00176968008 0.470588 1 0
v 0.0457428006 0.0211624078 0.00177232278 1 0 0.705882
v 0.0442148263 0.0211398445 0.00182428762 1 0 0.705882
v 0.0426861809 0.0211173023 0.00183299699 1 0 0.705882
v 0.0411572701 0.0210947041 0.00183227842 1 0 0.705882
v 0.0396282721 0.0210722832 0.00183587666 1 0 0.705882
v 0.0380992712 0.0210497058 0.001835655 1 0 0.705882
v 0.0365702699 0.0210271595 0.00183487475 0.313725 0.313725 1
v 0.0350412674 0.0210046751 0.00183556996 0.313725 0.313725 1
v 0.033512266 0.0209821447 0.00183677669 0.313725 0.313725 1
v 0.0319832638 0.0209596697 0.00183604662 0.313725 0.313725 1
v 0.0304543218 0.0209371312 0.00182582354 0.313725 0.313725 1
v 0.0289253465 0.02091469 0.00182785809 0.313725 0.313725 1
v 0.027396395 0.0208921645 0.00183106362 0.313725 0.313725 1
v 0.025868799 0.0208698018 0.00178536764 0.313725 0.313725 1
v 0.0243408375 0.0208473279 0.0018295038 0.705882 0.470588 0.156863
v 0.022811887 0.0208247298 0.0018238146 0.705882 0.470588 0.156863
v 0.0212830558 0.0208005472 0.00183566379 0.705882 0.470588 0.156863
v 0.0197545376 0.0207581442 0.00183424288 0.705882 0.470588 0.156863
v 0.0182276213 0.0206829372 0.00182584061 0.705882 0.470588 0.156863
v 0.0167042102 0.0205644265 0.00179266014 0.705882 0.470588 0.156863
v 0.0151825565 0.0204132275 0.00179474346 0.705882 0.470588 0.156863
v 0.0136624213 0.0202514541 0.00181780987 0.705882 0.470588 0.156863
v 0.0121432761 0.0200847018 0.00181012244 0.470588 0.470588 0.470588
v 0.010624906 0.0199077387 0.00183095795 0.470588 0.470588 0.470588
v 0.00910702022 0.0197245977 0.00183567519 0.470588 0.470588 0.470588
v 0.00759019471 0.0195326023 0.00181627935 0.470588 0.470588 0.470588
v 0.00607464322 0.0193327591 0.0018047304 0.470588 0.470588 0.470588
v 0.00456005769 0.0191236252 0.00181432909 0.470588 0.470588 0.470588
v 0.003046 0.0189107 0.0018365533 0.470588 0.470588 0.470588
v 0.0845685532 0.0125 1.99244951e-05 0.705882 0 1
v 0.0841364995 0.0139662651 1.99079435e-05 0.705882 0 1
v 0.0835711338 0.015385408 1.97685411e-05 0.705882 0 1
v 0.0827560326 0.0166746251 1.83888123e-05 0.705882 0 1
v 0.0817188269 0.0177944448 1.95652096e-05 0.705882 0 1
v 0.0805054652 0.0187207845 1.95991575e-05 0.705882 0 1
v 0.0791537582 0.0194331403 1.98665526e-05 0 0.862745 0.862745
v 0.0777356589 0.0200019971 1.94902134e-05 0 0.862745 0.862745
v 0.0762635365 0.0204130151 1.89072693e-05 0 0.862745 0.862745
v 0.0747680134 0.0207303316 1.89072693e-05 0 0.862745 0.862745
v 0.0732582236 0.0209698139 1.87903947e-05 0 0.862745 0.862745
v 0.0717383316 0.0211361307 1.87051791e-05 0 0.862745 0.862745
v 0.0702134244 0.0212477488 1.92069555e-05 0 0.862745 0.862745
v 0.0686861805 0.0213219739 1.99098544e-05 0 0.862745 0.862745
v 0.0671579109 0.0213715463 1.98266541e-05 1 0.470588 0
v 0.0656289865 0.0213933877 1.95156473e-05 1 0.470588 0
v 0.0640999085 0.0213993087 1.99233787e-05 1 0.470588 0
v 0.0625708239 0.0213947707 1.98617699e-05 1 0.470588 0
v 0.0610419403 0.0213819467 1.65017661e-05 1 0.470588 0
v 0.059513051 0.0213644427 1.8892982e-05 1 0.470588 0
v 0.0579841098 0.0213434587 1.94850653e-05 0.470588 1 0
v 0.0564551776 0.0213212185 1.97743299e-05 0.470588 1 0
v 0.0549262478 0.021298774 1.99004971e-05 0.470588 1 0
v 0.0533973149 0.0212765588 1.97100321e-05 0.470588 1 0
v 0.0518683863 0.0212540301 1.97100321e-05 0.470588 1 0
v 0.0503394573 0.021231548 1.97907395e-05 0.470588 1 0
v 0.0488105286 0.0212096764 1.75552854e-05 0.470588 1 0
v 0.0472815983 0.021187258 1.75961706e-05 0.470588 1 0
v 0.0457526701 0.021164758 1.82150422e-05 1 0 0.705882
v 0.0442237433 0.0211421324 1.87820168e-05 1 0 0.705882
v 0.0426948485 0.0211196015 1.99091319e-05 1 0 0.705882
v 0.0411659234 0.0210968929 1.96088138e-05 1 0 0.705882
v 0.0396369984 0.0210742467 1.99130868e-05 1 0 0.705882
v 0.0381080694 0.0210517439 1.99098027e-05 1 0 0.705882
v 0.0365791415 0.0210291647 1.98965263e-05 0.313725 0.313725 1
v 0.0350502154 0.0210064549 1.98575301e-05 0.313725 0.313725 1
v 0.0335212867 0.0209839293 1.99113778e-05 0.313725 0.313725 1
v 0.0319923596 0.0209612885 1.98994208e-05 0.313725 0.313725 1
v 0.0304634322 0.0209386719 1.99040849e-05 0.313725 0.313725 1
v 0.0289345064 0.0209159694 1.99077395e-05 0.313725 0.313725 1
v 0.0274055769 0.0208934962 1.98412645e-05 0.313725 0.313725 1
v 0.0258766483 0.0208709607 1.97723159e-05 0.313725 0.313725 1
v 0.0243477234 0.0208483414 1.90001342e-05 0.705882 0.470588 0.156863
v 0.0228188041 0.0208256782 1.97257242e-05 0.705882 0.470588 0.156863
v 0.0212899035 0.0208013543 1.97045476e-05 0.705882 0.470588 0.156863
v 0.0197613555 0.0207615407 1.97096195e-05 0.705882 0.470588 0.156863
v 0.0182341457 0.0206874709 1.99035055e-05 0.705882 0.470588 0.156863
v 0.0167097765 0.0205692043 1.8080748e-05 0.705882 0.470588 0.156863
v 0.015187993 0.02041993 1.81066875e-05 0.705882 0.470588 0.156863
v 0.0136670648 0.0202621177 1.83313082e-05 0.705882 0.470588 0.156863
v 0.0121468987 0.0200971998 1.99218187e-05 0.470588 0.470588 0.470588
v 0.0106274383 0.0199258713 1.97786726e-05 0.470588 0.470588 0.470588
v 0.00910885134 0.0197469812 1.83981218e-05 0.470588 0.470588 0.470588
v 0.00759165537 0.0195567587 1.96116905e-05 0.470588 0.470588 0.470588
v 0.0060753687 0.0193593248 1.9028172e-05 0.470588 0.470588 0.470588
v 0.00456073323 0.0191503612 1.83405829e-05 0.470588 0.470588 0.470588
v 0.003046 0.0189415718 1.99243403e-05 0.470588 0.470588 0.470588
v 0.0845619829 0.0125 -0.00179708084 0.705882 0 1
v 0.0841400495 0.0139690774 -0.00179428538 0.705882 0 1
v 0.0835555417 0.0153799326 -0.00179262824 0.705882 0 1
v 0.0827505669 0.0166773622 -0.00179346653 0.705882 0 1
v 0.0817128022 0.0177976301 -0.00177641321 0.705882 0 1
v 0.0804849284 0.0187054393 -0.00178275597 0.705882 0 1
v 0.0791459762 0.0194403494 -0.00178547498 0 0.862745 0.862745
v 0.0777190699 0.0199867287 -0.00177966232 0 0.862745 0.862745
v 0.0762507143 0.0204107638 -0.00177306904 0 0.862745 0.862745
v 0.0747548493 0.0207250634 -0.00178417015 0 0.862745 0.862745
v 0.0732445231 0.0209620792 -0.00177883261 0 0.862745 0.862745
v 0.0717249694 0.021131265 -0.00179078979 0 0.862745 0.862745
v 0.0702010746 0.021247294 -0.00176821757 0 0.862745 0.862745
v 0.0686743379 0.0213174673 -0.00177679922 0 0.862745 0.862745
v 0.0671460541 0.0213637571 -0.00178979505 1 0.470588 0
v 0.0656172065 0.0213869819 -0.00178969972 1 0.470588 0
v 0.0640880238 0.0213941567 -0.00179489108 1 0.470588 0
v 0.0625587873 0.0213889945 -0.00179318685 1 0.470588 0
v 0.0610296023 0.0213760779 -0.00179036893 1 0.470588 0
v 0.0595015781 0.0213584684 -0.00175752224 1 0.470588 0
v 0.0579732727 0.0213378181 -0.00178569598 0.470588 1 0
v 0.0564442412 0.0213160488 -0.00179671616 0.470588 1 0
v 0.0549151515 0.0212940723 -0.00179556087 0.470588 1 0
v 0.0533861303 0.0212719492 -0.00178144718 0.470588 1 0
v 0.0518571434 0.0212501079 -0.00179634608 0.470588 1 0
v 0.0503281367 0.0212280489 -0.0017811803 0.470588 1 0
v 0.0487999514 0.021205798 -0.00174099753 0.470588 1 0
v 0.0472720153 0.0211838737 -0.00176477775 0.470588 1 0
v 0.0457449924 0.0211615351 -0.00176862689 1 0 0.705882
v 0.0442169159 0.0211392632 -0.00178677886 1 0 0.705882
v 0.0426879836 0.0211171936 -0.00177936193 1 0 0.705882
v 0.041159094 0.0210946373 -0.00177375068 1 0 0.705882
v 0.0396300892 0.0210726291 -0.00178423071 1 0 0.705882
v 0.0381011117 0.0210502472 -0.00179452624 1 0 0.705882
v 0.0365720398 0.0210276575 -0.00179280537 0.313725 0.313725 1
v 0.0350429814 0.0210052171 -0.00178839312 0.313725 0.313725 1
v 0.0335139103 0.0209826084 -0.0017936679 0.313725 0.313725 1
v 0.0319848514 0.0209603067 -0.00178913416 0.313725 0.313725 1
v 0.0304558023 0.0209376734 -0.0017957831 0.313725 0.313725 1
v 0.0289267238 0.0209151705 -0.00179207973 0.313725 0.313725 1
v 0.0273976427 0.0208927004 -0.00179070083 0.313725 0.313725 1
v 0.0258687308 0.0208702257 -0.00177298555 0.313725 0.313725 1
v 0.0243400952 0.0208475923 -0.0017875626 0.705882 0.470588 0.156863
v 0.0228112184 0.020824966 -0.00176969153 0.705882 0.470588 0.156863
v 0.0212826433 0.0208000326 -0.00178335161 0.705882 0.470588 0.156863
v 0.0197541275 0.0207617816 -0.00178123057 0.705882 0.470588 0.156863
v 0.0182281679 0.0206861649 -0.00175838541 0.705882 0.470588 0.156863
v 0.0167046411 0.0205592097 -0.00175731676 0.705882 0.470588 0.156863
v 0.0151827827 0.0204100352 -0.0017646464 0.705882 0.470588 0.156863
v 0.0136620599 0.020251469 -0.00178076679 0.705882 0.470588 0.156863
v 0.0121420786 0.0200836599 -0.00178814591 0.470588 0.470588 0.470588
v 0.0106227505 0.0199100203 -0.00179585886 0.470588 0.470588 0.470588
v 0.00910433431 0.0197284329 -0.00179560432 0.470588 0.470588 0.470588
v 0.00758750522 0.0195343956 -0.00178547509 0.470588 0.470588 0.470588
v 0.00607368033 0.0193316637 -0.00178867675 0.470588 0.470588 0.470588
v 0.00455938712 0.0191245367 -0.00174650754 0.470588 0.470588 0.470588
v 0.003046 0.018912509 -0.00179675406 0.470588 0.470588 0.470588
v 0.0845469596 0.0125 -0.0036140393 0.705882 0 1
v 0.0841210845 0.0139670517 -0.00361257071 0.705882 0 1
v 0.0835354074 0.0153760074 -0.00360884938 0.705882 0 1
v 0.0827410775 0.0166788387 -0.00360476568 0.705882 0 1
v 0.0816843723 0.0177789268 -0.00360791657 0.705882 0 1
v 0.0804605487 0.0186908539 -0.00361244519 0.705882 0 1
v 0.0791225198 0.0194270303 -0.0036134137 0 0.862745 0.862745
v 0.0776958158 0.0199740828 -0.00360273875 0 0.862745 0.862745
v 0.0762281441 0.0204000872 -0.00360659626 0 0.862745 0.862745
v 0.0747333046 0.0207182116 -0.00359636995 0 0.862745 0.862745
v 0.0732223244 0.0209478691 -0.00359367971 0 0.862745 0.862745
v 0.0717028947 0.0211133242 -0.00360677423 0 0.862745 0.862745
v 0.0701787544 0.021227914 -0.00360322524 0 0.862745 0.862745
v 0.0686520142 0.0213020024 -0.00359329075 0 0.862745 0.862745
v 0.067124172 0.0213476595 -0.00360224642 1 0.470588 0
v 0.0655958528 0.0213722153 -0.00361030694 1 0.470588 0
v 0.0640673172 0.0213811007 -0.00360473164 1 0.470588 0
v 0.0625387191 0.0213779159 -0.00360006283 1 0.470588 0
v 0.0610101596 0.0213657557 -0.0036021271 1 0.470588 0
v 0.0594817672 0.0213481794 -0.00359833489 1 0.470588 0
v 0.0579533565 0.0213279879 -0.00361122574 0.470588 1 0
v 0.0564248937 0.0213063726 -0.0036099132 0.470588 1 0
v 0.0548964561 0.0212845618 -0.00360398594 0.470588 1 0
v 0.0533680065 0.0212627342 -0.00360247096 0.470588 1 0
v 0.0518395623 0.021240805 -0.00360947057 0.470588 1 0
v 0.0503111464 0.0212189497 -0.00360612138 0.470588 1 0
v 0.048782905 0.0211973132 -0.00358079455 0.470588 1 0
v 0.0472545419 0.0211753492 -0.00359034041 0.470588 1 0
v 0.0457262004 0.0211533197 -0.00360844924 1 0 0.705882
v 0.0441978005 0.0211313419 -0.00361128803 1 0 0.705882
v 0.0426693673 0.0211094833 -0.00360924293 1 0 0.705882
v 0.0411409594 0.0210875075 -0.00361135852 1 0 0.705882
v 0.0396125194 0.0210655963 -0.00361239547 1 0 0.705882
v 0.0380840793 0.021043678 -0.00360786474 1 0 0.705882
v 0.0365556752 0.0210216732 -0.00361249938 0.313725 0.313725 1
v 0.035027236 0.0209994072 -0.00360832441 0.313725 0.313725 1
v 0.0334989362 0.0209774714 -0.00359190268 0.313725 0.313725 1
v 0.0319706019 0.0209554129 -0.00360410332 0.313725 0.313725 1
v 0.0304422232 0.0209333231 -0.00361117935 0.313725 0.313725 1
v 0.0289138493 0.0209112093 -0.0036014817 0.313725 0.313725 1
v 0.0273854377 0.0208889871 -0.00361194632 0.313725 0.313725 1
v 0.0258572017 0.0208667967 -0.00359230676 0.313725 0.313725 1
v 0.0243289278 0.0208446452 -0.00360967077 0.705882 0.470588 0.156863
v 0.0228004807 0.0208223152 -0.00361253565 0.705882 0.470588 0.156863
v 0.0212721017 0.0207964854 -0.00360972948 0.705882 0.470588 0.156863
v 0.0197441212 0.0207538658 -0.00361075935 0.705882 0.470588 0.156863
v 0.0182178288 0.020675699 -0.00359153168 0.705882 0.470588 0.156863
v 0.0166952461 0.0205420934 -0.00358642822 0.705882 0.470588 0.156863
v 0.0151747505 0.0203862298 -0.00360353157 0.705882 0.470588 0.156863
v 0.0136553299 0.0202192474 -0.0036137532 0.705882 0.470588 0.156863
v 0.0121368004 0.0200451358 -0.00359626047 0.470588 0.470588 0.470588
v 0.0106193651 0.01986083 -0.00359587369 0.470588 0.470588 0.470588
v 0.00910293309 0.0196686358 -0.00360775383 0.470588 0.470588 0.470588
v 0.00758721217 0.0194705978 -0.00361179928 0.470588 0.470588 0.470588
v 0.00607323339 0.0192595977 -0.00360972886 0.470588 0.470588 0.470588
v 0.00455929388 0.0190506153 -0.00358904887 0.470588 0.470588 0.470588
v 0.003046 0.0188370348 -0.00361213978 0.470588 0.470588 0.470588
v 0.0845211275 0.0125 -0.00543087429 0 1 0
v 0.084099128 0.013968016 -0.0054305791 0 1 0
v 0.083519557 0.0153799198 -0.00542944648 0 1 0
v 0.0827048567 0.01666979 -0.00542310027 0 1 0
v 0.0816586055 0.0177798122 -0.00542738502 0 1 0
v 0.0804324838 0.0186890111 -0.00542357994 0 1 0
v 0.0790873423 0.0194094334 -0.00542942247 0 0.501961 1
v 0.0776628694 0.0199607989 -0.00542487356 0 0.501961 1
v 0.0761958315 0.0203863377 -0.00542985258 0 0.501961 1
v 0.0747012215 0.020702657 -0.00542964404 0 0.501961 1
v 0.0731910649 0.0209352689 -0.00542369121 0 0.501961 1
v 0.0716713718 0.0210957825 -0.00542484893 0 0.501961 1
v 0.0701474528 0.0212091952 -0.00542731518 0 0.501961 1
v 0.068621135 0.0212843207 -0.00542483798 0 0.501961 1
v 0.0670936802 0.0213311918 -0.00543049482 1 0.784314 0
v 0.0655656857 0.0213565979 -0.00542805772 1 0.784314 0
v 0.0640375024 0.0213662978 -0.00542659834 1 0.784314 0
v 0.0625092882 0.0213641631 -0.00542887237 1 0.784314 0
v 0.0609811086 0.021353098 -0.00542761851 1 0.784314 0
v 0.0594533637 0.0213362122 -0.00540950625 1 0.784314 0
v 0.0579253906 0.02131642 -0.00542597486 0.705882 0 1
v 0.0563973398 0.0212952694 -0.00542653124 0.705882 0 1
v 0.05486928 0.0212738674 -0.00542200732 0.705882 0 1
v 0.0533412666 0.0212523034 -0.00542664137 0.705882 0 1
v 0.0518132119 0.0212306727 -0.00542616095 0.705882 0 1
v 0.0502851719 0.0212091005 -0.00542487692 0.705882 0 1
v 0.0487571822 0.0211875138 -0.00540939479 0.705882 0 1
v 0.0472291375 0.0211658009 -0.00541656367 0.705882 0 1
v 0.0457011257 0.0211439842 -0.00542173863 0 0.862745 0.862745
v 0.0441730784 0.021122232 -0.00542213233 0 0.862745 0.862745
v 0.0426450425 0.0211005657 -0.0054310508 0 0.862745 0.862745
v 0.0411169828 0.0210789846 -0.00542746935 0 0.862745 0.862745
v 0.0395889909 0.0210573896 -0.00541318189 0 0.862745 0.862745
v 0.0380609488 0.021035552 -0.00541676898 0 0.862745 0.862745
v 0.0365329605 0.0210136494 -0.00543078235 1 0.470588 0
v 0.035004893 0.0209919926 -0.00542998981 1 0.470588 0
v 0.0334768287 0.020970333 -0.00542950978 1 0.470588 0
v 0.0319487645 0.0209486058 -0.00542903898 1 0.470588 0
v 0.0304206954 0.0209269632 -0.00542823228 1 0.470588 0
v 0.0288926317 0.0209052138 -0.00543067928 1 0.470588 0
v 0.027364575 0.020883481 -0.00542923207 1 0.470588 0
v 0.0258365849 0.0208617551 -0.00542126319 1 0.470588 0
v 0.0243085474 0.0208400452 -0.00542905735 0.470588 1 0
v 0.0227804844 0.0208181146 -0.00543027507 0.470588 1 0
v 0.0212524779 0.0207927535 -0.00543100048 0.470588 1 0
v 0.0197250021 0.0207481888 -0.00542096062 0.470588 1 0
v 0.018199696 0.0206556715 -0.00542114546 0.470588 1 0
v 0.0166783185 0.0205120158 -0.0054259154 0.470588 1 0
v 0.0151597022 0.0203420908 -0.00541101232 0.470588 1 0
v 0.0136420035 0.020163475 -0.00542096171 0.470588 1 0
v 0.0121256797 0.0199735182 -0.00542917058 1 0 0.705882
v 0.0106098374 0.0197794061 -0.00542776861 1 0 0.705882
v 0.00909540385 0.0195746543 -0.00542585193 1 0 0.705882
v 0.0075821328 0.0193617256 -0.00541961635 1 0 0.705882
v 0.00606947193 0.0191448548 -0.00541857314 1 0 0.705882
v 0.00455756069 0.0189224504 -0.00542330116 1 0 0.705882
v 0.003046 0.0186975098 -0.00542362813 1 0 0.705882
v 0.0844838338 0.0125 -0.00724751589 0 1 0
v 0.0840528918 0.0139649869 -0.00724609877 0 1 0
v 0.0834831115 0.0153809294 -0.00724551819 0 1 0
v 0.0826534288 0.0166607964 -0.00724509046 0 1 0
v 0.0816129962 0.0177752757 -0.00724566029 0 1 0
v 0.0803844729 0.0186792184 -0.00724623748 0 1 0
v 0.0790334221 0.0193886254 -0.00724667949 0 0.501961 1
v 0.0776120415 0.019944222 -0.00724440581 0 0.501961 1
v 0.0761453718 0.0203691971 -0.00724553872 0 0.501961 1
v 0.0746518341 0.020688436 -0.0072435532 0 0.501961 1
v 0.0731408734 0.020911937 -0.00723941217 0 0.501961 1
v 0.0716221719 0.0210752138 -0.00724437412 0 0.501961 1
v 0.070098695 0.0211856301 -0.00724145867 0 0.501961 1
v 0.0685728745 0.0212583176 -0.00724468226 0 0.501961 1
v 0.0670460504 0.0213063149 -0.00724659965 1 0.784314 0
v 0.065518683 0.0213328091 -0.00724725765 1 0.784314 0
v 0.0639911299 0.0213424989 -0.00724412548 1 0.784314 0
v 0.0624635394 0.0213424903 -0.00724291713 1 0.784314 0
v 0.0609359529 0.0213336137 -0.00724405069 1 0.784314 0
v 0.0594084123 0.0213191611 -0.00724702069 1 0.784314 0
v 0.0578809155 0.0213006148 -0.00724599401 0.705882 0 1
v 0.0563534355 0.0212806507 -0.00724581642 0.705882 0 1
v 0.0548259563 0.0212604563 -0.0072455507 0.705882 0 1
v 0.0532984902 0.0212395351 -0.00724555054 0.705882 0 1
v 0.0517710263 0.0212187917 -0.00724708173 0.705882 0 1
v 0.0502435648 0.0211978534 -0.00724305356 0.705882 0 1
v 0.048716136 0.0211775309 -0.00723175326 0.705882 0 1
v 0.047188714 0.0211563591 -0.00724287041 0.705882 0 1
v 0.0456612838 0.0211349019 -0.00724709833 0 0.862745 0.862745
v 0.0441338214 0.021113657 -0.00724572684 0 0.862745 0.862745
v 0.0426063589 0.0210925553 -0.00724590171 0 0.862745 0.862745
v 0.0410789495 0.0210712324 -0.00723887027 0 0.862745 0.862745
v 0.0395514934 0.021049762 -0.00724313708 0 0.862745 0.862745
v 0.0380240326 0.0210283492 -0.00724367655 0 0.862745 0.862745
v 0.0364965833 0.021006862 -0.00724563965 1 0.470588 0
v 0.0349691269 0.0209854214 -0.00724308065 1 0.470588 0
v 0.033441677 0.0209638776 -0.00724192267 1 0.470588 0
v 0.0319142262 0.0209425304 -0.00724627806 1 0.470588 0
v 0.0303867683 0.0209210357 -0.00724692489 1 0.470588 0
v 0.0288593078 0.0208994586 -0.00724806858 1 0.470588 0
v 0.0273318455 0.0208779948 -0.00724726553 1 0.470588 0
v 0.0258043849 0.0208565221 -0.0072452996 1 0.470588 0
v 0.0242769237 0.0208350165 -0.00724464229 0.470588 1 0
v 0.0227494703 0.0208130457 -0.00724510984 0.470588 1 0
v 0.0212221289 0.0207848653 -0.00724631491 0.470588 1 0
v 0.0196954971 0.0207320344 -0.00724557012 0.470588 1 0
v 0.018171986 0.0206228059 -0.00724602344 0.470588 1 0
v 0.0166529664 0.0204614663 -0.00724472515 0.470588 1 0
v 0.0151367471 0.0202753757 -0.00724147502 0.470588 1 0
v 0.0136214989 0.020081472 -0.00723809261 0.470588 1 0
v 0.0121079839 0.0198745019 -0.00724142096 1 0 0.705882
v 0.0105954574 0.0196604287 -0.00723883265 1 0 0.705882
v 0.00908393664 0.0194393362 -0.00723433964 1 0 0.705882
v 0.00757397317 0.0192078412 -0.00723497828 1 0 0.705882
v 0.00606424751 0.0189747875 -0.00723477589 1 0 0.705882
v 0.0045551247 0.0187378755 -0.00723236456 1 0 0.705882
v 0.003046 0.0185009694 -0.00722989378 1 0 0.705882
v 0.0844375017 0.0125 -0.00906395244 0 1 0
v 0.0840033068 0.0139633718 -0.00906277317 0 1 0
v 0.0834281701 0.0153763055 -0.00906225272 0 1 0
v 0.0825910028 0.0166513854 -0.00905716573 0 1 0
v 0.0815469015 0.0177614162 -0.00906155379 0 1 0
v 0.0803276767 0.0186768012 -0.0090632837 0 1 0
v 0.0789785805 0.0193893353 -0.00906363829 0 0.501961 1
v 0.0775494871 0.0199245666 -0.00906153859 0 0.501961 1
v 0.0760809529 0.0203411521 -0.00906326144 0 0.501961 1
v 0.074587648 0.0206573974 -0.00905342434 0 0.501961 1
v 0.0730779233 0.0208844461 -0.00906190199 0 0.501961 1
v 0.0715595094 0.0210445541 -0.0090611483 0 0.501961 1
v 0.0700365733 0.0211539598 -0.00906198855 0 0.501961 1
v 0.0685114228 0.021226582 -0.00906102105 0 0.501961 1
v 0.0669852843 0.0212748854 -0.00906379699 1 0.784314 0
v 0.0654585784 0.0212998693 -0.00906379041 1 0.784314 0
v 0.0639316745 0.0213072829 -0.00906282537 1 0.784314 0
v 0.0624047487 0.021307681 -0.00906438664 1 0.784314 0
v 0.0608778269 0.0213035229 -0.0090642835 1 0.784314 0
v 0.0593509573 0.021293083 -0.00905637258 1 0.784314 0
v 0.0578241603 0.0212771544 -0.00906139246 0.705882 0 1
v 0.0562973942 0.0212590019 -0.00905504152 0.705882 0 1
v 0.0547705881 0.0212399252 -0.00905533303 0.705882 0 1
v 0.0532437952 0.0212205422 -0.00905947036 0.705882 0 1
v 0.0517170026 0.0212005552 -0.00906301085 0.705882 0 1
v 0.0501902123 0.0211807742 -0.00906126449 0.705882 0 1
v 0.0486634156 0.021160926 -0.00906050219 0.705882 0 1
v 0.0471366191 0.0211413505 -0.00906196305 0.705882 0 1
v 0.0456098403 0.0211210299 -0.00905957385 0 0.862745 0.862745
v 0.0440830543 0.0211005904 -0.00906302864 0 0.862745 0.862745
v 0.0425562607 0.0210804168 -0.00906363812 0 0.862745 0.862745
v 0.0410294759 0.0210596939 -0.00906480402 0 0.862745 0.862745
v 0.0395026898 0.0210390527 -0.00906379496 0 0.862745 0.862745
v 0.0379759033 0.0210183388 -0.00906495848 0 0.862745 0.862745
v 0.0364491173 0.0209975473 -0.00906401962 1 0.470588 0
v 0.0349223374 0.0209762996 -0.00906337785 1 0.470588 0
v 0.033395551 0.0209557417 -0.00906463507 1 0.470588 0
v 0.0318687697 0.020934787 -0.00906354557 1 0.470588 0
v 0.0303419876 0.0209136882 -0.00906375876 1 0.470588 0
v 0.0288152061 0.0208925785 -0.00906500981 1 0.470588 0
v 0.0272884245 0.0208714342 -0.00906505614 1 0.470588 0
v 0.0257616684 0.0208500338 -0.00905919963 1 0.470588 0
v 0.0242349086 0.0208285311 -0.00905901592 0.470588 1 0
v 0.0227081576 0.0208057703 -0.00906222259 0.470588 1 0
v 0.0211816735 0.0207702669 -0.00906137203 0.470588 1 0
v 0.0196564846 0.0206997413 -0.00906282278 0.470588 1 0
v 0.0181351593 0.0205710447 -0.00906140077 0.470588 1 0
v 0.0166194429 0.0203867074 -0.00906082438 0.470588 1 0
v 0.0151065797 0.0201803731 -0.00904905365 0.470588 1 0
v 0.0135949926 0.0199647957 -0.0090531862 0.470588 1 0
v 0.0120851585 0.019737101 -0.00905463314 1 0 0.705882
v 0.0105769268 0.0194990186 -0.00904900497 1 0 0.705882
v 0.00906936616 0.0192566909 -0.00904592327 1 0 0.705882
v 0.00756264554 0.0190092151 -0.00904196479 1 0 0.705882
v 0.00605756459 0.0187519818 -0.00903812564 1 0 0.705882
v 0.00455177314 0.0184989348 -0.00903384009 1 0 0.705882
v 0.003046 0.0182457245 -0.00902878264 1 0 0.705882
v 0.084380647 0.0125 -0.0108800942 0 1 0
v 0.0839447025 0.0139620488 -0.0108795327 0 1 0
v 0.0833638388 0.0153713657 -0.0108783254 0 1 0
v 0.0825153334 0.0166393305 -0.0108702921 0 1 0
v 0.0814631349 0.0177398874 -0.0108757789 0 1 0
v 0.0802438357 0.0186523805 -0.0108784785 0 1 0
v 0.078894837 0.0193601989 -0.0108791963 0 0.501961 1
v 0.077468443 0.0198986907 -0.0108772619 0 0.501961 1
v 0.0760001811 0.020312472 -0.0108774921 0 0.501961 1
v 0.0745061082 0.0206222665 -0.0108740174 0 0.501961 1
v 0.0729971555 0.0208484773 -0.0108737387 0 0.501961 1
v 0.0714797913 0.0210097738 -0.0108767723 0 0.501961 1
v 0.0699579042 0.0211221281 -0.0108784804 0 0.501961 1
v 0.0684334295 0.0211922231 -0.0108769367 0 0.501961 1
v 0.0669080461 0.0212384414 -0.0108788962 1 0.784314 0
v 0.0653821401 0.0212613988 -0.0108808499 1 0.784314 0
v 0.0638560534 0.0212675042 -0.0108790918 1 0.784314 0
v 0.062329953 0.0212680787 -0.0108769622 1 0.784314 0
v 0.0608038524 0.0212654828 -0.0108758499 1 0.784314 0
v 0.0592777714 0.0212585073 -0.010876853 1 0.784314 0
v 0.0577517342 0.0212453715 -0.0108814789 0.705882 0 1
v 0.0562257134 0.0212296122 -0.0108806316 0.705882 0 1
v 0.0546997083 0.0212125033 -0.0108811877 0.705882 0 1
v 0.0531737067 0.021194895 -0.0108817052 0.705882 0 1
v 0.0516477148 0.0211766234 -0.0108815215 0.705882 0 1
v 0.0501217248 0.0211581443 -0.0108796718 0.705882 0 1
v 0.0485957361 0.0211395172 -0.0108804118 0.705882 0 1
v 0.047069753 0.0211204179 -0.010881148 0.705882 0 1
v 0.0455438152 0.0211011374 -0.0108791813 0 0.862745 0.862745
v 0.0440178463 0.0210816745 -0.0108819117 0 0.862745 0.862745
v 0.0424918707 0.0210618904 -0.0108815417 0 0.862745 0.862745
v 0.0409659101 0.0210422807 -0.0108756326 0 0.862745 0.862745
v 0.0394399694 0.0210226587 -0.0108744014 0 0.862745 0.862745
v 0.0379140066 0.0210026957 -0.0108766233 0 0.862745 0.862745
v 0.0363880418 0.020982713 -0.0108804441 1 0.470588 0
v 0.034862077 0.0209626473 -0.0108801457 1 0.470588 0
v 0.0333361224 0.0209427287 -0.0108761785 1 0.470588 0
v 0.0318101607 0.0209223349 -0.0108800671 1 0.470588 0
v 0.0302841946 0.0209019805 -0.0108812459 1 0.470588 0
v 0.0287582275 0.0208815567 -0.010881841 1 0.470588 0
v 0.0272322587 0.0208612903 -0.010881153 1 0.470588 0
v 0.0257063043 0.0208404144 -0.0108769818 1 0.470588 0
v 0.0241803583 0.0208192225 -0.0108818957 0.470588 1 0
v 0.022654468 0.0207939553 -0.0108809929 0.470588 1 0
v 0.0211292765 0.0207427654 -0.0108816321 0.470588 1 0
v 0.0196064737 0.0206451737 -0.010874862 0.470588 1 0
v 0.0180896568 0.0204786255 -0.010876628 0.470588 1 0
v 0.0165774381 0.0202737158 -0.010873332 0.470588 1 0
v 0.0150682532 0.020047262 -0.0108711789 0.470588 1 0
v 0.0135612763 0.0198066507 -0.0108674096 0.470588 1 0
v 0.0120564959 0.0195526443 -0.0108626836 1 0 0.705882
v 0.0105526455 0.0192931266 -0.0108567844 1 0 0.705882
v 0.00905052245 0.0190237631 -0.0108504099 1 0 0.705882
v 0.00754979311 0.0187470279 -0.0108375936 1 0 0.705882
v 0.00604962577 0.0184671104 -0.0108304698 1 0 0.705882
v 0.00454875805 0.0181908786 -0.0108244591 1 0 0.705882
v 0.003046 0.0179252069 -0.0108170976 1 0 0.705882
v 0.0843133041 0.0125 -0.0126958853 0 1 0
v 0.0838803881 0.0139625616 -0.0126957537 0 1 0
v 0.083295636 0.015369627 -0.012693587 0 1 0
v 0.0824570031 0.0166395123 -0.0126922068 0 1 0
v 0.0813989559 0.0177346662 -0.0126918281 0 1 0
v 0.0801790029 0.0186456073 -0.0126952898 0 1 0
v 0.0788256529 0.019346883 -0.0126942892 0 0.501961 1
v 0.0773965345 0.0198794291 -0.0126950329 0 0.501961 1
v 0.0759257535 0.0202831344 -0.0126960477 0 0.501961 1
v 0.074431539 0.0205904313 -0.0126966009 0 0.501961 1
v 0.0729231643 0.020817656 -0.0126935659 0 0.501961 1
v 0.0714058646 0.0209762885 -0.0126966926 0 0.501961 1
v 0.0698840099 0.0210830947 -0.0126930742 0 0.501961 1
v 0.0683600684 0.0211554489 -0.0126974368 0 0.501961 1
v 0.0668350286 0.0211993982 -0.012697418 1 0.784314 0
v 0.0653094698 0.0212195035 -0.0126970451 1 0.784314 0
v 0.0637837899 0.0212255627 -0.0126950783 1 0.784314 0
v 0.0622580929 0.0212254774 -0.0126961713 1 0.784314 0
v 0.0607323968 0.0212233482 -0.0126973301 1 0.784314 0
v 0.0592067098 0.0212177774 -0.0126980173 1 0.784314 0
v 0.0576810525 0.0212067166 -0.0126982305 0.705882 0 1
v 0.0561554204 0.0211926094 -0.012697972 0.705882 0 1
v 0.054629801 0.0211773416 -0.0126969574 0.705882 0 1
v 0.0531041759 0.0211624522 -0.0126975836 0.705882 0 1
v 0.0515785704 0.0211458541 -0.012697287 0.705882 0 1
v 0.0500529811 0.0211297261 -0.0126941216 0.705882 0 1
v 0.0485273896 0.0211128306 -0.012692768 0.705882 0 1
v 0.0470017888 0.0210960353 -0.0126889617 0.705882 0 1
v 0.0454762232 0.0210780351 -0.0126925409 0 0.862745 0.862745
v 0.0439506578 0.0210595097 -0.0126988124 0 0.862745 0.862745
v 0.0424250759 0.021041503 -0.0126951633 0 0.862745 0.862745
v 0.0408995055 0.0210224572 -0.012694331 0 0.862745 0.862745
v 0.03937393 0.0210035924 -0.0126976569 0 0.862745 0.862745
v 0.0378483502 0.0209845889 -0.0126979175 0 0.862745 0.862745
v 0.036322775 0.0209652364 -0.0126983504 1 0.470588 0
v 0.0347972016 0.0209457294 -0.012698552 1 0.470588 0
v 0.0332716285 0.0209261902 -0.0126988852 1 0.470588 0
v 0.031746058 0.0209065475 -0.0126986326 1 0.470588 0
v 0.030220488 0.0208868055 -0.012698199 1 0.470588 0
v 0.0286949183 0.0208670334 -0.0126979394 1 0.470588 0
v 0.0271693502 0.0208472335 -0.012696888 1 0.470588 0
v 0.0256437844 0.0208273031 -0.0126990034 1 0.470588 0
v 0.0241182513 0.020805104 -0.0126965769 0.470588 1 0
v 0.0225929868 0.0207699207 -0.0126989459 0.470588 1 0
v 0.0210691612 0.0206961778 -0.0126982524 0.470588 1 0
v 0.0195509604 0.0205471232 -0.0126913521 0.470588 1 0
v 0.0180386596 0.0203462242 -0.0126886375 0.470588 1 0
v 0.0165309182 0.0201128841 -0.0126862311 0.470588 1 0
v 0.0150264682 0.0198593205 -0.0126793483 0.470588 1 0
v 0.0135236638 0.0195963453 -0.0126724737 0.470588 1 0
v 0.0120249112 0.0193112089 -0.0126623448 1 0 0.705882
v 0.0105275199 0.0190190077 -0.0126520417 1 0 0.705882
v 0.00903235808 0.0187156447 -0.0126411587 1 0 0.705882
v 0.0075371129 0.0184128352 -0.0126289473 1 0 0.705882
v 0.00604162687 0.0181110631 -0.0126159218 1 0 0.705882
v 0.00454489316 0.0178155369 -0.0126031865 1 0 0.705882
v 0.003046 0.0175310991 -0.0125906893 1 0 0.705882
v 0.0842371456 0.0125 -0.0145113331 0 1 0
v 0.0838007464 0.0139608143 -0.0145097969 0 1 0
v 0.0832102634 0.015364924 -0.0145090362 0 1 0
v 0.082402229 0.016655433 -0.0145072739 0 1 0
v 0.0813229292 0.0177284856 -0.014507981 0 1 0
v 0.0800873321 0.018618743 -0.0145101697 0 1 0
v 0.0787379442 0.0193248694 -0.014512039 0 0.501961 1
v 0.0773070839 0.0198509331 -0.0145119479 0 0.501961 1
v 0.0758368196 0.0202553874 -0.0145127589 0 0.501961 1
v 0.074342848 0.0205617087 -0.0145123634 0 0.501961 1
v 0.0728332065 0.0207789986 -0.0145110294 0 0.501961 1
v 0.0713159318 0.0209340671 -0.0145131573 0 0.501961 1
v 0.0697943977 0.021040281 -0.0145136109 0 0.501961 1
v 0.0682707966 0.0211116495 -0.0145131329 0 0.501961 1
v 0.0667461075 0.0211546227 -0.014513052 1 0.784314 0
v 0.0652209594 0.0211761487 -0.0145140763 1 0.784314 0
v 0.0636956526 0.0211808926 -0.0145129655 1 0.784314 0
v 0.0621703349 0.0211808919 -0.0145136009 1 0.784314 0
v 0.0606450181 0.0211792363 -0.0145139998 1 0.784314 0
v 0.0591197164 0.0211736793 -0.0145101596 1 0.784314 0
v 0.0575944492 0.0211629944 -0.0145132947 0.705882 0 1
v 0.0560692134 0.0211494306 -0.0145084293 0.705882 0 1
v 0.0545439685 0.0211351273 -0.0145101628 0.705882 0 1
v 0.0530187255 0.0211206683 -0.0145142087 0.705882 0 1
v 0.0514934791 0.0211062315 -0.014514481 0.705882 0 1
v 0.0499682341 0.0210915439 -0.0145125193 0.705882 0 1
v 0.0484429902 0.0210766364 -0.0145132967 0.705882 0 1
v 0.0469177478 0.0210615141 -0.0145137149 0.705882 0 1
v 0.0453925079 0.0210461941 -0.0145147323 0 0.862745 0.862745
v 0.0438672749 0.0210305546 -0.0145131 0 0.862745 0.862745
v 0.0423420494 0.0210140347 -0.0145148879 0 0.862745 0.862745
v 0.0408168271 0.0209970173 -0.0145154881 0 0.862745 0.862745
v 0.0392916033 0.0209801341 -0.0145155343 0 0.862745 0.862745
v 0.0377663874 0.0209625146 -0.014515149 0 0.862745 0.862745
v 0.0362411773 0.0209443759 -0.0145153965 1 0.470588 0
v 0.034715971 0.0209260202 -0.0145136895 1 0.470588 0
v 0.0331907692 0.0209074711 -0.0145152392 1 0.470588 0
v 0.031665568 0.0208886239 -0.01451513 1 0.470588 0
v 0.0301403723 0.0208693474 -0.0145155767 1 0.470588 0
v 0.0286151742 0.0208502479 -0.0145144668 1 0.470588 0
v 0.0270899815 0.0208308915 -0.0145143987 1 0.470588 0
v 0.0255648104 0.020810192 -0.0145140785 1 0.470588 0
v 0.024039884 0.0207769517 -0.0145156005 0.470588 1 0
v 0.0225157815 0.0207177406 -0.0145150354 0.470588 1 0
v 0.0209958529 0.0205931059 -0.0145120991 0.470588 1 0
v 0.0194831399 0.0203979878 -0.0145047744 0.470588 1 0
v 0.01797704 0.0201569509 -0.0144959635 0.470588 1 0
v 0.0164753187 0.0198901447 -0.0144900779 0.470588 1 0
v 0.0149757347 0.0196112841 -0.0144815449 0.470588 1 0
v 0.0134804496 0.0193104671 -0.0144693675 0.470588 1 0
v 0.0119871059 0.0190003644 -0.0144570275 1 0 0.705882
v 0.0104977274 0.0186720022 -0.0144383845 1 0 0.705882
v 0.00900940588 0.0183388896 -0.0144188995 1 0 0.705882
v 0.00752174245 0.0180027527 -0.0143981034 1 0 0.705882
v 0.00603177431 0.0176768407 -0.0143811986 1 0 0.705882
v 0.00454025142 0.0173581415 -0.014362698 1 0 0.705882
v 0.003046 0.0170527295 -0.0143432501 1 0 0.705882
v 0.0841502564 0.0125 -0.0163263067 0.705882 0.470588 0.156863
v 0.0837159569 0.0139608695 -0.0163252775 0.705882 0.470588 0.156863
v 0.0831067679 0.0153557828 -0.0163247651 0.705882 0.470588 0.156863
v 0.082263231 0.0166225889 -0.0163219402 0.705882 0.470588 0.156863
v 0.0812086445 0.0177189014 -0.016324686 0.705882 0.470588 0.156863
v 0.079970324 0.0186045597 -0.0163250556 0.705882 0.470588 0.156863
v 0.0786131823 0.0192961797 -0.0163272625 0.470588 0.470588 0.470588
v 0.0771858713 0.019829712 -0.0163274092 0.470588 0.470588 0.470588
v 0.0757151752 0.020229022 -0.0163242719 0.470588 0.470588 0.470588
v 0.074219198 0.020521235 -0.0163224757 0.470588 0.470588 0.470588
v 0.0727103974 0.0207380147 -0.0163251682 0.470588 0.470588 0.470588
v 0.0711935521 0.0208898096 -0.016329072 0.470588 0.470588 0.470588
v 0.0696726599 0.0209948822 -0.0163301279 0.470588 0.470588 0.470588
v 0.0681497818 0.0210665126 -0.0163302221 0.470588 0.470588 0.470588
v 0.0666258108 0.0211098914 -0.0163278969 1 0 0
v 0.065101349 0.0211292861 -0.016329791 1 0 0
v 0.0635767488 0.021133932 -0.016330191 1 0 0
v 0.0620521394 0.0211349714 -0.0163303827 1 0 0
v 0.0605275312 0.0211336777 -0.016328989 1 0 0
v 0.0590029352 0.0211284671 -0.0163260732 1 0 0
v 0.0574783669 0.0211182503 -0.0163295952 0 1 0
v 0.0559538233 0.0211046412 -0.0163272153 0 1 0
v 0.054429283 0.0210903929 -0.016330179 0 1 0
v 0.052904739 0.0210762125 -0.0163304654 0 1 0
v 0.051380197 0.0210619887 -0.0163308124 0 1 0
v 0.0498556544 0.021047844 -0.0163288867 0 1 0
v 0.0483311126 0.0210334908 -0.016330132 0 1 0
v 0.0468065704 0.0210191703 -0.0163299518 0 1 0
v 0.0452820297 0.0210047023 -0.0163300001 0 0.501961 1
v 0.0437574907 0.0209903456 -0.0163320669 0 0.501961 1
v 0.0422329626 0.0209757358 -0.0163282058 0 0.501961 1
v 0.0407084333 0.0209609836 -0.0163236324 0 0.501961 1
v 0.0391839077 0.020945788 -0.0163275234 0 0.501961 1
v 0.037659381 0.0209304644 -0.0163289404 0 0.501961 1
v 0.0361348594 0.0209144418 -0.0163320795 1 0.784314 0
v 0.0346103412 0.0208980826 -0.0163297923 1 0.784314 0
v 0.0330858319 0.0208814496 -0.0163281152 1 0.784314 0
v 0.0315613252 0.0208643606 -0.0163328334 1 0.784314 0
v 0.0300368199 0.0208465228 -0.0163320041 1 0.784314 0
v 0.0285123229 0.0208280506 -0.0163324404 1 0.784314 0
v 0.0269878468 0.0208085953 -0.0163302695 1 0.784314 0
v 0.0254636025 0.0207761356 -0.0163324169 1 0.784314 0
v 0.0239402614 0.0207154725 -0.0163314342 0.705882 0 1
v 0.0224211093 0.0205894234 -0.0163274875 0.705882 0 1
v 0.0209079369 0.0204048149 -0.0163200867 0.705882 0 1
v 0.0194026613 0.0201637171 -0.0163081431 0.705882 0 1
v 0.0179034176 0.0198878582 -0.0162927578 0.705882 0 1
v 0.016407817 0.0195920607 -0.01628562 0.705882 0 1
v 0.0149168208 0.0192741629 -0.016269864 0.705882 0 1
v 0.0134293225 0.0189405495 -0.0162514878 0.705882 0 1
v 0.0119442133 0.0185966861 -0.016229718 0 0.862745 0.862745
v 0.0104624254 0.0182389572 -0.0162063535 0 0.862745 0.862745
v 0.00898166414 0.0178768571 -0.0161811718 0 0.862745 0.862745
v 0.00750139703 0.0175136213 -0.0161485152 0 0.862745 0.862745
v 0.0060193167 0.017157046 -0.0161256534 0 0.862745 0.862745
v 0.00453316025 0.0168179848 -0.0161008996 0 0.862745 0.862745
v 0.003046 0.0164838328 -0.0160685758 0 0.862745 0.862745
v 0.0840534767 0.0125 -0.0181407904 0.705882 0.470588 0.156863
v 0.0836151119 0.0139582101 -0.0181400852 0.705882 0.470588 0.156863
v 0.0830039256 0.0153513599 -0.0181381944 0.705882 0.470588 0.156863
v 0.0821636144 0.016619462 -0.0181334933 0.705882 0.470588 0.156863
v 0.0811013114 0.0177080056 -0.0181402053 0.705882 0.470588 0.156863
v 0.0798583734 0.018584433 -0.0181414042 0.705882 0.470588 0.156863
v 0.0785025414 0.0192744356 -0.0181434788 0.470588 0.470588 0.470588
v 0.0770737467 0.0198000295 -0.0181445725 0.470588 0.470588 0.470588
v 0.0756029724 0.0201949346 -0.0181435879 0.470588 0.470588 0.470588
v 0.0741074084 0.0204834101 -0.0181426724 0.470588 0.470588 0.470588
v 0.0725997709 0.0206999092 -0.0181438692 0.470588 0.470588 0.470588
v 0.0710839354 0.0208496763 -0.0181437589 0.470588 0.470588 0.470588
v 0.0695639919 0.0209508075 -0.0181457364 0.470588 0.470588 0.470588
v 0.068042241 0.021020042 -0.0181454382 0.470588 0.470588 0.470588
v 0.0665194268 0.0210597319 -0.0181465148 1 0 0
v 0.0649962109 0.0210790296 -0.0181464763 1 0 0
v 0.063472876 0.0210853028 -0.0181458369 1 0 0
v 0.0619495246 0.0210867079 -0.0181445264 1 0 0
v 0.0604261757 0.0210865173 -0.018145739 1 0 0
v 0.0589028313 0.0210822506 -0.0181474368 1 0 0
v 0.057379511 0.0210725861 -0.0181461913 0 1 0
v 0.0558562146 0.0210596449 -0.0181469957 0 1 0
v 0.054332924 0.021045989 -0.0181479302 0 1 0
v 0.052809634 0.0210321437 -0.0181480195 0 1 0
v 0.0512863454 0.0210182833 -0.0181472247 0 1 0
v 0.0497630576 0.021004469 -0.0181452877 0 1 0
v 0.048239774 0.0209904984 -0.0181441236 0 1 0
v 0.0467164876 0.0209764808 -0.0181457734 0 1 0
v 0.045193202 0.0209624617 -0.0181463296 0 0.501961 1
v 0.0436699152 0.0209483603 -0.0181469812 0 0.501961 1
v 0.042146641 0.0209342141 -0.0181438734 0 0.501961 1
v 0.0406233647 0.0209201489 -0.0181463362 0 0.501961 1
v 0.0391000815 0.0209058537 -0.0181446755 0 0.501961 1
v 0.0375767979 0.0208917403 -0.0181473731 0 0.501961 1
v 0.036053515 0.0208772994 -0.0181492228 1 0.784314 0
v 0.0345302373 0.020862648 -0.0181467725 1 0.784314 0
v 0.0330069676 0.0208478443 -0.0181474331 1 0.784314 0
v 0.0314836983 0.020832037 -0.018148633 1 0.784314 0
v 0.0299604648 0.0208134462 -0.0181487908 1 0.784314 0
v 0.0284372842 0.0207906413 -0.0181493527 1 0.784314 0
v 0.0269145932 0.0207468243 -0.018147927 1 0.784314 0
v 0.0253929032 0.020678737 -0.0181455533 1 0.784314 0
v 0.0238746035 0.0205562205 -0.0181408959 0.705882 0 1
v 0.0223633672 0.0203655881 -0.0181300211 0.705882 0 1
v 0.0208598571 0.0201215626 -0.0181143261 0.705882 0 1
v 0.0193618384 0.0198459112 -0.0180951779 0.705882 0 1
v 0.0178703537 0.0195369425 -0.0180781597 0.705882 0 1
v 0.016384034 0.0192038654 -0.0180595344 0.705882 0 1
v 0.0149016928 0.0188536385 -0.0180382189 0.705882 0 1
v 0.0134231184 0.0184880456 -0.0180118944 0.705882 0 1
v 0.0119489131 0.0181054267 -0.0179819688 0 0.862745 0.862745
v 0.0104769432 0.0177147109 -0.0179471929 0 0.862745 0.862745
v 0.00900640928 0.0173187442 -0.0179116256 0 0.862745 0.862745
v 0.00753586851 0.0169235353 -0.0178688764 0 0.862745 0.862745
v 0.00606160139 0.0165416996 -0.0178354422 0 0.862745 0.862745
v 0.00458234577 0.0161795897 -0.0178020622 0 0.862745 0.862745
v 0.00310141349 0.0158252731 -0.0177606253 0 0.862745 0.862745
v 0.0839496557 0.0125 -0.0199548882 0.705882 0.470588 0.156863
v 0.0835052129 0.0139373767 -0.019952547 0.705882 0.470588 0.156863
v 0.0828848481 0.015306666 -0.0199505584 0.705882 0.470588 0.156863
v 0.0820738206 0.0165720211 -0.0199488935 0.705882 0.470588 0.156863
v 0.0810405049 0.0176641046 -0.0199550924 0.705882 0.470588 0.156863
v 0.0798157141 0.0185357895 -0.019956736 0.705882 0.470588 0.156863
v 0.0784703938 0.0192060488 -0.0199580932 0.470588 0.470588 0.470588
v 0.077059184 0.0197274839 -0.019960034 0.470588 0.470588 0.470588
v 0.0756094751 0.0201308083 -0.0199602383 0.470588 0.470588 0.470588
v 0.0741322811 0.0204202147 -0.0199556647 0.470588 0.470588 0.470588
v 0.0726429901 0.020639395 -0.0199615243 0.470588 0.470588 0.470588
v 0.0711446807 0.0207860716 -0.0199620494 0.470588 0.470588 0.470588
v 0.0696429598 0.0208924177 -0.0199621254 0.470588 0.470588 0.470588
v 0.0681390173 0.0209610902 -0.0199613315 0.470588 0.470588 0.470588
v 0.0666340579 0.0210024445 -0.0199621183 1 0 0
v 0.0651286886 0.0210248193 -0.0199625498 1 0 0
v 0.0636231635 0.0210322367 -0.0199630449 1 0 0
v 0.0621176185 0.0210338873 -0.01996133 1 0 0
v 0.060612072 0.0210339898 -0.0199598948 1 0 0
v 0.0591065305 0.0210318211 -0.019962006 1 0 0
v 0.0576010048 0.0210242137 -0.0199639388 0 1 0
v 0.0560954976 0.0210133184 -0.0199636087 0 1 0
v 0.0545900023 0.0210012813 -0.0199607045 0 1 0
v 0.0530845081 0.0209889641 -0.0199628187 0 1 0
v 0.0515790125 0.0209767487 -0.0199646082 0 1 0
v 0.0500735188 0.0209643053 -0.0199641743 0 1 0
v 0.0485680263 0.0209516443 -0.0199646464 0 1 0
v 0.0470625355 0.0209387867 -0.0199649231 0 1 0
v 0.0455570533 0.0209257628 -0.0199645256 0 0.501961 1
v 0.0440515664 0.02091239 -0.0199643785 0 0.501961 1
v 0.0425460779 0.020899126 -0.0199648401 0 0.501961 1
v 0.0410405918 0.0208856247 -0.0199656381 0 0.501961 1
v 0.0395351063 0.0208720255 -0.0199651936 0 0.501961 1
v 0.0380296193 0.0208586345 -0.0199638426 0 0.501961 1
v 0.0365241397 0.0208446301 -0.0199656721 1 0.784314 0
v 0.0350186899 0.0208276948 -0.019964759 1 0.784314 0
v 0.0335132428 0.0208115952 -0.0199612511 1 0.784314 0
v 0.0320078231 0.0207933186 -0.0199638161 1 0.784314 0
v 0.0305026517 0.0207609411 -0.0199654194 1 0.784314 0
v 0.0289985614 0.0206974365 -0.0199628126 1 0.784314 0
v 0.0274950721 0.0206207675 -0.0199582927 1 0.784314 0
v 0.0259942129 0.0205041433 -0.0199521124 1 0.784314 0
v 0.0244981225 0.0203378191 -0.0199387889 0.705882 0 1
v 0.0230078788 0.0201249905 -0.0199223465 0.705882 0 1
v 0.0215241624 0.0198705454 -0.0199031905 0.705882 0 1
v 0.0200466416 0.0195824855 -0.0198819188 0.705882 0 1
v 0.0185760266 0.0192610789 -0.0198584452 0.705882 0 1
v 0.0171121552 0.0189103444 -0.0198313083 0.705882 0 1
v 0.0156538801 0.0185375308 -0.019798743 0.705882 0 1
v 0.0142020295 0.0181407231 -0.0197641272 0.705882 0 1
v 0.0127535319 0.0177323942 -0.0197230573 0 0.862745 0.862745
v 0.011308266 0.0173131953 -0.0196779771 0 0.862745 0.862745
v 0.00986422202 0.0168900999 -0.0196305537 0 0.862745 0.862745
v 0.00841842468 0.0164729751 -0.0195828339 0 0.862745 0.862745
v 0.0069718911 0.0160586876 -0.0195329431 0 0.862745 0.862745
v 0.00552015931 0.0156626589 -0.0194867319 0 0.862745 0.862745
v 0.00406261946 0.015288134 -0.0194435387 0 0.862745 0.862745
v 0.0838343339 0.0125 -0.0217683037 0.705882 0.470588 0.156863
v 0.0833805249 0.0139720308 -0.0217674539 0.705882 0.470588 0.156863
v 0.0827455408 0.015373774 -0.0217652004 0.705882 0.470588 0.156863
v 0.0818851645 0.0166493562 -0.0217646491 0.705882 0.470588 0.156863
v 0.0808010886 0.0177401877 -0.021769499 0.705882 0.470588 0.156863
v 0.0795260753 0.0186016688 -0.0217722864 0.705882 0.470588 0.156863
v 0.0781355255 0.0192634194 -0.0217747774 0.470588 0.470588 0.470588
v 0.076682483 0.0197745545 -0.0217761277 0.470588 0.470588 0.470588
v 0.0751897412 0.0201553702 -0.0217753219 0.470588 0.470588 0.470588
v 0.0736733232 0.0204302842 -0.0217719758 0.470588 0.470588 0.470588
v 0.0721448167 0.0206274256 -0.0217769429 0.470588 0.470588 0.470588
v 0.070610122 0.0207697452 -0.021776617 0.470588 0.470588 0.470588
v 0.0690717006 0.0208630777 -0.0217788744 0.470588 0.470588 0.470588
v 0.0675314456 0.0209202025 -0.02177864 0.470588 0.470588 0.470588
v 0.0659905036 0.0209549683 -0.0217786494 1 0 0
v 0.0644492568 0.0209723506 -0.0217776666 1 0 0
v 0.062907906 0.0209756954 -0.0217785085 1 0 0
v 0.0613665503 0.0209753666 -0.0217786131 1 0 0
v 0.0598251957 0.0209733213 -0.0217787433 1 0 0
v 0.0582838479 0.0209683448 -0.0217784572 1 0 0
v 0.0567425175 0.0209598221 -0.0217795841 0 1 0
v 0.0552011939 0.02094982 -0.0217791372 0 1 0
v 0.0536598733 0.0209393884 -0.0217796312 0 1 0
v 0.0521185516 0.020929151 -0.0217808194 0 1 0
v 0.0505772316 0.0209185466 -0.0217809966 0 1 0
v 0.0490359164 0.0209073232 -0.0217799688 0 1 0
v 0.0474946083 0.020895283 -0.0217808416 0 1 0
v 0.0459533393 0.0208839229 -0.0217767285 0 1 0
v 0.0444120631 0.0208705853 -0.0217815019 0 0.501961 1
v 0.0428707564 0.0208585062 -0.0217808321 0 0.501961 1
v 0.0413294843 0.020842804 -0.0217812652 0 0.501961 1
v 0.0397882246 0.0208266843 -0.0217800246 0 0.501961 1
v 0.0382469864 0.0208079238 -0.0217809692 0 0.501961 1
v 0.0367057524 0.0207888462 -0.0217815722 0 0.501961 1
v 0.0351648938 0.0207531783 -0.0217811294 1 0.784314 0
v 0.033624376 0.0207056038 -0.0217792542 1 0.784314 0
v 0.0320837857 0.020659872 -0.0217757152 1 0.784314 0
v 0.0305443313 0.0205852802 -0.0217716285 1 0.784314 0
v 0.02900676 0.0204797173 -0.0217648783 1 0.784314 0
v 0.0274734532 0.0203237755 -0.0217515504 1 0.784314 0
v 0.0259427544 0.0201445888 -0.0217287919 1 0.784314 0
v 0.0244183642 0.0199184006 -0.0217077251 1 0.784314 0
v 0.0228999159 0.0196551476 -0.0216819306 0.705882 0 1
v 0.0213849828 0.0193721955 -0.0216562663 0.705882 0 1
v 0.0198795988 0.0190430335 -0.0216253024 0.705882 0 1
v 0.018383392 0.0186747176 -0.0215901536 0.705882 0 1
v 0.0168937785 0.018280563 -0.0215538578 0.705882 0 1
v 0.0154128418 0.0178560222 -0.0215077879 0.705882 0 1
v 0.0139390295 0.017408488 -0.0214526532 0 0.862745 0.862745
v 0.0124692477 0.0169477095 -0.0213963435 0 0.862745 0.862745
v 0.011000749 0.0164837164 -0.02133357 0 0.862745 0.862745
v 0.00953134588 0.0160225383 -0.0212712859 0 0.862745 0.862745
v 0.00805855479 0.0155719568 -0.0212114794 0 0.862745 0.862745
v 0.0837114111 0.0125 -0.0235812291 0.705882 0.470588 0.156863
v 0.0832643142 0.0139602108 -0.0235800505 0.705882 0.470588 0.156863
v 0.0826342575 0.0153481913 -0.0235797473 0.705882 0.470588 0.156863
v 0.0817705368 0.0166032034 -0.0235790673 0.705882 0.470588 0.156863
v 0.0806900261 0.0176761436 -0.0235827208 0.705882 0.470588 0.156863
v 0.0794376191 0.0185461758 -0.0235869953 0.705882 0.470588 0.156863
v 0.0780666164 0.0192175661 -0.0235902509 0.470588 0.470588 0.470588
v 0.0766221242 0.0197137213 -0.02359108 0.470588 0.470588 0.470588
v 0.0751421236 0.0200912121 -0.0235907507 0.470588 0.470588 0.470588
v 0.0736396441 0.0203670268 -0.023588991 0.470588 0.470588 0.470588
v 0.0721242063 0.0205611422 -0.0235935138 0.470588 0.470588 0.470588
v 0.0706027972 0.0207018221 -0.0235938544 0.470588 0.470588 0.470588
v 0.0690781041 0.0208008937 -0.0235929694 0.470588 0.470588 0.470588
v 0.0675513438 0.0208620572 -0.0235940172 0.470588 0.470588 0.470588
v 0.0660236805 0.0208947732 -0.0235934463 1 0 0
v 0.064495754 0.0209112025 -0.0235950601 1 0 0
v 0.0629677358 0.0209145262 -0.0235951598 1 0 0
v 0.0614397123 0.0209127917 -0.0235933486 1 0 0
v 0.059911697 0.0209088462 -0.0235909164 1 0 0
v 0.0583836903 0.0209026183 -0.0235933216 1 0 0
v 0.0568556947 0.0208937837 -0.0235952887 0 1 0
v 0.0553276914 0.0208855226 -0.0235958298 0 1 0
v 0.0537997 0.0208757475 -0.0235962405 0 1 0
v 0.0522717109 0.0208653414 -0.0235964295 0 1 0
v 0.050743721 0.0208552374 -0.0235954176 0 1 0
v 0.0492157958 0.0208389128 -0.0235965102 0 1 0
v 0.0476877988 0.020831228 -0.0235971464 0 1 0
v 0.0461598294 0.0208197551 -0.0235967829 0 1 0
v 0.0446318914 0.0208045206 -0.0235934538 0 0.501961 1
v 0.0431040074 0.0207854441 -0.0235968276 0 0.501961 1
v 0.0415762398 0.0207582603 -0.0235946056 0 0.501961 1
v 0.0400485718 0.0207252895 -0.0235947079 0 0.501961 1
v 0.0385214193 0.0206744596 -0.0235913003 0 0.501961 1
v 0.0369943222 0.0206229083 -0.0235889187 0 0.501961 1
v 0.035468168 0.0205490057 -0.0235841485 1 0.784314 0
v 0.0339423305 0.0204684672 -0.0235785141 1 0.784314 0
v 0.0324175208 0.0203702038 -0.0235671585 1 0.784314 0
v 0.0308945757 0.0202471876 -0.0235545943 1 0.784314 0
v 0.0293742345 0.0200953657 -0.0235362479 1 0.784314 0
v 0.0278571336 0.0199145258 -0.0235139311 1 0.784314 0
v 0.0263431568 0.0197094548 -0.0234898667 1 0.784314 0
v 0.0248338482 0.0194731978 -0.0234602254 1 0.784314 0
v 0.0233305275 0.0192019357 -0.0234269788 0.705882 0 1
v 0.0218340907 0.0188950351 -0.0233925595 0.705882 0 1
v 0.0203462211 0.0185497661 -0.0233519733 0.705882 0 1
v 0.0188698004 0.0181597811 -0.0233037594 0.705882 0 1
v 0.0174025952 0.0177367352 -0.0232512415 0.705882 0 1
v 0.0159419891 0.0172912238 -0.0231983915 0.705882 0 1
v 0.0144904915 0.016818173 -0.023133913 0 0.862745 0.862745
v 0.0130424788 0.0163355419 -0.0230625301 0 0.862745 0.862745
v 0.0115943028 0.0158532269 -0.0229917283 0 0.862745 0.862745
v 0.0835801356 0.0125 -0.0253935735 0.705882 0.470588 0.156863
v 0.0831284142 0.0139543308 -0.0253930933 0.705882 0.470588 0.156863
v 0.0825199492 0.0153485288 -0.0253926909 0.705882 0.470588 0.156863
v 0.0816744384 0.0166107321 -0.0253930402 0.705882 0.470588 0.156863
v 0.0805774813 0.0176644608 -0.0253976936 0.705882 0.470588 0.156863
v 0.0793210926 0.0185224995 -0.0254017094 0.705882 0.470588 0.156863
v 0.0779498674 0.0191846802 -0.0254057187 0.470588 0.470588 0.470588
v 0.0765092396 0.0196775795 -0.0254067448 0.470588 0.470588 0.470588
v 0.075029794 0.0200395452 -0.0254082641 0.470588 0.470588 0.470588
v 0.0735309928 0.0203107997 -0.0254093612 0.470588 0.470588 0.470588
v 0.0720199624 0.0205038477 -0.025409114 0.470588 0.470588 0.470588
v 0.070502414 0.0206376748 -0.0254090594 0.470588 0.470588 0.470588
v 0.0689817201 0.0207300577 -0.0254102863 0.470588 0.470588 0.470588
v 0.067459493 0.0207921713 -0.0254107229 0.470588 0.470588 0.470588
v 0.0659362852 0.0208219278 -0.0254105987 1 0 0
v 0.0644127963 0.0208326484 -0.0254092655 1 0 0
v 0.0628892701 0.0208383319 -0.0254106206 1 0 0
v 0.0613657509 0.020833516 -0.0254101808 1 0 0
v 0.0598422634 0.0208239724 -0.0254064102 1 0 0
v 0.0583187889 0.0208121808 -0.0254085255 1 0 0
v 0.0567953091 0.0208007584 -0.0254084574 0 1 0
v 0.0552718467 0.0207865001 -0.02540839 0 1 0
v 0.0537484067 0.0207704888 -0.0254098654 0 1 0
v 0.0522249398 0.0207586785 -0.0254102301 0 1 0
v 0.0507015586 0.0207383345 -0.0254086827 0 1 0
v 0.0491783919 0.0207073644 -0.0254063266 0 1 0
v 0.0476552977 0.0206820401 -0.0254056962 0 1 0
v 0.0461320411 0.0206588313 -0.0254056539 0 1 0
v 0.0446091575 0.0206143068 -0.0254029466 0 0.501961 1
v 0.0430865499 0.0205641419 -0.0253986429 0 0.501961 1
v 0.041563812 0.0205192414 -0.0253926572 0 0.501961 1
v 0.0400424268 0.0204386797 -0.0253871646 0 0.501961 1
v 0.0385213646 0.0203527232 -0.0253774171 0 0.501961 1
v 0.0370003842 0.0202666093 -0.0253693047 0 0.501961 1
v 0.0354804885 0.020162485 -0.0253587173 1 0.784314 0
v 0.0339617849 0.0200421416 -0.0253439114 1 0.784314 0
v 0.0324442665 0.0199084904 -0.0253249387 1 0.784314 0
v 0.0309288447 0.0197533461 -0.0253019366 1 0.784314 0
v 0.029415814 0.0195765872 -0.0252771489 1 0.784314 0
v 0.0279054546 0.0193786667 -0.025249695 1 0.784314 0
v 0.0263993422 0.0191517946 -0.0252155776 1 0.784314 0
v 0.0248991197 0.0188891797 -0.0251787796 1 0.784314 0
v 0.0234047646 0.0185952315 -0.0251392056 0.705882 0 1
v 0.0219208016 0.0182546333 -0.0250901859 0.705882 0 1
v 0.0204466702 0.017873829 -0.0250366057 0.705882 0 1
v 0.0189831182 0.0174549275 -0.0249784132 0.705882 0 1
v 0.0175325154 0.0169943551 -0.0249101037 0.705882 0 1
v 0.0160866372 0.0165194639 -0.0248389093 0.705882 0 1
v 0.0146459601 0.0160295724 -0.0247638742 0 0.862745 0.862745
v 0.0834203107 0.0125000939 -0.027203615 0.470588 1 0
v 0.0829246191 0.0139272037 -0.0271977188 0.470588 1 0
v 0.0822996051 0.0153012028 -0.0271964578 0.470588 1 0
v 0.0814668946 0.0165603206 -0.0271999243 0.470588 1 0
v 0.0803834085 0.0176083095 -0.0272068032 0.470588 1 0
v 0.0791132249 0.0184239407 -0.0272094567 0.470588 1 0
v 0.0777537141 0.0190804344 -0.0272138562 1 0 0.705882
v 0.0763318224 0.0195882173 -0.0272187894 1 0 0.705882
v 0.0748593296 0.0199250578 -0.0272159501 1 0 0.705882
v 0.0733713442 0.0201871998 -0.0272183416 1 0 0.705882
v 0.0718724371 0.0203775939 -0.0272202512 1 0 0.705882
v 0.0703668545 0.0205048184 -0.0272196563 1 0 0.705882
v 0.0688583219 0.0205911013 -0.0272183227 1 0 0.705882
v 0.067348261 0.0206457695 -0.0272198821 1 0 0.705882
v 0.0658374693 0.0206720561 -0.0272197685 0.313725 0.313725 1
v 0.0643265125 0.0206788591 -0.0272202322 0.313725 0.313725 1
v 0.0628155027 0.0206720384 -0.0272192025 0.313725 0.313725 1
v 0.061304532 0.0206592612 -0.027218704 0.313725 0.313725 1
v 0.0597936299 0.020640883 -0.0272171104 0.313725 0.313725 1
v 0.0582827935 0.0206182524 -0.0272156351 0.313725 0.313725 1
v 0.0567723532 0.0205797911 -0.0272124531 0.705882 0.470588 0.156863
v 0.0552614554 0.0205590748 -0.0272112214 0.705882 0.470588 0.156863
v 0.0537509095 0.0205259122 -0.0272093648 0.705882 0.470588 0.156863
v 0.0522402703 0.0204941734 -0.0272064072 0.705882 0.470588 0.156863
v 0.0507300866 0.0204441745 -0.0272017693 0.705882 0.470588 0.156863
v 0.0492197895 0.0203981618 -0.027197041 0.705882 0.470588 0.156863
v 0.0477096755 0.0203455744 -0.0271902789 0.705882 0.470588 0.156863
v 0.0461996462 0.0202915139 -0.0271812866 0.705882 0.470588 0.156863
v 0.0446898963 0.0202292573 -0.027175824 0.470588 0.470588 0.470588
v 0.0431803934 0.0201618724 -0.0271688548 0.470588 0.470588 0.470588
v 0.0416719364 0.0200741007 -0.0271571752 0.470588 0.470588 0.470588
v 0.0401637465 0.0199816508 -0.0271448392 0.470588 0.470588 0.470588
v 0.0386561218 0.0198805358 -0.0271314616 0.470588 0.470588 0.470588
v 0.0371490645 0.019771539 -0.0271165311 0.470588 0.470588 0.470588
v 0.0356429625 0.0196502206 -0.0270994985 1 0 0
v 0.0341379323 0.0195165562 -0.0270809983 1 0 0
v 0.0326346789 0.019365091 -0.027055972 1 0 0
v 0.031133011 0.0191988943 -0.0270293938 1 0 0
v 0.0296338247 0.0190124583 -0.0269999356 1 0 0
v 0.0281393757 0.0187926649 -0.0269629581 1 0 0
v 0.0266498606 0.0185419861 -0.0269207557 1 0 0
v 0.0251650516 0.0182653899 -0.0268755875 1 0 0
v 0.0236870047 0.0179554479 -0.0268271024 0 1 0
v 0.0222206423 0.0175956542 -0.026768272 0 1 0
v 0.0207663414 0.0171911903 -0.026699721 0 1 0
v 0.0193211814 0.0167559556 -0.0266275378 0 1 0
v 0.0178871016 0.0162857266 -0.0265533329 0 0.501961 1
v 0.0829396225 0.012500077 -0.0289535166 0.470588 1 0
v 0.082415757 0.0139611848 -0.0289520443 0.470588 1 0
v 0.0817381244 0.0153547249 -0.0289547989 0.470588 1 0
v 0.0807933555 0.0165795975 -0.0289450944 0.470588 1 0
v 0.0796236237 0.0175924464 -0.0289661253 0.470588 1 0
v 0.0782847084 0.01837276 -0.0289766801 0.470588 1 0
v 0.0768616776 0.0189912696 -0.0289817642 1 0 0.705882
v 0.0753753544 0.0194359259 -0.0289953538 1 0 0.705882
v 0.0738555595 0.0197503097 -0.0289980333 1 0 0.705882
v 0.0723212751 0.0199855679 -0.0290039428 1 0 0.705882
v 0.0707751995 0.0201236504 -0.0290015058 1 0 0.705882
v 0.0692253987 0.0202149002 -0.0290006484 1 0 0.705882
v 0.0676744797 0.0202852232 -0.0290018479 1 0 0.705882
v 0.0661224796 0.020314911 -0.0290009439 1 0 0.705882
v 0.0645699612 0.0203127473 -0.0289982127 0.313725 0.313725 1
v 0.0630174249 0.0203126876 -0.0289982582 0.313725 0.313725 1
v 0.0614650981 0.0202910347 -0.0289960226 0.313725 0.313725 1
v 0.0599129215 0.0202600005 -0.0289915111 0.313725 0.313725 1
v 0.0583608379 0.0202227124 -0.0289861417 0.313725 0.313725 1
v 0.056808903 0.0201800758 -0.0289831606 0.313725 0.313725 1
v 0.0552573226 0.0201259604 -0.0289759799 0.705882 0.470588 0.156863
v 0.0537055014 0.0200799433 -0.0289702994 0.705882 0.470588 0.156863
v 0.052153814 0.0200294327 -0.0289621849 0.705882 0.470588 0.156863
v 0.0506023735 0.0199715083 -0.0289547747 0.705882 0.470588 0.156863
v 0.0490511948 0.0199073723 -0.0289456329 0.705882 0.470588 0.156863
v 0.0474999884 0.0198438762 -0.0289358761 0.705882 0.470588 0.156863
v 0.045949107 0.0197727784 -0.0289255998 0.705882 0.470588 0.156863
v 0.044398663 0.0196927283 -0.0289154826 0.705882 0.470588 0.156863
v 0.0428489428 0.0196002977 -0.0289004638 0.470588 0.470588 0.470588
v 0.0412995381 0.0195030166 -0.0288839865 0.470588 0.470588 0.470588
v 0.0397507235 0.0193965008 -0.0288697295 0.470588 0.470588 0.470588
v 0.0382027995 0.0192780288 -0.0288529689 0.470588 0.470588 0.470588
v 0.0366557028 0.0191499051 -0.0288312988 0.470588 0.470588 0.470588
v 0.0351096286 0.0190099152 -0.0288106205 0.470588 0.470588 0.470588
v 0.0335656202 0.0188498381 -0.0287837545 1 0 0
v 0.0320239697 0.0186696281 -0.028749708 1 0 0
v 0.0304847386 0.0184703353 -0.028713325 1 0 0
v 0.0289490364 0.0182459798 -0.0286745335 1 0 0
v 0.0274193068 0.0179852627 -0.0286270954 1 0 0
v 0.0258950883 0.0176954255 -0.0285717287 1 0 0
v 0.0243795554 0.0173641645 -0.0285127305 0 1 0
v 0.0228749425 0.0169882063 -0.028443006 0 1 0
v 0.0213815099 0.0165706067 -0.0283686078 0 0.501961 1
v 0.082074852 0.0125 -0.0305715464 0.470588 1 0
v 0.0815262499 0.0139002991 -0.0305590382 0.470588 1 0
v 0.0807993884 0.015214672 -0.0305530182 0.470588 1 0
v 0.0798361991 0.016366702 -0.0305676315 0.470588 1 0
v 0.0786490093 0.017287689 -0.03060518 0.470588 1 0
v 0.077325422 0.0180008514 -0.0306364321 0.470588 1 0
v 0.0759304348 0.0185601588 -0.0306638169 1 0 0.705882
v 0.0744832199 0.0189695286 -0.0306905876 1 0 0.705882
v 0.0730081007 0.0192648735 -0.0307062052 1 0 0.705882
v 0.0715155605 0.0194544641 -0.0307124943 1 0 0.705882
v 0.0700182886 0.0196018053 -0.0307232532 1 0 0.705882
v 0.0685167614 0.019697585 -0.0307303359 1 0 0.705882
v 0.0670131236 0.0197524591 -0.0307316748 1 0 0.705882
v 0.0655087978 0.0197830578 -0.0307365332 1 0 0.705882
v 0.0640041564 0.0197910126 -0.030738461 0.313725 0.313725 1
v 0.0624995217 0.0197812637 -0.0307372882 0.313725 0.313725 1
v 0.0609949822 0.0197626446 -0.0307361532 0.313725 0.313725 1
v 0.0594907624 0.0197270408 -0.0307315584 0.313725 0.313725 1
v 0.0579867693 0.0196827623 -0.0307251142 0.313725 0.313725 1
v 0.0564830353 0.019630861 -0.0307152755 0.313725 0.313725 1
v 0.0549791815 0.0195819333 -0.0307084273 0.705882 0.470588 0.156863
v 0.0534756641 0.0195241856 -0.0306998622 0.705882 0.470588 0.156863
v 0.0519721193 0.0194669252 -0.0306912429 0.705882 0.470588 0.156863
v 0.0504688241 0.0194036213 -0.0306815075 0.705882 0.470588 0.156863
v 0.0489656705 0.0193368788 -0.0306722817 0.705882 0.470588 0.156863
v 0.0474627194 0.0192659485 -0.0306609692 0.705882 0.470588 0.156863
v 0.0459601505 0.0191878685 -0.0306465031 0.470588 0.470588 0.470588
v 0.0444580171 0.019101906 -0.0306317264 0.470588 0.470588 0.470588
v 0.0429564547 0.0190065879 -0.0306162646 0.470588 0.470588 0.470588
v 0.0414553503 0.0189046176 -0.0305989953 0.470588 0.470588 0.470588
v 0.0399547664 0.0187953541 -0.0305810471 0.470588 0.470588 0.470588
v 0.0384550963 0.0186745526 -0.0305612068 0.470588 0.470588 0.470588
v 0.0369565397 0.0185409574 -0.0305390893 1 0 0
v 0.0354592605 0.0183943671 -0.030513113 1 0 0
v 0.0339636591 0.0182324949 -0.0304822468 1 0 0
v 0.0324709011 0.0180471541 -0.0304457333 1 0 0
v 0.0309808619 0.0178420442 -0.0304043326 1 0 0
v 0.0294941585 0.0176144948 -0.0303608315 1 0 0
v 0.0280120328 0.0173600886 -0.0303112802 0 1 0
v 0.0265356716 0.0170752439 -0.0302553402 0 1 0
v 0.0250676193 0.0167519017 -0.030191067 0 0.501961 1
v 0.0810293467 0.0125 -0.0320974005 0.470588 1 0
v 0.0804031828 0.013885639 -0.0320612056 0.470588 1 0
v 0.0795827165 0.0151636351 -0.0320709228 0.470588 1 0
v 0.078494331 0.0162174217 -0.0321347544 0.470588 1 0
v 0.0772202905 0.0170426858 -0.0322046689 0.470588 1 0
v 0.0758414319 0.0176815786 -0.0322602391 0.470588 1 0
v 0.0743978965 0.0181569322 -0.0323178576 1 0 0.705882
v 0.0729182815 0.0185095537 -0.0323584065 1 0 0.705882
v 0.0714168438 0.0187556314 -0.0323864906 1 0 0.705882
v 0.0699045035 0.0189244358 -0.0324070312 1 0 0.705882
v 0.0683873557 0.0190432332 -0.032423867 1 0 0.705882
v 0.0668672835 0.0191176405 -0.0324339613 1 0 0.705882
v 0.0653461167 0.0191636938 -0.0324444468 0.313725 0.313725 1
v 0.0638243248 0.0191833739 -0.0324509735 0.313725 0.313725 1
v 0.0623023773 0.0191818561 -0.032452966 0.313725 0.313725 1
v 0.0607805554 0.0191628275 -0.0324517146 0.313725 0.313725 1
v 0.059258907 0.0191333764 -0.0324470832 0.313725 0.313725 1
v 0.0577377954 0.0190835905 -0.0324428003 0.313725 0.313725 1
v 0.0562168126 0.0190303546 -0.0324323984 0.705882 0.470588 0.156863
v 0.0546960346 0.0189713759 -0.0324224266 0.705882 0.470588 0.156863
v 0.0531753792 0.0189095103 -0.0324119454 0.705882 0.470588 0.156863
v 0.0516550238 0.0188407871 -0.0324004854 0.705882 0.470588 0.156863
v 0.0501349027 0.0187675534 -0.0323876275 0.705882 0.470588 0.156863
v 0.0486148768 0.018692378 -0.0323736089 0.705882 0.470588 0.156863
v 0.047095211 0.0186110176 -0.0323555568 0.470588 0.470588 0.470588
v 0.0455759866 0.0185211347 -0.0323409612 0.470588 0.470588 0.470588
v 0.0440571272 0.0184254325 -0.032325073 0.470588 0.470588 0.470588
v 0.0425389473 0.0183200424 -0.0323059892 0.470588 0.470588 0.470588
v 0.0410214317 0.0182058241 -0.0322850124 0.470588 0.470588 0.470588
v 0.0395046397 0.0180824389 -0.0322636581 0.470588 0.470588 0.470588
v 0.0379888632 0.0179480808 -0.0322376652 1 0 0
v 0.0364746526 0.0177977483 -0.0322080655 1 0 0
v 0.0349619721 0.0176327982 -0.0321779096 1 0 0
v 0.0334515963 0.0174494606 -0.0321401247 1 0 0
v 0.0319449049 0.0172398841 -0.0320927881 1 0 0
v 0.0304407731 0.0170126808 -0.0320455872 1 0 0
v 0.0289399825 0.016764808 -0.0319959187 0 1 0
v 0.0799220836 0.0125 -0.0335822373 0.470588 1 0
v 0.0791991741 0.0138542044 -0.033538779 0.470588 1 0
v 0.0782580165 0.0150624924 -0.033590277 0.470588 1 0
v 0.0770428712 0.0159911068 -0.0337098392 0.470588 1 0
v 0.0757011477 0.0167285933 -0.0338159063 1 0 0.705882
v 0.0742741231 0.0172892143 -0.0339074529 1 0 0.705882
v 0.0727948439 0.0176998782 -0.0339789002 1 0 0.705882
v 0.0712852356 0.0179852973 -0.0340288928 1 0 0.705882
v 0.0697612593 0.0181846069 -0.0340629166 1 0 0.705882
v 0.0682312143 0.0183312562 -0.0340935366 1 0 0.705882
v 0.0666969668 0.0184277842 -0.0341134568 0.313725 0.313725 1
v 0.0651609127 0.0184914689 -0.0341318696 0.313725 0.313725 1
v 0.0636238615 0.0185250915 -0.0341439026 0.313725 0.313725 1
v 0.062086406 0.0185326776 -0.0341506015 0.313725 0.313725 1
v 0.0605490613 0.0185138469 -0.034149703 0.313725 0.313725 1
v 0.0590118708 0.0184835202 -0.0341468094 0.313725 0.313725 1
v 0.0574753002 0.0184305126 -0.0341398467 0.705882 0.470588 0.156863
v 0.0559390758 0.0183692406 -0.0341269975 0.705882 0.470588 0.156863
v 0.0544031589 0.0183006138 -0.0341152383 0.705882 0.470588 0.156863
v 0.0528672402 0.0182321184 -0.0341015 0.705882 0.470588 0.156863
v 0.0513317952 0.0181542823 -0.0340859569 0.705882 0.470588 0.156863
v 0.0497965276 0.0180726754 -0.0340711988 0.705882 0.470588 0.156863
v 0.0482616508 0.0179848212 -0.0340524141 0.470588 0.470588 0.470588
v 0.0467272657 0.017889289 -0.034031773 0.470588 0.470588 0.470588
v 0.0451928363 0.0177939025 -0.034013738 0.470588 0.470588 0.470588
v 0.0436591294 0.0176879356 -0.0339929425 0.470588 0.470588 0.470588
v 0.0421261144 0.0175733697 -0.0339675716 0.470588 0.470588 0.470588
v 0.0405939397 0.0174480688 -0.0339421038 0.470588 0.470588 0.470588
v 0.03906256 0.0173128004 -0.0339197956 1 0 0
v 0.0375324963 0.0171647507 -0.0338900908 1 0 0
v 0.0360043738 0.0169987973 -0.0338556537 1 0 0
v 0.0344781846 0.0168165591 -0.0338180006 1 0 0
v 0.0329538128 0.0166205059 -0.0337762912 0 1 0
v 0.0787518715 0.0125 -0.0350370363 0.470588 1 0
v 0.0779124671 0.0138010416 -0.0350189798 0.470588 1 0
v 0.0768114822 0.0148773595 -0.0351543576 0.470588 1 0
v 0.0755101069 0.0157041018 -0.035314544 0.470588 1 0
v 0.0741082502 0.0163532633 -0.0354580144 1 0 0.705882
v 0.072636294 0.0168316227 -0.0355674976 1 0 0.705882
v 0.0711205277 0.0171593221 -0.0356413924 1 0 0.705882
v 0.0695873304 0.0173972313 -0.0356967159 1 0 0.705882
v 0.068044876 0.0175709668 -0.0357399587 1 0 0.705882
v 0.0664969637 0.0176905607 -0.03577266 1 0 0.705882
v 0.0649461862 0.0177671502 -0.0357978641 0.313725 0.313725 1
v 0.063394119 0.0178125832 -0.0358162171 0.313725 0.313725 1
v 0.0618412736 0.0178187522 -0.0358224313 0.313725 0.313725 1
v 0.0602884278 0.0178051072 -0.0358246713 0.313725 0.313725 1
v 0.0587359753 0.0177680823 -0.0358187959 0.313725 0.313725 1
v 0.0571840791 0.0177127793 -0.0358115223 0.313725 0.313725 1
v 0.0556327693 0.0176441105 -0.035795529 0.705882 0.470588 0.156863
v 0.0540818977 0.0175659681 -0.0357800438 0.705882 0.470588 0.156863
v 0.0525309962 0.0174886204 -0.03576369 0.705882 0.470588 0.156863
v 0.0509803706 0.0174060862 -0.0357468812 0.705882 0.470588 0.156863
v 0.0494301945 0.0173158982 -0.0357278271 0.705882 0.470588 0.156863
v 0.0478803091 0.0172217136 -0.0357046188 0.705882 0.470588 0.156863
v 0.0463310802 0.0171175311 -0.0356802973 0.470588 0.470588 0.470588
v 0.0447823054 0.0170067004 -0.0356566047 0.470588 0.470588 0.470588
v 0.0432338668 0.0168910305 -0.0356338873 0.470588 0.470588 0.470588
v 0.041685984 0.0167686144 -0.0356092858 0.470588 0.470588 0.470588
v 0.0401392411 0.016633048 -0.0355817138 0.470588 0.470588 0.470588
v 0.0385931237 0.0164910358 -0.0355515786 0.470588 0.470588 0.470588
v 0.0370485356 0.0163334319 -0.0355208966 1 0 0
l 1 2
l 2 3
l 3 4
l 4 5
l 5 6
l 6 7
l 7 8
l 8 9
l 9 10
l 10 11
l 11 12
l 12 13
l 13 14
l 14 15
l 15 16
l 16 17
l 17 18
l 18 19
l 19 20
l 20 21
l 21 22
l 22 23
l 23 24
l 24 25
l 26 27
l 27 28
l 28 29
l 29 30
l 30 31
l 31 32
l 32 33
l 33 34
l 34 35
l 35 36
l 36 37
l 37 38
l 38 39
l 39 40
l 40 41
l 41 42
l 42 43
l 43 44
l 44 45
l 45 46
l 46 47
l 47 48
l 48 49
l 49 50
l 50 51
l 51 52
l 52 53
l 53 54
l 55 56
l 56 57
l 57 58
l 58 59
l 59 60
l 60 61
l 61 62
l 62 63
l 63 64
l 64 65
l 65 66
l 66 67
l 67 68
l 68 69
l 69 70
l 70 71
l 71 72
l 72 73
l 73 74
l 74 75
l 75 76
l 76 77
l 77 78
l 78 79
l 79 80
l 80 81
l 81 82
l 82 83
l 83 84
l 84 85
l 85 86
l 86 87
l 88 89
l 89 90
l 90 91
l 91 92
l 92 93
l 93 94
l 94 95
l 95 96
l 96 97
l 97 98
l 98 99
l 99 100
l 100 101
l 101 102
l 102 103
l 103 104
l 104 105
l 105 106
l 106 107
l 107 108
l 108 109
l 109 110
l 110 111
l 111 112
l 112 113
l 113 114
l 114 115
l 115 116
l 116 117
l 117 118
l 118 119
l 119 120
l 120 121
l 121 122
l 122 123
l 123 124
l 125 126
l 126 127
l 127 128
l 128 129
l 129 130
l 130 131
l 131 132
l 132 133
l 133 134
l 134 135
l 135 136
l 136 137
l 137 138
l 138 139
l 139 140
l 140 141
l 141 142
l 142 143
l 143 144
l 144 145
l 145 146
l 146 147
l 147 148
l 148 149
l 149 150
l 150 151
l 151 152
l 152 153
l 153 154
l 154 155
l 155 156
l 156 157
l 157 158
l 158 159
l 159 160
l 160 161
l 161 162
l 162 163
l 163 164
l 164 165
l 166 167
l 167 168
l 168 169
l 169 170
l 170 171
l 171 172
l 172 173
l 173 174
l 174 175
l 175 176
l 176 177
l 177 178
l 178 179
l 179 180
l 180 181
l 181 182
l 182 183
l 183 184
l 184 185
l 185 186
l 186 187
l 187 188
l 188 189
l 189 190
l 190 191
l 191 192
l 192 193
l 193 194
l 194 195
l 195 196
l 196 197
l 197 198
l 198 199
l 199 200
l 200 201
l 201 202
l 202 203
l 203 204
l 204 205
l 205 206
l 206 207
l 207 208
l 209 210
l 210 211
l 211 212
l 212 213
l 213 214
l 214 215
l 215 216
l 216 217
l 217 218
l 218 219
l 219 220
l 220 221
l 221 222
l 222 223
l 223 224
l 224 225
l 225 226
l 226 227
l 227 228
l 228 229
l 229 230
l 230 231
l 231 232
l 232 233
l 233 234
l 234 235
l 235 236
l 236 237
l 237 238
l 238 239
l 239 240
l 240 241
l 241 242
l 242 243
l 243 244
l 244 245
l 245 246
l 246 247
l 247 248
l 248 249
l 249 250
l 250 251
l 251 252
l 252 253
l 253 254
l 254 255
l 256 257
l 257 258
l 258 259
l 259 260
l 260 261
l 261 262
l 262 263
l 263 264
l 264 265
l 265 266
l 266 267
l 267 268
l 268 269
l 269 270
l 270 271
l 271 272
l 272 273
l 273 274
l 274 275
l 275 276
l 276 277
l 277 278
l 278 279
l 279 280
l 280 281
l 281 282
l 282 283
l 283 284
l 284 285
l 285 286
l 286 287
l 287 288
l 288 289
l 289 290
l 290 291
l 291 292
l 292 293
l 293 294
l 294 295
l 295 296
l 296 297
l 297 298
l 298 299
l 299 300
l 300 301
l 301 302
l 302 303
l 303 304
l 305 306
l 306 307
l 307 308
l 308 309
l 309 310
l 310 311
l 311 312
l 312 313
l 313 314
l 314 315
l 315 316
l 316 317
l 317 318
l 318 319
l 319 320
l 320 321
l 321 322
l 322 323
l 323 324
l 324 325
l 325 326
l 326 327
l 327 328
l 328 329
l 329 330
l 330 331
l 331 332
l 332 333
l 333 334
l 334 335
l 335 336
l 336 337
l 337 338
l 338 339
l 339 340
l 340 341
l 341 342
l 342 343
l 343 344
l 344 345
l 345 346
l 346 347
l 347 348
l 348 349
l 349 350
l 350 351
l 351 352
l 352 353
l 353 354
l 354 355
l 356 357
l 357 358
l 358 359
l 359 360
l 360 361
l 361 362
l 362 363
l 363 364
l 364 365
l 365 366
l 366 367
l 367 368
l 368 369
l 369 370
l 370 371
l 371 372
l 372 373
l 373 374
l 374 375
l 375 376
l 376 377
l 377 378
l 378 379
l 379 380
l 380 381
l 381 382
l 382 383
l 383 384
l 384 385
l 385 386
l 386 387
l 387 388
l 388 389
l 389 390
l 390 391
l 391 392
l 392 393
l 393 394
l 394 395
l 395 396
l 396 397
l 397 398
l 398 399
l 399 400
l 400 401
l 401 402
l 402 403
l 403 404
l 404 405
l 405 406
l 406 407
l 407 408
l 409 410
l 410 411
l 411 412
l 412 413
l 413 414
l 414 415
l 415 416
l 416 417
l 417 418
l 418 419
l 419 420
l 420 421
l 421 422
l 422 423
l 423 424
l 424 425
l 425 426
l 426 427
l 427 428
l 428 429
l 429 430
l 430 431
l 431 432
l 432 433
l 433 434
l 434 435
l 435 436
l 436 437
l 437 438
l 438 439
l 439 440
l 440 441
l 441 442
l 442 443
l 443 444
l 444 445
l 445 446
l 446 447
l 447 448
l 448 449
l 449 450
l 450 451
l 451 452
l 452 453
l 453 454
l 454 455
l 455 456
l 456 457
l 457 458
l 458 459
l 459 460
l 460 461
l 461 462
l 462 463
l 463 464
l 464 465
l 466 467
l 467 468
l 468 469
l 469 470
l 470 471
l 471 472
l 472 473
l 473 474
l 474 475
l 475 476
l 476 477
l 477 478
l 478 479
l 479 480
l 480 481
l 481 482
l 482 483
l 483 484
l 484 485
l 485 486
l 486 487
l 487 488
l 488 489
l 489 490
l 490 491
l 491 492
l 492 493
l 493 494
l 494 495
l 495 496
l 496 497
l 497 498
l 498 499
l 499 500
l 500 501
l 501 502
l 502 503
l 503 504
l 504 505
l 505 506
l 506 507
l 507 508
l 508 509
l 509 510
l 510 511
l 511 512
l 512 513
l 513 514
l 514 515
l 515 516
l 516 517
l 517 518
l 518 519
l 519 520
l 520 521
l 521 522
l 523 524
l 524 525
l 525 526
l 526 527
l 527 528
l 528 529
l 529 530
l 530 531
l 531 532
l 532 533
l 533 534
l 534 535
l 535 536
l 536 537
l 537 538
l 538 539
l 539 540
l 540 541
l 541 542
l 542 543
l 543 544
l 544 545
l 545 546
l 546 547
l 547 548
l 548 549
l 549 550
l 550 551
l 551 552
l 552 553
l 553 554
l 554 555
l 555 556
l 556 557
l 557 558
l 558 559
l 559 560
l 560 561
l 561 562
l 562 563
l 563 564
l 564 565
l 565 566
l 566 567
l 567 568
l 568 569
l 569 570
l 570 571
l 571 572
l 572 573
l 573 574
l 574 575
l 575 576
l 576 577
l 577 578
l 578 579
l 580 581
l 581 582
l 582 583
l 583 584
l 584 585
l 585 586
l 586 587
l 587 588
l 588 589
l 589 590
l 590 591
l 591 592
l 592 593
l 593 594
l 594 595
l 595 596
l 596 597
l 597 598
l 598 599
l 599 600
l 600 601
l 601 602
l 602 603
l 603 604
l 604 605
l 605 606
l 606 607
l 607 608
l 608 609
l 609 610
l 610 611
l 611 612
l 612 613
l 613 614
l 614 615
l 615 616
l 616 617
l 617 618
l 618 619
l 619 620
l 620 621
l 621 622
l 622 623
l 623 624
l 624 625
l 625 626
l 626 627
l 627 628
l 628 629
l 629 630
l 630 631
l 631 632
l 632 633
l 633 634
l 634 635
l 635 636
l 637 638
l 638 639
l 639 640
l 640 641
l 641 642
l 642 643
l 643 644
l 644 645
l 645 646
l 646 647
l 647 648
l 648 649
l 649 650
l 650 651
l 651 652
l 652 653
l 653 654
l 654 655
l 655 656
l 656 657
l 657 658
l 658 659
l 659 660
l 660 661
l 661 662
l 662 663
l 663 664
l 664 665
l 665 666
l 666 667
l 667 668
l 668 669
l 669 670
l 670 671
l 671 672
l 672 673
l 673 674
l 674 675
l 675 676
l 676 677
l 677 678
l 678 679
l 679 680
l 680 681
l 681 682
l 682 683
l 683 684
l 684 685
l 685 686
l 686 687
l 687 688
l 688 689
l 689 690
l 690 691
l 691 692
l 692 693
l 694 695
l 695 696
l 696 697
l 697 698
l 698 699
l 699 700
l 700 701
l 701 702
l 702 703
l 703 704
l 704 705
l 705 706
l 706 707
l 707 708
l 708 709
l 709 710
l 710 711
l 711 712
l 712 713
l 713 714
l 714 715
l 715 716
l 716 717
l 717 718
l 718 719
l 719 720
l 720 721
l 721 722
l 722 723
l 723 724
l 724 725
l 725 726
l 726 727
l 727 728
l 728 729
l 729 730
l 730 731
l 731 732
l 732 733
l 733 734
l 734 735
l 735 736
l 736 737
l 737 738
l 738 739
l 739 740
l 740 741
l 741 742
l 742 743
l 743 744
l 744 745
l 745 746
l 746 747
l 747 748
l 748 749
l 749 750
l 751 752
l 752 753
l 753 754
l 754 755
l 755 756
l 756 757
l 757 758
l 758 759
l 759 760
l 760 761
l 761 762
l 762 763
l 763 764
l 764 765
l 765 766
l 766 767
l 767 768
l 768 769
l 769 770
l 770 771
l 771 772
l 772 773
l 773 774
l 774 775
l 775 776
l 776 777
l 777 778
l 778 779
l 779 780
l 780 781
l 781 782
l 782 783
l 783 784
l 784 785
l 785 786
l 786 787
l 787 788
l 788 789
l 789 790
l 790 791
l 791 792
l 792 793
l 793 794
l 794 795
l 795 796
l 796 797
l 797 798
l 798 799
l 799 800
l 800 801
l 801 802
l 802 803
l 803 804
l 804 805
l 805 806
l 806 807
l 808 809
l 809 810
l 810 811
l 811 812
l 812 813
l 813 814
l 814 815
l 815 816
l 816 817
l 817 818
l 818 819
l 819 820
l 820 821
l 821 822
l 822 823
l 823 824
l 824 825
l 825 826
l 826 827
l 827 828
l 828 829
l 829 830
l 830 831
l 831 832
l 832 833
l 833 834
l 834 835
l 835 836
l 836 837
l 837 838
l 838 839
l 839 840
l 840 841
l 841 842
l 842 843
l 843 844
l 844 845
l 845 846
l 846 847
l 847 848
l 848 849
l 849 850
l 850 851
l 851 852
l 852 853
l 853 854
l 854 855
l 855 856
l 856 857
l 857 858
l 858 859
l 859 860
l 860 861
l 861 862
l 862 863
l 863 864
l 865 866
l 866 867
l 867 868
l 868 869
l 869 870
l 870 871
l 871 872
l 872 873
l 873 874
l 874 875
l 875 876
l 876 877
l 877 878
l 878 879
l 879 880
l 880 881
l 881 882
l 882 883
l 883 884
l 884 885
l 885 886
l 886 887
l 887 888
l 888 889
l 889 890
l 890 891
l 891 892
l 892 893
l 893 894
l 894 895
l 895 896
l 896 897
l 897 898
l 898 899
l 899 900
l 900 901
l 901 902
l 902 903
l 903 904
l 904 905
l 905 906
l 906 907
l 907 908
l 908 909
l 909 910
l 910 911
l 911 912
l 912 913
l 913 914
l 914 915
l 915 916
l 916 917
l 917 918
l 918 919
l 919 920
l 920 921
l 922 923
l 923 924
l 924 925
l 925 926
l 926 927
l 927 928
l 928 929
l 929 930
l 930 931
l 931 932
l 932 933
l 933 934
l 934 935
l 935 936
l 936 937
l 937 938
l 938 939
l 939 940
l 940 941
l 941 942
l 942 943
l 943 944
l 944 945
l 945 946
l 946 947
l 947 948
l 948 949
l 949 950
l 950 951
l 951 952
l 952 953
l 953 954
l 954 955
l 955 956
l 956 957
l 957 958
l 958 959
l 959 960
l 960 961
l 961 962
l 962 963
l 963 964
l 964 965
l 965 966
l 966 967
l 967 968
l 968 969
l 969 970
l 970 971
l 971 972
l 972 973
l 973 974
l 974 975
l 975 976
l 976 977
l 977 978
l 979 980
l 980 981
l 981 982
l 982 983
l 983 984
l 984 985
l 985 986
l 986 987
l 987 988
l 988 989
l 989 990
l 990 991
l 991 992
l 992 993
l 993 994
l 994 995
l 995 996
l 996 997
l 997 998
l 998 999
l 999 1000
l 1000 1001
l 1001 1002
l 1002 1003
l 1003 1004
l 1004 1005
l 1005 1006
l 1006 1007
l 1007 1008
l 1008 1009
l 1009 1010
l 1010 1011
l 1011 1012
l 1012 1013
l 1013 1014
l 1014 1015
l 1015 1016
l 1016 1017
l 1017 1018
l 1018 1019
l 1019 1020
l 1020 1021
l 1021 1022
l 1022 1023
l 1023 1024
l 1024 1025
l 1025 1026
l 1026 1027
l 1027 1028
l 1028 1029
l 1029 1030
l 1030 1031
l 1031 1032
l 1032 1033
l 1033 1034
l 1034 1035
l 1036 1037
l 1037 1038
l 1038 1039
l 1039 1040
l 1040 1041
l 1041 1042
l 1042 1043
l 1043 1044
l 1044 1045
l 1045 1046
l 1046 1047
l 1047 1048
l 1048 1049
l 1049 1050
l 1050 1051
l 1051 1052
l 1052 1053
l 1053 1054
l 1054 1055
l 1055 1056
l 1056 1057
l 1057 1058
l 1058 1059
l 1059 1060
l 1060 1061
l 1061 1062
l 1062 1063
l 1063 1064
l 1064 1065
l 1065 1066
l 1066 1067
l 1067 1068
l 1068 1069
l 1069 1070
l 1070 1071
l 1071 1072
l 1072 1073
l 1073 1074
l 1074 1075
l 1075 1076
l 1076 1077
l 1077 1078
l 1078 1079
l 1079 1080
l 1080 1081
l 1081 1082
l 1082 1083
l 1083 1084
l 1084 1085
l 1085 1086
l 1086 1087
l 1087 1088
l 1088 1089
l 1089 1090
l 1090 1091
l 1091 1092
l 1093 1094
l 1094 1095
l 1095 1096
l 1096 1097
l 1097 1098
l 1098 1099
l 1099 1100
l 1100 1101
l 1101 1102
l 1102 1103
l 1103 1104
l 1104 1105
l 1105 1106
l 1106 1107
l 1107 1108
l 1108 1109
l 1109 1110
l 1110 1111
l 1111 1112
l 1112 1113
l 1113 1114
l 1114 1115
l 1115 1116
l 1116 1117
l 1117 1118
l 1118 1119
l 1119 1120
l 1120 1121
l 1121 1122
l 1122 1123
l 1123 1124
l 1124 1125
l 1125 1126
l 1126 1127
l 1127 1128
l 1128 1129
l 1129 1130
l 1130 1131
l 1131 1132
l 1132 1133
l 1133 1134
l 1134 1135
l 1135 1136
l 1136 1137
l 1137 1138
l 1138 1139
l 1139 1140
l 1140 1141
l 1141 1142
l 1142 1143
l 1143 1144
l 1144 1145
l 1145 1146
l 1146 1147
l 1147 1148
l 1148 1149
l 1150 1151
l 1151 1152
l 1152 1153
l 1153 1154
l 1154 1155
l 1155 1156
l 1156 1157
l 1157 1158
l 1158 1159
l 1159 1160
l 1160 1161
l 1161 1162
l 1162 1163
l 1163 1164
l 1164 1165
l 1165 1166
l 1166 1167
l 1167 1168
l 1168 1169
l 1169 1170
l 1170 1171
l 1171 1172
l 1172 1173
l 1173 1174
l 1174 1175
l 1175 1176
l 1176 1177
l 1177 1178
l 1178 1179
l 1179 1180
l 1180 1181
l 1181 1182
l 1182 1183
l 1183 1184
l 1184 1185
l 1185 1186
l 1186 1187
l 1187 1188
l 1188 1189
l 1189 1190
l 1190 1191
l 1191 1192
l 1192 1193
l 1193 1194
l 1194 1195
l 1195 1196
l 1196 1197
l 1197 1198
l 1198 1199
l 1199 1200
l 1200 1201
l 1201 1202
l 1202 1203
l 1203 1204
l 1204 1205
l 1205 1206
l 1207 1208
l 1208 1209
l 1209 1210
l 1210 1211
l 1211 1212
l 1212 1213
l 1213 1214
l 1214 1215
l 1215 1216
l 1216 1217
l 1217 1218
l 1218 1219
l 1219 1220
l 1220 1221
l 1221 1222
l 1222 1223
l 1223 1224
l 1224 1225
l 1225 1226
l 1226 1227
l 1227 1228
l 1228 1229
l 1229 1230
l 1230 1231
l 1231 1232
l 1232 1233
l 1233 1234
l 1234 1235
l 1235 1236
l 1236 1237
l 1237 1238
l 1238 1239
l 1239 1240
l 1240 1241
l 1241 1242
l 1242 1243
l 1243 1244
l 1244 1245
l 1245 1246
l 1246 1247
l 1247 1248
l 1248 1249
l 1249 1250
l 1250 1251
l 1251 1252
l 1252 1253
l 1253 1254
l 1254 1255
l 1255 1256
l 1256 1257
l 1257 1258
l 1258 1259
l 1259 1260
l 1260 1261
l 1261 1262
l 1262 1263
l 1264 1265
l 1265 1266
l 1266 1267
l 1267 1268
l 1268 1269
l 1269 1270
l 1270 1271
l 1271 1272
l 1272 1273
l 1273 1274
l 1274 1275
l 1275 1276
l 1276 1277
l 1277 1278
l 1278 1279
l 1279 1280
l 1280 1281
l 1281 1282
l 1282 1283
l 1283 1284
l 1284 1285
l 1285 1286
l 1286 1287
l 1287 1288
l 1288 1289
l 1289 1290
l 1290 1291
l 1291 1292
l 1292 1293
l 1293 1294
l 1294 1295
l 1295 1296
l 1296 1297
l 1297 1298
l 1298 1299
l 1299 1300
l 1300 1301
l 1301 1302
l 1302 1303
l 1303 1304
l 1304 1305
l 1305 1306
l 1306 1307
l 1307 1308
l 1308 1309
l 1309 1310
l 1310 1311
l 1311 1312
l 1312 1313
l 1313 1314
l 1314 1315
l 1315 1316
l 1316 1317
l 1317 1318
l 1318 1319
l 1319 1320
l 1321 1322
l 1322 1323
l 1323 1324
l 1324 1325
l 1325 1326
l 1326 1327
l 1327 1328
l 1328 1329
l 1329 1330
l 1330 1331
l 1331 1332
l 1332 1333
l 1333 1334
l 1334 1335
l 1335 1336
l 1336 1337
l 1337 1338
l 1338 1339
l 1339 1340
l 1340 1341
l 1341 1342
l 1342 1343
l 1343 1344
l 1344 1345
l 1345 1346
l 1346 1347
l 1347 1348
l 1348 1349
l 1349 1350
l 1350 1351
l 1351 1352
l 1352 1353
l 1353 1354
l 1354 1355
l 1355 1356
l 1356 1357
l 1357 1358
l 1358 1359
l 1359 1360
l 1360 1361
l 1361 1362
l 1362 1363
l 1363 1364
l 1364 1365
l 1365 1366
l 1366 1367
l 1367 1368
l 1368 1369
l 1369 1370
l 1370 1371
l 1371 1372
l 1372 1373
l 1373 1374
l 1374 1375
l 1375 1376
l 1376 1377
l 1378 1379
l 1379 1380
l 1380 1381
l 1381 1382
l 1382 1383
l 1383 1384
l 1384 1385
l 1385 1386
l 1386 1387
l 1387 1388
l 1388 1389
l 1389 1390
l 1390 1391
l 1391 1392
l 1392 1393
l 1393 1394
l 1394 1395
l 1395 1396
l 1396 1397
l 1397 1398
l 1398 1399
l 1399 1400
l 1400 1401
l 1401 1402
l 1402 1403
l 1403 1404
l 1404 1405
l 1405 1406
l 1406 1407
l 1407 1408
l 1408 1409
l 1409 1410
l 1410 1411
l 1411 1412
l 1412 1413
l 1413 1414
l 1414 1415
l 1415 1416
l 1416 1417
l 1417 1418
l 1418 1419
l 1419 1420
l 1420 1421
l 1421 1422
l 1422 1423
l 1423 1424
l 1424 1425
l 1425 1426
l 1426 1427
l 1427 1428
l 1428 1429
l 1429 1430
l 1430 1431
l 1431 1432
l 1432 1433
l 1433 1434
l 1435 1436
l 1436 1437
l 1437 1438
l 1438 1439
l 1439 1440
l 1440 1441
l 1441 1442
l 1442 1443
l 1443 1444
l 1444 1445
l 1445 1446
l 1446 1447
l 1447 1448
l 1448 1449
l 1449 1450
l 1450 1451
l 1451 1452
l 1452 1453
l 1453 1454
l 1454 1455
l 1455 1456
l 1456 1457
l 1457 1458
l 1458 1459
l 1459 1460
l 1460 1461
l 1461 1462
l 1462 1463
l 1463 1464
l 1464 1465
l 1465 1466
l 1466 1467
l 1467 1468
l 1468 1469
l 1469 1470
l 1470 1471
l 1471 1472
l 1472 1473
l 1473 1474
l 1474 1475
l 1475 1476
l 1476 1477
l 1477 1478
l 1478 1479
l 1479 1480
l 1480 1481
l 1481 1482
l 1482 1483
l 1483 1484
l 1484 1485
l 1485 1486
l 1486 1487
l 1487 1488
l 1488 1489
l 1489 1490
l 1490 1491
l 1492 1493
l 1493 1494
l 1494 1495
l 1495 1496
l 1496 1497
l 1497 1498
l 1498 1499
l 1499 1500
l 1500 1501
l 1501 1502
l 1502 1503
l 1503 1504
l 1504 1505
l 1505 1506
l 1506 1507
l 1507 1508
l 1508 1509
l 1509 1510
l 1510 1511
l 1511 1512
l 1512 1513
l 1513 1514
l 1514 1515
l 1515 1516
l 1516 1517
l 1517 1518
l 1518 1519
l 1519 1520
l 1520 1521
l 1521 1522
l 1522 1523
l 1523 1524
l 1524 1525
l 1525 1526
l 1526 1527
l 1527 1528
l 1528 1529
l 1529 1530
l 1530 1531
l 1531 1532
l 1532 1533
l 1533 1534
l 1534 1535
l 1535 1536
l 1536 1537
l 1537 1538
l 1538 1539
l 1539 1540
l 1540 1541
l 1541 1542
l 1542 1543
l 1543 1544
l 1544 1545
l 1545 1546
l 1546 1547
l 1547 1548
l 1549 1550
l 1550 1551
l 1551 1552
l 1552 1553
l 1553 1554
l 1554 1555
l 1555 1556
l 1556 1557
l 1557 1558
l 1558 1559
l 1559 1560
l 1560 1561
l 1561 1562
l 1562 1563
l 1563 1564
l 1564 1565
l 1565 1566
l 1566 1567
l 1567 1568
l 1568 1569
l 1569 1570
l 1570 1571
l 1571 1572
l 1572 1573
l 1573 1574
l 1574 1575
l 1575 1576
l 1576 1577
l 1577 1578
l 1578 1579
l 1579 1580
l 1580 1581
l 1581 1582
l 1582 1583
l 1583 1584
l 1584 1585
l 1585 1586
l 1586 1587
l 1587 1588
l 1588 1589
l 1589 1590
l 1590 1591
l 1591 1592
l 1592 1593
l 1593 1594
l 1594 1595
l 1595 1596
l 1596 1597
l 1597 1598
l 1598 1599
l 1599 1600
l 1600 1601
l 1601 1602
l 1602 1603
l 1603 1604
l 1604 1605
l 1606 1607
l 1607 1608
l 1608 1609
l 1609 1610
l 1610 1611
l 1611 1612
l 1612 1613
l 1613 1614
l 1614 1615
l 1615 1616
l 1616 1617
l 1617 1618
l 1618 1619
l 1619 1620
l 1620 1621
l 1621 1622
l 1622 1623
l 1623 1624
l 1624 1625
l 1625 1626
l 1626 1627
l 1627 1628
l 1628 1629
l 1629 1630
l 1630 1631
l 1631 1632
l 1632 1633
l 1633 1634
l 1634 1635
l 1635 1636
l 1636 1637
l 1637 1638
l 1638 1639
l 1639 1640
l 1640 1641
l 1641 1642
l 1642 1643
l 1643 1644
l 1644 1645
l 1645 1646
l 1646 1647
l 1647 1648
l 1648 1649
l 1649 1650
l 1650 1651
l 1651 1652
l 1652 1653
l 1653 1654
l 1654 1655
l 1655 1656
l 1656 1657
l 1657 1658
l 1658 1659
l 1659 1660
l 1660 1661
l 1661 1662
l 1663 1664
l 1664 1665
l 1665 1666
l 1666 1667
l 1667 1668
l 1668 1669
l 1669 1670
l 1670 1671
l 1671 1672
l 1672 1673
l 1673 1674
l 1674 1675
l 1675 1676
l 1676 1677
l 1677 1678
l 1678 1679
l 1679 1680
l 1680 1681
l 1681 1682
l 1682 1683
l 1683 1684
l 1684 1685
l 1685 1686
l 1686 1687
l 1687 1688
l 1688 1689
l 1689 1690
l 1690 1691
l 1691 1692
l 1692 1693
l 1693 1694
l 1694 1695
l 1695 1696
l 1696 1697
l 1697 1698
l 1698 1699
l 1699 1700
l 1700 1701
l 1701 1702
l 1702 1703
l 1703 1704
l 1704 1705
l 1705 1706
l 1706 1707
l 1707 1708
l 1708 1709
l 1709 1710
l 1710 1711
l 1711 1712
l 1712 1713
l 1713 1714
l 1714 1715
l 1715 1716
l 1716 1717
l 1717 1718
l 1718 1719
l 1720 1721
l 1721 1722
l 1722 1723
l 1723 1724
l 1724 1725
l 1725 1726
l 1726 1727
l 1727 1728
l 1728 1729
l 1729 1730
l 1730 1731
l 1731 1732
l 1732 1733
l 1733 1734
l 1734 1735
l 1735 1736
l 1736 1737
l 1737 1738
l 1738 1739
l 1739 1740
l 1740 1741
l 1741 1742
l 1742 1743
l 1743 1744
l 1744 1745
l 1745 1746
l 1746 1747
l 1747 1748
l 1748 1749
l 1749 1750
l 1750 1751
l 1751 1752
l 1752 1753
l 1753 1754
l 1754 1755
l 1755 1756
l 1756 1757
l 1757 1758
l 1758 1759
l 1759 1760
l 1760 1761
l 1761 1762
l 1762 1763
l 1763 1764
l 1764 1765
l 1765 1766
l 1766 1767
l 1767 1768
l 1768 1769
l 1769 1770
l 1770 1771
l 1771 1772
l 1773 1774
l 1774 1775
l 1775 1776
l 1776 1777
l 1777 1778
l 1778 1779
l 1779 1780
l 1780 1781
l 1781 1782
l 1782 1783
l 1783 1784
l 1784 1785
l 1785 1786
l 1786 1787
l 1787 1788
l 1788 1789
l 1789 1790
l 1790 1791
l 1791 1792
l 1792 1793
l 1793 1794
l 1794 1795
l 1795 1796
l 1796 1797
l 1797 1798
l 1798 1799
l 1799 1800
l 1800 1801
l 1801 1802
l 1802 1803
l 1803 1804
l 1804 1805
l 1805 1806
l 1806 1807
l 1807 1808
l 1808 1809
l 1809 1810
l 1810 1811
l 1811 1812
l 1812 1813
l 1813 1814
l 1814 1815
l 1815 1816
l 1816 1817
l 1817 1818
l 1818 1819
l 1819 1820
l 1820 1821
l 1821 1822
l 1822 1823
l 1824 1825
l 1825 1826
l 1826 1827
l 1827 1828
l 1828 1829
l 1829 1830
l 1830 1831
l 1831 1832
l 1832 1833
l 1833 1834
l 1834 1835
l 1835 1836
l 1836 1837
l 1837 1838
l 1838 1839
l 1839 1840
l 1840 1841
l 1841 1842
l 1842 1843
l 1843 1844
l 1844 1845
l 1845 1846
l 1846 1847
l 1847 1848
l 1848 1849
l 1849 1850
l 1850 1851
l 1851 1852
l 1852 1853
l 1853 1854
l 1854 1855
l 1855 1856
l 1856 1857
l 1857 1858
l 1858 1859
l 1859 1860
l 1860 1861
l 1861 1862
l 1862 1863
l 1863 1864
l 1864 1865
l 1865 1866
l 1866 1867
l 1867 1868
l 1868 1869
l 1869 1870
l 1870 1871
l 1871 1872
l 1873 1874
l 1874 1875
l 1875 1876
l 1876 1877
l 1877 1878
l 1878 1879
l 1879 1880
l 1880 1881
l 1881 1882
l 1882 1883
l 1883 1884
l 1884 1885
l 1885 1886
l 1886 1887
l 1887 1888
l 1888 1889
l 1889 1890
l 1890 1891
l 1891 1892
l 1892 1893
l 1893 1894
l 1894 1895
l 1895 1896
l 1896 1897
l 1897 1898
l 1898 1899
l 1899 1900
l 1900 1901
l 1901 1902
l 1902 1903
l 1903 1904
l 1904 1905
l 1905 1906
l 1906 1907
l 1907 1908
l 1908 1909
l 1909 1910
l 1910 1911
l 1911 1912
l 1912 1913
l 1913 1914
l 1914 1915
l 1915 1916
l 1916 1917
l 1917 1918
l 1918 1919
l 1920 1921
l 1921 1922
l 1922 1923
l 1923 1924
l 1924 1925
l 1925 1926
l 1926 1927
l 1927 1928
l 1928 1929
l 1929 1930
l 1930 1931
l 1931 1932
l 1932 1933
l 1933 1934
l 1934 1935
l 1935 1936
l 1936 1937
l 1937 1938
l 1938 1939
l 1939 1940
l 1940 1941
l 1941 1942
l 1942 1943
l 1943 1944
l 1944 1945
l 1945 1946
l 1946 1947
l 1947 1948
l 1948 1949
l 1949 1950
l 1950 1951
l 1951 1952
l 1952 1953
l 1953 1954
l 1954 1955
l 1955 1956
l 1956 1957
l 1957 1958
l 1958 1959
l 1959 1960
l 1960 1961
l 1961 1962
l 1963 1964
l 1964 1965
l 1965 1966
l 1966 1967
l 1967 1968
l 1968 1969
l 1969 1970
l 1970 1971
l 1971 1972
l 1972 1973
l 1973 1974
l 1974 1975
l 1975 1976
l 1976 1977
l 1977 1978
l 1978 1979
l 1979 1980
l 1980 1981
l 1981 1982
l 1982 1983
l 1983 1984
l 1984 1985
l 1985 1986
l 1986 1987
l 1987 1988
l 1988 1989
l 1989 1990
l 1990 1991
l 1991 1992
l 1992 1993
l 1993 1994
l 1994 1995
l 1995 1996
l 1996 1997
l 1997 1998
l 1998 1999
l 1999 2000
l 2000 2001
l 2001 2002
l 2002 2003
l 2004 2005
l 2005 2006
l 2006 2007
l 2007 2008
l 2008 2009
l 2009 2010
l 2010 2011
l 2011 2012
l 2012 2013
l 2013 2014
l 2014 2015
l 2015 2016
l 2016 2017
l 2017 2018
l 2018 2019
l 2019 2020
l 2020 2021
l 2021 2022
l 2022 2023
l 2023 2024
l 2024 2025
l 2025 2026
l 2026 2027
l 2027 2028
l 2028 2029
l 2029 2030
l 2030 2031
l 2031 2032
l 2032 2033
l 2033 2034
l 2034 2035
l 2035 2036
l 2036 2037
l 2037 2038
l 2038 2039
l 2039 2040
l 2041 2042
l 2042 2043
l 2043 2044
l 2044 2045
l 2045 2046
l 2046 2047
l 2047 2048
l 2048 2049
l 2049 2050
l 2050 2051
l 2051 2052
l 2052 2053
l 2053 2054
l 2054 2055
l 2055 2056
l 2056 2057
l 2057 2058
l 2058 2059
l 2059 2060
l 2060 2061
l 2061 2062
l 2062 2063
l 2063 2064
l 2064 2065
l 2065 2066
l 2066 2067
l 2067 2068
l 2068 2069
l 2069 2070
l 2070 2071
l 2071 2072
l 2072 2073
l 2074 2075
l 2075 2076
l 2076 2077
l 2077 2078
l 2078 2079
l 2079 2080
l 2080 2081
l 2081 2082
l 2082 2083
l 2083 2084
l 2084 2085
l 2085 2086
l 2086 2087
l 2087 2088
l 2088 2089
l 2089 2090
l 2090 2091
l 2091 2092
l 2092 2093
l 2093 2094
l 2094 2095
l 2095 2096
l 2096 2097
l 2097 2098
l 2098 2099
l 2099 2100
l 2100 2101
l 2101 2102
