v -0.0241936381 -0.0218262091 0.0292838706 0 1 0
v -0.0242449313 -0.0218628739 0.0276357429 0 1 0
v -0.0243002448 -0.0219042597 0.0259878404 0 1 0
v -0.0243327436 -0.0219239436 0.0243389438 0 1 0
v -0.0243767681 -0.0219565463 0.0226905296 0 1 0
v -0.0244204316 -0.0219864997 0.0210421012 0 1 0
v -0.0244604161 -0.0220105183 0.0193934843 0 0.501961 1
v -0.0245104664 -0.0220419163 0.0177452471 0 0.501961 1
v -0.0245455816 -0.0220539079 0.0160963742 0 0.501961 1
v -0.024605374 -0.0220760159 0.0144483002 0 0.501961 1
v -0.0246599624 -0.0220845463 0.0127999325 0 0.501961 1
v -0.0247292605 -0.0220998326 0.0111521554 0 0.501961 1
v -0.0247980805 -0.0221123033 0.00950436793 0 0.501961 1
v -0.0248667187 -0.0221258538 0.00785655644 0 0.501961 1
v -0.024920387 -0.0221353578 0.00620813065 1 0.784314 0
v -0.0249699773 -0.0221507723 0.00455961165 1 0.784314 0
v -0.025001709 -0.0221642369 0.00291062416 1 0.784314 0
v -0.0249887264 -0.0221518129 0.00126140313 1 0.784314 0
v -0.0249735038 -0.0221476294 -0.000387820913 1 0.784314 0
v -0.0249273081 -0.0221248841 -0.00203636413 1 0.784314 0
v -0.0248576148 -0.0220946035 -0.00368373861 1 0.784314 0
v -0.0247612219 -0.0220560407 -0.00532979439 1 0.784314 0
v -0.0246447203 -0.0220133224 -0.00697432536 0.705882 0 1
v -0.0245136987 -0.0219658209 -0.00861769395 0.705882 0 1
v -0.0243824115 -0.0219194062 -0.0102610495 0.705882 0 1
v -0.0242386482 -0.0218661582 -0.0119031869 0.705882 0 1
v -0.0240762029 -0.0217981156 -0.0135430906 0.705882 0 1
v -0.0239034007 -0.0217241564 -0.0151816038 0.705882 0 1
v -0.0237240461 -0.0216514053 -0.0168195138 0 0.862745 0.862745
v -0.0235450125 -0.0215706449 -0.0184570726 0 0.862745 0.862745
v -0.0233515388 -0.021489802 -0.0200930364 0 0.862745 0.862745
v -0.0231633215 -0.0214025811 -0.0217292872 0 0.862745 0.862745
v -0.0229710142 -0.0213142293 -0.0233650038 0 0.862745 0.862745
v -0.0227875551 -0.021234073 -0.0250021212 0 0.862745 0.862745
v -0.0226126906 -0.0211631024 -0.0266406204 0 0.862745 0.862745
v -0.022442446 -0.0210851607 -0.0282792437 0 0.862745 0.862745
v -0.0222775947 -0.0210117057 -0.0299186428 1 0.470588 0
v -0.0221466147 -0.0209562464 -0.0315616898 1 0.470588 0
v -0.0220533488 -0.0209151781 -0.0332078277 1 0.470588 0
v -0.0219908536 -0.0208889632 -0.0348553674 1 0.470588 0
v -0.0219585645 -0.0208784307 -0.0365040296 1 0.470588 0
v -0.0219575973 -0.020881429 -0.0381531852 1 0.470588 0
v -0.0219464011 -0.0208937933 -0.0398023749 0.470588 1 0
v -0.0219313007 -0.0208925247 -0.041451471 0.470588 1 0
v -0.0219258245 -0.0209007596 -0.0431006878 0.470588 1 0
v -0.0219391275 -0.0209295716 -0.0447496505 0.470588 1 0
v -0.0219336528 -0.020937909 -0.0463988906 0.470588 1 0
v -0.0219499393 -0.0209670456 -0.048047765 0.470588 1 0
v -0.0219951518 -0.0210240154 -0.0496954447 0.470588 1 0
v -0.022038144 -0.021074539 -0.051343391 0.470588 1 0
v -0.022103138 -0.0211450052 -0.0529899131 1 0 0.705882
v -0.0221679249 -0.0212151676 -0.054636478 1 0 0.705882
v -0.022233258 -0.0212795943 -0.0562831768 1 0 0.705882
v -0.0223024108 -0.0213519031 -0.0579293666 1 0 0.705882
v -0.0223693903 -0.0214245609 -0.0595756479 1 0 0.705882
v -0.0224259936 -0.0214878432 -0.0612226943 1 0 0.705882
v -0.0224924748 -0.0215709467 -0.0628685481 1 0 0.705882
v -0.0225463852 -0.0216593783 -0.0645144849 1 0 0.705882
v -0.0225959371 -0.0217522848 -0.0661604069 0.313725 0.313725 1
v -0.0226251719 -0.0218380611 -0.0678071002 0.313725 0.313725 1
v -0.0226220481 -0.0219289003 -0.0694539097 0.313725 0.313725 1
v -0.0225947984 -0.0220120403 -0.0711008014 0.313725 0.313725 1
v -0.0225481876 -0.0220957641 -0.0727473013 0.313725 0.313725 1
v -0.0224553501 -0.0221703417 -0.0743921894 0.313725 0.313725 1
v -0.0223302882 -0.0222540315 -0.0760346274 0.313725 0.313725 1
v -0.0221442699 -0.0223126727 -0.0776723264 0.313725 0.313725 1
v -0.0219457225 -0.0223919826 -0.0793076132 0.705882 0.470588 0.156863
v -0.0216928239 -0.0224664199 -0.0809357119 0.705882 0.470588 0.156863
v -0.0213910009 -0.0225429424 -0.0825550615 0.705882 0.470588 0.156863
v -0.0210227208 -0.0225902183 -0.0841620511 0.705882 0.470588 0.156863
v -0.0206175613 -0.0226680456 -0.0857589213 0.705882 0.470588 0.156863
v -0.0201424429 -0.0227294137 -0.087337067 0.705882 0.470588 0.156863
v -0.0195885922 -0.022777231 -0.0888892912 0.470588 0.470588 0.470588
v -0.0189807293 -0.0228469019 -0.0904206252 0.470588 0.470588 0.470588
v -0.0183172903 -0.0229156874 -0.0919290537 0.470588 0.470588 0.470588
v -0.017570725 -0.0229737434 -0.093398419 0.470588 0.470588 0.470588
v -0.0167730815 -0.0230381095 -0.0948403803 0.470588 0.470588 0.470588
v -0.015912166 -0.0231016228 -0.0962457278 0.470588 0.470588 0.470588
v -0.0149863179 -0.0231675215 -0.0976087646 1 0 0
v -0.013995221 -0.023235196 -0.0989249922 1 0 0
v -0.0129567998 -0.0233107519 -0.100203709 1 0 0
v -0.0118730894 -0.023385714 -0.101444358 1 0 0
v -0.0107399642 -0.0234576093 -0.102640663 1 0 0
v -0.00955337177 -0.0235263229 -0.103783608 1 0 0
v -0.00831895914 -0.0235958652 -0.10487454 0 1 0
v -0.00704001044 -0.0236590407 -0.105913581 0 1 0
v -0.00571978126 -0.0237147585 -0.106900523 0 1 0
v -0.00435029084 -0.023753115 -0.107818722 0 1 0
v -0.00294082288 -0.0237961047 -0.108673654 0 1 0
v -0.0014983505 -0.0238301201 -0.109472232 0 1 0
v -2.43372235e-05 -0.0238590101 -0.110210911 0 0.501961 1
v 0.00148355326 -0.0238776273 -0.11087808 0 0.501961 1
v 0.00302255104 -0.0238917834 -0.111470204 0 0.501961 1
v 0.0045858887 -0.023903894 -0.111994946 0 0.501961 1
v 0.00617135235 -0.0239126344 -0.112448741 0 0.501961 1
v 0.00777675287 -0.0239145866 -0.112826037 0 0.501961 1
v 0.00939809727 -0.0239179101 -0.113127572 1 0.784314 0
v 0.0110316286 -0.0239199322 -0.113353925 1 0.784314 0
v 0.0126737504 -0.0239194346 -0.113505593 1 0.784314 0
v 0.0143212835 -0.023918799 -0.113578229 1 0.784314 0
v 0.0159699591 -0.023919443 -0.113557509 1 0.784314 0
v 0.0176165263 -0.0239201789 -0.113468605 1 0.784314 0
v 0.0192565053 -0.0239192161 -0.113299029 1 0.784314 0
v 0.0208868183 -0.023919035 -0.113052755 1 0.784314 0
v 0.0225025649 -0.0239193229 -0.112722776 0.705882 0 1
v 0.0241013972 -0.0239190148 -0.112318636 0.705882 0 1
v 0.025682279 -0.0239192998 -0.111849297 0.705882 0 1
v 0.0272383971 -0.0239194726 -0.11130303 0.705882 0 1
v 0.0287655856 -0.0239198195 -0.110680558 0.705882 0 1
v 0.0302659374 -0.0239194735 -0.109995524 0.705882 0 1
v 0.0317592127 -0.0239200756 -0.109295171 0.705882 0 1
v -0.025460984 -0.020320626 0.0292837335 0 1 0
v -0.0255019182 -0.0203490208 0.0276552398 0 1 0
v -0.0255494575 -0.0203837415 0.0260270644 0 1 0
v -0.0255839621 -0.0204058835 0.0243983238 0 1 0
v -0.0256226361 -0.0204336539 0.0227698014 0 1 0
v -0.0256596288 -0.0204588375 0.021141245 0 1 0
v -0.0256980068 -0.0204821973 0.0195126723 0 0.501961 1
v -0.0257466749 -0.0205104923 0.017884436 0 0.501961 1
v -0.0257787272 -0.0205205338 0.0162555159 0 0.501961 1
v -0.025835984 -0.0205430489 0.0146274264 0 0.501961 1
v -0.0258891826 -0.020552829 0.0129990631 0 0.501961 1
v -0.0259551573 -0.0205630832 0.0113711798 0 0.501961 1
v -0.0260223806 -0.0205758773 0.00974336873 0 0.501961 1
v -0.0260941118 -0.0205895052 0.00811578813 0 0.501961 1
v -0.0261570462 -0.0205983255 0.00648778146 1 0.784314 0
v -0.0262051181 -0.0206121405 0.00485929157 1 0.784314 0
v -0.0262275992 -0.020625189 0.00323022976 1 0.784314 0
v -0.0262325874 -0.0206284821 0.00160100209 1 0.784314 0
v -0.0262257832 -0.0206285837 -2.8234077e-05 1 0.784314 0
v -0.0261940826 -0.0206158454 -0.00165707762 1 0.784314 0
v -0.0261415303 -0.0205950781 -0.00328530387 1 0.784314 0
v -0.0260641875 -0.0205692411 -0.00491250573 1 0.784314 0
v -0.0259668395 -0.0205373387 -0.00653849923 0.705882 0 1
v -0.0258434792 -0.0204944897 -0.00816248607 0.705882 0 1
v -0.0257312367 -0.0204641096 -0.00978752957 0.705882 0 1
v -0.0256043366 -0.0204225328 -0.0114112737 0.705882 0 1
v -0.0254588859 -0.0203694441 -0.0130330723 0.705882 0 1
v -0.0253137576 -0.0203121884 -0.0146548063 0.705882 0 1
v -0.0251425559 -0.0202469474 -0.0162737182 0 0.862745 0.862745
v -0.0249767877 -0.0201868438 -0.0178933665 0 0.862745 0.862745
v -0.0248009395 -0.0201142017 -0.0195114681 0 0.862745 0.862745
v -0.0246341608 -0.020050861 -0.0211308868 0 0.862745 0.862745
v -0.0244661318 -0.0199817007 -0.022749979 0 0.862745 0.862745
v -0.0242902245 -0.0199126953 -0.0243681139 0 0.862745 0.862745
v -0.0241228961 -0.0198481819 -0.0259874592 0 0.862745 0.862745
v -0.0239502547 -0.0197776038 -0.0276059908 0 0.862745 0.862745
v -0.0238018939 -0.0197220092 -0.0292275367 1 0.470588 0
v -0.0236775504 -0.019676336 -0.0308513636 1 0.470588 0
v -0.0235726616 -0.019634382 -0.032476683 1 0.470588 0
v -0.0234921029 -0.0195998339 -0.0341034758 1 0.470588 0
v -0.0234466593 -0.0195852763 -0.0357318318 1 0.470588 0
v -0.0234466756 -0.0195868185 -0.037360837 1 0.470588 0
v -0.0234332969 -0.0195970936 -0.0389899379 0.470588 1 0
v -0.0234249507 -0.0196006642 -0.0406191413 0.470588 1 0
v -0.0234175696 -0.0196100663 -0.0422483635 0.470588 1 0
v -0.0234207126 -0.0196250097 -0.0438775566 0.470588 1 0
v -0.0234177028 -0.019637428 -0.045506752 0.470588 1 0
v -0.0234205332 -0.0196558981 -0.0471358031 0.470588 1 0
v -0.0234389433 -0.0196820494 -0.0487645701 0.470588 1 0
v -0.0234817743 -0.0197350708 -0.0503923554 0.470588 1 0
v -0.0235311302 -0.0197884725 -0.052019932 1 0 0.705882
v -0.023579332 -0.0198396456 -0.0536476622 1 0 0.705882
v -0.0236395127 -0.0198990757 -0.0552746868 1 0 0.705882
v -0.0236885437 -0.0199561936 -0.0569021225 1 0 0.705882
v -0.023742581 -0.0200115602 -0.058529419 1 0 0.705882
v -0.0237976724 -0.0200711015 -0.0601565535 1 0 0.705882
v -0.0238396068 -0.0201237757 -0.0617843572 1 0 0.705882
v -0.0238907658 -0.0201980342 -0.0634111123 1 0 0.705882
v -0.023933952 -0.0202785472 -0.0650378151 0.313725 0.313725 1
v -0.0239651939 -0.0203563879 -0.0666647684 0.313725 0.313725 1
v -0.0239615835 -0.0204194622 -0.0682927758 0.313725 0.313725 1
v -0.0239383404 -0.0204938768 -0.0699200812 0.313725 0.313725 1
v -0.0238850718 -0.0205565138 -0.0715472624 0.313725 0.313725 1
v -0.0238155067 -0.0206240561 -0.073173495 0.313725 0.313725 1
v -0.0236958272 -0.0206800643 -0.0747973606 0.313725 0.313725 1
v -0.0235392077 -0.0207371028 -0.0764179293 0.313725 0.313725 1
v -0.0233390393 -0.0207854106 -0.0780340955 0.705882 0.470588 0.156863
v -0.0231061105 -0.0208367902 -0.0796456003 0.705882 0.470588 0.156863
v -0.0228241795 -0.0208874055 -0.0812494128 0.705882 0.470588 0.156863
v -0.0224856328 -0.0209315099 -0.082842287 0.705882 0.470588 0.156863
v -0.0220939877 -0.0209671401 -0.0844233152 0.705882 0.470588 0.156863
v -0.0216690898 -0.0210206204 -0.0859951254 0.705882 0.470588 0.156863
v -0.021175394 -0.0210551489 -0.0875473315 0.705882 0.470588 0.156863
v -0.0206126419 -0.0210956191 -0.0890757407 0.705882 0.470588 0.156863
v -0.019995287 -0.0211443439 -0.0905824767 0.470588 0.470588 0.470588
v -0.0193099991 -0.0211827252 -0.0920600721 0.470588 0.470588 0.470588
v -0.0185669207 -0.0212274871 -0.0935090261 0.470588 0.470588 0.470588
v -0.0177652697 -0.0212745886 -0.094926225 0.470588 0.470588 0.470588
v -0.0169060994 -0.0213196511 -0.0963096692 0.470588 0.470588 0.470588
v -0.0159919251 -0.0213678963 -0.0976571613 0.470588 0.470588 0.470588
v -0.0150085421 -0.0214174583 -0.0989550037 1 0 0
v -0.0139671814 -0.0214717478 -0.100206676 1 0 0
v -0.0128777702 -0.021523366 -0.101416608 1 0 0
v -0.0117421351 -0.0215784998 -0.102582939 1 0 0
v -0.0105635381 -0.0216334181 -0.103706081 1 0 0
v -0.00933755824 -0.0216863392 -0.104777776 1 0 0
v -0.00806128116 -0.0217320984 -0.105789317 0 1 0
v -0.00674462779 -0.0217739247 -0.106747465 0 1 0
v -0.00538822837 -0.0218108476 -0.107648809 0 1 0
v -0.00399529454 -0.0218383801 -0.108492964 0 1 0
v -0.00256680589 -0.0218634059 -0.109275796 0 1 0
v -0.00110685465 -0.0218879324 -0.109998493 0 1 0
v 0.000383341561 -0.0219112627 -0.110656248 0 0.501961 1
v 0.00190063274 -0.0219264509 -0.111248569 0 0.501961 1
v 0.00344105475 -0.0219352519 -0.111778059 0 0.501961 1
v 0.00500125258 -0.0219429653 -0.112246655 0 0.501961 1
v 0.00658447836 -0.0219437064 -0.112630039 0 0.501961 1
v 0.00818045142 -0.0219483476 -0.112956131 0 0.501961 1
v 0.00978941531 -0.0219495491 -0.113212446 1 0.784314 0
v 0.0114070183 -0.0219514982 -0.113406262 1 0.784314 0
v 0.0130308717 -0.0219512108 -0.113535343 1 0.784314 0
v 0.0146588137 -0.0219506313 -0.113596737 1 0.784314 0
v 0.0162875758 -0.0219495172 -0.113562372 1 0.784314 0
v 0.0179131377 -0.0219467568 -0.11345329 1 0.784314 0
v 0.0195326028 -0.0219504611 -0.113275616 1 0.784314 0
v 0.021140886 -0.0219510366 -0.113015908 1 0.784314 0
v 0.0227342035 -0.0219485061 -0.112676 0.705882 0 1
v 0.0243113499 -0.0219502996 -0.112267305 0.705882 0 1
v 0.0258705198 -0.021951008 -0.111794552 0.705882 0 1
v 0.0274029164 -0.0219496364 -0.111241271 0.705882 0 1
v 0.0289082904 -0.021948829 -0.110618177 0.705882 0 1
v 0.0303892465 -0.0219519537 -0.109939013 0.705882 0 1
v 0.0318636932 -0.021952042 -0.109245814 0.705882 0 1
v -0.0266359348 -0.0187419379 0.0292835578 0 1 0
v -0.0266690062 -0.0187642501 0.0276470602 0 1 0
v -0.0267020863 -0.0187880694 0.0260106106 0 1 0
v -0.0267399344 -0.018811536 0.0243742387 0 1 0
v -0.0267746925 -0.0188336281 0.0227377696 0 1 0
v -0.0268062544 -0.0188583562 0.0211012982 0 1 0
v -0.026846812 -0.0188837278 0.0194650232 0 0.501961 1
v -0.0268803011 -0.0188978359 0.0178284642 0 0.501961 1
v -0.0269191322 -0.0189117659 0.0161920294 0 0.501961 1
v -0.0269744862 -0.0189293223 0.0145561084 0 0.501961 1
v -0.0270398162 -0.0189457864 0.0129205174 0 0.501961 1
v -0.0270995802 -0.0189584923 0.0112846708 0 0.501961 1
v -0.0271645188 -0.0189741365 0.00964903743 0 0.501961 1
v -0.0272319353 -0.0189872954 0.00801347888 0 0.501961 1
v -0.0272924212 -0.0190002709 0.00637765319 1 0.784314 0
v -0.0273316497 -0.0190057832 0.00474119378 1 0.784314 0
v -0.0273540032 -0.0190097103 0.00310436956 1 0.784314 0
v -0.0273662789 -0.0190171782 0.00146745063 1 0.784314 0
v -0.0273629227 -0.0190223368 -0.000169536995 1 0.784314 0
v -0.0273433206 -0.0190182738 -0.00180640895 1 0.784314 0
v -0.0272956586 -0.0190046547 -0.00344254397 1 0.784314 0
v -0.0272320631 -0.0189863812 -0.00507814836 1 0.784314 0
v -0.0271443603 -0.0189612317 -0.0067125616 0.705882 0 1
v -0.0270267483 -0.0189283734 -0.00834491784 0.705882 0 1
v -0.0269174234 -0.0188997053 -0.00997795938 0.705882 0 1
v -0.0267970096 -0.0188639018 -0.0116100932 0.705882 0 1
v -0.0266672523 -0.0188219582 -0.0132413211 0.705882 0 1
v -0.0265311126 -0.0187731217 -0.0148718941 0.705882 0 1
v -0.0263748887 -0.0187187982 -0.0165004733 0 0.862745 0.862745
v -0.0262215827 -0.0186692981 -0.0181294777 0 0.862745 0.862745
v -0.0260623126 -0.0186128745 -0.0197576735 0 0.862745 0.862745
v -0.0259073188 -0.0185601646 -0.0213863999 0 0.862745 0.862745
v -0.025750281 -0.0185036448 -0.0230148107 0 0.862745 0.862745
v -0.0255901238 -0.01844632 -0.0246428779 0 0.862745 0.862745
v -0.0254255858 -0.0183845795 -0.0262704088 0 0.862745 0.862745
v -0.0252680184 -0.0183277196 -0.0278988133 0 0.862745 0.862745
v -0.0251308725 -0.0182828866 -0.0295293701 1 0.470588 0
v -0.0250174416 -0.0182450532 -0.0311619026 1 0.470588 0
v -0.0249184397 -0.0182060958 -0.0327953591 1 0.470588 0
v -0.0248570062 -0.0181903939 -0.0344310205 1 0.470588 0
v -0.0248163536 -0.0181771588 -0.0360673591 1 0.470588 0
v -0.0248141403 -0.0181804421 -0.0377042319 1 0.470588 0
v -0.0248107634 -0.0181920263 -0.0393411778 0.470588 1 0
v -0.0248015857 -0.0181988797 -0.0409781331 0.470588 1 0
v -0.0247989833 -0.0182050415 -0.0426151113 0.470588 1 0
v -0.024797751 -0.018218728 -0.0442520377 0.470588 1 0
v -0.0247912564 -0.0182335348 -0.045888938 0.470588 1 0
v -0.0247860444 -0.0182413619 -0.0475258291 0.470588 1 0
v -0.0248024138 -0.0182638686 -0.0491625394 0.470588 1 0
v -0.0248331471 -0.0183036611 -0.0507987289 0.470588 1 0
v -0.0248707855 -0.0183505197 -0.0524345799 1 0 0.705882
v -0.0249141868 -0.0184004213 -0.0540701923 1 0 0.705882
v -0.024958202 -0.0184427664 -0.0557059048 1 0 0.705882
v -0.0250025148 -0.0184942778 -0.0573413972 1 0 0.705882
v -0.0250470015 -0.0185400869 -0.0589770586 1 0 0.705882
v -0.0250873998 -0.0185867824 -0.0606127441 1 0 0.705882
v -0.0251256093 -0.0186400079 -0.0622482681 1 0 0.705882
v -0.0251534287 -0.0186999851 -0.0638837976 1 0 0.705882
v -0.025170865 -0.0187624513 -0.0655194679 0.313725 0.313725 1
v -0.0251710184 -0.018818174 -0.0671554569 0.313725 0.313725 1
v -0.0251473454 -0.0188742137 -0.0687912515 0.313725 0.313725 1
v -0.0250901567 -0.0189258705 -0.0704264288 0.313725 0.313725 1
v -0.0250162128 -0.0189779322 -0.0720608432 0.313725 0.313725 1
v -0.024906696 -0.0190232125 -0.0736935163 0.313725 0.313725 1
v -0.0247603292 -0.0190678395 -0.0753230916 0.313725 0.313725 1
v -0.0245673127 -0.0191050096 -0.0769482199 0.313725 0.313725 1
v -0.024342144 -0.0191431288 -0.0785690117 0.705882 0.470588 0.156863
v -0.0240715063 -0.0191773866 -0.0801830539 0.705882 0.470588 0.156863
v -0.0237549249 -0.019212184 -0.0817884031 0.705882 0.470588 0.156863
v -0.023375842 -0.0192392686 -0.083380589 0.705882 0.470588 0.156863
v -0.0229605408 -0.0192731393 -0.0849635958 0.705882 0.470588 0.156863
v -0.0224903354 -0.0192979545 -0.0865312693 0.705882 0.470588 0.156863
v -0.0219608947 -0.0193241353 -0.0880797785 0.705882 0.470588 0.156863
v -0.0213648358 -0.0193536909 -0.0896037603 0.705882 0.470588 0.156863
v -0.0207082724 -0.0193807518 -0.0911025569 0.470588 0.470588 0.470588
v -0.019998262 -0.0194070077 -0.0925772257 0.470588 0.470588 0.470588
v -0.0192189203 -0.019437239 -0.0940163137 0.470588 0.470588 0.470588
v -0.0183900301 -0.0194720387 -0.0954269234 0.470588 0.470588 0.470588
v -0.0175065176 -0.0195093756 -0.09680437 0.470588 0.470588 0.470588
v -0.0165601151 -0.0195494218 -0.0981393682 0.470588 0.470588 0.470588
v -0.0155494373 -0.0195843709 -0.099426234 1 0 0
v -0.0144779285 -0.019623672 -0.100662869 1 0 0
v -0.0133553674 -0.0196615853 -0.101853397 1 0 0
v -0.0121869651 -0.0197038171 -0.102998748 1 0 0
v -0.0109727198 -0.019744629 -0.104095539 1 0 0
v -0.00970964266 -0.0197830677 -0.105136111 1 0 0
v -0.00840084332 -0.0198175132 -0.106118507 0 1 0
v -0.00705297285 -0.019849789 -0.107046327 0 1 0
v -0.00566868558 -0.0198775839 -0.107918971 0 1 0
v -0.00424960173 -0.0199012536 -0.108734221 0 1 0
v -0.00279818821 -0.0199219145 -0.109490914 0 1 0
v -0.00131310399 -0.0199313571 -0.110179464 0 1 0
v 0.000198829639 -0.0199400886 -0.110806383 0 0.501961 1
v 0.0017361769 -0.0199633384 -0.111367615 0 0.501961 1
v 0.00329392728 -0.0199694235 -0.111869926 0 0.501961 1
v 0.00487001734 -0.0199744945 -0.112311869 0 0.501961 1
v 0.00646610756 -0.0199786658 -0.112675429 0 0.501961 1
v 0.00807657026 -0.0199802319 -0.112968814 0 0.501961 1
v 0.00969602478 -0.0199794705 -0.113207488 1 0.784314 0
v 0.0113217689 -0.0199825107 -0.113398803 1 0.784314 0
v 0.0129528887 -0.0199820307 -0.113536466 1 0.784314 0
v 0.014588465 -0.0199799874 -0.113595164 1 0.784314 0
v 0.0162247155 -0.0199807442 -0.113561197 1 0.784314 0
v 0.0178580336 -0.019982661 -0.113455117 1 0.784314 0
v 0.0194851123 -0.0199819199 -0.113277607 1 0.784314 0
v 0.0211010258 -0.0199816516 -0.113018364 1 0.784314 0
v 0.0227017671 -0.0199807539 -0.112678009 0.705882 0 1
v 0.0242866379 -0.0199819912 -0.112269187 0.705882 0 1
v 0.0258533849 -0.0199818612 -0.111795914 0.705882 0 1
v 0.0273949838 -0.019978579 -0.111246373 0.705882 0 1
v 0.0289070257 -0.0199796752 -0.110619798 0.705882 0 1
v 0.0303950471 -0.0199832414 -0.109937506 0.705882 0 1
v 0.031876 -0.0199834181 -0.10924 0.705882 0 1
v -0.027712811 -0.0170947769 0.0292833884 0 1 0
v -0.0277450019 -0.0171160329 0.0276399386 0 1 0
v -0.0277614013 -0.0171295476 0.0259961797 0 1 0
v -0.0277987485 -0.0171528007 0.0243528671 0 1 0
v -0.0278200058 -0.0171695604 0.0227091941 0 1 0
v -0.0278465269 -0.0171838399 0.0210655761 0 1 0
v -0.0278714361 -0.0172005604 0.0194219505 0 0.501961 1
v -0.0279026414 -0.0172177802 0.0177784752 0 0.501961 1
v -0.0279476782 -0.0172359103 0.0161353123 0 0.501961 1
v -0.028000611 -0.0172558861 0.0144924034 0 0.501961 1
v -0.0280690882 -0.017270632 0.01285004 0 0.501961 1
v -0.0281400138 -0.0172870035 0.0112078276 0 0.501961 1
v -0.0282030728 -0.017300379 0.00956520889 0 0.501961 1
v -0.0282705797 -0.0173083524 0.0079227138 0 0.501961 1
v -0.0283265745 -0.0173139077 0.00627983051 1 0.784314 0
v -0.028362541 -0.0173220071 0.00463634203 1 0.784314 0
v -0.0283796341 -0.0173290284 0.00299254201 1 0.784314 0
v -0.0283871213 -0.0173359958 0.00134868368 1 0.784314 0
v -0.0283911817 -0.0173423976 -0.000295202453 1 0.784314 0
v -0.0283661859 -0.0173395505 -0.00193888319 1 0.784314 0
v -0.0283273203 -0.0173312966 -0.00358228814 1 0.784314 0
v -0.0282706566 -0.0173186773 -0.00522507459 1 0.784314 0
v -0.0281933469 -0.0173019915 -0.00686705726 0.705882 0 1
v -0.0280950391 -0.0172768867 -0.00850777098 0.705882 0 1
v -0.0279864584 -0.0172490607 -0.0101478048 0.705882 0 1
v -0.0278827278 -0.0172267743 -0.0117882373 0.705882 0 1
v -0.0277657289 -0.017193726 -0.0134275626 0.705882 0 1
v -0.0276413837 -0.0171516569 -0.015066198 0.705882 0 1
v -0.0275015783 -0.0171082159 -0.0167035005 0 0.862745 0.862745
v -0.0273647182 -0.0170678788 -0.0183411635 0 0.862745 0.862745
v -0.0272148803 -0.0170236198 -0.0199775683 0 0.862745 0.862745
v -0.0270757863 -0.0169836553 -0.0216149857 0 0.862745 0.862745
v -0.026931262 -0.0169383117 -0.0232518604 0 0.862745 0.862745
v -0.0267805237 -0.0168868733 -0.0248879684 0 0.862745 0.862745
v -0.0266318584 -0.0168398734 -0.0265244491 0 0.862745 0.862745
v -0.0264925176 -0.0167921054 -0.0281616214 0 0.862745 0.862745
v -0.0263690834 -0.0167491195 -0.0298002226 1 0.470588 0
v -0.02626298 -0.0167226389 -0.0314404314 1 0.470588 0
v -0.0261718695 -0.016693812 -0.0330814275 1 0.470588 0
v -0.0261258248 -0.0166917358 -0.0347246813 1 0.470588 0
v -0.0260878312 -0.0166754878 -0.0363680149 1 0.470588 0
v -0.0260808769 -0.0166791604 -0.0380118922 1 0.470588 0
v -0.0260702157 -0.0166849355 -0.0396557417 0.470588 1 0
v -0.0260618794 -0.0166904399 -0.0412995954 0.470588 1 0
v -0.0260612107 -0.0167036463 -0.042943444 0.470588 1 0
v -0.0260592163 -0.0167145768 -0.0445872779 0.470588 1 0
v -0.0260501961 -0.0167213344 -0.0462311403 0.470588 1 0
v -0.0260431353 -0.0167273546 -0.0478749188 0.470588 1 0
v -0.0260577244 -0.016754236 -0.0495185318 0.470588 1 0
v -0.0260809949 -0.0167893167 -0.051161881 0.470588 1 0
v -0.0261025944 -0.0168223279 -0.052805175 1 0 0.705882
v -0.0261326631 -0.0168564604 -0.0544483538 1 0 0.705882
v -0.0261584036 -0.0168871237 -0.0560916849 1 0 0.705882
v -0.026190051 -0.0169266002 -0.057734682 1 0 0.705882
v -0.0262243767 -0.016963861 -0.0593777807 1 0 0.705882
v -0.026241333 -0.0169974454 -0.0610211842 1 0 0.705882
v -0.0262685665 -0.017045731 -0.0626640775 1 0 0.705882
v -0.0262666977 -0.0170882928 -0.064307382 1 0 0.705882
v -0.0262648302 -0.0171372417 -0.0659504912 0.313725 0.313725 1
v -0.026242008 -0.0171825421 -0.0675936075 0.313725 0.313725 1
v -0.0261848804 -0.0172225034 -0.0692359263 0.313725 0.313725 1
v -0.0261103671 -0.0172654758 -0.0708775726 0.313725 0.313725 1
v -0.0260006136 -0.017298598 -0.0725174448 0.313725 0.313725 1
v -0.0258665447 -0.0173338614 -0.0741554467 0.313725 0.313725 1
v -0.0256792216 -0.0173585863 -0.0757883845 0.313725 0.313725 1
v -0.0254637197 -0.0173868838 -0.0774178141 0.313725 0.313725 1
v -0.0252057053 -0.0174118691 -0.0790411092 0.705882 0.470588 0.156863
v -0.0249140553 -0.0174405861 -0.0806586054 0.705882 0.470588 0.156863
v -0.0245577696 -0.0174612963 -0.0822630674 0.705882 0.470588 0.156863
v -0.024150773 -0.0174786379 -0.0838555555 0.705882 0.470588 0.156863
v -0.0237042816 -0.0174994345 -0.0854373414 0.705882 0.470588 0.156863
v -0.0232148411 -0.0175167444 -0.0870063389 0.705882 0.470588 0.156863
v -0.0226684991 -0.0175214466 -0.0885567404 0.705882 0.470588 0.156863
v -0.0220507108 -0.0175444369 -0.0900798613 0.705882 0.470588 0.156863
v -0.0213687385 -0.0175704262 -0.0915752982 0.470588 0.470588 0.470588
v -0.0206159993 -0.0175932781 -0.0930365201 0.470588 0.470588 0.470588
v -0.0198028189 -0.0176123405 -0.0944648605 0.470588 0.470588 0.470588
v -0.0189439838 -0.0176356605 -0.0958661168 0.470588 0.470588 0.470588
v -0.018038651 -0.0176666007 -0.0972377607 0.470588 0.470588 0.470588
v -0.0170625065 -0.017694718 -0.0985600238 0.470588 0.470588 0.470588
v -0.0160237139 -0.017721992 -0.0998333601 1 0 0
v -0.0149272421 -0.0177506035 -0.101057252 1 0 0
v -0.0137787295 -0.0177769713 -0.10223262 1 0 0
v -0.0125823914 -0.0178027098 -0.103359433 1 0 0
v -0.0113392371 -0.0178285938 -0.104434653 1 0 0
v -0.0100460319 -0.0178576931 -0.105449091 1 0 0
v -0.00870985231 -0.017886073 -0.106406059 0 1 0
v -0.00733579602 -0.0179109863 -0.107307703 0 1 0
v -0.00592594654 -0.0179332333 -0.108152199 0 1 0
v -0.00448441714 -0.0179527868 -0.108941726 0 1 0
v -0.00300976276 -0.0179690541 -0.109667872 0 1 0
v -0.00150386593 -0.0179815223 -0.110326541 0 1 0
v 2.8296995e-05 -0.0179879283 -0.110920994 0 0.501961 1
v 0.00158192632 -0.0179942126 -0.111457367 0 0.501961 1
v 0.00315526328 -0.0180035289 -0.111933349 0 0.501961 1
v 0.00474386347 -0.0180090252 -0.112355928 0 0.501961 1
v 0.00635031635 -0.0180112034 -0.112704293 0 0.501961 1
v 0.0079700372 -0.0180114405 -0.112984496 0 0.501961 1
v 0.00959851514 -0.0180101834 -0.113208631 1 0.784314 0
v 0.0112316673 -0.0180132984 -0.113395979 1 0.784314 0
v 0.0128702 -0.0180109465 -0.113528006 1 0.784314 0
v 0.0145127679 -0.018012785 -0.113587006 1 0.784314 0
v 0.0161559164 -0.0180132641 -0.113562057 1 0.784314 0
v 0.0177964926 -0.0180130044 -0.113461292 1 0.784314 0
v 0.0194307868 -0.018013925 -0.113286127 1 0.784314 0
v 0.0210544889 -0.0180135031 -0.113031906 1 0.784314 0
v 0.0226623055 -0.018010267 -0.112690839 0.705882 0 1
v 0.0242539812 -0.0180131133 -0.11228041 0.705882 0 1
v 0.0258281536 -0.0180135057 -0.111807414 0.705882 0 1
v 0.0273764684 -0.0180113988 -0.111255964 0.705882 0 1
v 0.0288931012 -0.0180114196 -0.110622286 0.705882 0 1
v 0.0303885167 -0.018014062 -0.109939634 0.705882 0 1
v 0.031876 -0.0180147663 -0.10924 0.705882 0 1
v -0.0286882522 -0.0153855339 0.0292830125 0 1 0
v -0.0287078284 -0.0153990902 0.0276329896 0 1 0
v -0.0287206392 -0.0154105439 0.0259828752 0 1 0
v -0.0287539881 -0.0154318101 0.0243331272 0 1 0
v -0.0287619465 -0.0154414528 0.0226829356 0 1 0
v -0.0287746602 -0.0154505657 0.0210327656 0 1 0
v -0.0287955788 -0.0154617046 0.019382699 0 0.501961 1
v -0.0288291096 -0.0154796236 0.0177329016 0 0.501961 1
v -0.0288764874 -0.0155010608 0.0160835062 0 0.501961 1
v -0.0289263059 -0.015511797 0.0144340862 0 0.501961 1
v -0.0289834829 -0.0155270748 0.0127849215 0 0.501961 1
v -0.0290503652 -0.0155452243 0.0111361375 0 0.501961 1
v -0.0291209851 -0.0155582209 0.00948745732 0 0.501961 1
v -0.0291923751 -0.0155697592 0.0078387981 0 0.501961 1
v -0.0292467082 -0.0155794195 0.00618952674 1 0.784314 0
v -0.0292873246 -0.015588208 0.00453989756 1 0.784314 0
v -0.0293107924 -0.0155923718 0.00288984919 1 0.784314 0
v -0.0292990699 -0.0155915628 0.00123969389 1 0.784314 0
v -0.0292938248 -0.0155959452 -0.000410500629 1 0.784314 0
v -0.0292712505 -0.0155928871 -0.00206054407 1 0.784314 0
v -0.0292387872 -0.0155882538 -0.0037104437 1 0.784314 0
v -0.0291871957 -0.0155790288 -0.00535983187 1 0.784314 0
v -0.0291168145 -0.0155653218 -0.00700850692 0.705882 0 1
v -0.0290404779 -0.0155527307 -0.00865692323 0.705882 0 1
v -0.0289458876 -0.0155332318 -0.0103043028 0.705882 0 1
v -0.0288570326 -0.0155196977 -0.011952082 0.705882 0 1
v -0.0287485928 -0.0154910111 -0.0135984306 0.705882 0 1
v -0.028638615 -0.0154582205 -0.0152446573 0.705882 0 1
v -0.0285207628 -0.0154280428 -0.0168903609 0 0.862745 0.862745
v -0.0283949996 -0.015389442 -0.0185353386 0 0.862745 0.862745
v -0.0282510124 -0.01535662 -0.0201788972 0 0.862745 0.862745
v -0.0281355732 -0.015330817 -0.0218248546 0 0.862745 0.862745
v -0.0280027617 -0.0152934872 -0.0234693124 0 0.862745 0.862745
v -0.0278777256 -0.0152611206 -0.0251144192 0 0.862745 0.862745
v -0.0277475318 -0.0152171249 -0.0267589233 0 0.862745 0.862745
v -0.0276190495 -0.015185876 -0.0284038404 0 0.862745 0.862745
v -0.0274969997 -0.0151586232 -0.0300492942 1 0.470588 0
v -0.0273935038 -0.0151259445 -0.0316959163 1 0.470588 0
v -0.0273207712 -0.0151062441 -0.0333443781 1 0.470588 0
v -0.0272805954 -0.0150982196 -0.0349940462 1 0.470588 0
v -0.0272546405 -0.0150942326 -0.0366440644 1 0.470588 0
v -0.0272511411 -0.0150972233 -0.0382942738 1 0.470588 0
v -0.0272356189 -0.0151003253 -0.0399443967 0.470588 1 0
v -0.027225078 -0.0151061322 -0.0415945033 0.470588 1 0
v -0.0272193263 -0.0151148715 -0.0432446826 0.470588 1 0
v -0.0272076793 -0.0151192071 -0.0448948337 0.470588 1 0
v -0.027193369 -0.0151211084 -0.0465449646 0.470588 1 0
v -0.0271900077 -0.0151326129 -0.048195111 0.470588 1 0
v -0.0271927208 -0.0151486406 -0.0498452586 0.470588 1 0
v -0.0271972983 -0.0151712846 -0.0514953378 0.470588 1 0
v -0.0272071623 -0.0151960361 -0.0531453447 1 0 0.705882
v -0.0272240505 -0.0152173006 -0.0547953066 1 0 0.705882
v -0.0272490922 -0.0152520461 -0.0564448918 1 0 0.705882
v -0.0272608877 -0.0152744225 -0.0580949142 1 0 0.705882
v -0.0272764358 -0.0153064754 -0.0597447691 1 0 0.705882
v -0.0272799977 -0.015332404 -0.0613947951 1 0 0.705882
v -0.0272875887 -0.0153689779 -0.0630445289 1 0 0.705882
v -0.0272609663 -0.0154015462 -0.0646942047 1 0 0.705882
v -0.0272409692 -0.0154384525 -0.0663439013 0.313725 0.313725 1
v -0.0271848414 -0.0154677846 -0.0679928094 0.313725 0.313725 1
v -0.0271065518 -0.0155002152 -0.0696408672 0.313725 0.313725 1
v -0.0269962196 -0.0155264154 -0.0712871598 0.313725 0.313725 1
v -0.0268702898 -0.0155532607 -0.0729323718 0.313725 0.313725 1
v -0.0266955654 -0.0155710937 -0.0745731533 0.313725 0.313725 1
v -0.0264869843 -0.0155871801 -0.0762100601 0.313725 0.313725 1
v -0.0262361651 -0.0156011513 -0.0778410154 0.313725 0.313725 1
v -0.0259639992 -0.015624345 -0.0794684827 0.705882 0.470588 0.156863
v -0.0256391985 -0.0156426474 -0.0810862465 0.705882 0.470588 0.156863
v -0.0252621312 -0.0156595306 -0.0826926698 0.705882 0.470588 0.156863
v -0.0248332455 -0.0156713692 -0.0842860698 0.705882 0.470588 0.156863
v -0.0243664739 -0.0156807855 -0.0858687151 0.705882 0.470588 0.156863
v -0.0238336649 -0.0156933203 -0.0874305314 0.705882 0.470588 0.156863
v -0.0232605602 -0.0157055853 -0.0889774826 0.705882 0.470588 0.156863
v -0.0226256186 -0.0157180673 -0.0905003771 0.705882 0.470588 0.156863
v -0.0219320074 -0.0157379324 -0.0919974965 0.470588 0.470588 0.470588
v -0.0211802882 -0.0157547068 -0.0934664179 0.470588 0.470588 0.470588
v -0.020336965 -0.0157623961 -0.0948847679 0.470588 0.470588 0.470588
v -0.0194603445 -0.0157799779 -0.0962827842 0.470588 0.470588 0.470588
v -0.0185170126 -0.0157937564 -0.0976367445 0.470588 0.470588 0.470588
v -0.0175133694 -0.0158112536 -0.098946346 0.470588 0.470588 0.470588
v -0.0164488079 -0.015828928 -0.100206811 1 0 0
v -0.0153272546 -0.0158526426 -0.101416724 1 0 0
v -0.0141547516 -0.0158684899 -0.102577261 1 0 0
v -0.0129306882 -0.0158956427 -0.103683471 1 0 0
v -0.0116587877 -0.0159134692 -0.104734695 1 0 0
v -0.0103402842 -0.0159331853 -0.105726617 1 0 0
v -0.00898164324 -0.0159536239 -0.106662496 0 1 0
v -0.00758630895 -0.0159708546 -0.107542882 0 1 0
v -0.00615653742 -0.0159817166 -0.108366493 0 1 0
v -0.00469455847 -0.015990149 -0.109131813 0 1 0
v -0.00319862923 -0.0160051155 -0.109828383 0 1 0
v -0.00167477581 -0.0160150469 -0.110461176 0 1 0
v -0.000124332264 -0.0160248982 -0.111025474 0 0.501961 1
v 0.00144629772 -0.0160332818 -0.111531799 0 0.501961 1
v 0.00303210323 -0.0160378225 -0.11198836 0 0.501961 1
v 0.00463046134 -0.0160413568 -0.112398326 0 0.501961 1
v 0.00624675808 -0.0160422101 -0.112729917 0 0.501961 1
v 0.00787444763 -0.0160434306 -0.113000583 0 0.501961 1
v 0.00950996339 -0.0160407284 -0.11321974 1 0.784314 0
v 0.0111498821 -0.016044957 -0.113403737 1 0.784314 0
v 0.0127943459 -0.0160451492 -0.113540034 1 0.784314 0
v 0.0144434856 -0.0160429884 -0.113596019 1 0.784314 0
v 0.0160933557 -0.0160422777 -0.113566448 1 0.784314 0
v 0.0177405564 -0.0160444071 -0.113468588 1 0.784314 0
v 0.0193815122 -0.0160452312 -0.113296511 1 0.784314 0
v 0.0210117209 -0.0160444721 -0.113042703 1 0.784314 0
v 0.0226261112 -0.0160431443 -0.112702327 0.705882 0 1
v 0.02422463 -0.0160445613 -0.11229293 0.705882 0 1
v 0.0258050355 -0.0160446255 -0.111818261 0.705882 0 1
v 0.0273598103 -0.0160453453 -0.111265867 0.705882 0 1
v 0.0288814235 -0.0160446284 -0.110627546 0.705882 0 1
v 0.0303825456 -0.0160450761 -0.109942072 0.705882 0 1
v 0.031876 -0.0160461145 -0.10924 0.705882 0 1
v -0.0295566365 -0.0136193499 0.0292822791 0 1 0
v -0.0295633948 -0.0136246367 0.0276553869 0 1 0
v -0.0295722549 -0.013632247 0.0260285473 0 1 0
v -0.02959376 -0.0136507937 0.0244019212 0 1 0
v -0.0295968624 -0.0136564239 0.0227750132 0 1 0
v -0.0296058118 -0.0136667308 0.0211481339 0 1 0
v -0.0296248688 -0.0136783073 0.0195213547 0 0.501961 1
v -0.0296416965 -0.0136907677 0.0178945491 0 0.501961 1
v -0.0296675368 -0.0136993196 0.0162678545 0 0.501961 1
v -0.0297141494 -0.0137134006 0.0146416956 0 0.501961 1
v -0.0297759976 -0.0137300911 0.0130160224 0 0.501961 1
v -0.0298420575 -0.0137442758 0.011390487 0 0.501961 1
v -0.0299056007 -0.013756692 0.0097648358 0 0.501961 1
v -0.0299704752 -0.0137681359 0.00813922861 0 0.501961 1
v -0.0300327345 -0.0137813635 0.0065135674 1 0.784314 0
v -0.0300755693 -0.0137883685 0.00488722485 1 0.784314 0
v -0.0300973293 -0.0137897864 0.00326043134 1 0.784314 0
v -0.0300949388 -0.0137899108 0.00163353775 1 0.784314 0
v -0.0300863828 -0.013792873 6.68894318e-06 1 0.784314 0
v -0.0300790967 -0.0137957997 -0.00162020855 1 0.784314 0
v -0.0300557672 -0.0137939724 -0.00324694774 1 0.784314 0
v -0.0300109508 -0.0137867 -0.00487324877 1 0.784314 0
v -0.0299566375 -0.0137793121 -0.00649922531 0.705882 0 1
v -0.0298878983 -0.0137691686 -0.00812464672 0.705882 0 1
v -0.02982454 -0.0137627607 -0.00975027698 0.705882 0 1
v -0.029744671 -0.0137513729 -0.0113752074 0.705882 0 1
v -0.0296615485 -0.0137384182 -0.0129998762 0.705882 0 1
v -0.0295617607 -0.0137128958 -0.0146235227 0.705882 0 1
v -0.0294638828 -0.0136968626 -0.0162474313 0 0.862745 0.862745
v -0.0293543187 -0.0136662301 -0.0178703696 0 0.862745 0.862745
v -0.0292462365 -0.0136417131 -0.0194934593 0 0.862745 0.862745
v -0.0291380464 -0.0136174413 -0.0211165674 0 0.862745 0.862745
v -0.0290266308 -0.0135900542 -0.0227393924 0 0.862745 0.862745
v -0.0289239053 -0.0135685946 -0.0243628908 0 0.862745 0.862745
v -0.0288048991 -0.0135424818 -0.0259852136 0 0.862745 0.862745
v -0.0286863138 -0.0135131249 -0.0276075424 0 0.862745 0.862745
v -0.0285748134 -0.0134835543 -0.0292303758 1 0.470588 0
v -0.0284756502 -0.0134613103 -0.0308540856 1 0.470588 0
v -0.0284016513 -0.0134473527 -0.0324792042 1 0.470588 0
v -0.0283473784 -0.0134317058 -0.034105121 1 0.470588 0
v -0.0283178666 -0.0134320631 -0.0357317278 1 0.470588 0
v -0.0283088599 -0.0134186652 -0.0373585394 1 0.470588 0
v -0.0282906388 -0.0134276127 -0.0389852391 0.470588 1 0
v -0.0282752926 -0.0134329568 -0.0406120442 0.470588 1 0
v -0.0282680787 -0.0134387995 -0.0422389036 0.470588 1 0
v -0.0282522786 -0.0134451146 -0.0438656962 0.470588 1 0
v -0.0282399434 -0.0134491499 -0.0454925337 0.470588 1 0
v -0.0282260532 -0.0134512428 -0.0471194072 0.470588 1 0
v -0.0282122253 -0.0134519966 -0.0487462638 0.470588 1 0
v -0.0282040866 -0.0134607031 -0.0503731598 0.470588 1 0
v -0.0281930873 -0.0134784497 -0.0519999596 1 0 0.705882
v -0.0282067092 -0.0135050841 -0.0536266222 1 0 0.705882
v -0.0282038056 -0.0135090208 -0.055253527 1 0 0.705882
v -0.0282190869 -0.0135467369 -0.0568799234 1 0 0.705882
v -0.0282143693 -0.0135609894 -0.0585067963 1 0 0.705882
v -0.0282124946 -0.0135805284 -0.0601336198 1 0 0.705882
v -0.0282029307 -0.0135978197 -0.0617604216 1 0 0.705882
v -0.0281811715 -0.0136199403 -0.0633869523 1 0 0.705882
v -0.0281361964 -0.0136482459 -0.0650129985 0.313725 0.313725 1
v -0.0280905022 -0.0136719864 -0.0666390369 0.313725 0.313725 1
v -0.0280140351 -0.0136896632 -0.0682640712 0.313725 0.313725 1
v -0.0279126304 -0.0137130114 -0.06988763 0.313725 0.313725 1
v -0.0277841393 -0.0137312097 -0.0715093796 0.313725 0.313725 1
v -0.0276362646 -0.013747712 -0.0731294541 0.313725 0.313725 1
v -0.0274466224 -0.013758056 -0.0747452528 0.313725 0.313725 1
v -0.0272210448 -0.0137635593 -0.0763564222 0.313725 0.313725 1
v -0.0269590067 -0.0137705246 -0.0779620916 0.705882 0.470588 0.156863
v -0.0266755682 -0.0137882655 -0.0795640266 0.705882 0.470588 0.156863
v -0.0263409119 -0.0138013323 -0.0811560849 0.705882 0.470588 0.156863
v -0.0259594737 -0.013813923 -0.0827375622 0.705882 0.470588 0.156863
v -0.0255222673 -0.0138205332 -0.084304587 0.705882 0.470588 0.156863
v -0.0250622816 -0.0138312421 -0.0858650827 0.705882 0.470588 0.156863
v -0.0245536149 -0.0138403489 -0.0874102734 0.705882 0.470588 0.156863
v -0.0239898935 -0.0138423151 -0.0889360715 0.705882 0.470588 0.156863
v -0.0233547828 -0.0138351619 -0.090433688 0.470588 0.470588 0.470588
v -0.0226577318 -0.0138519415 -0.0919034416 0.470588 0.470588 0.470588
v -0.0219082659 -0.0138704532 -0.0933471345 0.470588 0.470588 0.470588
v -0.0211002494 -0.0138767106 -0.0947589768 0.470588 0.470588 0.470588
v -0.0202298392 -0.0138883606 -0.0961332412 0.470588 0.470588 0.470588
v -0.0193074138 -0.0138964334 -0.0974730389 0.470588 0.470588 0.470588
v -0.0183260109 -0.0139136183 -0.0987702225 1 0 0
v -0.0172857881 -0.0139233371 -0.100021064 1 0 0
v -0.0161852734 -0.0139356467 -0.101219114 1 0 0
v -0.0150330777 -0.0139501189 -0.102367315 1 0 0
v -0.0138317092 -0.0139647178 -0.103463768 1 0 0
v -0.0125829269 -0.0139778231 -0.104505887 1 0 0
v -0.0112908659 -0.0139924688 -0.105494047 0 1 0
v -0.00995862516 -0.0140070143 -0.106427661 0 1 0
v -0.00858463598 -0.0140195598 -0.10729874 0 1 0
v -0.00717736174 -0.0140306081 -0.108114644 0 1 0
v -0.00573910147 -0.0140395053 -0.108874693 0 1 0
v -0.00427131307 -0.0140465494 -0.109576105 0 1 0
v -0.00277658014 -0.0140529127 -0.110218436 0 1 0
v -0.0012533692 -0.0140502548 -0.110789883 0 1 0
v 0.000292319382 -0.0140505007 -0.111297169 0 0.501961 1
v 0.00185287968 -0.0140658898 -0.111756736 0 0.501961 1
v 0.00342388548 -0.0140719628 -0.112179246 0 0.501961 1
v 0.00500758728 -0.0140733891 -0.112551376 0 0.501961 1
v 0.00660840189 -0.0140664904 -0.112841586 0 0.501961 1
v 0.00821748485 -0.0140746313 -0.113080725 0 0.501961 1
v 0.00983194918 -0.0140749561 -0.113281524 1 0.784314 0
v 0.0114503027 -0.0140749608 -0.11344772 1 0.784314 0
v 0.013072814 -0.0140764608 -0.113562344 1 0.784314 0
v 0.0146990667 -0.0140748891 -0.113595939 1 0.784314 0
v 0.016325099 -0.0140756266 -0.113552311 1 0.784314 0
v 0.0179482239 -0.0140762218 -0.113446825 1 0.784314 0
v 0.0195658809 -0.0140769424 -0.113276323 1 0.784314 0
v 0.0211716639 -0.0140760223 -0.113015656 1 0.784314 0
v 0.022761272 -0.0140750766 -0.112670341 0.705882 0 1
v 0.0243342985 -0.0140733597 -0.112255835 0.705882 0 1
v 0.0258894513 -0.0140725592 -0.111779534 0.705882 0 1
v 0.0274223587 -0.0140758978 -0.11123482 0.705882 0 1
v 0.0289219042 -0.0140673788 -0.110603797 0.705882 0 1
v 0.0304026735 -0.0140745985 -0.109930063 0.705882 0 1
v 0.031876 -0.0140774627 -0.10924 0.705882 0 1
v -0.0303172082 -0.0118038826 0.0292815874 1 0.470588 0
v -0.0303195357 -0.0118073318 0.0276496431 1 0.470588 0
v -0.0303202122 -0.0118121775 0.0260177273 1 0.470588 0
v -0.0303306497 -0.0118235653 0.024385902 1 0.470588 0
v -0.0303311537 -0.0118288623 0.0227539692 1 0.470588 0
v -0.0303390779 -0.0118402547 0.0211220744 1 0.470588 0
v -0.0303481676 -0.0118490504 0.0194901741 0.470588 1 0
v -0.0303540343 -0.0118537249 0.0178582418 0.470588 1 0
v -0.0303703018 -0.0118624791 0.0162263982 0.470588 1 0
v -0.0304110215 -0.0118728138 0.0145949886 0.470588 1 0
v -0.0304656899 -0.0118839115 0.0129639905 0.470588 1 0
v -0.0305261084 -0.011890889 0.0113331763 0.470588 1 0
v -0.0305855221 -0.0119013709 0.00970236139 0.470588 1 0
v -0.0306432891 -0.0119143487 0.00807149844 0.470588 1 0
v -0.0306975538 -0.0119275046 0.00644055509 1 0 0.705882
v -0.0307400823 -0.0119356816 0.00480919413 1 0 0.705882
v -0.0307616298 -0.0119387268 0.00317741218 1 0 0.705882
v -0.0307750929 -0.0119428283 0.00154559636 1 0 0.705882
v -0.0307667641 -0.0119417763 -8.63259374e-05 1 0 0.705882
v -0.0307521949 -0.011943122 -0.00171815628 1 0 0.705882
v -0.0307359219 -0.0119459859 -0.00334995834 1 0 0.705882
v -0.0306962307 -0.0119422756 -0.00498142885 1 0 0.705882
v -0.0306493135 -0.0119383268 -0.00661263316 0.313725 0.313725 1
v -0.0305855911 -0.0119304306 -0.00824328311 0.313725 0.313725 1
v -0.0305281864 -0.0119256908 -0.00987416423 0.313725 0.313725 1
v -0.0304572106 -0.0119182811 -0.0115045389 0.313725 0.313725 1
v -0.030383296 -0.011908986 -0.0131346951 0.313725 0.313725 1
v -0.0302934485 -0.0118909078 -0.014764051 0.313725 0.313725 1
v -0.0302137656 -0.0118696958 -0.0163939125 0.705882 0.470588 0.156863
v -0.0301302975 -0.0118528946 -0.018023629 0.705882 0.470588 0.156863
v -0.0300442597 -0.0118396604 -0.0196532322 0.705882 0.470588 0.156863
v -0.0299438087 -0.0118213594 -0.0212819063 0.705882 0.470588 0.156863
v -0.0298487949 -0.0118016921 -0.0229108862 0.705882 0.470588 0.156863
v -0.0297634009 -0.0117921672 -0.0245405341 0.705882 0.470588 0.156863
v -0.0296558203 -0.0117698174 -0.0261687223 0.705882 0.470588 0.156863
v -0.0295587652 -0.0117461658 -0.0277975514 0.705882 0.470588 0.156863
v -0.0294613488 -0.0117293423 -0.0294264486 0.470588 0.470588 0.470588
v -0.0293810706 -0.0117202111 -0.0310562592 0.470588 0.470588 0.470588
v -0.0293268761 -0.0117115925 -0.0326872357 0.470588 0.470588 0.470588
v -0.029272515 -0.011700079 -0.0343181806 0.470588 0.470588 0.470588
v -0.0292391604 -0.0116955198 -0.0359497044 0.470588 0.470588 0.470588
v -0.0292365461 -0.0116814219 -0.0375815057 0.470588 0.470588 0.470588
v -0.0292200084 -0.0116948274 -0.039213199 1 0 0
v -0.0291978151 -0.0116943486 -0.0408449318 1 0 0
v -0.0291905621 -0.0117013439 -0.0424768359 1 0 0
v -0.0291579066 -0.0117002017 -0.0441084474 1 0 0
v -0.0291469193 -0.0116940963 -0.0457403434 1 0 0
v -0.0291243369 -0.0116983604 -0.0473721093 1 0 0
v -0.0291137851 -0.0117065834 -0.0490039777 1 0 0
v -0.0291085586 -0.0117165855 -0.0506358777 1 0 0
v -0.029080443 -0.0117218537 -0.0522674634 0 1 0
v -0.0290768706 -0.0117377195 -0.0538992686 0 1 0
v -0.029064311 -0.0117451517 -0.0555310771 0 1 0
v -0.0290591676 -0.0117677325 -0.0571628118 0 1 0
v -0.0290402542 -0.0117779892 -0.0587946285 0 1 0
v -0.0290226736 -0.0117918956 -0.0604264285 0 1 0
v -0.0289955159 -0.0118048783 -0.0620581007 0 1 0
v -0.028949957 -0.0118180079 -0.0636893155 0 1 0
v -0.0288871569 -0.0118362278 -0.0653199609 0 0.501961 1
v -0.0288127302 -0.0118480777 -0.0669501272 0 0.501961 1
v -0.0287232138 -0.0118638988 -0.068579532 0 0.501961 1
v -0.0285921425 -0.0118769839 -0.0702061618 0 0.501961 1
v -0.0284509701 -0.0118915274 -0.0718319273 0 0.501961 1
v -0.0282738192 -0.0118986149 -0.0734542152 0 0.501961 1
v -0.0280745742 -0.0119059215 -0.0750739041 0 0.501961 1
v -0.0278253082 -0.0119017517 -0.0766866828 0 0.501961 1
v -0.0275512498 -0.0119064379 -0.0782954359 1 0.784314 0
v -0.0272408923 -0.0119186279 -0.0798975202 1 0.784314 0
v -0.0268934363 -0.0119305351 -0.0814919537 1 0.784314 0
v -0.0264873879 -0.0119370348 -0.0830725288 1 0.784314 0
v -0.0260412597 -0.011940998 -0.0846422952 1 0.784314 0
v -0.0255632874 -0.0119406093 -0.0862025937 1 0.784314 0
v -0.0250409938 -0.0119558555 -0.0877485331 1 0.784314 0
v -0.0244493157 -0.0119587548 -0.089269233 1 0.784314 0
v -0.0237989719 -0.0119651504 -0.090765656 0.705882 0 1
v -0.0230887015 -0.0119696568 -0.0922345552 0.705882 0 1
v -0.0223222914 -0.0119705308 -0.0936750311 0.705882 0 1
v -0.0214985161 -0.0119755576 -0.0950834157 0.705882 0 1
v -0.0206151791 -0.0119865947 -0.0964553792 0.705882 0 1
v -0.0196751623 -0.0119929811 -0.0977893056 0.705882 0 1
v -0.0186728699 -0.0119970916 -0.0990771171 0 0.862745 0.862745
v -0.017613031 -0.0120005178 -0.1003178 0 0.862745 0.862745
v -0.0164957724 -0.0120149039 -0.101506816 0 0.862745 0.862745
v -0.0153281841 -0.0120191299 -0.102646662 0 0.862745 0.862745
v -0.0141088507 -0.0120306245 -0.103730934 0 0.862745 0.862745
v -0.0128433222 -0.0120370542 -0.104760943 0 0.862745 0.862745
v -0.0115345279 -0.0120378655 -0.105735613 1 0.470588 0
v -0.0101800524 -0.0120536176 -0.106645698 1 0.470588 0
v -0.00878888743 -0.0120662984 -0.10749838 1 0.470588 0
v -0.00736483113 -0.0120731105 -0.108294734 1 0.470588 0
v -0.0059106891 -0.0120807095 -0.109034783 1 0.470588 0
v -0.00442858382 -0.0120874143 -0.109717478 1 0.470588 0
v -0.0029177769 -0.01209273 -0.110334249 1 0.470588 0
v -0.00138059872 -0.0120966373 -0.110881414 1 0.470588 0
v 0.000174792917 -0.0120951958 -0.111374484 0.470588 1 0
v 0.00174309756 -0.0120989489 -0.111825489 0.470588 1 0
v 0.00332220803 -0.0121022006 -0.112236833 0.470588 1 0
v 0.00491526478 -0.0121026939 -0.112589849 0.470588 1 0
v 0.00652305134 -0.0121053682 -0.112868441 0.470588 1 0
v 0.00813849535 -0.0121043131 -0.113099407 0.470588 1 0
v 0.00975828268 -0.0121012202 -0.113297743 1 0 0.705882
v 0.0113821617 -0.0121056661 -0.113459456 1 0 0.705882
v 0.0130101954 -0.012103155 -0.113569931 1 0 0.705882
v 0.0146416726 -0.0121079864 -0.113602887 1 0 0.705882
v 0.0162731278 -0.0121082155 -0.113563636 1 0 0.705882
v 0.0179015367 -0.0121065275 -0.113457959 1 0 0.705882
v 0.019523088 -0.0121078457 -0.113276165 1 0 0.705882
v 0.0211330436 -0.0121084291 -0.113010944 1 0 0.705882
v 0.0227282927 -0.0121049171 -0.112668058 0.313725 0.313725 1
v 0.0243080071 -0.0121069074 -0.112259206 0.313725 0.313725 1
v 0.0258685911 -0.0121020516 -0.111782474 0.313725 0.313725 1
v 0.0274025576 -0.0121043865 -0.111226298 0.313725 0.313725 1
v 0.0289103474 -0.0121066537 -0.110602771 0.313725 0.313725 1
v 0.0303977435 -0.0121083677 -0.109931409 0.313725 0.313725 1
v 0.031876 -0.0121088109 -0.10924 0.313725 0.313725 1
v -0.0309767026 -0.0099492576 0.0292812644 1 0.470588 0
v -0.0309831795 -0.00995584395 0.0276449216 1 0.470588 0
v -0.0309738085 -0.00995899334 0.0260086033 1 0.470588 0
v -0.0309740483 -0.00996632373 0.0243722598 1 0.470588 0
v -0.0309694653 -0.0099708156 0.022735897 1 0.470588 0
v -0.0309740696 -0.00996672015 0.0210995347 1 0.470588 0
v -0.0309668854 -0.00997789522 0.0194632182 0.470588 1 0
v -0.0309712645 -0.00998421455 0.0178268656 0.470588 1 0
v -0.0309766843 -0.00998804036 0.016190516 0.470588 1 0
v -0.0310108116 -0.00999775554 0.0145545161 0.470588 1 0
v -0.0310590896 -0.0100086766 0.0129188719 0.470588 1 0
v -0.0310967336 -0.0100114275 0.0112829487 0.470588 1 0
v -0.0311520244 -0.0100191754 0.00964751676 0.470588 1 0
v -0.0312051338 -0.0100301439 0.00801202927 0.470588 1 0
v -0.0312447332 -0.0100371142 0.00637615823 1 0 0.705882
v -0.0312861189 -0.0100443078 0.00474031802 1 0 0.705882
v -0.031305202 -0.0100455639 0.00310409064 1 0 0.705882
v -0.031316528 -0.0100508829 0.00146775305 1 0 0.705882
v -0.0313174947 -0.0100560862 -0.000168628134 1 0 0.705882
v -0.0312951973 -0.0100468964 -0.00180476988 1 0 0.705882
v -0.0312834633 -0.0100524185 -0.0034410765 1 0 0.705882
v -0.0312498409 -0.0100528478 -0.00507712319 1 0 0.705882
v -0.0312113969 -0.0100527397 -0.00671304444 0.313725 0.313725 1
v -0.0311533457 -0.0100466149 -0.00834835712 0.313725 0.313725 1
v -0.0310972142 -0.0100412527 -0.00998373044 0.313725 0.313725 1
v -0.0310320349 -0.010036299 -0.011618781 0.313725 0.313725 1
v -0.0309681932 -0.0100311439 -0.0132537991 0.313725 0.313725 1
v -0.0309072213 -0.0100236738 -0.0148889019 0.313725 0.313725 1
v -0.0308405439 -0.010012468 -0.0165238172 0.705882 0.470588 0.156863
v -0.0307683317 -0.0100014911 -0.0181585764 0.705882 0.470588 0.156863
v -0.0306914637 -0.00999033097 -0.019793126 0.705882 0.470588 0.156863
v -0.0306213917 -0.0099793975 -0.0214279406 0.705882 0.470588 0.156863
v -0.0305456273 -0.00996925581 -0.0230624381 0.705882 0.470588 0.156863
v -0.0304596676 -0.00995630987 -0.0246963714 0.705882 0.470588 0.156863
v -0.0303745347 -0.00993568525 -0.0263302795 0.705882 0.470588 0.156863
v -0.0303019228 -0.00991701329 -0.0279647932 0.705882 0.470588 0.156863
v -0.0302189859 -0.00989861968 -0.0295989357 0.470588 0.470588 0.470588
v -0.030155248 -0.00990019867 -0.0312340645 0.470588 0.470588 0.470588
v -0.0300947167 -0.00989567021 -0.0328693087 0.470588 0.470588 0.470588
v -0.0300714986 -0.00990216325 -0.0345055055 0.470588 0.470588 0.470588
v -0.0300353453 -0.00989736028 -0.036141468 0.470588 0.470588 0.470588
v -0.0300224882 -0.00988570486 -0.0377776646 0.470588 0.470588 0.470588
v -0.0300195439 -0.00989465145 -0.0394139544 1 0 0
v -0.0299889825 -0.00989298149 -0.0410500459 1 0 0
v -0.0299738164 -0.00989716149 -0.042686323 1 0 0
v -0.0299436786 -0.00989611544 -0.0443223927 1 0 0
v -0.029933677 -0.00989363218 -0.0459587212 1 0 0
v -0.0299015108 -0.00989466489 -0.0475947795 1 0 0
v -0.0298888578 -0.00989265796 -0.0492310991 1 0 0
v -0.0298681557 -0.00989874378 -0.0508672799 1 0 0
v -0.0298413117 -0.00990636088 -0.0525033627 0 1 0
v -0.0298212939 -0.00991536871 -0.0541394776 0 1 0
v -0.0297997443 -0.00992012841 -0.0557756031 0 1 0
v -0.0297767433 -0.00993466999 -0.0574116459 0 1 0
v -0.0297439757 -0.00994265725 -0.0590476553 0 1 0
v -0.0297237448 -0.00995626221 -0.0606837751 0 1 0
v -0.0296775473 -0.00996070735 -0.0623194778 0 1 0
v -0.0296077434 -0.00996992841 -0.0639543558 0 1 0
v -0.0295273833 -0.00998088844 -0.0655887357 0 0.501961 1
v -0.0294327179 -0.00998481233 -0.0672223709 0 0.501961 1
v -0.0293143943 -0.00999393804 -0.0688543868 0 0.501961 1
v -0.0291687315 -0.0100035991 -0.070484254 0 0.501961 1
v -0.0290056142 -0.0100118716 -0.0721124375 0 0.501961 1
v -0.0288168302 -0.0100165036 -0.0737378839 0 0.501961 1
v -0.0285998412 -0.0100162362 -0.0753597095 0 0.501961 1
v -0.0283387826 -0.0100081244 -0.0769750991 0 0.501961 1
v -0.0280515926 -0.0100110808 -0.0785859769 1 0.784314 0
v -0.0277227906 -0.0100210584 -0.080188929 1 0.784314 0
v -0.0273587413 -0.0100307591 -0.0817840398 1 0.784314 0
v -0.0269333619 -0.010033521 -0.0833641466 1 0.784314 0
v -0.0264813635 -0.0100347988 -0.084936825 1 0.784314 0
v -0.0259888719 -0.0100321914 -0.0864971617 1 0.784314 0
v -0.0254466649 -0.010045659 -0.0880406622 1 0.784314 0
v -0.0248403634 -0.0100415757 -0.0895603782 1 0.784314 0
v -0.0241812854 -0.0100393529 -0.0910579655 0.705882 0 1
v -0.0234616414 -0.0100486119 -0.0925274819 0.705882 0 1
v -0.0226868435 -0.0100496788 -0.0939687173 0.705882 0 1
v -0.0218492059 -0.0100631472 -0.0953743727 0.705882 0 1
v -0.0209486065 -0.01006313 -0.0967405909 0.705882 0 1
v -0.0199896129 -0.0100641997 -0.0980663497 0.705882 0 1
v -0.0189714018 -0.010069291 -0.099347026 0 0.862745 0.862745
v -0.0178970155 -0.0100722783 -0.100580848 0 0.862745 0.862745
v -0.0167668733 -0.0100743353 -0.101763626 0 0.862745 0.862745
v -0.0155825647 -0.0100798161 -0.102892348 0 0.862745 0.862745
v -0.0143483001 -0.0100903784 -0.103966437 0 0.862745 0.862745
v -0.0130665133 -0.0100972215 -0.104983548 0 0.862745 0.862745
v -0.0117382594 -0.0101038504 -0.105939083 1 0.470588 0
v -0.0103702323 -0.0101066733 -0.106836523 1 0.470588 0
v -0.0089650375 -0.0101123517 -0.107674612 1 0.470588 0
v -0.00752599765 -0.0101174974 -0.108453258 1 0.470588 0
v -0.00605791439 -0.0101173318 -0.109175746 1 0.470588 0
v -0.00456261611 -0.0101179234 -0.109840351 1 0.470588 0
v -0.0030401367 -0.0101219024 -0.110439897 1 0.470588 0
v -0.00149421001 -0.0101251611 -0.110975608 1 0.470588 0
v 7.13784473e-05 -0.0101338898 -0.111451024 0.470588 1 0
v 0.00164826523 -0.0101354948 -0.111888041 0.470588 1 0
v 0.00323571792 -0.0101353603 -0.112284351 0.470588 1 0
v 0.00483595553 -0.0101350539 -0.11262481 0.470588 1 0
v 0.00644957865 -0.0101368094 -0.112896119 0.470588 1 0
v 0.00807005132 -0.0101378985 -0.113123334 0.470588 1 0
v 0.0096950876 -0.0101369937 -0.113314993 1 0 0.705882
v 0.0113243733 -0.0101362271 -0.113466264 1 0 0.705882
v 0.012957761 -0.0101379037 -0.113559863 1 0 0.705882
v 0.0145934962 -0.0101346744 -0.113591351 1 0 0.705882
v 0.0162292959 -0.0101325893 -0.113562454 1 0 0.705882
v 0.0178623537 -0.01013902 -0.113460884 1 0 0.705882
v 0.0194880316 -0.0101354681 -0.113278096 1 0 0.705882
v 0.0211019411 -0.0101367148 -0.113011274 1 0 0.705882
v 0.0227030399 -0.0101386811 -0.112675259 0.313725 0.313725 1
v 0.0242873483 -0.0101388503 -0.112266307 0.313725 0.313725 1
v 0.0258526396 -0.0101386096 -0.111789707 0.313725 0.313725 1
v 0.0273935625 -0.0101306743 -0.111239299 0.313725 0.313725 1
v 0.0289047001 -0.0101331744 -0.110611679 0.313725 0.313725 1
v 0.0303946087 -0.0101370231 -0.109935152 0.313725 0.313725 1
v 0.031876 -0.0101401591 -0.10924 0.313725 0.313725 1
v -0.0315413248 -0.0080637851 0.029281161 1 0.470588 0
v -0.0315502799 -0.00807117475 0.0276410592 1 0.470588 0
v -0.0315273442 -0.00807108351 0.026001086 1 0.470588 0
v -0.0315208704 -0.00807539293 0.0243609881 1 0.470588 0
v -0.0315096896 -0.00807861365 0.022720914 1 0.470588 0
v -0.031502195 -0.00808037527 0.0210808161 1 0.470588 0
v -0.0314822467 -0.00807973972 0.0194407881 0.470588 1 0
v -0.0314867271 -0.00808680206 0.0178006611 0.470588 1 0
v -0.0314836686 -0.00808667235 0.016160552 0.470588 1 0
v -0.0315086473 -0.00809514416 0.0145206191 0.470588 1 0
v -0.0315353425 -0.00809733527 0.0128806894 0.470588 1 0
v -0.0315689386 -0.00810300931 0.0112409124 0.470588 1 0
v -0.0316189258 -0.00810932066 0.0096015306 0.470588 1 0
v -0.0316631048 -0.00810814499 0.00796201259 0.470588 1 0
v -0.0316953537 -0.00811459524 0.00632225552 1 0 0.705882
v -0.0317256375 -0.00812480782 0.00468249009 1 0 0.705882
v -0.0317378917 -0.00812404728 0.00304241438 1 0 0.705882
v -0.0317346437 -0.00812627247 0.00140226674 1 0 0.705882
v -0.0317238367 -0.00812690017 -0.000237849062 1 0 0.705882
v -0.0317139026 -0.0081280224 -0.00187797115 1 0 0.705882
v -0.0316996183 -0.00812417762 -0.00351802497 1 0 0.705882
v -0.031675961 -0.0081280457 -0.00515797445 1 0 0.705882
v -0.0316373228 -0.00813091424 -0.00679766027 0.313725 0.313725 1
v -0.0315921056 -0.00812647208 -0.00843713351 0.313725 0.313725 1
v -0.0315428301 -0.00812143032 -0.0100764663 0.313725 0.313725 1
v -0.0314807503 -0.00811833153 -0.0117154207 0.313725 0.313725 1
v -0.0314229538 -0.00811663765 -0.0133544642 0.313725 0.313725 1
v -0.0313795591 -0.00811203491 -0.0149939832 0.313725 0.313725 1
v -0.0313378107 -0.00809831247 -0.016633549 0.705882 0.470588 0.156863
v -0.0312860883 -0.00808502469 -0.0182728226 0.705882 0.470588 0.156863
v -0.0312246885 -0.0080881806 -0.0199117727 0.705882 0.470588 0.156863
v -0.0311705886 -0.00809093989 -0.0215509761 0.705882 0.470588 0.156863
v -0.0311014938 -0.0080807323 -0.0231896214 0.705882 0.470588 0.156863
v -0.0310301128 -0.00806999145 -0.024828119 0.705882 0.470588 0.156863
v -0.030972441 -0.00806658996 -0.0264671395 0.705882 0.470588 0.156863
v -0.0309120737 -0.00806528079 -0.0281061376 0.705882 0.470588 0.156863
v -0.0308365886 -0.00805405291 -0.029744509 0.470588 0.470588 0.470588
v -0.0307799217 -0.00805047136 -0.0313835606 0.470588 0.470588 0.470588
v -0.0307384204 -0.00804605998 -0.0330230903 0.470588 0.470588 0.470588
v -0.0307182874 -0.0080426896 -0.0346630326 0.470588 0.470588 0.470588
v -0.0306843751 -0.00803971864 -0.0363027354 0.470588 0.470588 0.470588
v -0.0306713399 -0.00803720518 -0.0379427254 0.470588 0.470588 0.470588
v -0.0306661902 -0.00803769572 -0.0395828586 1 0 0
v -0.030650591 -0.00803584532 -0.0412228631 1 0 0
v -0.0306258675 -0.00804198876 -0.0428627611 1 0 0
v -0.0306023584 -0.00804150437 -0.0445026762 1 0 0
v -0.0305861796 -0.00804172217 -0.0461426768 1 0 0
v -0.0305589641 -0.00803579425 -0.0477825502 1 0 0
v -0.0305359795 -0.00802896509 -0.0494224504 1 0 0
v -0.0304964686 -0.00803857746 -0.0510620199 1 0 0
v -0.0304671324 -0.00804715913 -0.0527018527 0 1 0
v -0.0304281756 -0.00804954834 -0.0543414258 0 1 0
v -0.0303979122 -0.00805143726 -0.0559811947 0 1 0
v -0.0303589075 -0.00806037159 -0.057620763 0 1 0
v -0.0303239052 -0.0080634848 -0.0592604943 0 1 0
v -0.0302840357 -0.00806850624 -0.0609001051 0 1 0
v -0.0302239389 -0.0080700521 -0.0625391383 0 1 0
v -0.030143159 -0.00807549771 -0.0641772178 0 1 0
v -0.0300500255 -0.00808652138 -0.0658146794 0 0.501961 1
v -0.0299429211 -0.00808878292 -0.0674512208 0 0.501961 1
v -0.0298046201 -0.00809221737 -0.0690855114 0 0.501961 1
v -0.0296467082 -0.00810024399 -0.0707179704 0 0.501961 1
v -0.0294640878 -0.00810393122 -0.0723479243 0 0.501961 1
v -0.0292659395 -0.00810632583 -0.0739760015 0 0.501961 1
v -0.0290289975 -0.00809738311 -0.0755988869 0 0.501961 1
v -0.028762271 -0.00808580368 -0.077217103 0 0.501961 1
v -0.0284580334 -0.00808673063 -0.0788287281 1 0.784314 0
v -0.0281206536 -0.00809781463 -0.0804336945 1 0.784314 0
v -0.0277370802 -0.0081050096 -0.0820281205 1 0.784314 0
v -0.027302848 -0.00810839029 -0.0836096862 1 0.784314 0
v -0.0268371858 -0.00810963389 -0.0851821984 1 0.784314 0
v -0.0263392058 -0.00811097486 -0.0867448073 1 0.784314 0
v -0.025793364 -0.00811546821 -0.0882910929 1 0.784314 0
v -0.0251830412 -0.00809473945 -0.089812843 1 0.784314 0
v -0.0244928731 -0.00811579883 -0.0913003818 0.705882 0 1
v -0.0237567026 -0.00812179632 -0.0927659848 0.705882 0 1
v -0.022966225 -0.00812204417 -0.0942029833 0.705882 0 1
v -0.022119657 -0.00812265196 -0.095607522 0.705882 0 1
v -0.0212119526 -0.00812708322 -0.096973125 0.705882 0 1
v -0.0202446825 -0.00812626627 -0.0982972797 0.705882 0 1
v -0.0192190603 -0.00812447068 -0.0995768079 0 0.862745 0.862745
v -0.0181365482 -0.00812544195 -0.100808685 0 0.862745 0.862745
v -0.0169969029 -0.00813938642 -0.101987893 0 0.862745 0.862745
v -0.0158022416 -0.00814358258 -0.103111606 0 0.862745 0.862745
v -0.014550836 -0.00813975977 -0.104171744 0 0.862745 0.862745
v -0.0132529051 -0.00814500701 -0.105174166 0 0.862745 0.862745
v -0.0119119312 -0.00814416705 -0.106117932 1 0.470588 0
v -0.0105298781 -0.00815216313 -0.107000245 1 0.470588 0
v -0.00911085503 -0.00815222157 -0.107822111 1 0.470588 0
v -0.00765885168 -0.00815351719 -0.10858464 1 0.470588 0
v -0.00617672339 -0.00815714403 -0.109286966 1 0.470588 0
v -0.0046696873 -0.00816184064 -0.109933819 1 0.470588 0
v -0.00313843913 -0.0081631112 -0.110520577 1 0.470588 0
v -0.00158575216 -0.00816645766 -0.111047745 1 0.470588 0
v -1.47752144e-05 -0.00816514466 -0.111518379 0.470588 1 0
v 0.00156917855 -0.00816581688 -0.111943591 0.470588 1 0
v 0.00316279606 -0.00816655278 -0.112330498 0.470588 1 0
v 0.0047692549 -0.00816602919 -0.112659946 0.470588 1 0
v 0.00638844988 -0.00816463905 -0.112920593 0.470588 1 0
v 0.00801318467 -0.00816312571 -0.113144178 0.470588 1 0
v 0.00964243839 -0.00816350746 -0.113331828 1 0 0.705882
v 0.0112762081 -0.00817031009 -0.113473817 1 0 0.705882
v 0.0129135437 -0.00817092588 -0.113566791 1 0 0.705882
v 0.014553073 -0.00816974683 -0.113600939 1 0 0.705882
v 0.0161924416 -0.00817130601 -0.113561583 1 0 0.705882
v 0.0178293502 -0.0081682073 -0.113460927 1 0 0.705882
v 0.0194601148 -0.00816833188 -0.113287551 1 0 0.705882
v 0.0210805382 -0.00816929801 -0.113035373 1 0 0.705882
v 0.0226844251 -0.00816436431 -0.112692423 0.313725 0.313725 1
v 0.0242686218 -0.00816780515 -0.112267797 0.313725 0.313725 1
v 0.0258371942 -0.0081692315 -0.11178974 0.313725 0.313725 1
v 0.0273813441 -0.00816833588 -0.111238815 0.313725 0.313725 1
v 0.0288972564 -0.0081689013 -0.110613563 0.313725 0.313725 1
v 0.0303912209 -0.00816822449 -0.109936803 0.313725 0.313725 1
v 0.031876 -0.00817150735 -0.10924 0.313725 0.313725 1
v -0.0320010569 -0.00615023131 0.0292814253 1 0.470588 0
v -0.0319977653 -0.00615425636 0.027638196 1 0.470588 0
v -0.031978011 -0.00615527914 0.0259950804 1 0.470588 0
v -0.0319607065 -0.00615702301 0.0243519607 1 0.470588 0
v -0.0319506256 -0.00615993554 0.0227087549 1 0.470588 0
v -0.0319266341 -0.00615866243 0.021065684 1 0.470588 0
v -0.0319031049 -0.00615707605 0.0194226384 0.470588 1 0
v -0.031895976 -0.00616037099 0.017779408 0.470588 1 0
v -0.0318953063 -0.0061623491 0.0161361854 0.470588 1 0
v -0.0319029755 -0.00616313423 0.0144930178 0.470588 1 0
v -0.0319205927 -0.0061521215 0.0128499292 0.470588 1 0
v -0.0319474806 -0.0061545837 0.0112069917 0.470588 1 0
v -0.0319745042 -0.00616868206 0.00956406328 0.470588 1 0
v -0.032004566 -0.00616365551 0.00792115729 0.470588 1 0
v -0.0320311781 -0.0061670758 0.00627838913 1 0 0.705882
v -0.0320507772 -0.00617516903 0.00463534342 1 0 0.705882
v -0.0320597942 -0.00618047139 0.00299218354 1 0 0.705882
v -0.0320494474 -0.00618223734 0.00134898539 1 0 0.705882
v -0.0320311562 -0.00618070479 -0.000294163003 1 0 0.705882
v -0.0320147365 -0.00617987076 -0.00193731796 1 0 0.705882
v -0.0319951824 -0.00618023431 -0.00358043121 1 0 0.705882
v -0.0319805894 -0.00617303505 -0.00522352879 1 0 0.705882
v -0.0319454061 -0.00618106854 -0.00686634146 0.313725 0.313725 1
v -0.0318992222 -0.00617823743 -0.00850889866 0.313725 0.313725 1
v -0.0318546403 -0.00617742024 -0.0101515294 0.313725 0.313725 1
v -0.0318068306 -0.00617799607 -0.0117940668 0.313725 0.313725 1
v -0.0317719628 -0.0061794092 -0.0134368844 0.313725 0.313725 1
v -0.0317331028 -0.00617289419 -0.0150796108 0.313725 0.313725 1
v -0.0317091393 -0.00616041307 -0.0167225873 0.705882 0.470588 0.156863
v -0.0316822759 -0.00615571344 -0.0183655659 0.705882 0.470588 0.156863
v -0.0316355174 -0.00616339446 -0.0200080498 0.705882 0.470588 0.156863
v -0.0315953012 -0.00616726926 -0.0216507263 0.705882 0.470588 0.156863
v -0.0315428255 -0.00616099326 -0.0232930775 0.705882 0.470588 0.156863
v -0.0314814171 -0.00614753666 -0.0249350844 0.705882 0.470588 0.156863
v -0.0314286609 -0.0061423401 -0.0265773539 0.705882 0.470588 0.156863
v -0.0313739567 -0.00613538943 -0.0282196159 0.705882 0.470588 0.156863
v -0.0313269403 -0.0061451833 -0.0298621182 0.470588 0.470588 0.470588
v -0.0312750039 -0.00614407136 -0.0315043276 0.470588 0.470588 0.470588
v -0.0312387918 -0.00614243117 -0.0331470469 0.470588 0.470588 0.470588
v -0.0312173899 -0.00613950897 -0.0347900708 0.470588 0.470588 0.470588
v -0.0311951559 -0.00613859233 -0.0364331169 0.470588 0.470588 0.470588
v -0.0311894141 -0.00609830128 -0.0380753222 0.470588 0.470588 0.470588
v -0.0311822064 -0.00613488013 -0.0397175741 1 0 0
v -0.0311737711 -0.0061329514 -0.0413605581 1 0 0
v -0.0311419294 -0.00613576377 -0.0430033974 1 0 0
v -0.0311208046 -0.00613800604 -0.0446463702 1 0 0
v -0.0311016709 -0.00614530742 -0.0462894036 1 0 0
v -0.0310872602 -0.00614619759 -0.0479325404 1 0 0
v -0.0310481974 -0.00614128717 -0.0495752382 1 0 0
v -0.0309996401 -0.0061432564 -0.0512176638 1 0 0
v -0.0309634842 -0.00614650734 -0.0528604789 0 1 0
v -0.0309117246 -0.00614501072 -0.0545028545 0 1 0
v -0.0308783765 -0.00614771142 -0.0561457407 0 1 0
v -0.0308314142 -0.00614767871 -0.0577882683 0 1 0
v -0.0307892835 -0.00615150809 -0.0594308692 0 1 0
v -0.0307267006 -0.00615248978 -0.0610728907 0 1 0
v -0.0306480692 -0.00615381335 -0.0627142182 0 1 0
v -0.0305607833 -0.00616033302 -0.064355109 0 1 0
v -0.0304632705 -0.00616372081 -0.0659954459 0 0.501961 1
v -0.0303372176 -0.00616112657 -0.0676338339 0 0.501961 1
v -0.0301897636 -0.00616421258 -0.0692704292 0 0.501961 1
v -0.0300140504 -0.00616999245 -0.0709041908 0 0.501961 1
v -0.0298214715 -0.00617237346 -0.0725361178 0 0.501961 1
v -0.0296078288 -0.00617071695 -0.0741653044 0 0.501961 1
v -0.0293648985 -0.00615519258 -0.0757903781 0 0.501961 1
v -0.0290898926 -0.00613584668 -0.0774101331 0 0.501961 1
v -0.0287812343 -0.00613813119 -0.0790240424 1 0.784314 0
v -0.0284369856 -0.00615114404 -0.0806306114 1 0.784314 0
v -0.0280433351 -0.00615708177 -0.0822258827 1 0.784314 0
v -0.0276011852 -0.00616526357 -0.0838084122 1 0.784314 0
v -0.0271230669 -0.00616017592 -0.0853802406 1 0.784314 0
v -0.0266089334 -0.00615772954 -0.0869406356 1 0.784314 0
v -0.0260529534 -0.00615645156 -0.0884864758 1 0.784314 0
v -0.0254401548 -0.00612616075 -0.0900104711 1 0.784314 0
v -0.0247537426 -0.00614045944 -0.091503386 0.705882 0 1
v -0.0240043071 -0.00615880934 -0.0929656207 0.705882 0 1
v -0.0232021665 -0.00617616405 -0.0943994882 0.705882 0 1
v -0.022345178 -0.00617426673 -0.0958013022 0.705882 0 1
v -0.0214287707 -0.00616987318 -0.097164915 0.705882 0 1
v -0.0204524676 -0.00616705147 -0.09848611 0.705882 0 1
v -0.0194150539 -0.00617839506 -0.0997601307 0 0.862745 0.862745
v -0.0183228176 -0.00617037198 -0.100987683 0 0.862745 0.862745
v -0.0171690779 -0.00618123548 -0.102157331 0 0.862745 0.862745
v -0.0159636451 -0.00616693124 -0.103273482 0 0.862745 0.862745
v -0.0147060067 -0.00617776127 -0.104329981 0 0.862745 0.862745
v -0.0134013588 -0.00618826144 -0.10532841 0 0.862745 0.862745
v -0.0120535018 -0.00617667521 -0.106267816 1 0.470588 0
v -0.010663075 -0.00618063482 -0.107143335 1 0.470588 0
v -0.00923100259 -0.00619372664 -0.107949055 1 0.470588 0
v -0.00776453253 -0.00619297957 -0.108690357 1 0.470588 0
v -0.00627366427 -0.00618998663 -0.109381159 1 0.470588 0
v -0.00476050267 -0.00618822398 -0.110021457 1 0.470588 0
v -0.00322396699 -0.00619452815 -0.110603231 1 0.470588 0
v -0.00166469576 -0.00619497383 -0.11112095 1 0.470588 0
v -8.67187868e-05 -0.00618750487 -0.111578995 0.470588 1 0
v 0.00150142912 -0.00618550873 -0.112000365 0.470588 1 0
v 0.00310054783 -0.00619587139 -0.112377376 0.470588 1 0
v 0.00471267188 -0.00619448254 -0.112695315 0.470588 1 0
v 0.00633584484 -0.00620040448 -0.112951032 0.470588 1 0
v 0.00796519017 -0.00619941913 -0.11316402 0.470588 1 0
v 0.00959818142 -0.00620107707 -0.113346338 1 0 0.705882
v 0.011235618 -0.00620110548 -0.113481252 1 0 0.705882
v 0.0128764295 -0.00620131474 -0.113567846 1 0 0.705882
v 0.0145191466 -0.00620207215 -0.113595818 1 0 0.705882
v 0.0161616678 -0.0062025744 -0.113558957 1 0 0.705882
v 0.0178020156 -0.00618905542 -0.113465501 1 0 0.705882
v 0.0194356443 -0.00619493109 -0.113290771 1 0 0.705882
v 0.0210579655 -0.00619481136 -0.1130322 1 0 0.705882
v 0.0226641052 -0.00620134529 -0.112687502 0.313725 0.313725 1
v 0.0242540168 -0.00619992867 -0.112273074 0.313725 0.313725 1
v 0.0258273347 -0.00619642576 -0.111799538 0.313725 0.313725 1
v 0.0273762544 -0.00619657033 -0.111251072 0.313725 0.313725 1
v 0.0288939049 -0.00619240714 -0.110621115 0.313725 0.313725 1
v 0.030388927 -0.00619962351 -0.109939188 0.313725 0.313725 1
v 0.031876 -0.00620285556 -0.10924 0.313725 0.313725 1
v -0.032349923 -0.00421342514 0.0292818585 1 0.470588 0
v -0.0323392195 -0.00421578833 0.0276362823 1 0.470588 0
v -0.03232296 -0.00421738845 0.0259907424 1 0.470588 0
v -0.0322920859 -0.00421695443 0.0243454146 1 0.470588 0
v -0.0322696126 -0.00421809014 0.0226999642 1 0.470588 0
v -0.0322454256 -0.00421792187 0.0210545383 1 0.470588 0
v -0.0322256076 -0.00421771894 0.0194090535 0.470588 1 0
v -0.0322060558 -0.00421772276 0.0177635663 0.470588 1 0
v -0.03219865 -0.00421899507 0.0161179545 0.470588 1 0
v -0.032193016 -0.00421997307 0.0144723804 0.470588 1 0
v -0.0322099758 -0.00421699517 0.0128268834 0.470588 1 0
v -0.0322246309 -0.00421415714 0.0111815063 0.470588 1 0
v -0.0322350838 -0.00420325093 0.00953620796 0.470588 1 0
v -0.0322550536 -0.00420688978 0.00789085212 0.470588 1 0
v -0.0322674203 -0.00421563288 0.00624532363 1 0 0.705882
v -0.0322708326 -0.00421631449 0.0045998013 1 0 0.705882
v -0.0322702087 -0.00422558103 0.00295426403 1 0 0.705882
v -0.0322606284 -0.00422045639 0.00130868663 1 0 0.705882
v -0.0322390353 -0.00422909559 -0.000336783258 1 0 0.705882
v -0.0322133902 -0.00422619939 -0.00198221318 1 0 0.705882
v -0.0321928532 -0.00422607519 -0.00362770329 1 0 0.705882
v -0.0321734467 -0.00421480614 -0.00527316242 1 0 0.705882
v -0.0321437867 -0.00422096288 -0.00691850874 0.313725 0.313725 1
v -0.0321047888 -0.00422647503 -0.00856367439 0.313725 0.313725 1
v -0.0320703291 -0.0042206958 -0.0102089325 0.313725 0.313725 1
v -0.0320319547 -0.00422576096 -0.0118541044 0.313725 0.313725 1
v -0.0320078551 -0.00422541632 -0.0134995272 0.313725 0.313725 1
v -0.0319745395 -0.00422265577 -0.0151448082 0.313725 0.313725 1
v -0.0319583054 -0.00421339531 -0.0167903119 0.705882 0.470588 0.156863
v -0.0319324585 -0.00421449143 -0.0184357359 0.705882 0.470588 0.156863
v -0.0319100329 -0.00421460716 -0.0200811548 0.705882 0.470588 0.156863
v -0.0318925592 -0.00420078252 -0.0217265605 0.705882 0.470588 0.156863
v -0.0318574008 -0.00420376596 -0.0233717675 0.705882 0.470588 0.156863
v -0.0318133368 -0.00420066059 -0.0250167714 0.705882 0.470588 0.156863
v -0.0317681121 -0.00419250898 -0.0266615846 0.705882 0.470588 0.156863
v -0.0317175845 -0.00418923411 -0.028306369 0.705882 0.470588 0.156863
v -0.0316825724 -0.00420408651 -0.0299515304 0.470588 0.470588 0.470588
v -0.0316397153 -0.00420311194 -0.0315965503 0.470588 0.470588 0.470588
v -0.0316187344 -0.0042101953 -0.0332419983 0.470588 0.470588 0.470588
v -0.0315983373 -0.00420933994 -0.0348874548 0.470588 0.470588 0.470588
v -0.0315846693 -0.00420133356 -0.0365328823 0.470588 0.470588 0.470588
v -0.0315860217 -0.00416735017 -0.0381774747 0.470588 0.470588 0.470588
v -0.031560991 -0.00420179606 -0.0398221652 1 0 0
v -0.0315497107 -0.00420257676 -0.041467636 1 0 0
v -0.0315184663 -0.0042077713 -0.0431128573 1 0 0
v -0.0315006889 -0.00421151262 -0.0447582178 1 0 0
v -0.0314832158 -0.00421507301 -0.0464036709 1 0 0
v -0.0314613825 -0.00421225142 -0.0480491013 1 0 0
v -0.0314326512 -0.00421321134 -0.0496944646 1 0 0
v -0.0313726469 -0.00421126072 -0.0513389805 1 0 0
v -0.0313368885 -0.00421057168 -0.0529842177 0 1 0
v -0.0312809018 -0.00421037721 -0.0546288825 0 1 0
v -0.0312440672 -0.00421206032 -0.0562740812 0 1 0
v -0.0311848551 -0.00421217342 -0.0579186422 0 1 0
v -0.0311323956 -0.00421562878 -0.0595633868 0 1 0
v -0.0310575481 -0.00421521487 -0.0612073144 0 1 0
v -0.0309736616 -0.00421301305 -0.0628507013 0 1 0
v -0.0308688466 -0.00421554764 -0.0644929591 0 1 0
v -0.0307519997 -0.00421698601 -0.0661343749 0 0.501961 1
v -0.0306199909 -0.00421168456 -0.067774702 0 0.501961 1
v -0.0304597907 -0.00421437111 -0.0694123742 0 0.501961 1
v -0.030275036 -0.00422075191 -0.0710475958 0 0.501961 1
v -0.0300729693 -0.00422223208 -0.0726807576 0 0.501961 1
v -0.0298525841 -0.00421853169 -0.0743115635 0 0.501961 1
v -0.0296102415 -0.00419420032 -0.0759389577 0 0.501961 1
v -0.0293308328 -0.00415936089 -0.0775601636 0 0.501961 1
v -0.0290220702 -0.0041635711 -0.0791763982 1 0.784314 0
v -0.0286721605 -0.00417688607 -0.0807841051 1 0.784314 0
v -0.028274845 -0.00419496301 -0.0823808151 1 0.784314 0
v -0.0278244516 -0.00421512593 -0.083963313 1 0.784314 0
v -0.0273432166 -0.00418315913 -0.085536153 1 0.784314 0
v -0.0268205074 -0.00420305458 -0.0870955035 1 0.784314 0
v -0.0262527598 -0.00421397481 -0.0886397335 1 0.784314 0
v -0.025627868 -0.00421691651 -0.090161527 1 0.784314 0
v -0.0249401415 -0.00422437434 -0.0916563367 0.705882 0 1
v -0.0241952146 -0.00422425557 -0.0931234685 0.705882 0 1
v -0.0233916862 -0.00421097271 -0.0945590931 0.705882 0 1
v -0.0225267085 -0.00421739811 -0.0959584214 0.705882 0 1
v -0.0216004275 -0.00422555579 -0.09731833 0.705882 0 1
v -0.0206133161 -0.00422445637 -0.0986349318 0.705882 0 1
v -0.0195694429 -0.00421765497 -0.0999068875 0 0.862745 0.862745
v -0.0184715673 -0.00421239912 -0.101132433 0 0.862745 0.862745
v -0.0173114034 -0.00421867231 -0.102299153 0 0.862745 0.862745
v -0.0160911962 -0.00422234353 -0.103402957 0 0.862745 0.862745
v -0.0148251549 -0.00422007478 -0.104453694 0 0.862745 0.862745
v -0.0135129193 -0.00421311919 -0.105446126 0 0.862745 0.862745
v -0.012156375 -0.00421655693 -0.106377437 1 0.470588 0
v -0.0107531393 -0.00422321806 -0.107236797 1 0.470588 0
v -0.00931373382 -0.00422639291 -0.108033789 1 0.470588 0
v -0.00784503311 -0.00422766068 -0.108775374 1 0.470588 0
v -0.00635148183 -0.00422814031 -0.109465918 1 0.470588 0
v -0.00483502892 -0.00422336029 -0.110104614 1 0.470588 0
v -0.00329125743 -0.00422941719 -0.110674208 1 0.470588 0
v -0.00172593401 -0.004207763 -0.111181028 1 0.470588 0
v -0.000146804936 -0.0041743117 -0.111641887 0.470588 1 0
v 0.00144614028 -0.00422988224 -0.112049716 0.470588 1 0
v 0.00304979523 -0.00422756276 -0.112418766 0.470588 1 0
v 0.00466711948 -0.0042257719 -0.11272246 0.470588 1 0
v 0.00629364237 -0.00422763786 -0.112971994 0.470588 1 0
v 0.00792562552 -0.00423295013 -0.113182826 0.470588 1 0
v 0.00956130649 -0.00423142039 -0.113362816 1 0 0.705882
v 0.0112017645 -0.00423122704 -0.11349267 1 0 0.705882
v 0.0128455485 -0.00422980635 -0.113568823 1 0 0.705882
v 0.0144906208 -0.00421341276 -0.113587756 1 0 0.705882
v 0.0161357588 -0.00420829496 -0.113555424 1 0 0.705882
v 0.017778486 -0.00421411125 -0.113458651 1 0 0.705882
v 0.0194148806 -0.00422829612 -0.11328682 1 0 0.705882
v 0.0210401399 -0.00423293439 -0.113031916 1 0 0.705882
v 0.0226491821 -0.0042338573 -0.112688915 0.313725 0.313725 1
v 0.0242416984 -0.00423311984 -0.112274997 0.313725 0.313725 1
v 0.0258166567 -0.00421828637 -0.111798934 0.313725 0.313725 1
v 0.0273657298 -0.00421638954 -0.111244427 0.313725 0.313725 1
v 0.028885946 -0.00422573464 -0.110614974 0.313725 0.313725 1
v 0.0303866086 -0.00422852726 -0.109939837 0.313725 0.313725 1
v 0.031876 -0.00423420377 -0.10924 0.313725 0.313725 1
v -0.0325950756 -0.00226060412 0.029282363 1 0.470588 0
v -0.0325701098 -0.00226084573 0.0276348121 1 0.470588 0
v -0.0325453876 -0.00226217998 0.0259872402 1 0.470588 0
v -0.0325143293 -0.00226145346 0.0243397774 1 0.470588 0
v -0.0324837984 -0.00226109223 0.0226923088 1 0.470588 0
v -0.0324664303 -0.00226075127 0.0210446388 1 0.470588 0
v -0.032439314 -0.00225269285 0.0193971185 0.470588 1 0
v -0.032418778 -0.00225145652 0.017749557 0.470588 1 0
v -0.0324060661 -0.00226146448 0.0161019314 0.470588 1 0
v -0.032387523 -0.00223468487 0.0144547503 0.470588 1 0
v -0.032391984 -0.00223698724 0.0128071963 0.470588 1 0
v -0.0323942516 -0.00223805957 0.0111594295 0.470588 1 0
v -0.0324080481 -0.00219886674 0.00951306917 0.470588 1 0
v -0.0324099763 -0.00224735786 0.00786773596 0.470588 1 0
v -0.0324120468 -0.00226306373 0.00622034802 1 0 0.705882
v -0.0324053754 -0.00224752379 0.00457271186 1 0 0.705882
v -0.0323951056 -0.00226041394 0.00292502949 1 0 0.705882
v -0.0323783945 -0.00225938759 0.00127734617 1 0 0.705882
v -0.0323607228 -0.00224058198 -0.000370210368 1 0 0.705882
v -0.0323401966 -0.00224981214 -0.00201766148 1 0 0.705882
v -0.0323185117 -0.00224433144 -0.00366524735 1 0 0.705882
v -0.0322913707 -0.00224433129 -0.00531272526 1 0 0.705882
v -0.0322658572 -0.00224989737 -0.00695973354 0.313725 0.313725 1
v -0.03223289 -0.00225618535 -0.00860709963 0.313725 0.313725 1
v -0.0322058206 -0.00226007424 -0.0102545924 0.313725 0.313725 1
v -0.0321787548 -0.00226132998 -0.0119021041 0.313725 0.313725 1
v -0.0321562853 -0.00225971272 -0.0135496967 0.313725 0.313725 1
v -0.0321293273 -0.00226286271 -0.0151972392 0.313725 0.313725 1
v -0.0321123852 -0.00226106317 -0.0168449125 0.705882 0.470588 0.156863
v -0.0320955448 -0.0022593771 -0.0184925592 0.705882 0.470588 0.156863
v -0.0320839875 -0.00225428375 -0.02014023 0.705882 0.470588 0.156863
v -0.0320659555 -0.00224130011 -0.0217875791 0.705882 0.470588 0.156863
v -0.0320491918 -0.0022014467 -0.0234346264 0.705882 0.470588 0.156863
v -0.0320236856 -0.00221180427 -0.0250821353 0.705882 0.470588 0.156863
v -0.0319919116 -0.00222771572 -0.0267293217 0.705882 0.470588 0.156863
v -0.0319520958 -0.00223263505 -0.0283763986 0.705882 0.470588 0.156863
v -0.0319187943 -0.00217793127 -0.0300205223 0.470588 0.470588 0.470588
v -0.031891228 -0.00219684305 -0.031667893 0.470588 0.470588 0.470588
v -0.0318700669 -0.00223871152 -0.0333144037 0.470588 0.470588 0.470588
v -0.031856234 -0.00224932674 -0.0349619445 0.470588 0.470588 0.470588
v -0.0318405913 -0.00223900662 -0.0366093797 0.470588 0.470588 0.470588
v -0.0318338605 -0.00217154585 -0.0382503215 0.470588 0.470588 0.470588
v -0.0318029648 -0.00223741621 -0.0398956108 1 0 0
v -0.0317827329 -0.00224942034 -0.0415430996 1 0 0
v -0.0317637781 -0.00224936501 -0.0431906603 1 0 0
v -0.0317447352 -0.00225854112 -0.0448381738 1 0 0
v -0.0317242895 -0.00224807942 -0.0464857167 1 0 0
v -0.0317017612 -0.00223375367 -0.0481331598 1 0 0
v -0.0316729647 -0.00223916625 -0.049780193 1 0 0
v -0.0316196839 -0.00225191277 -0.051426803 1 0 0
v -0.0315820968 -0.00225906316 -0.0530740925 0 1 0
v -0.0315252819 -0.00225498821 -0.0547208617 0 1 0
v -0.031478108 -0.00225005558 -0.0563679172 0 1 0
v -0.031410846 -0.00224986573 -0.0580143085 0 1 0
v -0.0313506896 -0.00224088036 -0.0596608773 0 1 0
v -0.0312895621 -0.00224758702 -0.0613074167 0 1 0
v -0.0311897892 -0.00222508476 -0.0629516718 0 1 0
v -0.0310776423 -0.00224336922 -0.0645951105 0 1 0
v -0.0309462638 -0.00224878553 -0.0662372018 0 0.501961 1
v -0.0308016064 -0.00224222647 -0.0678785416 0 0.501961 1
v -0.0306334971 -0.00225562859 -0.0695175836 0 0.501961 1
v -0.0304460765 -0.00226115234 -0.0711546477 0 0.501961 1
v -0.0302423848 -0.00225988129 -0.0727897359 0 0.501961 1
v -0.0300226533 -0.00225646634 -0.0744227892 0 0.501961 1
v -0.0297791277 -0.00218954457 -0.0760497155 0 0.501961 1
v -0.0294982586 -0.00211877381 -0.0776698369 0 0.501961 1
v -0.0291890899 -0.00213342589 -0.0792874503 1 0.784314 0
v -0.0288302527 -0.00216454571 -0.0808950553 1 0.784314 0
v -0.0284314874 -0.00223362444 -0.0824915887 1 0.784314 0
v -0.0279718618 -0.00224783232 -0.084073432 1 0.784314 0
v -0.027484234 -0.00220223162 -0.0856460913 1 0.784314 0
v -0.02695761 -0.00219046667 -0.0872062419 1 0.784314 0
v -0.026389896 -0.00221656093 -0.0887526385 1 0.784314 0
v -0.0257600616 -0.00213393736 -0.0902724246 1 0.784314 0
v -0.0250649844 -0.00217688959 -0.0917656346 0.705882 0 1
v -0.0243205736 -0.00222829702 -0.0932339955 0.705882 0 1
v -0.0235184782 -0.0022420342 -0.0946726162 0.705882 0 1
v -0.0226476384 -0.00225797418 -0.0960711125 0.705882 0 1
v -0.0217151408 -0.00223966952 -0.0974293187 0.705882 0 1
v -0.0207234337 -0.00225632811 -0.0987446953 0.705882 0 1
v -0.0196788532 -0.0022374419 -0.100018265 0 0.862745 0.862745
v -0.0185766911 -0.00221409445 -0.101242036 0 0.862745 0.862745
v -0.0174065416 -0.00223928615 -0.102397795 0 0.862745 0.862745
v -0.0161794541 -0.0022277761 -0.103495196 0 0.862745 0.862745
v -0.0149117024 -0.00221631334 -0.104545862 0 0.862745 0.862745
v -0.013598818 -0.00225849899 -0.105540441 0 0.862745 0.862745
v -0.0122329602 -0.00220117134 -0.106459901 1 0.470588 0
v -0.0108247611 -0.00222123327 -0.107315017 1 0.470588 0
v -0.0093841366 -0.00221999262 -0.108114401 1 0.470588 0
v -0.0079118672 -0.00224202516 -0.108854059 1 0.470588 0
v -0.00641482178 -0.00223572364 -0.109542465 1 0.470588 0
v -0.00489336499 -0.00222159495 -0.110174853 1 0.470588 0
v -0.00334320709 -0.00223279217 -0.110732963 1 0.470588 0
v -0.00177455591 -0.00225519257 -0.111235554 1 0.470588 0
v -0.000190794451 -0.00219506089 -0.111684173 0.470588 1 0
v 0.00140481358 -0.00222131745 -0.112087126 0.470588 1 0
v 0.00301310479 -0.00224638835 -0.112444502 0.470588 1 0
v 0.00463331696 -0.00225857282 -0.112743355 0.470588 1 0
v 0.00626159179 -0.00223482049 -0.112992938 0.470588 1 0
v 0.00789572598 -0.0022322671 -0.113203319 0.470588 1 0
v 0.00953505778 -0.00222953776 -0.11336943 1 0 0.705882
v 0.0111780025 -0.00225219168 -0.113490272 1 0 0.705882
v 0.0128234847 -0.00225308795 -0.113569028 1 0 0.705882
v 0.0144706328 -0.00224283102 -0.113595142 1 0 0.705882
v 0.0161176754 -0.00224840605 -0.113554897 1 0 0.705882
v 0.0177622336 -0.00225638938 -0.11345608 1 0 0.705882
v 0.0194012358 -0.00224217442 -0.113291765 1 0 0.705882
v 0.0210282135 -0.00224022665 -0.113038882 1 0 0.705882
v 0.02263805 -0.00226415423 -0.112691338 0.313725 0.313725 1
v 0.024233478 -0.00226471658 -0.11228019 0.313725 0.313725 1
v 0.0258097669 -0.00224368031 -0.11180133 0.313725 0.313725 1
v 0.0273611829 -0.00221086149 -0.111248503 0.313725 0.313725 1
v 0.0288829431 -0.00222297334 -0.110617734 0.313725 0.313725 1
v 0.0303846335 -0.00224653916 -0.109940308 0.313725 0.313725 1
v 0.031876 -0.00226555198 -0.10924 0.313725 0.313725 1
v -0.032719391 -0.000296585292 0.0292827304 0.470588 0.470588 0.470588
v -0.032690217 -0.00029671543 0.0276346696 0.470588 0.470588 0.470588
v -0.032651899 -0.000296790213 0.0259868063 0.470588 0.470588 0.470588
v -0.0326291871 -0.000296716155 0.0243386581 0.470588 0.470588 0.470588
v -0.0325966752 -0.000296622526 0.0226906754 0.470588 0.470588 0.470588
v -0.0325755729 -0.000295894655 0.0210425129 0.470588 0.470588 0.470588
v -0.0325487564 -0.000293449266 0.0193944406 1 0 0
v -0.0325183988 -0.000293287823 0.0177464711 1 0 0
v -0.0324993429 -0.000294980393 0.0160983118 1 0 0
v -0.032484105 -0.000287187519 0.0144502201 1 0 0
v -0.0324738394 -0.000279268089 0.0128020437 1 0 0
v -0.0324741278 -0.000273354932 0.0111537995 1 0 0
v -0.0324755514 -0.000275207373 0.00950549122 1 0 0
v -0.0324746725 -0.000287750612 0.00785727169 1 0 0
v -0.0324757968 -0.000295120189 0.00620900181 0 1 0
v -0.0324644949 -0.000295789409 0.00456074547 0 1 0
v -0.0324530574 -0.000295557094 0.00291247217 0 1 0
v -0.0324269874 -0.00029514516 0.0012643654 0 1 0
v -0.0324087602 -0.000280582794 -0.000383562353 0 1 0
v -0.0323858561 -0.000264016097 -0.0020314769 0 1 0
v -0.0323642566 -0.000252503048 -0.00367954023 0 1 0
v -0.0323395456 -0.000264305602 -0.00532755355 0 1 0
v -0.0323137563 -0.000294191828 -0.00697471618 0 0.501961 1
v -0.0322906695 -0.000295111438 -0.00862285917 0 0.501961 1
v -0.0322701022 -0.000296028475 -0.0102710024 0 0.501961 1
v -0.0322547431 -0.000295166113 -0.0119192264 0 0.501961 1
v -0.0322339858 -0.000296162464 -0.0135673908 0 0.501961 1
v -0.0322133023 -0.000296657443 -0.0152155526 0 0.501961 1
v -0.0321937327 -0.000296611187 -0.0168637336 1 0.784314 0
v -0.0321774511 -0.000295708533 -0.0185119372 1 0.784314 0
v -0.0321632084 -0.000295387864 -0.0201601389 1 0.784314 0
v -0.0321513033 -0.000265666195 -0.0218075251 1 0.784314 0
v -0.0321307594 -0.000265111102 -0.0234557131 1 0.784314 0
v -0.0321104968 -0.000265917313 -0.0251039025 1 0.784314 0
v -0.0320927697 -0.000281424661 -0.0267519333 1 0.784314 0
v -0.0320547794 -0.00029205391 -0.0283994467 1 0.784314 0
v -0.0320329547 -0.000270160639 -0.0300467455 0.705882 0 1
v -0.0320161303 -0.000268218193 -0.0316949703 0.705882 0 1
v -0.0320024394 -0.000285013796 -0.0333428802 0.705882 0 1
v -0.0319794377 -0.000295584633 -0.0349908612 0.705882 0 1
v -0.031948029 -0.00029410651 -0.0366388192 0.705882 0 1
v -0.0319420242 -0.000246713725 -0.0382833035 0.705882 0 1
v -0.0319236099 -0.00028719425 -0.0399285325 0 0.862745 0.862745
v -0.0318905789 -0.000296510384 -0.0415763486 0 0.862745 0.862745
v -0.0318809486 -0.000289042233 -0.0432245645 0 0.862745 0.862745
v -0.0318561384 -0.000287808242 -0.0448725243 0 0.862745 0.862745
v -0.0318289354 -0.000291670108 -0.0465204192 0 0.862745 0.862745
v -0.0318235297 -0.000295100511 -0.048168516 0 0.862745 0.862745
v -0.0317877983 -0.000292237969 -0.0498162983 0 0.862745 0.862745
v -0.0317357974 -0.000293529399 -0.0514637617 0 0.862745 0.862745
v -0.0316900624 -0.000296835064 -0.0531113467 1 0.470588 0
v -0.0316374654 -0.000295282226 -0.0547587807 1 0.470588 0
v -0.0315812202 -0.000294205672 -0.0564059894 1 0.470588 0
v -0.0315146848 -0.000293578084 -0.0580528722 1 0.470588 0
v -0.0314564691 -0.000294210949 -0.059700005 1 0.470588 0
v -0.0313804733 -0.000267638102 -0.0613452837 1 0.470588 0
v -0.0312844447 -0.000275630273 -0.062990432 1 0.470588 0
v -0.0311688388 -0.000275630273 -0.0646346914 1 0.470588 0
v -0.0310417989 -0.000290568491 -0.0662778893 0.470588 1 0
v -0.0308930884 -0.000292174483 -0.0679194697 0.470588 1 0
v -0.0307352566 -0.000296698901 -0.0695599263 0.470588 1 0
v -0.030548904 -0.000295671188 -0.0711976634 0.470588 1 0
v -0.0303468339 -0.000295603115 -0.072833525 0.470588 1 0
v -0.0301221869 -0.000295104035 -0.0744664483 0.470588 1 0
v -0.0298708493 -0.000251684652 -0.0760920002 0.470588 1 0
v -0.0295789992 -0.000264189943 -0.0777139863 0.470588 1 0
v -0.0292652848 -0.000252278409 -0.0793319414 1 0 0.705882
v -0.0289028406 -0.000273447242 -0.0809391107 1 0 0.705882
v -0.0284906877 -0.000278220833 -0.0825349992 1 0 0.705882
v -0.0280367141 -0.000283981988 -0.0841194068 1 0 0.705882
v -0.0275483819 -0.00028899913 -0.0856935939 1 0 0.705882
v -0.0270227385 -0.000283669284 -0.0872557922 1 0 0.705882
v -0.0264490258 -0.000281362626 -0.0888010226 1 0 0.705882
v -0.0258071223 -0.000261820178 -0.0903182365 1 0 0.705882
v -0.0251111291 -0.000264637686 -0.0918121731 0.313725 0.313725 1
v -0.0243689083 -0.000275018929 -0.0932835911 0.313725 0.313725 1
v -0.0235608011 -0.000293984051 -0.0947194728 0.313725 0.313725 1
v -0.0226895678 -0.000293923621 -0.0961186889 0.313725 0.313725 1
v -0.0217504293 -0.000288878742 -0.0974732102 0.313725 0.313725 1
v -0.0207723509 -0.000296044563 -0.0987998761 0.313725 0.313725 1
v -0.0197336309 -0.000282144101 -0.100079113 0.705882 0.470588 0.156863
v -0.0186112337 -0.00027417873 -0.101285947 0.705882 0.470588 0.156863
v -0.0174349562 -0.000296870704 -0.102439378 0.705882 0.470588 0.156863
v -0.0162167577 -0.000277165411 -0.103548948 0.705882 0.470588 0.156863
v -0.0149496405 -0.000293158034 -0.104602217 0.705882 0.470588 0.156863
v -0.0136241343 -0.000289701411 -0.105581924 0.705882 0.470588 0.156863
v -0.0122585782 -0.0002816169 -0.106503859 0.470588 0.470588 0.470588
v -0.010852505 -0.000283393652 -0.107363644 0.470588 0.470588 0.470588
v -0.00941583002 -0.000259815968 -0.108169525 0.470588 0.470588 0.470588
v -0.00794136825 -0.000271871887 -0.108905726 0.470588 0.470588 0.470588
v -0.00644102061 -0.000271899774 -0.109587989 0.470588 0.470588 0.470588
v -0.00491505169 -0.00027378881 -0.110210428 0.470588 0.470588 0.470588
v -0.00336388469 -0.000273941872 -0.110767327 0.470588 0.470588 0.470588
v -0.00179319361 -0.000283588322 -0.111266156 0.470588 0.470588 0.470588
v -0.000206435063 -0.000282199843 -0.111710079 1 0 0
v 0.00139253038 -0.000280809687 -0.112110138 1 0 0
v 0.00300303512 -0.000279392437 -0.112460758 1 0 0
v 0.00462335143 -0.000266763462 -0.112760656 1 0 0
v 0.00625140275 -0.000265435249 -0.11300909 1 0 0
v 0.00788678304 -0.000274043362 -0.113212982 1 0 0
v 0.00952648018 -0.000260973252 -0.113378894 0 1 0
v 0.011169931 -0.000261383435 -0.113504611 0 1 0
v 0.0128162651 -0.0002662977 -0.113581898 0 1 0
v 0.0144639804 -0.00028838586 -0.113601453 0 1 0
v 0.0161115583 -0.000294344405 -0.113561967 0 1 0
v 0.0177567608 -0.000295675665 -0.113464847 0 1 0
v 0.0193953627 -0.000296081176 -0.113289921 0 1 0
v 0.0210226195 -0.000296379759 -0.113029928 0 1 0
v 0.0226352564 -0.000296869486 -0.11269113 0 0.501961 1
v 0.0242322608 -0.000296803134 -0.112283964 0 0.501961 1
v 0.0258117675 -0.000282537191 -0.111814186 0 0.501961 1
v 0.0273605712 -0.000257715919 -0.111251933 0 0.501961 1
v 0.028883152 -0.000285040698 -0.11062188 0 0.501961 1
v 0.0303842557 -0.000292228635 -0.109941115 0 0.501961 1
v 0.031876 -0.000296900198 -0.10924 0 0.501961 1
v -0.0327297712 0.00167108841 0.0292829386 0.470588 0.470588 0.470588
v -0.0327010425 0.00167142399 0.0276348325 0.470588 0.470588 0.470588
v -0.03265565 0.00167126014 0.0259870968 0.470588 0.470588 0.470588
v -0.0326336159 0.00167121375 0.0243388913 0.470588 0.470588 0.470588
v -0.0326012245 0.00166987003 0.0226908613 0.470588 0.470588 0.470588
v -0.0325698877 0.00166540377 0.0210428307 0.470588 0.470588 0.470588
v -0.0325405125 0.00166069999 0.0193947429 1 0 0
v -0.0325064358 0.00166385673 0.0177467631 1 0 0
v -0.0324833805 0.00166126138 0.0160985926 1 0 0
v -0.0324784641 0.0016612302 0.0144502737 1 0 0
v -0.032471042 0.00162655977 0.0128024818 1 0 0
v -0.0324710916 0.00162514141 0.0111547658 1 0 0
v -0.0324732995 0.00161751251 0.00950677459 1 0 0
v -0.0324802012 0.00162747529 0.00785856068 1 0 0
v -0.0324763987 0.00164377094 0.00621054731 0 1 0
v -0.0324609863 0.00164852317 0.00456234605 0 1 0
v -0.032442805 0.00165833306 0.00291416621 0 1 0
v -0.0324154664 0.00166271881 0.00126605365 0 1 0
v -0.0323917662 0.00164842993 -0.000382007883 0 1 0
v -0.0323694125 0.00162362693 -0.00202991945 0 1 0
v -0.0323472805 0.00161571551 -0.00367810499 0 1 0
v -0.0323219924 0.00163980958 -0.00532550656 0 1 0
v -0.0322984366 0.00165205086 -0.00697360004 0 0.501961 1
v -0.0322808432 0.00166132207 -0.0086218308 0 0.501961 1
v -0.0322622858 0.00166311347 -0.0102700587 0 0.501961 1
v -0.0322472358 0.00166070879 -0.0119183332 0 0.501961 1
v -0.0322267998 0.00166068124 -0.0135665469 0 0.501961 1
v -0.0322125864 0.00166826816 -0.0152148291 0 0.501961 1
v -0.0321881036 0.00167017875 -0.0168629904 1 0.784314 0
v -0.0321739598 0.00166862264 -0.0185112507 1 0.784314 0
v -0.0321432049 0.00166517874 -0.0201592325 1 0.784314 0
v -0.0321253944 0.00159141789 -0.0218049481 1 0.784314 0
v -0.0321044047 0.00159403903 -0.0234531751 1 0.784314 0
v -0.0320799598 0.00161603277 -0.0251011594 1 0.784314 0
v -0.0320624123 0.00162848771 -0.0267481981 1 0.784314 0
v -0.032040084 0.00156786111 -0.0283944049 1 0.784314 0
v -0.0320254545 0.00150906722 -0.03004053 0.705882 0 1
v -0.0320113049 0.00152833532 -0.0316886649 0.705882 0 1
v -0.0319895186 0.00159398274 -0.0333353423 0.705882 0 1
v -0.0319512616 0.00166734497 -0.0349809408 0.705882 0 1
v -0.0319169805 0.00164727594 -0.0366280393 0.705882 0 1
v -0.0319239874 0.00156803077 -0.0382736668 0.705882 0 1
v -0.0318973695 0.00162561099 -0.0399204908 0 0.862745 0.862745
v -0.031858452 0.00166373251 -0.0415674156 0 0.862745 0.862745
v -0.0318382311 0.00163869982 -0.0432154131 0 0.862745 0.862745
v -0.0318108463 0.00164394156 -0.0448635312 0 0.862745 0.862745
v -0.0317796995 0.0016630443 -0.0465113725 0 0.862745 0.862745
v -0.0317628111 0.00165917721 -0.0481593644 0 0.862745 0.862745
v -0.0317459113 0.00166588808 -0.0498074905 0 0.862745 0.862745
v -0.0317123857 0.00165386112 -0.0514553949 0 0.862745 0.862745
v -0.0316396263 0.00166589059 -0.0531019312 1 0.470588 0
v -0.0315807164 0.00166180529 -0.0547491525 1 0.470588 0
v -0.0315224953 0.00165514285 -0.0563958555 1 0.470588 0
v -0.031474107 0.0016524794 -0.0580434645 1 0.470588 0
v -0.0314122481 0.00165459709 -0.0596905469 1 0.470588 0
v -0.0313480648 0.00164905466 -0.0613375371 1 0.470588 0
v -0.031247931 0.00160475035 -0.0629818857 1 0.470588 0
v -0.0311485161 0.00163053869 -0.0646270076 1 0.470588 0
v -0.031029209 0.00164752125 -0.066270772 0.470588 1 0
v -0.0308771242 0.00166795414 -0.0679118623 0.470588 1 0
v -0.0307178213 0.00167073006 -0.0695524424 0.470588 1 0
v -0.0305356024 0.00166610212 -0.0711906343 0.470588 1 0
v -0.0303475366 0.00166311361 -0.0728281991 0.470588 1 0
v -0.0301087261 0.00157979311 -0.0744565081 0.470588 1 0
v -0.0298472007 0.00154960642 -0.0760837093 0.470588 1 0
v -0.0295571855 0.00154514355 -0.0777061967 0.470588 1 0
v -0.0292339122 0.00151978623 -0.0793219331 1 0 0.705882
v -0.0288664587 0.00160932702 -0.0809235976 1 0 0.705882
v -0.028455116 0.00165581849 -0.0825183876 1 0 0.705882
v -0.0280050628 0.00163192472 -0.0841037851 1 0 0.705882
v -0.0275271404 0.001628802 -0.0856812016 1 0 0.705882
v -0.0270071038 0.00165774509 -0.0872439724 1 0 0.705882
v -0.0264336581 0.0015274289 -0.0887823993 1 0 0.705882
v -0.0257850015 0.00146535193 -0.0902947432 1 0 0.705882
v -0.0250800409 0.00152995122 -0.0917829084 0.313725 0.313725 1
v -0.0243278953 0.00162198719 -0.0932467638 0.313725 0.313725 1
v -0.0235102688 0.00165412959 -0.0946775514 0.313725 0.313725 1
v -0.022643318 0.00165486004 -0.0960791912 0.313725 0.313725 1
v -0.0217126763 0.00165793357 -0.0974393906 0.313725 0.313725 1
v -0.0207385564 0.00166350768 -0.098768915 0.313725 0.313725 1
v -0.0196984904 0.00161548921 -0.100046276 0.705882 0.470588 0.156863
v -0.0185797517 0.0015740276 -0.101255151 0.705882 0.470588 0.156863
v -0.0174150765 0.00159810678 -0.102419165 0.705882 0.470588 0.156863
v -0.0162025709 0.0016264497 -0.103532983 0.705882 0.470588 0.156863
v -0.0149291097 0.00163046132 -0.104577428 0.705882 0.470588 0.156863
v -0.0136022249 0.00164534276 -0.10555377 0.705882 0.470588 0.156863
v -0.0122432084 0.00160104206 -0.10648446 0.470588 0.470588 0.470588
v -0.01084454 0.00161637784 -0.107356003 0.470588 0.470588 0.470588
v -0.00940756938 0.00161309733 -0.108163018 0.470588 0.470588 0.470588
v -0.00793488987 0.00162050707 -0.10890325 0.470588 0.470588 0.470588
v -0.0064348721 0.00162905649 -0.109586485 0.470588 0.470588 0.470588
v -0.00490767509 0.00163178717 -0.110206601 0.470588 0.470588 0.470588
v -0.00335385394 0.00163582981 -0.11075654 0.470588 0.470588 0.470588
v -0.00178333678 0.00156932126 -0.111250836 0.470588 0.470588 0.470588
v -0.000197517275 0.0015258589 -0.111697927 1 0 0
v 0.00139731543 0.00161962048 -0.112098476 1 0 0
v 0.00300595288 0.00165074918 -0.112454285 1 0 0
v 0.00462649128 0.00164460272 -0.112754905 1 0 0
v 0.00625530715 0.00161838656 -0.113005655 1 0 0
v 0.00788944572 0.00158210368 -0.113215782 1 0 0
v 0.00952909544 0.00158933485 -0.113383965 1 0 0
v 0.01117256 0.00159134513 -0.113509701 1 0 0
v 0.0128174919 0.00165138878 -0.113586481 0 1 0
v 0.014464985 0.00164511815 -0.113611371 0 1 0
v 0.0161123745 0.00166593549 -0.113565137 0 1 0
v 0.0177571983 0.00166809695 -0.113462429 0 1 0
v 0.0193956812 0.00166695174 -0.11328605 0 1 0
v 0.0210226417 0.00167061602 -0.113024262 0 1 0
v 0.0226355625 0.00167160925 -0.112685995 0 1 0
v 0.0242331204 0.00167142199 -0.112280882 0 1 0
v 0.0258105411 0.00163373124 -0.111805345 0 0.501961 1
v 0.0273629105 0.00159994907 -0.111254022 0 0.501961 1
v 0.0288844294 0.00159705506 -0.110621197 0 0.501961 1
v 0.0303836503 0.00165871592 -0.109939387 0 0.501961 1
v 0.031876 0.00167175159 -0.10924 0 0.501961 1
v -0.0326382182 0.00363700428 0.029283 0.470588 0.470588 0.470588
v -0.0326035931 0.00363758853 0.0276371455 0.470588 0.470588 0.470588
v -0.0325633904 0.00363736299 0.0259914288 0.470588 0.470588 0.470588
v -0.0325338352 0.00363650604 0.0243454806 0.470588 0.470588 0.470588
v -0.0325117934 0.00363310082 0.0226994196 0.470588 0.470588 0.470588
v -0.0324701504 0.00362390198 0.0210537589 0.470588 0.470588 0.470588
v -0.0324314642 0.00363089286 0.0194080215 1 0 0
v -0.0323994654 0.00363614114 0.0177621191 1 0 0
v -0.0323758111 0.00361110514 0.0161162832 1 0 0
v -0.0323698667 0.0036340247 0.0144702624 1 0 0
v -0.0323816657 0.00363157192 0.0128240824 1 0 0
v -0.0323879841 0.0036355963 0.0111781231 1 0 0
v -0.0323975377 0.00363243302 0.00953192268 1 0 0
v -0.0324048633 0.00360747982 0.00788610998 1 0 0
v -0.0324075288 0.00357461738 0.00624043774 0 1 0
v -0.032397224 0.00358688818 0.0045947419 0 1 0
v -0.0323729981 0.00363274616 0.00294965816 0 1 0
v -0.0323476243 0.00362752951 0.00130365179 0 1 0
v -0.0323195931 0.00363773622 -0.000342302077 0 1 0
v -0.0322982608 0.00363593686 -0.00198839529 0 1 0
v -0.0322777849 0.00363348849 -0.00363449913 0 1 0
v -0.0322527197 0.00362309227 -0.00528050311 0 1 0
v -0.0322285973 0.00362418554 -0.00692655467 0 0.501961 1
v -0.0321984909 0.00361708798 -0.00857242302 0 0.501961 1
v -0.0321714094 0.00362978601 -0.0102183256 0 0.501961 1
v -0.0321507736 0.00362148599 -0.0118643439 0 0.501961 1
v -0.0321277937 0.00362839135 -0.0135103583 0 0.501961 1
v -0.0321021895 0.00362293733 -0.0151562758 0 0.501961 1
v -0.0320702058 0.00363401528 -0.0168021089 1 0.784314 0
v -0.0320572257 0.00363424942 -0.0184482465 1 0.784314 0
v -0.032024299 0.00362815053 -0.0200940969 1 0.784314 0
v -0.031985226 0.00361397848 -0.0217397774 1 0.784314 0
v -0.0319506758 0.00362228686 -0.0233856141 1 0.784314 0
v -0.0319266764 0.00362924055 -0.0250316512 1 0.784314 0
v -0.0319080971 0.00362983841 -0.0266777791 1 0.784314 0
v -0.031873565 0.00362654133 -0.0283236352 1 0.784314 0
v -0.0318471837 0.00362065862 -0.0299695801 0.705882 0 1
v -0.0318208916 0.00361160946 -0.0316155586 0.705882 0 1
v -0.0317947856 0.00361960128 -0.0332614881 0.705882 0 1
v -0.0317670859 0.00362806615 -0.0349074368 0.705882 0 1
v -0.031743945 0.00361537229 -0.0365530264 0.705882 0 1
v -0.0317357026 0.00356174602 -0.0381954966 0.705882 0 1
v -0.0317030154 0.00362193392 -0.0398391442 0 0.862745 0.862745
v -0.0316712908 0.00361059144 -0.0414849578 0 0.862745 0.862745
v -0.0316390335 0.00360941005 -0.0431307349 0 0.862745 0.862745
v -0.0316069059 0.00362154909 -0.0447764822 0 0.862745 0.862745
v -0.0315679007 0.00362606507 -0.0464221018 0 0.862745 0.862745
v -0.031544527 0.00360082824 -0.0480677638 0 0.862745 0.862745
v -0.0315031783 0.00359854575 -0.0497132839 0 0.862745 0.862745
v -0.0314637356 0.00360229769 -0.0513589583 0 0.862745 0.862745
v -0.0314060352 0.00361496385 -0.053004075 1 0.470588 0
v -0.0313561072 0.00361044737 -0.054649357 1 0.470588 0
v -0.0313105184 0.00361097559 -0.0562945599 1 0.470588 0
v -0.0312638984 0.00362131406 -0.0579400296 1 0.470588 0
v -0.0312056597 0.00361052261 -0.0595851062 1 0.470588 0
v -0.0311450829 0.00361119611 -0.061230137 1 0.470588 0
v -0.0310453527 0.00359971636 -0.062873079 1 0.470588 0
v -0.0309527287 0.00360548294 -0.0645165878 1 0.470588 0
v -0.0308244798 0.00361100695 -0.0661577068 0.470588 1 0
v -0.0306842934 0.00362196623 -0.0677979218 0.470588 1 0
v -0.030523672 0.00362660406 -0.0694362532 0.470588 1 0
v -0.0303618363 0.00362083906 -0.0710744672 0.470588 1 0
v -0.0301689725 0.00361314642 -0.0727093041 0.470588 1 0
v -0.0299466662 0.00356808473 -0.074339553 0.470588 1 0
v -0.029687882 0.003561977 -0.0759647855 0.470588 1 0
v -0.0293883899 0.00360269518 -0.0775829681 0.470588 1 0
v -0.0290596312 0.00359094564 -0.0791956962 1 0 0.705882
v -0.028716354 0.00359030438 -0.0808056538 1 0 0.705882
v -0.0283082467 0.00361932291 -0.0823998124 1 0 0.705882
v -0.0278670542 0.00360663448 -0.0839855011 1 0 0.705882
v -0.0273941929 0.00355519727 -0.0855614248 1 0 0.705882
v -0.0268692655 0.00360039053 -0.0871195967 1 0 0.705882
v -0.0262959056 0.00363285 -0.0886617241 1 0 0.705882
v -0.0256424359 0.00361213249 -0.0901722923 1 0 0.705882
v -0.0249475983 0.00360926466 -0.0916646183 0.313725 0.313725 1
v -0.0242026682 0.00362394381 -0.0931324504 0.313725 0.313725 1
v -0.0233894229 0.00362200992 -0.0945633665 0.313725 0.313725 1
v -0.0225249583 0.00362260909 -0.0959641061 0.313725 0.313725 1
v -0.021601319 0.00362955079 -0.0973265594 0.313725 0.313725 1
v -0.0206245219 0.00362129254 -0.0986512952 0.313725 0.313725 1
v -0.019590425 0.00360103116 -0.0999317325 0.705882 0.470588 0.156863
v -0.0184833764 0.00359901491 -0.101148993 0.705882 0.470588 0.156863
v -0.0173257355 0.00361632604 -0.102318952 0.705882 0.470588 0.156863
v -0.0161130901 0.00362732968 -0.103431756 0.705882 0.470588 0.156863
v -0.0148433538 0.00361170329 -0.10447834 0.705882 0.470588 0.156863
v -0.0135236294 0.00363266643 -0.10546183 0.705882 0.470588 0.156863
v -0.0121740236 0.0036258683 -0.106404219 0.705882 0.470588 0.156863
v -0.0107841062 0.0036334231 -0.107285859 0.705882 0.470588 0.156863
v -0.00934859584 0.00363569538 -0.108091418 0.470588 0.470588 0.470588
v -0.0078752483 0.00363019351 -0.108824926 0.470588 0.470588 0.470588
v -0.00637653231 0.00363020079 -0.109505447 0.470588 0.470588 0.470588
v -0.00485567662 0.00363381719 -0.110134536 0.470588 0.470588 0.470588
v -0.00330852877 0.00363529425 -0.110695812 0.470588 0.470588 0.470588
v -0.00173733147 0.00363663154 -0.111186486 0.470588 0.470588 0.470588
v -0.000153425951 0.00363706737 -0.111634897 0.470588 0.470588 0.470588
v 0.0014399047 0.00363453768 -0.112048348 0.470588 0.470588 0.470588
v 0.00304469054 0.00363652035 -0.112414356 1 0 0
v 0.0046612161 0.00363408526 -0.11272411 1 0 0
v 0.00628672885 0.00361722637 -0.112982941 1 0 0
v 0.00791803518 0.0036169186 -0.113203771 1 0 0
v 0.00955473347 0.00360770314 -0.11338037 1 0 0
v 0.0111962369 0.00362377812 -0.113503021 1 0 0
v 0.0128404711 0.00362813959 -0.113577047 0 1 0
v 0.0144861692 0.00362013943 -0.113601177 0 1 0
v 0.0161317043 0.00362756581 -0.113564184 0 1 0
v 0.0177744128 0.00363153683 -0.113461163 0 1 0
v 0.0194107318 0.00363013292 -0.113285301 0 1 0
v 0.0210353823 0.00363645468 -0.113022859 0 1 0
v 0.0226463885 0.00363864583 -0.112685951 0 1 0
v 0.0242417519 0.00364000188 -0.1122808 0 1 0
v 0.025818697 0.00362980599 -0.111809205 0 0.501961 1
v 0.0273702052 0.00363424208 -0.111259907 0 0.501961 1
v 0.0288878552 0.00363241352 -0.110622248 0 0.501961 1
v 0.0303860995 0.00363893341 -0.109940194 0 0.501961 1
v 0.031876 0.00364040338 -0.10924 0 0.501961 1
v -0.0324444047 0.00559576027 0.029283 0.470588 0.470588 0.470588
v -0.0324113382 0.0055964497 0.0276400485 0.470588 0.470588 0.470588
v -0.0323822732 0.00559732642 0.0259970408 0.470588 0.470588 0.470588
v -0.0323514333 0.00559616286 0.0243540542 0.470588 0.470588 0.470588
v -0.0323286116 0.00559457155 0.0227109283 0.470588 0.470588 0.470588
v -0.0322958441 0.00557578025 0.0210680819 0.470588 0.470588 0.470588
v -0.0322501329 0.00559345212 0.0194257378 1 0 0
v -0.0322223965 0.00559276741 0.0177827251 1 0 0
v -0.0322048159 0.00558298512 0.0161396006 1 0 0
v -0.0321950504 0.00558571466 0.0144964094 1 0 0
v -0.0322093714 0.00559504354 0.0128532766 1 0 0
v -0.0322304561 0.00558902146 0.0112101495 1 0 0
v -0.0322431619 0.00559225287 0.00956690256 1 0 0
v -0.0322505151 0.00559101436 0.00792363524 1 0 0
v -0.0322551723 0.00559750308 0.00628035936 0 1 0
v -0.0322485859 0.00559919435 0.00463707703 0 1 0
v -0.0322348049 0.00559859301 0.00299384044 0 1 0
v -0.0322144302 0.00560154856 0.00135068315 0 1 0
v -0.032189077 0.00559987597 -0.000292420664 0 1 0
v -0.032164748 0.00560220302 -0.0019355368 0 1 0
v -0.032144202 0.00559983335 -0.00357870489 0 1 0
v -0.0321168273 0.0055970018 -0.00522174127 0 1 0
v -0.0320961315 0.00559795903 -0.00686490619 0 0.501961 1
v -0.0320423456 0.0055921983 -0.00850729582 0 0.501961 1
v -0.0320120723 0.00559826112 -0.0101502803 0 0.501961 1
v -0.0319739773 0.00558008035 -0.0117929667 0 0.501961 1
v -0.0319474792 0.00558690725 -0.0134359566 0 0.501961 1
v -0.0319007241 0.00558044671 -0.015078491 0 0.501961 1
v -0.0318503635 0.00558923865 -0.0167208994 1 0.784314 0
v -0.0318196426 0.00557438401 -0.0183638291 1 0.784314 0
v -0.0317699484 0.00558176577 -0.0200062536 1 0.784314 0
v -0.0317191526 0.00558040528 -0.021648709 1 0.784314 0
v -0.031677013 0.00557829882 -0.0232914146 1 0.784314 0
v -0.0316432368 0.00557545944 -0.0249343614 1 0.784314 0
v -0.0316055071 0.00556560699 -0.0265771774 1 0.784314 0
v -0.0315681012 0.00555584398 -0.0282199407 1 0.784314 0
v -0.0315304617 0.00554200879 -0.029862193 0.705882 0 1
v -0.0314832563 0.00555498889 -0.0315043465 0.705882 0 1
v -0.0314547286 0.00556078571 -0.0331472579 0.705882 0 1
v -0.0314286734 0.00556117751 -0.0347903283 0.705882 0 1
v -0.0313834372 0.00554239482 -0.0364327238 0.705882 0 1
v -0.0313465697 0.00551277197 -0.0380750407 0.705882 0 1
v -0.0313163342 0.00554744638 -0.039717643 0 0.862745 0.862745
v -0.031286497 0.00555637188 -0.0413606398 0 0.862745 0.862745
v -0.0312527947 0.00555570445 -0.0430035776 0 0.862745 0.862745
v -0.0312126744 0.00555350088 -0.0446462518 0 0.862745 0.862745
v -0.0311856309 0.00555505473 -0.0462891432 0 0.862745 0.862745
v -0.0311384275 0.00554985906 -0.0479316644 0 0.862745 0.862745
v -0.0310830366 0.00554295381 -0.0495739949 0 0.862745 0.862745
v -0.03105107 0.00554169552 -0.0512168428 0 0.862745 0.862745
v -0.0309938351 0.0055397651 -0.0528590549 1 0.470588 0
v -0.0309413668 0.00553626541 -0.054501358 1 0.470588 0
v -0.0309020201 0.00554257706 -0.0561440015 1 0.470588 0
v -0.0308590681 0.00554730811 -0.0577866784 1 0.470588 0
v -0.0308031746 0.00554594013 -0.0594289473 1 0.470588 0
v -0.0307497055 0.00554365908 -0.0610712842 1 0.470588 0
v -0.0306669411 0.00554139071 -0.0627123961 1 0.470588 0
v -0.0305818682 0.0055465472 -0.0643534551 1 0.470588 0
v -0.0304604142 0.00555409302 -0.0659920671 0.470588 1 0
v -0.0303380725 0.0055596466 -0.06763078 0.470588 1 0
v -0.0301841204 0.00556235517 -0.0692666911 0.470588 1 0
v -0.0300298414 0.00555833661 -0.0709026947 0.470588 1 0
v -0.0298393808 0.00555590982 -0.0725347357 0.470588 1 0
v -0.0296341329 0.00554557308 -0.0741651169 0.470588 1 0
v -0.0293799773 0.00550446099 -0.0757879281 0.470588 1 0
v -0.0290947252 0.00553044328 -0.0774053754 0.470588 1 0
v -0.0287750672 0.00554570277 -0.0790168818 1 0 0.705882
v -0.0284390362 0.00554523992 -0.0806254612 1 0 0.705882
v -0.0280409643 0.00555827136 -0.0822192658 1 0 0.705882
v -0.0276025553 0.00556905436 -0.0838029246 1 0 0.705882
v -0.0271399615 0.00553461128 -0.0853791257 1 0 0.705882
v -0.0266174715 0.00555226561 -0.0869354721 1 0 0.705882
v -0.026041978 0.00557673667 -0.0884741222 1 0 0.705882
v -0.0254068359 0.00557854722 -0.0899893858 1 0 0.705882
v -0.0247206743 0.00557981629 -0.0914824647 0.313725 0.313725 1
v -0.023990031 0.00558241421 -0.0929542493 0.313725 0.313725 1
v -0.0231902382 0.00557159161 -0.0943888261 0.313725 0.313725 1
v -0.0223247903 0.00557385996 -0.0957853373 0.313725 0.313725 1
v -0.0214012767 0.00558261736 -0.0971443358 0.313725 0.313725 1
v -0.0204279244 0.00557312739 -0.0984679923 0.313725 0.313725 1
v -0.0194029901 0.00556728496 -0.0997521539 0.705882 0.470588 0.156863
v -0.0183188693 0.00556161787 -0.100986362 0.705882 0.470588 0.156863
v -0.0171674082 0.00557695098 -0.102157745 0.705882 0.470588 0.156863
v -0.0159621391 0.00556728937 -0.103273971 0.705882 0.470588 0.156863
v -0.0146922404 0.00557855414 -0.104315809 0.705882 0.470588 0.156863
v -0.0133844655 0.00559161264 -0.105310237 0.705882 0.470588 0.156863
v -0.0120415889 0.00559160659 -0.106256935 0.705882 0.470588 0.156863
v -0.0106582356 0.00559741182 -0.107143119 0.705882 0.470588 0.156863
v -0.00923551205 0.00559790814 -0.107964683 0.470588 0.470588 0.470588
v -0.00777316569 0.00559688968 -0.108714032 0.470588 0.470588 0.470588
v -0.00628029395 0.0055989792 -0.109400767 0.470588 0.470588 0.470588
v -0.00476558868 0.00560074892 -0.1100375 0.470588 0.470588 0.470588
v -0.00322646601 0.00558829491 -0.110612538 0.470588 0.470588 0.470588
v -0.00166039443 0.0055691096 -0.11110967 0.470588 0.470588 0.470588
v -8.17340439e-05 0.00557012419 -0.111566002 0.470588 0.470588 0.470588
v 0.00150483219 0.00560342638 -0.111992133 0.470588 0.470588 0.470588
v 0.00310468862 0.0056038691 -0.112367392 1 0 0
v 0.0047161671 0.00560679392 -0.112689217 1 0 0
v 0.00633857667 0.0055910696 -0.112949614 1 0 0
v 0.00796673567 0.00559199083 -0.113170665 1 0 0
v 0.00959912254 0.00559990936 -0.113357606 1 0 0
v 0.0112362695 0.00560673644 -0.113498145 1 0 0
v 0.0128772393 0.00560496765 -0.113585478 0 1 0
v 0.0145202955 0.00560579061 -0.113609613 0 1 0
v 0.0161626683 0.00560021756 -0.113562902 0 1 0
v 0.0178023181 0.00560768129 -0.113458046 0 1 0
v 0.0194369961 0.0056047974 -0.113292725 0 1 0
v 0.0210599398 0.00560617789 -0.113036415 0 1 0
v 0.0226666182 0.0056015861 -0.112692004 0 1 0
v 0.0242573092 0.00560676122 -0.112279974 0 1 0
v 0.025831171 0.00559714025 -0.111807745 0 0.501961 1
v 0.0273777743 0.00559915765 -0.111253829 0 0.501961 1
v 0.0288943045 0.00559797524 -0.110622141 0 0.501961 1
v 0.0303889962 0.00560721048 -0.109939463 0 0.501961 1
v 0.031876 0.00560905516 -0.10924 0 0.501961 1
v -0.0321489041 0.00754179345 0.029283 0.470588 0.470588 0.470588
v -0.0321221756 0.00754307411 0.0276439565 0.470588 0.470588 0.470588
v -0.0321048289 0.00754568293 0.0260048077 0.470588 0.470588 0.470588
v -0.0320714594 0.00754501025 0.0243658965 0.470588 0.470588 0.470588
v -0.0320470961 0.00754520978 0.0227268447 0.470588 0.470588 0.470588
v -0.0320193416 0.00754252995 0.0210878335 0.470588 0.470588 0.470588
v -0.0319849027 0.00754599476 0.0194489704 1 0 0
v -0.0319692691 0.0075467167 0.0178097945 1 0 0
v -0.0319530455 0.00754974371 0.0161706408 1 0 0
v -0.0319449655 0.00754120318 0.0145314594 1 0 0
v -0.0319525983 0.00753837725 0.0128923229 1 0 0
v -0.0319765543 0.00754705757 0.0112532731 1 0 0
v -0.0319965843 0.00754935947 0.0096141597 1 0 0
v -0.0320113145 0.00754769372 0.00797496076 1 0 0
v -0.0320205562 0.00754675583 0.00633571239 0 1 0
v -0.0320222342 0.00755181125 0.00469645889 0 1 0
v -0.0320217279 0.00755852176 0.00305721263 0 1 0
v -0.0320037923 0.00755821058 0.00141804487 0 1 0
v -0.0319747085 0.00755244879 -0.000220958917 0 1 0
v -0.0319451528 0.00755632716 -0.00185996007 0 1 0
v -0.0319155913 0.00755612736 -0.00349896299 0 1 0
v -0.0318846378 0.00755189314 -0.00513793024 0 1 0
v -0.0318559836 0.00754949729 -0.00677691741 0 0.501961 1
v -0.0318010309 0.00754608928 -0.00841524652 0 0.501961 1
v -0.031756042 0.00754944969 -0.0100538634 0 0.501961 1
v -0.0316934724 0.00753697638 -0.011691826 0 0.501961 1
v -0.0316432944 0.00753011299 -0.0133302724 0 0.501961 1
v -0.0315802125 0.00753161799 -0.0149683053 0 0.501961 1
v -0.0315227331 0.00752942927 -0.0166064827 1 0.784314 0
v -0.0314627976 0.00752365058 -0.0182446271 1 0.784314 0
v -0.0313866279 0.00751401062 -0.0198819616 1 0.784314 0
v -0.0313316105 0.00751285154 -0.0215202962 1 0.784314 0
v -0.0312714529 0.00750543261 -0.0231583533 1 0.784314 0
v -0.0312079668 0.00749654646 -0.0247963113 1 0.784314 0
v -0.0311443744 0.00748316674 -0.0264342833 1 0.784314 0
v -0.0310907127 0.00746775016 -0.028072577 1 0.784314 0
v -0.0310405224 0.00747133861 -0.0297109384 0.705882 0 1
v -0.0309903771 0.00747259138 -0.0313493936 0.705882 0 1
v -0.0309456242 0.00746652902 -0.0329878646 0.705882 0 1
v -0.0308910213 0.00745572895 -0.034626148 0.705882 0 1
v -0.0308293252 0.00744993601 -0.03626421 0.705882 0 1
v -0.0307834115 0.00743708396 -0.0379026607 0.705882 0 1
v -0.0307505839 0.00744020515 -0.0395415601 0 0.862745 0.862745
v -0.0306971207 0.00742975472 -0.0411798073 0 0.862745 0.862745
v -0.0306509909 0.00742842874 -0.0428182706 0 0.862745 0.862745
v -0.0306073789 0.00742000631 -0.044456897 0 0.862745 0.862745
v -0.0305729217 0.00741151006 -0.0460956291 0 0.862745 0.862745
v -0.0305342566 0.00741664424 -0.0477344035 0 0.862745 0.862745
v -0.0304870436 0.00741408744 -0.0493727835 0 0.862745 0.862745
v -0.0304555689 0.00741794705 -0.0510115013 0 0.862745 0.862745
v -0.0304022711 0.00741738889 -0.0526497839 1 0.470588 0
v -0.0303482564 0.00741992011 -0.0542880343 1 0.470588 0
v -0.0303121735 0.00742377689 -0.0559266917 1 0.470588 0
v -0.030267757 0.00742177343 -0.0575653285 1 0.470588 0
v -0.0302279366 0.00742656355 -0.0592040463 1 0.470588 0
v -0.0301794 0.00742882209 -0.0608425758 1 0.470588 0
v -0.0301119372 0.00743254018 -0.0624803895 1 0.470588 0
v -0.0300356445 0.00743667787 -0.06411785 1 0.470588 0
v -0.029930787 0.00744363725 -0.0657535886 0.470588 1 0
v -0.0298201299 0.00745373094 -0.0673890622 0.470588 1 0
v -0.0296833913 0.00745924231 -0.0690223754 0.470588 1 0
v -0.0295326517 0.00745830569 -0.0706546633 0.470588 1 0
v -0.029355786 0.00745813629 -0.0722840831 0.470588 1 0
v -0.0291586534 0.00745874118 -0.0739114485 0.470588 1 0
v -0.0289280878 0.0074398105 -0.0755338418 0.470588 1 0
v -0.02865962 0.00744232274 -0.0771505822 0.470588 1 0
v -0.0283595383 0.00745836813 -0.0787617895 1 0 0.705882
v -0.0280282643 0.00746128045 -0.0803672372 1 0 0.705882
v -0.0276567768 0.007472951 -0.0819634912 1 0 0.705882
v -0.0272233871 0.00748833676 -0.0835443263 1 0 0.705882
v -0.0267619398 0.00748201087 -0.0851171822 1 0 0.705882
v -0.0262626757 0.00747877366 -0.0866776285 1 0 0.705882
v -0.0256981176 0.00749622344 -0.0882162857 1 0 0.705882
v -0.0250774732 0.00749611707 -0.0897332702 1 0 0.705882
v -0.0244065063 0.00750774467 -0.0912286187 0.313725 0.313725 1
v -0.0236859218 0.00751263717 -0.0927008507 0.313725 0.313725 1
v -0.022896354 0.00750542732 -0.0941367505 0.313725 0.313725 1
v -0.0220344612 0.00750543676 -0.0955307383 0.313725 0.313725 1
v -0.0211222997 0.00751063256 -0.0968924484 0.313725 0.313725 1
v -0.0201597129 0.00750782088 -0.0982190349 0.313725 0.313725 1
v -0.0191465433 0.00751967031 -0.0995074213 0.705882 0.470588 0.156863
v -0.0180734505 0.00752706626 -0.100745782 0.705882 0.470588 0.156863
v -0.0169323698 0.00753058024 -0.101922203 0.705882 0.470588 0.156863
v -0.0157446628 0.00753444741 -0.10305203 0.705882 0.470588 0.156863
v -0.0144928142 0.00753461928 -0.104110358 0.705882 0.470588 0.156863
v -0.0131971186 0.00754180722 -0.105113723 0.705882 0.470588 0.156863
v -0.0118603482 0.00754731101 -0.106062204 0.705882 0.470588 0.156863
v -0.0104854693 0.00754971336 -0.10695429 0.705882 0.470588 0.156863
v -0.00907379782 0.00755437034 -0.107787013 0.470588 0.470588 0.470588
v -0.0076273543 0.00755908954 -0.108558174 0.470588 0.470588 0.470588
v -0.0061485991 0.0075585952 -0.109265586 0.470588 0.470588 0.470588
v -0.00464365009 0.00755040253 -0.109915075 0.470588 0.470588 0.470588
v -0.00311171851 0.00754622669 -0.110497761 0.470588 0.470588 0.470588
v -0.00155568615 0.00755747317 -0.111012849 0.470588 0.470588 0.470588
v 1.31906996e-05 0.00753880732 -0.111487453 0.470588 0.470588 0.470588
v 0.00159363542 0.0075552056 -0.111921732 0.470588 0.470588 0.470588
v 0.00318587175 0.00756312478 -0.112310684 1 0 0
v 0.00479037693 0.00757235031 -0.112645035 1 0 0
v 0.0064064086 0.00756441352 -0.112918838 1 0 0
v 0.00802874942 0.00757416077 -0.11315244 1 0 0
v 0.00965678114 0.00756934284 -0.113342994 1 0 0
v 0.0112894819 0.00757268541 -0.113488201 1 0 0
v 0.0129259312 0.00757487722 -0.113579992 0 1 0
v 0.0145647666 0.00757516061 -0.113606926 0 1 0
v 0.0162033019 0.00757023526 -0.113567477 0 1 0
v 0.0178386486 0.00757545981 -0.113457784 0 1 0
v 0.0194685042 0.00757107509 -0.113285064 0 1 0
v 0.0210871529 0.00757060895 -0.113029969 0 1 0
v 0.0226890325 0.00757693248 -0.11268341 0 1 0
v 0.0242761107 0.00757707896 -0.112273717 0 1 0
v 0.0258456906 0.00757615698 -0.111801646 0 0.501961 1
v 0.0273902315 0.00757500558 -0.111253201 0 0.501961 1
v 0.0289017215 0.0075702017 -0.110619111 0 0.501961 1
v 0.0303925006 0.00757611634 -0.109937451 0 0.501961 1
v 0.031876 0.00757770695 -0.10924 0 0.501961 1
v -0.0317488972 0.00946919106 0.0292831031 0.470588 0.470588 0.470588
v -0.0317291437 0.00947140191 0.0276489533 0.470588 0.470588 0.470588
v -0.0317197618 0.00947553101 0.0260147182 0.470588 0.470588 0.470588
v -0.0316880403 0.00947469243 0.024380764 0.470588 0.470588 0.470588
v -0.031674239 0.00947619999 0.0227465673 0.470588 0.470588 0.470588
v -0.0316470852 0.00947802276 0.0211125443 0.470588 0.470588 0.470588
v -0.0316237701 0.00948144845 0.0194784837 1 0 0
v -0.0316089628 0.00948409803 0.0178443003 1 0 0
v -0.0315931922 0.00948435883 0.0162101813 1 0 0
v -0.0315941392 0.00948481089 0.0145759537 1 0 0
v -0.0316034888 0.00947719198 0.0129419012 1 0 0
v -0.0316366932 0.0094821592 0.0113080251 1 0 0
v -0.031660962 0.00948629996 0.00967407196 1 0 0
v -0.0316755897 0.00948898779 0.00803991704 1 0 0
v -0.0316871102 0.00948673909 0.00640569712 0 1 0
v -0.0316952048 0.00948871049 0.00477147224 0 1 0
v -0.0316909866 0.00949721979 0.00313726211 0 1 0
v -0.0316748845 0.00949693395 0.00150307822 0 1 0
v -0.0316479505 0.00949344281 -0.000130972606 0 1 0
v -0.0316189465 0.00949083933 -0.00176498345 0 1 0
v -0.0315836685 0.0094935775 -0.00339887678 0 1 0
v -0.0315519311 0.00948579943 -0.00503281545 0 1 0
v -0.031500854 0.00949101103 -0.00666619392 0 0.501961 1
v -0.0314400804 0.00948475983 -0.00829927873 0 0.501961 1
v -0.0313707609 0.00947665732 -0.00993201498 0 0.501961 1
v -0.0312955201 0.00946914964 -0.0115644933 0 0.501961 1
v -0.0312275293 0.00945461339 -0.0131972105 0 0.501961 1
v -0.0311527946 0.00945383321 -0.014829711 0 0.501961 1
v -0.0310685513 0.00944396244 -0.0164616626 1 0.784314 0
v -0.0309897835 0.00943569893 -0.0180939979 1 0.784314 0
v -0.0308804569 0.00941539648 -0.0197243667 1 0.784314 0
v -0.0308081806 0.00940702055 -0.0213570103 1 0.784314 0
v -0.0307239002 0.00939532376 -0.0229890334 1 0.784314 0
v -0.0306346194 0.00937817343 -0.0246207674 1 0.784314 0
v -0.0305521137 0.00936421031 -0.0262528963 1 0.784314 0
v -0.0304686513 0.00934821549 -0.0278849589 1 0.784314 0
v -0.0303924131 0.00933575253 -0.0295173093 0.705882 0 1
v -0.0303223016 0.00932169742 -0.0311499026 0.705882 0 1
v -0.0302602558 0.00930984114 -0.0327828816 0.705882 0 1
v -0.0301961276 0.0092992411 -0.0344157969 0.705882 0 1
v -0.0301235512 0.00928513617 -0.0360483025 0.705882 0 1
v -0.0300662297 0.00925056226 -0.0376810896 0.705882 0 1
v -0.0300088624 0.00926123247 -0.0393141393 0 0.862745 0.862745
v -0.0299363888 0.00923434026 -0.040946461 0 0.862745 0.862745
v -0.0298789576 0.0092367932 -0.0425796034 0 0.862745 0.862745
v -0.0298213117 0.00922375283 -0.0442126796 0 0.862745 0.862745
v -0.0297864577 0.00922568076 -0.0458464563 0 0.862745 0.862745
v -0.0297346777 0.00921339508 -0.0474797721 0 0.862745 0.862745
v -0.0296985737 0.00921182625 -0.0491135071 0 0.862745 0.862745
v -0.0296527326 0.00921312417 -0.0507469432 0 0.862745 0.862745
v -0.0296226534 0.00921605606 -0.0523808123 1 0.470588 0
v -0.0295755639 0.0092217139 -0.0540143005 1 0.470588 0
v -0.0295387318 0.0092315148 -0.055648042 1 0.470588 0
v -0.0295034006 0.00923175272 -0.0572819068 1 0.470588 0
v -0.0294800148 0.00923906253 -0.0589158904 1 0.470588 0
v -0.0294490693 0.00925136365 -0.0605497675 1 0.470588 0
v -0.0293898426 0.00926323898 -0.0621828769 1 0.470588 0
v -0.0293211195 0.00926058146 -0.063815667 1 0.470588 0
v -0.0292331446 0.00927216595 -0.0654473664 0.470588 1 0
v -0.029134315 0.00928945088 -0.0670785422 0.470588 1 0
v -0.0290223608 0.00930158803 -0.0687087555 0.470588 1 0
v -0.0288786403 0.00930380179 -0.0703366294 0.470588 1 0
v -0.0287232709 0.00931399362 -0.0719631859 0.470588 1 0
v -0.0285521576 0.00931994428 -0.0735884255 0.470588 1 0
v -0.0283449288 0.00933131952 -0.0752092533 0.470588 1 0
v -0.0280902489 0.00933591274 -0.0768234731 0.470588 1 0
v -0.0278172977 0.00934815571 -0.0784346708 1 0 0.705882
v -0.0274935332 0.00935699914 -0.0800365296 1 0 0.705882
v -0.0271288371 0.00936531922 -0.0816293138 1 0 0.705882
v -0.0267119998 0.0093725165 -0.0832094036 1 0 0.705882
v -0.02626733 0.00938127733 -0.0847819452 1 0 0.705882
v -0.0257960424 0.00938676012 -0.0863466782 1 0 0.705882
v -0.0252586579 0.00938137366 -0.0878900554 1 0 0.705882
v -0.024650677 0.00937772302 -0.0894067938 1 0 0.705882
v -0.0239885439 0.00939888345 -0.0909007046 0.313725 0.313725 1
v -0.0232844883 0.0094144029 -0.0923751109 0.313725 0.313725 1
v -0.0225095365 0.00941272268 -0.0938135844 0.313725 0.313725 1
v -0.021663166 0.00941549512 -0.095211402 0.313725 0.313725 1
v -0.0207672198 0.00941932555 -0.0965779826 0.313725 0.313725 1
v -0.0198213918 0.00942526991 -0.0979106907 0.313725 0.313725 1
v -0.0188173565 0.00943228551 -0.0992001431 0.705882 0.470588 0.156863
v -0.0177588437 0.00943748234 -0.100444697 0.705882 0.470588 0.156863
v -0.0166328776 0.00944334644 -0.101627881 0.705882 0.470588 0.156863
v -0.0154540911 0.0094528499 -0.102759516 0.705882 0.470588 0.156863
v -0.0142304142 0.00946919245 -0.103842497 0.705882 0.470588 0.156863
v -0.0129548416 0.00947988939 -0.10486393 0.705882 0.470588 0.156863
v -0.0116323027 0.00948296322 -0.105823789 0.705882 0.470588 0.156863
v -0.0102727235 0.00948811042 -0.106730336 0.705882 0.470588 0.156863
v -0.00887527812 0.0094999661 -0.107577228 0.470588 0.470588 0.470588
v -0.0074453787 0.00950642806 -0.108368237 0.470588 0.470588 0.470588
v -0.0059828456 0.00950927026 -0.109097292 0.470588 0.470588 0.470588
v -0.00448977057 0.00951470003 -0.109760907 0.470588 0.470588 0.470588
v -0.00297277763 0.00952068959 -0.110367953 0.470588 0.470588 0.470588
v -0.00142988647 0.00952322372 -0.110906183 0.470588 0.470588 0.470588
v 0.000130751748 0.00953300853 -0.111390539 0.470588 0.470588 0.470588
v 0.00170088421 0.00953682821 -0.11184363 0.470588 0.470588 0.470588
v 0.00328293626 0.00953814879 -0.112253314 1 0 0
v 0.00488047921 0.00954218456 -0.112596179 1 0 0
v 0.00648786961 0.00954392855 -0.112889512 1 0 0
v 0.00810447291 0.00954452378 -0.113128456 1 0 0
v 0.00972673532 0.00954084317 -0.113325532 1 0 0
v 0.0113532401 0.00954400207 -0.113484305 1 0 0
v 0.0129847846 0.00954269947 -0.113577424 0 1 0
v 0.014618431 0.00954172358 -0.11360714 0 1 0
v 0.0162518221 0.00954282185 -0.113564916 0 1 0
v 0.0178821671 0.00954418761 -0.113455318 0 1 0
v 0.019506523 0.00954346516 -0.113277802 0 1 0
v 0.0211188673 0.00954441141 -0.113014848 0 1 0
v 0.0227170061 0.00954175248 -0.112675182 0 1 0
v 0.0242987515 0.00954198467 -0.112265364 0 1 0
v 0.0258624489 0.00954077176 -0.111791153 0 0.501961 1
v 0.0273984626 0.00954163108 -0.111234245 0 0.501961 1
v 0.0289070945 0.00954362898 -0.110606669 0 0.501961 1
v 0.0303963221 0.00954328252 -0.10993379 0 0.501961 1
v 0.031876 0.00954635874 -0.10924 0 0.501961 1
v -0.0312428767 0.0113715058 0.0292833104 0.705882 0 1
v -0.0312287289 0.0113748309 0.0276549064 0.705882 0 1
v -0.0312175028 0.01137912 0.0260264849 0.705882 0 1
v -0.0312003877 0.0113818075 0.0243981322 0.705882 0 1
v -0.0311910085 0.0113816599 0.022769697 0.705882 0 1
v -0.0311760005 0.0113794476 0.0211413172 0.705882 0 1
v -0.0311592806 0.01138634 0.0195129504 0 0.862745 0.862745
v -0.0311440735 0.0113936492 0.0178845555 0 0.862745 0.862745
v -0.0311334231 0.0113982759 0.0162561623 0 0.862745 0.862745
v -0.0311323902 0.0113959632 0.0146277145 0 0.862745 0.862745
v -0.0311538297 0.0113971958 0.0129994954 0 0.862745 0.862745
v -0.0311803402 0.0114033381 0.0113712766 0 0.862745 0.862745
v -0.0312059632 0.011408217 0.00974302751 0 0.862745 0.862745
v -0.0312313791 0.0114094574 0.00811474271 0 0.862745 0.862745
v -0.0312476205 0.0114036813 0.00648635613 1 0.470588 0
v -0.0312463034 0.0114053149 0.00485787308 1 0.470588 0
v -0.0312334383 0.0114128393 0.00322948726 1 0.470588 0
v -0.0312140395 0.0114085567 0.00160114957 1 0.470588 0
v -0.0311862223 0.0114124578 -2.7091746e-05 1 0.470588 0
v -0.0311548163 0.0114092407 -0.00165527309 1 0.470588 0
v -0.0311224295 0.0114083755 -0.00328343489 1 0.470588 0
v -0.0310809377 0.0114061969 -0.0049113511 1 0.470588 0
v -0.0310230116 0.0113997805 -0.0065387922 0.470588 1 0
v -0.0309505751 0.0113895535 -0.00816559436 0.470588 1 0
v -0.0308682914 0.011376329 -0.00979192619 0.470588 1 0
v -0.0307807548 0.0113670862 -0.0114179561 0.470588 1 0
v -0.0306903991 0.0113537636 -0.0130437871 0.470588 1 0
v -0.0305985019 0.0113421453 -0.0146695888 0.470588 1 0
v -0.0304889513 0.011323463 -0.0162941909 1 0 0.705882
v -0.0303838441 0.0113050457 -0.0179191187 1 0 0.705882
v -0.0302609255 0.0112782037 -0.0195426719 1 0 0.705882
v -0.0301572896 0.0112645609 -0.0211677605 1 0 0.705882
v -0.0300451311 0.0112360402 -0.0227920684 1 0 0.705882
v -0.0299338376 0.011214835 -0.0244165957 1 0 0.705882
v -0.0298334562 0.0111949703 -0.0260418661 1 0 0.705882
v -0.0297363877 0.0111582796 -0.027666943 1 0 0.705882
v -0.0296295543 0.0111430714 -0.0292917019 0.313725 0.313725 1
v -0.0295243062 0.0111174174 -0.0309164019 0.313725 0.313725 1
v -0.0294395944 0.0110932362 -0.0325424495 0.313725 0.313725 1
v -0.0293564888 0.0110747592 -0.0341686435 0.313725 0.313725 1
v -0.0292641276 0.0110527312 -0.0357942764 0.313725 0.313725 1
v -0.0291924523 0.0110125355 -0.03742058 0.313725 0.313725 1
v -0.0290996654 0.0110032457 -0.0390461605 0.705882 0.470588 0.156863
v -0.0290180301 0.0109698927 -0.0406721876 0.705882 0.470588 0.156863
v -0.0289395123 0.0109628229 -0.0422986131 0.705882 0.470588 0.156863
v -0.0288729471 0.0109415281 -0.0439254988 0.705882 0.470588 0.156863
v -0.0288206529 0.0109388195 -0.0455530228 0.705882 0.470588 0.156863
v -0.0287621887 0.0109226831 -0.0471803058 0.705882 0.470588 0.156863
v -0.028721479 0.0109157644 -0.0488081723 0.705882 0.470588 0.156863
v -0.0286754543 0.0109157996 -0.0504358779 0.705882 0.470588 0.156863
v -0.0286463809 0.0109206374 -0.0520640003 0.470588 0.470588 0.470588
v -0.0286192907 0.0109280618 -0.0536920929 0.470588 0.470588 0.470588
v -0.0285812214 0.0109411752 -0.0553199326 0.470588 0.470588 0.470588
v -0.0285622612 0.0109522739 -0.0569481929 0.470588 0.470588 0.470588
v -0.0285238646 0.0109595287 -0.0585760083 0.470588 0.470588 0.470588
v -0.0285165589 0.0109797815 -0.0602043326 0.470588 0.470588 0.470588
v -0.0284893027 0.0110011304 -0.0618323992 0.470588 0.470588 0.470588
v -0.0284417526 0.0110200943 -0.0634600818 0.470588 0.470588 0.470588
v -0.0283871319 0.011042706 -0.0650874201 1 0 0
v -0.0283019158 0.0110609385 -0.0667135694 1 0 0
v -0.0282168954 0.0110821687 -0.0683396626 1 0 0
v -0.0280878398 0.0110955489 -0.069962908 1 0 0
v -0.0279706262 0.0111133258 -0.0715869324 1 0 0
v -0.0278117975 0.011132073 -0.073207504 1 0 0
v -0.0276291419 0.0111479382 -0.0748255859 1 0 0
v -0.0273990671 0.0111541871 -0.0764376601 1 0 0
v -0.0271483248 0.0111658025 -0.0780466108 0 1 0
v -0.0268461321 0.0111897764 -0.0796465625 0 1 0
v -0.0265024824 0.0112054502 -0.0812382744 0 1 0
v -0.0261004887 0.0112115413 -0.0828162931 0 1 0
v -0.0256729015 0.0112244156 -0.0843875442 0 1 0
v -0.0252177707 0.0112349098 -0.0859510364 0 1 0
v -0.0246946665 0.0112344489 -0.087493172 0 1 0
v -0.0241188184 0.0112300414 -0.0890163789 0 1 0
v -0.0234680389 0.0112475271 -0.0905090234 0 0.501961 1
v -0.0227815505 0.0112714186 -0.0919855315 0 0.501961 1
v -0.0220365547 0.0112852692 -0.0934335199 0 0.501961 1
v -0.0212099697 0.0113002424 -0.0948365281 0 0.501961 1
v -0.0203299361 0.011309448 -0.0962066786 0 0.501961 1
v -0.0194059289 0.0113235251 -0.0975474818 0 0.501961 1
v -0.0184195033 0.0113263727 -0.0988429329 1 0.784314 0
v -0.0173840315 0.0113311911 -0.100099314 1 0.784314 0
v -0.016278903 0.0113503881 -0.10129411 1 0.784314 0
v -0.0151144348 0.0113676082 -0.102432009 1 0.784314 0
v -0.0139094451 0.0113869 -0.103526848 1 0.784314 0
v -0.0126576069 0.0114032971 -0.104568234 1 0.784314 0
v -0.0113571217 0.0114077383 -0.105548181 1 0.784314 0
v -0.0100160668 0.0114242816 -0.106471447 1 0.784314 0
v -0.00863902671 0.0114381813 -0.107339927 0.705882 0 1
v -0.00722848969 0.0114542837 -0.108153193 0.705882 0 1
v -0.00578501172 0.0114696044 -0.108906778 0.705882 0 1
v -0.00430973515 0.0114807037 -0.109595709 0.705882 0 1
v -0.00280933891 0.011489371 -0.110227816 0.705882 0 1
v -0.00128246479 0.0114932484 -0.110793759 0.705882 0 1
v 0.000267455457 0.0114905712 -0.11129307 0.705882 0 1
v 0.00182735714 0.0115006744 -0.111760258 0.705882 0 1
v 0.00339745451 0.0115083418 -0.112192085 0 0.862745 0.862745
v 0.00498193922 0.0115105439 -0.112567885 0 0.862745 0.862745
v 0.006582573 0.01150991 -0.112866921 0 0.862745 0.862745
v 0.00819296867 0.0115113635 -0.113108268 0 0.862745 0.862745
v 0.00980911325 0.0115076535 -0.113307908 0 0.862745 0.862745
v 0.0114296021 0.0115135232 -0.11346796 0 0.862745 0.862745
v 0.0130538946 0.0115135634 -0.113581689 1 0.470588 0
v 0.0146817765 0.011512653 -0.113616222 1 0.470588 0
v 0.0163091316 0.0115138232 -0.11356767 1 0.470588 0
v 0.0179334961 0.011510398 -0.113454349 1 0.470588 0
v 0.0195517382 0.011511317 -0.113272809 1 0.470588 0
v 0.0211599051 0.0115127014 -0.113017001 1 0.470588 0
v 0.0227517177 0.0115122482 -0.11267391 1 0.470588 0
v 0.0243261993 0.0115143979 -0.112258194 1 0.470588 0
v 0.0258845885 0.011513299 -0.11178567 0.470588 1 0
v 0.0274150048 0.0115070201 -0.111229276 0.470588 1 0
v 0.0289164895 0.0115033887 -0.110599285 0.470588 1 0
v 0.0304010194 0.0115122551 -0.109930177 0.470588 1 0
v 0.031876 0.0115150105 -0.10924 0.470588 1 0
v -0.0306402147 0.0132453269 0.0292834208 0.705882 0 1
v -0.0306369043 0.0132523586 0.0276325444 0.705882 0 1
v -0.0306188898 0.01325458 0.0259817463 0.705882 0 1
v -0.0306159961 0.0132602159 0.0243308613 0.705882 0 1
v -0.0306020471 0.0132610114 0.0226799938 0.705882 0 1
v -0.0305883447 0.0132683925 0.0210291518 0.705882 0 1
v -0.0305788311 0.0132738052 0.0193782693 0 0.862745 0.862745
v -0.0305740011 0.013280342 0.0177273633 0 0.862745 0.862745
v -0.0305683607 0.0132818672 0.0160764501 0 0.862745 0.862745
v -0.0305671406 0.0132848868 0.0144255579 0 0.862745 0.862745
v -0.0305850023 0.013286134 0.0127747374 0 0.862745 0.862745
v -0.030623874 0.0132893984 0.011124281 0 0.862745 0.862745
v -0.0306520551 0.0132930622 0.00947360344 0 0.862745 0.862745
v -0.0306742258 0.0132976666 0.00782283463 0 0.862745 0.862745
v -0.0306907231 0.013298236 0.00617207516 1 0.470588 0
v -0.0306907115 0.0133031147 0.00452116402 1 0.470588 0
v -0.0306697278 0.0132973836 0.00287038253 1 0.470588 0
v -0.0306355037 0.0132918313 0.00121986576 1 0.470588 0
v -0.0305981749 0.0132895151 -0.000430626101 1 0.470588 0
v -0.0305628996 0.0132895473 -0.00208118459 1 0.470588 0
v -0.0305304931 0.0132899155 -0.00373176072 1 0.470588 0
v -0.0304744467 0.0132822388 -0.00538152829 1 0.470588 0
v -0.030402434 0.0132726593 -0.00703084627 0.470588 1 0
v -0.0303081212 0.0132575267 -0.00867888623 0.470588 1 0
v -0.0301996324 0.0132357885 -0.0103260365 0.470588 1 0
v -0.0300948822 0.0132210439 -0.0119735198 0.470588 1 0
v -0.0299734145 0.0131973068 -0.0136197496 0.470588 1 0
v -0.029861571 0.0131767765 -0.0152667495 0.470588 1 0
v -0.0297240086 0.0131403929 -0.01691151 1 0 0.705882
v -0.0295901226 0.0131079613 -0.018556504 1 0 0.705882
v -0.0294429793 0.0130820665 -0.02020061 1 0 0.705882
v -0.029295095 0.0130460191 -0.0218443404 1 0 0.705882
v -0.0291571238 0.0130103776 -0.0234890991 1 0 0.705882
v -0.0290300431 0.0129757957 -0.0251347664 1 0 0.705882
v -0.0289000631 0.0129312659 -0.0267799659 1 0 0.705882
v -0.0287770389 0.0128961862 -0.0284258873 1 0 0.705882
v -0.0286418485 0.0128640951 -0.030070891 0.313725 0.313725 1
v -0.0285294856 0.0128275176 -0.0317175747 0.313725 0.313725 1
v -0.0284202635 0.0127914691 -0.033364429 0.313725 0.313725 1
v -0.0283081928 0.0127570886 -0.0350111226 0.313725 0.313725 1
v -0.0282021143 0.0127170152 -0.0366580616 0.313725 0.313725 1
v -0.0280993554 0.0126802255 -0.0383052301 0.313725 0.313725 1
v -0.0279924311 0.0126436379 -0.0399521848 0.705882 0.470588 0.156863
v -0.0278935566 0.0126135292 -0.0415997696 0.705882 0.470588 0.156863
v -0.0278178243 0.0125841471 -0.0432485104 0.705882 0.470588 0.156863
v -0.0277414565 0.0125720831 -0.0448976073 0.705882 0.470588 0.156863
v -0.0276705788 0.0125510973 -0.0465468652 0.705882 0.470588 0.156863
v -0.0276178783 0.0125364572 -0.048196814 0.705882 0.470588 0.156863
v -0.0275727433 0.0125341889 -0.0498470203 0.705882 0.470588 0.156863
v -0.0275321442 0.012535887 -0.0514973954 0.705882 0.470588 0.156863
v -0.0275103462 0.0125466634 -0.0531481239 0.470588 0.470588 0.470588
v -0.0274758246 0.0125604304 -0.0547986262 0.470588 0.470588 0.470588
v -0.0274619796 0.0125773627 -0.0564493932 0.470588 0.470588 0.470588
v -0.027445914 0.0125946255 -0.0581000504 0.470588 0.470588 0.470588
v -0.0274511349 0.0126312844 -0.0597505586 0.470588 0.470588 0.470588
v -0.0274419095 0.0126591714 -0.0614012168 0.470588 0.470588 0.470588
v -0.0274225337 0.0126922841 -0.0630516219 0.470588 0.470588 0.470588
v -0.0273905414 0.0127275396 -0.0647018268 0.470588 0.470588 0.470588
v -0.0273307439 0.0127592808 -0.0663512364 1 0 0
v -0.0272621922 0.0127871673 -0.068000471 1 0 0
v -0.0271635016 0.0128205776 -0.0696479731 1 0 0
v -0.0270522066 0.0128447271 -0.0712949399 1 0 0
v -0.0269174698 0.0128756724 -0.0729399745 1 0 0
v -0.0267416931 0.0128955681 -0.0745813795 1 0 0
v -0.0265409327 0.012914328 -0.0762198372 1 0 0
v -0.0262921489 0.0129328936 -0.0778517801 1 0 0
v -0.0260115054 0.0129650957 -0.0794782423 0 1 0
v -0.0256741508 0.012986351 -0.0810941444 0 1 0
v -0.0252927304 0.0130082264 -0.082700131 0 1 0
v -0.0248663543 0.0130241738 -0.084294942 0 1 0
v -0.0244141816 0.0130433513 -0.0858825515 0 1 0
v -0.0238862256 0.0130459653 -0.0874467578 0 1 0
v -0.0233027809 0.0130579754 -0.0889910793 0 1 0
v -0.0226581747 0.0130743001 -0.0905107909 0 1 0
v -0.0219612434 0.0131008662 -0.0920070569 0 0.501961 1
v -0.0212071724 0.0131341943 -0.0934749691 0 0.501961 1
v -0.0203752375 0.0131543659 -0.094900641 0 0.501961 1
v -0.0194903177 0.0131737364 -0.0962941483 0 0.501961 1
v -0.0185611345 0.0131939477 -0.0976584983 0 0.501961 1
v -0.0175630415 0.0132064566 -0.0989735035 0 0.501961 1
v -0.0164959865 0.0132261029 -0.100232975 1 0.784314 0
v -0.0153645072 0.0132515099 -0.101434671 1 0.784314 0
v -0.014184957 0.0132772107 -0.102589428 1 0.784314 0
v -0.0129529284 0.0132985487 -0.103688038 1 0.784314 0
v -0.0116776248 0.0133232133 -0.1047358 1 0.784314 0
v -0.0103598107 0.0133492291 -0.105729419 1 0.784314 0
v -0.00900230414 0.0133710425 -0.10666853 1 0.784314 0
v -0.00760280446 0.0133910881 -0.107543974 1 0.784314 0
v -0.00616816287 0.0134102962 -0.108360203 0.705882 0 1
v -0.00470380466 0.0134243119 -0.109121655 0.705882 0 1
v -0.00320966453 0.0134340319 -0.109823229 0.705882 0 1
v -0.00168306812 0.0134353773 -0.110451621 0.705882 0 1
v -0.000130721371 0.0134510192 -0.111012843 0.705882 0 1
v 0.00144007627 0.0134680561 -0.11152017 0.705882 0 1
v 0.00302316877 0.0134730139 -0.111988317 0 0.862745 0.862745
v 0.00462048625 0.0134765027 -0.112405233 0 0.862745 0.862745
v 0.00623540782 0.0134785741 -0.11274643 0 0.862745 0.862745
v 0.00786298467 0.0134805416 -0.113021356 0 0.862745 0.862745
v 0.00949903578 0.0134812562 -0.113241943 0 0.862745 0.862745
v 0.0111396473 0.0134820392 -0.113425567 0 0.862745 0.862745
v 0.0127852226 0.0134825263 -0.113556377 1 0.470588 0
v 0.0144347772 0.0134805712 -0.11361178 1 0.470588 0
v 0.016084744 0.013482777 -0.113575834 1 0.470588 0
v 0.0177318694 0.0134827163 -0.113467492 1 0.470588 0
v 0.0193736756 0.0134828841 -0.11329553 1 0.470588 0
v 0.0210048394 0.0134829146 -0.113041614 1 0.470588 0
v 0.0226195722 0.0134810976 -0.112699354 1 0.470588 0
v 0.0242171955 0.0134806279 -0.112284276 1 0.470588 0
v 0.0257959809 0.0134824769 -0.111803529 0.470588 1 0
v 0.0273512753 0.0134808329 -0.111251482 0.470588 1 0
v 0.0288786669 0.0134771208 -0.110624873 0.470588 1 0
v 0.0303808012 0.01348224 -0.109939942 0.470588 1 0
v 0.031876 0.0134836623 -0.10924 0.470588 1 0
v -0.0299439667 0.0150863044 0.0292834649 0.705882 0 1
v -0.0299448667 0.0150950855 0.0276398186 0.705882 0 1
v -0.0299280536 0.0150975608 0.0259962357 0.705882 0 1
v -0.0299240931 0.0151034348 0.0243525785 0.705882 0 1
v -0.0299157784 0.0151075284 0.0227089394 0.705882 0 1
v -0.0299097247 0.0151141827 0.0210652968 0.705882 0 1
v -0.0298945384 0.0151197993 0.0194217048 0 0.862745 0.862745
v -0.0298948896 0.01512917 0.0177780791 0 0.862745 0.862745
v -0.0298990003 0.0151293139 0.0161344408 0 0.862745 0.862745
v -0.029902735 0.0151371429 0.0144908271 0 0.862745 0.862745
v -0.0299179607 0.0151373076 0.0128472975 0 0.862745 0.862745
v -0.0299527391 0.0151437942 0.0112040531 0 0.862745 0.862745
v -0.0299737673 0.015141849 0.00956054304 0 0.862745 0.862745
v -0.0300017113 0.0151435079 0.00791713083 0 0.862745 0.862745
v -0.030020421 0.0151408623 0.00627369788 1 0.470588 0
v -0.0300127962 0.0151435279 0.00463003896 1 0.470588 0
v -0.0299913017 0.015146181 0.00298653163 1 0.470588 0
v -0.0299529821 0.0151383451 0.00134332721 1 0.470588 0
v -0.0299100198 0.0151301392 -0.000299750667 1 0.470588 0
v -0.0298695948 0.0151279697 -0.00194290008 1 0.470588 0
v -0.029822178 0.0151231366 -0.00358583304 1 0.470588 0
v -0.0297612094 0.0151139117 -0.00522817488 1 0.470588 0
v -0.0296709223 0.0150975206 -0.0068692835 0.470588 1 0
v -0.0295668481 0.0150793077 -0.00850952848 0.470588 1 0
v -0.0294459955 0.0150534964 -0.01014844 0.470588 1 0
v -0.0293220449 0.0150282571 -0.0117871605 0.470588 1 0
v -0.0291900796 0.0149993259 -0.0134252098 0.470588 1 0
v -0.0290597447 0.014966522 -0.0150633624 0.470588 1 0
v -0.0289108472 0.0149252013 -0.0166996706 1 0 0.705882
v -0.0287590811 0.0148861318 -0.0183358395 1 0 0.705882
v -0.0285773757 0.014843881 -0.0199688547 1 0 0.705882
v -0.0284017538 0.0147951089 -0.0216022602 1 0 0.705882
v -0.0282373958 0.014744312 -0.0232368701 1 0 0.705882
v -0.0280722565 0.0146897492 -0.024871254 1 0 0.705882
v -0.027917724 0.0146409893 -0.0265068937 1 0 0.705882
v -0.0277656713 0.0145878713 -0.0281426167 1 0 0.705882
v -0.0276249765 0.0145286189 -0.0297791844 0.313725 0.313725 1
v -0.0274844519 0.0144794868 -0.0314160744 0.313725 0.313725 1
v -0.0273477106 0.0144331287 -0.0330533688 0.313725 0.313725 1
v -0.0272091607 0.0143773516 -0.0346902474 0.313725 0.313725 1
v -0.0270830014 0.0143298601 -0.0363283287 0.313725 0.313725 1
v -0.0269633079 0.0142817502 -0.0379668697 0.313725 0.313725 1
v -0.0268379784 0.0142326608 -0.0396049315 0.705882 0.470588 0.156863
v -0.026730088 0.0141903465 -0.0412444761 0.705882 0.470588 0.156863
v -0.0266291703 0.01415751 -0.0428845176 0.705882 0.470588 0.156863
v -0.0265531019 0.0141350444 -0.0445262698 0.705882 0.470588 0.156863
v -0.0264768168 0.0141096039 -0.0461679346 0.705882 0.470588 0.156863
v -0.0264096361 0.0140842325 -0.0478099457 0.705882 0.470588 0.156863
v -0.0263592687 0.0140749838 -0.0494525855 0.705882 0.470588 0.156863
v -0.0263199039 0.014077619 -0.0510957692 0.705882 0.470588 0.156863
v -0.0262899739 0.0140880954 -0.0527390722 0.470588 0.470588 0.470588
v -0.0262659611 0.0141034944 -0.0543824333 0.470588 0.470588 0.470588
v -0.0262511807 0.0141235134 -0.056025818 0.470588 0.470588 0.470588
v -0.0262539551 0.014157482 -0.0576691049 0.470588 0.470588 0.470588
v -0.0262662102 0.0141948418 -0.0593122777 0.470588 0.470588 0.470588
v -0.0262679015 0.014231034 -0.0609555431 0.470588 0.470588 0.470588
v -0.0262613531 0.0142704706 -0.0625986852 0.470588 0.470588 0.470588
v -0.0262436469 0.0143117015 -0.064241714 0.470588 0.470588 0.470588
v -0.0262142814 0.0143603615 -0.0658843274 1 0 0
v -0.026164165 0.0144004362 -0.0675267269 1 0 0
v -0.02610562 0.0144535936 -0.0691684666 1 0 0
v -0.0260126979 0.0144916644 -0.0708090064 1 0 0
v -0.0259086934 0.0145365622 -0.0724487653 1 0 0
v -0.0257621931 0.0145716669 -0.0740853721 1 0 0
v -0.0255946058 0.0146087435 -0.0757200585 1 0 0
v -0.0253732693 0.0146348501 -0.0773483848 1 0 0
v -0.025125494 0.0146761217 -0.0789727174 0 1 0
v -0.0248034106 0.0147001835 -0.0805842812 0 1 0
v -0.0244543294 0.0147381889 -0.0821899449 0 1 0
v -0.0240520499 0.0147636727 -0.0837833984 0 1 0
v -0.0236215027 0.0147929142 -0.0853693817 0 1 0
v -0.0231282902 0.0148134662 -0.0869368976 0 1 0
v -0.0225710337 0.0148371093 -0.0884828375 0 1 0
v -0.0219652236 0.0148637194 -0.0900104654 0 1 0
v -0.0212969116 0.0148921778 -0.0915117625 0 0.501961 1
v -0.0205792846 0.014937711 -0.0929894894 0 0.501961 1
v -0.0197883887 0.0149743406 -0.0944297038 0 0.501961 1
v -0.0189286958 0.0150018956 -0.0958303481 0 0.501961 1
v -0.0180204062 0.015027618 -0.0972000065 0 0.501961 1
v -0.0170419877 0.015056721 -0.0985200638 0 0.501961 1
v -0.0159998959 0.0150884086 -0.0997904215 1 0.784314 0
v -0.0149113476 0.0151254385 -0.101021148 1 0.784314 0
v -0.0137519203 0.0151493458 -0.102185953 1 0.784314 0
v -0.0125430609 0.0151897109 -0.103298809 1 0.784314 0
v -0.0112960289 0.0152262775 -0.104368486 1 0.784314 0
v -0.0100092376 0.0152585082 -0.105389967 1 0.784314 0
v -0.00868132654 0.0152922717 -0.106357734 1 0.784314 0
v -0.00731153052 0.0153226213 -0.107265642 1 0.784314 0
v -0.00590409882 0.0153451673 -0.108114067 0.705882 0 1
v -0.00446268902 0.0153675283 -0.108903182 0.705882 0 1
v -0.00298996126 0.0153923298 -0.109631732 0.705882 0 1
v -0.00148964193 0.0154110877 -0.110302609 0.705882 0 1
v 4.40828558e-05 0.015421705 -0.110893411 0.705882 0 1
v 0.00159708038 0.0154278619 -0.111430922 0.705882 0 1
v 0.00316548239 0.0154371236 -0.111921997 0 0.862745 0.862745
v 0.00475091324 0.0154446206 -0.11235529 0 0.862745 0.862745
v 0.00635455519 0.0154481633 -0.112715198 0 0.862745 0.862745
v 0.0079735565 0.0154449367 -0.112998426 0 0.862745 0.862745
v 0.00960183261 0.0154443174 -0.113222937 0 0.862745 0.862745
v 0.0112346299 0.0154482495 -0.11341093 0 0.862745 0.862745
v 0.0128725851 0.0154508792 -0.113546004 1 0.470588 0
v 0.0145150177 0.0154483301 -0.113603673 1 0.470588 0
v 0.0161581435 0.0154441456 -0.113570227 1 0.470588 0
v 0.0177977868 0.0154514848 -0.113457869 1 0.470588 0
v 0.0194315738 0.0154505165 -0.113280444 1 0.470588 0
v 0.0210551881 0.0154514633 -0.113025343 1 0.470588 0
v 0.022664555 0.0154481517 -0.112692255 1 0.470588 0
v 0.0242565998 0.0154505563 -0.112283922 1 0.470588 0
v 0.0258308398 0.0154489103 -0.111811416 0.470588 1 0
v 0.0273763825 0.0154488356 -0.111253295 0.470588 1 0
v 0.0288935751 0.0154485953 -0.110622486 0.470588 1 0
v 0.0303885211 0.0154518489 -0.109939353 0.470588 1 0
v 0.031876 0.0154523141 -0.10924 0.470588 1 0
v -0.0291524832 0.0168882666 0.0292834 0.705882 0 1
v -0.0291500711 0.0168958414 0.0276476388 0.705882 0 1
v -0.0291356962 0.0168990365 0.0260119292 0.705882 0 1
v -0.0291340264 0.0169067832 0.0243761721 0.705882 0 1
v -0.0291250506 0.016909975 0.0227404282 0.705882 0 1
v -0.0291277339 0.0169188619 0.0211046826 0.705882 0 1
v -0.0291127584 0.0169263199 0.0194690035 0 0.862745 0.862745
v -0.0291120209 0.0169326029 0.0178332663 0 0.862745 0.862745
v -0.0291241553 0.0169346498 0.0161975523 0 0.862745 0.862745
v -0.0291264735 0.0169375183 0.0145617766 0 0.862745 0.862745
v -0.0291469851 0.0169409355 0.0129261692 0 0.862745 0.862745
v -0.0291719792 0.0169460663 0.011290633 0 0.862745 0.862745
v -0.0291856273 0.0169449335 0.00965506115 0 0.862745 0.862745
v -0.0292120424 0.0169506237 0.00801952035 0 0.862745 0.862745
v -0.0292326042 0.0169513933 0.00638389963 1 0.470588 0
v -0.0292200435 0.0169450154 0.00474817495 1 0.470588 0
v -0.0291988941 0.0169477637 0.00311254699 1 0.470588 0
v -0.0291672552 0.016942128 0.0014770797 1 0.470588 0
v -0.0291162987 0.0169329323 -0.000157888791 1 0.470588 0
v -0.0290710866 0.0169272445 -0.00179300635 1 0.470588 0
v -0.0290075953 0.0169138734 -0.00342750586 1 0.470588 0
v -0.0289336343 0.0168969405 -0.00506149591 1 0.470588 0
v -0.0288369723 0.0168774122 -0.00669427963 0.470588 1 0
v -0.0287180836 0.0168526397 -0.00832554798 0.470588 1 0
v -0.0285812776 0.0168175754 -0.00995523106 0.470588 1 0
v -0.0284399364 0.0167843686 -0.0115845367 0.470588 1 0
v -0.0282966621 0.016748528 -0.0132135914 0.470588 1 0
v -0.0281495306 0.0167060724 -0.0148421894 0.470588 1 0
v -0.0279845399 0.0166575449 -0.0164688465 1 0 0.705882
v -0.0278092817 0.016606958 -0.0180944276 1 0 0.705882
v -0.0276126005 0.0165506702 -0.019717334 1 0 0.705882
v -0.0274104287 0.016488054 -0.0213392628 1 0 0.705882
v -0.0272179914 0.0164197587 -0.0229622084 1 0 0.705882
v -0.0270180205 0.0163405443 -0.0245837429 1 0 0.705882
v -0.0268367825 0.0162742934 -0.026208055 1 0 0.705882
v -0.0266572728 0.0162021482 -0.027832235 1 0 0.705882
v -0.0264985208 0.0161353579 -0.0294588705 0.313725 0.313725 1
v -0.0263206428 0.0160701032 -0.0310836088 0.313725 0.313725 1
v -0.0261611595 0.0159993211 -0.0327100418 0.313725 0.313725 1
v -0.0260158029 0.0159381504 -0.0343382175 0.313725 0.313725 1
v -0.0258616468 0.0158661544 -0.0359650174 0.313725 0.313725 1
v -0.0257350683 0.0158070579 -0.0375947467 0.313725 0.313725 1
v -0.0255905823 0.0157458717 -0.0392229219 0.705882 0.470588 0.156863
v -0.0254751846 0.0156936453 -0.0408537284 0.705882 0.470588 0.156863
v -0.0253553226 0.0156480819 -0.0424843835 0.705882 0.470588 0.156863
v -0.0252625918 0.0156096459 -0.0441170084 0.705882 0.470588 0.156863
v -0.0251788874 0.015579451 -0.0457502733 0.705882 0.470588 0.156863
v -0.0251058088 0.0155505328 -0.0473840449 0.705882 0.470588 0.156863
v -0.0250441014 0.0155279006 -0.0490183345 0.705882 0.470588 0.156863
v -0.0250074963 0.015534297 -0.0506536522 0.705882 0.470588 0.156863
v -0.0249718356 0.0155395826 -0.0522889479 0.470588 0.470588 0.470588
v -0.0249513816 0.0155583948 -0.0539243936 0.470588 0.470588 0.470588
v -0.024936934 0.0155790089 -0.0555597842 0.470588 0.470588 0.470588
v -0.0249468926 0.0156217584 -0.0571949676 0.470588 0.470588 0.470588
v -0.024960857 0.015658358 -0.0588302183 0.470588 0.470588 0.470588
v -0.0249788692 0.0157046683 -0.0604651789 0.470588 0.470588 0.470588
v -0.0249849914 0.0157528952 -0.0621000302 0.470588 0.470588 0.470588
v -0.0249702572 0.0157911471 -0.0637351616 0.470588 0.470588 0.470588
v -0.0249554969 0.0158502442 -0.0653697759 1 0 0
v -0.0249264099 0.0159090064 -0.0670041858 1 0 0
v -0.0248883583 0.015971323 -0.0686383094 1 0 0
v -0.0248331146 0.0160345027 -0.0702719483 1 0 0
v -0.0247540195 0.0160930765 -0.0719047106 1 0 0
v -0.0246506288 0.016155172 -0.0735359662 1 0 0
v -0.024505118 0.0162056806 -0.0751644751 1 0 0
v -0.0243288151 0.0162585881 -0.0767897719 1 0 0
v -0.0241065812 0.0163066099 -0.0784096335 0 1 0
v -0.0238248702 0.0163473515 -0.0800202554 0 1 0
v -0.0235037887 0.0163963002 -0.0816233708 0 1 0
v -0.0231356022 0.0164370439 -0.0832164993 0 1 0
v -0.0227311384 0.016477768 -0.0848009099 0 1 0
v -0.0222796357 0.0165216832 -0.0863722466 0 1 0
v -0.0217568041 0.016559567 -0.0879214967 0 1 0
v -0.0211669418 0.0165943174 -0.0894465838 0 1 0
v -0.0205429035 0.0166431408 -0.0909577692 0 0.501961 1
v -0.0198635658 0.0166946354 -0.0924445195 0 0.501961 1
v -0.0191076003 0.0167445252 -0.0938935705 0 0.501961 1
v -0.0182787336 0.0167850255 -0.0953025859 0 0.501961 1
v -0.0173952841 0.0168240001 -0.0966784154 0 0.501961 1
v -0.0164481672 0.0168656513 -0.0980109885 0 0.501961 1
v -0.0154427007 0.0169090983 -0.099299949 1 0.784314 0
v -0.0143744324 0.0169602309 -0.100537306 1 0.784314 0
v -0.0132577995 0.0170102733 -0.101731224 1 0.784314 0
v -0.0120904676 0.0170601455 -0.10287603 1 0.784314 0
v -0.010876201 0.0171020977 -0.103970863 1 0.784314 0
v -0.00961953563 0.0171501581 -0.105016484 1 0.784314 0
v -0.00832511632 0.017195195 -0.10601522 0.705882 0 1
v -0.00698568654 0.0172385934 -0.106953121 0.705882 0 1
v -0.00560448474 0.0172782379 -0.107828634 0.705882 0 1
v -0.0041898351 0.0173123998 -0.108648691 0.705882 0 1
v -0.00274438041 0.0173410477 -0.109412962 0.705882 0 1
v -0.00126978906 0.0173621858 -0.110120275 0.705882 0 1
v 0.000236604209 0.017369529 -0.110757792 0 0.862745 0.862745
v 0.00176777465 0.0173915942 -0.11133212 0 0.862745 0.862745
v 0.00332017841 0.0174055626 -0.111847053 0 0.862745 0.862745
v 0.00489392065 0.0174106068 -0.11229303 0 0.862745 0.862745
v 0.00648690303 0.0174144669 -0.112664055 0 0.862745 0.862745
v 0.00809501718 0.0174158367 -0.112961968 0 0.862745 0.862745
v 0.009712448 0.0174171217 -0.11320436 1 0.470588 0
v 0.0113361962 0.0174198352 -0.113401958 1 0.470588 0
v 0.0129664156 0.0174170498 -0.113536882 1 0.470588 0
v 0.0146010526 0.0174186516 -0.113593341 1 0.470588 0
v 0.0162361361 0.017419762 -0.113556415 1 0.470588 0
v 0.0178679192 0.0174199061 -0.113444958 1 0.470588 0
v 0.0194940241 0.0174202018 -0.113269285 1 0.470588 0
v 0.0211112175 0.0174204273 -0.113023879 1 0.470588 0
v 0.0227108389 0.0174187963 -0.112682707 0.470588 1 0
v 0.0242940603 0.0174187086 -0.112271879 0.470588 1 0
v 0.0258611543 0.0174181563 -0.111803389 0.470588 1 0
v 0.0273999347 0.01741957 -0.11124952 0.470588 1 0
v 0.0289073124 0.0174183497 -0.110614626 0.470588 1 0
v 0.0303951891 0.0174196812 -0.109934976 0.470588 1 0
v 0.031876 0.0174209659 -0.10924 0.470588 1 0
v -0.0282614067 0.0186430869 0.0292833244 0.705882 0 1
v -0.0282505893 0.0186464375 0.0276566453 0.705882 0 1
v -0.0282459546 0.0186543674 0.0260299558 0.705882 0 1
v -0.0282406237 0.0186605766 0.0244032609 0.705882 0 1
v -0.028235917 0.0186664966 0.0227765695 0.705882 0 1
v -0.0282318357 0.0186719652 0.021149892 0.705882 0 1
v -0.0282218906 0.0186806102 0.0195232753 0 0.862745 0.862745
v -0.0282272636 0.0186861085 0.0178966112 0 0.862745 0.862745
v -0.0282285745 0.0186908246 0.0162699546 0 0.862745 0.862745
v -0.0282385804 0.0186990585 0.0146432828 0 0.862745 0.862745
v -0.0282537242 0.0187030815 0.0130166646 0 0.862745 0.862745
v -0.0282813215 0.018707469 0.011390168 0 0.862745 0.862745
v -0.028283475 0.0186965488 0.00976346975 0 0.862745 0.862745
v -0.0283155732 0.0187026874 0.00813713072 0 0.862745 0.862745
v -0.0283329363 0.018708254 0.00651048966 1 0.470588 0
v -0.0283277751 0.0187060262 0.00488380708 1 0.470588 0
v -0.0283028949 0.0187000467 0.00325733386 1 0.470588 0
v -0.0282618669 0.0186912243 0.00163113552 1 0.470588 0
v -0.0282111289 0.0186800286 5.23339826e-06 1 0.470588 0
v -0.0281491039 0.0186641368 -0.00162021147 1 0.470588 0
v -0.0281003702 0.0186556664 -0.00324614869 1 0.470588 0
v -0.0280204165 0.0186340746 -0.0048707854 1 0.470588 0
v -0.027913119 0.0186086556 -0.00649377702 0.470588 1 0
v -0.0277746312 0.0185745797 -0.0081141914 0.470588 1 0
v -0.0276207986 0.0185315256 -0.00973302683 0.470588 1 0
v -0.0274674637 0.0184897235 -0.0113519719 0.470588 1 0
v -0.0273027722 0.0184412342 -0.0129695917 0.470588 1 0
v -0.0271396875 0.018389535 -0.0145873084 0.470588 1 0
v -0.0269523729 0.018325496 -0.0162019278 1 0 0.705882
v -0.0267567903 0.0182642256 -0.0178156898 1 0 0.705882
v -0.0265406142 0.0181912622 -0.0194263082 1 0 0.705882
v -0.0263186571 0.0181142686 -0.021035861 1 0 0.705882
v -0.0260941813 0.0180256361 -0.0226445197 1 0 0.705882
v -0.0258736694 0.0179332797 -0.024253483 1 0 0.705882
v -0.025660629 0.0178403266 -0.0258634836 1 0 0.705882
v -0.025458071 0.0177535647 -0.0274750721 1 0 0.705882
v -0.025265219 0.0176653586 -0.029087797 0.313725 0.313725 1
v -0.0250746577 0.017571311 -0.0307005481 0.313725 0.313725 1
v -0.0248900281 0.0174815558 -0.032314283 0.313725 0.313725 1
v -0.0247236425 0.0174043551 -0.0339305993 0.313725 0.313725 1
v -0.0245466794 0.0173173053 -0.0355452739 0.313725 0.313725 1
v -0.0243983107 0.0172327221 -0.03716287 0.313725 0.313725 1
v -0.0242415232 0.017161016 -0.0387803793 0.705882 0.470588 0.156863
v -0.0241038062 0.0170867161 -0.0403993362 0.705882 0.470588 0.156863
v -0.0239745669 0.0170347809 -0.0420199674 0.705882 0.470588 0.156863
v -0.0238597632 0.0169730656 -0.0436414076 0.705882 0.470588 0.156863
v -0.0237615251 0.0169299839 -0.0452644954 0.705882 0.470588 0.156863
v -0.0236855317 0.0169005248 -0.0468891418 0.705882 0.470588 0.156863
v -0.0236165705 0.0168661554 -0.0485139946 0.705882 0.470588 0.156863
v -0.0235793442 0.0168719661 -0.050140191 0.705882 0.470588 0.156863
v -0.0235461613 0.0168822313 -0.0517665162 0.470588 0.470588 0.470588
v -0.0235166833 0.0168924143 -0.0533928668 0.470588 0.470588 0.470588
v -0.0235104592 0.0169273597 -0.0550191198 0.470588 0.470588 0.470588
v -0.0235164052 0.0169623271 -0.0566454357 0.470588 0.470588 0.470588
v -0.0235249884 0.0169964883 -0.0582716927 0.470588 0.470588 0.470588
v -0.0235529872 0.0170494347 -0.0598972489 0.470588 0.470588 0.470588
v -0.0235751144 0.0171058079 -0.0615228262 0.470588 0.470588 0.470588
v -0.0235802133 0.0171635654 -0.0631484748 0.470588 0.470588 0.470588
v -0.0235813975 0.0172277022 -0.0647738568 1 0 0
v -0.0235756888 0.0173059906 -0.0663985736 1 0 0
v -0.023554507 0.017381121 -0.06802341 1 0 0
v -0.0235152756 0.0174520457 -0.0696480943 1 0 0
v -0.0234650681 0.0175293921 -0.0712721365 1 0 0
v -0.0233907488 0.0176106521 -0.0728951272 1 0 0
v -0.0232832952 0.0176882122 -0.0745163296 1 0 0
v -0.0231372538 0.0177608802 -0.0761348429 1 0 0
v -0.0229641904 0.0178412399 -0.0777501378 0 1 0
v -0.0227282087 0.0179012841 -0.0793585065 0 1 0
v -0.0224554393 0.0179697321 -0.0809607234 0 1 0
v -0.022127026 0.0180275586 -0.0825528842 0 1 0
v -0.0217428037 0.0180772796 -0.0841327704 0 1 0
v -0.0213285465 0.0181413432 -0.0857044848 0 1 0
v -0.0208415332 0.0181953273 -0.0872553151 0 1 0
v -0.0203089294 0.0182611194 -0.088790808 0 1 0
v -0.0197208876 0.0183237126 -0.0903060868 0 0.501961 1
v -0.0190723544 0.018386307 -0.0917964718 0 0.501961 1
v -0.018353773 0.0184507645 -0.0932543914 0 0.501961 1
v -0.0175668484 0.0185123693 -0.0946767416 0 0.501961 1
v -0.0167153121 0.018565473 -0.0960616851 0 0.501961 1
v -0.0158043422 0.0186289023 -0.097407703 0 0.501961 1
v -0.0148356411 0.0186949308 -0.0987123351 1 0.784314 0
v -0.0138190912 0.0187677078 -0.099979938 1 0.784314 0
v -0.0127427414 0.0188338371 -0.101197614 1 0.784314 0
v -0.0116210093 0.0189044954 -0.102373291 1 0.784314 0
v -0.0104397715 0.0189692255 -0.103489547 1 0.784314 0
v -0.0092146092 0.0190282669 -0.10455754 1 0.784314 0
v -0.00795936537 0.0190899906 -0.105589941 0.705882 0 1
v -0.00664814298 0.019142154 -0.10655066 0.705882 0 1
v -0.00531167034 0.0191975241 -0.10747645 0.705882 0 1
v -0.00393209232 0.0192398982 -0.108337365 0.705882 0 1
v -0.00251908749 0.0192764487 -0.109141741 0.705882 0 1
v -0.0010716641 0.0192981611 -0.109883417 0.705882 0 1
v 0.000406457995 0.0193262028 -0.11056206 0 0.862745 0.862745
v 0.00191221754 0.0193556943 -0.111176293 0 0.862745 0.862745
v 0.00344450346 0.0193671174 -0.111721032 0 0.862745 0.862745
v 0.00499967921 0.0193763173 -0.112197684 0 0.862745 0.862745
v 0.00657582275 0.0193826978 -0.112600071 0 0.862745 0.862745
v 0.0081699446 0.0193848384 -0.112924233 0 0.862745 0.862745
v 0.00977426432 0.0193837352 -0.113192878 1 0.470588 0
v 0.0113881684 0.0193862242 -0.113394972 1 0.470588 0
v 0.0130087842 0.0193879144 -0.113532267 1 0.470588 0
v 0.0146338402 0.0193883271 -0.113588523 1 0.470588 0
v 0.0162597255 0.0193891622 -0.113553526 1 0.470588 0
v 0.0178827374 0.0193892516 -0.113447858 1 0.470588 0
v 0.0194992409 0.0193870155 -0.113268775 1 0.470588 0
v 0.0211047545 0.0193865291 -0.113011989 1 0.470588 0
v 0.0226969592 0.0193884059 -0.112680401 0.470588 1 0
v 0.0242731358 0.019387953 -0.112278043 0.470588 1 0
v 0.0258302733 0.0193883757 -0.111807262 0.470588 1 0
v 0.0273605249 0.019384832 -0.111255751 0.470588 1 0
v 0.0288615307 0.0193810881 -0.110629298 0.470588 1 0
v 0.0303438361 0.0193892935 -0.109959455 0.470588 1 0
v 0.0318163864 0.019389458 -0.109268161 0.470588 1 0
v -0.0272665731 0.0203413992 0.0292829059 0.705882 0 1
v -0.0272481267 0.0203400451 0.0276397763 0.705882 0 1
v -0.027250235 0.0203523365 0.0259965926 0.705882 0 1
v -0.0272385677 0.0203548579 0.0243534062 0.705882 0 1
v -0.0272381587 0.020364233 0.0227102215 0.705882 0 1
v -0.0272290184 0.0203694048 0.0210670392 0.705882 0 1
v -0.0272168036 0.0203737839 0.0194238893 0 0.862745 0.862745
v -0.0272229501 0.0203834303 0.0177807631 0 0.862745 0.862745
v -0.0272190404 0.0203794266 0.0161376204 0 0.862745 0.862745
v -0.0272306837 0.0203902038 0.014494543 0 0.862745 0.862745
v -0.0272432489 0.0203918691 0.0128514031 0 0.862745 0.862745
v -0.0272692895 0.0203939771 0.0112084233 0 0.862745 0.862745
v -0.0272833936 0.0203906576 0.00956530511 0 0.862745 0.862745
v -0.0273109074 0.0203925563 0.00792236212 0 0.862745 0.862745
v -0.0273211167 0.0203896588 0.00627920872 1 0.470588 0
v -0.0273084618 0.0203901856 0.00463607156 1 0.470588 0
v -0.0272717882 0.0203785358 0.00299337322 1 0.470588 0
v -0.0272149346 0.0203596411 0.00135126641 1 0.470588 0
v -0.0271606395 0.0203493776 -0.000290995899 1 0.470588 0
v -0.0270923326 0.0203314863 -0.00193268684 1 0.470588 0
v -0.0270339815 0.0203213465 -0.00357482696 1 0.470588 0
v -0.0269505263 0.0203003812 -0.00521580868 1 0.470588 0
v -0.0268268352 0.0202643481 -0.00685385176 0.470588 1 0
v -0.0266729944 0.0202198781 -0.00848919588 0.470588 1 0
v -0.0265038483 0.020168158 -0.0101228642 0.470588 1 0
v -0.0263280212 0.0201128242 -0.0117556973 0.470588 1 0
v -0.0261428142 0.0200502549 -0.0133872587 0.470588 1 0
v -0.0259448592 0.0199756414 -0.01501672 0.470588 1 0
v -0.0257332225 0.0198969256 -0.0166443623 1 0 0.705882
v -0.0254999903 0.0198096666 -0.0182684842 1 0 0.705882
v -0.0252495251 0.0197120318 -0.0198895555 1 0 0.705882
v -0.0249951849 0.0196062887 -0.0215094899 1 0 0.705882
v -0.0247361365 0.0194871486 -0.0231276655 1 0 0.705882
v -0.0245016101 0.0193827271 -0.0247506756 1 0 0.705882
v -0.0242513235 0.019250283 -0.0263693087 1 0 0.705882
v -0.0240294833 0.0191404228 -0.027993658 1 0 0.705882
v -0.0238127985 0.0190309488 -0.0296187868 0.313725 0.313725 1
v -0.023599759 0.0189122208 -0.0312437816 0.313725 0.313725 1
v -0.0233919665 0.0187949512 -0.0328694999 0.313725 0.313725 1
v -0.0231906047 0.0186846151 -0.0344964224 0.313725 0.313725 1
v -0.023015021 0.018593471 -0.0361276223 0.313725 0.313725 1
v -0.0228484543 0.018487663 -0.037758781 0.313725 0.313725 1
v -0.0226842077 0.0184033708 -0.0393915003 0.705882 0.470588 0.156863
v -0.0225225215 0.0183055563 -0.0410236278 0.705882 0.470588 0.156863
v -0.0223818009 0.018228318 -0.0426586537 0.705882 0.470588 0.156863
v -0.0222849494 0.0181886375 -0.0442984916 0.705882 0.470588 0.156863
v -0.0221818358 0.0181334604 -0.0459372793 0.705882 0.470588 0.156863
v -0.0221025408 0.0180946968 -0.0475780284 0.705882 0.470588 0.156863
v -0.0220399362 0.0180697479 -0.0492194078 0.705882 0.470588 0.156863
v -0.0220066879 0.0180821998 -0.0508622231 0.705882 0.470588 0.156863
v -0.0219765262 0.0180907292 -0.0525049922 0.470588 0.470588 0.470588
v -0.021961863 0.0181212625 -0.0541476333 0.470588 0.470588 0.470588
v -0.0219617351 0.0181544082 -0.055790428 0.470588 0.470588 0.470588
v -0.021971244 0.0181887755 -0.0574332487 0.470588 0.470588 0.470588
v -0.0220075462 0.0182587833 -0.0590743644 0.470588 0.470588 0.470588
v -0.0220352744 0.0183177395 -0.0607162145 0.470588 0.470588 0.470588
v -0.0220697794 0.0184029393 -0.0623567712 0.470588 0.470588 0.470588
v -0.0220830005 0.0184729767 -0.0639984195 0.470588 0.470588 0.470588
v -0.0220976013 0.0185695084 -0.0656386998 1 0 0
v -0.0220989202 0.0186636902 -0.0672791566 1 0 0
v -0.0220875334 0.0187610789 -0.068919367 1 0 0
v -0.0220633842 0.0188593446 -0.0705594567 1 0 0
v -0.0220097706 0.0189475541 -0.0721992387 1 0 0
v -0.0219366766 0.0190526485 -0.0738374353 1 0 0
v -0.0218117881 0.0191390131 -0.0754735674 1 0 0
v -0.0216729009 0.019247954 -0.0771072657 1 0 0
v -0.0214668368 0.0193282509 -0.0787354065 0 1 0
v -0.0212373119 0.0194315564 -0.08035916 0 1 0
v -0.0209309669 0.0195047033 -0.0819716913 0 1 0
v -0.0205781575 0.0195690486 -0.0835752505 0 1 0
v -0.0201981291 0.019664572 -0.0851710177 0 1 0
v -0.0197560213 0.0197498063 -0.0867512658 0 1 0
v -0.0192490353 0.0198381164 -0.0883116957 0 0.501961 1
v -0.0186770157 0.0199237811 -0.0898494773 0 0.501961 1
v -0.0180359041 0.0200054936 -0.091359887 0 0.501961 1
v -0.0173271429 0.020090611 -0.0928394767 0 0.501961 1
v -0.0165616674 0.0201784655 -0.0942904852 0 0.501961 1
v -0.0157350571 0.0202668235 -0.0957073496 0 0.501961 1
v -0.0148429437 0.0203556698 -0.0970839482 1 0.784314 0
v -0.0138919183 0.0204489184 -0.0984203925 1 0.784314 0
v -0.0128904505 0.0205453216 -0.0997192356 1 0.784314 0
v -0.0118344165 0.0206486245 -0.100973238 1 0.784314 0
v -0.0107211067 0.0207416187 -0.102177835 1 0.784314 0
v -0.00955777842 0.0208277868 -0.103334456 1 0.784314 0
v -0.00834694318 0.0209103468 -0.104441685 0.705882 0 1
v -0.00709748611 0.0209897505 -0.105505569 0.705882 0 1
v -0.00579617346 0.0210575789 -0.106506407 0.705882 0 1
v -0.0044574101 0.0211210827 -0.107456322 0.705882 0 1
v -0.00308470259 0.0211839291 -0.108356324 0.705882 0 1
v -0.00166612767 0.0212312295 -0.10918424 0.705882 0 1
v -0.000208119207 0.0212649337 -0.109940856 0 0.862745 0.862745
v 0.00127337929 0.0212989214 -0.110650127 0 0.862745 0.862745
v 0.00279070646 0.021320755 -0.111279651 0 0.862745 0.862745
v 0.00433799656 0.0213350973 -0.111831965 0 0.862745 0.862745
v 0.00590956522 0.0213451348 -0.112311132 0 0.862745 0.862745
v 0.00750155853 0.0213499446 -0.112718171 0 0.862745 0.862745
v 0.00911159472 0.0213518663 -0.113046784 1 0.470588 0
v 0.0107347407 0.0213536733 -0.113301803 1 0.470588 0
v 0.0123678863 0.0213563515 -0.113481988 1 0.470588 0
v 0.0140080815 0.0213566375 -0.11357922 1 0.470588 0
v 0.0156510298 0.0213539566 -0.113584399 1 0.470588 0
v 0.0172919821 0.021357302 -0.113500833 1 0.470588 0
v 0.0189277817 0.0213552731 -0.113347606 1 0.470588 0
v 0.0205539118 0.0213549869 -0.113113877 1 0.470588 0
v 0.0221662517 0.0213574391 -0.112799161 0.470588 1 0
v 0.0237627409 0.0213574358 -0.112411041 0.470588 1 0
v 0.0253424476 0.0213570593 -0.111959796 0.470588 1 0
v 0.0269017356 0.0213571967 -0.111442099 0.470588 1 0
v 0.0284276499 0.0213569224 -0.110832363 0.470588 1 0
v 0.0299255841 0.0213552688 -0.110156824 0.470588 1 0
v 0.0314131301 0.0213512583 -0.109458671 0.470588 1 0
l 1 2
l 2 3
l 3 4
l 4 5
l 5 6
l 6 7
l 7 8
l 8 9
l 9 10
l 10 11
l 11 12
l 12 13
l 13 14
l 14 15
l 15 16
l 16 17
l 17 18
l 18 19
l 19 20
l 20 21
l 21 22
l 22 23
l 23 24
l 24 25
l 25 26
l 26 27
l 27 28
l 28 29
l 29 30
l 30 31
l 31 32
l 32 33
l 33 34
l 34 35
l 35 36
l 36 37
l 37 38
l 38 39
l 39 40
l 40 41
l 41 42
l 42 43
l 43 44
l 44 45
l 45 46
l 46 47
l 47 48
l 48 49
l 49 50
l 50 51
l 51 52
l 52 53
l 53 54
l 54 55
l 55 56
l 56 57
l 57 58
l 58 59
l 59 60
l 60 61
l 61 62
l 62 63
l 63 64
l 64 65
l 65 66
l 66 67
l 67 68
l 68 69
l 69 70
l 70 71
l 71 72
l 72 73
l 73 74
l 74 75
l 75 76
l 76 77
l 77 78
l 78 79
l 79 80
l 80 81
l 81 82
l 82 83
l 83 84
l 84 85
l 85 86
l 86 87
l 87 88
l 88 89
l 89 90
l 90 91
l 91 92
l 92 93
l 93 94
l 94 95
l 95 96
l 96 97
l 97 98
l 98 99
l 99 100
l 100 101
l 101 102
l 102 103
l 103 104
l 104 105
l 105 106
l 106 107
l 107 108
l 108 109
l 109 110
l 110 111
l 112 113
l 113 114
l 114 115
l 115 116
l 116 117
l 117 118
l 118 119
l 119 120
l 120 121
l 121 122
l 122 123
l 123 124
l 124 125
l 125 126
l 126 127
l 127 128
l 128 129
l 129 130
l 130 131
l 131 132
l 132 133
l 133 134
l 134 135
l 135 136
l 136 137
l 137 138
l 138 139
l 139 140
l 140 141
l 141 142
l 142 143
l 143 144
l 144 145
l 145 146
l 146 147
l 147 148
l 148 149
l 149 150
l 150 151
l 151 152
l 152 153
l 153 154
l 154 155
l 155 156
l 156 157
l 157 158
l 158 159
l 159 160
l 160 161
l 161 162
l 162 163
l 163 164
l 164 165
l 165 166
l 166 167
l 167 168
l 168 169
l 169 170
l 170 171
l 171 172
l 172 173
l 173 174
l 174 175
l 175 176
l 176 177
l 177 178
l 178 179
l 179 180
l 180 181
l 181 182
l 182 183
l 183 184
l 184 185
l 185 186
l 186 187
l 187 188
l 188 189
l 189 190
l 190 191
l 191 192
l 192 193
l 193 194
l 194 195
l 195 196
l 196 197
l 197 198
l 198 199
l 199 200
l 200 201
l 201 202
l 202 203
l 203 204
l 204 205
l 205 206
l 206 207
l 207 208
l 208 209
l 209 210
l 210 211
l 211 212
l 212 213
l 213 214
l 214 215
l 215 216
l 216 217
l 217 218
l 218 219
l 219 220
l 220 221
l 221 222
l 222 223
l 223 224
l 225 226
l 226 227
l 227 228
l 228 229
l 229 230
l 230 231
l 231 232
l 232 233
l 233 234
l 234 235
l 235 236
l 236 237
l 237 238
l 238 239
l 239 240
l 240 241
l 241 242
l 242 243
l 243 244
l 244 245
l 245 246
l 246 247
l 247 248
l 248 249
l 249 250
l 250 251
l 251 252
l 252 253
l 253 254
l 254 255
l 255 256
l 256 257
l 257 258
l 258 259
l 259 260
l 260 261
l 261 262
l 262 263
l 263 264
l 264 265
l 265 266
l 266 267
l 267 268
l 268 269
l 269 270
l 270 271
l 271 272
l 272 273
l 273 274
l 274 275
l 275 276
l 276 277
l 277 278
l 278 279
l 279 280
l 280 281
l 281 282
l 282 283
l 283 284
l 284 285
l 285 286
l 286 287
l 287 288
l 288 289
l 289 290
l 290 291
l 291 292
l 292 293
l 293 294
l 294 295
l 295 296
l 296 297
l 297 298
l 298 299
l 299 300
l 300 301
l 301 302
l 302 303
l 303 304
l 304 305
l 305 306
l 306 307
l 307 308
l 308 309
l 309 310
l 310 311
l 311 312
l 312 313
l 313 314
l 314 315
l 315 316
l 316 317
l 317 318
l 318 319
l 319 320
l 320 321
l 321 322
l 322 323
l 323 324
l 324 325
l 325 326
l 326 327
l 327 328
l 328 329
l 329 330
l 330 331
l 331 332
l 332 333
l 333 334
l 334 335
l 335 336
l 336 337
l 338 339
l 339 340
l 340 341
l 341 342
l 342 343
l 343 344
l 344 345
l 345 346
l 346 347
l 347 348
l 348 349
l 349 350
l 350 351
l 351 352
l 352 353
l 353 354
l 354 355
l 355 356
l 356 357
l 357 358
l 358 359
l 359 360
l 360 361
l 361 362
l 362 363
l 363 364
l 364 365
l 365 366
l 366 367
l 367 368
l 368 369
l 369 370
l 370 371
l 371 372
l 372 373
l 373 374
l 374 375
l 375 376
l 376 377
l 377 378
l 378 379
l 379 380
l 380 381
l 381 382
l 382 383
l 383 384
l 384 385
l 385 386
l 386 387
l 387 388
l 388 389
l 389 390
l 390 391
l 391 392
l 392 393
l 393 394
l 394 395
l 395 396
l 396 397
l 397 398
l 398 399
l 399 400
l 400 401
l 401 402
l 402 403
l 403 404
l 404 405
l 405 406
l 406 407
l 407 408
l 408 409
l 409 410
l 410 411
l 411 412
l 412 413
l 413 414
l 414 415
l 415 416
l 416 417
l 417 418
l 418 419
l 419 420
l 420 421
l 421 422
l 422 423
l 423 424
l 424 425
l 425 426
l 426 427
l 427 428
l 428 429
l 429 430
l 430 431
l 431 432
l 432 433
l 433 434
l 434 435
l 435 436
l 436 437
l 437 438
l 438 439
l 439 440
l 440 441
l 441 442
l 442 443
l 443 444
l 444 445
l 445 446
l 446 447
l 447 448
l 448 449
l 449 450
l 451 452
l 452 453
l 453 454
l 454 455
l 455 456
l 456 457
l 457 458
l 458 459
l 459 460
l 460 461
l 461 462
l 462 463
l 463 464
l 464 465
l 465 466
l 466 467
l 467 468
l 468 469
l 469 470
l 470 471
l 471 472
l 472 473
l 473 474
l 474 475
l 475 476
l 476 477
l 477 478
l 478 479
l 479 480
l 480 481
l 481 482
l 482 483
l 483 484
l 484 485
l 485 486
l 486 487
l 487 488
l 488 489
l 489 490
l 490 491
l 491 492
l 492 493
l 493 494
l 494 495
l 495 496
l 496 497
l 497 498
l 498 499
l 499 500
l 500 501
l 501 502
l 502 503
l 503 504
l 504 505
l 505 506
l 506 507
l 507 508
l 508 509
l 509 510
l 510 511
l 511 512
l 512 513
l 513 514
l 514 515
l 515 516
l 516 517
l 517 518
l 518 519
l 519 520
l 520 521
l 521 522
l 522 523
l 523 524
l 524 525
l 525 526
l 526 527
l 527 528
l 528 529
l 529 530
l 530 531
l 531 532
l 532 533
l 533 534
l 534 535
l 535 536
l 536 537
l 537 538
l 538 539
l 539 540
l 540 541
l 541 542
l 542 543
l 543 544
l 544 545
l 545 546
l 546 547
l 547 548
l 548 549
l 549 550
l 550 551
l 551 552
l 552 553
l 553 554
l 554 555
l 555 556
l 556 557
l 557 558
l 558 559
l 559 560
l 560 561
l 561 562
l 562 563
l 564 565
l 565 566
l 566 567
l 567 568
l 568 569
l 569 570
l 570 571
l 571 572
l 572 573
l 573 574
l 574 575
l 575 576
l 576 577
l 577 578
l 578 579
l 579 580
l 580 581
l 581 582
l 582 583
l 583 584
l 584 585
l 585 586
l 586 587
l 587 588
l 588 589
l 589 590
l 590 591
l 591 592
l 592 593
l 593 594
l 594 595
l 595 596
l 596 597
l 597 598
l 598 599
l 599 600
l 600 601
l 601 602
l 602 603
l 603 604
l 604 605
l 605 606
l 606 607
l 607 608
l 608 609
l 609 610
l 610 611
l 611 612
l 612 613
l 613 614
l 614 615
l 615 616
l 616 617
l 617 618
l 618 619
l 619 620
l 620 621
l 621 622
l 622 623
l 623 624
l 624 625
l 625 626
l 626 627
l 627 628
l 628 629
l 629 630
l 630 631
l 631 632
l 632 633
l 633 634
l 634 635
l 635 636
l 636 637
l 637 638
l 638 639
l 639 640
l 640 641
l 641 642
l 642 643
l 643 644
l 644 645
l 645 646
l 646 647
l 647 648
l 648 649
l 649 650
l 650 651
l 651 652
l 652 653
l 653 654
l 654 655
l 655 656
l 656 657
l 657 658
l 658 659
l 659 660
l 660 661
l 661 662
l 662 663
l 663 664
l 664 665
l 665 666
l 666 667
l 667 668
l 668 669
l 669 670
l 670 671
l 671 672
l 672 673
l 673 674
l 674 675
l 675 676
l 676 677
l 677 678
l 679 680
l 680 681
l 681 682
l 682 683
l 683 684
l 684 685
l 685 686
l 686 687
l 687 688
l 688 689
l 689 690
l 690 691
l 691 692
l 692 693
l 693 694
l 694 695
l 695 696
l 696 697
l 697 698
l 698 699
l 699 700
l 700 701
l 701 702
l 702 703
l 703 704
l 704 705
l 705 706
l 706 707
l 707 708
l 708 709
l 709 710
l 710 711
l 711 712
l 712 713
l 713 714
l 714 715
l 715 716
l 716 717
l 717 718
l 718 719
l 719 720
l 720 721
l 721 722
l 722 723
l 723 724
l 724 725
l 725 726
l 726 727
l 727 728
l 728 729
l 729 730
l 730 731
l 731 732
l 732 733
l 733 734
l 734 735
l 735 736
l 736 737
l 737 738
l 738 739
l 739 740
l 740 741
l 741 742
l 742 743
l 743 744
l 744 745
l 745 746
l 746 747
l 747 748
l 748 749
l 749 750
l 750 751
l 751 752
l 752 753
l 753 754
l 754 755
l 755 756
l 756 757
l 757 758
l 758 759
l 759 760
l 760 761
l 761 762
l 762 763
l 763 764
l 764 765
l 765 766
l 766 767
l 767 768
l 768 769
l 769 770
l 770 771
l 771 772
l 772 773
l 773 774
l 774 775
l 775 776
l 776 777
l 777 778
l 778 779
l 779 780
l 780 781
l 781 782
l 782 783
l 783 784
l 784 785
l 785 786
l 786 787
l 787 788
l 788 789
l 789 790
l 790 791
l 791 792
l 792 793
l 794 795
l 795 796
l 796 797
l 797 798
l 798 799
l 799 800
l 800 801
l 801 802
l 802 803
l 803 804
l 804 805
l 805 806
l 806 807
l 807 808
l 808 809
l 809 810
l 810 811
l 811 812
l 812 813
l 813 814
l 814 815
l 815 816
l 816 817
l 817 818
l 818 819
l 819 820
l 820 821
l 821 822
l 822 823
l 823 824
l 824 825
l 825 826
l 826 827
l 827 828
l 828 829
l 829 830
l 830 831
l 831 832
l 832 833
l 833 834
l 834 835
l 835 836
l 836 837
l 837 838
l 838 839
l 839 840
l 840 841
l 841 842
l 842 843
l 843 844
l 844 845
l 845 846
l 846 847
l 847 848
l 848 849
l 849 850
l 850 851
l 851 852
l 852 853
l 853 854
l 854 855
l 855 856
l 856 857
l 857 858
l 858 859
l 859 860
l 860 861
l 861 862
l 862 863
l 863 864
l 864 865
l 865 866
l 866 867
l 867 868
l 868 869
l 869 870
l 870 871
l 871 872
l 872 873
l 873 874
l 874 875
l 875 876
l 876 877
l 877 878
l 878 879
l 879 880
l 880 881
l 881 882
l 882 883
l 883 884
l 884 885
l 885 886
l 886 887
l 887 888
l 888 889
l 889 890
l 890 891
l 891 892
l 892 893
l 893 894
l 894 895
l 895 896
l 896 897
l 897 898
l 898 899
l 899 900
l 900 901
l 901 902
l 902 903
l 903 904
l 904 905
l 905 906
l 906 907
l 907 908
l 909 910
l 910 911
l 911 912
l 912 913
l 913 914
l 914 915
l 915 916
l 916 917
l 917 918
l 918 919
l 919 920
l 920 921
l 921 922
l 922 923
l 923 924
l 924 925
l 925 926
l 926 927
l 927 928
l 928 929
l 929 930
l 930 931
l 931 932
l 932 933
l 933 934
l 934 935
l 935 936
l 936 937
l 937 938
l 938 939
l 939 940
l 940 941
l 941 942
l 942 943
l 943 944
l 944 945
l 945 946
l 946 947
l 947 948
l 948 949
l 949 950
l 950 951
l 951 952
l 952 953
l 953 954
l 954 955
l 955 956
l 956 957
l 957 958
l 958 959
l 959 960
l 960 961
l 961 962
l 962 963
l 963 964
l 964 965
l 965 966
l 966 967
l 967 968
l 968 969
l 969 970
l 970 971
l 971 972
l 972 973
l 973 974
l 974 975
l 975 976
l 976 977
l 977 978
l 978 979
l 979 980
l 980 981
l 981 982
l 982 983
l 983 984
l 984 985
l 985 986
l 986 987
l 987 988
l 988 989
l 989 990
l 990 991
l 991 992
l 992 993
l 993 994
l 994 995
l 995 996
l 996 997
l 997 998
l 998 999
l 999 1000
l 1000 1001
l 1001 1002
l 1002 1003
l 1003 1004
l 1004 1005
l 1005 1006
l 1006 1007
l 1007 1008
l 1008 1009
l 1009 1010
l 1010 1011
l 1011 1012
l 1012 1013
l 1013 1014
l 1014 1015
l 1015 1016
l 1016 1017
l 1017 1018
l 1018 1019
l 1019 1020
l 1020 1021
l 1021 1022
l 1022 1023
l 1024 1025
l 1025 1026
l 1026 1027
l 1027 1028
l 1028 1029
l 1029 1030
l 1030 1031
l 1031 1032
l 1032 1033
l 1033 1034
l 1034 1035
l 1035 1036
l 1036 1037
l 1037 1038
l 1038 1039
l 1039 1040
l 1040 1041
l 1041 1042
l 1042 1043
l 1043 1044
l 1044 1045
l 1045 1046
l 1046 1047
l 1047 1048
l 1048 1049
l 1049 1050
l 1050 1051
l 1051 1052
l 1052 1053
l 1053 1054
l 1054 1055
l 1055 1056
l 1056 1057
l 1057 1058
l 1058 1059
l 1059 1060
l 1060 1061
l 1061 1062
l 1062 1063
l 1063 1064
l 1064 1065
l 1065 1066
l 1066 1067
l 1067 1068
l 1068 1069
l 1069 1070
l 1070 1071
l 1071 1072
l 1072 1073
l 1073 1074
l 1074 1075
l 1075 1076
l 1076 1077
l 1077 1078
l 1078 1079
l 1079 1080
l 1080 1081
l 1081 1082
l 1082 1083
l 1083 1084
l 1084 1085
l 1085 1086
l 1086 1087
l 1087 1088
l 1088 1089
l 1089 1090
l 1090 1091
l 1091 1092
l 1092 1093
l 1093 1094
l 1094 1095
l 1095 1096
l 1096 1097
l 1097 1098
l 1098 1099
l 1099 1100
l 1100 1101
l 1101 1102
l 1102 1103
l 1103 1104
l 1104 1105
l 1105 1106
l 1106 1107
l 1107 1108
l 1108 1109
l 1109 1110
l 1110 1111
l 1111 1112
l 1112 1113
l 1113 1114
l 1114 1115
l 1115 1116
l 1116 1117
l 1117 1118
l 1118 1119
l 1119 1120
l 1120 1121
l 1121 1122
l 1122 1123
l 1123 1124
l 1124 1125
l 1125 1126
l 1126 1127
l 1127 1128
l 1128 1129
l 1129 1130
l 1130 1131
l 1131 1132
l 1132 1133
l 1133 1134
l 1134 1135
l 1135 1136
l 1136 1137
l 1137 1138
l 1139 1140
l 1140 1141
l 1141 1142
l 1142 1143
l 1143 1144
l 1144 1145
l 1145 1146
l 1146 1147
l 1147 1148
l 1148 1149
l 1149 1150
l 1150 1151
l 1151 1152
l 1152 1153
l 1153 1154
l 1154 1155
l 1155 1156
l 1156 1157
l 1157 1158
l 1158 1159
l 1159 1160
l 1160 1161
l 1161 1162
l 1162 1163
l 1163 1164
l 1164 1165
l 1165 1166
l 1166 1167
l 1167 1168
l 1168 1169
l 1169 1170
l 1170 1171
l 1171 1172
l 1172 1173
l 1173 1174
l 1174 1175
l 1175 1176
l 1176 1177
l 1177 1178
l 1178 1179
l 1179 1180
l 1180 1181
l 1181 1182
l 1182 1183
l 1183 1184
l 1184 1185
l 1185 1186
l 1186 1187
l 1187 1188
l 1188 1189
l 1189 1190
l 1190 1191
l 1191 1192
l 1192 1193
l 1193 1194
l 1194 1195
l 1195 1196
l 1196 1197
l 1197 1198
l 1198 1199
l 1199 1200
l 1200 1201
l 1201 1202
l 1202 1203
l 1203 1204
l 1204 1205
l 1205 1206
l 1206 1207
l 1207 1208
l 1208 1209
l 1209 1210
l 1210 1211
l 1211 1212
l 1212 1213
l 1213 1214
l 1214 1215
l 1215 1216
l 1216 1217
l 1217 1218
l 1218 1219
l 1219 1220
l 1220 1221
l 1221 1222
l 1222 1223
l 1223 1224
l 1224 1225
l 1225 1226
l 1226 1227
l 1227 1228
l 1228 1229
l 1229 1230
l 1230 1231
l 1231 1232
l 1232 1233
l 1233 1234
l 1234 1235
l 1235 1236
l 1236 1237
l 1237 1238
l 1238 1239
l 1239 1240
l 1240 1241
l 1241 1242
l 1242 1243
l 1243 1244
l 1244 1245
l 1245 1246
l 1246 1247
l 1247 1248
l 1248 1249
l 1249 1250
l 1250 1251
l 1251 1252
l 1252 1253
l 1254 1255
l 1255 1256
l 1256 1257
l 1257 1258
l 1258 1259
l 1259 1260
l 1260 1261
l 1261 1262
l 1262 1263
l 1263 1264
l 1264 1265
l 1265 1266
l 1266 1267
l 1267 1268
l 1268 1269
l 1269 1270
l 1270 1271
l 1271 1272
l 1272 1273
l 1273 1274
l 1274 1275
l 1275 1276
l 1276 1277
l 1277 1278
l 1278 1279
l 1279 1280
l 1280 1281
l 1281 1282
l 1282 1283
l 1283 1284
l 1284 1285
l 1285 1286
l 1286 1287
l 1287 1288
l 1288 1289
l 1289 1290
l 1290 1291
l 1291 1292
l 1292 1293
l 1293 1294
l 1294 1295
l 1295 1296
l 1296 1297
l 1297 1298
l 1298 1299
l 1299 1300
l 1300 1301
l 1301 1302
l 1302 1303
l 1303 1304
l 1304 1305
l 1305 1306
l 1306 1307
l 1307 1308
l 1308 1309
l 1309 1310
l 1310 1311
l 1311 1312
l 1312 1313
l 1313 1314
l 1314 1315
l 1315 1316
l 1316 1317
l 1317 1318
l 1318 1319
l 1319 1320
l 1320 1321
l 1321 1322
l 1322 1323
l 1323 1324
l 1324 1325
l 1325 1326
l 1326 1327
l 1327 1328
l 1328 1329
l 1329 1330
l 1330 1331
l 1331 1332
l 1332 1333
l 1333 1334
l 1334 1335
l 1335 1336
l 1336 1337
l 1337 1338
l 1338 1339
l 1339 1340
l 1340 1341
l 1341 1342
l 1342 1343
l 1343 1344
l 1344 1345
l 1345 1346
l 1346 1347
l 1347 1348
l 1348 1349
l 1349 1350
l 1350 1351
l 1351 1352
l 1352 1353
l 1353 1354
l 1354 1355
l 1355 1356
l 1356 1357
l 1357 1358
l 1358 1359
l 1359 1360
l 1360 1361
l 1361 1362
l 1362 1363
l 1363 1364
l 1364 1365
l 1365 1366
l 1366 1367
l 1367 1368
l 1369 1370
l 1370 1371
l 1371 1372
l 1372 1373
l 1373 1374
l 1374 1375
l 1375 1376
l 1376 1377
l 1377 1378
l 1378 1379
l 1379 1380
l 1380 1381
l 1381 1382
l 1382 1383
l 1383 1384
l 1384 1385
l 1385 1386
l 1386 1387
l 1387 1388
l 1388 1389
l 1389 1390
l 1390 1391
l 1391 1392
l 1392 1393
l 1393 1394
l 1394 1395
l 1395 1396
l 1396 1397
l 1397 1398
l 1398 1399
l 1399 1400
l 1400 1401
l 1401 1402
l 1402 1403
l 1403 1404
l 1404 1405
l 1405 1406
l 1406 1407
l 1407 1408
l 1408 1409
l 1409 1410
l 1410 1411
l 1411 1412
l 1412 1413
l 1413 1414
l 1414 1415
l 1415 1416
l 1416 1417
l 1417 1418
l 1418 1419
l 1419 1420
l 1420 1421
l 1421 1422
l 1422 1423
l 1423 1424
l 1424 1425
l 1425 1426
l 1426 1427
l 1427 1428
l 1428 1429
l 1429 1430
l 1430 1431
l 1431 1432
l 1432 1433
l 1433 1434
l 1434 1435
l 1435 1436
l 1436 1437
l 1437 1438
l 1438 1439
l 1439 1440
l 1440 1441
l 1441 1442
l 1442 1443
l 1443 1444
l 1444 1445
l 1445 1446
l 1446 1447
l 1447 1448
l 1448 1449
l 1449 1450
l 1450 1451
l 1451 1452
l 1452 1453
l 1453 1454
l 1454 1455
l 1455 1456
l 1456 1457
l 1457 1458
l 1458 1459
l 1459 1460
l 1460 1461
l 1461 1462
l 1462 1463
l 1463 1464
l 1464 1465
l 1465 1466
l 1466 1467
l 1467 1468
l 1468 1469
l 1469 1470
l 1470 1471
l 1471 1472
l 1472 1473
l 1473 1474
l 1474 1475
l 1475 1476
l 1476 1477
l 1477 1478
l 1478 1479
l 1479 1480
l 1480 1481
l 1481 1482
l 1482 1483
l 1484 1485
l 1485 1486
l 1486 1487
l 1487 1488
l 1488 1489
l 1489 1490
l 1490 1491
l 1491 1492
l 1492 1493
l 1493 1494
l 1494 1495
l 1495 1496
l 1496 1497
l 1497 1498
l 1498 1499
l 1499 1500
l 1500 1501
l 1501 1502
l 1502 1503
l 1503 1504
l 1504 1505
l 1505 1506
l 1506 1507
l 1507 1508
l 1508 1509
l 1509 1510
l 1510 1511
l 1511 1512
l 1512 1513
l 1513 1514
l 1514 1515
l 1515 1516
l 1516 1517
l 1517 1518
l 1518 1519
l 1519 1520
l 1520 1521
l 1521 1522
l 1522 1523
l 1523 1524
l 1524 1525
l 1525 1526
l 1526 1527
l 1527 1528
l 1528 1529
l 1529 1530
l 1530 1531
l 1531 1532
l 1532 1533
l 1533 1534
l 1534 1535
l 1535 1536
l 1536 1537
l 1537 1538
l 1538 1539
l 1539 1540
l 1540 1541
l 1541 1542
l 1542 1543
l 1543 1544
l 1544 1545
l 1545 1546
l 1546 1547
l 1547 1548
l 1548 1549
l 1549 1550
l 1550 1551
l 1551 1552
l 1552 1553
l 1553 1554
l 1554 1555
l 1555 1556
l 1556 1557
l 1557 1558
l 1558 1559
l 1559 1560
l 1560 1561
l 1561 1562
l 1562 1563
l 1563 1564
l 1564 1565
l 1565 1566
l 1566 1567
l 1567 1568
l 1568 1569
l 1569 1570
l 1570 1571
l 1571 1572
l 1572 1573
l 1573 1574
l 1574 1575
l 1575 1576
l 1576 1577
l 1577 1578
l 1578 1579
l 1579 1580
l 1580 1581
l 1581 1582
l 1582 1583
l 1583 1584
l 1584 1585
l 1585 1586
l 1586 1587
l 1587 1588
l 1588 1589
l 1589 1590
l 1590 1591
l 1591 1592
l 1592 1593
l 1593 1594
l 1594 1595
l 1595 1596
l 1596 1597
l 1597 1598
l 1599 1600
l 1600 1601
l 1601 1602
l 1602 1603
l 1603 1604
l 1604 1605
l 1605 1606
l 1606 1607
l 1607 1608
l 1608 1609
l 1609 1610
l 1610 1611
l 1611 1612
l 1612 1613
l 1613 1614
l 1614 1615
l 1615 1616
l 1616 1617
l 1617 1618
l 1618 1619
l 1619 1620
l 1620 1621
l 1621 1622
l 1622 1623
l 1623 1624
l 1624 1625
l 1625 1626
l 1626 1627
l 1627 1628
l 1628 1629
l 1629 1630
l 1630 1631
l 1631 1632
l 1632 1633
l 1633 1634
l 1634 1635
l 1635 1636
l 1636 1637
l 1637 1638
l 1638 1639
l 1639 1640
l 1640 1641
l 1641 1642
l 1642 1643
l 1643 1644
l 1644 1645
l 1645 1646
l 1646 1647
l 1647 1648
l 1648 1649
l 1649 1650
l 1650 1651
l 1651 1652
l 1652 1653
l 1653 1654
l 1654 1655
l 1655 1656
l 1656 1657
l 1657 1658
l 1658 1659
l 1659 1660
l 1660 1661
l 1661 1662
l 1662 1663
l 1663 1664
l 1664 1665
l 1665 1666
l 1666 1667
l 1667 1668
l 1668 1669
l 1669 1670
l 1670 1671
l 1671 1672
l 1672 1673
l 1673 1674
l 1674 1675
l 1675 1676
l 1676 1677
l 1677 1678
l 1678 1679
l 1679 1680
l 1680 1681
l 1681 1682
l 1682 1683
l 1683 1684
l 1684 1685
l 1685 1686
l 1686 1687
l 1687 1688
l 1688 1689
l 1689 1690
l 1690 1691
l 1691 1692
l 1692 1693
l 1693 1694
l 1694 1695
l 1695 1696
l 1696 1697
l 1697 1698
l 1698 1699
l 1699 1700
l 1700 1701
l 1701 1702
l 1702 1703
l 1703 1704
l 1704 1705
l 1705 1706
l 1706 1707
l 1707 1708
l 1708 1709
l 1709 1710
l 1710 1711
l 1711 1712
l 1712 1713
l 1714 1715
l 1715 1716
l 1716 1717
l 1717 1718
l 1718 1719
l 1719 1720
l 1720 1721
l 1721 1722
l 1722 1723
l 1723 1724
l 1724 1725
l 1725 1726
l 1726 1727
l 1727 1728
l 1728 1729
l 1729 1730
l 1730 1731
l 1731 1732
l 1732 1733
l 1733 1734
l 1734 1735
l 1735 1736
l 1736 1737
l 1737 1738
l 1738 1739
l 1739 1740
l 1740 1741
l 1741 1742
l 1742 1743
l 1743 1744
l 1744 1745
l 1745 1746
l 1746 1747
l 1747 1748
l 1748 1749
l 1749 1750
l 1750 1751
l 1751 1752
l 1752 1753
l 1753 1754
l 1754 1755
l 1755 1756
l 1756 1757
l 1757 1758
l 1758 1759
l 1759 1760
l 1760 1761
l 1761 1762
l 1762 1763
l 1763 1764
l 1764 1765
l 1765 1766
l 1766 1767
l 1767 1768
l 1768 1769
l 1769 1770
l 1770 1771
l 1771 1772
l 1772 1773
l 1773 1774
l 1774 1775
l 1775 1776
l 1776 1777
l 1777 1778
l 1778 1779
l 1779 1780
l 1780 1781
l 1781 1782
l 1782 1783
l 1783 1784
l 1784 1785
l 1785 1786
l 1786 1787
l 1787 1788
l 1788 1789
l 1789 1790
l 1790 1791
l 1791 1792
l 1792 1793
l 1793 1794
l 1794 1795
l 1795 1796
l 1796 1797
l 1797 1798
l 1798 1799
l 1799 1800
l 1800 1801
l 1801 1802
l 1802 1803
l 1803 1804
l 1804 1805
l 1805 1806
l 1806 1807
l 1807 1808
l 1808 1809
l 1809 1810
l 1810 1811
l 1811 1812
l 1812 1813
l 1813 1814
l 1814 1815
l 1815 1816
l 1816 1817
l 1817 1818
l 1818 1819
l 1819 1820
l 1820 1821
l 1821 1822
l 1822 1823
l 1823 1824
l 1824 1825
l 1825 1826
l 1826 1827
l 1827 1828
l 1829 1830
l 1830 1831
l 1831 1832
l 1832 1833
l 1833 1834
l 1834 1835
l 1835 1836
l 1836 1837
l 1837 1838
l 1838 1839
l 1839 1840
l 1840 1841
l 1841 1842
l 1842 1843
l 1843 1844
l 1844 1845
l 1845 1846
l 1846 1847
l 1847 1848
l 1848 1849
l 1849 1850
l 1850 1851
l 1851 1852
l 1852 1853
l 1853 1854
l 1854 1855
l 1855 1856
l 1856 1857
l 1857 1858
l 1858 1859
l 1859 1860
l 1860 1861
l 1861 1862
l 1862 1863
l 1863 1864
l 1864 1865
l 1865 1866
l 1866 1867
l 1867 1868
l 1868 1869
l 1869 1870
l 1870 1871
l 1871 1872
l 1872 1873
l 1873 1874
l 1874 1875
l 1875 1876
l 1876 1877
l 1877 1878
l 1878 1879
l 1879 1880
l 1880 1881
l 1881 1882
l 1882 1883
l 1883 1884
l 1884 1885
l 1885 1886
l 1886 1887
l 1887 1888
l 1888 1889
l 1889 1890
l 1890 1891
l 1891 1892
l 1892 1893
l 1893 1894
l 1894 1895
l 1895 1896
l 1896 1897
l 1897 1898
l 1898 1899
l 1899 1900
l 1900 1901
l 1901 1902
l 1902 1903
l 1903 1904
l 1904 1905
l 1905 1906
l 1906 1907
l 1907 1908
l 1908 1909
l 1909 1910
l 1910 1911
l 1911 1912
l 1912 1913
l 1913 1914
l 1914 1915
l 1915 1916
l 1916 1917
l 1917 1918
l 1918 1919
l 1919 1920
l 1920 1921
l 1921 1922
l 1922 1923
l 1923 1924
l 1924 1925
l 1925 1926
l 1926 1927
l 1927 1928
l 1928 1929
l 1929 1930
l 1930 1931
l 1931 1932
l 1932 1933
l 1933 1934
l 1934 1935
l 1935 1936
l 1936 1937
l 1937 1938
l 1938 1939
l 1939 1940
l 1940 1941
l 1941 1942
l 1942 1943
l 1944 1945
l 1945 1946
l 1946 1947
l 1947 1948
l 1948 1949
l 1949 1950
l 1950 1951
l 1951 1952
l 1952 1953
l 1953 1954
l 1954 1955
l 1955 1956
l 1956 1957
l 1957 1958
l 1958 1959
l 1959 1960
l 1960 1961
l 1961 1962
l 1962 1963
l 1963 1964
l 1964 1965
l 1965 1966
l 1966 1967
l 1967 1968
l 1968 1969
l 1969 1970
l 1970 1971
l 1971 1972
l 1972 1973
l 1973 1974
l 1974 1975
l 1975 1976
l 1976 1977
l 1977 1978
l 1978 1979
l 1979 1980
l 1980 1981
l 1981 1982
l 1982 1983
l 1983 1984
l 1984 1985
l 1985 1986
l 1986 1987
l 1987 1988
l 1988 1989
l 1989 1990
l 1990 1991
l 1991 1992
l 1992 1993
l 1993 1994
l 1994 1995
l 1995 1996
l 1996 1997
l 1997 1998
l 1998 1999
l 1999 2000
l 2000 2001
l 2001 2002
l 2002 2003
l 2003 2004
l 2004 2005
l 2005 2006
l 2006 2007
l 2007 2008
l 2008 2009
l 2009 2010
l 2010 2011
l 2011 2012
l 2012 2013
l 2013 2014
l 2014 2015
l 2015 2016
l 2016 2017
l 2017 2018
l 2018 2019
l 2019 2020
l 2020 2021
l 2021 2022
l 2022 2023
l 2023 2024
l 2024 2025
l 2025 2026
l 2026 2027
l 2027 2028
l 2028 2029
l 2029 2030
l 2030 2031
l 2031 2032
l 2032 2033
l 2033 2034
l 2034 2035
l 2035 2036
l 2036 2037
l 2037 2038
l 2038 2039
l 2039 2040
l 2040 2041
l 2041 2042
l 2042 2043
l 2043 2044
l 2044 2045
l 2045 2046
l 2046 2047
l 2047 2048
l 2048 2049
l 2049 2050
l 2050 2051
l 2051 2052
l 2052 2053
l 2053 2054
l 2054 2055
l 2055 2056
l 2056 2057
l 2057 2058
l 2059 2060
l 2060 2061
l 2061 2062
l 2062 2063
l 2063 2064
l 2064 2065
l 2065 2066
l 2066 2067
l 2067 2068
l 2068 2069
l 2069 2070
l 2070 2071
l 2071 2072
l 2072 2073
l 2073 2074
l 2074 2075
l 2075 2076
l 2076 2077
l 2077 2078
l 2078 2079
l 2079 2080
l 2080 2081
l 2081 2082
l 2082 2083
l 2083 2084
l 2084 2085
l 2085 2086
l 2086 2087
l 2087 2088
l 2088 2089
l 2089 2090
l 2090 2091
l 2091 2092
l 2092 2093
l 2093 2094
l 2094 2095
l 2095 2096
l 2096 2097
l 2097 2098
l 2098 2099
l 2099 2100
l 2100 2101
l 2101 2102
l 2102 2103
l 2103 2104
l 2104 2105
l 2105 2106
l 2106 2107
l 2107 2108
l 2108 2109
l 2109 2110
l 2110 2111
l 2111 2112
l 2112 2113
l 2113 2114
l 2114 2115
l 2115 2116
l 2116 2117
l 2117 2118
l 2118 2119
l 2119 2120
l 2120 2121
l 2121 2122
l 2122 2123
l 2123 2124
l 2124 2125
l 2125 2126
l 2126 2127
l 2127 2128
l 2128 2129
l 2129 2130
l 2130 2131
l 2131 2132
l 2132 2133
l 2133 2134
l 2134 2135
l 2135 2136
l 2136 2137
l 2137 2138
l 2138 2139
l 2139 2140
l 2140 2141
l 2141 2142
l 2142 2143
l 2143 2144
l 2144 2145
l 2145 2146
l 2146 2147
l 2147 2148
l 2148 2149
l 2149 2150
l 2150 2151
l 2151 2152
l 2152 2153
l 2153 2154
l 2154 2155
l 2155 2156
l 2156 2157
l 2157 2158
l 2158 2159
l 2159 2160
l 2160 2161
l 2161 2162
l 2162 2163
l 2163 2164
l 2164 2165
l 2165 2166
l 2166 2167
l 2167 2168
l 2168 2169
l 2169 2170
l 2170 2171
l 2171 2172
l 2172 2173
l 2174 2175
l 2175 2176
l 2176 2177
l 2177 2178
l 2178 2179
l 2179 2180
l 2180 2181
l 2181 2182
l 2182 2183
l 2183 2184
l 2184 2185
l 2185 2186
l 2186 2187
l 2187 2188
l 2188 2189
l 2189 2190
l 2190 2191
l 2191 2192
l 2192 2193
l 2193 2194
l 2194 2195
l 2195 2196
l 2196 2197
l 2197 2198
l 2198 2199
l 2199 2200
l 2200 2201
l 2201 2202
l 2202 2203
l 2203 2204
l 2204 2205
l 2205 2206
l 2206 2207
l 2207 2208
l 2208 2209
l 2209 2210
l 2210 2211
l 2211 2212
l 2212 2213
l 2213 2214
l 2214 2215
l 2215 2216
l 2216 2217
l 2217 2218
l 2218 2219
l 2219 2220
l 2220 2221
l 2221 2222
l 2222 2223
l 2223 2224
l 2224 2225
l 2225 2226
l 2226 2227
l 2227 2228
l 2228 2229
l 2229 2230
l 2230 2231
l 2231 2232
l 2232 2233
l 2233 2234
l 2234 2235
l 2235 2236
l 2236 2237
l 2237 2238
l 2238 2239
l 2239 2240
l 2240 2241
l 2241 2242
l 2242 2243
l 2243 2244
l 2244 2245
l 2245 2246
l 2246 2247
l 2247 2248
l 2248 2249
l 2249 2250
l 2250 2251
l 2251 2252
l 2252 2253
l 2253 2254
l 2254 2255
l 2255 2256
l 2256 2257
l 2257 2258
l 2258 2259
l 2259 2260
l 2260 2261
l 2261 2262
l 2262 2263
l 2263 2264
l 2264 2265
l 2265 2266
l 2266 2267
l 2267 2268
l 2268 2269
l 2269 2270
l 2270 2271
l 2271 2272
l 2272 2273
l 2273 2274
l 2274 2275
l 2275 2276
l 2276 2277
l 2277 2278
l 2278 2279
l 2279 2280
l 2280 2281
l 2281 2282
l 2282 2283
l 2283 2284
l 2284 2285
l 2285 2286
l 2287 2288
l 2288 2289
l 2289 2290
l 2290 2291
l 2291 2292
l 2292 2293
l 2293 2294
l 2294 2295
l 2295 2296
l 2296 2297
l 2297 2298
l 2298 2299
l 2299 2300
l 2300 2301
l 2301 2302
l 2302 2303
l 2303 2304
l 2304 2305
l 2305 2306
l 2306 2307
l 2307 2308
l 2308 2309
l 2309 2310
l 2310 2311
l 2311 2312
l 2312 2313
l 2313 2314
l 2314 2315
l 2315 2316
l 2316 2317
l 2317 2318
l 2318 2319
l 2319 2320
l 2320 2321
l 2321 2322
l 2322 2323
l 2323 2324
l 2324 2325
l 2325 2326
l 2326 2327
l 2327 2328
l 2328 2329
l 2329 2330
l 2330 2331
l 2331 2332
l 2332 2333
l 2333 2334
l 2334 2335
l 2335 2336
l 2336 2337
l 2337 2338
l 2338 2339
l 2339 2340
l 2340 2341
l 2341 2342
l 2342 2343
l 2343 2344
l 2344 2345
l 2345 2346
l 2346 2347
l 2347 2348
l 2348 2349
l 2349 2350
l 2350 2351
l 2351 2352
l 2352 2353
l 2353 2354
l 2354 2355
l 2355 2356
l 2356 2357
l 2357 2358
l 2358 2359
l 2359 2360
l 2360 2361
l 2361 2362
l 2362 2363
l 2363 2364
l 2364 2365
l 2365 2366
l 2366 2367
l 2367 2368
l 2368 2369
l 2369 2370
l 2370 2371
l 2371 2372
l 2372 2373
l 2373 2374
l 2374 2375
l 2375 2376
l 2376 2377
l 2377 2378
l 2378 2379
l 2379 2380
l 2380 2381
l 2381 2382
l 2382 2383
l 2383 2384
l 2384 2385
l 2385 2386
l 2386 2387
l 2387 2388
l 2388 2389
l 2389 2390
l 2390 2391
l 2391 2392
l 2392 2393
l 2393 2394
l 2394 2395
l 2395 2396
l 2396 2397
l 2397 2398
l 2398 2399
l 2400 2401
l 2401 2402
l 2402 2403
l 2403 2404
l 2404 2405
l 2405 2406
l 2406 2407
l 2407 2408
l 2408 2409
l 2409 2410
l 2410 2411
l 2411 2412
l 2412 2413
l 2413 2414
l 2414 2415
l 2415 2416
l 2416 2417
l 2417 2418
l 2418 2419
l 2419 2420
l 2420 2421
l 2421 2422
l 2422 2423
l 2423 2424
l 2424 2425
l 2425 2426
l 2426 2427
l 2427 2428
l 2428 2429
l 2429 2430
l 2430 2431
l 2431 2432
l 2432 2433
l 2433 2434
l 2434 2435
l 2435 2436
l 2436 2437
l 2437 2438
l 2438 2439
l 2439 2440
l 2440 2441
l 2441 2442
l 2442 2443
l 2443 2444
l 2444 2445
l 2445 2446
l 2446 2447
l 2447 2448
l 2448 2449
l 2449 2450
l 2450 2451
l 2451 2452
l 2452 2453
l 2453 2454
l 2454 2455
l 2455 2456
l 2456 2457
l 2457 2458
l 2458 2459
l 2459 2460
l 2460 2461
l 2461 2462
l 2462 2463
l 2463 2464
l 2464 2465
l 2465 2466
l 2466 2467
l 2467 2468
l 2468 2469
l 2469 2470
l 2470 2471
l 2471 2472
l 2472 2473
l 2473 2474
l 2474 2475
l 2475 2476
l 2476 2477
l 2477 2478
l 2478 2479
l 2479 2480
l 2480 2481
l 2481 2482
l 2482 2483
l 2483 2484
l 2484 2485
l 2485 2486
l 2486 2487
l 2487 2488
l 2488 2489
l 2489 2490
l 2490 2491
l 2491 2492
l 2492 2493
l 2493 2494
l 2494 2495
l 2495 2496
l 2496 2497
l 2497 2498
l 2498 2499
l 2499 2500
l 2500 2501
l 2501 2502
l 2502 2503
l 2503 2504
l 2504 2505
l 2505 2506
l 2506 2507
l 2507 2508
l 2508 2509
l 2509 2510
l 2510 2511
l 2511 2512
l 2513 2514
l 2514 2515
l 2515 2516
l 2516 2517
l 2517 2518
l 2518 2519
l 2519 2520
l 2520 2521
l 2521 2522
l 2522 2523
l 2523 2524
l 2524 2525
l 2525 2526
l 2526 2527
l 2527 2528
l 2528 2529
l 2529 2530
l 2530 2531
l 2531 2532
l 2532 2533
l 2533 2534
l 2534 2535
l 2535 2536
l 2536 2537
l 2537 2538
l 2538 2539
l 2539 2540
l 2540 2541
l 2541 2542
l 2542 2543
l 2543 2544
l 2544 2545
l 2545 2546
l 2546 2547
l 2547 2548
l 2548 2549
l 2549 2550
l 2550 2551
l 2551 2552
l 2552 2553
l 2553 2554
l 2554 2555
l 2555 2556
l 2556 2557
l 2557 2558
l 2558 2559
l 2559 2560
l 2560 2561
l 2561 2562
l 2562 2563
l 2563 2564
l 2564 2565
l 2565 2566
l 2566 2567
l 2567 2568
l 2568 2569
l 2569 2570
l 2570 2571
l 2571 2572
l 2572 2573
l 2573 2574
l 2574 2575
l 2575 2576
l 2576 2577
l 2577 2578
l 2578 2579
l 2579 2580
l 2580 2581
l 2581 2582
l 2582 2583
l 2583 2584
l 2584 2585
l 2585 2586
l 2586 2587
l 2587 2588
l 2588 2589
l 2589 2590
l 2590 2591
l 2591 2592
l 2592 2593
l 2593 2594
l 2594 2595
l 2595 2596
l 2596 2597
l 2597 2598
l 2598 2599
l 2599 2600
l 2600 2601
l 2601 2602
l 2602 2603
l 2603 2604
l 2604 2605
l 2605 2606
l 2606 2607
l 2607 2608
l 2608 2609
l 2609 2610
l 2610 2611
l 2611 2612
l 2612 2613
l 2613 2614
l 2614 2615
l 2615 2616
l 2616 2617
l 2617 2618
l 2618 2619
l 2619 2620
l 2620 2621
l 2621 2622
l 2622 2623
l 2623 2624
l 2624 2625
l 2626 2627
l 2627 2628
l 2628 2629
l 2629 2630
l 2630 2631
l 2631 2632
l 2632 2633
l 2633 2634
l 2634 2635
l 2635 2636
l 2636 2637
l 2637 2638
l 2638 2639
l 2639 2640
l 2640 2641
l 2641 2642
l 2642 2643
l 2643 2644
l 2644 2645
l 2645 2646
l 2646 2647
l 2647 2648
l 2648 2649
l 2649 2650
l 2650 2651
l 2651 2652
l 2652 2653
l 2653 2654
l 2654 2655
l 2655 2656
l 2656 2657
l 2657 2658
l 2658 2659
l 2659 2660
l 2660 2661
l 2661 2662
l 2662 2663
l 2663 2664
l 2664 2665
l 2665 2666
l 2666 2667
l 2667 2668
l 2668 2669
l 2669 2670
l 2670 2671
l 2671 2672
l 2672 2673
l 2673 2674
l 2674 2675
l 2675 2676
l 2676 2677
l 2677 2678
l 2678 2679
l 2679 2680
l 2680 2681
l 2681 2682
l 2682 2683
l 2683 2684
l 2684 2685
l 2685 2686
l 2686 2687
l 2687 2688
l 2688 2689
l 2689 2690
l 2690 2691
l 2691 2692
l 2692 2693
l 2693 2694
l 2694 2695
l 2695 2696
l 2696 2697
l 2697 2698
l 2698 2699
l 2699 2700
l 2700 2701
l 2701 2702
l 2702 2703
l 2703 2704
l 2704 2705
l 2705 2706
l 2706 2707
l 2707 2708
l 2708 2709
l 2709 2710
l 2710 2711
l 2711 2712
l 2712 2713
l 2713 2714
l 2714 2715
l 2715 2716
l 2716 2717
l 2717 2718
l 2718 2719
l 2719 2720
l 2720 2721
l 2721 2722
l 2722 2723
l 2723 2724
l 2724 2725
l 2725 2726
l 2726 2727
l 2727 2728
l 2728 2729
l 2729 2730
l 2730 2731
l 2731 2732
l 2732 2733
l 2733 2734
l 2734 2735
l 2735 2736
