0.055012224938875295 -0.00921658986175115 0.062413314840499313 -0.015112874279777084 0.06552374113634325 -0.04648195406489245 0.03349233735917994 -0.0637941853168793 0.08060822570303197 -0.020744931636020744 0.05823293172690762 0.027316663164530363 0.148509364956223 0.08928571428571427 0.10802469135802469 -0.004171446449056211 0.06818420224483374 -0.02328417784676794 0.08753647353063776 -0.05185561769191662 0.010981770261366132 0.004289084280506112 0.07141311404457909 0.008300477277443458 0.09542547958681749 0.006975585450921776 0.001041666666666666 -0.008388382090804235 0.06492209348781464 -0.04066312167657179 0.1015499732763228 0.02718974558166634 0.11985617259288854 0.015405155592071479 0.14036418816388468 0.03380393716444622 0.02767629801837706 -0.07662409772348697 0.05437798246587504 -0.07456600256320634 0.06593640327555035 0.03209363790824995 0.12833627824793079 0.02828716348029653 0.09559110417479517 0.02797761790567547 0.0053487376979032926 -0.0064928038091115695 0.0124031007751938 0.019872398284698257 0.031222558298370572 -0.002749266862170088 0.04256058368800487 0.0459105594286686 0.06737333812432626 -0.1063135316609158 -0.1655395175128697 -0.30184696569920844 -0.0814987298899238 -0.10284395004722427 0.006475485661424607 -0.009293680297397768 -0.0067704807041299945 -0.004537205081669689 -0.0436267071320182 -0.1671309192200557 -0.5548302872062664 -1.7243556023145714 -0.25493333333333335 -0.11622854660004345 0.013464127716868623 -0.020659022828220224 0.07399687337154767 0.005063803929511848 -0.025617378829798136 -0.12950571983595943 -0.42895145200620705 -0.7761592349605249 -0.1922026864693677 -0.08895394662763204 0.09847056358684265 0.029308323563892145 0.06420084323495592 0.02067086347834257 0.050184641605908534 -0.0922196311214755 -0.10139019546357268 -0.1964698466064299 -0.03435442313197824 -0.07632074536624046 0.02023677021147425 0.08169149447381067 0.037822235493182046 -0.049937578027465665 0.07889147365227064 -0.004679457182966777 0.0009494872768704907 0.05547150781643974 0.05599536590075305 -0.03039869051794692
0.0619979042961928 -0.017511520737327188 0.07331087774915793 -0.0321148578445263 0.07270442509649044 -0.06653299307327744 0.03349233735917995 -0.08784773060029283 0.08244023083264634 -0.029231494578029232 0.06626506024096386 0.027316663164530363 0.16513354760057633 0.08067986230636832 0.11934156378600821 -0.019814370633016998 0.07447812860589531 -0.012196474110211776 0.0948311796581909 -0.061006609049313675 0.017570832418185807 0.010722710701265277 0.07574118156243237 -0.006225357958082589 0.0954254795868175 -0.00896860986547085 -0.0041666666666666675 -0.026213694033763234 0.05892928485817019 -0.044833698258784284 0.10689470871191875 0.02136337152845212 0.11685976827806632 0.0030810311184142963 0.1460546282245827 0.01988466892026248 0.028783349939112152 -0.08439755691282622 0.04882920874486739 -0.08388675288360713 0.05955546102307774 0.03209363790824995 0.12182646703245606 0.018532969176746 0.08876316816230981 0.01698641087130296 -0.014976465554129232 -0.016232009522778923 2.7755575615628915e-18 0.007321409894362513 0.041955312713435465 -0.0018328445747800577 0.05472075045600625 0.028056452984186363 0.07366151634926338 -0.12869532780005594 -0.21197133340062582 -0.40211081794195247 -0.09949195596951736 -0.11753594291111344 0.01017576318223867 -0.0055762081784386614 -0.010639326820775705 6.938893903907229e-19 -0.04362670713201821 -0.1870274572224433 -0.7593559617058311 -2.575486586007364 -0.3189333333333334 -0.1270910275907017 0.009617234083477592 -0.01652721826257618 0.07399687337154767 0.011140368644926067 -0.023567988523414286 -0.13382257716382473 -0.4932387497228996 -0.8940286889803181 -0.2129518401223108 -0.09233194460083324 0.10894615545778334 0.020515826494724505 0.0689919509390571 0.016912524664098465 0.05870656187860999 -0.09963960144159426 -0.1139333124281384 -0.21748266442529945 -0.03244584406909056 -0.07929428089999009 0.022260447232621678 0.09034118212397887 0.043794167413158155 -0.0478568456096546 0.07990290280165874 -0.004679457182966777 -0.0009494872768704893 0.060514372163388806 0.05502992855763661 -0.023383608090728404
0.06549074397485155 -0.009216589861751152 0.07529225282345949 -0.024558420704637762 0.07180683960147204 -0.06197593875318994 0.027402821475692684 -0.08993934323363313 0.07877622057341761 -0.03206034889203206 0.05622489959839357 0.015759613364152134 0.13077690346891277 0.0849827882960413 0.09773662551440329 -0.015642924183960787 0.07238015315220812 -0.004435081494622461 0.08962067528136723 -0.059989832231825115 0.0164726553920492 0.004289084280506112 0.06383899588833586 -0.015563394895206476 0.08165272995573045 -0.017937219730941704 -0.011458333333333334 -0.035650623885918005 0.048941270475429476 -0.05213220727765614 0.1036878674505612 0.02233443387065449 0.10187774670395525 6.938893903907229e-19 0.13846737481031868 0.018890435474249356 0.021033986493966574 -0.08772903942254304 0.034402397070247476 -0.08621694046370731 0.055301499521429334 0.031149707381536718 0.10415697944759601 0.012680452594615685 0.07315645727662896 0.009992006394884095 -0.03851091142490372 -0.02272481333189049 -0.028940568475452195 -0.0020918313983892866 0.03805249292613914 -0.011913489736070381 0.04864066707200555 0.017003910899506883 0.06288178224937117 -0.14454910006528024 -0.2927223175532452 -0.5836411609498681 -0.14394580863674852 -0.1364256480218281 0.005550416281221092 -0.018587360594795536 -0.01644259599574427 -0.008166969147005442 -0.05690440060698028 -0.20692399522483088 -1.0280678851174936 -3.426617569700158 -0.38613333333333333 -0.13903975668042579 0.004808617041738796 -0.013428364838343147 0.053152683689421575 0.0070893255013165886 -0.03791372066810124 -0.1338225771638247 -0.5486588339614277 -0.9651951517847216 -0.24243747952386152 -0.09908794054723567 0.10999371464487744 0.016608050019538884 0.06036795707167497 0.019731278774781546 0.05207840166650886 -0.10175959296162815 -0.1317027281279398 -0.23009035511662118 -0.03435442313197824 -0.08425017345623946 0.02529596276434281 0.08169149447381066 0.03185030357320594 -0.04889721181856014 0.07686861535349448 -0.005615348619560132 0.00664641093809343 0.05244578920827031 0.054064491214520186 -0.026891149304337662
0.05675864477820468 -0.01751152073732719 0.06835744006340401 -0.038726740341928786 0.06462615564132483 -0.07017863652934743 0.013193951080889065 -0.08680192428362268 0.07236420261976734 -0.04054691183404054 0.04618473895582329 0.014708972473208657 0.11526099966751635 0.0849827882960413 0.0925925925925926 -0.025028678694337263 0.07028217769852094 -0.00332631112096684 0.08024176740308461 -0.0681240467717336 0.00768723918295629 -0.009650439631138753 0.0443626920579961 -0.022826312512969498 0.07575012297097886 -0.03388141504733433 -0.02395833333333333 -0.05242738806752647 0.03795445465441471 -0.06672922531539985 0.09727418492784606 0.01845018450184502 0.09988014382740712 -0.007189072609633357 0.12898330804248864 0.00795386756810499 0.009963467286615745 -0.0843975569128262 0.02552435911663522 -0.09320750320400792 0.049984047644368826 0.025486124221257317 0.09578722217055705 0.005852516582130318 0.06925477955520874 -0.011990407673860915 -0.07702182284980745 -0.07142084190022727 -0.052713178294573636 -0.01987239828469825 0.02731973851107425 -0.013746334310850438 0.032137583601146526 0.011902737629654821 0.044017247574559826 -0.17439149491746714 -0.5046936509538711 -1.0490765171503957 -0.1936917866215072 -0.15531535313254277 -0.0018501387604070302 -0.028810408921933085 -0.029983557404004258 -0.019963702359346643 -0.07018209408194234 -0.22383605252686034 -1.3500870322019147 -4.082062072593372 -0.4224 -0.156419726265479 -0.0009617234083477595 -0.012395413696932134 0.04377279833246483 0.008102086287218958 -0.03893841582129316 -0.1295057198359594 -0.5752604743959211 -0.996330479261648 -0.25772632958392483 -0.10246593852043688 0.10161324114812487 0.017584994138335287 0.045036412418551164 0.030066710513952828 0.046397121484707884 -0.09327962688149247 -0.14111006585136407 -0.22168522798907336 -0.038171581257753606 -0.08722370898998909 0.021248608722047962 0.07592503604036521 0.02587837165322982 -0.05305867665418227 0.07788004450288258 -0.0009358914365933558 0.00569692366122294 0.047402924861321236 0.048271867155821595 -0.028060329708874083
0.04715333566189313 -0.02304147465437788 0.06538537745195168 -0.05100595069424767 0.060138228166232835 -0.07382427998541742 0.005074596569572718 -0.0815728927002719 0.06137217184208116 -0.04620462046204621 0.03212851405622489 0.017860895146039085 0.09863681702316303 0.09036144578313253 0.07716049382716049 -0.02398581708207321 0.06713521451799015 0.004435081494622469 0.06877865777407254 -0.07219115404168784 -0.009883593235229518 -0.008578168561012227 0.02813243886604631 -0.014525835235526044 0.0619773733398918 -0.029895366218236175 -0.04583333333333333 -0.05871867463562965 0.012984418697562927 -0.0688145136065061 0.09086050240513095 0.007768498737618956 0.0928885337594886 -0.02875629043853343 0.12518968133535663 -0.006959634122091872 -0.0011070519207350832 -0.08883953359244864 0.014426811674619905 -0.1048584411045089 0.044666595767308304 0.02359826316783084 0.08462754580117177 0.010729613733905583 0.05657432696059306 -0.01199040767386091 -0.1272999572100984 -0.0930635212639325 -0.06821705426356589 -0.023010145382282188 0.007805639574592645 -0.019244868035190616 0.019108833492573613 0.010202346539704133 0.017067912324829328 -0.1949081413783456 -0.8226506510548097 -1.613720316622691 -0.25931414055884844 -0.1574142092559555 -0.012025901942645698 -0.03996282527881041 -0.03191798046232711 -0.022686025408348454 -0.07871775417298939 -0.2327894946279348 -1.6209747606614446 -4.6028406102051544 -0.4661333333333334 -0.16293721485987397 -0.009617234083477592 -0.014461315979754159 0.041688379364252216 0.029370062791168727 -0.04611128189363665 -0.10792143319663286 -0.5907780979827089 -1.0052262871121984 -0.2631866331768046 -0.09570994257403445 0.09742300439974858 0.016608050019538884 0.04695285550019164 0.05543549751010053 0.04260960136350724 -0.08267966928132287 -0.1390195463572698 -0.20487497373397776 -0.039125870789197444 -0.08028545941123996 0.02023677021147425 0.05670350792888035 0.029859659599880566 -0.06138160632542654 0.07788004450288258 -0.017781937295273748 0.0 0.0151285930408472 0.038617493724657274 -0.03273705132701976
0.03667481662591688 -0.026728110599078342 0.05646918961759462 -0.04250495891187305 0.05026478772103042 -0.07564710171345243 -0.006089515883487263 -0.08471031165028237 0.04946413849958781 -0.05091937765205092 0.024096385542168666 0.02836730405547384 0.09420370165133547 0.09143717728055077 0.07613168724279837 -0.01877150902075295 0.07447812860589532 0.015522785231178626 0.06669445602334306 -0.06609049313675647 -0.0010981770261366138 -0.011794981771391808 0.03137848950443627 0.0031126789790412958 0.05705853418593212 -0.02889885401096164 -0.055208333333333325 -0.07339834329453707 0.014982021574111068 -0.07715566677093108 0.08872260823089256 -0.0029131870266071087 0.09089093088294045 -0.033891342302557255 0.11855083459787556 -0.020878902366275605 -0.011070519207350825 -0.11104941699056078 -0.0011097547442015326 -0.11767447279506 0.0425396150164841 0.013215027373985274 0.08183762670882545 0.0029262582910651582 0.054623488099882954 -0.036970423661071145 -0.16581086863500213 -0.13634887999134293 -0.08268733850129198 -0.044974375065369734 0.0039028197872963215 -0.014662756598240467 0.012160166768001385 0.004250977724876722 0.002694933524973059 -0.22475053623053248 -1.1274856162309477 -2.251187335092348 -0.3027095681625741 -0.1689579179347256 -0.012950971322849215 -0.05018587360594795 -0.03481961504981139 -0.02087114337568058 -0.07397572078907436 -0.2516912057302029 -1.8842471714534377 -4.975276170436612 -0.4960000000000001 -0.17162719965240059 -0.017311021350259664 -0.003098853424233035 0.0385617509119333 0.01620417257443792 -0.04303719643406087 -0.10576300453270018 -0.5819108845045444 -0.9996664072056045 -0.254450147428197 -0.08557594865443081 0.08799497171590195 0.021492770613520906 0.05078574166347259 0.05543549751010053 0.046397121484707884 -0.07737969048123808 -0.12961220863384554 -0.19016600126076907 -0.036263002194865925 -0.08325899494498959 0.01720125467975311 0.03652090341182124 0.030854981586543255 -0.049937578027465665 0.07282289875594215 -0.029948525970987367 -0.0018989745537409807 -0.027231467473524968 0.03185943232284225 -0.05962820063135742
0.03318197694725812 -0.02119815668202765 0.053497127006142266 -0.03494852177198451 0.05295754420608563 -0.07564710171345243 -0.003044757941743631 -0.08575611796695254 0.04854813593478063 -0.04431871758604432 0.015060240963855425 0.024164740491699935 0.08644574975063726 0.09036144578313253 0.07407407407407408 -0.013557200959432686 0.0797230672401133 0.024392948220423545 0.05939974989578991 -0.05287239450940519 -6.938893903907229e-19 -0.028951318893416254 0.04328067517853279 0.01660095455488691 0.06197737333989177 -0.029895366218236175 -0.05625 -0.0996120373283003 0.010986815821014783 -0.08236888749869671 0.07910208444681989 0.001942124684404739 0.08589692369157012 -0.018486186710485776 0.11475720789074353 -0.026844303042354346 -0.01992693457323148 -0.13103831204886174 -0.013317056930418378 -0.1153442852149598 0.02871424013612677 0.0 0.07067795033944016 -0.01072961373390558 0.04291845493562231 -0.05695443645083933 -0.21181001283697048 -0.1742235688778271 -0.10232558139534884 -0.04497437506536973 -0.0029271148404722393 -0.038489736070381225 0.005211500043429163 0.004250977724876722 -0.017067912324829317 -0.25832323043924277 -1.5352780862016755 -2.9118733509234827 -0.3471634208298052 -0.17945219855178926 -0.0120259019426457 -0.0604089219330855 -0.042557307283102815 -0.01270417422867513 -0.07587253414264036 -0.2596498209311579 -2.046344647519582 -5.184639663335086 -0.5034666666666668 -0.17379969585053223 -0.019234468166955183 -0.0041318045656440466 0.041688379364252216 0.0202552157180474 -0.03791372066810124 -0.09281243254910425 -0.5542008423852803 -0.974090959635272 -0.2358851152124058 -0.06755995946402431 0.09218520846427823 0.012700273544353265 0.04407819087773094 0.05919383632434463 0.046397121484707884 -0.06995972016111937 -0.1087070136929027 -0.17230510611473 -0.028628685943315198 -0.07929428089999008 0.016189416169179398 0.03940413262854396 0.03284562555986862 -0.03537245110278818 0.06978861130777789 -0.02526906878802059 -0.01139384732244588 -0.044377206253151794 0.024135933577910794 -0.058459020226821
0.034928396786587504 -0.018433179723502304 0.05151575193184069 -0.03494852177198451 0.05475271519612242 -0.07473569084943492 -0.0040596772556581754 -0.08784773060029283 0.0448841256755519 -0.03866100895803866 0.009036144578313256 0.03467114940113469 0.08090435553585282 0.09036144578313252 0.0689300411522634 -0.018771509020752947 0.08391901814748769 0.024392948220423552 0.05418924551896624 -0.047788510421962374 0.005490885130683064 -0.02466223461291015 0.04328067517853279 0.01452583523552604 0.060993605509099845 -0.03886397608370703 -0.06041666666666666 -0.1100975149418056 0.005992808629644426 -0.08549681993535609 0.07268840192410475 0.0009710623422023669 0.0759089093088294 -0.003081031118414297 0.1062215477996965 -0.027838536488367465 -0.03431860954278755 -0.13992226540810662 -0.021085340139829094 -0.1083537224746592 0.02977773051153887 0.0028317915801397016 0.06602808518552963 -0.013655872024970738 0.03706593835349199 -0.07893685051958432 -0.24497218656397096 -0.2250838653825344 -0.12093023255813953 -0.05334170065892689 -0.012684164308713044 -0.04123900293255132 -0.015634500130287506 -0.007651759904778096 -0.03233920229967661 -0.28816562529142964 -2.0308872514383767 -3.5440633245382585 -0.3831498729889924 -0.18364991079861476 -0.009250693802035154 -0.0604089219330855 -0.04836057645807138 -0.0036297640653357504 -0.07397572078907436 -0.25368085953044167 -2.1050913838120104 -5.219358232509206 -0.4810666666666667 -0.15750597436454486 -0.018272744758607424 0.004131804565644046 0.04898384575299636 0.03240834514887585 -0.03176554974894969 -0.0798618605655083 -0.5109731766792285 -0.916268208606694 -0.20639947581085508 -0.054047967571219456 0.09428032683846638 0.03419304415787418 0.04695285550019165 0.06765009865639388 0.04923776157560837 -0.057239771040915835 -0.08989233824605415 -0.14393780205925616 -0.016222922034545277 -0.06740013876499158 0.02124860872204796 0.044209514656415184 0.03284562555986861 -0.03537245110278818 0.06574289471022554 -0.01778193729527375 -0.01993923281428029 -0.03731719616742309 0.014481560146746475 -0.04442885537238396
0.040167656304575625 -0.026728110599078342 0.05845056469189617 -0.04628317748181733 0.05924064267121443 -0.0856726212176449 0.0040596772556581754 -0.0972599874503242 0.052212146194009344 -0.04337576614804337 0.009036144578313254 0.02731666316453037 0.06649673057741327 0.0796041308089501 0.06172839506172841 -0.03650015642924184 0.08916395678170566 -0.0011087703736556126 0.048978741142142554 -0.0549059481443823 0.004392708104546453 -0.028951318893416254 0.03895260766067951 0.017638514214567337 0.05017215937038859 -0.04185351270553064 -0.06979166666666667 -0.13316556569151725 -0.0059928086296444265 -0.09488061724533417 0.06948156066274719 -0.01359487279083317 0.07391130643228125 -0.02875629043853343 0.09673748103186645 -0.05468283953072182 -0.042067972987933126 -0.17545807884508607 -0.02663411386083676 -0.1269952231154608 0.028714240136126768 -0.009439305267132339 0.04091881335441272 -0.037065938353492 0.017557549746390948 -0.1189048760991207 -0.29418057338468123 -0.30191537712368793 -0.14056847545219636 -0.07321409894362514 -0.017562689042833445 -0.05773460410557184 -0.04082341700686181 -0.011052542084679476 -0.04671218109953287 -0.32453604401753233 -2.602200464318159 -4.107651715039578 -0.4085520745131245 -0.19414419141567846 -0.009250693802035153 -0.06691449814126395 -0.042557307283102815 -0.004537205081669692 -0.0635432473444613 -0.2526860326303223 -2.114882506527415 -5.114150447133088 -0.4554666666666667 -0.15533347816641319 -0.01346412771686863 -0.004131804565644045 0.0562793121417405 0.019242454932145027 -0.029716159442565837 -0.07878264623354198 -0.45001108401684764 -0.8050706104748138 -0.16271704706781698 -0.05404796757121947 0.09742300439974859 0.021492770613520906 0.03449597546952855 0.06295217513858875 0.046397121484707884 -0.07101971592113632 -0.06898714330511133 -0.1460390838411431 -0.005725737188663039 -0.07830310238874022 0.0242841242537691 0.036520903411821244 0.017915795759928337 -0.038493549729504785 0.05967431981389702 -0.024333177351427236 -0.00759589821496392 -0.054462934947049936 0.0212396215485615 -0.056120659417748166
0.03230876702759343 -0.03963133640552996 0.05250643946899147 -0.04439406819684518 0.051162373216048815 -0.09022967553773241 0.011164112453059982 -0.10667224430035557 0.04580012824035907 -0.05846298915605845 -0.0010040160642570267 0.02101281781886951 0.05984705751967194 0.06669535283993117 0.040123456790123455 -0.044843049327354265 0.07867407951326968 -0.016631555604834238 0.032305127136306795 -0.05490594814438231 -0.006589062156819679 -0.04074630066480807 0.05626487773209262 0.015563394895206473 0.04230201672405312 -0.046836073741903336 -0.084375 -0.1499423298731257 -0.01797842588893328 -0.10113648211865292 0.05665419561731694 -0.04272674305690425 0.0659208949260887 -0.047242477149019205 0.08725341426403643 -0.08053290912706304 -0.04096092106719805 -0.2276513048306496 -0.04106092553545667 -0.16311313060701388 0.019142826757417845 -0.017934680007551447 0.02975913698502743 -0.054623488099882954 -0.0039016777214202075 -0.1518784972022382 -0.3647839109970047 -0.405800238069473 -0.16124031007751938 -0.08262734023637694 -0.015611279149185284 -0.07148093841642228 -0.03561191696343265 -0.017003910899506886 -0.05300035932446999 -0.36370418726102766 -3.2138891692742506 -4.574142480211082 -0.4149026248941575 -0.19414419141567846 -0.01387604070305273 -0.07806691449814127 -0.03481961504981139 -0.007259528130671507 -0.05690440060698028 -0.25368085953044167 -2.0583115752828545 -4.53550762756444 -0.4095999999999999 -0.15424723006734736 -0.01154068090017311 -0.015494267121165167 0.06774361646690985 0.019242454932145027 -0.03279024490214161 -0.07122814590977768 -0.3846153846153845 -0.5337484710330257 -0.1277711040733865 -0.05066996959801825 0.09009009009009009 0.008792497069167644 0.050785741663472606 0.05355632810297848 0.046397121484707884 -0.07737969048123808 -0.06376084456987562 -0.12607690691321707 -0.005725737188663041 -0.08821488750123899 0.017201254679753114 0.01249399327246516 0.024883049666567136 -0.048897211818560125 0.05360574491756853 -0.03369209171736078 -0.01234333459931637 -0.08673726676752395 0.024135933577910794 -0.07132000467672162
0.026196297589940614 -0.04423963133640553 0.04854368932038835 -0.04439406819684519 0.045776860245938425 -0.09022967553773241 0.013193951080889069 -0.10458063166701526 0.04305212054593753 -0.06506364922206506 -0.004016064257028112 0.022063458709812987 0.057630499833758175 0.07207401032702239 0.03497942386831276 -0.039628741266033995 0.0776250917864261 -0.03437188158332409 0.030220925385577323 -0.05490594814438231 -0.02086536349659565 -0.0461076560154407 0.05085479333477603 0.01867607387424777 0.03344810624692572 -0.05480817140009965 -0.0875 -0.1499423298731257 -0.0239712345185777 -0.10947763528307788 0.05024051309460181 -0.04369780539910662 0.06292449061126648 -0.048269487521823966 0.07871775417298939 -0.0785444422350368 -0.03431860954278756 -0.24541921154913937 -0.0532682277216735 -0.16544331818711405 0.019142826757417845 -0.015102888427411743 0.024179298800334786 -0.048770971517752636 -0.013655872024970737 -0.1598721023181455 -0.45785194694052195 -0.4793853479060708 -0.1746770025839793 -0.07844367743959837 -0.02439262367060201 -0.07148093841642228 -0.03561191696343265 -0.017003910899506886 -0.05928853754940712 -0.3888837079175604 -3.8629252044009283 -5.019525065963061 -0.4223116003386961 -0.19414419141567843 -0.0120259019426457 -0.08828996282527882 -0.0009672115291614339 0.0027223230490018156 -0.03983308042488619 -0.24074810982888978 -1.9234116623150563 -3.8064176749079435 -0.34453333333333325 -0.15424723006734736 -0.0057703404500865545 -0.0030988534242330328 0.06565919749869722 0.027344541219363982 -0.03483963520852546 -0.05288150226635009 -0.3003768565728219 -0.3191371066384966 -0.08954897892322813 -0.03603197838081298 0.07647182065786717 0.012700273544353264 0.04407819087773094 0.0685896833599549 0.04260960136350724 -0.06465974136103456 -0.06167032507578134 -0.09981088463963017 -0.009542895314438402 -0.08226781643373972 0.002023677021147427 0.007688611244593943 0.017915795759928334 -0.03537245110278818 0.04450288257307576 -0.032756200280767436 -0.01519179642992784 -0.10590015128593042 0.0212396215485615 -0.07365836548579445
0.022703457911281873 -0.04792626728110599 0.04061818902318209 -0.034003967129498436 0.03680100529575442 -0.08749544294567992 0.02435806353394905 -0.09307676218364361 0.040304112851515986 -0.06223479490806223 -0.007028112449799194 0.006303845345660855 0.056522220990801286 0.0677710843373494 0.026748971193415638 -0.04692877255188236 0.08182104269380049 -0.062091140924714495 0.022926219258024176 -0.05693950177935943 -0.019767186470459035 -0.05897490885695904 0.042198658299069464 0.024901431832330363 0.02361042793900639 -0.05480817140009965 -0.08124999999999999 -0.14574813882772358 -0.02996404314822213 -0.1136482118652904 0.044895777659005875 -0.06311905224315402 0.05693168198162205 -0.06059361199548115 0.06733687405159335 -0.0994233446013124 -0.027676298018377055 -0.2709605774569684 -0.06214626567528577 -0.17825934987766515 0.02552376900989046 -0.031149707381536718 0.031619083046591646 -0.06242684354272336 -0.01560671088568084 -0.20183852917665868 -0.6076166024818141 -0.6059950221837462 -0.17984496124031008 -0.08994875013073947 -0.028295443457898327 -0.08522727272727273 -0.03821766698514722 -0.021254888624383607 -0.06827164929931728 -0.4215238272871398 -4.514989401433329 -5.358311345646437 -0.4212531752751906 -0.20778675621786125 -0.00647548566142461 -0.10223048327137547 0.008704903762452844 -0.002722323049001814 -0.029400606980273136 -0.238758456028651 -1.7177980852915578 -2.9836927932667017 -0.27413333333333323 -0.15424723006734736 -0.00865551067512983 1.3877787807814458e-18 0.06149035956227202 0.036459388292485316 -0.03279024490214162 -0.04316857327865314 -0.22833074706273554 -0.192371844768153 -0.07098394670743693 -0.03265398040761176 0.07437670228367903 0.013677217663149666 0.05078574166347259 0.06858968335995488 0.04260960136350724 -0.07313970744117024 -0.04076513013483851 -0.10401344820340408 -0.00381715812577536 -0.09614431559123798 0.0080947080845897 3.4694469519536144e-19 0.020901761719916395 -0.04265501456512692 0.043491453423687675 -0.04398689751988769 -0.0018989745537409813 -0.12506303580433686 0.02992855763660938 -0.08067344791301298
0.01659098847362906 -0.060829493087557605 0.03566475133742818 -0.04817228676678946 0.03321066331568082 -0.0993437841779074 0.025372982847863594 -0.10039740640033468 0.039388110286708806 -0.06977840641206977 -1.3877787807814458e-18 0.017860895146039085 0.06095533636262884 0.0774526678141136 0.027777777777777773 -0.05840025028678695 0.0744781286058953 -0.08426654839782681 0.019799916631929967 -0.07015760040671072 -0.01757083241818581 -0.0654085352777182 0.03462454014282623 0.021788752853289062 0.02459419576979832 -0.06278026905829596 -0.07291666666666666 -0.15518506867987836 -0.031961646024770266 -0.11990407673860912 0.03741314804917156 -0.06797436395416587 0.06392329204954054 -0.07497175721474789 0.0616464339908953 -0.11334261284549614 -0.03431860954278755 -0.29539144919489174 -0.06547552990789035 -0.1817546312478155 0.01701584600659364 -0.02926184632811025 0.019529433646424253 -0.0682793601248537 -0.02926258291065158 -0.2348121502797762 -0.8547282841249464 -0.7618223136024239 -0.1891472868217054 -0.09413241292751806 -0.02927114840472241 -0.09347507331378299 -0.048640667072005574 -0.02975684407413705 -0.07545813869924542 -0.44763592278280334 -5.107499747653174 -5.563060686015831 -0.411727349703641 -0.20673732815615486 -0.007400555041628125 -0.09479553903345725 0.019344230583228546 0.0027223230490018156 -0.01612291350531107 -0.22184639872662157 -1.4643167972149695 -2.1504471330878485 -0.2122666666666667 -0.14881598957201825 -0.008655510675129829 0.005164755707055058 0.06253256904637831 0.054689082438727964 -0.03074085459575776 -0.029138786963090867 -0.1673686544003547 -0.10452574224396756 -0.0556950966473736 -0.02364598581240851 0.0817096165933375 0.011723329425556862 0.04886929858183213 0.062012590435027715 0.046397121484707884 -0.07737969048123808 -0.0303125326643671 -0.11557049800378232 -0.0057257371886630425 -0.10308256516998712 0.007082869574015988 -0.0028832292167227298 0.02388772767990445 -0.045776113191843534 0.03944573682613532 -0.05147402901263454 -0.01519179642992784 -0.1331316187594554 0.030893994979725815 -0.08418098912662224
0.018337408312958433 -0.056221198156682015 0.03764612641172974 -0.039671294984414844 0.03680100529575441 -0.10481224936201239 0.03146249873135086 -0.10039740640033465 0.04305212054593753 -0.06694955209806695 -0.002008032128514056 0.01891153603698256 0.05984705751967194 0.07637693631669534 0.02263374485596708 -0.055271665449994775 0.06923318997167732 -0.09202794101341613 0.017715714881200502 -0.06405693950177936 -0.01757083241818581 -0.06219172206733862 0.04652672581692274 0.023863872172649927 0.02557796360059026 -0.06576980568011959 -0.06770833333333333 -0.15308797315717732 -0.03595685177786656 -0.11781878844750286 0.040619989310529125 -0.07477180034958245 0.05892928485817019 -0.07702577796035741 0.05595599393019727 -0.13620998210379798 -0.0321045057013174 -0.3398112159911161 -0.06991454888469648 -0.18991028777816615 0.009571413378708923 -0.03586936001510289 0.01766948758486004 -0.07900897385875927 -0.04194303550526727 -0.27577937649880097 -1.4013692768506634 -1.0085488583486635 -0.20155038759689922 -0.09099466582993411 -0.02536832861742609 -0.10538856304985336 -0.03734908364457571 -0.03740860397891515 -0.06737333812432626 -0.4578942460132426 -5.437569395377006 -5.283377308707124 -0.38632514817950897 -0.20149018784762304 -0.008325624421831638 -0.0845724907063197 0.030950768933165684 0.018148820326678767 -0.01232928679817906 -0.19797055312375647 -1.1346823324630113 -1.4971067859021567 -0.16426666666666667 -0.1346947642841625 -0.00865551067512983 0.00723065798987708 0.06565919749869722 0.0638039295118493 -0.02664207398299006 -0.01618821497949493 -0.1075149634227444 -0.05003891915934616 -0.039314185868734294 -0.01463799121720527 0.0785669390320553 0.00976944118796405 0.056535070908394026 0.06765009865639386 0.046397121484707884 -0.07525969896120416 -0.033448311905508524 -0.12712754780416052 -0.007634316251550724 -0.09317078005748834 0.0020236770211474256 -0.0009610764055742432 0.024883049666567132 -0.04057428214731586 0.028320016182866385 -0.05334581188582125 -0.03323205469046715 -0.13716591023701463 0.023170496234794363 -0.08418098912662222
0.012224938875305623 -0.04608294930875576 0.027739251040221912 -0.0292811939170681 0.029620321335607214 -0.0975209624498724 0.0253729828478636 -0.1087638569336959 0.03297609233305854 -0.057520037718057526 -0.012048192771084338 0.017860895146039085 0.0554139421478444 0.0677710843373494 0.012345679012345682 -0.05318594222546669 0.05979230043008495 -0.1042244151236279 0.011463109629012086 -0.06507371631926792 -0.023061717548868876 -0.05575809564657945 0.0497727764553127 0.025938991492010795 0.018691588785046724 -0.06477329347284504 -0.065625 -0.15203942539582677 -0.04095085896923691 -0.11156292357418414 0.020309994655264563 -0.062147989900951627 0.0449460647223332 -0.0708637157235288 0.041729893778452196 -0.14217538277987674 -0.04096092106719805 -0.37978900610771793 -0.0921096437687271 -0.18641500640801584 0.0031904711262363064 -0.047196526335661695 0.014879568492513715 -0.10632071790870072 -0.05169722980881779 -0.3397282174260592 -2.10954214805306 -1.2888215561086462 -0.2098191214470284 -0.09622424432590734 -0.02536832861742609 -0.10538856304985336 -0.030400416920003476 -0.02975684407413705 -0.06018684872439815 -0.4588268208523735 -5.563742808115474 -4.840105540897097 -0.35245554614733277 -0.1983419036625039 -0.007400555041628121 -0.06970260223048327 0.03772124963729567 0.019056261343012706 -0.005690440060698028 -0.1721050537206526 -0.8540034812880766 -0.9658074697527615 -0.1312 -0.11731479469910928 -0.009617234083477592 0.01652721826257618 0.06565919749869722 0.05063803929511849 -0.020493903063838505 -0.015109000647528601 -0.055420084238528046 -0.012231735794506838 -0.028393578682974773 -0.007881995270802838 0.07018646553530274 0.018561938257131694 0.04599463395937141 0.06765009865639388 0.0388220812423066 -0.0635997456010176 -0.04181038988188565 -0.14288716116831268 -0.01622292203454528 -0.09019724452373871 0.009106546595163412 0.010571840461316675 0.04180352343983278 -0.032251352476071575 0.040457165975523415 -0.045858680393074405 -0.029434105582985187 -0.13212304589006557 0.020274184205445068 -0.07132000467672162
0.015717778553964373 -0.04976958525345622 0.033683376263126605 -0.02739208463209597 0.032313077820662416 -0.1002551950419249 0.032477418045265403 -0.1129470822003765 0.039388110286708806 -0.05280528052805281 -0.010040160642570281 0.010506408909434757 0.04765599024714618 0.08820998278829605 0.007201646090534981 -0.04901449577641047 0.05979230043008497 -0.11531211886018407 0.001042100875364735 -0.0711743772241993 -0.03074895673182517 -0.05897490885695904 0.05951092837048257 0.023863872172649927 0.016724053123462857 -0.07772795216741404 -0.06041666666666666 -0.14784523435042465 -0.04894127047542948 -0.1094776352830779 0.023516835916622125 -0.06991648863857058 0.057930483419896116 -0.05751258087706686 0.048368740515933234 -0.15708888447007358 -0.028783349939112142 -0.4075513603553581 -0.08878037953612251 -0.18524991261796578 0.00744443262788472 -0.05757976212950727 0.026039244861899003 -0.11607491221225126 -0.05364806866952789 -0.3986810551558754 -2.939666238767651 -1.57342278974137 -0.21395348837209305 -0.10563748561865913 -0.018538393989657526 -0.1163856304985337 -0.015634500130287506 -0.012752933174630162 -0.03952569169960475 -0.4522987969784576 -5.568789744625013 -4.2807387862796835 -0.3037679932260796 -0.18784762304544023 -0.0046253469010175755 -0.0641263940520446 0.05126221104555566 0.015426497277676953 0.004742033383915022 -0.1581774771189813 -0.5624456048738035 -0.5954760652288269 -0.08746666666666666 -0.11731479469910928 0.006732063858434316 0.010329511414110112 0.0812923397602918 0.06988049422726351 -0.008197561225535398 -0.011871357651629617 -0.012192418532476166 0.01000778383186923 -0.015288850060063341 -0.004503997297601621 0.07542426147077311 0.011723329425556862 0.047911077041011885 0.08456262332049234 0.0435564813938074 -0.06783972864108544 -0.04076513013483851 -0.15444421096869093 -0.02099436969176448 -0.08920606601248884 0.015177577658605687 0.018260451705910622 0.0617099631730865 -0.03537245110278819 0.05461717406695661 -0.04679457182966775 -0.030383592859855674 -0.10993444276348967 0.02606680826414366 -0.06313574184496668
0.015717778553964373 -0.05161290322580645 0.03467406380027739 -0.01983564749220742 0.03321066331568082 -0.0975209624498724 0.03349233735917995 -0.10876385693369588 0.040304112851515986 -0.05280528052805281 0.0050200803212851405 0.01786089514603909 0.06095533636262884 0.09143717728055079 0.01851851851851852 -0.047971634164146404 0.06923318997167734 -0.11752965960749531 0.012505210504376824 -0.0711743772241993 -0.026356248627278717 -0.06755307741797126 0.05842891149101927 0.006225357958082588 0.020659124446630595 -0.09267563527653214 -0.051041666666666666 -0.15099087763447624 -0.04194966040751098 -0.10322177040975915 0.030999465526456438 -0.08156923674499902 0.058929284858170186 -0.06572866385950497 0.04457511380880121 -0.17498508649830982 -0.025462194176906892 -0.436424208772904 -0.07990234158251026 -0.19806594430851682 0.027650749760714667 -0.07079478950349254 0.039058867292848506 -0.1316816230979321 -0.04584471322668747 -0.45663469224620307 -3.8660676080445016 -1.8591061573422791 -0.2005167958656331 -0.1213262211065788 -0.005854229680944483 -0.11638563049853372 -0.013028750108572924 -0.017003910899506886 -0.021559468199784403 -0.43831017439149483 -5.37801554456445 -3.675989445910291 -0.25719729043183737 -0.18679819498373385 -0.006475485661424607 -0.05576208178438661 0.06286874939549278 0.019056261343012703 0.013277693474962063 -0.13529645841623555 -0.3742384682332463 -0.3682272488164124 -0.05653333333333334 -0.11731479469910924 0.019234468166955187 0.007230657989877079 0.07503908285565399 0.06076564715414219 0.002049390306383854 -0.011871357651629619 0.027710042119264016 0.018903591682419663 -0.003276182155727858 -0.015763990541605676 0.09323276765137231 0.004884720593982024 0.06803372939823688 0.08080428450624824 0.06249408199981062 -0.07313970744117024 -0.03449357165255566 -0.17230510611473 -0.010497184845882242 -0.09317078005748834 0.026307801274916526 0.015377222489187891 0.06469592913307455 -0.046816479400749074 0.06877718215838981 -0.05147402901263452 -0.017090770983668818 -0.10186585980837118 0.049237304498938025 -0.06664328305857595
0.022703457911281873 -0.05529953917050691 0.045571626708936004 -0.019835647492207426 0.030517906830625614 -0.09296390812978492 0.03349233735917994 -0.10248901903367498 0.04305212054593753 -0.057520037718057526 0.007028112449799198 -0.002101281781886949 0.05430566330488751 0.08820998278829605 0.01440329218106996 -0.041714464490562105 0.06503723906430295 -0.11974720035480653 0.010421008753647352 -0.07422470767666497 -0.03074895673182517 -0.08470941453999571 0.07357714780350574 0.004150238638721726 0.01869158878504673 -0.09765819631290484 -0.053125 -0.15518506867987839 -0.04394726328405913 -0.11156292357418414 0.014965259219668625 -0.08254029908720138 0.06092688773471833 -0.05443154975865257 0.023710166919575115 -0.19685822231059852 -0.058673751798959374 -0.47640199888950585 -0.10875596493175008 -0.21437725736921825 0.028714240136126768 -0.08589767793090428 0.02789919092346322 -0.13948497854077252 -0.05950058525165821 -0.5135891286970423 -4.844886606760804 -2.1231468455794826 -0.2036175710594315 -0.13178537809852525 0.0019514098936481601 -0.11821847507331376 0.009554416746286806 0.0025505866349260324 -0.003593244699964067 -0.41779352793061647 -5.024729988896739 -3.0670184696569915 -0.22015241320914475 -0.18260048273690835 -0.008325624421831636 -0.053903345724907056 0.08511461456620563 0.025408348457350273 0.01896813353566009 -0.12037405491444489 -0.2665361183637946 -0.27143608627038407 -0.04693333333333334 -0.12274603519443841 0.030775149067128294 0.0030988534242330328 0.0792079207920792 0.05975288636823982 0.01024695153191926 -0.006475285991797972 0.05431168255375748 0.025575447570332484 0.003276182155727859 -0.020267987839207295 0.09742300439974858 -0.010746385306760453 0.07569950172479878 0.0902001315418585 0.06154720196951047 -0.07737969048123808 -0.05017246785826278 -0.18281151502416476 -0.01240576390876992 -0.10506492219248686 0.022260447232621678 0.0076886112445939455 0.08559769085299095 -0.031210986267166046 0.07282289875594214 -0.05802526906878802 -0.022787694644891762 -0.10489157841654059 0.051168179185170894 -0.08301180872208583
0.01659098847362906 -0.059907834101382486 0.04854368932038835 -0.020780202134693494 0.030517906830625618 -0.09934378417790739 0.03552217598700903 -0.10144321271700482 0.045800128240359075 -0.06883545497406883 0.01506024096385542 0.0031519226728304282 0.06095533636262884 0.09466437177280551 0.01954732510288066 -0.034414433204713726 0.0776250917864261 -0.11863842998115089 0.014589412255106297 -0.0732079308591764 -0.02635624862727872 -0.08256487239974265 0.09088941787491886 0.002075119319360861 0.025577963600590264 -0.11260587942202294 -0.048958333333333326 -0.1593792597252805 -0.03196164602477027 -0.11156292357418414 0.008551576696953498 -0.07768498737618953 0.06292449061126647 -0.03594536304816679 0.01896813353566009 -0.208789023662756 -0.08635004981733643 -0.5019433647973348 -0.12207302186216847 -0.20971688220901785 0.03190471126236307 -0.0915612610911837 0.04370873244675905 -0.14338665626219277 -0.05267264923917284 -0.5595523581135092 -5.8130081300813 -2.3666269884211664 -0.1974160206718346 -0.1328312937977199 0.010732754415064882 -0.11546920821114368 0.039086250325718754 0.004250977724876722 0.015271289974847288 -0.39727688146973794 -4.547289795094377 -2.523482849604221 -0.1841659610499577 -0.1742050582432574 -0.010175763182238668 -0.054832713754646836 0.0773769223329142 0.023593466424682397 0.0218133535660091 -0.11142061281337048 -0.20126196692776327 -0.22619673855865335 -0.033066666666666675 -0.12057353899630674 0.03654548951721485 0.005164755707055055 0.09067222511724857 0.06481669029775167 0.016395122451070807 -0.011871357651629616 0.07204610951008644 0.006671855887912826 0.0076444250300316706 -0.03377997973201216 0.09637544521265452 -0.012700273544353264 0.09294748945956306 0.08550220802405337 0.06912224221191175 -0.07843968624125504 -0.055398766593498495 -0.18491279680605172 -0.006680026720106881 -0.10110020814748735 0.021248608722047962 0.00864968765016819 0.09156962277296707 -0.033291718684977115 0.08698290684737534 -0.06083294337856808 -0.029434105582985187 -0.1059001512859304 0.06275342730256807 -0.08067344791301298
0.020957038071952493 -0.06175115207373272 0.04359025163463444 -0.021724756777179555 0.03321066331568082 -0.09660955158585491 0.03552217598700903 -0.10144321271700481 0.04488412567555189 -0.06506364922206506 0.019076305220883532 1.3877787807814458e-18 0.06760500942037016 0.09466437177280551 0.0360082304526749 -0.03128584836792157 0.08496800587433126 -0.1263998225967402 0.016673614005835762 -0.0813421453990849 -0.021963540522732264 -0.09114304096075487 0.06492101276779916 -0.011413156256484749 0.018691588785046735 -0.1325361235675137 -0.03749999999999999 -0.17825311942959005 -0.02696763883339992 -0.11573350015639663 0.0032068412613575612 -0.07185861332297533 0.0449460647223332 -0.02875629043853343 0.016122913505311077 -0.2306621594750448 -0.1394885420126204 -0.5297057190449751 -0.12318277660636998 -0.2097168822090178 0.041476124641072 -0.10949594109873513 0.04463870547754115 -0.1609442060085837 -0.040967616074912214 -0.6145083932853718 -6.7747111681643135 -2.583053782058219 -0.1891472868217054 -0.15061186068402888 0.018538393989657526 -0.11180351906158359 0.038217666985147225 0.006801564359802756 0.026949335249730512 -0.3748950853305978 -3.9951549409508424 -2.052770448548812 -0.15241320914479256 -0.17210620211984468 -0.011100832562442181 -0.053903345724907056 0.06480317245381564 0.02631578947368421 0.024658573596358115 -0.1014723438121767 -0.16644908616187987 -0.20515518148342976 -0.022399999999999993 -0.12057353899630674 0.04904789382573572 0.011362462555521124 0.10526315789473684 0.06279116872594694 0.036889025514909315 -0.017267429311461257 0.09088893815118598 -0.020015567663738465 0.02293327509009501 -0.04729197162481702 0.09847056358684267 -0.016608050019538884 0.0814488309697202 0.08362303861693132 0.07196288230281224 -0.08267966928132287 -0.05644402634054564 -0.1901660012607691 0.0019085790628876787 -0.09614431559123797 0.023272285743195387 0.03363767419509851 0.07365382701303871 -0.019766957969205155 0.09305148174370384 -0.045858680393074405 -0.02753513102924422 -0.07967725668179527 0.06178798995945164 -0.07365836548579448
0.020083828152287812 -0.04055299539170507 0.04953437685753913 -0.011334655709832813 0.03500583430571762 -0.08202697776157492 0.03755201461483811 -0.07634386111692112 0.04946413849958779 -0.048090523338048086 0.01706827309236948 -0.009455768018491278 0.0642801728914995 0.07530120481927711 0.03806584362139918 -0.04797163416414642 0.08496800587433126 -0.13859629670695198 0.012505210504376824 -0.08947635993899339 -0.02086536349659565 -0.07613124597898349 0.05842891149101925 -0.014525835235526044 0.007870142646335464 -0.13353263577478824 -0.05833333333333333 -0.18349585823634268 -0.036955653216140624 -0.1146908560108435 0.005344735435595936 -0.05923480287434453 0.04994007191370356 -0.02875629043853343 0.018019726858877087 -0.25551799562537286 -0.22141038414701647 -0.5541365907828985 -0.12429253135057153 -0.20156122567866713 0.03615867276401149 -0.11704738531244101 0.04184878638519483 -0.17460007803355443 -0.04486929379633243 -0.6594724220623502 -7.696833547282841 -2.776755762363381 -0.19224806201550387 -0.1579332705783914 0.019514098936481605 -0.10172287390029326 0.03213758360114653 0.010202346539704133 0.031440891124685594 -0.3422549659610184 -3.3885131725042905 -1.558839050131926 -0.132303132938188 -0.16266134956448736 -0.006475485661424607 -0.040892193308550186 0.05899990327884708 0.02631578947368421 0.024658573596358115 -0.08853959411062476 -0.14142732811140118 -0.17674907943187795 -0.016 -0.11079730610471432 0.03846893633391037 0.022724925111042245 0.09796769150599272 0.06684221186955641 0.04098780612767701 -0.010792143319663286 0.08534692972733318 -0.01334371177582564 0.0185650322157912 -0.04391397365161581 0.1005656819610308 -0.010746385306760453 0.07953238788807973 0.07328760687776004 0.07290976233311239 -0.08373966504133983 -0.07421344204034704 -0.18806471947888215 0.00668002672010688 -0.0951531370799881 0.04148537893352221 0.05382027871215761 0.07962575893301484 -0.016645859342488557 0.10518863153636086 -0.033692091717360796 -0.02753513102924421 -0.05849722642460918 0.06951148870438309 -0.06547410265403951
0.01659098847362906 -0.035944700460829496 0.03863681394888052 -0.014168319637291015 0.033210663315680816 -0.07655851257746991 0.030447579417436317 -0.07529805480025101 0.05038014106439498 -0.04903347477604904 0.013052208835341366 0.008405127127547806 0.04543943256123241 0.09251290877796903 0.037037037037037035 -0.028157263531129413 0.0765761040595825 -0.13416121521232952 0.008336807002917881 -0.08032536858159633 -0.032945310784098396 -0.06433626420759167 0.04111664141960614 -0.01867607387424777 -0.002951303492375801 -0.13353263577478827 -0.08125 -0.18454440599769323 -0.04095085896923691 -0.10947763528307788 -0.007482629609834313 -0.04758205476791609 0.04394726328405913 -0.02772928006572866 0.008535660091047042 -0.27142573076158283 -0.3653271338425772 -0.5952248750694059 -0.13982909776939295 -0.18758010019806592 0.02977773051153887 -0.11799131583915426 0.031619083046591646 -0.17167381974248927 -0.04974639094810769 -0.6824540367705836 -8.55477107402653 -2.9098582404501676 -0.20258397932816535 -0.15270369208241816 0.009757049468240804 -0.07331378299120236 0.019108833492573616 0.02975684407413705 0.027847646424721522 -0.2900307749696913 -2.765721207227213 -1.1366754617414245 -0.12806943268416598 -0.13957393220694722 -0.009250693802035154 -0.03810408921933085 0.05803269174968565 0.02087114337568058 0.024658573596358115 -0.07560684440907284 -0.1338120104438642 -0.16201998947922144 -0.014933333333333331 -0.10971105800564851 0.03846893633391037 0.02375787625245326 0.08858780614903597 0.05975288636823981 0.03381494005533354 -0.014029786315562273 0.07204610951008644 -0.015567663738463248 0.013104728622911435 -0.03603197838081297 0.09218520846427823 0.00195388823759281 0.061326178612495216 0.07234802217419901 0.0606003219392103 -0.06465974136103456 -0.10557123445176127 -0.16600126076906913 -0.005725737188663043 -0.07929428089999008 0.03844986340180108 0.054781355117731856 0.08161640290634022 -0.022888056595921764 0.11328006473146554 -0.02807674309780066 -0.047474363843524506 -0.05244578920827031 0.06468430198880093 -0.06196656144043026
0.01309814879497031 -0.041474654377880185 0.04854368932038835 -0.02172475677717956 0.04218651826586482 -0.07838133430550491 0.029432660103521774 -0.08366450533361222 0.0540441513236237 -0.055634134842055635 0.006024096385542169 -0.012607690691321704 0.050980826776016855 0.06454388984509465 0.03497942386831276 -0.042757326102826156 0.0744781286058953 -0.1408138374542632 -0.002084201750729471 -0.08540925266903913 -0.042828904019327915 -0.07827578811923655 0.0335425232633629 -0.028014110811371656 -0.008853910477127398 -0.1484803188839063 -0.109375 -0.21180664779280697 -0.0449460647223332 -0.12303200917526849 -0.011758417958311063 -0.05437949116333268 0.04694366759888134 -0.030810311184142958 0.005690440060698026 -0.30622390137204214 -0.4948522085685819 -0.6651860077734593 -0.15203639995560986 -0.20622160083886754 0.027650749760714667 -0.14064564848027186 0.04370873244675904 -0.1911822083495903 -0.048770971517752636 -0.7184252597921663 -9.249037227214377 -3.0191537712368794 -0.20671834625322996 -0.16525468047275388 0.009757049468240802 -0.07056451612903225 0.01997741683314514 0.039108995068865844 0.04042400287459576 -0.26112095495663523 -2.1520137276673053 -0.7926121372031661 -0.11219305673158339 -0.14272221639206634 -0.010175763182238668 -0.03810408921933085 0.046426153399748524 0.027223230490018145 0.0218133535660091 -0.0626740947075209 -0.13163620539599652 -0.1514992109416097 -0.017066666666666667 -0.10862480990658266 0.03173687247547606 0.014461315979754159 0.09692548202188642 0.04759975693741138 0.03996311097448509 -0.024821929635225556 0.057636887608069155 -0.034471255420882904 0.0207491536529431 -0.04391397365161581 0.07647182065786719 -0.004884720593982025 0.04982752012265236 0.06295217513858872 0.05207840166650886 -0.0688997244011024 -0.1243859098986098 -0.16495061987812565 -0.0095428953144384 -0.0783031023887402 0.02934331680663767 0.054781355117731856 0.08261172489300289 -0.030170620058260506 0.11429149388085365 -0.026204960224613945 -0.06266616027345234 -0.05345436207766011 0.059857115273218776 -0.06781246346311236
0.0043660495983234345 -0.04423963133640553 0.0396275014860313 -0.03211485784452631 0.03680100529575442 -0.08111556689755742 0.028417740789607227 -0.08784773060029283 0.051296143629202165 -0.061291843470061294 0.008032128514056224 -0.022063458709812987 0.05430566330488751 0.05593803786574871 0.0360082304526749 -0.05110021900093857 0.08077205496695687 -0.14303137820157447 -0.0020842017507294716 -0.09150991357397051 -0.05381067428069405 -0.0847094145399957 0.024886388227656348 -0.041502386387217274 -0.017707820954254796 -0.166417538614848 -0.13958333333333334 -0.2306805074971165 -0.0449460647223332 -0.13033051819414032 -0.023516835916622125 -0.060205865216546896 0.04194966040751099 -0.046215466776214444 -0.0018968133535660098 -0.35195863988864584 -0.8635004981733644 -0.7617990005552471 -0.16424370214182668 -0.21321216357916808 0.027650749760714667 -0.15008495374740422 0.04091881335441273 -0.1989855637924307 -0.04974639094810769 -0.7234212629896083 -9.453359007274283 -2.9542257331457638 -0.20465116279069764 -0.1788515845622843 -0.0009757049468240824 -0.062316715542521994 0.017371666811430556 0.04931134160856997 0.044017247574559826 -0.23687400913923345 -1.655395175128697 -0.6205804749340369 -0.09737510584250635 -0.13852450414524084 -0.006475485661424607 -0.045539033457249065 0.040622884224779957 0.013611615245009073 0.029400606980273136 -0.07162753680859532 -0.1392515230635335 -0.1462388216728038 -0.023466666666666667 -0.11188355420378016 0.030775149067128298 0.002065902282822024 0.09900990099009901 0.0435487137938019 0.044061891587252794 -0.03345564429095618 0.02881844380403456 -0.05448682308462137 0.02402533580867096 -0.05066996959801824 0.07856693903205533 -0.00781555295037124 0.04695285550019165 0.05167715869585643 0.05586592178770951 -0.07843968624125504 -0.1317027281279398 -0.16495061987812568 -0.004771447657219201 -0.08524135196748935 0.027319639785490235 0.04324843825084095 0.07564447098636409 -0.044735746982937995 0.1173257813290179 -0.03837154890032756 -0.06456513482719331 -0.05345436207766011 0.06564973933191737 -0.07248918508125804
0.010478519035976248 -0.053456221198156684 0.041608876560332866 -0.04628317748181733 0.03859617628579122 -0.0938753189938024 0.03653709530092357 -0.09412256850031375 0.0641201795365027 -0.07543611504007544 0.017068273092369475 -0.03467114940113469 0.07868779784993904 0.038726333907056786 0.04732510288065843 -0.06987172802169152 0.09545788314276722 -0.15079277081716375 0.004168403501458942 -0.09964412811387899 -0.03623984186250824 -0.10186575166202014 0.043280675178532776 -0.058103340942104176 -0.0019675356615838635 -0.19332336821126056 -0.15 -0.25584565376952917 -0.03296044746304434 -0.14388489208633093 0.009620523784072688 -0.06700330161196348 0.069916100679185 -0.046215466776214444 0.0218133535660091 -0.4006760787432889 -1.2930366434185765 -0.8739589117157134 -0.13871934302519143 -0.22602819526971923 0.02871424013612677 -0.1481970926939777 0.05393843578536221 -0.19215762777994536 -0.037065938353492006 -0.7014388489208632 -9.36777920410783 -2.8492587382317933 -0.19741602067183464 -0.18512707875745216 0.008781344521416722 -0.05590175953079178 0.020846000173716666 0.0535623193334467 0.06378009342436221 -0.21542478783922409 -1.2445745432522457 -0.5108179419525066 -0.06879762912785774 -0.13852450414524084 0.009250693802035151 -0.05483271375464684 0.05513105716220138 0.018148820326678767 0.05405918057663126 -0.07958615200955035 -0.12402088772845954 -0.1493950552340873 0.0032 -0.12709102759070173 0.04135410655895365 0.004131804565644046 0.1177696717040125 0.05063803929511849 0.05840762373193975 -0.03885171595078783 0.006650410108623365 -0.06894251084176582 0.03276182155727859 -0.0641819614908231 0.1016132411481249 -0.0068386088315748345 0.07282483710233807 0.048858404585173355 0.07669728245431304 -0.08797964808140768 -0.12334065015156266 -0.15969741542340826 0.015268632503101436 -0.08821488750123896 0.03136699382778509 0.03844305622296972 0.06370060714641188 -0.045776113191843534 0.11328006473146557 -0.03930744033692092 -0.06646410938093429 -0.0453857791225416 0.08399304885112956 -0.0759967262948673
0.020957038071952493 -0.05806451612903226 0.05151575193184069 -0.052895059979219804 0.047572031235975226 -0.09660955158585491 0.03755201461483811 -0.09830579376699436 0.06503618210130988 -0.08675153229608676 0.02911646586345381 -0.03256986761924774 0.08755402859359415 0.03657487091222031 0.06069958847736625 -0.07300031285848367 0.11014371131857756 -0.1552278523117862 0.016673614005835762 -0.1026944585663447 -0.032945310784098396 -0.09864893845164056 0.024886388227656354 -0.06121601992114547 -0.0059026069847516 -0.20229197807673144 -0.171875 -0.27681660899653976 -0.03495805033959249 -0.15222604525075595 0.004275788348476751 -0.06700330161196348 0.054934079105073905 -0.056485570504262096 0.00663884673748103 -0.4464108172598927 -1.8443484999446476 -0.9905607995558026 -0.1509266452114083 -0.2400093207503204 0.029777730511538876 -0.14819709269397768 0.04649865153910536 -0.19313304721030042 -0.03413968006242685 -0.6734612310151877 -9.069319640564828 -2.7345525376041553 -0.19328165374677003 -0.1861729944566468 0.018538393989657526 -0.0504032258064516 0.030400416920003483 0.047610950518619286 0.07006827164929932 -0.20236874009139233 -0.9548803876047242 -0.4517150395778364 -0.05927180355630821 -0.15111764088571725 0.02127659574468085 -0.052044609665427496 0.0589999032788471 0.025408348457350273 0.057852807283763276 -0.07162753680859531 -0.1327241079199304 -0.1399263545502367 0.009600000000000001 -0.13034977188789917 0.04327755337564916 -0.004131804565644044 0.11360083376758727 0.034433866720680564 0.06250640434470744 -0.043168573278653144 -0.013300820217246725 -0.08562215056154789 0.03713006443158239 -0.07994595203242877 0.11732662895453594 -0.009769441187964044 0.0891146032962821 0.03570421873531899 0.08427232269671434 -0.0900996396014416 -0.12856694888679837 -0.16284933809623872 0.031491554537646724 -0.0911884230349886 0.027319639785490235 0.0422873618452667 0.04379416741315816 -0.058260507698709954 0.09709719834125621 -0.03837154890032757 -0.07690846942650968 -0.04135148764498235 0.07530411276308167 -0.07015082427218519
0.022703457911281873 -0.05714285714285714 0.045571626708936004 -0.06139605176159442 0.04308410376088322 -0.09569814072183741 0.030447579417436317 -0.0993516000836645 0.06045616927727397 -0.09146628948609146 0.01706827309236948 -0.04202563563773903 0.07757951900698215 0.018287435456110158 0.04835390946502058 -0.08551465220565231 0.10909472359173397 -0.167424326421998 0.010421008753647352 -0.11082867310625318 -0.034043487810235015 -0.0922153120308814 0.02055832070980307 -0.05706578128242375 -0.020659124446630595 -0.21524663677130046 -0.21458333333333335 -0.2914962776554472 -0.04894127047542948 -0.16369513085184026 0.013896312132549443 -0.06506117692755875 0.05793048341989613 -0.06675567423230974 0.0037936267071320153 -0.48916285543845694 -2.4753680947636445 -1.10494169905608 -0.16091443790922208 -0.2423395083304206 0.018079336382005744 -0.13686992637341888 0.0381288942620664 -0.18142801404603984 -0.04486929379633242 -0.6364908073541167 -8.607188703465983 -2.5787252461854777 -0.20775193798449615 -0.17466792176550566 0.012684164308713042 -0.04582111436950146 0.03561191696343264 0.06121407923822479 0.0691699604743083 -0.18371724330877554 -0.7580498637327143 -0.3978891820580475 -0.061388653683319215 -0.14377164445377266 0.028677150786308968 -0.0483271375464684 0.05899990327884709 0.02177858439201452 0.057852807283763276 -0.0766016713091922 -0.12619669277632725 -0.1315097317201473 0.01386666666666667 -0.12383228329350422 0.03462204270051933 3.4694469519536144e-19 0.1188118811881188 0.05671460401053271 0.061481709191515535 -0.039930930282754164 -0.028818443804034578 -0.08562215056154789 0.036038003713006445 -0.07206395676162594 0.10370835952231301 -0.008792497069167642 0.09294748945956303 0.03006671051395283 0.07196288230281224 -0.10811956752172991 -0.14633636458659977 -0.17335574700567344 0.025765817348983682 -0.09911785112498761 0.02833147829606395 0.043248438250840945 0.036826913506519364 -0.05201831044527674 0.08799433599676344 -0.041179223210107634 -0.09115077857956702 -0.04639435199193141 0.06371886464568449 -0.06781246346311236
0.020083828152287812 -0.05714285714285714 0.04854368932038835 -0.05856238783413621 0.05026478772103042 -0.1011666059059424 0.036537095300923576 -0.10667224430035557 0.06686818723092426 -0.08958038661008957 0.015060240963855423 -0.023114099600756468 0.08422919206472348 0.03549913941480206 0.04938271604938272 -0.08447179059338825 0.11958460086016993 -0.17185940791662047 0.014589412255106293 -0.11184544992374172 -0.034043487810235015 -0.0922153120308814 0.010820168794633194 -0.05706578128242375 -0.022626660108214465 -0.2341803687095167 -0.24166666666666664 -0.3166614239278599 -0.04794246903715541 -0.16890835157960588 0.029930518439337257 -0.07088755098077297 0.057930483419896116 -0.08934990243401457 0.01327769347496206 -0.545834161861205 -3.1982729990036534 -1.2493059411438092 -0.14870713572300523 -0.2458347897005709 0.015952355631181536 -0.12837455163299977 0.05486840881614433 -0.1580179477175186 -0.03413968006242684 -0.5945243804956035 -8.011339323919554 -2.4164051509576883 -0.19638242894056845 -0.16630059617194853 0.02341691872377793 -0.04123900293255132 0.040823417006861804 0.06546505696310152 0.08264462809917357 -0.17532406975659798 -0.606641768446553 -0.36939313984168864 -0.03810330228619814 -0.14272221639206634 0.03515263644773358 -0.04646840148698884 0.05319663410387852 0.019056261343012703 0.0635432473444613 -0.0815758058097891 -0.12184508268059183 -0.135718043135192 0.02346666666666667 -0.11948729089724093 0.030775149067128294 0.0061977068484660655 0.11776967170401251 0.07393153737087299 0.056358233425555904 -0.03237642995898986 -0.043227665706051875 -0.08117424663627267 0.0393141858687343 -0.05629996622002026 0.11208883301906555 -0.01172332942555686 0.10923725565350709 0.016912524664098472 0.08900672284821513 -0.12401950392198431 -0.13274798787498693 -0.1828115150241647 0.03530871266342208 -0.10308256516998711 0.03035515531721137 0.045170591061989424 0.03085498158654325 -0.049937578027465665 0.09608576919186812 -0.04305100608329433 -0.08070641853399163 -0.05446293494704992 0.07820042479243097 -0.06079738103589384
0.025323087670275933 -0.05898617511520737 0.046562314246086776 -0.06234060640408048 0.05116237321604883 -0.0984323733138899 0.028417740789607227 -0.10353482535034511 0.05679215901804526 -0.08392267798208393 0.009036144578313254 -0.03256986761924774 0.0919871439654217 0.019363166953528393 0.04423868312757202 -0.09907185316508497 0.11329067449910837 -0.18294711165317662 0.009378907878282619 -0.1179461108286731 -0.03733801888864485 -0.10079348059189364 -0.004328067517853276 -0.062253579580825905 -0.03639940973930153 -0.2451420029895366 -0.2947916666666667 -0.33868092691622104 -0.07191370355573312 -0.17099363987071214 0.029930518439337257 -0.09030879782482036 0.0519376747902517 -0.118106192872548 0.002845220030349012 -0.6074766355140188 -4.082807483670984 -1.408106607440311 -0.1620241926534236 -0.25865082139112194 0.0031904711262363086 -0.12648669057957335 0.04277875941597693 -0.15996878657822866 -0.04291845493562232 -0.5495603517186252 -7.333119383825417 -2.222703170652527 -0.20258397932816535 -0.15793327057839135 0.018538393989657526 -0.03299120234604106 0.03995483366629028 0.07311681686787962 0.08623787279913762 -0.1529422736174578 -0.512768749369133 -0.32295514511873347 -0.03704487722269264 -0.12907965158988355 0.034227567067530065 -0.04460966542750929 0.05803269174968566 0.020871143375680582 0.06449165402124432 -0.08356545961002786 -0.12184508268059183 -0.1367701209889532 0.017066666666666667 -0.1140560504019118 0.025966532025389493 0.0010329511414110127 0.10838978634705576 0.06988049422726351 0.05328414796598013 -0.030218001295057202 -0.05874528929283972 -0.07895029467363504 0.03494594299443049 -0.05292196824681905 0.10789859627068929 -0.005861664712778429 0.10732081257186658 0.017852109367659498 0.08143168260581385 -0.12083951664193344 -0.15260792306888263 -0.1628493380962387 0.021948659223208322 -0.09812667261373773 0.02124860872204796 0.044209514656415184 0.028864337613217876 -0.04577611319184353 0.08597147769798727 -0.04492278895648105 -0.09115077857956702 -0.04740292486132123 0.06275342730256807 -0.05612065941774815
0.03056234718826406 -0.06543778801843318 0.04259956409748365 -0.06045149711910834 0.05205995871106722 -0.11119212541013487 0.029432660103521767 -0.11190127588370635 0.06137217184208117 -0.0961810466760962 0.008032128514056224 -0.03467114940113469 0.08866230743655104 0.029044750430292598 0.038065843621399184 -0.10637188445093335 0.11748662540648273 -0.196252356137044 0.009378907878282619 -0.12099644128113878 -0.03623984186250824 -0.10079348059189361 -0.0032460506383899593 -0.050840423324341154 -0.041318248893261196 -0.2650722471350274 -0.3458333333333333 -0.36279752542728316 -0.08689572512984418 -0.18142008132624338 0.04275788348476751 -0.10099048358904641 0.05693168198162205 -0.13556536921022902 -1.3877787807814458e-18 -0.6691191091668324 -5.044835602789771 -1.5646862853970016 -0.16757296637443125 -0.2703017592916229 -0.0031904711262363042 -0.11138380215216162 0.05579838184692644 -0.13363246195864226 -0.04389387436597737 -0.49760191846522783 -6.534017971758665 -2.0160155827291417 -0.19948320413436693 -0.15165777638322347 0.00585422968094448 -0.023826979472140762 0.0373490836445757 0.08416935895255909 0.08354293927416459 -0.1314930523174485 -0.4380740890279601 -0.2828496042216359 -0.04022015241320914 -0.12068422709623258 0.045328399629972246 -0.04275092936802974 0.07157365315794564 0.027223230490018145 0.07207890743550835 -0.08555511341026663 -0.11314186248912099 -0.12835349815886374 0.02346666666666667 -0.11840104279817512 0.006732063858434313 -3.4694469519536144e-19 0.08650338718082334 0.07798258051448248 0.03586433036171739 -0.025901143967191887 -0.09088893815118598 -0.07339041476704103 0.013104728622911435 -0.049543970273617836 0.11313639220615965 0.00390777647518562 0.10348792640858566 0.04040214225312412 0.08521920272701448 -0.11871952512189951 -0.15051740357478835 -0.15654549275057786 0.02194865922320832 -0.10209138665873725 0.023272285743195384 0.024987986544930323 0.03981287946650742 -0.04057428214731585 0.08698290684737534 -0.05428170332241461 -0.09589821496391948 -0.06454866364094805 0.05985711527321876 -0.05612065941774815
0.024449877750611245 -0.0792626728110599 0.033683376263126605 -0.06234060640408048 0.045776860245938425 -0.12304046664236237 0.016238709022632702 -0.1265425643170885 0.04763213336997345 -0.10372465818010372 0.007028112449799197 -0.019962176927926036 0.08755402859359414 0.0462564543889845 0.03189300411522634 -0.08655751381791635 0.12273156404070074 -0.18294711165317662 0.007294706127553147 -0.10676156583629892 -0.03514166483637162 -0.11794981771391808 -0.005410084397316599 -0.06847893753890849 -0.03738317757009346 -0.28998505231689087 -0.38333333333333336 -0.3963510537905001 -0.0928885337594886 -0.19497445521843396 0.04703367183324425 -0.12138279277529618 0.054934079105073905 -0.14070042107425285 -0.0018968133535660111 -0.7267846490355934 -5.97918742389018 -1.7223764575235978 -0.1686827211186328 -0.29243854130257485 0.0031904711262363073 -0.1028884274117425 0.06974797730865803 -0.1170503316426063 -0.037065938353492 -0.44564348521183056 -5.742404792468976 -1.796342387187534 -0.18604651162790697 -0.14433636648886095 0.010732754415064882 -0.01924486803519062 0.031269000260575004 0.0824689678626084 0.08623787279913764 -0.11377413037396251 -0.36741697789441813 -0.26068601583113454 -0.03492802709568163 -0.1196347990345262 0.0481036077705828 -0.04275092936802974 0.07931134539123706 0.02903811252268602 0.07871775417298939 -0.08257063270990848 -0.11096605744125328 -0.12940557601262495 0.0256 -0.12057353899630677 0.011540680900173109 -0.006197706848466067 0.08858780614903597 0.07696981972858011 0.03483963520852547 -0.021584286639326572 -0.09753934825980935 -0.07783831869231625 0.013104728622911435 -0.041661975002815 0.11418395139325373 0.00781555295037124 0.10157148332694518 0.04416048106736823 0.08427232269671434 -0.11235955056179774 -0.1390195463572698 -0.1544442109686909 0.020994369691764478 -0.10407374368123698 0.014165739148031976 0.00288322921672273 0.035831591519856675 -0.062421972534332085 0.08091433195104683 -0.0729995320542817 -0.09779718951766046 -0.0827029752899647 0.05406449121452017 -0.07482754589033087
0.023576667830946557 -0.08110599078341015 0.023776500891618778 -0.06895248890148295 0.04128893277084643 -0.12942034269048486 0.007104435197401809 -0.1307257895837691 0.039388110286708806 -0.10561056105610563 0.0 -0.024164740491699935 0.07647124016402526 0.05593803786574871 0.016460905349794237 -0.08551465220565231 0.11643763767963915 -0.18072957090586536 -0.004168403501458941 -0.10676156583629892 -0.03184713375796179 -0.134033883765816 0.002164033758926637 -0.08507989209379539 -0.03639940973930153 -0.32785251619332334 -0.4239583333333334 -0.4372444164831708 -0.10287654814222931 -0.20852882911062456 0.051309460181721014 -0.14371722664595069 0.04194966040751098 -0.16432165964876244 -0.007587253414264039 -0.7933982899184728 -6.960035425661464 -1.86340921710161 -0.17090223060703585 -0.3169055108936269 0.0031904711262363073 -0.09250519161789691 0.07067795033944016 -0.11119781506047599 -0.03413968006242685 -0.4106714628297362 -4.879118528027385 -1.5864083973595933 -0.17157622739018083 -0.14015270369208238 0.019514098936481608 -0.032074780058651026 0.03474333362286112 0.07906818568270703 0.09881422924901187 -0.1156392800522242 -0.29272231755324524 -0.24591029023746702 -0.023285351397121085 -0.11543708678770073 0.050878815911193344 -0.0446096654275093 0.07931134539123708 0.02994555353901996 0.08061456752655538 -0.07958615200955035 -0.10879025239338558 -0.11993687532877433 0.02346666666666667 -0.11622854660004345 0.013464127716868626 -0.010329511414110112 0.0969254820218864 0.07089325501316589 0.03586433036171739 -0.0226635009712929 -0.10086455331412103 -0.08117424663627264 0.010920607185759528 -0.04278797432721541 0.11523151058034779 -0.004884720593982023 0.10827903411268684 0.04979798928873438 0.09090048290881546 -0.1187195251218995 -0.1296122086338455 -0.1575961336415213 0.023857238286095997 -0.10803845772623648 0.010118385105737123 -0.004805382027871214 0.026873693639892504 -0.06034124011652101 0.06574289471022557 -0.07487131492746842 -0.09304975313330802 -0.08371154815935451 0.05696080324386947 -0.07833508710394013
0.020957038071952493 -0.07741935483870968 0.028729938577372695 -0.06234060640408047 0.03500583430571762 -0.12759752096244986 0.005074596569572723 -0.11190127588370635 0.03206008976825135 -0.0942951438000943 -0.002008032128514056 -0.017860895146039085 0.08533747090768037 0.058089500860585196 0.01954732510288066 -0.08342892898112421 0.12378055176754432 -0.1807295709058654 0.0020842017507294716 -0.1026944585663447 -0.02965077970568856 -0.12545571520480375 0.010820168794633194 -0.07470429549699108 -0.04131824889326119 -0.3447932237169905 -0.4708333333333334 -0.4498269896193771 -0.10886935677187375 -0.2054008966739652 0.06627471940138963 -0.1602252864633909 0.04894127047542949 -0.18178083598644346 -0.008535660091047044 -0.8560349970172995 -7.997343075390236 -1.980011104941699 -0.16091443790922208 -0.32389607363392753 0.005317451877060514 -0.08778553898433075 0.07253789640100436 -0.09364026531408506 -0.028287163480296536 -0.3667066346922462 -4.0265297389816 -1.3559138621361326 -0.1560723514211886 -0.12760171530174666 0.02536832861742609 -0.024743401759530794 0.05211500043429168 0.0918211188573372 0.10959396334890407 -0.09419005875221485 -0.2301403048349652 -0.21319261213720314 -0.009525825571549537 -0.09969566586210515 0.05180388529139686 -0.04553903345724907 0.1044588451494342 0.022686025408348458 0.09199544764795145 -0.08356545961002786 -0.09899912967798086 -0.10625986322987901 0.034133333333333335 -0.1140560504019118 0.02019619157530294 -0.014461315979754159 0.10317873892652422 0.07190601579906826 0.039963110974485086 -0.0226635009712929 -0.10086455331412106 -0.07339041476704103 0.0076444250300316706 -0.041661975002814995 0.12361198407710036 -0.0009769441187964043 0.13031812955155228 0.0610730057314667 0.10510368336331788 -0.1112995548017808 -0.11706909166927981 -0.1418365202773692 0.02958297547475903 -0.10506492219248686 0.02023677021147425 -0.0009610764055742411 0.03185030357320594 -0.05305867665418227 0.06473146556083746 -0.07206364061768836 -0.0759589821496392 -0.0665658093797277 0.06758061401815023 -0.06781246346311234
0.01921061823262312 -0.08663594470046083 0.02476718842876956 -0.05195050533673373 0.032313077820662416 -0.12942034269048489 3.469446951953614e-18 -0.12131353273373771 0.02748007694421544 -0.09523809523809523 -0.006024096385542169 -0.013658331582265182 0.07979607669289593 0.057013769363166954 0.015432098765432101 -0.09490040671602877 0.11014371131857759 -0.19514358576338836 -0.00416840350145894 -0.10167768174885614 -0.027454425653415326 -0.12652798627493028 0.007574118156243237 -0.0757418551566715 -0.04918839153959666 -0.37668161434977576 -0.55625 -0.48652616126664566 -0.11885737115461445 -0.21165676154728388 0.0694815606627472 -0.16896484754321225 0.04194966040751099 -0.17972681524083392 -0.009484066767830045 -0.8848677669516801 -8.706963356581424 -2.0233203775680173 -0.15758517367661748 -0.3273913550040778 0.005317451877060513 -0.07079478950349255 0.07904770761647911 -0.07120561841591884 -0.020483808037456107 -0.32374100719424465 -3.275566966195978 -1.163294015799156 -0.13850129198966407 -0.10668340131785378 0.03512537808566689 -0.023826979472140766 0.06253800052115002 0.09267131440231254 0.1158821415738412 -0.08766203487829899 -0.18269910164530134 -0.2068601583113457 0.0010584250635055025 -0.09339909749186694 0.05550416281221091 -0.03996282527881041 0.11122932585356418 0.039927404718693285 0.09484066767830046 -0.07162753680859531 -0.09791122715404701 -0.10625986322987901 0.0352 -0.11514229850097761 0.014425851125216377 -3.4694469519536144e-19 0.0979676915059927 0.08000810208628721 0.03586433036171739 -0.015109000647528598 -0.1075149634227444 -0.06449460691649062 -0.0021841214371519065 -0.039409976354014185 0.12361198407710035 0.009769441187964047 0.1360674587964737 0.07610636098844312 0.10415680333301772 -0.09963960144159424 -0.11811435141632695 -0.13133011136793443 0.02576581734898367 -0.0951531370799881 0.023272285743195387 0.015377222489187891 0.03483626953319399 -0.030170620058260506 0.06675432385961363 -0.05521759475900795 -0.05981769844284087 -0.05143721633888049 0.07530411276308169 -0.054951479013211735
0.020957038071952504 -0.0912442396313364 0.02575787596592035 -0.04344951355435911 0.03769859079077282 -0.12942034269048489 0.005074596569572721 -0.12549675800041832 0.029312082073829803 -0.0942951438000943 0.001004016064257028 -0.010506408909434755 0.07092984594924082 0.06346815834767641 0.017489711934156375 -0.09594326832829284 0.09860484632329801 -0.20290497837897772 -0.0031263026260942043 -0.1026944585663447 -0.023061717548868876 -0.1190220887840446 0.0032460506383899567 -0.06432869890018675 -0.05607476635514018 -0.40558046836073747 -0.6687500000000001 -0.5211282373912132 -0.12584898122253294 -0.21269940569283702 0.051309460181721014 -0.17867547096523595 0.02097483020375549 -0.18794289822327204 -0.023710166919575115 -0.9107178365480214 -9.283737407284402 -2.03775680177679 -0.16424370214182665 -0.3308866363742281 0.017015846006593636 -0.058523692656220504 0.07532781549335069 -0.05852516582130316 -0.017557549746390948 -0.2837729816147082 -2.6251604621309377 -0.9793312412076618 -0.13023255813953488 -0.09099466582993412 0.04195531271343546 -0.025659824046920826 0.06948666724572225 0.0901207277673865 0.1203736974487963 -0.0857968852000373 -0.14030483496517618 -0.20263852242744065 0.011642675698560543 -0.09234966943016057 0.04717853839037929 -0.03624535315985129 0.10736047973691847 0.04446460980036298 0.08535660091047041 -0.07063270990847592 -0.10443864229765014 -0.10310362966859547 0.02986666666666667 -0.10536606560938518 0.01057895749182535 -0.004131804565644046 0.09171443460135488 0.07899534130038485 0.036889025514909315 -0.01618821497949493 -0.10973176679228555 -0.06671855887912821 0.0021841214371519065 -0.03828397702961378 0.12256442489000627 0.007815552950371238 0.12073591414334994 0.07328760687776004 0.10320992330271754 -0.09963960144159426 -0.12020487091042123 -0.13027947047699096 0.023857238286096004 -0.09217960154623847 0.013153900637458266 0.023065833733781838 0.030854981586543245 -0.02496878901373283 0.06068574896328512 -0.048666354702854464 -0.05412077478161792 -0.03126575895108422 0.06758061401815023 -0.05027475739506606
0.00960530911631156 -0.08571428571428572 0.007925500297206262 -0.053839614621705854 0.023337222870478416 -0.12942034269048489 -0.006089515883487259 -0.11399288851704666 0.026564074379408265 -0.08486562942008488 -0.01004016064257028 -0.018911536036982556 0.0731464036351546 0.049483648881239246 0.004115226337448559 -0.11054333089998958 0.0744781286058953 -0.21066637099456703 -0.007294706127553147 -0.1077783426537875 -0.03733801888864485 -0.11687754664379155 0.005410084397316597 -0.06847893753890848 -0.07771765863256272 -0.4404583956153463 -0.8322916666666668 -0.5494390269476774 -0.14282860567319217 -0.21582733812949634 0.04382683057188669 -0.1864439697028549 0.02097483020375549 -0.201294033069734 -0.025606980273141122 -0.9296082720222708 -9.676740839145356 -2.0233203775680173 -0.16313394739762516 -0.32739135500407784 0.01807933638200574 -0.04058901264866906 0.0902073839858644 -0.040967616074912214 0.0009754194303550512 -0.2438049560351719 -2.052845528455285 -0.7899577967752408 -0.10852713178294575 -0.06903043614684658 0.02536832861742609 -0.024743401759530798 0.052983583774863195 0.09352150994728788 0.10959396334890407 -0.08113401100438308 -0.1130513778136671 -0.18891820580474938 0.009525825571549535 -0.08710252912162872 0.03422756706753007 -0.03438661710037174 0.10445884514943418 0.0471869328493648 0.0825113808801214 -0.0666534023079984 -0.10443864229765012 -0.08837453971593898 0.028800000000000003 -0.0901585922224636 0.0028851702250432764 0.0030988534242330336 0.0979676915059927 0.08608466680170143 0.036889025514909315 -0.008633714655730628 -0.10973176679228554 -0.055598799065940174 0.0054603035928797675 -0.02477198513680892 0.1005656819610308 0.017584994138335287 0.10061326178612495 0.08174386920980928 0.08521920272701448 -0.0922196311214755 -0.14111006585136404 -0.11662113889472576 0.005725737188663043 -0.08127663792248985 0.010118385105737124 0.026910139356078812 0.037822235493182046 -0.01664585934248855 0.06372003641144938 -0.04024333177351428 -0.043676414736042536 -0.014120020171457396 0.07626955010619811 -0.04910557699052964
0.003492839678658749 -0.08110599078341015 0.004953437685753913 -0.05761783319165013 0.011668611435239208 -0.13397739701057237 -0.017253628336547245 -0.11294708220037648 0.01832005129614363 -0.08580858085808582 -0.01606425702811245 -0.010506408909434755 0.07647124016402526 0.047332185886402756 0.001028806584362139 -0.11784336218583794 0.05874331270324136 -0.21399268211553385 -0.009378907878282616 -0.10676156583629892 -0.04722161212387437 -0.11902208878404459 -0.010820168794633194 -0.07470429549699108 -0.08853910477127397 -0.4753363228699551 -1.0322916666666666 -0.5945265806857502 -0.15381542149420693 -0.21374204983839012 0.02993051843933725 -0.1932414060982715 0.010986815821014781 -0.21259114717058641 -0.036039453717754175 -0.9415390733744283 -9.900365327133843 -1.9911160466407547 -0.17534124958384198 -0.3308866363742281 0.013825374880357334 -0.03114970738153671 0.0902073839858644 -0.039992196644557165 0.003901677721420209 -0.22282174260591528 -1.55862216516902 -0.64170544313386 -0.09819121447028425 -0.06798452044765192 0.02439262367060201 -0.008247800586510267 0.046034917050290974 0.0901207277673865 0.10689902982393103 -0.0718082626130747 -0.08781669526597356 -0.1751978891820581 0.009525825571549535 -0.07555882044285864 0.028677150786308975 -0.03717472118959107 0.10252442209111134 0.04627949183303086 0.07682094081942338 -0.06366892160764027 -0.1098781549173194 -0.08311415044713308 0.0224 -0.08798609602433195 -0.001923446816695519 0.007230657989877079 0.08963001563314225 0.0607656471541422 0.023567988523414286 -0.02050507230736024 -0.12968299711815562 -0.05115089514066497 -0.008736485748607619 -0.028149983110010136 0.09847056358684267 0.03126221180148495 0.07953238788807973 0.0864417927276144 0.08237856263611401 -0.07207971168115328 -0.14633636458659977 -0.08930447573019543 -0.00763431625155072 -0.0664089602537417 0.0030355155317211367 0.029793368572801536 0.044789489399820845 -0.021847690387016228 0.05967431981389704 -0.03182030884417409 -0.034181541967337636 0.004034291477559253 0.07530411276308167 -0.04209049456331112
-0.005239259517988123 -0.09032258064516129 -0.014860313057261742 -0.069897043543969 -0.0008975854950184013 -0.14855997083485234 -0.026387902161778137 -0.11922192010039741 0.006412017953650271 -0.09146628948609148 -0.02208835341365462 -0.028367304055473837 0.06760500942037018 0.024741824440619613 -0.00823045267489712 -0.1407863176556471 0.034616594985838675 -0.22951546734671244 -0.02709462275948312 -0.1128622267412303 -0.05381067428069405 -0.12974479948530987 -0.025968405107119674 -0.08092965345507366 -0.10034431874077716 -0.5311410064773294 -1.2333333333333332 -0.659536541889483 -0.16979624450659206 -0.22833906787613384 0.02137894174238375 -0.21072052825791418 0.01697962445065921 -0.222861250898634 -0.0436267071320182 -0.9494929409425333 -9.88486660024355 -1.9300388672959463 -0.1764510043280435 -0.3425375742747291 0.007444432627884717 -0.030205776854823486 0.08369757277038965 -0.053648068669527905 0.0019508388607101038 -0.1958433253397282 -1.1467693624304665 -0.5118493669516285 -0.0930232558139535 -0.06275494195167867 0.01073275441506488 -0.012829912023460413 0.04777208373143403 0.08757014113246048 0.09971254042400289 -0.06621281357828966 -0.07974159685071162 -0.1699208443271768 0.0031752751905165105 -0.07765767656627139 0.02497687326549491 -0.046468401486988845 0.09478672985781991 0.0426497277676951 0.06638846737481033 -0.07063270990847591 -0.11640557006092253 -0.08416622830089425 0.019200000000000002 -0.09233108842059526 -0.01346412771686863 0.004131804565644046 0.08441896821261073 0.04658699615150901 0.02049390306383851 -0.030218001295057202 -0.1440922190201729 -0.05448682308462136 -0.01747297149721524 -0.03265398040761176 0.08485229415461974 0.028331379445095745 0.062284400153315454 0.08550220802405338 0.06533472209071112 -0.06677973288106848 -0.16619629978049547 -0.086152553057365 -0.02004008016032064 -0.0664089602537417 -0.01315390063745826 0.024026910139356077 0.04279884542649547 -0.02808988764044944 0.04349145342368767 -0.02620496022461395 -0.044625902012913034 0.014120020171457387 0.06178798995945164 -0.043259674967847536
-0.0209570380719525 -0.0792626728110599 -0.016841688131563306 -0.0708415981864551 -0.013463782425276008 -0.15129420342690486 -0.03856693392875267 -0.1150386948337168 -0.003664010259228725 -0.0876944837340877 -0.03012048192771084 -0.019962176927926033 0.0642801728914995 0.043029259896729774 -0.018518518518518517 -0.1407863176556471 0.00629392636106158 -0.23284177846767928 -0.0323051271363068 -0.1098118962887646 -0.06918515264660663 -0.12545571520480378 -0.016230253191949793 -0.0757418551566715 -0.10526315789473684 -0.5779770802192328 -1.5260416666666665 -0.7046240956275558 -0.17379145025968834 -0.22208320300281512 0.016034206306787813 -0.197125655467081 0.020974830203755495 -0.2156721782890007 -0.04647192716236722 -0.9315967389142971 -9.719915864054022 -1.8112159911160464 -0.17201198535123738 -0.33671210532447865 0.011698394129533128 -0.01415895790069851 0.09950711429368549 -0.027311744049941473 0.012680452594615685 -0.16386890487609912 -0.8119383825417202 -0.3960610323558056 -0.0785529715762274 -0.04602029076456436 0.006829934627768564 -0.005498533724340178 0.052983583774863195 0.09097092331236185 0.1006108515989939 -0.055954490347850425 -0.06258201271828 -0.15408970976253303 0.009525825571549533 -0.06611396788750132 0.030527289546716 -0.03903345724907063 0.08898346068285133 0.04446460980036298 0.06449165402124432 -0.0716275368085953 -0.12510879025239338 -0.07680168332456601 0.024533333333333334 -0.08907234412339778 -0.01346412771686863 0.014461315979754159 0.09171443460135487 0.061778407940044563 0.019469207910646585 -0.01834664364342758 -0.1418754156506318 -0.0322473034582453 -0.019657092934367147 -0.013511991892804867 0.0827571757804316 0.04396248534583822 0.060367957071674985 0.09959597857746877 0.06438784206041095 -0.05193979224083104 -0.17142259851573116 -0.07039293969321288 -0.020994369691764478 -0.05055010407374368 -0.012142062126884548 0.02787121576165305 0.0408082014531701 -0.03537245110278817 0.03843430767674724 -0.02339728591483388 -0.03513102924420813 0.023197175995965706 0.05889167793010234 -0.04442885537238396
-0.028815927348934685 -0.08294930875576037 -0.020804438280166433 -0.0850099178237461 -0.017951709900368006 -0.15676266861100988 -0.03552217598700903 -0.11399288851704666 -0.008244023083264633 -0.08675153229608676 -0.035140562248995984 -0.014708972473208659 0.05430566330488751 0.02474182444061962 -0.03292181069958848 -0.15642924183960788 -0.025175705444246306 -0.22618915622574565 -0.046894539391413095 -0.09761057447890188 -0.0757742148034263 -0.12652798627493028 -0.012984202553559834 -0.09753060800996058 -0.10919822921790456 -0.6417538614848033 -1.9072916666666664 -0.7507601971269791 -0.17479025169796242 -0.21686998227504956 0.0085515766969535 -0.18838609438725967 0.009988014382740712 -0.20745609530656256 -0.04836874051593323 -0.9007755020878901 -9.294807926491751 -1.6668517490283175 -0.17201198535123738 -0.32389607363392753 0.0063809422524726146 -0.004719652633566168 0.08927741095508229 -0.04194303550526726 0.011705033164260631 -0.14788169464428458 -0.583012409071459 -0.3051617790282436 -0.07751937984496124 -0.026147892479866118 0.014635574202361206 -0.0027492668621700877 0.06427516720229307 0.076517599047781 0.10510240747394897 -0.05968478970437378 -0.04441304128394065 -0.149868073878628 0.017993226079593562 -0.06506453982579494 0.02775208140610546 -0.03810408921933085 0.07737692233291421 0.034482758620689655 0.059749620637329304 -0.07560684440907281 -0.1229329852045257 -0.07154129405576012 0.024533333333333334 -0.08038235933087116 -0.002885170225043279 0.020659022828220228 0.10422094841063054 0.04861251772331375 0.023567988523414282 -0.017267429311461257 -0.12857459543338506 -0.02446347158901368 -0.006552364311455716 0.00225199864880081 0.0827571757804316 0.05177803829620946 0.06036795707167497 0.07986469980268722 0.05397216172710917 -0.04981980072079712 -0.18710149472143828 -0.05358268543811725 -0.027674396411871353 -0.03370006938249579 -0.01315390063745826 0.03171552138395002 0.03185030357320594 -0.0509779442363712 0.035400020228582976 -0.02807674309780065 -0.025636156475503224 0.030257186081694403 0.0608225526163352 -0.043259674967847536
-0.027069507509605312 -0.08571428571428572 -0.027739251040221912 -0.09162180032114858 -0.01974688089040481 -0.16131972293109734 -0.03552217598700903 -0.12549675800041832 -0.0027480076944215457 -0.09618104667609619 -0.0321285140562249 -0.02731666316453036 0.04543943256123241 0.017211703958691905 -0.044238683127572016 -0.17832933569715298 -0.06608622679114655 -0.24836456369885793 -0.0531471446436015 -0.11184544992374175 -0.07138150669887987 -0.12331117306455071 -0.031378489504436266 -0.09441792903091928 -0.11805213969503196 -0.7184853014449428 -2.3677083333333337 -0.8031875851945056 -0.1697962445065921 -0.21791262642060266 0.008551576696953502 -0.18450184501845018 -6.938893903907229e-19 -0.20848310567936731 -0.04836874051593323 -0.865977331477431 -8.708070408502158 -1.5224875069405885 -0.17312174009543893 -0.32389607363392753 0.006380942252472615 0.0 0.07997768064726123 -0.035115099492781895 0.016582130316035892 -0.13089528377298162 -0.35301668806161746 -0.25538361649172164 -0.06718346253229973 -0.02405606108147683 0.016586984096009366 -0.004582111436950147 0.06340658386172153 0.08586975004250978 0.10869565217391305 -0.06621281357828966 -0.029272231755324517 -0.1562005277044855 0.030694326841659608 -0.06716339594920769 0.024976873265494907 -0.040892193308550186 0.07157365315794564 0.04174228675136117 0.05690440060698028 -0.07560684440907281 -0.1251087902523934 -0.07364544976328248 0.027733333333333332 -0.08689984792526614 -0.003846893633391038 0.018593120545398203 0.10005211047420533 0.04962527850921612 0.020493903063838508 -0.020505072307360244 -0.1330082021724673 -0.030023351495607697 0.0032761821557278593 -0.010133993919603648 0.08694741252880789 0.04787026182102384 0.054618627826753544 0.08174386920980928 0.055865921787709494 -0.05829976680093281 -0.19023727396257967 -0.054633326329060726 -0.020040080160320634 -0.03865596193874517 -0.01315390063745826 0.03748197981739548 0.027869015626555194 -0.03225135247607158 0.03641144937797107 -0.021525503041647166 -0.018989745537409803 0.03429147755925365 0.06275342730256805 -0.043259674967847536
-0.025323087670275933 -0.08479262672811058 -0.023776500891618785 -0.0906772456786625 -0.01795170990036801 -0.16496536638716736 -0.0345072566730945 -0.1328174022171094 0.0009160025648071799 -0.10278170674210278 -0.020080321285140562 -0.03151922672830426 0.04654771140418929 -0.0096815834767642 -0.04526748971193416 -0.20544373761601836 -0.08811496905486207 -0.2661048896773478 -0.04689453939141309 -0.12709710218607015 -0.07028332967274324 -0.12867252841518337 -0.03462454014282623 -0.09441792903091928 -0.12592228234136743 -0.7912306925759841 -2.903125 -0.8566635210233826 -0.16679984019176985 -0.22729642373058073 0.016034206306787813 -0.1679937852010099 0.020974830203755495 -0.18075382561363867 -0.035091047040971164 -0.8073175581626565 -7.8202147680726215 -1.3525818989450304 -0.15758517367661745 -0.3157404171035768 0.022333297883654155 0.0018878610534264692 0.08648749186273597 -0.03413968006242685 0.02243464689816621 -0.11390887290167866 -0.19469405220367997 -0.20885185585975546 -0.05581395348837208 -0.025101976780671477 0.015611279149185286 -0.004582111436950147 0.0686180839051507 0.0824689678626084 0.10510240747394899 -0.06807796325655133 -0.03230039366104774 -0.15725593667546175 0.03598645215918713 -0.0734599643194459 0.02590194264569843 -0.0362453531598513 0.0735080762162685 0.04718693284936479 0.06069802731411229 -0.08456028651014721 -0.12184508268059183 -0.07680168332456602 0.032 -0.0934173365196611 0.0076937872667820735 0.014461315979754155 0.08858780614903596 0.047599756937411385 0.024592683676606213 -0.02805957263112454 -0.12635779206384395 -0.0311353274769265 0.014196789341487392 -0.02251998648800811 0.09113764927718415 0.04982415005861665 0.05270218474511307 0.07328760687776004 0.05681280181800966 -0.06677973288106848 -0.19232779345667397 -0.05148140365623031 -0.017177211565989118 -0.041629497472494795 -0.011130223616310836 0.04613166746756366 0.018911117746591023 -0.029130253849354977 0.0343885910791949 -0.026204960224613945 -0.009494872768704903 0.03731719616742309 0.05599536590075303 -0.04559803577692038
-0.024449877750611245 -0.08847926267281106 -0.044580939171785225 -0.09728912817606498 -0.029620321335607214 -0.17681370761939483 -0.04770120775398355 -0.14850449696716167 -0.0018320051296143642 -0.11504007543611502 -0.020080321285140562 -0.02836730405547384 0.02549041338800842 -0.006454388984509468 -0.06481481481481481 -0.21691521535092292 -0.1290254904017623 -0.2661048896773478 -0.05939974989578991 -0.1260803253685816 -0.07687239182956293 -0.13939523911644863 -0.04544470893745943 -0.12346959950197137 -0.13871126414166254 -0.8839063278525161 -3.4791666666666665 -0.9038481702841565 -0.16679984019176985 -0.23355228860389948 0.010689470871191875 -0.15342785006797435 0.005992808629644426 -0.15302454554791 -0.03698786039453717 -0.7407039172797774 -6.758551976087679 -1.1793448084397558 -0.15980468316502053 -0.30175929162297566 0.026587259385302563 0.011327166320558812 0.08183762670882544 -0.031213421771361688 0.017557549746390944 -0.10091926458832934 -0.11232349165596918 -0.17638783681419762 -0.05478036175710593 -0.024056061081476832 0.019514098936481605 -0.010080645161290324 0.06080083384000695 0.07736779459275633 0.09971254042400288 -0.07740371164785972 -0.03431916826486323 -0.15831134564643798 0.044453852667231154 -0.07450939238115227 0.02960222016651249 -0.04275092936802974 0.06383596092465421 0.04809437386569873 0.05595599393019727 -0.08853959411062476 -0.12075718015665797 -0.07995791688584955 0.030933333333333334 -0.0977623289159244 0.0009617234083477581 0.013428364838343148 0.06774361646690982 0.039497670650192426 0.008197561225535405 -0.028059572631124546 -0.136333407226779 -0.026687423551651285 0.01092060718575953 -0.025897984461209327 0.0932327676513723 0.042985541227041825 0.03737064009198926 0.06295217513858872 0.05491904175740934 -0.07101971592113632 -0.1829204557332497 -0.05358268543811725 -0.009542895314438398 -0.039647140449995046 -0.01821309319032682 0.03459875060067275 0.012939185826614913 -0.03225135247607158 0.03337716192980682 -0.02807674309780065 -0.011393847322445883 0.03530005042864347 0.05309905387140375 -0.0467672161814568
-0.015717778553964373 -0.0847926267281106 -0.031702001188825046 -0.09634457353357892 -0.02872273584058881 -0.17316806416332484 -0.05988023952095809 -0.14222965906714077 0.0036640102592287254 -0.10655351249410654 -0.01506024096385542 -0.02836730405547384 0.03435664413166352 -0.002151462994836489 -0.07613168724279837 -0.23360100114714774 -0.1573481590265394 -0.25058210444616924 -0.05523134639433097 -0.11692933401118455 -0.0669887985943334 -0.13188934162556293 -0.04111664141960615 -0.1172442415438888 -0.15248401377274962 -1.0483308420528152 -3.514583333333333 -0.8713431896822901 -0.15381542149420696 -0.22416849129392138 0.016034206306787813 -0.1398329772771412 0.01797842588893328 -0.13351134846461948 -0.029400606980273143 -0.6631537084907536 -5.6946750802612645 -1.0083287062742918 -0.14648762623460215 -0.2784574158219737 0.03509518238859939 0.013215027373985277 0.08834743792430018 -0.02828716348029653 0.02926258291065158 -0.08493205435651478 -0.07702182284980744 -0.14175954983226924 -0.04134366925064599 -0.01673465118711432 0.022441213776953847 -0.0045821114369501495 0.06253800052115001 0.09012072776738651 0.1006108515989939 -0.069943112934813 -0.03532855556677097 -0.1445910290237467 0.04868755292125317 -0.06401511176408857 0.025901942645698423 -0.044609665427509285 0.06673759551213851 0.04627949183303085 0.05690440060698028 -0.0815758058097891 -0.11096605744125328 -0.0683850604944766 0.032 -0.08689984792526614 0.01057895749182535 0.013428364838343147 0.0802501302761855 0.04759975693741138 0.012296341838303108 -0.02050507230736024 -0.12857459543338506 -0.016679639719782056 0.02730151796439882 -0.010133993919603653 0.09847056358684265 0.0381008206330598 0.04120352625527021 0.06295217513858874 0.05586592178770951 -0.07313970744117024 -0.16410578028640116 -0.04622819920151292 0.0009542895314438429 -0.03667360491624542 -0.010118385105737123 0.029793368572801536 0.021897083706579078 -0.03017062005826051 0.03944573682613532 -0.02526906878802059 -0.008545385491834413 0.03530005042864347 0.050202741842054456 -0.04793639658599321
-0.017464198393293752 -0.07649769585253455 -0.022785813354468 -0.10012279210352319 -0.03231307782066241 -0.17407947502734233 -0.07916370648533441 -0.13386320853377956 0.0009160025648071813 -0.0942951438000943 -0.020080321285140562 -0.01155704980037823 0.028815249916879077 -0.013984509466437178 -0.09876543209876544 -0.257586818229221 -0.19196475401237806 -0.23173300809402372 -0.06044185077115464 -0.10676156583629892 -0.08236327696024599 -0.11794981771391806 -0.05410084397316599 -0.12969495746005397 -0.18396458435809146 -1.1659192825112108 -3.539583333333333 -0.8178672538534129 -0.154814222932481 -0.21374204983839018 0.017103153393907 -0.11846960574868907 0.025968837395125854 -0.1252952654821814 -0.024658573596358112 -0.58560349970173 -4.69168604007528 -0.8428650749583564 -0.14315836200199755 -0.2516602586508214 0.030841220886950977 0.027373985274683786 0.10043708732446759 -0.01560671088568084 0.035115099492781895 -0.07094324540367705 -0.0652545999144202 -0.11037766475489666 -0.024806201550387593 -0.007321409894362511 0.017562689042833445 0.005498533724340174 0.05993225049943542 0.08927053222241117 0.09522098454904779 -0.061549939382635456 -0.03936610477440193 -0.12031662269129287 0.04339542760372565 -0.05037254696190576 0.02220166512488437 -0.03438661710037174 0.05899990327884709 0.03629764065335753 0.05216236722306524 -0.0775964982093116 -0.11314186248912098 -0.05996843766438718 0.0288 -0.08038235933087115 0.015387574533564147 0.02479082739386427 0.07295466388744139 0.04759975693741138 0.007172866072343478 -0.009712928987696953 -0.11970738195522054 0.007783831869231625 0.032761821557278595 0.005629996622002023 0.08799497171590195 0.052754982415005855 0.04695285550019164 0.06107300573146669 0.049237761575608364 -0.06041975832096671 -0.15469844256297688 -0.028367304055473837 -0.00668002672010688 -0.03171771235999603 -0.012142062126884548 0.03267659778952427 0.027869015626555194 -0.033291718684977115 0.040457165975523415 -0.03182030884417407 -0.009494872768704903 0.023197175995965706 0.05502992855763662 -0.05027475739506605
-0.020083828152287812 -0.07004608294930875 -0.022785813354468002 -0.08973269103617645 -0.027825150345570416 -0.1731680641633248 -0.08423830305490713 -0.1349090148504497 0.002748007694421546 -0.09146628948609146 -0.019076305220883535 -0.0010506408909434785 0.02992352875983597 -0.015060240963855423 -0.10596707818930043 -0.26801543435186154 -0.20874855764187564 -0.2261891562257457 -0.05523134639433096 -0.09456024402643617 -0.07797056885569953 -0.12867252841518334 -0.050854793334776036 -0.14007055405685828 -0.19675356615838663 -1.2277030393622324 -3.4333333333333336 -0.7769738911607423 -0.13983220135837 -0.20331560838285895 0.022447888829502938 -0.10001942124684404 0.028965241709948065 -0.1098901098901099 -0.01422610015174507 -0.5170013919268244 -3.7717258939444256 -0.6962798445308161 -0.12873155032737765 -0.2306885704299196 0.026587259385302563 0.027373985274683783 0.10043708732446759 -0.019508388607101055 0.027311744049941473 -0.06294964028776977 -0.06632434745400084 -0.09089925332756195 -0.022739018087855303 -0.006275494195167869 0.029271148404722412 0.007331378299120232 0.06688091722400766 0.09522190103723856 0.10510240747394897 -0.05502191550871958 -0.02826284445341678 -0.1108179419525066 0.0550381033022862 -0.040927694406548434 0.027752081406105456 -0.029739776951672858 0.059967114808008516 0.03720508166969147 0.05974962063732929 -0.07063270990847594 -0.10879025239338555 -0.0483955812730142 0.030933333333333334 -0.07169237453834457 0.015387574533564147 0.033054436525152366 0.06878582595101615 0.044561474579704274 0.0010246951531919276 -0.01187135765162961 -0.11638217690090887 0.014455687757144444 0.025117396527246916 0.009007994595203241 0.10161324114812487 0.047870261821023836 0.054618627826753544 0.05543549751010053 0.06249408199981062 -0.058299766800932795 -0.12125013065746837 -0.032569867619247746 0.010497184845882242 -0.03171771235999603 -0.007082869574015986 0.025949062950504566 0.028864337613217876 -0.04057428214731585 0.04652574087185192 -0.033692091717360775 -0.002848461830611473 0.0151285930408472 0.05889167793010234 -0.05027475739506605
-0.01833740831295844 -0.0737327188940092 -0.014860313057261737 -0.08312080853877397 -0.019746880890404807 -0.17499088589135983 -0.08017862579924896 -0.1286341769504288 0.013740038472107724 -0.09335219236209336 -0.010040160642570283 0.0031519226728304274 0.02327385570209465 -0.018287435456110158 -0.11831275720164611 -0.27531546563770987 -0.21504248400293718 -0.21399268211553385 -0.0531471446436015 -0.09049313675648193 -0.07357786075115308 -0.1265279862749303 -0.04219865829906947 -0.1504461506536626 -0.22233152975897688 -1.243647234678625 -3.234375 -0.708818286672958 -0.12285257690771076 -0.1981023876550933 0.027792624265098875 -0.07865604971839191 0.028965241709948065 -0.07805278833316218 -0.008535660091047042 -0.4543646848279976 -2.9281523303442936 -0.5552470849528038 -0.10653645544334703 -0.20855178841896774 0.03084122088695097 0.03209363790824995 0.10973681763228867 -0.008778774873195474 0.03609051892313695 -0.04396482813749 -0.04920838682071031 -0.06384590412293042 -0.006201550387596898 0.004183662796778581 0.039028197872963216 -0.005498533724340176 0.08251541735429516 0.08927053222241116 0.1104922745238951 -0.061549939382635456 -0.025234682547693548 -0.10765171503957785 0.06456392887383573 -0.04407597859166754 0.03145235892691951 -0.02323420074349442 0.059967114808008516 0.04718693284936479 0.0616464339908953 -0.0626740947075209 -0.09355961705831159 -0.03682272488164123 0.037333333333333336 -0.0651748859439496 0.018272744758607424 0.04235099679785146 0.06774361646690985 0.05671460401053271 0.006148170919151555 0.00107921433196633 -0.10308135668366214 0.026687423551651285 0.0371300644315824 0.014637991217205267 0.1005656819610308 0.042008597108245414 0.05174396320429283 0.048858404585173355 0.05965344190891013 -0.06465974136103456 -0.10348071495766697 -0.03887371296490859 0.02099436969176448 -0.033700069382495784 -0.00910654659516341 0.026910139356078812 0.01990643973325371 -0.029130253849354977 0.04349145342368767 -0.03462798315395414 -0.0037979491074819627 0.019162884518406455 0.05696080324386947 -0.053782298608675304
-0.012224938875305628 -0.0728110599078341 -0.020804438280166433 -0.08406536318126004 -0.030517906830625614 -0.17225665329930734 -0.08525322236882169 -0.12340514536707806 0.01832005129614363 -0.0924092409240924 -0.00602409638554217 0.015759613364152134 0.007757951900698218 -0.021514629948364887 -0.12654320987654322 -0.2701011575763896 -0.21714045945662436 -0.18959973389511028 -0.03647353063776574 -0.08134214539908488 -0.07467603777728969 -0.10937164915290584 -0.03678857390175287 -0.15874662793110605 -0.2547958681751107 -1.1998006975585451 -3.019791666666667 -0.6144489881514104 -0.10886935677187375 -0.17620686059847773 0.03527525387493319 -0.060205865216546896 0.010986815821014783 -0.07805278833316218 -0.01232928679817906 -0.39471067806721016 -2.1974980626591387 -0.4342032204330927 -0.08434136055931638 -0.18408481882791564 0.03934914389024779 0.04342080422880875 0.10601692550916023 -0.007803355442840422 0.04291845493562232 -0.03497202238209433 -0.036371416345742404 -0.03679255491829888 0.0051679586563307504 0.014642819788725028 0.036101083032490974 0.0036656891495601153 0.06774950056457917 0.09352150994728786 0.10330578512396693 -0.050359041313065366 -0.022206520641970325 -0.09076517150395777 0.06456392887383575 -0.02623570154265925 0.034227567067530065 -0.017657992565055763 0.06093432633716994 0.03720508166969146 0.06544006069802732 -0.05968961400716276 -0.07615317667536989 -0.030510257759074177 0.04373333333333333 -0.06408863784488378 0.024043085208693978 0.05164755707055056 0.0594059405940594 0.05570184322463034 0.00717286607234348 0.008633714655730628 -0.08313012635779207 0.04114311130879573 0.044774489461614074 0.019141988514806887 0.10266080033521893 0.05861664712778429 0.045036412418551164 0.06013342102790566 0.06154720196951047 -0.04557981768072929 -0.08048500052262988 -0.016810254255095608 0.02767439641187136 -0.015858856179998014 0.005059192552868562 0.03171552138395002 0.004976609933313426 -0.038493549729504785 0.04551431172246385 -0.04024333177351427 0.009494872768704902 0.018154311649016642 0.06275342730256807 -0.05495147901321175
0.002619629758994062 -0.08018433179723503 -0.01882306320586487 -0.07839803532634362 -0.02064446638542321 -0.1713452424352898 -0.069014513346189 -0.13386320853377956 0.03664010259228726 -0.09806694955209806 0.002008032128514056 0.017860895146039082 -0.008866230743655107 -0.030120481927710847 -0.1286008230452675 -0.26697257273959746 -0.20560159446134482 -0.17518571903758728 -0.02501042100875365 -0.07524148449415352 -0.0593015594113771 -0.11258846236328543 -0.06059294524994589 -0.18261050010375598 -0.2754549926217412 -1.147982062780269 -2.6885416666666666 -0.5431477403795743 -0.08589692369157012 -0.17829214888958397 0.03741314804917156 -0.059234802874344517 -0.006991610067918497 -0.0739447468419431 -0.025606980273141122 -0.34301053887452776 -1.4734861064983946 -0.3498056635202665 -0.06991454888469648 -0.16194803681696374 0.04573008614272041 0.039645082121955826 0.09485724913977493 -0.0165821303160359 0.042918454935622324 -0.04396482813749001 -0.031022678647839107 -0.03571042095011362 0.01757105943152455 0.00836732559355716 0.04195531271343546 -0.0009164222873900292 0.04429775036914792 0.08161877231763305 0.09611929572403881 -0.062482514221766296 -0.017159584132431613 -0.10026385224274408 0.06138865368331923 -0.03672998215972295 0.03885291396854764 -0.023234200743494422 0.05513105716220138 0.04083484573502722 0.06544006069802732 -0.05372065260644647 -0.05439512619669279 -0.022093634928984744 0.04906666666666666 -0.06626113404301542 0.025004808617041734 0.05164755707055056 0.0594059405940594 0.04759975693741138 0.013321036991495033 0.0 -0.07204610951008647 0.033359279439564106 0.0535109752102217 0.01688998986600608 0.10999371464487744 0.047870261821023836 0.04503641241855117 0.04885840458517336 0.06912224221191174 -0.05511977952088191 -0.04912720811121564 -0.029417944946417314 0.04008016032064128 -0.02973535533749628 0.010118385105737124 0.024987986544930323 0.0009953219866626838 -0.03433208489388265 0.05158288661879236 -0.0374356574637342 0.008545385491834413 0.0151285930408472 0.07047692604749953 -0.054951479013211735
0.008732099196646876 -0.07096774193548387 -0.009906875371507827 -0.06517427033153868 -0.01795170990036801 -0.1613197229310973 -0.069014513346189 -0.12131353273373773 0.04854813593478062 -0.08675153229608674 0.00602409638554217 0.024164740491699935 0.02216557685913776 -0.021514629948364887 -0.10802469135802469 -0.25132964855563666 -0.18776880310500368 -0.15966293380640867 -0.00521050437682368 -0.07219115404168783 -0.0494179661761476 -0.10829937808277934 -0.04869075957584938 -0.18468561942311687 -0.2744712247909494 -1.0652715495764822 -2.2604166666666665 -0.45402118066477926 -0.06292449061126648 -0.16682306328849963 0.04596472474612506 -0.05340842882113032 0.005992808629644425 -0.0770257779603574 -0.03414264036418816 -0.2873334658977928 -0.8900697442710064 -0.2776235424764019 -0.04660969925646431 -0.14330653617616215 0.054238009146017216 0.04342080422880876 0.10694689853994233 -0.00390167772142021 0.04974639094810769 -0.03097521982414068 -0.0235344458707745 -0.025971215236446264 0.034108527131782945 0.007321409894362514 0.05171236218167626 -0.007331378299120237 0.06253800052115 0.08927053222241116 0.10779734099892205 -0.0578196400261121 -0.01009387301907742 -0.09920844327176781 0.06985605419136326 -0.03987826634484206 0.04347826086956522 -0.014869888475836429 0.06480317245381566 0.04355716878402903 0.06923368740515934 -0.04078790290489454 -0.03916449086161881 -0.014729089952656505 0.0576 -0.05865739734955464 0.025966532025389493 0.04235099679785145 0.08858780614903597 0.0536763216528256 0.03279024490214162 0.0010792143319663286 -0.05874528929283973 0.028911375514288885 0.06661570383313313 0.002251998648800811 0.11627906976744187 0.03712387651426339 0.0689919509390571 0.047918819881612326 0.09184736293911559 -0.05511977952088193 -0.010452597470471423 -0.033620508510191216 0.0620288195438496 -0.042620675983744666 0.014165739148031976 0.036520903411821244 0.017915795759928337 -0.029130253849354977 0.05360574491756852 -0.02339728591483388 0.011393847322445883 0.023197175995965706 0.07820042479243097 -0.04793639658599323
0.02008382815228781 -0.06543778801843317 6.938893903907229e-19 -0.061396051761594406 -0.010771025940220804 -0.15129420342690483 -0.05886532020704355 -0.10980966325036605 0.05312814875881653 -0.07826496935407826 0.01706827309236948 0.02416474049169993 0.02105729801618087 -0.019363166953528396 -0.09979423868312759 -0.24090103243299615 -0.15629917129969578 -0.14414014857523008 0.010421008753647352 -0.06609049313675648 -0.04502525807160114 -0.09007076989062834 -0.028132438866046307 -0.18468561942311687 -0.26660108214461387 -0.9606377678126556 -1.741666666666666 -0.354409143336479 -0.04894127047542949 -0.1470128245229903 0.03848209513629075 -0.03981355603029714 0.006991610067918495 -0.07599876758755263 -0.044575113808801206 -0.23662756015112354 -0.4638547547879995 -0.20766240977234868 -0.02663411386083676 -0.1095188162647093 0.06912687440178666 0.048140456862374933 0.09671719520133916 -0.006827936012485369 0.04486929379633243 -0.028976818545163867 -0.00962772785622593 -0.01082133968185261 0.0434108527131783 0.01255098839033574 0.05463947702214851 -0.010997067448680353 0.06948666724572222 0.08501955449753443 0.10959396334890407 -0.05688706518698126 0.0060563238114464514 -0.09287598944591029 0.07832345469940728 -0.03987826634484206 0.045328399629972246 -0.014869888475836429 0.05222942257471709 0.03357531760435572 0.06259484066767831 -0.03780342220453641 -0.029373368146214097 -0.00841662283008943 0.056533333333333324 -0.04996741255702803 0.0423158299673014 0.0371862410907964 0.08025013027618552 0.04253595300789953 0.03996311097448509 0.0021584286639326584 -0.03325205054311682 0.038919159346158125 0.06552364311455718 0.0033779979732012147 0.11837418814163003 0.039077764751856196 0.07474128018397852 0.050737573992295414 0.08900672284821513 -0.04027983888064447 0.008362077976377131 -0.01786089514603908 0.059165950949518084 -0.026761819803746652 0.017201254679753107 0.03940413262854397 0.02587837165322982 -0.029130253849354977 0.05360574491756853 -0.018717828731867104 0.01234333459931637 0.02723146747352496 0.07916586213554741 -0.03975213375423828
0.021830247991617188 -0.0663594470046083 0.007925500297206262 -0.06234060640408047 -0.003590341980073604 -0.14582573824279985 -0.0487161270678981 -0.10039740640033465 0.06320417697169552 -0.07166430928807166 0.013052208835341366 0.02521538138264341 0.03324836528870664 -0.023666092943201378 -0.08024691358024692 -0.22108666179997916 -0.12168257631385712 -0.12085597072846213 0.03751563151313046 -0.055922724961870875 -0.04063254996705469 -0.07184216169847737 -0.024886388227656348 -0.1660095455488691 -0.25086079685194296 -0.8440458395615347 -1.1416666666666668 -0.2464087239173745 -0.024970035956851776 -0.11781878844750285 0.030999465526456438 -0.040784618372499505 -0.01897722732720735 -0.09653897504364793 -0.04931714719271623 -0.20680055677072975 -0.2369091110373077 -0.17434758467518047 -0.008878037953612252 -0.10136315973435861 0.05104753801978092 0.04625259580894846 0.08834743792430019 -0.017557549746390948 0.04291845493562232 -0.020983213429256596 -0.0010697475395806608 -0.0010821339681852606 0.05478036175710595 0.024056061081476836 0.06146941164991706 -0.015579178885630502 0.0564579171371493 0.0884203366774358 0.1104922745238951 -0.055954490347850404 0.02119713334006258 -0.08759894459102903 0.08784928027095681 -0.03463112603631021 0.04070305272895468 -0.010223048327137543 0.04352451881226423 0.03176043557168784 0.05880121396054629 -0.02586549940310386 -0.02067014795474325 0.0021041557075223553 0.06399999999999999 -0.03910493156636975 0.029813425658780535 0.043383947939262466 0.08441896821261075 0.04759975693741138 0.045086586740444724 0.017267429311461257 -0.018842828641099534 0.051150895140664954 0.0742601288631648 0.016889989866006084 0.12675466163838256 0.04298554122704181 0.07282483710233804 0.054495912806539516 0.09658176309061642 -0.03497986008055968 0.03658409114664994 -0.019962176927926033 0.07157171485828799 -0.03270889087124591 0.018213093190326823 0.03844305622296973 0.04279884542649547 -0.02184769038701623 0.06675432385961363 -0.0046794571829667725 0.01234333459931637 0.03731719616742309 0.08882023556671173 -0.031567870922483345
