0.03581411600279525 -0.06360619469026549 -0.03663729082087335 0.030248605728329707 0.016153639055909545 -0.07383773928896992 0.028420625253755594 -0.051244509516837476 0.03571101547477337 -0.04903809883062994 0.03717098653807514 -0.026268782179258165 0.0022163120567375892 0.1054897739504844 0.013367609254498711 -0.015649452269170576 -0.005242738806752648 -0.03882418191902384 -0.042681657297522387 -0.043721403152008134 0.04176742141129919 -0.008584612082841506 0.011898323418063819 0.009339975093399754 0.06591892955529319 0.0668262517454618 0.03022092538557733 -0.004196831392298817 -0.017965864856772134 -0.012522174684336845 0.020312165918323712 -0.11063664596273293 0.0009982032341784802 0.04006163328197226 0.034113522221169326 -0.02782470436251615 0.034280659073316386 -0.03776938458120417 0.049961141334517595 -0.01516742503791856 0.06384337092998511 -0.0981132075471698 0.0986046511627907 0.095703125 0.07802594362625573 -0.1277317632970761 0.04066345639379347 -0.16852111915307338 0.04859890393961327 -0.1608355091383812 0.02441167854701689 0.0009174311926605505 0.016507384882710686 0.15405566431185633 0.0853779095892873 0.07938731670869524 0.07881176113973933 -0.0031689025034329797 0.047659394196144886 0.036760844449112484 -0.06199685389099659 -0.08557343502929961 -0.21755946625410946 -0.06539509536784742 -0.09578907435508346 -0.08956115036322024 -0.05441288497116117 -0.06522196507468966 -0.036262798634812285 -0.049972840847365564 -0.059667019536137046 -0.18491735537190082 -0.25544781566051505 -0.20164150369844971 -0.09126333059885153 -0.15102481121898598 -0.04546966840412554 -0.14217483061201824 0.013110455588331701 -0.08667266996848266 -0.13513513513513514 -0.30963078726313736 -1.5919540229885059 -1.0297160052661276 -0.1922894761769442 -0.1708041587099512 -0.09521816469603431 -0.09885371753076033 -0.12027491408934707 -0.10614026386271203 -0.09715615828357455 -0.16516228154407525 -0.17812717683351575 -0.11447601207201583 -0.0778642936596218 -0.1608679386457164 0.01235271759787153 -0.1320032245062475 -0.01833976833976834 -0.10405705600374138
0.03581411600279525 -0.0765117994100295 -0.03465689672244777 0.02552226108327819 0.019743336623889433 -0.08021877848678213 0.025375558262281772 -0.06693160426688978 0.02930134603058328 -0.056582421727649934 0.03616636528028933 -0.015761269307554903 -0.013297872340425529 0.1022604951560818 0.013367609254498711 0.0010432968179447054 -0.015728216420257943 -0.03438713255684969 -0.042681657297522387 -0.03457041179461108 0.040668278742580784 -0.008584612082841506 -0.006489994591671171 0.028019925280199254 0.05411255411255411 0.07580291242768802 0.02188411838265944 -0.004196831392298816 -0.024952590078850184 -0.006261087342168422 0.023519350010690616 -0.11937111801242237 0.0009982032341784785 0.027734976887519254 0.029375533023784706 -0.02782470436251615 0.040915625345571166 -0.03776938458120417 0.0521816365049406 -0.015167425037918564 0.0691636518408172 -0.09339622641509433 0.08837209302325581 0.0927734375 0.07509997074027114 -0.1247380500948009 0.03531300160513644 -0.17392243707464622 0.05997311549994829 -0.16292428198433423 0.023435211405136217 -0.001834862385321101 0.009556907037358817 0.14724657417652565 0.07279590186033971 0.07378350611749324 0.07173891078104476 -0.0031689025034329797 0.05083668714255455 0.040962083814725346 -0.05829554918108635 -0.11440796205004186 -0.24753432604912012 -0.09264305177111717 -0.11475720789074353 -0.10747338043586427 -0.05550114267058439 -0.08626130864717022 -0.030930034129692835 -0.057577403585008145 -0.06640361851602349 -0.20557851239669422 -0.35554165363361484 -0.2796635930692066 -0.12407711238720262 -0.16720604099244873 -0.0632139292447599 -0.15550372098189494 0.001092537965694318 -0.09567762269248087 -0.16970458830923946 -0.3692127368626685 -2.268199233716475 -1.5770171149144254 -0.256701714502226 -0.20369191597708464 -0.13184053573297058 -0.1335576821958145 -0.14795723558610155 -0.12895546076778097 -0.09209594170630504 -0.18244670635682736 -0.20897601751418052 -0.1280049953168904 -0.09202143796137122 -0.16741488963711187 0.017103762827822118 -0.14913341394598953 -0.013513513513513518 -0.11457967964456917
0.03232005590496157 -0.0765117994100295 -0.040598079017724525 0.013233765006144243 0.023333034191869335 -0.08659981768459435 0.04060089321965084 -0.07216063585024055 0.03479534841131764 -0.058468502451904936 0.04219409282700422 -0.023116528317747194 -0.015514184397163119 0.08826695371367063 0.00822622107969152 -0.008346374543557643 -0.01887385970430953 -0.04991680532445923 -0.042681657297522387 -0.043721403152008134 0.03627170806770718 -0.009657688593196694 -0.004326663061114113 0.02490660024906601 0.05706414797323889 0.06882106523040096 0.02501042100875365 -0.009442870632672334 -0.02595069368200419 -0.005217572785140352 0.025657472738935216 -0.12907608695652176 -0.009982032341784786 0.016435541859270663 0.029375533023784706 -0.03776209877770049 0.03428065907331638 -0.04554543434792268 0.0566226268457866 -0.023334500058336254 0.06490742711215151 -0.1018867924528302 0.07534883720930233 0.0791015625 0.06339607919633278 -0.14270032930845222 0.020331728196896735 -0.19120665442367937 0.05066694240512872 -0.1723237597911227 0.02245874426325554 -0.008256880733944955 0.002606429192006951 0.12341475870286833 0.06380875348251999 0.07004763239002523 0.06567646761644944 -0.011619309179254252 0.04554119889853845 0.03886146413191892 -0.060146201536041465 -0.13580132080736676 -0.283310771610907 -0.12806539509536785 -0.1261380880121396 -0.11443924768633695 -0.05223636957231472 -0.08415737428992216 -0.027730375426621157 -0.055404671374253124 -0.06929073236454623 -0.2458677685950413 -0.4994265457199458 -0.3931502685175803 -0.1507383100902379 -0.1855447680690399 -0.06986802705999777 -0.16994335221592802 -0.004370151862777229 -0.10130571814497975 -0.1906557720511209 -0.4366087126391873 -3.0287356321839076 -2.0500282113974047 -0.29932746045278014 -0.2365796732442181 -0.15276760489693417 -0.16510674098222738 -0.17086674303169147 -0.1478027973415336 -0.09209594170630504 -0.19877088534664872 -0.22290775201512586 -0.1509001977312936 -0.09808878551926382 -0.1739618406285073 0.018053971873812236 -0.15316404675534057 -0.014478764478764483 -0.11925640126271483
0.039308176100628936 -0.08112094395280237 -0.01584315278740469 0.01134322714812364 0.030512429327829126 -0.09115770282588878 0.03958587088915957 -0.07843547375026146 0.028385678967127553 -0.055639381365522454 0.04621257785814748 -0.039928548912472425 -0.01218971631205674 0.08180839612486547 0.004113110539845758 -0.014606155451225875 -0.01677676418160847 -0.06544647809206877 -0.044763689360816164 -0.052872394509405174 0.03517256539898878 -0.01931537718639339 -0.025959978366684695 0.016604400166044003 0.04624163715072806 0.06183921803311391 0.017715714881200502 -0.018885741265344667 -0.028945004491466215 -0.007304601899196493 0.02779559546717982 -0.13295807453416147 0.00798562587342783 0.012326656394452995 0.029375533023784713 -0.04074331710225579 0.022116554240849278 -0.052210619862252824 0.041079160652825575 -0.019834325049585814 0.07448393275164929 -0.10283018867924527 0.0772093023255814 0.06640625 0.0575441334243636 -0.14170242490769386 0.020331728196896735 -0.19120665442367937 0.05480301933615965 -0.16710182767624018 0.021482277121374866 -0.011009174311926606 -0.01737619461337967 0.11064771469912334 0.050328030915790425 0.07098160082189223 0.06466606042235021 -0.010563008344776593 0.04871849184494811 0.04516332318033821 -0.059220875358563886 -0.1553343874988373 -0.29684780506671826 -0.15349682107175297 -0.13657056145675267 -0.11443924768633693 -0.05223636957231472 -0.0852093414685462 -0.030930034129692835 -0.048886474741988054 -0.06447887595034164 -0.2789256198347107 -0.6683348972995518 -0.5025838484142263 -0.17022149302707135 -0.20064724919093851 -0.07208605966507707 -0.17549705653671 -0.010925379656943077 -0.09680324178298064 -0.21055939660590822 -0.5020511818714593 -3.804597701149425 -2.474139552379161 -0.34858387799564267 -0.26522384892849565 -0.1705556136863032 -0.19034598801135766 -0.19091256204658266 -0.16565816883245707 -0.08703572512903554 -0.20837334357595544 -0.23584436262314656 -0.17587678218336975 -0.10617858226312063 -0.1851851851851852 0.008551881413911059 -0.15316404675534057 -0.023166023166023165 -0.12159476207178768
0.03581411600279526 -0.08204277286135694 -0.029705911476383795 0.0056716135740618205 0.020640761015884412 -0.09115770282588878 0.03349573690621193 -0.07111482953357037 0.021060342459481733 -0.05092417955488495 0.03817560779586096 -0.03992854891247242 -0.023271276595744683 0.09149623250807322 -0.003084832904884318 -0.010432968179447055 -0.024116598511062175 -0.06766500277315585 -0.046845721424109935 -0.05083884087442807 0.020883710705649594 -0.02360768322781414 -0.04002163331530557 0.0228310502283105 0.03345139708776072 0.06383403151805307 0.013547311379741555 -0.011541286328821742 -0.036929833316698274 1.3877787807814458e-18 0.023519350010690616 -0.13684006211180122 -0.001996406468356958 -0.002054442732408843 0.0180043589500616 -0.04471827486832952 0.015481587968594493 -0.05776494112419463 0.032197179971133555 -0.024501225061253067 0.06384337092998509 -0.10283018867924527 0.061395348837209304 0.060546875 0.043889593289768845 -0.15068356451451953 0.006420545746388442 -0.20200929026682513 0.046530865474097814 -0.1785900783289817 -0.006835269993164731 -0.02018348623853211 -0.03909643788010426 0.09788067069537834 0.02696144513345915 0.06724572709442421 0.042437102152167325 -0.00422520333791064 0.03283202711289981 0.048314252704547846 -0.07495142037568245 -0.17393730815738068 -0.3509959388899633 -0.184377838328792 -0.16976479514415782 -0.12140511493680961 -0.06747197736423985 -0.08100147275405009 -0.046928327645051185 -0.044541010320478004 -0.0818015590414782 -0.3192148760330578 -0.9196121363778543 -0.618097071638464 -0.20713699753896636 -0.21359223300970873 -0.08317622269047353 -0.1866044651782739 -0.026220911176663385 -0.10468257541647905 -0.23989105384454223 -0.5694471576479782 -4.56992337164751 -2.9095354523227384 -0.38552619115278963 -0.3108423509441969 -0.18520456210107775 -0.22610158796929225 -0.20523100420007637 -0.19244122606884234 -0.09007185507539722 -0.22085653927405416 -0.26569807941088663 -0.20397543969195545 -0.12943674790170898 -0.19547325102880658 0.0019004180919802327 -0.15719467956469163 -0.029922779922779925 -0.1297790249035426
0.037561146051712097 -0.08019911504424779 -0.03366669967323497 0.005671613574061819 0.02333303419186934 -0.08477666362807658 0.03755582622817701 -0.07320644216691068 0.024723010713304645 -0.04903809883062995 0.033152501506931886 -0.03572554376379111 -0.02881205673758866 0.09149623250807322 0.00102827763496144 -0.010432968179447054 -0.02516514627241271 -0.059900166389351084 -0.042681657297522387 -0.045754956786985254 0.015387997362057593 -0.028973065779590086 -0.03353163872363439 0.019717725197177256 0.03935458480913027 0.05784959106323558 0.01563151313047103 -0.018885741265344667 -0.03393552250723625 -0.009391631013252634 0.022450288646568315 -0.13295807453416147 -0.014973048512677181 -0.012326656394453012 0.01895195678953852 -0.045712014309847955 0.014375760256552031 -0.06443012663852477 0.033307427556345054 -0.02683467506708669 0.0649074271121515 -0.10849056603773584 0.05953488372093023 0.044921875 0.047790890471081635 -0.15567308651831155 0.0010700909577314038 -0.20633034460408334 0.05170096163788647 -0.17754569190600522 -0.005858802851284055 -0.01926605504587156 -0.05386620330147698 0.08851817175929869 0.026961445133459154 0.06724572709442421 0.04647873092856421 -0.008450406675821275 0.04024571065452235 0.048314252704547846 -0.08420468215045804 -0.18137847642079807 -0.39257397021852636 -0.21435059037238874 -0.18399089529590285 -0.12538561050850833 -0.07182500816193274 -0.08836524300441827 -0.05652730375426621 -0.047800108636610536 -0.08853815802136464 -0.34917355371900827 -1.2355333124804504 -0.7498226770696119 -0.2276456111566858 -0.20927723840345197 -0.09204835311079072 -0.1866044651782739 -0.03933136676499508 -0.10693381359747862 -0.25560444165095325 -0.6251220941590154 -5.290229885057472 -3.2828662779763027 -0.4139433551198257 -0.31508593252705286 -0.1967144501412577 -0.23872121148385736 -0.21286750668193966 -0.199384981648646 -0.09816820159902843 -0.22181678509698483 -0.2865956811623047 -0.22582995108752207 -0.13145919708767317 -0.19734380845491958 -0.0009502090459901205 -0.16122531237404272 -0.03474903474903475 -0.13796328773529756
0.0253319357092942 -0.09126106194690266 -0.06733339934646995 0.004726344645051517 0.00807681952795477 -0.08477666362807658 0.021315468940316683 -0.09203095586697345 0.0054940023807343655 -0.06129762353828744 0.03214788024914607 -0.03677629505096144 -0.04654255319148936 0.08503767491926803 -0.010282776349614395 -0.006259780907668232 -0.029359337317814826 -0.06988352745424294 -0.04372267332916927 -0.05795627859684799 0.012090569355902392 -0.04184998390385235 -0.037858301784748506 0.010377750103777502 0.03837072018890201 0.04887293038100938 0.012505210504376824 -0.034623858986465215 -0.03193931530092823 -0.02504434936867369 0.01710498182595681 -0.1436335403726708 -0.04591734877221002 -0.01129943502824859 -0.00284279351843078 -0.04869323263440326 -0.011058277120424637 -0.07331704065763163 0.015543466192961031 -0.029168125072920315 0.048946584379655246 -0.10471698113207546 0.02697674418604651 0.044921875 0.025358431678533112 -0.1496856601137611 -0.013911182450508291 -0.20308955385113964 0.038258711612035985 -0.17650130548302873 -0.007811737135045406 -0.025688073394495414 -0.0790616854908775 0.06809090135330667 0.014379437404511548 0.06164191650322219 0.040416287763968876 -0.012675610013731912 0.03600932005930947 0.0451633231803382 -0.10363653187748681 -0.20835271137568595 -0.4660607232643589 -0.24341507720254313 -0.214339908952959 -0.13135635386605632 -0.09685493524866687 -0.10414475068377867 -0.07145904436860068 -0.056491037479630635 -0.1164469252237513 -0.40392561983471076 -1.6724012094672087 -0.9463978113284022 -0.2748154224774405 -0.22869471413160736 -0.12310080958190084 -0.20881928246140175 -0.0677373538730471 -0.1316974335884737 -0.2734129478315525 -0.6759132643094354 -5.945402298850575 -3.5950724092533384 -0.45751633986928103 -0.3225122002970507 -0.2228732865962122 -0.25870228204858553 -0.2386407025582283 -0.21029659755976587 -0.10120433154539014 -0.23814096408680618 -0.32042989352174345 -0.2393589343323967 -0.15067246435433307 -0.19827908716797607 -0.01710376282782212 -0.16727126158806932 -0.042471042471042476 -0.14497837016251608
0.012229210342417888 -0.09494837758112094 -0.10397069016734331 0.0018905378580206071 -0.01076909270393969 -0.08021877848678213 0.0010150223304912693 -0.0951683748169839 -0.008241003571101548 -0.062240663900414925 0.03013863773357444 -0.03257328990228013 -0.053191489361702135 0.08934337997847147 -0.016452442159383036 0.005216484089723526 -0.03355352836321694 -0.058790904048807546 -0.042681657297522387 -0.049822064056939494 0.016487140030775994 -0.04184998390385235 -0.04651162790697674 0.009339975093399752 0.026564344746162927 0.0528625573508877 0.010421008753647352 -0.05141118455566048 -0.028945004491466208 -0.03443598038192632 0.022450288646568315 -0.1543090062111801 -0.053902974645637855 -0.013353877760657423 -0.006633184876338483 -0.0616118453741429 -0.015481587968594493 -0.08886914019106865 0.013322971022538026 -0.03500175008750438 0.047882528197488824 -0.11981132075471697 0.01953488372093023 0.041015625 0.026333755973861304 -0.1496856601137611 -0.013911182450508295 -0.2063303446040834 0.040326750077551446 -0.18381201044386425 -0.013670539986329461 -0.03394495412844037 -0.10686359687228494 0.05447272108264534 0.001797429675563944 0.0644438217988232 0.03637465898757199 -0.0232386183585085 0.031772929464096586 0.043062703497531774 -0.1064125104099195 -0.23439680029764673 -0.5202088570876039 -0.2815622161671208 -0.22287556904400607 -0.14329784058115233 -0.09903145064751333 -0.11466442247001896 -0.07252559726962457 -0.058663769690385656 -0.12414589548647867 -0.45661157024793386 -2.1874674173704514 -1.144999493363056 -0.2994257588187038 -0.23840345199568497 -0.13751802151491627 -0.2165944685104965 -0.07975527149568448 -0.14070238631247184 -0.2723653886444584 -0.725727681187732 -6.456896551724138 -3.8442730863268757 -0.4603580562659846 -0.3384256312327604 -0.21345610547242858 -0.2870964349563571 -0.23195876288659795 -0.22716000396786035 -0.09007185507539722 -0.24678317649318227 -0.3383421235943875 -0.25288791757727125 -0.14359389220345836 -0.20763187429854096 -0.006651463321930827 -0.18742442563482467 -0.03571428571428571 -0.15667017420788026
0.009608665269042626 -0.10140117994100295 -0.12674522229923754 0.01039795821911334 -0.017051063447904514 -0.07292616226071104 -3.989863994746656e-18 -0.10353482535034512 -0.005494002380734366 -0.06884194643530742 0.031143258991360258 -0.04203005148681307 -0.052083333333333336 0.08180839612486544 -0.020565552699228794 0.012519561815336464 -0.031456432840515886 -0.06544647809206879 -0.04059962523422861 -0.046771733604473814 0.010991426687183994 -0.05150767249704904 -0.05949161709031908 -0.009339975093399752 0.021645021645021644 0.0528625573508877 0.008336807002917883 -0.06505088658063161 -0.028945004491466215 -0.04278409683815089 0.01924310455420141 -0.15916149068322982 -0.07386703932920743 -0.009244992295839756 -0.01610916327110774 -0.05763688760806916 -0.01769324339267942 -0.09442346145301043 0.017763961363384036 -0.037335200093338 0.04788252819748884 -0.12641509433962264 0.010232558139534883 0.033203125 0.023407783087876714 -0.1486877557130027 -0.013911182450508291 -0.21605271686291458 0.0423947885430669 -0.18798955613577023 -0.017576408553852164 -0.05412844036697249 -0.13379669852302345 0.015320452804494015 -0.00539228902669183 0.05136826375268516 0.03536425179347277 -0.04542093588253935 0.03389112476170303 0.030458985400693202 -0.1110391412973073 -0.25672030508789884 -0.5724231289885902 -0.29881925522252495 -0.23994688922610016 -0.13633197333067965 -0.112090543040592 -0.11887229118451503 -0.07892491467576793 -0.06409560021727322 -0.13376960831488788 -0.5020661157024793 -2.692107183818163 -1.3557604620528927 -0.31480721903199343 -0.24163969795037757 -0.14417211933015417 -0.226591136287904 -0.08521796132415602 -0.14070238631247184 -0.2639849151477059 -0.7638210588005471 -6.784482758620689 -3.999435772051909 -0.44899119067917026 -0.33948652662847445 -0.20613163126504128 -0.311284046692607 -0.22527682321496756 -0.23707965479615117 -0.08703572512903553 -0.256385634722489 -0.3602348492387303 -0.26537620980330934 -0.1466275659824047 -0.20482603815937148 -0.00950209045990118 -0.19447803305118905 -0.03957528957528958 -0.16602361744417166
0.0061146051712089415 -0.10508849557522124 -0.15249034557877014 -0.04159183287645334 -0.023333034191869332 -0.07383773928896993 -0.0030450669914738144 -0.12026772641706758 -0.008241003571101548 -0.06978498679743492 0.034157122764717704 -0.04623305663549438 -0.05429964539007093 0.07642626480086115 -0.019537275064267355 0.017736045905059995 -0.026213694033763234 -0.07875762617859125 -0.034353529044347283 -0.05592272496187086 0.015387997362057593 -0.05579997853846978 -0.05083829096809085 0.005188875051888753 0.023612750885478158 0.05186515060841812 0.01354731137974156 -0.07554296506137866 -0.02195827926938816 -0.05008869873734738 0.021381227282446014 -0.1659549689440994 -0.09383110401277701 -0.08115048793014894 -0.024637543826400075 -0.06359932425717976 -0.0243282096649342 -0.10997556098644745 0.014433218607749532 -0.05016917512542294 0.04894658437965525 -0.13867924528301884 0.004651162790697677 -0.013671875 0.024383107383204913 -0.14270032930845228 -0.016051364365971106 -0.21605271686291455 0.048598903939613275 -0.18694516971279374 -0.015623474270090813 -0.06422018348623854 -0.14509122502172025 -0.051919312281896335 -0.0017974296755639426 0.044830484729616135 0.042437102152167325 -0.061265448399704235 0.03918661300571913 0.017855267303854637 -0.1064125104099195 -0.2864849781415682 -0.6217366080061884 -0.332425068119891 -0.22761760242792106 -0.14628321225992633 -0.10120796604635977 -0.1293919629707553 -0.06825938566552901 -0.0706137968495383 -0.12414589548647867 -0.5640495867768595 -3.243665936815765 -1.6151585773634611 -0.30455291222313374 -0.25458468176914784 -0.12753687479205944 -0.2610241030767522 -0.0721075057358243 -0.15646105357946868 -0.24198617221873037 -0.7560070326235593 -6.596743295019157 -3.826405867970661 -0.4082599223264185 -0.32887757267133455 -0.17788008789369045 -0.31864549374277 -0.19568537609774722 -0.2400555500446384 -0.0728671187126809 -0.262147109660073 -0.34829336252363424 -0.3122073056509522 -0.1405602184245121 -0.20389075944631502 -0.005701254275940708 -0.20656993147924224 -0.033783783783783786 -0.16719279784870805
0.01834381551362683 -0.10693215339233038 -0.1604119219724725 -0.04159183287645334 -0.0035896975679798964 -0.07110300820419327 0.014210312626877789 -0.11399288851704666 0.006409669444190092 -0.06129762353828744 0.051235684147076556 -0.05463906693285699 -0.04543439716312057 0.06135629709364908 -0.0071979434447300775 0.01564945226917058 -0.013631120897556883 -0.08430393788130894 -0.01873828856964397 -0.06405693950177935 0.02088371070564959 -0.052580749007404226 -0.04326663061114115 -0.00933997509339975 0.024596615505706413 0.052862557350887684 0.010421008753647352 -0.07239534151715454 -0.02495259007885018 -0.05634978607951581 0.03207184092366902 -0.16304347826086957 -0.0948293072469555 -0.08115048793014894 -0.014213967592153893 -0.05167445095895855 -0.014375760256552027 -0.09109086869584537 0.029976684800710564 -0.03150157507875394 0.058523090019153026 -0.1471698113207547 -0.005581395348837209 -0.0478515625 0.021457134497220327 -0.1576688953198284 -0.0149812734082397 -0.22793561629037487 0.048598903939613275 -0.19947780678851174 -0.018552875695732836 -0.06146788990825689 -0.17028670721112077 -0.051919312281896335 -0.004493574188909858 0.04856635845708415 0.041426694958068104 -0.057040245061793594 0.04024571065452235 0.01680495746245142 -0.11288979365226244 -0.31345921309645614 -0.7019918777799266 -0.3723887375113533 -0.212443095599393 -0.1512588317245497 -0.08161932745674176 -0.12413212707763517 -0.044795221843003406 -0.06409560021727322 -0.12125878163795592 -0.6146694214876033 -3.897403816077573 -1.8674637754585064 -0.3014766201804758 -0.2804746494066882 -0.12088277697682157 -0.2743529934466289 -0.06773735387304708 -0.16208914903196758 -0.2189398701026608 -0.7325649540925963 -6.293103448275862 -3.4135790859507247 -0.3770010419626788 -0.2991725015913431 -0.1590457256461232 -0.2944578820065201 -0.16895761741122564 -0.22120821347088584 -0.06679485881995749 -0.256385634722489 -0.3353567519156135 -0.3163700697262982 -0.129436747901709 -0.20202020202020204 -0.013302926643861651 -0.19649334945586458 -0.03474903474903475 -0.15550099380334387
0.01659678546470999 -0.1032448377581121 -0.1762550747598772 -0.04631817752150486 0.0026922731759849244 -0.07110300820419327 0.01928542427933414 -0.1066722443003556 0.010988004761468727 -0.05941154281403246 0.054249547920433995 -0.0630450772302196 -0.04210992907801418 0.054897739504843925 0.005141388174807198 0.008346374543557642 -0.002097095522701059 -0.08541320022185248 -0.009369144284821985 -0.0711743772241993 0.02308199604308639 -0.052580749007404226 -0.010816657652785288 -0.0352843503528435 0.03935458480913026 0.041891083183722325 0.01979991663192997 -0.07134613366907984 -0.0129753468410021 -0.05948032975060001 0.020312165918323712 -0.17080745341614906 -0.10880415252545421 -0.08012326656394451 -0.01705676111058467 -0.04173705654377423 -0.028751520513104062 -0.08442568318151523 0.023315199289441545 -0.023334500058336254 0.05213875292615451 -0.15943396226415094 -0.009302325581395349 -0.046875 0.019506485906563932 -0.1596647041213452 -0.006420545746388444 -0.22577508912174574 0.050666942405128736 -0.20678851174934726 -0.02538814568889757 -0.081651376146789 -0.17376194613379667 -0.081709081623968 0.006291003864473804 0.0326888951153451 0.056582802869556435 -0.0697158550755255 0.05825037068417708 -0.004201239365612857 -0.13139631720181363 -0.3432238861501256 -0.8025526977373815 -0.41961852861035415 -0.21908194233687403 -0.15125883172454974 -0.09250190445097399 -0.1251840942562592 -0.05012798634812286 -0.06952743074416078 -0.120296410355115 -0.6611570247933883 -4.642894380148055 -2.1065964130104367 -0.2901968826907301 -0.2934196332254585 -0.10202949983364758 -0.28657114295234926 -0.05244182235332676 -0.180099054479964 -0.19379844961240314 -0.7169369017386209 -5.908045977011495 -2.9904081248824523 -0.33342805721322344 -0.2875026522384893 -0.1255624149837815 -0.27658008202755285 -0.13172966781214202 -0.21823231822239858 -0.060722598927234084 -0.2583061263683503 -0.31147377848542146 -0.31741076074513475 -0.11224592982101327 -0.20295548073325853 -0.011402508551881413 -0.18641676743248692 -0.02316602316602317 -0.15550099380334387
0.020090845562543678 -0.09587020648967552 -0.1792256659075156 -0.039701295018432746 0.0008974243919949738 -0.05834092980856883 0.0060901339829476245 -0.10039740640033465 0.003662668253822909 -0.05469634100339495 0.04922644163150493 -0.057791320794367974 -0.04875886524822695 0.06889128094725512 0.0010282776349614393 0.026082420448617638 -0.0031456432840515887 -0.07653910149750418 -0.01145117634811576 -0.06609049313675648 0.030775994724115185 -0.04184998390385234 -0.01081665765278529 -0.036322125363221255 0.03345139708776072 0.046878116896070215 0.020842017507294707 -0.07344454936522925 -0.010979139634694084 -0.061567358864656155 0.025657472738935216 -0.1669254658385093 -0.1088041525254542 -0.08115048793014894 -0.019899554629015444 -0.034780880453145195 -0.027645692801061595 -0.0855365474339036 0.024425446874653055 -0.021001050052502628 0.05213875292615451 -0.1650943396226415 -0.013023255813953489 -0.0478515625 0.016580513020579342 -0.1496856601137611 -0.0021401819154628155 -0.22253429836880204 0.05583703856891738 -0.21305483028720626 -0.030270481398300946 -0.0834862385321101 -0.19548218940052128 -0.08426249042471701 -0.005392289026691831 0.0317549266834781 0.05456198848135798 -0.07182845674448084 0.055073077737767415 -0.0031509295242096434 -0.13787360044415656 -0.3636870988745233 -1.0481531618642428 -0.48501362397820175 -0.2304628224582701 -0.1552393272962484 -0.102296223745783 -0.12623606143488325 -0.05439419795221843 -0.07604562737642585 -0.11933403907227406 -0.6849173553719008 -5.410280471275153 -2.3153308339244094 -0.294298605414274 -0.29449838187702265 -0.10646556504380615 -0.30323225591469516 -0.05353436031902107 -0.19698334083746064 -0.177037502618898 -0.6544246923227194 -5.2538314176245215 -2.584164002256912 -0.3087998484417921 -0.2514322087842139 -0.10568169927801611 -0.2502891997055421 -0.11454753722794957 -0.20037694673147505 -0.05363829571905678 -0.2352602266180142 -0.28560055726938 -0.30180039546258713 -0.11527960359995955 -0.19453797231575012 -0.012352717597871533 -0.18037081821846032 -0.026061776061776065 -0.1473167309715889
0.016596785464709992 -0.07466814159292036 -0.19704921279334586 -0.031193874657340016 -0.004487121959974877 -0.044667274384685506 0.0030450669914738127 -0.07948128006693161 0.0027470011903671814 -0.03866465484722746 0.043198714084790035 -0.032573289902280124 -0.0565159574468085 0.08503767491926803 -0.007197943444730079 0.04277516953573292 -0.0073398343294537064 -0.04658901830282862 -0.010410160316468875 -0.04677173360447382 0.03407342273027038 -0.0268269127588797 0.0010816657652785308 -0.03009547530095475 0.04033844942935851 0.059844404548174746 0.03647353063776574 -0.05560801594795928 0.0 -0.05113221329437545 0.023519350010690613 -0.15625000000000003 -0.12677181074066685 -0.06779661016949153 -0.02463754382640007 -0.030805922687071458 -0.013269932544509566 -0.07887136191957343 0.03774841789719108 -0.01750087504375219 0.03830602255799106 -0.15471698113207547 -0.02976744186046512 -0.029296875 0.006827270067297377 -0.14270032930845225 -0.0064205457463884456 -0.21065139894134172 0.045496846241340094 -0.20887728459530025 -0.033199882823942976 -0.09174311926605505 -0.2154648132059079 -0.08681589922546601 -0.0017974296755639435 0.030820958251611096 0.06264524603415175 -0.0676032534065702 0.058250370684177086 -1.3877787807814458e-18 -0.14897751457388728 -0.3832201655659938 -1.3817443434538774 -0.555858310626703 -0.24468892261001515 -0.14727833615285105 -0.10556099684405267 -0.11887229118451506 -0.0575938566552901 -0.06952743074416078 -0.12414589548647867 -0.7004132231404958 -6.0535919090814305 -2.509879420407336 -0.2963494667760459 -0.29989212513484353 -0.1053565487412665 -0.30323225591469505 -0.05681197421610401 -0.19923457901846017 -0.15503875968992248 -0.5938659894510646 -4.542145593869732 -2.193906338160617 -0.26806858008904044 -0.2185444515170804 -0.0858009835722507 -0.22294668209065094 -0.09545628102329135 -0.1775617498264061 -0.04857807914178727 -0.22277703091991546 -0.2567419643745646 -0.26433551878447287 -0.10011123470522805 -0.17489711934156377 0.010452299505891294 -0.17331721080209594 -0.0028957528957528926 -0.13094820530807902
0.019217330538085255 -0.07282448377581122 -0.19902960689177146 -0.02930333679931941 -0.0017948487839899534 -0.038286235186873296 0.007105156313438899 -0.07843547375026147 0.004578335317278634 -0.02923425122595246 0.05224030540486237 -0.026268782179258165 -0.0410017730496454 0.0828848223896663 -0.004113110539845758 0.047991653625456446 -0.011534025374855825 -0.03993344425956739 -0.013533208411409536 -0.03965429588205389 0.05056056276104638 -0.02360768322781414 -0.0021633315305570585 -0.024906600249065998 0.05411255411255411 0.07281069220027928 0.046894539391413095 -0.05665722379603398 0.010979139634694081 -0.04382761139517897 0.024588411374812914 -0.15139751552795028 -0.13076462367738073 -0.05136106831022086 -0.02368994598692315 -0.017887309947331814 -0.011058277120424639 -0.06998444790046658 0.04329965582324859 0.0011667250029168117 0.04469035965098957 -0.15943396226415094 -0.027906976744186046 -0.0224609375 0.007802594362625574 -0.12872966769783453 -0.0010700909577314075 -0.20741060818839796 0.045496846241340094 -0.19425587467362923 -0.0283175471145396 -0.0963302752293578 -0.22762814943527365 -0.084262490424717 1.3877787807814458e-18 0.04950032688895115 0.06769728200464786 -0.06443435090313722 0.06884134717220929 0.016804957462451427 -0.15545479781623023 -0.422286298948935 -1.7791529684780507 -0.6721162579473207 -0.2541729893778452 -0.1542442034033237 -0.10991402764174556 -0.12623606143488325 -0.05332764505119455 -0.0706137968495383 -0.11933403907227406 -0.7138429752066116 -6.507142112397038 -2.6801094335798963 -0.29634946677604596 -0.3117583603020496 -0.10757458134634582 -0.3187826280128846 -0.05571943625040969 -0.2026114362899595 -0.1298973391996648 -0.5303770267630397 -3.8180076628352486 -1.7904833552755313 -0.23491522212749832 -0.17716953108423505 -0.07952286282306162 -0.19455252918287938 -0.07922871324933181 -0.15474655292133715 -0.04959012245724117 -0.20933358939888613 -0.22788337147974919 -0.2320740972005412 -0.0889877641824249 -0.15899738121960344 0.00950209045990118 -0.1682789197904071 -0.000965250965250964 -0.11224131883549633
0.013102725366876311 -0.07558997050147492 -0.20794138033468662 -0.02930333679931941 -0.0071793951359598 -0.035551504102096634 -0.004060089321965083 -0.07634386111692115 -3.122502256758253e-18 -0.02263296869105997 0.05525416917821981 -0.019964274456236202 -0.031028368794326237 0.08073196986006459 -0.0020565552699228786 0.05216484089723526 -0.008388382090804235 -0.03993344425956739 -0.012492192379762648 -0.03863751906456532 0.04506484941745438 -0.026826912758879707 -0.01406165494862088 -0.04151100041511 0.04329004329004328 0.06383403151805306 0.03647353063776574 -0.061903263036407495 0.005988621618924044 -0.0354794949389544 0.023519350010690616 -0.15236801242236023 -0.12477540427230985 -0.029789419619928093 -0.024637543826400075 -0.007949915532147467 -0.013269932544509566 -0.06554099089091314 0.04663039857888309 0.011667250029168127 0.03937007874015748 -0.1547169811320755 -0.028837209302325584 -0.0244140625 0.011703891543938357 -0.12972757209859292 0.01070090957731407 -0.20416981743545426 0.04446282700858237 -0.18798955613577023 -0.03319988282394297 -0.11284403669724771 -0.24239791485664636 -0.09788067069537834 -0.008987148377819717 0.043896516297749134 0.06567646761644944 -0.06971585507552551 0.07307773776742217 0.017855267303854637 -0.15360414546127507 -0.47902520695749234 -2.2500483465480565 -0.8092643051771118 -0.24753414264036425 -0.1572295750820977 -0.11100228534116878 -0.12623606143488325 -0.040529010238907856 -0.06300923411189571 -0.11644692522375133 -0.7283057851239668 -6.75112084245647 -2.7996757523558617 -0.2758408531583265 -0.3290183387270766 -0.09759343462348896 -0.33433300011107414 -0.04370151862777231 -0.20261143628995945 -0.10789859627068929 -0.47079507716350844 -3.1197318007662838 -1.4180929095354522 -0.19607843137254902 -0.15382983237852746 -0.053364026368107144 -0.17351982332527077 -0.06109201985490644 -0.13689118143041362 -0.03643355935634045 -0.20165162281544075 -0.18608816797691313 -0.1966906025600999 -0.0758418444736576 -0.14590347923681257 0.02090459901178259 -0.1521563885530028 0.006756756756756757 -0.08885771074476792
0.020964360587002098 -0.05530973451327433 -0.20200019803940986 -0.010397958219113339 0.0017948487839899482 -0.019143117593436648 0.004060089321965084 -0.04810709056682702 0.015566340078747364 -0.003772161448509994 0.06429576049829214 -0.03047178732793947 -0.005540780141843971 0.08934337997847147 0.014395886889460155 0.04381846635367762 0.0031456432840515887 -0.041042706600110924 -0.007287112221528213 -0.03152008134214539 0.04506484941745438 -0.0010730765103551879 -0.023796646836127637 -0.030095475300954754 0.04427390791027154 0.07879513265509674 0.044810337640683616 -0.03882069037876404 0.010979139634694083 -0.01669623291244913 0.032071840923669014 -0.13975155279503104 -0.12477540427230985 -0.02362609142270159 -0.014213967592153893 -0.000993739441518432 0.0044233108481698535 -0.0477671628526994 0.053291884090152106 0.01750087504375219 0.04256224728665674 -0.15849056603773587 -0.017674418604651163 -0.02734375 0.018531161611235733 -0.1337191897016266 0.01819154628143392 -0.2009290266825105 0.04342880777582463 -0.18798955613577023 -0.036129284249585 -0.12660550458715597 -0.25282363162467414 -0.10298748829687632 -0.004493574188909858 0.048566358457084145 0.07477013236334243 -0.06126544839970423 0.08578690955306081 0.02730805587648356 -0.14712686221893218 -0.5190214863733605 -2.704505898278863 -0.9673024523160763 -0.23615326251896818 -0.16519056622549508 -0.09467841984982044 -0.1251840942562592 -0.02879692832764505 -0.06626833242802825 -0.1058608411125012 -0.7107438016528924 -6.897091022833907 -2.8128483128989767 -0.25430680885972107 -0.32362459546925565 -0.08539425529555285 -0.3276685549261357 -0.03386867693652355 -0.18572714993246284 -0.07542426147077311 -0.419027153740965 -2.477969348659004 -1.100244498777506 -0.1581888794165009 -0.1326119244642478 -0.02929789682954902 -0.14091912924597752 -0.03436426116838488 -0.11605991469100285 -0.02934925614816314 -0.17668523141924333 -0.15424420340332373 -0.17275470912686022 -0.06572959854383657 -0.13655069210624765 0.032307107563664006 -0.13905683192261184 0.010617760617760617 -0.07365836548579445
0.040181691125087356 -0.05070058997050146 -0.17328448361223883 -0.0037810757160412155 0.021538185407879384 -0.024612579762989972 0.02639058059277304 -0.04183225266680611 0.03296401428440619 -0.0037721614485099935 0.08036970062286518 -0.03362404118945045 0.01662234042553191 0.06889128094725512 0.024678663239074552 0.03755868544600939 0.010485477613505295 -0.04104270660011093 0.0 -0.033553634977122514 0.04176742141129918 0.0010730765103551907 -0.02704164413196322 -0.04254877542548775 0.053128689492325853 0.0708158787153401 0.04168403501458941 -0.02937781974609171 0.008982932428386065 -0.017739747469477197 0.03848620910840282 -0.13198757763975152 -0.12777001397484528 -0.029789419619928093 -0.0066331848763384795 0.0029812183245553014 0.0121641048324671 -0.036658520328815815 0.057732874430998116 0.019834325049585814 0.05533092147265375 -0.15849056603773587 -0.0065116279069767444 -0.0400390625 0.022432458792548522 -0.13870871170541862 0.019261637239165328 -0.1944474451766231 0.045496846241340094 -0.17963446475195824 -0.036129284249585 -0.13944954128440368 -0.2580364900086881 -0.12171248616903566 -6.938893903907229e-19 0.04016064257028112 0.07578053955744164 -0.05175874088940531 0.09002330014827369 0.025207436193677137 -0.13787360044415656 -0.5748302483489909 -3.2469541674724427 -1.1607629427792916 -0.23046282245827016 -0.18608816797691313 -0.07726629665904886 -0.13991163475699558 -0.017064846416382257 -0.08690928843020099 -0.0866134154556828 -0.690082644628099 -6.787613387550829 -2.784476644036883 -0.23174733388022967 -0.33117583603020495 -0.0676499944549185 -0.33322225924691773 -0.012017917622637386 -0.19473210265646104 -0.05237795935470354 -0.3643289705020512 -1.9578544061302683 -0.8576264810983638 -0.13924410343847685 -0.11882028431996605 -0.02825154337135084 -0.10937007045956464 -0.02672775868652157 -0.09919650828290845 -0.023276996255439737 -0.16804301901286728 -0.11045875211463826 -0.16442918097616815 -0.06269592476489028 -0.13561541339319116 0.03325731660965412 -0.12293430068520757 0.013513513513513514 -0.07482754589033087
0.041055206149545775 -0.04609144542772862 -0.16734330131696207 -0.008507420361092734 0.024230458583864314 -0.03281677301731996 0.029435647584246848 -0.037649027400125504 0.031132680157494735 -0.0037721614485099948 0.081374321880651 -0.035725543763791105 0.018838652482269506 0.05166846071044133 0.021593830334190232 0.02816901408450704 0.011534025374855825 -0.039933444259567394 0.0 -0.044738179969496694 0.05385799076720158 -0.0010730765103551879 -0.02812330989724175 -0.050850975508509755 0.056080283353010615 0.06283662477558348 0.044810337640683616 -0.027279404049942297 0.012975346841002095 -0.020870291140561405 0.03634808638015822 -0.13198757763975152 -0.12976642044320225 -0.044170518746789934 -0.007580782715815408 -0.01192487329822121 0.006634966272254782 -0.0344367918240391 0.048850893749306096 0.010500525026251315 0.047882528197488824 -0.16320754716981134 -0.020465116279069766 -0.033203125 0.011703891543938359 -0.13870871170541862 0.017121455323702513 -0.19336718159230853 0.03929273084479372 -0.17650130548302873 -0.040035152817107705 -0.16055045871559634 -0.29626411815812337 -0.132777257638948 -0.010784578053383663 0.028953021387877087 0.07578053955744163 -0.04964613922044999 0.08366871425545437 0.016804957462451423 -0.13694827426667902 -0.630639010324621 -3.897698704312512 -1.3732970027247957 -0.2342564491654021 -0.20997114140710518 -0.0652954619653934 -0.15569114243635598 -0.014931740614334471 -0.09560021727322107 -0.07795207391011452 -0.6704545454545453 -6.585340423313523 -2.690242172459216 -0.22251845775225595 -0.3419633225458468 -0.05434179882444272 -0.34210818616016886 0.0010925379656943092 -0.20823953174245835 -0.0534255185417976 -0.31646806016800155 -1.5593869731800765 -0.6686101184878691 -0.13640238704177324 -0.11669849352853812 -0.02929789682954902 -0.09359554106635817 -0.03340969835815196 -0.10018847336573752 -0.018216779678170227 -0.16036105242942192 -0.06965867250472685 -0.14777812467478407 -0.053594903428051364 -0.13655069210624765 0.04180919802356518 -0.11487303506650544 0.021235521235521238 -0.0713200046767216
0.0506638714185884 -0.050700589970501475 -0.14159817803742944 -0.012288496077133951 0.03948667324777889 -0.03828623518687328 0.03958587088915956 -0.036603221083455345 0.04578335317278638 -0.00754432289701999 0.07836045810729356 -0.023116528317747194 0.04210992907801418 0.058127018299246505 0.02982005141388174 0.023995826812728216 0.019922407465660062 -0.03993344425956739 0.010410160316468872 -0.04067107269954245 0.05165970542976479 0.0010730765103551885 -0.02704164413196322 -0.05085097550850974 0.057064147973238874 0.06383403151805307 0.04793664026677782 -0.02308257265764348 0.016967761253618124 -0.014609203798392988 0.03420996365191362 -0.12907608695652176 -0.12178079456977442 -0.03389830508474576 -6.938893903907229e-19 -0.023849746596442414 0.02322238195289174 -0.029993334814485673 0.059953369601421114 0.01400070003500176 0.03511385401149181 -0.16037735849056606 -0.027906976744186053 -0.02734375 0.006827270067297377 -0.14070452050693544 0.02247191011235955 -0.1976882359295668 0.03929273084479372 -0.17023498694516973 -0.04491748852651108 -0.1743119266055046 -0.34752389226759345 -0.13958634777427864 -0.025164015457895213 0.032688895115345104 0.07274931797514397 -0.0443646350480617 0.08260961660665114 0.027308055876483567 -0.1323216433792912 -0.679936750069761 -4.634500096693097 -1.5958219800181654 -0.23899848254931713 -0.2288784953726739 -0.06203068886712373 -0.17357458447296442 -0.009598976109215018 -0.10646387832699619 -0.07795207391011452 -0.6229338842975206 -6.143259305599 -2.523051980950451 -0.20918785890073838 -0.34196332254584677 -0.05212376621936343 -0.3343330001110741 0.005462689828471539 -0.2014858171994597 -0.04818772260632724 -0.2754444227388162 -1.139846743295019 -0.5021628738010155 -0.1240882826560576 -0.10184595798854232 -0.02825154337135084 -0.08202755284467347 -0.03150057273768614 -0.08034917170915584 -0.022264952939985833 -0.15363933166890723 -0.04975619464623346 -0.14153397856176503 -0.04146020831226615 -0.13561541339319116 0.054161915621436706 -0.10681176944780331 0.03185328185328186 -0.0643049222495031
0.05765199161425576 -0.05162241887905605 -0.14456876918506784 -0.019850647509216373 0.03679440007179395 -0.04831358249772105 0.0416159155501421 -0.036603221083455345 0.042120684918963466 -0.011316484345529986 0.07836045810729356 -0.023116528317747194 0.056515957446808505 0.05705059203444564 0.02982005141388175 0.011476264997391752 0.019922407465660062 -0.04991680532445923 0.0020820320632937753 -0.03965429588205389 0.042866564080017586 -0.00643845906213113 -0.04542996214169821 -0.04254877542548775 0.06001574183392365 0.06483143826052265 0.05523134639433097 -0.02308257265764348 0.018963968459926137 -0.0020870291140561385 0.028864656831302116 -0.12422360248447206 -0.12477540427230986 -0.030816640986132515 -0.004737989197384627 -0.03279340157010832 0.023222381952891738 -0.029993334814485666 0.04552015099367159 0.01516742503791857 0.02979357310065971 -0.16698113207547172 -0.03069767441860465 -0.01953125 0.009753242953281966 -0.13870871170541862 0.03531300160513644 -0.20308955385113964 0.04136076931030917 -0.16710182767624024 -0.040035152817107705 -0.1926605504587156 -0.38922675933970463 -0.15405566431185633 -0.022467870944549294 0.02988698981974409 0.08083257552793774 -0.043308334213584036 0.08049142130904471 0.03360991492490285 -0.14064957897658925 -0.7264440517161195 -5.412879520402242 -1.8337874659400548 -0.25417298937784516 -0.23783461040899595 -0.08053106975731852 -0.18619819061645276 -0.03946245733788397 -0.11406844106463879 -0.06929073236454625 -0.5743801652892562 -5.526013971431551 -2.28898571283818 -0.19893355209187863 -0.3182308522114347 -0.04436065210158589 -0.314339664556259 0.008740303725554463 -0.1936064835659613 -0.030379216425728044 -0.23539753858175425 -0.78544061302682 -0.3752115854805341 -0.08904044709671309 -0.09229789942711648 -0.0031390603745945363 -0.06625302345146702 -0.01718213058419244 -0.07241345104652316 -0.021252909624531933 -0.1411561359708085 -0.029853716787740063 -0.11447601207201581 -0.03337041156840935 -0.13655069210624765 0.06176358798935766 -0.10781942765014108 0.03281853281853282 -0.06781246346311236
0.0593990216631726 -0.05254424778761062 -0.13565699574215268 -0.0066168825030721275 0.029615004935834154 -0.04102096627164995 0.03857084855866829 -0.036603221083455345 0.03571101547477337 -0.013202565069784983 0.07635121559172191 -0.017862771881895556 0.06981382978723405 0.06673842841765339 0.02776349614395887 0.007303077725612931 0.02097095522701059 -0.05768164170826401 0.0031230480949406636 -0.045754956786985254 0.034073422730270385 -0.003219229531065565 -0.07571660356949703 -0.032171025321710255 0.045257772530499805 0.06582884500299221 0.048978741142142554 -0.016787325569195256 0.009981036031540071 0.0010435145570280742 0.03314090228779132 -0.1125776397515528 -0.11080055899381117 -0.023626091422701594 -0.005685587036861556 -0.043724535426811095 0.02985734822514653 -0.03776938458120418 0.044409903408460086 0.011667250029168127 0.0287295169184933 -0.1707547169811321 -0.028837209302325584 -0.0185546875 0.015605188725251146 -0.14070452050693544 0.04173354735152488 -0.20741060818839796 0.047564884706855555 -0.16396866840731072 -0.048823357094033785 -0.20825688073394497 -0.47958297132927885 -0.17788747978551364 -0.044037027051316624 0.030820958251611092 0.06264524603415175 -0.031689025034329785 0.06248676127938997 0.044113013338934984 -0.14157490515406682 -0.7589991628685704 -6.214465287178495 -2.062670299727521 -0.26934749620637327 -0.25077122101701665 -0.08379584285558819 -0.19250999368819693 -0.054394197952218434 -0.11406844106463879 -0.06062939081897796 -0.5268595041322314 -4.76071316859556 -2.045799979734522 -0.18252666119770306 -0.29773462783171517 -0.04103360319396696 -0.294346329001444 0.015295531519720313 -0.18009905447996397 -0.01885606536769327 -0.1933971478804454 -0.5067049808429119 -0.2680082753432387 -0.07388462631429382 -0.07744536388712073 0.0010463534581981794 -0.047323588179619305 -0.019091256204658267 -0.056542009721257815 -0.025301082886347536 -0.12003072786633377 -0.022887849537267396 -0.08013320845041108 -0.03943775912630196 -0.1337448559670782 0.05986316989737742 -0.10781942765014108 0.0193050193050193 -0.06196656144043026
0.06289308176100629 -0.05623156342182891 -0.12872561639766314 -0.002835806787030911 0.02871758054383918 -0.04740200546946217 0.03857084855866829 -0.04078644635013596 0.04028935079205201 -0.012259524707657486 0.081374321880651 -0.008406010297362616 0.07535460992907801 0.06027987082884824 0.03187660668380463 0.0031298904538341124 0.027262241795113766 -0.048807542983915694 0.006246096189881326 -0.03558718861209965 0.037370850736425584 -0.008584612082841506 -0.07247160627366145 -0.033208800332088007 0.04919323101141283 0.06981847197287053 0.04585243851604835 -0.009442870632672334 0.004990518015770036 0.004174058228112285 0.03527902501603593 -0.10966614906832299 -0.10780594929127571 -0.016435541859270673 -0.004737989197384629 -0.04869323263440327 0.03538648678535884 -0.03665852032881582 0.04329965582324859 0.01516742503791856 0.01489678655032986 -0.17358490566037738 -0.05488372093023256 -0.02734375 0.02048181020189213 -0.1446961381099691 0.048154093097913325 -0.20416981743545426 0.049632923172371 -0.15874673629242825 -0.05956449565472122 -0.2577981651376147 -0.7106863596872286 -0.22980679206741 -0.04853060124022648 0.025217147660409073 0.06264524603415175 -0.027463821696419137 0.05930946833298031 0.052515492070160694 -0.14990284075136487 -0.8017858803832201 -6.795590794817249 -2.259763851044505 -0.28167678300455234 -0.2607224599462633 -0.09250190445097398 -0.20828950136755733 -0.06932593856655292 -0.12275936990765887 -0.06062939081897796 -0.47004132231404955 -3.9015743926597866 -1.7499240044584048 -0.1702214930270714 -0.2804746494066882 -0.03881557058888766 -0.26324558480506494 0.008740303725554463 -0.15871229176046825 -0.023046302116069554 -0.1787458487985935 -0.4099616858237548 -0.19653940191837505 -0.06914843231978782 -0.07426267769997878 -0.008370827665585433 -0.03891050583657587 -0.030546009927453228 -0.047614323975796055 -0.02732516951725534 -0.12003072786633377 -0.020897601751418048 -0.07805182641273806 -0.03337041156840935 -0.1337448559670782 0.055112124667426834 -0.10781942765014108 0.018339768339768345 -0.06196656144043026
0.05590496156533894 -0.06913716814159293 -0.11486285770868403 -0.016069571793175162 0.022435609799874356 -0.05378304466727437 0.029435647584246855 -0.04810709056682702 0.032048347220950464 -0.02168992832893248 0.07132810930279285 -0.025218030892087843 0.06205673758865249 0.04198062432723358 0.02982005141388175 -0.012519561815336464 0.026213694033763234 -0.07542983915696062 -0.00312304809494066 -0.052872394509405174 0.029676852055396784 -0.024680759738169335 -0.08869659275283939 -0.04462432544624325 0.04427390791027154 0.05685218432076601 0.03855773238849521 -0.02308257265764348 -0.0039924144126160304 -0.008348116456224564 0.03420996365191362 -0.1154891304347826 -0.09083649431024157 -0.03389830508474577 -0.0037903913579077028 -0.044718274868329536 0.03649231449740131 -0.031104199066874026 0.04218940823803709 0.014000700035001751 0.0031921685464992577 -0.20000000000000004 -0.08186046511627908 -0.0654296875 0.015605188725251148 -0.16665003492665403 0.05029427501337615 -0.23549746138057687 0.049632923172371 -0.17859007832898172 -0.0683526999316473 -0.3165137614678899 -0.9400521285838401 -0.296195420886884 -0.062011323806956065 0.012141589614271035 0.057593210063655656 -0.04119573254462871 0.04977758949375133 0.043062703497531774 -0.16008142870361802 -0.8427123058320156 -7.295494101721138 -2.440508628519528 -0.2949544764795144 -0.279629813911832 -0.10991402764174556 -0.22827687776141384 -0.08959044368600684 -0.13688212927756654 -0.0625541333846598 -0.4400826446280992 -3.1300177249504744 -1.4814064241564493 -0.16304347826086957 -0.28371089536138083 -0.04325163579904624 -0.27657447517494166 0.00655522779416585 -0.16771724448446643 -0.0031426775612822117 -0.16800156280523543 -0.32950191570881227 -0.1495204062441226 -0.05209813393956615 -0.06577551453426692 0.006278120749189077 -0.03891050583657587 -0.02290950744558992 -0.0446384287273088 -0.03339742940997875 -0.12099097368926445 -0.039804955716986765 -0.09054011863877615 -0.04449388209121246 -0.13748597081930417 0.03990877993158494 -0.10983474405481661 0.002895752895752896 -0.06196656144043026
0.05328441649196366 -0.0765117994100295 -0.09802950787206655 -0.011343227148123644 0.017051063447904517 -0.06016408386508659 0.016240357287860337 -0.06483999163354946 0.02563867777676037 -0.033949453036589965 0.07635121559172192 -0.029421036040769157 0.0598404255319149 0.04090419806243272 0.032904884318766064 -0.0198226395409494 0.030407885079165354 -0.09095951192457016 0.0031230480949406628 -0.06405693950177935 0.03627170806770719 -0.031119218800300462 -0.08112493239588967 -0.05603985056039851 0.04427390791027154 0.042888489926191896 0.037515631513130476 -0.030427027594166406 -0.003992414412616029 -0.013565689241364916 0.03207184092366902 -0.13004658385093165 -0.08185266520263525 -0.03697996918335902 -0.011371174073723112 -0.0616118453741429 0.02543403737697667 -0.05776494112419461 0.03552792272676807 -0.007000350017500873 0.001064056182166421 -0.21226415094339623 -0.10883720930232559 -0.091796875 0.006827270067297377 -0.18161860093803014 0.04601391118245051 -0.2398185157178352 0.048598903939613275 -0.18276762402088775 -0.07323503564105067 -0.38165137614678896 -1.2467419635099914 -0.3787556387777683 -0.06470746832030197 -0.013075558046138042 0.0596140244518541 -0.06020914756522657 0.04871849184494811 0.023106816510870706 -0.1480521883964097 -0.8575946423588501 -7.641655385805454 -2.5794732061762033 -0.2883156297420334 -0.2925664245198527 -0.10664925454347589 -0.2503681885125184 -0.08852389078498293 -0.15317762085822922 -0.048118564142046 -0.3946280991735537 -2.4627254717964755 -1.223021582733813 -0.13535684987694832 -0.27615965480043153 -0.03437950537872907 -0.263245584805065 0.019665683382497544 -0.15758667266996848 0.017808506180599204 -0.1592107833561242 -0.26053639846743293 -0.11378596953169078 -0.0312588803637397 -0.06789730532569489 0.027205189913152662 -0.04837522347249974 -0.014318442153493705 -0.04860628905862514 -0.023276996255439733 -0.12963318609564048 -0.04975619464623345 -0.0842959725257571 -0.04651633127717666 -0.14029180695847362 0.03990877993158495 -0.12091898428053205 0.003861003861003859 -0.07482754589033087
0.06027253668763104 -0.08204277286135693 -0.07525497574017229 -0.016069571793175162 0.024230458583864307 -0.07110300820419324 0.02233049127080796 -0.07320644216691069 0.030217013094039007 -0.04243681629573746 0.07735583684950773 -0.03992854891247242 0.05319148936170213 0.03444564047362756 0.038046272493573265 -0.02608242044861763 0.03355352836321694 -0.09428729894620078 0.009369144284821988 -0.07219115404168784 0.04506484941745438 -0.03541152484172121 -0.08112493239588967 -0.04254877542548775 0.052144824872097595 0.04987033712347895 0.043768236765318894 -0.024131780505718185 -0.0009981036031540083 -0.02504434936867369 0.03634808638015822 -0.14169254658385094 -0.07486524256338589 -0.06368772470467385 -0.008528380555292332 -0.07850541587995627 0.028751520513104062 -0.06665185514330149 0.03663817031197957 -0.01750087504375219 0.0031921685464992577 -0.24811320754716987 -0.14604651162790697 -0.1103515625 -0.0039012971813127866 -0.18760602734258058 0.04601391118245051 -0.24846062439235173 0.05376900010340193 -0.19843342036553527 -0.07811737135045406 -0.4568807339449541 -1.6490008688097308 -0.4919567622776406 -0.08268176507594141 -0.03922667413841412 0.050520359704961104 -0.07710996091686913 0.03495022241050625 0.0021006196828064275 -0.13879892662163412 -0.85108362012836 -7.793463546702765 -2.6603088101725705 -0.29685128983308046 -0.30749328291372274 -0.10120796604635977 -0.26930359772775087 -0.09065699658703072 -0.1716458446496469 -0.04041959387931864 -0.3615702479338843 -1.9299343134188303 -0.9909818623974062 -0.1292042657916325 -0.27184466019417475 -0.02994344016857048 -0.257691880484283 0.028405987108052012 -0.16996848266546602 0.024093861303163634 -0.15530377026763037 -0.2164750957854406 -0.09685913108895995 -0.0341005967604433 -0.07638446849140676 0.02197342262216177 -0.05258176464402144 -0.01909125620465827 -0.057533974804086896 -0.023276996255439737 -0.1344344152102938 -0.06269280525425416 -0.09158080965761264 -0.05157245424208716 -0.14777403666292557 0.028506271379703536 -0.1279725916968964 -0.001930501930501933 -0.09002689114930432
0.05328441649196366 -0.09494837758112093 -0.05545103475591643 -0.030248605728329714 0.015256214663914563 -0.08568824065633547 0.009135200974421439 -0.08889353691696297 0.021976009522937462 -0.051867219917012444 0.0753465943339361 -0.03257328990228013 0.04875886524822695 0.027987082884822396 0.03290488431876607 -0.013562858633281166 0.027262241795113763 -0.07986688851913477 0.006246096189881325 -0.06710726995424503 0.05165970542976478 -0.052580749007404226 -0.09518658734451053 -0.053964300539643004 0.0541125541125541 0.04588071015360064 0.04064193413922467 -0.026230196201867596 0.001996207206308015 -0.03130543671084211 0.023519350010690613 -0.1484860248447205 -0.0658814134557796 -0.06676938880328712 -0.017056761110584667 -0.08347411308754846 0.014375760256552034 -0.07776049766718508 0.03330742755634507 -0.026834675067086682 1.734723475976807e-18 -0.2669811320754717 -0.1758139534883721 -0.1357421875 -0.00877791865795377 -0.19858297575092304 0.04494382022471909 -0.25926326023549745 0.06307517319822148 -0.20574412532637076 -0.0810467727760961 -0.5256880733944954 -2.1850564726324935 -0.6426078815218316 -0.09256762829154311 -0.05697207434388718 0.043447509346266545 -0.09506707510298933 0.030713831815293368 -0.015754647621048206 -0.1332469695567688 -0.8259696772393266 -7.807967511119706 -2.6884650317892826 -0.30443854324734454 -0.3074932829137228 -0.10664925454347589 -0.2671996633705028 -0.09598976109215016 -0.16621401412275935 -0.030795881050909434 -0.32128099173553715 -1.3908872901678657 -0.7984598236903435 -0.11997538966365873 -0.2545846817691478 -0.025507374958411887 -0.24325224925024988 0.03823882879930078 -0.169968482665466 0.023046302116069558 -0.14944325063488964 -0.16762452107279693 -0.08369381230016927 -0.021786492374727656 -0.07850625928283471 0.02615883645495449 -0.06414975286570616 -0.00859106529209622 -0.07241345104652316 -0.023276996255439737 -0.14691761090839253 -0.0646830530401035 -0.10510979290248726 -0.043482657498230354 -0.15432098765432098 0.032307107563664 -0.13502619911326078 0.002895752895752896 -0.09938033438559568
0.055031446540880505 -0.10140117994100292 -0.032676502624022184 -0.03875602608942244 0.025127882975859283 -0.08842297174111213 0.013195290296386525 -0.10144321271700482 0.029301346030583274 -0.06412674462466994 0.06931886678722123 -0.03257328990228013 0.04100177304964539 0.04736275565123789 0.03598971722365039 -0.01251956181533646 0.03460207612456747 -0.0831946755407654 0.010410160316468875 -0.07015760040671071 0.06594856012310397 -0.06116536109024573 -0.06922660897782584 -0.053964300539643004 0.07083825265643448 0.046878116896070215 0.06148395164651939 -0.024131780505718188 0.018963968459926143 -0.03339246582489826 0.01924310455420141 -0.15236801242236025 -0.06488321022160112 -0.05033384694401645 -0.02368994598692315 -0.08049289476299316 0.007740793984297246 -0.0799822261719618 0.02553569445986455 -0.019834325049585814 -0.01276867418599702 -0.2830188679245283 -0.2065116279069768 -0.1513671875 -0.019506485906563936 -0.2065662109569903 0.046013911182450504 -0.2700658960786432 0.06514321166373695 -0.21514360313315928 -0.08592910848549946 -0.5954128440366973 -2.836663770634231 -0.7813430930291939 -0.10784578053383662 -0.0681796955262912 0.039405880569869656 -0.11302418928910954 0.02965473416649015 -0.02835836571788678 -0.1332469695567688 -0.7813226676588223 -7.5971765615935025 -2.644868301544051 -0.3034901365705615 -0.3005274156632501 -0.11426705843943845 -0.26193982747738276 -0.10025597269624571 -0.15535035306898423 -0.02117216822250024 -0.2892561983471075 -0.9738296319466168 -0.6201236194143277 -0.10049220672682527 -0.24163969795037757 -0.021071309748253296 -0.23214484060868598 0.04479405659346662 -0.15646105357946868 0.030379216425728058 -0.14944325063488964 -0.1053639846743295 -0.05266127515516269 -0.006630671592308424 -0.06895820072140886 0.04185413832792718 -0.06099484698706488 0.0038182512409316513 -0.07340541612935225 -0.019228822993624127 -0.15267908584597656 -0.06667330082595282 -0.0988656467894682 -0.026291839417534636 -0.15151515151515152 0.04085898897757506 -0.1380491737202741 0.009652509652509652 -0.09587279317198641
0.06027253668763104 -0.10785398230088494 -0.021784335082681454 -0.03497495037338123 0.03230727811181908 -0.0911577028258888 0.01218026796589525 -0.10562643798368543 0.030217013094039003 -0.06412674462466993 0.081374321880651 -0.04308080277398339 0.04875886524822695 0.06458557588805167 0.043187660668380465 -0.007303077725612933 0.03669917164726853 -0.07875762617859124 0.017697272537997088 -0.06609049313675647 0.06924598812925917 -0.06545766713166648 -0.06598161168199027 -0.04151100041511001 0.076741440377804 0.05385996409335727 0.06982075864943726 -0.02518098835379289 0.025950693682004193 -0.027131378482729833 0.024588411374812914 -0.16013198757763975 -0.05589938111399482 -0.050333846944016436 -0.025585141665877005 -0.0725429792308457 0.014375760256552031 -0.08220395467673851 0.035527922726768066 -0.01050052502625131 -0.013832730368163435 -0.30471698113207546 -0.23627906976744187 -0.1728515625 -0.024383107383204917 -0.215547350563816 0.046013911182450504 -0.275467214000216 0.06927928859476787 -0.2214099216710183 -0.08885850991114148 -0.6697247706422018 -3.574283231972198 -0.9532726189462931 -0.1177316437494383 -0.07565144298122724 0.037385066181671214 -0.1267561001373191 0.031772929464096586 -0.031509295242096426 -0.11936707689460532 -0.7366756580783183 -7.13595049313479 -2.586739327883742 -0.2959028831562974 -0.29853716787740076 -0.1164435738382849 -0.2566799915842626 -0.09918941979522185 -0.1520912547528517 -0.0009623712828409168 -0.25516528925619836 -0.6568658116984674 -0.4894112878711117 -0.07075471698113209 -0.23624595469255666 -0.008872130420317181 -0.22325891369543488 0.06336720201026987 -0.14970733903647002 0.056568196103079824 -0.13088493846454385 -0.04980842911877396 -0.027271017491066397 0.011366865586814438 -0.05941014215998301 0.05650308674270169 -0.058891576401304026 0.021000381825124093 -0.060509870052574154 -0.017204736362716324 -0.14595736508546187 -0.08458553089859687 -0.10823186595899677 -0.026291839417534636 -0.13748597081930414 0.046560243253515765 -0.13200322450624746 0.013513513513513514 -0.08885771074476792
0.06114605171208944 -0.10508849557522124 -0.021784335082681454 -0.03781075716041214 0.02871758054383918 -0.0902461257976299 0.01015022330491271 -0.11190127588370635 0.022891676586393184 -0.06789890607317992 0.08237894313843681 -0.04203005148681307 0.018838652482269503 0.05920344456404736 0.03084832904884318 -0.006259780907668227 0.024116598511062178 -0.07875762617859124 0.0083281282531751 -0.06202338586680223 0.06375027478566718 -0.04506921343491792 -0.09302325581395349 -0.036322125363221255 0.06591892955529319 0.06183921803311391 0.06461025427261359 -0.017836533417269963 0.02395448647569618 -0.015652718355421057 0.02672653410305752 -0.16207298136645962 -0.05889399081653025 -0.05752439650744735 -0.033165924381692406 -0.0586306270495876 -0.0022116554240849294 -0.08331481892912687 0.021094704119018544 -0.005833625014584062 -0.01276867418599702 -0.3122641509433962 -0.27999999999999997 -0.203125 -0.039012971813127864 -0.21854106376609117 0.03959336543606206 -0.27654747758453063 0.07031330782752558 -0.2234986945169713 -0.09374084562054487 -0.7357798165137615 -4.386620330147697 -1.164354413141544 -0.12761750696503998 -0.09059493789109928 0.029301808628877435 -0.14365691348896165 0.027536538868883714 -0.03676084444911249 -0.11844175071712777 -0.6724955818063435 -6.480371301489074 -2.4604904632152587 -0.3015933232169955 -0.28162006169768133 -0.13167918163021003 -0.23774458236903007 -0.10985494880546072 -0.13796849538294403 0.00769897026272736 -0.22107438016528924 -0.47961630695443647 -0.40530955517276324 -0.06460213289581626 -0.22114347357065803 -0.009981146722856823 -0.2054870598689326 0.06008958811318693 -0.1463304817649707 0.06390111041273833 -0.10841961320570426 -0.026819923371647514 -0.003761519653940193 0.01515582078241925 -0.05092297899427116 0.0554567332845035 -0.05153012935114102 0.02577319587628866 -0.054558079555599645 -0.015180649731808526 -0.1497983483771846 -0.10647825654293959 -0.11447601207201581 -0.02629183941753464 -0.12626262626262624 0.037058152793614595 -0.1320032245062475 0.007722007722007722 -0.08651934993569509
0.05415793151642208 -0.10601032448377581 -0.008911773442915142 -0.02930333679931941 0.026025307367854255 -0.08933454876937101 0.004060089321965082 -0.11190127588370635 0.023807343649848912 -0.06695586571105243 0.07434197307615029 -0.03362404118945046 -0.008865248226950354 0.07319698600645856 0.02056555269922879 0.009389671361502348 0.01887385970430953 -0.06100942872989462 0.01145117634811576 -0.047788510421962374 0.06265113211694878 -0.045069213434917925 -0.09085992428339644 -0.0435865504358655 0.057064147973238874 0.050867743865948535 0.06356815339724885 -0.018885741265344664 0.03094121169777423 -0.025044349368673696 0.020312165918323712 -0.16886645962732919 -0.07187063286085048 -0.060606060606060594 -0.04264190277646167 -0.06260558481566134 -0.00552913856021232 -0.08998000444345701 0.031086932385922063 -0.010500525026251314 -0.02447329218982762 -0.3311320754716981 -0.3125581395348837 -0.2216796875 -0.05071686335706623 -0.22951801217443366 0.0310326377742108 -0.275467214000216 0.06927928859476787 -0.22036553524804176 -0.108387852748755 -0.8100917431192659 -5.258036490008688 -1.419695293216444 -0.15817381144962703 -0.11861399084710937 0.009093664746892997 -0.16795183268194785 0.015886464732048296 -0.05041487238735427 -0.11659109836217267 -0.6120360896660775 -5.685554051440728 -2.2606721162579473 -0.30349013657056145 -0.27962981391183195 -0.1273261508325171 -0.23353671365453396 -0.09385665529010238 -0.13579576317218903 0.00769897026272736 -0.2086776859504132 -0.36388280679803986 -0.3434998480089168 -0.051271534044298614 -0.23624595469255666 -0.014417211933015418 -0.20881928246140175 0.05571943625040969 -0.1429536244934714 0.06075843285145612 -0.10646610666145731 -0.022988505747126433 0.010344179048335529 0.0028417163967036107 -0.05092297899427116 0.048132259077116255 -0.05258176464402144 0.019091256204658267 -0.04860628905862514 -0.02024086630907803 -0.16228154407528328 -0.12339536272265898 -0.13633052346758248 -0.03235918697542724 -0.13468013468013468 0.03800836183960472 -0.13905683192261184 0.014478764478764481 -0.09353443236291362
0.05590496156533892 -0.11430678466076696 -0.014852955738191901 -0.03497495037338123 0.026025307367854262 -0.10300820419325434 0.00406008932196508 -0.1244509516837482 0.02838567896712755 -0.07732930969445492 0.06931886678722123 -0.04833455920983504 -0.03546099290780142 0.05920344456404736 0.007197943444730075 0.00417318727177882 0.009436929852154765 -0.06655574043261232 -0.0010410160316468874 -0.05185561769191662 0.06265113211694878 -0.053653825517759435 -0.08653326122228232 -0.062266500622665 0.05509641873278236 0.044883303411131066 0.052105043768236756 -0.029377819746091705 0.023954486475696177 -0.02713137848272984 0.01389779773358991 -0.18342391304347824 -0.09383110401277701 -0.07909604519774012 -0.050222685492277076 -0.08148663420451159 -0.019904898816764348 -0.10775383248167074 0.03885866548240258 -0.03033485007583712 -0.03830602255799106 -0.35188679245283017 -0.36186046511627906 -0.28515625 -0.07997659221691213 -0.2564614309949107 0.0 -0.28302905909041803 0.0423947885430669 -0.2308093994778068 -0.11619958988380041 -0.8642201834862385 -6.073848827106863 -1.6843986722274238 -0.18243911206974028 -0.1316895488932474 -0.0010104071940992235 -0.19119045104045634 -0.00211819529760644 -0.05041487238735427 -0.11288979365226244 -0.5459957213282485 -4.825952426996713 -2.0390554041780202 -0.3044385432473445 -0.2756493183401333 -0.13712047012732614 -0.22512097622554178 -0.09705631399317408 -0.13796849538294403 0.006736598979886442 -0.1921487603305785 -0.2940256490459806 -0.2816901408450704 -0.05434782608695653 -0.23732470334412087 -0.024398358655872244 -0.20881928246140175 0.03933136676499508 -0.1429536244934714 0.055520636915985765 -0.10255909357296347 -0.034482758620689655 0.030092157231521532 -0.007577910391209622 -0.04031402503713134 0.03766872449513446 -0.053633399936901874 0.007636502481863307 -0.045630393810137886 -0.027325169517255343 -0.17284424812752064 -0.13135635386605632 -0.17171401810802372 -0.04044898371928406 -0.1421623643845866 0.032307107563664006 -0.14711809754131397 0.014478764478764481 -0.09938033438559571
0.046296296296296294 -0.11615044247787609 -0.028715714427171003 -0.03119387465734002 0.01794848783989949 -0.10118505013673655 -0.0020300446609825456 -0.11922192010039741 0.020144675396026 -0.07827235005658242 0.06329113924050633 -0.06094357465587895 -0.0387854609929078 0.05920344456404737 0.0010282776349614373 5.204170427930421e-19 -0.004194191045402118 -0.07099278979478647 -0.009369144284821985 -0.0599898322318251 0.05605627610463838 -0.056873055048824984 -0.09410492157923203 -0.0643420506434205 0.05017709563164108 0.041891083183722325 0.04689453939141308 -0.026230196201867596 0.021958279269388165 -0.029218407596785977 0.004276245456489203 -0.1950698757763975 -0.11179876222798964 -0.08628659476117104 -0.0653842509239079 -0.07651793699691942 -0.03538648678535884 -0.09997778271495222 0.029976684800710557 -0.024501225061253067 -0.03404979782932539 -0.38301886792452833 -0.4195348837209303 -0.3193359375 -0.09948307812347605 -0.2534677177926355 -0.024612092027822365 -0.27114615966295774 0.034122634681005064 -0.22245430809399477 -0.11034078703251635 -0.8743119266055045 -6.606429192006951 -1.960166822708316 -0.20041340882537967 -0.14663304380311945 -0.012124886329190666 -0.20386606105418825 -0.007413683541622538 -0.06616952000840247 -0.09068196539280096 -0.4678634545623662 -3.9953587313865797 -1.7683923705722069 -0.2826251896813353 -0.2637078316250373 -0.1273261508325171 -0.2072375341889333 -0.08319112627986348 -0.12601846822379142 0.017322683091136562 -0.1787190082644628 -0.2533625273694088 -0.2492653764312493 -0.04101722723543889 -0.22977346278317157 -0.01885327714317401 -0.20326557814061977 0.04916420845624385 -0.14182800540297164 0.06809134716111462 -0.10548935338933382 -0.026819923371647503 0.034794056798946774 0.0009472387989012048 -0.041374920432845325 0.049178612535314435 -0.053633399936901874 0.019091256204658274 -0.04860628905862514 -0.021252909624531933 -0.17572498559631267 -0.1542442034033237 -0.16442918097616818 -0.047527555870158764 -0.1430976430976431 0.029456480425693654 -0.14913341394598953 0.015444015444015444 -0.10054951479013212
0.04891684136967155 -0.11799410029498522 -0.055451034755916416 -0.02268645429624729 0.017051063447904517 -0.10209662716499543 0.006090133982947624 -0.12445095168374817 0.021976009522937462 -0.08487363259147493 0.07936507936507936 -0.057791320794367974 -0.0387854609929078 0.06135629709364909 0.010282776349614392 0.005216484089723527 0.0 -0.06100942872989461 -6.938893903907229e-19 -0.0549059481443823 0.06704770279182237 -0.04506921343491792 -0.07896160086533262 -0.05811540058115401 0.0541125541125541 0.047875523638539794 0.0500208420175073 -0.017836533417269963 0.0269487972851582 -0.025044349368673696 0.004276245456489203 -0.22224378881987575 -0.1507286883609503 -0.10272213662044169 -0.07391263147920023 -0.10633012024247242 -0.04423310848169855 -0.1299711175294379 0.022204951704230043 -0.026834675067086682 -0.027665460736326874 -0.4075471698113208 -0.5125581395348837 -0.357421875 -0.10923632107675803 -0.25646143099491064 -0.03531300160513644 -0.25926326023549745 0.0423947885430669 -0.21618798955613575 -0.10155258275559027 -0.8651376146788989 -7.081668114682884 -2.2350838369222914 -0.2174889907432372 -0.16437844400859253 -0.022228958270182883 -0.22076687440583082 -0.015886464732048293 -0.08087385778804748 -0.06662348477838438 -0.39996279415868286 -3.166698897698704 -1.5068119891008176 -0.26176024279210924 -0.26768832719673596 -0.11862008923713134 -0.20408163265306123 -0.07359215017064846 -0.12819120043454643 0.03175825233375036 -0.1477272727272727 -0.2199979147117089 -0.20772114702604116 -0.03178835110746513 -0.21251348435814457 -0.012199179327936122 -0.17549705653670994 0.056811974216104 -0.12044124268347592 0.05866331447726797 -0.09962883375659308 -0.04885057471264368 0.030092157231521532 -0.008525149190110826 -0.049862083598557184 0.038715077953332636 -0.0620464822799453 0.010500190912562055 -0.057533974804086896 -0.014168606416354621 -0.177645477242174 -0.16021494676087172 -0.1571443438443126 -0.041460208312266156 -0.15432098765432098 0.038008361839604723 -0.15316404675534062 0.015444015444015444 -0.10639541681281424
0.04454926624737946 -0.11338495575221239 -0.05743142885434201 -0.02079591643822668 0.02333303419186934 -0.10847766636280765 0.004060089321965085 -0.11817611378372728 0.017397674205658818 -0.08110147114296493 0.07735583684950773 -0.06094357465587895 -0.050975177304964536 0.05382131324004306 -0.00205655526992288 0.003129890453834115 -0.005242738806752648 -0.045479755962285075 -0.005205080158234438 -0.044738179969496694 0.047263134754891196 -0.0461422899452731 -0.11141157382368849 -0.059153175591531756 0.029515938606847703 0.03790145621384401 0.03438932888703626 -0.023082572657643477 0.0129753468410021 -0.03339246582489826 -0.0021381227282446015 -0.23486024844720496 -0.16869634657616292 -0.1263482280431433 -0.07486022931867715 -0.1232236907482858 -0.04644476390578348 -0.13108198178182626 0.017763961363384033 -0.028001400070003502 -0.03617791019365822 -0.4320754716981132 -0.666046511627907 -0.40234375 -0.12581683409733738 -0.26344676180021953 -0.04066345639379347 -0.2549422058982392 0.0423947885430669 -0.21932114882506532 -0.10350551703935162 -0.8376146788990825 -7.380538662033016 -2.504042897267853 -0.24534915071447827 -0.17838797048659755 -0.036374658987571994 -0.2344987852540404 -0.025418343571277268 -0.09242726604348284 -0.060146201536041444 -0.3385731559854897 -2.38348481918391 -1.2397820163487738 -0.24089529590288317 -0.2507712210170166 -0.11535531613886167 -0.18304228908058068 -0.07252559726962457 -0.11950027159152635 0.02790876720238668 -0.1446280991735537 -0.17307892816181839 -0.1742831087242882 -0.034864643150123054 -0.2017259978425027 -0.021071309748253303 -0.17438631567255358 0.0415164426963837 -0.12044124268347592 0.04504504504504504 -0.09962883375659308 -0.07279693486590037 0.025390257664096295 -0.027469925168134884 -0.05198387438998514 0.02197342262216177 -0.057839941108423595 0.0009545628102329111 -0.0634857653010614 -0.022264952939985833 -0.177645477242174 -0.16021494676087172 -0.16546987199500468 -0.037415309940337746 -0.15619154508043395 0.03990877993158495 -0.14913341394598953 0.014478764478764481 -0.10288787559920495
0.04716981132075472 -0.12260324483775813 -0.06634320229725715 -0.02457699215426789 0.03948667324777888 -0.10938924339106655 0.01522533495736906 -0.12445095168374816 0.02563867777676037 -0.08770275367785742 0.07936507936507935 -0.06619733109173058 -0.054299645390070914 0.05705059203444564 -6.938893903907229e-19 0.0010432968179447037 -0.004194191045402118 -0.05102606766500276 -0.00416406412658755 -0.043721403152008134 0.041767421411299195 -0.053653825517759414 -0.11357490535424555 -0.07368202573682026 0.025580480125934675 0.030919609016556958 0.035431429762401004 -0.0304270275941664 0.01596965765046412 -0.03443598038192632 0.0 -0.2435947204968944 -0.20263525653823117 -0.14175654853620953 -0.07106983796076946 -0.12819238795587798 -0.03759814220944377 -0.1299711175294379 0.029976684800710557 -0.029168125072920315 -0.03937007874015748 -0.4481132075471699 -0.8623255813953488 -0.462890625 -0.12094021262069639 -0.2664404750024948 -0.04066345639379347 -0.2549422058982392 0.04653086547409782 -0.20887728459530025 -0.1005761156137096 -0.8 -7.474370112945264 -2.7389565069367605 -0.2507414397411701 -0.17838797048659752 -0.030312215822976663 -0.23978028942642865 -0.018004660029654736 -0.09452788572628926 -0.04996761358378829 -0.28741512417449544 -1.7114678011989946 -0.9963669391462308 -0.20959787556904397 -0.2288784953726739 -0.10882576994232233 -0.1641068798653482 -0.05972696245733787 -0.11298207495926127 0.03175825233375036 -0.13842975206611569 -0.1053070587008654 -0.16516364373290102 -0.004101722723543888 -0.20280474649406685 -0.006654097815237886 -0.1721648339442408 0.04588659455916093 -0.12156686177397566 0.05237795935470354 -0.10548935338933385 -0.0909961685823755 0.016926838442730855 -0.013261343184616841 -0.045618502015701244 0.040807784869729004 -0.05994321169418445 0.0210003818251241 -0.06646166054954865 -0.01214451978544682 -0.1843671980026887 -0.14926858393870038 -0.1789988552398793 -0.014157144301749417 -0.15993265993265995 0.05701254275940707 -0.1582023377670294 0.029922779922779925 -0.1099029580264235
0.05590496156533893 -0.12997787610619468 -0.08416674918308743 -0.033084412515360616 0.04666606838373867 -0.11030082041932543 0.032480714575720666 -0.12758837063375864 0.031132680157494735 -0.09524707657487741 0.07032348804500703 -0.08195860039928549 -0.0775709219858156 0.04090419806243272 -0.004113110539845757 -0.010432968179447054 0.0031456432840515887 -0.06766500277315583 0.002082032063293775 -0.049822064056939494 0.032974280061551994 -0.06653074364202168 -0.09843158464034613 -0.0892486508924865 0.013774104683195593 0.02393776181926991 0.036473530637765726 -0.04511593746721225 0.00798482882523206 -0.04069706772409475 0.0021381227282446015 -0.2630046583850932 -0.24256338590537035 -0.17154596815613762 -0.07486022931867715 -0.14210474013713603 -0.0276456928010616 -0.1377471672961564 0.035527922726768066 -0.033835025084587564 -0.05001064056182166 -0.4849056603773586 -1.1897674418604651 -0.556640625 -0.1433726714132449 -0.2774174234108372 -0.04708400214018192 -0.26790536891001404 0.036190673146520524 -0.21827676240208876 -0.10741138560687433 -0.7412844036697248 -7.3084274543874885 -2.8674780832411266 -0.26512087714568167 -0.18118987578219853 -0.03839547337577044 -0.2366113869229957 -0.03495022241050625 -0.08612540699506355 -0.046266308873878045 -0.24555855269277282 -1.1738541868110617 -0.779291553133515 -0.19062974203338393 -0.21096626530002988 -0.10556099684405265 -0.1451714706501157 -0.05972696245733787 -0.0977729494839761 0.03657010874795495 -0.1291322314049587 -0.04796163069544365 -0.12463268821562472 0.012305168170631665 -0.20496224379719524 0.007763114117777528 -0.17327557480839723 0.04916420845624385 -0.11368752814047726 0.049235281793421334 -0.10158234030084001 -0.11302681992337167 0.015046078615760766 -0.010419626787913227 -0.039253129641417354 0.040807784869729 -0.055736670522662735 0.016227567773959523 -0.053566114472770564 -0.011132476469992915 -0.18820818129441136 -0.1582246989750224 -0.1800395462587158 -0.016179593487713625 -0.15619154508043398 0.060813378943367545 -0.15417170495767835 0.025096525096525095 -0.10171869519466854
0.054157931516422085 -0.12813421828908558 -0.1059510842657689 -0.03402968144437092 0.0421789464237638 -0.10847766636280767 0.03451075923670321 -0.1171303074670571 0.02563867777676037 -0.08393059222934743 0.06730962427164958 -0.09036461069664811 -0.08532801418439716 0.02798708288482239 -0.013367609254498711 -0.008346374543557643 -0.009436929852154765 -0.06544647809206877 -0.0166562565063502 -0.04473817996949669 0.02088371070564959 -0.07189612619379762 -0.10924824229313143 -0.08405977584059776 -0.002951593860684769 0.01595850787951327 0.01667361400583577 -0.05350960025180988 -0.016967761253618128 -0.03756652405301054 0.005345306820611503 -0.2785326086956522 -0.26652026352565383 -0.2064714946070878 -0.07770302283710792 -0.15005465566928353 -0.02322238195289174 -0.14107976005332148 0.04107916065282558 -0.037335200093338 -0.047882528197488824 -0.5216981132075472 -1.6409302325581394 -0.6728515625 -0.15410123866185504 -0.2854006586169045 -0.048154093097913325 -0.2733066868315869 0.036190673146520524 -0.2172323759791123 -0.09178791133678352 -0.6825688073394496 -6.909643788010425 -2.995999659545493 -0.26601959198346364 -0.1839917810777995 -0.045468323734464994 -0.2334424844195627 -0.04342300360093201 -0.07772292826383782 -0.028685111501804382 -0.213933587573249 -0.7696770450589828 -0.6003633060853769 -0.17166160849772383 -0.19504428301323515 -0.09032538905212753 -0.12623606143488322 -0.05012798634812286 -0.08256382400869092 0.029833509768068523 -0.11673553719008264 -0.01563966218329685 -0.09828756712939507 0.01435602953240361 -0.19741100323624597 0.008872130420317178 -0.16772187048761525 0.04260898066207801 -0.1080594326879784 0.05237795935470354 -0.09572182066809924 -0.132183908045977 0.011284558961820575 -0.0037889551956048068 -0.04031402503713134 0.03766872449513446 -0.06309811757282574 0.006681939671630395 -0.053566114472770564 -0.00809634652363121 -0.19012867294027272 -0.15722957508209773 -0.18524300135289834 -0.021235716452624124 -0.15806210250654695 0.05986316989737742 -0.15517936316001615 0.0222007722007722 -0.09821115398105928
0.056778476589797344 -0.1382743362831859 -0.10694128131498168 -0.059551942527649115 0.04487121959974872 -0.11394712853236097 0.0416159155501421 -0.1265425643170885 0.02930134603058328 -0.09430403621274991 0.05826803295157725 -0.08511085426079648 -0.0964095744680851 0.00645855758880517 -0.015424164524421588 -0.018779342723004695 -0.01677676418160847 -0.07099278979478647 -0.032271496981053506 -0.049822064056939494 0.014288854693339195 -0.08477304431805988 -0.09518658734451058 -0.10377750103777501 -0.009838646202282563 4.163336342344337e-18 0.003126302626094206 -0.0608540551883328 -0.03493362611039026 -0.05113221329437545 0.0 -0.29697204968944096 -0.3104412058295069 -0.24242424242424243 -0.09002179475030797 -0.1659544867335785 -0.04533893619374101 -0.15218840257720506 0.035527922726768066 -0.049002450122506126 -0.06277931474781868 -0.5575471698113208 -2.1534883720930234 -0.853515625 -0.1697064273871062 -0.3093503642351063 -0.06420545746388442 -0.29275143134924925 0.027918519284458692 -0.2318537859007833 -0.08983497705302217 -0.6110091743119266 -6.3249348392702 -3.0436632904928076 -0.2642221623078997 -0.18866162323713456 -0.06163483884005254 -0.23766768775747327 -0.05719127303537387 -0.08192416762945069 -0.02683445914684927 -0.18602920658543393 -0.512473409398569 -0.42688465031789286 -0.15459028831562976 -0.18907353965568713 -0.08814887365328108 -0.12308015989901114 -0.047994880546075085 -0.08473655621944595 0.020209796939659318 -0.11776859504132234 6.938893903907228e-18 -0.09626101935353125 0.013330598851517637 -0.19848975188781015 -0.0011090163025396483 -0.17438631567255364 0.03059106303944062 -0.12044124268347589 0.03666457154829248 -0.11721039265481539 -0.15804597701149428 -0.008463419221365434 -0.0037889551956048102 -0.049862083598557184 0.024066129538558127 -0.07361447050163003 -0.004772814051164567 -0.06646166054954866 -0.011132476469992913 -0.20837334357595547 -0.15424420340332373 -0.18524300135289834 -0.019213267266659933 -0.17957351290684623 0.05321170657544659 -0.17634018540910926 0.019305019305019305 -0.11808722085817842
0.04979035639412997 -0.14196165191740412 -0.12575502525002474 -0.04631817752150487 0.03679440007179395 -0.11303555150410209 0.03451075923670321 -0.1171303074670571 0.021976009522937462 -0.08675971331572992 0.05224030540486237 -0.09141536198381843 -0.09419326241134751 0.02368137782561894 -0.016452442159383032 -0.01356285863328117 -0.024116598511062178 -0.07210205213533001 -0.0405996252342286 -0.052872394509405174 0.010991426687183996 -0.11589226311836034 -0.10059491617090319 -0.10066417600664176 -0.012790240062967338 -0.018950728106922006 -0.010421008753647354 -0.08183821214982687 -0.04691086934823835 -0.06574141709276844 -0.0074834295488561044 -0.31444099378881984 -0.352365741665003 -0.2722136620441705 -0.1061309580214157 -0.18682301500546558 -0.061926351874377984 -0.1632970451010886 0.026645942045076053 -0.05833625014584063 -0.0755479889338157 -0.6018867924528302 -2.6623255813953484 -1.064453125 -0.18531161611235736 -0.3342979742540665 -0.07918673087212413 -0.31867775737279896 0.012408230793092754 -0.2548302872062663 -0.08397617420173811 -0.5431192660550458 -5.597741094700261 -2.995999659545493 -0.2642221623078997 -0.1867936863734006 -0.06264524603415175 -0.23344248441956267 -0.06036856598178353 -0.08927633651927318 -0.02313315443693902 -0.16091526369640033 -0.3538967317733514 -0.28156221616712085 -0.13277693474962066 -0.1840979201910638 -0.07508978126020241 -0.1209762255417631 -0.044795221843003406 -0.08365019011406843 0.0192474256568184 -0.11363636363636365 0.028151391929934315 -0.05573006383625494 0.016406890894175553 -0.18770226537216833 -0.0011090163025396459 -0.1766077974008664 0.028405987108052005 -0.11819000450247637 0.03561701236119841 -0.13381519828091423 -0.1685823754789272 -0.006582659394395338 4.8572257327350596e-18 -0.05304476978569913 0.02301977608035995 -0.07466610579451045 -0.010500190912562046 -0.0763813113778395 -0.012144519785446816 -0.2064528519300941 -0.14628321225992638 -0.17691747320220627 -0.024269390231570435 -0.20202020202020204 0.05131128848346637 -0.19044740024183798 0.010617760617760616 -0.1274406640944698
0.041928721174004195 -0.1364306784660767 -0.12971581344687594 -0.052935060024577 0.0314098537198241 -0.10756608933454877 0.023345513601299227 -0.10980966325036604 0.01373500595183591 -0.08298755186721993 0.04822182037371911 -0.09246611327098875 -0.09530141843971632 0.0193756727664155 -0.018508997429305913 -0.007303077725612936 -0.027262241795113766 -0.06988352745424294 -0.05205080158234436 -0.05592272496187086 0.007693998681028796 -0.11911149264942589 -0.11898323418063819 -0.0975508509755085 -0.021645021645021648 -0.015958507879513268 -0.02188411838265944 -0.07869058860560277 -0.06288052699870246 -0.058436815193571946 -0.010690613641223007 -0.32511645962732916 -0.3803154322220004 -0.3112480739599383 -0.1165545342556619 -0.1888104938885024 -0.07519628441888755 -0.1610753165963119 0.015543466192961031 -0.05016917512542294 -0.07767610129814854 -0.6292452830188678 -3.2176744186046506 -1.3349609375 -0.2038427777235931 -0.345274922662409 -0.08560727661851257 -0.3229988117100573 0.0020680384655154616 -0.2590078328981723 -0.07323503564105069 -0.45871559633027525 -4.807124239791486 -2.8734360371095415 -0.25433629909229805 -0.1671803493041935 -0.05456198848135798 -0.2154853702334425 -0.05083668714255455 -0.07667261842243463 -0.013879892662163409 -0.1311505906427309 -0.2726745310384839 -0.18165304268846505 -0.10906676783004551 -0.1641954423325704 -0.06856023506366307 -0.10098884914790658 -0.0458617747440273 -0.0717001629549158 0.01828505437397748 -0.09710743801652894 0.05734542800542175 -0.03343803830175296 0.021534044298605413 -0.16504854368932043 0.0022180326050792918 -0.16883261135177166 0.03823882879930078 -0.11031067086897792 0.03037921642572805 -0.13479195155303766 -0.1752873563218391 -0.0009403799134850482 0.0009472387989012072 -0.0488011882028432 0.014648948414774515 -0.08097591755179304 -0.021000381825124093 -0.08034917170915584 -0.009108389839085112 -0.19781063952371808 -0.16021494676087172 -0.16859194505151423 -0.030336737789463043 -0.18705574261129815 0.04465982516153554 -0.17331721080209594 0.0 -0.1099029580264235
0.043675751222921035 -0.13550884955752213 -0.12377463115159917 -0.061442480385669726 0.03679440007179395 -0.10209662716499542 0.03045066991473812 -0.09725998745032419 0.014650673015291637 -0.07732930969445494 0.054249547920433995 -0.0788063465377745 -0.08089539007092199 0.04628632938643703 -0.007197943444730076 0.011476264997391761 -0.023068050749711647 -0.055463117027176934 -0.04372267332916927 -0.045754956786985254 0.0021982853374367985 -0.12340379869084665 -0.11790156841535966 -0.09443752594437525 -0.027548209366391185 -0.012966287652104527 -0.02396832013338891 -0.07449375721330395 -0.06587483780816447 -0.058436815193571946 -0.012828736369467608 -0.3338509316770186 -0.42323817129167496 -0.3317925012840267 -0.12603051265043116 -0.18185431779787337 -0.07077297357071768 -0.1510775383248167 -0.0033307427556345083 -0.042002100105005255 -0.07129176420515003 -0.6499999999999999 -3.791627906976744 -1.578125 -0.20384277772359308 -0.33330006985330807 -0.07383627608346709 -0.33056065680025926 0.017578326956881406 -0.26005221932114886 -0.06054096279660189 -0.381651376146789 -4.000000000000001 -2.685334922121032 -0.2363620023366586 -0.14569907537125246 -0.05254117409315954 -0.18907784937150102 -0.04554119889853845 -0.07247137905682177 -0.0018506523549551208 -0.11533810808296903 -0.21272481144846261 -0.10990009082652134 -0.07776934749620637 -0.1512588317245497 -0.056589400370007606 -0.09257311171891437 -0.03199658703071672 -0.06518196632265073 0.020209796939659318 -0.08367768595041324 0.07611302262537795 0.00607964332759145 0.02871205906480722 -0.14455231930960089 0.003327048907618941 -0.15772520271020773 0.045886594559160936 -0.10243133723547951 0.03142677561282212 -0.12697792537604996 -0.1724137931034483 0.0075230393078803805 0.007577910391209627 -0.03819223424570337 0.015695301872972696 -0.07466610579451047 -0.021000381825124093 -0.07538934629501043 0.011132476469992917 -0.19204916458613405 -0.14329784058115233 -0.15818503486314914 -0.026291839417534636 -0.1748971193415638 0.044659825161535535 -0.16122531237404275 -0.0019305019305019323 -0.1040570560037414
0.046296296296296294 -0.13919616519174044 -0.11486285770868403 -0.06900463181775215 0.05294803912770348 -0.10847766636280765 0.03857084855866829 -0.10248901903367495 0.017397674205658818 -0.08298755186721993 0.05927265420936306 -0.07775559525060417 -0.08311170212765956 0.04736275565123789 0.00205655526992288 0.005216484089723529 -0.009436929852154765 -0.06433721575152525 -0.03747657713928794 -0.049822064056939494 0.0 -0.1287691812426226 -0.1297998918334235 -0.10273972602739725 -0.026564344746162927 -0.0239377618192699 -0.02188411838265944 -0.08288741999790157 -0.0678710450144725 -0.057393300636543874 -0.020312165918323712 -0.34646739130434784 -0.45518067478538626 -0.3759630200308167 -0.127925708329385 -0.2027228460697605 -0.07187880128276015 -0.164407909353477 -0.004440990340846012 -0.06300315015750788 -0.07341987656948287 -0.6641509433962264 -4.2772093023255815 -1.9091796875 -0.20871939920023402 -0.36423510627681865 -0.06527554842161583 -0.3683698822512693 0.016544307724123672 -0.2819843342036553 -0.05077629137779514 -0.3302752293577982 -3.245004344048654 -2.4138224529747214 -0.20940055720319944 -0.14569907537125243 -0.043447509346266545 -0.18062744269567974 -0.03495022241050625 -0.06511921016699926 0.004626630887387804 -0.10975723188540602 -0.17598143492554633 -0.08810172570390554 -0.05974962063732929 -0.144292964474077 -0.04570682337577538 -0.09467704607616242 -0.018131399317406142 -0.06626833242802824 0.026946395919545764 -0.08264462809917356 0.08445417578980295 0.0030398216637957214 0.04306808859721083 -0.1499460625674218 0.01441721193301541 -0.16216816616683327 0.058997050147492625 -0.10805943268797838 0.036664571548292474 -0.12795467864817348 -0.1628352490421456 0.0056422794809102865 0.022733731173628875 -0.03607044345427541 0.025112482996756308 -0.07782101167315174 -0.0143184421534937 -0.07737327646066859 0.008096346523631212 -0.1997311311695794 -0.12737585829435766 -0.15714434384431264 -0.0050561229649105045 -0.17583239805462028 0.05701254275940708 -0.1682789197904071 0.0067567567567567545 -0.1110721384309599
0.043675751222921035 -0.14564896755162243 -0.12179423705317358 -0.07373097646280366 0.05205061473570851 -0.11485870556061986 0.04567600487210719 -0.11190127588370632 0.033879681347861915 -0.08958883440211243 0.057263411693791434 -0.0788063465377745 -0.08089539007092197 0.045209903121636176 0.0030848329048843194 0.005216484089723529 -0.009436929852154765 -0.06322795341098171 -0.03539454507599417 -0.047788510421962374 -0.014288854693339195 -0.14486532889795042 -0.16116819902650084 -0.10273972602739725 -0.037386855568673744 -0.03191701575902653 -0.033347228011671524 -0.09652712202287271 -0.06986725222078051 -0.0636543879787123 -0.03207184092366902 -0.34646739130434784 -0.5030944300259532 -0.4036979969183359 -0.14498246943996967 -0.19775414886216836 -0.07630211213093001 -0.15996445234392356 -0.0055512379260575125 -0.07233695018084238 -0.0755479889338157 -0.6679245283018866 -4.685581395348837 -2.2255859375 -0.2292012094021262 -0.37122043708212754 -0.06741573033707864 -0.38133304526304423 0.006204115396546377 -0.28720626631853785 -0.04589395566839176 -0.2798165137614679 -2.5499565595134666 -2.0997531704825945 -0.190527545609778 -0.11954795927897639 -0.0414266949580681 -0.1552762226682159 -0.022241050624867607 -0.04411301333893499 0.004626630887387804 -0.09673518742442563 -0.1547089537807001 -0.0681198910081744 -0.04836874051593324 -0.12439048661558363 -0.033735988682119925 -0.08626130864717022 -0.009598976109215018 -0.060836501901140684 0.02020979693965932 -0.07954545454545454 0.07611302262537797 0.00405309555172763 0.0440935192780968 -0.1402373247033441 0.012199179327936115 -0.1610574253026769 0.06555227794165848 -0.11819000450247634 0.040854808296668765 -0.1201406524711858 -0.15517241379310345 0.0047018995674252394 0.033153357961542104 -0.01909611712285169 0.030344250287747204 -0.05994321169418446 -0.008591065292096219 -0.060509870052574154 0.007084303208177311 -0.19204916458613405 -0.13235147775898098 -0.16026641690082216 -0.0020224491859642023 -0.15899738121960344 0.06271379703534777 -0.16223297057638048 0.018339768339768338 -0.10171869519466852
0.044549266247379454 -0.1484144542772861 -0.13664719279136547 -0.084128934681917 0.045768643991743685 -0.11121239744758431 0.05075111652456353 -0.11085546956703618 0.04120501785550774 -0.08958883440211242 0.05324492666264817 -0.07355259010192286 -0.07092198581560283 0.035522066738428414 0.008226221079691514 0.007303077725612938 -0.0073398343294537064 -0.0632279534109817 -0.03539454507599417 -0.047788510421962374 1.3877787807814458e-18 -0.14271917587724003 -0.15792320173066524 -0.11000415110004151 -0.02066115702479339 -0.017953321364452428 -0.021884118382659443 -0.08498583569405099 -0.05489569817347041 -0.04591464050923511 -0.036348086380158226 -0.3406444099378882 -0.5540027949690558 -0.43554185927067285 -0.1563536435136928 -0.18284805723939185 -0.07961959526705739 -0.14330148855809818 -0.009992228266903522 -0.05833625014584063 -0.07235582038731644 -0.6688679245283018 -4.976744186046512 -2.5107421875 -0.23310250658343898 -0.37521205468516117 -0.06741573033707864 -0.38781462676893164 0.005170096163788649 -0.2840731070496083 -0.0283175471145396 -0.2330275229357798 -1.9331016507384882 -1.764405481317559 -0.15098409274737126 -0.10273652750537032 -0.024249772658381324 -0.1320376043097074 -0.008472781190425754 -0.024157126352273916 0.007402609419820488 -0.07627197470002789 -0.13343647263585381 -0.050862851952770204 -0.03414264036418817 -0.10946362822171359 -0.02938295788442703 -0.07574163686092994 -0.006399317406143345 -0.042368278109722976 0.024059282071022998 -0.06301652892561983 0.05421749556876239 1.3877787807814458e-18 0.05024610336341264 -0.13807982740021574 0.021071309748253296 -0.1488392757969566 0.07647765759860156 -0.11706438541197657 0.0502828409805154 -0.1074428599335808 -0.1417624521072797 0.001880759826970091 0.05209813393956616 -0.006365372374283895 0.048132259077116255 -0.04627195288673889 0.00572737686139748 -0.0436464636444797 0.015180649731808521 -0.17860572306510467 -0.12339536272265897 -0.1561036528254761 0.0030336737789463035 -0.14870931537598203 0.0636640060813379 -0.15316404675534057 0.022200772200772205 -0.09119607155384075
0.040181691125087356 -0.13366519174041297 -0.15249034557877017 -0.08980054825597882 0.02512788297585929 -0.10938924339106655 0.03654080389768575 -0.09830579376699436 0.0265543448402161 -0.08487363259147492 0.05023106288929073 -0.058842072081538285 -0.07535460992907801 0.036598493003229274 -0.008226221079691514 0.00938967136150235 -0.01887385970430953 -0.05768164170826401 -0.041640641265875494 -0.04677173360447381 -0.0021982853374367985 -0.12984225775297778 -0.18496484586262846 -0.11000415110004151 -0.03541912632821724 -0.013963694394574112 -0.035431429762401004 -0.07659217290945337 -0.06886914861762652 -0.038610038610038616 -0.049176822749625836 -0.3425854037267081 -0.6388500698742263 -0.4714946070878274 -0.1866767743769544 -0.17191692338268902 -0.10173614950790669 -0.13330371028660298 -0.03441767514155657 -0.05133590012833975 -0.07767610129814854 -0.6452830188679245 -5.1144186046511635 -2.7080078125 -0.26236223544328485 -0.3772078634866779 -0.08453718566078115 -0.38133304526304423 -0.012408230793092752 -0.28302872062663187 -0.01562347427009081 -0.17522935779816512 -1.41876629018245 -1.4094816580134477 -0.13211108115394982 -0.07751937984496124 -0.030312215822976656 -0.10246118094433294 -0.013768269434441852 -1.3877787807814458e-18 0.0009253261774775617 -0.05301832387684866 -0.12570102494681878 -0.03996366939146231 -0.04172989377845221 -0.09553189372076826 -0.03700076178038959 -0.06311803071744163 -0.018131399317406142 -0.028245518739815317 0.02309691078818208 -0.04648760330578512 0.013554373892190599 0.02127875164657007 0.025635767022149297 -0.12297734627831713 0.0011090163025396422 -0.14328557147617463 0.05899705014749264 -0.11031067086897792 0.04609260423213911 -0.09083805430748193 -0.1388888888888889 0.020688358096671057 0.03883679075494932 0.0021217907914279654 0.0251124829967563 -0.03785887054369545 -0.015273004963726609 -0.03273484773335978 0.006072259892723407 -0.16228154407528328 -0.14628321225992635 -0.14153397856176503 -0.020224491859642025 -0.13655069210624768 0.04370961611554543 -0.13603385731559853 0.004826254826254826 -0.08184262831754939
0.037561146051712097 -0.12721238938053098 -0.1623923160708981 -0.09074581718498911 0.017948487839899482 -0.10209662716499546 0.021315468940316683 -0.08680192428362267 0.018313341269114554 -0.07261410788381742 0.05525416917821981 -0.04203005148681308 -0.0775709219858156 0.05059203444564046 -0.02262210796915167 0.014606155451225872 -0.035650623885918005 -0.04658901830282862 -0.04788673745575682 -0.04270462633451957 -0.004396570674873599 -0.11267303358729477 -0.2174148188209843 -0.08821087588210876 -0.048209366391184574 -2.7755575615628915e-18 -0.05835764902042517 -0.05980484734025811 -0.0818444954586286 -0.018783262026505283 -0.052384006841992736 -0.35229037267080743 -0.7396685965262527 -0.5238828967642527 -0.20657632900596984 -0.16694822617509686 -0.12717018688488332 -0.13219284603421463 -0.0510713889197291 -0.04900245012250612 -0.07022770802298361 -0.6207547169811322 -4.960930232558139 -2.7841796875 -0.26333755973861306 -0.3722183414828859 -0.09309791332263243 -0.3651290914983256 -0.01654430772412367 -0.27049608355091387 -0.004882335709403376 -0.14128440366972478 -1.0251954821894005 -1.1047748744574006 -0.1141367843983104 -0.05510413748015317 -0.038395473375770435 -0.08344776592373508 -0.013768269434441848 0.01365402793824178 0.005551957064865364 -0.03906613338294113 -0.12086637014117192 -0.017257039055404176 -0.032245827010622154 -0.08856602647029556 -0.033735988682119925 -0.0662739322533137 -0.01706484641638225 -0.03476371537208039 0.01636031180829564 -0.048553719008264475 -0.018767594619956217 0.0010132738879319065 0.012305168170631663 -0.11003236245954692 -0.01774426084063436 -0.13328890369876709 0.0415164426963837 -0.10805943268797838 0.05237795935470354 -0.07325649540925963 -0.1446360153256705 0.04607861576076736 0.033153357961542104 0.023339698705707616 0.008370827665585435 -0.018929435271847733 -0.03245513554791905 -0.017855371490923512 0.010120433154539015 -0.15748031496062992 -0.14628321225992638 -0.13528983244874598 -0.012134695115785212 -0.13093901982790873 0.04561003420752566 -0.13502619911326078 0.01061776061776062 -0.08535016953115866
0.02183787561146052 -0.12168141592920352 -0.18021586295672837 -0.09547216183004065 -0.0017948487839899482 -0.0984503190519599 0.005075111652456353 -0.08471031165028238 0.004578335317278641 -0.07167106752168992 0.054249547920433995 -0.03782704633813177 -0.08089539007092199 0.043057050592034435 -0.02467866323907455 0.01043296817944705 -0.03669917164726853 -0.04658901830282861 -0.04372267332916927 -0.048805287239450934 -0.008793141349747197 -0.11052688056658441 -0.2552731206057329 -0.10066417600664175 -0.056080283353010615 -2.0816681711721684e-18 -0.057315548145060444 -0.0577064316441087 -0.07186345942708852 -0.01982677658353333 -0.06307462048321573 -0.36781832298136646 -0.8454781393491715 -0.5598356445814072 -0.22647588363498533 -0.16595448673357843 -0.14486343027756274 -0.13108198178182623 -0.06772510269790163 -0.05016917512542294 -0.07554798893381569 -0.5943396226415094 -4.6827906976744185 -2.7431640625 -0.2672388569199258 -0.37022253268136907 -0.10272873194221507 -0.3597277735767527 -0.026884500051700965 -0.2684073107049608 -0.01757640855385216 -0.11559633027522935 -0.7541268462206776 -0.8170908162396799 -0.10425092118270873 -0.042962547865882134 -0.042437102152167325 -0.07922256258582445 -0.016945562380851514 0.01890557714525785 0.0018506523549551225 -0.027904380987815086 -0.12183330110230128 -0.0036330608537692996 -0.01991654021244309 -0.08558065479152155 -0.041353792578082485 -0.0704818009678098 -0.02666382252559727 -0.036936447582835416 0.01828505437397748 -0.04958677685950414 -0.047961630695443645 -0.026345121086229606 0.00922887612797375 -0.09816612729234088 -0.018853277143174002 -0.1277351993779851 0.03605375286791216 -0.11031067086897794 0.03875968992248062 -0.06544246923227193 -0.1618773946360153 0.04984013541470754 0.022733731173628875 0.029705071079991513 0.006278120749189075 -0.01261962351456515 -0.03340969835815197 -0.016863406408094438 0.0010120433154538998 -0.14787785673132323 -0.15921982286794706 -0.1280049953168904 -0.014157144301749419 -0.13000374111485224 0.04370961611554543 -0.13603385731559856 0.007722007722007722 -0.09119607155384074
0.013976240391334735 -0.11522861356932153 -0.18912763639964353 -0.08034785896587579 -0.011666517095934668 -0.09206927985414767 -0.0020300446609825403 -0.07529805480025101 -0.0036626682538229093 -0.06978498679743493 0.045207956600361664 -0.036776295050961444 -0.09751773049645389 0.05597416576964477 -0.03598971722365039 0.018779342723004695 -0.03774771940861906 -0.03993344425956739 -0.039558609202581724 -0.04270462633451957 -0.01758628269949439 -0.09872303895267734 -0.2942130881557599 -0.0850975508509755 -0.06690279417552145 0.014961101137043686 -0.05835764902042517 -0.04091910607491343 -0.07086535582393452 -0.001043514557028067 -0.07055805003207186 -0.37752329192546585 -0.9083649431024157 -0.5721623009758603 -0.22742348147446229 -0.16197952896750473 -0.13048767002101072 -0.1244167962674961 -0.07660708337959365 -0.047835725119589306 -0.06597148329431793 -0.559433962264151 -4.230697674418604 -2.5849609375 -0.2574856139666439 -0.3502644446662009 -0.0898876404494382 -0.341363292643405 -0.027918519284458692 -0.25796344647519576 -0.0048823357094033805 -0.08440366972477065 -0.5516941789748044 -0.559196527364031 -0.08088433540037746 -0.013075558046138042 -0.023239365464282107 -0.0517587408894053 -0.008472781190425759 0.0451633231803382 0.00832793559729805 -0.012091898428053199 -0.11796557725778378 0.021798365122615806 -0.002845220030349013 -0.06965867250472685 -0.0326477309826967 -0.06101409636019356 -0.02559726962457338 -0.028245518739815317 0.02309691078818208 -0.038223140495867766 -0.053174851423209255 -0.010132738879319082 0.012305168170631667 -0.07659115426105716 -0.012199179327936124 -0.10774186382317004 0.03277613897082923 -0.0934263845114813 0.04399748585795097 -0.05665168978316078 -0.14655172413793102 0.0630054542034982 0.026522686369233682 0.03925312964141735 0.009417181123783614 -0.001051635292880429 -0.029591447117220317 -0.00793572066263268 0.013156563100900718 -0.1286729402727098 -0.14727833615285105 -0.11447601207201581 -0.0030336737789463026 -0.11878039655817436 0.05891296085138731 -0.11688835147118097 0.012548262548262547 -0.07365836548579445
0.01834381551362684 -0.1096976401179941 -0.17328448361223883 -0.07845732110785518 -0.008076819527954771 -0.08842297174111213 0.008120178643930168 -0.07425224848358083 0.0036626682538229123 -0.07072802715956242 0.04621257785814748 -0.037827046338131776 -0.08200354609929077 0.03659849300322928 -0.04010282776349615 0.01251956181533646 -0.030407885079165354 -0.03771491957848031 -0.042681657297522387 -0.04067107269954245 -0.01648714003077599 -0.10194226848374291 -0.27798810167658194 -0.10273972602739725 -0.06395120031483667 0.015958507879513265 -0.053147144643601506 -0.03567306683453992 -0.07186345942708852 0.003130543671084214 -0.06841992730382725 -0.38722826086956524 -0.9283290077859853 -0.5608628659476117 -0.21699990524021612 -0.15800457120143097 -0.1028419772199491 -0.1199733392579427 -0.05884312201620963 -0.04550227511375567 -0.0468184720153224 -0.529245283018868 -3.724651162790697 -2.3642578125 -0.23797912806007995 -0.3303063566510328 -0.06420545746388442 -0.32083828454142804 -0.01447626925860821 -0.23916449086161884 0.006835269993164731 -0.06605504587155964 -0.4100781928757602 -0.37024427610860505 -0.05841646445582817 -0.0018679368637340079 -0.01616651510558755 -0.042252033379106366 -0.00317729294640966 0.05566642159437034 0.015730545017118534 -0.0009301460329271705 -0.11409785341326631 0.030881017257039057 0.005690440060698027 -0.056722061896706144 -0.020676896289041242 -0.053650326109825376 -0.020264505119453925 -0.024986420423682782 0.03079588105090944 -0.04028925619834711 -0.04483369825878428 -0.008106191103455262 0.02255947497949139 -0.07443365695792878 -0.0011090163025396463 -0.10552038209485726 0.03605375286791216 -0.09455200360198109 0.047140163419233175 -0.045907403789802695 -0.1350574712643678 0.06394583411698326 0.0312588803637397 0.04986208359855718 0.013602594956576331 0.008413082343043433 -0.0286368843069874 0.0029758952484872504 0.005060216577269505 -0.12387171115805647 -0.13931734500945367 -0.11343532105317933 0.012134695115785219 -0.1122334455667789 0.08076776890916001 -0.11084240225715439 0.029922779922779925 -0.0643049222495031
0.019217330538085258 -0.11338495575221239 -0.18219625705515397 -0.06427828717270062 -0.01615363905590954 -0.08477666362807658 0.010150223304912706 -0.07634386111692117 -0.0009156670634557259 -0.07261410788381742 0.04219409282700422 -0.038877797625302093 -0.06427304964539007 0.02691065662002153 -0.04010282776349614 -0.0010432968179447041 -0.030407885079165354 -0.04658901830282862 -0.03539454507599417 -0.045754956786985254 -0.010991426687183992 -0.10623457452516365 -0.2714981070849108 -0.09858862598588626 -0.053128689492325853 0.014961101137043686 -0.04481033764068361 -0.04301752177106285 -0.06188242339554846 -0.0052175727851403505 -0.07697241821680564 -0.39693322981366463 -0.9423038530644838 -0.5413456599897278 -0.21320951388230838 -0.16297326840902313 -0.09620701094769436 -0.12886025327704959 -0.061063617186632634 -0.06416987516042469 -0.03617791019365823 -0.5084905660377358 -3.1618604651162796 -2.08203125 -0.21359602067687508 -0.3213252170442072 -0.05029427501337613 -0.32299881171005723 -0.0031020576982731885 -0.24020887728459533 0.009764671418806757 -0.05871559633027523 -0.2771503040834058 -0.21278406672908337 -0.036847308349060845 0.0018679368637340079 -0.004041628776396887 -0.039083130875673396 0.004236390595212877 0.05356580191156392 0.014805218839640973 -0.001860292065854334 -0.10346161284084317 0.029064486830154408 0.009484066767830045 -0.059707433575480154 -0.01958863858961802 -0.0589101620029455 -0.017064846416382253 -0.03259098316132537 0.0384948513136368 -0.045454545454545456 -0.05004691898654988 -0.008106191103455262 0.021534044298605413 -0.07874865156418553 0.004436065210158587 -0.1144063090081084 0.03168360100513493 -0.10805943268797838 0.04818772260632725 -0.046884157061926154 -0.12739463601532566 0.05830355463607297 0.03694231315714692 0.04349671122427329 0.019880715705765405 0.007361447050163003 -0.018136693394425356 -0.0029758952484872534 -0.0050602165772695076 -0.1248319569809871 -0.11443924768633695 -0.10406910188365075 0.017190818080695724 -0.12158623269734378 0.08076776890916001 -0.12595727529222087 0.029922779922779925 -0.07833508710394015
0.017470300489168415 -0.10785398230088497 -0.17130408951381323 -0.057661404669628505 -0.022435609799874363 -0.08933454876937101 0.005075111652456354 -0.08575611796695251 0.0018313341269114534 -0.0811014711429649 0.03918022905364678 -0.047283807922664706 -0.056515957446808505 0.007534983853606028 -0.05244215938303341 -0.020865936358894104 -0.03879626716996959 -0.06211869107043816 -0.038517593170934825 -0.05185561769191662 -0.005495713343591997 -0.1115999570769396 -0.2693347755543537 -0.0850975508509755 -0.045257772530499805 0.008976660682226214 -0.04376823676531888 -0.05141118455566048 -0.05988621618924045 -0.011478660127308775 -0.08980115458627326 -0.3998447204968944 -0.9043721301657017 -0.5095017976373909 -0.2008907419691083 -0.1530358739938388 -0.09510118323565189 -0.11886247500555433 -0.04996114133451761 -0.06300315015750788 -0.05001064056182166 -0.4886792452830188 -2.567441860465117 -1.7744140625 -0.2096947234955623 -0.3103482686358646 -0.05136436597110754 -0.3089553851139678 -0.008272153862061838 -0.22454308093994785 0.011717605702568107 -0.05137614678899083 -0.18071242397914855 -0.0825602178908843 -0.021569156106767323 0.00747174745493602 -0.0030312215822976643 -0.03591422837224041 0.005295488244016098 0.05986766095998319 0.018506523549551217 -0.0018602920658543375 -0.09475923419067878 0.043596730245231606 0.015174506828528073 -0.0517464424320828 -0.00870606159538579 -0.055754260467073435 -0.010665529010238903 -0.028245518739815317 0.042344336445000484 -0.057851239669421496 -0.054217495568762375 -0.028371668862093424 0.018457752255947497 -0.09492988133764832 0.004436065210158589 -0.12551371764967234 0.03168360100513494 -0.11031067086897792 0.054473077728891685 -0.05372142996679039 -0.1053639846743295 0.060184314463043065 0.04830917874396136 0.03394865266284744 0.02825154337135084 0.001051635292880429 -0.007636502481863305 -0.005951790496974507 -0.01315656310090072 -0.1257922028039178 -0.11145387600756296 -0.1009470288271412 0.032359186975427244 -0.12439206883651328 0.09217027746104142 -0.1249496170898831 0.04633204633204633 -0.07950426750847656
0.016596785464709995 -0.10232300884955754 -0.16536290721853647 -0.05482559788259759 -0.031409853719824105 -0.08933454876937102 0.007105156313438896 -0.08575611796695251 0.0009156670634557258 -0.07355714824594492 0.034157122764717704 -0.04833455920983504 -0.04543439716312057 0.003229278794402585 -0.0493573264781491 -0.01773604590505999 -0.037747719408619075 -0.05435385468663338 -0.03435352904434728 -0.045754956786985254 -0.005495713343591997 -0.10945380405622922 -0.25527312060573276 -0.07368202573682026 -0.04329004329004329 0.009974067424695792 -0.04272613588995414 -0.051411184555660475 -0.05589380177662442 -0.0177397474694772 -0.08980115458627326 -0.391110248447205 -0.8604511878618484 -0.46327683615819215 -0.18667677437695446 -0.1411110006956176 -0.08293707840318479 -0.1110864252388358 -0.04218940823803709 -0.05016917512542294 -0.05107469674398809 -0.46603773584905656 -1.9953488372093027 -1.412109375 -0.18921291329367015 -0.29138808502145497 -0.046013911182450504 -0.28735011342767636 -0.006204115396546377 -0.21618798955613577 0.005858802851284055 -0.046788990825688076 -0.1476976542137272 -0.0059579538684143285 -0.005392289026691829 0.026151116092276078 0.009093664746892997 -0.03274532586880744 0.009531878839228975 0.05986766095998319 0.014805218839640973 0.002790438098781509 -0.09669309611293753 0.049954586739327886 0.015174506828528073 -0.04975619464623345 -0.007617803895962567 -0.05259835893120135 -0.020264505119453925 -0.024986420423682782 0.04138196516215956 -0.06508264462809918 -0.040663121676571795 -0.027358394974161516 0.01948318293683347 -0.09492988133764832 0.007763114117777532 -0.12884594024214152 0.021850759313886157 -0.10693381359747862 0.04923528179342133 -0.05176792342254347 -0.1053639846743295 0.05642279480910288 0.04452022354835654 0.03182686187141947 0.027205189913152662 0.002103270585760858 -0.011454753722794963 -0.006943755579803592 -0.012144519785446816 -0.11042826963702708 -0.10548313265001494 -0.0999063378083047 0.021235716452624127 -0.12813318368873924 0.08836944127708095 -0.11789600967351874 0.03957528957528957 -0.07599672629486728
0.019217330538085258 -0.0903392330383481 -0.13763738984057827 -0.06522355610171093 -0.02512788297585929 -0.08842297174111213 0.005075111652456351 -0.07425224848358083 -0.01098800476146873 -0.06978498679743493 0.029134016475788626 -0.046233056635494374 -0.023271276595744676 0.015069967707212056 -0.04730077120822622 -0.0198226395409494 -0.033553528363216956 -0.05657237936772046 -0.031230480949406614 -0.04575495678698525 6.938893903907229e-19 -0.09121150338019102 -0.22498647917793405 -0.06434205064342051 -0.029515938606847703 0.013963694394574105 -0.03230512713630679 -0.041968313922988144 -0.05489569817347041 -0.014609203798392983 -0.08124866367329485 -0.37558229813664595 -0.7825913355959273 -0.4221879815100153 -0.1563536435136928 -0.12421743018980422 -0.06856131814663276 -0.09553432570539881 -0.031086932385922073 -0.0466690001166725 -0.053202809108320925 -0.4301886792452831 -1.4604651162790696 -1.0234375 -0.14337267141324492 -0.2594551441971859 -0.029962546816479398 -0.2657448417413849 0.004136076931030917 -0.2036553524804178 0.0019529342837613507 -0.03486238532110092 -0.11294526498696786 0.04936590348114733 0.012582007728947606 0.04296254786588213 0.021218551076083662 -0.02640752086194148 0.013768269434441857 0.06196828064278963 0.015730545017118534 0.009301460329271696 -0.0783214078514794 0.04632152588555859 0.025606980273141122 -0.053736690217932134 -0.004353030797692897 -0.05049442457395329 -0.01706484641638225 -0.031504617055947856 0.04041959387931865 -0.06198347107438017 -0.006255864873318744 -0.013172560543114803 0.039991796554552914 -0.08737864077669902 0.016635244538094708 -0.1277351993779851 0.025128373210969078 -0.10130571814497973 0.045045045045045036 -0.059581949599531156 -0.09865900383141762 0.07993229264622907 0.04736193994506015 0.028644175684277524 0.030344250287747197 -0.005258176464402145 -0.006681939671630397 -0.016863406408094434 -0.010120433154539015 -0.10850777799116573 -0.07164892029057619 -0.08845873660110312 0.027303064010516735 -0.13748597081930417 0.08931965032307107 -0.12192664248286982 0.03957528957528957 -0.08885771074476792
