0.09084556254367575 0.026745365673706535 0.06836421282076686 0.07560722048955676 0.09426339886883921 0.02736227654140825 0.09238578680203045 -0.037660843184433516 0.05127735555352074 0.0066037735849056615 -0.020064205457463884 0.09669960058860624 0.08418254319893664 -0.030078418734557955 0.11623122814235753 0.021904662563888594 0.09964338158170757 0.023289342353332593 0.04060807996668055 -0.0020335536349771212 0.08682272777228266 0.0246701705459616 0.11581339971858425 0.028002489110143126 0.06787998032464337 -0.05278884462151394 -0.02083116342047703 0.015729865771812086 0.00798562587342783 0.009390651085141904 0.10904425914047469 0.061188811188811185 0.2168915542228885 0.12225190055475652 0.16124442758228208 0.057671273739683795 0.13736568073557104 -0.025541365907828982 0.11222222222222222 -0.02099125364431487 0.020191285866099896 0.06325528700906344 0.06599739728574083 0.026338893766461806 0.0868038622842095 0.10701070107010699 0.018177929854576565 0.005410084397316596 -0.008267024904412525 0.001045915699194644 0.03708040593286495 0.06968002200421748 0.024322446143154965 0.05524392316845148 0.005387447247912363 -0.08021639772409292 -0.2149127232368076 -0.27757255936675457 -0.14814814814814814 -0.09546789760805706 0.004626202812731306 0.04464700958050414 -0.031908721717269384 0.01360914534567229 -0.06255331248222916 -0.11543437157926162 -0.4786771105308964 -1.322322743530402 -0.32498668087373467 -0.07496740547588004 0.004808617041738794 0.031004547333608933 -0.0020828993959591743 0.012149438088488406 0.004100041000410004 -0.06801252294073194 -0.31620991900588036 -0.6002000666888962 -0.12891947995192835 -0.05631899076368552 0.01465201465201465 0.038104543234000976 0.015322735108216823 -0.0037555159139986845 0.030285822449365885 -0.07633587786259541 -0.11499059167886264 -0.16820857863751051 -0.06201698311229844 -0.023807161987898028 0.060722598927234084 -0.008644702718278743 0.11350059737156512 -0.028081123244929795 0.027289266221952702 -0.07108783088579178 0.006645779929744612 -0.011087591976615263 0.0 -0.03157525435621565
0.0882250174703005 0.03781241353868855 0.05944714158327554 0.0793875815140346 0.09695663883652032 0.03374680773440351 0.08426395939086295 -0.033476305052829794 0.05036168849006502 0.014150943396226417 -0.012038523274478331 0.09459743535841916 0.09082853345148428 -0.035449564937157584 0.11828841802098336 0.0219046625638886 0.09859450388084749 0.04325163579904624 0.04373177842565598 0.0020335536349771234 0.093416858995494 0.026815402767349568 0.13096655482195044 0.023853972204936735 0.07476635514018691 -0.057768924302788835 -0.00624934902614311 0.01048657718120805 0.014973048512677181 0.004173622704507512 0.10476801368398544 0.044677544677544666 0.20889555222388806 0.1017053626463941 0.16219292421511905 0.03281296609326837 0.12739559100476344 -0.04441976679622432 0.10444444444444445 -0.037317784256559766 0.02975557917109458 0.059478851963746214 0.07529280535415503 0.026338893766461806 0.0907051594655223 0.099009900990099 0.007485029940119767 -0.004328067517853282 -0.015500671695773485 -0.009413241292751803 0.03708040593286495 0.06051159805629412 0.03822098679638638 0.049294577596464384 0.0017958157493041214 -0.09607312750676245 -0.2623347795378872 -0.3525065963060686 -0.1767195767195767 -0.11435165757448593 0.0037009622501850458 0.040926425448795455 -0.0396441694063044 0.006350934494647071 -0.07392664202445265 -0.14628321225992638 -0.6734116623150566 -2.151272880286135 -0.38785295684603094 -0.09126466753585397 0.0076937872667820735 0.029971062422488638 -0.005207248489897938 0.01619925078465121 0.003075030750307503 -0.07233077836554033 -0.39609453012315543 -0.800266755585195 -0.15951054299136896 -0.0529398513178644 0.009419152276295131 0.038104543234000976 0.014365064163953273 -0.0056332738709980274 0.025553662691652473 -0.07527565733672602 -0.13589797198411038 -0.19028595458368378 -0.06678752027478294 -0.023807161987898028 0.06274668555814189 -0.00768418019402555 0.11051373954599761 -0.03328133125325013 0.02931069334950475 -0.06921709849406042 0.00854457419538593 -0.003023888720895068 0.00482392667631452 -0.025727985030990524
0.09084556254367575 0.042423683482431064 0.05944714158327554 0.08411303279463189 0.10234311877188258 0.035570959503830726 0.07512690355329948 -0.030337901454127004 0.044867686109330646 0.019811320754716984 -0.022070626003210275 0.0956485179735127 0.0819672131147541 -0.032226877215597804 0.11314544332441885 0.018775425054761655 0.09230123767568701 0.05988688033714096 0.040608079966680546 0.00813421453990849 0.09121881525442356 0.033251099431513456 0.13962550059530254 0.02696535988384153 0.07673389080177077 -0.05378486055776892 -0.016664930736381627 0.01782718120805369 0.009982032341784788 0.0 0.10369895231986317 0.03885003885003885 0.20289855072463764 0.09348674748304911 0.16029593094944514 0.014914984587849256 0.11410213803035336 -0.059966685174902834 0.1 -0.04664723032069971 0.022316684378320937 0.05098187311178247 0.07064510131994793 0.026338893766461806 0.08680386228420951 0.086008600860086 -0.016039349871685194 -0.019476303830339756 -0.03926836829595949 -0.0209183139838929 0.03317720530835285 0.06784633721463282 0.04430159833217512 0.04929457759646439 -0.0017958157493041227 -0.10353511799272457 -0.3521339925335486 -0.49287598944591027 -0.2306878306878307 -0.11959714645404951 -0.0027757216876387893 0.043716863547576965 -0.05801585766776253 0.0063509344946470715 -0.09098663633778789 -0.16419544233257038 -0.9899912967798086 -3.090679570797391 -0.46244006393180614 -0.09343763581051717 0.003846893633391038 0.038238941711451015 -0.009373047281816288 0.04657284600587223 0.0071750717507175045 -0.06153513980351939 -0.43936536114501273 -0.8547293542291875 -0.17808368840817218 -0.05519261094841181 0.00941915227629513 0.04396678065461651 0.02202643171806168 -1.7347234759768072e-19 0.028392958546280524 -0.06785411365564037 -0.15262387622830859 -0.17661900756938603 -0.07728270203224882 -0.020831266739410777 0.06578281550450359 -0.0153683603880511 0.11549183592194345 -0.023920956838273527 0.030321406913280773 -0.0757646618651202 0.0 -0.01713536941840541 -0.0009647853352629035 -0.03508361595135072
0.08909853249475891 0.04242368348243107 0.07430892697909443 0.10206974766090163 0.10683185205135112 0.04286756658153958 0.07208121827411167 -0.02719949785542421 0.0466990202362421 0.021698113207547172 -0.02207062600321028 0.1072104267395417 0.08307487815684539 -0.011816521645719197 0.11623122814235756 0.023990820903306558 0.10069225928256764 0.07763114117777532 0.05102040816326531 0.01626842907981698 0.08902077151335311 0.031105867210125492 0.12555471371360538 0.024891101431238332 0.07181505164781113 -0.05278884462151394 -0.016664930736381627 0.022021812080536912 0.010980235575963266 0.002086811352253756 0.10156082959161856 0.030108780108780108 0.1779110444777611 0.09554140127388536 0.1546049511524234 0.003977329223426469 0.10856319929101584 -0.06996113270405331 0.09333333333333335 -0.05830903790087464 0.018065887353878853 0.0547583081570997 0.062279234058375155 0.02731440835040484 0.07705061933092754 0.08400840084008401 -0.04918733960650129 -0.035706557022289545 -0.06820295546140333 -0.025101976780671477 0.033177205308352845 0.059594755661501776 0.0425642807505212 0.04249532551419344 -0.0053874472479123635 -0.11472810372166775 -0.4368883059227121 -0.720844327176781 -0.26666666666666666 -0.12484263533361309 -0.004626202812731314 0.04557715561343131 -0.08605685554051441 0.0009072763563781519 -0.10520329826556725 -0.17613692904766645 -1.2826370757180157 -4.026930359772775 -0.5242408098028769 -0.09452411994784878 -0.0009617234083477584 0.047540305911533694 -0.012497396375755053 0.07897134757517463 0.004100041000410004 -0.04318255424808378 -0.4626650393875512 -0.9125263976881183 -0.18791653009942094 -0.048434332056769544 0.01151229722658294 0.04298974108451392 0.015322735108216818 -0.010327668763496386 0.027446526594737834 -0.06891433418150975 -0.15575998327409574 -0.1713624894869638 -0.07346627230226123 -0.018847336573752604 0.05869851229632628 -0.0153683603880511 0.10055754679410593 -0.028081123244929795 0.024257125530624618 -0.07670002806098589 -0.010443368461027249 -0.02721499848805564 -0.009647853352629044 -0.039761431411530816
0.08123689727463312 0.04242368348243107 0.06935499851382146 0.08316794253851242 0.09875213214830776 0.03557095950383072 0.055837563451776664 -0.02929176692122607 0.03754234960168483 0.020754716981132078 -0.01605136436597111 0.10615934412444819 0.07753655294638903 -0.004296916962079706 0.11417403826373174 0.03129237509126943 0.08391021606880639 0.09648441832094933 0.03540191586838817 0.0183019827147941 0.08682272777228267 0.022524938324573633 0.11797813616192229 0.014519809168222358 0.0678799803246434 -0.060756972111553786 -0.028122070617643997 0.00838926174496644 -0.0029946097025354357 -0.002086811352253756 0.09087021595039554 0.009712509712509712 0.1679160419790105 0.084240805424286 0.14132599829270606 -0.004971661529283085 0.08419186883793064 -0.07773459189339256 0.07 -0.07113702623906706 0.009564293304994686 0.05381419939577039 0.04554749953522961 0.031216466686176957 0.05754413342436361 0.081008100810081 -0.0962360992301112 -0.055182860852629315 -0.11367159243567222 -0.03242338667503399 0.030249804839968773 0.05226001650316311 0.0356150104239055 0.022097569267380587 -0.017060249618389152 -0.13431582874731834 -0.5700736555342549 -1.0860158311345647 -0.33015873015873015 -0.13323541754091478 -0.01295336787564767 0.033485257185378106 -0.09572616515180817 -0.012701868989294141 -0.12226329257890249 -0.20001990247785853 -1.5959530026109658 -4.92951819903219 -0.5966968566862013 -0.10430247718383312 0.0038468936333910368 0.05064076064489459 -0.017704644865652992 0.07897134757517466 0.0 -0.03562560725466912 -0.49373127704426933 -0.944759364232522 -0.20867475144761277 -0.042802432980401 0.01465201465201465 0.04396678065461651 0.014365064163953268 0.004694394892498356 0.02933939049782321 -0.053011026293469043 -0.17248588751829394 -0.16084945332211945 -0.08300734662723022 -0.012895546076778095 0.04756603582633337 -0.016328882912304294 0.0866188769414576 -0.0249609984399376 0.011117849201536283 -0.08044149284444861 -0.023734928320516473 -0.041326479185565965 -0.027013989387361315 -0.050286516196936026
0.07250174703004893 0.03965692151618556 0.056474784504111766 0.08033267177015405 0.0933656522129455 0.036483035388544326 0.04568527918781726 -0.024061094256721413 0.023807343649848916 0.019811320754716984 -0.014044943820224722 0.10826150935463526 0.06756756756756757 -0.007519604683639487 0.11211684838510594 0.029206216751851467 0.0681770505559052 0.09648441832094931 0.018742190753852563 0.019318759532282664 0.08132761841960653 0.030033251099431512 0.11148392683190822 0.023853972204936735 0.06394490900147566 -0.056772908366533856 -0.039579210498906364 -4.163336342344337e-18 -0.018965861449391098 0.001043405676126878 0.08445584776566174 0.007770007770007771 0.15292353823088456 0.09040476679679474 0.13373802523001044 -0.004971661529283085 0.06979062811565304 -0.07995558023320379 0.056666666666666664 -0.07230320699708453 -0.005313496280552602 0.045317220543806644 0.026956683398401193 0.026338893766461806 0.05266751194772261 0.066006600660066 -0.13686911890504705 -0.09738151915169876 -0.14467293582721916 -0.050203953561342954 0.014637002341920374 0.0495094893187861 0.014767199444058382 0.027197008329083793 -0.037712130735386554 -0.15110530734073313 -0.7486631016042782 -1.6010554089709763 -0.40423280423280417 -0.14162819974821655 -0.022205773501110287 0.021393358757324905 -0.09475923419067879 -0.004536381781890765 -0.13363662212112595 -0.21196138919295454 -1.8820713664055702 -5.735325057858195 -0.6499733617474692 -0.11516731855714908 -0.004808617041738795 0.055808185200496074 -0.039575088523224326 0.07492153487901185 -0.008200082000820008 -0.02698909640505236 -0.5170309552868079 -0.9736578859619872 -0.23271058669288758 -0.03153863482766389 0.0031397174254317118 0.05666829506595017 0.013407393219689714 0.019716458548493097 0.021767934885481736 -0.03498727735368957 -0.18816642274722978 -0.13877207737594616 -0.0982730655471806 -0.0019839301656581695 0.03542151604088655 -0.011526270291038324 0.06371963361210674 -0.016640665626625063 -0.0060642813826561545 -0.07389392947338884 -0.03987467957846767 -0.05241407116218122 -0.0472744814278823 -0.04560870073675594
0.0716282320055905 0.051646223369916075 0.05251164173189339 0.10017956714866269 0.08618367896579585 0.048340021889821234 0.03756345177664974 -0.018830421592216755 0.012819338888380188 0.031132075471698117 -0.022070626003210275 0.13138532688669327 0.06092157731501994 -0.003222687721559778 0.10285949393128986 0.038593929279232296 0.05454164044472416 0.12088277697682155 -0.0041649312786339 0.03863751906456533 0.08022859654907132 0.026815402767349568 0.10931919038857019 0.01763119684712715 0.0619773733398918 -0.06374501992031874 -0.04895323403812103 -0.004194630872483222 -0.026951487322818924 0.0 0.07911054094505024 0.0135975135975136 0.14792603698150925 0.10684199712348467 0.12045907237029305 -0.0009943323058566173 0.052066024149772905 -0.0810660744031094 0.03666666666666667 -0.06997084548104957 -0.010626992561105206 0.05287009063444109 0.022308979364194095 0.023412350014632717 0.05071686335706623 0.05500550055005501 -0.16894781864841746 -0.11469378922311188 -0.1674072543143536 -0.04811212216295367 0.008782201405152224 0.0650958100302558 -0.0026059763724808867 0.03909569947305796 -0.05567028822842777 -0.15856729782669526 -0.9100998890122087 -2.2269129287598943 -0.46878306878306875 -0.1395300041963911 -0.022205773501110287 0.03162496511952377 -0.11119706052987817 0.0072582108510252236 -0.14880106151075728 -0.2069857697283312 -2.107267188859878 -6.392804544498212 -0.6979222163026104 -0.11082138200782272 -0.005770340450086556 0.07027697395618024 -0.04374088731514268 0.08403361344537816 -0.012300123001230012 -0.014034330130627224 -0.5181404637745478 -0.980326775591864 -0.2359882005899705 -0.009011038522189683 -0.0020931449502878063 0.06741573033707865 -0.004788354721317759 0.024410853440991455 0.01608934317622563 -0.0328668363019508 -0.1850303157014426 -0.12089991589571066 -0.09922717297967751 0.006943755579803592 0.03744560267179436 -0.024013063106329842 0.0557546794105934 -0.02080083203328133 -0.008085708510208206 -0.08324759143204566 -0.043672268109750306 -0.06551758895272654 -0.04341534008683068 -0.052625423927026085
0.07075471698113207 0.05533523932491008 0.04161299910829287 0.08789339381910972 0.08349043899811473 0.05107624954396206 0.03756345177664974 -0.003138403598702795 0.012819338888380188 0.03962264150943397 -0.03210272873194221 0.1429472356527223 0.02547629596809925 0.004296916962079709 0.081259000205719 0.05215395848544905 0.03880847493182295 0.13640900521237662 -0.024989587671803416 0.04677173360447382 0.07363446532585997 0.031105867210125492 0.10715445394523218 0.01037129226301597 0.060009837678307934 -0.07270916334661355 -0.05728569940631184 -0.014681208053691275 -0.02794969055699741 -0.002086811352253756 0.06628180457558264 0.004856254856254856 0.11394302848575713 0.11095130470515717 0.10718011951057574 -0.007954658446852936 0.04209593441896532 -0.08772903942254304 0.028888888888888874 -0.08396501457725947 -0.01594048884165781 0.04531722054380665 0.0055772448410485245 0.01853477709491757 0.03706232322247148 0.041004100410041 -0.2031650983746792 -0.15148236312486474 -0.18910819468843648 -0.0700763518460412 0.000975800156128025 0.06968002200421748 -0.01997915218902015 0.03569607343192249 -0.0709347220975128 -0.17162578117712898 -1.1260215921703158 -2.9519788918205805 -0.5216931216931217 -0.14477549307595466 -0.015729089563286454 0.03162496511952377 -0.11989943918004256 0.006350934494647071 -0.1592266135911288 -0.20997114140710518 -2.3172323759791125 -6.901956658952241 -0.7149706979222163 -0.11190786614515431 -0.008655510675129832 0.06924348904505993 -0.044782337013122266 0.08099625392325605 -0.016400164001640016 -0.011875202418223037 -0.5092643958726284 -0.9869956652217405 -0.23271058669288758 -0.018022077044379366 -0.001046572475143903 0.071323888617489 -0.008619038498371964 0.03567740118298751 0.00851788756388416 -0.02332485156912638 -0.1839849466861802 -0.10302775441547518 -0.0973189581146837 0.013887511159607183 0.03339742940997875 -0.017289405436557485 0.04181600955794504 -0.019760790431617263 -0.014149989892864362 -0.07670002806098587 -0.05506503370359821 -0.06148573732486644 -0.0482392667631452 -0.04326979300666589
0.06551362683438156 0.048879461403670575 0.024769642326364808 0.08411303279463189 0.07541071909507137 0.04742794600510763 0.030456852791878174 0.0031384035987027923 0.005494002380734366 0.03584905660377359 -0.03410914927768861 0.13033424427159973 0.024368630926007977 -0.0021484584810398553 0.0720016457519029 0.04485240429748618 0.03775959723096287 0.13419097260729734 -0.030195751770095793 0.041687849517031014 0.06813935597318387 0.02359755443526762 0.09633077172854204 0.01037129226301597 0.05607476635514019 -0.0756972111553785 -0.07290907197166963 -0.027265100671140942 -0.03393890996206828 -0.007303839732888147 0.06628180457558265 0.003885003885003885 0.1039480259870065 0.10684199712348467 0.09959214644788011 -0.01392065228199264 0.03434142018389277 -0.0966129927817879 0.022222222222222223 -0.09212827988338193 -0.01594048884165781 0.03209969788519638 0.010224948875255626 0.0097551458394303 0.03413635033648689 0.030003000300029996 -0.23738237810094098 -0.18827093702661762 -0.20564224449726157 -0.0836732559355716 0.0039032006245121 0.0550105436875401 -0.029534398888116743 0.026347101818799935 -0.08170961659333752 -0.19214625501352484 -1.3984461709211986 -3.7751978891820586 -0.564021164021164 -0.15946286193873266 -0.007401924500370094 0.02976467305366943 -0.12376716302456006 0.008165487207403375 -0.1573310586674249 -0.21096626530002985 -2.431462140992167 -7.23332632021881 -0.7171017581246671 -0.11516731855714908 -0.004808617041738796 0.06097560975609756 -0.029160591543428455 0.06783436266072695 -0.006150061500615006 -0.014034330130627229 -0.47154110728947074 -0.9558741802823162 -0.20867475144761277 -0.018022077044379366 0.00523286237571952 0.0635075720566683 -0.0028730128327906527 0.030983006290489157 0.007571455612341474 -0.027565733672603905 -0.17353125653355633 -0.08725820016820858 -0.08968609865470852 0.013887511159607183 0.031373342779070945 -0.017289405436557485 0.0398247710075667 -0.015600624024960996 -0.016171417020416412 -0.07670002806098589 -0.06455900503180481 -0.07458925511541174 -0.05209840810419682 -0.044439246871710913
0.07075471698113207 0.039656921516185564 0.04953928465272962 0.08694830356299027 0.08887691893347696 0.04013133892739875 0.0416243654822335 0.006276807197405585 0.011903671824924461 0.030188679245283023 -0.027086677367576244 0.12402774858103846 0.049844926894107223 -1.0408340855860842e-18 0.0822875951450319 0.03755085010952332 0.04824837423956367 0.08095819008539425 -0.022907122032486463 0.03965429588205389 0.06813935597318387 0.016089241660409738 0.08767182595518995 0.003111387678904791 0.04623708804722086 -0.08764940239043825 -0.08749088636600352 -0.11430369127516779 -0.043920942303853065 -0.020868113522537566 0.059867436390848836 0.004856254856254856 0.10294852573713142 0.08835011300595849 0.09200417338518449 -0.03181863378741175 0.018832391713747645 -0.14880621876735148 0.012222222222222221 -0.10029154518950437 -0.012752391073326246 0.024546827794561934 0.02416806097787693 0.000975514583943031 0.03608699892714329 0.01000100010001 -0.26518391787852863 -0.28673447305777966 -0.22527642864524128 -0.09831607572429663 -0.004879000780640125 0.04859264692399377 -0.04082696316886727 0.025497195308516064 -0.10325940558498699 -0.21173398003917546 -1.7364544445565535 -4.68707124010554 -0.62010582010582 -0.17939571968107426 0.005551443375277572 0.025113942889033576 -0.10926319860761943 0.0027218290691344614 -0.15922661359112883 -0.2189272564434272 -2.481505657093124 -7.168104355144119 -0.705380927011188 -0.12168622338113863 -0.0009617234083477589 0.05580818520049606 -0.015621745469693814 0.05062265870203504 0.002050020500205002 -0.018352585555435605 -0.3805614112947964 -0.8669556518839612 -0.1682508467169234 -0.022527596305474202 0.004186289900575616 0.05666829506595017 0.0028730128327906527 0.017838700591493752 0.010410751466969532 -0.03922815945716709 -0.15575998327409574 -0.046257359125315395 -0.08300734662723022 -0.002975895248487253 0.034409472725432655 -0.024973585630583037 0.030864197530864196 -0.018720748829953195 -0.02122498483929654 -0.08137685904031429 -0.06076141650052217 -0.1411148069751033 -0.05113362276893392 -0.05028651619693604
0.07861635220125787 0.04057917550493407 0.058456355890220954 0.07560722048955677 0.09157015890115809 0.029186428310835448 0.053807106598984765 0.016738152526414897 0.01922900833257028 0.02547169811320755 -0.02808988764044944 0.125078831196132 0.0509525919361985 0.0053711462025996335 0.0750874305698416 0.038593929279232296 0.04615061883784351 0.07763114117777532 -0.022907122032486467 0.04067107269954244 0.06594131223211341 0.02681540276734956 0.1017426128368871 -0.0031113876789047915 0.047220855878012793 -0.08864541832669323 -0.09582335173419435 -0.11220637583892616 -0.05290477141145937 -0.023998330550918198 0.07590335685268336 0.004856254856254858 0.12493753123438281 0.08115882473803164 0.10148913971355403 -0.04673361837526101 0.02104796720948266 -0.16435313714603 0.019999999999999997 -0.10379008746355685 -0.012752391073326246 0.024546827794561934 0.03718163227365682 0.002926543751829088 0.03413635033648689 -0.004000400040003994 -0.30795551753635586 -0.33001514823631245 -0.25111088147153043 -0.10563748561865913 -0.007806401249024202 0.031172641422939396 -0.03648366921473244 0.007649158592554819 -0.11223848433150758 -0.23785094674004287 -2.074462718191908 -5.635883905013192 -0.674074074074074 -0.19198489299202684 0.018504811250925242 0.02976467305366943 -0.08412299361825565 -0.0072582108510252236 -0.15069661643446122 -0.21594188476465317 -2.391209747606614 -6.615821586366503 -0.6595631326584976 -0.12277270751847022 0.005770340450086555 0.05477470028937577 -0.01353884607373464 0.036448314265465236 0.01845018450184502 -0.02806866026125445 -0.2807056473982026 -0.6413248860731355 -0.12017917622637384 -0.02815949538184276 0.010465724751439035 0.048851978505129456 0.022984102662325225 -0.003755515913998689 0.020821502933939057 -0.05089058524173028 -0.13380723395358562 -0.03469301934398654 -0.06774162770727983 -0.012895546076778097 0.035421516040886544 -0.02785515320334262 0.03882915173237754 -0.030161206448257927 -0.010107135637760256 -0.08885978860723974 -0.046520459508212285 -0.15925813930047372 -0.03859141341051616 -0.06081160098234125
0.07162823200559049 0.023978603707461042 0.06737342712771227 0.04536433229373406 0.09605889218062663 2.7755575615628915e-18 0.05583756345177665 -0.005230672664504654 0.020144675396026008 0.004716981132075471 -0.0341091492776886 0.11456800504519656 0.05649091714665485 -0.0032226877215597817 0.0740588356305287 0.022947741733597586 0.04615061883784351 0.051014749916823775 -0.026030820491461888 0.032536858159633954 0.05605011539729641 0.016089241660409738 0.08658945773352095 -0.012445550715619166 0.03639940973930152 -0.1045816733067729 -0.10519737527340903 -0.12898489932885907 -0.06588141345577961 -0.036519198664440734 0.05666025229848193 0.013597513597513594 0.11094452773613192 0.08321347852886789 0.0796737171583041 -0.04474495376354778 -0.006646726487205051 -0.17323709050527486 -0.0011111111111111113 -0.10728862973760933 -0.02975557917109458 0.023602719033232626 0.02416806097787693 -6.938893903907229e-19 0.020481810201892128 -0.016001600160015998 -0.3646278870829769 -0.3776238909326985 -0.2862457373152837 -0.11086706411463236 -0.0234192037470726 0.015586320711469695 -0.06688672689367617 -0.010198878123406424 -0.1301966418245488 -0.26490066225165565 -2.409444052063364 -6.577308707124011 -0.7206349206349206 -0.2056231640788922 0.01387860843819393 0.036275695284159616 -0.07348675304583252 -0.0036291054255126105 -0.1421666192777936 -0.1960394069061598 -2.2443429068755436 -5.952030296654744 -0.6116142781033564 -0.12277270751847022 0.0019234468166955184 0.05270773046713517 0.005207248489897937 0.028348688873139617 0.034850348503485035 -0.03346647954226493 -0.1908354598912682 -0.43570078915193966 -0.07975527149568447 -0.03491777427348501 0.003139717425431711 0.050806057645334635 0.014365064163953268 -0.00469439489249836 0.017035775127768316 -0.053011026293469043 -0.1275350198620113 -0.024179983179142134 -0.06869573513977673 -0.020831266739410773 0.023276996255439733 -0.03265776582460859 0.04082039028275587 -0.036401456058242326 -0.020214271275520522 -0.09914881676176222 -0.05981201936770151 -0.17639350871887913 -0.05306319343945972 -0.06665887030756637
0.06638714185883998 0.020289587752467027 0.07232735559298524 0.035913429732539456 0.09157015890115809 -0.001824151769427216 0.05685279187817258 -0.001046134532900931 0.01922900833257028 3.4694469519536144e-19 -0.0341091492776886 0.1093125919697288 0.062029242357111214 -0.0053711462025996335 0.0771446204484674 0.01877542505476167 0.045101741136983425 0.037706554286348004 -0.03123698458975426 0.024402643619725464 0.050555006044620286 0.0032178483320819467 0.08009524840350687 -0.019705455299730345 0.03148057058534186 -0.11055776892430277 -0.10936360795750444 -0.12583892617449666 -0.07187063286085048 -0.030258764607679466 0.04596963865725893 0.013597513597513596 0.1089455272363818 0.08218615163344978 0.07018875082993456 -0.03977329223426469 -0.02104796720948266 -0.18434203220433093 -0.017777777777777774 -0.10612244897959185 -0.03825717321997875 0.020770392749244714 0.015802193716304147 -0.0097551458394303 0.003901297181312788 -0.037003700370037 -0.46300256629597947 -0.5193681021423935 -0.3244807274981916 -0.1234180525049681 -0.033177205308352845 0.004584211973961678 -0.08339124391938847 -0.01954784973652898 -0.1454610756936338 -0.2779591456020893 -2.7272727272727275 -7.299208443271768 -0.746031746031746 -0.21086865295845572 0.018504811250925242 0.02976467305366943 -0.05704892670663314 -0.005443658138268918 -0.1307932897355701 -0.17912230072644045 -1.9527850304612706 -5.045234588680833 -0.5551411827384123 -0.12277270751847022 -0.0009617234083477589 0.04547333608929309 0.0010414496979795865 0.0030373595221221015 0.026650266502665027 -0.04210299039188169 -0.1486741373571508 -0.3590085584083584 -0.06555227794165847 -0.031538634827663885 -0.007326007326007326 0.04689789936492428 0.01149205133116261 -0.006572152849497701 0.010410751466969525 -0.053011026293469043 -0.13380723395358562 -0.03469301934398654 -0.06678752027478294 -0.021823231822239858 0.014168606416354621 -0.03361828834886178 0.03683791318199921 -0.04992199687987519 -0.027289266221952702 -0.1010195491534936 -0.06740719643026678 -0.17336961999798406 -0.05885190545103715 -0.06315050871243129
0.06464011180992313 0.012911555842479017 0.05647478450411175 0.02457234665910595 0.07361522578328394 -0.012769062385990515 0.047715736040609136 -0.004184538131603723 0.004578335317278641 -0.006603773584905661 -0.04614767255216693 0.09669960058860624 0.04652193176783341 -0.022558814050918467 0.06377288623739971 0.008344633357671853 0.03251520872666247 0.024398358655872244 -0.04893794252394835 0.00813421453990849 0.04505989669194417 0.0021452322213879648 0.07576577551683082 -0.011408421489317568 0.021642892277422526 -0.11254980079681273 -0.12290386418081449 -0.12688758389261745 -0.08185266520263526 -0.036519198664440734 0.035279025016035914 0.007770007770007768 0.1039480259870065 0.07499486336552291 0.055012804704543304 -0.04474495376354778 -0.04209593441896532 -0.20877290394225428 -0.03777777777777778 -0.10845481049562684 -0.04357066950053135 0.0037764350453172225 0.011154489682097046 -0.02048580626280363 -0.007802594362625571 -0.063006300630063 -0.5720701454234388 -0.7400995455529106 -0.35341531466363546 -0.14119861939127704 -0.043911007025761124 -0.0027505271843770033 -0.09381514940931204 -0.02209756926738059 -0.16072550956271886 -0.2919503777632684 -3.015840984764403 -7.850131926121371 -0.7629629629629628 -0.22555602182123372 0.021280532938564026 0.016742628592689053 -0.033842583639528134 -0.0027218290691344584 -0.12415884750260639 -0.16121007065379642 -1.6753698868581377 -4.136334946349675 -0.4997336174746936 -0.12385919165580181 -0.004808617041738796 0.03513848697809012 -0.0020828993959591774 -0.01822415713273261 0.014350143501435014 -0.05181906509770053 -0.11871740818817267 -0.29454262531955094 -0.0546268982847154 -0.04505519261094841 -0.023024594453165882 0.038104543234000976 -0.003830683777054205 -0.007511031827997375 -0.011357183418512209 -0.055131467345207796 -0.1505331381977838 -0.04941126997476871 -0.08300734662723022 -0.02678305723638528 0.0070843032081773115 -0.04226299106714052 0.03683791318199921 -0.05616224648985959 -0.04244996967859309 -0.10663174632868769 -0.07500237349283205 -0.17538554581191412 -0.0713941148094549 -0.061981054847386266
0.058525506638714184 0.01844507977497003 0.04755771326662043 0.0491446933182119 0.05476254600951611 -0.0009120758847136097 0.03959390862944162 0.0031384035987027936 -0.006409669444190092 -1.2143064331837649e-18 -0.06219903691813804 0.08829093966785788 0.03655294638901197 -0.04941454506391664 0.045258177329767536 -0.014603108375925733 0.028319697923222153 0.004436065210158588 -0.05414410662224073 -0.0010167768174885587 0.03297065611605671 0.005363080553469916 0.07035393440848577 -0.001037129226301596 0.002951303492375798 -0.1045816733067729 -0.13331944589105302 -0.10696308724832213 -0.08784188460770614 -0.028171953255425708 0.03420996365191362 0.022338772338772333 0.09895052473763119 0.07191288267926856 0.04457934174333681 -0.054688276822113954 -0.045419297662567845 -0.2343142698500833 -0.043333333333333335 -0.10845481049562682 -0.03931987247608927 -0.0009441087613293051 0.013013571295779885 -0.0360940396058921 -0.010728567248610163 -0.084008400840084 -0.6693755346449957 -1.0452283055615665 -0.3678826082463574 -0.15270369208241813 -0.05562060889929743 -0.015586320711469698 -0.09902710215427382 -0.015298317185109638 -0.17239831193319563 -0.2956813730062494 -3.2711129048531937 -8.210026385224273 -0.766137566137566 -0.2360469995803609 0.023131014063656554 0.031624965119523764 -0.029007928833881265 0.010887316276537834 -0.11752440526964267 -0.13633197333067967 -1.381636205395997 -3.255838417841364 -0.444326052210975 -0.1129943502824859 -0.0009617234083477589 0.038238941711451015 0.006248698187877527 -0.02024906348081401 0.007175071750717507 -0.039943862679477485 -0.08654166204371463 -0.22451928420584638 -0.039331366764995074 -0.04167605316512728 -0.03453689167974881 0.04396678065461651 0.0009576709442635486 -0.0037555159139986876 -0.017982207079311 -0.05301102629346903 -0.15366924524357098 -0.05361648444070648 -0.08682377635721782 -0.020831266739410773 0.01315656310090072 -0.03361828834886178 0.042811628833134205 -0.05096203848153926 -0.040428542551041044 -0.0954073519782995 -0.06740719643026678 -0.16832980546315895 -0.05885190545103715 -0.049117062331891
0.05590496156533892 0.022134095729964033 0.055483998811057166 0.05387014459880919 0.0529670526977287 0.0027362276541408243 0.045685279187817264 0.007322941730306514 -0.005494002380734364 0.006603773584905661 -0.0692215088282504 0.08303552659239014 0.04098360655737705 -0.054785691266516265 0.04114379757251595 -0.00834463335767185 0.03251520872666247 0.012199179327936124 -0.04685547688463141 0.002033553634977125 0.03187163424552149 -0.0021452322213879643 0.07901288018183786 -0.008297033810412777 -0.002951303492375798 -0.11852589641434264 -0.13123632954900533 -0.09962248322147652 -0.08584547813934917 -0.03651919866444073 0.03527902501603593 0.021367521367521364 0.11794102948525738 0.05958495993425109 0.05027032154035853 -0.05866560604554042 -0.049850448654037885 -0.2587451415880067 -0.04777777777777778 -0.10962099125364433 -0.03825717321997875 -0.0037764350453172203 0.012084030488938467 -0.042922641693493316 -0.018531161611235736 -0.10201020102010201 -0.8073139435414884 -1.4574767366370915 -0.3957838172987497 -0.16002510197678066 -0.05562060889929743 -0.015586320711469695 -0.08947185545517722 -0.004249532551419344 -0.1652150489359792 -0.2891521313310325 -3.4527292906871154 -8.34617414248021 -0.747089947089947 -0.23604699958036096 0.027757216876387852 0.04557715561343131 -0.012570102494681884 0.006350934494647069 -0.09477774618519572 -0.11841974325803564 -1.0857267188859883 -2.467915001051967 -0.3931806073521577 -0.10104302477183835 0.01154068090017311 0.04133939644481191 0.02707769214746928 -0.021261516654854713 0.025625256252562522 -0.03346647954226492 -0.035504271607677794 -0.16561075914193618 -0.007647765759860152 -0.03491777427348501 -0.0293040293040293 0.03224230581338544 0.0038306837770542028 -2.7755575615628915e-18 -0.0009464319515426866 -0.05619168787107718 -0.15471461425883337 -0.07253994953742642 -0.08491556149222401 -0.02479912707072711 0.01315656310090072 -0.03842090097012775 0.04878534448426922 -0.05408216328653146 -0.036385688295936934 -0.10195491534935926 -0.06360960789898415 -0.16631387964922892 -0.05788712011577424 -0.053794877792071115
0.04716981132075472 0.011989301853730518 0.04854849895967502 0.04252906152537567 0.04847831941826017 -0.008208682962422477 0.03959390862944163 0.004184538131603725 -0.005494002380734361 0.001886792452830187 -0.07223113964686997 0.05780954383014504 0.014399645547186531 -0.06123106670963583 0.02982925324007406 -0.023990820903306558 0.030417453324942313 -0.00887213042031718 -0.04060807996668055 -0.009150991357397052 0.03626772172766238 -0.009653544996245841 0.08983656239852797 -0.014519809168222361 0.010821446138711267 -0.12151394422310757 -0.12186230600979064 -0.08703859060402684 -0.07785985226592133 -0.03964941569282136 0.03848620910840282 0.012626262626262624 0.12893553223388304 0.044175056502979246 0.05785829460305416 -0.07159192602167645 -0.05538938739337542 -0.2898389783453637 -0.04444444444444444 -0.1142857142857143 -0.048884165781083955 -0.02077039274924471 -0.005577244841048515 -0.04975124378109453 -0.04096362040378425 -0.124012401240124 -1.0094097519247218 -1.9833369400562648 -0.43401880748165755 -0.17675975316389497 -0.05366900858704138 -0.0339231686073164 -0.07470465601111884 -0.025497195308516064 -0.15174643081619826 -0.30221061468146626 -3.6151750580163458 -8.294459102902374 -0.7195767195767195 -0.23814519513218638 0.03423390081421169 0.04185657148172263 0.011603171533552507 0.008165487207403375 -0.07392664202445266 -0.10050751318539157 -0.8453002610966058 -1.8093835472333262 -0.334576451784763 -0.09126466753585398 0.010578957491825351 0.031004547333608922 0.022911893355550928 -0.021261516654854713 0.023575235752357523 -0.03562560725466911 -0.018861644291578824 -0.13671223741247082 -0.0010925379656943057 -0.047307952241495824 -0.019884877027734168 0.019540791402051783 0.02106876077379812 -0.008449910806497044 0.017035775127768313 -0.061492790500424076 -0.14948776918252143 -0.09146341463414634 -0.06869573513977673 -0.02876698740204344 0.009108389839085112 -0.03649985592162136 0.04878534448426921 -0.04784191367654707 -0.041439256114817066 -0.08792442241137406 -0.06550840216462547 -0.14514665860296344 -0.0694645441389291 -0.03976143141153081
0.04804332634521315 0.01383380983122752 0.04161299910829287 0.05859559587940648 0.04039859951521681 -0.010944910616563299 0.031472081218274106 0.004184538131603724 -0.019229008332570276 0.004716981132075471 -0.06721508828250403 0.040992221988648304 0.034337616304829434 -0.07304758835535502 0.03497222793663855 -0.04172316678835924 0.03566184182924271 -0.022180326050792946 -0.035401915868388166 -0.018301982714794104 0.0373667435981976 -0.02896063498873753 0.09849550817188008 -0.03007674756274632 0.009837678307919333 -0.13346613545816735 -0.12186230600979062 -0.07760067114093959 -0.0788580555000998 -0.047996661101836396 0.04276245456489203 0.004856254856254858 0.14392803598200898 0.027737826176289292 0.053115811438869384 -0.08849557522123894 -0.0775451423507256 -0.33314825097168244 -0.05888888888888889 -0.1119533527696793 -0.05313496280552603 -0.0188821752265861 -0.0009295408068414141 -0.06731050629206907 -0.043889593289768845 -0.144014401440144 -1.2382378100940974 -2.5741181562432374 -0.4619200165340499 -0.17675975316389497 -0.05562060889929743 -0.04492527734482442 -0.06514940931202225 -0.0382457929627741 -0.14366525994432972 -0.3068743587351926 -3.6797497729795183 -8.052770448548811 -0.6984126984126984 -0.2423415862358372 0.029607698001480387 0.03813598735001396 0.013537033455811254 0.0036291054255126105 -0.06255331248222919 -0.09453676982784358 -0.6059617058311575 -1.2939196297075533 -0.3004794885455514 -0.09778357235984354 0.020196191575302943 0.03100454733360893 0.0166631951676734 -0.022273969828895412 0.03177531775317753 -0.0367051711108712 0.01997115277931876 -0.09892186284316992 0.017480607451108927 -0.04167605316512728 -0.02616431187859759 0.012701514411333659 0.02777245738364298 -0.024410853440991448 0.02555366269165247 -0.06361323155216285 -0.14844240016725907 -0.10513036164844407 -0.05724644594981395 -0.031742882650530706 0.007084303208177309 -0.046105081164153294 0.05077658303464755 -0.057202288091523654 -0.04952496462502527 -0.09914881676176222 -0.06171081363334283 -0.14817054732385848 -0.070429329474192 -0.05145597006198105
0.042802236198462615 0.01844507977497003 0.05251164173189339 0.05481523485492864 0.04219409282700422 -0.013681138270704126 0.03045685279187817 0.0 -0.017397674205658818 -0.0028301886792452837 -0.07323434991974317 0.03994113937355476 0.03433761630482942 -0.06875067139327531 0.031886443118699856 -0.03755085010952331 0.030417453324942313 -0.0210713097482533 -0.04477301124531445 -0.026436197254702594 0.03956478733926805 -0.03325109943151346 0.09524840350687304 -0.0383737813731591 0.0068863748155435335 -0.13944223107569723 -0.11561295698364753 -0.06711409395973154 -0.08085446196845678 -0.0479966611018364 0.02672653410305752 -0.0009712509712509726 0.13993003498250872 0.016437230326689957 0.04742483164184767 -0.09843889827980509 -0.1030242605516783 -0.36868406440866186 -0.07111111111111111 -0.11895043731778428 -0.06907545164718384 -0.018882175226586105 -0.004647704034207095 -0.07121256462784117 -0.061445430605676386 -0.158015801580158 -1.5397775876817792 -3.1627353386712835 -0.49912162860390624 -0.17885158456228428 -0.05366900858704138 -0.042174750160447416 -0.04864489228630993 -0.03739588645249022 -0.13019664182454882 -0.30314336349221155 -3.617193017858945 -7.64221635883905 -0.656084656084656 -0.23814519513218632 0.025906735751295335 0.04929773974513999 0.03190872171726939 0.0018145527127563037 -0.05307553786370961 -0.0806050353268982 -0.4318973020017407 -0.8962760361876709 -0.2610548748002131 -0.09235115167318557 0.020196191575302943 0.028937577511368336 0.022911893355550928 -0.012149438088488406 0.03792537925379254 -0.029148224117456552 0.051037390436036834 -0.06335445148382793 0.022943297279580464 -0.04167605316512728 -0.027210884353741492 0.0039081582804103565 0.032560812104960736 -0.028166369354990138 0.03028582244936589 -0.06997455470737915 -0.153669245243571 -0.11984861227922625 -0.05247590878732945 -0.03769467314750521 0.0020240866309078017 -0.03938142349438094 0.06371963361210674 -0.06240249609984398 -0.051546391752577324 -0.09914881676176224 -0.06266021076616349 -0.1370829553472432 -0.07139411480945491 -0.047947608466845974
0.06114605171208944 0.01936733376371853 0.056474784504111766 0.051034873830450814 0.04758057276236646 -0.015505290040131342 0.042639593908629446 0.004184538131603724 -0.005494002380734361 -0.0018867924528301896 -0.06721508828250401 0.03153247845280639 0.03766061143110324 -0.08808679772263402 0.027772063361448263 -0.051110879315740064 0.03671071953010279 -0.027725407563491178 -0.040608079966680546 -0.03457041179461108 0.040663809209803274 -0.04826772498122922 0.10607208572356315 -0.04252229827836549 0.009837678307919333 -0.15537848605577692 -0.10207270076033745 -0.06921140939597316 -0.08085446196845676 -0.05425709515859767 0.04276245456489203 -0.009712509712509712 0.1509245377311344 0.024655845490034932 0.0569097979702172 -0.10738788903251464 -0.10967098703888334 -0.3920044419766796 -0.07222222222222222 -0.12594752186588923 -0.0669500531349628 -0.0188821752265861 -0.018590816136828406 -0.06535947712418301 -0.07119867355895834 -0.169016901690169 -1.8862275449101795 -3.815191516987665 -0.5249560814301952 -0.17362200606631106 -0.0312256049960968 -0.044008434950032094 -0.02432244614315497 -0.03484616692163862 -0.10146358983568286 -0.2956813730062494 -3.4386035717889207 -7.133509234828496 -0.6000000000000002 -0.2308015107007973 0.03793486306439674 0.0520881778439215 0.05318120286211564 0.0172382507711849 -0.0312766562411146 -0.05970743357548014 -0.30896431679721503 -0.6332842415316642 -0.2301545018646777 -0.08257279443720122 0.035583766108867085 0.03927242662257131 0.022911893355550928 0.0 0.04920049200492005 -0.016193457843031417 0.09541772994563409 -0.0266755585195065 0.04807167049054954 -0.023653976120747912 -0.013605442176870746 -0.0019540791402051783 0.056502585711549515 -0.021594216505492442 0.03691084611016468 -0.06467345207803224 -0.14321555509094713 -0.1314129520605551 -0.042934834462360454 -0.02975895248487253 0.02327699625543973 -0.03649985592162136 0.08363201911589009 -0.06240249609984398 -0.04244996967859309 -0.10289028154522498 -0.05221684230513625 -0.1310351779054531 -0.06367583212735169 -0.045608700736755936
0.05590496156533893 0.022134095729964033 0.05251164173189339 0.06426613741612323 0.04668282610647275 -0.012769062385990515 0.04365482233502538 0.004184538131603725 -0.0018313341269114505 0.0018867924528301883 -0.0692215088282504 0.03363464368299349 0.035445281346920696 -0.08056719303899453 0.028800658300761162 -0.04485240429748617 0.03566184182924271 -0.024398358655872237 -0.05102040816326531 -0.024402643619725474 0.03406967798659193 -0.04612249275984125 0.09416603528520404 -0.0383737813731591 0.004918839153959668 -0.15338645418326696 -0.10415581710238517 -0.05662751677852349 -0.08185266520263526 -0.047996661101836396 0.03527902501603592 -0.0019425019425019425 0.13793103448275862 0.03287446065337991 0.05121881817319548 -0.10838222133837128 -0.13071895424836602 -0.41199333703498053 -0.08666666666666667 -0.1317784256559767 -0.0669500531349628 -0.008496978851963747 -0.02044989775051124 -0.06926153545995513 -0.07314932214961475 -0.17301730173017302 -2.2775876817792984 -4.51742047175936 -0.5445902655781751 -0.1652546804727539 -0.021467603434816546 -0.02750527184377005 -0.008686587908269636 -0.019547849736528986 -0.0844033402172937 -0.2658334110624009 -3.2004843103622234 -6.46543535620053 -0.5375661375661376 -0.2129668485102812 0.027757216876387863 0.05301832387684867 0.04254496228969251 0.04899292324442025 -0.028433323855558718 -0.034829336252363424 -0.2382506527415144 -0.4881127708815486 -0.21736814064997337 -0.0662755323772273 0.035583766108867085 0.05374121537825548 0.03228494063736721 0.01721170395869191 0.04817548175481755 0.0010795638562020953 0.11316986574947299 0.0011114816049794377 0.05462689828471538 -0.004505519261094844 -0.016745159602302457 0.0039081582804103565 0.054587243823022415 -1.3877787807814458e-18 0.038803710013250045 -0.04558948261238338 -0.14321555509094716 -0.1261564339781329 -0.03816429729987596 -0.016863406408094438 0.02024086630907803 -0.022092018057823456 0.07566706491437673 -0.059282371294851796 -0.041439256114817066 -0.09914881676176224 -0.06076141650052217 -0.11692369720794274 -0.06271104679208878 -0.03859197754648579
0.05328441649196366 0.025823111684958037 0.03467749925691073 0.07277194972119837 0.03501211957985457 -0.0009120758847136069 0.03857868020304568 0.016738152526414894 -0.012819338888380185 0.012264150943396229 -0.07524077046548958 0.03783897414336767 0.016614975631369072 -0.08164142227951444 0.022629088664883768 -0.04172316678835923 0.025173064820641917 -0.031052456471110122 -0.06663890045814244 -0.030503304524656837 0.032970656116056714 -0.04397726053845329 0.08334235306851392 -0.03422526446795271 0.001967535661583868 -0.15537848605577687 -0.12394542235183834 -0.05767617449664429 -0.09582751048113396 -0.04799666110183639 0.04596963865725893 -0.011655011655011654 0.13793103448275862 0.025683172385453056 0.05216731480603243 -0.11832554439693746 -0.1561980724493187 -0.4652970571904498 -0.10111111111111111 -0.13877551020408163 -0.07545164718384698 -0.016049848942598186 -0.03997025469418107 -0.08291873963515754 -0.0858285379888813 -0.19001900190019003 -2.741659538066724 -5.345163384548799 -0.5755916089697221 -0.17257609036711644 -0.013661202185792346 -0.01375263592188503 -0.0008686587908269643 -0.0016998130205677375 -0.0709347220975128 -0.2387836955507882 -2.8917364544445565 -5.568337730870713 -0.48465608465608456 -0.20247587075115397 0.02960769800148038 0.051158031810994334 0.029974859795010633 0.05171475231355471 -0.02558999147000285 -0.02288784953726739 -0.1903829416884247 -0.3334735956238165 -0.2088438998401705 -0.05106475445458496 0.030775149067128294 0.05374121537825548 0.006248698187877527 0.014174344436569808 0.03485034850348503 0.006477383137212567 0.10429379784755355 -0.012226297654773814 0.04479405659346662 -0.005631899076368551 -0.018838304552590262 0.0019540791402051783 0.04022217965906915 0.001877757956999341 0.034071550255536626 -0.04983036471586091 -0.1547146142588334 -0.14192598822539954 -0.043888941894857356 -0.01785537149092352 0.019228822993624127 -0.02497358563058304 0.05475906013540423 -0.06032241289651587 -0.041439256114817066 -0.09821345056589656 -0.06360960789898415 -0.11793166011490777 -0.059816690786300065 -0.032744708221260674
0.05328441649196366 0.023056349718712538 0.014861785395818883 0.07466213023343729 0.03142113295627974 3.4694469519536144e-19 0.03857868020304568 0.007322941730306519 -0.010072337698013004 0.008490566037735852 -0.0862760834670947 0.049400882909396676 -0.005538325210456359 -0.07949296379847459 0.011314544332441886 -0.033378533430687383 0.014684287812041114 -0.029943440168570472 -0.06455643481882549 -0.026436197254702594 0.039564787339268055 -0.040759412206371345 0.07035393440848578 -0.0383737813731591 0.0059026069847516 -0.1643426294820717 -0.12707009686490991 -0.08179530201342282 -0.09283290077859853 -0.06051752921535893 0.05452212957023733 -0.01748251748251748 0.12893553223388304 0.020546537908362444 0.05785829460305414 -0.1362235259023566 -0.18500055389387396 -0.5285952248750694 -0.10444444444444445 -0.15160349854227403 -0.07970244420828906 -0.008496978851963748 -0.0501952035694367 -0.09950248756218907 -0.09070515946552228 -0.19201920192019203 -3.1469204448246364 -6.044146288682104 -0.5848920119871861 -0.1736220060663111 -0.00195160031225605 -0.002750527184377005 0.009555246699096593 0.002549719530851607 -0.04938493310586334 -0.21919597052513756 -2.541620421753607 -4.763060686015832 -0.42010582010582 -0.19198489299202684 0.035159141376757956 0.054878615942703005 0.031908721717269384 0.06078751587733624 -0.007582219694815656 -0.014926858393870035 -0.15992167101827676 -0.3019145802650957 -0.19179541822056473 -0.05215123859191656 0.03462204270051933 0.05994212484497726 0.018746094563632576 0.009112078566366305 0.04202542025420254 0.010795638562020943 0.10762232331077333 -0.02778704012448594 0.05790451218179833 -0.004505519261094842 -0.01360544217687075 0.007816316560820713 0.04405286343612335 -0.0037555159139986867 0.030285822449365885 -0.0498303647158609 -0.16516830441145727 -0.15033641715727503 -0.048659479057341845 -0.021823231822239858 0.02428903957089363 -0.024013063106329842 0.05675029868578256 -0.06656266250650025 -0.03739640185971295 -0.10008418295762792 -0.06455900503180481 -0.12599536337062794 -0.05788712011577424 -0.037422523681440764
0.05328441649196366 0.02490085769620954 0.02377885663331021 0.06710140818448161 0.034114372923960856 1.2143064331837649e-18 0.037563451776649735 0.014645883460613036 -0.005494002380734364 0.010377358490566039 -0.08025682182985554 0.04729871767920959 -0.0022153300841825456 -0.0794929637984746 0.004114379757251596 -0.03546469177010535 0.002097755401720158 -0.03105245647111012 -0.07080383173677635 -0.02440264361972547 0.04835696230354984 -0.047195108870535234 0.07251867085182379 -0.042522298278365483 0.0049188391539596674 -0.17430278884462153 -0.13956879491719612 -0.09542785234899329 -0.09682571371531244 -0.06782136894824708 0.06093649775497114 -0.022338772338772336 0.13193403298350823 0.013355249640435583 0.06260077776723891 -0.15710450432534553 -0.22820427606070676 -0.6107717934480844 -0.11000000000000001 -0.16793002915451896 -0.08076514346439959 -0.006608761329305135 -0.06134969325153374 -0.10828211881767633 -0.10435969960011704 -0.19501950195019505 -3.5179640718562872 -6.620861285436052 -0.6045261961351659 -0.17571383746470035 0.00975800156128025 -0.00183368478958467 0.023453787352328 0.005949345571987081 -0.0368142228607345 -0.1940117526350154 -2.2005852083543536 -4.025329815303431 -0.37566137566137564 -0.17519932857742337 0.038860103626943004 0.061389638173193206 0.04061110036743376 0.06260206859009254 0.0018955549237039137 -0.00895611503632202 -0.14251523063533506 -0.271407532084999 -0.1768779968034097 -0.05432420686657975 0.04039238315060588 0.05684167011161637 0.02395334305353052 0.004049812696162803 0.04715047150471504 0.012954766274425133 0.10540330633529346 -0.03223296654440369 0.06336720201026987 0.0033791394458211324 -0.0020931449502878076 0.007816316560820713 0.0545872438230224 -0.011266547741996058 0.03975014196479273 -0.0498303647158609 -0.1662136734267196 -0.15138772077375945 -0.04579715675985117 -0.021823231822239858 0.03137334277907095 -0.013447315339544713 0.06670649143767422 -0.05616224648985959 -0.03133212047705681 -0.09447198578243385 -0.0693059906959081 -0.11793166011490777 -0.05402797877472263 -0.03859197754648579
0.058525506638714184 0.014756063819976026 0.024769642326364805 0.05008978357433134 0.04219409282700422 -0.0063845311929952575 0.04060913705583756 0.014645883460613029 -0.006409669444190092 0.004716981132075473 -0.07423756019261638 0.048349800294303136 0.027691626052281794 -0.07089912987431518 0.022629088664883768 -0.029206216751851467 0.008391021606880635 -0.03216147277364977 -0.06663890045814244 -0.02440264361972547 0.05605011539729641 -0.05684865386678108 0.06927156618681674 -0.06015349512549265 0.014756517461878994 -0.20219123505976094 -0.14790126028538694 -0.13108221476510068 -0.09882212018366938 -0.08451585976627712 0.05666025229848193 -0.030108780108780108 0.127936031984008 0.009245942058763102 0.06639476429858672 -0.1730138212190514 -0.30796499390716736 -0.7329261521377013 -0.1277777777777778 -0.1784256559766764 -0.08076514346439957 -0.010385196374622357 -0.0501952035694367 -0.11608623548922059 -0.10045840241880424 -0.21002100210021002 -3.8558597091531226 -7.055832070980308 -0.6179601116048362 -0.18617299445664678 0.023419203747072605 0.0018336847895846706 0.049513551077136904 0.008499065102838687 -0.007183262997216483 -0.17908777166309114 -1.8403793764504084 -3.3382585751978895 -0.31534391534391537 -0.165757448594209 0.03886010362694301 0.05580876197563017 0.041578031328563136 0.058065686808201775 0.012321107004075443 -0.0059707433575480135 -0.11858137510879026 -0.2524721228697665 -0.16409163558870538 -0.05758365927857453 0.035583766108867085 0.055808185200496074 0.012497396375755053 0.011136984914447706 0.05535055350553505 0.007556946993414661 0.10318428935981361 -0.058908525063910186 0.05681197421610401 0.004505519261094841 0.001046572475143904 0.0029311187103077674 0.054587243823022415 -0.02159421650549244 0.04069657391633542 -0.05619168787107718 -0.17353125653355633 -0.16190075693860387 -0.04770537162484496 -0.02678305723638528 0.026313126201801436 -0.02785515320334262 0.06571087216248506 -0.07176287051482058 -0.03032140691328078 -0.11224394350388178 -0.07500237349283205 -0.13809091825420822 -0.06367583212735167 -0.052625423927026085
0.05590496156533893 0.00553352393249101 0.01387099970276429 0.04536433229373405 0.03501211957985456 -0.016417365924844947 0.027411167512690356 0.001046134532900933 -0.011903671824924458 -0.011320754716981133 -0.07423756019261638 0.046247635064116034 0.025476295968099243 -0.0762702760769148 0.016457519029006377 -0.04068008761865025 0.006293266205160479 -0.04325163579904624 -0.07809246147438567 -0.03355363497712252 0.05824815913836685 -0.06542958275233295 0.05195367464011256 -0.06326488280439743 0.014756517461878994 -0.21115537848605576 -0.17289865638995938 -0.16463926174496646 -0.11279696546216808 -0.09494991652754589 0.059867436390848836 -0.04564879564879565 0.10294852573713145 0.0020546537908362437 0.05880679123589111 -0.20383812270060653 -0.42095934418965325 -0.9261521377012769 -0.15333333333333335 -0.19825072886297376 -0.09032943676939427 -0.024546827794561934 -0.05112474437627812 -0.11608623548922056 -0.10728567248610163 -0.207020702070207 -4.127459366980325 -7.3046959532568705 -0.6282938927353519 -0.19035665725342538 0.03415300546448087 -0.006417896763546345 0.05385684503127173 0.00594934557198708 0.010774894495824729 -0.17628952523085534 -1.5023711028150544 -2.7366754617414246 -0.274074074074074 -0.16785564414603438 0.04256106587712805 0.039996279415868294 0.022239412105975638 0.056251134095445465 0.012321107004075443 -0.013931734500945366 -0.10117493472584856 -0.2535240900483905 -0.15982951518380395 -0.07279443720121687 0.0259665320253895 0.042372881355932195 0.002082899395959175 0.011136984914447706 0.04202542025420253 0.002159127712404188 0.0787751026295351 -0.08002667555851951 0.046979132524855235 -0.013516557783284524 0.007326007326007328 -0.008793356130923302 0.0545872438230224 -0.037555159139986846 0.03880371001325004 -0.06361323155216284 -0.1662136734267196 -0.1703111858704794 -0.041980727029863565 -0.030750917567701614 0.033397429409978745 -0.03842090097012775 0.05675029868578256 -0.08216328653146125 -0.028299979785728725 -0.11785614067907586 -0.07690116775847336 -0.15925813930047372 -0.06464061746261456 -0.0584726932522512
0.06988120195667366 -0.011067047864982017 0.026751213712473992 0.03307815896418108 0.04668282610647275 -0.030098504195549068 0.032487309644670045 -0.02092269065801862 -0.004578335317278637 -0.026415094339622643 -0.05517656500802568 0.04414546983392894 0.04209127159946832 -0.08701256848211407 0.029829253240074054 -0.039637008448941274 0.02622194252150199 -0.0421426194965066 -0.07080383173677635 -0.04270462633451957 0.05385207165622595 -0.06542958275233295 0.042212360645091464 -0.0684505289359054 0.000983767830791933 -0.22410358565737054 -0.20518695969169878 -0.20553691275167787 -0.1267718107406668 -0.10747078464106845 0.05131494547787043 -0.053418803418803416 0.08395802098950525 -0.01540990343127183 0.04742483164184767 -0.2257134334294521 -0.5893430818655145 -1.1093836757357023 -0.18111111111111114 -0.21341107871720116 -0.07757704569606802 -0.03021148036253777 -0.04647704034207102 -0.11803726465710665 -0.09168048376085047 -0.201020102010201 -4.296407185628742 -7.446440164466566 -0.6086597085873722 -0.19140257295262003 0.042935206869633105 -0.004584211973961676 0.06254343293954134 0.0135985041645419 0.02154978899164946 -0.16229829306967633 -1.1784885480778935 -2.196306068601583 -0.2306878306878307 -0.16785564414603443 0.039785344189489265 0.04092642544879546 0.011603171533552507 0.05262202866993286 0.007582219694815656 -0.01890735396556871 -0.0946475195822454 -0.2587839259415107 -0.1587639850825786 -0.0880052151238592 0.03846893633391037 0.04650682100041339 0.01562174546969381 0.008099625392325605 0.05842558425584256 0.003238691568606282 0.10207478087207367 -0.088918528398355 0.06445973997596417 -0.018022077044379366 0.009419152276295136 -0.006839276990718124 0.0507565600459682 -0.032860764247488496 0.031232254400908578 -0.05407124681933843 -0.1766673635793435 -0.1808242220353238 -0.047705371624844964 -0.03670270806467612 0.035421516040886544 -0.0307367207761022 0.06272401433691757 -0.0748829953198128 -0.025267839094400647 -0.12440370405013564 -0.09019272761796258 -0.18546517488156433 -0.06367583212735166 -0.07601450122792656
0.0716282320055905 -0.012911555842479019 0.035668284949965316 0.030242888195822704 0.06014902594487835 -0.038307187157971545 0.034517766497461924 -0.03556857411863166 0.007325336507645825 -0.04150943396226414 -0.03912520064205458 0.04519655244902249 0.049844926894107223 -0.09668063164679341 0.04217239251182884 -0.04485240429748617 0.03566184182924271 -0.047687701009204844 -0.06455643481882549 -0.05693950177935943 0.07803055280800088 -0.057921269977475064 0.05303604286178158 -0.049782202862476664 0.014756517461878995 -0.22509960159362546 -0.2135194250598896 -0.24119127516778524 -0.12777001397484528 -0.11686143572621036 0.05452212957023733 -0.05633255633255633 0.08695652173913045 -0.018491884117526197 0.05216731480603244 -0.24460574724072784 -0.7964993907167386 -1.3659078289838977 -0.19222222222222224 -0.24023323615160352 -0.07120085015940489 -0.03965256797583082 -0.04647704034207102 -0.11413520632133449 -0.08972983517019407 -0.197019701970197 -4.387296834901624 -7.413979658082665 -0.5952257931177019 -0.1976780671477879 0.0624512099921936 0.004584211973961675 0.07644197359277276 0.025497195308516064 0.04399748585795098 -0.1408450704225352 -0.8969831500353141 -1.728759894459103 -0.19047619047619047 -0.16365925304238357 0.04903774981495188 0.047437447679285656 0.02997485979501064 0.06441662130284885 0.02558999147000284 -0.009951238929246691 -0.07506527415143602 -0.24090048390490218 -0.1449120937666489 -0.08257279443720122 0.0471244470090402 0.049607275733774284 0.03540928973130598 0.010124531740407006 0.06970069700697006 0.004318255424808376 0.096527238433374 -0.0978103812381905 0.07101496777013001 -0.0214012164902005 0.030350601779173203 -0.007816316560820713 0.05458724382302242 -0.039432917096986195 0.0416430058678781 -0.06149279050042409 -0.17353125653355633 -0.18923465096719932 -0.046751264192348055 -0.04364646364447971 0.05465033903451068 -0.028815675727595812 0.07666268418956591 -0.0686427457098284 0.001010713563776028 -0.11785614067907586 -0.08069875628975601 -0.19352887813728453 -0.0472744814278823 -0.06899777803765642
0.07162823200559051 -0.021211841741215532 0.04062221341523828 0.014176353841791894 0.06463775922434689 -0.043779642466253196 0.03350253807106598 -0.042891515848938175 0.012819338888380188 -0.04150943396226415 -0.04012841091492776 0.03783897414336766 0.03987594151528578 -0.0999033193683532 0.04011520263320304 -0.050067800146031086 0.040906230333543105 -0.0632139292447599 -0.06143273635985006 -0.06405693950177935 0.0747334871963952 -0.05255818942400514 0.05628314752678861 -0.054967848993984644 0.01278898180029513 -0.2400398406374502 -0.2353921466513905 -0.27579697986577184 -0.13176282691155922 -0.12520868113522537 0.05131494547787043 -0.05244755244755245 0.09695152423788107 -0.017464557222108074 0.04837332827468462 -0.2535547379934374 -1.066799601196411 -1.6746252082176567 -0.2188888888888889 -0.23556851311953358 -0.06907545164718384 -0.0358761329305136 -0.07157464212678936 -0.09950248756218903 -0.09363113235150686 -0.18001800180018 -4.354148845166809 -7.286301666305995 -0.5848920119871861 -0.19767806714778785 0.06049960967993755 0.0073347391583386806 0.07731063238359973 0.028046914839367665 0.04758911735655923 -0.11939184777539409 -0.6709716476642115 -1.3192612137203166 -0.16613756613756614 -0.1542173730591691 0.037934863064396744 0.04371686354757697 0.02997485979501064 0.05988023952095809 0.021798881622595016 -0.002985371678774007 -0.06962576153176674 -0.23774458236903012 -0.1427810335641982 -0.07388092133854846 0.05385651086747452 0.058908639933856956 0.027077692147469273 0.010124531740407006 0.07072570725707256 0.011875202418223036 0.09319871297015422 -0.11003667889296431 0.08084780946137879 -0.014642937598558236 0.029304029304029304 -0.006839276990718124 0.054587243823022415 -0.04224955403248521 0.04448230172250615 -0.05619168787107718 -0.17039514948776918 -0.1913372582001682 -0.04293483446236047 -0.0446384287273088 0.054650339034510685 -0.02785515320334262 0.07666268418956591 -0.08320332813312534 0.004042854255104103 -0.11411467589561315 -0.08164815342257667 -0.2015925813930047 -0.04148576941630487 -0.06665887030756637
0.0462962962962963 -0.015678317808724522 0.031705142177746955 0.02173707589074757 0.05835353263309094 -0.03739511127325793 0.009137055837563454 -0.050214457579244684 0.0018313341269114568 -0.04150943396226415 -0.06019261637239165 0.04729871767920958 0.01439964554718653 -0.08593833924159416 0.023657683604196664 -0.03755085010952331 0.02202643171806167 -0.062104912942220244 -0.08433985839233651 -0.06100660904931367 0.06594131223211341 -0.045049876649147266 0.03788288775841542 -0.0674133997096038 -0.0009837678307919346 -0.2450199203187251 -0.28434538068951154 -0.30201342281879195 -0.14873228189259335 -0.13042570951585977 0.03420996365191362 -0.04759129759129759 0.07796101949025488 -0.028765153071707412 0.026557905719434706 -0.2595207318285771 -1.3935969868173257 -2.065519156024431 -0.2533333333333333 -0.23673469387755106 -0.08501594048884166 -0.033987915407854986 -0.08737683584309353 -0.1014535167300751 -0.10728567248610162 -0.16601660166016602 -4.2311804961505555 -7.017961480199091 -0.5859253901002377 -0.1987239828469825 0.04781420765027323 0.012835793527092692 0.06341209173036831 0.031446540880503145 0.04220167010864685 -0.10913161085719617 -0.5004540409645848 -0.924538258575198 -0.14708994708994708 -0.15526647083508183 0.02128053293856403 0.054878615942703005 0.015470895378070008 0.056251134095445465 0.006634442232963703 0.0019902477858493393 -0.08268059181897301 -0.234588680833158 -0.15450186467767718 -0.0662755323772273 0.03366031929217157 0.05064076064489459 0.005207248489897939 0.006074719044244203 0.054325543255432554 0.008636510849616754 0.051037390436036834 -0.1278203845726353 0.05790451218179832 -0.02703311556656905 0.01674515960230246 -0.005862237420615535 0.03734916682627849 -0.046005069946483894 0.033125118303993936 -0.06361323155216285 -0.19339326782354171 -0.20395290159798146 -0.05247590878732946 -0.057533974804086896 0.03542151604088655 -0.028815675727595812 0.05874153723616089 -0.09776391055642224 -0.009096422073984232 -0.11692077448321019 -0.1015854932118105 -0.20965628464872493 -0.05306319343945972 -0.07250613963279148
0.0462962962962963 -0.023978603707461035 0.019815713861091846 0.00189018051223892 0.04129634617111051 -0.04560379423568041 -0.007106598984771574 -0.06276807197405586 -0.010988004761468734 -0.057547169811320756 -0.0692215088282504 0.03678789152827412 0.005538325210456355 -0.11816521645719198 0.01131454433244188 -0.054240116824867 0.017830920914621354 -0.07319507596761672 -0.08642232403165348 -0.07829181494661921 0.06704033410264863 -0.06328435053094497 0.031388678428401345 -0.08400746733042938 -0.013772749631087067 -0.2629482071713148 -0.322883033017394 -0.34291107382550334 -0.16969454981034138 -0.15025041736227046 0.02031216591832371 -0.06507381507381507 0.05897051474262869 -0.05239367166632423 0.008536469695532583 -0.27741871333399615 -1.7580591558657361 -2.5374791782343142 -0.2822222222222222 -0.24956268221574346 -0.09458023379383636 -0.05098187311178247 -0.10503811117308051 -0.12291483757682173 -0.11606359114405537 -0.169016901690169 -3.9777587681779303 -6.66197792685566 -0.5735248527436189 -0.21545863403409685 0.0351288056206089 0.007334739158338682 0.05472550382209869 0.03739588645249022 0.0413037622339948 -0.10073687156048874 -0.3733225708808395 -0.6142480211081794 -0.13333333333333333 -0.16261015526647085 0.023131014063656554 0.053948469909775844 0.011603171533552503 0.02994011976047904 0.0 -0.003980495571698677 -0.08703220191470844 -0.2261729434041658 -0.15450186467767715 -0.07388092133854847 0.018272744758607424 0.03617197188921042 -0.005207248489897938 -0.02024906348081401 0.04100041000410004 -0.004318255424808378 0.031066237656718072 -0.14893853506724464 0.03605375286791216 -0.04505519261094841 -0.0010465724751439003 -0.006839276990718124 0.028730128327906536 -0.060088254623978966 0.02082150293393905 -0.06679389312977099 -0.20907380305247752 -0.19974768713204374 -0.06583341284228604 -0.05852593988691598 0.020240866309078027 -0.03265776582460859 0.04978096375945838 -0.09464378575143004 -0.026278552658176673 -0.11037321111215041 -0.11107946454001708 -0.21570406209051507 -0.0684997588036662 -0.07484504736288153
0.046296296296296294 -0.02674536567370654 0.020806499554146436 1.3877787807814458e-18 0.03590986623574827 -0.044691718350966796 -0.013197969543147208 -0.05544513024374934 -0.011903671824924458 -0.05566037735849057 -0.07022471910112359 0.03678789152827412 0.007753655294638899 -0.11923944569771187 0.009257354453816086 -0.06049859184312088 0.016782043213761276 -0.0698680270599978 -0.08642232403165348 -0.08032536858159633 0.0648422903615782 -0.062211734420250984 0.027059205541725296 -0.08504459655673098 -0.02164289227742253 -0.26992031872509964 -0.36350380168732427 -0.3942953020134229 -0.17568376921541223 -0.15129382303839733 0.005345306820611503 -0.05924630924630925 0.04497751124437781 -0.05342099856174234 -0.004742483164184766 -0.2873620363925624 -2.2144677079871498 -3.2670738478622985 -0.3211111111111111 -0.2425655976676385 -0.08926673751328375 -0.05098187311178247 -0.09016545826361777 -0.11218417715344842 -0.10338437530478883 -0.15401540154015403 -3.5553892215568856 -6.000865613503572 -0.5383899968998657 -0.22068821253007007 0.03708040593286495 0.011918951132300357 0.06341209173036831 0.035696073431922486 0.04399748585795098 -0.09234213226378135 -0.313792755524165 -0.5266490765171504 -0.11428571428571428 -0.1531682752832564 0.018504811250925242 0.053948469909775844 0.015470895378070004 0.024496461622210124 -0.008529997156667616 -0.011941486715096029 -0.09029590948651003 -0.2261729434041658 -0.14704315396909962 -0.07496740547588006 0.016349297941911905 0.029971062422488638 0.006248698187877525 -0.015186797610610508 0.03997539975399754 -0.0021591277124041906 0.0288472206812382 -0.14338112704234743 0.0273134491423577 -0.038296913719306144 0.005232862375719523 0.0029311187103077674 0.04309519249185979 -0.061027133602478634 0.0236607987885671 -0.06361323155216285 -0.19757474388459126 -0.18397813288477713 -0.05724644594981395 -0.04959825414145422 0.018216779678170224 -0.023052540582076647 0.05774591796097173 -0.09880395215808632 -0.03335354760460885 -0.10476101393695629 -0.11867464160258234 -0.20562443302086483 -0.0723589001447178 -0.06782832417261139
0.051537386443046826 -0.033201143594946046 0.0396314277221837 -0.011341083073433511 0.041296346171110505 -0.05016417365924845 -0.012182741116751269 -0.04916832304634376 -0.009156670634557277 -0.05566037735849057 -0.06019261637239165 0.02417490014715156 0.023260965883916705 -0.12568482114083143 0.017486113968319277 -0.0761447793887556 0.027270820222362067 -0.07984917378285462 -0.09058725531028738 -0.08947635993899339 0.05934718100890207 -0.06864743108441487 0.02922394198506332 -0.08919311346193734 -0.024594195769798332 -0.28386454183266935 -0.41141547755442137 -0.45826342281879195 -0.19365142743062486 -0.15025041736227046 0.005345306820611503 -0.07284382284382285 0.05997001499250375 -0.055475652352578585 -0.007587973062695627 -0.3122203440389778 -2.6897086518223112 -4.057745696835092 -0.3466666666666667 -0.2577259475218659 -0.08289054197662062 -0.05570241691842901 -0.07250418293363078 -0.09657594381035997 -0.08777918657953769 -0.13901390139013903 -3.108426005132592 -5.284570439298854 -0.5011883848300093 -0.2165045497332915 0.04000780640124902 0.0036673695791693403 0.06862404447533009 0.036545979942206354 0.054772380353775706 -0.08488014177781922 -0.2663706992230855 -0.48548812664907653 -0.09947089947089946 -0.1542173730591691 0.024981495188749078 0.04836759371221282 0.035776445561786885 0.020867356196697513 0.0 -0.024878097323116726 -0.07832898172323761 -0.23564064801178203 -0.1236014917421417 -0.08148631029986962 0.018272744758607424 0.022736668044646552 0.005207248489897939 -0.010124531740407006 0.05022550225502256 -0.006477383137212567 0.03772328858315765 -0.1533844614871624 0.029498525073746312 -0.0439288127956747 0.008372579801151227 -0.008793356130923302 0.04022217965906914 -0.06290489155947797 0.03312511830399394 -0.0720949957591179 -0.18293957767091784 -0.18608074011774597 -0.04865947905734185 -0.054558079555599645 0.015180649731808521 -0.03169724330035539 0.05575467941059339 -0.09464378575143004 -0.027289266221952702 -0.11785614067907586 -0.1063324788759138 -0.21167221046265494 -0.06946454413892908 -0.08186177055315169
0.0506638714185884 -0.03689015954994006 0.0396314277221837 -0.008505812305075133 0.03770535954753568 -0.06202116016052535 -0.017258883248730966 -0.06799874463856051 -0.014650673015291642 -0.062264150943396226 -0.05617977528089887 0.014715156611309649 0.011076650420912718 -0.13427865506499087 0.023657683604196667 -0.0865755710858454 0.045101741136983425 -0.09648441832094934 -0.08017492711370262 -0.10066090493136755 0.050555006044620286 -0.06864743108441487 0.033553414871739365 -0.10371292263015972 -0.02459419576979833 -0.2978087649402391 -0.46036871159254245 -0.5253775167785235 -0.20463166300658817 -0.16068447412353926 -0.004276245456489203 -0.07867132867132867 0.04697651174412794 -0.05958495993425108 -0.023712415820923833 -0.33111265785025357 -3.1782430486318827 -4.821765685730149 -0.37666666666666665 -0.26355685131195333 -0.07332624867162593 -0.049093655589123875 -0.05484290760364381 -0.09267388547458785 -0.06047010631034818 -0.12901290129012905 -2.6443541488451667 -4.612637957152131 -0.4433192104991216 -0.21336680263570756 0.0507416081186573 0.0073347391583386806 0.08078526754690758 0.036545979942206354 0.07183262997216486 -0.08394739296707396 -0.22096660276460503 -0.46649076517150406 -0.07513227513227513 -0.15526647083508183 0.02590673575129534 0.04557715561343132 0.03384258363952814 0.014516421702050442 0.0009477774618519569 -0.039804955716986765 -0.07506527415143605 -0.24826425415527034 -0.1236014917421417 -0.08148631029986962 0.019234468166955183 0.027904092600248037 -0.0010414496979795865 -0.012149438088488406 0.054325543255432554 -0.004318255424808378 0.04438033950959723 -0.1567189063021007 0.028405987108052005 -0.04730795224149583 0.011512297226582948 -0.014655593551538837 0.0450105343803869 -0.06478264951647732 0.03785727806170737 -0.07527565733672605 -0.17248588751829397 -0.19449116904962155 -0.04579715675985115 -0.05555004463842873 0.01619269304726242 -0.04226299106714052 0.05077658303464755 -0.10920436817472698 -0.021224984839296544 -0.13188663361706107 -0.09399031614924525 -0.22074387662534015 -0.05692233478051134 -0.08653958601333178
0.05328441649196366 -0.040579175504934055 0.032695927870801555 -0.01701162461015027 0.03680761289164197 -0.07570229843122947 -0.01218274111675127 -0.08473689716497541 -0.016482007142203096 -0.07264150943396226 -0.06420545746388442 0.00840866092074837 -0.01439964554718653 -0.1353528843055108 0.008228759514503187 -0.08970480859497235 0.035661841829242716 -0.11090163025396475 -0.085381091211995 -0.10574478901881038 0.0516540279151555 -0.07615574385927276 0.05303604286178158 -0.11097282721427089 -0.026561731431382192 -0.31274900398406374 -0.5218206436829498 -0.5966862416107382 -0.21860650828508685 -0.1679883138564274 -0.005345306820611503 -0.08158508158508158 0.04697651174412794 -0.05342099856174235 -0.03130038888361946 -0.33807298399124985 -3.6246815110224886 -5.54247640199889 -0.3977777777777778 -0.2717201166180757 -0.07757704569606802 -0.04437311178247735 -0.0687860197062651 -0.0780411667154424 -0.056568809129035405 -0.10201020102010201 -2.2155688622754495 -3.94070547500541 -0.4030174640901105 -0.20081581424537182 0.04976580796252927 0.012835793527092692 0.06775538568450314 0.04164541900390957 0.06464936697494839 -0.07461990485962129 -0.20078700433861366 -0.45065963060686026 -0.07724867724867725 -0.15002098195551822 0.024056254626202818 0.039996279415868294 0.045445755173080644 0.011794592632915983 0.004738887309259784 -0.04378545128868545 -0.07832898172323759 -0.2545760572270145 -0.12466702184336706 -0.0836592785745328 0.014425851125216388 0.031004547333608933 0.0031243490939387637 -0.010124531740407006 0.05842558425584256 0.0032386915686062833 0.04881837346055696 -0.1533844614871624 0.033868676936523553 -0.04167605316512728 0.016745159602302467 -0.018563751831949193 0.0488412181574411 -0.06947704440897567 0.04732159757713421 -0.07633587786259541 -0.153669245243571 -0.19764507989907482 -0.030531437839900772 -0.05158218430711239 0.019228822993624124 -0.03649985592162136 0.054759060135404214 -0.10088403536141444 -0.024257125530624625 -0.12346833785426994 -0.09209152188360391 -0.19957665557907464 -0.05402797877472263 -0.06899777803765642
0.06464011180992313 -0.04334593747117956 0.04656692757356584 -0.028352707683583778 0.04488733279468533 -0.07661437431594309 -0.006091370558375634 -0.08159849356627262 -0.003662668253822908 -0.06981132075471698 -0.07022471910112359 0.009459743535841916 -0.02547629596809925 -0.13320442582447095 0.01131454433244188 -0.08866172942526337 0.027270820222362067 -0.12753687479205947 -0.08329862557267806 -0.10269445856634467 0.04615891856247938 -0.07830097608066074 0.051953674640112565 -0.10786143953536612 -0.030496802754549922 -0.3227091633466136 -0.596812831996667 -0.6921140939597316 -0.22359752445597927 -0.1721619365609349 -0.009621552277100705 -0.07672882672882672 0.05197401299350325 -0.06163961372508732 -0.03604287204780423 -0.3410559809088197 -3.991359255566634 -6.147695724597446 -0.4 -0.2693877551020408 -0.06588735387885228 -0.03304380664652568 -0.056701989217326644 -0.06535947712418302 -0.039012971813127864 -0.086008600860086 -1.7931993156544057 -3.3098896342782944 -0.3492818022114292 -0.19035665725342538 0.05269320843091335 0.020170532685431376 0.07557331480194579 0.05184429712731599 0.06824099847355661 -0.0606286726984423 -0.17858944607002325 -0.4211081794195251 -0.06349206349206349 -0.1384809064204784 0.021280532938564033 0.04557715561343132 0.05221427190098628 0.0027218290691344597 0.0066344422329636995 -0.0417952035028361 -0.08376849434290687 -0.2387965495476541 -0.11507725093233882 -0.07062146892655366 0.028851702250432775 0.0444398511781728 0.014580295771714227 0.0020249063480814013 0.07482574825748257 0.015113893986829321 0.06102296682569621 -0.1478270534622652 0.052441822353326784 -0.025906735751295335 0.00837257980115123 -0.009770395701025891 0.0430951924918598 -0.068538165430476 0.03975014196479273 -0.07315521628498727 -0.1620321973656701 -0.19974768713204372 -0.03148554527239767 -0.043646463644479716 0.02024086630907803 -0.0153683603880511 0.07765830346475507 -0.08840353614144565 -0.015160703456640386 -0.1197268730708072 -0.07974935915693535 -0.1753855458119141 -0.04052098408104197 -0.05730323938720616
0.05765199161425576 -0.026745365673706535 0.04260378480134747 -0.02929779793970324 0.0403985995152168 -0.06749361546880701 -0.0010152284263959394 -0.06486034103985774 -0.005494002380734363 -0.05660377358490566 -0.08727929373996789 0.019970569686777382 -0.027691626052281794 -0.12890750886239125 0.003085784817938695 -0.10013560029206217 -0.0031466331025802345 -0.15193523344793172 -0.1030820491461891 -0.09964412811387899 0.03956478733926804 -0.06864743108441489 0.042212360645091464 -0.10060153495125493 -0.04033448106246925 -0.3266932270916335 -0.7030517654410999 -0.8179530201342281 -0.24655619884208427 -0.16903171953255428 -0.011759675005345308 -0.06993006993006994 0.039980009995002494 -0.05650297924799671 -0.04552783837617377 -0.33807298399124985 -4.255012739559101 -6.684064408661854 -0.4166666666666667 -0.2588921282798834 -0.06907545164718384 -0.011329305135951661 -0.040899795501022504 -0.05072675836503755 -0.03706232322247147 -0.06100610061006099 -1.4157399486740805 -2.659597489720839 -0.32344734938514 -0.1746679217655057 0.051717408274785326 0.0339231686073164 0.07383599722029185 0.062043175250722414 0.06464936697494836 -0.03917545005130118 -0.17051760669962668 -0.38416886543535617 -0.059259259259259255 -0.11644985312631136 0.01757957068837898 0.05301832387684867 0.04931347901759815 0.004536381781890762 0.012321107004075443 -0.03582446014528808 -0.07288946910356833 -0.22091310751104568 -0.11294619072988812 -0.052151238591916546 0.014425851125216388 0.05064076064489459 0.012497396375755051 0.006074719044244203 0.06252562525625256 0.023750404836446075 0.03661378009541773 -0.14115816383238858 0.03605375286791215 -0.013516557783284523 0.0010465724751439025 -0.0039081582804103565 0.03926450871480559 -0.06666040747347667 0.03217868635245126 -0.0710347752332485 -0.1662136734267196 -0.1965937762825904 -0.03721018986737907 -0.027775022319214367 0.019228822993624127 -0.0153683603880511 0.06969334926324174 -0.09048361934477378 -0.011117849201536283 -0.11317930969974743 -0.05696382796923953 -0.15522628767261365 -0.036661842739990354 -0.033914162086305696
0.05328441649196367 -0.030434381628700536 0.04953928465272961 -0.051034873830450814 0.03321662626806715 -0.07570229843122948 0.001015228426395938 -0.0700910137043624 -0.009156670634557275 -0.062264150943396226 -0.10734349919743177 0.025225982762245115 -0.03876827647319451 -0.12031367493823182 -0.008228759514503189 -0.10117867946177114 -0.028319697923222153 -0.1685704779860264 -0.12286547271970014 -0.09456024402643622 0.009891196834817014 -0.07186527941649683 0.028141573763394313 -0.11200995644057248 -0.06394490900147565 -0.3456175298804781 -0.8905322362253931 -1.0192953020134228 -0.28049510880415257 -0.17007512520868112 -0.031002779559546723 -0.06313131313131312 0.02698650674662668 -0.061639613725087326 -0.060703784501565015 -0.3281296609326837 -4.392378420294672 -7.07717934480844 -0.43888888888888894 -0.2460641399416909 -0.0765143464399575 0.0018882175226586106 -0.026956683398401193 -0.0360940396058921 -0.030235053155174097 -0.039003900390038995 -1.073567151411463 -2.09262064488206 -0.2893458716544383 -0.16107101767597531 0.0312256049960968 0.03300632621252406 0.060806115357887415 0.05524392316845146 0.053874472479123636 -0.04010819886204645 -0.16345474725052972 -0.3641160949868073 -0.06031746031746031 -0.10490977759127151 0.0009252405625462624 0.049297739745139985 0.029007928833881265 -0.00907276356378153 -1.3877787807814458e-18 -0.0388098318240621 -0.08159268929503917 -0.21670523879654952 -0.11401172083111348 -0.043459365493263805 -0.005770340450086555 0.0444398511781728 0.010414496979795875 0.007087172218284904 0.051250512505125044 0.01727302169923351 0.02108066126705869 -0.1456040902523063 0.026220911176663392 -0.01689569722910565 -0.025117739403453687 -0.0009770395701025891 0.019153418885271018 -0.061027133602478634 0.011357183418512207 -0.06679389312977098 -0.186075684716705 -0.19238856181665265 -0.049613586489838754 -0.022815196905068936 -0.0030361299463617037 -0.01344731533954471 0.05874153723616089 -0.10504420176807072 -0.028299979785728725 -0.12253297165840427 -0.0626602107661635 -0.15321036185868359 -0.04245055475156778 -0.04093088527657583
0.04716981132075472 -0.029512127639952042 0.033686713563856135 -0.046309422549853506 0.024239159709130084 -0.07570229843122947 -0.003045685279187816 -0.07009101370436238 -0.012819338888380183 -0.06132075471698113 -0.10834670947030497 0.019970569686777382 -0.032122286220646876 -0.12890750886239125 -0.011314544332441884 -0.11369562949827891 -0.060834906649884626 -0.2018409670622158 -0.1280716368179925 -0.09252669039145908 -1.3877787807814458e-18 -0.08795452107690657 0.03138867842840134 -0.11200995644057248 -0.07378258730939499 -0.36354581673306774 -1.0655140089574002 -1.3192114093959733 -0.30744659612697145 -0.1763355592654424 -0.03527902501603593 -0.06895881895881896 0.008995502248875565 -0.06369426751592358 -0.07208574409560846 -0.32912399323854036 -4.465492411653928 -7.282620766240977 -0.4488888888888889 -0.25306122448979596 -0.06801275239107332 0.0009441087613293063 -0.008365867261572785 -0.03024095210223392 -0.008777918657953772 -0.02700270027002701 -0.7827202737382377 -1.614369184159273 -0.24801074713237573 -0.15061186068402885 0.029274004683840747 0.028422114238562383 0.054725503822098676 0.06714261431242563 0.053874472479123636 -0.03544445480832011 -0.15740086772273232 -0.34828496042216356 -0.06243386243386243 -0.10071338648762063 0.0046262028127313105 0.043716863547576965 0.009669309611293756 -0.008165487207403375 -0.007582219694815656 -0.03880983182406209 -0.09573542210617929 -0.21354933726067746 -0.1289291422482685 -0.04671881790525858 -0.008655510675129837 0.03617197188921042 0.010414496979795875 0.0010124531740407007 0.05227552275522755 0.00971607470581885 0.012204593365139241 -0.1533844614871624 0.01966568338249754 -0.01914845685965307 -0.03349031920460492 -0.0039081582804103565 0.00766136755410841 -0.056332738709980276 -0.002839295854628053 -0.06255301102629346 -0.20802843403721516 -0.19554247266610597 -0.06869573513977674 -0.014879476242436268 -0.0020240866309078017 -0.02113149553357026 0.04281162883313422 -0.09568382735309412 -0.03638568829593693 -0.13001590122532972 -0.06550840216462547 -0.14817054732385848 -0.05692233478051134 -0.04093088527657583
0.038434661076170516 -0.03227888960619754 0.00396314277221837 -0.051034873830450814 -0.0008977466558937053 -0.07296607077708865 -0.018274111675126905 -0.06486034103985772 -0.03754234960168483 -0.057547169811320756 -0.1073434991974318 0.012612991381122558 -0.031014621178555607 -0.11816521645719195 -0.017486113968319277 -0.12308334202565976 -0.09230123767568701 -0.23732948874348453 -0.13744273219491882 -0.09354346720894764 -0.00879217496428179 -0.09009975329829453 0.0368005195367464 -0.10475005185646132 -0.08066896212493851 -0.3745019920318725 -1.3238204353713154 -1.7124580536912752 -0.3343980834497904 -0.17842237061769617 -0.04810776138550353 -0.06895881895881896 0.002998500749625188 -0.05033901787548798 -0.07398273736128234 -0.3122203440389778 -4.370222665337321 -7.189339255968905 -0.4488888888888889 -0.25072886297376085 -0.06269925611052071 0.00944108761329305 0.0018590816136828405 -0.01073066042337332 0.009753242953281966 -0.009000900090009006 -0.5399914456800683 -1.1804804154944817 -0.2056422444972615 -0.13178537809852525 0.029274004683840754 0.023837902264600717 0.05733148019457955 0.08159102498725139 0.058364011852383935 -0.01772222740416006 -0.14630208858843705 -0.31767810026385224 -0.059259259259259255 -0.08812421317666806 -0.0018504811250925235 0.039066133382941126 0.006768516727905631 -0.015423698058428595 -0.0066344422329636995 -0.03482933625236342 -0.10443864229765014 -0.20092573111718912 -0.13532232285562068 -0.0423728813559322 -0.008655510675129834 0.037205456800330716 0.0166631951676734 0.0010124531740407007 0.059450594505945066 0.014034330130627225 0.01886164429157883 -0.15783038790708015 0.02403583524527477 -0.01239017796801081 -0.04186289900575615 0.0019540791402051783 0.002873012832790655 -0.04131067505398554 0.0018928639030853663 -0.04664970313825276 -0.21011917206773992 -0.19028595458368378 -0.06964984257227363 0.0019839301656581687 -0.009108389839085112 -0.015368360388051098 0.04480286738351255 -0.07384295371814874 -0.035374974732160905 -0.1159854082873445 -0.06550840216462546 -0.12196351174276784 -0.05306319343945972 -0.030405800491170625
0.03057302585604473 -0.029512127639952045 0.00792628554443674 -0.06048577639164541 0.002693239967681121 -0.08117475373951112 -0.025380710659898477 -0.07741395543466889 -0.04120501785550773 -0.059433962264150944 -0.1063402889245586 0.010510826150935463 -0.027691626052281794 -0.10957138253303256 -0.013371734211067682 -0.1324710545530406 -0.11957205789804908 -0.2739270267272929 -0.13848396501457724 -0.1047280122013218 -0.02088141554016925 -0.08580928885551861 0.033553414871739365 -0.11719560257208046 -0.0895228726020659 -0.4083665338645419 -1.6706593063222581 -2.159186241610738 -0.352365741665003 -0.18363939899833057 -0.03955527047252512 -0.0641025641025641 0.006996501749125439 -0.044175056502979246 -0.06734326093142369 -0.2992940240628418 -4.102138030353385 -6.802887284841755 -0.4322222222222222 -0.2507288629737609 -0.055260361317747086 0.012273413897280967 0.014872652909462724 -0.0009755145839430296 0.023407783087876718 0.002000200020001998 -0.36569717707442256 -0.7985284570439299 -0.16947401054045674 -0.12237213680577344 0.03317720530835286 0.034840011002108734 0.055594162612925636 0.07564167941526431 0.059261919727036 -0.023318720268631656 -0.14125718898193923 -0.29868073878627965 -0.05291005291005291 -0.07868233319345364 -0.004626202812731309 0.039996279415868294 0.014503964416940634 -0.01360914534567229 -0.0056866647711117406 -0.03283908846651408 -0.10226283724978243 -0.19356196086682098 -0.13212573255194457 -0.03694046066927423 -0.0009617234083477602 0.04857379082265399 0.013538846073734633 0.015186797610610508 0.06765067650676507 0.02267084098024398 0.021080661267058688 -0.16116483272201848 0.03823882879930077 -0.006758278891642264 -0.035583464154892726 0.005862237420615535 0.00095767094426355 -0.0394329170969862 0.004732159757713417 -0.04770992366412214 -0.21325527911352707 -0.19974768713204377 -0.07060395000477053 -0.0019839301656581682 0.0020240866309078043 -0.026894630679089426 0.052767821585025895 -0.08944357774310974 -0.03840711542348898 -0.12908053502946404 -0.06740719643026678 -0.11893962302187278 -0.05016883743367101 -0.03625306981639574
0.02707896575821105 -0.025823111684958037 -0.002972357079163776 -0.06710140818448161 -0.0071819732471496535 -0.09485589201021524 -0.05177664974619289 -0.10984412595459776 -0.04944602142660929 -0.07169811320754717 -0.10934991974317816 -1.3877787807814458e-18 -0.03876827647319451 -0.11279407025459232 -0.025714873482822465 -0.14916032126838427 -0.19509125235997482 -0.32715980924919597 -0.15097875885047898 -0.11591255719369595 -0.018683371799098805 -0.09546283385176445 0.028141573763394302 -0.13067828251400124 -0.09936055090998526 -0.4223107569721115 -1.945630663472555 -2.4423238255033555 -0.36933519664603714 -0.2003338898163606 -0.02779559546717982 -0.05924630924630925 0.01499250374812594 -0.03801109513047052 -0.05216731480603244 -0.2714527194988565 -3.6191425722831503 -6.019988895058301 -0.37888888888888894 -0.2472303206997085 -0.04994686503719448 0.014161631419939577 0.015802193716304144 0.0029265437518290896 0.028284404564517703 0.012001200120012 -0.2662532078699743 -0.5929452499458991 -0.13743928903585825 -0.10772931701704842 0.03415300546448088 0.03208948381773173 0.05125086865879084 0.07479177290498044 0.05746610397773187 -0.02052047383639586 -0.1341943295328423 -0.2849604221635884 -0.05291005291005291 -0.0828787242971045 0.0027757216876387893 0.03162496511952377 0.004834654805646881 -0.008165487207403375 -0.007582219694815659 -0.02786346900189073 -0.10117493472584856 -0.18514622343782877 -0.13106020245071923 -0.029335071707953065 -0.001923446816695519 0.050640760644894575 0.005207248489897937 0.015186797610610508 0.06560065600656007 0.0194321494116377 0.014423610340619102 -0.1689452039568745 0.044794056593466615 -0.005631899076368551 -0.035583464154892726 -0.017586712261846604 -0.00861903849837196 -0.04224955403248521 0.0028392958546280484 -0.05831212892281594 -0.21325527911352707 -0.19974768713204374 -0.07728270203224882 -0.011903580993949012 0.00607225989272341 -0.03457881087311497 0.05774591796097173 -0.08840353614144567 -0.03739640185971295 -0.13282199981292678 -0.057913225102060185 -0.11994758592883781 -0.04341534008683068 -0.04093088527657584
0.016596785464709995 -0.029512127639952042 -0.011889428316655107 -0.07182685946507891 -0.018852679773767842 -0.11948194089748268 -0.08730964467005076 -0.15273564180353594 -0.05951835912462229 -0.08396226415094339 -0.11135634028892456 -0.01156190876602901 -0.045414266725742135 -0.1160167579761521 -0.032915038058012755 -0.17210806300198186 -0.3104677994545836 -0.39924586891427305 -0.1655560183256976 -0.12404677173360446 -0.016485328058028357 -0.10833422718009225 0.02272973265504925 -0.1431238332296204 -0.11214953271028036 -0.43725099601593626 -2.0497864805749404 -2.5440436241610738 -0.3743262128169295 -0.21389816360601 -0.021381227282446014 -0.05536130536130537 0.01299350324837581 -0.03390178754879803 -0.042682348477662904 -0.24062841801730142 -3.0962667552896863 -5.169350360910606 -0.33555555555555555 -0.2297376093294461 -0.04144527098831031 0.006608761329305135 0.017661275329986986 0.0029265437518290888 0.041938944699112454 0.017001700170017002 -0.183917878528657 -0.46526725816922754 -0.10953807998346596 -0.09831607572429663 0.03415300546448087 0.03208948381773173 0.04517025712300209 0.07904130545639979 0.0547723803537757 -0.024251469079376926 -0.11704167087074965 -0.2649076517150396 -0.0455026455026455 -0.07868233319345364 -0.00462620281273131 0.02604408892196075 -0.025140204989363757 -0.007258210851025221 -0.02558999147000284 -0.019902477858493382 -0.1120539599651871 -0.17252261729434043 -0.1449120937666489 -0.015210777922642332 -0.006732063858434316 0.055808185200496074 0.001041449697979589 0.01619925078465121 0.05842558425584256 0.023750404836446075 0.0011095084877399298 -0.17005668556185394 0.038238828799300774 -0.0011263798152737106 -0.03767660910518053 -0.015632633121641426 -0.011492051331162611 -0.030983006290489157 1.3877787807814458e-18 -0.05089058524173028 -0.19862011289985368 -0.19028595458368378 -0.07728270203224882 -0.013887511159607183 0.012144519785446815 -0.03169724330035539 0.05774591796097173 -0.08632345293811752 -0.03638568829593693 -0.1206622392666729 -0.05601443083641886 -0.10180425360346738 -0.03762662807525326 -0.02572798503099053
0.019217330538085255 -0.031356635617449044 -0.010898642623600513 -0.09167375484358756 -0.018852679773767842 -0.13316307916818676 -0.1116751269035533 -0.17679673606025736 -0.06318102737844519 -0.08962264150943394 -0.11737560192616373 -0.004204330460374187 -0.03322995126273815 -0.10634869481147277 -0.04628677226908044 -0.18984040888703452 -0.4384308789595133 -0.47687701009204836 -0.18638067471886713 -0.1281138790035587 -0.015386306187493131 -0.10940684329078623 0.0097413139950211 -0.12549263638249325 -0.11805213969503196 -0.42729083665338646 -2.0581189459431313 -2.5450922818791946 -0.3723298063485726 -0.20763772954924872 -0.012828736369467611 -0.032051282051282055 0.02698650674662668 -0.017464557222108074 -0.026557905719434692 -0.19787212886546685 -2.55677412207821 -4.305385896724043 -0.2877777777777778 -0.20991253644314867 -0.04782146652497343 0.011329305135951661 0.005577244841048523 0.0097551458394303 0.036086998927143274 0.032003200320031996 -0.1432848588537211 -0.3310971651157758 -0.10230443319210498 -0.08576508733396089 0.025370804059328657 0.036673695791693404 0.0330090340514246 0.08414074451810301 0.052976564604471574 -0.02052047383639586 -0.1160326909494501 -0.24696569920844325 -0.0455026455026455 -0.07343684431389005 -0.0037009622501850458 0.034415403218305274 -0.023206343067105013 -0.01996007984031936 -0.022746659084446973 -0.019902477858493382 -0.105526544821584 -0.15779507679360405 -0.14171550346297285 -0.011951325510647546 -0.010578957491825351 0.060975609756097573 -0.002082899395959174 0.02024906348081401 0.052275522755227566 0.02482996869264817 -0.013314101852879175 -0.16116483272201843 0.034961214902217846 0.012390177968010814 -0.030350601779173203 -0.008793356130923302 -0.01628040605248037 -0.018777579569993427 0.0056785917092561046 -0.04664970313825276 -0.18293957767091787 -0.17767031118587048 -0.06774162770727984 -0.019839301656581692 0.01315656310090072 -0.025934108154836228 0.05774591796097174 -0.0748829953198128 -0.03638568829593693 -0.11130857730801609 -0.05601443083641887 -0.09172462453381716 -0.04148576941630487 -0.021050169570810427
0.017470300489168412 -0.02858987365120354 -0.0019815713861091864 -0.07655231074567621 -0.026034653020917498 -0.1340751550529004 -0.15126903553299492 -0.19562715765247413 -0.06867502975917955 -0.0820754716981132 -0.11637239165329052 -0.002102165230187092 -0.03987594151528578 -0.10205177784939305 -0.056572721662209426 -0.21278815062063208 -0.5233899727291798 -0.5323278252190308 -0.19575177009579345 -0.13116420945602442 -0.02637652489284536 -0.09331760163037649 -0.009741313995021112 -0.11512134411947728 -0.12592228234136743 -0.4083665338645418 -2.03624622435163 -2.494756711409396 -0.3613495707726093 -0.20137729549248745 -0.01175967500534531 -0.028166278166278157 0.024987506246876567 -0.0010273268954181208 -0.01991842928957601 -0.16406483046634182 -2.0350060928326132 -3.4436424208772918 -0.24333333333333335 -0.18658892128279886 -0.04675876726886291 0.020770392749244714 0.009295408068414205 0.010730660423373332 0.033161026041158684 0.035003500350035 -0.1122754491017964 -0.2488638822765635 -0.09093727394853776 -0.07530593034201444 0.012685402029664321 0.04125790776565509 0.033877692842251575 0.08499065102838688 0.04489539373260304 -0.018654976214905326 -0.11401473110685097 -0.22902374670184694 -0.03597883597883598 -0.06399496433067561 -0.009252405625462623 0.043716863547576965 -0.03964416940630439 0.0 -0.036015543550374375 -0.009951238929246691 -0.10879025239338555 -0.14306753629286767 -0.1427810335641982 6.938893903907229e-19 -0.014425851125216388 0.058908639933856956 -0.009373047281816288 0.01822415713273261 0.03690036900369004 0.0183525855554356 -0.022190169754798626 -0.15783038790708012 0.03714629083360646 0.006758278891642262 -0.04500261643118785 -0.005862237420615535 -0.027772457383642986 -0.00844991080649704 -0.007571455612341474 -0.04452926208651399 -0.18398494668618026 -0.16505466778805722 -0.07251216486976433 -0.02678305723638528 0.0070843032081773115 -0.02881567572759581 0.04579848665870171 -0.07176287051482058 -0.03638568829593693 -0.11317930969974746 -0.05981201936770151 -0.09878036488257233 -0.04245055475156778 -0.03040580049117062
0.0026205450733752613 -0.02858987365120354 -0.020806499554146436 -0.0718268594650789 -0.03770535954753569 -0.14775629332360452 -0.18274111675126903 -0.21968825190919553 -0.08515703690138265 -0.08584905660377358 -0.12038523274478333 -0.010510826150935463 -0.04319893664155959 -0.11601675797615212 -0.0750874305698416 -0.2409512882027746 -0.6093979441997063 -0.5644892979926805 -0.20928779675135362 -0.14438230808337568 -0.036267721727662385 -0.10082591440523436 -0.008658945773352092 -0.11926986102468366 -0.13477619281849484 -0.40637450199203196 -1.9966670138527238 -2.423447986577181 -0.3553603513675384 -0.2097245409015025 -0.01175967500534531 -0.01942501942501943 0.02898550724637682 0.017464557222108077 -0.01802143602390211 -0.13025753206721685 -1.5597651489974522 -2.6307606885063852 -0.2111111111111111 -0.17725947521865887 -0.05951115834218916 0.0349320241691843 -0.0018590816136828398 0.02341235001463272 0.022432458792548515 0.056005600560056004 -0.11013686911890505 -0.17961480199091104 -0.10023767696600186 -0.05752536345570547 0.0058548009367681494 0.048592646923993774 0.02866574009728979 0.08329083800781914 0.03591631498608243 -0.009327488107452663 -0.12107759055594794 -0.20474934036939313 -0.04444444444444444 -0.060847671002937476 -0.01480384900074019 0.03999627941586829 -0.03964416940630439 0.009072763563781526 -0.05117998294000568 -0.005970743357548014 -0.11531766753698869 -0.1335998316852514 -0.14917421417155036 -0.005432420686657974 -0.028851702250432775 0.05994212484497726 -0.01874609456363258 0.028348688873139617 0.025625256252562522 0.023750404836446075 -0.032175746144458006 -0.14338112704234743 0.016388069485414616 0.009011038522189683 -0.050235478806907374 -0.005862237420615535 -0.03543382493775139 -0.005633273870998029 -0.02176793488548174 -0.04558948261238337 -0.18084883964039308 -0.15033641715727503 -0.08109913176223642 -0.033726812816188875 -0.0020240866309078048 -0.044184036115646905 0.029868578255675033 -0.07072282891315652 -0.05154639175257732 -0.11317930969974746 -0.06835659356308743 -0.10583610523132747 -0.05306319343945972 -0.04677815460180096
-0.006114605171208947 -0.03412339758369455 -0.03566828494996532 -0.07844249125791512 -0.053864799353622414 -0.16417365924844948 -0.22030456852791874 -0.24374934616591695 -0.10530171229740866 -0.10094339622641509 -0.1243980738362761 -0.015766239226403196 -0.04873726185201595 -0.12568482114083146 -0.09257354453816087 -0.25764055491811827 -0.672330606251311 -0.575579461018077 -0.22178259058725533 -0.1525165226232842 -0.036267721727662385 -0.11262469162286817 -0.0032471046650070397 -0.11512134411947728 -0.1367437284800787 -0.4073705179282869 -1.9143839183418394 -2.3039010067114094 -0.3403873028548612 -0.22120200333889817 -0.004276245456489197 -0.010683760683760684 0.05197401299350325 0.02362851859461681 -0.009484966328369527 -0.10738788903251466 -1.1310512905727261 -1.8811771238200996 -0.1688888888888889 -0.17142857142857143 -0.06801275239107334 0.022658610271903325 -0.005577244841048521 0.0195102916788606 0.019506485906563925 0.055005500550055 -0.1015825491873396 -0.15040034624540144 -0.10127105507905343 -0.0627549419516787 0.0029274004683840747 0.04584211973961676 0.02345378735232801 0.08924018357980623 0.03501840711143036 -0.013991232161178997 -0.1190596307133488 -0.1878627968337731 -0.053968253968253964 -0.0692404532102392 -0.01387860843819393 0.034415403218305274 -0.03674337652291626 0.007258210851025221 -0.05117998294000568 -0.011941486715096029 -0.1174934725848564 -0.1209762255417631 -0.14597762386787425 -0.010864841373315951 -0.03654548951721485 0.05374121537825548 -0.02811914184544887 0.01923661030677331 0.018450184501845022 0.017273021699233507 -0.0355042716076778 -0.14226964543736798 0.010925379656943079 0.0011263798152737095 -0.05232862375719518 -0.009770395701025891 -0.04213752154759625 -0.013144305698995402 -0.022714366837024418 -0.0498303647158609 -0.16725904244198206 -0.1314129520605551 -0.08396145405972713 -0.04860628905862514 -0.0030361299463617054 -0.048026126212659684 0.02489048187972919 -0.07384295371814872 -0.05558924600768141 -0.12346833785426996 -0.07500237349283204 -0.11289184558008265 -0.05306319343945972 -0.06899777803765642
-0.013976240391334733 -0.028589873651203544 -0.0505300703457842 -0.06143086664776485 -0.061944519256665775 -0.15322874863188618 -0.24467005076142131 -0.23328800083690765 -0.11354271586851021 -0.09056603773584905 -0.13142054574638845 -0.01891948707168383 -0.05538325210456359 -0.1310559673434311 -0.11005965850648014 -0.28163137582142483 -0.712187958883994 -0.582233558833315 -0.22594752186588923 -0.15963396034570412 -0.028574568633915814 -0.12013300439772605 -0.023812100876718263 -0.12238124870358846 -0.13575996064928678 -0.40637450199203184 -1.7581501926882617 -2.1046560402684564 -0.3214214414054701 -0.2243322203672788 0.008552490912978406 -0.00874125874125874 0.06596701649175413 0.042120402712143 0.012330456226880396 -0.08750124291538232 -0.7599423950371109 -1.192670738478623 -0.11111111111111112 -0.16209912536443152 -0.07226354941551541 0.013217522658610273 -0.010224948875255623 0.010730660423373329 0.020481810201892124 0.047004700470047005 -0.08875106928999145 -0.1309240424150617 -0.10643794564431126 -0.061709026252484055 0.00975800156128025 0.04217475016044742 0.020847810979847118 0.09518952915179331 0.03591631498608243 -0.009327488107452665 -0.11502371102815052 -0.16358839050131926 -0.05714285714285714 -0.06504406210658834 -0.010177646188008885 0.03441540321830528 -0.029974859795010633 0.020867356196697513 -0.04644109563074591 -0.004975619464623345 -0.11205395996518715 -0.1009888491479066 -0.14384656366542353 0.0010864841373315933 -0.03846893633391037 0.05890863993385696 -0.01770464486565299 0.026323782525058216 0.016400164001640016 0.03346647954226493 -0.029956729168978142 -0.12559742136267643 -1.3877787807814458e-18 0.010137418337463393 -0.047095761381475656 -0.01172447484123107 -0.030645470216433636 -0.007511031827997372 -0.018928639030853685 -0.044529262086514 -0.13694334099937283 -0.11459209419680405 -0.07537448716725503 -0.049598254141454225 -0.009108389839085114 -0.059552396503698014 0.03484667463162087 -0.06656266250650025 -0.06266424095411359 -0.12440370405013564 -0.08069875628975601 -0.10986795685918757 -0.06271104679208876 -0.0736755934978365
-0.020090845562543678 -0.022134095729964026 -0.03665907064301992 -0.05954068613552593 -0.0781039590627525 -0.15231667274717256 -0.2680203045685279 -0.23224186630400673 -0.12636205475689039 -0.08773584905660377 -0.13543338683788123 -0.010510826150935465 -0.03766061143110324 -0.12890750886239122 -0.11725982308167045 -0.2878898508396787 -0.7184812250891545 -0.5578352001774427 -0.22074135776759687 -0.15963396034570412 -0.023079459281239702 -0.10833422718009225 -0.017317891546704184 -0.12549263638249325 -0.13280865715691098 -0.3984063745019921 -1.589417768982398 -1.7963506711409398 -0.2914753443801158 -0.21702838063439067 0.022450288646568315 0.0009712509712509726 0.09795102448775612 0.044175056502979246 0.03509437541496728 -0.06264293526896689 -0.39437243824083307 -0.6318711826762908 -0.056666666666666664 -0.14460641399416913 -0.07545164718384698 0.011329305135951663 0.006506785647889942 0.0029265437518290914 0.021457134497220327 0.04300430043004301 -0.07271171941830626 -0.10820168794633198 -0.09817092073989872 -0.06484677335006797 0.016588602654176426 0.0495094893187861 0.039089645587213354 0.08074111847696754 0.04669120948190716 -0.013991232161178997 -0.09282615275956009 -0.14986807387862797 -0.04021164021164021 -0.05874947545111205 -0.014803849000740193 0.039996279415868294 -0.014503964416940629 0.018145527127563055 -0.040754430859634164 -0.001990247785849339 -0.09464751958224542 -0.08415737428992216 -0.13106020245071923 0.004345936549326379 -0.046162723600692436 0.055808185200496074 0.006248698187877527 0.03138604839526172 0.014350143501435014 0.037784734967073304 -0.02551869521801841 -0.10781371568300543 0.004370151862777232 0.005631899076368551 -0.04290947148090004 -0.008793356130923302 -0.02202643171806167 -0.008449910806497042 -0.010410751466969525 -0.038167938931297704 -0.09826468743466443 -0.09251471825063078 -0.05629233851731704 -0.049598254141454225 -0.0070843032081773115 -0.05378926135817884 0.04878534448426922 -0.06656266250650025 -0.06165352739033758 -0.11505004209147882 -0.0740529763600114 -0.10382017941739743 -0.05306319343945972 -0.07367559349783652
-0.008735150244584208 -0.027667619662455047 -0.02179728524720103 -0.07182685946507891 -0.061944519256665775 -0.1669098869025903 -0.25482233502538065 -0.24479548069881787 -0.10255471110704147 -0.09622641509433962 -0.13142054574638845 -0.014715156611309649 -0.03433761630482942 -0.14502094747019012 -0.11108825344579303 -0.2941483258579326 -0.712187958883994 -0.5367638904291894 -0.19887546855476887 -0.16370106761565836 -0.019782393669634028 -0.11047945940148021 -0.022729732655049243 -0.13171541174030282 -0.13379242498770288 -0.3964143426294821 -1.3196542026872202 -1.3915687919463087 -0.24056697943701338 -0.21702838063439062 0.03207184092366902 0.0009712509712509713 0.11494252873563218 0.03903842202588864 0.05406430807170635 -0.061648602963110276 -0.1451201949706436 -0.29872293170460845 -0.006666666666666664 -0.13644314868804666 -0.07438894792773645 0.0028323262839879187 0.014872652909462724 -0.015608233343088479 0.025358431678533112 0.03900390039003901 -0.0641573994867408 -0.1103657217052586 -0.08783713960938308 -0.079489593138793 0.014637002341920374 0.0522600165031631 0.03214037526059764 0.06034336223015467 0.0413037622339948 -0.02518421789012219 -0.07870043386136616 -0.1424802110817942 -0.024338624338624337 -0.06504406210658834 -0.005551443375277571 0.034415403218305274 -0.017404757300328755 0.015423698058428598 -0.029381101317410674 -0.010946362822171356 -0.062010443864229756 -0.07994950557542606 -0.10335641981885987 -0.002172968274663191 -0.04712444700904019 0.045473336089293104 0.009373047281816285 0.02024906348081401 0.012300123001230012 0.03130735182986073 -0.02329967824253855 -0.10336778926308769 0.00983284169124877 -0.01464293759855823 -0.03349031920460491 -0.01074743527112848 -0.01915341888527102 -0.026288611397990796 -0.012303615370054892 -0.0498303647158609 -0.07317583106836713 -0.07884777123633305 -0.041026619597366656 -0.06050987005257415 -0.004048173261815608 -0.06339448660071079 0.05575467941059339 -0.07904316172646907 -0.05457853244390539 -0.12159760546253859 -0.06266021076616349 -0.11793166011490777 -0.0472744814278823 -0.0830312244181967
