-0.026184865147944485 -0.03226698626348299 -0.024759829652371994 -0.09816877477817632 -0.02242554718335128 -0.02826661803592596 -0.013189935064935068 -0.0020929259104227717 -0.04666483667307164 -0.005659309564233163 0.011041959445894398 -0.03254251522149905 -0.040965456155890166 0.009673258813413587 -0.056526207605344304 0.038597955351554344 -0.07965622052195787 0.05992010652463382 -0.07182262933277818 0.01017293997965412 0.029660551466549483 0.08695652173913043 0.03569497025419146 0.024893683227880926 0.0904888364315924 0.07579535254812007 -0.014581814394333925 0.11869747899159666 -0.029943108094620217 0.11703239289446185 -0.06513614522156967 -0.0921972049689441 -0.023949705618201776 -0.11796081649399937 0.06442444339175746 0.0029829969175698538 -0.028761061946902654 -0.005557408024897188 -0.008870162989244926 -0.03614738805970149 0.0404126342656599 -0.06886792452830189 -0.06317354143441099 -0.05752730109204368 0.0 -0.02596883739512585 -0.07161945483698556 -0.038939967550027044 -0.05370236496953423 -0.0167276529012023 0.01366386882685926 -0.019251925192519254 -0.043414083528696704 -0.07560954889134312 0.023347701149425287 -0.1221331344396793 -0.05751185551407527 -0.06335128286347799 -0.06661732050333086 0.014704337779644994 -0.0739987050226621 -0.13662979830839297 -0.207769617317356 -0.2918517175745491 -0.40648095508811827 -0.21498954911914003 -0.1370309951060359 -0.11467648605996845 -0.10336743393009377 -0.02609262883235486 -0.0529049634474798 -0.13323693451766166 -0.153140952182519 -0.3368740515933232 -1.6924495441040879 -0.4056094929881338 -0.13634852011972065 -0.08116522125861685 -0.07093746589544908 -0.00901306894997747 -0.08267057346169945 -0.12495119094103865 -0.15412598123683707 -0.13432275032876198 -0.3423815378795044 -0.17283426996076767 -0.12849979105725035 -0.06620428751576293 -0.08965188364329996 -0.050580184468908065 -0.07178968655207281 -0.05572101066384859 -0.06068444090728213 -0.026028110359187923 -0.14652384801940177 -0.011237007210412953 -0.09012427663409543 -0.018159806295399518 -0.054955649826455844 0.009364391899801006
-0.029676180501003752 -0.03595464183645247 -0.02277904328018223 -0.10383235793845573 -0.027807678507355583 -0.03647305553022705 -0.006087662337662339 -0.008371703641691085 -0.04483484307804923 -0.011318619128466326 0.009034330455731782 -0.032542515221499056 -0.04096545615589016 0.001074806534823732 -0.06680369989722508 0.030252451491758814 -0.07756000419243267 0.05770084332001776 -0.06869990631830956 0.012207527975584944 0.03185762935296056 0.08051529790660225 0.041103299080584105 0.0394149984441448 0.09737385659486573 0.07878727435923008 -0.014581814394333922 0.11029411764705885 -0.02395448647569618 0.11389759665621735 -0.06513614522156967 -0.08152173913043478 -0.014968566011376111 -0.12103805518514721 0.05495026054002842 0.0 -0.03761061946902655 -0.007780371234856064 -0.005543851868278079 -0.03031716417910448 0.03296820163777518 -0.0820754716981132 -0.062244518766257896 -0.0750780031201248 -0.001949317738791423 -0.04794246903715542 -0.07161945483698556 -0.049756625202812335 -0.04647320045440463 -0.018818609513852586 0.010735896935389419 -0.02933626696002934 -0.0382043935052531 -0.10364455016566139 0.00538793103448276 -0.15756106656721985 -0.06457471496317223 -0.07707739415056489 -0.05815797821719361 0.008402478731225712 -0.07584867264822866 -0.13755925271865416 -0.21356783919597988 -0.3226683585606816 -0.525866969869244 -0.2985965959988056 -0.1598694942903752 -0.12519726459758024 -0.10443307757885763 -0.023918243096325287 -0.05001923816852636 -0.160090890311919 -0.14376497551828316 -0.4157814871016692 -2.5540415940989654 -0.6084142394822006 -0.14743376565790933 -0.11452079163887037 -0.06220670086216305 -0.02591257323118522 -0.07639179573043113 -0.12202264740335807 -0.14646754738655945 -0.160623708435093 -0.44074529461836753 -0.21100625596437278 -0.1347680735478479 -0.07040773434216056 -0.07916070577014783 -0.04363780620846971 -0.0859453993933266 -0.05860313190508214 -0.06167926780740152 -0.03331598125976054 -0.1505658852061439 -0.018728345350688264 -0.09012427663409543 -0.01916868442292171 -0.04627844195912071 0.0046821959499005
-0.03404032469232783 -0.04425186687563381 -0.017827077349707836 -0.11327166320558806 -0.027807678507355583 -0.04923862496580651 -0.00710227272727273 -0.018836333193804938 -0.03659987190044835 -0.021694019996227127 0.0030114434852439274 -0.038841066554692424 -0.039858281665190426 -0.007523645743766125 -0.06988694758478932 0.02607969956186105 -0.08070432868672048 0.05437194851309365 -0.06974081398979912 0.004069175991861648 0.02416785675052181 0.06977992485238863 0.05191995673336939 0.02281920962555752 0.10032457952198288 0.061833050762940066 -0.014581814394333922 0.09453781512605042 -0.021958279269388162 0.08881922675026124 -0.07581420181526961 -0.09413819875776398 -0.015966470412134524 -0.12206380141552982 0.031264803410705824 -0.0059659938351397015 -0.05420353982300885 -0.01889518728465044 -0.014414014857523005 -0.05013992537313433 0.02765074976071466 -0.09056603773584905 -0.05016722408026756 -0.10140405616224649 0.0009746588693957114 -0.06691969636436276 -0.07268840192410475 -0.06057328285559762 -0.04853867603015594 -0.027182435964453733 0.0009759906304899438 -0.04400440044004401 -0.03994095684640097 -0.12403364200152918 -0.02065373563218391 -0.19765056871154205 -0.07365553425486833 -0.09819448843839089 -0.0634450671460294 -0.01365402793824178 -0.07769864027379522 -0.15057161446231063 -0.22129880170081173 -0.3852080123266564 -0.7058935000947508 -0.4389369961182442 -0.19467101685698748 -0.165176223040505 -0.10976129582267688 -0.05979560774081322 -0.0529049634474798 -0.19004337946705227 -0.14689030107302845 -0.5027819929185635 -3.4576375371375883 -0.8263214670981661 -0.1762554040571999 -0.14565265732710697 -0.07857688529957438 -0.05858494817485353 -0.08267057346169945 -0.1376415462709879 -0.15316867700555234 -0.18504602667668607 -0.5296509978246478 -0.2576609055243346 -0.15148349352277476 -0.09773013871374528 -0.08488316642823081 -0.06744024595854409 -0.09201213346814965 -0.0662887885483716 -0.058694787107043365 -0.052056220718375845 -0.16168148746968472 -0.04588444610918625 -0.09581633621098568 -0.03934624697336562 -0.044350173544157344 -0.02341097974950252
-0.0322946670157982 -0.05070526412833041 -0.0019807863721897578 -0.12365489899943363 -0.03139576605669179 -0.06018054162487463 -0.009131493506493508 -0.024068647969861866 -0.032024887912892305 -0.03489907564610451 -0.005019072475406544 -0.045139617887885786 -0.04317980513728963 -0.003224419604471198 -0.06372045220966084 0.02399332359691216 -0.07336757153338223 0.043275632490013316 -0.06037264494639326 0.0030518819938962355 0.01977370097769966 0.05797101449275362 0.048674959437533805 0.008297894409293637 0.10130815383102192 0.04986536351850006 -0.014581814394333925 0.07983193277310924 -0.018963968459926143 0.07210031347962384 -0.06833956219967965 -0.10675465838509317 -0.0019958088015168086 -0.13437275618012107 0.02936996684036001 -0.024858307646415435 -0.04867256637168142 -0.03556741135934201 -0.0033263111209668474 -0.06763059701492538 0.019142826757417842 -0.09716981132075471 -0.05016722408026757 -0.10432917316692666 -0.010721247563352826 -0.08389932081502197 -0.08658471405665419 -0.08004326663061113 -0.05473510275740989 -0.030318870883429168 -0.00097599063048995 -0.05958929226255959 -0.03994095684640097 -0.15546682524849206 -0.050287356321839075 -0.24426626887935857 -0.09080819291696093 -0.12142329215499947 -0.06133023157449509 -0.022056506669467495 -0.0749236888354454 -0.1561483409238777 -0.21646695013529182 -0.4414030635366627 -0.9560356263028236 -0.5952025480242858 -0.21642196846112016 -0.1862177801157286 -0.10763000852514919 -0.06414437921287236 -0.053866871873797614 -0.2045032018178062 -0.14584852588811334 -0.5796661608497724 -4.316156131543899 -1.0582524271844662 -0.19399179691830176 -0.18345563709139429 -0.08512495907453892 -0.08111762054979721 -0.07848472164085392 -0.1464271768840297 -0.15221137277426766 -0.1953785459327447 -0.5816702922538542 -0.2905312268052168 -0.15461763476807355 -0.10928961748633881 -0.078206962327134 -0.06744024595854409 -0.10717896865520729 -0.06917090978960515 -0.03680859530441703 -0.061426340447683504 -0.1445028294260307 -0.05712145331959921 -0.09391898301868894 -0.04439063761097659 -0.044350173544157344 -0.024581528736977644
-0.029676180501003752 -0.049783350235088036 0.009903931860948794 -0.1283745516329998 -0.027807678507355583 -0.06565149995440869 -0.0020292207792207786 -0.027208036835496024 -0.03385488150791472 -0.0311262026032824 0.003011443485243928 -0.049338652110014695 -0.028786536758193086 0.004299226139294925 -0.047276464542651594 0.01564781973711663 -0.06288648988575621 0.03106968486462494 -0.05829082960341418 0.004069175991861648 0.017576623091288587 0.056897477187332256 0.048674959437533805 0.00414894720464682 0.10032457952198288 0.043881519896280044 -0.01770648890740548 0.07878151260504201 -0.026948797285158192 0.07523510971786834 -0.06940736785904966 -0.11257763975155281 -0.010976948408342475 -0.14360447225356449 0.019895783988630976 -0.037784627622551456 -0.04977876106194691 -0.053351117039013 -0.019957866725801087 -0.0746268656716418 0.013825374880357327 -0.09999999999999999 -0.04738015607580825 -0.10432917316692666 -0.018518518518518517 -0.0928885337594886 -0.0940673436664885 -0.0822065981611682 -0.06506248063616647 -0.02927339257710402 0.004879953152449734 -0.06142280894756143 -0.0408092385169749 -0.18265228102964914 -0.07902298850574713 -0.28435577102368076 -0.106951871657754 -0.13726111287086895 -0.07613408057523527 -0.02940867555928999 -0.0823235593377116 -0.16079561297518358 -0.2183996907614998 -0.4867216532221518 -1.2829259048701913 -0.8012341992634617 -0.24578575312669929 -0.20725933719095213 -0.12468030690537084 -0.06740595781691672 -0.04424778761061947 -0.2127659574468085 -0.13126367329930202 -0.6272129489124937 -5.058907898780862 -1.2470334412081985 -0.20840261611794703 -0.20346897931954638 -0.09167303284950343 -0.08787742226228032 -0.0784847216408539 -0.151308082780164 -0.15412598123683705 -0.19819650572985162 -0.6270689492102526 -0.32764287986427737 -0.16402005850396992 -0.1282051282051282 -0.08869814020028612 -0.07438262421898245 -0.10616784630940343 -0.07397444519166106 -0.01492240350179069 -0.05622071837584593 -0.1263136620856912 -0.06461279145987452 -0.09771368940328243 -0.05347054075867634 -0.05591978403393753 -0.025752077724452767
-0.018329405603561142 -0.049783350235088036 0.025750222838466875 -0.12931848215971303 -0.021528525296017224 -0.07021063189568708 0.009131493506493504 -0.030347425701130182 -0.023789916735291426 -0.03301263912469345 -0.01304958843605702 -0.06298551333193365 -0.05203720106288752 0.009673258813413585 -0.05241521068859199 0.00625912789484665 -0.060790273556231 0.01109631602308034 -0.06349536796086189 0.004069175991861648 0.005492694716027683 0.051529790660225436 0.03569497025419145 0.008297894409293639 0.0757352217960067 0.038894983544430044 -0.03541297781481097 0.07142857142857142 -0.04092224772931431 0.08254963427377221 -0.06193272824345969 -0.11451863354037269 -0.009979044007584073 -0.16001641193968613 0.009474182851729036 -0.04673361837526101 -0.046460176991150445 -0.056685561853951315 -0.016631555604834238 -0.07229477611940298 0.0031904711262363077 -0.10849056603773584 -0.045522110739502054 -0.11700468018720749 -0.036062378167641324 -0.10287654814222932 -0.1015499732763228 -0.09410492157923202 -0.07642259630279871 -0.0313643491897543 0.0019519812609798924 -0.06875687568756876 -0.060779716940175386 -0.20134228187919465 -0.1221264367816092 -0.316054447137796 -0.12410453031984663 -0.15098722415795585 -0.07930633393253675 -0.026257746035080347 -0.08047359171214505 -0.15800724974440003 -0.22709702357943562 -0.5429167044321581 -1.6789842713663063 -0.9993032746093362 -0.2697117998912453 -0.21567596002104156 -0.12894288150042627 -0.060882800608828 -0.0529049634474798 -0.21689733526130967 -0.13334722366913224 -0.6575619625695499 -5.658231738551377 -1.3980582524271843 -0.22835605808668663 -0.22125861685568154 -0.1047691803994325 -0.09689049121225778 -0.07011301799916282 -0.16692698164779385 -0.15699789393069113 -0.22637610370092057 -0.6592263312210347 -0.36475453292333787 -0.1567070622649394 -0.148171500630517 -0.08297567954220314 -0.0872756124169394 -0.10111223458038424 -0.07301373811124988 -0.008953442101074415 -0.05726184279021342 -0.12429264349232014 -0.05712145331959921 -0.09676501280713405 -0.04741727199354318 -0.054955649826455844 -0.02575207772445277
-0.013092432573972246 -0.055314833594542256 0.040606120629890066 -0.1368699263734189 -0.012558306422676715 -0.0729461110604541 0.02232142857142857 -0.03557974047718711 -0.004574983987556044 -0.03772873042822109 -0.0110419594458944 -0.07558261599832039 -0.036536758193091226 -0.003224419604471196 -0.044193216855087356 -0.002086375964948885 -0.0565978408971806 -0.0022192632046160662 -0.061413552617882804 -0.011190233977619531 0.01318246731846644 0.04186795491143317 0.03028664142779881 -0.011409604812778758 0.0698337759417724 0.025929989029620026 -0.029163628788667843 0.04831932773109244 -0.03094121169777423 0.07105538140020898 -0.06406833956219968 -0.12228260869565218 0.0019958088015168116 -0.17642835162580778 -0.0009474182851729157 -0.05468827682211395 -0.04867256637168142 -0.06335445148382794 -0.011087703736556157 -0.08395522388059701 0.011698394129533128 -0.10660377358490565 -0.03623188405797102 -0.11505460218408739 -0.03898635477582846 -0.10986815821014781 -0.09727418492784606 -0.08977825851811791 -0.06402974284829081 -0.039728175640355454 0.007807925043919577 -0.07425742574257425 -0.0738039419987844 -0.22173137371506244 -0.15804597701149425 -0.35427932127540557 -0.13520330945414186 -0.15415478830112977 -0.0750766627894681 -0.021006196828064278 -0.0860234945888447 -0.1673017938470118 -0.24159257827599534 -0.5991117556421643 -2.136630661360621 -1.2332039414750673 -0.2925502990755845 -0.22093634928984743 -0.12894288150042627 -0.06631876494890193 -0.039438245479030395 -0.20760173517868213 -0.10834461923116992 -0.6808295397066263 -6.105931769285933 -1.552319309600863 -0.22503048442523 -0.23460084500778294 -0.08839899596202118 -0.11266336187471834 -0.058601925491837584 -0.1737602499023819 -0.15125406854298296 -0.23482998309224126 -0.6847630757590089 -0.3965645212596755 -0.15043877977434186 -0.1565783942833123 -0.06866952789699571 -0.09620152732321728 -0.09605662285136503 -0.07589585935248343 -0.003979307600477518 -0.07183758459135865 -0.11620856911883588 -0.05524861878453039 -0.09107295323024381 -0.04035512510088781 -0.04820671037408407 -0.03628701861172891
-0.029676180501003752 -0.04517378076887618 0.025750222838466875 -0.14630923164055126 -0.034983853606027994 -0.07750524300173248 -0.00710227272727273 -0.033486814566764334 -0.02287491993778022 -0.03584229390681004 -0.004015257980325236 -0.0839806844425782 -0.03210806023029229 -0.01182287188306105 -0.03699897225077081 0.0010431879824744409 -0.05764594906194319 1.3877787807814458e-18 -0.057249921931924644 -0.019328585961342827 0.0010985389432055363 0.051529790660225436 0.02812330989724175 -0.009335131210455348 0.06098160716042097 0.02892191084073003 -0.039579210498906364 0.052521008403361345 -0.038926040523006286 0.07001044932079414 -0.07901761879337961 -0.1281055900621118 -0.02195389681668496 -0.19899476869422505 -0.03505447655139745 -0.06065427065725365 -0.07964601769911504 -0.06113148827386907 -0.035480651956979706 -0.08512126865671642 0.006380942252472615 -0.1141509433962264 -0.040876997398736535 -0.1345553822152886 -0.059454191033138405 -0.12385137834598481 -0.10903260288615713 -0.08977825851811791 -0.0743571207270474 -0.05541035023523262 -0.007807925043919578 -0.08067473414008067 -0.08682816705739341 -0.24976637498938073 -0.2307830459770115 -0.4111504754801417 -0.1695086267783271 -0.15732235244430368 -0.10256952521941418 -0.02100619682806428 -0.08509851077606143 -0.17566688353936238 -0.2493235407808272 -0.6652768965829784 -2.792306234602994 -1.6084403304468995 -0.33278955954323003 -0.22935297211993685 -0.14812446717817562 -0.07284192215699065 -0.03751442862639477 -0.21173311299318326 -0.09896864256693405 -0.6939807789580172 -6.182768159000102 -1.6040992448759437 -0.23722425451723755 -0.24905492550589278 -0.09712976099530721 -0.12054979720594863 -0.05964838844704897 -0.1737602499023819 -0.15221137277426763 -0.23952658275408606 -0.698004350704625 -0.4103488495387551 -0.14730463852904302 -0.16498528793610762 -0.06962327134000953 -0.10314390558365565 -0.10920121334681496 -0.08166010183495052 -0.026860326303223242 -0.0812077043206663 -0.1263136620856912 -0.057121453319599225 -0.09771368940328243 -0.04439063761097659 -0.05977632086386425 -0.04331031253657965
-0.03316749585406302 -0.03779846962293722 0.01386550460532832 -0.14064564848027183 -0.03767491926803014 -0.07385793744870976 -0.007102272727272728 -0.024068647969861866 -0.02287491993778022 -0.03395585738539898 -0.011041959445894398 -0.08188116733151375 -0.040965456155890166 -0.015047291487532245 -0.054470709146968145 -0.011475067807218861 -0.06812703070956923 -0.008877052818464268 -0.06869990631830958 -0.023397761953204477 0.004394155772822145 0.05475040257648953 0.006489994591671178 -0.02178197282439581 0.05999803285138192 0.026927296299990022 -0.0322883033017394 0.05042016806722689 -0.028945004491466215 0.06583072100313479 -0.09076348104644955 -0.12907608695652176 -0.0409140804310947 -0.2030977536157555 -0.05968735196589294 -0.07258625832753307 -0.08960176991150443 -0.06224296987884851 -0.03880696307794655 -0.0816231343283582 6.938893903907229e-19 -0.12169811320754716 -0.04738015607580825 -0.1501560062402496 -0.07017543859649122 -0.1628046344386736 -0.11758417958311065 -0.10816657652785291 -0.07642259630279873 -0.0669106116048092 -0.017567831348819053 -0.08067473414008067 -0.1041938004688721 -0.27780137626369894 -0.29723419540229884 -0.48760022375536083 -0.18867924528301888 -0.16682504487382538 -0.1067991963624828 -0.02730805587648356 -0.08509851077606141 -0.1793847011804071 -0.24449168921530734 -0.704250883712499 -3.413871517907902 -1.9816860754454066 -0.35780315388798256 -0.23776959495002625 -0.15984654731457798 -0.0837138508371385 -0.03078106964217007 -0.19933897954967986 -0.08855089071778309 -0.6656550328780982 -6.158180514291567 -1.6084142394822005 -0.2294645826405055 -0.2379364020458083 -0.09276437847866419 -0.11153672825597116 -0.06278777731268312 -0.1571651698555252 -0.14646754738655943 -0.2226188239714447 -0.6649011633405844 -0.4061075177605768 -0.13894692854157958 -0.15973097940311054 -0.06580829756795423 -0.10016860061489634 -0.11425682507583419 -0.08166010183495052 -0.026860326303223242 -0.07808433107756377 -0.12631366208569123 -0.06648562599494336 -0.10150839578787592 -0.04741727199354318 -0.06556112610875434 -0.05033360646143041
-0.0375316400453871 -0.03318890015672536 0.006932752302664155 -0.12837455163299982 -0.045748116254036596 -0.07932889577824383 -0.017248376623376627 -0.01674340728338216 -0.03476987830542593 -0.03961516694963215 -0.006022886970487853 -0.09342851144236826 -0.05314437555358724 -0.025795356835769563 -0.052415210688591986 -0.014604631754642189 -0.06917513887433183 -0.025521526853084776 -0.05829082960341418 -0.038657171922685654 -0.002197077886411074 0.05045625335480407 -2.0816681711721684e-18 -0.026968156830204336 0.05114586407003049 0.012964994514810013 -0.03749609415685866 0.045168067226890755 -0.029943108094620224 0.06269592476489028 -0.09183128670581954 -0.1281055900621118 -0.04290988923261152 -0.19386603754231205 -0.07295120795831359 -0.08252958138609923 -0.09734513274336283 -0.07224630432366344 -0.042133274198913405 -0.08395522388059702 0.006380942252472615 -0.12735849056603774 -0.05481233742103307 -0.1628315132605304 -0.07602339181286549 -0.18477826608070316 -0.12185996793158738 -0.12547322877230935 -0.06609521842404215 -0.07736539466806064 -0.02342377513175873 -0.08434176751008433 -0.11548146218633323 -0.2947922861269221 -0.3744612068965517 -0.5724407980607868 -0.2088588437090102 -0.1784394467321297 -0.10891403193401712 -0.03150929524209642 -0.0823235593377116 -0.19053815410354122 -0.25318902203324317 -0.7223783195866945 -3.9558461246920595 -2.356922464417239 -0.3675910821098423 -0.25881115202524985 -0.16197783461210574 -0.09241139378125679 -0.022123893805309734 -0.18281346829167527 -0.08542556516303781 -0.5978755690440061 -5.477922344022128 -1.5577130528586838 -0.21283671433322252 -0.23348899266177453 -0.0851249590745389 -0.10815682739972961 -0.06278777731268312 -0.15618898867629832 -0.12540685429829596 -0.1925605861356378 -0.5968031779059868 -0.38384052592514045 -0.1316339323025491 -0.16918873476250523 -0.06580829756795423 -0.10909451552117426 -0.11627906976744187 -0.07973868767412816 -0.03083963390370076 -0.061426340447683504 -0.06669361358124494 -0.06086712238973687 -0.09581633621098568 -0.0443906376109766 -0.06941766293868107 -0.04682195949900504
-0.036658811207122284 -0.028579330690513504 -0.0009903931860948839 -0.11138380215216159 -0.06548259777538572 -0.0729461110604541 -0.014204545454545456 -0.025115110925073254 -0.04025985909049319 -0.04055838521033768 -0.007026701465569163 -0.09972706277556162 -0.05093002657218778 -0.033319002579535684 -0.05549845837615621 -0.020863759649488833 -0.06603081438004402 -0.042166000887705286 -0.06557718330384096 -0.04577822990844354 0.0 0.04723564143853999 -0.009734991887506757 -0.03215434083601286 0.0029507229271171415 0.0039892290814800046 -0.0302051869596917 0.04096638655462184 -0.028945004491466215 0.06583072100313479 -0.09076348104644953 -0.1310170807453416 -0.037920367228819474 -0.19078879885116423 -0.11369019422074847 -0.07855225216267278 -0.0995575221238938 -0.08447260197843726 -0.04102450382525779 -0.08628731343283583 0.0031904711262363073 -0.12735849056603774 -0.05202526941657376 -0.17745709828393136 -0.11890838206627681 -0.20275669196963647 -0.12613575628006413 -0.13088155759870201 -0.07022616957554477 -0.0815473078933612 -0.03318368143665821 -0.09625962596259625 -0.13718850395068158 -0.3177300144422734 -0.5298132183908046 -0.6815215364534776 -0.23610130158409848 -0.19533312216239046 -0.12583271650629163 -0.03676084444911249 -0.08139857552492831 -0.1914676085138024 -0.24159257827599534 -0.7296292939363728 -4.483608110668941 -2.6734348561759727 -0.38281674823273515 -0.27774855339295107 -0.17476555839727195 -0.0989345509893455 -0.02308580223162755 -0.1755835571162983 -0.08021668923846234 -0.5503287809812847 -4.795615203360311 -1.422869471413161 -0.20064294424121493 -0.22570602623971533 -0.08730765033286042 -0.10815682739972961 -0.05546253662620344 -0.1542366263178446 -0.11104729082902547 -0.16250234829983096 -0.5230303603518395 -0.3361255434206341 -0.11596322607605516 -0.16813787305590583 -0.059132093466857404 -0.10512744222949519 -0.12032355915065725 -0.06917090978960515 -0.030839633903700765 -0.060385216033315994 -0.07275666936135812 -0.05431220151699597 -0.09866236599943079 -0.03833736884584342 -0.07134593135364443 -0.03277537164930352
-0.036658811207122284 -0.030423158476998245 -0.01089432504704368 -0.11138380215216162 -0.06368855400071763 -0.06747515273092004 -0.012175324675324678 -0.027208036835496024 -0.04117485588800439 -0.03961516694963215 0.002007628990162618 -0.1070753726642872 -0.052037201062887506 -0.044067067927773 -0.053442959917780065 -0.02607969956186105 -0.0639345980505188 -0.05659121171770972 -0.06869990631830958 -0.06714140386571718 -0.004394155772822148 0.04616210413311862 -0.03028664142779881 -0.03837776164298309 -0.01672076325366382 -0.012964994514810013 -0.03853765232788252 0.036764705882352935 -0.0399241441261603 0.060606060606060594 -0.0993059263214095 -0.13489906832298135 -0.07184911685460534 -0.18976305262078164 -0.12505921364282332 -0.08252958138609923 -0.11061946902654866 -0.08447260197843724 -0.05654728905643641 -0.08745335820895522 0.0 -0.12075471698113208 -0.06503158677071721 -0.18038221528861154 -0.14717348927875243 -0.2177387135437475 -0.13575628006413681 -0.13628988642509465 -0.08778271196943097 -0.08677469942498693 -0.026351747023228577 -0.10084341767510083 -0.15021272900929059 -0.34576501571659163 -0.6860632183908046 -0.8372179750139848 -0.25527192008879024 -0.21222679759265123 -0.13746431214973034 -0.04621363302174142 -0.07954860789936176 -0.19704433497536947 -0.24642442984151525 -0.7305356657300826 -4.981997346977449 -2.9302279287349458 -0.38716693855356166 -0.2809047869542346 -0.17476555839727195 -0.10871928680147858 -0.019238168526356292 -0.16009089031191903 -0.08438378997812272 -0.4906423874557409 -3.961684253662535 -1.2664509169363538 -0.18290655138011305 -0.2145875027796309 -0.08730765033286042 -0.10365029292474089 -0.051276684805357894 -0.15326044513861775 -0.11487650775416428 -0.13526207026113096 -0.42939563037926787 -0.30431555508429653 -0.10969494358545759 -0.16813787305590583 -0.06485455412494039 -0.110086283844094 -0.10414560161779576 -0.07397444519166106 -0.03879824910465579 -0.062467464862051014 -0.08185125303152788 -0.0636763741923401 -0.09866236599943079 -0.04539951573849879 -0.07616660239105284 -0.04331031253657965
-0.031421838177533384 -0.03595464183645247 -0.00693275230266416 -0.11232773267887483 -0.056512378902045204 -0.06747515273092006 -0.015219155844155846 -0.03244035161155295 -0.04666483667307164 -0.04338803999245426 0.02007628990162618 -0.11757295821960949 -0.03432240921169176 -0.05481513327601032 -0.043165467625899276 -0.036511579386605465 -0.05554973273241798 -0.06546826453617399 -0.05933173727490373 -0.07731434384537131 0.0010985389432055365 0.04616210413311862 -0.019469983775013522 -0.03734052484182139 -0.02360578341693715 -0.023935374488880026 -0.04478700135402562 0.03571428571428571 -0.03992414412616029 0.06896551724137931 -0.09183128670581954 -0.12713509316770186 -0.06985330805308851 -0.19694327623345984 -0.11937470393178588 -0.08551257830366908 -0.11836283185840708 -0.07669223074358118 -0.06652622241933695 -0.07462686567164178 -0.0021269807508242054 -0.11981132075471698 -0.07896692679301373 -0.18135725429017158 -0.18908382066276802 -0.23471833799440675 -0.1464457509353287 -0.13845321795565171 -0.09088092533305794 -0.08677469942498693 -0.018543821979309 -0.10909424275760908 -0.1397933489624034 -0.3848441084020049 -0.8970905172413793 -0.990117471564423 -0.27545151851478156 -0.22806461830852073 -0.14169398329279898 -0.04831425270454784 -0.06659883452039589 -0.19239706292406358 -0.22902976420564358 -0.7069699990936282 -5.344892931589918 -3.076540260774361 -0.3817292006525285 -0.271436086270384 -0.18115942028985507 -0.09349858664927158 -0.0019238168526356293 -0.13530262342491223 -0.055214084800500066 -0.4299443601416287 -3.0734555885667447 -1.0809061488673142 -0.14965081476554704 -0.19235045585946184 -0.0632980464913238 -0.08562415502478596 -0.03557974047718711 -0.15228426395939088 -0.0880719892781926 -0.12211159120796544 -0.32819445758063 -0.2735658996925035 -0.09402423735896366 -0.1597309794031105 -0.05245588936576061 -0.10016860061489637 -0.09100101112234579 -0.07013161687001633 -0.028849980103461997 -0.05830296720458095 -0.07780921584478577 -0.06367637419234011 -0.09771368940328241 -0.04943502824858757 -0.08098727342846125 -0.03628701861172891
-0.03491315353059265 -0.03226698626348299 -0.020798256907992477 -0.10949594109873513 -0.05561535701471117 -0.06291602078964167 -0.023336038961038964 -0.03244035161155295 -0.058559795040717344 -0.03489907564610451 0.02810680586227665 -0.12387150955280284 -0.03432240921169176 -0.07631126397248496 -0.05652620760534429 -0.05633215105361986 -0.06183838172099361 -0.0787838437638704 -0.06557718330384096 -0.08240081383519839 -0.001098538943205537 0.04294149221685453 -0.021633315305570576 -0.045638419251115024 -0.04131012097964001 -0.03789767627406004 -0.05311946672221644 0.032563025210084036 -0.05090328376085438 0.07210031347962381 -0.09183128670581955 -0.12907608695652173 -0.08981139606825665 -0.2102779772284337 -0.1307437233538607 -0.09943323058566172 -0.1283185840707965 -0.08224963876847838 -0.0776139261558931 -0.0711287313432836 1.0408340855860842e-18 -0.12264150943396226 -0.08547008547008547 -0.2164586583463338 -0.2212475633528265 -0.27866560127846585 -0.1464457509353287 -0.1568415359653867 -0.08984818754518228 -0.10768426555148983 -0.018543821979308997 -0.11092775944261093 -0.1528175740210124 -0.40863138221051737 -1.2042025862068966 -1.17378333022562 -0.2885682574916759 -0.23545560130925985 -0.14275140107856615 -0.05671673143577356 -0.06104893164369622 -0.19332651733432477 -0.22999613451874756 -0.6879361914257228 -5.5201819215463335 -3.200955509107196 -0.37846655791190864 -0.2766964755391899 -0.1875532821824382 -0.10437051532941943 0.004809542131589073 -0.1156785788060318 -0.048963433691009486 -0.36317653009610523 -2.2364511832804013 -0.883495145631068 -0.1308058973506263 -0.1734489659773182 -0.05565862708719852 -0.0743578188373141 -0.02825449979070741 -0.14740335806325658 -0.08902929350947732 -0.10896111215479994 -0.26766291497209876 -0.24493691018979963 -0.09402423735896363 -0.16183270281630935 -0.05627086313781593 -0.10215213726073588 -0.08493427704752275 -0.061485253146315685 -0.03979307600477517 -0.029151483602290473 -0.10913500404203717 -0.0561850360520648 -0.1090978085570629 -0.045399515738498784 -0.0983416891631315 -0.03511646962425378
-0.0322946670157982 -0.026735502904028763 -0.018817470535802714 -0.09722484425146308 -0.039468963042698244 -0.05288593051882923 -0.02029220779220779 -0.03348681456676434 -0.05398481105316131 -0.034899075646104505 0.031118249347520582 -0.115473441108545 -0.037643932683790966 -0.07201203783319002 -0.06680369989722507 -0.05111621114124765 -0.06707892254480663 -0.06768752774079007 -0.06557718330384096 -0.08240081383519839 -6.938893903907229e-19 0.05475040257648953 -0.03244997295835587 -0.02800539363136604 -0.05508016130618669 -0.029919218111100026 -0.056244141235288 0.03886554621848739 -0.04790897295139236 0.08568443051201671 -0.09503470368392954 -0.11743012422360248 -0.08781558726673984 -0.19078879885116423 -0.13642823306489815 -0.09147857213880879 -0.13716814159292037 -0.07446926753362233 -0.08094023727685996 -0.05830223880597015 0.009571413378708923 -0.11226415094339623 -0.08918617614269789 -0.2125585023400936 -0.26315789473684215 -0.294646424290851 -0.16141101015499731 -0.14926987560843702 -0.09604461427243624 -0.10768426555148983 -0.02342377513175873 -0.11001100110011001 -0.17018320743249107 -0.41712683714212895 -1.613685344827586 -1.3816893529740817 -0.3107658157602664 -0.23017632773730337 -0.15755525007930632 -0.04201239365612856 -0.05087410970308019 -0.18496142764197415 -0.23192887514495553 -0.6580259222333 -5.499336744362327 -3.179058425400617 -0.36432843936922243 -0.2798527091004734 -0.1832907075873828 -0.10763209393346378 0.005771450557906887 -0.08779177855814913 -0.04167100739660381 -0.2923621648963075 -1.5152136051634053 -0.6882416396979504 -0.11639507815098105 -0.13898154325105622 -0.062206700862163046 -0.054078413699864804 -0.023022185014650483 -0.13373682155408045 -0.08424277235305379 -0.08547811384557581 -0.21753523124940885 -0.1919202629625702 -0.088800668616799 -0.1397646069777217 -0.05245588936576061 -0.08826738073985915 -0.08392315470171892 -0.06244596022672687 -0.04974134500596896 -0.007287870900572613 -0.12732417138237673 -0.05056653244685831 -0.10530310217246938 -0.03732849071832123 -0.09448515233320479 -0.0362870186117289
-0.03491315353059265 -0.02304784733105928 -0.025750222838466875 -0.10383235793845573 -0.027807678507355587 -0.0537977569070849 -0.020292207792207795 -0.03453327752197573 -0.05489980785067251 -0.0311262026032824 0.04015257980325236 -0.09447826999790047 -0.02325066430469442 -0.06663800515907137 -0.06885919835560123 -0.046943459211349875 -0.07022324703909445 -0.047714158899245455 -0.06974081398979912 -0.07426246185147509 -0.004394155772822148 0.059044551798174985 -0.036776636019469976 -0.046675656052276734 -0.05016228976099144 -0.03789767627406003 -0.04999479220914488 0.046218487394957986 -0.039924144126160306 0.0825496342737722 -0.10250934329951948 -0.11743012422360248 -0.09280510927053189 -0.19489178377269464 -0.13832306963524396 -0.09744456597394849 -0.15376106194690267 -0.07002334111370458 -0.09091917063976049 -0.05830223880597015 0.004253961501648409 -0.10849056603773585 -0.10405053883314755 -0.22718408736349455 -0.3138401559454191 -0.33260087894526563 -0.18492784607161947 -0.14818820984315847 -0.10533925436331718 -0.10663878724516467 -0.032207690806168254 -0.11092775944261093 -0.17278805244421286 -0.4740463851839266 -2.116558908045977 -1.6492634719373485 -0.3380082736353547 -0.242846584309999 -0.17341651686581366 -0.053565801911563925 -0.048099158264730366 -0.18124361000092945 -0.21453420950908386 -0.6362729991842654 -5.284252416145537 -3.091470090574301 -0.35019032082653617 -0.2756443976854287 -0.18222506393861893 -0.11089367253750815 0.005771450557906887 -0.07023342284651932 -0.03958745702677362 -0.25493171471927156 -0.941501895297613 -0.5436893203883495 -0.1075268817204301 -0.11229708694685345 -0.060024009603841556 -0.030419107706173964 -0.019882796149016325 -0.12007028504490436 -0.07849894696534557 -0.07044899492767237 -0.1692991582332356 -0.15798960873714343 -0.08462181362306728 -0.12610340479192936 -0.05245588936576061 -0.07735792918774173 -0.08998988877654195 -0.06244596022672687 -0.05571030640668524 -0.014575741801145237 -0.13843977364591756 -0.0636763741923401 -0.1090978085570629 -0.04035512510088781 -0.09641342074816814 -0.031604822661828395
-0.042768613074975995 -0.026735502904028763 -0.02575022283846688 -0.11421559373230132 -0.027807678507355583 -0.05926871523661894 -0.03652597402597403 -0.036626203432398495 -0.06587976942080702 -0.023580456517638182 0.03613732182292713 -0.09762754566449716 -0.02657218777679362 -0.0849097162510748 -0.07810894141829393 -0.0521593991237221 -0.07965622052195788 -0.04993342210386152 -0.07806807536171542 -0.07222787385554426 -0.017576623091288587 0.0558239398819109 -0.037858301784748506 -0.04563841925111503 -0.05999803285138192 -0.03889498354443004 -0.06145193209040726 0.047268907563025216 -0.049905180157700374 0.07732497387669801 -0.10250934329951948 -0.1125776397515528 -0.0957988224728071 -0.20925223099805107 -0.14211274277593558 -0.10838222133837128 -0.17256637168141592 -0.07002334111370456 -0.10311564474997226 -0.04547574626865672 0.0031904711262363055 -0.12169811320754717 -0.10776662950575995 -0.26813572542901715 -0.36647173489278756 -0.39252896524170994 -0.20416889363976481 -0.1654948620876149 -0.11050294330269546 -0.11709357030841609 -0.03611165332812805 -0.11734506784011733 -0.17712946079708258 -0.5156741143488233 -2.722701149425288 -1.9224314749207534 -0.35616991221874683 -0.2586844050258684 -0.1871629480807867 -0.06406890032559606 -0.03607436869854777 -0.17009015707779535 -0.19327406262079627 -0.5891416659113569 -4.9185143073716135 -2.9143027769483427 -0.32735182164219684 -0.26933193056286164 -0.17263427109974425 -0.1054577081974342 0.007695267410542517 -0.0712662673001446 -0.025002604437962296 -0.23571067273646945 -0.4835570126011679 -0.4056094929881337 -0.09533311162842259 -0.10229041583277738 -0.057841318345520046 -0.016899504281207747 -0.031393888656341566 -0.10249902381882078 -0.07179781734635267 -0.04414803682134135 -0.13808758157571174 -0.11239529212172623 -0.088800668616799 -0.1082387557797394 -0.05627086313781593 -0.06843201428146385 -0.09201213346814963 -0.06436737438754923 -0.053720652606446484 -0.018740239458615304 -0.16370250606305578 -0.08146830227549395 -0.12048192771084336 -0.04439063761097659 -0.10605476282298495 -0.029263724686878146
-0.04015012656018155 -0.027657416797271135 -0.023769436466277116 -0.11515952425901455 -0.018837459634015074 -0.05835688884836328 -0.026379870129870125 -0.036626203432398495 -0.06221978223076219 -0.02452367477834371 0.03513350732784582 -0.09762754566449716 -0.02546501328609389 -0.08061049011177987 -0.09146968139773895 -0.06363446693094095 -0.07441567969814486 -0.05659121171770972 -0.07910898303320495 -0.07833163784333674 -0.017576623091288587 0.053676865271068165 -0.04110329908058409 -0.04875012965460014 -0.06098160716042097 -0.04787074897776004 -0.055202583064264135 0.039915966386554626 -0.04591276574508435 0.07314524555903866 -0.0982381206620395 -0.1077251552795031 -0.08881349166749827 -0.2102779772284337 -0.1487446707721459 -0.12826886745550364 -0.1747787610619469 -0.07780371234856062 -0.09978933362900541 -0.05247201492537314 0.0063809422524726146 -0.12169811320754717 -0.11519881085098475 -0.28568642745709827 -0.45808966861598444 -0.4804234918098282 -0.21058257616247994 -0.1763115197404002 -0.10533925436331718 -0.12023000522739151 -0.026351747023228574 -0.12742940960762744 -0.18147086914995225 -0.5607000254863648 -3.360272988505747 -2.1620361737833305 -0.3430531732418525 -0.2776897898849119 -0.17553135243734797 -0.07877323810524105 -0.029599482009064836 -0.14964216005204944 -0.17781213761113257 -0.5238828967642527 -4.284631419367065 -2.553000895789788 -0.29581294181620443 -0.2567069963177275 -0.15345268542199492 -0.09241139378125679 0.01731435167372066 -0.060937822763891744 -0.013543077403896236 -0.2225594334850784 -0.39954922651367686 -0.34843581445523186 -0.07316262055204524 -0.09228374471870135 -0.04474517079559097 -0.01689950428120775 -0.025115110925073254 -0.10347520499804766 -0.059352862339651535 -0.038512117227127565 -0.12011727986380402 -0.1060332944544587 -0.08148767237776851 -0.11034047919293821 -0.047687172150691466 -0.07239908757314292 -0.08695652173913042 -0.05956383898549332 -0.04178272980501392 -0.012493492972410203 -0.1677445432497979 -0.0842775540780972 -0.12048192771084339 -0.04640839386602098 -0.10605476282298495 -0.026922626711927893
-0.035785982368857466 -0.03595464183645247 -0.018817470535802718 -0.1283745516329998 -0.007176175098672408 -0.06382784717789733 -0.02029220779220779 -0.05546253662620344 -0.056729801445694936 -0.028296547821165818 0.0441678377835776 -0.10182657988662609 -0.027679362267493356 -0.08490971625107482 -0.09352517985611511 -0.06050490298351763 -0.07127135520385704 -0.06435863293386597 -0.06557718330384096 -0.08850457782299084 -0.018675162034494125 0.04723564143853999 -0.022714981070849107 -0.05082460325692355 -0.06294875577849907 -0.05983843622220005 -0.0604103739193834 0.02521008403361345 -0.04591276574508434 0.06478578892371996 -0.08649225840896956 -0.11937111801242235 -0.0668595948508133 -0.2277156631449379 -0.1534817621980104 -0.1451725166550661 -0.17699115044247787 -0.088918528398355 -0.09757179288169418 -0.06063432835820896 0.014888865255769435 -0.12075471698113209 -0.10776662950575992 -0.3178627145085803 -0.5760233918128654 -0.5643228126248501 -0.2159273115980759 -0.1763115197404002 -0.09501187648456058 -0.12232096184004182 -0.021471793870778837 -0.14301430143014301 -0.16844664409134322 -0.5861863902811996 -3.950251436781609 -2.324258810367332 -0.3400262334779538 -0.29036004645760743 -0.17447393465158081 -0.08822602667786997 -0.02034964388123208 -0.14406543359048238 -0.15268650947042905 -0.47675156349134407 -3.6308508622323297 -2.1747785408579676 -0.26318651441000546 -0.2482903734876381 -0.13427109974424556 -0.09023700804522722 0.03174297806848788 -0.0640363561247676 -0.0020835503698301895 -0.21547799696509862 -0.29710070689478535 -0.30960086299892126 -0.04544950670657354 -0.10006671114076052 -0.0218269125832151 -0.02591257323118522 -0.013604018417748009 -0.11323701679031631 -0.06126747080222095 -0.04226939695660342 -0.11160503168447936 -0.1060332944544587 -0.0710405348934392 -0.11454392601933586 -0.03528850739151168 -0.07438262421898247 -0.08392315470171892 -0.06532808146796042 -0.045762037405491444 -0.017699115044247787 -0.1808811641067098 -0.0777226332053563 -0.12048192771084336 -0.05145278450363196 -0.0993058233706132 -0.02575207772445277
-0.029676180501003752 -0.044251866875633816 0.004951965930474395 -0.15197281480083064 0.012558306422676713 -0.0729461110604541 5.551115123125783e-18 -0.06802009208874008 -0.03751486869795956 -0.035842293906810034 0.0441678377835776 -0.09657778710896493 -0.014393268379096547 -0.09565778159931212 -0.09044193216855088 -0.06154809096599208 -0.06183838172099361 -0.052152685308477574 -0.057249921931924644 -0.08240081383519836 -0.023069317807316272 0.04830917874396135 -0.014061654948620878 -0.04771289285343844 -0.06589947870561622 -0.05185997805924005 -0.062493490261431105 0.031512605042016806 -0.04491466214193034 0.07001044932079414 -0.0779498131340096 -0.12422360248447202 -0.06286797724777966 -0.26053954251718126 -0.16958787304594977 -0.16605349507805509 -0.1736725663716814 -0.08224963876847838 -0.09091917063976049 -0.06063432835820896 0.005317451877060513 -0.12452830188679245 -0.11241174284652547 -0.3529641185647425 -0.7592592592592592 -0.6642029564522572 -0.2340994120791021 -0.17306652244456464 -0.10740472993906847 -0.12754835337166753 -0.01463985945734921 -0.154015401540154 -0.16410523573847352 -0.6252654829666129 -4.461206896551724 -2.473429050904345 -0.3248915346584603 -0.29775102945834653 -0.1670720101512107 -0.09347757588488603 -0.004624919063916382 -0.12454689097499767 -0.11886354851178971 -0.43233934559956505 -2.9751752889899565 -1.7696824922862544 -0.22294725394235995 -0.2251446607048922 -0.11828644501278776 -0.09023700804522722 0.03751442862639477 -0.0712662673001446 0.03333680591728305 -0.21648963075366717 -0.23563159512345044 -0.2891046386192017 -0.023279015630196204 -0.09561930175672669 -0.009822110662446794 -0.03154574132492114 -0.007325240686479698 -0.10933229207340885 -0.05456634118322802 -0.04226939695660342 -0.09836375673886313 -0.09436963206446825 -0.06163811115754283 -0.0998318621269441 -0.028612303290414875 -0.06644847763562434 -0.0859453993933266 -0.05956383898549332 -0.04277755670513331 -0.018740239458615304 -0.18694421988682297 -0.07210412960014984 -0.1223792809031401 -0.04035512510088781 -0.09641342074816815 -0.017558234812126892
-0.018329405603561142 -0.04332995298239144 0.015846290977518072 -0.16329998112138946 0.019734481521349122 -0.07476976383696546 0.00710227272727273 -0.05860192549183759 -0.028364900722847468 -0.03584229390681004 0.05219835374422808 -0.09762754566449715 0.0033215234720992033 -0.09888220120378333 -0.08633093525179855 -0.06572084289588984 -0.05764594906194319 -0.039946737683089206 -0.03955449151660249 -0.07426246185147507 -0.008788311545644297 0.053676865271068165 0.0021633315305570567 -0.04148947204646821 -0.04229369528867906 -0.03390844719258004 -0.052077908551192584 0.04936974789915967 -0.030941211697774224 0.0825496342737722 -0.07047517351841964 -0.12228260869565218 -0.07783654325915577 -0.2759257359729203 -0.21032685930838468 -0.19787212886546685 -0.17477876106194692 -0.07780371234856062 -0.09091917063976049 -0.06529850746268658 0.005317451877060514 -0.1330188679245283 -0.13099219620958752 -0.3773400936037441 -1.0146198830409356 -0.7940471434278865 -0.24799572421165156 -0.18712817739318552 -0.10533925436331718 -0.1338212232096184 -1.3877787807814458e-18 -0.16318298496516317 -0.14934444733871666 -0.642256392829836 -4.834770114942529 -2.5340294611225063 -0.2936131570981738 -0.2988068841727379 -0.14380881886433328 -0.10188005461611176 0.01757469244288225 -0.10038107630820707 -0.12079628913799767 -0.3870207559140759 -2.3422399090392267 -1.3884741713944462 -0.1794453507340946 -0.1988427143608627 -0.09057971014492752 -0.07936507936507936 0.057714505579068875 -0.06610204503201818 0.05833941035524535 -0.1962569549822964 -0.17211351295973776 -0.24703344120819853 0.0011085245538188654 -0.08116522125861685 0.012004801920768308 -0.02253267237494367 -0.005232314776056926 -0.10542756735650138 -0.044035994639096306 -0.04696599661844825 -0.08228506573347205 -0.0901283002862899 -0.04701211867948183 -0.08932324506094999 -0.0162136385312351 -0.06049786769810572 -0.07684529828109202 -0.05860313190508214 -0.05173099880620772 -0.006246746486205101 -0.1808811641067098 -0.06461279145987452 -0.1166872213262499 -0.03631961259079903 -0.09737755495564984 -0.014046587849701512
-0.018329405603561142 -0.04240803908914907 0.02575022283846687 -0.16896356428166887 0.02511661284535343 -0.07841706938998816 0.004058441558441561 -0.057555462536626203 -0.024704913532802637 -0.03678551216751556 0.05420598273439068 -0.106025614108755 0.0011071744906997333 -0.09565778159931212 -0.09763617677286743 -0.07302315877321093 -0.06183838172099361 -0.03772747447847315 -0.037472676173623404 -0.0681586978636826 -0.015379545204877516 0.059044551798174985 0.01730665224445646 -0.04356394564879161 -0.034425100816366676 -0.02293806721851003 -0.04791167586709717 0.05567226890756303 -0.020960175666234152 0.08777429467084638 -0.07261078483715963 -0.12325310559006211 -0.07284702125536374 -0.29233767565904195 -0.24917100900047373 -0.22869643034702197 -0.1836283185840708 -0.08336112037345782 -0.08537531877148241 -0.06646455223880597 0.01807933638200574 -0.14339622641509434 -0.13285024154589373 -0.42121684867394693 -1.365497076023392 -0.9548541749900119 -0.2554783538214858 -0.20010816657652786 -0.09914282763606322 -0.14009409304756928 0.0039039625219597905 -0.1640997433076641 -0.14413475731527306 -0.6354600288845468 -5.068247126436782 -2.496736900988253 -0.26637069922308554 -0.29458346531517265 -0.12266046314899015 -0.10503098414032139 0.025899546757931734 -0.07435635282089413 -0.09663703131039814 -0.34804676878455537 -1.7216221337881372 -1.0520553399024584 -0.15769439912996192 -0.17674907943187795 -0.079923273657289 -0.060882800608828 0.06637168141592921 -0.0578392894030159 0.07188248775914158 -0.17703591299949417 -0.12088925315029198 -0.20604099244875945 0.007759671876732073 -0.06782299310651545 0.01091345629160755 -0.014646237043713383 0.00209292591042277 -0.10737992971495511 -0.037334865020103386 -0.04978395641555514 -0.07471862290740566 -0.08588696850811155 -0.03134141245298788 -0.08617065994115175 0.0009537434430138284 -0.06347317266686503 -0.08088978766430736 -0.04034969737726967 -0.04078790290489455 0.018740239458615304 -0.16875505254648343 -0.0561850360520648 -0.11384119153780477 -0.031275221953188055 -0.09448515233320479 -0.0023410979749502537
-0.020075063280090774 -0.029501244583755876 0.014855897791423192 -0.16235605059467625 0.02691065662002153 -0.06656332634266436 0.013189935064935066 -0.04081205525324404 -0.019214932747735385 -0.027353329560460292 0.041156394298333676 -0.10497585555322275 -0.0033215234720992024 -0.09565778159931212 -0.10688591983556013 -0.07510953473815982 -0.06393459805051882 -0.03772747447847315 -0.04371812220256065 -0.06205493387589013 -0.012083928375260903 0.06655931293612453 -0.004326663061114118 -0.02800539363136604 -0.030490803580210484 -0.005983843622220007 -0.036454535985834806 0.06407563025210085 -0.012975346841002091 0.09717868338557993 -0.08649225840896957 -0.12034161490683229 -0.09280510927053189 -0.3066981228843984 -0.3041212695405021 -0.262503728746147 -0.1946902654867257 -0.08113815716349895 -0.08759285951879364 -0.06529850746268658 0.013825374880357334 -0.15188679245283015 -0.14028242289111853 -0.4543681747269891 -1.8177387914230017 -1.1486216540151817 -0.26189203634420094 -0.20767982693347756 -0.10224104099969018 -0.13695765812859384 0.008783915674409525 -0.1521818848551522 -0.1476078839975688 -0.6074250276102287 -5.141882183908047 -2.404437814655976 -0.24316416103319546 -0.27452222574173796 -0.10785661414824996 -0.09557819556769245 0.018499676255665527 -0.05483781020540942 -0.0889060688055663 -0.29185171757454903 -1.180595035057798 -0.7644072857569424 -0.14246873300706903 -0.14308258811152025 -0.07033248081841433 -0.042400521852576645 0.0529049634474798 -0.05990497831026646 0.06146473590999062 -0.1537683358624178 -0.0881057268722467 -0.174757281553398 0.001108524553818871 -0.05670446964643096 -0.004365382516643023 -0.003379900856241548 0.005232314776056929 -0.10249902381882078 -0.04786521156423511 -0.040390757091865494 -0.08701409249976354 -0.08164563672993322 -0.021938988717091518 -0.08091635140815469 0.0019074868860276574 -0.061489636021025494 -0.0839231547017189 -0.024017677010279563 -0.037803422204536405 0.051015096304008335 -0.1535974130962005 -0.020601179885757097 -0.10055971919172753 0.003026634382566587 -0.08773621288083303 0.024581528736977644
-0.018329405603561142 -0.026735502904028763 0.017827077349707836 -0.1642439116481027 0.034086831718693936 -0.06291602078964166 0.02637987012987013 -0.03871912934282127 -0.010064964772623298 -0.029239766081871343 0.03613732182292713 -0.09762754566449716 0.005535872453498673 -0.07631126397248496 -0.10688591983556013 -0.058418527018568735 -0.059742165391468406 -0.023302263648468706 -0.04475902987405018 -0.05493387589013225 -0.008788311545644297 0.08480944712828771 -0.006489994591671176 -0.013484078415102163 -0.013770040326546667 0.0049865363518500055 -0.028122070617643997 0.07457983193277311 -0.0009981036031540096 0.10867293625914316 -0.09503470368392952 -0.10966614906832298 -0.0957988224728071 -0.30772386911478095 -0.3638086215063951 -0.2933280302277021 -0.209070796460177 -0.07335778592864288 -0.09535425213438295 -0.05363805970149253 0.012761884504945229 -0.14433962264150943 -0.1551467855815682 -0.4621684867394696 -2.3801169590643276 -1.3433879344786255 -0.2768572955638696 -0.1990265008112493 -0.1115356810905711 -0.12441191845269213 0.008783915674409526 -0.13934726806013936 -0.14152991230355125 -0.5734432078837821 -5.023347701149425 -2.2496736900988252 -0.23408334174149936 -0.26713124274099886 -0.11314370307708574 -0.08507509715366032 0.017574692442882248 -0.04182544846175294 -0.07537688442211055 -0.251064986857609 -0.7570589350009475 -0.493679705384692 -0.1272430668841762 -0.12414518674381902 -0.06500426257459505 -0.029354207436399216 0.05001923816852636 -0.05680644494939062 0.058339410355245334 -0.12341932220536167 -0.0542977153980125 -0.13807982740021574 0.003325573661456602 -0.04780965087836335 -0.006548073774964533 -3.4694469519536144e-19 -0.005232314776056927 -0.08590394377196409 -0.04499329887038101 -0.025361638173962052 -0.10782181027144613 -0.07316297317357652 -0.014625992478061012 -0.06830601092896176 0.008583690987124462 -0.05157195279182782 -0.08998988877654196 -0.021135555769046015 -0.03083963390370075 0.028110359187922956 -0.1404607922392886 -0.022474014420825923 -0.09202162982639218 0.0010088781275221965 -0.07134593135364443 0.024581528736977644
-0.026184865147944485 -0.02950124458375588 0.014855897791423194 -0.177458939022088 0.015249372084678867 -0.07841706938998816 0.018262987012987016 -0.03557974047718711 -0.01372495196266813 -0.0311262026032824 0.02509536237703273 -0.08922947722023934 -0.003321523472099201 -0.07953568357695616 -0.12024665981500512 -0.060504902983517614 -0.05869405722670581 -0.017754105636928537 -0.04059539918809202 -0.04577822990844353 -0.016478084148083046 0.08480944712828771 -0.01189832341806382 -0.030079867233689456 -0.02163863479885905 -0.0029919218111100045 -0.0322883033017394 0.07457983193277311 -2.0816681711721684e-18 0.10344827586206898 -0.09823812066203952 -0.11743012422360248 -0.10677577088114958 -0.3477279720997025 -0.42633822832780677 -0.3529879685790992 -0.2278761061946903 -0.08002667555851951 -0.10089810400266104 -0.058302238805970144 0.0021269807508242046 -0.15283018867924528 -0.1653660349312523 -0.5245709828393136 -2.9356725146198834 -1.5641230523371952 -0.28327097808658475 -0.21957815035154135 -0.1136011566663224 -0.13695765812859384 0.010735896935389419 -0.13201320132013203 -0.13024225058609012 -0.5530541160479144 -4.805136494252873 -2.0408353533470076 -0.21793966300070627 -0.2597402597402597 -0.10468436079094849 -0.08612540699506353 0.021274627694015356 -0.03717817641044706 -0.059914959412446844 -0.22931206380857425 -0.45101383361758574 -0.31850303573205935 -0.10875475802066341 -0.10836401893740137 -0.05541346973572038 -0.021743857360295715 0.0461716044632551 -0.050609378227638904 0.05521408480050005 -0.1284774911482044 -0.024587644708533963 -0.12837108953613804 0.004434098215275474 -0.0422503891483211 0.0021826912583215083 0.0 -0.004185851820845542 -0.07809449433814916 -0.04307869040781161 -0.029118917903437912 -0.12295469592357895 -0.08058530378538861 -0.011491851232762224 -0.060949978982765864 0.007629947544110634 -0.04661311117722901 -0.0930232558139535 -0.011528484964934188 -0.024870672502984477 0.0031233732431025507 -0.137429264349232 -0.030901769828635645 -0.09391898301868892 0.004035512510088783 -0.06845352873119939 0.029263724686878146
-0.0375316400453871 -0.03318890015672536 0.011884718233138556 -0.177458939022088 -0.0035880875493362052 -0.07385793744870978 0.007102272727272728 -0.03348681456676434 -0.02287491993778022 -0.029239766081871343 0.016061031921300945 -0.09237875288683603 -0.01771479185119575 -0.09243336199484094 -0.1408016443987667 -0.06572084289588982 -0.07022324703909444 -0.026631158455392802 -0.04684084521702925 -0.0508646998982706 -0.01098538943205537 0.07836822329575953 -0.012979989183342347 -0.0383777616429831 -0.027540080653093334 -0.01894883813703002 -0.04166232684095407 0.0661764705882353 -0.010979139634694083 0.09508881922675025 -0.09930592632140951 -0.12131211180124224 -0.11575691048797525 -0.36926864293773715 -0.4964471814306016 -0.4166252361539227 -0.23119469026548675 -0.0855840835834167 -0.09535425213438296 -0.06063432835820896 0.0031904711262363064 -0.16886792452830188 -0.17651430694908954 -0.5713728549141965 -3.55458089668616 -1.7538953256092689 -0.28647781934794225 -0.24012979989183342 -0.1187648456057007 -0.1474124411918453 0.02244778450126879 -0.11734506784011736 -0.11895458886862895 -0.49953274997876135 -4.374102011494253 -1.7751258623904533 -0.18262536575522148 -0.23862316545243373 -0.08882309400444113 -0.07772292826383782 0.02867449819628156 -0.026954177897574122 -0.05025125628140703 -0.19940179461615157 -0.26530225506916805 -0.20005971931919975 -0.08700380641653073 -0.0915307732772225 -0.046888320545609555 -0.018482278756251358 0.05194305502116199 -0.05474075604214005 0.06146473590999062 -0.12746585735963584 0.008195881569511319 -0.11542610571736785 0.014410819199645274 -0.05003335557038026 0.01200480192076831 -0.0033799008562415537 -0.011511092507325241 -0.06540413900819993 -0.0382921692513881 -0.021604358444486195 -0.13335855480942024 -0.07316297317357652 -0.013581278729628082 -0.048339638503572924 0.007629947544110634 -0.039670732916790644 -0.09403437815975735 -0.00768565664328946 -0.027855153203342625 0.004164497657470068 -0.13439773645917544 -0.022474014420825923 -0.09012427663409542 0.01311541565778854 -0.06845352873119939 0.03511646962425378
-0.0375316400453871 -0.026735502904028763 0.011884718233138553 -0.16801963375495566 -0.00897021887334051 -0.06473967356615302 0.012175324675324678 -0.026161573880284637 -0.020129929545246596 -0.03018298434257687 0.015057217426219637 -0.08712996010917488 -0.014393268379096543 -0.07953568357695615 -0.13874614594039053 -0.05633215105361985 -0.06498270621528142 -0.019973368841544607 -0.03955449151660248 -0.04069175991861648 -0.015379545204877516 0.08158883521202363 -0.022714981070849107 -0.034228814438336266 -0.033441526507327624 -0.022938067218510022 -0.04166232684095407 0.07352941176470587 -0.008982932428386067 0.10658307210031348 -0.10250934329951948 -0.13004658385093165 -0.1217443368925257 -0.39696379115806746 -0.5855045002368546 -0.5001491498458785 -0.23230088495575224 -0.09336445481827277 -0.09313671138707173 -0.06646455223880597 -0.007444432627884717 -0.16792452830188678 -0.17558528428093642 -0.5742979719188768 -4.19785575048733 -1.890731122652817 -0.2875467664350615 -0.24012979989183342 -0.12392853454507902 -0.13382122320961837 0.02537575639273863 -0.10176017601760176 -0.11114005383346355 -0.4477104748959306 -3.7895114942528743 -1.4767853813164273 -0.15941882756533146 -0.21328265230704252 -0.07719149836100242 -0.0682701396912089 0.024049579132365183 -0.017659633794962357 -0.054116737533822956 -0.1876189612979244 -0.16865643357968538 -0.13436846819946252 -0.07612833061446438 -0.08206207259337191 -0.04369138959931799 -0.019569471624266144 0.05194305502116199 -0.03924808923776078 0.06250651109490571 -0.09408194233687406 0.023563159512345045 -0.09061488673139159 0.013302294645826404 -0.0400266844563042 0.01200480192076831 -0.0033799008562415507 -0.017789870238593554 -0.06833268254588051 -0.038292169251388085 -0.023482998309224123 -0.14187080298874494 -0.07952497084084405 -0.01671541997492687 -0.05254308532997058 2.7755575615628915e-18 -0.037687196270951115 -0.09403437815975732 -3.4694469519536144e-19 -0.02984480700358138 0.009370119729307652 -0.12833468067906223 -0.010300589942878543 -0.09012427663409545 0.01916868442292171 -0.06941766293868107 0.046821959499005035
-0.029676180501003756 -0.029501244583755876 0.014855897791423192 -0.16613177270152915 -0.00807319698600646 -0.06747515273092004 0.016233766233766243 -0.02092925910422771 -0.01463994876017934 -0.029239766081871343 0.013049588436057016 -0.09447826999790047 -0.01771479185119575 -0.08168529664660361 -0.12846865364850973 -0.061548090965992064 -0.07127135520385705 -0.02108300044385264 -0.04163630685958156 -0.03560528992878941 -0.009886850488849831 0.06870638754696727 -0.016224986479177934 -0.04356394564879161 -0.05606373561522573 -0.04088959808517004 -0.049994792209144885 0.0819327731092437 -0.011977243237848087 0.11180773249738767 -0.10357714895888948 -0.14266304347826086 -0.13571499850314342 -0.42773617806954556 -0.8754144954997631 -0.6284180173013822 -0.24004424778761063 -0.09892186284316995 -0.09646302250803858 -0.06413246268656717 -0.005317451877060514 -0.17641509433962263 -0.17744332961724266 -0.5879485179407176 -4.608187134502924 -1.9546544147023575 -0.29502939604489575 -0.25094645754461875 -0.12496127233295469 -0.13277574490329325 0.026351747023228577 -0.08525852585258524 -0.09290613875141093 -0.379746835443038 -3.094468390804598 -1.1914972962893902 -0.14226616890323882 -0.18794213916165134 -0.06873215607486517 -0.049364562545951056 0.027749514383498285 -0.028813086718096476 -0.05894858909934286 -0.18218073053566575 -0.13359863558840246 -0.1293918582661491 -0.06199021207177815 -0.07469752761704365 -0.04369138959931799 -0.017395085888236572 0.0461716044632551 -0.04028093369138608 0.06250651109490571 -0.0819423368740516 0.028685585493289624 -0.08629989212513485 0.0066511473229132045 -0.0378029797642873 0.006548073774964534 -0.0022532672374943664 -0.015696944328170787 -0.07028504490433425 -0.03254834386367988 -0.01690775878264137 -0.13808758157571174 -0.08482663556356698 -0.020894274968658588 -0.052543085329970575 -0.0038149737720553135 -0.04165426956263017 -0.09403437815975732 -0.008646363723700643 -0.026860326303223242 0.006246746486205101 -0.13035569927243332 -0.022474014420825916 -0.08917560003794707 0.009079903147699757 -0.06652526031623603 0.033945920636778655
-0.02705769398620931 -0.03687655572969485 0.018817470535802718 -0.16235605059467623 -0.006279153211338357 -0.07112245828394274 0.009131493506493513 -0.01883633319380494 -0.011894958367645711 -0.03301263912469345 0.007026701465569163 -0.09657778710896495 -0.0011071744906997346 -0.07416165090283748 -0.118191161356629 -0.0698935948257876 -0.07441567969814485 -0.023302263648468706 -0.04059539918809202 -0.03662258392675483 -0.002197077886411073 0.05367686527106817 0.002163331530557054 -0.05082460325692355 -0.08163666765024098 -0.06382766530368007 -0.05416102489324028 0.07773109243697478 -0.005988621618924045 0.10762800417972831 -0.10571276027762948 -0.15333850931677015 -0.15068356451451953 -0.4585085649810237 -1.2922785409758408 -0.8014318385204338 -0.25663716814159293 -0.11559408691786151 -0.0975717928816942 -0.07462686567164178 -0.01276188450494523 -0.18396226415094338 -0.1913786696395392 -0.5801482059282372 -4.878167641325536 -1.9656412305233721 -0.30785676109032606 -0.27149810708491073 -0.1373541257874626 -0.1432305279665447 0.03318368143665821 -0.0715071507150715 -0.07814535035165407 -0.3185795599354346 -2.4389367816091956 -0.9565541674435952 -0.13419432953284233 -0.17527188258895574 -0.06344506714602939 -0.04621363302174142 0.027749514383498285 -0.028813086718096476 -0.04735214534209509 -0.16314692286776036 -0.10896342618912261 -0.12142928237284763 -0.054377379010331704 -0.07890583903208838 -0.03410059676044331 -0.019569471624266144 0.03751442862639477 -0.04028093369138608 0.06354828627982081 -0.07789580171977745 0.01844073353140047 -0.08737864077669903 -0.012193770092007537 -0.044474093840338 -0.006548073774964533 -0.006759801712483101 -0.017789870238593554 -0.07028504490433425 -0.025847214244686962 -0.0065752395265827575 -0.13241274945616194 -0.08270596967447778 -0.029251984956122024 -0.05989911727616646 -0.006676204101096803 -0.052563721114747594 -0.09201213346814964 -0.0028821212412335493 -0.006963788300835655 0.017699115044247787 -0.12126111560226356 -0.006554920872740892 -0.08538089365335357 0.023204196933010495 -0.060740455071345935 0.050333606461430425
-0.03404032469232784 -0.03134507237024061 -0.011884718233138556 -0.1500849537474042 -0.030498744169357727 -0.06018054162487463 -0.006087662337662337 -0.014650481372959398 -0.021959923140269004 -0.022637238256932653 -0.001003814495081309 -0.10812513121981944 -0.01328609388839681 -0.06771281169389509 -0.12744090441932168 -0.06989359482578761 -0.08489676134577087 -0.027740790057700842 -0.04684084521702925 -0.03255340793489318 -0.009886850488849833 0.044015029522275914 -0.028123309897241756 -0.0788299968882896 -0.14065112619258385 -0.0947441906851501 -0.07186751380064578 0.0661764705882353 -0.01596965765046412 0.1013584117032393 -0.11745862253069941 -0.1611024844720497 -0.1786248877357549 -0.4872294594317366 -1.8465182378019898 -0.9873719797156209 -0.27654867256637167 -0.12670890296765588 -0.10865949661825036 -0.0757929104477612 -0.010634903754121025 -0.1877358490566038 -0.18487551096246746 -0.560647425897036 -4.955165692007798 -1.9236915701158612 -0.29609834313201494 -0.27257977285018925 -0.1259940101208303 -0.13173026659696813 0.022447784501268785 -0.06142280894756143 -0.08161847703394981 -0.2608104664004757 -1.8579382183908049 -0.7178817825843746 -0.13520330945414188 -0.15732235244430365 -0.07084699164639949 -0.0378111542905157 0.016649708630098972 -0.03253090435914118 -0.06571318129107073 -0.1622405510740506 -0.1023308698123934 -0.11048074051955807 -0.05655247417074498 -0.07574960547080485 -0.03516624040920716 -0.011959121548162643 0.03462870334744132 -0.025821111340632096 0.040629232211688716 -0.061709661102680814 0.003073455588566748 -0.0679611650485437 -0.013302294645826407 -0.02557260395819435 -0.003274036887482268 0.010139702568724651 -0.025115110925073254 -0.07223740726278798 -0.03446295232624928 -0.0065752395265827575 -0.13430436016267852 -0.08482663556356695 -0.0355202674467196 -0.06620428751576293 -0.0038149737720553135 -0.05157195279182782 -0.09302325581395349 -0.0038428283216447347 -0.019896538002387585 0.014575741801145237 -0.13136620856911885 0.0037456690701376553 -0.08348354046105683 0.02824858757062147 -0.057848052448900886 0.056186351398806046
-0.041022955398446366 -0.03779846962293721 -0.026740616024561754 -0.1557485369076836 -0.04305705059203444 -0.064739673566153 -0.013189935064935066 -0.014650481372959398 -0.027449903925336257 -0.025466893039049237 -0.011041959445894398 -0.10497585555322275 -0.024357838795394153 -0.07953568357695615 -0.13566289825282632 -0.07406634675568538 -0.09328162666387171 -0.031069684864624948 -0.05308629124596648 -0.03662258392675484 -0.02746347358013842 0.03757380568974773 -0.05083829096809086 -0.1006119697126854 -0.2114684764433953 -0.12765533060736015 -0.10311425893136131 0.05252100840336134 -0.03992414412616029 0.09299895506792058 -0.12066203950880941 -0.17468944099378883 -0.19758507135016465 -0.5364652784901016 -2.477498815727144 -1.1753007855225217 -0.30309734513274333 -0.13671223741247082 -0.12085597072846213 -0.08745335820895522 -0.013825374880357334 -0.180188679245283 -0.17094017094017092 -0.5625975039001561 -4.840155945419103 -1.8337994406711946 -0.29396044895777657 -0.26392644672796106 -0.1311576990602086 -0.13068478829064295 0.010735896935389419 -0.033003300330033 -0.08075019536337588 -0.2064395548381616 -1.3649425287356325 -0.5230281558829014 -0.13520330945414186 -0.12459085629817339 -0.07613408057523527 -0.014704337779644994 0.0009249838127832758 -0.03253090435914118 -0.06474681097796675 -0.1486449741684039 -0.09285578927420883 -0.09754155469294315 -0.06742794997281132 -0.056812204103103635 -0.04369138959931799 -0.004348771472059143 0.020200076952674107 -0.02065688907250568 0.02500260443796229 -0.05563985837126959 -0.02253867431615613 -0.07551240560949299 -0.026604589291652807 -0.021125194574160552 -0.0120048019207683 0.010139702568724651 -0.030347425701130182 -0.06247559547051933 -0.0430786904078116 0.0037572797294758544 -0.15038305116806963 -0.07422330611812109 -0.06163811115754283 -0.05674653215636823 -0.020982355746304242 -0.04562134285430923 -0.10515672396359958 0.0019214141608223617 -0.029844807003581376 0.007287870900572618 -0.14753435731608733 0.007491338140275308 -0.09391898301868892 0.03833736884584343 -0.06941766293868107 0.055015802411330916
-0.04713275726630008 -0.03318890015672536 -0.03763494107160543 -0.15197281480083064 -0.05202726946537495 -0.0610923680131303 -0.016233766233766232 -0.005232314776056927 -0.026534907127825046 -0.025466893039049237 -0.019072475406544873 -0.08922947722023934 -0.028786536758193093 -0.07523645743766123 -0.13360739979445016 -0.07406634675568538 -0.09642595115815952 -0.02996005326231691 -0.055168106588945554 -0.03255340793489318 -0.03075909040975503 0.034353193773483635 -0.06814494321254733 -0.12758012654288975 -0.2724500836038163 -0.16555300688142016 -0.12186230600979064 0.04096638655462185 -0.058888112586086436 0.08359456635318704 -0.12279765082754938 -0.1921583850931677 -0.2015766889531983 -0.6021130372345882 -3.150165798199905 -1.3622352590235658 -0.3241150442477876 -0.1533844614871624 -0.12418228184942896 -0.10377798507462685 -0.027650749760714667 -0.1716981132075472 -0.162578966926793 -0.5284711388455539 -4.544834307992202 -1.6829804234918098 -0.2875467664350615 -0.2563547863710113 -0.13012496127233295 -0.13068478829064295 0.002927971891469843 -0.018335166850018337 -0.0685942519753408 -0.16311273468694248 -0.9635416666666667 -0.38970725340294615 -0.13419432953284233 -0.11086474501108648 -0.09093792957597545 -0.009452788572628929 -0.01017482194061604 -0.0436843572822753 -0.06957866254348666 -0.1432067434061452 -0.09854083759711958 -0.088583656812979 -0.07395323545405112 -0.05681220410310363 -0.05008525149190111 -0.011959121548162643 0.00865717583686033 -0.01032844453625284 0.0229190540681321 -0.05159332321699546 -0.04405286343612335 -0.07874865156418555 -0.031038687506928276 -0.01445408049810985 -0.01091345629160755 0.015772870662460567 -0.04709083298451235 -0.057594689574385 -0.048822515795519814 0.013150479053165503 -0.15132885652132794 -0.07740430495175485 -0.06477225240284161 -0.06515342580916351 -0.03147353361945636 -0.046613111177229 -0.10616784630940343 0.0019214141608223634 -0.02785515320334262 -0.015616866215512754 -0.15561843168957157 0.011237007210412962 -0.10435442557632102 0.0453995157384988 -0.07616660239105284 0.056186351398806046
-0.05498821681068342 -0.03872038351617958 -0.04654847974645934 -0.15763639796111004 -0.07445281664872622 -0.07112245828394274 -0.03449675324675325 -0.013604018417748012 -0.035684875102937136 -0.030182984342576873 -0.024091547881951416 -0.08817971866470713 -0.04428697962798937 -0.07416165090283748 -0.13977389516957864 -0.08136866263300646 -0.10166649198197253 -0.03217931646693298 -0.05308629124596648 -0.03662258392675484 -0.04064594089860486 0.026838432635534083 -0.07787993510005409 -0.1576599937765792 -0.3344152650732763 -0.20345068315548018 -0.14685970211436308 0.038865546218487396 -0.07286156303024253 0.07732497387669802 -0.1185264281900694 -0.20865683229813664 -0.20656621095699035 -0.6462201251410401 -3.8095689246802467 -1.538232077160187 -0.33849557522123896 -0.18561742803156608 -0.12307351147577336 -0.12010261194029852 -0.027650749760714667 -0.1679245283018868 -0.15886287625418058 -0.4982449297971919 -4.139376218323585 -1.4972033559728324 -0.2800641368252272 -0.2552731206057328 -0.12496127233295466 -0.14113957135389438 0.0 -0.011001100110011 -0.06425284362247113 -0.13422818791946306 -0.6591235632183907 -0.3002051090807384 -0.12612249016244576 -0.09925034315278217 -0.09305276514750976 -0.0031509295242096434 -0.0027749514383498307 -0.04740217492332001 -0.0676459219172787 -0.14955134596211367 -0.08622323289747964 -0.09953219866626853 -0.07177814029363785 -0.06943713834823777 -0.04475703324808184 -0.0228310502283105 0.014428626394767219 -0.002065688907250568 0.026044379622877385 -0.05462822458270107 -0.058395656182768166 -0.07874865156418555 -0.024387540184015073 -0.007782966422059151 -0.0010913456291607546 0.018026137899954935 -0.05650899958141482 -0.049785240140570085 -0.05839555810836683 0.015968438850272403 -0.15227466187458621 -0.06998197433994273 -0.0679063936481404 -0.04939050021017234 -0.03814973772055317 -0.03669542794803134 -0.10212335692618806 -0.005764242482467097 -0.035813768404297654 -0.031233732431025507 -0.15460792239288604 -0.0009364172675344125 -0.10720045536476615 0.03531073446327683 -0.07423833397608948 0.04448086152405479
-0.06022518984027232 -0.047017608555360926 -0.05051005249083886 -0.1670757032282424 -0.08701112307140293 -0.08024072216649951 -0.048701298701298704 -0.016743407283382167 -0.04117485588800439 -0.03018298434257687 -0.03011443485243927 -0.09342851144236826 -0.05868024800708591 -0.09243336199484094 -0.14799588900308325 -0.09493010640517421 -0.10795514097054817 -0.03661784287616511 -0.0562090142604351 -0.038657171922685654 -0.04613863561463254 0.008588298443370909 -0.09626825310978908 -0.17425578259516647 -0.3993311694698535 -0.2393537448888002 -0.1656077491927924 0.036764705882352935 -0.08384070266493662 0.07314524555903866 -0.12172984516817938 -0.22321428571428573 -0.20556830655623193 -0.6903272130474921 -4.432970156324017 -1.6804215968976834 -0.3517699115044248 -0.18672890963654554 -0.12639982259674024 -0.12360074626865673 -0.02339678825906626 -0.1707547169811321 -0.14399851356373095 -0.47874414976599056 -3.5828460038986343 -1.2784658409908107 -0.26616782469267775 -0.24878312601406166 -0.11669937002994941 -0.14009409304756923 0.0058559437829396824 -0.011917858452511917 -0.06598940696361899 -0.11808682354940107 -0.4427083333333333 -0.23774007085586427 -0.10997881142165271 -0.08552423186569527 -0.08670825843290683 -0.004201239365612857 0.0009249838127832769 -0.03624872200018589 -0.06571318129107073 -0.14230037161243542 -0.07390562819783968 -0.08161640290634019 -0.05872756933115823 -0.051551814834297736 -0.036231884057971016 -0.009784735812133072 0.018276260100038477 0.001032844453625284 0.04062923221168872 -0.06676783004552352 -0.0676160229484684 -0.08306364617044229 -0.023279015630196208 -0.005559261730042252 0.0021826912583215096 0.022532672374943667 -0.05023022185014651 -0.05857087075361187 -0.06318207926479033 0.015968438850272403 -0.14092499763548663 -0.06892164139539816 -0.06477225240284161 -0.04308532997057586 -0.046733428707677625 -0.03570365962511157 -0.09201213346814965 -0.008646363723700645 -0.03879824910465579 -0.028110359187922956 -0.1465238480194018 0.005618503605206478 -0.10435442557632102 0.04842615012106537 -0.07423833397608948 0.0538452534238558
-0.05760670332547787 -0.06453397252696598 -0.04555808656036447 -0.17368321691523503 -0.08342303552206673 -0.08206437494301086 -0.049715909090909095 -0.030347425701130182 -0.04300484948302681 -0.042444821731748725 -0.029110620357357963 -0.1102246483308839 -0.04760850310008858 -0.10855546001719692 -0.1408016443987667 -0.11788024201961193 -0.1142437899591238 -0.06213936972924988 -0.056209014260435106 -0.05493387589013225 -0.046138635614632544 -0.009661835748792268 -0.11141157382368849 -0.20744736023234106 -0.46818137110258673 -0.2922110302184103 -0.17810644724507863 0.023109243697478993 -0.09282363509332268 0.05956112852664577 -0.11745862253069941 -0.24456521739130435 -0.2065662109569903 -0.7303313160324136 -5.025106584557082 -1.8255941135527496 -0.3528761061946903 -0.2089585417361343 -0.12085597072846214 -0.14342350746268656 -0.01701584600659364 -0.16603773584905662 -0.1282051282051282 -0.42316692667706707 -3.007797270955166 -1.0507391130643227 -0.2490646712987707 -0.23904813412655485 -0.10120830321181451 -0.13486670151594352 0.016591840718329105 -0.014668133480014667 -0.04601892854041851 -0.09769773171353328 -0.22180316091954028 -0.2079060227484617 -0.08979921299566138 -0.08658008658008658 -0.07084699164639949 -0.014704337779644996 0.0 -0.03903708523096942 -0.06957866254348666 -0.12779842291307897 -0.06727307182111049 -0.0666865731063999 -0.05655247417074497 -0.04523934771173067 -0.03090366581415175 -0.018482278756251358 0.021161985378991922 -0.01549266680437926 0.06146473590999062 -0.07587253414264036 -0.06351808216371274 -0.09492988133764833 -0.014410819199645273 -0.023348899266177444 0.008730765033286042 0.013519603424966201 -0.04918375889493513 -0.07223740726278798 -0.06988320888378326 0.007514559458951718 -0.13335855480942024 -0.07634397200721024 -0.05850396991224405 -0.052543085329970575 -0.037195994277539335 -0.04760487950014876 -0.0859453993933266 -0.011528484964934194 -0.04178272980501393 -0.022904737116085372 -0.1424818108326597 0.011237007210412962 -0.10055971919172753 0.049435028248587566 -0.07038179714616274 0.046821959499005035
-0.04451427075150563 -0.07836268092560154 -0.031692581955036145 -0.1784028695488012 -0.07804090419806244 -0.09391811799033464 -0.049715909090909095 -0.0429049811636668 -0.039344862292981966 -0.056593095642331635 -0.025095362377032727 -0.11862271677514172 -0.028786536758193093 -0.11392949269131555 -0.1366906474820144 -0.13561443772167742 -0.11005135730007336 -0.07434531735463826 -0.047881752888518786 -0.06408952187182096 -0.0538284082170713 -0.017176596886741814 -0.1222282314764738 -0.2209314386474432 -0.5812924166420773 -0.3221302483295103 -0.1916467034683887 0.023109243697478993 -0.08982932428386067 0.061650992685475435 -0.10784837159636947 -0.25815217391304346 -0.2065662109569903 -0.76828392655657 -5.586925627664614 -1.9459083225614002 -0.3473451327433628 -0.23452261865066135 -0.1186384299811509 -0.16324626865671643 -0.00850792300329682 -0.16132075471698115 -0.10683760683760683 -0.3724648985959439 -2.3499025341130606 -0.8509788254095086 -0.22768572955638694 -0.23039480800432663 -0.08468449860580399 -0.13800313643491896 0.01951981260979895 -0.02566923359002567 -0.0355995484935313 -0.08410500382295473 -0.11853448275862069 -0.1864628006712661 -0.08475431338916355 -0.09080350543765178 -0.06873215607486517 -0.018905577145257854 0.0046249190639163825 -0.05204944697462589 -0.05894858909934286 -0.13051753829420826 -0.060640515444381274 -0.07863043694635215 -0.05546492659053833 -0.06102051551814834 -0.03090366581415175 -0.030441400304414 0.026933435936898807 -0.025821111340632096 0.07084071257422649 -0.0849772382397572 -0.059420141378957084 -0.10895361380798274 -0.008868196430550937 -0.027796308650211248 0.01637018443741133 -0.0011266336187471832 -0.047090832984512346 -0.08785630613041781 -0.06605399195864445 0.004696599661844825 -0.1409249976354866 -0.08588696850811153 -0.05954868366067696 -0.06830601092896176 -0.03814973772055317 -0.05851433105226619 -0.08291203235591507 -0.011528484964934194 -0.03780342220453641 -0.020822488287350338 -0.14349232012934524 0.005618503605206482 -0.10150839578787592 0.04136400322841 -0.07520246818357115 0.04448086152405478
-0.04887841494282971 -0.08481607817829814 -0.041596513815984955 -0.19539361902963942 -0.09239325439540726 -0.11306647214370384 -0.06189123376623377 -0.04499790707408957 -0.05489980785067251 -0.06508205998868137 -0.03714113631800843 -0.12912030233046398 -0.03653675819309123 -0.12790197764402408 -0.1685508735868448 -0.16586688921343626 -0.12996541243056284 -0.0854416333777186 -0.06661809097533049 -0.07426246185147509 -0.05163133033066022 -0.02254428341384863 -0.1427798810167658 -0.26242091069391144 -0.718009245598505 -0.3779794554702304 -0.210394750546818 0.011554621848739496 -0.09981036031540073 0.05433646812957158 -0.10678056593699947 -0.26591614906832295 -0.2075641153577487 -0.7898245973946045 -6.0795831359545245 -2.0423585562294924 -0.36283185840707965 -0.2500833611203735 -0.13637875595964077 -0.17840485074626866 -0.008507923003296818 -0.15000000000000002 -0.10219249349684134 -0.3363884555382216 -1.6666666666666667 -0.6652017578905314 -0.21806520577231425 -0.2217414818820984 -0.0867499741815553 -0.14741244119184524 0.012687878196369315 -0.026585991932526587 -0.0329947034818095 -0.06711409395973154 -0.07183908045977012 -0.17713966063770276 -0.08879023307436182 -0.09397106958082568 -0.07719149836100242 -0.022056506669467495 0.0 -0.05483781020540942 -0.05604947816003093 -0.12870479470678875 -0.06632556376729201 -0.07863043694635215 -0.05764002175095162 -0.058916359810625984 -0.03836317135549872 -0.023918243096325287 0.021161985378991922 -0.03408386696963438 0.05417230961558496 -0.10318664643399089 -0.08093433049892429 -0.11434735706580368 -0.014410819199645273 -0.03224371803424505 0.0 -0.004506534474988734 -0.04813729593972373 -0.09468957438500587 -0.07084051311506798 -0.012211159120796542 -0.1494372458148113 -0.10073162973173574 -0.05850396991224405 -0.07356031946195879 -0.039103481163567 -0.06545670931270456 -0.08291203235591509 -0.019214141608223653 -0.03183446080382013 -0.01353461738677772 -0.13742926434923206 1.3877787807814458e-18 -0.09486765961483731 0.03228410008071024 -0.07423833397608948 0.032775371649303525
-0.06284367635506677 -0.08573799207154052 -0.047538872932554224 -0.2001132716632056 -0.10315751704341584 -0.11762560408498224 -0.07102272727272727 -0.04395144411887819 -0.06038978863573977 -0.06791171477079797 -0.04818309576390283 -0.13017006088599622 -0.0387511071744907 -0.1375752364574377 -0.20246659815005139 -0.18255789693302732 -0.13625406141913846 -0.0887705281846427 -0.07078172166128864 -0.0752797558494405 -0.07030649236515435 -0.030059044551798177 -0.1654948620876149 -0.3070220931438647 -1.0111143896921413 -0.45277750074798045 -0.22601812311217578 -0.0063025210084033615 -0.10679708553747877 0.04702194357366771 -0.11211959423384946 -0.2639751552795031 -0.2015766889531983 -0.7949533285465176 -6.109900521080057 -1.9986079347718007 -0.368362831858407 -0.2500833611203735 -0.14414014857523008 -0.18073694029850748 -0.014888865255769435 -0.1349056603773585 -0.0919732441471572 -0.28958658346333854 -1.1676413255360625 -0.5133839392728725 -0.2041688936397649 -0.1979448350459708 -0.09191366312093359 -0.13800313643491896 0.004879953152449735 -0.022918958562522917 -0.03733611183467918 -0.05861863902811996 -0.07094109195402296 -0.16968114861085212 -0.0918171728382605 -0.09080350543765178 -0.07824891614676957 -0.01890557714525785 -0.010174821940616039 -0.04740217492332001 -0.04445303440278315 -0.13504939726275716 -0.07580064430547659 -0.07265850502637602 -0.06525285481239804 -0.05681220410310363 -0.04156010230179028 -0.02609262883235486 0.01635244324740285 -0.03511671142325966 0.04896343369100948 -0.09914011127971675 -0.09117918246081344 -0.1186623516720604 -0.017736392861101874 -0.027796308650211248 -0.005456728145803771 0.006759801712483098 -0.06174131435747175 -0.09078484966809841 -0.07466973004020677 -0.01408979898553447 -0.1607869100539109 -0.097550630898102 -0.05954868366067698 -0.06620428751576293 -0.03719599427753935 -0.055539026083506894 -0.09403437815975735 -0.015371313286578925 -0.03382411460405889 -0.012493492972410203 -0.13540824575586097 0.008427755407809715 -0.09961104259557915 0.040355125100887804 -0.07616660239105284 0.040969214561629407
-0.07244479357597974 -0.08573799207154052 -0.0485292661186491 -0.22276760430432319 -0.11840688912809474 -0.12583204157928332 -0.07406655844155845 -0.05023022185014651 -0.06496477262329582 -0.07545746085644219 -0.06022886970487854 -0.1280705437749318 -0.05646589902568645 -0.18379191745485812 -0.23843782117163412 -0.20237846860004174 -0.1435908185724767 -0.08433200177541057 -0.08327261371916311 -0.07019328585961342 -0.09117873228605955 -0.02254428341384863 -0.20010816657652786 -0.39207551083912456 -1.3032359594767384 -0.5395432332701706 -0.24789084470367673 -0.008403361344537816 -0.12775726120371295 0.056426332288401236 -0.12066203950880941 -0.2562111801242236 -0.20057878455243988 -0.7949533285465177 -5.901468498342018 -1.8832653872924332 -0.3595132743362831 -0.2478603979104146 -0.1519015411908194 -0.18073694029850748 -0.01701584600659364 -0.1169811320754717 -0.08732813080639168 -0.25546021840873634 -0.7855750487329434 -0.38853375948861363 -0.18599679315873865 -0.16873985938345054 -0.08571723639367965 -0.11709357030841609 -0.010735896935389422 -0.011001100110011 -0.04949205522271425 -0.05861863902811996 -0.06734913793103448 -0.15569643856050716 -0.08879023307436182 -0.07496568472178228 -0.08459342286137253 -0.002100619682806426 -0.020349643881232077 -0.03346035876940236 -0.06571318129107073 -0.14048762802501585 -0.09190828122039037 -0.0547427092664477 -0.06960304513322457 -0.037874802735402426 -0.05647911338448423 -0.0076103500761035 0.009619084263178146 -0.02375542243338153 0.037503906656943434 -0.11026808295397066 -0.10039954922651369 -0.11542610571736785 -0.011085245538188673 -0.0200133422281521 -0.010913456291607544 0.015772870662460563 -0.07429886982000838 -0.0771183131589223 -0.08232816389048439 -0.030058237835806877 -0.1787572117658186 -0.08800763439720072 -0.06268282490597576 -0.04728877679697351 -0.047687172150691466 -0.03669542794803134 -0.10313447927199193 -0.02017484868863484 -0.05869478710704338 -0.041644976574700676 -0.14046079223928862 -0.012173424477947378 -0.10814913196091451 0.02320419693301049 -0.09448515233320479 0.02224043076202739
-0.07942742428209829 -0.0866599059647829 -0.05348123204912351 -0.23598263167830846 -0.11930391101542878 -0.13495030546184006 -0.08319805194805195 -0.057555462536626203 -0.08143471497849758 -0.08394642520279194 -0.06825938566552901 -0.12072223388620618 -0.06643046944198405 -0.20743766122098023 -0.2785200411099692 -0.21802628833715834 -0.15616811654962795 -0.08322237017310255 -0.09784532112001665 -0.07121057985757884 -0.09447434911567615 -0.03435319377348363 -0.20876149269875607 -0.4429001140960481 -1.6710927510573423 -0.6352847312256907 -0.26143110092698674 -0.028361344537815126 -0.136740193632099 0.04493207941483803 -0.12706887346502935 -0.24456521739130435 -0.18561021854106377 -0.7805928813211611 -5.555660824253908 -1.7261608829670874 -0.3550884955752212 -0.2434144714904968 -0.14746645969619693 -0.18073694029850748 -0.023396788259066256 -0.10283018867924527 -0.09011519881085098 -0.24765990639625585 -0.5360623781676414 -0.31462245305633235 -0.18385889898450025 -0.15359653866955109 -0.09294640090880926 -0.11395713538944068 -0.014639859457349209 -0.0027502750275027487 -0.0408092385169749 -0.04672500212386373 -0.05747126436781609 -0.14544098452358753 -0.08778125315306226 -0.06546299229226057 -0.08670825843290683 0.0031509295242096425 -0.011099805753399316 -0.03067199553861883 -0.04348666408967916 -0.14501948699356476 -0.0909607731665719 -0.05872399721309844 -0.077215878194671 -0.03787480273540242 -0.06820119352088662 -0.009784735812133072 0.006733358984224702 -0.03098533360875852 0.04062923221168872 -0.13859382903388973 -0.10449749001126936 -0.1272923408845739 -0.024387540184015073 -0.0289081609962197 -0.02728364072901888 0.013519603424966203 -0.06488070322310592 -0.07321358844201484 -0.07658433850277618 -0.025361638173962052 -0.1749739903527854 -0.08270596967447778 -0.055369828666945266 -0.039932744850777635 -0.04577968526466381 -0.03471189130219181 -0.09403437815975733 -0.025939091171101936 -0.04874651810584958 -0.05622071837584591 -0.12530315278900567 -0.0280925180260324 -0.10814913196091451 0.004035512510088775 -0.09255688391824143 0.001170548987475127
-0.07244479357597974 -0.08389416428505578 -0.037634941071605435 -0.2274872569378894 -0.10853964836742017 -0.13950943740311844 -0.08421266233766234 -0.07115948095437422 -0.0814347149784976 -0.08300320694208639 -0.07127082915077294 -0.12807054377493177 -0.06310894596988485 -0.21926053310404123 -0.3031860226104831 -0.24097642395159607 -0.15721622471439053 -0.08988015978695073 -0.09784532112001666 -0.07222787385554426 -0.09667142700208722 -0.05152979066022545 -0.21200648999459165 -0.5009853749611036 -2.1284548047604996 -0.7439912236960208 -0.2708051244662014 -0.04726890756302522 -0.136740193632099 0.02925809822361546 -0.12920448478376934 -0.2280667701863354 -0.15367727771679474 -0.7262283311108831 -5.015632401705353 -1.5422094063836131 -0.34513274336283184 -0.24230298988551735 -0.1397050670806076 -0.17140858208955226 -0.02126980750824205 -0.10094339622641509 -0.06874767744332962 -0.218408736349454 -0.3771929824561404 -0.2686775868957252 -0.17103153393907 -0.1535965386695511 -0.08571723639367965 -0.11918452692106637 -0.00975990630489947 -0.012834616795012832 -0.02952157679951376 -0.05352136606915301 -0.044899425287356326 -0.15849338057057616 -0.09181717283826052 -0.07918910357934747 -0.09199534736174261 -0.005251549207016068 -0.003699935251133103 -0.039966539641230606 -0.05218399690761501 -0.14048762802501585 -0.09285578927420884 -0.06469592913307455 -0.06307775965198475 -0.057864281956864806 -0.06287297527706735 -0.018482278756251358 0.0019238168526356293 -0.02375542243338153 0.012501302218981148 -0.13555892766818411 -0.11986476795410309 -0.11974110032362457 -0.03547278572220375 -0.0289081609962197 -0.04801920768307323 0.01577287066246057 -0.06906655504395146 -0.08688012495119095 -0.08041355542791499 -0.030058237835806877 -0.1759197957060437 -0.10073162973173574 -0.05328040117007939 -0.04939050021017234 -0.04673342870767763 -0.03967073291679064 -0.09201213346814965 -0.032664040733980215 -0.03680859530441703 -0.05413846954711088 -0.11418755052546484 -0.03745669070137653 -0.11099516174935964 -0.01109765940274415 -0.08870034708831469 -0.005852744937375623
-0.06808064938465566 -0.09034756153775239 -0.05249083886302863 -0.23598263167830846 -0.11750986724076067 -0.1495395276739309 -0.08928571428571429 -0.07639179573043113 -0.08966968615609847 -0.08205998868138087 -0.06926320016061033 -0.13751837077472182 -0.08082373782108061 -0.23323301805674976 -0.32887975334018504 -0.25036511579386606 -0.16455298186772876 -0.09209942299156681 -0.10096804413448528 -0.07426246185147509 -0.09996704383170382 -0.06977992485238863 -0.21633315305570577 -0.5518099782180272 -2.648765614242156 -0.8387354143811709 -0.28017914800541605 -0.05777310924369748 -0.14272881525102304 0.027168234064785784 -0.11959423384943942 -0.20574534161490687 -0.14469613810996906 -0.6646835572879269 -4.373282804358125 -1.3542806005767127 -0.33075221238938046 -0.2256307658108258 -0.14303137820157447 -0.1574160447761194 0.0021269807508242033 -0.09339622641509433 -0.0650315867707172 -0.19110764430577226 -0.2923976608187135 -0.22972433080303634 -0.1571352218065206 -0.1395348837209302 -0.07848807187855003 -0.10454783063251438 -0.0019519812609798972 -0.010084341767510083 -0.045150646869844574 -0.045875456630702575 -0.0404094827586207 -0.14544098452358756 -0.08677227323176269 -0.0665188470066519 -0.09199534736174261 0.008402478731225713 0.009249838127832763 -0.0399665396412306 -0.06474681097796675 -0.13958125623130607 -0.08811824900511654 -0.07066786105305066 -0.0511147362697118 -0.06628090478695423 -0.05541346973572038 -0.02065666449228093 -0.0019238168526356293 -0.0320181780623838 -0.013543077403896236 -0.14365199797673242 -0.13215859030837004 -0.12405609492988132 -0.04766655581421129 -0.03446742272626195 -0.0632980464913238 0.010139702568724648 -0.0648807032231059 -0.0800468566966029 -0.08520007658433851 -0.029118917903437912 -0.1815946278255935 -0.08588696850811155 -0.06163811115754283 -0.030474989491382935 -0.05150214592274678 -0.024794208072994144 -0.08796764408493428 -0.04034969737726967 -0.028849980103461997 -0.05726184279021344 -0.11418755052546484 -0.041202359771514194 -0.11384119153780477 -0.018159806295399514 -0.09062861550327807 -0.005852744937375628
-0.06109801867853713 -0.08942564764451001 -0.040606120629890066 -0.24070228431187468 -0.11212773591675637 -0.15501048600346495 -0.0882711038961039 -0.0795311845960653 -0.08692469576356485 -0.08205998868138088 -0.06926320016061033 -0.14066764644131852 -0.08968113374667848 -0.2719260533104041 -0.35046248715313466 -0.27018568746088045 -0.17713027984488 -0.09653794940079893 -0.10200895180597483 -0.07731434384537131 -0.09337581017247061 -0.09125067096081589 -0.21092482422931313 -0.6161186598900529 -3.1464542146159142 -0.9314849905255811 -0.2864284970315592 -0.0819327731092437 -0.135742090028945 0.015673981191222562 -0.11425520555258943 -0.1950698757763975 -0.1277317632970761 -0.6298081854549185 -3.715774514448129 -1.1753007855225217 -0.31747787610619466 -0.20784706013115484 -0.14303137820157447 -0.14575559701492535 0.01276188450494523 -0.09339622641509433 -0.05109624674842066 -0.17940717628705152 -0.2046783625730994 -0.20475429484618454 -0.14537680384820953 -0.13304488912925908 -0.06609521842404213 -0.10350235232618923 0.003903962521959787 -0.014668133480014667 -0.042545801858122775 -0.05776909353495881 -0.028735632183908046 -0.1528994965504382 -0.07970941378266573 -0.073909830007391 -0.0803637517183039 0.00525154920701607 0.015724724817315697 -0.04368435728227531 -0.0570158484731349 -0.14592585878727451 -0.09001326511275345 -0.06668657310639994 -0.038064165307232195 -0.05996843766438716 -0.04688832054560955 -0.018482278756251358 0.0019238168526356293 -0.040280933691386085 -0.013543077403896242 -0.15680323722812342 -0.1301096199159922 -0.1251348435814455 -0.046558031260392416 -0.04113853680231265 -0.060024009603841535 0.0033799008562415507 -0.05650899958141482 -0.08883248730964469 -0.07658433850277618 -0.04602667668607928 -0.1740281849995271 -0.09861096384264659 -0.060593397409109906 -0.053593947036569986 -0.03147353361945636 -0.03570365962511157 -0.08695652173913045 -0.04611393985973677 -0.02089136490250696 -0.06142634044768349 -0.12429264349232014 -0.04307519430658302 -0.11953325111469501 -0.0221953188054883 -0.09641342074816814 -0.01053494088727613
-0.05673387448721305 -0.08481607817829814 -0.04555808656036446 -0.2369265622050217 -0.11571582346609255 -0.15774596516823197 -0.08421266233766234 -0.0784847216408539 -0.07868972458596395 -0.08300320694208639 -0.0652479421802851 -0.1480159563300441 -0.087466784765279 -0.29987102321582115 -0.3658787255909558 -0.29313582307531816 -0.18446703699821826 -0.1087438970261873 -0.10617258249193295 -0.08850457782299084 -0.090080193342854 -0.10950080515297907 -0.20876149269875605 -0.6835390519655637 -3.5861119307563682 -1.0172534157774011 -0.29580252057077383 -0.10609243697478991 -0.135742090028945 0.005224660397074192 -0.10037373198077948 -0.18730590062111802 -0.11475900608721683 -0.5846753513180839 -3.055423969682615 -1.0181962811971763 -0.2898230088495575 -0.21896187618094923 -0.12307351147577336 -0.14808768656716415 0.02020631713282995 -0.09150943396226414 -0.039947974730583424 -0.15210608424336974 -0.15497076023391812 -0.18777467039552537 -0.1314804917156601 -0.13520822065981614 -0.05989879169678819 -0.1024568740198641 0.008783915674409526 -0.01375137513751375 -0.02691673178779196 -0.050123184096508365 -0.0305316091954023 -0.1528994965504382 -0.07970941378266573 -0.07707739415056489 -0.07507666278946812 0.00525154920701607 0.01757469244288225 -0.055767264615670595 -0.04831851565519907 -0.14501948699356473 -0.09096077316657193 -0.08360704687966558 -0.04023926046764546 -0.07995791688584955 -0.044757033248081834 -0.0380517503805175 0.0038476337052712585 -0.04751084486676307 -0.015626627773726427 -0.15174506828528073 -0.1280606495236144 -0.13160733549083065 -0.04988360492184902 -0.0466977985323549 -0.0632980464913238 -0.002253267237494367 -0.05860192549183759 -0.08883248730964469 -0.05552364541451273 -0.056359195942137896 -0.1730823796462688 -0.1123952921217262 -0.0783535311324697 -0.07040773434216058 -0.03147353361945636 -0.044629574531389465 -0.08695652173913045 -0.05860313190508214 -0.011937922801432558 -0.06871421134825612 -0.1151980598221504 -0.057121453319599204 -0.12048192771084339 -0.0443906376109766 -0.09737755495564984 -0.02926372468687815
-0.06022518984027233 -0.07928459481884391 -0.05150044567693375 -0.24447800641872758 -0.12827412988876927 -0.1650405762742774 -0.09030032467532467 -0.0722059439095856 -0.08234971177600878 -0.07923033389926429 -0.07227464364585426 -0.1553642662187697 -0.11182462356067316 -0.31061908856405845 -0.4028776978417266 -0.30982683079490925 -0.19390001048108169 -0.1120727918331114 -0.11866347454980741 -0.09053916581892167 -0.09117873228605954 -0.11272141706924317 -0.21092482422931313 -0.7219168136085469 -3.9500344251008164 -1.074099930188491 -0.31350900947817933 -0.11659663865546219 -0.14771933326679307 1.3877787807814458e-18 -0.10357714895888948 -0.16789596273291926 -0.09879253567508232 -0.5374910247204842 -2.42728564661298 -0.8511484538132643 -0.2853982300884956 -0.20784706013115484 -0.12639982259674024 -0.14575559701492535 0.007444432627884719 -0.09433962264150943 -0.040876997398736535 -0.14528081123244932 -0.14035087719298242 -0.181781861765881 -0.1389631213254944 -0.1373715521903732 -0.07642259630279873 -0.10141139571353894 0.00683193441342963 -0.015584891822515583 -0.0303898584700877 -0.04842409311018605 -0.033225574712643674 -0.1501025545403692 -0.08374533346786399 -0.07813324886495618 -0.08142116950407105 0.003150929524209644 0.006474886689482933 -0.0594850822567153 -0.029957479706223422 -0.1504577177558234 -0.09569831343566422 -0.08758833482631632 -0.048939641109298535 -0.07995791688584955 -0.05967604433077579 -0.034790171776473144 -0.0028857252789534437 -0.04337946705226192 -0.03125325554745286 -0.1588265048052605 -0.1362565310931257 -0.13376483279395898 -0.052100654029486757 -0.048921503224371804 -0.0709374658954491 -0.0022532672374943677 -0.052323147760569275 -0.09273721202655213 -0.050737124258089225 -0.06199511553635169 -0.16646174217346071 -0.11133495917718164 -0.08148767237776848 -0.07566204287515763 -0.03624225083452551 -0.049588416145988294 -0.09706774519716888 -0.0605245460659045 -0.0049741345005969015 -0.07183758459135867 -0.1151980598221504 -0.05524861878453038 -0.12902001707617874 -0.0423728813559322 -0.10894716544543 -0.024581528736977647
-0.07069913589945012 -0.06914354199317783 -0.055462018421313264 -0.24730979799886726 -0.1480086114101184 -0.16868788182730007 -0.08827110389610389 -0.06069485140226035 -0.07594473419343031 -0.07451424259573663 -0.07127082915077294 -0.1679613688851564 -0.12511071744906999 -0.3331900257953568 -0.4182939362795478 -0.32651783851450034 -0.19599622681060688 -0.1209498446515757 -0.12178619756427604 -0.10172939979654119 -0.08678457651323739 -0.11808910359634998 -0.22390481341265547 -0.7685924696608236 -4.133962820891119 -1.1179814500847711 -0.3093427767940839 -0.125 -0.15171174767940912 -6.938893903907229e-19 -0.11211959423384946 -0.15916149068322982 -0.07484283005688055 -0.4882552056621193 -1.7981999052581714 -0.6811176295117828 -0.26991150442477874 -0.19450928087140157 -0.12196474110211777 -0.13292910447761194 0.004253961501648409 -0.08584905660377358 -0.02879970271274619 -0.13065522620904838 -0.11403508771929823 -0.1488214143028366 -0.1293425975414217 -0.12763656030286644 -0.08365176081792833 -0.09200209095661264 0.006831934413429626 -0.007334066740007333 -0.020838760093774424 -0.0433268201512191 -0.026041666666666668 -0.13705015849338056 -0.07163757441226919 -0.06546299229226059 -0.06978957386063234 0.01260371809683857 -0.005549902876699655 -0.053908355795148244 -0.03382296095863935 -0.1386748844375963 -0.1004358537047565 -0.07365382701303873 -0.05546492659053833 -0.06628090478695423 -0.05967604433077579 -0.023918243096325287 -0.010580992689495961 -0.03305102251600909 -0.03750390665694342 -0.1426403641881639 -0.1557217498207151 -0.11111111111111113 -0.05210065402948675 -0.031131865688236605 -0.0829422678162174 0.011266336187471835 -0.04604437002930096 -0.09078484966809841 -0.0392494734826728 -0.05448055607739997 -0.1465998297550364 -0.10179196267628035 -0.06790639364814041 -0.06620428751576293 -0.024797329518359557 -0.04562134285430923 -0.09403437815975735 -0.061485253146315685 0.014922403501790683 -0.08120770432066632 -0.10004042037186744 -0.05150294971439273 -0.11763589792239823 -0.043381759483454393 -0.09737755495564984 -0.033945920636778655
-0.06546216286986122 -0.06545588642020836 -0.05051005249083886 -0.24259014536530113 -0.15069967707212056 -0.16686422905078874 -0.08421266233766234 -0.057555462536626203 -0.06496477262329581 -0.06791171477079797 -0.0562136117245533 -0.15431450766323743 -0.13175376439326839 -0.3310404127257094 -0.41623843782117165 -0.3192155226371792 -0.18341892883345562 -0.10652463382157125 -0.10929530550640158 -0.09562563580874874 -0.0779962649675931 -0.12238325281803544 -0.20443482963764198 -0.7903744424852194 -4.149700009835743 -1.118978757355141 -0.30413498593896465 -0.12079831932773108 -0.1497155404731011 0.0010449320794148377 -0.10678056593699947 -0.14460403726708076 -0.06486378604929648 -0.43389065545184125 -1.2259592610137375 -0.4991548175400219 -0.24778761061946902 -0.1689452039568745 -0.1042244151236279 -0.11893656716417911 0.017015846006593636 -0.07830188679245283 -0.018580453363062063 -0.11212948517940717 -0.09064327485380116 -0.1318417898521774 -0.1186531266702298 -0.10924824229313143 -0.07642259630279871 -0.07736539466806064 0.0165918407183291 0.0009167583425009173 -0.019102196752626553 -0.03822954719225215 -0.017959770114942524 -0.12213313443967928 -0.0625567551205731 -0.04223418857565199 -0.061330231574495075 0.02835836571788678 0.003699935251133106 -0.04740217492332001 -0.022226517201391578 -0.13414302546904738 -0.09380329732802731 -0.0686772170797253 -0.05655247417074497 -0.0631246712256707 -0.05861040068201193 -0.023918243096325287 -0.005771450557906887 -0.025821111340632107 -0.014584852588811337 -0.13151239251390995 -0.14547689785882595 -0.10248112189859764 -0.05210065402948675 -0.01445408049810985 -0.07530284841209212 0.018026137899954935 -0.031393888656341566 -0.08590394377196409 -0.03637756078881869 -0.0347548374976517 -0.12579211198335385 -0.08482663556356695 -0.05850396991224405 -0.054644808743169404 -0.017167381974248924 -0.03867896459387087 -0.09100101112234582 -0.05187818234220386 0.01293274970155193 -0.07496095783446122 -0.09296685529506873 -0.046820863376720666 -0.11384119153780474 -0.03934624697336562 -0.09062861550327807 -0.03745756759920403
-0.06109801867853713 -0.06545588642020836 -0.056452411607408146 -0.24070228431187463 -0.14531754574811626 -0.15956961794474334 -0.0791396103896104 -0.05860192549183759 -0.06587976942080702 -0.06791171477079797 -0.04818309576390283 -0.14486668066344738 -0.13950398582816653 -0.32244196044711954 -0.3987667009249743 -0.30043813895263927 -0.18341892883345562 -0.09653794940079893 -0.11033621317789111 -0.09359104781281788 -0.06041964187630452 -0.11057434245840043 -0.19902650081124934 -0.7717041800643087 -3.870364906068654 -1.035204946644061 -0.2812207061764399 -0.10924369747899158 -0.13873640083840702 0.009404388714733545 -0.10357714895888948 -0.1455745341614907 -0.06187007284702125 -0.4010667760795979 -0.8990999526290857 -0.39972158695436016 -0.23119469026548672 -0.16449927753695676 -0.10200687437631668 -0.1166044776119403 0.02552376900989046 -0.08018867924528301 -0.01858045336306206 -0.1121294851794072 -0.07407407407407406 -0.13084298841390332 -0.11544628540887225 -0.10924824229313143 -0.07022616957554477 -0.07527443805541036 0.02537575639273863 0.0018335166850018346 -0.013892506729182949 -0.037380001699090996 -0.005387931034482762 -0.110013052396047 -0.049440016143678746 -0.03378735086052159 -0.061330231574495075 0.02940867555929 0.008324854315049486 -0.046472720513058834 -0.03092385001932741 -0.12507930753194962 -0.07864316846693198 -0.05573803125311037 -0.048939641109298535 -0.062072593371909526 -0.05861040068201193 -0.02609262883235486 -0.0028857252789534437 -0.019624044618880395 -0.01771017814355662 -0.13657056145675264 -0.13318307550455893 -0.09277238403451994 -0.04101540849129808 -0.011118523460084495 -0.06548073774964532 0.018026137899954935 -0.025115110925073254 -0.07516595080046858 -0.02680451847597166 -0.025361638173962052 -0.10498439421167124 -0.06468030961721981 -0.05328040117007939 -0.04413619167717529 -0.014306151645207436 -0.03173658633343251 -0.08190091001011121 -0.050917475261792675 0.017906884202148827 -0.06454971369078603 -0.07780921584478577 -0.03652027343384212 -0.10435442557632102 -0.03430185633575464 -0.08291554184342462 -0.035116469624253785
-0.059352361002007505 -0.05623674748778464 -0.06734673665445182 -0.2199358127241835 -0.1426264800861141 -0.13950943740311844 -0.07711038961038962 -0.039765592298032656 -0.06496477262329581 -0.050933786078098474 -0.047179281268821524 -0.13436909510812514 -0.14282550930026572 -0.28267411865864145 -0.37821171634121276 -0.2639265595660338 -0.1792264961744052 -0.08100310696848646 -0.11345893619235974 -0.08341810783316377 -0.0538284082170713 -0.10091250670960816 -0.19578150351541374 -0.6959858935795041 -3.5733254647388613 -0.918519996010771 -0.26038954275596293 -0.08823529411764705 -0.12975346841002094 0.017763845350052244 -0.09396689802455951 -0.13489906832298137 -0.06386588164853807 -0.36516565801620676 -0.680246328754145 -0.31619767326240433 -0.21570796460176989 -0.13448927420251194 -0.0898104002661049 -0.09444962686567163 0.03084122088695097 -0.07264150943396226 -0.017651430694908953 -0.10822932917316692 -0.06237816764132553 -0.11785856971634039 -0.102618920363442 -0.09410492157923203 -0.06609521842404212 -0.06900156821745948 0.032207690806168254 0.007334066740007335 -0.01041938004688721 -0.02803500127431824 0.003591954022988506 -0.09696065634905837 -0.038341237009383515 -0.024284658430999896 -0.05181347150259067 0.0378111542905157 0.013874757191749142 -0.04554326610279766 -0.03285659064553537 -0.11692196138856162 -0.06632556376729203 -0.05175674330645963 -0.03806416530723218 -0.056812204103103635 -0.042625745950554135 -0.027179821700369644 0.0 -0.013426977897128692 -0.01562662777372643 -0.1133029843196763 -0.12498719393504762 -0.07443365695792878 -0.03325573661456601 -0.0011118523460084476 -0.05784131834552002 0.028165840468679586 -0.023022185014650483 -0.07223740726278798 -0.019146084625694042 -0.002817959797106895 -0.08133926038021376 -0.048775315449051 -0.045967404931048894 -0.042034468263976464 -0.003814973772055315 -0.02975304968759298 -0.07178968655207281 -0.0441925256989144 0.04078790290489455 -0.031233732431025507 -0.05153597413096199 -0.023410431688360333 -0.09486765961483731 -0.025221953188054886 -0.06556112610875434 -0.028093175699403027
-0.05324255913415379 -0.06822162809993546 -0.055462018421313264 -0.2171040211440438 -0.13186221743810547 -0.1331266526853287 -0.06594967532467533 -0.02825449979070741 -0.04574983987556043 -0.043388039992454254 -0.05320216823930938 -0.1333193365525929 -0.14282550930026572 -0.26977644024075664 -0.34840698869475845 -0.2514083037763405 -0.1802746043391678 -0.07767421216156237 -0.11658165920682835 -0.0834181078331638 -0.045040096671427006 -0.10091250670960814 -0.1838831800973499 -0.6451612903225806 -3.1651421264876562 -0.8068215817293307 -0.24580772836162898 -0.07142857142857142 -0.12077053598163487 0.025078369905956112 -0.08969567538707954 -0.14945652173913046 -0.049895220037920365 -0.35285670325161556 -0.4509711037423023 -0.26548672566371684 -0.20132743362831862 -0.12448593975769703 -0.07539638540858189 -0.09328358208955223 0.03509518238859939 -0.07735849056603773 -0.0009290226681531045 -0.09945397815912635 -0.038011695906432746 -0.11186576108669596 -0.1015499732763228 -0.09518658734451056 -0.06402974284829081 -0.0742289597490852 0.04489556900253757 0.0009167583425009173 -0.007814535035165406 -0.04587545663070258 0.013469827586206896 -0.104419168375909 -0.030269397638986985 -0.03273149614613029 -0.043354129216453416 0.03255960508349963 0.007399870502266212 -0.055767264615670595 -0.03962118283726324 -0.10967098703888337 -0.06443054765965511 -0.040808201453170094 -0.03045133224578575 -0.051551814834297736 -0.029838022165387897 -0.021743857360295715 -0.0038476337052712585 -0.01032844453625284 -0.01354307740389624 -0.11431461810824484 -0.11269337158078063 -0.06903991370010785 -0.027713113845471683 0.003335557038025352 -0.05565862708719853 0.018026137899954935 -0.031393888656341566 -0.07418976962124171 -0.02106069308826345 -0.01315047905316551 -0.07661023361392227 -0.04983564839359559 -0.05850396991224405 -0.04728877679697353 -0.012398664759179778 -0.028761281364673215 -0.07178968655207281 -0.04707464694014795 0.054715479506565856 -0.01978136387298282 -0.03334680679062248 -0.018728345350688267 -0.09012427663409545 -0.019168684422921713 -0.05977632086386425 -0.01755823481212689
-0.05673387448721305 -0.08112842260532865 -0.055462018421313264 -0.23031904851802903 -0.1327592393254395 -0.12309656241451625 -0.06189123376623377 -0.026161573880284637 -0.04208985268551559 -0.04621769477457084 -0.04617546677374022 -0.12597102666386734 -0.16275465013286095 -0.25795356835769556 -0.32579650565262075 -0.224285416232005 -0.17293784718582955 -0.06768752774079005 -0.11866347454980744 -0.07731434384537132 -0.02636493463693288 -0.08588298443370908 -0.17847485127095727 -0.5808526086505549 -2.6517163371692734 -0.6741797147701205 -0.21247786688886575 -0.055672268907563015 -0.10480087833117076 0.038662486938349006 -0.08115323011211958 -0.15819099378881987 -0.06486378604929648 -0.34875371833008517 -0.3230696352439602 -0.2227304365118823 -0.17256637168141592 -0.11225964210292323 -0.07207007428761504 -0.08861940298507462 0.041476124641072004 -0.07830188679245283 -0.015793385358602748 -0.09652886115444617 -0.03508771929824561 -0.10087894526568116 -0.08337787279529663 -0.08977825851811791 -0.05680057833316121 -0.06377417668583377 0.05563146593792699 0.006417308397506418 -0.013892506729182946 -0.04247727465805794 0.020653735632183905 -0.08856983031885138 -0.014125718898193928 -0.02850807728856509 -0.03383736914454901 0.034660224766306064 0.002774951438349829 -0.05855562784645413 -0.022226517201391578 -0.1114837306263029 -0.05874549933674437 -0.03185030357320593 -0.031538879825992384 -0.052603892688058915 -0.033034953111679456 -0.018482278756251358 0.009619084263178146 -0.01859120016525511 0.02083550369830191 -0.1294891249367729 -0.08093433049892429 -0.07659115426105717 0.003325573661456602 -0.004447409384033799 -0.02510094947069737 0.014646237043713387 -0.01569694432817078 -0.05857087075361187 -0.011487650775416428 -0.00939319932368965 -0.05580251584223968 -0.034990987169971365 -0.03865440869201839 -0.05149222362337117 0.0019074868860276609 -0.027769513041753447 -0.06066734074823053 -0.04803535402055913 0.0666534023079984 -0.017699115044247787 -0.017178658043654007 -0.008427755407809722 -0.07684280428801822 -0.015133171912832932 -0.04917084458156575 -0.016387685824651763
-0.059352361002007505 -0.0765188531391168 -0.032682975141131033 -0.21710402114404376 -0.12199497667743091 -0.10850734020242545 -0.043628246753246745 -0.026161573880284634 -0.035684875102937136 -0.043388039992454254 -0.05219835374422808 -0.12492126810833508 -0.13728963684676704 -0.2504299226139295 -0.28571428571428575 -0.21072397245983723 -0.14987946756105228 -0.0754549489569463 -0.11762256687831792 -0.08240081383519837 -0.017576623091288587 -0.07300053676865272 -0.17306652244456464 -0.510320506171559 -2.0812432379266257 -0.5435324623516504 -0.18852202895531717 -0.038865546218487396 -0.10080846391855473 0.048066875653082555 -0.09503470368392954 -0.171777950310559 -0.06985330805308851 -0.33849625602625916 -0.2501184272856466 -0.19986079347718008 -0.14933628318584072 -0.1122596421029232 -0.0676349927929926 -0.08745335820895524 0.02020631713282995 -0.09245283018867925 -0.014864362690449644 -0.10822932917316692 -0.0341130604288499 -0.10487415101877744 -0.07910208444681988 -0.09085992428339645 -0.058866053908912516 -0.07527443805541034 0.04587155963302752 -0.0036670333700036667 0.004341408352869674 -0.04502591113754141 0.02783764367816092 -0.09136677232892038 -0.015134698819493492 -0.03906662443247809 -0.03489478693031617 0.014704337779645 0.0009249838127832758 -0.06227344548749884 0.0019327406262079606 -0.11057735883259315 -0.048322910744741335 -0.02388772767990445 -0.023926046764545943 -0.04418726985796949 -0.03729752770673487 -0.019569471624266144 0.01250480954213159 -0.03201817806238381 0.05104698406083967 -0.13454729387961556 -0.053273230201823576 -0.07982740021574973 0.03103868750692828 -0.0088948187680676 0.0021826912583215105 0.004506534474988735 -0.008371703641691085 -0.07516595080046858 0.005743825387708212 -0.017847078715010335 -0.04066963019010689 -0.039232318948149714 -0.03134141245298788 -0.059899117276166466 0.0009537434430138298 -0.04562134285430923 -0.05561172901921133 -0.05668171774425977 0.05968961400716275 -0.017699115044247787 -0.009094583670169768 -0.011237007210412962 -0.06451000853808937 -0.01513317191283293 -0.04917084458156575 -0.031604822661828395
-0.05324255913415379 -0.08758181985802524 -0.03565415469941567 -0.21993581272418344 -0.1112307140294223 -0.10850734020242547 -0.028409090909090905 -0.030347425701130176 -0.024704913532802637 -0.05470665912092058 -0.04216020879341498 -0.13436909510812511 -0.1395039858281665 -0.23000859845227867 -0.2517985611510792 -0.18986021281034843 -0.12996541243056284 -0.06768752774079005 -0.10721349016342249 -0.08443540183112921 -0.009886850488849833 -0.06655931293612453 -0.16657652785289348 -0.4314905092832694 -1.5206058817743682 -0.4158771317442903 -0.15623372565357777 -0.02100840336134453 -0.08883122068070665 0.048066875653082555 -0.09183128670581955 -0.17857142857142858 -0.08382396966370623 -0.3251615550312853 -0.18758882046423497 -0.17599681813662124 -0.11836283185840708 -0.10559075247304657 -0.04989466681450273 -0.08978544776119404 0.018079336382005744 -0.09622641509433963 -0.03437383872166481 -0.11115444617784712 -0.03508771929824561 -0.09688373951258489 -0.06948156066274719 -0.08328826392644673 -0.05370236496953423 -0.07213800313643491 0.046847550263517466 -0.011917858452511917 -0.0008682816705739352 -0.034831365219607516 0.03142959770114943 -0.08484057430542606 -0.009080819291696095 -0.04329004329004328 -0.02855028021571323 -0.0021006196828064344 0.006474886689482935 -0.05855562784645413 -0.0009663703131039834 -0.10695187165775402 -0.03695281409891984 -0.020901761719916395 -0.0032626427406199005 -0.04944765912677539 -0.025575447570332484 -0.021743857360295715 0.013466717968449404 -0.026853955794257377 0.03646213147202835 -0.13050075872534142 -0.04405286343612335 -0.0819848975188781 0.037689834829841486 -0.0177896375361352 0.007639419404125283 2.0816681711721684e-18 -0.006278777731268316 -0.07418976962124171 0.014359563469270534 -0.00563591959421379 -0.030265771304265592 -0.02968932244724844 -0.022983702465524447 -0.0462379150903741 -0.0019074868860276596 -0.03967073291679064 -0.04954499494438827 -0.050917475261792675 0.05272582570632709 -0.012493492972410203 0.006063055780113175 -0.009364172675344135 -0.052177212788160524 -0.012106537530266347 -0.03470883146934053 -0.02575207772445277
-0.05847953216374269 -0.08481607817829814 -0.02872140239675151 -0.2086086464036247 -0.10405453893074992 -0.09847724993161303 -0.027394480519480513 -0.02302218501465048 -0.030194894317869887 -0.049047349556687415 -0.04517165227865891 -0.12912030233046398 -0.14725420726306465 -0.18486672398968185 -0.2199383350462487 -0.1596077613185896 -0.11529189812388636 -0.05992010652463382 -0.09159987509107942 -0.07833163784333673 -0.007689772602438759 -0.052603327965646804 -0.15035154137371554 -0.3433253811845244 -1.0160322612373363 -0.2862271865961903 -0.12707009686490994 0.009453781512605045 -0.07585587383970456 0.06478578892371996 -0.10571276027762946 -0.1863354037267081 -0.08881349166749826 -0.302595137962868 -0.14969208905731882 -0.1392065228199264 -0.11725663716814164 -0.08447260197843724 -0.05543851868278081 -0.08512126865671642 0.005317451877060514 -0.10754716981132076 -0.062244518766257896 -0.11115444617784712 -0.03898635477582846 -0.08589692369157012 -0.06948156066274719 -0.08004326663061115 -0.050604151605907255 -0.07318348144276006 0.03415967206714815 -0.005500550055005502 -0.015629070070330816 -0.035680910712768674 0.029633620689655173 -0.07272049226179376 -0.007062859449096963 -0.0348432055749129 -0.03383736914454901 0.008402478731225715 0.008324854315049488 -0.05483781020540942 -0.00483185156551991 -0.10876461524517356 -0.030320257722190637 -0.008957897879964169 0.007612833061446435 -0.03156233561283535 -0.020247229326513218 -0.006523157208088715 0.007695267410542517 -0.02272257797975625 0.026044379622877388 -0.14264036418816387 -0.031759041081856364 -0.07982740021574972 0.04877508036803015 -0.02112519457416055 0.01309614754992906 1.3877787807814458e-18 -0.003139388865634157 -0.0771183131589223 -6.938893903907229e-19 -0.002817959797106895 -0.022699328478199183 -0.01696532711271339 -0.004178854993731718 -0.03678015973097941 0.010491177873152123 -0.03471189130219181 -0.049544994944388264 -0.04034969737726967 0.044767210505372065 -0.0052056220718375845 0.011115602263540822 0.004682086337672065 -0.044587800018973535 0.003026634382566585 -0.024103355187042035 -0.022240430762027395
