-0.17674305216967334 -0.18325188804975565 -0.172277896633262 -0.27806864456079117 -0.45945297504798466 -0.1874036294626972 -0.10751359367276322 -0.06138735420503376 0.0064935064935064905 -0.052983825989960966 -0.1382964973503942 -0.20318773573427423 -0.2637628554143981 -0.5087047783676997 -1.1920445908284774 -0.2290460609111503 -0.23305366893061663 -0.05534817865877204 -0.2211269481816971 -0.022352612461581444 -0.06883365200764817 -0.1351845085860431 -0.0360533589712775 -0.2128683102826218 -0.28878098645540506 -0.3152747394157766 0.007986157327299348 -0.17369093231162197 0.03902570313551339 -0.1330248698669751 -0.13922908340853427 -0.09940828402366864 -0.1307738452309538 -0.08728792721908038 -0.23464802795806294 0.014360313315926895 -0.05613362541073384 0.11681932828886235 0.00693000693000693 0.16573775300674684 -0.08436162175774364 -0.04074702886247878 -0.0702845949994239 -0.05180098783279123 -0.16295755806883133 0.04701806483543677 -0.11740684022460439 0.14057260768635543 -0.13228220203099947 0.11799850634802089 0.048884432188518435 -0.056937020683244244 0.08038949275362318 0.03866432337434095 0.1954320696962562 -0.019316672703126887 0.1851620167646691 -0.06295643414756988 0.260444209413009 0.025334271639690358 0.06441419543023821 0.20011702750146282 0.11075762931542359 0.1336356043431571 0.18613764388929707 0.30517305545217716 0.17706785537394748 0.2905027932960894 0.18611865063978286 0.18310445276737414 0.02561475409836065 0.054457203740973126 0.0905840286054827 0.1365441906653426 0.031137127911321456 0.12945382813463197 -0.022793465873116377 0.09968454258675079 -0.0039936102236421715 0.027285129604365625 0.11175959269837328 -0.0823370178208888 0.13490533953066547 -0.0036096739261220075 0.11928664225817882 -0.05405405405405406 0.18490940680069495 -0.052427911621520405 0.148451497312516 -0.010516629420270802
-0.1779619697708435 -0.19546868058640604 -0.18353788987726605 -0.31529959278650377 -0.5134357005758158 -0.202822915431147 -0.12481463173504696 -0.0650705954573358 -0.00909090909090909 -0.057166759620747354 -0.12795657231485072 -0.21413797298941475 -0.2867513611615245 -0.71613779478948 -1.6936914111983785 -0.2730933803171407 -0.23704887468371286 -0.060496846440983396 -0.2197948581324098 -0.016764459346186082 -0.07138304652644996 -0.1327487516745829 -0.056483595721668056 -0.24774503908598916 -0.3833375926399182 -0.3332904388109639 -0.00665513110608279 -0.16858237547892718 0.041717130937962595 -0.1214574898785425 -0.14954234884620346 -0.11124260355029585 -0.14037192561487702 -0.10695844602901401 -0.2646030953569646 -0.014360313315926887 -0.078039430449069 0.10885437408734899 -0.018018018018018018 0.15547081255500145 -0.09065726517250064 -0.045274476513865305 -0.08526327917962899 -0.056619684375376456 -0.1702541651465402 0.04701806483543676 -0.11485451761102602 0.13541397988135156 -0.13361838588989844 0.11799850634802089 0.03885685635497619 -0.06274692075296304 0.06793478260869565 0.019917984768599885 0.17541794207676004 -0.037426053362308344 0.1601401226072814 -0.07051120624527826 0.2472236911686938 0.025334271639690358 0.06076810889645114 0.18724400234055 0.08365735831271356 0.12409020403293161 0.17756551555228997 0.2952487284456023 0.17459138187221396 0.29422718808193665 0.1809486881220111 0.18171729782216675 0.028176229508196714 0.0485379424647804 0.08224076281287246 0.13778550148957303 0.029891642794868594 0.13315250893847858 -0.018994554894263643 0.10094637223974763 -3.4694469519536144e-19 0.03956343792633016 0.10803427294176085 -0.07782540040604556 0.128103389638363 -0.007219347852244015 0.1098381953466399 -0.050450450450450456 0.17498138495904692 -0.04993134440144801 0.14333248016380856 -0.010516629420270802
-0.19624573378839588 -0.20546423811639275 -0.19930188041887173 -0.36416521233275156 -0.5782149712092131 -0.23840588305064644 -0.1532377656945131 -0.07734806629834254 -0.04155844155844156 -0.0683212493028444 -0.12795657231485072 -0.22508821024455528 -0.30127041742286753 -0.9828373873317693 -2.192804661768432 -0.3297256481248427 -0.2583566387002264 -0.07980435062427597 -0.23977620887171974 -0.026543727298127966 -0.082855321861058 -0.14370965777615394 -0.08652806153106597 -0.3162958508719182 -0.5047278303092256 -0.37961652297001675 -0.029282576866764276 -0.1787994891443167 0.03229713362939039 -0.13157894736842107 -0.16501224700270725 -0.1254437869822485 -0.15116976604679064 -0.13154659454143103 -0.28582126809785324 -0.030026109660574406 -0.09857612267250822 0.1075268817204301 -0.033264033264033266 0.15547081255500145 -0.10576680936791742 -0.052065647990945096 -0.08871989860583017 -0.06866642573183954 -0.1787668734038672 0.054441969809453095 -0.11995916283818273 0.12896569512509673 -0.14163548904329235 0.12098581030619866 0.023815492604662827 -0.07320474087845688 0.04755434782608696 0.005858230814294086 0.1542265128325877 -0.04104792949414463 0.13887151257350183 -0.08058423570888947 0.222104706504495 0.02674173117522871 0.04132231404958678 0.18607372732592156 0.06833981383292095 0.13005607922682255 0.16287043840313495 0.3126163007071084 0.16097077761267953 0.3066418373680943 0.17577872560423935 0.18865307254820365 0.016649590163934424 0.05327335148573459 0.09177592371871275 0.12413108242303875 0.032382613027774315 0.12945382813463197 -0.022793465873116377 0.0946372239747634 -0.0066560170394036194 0.040927694406548434 0.09313299391531107 -0.08120911346717799 0.11563314816914183 -0.02406449284081338 0.10393291602692807 -0.062462462462462454 0.1563663440059568 -0.061165896891773805 0.12669567443050933 -0.017089522807940054
-0.19746465138956606 -0.211017325633052 -0.20155387906767253 -0.40954043048283884 -0.6118042226487523 -0.23721978412999647 -0.15570934256055363 -0.07857581338244322 -0.03506493506493506 -0.0738984941438929 -0.13700400672095128 -0.2360384474996958 -0.3194192377495463 -1.2631189035683419 -2.6957182670382567 -0.39139189529322926 -0.2743374617126115 -0.10039902175312139 -0.24510456906886907 -0.04749930148086058 -0.07648183556405354 -0.1595420777006455 -0.1021511837519529 -0.3776307877330126 -0.6107845642729364 -0.4117874147471368 -0.03859976041528018 -0.1787994891443167 0.04037141703673798 -0.14893001735106998 -0.17016887972154188 -0.13254437869822486 -0.14997000599880023 -0.15121711335136465 -0.30204692960559165 -0.035248041775456915 -0.104052573932092 0.11150935882118677 -0.033264033264033266 0.1540041067761807 -0.11332158146562579 -0.05659309564233163 -0.10485078926143565 -0.08553186363088786 -0.18363127812233976 0.05691660480079188 -0.12378764675855028 0.13541397988135156 -0.14163548904329235 0.12247946228528753 0.012534469791927799 -0.09412038112944457 0.033967391304347824 -0.015231400117164617 0.1436307982105015 -0.06036460219727152 0.12260728137119983 -0.09443465122135483 0.21285034373347433 0.002814919071076699 0.042537676227515794 0.1778818022235225 0.06362672322375398 0.10977210356759337 0.1518491305412687 0.3101352189554646 0.1510648836057454 0.29298572315332094 0.18482616001033994 0.1761686780413372 0.012807377049180326 0.04617023795430331 0.0798569725864124 0.09558093346573983 0.026155187445510014 0.12575514733078536 -0.020260858553881222 0.09211356466876972 -0.003993610223642171 0.028649386084583894 0.0807152613932696 -0.09136025265057524 0.10883119827683936 -0.03248706533509806 0.08267391047596552 -0.06366366366366367 0.1365103003226607 -0.06116589689177382 0.11517788584591757 -0.026291573550677006
-0.1901511457825451 -0.20879609062638824 -0.1936718837968697 -0.43397324025596273 -0.625 -0.23721978412999647 -0.15076618882847254 -0.0748925721301412 -0.03636363636363636 -0.07110987172336866 -0.14992891301538064 -0.2518554568682322 -0.3460375075620085 -1.543400419804914 -3.20749936660755 -0.4417316889000755 -0.2929817552270609 -0.10940919037199126 -0.2584254695617424 -0.044705224923162895 -0.08030592734225621 -0.17781025453659727 -0.11296719144333614 -0.44618159951894165 -0.752619473549706 -0.44138463518208726 -0.04791694396379609 -0.18007662835249041 0.030951419728165785 -0.14025448235974552 -0.17661467062008512 -0.14437869822485205 -0.15596880623875226 -0.18072289156626506 -0.32950574138791816 -0.061357702349869446 -0.11911281489594741 0.09956192751891678 -0.04573804573804574 0.15987092989146376 -0.13346764039284814 -0.05998868138087153 -0.11867726696624037 -0.10239730152993616 -0.20430499817584824 0.05444196980945311 -0.13910158244002044 0.14315192158885737 -0.15900587920897913 0.11799850634802092 -0.0037603409375783397 -0.09412038112944457 0.02264492753623188 -0.023432923257176334 0.1318577819637391 -0.054328141977544375 0.12385837607906922 -0.10324855200201462 0.21681649920676893 -0.004222378606615067 0.03646086533787068 0.1732007021650088 0.062448450571462234 0.09306765302469874 0.15184913054126867 0.2940081875697805 0.14858841010401186 0.28553693358162635 0.17836370686312525 0.17339436815092243 0.007684426229508201 0.043802533443826216 0.07389749702026222 0.09558093346573981 0.027400672561962873 0.14671433855258292 -0.01266303659617576 0.11104100946372239 0.0013312034078807253 0.04774897680763983 0.06705575561902397 -0.09474396571170765 0.09636095680761816 -0.04331608711346409 0.06613912838077242 -0.05765765765765766 0.1290642839414247 -0.046186493571339415 0.10621960583567955 -0.011831208097804654
-0.18893222818137495 -0.21545979564637938 -0.18353788987726607 -0.445607911576498 -0.6273992322456814 -0.24552247657454637 -0.1495304003954523 -0.08103130755064457 -0.04025974025974026 -0.07668711656441717 -0.15380638490370946 -0.27497262440686215 -0.36539624924379915 -1.7928139276453883 -3.686344058778819 -0.5071734205889756 -0.3009721667332534 -0.1338653623374952 -0.25709337951245503 -0.06705783738474434 -0.07775653282345443 -0.19729630982827914 -0.1249849777670953 -0.5279615153337341 -0.9238435982622029 -0.47998970531463125 -0.05856515373352855 -0.19157088122605365 0.02556856412326739 -0.14459224985540775 -0.18821709423746297 -0.15976331360946744 -0.16076784643071385 -0.2114580772067863 -0.35197204193709436 -0.10313315926892949 -0.12595837897042717 0.0716845878136201 -0.04712404712404712 0.1364036374303315 -0.16368672878368168 -0.08036219581211093 -0.13826477704804702 -0.11444404288639923 -0.2152499087924115 0.03711952487008167 -0.14931087289433384 0.11993809646633995 -0.16969535008017103 0.11053024645257654 -0.012534469791927804 -0.10690216128282592 0.015851449275362323 -0.038664323374340955 0.12714857546503416 -0.0712302305927804 0.10509195546102838 -0.13094938302694537 0.19169751454257006 -0.022519352568613652 0.03038405444822557 0.1579871269748391 0.04123954283021091 0.0739768524042477 0.12858192505510652 0.27540007443245257 0.12506191183754334 0.27436374922408446 0.15639136616259533 0.16507143847967817 -0.0012807377049180342 0.034331715401917845 0.05840286054827175 0.08068520357497516 0.017436791630340016 0.13808408334360744 -0.018994554894263643 0.09589905362776024 0.0026624068157614497 0.0354706684856753 0.06705575561902397 -0.10038348748026167 0.09522729849223444 -0.044519311755504755 0.07086335183654188 -0.06846846846846848 0.11913626209977664 -0.04993134440144801 0.09854108011261838 -0.014460365452872354
-0.19137006338371526 -0.20990670812972012 -0.1914198851480689 -0.44328097731239097 -0.6393953934740882 -0.24433637765389632 -0.15323776569451308 -0.08225905463474525 -0.05194805194805195 -0.07250418293363078 -0.15639136616259533 -0.28592286166200265 -0.3774954627949184 -2.020002469440672 -4.134785913351913 -0.5650641832368487 -0.31295778399254226 -0.16604453597631613 -0.27041428000532836 -0.08661637328862812 -0.08667941363926067 -0.20582145901839 -0.13580098545847855 -0.6313890559230306 -1.1423460260669565 -0.5353236391712778 -0.08119259949421004 -0.21455938697318006 0.0013457139012246016 -0.15615962984384038 -0.19466288513600621 -0.18579881656804734 -0.16796640671865626 -0.23358741086796164 -0.3831752371442836 -0.15013054830287204 -0.13143483023001096 0.046462232842161166 -0.060984060984060985 0.12760340275740684 -0.17627801561319567 -0.0939445387662705 -0.14748242885125015 -0.1385375255993254 -0.23349142648668372 0.002474634991338777 -0.16207248596222562 0.09156564353881866 -0.1884019241047568 0.0970873786407767 -0.025068939583855598 -0.10690216128282592 0.006793478260869566 -0.04569420035149385 0.1177301624676242 -0.0833031510322347 0.08757662955085699 -0.14354066985645936 0.16261237440507667 -0.03237156931738212 0.017015070491006323 0.15096547688706846 0.017674089784376106 0.0751700274430259 0.10041636051922605 0.26423520655005583 0.10153541357107479 0.25450031036623216 0.12924906294429367 0.15674850880843388 -0.008965163934426233 0.031964010891440756 0.05244338498212157 0.06703078450844091 0.00871839581517001 0.11959067932437431 -0.027858680511586676 0.07823343848580441 -0.006656017039403622 0.019099590723055938 0.058363342853594936 -0.10038348748026167 0.09069266523069945 -0.05294188424978944 0.06850124010865714 -0.09729729729729729 0.10424422933730455 -0.07240044938209962 0.08190427437931917 -0.03286446693834626
-0.18283764017552415 -0.19657929808973792 -0.18353788987726602 -0.4141942990110531 -0.5986084452975049 -0.21112560787569684 -0.14829461196243202 -0.06261510128913444 -0.04285714285714286 -0.06134969325153374 -0.15509887553315238 -0.28835624771870055 -0.3932244404113733 -2.1471786640325967 -4.403344312135799 -0.5763906367983892 -0.3209481954987349 -0.16089586819410479 -0.277074730251765 -0.0726459905001397 -0.09050350541746335 -0.21921812203142127 -0.1550294435764932 -0.767288033674083 -1.495016611295681 -0.5636340239351434 -0.10382004525489152 -0.21200510855683272 -0.013457139012245998 -0.14314632735685368 -0.20368699239396673 -0.18698224852071008 -0.1775644871025795 -0.25079911482665357 -0.42186719920119825 -0.1671018276762402 -0.1451259583789704 0.04247975574140449 -0.05682605682605683 0.12320328542094454 -0.19012843112566105 -0.10186757215619693 -0.15670008065445332 -0.15299361522708108 -0.24565243828286515 -0.006186587478346945 -0.17866258295048493 0.09156564353881866 -0.1977552111170497 0.10455563853622105 -0.025068939583855605 -0.10690216128282595 0.01358695652173913 -0.04452255418863504 0.12008476571697668 -0.07847398285645298 0.09508319779807331 -0.13724502644170236 0.16922263352723427 -0.0211118930330753 0.012153621779290224 0.15681685196021064 0.017674089784376103 0.08113590263691683 0.09306882194464855 0.2567919612951247 0.09286775631500743 0.25946617008069517 0.12537159105596488 0.1706200582605077 -0.007684426229508198 0.030780158636202204 0.04648390941597139 0.07199602780536246 0.019927761863245734 0.12575514733078536 -0.021527162213498797 0.08706624605678233 -0.007987220447284343 0.023192360163710776 0.05587979634918665 -0.10489510489510492 0.08162339870762952 -0.051738659607748774 0.05787173733317587 -0.09729729729729732 0.08562918838421446 -0.07489701660217202 0.07038648579472742 -0.024976994873143157
-0.1718673817649927 -0.1876943580630831 -0.16326990203805877 -0.3757998836532868 -0.5422264875239924 -0.18265923378009724 -0.1334651507661888 -0.04788213627992634 -0.03636363636363636 -0.04880089235917457 -0.14992891301538064 -0.2737559313785132 -0.3847549909255898 -2.2422521298925795 -4.536356726627818 -0.5839416058394161 -0.31029431349047815 -0.16604453597631613 -0.269082189956041 -0.08521933500977927 -0.10579987253027405 -0.22652539276580197 -0.17906501622401153 -0.9284425736620566 -1.870687452082801 -0.5945180800411787 -0.11446825502462399 -0.21583652618135374 -0.018839994617144397 -0.13880855986119142 -0.20884362511280136 -0.1905325443786982 -0.1943611277744451 -0.27661667076469143 -0.4518222666000999 -0.18668407310704963 -0.15881708652792986 0.04115226337448559 -0.06514206514206514 0.12760340275740684 -0.19894233190632082 -0.10299943406904358 -0.16015670008065447 -0.16263100831225155 -0.24565243828286515 -0.013610492452363277 -0.18121490556406328 0.0902759865875677 -0.1950828433992517 0.1075429424943988 -0.04011030333416896 -0.10109226121310715 6.938893903907229e-19 -0.04217926186291741 0.11302095596891926 -0.07847398285645296 0.08882772425872638 -0.13724502644170233 0.1560021152829191 -0.016889514426460243 0.01336898395721925 0.1579871269748391 0.024743725698126547 0.08113590263691685 0.09796718099436688 0.23942438903361865 0.0903912828132739 0.2520173805090006 0.11761664727930721 0.18171729782216675 -0.014088114754098362 0.029596306380963656 0.03814064362336114 0.07944389275074479 0.02241873209615145 0.13315250893847858 -0.018994554894263646 0.08958990536277603 -0.015974440894568686 0.02455661664392906 0.03601142431392028 -0.09474396571170765 0.07368779049994331 -0.042112862471423415 0.04488012282980985 -0.07327327327327328 0.06577314470091836 -0.057421046061665204 0.05502943434860506 -0.0105166294202708
-0.14748902974158948 -0.1799200355397601 -0.1430019141988515 -0.3339150668993601 -0.461852207293666 -0.15537895860514767 -0.11863568956994561 -0.030693677102516886 -0.023376623376623374 -0.034857780256553256 -0.14863642238593772 -0.25793892200997687 -0.3666061705989111 -2.290406222990493 -4.50468710412972 -0.5700981625975333 -0.30629910773738184 -0.15703436735744628 -0.273078460103903 -0.09080748812517464 -0.10579987253027405 -0.2350505419559128 -0.18267035212113927 -1.1136500300661456 -2.254025044722719 -0.6202547934628748 -0.12112338613070679 -0.21966794380587484 -0.026914278024491995 -0.14170040485829957 -0.2075544669330927 -0.1775147928994083 -0.18836232753449308 -0.2925989672977625 -0.4680479281078382 -0.19843342036553527 -0.14923329682365827 0.04247975574140449 -0.04989604989604989 0.1378703432091522 -0.20271971795517502 -0.09847198641765703 -0.14402580942504897 -0.1746777496687146 -0.23227532530706557 -0.023509032417718387 -0.1799387442572741 0.0825380448800619 -0.19241047568145378 0.0970873786407767 -0.03885685635497618 -0.10109226121310715 0.011322463768115942 -0.04569420035149385 0.11066635271956675 -0.08088856694434383 0.08507444013511822 -0.1397632838076051 0.14410364886303545 -0.022519352568613656 0.024307243558580455 0.16383850204798128 0.043596088134794396 0.08590860279202961 0.10898848885623318 0.2567919612951247 0.08915304606240712 0.2631905648665425 0.11632415664986429 0.19004022749341098 -0.006403688524590165 0.027228601870486563 0.050059594755661505 0.08068520357497518 0.041101008842944334 0.13808408334360744 -0.01013042927694061 0.0946372239747634 -0.005324813631522895 0.021828103683492504 0.03352787780951198 -0.08233701782088879 0.0782224237614783 -0.03729996390326074 0.04133695523798276 -0.05645645645645647 0.06453214197071233 -0.039945075521158405 0.05119017148707448 0.0013145786775338494
-0.12798634812286694 -0.1599289204797868 -0.1283639229816462 -0.2745782431646306 -0.3910748560460653 -0.10200450717589846 -0.10504201680672268 -0.007366482504604049 -0.011688311688311682 -0.009760178471834911 -0.14475895049760892 -0.24333860566978954 -0.35329703569267995 -2.2496604519076433 -4.280466176843173 -0.5449282657941102 -0.2956452257291251 -0.14673703179302355 -0.26908218995604105 -0.0824252584520816 -0.09305289993626513 -0.23870417732310317 -0.18627568801826702 -1.3241130487071557 -2.6194735497061075 -0.6562861922532492 -0.12910954345800613 -0.22477650063856958 -0.03633427533306419 -0.14603817235396183 -0.2127110996519273 -0.18343195266272191 -0.1859628074385123 -0.2999754118514876 -0.5017473789316026 -0.21932114882506532 -0.17524644030668127 0.035842293906810034 -0.04573804573804575 0.1437371663244353 -0.2140518761017376 -0.09281267685342387 -0.14172139647424817 -0.16022166004095892 -0.2395719323847744 -0.018559762435040834 -0.18504338948443083 0.09156564353881867 -0.1990913949759487 0.10455563853622105 -0.032589621459012286 -0.09412038112944458 0.020380434782608696 -0.04803749267721149 0.11302095596891923 -0.08088856694434383 0.09258100838233453 -0.1397632838076051 0.14542570068746694 -0.021111893033075303 0.023091881380651436 0.16149795201872444 0.036526452221043955 0.09187447798592054 0.10041636051922606 0.2567919612951247 0.07057949479940565 0.2569832402234637 0.09435181594933437 0.190040227493411 -0.010245901639344263 0.036699419912394934 0.05125148986889153 0.08192651439920555 0.04608294930875577 0.15534459376155837 -0.013929340255793338 0.11104100946372239 -0.007987220447284343 0.04092769440654842 0.03973674407053272 -0.07444168734491315 0.08389071533839701 -0.048128985681626754 0.04133695523798275 -0.05645645645645647 0.059568131049888305 -0.028710523030832602 0.04351164576401331 0.00920205074273695
-0.11457825450999515 -0.13660595290981786 -0.10922193446683932 -0.23734729493891799 -0.33349328214971213 -0.06997983631834896 -0.09268413247652002 0.008594229588704724 -0.0012987012987012967 0.0027886224205242614 -0.14217396923872302 -0.2117045869327169 -0.337568058076225 -2.0928509692554638 -3.9333671142639988 -0.4920714825069217 -0.3009721667332535 -0.11198352426309692 -0.2730784601039031 -0.057278569432802476 -0.0841300191204589 -0.23626842041164292 -0.18867924528301885 -1.523752254960914 -3.0066445182724246 -0.6627203706086733 -0.12511646479435648 -0.22222222222222224 -0.03364284753061499 -0.14603817235396183 -0.2127110996519273 -0.16804733727810653 -0.18356328734253152 -0.30489304155397096 -0.526709935097354 -0.2245430809399478 -0.17935377875136913 0.04247975574140449 -0.03603603603603604 0.15693751833382225 -0.21908839083354317 -0.07243916242218448 -0.12443829934324233 -0.14094687387061802 -0.24443633710324697 0.006186587478346939 -0.1927003573251659 0.11348981171008513 -0.2030999465526456 0.1239731142643764 -0.022562045625470047 -0.08366256100395073 0.02717391304347826 -0.030462800234329235 0.12126206734165293 -0.06277918628516238 0.10759414487676718 -0.13094938302694534 0.15335801163405605 -0.014074595355383534 0.032814778804083615 0.18841427735517852 0.05184399670083658 0.0966471781410333 0.09796718099436688 0.29028656494231486 0.0656265477959386 0.2780881440099317 0.08401189091379088 0.21639617145235118 -0.01280737704918033 0.04735409020954186 0.05840286054827175 0.08813306852035749 0.04981940465811434 0.16027616816668724 -0.02026085855388122 0.11608832807570976 -0.009318423855165067 0.030013642564802184 0.045945610331553456 -0.05865102639296188 0.09182632354608321 -0.04331608711346408 0.04015589937404039 -0.032432432432432434 0.0570861255894763 -0.007489701660217199 0.03199385717942155 0.023662416195609305
-0.10726474890297417 -0.11328298533984896 -0.09458394324963407 -0.1908086096567772 -0.2807101727447217 -0.04388566006404934 -0.08032624814631736 0.019643953345610803 -0.0025974025974025957 0.005577244841048523 -0.13571151609150833 -0.18250395425234214 -0.3109497882637628 -1.8619582664526484 -3.533063085888016 -0.4404731940599045 -0.2929817552270609 -0.0978246878620157 -0.2717463700546157 -0.05588153115395361 -0.08030592734225621 -0.23139690658872247 -0.18747746665064294 -1.7318099819603128 -3.411704574495272 -0.6691545489640973 -0.13709570078530547 -0.21711366538952745 -0.05382855604898399 -0.13736263736263735 -0.21528941601134463 -0.15384615384615385 -0.19196160767846432 -0.3110400786820752 -0.5928607089365951 -0.22976501305483032 -0.21084337349397592 0.04380724810832337 -0.05128205128205129 0.1628043414491053 -0.22286577688239734 -0.06677985285795132 -0.12328609286784191 -0.1385375255993254 -0.2541651465401921 -0.00371195248700817 -0.19652884124553344 0.11606912561258705 -0.2071084981293426 0.10903659447348768 -0.01504136375031336 -0.07552870090634442 0.041893115942028984 -0.026947861745752782 0.11890746409230044 -0.07364481468067126 0.10634305016889778 -0.13346764039284814 0.14806980433632996 -0.02674173117522871 0.04010695187165776 0.19777647747220595 0.06951808648521268 0.0954540031022551 0.10164095028165562 0.289046024066493 0.06438831104507182 0.2743637492240844 0.07237947524880445 0.21362186156193644 -0.01408811475409836 0.052089499230496036 0.05840286054827175 0.10178748758689175 0.05231037489102006 0.16644063617309826 -0.02532607319235152 0.12870662460567822 -0.013312034078807239 0.030013642564802177 0.047187383583757604 -0.03609293931874577 0.09636095680761818 -0.016845144988569365 0.030707452462501478 -0.00840840840840841 0.048399106478034255 0.011234552490325803 0.008958280010238035 0.03680820297094781
-0.09751340809361289 -0.11106175033318526 -0.08444994933003043 -0.1489237929028505 -0.24112284069097883 -0.03558296761949946 -0.08032624814631735 0.01596071209330878 -0.005194805194805194 -0.001394311210262128 -0.12278660979707896 -0.16425355882710793 -0.29885057471264365 -1.6051364365971108 -3.0985558652140863 -0.38258243141203124 -0.28632307897190035 -0.07594284978761745 -0.2757426402024777 -0.034925956971221014 -0.082855321861058 -0.24479356960175375 -0.20069703160677804 -1.981960312687913 -3.8410426782519798 -0.6961780980568781 -0.14641288433382135 -0.23243933588761173 -0.07266855066612837 -0.1474840948525159 -0.21915689055047055 -0.1668639053254438 -0.19916016796640673 -0.35406933857880496 -0.6565152271592611 -0.26109660574412535 -0.22453450164293542 0.027877339705296694 -0.04851004851004851 0.14667057788207685 -0.22412490556534878 -0.07130730050933785 -0.13019933172024428 -0.14937959282014215 -0.269974461875228 -0.024746349913387776 -0.1978050025523226 0.09543461439257157 -0.20042757883484769 0.09410007468259896 -0.008774128854349455 -0.08714850104578202 0.05434782608695652 -0.03397773872290568 0.12008476571697668 -0.07002293854883497 0.11510071312398348 -0.12591286829513976 0.15203595980962453 -0.014074595355383532 0.03889158969372873 0.19075482738443536 0.08130081300813008 0.10261305333492424 0.1126622581435219 0.2878054831906711 0.08048538880633978 0.27684667908131594 0.07884192839601913 0.20946039672631428 -0.01408811475409836 0.0485379424647804 0.06555423122765197 0.11916583912611718 0.05231037489102006 0.16150906176796942 -0.03292389515005698 0.11861198738170345 -0.014643237486687962 0.021828103683492493 0.058363342853594936 -0.040604556733588995 0.09862827343838568 -0.019251594272650704 0.038974843510098035 -0.015615615615615617 0.04964010920824026 -1.3877787807814458e-18 0.00639877143588431 0.02497699487314316
-0.08898098488542176 -0.10439804531319415 -0.0574259655444207 -0.14194299011052935 -0.20033589251439538 -0.03914126438144941 -0.07414730598121601 0.011049723756906077 -0.0025974025974025965 -0.009760178471834913 -0.11244668476153548 -0.1460031634018737 -0.2601330913490623 -1.3594270897641685 -2.6146440334431214 -0.3435690913667254 -0.2623518444533227 -0.0669326811687476 -0.25442919941388037 -0.0447052249231629 -0.0841300191204589 -0.24479356960175372 -0.20910948203340946 -2.2357185808779314 -4.2346026066956295 -0.7129069617809807 -0.16371622520963663 -0.24393358876117496 -0.07535997846857759 -0.1648351648351648 -0.21657857419105325 -0.16804733727810653 -0.19556088782243553 -0.40447504302925985 -0.7064403394907639 -0.27937336814621405 -0.2122124863088719 0.02920483207221558 -0.02772002772002772 0.13347022587268992 -0.209015361369932 -0.08941709111488398 -0.12213388639244153 -0.16383568244789787 -0.261461753617901 -0.047018064835436774 -0.18631955079122 0.07737941707505804 -0.17904863709246394 0.08065720687079911 0.00877412885434946 -0.09179642110155704 0.06340579710144928 -0.02929115407147042 0.13068048033906288 -0.08571773512012557 0.11635180783185287 -0.14102241249055653 0.14674775251189845 -0.025334271639690358 0.03646086533787069 0.18256290228203628 0.08601390361729704 0.09306765302469872 0.12000979671809944 0.29648926932142416 0.08543833580980684 0.27808814400993176 0.08271940028434793 0.20668608683589956 -0.0012807377049180336 0.043802533443826216 0.08224076281287247 0.09930486593843099 0.06476522605554864 0.1343854025397608 -0.02405976953273395 0.10094637223974764 -0.007987220447284345 -0.004092769440654845 0.05712156960139079 -0.03609293931874577 0.1020292483845369 -0.015641920346528698 0.04842329042163694 -0.008408408408408414 0.04467609828741624 -0.0074897016602172 0.003839262861530585 0.013145786775338503
-0.07557289127254999 -0.09107063527321191 -0.047291971624817034 -0.1303083187899942 -0.17514395393474091 -0.028466374095599566 -0.06302521008403361 0.013505217925107426 -0.0025974025974025983 -0.011154489682097042 -0.09435181594933437 -0.11071906557975422 -0.22625529340592862 -1.1186566242746019 -2.1434000506713957 -0.2705763906367984 -0.253029697696098 -0.03217917363882096 -0.27041428000532836 -0.027940765576976816 -0.0815806246016571 -0.24479356960175372 -0.22353082562192045 -2.467829224293445 -4.559161768464094 -0.7180543044653198 -0.16904033009450287 -0.25159642401021715 -0.08612568967837439 -0.16917293233082703 -0.21013278329251003 -0.16331360946745563 -0.20995800839832035 -0.43889845094664376 -0.7975536694957563 -0.27676240208877284 -0.22042716319824757 0.037169786273728925 -0.04712404712404712 0.1364036374303315 -0.19390581717451522 -0.08149405772495755 -0.10715520221223644 -0.1710637272617757 -0.26754225951599175 -0.047018064835436774 -0.19014803471158753 0.08382770183131286 -0.18172100481026193 0.07468259895444361 0.00877412885434946 -0.08598652103183824 0.05321557971014492 -0.026947861745752782 0.1177301624676242 -0.0833031510322347 0.10759414487676718 -0.13346764039284814 0.14013749338974085 -0.012667135819845179 0.04010695187165776 0.18139262726740782 0.09661835748792272 0.09545400310225509 0.12858192505510654 0.3014514328247116 0.09286775631500743 0.27808814400993176 0.09047434406100555 0.20946039672631436 0.001280737704918033 0.05445720374097314 0.09415971394517283 0.11047666335650448 0.06974716652136007 0.14918012575514733 -0.029124984171204255 0.11735015772870663 -0.02795527156549521 0.012278308321964528 0.06333043586241152 -0.031581321903902546 0.09749461512300192 -0.014438695704488028 0.04369906696586749 0.004804804804804806 0.04343509555721023 -0.0012482836100361986 -0.015357051446122344 0.021033258840541608
-0.062164797659678195 -0.08551754775655265 -0.041661975002814995 -0.11751018033740548 -0.1511516314779271 -0.022535879492349663 -0.05190311418685121 0.01841620626151013 0.00909090909090909 -0.008365867261572782 -0.07625694713713325 -0.09733544226791581 -0.20810647307924984 -0.8988764044943821 -1.6822903470990624 -0.2252705763906368 -0.21973631642029562 -0.012871669455528378 -0.25709337951245503 -0.013970382788488406 -0.06755895474824729 -0.25210084033613445 -0.24636461963706285 -2.6927239927841247 -4.763608484538716 -0.7051859477544719 -0.15573006788233731 -0.24776500638569607 -0.074014264567353 -0.1648351648351648 -0.20368699239396676 -0.1514792899408284 -0.22435512897420518 -0.4991394148020654 -0.9123814278582125 -0.27676240208877284 -0.2286418400876232 0.04115226337448559 -0.05682605682605683 0.13640363743033146 -0.19894233190632082 -0.08149405772495755 -0.1278949187694435 -0.17949644621129987 -0.28335157485102763 -0.05444196980945311 -0.19908116385911181 0.09285530049006965 -0.17904863709246394 0.07468259895444361 0.0188017046878917 -0.08714850104578202 0.04076086956521739 -0.03163444639718806 0.12126206734165294 -0.086925027164071 0.11635180783185287 -0.12591286829513978 0.15864621893178216 -0.0014074595355383524 0.05347593582887701 0.18490345231129315 0.10368799340167315 0.09426082806347691 0.14817536125397993 0.29897035107306785 0.11267954432887568 0.28429546865301053 0.11373917539097841 0.2177833263975586 0.011526639344262296 0.05800876050668878 0.08343265792610251 0.12040714995034758 0.07722007722007722 0.16274195536925162 -0.020260858553881225 0.12996845425867506 -0.021299254526091587 0.0286493860845839 0.0782317148888613 -0.038348748026167376 0.09749461512300192 -0.016845144988569365 0.060233849061060586 0.0012012012012011964 0.06577314470091836 -0.0024965672200723973 0.00511901714870745 0.018404101485473907
-0.059726962457337884 -0.07774322523322968 -0.034905979056412566 -0.11401977894124489 -0.1451535508637236 -0.013047088127149803 -0.044488383588729606 0.015960712093308776 0.0025974025974025957 -0.0013943112102621266 -0.06074705958381802 -0.08516851198442633 -0.18027828191167575 -0.7210766761328558 -1.3326577147200402 -0.1975836899068714 -0.18644293514449328 -0.002574333891105676 -0.24643665911815643 -0.008382229673093045 -0.06118546845124283 -0.24601144805748384 -0.23314505468092778 -2.8033674082982563 -4.605162279580884 -0.6871702483592845 -0.13842672700652203 -0.25031928480204346 -0.06728569506123 -0.17206477732793518 -0.2088436251128014 -0.15384615384615385 -0.2483503299340132 -0.7646914187361692 -1.1732401397903145 -0.3067885117493473 -0.23548740416210295 0.02256737023762113 -0.07068607068607069 0.13200352009386915 -0.18886930244270966 -0.07470288624787776 -0.1267427122940431 -0.1975665582459945 -0.2979447890064454 -0.07176441474882456 -0.18887187340479838 0.08769667268506577 -0.16435061464457512 0.08065720687079911 0.02005515166708448 -0.08366256100395073 0.04076086956521739 -0.03163444639718806 0.11537555921827174 -0.09658336351563443 0.1138496184161141 -0.13472676907579956 0.16129032258064516 -0.005629838142153415 0.04982984929508994 0.18256290228203625 0.09779663014021445 0.08948812790836415 0.15307372030369826 0.28408386056320556 0.11391778107974244 0.2681564245810056 0.10986170350264961 0.21084755167152172 0.008965163934426233 0.05327335148573459 0.07866507747318237 0.10675273088381332 0.06725619628845436 0.15781038096412278 -0.01772825123464607 0.12113564668769716 -0.011980830670926517 0.03137789904502046 0.08444058114988204 -0.040604556733588995 0.11223217322299059 -0.014438695704488028 0.08149285461202316 -0.015615615615615622 0.08438818565400845 -0.007489701660217199 0.01919631430765293 0.006572893387669249
-0.06338371526084836 -0.06885828520657486 -0.04503997297601622 -0.1082024432809773 -0.1379558541266795 0.01067489028584984 -0.03954522985664854 0.02332719459791283 0.005194805194805194 0.004182933630786395 -0.055577097066046265 -0.07543496775763475 -0.16696914700544468 -0.5692060748240524 -1.070433240435774 -0.1547948653410521 -0.17845252363830072 0.011584502509975544 -0.24377247901958174 0.008382229673093043 -0.044614404079031236 -0.23261478504445257 -0.20910948203340946 -2.829825616355983 -4.412215691285458 -0.6434178355424012 -0.1304405696792227 -0.23116219667943808 -0.06324855335755618 -0.16483516483516483 -0.19595204331571484 -0.1550295857988166 -0.2555488902219556 -1.1076960904843864 -1.4777833250124814 -0.31331592689295035 -0.24233296823658268 0.013274923669188907 -0.07068607068607069 0.11880316808448224 -0.1762780156131957 -0.07696661007357102 -0.1255905058186427 -0.21322732200939648 -0.336860026754226 -0.07176441474882454 -0.1939765186319551 0.0941449574413206 -0.1643506146445751 0.08961911874533234 0.031336174479819505 -0.08017662096211946 0.041893115942028984 -0.03632103104862332 0.10124793972215682 -0.08933961125196185 0.09883648192168146 -0.12087635356333418 0.15468006345848756 0.005629838142153415 0.04618376276130287 0.1837331772966647 0.09190526687875576 0.09426082806347691 0.13715405339211365 0.3002108919488897 0.11144130757800892 0.2743637492240844 0.11503166602042136 0.2039117769454848 0.003842213114754099 0.05090564697525749 0.07032181168057211 0.08440913604766632 0.05604683024037862 0.15411170016027614 -0.022793465873116377 0.12492113564668768 -0.00931842385516507 0.040927694406548434 0.0968583136719235 -0.04398826979472141 0.11336583153837435 -0.027674166766935383 0.09212235738750443 -0.015615615615615617 0.08935219657483247 -0.0024965672200724016 0.017916560020476063 0.009202050742736953
-0.07191613846903949 -0.0633051976899156 -0.051795968922418646 -0.11169284467713787 -0.1343570057581574 0.017791483809749736 -0.03213049925852694 0.017188459177409455 0.003896103896103896 0.006971556051310656 -0.04006720951273103 -0.055967879304051595 -0.15124016938898974 -0.4000493888134337 -0.8474790980491512 -0.08054366977095391 -0.1584764948728193 0.045050843094349334 -0.23311575862528308 0.03772003352891869 -0.04461440407903123 -0.20947509438558037 -0.21391659656291312 -2.754058929645219 -4.119601328903654 -0.5829365590014155 -0.12245441235192334 -0.1966794380587484 -0.06997712286367919 -0.14025448235974552 -0.18821709423746294 -0.1562130177514793 -0.27714457108578283 -1.530612244897959 -1.7773339990014976 -0.31331592689295035 -0.25602409638554213 0.011947431302270009 -0.0984060984060984 0.12613669697858612 -0.17124150088139006 -0.07130730050933785 -0.13826477704804702 -0.2156366702806891 -0.3806396692204792 -0.06062855728780005 -0.20673813169984684 0.10704152695383029 -0.173703901656868 0.10903659447348768 0.0313361744798195 -0.07785266093423196 0.029438405797101448 -0.04452255418863503 0.08829762185071814 -0.07243752263672582 0.09132991367446515 -0.0994711659531604 0.14806980433633 0.03237156931738212 0.038891589693728724 0.1895845523698069 0.0813008130081301 0.07994272759813864 0.12368356600538821 0.2989703510730679 0.11144130757800892 0.2793296089385474 0.11244668476153548 0.21362186156193647 -0.002561475409836065 0.06511187403812005 0.06078665077473182 0.09433962264150943 0.043591979075850044 0.16767352977438046 -0.029124984171204255 0.13501577287066246 -0.017305644302449415 0.05729877216916781 0.10058363342853593 -0.0417324610872998 0.10883119827683936 -0.014438695704488025 0.10157080429904335 0.008408408408408402 0.08811119384462644 0.012482836100362008 0.010238034297414891 0.027606152228210855
-0.0780107264748903 -0.053309640159928916 -0.05855196486882107 -0.11518324607329841 -0.12955854126679464 0.023721978412999646 -0.022244191794364807 0.02578268876611418 0.00909090909090909 0.013943112102621308 -0.028434793847744604 -0.03771748387881738 -0.1415607985480944 -0.2765773552290406 -0.6321256650620726 -0.03272086584445004 -0.1371687308563058 0.056635345604324885 -0.22512321832955906 0.04610226320201173 -0.0509878903760357 -0.19729630982827914 -0.2199254897247927 -2.5844858689116057 -3.7873754152823915 -0.5391841461845323 -0.1104751763609743 -0.19029374201787996 -0.06324855335755619 -0.13302486986697512 -0.20110867603454943 -0.15976331360946747 -0.31073785242951407 -1.9904106220801574 -2.126809785322017 -0.31201044386422977 -0.25602409638554213 0.017257400769945575 -0.12058212058212059 0.12026987386330304 -0.16116847141777893 -0.07470288624787776 -0.14748242885125015 -0.2578002650283099 -0.42198710932749606 -0.0754763672358327 -0.1990811638591118 0.09414495744132059 -0.16568679850347406 0.1015683345780433 0.025068939583855605 -0.08598652103183825 0.020380434782608692 -0.04803749267721148 0.07770190722863198 -0.08209585898828926 0.08007006130364068 -0.10828506673382018 0.14013749338974088 0.03237156931738212 0.024307243558580452 0.19309537741369223 0.0695180864852127 0.08113590263691685 0.12245897624295861 0.31757846421039576 0.12010896483407627 0.2929857231533209 0.12149411916763604 0.22471910112359553 1.3877787807814458e-18 0.05919261276192731 0.057210965435041714 0.08813306852035749 0.03736455349358576 0.16397484897053383 -0.01646194757502849 0.13123028391167194 -0.013312034078807242 0.04638472032742155 0.09064944741090276 -0.03834874802616739 0.09636095680761818 0.0024064492840813376 0.10038974843510098 0.0072072072072072 0.09183420203524448 0.0074897016602172035 0.011517788584591758 0.023662416195609305
-0.08654314968308141 -0.059973345179920035 -0.07318995608602634 -0.1082024432809773 -0.1355566218809981 0.01660538488909975 -0.02842313395946614 0.02701043585021486 -1.3877787807814458e-18 0.0181260457334077 -0.02714230321830166 -0.04623433507726001 -0.13188142770719902 -0.21237189776515616 -0.4737775525715734 -0.02139441228290963 -0.11452923158876016 0.04247650920324366 -0.21846276808312243 0.03073484213467449 -0.05608667941363926 -0.19120691754962854 -0.21391659656291312 -2.3776307877330125 -3.3759263991822124 -0.5018659117230729 -0.10648209769732464 -0.17496807151979565 -0.06459426725878079 -0.12434933487565066 -0.2023978342142581 -0.1834319526627219 -0.33713257348530296 -2.478485370051635 -2.4912631053419867 -0.3263707571801566 -0.25602409638554213 0.00796495420151334 -0.14137214137214135 0.10120269873863304 -0.1573910853689247 -0.09168081494057725 -0.16591773245765645 -0.33008071316708837 -0.4864404718472577 -0.11507052709725316 -0.21311893823379274 0.07351044622130512 -0.17103153393907006 0.08663181478715459 0.011281022812735022 -0.09528236114338832 0.010190217391304343 -0.05741066198008201 0.06239698610784082 -0.095376071471689 0.057550356561991735 -0.11583983883152857 0.13088313061872023 0.03237156931738212 0.014584346135148274 0.17437097717963723 0.06598326852833747 0.0859086027920296 0.12000979671809944 0.30517305545217716 0.12258543833580982 0.2842954686530105 0.12537159105596485 0.2177833263975586 -0.011526639344262297 0.052089499230496036 0.042908224076281296 0.07820258192651439 0.023664217212604303 0.15904327456540499 -0.021527162213498797 0.1337539432176656 -0.022630457933972312 0.05320600272851297 0.08195703464547374 -0.05413940897811866 0.08389071533839701 -0.004812898568162674 0.09920869257115861 -0.014414414414414416 0.08562918838421445 -0.018724254150543 0.017916560020476063 0.00920205074273695
-0.07922964407606045 -0.07441137272323411 -0.07994595203242878 -0.11052937754508436 -0.1367562380038388 0.010674890285849838 -0.02718734552644587 0.02578268876611418 0.007792207792207792 0.02370329057445622 -0.04006720951273103 -0.04136756296386422 -0.13430127041742285 -0.16792196567477466 -0.3863693944768178 0.005033979360684625 -0.11186576108669596 0.04891234393100786 -0.21579858798454774 0.03911707180776753 -0.06373486297004462 -0.18998903909389844 -0.21391659656291312 -2.1358989777510518 -2.9223102478916436 -0.4594003345772745 -0.09317183548515906 -0.16985951468710087 -0.05382855604898399 -0.1229034123770966 -0.21013278329251 -0.20236686390532546 -0.3635272945410918 -2.9419719695106954 -2.841987019470794 -0.3420365535248041 -0.2491785323110624 -0.00530996946767556 -0.1483021483021483 0.08653564095042533 -0.1485771845882649 -0.09960384833050366 -0.17743979721166037 -0.43850138537525607 -0.5679192508816733 -0.13486760702796335 -0.2105666156202144 0.06319319061129738 -0.14965259219668628 0.08961911874533234 0.010027575833542243 -0.11038810132465722 -0.005661231884057971 -0.07850029291154072 0.052978573110430895 -0.10020523964747072 0.060052545977730507 -0.11458071014857718 0.13881544156530934 0.046446164672765654 0.012153621779290228 0.16968987712112346 0.048309178743961366 0.0847154277532514 0.10898848885623316 0.31385684158293015 0.12134720158494303 0.2917442582247052 0.1331265348326225 0.23165487584963235 -0.010245901639344265 0.036699419912394934 0.030989272943980933 0.06082423038728897 0.008718395815170013 0.1430156577487363 -0.025326073192351528 0.1198738170347003 -0.015974440894568693 0.04502046384720327 0.07078107537563641 -0.06993006993006992 0.06915315723840833 -0.01564192034652869 0.08621707806779261 -0.018018018018018018 0.0794241747331844 -0.026213955810760203 0.015357051446122344 0.0078874720652031
-0.08654314968308141 -0.06885828520657486 -0.07881995270802837 -0.09889470622454916 -0.1307581573896353 0.028466374095599566 -0.02347998022738507 0.04419889502762431 0.01038961038961039 0.047406581148912434 -0.03489724699495928 -0.03406740479377053 -0.1149425287356322 -0.11729843190517346 -0.30782873068153027 0.03901334004530582 -0.09588493807431082 0.05534817865877205 -0.20780604768882377 0.03911707180776754 -0.05353728489483748 -0.1729387407136768 -0.18747746665064294 -1.850871918220084 -2.4150268336314853 -0.4027795650495432 -0.07187541594569413 -0.15453384418901658 -0.03364284753061499 -0.10266049739733948 -0.21657857419105325 -0.19763313609467453 -0.3935212957408519 -3.3722645684779935 -3.181477783325012 -0.3328981723237598 -0.2573932092004381 -0.0026549847338377805 -0.176022176022176 0.08946905250806686 -0.14479979853941072 -0.10413129598189019 -0.18780965549026388 -0.5216239007348513 -0.7077708865377599 -0.14847809948032664 -0.23226135783563037 0.06577250451379932 -0.1803848209513629 0.10007468259895444 1.3877787807814458e-18 -0.10574018126888218 -0.021512681159420288 -0.07732864674868191 0.031787143866258534 -0.10261982373536158 0.04754159889903665 -0.11709896751447998 0.14278159703860388 0.0633356790992259 0.0024307243558580453 0.15915740198946754 0.02945681630729351 0.09187447798592055 0.09306882194464854 0.3299838729686143 0.10153541357107479 0.30291744258224707 0.11115419413209256 0.25384935497295047 -0.014088114754098357 0.036699419912394934 0.02979737783075089 0.05834160873882821 0.006227425582264298 0.13808408334360744 -0.021527162213498797 0.11861198738170346 -0.01863684771033014 0.04638472032742156 0.07202284862784056 -0.05865102639296188 0.07255413218455956 -0.009625797136325349 0.09802763670721625 -0.015615615615615619 0.09307520476545048 -0.021220821370615407 0.033273611466598414 0.019718680163007755
-0.09141882008776205 -0.07774322523322967 -0.09345794392523364 -0.10005817335660268 -0.12595969289827255 0.028466374095599566 -0.018536826495304002 0.04542664211172499 0.01818181818181818 0.05577244841048522 -0.015509887553315237 -0.029200632680374743 -0.11010284331518452 -0.08766514384491912 -0.2508234101849506 0.051598288447017374 -0.07058196830470102 0.04505084309434934 -0.1878246969495138 0.04051411008661637 -0.03186743148502231 -0.154670563877725 -0.16103833673837278 -1.5466025255562235 -1.8975210835675955 -0.3680350019302535 -0.03327565553041395 -0.14942528735632182 -0.008074283407347605 -0.10121457489878541 -0.2230243650895965 -0.21183431952662718 -0.4187162567486503 -3.761986722399803 -3.451073389915128 -0.34725848563968664 -0.2656078860898138 -0.019912385503783353 -0.19404019404019401 0.07773540627750072 -0.13346764039284814 -0.09847198641765705 -0.20048392671966817 -0.6770268642332249 -0.9011309740970448 -0.17198713189804501 -0.23481368044920875 0.054165591952540615 -0.18572955638695884 0.0970873786407767 -0.0025068939583855606 -0.11155008133860098 -0.026041666666666668 -0.09490333919156416 0.010595714622086175 -0.11952191235059761 0.047541598899036655 -0.11709896751447998 0.1493918561607615 0.06896551724137931 0.0024307243558580453 0.14979520187244005 0.040061270177919175 0.08113590263691683 0.09061964241978936 0.3126163007071082 0.10401188707280833 0.2942271880819367 0.11503166602042136 0.25523650991815783 -0.028176229508196714 0.03314786314667929 0.02026221692491061 0.05710029791459781 6.938893903907229e-19 0.1306867217359142 -0.03165759149043941 0.11230283911671923 -0.022630457933972316 0.04774897680763984 0.09437476716751522 -0.06090683510038349 0.07822242376147828 -0.013235471062447357 0.11220030707452462 -0.02882882882882883 0.12037726482998264 -0.027462239420796404 0.05886869721013564 0.018404101485473903
-0.09141882008776206 -0.08107507774322523 -0.1013399391960365 -0.09424083769633508 -0.1199616122840691 0.03439686869884948 -0.016065249629263468 0.05033763044812768 0.025974025974025972 0.064138315672058 -0.019387359441644048 -0.03650079085046842 -0.11494252873563218 -0.07037905914310408 -0.2318216366860907 0.06166624716838661 -0.07324543880676522 0.03732784142103231 -0.18249633675236449 0.04191114836546521 -0.030592734225621414 -0.13153087321885276 -0.13580098545847855 -1.2387251954299459 -1.4145157168412983 -0.3281430961266246 -0.011979235990949022 -0.13793103448275862 0.0026914278024491992 -0.09832272990167727 -0.22947015598813972 -0.2165680473372781 -0.4403119376124775 -4.048438652569461 -3.605841238142786 -0.34595300261096606 -0.2697152245345017 -0.01725740076994557 -0.18433818433818433 0.08213552361396302 -0.13724502644170233 -0.10979060554612337 -0.23044129508007832 -0.9251897361763642 -1.188130852486927 -0.20292006928977974 -0.243746809596733 0.04126902244003095 -0.19107429182255475 0.08961911874533234 0.006267234895963899 -0.11852196142226354 -0.043025362318840576 -0.11013473930872877 -0.003531904874028724 -0.13763129300977905 0.05755035656199174 -0.13724502644170233 0.1573241671073506 0.038001407459535536 -0.009722897423432185 0.14745465184318318 0.018852362436667842 0.0727836773654695 0.06857702669605684 0.31013521895546453 0.09410599306587421 0.2892613283674736 0.09952177846710611 0.2427521154112914 -0.04226434426229507 0.02249319284953238 -0.003575685339690109 0.03848063555114201 -0.027400672561962887 0.1134262113179633 -0.0481195390654679 0.0946372239747634 -0.030617678381256657 0.02728512960436561 0.08816590090649448 -0.06767426122264832 0.05668291576918717 -0.030080616051016723 0.10511397189087043 -0.031231231231231237 0.12285927029039465 -0.031207090250905005 0.0806245200921423 0.01446036545287235
-0.09385665529010237 -0.08107507774322523 -0.09233194460083324 -0.08609656777196044 -0.11636276391554701 0.03676906654014945 -0.028423133959466135 0.04910988336402701 0.011688311688311689 0.06971556051310654 -0.015509887553315237 -0.025550553595327895 -0.10647307924984875 -0.03827633041116187 -0.2191537876868508 0.08809463881198087 -0.0772406445598615 0.04505084309434934 -0.19182096709737578 0.04749930148086058 -0.02676864244741874 -0.11326269638290098 -0.09734406922244923 -0.9019843656043294 -1.0056222846920522 -0.2856775189808262 -0.017303340875815254 -0.1277139208173691 -0.0013457139012246016 -0.09832272990167726 -0.23204847234755704 -0.2224852071005917 -0.43431313737252547 -4.204573395623309 -3.6333000499251127 -0.3446475195822455 -0.27519167579408543 -0.019912385503783353 -0.19542619542619544 0.0748019947198592 -0.14228154117350794 -0.1279003961516695 -0.24541997926028344 -1.2420190338513433 -1.528639182780007 -0.24498886414253898 -0.25778458397141396 0.018055197317513542 -0.2030999465526456 0.08065720687079911 -0.0012534469791927803 -0.1394376016732512 -0.04076086956521739 -0.1347393087287639 -0.03885095361431599 -0.16539901002052396 0.03127736769673464 -0.16746411483253587 0.14542570068746694 0.018296973961998593 -0.018230432668935346 0.1392627267407841 0.020030635088959588 0.06085192697768763 0.056331129071760966 0.31013521895546453 0.07924715205547303 0.28553693358162635 0.09047434406100555 0.23859065057566928 -0.053790983606557374 0.013022374807624009 6.938893903907229e-19 0.035998013902681224 -0.046082949308755755 0.10109727530514116 -0.06331518298087882 0.08832807570977919 -0.04126730564430245 0.021828103683492486 0.0807152613932696 -0.07444168734491315 0.05328194082303593 -0.037299963903260736 0.08385496633990787 -0.025225225225225228 0.10052122114668653 -0.031207090250905005 0.061428205784489376 0.01708952280794005
-0.09141882008776206 -0.09218125277654375 -0.09007994595203243 -0.08842350203606748 -0.11156429942418425 0.018977582730399716 -0.03583786455758774 0.03806015960712093 0.0012987012987013004 0.05577244841048522 -0.011632415664986429 -0.021900474510281053 -0.10163339382940109 -0.024694406716878625 -0.2204205725867748 0.10948905109489049 -0.0812358503129578 0.04633801003990218 -0.19048887704808845 0.05308745459625593 -0.022944550669216062 -0.09621239800267935 -0.08172094700156232 -0.6313890559230306 -0.7998977766419626 -0.24321194183502767 -0.005324104884866232 -0.10855683269476372 0.0040371417036737965 -0.08675534991324466 -0.21657857419105325 -0.21656804733727814 -0.4163167366526695 -3.9525448733710355 -3.404892661008487 -0.3080939947780679 -0.27108433734939763 0.007964954201513337 -0.2079002079002079 0.08946905250806689 -0.15109544195416771 -0.1380871533672892 -0.27652955409609403 -1.7009998795325862 -1.95913900036483 -0.2684978965602573 -0.29096477794793263 0.0038689708537529024 -0.2405130946018172 0.058252427184466014 -0.012534469791927802 -0.14524750174297002 -0.06227355072463767 -0.18629173989455183 -0.09182952672474688 -0.18592297476759628 0.013762041786563239 -0.1687232435154873 0.12956107879428874 0.008444757213230118 -0.019445794846864366 0.1334113516676419 0.012960999175209145 0.056079226822574865 0.036737692872887584 0.3200595459620394 0.06934125804853888 0.2942271880819367 0.08013441902546206 0.24552642530170615 -0.055071721311475405 0.011838522552385466 0.004767580452920142 0.03723932472691162 -0.04608294930875576 0.08876833929231906 -0.074711915917437 0.07823343848580441 -0.05457933972310969 0.00954979536152796 0.07947348814106545 -0.07782540040604556 0.03967804103843101 -0.045722536397545414 0.06968229597259949 -0.025225225225225224 0.08562918838421445 -0.03620022469104981 0.042231891476836446 0.011831208097804653
-0.08044856167723062 -0.08996001776988005 -0.0810719513568292 -0.08260616637579989 -0.10316698656429943 0.009488791365199856 -0.03830944142362827 0.03437691835481891 -0.0012987012987012991 0.05577244841048521 -0.01809486881220111 -0.02920063268037474 -0.09921355111917726 -0.02099024570934683 -0.21662021788700278 0.11074754593506167 -0.08656279131708616 0.03861500836658515 -0.1971493272945251 0.03632299525006985 -0.016571064372211602 -0.09743027645840946 -0.06369426751592357 -0.4389657245941071 -0.5916176846409403 -0.23291725646634923 0.00665513110608279 -0.12132822477650063 0.008074283407347596 -0.09976865240023135 -0.2127110996519273 -0.21301775147928997 -0.397120575884823 -3.602163757069092 -3.09036445332002 -0.28851174934725843 -0.2505476451259584 0.017257400769945568 -0.20235620235620236 0.09240246406570843 -0.15865021405187613 -0.16411997736276174 -0.29842147712870143 -2.1395012649078424 -2.3568040860999635 -0.32170254887404104 -0.29862174578866774 -0.03353108073252514 -0.2498663816141101 0.025392083644510823 -0.018801704687891704 -0.16383918196607017 -0.07472826086956522 -0.2847100175746925 -0.16482222745467387 -0.2342146565254135 0.00625547353934693 -0.2039788466381264 0.1348492860920148 -0.009852216748768473 -0.017015070491006323 0.12170860152135751 0.008247908566042184 0.03818160124090203 0.03428851334802842 0.3101352189554646 0.06315007429420505 0.292985723153321 0.08401189091379088 0.25662366486336524 -0.055071721311475405 0.001183852255238551 0.005959475566150178 0.038480635551142 -0.05106488977456719 0.07397361607693256 -0.07851082689628974 0.05804416403785488 -0.06123535676251331 -0.006821282401091403 0.06705575561902397 -0.08459282652831039 0.03287609114612856 -0.048128985681626754 0.05550962560529114 -0.04564564564564565 0.0769421692727724 -0.06241418050181001 0.04479140005119017 -0.013145786775338505
-0.08532423208191124 -0.09440248778320746 -0.07318995608602637 -0.08144269924374636 -0.10196737044145873 0.004744395682599928 -0.05190311418685121 0.024554941682013505 -0.00909090909090909 0.04043502509760179 -0.03231226573607341 -0.04501764204891105 -0.10647307924984876 -0.028398567724410417 -0.22675449708639475 0.09438711301283664 -0.09588493807431082 0.009010168618869868 -0.19848141734381247 0.009779267951941884 -0.019120458891013388 -0.10108391182559981 -0.04686936666266074 -0.3090799759470836 -0.45233835931510347 -0.22519624243984043 0.023958471981898044 -0.13665389527458494 0.034988561431839586 -0.1156737998843262 -0.21400025783163593 -0.20828402366863905 -0.373125374925015 -3.147283009589378 -2.759610584123814 -0.25718015665796345 -0.2368565169769989 0.02123987787070224 -0.18711018711018712 0.0836022293927838 -0.1737597582472929 -0.17883418222976796 -0.3260744325383109 -2.480424045295748 -2.7228505411650246 -0.3513981687701063 -0.31393568147013784 -0.05674490585504256 -0.2645644040619989 0.00746825989544436 -0.031336174479819505 -0.18591680223100165 -0.09737318840579709 -0.44639718804920914 -0.30256651754179426 -0.2885427985029579 -0.010008757662955083 -0.23923444976076555 0.12559492332099417 -0.03237156931738212 -0.019445794846864366 0.10649502633118783 0.009426181218333924 0.03698842620212385 0.023267205486162137 0.29897035107306785 0.04705299653293709 0.27063935443823717 0.07625694713713325 0.2455264253017062 -0.06787909836065573 -0.022493192849532377 -0.008343265792610252 0.0024826216484607755 -0.07099265163781293 0.05054863765257058 -0.08484234519437761 0.02902208201892744 -0.07055378061767839 -0.028649386084583905 0.052154476592574196 -0.09812767877284007 0.02494048293844235 -0.06497413067019613 0.04369906696586748 -0.06846846846846846 0.07446016381236038 -0.09112470353264261 0.0537496800614282 -0.042066517681083215
-0.09385665529010238 -0.10550866281652597 -0.07206395676162594 -0.08260616637579989 -0.11276391554702496 -0.010674890285849841 -0.07043994068215523 0.002455494168201347 -0.02207792207792208 0.01673173452314557 -0.04523717203050278 -0.054751186275702635 -0.10647307924984875 -0.024694406716878625 -0.22675449708639475 0.09438711301283664 -0.11852443734185643 0.0038615008366585163 -0.21579858798454774 -0.0013970382788488403 -0.01019757807520714 -0.09377664109121911 -0.019228458118014664 -0.23692122669873722 -0.3513927932532584 -0.20074636468922918 0.04791694396379609 -0.13154533844189017 0.04979141434531019 -0.12001156737998844 -0.20368699239396673 -0.19053254437869824 -0.34673065386922614 -2.648143594787313 -2.375187219171243 -0.22193211488250655 -0.2286418400876232 0.03185981680605336 -0.182952182952183 0.0880023467292461 -0.18257365902795267 -0.1833616298811545 -0.3479663555709184 -2.6924466931694977 -2.977015687705217 -0.3650086612224696 -0.3318019397651863 -0.05545524890379159 -0.2725815072153928 0.00746825989544436 -0.03760340937578341 -0.1975366023704392 -0.12228260869565219 -0.7041593438781488 -0.506239698610784 -0.33441989617288426 -0.013762041786563239 -0.2505666079073281 0.1348492860920148 -0.04081632653061225 -0.01944579484686437 0.09245172615564658 0.011782726522917408 0.016704450542894635 0.004898359049718348 0.27540007443245257 0.04086181277860326 0.2520173805090006 0.08013441902546206 0.2316548758496324 -0.08068647540983606 -0.03314786314667929 -0.013110846245530397 -0.026067527308838136 -0.09963880931622868 0.023424978424361982 -0.11396732936558189 0.007570977917981073 -0.08652822151224707 -0.036834924965893585 0.0447038370793493 -0.11166253101736974 0.02494048293844236 -0.08422572494284683 0.03897484351009802 -0.07927927927927927 0.06701414743112435 -0.09986268880289602 0.04863066291272076 -0.04863941106875247
-0.09507557289127255 -0.0955131052865393 -0.07206395676162594 -0.07678883071553229 -0.10196737044145873 0.013047088127149803 -0.05437469105289174 0.0012277470841006726 0.0025974025974025983 0.015337423312883436 -0.049114643918831594 -0.054751186275702635 -0.10526315789473684 -0.019755525373502895 -0.2102862933873828 0.08935313365215203 -0.10653882008256757 0.006435834727764192 -0.19981350739309978 -0.0013970382788488403 -0.014021669853409816 -0.09621239800267933 -0.013219564956135082 -0.19963920625375828 -0.3002811142346026 -0.1981726933470596 0.05324104884866232 -0.13665389527458494 0.057865697752657784 -0.12001156737998842 -0.19853035967513213 -0.17041420118343195 -0.30833833233353325 -2.1182689943447257 -1.9545681477783325 -0.16840731070496087 -0.19852135815991237 0.049117217575998934 -0.158004158004158 0.09973599295981225 -0.18005540166204986 -0.18449349179400115 -0.34911856204631875 -2.8803758583303214 -3.107138513924358 -0.3786191536748329 -0.31393568147013784 -0.06448284756254836 -0.25921966862640294 -3.122502256758253e-18 -0.045124091250940086 -0.20683244248198931 -0.15964673913043478 -0.9607498535442296 -0.8040970096538732 -0.37184594953519257 -0.022519704741648945 -0.2593805086879879 0.13220518244315177 -0.046446164672765654 -0.0315994166261546 0.09128145114101813 -0.004713090609166959 0.002386350077556379 -0.019593436198873375 0.2667162883016995 0.04210004952947004 0.24456859093730604 0.09564430657877729 0.230267720904425 -0.08068647540983606 -0.03196401089144075 -0.027413587604290822 -0.04841112214498511 -0.11458463071366295 0.012328936012822093 -0.10636950740787643 -0.010094637223974759 -0.06656017039403621 -0.045020463847203276 0.042220290574941005 -0.12406947890818858 0.027207799569209844 -0.09986764528937553 0.04488012282980984 -0.08888888888888888 0.07321916108215439 -0.10360753963300462 0.05758894292295878 -0.05389772577888787
-0.09141882008776206 -0.1021768103065304 -0.07656795405922757 -0.07795229784758581 -0.08997120921305184 0.014233187047799786 -0.05561047948591202 -0.0036832412523020277 -0.003896103896103895 0.009760178471834913 -0.03489724699495929 -0.06813480958754106 -0.09679370840895343 -0.022224966045190763 -0.18495059538890296 0.08935313365215203 -0.10653882008256758 0.002574333891105677 -0.20380977754096175 -0.005588153115395362 -0.0025493945188017836 -0.09743027645840946 -0.0024035572647518313 -0.18400481058328322 -0.253002811142346 -0.18916484364946598 0.07986157327299348 -0.1430395913154534 0.07401426456735298 -0.12434933487565066 -0.17403635426066777 -0.1715976331360947 -0.26394721055788845 -1.6240472092451437 -1.517723414877683 -0.13838120104438642 -0.17250821467688937 0.051772202309836715 -0.13444213444213443 0.10120269873863301 -0.17250062956434148 -0.1935483870967742 -0.3479663555709184 -2.92976749789182 -3.1399732457740486 -0.38604305864884925 -0.32669729453802965 -0.07222078927005417 -0.2912880812399786 -0.010455563853622108 -0.052644773126096764 -0.22774808273297698 -0.19361413043478262 -1.291154071470416 -1.1737697198022135 -0.41651575516117345 -0.03753284123608157 -0.28330395366406447 0.11634056054997355 -0.06755805770584096 -0.03889158969372874 0.07372732592159156 -0.0058913632614586995 -0.027443025891898343 -0.0526573597844722 0.23694330728197496 0.02352649826646855 0.2284295468653011 0.07625694713713324 0.21500901650714382 -0.09093237704918034 -0.044986385699064754 -0.04052443384982122 -0.07571996027805362 -0.1382488479262673 0.0012328936012822103 -0.13042927694061038 -0.017665615141955835 -0.09850905218317359 -0.051841746248294684 0.05091270334037005 -0.13534852244529666 0.01813853304613989 -0.12032246420406689 0.055509625605291144 -0.10330330330330331 0.08811119384462646 -0.11609037573336663 0.07166624008190427 -0.060470619166557125
-0.08166747927840076 -0.10884051532652154 -0.07544195473482716 -0.08376963350785341 -0.08397312859884835 0.0035582967619499444 -0.0481957488877904 -0.014732965009208104 0.0012987012987012991 -0.005577244841048522 -0.03489724699495929 -0.07300158170093685 -0.09316394434361767 -0.028398567724410424 -0.17101596148973902 0.0704757110495847 -0.11186576108669596 -0.007723001673317027 -0.21313440788597307 -0.016764459346186082 -0.0025493945188017836 -0.08281573498964803 0.0012017786323759172 -0.15754660252555625 -0.23639151546128293 -0.18015699395187232 0.08119259949421004 -0.1430395913154534 0.07535997846857759 -0.13447079236552922 -0.16372308882299857 -0.16094674556213015 -0.23635272945410918 -1.1249077944430785 -1.1145781328007984 -0.10313315926892952 -0.1492332968236583 0.07301208018053895 -0.11781011781011781 0.11440305074801996 -0.16368672878368168 -0.19468024900962083 -0.3260744325383109 -2.904469341043248 -3.0451173537638327 -0.3860430586488492 -0.3037263910158244 -0.07351044622130512 -0.2752538749331908 -0.019417475728155338 -0.052644773126096764 -0.24633976295607715 -0.23097826086956524 -1.6625659050966608 -1.5870025900635742 -0.4792949414463359 -0.048792693606906044 -0.3210778141526064 0.10708619777895294 -0.10555946516537648 -0.04496840058337385 0.07723815096547687 -0.004713090609166958 -0.06920415224913495 -0.08572128337007104 0.20096762188314105 0.02600297176820208 0.2197392923649907 0.08013441902546206 0.20113746705507002 -0.0858094262295082 -0.054457203740973126 -0.047675804529201435 -0.08316782522343595 -0.140739818159173 6.938893903907229e-19 -0.13169558060022793 -0.017665615141955835 -0.10250266240681576 -0.054570259208731244 0.047187383583757604 -0.13986013986013984 0.0034009749461512253 -0.12272891348814825 0.04369906696586748 -0.10690690690690689 0.07446016381236038 -0.1273249282236924 0.05758894292295878 -0.07361640594189563
-0.07313505607020965 -0.1099511328298534 -0.07093795743722554 -0.08842350203606748 -0.08877159309021114 0.008302692444549875 -0.04943153732081067 -0.006138735420503376 0.003896103896103895 -0.004182933630786392 -0.036189737624402224 -0.08760189804112421 -0.09921355111917726 -0.0395110507470058 -0.176083101089435 0.072992700729927 -0.12385137834598484 1.7347234759768072e-19 -0.23711202877314505 -0.005588153115395364 -0.005098789037603571 -0.08403361344537816 1.734723475976807e-18 -0.14191220685508119 -0.22233580373115255 -0.1608544588856003 0.08119259949421004 -0.13537675606641125 0.07535997846857757 -0.12579525737420477 -0.1430965579476602 -0.1349112426035503 -0.20395920815836832 -0.6687976395377428 -0.7663504742885672 -0.05091383812010445 -0.13554216867469882 0.10221691225275456 -0.10533610533610534 0.12907010853622763 -0.1649458574666331 -0.1867572156196944 -0.3122479548335062 -2.769545837850861 -2.8906725039523287 -0.3563474387527839 -0.30500255232261353 -0.05803456280629351 -0.2765900587920898 -0.004480955937266615 -0.06893958385560292 -0.2649314431791773 -0.2694746376811594 -2.0257762155828942 -2.0343772074405466 -0.510684534588917 -0.06630801951707745 -0.33618735834802316 0.10576414595452141 -0.1140042223786066 -0.04496840058337385 0.08191925102399063 -0.025921998350418286 -0.10380622837370242 -0.1408278226794024 0.19724599925567549 0.019811788013868254 0.23091247672253262 0.08142690965490498 0.21362186156193638 -0.08324795081967214 -0.06274416952764295 -0.06197854588796185 -0.10675273088381329 -0.1606675800224187 -0.012328936012822094 -0.14055970621755096 -0.022712933753943215 -0.11448349307774228 -0.06275579809004092 0.03352787780951198 -0.15001127904353712 -0.007935608207686205 -0.13476115990855492 0.02952639659855911 -0.1045045045045045 0.05956813104988832 -0.1260766446136562 0.03839262861530586 -0.06572893387669251
-0.068259385665529 -0.1121723678365171 -0.05855196486882108 -0.07911576497963932 -0.08997120921305184 0.013047088127149803 -0.04943153732081068 -0.009821976672805401 -2.7755575615628915e-18 -0.006971556051310652 -0.031019775106630475 -0.0766516607859837 -0.09800362976406533 -0.016051364365971106 -0.16341525209019508 0.09061162849232318 -0.10387534958050341 0.015446003346634063 -0.22379112828027173 0.0027940765576976814 0.0025493945188017854 -0.07794422116672756 0.007210671794255502 -0.1190619362597715 -0.21339125990288782 -0.12997040277956504 0.08784773060029283 -0.12260536398467436 0.09419997308572196 -0.11278195488721805 -0.12118086889261312 -0.11242603550295857 -0.15836832633473305 -0.31226948610769606 -0.49675486769845234 -0.014360313315926887 -0.11363636363636365 0.11283685118810567 -0.0914760914760915 0.12320328542094457 -0.15865021405187613 -0.17430673457838147 -0.28689941237469757 -2.518973617636429 -2.6255624467955734 -0.31922791388270233 -0.28586013272077593 -0.04384833634253287 -0.260555852485302 0.007468259895444364 -0.08147405364753071 -0.26957936323495235 -0.27513586956521735 -2.340949033391915 -2.49705674593831 -0.5360376675117712 -0.09132991367446516 -0.3412238730798288 0.09122157588577472 -0.09852216748768475 -0.04132231404958678 0.07255705090696314 -0.027100271002710025 -0.15272640496360818 -0.21430320842517755 0.1786378861183476 0.014858841010401186 0.2271880819366853 0.08918185343156262 0.21639617145235118 -0.08196721311475409 -0.06629572629335859 -0.05959475566150178 -0.09682224428997022 -0.16440403537177734 -0.009863148810257676 -0.13042927694061035 -0.01640378548895899 -0.09584664536741214 -0.046384720327421566 0.023593691791878802 -0.1421159485675615 0.00340097494615123 -0.12272891348814825 0.025983229006732018 -0.1045045045045045 0.05956813104988832 -0.1298214954437648 0.035833120040952134 -0.06572893387669253
-0.06947830326669915 -0.11106175033318526 -0.06080396351762189 -0.08260616637579989 -0.09117082533589252 0.011860989206499821 -0.043252595155709346 -0.02087170042971148 0.00909090909090909 -0.02091466815393196 -0.049114643918831594 -0.08151843289937949 -0.10526315789473684 -0.006173601679219658 -0.16088168229034708 0.08431915429146741 -0.1038753495805034 0.009010168618869866 -0.2131344078859731 -0.004191114836546519 0.0025493945188017827 -0.0742905857995372 0.007210671794255499 -0.12627781118460615 -0.20572450805008943 -0.1222493887530562 0.10648209769732464 -0.13026819923371652 0.10361997039429416 -0.1156737998843262 -0.11215676163465256 -0.09349112426035502 -0.14397120575884823 -0.0651585935579051 -0.3295057413879181 0.022193211488250653 -0.09309967141292443 0.11681932828886235 -0.07623007623007624 0.11880316808448226 -0.14857718458826494 -0.15280135823429541 -0.2511810116372854 -2.1828695337911093 -2.297215128298675 -0.26231130908191047 -0.2603369065849923 -0.019344854268764512 -0.2351683591662213 0.0268857356235997 -0.08398094760591626 -0.26957936323495235 -0.29551630434782605 -2.6127709431751613 -2.9503178714386626 -0.5638053845225162 -0.09883648192168146 -0.35255603122639134 0.07535695399259651 -0.11259676284306826 -0.043753038405444825 0.07840842598010533 -0.04477436078708613 -0.22670325736785588 -0.30369826108253734 0.14266220071951372 0.002476473501733531 0.20980757293606453 0.08013441902546206 0.20391177694548485 -0.09221311475409835 -0.0639280217828815 -0.07151370679380213 -0.10551142005958292 -0.18059534188566448 -0.02342497842436198 -0.1329618842598455 -0.03406940063091483 -0.09052183173588925 -0.06821282401091404 0.028560784800695394 -0.1477554703361155 -0.0011336583153837433 -0.11911923956202623 0.021259005550962558 -0.11051051051051053 0.07073715562174236 -0.1423043315441268 0.043511645764013306 -0.07624556329696333
-0.068259385665529 -0.11439360284318081 -0.06643396013962392 -0.08726003490401396 -0.09237044145873322 0.015419285968449766 -0.03707365299060801 -0.028238182934315532 0.016883116883116882 -0.026491912994980476 -0.04523717203050278 -0.09003528409782212 -0.10889292196007258 -0.012347203358439316 -0.1583481124904991 0.0843191542914674 -0.11053402583566388 0.007723001673317027 -0.21713067803383507 -0.015367421067337244 -1.5612511283791264e-18 -0.0742905857995372 0.001201778632375919 -0.11665664461815997 -0.1993355481727575 -0.10552052502895382 0.10648209769732464 -0.11749680715197959 0.10227425649306958 -0.10699826489300172 -0.10442181255640066 -0.08284023668639054 -0.1259748050389922 -0.018441111384312765 -0.26085871193210186 0.044386422976501305 -0.07393209200438114 0.11814682065578123 -0.05544005544005544 0.11000293341155765 -0.13346764039284817 -0.144878324844369 -0.21546261089987326 -1.6913624864474155 -1.8509059953788156 -0.21529324424647373 -0.24247064828994383 0.005158627805003866 -0.22180652057723144 0.044809559372666175 -0.0764602657307596 -0.2765512433186149 -0.29551630434782605 -2.680726420620972 -3.3046856604662116 -0.5843293492695883 -0.09633429250594269 -0.3626290606900025 0.08461131676361713 -0.1140042223786066 -0.05347593582887701 0.060854300760678756 -0.06598326852833745 -0.3806228373702422 -0.5963752143032084 0.08807840218335194 -0.018573551263001486 0.19739292364990688 0.06850200336047564 0.18310445276737414 -0.09733606557377047 -0.0745826920800284 -0.08581644815256256 -0.11668321747765639 -0.19055922281728735 -0.029589446430773027 -0.13802709889831583 -0.023974763406940065 -0.09717784877529287 -0.06275579809004093 0.023593691791878802 -0.1443717572749831 -0.004534633261534972 -0.12994826134039225 -0.0023621117278847274 -0.10690690690690692 0.06949615289153636 -0.13980776432405442 0.04095213718965958 -0.07756014197449719
-0.059726962457337884 -0.12549977787649932 -0.052921968246819065 -0.09307737056428156 -0.08877159309021113 0.0011860989206499805 -0.021008403361344536 -0.03314917127071823 0.02857142857142857 -0.03625209146681539 -0.03360475636551636 -0.08760189804112423 -0.10042347247428918 -0.004938881343375726 -0.16468203699011907 0.08054366977095395 -0.10920229058463178 0.014158836401081218 -0.20780604768882377 -0.005588153115395362 0.007648183556405353 -0.06576543660942638 0.008412450426631416 -0.09260372820204447 -0.18911321236902634 -0.08493115429159695 0.11313722880340742 -0.09323116219667944 0.10765711209796798 -0.08097165991902834 -0.09539770529844012 -0.06508875739644969 -0.10317936412717457 0.01598229653307106 -0.23090364453320028 0.06266318537859009 -0.0725629791894852 0.12611177485729458 -0.05128205128205128 0.12907010853622763 -0.10828506673382018 -0.09960384833050369 -0.1693743518838576 -1.2203348994097094 -1.3985163565608658 -0.1447661469933185 -0.21184277692700354 0.051586278050038695 -0.19775521111704972 0.08663181478715459 -0.06768613687641015 -0.27306530327678363 -0.289855072463768 -2.656121851200937 -3.555450906522251 -0.5770855970059158 -0.08132115601151008 -0.3512969025434399 0.09650978318350081 -0.1111893033075299 -0.05347593582887702 0.055002925687536564 -0.07423117709437964 -0.536928767450185 -0.982120989468528 0.02729189926808086 -0.026002971768202078 0.17504655493482307 0.06203955021326096 0.1650714384796782 -0.0973360655737705 -0.06866343080383568 -0.07628128724672227 -0.11544190665342602 -0.19554116328309878 -0.028356552829490816 -0.14562492085602127 -0.012618296529968454 -0.08919062832800853 -0.054570259208731244 0.038494970818328575 -0.14211594856756146 0.009069266523069944 -0.12393213813018891 -0.010629502775481279 -0.08408408408408409 0.07942417473318442 -0.11609037573336663 0.044791400051190165 -0.049953989746286315
-0.0402242808386153 -0.11883607285650821 -0.05179596892241865 -0.08842350203606748 -0.08517274472168905 0.014233187047799786 -0.0037073652990607968 -0.012277470841006754 0.04285714285714286 -0.018126045733407696 -0.0142173969238723 -0.08151843289937949 -0.08348457350272233 -0.00864304235090752 -0.15328097289080314 0.08809463881198087 -0.1025436143294713 0.028317672802162443 -0.19848141734381242 0.012573344509639563 0.020395156150414272 -0.05967604433077578 0.02403557264751833 -0.08177991581479253 -0.17889087656529518 -0.07721014026508814 0.11313722880340742 -0.08173690932311621 0.10227425649306958 -0.06651243493348757 -0.09024107257960552 -0.05680473372781064 -0.09478104379124176 0.022129333661175313 -0.22216674987518722 0.0731070496083551 -0.06161007667031763 0.1340767290588079 -0.0401940401940402 0.14813728366089762 -0.07428859229413246 -0.07357102433503113 -0.12559050581864273 -0.850499939766293 -0.9813936519518425 -0.09898539965355109 -0.17993874425727413 0.08382770183131287 -0.16835916622127206 0.11053024645257654 -0.055151667084482346 -0.2602835231234023 -0.2660778985507246 -2.5647334504979495 -3.6484577348716742 -0.5698418447422431 -0.06755911422494683 -0.34500125912868296 0.11501850872554205 -0.1140042223786066 -0.05469129800680604 0.04330017554125219 -0.0942618121833392 -0.7003937477627968 -1.4474650991917708 -0.028532440143902753 -0.023526498266468545 0.16511483550589695 0.07625694713713325 0.15258704397281178 -0.07940573770491803 -0.06511187403812005 -0.057210965435041714 -0.10302879841112214 -0.18308631211857018 -0.03328812723461965 -0.1418260098771686 -0.0012618296529968431 -0.07454739084132056 -0.04911323328785812 0.0496709300881659 -0.14098804421385064 0.015871216415372407 -0.12513536277222959 -0.020077949687020195 -0.07567567567567568 0.08438818565400844 -0.09986268880289603 0.04479140005119018 -0.03154988826081242
-0.021940516821062895 -0.10884051532652153 -0.0427879743272154 -0.08144269924374636 -0.07317658349328215 0.020163681651049696 0.02100840336134454 0.009821976672805401 0.05844155844155845 -0.009760178471834916 -1.3877787807814458e-18 -0.07786835381433264 -0.060496067755595885 -0.017286084701815037 -0.14821383329110718 0.07802668009061162 -0.08656279131708618 0.03089200669326812 -0.1878246969495138 0.015367421067337248 0.03059273422562141 -0.05480453050785532 0.02403557264751833 -0.07215874924834635 -0.18144646051622795 -0.07721014026508814 0.11047517636097433 -0.07279693486590037 0.09554568698694657 -0.05494505494505495 -0.07090369988397575 -0.04852071005917159 -0.06118776244751049 0.02950577821490042 -0.20843734398402397 0.08616187989556136 -0.04244249726177436 0.1539891145625913 -0.031878031878031884 0.1716045761220299 -0.05540166204986148 -0.05998868138087153 -0.085263279179629 -0.5939043488736296 -0.6700717499695975 -0.06186587478346943 -0.16207248596222562 0.10059324219757544 -0.15900587920897913 0.11799850634802092 -0.038856856354976176 -0.24982570299790846 -0.2332427536231884 -2.3550087873462218 -3.5813515422651285 -0.552939756127007 -0.06005254597773052 -0.326114328884412 0.12030671602326812 -0.1111893033075299 -0.04861448711716092 0.03627852545348158 -0.09426181218333922 -0.8507338026488485 -1.9936321332353664 -0.09552164743828309 -0.030955918771669144 0.1527001862197393 0.07108698461936151 0.1317797197947011 -0.07556352459016394 -0.05564105599621168 -0.06078665077473182 -0.09433962264150944 -0.1880682525843816 -0.03205523363333744 -0.14182600987716856 0.013880126182965302 -0.08120340788072418 -0.04638472032742156 0.059605116105799084 -0.133092713737875 0.03967804103843101 -0.12152568884610757 -0.025983229006732018 -0.06486486486486485 0.08687019111442044 -0.07989015104231681 0.0473509086255439 -0.019718680163007762
-0.003656752803510488 -0.11883607285650818 -0.025897984461209323 -0.08842350203606748 -0.07557581573896352 -0.004744395682599929 0.022244191794364803 -0.00613873542050338 0.04415584415584416 -0.023703290574456214 0.010339925035543492 -0.07300158170093686 -0.05565638233514821 -0.013581923694283243 -0.15834811249049913 0.0868361439718097 -0.08922626181915036 0.0334663405843738 -0.19714932729452514 0.01816149762503493 0.035691523263224986 -0.04749725977347461 0.03244802307414974 -0.0661455201443175 -0.17889087656529518 -0.07721014026508814 0.11846133368827368 -0.07662835249042146 0.09689140088817116 -0.05928282244071718 -0.06059043444630656 -0.046153846153846156 -0.05158968206358727 0.024588148512417016 -0.21717423864203694 0.08093994778067885 -0.04928806133625411 0.1486791450949157 -0.0401940401940402 0.1672044587855676 -0.03651473180559053 -0.04640633842671193 -0.04724046549141607 -0.33851343211661244 -0.45482184117718594 -0.03835684236575106 -0.15058703420112302 0.10317255610007739 -0.15499732763228216 0.11202389843166542 -0.02632238656304838 -0.23936788287241467 -0.20040760869565216 -2.1265377855887526 -3.368259948198729 -0.5408668356875527 -0.058801451269861124 -0.3185595567867036 0.1189846641988366 -0.10133708655876143 -0.02916869227029655 0.012873025160912816 -0.08483563096500531 -1.0130056079226821 -2.5814352192015675 -0.1786378861183476 -0.048291233283803865 0.11421477343265049 0.04782215328938866 0.10126231100013872 -0.06659836065573771 -0.05564105599621168 -0.04886769964243147 -0.0968222442899702 -0.20425955909826876 -0.05301442485513501 -0.14815752817525646 0.012618296529968454 -0.0985090521831736 -0.051841746248294684 0.05712156960139079 -0.13873223550642905 0.034009749461512306 -0.1275418120563109 -0.05432856974134877 -0.07927927927927927 0.07197815835194836 -0.08488328548246163 0.033273611466598414 -0.023662416195609312
-5.551115123125783e-18 -0.11439360284318081 -0.007881995270802836 -0.07795229784758581 -0.0791746641074856 -0.004744395682599929 0.0333662876915472 -0.017188459177409455 0.05584415584415585 -0.03625209146681539 0.016802378182758176 -0.06326803747414528 -0.056866303690260134 -0.00864304235090752 -0.1596148973904231 0.09690410269317895 -0.07324543880676523 0.04633801003990218 -0.18782469694951381 0.025146689019279127 0.03441682600382409 -0.04262574595055414 0.03845691623602933 -0.04329524954900782 -0.18144646051622795 -0.06691545489640974 0.10115799281245841 -0.06641123882503194 0.09285425918449737 -0.05060728744939271 -0.0670362253448498 -0.02130177514792899 -0.061187762447510494 0.046717482173592326 -0.2346480279580629 0.11357702349869452 -0.045180722891566265 0.16859153059869908 -0.04573804573804574 0.1760046934584922 -0.03399647443968774 -0.021505376344086013 -0.02419633598340823 -0.16985905312612942 -0.3198346102395719 0.013610492452363274 -0.12889229198570698 0.12638638122259477 -0.1296098343132015 0.13592233009708737 -0.020055151667084478 -0.21612828259353942 -0.16304347826086957 -1.8078500292911546 -3.0421473981634093 -0.5203428709404804 -0.052545977730514205 -0.30848652732309245 0.13881544156530934 -0.10133708655876143 -0.025522605736509475 0.004681100058513752 -0.09779663014021445 -1.1394821620331703 -3.16678912564291 -0.23818384815779683 -0.052005943536404156 0.09559279950341404 0.05169962517771746 0.08600360660285755 -0.06787909836065573 -0.05090564697525749 -0.0464839094159714 -0.10302879841112214 -0.23788765724249594 -0.06287757366539268 -0.14309231353678614 0.015141955835962145 -0.08652822151224708 -0.047748976807639835 0.05463802309698249 -0.13422061809158584 0.053281940823035945 -0.12994826134039225 -0.06141490492500294 -0.08768768768768768 0.06453214197071233 -0.08113843465235301 0.037112874328129 -0.030235309583278563
-0.0036567528035104852 -0.1099511328298534 -0.011259993244004052 -0.07911576497963932 -0.08997120921305182 -1.0408340855860842e-18 0.023479980227385074 -0.022099447513812154 0.04025974025974026 -0.03625209146681539 0.023264831329972858 -0.05718457233240054 -0.056866303690260134 0.012347203358439312 -0.16721560678996708 0.10948905109489052 -0.06392329204954056 0.047625176985455014 -0.17716797655521516 0.03073484213467449 0.0331421287444232 -0.04384362440628426 0.039658694868405245 -0.0312687913409501 -0.18272425249169433 -0.05404709818556171 0.09849594037002529 -0.06641123882503194 0.09285425918449734 -0.03759398496240602 -0.05930127626659791 -0.010650887573964497 -0.05158968206358727 0.036882222768625524 -0.2321517723414878 0.11879895561357703 -0.041073384446878414 0.1632815611310235 -0.04158004158004158 0.17013787034320912 -0.030219088390833544 -0.009054895302773059 -0.014978684180205093 -0.0819178412239489 -0.2480846406421014 0.044543429844098 -0.12123532414497191 0.12767603817384576 -0.11090326028861575 0.14339058999253174 -0.011281022812735023 -0.194050662328608 -0.12001811594202898 -1.4434680726420621 -2.664233576642336 -0.46601472896293605 -0.04503940948329789 -0.2770083102493075 0.14674775251189845 -0.07318789584799437 -0.015799708313077296 -0.009362200117027503 -0.10133144809708967 -1.2492542656007637 -3.7068332108743576 -0.297729810197246 -0.06191183754333829 0.0670391061452514 0.04394468140105985 0.0679705923151616 -0.07684426229508196 -0.052089499230496036 -0.06078665077473182 -0.11668321747765639 -0.3200896749283846 -0.07520650967821477 -0.1671520830695201 0.002523659305993692 -0.10649627263045794 -0.04911323328785812 0.05712156960139079 -0.13760433115271825 0.06688584060764087 -0.12513536277222959 -0.057871737333175854 -0.0876876876876877 0.06825515016133035 -0.08363500187242542 0.04095213718965958 -0.02366241619560931
-0.01097025841053145 -0.09551310528653932 -0.011259993244004052 -0.051192553810354854 -0.08277351247600766 0.01779148380974973 0.032130499258526936 -0.011049723756906082 0.04285714285714286 -0.029280535415504745 0.025849812588858732 -0.04988441416230685 -0.050816696914700546 0.01605136436597111 -0.17228274638966304 0.10319657689403475 -0.07058196830470104 0.04762517698545502 -0.18116424670307715 0.02374965074043029 0.024219247928616953 -0.030446961393252953 0.04206225213315707 -0.020444978953698137 -0.18911321236902634 -0.04375241281688329 0.09716491414880873 -0.05108556832694764 0.08074283407347596 -0.03470213996529786 -0.05930127626659791 0.0047337278106508885 -0.04799040191961608 0.05655274157855914 -0.2234148776834748 0.13838120104438642 -0.02738225629791895 0.17390150006637461 -0.038808038808038806 0.18773833968905834 -0.02770083102493075 -0.0011318619128466323 -0.009217651803203133 -0.046982291290206 -0.20065669463699382 0.05567928730512249 -0.11485451761102602 0.1341243229301006 -0.12292891501870658 0.13592233009708737 0.003760340937578341 -0.16500116198001397 -0.08378623188405797 -1.073227885178676 -2.23687308688486 -0.42858867560062774 -0.02877517828099587 -0.25056660790732815 0.14806980433633002 -0.06333567909922591 -0.020661157024793386 -0.015213575190169689 -0.1048662660539649 -1.316072067772342 -4.2346313984815085 -0.34983252698176404 -0.07429420505200594 0.04841713221601491 0.03489724699495929 0.05409904286308781 -0.08580942622950818 -0.04143482893334912 -0.06912991656734208 -0.13157894736842107 -0.39357329679910324 -0.08630255208975467 -0.18614663796378372 0.010094637223974762 -0.12513312034078808 -0.03137789904502046 0.06084688935800323 -0.13647642679900746 0.07368779049994331 -0.12994826134039225 -0.05550962560529114 -0.10690690690690689 0.06577314470091836 -0.09611783797278742 0.04223189147683645 -0.04206651768108321
-0.0073135056070209705 -0.08996001776988005 -0.009007994595203241 -0.058173356602675974 -0.07437619961612284 0.015419285968449766 0.0333662876915472 -0.007366482504604052 0.03766233766233766 -0.023703290574456214 0.024557321959415793 -0.04745102810560896 -0.0471869328493648 0.013581923694283243 -0.18241702558905498 0.09942109237352129 -0.07324543880676523 0.045050843094349334 -0.18116424670307713 0.020955574182732608 0.02039515615041428 -0.03410059676044331 0.040860473500781154 -0.027660853878532777 -0.20189113212369025 -0.0514734268433921 0.08651670437907627 -0.04853128991060025 0.05786569775265778 -0.030364372469635626 -0.06059043444630655 0.008284023668639054 -0.04319136172765447 0.06024096385542168 -0.22591113330004994 0.1462140992167102 -0.028751369112814895 0.1765564848002124 -0.05405405405405406 0.1994719859196245 -0.017627801561319566 0.002263723825693265 -0.004608825901601566 -0.03854957234068185 -0.16660586160768578 0.05444196980945311 -0.10974987238386931 0.12896569512509673 -0.12560128273650456 0.12845407020164298 0.011281022812735023 -0.14757146177085753 -0.062273550724637694 -0.7498535442296427 -1.7871438662585355 -0.3851261620185923 -0.017515325910171402 -0.22538403424830017 0.15203595980962453 -0.049261083743842374 -0.012153621779290228 -0.019894675248683442 -0.09426181218333922 -1.3769239947500298 -4.670585353906441 -0.40317578464210396 -0.07553244180287272 0.026070763500931106 0.025849812588858732 0.03745318352059925 -0.08324795081967214 -0.046170237954303306 -0.0762812872467223 -0.1861966236345581 -0.48200274006725624 -0.13438540253976083 -0.19754337090034194 -0.012618296529968454 -0.1424387646432375 -0.05320600272851296 0.06457220911461567 -0.14098804421385064 0.07028681555379208 -0.1395740584767176 -0.059052793197118224 -0.11171171171171171 0.059568131049888305 -0.09486955436275123 0.033273611466598414 -0.03286446693834626
-0.02072159921989274 -0.09329187027987561 -0.005629996622002025 -0.055846422338568937 -0.08037428023032629 0.017791483809749733 0.025951557093425604 0.001227747084100676 0.01948051948051948 -0.018126045733407696 0.03360475636551635 -0.04258425599221317 -0.037507562008469456 0.006173601679219654 -0.19001773498859892 0.08809463881198087 -0.07990411506192568 0.04118934225769083 -0.19848141734381247 0.015367421067337248 0.016571064372211602 -0.030446961393252953 0.0444658093979089 -0.01803968731208659 -0.2018911321236903 -0.0514734268433921 0.08917875682150939 -0.040868454661558105 0.057865697752657784 -0.03470213996529786 -0.06059043444630656 0.0047337278106508885 -0.043191361727654476 0.05901155642980083 -0.22341487768347473 0.14490861618798956 -0.028751369112814895 0.1792114695340502 -0.05682605682605683 0.2009386916984453 -0.005036514731805592 0.010186757215619693 -0.001152206475400391 -0.027707505119865077 -0.1325550285783777 0.06186587478346943 -0.10081674323634507 0.12767603817384574 -0.12693746659540353 0.12397311426437636 0.017548257708698924 -0.12433186149198235 -0.04642210144927537 -0.4663151728178091 -1.3303508358841536 -0.34407823252444764 -0.001251094707869387 -0.20020146058927227 0.16657852987837124 -0.038001407459535536 -0.01701507049100632 -0.04798127559976595 -0.10015317544479792 -1.3828898699439207 -5.023267205486161 -0.4441136335442253 -0.0866765725606736 0.0024829298572315362 0.00904743440610056 0.016645859342488554 -0.08709016393442623 -0.058008760506688774 -0.08343265792610251 -0.23212512413108238 -0.6040602814796363 -0.15781038096412278 -0.21147271115613525 -0.003785488958990535 -0.16240681576144836 -0.040927694406548434 0.05587979634918665 -0.13647642679900743 0.0657521822922571 -0.15641920346528698 -0.06732018424471478 -0.13573573573573575 0.031025068255150157 -0.10360753963300462 0.005119017148707453 -0.04206651768108321
-0.010970258410531451 -0.07663260772989781 0.007881995270802838 -0.031413612565445025 -0.07437619961612284 0.028466374095599573 0.025951557093425608 0.02087170042971148 0.027272727272727275 -0.006971556051310654 0.02326483132997286 -0.027983939652025797 -0.03871748336358137 0.027163847388566486 -0.19508487458829488 0.09564560785300782 -0.07058196830470102 0.041189342257690824 -0.19182096709737578 0.01816149762503493 0.02804333970681963 -0.030446961393252953 0.06249248888354765 -0.024052916416115455 -0.20316892409915668 -0.06434178355424013 0.09716491414880873 -0.05874840357598978 0.059211411653882384 -0.049161364950838636 -0.052855485368054664 0.007100591715976332 -0.027594481103779246 0.05901155642980084 -0.21717423864203692 0.13707571801566582 -0.02190580503833516 0.1765564848002124 -0.04435204435204435 0.21120563215019067 0.003777386048854192 0.01810979060554612 0.009217651803203136 -0.03132152752680399 -0.12525842150066885 0.05320465231378372 -0.0765696784073507 0.117358782563838 -0.10956707642971675 0.11351755041075426 0.03258962145901229 -0.10341622124099466 -0.02151268115942029 -0.3397773872290568 -0.9288909818695549 -0.29578655076663035 0.020017515325910167 -0.1775371442961471 0.17318878900052884 -0.019704433497536943 -0.0024307243558580444 -0.028086600351082503 -0.06951808648521267 -1.2647655411048802 -4.840803330884153 -0.42922714303436293 -0.07800891530460624 0.0024829298572315362 0.0245573219594158 0.03051740879456235 -0.08837090163934425 -0.04972179472001894 -0.08462455303933254 -0.27308838133068514 -0.7086810312616765 -0.19109850819874247 -0.22160314043307583 -0.027760252365930597 -0.154419595314164 -0.05593451568894951 0.05587979634918665 -0.13647642679900746 0.06688584060764084 -0.1467934063289616 -0.057871737333175854 -0.14054054054054055 0.03102506825515015 -0.10984895768318563 0.01535705144612235 -0.04469567503615091
-0.02559726962457338 -0.06885828520657485 -0.00225199864880081 -0.02326934264107039 -0.08157389635316699 0.04269956114339936 0.006178942165101333 0.03314917127071823 0.0064935064935064905 0.00278862242052426 0.012924906294429366 -0.032850711765421585 -0.039927404718693285 0.023459686381034694 -0.18115024068913096 0.09942109237352127 -0.05460114529231589 0.03732784142103231 -0.1838284268016518 0.015367421067337248 0.007648183556405357 -0.031664839848983065 0.06008893161879582 -0.020444978953698137 -0.21339125990288785 -0.06562861922532492 0.08784773060029283 -0.058748403575989774 0.04979141434531018 -0.04916136495083863 -0.0670362253448498 0.002366863905325444 -0.03959208158368326 0.05901155642980084 -0.2234148776834748 0.13707571801566582 -0.02738225629791895 0.17257400769945574 -0.05405405405405406 0.20680551481372839 -0.006295643414756989 0.012450481041312961 0.010369858278603525 -0.03132152752680399 -0.13620333211723212 0.043306112348428606 -0.08677896886166411 0.10188289914882642 -0.1215927311598076 0.10007468259895444 0.02130859864627726 -0.0964443411573321 -0.016983695652173912 -0.2577621558289397 -0.6192606545797033 -0.2643969576240492 0.0037532841236081554 -0.16242760010073035 0.150713907985193 -0.012667135819845177 -0.00850753524550316 -0.015213575190169687 -0.06362672322375398 -1.138288986994392 -4.535880480039187 -0.39697308026299466 -0.0941059930658742 0.017380509000620735 0.010339925035543492 0.03745318352059925 -0.09989754098360655 -0.052089499230496036 -0.09415971394517283 -0.30412115193644484 -0.7821646531323949 -0.21575638022438665 -0.23173356971001646 -0.03028391167192429 -0.16906283280085196 -0.055934515688949527 0.031044331305103694 -0.1454996616286939 0.04534633261534974 -0.16243532667549032 -0.0661391283807724 -0.16936936936936936 0.017374038222884088 -0.13231806266383722 0.010238034297414897 -0.07098724858682792
-0.030472940029254027 -0.08884940026654818 -0.0022519986488008107 -0.020942408376963352 -0.07197696737044146 0.021349780571699672 0.012357884330202674 0.014732965009208104 0.0077922077922077905 -0.006971556051310647 0.009047434406100556 -0.04866772113395791 -0.048396854204476716 0.03210272873194221 -0.17734988598935902 0.09187012333249434 -0.05593288054334798 0.03217917363882096 -0.19315305714666314 0.012573344509639563 0.00637348629700446 -0.04871513822920472 0.055281817089292154 -0.006013229104028864 -0.21594684385382062 -0.08750482563376656 0.08917875682150939 -0.08684546615581097 0.04844570044408559 -0.07663389242336612 -0.06316875080572386 -0.015384615384615385 -0.038392321535692865 0.05901155642980084 -0.21717423864203694 0.12010443864229765 -0.028751369112814895 0.15398911456259126 -0.06237006237006236 0.18333822235259606 -0.01636867287836817 -0.005659309564233163 0.010369858278603525 -0.03373087579809661 -0.13377112975799582 0.02969561989606533 -0.07401735579377233 0.08253804488006192 -0.10823089257081775 0.08364451082897685 0.01504136375031336 -0.0964443411573321 -0.01132246376811594 -0.17106033977738724 -0.3920414410171886 -0.23421465652541346 0.006255473539346926 -0.15361369932007052 0.15203595980962453 -6.938893903907229e-19 -0.0048614487117160906 -0.00351082504388531 -0.05420054200542006 -1.004653382651235 -4.109723242713692 -0.3734028036223794 -0.08543833580980684 0.022346368715083803 0.0012924906294429343 0.04161464835622139 -0.11142418032786885 -0.06747957854859714 -0.11084624553039332 -0.3376365441906653 -0.827002117324698 -0.24657872025644187 -0.2367987843484868 -0.04290220820189274 -0.1703940362087327 -0.06548431105047749 0.024835465044082954 -0.16467403564177757 0.04081169935381476 -0.16363855131753097 -0.07086335183654187 -0.1945945945945946 0.006205013651030033 -0.15478716764448883 0.003839262861530586 -0.08150387800709871
-0.032910775231594344 -0.0888494002665482 -0.003377997973201216 -0.004653868528214078 -0.05998080614203456 0.0332107697781995 0.013593672763222939 0.007366482504604051 0.006493506493506493 -0.001394311210262128 0.012924906294429366 -0.045017642048911066 -0.06412583182093165 0.05062353376960118 -0.16974917658981503 0.10697206141454821 -0.0546011452923159 0.03475350752992663 -0.18516051685093912 0.01955853590388377 0.002549394518801784 -0.05236877359639508 0.05648359572166807 -0.0036079374624173183 -0.20700230002555586 -0.08235748294942735 0.0825236257154266 -0.09195402298850572 0.04709998654286099 -0.08097165991902835 -0.0670362253448498 -0.008284023668639054 -0.05038992201559689 0.0725350381116302 -0.21467798302546184 0.13185378590078328 -0.028751369112814895 0.1486791450949157 -0.062370062370062374 0.1716045761220299 -0.01133215814656258 0.00792303338992643 0.016130890655605485 -0.021684134441633536 -0.126474522680287 0.04825538233110617 -0.06763654925982646 0.09156564353881867 -0.09887760555852484 0.1015683345780433 0.008774128854349462 -0.08017662096211944 -0.015851449275362323 -0.1124780316344464 -0.2601836590534495 -0.19678860316310515 0.010008757662955083 -0.14479979853941072 0.14806980433633 0.015482054890921883 6.938893903907229e-19 0.016383850204798135 -0.05891363261458701 -0.8566996778427395 -3.5880480039186877 -0.30889467807964277 -0.09162951956414066 0.040968342644320296 -0.01163241566498643 0.062421972534332085 -0.10886270491803278 -0.07931810110098261 -0.11203814064362336 -0.35501489572989076 -0.8332295429069623 -0.2613734434718284 -0.23046726605039894 -0.06056782334384858 -0.16240681576144833 -0.06548431105047749 0.01986837203526637 -0.17256936611775325 0.015871216415372407 -0.1624353266754903 -0.07913074288413842 -0.21021021021021022 -0.0012410027302060065 -0.18224940706528525 0.0012797542871768627 -0.10385171552517418
-0.03900536323744515 -0.06663705019991115 -0.004503997297601621 0.010471204188481676 -0.055182341650671776 0.053374451429249195 0.0012357884330202683 0.03314917127071824 -0.0025974025974025983 0.018126045733407696 0.019387359441644048 -0.024333860566978952 -0.05807622504537204 0.06667489813557229 -0.1570813275905751 0.1271079788572867 -0.04794246903715541 0.045050843094349334 -0.17050752630877847 0.01955853590388377 0.010197578075207138 -0.045061502862014366 0.06249248888354765 -0.0036079374624173183 -0.19294658829542552 -0.07206279758074893 0.09583388792759218 -0.07790549169859515 0.05517426995020859 -0.07085020242914981 -0.06832538352455846 0.007100591715976332 -0.05518896220755849 0.07376444553725106 -0.2146779830254618 0.13577023498694518 -0.03285870755750274 0.15929908403026685 -0.062370062370062374 0.1906717512466999 -0.01133215814656258 0.020373514431239387 0.012674271229404307 -0.0168654378990483 -0.12404232032105071 0.0680524622618164 -0.06891271056661562 0.10833118390508126 -0.09219668626402991 0.11501120238984316 0.01504136375031336 -0.05926098071113176 -0.006793478260869566 -0.07264206209724665 -0.17541794207676004 -0.15694796571290598 0.036281746528212186 -0.1284311256610426 0.1639344262295082 0.014074595355383529 -0.0024307243558580444 0.050321825629022834 -0.06244845057146222 -0.7111323231118005 -3.0173891746265005 -0.24438655253690608 -0.08915304606240712 0.0782122905027933 -0.012924906294429366 0.08461645165765017 -0.10630122950819672 -0.06274416952764296 -0.10846245530393325 -0.3512909632571996 -0.8232656619753393 -0.2342497842436198 -0.23046726605039888 -0.039116719242902206 -0.1557507987220447 -0.051841746248294684 0.028560784800695405 -0.1511391833972479 0.02267316630767487 -0.14799663097100227 -0.061414904925002956 -0.1885885885885886 0.016133035492678083 -0.16227686930470603 0.01279754287176862 -0.0933350861049034
-0.0438810336421258 -0.057752110173256335 0.001125999324400405 0.005817335660267597 -0.04318618042226487 0.05693274819119913 0.006178942165101337 0.039287906691221605 -1.3877787807814458e-18 0.025097601784718353 0.016802378182758173 -0.01581700936853632 -0.054446460980036304 0.08025682182985552 -0.14694704839118317 0.11452303045557513 -0.05193767479025169 0.029604839747715272 -0.16517916611162914 0.005588153115395363 0.01274697259400892 -0.03897211058336378 0.06249248888354765 -0.014431749849669273 -0.18272425249169438 -0.08750482563376656 0.10648209769732464 -0.08301404853128992 0.056519983851433184 -0.08675534991324466 -0.06961454170426712 0.007100591715976332 -0.041991601679664065 0.06638800098352596 -0.1984523215177234 0.12140992167101827 -0.021905805038335162 0.15797159166334795 -0.05405405405405406 0.1994719859196245 -0.008813900780659783 0.01810979060554612 0.016130890655605485 -0.021684134441633533 -0.12282621914143259 0.04578074733976739 -0.0701888718734048 0.08769667268506577 -0.10555852485301978 0.08364451082897684 0.016294810729506143 -0.053451080641412976 -0.006793478260869566 -0.044522554188635044 -0.1295031787143866 -0.12435108052637933 0.04629050419116727 -0.11332158146562579 0.15996827075621362 0.021111893033075292 0.0024307243558580444 0.07255705090696314 -0.03770472487333569 -0.5679513184584178 -2.4136664217487143 -0.1625108547326634 -0.06810302129767212 0.11049037864680322 -0.006462453147214683 0.10681093078096823 -0.10117827868852458 -0.060376465017165856 -0.1036948748510131 -0.3450844091360477 -0.7896375638311122 -0.24041425225003082 -0.21780422945422315 -0.051735015772870666 -0.14110756123535675 -0.06821282401091405 0.028560784800695405 -0.14888337468982632 0.018138533046139892 -0.1383708338346769 -0.05787173733317587 -0.1873873873873874 0.017374038222884088 -0.16727000374485082 0.010238034297414897 -0.09464966478243723
-0.03169185763042419 -0.051088405153265216 0.009007994595203243 0.012798138452588714 -0.02279270633397313 0.053374451429249195 0.02842313395946614 0.036832412523020254 0.01818181818181818 0.02230897936419409 0.009047434406100554 -0.018250395425234215 -0.06412583182093165 0.06914433880726015 -0.14314669369141117 0.11955700981625976 -0.05992808629644427 0.03861500836658514 -0.1665112561609165 0.015367421067337244 0.01912045889101338 -0.051150895140664954 0.06729960341305131 -0.025255562236921224 -0.16994633273703044 -0.10037318234461459 0.11979235990949022 -0.08173690932311621 0.057865697752657784 -0.0896471949103528 -0.05672295990718061 0.01301775147928994 -0.02399520095980804 0.08237029751659701 -0.17598602096854715 0.1318537859007833 -0.009583789704271633 0.1646090534979424 -0.04435204435204435 0.20973892637136987 -0.0062956434147569875 0.019241652518392754 0.009217651803203135 -0.02650283098421876 -0.13133892739875958 0.03835684236575106 -0.07784583971413986 0.09801392829507351 -0.12560128273650453 0.08364451082897685 0.02005515166708448 -0.04764118057169417 -0.006793478260869566 -0.026947861745752782 -0.0812338121026607 -0.09899794760352529 0.06380583010133867 -0.09695290858725761 0.1639344262295082 0.028149190710767057 0.009722897423432183 0.09362200117027501 -0.031813361611876985 -0.4450542894642644 -1.8430075924565272 -0.09924327006574868 -0.04705299653293711 0.12787088764742396 0.006462453147214682 0.11790817034262728 -0.10117827868852461 -0.05682490825145022 -0.10488676996424315 -0.34260178748758696 -0.7198903973097522 -0.2305511034397732 -0.1962770672407243 -0.044164037854889586 -0.1211395101171459 -0.0723055934515689 0.0260772382962871 -0.14775547033611552 0.01360389978460492 -0.14559018168692095 -0.06377701665288768 -0.17897897897897902 0.01737403822288409 -0.15229060042441642 0.010238034297414895 -0.08413303536216642
-0.03169185763042419 -0.05553087516659263 0.01914198851480689 0.008144269924374637 -0.020393474088291747 0.039141264381449416 0.01977261492832427 0.015960712093308776 0.002597402597402597 0.011154489682097047 0.012924906294429366 -0.015817009368536316 -0.0677555958862674 0.0827262625015434 -0.1228781352926273 0.12584948401711551 -0.04394726328405913 0.03990217531213799 -0.14786199547089382 0.013970382788488403 0.04461440407903122 -0.05480453050785531 0.06970316067780315 -0.025255562236921224 -0.14566828520316893 -0.09779951100244497 0.14641288433382135 -0.07535121328224777 0.06997712286367919 -0.07807981492192019 -0.052855485368054664 -0.0035502958579881672 -0.014397120575884822 0.06761740840914679 -0.16600099850224662 0.12402088772845954 -0.0027382256297918987 0.1646090534979424 -0.040194040194040194 0.20240539747726607 -0.003777386048854193 0.01245048104131296 0.010369858278603527 -0.018070112034694615 -0.12769062385990515 0.035882207374412264 -0.0701888718734048 0.09285530049006964 -0.10956707642971675 0.07766990291262135 0.021308598646277266 -0.053451080641412976 -0.00792572463768116 -0.0140597539543058 -0.04944666823640216 -0.0833031510322347 0.06755911422494683 -0.08562075044069505 0.1573241671073506 0.038001407459535536 0.010938259601361206 0.10532475131655941 -0.015317544479792628 -0.3364753609354492 -1.2698995836394809 -0.029772981019724604 -0.03219415552253591 0.15021725636250777 0.005169962517771744 0.11790817034262727 -0.0934938524590164 -0.0662957262933586 -0.09296781883194277 -0.31156901688182725 -0.6439158052061278 -0.2083590186166934 -0.17601620868684312 -0.046687697160883286 -0.10649627263045795 -0.08185538881309687 0.02111014528747051 -0.14662756598240473 0.007935608207686204 -0.13355793526651424 -0.06495807251683004 -0.16696696696696697 0.014892032762472076 -0.1398077643240544 -0.0025595085743537237 -0.07098724858682791
