-0.28891868828477385 -0.19121734296831575 -0.7073774179037338 -0.7286695378884879 -0.44479079247092673 -0.16018035121025154 -0.2507101395578609 -0.11296660117878192 -0.14022331861854065 -0.05302818866871337 -0.264960579035802 -0.21429441129915988 -0.8028578348268347 -1.6076058772687987 -0.5955397871262037 -0.15347842495911435 -0.25709337951245503 -0.0309079201545396 -0.14809873248832556 0.008389261744966441 -0.24076433121019108 -0.13045598634479394 -0.27877913962989664 -0.3755416466056813 -0.4920127795527156 -0.20865533230293662 -0.4139028920137967 -0.07287138839171567 -0.24976500604270177 -0.07092198581560284 -0.21416591407560315 -0.0959374629870899 -0.2232089283571343 -0.19918849133161198 -0.23372078490188727 -0.136986301369863 -0.13145282760509377 -0.07027313709891277 -0.10810810810810811 -0.06004686584651435 -0.16122937397657136 -0.07018338238623499 -0.1762875907362599 -0.04459443172230927 -0.12538040170419965 -0.063071976255256 -0.14553810800459593 -0.030919866013913944 -0.10164504480406582 -0.026861662438442024 -0.11022044088176353 -1.0408340855860842e-18 -0.0724309642372114 0.05156451423883744 -0.10695815702867888 0.051976308473347034 -0.22707423580786026 -0.02898550724637681 -0.09232392508572936 0.032385243593353985 -0.09352605368638407 0.07597895967270601 -0.05063589260480452 0.09784035317981146 -0.06601466992665037 -0.038333127241251395 -0.18159357628165534 -0.0964988246938018 -0.15860735009671179 -0.10377750103777501 -0.12928827444956478 0.037892243931320305 -0.10482430017867779 0.1515527950310559 -0.10456865430100834 0.08016773556980758 -0.11019632678910703 0.025242963523917705 -0.05061267980820459 1.734723475976807e-18 -0.013652724339084025 0.0858854107808792 0.05556185508561062 0.04576659038901602 -0.06843657817109144 0.0733878729547642 -0.16472628189249441 0.08376047005875734 -0.08055235903337168 0.06975519873650962
-0.3047665488236011 -0.19566425792106726 -0.8029689608636976 -0.9312070771737865 -0.4999400551492627 -0.16018035121025154 -0.2581202914659751 -0.11419449901768171 -0.1519085951700857 -0.0432598381244767 -0.28047046658911723 -0.22038232071106784 -0.9699685153790263 -2.3274478330658104 -0.701976685250887 -0.18241288212353754 -0.29172772079392567 -0.04249839021249195 -0.17611741160773847 0.005592841163310965 -0.2522292993630573 -0.14142891977566446 -0.34126411920211486 -0.4670197400096293 -0.5597444089456869 -0.21251931993817616 -0.43380206951446015 -0.060086934287905916 -0.2524506512689674 -0.05210594876248372 -0.2270674751644949 -0.0983062892336847 -0.24360974438977562 -0.20533628427394568 -0.2537182852143482 -0.13176777560339203 -0.13008352731754075 -0.06894722885176346 -0.10533610533610534 -0.05272407732864676 -0.16878700088172313 -0.059995472039846044 -0.18896186196566425 -0.056646980836446904 -0.1472915398660986 -0.06430868167202572 -0.15575130856632197 -0.015459933006956968 -0.1043199144041728 -0.013430831219221012 -0.12024048096192383 0.0 -0.08601177003168854 0.03632954412281728 -0.12223789374706158 0.0652725734316451 -0.22832189644416717 -0.013862633900441082 -0.08309153257715643 0.04787383835539284 -0.10810154257257379 0.06896551724137931 -0.06594441827602449 0.08948812790836416 -0.08679706601466994 -0.044515889699517745 -0.18406423718344656 -0.10639614004701226 -0.15473887814313345 -0.109312301093123 -0.12800819252432158 0.039076376554174064 -0.11673615247170935 0.14782608695652172 -0.10830324909747294 0.08510113468179575 -0.11399620012666245 0.03029155622870125 -0.04794885455514118 0.005460750853242322 -0.017376194613379668 0.08927562436433495 0.04308878557659598 0.033722750812959175 -0.07787610619469026 0.0733878729547642 -0.1709189992568739 0.08501062632829104 -0.08310957678046285 0.07633587786259544
-0.325490674143606 -0.2045580878265703 -0.8828160143949617 -1.1104644395297405 -0.5598849058865845 -0.1815377313716184 -0.2791157218722984 -0.12401768172888014 -0.15710205141521683 -0.06140106056377338 -0.3011503166602042 -0.23377572141726533 -1.1419229837733107 -3.1226077293493026 -0.8274201723264065 -0.22141149830167314 -0.33701878246969497 -0.051513200257566005 -0.2121414276184123 0.006991051454138702 -0.267515923566879 -0.17312850524262374 -0.3977409276616198 -0.5861819932595089 -0.6261980830670926 -0.24600721277691912 -0.4563544706818784 -0.06520071592942982 -0.26453605478716263 -0.050658561296859174 -0.23996903625338667 -0.11251924671325357 -0.2604104164166567 -0.21271363580474612 -0.2824646919135108 -0.13437703848662752 -0.1382993290428591 -0.06629541235746486 -0.10810810810810809 -0.049794961921499716 -0.1826426502078347 -0.0724473624632103 -0.20624495909667012 -0.08798360853320478 -0.17772367620206939 -0.09398961167449912 -0.18128430997063705 -0.02318989951043545 -0.12705630600508225 -0.01790777495896135 -0.1189879759519038 -0.022095592510757066 -0.08148483476686283 0.0011719207781553955 -0.13634226610249175 0.03142753535597728 -0.23580786026200876 -0.02898550724637681 -0.08704827222368769 0.02956913545480146 -0.10324304627717722 0.05493863237872589 -0.06947715496938295 0.07994272759813865 -0.08924205378973106 -0.054408309632743915 -0.1865348980852378 -0.10887046888531486 -0.16118633139909733 -0.11207970112079699 -0.12288786482334872 0.02841918294849023 -0.11673615247170935 0.12422360248447206 -0.1058135192331632 0.06906758756783425 -0.10259658011399622 0.023980815347721823 -0.031965903036760786 0.0040955631399317415 -0.02730544867816805 0.08475533958639395 0.031749631477491776 0.02649644706732507 -0.09203539823008848 0.06857555341674687 -0.1771117166212534 0.08626078259782473 -0.0869454034010996 0.07765201368781259
-0.3389004022918445 -0.22012229016120063 -0.9367971210076472 -1.2594575718775463 -0.5982496103584702 -0.20526815377313717 -0.28158577250833644 -0.12892927308447938 -0.1493118670475201 -0.06558749651130338 -0.3192451854724053 -0.2508218677706076 -1.2945023007992251 -3.915298184961107 -0.9401926001013685 -0.27173229337023524 -0.353003863061143 -0.09143593045717965 -0.22681787858572383 -0.018176733780760623 -0.26878980891719745 -0.19629358693001706 -0.45902427301129534 -0.693307655272027 -0.6862619808306709 -0.27563111798042245 -0.4523746351817458 -0.08054206085400153 -0.25379347388210016 -0.06368504848748009 -0.25674106566894594 -0.1362075091792017 -0.2844113764550582 -0.24714127628181487 -0.3087114110736158 -0.16568819308545335 -0.1451458304806244 -0.07557677008750995 -0.10533610533610534 -0.06444053895723492 -0.18516185917621866 -0.0962191532714512 -0.2062449590966701 -0.11449921658430758 -0.18259281801582472 -0.12738065792728173 -0.17617770968977403 -0.056686421025508894 -0.12170656680486829 -0.04178480823757648 -0.12775551102204408 -0.041865333178276544 -0.09167043911272069 -0.003515762334466191 -0.14692054536906438 0.006043756799226398 -0.24703680598877104 -0.04662885948330183 -0.09891849116328147 0.00563221627710504 -0.10931616664642294 0.040911747516072475 -0.07183231276495525 0.07874955255936048 -0.09046454767726161 -0.05688141461605045 -0.17912291537986408 -0.10763330446616355 -0.1521598968407479 -0.11207970112079702 -0.12032770097286224 0.013025458851391359 -0.12150089338892198 0.09440993788819876 -0.10332378936885349 0.04440059200789344 -0.09499683343888538 0.008835037233371198 -0.018646776771443795 -0.015017064846416382 -0.03847585950105498 0.06893434286360041 0.024946139018029254 0.015656991448873902 -0.10855457227138643 0.04331087584215591 -0.1783502600941293 0.06250781347668458 -0.08566679452755402 0.05001316135825218
-0.32670974033890043 -0.22345747637576432 -0.9784075573549258 -1.3944825980677453 -0.628222035727131 -0.2100142382534409 -0.2803507471903174 -0.11542239685658154 -0.14671513892495452 -0.05302818866871337 -0.3179526948429624 -0.2520394496529892 -1.4555582465488013 -4.693171996542783 -1.0276229092752154 -0.2855705120140898 -0.3583322232582923 -0.09916291049581456 -0.2294863242161441 -0.008389261744966443 -0.2713375796178344 -0.20848573518653984 -0.5239125210285989 -0.8112662493981706 -0.7527156549520766 -0.29752704791344664 -0.4430883523481029 -0.09076962413704935 -0.24842218342956893 -0.06079027355623101 -0.242549348471165 -0.16344901101504206 -0.3060122404896196 -0.27542112381654993 -0.3312085989251344 -0.19308545335942595 -0.1410379296179652 -0.08883585255900292 -0.09979209979209978 -0.07322788517867605 -0.16626779191333924 -0.10980303373330313 -0.20739716557207047 -0.1313727853441003 -0.18502738892270237 -0.1273806579272817 -0.16213455891740075 -0.05024478227261016 -0.12170656680486827 -0.03283092075809581 -0.12274549098196393 -0.058146296080939644 -0.1041195110909914 -0.0375014649009727 -0.15162200282087446 -0.00967001087876224 -0.23705552089831566 -0.05545053560176434 -0.09759957794777105 0.005632216277105041 -0.09231142961253493 0.02688486265341905 -0.07300989166274138 0.07755637752058228 -0.097799511002445 -0.05688141461605045 -0.1803582458307597 -0.10763330446616355 -0.15602836879432624 -0.10377750103777501 -0.11520737327188939 0.00710479573712256 -0.12507444907683146 0.084472049689441 -0.1058135192331632 0.04686729156388751 -0.08106396453451552 0.029029408052505368 -0.007991475759190198 -0.002730375426621161 -0.040958173017252075 0.06441405808565939 0.020410477378387575 0.0012043839576056864 -0.1097345132743363 0.042107795957651586 -0.1672033688382462 0.06375796974621828 -0.08310957678046285 0.05790997630955515
-0.3011093502377179 -0.23790994997220677 -0.9840305892937472 -1.478291235013386 -0.6294209327418775 -0.2218794494542003 -0.2754106459182414 -0.11665029469548134 -0.1415216826798234 -0.04465531677365337 -0.30632027917797594 -0.26786801412394984 -1.605715669653669 -5.472280528460304 -1.0859097820577799 -0.2918606113976601 -0.3623284934061543 -0.09658725048293625 -0.2428285523682455 -0.004194630872483227 -0.26496815286624203 -0.2218970982687149 -0.5755827925979331 -0.9256138661531054 -0.8063897763578274 -0.306543019062339 -0.44176174051472544 -0.09076962413704934 -0.24305089297703772 -0.06513243595310465 -0.23867888014449745 -0.17647755537131352 -0.31081243249729995 -0.2840280339358171 -0.34620672415948006 -0.19960861056751467 -0.15336163220594276 -0.10474675152479448 -0.11226611226611227 -0.07908611599297014 -0.17508502330268297 -0.13244283450305636 -0.20509275262126972 -0.1566831384837893 -0.18015824710894704 -0.13356418501113035 -0.15447465849610623 -0.05282143777376965 -0.10966965360438677 -0.03730786449783614 -0.11773547094188377 -0.06279799976741482 -0.08827523766410142 -0.04218914801359429 -0.13751763046544427 -0.01571376767798864 -0.22083593262632567 -0.0630119722747322 -0.081772619361646 -0.00563221627710504 -0.0753066925786469 0.011689070718877847 -0.051813471502590656 0.07278367736546952 -0.08068459657701713 -0.05317175714109064 -0.16676961087090797 -0.11010763330446616 -0.14184397163120568 -0.10239380102393802 -0.09344598054275473 -0.0023682652457075208 -0.10839785586658726 0.08198757763975155 -0.0771816257936014 0.05180069067587567 -0.06713109563014566 0.041650889814464215 -0.005327650506126798 0.009556313993174062 -0.01861735137147822 0.0666742004746299 0.02948180065767094 0.008430687703239794 -0.09911504424778761 0.049326275264677574 -0.1436710428536042 0.06625828228528566 -0.06648766142437028 0.05527770465912082
-0.29257588687065705 -0.23123957754307947 -0.9806567701304545 -1.4806192527063207 -0.6330176237861168 -0.22187944945420024 -0.2766456712362604 -0.11665029469548134 -0.15190859517008568 -0.03209600893106336 -0.3024428072896471 -0.26665043224156826 -1.7595059336401069 -6.142733670823558 -1.1378611251900659 -0.3107309095483709 -0.3836419341947516 -0.10817772054088862 -0.266844563042028 -0.009787472035794184 -0.2611464968152866 -0.24018532065349912 -0.6416726748377793 -1.1338468945594609 -0.8741214057507987 -0.33359093250901595 -0.4682939771822765 -0.09716185118895423 -0.25782194172149864 -0.06802721088435375 -0.242549348471165 -0.18476844723439534 -0.32041281651266057 -0.31107832288208537 -0.3724534433195851 -0.20874103065883887 -0.1834862385321101 -0.11137629276054099 -0.13998613998614 -0.07615700058582309 -0.16878700088172313 -0.13810278469549467 -0.20509275262126975 -0.17958298180065083 -0.18502738892270237 -0.14964135542913676 -0.1570279586365377 -0.06570471527956713 -0.11501939280460076 -0.043277122817489924 -0.11648296593186372 -0.07326433306198395 -0.09732910819375283 -0.05156451423883747 -0.14574518100611186 -0.02296627583706032 -0.23081721771678101 -0.07435412728418397 -0.08441044579266684 -0.009856378484933823 -0.07166282035709948 0.002337814143775567 -0.051813471502590656 0.0656246271328004 -0.08190709046454768 -0.05564486212439719 -0.17171093267449042 -0.11258196214276876 -0.1521598968407479 -0.09132420091324199 -0.08064516129032259 -0.002368265245707519 -0.09886837403216202 0.0782608695652174 -0.07344703099713681 0.04933399111988159 -0.06079797340088664 0.041650889814464215 -0.013319126265317 0.017747440273037544 -0.023581978403872408 0.05989377330771839 0.028347885247760517 -0.004817535830422738 -0.09793510324483776 0.03849855630413859 -0.15853356452811493 0.0587573446680835 -0.08055235903337168 0.05396156883390366
-0.274289893941241 -0.21456364647026124 -0.9345479082321188 -1.457339075776976 -0.6150341685649203 -0.2218794494542003 -0.27294059528220327 -0.11419449901768172 -0.16748896390547907 -0.022327658386826685 -0.306320279177976 -0.2581273590648971 -1.8793896827318963 -6.729225830349426 -1.1720729853015714 -0.32331110831551135 -0.4076195550819236 -0.10817772054088859 -0.2935290193462308 -0.004194630872483224 -0.27388535031847133 -0.2316508168739332 -0.6957462148521989 -1.3757823784304286 -0.9405750798722045 -0.33487892838742916 -0.49349960201644993 -0.09588340577857325 -0.2779642809184907 -0.05500072369373281 -0.2464198167978325 -0.18595286035769276 -0.3336133445337814 -0.32952170170908646 -0.392450943632046 -0.2035225048923679 -0.18896343968232232 -0.10076902678334661 -0.1483021483021483 -0.05272407732864674 -0.17004660536591512 -0.136970794657007 -0.18780965549026385 -0.1880197661805472 -0.1911138161898965 -0.1607717041800643 -0.15958125877696921 -0.06570471527956713 -0.11769426240470779 -0.03880017907774959 -0.12775551102204408 -0.06861262937550877 -0.09732910819375283 -0.06211180124223603 -0.15397273154677948 -0.026592529916596157 -0.2383031815346226 -0.07309388783868935 -0.08572935900817727 -0.00281610813855252 -0.07409206850479777 0.009351256575102277 -0.050635892604804514 0.058465576900131246 -0.08068459657701713 -0.051935204649437364 -0.1791229153798641 -0.11010763330446616 -0.15731785944551901 -0.085789400857894 -0.07808499743983614 0.005920663114268796 -0.08933889219773675 0.07950310559006211 -0.07344703099713683 0.040700542673902315 -0.059531348955034834 0.044175186166855986 -0.017314864144912095 0.023208191126279865 -0.033511232468660786 0.07006441405808568 0.026080054427939675 -0.00240876791521137 -0.1014749262536873 0.054138594802694895 -0.16720336883824624 0.07750968871108888 -0.08950262114819077 0.08160042116346407
-0.2633182981835914 -0.19677598665925514 -0.8648223121907332 -1.36305435921313 -0.5802661551372736 -0.21476032273374468 -0.2618253674200321 -0.1068271119842829 -0.15450532329265126 -0.012559307842590012 -0.3101977510663048 -0.24473395835869965 -1.9387260837975298 -7.121866897147797 -1.1758743030917382 -0.31324694930179897 -0.41694418542693495 -0.10173857050869287 -0.3068712474983322 0.001398210290827738 -0.28152866242038216 -0.23652767617654233 -0.7630377313145879 -1.6634569090033704 -0.9968051118210864 -0.3451828954147347 -0.5027858848500928 -0.0984402965993352 -0.29004968443668594 -0.04921117383123462 -0.2502902851245 -0.18121520786450313 -0.33961358454338175 -0.32952170170908646 -0.39995000624921884 -0.21656881930854532 -0.18759413939476927 -0.09811721028904799 -0.14137214137214132 -0.04393673110720562 -0.1700466053659151 -0.13923477473398232 -0.1924184813918654 -0.18319874653489215 -0.20206938527084603 -0.1595349987632946 -0.16724115919826377 -0.06956969853130637 -0.12304400160492177 -0.04178480823757648 -0.13902805611222444 -0.07907896267007793 -0.10525124490719784 -0.07383100902378999 -0.16220028208744708 -0.045932551674120636 -0.24329382407985028 -0.08695652173913045 -0.09496175151675021 -0.0070402703463813 -0.08502368516944006 0.015195791934541203 -0.06005652378709374 0.06920415224913494 -0.08190709046454768 -0.030913812291331767 -0.19024088943792467 -0.09031300259804528 -0.16247582205029015 -0.06365020063650201 -0.08064516129032258 0.013025458851391355 -0.09410363311494938 0.10062111801242235 -0.08091622059006601 0.04686729156388751 -0.06333122229259025 0.044175186166855986 -0.022642514651038892 0.02593856655290102 -0.04219932977535062 0.07458469883602667 0.01927656196847715 0.0060219197880284235 -0.10737463126843656 0.05895091434071222 -0.17339608620262575 0.08126015751968996 -0.09973149213655542 0.0842326928138984
-0.2511276362306474 -0.18121178432462476 -0.7905982905982905 -1.1663368641601677 -0.5419014506653876 -0.19340294257237775 -0.2531801901938989 -0.09823182711198428 -0.144118410802389 -0.008372871895060006 -0.3101977510663048 -0.24108121271155483 -1.9823201743763623 -7.081121126064947 -1.1670045615813482 -0.27928041263051956 -0.4222725456240843 -0.07726980038634901 -0.31087391594396263 0.02097315436241611 -0.27770700636942675 -0.23165081687393316 -0.8411439557798606 -2.036591237361579 -1.0440894568690096 -0.34131890777949514 -0.5041124966834704 -0.09204806954743032 -0.2954209748892171 -0.05355333622810825 -0.23609856792671913 -0.18595286035769276 -0.33961358454338175 -0.3528833148899545 -0.40494938132733405 -0.24527071102413567 -0.1793783376694509 -0.11402810925483955 -0.12612612612612611 -0.05858230814294083 -0.1662677919133392 -0.1528186551958343 -0.17974421016246112 -0.18078823671206462 -0.18989653073645768 -0.15335147167944596 -0.15192135835567472 -0.06441638752898737 -0.09897017520395882 -0.0358155499179227 -0.13777555110220438 -0.08838237004302826 -0.0961973743775464 -0.08555021680534394 -0.15279736718382697 -0.06285507071195455 -0.22832189644416717 -0.09577819785759295 -0.07781587971511475 -0.019712756969867642 -0.0862383092432892 0.008182349503214493 -0.05534620819594912 0.05965875193890944 -0.07946210268948656 -0.0420427847162112 -0.18035824583075974 -0.08907583817889399 -0.1650548033526757 -0.06226650062266501 -0.07552483358934972 0.024866785079928948 -0.08933889219773675 0.1329192546583851 -0.06971243620067223 0.07276763690182535 -0.05319822672577581 0.0605831124574025 -0.01864677677144379 0.040955631399317405 -0.03227007571056224 0.07684484122499718 0.03628529311713345 0.01806575936408527 -0.08495575221238937 0.07579403272377286 -0.14614812979935599 0.09126140767595949 -0.08055235903337168 0.0947617794156357
-0.23893697427770327 -0.17676486937187325 -0.6860098965362122 -0.93819113025259 -0.49634336410502344 -0.17797816801139058 -0.23959491169568978 -0.08226915520628683 -0.14801350298623733 0.009768350544236672 -0.30373529791909004 -0.25447461341775235 -1.9605231290869463 -6.839115940239536 -1.1289913836796757 -0.26166813435652286 -0.40628746503263624 -0.07083065035415324 -0.3002001334222815 0.03076062639821029 -0.289171974522293 -0.22433552792001948 -0.9324681566931027 -2.502407318247472 -1.093929712460064 -0.35419886656362704 -0.5120721676837358 -0.09460496036819228 -0.30616355579427956 -0.05065856129685916 -0.2219068507289382 -0.20135023096055904 -0.34441377655106203 -0.37009713512848885 -0.4136982877140357 -0.2609262883235486 -0.17937833766945094 -0.11800583399628746 -0.1275121275121275 -0.06444053895723492 -0.16374858294495526 -0.16187457550373557 -0.17628759073625994 -0.16873568759792698 -0.18502738892270237 -0.15211476626267623 -0.1378782075833014 -0.06183973202782789 -0.08425839240337034 -0.040292493657663034 -0.14278557114228457 -0.08954529596464707 -0.09506564056133997 -0.09375366225243173 -0.1586741889985896 -0.06648132479149041 -0.2295695570804741 -0.08947700063011974 -0.08572935900817727 -0.009856378484933823 -0.09109680553868578 -0.015195791934541208 -0.048280734809232215 0.05011335162868393 -0.07946210268948656 -0.06059107209101026 -0.1877702285361334 -0.10392181120870965 -0.17923920051579628 -0.06365020063650202 -0.08960573476702507 0.018946121965660152 -0.0929124478856462 0.146583850931677 -0.07344703099713681 0.07030093734583129 -0.05193160227992401 0.07194244604316546 -0.02397442727757059 0.04641638225255973 -0.04219932977535063 0.07232455644705617 0.0385531239369543 0.021678911236902326 -0.0861356932153392 0.07579403272377286 -0.15729502105523904 0.0912614076759595 -0.09078123002173635 0.1118715451434588
-0.23040351091064246 -0.17009449694274595 -0.6117858749437695 -0.7263415201955534 -0.459177556647884 -0.17679164689131463 -0.24206496233172778 -0.07612966601178782 -0.1454167748636718 0.0013954786491766663 -0.29468786351298953 -0.5637404115426763 -1.913296197626544 -6.520558093591802 -1.0732387227572224 -0.241539816329098 -0.38763820434261353 -0.06310367031551836 -0.28418945963975983 0.03215883668903803 -0.2878980891719745 -0.2365276761765423 -1.0442201393895698 -3.0621088107847854 -1.1335463258785943 -0.3786707882534776 -0.5187052268506236 -0.12145231398619279 -0.31824895931247477 -0.08684324793747286 -0.21545607018449237 -0.2084567097003435 -0.35281411256450257 -0.4155908029017582 -0.43619547556555427 -0.28180039138943247 -0.1834862385321101 -0.12198355873773534 -0.13167013167013167 -0.06736965436438196 -0.1662677919133392 -0.16866651573466154 -0.18550524253946304 -0.18078823671206462 -0.1972002434570907 -0.1644818204303735 -0.1442614579343802 -0.0760113372842051 -0.10966965360438681 -0.04476943739740337 -0.14278557114228457 -0.09187114780788463 -0.09619737437754641 -0.08437829602718856 -0.1669017395392572 -0.08582134654901488 -0.24329382407985028 -0.10712035286704473 -0.11210762331838567 -0.03379329766263024 -0.09838454998178063 -0.019871420222092342 -0.05181347150259067 0.04295430139601479 -0.07823960880195599 -0.060591072091010265 -0.19765287214329832 -0.10021031795125572 -0.1947130883301096 -0.05949910059499101 -0.10240655401945724 0.008288928359976317 -0.09767718880285885 0.14285714285714285 -0.08838541018299514 0.05920078934385792 -0.06586447118429387 0.06310740880979426 -0.041289291422482687 0.040955631399317405 -0.03971701625915353 0.059893773307718376 0.030615716067581355 0.014452607491268216 -0.08731563421828907 0.060153994225216556 -0.15605647758236313 0.07375921990248782 -0.09205983889528194 0.09344564359041854
-0.19870778983298792 -0.16120066703724287 -0.5229419703103912 -0.5482481666860667 -0.39803380889581585 -0.1589938300901756 -0.2161294306533284 -0.0699901768172888 -0.1350298623734095 0.009768350544236673 -0.2584981258885873 -0.5588700840131499 -1.8115766529426012 -6.062476848993703 -0.9744044602128736 -0.24531387595924015 -0.33169042227254564 -0.07855763039278815 -0.23882588392261508 0.019574944071588368 -0.29044585987261146 -0.2292123872226286 -1.1992309540975725 -3.6133846894559456 -1.1782747603833865 -0.38382277176713037 -0.5160520031838685 -0.13295832267962157 -0.3155633140862092 -0.10131712259371835 -0.21416591407560315 -0.20490347033045125 -0.3840153606144246 -0.44755932620189354 -0.4674415698037745 -0.28832354859752113 -0.18759413939476927 -0.12993900822063115 -0.13028413028413027 -0.06883421206795548 -0.1524121425872276 -0.16866651573466154 -0.1832008295886623 -0.18319874653489215 -0.18989653073645774 -0.16695523126391293 -0.12255840674071236 -0.08889461479000257 -0.08827069680353081 -0.046261751977316815 -0.14779559118236474 -0.08605651819979068 -0.11543684925305568 -0.08086253369272237 -0.15632346027268454 -0.09307385470808656 -0.2283218964441672 -0.1172022684310019 -0.10023740437879188 -0.04505773021684033 -0.08745293331713834 -0.011689070718877852 -0.041215261422515304 0.0417611263572366 -0.06356968215158924 -0.06677383454927661 -0.17788758492896847 -0.10515897562786095 -0.17537072856221791 -0.06641760066417601 -0.08576548899129545 0.005920663114268798 -0.09529481834425253 0.14658385093167697 -0.07095730113282708 0.061667488899852 -0.04306523115896137 0.06563170516218604 -0.02797016515716569 0.03686006825938567 -0.03227007571056224 0.06893434286360041 0.026080054427939668 0.01324822353366253 -0.08023598820058997 0.05895091434071222 -0.14367104285360413 0.07500937617202151 -0.08950262114819077 0.08949723611476704
-0.17432646592709983 -0.1434130072262368 -0.4520917678812415 -0.40041904318472826 -0.3464812372617192 -0.1388229710488847 -0.19019389897492903 -0.06139489194499019 -0.12074785769929888 0.015350265140943346 -0.22747835078195683 -0.5588700840131499 -1.6856381690481956 -5.484627731818742 -0.8705017739483021 -0.22770159768524345 -0.29972026108964966 -0.06696716033483581 -0.21480987324883255 0.016778523489932886 -0.3006369426751592 -0.22555474274567175 -1.3314107185772652 -4.250120365912374 -1.2293929712460065 -0.37995878413189077 -0.5332979570177766 -0.1265660956277167 -0.34644823418826376 -0.10565928499059196 -0.20513482131337893 -0.1871372734809902 -0.3888155526221049 -0.4758391737366285 -0.49243844519435076 -0.28180039138943247 -0.1834862385321101 -0.11667992574913817 -0.1288981288981289 -0.05418863503222028 -0.1511525381030356 -0.16187457550373557 -0.18435303606406267 -0.1904302760033747 -0.19476567255021301 -0.16695523126391293 -0.1161751563896336 -0.08116464828652407 -0.09094556640363782 -0.049246381137143705 -0.13902805611222444 -0.08605651819979068 -0.09846084200995928 -0.08437829602718856 -0.15749882463563702 -0.08703009790886015 -0.22832189644416717 -0.11216131064902332 -0.11342653653389607 -0.04224162207828781 -0.08016518887404347 -0.008182349503214495 -0.040037682524729154 0.033408901085789276 -0.06112469437652812 -0.0754297019908495 -0.18159357628165532 -0.10021031795125572 -0.18568665377176016 -0.06780130067801302 -0.08704557091653867 0.0023682652457075208 -0.10244192972007149 0.14658385093167697 -0.06971243620067222 0.061667488899852 -0.03546548448385054 0.06941814969077371 -0.03196590303676079 0.035494880546075094 -0.023581978403872408 0.07797491241948243 0.037419208527043876 0.019270143321690955 -0.06371681415929202 0.061357074109720876 -0.14243249938072824 0.07875984498062259 -0.09078123002173635 0.08291655698868124
-0.15847860538827258 -0.12340188993885493 -0.39136302294197034 -0.2525899196833897 -0.2925308715981297 -0.1198386331276697 -0.16549339261454862 -0.05402750491159134 -0.09867566865749158 0.015350265140943342 -0.22489336952307096 -0.5454766833069524 -1.5366916929038508 -4.812939869119644 -0.7932083122149012 -0.20002516039753432 -0.2824030904489144 -0.050225370251126854 -0.2054703135423616 0.011185682326621925 -0.3019108280254777 -0.22067788344306263 -1.4708002883922133 -4.9458353394318735 -1.2587859424920127 -0.3773827923750644 -0.5346245688511542 -0.12656609562771673 -0.34779105680139655 -0.11289622231871473 -0.21932653851115985 -0.1681866635082317 -0.405616224648986 -0.5237919586868314 -0.5311836020497438 -0.27788649706457924 -0.2012871422702999 -0.10872447626624238 -0.13998613998613998 -0.04540128881077915 -0.1700466053659151 -0.15621462531129723 -0.1924184813918654 -0.1904302760033747 -0.2057212416311625 -0.17437546376453128 -0.13787820758330144 -0.09018294254058232 -0.10833221880433327 -0.05820026861662438 -0.13902805611222446 -0.07907896267007791 -0.09053870529651427 -0.08086253369272237 -0.14809590973201694 -0.07615133567025263 -0.22457891453524642 -0.1058601134215501 -0.10155631759430231 -0.03801745987045903 -0.0947406777602332 0.0023378141437755697 -0.048280734809232215 0.032215726047011096 -0.05745721271393643 -0.0754297019908495 -0.1803582458307597 -0.0977359891129531 -0.17923920051579625 -0.070568700705687 -0.09216589861751152 0.013025458851391359 -0.10601548540798093 0.1590062111801242 -0.06224324660774305 0.06783423778983719 -0.034198860037998734 0.0605831124574025 -0.030633990410229094 0.02047781569965871 -0.021099664887675312 0.08588541078087918 0.04989227803605851 0.016861375406479587 -0.04955752212389381 0.0697786333012512 -0.1288085211790934 0.08626078259782474 -0.06904487917146143 0.08160042116346405
-0.15725953919297816 -0.09338521400778209 -0.3553756185335133 -0.1501571411942731 -0.26375734324421535 -0.0984812529663028 -0.15808324070643448 -0.04297642436149311 -0.08699039210594649 0.020932179737650013 -0.2119684632286416 -0.5174723000121759 -1.369581012351659 -4.080750709964192 -0.7209832742017233 -0.17234872310982513 -0.26908218995604105 -0.04249839021249195 -0.18278852568378917 0.005592841163310961 -0.3159235668789809 -0.20848573518653982 -1.6101898582071617 -5.595811266249399 -1.3111821086261979 -0.35935085007727974 -0.5598301936853277 -0.111224750703145 -0.38136162212971664 -0.10131712259371835 -0.22061669462004901 -0.15160487978206802 -0.4248169926797072 -0.5889585638755687 -0.5711786026746657 -0.2700587084148728 -0.20950294399561828 -0.08220631132325644 -0.15384615384615385 -0.030755711775043937 -0.17508502330268297 -0.14149875481095767 -0.20509275262126975 -0.1844040014463059 -0.22519780888618382 -0.1793222854316102 -0.15702795863653773 -0.09920123679464056 -0.11903169720476128 -0.06416952693627817 -0.14529058116232468 -0.0686126293755088 -0.10751471253961069 -0.07617485058010079 -0.16455101081335216 -0.06527257343164508 -0.24329382407985026 -0.09577819785759294 -0.11474544974940648 -0.032385243593353985 -0.1056722944248755 0.018702513150204558 -0.06241168158266604 0.03698842620212385 -0.06601466992665037 -0.07419314949919624 -0.19641754169240272 -0.08660150934059134 -0.19600257898130236 -0.06226650062266501 -0.11648745519713263 0.022498519834221433 -0.11911852293031566 0.1739130434782608 -0.07593676086144653 0.07770103601381353 -0.05573147561747942 0.05553451975261895 -0.04528502930207778 0.019112627986348125 -0.028546605436266602 0.09944626511470221 0.05216010885587935 0.028905214982536433 -0.04955752212389379 0.08301251203079883 -0.14490958632648007 0.10251281410176274 -0.07671653241273493 0.08818110028954987
-0.1426307448494453 -0.07115063924402446 -0.3205128205128206 -0.11523687580025607 -0.2349838148903009 -0.07831039392501185 -0.13585278498209213 -0.04420432220039293 -0.06751493118670474 0.008372871895060004 -0.1977510663047693 -0.5028613174235967 -1.1709857108258657 -3.4016545252500308 -0.6411556006082109 -0.15473644483582844 -0.23045157852670836 -0.030907920154539602 -0.14276184122748498 0.013982102908277404 -0.3095541401273885 -0.20970495001219214 -1.6955058880076905 -5.931632161771786 -1.3099041533546325 -0.3400309119010819 -0.5518705226850623 -0.11122475070314497 -0.3800187995165839 -0.09697496019684468 -0.21674622629338147 -0.16344901101504206 -0.4752190087603504 -0.8348702815689165 -0.6224221972253469 -0.28180039138943247 -0.2081336437080652 -0.08883585255900292 -0.1483021483021483 -0.027826596367896896 -0.1851618591762187 -0.14715870500339595 -0.21661481737527363 -0.1916355309147885 -0.24102251978088862 -0.18179569626514966 -0.15958125877696921 -0.11079618654985827 -0.11635682760465427 -0.07461572899567229 -0.14278557114228457 -0.07442725898360275 -0.10525124490719784 -0.08437829602718856 -0.16455101081335213 -0.05802006527257343 -0.23830318153462254 -0.08821676118462508 -0.11342653653389607 -0.03379329766263024 -0.10810154257257379 0.019871420222092345 -0.06712199717381065 0.04534065147357118 -0.06723716381418093 -0.06182762458266353 -0.18529956763434222 -0.08536434492144004 -0.17150225660863957 -0.06503390065033901 -0.130568356374808 0.018946121965660156 -0.13579511614055986 0.17639751552795027 -0.08465081538653055 0.08140108534780464 -0.05826472450918303 0.045437334343051874 -0.03596164091635588 0.006825938566552901 -0.022340821645773862 0.09944626511470223 0.058963601315341875 0.04215343851619897 -0.04365781710914454 0.09384023099133781 -0.13252415159772107 0.11001375171896491 -0.05498018156246004 0.09212950776520137
-0.13409728148238448 -0.04669260700389105 -0.2901484480431849 -0.08264462809917353 -0.21819925668385082 -0.04390128144280968 -0.12720760775595902 -0.018418467583497054 -0.04544274214489742 0.034886966229416685 -0.17965619749256817 -0.47972726165834656 -0.9723904093000726 -2.749722187924435 -0.5714647744551444 -0.1157378286576928 -0.20514186759024908 -0.0038634900193174476 -0.11340893929286192 0.036353467561521254 -0.29426751592356687 -0.1999512314069739 -1.742369622686854 -6.097737120847376 -1.285623003194888 -0.3155589902112313 -0.5425842398514196 -0.09971874200971617 -0.3907613804216463 -0.0911854103343465 -0.2064249774222681 -0.1693710766315291 -0.5388215528621145 -1.2160334439936062 -0.6699162604674416 -0.2922374429223744 -0.21224154457072436 -0.09546539379474941 -0.13998613998613998 -0.03222026947861746 -0.17634462778687493 -0.14149875481095767 -0.22583246917847677 -0.1952512956490298 -0.25319537431527694 -0.16448182043037352 -0.16341120898761646 -0.09147127029116207 -0.11635682760465427 -0.05073869571705715 -0.14028056112224452 -0.06279799976741482 -0.10638297872340426 -0.08203445447087779 -0.16455101081335213 -0.04714130303396592 -0.2295695570804741 -0.07813484562066793 -0.11078871010287523 -0.022528865108420164 -0.10931616664642294 0.01402688486265342 -0.05299105040037683 0.05727240186135305 -0.06356968215158924 -0.05935451959935699 -0.1791229153798641 -0.08412718050228876 -0.17279174725983235 -0.062266500622665 -0.13568868407578086 0.024866785079928948 -0.13103037522334723 0.19254658385093165 -0.08714054525084028 0.10606808090774544 -0.059531348955034834 0.06689385333838191 -0.034629728289824184 0.028668941979522182 -0.022340821645773862 0.10283647869815797 0.06690100918471482 0.051788510177044444 -0.035398230088495575 0.09384023099133781 -0.11766162992321032 0.10751343917989749 -0.04986574606827771 0.09212950776520137
-0.12434475192002922 -0.03557531962201223 -0.26653171390013497 -0.07682458386683738 -0.20021580146265433 -0.024916943521594688 -0.11609237989378784 -0.014734774066797646 -0.03116073747078681 0.0432598381244767 -0.1525138942742665 -0.4626811153050043 -0.760474691208525 -2.182985553772071 -0.48530157121135337 -0.11322178890426468 -0.1678433462102038 -0.011590470057952346 -0.07605070046697798 0.036353467561521254 -0.27388535031847133 -0.2060473055352353 -1.7712088440278777 -6.08690418873375 -1.2447284345047924 -0.31684698608964446 -0.5226850623507562 -0.11250319611352595 -0.3800187995165839 -0.11434360978433926 -0.19868404076893303 -0.17647755537131354 -0.6348253930157206 -1.7115455551457028 -0.7374078240219972 -0.2857142857142857 -0.22319594687114885 -0.09016176080615221 -0.15246015246015246 -0.030755711775043937 -0.17256581433429904 -0.15395064523432195 -0.23735453393248068 -0.22176690370013255 -0.2653682288496652 -0.18921592876576804 -0.160857908847185 -0.11337284205101779 -0.10565734920422629 -0.07312341441575884 -0.13652304609218438 -0.056983370159320854 -0.1086464463558171 -0.09140982069612094 -0.16925246826516221 -0.04351504895443008 -0.2258265751715533 -0.07435412728418399 -0.10551305724083355 -0.026753027316248946 -0.11296003886797037 0.01636469900642899 -0.05063589260480452 0.04892017658990574 -0.0684596577017115 -0.07295659700754296 -0.17171093267449042 -0.09773598911295311 -0.16634429400386846 -0.074719800747198 -0.13568868407578086 0.008288928359976317 -0.12864800476474092 0.16645962732919256 -0.08465081538653055 0.08756783423778983 -0.054464851171627617 0.05679666792881484 -0.021310602024507193 0.021843003412969283 -0.009929254064788385 0.10170640750367273 0.07597233246399818 0.06021919788028422 -0.021238938053097345 0.08060635226179018 -0.09289076046569236 0.09501187648456057 -0.03068661296509398 0.08028428533824691
-0.11337315616237961 -0.025569760978321292 -0.26315789473684215 -0.08264462809917354 -0.1858290372856971 -0.013051732320835308 -0.10621217734963566 -0.0036836935166994155 -0.018177096857958965 0.058610103265420044 -0.12537159105596485 -0.4310239863630829 -0.5764107532090093 -1.695271021113718 -0.4168778509883427 -0.10818970939740849 -0.1332090049287332 -0.015453960077269796 -0.04536357571714476 0.037751677852348994 -0.26878980891719745 -0.2060473055352353 -1.7519826964671954 -5.974963890226288 -1.197444089456869 -0.3219989696032972 -0.520031838684001 -0.13167987726924063 -0.37196186383778707 -0.13315964683745837 -0.1896529480067088 -0.17766196849461094 -0.7752310092403697 -2.302963236198205 -0.811148606424197 -0.2648401826484018 -0.23551964945912637 -0.06629541235746486 -0.16077616077616075 -0.007322788517867604 -0.16626779191333924 -0.15281865519583426 -0.25924645696508813 -0.2699771001566831 -0.29945222154595247 -0.20158298293346527 -0.16596450912804803 -0.10821953104869882 -0.10966965360438678 -0.07013878525593195 -0.13151302605210421 -0.04419118502151413 -0.11543684925305568 -0.08789405836165474 -0.18218147625763986 -0.025383778556750874 -0.24329382407985026 -0.06427221172022685 -0.122658929042469 -0.011264432554210084 -0.10202842220332806 0.022209234365867914 -0.05299105040037683 0.056079226822574865 -0.06112469437652812 -0.06924693953258315 -0.16429894996911673 -0.08907583817889397 -0.1521598968407479 -0.065033900650339 -0.1395289298515105 3.4694469519536144e-19 -0.1465157832042883 0.14037267080745344 -0.0958545997759243 0.07153428712382834 -0.04813172894236859 0.05805881610501072 -0.006659563132658497 0.02320819112627986 -0.011170410822886931 0.11187704825404002 0.06916884000453567 0.07708057328676383 -0.03185840707964602 0.09143407122232916 -0.09289076046569235 0.10376297037129642 -0.02557217747091165 0.08949723611476704
-0.07923930269413629 -0.008893829905503053 -0.23954116059379213 -0.07566057502037014 -0.14866322982855767 0.004746084480303748 -0.06422131653698901 0.007367387033398817 0.02077382498052454 0.07535584705554006 -0.08918185343156262 -0.39814927553878 -0.4044562848147251 -1.2902827509569081 -0.32944754181449565 -0.09309347087683986 -0.0799254029572399 -0.0025756600128783004 -2.7755575615628915e-18 0.04614093959731543 -0.22547770700636943 -0.2011704462326262 -1.67267483777938 -5.613866153105439 -1.1067092651757187 -0.3052550231839258 -0.4749270363491642 -0.12017386857581178 -0.3397341211225997 -0.121580547112462 -0.17804154302670622 -0.18003079474120573 -0.9468378735149405 -2.9017582687815073 -0.8648918885139357 -0.27266797129810827 -0.2190880460084897 -0.06364359586316629 -0.15107415107415106 0.008787346221441127 -0.16500818742914727 -0.15168666515734658 -0.27652955409609403 -0.3097505122333374 -0.32258064516129037 -0.2077665100173139 -0.16085790884718498 -0.10177789229580007 -0.09362043600374483 -0.06416952693627817 -0.11022044088176355 -0.04070240725665776 -0.11543684925305567 -0.09492558303058712 -0.17042783262811473 -0.020548773117369756 -0.2233312538989395 -0.06427221172022685 -0.10023740437879189 -0.004224162207828784 -0.07409206850479776 0.03623611922852134 -0.02590673575129534 0.06204510201646581 -0.03422982885085575 -0.06924693953258315 -0.12229771463866583 -0.07794135840653224 -0.1160541586073501 -0.05396430053964302 -0.11136712749615976 8.673617379884035e-19 -0.1322215604526504 0.12795031055900624 -0.0672227063363625 0.07523433645781945 -0.02026599113362888 0.06436955698599015 0.01997868939797549 0.032764505119453925 0.013652724339084026 0.10622669228161374 0.07143667082435651 0.07948934120197519 -0.007079646017699115 0.08301251203079885 -0.0544959128065395 0.10126265783222901 0.005114435494182329 0.07633587786259541
-0.06461050835060345 0.006670372429127293 -0.214799820062978 -0.06169246886276335 -0.12948087759261478 0.0284765068818225 -0.05187106335679881 0.020874263261296662 0.03635419371591794 0.09768350544236673 -0.06850200336047564 -0.06696700353098746 -0.2615645434729959 -0.8889986418076301 -0.266092245311708 -0.071707132972701 -0.06127614226721726 0.003863490019317449 0.01467645096731154 0.05313199105145414 -0.2089171974522293 -0.17800536454523289 -1.5392934390771447 -5.034906114588348 -1.009584664536741 -0.27305512622359607 -0.4483947996816132 -0.10738941447200205 -0.3115348462468108 -0.1071066724562165 -0.1857824796800413 -0.1883216866042876 -1.153246129845194 -3.5804746096151483 -0.9186351706036746 -0.2818003913894325 -0.23551964945912643 -0.06762132060461416 -0.16354816354816354 0.0058582308142940825 -0.1561909560398035 -0.15621462531129723 -0.2868994123746975 -0.3579607086898879 -0.346926354230067 -0.20281968835023498 -0.1672411591982638 -0.08760628703942284 -0.08292095760331683 -0.05670795403671094 -0.10145290581162325 -0.03488777764856378 -0.11770031688546853 -0.09961326614320873 -0.16337564645039965 -0.009670010878762233 -0.21210230817217718 -0.057971014492753624 -0.07385914006858349 -0.0028161081385525226 -0.06558969998785376 0.03506721215663355 -0.015308525671219975 0.05727240186135306 -0.02567237163814181 -0.0754297019908495 -0.11365040148239654 -0.08289001608313745 -0.10058027079303675 -0.05258060052580601 -0.10496671786994369 0.007104795737122559 -0.12626563430613463 0.1329192546583851 -0.05850865181127848 0.08510113468179578 -0.013932868904369854 0.07194244604316546 0.03063399041022909 0.042320819112627986 0.01613503785528112 0.10848683467058425 0.08504365574328156 0.09153318077803205 0.00471976401179941 0.09023099133782482 -0.04830319544216001 0.11126390798849854 0.015343306482546986 0.08160042116346407
-0.06095330976472023 0.01556420233463035 -0.20805218173639223 -0.05470841578395995 -0.12108859848938976 0.041528239202657816 -0.046930962084722735 0.027013752455795674 0.03635419371591794 0.10605637733742675 -0.06850200336047564 -0.04626811153050043 -0.17922015015742312 -0.576614396839116 -0.23061327927014696 -0.0339665366712794 -0.06660450246436658 0.029620090148100454 0.013342228152101399 0.07130872483221476 -0.17961783439490445 -0.15362106803218728 -1.3506368661379475 -4.402985074626865 -0.8932907348242811 -0.23441524987120044 -0.4139028920137968 -0.07798517003323958 -0.2779642809184907 -0.07815892314372556 -0.18320216746226292 -0.19424375222077464 -1.3560542421696868 -4.296077708102791 -0.9511311086114237 -0.28180039138943247 -0.23825825003423245 -0.059665871121718374 -0.17463617463617465 0.008787346221441127 -0.15619095603980349 -0.16527054561919854 -0.31685678073510776 -0.4387127877546101 -0.3907486305538649 -0.20281968835023495 -0.1800076599004213 -0.08245297603710386 -0.08827069680353082 -0.058200268616624376 -0.0876753507014028 -0.03372485172694499 -0.11430511543684925 -0.11602015703738426 -0.17042783262811473 -0.00725250815907168 -0.21459762944479102 -0.05671077504725898 -0.06990240042205223 0.004224162207828776 -0.07652131665249604 0.02805376972530684 -0.02708431464908148 0.05369287674501849 -0.03300733496332518 -0.07048349202423644 -0.12106238418777024 -0.08536434492144006 -0.10702772404900066 -0.04842950048429501 -0.10496671786994369 0.010657193605683835 -0.11673615247170936 0.14037267080745344 -0.057263786879123625 0.09743463246176617 -0.018999366687777075 0.07572889057175312 0.02797016515716569 0.05187713310580204 0.022340821645773862 0.11187704825403999 0.09638280984238576 0.09875948452366615 0.01415929203539823 0.09263715110683349 -0.045826108496408224 0.10876359544943118 0.02557217747091165 0.0908133719399842
-0.04998171400707059 0.01000555864369094 -0.19568151147098514 -0.06285647770923058 -0.10310514326819324 0.024916943521594688 -0.04940101272076077 0.009823182711198425 0.03116073747078681 0.09210159084566005 -0.052992115807160414 -0.02556921953001339 -0.11503996124969726 -0.3864674651191506 -0.19766852508869742 -0.013838218643854566 -0.05195151192220594 0.0437862202189311 0.02134756504336224 0.08389261744966443 -0.14777070063694267 -0.1280175566934894 -1.1547704878634943 -3.671160327395281 -0.7769968051118211 -0.22539927872230808 -0.38471743167949063 -0.0818205062643825 -0.2511078286558346 -0.08105369807497467 -0.17675138691781705 -0.2108255359469383 -1.5624624984999402 -4.989548751998034 -0.9811273590801151 -0.30267449445531636 -0.26427495549774066 -0.08883585255900292 -0.20928620928620925 -0.014645577035735208 -0.1461141201662678 -0.17432646592709983 -0.37101048507892614 -0.5869591418585031 -0.4443091905051735 -0.21766015335147165 -0.19532746074301036 -0.0837413037876836 -0.1069947840042798 -0.05073869571705716 -0.08767535070140281 -0.03372485172694499 -0.1290176550475328 -0.12773936481893827 -0.17983074753173484 -0.02175752447721504 -0.2195882719900187 -0.06931316950220541 -0.07254022685307307 -0.002816108138552525 -0.07166282035709946 0.017533606078316777 -0.027084314649081488 0.04295430139601479 -0.03300733496332518 -0.0927414368739953 -0.12229771463866586 -0.11381912656192009 -0.10702772404900066 -0.070568700705687 -0.08960573476702509 0.013025458851391355 -0.0964860035735557 0.12919254658385093 -0.04606000248972986 0.08880118401578689 -0.013932868904369854 0.06310740880979426 0.03862546616941928 0.045051194539249155 0.026064291920069503 0.10170640750367273 0.09638280984238576 0.08551126099000363 0.015339233038348082 0.08782483156881617 -0.04830319544216001 0.1075134391798975 0.024293568597366068 0.09739405106607002
-0.0524198463976594 0.023346303501945522 -0.183310841205578 -0.057036433476894424 -0.09471286416496824 0.04746084480303749 -0.05681116462887489 0.02455795677799607 0.02077382498052454 0.11163829193413341 -0.020679850071086976 -0.001217581882381588 -0.05570356018406394 -0.2815162365724163 -0.1609224531170806 0.008806139136998363 -0.035966431330757956 0.06825499034127495 0.02935290193462308 0.12024608501118568 -0.12738853503184713 -0.10119483052913922 -0.9504926700312424 -2.844246509388541 -0.6798722044728434 -0.18933539412673878 -0.3754311488458477 -0.05880848887752492 -0.25110782865583453 -0.04921117383123461 -0.1677202941555928 -0.20490347033045125 -1.7256690267610708 -5.574818640108202 -0.9811273590801151 -0.28962818003913887 -0.2793372586608244 -0.08088040307610712 -0.23284823284823286 0.004393673110720565 -0.13099886635596422 -0.16753452569617386 -0.42862080884894577 -0.8231891044956008 -0.5088253195374316 -0.2188968587682414 -0.20426401123452065 -0.07085802628188612 -0.10966965360438678 -0.02835397701835547 -0.08517034068136273 -0.01744388882428189 -0.13580805794477138 -0.12187976092816126 -0.1998119417019276 -0.00967001087876224 -0.2345601996257018 -0.05545053560176433 -0.09100501187021895 0.019712756969867636 -0.05951657961860803 0.02220923436586792 -0.008243052284503057 0.03937477627968023 -0.02567237163814181 -0.07542970199084952 -0.1198270537368746 -0.09402449585549918 -0.11476466795615732 -0.044278400442784006 -0.08448540706605223 0.018946121965660152 -0.08338296605122095 0.1204968944099379 -0.042325407693265274 0.09866798223976322 -0.00759974667511083 0.07446674239555724 0.03862546616941929 0.06689419795221843 0.027305448678168052 0.10622669228161374 0.0929810636126545 0.09394194869324342 0.0058997050147492625 0.10466794995187681 -0.061927173643794894 0.12001500187523442 0.01022887098836466 0.1263490392208476
-0.039010118249420946 0.027793218454697056 -0.17318938371569947 -0.04656035385868933 -0.08392279103225034 0.061699098243948744 -0.045695936766703714 0.03438113948919449 0.012983640612827835 0.1297795143734301 -0.00516996251777174 0.021916473882868624 -0.019375151368370057 -0.21360661810100012 -0.14064875823618855 0.016354258397282682 -0.0293059810843213 0.0875724404378622 0.028018679119412943 0.13702460850111858 -0.09936305732484076 -0.07924896366739817 -0.7558279259793318 -2.054646124217622 -0.5699680511182109 -0.1777434312210201 -0.34359246484478645 -0.0498593710048581 -0.22693702161944404 -0.040526849037487316 -0.16255966972003613 -0.19898140471396422 -1.8948757950318016 -5.995327677363827 -0.9811273590801151 -0.27397260273972596 -0.272490757223059 -0.07955449482895782 -0.22869022869022868 0.01318101933216169 -0.11588361254566068 -0.16866651573466152 -0.50005761032377 -1.1413764011088345 -0.5733414485696897 -0.21271333168439283 -0.2132005617260309 -0.05024478227261016 -0.11903169720476128 -0.0029846291598268917 -0.07515030060120241 -0.018606814745900688 -0.1403349932095971 -0.1441462557131138 -0.21039022096850024 -0.032636286715822554 -0.2333125389893949 -0.06679269061121612 -0.09496175151675021 0.022528865108420157 -0.04858496295396575 0.0233781414377557 -0.002355157795572304 0.04056795131845842 -0.022004889975550123 -0.0680103870409299 -0.10994441012970971 -0.09526166027465051 -0.11347517730496455 -0.033208800332088 -0.07296466973886329 0.017761989342806393 -0.08100059559261465 0.11428571428571428 -0.042325407693265274 0.09250123334977799 0.00759974667511083 0.08077748327653665 0.04794885455514118 0.07508532423208192 0.026064291920069503 0.10961690586506949 0.0873114865631024 0.09273756473563773 0.0011799410029498525 0.10346487006737246 -0.0594500866980431 0.12501562695336918 0.010228870988364658 0.13556198999736774
-0.0280385224917713 0.018899388549193995 -0.16194331983805665 -0.039576300779885915 -0.0827238940175039 0.05576649264356905 -0.05063603803877981 0.04297642436149311 0.002596728122565567 0.1423388222160201 0.01033992503554349 0.035309874589066106 0.014531363526277551 -0.18891221138412148 -0.12417638114546377 0.042772675808277774 -0.02797389103503397 0.10302640051513201 0.02134756504336224 0.15240492170022374 -0.0840764331210191 -0.04267251889782979 -0.5707762557077625 -1.4756860857005298 -0.4741214057507987 -0.17130345182895415 -0.31706022817723534 -0.04091025313219126 -0.21216597287498323 -0.046316398899985525 -0.15610888917559024 -0.18358403411109797 -1.9044761790471618 -5.917865486290422 -0.9411323584551932 -0.25962165688193084 -0.2601670546350815 -0.07690267833465923 -0.22037422037422036 0.010251903925014646 -0.11210479909308475 -0.17885442608105045 -0.6579098974536237 -1.7861877787151983 -0.6512477175897748 -0.2188968587682414 -0.2285203625686199 -0.050244782272610145 -0.13240604520529625 0.0029846291598268912 -0.07890781563126253 -0.017443888824281894 -0.15844273426889996 -0.17461619594515412 -0.230371415138693 -0.05560256255288287 -0.2295695570804741 -0.07309388783868935 -0.09891849116328147 0.015488594762038854 -0.046155714806267456 0.017533606078316777 0.002355157795572305 0.01909080062045102 -0.026894865525672374 -0.08408556943242242 -0.118591723285979 -0.09897315353210442 -0.12637008381689233 -0.035976200359762 -0.06016385048643112 0.015393724097098873 -0.06908874329958307 0.11304347826086955 -0.03734594796464583 0.09620128268376912 0.011399620012666246 0.08835037233371196 0.045285029302077784 0.07781569965870308 0.026064291920069503 0.11865747542095151 0.08277582492346071 0.0867156449476093 -0.002359882005899705 0.10226179018286814 -0.0631657171166708 0.12501562695336918 -0.002557217747091163 0.13161358252171623
-0.0268194562964769 0.007782101167315175 -0.16981556455240662 -0.04539634501222208 -0.08392279103225034 0.036782154722354056 -0.06545634185500802 0.03069744597249509 -0.007790184367696702 0.12698855707507678 0.010339925035543493 0.042615365883355655 0.027851780092031975 -0.17779972836152608 -0.11530663963507348 0.04403069568499183 -0.03197016118289596 0.09658725048293626 0.018679119412941963 0.14960850111856824 -0.06878980891719745 -0.03779565959522067 -0.42417688055755826 -1.0074626865671643 -0.3884984025559105 -0.17259144770736734 -0.29716105067657206 -0.053694707236001026 -0.1785954075466631 -0.05644811115935736 -0.1432073280866985 -0.17529314224801612 -1.8744749789991597 -5.619082749293003 -0.8861392325959254 -0.2530984996738421 -0.24647405175955087 -0.07557677008750993 -0.2106722106722107 0.0014645577035735206 -0.13729688877692406 -0.19017432646592708 -0.8192188040096786 -2.5093407255634568 -0.7413268411442484 -0.2485777887707148 -0.2680965147453083 -0.07085802628188612 -0.16717935000668716 -0.02238471869870169 -0.0751503006012024 -0.038376555413420166 -0.18334087822544137 -0.22149302707136997 -0.25858015984955335 -0.0725250815907168 -0.2520274485339987 -0.09199747952110901 -0.10551305724083355 -4.8572257327350596e-18 -0.0388679703631726 0.014026884862653419 -0.005887894488930756 0.0011931750387781923 -0.03300733496332518 -0.09150488438234204 -0.12476837554045708 -0.10392181120870965 -0.11863313990973567 -0.04289470042894701 -0.05632360471070148 0.004736530491415039 -0.07504466944609886 0.0968944099378882 -0.044815137557575005 0.0715342871238283 -0.006333122229259025 0.05805881610501072 0.03596164091635589 0.04641638225255973 0.042199329775350625 0.11187704825404002 0.08504365574328154 0.08189810911718656 0.00471976401179941 0.09143407122232916 -0.07307406489967798 0.1062632829103638 2.0816681711721684e-18 0.11713608844432746
-0.019505059124710473 0.006670372429127293 -0.16981556455240662 -0.03026423000814806 -0.09111617312072892 0.020170859041290935 -0.07904162035321724 0.01964636542239686 -0.023370553103090108 0.11024281328495675 0.018094868812201115 0.04383294776573725 0.036328408815693866 -0.17656500802568215 -0.11277242777496196 0.0629009938357026 -0.04262688157719462 0.1107533805537669 0.012008005336891264 0.15939597315436244 -0.048407643312101914 -0.017069007559131915 -0.28839221341023785 -0.6535869041887337 -0.3220447284345048 -0.14554353426069033 -0.2918546033430618 -0.034518026080286375 -0.16785282664160064 -0.033289911709364586 -0.13546639143336342 -0.16700225038493427 -1.8000720028801152 -5.201032829214312 -0.8136482939632547 -0.24657534246575344 -0.2396275503217856 -0.07955449482895782 -0.20235620235620236 -0.007322788517867605 -0.13855649326111602 -0.19357029658139005 -0.9747666781887314 -3.220441123297577 -0.8094948265368229 -0.25228790502102394 -0.29490616621983917 -0.05539809327492914 -0.18991574160759664 -0.0074615728995672285 -0.07264529058116234 -0.05349459239446448 -0.2082390221819828 -0.2671979374194305 -0.2926657263751763 -0.08098634110963376 -0.2694946974422957 -0.09451795841209829 -0.11738327618042732 0.0028161081385525166 -0.03158022592007773 0.0011689070718877855 -0.015308525671219968 -0.009545400310225511 -0.042787286063569685 -0.0976876468406084 -0.13712168004941322 -0.11010763330446616 -0.13152804642166344 -0.049813200498132 -0.05376344086021505 0.008288928359976319 -0.08100059559261466 0.10062111801242238 -0.044815137557575005 0.07646768623581648 -0.01519949335022166 0.05679666792881485 0.031965903036760786 0.040955631399317405 0.03723470274295644 0.10961690586506952 0.07597233246399818 0.07587618932915814 -0.007079646017699115 0.09744947064485082 -0.09908347783007183 0.11001375171896488 -0.01406469760900141 0.12240063174519611
-0.02438132390588809 0.003335186214563646 -0.14057579847053528 -0.020952159236410195 -0.08751948207648963 0.016611295681063124 -0.09015684821538841 0.01473477406679764 -0.04544274214489743 0.10047446274072007 0.028434793847744604 0.04383294776573725 0.04964882538144829 -0.17533028768983822 -0.09630005068423719 0.08806139136998366 -0.03330225123218329 0.1365099806825499 0.006671114076050701 0.16918344519015663 -0.04203821656050956 0.0024384296513045587 -0.1910598413842826 -0.30211844005777566 -0.2773162939297124 -0.11334363730036061 -0.2759352613425312 -0.010227563283047813 -0.16785282664160064 -0.007236937328122738 -0.1315959231066959 -0.14686722728887835 -1.672866914676587 -4.620681175458011 -0.7249093863267091 -0.22831050228310498 -0.22182664658359577 -0.07425086184036063 -0.1981981981981982 -0.013181019332161686 -0.14611412016626776 -0.2014942268508037 -1.1406844106463878 -3.953236109437146 -0.8715763846622032 -0.24981449418748455 -0.30511936678156515 -0.05282143777376965 -0.20863982880834558 0.0 -0.08767535070140281 -0.07093848121874638 -0.23766410140334995 -0.3457166295558421 -0.34085566525622946 -0.10395261694669408 -0.2757330006238303 -0.109640831758034 -0.13189132155104194 -0.005632216277105043 -0.0388679703631726 -0.008182349503214495 -0.02119642016015073 -0.026249850853120156 -0.05501222493887531 -0.105106961790528 -0.1432983323038913 -0.12371644191513054 -0.1392649903288201 -0.06503390065033901 -0.04992319508448541 6.938893903907229e-19 -0.0738534842167957 0.08322981366459628 -0.03983567782895556 0.06413418845584609 -0.01519949335022166 0.046699482519247756 0.02397442727757059 0.02866894197952219 0.031028918952463697 0.10961690586506952 0.07143667082435651 0.06744550162591834 -0.01415929203539823 0.09504331087584215 -0.1151845429774585 0.11001375171896485 -0.03963687507991306 0.11845222426954463
-0.0280385224917713 0.006670372429127292 -0.14957264957264954 -0.017460132697008496 -0.10790073132717899 0.021357380161366867 -0.10744720266765469 0.01350687622789784 -0.054531290573876914 0.08931063354730673 0.027142303218301668 0.045050529648118835 0.06054734802615645 -0.18520805037658966 -0.11277242777496196 0.08680337149326961 -0.05994405221792994 0.12878300064391499 -0.01867911941294196 0.14541387024608504 -0.04713375796178344 0.01463057790782736 -0.13338139870223503 -0.1011073663938373 -0.2555910543130991 -0.11076764554353424 -0.28522154417617407 -0.020455126566095626 -0.1772525849335303 -0.021710811984368215 -0.12772545478002836 -0.12081013857633541 -1.4928597143885756 -4.010820115578507 -0.6499187601549805 -0.1943900848010437 -0.22045734629604272 -0.06364359586316626 -0.19404019404019404 -0.029291154071470416 -0.14485451568207583 -0.1947022866198777 -1.282405807120636 -4.640231408942991 -0.9227023737066341 -0.2436309671036359 -0.32171581769437 -0.06183973202782787 -0.2353885248094155 -0.013430831219221012 -0.10521042084168337 -0.09303407372950344 -0.28972385694884567 -0.47462791515293573 -0.41020216267042786 -0.1317538982231355 -0.30941983780411725 -0.12476370510396975 -0.16618306515431286 -0.019712756969867646 -0.05465808332321147 -0.010520163646990063 -0.05181347150259068 -0.035795251163345664 -0.0941320293398533 -0.09397798936564858 -0.17171093267449045 -0.12247927749597923 -0.1598968407479046 -0.06641760066417601 -0.05888376856118792 -0.0035523978685612786 -0.08814770696843359 0.06086956521739131 -0.06348811153989793 0.060434139121854955 -0.03546548448385054 0.03534014893348479 0.002663825253063401 0.012286689419795221 0.01613503785528112 0.11074697705955476 0.06349926295498357 0.06864988558352401 -0.049557522123893805 0.10346487006737248 -0.14986376021798367 0.11251406425803223 -0.07160209691855261 0.11713608844432746
-0.01584786053882726 0.0044469149527515284 -0.14732343679712098 -0.01513211500407403 -0.10790073132717899 0.009492168960607499 -0.10250710139557859 -6.938893903907229e-19 -0.05323292651259413 0.0725648897571867 0.024557321959415797 0.05357360282478997 0.0666020828287721 -0.17779972836152608 -0.11277242777496199 0.07296515284941502 -0.06127614226721727 0.12234385061171926 -0.022681787858572378 0.14261744966442955 -0.0445859872611465 0.029261155815654714 -0.08531602980052871 0.007221954742416947 -0.2249201277955272 -0.095311695002576 -0.26797559034226587 0.0012784454103809766 -0.17053847186786625 -0.0014473874656245472 -0.10450264482002321 -0.08883098424730547 -1.2600504020160805 -3.3025943686216643 -0.5549306336707911 -0.17482061317677755 -0.19854854169519376 -0.05303632988597188 -0.17740817740817738 -0.02636203866432337 -0.15115253810303567 -0.18904233642743942 -1.4068441064638786 -5.186211883813426 -0.9482653682288497 -0.252287905021024 -0.33065236818588023 -0.07858799278536459 -0.24876287280995052 -0.03283092075809581 -0.11898797595190383 -0.11164088847540413 -0.3644182888184699 -0.6797140513301301 -0.47719793135872124 -0.15713767677988638 -0.3256394260761073 -0.13106490233144302 -0.18860458981799 -0.009856378484933823 -0.04979958702781488 -0.00701344243132671 -0.06005652378709374 -0.04534065147357118 -0.11124694376528117 -0.09768764684060839 -0.18282890673255098 -0.12742793517258447 -0.17279174725983235 -0.07056870070568702 -0.06272401433691757 0.0023682652457075195 -0.10005955926146518 0.04968944099378883 -0.06971243620067222 0.05673408978786384 -0.03799873337555415 0.03029155622870125 0.0 8.673617379884035e-19 0.009929254064788385 0.11752740422646628 0.0600975167252523 0.07587618932915814 -0.055457227138643074 0.10707410972088549 -0.15234084716373544 0.10876359544943118 -0.08055235903337168 0.1263490392208476
-0.02560039010118249 0.023346303501945526 -0.1529464687359424 -0.020952159236410195 -0.11629301043040403 0.003559563360227812 -0.10744720266765469 0.009823182711198428 -0.055829654635159695 0.07535584705554005 0.020679850071086987 0.06453183976622429 0.07144587067086462 -0.16421780466724284 -0.11023821591485047 0.07422317272612908 -0.0666045024643666 0.1313586606567933 -0.0333555703802535 0.1482102908277405 -0.04713375796178344 0.04023408924652524 -0.055275174236962266 0.05897929706307174 -0.20958466453674118 -0.09015971148892324 -0.26532236667551073 -0.0063922270519048835 -0.17456693970726467 -0.0014473874656245468 -0.08644045929557477 -0.05803624304157291 -1.0116404656186246 -2.548874953891553 -0.4636920384951882 -0.16046966731898238 -0.18074763795700396 -0.057014054627419784 -0.16216216216216214 -0.02636203866432337 -0.1587101650081874 -0.18225039619651345 -1.5186081345777165 -5.553814631794625 -0.9653073645769934 -0.24857778877071485 -0.3459721690284693 -0.07343468178304562 -0.27283669921091336 -0.022384718698701688 -0.13777555110220444 -0.11978136992673565 -0.4447713897691263 -0.9820696120942223 -0.5500705218617772 -0.17043394173818446 -0.3505926388022458 -0.12476370510396977 -0.21366394091268798 0.0 -0.06073120369245719 0.0023378141437755697 -0.07889778615167216 -0.05369287674501849 -0.14180929095354525 -0.11252627674044764 -0.20753551575046325 -0.13237659284918965 -0.1831076724693746 -0.077487200774872 -0.08832565284178188 0.009473060982830076 -0.1262656343061346 0.014906832298136646 -0.09336486991161458 0.051800690675875685 -0.06459784673844206 0.039126593462072444 -0.013319126265316996 0.013651877133105802 -0.0024823135161970962 0.11187704825404002 0.0600975167252523 0.06744550162591834 -0.06843657817109144 0.10707410972088549 -0.1672033688382462 0.11001375171896485 -0.09461705664237309 0.12766517504606473
-0.03535291966353773 0.03557531962201223 -0.16306792622582095 -0.02677220346874636 -0.13067977460736122 0.01661129568106312 -0.12103248116586389 0.027013752455795674 -0.06491820306413919 0.09070611219648338 0.0038774718883288137 0.07670765859004018 0.06902397674981836 -0.13211507593530064 -0.11023821591485047 0.08177129198641339 -0.0799254029572399 0.13264649066323247 -0.03602401601067378 0.14401565995525728 -0.05732484076433121 0.051207022677395755 -0.04686373467916366 0.10471834376504574 -0.19808306709265172 -0.0695517774343122 -0.2600159193420005 0.0051137816415239064 -0.16651000402846786 0.015921262121870026 -0.07998967875112889 -0.03671680682221958 -0.7824312972518901 -1.819746710930776 -0.3812023497062867 -0.13176777560339203 -0.1465151307681775 -0.03049588968443384 -0.12058212058212059 -0.002929115407147042 -0.17382541881849098 -0.17432646592709983 -1.5773706648231363 -5.741834397975171 -0.9604382227632382 -0.24239426168686623 -0.3561853695901953 -0.08245297603710385 -0.27283669921091347 -0.026861662438442024 -0.14904809619238477 -0.1267589254564484 -0.5500226346763241 -1.3770069143325911 -0.6123648330982605 -0.18735646077601836 -0.3543356207111666 -0.1323251417769376 -0.20706937483513585 -0.0014080540692762607 -0.07287744443094862 0.008182349503214495 -0.10127178520960904 -0.0751700274430259 -0.1687041564792176 -0.09768764684060838 -0.22483014206300184 -0.11753061981937399 -0.18568665377176014 -0.058115400581154 -0.10880696364567335 0.010657193605683839 -0.14889815366289455 -0.012422360248447206 -0.11079297896178264 0.05673408978786384 -0.08233058898036733 0.05427237157642306 -0.019978689397975494 0.030034129692832763 -0.012411567580985479 0.12543790258786303 0.051026193445968926 0.07828495724436951 -0.08023598820058997 0.10948026948989413 -0.17091899925687393 0.1050131266408301 -0.09845288326300984 0.12766517504606473
-0.03657198585883213 0.02668148971650917 -0.1641925326135852 -0.03841229193341869 -0.1366742596810934 0.0047460844803037475 -0.12103248116586392 0.01596267190569745 -0.055829654635159695 0.07814680435389337 -0.0142173969238723 0.06696700353098746 0.06054734802615645 -0.10618594888257811 -0.1102382159148505 0.08302931186312743 -0.08925003330225124 0.12105602060528012 -0.03735823882588392 0.12024608501118568 -0.062420382165605096 0.043891733723482075 -0.03604902667627974 0.09629272989889262 -0.18658146964856226 -0.0824317362184441 -0.25736269567524545 -0.010227563283047813 -0.16113871357593662 -0.008684324793747287 -0.06579796155334797 -0.028425914959137738 -0.5748229929197167 -1.1717693348088036 -0.31996000499937505 -0.12133072407045009 -0.10817472271669178 -0.03712543092018033 -0.08731808731808732 -0.02636203866432337 -0.1851618591762187 -0.19696626669685308 -1.5877405231017399 -5.730987103772448 -0.9275715155203894 -0.25352461043779373 -0.34852546916890076 -0.10821953104869879 -0.2674869600106995 -0.06416952693627817 -0.17660320641282565 -0.1604837771833934 -0.6914893617021276 -1.893823977499121 -0.6946403385049364 -0.2224102502115315 -0.3767935121646912 -0.15500945179584122 -0.22949089949881296 -0.03379329766263024 -0.08623830924328921 -0.011689070718877847 -0.12600094206311824 -0.10022670325736786 -0.19437652811735942 -0.12860145913194013 -0.23224212476837555 -0.1472225658790053 -0.17923920051579625 -0.09685900096858999 -0.11776753712237584 -0.008288928359976317 -0.1620011911852293 -0.04596273291925466 -0.1182621685547118 0.037000493339911206 -0.09246358454718176 0.04165088981446421 -0.017314864144912095 0.012286689419795221 -0.02234082164577386 0.11526726183749576 0.04082095475677514 0.06262796579549562 -0.09321533923303835 0.09504331087584214 -0.182065890512757 0.09751218902362795 -0.10356731875719219 0.10660700184259016
-0.043886383030598566 0.014452473596442467 -0.17543859649122803 -0.050052380398091026 -0.14746433281381127 -0.009492168960607499 -0.12103248116586392 0.006139489194499017 -0.05453129057387692 0.06837845380965671 -0.024557321959415797 0.05357360282478997 0.03996124969726326 -0.10742066921842201 -0.11657374556512923 0.08051327210969933 -0.09457839349940056 0.09916291049581456 -0.049366244162775186 0.11325503355704696 -0.06496815286624204 0.037795659595220674 -0.027637587118481133 0.10471834376504574 -0.17252396166134182 -0.07727975270479134 -0.258689307508623 -0.017898235745333675 -0.16785282664160067 -0.01881603705311912 -0.04902593213778867 -0.026057088712542937 -0.37201488059522386 -0.6762572236567072 -0.2587176602924634 -0.12133072407045009 -0.09174311926605506 -0.050384513391673304 -0.08316008316008315 -0.04540128881077914 -0.19145988159717847 -0.20375820692777902 -1.575066251872336 -5.529709533566349 -0.8861838101034692 -0.24734108335394506 -0.3344823183965275 -0.12496779180623552 -0.2594623512103785 -0.08058498731532607 -0.2041583166332665 -0.18955692522386322 -0.851063829787234 -2.479784366576819 -0.77574047954866 -0.22361900157137676 -0.4104803493449782 -0.15752993068683052 -0.2664204695331047 -0.04505773021684033 -0.09959917405562979 -0.0315604909409702 -0.16132830899670278 -0.14318100465338265 -0.22982885085574573 -0.1545690614566588 -0.23471278567016673 -0.15959421007051838 -0.1831076724693746 -0.117614501176145 -0.13568868407578086 -0.017761989342806393 -0.17748659916617032 -0.0720496894409938 -0.1406697373334993 0.03330044400592008 -0.11399620012666245 0.03155370440489713 -0.03196590303676079 0.00546075085324232 -0.021099664887675312 0.09605605153124648 0.03174963147749178 0.046970974346621716 -0.0967551622418879 0.08541867179980751 -0.1795888035670052 0.07375921990248782 -0.10868175425137452 0.09212950776520137
-0.04998171400707059 0.022234574763757644 -0.18106162843004944 -0.052380398091025494 -0.14746433281381127 -0.00830564784053156 -0.13091268371001608 0.008595284872298624 -0.050636198390028565 0.06558749651130338 -0.023264831329972858 0.04870327529526361 0.03511746185517075 -0.10742066921842201 -0.11530663963507348 0.07925525223298528 -0.09857466364726256 0.10431423052157116 -0.05336891260840561 0.11185682326621924 -0.06369426751592357 0.03291880029261156 -0.04205719778899303 0.11194029850746268 -0.17380191693290734 -0.06697578567748583 -0.2653223666755108 -0.012784454103809767 -0.1624815361890694 -0.008684324793747287 -0.04128499548445362 -0.013028544356271465 -0.29881195247809916 -0.49428255256362963 -0.2149731283589551 -0.10697977821265492 -0.08078871696563059 -0.03712543092018032 -0.07345807345807345 -0.04100761570005858 -0.17256581433429902 -0.18338238623500114 -1.407996312939279 -4.9198505483909845 -0.800973828362751 -0.22260697501855056 -0.32809906804544875 -0.10048956454522032 -0.25277517721011106 -0.07013878525593195 -0.2154308617234469 -0.1988603325968136 -0.9970574920778633 -3.0434782608695654 -0.8321579689703809 -0.21153148797292393 -0.44167186525265123 -0.14744801512287337 -0.2848852545502506 -0.035201351731906506 -0.10081379812947895 -0.02805376972530684 -0.20960904380593498 -0.2028397565922921 -0.27017114914425433 -0.1632249288982317 -0.25324274243360095 -0.15464555239391314 -0.19213410702772404 -0.11761450117614498 -0.14464925755248334 -0.021314387211367674 -0.1893984514592019 -0.09068322981366458 -0.15436325158720277 0.018500246669955603 -0.12919569347688414 0.030291556228701243 -0.03995737879595099 0.0027303754266211596 -0.024823135161970957 0.0881455531698497 0.01927656196847715 0.042153438516198974 -0.10501474926253687 0.08301251203079885 -0.182065890512757 0.07250906363295413 -0.10612453650428333 0.09607791524085287
-0.0524198463976594 0.028904947192884934 -0.18218623481781376 -0.050052380398091026 -0.1450665387843184 -0.0011865211200759382 -0.11856243052982587 0.012278978388998035 -0.049337834328745785 0.06837845380965671 -0.015509887553315237 0.04626811153050043 0.030273674013078233 -0.10742066921842201 -0.11150532184490622 0.07925525223298528 -0.07859331290795257 0.10946555054732776 -0.04803202134756505 0.10626398210290829 -0.06624203821656051 0.035357229943916116 -0.049267003124248976 0.12277323062108811 -0.18146964856230033 -0.05023183925811438 -0.2613425311753781 0.0025568908207619532 -0.165167181415335 -0.0014473874656245479 -0.03612437104889692 0.004737652493189626 -0.24600984039361581 -0.3971474240747571 -0.17997750281214847 -0.09262883235485975 -0.06709571409009997 -0.03314770617873243 -0.07484407484407485 -0.03954305799648506 -0.14737372465045978 -0.16640253565768623 -1.2432307869570232 -4.209955405568278 -0.6950699939135727 -0.19292604501607719 -0.2770330652368186 -0.08116464828652409 -0.2166644376086666 -0.06566184151619162 -0.2279559118236473 -0.20816373996976392 -1.1136260751471254 -3.5825618188210484 -0.8685942642219086 -0.20669648253354284 -0.44167186525265134 -0.1398865784499055 -0.29675547348984443 -0.030977189524077724 -0.11538928701566867 -0.03389830508474577 -0.2661328308996703 -0.31141868512110726 -0.3190709046454768 -0.17435390132311113 -0.25818406423718343 -0.15464555239391314 -0.2011605415860735 -0.11207970112079702 -0.14336917562724016 -0.027235050325636473 -0.2001191185229303 -0.10559006211180125 -0.15311838665504793 0.013566847557967443 -0.11652944901836607 0.03407800075728891 -0.03729355354288759 0.009556313993174062 -0.03351123246866079 0.08136512600293819 0.010205238689193784 0.02770083102493075 -0.11563421828908553 0.0854186717998075 -0.1733960862026257 0.0750093761720215 -0.10484592763073775 0.09344564359041854
-0.05729611117883702 0.030016675931072812 -0.17881241565452088 -0.06867652194156676 -0.13547536266634694 0.004746084480303748 -0.1086822279856737 0.024557956777996073 -0.04414437808361465 0.07814680435389339 -0.018094868812201112 0.05479118470717156 0.02542988617098571 -0.09260402518829486 -0.11023821591485047 0.08806139136998366 -0.07459704276009058 0.11719253058596266 -0.04536357571714476 0.11185682326621924 -0.08152866242038216 0.03291880029261156 -0.05167027156933429 0.12036591237361578 -0.1776357827476038 -0.06697578567748583 -0.2560360838418679 -0.0051137816415239064 -0.16919564925473343 -0.004342162396873643 -0.024512966068894332 0.022503849342650716 -0.19800792031681266 -0.29632361982048444 -0.14748156480439947 -0.07566862361382909 -0.04518690948925099 -0.027844073190135248 -0.04712404712404712 -0.048330404217926184 -0.13855649326111602 -0.14489472492642066 -1.078465260974767 -3.4940339881885016 -0.6062081558125382 -0.17190205293099184 -0.24256351334099321 -0.07987632053594433 -0.19259061120770363 -0.0686464706760185 -0.2367234468937876 -0.21630422142109546 -1.2007695789950203 -4.072424704090004 -0.8897508227550539 -0.21153148797292393 -0.44167186525265134 -0.13862633900441085 -0.3046689527829069 -0.023936919177696424 -0.13239402404955666 -0.040911747516072475 -0.3297220913801225 -0.48204271566638823 -0.3679706601466993 -0.19166563620625696 -0.2631253860407659 -0.15835704565136707 -0.20373952288845903 -0.11899820118998201 -0.15232974910394265 -0.035523978685612786 -0.20131030375223347 -0.1217391304347826 -0.16556703597659653 0.009866798223976323 -0.11906269791006965 0.041650889814464215 -0.04528502930207778 0.020477815699658706 -0.03475238922675934 0.07571477003051193 0.010205238689193782 0.01806575936408527 -0.12153392330383479 0.0962463907603465 -0.17215754272974984 0.08876109513689212 -0.11251758087201125 0.10529086601737299
-0.0524198463976594 0.03557531962201223 -0.18893387314439944 -0.06867652194156675 -0.1366742596810934 0.015424774560987186 -0.09756700012350253 0.03929273084479372 -0.02856400934822124 0.08372871895060005 -0.02714230321830167 0.06696700353098746 0.02785178009203197 -0.09630818619582666 -0.11784085149518501 0.0868033714932696 -0.09191421340082591 0.12105602060528012 -0.04669779853235491 0.11465324384787472 -0.07898089171974522 0.02804194099000244 -0.05287190579187695 0.12397688974482426 -0.16741214057507986 -0.09015971148892324 -0.2520562483417352 -0.02429046279723856 -0.16651000402846786 -0.023158199449992763 -0.019352341633337634 0.022503849342650716 -0.16560662426497058 -0.2692733308742162 -0.13123359580052493 -0.08741030658838878 -0.03970970833903875 -0.03845133916732962 -0.027720027720027723 -0.05711775043936731 -0.12470084393500443 -0.1199909440796921 -0.8987210508123056 -2.7371339038206584 -0.5161290322580646 -0.16324511501360378 -0.2272437124984042 -0.0760113372842051 -0.17787882840711516 -0.06267721235636473 -0.23672344689378755 -0.22095592510757064 -1.2630149388863738 -4.4415797492089535 -0.8968030089327692 -0.21636649341230507 -0.4466625077978789 -0.1461877756773787 -0.3073067792139277 -0.043649676147564063 -0.1384671444188024 -0.049094097019286964 -0.4145077720207254 -0.733802648848586 -0.430317848410758 -0.19661184617287003 -0.27671402100061765 -0.1496968947173079 -0.21792392005157962 -0.11484710114847103 -0.16129032258064518 -0.035523978685612786 -0.21560452650387135 -0.11801242236024845 -0.18797460475538402 0.014800197335964483 -0.13806206459784676 0.044175186166855986 -0.061267980820458166 0.030034129692832767 -0.03971701625915353 0.06554412928014464 -0.002267830819820846 -0.008430687703239797 -0.1309734513274336 0.08541867179980753 -0.16844191231112213 0.07125890736342042 -0.10612453650428333 0.09212950776520137
-0.059734243569425825 0.032240133407448586 -0.191183085919928 -0.07333255732743568 -0.13787315669583983 0.016611295681063124 -0.10250710139557861 0.045432220039292724 -0.03895092183848351 0.08791515489813005 -0.025849812588858732 0.05844393035431633 0.019375151368370064 -0.09136930485245091 -0.11150532184490625 0.08428733173984147 -0.09324630345011323 0.11976819059884096 -0.050700466977985324 0.12863534675615212 -0.08025477707006369 0.030480370641306997 -0.05888007690459024 0.14203177660086663 -0.17507987220447283 -0.07856774858320453 -0.25868930750862296 -0.012784454103809767 -0.17322411709413185 -0.011579099724996381 -0.016772029415559282 0.027241501835840343 -0.1500060002400096 -0.25451862781261525 -0.11623547056617922 -0.08480104370515329 -0.03697110776393263 -0.03712543092018032 -0.03187803187803188 -0.04393673110720562 -0.11336440357727673 -0.11093502377179083 -0.7385643507316512 -1.9995178980354347 -0.44065733414485697 -0.1446945337620579 -0.21447721179624665 -0.057974748776088644 -0.16584191520663366 -0.04476943739740337 -0.2442384769539078 -0.22444470287242702 -1.3014938886373923 -4.639634360717215 -0.8921015514809593 -0.21153148797292393 -0.445414847161572 -0.1461877756773787 -0.30466895278290684 -0.04083356800901154 -0.1493987610834447 -0.07481005260081823 -0.5063589260480452 -1.1072664359861593 -0.4828850855745722 -0.23370842092246816 -0.2853613341568869 -0.1657800321662749 -0.22952933591231464 -0.12868410128684102 -0.18433179723502305 -0.037892243931320305 -0.23228111971411555 -0.10683229813664594 -0.20664757873770695 0.00863344844597928 -0.149461684610513 0.054272371576423076 -0.06659563132658498 0.031399317406143344 -0.043440486533449174 0.06215391569668888 -0.004535661639641684 -0.03492713477056486 -0.1262536873156342 0.07098171318575555 -0.16844191231112213 0.0637579697462183 -0.1086817542513745 0.08818110028954987
-0.06704864074119225 0.018899388549194 -0.191183085919928 -0.08497264579210802 -0.13187867162210767 0.014238253440911248 -0.10003705075954057 0.04420432220039293 -0.0402492858997663 0.08651967624895339 -0.025849812588858732 0.05235602094240838 0.008476628723661903 -0.09383874552413878 -0.10643689812468322 0.10064159013712415 -0.08125749300652724 0.1313586606567933 -0.04536357571714476 0.13842281879194632 -0.07770700636942675 0.020726652036088762 -0.05767844268204758 0.1576793452094367 -0.18146964856230033 -0.0695517774343122 -0.2719554258423985 -0.0217335719764766 -0.1906808110648583 -0.013026487190620925 -0.015481873306670108 0.020135023096055898 -0.14640585623424934 -0.2508299520472151 -0.10623672040994876 -0.06914546640574037 -0.02327810488840203 -0.029169981437284543 -0.0291060291060291 -0.0424721734036321 -0.10454717218793297 -0.10414308354086484 -0.5968429542574029 -1.3932746775943112 -0.37492391965916 -0.12738065792728176 -0.1902208604621473 -0.03478484926565319 -0.1457803932058312 -0.013430831219221007 -0.2392284569138276 -0.21979299918595188 -1.2867813490267088 -4.649009726942459 -0.8638928067700986 -0.18856521213586364 -0.4329382407985028 -0.13862633900441085 -0.2967554734898444 -0.035201351731906506 -0.15668650552653954 -0.10169491525423728 -0.6099858690532265 -1.5821501014198784 -0.547677261613692 -0.25472981328057376 -0.2853613341568869 -0.1670171965854262 -0.2269503546099291 -0.135602601356026 -0.19201228878648233 -0.06631142687981054 -0.2394282310899345 -0.1217391304347826 -0.21660649819494582 -0.0074000986679822415 -0.14946168461051298 0.04922377887163953 -0.059936068193926474 0.038225255972696236 -0.04592280004964626 0.04972313255735111 -0.012473069509014627 -0.06503673371070698 -0.13805309734513274 0.06496631376323389 -0.18082734703988107 0.06250781347668459 -0.12274645186037592 0.07765201368781258
-0.06704864074119225 0.010005558643690939 -0.1968061178587494 -0.07216854848096844 -0.1342764656516005 0.022543901281442808 -0.10250710139557861 0.04543222003929274 -0.03116073747078681 0.0907061121964834 -0.023264831329972858 0.04261536588335566 0.006054734802615644 -0.10371650821089022 -0.09756715661429294 0.10064159013712415 -0.06926868256294125 0.12620734063103672 -0.030687124749833226 0.13702460850111858 -0.07006369426751592 0.01584979273347964 -0.05767844268204758 0.15888300433317287 -0.1801916932907348 -0.06826378155589903 -0.27726187317590867 -0.015341344924571721 -0.19873774674365516 -0.01157909972499638 -0.01806218552444846 0.016581783726163684 -0.1500060002400096 -0.24837083487028155 -0.09498812648418946 -0.046966731898238745 -0.006846501437765304 -0.00928135773004508 -0.013860013860013861 -0.02343292325717633 -0.09950875425116512 -0.09395517319447588 -0.4574259707339555 -0.9364830661684944 -0.31162507608034085 -0.112540192926045 -0.165964509128048 -0.023189899510435458 -0.11903169720476126 -0.016415460379047897 -0.23672344689378755 -0.21630422142109546 -1.2381167949298324 -4.457986640103129 -0.8274565115185707 -0.1801039526169467 -0.42170929507174054 -0.14114681789540012 -0.2862041677657611 -0.036609405801182764 -0.16761812219118183 -0.1309175920514319 -0.7195007065473387 -2.1441355446844055 -0.6161369193154034 -0.2658587857054532 -0.29030265596046945 -0.16701719658542621 -0.22952933591231464 -0.134218901342189 -0.19969278033794163 -0.08407341622261692 -0.2501488981536629 -0.12546583850931675 -0.23403460724511388 -0.01726689689195856 -0.155794806839772 0.039126593462072444 -0.06659563132658497 0.023208191126279865 -0.04344048653344917 0.04746299016838061 -0.018142646558566733 -0.08069372515958088 -0.12743362831858407 0.06135707410972089 -0.15977210800099081 0.0600075009376172 -0.10740314537782891 0.08028428533824691
-0.05729611117883702 0.013340744858254584 -0.1889338731443994 -0.053544406937492725 -0.13067977460736122 0.02610346464167062 -0.0950969494874645 0.047888015717092336 -0.02726564528693846 0.09349706949483674 -0.018094868812201112 0.03652745647144771 0.006054734802615645 -0.1135942708976417 -0.09503294475418143 0.09309347087683986 -0.06527241241507926 0.12491951062459754 -0.03468979319546365 0.13562639821029082 -0.06624203821656051 0.008534503779565961 -0.05167027156933429 0.160086663456909 -0.1776357827476038 -0.060535806285419894 -0.27195542584239846 -0.0025568908207619563 -0.20813750503558479 -0.008684324793747283 -0.00903109276222423 0.027241501835840343 -0.12360494419776794 -0.2422230419279478 -0.07999000124984376 -0.0365296803652968 -0.001369300287553061 -0.00928135773004508 -0.02079002079002079 -0.029291154071470416 -0.07809547801990174 -0.07697532261716095 -0.3364442908169144 -0.6014222007954682 -0.24345709068776622 -0.09646302250803859 -0.13404825737265416 -0.011594949755217725 -0.09228300120369132 -0.02238471869870168 -0.2292084168336673 -0.21746714734271425 -1.160027161611589 -4.126333059885153 -0.78044193700047 -0.1668076876586486 -0.40673736743605743 -0.1285444234404537 -0.2796096016882089 -0.032385243593353985 -0.17004737033888012 -0.1472822910578609 -0.8195949128591614 -2.7061209879489327 -0.6907090464547677 -0.29182638803017186 -0.2878319950586782 -0.16825436100457752 -0.23468729851708572 -0.13837000138369998 -0.20225294418842807 -0.08880994671403197 -0.26325193567599764 -0.14534161490683228 -0.2564421760239014 -0.02343364578194376 -0.1608613046231792 0.03534014893348479 -0.07725093233883856 0.020477815699658702 -0.043440486533449174 0.02825177986213131 -0.0272139698378501 -0.09875948452366615 -0.13215339233038348 0.054138594802694895 -0.15357939063661133 0.05750718839854981 -0.1086817542513745 0.07238747038694394
-0.0536389125929538 0.016675931072818236 -0.18331084120557803 -0.043068327319287635 -0.12468528953362905 0.01661129568106312 -0.09139187353340741 0.047888015717092336 -0.03635419371591794 0.09628802679319007 -0.016802378182758173 0.03530987458906612 -0.0036328408815693887 -0.125941474256081 -0.10770400405473897 0.0792552522329853 -0.07459704276009058 0.12105602060528012 -0.050700466977985324 0.13282997762863533 -0.06751592356687898 0.01706900755913192 -0.05287190579187695 0.17934520943668752 -0.17380191693290734 -0.045079855744461626 -0.27726187317590867 0.016619790334952696 -0.21619444071438165 0.004342162396873643 -0.014191717197780932 0.03434798057562478 -0.13320532821312853 -0.24345260051641454 -0.07374078240219972 -0.03913894324853229 -0.0013693002875530596 -0.007955449482895786 -0.01801801801801802 -0.02489748096074985 -0.07179745559894193 -0.0441476115010188 -0.26155086991588894 -0.3784500421839218 -0.21302495435179553 -0.06059856542171653 -0.13660155751308567 0.01932491625869621 -0.09897017520395882 0.005969258319653782 -0.21042084168336675 -0.1942086289103384 -1.0264825712992305 -3.647017461619595 -0.7016925246826516 -0.1535114227003505 -0.3767935121646912 -0.11090107120352866 -0.24795568451595887 -0.021120811039143907 -0.17126199441272927 -0.1472822910578609 -0.9196891191709845 -3.2645269060971245 -0.7640586797066016 -0.301718807963398 -0.30265596046942556 -0.16578003216627493 -0.25660863958736296 -0.134218901342189 -0.20097286226318486 -0.08880994671403199 -0.2787373436569387 -0.18633540372670807 -0.29254325905639245 -0.03453379378391712 -0.18366054464851173 0.04165088981446422 -0.10388918486947256 0.027303754266211604 -0.04095817301725208 0.03503220702904282 -0.02948180065767094 -0.08792002890521498 -0.12979351032448377 0.03729547641963426 -0.14614812979935596 0.05250656332041505 -0.101010101010101 0.06449065543564096
-0.04510544922589297 0.02668148971650917 -0.1641925326135852 -0.043068327319287635 -0.11149742237141828 0.018984337921214994 -0.08645177226133136 0.05402750491159136 -0.023370553103090108 0.08931063354730673 -0.0012924906294429356 0.04018020211859248 0.02664083313150884 -0.12347203358439311 -0.09503294475418145 0.06541703358913073 -0.06394032236579192 0.12491951062459757 -0.03468979319546365 0.12583892617449663 -0.06624203821656051 0.03169958546695928 -0.031242489786109107 0.18777082330284064 -0.16869009584664535 -0.03735188047398248 -0.2746086495091536 0.02940424443876246 -0.2027662145830536 0.004342162396873643 -0.010321248871113404 0.046192111808598835 -0.11280451218048719 -0.24099348333948106 -0.061242344706911644 -0.0273972602739726 0.006846501437765303 0.010607265977194377 0.009702009702009701 -0.016110134739308724 -0.047864970399294625 -0.028299750962191533 -0.17513538426085956 -0.26997710015668314 -0.1582471089470481 -0.05194162750432847 -0.11745180645984934 0.03736150476681267 -0.07623378360304936 0.014923145799134457 -0.19163326653306614 -0.16164670310501222 -0.8589859665006789 -3.0716043595452946 -0.6252938410907382 -0.13900640638220715 -0.34185901434809735 -0.09199747952110902 -0.20838828805064624 -0.012672486623486343 -0.18462285922506985 -0.14962010520163643 -0.9962317475270843 -3.815773774012647 -0.8325183374083132 -0.3079015704216644 -0.3360098826436072 -0.16825436100457752 -0.2746615087040619 -0.143904801439048 -0.19201228878648233 -0.08999407933688575 -0.2894580107206671 -0.23975155279503105 -0.31121623303871526 -0.0493339911198816 -0.17986067131095634 0.046699482519247756 -0.09323388385721895 0.02320819112627986 -0.04219932977535063 0.04068256300146909 -0.01133915409910421 -0.09153318077803205 -0.1309734513274336 0.028873917228103944 -0.14490958632648004 0.06250781347668458 -0.0946170566423731 0.06185838378520664
-0.043886383030598566 0.030016675931072812 -0.16419253261358524 -0.029100221161680838 -0.10909962834192541 0.024916943521594688 -0.07904162035321724 0.04788801571709234 -0.01817709685795897 0.08651967624895339 -0.002584981258885872 0.05235602094240838 0.023007992249939452 -0.125941474256081 -0.09249873289406994 0.061642973958988566 -0.06926868256294126 0.11719253058596266 -0.030687124749833223 0.1272371364653244 -0.062420382165605096 0.030480370641307004 -0.021629416005767843 0.17573423206547906 -0.16230031948881785 -0.032199896960329724 -0.27062881400902095 0.026847353618000513 -0.20008056935678797 0.004342162396873647 -0.003870468326667527 0.054483003671680685 -0.10440417616704667 -0.23361613180868063 -0.0549931258592676 -0.02217873450750163 0.012323702587977544 0.00928135773004508 0.015246015246015246 -0.00878734622144112 -0.04786497039929462 -0.01697985057731492 -0.1590044936052541 -0.23864047245992528 -0.1314668289713938 -0.050704922087558744 -0.10468530575769182 0.03349652151507344 -0.06018456600240737 0.013430831219221012 -0.1715931863727455 -0.13955111059425515 -0.7005432322317791 -2.4856439704675966 -0.5430183356840621 -0.13538015230267134 -0.31066749844042424 -0.0970384373030876 -0.18332893695594826 -0.011264432554210082 -0.19676909996356126 -0.15078901227352426 -1.0280263777673104 -4.07707910750507 -0.8496332518337409 -0.3103746754049709 -0.34465719579987647 -0.17691451193863666 -0.2888459058671825 -0.153590701535907 -0.19329237071172556 -0.09828300769686206 -0.3335318642048839 -0.38881987577639754 -0.3460724511390514 -0.0555007400098668 -0.18112729575680814 0.03786444528587656 -0.08790623335109217 0.03139931740614334 -0.04592280004964627 0.037292349418013335 -0.009071323279283366 -0.09875948452366615 -0.13215339233038348 0.018046198267564963 -0.14614812979935596 0.057507188398549826 -0.09333844776882752 0.05527770465912083
-0.039010118249420946 0.036687048360200106 -0.1596941070625281 -0.017460132697008503 -0.10550293729768612 0.024916943521594685 -0.0765715697171792 0.05771119842829077 -0.01428200467411062 0.08651967624895338 0.003877471888328811 0.047485693412882016 0.0290627270525551 -0.11359427089764167 -0.08616320324379119 0.06793307334255883 -0.07992540295723992 0.11848036059240181 -0.02935290193462308 0.13003355704697986 -0.05859872611464968 0.03535722994391612 -0.007209805335255948 0.15888300433317287 -0.15335463258785936 -0.04379185986604843 -0.2746086495091536 0.02940424443876246 -0.1973949241305224 0.005789549862498194 -0.00258031221777835 0.06514272178135734 -0.09000360014400575 -0.2422230419279479 -0.05249343832020997 -0.023483365949119372 0.008215801725318363 0.017236807212940863 0.02079002079002079 4.8572257327350596e-18 -0.03778813452575892 -0.021507810731265568 -0.14863463532665055 -0.2302036880800289 -0.11929397443700551 -0.05441503833786791 -0.10085535554704454 0.02576655501159495 -0.052159957202086396 0.013430831219221012 -0.15405811623246493 -0.11164088847540414 -0.5613399728383883 -1.8985116606117427 -0.47719793135872113 -0.11120512510576575 -0.29070492825951344 -0.07561436672967865 -0.1648641519388024 0.0070402703463813 -0.20041297218510873 -0.14143775569842199 -1.032736693358455 -4.159408185180765 -0.8496332518337409 -0.31779399035489053 -0.3508338480543546 -0.17196585426203143 -0.29787234042553196 -0.15220700152207 -0.20225294418842804 -0.11012433392539966 -0.3787969029184038 -0.5055900621118011 -0.3883978588323167 -0.06660088801184016 -0.1861937935402153 0.03912659346207245 -0.08391049547149707 0.0273037542662116 -0.048405113565843365 0.032772064640072325 -0.01360698491892505 -0.1023726363964832 -0.143952802359882 0.016843118383060636 -0.15605647758236313 0.07000875109388674 -0.10356731875719216 0.059226112134772316
-0.042667316835304156 0.032240133407448586 -0.1641925326135852 0.005820044232336169 -0.10909962834192541 0.02728998576174656 -0.07286649376312214 0.04420432220039292 -0.00649182030641392 0.07396036840636337 3.122502256758253e-18 0.03287471082430293 0.021797045289416325 -0.12100259291270525 -0.0963000506842372 0.07296515284941503 -0.08258958305581457 0.11848036059240181 -0.032021347565043365 0.12304250559284116 -0.05222929936305733 0.04389173372348208 -0.004806536890170632 0.15647568608570053 -0.14568690095846643 -0.012879958784131887 -0.2600159193420005 0.053694707236001026 -0.1799382301597959 0.023158199449992766 0.0 0.06277389553476252 -0.0828033121324853 -0.23976392475101438 -0.044994375703037125 -0.019569471624266144 0.00958510201287142 0.014584990718642268 0.019404019404019406 0.013181019332161686 -0.030230507620607132 -0.024903780846728545 -0.14172139647424817 -0.21333011932023624 -0.1119902617163725 -0.03710116250309177 -0.0995787054768288 0.03607317701623293 -0.05483482680219339 0.02536934785852858 -0.1402805611222445 -0.0965228514943598 -0.4504300588501583 -1.35942810266026 -0.41607898448519043 -0.07856883838994318 -0.27074235807860264 -0.05293005671077505 -0.14771828013716698 0.018304702900591382 -0.19919834811125955 -0.1472822910578609 -1.017428167687235 -4.09020403293163 -0.8374083129584353 -0.31161122789662415 -0.35206917850525016 -0.17815167635778795 -0.30045132172791755 -0.154974401549744 -0.20481310803891448 -0.11959739490822971 -0.4312090530077427 -0.5788819875776399 -0.42947840159342715 -0.0740009866798224 -0.19126029132362254 0.03786444528587656 -0.08657432072456046 0.017747440273037537 -0.04964627032394191 0.03164199344558707 -0.017008731148656316 -0.11682524388775142 -0.14749262536873156 0.01323387872954764 -0.15234084716373547 0.07000875109388674 -0.1022887098836466 0.048697025533035024
-0.04632451542118737 0.040022234574763754 -0.16644174538911377 0.012804097311139568 -0.11149742237141828 0.02135738016136687 -0.08027664567123625 0.03806483300589392 -0.0077901843676967 0.07675132570471671 -0.009047434406100553 0.023134055765250208 0.019375151368370067 -0.1098901098901099 -0.09756715661429297 0.06793307334255881 -0.07459704276009058 0.10431423052157116 -0.024016010673782524 0.10486577181208054 -0.05605095541401274 0.06461838575957084 -0.01802451333813987 0.16490129995185365 -0.1546325878594249 0.01416795466254508 -0.26266914300875566 0.07414983380209665 -0.1718812944809991 0.03473729917498915 0.002580312217778352 0.07343361364443918 -0.07560302412096485 -0.20779540145087916 -0.0412448443944507 0.015655577299412915 0.0013693002875530603 0.03314770617873243 -0.0027720027720027724 0.029291154071470416 -0.032749716588991055 -0.024903780846728552 -0.13019933172024428 -0.19163553091478847 -0.09860012172854533 -0.023497402918624788 -0.08681220477467126 0.03478484926565319 -0.04012304400160492 0.013430831219221012 -0.13527054108216435 -0.07093848121874635 -0.3632865550022634 -0.9082386030704324 -0.3643629525152798 -0.05197630847334702 -0.2557704304429195 -0.03402646502835538 -0.1292534951200211 0.043649676147564063 -0.20041297218510873 -0.13676212741087085 -0.9832783796514366 -3.9052619019210106 -0.8117359413202934 -0.3091381229133176 -0.34589252625077205 -0.1880489917109984 -0.28626692456479697 -0.16189290161892905 -0.21249359959037378 -0.12078152753108347 -0.45622394282310896 -0.6223602484472051 -0.4481513755757501 -0.08263443512580168 -0.1823939202026599 0.027767259876309475 -0.07591901971230688 0.004095563139931741 -0.053369740598237556 0.040682563001469094 -0.01474090032883547 -0.09996386848127183 -0.1486725663716814 0.02285851780558229 -0.15357939063661136 0.08251031378922365 -0.09205983889528195 0.05527770465912083
-0.0536389125929538 0.030016675931072816 -0.16194331983805665 0.02211616808287743 -0.10670183431243256 0.008305647840531562 -0.08521674694331234 0.018418467583497054 3.4694469519536144e-19 0.06698297516048005 -0.027142303218301668 0.024351637647631798 0.014531363526277551 -0.09630818619582665 -0.10770400405473897 0.06919109321927287 -0.07726122285866524 0.1107533805537669 -0.026684456304202804 0.10906040268456377 -0.06369426751592357 0.06827603023652767 -0.010814708002883922 0.17573423206547906 -0.14313099041533545 0.003863987635239566 -0.2560360838418679 0.0664791613398108 -0.16382435880220225 0.024605586915617313 -0.00903109276222423 0.06277389553476252 -0.07800312012480501 -0.2028771670970122 -0.03874515685539308 0.001304631441617743 -0.006846501437765303 0.015910898965791564 -0.005544005544005542 0.008787346221441126 -0.035268925557374986 -0.029431741000679197 -0.11982947344164074 -0.19525129564902974 -0.08399269628727937 -0.024734108335394515 -0.07915230435337674 0.030919866013913944 -0.026748696001069956 0.019400089538874794 -0.13652304609218438 -0.052331666472845664 -0.282933454051607 -0.5777569436306107 -0.31499764927127416 -0.04835005439381119 -0.24329382407985028 -0.03276622558286074 -0.11078871010287525 0.03801745987045903 -0.20527146848050526 -0.12857977790765635 -0.917333961375412 -3.5795251163345654 -0.773838630806846 -0.3041919129467046 -0.3582458307597282 -0.1917604849684523 -0.28110896196002577 -0.15774180157741804 -0.22401433691756273 -0.13617525162818236 -0.48481238832638474 -0.6484472049689441 -0.46682434955807295 -0.09126788357178096 -0.19126029132362252 0.013883629938154738 -0.07991475759190197 0.00955631399317406 -0.0546108973563361 0.033902135834557576 -0.018142646558566733 -0.09032879682042635 -0.1486725663716814 0.01203079884504331 -0.14862521674510776 0.0750093761720215 -0.07927375015982611 0.048697025533035024
-0.04754358161648178 0.03668704836020011 -0.1596941070625281 0.03259224770108252 -0.10430404028293969 0.009492168960607495 -0.09015684821538841 0.015962671905697452 -0.0025967281225655675 0.06279653921295003 -0.01938735944164405 0.019481310118105444 0.014531363526277546 -0.09013458451660698 -0.10390268626457173 0.0578689143288464 -0.07193286266151593 0.10946555054732776 -0.017344896597731824 0.09787472035794184 -0.062420382165605096 0.07071445988783223 -0.014419610670511895 0.16129032258064518 -0.13546325878594248 -0.0077279752704791345 -0.24674980100822502 0.060086934287905916 -0.14099637437894455 0.013026487190620929 0.005160624435556703 0.07106478739784436 -0.06480259210368415 -0.1918111398008115 -0.0287464066991626 0.005218525766470972 -0.0027386005751061223 0.014584990718642268 0.00693000693000693 0.0029291154071470413 -0.023932485199647312 -0.021507810731265564 -0.11291623458923838 -0.1928407858262022 -0.07060255629945224 -0.007420232500618351 -0.07021575386186646 0.043803143519711416 -0.02006152200080246 0.008953887479480675 -0.12775551102204408 -0.03953948133503896 -0.2218198279764599 -0.3679831243407946 -0.2773859896567936 -0.04351504895443008 -0.24578914535246416 -0.036546943919344675 -0.10419414402532315 0.036609405801182764 -0.19919834811125953 -0.10987726475745177 -0.8349034385303815 -3.123732251521298 -0.7139364303178484 -0.28440707308025226 -0.3508338480543545 -0.1892861561301497 -0.26692456479690524 -0.154974401549744 -0.213773681515617 -0.13143872113676733 -0.4931506849315069 -0.6534161490683229 -0.4643346196937633 -0.08756783423778983 -0.18492716909436352 0.022718667171525934 -0.07458710708577518 0.005460750853242323 -0.047163956807744815 0.03842242061249858 -0.021544392788297995 -0.07948934120197518 -0.1415929203539823 0.007218479307025985 -0.1387168689621006 0.06750843855481933 -0.060094617056642374 0.04738088970781786
-0.039010118249420946 0.030016675931072823 -0.14282501124606387 0.03142823885461529 -0.09231507013547535 0.0023730422401518746 -0.08027664567123625 0.007367387033398823 1.3877787807814458e-18 0.0516327100195367 -0.002584981258885877 0.01461098258857908 0.036328408815693866 -0.07655266082232373 -0.10010136847440447 0.06415901371241665 -0.05994405221792994 0.12363168061815841 -0.008005336891260848 0.1034675615212528 -0.05859872611464968 0.07071445988783223 -0.004806536890170632 0.16490129995185365 -0.1303514376996805 -0.0077279752704791345 -0.23613690634120457 0.05113781641523907 -0.12756814824761648 0.0043421623968736426 0.01806218552444846 0.07461802676773659 -0.04560182407296292 -0.1881224640354113 -0.02249718785151856 -0.001304631441617743 0.002738600575106119 0.0039777247414478885 0.0027720027720027703 -0.02343292325717633 -0.0050384179367678585 -0.013583880461851935 -0.0829588662288282 -0.1868145112691334 -0.054777845404747415 0.004946821667078903 -0.06255585344057193 0.05539809327492914 -0.01738665240069547 0.011938516639307567 -0.11397795591182365 -0.03139899988370741 -0.19013128112267993 -0.24961912574709952 -0.25152797367183827 -0.027801281276441447 -0.24079850280723641 -0.03780718336483931 -0.09628066473226063 0.036609405801182764 -0.17004737033888012 -0.09585037989479836 -0.7171455487517663 -2.577258083760888 -0.6246943765281174 -0.26833189068875973 -0.3248919085855466 -0.190523320549301 -0.24887169568020626 -0.16050920160509202 -0.18945212493599592 -0.13262285375962107 -0.47051816557474685 -0.639751552795031 -0.44068218598282083 -0.08510113468179575 -0.16212792906903103 0.022718667171525934 -0.05727224294086308 -3.4694469519536144e-19 -0.044681643291547724 0.033902135834557576 -0.017008731148656316 -0.06744550162591834 -0.14985250737463124 -2.949029909160572e-18 -0.14243249938072827 0.06250781347668458 -0.05881600818309679 0.035535667280863395
-0.03779105205412654 0.030016675931072823 -0.1405757984705353 0.04306832731928763 -0.08392279103225032 0.016611295681063124 -0.06422131653698901 0.014734774066797646 0.01428200467411062 0.050237231370360035 -0.010339925035543493 0.013393400706197489 0.03269556793412449 -0.06667489813557229 -0.09756715661429297 0.06667505346584476 -0.06394032236579193 0.12234385061171926 -0.008005336891260841 0.09927293064876959 -0.05477707006369427 0.07193367471348452 -0.004806536890170632 0.16971593644679825 -0.12268370607028753 -0.011591962905718702 -0.23879013000795965 0.04474558936333419 -0.11548274472942124 0.004342162396873643 0.02064249774222681 0.06395830865805993 -0.05160206408256329 -0.18689290544694453 -0.016247969003874513 0.0091324200913242 0.012323702587977542 0.015910898965791564 0.008316008316008316 -0.01903925014645577 -0.010076835873535714 -0.021507810731265564 -0.07719783385182626 -0.18319874653489213 -0.05356055995130858 0.006183527083848627 -0.07021575386186646 0.05539809327492914 -0.025411261201016454 0.019400089538874794 -0.11397795591182362 -0.02791022211885103 -0.15957446808510636 -0.17578811672330946 -0.22214386459802543 -0.013296264958298073 -0.24204616344354335 -0.03402646502835539 -0.09100501187021895 0.049281892424669106 -0.16033037774808695 -0.08766803039158386 -0.6088082901554404 -2.0104999403412482 -0.5354523227383864 -0.2398911833807345 -0.3137739345274861 -0.18433749845354447 -0.2411347517730496 -0.16050920160509202 -0.18305171530977984 -0.13972764949674363 -0.4502680166765932 -0.5987577639751553 -0.41329515747541395 -0.07523433645781943 -0.14566181127295758 0.026505111700113593 -0.04395311667554609 -0.004095563139931741 -0.04716395680774482 0.040682563001469094 -0.010205238689193787 -0.051788510177044444 -0.14277286135693212 0.0012030798845043293 -0.14738667327223184 0.06250781347668458 -0.0511443549418233 0.03816793893129772
-0.03779105205412654 0.023346303501945526 -0.14282501124606387 0.04656035385868932 -0.07912720297326459 0.02491694352159468 -0.06422131653698901 0.011051080550098232 0.016878732796676187 0.041864359475300025 2.0816681711721684e-18 0.015828564470960673 0.05328166626301768 -0.059266576120508715 -0.07349214394323365 0.07548119260284313 -0.04395897162648195 0.1313586606567933 0.013342228152101402 0.10486577181208054 -0.048407643312101914 0.07315288953913679 0.007209805335255948 0.17332691381800674 -0.10734824281150161 -0.01416795466254508 -0.2295038471743168 0.037074916901048326 -0.1087686316637572 -0.004342162396873644 0.027093278286672684 0.06040506928816771 -0.038401536061442455 -0.18566334685847782 -0.01124859392575928 0.01304631441617743 0.012323702587977542 0.00928135773004508 -0.0013860013860013815 -0.027826596367896896 0.0037788134525758897 -0.01924383065429024 -0.055305910819218804 -0.1699409425093407 -0.02556299452221546 0.009893643334157806 -0.047236052597982886 0.0515331100231899 -0.004012304400160492 0.02387703327861513 -0.10771543086172344 -0.03372485172694499 -0.14033499320959708 -0.141802414156803 -0.18923366243535494 0.0024175027196905604 -0.23705552089831566 -0.034026465028355386 -0.08441044579266685 0.04928189242466911 -0.14818413700959548 -0.07597895967270601 -0.489872821479039 -1.4425486218828303 -0.4400977995110025 -0.21763323853097566 -0.2865966646077826 -0.18062600519609057 -0.21792392005157962 -0.149439601494396 -0.1792114695340502 -0.13380698638247485 -0.4228707564026206 -0.5341614906832299 -0.37594920951076816 -0.05796743956586088 -0.12159594680177328 0.018932222642938278 -0.0293020777836974 -0.008191126279863481 -0.03971701625915353 0.031641993445587074 0.0 -0.05660604600746718 -0.12979351032448377 0.009624639076034646 -0.14490958632648004 0.06125765720715089 -0.0511443549418233 0.03816793893129771
