0.05708039834831187 -0.10386091668548206 0.038385610879578855 -0.11973290352291044 0.046137465988406484 -0.08125224041104075 -0.023381868423849504 -0.10040907400520638 0.0675847997959704 0.02392344497607656 -0.10027925869510028 0.007502813555083157 -0.11079342387419586 0.028739222791453207 -0.22042341220423411 -0.05833121988333756 -0.4328621908127207 -0.0896336710833983 -0.16032325338894682 -0.08988443429875875 -0.01656261944196713 -0.04242575492887447 -0.04053409632808774 -0.07486499754540991 -0.13446829509005673 -0.1631612492033142 -0.2923803898405198 -0.2749360613810742 -0.2168738428987041 -0.19480519480519481 -0.01669234720082178 -0.14820213799805634 0.040548598688133576 -0.1676602086438152 -0.04107272287992268 -0.26971487284870277 -0.25569021578480633 -0.5854616895874264 -1.1302812117918761 -0.3257028729451529 -0.07922535211267605 -0.05121042830540037 -0.003465804066543438 -0.08673026886383348 -0.14057431214706234 -0.25650511777037865 -0.4088227030064625 -0.5041800643086816 -0.8990825688073395 -0.4245571166768479 0.0311332503113325 -0.03091925318111547 0.04394861392832995 -0.07287933094384709 -0.008103727714748783 -0.18636586562040217 -0.6017625998347562 -0.2505694760820045 -0.2210730446024564 -0.16450720628912505 0.016654770402093743 -0.1388724035608309 -0.011645510655642245 -0.11193575860810316 -0.07762120850250775 -0.2132407636994793 -0.2818443015460391 -0.21063065295502414 -0.1760120693990445 -0.10250569476082005 -0.05978883093753975 0.01693070504293143 -0.08090994371482177 -0.018714909544603867 -0.14438695704488028 -0.14788560254216576 -0.13196277260730657 -0.20653398422831395 -0.043578569597539085 -0.10339943342776206 -0.08934110931877405 -0.017339035949601202 -0.02705749718151071 0.03953545836422041 -0.07003618536243725 -0.0036144578313253017 -0.3784450843274373 0.007507507507507507 -0.05371642723297939 0.010626992561105206
0.07043964051493806 -0.12079476179724544 0.053739855231410394 -0.1323969606262952 0.05678457352419258 -0.08722666985302904 -0.03188436603252205 -0.09297136481963555 0.06885998469778118 0.03518153672952434 -0.1040873318101041 -0.0037514067775415785 -0.11794138670478913 0.026240159940022496 -0.23038605230386056 -0.051990869896018255 -0.450530035335689 -0.08703559366069111 -0.16684045881126172 -0.085604223141675 -0.005096190597528349 -0.038682305964562014 -0.027420123986647595 -0.07731958762886598 -0.12830002467308166 -0.15551306564690887 -0.33815711754282335 -0.26342710997442453 -0.24067706955831794 -0.17366354575656903 -0.01027221366204417 -0.17006802721088438 0.04651162790697675 -0.18132141082960757 -0.03865668035757429 -0.27870536861032624 -0.32072125332545076 -0.6836935166994106 -1.7592718380654802 -0.3564295590720541 -0.06790744466800805 -0.08379888268156424 -0.009242144177449169 -0.1053153264775121 -0.14297729184188396 -0.26513750154149707 -0.4397302613093566 -0.6302250803858521 -1.401048492791612 -0.47800855222968847 0.052303860523038606 -0.0463788797716732 0.05183682668469687 -0.0872162485065711 -0.008103727714748783 -0.196174595389897 -0.6265491600110161 -0.2568969881042774 -0.2546864899806076 -0.17324210219828212 0.015465143944801335 -0.15786350148367953 -0.011645510655642255 -0.11923591677819685 -0.08717458801050873 -0.20332258864368957 -0.3228895881789574 -0.19080659150043366 -0.1998994216746291 -0.07403189066059226 -0.04579570029258364 -0.01209336074495102 -0.07973733583489681 -0.039925140361821584 -0.1431837324028396 -0.16132974822781718 -0.14168634532573968 -0.21654775316059585 -0.053832350679313 -0.10481586402266288 -0.09554535302146669 -0.018494971679574614 -0.02705749718151071 0.02841611069928342 -0.07353799463055911 -0.008433734939759036 -0.39215686274509803 0.010010010010010008 -0.05871330418488444 0.011955366631243358
0.07651202331794996 -0.12643937683449988 0.05703005044966001 -0.13124568270780568 0.05915059742103396 -0.08483689807623372 -0.025507492826017643 -0.09545060121482583 0.0650344299923489 0.03940332113706726 -0.10154861640010156 -0.010003751406777542 -0.11198475101262809 0.003748594277146072 -0.23038605230386056 -0.06720770986558458 -0.44611307420494695 -0.10002598077422709 -0.16423357664233573 -0.0827507490369525 -0.015288571792585044 -0.028699775393062142 -0.02980448259418217 -0.05400098183603339 -0.11843079200592152 -0.1325685149776928 -0.3499704666272888 -0.25191815856777494 -0.24993387992594554 -0.16158260344306857 -0.0077041602465331305 -0.1858600583090379 0.050089445438282656 -0.18753104818678587 -0.03865668035757429 -0.2864115078345749 -0.3502808158439255 -0.8068107400130977 -2.4072816193451976 -0.39483791673068064 -0.06161971830985915 -0.08496275605214153 -0.0023105360443622927 -0.11274934952298354 -0.14177580199447318 -0.2799358737205574 -0.45518404046080363 -0.7909967845659164 -1.9082568807339448 -0.5452046426389737 0.04109589041095891 -0.0332976572719705 0.0552174892945684 -0.06810035842293907 -0.0023153507756425084 -0.18881804806277586 -0.6169099421646929 -0.2708175145532776 -0.25080801551389786 -0.16887465424370357 0.011896264572924106 -0.1543026706231454 -0.006987306393385351 -0.1180192237498479 -0.080009553379508 -0.2008430448797421 -0.3037351210835955 -0.20195762606864082 -0.18858436007040483 -0.06976082004555809 -0.05088411143620404 -0.013302696819446125 -0.07973733583489681 -0.06113537117903931 -0.14198050776079893 -0.17844047910046443 -0.15696624531184886 -0.23282012767555388 -0.04998718277364778 -0.11189801699716714 -0.10299044546469785 -0.024274650329441684 -0.019165727170236752 0.019767729182110207 -0.06536710633827478 -0.012048192771084338 -0.38392979569450153 0.006256256256256257 -0.052467207995003116 0.01461211477151966
0.06801068739373331 -0.0970873786407767 0.05593331871024347 -0.10361501266405711 0.054418549627351244 -0.056159636754689934 -0.05951748326070784 -0.08181480104127928 0.05865850548329508 0.04925415142133408 -0.1078954049251079 0.01500562711016631 -0.11079342387419586 0.031238285642883924 -0.22665006226650058 -0.050722799898554397 -0.3975265017667844 -0.10002598077422706 -0.144681960375391 -0.08132401198459124 -0.030577143585170087 -0.02370851010731221 -0.03695755841678589 -0.0429553264604811 -0.12459906242289662 -0.13001912045889102 -0.4193738924985233 -0.25319693094629153 -0.26580269769902143 -0.17215342796738148 -0.005136106831022084 -0.19071914480077745 0.05605247465712583 -0.19746646795827122 -0.0338245953128775 -0.2928332905214488 -0.3133313626958321 -0.9364767518009168 -3.0362722456188016 -0.43631894300199725 -0.0641348088531187 -0.08729050279329609 0.004621072088724585 -0.11027134184115969 -0.14778325123152708 -0.2885682574916759 -0.47485248665355434 -0.9479099678456592 -2.424639580602883 -0.597128894318876 0.029887920298879204 -0.02378404090855036 0.05859815190443994 -0.05854241338112306 0.0034730261634637652 -0.18023540951446784 -0.6072707243183696 -0.2771450265755505 -0.24692954104718812 -0.17760955015286067 0.008327385201046875 -0.1519287833827893 -0.00232910213112845 -0.12288599586324371 -0.07284451874850728 -0.21076121993553185 -0.2845806539882337 -0.2155866683186718 -0.1772692984661805 -0.08257403189066059 -0.05597252257982445 0.01451203289394123 -0.07973733583489681 -0.03243917654398004 -0.14077728311875828 -0.15032999266682964 -0.17224614529795804 -0.22030291651020156 -0.04614201486798257 -0.11189801699716713 -0.11043553790792901 -0.0173390359496012 -0.011273957158962794 0.02223869532987398 -0.05719621804599042 -0.010843373493975907 -0.3757027286439051 0.005005005005005005 -0.0462211118051218 0.01328374070138151
0.0752975467573476 -0.09370060961842401 0.05812678218907654 -0.10361501266405711 0.05086951378208919 -0.05496475086629227 -0.052077797853119355 -0.07561671005330359 0.04335628666156592 0.05629045876723895 -0.10154861640010156 0.018757033887707893 -0.10841076959733145 0.03373734849431463 -0.22540473225404734 -0.049454729901090545 -0.357773851590106 -0.09742790335151988 -0.14468196037539105 -0.0827507490369525 -0.029303095935788004 -0.024956326428749696 -0.046494992846924176 -0.034364261168384876 -0.12459906242289662 -0.12619502868068835 -0.416420555227407 -0.2557544757033248 -0.26183549325575245 -0.1842343702808819 -0.006420133538777606 -0.18707482993197277 0.050089445438282656 -0.20864381520119224 -0.03865668035757429 -0.2889802209093245 -0.34141294708838316 -1.046496398166339 -3.6177149843771224 -0.45168228606544786 -0.04527162977867203 -0.09776536312849161 0.006931608133086875 -0.11522735720480733 -0.14177580199447312 -0.2898014551732643 -0.45096937341949983 -1.0829581993569133 -2.870249017038008 -0.6276725717776419 0.033623910336239106 -0.024973242953977882 0.05070993914807302 -0.05734767025089604 0.005788376939106277 -0.17778322707209412 -0.608647755439273 -0.2746140217666414 -0.24175824175824173 -0.1688746542437036 0.0071377587437544635 -0.16142433234421366 -0.003493653196692674 -0.1253193819199416 -0.06926200143300691 -0.20332258864368957 -0.24900807223970448 -0.21186965679593608 -0.16595423686195623 -0.08684510250569476 -0.04579570029258364 0.01209336074495102 -0.0727016885553471 -0.03493449781659389 -0.13716760919263626 -0.13688584698117817 -0.15140991804417278 -0.20152709976217303 -0.06024096385542169 -0.10198300283286119 -0.11291723538900608 -0.01849497167957461 -0.02254791431792559 0.014825796886582653 -0.06886891560639663 -0.010843373493975905 -0.3921568627450981 0.026276276276276277 -0.06495940037476576 0.017268862911795965
0.07165411707554044 -0.09257168661097312 0.04386926957666155 -0.11397651393046282 0.053235537678930564 -0.07408292508065481 -0.06058029546179189 -0.09297136481963555 0.048457026268808975 0.03518153672952434 -0.10535668951510538 0.017506564961860697 -0.122706695258518 0.02873922279145321 -0.22540473225404728 -0.04818665990362668 -0.3297997644287397 -0.09482982592881267 -0.13295099061522417 -0.09273790840348124 -0.029303095935788004 -0.029947591714499632 -0.04291845493562232 -0.05645557191948943 -0.10979521342215644 -0.13894200127469727 -0.3868871825162433 -0.2608695652173913 -0.24596667548267653 -0.1781938991241317 -0.0012840267077555226 -0.20408163265306117 0.03935599284436495 -0.23845007451564829 -0.04107272287992268 -0.3236578474184434 -0.38723026899201896 -1.2586771447282254 -4.042928949870942 -0.48855430941772926 -0.04778672032193158 -0.09660148975791433 -0.020794824399260628 -0.13257341097757402 -0.15379070046858107 -0.30583302503391296 -0.4144422590615342 -1.2707395498392284 -3.1756225425950197 -0.6689065363469762 0.03486924034869241 -0.034486859317398026 0.05183682668469688 -0.07526881720430108 0.009261403102570039 -0.19617459538989696 -0.6155329110437895 -0.30372057706909644 -0.24951519069166123 -0.18488863007715825 0.0071377587437544635 -0.16379821958456972 -0.008151857458949576 -0.14478647037352477 -0.0620969668020062 -0.22563848251921645 -0.2818443015460391 -0.24408375665964566 -0.15463917525773194 -0.10962414578587701 -0.04325149472077344 0.01451203289394123 -0.08560037523452158 -0.047411104179663134 -0.12874503669835158 -0.14910779760449766 -0.12362828170579246 -0.18650644636375016 -0.053832350679313 -0.10764872521246457 -0.11415808412954462 -0.031210264709282166 -0.02818489289740699 0.0037064492216456633 -0.06886891560639663 -0.025301204819277112 -0.38667215137803373 0.031281281281281284 -0.0712054965646471 0.005313496280552605
0.07165411707554045 -0.08805599458116956 0.04057907435841193 -0.11743034768593139 0.05205252573050988 -0.0824471262994384 -0.05420342225528748 -0.10164869220280155 0.039530731956133644 0.01829439909935266 -0.10154861640010156 0.01500562711016631 -0.12985465808911129 0.01874297138573035 -0.22540473225404734 -0.05833121988333756 -0.3194935217903416 -0.08703559366069108 -0.15119916579770593 -0.10700527892709373 -0.02293285768887756 -0.031195408035937112 -0.03218884120171674 -0.06381934216985763 -0.08882309400444116 -0.14149139579349904 -0.32486709982279977 -0.27237851662404094 -0.21819624437979365 -0.17517366354575659 0.0025680534155110416 -0.20894071914480078 0.03458556946929041 -0.2459016393442623 -0.04107272287992269 -0.33521705625481635 -0.44782737215489216 -1.6293385723641127 -4.29425349816601 -0.505453986787525 -0.04024144869215292 -0.09078212290502792 -0.02541589648798521 -0.13876843018213356 -0.14898474107893786 -0.31076581576026635 -0.40601292497892666 -1.5331189710610933 -3.319790301441677 -0.6795968234575442 0.028642590286425906 -0.03805446545368059 0.04620238900157764 -0.07407407407407407 0.003473026163463763 -0.1937224129475233 -0.5893693197466263 -0.3214376107314604 -0.2572721396250808 -0.18634444606201778 -0.0011896264572924102 -0.15786350148367953 -0.022126470245720276 -0.14235308431682686 -0.06806782899450681 -0.22687825440119017 -0.29552606375701196 -0.2601908065915004 -0.157153633392004 -0.12813211845102507 -0.039435186363058136 0.01934937719192164 -0.07387429643527205 -0.039925140361821584 -0.12152568884610757 -0.14544121241750188 -0.08473399083205999 -0.1639754662661159 -0.07946680338374776 -0.11614730878186967 -0.12532572279439136 -0.03930181481909606 -0.0326944757609921 0.001235483073881888 -0.06536710633827478 -0.022891566265060243 -0.3565062388591801 0.05005005005005005 -0.07245471580262336 0.007970244420828904
0.06679621083313093 -0.07450891849175886 0.0339986839219127 -0.10822012433801523 0.050869513782089204 -0.06930338152706415 -0.05420342225528748 -0.09297136481963555 0.015302218821729158 0.011258091753447792 -0.11678090886011676 0.01875703388770789 -0.14176792947343342 0.012495314257153564 -0.2328767123287671 -0.07862033984275932 -0.36071849234393405 -0.09742790335151988 -0.1694473409801877 -0.13554001997431872 -0.034399286533316344 -0.02620414275018717 -0.036957558416785885 -0.06872852233676977 -0.10486059708857635 -0.13639260675589546 -0.3647371529828706 -0.2877237851662404 -0.23274266067177996 -0.18272425249169438 -0.007704160246533127 -0.2137998056365403 0.004770423375074542 -0.2645305514157973 -0.06644116936458082 -0.36347290007706146 -0.5069464971918417 -2.22920759659463 -4.386632251052847 -0.5192809955446304 -0.059104627766599596 -0.07797951582867782 -0.03581330868761553 -0.13629042250030976 -0.1694100684849213 -0.313232211123443 -0.49452093284630505 -1.8855305466237944 -3.3800786369593707 -0.6841783750763591 0.014943960149439606 -0.0451896777262457 0.03042596348884381 -0.07765830346475508 -0.015049780041676314 -0.19740068661108384 -0.6141558799228862 -0.34421665401164264 -0.26761473820297355 -0.19799097394089388 -0.010706638115631693 -0.14599406528189912 -0.04192383836031209 -0.14721985643022267 -0.08239789825650824 -0.23307711381105872 -0.30920782596798474 -0.2713418411597076 -0.18606990193613276 -0.1494874715261959 -0.054700419793919354 0.02297738541540694 -0.07035647279549719 -0.038677479725514656 -0.12874503669835158 -0.1368858469811782 -0.12918460897346853 -0.13768932281887594 -0.10638297872340426 -0.1189801699716714 -0.14269760516193078 -0.034678071899202405 -0.05636978579481398 0.0037064492216456633 -0.08754523170304657 -0.027710843373493978 -0.36610448375154264 0.06006006006006006 -0.09743910056214865 0.0013283740701381514
0.05465144522710712 -0.08241137954391511 0.02522483000658039 -0.12433801519686853 0.04258843014314445 -0.08125224041104075 -0.007439685407588481 -0.11528449237634811 0.007651109410864583 -0.00562904587672389 -0.11931962427011933 -0.005001875703388772 -0.12508934953538242 -0.02124203423716107 -0.22665006226650064 -0.11285822977428354 -0.354829210836278 -0.13769810340348143 -0.17335766423357662 -0.16692823512626623 -0.03312523888393426 -0.02246069378587472 -0.032188841201716736 -0.06504663721158567 -0.1011596348383913 -0.13639260675589548 -0.3455404607206143 -0.2953964194373402 -0.21687384289870404 -0.1842343702808819 -0.03210066769388803 -0.21379980563654036 -0.02027429934406678 -0.2707401887729756 -0.09301763711041314 -0.38145389160030824 -0.662134200413834 -2.9155206286836934 -4.363537562831138 -0.5023813181748349 -0.06539235412474849 -0.08961824953445066 -0.02888170055452865 -0.15239747243216456 -0.18502943650126155 -0.3415957577999753 -0.6293902781680247 -2.2585209003215434 -3.373525557011795 -0.697923029932804 0.008717310087173103 -0.0523248899988108 0.02591841334234843 -0.0955794504181601 -0.021995832368603845 -0.22069641981363414 -0.5962544753511431 -0.36826119969627946 -0.2546864899806076 -0.21546076575920803 -0.01784439685938615 -0.1661721068249258 -0.04075928729474787 -0.17277041002555055 -0.08598041557200861 -0.2516736920406645 -0.30373512108359557 -0.2886878949324743 -0.1810409856675886 -0.15518223234624146 -0.054700419793919354 0.004837344297980409 -0.06566604127579737 -0.07236431690580161 -0.13476115990855492 -0.15644096797848933 -0.11529379080427837 -0.15646513956690447 -0.11920020507562164 -0.14447592067988668 -0.1439384539024693 -0.04392555773898972 -0.043968432919954906 -0.017296763034346428 -0.0782070736547216 -0.049397590361445774 -0.3071438365556013 0.031281281281281284 -0.08369768894440974 -0.022582359192348564
0.05586592178770951 -0.05644615037254459 0.024128098267163854 -0.1082201243380152 0.049686501833668524 -0.07527781096905246 0.01062812201084068 -0.12644105615470438 0.008926294312675342 -0.011258091753447792 -0.1256664127951257 0.012504689258471924 -0.13581129378127235 -0.006247657128576787 -0.22540473225404734 -0.09764138980471722 -0.357773851590106 -0.1480904130943102 -0.17857142857142858 -0.16550149807390496 -0.01274047649382087 -0.018717244821562267 -0.022651406771578446 -0.04786450662739322 -0.08388847767086109 -0.13001912045889102 -0.32191376255168336 -0.2979539641943734 -0.19836022216344878 -0.19480519480519481 -0.05007704160246533 -0.20894071914480078 -0.04054859868813357 -0.28688524590163933 -0.11717806233389708 -0.4109940919599281 -0.8616612474135383 -3.4695481335952847 -4.275234343159897 -0.4977723152557997 -0.057847082494969816 -0.08263500931098697 -0.02888170055452865 -0.15239747243216456 -0.18262645680644 -0.35022814157109383 -0.7530205113796009 -2.4784565916398713 -3.2961992136304064 -0.6750152718387296 0.024906600249066005 -0.053514092044238314 0.0326797385620915 -0.0943847072879331 -0.024311183144246355 -0.2317312408043158 -0.6279261911319194 -0.378385218931916 -0.2611506140917906 -0.21691658174406755 -0.02855103497501784 -0.15311572700296736 -0.06055665540933969 -0.17885387516729528 -0.10986386434201098 -0.2615918670964542 -0.38856204679162676 -0.29736092181885765 -0.20870002514458136 -0.15945330296127563 -0.04579570029258364 0.02297738541540694 -0.06449343339587241 -0.056144728633811605 -0.12393213813018891 -0.15644096797848933 -0.1083483817196833 -0.18650644636375016 -0.13073570879261728 -0.15722379603399433 -0.13649336145923813 -0.031210264709282166 -0.048478015783540024 0.0037064492216456633 -0.07820707365472161 -0.03855421686746987 -0.26737967914438504 0.015015015015015015 -0.11118051217988756 -0.03320935175345378
0.05829487490891426 -0.06547753443215173 0.02522483000658039 -0.11973290352291044 0.06033360936945463 -0.08603178396463138 0.026570305027101705 -0.15619189289698773 0.00892629431267534 -0.016887137630171686 -0.12312769738512312 0.008753282480930347 -0.13581129378127235 -0.019992502811445708 -0.2316313823163138 -0.10398173979203651 -0.39458186101295645 -0.18056638087815016 -0.21376433785192908 -0.15694107575973745 0.005096190597528345 -0.018717244821562267 -0.019074868860276588 -0.0429553264604811 -0.08265482358746606 -0.13511790949649458 -0.367690490253987 -0.30179028132992325 -0.19439301772017986 -0.1812141347025068 -0.06548536209553159 -0.23445092322643343 -0.06320810971973763 -0.29433681073025336 -0.14737859386325197 -0.4482404315437966 -1.2163759976352349 -3.807465618860511 -3.8269256894443684 -0.44860961745275774 -0.06539235412474849 -0.09776536312849161 -0.034658040665434375 -0.1585924916367241 -0.19343986543313713 -0.37859168824762607 -0.9581343073897163 -2.571061093247588 -2.9724770642201834 -0.6093463653023825 0.023661270236612703 -0.05708169818052087 0.02591841334234843 -0.09199522102747909 -0.03820328779810141 -0.22437469347719471 -0.6651060313963095 -0.36699569729182485 -0.2611506140917906 -0.18197699810743923 -0.038068046633357125 -0.15905044510385757 -0.07918947245836729 -0.1837206472806911 -0.13016479579651302 -0.26407141086040176 -0.4419209194144206 -0.2936439102961219 -0.2275584611516218 -0.13382687927107062 -0.04325149472077344 0.009674688595960821 -0.05628517823639775 -0.08484092326887087 -0.11430634099386354 -0.1808848692251283 -0.11668287262119736 -0.2403304543747653 -0.16149705203793902 -0.17422096317280453 -0.14021590768085374 -0.02311871459946828 -0.055242390078917694 0.009883864591055103 -0.08754523170304658 -0.021686746987951797 -0.2920608802961744 0.003753753753753756 -0.14990630855715176 -0.019925611052072266
0.0437211561816857 -0.051930458342741036 0.015354244351831543 -0.11167395809348377 0.04613746598840649 -0.06930338152706417 0.018067807418429165 -0.16362960208255856 0.006375924509053816 -0.025330706445257527 -0.12947448591012947 0.011254220332624732 -0.13700262091970455 -0.02499062851430714 -0.22914072229140725 -0.07988840984022319 -0.43433451118963484 -0.17796830345544296 -0.2137643378519291 -0.15551433870737622 -0.010192381195056695 -0.014973795857249811 -0.032188841201716736 -0.03559155621011291 -0.08882309400444115 -0.15806246016571063 -0.335203780271707 -0.29411764705882354 -0.1639777836551177 -0.1766837813349441 -0.07960965588084232 -0.22716229348882408 -0.07155635062611806 -0.29557873820168906 -0.18361923169847788 -0.9324428461340869 -1.8120011823825006 -3.713163064833006 -3.184349952452112 -0.3994469196497158 -0.08677062374245473 -0.0861266294227188 -0.049676524953789276 -0.15735348779581215 -0.24149945932956865 -0.5783697126649402 -1.2053947738128687 -2.4514469453376204 -2.4967234600262125 -0.5497861942577886 0.0062266500622664995 -0.04400047568081818 0.016903313049357674 -0.08721624850657109 -0.047464690900671444 -0.2243746934771947 -0.6375654089782428 -0.35054416603391547 -0.21460892049127342 -0.16596302227398457 -0.041636926005234366 -0.1543026706231454 -0.08734132991731687 -0.18250395425234214 -0.1409123477430141 -0.2591123233325069 -0.38582569434943215 -0.29240490645521 -0.2112144832788534 -0.13809794988610477 -0.061060933723444864 0.02781472971338735 -0.06097560975609756 -0.06862133499688085 -0.12513536277222959 -0.12588609142019067 -0.16391165439644392 -0.21779947427713103 -0.161497052037939 -0.16147308781869688 -0.1402159076808537 -0.020806843139521445 -0.055242390078917694 0.016061279960464542 -0.09221431072720906 0.015662650602409643 -0.2906897024544083 0.015015015015015015 -0.15115552779512803 -0.01726886291179596
0.021860578090842846 -0.044027997290584785 -0.007677122175915771 -0.11167395809348377 0.0343073465041997 -0.06691360975026886 -0.04144967584227867 -0.15619189289698773 0.007651109410864577 -0.02110892203771461 -0.12820512820512822 0.018757033887707886 -0.13819394805813676 -0.006247657128576784 -0.22042341220423417 -0.03423788993152423 -0.40930506478209655 -0.158482722785139 -0.19942648592283627 -0.14267370523612496 -0.015288571792585044 -0.02745195907162466 -0.030996661897949453 -0.041728031418753066 -0.11102886750555144 -0.20522625876354367 -0.3411104548139397 -0.2813299232736573 -0.1573657762496694 -0.173663545756569 -0.09887005649717515 -0.21865889212827985 -0.10017889087656529 -0.28564331843020374 -0.24522831601836187 -1.7505779604418188 -2.1445462607153414 -3.5651604453176162 -2.5376986822442604 -0.31955753571977263 -0.08048289738430583 -0.08147113594040967 -0.03927911275415896 -0.15983149547763595 -0.27393968520965994 -0.8521395979775559 -1.2700196684461929 -2.3073954983922826 -1.9816513761467895 -0.48106291997556505 0.018679950186799504 -0.0523248899988108 0.023664638269100743 -0.09438470728793309 -0.05556841861542024 -0.22805296714075526 -0.621041035527403 -0.31257909390027844 -0.20555914673561732 -0.14266996651623237 -0.03687842017606472 -0.1519287833827893 -0.09549318737626644 -0.18250395425234212 -0.15165989968951518 -0.26159186709645427 -0.4624435627308798 -0.27629785652335526 -0.2275584611516218 -0.14094533029612755 -0.054700419793919354 0.02418672148990204 -0.059803001876172615 -0.05988771054273238 -0.12152568884610757 -0.10021999511121975 -0.19863869981941937 -0.21154086869445482 -0.16790566521404765 -0.15297450424929177 -0.131529966497084 -0.018494971679574625 -0.052987598647125135 0.025945144551519646 -0.0887125014590872 0.04819277108433735 -0.27834910187851364 0.03628628628628629 -0.1424109931292942 -0.003985122210414455
0.025504007772649988 -0.04854368932038835 -0.012064049133581927 -0.11282523601197329 0.03785638234946173 -0.06452383797347354 -0.027633117228185778 -0.14875418371141685 0.007651109410864579 -0.01688713763017169 -0.13074384361513075 0.013755158184319115 -0.12866333095067906 -0.00374859427714607 -0.22540473225404734 0.0063403499873192935 -0.46672555948174327 -0.13639906469212784 -0.21506777893639203 -0.11413896418889999 -0.0025480952987641746 -0.026204142750187176 -0.021459227467811162 -0.028227785959744723 -0.1332346410066617 -0.2268961121733588 -0.3130537507383343 -0.24424552429667515 -0.1467865644009521 -0.1313802476593174 -0.10657421674370826 -0.2150145772594752 -0.11329755515802027 -0.273224043715847 -0.37690263348634934 -2.5661443616748008 -2.270174401418859 -3.4171578258022266 -1.9005569895394647 -0.25810416346597026 -0.07419517102615694 -0.0733240223463687 -0.03927911275415897 -0.16230950315945977 -0.35684248468100443 -1.1197434948822296 -1.3079516718179265 -2.147909967845659 -1.4613368283093053 -0.40470372632865 0.019925280199252805 -0.06064930431680342 0.014649537976109983 -0.09557945041816009 -0.07872192637184533 -0.22805296714075526 -0.6361883778573396 -0.27841052898000507 -0.20814479638009048 -0.10918619886446354 -0.04044729954794195 -0.14718100890207714 -0.10946780016303714 -0.17277041002555055 -0.1647957965130165 -0.24671460451276966 -0.4952797920372144 -0.26019080659150046 -0.2476741262257983 -0.12813211845102504 -0.054700419793919354 0.012093360744951024 -0.06449343339587242 -0.07236431690580161 -0.12032246420406686 -0.09288682473722806 -0.19447145436866234 -0.21404431092752532 -0.17431427839015637 -0.1402266288951841 -0.13277081523762252 -0.012715293029707553 -0.06087936865839909 0.046948356807511735 -0.0945488502392903 0.09156626506024097 -0.29754559166323874 0.06881881881881882 -0.15490318550905682 0.025239107332624862
0.03036191401505951 -0.04628584330548659 -0.003290195218249617 -0.10591756850103615 0.048503489885247844 -0.06452383797347354 -0.020193431820597303 -0.13263914714268005 0.01912777352716144 -0.005629045876723898 -0.13074384361513075 0.027510316368638238 -0.1405766023350012 0.004998125702861424 -0.20797011207970112 0.032969819934060354 -0.4799764428739694 -0.10782021304234865 -0.20985401459854014 -0.08845769724639749 0.005096190597528346 -0.01996506114299975 -0.005960896518836436 -0.02700049091801669 -0.16160868492474711 -0.22562141491395793 -0.2702303603071471 -0.21227621483375958 -0.12033853477915894 -0.09211718514044095 -0.12069851052901899 -0.21379980563654036 -0.1395348837209302 -0.28315946348733234 -0.7586373520173955 -3.427947598253275 -2.2849541826780966 -3.2691552062868374 -1.312321695421818 -0.19665079121216775 -0.08677062374245473 -0.07448789571694599 -0.0600739371534196 -0.1846115722958741 -0.5010212663702992 -1.3454186706128992 -1.331834785051981 -1.9884244372990352 -0.9947575360419394 -0.34056200366524136 0.0186799501867995 -0.05589249613509335 0.02141086319585305 -0.1075268817204301 -0.10419078490391294 -0.24644433545855807 -0.6031396309556596 -0.2594279929131865 -0.20038784744667099 -0.09026059106128984 -0.04996431120628123 -0.13649851632047477 -0.1304297193431932 -0.17277041002555055 -0.17196083114401722 -0.2491941482767171 -0.4583390340675879 -0.23912774129599806 -0.23635906462157402 -0.10535307517084283 -0.07123775601068567 0.012093360744951024 -0.0926360225140713 -0.07485963817841547 -0.11550956563590423 -0.11244194573453922 -0.1833587998333102 -0.21154086869445488 -0.15637016149705202 -0.1288951841359773 -0.13152996649708398 0.012715293029707548 -0.05636978579481398 0.07165801828514949 -0.06886891560639663 0.0963855421686747 -0.24406965583436166 0.08758758758758758 -0.1349156777014366 0.043836344314558975
0.02428953121204761 -0.07676676450666065 -0.0010967317394165396 -0.13009440478931616 0.04022240624630309 -0.10634484406739157 -0.02763311722818578 -0.15867112929217797 0.00892629431267534 -0.02673796791443851 -0.132013201320132 -0.025009378516943858 -0.1405766023350012 -0.048731725602898915 -0.20547945205479454 -0.02155718995688562 -0.5388692579505301 -0.16108080020784618 -0.21115745568300315 -0.11841917534598374 0.005096190597528347 -0.02370851010731221 -0.008345255126371007 -0.036818851251840944 -0.22822600542807797 -0.22179732313575523 -0.2997637330183107 -0.19820971867007672 -0.1150489288548003 -0.08003624282694051 -0.12198253723677452 -0.217444120505345 -0.14788312462731068 -0.30923994038748137 -1.3892244503503262 -4.049576162342666 -2.287910138929944 -3.067452521283563 -0.8748811302812118 -0.16899677369795668 -0.09305835010060362 -0.10824022346368714 -0.06353974121996302 -0.24284475281873372 -0.6992670911930794 -1.5045011715377974 -1.4133183478505198 -1.82508038585209 -0.6802096985583224 -0.3100183262064753 0.016189290161892904 -0.07610893090736115 0.023664638269100743 -0.14575866188769412 -0.12734429266033803 -0.28322707209416376 -0.5935004131093363 -0.25563148569982286 -0.17065287653522945 -0.0844373271218518 -0.06661908160837497 -0.1626112759643917 -0.14556888319552813 -0.20075434967757638 -0.19106759016001912 -0.2777089015621126 -0.4255028047612532 -0.23664973361417418 -0.2464168971586623 -0.11247152619589977 -0.07887037272611627 -0.036280082234853066 -0.0949812382739212 -0.13100436681222707 -0.11189989170978223 -0.16621852847714497 -0.2417002361439089 -0.25535110777318815 -0.14739810305049986 -0.1430594900849858 -0.12284402531331431 -0.021962778869494853 -0.05186020293122885 0.034593526068692856 -0.05602894828994981 0.03855421686746987 -0.22350198820787054 0.027527527527527528 -0.10993129294191131 0.0053134962805525985
0.026718484333252367 -0.0812824565364642 -0.002193463478833078 -0.14275846189270092 0.0283922867620963 -0.12904767594694705 -0.06589435646721224 -0.16982769307053425 0.015302218821729153 -0.03658879819870532 -0.1447067783701447 -0.027510316368638245 -0.15606385513461998 -0.0549793827314757 -0.21668742216687426 -0.04311437991377125 -0.5771495877502945 -0.20265003897116132 -0.20985401459854014 -0.1455271793408475 0.008918333545674607 -0.013725979535812328 -0.0071530758226037204 -0.05154639175257732 -0.28867505551443373 -0.22179732313575523 -0.3071470761961016 -0.18030690537084398 -0.10711451996826234 -0.09664753850800362 -0.12711864406779663 -0.23202137998056363 -0.16696481812760883 -0.38375558867362153 -2.2517516308287027 -4.396352427433856 -2.2672184451670114 -2.700720366732155 -0.586876783045782 -0.16131510216623135 -0.10814889336016095 -0.11638733705772812 -0.09242144177449166 -0.2750588526824433 -0.917938243421843 -1.5797262301146873 -1.4076987917954482 -1.5562700964630225 -0.5032765399737877 -0.30390959071472207 0.0062266500622665 -0.06778451658936853 0.012395762902862293 -0.16726403823178015 -0.14355174808983562 -0.30897498773908777 -0.5976315064720462 -0.240445456846368 -0.1551389786683904 -0.10045130295530644 -0.06305020223649774 -0.1626112759643917 -0.1455688831955281 -0.21535466601776374 -0.19823262479101983 -0.2913463922638235 -0.44055274319332327 -0.22425969520505512 -0.25270304249434244 -0.11389521640091119 -0.09922401730059789 -0.03507074616035797 -0.12312382739212006 -0.12975670617592014 -0.12994826134039225 -0.18577364947445613 -0.33199055424364493 -0.27537864563775194 -0.14611638041527814 -0.15155807365439095 -0.13401166397816106 -0.01618310021962779 -0.0665163472378805 0.029651593773165306 -0.06770164585035601 0.014457831325301203 -0.231729055258467 -0.002502502502502499 -0.10993129294191128 -0.013283740701381514
0.03036191401505951 -0.09031384059607135 0.004386926957666154 -0.14506101772967997 0.02129421507157222 -0.14458119249611662 -0.10946965671165905 -0.18594272963927108 0.025503698036215255 -0.04925415142133409 -0.1485148514851485 -0.037514067775415785 -0.16082916368834882 -0.057478445582906414 -0.2191780821917808 -0.04945472990109054 -0.5668433451118964 -0.20394907768251494 -0.19681960375391033 -0.13696675702667999 0.02038476239011339 -0.024956326428749686 -0.004768717215069146 -0.06995581737849779 -0.3417221811004195 -0.23581899298916506 -0.31010041346721795 -0.14961636828644503 -0.0938905051573658 -0.0800362428269405 -0.11813045711350796 -0.2563168124392614 -0.15980918306499703 -0.5253353204172877 -3.094950471128292 -4.527356794246082 -2.2524386639077743 -2.111329404060249 -0.4564597201467192 -0.15516976494085113 -0.09934607645875251 -0.1373370577281192 -0.10281885397412198 -0.3568331061826292 -1.1185870479394449 -1.620421753607103 -1.3430738971621243 -1.1858520900321543 -0.40366972477064217 -0.2962736713500306 0.0062266500622665 -0.07016292068022356 0.016903313049357677 -0.18996415770609315 -0.15860152813151193 -0.3359489946051986 -0.5907463508675296 -0.22905593520627687 -0.1551389786683904 -0.10773038287960404 -0.05472281703545088 -0.1827893175074184 -0.13858157680214273 -0.2275215963012532 -0.19823262479101983 -0.30498388296553436 -0.46791626761526883 -0.22673770288687894 -0.2426452099572542 -0.11104783599088838 -0.09795191451469279 -0.04595477083081388 -0.12664165103189493 -0.1222707423580786 -0.1431837324028396 -0.20288438034710338 -0.37366300875121544 -0.30166478908499184 -0.14611638041527814 -0.17138810198300283 -0.13277081523762255 -0.025430586059415096 -0.040586245772266064 0.02718062762540153 -0.07353799463055913 -0.009638554216867453 -0.2413273001508295 -0.020020020020020023 -0.09369144284821986 -0.019925611052072262
0.048579062424095217 -0.08015353352901332 0.015354244351831543 -0.11627906976744187 0.014196143381048146 -0.13382721950053772 -0.11903496652141565 -0.15123342010660715 0.03570517725070136 -0.011258091753447792 -0.1485148514851485 -0.016256096036013502 -0.1584465094114844 0.0024990628514307113 -0.24408468244084683 -0.003804209992391577 -0.5624263839811543 -0.151987529228371 -0.19030239833159543 -0.085604223141675 0.008918333545674607 -0.02994759171449963 -0.009537434430138292 -0.10922925871379481 -0.3688625709351098 -0.24091778202676864 -0.2584170112226817 -0.13427109974424553 -0.0714096799788416 -0.07399577167019027 -0.09887005649717515 -0.2745383867832848 -0.16935002981514613 -0.897913561847988 -3.9272771200773136 -4.56974055997945 -2.1208986107005616 -1.39751146037983 -0.40891183263143593 -0.12444307881394992 -0.08928571428571427 -0.13733705772811916 -0.10975046210720887 -0.45843142113740554 -1.2651688093235611 -1.613022567517573 -1.205394773812869 -0.7807073954983925 -0.35648754914809966 -0.2504581551618815 0.009962640099626404 -0.07254132477107861 0.018030200585981516 -0.18637992831541217 -0.17017828200972449 -0.3187837175085827 -0.5687138529330762 -0.18476335105036695 -0.1460892049127343 -0.0742466152278352 -0.04639543183440401 -0.1566765578635015 -0.13974612786770696 -0.20318773573427426 -0.2042034869835204 -0.27522935779816515 -0.5062252018059927 -0.18832858381860987 -0.24893135529293436 -0.08257403189066059 -0.100496120086503 -0.03869875438384327 -0.12781425891181988 -0.07361197754210855 -0.167248225243653 -0.18332925934979222 -0.33893596332824005 -0.26786831893854046 -0.12304537298128686 -0.1274787535410765 -0.13773421019977666 -0.020806843139521435 -0.043968432919954906 0.07165801828514948 -0.08754523170304658 0.012048192771084352 -0.24681201151789386 0.011261261261261264 -0.09618988132417239 0.005313496280552602
0.05708039834831188 -0.07563784149920975 0.018644439570081158 -0.11167395809348377 -0.00236602389684136 -0.12546301828175407 -0.1211605909235838 -0.12768067435229946 0.03442999234889059 -0.002814522938361948 -0.13328255902513325 -0.022508440665249464 -0.14772456516559446 -0.0012495314257153557 -0.2640099626400996 -0.017752979964494042 -0.6065959952885749 -0.13250194855806705 -0.1916058394160584 -0.0941646454558425 0.003822142948146259 -0.03244322435737459 -0.026227944682880304 -0.18654884634266078 -0.3960029607698001 -0.23964308476736776 -0.2761370348493798 -0.11253196930946292 -0.06347527109230362 -0.052854122621564484 -0.09244992295839755 -0.283041788143829 -0.19558735837805608 -1.6269249875807255 -4.414109688330514 -4.573593629591574 -1.9553650605971034 -0.8028814669286183 -0.35728841190055705 -0.09832539560608389 -0.09180080482897383 -0.15945065176908751 -0.12361367837338263 -0.6343699665468964 -1.3372582001682083 -1.6179553582439266 -1.0831694296150602 -0.5209003215434084 -0.3053735255570118 -0.24740378741600488 0.0024906600249065985 -0.08086573908907123 0.015776425512733828 -0.20071684587813618 -0.17828200972447328 -0.3089749877390878 -0.5742219774166897 -0.16198430777018477 -0.11764705882352944 -0.06114427136409957 -0.04163692600523435 -0.14836795252225524 -0.12810061721206473 -0.19102080545078476 -0.20062096966802004 -0.26903049838829657 -0.47338897249965795 -0.1796555569322265 -0.2275584611516218 -0.083997722095672 -0.09540770894288257 -0.06288547587374531 -0.12898686679174481 -0.0810979413599501 -0.19732884129466974 -0.18699584453678808 -0.3500486178635922 -0.24408561772437104 -0.12304537298128686 -0.1161473087818697 -0.14145675642139222 -0.018494971679574607 -0.03494926719278467 0.07907091672844083 -0.09921792926345278 0.016867469879518086 -0.2618949677773207 0.046296296296296294 -0.05746408494690817 0.017268862911795954
0.05950935146951665 -0.06547753443215171 0.01754770783066462 -0.13585079438176376 -0.021294215071572226 -0.1278527900585494 -0.155170581358274 -0.10784678319077726 0.0306044376434583 -4.8572257327350596e-18 -0.13962934755013962 -0.005001875703388769 -0.15487252799618775 -0.0037485942771460735 -0.29140722291407223 0.0038042099923915815 -0.622791519434629 -0.08703559366069111 -0.18117831074035454 -0.07989727493223 -0.010192381195056697 -0.03743448964312453 -0.061993323795898905 -0.2503681885125184 -0.41697508018751545 -0.2332695984703633 -0.2141169521559362 -0.09718670076726342 -0.044961650357048404 -0.046813651464814254 -0.10015408320493066 -0.28547133138969877 -0.2933810375670841 -2.501241927471436 -4.573568494805508 -4.564603133829951 -1.6612474135382798 -0.4151931892599869 -0.3477788343975004 -0.09678906129973883 -0.1056338028169014 -0.15712290502793297 -0.17791127541589646 -0.7880064428199727 -1.3877207737594615 -1.579726230114687 -0.9019387468389995 -0.3331189710610932 -0.28178243774574047 -0.22602321319486865 -0.003735990037359899 -0.08800095136163633 0.004507550146495377 -0.17562724014336917 -0.1829127112757583 -0.29916625796959295 -0.5081244836133296 -0.13287775246772968 -0.09437621202327084 -0.052409375454942494 -0.046395431834404 -0.15311572700296736 -0.13741702573657852 -0.21778805207446164 -0.19465010747551945 -0.27646912968013887 -0.44739362429880963 -0.18337256845496225 -0.20367110887603723 -0.10535307517084284 -0.10558453123012339 -0.04353609868182369 -0.12898686679174487 -0.04117280099812852 -0.23222235591384913 -0.16132974822781715 -0.39311015418808176 -0.1865064463637502 -0.13842604460394772 -0.08640226628895184 -0.13897505894031517 -0.013871228759680953 -0.03494926719278467 0.06300963676797627 -0.101552468775534 0.01566265060240963 -0.23858494446729744 0.06131131131131131 -0.022485946283572762 0.010626992561105206
0.04615010930289045 -0.054188304357642804 0.019741171309497697 -0.4570573336403408 -0.021294215071572226 -0.13024256183534472 -0.12647465192900414 -0.09916945580761125 0.03825554705432287 -0.001407261469180974 -0.1662858593551663 0.015005627110166318 -0.2025256135334763 -0.05622891415719106 -0.2951432129514321 2.7755575615628915e-18 -0.5285630153121319 -0.06495193556767992 -0.15771637122002086 -0.06705664146097874 -0.021658810039495477 -0.051160469178936865 -0.1168335717691941 -0.28841433480608736 -0.43177892918825556 -0.1988527724665392 -0.212640283520378 -0.09207161125319693 -0.044961650357048404 -0.05889459377831472 -0.11941448382126349 -0.3206997084548105 -0.7895050685748359 -2.858917039244908 -4.577192558589031 -4.100950423837657 -1.0212828850133018 -0.4047151277013753 -0.3409862790381742 -0.10754340144415424 -0.13204225352112675 -0.16759776536312848 -0.30614602587800366 -0.8549126502292157 -1.3805118346749967 -1.3602170427919593 -0.6322000561955605 -0.309967845659164 -0.254259501965924 -0.22296884544899204 -0.0174346201743462 -0.08919015340706385 -0.039441063781834575 -0.1875746714456392 -0.18985876360268583 -0.273418342324669 -0.4681905811071331 -0.11769172361427487 -0.09437621202327084 -0.046586111515504444 -0.05710206995003568 -0.1566765578635015 -0.16536625131011998 -0.2433386056697895 -0.19106759016001912 -0.2814282172080337 -0.45012997674100425 -0.18832858381860984 -0.19612773447322102 -0.10962414578587701 -0.1297544841623203 -0.04716410690530899 -0.18644465290806758 -0.07111665626949469 -0.23823847912405247 -0.2004399902224395 -0.329212390609807 -0.19276505194642632 -0.12817226352217378 -0.09348441926345608 -0.15386524382677752 -0.01965090740954802 -0.08117249154453213 0.028416110699283424 -0.10388700828761525 -0.013253012048192783 -0.21527492115727406 0.05005005005005005 -0.011242973141786386 0.009298618490967053
0.053436968666504735 -0.06096184240234816 0.040579074358411925 -0.8001381533502187 -0.021294215071572226 -0.14936073604970726 -0.07014560527154852 -0.11652411057394323 0.042081101759755164 -0.016887137630171696 -0.1739020055851739 0.007502813555083157 -0.23469144627114602 -0.12995126827439712 -0.3013698630136986 -0.041846309916307375 -0.5020612485276795 -0.0870355936606911 -0.145985401459854 -0.09131117135111998 -0.02038476239011339 -0.06987771400049914 -0.15498330948974726 -0.35468826705940104 -0.4268443128546756 -0.17718291905672404 -0.20525694034258715 -0.12020460358056266 -0.033060037027241466 -0.08154636061612806 -0.11427837699024139 -0.38143828960155485 -0.9505068574836016 -2.9470938897168404 -4.525247644358542 -3.298227587978423 -0.6207508128879693 -0.41126391617550756 -0.2975139247384866 -0.12290674450760486 -0.14839034205231388 -0.20251396648044695 -0.38008317929759705 -0.9143848345929874 -1.3540790580319593 -1.0963127389320504 -0.5310480472042709 -0.312540192926045 -0.23066841415465272 -0.24740378741600488 -0.024906600249065998 -0.10702818408847661 -0.06310570205093533 -0.22819593787335726 -0.18175503588793704 -0.282000980872977 -0.426879647480033 -0.13161225006327515 -0.06722689075630252 -0.05240937545494249 -0.07494646680942182 -0.1792284866468843 -0.19098637475253294 -0.2822727825769558 -0.19345593503701936 -0.28638730473592855 -0.3940347516760159 -0.18956758765952175 -0.1797837566004526 -0.10250569476082005 -0.13484289530594068 -0.06651348409723062 -0.21693245778611633 -0.11228945726762321 -0.24064492840813384 -0.23955023221706181 -0.2278094179747187 -0.21028914757791967 -0.107664701358626 -0.11473087818696884 -0.15014269760516194 -0.03583400762917581 -0.10822998872604284 -0.004941932295527552 -0.10388700828761525 -0.048192771084337345 -0.18373783079665434 0.027527527527527535 -0.003747657713928797 0.0013283740701381518
0.055865921787709494 -0.07789568751411154 0.05483658697082694 -1.1409164172231177 -0.020111203123151542 -0.1768431114828534 -0.04676373684769901 -0.13883723813065577 0.04973221117061974 -0.03236701379116239 -0.16882457476516882 0.001250468925847194 -0.2561353347629259 -0.19742596526302636 -0.2777085927770859 -0.09003296981993407 -0.449057714958775 -0.10262405819693428 -0.11730969760166843 -0.1112854900841775 -0.042043572429608864 -0.08859495882206139 -0.18836432999523128 -0.4111438389788905 -0.3960029607698001 -0.1529636711281071 -0.12551683402244537 -0.14578005115089515 -0.0026448029621793183 -0.10268800966475386 -0.11684643040575242 -0.4421768707482993 -1.0161001788908766 -3.035270740188773 -4.399613433196424 -2.495504752119188 -0.49660065031037554 -0.4178127046496399 -0.26490965901372093 -0.13827008757105547 -0.15090543259557343 -0.2374301675977654 -0.4286044362292052 -0.9738570189567589 -1.2519524210020423 -0.8324084350721421 -0.47344759763978644 -0.3151125401929261 -0.19528178243774577 -0.2718387293830177 -0.026151930261519303 -0.12486621476988938 -0.0698670272706784 -0.2688172043010753 -0.15049780041676314 -0.290583619421285 -0.32911043789589634 -0.1455327765122754 -0.025856496444731737 -0.05823263939438054 -0.07256721389483703 -0.20178041543026706 -0.19564457901478982 -0.32120695948412215 -0.18151421065201814 -0.2913463922638234 -0.37488028458065403 -0.19080659150043366 -0.15841086245914002 -0.09538724373576313 -0.1335707925200356 -0.08586286128915226 -0.23686679174484052 -0.15346225826575172 -0.23222235591384913 -0.27866047421168416 -0.2097513543547715 -0.22781324320941296 -0.0871571391950782 -0.13597733711048157 -0.1476610001240849 -0.052017107848803604 -0.11386696730552423 -0.038299975290338524 -0.09338158048324967 -0.08313253012048193 -0.09872480460715756 0.005005005005005005 0.022485946283572766 -0.006641870350690757
0.05586592178770951 -0.08579814856626777 0.06141697740732617 -1.480543403177527 -0.02484325091683425 -0.17325845381766042 -0.06695716866829632 -0.14131647452584606 0.048457026268808975 -0.033774275260343385 -0.16628585935516632 -0.010003751406777544 -0.26447462473195144 -0.24740722229164064 -0.2976338729763387 -0.07862033984275933 -0.4446407538280329 -0.08703559366069111 -0.11339937434827947 -0.09131117135112 -0.058606191871575994 -0.09483404042924883 -0.23485932284215547 -0.4344624447717231 -0.37256353318529484 -0.12619502868068835 -0.16686355581807444 -0.14066496163682865 -0.017191219254165564 -0.0981576562971912 -0.10529019003595275 -0.46768707482993194 -1.0292188431723317 -3.0787382016890215 -4.011838608359507 -1.6439763678397123 -0.4493053502808159 -0.4243614931237721 -0.22143730471403344 -0.15824243355354126 -0.16096579476861167 -0.24906890130353815 -0.4482439926062847 -0.9874860612067898 -1.117385558092034 -0.580836108028117 -0.4228715931441416 -0.2919614147909968 -0.18479685452162514 -0.2565668906536347 -0.0423412204234122 -0.10940658817933165 -0.10592742844264143 -0.2592592592592593 -0.1470247742532994 -0.24153997057381074 -0.3828146516111263 -0.12401923563654774 -0.02714932126696832 -0.046586111515504416 -0.06542945515108256 -0.20534124629080122 -0.2003027832770467 -0.34067404793770534 -0.16957248626701696 -0.2739895859161915 -0.4186619236557669 -0.18337256845496222 -0.15841086245914004 -0.09396355353075173 -0.1272102785905101 -0.07739750876768654 -0.24390243902439024 -0.15470991890205862 -0.2418481530501745 -0.23221706184307017 -0.22225309070704266 -0.20152709976217298 -0.08459369392463471 -0.11331444759206796 -0.15386524382677752 -0.06704427233845797 -0.1386696730552424 -0.05806770447244873 -0.11205789657989962 -0.05783132530120483 -0.10969422734128616 -0.0012512512512512397 0.031230480949406624 -0.006641870350690748
0.05465144522710712 -0.04854368932038835 0.07019083132265848 -1.751093714022565 -0.037856382349461724 -0.10992950173258453 -0.0712084174726326 -0.09792983761001614 0.03825554705432287 0.00703630734590487 -0.15486164001015487 0.04126547455295736 -0.2740052418394091 -0.2561539422716481 -0.30759651307596514 -0.025361399949277198 -0.40488810365135447 -0.033775006495193556 -0.10948905109489053 -0.06134969325153374 -0.06370238246910434 -0.09608185675068631 -0.2682403433476395 -0.4540991654393716 -0.32691833209967924 -0.12746972594008923 -0.17424689899586535 -0.1432225063938619 -0.01983602221634488 -0.10570824524312898 -0.11299435028248588 -0.4591836734693878 -1.0626118067978534 -3.0563835072031798 -3.3872916163324467 -1.00051374261495 -0.4138338752586462 -0.3889980353634578 -0.1983426164923244 -0.13212475034567522 -0.16096579476861167 -0.2071694599627561 -0.46788354898336415 -0.9292528806839302 -0.9215427129640755 -0.38475767665556787 -0.3456026973869064 -0.2443729903536978 -0.16513761467889906 -0.23671350030543675 -0.048567870485678705 -0.0844333452253538 -0.1352265043948614 -0.24133811230585422 -0.1412363973141931 -0.18636586562040217 -0.41173230515009634 -0.09491268033409264 -0.0387847446670976 -0.040762847576066394 -0.054722817035450864 -0.16379821958456972 -0.2107837428671247 -0.301739871030539 -0.15524241700501554 -0.2219191668732953 -0.4131892187713778 -0.15859249163672406 -0.14206688458637165 -0.06548974943052391 -0.12212186744688969 -0.026605393638892243 -0.2568011257035647 -0.11228945726762321 -0.25508362411262187 -0.15644096797848936 -0.20141686345325743 -0.16147202403304542 -0.0910023071007434 -0.08640226628895183 -0.14766100012408484 -0.020806843139521435 -0.16121758737316796 -0.02718062762540153 -0.1283996731644683 0.0180722891566265 -0.10420951597422187 0.0487987987987988 0.023735165521549036 0.02922422954303932
0.05465144522710712 -0.03386769022352675 0.08554507567449002 -2.0515772507483305 -0.034307346504199684 -0.09798064284860795 -0.044638112445530884 -0.10288831040039667 0.02677888293802601 -0.001407261469180976 -0.14216806296014217 0.0512692259597349 -0.2871098403621634 -0.3086342621516931 -0.30510585305105853 -0.010144559979710876 -0.44169611307420487 -0.019485580670303974 -0.1107924921793535 -0.0542160079897275 -0.07007262071601478 -0.09608185675068631 -0.30162136385312355 -0.45532646048109965 -0.2763385146804836 -0.12237093690248564 -0.1402835203780272 -0.14578005115089515 -0.01586881777307591 -0.11023859861069166 -0.11299435028248588 -0.4421768707482993 -1.0888491353607632 -3.0067064083457526 -2.538052669726987 -0.6601592602106345 -0.3813183564883239 -0.36804191224623445 -0.19155006113299824 -0.12290674450760486 -0.14964788732394366 -0.19902234636871508 -0.4725046210720888 -0.9168628422748112 -0.7088790099723659 -0.29966703662597116 -0.37370047766226466 -0.2276527331189711 -0.1690694626474443 -0.23213194868662188 -0.033623910336239106 -0.08324414317992627 -0.13973405454135676 -0.2234169653524492 -0.113452188006483 -0.14835703776360962 -0.3511429358303497 -0.07339913945836496 -0.0193923723335488 -0.013102343863735624 -0.06423982869379015 -0.1543026706231454 -0.23291021311284502 -0.2883562477187006 -0.15165989968951515 -0.19588395735184724 -0.3488849363798058 -0.15115846859125262 -0.12446567764646718 -0.05694760820045559 -0.1017682228724081 -0.012093360744951018 -0.2603189493433396 -0.12850904553961323 -0.2418481530501745 -0.12099731117086288 -0.1791915543825531 -0.1464513706346226 -0.0704947449371956 -0.06940509915014163 -0.12904826901600694 -0.01155935729973413 -0.1691093573844419 -0.033358042994810974 -0.11555970584802147 0.04457831325301205 -0.08089949266419856 0.06131131131131131 0.041224234853216746 0.03852284803400638
0.04007772649987855 -0.020320614134116056 0.10089932002632156 -2.357817177066544 -0.030758310658937648 -0.07049826741546181 0.0074396854075884766 -0.07809594644849385 0.02805406783983678 0.0323670137911624 -0.14597613607514598 0.06502438414405401 -0.3025970931617822 -0.34736973634886914 -0.31133250311332505 0.02536139994927721 -0.4122497055359246 -0.0025980774227071946 -0.10427528675703861 -0.0428021115708375 -0.08536119250859983 -0.09233840778637385 -0.3290414878397711 -0.47005400098183603 -0.22699235134468299 -0.10962396430847673 -0.14323685764914354 -0.1432225063938619 -0.021158423697434543 -0.11929930534581698 -0.120698510529019 -0.41423712342079694 -1.1031604054859867 -2.8725782414307006 -1.682773616815656 -0.5150269714872849 -0.3547147502216967 -0.3339882121807466 -0.18204048362994157 -0.09064372407435861 -0.14839034205231388 -0.18971135940409684 -0.47134935304990755 -0.8598686655928635 -0.49261083743842365 -0.2404735479097299 -0.33014891823545933 -0.21093247588424435 -0.15858453473132372 -0.2199144777031155 -0.02490660024906601 -0.07729813295278867 -0.1408609420779806 -0.2102747909199522 -0.08798332947441538 -0.10299166257969594 -0.3538969980721564 -0.03669956972918249 -0.02068519715578539 0.029116319697190272 -0.07970497263859147 -0.1400593471810089 -0.2562012344241295 -0.27740601046356006 -0.14688320993551468 -0.16488966030250435 -0.32288958817895747 -0.12761739561392643 -0.11692230324365101 -0.03132118451025057 -0.100496120086503 -0.010884024670455919 -0.27439024390243905 -0.15720524017467247 -0.22019010949344248 -0.09288682473722806 -0.05834143631059872 -0.12266866942045311 -0.04229684696231736 -0.03966005665722379 -0.12532572279439136 0.00693561437984048 -0.1939120631341601 -0.02223869532987398 -0.10038519901949339 0.10361445783132531 -0.07130124777183602 0.09009009009009009 0.03497813866333542 0.0650903294367694
0.020646101530240466 -0.010160307067058026 0.09980258828690503 -2.6709647708956945 -0.027209274813675615 -0.06571872386187119 -0.0170049952173451 -0.08057518284368415 0.02550369803621525 0.022516183506895583 -0.12947448591012947 0.05752157058897086 -0.31212771026923997 -0.43358740472322876 -0.28268991282689915 0.003804209992391579 -0.4637809187279151 -0.01688750324759678 -0.12122002085505738 -0.058496219146811246 -0.07899095426168938 -0.07611679560768655 -0.3588459704339533 -0.4479626902307314 -0.20848754009375767 -0.08795411089866156 -0.15652687536916718 -0.12020460358056266 -0.026448029621793177 -0.10117789187556629 -0.13482280431432975 -0.39723032069970843 -1.112701252236136 -2.5198708395429708 -0.8516549891278086 -0.4752119188286669 -0.36358261897723904 -0.3313686967910937 -0.1684553729112892 -0.11061607005684437 -0.14713279678068408 -0.17807262569832402 -0.4805914972273568 -0.7632263660017348 -0.3412231166646642 -0.2170427919595511 -0.34419780837313846 -0.20964630225080386 -0.1546526867627785 -0.22907758094074526 -0.027397260273972608 -0.06183850636223094 -0.16903313049357674 -0.21146953405017924 -0.07756425098402409 -0.10299166257969591 -0.38143762049022306 -0.03290306251581878 -0.03361344537815125 0.018925607803173677 -0.08327385201046872 -0.14480712166172108 -0.2783277046698498 -0.29322301983209637 -0.1361356579890136 -0.17976692288618898 -0.30920782596798474 -0.1424854417048693 -0.09806386723661051 -0.0412870159453303 -0.0941356061569775 0.002418672148990205 -0.2849437148217636 -0.18839675608234557 -0.19010949344242573 -0.0867758494255683 -0.11390470898735935 -0.12392039053698833 -0.05639579594975648 -0.050991501416430586 -0.11788063035116021 0.024274650329441684 -0.21871476888387825 -0.04447739065974796 -0.08054161316680285 0.11204819277108435 -0.054847113670643086 0.10260260260260261 0.03497813866333542 0.0677470775770457
0.012144765606023804 -0.021449537141566943 0.10638297872340426 -2.997927699746719 -0.017745179226310186 -0.08364201218783604 -0.02338186842384951 -0.09049212842444526 0.02805406783983678 0.016887137630171682 -0.13455191673013456 0.04126547455295736 -0.33595425303788423 -0.501062101711858 -0.26650062266500624 0.0025361399949277164 -0.47261484098939927 -0.018186541958950378 -0.12122002085505737 -0.04850905978028249 -0.06879857306663269 -0.07237334664337411 -0.35407725321888417 -0.41237113402061853 -0.1838144584258574 -0.07775653282345443 -0.14914353219137627 -0.10485933503836317 -0.018513620735255226 -0.09060706735125339 -0.13353877760657423 -0.38994169096209913 -1.1007751937984496 -1.8057625434674616 -0.34911814447934286 -0.4597996403801696 -0.3857522908660952 -0.3313686967910937 -0.14807770683331073 -0.12137041020125983 -0.1408450704225352 -0.1559590316573557 -0.47828096118299446 -0.598438855160451 -0.25591733749849815 -0.19361203600937227 -0.3287440292216915 -0.1942122186495177 -0.12975098296199214 -0.20922419059254732 -0.013698630136986306 -0.04637887977167321 -0.1701600180302006 -0.2031063321385902 -0.05672609400324149 -0.09563511525257479 -0.30707793996144317 -0.029106555302455074 -0.024563671622495148 0.007279079924297563 -0.07970497263859148 -0.1566765578635015 -0.3004541749155701 -0.31269010828567956 -0.12180558872701217 -0.17108851971237293 -0.3283622930633466 -0.1437244455457812 -0.09554940910233843 -0.04698177676537586 -0.08777509222745199 0.015721368968436327 -0.29315196998123827 -0.21210230817217718 -0.16002887739140897 -0.08922023955023221 -0.09584664536741215 -0.1289272750031293 -0.03332478851576519 -0.058073654390934835 -0.10174959672415933 0.02311871459946827 -0.23337091319052988 -0.06424511984185818 -0.0606980273141123 0.12409638554216866 -0.07541478129713423 0.11136136136136136 0.019987507807620236 0.07438894792773645
0.010930289045421423 -0.016933845111763372 0.1359947356876508 -3.2915035689615473 -0.011830119484206791 -0.0824471262994384 -0.010628122010840686 -0.09545060121482582 0.006375924509053814 0.012665353222628763 -0.13709063214013711 0.038764536701262974 -0.34548487014534196 -0.5447957016118956 -0.24283935242839352 -0.01775297996449404 -0.45641931684334514 -0.03767212262925436 -0.10948905109489052 -0.074190326722785 -0.05988023952095808 -0.0648864487147492 -0.33023366714353836 -0.3743249877270496 -0.14803849000740193 -0.0662842574888464 -0.18163024217365623 -0.10230179028132994 -0.01586881777307591 -0.09362730292962851 -0.1129943502824859 -0.3680758017492711 -1.0017889087656529 -0.9550422255340288 -0.16549891278086495 -0.44181864885692274 -0.3517587939698492 -0.3182711198428291 -0.10868088574921886 -0.11522507297587956 -0.12449698189134809 -0.1373370577281192 -0.4320702402957486 -0.4547144096146698 -0.19584284512795866 -0.19607843137254904 -0.29221691486372575 -0.21093247588424435 -0.10878112712975097 -0.23060476481368358 -0.003735990037359899 -0.02973005113568795 -0.1690331304935767 -0.23536439665471925 -0.035887937022458904 -0.09195684158901422 -0.33874965574221977 -0.036699569729182493 -0.014221073044602451 -0.010190711894016597 -0.07494646680942182 -0.1400593471810089 -0.30394782811226273 -0.29443971286044535 -0.11822307141151182 -0.15621125712868836 -0.33793952661102755 -0.13876843018213356 -0.10309278350515463 -0.04555808656036446 -0.06614934486706527 0.015721368968436327 -0.29432457786116323 -0.248284466625078 -0.11911923956202623 -0.08066487411390857 -0.04167245450757048 -0.11891350607084741 -0.016662394257882594 -0.050991501416430586 -0.10174959672415933 0.01271529302970755 -0.2423900789177001 -0.07042253521126762 -0.03968717170538112 0.12530120481927715 -0.08638420403126285 0.1288788788788789 0.018738288569643973 0.09564293304994687
0.031576390575661896 -0.025965229171370507 0.1557359069971485 -3.2811420676951415 -0.0023660238968413586 -0.0884215557414267 -0.005314061005420344 -0.08801289202925498 0.006375924509053813 0.0267379679144385 -0.11297283574511297 0.027510316368638245 -0.31093638313080774 -0.532300387354742 -0.23163138231631378 -0.02916560994166878 -0.37249705535924615 -0.04027020005196155 -0.10166840458811262 -0.07276358967042373 -0.04459166772837304 -0.04741702021462442 -0.2932761087267525 -0.353460972017673 -0.13323464100666174 -0.06500956022944551 -0.14323685764914354 -0.09974424552429667 -0.009256810367627613 -0.07852612503775293 -0.08602978941961993 -0.32555879494655005 -0.522361359570662 -0.6073025335320417 -0.1377144237738584 -0.4148471615720524 -0.3606266627253917 -0.2855271774721676 -0.0950957750305665 -0.08449838684897834 -0.09305835010060362 -0.12104283054003724 -0.30961182994454717 -0.39276421756907454 -0.15138772077375948 -0.20964360587002098 -0.22337735318909807 -0.21607717041800645 -0.07994757536041938 -0.22602321319486865 0.0174346201743462 -0.024973242953977882 -0.1431147171512283 -0.22700119474313024 -0.021995832368603845 -0.10176557135850905 -0.33324153125860645 -0.041761579347000755 -0.011635423400129281 -0.010190711894016595 -0.05472281703545088 -0.13293768545994067 -0.2876441131943636 -0.2810560895486069 -0.1038930021495104 -0.15745102901066205 -0.38308934190723765 -0.12885639945483832 -0.09806386723661051 -0.03274487471526196 -0.026714158504007122 0.02660539363889225 -0.2439024390243903 -0.22208359326263255 -0.08783539886896884 -0.07699828892691274 0.022225309070704274 -0.12016522718738262 -0.008972058446552167 -0.05382436260623229 -0.07693262191338876 0.021962778869494857 -0.20744081172491544 -0.043241907585866074 -0.022178125364771796 0.13614457831325302 -0.01096942273412862 0.14514514514514515 0.029981261711430358 0.10626992561105206
0.04250667962108331 -0.037254459245879425 0.17328361482781313 -3.2696292885102465 0.009464095587365431 -0.08125224041104076 -0.006376873206504407 -0.08181480104127928 0.005100739607243052 0.025330706445257527 -0.11043412033511044 0.03626359884956859 -0.2942578031927567 -0.5210546045233038 -0.22665006226650058 -0.022825259954349482 -0.29740871613663133 -0.02468173551571837 -0.09906152241918666 -0.06277643030389499 -0.035673334182698434 -0.024956326428749686 -0.2706247019551741 -0.30927835051546393 -0.12089810017271156 -0.05481198215423837 -0.1151801535735381 -0.08695652173913043 0.0026448029621793183 -0.0724856538810027 -0.07062146892655366 -0.2781827016520894 -0.355396541443053 -0.546448087431694 -0.13046629620681321 -0.4032879527356794 -0.381318356488324 -0.2829076620825147 -0.09645428610243174 -0.0860347211553234 -0.08551307847082494 -0.08496275605214154 -0.26224584103512016 -0.34196506009168626 -0.12976090352036523 -0.18128005919348872 -0.160157347569542 -0.1852090032154341 -0.06159895150720838 -0.20311545510079415 0.0224159402241594 0.004756808181710074 -0.14649537976109983 -0.20071684587813618 -0.025468858532067613 -0.08705247670426679 -0.3511429358303498 -0.040496076942546186 -0.02327084680025856 -0.01892560780317368 -0.02974066143231025 -0.11275964391691393 -0.2736695004075929 -0.25915561503832585 -0.08836876044900882 -0.14381353830895116 -0.4186619236557668 -0.12390038409119068 -0.09680663816947448 -0.03843963553530751 -0.011448925073145912 0.039908090458338374 -0.21927767354596628 -0.20711166562694946 -0.06738057995427746 -0.04888780249327793 0.04861786359216559 -0.0938790837401427 -0.0038451679056652143 -0.043909348441926344 -0.08437771435661992 0.04623742919893654 -0.2029312288613303 -0.024709661477637757 -0.015174506828528073 0.15421686746987956 0.02468120115178939 0.1639139139139139 0.03372891942535915 0.1129117959617428
0.034005343696866655 -0.014675999096861592 0.1754770783066462 -3.238544784711029 0.0035490358452620364 -0.05376986497789462 -0.03188436603252205 -0.05826205528697161 0.006375924509053813 0.0478468899521531 -0.10281797410510282 0.037514067775415785 -0.2978317846080533 -0.5235536673747345 -0.2353673723536737 -0.016484909967030184 -0.30624263839811544 -0.01688750324759678 -0.10427528675703857 -0.05278927093736624 -0.010192381195056697 -0.006239081607187424 -0.2515498330948975 -0.2920962199312715 -0.1159634838391315 -0.05736137667304016 -0.18015357353809805 -0.08312020460358056 -0.0013224014810896579 -0.06191482935668983 -0.055213148433487416 -0.21137026239067058 -0.2921884317233153 -0.47938400397416786 -0.12080212611741967 -0.38916003082455686 -0.38723026899201896 -0.2829076620825147 -0.08694470859937507 -0.07988938392994317 -0.08299798792756538 -0.0430633147113594 -0.23220887245841032 -0.28125387188700285 -0.13216388321518685 -0.1541497101985448 -0.1152008991289688 -0.15562700964630227 -0.06290956749672345 -0.17562614538790472 0.0286425902864259 0.02021643477226781 -0.15212981744421902 -0.18876941457586618 -0.038203287798101414 -0.09073075036782738 -0.43927292756816305 -0.041761579347000755 -0.03102779573367808 -0.023293055757752222 -0.014275517487508915 -0.08664688427299704 -0.26318854081751486 -0.2311716753863 -0.07284451874850727 -0.12769650384329284 -0.4118210425502805 -0.11770536488663115 -0.09052049283379432 -0.03559225512528473 2.7755575615628915e-18 0.058048131575764904 -0.2098968105065666 -0.17467248908296942 -0.06738057995427746 -0.02933268149596676 0.03333796360605642 -0.06759294029290273 -0.0025634452704434768 -0.025495750708215296 -0.08065516813500434 0.0693561437984048 -0.20969560315670802 -0.008648381517173214 -0.015174506828528073 0.16506024096385544 -0.03153709036061977 0.18018018018018017 0.0462211118051218 0.12088204038257175
0.03643429681807141 -0.006773538044705349 0.18534766396139504 -3.229334561363113 0.005915059742103396 -0.06213406619667822 -0.010628122010840685 -0.08181480104127929 0.0012751849018107619 0.03658879819870532 -0.09647118558009646 0.02876078529448543 -0.28710984036216336 -0.5310508559290267 -0.2303860523038605 -0.04945472990109054 -0.3474676089517079 -0.06105481943361912 -0.12122002085505737 -0.09273790840348123 -0.010192381195056697 0.0024956326428749675 -0.23128278493085358 -0.2933235149729995 -0.10609425117197138 -0.07903123008285531 -0.16981689308919082 -0.10485933503836317 0.009256810367627613 -0.08456659619450317 -0.04108885464817669 -0.17128279883381922 -0.25641025641025633 -0.4297069051167412 -0.11355399855037447 -0.3853069612124325 -0.3931421814957139 -0.2999345121152587 -0.08558619752750986 -0.08296205254263327 -0.06287726358148893 -0.033752327746741154 -0.20217190388170053 -0.2601908065915004 -0.11414153550402502 -0.15784930324330987 -0.15875245855577408 -0.16463022508038586 -0.05897771952817822 -0.177153329260843 0.04109589041095891 0.023784040908550363 -0.13522650439486136 -0.1911589008363202 -0.025468858532067613 -0.11034820990681707 -0.38419168273202975 -0.062009617818273854 -0.025856496444731737 -0.04221866356092589 0.005948132286462059 -0.08427299703264093 -0.2468848258996157 -0.2202214381311595 -0.06806782899450678 -0.14505331019092488 -0.4350800383089342 -0.15115846859125262 -0.09932109630374655 -0.058371298405466975 0.01780943900267142 0.0544201233522796 -0.18878986866791744 -0.18465377417342482 -0.05173865960774876 -0.059887558054265454 0.06528684539519379 -0.1151583427212417 -0.0012817226352217382 -0.06373937677053824 -0.06080158828638789 0.0786036296381921 -0.1882750845546787 -0.013590313812700766 -0.0011672697560406197 0.14698795180722893 -0.061703002879473466 0.16766766766766766 0.04497189256714553 0.11424017003188096
0.04372115618168569 -0.021449537141566943 0.1952182496161439 -3.2512088418144147 0.016562167277889506 -0.07766758274584777 -0.0042512488043362755 -0.10164869220280152 0.007651109410864573 0.026737967914438505 -0.099009900990099 0.02876078529448543 -0.2811532046700024 -0.5335499187804573 -0.22665006226650064 -0.06086735987826528 -0.3739693757361602 -0.06365289685632632 -0.13686131386861317 -0.08703096019403624 0.019110714740731304 0.01372597953581233 -0.2002861230329042 -0.2822778595974472 -0.08882309400444116 -0.07393244104525175 -0.15505020673360898 -0.09846547314578005 0.011901613329806932 -0.07852612503775296 -0.024396507447354908 -0.1615646258503401 -0.21943947525342872 -0.4359165424739195 -0.11113795602802609 -0.4071410223478037 -0.4005320721253326 -0.3300589390962672 -0.09645428610243173 -0.10447073283146413 -0.04275653923541247 -0.019785847299813777 -0.1779112754158965 -0.26019080659150046 -0.10332812687732788 -0.15908250092489823 -0.20089912896881143 -0.1440514469453376 -0.06684141546526867 -0.1572999389126451 0.05853051058530512 0.0332976572719705 -0.11381564119900833 -0.17084826762246114 -0.00926140310257004 -0.10789602746444335 -0.3910768383365464 -0.054416603391546435 -0.03490627020038785 -0.03057213568204979 0.02379252914584821 -0.09851632047477744 -0.2294165599161523 -0.25550553595327896 -0.05493193217100548 -0.16488966030250435 -0.4323436858667396 -0.16354850700037168 -0.09052049283379432 -0.07118451025056947 0.01908154178857652 0.048373442979804095 -0.19582551594746717 -0.18839675608234557 -0.06256768138611479 -0.07210950867758495 0.041672454507570504 -0.1151583427212417 -0.021789284798769546 -0.0679886685552408 -0.05707904206477231 0.08207143682811235 -0.15670800450958286 -0.016061279960464542 0.016341776584568694 0.13373493975903614 -0.08227067050596462 0.1639139139139139 0.042473454091193005 0.11556854410201914
0.04372115618168569 -0.027094152178821402 0.197411713094977 -3.2546626755698833 0.027209274813675622 -0.07766758274584777 0.00743968540758848 -0.10536754679558695 0.019127773527161433 0.050661412890515053 -0.10535668951510535 0.018757033887707893 -0.2692399332856802 -0.5372985130576033 -0.2316313823163138 -0.06593963986812072 -0.35630153121319197 -0.06884905170174072 -0.14468196037539105 -0.08132401198459124 0.02420690533825965 0.011230346892937362 -0.19074868860276584 -0.2957781050564555 -0.08265482358746608 -0.07903123008285531 -0.2008269344359126 -0.09846547314578005 0.010579211848717272 -0.05738447598912716 -0.015408320493066258 -0.14941690962099125 -0.19558735837805608 -0.4247391952309985 -0.09180961584923895 -0.4020035961983046 -0.4286136565178835 -0.3300589390962672 -0.09373726395870126 -0.08757105546166846 -0.033953722334004025 -0.006983240223463687 -0.15711645101663588 -0.2354107297732623 -0.0889102487083984 -0.14551732642742626 -0.1559426805282383 -0.14147909967845657 -0.05897771952817824 -0.14660965180207697 0.0722291407222914 0.03686526340825306 -0.10592742844264143 -0.18160095579450417 0.005788376939106274 -0.12015693967631191 -0.42137152299641967 -0.07086813464945582 -0.025856496444731737 -0.045130295530644925 0.04282655246252677 -0.09258160237388725 -0.2107837428671247 -0.27253923835016425 -0.03701934559350369 -0.1760476072402678 -0.46654809139417147 -0.17593854540949078 -0.09052049283379432 -0.07687927107061503 0.016537336216766316 0.04232676260732858 -0.18175422138836775 -0.17716781035558327 -0.05775478281795211 -0.08799804448790026 0.09029031809973606 -0.13768932281887594 -0.021789284798769546 -0.0906515580736544 -0.05583819332423377 0.08207143682811235 -0.1431792559188275 -0.014825796886582653 0.015174506828528075 0.13855421686746988 -0.12614836144247907 0.1639139139139139 0.04122423485321673 0.11556854410201914
0.05465144522710712 -0.020320614134116056 0.20070190831322657 -3.2500575638959246 0.024843250916834262 -0.08961644162982435 -0.025507492826017643 -0.12768067435229952 0.015302218821729146 0.01829439909935266 -0.10281797410510281 0.011254220332624734 -0.25494400762449365 -0.5522928901661877 -0.2191780821917808 -0.09256910981486179 -0.3739693757361601 -0.09612886464016628 -0.1420750782064651 -0.10272506777000998 0.030577143585170087 0.01996506114299975 -0.17525035765379113 -0.29455081001472755 -0.08512213175425612 -0.08540471637985977 -0.1786769049025399 -0.11253196930946292 0.025125628140703515 -0.05436424041075204 -0.006420133538777606 -0.13848396501457724 -0.16338700059630293 -0.41977148534525577 -0.07972940323749698 -0.4007192396609298 -0.4138338752586462 -0.3366077275703995 -0.09917130824616219 -0.09525272699339375 -0.021378269617706235 0.0034916201117318434 -0.13401109057301294 -0.22425969520505515 -0.07329088069205815 -0.14675052410901465 -0.18404046080359654 -0.13247588424437298 -0.06290956749672345 -0.12828344532681735 0.0722291407222914 0.046378879771673195 -0.09916610322289834 -0.1875746714456392 0.004630701551285019 -0.14100049043648846 -0.4213715229964198 -0.08731966590736523 -0.01163542340012928 -0.06114427136409959 0.054722817035450864 -0.08783382789317509 -0.20729008967043208 -0.2822727825769558 -0.04179603534750418 -0.18844532606000497 -0.46517991517307433 -0.18337256845496222 -0.08423434749811416 -0.08969248291571755 0.03053046686172243 0.05079211512879429 -0.17589118198874296 -0.17467248908296942 -0.06377090602815545 -0.10021999511121975 -0.0027781636338380265 -0.1451996495180874 -0.041015124327095615 -0.09631728045325778 -0.05459734458369525 0.07860362963819212 -0.13754227733934613 -0.033358042994810974 0.01984358585269056 0.10481927710843372 -0.1138077608665844 0.14389389389389387 0.054965646470955656 0.10494155154091392
0.05708039834831189 -0.020320614134116052 0.21824961614389116 -3.256965231406862 0.04022240624630309 -0.08364201218783605 -0.012753746413008821 -0.1252014379571092 0.030604437643458292 0.019701660568533636 -0.11551155115511551 0.015005627110166314 -0.2609006433166548 -0.5572910158690492 -0.2191780821917808 -0.09637331980725336 -0.36071849234393405 -0.10522213561964147 -0.12904066736183523 -0.10700527892709373 0.026755000637023824 0.019965061142999757 -0.16213638531235097 -0.2920962199312715 -0.08388847767086109 -0.10579987253027405 -0.21854695806261076 -0.13810741687979539 0.011901613329806934 -0.08003624282694051 0.007704160246533129 -0.13362487852283772 -0.13953488372093023 -0.4135618479880775 -0.06160908431988403 -0.4032879527356794 -0.4123558971327224 -0.3510150622134905 -0.08966173074310554 -0.09064372407435858 -0.012575452716297786 0.006983240223463685 -0.1201478743068392 -0.21806467600049562 -0.05286555328607474 -0.1455173264274263 -0.19668446192750771 -0.1260450160771704 -0.053735255570117955 -0.11148442272449603 0.05728518057285181 0.05589249613509335 -0.09916610322289834 -0.18160095579450417 0.00694605232692753 -0.1348700343305542 -0.3993390250619664 -0.08605416350291065 0.00775694893341952 -0.04949774348522347 0.06423982869379015 -0.08664688427299704 -0.18166996622801906 -0.28348947560530474 -0.025077621208502498 -0.19092486982395238 -0.4405527431933233 -0.18585057613678604 -0.06286145335680163 -0.09681093394077447 0.029258364075817327 0.05079211512879429 -0.18175422138836772 -0.17592014971927633 -0.0577547828179521 -0.0989978000488878 0.013890818169190189 -0.14770309175115787 -0.03460651115098693 -0.0963172804532578 -0.05583819332423377 0.07629175817824528 -0.13416009019165726 -0.042006424511984185 0.00933815804832497 0.09277108433734937 -0.1494583847525024 0.1301301301301301 0.05121798875702686 0.10361317747077577
0.07043964051493808 -0.02370738315646873 0.24018425093222193 -3.2604190651623304 0.05915059742103396 -0.0824471262994384 -0.028695929429269844 -0.12892029254989462 0.022953328232593724 0.015479876160990716 -0.11551155115511551 0.026259847442791046 -0.24183940910173934 -0.5485442958890416 -0.20672478206724781 -0.09637331980725336 -0.3239104829210836 -0.11561444531047024 -0.14468196037539102 -0.12127264945070623 0.005096190597528348 0.02495632642874969 -0.170481640438722 -0.27491408934707906 -0.08882309400444115 -0.10579987253027405 -0.2244536326048435 -0.15601023017902813 -0.0052896059243586315 -0.10419812745394141 0.011556240369799691 -0.13241010689990282 -0.12164579606440074 -0.40735221063089916 -0.06644116936458082 -0.4045723092730542 -0.4419154596511971 -0.3562540929927963 -0.10324684146175792 -0.08449838684897834 -0.012575452716297786 -1.3877787807814458e-18 -0.11321626617375231 -0.22549869904596703 -0.04565661420161 -0.15045011715377973 -0.16999157066591739 -0.12861736334405144 -0.07994757536041938 -0.10995723885155773 0.04109589041095891 0.052324889998810784 -0.1059274284426414 -0.1827956989247312 0.0 -0.14467876410004904 -0.4778297989534564 -0.08605416350291065 -0.02068519715578539 -0.050953559470082975 0.06542945515108256 -0.09258160237388725 -0.16769535344124836 -0.28348947560530474 -0.02388344877000239 -0.20208281676171586 -0.48296620604733886 -0.18832858381860984 -0.07040482775961782 -0.08826879271070615 0.026714158504007122 0.05079211512879429 -0.18175422138836772 -0.17217716781035558 -0.04812898568162676 -0.09288682473722806 1.6653345369377347e-17 -0.14144448616848168 -0.05639579594975648 -0.08923512747875353 -0.07693262191338876 0.06704427233845797 -0.14092446448703494 -0.055596738324684945 0.008170888292284344 0.0686746987951807 -0.13574660633484165 0.11636636636636635 0.046221111805121805 0.09298618490967055
0.07043964051493808 -0.027094152178821405 0.24237771441105505 -3.2546626755698833 0.0733467408020821 -0.06691360975026885 0.001062812201084068 -0.1066071649931821 0.04208110175975516 0.03518153672952434 -0.1078954049251079 0.016256096036013506 -0.22635215630212055 -0.5535424215919029 -0.1905354919053549 -0.0951052498097895 -0.27826855123674915 -0.12470771628994544 -0.13425443169968718 -0.12983307176487374 -0.008918333545674607 0.02745195907162466 -0.1800190748688603 -0.271232204221895 -0.1073279052553664 -0.10325047801147227 -0.20378027170702895 -0.15601023017902813 -0.006612007405448291 -0.10117789187556632 0.008988186954288649 -0.12390670553935859 -0.12283840190816937 -0.3924490809736712 -0.0724812756704518 -0.3955818135114308 -0.4419154596511972 -0.35232481990831693 -0.11547344110854503 -0.07528038101090798 -0.011317907444668008 0.004655493482309123 -0.11783733826247689 -0.2193036798414075 -0.04565661420161 -0.13935133801948452 -0.15313290250070244 -0.1260450160771704 -0.09174311926605504 -0.10995723885155773 0.026151930261519303 0.04518967772624568 -0.10930809105251296 -0.19593787335722818 -0.01389210465385506 -0.1569396763119176 -0.48196089231616634 -0.09617818273854721 -0.03878474466709761 -0.06114427136409958 0.07494646680942185 -0.09732937685459941 -0.15604984278560613 -0.2968730989171432 -0.008359207069500834 -0.2281180262831639 -0.4405527431933233 -0.2106306529550242 -0.046517475484033184 -0.10535307517084283 0.02289785014629182 0.039908090458338374 -0.1852720450281426 -0.19089207735495944 -0.048128985681626754 -0.10999755560987534 0.0319488817891374 -0.1564651395669045 -0.04101512432709562 -0.10056657223796035 -0.07569177317285022 0.07166801525835162 -0.13528748590755355 -0.055596738324684945 0.008170888292284344 0.05301204819277109 -0.10420951597422187 0.08133133133133133 0.04996876951905058 0.04914984059511157
0.06436725771192617 -0.02370738315646873 0.24786137310813774 -3.2535113976513927 0.07452975275050279 -0.06930338152706417 0.002125624402168133 -0.11528449237634811 0.03953073195613364 0.02955249085280045 -0.10662604722010663 0.025009378516943858 -0.22873481057898498 -0.5547919530176184 -0.19925280199252798 -0.10271366979457267 -0.4313898704358068 -0.1441932969602494 -0.15771637122002086 -0.14267370523612502 -0.006370238246910434 0.022460693785874723 -0.16928946113495466 -0.2908689248895434 -0.10609425117197138 -0.12492033142128744 -0.22445363260484347 -0.18286445012787725 -0.026448029621793177 -0.11627906976744187 0.014124293785310734 -0.11783284742468414 -0.10614192009540849 -0.3912071535022355 -0.06644116936458082 -0.3968661700488056 -0.4818208690511381 -0.3680419122462345 -0.13041706289906263 -0.07220771239821785 -0.0050301810865191155 0.016294227188081937 -0.10975046210720887 -0.22178168752323132 -0.054067043133485516 -0.13318534961154274 -0.21635290812025848 -0.12733118971061091 -0.11533420707732636 -0.11453879047037263 0.028642590286425906 0.04162207158996313 -0.10367365336939374 -0.2019115890083632 -0.018522806205140078 -0.16429622363903876 -0.5122555769760397 -0.10503669956972916 -0.062055591467356175 -0.0626000873489591 0.08208422555317632 -0.09020771513353117 -0.1444043321299639 -0.2932230198320963 -0.007165034631000716 -0.23059757004711137 -0.40634833766589135 -0.21930367984140756 -0.05280362081971335 -0.11531890660592255 0.017809439002671422 0.04474543475631878 -0.1852720450281426 -0.1933873986275733 -0.05775478281795211 -0.10755316548521146 -0.03750520905681344 -0.14394792840155213 -0.04998718277364779 -0.08640226628895184 -0.07569177317285022 0.0786036296381921 -0.1386696730552424 -0.055596738324684945 -0.0023345395120812394 0.04819277108433735 -0.1851090086384204 0.07257257257257257 0.031230480949406607 0.04516471838469713
0.06315278115132378 0.0 0.240184250932222 -3.2443011743034775 0.07689577664734414 -0.06691360975026885 0.029758741630353913 -0.12024296516672865 0.04718184136699821 0.03658879819870532 -0.10027925869510028 0.030011254220332628 -0.22039552060995954 -0.5447957016118956 -0.19302615193026149 -0.10651787978696423 -0.5373969375736161 -0.17017407118732136 -0.17857142857142855 -0.15836781281209872 0.0012740476493820873 0.017469428500124784 -0.16452074391988553 -0.3166421207658321 -0.10239328892178631 -0.1453154875717017 -0.24512699350265796 -0.20332480818414322 -0.04363924887595875 -0.12533977650256722 0.017976373908577297 -0.09839650145772594 -0.09898628503279668 -0.38251366120218583 -0.05315293549166465 -0.4071410223478038 -0.4714750221696719 -0.40602488539620163 -0.13856812933025403 -0.08296205254263328 0.006287726358148891 0.027932960893854747 -0.10628465804066542 -0.21186965679593608 -0.055268532980896304 -0.1430509310642496 -0.27114357965720715 -0.1672025723472669 -0.14416775884665795 -0.1420281001832621 0.03237858032378581 0.03686526340825306 -0.09353166553977912 -0.2174432497013142 -0.006946052326927528 -0.18146150073565476 -0.5480583861195264 -0.1164262212098203 -0.0698125404007757 -0.06842335128839715 0.07494646680942187 -0.08783382789317509 -0.13275882147432166 -0.2968730989171432 -0.0059708621925005975 -0.24547483263079597 -0.3488849363798058 -0.23664973361417418 -0.05657530802112145 -0.11674259681093391 0.005088411143620404 0.06167613979925022 -0.19582551594746717 -0.1734248284466625 -0.0733967031644808 -0.11121975067220728 -0.10695929990276427 -0.16147202403304542 -0.05126890540886951 -0.09490084985835692 -0.07321007569177317 0.0762917581782453 -0.13190529875986473 -0.06795156906350383 -0.010505427804365587 0.03132530120481928 -0.2564102564102564 0.05505505505505505 0.022485946283572766 0.03453772582359192
0.06558173427252853 0.004515692029803567 0.2456679096293047 -3.23624222887405 0.08281083638944754 -0.06452383797347354 0.04144967584227867 -0.12148258336432378 0.04335628666156592 0.01970166056853363 -0.11043412033511044 0.035013129923721395 -0.21801286633309508 -0.5410471073347494 -0.20049813200498132 -0.1077859497844281 -0.5270906949352179 -0.18706157443491817 -0.18248175182481752 -0.18262234270223998 -0.01019238119505669 0.018717244821562264 -0.16571292322365283 -0.3190967108492882 -0.09992598075499629 -0.15423836838750798 -0.23922031896042525 -0.22634271099744246 -0.05421846072467601 -0.1570522500755059 0.01155624036979969 -0.09110787172011661 -0.09898628503279668 -0.3688524590163934 -0.04952887170814206 -0.394297456974056 -0.465563109665977 -0.4178127046496399 -0.144002173617715 -0.07681671531725302 0.005030181086519112 0.027932960893854747 -0.09473197781885398 -0.22054268368231944 -0.05166406343866394 -0.15045011715377976 -0.2697386906434392 -0.18906752411575561 -0.14416775884665795 -0.16188149053145998 0.027397260273972608 0.04162207158996313 -0.09465855307640297 -0.2150537634408602 -0.005788376939106275 -0.187591956841589 -0.5329110437895896 -0.1252847380410023 -0.08274078862314158 -0.09026059106128986 0.06542945515108257 -0.08902077151335311 -0.13275882147432166 -0.29565640588879427 -0.011941724385001195 -0.25291346392263825 -0.3762484608017513 -0.24160574897782183 -0.05280362081971335 -0.12386104783599086 -0.0038163083577153036 0.06893215624622083 -0.19582551594746717 -0.17467248908296942 -0.07700637709060282 -0.10266438523588364 -0.09029031809973607 -0.16397546626611587 -0.04870546013842604 -0.10339943342776203 -0.07072837821069611 0.07051207952837822 -0.12514092446448705 -0.08030639980232271 -0.01283996731644683 0.02168674698795181 -0.2577814342520225 0.04254254254254254 0.007495315427857589 0.01726886291179596
0.06072382803011902 0.007902461052156242 0.2489581048475543 -3.2155192263412387 0.09227493197681298 -0.05018520731270164 0.03507280263577426 -0.10536754679558695 0.05738332058148431 0.0323670137911624 -0.11424219345011424 0.03626359884956858 -0.22277817488682392 -0.5560414844433337 -0.19178082191780824 -0.11539436976921125 -0.4829210836277974 -0.18965965185762537 -0.15641293013555788 -0.19403623912113 -0.010192381195056693 0.01372597953581233 -0.18478779208392943 -0.31173294059892 -0.09992598075499629 -0.1491395793499044 -0.21707028942705256 -0.22506393861892585 -0.06347527109230362 -0.1781938991241317 0.0038520801232665635 -0.09596695821185616 -0.11449016100178891 -0.36140089418777943 -0.05436095675283885 -0.3776008219881839 -0.4966006503103754 -0.4151931892599869 -0.16845537291128923 -0.06606237517283761 0.0012575452716297763 0.04655493482309124 -0.10166358595194085 -0.2205426836823195 -0.054067043133485516 -0.15661610556172156 -0.26692891261590335 -0.2032154340836013 -0.14547837483617299 -0.1802076970067196 0.0323785803237858 0.0261624449994054 -0.10592742844264143 -0.21863799283154123 -0.004630701551285021 -0.19127023050514957 -0.5535665106031397 -0.12401923563654771 -0.09696186166774404 -0.08006987916727326 0.05353319057815845 -0.08189910979228486 -0.13508792360545013 -0.29322301983209637 -0.014330069262001435 -0.24795437639474338 -0.34478040771651386 -0.23293272209143848 -0.041488559215489065 -0.11958997722095673 -0.007632616715430604 0.07618817269319143 -0.20755159474671672 -0.16469120399251402 -0.08181927565876548 -0.08555365436323635 -0.11529379080427837 -0.14269620728501692 -0.04870546013842604 -0.0793201133144476 -0.08065516813500433 0.05548491503872384 -0.1364148816234498 -0.08524833209785025 -0.015174506828528073 0.02289156626506024 -0.21253256547374194 0.04004004004004004 0.022485946283572766 0.018597236981934114
0.07043964051493808 0.029351998193723187 0.270892739635885 -3.1970987796454065 0.10292203951259908 -0.04182100609391803 0.0573918588585397 -0.09792983761001609 0.05865850548329508 0.03518153672952434 -0.11805026656511804 0.045016881330498935 -0.23469144627114608 -0.5510433587404723 -0.20298879202988793 -0.1014455997971088 -0.5153121319199057 -0.20005196154845417 -0.1707507820646507 -0.1968897132258525 -0.03694738183208052 0.01996506114299975 -0.20863137815927518 -0.30191458026509577 -0.11226252158894645 -0.1491395793499044 -0.2598936798582398 -0.23785166240409206 -0.09521290663845543 -0.1887647236484446 -0.005136106831022085 -0.08624878522837706 -0.10852713178294575 -0.3427719821162444 -0.05315293549166465 -0.36218854353968666 -0.49216671593260425 -0.4230517354289457 -0.19155006113299822 -0.05838070364111231 -2.0816681711721684e-18 0.04888268156424581 -0.09357670979667282 -0.22178168752323132 -0.048059593896431566 -0.16648168701442845 -0.27676313571227873 -0.2302250803858521 -0.15072083879423329 -0.19853390348197922 0.023661270236612707 0.020216434772267807 -0.11268875366238448 -0.22700119474313024 -0.0069460523269275305 -0.20475723393820502 -0.5728449462957862 -0.14300177170336625 -0.09308338720103426 -0.08880477507643034 0.04282655246252677 -0.06765578635014836 -0.13741702573657857 -0.27375593137851323 -0.025077621208502508 -0.24671460451276964 -0.34478040771651386 -0.23417172593235036 -0.06789036962534574 -0.12243735763097952 0.002544205571810202 0.09432821381061798 -0.1876172607879925 -0.15096693699313785 -0.07099025388039946 -0.07333170373991689 -0.09167939991665511 -0.1451996495180874 -0.044860292232760834 -0.0708215297450425 -0.09306365554038962 0.058952722228644096 -0.1668545659526494 -0.08401284902396837 -0.03385082292517801 0.016867469879518072 -0.24544083367612785 0.023773773773773772 0.006246096189881323 -0.007970244420828908
0.06315278115132378 0.03838338225333032 0.2676025444176354 -3.1970987796454065 0.08635987223470958 -0.039431234317122706 0.03507280263577427 -0.07809594644849385 0.042081101759755164 0.0323670137911624 -0.11931962427011933 0.06002250844066524 -0.2477960447939004 -0.5447957016118956 -0.19676214196762143 -0.09256910981486177 -0.4785041224970553 -0.19615484541439335 -0.14468196037539105 -0.19118276501640746 -0.03949547713084469 0.02994759171449963 -0.19432522651406772 -0.28595974472263136 -0.11226252158894645 -0.13639260675589548 -0.2141169521559362 -0.2506393861892583 -0.10711451996826238 -0.20688613711869527 -0.005136106831022087 -0.07653061224489796 -0.10614192009540846 -0.3390461997019374 -0.06281710558105823 -0.37117903930131 -0.4773869346733669 -0.4453176162409954 -0.21600326042657247 -0.07528038101090798 -0.01383299798792757 0.04771880819366852 -0.0981977818853974 -0.23788873745508612 -0.05166406343866394 -0.18374645455666544 -0.24585557740938463 -0.2418006430868167 -0.13368283093053737 -0.20922419059254732 0.009962640099626403 0.0261624449994054 -0.11494252873563218 -0.22341696535244923 -0.01620745542949758 -0.20966159882295243 -0.530156981547783 -0.1531257909390028 -0.09437621202327087 -0.10918619886446354 0.02617178206043303 -0.06409495548961423 -0.16420170024455577 -0.26402238715172166 -0.051349414855505135 -0.24423506074882217 -0.359830346148584 -0.2316937182505266 -0.08800603469952226 -0.1238610478359909 0.0012721027859051 0.10037489418309349 -0.19934333958724204 -0.16219588271990018 -0.07941282637468414 -0.070887313615253 -0.12085011807195445 -0.12642383277005884 -0.04870546013842605 -0.05099150141643061 -0.09306365554038962 0.06242052941856433 -0.16910935738444194 -0.0815418828762046 -0.03151628341309677 0.008433734939759036 -0.212532565473742 0.011261261261261262 0.014990630855715179 -0.02656748140276302
0.06801068739373331 0.03273876721607587 0.2763763983329678 -3.2017038913193643 0.09700697977049567 -0.03584657665192974 0.08183653948347328 -0.06569976447254246 0.03825554705432287 0.04925415142133409 -0.11170347804011171 0.0662748530699012 -0.25494400762449365 -0.5335499187804574 -0.19925280199252804 -0.07735226984529545 -0.47114252061248524 -0.17926734216679657 -0.15771637122002086 -0.17120844628335 -0.03567333418269843 0.027451959071624656 -0.19670958512160228 -0.2822778595974472 -0.10486059708857635 -0.12746972594008923 -0.26137034849379803 -0.2621483375959079 -0.14546416291986247 -0.21443672606463307 0.005136106831022084 -0.08017492711370262 -0.12164579606440071 -0.3440139095876801 -0.06281710558105823 -0.38145389160030824 -0.47295300029559567 -0.4754420432220039 -0.2350224154326858 -0.09525272699339375 -1.3877787807814458e-18 0.04189944134078212 -0.0981977818853974 -0.25027877586420516 -0.057671512675717886 -0.19607843137254902 -0.24726046642315253 -0.27266881028938905 -0.15727391874180865 -0.23824068417837507 0.013698630136986304 0.022594838863122847 -0.12508451656524677 -0.2162485065710872 -0.023153507756425107 -0.20353114271701817 -0.5824841641421097 -0.15565679574791194 -0.1202327084680026 -0.1150094628039016 0.03211991434689508 -0.06646884272997033 -0.16187259811342727 -0.27010585229346634 -0.039407690470503944 -0.2429952888668485 -0.3146805308523738 -0.22797670672779086 -0.07543374402816191 -0.12670842824601367 0.0 0.09432821381061797 -0.1876172607879925 -0.16094822208359325 -0.07700637709060282 -0.07822048398924468 -0.044450618141408535 -0.1351858805858055 -0.04614201486798257 -0.062322946175637405 -0.08437771435661993 0.06935614379840481 -0.17812852311161217 -0.07165801828514949 -0.03618536243725925 0.027710843373493978 -0.23995612230906346 0.026276276276276277 0.0012492192379762658 -0.02125398512221042
0.07286859363614283 0.03725445924587943 0.2752796665935512 -3.18788855629749 0.09109192002839228 -0.03106703309833911 0.12328621532575194 -0.06322052807735218 0.01912777352716144 0.05347593582887701 -0.11424219345011424 0.07127672877328997 -0.2537526804860614 -0.5235536673747344 -0.1967621419676214 -0.07354805985290387 -0.49028268551236753 -0.18965965185762534 -0.16814389989572473 -0.18547581680696248 -0.030577143585170073 0.026204142750187176 -0.18836432999523128 -0.2847324496809033 -0.09375771033802122 -0.118546845124283 -0.20968694624926165 -0.2928388746803069 -0.1507537688442211 -0.22349743279975837 0.0012840267077555195 -0.06559766763848396 -0.12283840190816935 -0.32290114257327374 -0.06281710558105823 -0.36218854353968666 -0.45669524091043456 -0.4885396201702686 -0.27985328080423855 -0.09832539560608389 -0.020120724346076462 0.052374301675977654 -0.10975046210720887 -0.239127741295998 -0.07088790099723656 -0.18744604760143052 -0.24866535543692053 -0.29581993569131837 -0.17169069462647446 -0.2550397067806964 0.0311332503113325 0.020216434772267807 -0.11268875366238447 -0.2234169653524492 -0.010419078490391297 -0.20353114271701817 -0.563205728449463 -0.1733738294102759 -0.11376858435681966 -0.13247925462221577 0.015465143944801335 -0.058160237388724036 -0.18865727262140447 -0.25307214989658106 -0.05851444948650586 -0.2268782544011902 -0.3338349979477357 -0.21806467600049556 -0.10183555443801859 -0.11674259681093398 0.005088411143620403 0.09916555810859838 -0.18175422138836778 -0.15595757953836556 -0.0854289495848875 -0.07455389880224884 -0.07778858174746492 -0.13268243835273502 -0.05255062804409126 -0.0651558073654391 -0.08934110931877404 0.06126459368859092 -0.16798196166854568 -0.07165801828514949 -0.02684720438893428 0.03614457831325301 -0.21253256547374194 0.025025025025025027 0.022485946283572766 -0.02391073326248672
0.06072382803011902 0.04741476631293746 0.2676025444176354 -3.18903983421598 0.08517686028628889 -0.03345680487513443 0.12328621532575194 -0.06941861906532787 0.024228513134404488 0.05347593582887701 -0.12312769738512315 0.0875328248093035 -0.27162258756254465 -0.5173060102461576 -0.199252801992528 -0.063403499873193 -0.5270906949352179 -0.19225772928033255 -0.147288842544317 -0.1740619203880725 -0.017836667091349213 0.037434489643124534 -0.18121125417262757 -0.28718703976435933 -0.08265482358746608 -0.12874442319949012 -0.14323685764914354 -0.34398976982097185 -0.1507537688442211 -0.23859861069163396 0.005136106831022084 -0.0522351797862002 -0.12283840190816937 -0.3117237953303527 -0.05677699927518724 -0.35062933470331364 -0.4300916346438073 -0.5330713817943681 -0.3124575465290042 -0.10754340144415424 -0.015090543259557342 0.06750465549348231 -0.11899260628465802 -0.2279767067277909 -0.08410428931875527 -0.18867924528301888 -0.3034560269738691 -0.3279742765273312 -0.17562254259501967 -0.2718387293830177 0.0323785803237858 0.03210845522654299 -0.11606941627225602 -0.21863799283154117 -0.003473026163463765 -0.20353114271701817 -0.488846047920683 -0.17970134143254873 -0.09179056237879765 -0.13102343863735627 0.019034023316678566 -0.04629080118694363 -0.20379643647373938 -0.2506387638398832 -0.06448531167900645 -0.21696007934540043 -0.2804761253249418 -0.20939164911411226 -0.09680663816947448 -0.10108200455580865 0.0012721027859051008 0.106421574555569 -0.18644465290806758 -0.1634435433562071 -0.09385152207917216 -0.08922023955023221 -0.05834143631059868 -0.14895481286769305 -0.035888233786208666 -0.07932011331444759 -0.08561856309715844 0.07282395098832505 -0.17361894024802707 -0.06053867062021251 -0.02101085560873118 0.05060240963855421 -0.21390374331550804 0.03753753753753754 0.042473454091193005 -0.005313496280552607
0.055865921787709494 0.05305938135019193 0.254441763544637 -3.1982500575638957 0.07926180054418548 -0.034651690763532084 0.11372090551599531 -0.06569976447254246 0.0306044376434583 0.05206867435969603 -0.12058898197512061 0.09878704514192822 -0.2763878961162735 -0.522304135949019 -0.19925280199252804 -0.05706314988587371 -0.5712603062426383 -0.18706157443491817 -0.15119916579770595 -0.1626480239691825 -0.014014524143202959 0.05490391814324931 -0.17882689556509296 -0.28718703976435933 -0.08142116950407105 -0.1325685149776928 -0.16981689308919076 -0.4296675191815857 -0.19439301772017983 -0.2476593174267593 0.006420133538777606 -0.04616132167152575 -0.12641621943947529 -0.3278688524590164 -0.05919304179753564 -0.354482404315438 -0.4419154596511972 -0.6378519973804846 -0.36408096725988315 -0.11676140728222462 -0.01006036217303823 0.06750465549348231 -0.11668207024029573 -0.24656176434146948 -0.08650726901357683 -0.20224441978049082 -0.3217195841528519 -0.37041800643086814 -0.18872870249017037 -0.2855833842394624 0.0348692403486924 0.049946485907955765 -0.11606941627225602 -0.20669056152927118 0.00694605232692753 -0.17900931829328098 -0.4544202698980997 -0.15692229815236652 -0.07627666451195862 -0.09899548697044694 0.022602902688555797 -0.021364985163204748 -0.21427739606381743 -0.22873828932960216 -0.07642703606400765 -0.17852715100421523 -0.3146805308523738 -0.17222153388675504 -0.11566507417651495 -0.06548974943052392 -0.001272102785905102 0.12456161567299553 -0.1958255159474672 -0.16219588271990018 -0.09866442064733486 -0.08066487411390857 -0.08890123628281707 -0.13768932281887597 -0.03460651115098693 -0.07223796033994334 -0.0918228067998511 0.08785111547797943 -0.1882750845546787 -0.06300963676797629 -0.02684720438893428 0.06746987951807229 -0.2810914575620458 0.06131131131131131 0.04372267332916927 0.017268862911795958
0.049793538984697586 0.05983291939489728 0.24895810484755435 -3.1959475017269168 0.06506565716313734 -0.031067033098339115 0.12328621532575194 -0.0669393826701376 0.035705177250701346 0.0591049817056009 -0.12566641279512564 0.09003376266099787 -0.27757922325470574 -0.5273022616518805 -0.19053549190535493 -0.05833121988333756 -0.5182567726737337 -0.19095869056897893 -0.14077163712200208 -0.15266086460265374 -0.019110714740731304 0.05490391814324932 -0.18836432999523126 -0.2884143348060874 -0.09499136442141624 -0.13766730401529637 -0.3071470761961016 -0.7647058823529411 -0.22613065326633164 -0.23708849290244638 -6.938893903907229e-19 -0.04980563654033042 -0.13595706618962436 -0.32538499751614514 -0.0712732544092776 -0.3737477523760596 -0.5305941472066215 -0.9875573018991487 -0.3966852329846488 -0.11829774158856968 -0.011317907444668008 0.05819366852886406 -0.11899260628465805 -0.2453227605005576 -0.0901117385558092 -0.21457639659637437 -0.3568418094970497 -0.3768488745980707 -0.19790301441677588 -0.2779474648747709 0.039850560398505604 0.05113568795338328 -0.11268875366238448 -0.21027479091995221 0.012734429266033803 -0.18268759195684156 -0.4378958964472597 -0.15945330296127563 -0.056884292178409825 -0.09753967098558743 0.010706638115631693 -0.024925816023738875 -0.21078374286712478 -0.2348217544713469 -0.07881538094100789 -0.18100669476816264 -0.29278971131481735 -0.17222153388675507 -0.11189338697510684 -0.06264236902050115 -0.010176822287240811 0.11851493530052001 -0.2040337711069419 -0.1634435433562071 -0.10949344242570087 -0.08433145930090444 -0.06667592721211278 -0.1564651395669045 -0.03460651115098693 -0.06657223796033995 -0.09554535302146669 0.09131892266789968 -0.19052987598647125 -0.05806770447244873 -0.0221781253647718 0.07951807228915662 -0.2207596325243384 0.06881881881881882 0.061211742660836975 0.030552603613177465
0.032790867136264265 0.05193045834274103 0.25005483658697086 -3.1994013354823854 0.04968650183366852 -0.035846576651929744 0.07652247847805294 -0.08305441923887442 0.0204029584289722 0.061919504643962855 -0.13962934755013964 0.08878329373515068 -0.2835358589468668 -0.5298013245033113 -0.20298879202988793 -0.05325893989348213 -0.5212014134275618 -0.17017407118732136 -0.13946819603753913 -0.1269795976601512 -0.03185119123455217 0.042425754928874466 -0.20147830233667144 -0.2847324496809033 -0.12213175425610659 -0.15806246016571063 -0.6320141760189013 -0.9565217391304348 -0.2605130917746628 -0.2219873150105708 0.0038520801232665644 -0.04494655004859087 -0.13595706618962436 -0.3303527074018877 -0.08335346702101958 -0.4084253788851785 -0.8690511380431569 -1.14603798297315 -0.4197799212063578 -0.11676140728222462 -0.033953722334004025 0.05121042830540037 -0.1397874306839187 -0.25275678354602904 -0.12255196443590051 -0.2293747687754347 -0.4593987075021073 -0.36012861736334406 -0.21625163826998692 -0.26878436163714114 0.0311332503113325 0.047568081817100726 -0.13071895424836602 -0.20071684587813624 -0.0034730261634637652 -0.18023540951446787 -0.41724042963370966 -0.15692229815236652 -0.06722689075630253 -0.09171640704614935 0.013085891030216512 -0.027299703264094956 -0.2259229067194597 -0.23603844749969585 -0.09195127776450919 -0.17976692288618895 -0.31878505951566566 -0.16974352620493122 -0.1282373648478753 -0.06121867881548976 -0.01780943900267142 0.0991655581085984 -0.20637898686679174 -0.18091079226450404 -0.12393213813018891 -0.08922023955023221 -0.0680650090290318 -0.16147202403304545 -0.052550628044091253 -0.04674220963172804 -0.09182280679985108 0.08785111547797943 -0.18489289740698986 -0.04571287373362985 -0.018676316096649936 0.0927710843373494 -0.18510900863842036 0.07507507507507508 0.06371018113678951 0.04117959617428267
0.029147437454457126 0.039512305260781214 0.2522483000658039 -3.223578171770666 0.046137465988406484 -0.05257497908949695 0.09884153470081838 -0.11528449237634808 0.020402958428972204 0.0647340275823248 -0.13709063214013711 0.09378516943853946 -0.28234453180843455 -0.518555541671873 -0.20423412204234123 -0.04438244991123509 -0.5550647820965843 -0.15718368407378538 -0.15771637122002086 -0.09701811956056497 -0.02420690533825965 0.02745195907162466 -0.19909394372913686 -0.28718703976435933 -0.14063656550703185 -0.17973231357552583 -1.1916715888954519 -1.139386189258312 -0.282993916953187 -0.19027484143763215 0.015408320493066254 -0.047376093294460644 -0.13237924865831846 -0.3464977645305515 -0.09301763711041314 -0.46879013614179293 -1.377475613360922 -1.3280943025540275 -0.4387990762124711 -0.1398064218774005 -0.030181086519114685 0.050046554934823094 -0.15249537892791126 -0.25151777970511713 -0.14297729184188393 -0.24540633863608335 -0.5141893790390559 -0.36012861736334406 -0.24377457404980346 -0.27183872938301773 0.036114570361145695 0.04875728386252824 -0.13409961685823754 -0.1947431302270012 -0.01157675387821255 -0.17042667974497303 -0.5039933902506196 -0.1543912933434574 -0.08274078862314156 -0.07424661522783518 0.020223649773970974 -0.032047477744807124 -0.23058111098171657 -0.24820537778318533 -0.10031048483401003 -0.18844532606000497 -0.3078396497468874 -0.1808945607731384 -0.14709580085491575 -0.06264236902050115 -0.027986261289912228 0.08465352521465716 -0.22045028142589115 -0.1946350592638802 -0.1383708338346769 -0.09777560498655585 -0.05695235449367968 -0.18149956189760919 -0.07433991284286082 -0.03541076487252125 -0.09926789924308226 0.08900705120795283 -0.1826381059751973 -0.030887076847047196 -0.02684720438893428 0.10602409638554215 -0.2385849444672974 0.07882882882882883 0.04871955028107433 0.05712008501594048
0.029147437454457126 0.02370738315646873 0.24237771441105505 -3.2477550080589452 0.02957529871051698 -0.06571872386187119 0.06695716866829633 -0.1276806743522995 0.008926294312675337 0.0703630734590487 -0.14851485148514854 0.10003751406777542 -0.29306647605432445 -0.5098088216918656 -0.22789539227895395 -0.043114379913771234 -0.625736160188457 -0.1428942582488958 -0.18117831074035456 -0.06848337851333999 0.0012740476493820873 0.013725979535812328 -0.17525035765379113 -0.3092783505154639 -0.151739452257587 -0.248565965583174 -1.779385705847608 -1.2135549872122762 -0.2922507273208146 -0.16309272123225613 0.012840267077555211 -0.0619533527696793 -0.11926058437686346 -0.3700943864878291 -0.11838608359507127 -0.5574107372206525 -1.866686373041679 -1.3765553372626065 -0.449667164787393 -0.13212475034567522 -0.04024144869215292 0.03840782122905028 -0.1652033271719039 -0.25523479122785286 -0.1778204974167968 -0.2676038969046738 -0.5802191626861478 -0.3446945337620579 -0.2634338138925295 -0.2489309712889432 0.0236612702366127 0.04875728386252824 -0.13635339193148524 -0.20071684587813618 -0.020838156980782587 -0.17533104462972043 -0.5218947948223629 -0.15186028853454828 -0.07369101486748546 -0.0757024312126947 0.013085891030216512 -0.04154302670623146 -0.2410620705717946 -0.25915561503832585 -0.11464055409601145 -0.18720555417803125 -0.3283622930633466 -0.17098253004584313 -0.16595423686195626 -0.039863325740318895 -0.044523597506678544 0.07135082839521104 -0.23569418386491559 -0.20835932626325637 -0.16123210203344965 -0.1087753605475434 -0.10973746353660233 -0.1840030041306797 -0.08074852601896951 -0.0226628895184136 -0.10050874798362078 0.09363079412784649 -0.19165727170236754 -0.034593526068692856 -0.03968717170538111 0.10481927710843372 -0.2797202797202797 0.07882882882882883 0.037476577139287946 0.05446333687566418
0.013359242166626184 0.01806276811921427 0.2182496161438912 -3.2546626755698824 0.005915059742103394 -0.05735452264308759 0.017004995217345102 -0.13139952894508491 0.006375924509053815 0.06191950464396284 -0.13582127443513586 0.09003376266099786 -0.28234453180843455 -0.514806947394727 -0.22415940224159403 -0.07227998985544001 -0.5638987043580683 -0.15848272278513897 -0.16032325338894685 -0.09273790840348124 0.019110714740731304 0.002495632642874972 -0.15617548879351453 -0.3276877761413844 -0.16777695534172218 -0.43722115997450606 -2.092439456585942 -1.2391304347826086 -0.26712509918011107 -0.1570522500755059 0.002568053415511043 -0.07410106899902819 -0.1276088252832439 -0.3999006458022852 -0.15945880647499394 -0.7924479835602363 -2.2406148389003846 -1.4119187950229208 -0.4455916315717974 -0.1567060992471962 -0.04652917505030181 0.026769087523277474 -0.1732902033271719 -0.2701028373187957 -0.20905923344947736 -0.32926378098409176 -0.5633604945209328 -0.3588424437299035 -0.2608125819134993 -0.2550397067806964 0.03237858032378581 0.042811273635390654 -0.12621140410187062 -0.2054958183990442 -0.024311183144246355 -0.18146150073565476 -0.44202698980996963 -0.1531257909390028 -0.06464124111182935 -0.0757024312126947 0.0035688793718772318 -0.04866468842729971 -0.24921392803074416 -0.27740601046356006 -0.1349414855505135 -0.1834862385321101 -0.3694075796962649 -0.16478751084128362 -0.16218254966054818 -0.02989749430523918 -0.04197939193486834 0.05079211512879429 -0.23452157598499063 -0.22333125389893946 -0.15521597882324628 -0.11733072598386704 -0.10695929990276427 -0.21154086869445488 -0.057677518584978216 -0.05240793201133145 -0.09430450428092815 0.07860362963819212 -0.17587373167981962 -0.04941932295527551 -0.03618536243725925 0.10481927710843372 -0.19470725353078294 0.09259259259259259 0.05246720799500313 0.07571732199787459
0.012144765606023802 -0.00790246105215624 0.22263654310155734 -3.2535113976513927 0.008281083638944748 -0.044210777870713355 0.011690934211924752 -0.14379571092103632 0.017852588625350673 0.07317759639741064 -0.12820512820512822 0.07127672877328997 -0.2609006433166547 -0.504810695989004 -0.21668742216687426 -0.07481612985036774 -0.5800942285041225 -0.1545856066510782 -0.17075078206465066 -0.07276358967042373 -0.008918333545674607 -0.024956326428749686 -0.19432522651406772 -0.3583701521845851 -0.2368615840118431 -0.8642447418738051 -2.3360897814530417 -1.2531969309462916 -0.29621793176408356 -0.14950166112956814 -0.00898818695428865 -0.09475218658892129 -0.13595706618962436 -0.4085941381023348 -0.22227591205605218 -1.2098638582070382 -2.3928465858705295 -1.3975114603798295 -0.44830865371552775 -0.12290674450760486 -0.04527162977867203 0.009310986964618247 -0.18022181146025879 -0.2775368603642671 -0.24630541871921183 -0.37859168824762607 -0.6125316100028099 -0.3511254019292604 -0.30275229357798167 -0.22602321319486865 0.0012453300124532995 0.02497324295397788 -0.16114491773720982 -0.21983273596176817 -0.06598749710581153 -0.1826875919568416 -0.5576976039658497 -0.14300177170336625 -0.11893988364576599 -0.045130295530644925 -0.004758505829169641 -0.07121661721068248 -0.2457202748340515 -0.29200632680374744 -0.1421065201815142 -0.18472601041408382 -0.4118210425502805 -0.15487548011398836 -0.17726929846618056 -0.001423690205011388 -0.04325149472077344 0.019349377191921632 -0.2321763602251407 -0.23206487835308795 -0.1516063048971243 -0.09410901979956002 -0.13196277260730657 -0.22781324320941296 -0.0704947449371956 -0.05382436260623229 -0.11043553790792901 0.06126459368859092 -0.19165727170236754 -0.05312577217692118 -0.04785805999766546 0.11204819277108433 -0.22213081036610446 0.1026026026026026 0.0287320424734541 0.10361317747077577
0.0024289531212047604 0.005644615037254464 0.21166922570739194 -3.2477550080589452 -0.008281083638944753 -0.031067033098339115 -0.06483154426612817 -0.13139952894508491 -0.0012751849018107636 0.07177033492822966 -0.12185833968012186 0.07752907340252593 -0.24541339051703598 -0.504810695989004 -0.20921544209215437 -0.06847577986304844 -0.5977620730270907 -0.12730579371265266 -0.1603232533889468 -0.05421600798972749 -0.03567333418269843 -0.02495632642874969 -0.22770624701955175 -0.36082474226804123 -0.30347890451517395 -1.432759719566603 -2.5177200236266977 -1.245524296675192 -0.3054747421317112 -0.14497130776200545 -0.023112480739599383 -0.0935374149659864 -0.14669051878354206 -0.41604570293094884 -0.2935491664653298 -1.7865399434883122 -2.571681939107301 -1.3765553372626063 -0.45102567585925823 -0.11215240436318945 -0.06539235412474849 0.011638733705772817 -0.19986136783733827 -0.2862098872506505 -0.2859545836837679 -0.4094216302873351 -0.6279853891542568 -0.3292604501607717 -0.30668414154652685 -0.20922419059254738 -0.027397260273972608 0.027351647044832915 -0.19044399368942982 -0.2210274790919952 -0.09145635563787914 -0.18391368317802845 -0.5453043238777197 -0.1366742596810934 -0.13316095669036848 -0.04221866356092589 -0.01427551748750892 -0.06409495548961426 -0.2503784790963084 -0.28227278257695587 -0.1659899689515166 -0.17604760724026777 -0.5116979066903817 -0.14991946475034074 -0.22127231581594167 0.001423690205011391 -0.04961200865029895 0.03990809045833837 -0.25211069418386495 -0.23081721771678104 -0.1371676091926363 -0.0659985333659252 -0.2097513543547715 -0.20778570534484916 -0.0704947449371956 -0.039660056657223795 -0.12160317657277578 0.057796786498670684 -0.18714768883878238 -0.049419322955275506 -0.04435625072954359 0.10722891566265058 -0.24681201151789386 0.10135135135135134 0.02748282323547783 0.10361317747077577
-0.006072382803011903 0.010160307067058028 0.2017986400526431 -3.252360119732903 -0.0047320477936827155 -0.045405663759111 -0.12541183972792008 -0.1252014379571092 -0.012751849018107619 0.08302842668167745 -0.11678090886011679 0.08128048018006752 -0.24303073624017152 -0.5010621017118579 -0.2166874221668742 -0.06847577986304842 -0.6036513545347468 -0.11301636788776306 -0.1525026068821689 -0.04280211157083749 -0.049687858325901384 -0.024956326428749686 -0.25870290891750125 -0.37800687285223367 -0.4478164322723909 -1.8903760356915231 -2.6018901358535143 -1.2007672634271098 -0.3094419465749802 -0.11778918755662944 -0.03980482794042116 -0.10568513119533529 -0.1753130590339893 -0.4520615996025832 -0.47233631311911084 -2.2489082969432315 -2.6647945610404964 -1.355599214145383 -0.44559163157179726 -0.11368873866953448 -0.055331991951710256 0.009310986964618245 -0.197550831792976 -0.30107793334159333 -0.3219992791060916 -0.4168208163768652 -0.6153413880303458 -0.3151125401929261 -0.29750982961992134 -0.2000610873549175 -0.033623910336239106 0.03210845522654299 -0.20509353166553979 -0.21146953405017918 -0.11460986339430423 -0.1863658656204022 -0.5935004131093363 -0.1164262212098203 -0.1577246283128636 -0.029116319697190272 -0.01427551748750892 -0.0629080118694362 -0.25387213229300104 -0.2883562477187006 -0.16957248626701693 -0.17480783535829408 -0.5240114926802573 -0.14991946475034074 -0.22881569021875783 0.0071184510250569474 -0.05215621422210916 0.0556294594267747 -0.25797373358348963 -0.21459762944479102 -0.11911923956202623 -0.07699828892691274 -0.21252951798860953 -0.19526849417949682 -0.07562163547808255 -0.019830028328611894 -0.11788063035116018 0.07860362963819213 -0.19391206313416007 -0.037064492216456635 -0.05369440877786856 0.11084337349397591 -0.2948032359797066 0.1201201201201201 0.0024984384759525287 0.10892667375132836
-0.015788195287830948 0.001128923007450891 0.19192805439789426 -3.2638728989177985 -0.0023660238968413586 -0.0740829250806548 -0.11159528111382717 -0.12024296516672864 -0.010201479214486095 0.08865747255840134 -0.11170347804011171 0.07752907340252595 -0.2370741005480105 -0.5098088216918655 -0.2328767123287671 -0.08115647983768702 -0.5992343934040048 -0.11171732917640945 -0.17335766423357662 -0.04850905978028249 -0.05988023952095808 -0.051160469178936865 -0.2813543156890797 -0.4356897398134512 -0.7932395756229953 -2.1427660930529 -2.6831069108092143 -1.1687979539641944 -0.3120867495371594 -0.10117789187556629 -0.04622496147919876 -0.1251214771622935 -0.20274299344066787 -0.5153999006458022 -0.8552790529113313 -2.48779861289494 -2.700266036062666 -1.3280943025540275 -0.4292894987094146 -0.12444307881394992 -0.06539235412474849 -0.0023277467411545634 -0.19986136783733827 -0.32833601784165534 -0.3832752613240419 -0.41805401405845355 -0.625175611126721 -0.2983922829581994 -0.30537352555701175 -0.20616982284667076 -0.028642590286425906 0.007135212272565107 -0.1983322064457967 -0.24611708482676226 -0.12271359110905303 -0.2035311427170181 -0.629303222252823 -0.11389521640091116 -0.16677440206851973 -0.013102343863735624 -0.0237925291458482 -0.0712166172106825 -0.25270758122743686 -0.30782333617228375 -0.1671841413900167 -0.1958839573518473 -0.52264331645916 -0.159831495477636 -0.2313301483530299 -0.009965831435079727 -0.05978883093753976 0.039908090458338374 -0.2614915572232645 -0.21584529008109793 -0.0974611960052942 -0.0965534099242239 -0.23892207251007083 -0.17524095631493303 -0.09228402973596514 -2.7755575615628915e-18 -0.11167638664846755 0.07397988671829846 -0.18489289740698983 -0.060538670620212495 -0.054861678533909185 0.0819277108433735 -0.2961744138214727 0.10135135135135136 -0.021236727045596503 0.09431455897980871
-0.02307505465144523 -0.002257846014901781 0.1930247861373108 -3.2535113976513927 0.005915059742103395 -0.08961644162982435 -0.1349771495376767 -0.13511838353787034 -0.01785258862535067 0.08302842668167744 -0.12058898197512061 0.06252344629235965 -0.2442220633786038 -0.5173060102461576 -0.2627646326276463 -0.10651787978696423 -0.5904004711425206 -0.11561444531047024 -0.16553701772679874 -0.048509059780282485 -0.07007262071601478 -0.08360369353631145 -0.2932761087267525 -0.5105547373588611 -1.3335800641500124 -2.2243467176545573 -2.6461901949202593 -1.0869565217391304 -0.2631578947368421 -0.09513742071881606 -0.055213148433487416 -0.15063168124392617 -0.221824686940966 -0.6073025335320417 -1.3614399613433197 -2.5725661443616747 -2.7091339048182084 -1.2364112639161755 -0.37902458905040076 -0.11983407589491472 -0.07671026156941649 -0.023277467411545624 -0.20563770794824401 -0.3555941023417173 -0.43373783491529505 -0.4328523862375139 -0.6209609440854175 -0.267524115755627 -0.2830930537352556 -0.18631643249847282 -0.03486924034869241 -0.021405636817695327 -0.19495154383592517 -0.2628434886499403 -0.12965964343598055 -0.22682687591956846 -0.612778848801983 -0.12148823082763857 -0.16160310277957338 -0.018925607803173677 -0.038068046633357125 -0.09851632047477746 -0.24688482589961575 -0.3224236525124711 -0.16360162407451634 -0.21819985122737418 -0.5158024353536736 -0.16850452236401933 -0.22127231581594167 -0.018507972665148066 -0.06869355043887546 0.021768049340911838 -0.2544559099437148 -0.1946350592638802 -0.08903862351100951 -0.11121975067220728 -0.25975829976385606 -0.1852547252472149 -0.10253781081773905 0.0028328611898017 -0.12036232783223724 0.05664085076869726 -0.18489289740698983 -0.05312577217692118 -0.06653437609431541 0.07710843373493975 -0.21801727684080624 0.10385385385385386 -0.021236727045596503 0.10228480340063764
-0.02914743745445713 -0.01128923007450892 0.1864443957008116 -3.23624222887405 -0.01301313143262747 -0.0824471262994384 -0.19130619619513234 -0.12396181975951408 -0.0306044376434583 0.07599211933577259 -0.12185833968012186 0.053770163811429295 -0.2537526804860615 -0.5447957016118955 -0.27272727272727276 -0.1141262997717474 -0.5889281507656066 -0.10911925175370227 -0.1681438998957247 -0.05421600798972749 -0.07007262071601478 -0.09483404042924883 -0.340963280877444 -0.9192439862542955 -1.4742166296570443 -2.237093690248566 -2.5059066745422323 -0.7468030690537086 -0.2367098651150489 -0.11023859861069166 -0.07190549563430919 -0.16277939747327502 -0.2933810375670841 -1.0022354694485842 -1.4798260449383907 -2.5687130747495504 -2.6071534141294705 -0.882776686313032 -0.3545713897568265 -0.13058841603933016 -0.09054325955734406 -0.033752327746741154 -0.2379852125693161 -0.4187832982282245 -0.43974528415234904 -0.42175360710321874 -0.5745996066310762 -0.24694533762057874 -0.26867627785058984 -0.1863164324984728 -0.04358655043586551 -0.028540849090260435 -0.20734730673878748 -0.27359617682198334 -0.14470942347765686 -0.23663560568906333 -0.5921233819884331 -0.13161225006327512 -0.16677440206851973 -0.03930703159120687 -0.05115393766357364 -0.09258160237388724 -0.269011296145336 -0.32364034554082005 -0.1779316933365178 -0.20952144805355816 -0.5582158982076892 -0.16974352620493124 -0.22630123208448577 -0.03274487471526196 -0.07123775601068566 0.006046680372475514 -0.2579737335834897 -0.17592014971927633 -0.10347731921549755 -0.118552921046199 -0.30698708153910265 -0.18149956189760919 -0.107664701358626 -0.01558073654390935 -0.1265665715349299 0.053173043578777016 -0.18376550169109357 -0.06300963676797629 -0.06886891560639666 0.07228915662650601 -0.25366790072672424 0.1026026026026026 -0.03497813866333541 0.0890010626992561
-0.014573718727228563 -0.023707383156468732 0.19083132265847774 -3.2443011743034775 -0.013013131432627468 -0.08483689807623372 -0.1753640131788713 -0.1066071649931821 -0.03187962254526906 0.061919504643962855 -0.11424219345011426 0.040015005627110176 -0.278770550393138 -0.5735349244033487 -0.28019925280199254 -0.11793050976413899 -0.616902237926973 -0.11431540659911665 -0.1681438998957247 -0.07419032672278499 -0.07899095426168938 -0.09732967307212378 -0.4613733905579399 -1.4653902798232696 -1.5173945225758698 -2.2128744423199493 -2.247489663319551 -0.5332480818414324 -0.1957154192012695 -0.11929930534581698 -0.08859784283513097 -0.1980077745383868 -0.45319022063208114 -1.4952806756085444 -1.5390190867359266 -2.5288980220909325 -2.2997339639373333 -0.685003274394237 -0.3477788343975003 -0.11983407589491475 -0.07545271629778671 -0.05470204841713222 -0.25993530499075784 -0.4534754057737579 -0.4289318755256518 -0.4094216302873351 -0.47485248665355434 -0.2405144694533762 -0.23328964613368286 -0.17868051313378128 -0.03735990037359901 -0.0392436674991081 -0.20509353166553979 -0.2867383512544804 -0.15049780041676314 -0.23663560568906328 -0.6609749380335996 -0.12528473804100226 -0.15384615384615385 -0.03639539962148784 -0.05591244349274328 -0.11275964391691395 -0.28415045999767086 -0.3455408200511011 -0.17673752089801767 -0.20828167617158444 -0.547270488438911 -0.1610704993185479 -0.2061855670103093 -0.027050113895216398 -0.05215621422210914 3.469446951953614e-18 -0.24624765478424013 -0.20461634435433562 -0.08783539886896885 -0.12344170129552676 -0.30559799972218366 -0.16898235073225681 -0.09741092027685208 -0.025495750708215296 -0.12160317657277578 0.047393364928909956 -0.18827508455467867 -0.08154188287620459 -0.07003618536243726 0.05542168674698794 -0.3126285479226655 0.09009009009009009 -0.03247970018738288 0.06774707757704568
-0.013359242166626184 -0.03499661323097765 0.18973459091906117 -3.2742344001842043 -0.01183011948420679 -0.08603178396463138 -0.18280369858645978 -0.09173174662204042 -0.017852588625350677 0.0591049817056009 -0.12058898197512061 0.023758909591096666 -0.30140576602334995 -0.5947769586405097 -0.28518057285180576 -0.11919857976160286 -0.5830388692579505 -0.10782021304234868 -0.14337851929092804 -0.08275074903695248 -0.08281309720983565 -0.10980783628649862 -0.7260371959942775 -1.9317623956799213 -1.5235627929928448 -2.195028680688337 -1.6804489072652093 -0.3286445012787724 -0.1613329806929384 -0.1253397765025672 -0.11299435028248588 -0.23809523809523814 -0.7334525939177101 -1.8889716840536512 -1.5619714906982363 -2.4929360390444386 -1.7913094886195684 -0.49115913555992136 -0.32468414617579133 -0.10907973575049931 -0.08677062374245473 -0.0861266294227188 -0.30268022181146026 -0.4807334902738199 -0.4277303856782411 -0.3909236650635096 -0.45096937341949983 -0.22250803858520904 -0.20314547837483618 -0.16188149053145995 -0.031133250311332506 -0.049946485907955765 -0.20058598151904442 -0.2998805256869773 -0.14007872192637186 -0.23418342324668956 -0.5811071330212063 -0.1164262212098203 -0.1279896574014221 -0.0320279516669093 -0.0713775874375446 -0.13293768545994064 -0.2923023174566205 -0.3674412945613822 -0.17912586577501793 -0.20704190428961072 -0.5363250786701328 -0.15239747243216453 -0.18229821473472468 -0.021355353075170842 -0.04961200865029895 -0.0060466803724755075 -0.22045028142589115 -0.2333125389893949 -0.06978702923835879 -0.12833048154485455 -0.2930962633699125 -0.1564651395669045 -0.06921302230197385 -0.03541076487252125 -0.11043553790792904 0.04161368627904289 -0.19503945885005633 -0.10007412898443291 -0.061865297070152925 0.038554216867469876 -0.27423556835321544 0.07757757757757758 -0.013741411617738914 0.04649309245483527
-0.01943162496963809 -0.030480921201174082 0.19521824961614387 -3.2915035689615477 -0.00946409558736543 -0.08005735452264308 -0.1487937081517696 -0.07685632825089873 -0.006375924509053815 0.05488319729805798 -0.12058898197512061 0.018757033887707896 -0.3109363831308077 -0.609771335749094 -0.27397260273972607 -0.10398173979203654 -0.5270906949352179 -0.08313847752663031 -0.1186131386861314 -0.07561706377514624 -0.11084214549624156 -0.13850761167956077 -1.163567000476872 -2.1661757486499758 -1.533432025660005 -2.1376673040152965 -1.1178381571175426 -0.24936061381074173 -0.15339857180640043 -0.12836001208094233 -0.12840267077555212 -0.26967930029154524 -1.1663685152057244 -2.1013412816691504 -1.5631795119594103 -2.4248651425635757 -1.278451078924032 -0.4256712508185986 -0.3124575465290042 -0.1213704102012598 -0.09557344064386317 -0.10474860335195531 -0.35235674676524953 -0.4968405402056746 -0.42052144659377627 -0.3711925021580959 -0.36105647653835343 -0.21736334405144694 -0.1926605504587156 -0.17562614538790466 -0.026151930261519303 -0.06064930431680342 -0.19495154383592517 -0.30107526881720437 -0.13081731882380182 -0.22682687591956846 -0.5466813549986229 -0.1164262212098203 -0.12411118293471235 -0.03348376765176882 -0.08327385201046872 -0.13293768545994064 -0.30860603237451967 -0.37352475970312693 -0.18270838309051826 -0.20580213240763703 -0.5212751402380628 -0.14991946475034074 -0.1810409856675886 -0.03843963553530753 -0.05215621422210914 0.00362800822348531 -0.20872420262664165 -0.25701809107922646 -0.06136445674407411 -0.12710828648252262 -0.2792054452007223 -0.14394792840155213 -0.07562163547808255 -0.0453257790368272 -0.10671299168631343 0.03583400762917581 -0.18489289740698983 -0.10378057820607858 -0.047858059997665466 0.033734939759036145 -0.2577814342520225 0.08508508508508508 -0.014990630855715179 0.04782146652497342
-0.03036191401505951 -0.039512305260781214 0.18973459091906117 -3.319134239005296 -0.013013131432627468 -0.09798064284860794 -0.13816558614092886 -0.06941861906532788 -0.012751849018107626 0.06191950464396284 -0.132013201320132 0.007502813555083162 -0.3395282344531808 -0.619767587154817 -0.2702366127023662 -0.0862287598275425 -0.5300353356890458 -0.06495193556767992 -0.11470281543274244 -0.06277643030389499 -0.1337750031851191 -0.20588969303718496 -1.602288984263233 -2.2533136966126657 -1.5334320256600051 -1.9719566602931806 -0.7693443591258122 -0.2391304347826087 -0.14943136736313145 -0.15252189670794322 -0.13739085772984078 -0.3498542274052478 -1.6004770423375074 -2.1857923497267757 -1.5498912780864944 -2.206524531209864 -0.9148684599467927 -0.37982973149967253 -0.30430648009781286 -0.10447073283146413 -0.11066398390342051 -0.14082867783985104 -0.41589648798521256 -0.5067525709329699 -0.4181184668989547 -0.313232211123443 -0.3427929193593706 -0.19292604501607719 -0.1887287024901704 -0.16646304215027488 -0.033623910336239106 -0.066595314543941 -0.210727969348659 -0.32258064516129037 -0.12734429266033806 -0.23295733202550267 -0.5494354172404295 -0.12401923563654774 -0.12411118293471235 -0.046586111515504444 -0.09160123721151558 -0.14599406528189912 -0.3284034004891115 -0.3650079085046843 -0.18032003821351802 -0.197123729233821 -0.48022985360514436 -0.13257341097757405 -0.18229821473472466 -0.02135535307517085 -0.06487724208116016 0.0036280082234853087 -0.21693245778611633 -0.27947598253275113 -0.07099025388039948 -0.13077487166951846 -0.31393249062369777 -0.1151583427212417 -0.09356575237118689 -0.021246458923512745 -0.11043553790792901 0.04508149346896313 -0.1984216459977452 -0.09883864591055103 -0.0443562507295436 0.04337349397590362 -0.32085561497326204 0.08258258258258258 -0.019987507807620236 0.04649309245483527
-0.03279086713626427 -0.027094152178821405 0.1677999561307304 -3.329495740271702 -0.009464095587365435 -0.09917552873700561 -0.1169093421192475 -0.05578281889178133 -0.021678143330782957 0.06332676611314382 -0.13582127443513584 0.025009378516943858 -0.37050274005241834 -0.6085218043233788 -0.2789539227895393 -0.06086735987826527 -0.5359246171967018 -0.04416731618602234 -0.12643378519290926 -0.06991011556570123 -0.12613071728882658 -0.3256800598951834 -2.02551263710062 -2.261904761904762 -1.4914877868245746 -1.5564053537284894 -0.5803307737743649 -0.21227621483375964 -0.12562814070351758 -0.15403201449713078 -0.1566512583461736 -0.5102040816326531 -2.0441264162194392 -2.2329855936413314 -1.5051944914230488 -1.783971230413563 -0.7582027785988765 -0.3745907007203667 -0.28800434723543 -0.1213704102012598 -0.11317907444668007 -0.16294227188081936 -0.4320702402957486 -0.5079915747738818 -0.38687973086627414 -0.2528055247256135 -0.31329025007024447 -0.18392282958199363 -0.15334207077326345 -0.17409896151496637 -0.019925280199252805 -0.06421691045308597 -0.20734730673878748 -0.3118279569892473 -0.10882148645519799 -0.22314860225600786 -0.5163866703387496 -0.11389521640091119 -0.09696186166774402 -0.04804192750036396 -0.08565310492505354 -0.14362017804154303 -0.33189705368580413 -0.3589244433629395 -0.17196083114401722 -0.19836350111579476 -0.4227664523190587 -0.13752942634122164 -0.16469700779482016 -0.029897494305239185 -0.06360513929525506 0.02902406578788245 -0.2333489681050657 -0.2719900187149096 -0.06738057995427746 -0.13933023710584208 -0.2694818724822892 -0.09888596820628363 -0.08074852601896951 -0.018413597733711047 -0.10174959672415933 0.07166801525835165 -0.19616685456595265 -0.07907091672844083 -0.03735263219329987 0.05783132530120483 -0.32496914849856023 0.09509509509509509 -0.01499063085571518 0.039851222104144525
-0.026718484333252364 -0.044027997290584785 0.14586532134239963 -3.3375546857011287 -0.01183011948420679 -0.11231927350937984 -0.08183653948347328 -0.06817900086773274 -0.00892629431267534 0.05206867435969602 -0.1497842091901498 0.010003751406777544 -0.3979032642363593 -0.602274147194802 -0.29887920298879206 -0.06593963986812072 -0.5756772673733804 -0.06755001299038713 -0.1394681960375391 -0.09701811956056498 -0.12613071728882658 -0.5452957324681806 -2.2973295183595615 -2.285223367697595 -1.4421416234887738 -1.0006373486297002 -0.4016538688718253 -0.20971867007672634 -0.08198889182755884 -0.1676230745998188 -0.1733436055469954 -0.7495140913508261 -2.342277877161598 -2.249130650769995 -1.454457598453733 -1.195735936295916 -0.6207508128879693 -0.36280288146692863 -0.27713625866050806 -0.11676140728222462 -0.13204225352112675 -0.19436685288640596 -0.44362292051756 -0.50675257093297 -0.3688573831551123 -0.21211000123319765 -0.2922169148637258 -0.1762057877813505 -0.12450851900393185 -0.17715332926084298 -0.004981320049813201 -0.07610893090736115 -0.20171286905566826 -0.3154121863799283 -0.0902986802500579 -0.2231486022560078 -0.5067474524924263 -0.1252847380410023 -0.06593406593406594 -0.07133498325811619 -0.08684273138234595 -0.16023738872403562 -0.34237801327588213 -0.3662246015330332 -0.16360162407451637 -0.20208281676171586 -0.3721439321384595 -0.1449634493866931 -0.12949459391501134 -0.02847380410022779 -0.07250985879659078 0.019349377191921636 -0.2579737335834897 -0.27199001871490963 -0.09625797136325351 -0.1491077976044977 -0.23753299069315187 -0.10264113155588935 -0.07177646757241733 -0.018413597733711047 -0.09678620176200521 0.07166801525835163 -0.21195039458850057 -0.07907091672844083 -0.05369440877786856 0.051807228915662654 -0.33730974907445493 0.07757757757757758 -0.021236727045596503 0.009298618490967053
-0.015788195287830945 -0.06773538044705352 0.13818819916648387 -3.3479161869675345 -0.01183011948420679 -0.1087346158441869 -0.0435753002444468 -0.08925251022685013 0.006375924509053809 0.019701660568533633 -0.15232292460015234 -0.011254220332624732 -0.41339051703597807 -0.6185180557291017 -0.29265255292652553 -0.07354805985290389 -0.49764428739693767 -0.07664328396986231 -0.12773722627737227 -0.0998715936652875 -0.13377500318511912 -0.7399550786124283 -2.4308536003814973 -2.277859597447226 -1.3126079447322971 -0.5417463352453793 -0.39722386296515066 -0.210997442455243 -0.07669928590320021 -0.17517366354575656 -0.19388803287108372 -0.9778911564625851 -2.494931425163983 -2.2603079980129155 -1.288958685672868 -0.7526329309016182 -0.5424179722140112 -0.36935166994106094 -0.2540415704387991 -0.13058841603933016 -0.14461770623742454 -0.231610800744879 -0.4470887245841035 -0.5364886631148558 -0.3244022588009131 -0.23677395486496486 -0.24164091036808094 -0.1967845659163987 -0.10091743119266053 -0.2061698228466707 -0.002490660024906601 -0.09156855749791888 -0.1949515438359252 -0.31302270011947425 -0.07756425098402409 -0.21456596370769984 -0.5039933902506195 -0.1354087572766388 -0.053005817711700064 -0.08152569515213276 -0.08327385201046872 -0.18160237388724038 -0.33771980901362525 -0.3856916899866164 -0.15643658944351566 -0.22067939499132158 -0.3912983992338213 -0.1647875108412836 -0.11943676137792307 -0.05694760820045558 -0.06614934486706527 -0.00967468859596082 -0.26266416510318946 -0.28945726762320656 -0.10829021778366021 -0.140552432168174 -0.15557716349492984 -0.11766178495431216 -0.05255062804409126 -0.036827195467422094 -0.09678620176200521 0.055484915038723846 -0.21871476888387825 -0.08401284902396837 -0.05252713902182794 0.04578313253012048 -0.3167420814479638 0.05755755755755756 -0.019987507807620236 -0.005313496280552604
-0.010930289045421423 -0.0801535335290133 0.12393068655406887 -3.3398572415381076 -0.0165621672778895 -0.07886246863424543 -0.039324051440110516 -0.09421098301723069 0.007651109410864572 0.002814522938361946 -0.16755521706016757 -0.04376641240465175 -0.41934715272813916 -0.6322629014119706 -0.2814445828144458 -0.07862033984275933 -0.45641931684334514 -0.0792413613925695 -0.1173096976016684 -0.10129833071764874 -0.16180405147152505 -0.9258797105066134 -2.4856938483547926 -2.2447226313205695 -0.9795213422156429 -0.28935627788400253 -0.3765505020673361 -0.1867007672634271 -0.07537688442211055 -0.1676230745998188 -0.24653312788906007 -1.1054421768707483 -2.5784138342277876 -2.2267759562841527 -0.926552307320609 -0.5265861803236579 -0.5187703221992315 -0.36018336607727575 -0.2323053932889553 -0.1305884160393302 -0.15719315895372232 -0.25139664804469275 -0.4482439926062846 -0.5290546400693842 -0.2499098882614442 -0.2219755826859046 -0.19106490587243613 -0.17491961414790996 -0.0707732634338139 -0.18020769700671962 -0.0149439601494396 -0.09632536567962895 -0.21636240703177823 -0.29868578255675027 -0.07061819865709655 -0.19249632172633646 -0.4709446433489396 -0.13414325487218426 -0.04137039431157078 -0.08589314310671131 -0.09279086366880801 -0.19228486646884274 -0.3482007686037033 -0.3723080666747779 -0.1576307618820158 -0.20828167617158444 -0.4077165138869886 -0.15983149547763598 -0.10812169977369879 -0.04982915717539864 -0.055972522579824456 -0.006046680372475509 -0.2544559099437148 -0.2782283218964442 -0.10829021778366021 -0.08799804448790027 -0.08612307264897903 -0.10264113155588935 -0.02819789797487824 -0.025495750708215303 -0.09678620176200521 0.046237429198936544 -0.21533258173618944 -0.0815418828762046 -0.04669079024162485 0.06024096385542169 -0.2509255450431921 0.05880880880880881 -0.0024984384759525313 -0.0026567481402763023
0.004857906242409522 -0.08918491758862045 0.1272208817723185 -3.3410085194565964 -0.0165621672778895 -0.07169315330385947 -0.054203422255287494 -0.09545060121482583 0.0012751849018107623 -0.00703630734590487 -0.14343742066514342 -0.05752157058897086 -0.4086252084822492 -0.6435086842434088 -0.23910336239103364 -0.06720770986558458 -0.44464075382803286 -0.0727461678358015 -0.11600625651720542 -0.09987159366528749 -0.16307809912090715 -1.0319440978287997 -2.5000000000000004 -2.196858124693176 -0.4354798914384406 -0.22562141491395793 -0.3632604843473125 -0.19820971867007672 -0.08463369478973817 -0.18725460585925705 -0.270929635336415 -1.2269193391642372 -2.6046511627906974 -2.1448087431693987 -0.4215994201497947 -0.43796557924479834 -0.5187703221992315 -0.33922724296005236 -0.23909794864828146 -0.11983407589491475 -0.14461770623742454 -0.25837988826815644 -0.4390018484288355 -0.5055135670920581 -0.17902198726420762 -0.19731162905413738 -0.20089912896881149 -0.16205787781350484 -0.06290956749672347 -0.18173488087965792 -0.003735990037359899 -0.0998929718159115 -0.2231237322515213 -0.2974910394265233 -0.06367214633016902 -0.18636586562040217 -0.4489121454144862 -0.14173626929891164 -0.04266321913380737 -0.09026059106128984 -0.07851534618129909 -0.19821958456973293 -0.34121346221031795 -0.36987468061808004 -0.1504657272510151 -0.20828167617158444 -0.4131892187713778 -0.1647875108412836 -0.11692230324365098 -0.04555808656036446 -0.02035364457448162 -0.018140041117426536 -0.24507504690431517 -0.2956955708047412 -0.09505474672121283 -0.08922023955023221 -0.083344909015141 -0.11641006383777694 -0.012817226352217381 -0.028328611898016998 -0.062042437026926425 0.046237429198936544 -0.1939120631341601 -0.09019026439337782 -0.01867631609664994 0.053012048192771076 -0.23310023310023306 0.052552552552552555 -0.0012492192379762637 -0.010626992561105206
