elapsed_s,phase,force_sample_fresh,force_raw_n,force_baseline_n,force_delta_n,force_delta_abs_n,force_raw_g,force_baseline_g,force_delta_g,force_delta_abs_g,tool_z_m,travel_down_mm,frame_sequence,cell_index,display_row,column,raw,calibration,diff,diff_percent,raw_ave,diff_ave,diff_percent_ave
1.0192051860503852,approaching,True,0.014709975,0.014709975,0.0,0.0,1.5,1.5,0.0,0.0,0.26526480102539063,0.0,1681,35,3,4,10749.0,10749.0,0.0,0.0,10750.333333333334,1.3333333333333333,0.012404254659348156
1.03278074786067,approaching,True,0.014709975,0.014709975,0.0,0.0,1.5,1.5,0.0,0.0,0.26526480102539063,0.0,1686,35,3,4,10755.0,10749.0,6.0,0.055819145967066705,10753.0,4.0,0.03721276397804447
1.0835487828589976,approaching,True,0.014709975,0.014709975,0.0,0.0,1.5,1.5,0.0,0.0,0.26526480102539063,0.0,1695,35,3,4,10749.0,10749.0,0.0,0.0,10749.666666666666,0.6666666666666666,0.006202127329674078
1.1336160278879106,approaching,True,0.014709975,0.014709975,0.0,0.0,1.5,1.5,0.0,0.0,0.26526480102539063,0.0,1705,35,3,4,10756.0,10749.0,7.0,0.06512233696157782,10756.0,7.0,0.06512233696157782
1.2004814909305423,approaching,True,0.014709975,0.014709975,0.0,0.0,1.5,1.5,0.0,0.0,0.26526480102539063,0.0,1715,35,3,4,10754.0,10749.0,5.0,0.04651595497255559,10754.0,5.0,0.04651595497255559
1.2488156070467085,approaching,True,0.014709975,0.014709975,0.0,0.0,1.5,1.5,0.0,0.0,0.26526480102539063,0.0,1719,35,3,4,10752.0,10749.0,3.0,0.027909572983533353,10752.666666666666,3.6666666666666665,0.034111700313207434
1.2991440310142934,approaching,True,0.014709975,0.014709975,0.0,0.0,1.5,1.5,0.0,0.0,0.26526480102539063,0.0,1725,35,3,4,10752.0,10749.0,3.0,0.027909572983533353,10752.0,3.0,0.02790957298353335
1.333192378981039,approaching,True,0.014709975,0.014709975,0.0,0.0,1.5,1.5,0.0,0.0,0.26526480102539063,0.0,1731,35,3,4,10753.0,10749.0,4.0,0.03721276397804447,10753.0,4.0,0.03721276397804447
1.4000736558809876,approaching,True,0.014709975,0.014709975,0.0,0.0,1.5,1.5,0.0,0.0,0.26526104736328127,0.0037536621093625655,1737,35,3,4,10749.0,10749.0,0.0,0.0,10749.333333333334,0.3333333333333333,0.003101063664837039
1.433253007940948,approaching,True,0.014709975,0.014709975,0.0,0.0,1.5,1.5,0.0,0.0,0.26526104736328127,0.0037536621093625655,1742,35,3,4,10753.0,10749.0,4.0,0.03721276397804447,10750.333333333334,1.3333333333333333,0.012404254659348156
1.4823041730560362,approaching,True,0.014709975,0.014709975,0.0,0.0,1.5,1.5,0.0,0.0,0.26526104736328127,0.0037536621093625655,1752,35,3,4,10752.0,10749.0,3.0,0.027909572983533353,10752.0,3.0,0.02790957298353335
1.5318214469589293,approaching,True,0.014709975,0.014709975,0.0,0.0,1.5,1.5,0.0,0.0,0.2652631530761719,0.0016479492187526645,1760,35,3,4,10751.0,10749.0,2.0,0.018606381989022234,10751.666666666666,2.6666666666666665,0.024808509318696312
1.5991346728987992,approaching,True,0.014709975,0.014709975,0.0,0.0,1.5,1.5,0.0,0.0,0.26526416015625,0.0006408691406445399,1770,35,3,4,10750.0,10749.0,1.0,0.009303190994511117,10750.0,1.0,0.009303190994511117
1.6489639359060675,approaching,True,0.014709975,0.014709975,0.0,0.0,1.5,1.5,0.0,0.0,0.26527349853515625,0.0,1775,35,3,4,10754.0,10749.0,5.0,0.04651595497255559,10754.0,5.0,0.04651595497255559
1.6990955579094589,approaching,True,0.014709975,0.014709975,0.0,0.0,1.5,1.5,0.0,0.0,0.26527349853515625,0.0,1780,35,3,4,10755.0,10749.0,6.0,0.055819145967066705,10755.0,6.0,0.0558191459670667
1.7487621179316193,approaching,True,0.014709975,0.014709975,0.0,0.0,1.5,1.5,0.0,0.0,0.26527618408203124,0.0,1786,35,3,4,10753.0,10749.0,4.0,0.03721276397804447,10753.0,4.0,0.03721276397804447
1.8167605979833752,approaching,True,0.014709975,0.014709975,0.0,0.0,1.5,1.5,0.0,0.0,0.26527774047851566,0.0,1792,35,3,4,10748.0,10749.0,-1.0,-0.009303190994511117,10750.0,1.0,0.009303190994511117
1.8367028839420527,approaching,True,0.014709975,0.014709975,0.0,0.0,1.5,1.5,0.0,0.0,0.26527774047851566,0.0,1796,35,3,4,10748.0,10749.0,-1.0,-0.009303190994511117,10748.0,-1.0,-0.009303190994511117
1.8823426598683,approaching,True,0.014709975,0.014709975,0.0,0.0,1.5,1.5,0.0,0.0,0.26527774047851566,0.0,1804,35,3,4,10750.0,10749.0,1.0,0.009303190994511117,10750.0,1.0,0.009303190994511117
1.9324244388844818,approaching,True,0.014709975,0.014709975,0.0,0.0,1.5,1.5,0.0,0.0,0.26527294921875,0.0,1814,35,3,4,10749.0,10749.0,0.0,0.0,10751.666666666666,2.6666666666666665,0.024808509318696312
2.000241667032242,approaching,True,0.014709975,0.014709975,0.0,0.0,1.5,1.5,0.0,0.0,0.265281494140625,0.0,1823,35,3,4,10746.0,10749.0,-3.0,-0.027909572983533353,10746.0,-3.0,-0.02790957298353335
2.050317605957389,approaching,True,0.014709975,0.014709975,0.0,0.0,1.5,1.5,0.0,0.0,0.26528826904296876,0.0,1827,35,3,4,10747.0,10749.0,-2.0,-0.018606381989022234,10746.333333333334,-2.6666666666666665,-0.024808509318696312
2.0987414978444576,approaching,True,0.014709975,0.014709975,0.0,0.0,1.5,1.5,0.0,0.0,0.26528826904296876,0.0,1833,35,3,4,10747.0,10749.0,-2.0,-0.018606381989022234,10747.0,-2.0,-0.018606381989022234
2.1508898879401386,approaching,True,0.014709975,0.014709975,0.0,0.0,1.5,1.5,0.0,0.0,0.2652813720703125,0.0,1839,35,3,4,10760.0,10749.0,11.0,0.1023351009396223,10760.0,11.0,0.1023351009396223
2.218641618033871,approaching,True,0.014709975,0.014709975,0.0,0.0,1.5,1.5,0.0,0.0,0.26527398681640624,0.0,1845,35,3,4,10757.0,10749.0,8.0,0.07442552795608894,10758.333333333334,9.333333333333334,0.0868297826154371
2.235457931878045,approaching,True,0.014709975,0.014709975,0.0,0.0,1.5,1.5,0.0,0.0,0.26527398681640624,0.0,1849,35,3,4,10752.0,10749.0,3.0,0.027909572983533353,10755.333333333334,6.333333333333333,0.058920209631903746
2.28239024290815,approaching,True,0.014709975,0.014709975,0.0,0.0,1.5,1.5,0.0,0.0,0.2652578125,0.00698852539060546,1858,35,3,4,10752.0,10749.0,3.0,0.027909572983533353,10752.0,3.0,0.02790957298353335
2.33424777793698,approaching,True,0.014709975,0.014709975,0.0,0.0,1.5,1.5,0.0,0.0,0.2652396240234375,0.025177001953147204,1868,35,3,4,10754.0,10749.0,5.0,0.04651595497255559,10753.333333333334,4.333333333333333,0.04031382764288151
2.40057097398676,approaching,True,0.014709975,0.014709975,0.0,0.0,1.5,1.5,0.0,0.0,0.2652154541015625,0.04934692382813077,1877,35,3,4,10752.0,10749.0,3.0,0.027909572983533353,10752.666666666666,3.6666666666666665,0.034111700313207434
2.4533471879549325,approaching,True,0.014709975,0.014709975,0.0,0.0,1.5,1.5,0.0,0.0,0.2652154541015625,0.04934692382813077,1882,35,3,4,10750.0,10749.0,1.0,0.009303190994511117,10750.666666666666,1.6666666666666667,0.015505318324185195
2.4850794030353427,approaching,True,0.014709975,0.014709975,0.0,0.0,1.5,1.5,0.0,0.0,0.2651874084472656,0.07739257812500178,1891,35,3,4,10747.0,10749.0,-2.0,-0.018606381989022234,10747.0,-2.0,-0.018606381989022234
2.532014947850257,approaching,True,0.014709975,0.014709975,0.0,0.0,1.5,1.5,0.0,0.0,0.26515606689453125,0.10873413085937811,1900,35,3,4,10754.0,10749.0,5.0,0.04651595497255559,10752.0,3.0,0.02790957298353335
2.59988802485168,approaching,True,0.014709975,0.014709975,0.0,0.0,1.5,1.5,0.0,0.0,0.2651051940917969,0.15960693359373668,1910,35,3,4,10751.0,10749.0,2.0,0.018606381989022234,10752.0,3.0,0.02790957298353335
2.6499891518615186,approaching,True,0.014709975,0.014709975,0.0,0.0,1.5,1.5,0.0,0.0,0.2651051940917969,0.15960693359373668,1914,35,3,4,10748.0,10749.0,-1.0,-0.009303190994511117,10750.0,1.0,0.009303190994511117
2.6868774238973856,approaching,True,0.014709975,0.014709975,0.0,0.0,1.5,1.5,0.0,0.0,0.264966552734375,0.29824829101560146,1919,35,3,4,10742.0,10749.0,-7.0,-0.06512233696157782,10744.0,-5.0,-0.04651595497255558
2.7336599419359118,approaching,True,0.014709975,0.014709975,0.0,0.0,1.5,1.5,0.0,0.0,0.264966552734375,0.29824829101560146,1925,35,3,4,10755.0,10749.0,6.0,0.055819145967066705,10755.0,6.0,0.0558191459670667
2.782774926861748,approaching,True,0.014709975,0.014709975,0.0,0.0,1.5,1.5,0.0,0.0,0.26492315673828126,0.3416442871093661,1933,35,3,4,10753.0,10749.0,4.0,0.03721276397804447,10756.333333333334,7.333333333333333,0.06822340062641485
2.834194003837183,approaching,True,0.014709975,0.014709975,0.0,0.0,1.5,1.5,0.0,0.0,0.26489279174804686,0.37200927734376554,1938,35,3,4,10753.0,10749.0,4.0,0.03721276397804447,10753.0,4.0,0.03721276397804447
2.8846686349716038,approaching,True,0.014709975,0.014709975,0.0,0.0,1.5,1.5,0.0,0.0,0.26489279174804686,0.37200927734376554,1945,35,3,4,10752.0,10749.0,3.0,0.027909572983533353,10752.0,3.0,0.02790957298353335
2.9339038329198956,approaching,True,0.014709975,0.014709975,0.0,0.0,1.5,1.5,0.0,0.0,0.26483642578125,0.428375244140633,1950,35,3,4,10748.0,10749.0,-1.0,-0.009303190994511117,10748.0,-1.0,-0.009303190994511117
3.002491816878319,approaching,True,0.014709975,0.014709975,0.0,0.0,1.5,1.5,0.0,0.0,0.26481787109375,0.4469299316406383,1957,35,3,4,10748.0,10749.0,-1.0,-0.009303190994511117,10745.333333333334,-3.6666666666666665,-0.034111700313207434
3.0328359769191593,approaching,True,0.014709975,0.014709975,0.0,0.0,1.5,1.5,0.0,0.0,0.26481787109375,0.4469299316406383,1963,35,3,4,10750.0,10749.0,1.0,0.009303190994511117,10749.333333333334,0.3333333333333333,0.003101063664837039
3.082519087009132,approaching,True,0.014709975,0.014709975,0.0,0.0,1.5,1.5,0.0,0.0,0.26480999755859375,0.45480346679688255,1972,35,3,4,10748.0,10749.0,-1.0,-0.009303190994511117,10748.0,-1.0,-0.009303190994511117
3.1317251638974994,approaching,True,0.014709975,0.014709975,0.0,0.0,1.5,1.5,0.0,0.0,0.26479693603515625,0.467864990234379,1980,35,3,4,10749.0,10749.0,0.0,0.0,10749.0,0.0,0.0
3.2014137390069664,approaching,True,0.014709975,0.014709975,0.0,0.0,1.5,1.5,0.0,0.0,0.26477923583984375,0.4855651855468768,1989,35,3,4,10755.0,10749.0,6.0,0.055819145967066705,10755.0,6.0,0.0558191459670667
3.2353114779107273,approaching,True,0.014709975,0.014709975,0.0,0.0,1.5,1.5,0.0,0.0,0.26477923583984375,0.4855651855468768,1993,35,3,4,10755.0,10749.0,6.0,0.055819145967066705,10755.0,6.0,0.0558191459670667
3.282020174898207,approaching,True,0.014709975,0.014709975,0.0,0.0,1.5,1.5,0.0,0.0,0.26474368286132816,0.5211181640624729,2002,35,3,4,10754.0,10749.0,5.0,0.04651595497255559,10754.0,5.0,0.04651595497255559
3.332184329861775,approaching,True,0.014709975,0.014709975,0.0,0.0,1.5,1.5,0.0,0.0,0.2647020263671875,0.5627746582031468,2013,35,3,4,10747.0,10749.0,-2.0,-0.018606381989022234,10747.0,-2.0,-0.018606381989022234
3.402014476014301,approaching,True,0.014709975,0.014709975,0.0,0.0,1.5,1.5,0.0,0.0,0.2646593322753906,0.6054687500000044,2022,35,3,4,10754.0,10749.0,5.0,0.04651595497255559,10754.0,5.0,0.04651595497255559
3.4502598389517516,approaching,True,0.014709975,0.014709975,0.0,0.0,1.5,1.5,0.0,0.0,0.2646593322753906,0.6054687500000044,2027,35,3,4,10749.0,10749.0,0.0,0.0,10749.0,0.0,0.0
3.4825850499328226,approaching,True,0.014709975,0.014709975,0.0,0.0,1.5,1.5,0.0,0.0,0.26448013305664064,0.7846679687499858,2033,35,3,4,10752.0,10749.0,3.0,0.027909572983533353,10754.0,5.0,0.04651595497255559
3.5362538429908454,approaching,True,0.014709975,0.014709975,0.0,0.0,1.5,1.5,0.0,0.0,0.26448013305664064,0.7846679687499858,2040,35,3,4,10753.0,10749.0,4.0,0.03721276397804447,10753.0,4.0,0.03721276397804447
3.602257424965501,approaching,True,0.014709975,0.014709975,0.0,0.0,1.5,1.5,0.0,0.0,0.264414306640625,0.8504943847656432,2045,35,3,4,10750.0,10749.0,1.0,0.009303190994511117,10750.0,1.0,0.009303190994511117
3.6342548578977585,approaching,True,0.014709975,0.014709975,0.0,0.0,1.5,1.5,0.0,0.0,0.26440972900390625,0.8550720214843821,2050,35,3,4,10757.0,10749.0,8.0,0.07442552795608894,10756.333333333334,7.333333333333333,0.06822340062641485
3.6822074940428138,approaching,True,0.014709975,0.014709975,0.0,0.0,1.5,1.5,0.0,0.0,0.26440972900390625,0.8550720214843821,2059,35,3,4,10750.0,10749.0,1.0,0.009303190994511117,10750.0,1.0,0.009303190994511117
3.733954631956294,approaching,True,0.014709975,0.014709975,0.0,0.0,1.5,1.5,0.0,0.0,0.26440081787109376,0.8639831542968657,2067,35,3,4,10753.0,10749.0,4.0,0.03721276397804447,10753.0,4.0,0.03721276397804447
3.7989941330160946,approaching,True,0.014709975,0.014709975,0.0,0.0,1.5,1.5,0.0,0.0,0.2643897399902344,0.8750610351562216,2077,35,3,4,10748.0,10749.0,-1.0,-0.009303190994511117,10748.0,-1.0,-0.009303190994511117
3.850349911954254,approaching,True,0.014709975,0.014709975,0.0,0.0,1.5,1.5,0.0,0.0,0.2643897399902344,0.8750610351562216,2082,35,3,4,10753.0,10749.0,4.0,0.03721276397804447,10753.0,4.0,0.03721276397804447
3.9022343889810145,approaching,True,0.014709975,0.014709975,0.0,0.0,1.5,1.5,0.0,0.0,0.26430194091796877,0.962860107421859,2088,35,3,4,10749.0,10749.0,0.0,0.0,10753.0,4.0,0.03721276397804447
3.9508443968370557,approaching,True,0.014709975,0.014709975,0.0,0.0,1.5,1.5,0.0,0.0,0.26430194091796877,0.962860107421859,2095,35,3,4,10751.0,10749.0,2.0,0.018606381989022234,10751.0,2.0,0.018606381989022234
4.018038155976683,approaching,True,0.014709975,0.014709975,0.0,0.0,1.5,1.5,0.0,0.0,0.2642626953125,1.0021057128906108,2100,35,3,4,10746.0,10749.0,-3.0,-0.027909572983533353,10746.0,-3.0,-0.02790957298353335
4.038067807909101,approaching,True,0.014709975,0.014709975,0.0,0.0,1.5,1.5,0.0,0.0,0.2642626953125,1.0021057128906108,2105,35,3,4,10757.0,10749.0,8.0,0.07442552795608894,10757.0,8.0,0.07442552795608894
4.082072100834921,approaching,True,0.014709975,0.014709975,0.0,0.0,1.5,1.5,0.0,0.0,0.2642557373046875,1.0090637207031405,2111,35,3,4,10756.0,10749.0,7.0,0.06512233696157782,10756.0,7.0,0.06512233696157782
4.133907995885238,approaching,True,0.014709975,0.014709975,0.0,0.0,1.5,1.5,0.0,0.0,0.2642524719238281,1.0123291015625147,2120,35,3,4,10755.0,10749.0,6.0,0.055819145967066705,10755.0,6.0,0.0558191459670667
4.200320502975956,approaching,True,0.014709975,0.014709975,0.0,0.0,1.5,1.5,0.0,0.0,0.26424053955078125,1.024261474609378,2130,35,3,4,10755.0,10749.0,6.0,0.055819145967066705,10755.0,6.0,0.0558191459670667
4.249803686980158,approaching,True,0.014709975,0.014709975,0.0,0.0,1.5,1.5,0.0,0.0,0.26424053955078125,1.024261474609378,2135,35,3,4,10760.0,10749.0,11.0,0.1023351009396223,10760.0,11.0,0.1023351009396223
4.299374057911336,approaching,True,0.014709975,0.014709975,0.0,0.0,1.5,1.5,0.0,0.0,0.2642298583984375,1.0349426269531392,2140,35,3,4,10758.0,10749.0,9.0,0.08372871895060005,10758.0,9.0,0.08372871895060004
4.351329206023365,approaching,True,0.014709975,0.014709975,0.0,0.0,1.5,1.5,0.0,0.0,0.26421340942382815,1.0513916015624791,2147,35,3,4,10749.0,10749.0,0.0,0.0,10749.0,0.0,0.0
4.42006453499198,approaching,True,0.014709975,0.014709975,0.0,0.0,1.5,1.5,0.0,0.0,0.26421340942382815,1.0513916015624791,2153,35,3,4,10754.0,10749.0,5.0,0.04651595497255559,10752.333333333334,3.3333333333333335,0.031010636648370393
4.432763427961618,approaching,True,0.014709975,0.014709975,0.0,0.0,1.5,1.5,0.0,0.0,0.26420117187500003,1.0636291503905992,2158,35,3,4,10754.0,10749.0,5.0,0.04651595497255559,10754.0,5.0,0.04651595497255559
4.481617959914729,approaching,True,0.014709975,0.014709975,0.0,0.0,1.5,1.5,0.0,0.0,0.26420117187500003,1.0636291503905992,2167,35,3,4,10758.0,10749.0,9.0,0.08372871895060005,10752.0,3.0,0.02790957298353335
4.531992239877582,approaching,True,0.014709975,0.014709975,0.0,0.0,1.5,1.5,0.0,0.0,0.2641949157714844,1.069885253906222,2177,35,3,4,10744.0,10749.0,-5.0,-0.04651595497255559,10744.0,-5.0,-0.04651595497255559
4.600109749939293,approaching,True,0.014709975,0.014709975,0.0,0.0,1.5,1.5,0.0,0.0,0.26418585205078127,1.0789489746093617,2188,35,3,4,10752.0,10749.0,3.0,0.027909572983533353,10752.0,3.0,0.02790957298353335
4.651693031890318,approaching,True,0.014709975,0.014709975,0.0,0.0,1.5,1.5,0.0,0.0,0.26414132690429687,1.1234741210937593,2192,35,3,4,10753.0,10749.0,4.0,0.03721276397804447,10752.666666666666,3.6666666666666665,0.03411170031320743
4.698863918893039,approaching,True,0.014709975,0.014709975,0.0,0.0,1.5,1.5,0.0,0.0,0.2640627746582031,1.2020263671875253,2197,35,3,4,10746.0,10749.0,-3.0,-0.027909572983533353,10746.0,-3.0,-0.02790957298353335
4.750616054050624,approaching,True,0.014709975,0.014709975,0.0,0.0,1.5,1.5,0.0,0.0,0.2640627746582031,1.2020263671875253,2203,35,3,4,10746.0,10749.0,-3.0,-0.027909572983533353,10746.0,-3.0,-0.02790957298353335
4.798866425873712,approaching,True,0.014709975,0.014709975,0.0,0.0,1.5,1.5,0.0,0.0,0.26383477783203124,1.4300231933593865,2209,35,3,4,10750.0,10749.0,1.0,0.009303190994511117,10750.666666666666,1.6666666666666667,0.015505318324185195
4.834199056960642,approaching,True,0.014709975,0.014709975,0.0,0.0,1.5,1.5,0.0,0.0,0.26383477783203124,1.4300231933593865,2214,35,3,4,10751.0,10749.0,2.0,0.018606381989022234,10750.666666666666,1.6666666666666667,0.015505318324185197
4.884317100979388,approaching,True,0.014709975,0.014709975,0.0,0.0,1.5,1.5,0.0,0.0,0.263599365234375,1.6654357910156348,2220,35,3,4,10758.0,10749.0,9.0,0.08372871895060005,10758.0,9.0,0.08372871895060004
4.9324353858828545,approaching,True,0.014709975,0.014709975,0.0,0.0,1.5,1.5,0.0,0.0,0.263599365234375,1.6654357910156348,2226,35,3,4,10754.0,10749.0,5.0,0.04651595497255559,10754.0,5.0,0.04651595497255559
5.001993192825466,approaching,True,0.014709975,0.014709975,0.0,0.0,1.5,1.5,0.0,0.0,0.26355337524414063,1.7114257812499978,2232,35,3,4,10756.0,10749.0,7.0,0.06512233696157782,10755.333333333334,6.333333333333333,0.058920209631903746
5.033358485903591,approaching,True,0.014709975,0.014709975,0.0,0.0,1.5,1.5,0.0,0.0,0.2635400085449219,1.7247924804687509,2237,35,3,4,10755.0,10749.0,6.0,0.055819145967066705,10755.0,6.0,0.0558191459670667
5.0818802998401225,approaching,True,0.014709975,0.014709975,0.0,0.0,1.5,1.5,0.0,0.0,0.2635400085449219,1.7247924804687509,2245,35,3,4,10757.0,10749.0,8.0,0.07442552795608894,10757.0,8.0,0.07442552795608894
5.131883787922561,approaching,True,0.014709975,0.014709975,0.0,0.0,1.5,1.5,0.0,0.0,0.2635338134765625,1.7309875488281112,2254,35,3,4,10756.0,10749.0,7.0,0.06512233696157782,10756.666666666666,7.666666666666667,0.0713244642912519
5.199627395020798,approaching,True,0.014709975,0.014709975,0.0,0.0,1.5,1.5,0.0,0.0,0.26352557373046875,1.7392272949218746,2264,35,3,4,10762.0,10749.0,13.0,0.12094148292864453,10762.0,13.0,0.12094148292864453
5.2486925788689405,approaching,True,0.014709975,0.014709975,0.0,0.0,1.5,1.5,0.0,0.0,0.26351873779296875,1.7460632324218794,2268,35,3,4,10752.0,10749.0,3.0,0.027909572983533353,10755.333333333334,6.333333333333333,0.058920209631903746
5.2984283769037575,approaching,True,0.014709975,0.014709975,0.0,0.0,1.5,1.5,0.0,0.0,0.26351873779296875,1.7460632324218794,2274,35,3,4,10752.0,10749.0,3.0,0.027909572983533353,10752.0,3.0,0.02790957298353335
5.350756147876382,approaching,True,0.014709975,0.014709975,0.0,0.0,1.5,1.5,0.0,0.0,0.263522216796875,1.7425842285156423,2280,35,3,4,10758.0,10749.0,9.0,0.08372871895060005,10758.0,9.0,0.08372871895060004
5.417881900910288,approaching,True,0.014709975,0.014709975,0.0,0.0,1.5,1.5,0.0,0.0,0.26352044677734376,1.7443542480468643,2286,35,3,4,10757.0,10749.0,8.0,0.07442552795608894,10752.333333333334,3.3333333333333335,0.03101063664837039
5.433400455862284,approaching,True,0.014709975,0.014709975,0.0,0.0,1.5,1.5,0.0,0.0,0.26352044677734376,1.7443542480468643,2293,35,3,4,10761.0,10749.0,12.0,0.11163829193413341,10761.0,12.0,0.1116382919341334
5.4844746720045805,approaching,True,0.014709975,0.014709975,0.0,0.0,1.5,1.5,0.0,0.0,0.26352044677734376,1.7443542480468643,2301,35,3,4,10752.0,10749.0,3.0,0.027909572983533353,10752.0,3.0,0.02790957298353335
5.5320121760014445,approaching,True,0.014709975,0.014709975,0.0,0.0,1.5,1.5,0.0,0.0,0.2635205078125,1.744293212890602,2309,35,3,4,10749.0,10749.0,0.0,0.0,10750.666666666666,1.6666666666666667,0.015505318324185197
5.601045852992684,approaching,True,0.014709975,0.014709975,0.0,0.0,1.5,1.5,0.0,0.0,0.26351797485351564,1.7468261718749933,2317,35,3,4,10756.0,10749.0,7.0,0.06512233696157782,10756.0,7.0,0.06512233696157782
5.648730522021651,approaching,True,0.014709975,0.014709975,0.0,0.0,1.5,1.5,0.0,0.0,0.26351797485351564,1.7468261718749933,2321,35,3,4,10755.0,10749.0,6.0,0.055819145967066705,10755.333333333334,6.333333333333333,0.058920209631903746
5.698638017987832,approaching,True,0.014709975,0.014709975,0.0,0.0,1.5,1.5,0.0,0.0,0.263498291015625,1.7665100097656317,2327,35,3,4,10747.0,10749.0,-2.0,-0.018606381989022234,10747.0,-2.0,-0.018606381989022234
5.753124576993287,approaching,True,0.014709975,0.014709975,0.0,0.0,1.5,1.5,0.0,0.0,0.2634713134765625,1.793487548828132,2333,35,3,4,10751.0,10749.0,2.0,0.018606381989022234,10751.0,2.0,0.018606381989022234
5.818951197899878,approaching,True,0.014709975,0.014709975,0.0,0.0,1.5,1.5,0.0,0.0,0.2634101867675781,1.8546142578125258,2339,35,3,4,10756.0,10749.0,7.0,0.06512233696157782,10752.0,3.0,0.02790957298353335
5.834041328867897,approaching,True,0.014709975,0.014709975,0.0,0.0,1.5,1.5,0.0,0.0,0.2634101867675781,1.8546142578125258,2344,35,3,4,10755.0,10749.0,6.0,0.055819145967066705,10755.333333333334,6.333333333333333,0.058920209631903746
5.884134683990851,approaching,True,0.014709975,0.014709975,0.0,0.0,1.5,1.5,0.0,0.0,0.2632676391601563,1.9971618652343537,2354,35,3,4,10754.0,10749.0,5.0,0.04651595497255559,10754.0,5.0,0.04651595497255559
5.934647443005815,approaching,True,0.014709975,0.014709975,0.0,0.0,1.5,1.5,0.0,0.0,0.2632676391601563,1.9971618652343537,2362,35,3,4,10753.0,10749.0,4.0,0.03721276397804447,10751.666666666666,2.6666666666666665,0.024808509318696312
6.001994781894609,approaching,True,0.014709975,0.014709975,0.0,0.0,1.5,1.5,0.0,0.0,0.26303863525390625,2.2261657714843786,2371,35,3,4,10746.0,10749.0,-3.0,-0.027909572983533353,10746.0,-3.0,-0.02790957298353335
6.050050553865731,approaching,True,0.014709975,0.014709975,0.0,0.0,1.5,1.5,0.0,0.0,0.262978515625,2.2862854003906086,2377,35,3,4,10745.0,10749.0,-4.0,-0.03721276397804447,10745.0,-4.0,-0.03721276397804447
6.099910457851365,approaching,True,0.014709975,0.014709975,0.0,0.0,1.5,1.5,0.0,0.0,0.262966552734375,2.2982482910156032,2382,35,3,4,10755.0,10749.0,6.0,0.055819145967066705,10751.666666666666,2.6666666666666665,0.024808509318696315
6.1490253559313715,approaching,True,0.014709975,0.014709975,0.0,0.0,1.5,1.5,0.0,0.0,0.262966552734375,2.2982482910156032,2388,35,3,4,10749.0,10749.0,0.0,0.0,10749.0,0.0,0.0
6.203025148017332,approaching,True,0.014709975,0.014709975,0.0,0.0,1.5,1.5,0.0,0.0,0.26295266723632815,2.312133789062476,2397,35,3,4,10750.0,10749.0,1.0,0.009303190994511117,10750.0,1.0,0.009303190994511117
6.249597087968141,approaching,True,0.014709975,0.014709975,0.0,0.0,1.5,1.5,0.0,0.0,0.2629247741699219,2.3400268554687464,2402,35,3,4,10752.0,10749.0,3.0,0.027909572983533353,10752.0,3.0,0.02790957298353335
6.2865634330082685,approaching,True,0.014709975,0.014709975,0.0,0.0,1.5,1.5,0.0,0.0,0.2629247741699219,2.3400268554687464,2407,35,3,4,10755.0,10749.0,6.0,0.055819145967066705,10754.0,5.0,0.04651595497255558
6.334473873954266,approaching,True,0.014709975,0.014709975,0.0,0.0,1.5,1.5,0.0,0.0,0.2628662109375,2.3985900878906175,2415,35,3,4,10755.0,10749.0,6.0,0.055819145967066705,10755.0,6.0,0.0558191459670667
6.402293720981106,approaching,True,0.014709975,0.014709975,0.0,0.0,1.5,1.5,0.0,0.0,0.2628662109375,2.3985900878906175,2419,35,3,4,10751.0,10749.0,2.0,0.018606381989022234,10751.0,2.0,0.018606381989022234
6.43234413000755,approaching,True,0.014709975,0.014709975,0.0,0.0,1.5,1.5,0.0,0.0,0.2626966857910156,2.5681152343750013,2426,35,3,4,10750.0,10749.0,1.0,0.009303190994511117,10750.0,1.0,0.009303190994511117
6.482232328038663,approaching,True,0.014709975,0.014709975,0.0,0.0,1.5,1.5,0.0,0.0,0.26261917114257816,2.6456298828124725,2436,35,3,4,10756.0,10749.0,7.0,0.06512233696157782,10756.0,7.0,0.06512233696157782
6.535152636934072,approaching,True,0.014709975,0.014709975,0.0,0.0,1.5,1.5,0.0,0.0,0.2625941162109375,2.6706848144531503,2447,35,3,4,10754.0,10749.0,5.0,0.04651595497255559,10754.666666666666,5.666666666666667,0.052718082302229664
6.583317989949137,approaching,True,0.014709975,0.014709975,0.0,0.0,1.5,1.5,0.0,0.0,0.2625673828125,2.697418212890601,2456,35,3,4,10752.0,10749.0,3.0,0.027909572983533353,10752.666666666666,3.6666666666666665,0.034111700313207434
6.632519799051806,approaching,True,0.014709975,0.014709975,0.0,0.0,1.5,1.5,0.0,0.0,0.2625673828125,2.697418212890601,2461,35,3,4,10753.0,10749.0,4.0,0.03721276397804447,10752.333333333334,3.3333333333333335,0.031010636648370393
6.681993774836883,approaching,True,0.014709975,0.014709975,0.0,0.0,1.5,1.5,0.0,0.0,0.26248553466796876,2.7792663574218723,2467,35,3,4,10760.0,10749.0,11.0,0.1023351009396223,10757.666666666666,8.666666666666666,0.08062765528576303
6.732012375025079,approaching,True,0.014709975,0.014709975,0.0,0.0,1.5,1.5,0.0,0.0,0.26248553466796876,2.7792663574218723,2474,35,3,4,10753.0,10749.0,4.0,0.03721276397804447,10753.0,4.0,0.03721276397804447
6.782126271864399,approaching,True,0.014709975,0.014709975,0.0,0.0,1.5,1.5,0.0,0.0,0.26243527221679686,2.829528808593773,2485,35,3,4,10753.0,10749.0,4.0,0.03721276397804447,10752.333333333334,3.3333333333333335,0.031010636648370393
6.8336404068395495,approaching,True,0.014709975,0.014709975,0.0,0.0,1.5,1.5,0.0,0.0,0.26241729736328123,2.8475036621093963,2489,35,3,4,10753.0,10749.0,4.0,0.03721276397804447,10753.0,4.0,0.03721276397804447
6.882830740883946,approaching,True,0.014709975,0.014709975,0.0,0.0,1.5,1.5,0.0,0.0,0.26236868286132814,2.896118164062489,2496,35,3,4,10760.0,10749.0,11.0,0.1023351009396223,10760.0,11.0,0.1023351009396223
6.932277719024569,approaching,True,0.014709975,0.014709975,0.0,0.0,1.5,1.5,0.0,0.0,0.26236868286132814,2.896118164062489,2502,35,3,4,10751.0,10749.0,2.0,0.018606381989022234,10751.0,2.0,0.018606381989022234
6.999554443871602,approaching,True,0.014709975,0.014709975,0.0,0.0,1.5,1.5,0.0,0.0,0.262282958984375,2.9818420410156476,2510,35,3,4,10755.0,10749.0,6.0,0.055819145967066705,10755.0,6.0,0.0558191459670667
7.050641398876905,approaching,True,0.014709975,0.014709975,0.0,0.0,1.5,1.5,0.0,0.0,0.26218716430664063,3.0776367187499987,2514,35,3,4,10748.0,10749.0,-1.0,-0.009303190994511117,10748.0,-1.0,-0.009303190994511117
7.098981427960098,approaching,True,0.014709975,0.014709975,0.0,0.0,1.5,1.5,0.0,0.0,0.26218716430664063,3.0776367187499987,2520,35,3,4,10752.0,10749.0,3.0,0.027909572983533353,10750.333333333334,1.3333333333333333,0.012404254659348158
7.15242502395995,approaching,True,0.014709975,0.014709975,0.0,0.0,1.5,1.5,0.0,0.0,0.26215811157226565,3.106689453124978,2526,35,3,4,10751.0,10749.0,2.0,0.018606381989022234,10751.333333333334,2.3333333333333335,0.021707445653859275
7.2199048339389265,approaching,True,0.014709975,0.014709975,0.0,0.0,1.5,1.5,0.0,0.0,0.26214447021484377,3.1203308105468563,2532,35,3,4,10760.0,10749.0,11.0,0.1023351009396223,10760.0,11.0,0.1023351009396223
7.235267922980711,approaching,True,0.014709975,0.014709975,0.0,0.0,1.5,1.5,0.0,0.0,0.26214447021484377,3.1203308105468563,2536,35,3,4,10750.0,10749.0,1.0,0.009303190994511117,10750.0,1.0,0.009303190994511117
7.283199511934072,approaching,True,0.014709975,0.014709975,0.0,0.0,1.5,1.5,0.0,0.0,0.26214447021484377,3.1203308105468563,2544,35,3,4,10755.0,10749.0,6.0,0.055819145967066705,10755.333333333334,6.333333333333333,0.058920209631903746
7.331740056863055,approaching,True,0.014709975,0.014709975,0.0,0.0,1.5,1.5,0.0,0.0,0.26212899780273435,3.135803222656275,2552,35,3,4,10748.0,10749.0,-1.0,-0.009303190994511117,10748.0,-1.0,-0.009303190994511117
7.400254106847569,approaching,True,0.014709975,0.014709975,0.0,0.0,1.5,1.5,0.0,0.0,0.2621181640625,3.1466369628906365,2562,35,3,4,10754.0,10749.0,5.0,0.04651595497255559,10754.0,5.0,0.04651595497255559
7.450813528848812,approaching,True,0.014709975,0.014709975,0.0,0.0,1.5,1.5,0.0,0.0,0.2621034240722656,3.161376953125017,2567,35,3,4,10752.0,10749.0,3.0,0.027909572983533353,10752.0,3.0,0.02790957298353335
7.499723298009485,approaching,True,0.014709975,0.014709975,0.0,0.0,1.5,1.5,0.0,0.0,0.2621034240722656,3.161376953125017,2573,35,3,4,10754.0,10749.0,5.0,0.04651595497255559,10750.666666666666,1.6666666666666667,0.015505318324185197
7.5327911919448525,approaching,True,0.014709975,0.014709975,0.0,0.0,1.5,1.5,0.0,0.0,0.2620405578613281,3.2242431640625013,2582,35,3,4,10756.0,10749.0,7.0,0.06512233696157782,10756.0,7.0,0.06512233696157782
7.601163808023557,approaching,True,0.014709975,0.014709975,0.0,0.0,1.5,1.5,0.0,0.0,0.26193023681640626,3.3345642089843697,2591,35,3,4,10751.0,10749.0,2.0,0.018606381989022234,10751.0,2.0,0.018606381989022234
7.649348540930077,approaching,True,0.014709975,0.014709975,0.0,0.0,1.5,1.5,0.0,0.0,0.2617879638671875,3.4768371582031277,2596,35,3,4,10750.0,10749.0,1.0,0.009303190994511117,10749.333333333334,0.3333333333333333,0.003101063664837039
7.6830102279782295,approaching,True,0.014709975,0.014709975,0.0,0.0,1.5,1.5,0.0,0.0,0.2617879638671875,3.4768371582031277,2601,35,3,4,10748.0,10749.0,-1.0,-0.009303190994511117,10749.333333333334,0.3333333333333333,0.003101063664837039
7.734612294007093,approaching,True,0.014709975,0.014709975,0.0,0.0,1.5,1.5,0.0,0.0,0.26171072387695316,3.5540771484374734,2607,35,3,4,10754.0,10749.0,5.0,0.04651595497255559,10752.0,3.0,0.027909572983533356
7.802214800845832,approaching,True,0.014709975,0.014709975,0.0,0.0,1.5,1.5,0.0,0.0,0.26171072387695316,3.5540771484374734,2613,35,3,4,10756.0,10749.0,7.0,0.06512233696157782,10756.0,7.0,0.06512233696157782
7.835606714012101,approaching,True,0.014709975,0.014709975,0.0,0.0,1.5,1.5,0.0,0.0,0.2616340026855469,3.630798339843755,2618,35,3,4,10754.0,10749.0,5.0,0.04651595497255559,10750.0,1.0,0.009303190994511119
7.887860525865108,approaching,True,0.014709975,0.014709975,0.0,0.0,1.5,1.5,0.0,0.0,0.2616340026855469,3.630798339843755,2623,35,3,4,10749.0,10749.0,0.0,0.0,10752.333333333334,3.3333333333333335,0.031010636648370393
7.932210110826418,approaching,True,0.014709975,0.014709975,0.0,0.0,1.5,1.5,0.0,0.0,0.26159191894531253,3.6728820800780992,2627,35,3,4,10754.0,10749.0,5.0,0.04651595497255559,10750.666666666666,1.6666666666666667,0.015505318324185197
8.001915641827509,approaching,True,0.014709975,0.014709975,0.0,0.0,1.5,1.5,0.0,0.0,0.26156146240234374,3.7033386230468923,2634,35,3,4,10748.0,10749.0,-1.0,-0.009303190994511117,10748.0,-1.0,-0.009303190994511117
8.032308568945155,approaching,True,0.014709975,0.014709975,0.0,0.0,1.5,1.5,0.0,0.0,0.26156146240234374,3.7033386230468923,2640,35,3,4,10753.0,10749.0,4.0,0.03721276397804447,10753.0,4.0,0.03721276397804447
8.0850617159158,approaching,True,0.014709975,0.014709975,0.0,0.0,1.5,1.5,0.0,0.0,0.2614888610839844,3.7759399414062367,2649,35,3,4,10750.0,10749.0,1.0,0.009303190994511117,10751.333333333334,2.3333333333333335,0.021707445653859275
8.13225894793868,approaching,True,0.014709975,0.014709975,0.0,0.0,1.5,1.5,0.0,0.0,0.2614237060546875,3.8410949707031183,2657,35,3,4,10754.0,10749.0,5.0,0.04651595497255559,10754.0,5.0,0.04651595497255559
8.20299105788581,approaching,True,0.014709975,0.014709975,0.0,0.0,1.5,1.5,0.0,0.0,0.2614237060546875,3.8410949707031183,2666,35,3,4,10749.0,10749.0,0.0,0.0,10749.0,0.0,0.0
8.234210405964404,approaching,True,0.014709975,0.014709975,0.0,0.0,1.5,1.5,0.0,0.0,0.2613388977050781,3.925903320312507,2672,35,3,4,10755.0,10749.0,6.0,0.055819145967066705,10755.0,6.0,0.0558191459670667
8.28177034901455,approaching,True,0.014709975,0.014709975,0.0,0.0,1.5,1.5,0.0,0.0,0.2613161315917969,3.9486694335937322,2682,35,3,4,10755.0,10749.0,6.0,0.055819145967066705,10753.0,4.0,0.03721276397804447
8.332193152047694,approaching,True,0.014709975,0.014709975,0.0,0.0,1.5,1.5,0.0,0.0,0.26130401611328125,3.960784912109383,2692,35,3,4,10755.0,10749.0,6.0,0.055819145967066705,10755.0,6.0,0.0558191459670667
8.401160645997152,approaching,True,0.014709975,0.014709975,0.0,0.0,1.5,1.5,0.0,0.0,0.26129678344726565,3.9680175781249827,2702,35,3,4,10753.0,10749.0,4.0,0.03721276397804447,10753.0,4.0,0.03721276397804447
8.448910680832341,approaching,True,0.014709975,0.014709975,0.0,0.0,1.5,1.5,0.0,0.0,0.26129678344726565,3.9680175781249827,2707,35,3,4,10754.0,10749.0,5.0,0.04651595497255559,10754.0,5.0,0.04651595497255559
8.485529294935986,approaching,True,0.014709975,0.014709975,0.0,0.0,1.5,1.5,0.0,0.0,0.2612828979492188,3.9819030761718555,2714,35,3,4,10762.0,10749.0,13.0,0.12094148292864453,10754.0,5.0,0.04651595497255559
8.532382550882176,approaching,True,0.014709975,0.014709975,0.0,0.0,1.5,1.5,0.0,0.0,0.2612828979492188,3.9819030761718555,2721,35,3,4,10747.0,10749.0,-2.0,-0.018606381989022234,10747.0,-2.0,-0.018606381989022234
8.582838215865195,approaching,True,0.014709975,0.014709975,0.0,0.0,1.5,1.5,0.0,0.0,0.26126861572265625,3.9961853027343786,2730,35,3,4,10749.0,10749.0,0.0,0.0,10749.0,0.0,0.0
8.631948346970603,approaching,True,0.014709975,0.014709975,0.0,0.0,1.5,1.5,0.0,0.0,0.26126324462890627,4.001556396484363,2735,35,3,4,10751.0,10749.0,2.0,0.018606381989022234,10751.0,2.0,0.018606381989022234
8.682830872014165,approaching,True,0.014709975,0.014709975,0.0,0.0,1.5,1.5,0.0,0.0,0.261169921875,4.09487915039064,2741,35,3,4,10754.0,10749.0,5.0,0.04651595497255559,10754.0,5.0,0.04651595497255559
8.73236256185919,approaching,True,0.014709975,0.014709975,0.0,0.0,1.5,1.5,0.0,0.0,0.261169921875,4.09487915039064,2748,35,3,4,10750.0,10749.0,1.0,0.009303190994511117,10750.0,1.0,0.009303190994511117
8.799358463846147,approaching,True,0.014709975,0.014709975,0.0,0.0,1.5,1.5,0.0,0.0,0.2610693359375,4.195465087890648,2753,35,3,4,10751.0,10749.0,2.0,0.018606381989022234,10750.666666666666,1.6666666666666667,0.015505318324185197
8.83161231991835,approaching,True,0.014709975,0.014709975,0.0,0.0,1.5,1.5,0.0,0.0,0.2610693359375,4.195465087890648,2758,35,3,4,10758.0,10749.0,9.0,0.08372871895060005,10758.0,9.0,0.08372871895060004
8.883526847930625,approaching,True,0.014709975,0.014709975,0.0,0.0,1.5,1.5,0.0,0.0,0.2610272216796875,4.237579345703124,2767,35,3,4,10748.0,10749.0,-1.0,-0.009303190994511117,10748.0,-1.0,-0.009303190994511117
8.933999445987865,approaching,True,0.014709975,0.014709975,0.0,0.0,1.5,1.5,0.0,0.0,0.26089810180664064,4.366699218749992,2776,35,3,4,10750.0,10749.0,1.0,0.009303190994511117,10750.666666666666,1.6666666666666667,0.015505318324185195
9.000962937017903,approaching,True,0.014709975,0.014709975,0.0,0.0,1.5,1.5,0.0,0.0,0.26081362915039064,4.451171874999993,2785,35,3,4,10743.0,10749.0,-6.0,-0.055819145967066705,10743.0,-6.0,-0.0558191459670667
9.04936939291656,approaching,True,0.014709975,0.014709975,0.0,0.0,1.5,1.5,0.0,0.0,0.2607676696777344,4.497131347656225,2791,35,3,4,10748.0,10749.0,-1.0,-0.009303190994511117,10748.0,-1.0,-0.009303190994511117
9.100067117949948,approaching,True,0.014709975,0.014709975,0.0,0.0,1.5,1.5,0.0,0.0,0.2607676696777344,4.497131347656225,2796,35,3,4,10756.0,10749.0,7.0,0.06512233696157782,10756.0,7.0,0.06512233696157782
9.150022404035553,approaching,True,0.014709975,0.014709975,0.0,0.0,1.5,1.5,0.0,0.0,0.26071734619140624,4.547454833984387,2803,35,3,4,10750.0,10749.0,1.0,0.009303190994511117,10751.333333333334,2.3333333333333335,0.021707445653859275
9.199018948012963,approaching,True,0.014709975,0.014709975,0.0,0.0,1.5,1.5,0.0,0.0,0.26071734619140624,4.547454833984387,2809,35,3,4,10746.0,10749.0,-3.0,-0.027909572983533353,10747.333333333334,-1.6666666666666667,-0.015505318324185197
9.249220966827124,approaching,True,0.014709975,0.014709975,0.0,0.0,1.5,1.5,0.0,0.0,0.26066357421875,4.601226806640602,2815,35,3,4,10750.0,10749.0,1.0,0.009303190994511117,10750.0,1.0,0.009303190994511117
9.300708334892988,approaching,True,0.014709975,0.014709975,0.0,0.0,1.5,1.5,0.0,0.0,0.260552734375,4.7120666503906445,2821,35,3,4,10750.0,10749.0,1.0,0.009303190994511117,10750.0,1.0,0.009303190994511117
9.335160173010081,approaching,True,0.014709975,0.014709975,0.0,0.0,1.5,1.5,0.0,0.0,0.260552734375,4.7120666503906445,2828,35,3,4,10746.0,10749.0,-3.0,-0.027909572983533353,10745.333333333334,-3.6666666666666665,-0.03411170031320743
9.400413637980819,approaching,True,0.014709975,0.014709975,0.0,0.0,1.5,1.5,0.0,0.0,0.260460693359375,4.804107666015634,2833,35,3,4,10750.0,10749.0,1.0,0.009303190994511117,10747.333333333334,-1.6666666666666667,-0.015505318324185197
9.43246292998083,approaching,True,0.014709975,0.014709975,0.0,0.0,1.5,1.5,0.0,0.0,0.260460693359375,4.804107666015634,2839,35,3,4,10755.0,10749.0,6.0,0.055819145967066705,10753.333333333334,4.333333333333333,0.04031382764288151
9.484146805014461,approaching,True,0.014709975,0.014709975,0.0,0.0,1.5,1.5,0.0,0.0,0.2604412841796875,4.823516845703146,2847,35,3,4,10748.0,10749.0,-1.0,-0.009303190994511117,10748.0,-1.0,-0.009303190994511117
9.533165858825669,approaching,True,0.014709975,0.014709975,0.0,0.0,1.5,1.5,0.0,0.0,0.26036724853515625,4.89755249023438,2852,35,3,4,10747.0,10749.0,-2.0,-0.018606381989022234,10747.0,-2.0,-0.018606381989022234
9.601821190910414,approaching,True,0.014709975,0.014709975,0.0,0.0,1.5,1.5,0.0,0.0,0.26036724853515625,4.89755249023438,2861,35,3,4,10746.0,10749.0,-3.0,-0.027909572983533353,10746.0,-3.0,-0.02790957298353335
9.649534136988223,approaching,True,0.014709975,0.014709975,0.0,0.0,1.5,1.5,0.0,0.0,0.2603179016113281,4.946899414062511,2866,35,3,4,10746.0,10749.0,-3.0,-0.027909572983533353,10746.0,-3.0,-0.02790957298353335
9.69905343092978,approaching,True,0.014709975,0.014709975,0.0,0.0,1.5,1.5,0.0,0.0,0.26031008911132814,4.954711914062493,2872,35,3,4,10750.0,10749.0,1.0,0.009303190994511117,10750.0,1.0,0.009303190994511117
9.748557209037244,approaching,True,0.014709975,0.014709975,0.0,0.0,1.5,1.5,0.0,0.0,0.26031008911132814,4.954711914062493,2878,35,3,4,10750.0,10749.0,1.0,0.009303190994511117,10750.0,1.0,0.009303190994511117
9.818158569047228,approaching,True,0.014709975,0.014709975,0.0,0.0,1.5,1.5,0.0,0.0,0.2603048095703125,4.959991455078139,2884,35,3,4,10755.0,10749.0,6.0,0.055819145967066705,10755.0,6.0,0.0558191459670667
9.835440921830013,approaching,True,0.014709975,0.014709975,0.0,0.0,1.5,1.5,0.0,0.0,0.2603048095703125,4.959991455078139,2890,35,3,4,10760.0,10749.0,11.0,0.1023351009396223,10758.666666666666,9.666666666666666,0.08993084628027413
9.881712571019307,approaching,True,0.014709975,0.014709975,0.0,0.0,1.5,1.5,0.0,0.0,0.2603017578125,4.96304321289065,2900,35,3,4,10750.0,10749.0,1.0,0.009303190994511117,10750.0,1.0,0.009303190994511117
9.933608200866729,approaching,True,0.014709975,0.014709975,0.0,0.0,1.5,1.5,0.0,0.0,0.2602984313964844,4.9663696289062305,2909,35,3,4,10749.0,10749.0,0.0,0.0,10749.0,0.0,0.0
10.000922281993553,approaching,True,0.014709975,0.014709975,0.0,0.0,1.5,1.5,0.0,0.0,0.26028662109375,4.978179931640625,2919,35,3,4,10754.0,10749.0,5.0,0.04651595497255559,10755.0,6.0,0.0558191459670667
10.048966604052112,approaching,True,0.014709975,0.014709975,0.0,0.0,1.5,1.5,0.0,0.0,0.26028662109375,4.978179931640625,2923,35,3,4,10754.0,10749.0,5.0,0.04651595497255559,10754.0,5.0,0.04651595497255559
10.099004921969026,approaching,True,0.014709975,0.014709975,0.0,0.0,1.5,1.5,0.0,0.0,0.26027755737304686,4.987243652343764,2929,35,3,4,10755.0,10749.0,6.0,0.055819145967066705,10754.666666666666,5.666666666666667,0.052718082302229664
10.150141353951767,approaching,True,0.014709975,0.014709975,0.0,0.0,1.5,1.5,0.0,0.0,0.26027508544921873,4.989715576171894,2934,35,3,4,10748.0,10749.0,-1.0,-0.009303190994511117,10748.0,-1.0,-0.009303190994511117
10.21711253002286,approaching,True,0.014709975,0.014709975,0.0,0.0,1.5,1.5,0.0,0.0,0.26027508544921873,4.989715576171894,2940,35,3,4,10763.0,10749.0,14.0,0.13024467392315564,10763.0,14.0,0.13024467392315564
10.232548181898892,approaching,True,0.014709975,0.014709975,0.0,0.0,1.5,1.5,0.0,0.0,0.2602697448730469,4.9950561523437464,2945,35,3,4,10754.0,10749.0,5.0,0.04651595497255559,10748.0,-1.0,-0.009303190994511115
10.282153697917238,approaching,True,0.014709975,0.014709975,0.0,0.0,1.5,1.5,0.0,0.0,0.2602697448730469,4.9950561523437464,2952,35,3,4,10756.0,10749.0,7.0,0.06512233696157782,10756.0,7.0,0.06512233696157782
10.333767288830131,approaching,True,0.014709975,0.014709975,0.0,0.0,1.5,1.5,0.0,0.0,0.2602593078613281,5.005493164062513,2961,35,3,4,10755.0,10749.0,6.0,0.055819145967066705,10755.0,6.0,0.0558191459670667
10.400713735958561,approaching,True,0.014709975,0.014709975,0.0,0.0,1.5,1.5,0.0,0.0,0.2602347412109375,5.030059814453147,2971,35,3,4,10754.0,10749.0,5.0,0.04651595497255559,10751.666666666666,2.6666666666666665,0.024808509318696315
10.450487188994884,approaching,True,0.014709975,0.014709975,0.0,0.0,1.5,1.5,0.0,0.0,0.2602347412109375,5.030059814453147,2976,35,3,4,10749.0,10749.0,0.0,0.0,10752.333333333334,3.3333333333333335,0.031010636648370393
10.49934990494512,approaching,True,0.014709975,0.014709975,0.0,0.0,1.5,1.5,0.0,0.0,0.2601569519042969,5.107849121093744,2983,35,3,4,10748.0,10749.0,-1.0,-0.009303190994511117,10748.0,-1.0,-0.009303190994511117
10.550771659938619,approaching,True,0.014709975,0.014709975,0.0,0.0,1.5,1.5,0.0,0.0,0.2601569519042969,5.107849121093744,2988,35,3,4,10757.0,10749.0,8.0,0.07442552795608894,10757.0,8.0,0.07442552795608894
10.618138037854806,approaching,True,0.014709975,0.014709975,0.0,0.0,1.5,1.5,0.0,0.0,0.2599384765625,5.326324462890608,2994,35,3,4,10749.0,10749.0,0.0,0.0,10749.0,0.0,0.0
10.632116375956684,approaching,True,0.014709975,0.014709975,0.0,0.0,1.5,1.5,0.0,0.0,0.2599384765625,5.326324462890608,2998,35,3,4,10748.0,10749.0,-1.0,-0.009303190994511117,10748.0,-1.0,-0.009303190994511117
10.683659369824454,approaching,True,0.014709975,0.014709975,0.0,0.0,1.5,1.5,0.0,0.0,0.25957278442382814,5.6920166015624885,3004,35,3,4,10753.0,10749.0,4.0,0.03721276397804447,10752.333333333334,3.3333333333333335,0.031010636648370393
10.732592101907358,approaching,True,0.014709975,0.014709975,0.0,0.0,1.5,1.5,0.0,0.0,0.25949713134765623,5.7676696777344,3013,35,3,4,10750.0,10749.0,1.0,0.009303190994511117,10750.0,1.0,0.009303190994511117
10.799533939920366,approaching,True,0.014709975,0.014709975,0.0,0.0,1.5,1.5,0.0,0.0,0.25949713134765623,5.7676696777344,3021,35,3,4,10750.0,10749.0,1.0,0.009303190994511117,10750.0,1.0,0.009303190994511117
10.84882009983994,approaching,True,0.014709975,0.014709975,0.0,0.0,1.5,1.5,0.0,0.0,0.2594737854003906,5.791015625000007,3026,35,3,4,10748.0,10749.0,-1.0,-0.009303190994511117,10748.0,-1.0,-0.009303190994511117
10.90040236292407,approaching,True,0.014709975,0.014709975,0.0,0.0,1.5,1.5,0.0,0.0,0.259460693359375,5.804107666015634,3032,35,3,4,10751.0,10749.0,2.0,0.018606381989022234,10748.333333333334,-0.6666666666666666,-0.006202127329674078
10.950686597032472,approaching,True,0.014709975,0.014709975,0.0,0.0,1.5,1.5,0.0,0.0,0.259460693359375,5.804107666015634,3037,35,3,4,10749.0,10749.0,0.0,0.0,10750.333333333334,1.3333333333333333,0.012404254659348156
11.017481612972915,approaching,True,0.014709975,0.014709975,0.0,0.0,1.5,1.5,0.0,0.0,0.2594502563476563,5.814544677734346,3043,35,3,4,10749.0,10749.0,0.0,0.0,10749.0,0.0,0.0
11.032429209910333,approaching,True,0.014709975,0.014709975,0.0,0.0,1.5,1.5,0.0,0.0,0.2594502563476563,5.814544677734346,3047,35,3,4,10751.0,10749.0,2.0,0.018606381989022234,10750.333333333334,1.3333333333333333,0.012404254659348156
11.083107657032087,approaching,True,0.014709975,0.014709975,0.0,0.0,1.5,1.5,0.0,0.0,0.2594422302246094,5.8225708007812464,3053,35,3,4,10750.0,10749.0,1.0,0.009303190994511117,10756.666666666666,7.666666666666667,0.0713244642912519
11.13351343688555,approaching,True,0.014709975,0.014709975,0.0,0.0,1.5,1.5,0.0,0.0,0.2594422302246094,5.8225708007812464,3061,35,3,4,10748.0,10749.0,-1.0,-0.009303190994511117,10748.0,-1.0,-0.009303190994511117
11.198665156029165,approaching,True,0.014709975,0.014709975,0.0,0.0,1.5,1.5,0.0,0.0,0.2594398193359375,5.824981689453113,3070,35,3,4,10747.0,10749.0,-2.0,-0.018606381989022234,10747.0,-2.0,-0.018606381989022234
11.249091524863616,approaching,True,0.014709975,0.014709975,0.0,0.0,1.5,1.5,0.0,0.0,0.2594286804199219,5.8361206054687305,3075,35,3,4,10751.0,10749.0,2.0,0.018606381989022234,10751.0,2.0,0.018606381989022234
11.300993029028177,approaching,True,0.014709975,0.014709975,0.0,0.0,1.5,1.5,0.0,0.0,0.2594286804199219,5.8361206054687305,3081,35,3,4,10753.0,10749.0,4.0,0.03721276397804447,10753.0,4.0,0.03721276397804447
11.331794754834846,approaching,True,0.014709975,0.014709975,0.0,0.0,1.5,1.5,0.0,0.0,0.2594244384765625,5.840362548828137,3088,35,3,4,10746.0,10749.0,-3.0,-0.027909572983533353,10746.0,-3.0,-0.02790957298353335
11.399907715851441,approaching,True,0.014709975,0.014709975,0.0,0.0,1.5,1.5,0.0,0.0,0.25941064453125,5.854156494140616,3098,35,3,4,10749.0,10749.0,0.0,0.0,10749.0,0.0,0.0
11.45178738492541,approaching,True,0.014709975,0.014709975,0.0,0.0,1.5,1.5,0.0,0.0,0.25941064453125,5.854156494140616,3102,35,3,4,10747.0,10749.0,-2.0,-0.018606381989022234,10747.0,-2.0,-0.018606381989022234
11.498522136826068,approaching,True,0.014709975,0.014709975,0.0,0.0,1.5,1.5,0.0,0.0,0.2593755493164063,5.8892517089843555,3108,35,3,4,10750.0,10749.0,1.0,0.009303190994511117,10748.666666666666,-0.3333333333333333,-0.003101063664837039
11.55054494086653,approaching,True,0.014709975,0.014709975,0.0,0.0,1.5,1.5,0.0,0.0,0.2593755493164063,5.8892517089843555,3113,35,3,4,10753.0,10749.0,4.0,0.03721276397804447,10752.0,3.0,0.02790957298353335
11.619075414026156,approaching,True,0.014709975,0.014709975,0.0,0.0,1.5,1.5,0.0,0.0,0.259310546875,5.9542541503906365,3119,35,3,4,10753.0,10749.0,4.0,0.03721276397804447,10753.0,4.0,0.03721276397804447
11.634313890011981,approaching,True,0.014709975,0.014709975,0.0,0.0,1.5,1.5,0.0,0.0,0.2591067810058594,6.158020019531252,3125,35,3,4,10751.0,10749.0,2.0,0.018606381989022234,10749.666666666666,0.6666666666666666,0.006202127329674078
11.681777180870995,approaching,True,0.014709975,0.014709975,0.0,0.0,1.5,1.5,0.0,0.0,0.2591067810058594,6.158020019531252,3135,35,3,4,10746.0,10749.0,-3.0,-0.027909572983533353,10746.0,-3.0,-0.02790957298353335
11.734001498902217,approaching,True,0.014709975,0.014709975,0.0,0.0,1.5,1.5,0.0,0.0,0.25901910400390626,6.245697021484364,3145,35,3,4,10750.0,10749.0,1.0,0.009303190994511117,10750.0,1.0,0.009303190994511117
11.798885063966736,approaching,True,0.014709975,0.014709975,0.0,0.0,1.5,1.5,0.0,0.0,0.2589490051269531,6.3157958984375036,3155,35,3,4,10752.0,10749.0,3.0,0.027909572983533353,10752.0,3.0,0.02790957298353335
11.848986931843683,approaching,True,0.014709975,0.014709975,0.0,0.0,1.5,1.5,0.0,0.0,0.2588979187011719,6.366882324218725,3159,35,3,4,10742.0,10749.0,-7.0,-0.06512233696157782,10742.0,-7.0,-0.06512233696157782
11.900661655003205,approaching,True,0.014709975,0.014709975,0.0,0.0,1.5,1.5,0.0,0.0,0.25881439208984375,6.45040893554688,3165,35,3,4,10748.0,10749.0,-1.0,-0.009303190994511117,10748.0,-1.0,-0.009303190994511117
11.932003441965207,approaching,True,0.014709975,0.014709975,0.0,0.0,1.5,1.5,0.0,0.0,0.25881439208984375,6.45040893554688,3171,35,3,4,10755.0,10749.0,6.0,0.055819145967066705,10749.666666666666,0.6666666666666666,0.006202127329674079
11.983557412866503,approaching,True,0.014709975,0.014709975,0.0,0.0,1.5,1.5,0.0,0.0,0.25873297119140626,6.531829833984371,3179,35,3,4,10755.0,10749.0,6.0,0.055819145967066705,10755.0,6.0,0.0558191459670667
12.034264949848875,approaching,True,0.014709975,0.014709975,0.0,0.0,1.5,1.5,0.0,0.0,0.25873297119140626,6.531829833984371,3183,35,3,4,10748.0,10749.0,-1.0,-0.009303190994511117,10748.0,-1.0,-0.009303190994511117
12.083808406954631,approaching,True,0.014709975,0.014709975,0.0,0.0,1.5,1.5,0.0,0.0,0.25870751953125,6.557281494140643,3189,35,3,4,10753.0,10749.0,4.0,0.03721276397804447,10753.0,4.0,0.03721276397804447
12.137339551001787,approaching,True,0.014709975,0.014709975,0.0,0.0,1.5,1.5,0.0,0.0,0.25870751953125,6.557281494140643,3196,35,3,4,10755.0,10749.0,6.0,0.055819145967066705,10753.0,4.0,0.03721276397804447
12.199439303018153,approaching,True,0.014709975,0.014709975,0.0,0.0,1.5,1.5,0.0,0.0,0.2586836853027344,6.581115722656239,3201,35,3,4,10754.0,10749.0,5.0,0.04651595497255559,10754.333333333334,5.333333333333333,0.04961701863739263
12.248779888032004,approaching,True,0.014709975,0.014709975,0.0,0.0,1.5,1.5,0.0,0.0,0.2586778564453125,6.586944580078136,3206,35,3,4,10755.0,10749.0,6.0,0.055819145967066705,10755.0,6.0,0.0558191459670667
12.301920536905527,approaching,True,0.014709975,0.014709975,0.0,0.0,1.5,1.5,0.0,0.0,0.2586778564453125,6.586944580078136,3211,35,3,4,10746.0,10749.0,-3.0,-0.027909572983533353,10746.0,-3.0,-0.02790957298353335
12.348684570053592,approaching,True,0.014709975,0.014709975,0.0,0.0,1.5,1.5,0.0,0.0,0.2586624755859375,6.6023254394531055,3218,35,3,4,10747.0,10749.0,-2.0,-0.018606381989022234,10747.666666666666,-1.3333333333333333,-0.012404254659348156
12.41559269791469,approaching,True,0.014709975,0.014709975,0.0,0.0,1.5,1.5,0.0,0.0,0.25865081787109373,6.613983154296898,3224,35,3,4,10751.0,10749.0,2.0,0.018606381989022234,10751.0,2.0,0.018606381989022234
12.43295244500041,approaching,True,0.014709975,0.014709975,0.0,0.0,1.5,1.5,0.0,0.0,0.25865081787109373,6.613983154296898,3230,35,3,4,10751.0,10749.0,2.0,0.018606381989022234,10751.0,2.0,0.018606381989022234
12.483383256942034,approaching,True,0.014709975,0.014709975,0.0,0.0,1.5,1.5,0.0,0.0,0.25864410400390625,6.6206970214843786,3235,35,3,4,10745.0,10749.0,-4.0,-0.03721276397804447,10745.0,-4.0,-0.03721276397804447
12.536273212870583,approaching,True,0.014709975,0.014709975,0.0,0.0,1.5,1.5,0.0,0.0,0.25864410400390625,6.6206970214843786,3242,35,3,4,10753.0,10749.0,4.0,0.03721276397804447,10749.0,0.0,0.0
12.60266739805229,approaching,True,0.014709975,0.014709975,0.0,0.0,1.5,1.5,0.0,0.0,0.2586361389160156,6.628662109375016,3247,35,3,4,10750.0,10749.0,1.0,0.009303190994511117,10751.0,2.0,0.018606381989022234
12.633706802967936,approaching,True,0.014709975,0.014709975,0.0,0.0,1.5,1.5,0.0,0.0,0.2586361389160156,6.628662109375016,3252,35,3,4,10747.0,10749.0,-2.0,-0.018606381989022234,10747.0,-2.0,-0.018606381989022234
12.681730523938313,approaching,True,0.014709975,0.014709975,0.0,0.0,1.5,1.5,0.0,0.0,0.2586314392089844,6.633361816406225,3260,35,3,4,10748.0,10749.0,-1.0,-0.009303190994511117,10748.0,-1.0,-0.009303190994511117
12.732247301843017,approaching,True,0.014709975,0.014709975,0.0,0.0,1.5,1.5,0.0,0.0,0.2586240234375,6.640777587890612,3270,35,3,4,10752.0,10749.0,3.0,0.027909572983533353,10749.0,0.0,0.0
12.802438067970797,approaching,True,0.014709975,0.014709975,0.0,0.0,1.5,1.5,0.0,0.0,0.2586056213378906,6.659179687500016,3278,35,3,4,10754.0,10749.0,5.0,0.04651595497255559,10754.0,5.0,0.04651595497255559
12.832613860955462,approaching,True,0.014709975,0.014709975,0.0,0.0,1.5,1.5,0.0,0.0,0.2586056213378906,6.659179687500016,3283,35,3,4,10754.0,10749.0,5.0,0.04651595497255559,10754.0,5.0,0.04651595497255559
12.881804805947468,approaching,True,0.014709975,0.014709975,0.0,0.0,1.5,1.5,0.0,0.0,0.2585867919921875,6.678009033203147,3293,35,3,4,10752.0,10749.0,3.0,0.027909572983533353,10752.0,3.0,0.02790957298353335
12.931751040974632,approaching,True,0.014709975,0.014709975,0.0,0.0,1.5,1.5,0.0,0.0,0.258538818359375,6.725982666015651,3303,35,3,4,10746.0,10749.0,-3.0,-0.027909572983533353,10749.0,0.0,0.0
12.999025702942163,approaching,True,0.014709975,0.014709975,0.0,0.0,1.5,1.5,0.0,0.0,0.25844146728515627,6.823333740234361,3314,35,3,4,10751.0,10749.0,2.0,0.018606381989022234,10751.0,2.0,0.018606381989022234
13.049282453022897,approaching,True,0.014709975,0.014709975,0.0,0.0,1.5,1.5,0.0,0.0,0.25829254150390624,6.972259521484392,3318,35,3,4,10748.0,10749.0,-1.0,-0.009303190994511117,10749.0,0.0,0.0
13.083112335996702,approaching,True,0.014709975,0.014709975,0.0,0.0,1.5,1.5,0.0,0.0,0.25829254150390624,6.972259521484392,3324,35,3,4,10750.0,10749.0,1.0,0.009303190994511117,10750.0,1.0,0.009303190994511117
13.135148075874895,approaching,True,0.014709975,0.014709975,0.0,0.0,1.5,1.5,0.0,0.0,0.2582110595703125,7.0537414550781445,3330,35,3,4,10747.0,10749.0,-2.0,-0.018606381989022234,10747.0,-2.0,-0.018606381989022234
13.182819360867143,approaching,True,0.014709975,0.014709975,0.0,0.0,1.5,1.5,0.0,0.0,0.2582110595703125,7.0537414550781445,3341,35,3,4,10742.0,10749.0,-7.0,-0.06512233696157782,10742.0,-7.0,-0.06512233696157782
13.232068820856512,approaching,True,0.014709975,0.014709975,0.0,0.0,1.5,1.5,0.0,0.0,0.2581953430175781,7.069458007812502,3345,35,3,4,10746.0,10749.0,-3.0,-0.027909572983533353,10744.666666666666,-4.333333333333333,-0.040313827642881515
13.28360340395011,approaching,True,0.014709975,0.014709975,0.0,0.0,1.5,1.5,0.0,0.0,0.2581904296875,7.0743713378906286,3351,35,3,4,10748.0,10749.0,-1.0,-0.009303190994511117,10748.0,-1.0,-0.009303190994511117
13.332692958880216,approaching,True,0.014709975,0.014709975,0.0,0.0,1.5,1.5,0.0,0.0,0.2581904296875,7.0743713378906286,3359,35,3,4,10747.0,10749.0,-2.0,-0.018606381989022234,10746.333333333334,-2.6666666666666665,-0.024808509318696312
13.400261376984417,approaching,True,0.014709975,0.014709975,0.0,0.0,1.5,1.5,0.0,0.0,0.25818463134765623,7.080169677734394,3363,35,3,4,10747.0,10749.0,-2.0,-0.018606381989022234,10747.0,-2.0,-0.018606381989022234
13.431624312885106,approaching,True,0.014709975,0.014709975,0.0,0.0,1.5,1.5,0.0,0.0,0.25818463134765623,7.080169677734394,3370,35,3,4,10748.0,10749.0,-1.0,-0.009303190994511117,10748.0,-1.0,-0.009303190994511117
13.482005578000098,approaching,True,0.014709975,0.014709975,0.0,0.0,1.5,1.5,0.0,0.0,0.258181396484375,7.0834045410156365,3380,35,3,4,10753.0,10749.0,4.0,0.03721276397804447,10753.0,4.0,0.03721276397804447
13.533180994912982,approaching,True,0.014709975,0.014709975,0.0,0.0,1.5,1.5,0.0,0.0,0.2581814270019531,7.083374023437505,3390,35,3,4,10751.0,10749.0,2.0,0.018606381989022234,10747.0,-2.0,-0.018606381989022234
13.600788041949272,approaching,True,0.014709975,0.014709975,0.0,0.0,1.5,1.5,0.0,0.0,0.2581763610839844,7.088439941406232,3400,35,3,4,10748.0,10749.0,-1.0,-0.009303190994511117,10748.0,-1.0,-0.009303190994511117
13.651734446873888,approaching,True,0.014709975,0.014709975,0.0,0.0,1.5,1.5,0.0,0.0,0.25817041015625003,7.094390869140598,3405,35,3,4,10752.0,10749.0,3.0,0.027909572983533353,10752.0,3.0,0.02790957298353335
13.698808712884784,approaching,True,0.014709975,0.014709975,0.0,0.0,1.5,1.5,0.0,0.0,0.25815557861328126,7.109222412109373,3410,35,3,4,10743.0,10749.0,-6.0,-0.055819145967066705,10746.0,-3.0,-0.02790957298353335
13.734761607833207,approaching,True,0.014709975,0.014709975,0.0,0.0,1.5,1.5,0.0,0.0,0.25815557861328126,7.109222412109373,3417,35,3,4,10754.0,10749.0,5.0,0.04651595497255559,10754.0,5.0,0.04651595497255559
13.801860719919205,approaching,True,0.014709975,0.014709975,0.0,0.0,1.5,1.5,0.0,0.0,0.25813308715820316,7.1317138671874725,3422,35,3,4,10741.0,10749.0,-8.0,-0.07442552795608894,10741.0,-8.0,-0.07442552795608894
13.832846198929474,approaching,True,0.014709975,0.014709975,0.0,0.0,1.5,1.5,0.0,0.0,0.25813308715820316,7.1317138671874725,3427,35,3,4,10754.0,10749.0,5.0,0.04651595497255559,10750.666666666666,1.6666666666666667,0.015505318324185197
13.885290201986209,approaching,True,0.015690640000000002,0.014709975,0.000980665000000002,0.000980665000000002,1.6000000000000003,1.5,0.10000000000000021,0.10000000000000021,0.2581044921875,7.16030883789065,3435,35,3,4,10750.0,10749.0,1.0,0.009303190994511117,10750.0,1.0,0.009303190994511117
13.932130422908813,approaching,True,0.015690640000000002,0.014709975,0.000980665000000002,0.000980665000000002,1.6000000000000003,1.5,0.10000000000000021,0.10000000000000021,0.2581044921875,7.16030883789065,3439,35,3,4,10748.0,10749.0,-1.0,-0.009303190994511117,10748.0,-1.0,-0.009303190994511117
14.001256515970454,approaching,True,0.015690640000000002,0.014709975,0.000980665000000002,0.000980665000000002,1.6000000000000003,1.5,0.10000000000000021,0.10000000000000021,0.25804248046875,7.222320556640627,3446,35,3,4,10748.0,10749.0,-1.0,-0.009303190994511117,10748.0,-1.0,-0.009303190994511117
14.03321024402976,approaching,True,0.015690640000000002,0.014709975,0.000980665000000002,0.000980665000000002,1.6000000000000003,1.5,0.10000000000000021,0.10000000000000021,0.25773852539062503,7.5262756347656,3451,35,3,4,10745.0,10749.0,-4.0,-0.03721276397804447,10747.0,-2.0,-0.018606381989022234
14.082118226913735,approaching,True,0.015690640000000002,0.014709975,0.000980665000000002,0.000980665000000002,1.6000000000000003,1.5,0.10000000000000021,0.10000000000000021,0.25773852539062503,7.5262756347656,3458,35,3,4,10752.0,10749.0,3.0,0.027909572983533353,10752.0,3.0,0.02790957298353335
14.13206300791353,approaching,True,0.015690640000000002,0.014709975,0.000980665000000002,0.000980665000000002,1.6000000000000003,1.5,0.10000000000000021,0.10000000000000021,0.25752728271484376,7.737518310546864,3467,35,3,4,10751.0,10749.0,2.0,0.018606381989022234,10751.0,2.0,0.018606381989022234
14.200928068021312,approaching,True,0.015690640000000002,0.014709975,0.000980665000000002,0.000980665000000002,1.6000000000000003,1.5,0.10000000000000021,0.10000000000000021,0.25752728271484376,7.737518310546864,3476,35,3,4,10752.0,10749.0,3.0,0.027909572983533353,10752.0,3.0,0.02790957298353335
14.248438336886466,approaching,True,0.015690640000000002,0.014709975,0.000980665000000002,0.000980665000000002,1.6000000000000003,1.5,0.10000000000000021,0.10000000000000021,0.25741128540039065,7.853515624999973,3480,35,3,4,10753.0,10749.0,4.0,0.03721276397804447,10749.0,0.0,0.0
14.300235775997862,approaching,True,0.015690640000000002,0.014709975,0.000980665000000002,0.000980665000000002,1.6000000000000003,1.5,0.10000000000000021,0.10000000000000021,0.25739828491210937,7.866516113281263,3486,35,3,4,10753.0,10749.0,4.0,0.03721276397804447,10753.0,4.0,0.03721276397804447
14.349316838895902,approaching,True,0.015690640000000002,0.014709975,0.000980665000000002,0.000980665000000002,1.6000000000000003,1.5,0.10000000000000021,0.10000000000000021,0.25739828491210937,7.866516113281263,3492,35,3,4,10751.0,10749.0,2.0,0.018606381989022234,10751.0,2.0,0.018606381989022234
14.417557504959404,approaching,True,0.014709975,0.014709975,0.0,0.0,1.5,1.5,0.0,0.0,0.2573851013183594,7.879699707031229,3498,35,3,4,10749.0,10749.0,0.0,0.0,10749.0,0.0,0.0
14.43480372405611,approaching,True,0.014709975,0.014709975,0.0,0.0,1.5,1.5,0.0,0.0,0.2573851013183594,7.879699707031229,3504,35,3,4,10756.0,10749.0,7.0,0.06512233696157782,10757.333333333334,8.333333333333334,0.07752659162092597
14.482005428988487,approaching,True,0.014709975,0.014709975,0.0,0.0,1.5,1.5,0.0,0.0,0.2573742370605469,7.890563964843722,3514,35,3,4,10751.0,10749.0,2.0,0.018606381989022234,10751.0,2.0,0.018606381989022234
14.533666878938675,approaching,True,0.014709975,0.014709975,0.0,0.0,1.5,1.5,0.0,0.0,0.25736441040039065,7.900390624999975,3524,35,3,4,10749.0,10749.0,0.0,0.0,10749.0,0.0,0.0
14.600123755866662,approaching,True,0.014709975,0.014709975,0.0,0.0,1.5,1.5,0.0,0.0,0.25735699462890627,7.907806396484363,3534,35,3,4,10743.0,10749.0,-6.0,-0.055819145967066705,10744.333333333334,-4.666666666666667,-0.04341489130771855
14.632176992949098,approaching,True,0.014709975,0.014709975,0.0,0.0,1.5,1.5,0.0,0.0,0.25734524536132813,7.919555664062495,3541,35,3,4,10751.0,10749.0,2.0,0.018606381989022234,10751.0,2.0,0.018606381989022234
14.682439277879894,approaching,True,0.014709975,0.014709975,0.0,0.0,1.5,1.5,0.0,0.0,0.25733221435546877,7.932586669921859,3551,35,3,4,10750.0,10749.0,1.0,0.009303190994511117,10750.0,1.0,0.009303190994511117
14.732011741958559,approaching,True,0.014709975,0.014709975,0.0,0.0,1.5,1.5,0.0,0.0,0.2573152770996094,7.949523925781243,3561,35,3,4,10751.0,10749.0,2.0,0.018606381989022234,10751.0,2.0,0.018606381989022234
14.783152024960145,approaching,True,0.014709975,0.014709975,0.0,0.0,1.5,1.5,0.0,0.0,0.25729864501953126,7.966156005859371,3571,35,3,4,10752.0,10749.0,3.0,0.027909572983533353,10752.0,3.0,0.02790957298353335
14.832090090028942,approaching,True,0.014709975,0.014709975,0.0,0.0,1.5,1.5,0.0,0.0,0.2572757568359375,7.989044189453121,3576,35,3,4,10743.0,10749.0,-6.0,-0.055819145967066705,10743.0,-6.0,-0.0558191459670667
14.882356710033491,approaching,True,0.014709975,0.014709975,0.0,0.0,1.5,1.5,0.0,0.0,0.2572757568359375,7.989044189453121,3583,35,3,4,10746.0,10749.0,-3.0,-0.027909572983533353,10747.666666666666,-1.3333333333333333,-0.012404254659348158
14.932596457889304,approaching,True,0.014709975,0.014709975,0.0,0.0,1.5,1.5,0.0,0.0,0.2571192016601563,8.145599365234347,3591,35,3,4,10749.0,10749.0,0.0,0.0,10749.0,0.0,0.0
14.998873258940876,approaching,True,0.014709975,0.014709975,0.0,0.0,1.5,1.5,0.0,0.0,0.25691775512695314,8.34704589843749,3599,35,3,4,10756.0,10749.0,7.0,0.06512233696157782,10756.0,7.0,0.06512233696157782
15.049048343906179,approaching,True,0.014709975,0.014709975,0.0,0.0,1.5,1.5,0.0,0.0,0.25691775512695314,8.34704589843749,3605,35,3,4,10756.0,10749.0,7.0,0.06512233696157782,10756.0,7.0,0.06512233696157782
15.082094770856202,approaching,True,0.014709975,0.014709975,0.0,0.0,1.5,1.5,0.0,0.0,0.25678955078125,8.475250244140643,3613,35,3,4,10754.0,10749.0,5.0,0.04651595497255559,10750.666666666666,1.6666666666666667,0.015505318324185197
15.134392832871526,approaching,True,0.014709975,0.014709975,0.0,0.0,1.5,1.5,0.0,0.0,0.25678955078125,8.475250244140643,3623,35,3,4,10751.0,10749.0,2.0,0.018606381989022234,10751.0,2.0,0.018606381989022234
15.200926577905193,approaching,True,0.014709975,0.014709975,0.0,0.0,1.5,1.5,0.0,0.0,0.25673733520507813,8.527465820312496,3631,35,3,4,10744.0,10749.0,-5.0,-0.04651595497255559,10744.0,-5.0,-0.04651595497255559
15.248839108040556,approaching,True,0.014709975,0.014709975,0.0,0.0,1.5,1.5,0.0,0.0,0.2566060791015625,8.658721923828105,3635,35,3,4,10753.0,10749.0,4.0,0.03721276397804447,10753.0,4.0,0.03721276397804447
15.29916854086332,approaching,True,0.014709975,0.014709975,0.0,0.0,1.5,1.5,0.0,0.0,0.2566060791015625,8.658721923828105,3641,35,3,4,10749.0,10749.0,0.0,0.0,10749.0,0.0,0.0
15.350856372853741,approaching,True,0.014709975,0.014709975,0.0,0.0,1.5,1.5,0.0,0.0,0.2565299377441406,8.734863281250005,3648,35,3,4,10750.0,10749.0,1.0,0.009303190994511117,10750.0,1.0,0.009303190994511117
15.39880253886804,approaching,True,0.014709975,0.014709975,0.0,0.0,1.5,1.5,0.0,0.0,0.2565299377441406,8.734863281250005,3655,35,3,4,10749.0,10749.0,0.0,0.0,10749.0,0.0,0.0
15.448875669855624,approaching,True,0.015690640000000002,0.014709975,0.000980665000000002,0.000980665000000002,1.6000000000000003,1.5,0.10000000000000021,0.10000000000000021,0.2565146484375,8.750152587890636,3660,35,3,4,10744.0,10749.0,-5.0,-0.04651595497255559,10744.0,-5.0,-0.04651595497255559
15.483152749016881,approaching,True,0.015690640000000002,0.014709975,0.000980665000000002,0.000980665000000002,1.6000000000000003,1.5,0.10000000000000021,0.10000000000000021,0.2565146484375,8.750152587890636,3667,35,3,4,10751.0,10749.0,2.0,0.018606381989022234,10751.666666666666,2.6666666666666665,0.024808509318696312
15.53240752290003,approaching,True,0.015690640000000002,0.014709975,0.000980665000000002,0.000980665000000002,1.6000000000000003,1.5,0.10000000000000021,0.10000000000000021,0.25650881958007815,8.755981445312477,3673,35,3,4,10749.0,10749.0,0.0,0.0,10749.0,0.0,0.0
15.601644156966358,approaching,True,0.015690640000000002,0.014709975,0.000980665000000002,0.000980665000000002,1.6000000000000003,1.5,0.10000000000000021,0.10000000000000021,0.2564963684082031,8.768432617187516,3678,35,3,4,10748.0,10749.0,-1.0,-0.009303190994511117,10748.333333333334,-0.6666666666666666,-0.006202127329674078
15.6338755779434,approaching,True,0.015690640000000002,0.014709975,0.000980665000000002,0.000980665000000002,1.6000000000000003,1.5,0.10000000000000021,0.10000000000000021,0.2564963684082031,8.768432617187516,3683,35,3,4,10748.0,10749.0,-1.0,-0.009303190994511117,10748.0,-1.0,-0.009303190994511117
15.681820556055754,approaching,True,0.015690640000000002,0.014709975,0.000980665000000002,0.000980665000000002,1.6000000000000003,1.5,0.10000000000000021,0.10000000000000021,0.25648840332031253,8.776397705078098,3691,35,3,4,10749.0,10749.0,0.0,0.0,10753.0,4.0,0.03721276397804447
15.734007935039699,approaching,True,0.015690640000000002,0.014709975,0.000980665000000002,0.000980665000000002,1.6000000000000003,1.5,0.10000000000000021,0.10000000000000021,0.2564798583984375,8.784942626953118,3701,35,3,4,10745.0,10749.0,-4.0,-0.03721276397804447,10745.0,-4.0,-0.03721276397804447
15.798861825838685,approaching,True,0.015690640000000002,0.014709975,0.000980665000000002,0.000980665000000002,1.6000000000000003,1.5,0.10000000000000021,0.10000000000000021,0.2564798583984375,8.784942626953118,3709,35,3,4,10749.0,10749.0,0.0,0.0,10749.0,0.0,0.0
15.831596829928458,approaching,True,0.015690640000000002,0.014709975,0.000980665000000002,0.000980665000000002,1.6000000000000003,1.5,0.10000000000000021,0.10000000000000021,0.25646176147460936,8.803039550781266,3715,35,3,4,10752.0,10749.0,3.0,0.027909572983533353,10752.0,3.0,0.02790957298353335
15.881592056015506,approaching,True,0.015690640000000002,0.014709975,0.000980665000000002,0.000980665000000002,1.6000000000000003,1.5,0.10000000000000021,0.10000000000000021,0.2564069213867188,8.85787963867185,3725,35,3,4,10754.0,10749.0,5.0,0.04651595497255559,10753.333333333334,4.333333333333333,0.04031382764288151
15.931918452959508,approaching,True,0.015690640000000002,0.014709975,0.000980665000000002,0.000980665000000002,1.6000000000000003,1.5,0.10000000000000021,0.10000000000000021,0.25631475830078126,8.950042724609364,3736,35,3,4,10743.0,10749.0,-6.0,-0.055819145967066705,10743.0,-6.0,-0.0558191459670667
16.000995612936094,approaching,True,0.015690640000000002,0.014709975,0.000980665000000002,0.000980665000000002,1.6000000000000003,1.5,0.10000000000000021,0.10000000000000021,0.25629476928710937,8.970031738281259,3746,35,3,4,10749.0,10749.0,0.0,0.0,10749.0,0.0,0.0
16.049535024911165,approaching,True,0.015690640000000002,0.014709975,0.000980665000000002,0.000980665000000002,1.6000000000000003,1.5,0.10000000000000021,0.10000000000000021,0.2562646484375,9.000152587890609,3750,35,3,4,10752.0,10749.0,3.0,0.027909572983533353,10751.0,2.0,0.018606381989022234
16.09856444504112,approaching,True,0.015690640000000002,0.014709975,0.000980665000000002,0.000980665000000002,1.6000000000000003,1.5,0.10000000000000021,0.10000000000000021,0.2562646484375,9.000152587890609,3756,35,3,4,10746.0,10749.0,-3.0,-0.027909572983533353,10746.0,-3.0,-0.02790957298353335
16.132839693920687,approaching,True,0.015690640000000002,0.014709975,0.000980665000000002,0.000980665000000002,1.6000000000000003,1.5,0.10000000000000021,0.10000000000000021,0.2562066955566406,9.058105468750021,3763,35,3,4,10746.0,10749.0,-3.0,-0.027909572983533353,10745.333333333334,-3.6666666666666665,-0.03411170031320743
16.19869195483625,approaching,True,0.015690640000000002,0.014709975,0.000980665000000002,0.000980665000000002,1.6000000000000003,1.5,0.10000000000000021,0.10000000000000021,0.2562066955566406,9.058105468750021,3769,35,3,4,10748.0,10749.0,-1.0,-0.009303190994511117,10748.0,-1.0,-0.009303190994511117
16.23545084404759,approaching,True,0.015690640000000002,0.014709975,0.000980665000000002,0.000980665000000002,1.6000000000000003,1.5,0.10000000000000021,0.10000000000000021,0.25608966064453126,9.17514038085937,3774,35,3,4,10748.0,10749.0,-1.0,-0.009303190994511117,10748.0,-1.0,-0.009303190994511117
16.283558710943907,approaching,True,0.015690640000000002,0.014709975,0.000980665000000002,0.000980665000000002,1.6000000000000003,1.5,0.10000000000000021,0.10000000000000021,0.25608966064453126,9.17514038085937,3782,35,3,4,10750.0,10749.0,1.0,0.009303190994511117,10750.0,1.0,0.009303190994511117
16.334019609028473,approaching,True,0.015690640000000002,0.014709975,0.000980665000000002,0.000980665000000002,1.6000000000000003,1.5,0.10000000000000021,0.10000000000000021,0.2560466003417969,9.218200683593746,3792,35,3,4,10753.0,10749.0,4.0,0.03721276397804447,10753.0,4.0,0.03721276397804447
16.398716573836282,approaching,True,0.015690640000000002,0.014709975,0.000980665000000002,0.000980665000000002,1.6000000000000003,1.5,0.10000000000000021,0.10000000000000021,0.2560404052734375,9.224395751953107,3801,35,3,4,10750.0,10749.0,1.0,0.009303190994511117,10750.0,1.0,0.009303190994511117
16.44861131394282,approaching,True,0.015690640000000002,0.014709975,0.000980665000000002,0.000980665000000002,1.6000000000000003,1.5,0.10000000000000021,0.10000000000000021,0.2560257568359375,9.23904418945315,3806,35,3,4,10755.0,10749.0,6.0,0.055819145967066705,10753.333333333334,4.333333333333333,0.04031382764288151
16.500403366982937,approaching,True,0.014709975,0.014709975,0.0,0.0,1.5,1.5,0.0,0.0,0.2560257568359375,9.23904418945315,3812,35,3,4,10750.0,10749.0,1.0,0.009303190994511117,10750.0,1.0,0.009303190994511117
16.549977751914412,approaching,True,0.014709975,0.014709975,0.0,0.0,1.5,1.5,0.0,0.0,0.2560221862792969,9.242614746093725,3818,35,3,4,10756.0,10749.0,7.0,0.06512233696157782,10756.0,7.0,0.06512233696157782
16.616836859844625,approaching,True,0.014709975,0.014709975,0.0,0.0,1.5,1.5,0.0,0.0,0.256010009765625,9.254791259765637,3824,35,3,4,10751.0,10749.0,2.0,0.018606381989022234,10750.666666666666,1.6666666666666667,0.015505318324185197
16.63241070602089,approaching,True,0.014709975,0.014709975,0.0,0.0,1.5,1.5,0.0,0.0,0.256010009765625,9.254791259765637,3830,35,3,4,10746.0,10749.0,-3.0,-0.027909572983533353,10747.666666666666,-1.3333333333333333,-0.012404254659348158
16.68226395896636,approaching,True,0.014709975,0.014709975,0.0,0.0,1.5,1.5,0.0,0.0,0.25600128173828124,9.26351928710939,3839,35,3,4,10749.0,10749.0,0.0,0.0,10749.0,0.0,0.0
16.73368948791176,approaching,True,0.014709975,0.014709975,0.0,0.0,1.5,1.5,0.0,0.0,0.25600128173828124,9.26351928710939,3847,35,3,4,10752.0,10749.0,3.0,0.027909572983533353,10750.0,1.0,0.009303190994511117
16.800785650033504,approaching,True,0.014709975,0.014709975,0.0,0.0,1.5,1.5,0.0,0.0,0.2559713897705078,9.29341125488281,3856,35,3,4,10755.0,10749.0,6.0,0.055819145967066705,10755.0,6.0,0.0558191459670667
16.848428651923314,approaching,True,0.014709975,0.014709975,0.0,0.0,1.5,1.5,0.0,0.0,0.25589320373535157,9.371597290039057,3860,35,3,4,10749.0,10749.0,0.0,0.0,10751.0,2.0,0.018606381989022234
16.901724596042186,approaching,True,0.014709975,0.014709975,0.0,0.0,1.5,1.5,0.0,0.0,0.25589320373535157,9.371597290039057,3866,35,3,4,10754.0,10749.0,5.0,0.04651595497255559,10754.0,5.0,0.04651595497255559
16.948280891869217,approaching,True,0.014709975,0.014709975,0.0,0.0,1.5,1.5,0.0,0.0,0.25573377990722657,9.531021118164062,3873,35,3,4,10750.0,10749.0,1.0,0.009303190994511117,10750.666666666666,1.6666666666666667,0.015505318324185195
17.01531731383875,approaching,True,0.014709975,0.014709975,0.0,0.0,1.5,1.5,0.0,0.0,0.2557035217285156,9.561279296875004,3879,35,3,4,10753.0,10749.0,4.0,0.03721276397804447,10751.0,2.0,0.018606381989022234
17.03937852103263,approaching,True,0.014709975,0.014709975,0.0,0.0,1.5,1.5,0.0,0.0,0.2557035217285156,9.561279296875004,3883,35,3,4,10741.0,10749.0,-8.0,-0.07442552795608894,10749.0,0.0,0.0
17.08321723388508,approaching,True,0.014709975,0.014709975,0.0,0.0,1.5,1.5,0.0,0.0,0.2557035217285156,9.561279296875004,3888,35,3,4,10747.0,10749.0,-2.0,-0.018606381989022234,10747.0,-2.0,-0.018606381989022234
17.133521993877366,approaching,True,0.014709975,0.014709975,0.0,0.0,1.5,1.5,0.0,0.0,0.25568316650390627,9.58163452148436,3894,35,3,4,10749.0,10749.0,0.0,0.0,10749.0,0.0,0.0
17.20093334489502,approaching,True,0.014709975,0.014709975,0.0,0.0,1.5,1.5,0.0,0.0,0.25565562438964845,9.609176635742179,3899,35,3,4,10745.0,10749.0,-4.0,-0.03721276397804447,10745.0,-4.0,-0.03721276397804447
17.23207548283972,approaching,True,0.014709975,0.014709975,0.0,0.0,1.5,1.5,0.0,0.0,0.25565562438964845,9.609176635742179,3904,35,3,4,10750.0,10749.0,1.0,0.009303190994511117,10750.0,1.0,0.009303190994511117
17.284288445021957,approaching,True,0.014709975,0.014709975,0.0,0.0,1.5,1.5,0.0,0.0,0.2555160827636719,9.748718261718746,3911,35,3,4,10748.0,10749.0,-1.0,-0.009303190994511117,10748.0,-1.0,-0.009303190994511117
17.332870052894577,approaching,True,0.014709975,0.014709975,0.0,0.0,1.5,1.5,0.0,0.0,0.2555160827636719,9.748718261718746,3917,35,3,4,10748.0,10749.0,-1.0,-0.009303190994511117,10748.0,-1.0,-0.009303190994511117
17.39877351000905,approaching,True,0.014709975,0.014709975,0.0,0.0,1.5,1.5,0.0,0.0,0.2555076141357422,9.75718688964844,3926,35,3,4,10749.0,10749.0,0.0,0.0,10750.333333333334,1.3333333333333333,0.012404254659348156
17.448374654864892,approaching,True,0.014709975,0.014709975,0.0,0.0,1.5,1.5,0.0,0.0,0.25549954223632815,9.76525878906248,3932,35,3,4,10754.0,10749.0,5.0,0.04651595497255559,10752.333333333334,3.3333333333333335,0.031010636648370393
17.5008271089755,approaching,True,0.014709975,0.014709975,0.0,0.0,1.5,1.5,0.0,0.0,0.25549954223632815,9.76525878906248,3937,35,3,4,10752.0,10749.0,3.0,0.027909572983533353,10752.666666666666,3.6666666666666665,0.034111700313207434
17.54922523489222,approaching,True,0.014709975,0.014709975,0.0,0.0,1.5,1.5,0.0,0.0,0.25550949096679687,9.755310058593757,3943,35,3,4,10747.0,10749.0,-2.0,-0.018606381989022234,10747.0,-2.0,-0.018606381989022234
17.615849311929196,approaching,True,0.014709975,0.014709975,0.0,0.0,1.5,1.5,0.0,0.0,0.25550949096679687,9.755310058593757,3949,35,3,4,10746.0,10749.0,-3.0,-0.027909572983533353,10746.0,-3.0,-0.02790957298353335
17.63518528896384,approaching,True,0.014709975,0.014709975,0.0,0.0,1.5,1.5,0.0,0.0,0.2555003662109375,9.764434814453104,3954,35,3,4,10750.0,10749.0,1.0,0.009303190994511117,10750.0,1.0,0.009303190994511117
17.683722296031192,approaching,True,0.014709975,0.014709975,0.0,0.0,1.5,1.5,0.0,0.0,0.2555003662109375,9.764434814453104,3962,35,3,4,10751.0,10749.0,2.0,0.018606381989022234,10751.0,2.0,0.018606381989022234
17.73212005291134,approaching,True,0.014709975,0.014709975,0.0,0.0,1.5,1.5,0.0,0.0,0.25547305297851564,9.791748046874993,3972,35,3,4,10752.0,10749.0,3.0,0.027909572983533353,10752.0,3.0,0.02790957298353335
17.79920789389871,approaching,True,0.014709975,0.014709975,0.0,0.0,1.5,1.5,0.0,0.0,0.255427001953125,9.837799072265618,3981,35,3,4,10751.0,10749.0,2.0,0.018606381989022234,10749.0,0.0,0.0
17.853146381909028,approaching,True,0.014709975,0.014709975,0.0,0.0,1.5,1.5,0.0,0.0,0.255283203125,9.981597900390604,3985,35,3,4,10751.0,10749.0,2.0,0.018606381989022234,10751.0,2.0,0.018606381989022234
17.90057434490882,approaching,True,0.014709975,0.014709975,0.0,0.0,1.5,1.5,0.0,0.0,0.255283203125,9.981597900390604,3991,35,3,4,10749.0,10749.0,0.0,0.0,10750.333333333334,1.3333333333333333,0.012404254659348156
17.950537903932855,approaching,True,0.014709975,0.014709975,0.0,0.0,1.5,1.5,0.0,0.0,0.25515505981445313,10.109741210937495,3998,35,3,4,10746.0,10749.0,-3.0,-0.027909572983533353,10746.0,-3.0,-0.02790957298353335
18.018212727969512,approaching,True,0.014709975,0.014709975,0.0,0.0,1.5,1.5,0.0,0.0,0.25515505981445313,10.109741210937495,4004,35,3,4,10745.0,10749.0,-4.0,-0.03721276397804447,10745.0,-4.0,-0.03721276397804447
18.032848807051778,approaching,True,0.014709975,0.014709975,0.0,0.0,1.5,1.5,0.0,0.0,0.2550852813720703,10.179519653320312,4007,35,3,4,10750.0,10749.0,1.0,0.009303190994511117,10750.0,1.0,0.009303190994511117
18.08604153804481,approaching,True,0.014709975,0.014709975,0.0,0.0,1.5,1.5,0.0,0.0,0.2550852813720703,10.179519653320312,4014,35,3,4,10755.0,10749.0,6.0,0.055819145967066705,10755.0,6.0,0.0558191459670667
18.134065113961697,approaching,True,0.014709975,0.014709975,0.0,0.0,1.5,1.5,0.0,0.0,0.25480720520019534,10.457595825195288,4020,35,3,4,10746.0,10749.0,-3.0,-0.027909572983533353,10746.0,-3.0,-0.02790957298353335
18.200326069025323,approaching,True,0.014709975,0.014709975,0.0,0.0,1.5,1.5,0.0,0.0,0.25473651123046875,10.528289794921875,4028,35,3,4,10753.0,10749.0,4.0,0.03721276397804447,10752.333333333334,3.3333333333333335,0.031010636648370393
18.2503687038552,approaching,True,0.014709975,0.014709975,0.0,0.0,1.5,1.5,0.0,0.0,0.25473651123046875,10.528289794921875,4033,35,3,4,10753.0,10749.0,4.0,0.03721276397804447,10753.0,4.0,0.03721276397804447
18.29988310090266,approaching,True,0.014709975,0.014709975,0.0,0.0,1.5,1.5,0.0,0.0,0.2547153015136719,10.549499511718741,4039,35,3,4,10747.0,10749.0,-2.0,-0.018606381989022234,10747.666666666666,-1.3333333333333333,-0.012404254659348156
18.348869608948007,approaching,True,0.014709975,0.014709975,0.0,0.0,1.5,1.5,0.0,0.0,0.2547153015136719,10.549499511718741,4045,35,3,4,10745.0,10749.0,-4.0,-0.03721276397804447,10745.666666666666,-3.3333333333333335,-0.031010636648370393
18.41542162792757,approaching,True,0.014709975,0.014709975,0.0,0.0,1.5,1.5,0.0,0.0,0.25470025634765625,10.564544677734379,4051,35,3,4,10740.0,10749.0,-9.0,-0.08372871895060005,10740.0,-9.0,-0.08372871895060004
18.432939821854234,approaching,True,0.014709975,0.014709975,0.0,0.0,1.5,1.5,0.0,0.0,0.25470025634765625,10.564544677734379,4056,35,3,4,10749.0,10749.0,0.0,0.0,10749.0,0.0,0.0
18.48179465183057,approaching,True,0.014709975,0.014709975,0.0,0.0,1.5,1.5,0.0,0.0,0.2546826782226563,10.58212280273435,4063,35,3,4,10748.0,10749.0,-1.0,-0.009303190994511117,10744.0,-5.0,-0.04651595497255559
18.53394536091946,approaching,True,0.014709975,0.014709975,0.0,0.0,1.5,1.5,0.0,0.0,0.2546683654785156,10.596435546875005,4070,35,3,4,10748.0,10749.0,-1.0,-0.009303190994511117,10748.0,-1.0,-0.009303190994511117
18.599210205022246,approaching,True,0.014709975,0.014709975,0.0,0.0,1.5,1.5,0.0,0.0,0.2546683654785156,10.596435546875005,4077,35,3,4,10745.0,10749.0,-4.0,-0.03721276397804447,10745.0,-4.0,-0.03721276397804447
18.65207557589747,approaching,True,0.014709975,0.014709975,0.0,0.0,1.5,1.5,0.0,0.0,0.2546546630859375,10.610137939453146,4082,35,3,4,10750.0,10749.0,1.0,0.009303190994511117,10750.0,1.0,0.009303190994511117
18.698646783828735,approaching,True,0.014709975,0.014709975,0.0,0.0,1.5,1.5,0.0,0.0,0.2546323547363281,10.632446289062514,4089,35,3,4,10747.0,10749.0,-2.0,-0.018606381989022234,10747.666666666666,-1.3333333333333333,-0.012404254659348156
18.749274480855092,approaching,True,0.014709975,0.014709975,0.0,0.0,1.5,1.5,0.0,0.0,0.2546323547363281,10.632446289062514,4094,35,3,4,10744.0,10749.0,-5.0,-0.04651595497255559,10745.0,-4.0,-0.03721276397804447
18.798823399003595,approaching,True,0.014709975,0.014709975,0.0,0.0,1.5,1.5,0.0,0.0,0.25459649658203126,10.668304443359366,4102,35,3,4,10744.0,10749.0,-5.0,-0.04651595497255559,10744.0,-5.0,-0.04651595497255559
18.84871478891,approaching,True,0.014709975,0.014709975,0.0,0.0,1.5,1.5,0.0,0.0,0.25459649658203126,10.668304443359366,4107,35,3,4,10748.0,10749.0,-1.0,-0.009303190994511117,10748.0,-1.0,-0.009303190994511117
18.89832516084425,approaching,True,0.014709975,0.014709975,0.0,0.0,1.5,1.5,0.0,0.0,0.2545235900878906,10.741210937500023,4114,35,3,4,10740.0,10749.0,-9.0,-0.08372871895060005,10740.0,-9.0,-0.08372871895060004
18.95248364796862,approaching,True,0.015690640000000002,0.014709975,0.000980665000000002,0.000980665000000002,1.6000000000000003,1.5,0.10000000000000021,0.10000000000000021,0.25431295776367185,10.951843261718775,4119,35,3,4,10748.0,10749.0,-1.0,-0.009303190994511117,10745.333333333334,-3.6666666666666665,-0.03411170031320743
19.018148565897718,approaching,True,0.015690640000000002,0.014709975,0.000980665000000002,0.000980665000000002,1.6000000000000003,1.5,0.10000000000000021,0.10000000000000021,0.25431295776367185,10.951843261718775,4125,35,3,4,10753.0,10749.0,4.0,0.03721276397804447,10753.0,4.0,0.03721276397804447
19.034147831844166,approaching,True,0.015690640000000002,0.014709975,0.000980665000000002,0.000980665000000002,1.6000000000000003,1.5,0.10000000000000021,0.10000000000000021,0.25408740234375,11.177398681640637,4131,35,3,4,10755.0,10749.0,6.0,0.055819145967066705,10753.0,4.0,0.03721276397804447
19.08354533300735,approaching,True,0.015690640000000002,0.014709975,0.000980665000000002,0.000980665000000002,1.6000000000000003,1.5,0.10000000000000021,0.10000000000000021,0.25408740234375,11.177398681640637,4139,35,3,4,10750.0,10749.0,1.0,0.009303190994511117,10753.333333333334,4.333333333333333,0.04031382764288151
19.131922639906406,approaching,True,0.015690640000000002,0.014709975,0.000980665000000002,0.000980665000000002,1.6000000000000003,1.5,0.10000000000000021,0.10000000000000021,0.25398699951171877,11.277801513671859,4149,35,3,4,10744.0,10749.0,-5.0,-0.04651595497255559,10744.0,-5.0,-0.04651595497255559
19.202833995921537,approaching,True,0.015690640000000002,0.014709975,0.000980665000000002,0.000980665000000002,1.6000000000000003,1.5,0.10000000000000021,0.10000000000000021,0.2539388732910156,11.325927734375018,4159,35,3,4,10749.0,10749.0,0.0,0.0,10749.0,0.0,0.0
19.25123994401656,approaching,True,0.015690640000000002,0.014709975,0.000980665000000002,0.000980665000000002,1.6000000000000003,1.5,0.10000000000000021,0.10000000000000021,0.2539257049560547,11.33909606933592,4164,35,3,4,10755.0,10749.0,6.0,0.055819145967066705,10755.0,6.0,0.0558191459670667
19.28554910584353,approaching,True,0.015690640000000002,0.014709975,0.000980665000000002,0.000980665000000002,1.6000000000000003,1.5,0.10000000000000021,0.10000000000000021,0.2539257049560547,11.33909606933592,4172,35,3,4,10741.0,10749.0,-8.0,-0.07442552795608894,10744.333333333334,-4.666666666666667,-0.04341489130771855
19.333401147043332,approaching,True,0.015690640000000002,0.014709975,0.000980665000000002,0.000980665000000002,1.6000000000000003,1.5,0.10000000000000021,0.10000000000000021,0.2539107360839844,11.354064941406229,4182,35,3,4,10745.0,10749.0,-4.0,-0.03721276397804447,10745.0,-4.0,-0.03721276397804447
19.400951383868232,approaching,True,0.015690640000000002,0.014709975,0.000980665000000002,0.000980665000000002,1.6000000000000003,1.5,0.10000000000000021,0.10000000000000021,0.2538917236328125,11.373077392578146,4192,35,3,4,10739.0,10749.0,-10.0,-0.09303190994511118,10739.0,-10.0,-0.09303190994511118
19.4331710760016,approaching,True,0.015690640000000002,0.014709975,0.000980665000000002,0.000980665000000002,1.6000000000000003,1.5,0.10000000000000021,0.10000000000000021,0.2538917236328125,11.373077392578146,4198,35,3,4,10744.0,10749.0,-5.0,-0.04651595497255559,10744.0,-5.0,-0.04651595497255559
19.484327015001327,approaching,True,0.015690640000000002,0.014709975,0.000980665000000002,0.000980665000000002,1.6000000000000003,1.5,0.10000000000000021,0.10000000000000021,0.25388006591796874,11.384735107421884,4203,35,3,4,10748.0,10749.0,-1.0,-0.009303190994511117,10748.0,-1.0,-0.009303190994511117
19.53193259984255,approaching,True,0.015690640000000002,0.014709975,0.000980665000000002,0.000980665000000002,1.6000000000000003,1.5,0.10000000000000021,0.10000000000000021,0.25388006591796874,11.384735107421884,4214,35,3,4,10745.0,10749.0,-4.0,-0.03721276397804447,10745.0,-4.0,-0.03721276397804447
19.582362825982273,approaching,True,0.015690640000000002,0.014709975,0.000980665000000002,0.000980665000000002,1.6000000000000003,1.5,0.10000000000000021,0.10000000000000021,0.2538726806640625,11.39212036132814,4223,35,3,4,10747.0,10749.0,-2.0,-0.018606381989022234,10747.0,-2.0,-0.018606381989022234
19.63206568802707,approaching,True,0.015690640000000002,0.014709975,0.000980665000000002,0.000980665000000002,1.6000000000000003,1.5,0.10000000000000021,0.10000000000000021,0.2538636932373047,11.401107788085952,4229,35,3,4,10743.0,10749.0,-6.0,-0.055819145967066705,10743.0,-6.0,-0.0558191459670667
19.68248064094223,approaching,True,0.015690640000000002,0.014709975,0.000980665000000002,0.000980665000000002,1.6000000000000003,1.5,0.10000000000000021,0.10000000000000021,0.25385284423828125,11.411956787109379,4235,35,3,4,10745.0,10749.0,-4.0,-0.03721276397804447,10743.0,-6.0,-0.0558191459670667
19.732188724912703,approaching,True,0.015690640000000002,0.014709975,0.000980665000000002,0.000980665000000002,1.6000000000000003,1.5,0.10000000000000021,0.10000000000000021,0.25385284423828125,11.411956787109379,4241,35,3,4,10740.0,10749.0,-9.0,-0.08372871895060005,10741.666666666666,-7.333333333333333,-0.06822340062641485
19.799423296004534,approaching,True,0.015690640000000002,0.014709975,0.000980665000000002,0.000980665000000002,1.6000000000000003,1.5,0.10000000000000021,0.10000000000000021,0.2538337860107422,11.431015014648438,4248,35,3,4,10749.0,10749.0,0.0,0.0,10749.0,0.0,0.0
19.853665731847286,approaching,True,0.015690640000000002,0.014709975,0.000980665000000002,0.000980665000000002,1.6000000000000003,1.5,0.10000000000000021,0.10000000000000021,0.2538337860107422,11.431015014648438,4253,35,3,4,10749.0,10749.0,0.0,0.0,10749.0,0.0,0.0
19.883255833992735,approaching,True,0.015690640000000002,0.014709975,0.000980665000000002,0.000980665000000002,1.6000000000000003,1.5,0.10000000000000021,0.10000000000000021,0.25381495666503906,11.44984436035157,4260,35,3,4,10749.0,10749.0,0.0,0.0,10747.0,-2.0,-0.018606381989022234
19.93335083196871,approaching,True,0.015690640000000002,0.014709975,0.000980665000000002,0.000980665000000002,1.6000000000000003,1.5,0.10000000000000021,0.10000000000000021,0.25381199645996094,11.452804565429686,4269,35,3,4,10745.0,10749.0,-4.0,-0.03721276397804447,10746.333333333334,-2.6666666666666665,-0.024808509318696312
20.0000749619212,approaching,True,0.015690640000000002,0.014709975,0.000980665000000002,0.000980665000000002,1.6000000000000003,1.5,0.10000000000000021,0.10000000000000021,0.25380259704589847,11.462203979492159,4280,35,3,4,10746.0,10749.0,-3.0,-0.027909572983533353,10746.0,-3.0,-0.02790957298353335
20.05069010797888,approaching,True,0.015690640000000002,0.014709975,0.000980665000000002,0.000980665000000002,1.6000000000000003,1.5,0.10000000000000021,0.10000000000000021,0.25380259704589847,11.462203979492159,4285,35,3,4,10752.0,10749.0,3.0,0.027909572983533353,10752.0,3.0,0.02790957298353335
20.10154459089972,approaching,True,0.015690640000000002,0.014709975,0.000980665000000002,0.000980665000000002,1.6000000000000003,1.5,0.10000000000000021,0.10000000000000021,0.25376010131835935,11.504699707031275,4290,35,3,4,10747.0,10749.0,-2.0,-0.018606381989022234,10747.0,-2.0,-0.018606381989022234
20.148403524886817,approaching,True,0.015690640000000002,0.014709975,0.000980665000000002,0.000980665000000002,1.6000000000000003,1.5,0.10000000000000021,0.10000000000000021,0.25360153198242186,11.663269042968771,4297,35,3,4,10748.0,10749.0,-1.0,-0.009303190994511117,10742.666666666666,-6.333333333333333,-0.058920209631903746
20.217103669885546,approaching,True,0.015690640000000002,0.014709975,0.000980665000000002,0.000980665000000002,1.6000000000000003,1.5,0.10000000000000021,0.10000000000000021,0.25360153198242186,11.663269042968771,4303,35,3,4,10750.0,10749.0,1.0,0.009303190994511117,10748.666666666666,-0.3333333333333333,-0.003101063664837039
20.233004410983995,approaching,True,0.015690640000000002,0.014709975,0.000980665000000002,0.000980665000000002,1.6000000000000003,1.5,0.10000000000000021,0.10000000000000021,0.25341458129882816,11.850219726562472,4307,35,3,4,10750.0,10749.0,1.0,0.009303190994511117,10750.0,1.0,0.009303190994511117
20.283811019035056,approaching,True,0.015690640000000002,0.014709975,0.000980665000000002,0.000980665000000002,1.6000000000000003,1.5,0.10000000000000021,0.10000000000000021,0.25341458129882816,11.850219726562472,4316,35,3,4,10750.0,10749.0,1.0,0.009303190994511117,10750.0,1.0,0.009303190994511117
20.333125191973522,approaching,True,0.015690640000000002,0.014709975,0.000980665000000002,0.000980665000000002,1.6000000000000003,1.5,0.10000000000000021,0.10000000000000021,0.25336062622070316,11.904174804687473,4325,35,3,4,10747.0,10749.0,-2.0,-0.018606381989022234,10747.666666666666,-1.3333333333333333,-0.012404254659348156
20.398593772901222,approaching,True,0.015690640000000002,0.014709975,0.000980665000000002,0.000980665000000002,1.6000000000000003,1.5,0.10000000000000021,0.10000000000000021,0.25333734130859376,11.927459716796873,4335,35,3,4,10743.0,10749.0,-6.0,-0.055819145967066705,10743.0,-6.0,-0.0558191459670667
20.44865007395856,approaching,True,0.015690640000000002,0.014709975,0.000980665000000002,0.000980665000000002,1.6000000000000003,1.5,0.10000000000000021,0.10000000000000021,0.2533197631835938,11.945037841796847,4340,35,3,4,10748.0,10749.0,-1.0,-0.009303190994511117,10746.333333333334,-2.6666666666666665,-0.024808509318696312
20.498777713859454,approaching,True,0.015690640000000002,0.014709975,0.000980665000000002,0.000980665000000002,1.6000000000000003,1.5,0.10000000000000021,0.10000000000000021,0.2533197631835938,11.945037841796847,4347,35,3,4,10754.0,10749.0,5.0,0.04651595497255559,10754.0,5.0,0.04651595497255559
20.549828426912427,approaching,True,0.015690640000000002,0.014709975,0.000980665000000002,0.000980665000000002,1.6000000000000003,1.5,0.10000000000000021,0.10000000000000021,0.2532999572753906,11.964843750000009,4352,35,3,4,10749.0,10749.0,0.0,0.0,10749.0,0.0,0.0
20.617424877826124,approaching,True,0.015690640000000002,0.014709975,0.000980665000000002,0.000980665000000002,1.6000000000000003,1.5,0.10000000000000021,0.10000000000000021,0.25328582763671875,11.978973388671877,4357,35,3,4,10743.0,10749.0,-6.0,-0.055819145967066705,10743.0,-6.0,-0.0558191459670667
20.632515467936173,approaching,True,0.015690640000000002,0.014709975,0.000980665000000002,0.000980665000000002,1.6000000000000003,1.5,0.10000000000000021,0.10000000000000021,0.25328582763671875,11.978973388671877,4363,35,3,4,10752.0,10749.0,3.0,0.027909572983533353,10751.333333333334,2.3333333333333335,0.021707445653859275
20.684227235848084,approaching,True,0.015690640000000002,0.014709975,0.000980665000000002,0.000980665000000002,1.6000000000000003,1.5,0.10000000000000021,0.10000000000000021,0.25326989746093753,11.994903564453097,4371,35,3,4,10751.0,10749.0,2.0,0.018606381989022234,10751.0,2.0,0.018606381989022234
20.731555073987693,approaching,True,0.015690640000000002,0.014709975,0.000980665000000002,0.000980665000000002,1.6000000000000003,1.5,0.10000000000000021,0.10000000000000021,0.25326989746093753,11.994903564453097,4378,35,3,4,10742.0,10749.0,-7.0,-0.06512233696157782,10745.333333333334,-3.6666666666666665,-0.03411170031320743
20.802252497989684,approaching,True,0.015690640000000002,0.014709975,0.000980665000000002,0.000980665000000002,1.6000000000000003,1.5,0.10000000000000021,0.10000000000000021,0.2532530517578125,12.011749267578143,4387,35,3,4,10745.0,10749.0,-4.0,-0.03721276397804447,10744.0,-5.0,-0.04651595497255558
20.832568094832823,approaching,True,0.015690640000000002,0.014709975,0.000980665000000002,0.000980665000000002,1.6000000000000003,1.5,0.10000000000000021,0.10000000000000021,0.2532530517578125,12.011749267578143,4393,35,3,4,10746.0,10749.0,-3.0,-0.027909572983533353,10746.0,-3.0,-0.02790957298353335
20.882485924987122,approaching,True,0.015690640000000002,0.014709975,0.000980665000000002,0.000980665000000002,1.6000000000000003,1.5,0.10000000000000021,0.10000000000000021,0.2530656433105469,12.199157714843755,4404,35,3,4,10746.0,10749.0,-3.0,-0.027909572983533353,10746.0,-3.0,-0.02790957298353335
20.932022114051506,approaching,True,0.015690640000000002,0.014709975,0.000980665000000002,0.000980665000000002,1.6000000000000003,1.5,0.10000000000000021,0.10000000000000021,0.25295535278320314,12.309448242187493,4413,35,3,4,10753.0,10749.0,4.0,0.03721276397804447,10751.0,2.0,0.018606381989022234
20.998897339915857,approaching,True,0.015690640000000002,0.014709975,0.000980665000000002,0.000980665000000002,1.6000000000000003,1.5,0.10000000000000021,0.10000000000000021,0.25291186523437503,12.352935791015597,4423,35,3,4,10754.0,10749.0,5.0,0.04651595497255559,10754.0,5.0,0.04651595497255559
21.049073895905167,approaching,True,0.015690640000000002,0.014709975,0.000980665000000002,0.000980665000000002,1.6000000000000003,1.5,0.10000000000000021,0.10000000000000021,0.2528000946044922,12.46470642089842,4427,35,3,4,10749.0,10749.0,0.0,0.0,10750.666666666666,1.6666666666666667,0.015505318324185197
21.098868445958942,approaching,True,0.015690640000000002,0.014709975,0.000980665000000002,0.000980665000000002,1.6000000000000003,1.5,0.10000000000000021,0.10000000000000021,0.25263528442382815,12.629516601562473,4434,35,3,4,10745.0,10749.0,-4.0,-0.03721276397804447,10745.0,-4.0,-0.03721276397804447
21.13330316497013,approaching,True,0.015690640000000002,0.014709975,0.000980665000000002,0.000980665000000002,1.6000000000000003,1.5,0.10000000000000021,0.10000000000000021,0.25263528442382815,12.629516601562473,4439,35,3,4,10741.0,10749.0,-8.0,-0.07442552795608894,10741.0,-8.0,-0.07442552795608894
21.201995739946142,approaching,True,0.015690640000000002,0.014709975,0.000980665000000002,0.000980665000000002,1.6000000000000003,1.5,0.10000000000000021,0.10000000000000021,0.25260449218750003,12.6603088378906,4444,35,3,4,10745.0,10749.0,-4.0,-0.03721276397804447,10745.0,-4.0,-0.03721276397804447
21.235116322990507,approaching,True,0.015690640000000002,0.014709975,0.000980665000000002,0.000980665000000002,1.6000000000000003,1.5,0.10000000000000021,0.10000000000000021,0.25260449218750003,12.6603088378906,4449,35,3,4,10746.0,10749.0,-3.0,-0.027909572983533353,10746.0,-3.0,-0.02790957298353335
21.282329683890566,approaching,True,0.014709975,0.014709975,0.0,0.0,1.5,1.5,0.0,0.0,0.2525884246826172,12.676376342773409,4459,35,3,4,10748.0,10749.0,-1.0,-0.009303190994511117,10748.0,-1.0,-0.009303190994511117
21.331685286015272,approaching,True,0.014709975,0.014709975,0.0,0.0,1.5,1.5,0.0,0.0,0.2525884246826172,12.676376342773409,4467,35,3,4,10747.0,10749.0,-2.0,-0.018606381989022234,10747.0,-2.0,-0.018606381989022234
21.399185238871723,approaching,True,0.014709975,0.014709975,0.0,0.0,1.5,1.5,0.0,0.0,0.25257522583007813,12.689575195312496,4476,35,3,4,10750.0,10749.0,1.0,0.009303190994511117,10747.333333333334,-1.6666666666666667,-0.015505318324185197
21.448876797920093,approaching,True,0.014709975,0.014709975,0.0,0.0,1.5,1.5,0.0,0.0,0.25256225585937503,12.7025451660156,4481,35,3,4,10744.0,10749.0,-5.0,-0.04651595497255559,10748.0,-1.0,-0.009303190994511119
21.49855146300979,approaching,True,0.014709975,0.014709975,0.0,0.0,1.5,1.5,0.0,0.0,0.2525511932373047,12.713607788085945,4488,35,3,4,10751.0,10749.0,2.0,0.018606381989022234,10751.0,2.0,0.018606381989022234
21.550151479896158,approaching,True,0.014709975,0.014709975,0.0,0.0,1.5,1.5,0.0,0.0,0.2525511932373047,12.713607788085945,4494,35,3,4,10751.0,10749.0,2.0,0.018606381989022234,10751.0,2.0,0.018606381989022234
21.61868294584565,approaching,True,0.014709975,0.014709975,0.0,0.0,1.5,1.5,0.0,0.0,0.2525412292480469,12.723571777343734,4500,35,3,4,10748.0,10749.0,-1.0,-0.009303190994511117,10750.0,1.0,0.009303190994511117
21.635871938895434,approaching,True,0.014709975,0.014709975,0.0,0.0,1.5,1.5,0.0,0.0,0.2525412292480469,12.723571777343734,4505,35,3,4,10746.0,10749.0,-3.0,-0.027909572983533353,10747.333333333334,-1.6666666666666667,-0.015505318324185197
21.68329101195559,approaching,True,0.014709975,0.014709975,0.0,0.0,1.5,1.5,0.0,0.0,0.2525193786621094,12.745422363281245,4513,35,3,4,10746.0,10749.0,-3.0,-0.027909572983533353,10746.0,-3.0,-0.02790957298353335
21.731875316007063,approaching,True,0.014709975,0.014709975,0.0,0.0,1.5,1.5,0.0,0.0,0.2525193786621094,12.745422363281245,4523,35,3,4,10743.0,10749.0,-6.0,-0.055819145967066705,10743.0,-6.0,-0.0558191459670667
21.802134065888822,approaching,True,0.014709975,0.014709975,0.0,0.0,1.5,1.5,0.0,0.0,0.25245932006835936,12.805480957031268,4533,35,3,4,10751.0,10749.0,2.0,0.018606381989022234,10749.333333333334,0.3333333333333333,0.0031010636648370385
21.84892422403209,approaching,True,0.014709975,0.014709975,0.0,0.0,1.5,1.5,0.0,0.0,0.25245932006835936,12.805480957031268,4537,35,3,4,10751.0,10749.0,2.0,0.018606381989022234,10751.0,2.0,0.018606381989022234
21.898560881847516,approaching,True,0.014709975,0.014709975,0.0,0.0,1.5,1.5,0.0,0.0,0.2524117584228516,12.853042602539055,4543,35,3,4,10754.0,10749.0,5.0,0.04651595497255559,10749.666666666666,0.6666666666666666,0.006202127329674081
21.95090298098512,approaching,True,0.014709975,0.014709975,0.0,0.0,1.5,1.5,0.0,0.0,0.2524117584228516,12.853042602539055,4549,35,3,4,10753.0,10749.0,4.0,0.03721276397804447,10753.0,4.0,0.03721276397804447
22.019101395038888,approaching,True,0.014709975,0.014709975,0.0,0.0,1.5,1.5,0.0,0.0,0.25236514282226563,12.899658203124996,4555,35,3,4,10749.0,10749.0,0.0,0.0,10749.0,0.0,0.0
22.036120981909335,approaching,True,0.014709975,0.014709975,0.0,0.0,1.5,1.5,0.0,0.0,0.25236514282226563,12.899658203124996,4558,35,3,4,10753.0,10749.0,4.0,0.03721276397804447,10753.0,4.0,0.03721276397804447
22.08188704587519,approaching,True,0.014709975,0.014709975,0.0,0.0,1.5,1.5,0.0,0.0,0.2522937316894531,12.971069335937502,4567,35,3,4,10744.0,10749.0,-5.0,-0.04651595497255559,10744.0,-5.0,-0.04651595497255559
22.131879320833832,approaching,True,0.014709975,0.014709975,0.0,0.0,1.5,1.5,0.0,0.0,0.2522129058837891,13.051895141601545,4577,35,3,4,10754.0,10749.0,5.0,0.04651595497255559,10754.0,5.0,0.04651595497255559
22.200799841899425,approaching,True,0.014709975,0.014709975,0.0,0.0,1.5,1.5,0.0,0.0,0.25214585876464846,13.118942260742173,4587,35,3,4,10749.0,10749.0,0.0,0.0,10749.666666666666,0.6666666666666666,0.006202127329674078
22.248712270054966,approaching,True,0.014709975,0.014709975,0.0,0.0,1.5,1.5,0.0,0.0,0.2520856628417969,13.17913818359373,4591,35,3,4,10749.0,10749.0,0.0,0.0,10749.0,0.0,0.0
22.300234017893672,approaching,True,0.014709975,0.014709975,0.0,0.0,1.5,1.5,0.0,0.0,0.2520856628417969,13.17913818359373,4598,35,3,4,10756.0,10749.0,7.0,0.06512233696157782,10754.666666666666,5.666666666666667,0.052718082302229664
22.349377454956993,approaching,True,0.014709975,0.014709975,0.0,0.0,1.5,1.5,0.0,0.0,0.2520410461425781,13.223754882812521,4603,35,3,4,10752.0,10749.0,3.0,0.027909572983533353,10753.333333333334,4.333333333333333,0.040313827642881515
22.417280131019652,approaching,True,0.014709975,0.014709975,0.0,0.0,1.5,1.5,0.0,0.0,0.25201611328125,13.24868774414062,4610,35,3,4,10742.0,10749.0,-7.0,-0.06512233696157782,10742.0,-7.0,-0.06512233696157782
22.432644956046715,approaching,True,0.014709975,0.014709975,0.0,0.0,1.5,1.5,0.0,0.0,0.25201611328125,13.24868774414062,4615,35,3,4,10744.0,10749.0,-5.0,-0.04651595497255559,10744.0,-5.0,-0.04651595497255559
22.482505657011643,approaching,True,0.014709975,0.014709975,0.0,0.0,1.5,1.5,0.0,0.0,0.2519409790039063,13.323822021484355,4623,35,3,4,10744.0,10749.0,-5.0,-0.04651595497255559,10743.666666666666,-5.333333333333333,-0.04961701863739263
22.531563927885145,approaching,True,0.014709975,0.014709975,0.0,0.0,1.5,1.5,0.0,0.0,0.2519409790039063,13.323822021484355,4629,35,3,4,10747.0,10749.0,-2.0,-0.018606381989022234,10747.0,-2.0,-0.018606381989022234
22.601609722012654,approaching,True,0.015690640000000002,0.014709975,0.000980665000000002,0.000980665000000002,1.6000000000000003,1.5,0.10000000000000021,0.10000000000000021,0.2518351745605469,13.429626464843746,4638,35,3,4,10751.0,10749.0,2.0,0.018606381989022234,10751.0,2.0,0.018606381989022234
22.65081329201348,approaching,True,0.015690640000000002,0.014709975,0.000980665000000002,0.000980665000000002,1.6000000000000003,1.5,0.10000000000000021,0.10000000000000021,0.2518351745605469,13.429626464843746,4643,35,3,4,10745.0,10749.0,-4.0,-0.03721276397804447,10745.0,-4.0,-0.03721276397804447
22.69862164184451,approaching,True,0.015690640000000002,0.014709975,0.000980665000000002,0.000980665000000002,1.6000000000000003,1.5,0.10000000000000021,0.10000000000000021,0.25176727294921875,13.497528076171882,4649,35,3,4,10751.0,10749.0,2.0,0.018606381989022234,10751.0,2.0,0.018606381989022234
22.750814724946395,approaching,True,0.015690640000000002,0.014709975,0.000980665000000002,0.000980665000000002,1.6000000000000003,1.5,0.10000000000000021,0.10000000000000021,0.2517452392578125,13.519561767578125,4655,35,3,4,10744.0,10749.0,-5.0,-0.04651595497255559,10744.0,-5.0,-0.04651595497255559
22.818862890824676,approaching,True,0.015690640000000002,0.014709975,0.000980665000000002,0.000980665000000002,1.6000000000000003,1.5,0.10000000000000021,0.10000000000000021,0.2517452392578125,13.519561767578125,4661,35,3,4,10744.0,10749.0,-5.0,-0.04651595497255559,10744.0,-5.0,-0.04651595497255559
22.83217807696201,approaching,True,0.015690640000000002,0.014709975,0.000980665000000002,0.000980665000000002,1.6000000000000003,1.5,0.10000000000000021,0.10000000000000021,0.2517242431640625,13.540557861328129,4666,35,3,4,10749.0,10749.0,0.0,0.0,10749.0,0.0,0.0
22.8833221050445,approaching,True,0.015690640000000002,0.014709975,0.000980665000000002,0.000980665000000002,1.6000000000000003,1.5,0.10000000000000021,0.10000000000000021,0.2517242431640625,13.540557861328129,4674,35,3,4,10746.0,10749.0,-3.0,-0.027909572983533353,10746.333333333334,-2.6666666666666665,-0.024808509318696315
22.93360897502862,approaching,True,0.015690640000000002,0.014709975,0.000980665000000002,0.000980665000000002,1.6000000000000003,1.5,0.10000000000000021,0.10000000000000021,0.2517012481689453,13.563552856445337,4683,35,3,4,10746.0,10749.0,-3.0,-0.027909572983533353,10746.0,-3.0,-0.02790957298353335
23.00004028202966,approaching,True,0.015690640000000002,0.014709975,0.000980665000000002,0.000980665000000002,1.6000000000000003,1.5,0.10000000000000021,0.10000000000000021,0.2516573181152344,13.607482910156232,4692,35,3,4,10746.0,10749.0,-3.0,-0.027909572983533353,10746.0,-3.0,-0.02790957298353335
23.048469878034666,approaching,True,0.015690640000000002,0.014709975,0.000980665000000002,0.000980665000000002,1.6000000000000003,1.5,0.10000000000000021,0.10000000000000021,0.25153872680664063,13.726074218749995,4697,35,3,4,10746.0,10749.0,-3.0,-0.027909572983533353,10746.0,-3.0,-0.02790957298353335
23.100035671843216,approaching,True,0.015690640000000002,0.014709975,0.000980665000000002,0.000980665000000002,1.6000000000000003,1.5,0.10000000000000021,0.10000000000000021,0.25153872680664063,13.726074218749995,4703,35,3,4,10750.0,10749.0,1.0,0.009303190994511117,10750.0,1.0,0.009303190994511117
23.150355802848935,approaching,True,0.015690640000000002,0.014709975,0.000980665000000002,0.000980665000000002,1.6000000000000003,1.5,0.10000000000000021,0.10000000000000021,0.2515131378173828,13.751663208007802,4709,35,3,4,10745.0,10749.0,-4.0,-0.03721276397804447,10748.333333333334,-0.6666666666666666,-0.006202127329674078
23.19871330494061,approaching,True,0.015690640000000002,0.014709975,0.000980665000000002,0.000980665000000002,1.6000000000000003,1.5,0.10000000000000021,0.10000000000000021,0.2515131378173828,13.751663208007802,4716,35,3,4,10746.0,10749.0,-3.0,-0.027909572983533353,10746.0,-3.0,-0.02790957298353335
23.233297139871866,approaching,True,0.015690640000000002,0.014709975,0.000980665000000002,0.000980665000000002,1.6000000000000003,1.5,0.10000000000000021,0.10000000000000021,0.2514916229248047,13.773178100585925,4724,35,3,4,10751.0,10749.0,2.0,0.018606381989022234,10749.0,0.0,0.0
23.282040594844148,approaching,True,0.015690640000000002,0.014709975,0.000980665000000002,0.000980665000000002,1.6000000000000003,1.5,0.10000000000000021,0.10000000000000021,0.25147076416015623,13.794036865234393,4734,35,3,4,10752.0,10749.0,3.0,0.027909572983533353,10752.0,3.0,0.02790957298353335
23.332346533890814,approaching,True,0.015690640000000002,0.014709975,0.000980665000000002,0.000980665000000002,1.6000000000000003,1.5,0.10000000000000021,0.10000000000000021,0.25140267944335937,13.86212158203126,4744,35,3,4,10752.0,10749.0,3.0,0.027909572983533353,10752.0,3.0,0.02790957298353335
23.38380155991763,approaching,True,0.015690640000000002,0.014709975,0.000980665000000002,0.000980665000000002,1.6000000000000003,1.5,0.10000000000000021,0.10000000000000021,0.25127783203125,13.986968994140646,4754,35,3,4,10749.0,10749.0,0.0,0.0,10749.0,0.0,0.0
23.432157177012414,approaching,True,0.015690640000000002,0.014709975,0.000980665000000002,0.000980665000000002,1.6000000000000003,1.5,0.10000000000000021,0.10000000000000021,0.251246826171875,14.017974853515636,4758,35,3,4,10749.0,10749.0,0.0,0.0,10749.0,0.0,0.0
23.48224848182872,approaching,True,0.015690640000000002,0.014709975,0.000980665000000002,0.000980665000000002,1.6000000000000003,1.5,0.10000000000000021,0.10000000000000021,0.251246826171875,14.017974853515636,4765,35,3,4,10749.0,10749.0,0.0,0.0,10748.333333333334,-0.6666666666666666,-0.006202127329674078
23.53189878584817,approaching,True,0.015690640000000002,0.014709975,0.000980665000000002,0.000980665000000002,1.6000000000000003,1.5,0.10000000000000021,0.10000000000000021,0.2512108154296875,14.053985595703145,4770,35,3,4,10749.0,10749.0,0.0,0.0,10749.0,0.0,0.0
23.600341603858396,approaching,True,0.015690640000000002,0.014709975,0.000980665000000002,0.000980665000000002,1.6000000000000003,1.5,0.10000000000000021,0.10000000000000021,0.2511820068359375,14.082794189453129,4777,35,3,4,10745.0,10749.0,-4.0,-0.03721276397804447,10745.0,-4.0,-0.03721276397804447
23.64823572593741,approaching,True,0.015690640000000002,0.014709975,0.000980665000000002,0.000980665000000002,1.6000000000000003,1.5,0.10000000000000021,0.10000000000000021,0.2511820068359375,14.082794189453129,4782,35,3,4,10751.0,10749.0,2.0,0.018606381989022234,10751.0,2.0,0.018606381989022234
23.698436870006844,approaching,True,0.015690640000000002,0.014709975,0.000980665000000002,0.000980665000000002,1.6000000000000003,1.5,0.10000000000000021,0.10000000000000021,0.25115374755859377,14.111053466796864,4788,35,3,4,10747.0,10749.0,-2.0,-0.018606381989022234,10747.0,-2.0,-0.018606381989022234
23.75062714284286,approaching,True,0.015690640000000002,0.014709975,0.000980665000000002,0.000980665000000002,1.6000000000000003,1.5,0.10000000000000021,0.10000000000000021,0.25115374755859377,14.111053466796864,4794,35,3,4,10749.0,10749.0,0.0,0.0,10749.0,0.0,0.0
23.81847803387791,approaching,True,0.015690640000000002,0.014709975,0.000980665000000002,0.000980665000000002,1.6000000000000003,1.5,0.10000000000000021,0.10000000000000021,0.25111817932128905,14.14662170410158,4801,35,3,4,10748.0,10749.0,-1.0,-0.009303190994511117,10748.0,-1.0,-0.009303190994511117
23.83171802898869,approaching,True,0.015690640000000002,0.014709975,0.000980665000000002,0.000980665000000002,1.6000000000000003,1.5,0.10000000000000021,0.10000000000000021,0.25111817932128905,14.14662170410158,4805,35,3,4,10748.0,10749.0,-1.0,-0.009303190994511117,10748.0,-1.0,-0.009303190994511117
23.8820084950421,approaching,True,0.014709975,0.014709975,0.0,0.0,1.5,1.5,0.0,0.0,0.25106915283203124,14.19564819335939,4814,35,3,4,10745.0,10749.0,-4.0,-0.03721276397804447,10745.0,-4.0,-0.03721276397804447
23.932237494038418,approaching,True,0.014709975,0.014709975,0.0,0.0,1.5,1.5,0.0,0.0,0.2509773254394531,14.287475585937514,4824,35,3,4,10742.0,10749.0,-7.0,-0.06512233696157782,10742.0,-7.0,-0.06512233696157782
24.001490734983236,approaching,True,0.014709975,0.014709975,0.0,0.0,1.5,1.5,0.0,0.0,0.25089288330078124,14.371917724609384,4834,35,3,4,10751.0,10749.0,2.0,0.018606381989022234,10751.0,2.0,0.018606381989022234
24.051483396906406,approaching,True,0.014709975,0.014709975,0.0,0.0,1.5,1.5,0.0,0.0,0.25089288330078124,14.371917724609384,4838,35,3,4,10742.0,10749.0,-7.0,-0.06512233696157782,10745.0,-4.0,-0.03721276397804447
24.10229576099664,approaching,True,0.014709975,0.014709975,0.0,0.0,1.5,1.5,0.0,0.0,0.2508733825683594,14.391418457031236,4844,35,3,4,10738.0,10749.0,-11.0,-0.1023351009396223,10738.0,-11.0,-0.1023351009396223
24.14871364296414,approaching,True,0.014709975,0.014709975,0.0,0.0,1.5,1.5,0.0,0.0,0.25086422729492186,14.400573730468768,4850,35,3,4,10739.0,10749.0,-10.0,-0.09303190994511118,10739.0,-10.0,-0.09303190994511118
24.1992927249521,approaching,True,0.014709975,0.014709975,0.0,0.0,1.5,1.5,0.0,0.0,0.25086422729492186,14.400573730468768,4858,35,3,4,10743.0,10749.0,-6.0,-0.055819145967066705,10743.0,-6.0,-0.0558191459670667
24.248890999006107,approaching,True,0.014709975,0.014709975,0.0,0.0,1.5,1.5,0.0,0.0,0.2508574523925781,14.40734863281251,4862,35,3,4,10744.0,10749.0,-5.0,-0.04651595497255559,10743.666666666666,-5.333333333333333,-0.04961701863739263
24.285664409864694,approaching,True,0.014709975,0.014709975,0.0,0.0,1.5,1.5,0.0,0.0,0.2508574523925781,14.40734863281251,4868,35,3,4,10744.0,10749.0,-5.0,-0.04651595497255559,10744.0,-5.0,-0.04651595497255559
24.332208496984094,approaching,True,0.014709975,0.014709975,0.0,0.0,1.5,1.5,0.0,0.0,0.25084609985351564,14.418701171874993,4875,35,3,4,10747.0,10749.0,-2.0,-0.018606381989022234,10745.0,-4.0,-0.03721276397804447
24.39832544303499,approaching,True,0.014709975,0.014709975,0.0,0.0,1.5,1.5,0.0,0.0,0.25080865478515624,14.456146240234391,4881,35,3,4,10746.0,10749.0,-3.0,-0.027909572983533353,10746.666666666666,-2.3333333333333335,-0.021707445653859275
24.4503592539113,approaching,True,0.014709975,0.014709975,0.0,0.0,1.5,1.5,0.0,0.0,0.25080865478515624,14.456146240234391,4885,35,3,4,10742.0,10749.0,-7.0,-0.06512233696157782,10744.666666666666,-4.333333333333333,-0.04031382764288151
24.482457775855437,approaching,True,0.014709975,0.014709975,0.0,0.0,1.5,1.5,0.0,0.0,0.25067739868164063,14.58740234375,4892,35,3,4,10744.0,10749.0,-5.0,-0.04651595497255559,10744.0,-5.0,-0.04651595497255559
24.533207167871296,approaching,True,0.014709975,0.014709975,0.0,0.0,1.5,1.5,0.0,0.0,0.25067739868164063,14.58740234375,4897,35,3,4,10744.0,10749.0,-5.0,-0.04651595497255559,10744.0,-5.0,-0.04651595497255559
24.600172330858186,approaching,True,0.014709975,0.014709975,0.0,0.0,1.5,1.5,0.0,0.0,0.2506591339111328,14.605667114257814,4904,35,3,4,10742.0,10749.0,-7.0,-0.06512233696157782,10748.0,-1.0,-0.009303190994511117
24.632534072967246,approaching,True,0.014709975,0.014709975,0.0,0.0,1.5,1.5,0.0,0.0,0.2506591339111328,14.605667114257814,4909,35,3,4,10745.0,10749.0,-4.0,-0.03721276397804447,10745.0,-4.0,-0.03721276397804447
24.68216664995998,approaching,True,0.014709975,0.014709975,0.0,0.0,1.5,1.5,0.0,0.0,0.2506430206298828,14.621780395507821,4919,35,3,4,10742.0,10749.0,-7.0,-0.06512233696157782,10742.0,-7.0,-0.06512233696157782
24.73165473388508,approaching,True,0.014709975,0.014709975,0.0,0.0,1.5,1.5,0.0,0.0,0.2506338806152344,14.630920410156234,4926,35,3,4,10741.0,10749.0,-8.0,-0.07442552795608894,10741.0,-8.0,-0.07442552795608894
24.798555840039626,approaching,True,0.014709975,0.014709975,0.0,0.0,1.5,1.5,0.0,0.0,0.25062913513183593,14.635665893554695,4937,35,3,4,10748.0,10749.0,-1.0,-0.009303190994511117,10748.0,-1.0,-0.009303190994511117
24.848769205855206,approaching,True,0.014709975,0.014709975,0.0,0.0,1.5,1.5,0.0,0.0,0.25062913513183593,14.635665893554695,4939,35,3,4,10748.0,10749.0,-1.0,-0.009303190994511117,10748.0,-1.0,-0.009303190994511117
24.898747090948746,approaching,True,0.014709975,0.014709975,0.0,0.0,1.5,1.5,0.0,0.0,0.25060386657714845,14.66093444824218,4945,35,3,4,10741.0,10749.0,-8.0,-0.07442552795608894,10741.666666666666,-7.333333333333333,-0.06822340062641485
24.95065427501686,approaching,True,0.014709975,0.014709975,0.0,0.0,1.5,1.5,0.0,0.0,0.2505631103515625,14.70169067382815,4950,35,3,4,10740.0,10749.0,-9.0,-0.08372871895060005,10740.0,-9.0,-0.08372871895060004
25.01699206698686,approaching,True,0.014709975,0.014709975,0.0,0.0,1.5,1.5,0.0,0.0,0.2505631103515625,14.70169067382815,4956,35,3,4,10742.0,10749.0,-7.0,-0.06512233696157782,10742.0,-7.0,-0.06512233696157782
25.034048157045618,approaching,True,0.014709975,0.014709975,0.0,0.0,1.5,1.5,0.0,0.0,0.2504040374755859,14.860763549804702,4961,35,3,4,10742.0,10749.0,-7.0,-0.06512233696157782,10742.0,-7.0,-0.06512233696157782
25.083444664953277,approaching,True,0.014709975,0.014709975,0.0,0.0,1.5,1.5,0.0,0.0,0.2504040374755859,14.860763549804702,4967,35,3,4,10741.0,10749.0,-8.0,-0.07442552795608894,10740.0,-9.0,-0.08372871895060006
25.133280084002763,approaching,True,0.014709975,0.014709975,0.0,0.0,1.5,1.5,0.0,0.0,0.25027529907226564,14.989501953124984,4973,35,3,4,10747.0,10749.0,-2.0,-0.018606381989022234,10747.0,-2.0,-0.018606381989022234
25.201855494873598,approaching,True,0.014709975,0.014709975,0.0,0.0,1.5,1.5,0.0,0.0,0.2500717926025391,15.19300842285154,4981,35,3,4,10746.0,10749.0,-3.0,-0.027909572983533353,10747.333333333334,-1.6666666666666667,-0.015505318324185197
25.233245978830382,approaching,True,0.014709975,0.014709975,0.0,0.0,1.5,1.5,0.0,0.0,0.2500717926025391,15.19300842285154,4988,35,3,4,10751.0,10749.0,2.0,0.018606381989022234,10751.0,2.0,0.018606381989022234
25.28205787902698,approaching,True,0.014709975,0.014709975,0.0,0.0,1.5,1.5,0.0,0.0,0.2500242614746094,15.240539550781252,4998,35,3,4,10742.0,10749.0,-7.0,-0.06512233696157782,10742.0,-7.0,-0.06512233696157782
25.33186322497204,approaching,True,0.014709975,0.014709975,0.0,0.0,1.5,1.5,0.0,0.0,0.250009521484375,15.255279541015632,5007,35,3,4,10742.0,10749.0,-7.0,-0.06512233696157782,10742.0,-7.0,-0.06512233696157782
25.39964671083726,approaching,True,0.014709975,0.014709975,0.0,0.0,1.5,1.5,0.0,0.0,0.24999600219726564,15.268798828124986,5017,35,3,4,10746.0,10749.0,-3.0,-0.027909572983533353,10741.333333333334,-7.666666666666667,-0.0713244642912519
25.448728029849008,approaching,True,0.014709975,0.014709975,0.0,0.0,1.5,1.5,0.0,0.0,0.24999600219726564,15.268798828124986,5023,35,3,4,10744.0,10749.0,-5.0,-0.04651595497255559,10745.333333333334,-3.6666666666666665,-0.034111700313207434
25.49839942995459,approaching,True,0.014709975,0.014709975,0.0,0.0,1.5,1.5,0.0,0.0,0.24997232055664062,15.292480468750009,5030,35,3,4,10740.0,10749.0,-9.0,-0.08372871895060005,10740.0,-9.0,-0.08372871895060004
25.548973602009937,approaching,True,0.014709975,0.014709975,0.0,0.0,1.5,1.5,0.0,0.0,0.24995474243164062,15.310058593750009,5036,35,3,4,10740.0,10749.0,-9.0,-0.08372871895060005,10740.0,-9.0,-0.08372871895060004
25.58299923199229,approaching,True,0.014709975,0.014709975,0.0,0.0,1.5,1.5,0.0,0.0,0.24995474243164062,15.310058593750009,5044,35,3,4,10743.0,10749.0,-6.0,-0.055819145967066705,10744.333333333334,-4.666666666666667,-0.04341489130771855
25.631928527960554,approaching,True,0.014709975,0.014709975,0.0,0.0,1.5,1.5,0.0,0.0,0.24994056701660156,15.324234008789073,5051,35,3,4,10738.0,10749.0,-11.0,-0.1023351009396223,10738.0,-11.0,-0.1023351009396223
25.682011840865016,approaching,True,0.014709975,0.014709975,0.0,0.0,1.5,1.5,0.0,0.0,0.24992230224609374,15.342498779296887,5061,35,3,4,10745.0,10749.0,-4.0,-0.03721276397804447,10745.0,-4.0,-0.03721276397804447
25.732044158969074,approaching,True,0.014709975,0.014709975,0.0,0.0,1.5,1.5,0.0,0.0,0.249908203125,15.356597900390623,5071,35,3,4,10737.0,10749.0,-12.0,-0.11163829193413341,10737.0,-12.0,-0.1116382919341334
25.782757662935182,approaching,True,0.014709975,0.014709975,0.0,0.0,1.5,1.5,0.0,0.0,0.24984701538085938,15.417785644531252,5081,35,3,4,10745.0,10749.0,-4.0,-0.03721276397804447,10741.666666666666,-7.333333333333333,-0.06822340062641485
25.832187618827447,approaching,True,0.014709975,0.014709975,0.0,0.0,1.5,1.5,0.0,0.0,0.24984701538085938,15.417785644531252,5087,35,3,4,10745.0,10749.0,-4.0,-0.03721276397804447,10745.0,-4.0,-0.03721276397804447
25.883910110918805,approaching,True,0.014709975,0.014709975,0.0,0.0,1.5,1.5,0.0,0.0,0.24981192016601564,15.45288085937499,5093,35,3,4,10746.0,10749.0,-3.0,-0.027909572983533353,10746.0,-3.0,-0.02790957298353335
25.93370247189887,approaching,True,0.014709975,0.014709975,0.0,0.0,1.5,1.5,0.0,0.0,0.24981192016601564,15.45288085937499,5099,35,3,4,10744.0,10749.0,-5.0,-0.04651595497255559,10744.0,-5.0,-0.04651595497255559
26.002188351005316,approaching,True,0.014709975,0.014709975,0.0,0.0,1.5,1.5,0.0,0.0,0.2497724304199219,15.492370605468736,5107,35,3,4,10736.0,10749.0,-13.0,-0.12094148292864453,10736.0,-13.0,-0.12094148292864453
26.032425577985123,approaching,True,0.014709975,0.014709975,0.0,0.0,1.5,1.5,0.0,0.0,0.2497254638671875,15.539337158203132,5112,35,3,4,10743.0,10749.0,-6.0,-0.055819145967066705,10742.333333333334,-6.666666666666667,-0.062021273296740786
26.082112214993685,approaching,True,0.014709975,0.014709975,0.0,0.0,1.5,1.5,0.0,0.0,0.2497254638671875,15.539337158203132,5122,35,3,4,10746.0,10749.0,-3.0,-0.027909572983533353,10746.0,-3.0,-0.02790957298353335
26.131820410955697,approaching,True,0.014709975,0.014709975,0.0,0.0,1.5,1.5,0.0,0.0,0.2496087646484375,15.65603637695312,5130,35,3,4,10740.0,10749.0,-9.0,-0.08372871895060005,10740.0,-9.0,-0.08372871895060004
26.201980873942375,approaching,True,0.014709975,0.014709975,0.0,0.0,1.5,1.5,0.0,0.0,0.24956274414062501,15.702056884765614,5140,35,3,4,10744.0,10749.0,-5.0,-0.04651595497255559,10744.0,-5.0,-0.04651595497255559
26.238134662853554,approaching,True,0.014709975,0.014709975,0.0,0.0,1.5,1.5,0.0,0.0,0.2495306396484375,15.734161376953132,5146,35,3,4,10740.0,10749.0,-9.0,-0.08372871895060005,10740.666666666666,-8.333333333333334,-0.07752659162092597
26.283073162892833,approaching,True,0.014709975,0.014709975,0.0,0.0,1.5,1.5,0.0,0.0,0.24951979064941407,15.745010375976559,5155,35,3,4,10747.0,10749.0,-2.0,-0.018606381989022234,10747.0,-2.0,-0.018606381989022234
26.333116265945137,approaching,True,0.014709975,0.014709975,0.0,0.0,1.5,1.5,0.0,0.0,0.24951702880859375,15.747772216796879,5165,35,3,4,10738.0,10749.0,-11.0,-0.1023351009396223,10738.0,-11.0,-0.1023351009396223
26.399371387902647,approaching,True,0.014709975,0.014709975,0.0,0.0,1.5,1.5,0.0,0.0,0.24951773071289063,15.7470703125,5176,35,3,4,10744.0,10749.0,-5.0,-0.04651595497255559,10744.0,-5.0,-0.04651595497255559
26.439993776846677,approaching,True,0.014709975,0.014709975,0.0,0.0,1.5,1.5,0.0,0.0,0.24951773071289063,15.7470703125,5180,35,3,4,10740.0,10749.0,-9.0,-0.08372871895060005,10740.0,-9.0,-0.08372871895060004
26.48524080403149,approaching,True,0.014709975,0.014709975,0.0,0.0,1.5,1.5,0.0,0.0,0.24949600219726564,15.768798828124986,5186,35,3,4,10743.0,10749.0,-6.0,-0.055819145967066705,10743.0,-6.0,-0.0558191459670667
26.53224400104955,approaching,True,0.014709975,0.014709975,0.0,0.0,1.5,1.5,0.0,0.0,0.24949600219726564,15.768798828124986,5193,35,3,4,10738.0,10749.0,-11.0,-0.1023351009396223,10738.0,-11.0,-0.1023351009396223
26.60290661198087,approaching,True,0.014709975,0.014709975,0.0,0.0,1.5,1.5,0.0,0.0,0.24923513793945312,16.029663085937507,5198,35,3,4,10736.0,10749.0,-13.0,-0.12094148292864453,10736.666666666666,-12.333333333333334,-0.11473935559897046
26.634888880886137,approaching,True,0.014709975,0.014709975,0.0,0.0,1.5,1.5,0.0,0.0,0.24923513793945312,16.029663085937507,5203,35,3,4,10740.0,10749.0,-9.0,-0.08372871895060005,10740.0,-9.0,-0.08372871895060004
26.68338665482588,approaching,True,0.014709975,0.014709975,0.0,0.0,1.5,1.5,0.0,0.0,0.24905230712890625,16.212493896484382,5211,35,3,4,10749.0,10749.0,0.0,0.0,10748.666666666666,-0.3333333333333333,-0.003101063664837039
26.732511267997324,approaching,True,0.014709975,0.014709975,0.0,0.0,1.5,1.5,0.0,0.0,0.24903610229492187,16.228698730468754,5222,35,3,4,10737.0,10749.0,-12.0,-0.11163829193413341,10737.0,-12.0,-0.1116382919341334
26.798563607037067,approaching,True,0.014709975,0.014709975,0.0,0.0,1.5,1.5,0.0,0.0,0.2490196533203125,16.24514770507812,5232,35,3,4,10746.0,10749.0,-3.0,-0.027909572983533353,10746.0,-3.0,-0.02790957298353335
26.850451914826408,approaching,True,0.014709975,0.014709975,0.0,0.0,1.5,1.5,0.0,0.0,0.2490196533203125,16.24514770507812,5237,35,3,4,10739.0,10749.0,-10.0,-0.09303190994511118,10739.0,-10.0,-0.09303190994511118
26.900208974955603,approaching,True,0.014709975,0.014709975,0.0,0.0,1.5,1.5,0.0,0.0,0.24900402832031251,16.260772705078114,5243,35,3,4,10737.0,10749.0,-12.0,-0.11163829193413341,10736.333333333334,-12.666666666666666,-0.11784041926380749
26.950643762014806,approaching,True,0.014709975,0.014709975,0.0,0.0,1.5,1.5,0.0,0.0,0.24898663330078125,16.278167724609382,5248,35,3,4,10741.0,10749.0,-8.0,-0.07442552795608894,10738.333333333334,-10.666666666666666,-0.09923403727478525
27.015341074904427,approaching,True,0.014709975,0.014709975,0.0,0.0,1.5,1.5,0.0,0.0,0.24898663330078125,16.278167724609382,5253,35,3,4,10745.0,10749.0,-4.0,-0.03721276397804447,10743.666666666666,-5.333333333333333,-0.049617018637392624
27.034303897991776,approaching,True,0.014709975,0.014709975,0.0,0.0,1.5,1.5,0.0,0.0,0.2489624938964844,16.302307128906236,5258,35,3,4,10747.0,10749.0,-2.0,-0.018606381989022234,10746.333333333334,-2.6666666666666665,-0.024808509318696312
27.082081825938076,approaching,True,0.014709975,0.014709975,0.0,0.0,1.5,1.5,0.0,0.0,0.2489624938964844,16.302307128906236,5263,35,3,4,10736.0,10749.0,-13.0,-0.12094148292864453,10736.0,-13.0,-0.12094148292864453
27.132003278005868,approaching,True,0.014709975,0.014709975,0.0,0.0,1.5,1.5,0.0,0.0,0.248926025390625,16.33877563476563,5270,35,3,4,10744.0,10749.0,-5.0,-0.04651595497255559,10744.333333333334,-4.666666666666667,-0.04341489130771855
27.20037936605513,approaching,True,0.014709975,0.014709975,0.0,0.0,1.5,1.5,0.0,0.0,0.24888375854492187,16.38104248046876,5277,35,3,4,10741.0,10749.0,-8.0,-0.07442552795608894,10741.0,-8.0,-0.07442552795608894
27.250403097830713,approaching,True,0.014709975,0.014709975,0.0,0.0,1.5,1.5,0.0,0.0,0.24888375854492187,16.38104248046876,5282,35,3,4,10745.0,10749.0,-4.0,-0.03721276397804447,10745.0,-4.0,-0.03721276397804447
27.298776341835037,approaching,True,0.014709975,0.014709975,0.0,0.0,1.5,1.5,0.0,0.0,0.248786376953125,16.47842407226563,5288,35,3,4,10738.0,10749.0,-11.0,-0.1023351009396223,10738.0,-11.0,-0.1023351009396223
27.350834135897458,approaching,True,0.014709975,0.014709975,0.0,0.0,1.5,1.5,0.0,0.0,0.248786376953125,16.47842407226563,5293,35,3,4,10742.0,10749.0,-7.0,-0.06512233696157782,10742.0,-7.0,-0.06512233696157782
27.416937481844798,approaching,True,0.014709975,0.014709975,0.0,0.0,1.5,1.5,0.0,0.0,0.2486645202636719,16.60028076171874,5299,35,3,4,10742.0,10749.0,-7.0,-0.06512233696157782,10741.333333333334,-7.666666666666667,-0.0713244642912519
27.434160712873563,approaching,True,0.014709975,0.014709975,0.0,0.0,1.5,1.5,0.0,0.0,0.2486645202636719,16.60028076171874,5304,35,3,4,10737.0,10749.0,-12.0,-0.11163829193413341,10738.666666666666,-10.333333333333334,-0.09613297360994821
27.481707884930074,approaching,True,0.014709975,0.014709975,0.0,0.0,1.5,1.5,0.0,0.0,0.24857598876953124,16.688812255859386,5311,35,3,4,10738.0,10749.0,-11.0,-0.1023351009396223,10738.0,-11.0,-0.1023351009396223
27.5323020699434,approaching,True,0.014709975,0.014709975,0.0,0.0,1.5,1.5,0.0,0.0,0.2484180908203125,16.846710205078136,5318,35,3,4,10748.0,10749.0,-1.0,-0.009303190994511117,10745.333333333334,-3.6666666666666665,-0.034111700313207434
27.600305011030287,approaching,True,0.014709975,0.014709975,0.0,0.0,1.5,1.5,0.0,0.0,0.2484180908203125,16.846710205078136,5325,35,3,4,10747.0,10749.0,-2.0,-0.018606381989022234,10747.0,-2.0,-0.018606381989022234
27.65011627296917,approaching,True,0.014709975,0.014709975,0.0,0.0,1.5,1.5,0.0,0.0,0.24823065185546875,17.034149169921882,5329,35,3,4,10742.0,10749.0,-7.0,-0.06512233696157782,10743.666666666666,-5.333333333333333,-0.049617018637392624
27.6983980149962,approaching,True,0.014709975,0.014709975,0.0,0.0,1.5,1.5,0.0,0.0,0.2481804656982422,17.084335327148427,5336,35,3,4,10738.0,10749.0,-11.0,-0.1023351009396223,10738.0,-11.0,-0.1023351009396223
27.75004777102731,approaching,True,0.014709975,0.014709975,0.0,0.0,1.5,1.5,0.0,0.0,0.2481804656982422,17.084335327148427,5341,35,3,4,10738.0,10749.0,-11.0,-0.1023351009396223,10738.0,-11.0,-0.1023351009396223
27.81704282388091,approaching,True,0.014709975,0.014709975,0.0,0.0,1.5,1.5,0.0,0.0,0.24816838073730468,17.096420288085945,5347,35,3,4,10745.0,10749.0,-4.0,-0.03721276397804447,10743.666666666666,-5.333333333333333,-0.049617018637392624
27.836666432907805,approaching,True,0.014709975,0.014709975,0.0,0.0,1.5,1.5,0.0,0.0,0.24816838073730468,17.096420288085945,5351,35,3,4,10744.0,10749.0,-5.0,-0.04651595497255559,10744.666666666666,-4.333333333333333,-0.04031382764288151
27.881781873991713,approaching,True,0.014709975,0.014709975,0.0,0.0,1.5,1.5,0.0,0.0,0.24815542602539062,17.10937500000001,5358,35,3,4,10744.0,10749.0,-5.0,-0.04651595497255559,10744.0,-5.0,-0.04651595497255559
27.93403903604485,approaching,True,0.014709975,0.014709975,0.0,0.0,1.5,1.5,0.0,0.0,0.24815542602539062,17.10937500000001,5368,35,3,4,10742.0,10749.0,-7.0,-0.06512233696157782,10740.666666666666,-8.333333333333334,-0.07752659162092597
28.001547147054225,approaching,True,0.014709975,0.014709975,0.0,0.0,1.5,1.5,0.0,0.0,0.24814558410644533,17.119216918945302,5376,35,3,4,10740.0,10749.0,-9.0,-0.08372871895060005,10740.0,-9.0,-0.08372871895060004
28.032033810857683,approaching,True,0.014709975,0.014709975,0.0,0.0,1.5,1.5,0.0,0.0,0.2481436004638672,17.12120056152344,5383,35,3,4,10740.0,10749.0,-9.0,-0.08372871895060005,10740.0,-9.0,-0.08372871895060004
28.08210312598385,approaching,True,0.014709975,0.014709975,0.0,0.0,1.5,1.5,0.0,0.0,0.2481341247558594,17.130676269531243,5392,35,3,4,10735.0,10749.0,-14.0,-0.13024467392315564,10735.0,-14.0,-0.13024467392315564
28.131855594925582,approaching,True,0.014709975,0.014709975,0.0,0.0,1.5,1.5,0.0,0.0,0.2481341247558594,17.130676269531243,5402,35,3,4,10743.0,10749.0,-6.0,-0.055819145967066705,10743.0,-6.0,-0.0558191459670667
28.19929634197615,approaching,True,0.014709975,0.014709975,0.0,0.0,1.5,1.5,0.0,0.0,0.24812890625,17.135894775390625,5412,35,3,4,10748.0,10749.0,-1.0,-0.009303190994511117,10748.0,-1.0,-0.009303190994511117
28.25004651187919,approaching,True,0.014709975,0.014709975,0.0,0.0,1.5,1.5,0.0,0.0,0.24811209106445312,17.15270996093751,5417,35,3,4,10746.0,10749.0,-3.0,-0.027909572983533353,10746.0,-3.0,-0.02790957298353335
28.301289110910147,approaching,True,0.014709975,0.014709975,0.0,0.0,1.5,1.5,0.0,0.0,0.24804441833496094,17.22038269042969,5422,35,3,4,10737.0,10749.0,-12.0,-0.11163829193413341,10737.0,-12.0,-0.1116382919341334
28.332818385912105,approaching,True,0.014709975,0.014709975,0.0,0.0,1.5,1.5,0.0,0.0,0.24804441833496094,17.22038269042969,5428,35,3,4,10744.0,10749.0,-5.0,-0.04651595497255559,10744.0,-5.0,-0.04651595497255559
28.39837303501554,approaching,True,0.014709975,0.014709975,0.0,0.0,1.5,1.5,0.0,0.0,0.24799966430664064,17.26513671874999,5435,35,3,4,10747.0,10749.0,-2.0,-0.018606381989022234,10738.333333333334,-10.666666666666666,-0.09923403727478526
28.432213022839278,approaching,True,0.014709975,0.014709975,0.0,0.0,1.5,1.5,0.0,0.0,0.24799966430664064,17.26513671874999,5440,35,3,4,10742.0,10749.0,-7.0,-0.06512233696157782,10745.333333333334,-3.6666666666666665,-0.03411170031320743
28.48360709194094,approaching,True,0.014709975,0.014709975,0.0,0.0,1.5,1.5,0.0,0.0,0.24797061157226563,17.294189453124996,5446,35,3,4,10742.0,10749.0,-7.0,-0.06512233696157782,10742.0,-7.0,-0.06512233696157782
28.53220835700631,approaching,True,0.014709975,0.014709975,0.0,0.0,1.5,1.5,0.0,0.0,0.2479395751953125,17.325225830078118,5453,35,3,4,10743.0,10749.0,-6.0,-0.055819145967066705,10743.0,-6.0,-0.0558191459670667
28.599508926970884,approaching,True,0.014709975,0.014709975,0.0,0.0,1.5,1.5,0.0,0.0,0.2479395751953125,17.325225830078118,5458,35,3,4,10739.0,10749.0,-10.0,-0.09303190994511118,10739.0,-10.0,-0.09303190994511118
28.650253492873162,approaching,True,0.014709975,0.014709975,0.0,0.0,1.5,1.5,0.0,0.0,0.24786935424804687,17.395446777343754,5462,35,3,4,10740.0,10749.0,-9.0,-0.08372871895060005,10742.666666666666,-6.333333333333333,-0.058920209631903746
28.700230428017676,approaching,True,0.014709975,0.014709975,0.0,0.0,1.5,1.5,0.0,0.0,0.24786935424804687,17.395446777343754,5469,35,3,4,10746.0,10749.0,-3.0,-0.027909572983533353,10746.0,-3.0,-0.02790957298353335
28.74995098100044,approaching,True,0.014709975,0.014709975,0.0,0.0,1.5,1.5,0.0,0.0,0.24775970458984375,17.505096435546875,5474,35,3,4,10742.0,10749.0,-7.0,-0.06512233696157782,10742.0,-7.0,-0.06512233696157782
28.817870792001486,approaching,True,0.014709975,0.014709975,0.0,0.0,1.5,1.5,0.0,0.0,0.2476785583496094,17.58624267578124,5480,35,3,4,10742.0,10749.0,-7.0,-0.06512233696157782,10742.0,-7.0,-0.06512233696157782
28.83388351695612,approaching,True,0.014709975,0.014709975,0.0,0.0,1.5,1.5,0.0,0.0,0.2476785583496094,17.58624267578124,5485,35,3,4,10741.0,10749.0,-8.0,-0.07442552795608894,10741.0,-8.0,-0.07442552795608894
28.88219447201118,approaching,True,0.014709975,0.014709975,0.0,0.0,1.5,1.5,0.0,0.0,0.2476785583496094,17.58624267578124,5495,35,3,4,10740.0,10749.0,-9.0,-0.08372871895060005,10740.0,-9.0,-0.08372871895060004
28.933086927048862,approaching,True,0.014709975,0.014709975,0.0,0.0,1.5,1.5,0.0,0.0,0.24766952514648438,17.595275878906246,5503,35,3,4,10736.0,10749.0,-13.0,-0.12094148292864453,10736.0,-13.0,-0.12094148292864453
29.002668085042387,approaching,True,0.014709975,0.014709975,0.0,0.0,1.5,1.5,0.0,0.0,0.24761709594726564,17.647705078124993,5513,35,3,4,10737.0,10749.0,-12.0,-0.11163829193413341,10738.333333333334,-10.666666666666666,-0.09923403727478526
29.04836462903768,approaching,True,0.014709975,0.014709975,0.0,0.0,1.5,1.5,0.0,0.0,0.24744903564453125,17.815765380859382,5518,35,3,4,10744.0,10749.0,-5.0,-0.04651595497255559,10739.333333333334,-9.666666666666666,-0.08993084628027415
29.098380686948076,approaching,True,0.014709975,0.014709975,0.0,0.0,1.5,1.5,0.0,0.0,0.2473540496826172,17.910751342773423,5525,35,3,4,10744.0,10749.0,-5.0,-0.04651595497255559,10744.0,-5.0,-0.04651595497255559
29.148310580989346,approaching,True,0.014709975,0.014709975,0.0,0.0,1.5,1.5,0.0,0.0,0.2473540496826172,17.910751342773423,5530,35,3,4,10738.0,10749.0,-11.0,-0.1023351009396223,10738.0,-11.0,-0.1023351009396223
29.2183483929839,approaching,True,0.014709975,0.014709975,0.0,0.0,1.5,1.5,0.0,0.0,0.24732666015625002,17.93814086914061,5535,35,3,4,10747.0,10749.0,-2.0,-0.018606381989022234,10747.0,-2.0,-0.018606381989022234
29.23353702086024,approaching,True,0.014709975,0.014709975,0.0,0.0,1.5,1.5,0.0,0.0,0.24732666015625002,17.93814086914061,5540,35,3,4,10747.0,10749.0,-2.0,-0.018606381989022234,10745.666666666666,-3.3333333333333335,-0.03101063664837039
29.281661520013586,approaching,True,0.014709975,0.014709975,0.0,0.0,1.5,1.5,0.0,0.0,0.2473111572265625,17.953643798828132,5549,35,3,4,10741.0,10749.0,-8.0,-0.07442552795608894,10741.0,-8.0,-0.07442552795608894
29.33225992601365,approaching,True,0.014709975,0.014709975,0.0,0.0,1.5,1.5,0.0,0.0,0.24730601501464844,17.958786010742188,5560,35,3,4,10742.0,10749.0,-7.0,-0.06512233696157782,10742.0,-7.0,-0.06512233696157782
29.400082828011364,approaching,True,0.014709975,0.014709975,0.0,0.0,1.5,1.5,0.0,0.0,0.24729312133789064,17.971679687499993,5570,35,3,4,10742.0,10749.0,-7.0,-0.06512233696157782,10746.666666666666,-2.3333333333333335,-0.021707445653859275
29.448042219039053,approaching,True,0.014709975,0.014709975,0.0,0.0,1.5,1.5,0.0,0.0,0.24727789306640627,17.98690795898436,5575,35,3,4,10751.0,10749.0,2.0,0.018606381989022234,10745.0,-4.0,-0.03721276397804447
29.498747465899214,approaching,True,0.014709975,0.014709975,0.0,0.0,1.5,1.5,0.0,0.0,0.24727789306640627,17.98690795898436,5581,35,3,4,10746.0,10749.0,-3.0,-0.027909572983533353,10747.666666666666,-1.3333333333333333,-0.012404254659348158
29.548427456989884,approaching,True,0.014709975,0.014709975,0.0,0.0,1.5,1.5,0.0,0.0,0.24726678466796875,17.998016357421875,5587,35,3,4,10747.0,10749.0,-2.0,-0.018606381989022234,10747.0,-2.0,-0.018606381989022234
29.617868497036397,approaching,True,0.014709975,0.014709975,0.0,0.0,1.5,1.5,0.0,0.0,0.2472624053955078,18.002395629882816,5592,35,3,4,10747.0,10749.0,-2.0,-0.018606381989022234,10747.0,-2.0,-0.018606381989022234
29.633968690875918,approaching,True,0.014709975,0.014709975,0.0,0.0,1.5,1.5,0.0,0.0,0.2472624053955078,18.002395629882816,5596,35,3,4,10743.0,10749.0,-6.0,-0.055819145967066705,10744.333333333334,-4.666666666666667,-0.04341489130771855
29.684500338044018,approaching,True,0.014709975,0.014709975,0.0,0.0,1.5,1.5,0.0,0.0,0.2472624053955078,18.002395629882816,5603,35,3,4,10744.0,10749.0,-5.0,-0.04651595497255559,10744.0,-5.0,-0.04651595497255559
29.733365767868236,approaching,True,0.014709975,0.014709975,0.0,0.0,1.5,1.5,0.0,0.0,0.24725465393066406,18.010147094726562,5611,35,3,4,10739.0,10749.0,-10.0,-0.09303190994511118,10739.0,-10.0,-0.09303190994511118
29.798685482004657,approaching,True,0.014709975,0.014709975,0.0,0.0,1.5,1.5,0.0,0.0,0.24724371337890624,18.021087646484386,5621,35,3,4,10736.0,10749.0,-13.0,-0.12094148292864453,10736.0,-13.0,-0.12094148292864453
29.84902870701626,approaching,True,0.014709975,0.014709975,0.0,0.0,1.5,1.5,0.0,0.0,0.2472220153808594,18.04278564453124,5625,35,3,4,10743.0,10749.0,-6.0,-0.055819145967066705,10745.0,-4.0,-0.03721276397804447
29.89895139192231,approaching,True,0.014709975,0.014709975,0.0,0.0,1.5,1.5,0.0,0.0,0.2472220153808594,18.04278564453124,5630,35,3,4,10746.0,10749.0,-3.0,-0.027909572983533353,10744.0,-5.0,-0.04651595497255559
29.948161901906133,approaching,True,0.014709975,0.014709975,0.0,0.0,1.5,1.5,0.0,0.0,0.2471725769042969,18.092224121093736,5636,35,3,4,10742.0,10749.0,-7.0,-0.06512233696157782,10743.333333333334,-5.666666666666667,-0.052718082302229664
29.99892181996256,approaching,True,0.014709975,0.014709975,0.0,0.0,1.5,1.5,0.0,0.0,0.24700622558593752,18.25857543945311,5642,35,3,4,10737.0,10749.0,-12.0,-0.11163829193413341,10737.0,-12.0,-0.1116382919341334
30.03336074994877,approaching,True,0.014709975,0.014709975,0.0,0.0,1.5,1.5,0.0,0.0,0.24700622558593752,18.25857543945311,5649,35,3,4,10742.0,10749.0,-7.0,-0.06512233696157782,10740.666666666666,-8.333333333333334,-0.07752659162092597
30.08242441783659,approaching,True,0.014709975,0.014709975,0.0,0.0,1.5,1.5,0.0,0.0,0.24696539306640625,18.299407958984382,5659,35,3,4,10742.0,10749.0,-7.0,-0.06512233696157782,10742.0,-7.0,-0.06512233696157782
30.132133575854823,approaching,True,0.014709975,0.014709975,0.0,0.0,1.5,1.5,0.0,0.0,0.24689297485351563,18.371826171874993,5669,35,3,4,10738.0,10749.0,-11.0,-0.1023351009396223,10738.0,-11.0,-0.1023351009396223
30.18296327884309,approaching,True,0.014709975,0.014709975,0.0,0.0,1.5,1.5,0.0,0.0,0.24684063720703125,18.424163818359375,5679,35,3,4,10741.0,10749.0,-8.0,-0.07442552795608894,10741.0,-8.0,-0.07442552795608894
30.233928148867562,approaching,True,0.014709975,0.014709975,0.0,0.0,1.5,1.5,0.0,0.0,0.2467783203125,18.486480712890636,5684,35,3,4,10737.0,10749.0,-12.0,-0.11163829193413341,10737.0,-12.0,-0.1116382919341334
30.284274878911674,approaching,True,0.014709975,0.014709975,0.0,0.0,1.5,1.5,0.0,0.0,0.2467783203125,18.486480712890636,5690,35,3,4,10743.0,10749.0,-6.0,-0.055819145967066705,10737.0,-12.0,-0.11163829193413342
30.33188679604791,approaching,True,0.014709975,0.014709975,0.0,0.0,1.5,1.5,0.0,0.0,0.24665956115722656,18.605239868164062,5695,35,3,4,10739.0,10749.0,-10.0,-0.09303190994511118,10740.333333333334,-8.666666666666666,-0.08062765528576303
30.400312583893538,approaching,True,0.014709975,0.014709975,0.0,0.0,1.5,1.5,0.0,0.0,0.24656967163085938,18.695129394531246,5703,35,3,4,10740.0,10749.0,-9.0,-0.08372871895060005,10740.0,-9.0,-0.08372871895060004
30.43264439702034,approaching,True,0.014709975,0.014709975,0.0,0.0,1.5,1.5,0.0,0.0,0.24656967163085938,18.695129394531246,5709,35,3,4,10738.0,10749.0,-11.0,-0.1023351009396223,10738.666666666666,-10.333333333333334,-0.09613297360994821
30.482200952013955,approaching,True,0.014709975,0.014709975,0.0,0.0,1.5,1.5,0.0,0.0,0.24655432128906252,18.71047973632811,5718,35,3,4,10739.0,10749.0,-10.0,-0.09303190994511118,10738.666666666666,-10.333333333333334,-0.09613297360994821
30.532332855043933,approaching,True,0.014709975,0.014709975,0.0,0.0,1.5,1.5,0.0,0.0,0.24655432128906252,18.71047973632811,5727,35,3,4,10739.0,10749.0,-10.0,-0.09303190994511118,10739.0,-10.0,-0.09303190994511118
30.59950512787327,approaching,True,0.014709975,0.014709975,0.0,0.0,1.5,1.5,0.0,0.0,0.2465428466796875,18.721954345703118,5737,35,3,4,10744.0,10749.0,-5.0,-0.04651595497255559,10744.0,-5.0,-0.04651595497255559
30.648244624957442,approaching,True,0.014709975,0.014709975,0.0,0.0,1.5,1.5,0.0,0.0,0.2465428466796875,18.721954345703118,5739,35,3,4,10744.0,10749.0,-5.0,-0.04651595497255559,10744.0,-5.0,-0.04651595497255559
30.6998685200233,approaching,True,0.014709975,0.014709975,0.0,0.0,1.5,1.5,0.0,0.0,0.246531494140625,18.73330688476563,5745,35,3,4,10742.0,10749.0,-7.0,-0.06512233696157782,10742.0,-7.0,-0.06512233696157782
30.75006492692046,approaching,True,0.014709975,0.014709975,0.0,0.0,1.5,1.5,0.0,0.0,0.24651080322265626,18.753997802734375,5751,35,3,4,10739.0,10749.0,-10.0,-0.09303190994511118,10739.666666666666,-9.333333333333334,-0.0868297826154371
30.817822110839188,approaching,True,0.014709975,0.014709975,0.0,0.0,1.5,1.5,0.0,0.0,0.2464960479736328,18.76875305175782,5757,35,3,4,10744.0,10749.0,-5.0,-0.04651595497255559,10742.333333333334,-6.666666666666667,-0.062021273296740786
30.833463596878573,approaching,True,0.014709975,0.014709975,0.0,0.0,1.5,1.5,0.0,0.0,0.2464960479736328,18.76875305175782,5762,35,3,4,10741.0,10749.0,-8.0,-0.07442552795608894,10742.0,-7.0,-0.06512233696157782
30.8826225399971,approaching,True,0.014709975,0.014709975,0.0,0.0,1.5,1.5,0.0,0.0,0.2464960479736328,18.76875305175782,5772,35,3,4,10742.0,10749.0,-7.0,-0.06512233696157782,10742.0,-7.0,-0.06512233696157782
30.93347115186043,approaching,True,0.014709975,0.014709975,0.0,0.0,1.5,1.5,0.0,0.0,0.24647793579101562,18.786865234375007,5779,35,3,4,10747.0,10749.0,-2.0,-0.018606381989022234,10745.333333333334,-3.6666666666666665,-0.03411170031320743
30.999175821896642,approaching,True,0.014709975,0.014709975,0.0,0.0,1.5,1.5,0.0,0.0,0.2464739990234375,18.79080200195313,5788,35,3,4,10741.0,10749.0,-8.0,-0.07442552795608894,10741.0,-8.0,-0.07442552795608894
31.051765674026683,approaching,True,0.014709975,0.014709975,0.0,0.0,1.5,1.5,0.0,0.0,0.2464739990234375,18.79080200195313,5792,35,3,4,10742.0,10749.0,-7.0,-0.06512233696157782,10741.666666666666,-7.333333333333333,-0.06822340062641485
31.098731041885912,approaching,True,0.014709975,0.014709975,0.0,0.0,1.5,1.5,0.0,0.0,0.24645425415039063,18.810546875,5798,35,3,4,10744.0,10749.0,-5.0,-0.04651595497255559,10744.0,-5.0,-0.04651595497255559
31.149010065943003,approaching,True,0.014709975,0.014709975,0.0,0.0,1.5,1.5,0.0,0.0,0.24645425415039063,18.810546875,5805,35,3,4,10747.0,10749.0,-2.0,-0.018606381989022234,10743.0,-6.0,-0.0558191459670667
31.220211711945012,approaching,True,0.014709975,0.014709975,0.0,0.0,1.5,1.5,0.0,0.0,0.24643869018554687,18.826110839843757,5811,35,3,4,10735.0,10749.0,-14.0,-0.13024467392315564,10735.0,-14.0,-0.13024467392315564
31.23360202787444,approaching,True,0.014709975,0.014709975,0.0,0.0,1.5,1.5,0.0,0.0,0.24641629028320314,18.84851074218749,5815,35,3,4,10737.0,10749.0,-12.0,-0.11163829193413341,10736.333333333334,-12.666666666666666,-0.11784041926380749
31.28164694691077,approaching,True,0.014709975,0.014709975,0.0,0.0,1.5,1.5,0.0,0.0,0.24641629028320314,18.84851074218749,5825,35,3,4,10742.0,10749.0,-7.0,-0.06512233696157782,10741.333333333334,-7.666666666666667,-0.0713244642912519
31.333012111019343,approaching,True,0.014709975,0.014709975,0.0,0.0,1.5,1.5,0.0,0.0,0.24634779357910155,18.917007446289073,5834,35,3,4,10732.0,10749.0,-17.0,-0.158154246906689,10735.333333333334,-13.666666666666666,-0.1271436102583186
31.403041722020134,approaching,True,0.014709975,0.014709975,0.0,0.0,1.5,1.5,0.0,0.0,0.24629315185546877,18.97164916992186,5845,35,3,4,10741.0,10749.0,-8.0,-0.07442552795608894,10741.0,-8.0,-0.07442552795608894
31.44804907683283,approaching,True,0.014709975,0.014709975,0.0,0.0,1.5,1.5,0.0,0.0,0.2462769470214844,18.987854003906236,5849,35,3,4,10740.0,10749.0,-9.0,-0.08372871895060005,10740.333333333334,-8.666666666666666,-0.08062765528576302
31.498673105845228,approaching,True,0.014709975,0.014709975,0.0,0.0,1.5,1.5,0.0,0.0,0.2462443542480469,19.020446777343743,5856,35,3,4,10746.0,10749.0,-3.0,-0.027909572983533353,10746.0,-3.0,-0.02790957298353335
31.550321548013017,approaching,True,0.014709975,0.014709975,0.0,0.0,1.5,1.5,0.0,0.0,0.2462443542480469,19.020446777343743,5862,35,3,4,10740.0,10749.0,-9.0,-0.08372871895060005,10746.0,-3.0,-0.02790957298353335
31.601904744049534,approaching,True,0.014709975,0.014709975,0.0,0.0,1.5,1.5,0.0,0.0,0.24619676208496094,19.068038940429688,5869,35,3,4,10742.0,10749.0,-7.0,-0.06512233696157782,10742.0,-7.0,-0.06512233696157782
31.65285687497817,approaching,True,0.014709975,0.014709975,0.0,0.0,1.5,1.5,0.0,0.0,0.24619676208496094,19.068038940429688,5873,35,3,4,10749.0,10749.0,0.0,0.0,10746.666666666666,-2.3333333333333335,-0.021707445653859275
31.682734414935112,approaching,True,0.014709975,0.014709975,0.0,0.0,1.5,1.5,0.0,0.0,0.24608023071289062,19.18457031250001,5879,35,3,4,10746.0,10749.0,-3.0,-0.027909572983533353,10746.0,-3.0,-0.02790957298353335
31.73492516297847,approaching,True,0.014709975,0.014709975,0.0,0.0,1.5,1.5,0.0,0.0,0.24608023071289062,19.18457031250001,5887,35,3,4,10743.0,10749.0,-6.0,-0.055819145967066705,10743.0,-6.0,-0.0558191459670667
31.79839719599113,approaching,True,0.014709975,0.014709975,0.0,0.0,1.5,1.5,0.0,0.0,0.24601937866210938,19.24542236328125,5896,35,3,4,10737.0,10749.0,-12.0,-0.11163829193413341,10737.0,-12.0,-0.1116382919341334
31.851257097907364,approaching,True,0.014709975,0.014709975,0.0,0.0,1.5,1.5,0.0,0.0,0.24600601196289062,19.258789062500004,5900,35,3,4,10750.0,10749.0,1.0,0.009303190994511117,10745.666666666666,-3.3333333333333335,-0.031010636648370393
31.90120599605143,approaching,True,0.014709975,0.014709975,0.0,0.0,1.5,1.5,0.0,0.0,0.24600601196289062,19.258789062500004,5906,35,3,4,10740.0,10749.0,-9.0,-0.08372871895060005,10740.0,-9.0,-0.08372871895060004
31.948366835014895,approaching,True,0.014709975,0.014709975,0.0,0.0,1.5,1.5,0.0,0.0,0.2459901123046875,19.27468872070312,5913,35,3,4,10740.0,10749.0,-9.0,-0.08372871895060005,10740.0,-9.0,-0.08372871895060004
32.01621663803235,approaching,True,0.014709975,0.014709975,0.0,0.0,1.5,1.5,0.0,0.0,0.2459810028076172,19.28379821777343,5918,35,3,4,10740.0,10749.0,-9.0,-0.08372871895060005,10740.0,-9.0,-0.08372871895060004
32.03229888295755,approaching,True,0.014709975,0.014709975,0.0,0.0,1.5,1.5,0.0,0.0,0.2459810028076172,19.28379821777343,5922,35,3,4,10740.0,10749.0,-9.0,-0.08372871895060005,10740.0,-9.0,-0.08372871895060004
32.08567088190466,approaching,True,0.014709975,0.014709975,0.0,0.0,1.5,1.5,0.0,0.0,0.2457919921875,19.472808837890625,5929,35,3,4,10743.0,10749.0,-6.0,-0.055819145967066705,10743.0,-6.0,-0.0558191459670667
32.13177345297299,approaching,True,0.014709975,0.014709975,0.0,0.0,1.5,1.5,0.0,0.0,0.2457919921875,19.472808837890625,5937,35,3,4,10739.0,10749.0,-10.0,-0.09303190994511118,10739.0,-10.0,-0.09303190994511118
32.19842499285005,approaching,True,0.014709975,0.014709975,0.0,0.0,1.5,1.5,0.0,0.0,0.24563592529296877,19.628875732421864,5947,35,3,4,10740.0,10749.0,-9.0,-0.08372871895060005,10740.0,-9.0,-0.08372871895060004
32.24822222185321,approaching,True,0.014709975,0.014709975,0.0,0.0,1.5,1.5,0.0,0.0,0.2455997009277344,19.665100097656236,5952,35,3,4,10736.0,10749.0,-13.0,-0.12094148292864453,10737.333333333334,-11.666666666666666,-0.10853722826929636
32.29994405899197,approaching,True,0.014709975,0.014709975,0.0,0.0,1.5,1.5,0.0,0.0,0.2455997009277344,19.665100097656236,5958,35,3,4,10741.0,10749.0,-8.0,-0.07442552795608894,10739.333333333334,-9.666666666666666,-0.08993084628027413
32.35005967901088,approaching,True,0.014709975,0.014709975,0.0,0.0,1.5,1.5,0.0,0.0,0.2455665283203125,19.698272705078125,5964,35,3,4,10738.0,10749.0,-11.0,-0.1023351009396223,10738.0,-11.0,-0.1023351009396223
32.41520818090066,approaching,True,0.014709975,0.014709975,0.0,0.0,1.5,1.5,0.0,0.0,0.24553927612304688,19.72552490234375,5970,35,3,4,10737.0,10749.0,-12.0,-0.11163829193413341,10737.0,-12.0,-0.1116382919341334
32.435972896870226,approaching,True,0.014709975,0.014709975,0.0,0.0,1.5,1.5,0.0,0.0,0.24553927612304688,19.72552490234375,5976,35,3,4,10746.0,10749.0,-3.0,-0.027909572983533353,10738.666666666666,-10.333333333333334,-0.09613297360994821
32.48404484987259,approaching,True,0.014709975,0.014709975,0.0,0.0,1.5,1.5,0.0,0.0,0.24551052856445313,19.7542724609375,5982,35,3,4,10738.0,10749.0,-11.0,-0.1023351009396223,10740.666666666666,-8.333333333333334,-0.07752659162092597
32.5339614818804,approaching,True,0.014709975,0.014709975,0.0,0.0,1.5,1.5,0.0,0.0,0.24551052856445313,19.7542724609375,5989,35,3,4,10750.0,10749.0,1.0,0.009303190994511117,10750.0,1.0,0.009303190994511117
32.59854500088841,approaching,True,0.014709975,0.014709975,0.0,0.0,1.5,1.5,0.0,0.0,0.24548410034179688,19.78070068359375,5996,35,3,4,10740.0,10749.0,-9.0,-0.08372871895060005,10738.666666666666,-10.333333333333334,-0.09613297360994821
32.648209750885144,approaching,True,0.014709975,0.014709975,0.0,0.0,1.5,1.5,0.0,0.0,0.24548410034179688,19.78070068359375,6002,35,3,4,10737.0,10749.0,-12.0,-0.11163829193413341,10738.0,-11.0,-0.10233510093962228
32.69863573205657,approaching,True,0.014709975,0.014709975,0.0,0.0,1.5,1.5,0.0,0.0,0.24537777709960937,19.88702392578126,6008,35,3,4,10749.0,10749.0,0.0,0.0,10749.0,0.0,0.0
32.74832393089309,approaching,True,0.014709975,0.014709975,0.0,0.0,1.5,1.5,0.0,0.0,0.24522845458984374,20.036346435546886,6014,35,3,4,10741.0,10749.0,-8.0,-0.07442552795608894,10741.0,-8.0,-0.07442552795608894
32.8182686639484,approaching,True,0.014709975,0.014709975,0.0,0.0,1.5,1.5,0.0,0.0,0.24519732666015626,20.06747436523437,6019,35,3,4,10739.0,10749.0,-10.0,-0.09303190994511118,10739.0,-10.0,-0.09303190994511118
32.83555995882489,approaching,True,0.014709975,0.014709975,0.0,0.0,1.5,1.5,0.0,0.0,0.24519732666015626,20.06747436523437,6024,35,3,4,10741.0,10749.0,-8.0,-0.07442552795608894,10741.0,-8.0,-0.07442552795608894
32.88169184187427,approaching,True,0.014709975,0.014709975,0.0,0.0,1.5,1.5,0.0,0.0,0.24519732666015626,20.06747436523437,6032,35,3,4,10731.0,10749.0,-18.0,-0.1674574379012001,10731.0,-18.0,-0.16745743790120007
32.93289224989712,approaching,True,0.014709975,0.014709975,0.0,0.0,1.5,1.5,0.0,0.0,0.24518292236328126,20.081878662109364,6041,35,3,4,10732.0,10749.0,-17.0,-0.158154246906689,10732.0,-17.0,-0.158154246906689
33.00056960503571,approaching,True,0.014709975,0.014709975,0.0,0.0,1.5,1.5,0.0,0.0,0.2450932159423828,20.171585083007816,6052,35,3,4,10733.0,10749.0,-16.0,-0.14885105591217787,10734.333333333334,-14.666666666666666,-0.1364468012528297
33.049955220893025,approaching,True,0.014709975,0.014709975,0.0,0.0,1.5,1.5,0.0,0.0,0.24503997802734376,20.22482299804687,6058,35,3,4,10741.0,10749.0,-8.0,-0.07442552795608894,10738.333333333334,-10.666666666666666,-0.09923403727478525
33.100749555043876,approaching,True,0.014709975,0.014709975,0.0,0.0,1.5,1.5,0.0,0.0,0.24503997802734376,20.22482299804687,6064,35,3,4,10741.0,10749.0,-8.0,-0.07442552795608894,10741.0,-8.0,-0.07442552795608894
33.13256645901129,approaching,True,0.014709975,0.014709975,0.0,0.0,1.5,1.5,0.0,0.0,0.24500285339355468,20.261947631835948,6071,35,3,4,10741.0,10749.0,-8.0,-0.07442552795608894,10741.0,-8.0,-0.07442552795608894
33.201347736874595,approaching,True,0.014709975,0.014709975,0.0,0.0,1.5,1.5,0.0,0.0,0.2449864501953125,20.278350830078118,6080,35,3,4,10742.0,10749.0,-7.0,-0.06512233696157782,10742.0,-7.0,-0.06512233696157782
33.23491935594939,approaching,True,0.014709975,0.014709975,0.0,0.0,1.5,1.5,0.0,0.0,0.24488861083984376,20.37619018554687,6087,35,3,4,10746.0,10749.0,-3.0,-0.027909572983533353,10746.0,-3.0,-0.02790957298353335
33.282997561851516,approaching,True,0.014709975,0.014709975,0.0,0.0,1.5,1.5,0.0,0.0,0.24488861083984376,20.37619018554687,6096,35,3,4,10744.0,10749.0,-5.0,-0.04651595497255559,10744.0,-5.0,-0.04651595497255559
33.332186460029334,approaching,True,0.014709975,0.014709975,0.0,0.0,1.5,1.5,0.0,0.0,0.24475653076171874,20.508270263671886,6106,35,3,4,10739.0,10749.0,-10.0,-0.09303190994511118,10739.0,-10.0,-0.09303190994511118
33.38342538289726,approaching,True,0.014709975,0.014709975,0.0,0.0,1.5,1.5,0.0,0.0,0.24470690917968752,20.557891845703114,6116,35,3,4,10740.0,10749.0,-9.0,-0.08372871895060005,10736.0,-13.0,-0.12094148292864453
33.432307375827804,approaching,True,0.014709975,0.014709975,0.0,0.0,1.5,1.5,0.0,0.0,0.24466131591796875,20.603485107421882,6121,35,3,4,10736.0,10749.0,-13.0,-0.12094148292864453,10738.666666666666,-10.333333333333334,-0.09613297360994821
33.48221191088669,approaching,True,0.014709975,0.014709975,0.0,0.0,1.5,1.5,0.0,0.0,0.24466131591796875,20.603485107421882,6126,35,3,4,10742.0,10749.0,-7.0,-0.06512233696157782,10738.0,-11.0,-0.10233510093962228
33.531984112923965,approaching,True,0.014709975,0.014709975,0.0,0.0,1.5,1.5,0.0,0.0,0.24462713623046875,20.63766479492188,6134,35,3,4,10737.0,10749.0,-12.0,-0.11163829193413341,10737.0,-12.0,-0.1116382919341334
33.600092524895445,approaching,True,0.014709975,0.014709975,0.0,0.0,1.5,1.5,0.0,0.0,0.24457392883300783,20.690872192382802,6140,35,3,4,10739.0,10749.0,-10.0,-0.09303190994511118,10739.0,-10.0,-0.09303190994511118
33.631950561888516,approaching,True,0.014709975,0.014709975,0.0,0.0,1.5,1.5,0.0,0.0,0.24457392883300783,20.690872192382802,6145,35,3,4,10729.0,10749.0,-20.0,-0.18606381989022236,10735.666666666666,-13.333333333333334,-0.12404254659348157
33.68413268099539,approaching,True,0.014709975,0.014709975,0.0,0.0,1.5,1.5,0.0,0.0,0.2444506072998047,20.814193725585934,6155,35,3,4,10737.0,10749.0,-12.0,-0.11163829193413341,10737.0,-12.0,-0.1116382919341334
33.73232027585618,approaching,True,0.014709975,0.014709975,0.0,0.0,1.5,1.5,0.0,0.0,0.2444506072998047,20.814193725585934,6164,35,3,4,10742.0,10749.0,-7.0,-0.06512233696157782,10742.0,-7.0,-0.06512233696157782
33.79873432405293,approaching,True,0.014709975,0.014709975,0.0,0.0,1.5,1.5,0.0,0.0,0.24436260986328126,20.902191162109368,6174,35,3,4,10742.0,10749.0,-7.0,-0.06512233696157782,10742.0,-7.0,-0.06512233696157782
33.84827630990185,approaching,True,0.014709975,0.014709975,0.0,0.0,1.5,1.5,0.0,0.0,0.2443592224121094,20.90557861328124,6179,35,3,4,10735.0,10749.0,-14.0,-0.13024467392315564,10735.0,-14.0,-0.13024467392315564
33.898931704927236,approaching,True,0.014709975,0.014709975,0.0,0.0,1.5,1.5,0.0,0.0,0.2443504638671875,20.91433715820312,6184,35,3,4,10740.0,10749.0,-9.0,-0.08372871895060005,10740.0,-9.0,-0.08372871895060004
33.93291047192179,approaching,True,0.014709975,0.014709975,0.0,0.0,1.5,1.5,0.0,0.0,0.2443504638671875,20.91433715820312,6191,35,3,4,10736.0,10749.0,-13.0,-0.12094148292864453,10736.0,-13.0,-0.12094148292864453
33.998245076974854,approaching,True,0.014709975,0.014709975,0.0,0.0,1.5,1.5,0.0,0.0,0.24434344482421874,20.921356201171886,6201,35,3,4,10739.0,10749.0,-10.0,-0.09303190994511118,10739.0,-10.0,-0.09303190994511118
34.04820498288609,approaching,True,0.014709975,0.014709975,0.0,0.0,1.5,1.5,0.0,0.0,0.2443296813964844,20.935119628906236,6205,35,3,4,10735.0,10749.0,-14.0,-0.13024467392315564,10735.0,-14.0,-0.13024467392315564
34.09858982684091,approaching,True,0.014709975,0.014709975,0.0,0.0,1.5,1.5,0.0,0.0,0.2443296813964844,20.935119628906236,6211,35,3,4,10736.0,10749.0,-13.0,-0.12094148292864453,10736.0,-13.0,-0.12094148292864453
34.13608636590652,approaching,True,0.014709975,0.014709975,0.0,0.0,1.5,1.5,0.0,0.0,0.24429415893554687,20.970642089843754,6217,35,3,4,10731.0,10749.0,-18.0,-0.1674574379012001,10731.0,-18.0,-0.16745743790120007
34.20089779794216,approaching,True,0.014709975,0.014709975,0.0,0.0,1.5,1.5,0.0,0.0,0.2441996765136719,21.065124511718743,6222,35,3,4,10733.0,10749.0,-16.0,-0.14885105591217787,10732.333333333334,-16.666666666666668,-0.15505318324185194
34.23325154790655,approaching,True,0.014709975,0.014709975,0.0,0.0,1.5,1.5,0.0,0.0,0.2441996765136719,21.065124511718743,6228,35,3,4,10734.0,10749.0,-15.0,-0.13954786491766677,10734.0,-15.0,-0.13954786491766677
34.28232674696483,approaching,True,0.014709975,0.014709975,0.0,0.0,1.5,1.5,0.0,0.0,0.24417916870117187,21.085632324218757,6236,35,3,4,10730.0,10749.0,-19.0,-0.17676062889571123,10736.666666666666,-12.333333333333334,-0.11473935559897046
34.33338634390384,approaching,True,0.014709975,0.014709975,0.0,0.0,1.5,1.5,0.0,0.0,0.24417916870117187,21.085632324218757,6244,35,3,4,10738.0,10749.0,-11.0,-0.1023351009396223,10738.0,-11.0,-0.1023351009396223
34.398590405937284,approaching,True,0.014709975,0.014709975,0.0,0.0,1.5,1.5,0.0,0.0,0.24417251586914063,21.09228515625,6253,35,3,4,10740.0,10749.0,-9.0,-0.08372871895060005,10740.0,-9.0,-0.08372871895060004
34.44820618000813,approaching,True,0.014709975,0.014709975,0.0,0.0,1.5,1.5,0.0,0.0,0.24417523193359375,21.08956909179688,6258,35,3,4,10747.0,10749.0,-2.0,-0.018606381989022234,10747.0,-2.0,-0.018606381989022234
34.498800460016355,approaching,True,0.014709975,0.014709975,0.0,0.0,1.5,1.5,0.0,0.0,0.24417523193359375,21.08956909179688,6264,35,3,4,10742.0,10749.0,-7.0,-0.06512233696157782,10742.0,-7.0,-0.06512233696157782
34.5482785620261,approaching,True,0.014709975,0.014709975,0.0,0.0,1.5,1.5,0.0,0.0,0.24417935180664063,21.085449218749996,6269,35,3,4,10741.0,10749.0,-8.0,-0.07442552795608894,10741.0,-8.0,-0.07442552795608894
34.6165184348356,approaching,True,0.014709975,0.014709975,0.0,0.0,1.5,1.5,0.0,0.0,0.24417935180664063,21.085449218749996,6275,35,3,4,10733.0,10749.0,-16.0,-0.14885105591217787,10733.333333333334,-15.666666666666666,-0.14574999224734084
34.63421299587935,approaching,True,0.014709975,0.014709975,0.0,0.0,1.5,1.5,0.0,0.0,0.2441697235107422,21.095077514648423,6280,35,3,4,10744.0,10749.0,-5.0,-0.04651595497255559,10740.333333333334,-8.666666666666666,-0.08062765528576302
34.68256812286563,approaching,True,0.014709975,0.014709975,0.0,0.0,1.5,1.5,0.0,0.0,0.2441697235107422,21.095077514648423,6291,35,3,4,10730.0,10749.0,-19.0,-0.17676062889571123,10734.0,-15.0,-0.13954786491766677
34.73167659388855,approaching,True,0.014709975,0.014709975,0.0,0.0,1.5,1.5,0.0,0.0,0.244160888671875,21.103912353515636,6301,35,3,4,10742.0,10749.0,-7.0,-0.06512233696157782,10742.0,-7.0,-0.06512233696157782
34.79894421482459,approaching,True,0.014709975,0.014709975,0.0,0.0,1.5,1.5,0.0,0.0,0.24413699340820313,21.127807617187493,6311,35,3,4,10733.0,10749.0,-16.0,-0.14885105591217787,10733.0,-16.0,-0.14885105591217787
34.8479643559549,approaching,True,0.014709975,0.014709975,0.0,0.0,1.5,1.5,0.0,0.0,0.2440055389404297,21.259262084960927,6316,35,3,4,10736.0,10749.0,-13.0,-0.12094148292864453,10736.0,-13.0,-0.12094148292864453
34.89875080995262,approaching,True,0.014709975,0.014709975,0.0,0.0,1.5,1.5,0.0,0.0,0.24368017578125,21.58462524414062,6321,35,3,4,10735.0,10749.0,-14.0,-0.13024467392315564,10735.0,-14.0,-0.13024467392315564
34.94788126996718,approaching,True,0.014709975,0.014709975,0.0,0.0,1.5,1.5,0.0,0.0,0.24368017578125,21.58462524414062,6327,35,3,4,10730.0,10749.0,-19.0,-0.17676062889571123,10730.0,-19.0,-0.17676062889571123
35.0163416180294,approaching,True,0.014709975,0.014709975,0.0,0.0,1.5,1.5,0.0,0.0,0.2435899658203125,21.674835205078125,6333,35,3,4,10736.0,10749.0,-13.0,-0.12094148292864453,10735.333333333334,-13.666666666666666,-0.1271436102583186
35.034236054867506,approaching,True,0.014709975,0.014709975,0.0,0.0,1.5,1.5,0.0,0.0,0.2435899658203125,21.674835205078125,6338,35,3,4,10728.0,10749.0,-21.0,-0.19536701088473346,10733.333333333334,-15.666666666666666,-0.14574999224734084
35.0821652058512,approaching,True,0.014709975,0.014709975,0.0,0.0,1.5,1.5,0.0,0.0,0.24343109130859375,21.83370971679688,6346,35,3,4,10736.0,10749.0,-13.0,-0.12094148292864453,10736.0,-13.0,-0.12094148292864453
35.13191696302965,approaching,True,0.014709975,0.014709975,0.0,0.0,1.5,1.5,0.0,0.0,0.24343109130859375,21.83370971679688,6356,35,3,4,10732.0,10749.0,-17.0,-0.158154246906689,10732.0,-17.0,-0.158154246906689
35.20203335187398,approaching,True,0.014709975,0.014709975,0.0,0.0,1.5,1.5,0.0,0.0,0.2433488006591797,21.91600036621094,6364,35,3,4,10740.0,10749.0,-9.0,-0.08372871895060005,10740.0,-9.0,-0.08372871895060004
35.2497449000366,approaching,True,0.014709975,0.014709975,0.0,0.0,1.5,1.5,0.0,0.0,0.24332327270507814,21.941528320312486,6368,35,3,4,10738.0,10749.0,-11.0,-0.1023351009396223,10738.666666666666,-10.333333333333334,-0.09613297360994821
35.300048877019435,approaching,True,0.014709975,0.014709975,0.0,0.0,1.5,1.5,0.0,0.0,0.24330853271484376,21.956268310546868,6375,35,3,4,10731.0,10749.0,-18.0,-0.1674574379012001,10731.0,-18.0,-0.16745743790120007
35.349859243026,approaching,True,0.014709975,0.014709975,0.0,0.0,1.5,1.5,0.0,0.0,0.24330853271484376,21.956268310546868,6380,35,3,4,10738.0,10749.0,-11.0,-0.1023351009396223,10738.0,-11.0,-0.1023351009396223
35.41774867591448,approaching,True,0.014709975,0.014709975,0.0,0.0,1.5,1.5,0.0,0.0,0.24328074645996095,21.984054565429677,6386,35,3,4,10737.0,10749.0,-12.0,-0.11163829193413341,10739.666666666666,-9.333333333333334,-0.0868297826154371
35.43228926486336,approaching,True,0.014709975,0.014709975,0.0,0.0,1.5,1.5,0.0,0.0,0.24328074645996095,21.984054565429677,6392,35,3,4,10736.0,10749.0,-13.0,-0.12094148292864453,10736.333333333334,-12.666666666666666,-0.11784041926380749
35.48211927386001,approaching,True,0.014709975,0.014709975,0.0,0.0,1.5,1.5,0.0,0.0,0.24315817260742187,22.10662841796876,6401,35,3,4,10735.0,10749.0,-14.0,-0.13024467392315564,10735.0,-14.0,-0.13024467392315564
35.5334566028323,approaching,True,0.014709975,0.014709975,0.0,0.0,1.5,1.5,0.0,0.0,0.24306985473632814,22.19494628906249,6409,35,3,4,10734.0,10749.0,-15.0,-0.13954786491766677,10740.0,-9.0,-0.08372871895060006
35.598249229835346,approaching,True,0.014709975,0.014709975,0.0,0.0,1.5,1.5,0.0,0.0,0.24306985473632814,22.19494628906249,6419,35,3,4,10729.0,10749.0,-20.0,-0.18606381989022236,10729.0,-20.0,-0.18606381989022236
35.65178395691328,approaching,True,0.014709975,0.014709975,0.0,0.0,1.5,1.5,0.0,0.0,0.24295166015625,22.31314086914063,6423,35,3,4,10737.0,10749.0,-12.0,-0.11163829193413341,10734.333333333334,-14.666666666666666,-0.13644680125282974
35.69844105700031,approaching,True,0.014709975,0.014709975,0.0,0.0,1.5,1.5,0.0,0.0,0.2428985595703125,22.36624145507812,6429,35,3,4,10734.0,10749.0,-15.0,-0.13954786491766677,10734.0,-15.0,-0.13954786491766677
35.74841142492369,approaching,True,0.014709975,0.014709975,0.0,0.0,1.5,1.5,0.0,0.0,0.2428985595703125,22.36624145507812,6435,35,3,4,10736.0,10749.0,-13.0,-0.12094148292864453,10736.0,-13.0,-0.12094148292864453
35.819211860885844,approaching,True,0.014709975,0.014709975,0.0,0.0,1.5,1.5,0.0,0.0,0.24287017822265625,22.394622802734382,6441,35,3,4,10735.0,10749.0,-14.0,-0.13024467392315564,10735.0,-14.0,-0.13024467392315564
35.834691766882315,approaching,True,0.014709975,0.014709975,0.0,0.0,1.5,1.5,0.0,0.0,0.24287017822265625,22.394622802734382,6445,35,3,4,10740.0,10749.0,-9.0,-0.08372871895060005,10740.0,-9.0,-0.08372871895060004
35.8832054650411,approaching,True,0.014709975,0.014709975,0.0,0.0,1.5,1.5,0.0,0.0,0.2428389129638672,22.42588806152343,6454,35,3,4,10732.0,10749.0,-17.0,-0.158154246906689,10732.0,-17.0,-0.158154246906689
35.93337889085524,approaching,True,0.014709975,0.014709975,0.0,0.0,1.5,1.5,0.0,0.0,0.2428157958984375,22.449005126953136,6464,35,3,4,10735.0,10749.0,-14.0,-0.13024467392315564,10734.333333333334,-14.666666666666666,-0.13644680125282974
36.00033845892176,approaching,True,0.014709975,0.014709975,0.0,0.0,1.5,1.5,0.0,0.0,0.2427860565185547,22.47874450683593,6474,35,3,4,10737.0,10749.0,-12.0,-0.11163829193413341,10737.0,-12.0,-0.1116382919341334
36.048269839026034,approaching,True,0.014709975,0.014709975,0.0,0.0,1.5,1.5,0.0,0.0,0.2427860565185547,22.47874450683593,6480,35,3,4,10729.0,10749.0,-20.0,-0.18606381989022236,10729.0,-20.0,-0.18606381989022236
36.09840731904842,approaching,True,0.014709975,0.014709975,0.0,0.0,1.5,1.5,0.0,0.0,0.24271717834472656,22.54762268066407,6485,35,3,4,10732.0,10749.0,-17.0,-0.158154246906689,10731.0,-18.0,-0.16745743790120013
36.1507563078776,approaching,True,0.014709975,0.014709975,0.0,0.0,1.5,1.5,0.0,0.0,0.24258004760742188,22.684753417968746,6491,35,3,4,10735.0,10749.0,-14.0,-0.13024467392315564,10735.0,-14.0,-0.13024467392315564
36.21778614399955,approaching,True,0.014709975,0.014709975,0.0,0.0,1.5,1.5,0.0,0.0,0.24258004760742188,22.684753417968746,6498,35,3,4,10733.0,10749.0,-16.0,-0.14885105591217787,10734.333333333334,-14.666666666666666,-0.1364468012528297
36.23258581198752,approaching,True,0.014709975,0.014709975,0.0,0.0,1.5,1.5,0.0,0.0,0.2425385437011719,22.726257324218736,6503,35,3,4,10735.0,10749.0,-14.0,-0.13024467392315564,10733.666666666666,-15.333333333333334,-0.1426489285825038
36.28238996886648,approaching,True,0.014709975,0.014709975,0.0,0.0,1.5,1.5,0.0,0.0,0.2425385437011719,22.726257324218736,6508,35,3,4,10733.0,10749.0,-16.0,-0.14885105591217787,10733.666666666666,-15.333333333333334,-0.14264892858250378
36.33316443185322,approaching,True,0.014709975,0.014709975,0.0,0.0,1.5,1.5,0.0,0.0,0.24251280212402343,22.751998901367198,6515,35,3,4,10740.0,10749.0,-9.0,-0.08372871895060005,10740.0,-9.0,-0.08372871895060004
36.398379341932014,approaching,True,0.014709975,0.014709975,0.0,0.0,1.5,1.5,0.0,0.0,0.2423983154296875,22.866485595703118,6524,35,3,4,10735.0,10749.0,-14.0,-0.13024467392315564,10734.666666666666,-14.333333333333334,-0.1333457375879927
36.450116503983736,approaching,True,0.014709975,0.014709975,0.0,0.0,1.5,1.5,0.0,0.0,0.2423983154296875,22.866485595703118,6528,35,3,4,10737.0,10749.0,-12.0,-0.11163829193413341,10735.666666666666,-13.333333333333334,-0.12404254659348157
36.498253989964724,approaching,True,0.014709975,0.014709975,0.0,0.0,1.5,1.5,0.0,0.0,0.2423673095703125,22.897491455078132,6534,35,3,4,10737.0,10749.0,-12.0,-0.11163829193413341,10737.0,-12.0,-0.1116382919341334
36.54883202398196,approaching,True,0.014709975,0.014709975,0.0,0.0,1.5,1.5,0.0,0.0,0.2423673095703125,22.897491455078132,6540,35,3,4,10736.0,10749.0,-13.0,-0.12094148292864453,10736.0,-13.0,-0.12094148292864453
36.60041980398819,approaching,True,0.014709975,0.014709975,0.0,0.0,1.5,1.5,0.0,0.0,0.2423531951904297,22.911605834960934,6549,35,3,4,10735.0,10749.0,-14.0,-0.13024467392315564,10734.0,-15.0,-0.13954786491766677
36.6480205708649,approaching,True,0.014709975,0.014709975,0.0,0.0,1.5,1.5,0.0,0.0,0.2423414764404297,22.923324584960938,6554,35,3,4,10733.0,10749.0,-16.0,-0.14885105591217787,10733.666666666666,-15.333333333333334,-0.14264892858250378
36.6982883089222,approaching,True,0.014709975,0.014709975,0.0,0.0,1.5,1.5,0.0,0.0,0.2423414764404297,22.923324584960938,6559,35,3,4,10735.0,10749.0,-14.0,-0.13024467392315564,10734.333333333334,-14.666666666666666,-0.1364468012528297
36.74831006885506,approaching,True,0.014709975,0.014709975,0.0,0.0,1.5,1.5,0.0,0.0,0.24233126831054688,22.933532714843746,6565,35,3,4,10730.0,10749.0,-19.0,-0.17676062889571123,10730.0,-19.0,-0.17676062889571123
36.81768439197913,approaching,True,0.014709975,0.014709975,0.0,0.0,1.5,1.5,0.0,0.0,0.24233126831054688,22.933532714843746,6571,35,3,4,10741.0,10749.0,-8.0,-0.07442552795608894,10741.0,-8.0,-0.07442552795608894
36.832881157053635,approaching,True,0.014709975,0.014709975,0.0,0.0,1.5,1.5,0.0,0.0,0.2423127899169922,22.952011108398423,6577,35,3,4,10732.0,10749.0,-17.0,-0.158154246906689,10732.0,-17.0,-0.158154246906689
36.88373418292031,approaching,True,0.014709975,0.014709975,0.0,0.0,1.5,1.5,0.0,0.0,0.2423127899169922,22.952011108398423,6584,35,3,4,10733.0,10749.0,-16.0,-0.14885105591217787,10733.0,-16.0,-0.14885105591217787
36.932152015855536,approaching,True,0.014709975,0.014709975,0.0,0.0,1.5,1.5,0.0,0.0,0.2422832794189453,22.981521606445316,6595,35,3,4,10729.0,10749.0,-20.0,-0.18606381989022236,10729.0,-20.0,-0.18606381989022236
37.00142125785351,approaching,True,0.014709975,0.014709975,0.0,0.0,1.5,1.5,0.0,0.0,0.24215902709960938,23.105773925781254,6602,35,3,4,10736.0,10749.0,-13.0,-0.12094148292864453,10736.0,-13.0,-0.12094148292864453
37.048285299912095,approaching,True,0.014709975,0.014709975,0.0,0.0,1.5,1.5,0.0,0.0,0.24215902709960938,23.105773925781254,6606,35,3,4,10735.0,10749.0,-14.0,-0.13024467392315564,10735.0,-14.0,-0.13024467392315564
37.09839283186011,approaching,True,0.014709975,0.014709975,0.0,0.0,1.5,1.5,0.0,0.0,0.24206866455078124,23.196136474609386,6611,35,3,4,10729.0,10749.0,-20.0,-0.18606381989022236,10732.333333333334,-16.666666666666668,-0.15505318324185197
37.15212551993318,approaching,True,0.014709975,0.014709975,0.0,0.0,1.5,1.5,0.0,0.0,0.24204937744140625,23.215423583984375,6617,35,3,4,10726.0,10749.0,-23.0,-0.2139733928737557,10726.0,-23.0,-0.2139733928737557
37.21831419784576,approaching,True,0.014709975,0.014709975,0.0,0.0,1.5,1.5,0.0,0.0,0.24204937744140625,23.215423583984375,6622,35,3,4,10734.0,10749.0,-15.0,-0.13954786491766677,10734.0,-15.0,-0.13954786491766677
37.23373718583025,approaching,True,0.014709975,0.014709975,0.0,0.0,1.5,1.5,0.0,0.0,0.24203132629394533,23.2334747314453,6627,35,3,4,10724.0,10749.0,-25.0,-0.23257977486277792,10728.0,-21.0,-0.1953670108847335
37.28215128486045,approaching,True,0.014709975,0.014709975,0.0,0.0,1.5,1.5,0.0,0.0,0.24203132629394533,23.2334747314453,6636,35,3,4,10734.0,10749.0,-15.0,-0.13954786491766677,10734.0,-15.0,-0.13954786491766677
37.332837719935924,approaching,True,0.014709975,0.014709975,0.0,0.0,1.5,1.5,0.0,0.0,0.2420137939453125,23.25100708007813,6645,35,3,4,10725.0,10749.0,-24.0,-0.22327658386826682,10725.0,-24.0,-0.2232765838682668
37.40096082701348,approaching,True,0.014709975,0.014709975,0.0,0.0,1.5,1.5,0.0,0.0,0.24199229431152344,23.272506713867188,6655,35,3,4,10732.0,10749.0,-17.0,-0.158154246906689,10732.0,-17.0,-0.158154246906689
37.4511598078534,approaching,True,0.014709975,0.014709975,0.0,0.0,1.5,1.5,0.0,0.0,0.24196609497070312,23.298706054687507,6659,35,3,4,10730.0,10749.0,-19.0,-0.17676062889571123,10730.0,-19.0,-0.17676062889571123
37.49855914898217,approaching,True,0.014709975,0.014709975,0.0,0.0,1.5,1.5,0.0,0.0,0.24196609497070312,23.298706054687507,6665,35,3,4,10733.0,10749.0,-16.0,-0.14885105591217787,10734.333333333334,-14.666666666666666,-0.1364468012528297
37.54837287799455,approaching,True,0.014709975,0.014709975,0.0,0.0,1.5,1.5,0.0,0.0,0.24191110229492188,23.353698730468746,6671,35,3,4,10724.0,10749.0,-25.0,-0.23257977486277792,10727.0,-22.0,-0.20467020187924456
37.61837541102432,approaching,True,0.014709975,0.014709975,0.0,0.0,1.5,1.5,0.0,0.0,0.24182720947265626,23.437591552734364,6677,35,3,4,10728.0,10749.0,-21.0,-0.19536701088473346,10728.0,-21.0,-0.1953670108847335
37.63482181192376,approaching,True,0.014709975,0.014709975,0.0,0.0,1.5,1.5,0.0,0.0,0.24182720947265626,23.437591552734364,6681,35,3,4,10728.0,10749.0,-21.0,-0.19536701088473346,10728.0,-21.0,-0.1953670108847335
37.6822587470524,approaching,True,0.014709975,0.014709975,0.0,0.0,1.5,1.5,0.0,0.0,0.24178790283203125,23.47689819335938,6691,35,3,4,10729.0,10749.0,-20.0,-0.18606381989022236,10729.0,-20.0,-0.18606381989022236
37.73326895595528,approaching,True,0.014709975,0.014709975,0.0,0.0,1.5,1.5,0.0,0.0,0.24178570556640624,23.479095458984382,6698,35,3,4,10737.0,10749.0,-12.0,-0.11163829193413341,10737.0,-12.0,-0.1116382919341334
37.798284214921296,approaching,True,0.014709975,0.014709975,0.0,0.0,1.5,1.5,0.0,0.0,0.24178073120117188,23.484069824218746,6708,35,3,4,10732.0,10749.0,-17.0,-0.158154246906689,10732.0,-17.0,-0.158154246906689
37.85213063284755,approaching,True,0.014709975,0.014709975,0.0,0.0,1.5,1.5,0.0,0.0,0.24178073120117188,23.484069824218746,6713,35,3,4,10725.0,10749.0,-24.0,-0.22327658386826682,10725.0,-24.0,-0.2232765838682668
37.8982278900221,approaching,True,0.014709975,0.014709975,0.0,0.0,1.5,1.5,0.0,0.0,0.24177627563476564,23.488525390624986,6719,35,3,4,10727.0,10749.0,-22.0,-0.2046702018792446,10727.0,-22.0,-0.2046702018792446
37.94829768501222,approaching,True,0.014709975,0.014709975,0.0,0.0,1.5,1.5,0.0,0.0,0.24177627563476564,23.488525390624986,6726,35,3,4,10725.0,10749.0,-24.0,-0.22327658386826682,10727.0,-22.0,-0.20467020187924456
38.01624056487344,approaching,True,0.014709975,0.014709975,0.0,0.0,1.5,1.5,0.0,0.0,0.241754150390625,23.51065063476562,6732,35,3,4,10735.0,10749.0,-14.0,-0.13024467392315564,10735.0,-14.0,-0.13024467392315564
38.03434293693863,approaching,True,0.014709975,0.014709975,0.0,0.0,1.5,1.5,0.0,0.0,0.241754150390625,23.51065063476562,6735,35,3,4,10728.0,10749.0,-21.0,-0.19536701088473346,10730.333333333334,-18.666666666666668,-0.1736595652308742
38.08231536089443,approaching,True,0.014709975,0.014709975,0.0,0.0,1.5,1.5,0.0,0.0,0.241631103515625,23.63369750976563,6743,35,3,4,10728.0,10749.0,-21.0,-0.19536701088473346,10729.0,-20.0,-0.18606381989022233
38.131944763008505,approaching,True,0.014709975,0.014709975,0.0,0.0,1.5,1.5,0.0,0.0,0.2416184997558594,23.64630126953124,6751,35,3,4,10732.0,10749.0,-17.0,-0.158154246906689,10732.0,-17.0,-0.158154246906689
38.20010756584816,approaching,True,0.014709975,0.014709975,0.0,0.0,1.5,1.5,0.0,0.0,0.2416184997558594,23.64630126953124,6759,35,3,4,10735.0,10749.0,-14.0,-0.13024467392315564,10735.0,-14.0,-0.13024467392315564
38.24983294703998,approaching,True,0.014709975,0.014709975,0.0,0.0,1.5,1.5,0.0,0.0,0.24160888671875,23.65591430664063,6764,35,3,4,10726.0,10749.0,-23.0,-0.2139733928737557,10729.0,-20.0,-0.18606381989022236
38.298761224839836,approaching,True,0.014709975,0.014709975,0.0,0.0,1.5,1.5,0.0,0.0,0.24160025024414064,23.66455078124999,6771,35,3,4,10722.0,10749.0,-27.0,-0.2511861568518002,10721.333333333334,-27.666666666666668,-0.25738828418147425
38.3480976279825,approaching,True,0.014709975,0.014709975,0.0,0.0,1.5,1.5,0.0,0.0,0.24160025024414064,23.66455078124999,6776,35,3,4,10722.0,10749.0,-27.0,-0.2511861568518002,10722.0,-27.0,-0.2511861568518002
38.40095685701817,approaching,True,0.014709975,0.014709975,0.0,0.0,1.5,1.5,0.0,0.0,0.2415853271484375,23.67947387695313,6782,35,3,4,10728.0,10749.0,-21.0,-0.19536701088473346,10727.666666666666,-21.333333333333332,-0.19846807454957052
38.43390097795054,approaching,True,0.014709975,0.014709975,0.0,0.0,1.5,1.5,0.0,0.0,0.2415853271484375,23.67947387695313,6788,35,3,4,10729.0,10749.0,-20.0,-0.18606381989022236,10729.0,-20.0,-0.18606381989022236
38.48323319386691,approaching,True,0.014709975,0.014709975,0.0,0.0,1.5,1.5,0.0,0.0,0.2415784606933594,23.686340332031236,6799,35,3,4,10733.0,10749.0,-16.0,-0.14885105591217787,10733.0,-16.0,-0.14885105591217787
38.53421047702432,approaching,True,0.014709975,0.014709975,0.0,0.0,1.5,1.5,0.0,0.0,0.24156829833984375,23.69650268554688,6809,35,3,4,10723.0,10749.0,-26.0,-0.24188296585728905,10723.0,-26.0,-0.24188296585728905
38.58294758782722,approaching,True,0.014709975,0.014709975,0.0,0.0,1.5,1.5,0.0,0.0,0.2415626220703125,23.702178955078118,6819,35,3,4,10733.0,10749.0,-16.0,-0.14885105591217787,10733.0,-16.0,-0.14885105591217787
38.63194319792092,approaching,True,0.014709975,0.014709975,0.0,0.0,1.5,1.5,0.0,0.0,0.24156137084960938,23.70343017578125,6827,35,3,4,10729.0,10749.0,-20.0,-0.18606381989022236,10729.0,-20.0,-0.18606381989022236
38.68189561995678,approaching,True,0.014709975,0.014709975,0.0,0.0,1.5,1.5,0.0,0.0,0.24154817199707032,23.71662902832031,6837,35,3,4,10723.0,10749.0,-26.0,-0.24188296585728905,10725.333333333334,-23.666666666666668,-0.2201755202034298
38.731882699998096,approaching,True,0.014709975,0.014709975,0.0,0.0,1.5,1.5,0.0,0.0,0.24154130554199219,23.723495483398445,6846,35,3,4,10732.0,10749.0,-17.0,-0.158154246906689,10732.0,-17.0,-0.158154246906689
38.78197522298433,approaching,True,0.014709975,0.014709975,0.0,0.0,1.5,1.5,0.0,0.0,0.24153523254394532,23.729568481445305,6857,35,3,4,10733.0,10749.0,-16.0,-0.14885105591217787,10733.0,-16.0,-0.14885105591217787
38.833583873929456,approaching,True,0.014709975,0.014709975,0.0,0.0,1.5,1.5,0.0,0.0,0.24153523254394532,23.729568481445305,6862,35,3,4,10733.0,10749.0,-16.0,-0.14885105591217787,10733.0,-16.0,-0.14885105591217787
38.88343482092023,approaching,True,0.014709975,0.014709975,0.0,0.0,1.5,1.5,0.0,0.0,0.24149429321289062,23.770507812500007,6868,35,3,4,10728.0,10749.0,-21.0,-0.19536701088473346,10728.0,-21.0,-0.1953670108847335
38.93342169886455,approaching,True,0.014709975,0.014709975,0.0,0.0,1.5,1.5,0.0,0.0,0.2413680877685547,23.896713256835927,6875,35,3,4,10728.0,10749.0,-21.0,-0.19536701088473346,10725.333333333334,-23.666666666666668,-0.22017552020342976
39.00058285682462,approaching,True,0.014709975,0.014709975,0.0,0.0,1.5,1.5,0.0,0.0,0.2413680877685547,23.896713256835927,6884,35,3,4,10724.0,10749.0,-25.0,-0.23257977486277792,10724.0,-25.0,-0.23257977486277792
39.04798514395952,approaching,True,0.015690640000000002,0.014709975,0.000980665000000002,0.000980665000000002,1.6000000000000003,1.5,0.10000000000000021,0.10000000000000021,0.24102255249023438,24.242248535156246,6888,35,3,4,10726.0,10749.0,-23.0,-0.2139733928737557,10725.333333333334,-23.666666666666668,-0.2201755202034298
39.10010849498212,approaching,True,0.015690640000000002,0.014709975,0.000980665000000002,0.000980665000000002,1.6000000000000003,1.5,0.10000000000000021,0.10000000000000021,0.24084805297851564,24.416748046874993,6894,35,3,4,10724.0,10749.0,-25.0,-0.23257977486277792,10724.0,-25.0,-0.23257977486277792
39.14795975200832,approaching,True,0.015690640000000002,0.014709975,0.000980665000000002,0.000980665000000002,1.6000000000000003,1.5,0.10000000000000021,0.10000000000000021,0.24084805297851564,24.416748046874993,6901,35,3,4,10729.0,10749.0,-20.0,-0.18606381989022236,10727.0,-22.0,-0.20467020187924456
39.217918291920796,approaching,True,0.015690640000000002,0.014709975,0.000980665000000002,0.000980665000000002,1.6000000000000003,1.5,0.10000000000000021,0.10000000000000021,0.24081890869140626,24.445892333984364,6907,35,3,4,10727.0,10749.0,-22.0,-0.2046702018792446,10727.666666666666,-21.333333333333332,-0.1984680745495705
39.23406664794311,approaching,True,0.015690640000000002,0.014709975,0.000980665000000002,0.000980665000000002,1.6000000000000003,1.5,0.10000000000000021,0.10000000000000021,0.24081890869140626,24.445892333984364,6912,35,3,4,10728.0,10749.0,-21.0,-0.19536701088473346,10727.666666666666,-21.333333333333332,-0.19846807454957052
39.28353839600459,approaching,True,0.014709975,0.014709975,0.0,0.0,1.5,1.5,0.0,0.0,0.24080291748046875,24.461883544921875,6919,35,3,4,10726.0,10749.0,-23.0,-0.2139733928737557,10726.0,-23.0,-0.2139733928737557
39.331820257008076,approaching,True,0.014709975,0.014709975,0.0,0.0,1.5,1.5,0.0,0.0,0.24080291748046875,24.461883544921875,6930,35,3,4,10728.0,10749.0,-21.0,-0.19536701088473346,10728.0,-21.0,-0.1953670108847335
39.39967224583961,approaching,True,0.014709975,0.014709975,0.0,0.0,1.5,1.5,0.0,0.0,0.24079637145996094,24.468429565429688,6938,35,3,4,10728.0,10749.0,-21.0,-0.19536701088473346,10728.0,-21.0,-0.1953670108847335
39.44798127305694,approaching,True,0.014709975,0.014709975,0.0,0.0,1.5,1.5,0.0,0.0,0.24079092407226563,24.473876953125,6943,35,3,4,10725.0,10749.0,-24.0,-0.22327658386826682,10726.0,-23.0,-0.21397339287375572
39.501952599035576,approaching,True,0.014709975,0.014709975,0.0,0.0,1.5,1.5,0.0,0.0,0.24078295898437502,24.48184204101561,6949,35,3,4,10725.0,10749.0,-24.0,-0.22327658386826682,10725.0,-24.0,-0.2232765838682668
39.549795849015936,approaching,True,0.014709975,0.014709975,0.0,0.0,1.5,1.5,0.0,0.0,0.24078295898437502,24.48184204101561,6955,35,3,4,10729.0,10749.0,-20.0,-0.18606381989022236,10729.0,-20.0,-0.18606381989022236
39.61759663489647,approaching,True,0.014709975,0.014709975,0.0,0.0,1.5,1.5,0.0,0.0,0.24077136230468751,24.493438720703114,6961,35,3,4,10725.0,10749.0,-24.0,-0.22327658386826682,10725.0,-24.0,-0.2232765838682668
39.63430199096911,approaching,True,0.014709975,0.014709975,0.0,0.0,1.5,1.5,0.0,0.0,0.24077136230468751,24.493438720703114,6965,35,3,4,10722.0,10749.0,-27.0,-0.2511861568518002,10722.0,-27.0,-0.2511861568518002
39.68166460492648,approaching,True,0.014709975,0.014709975,0.0,0.0,1.5,1.5,0.0,0.0,0.24075714111328125,24.507659912109375,6972,35,3,4,10722.0,10749.0,-27.0,-0.2511861568518002,10722.0,-27.0,-0.2511861568518002
39.73308402695693,approaching,True,0.014709975,0.014709975,0.0,0.0,1.5,1.5,0.0,0.0,0.24075714111328125,24.507659912109375,6981,35,3,4,10722.0,10749.0,-27.0,-0.2511861568518002,10722.0,-27.0,-0.2511861568518002
39.80088262190111,approaching,True,0.014709975,0.014709975,0.0,0.0,1.5,1.5,0.0,0.0,0.24071859741210938,24.546203613281246,6990,35,3,4,10734.0,10749.0,-15.0,-0.13954786491766677,10725.333333333334,-23.666666666666668,-0.2201755202034298
39.84855144401081,approaching,True,0.014709975,0.014709975,0.0,0.0,1.5,1.5,0.0,0.0,0.24071859741210938,24.546203613281246,6994,35,3,4,10720.0,10749.0,-29.0,-0.2697925388408224,10724.666666666666,-24.333333333333332,-0.22637764753310385
39.898340543033555,approaching,True,0.014709975,0.014709975,0.0,0.0,1.5,1.5,0.0,0.0,0.2406573181152344,24.607482910156243,7000,35,3,4,10724.0,10749.0,-25.0,-0.23257977486277792,10722.666666666666,-26.333333333333332,-0.24498402952212606
39.94803280197084,approaching,True,0.014709975,0.014709975,0.0,0.0,1.5,1.5,0.0,0.0,0.2406573181152344,24.607482910156243,7006,35,3,4,10718.0,10749.0,-31.0,-0.28839892082984464,10718.0,-31.0,-0.28839892082984464
40.015221485868096,approaching,True,0.014709975,0.014709975,0.0,0.0,1.5,1.5,0.0,0.0,0.24047622680664063,24.788574218749996,7012,35,3,4,10722.0,10749.0,-27.0,-0.2511861568518002,10722.0,-27.0,-0.2511861568518002
40.03443149197847,approaching,True,0.014709975,0.014709975,0.0,0.0,1.5,1.5,0.0,0.0,0.24047622680664063,24.788574218749996,7018,35,3,4,10720.0,10749.0,-29.0,-0.2697925388408224,10720.666666666666,-28.333333333333332,-0.2635904115111483
40.0841652948875,approaching,True,0.014709975,0.014709975,0.0,0.0,1.5,1.5,0.0,0.0,0.24009414672851562,25.17065429687501,7023,35,3,4,10722.0,10749.0,-27.0,-0.2511861568518002,10721.333333333334,-27.666666666666668,-0.25738828418147425
40.13336709304713,approaching,True,0.014709975,0.014709975,0.0,0.0,1.5,1.5,0.0,0.0,0.2399322509765625,25.332550048828118,7029,35,3,4,10729.0,10749.0,-20.0,-0.18606381989022236,10729.0,-20.0,-0.18606381989022236
40.198372730985284,approaching,True,0.014709975,0.014709975,0.0,0.0,1.5,1.5,0.0,0.0,0.2399322509765625,25.332550048828118,7036,35,3,4,10718.0,10749.0,-31.0,-0.28839892082984464,10724.666666666666,-24.333333333333332,-0.22637764753310385
40.248133413959295,approaching,True,0.014709975,0.014709975,0.0,0.0,1.5,1.5,0.0,0.0,0.23992758178710938,25.33721923828125,7042,35,3,4,10722.0,10749.0,-27.0,-0.2511861568518002,10719.333333333334,-29.666666666666668,-0.27599466617049645
40.29828540189192,approaching,True,0.014709975,0.014709975,0.0,0.0,1.5,1.5,0.0,0.0,0.23993386840820313,25.330932617187496,7047,35,3,4,10725.0,10749.0,-24.0,-0.22327658386826682,10724.0,-25.0,-0.23257977486277795
40.348123423988,approaching,True,0.014709975,0.014709975,0.0,0.0,1.5,1.5,0.0,0.0,0.23993386840820313,25.330932617187496,7053,35,3,4,10725.0,10749.0,-24.0,-0.22327658386826682,10725.0,-24.0,-0.2232765838682668
40.41502333199605,approaching,True,0.014709975,0.014709975,0.0,0.0,1.5,1.5,0.0,0.0,0.2399314727783203,25.333328247070323,7059,35,3,4,10720.0,10749.0,-29.0,-0.2697925388408224,10720.0,-29.0,-0.2697925388408224
40.43385884305462,approaching,True,0.014709975,0.014709975,0.0,0.0,1.5,1.5,0.0,0.0,0.2399314727783203,25.333328247070323,7064,35,3,4,10724.0,10749.0,-25.0,-0.23257977486277792,10724.0,-25.0,-0.23257977486277792
40.48222328699194,approaching,True,0.014709975,0.014709975,0.0,0.0,1.5,1.5,0.0,0.0,0.23991937255859375,25.345428466796882,7071,35,3,4,10720.0,10749.0,-29.0,-0.2697925388408224,10720.0,-29.0,-0.2697925388408224
40.533706466900185,approaching,True,0.014709975,0.014709975,0.0,0.0,1.5,1.5,0.0,0.0,0.23991937255859375,25.345428466796882,7076,35,3,4,10729.0,10749.0,-20.0,-0.18606381989022236,10726.0,-23.0,-0.21397339287375572
40.598785639042035,approaching,True,0.014709975,0.014709975,0.0,0.0,1.5,1.5,0.0,0.0,0.23991426086425782,25.350540161132805,7084,35,3,4,10722.0,10749.0,-27.0,-0.2511861568518002,10722.0,-27.0,-0.2511861568518002
40.65124265290797,approaching,True,0.014709975,0.014709975,0.0,0.0,1.5,1.5,0.0,0.0,0.23990275573730468,25.362045288085945,7089,35,3,4,10722.0,10749.0,-27.0,-0.2511861568518002,10722.0,-27.0,-0.2511861568518002
40.700392544968054,approaching,True,0.014709975,0.014709975,0.0,0.0,1.5,1.5,0.0,0.0,0.23990275573730468,25.362045288085945,7095,35,3,4,10723.0,10749.0,-26.0,-0.24188296585728905,10723.0,-26.0,-0.24188296585728905
40.748124392004684,approaching,True,0.014709975,0.014709975,0.0,0.0,1.5,1.5,0.0,0.0,0.23989686584472658,25.36793518066405,7102,35,3,4,10722.0,10749.0,-27.0,-0.2511861568518002,10722.0,-27.0,-0.2511861568518002
40.81638502003625,approaching,True,0.014709975,0.014709975,0.0,0.0,1.5,1.5,0.0,0.0,0.23989144897460937,25.373352050781257,7107,35,3,4,10718.0,10749.0,-31.0,-0.28839892082984464,10718.0,-31.0,-0.28839892082984464
40.83646134287119,approaching,True,0.014709975,0.014709975,0.0,0.0,1.5,1.5,0.0,0.0,0.23989144897460937,25.373352050781257,7112,35,3,4,10718.0,10749.0,-31.0,-0.28839892082984464,10718.0,-31.0,-0.28839892082984464
40.88224128191359,approaching,True,0.014709975,0.014709975,0.0,0.0,1.5,1.5,0.0,0.0,0.23988854980468752,25.37625122070311,7121,35,3,4,10719.0,10749.0,-30.0,-0.27909572983533354,10719.0,-30.0,-0.27909572983533354
40.93314279685728,approaching,True,0.014709975,0.014709975,0.0,0.0,1.5,1.5,0.0,0.0,0.23988854980468752,25.37625122070311,7128,35,3,4,10721.0,10749.0,-28.0,-0.2604893478463113,10721.0,-28.0,-0.2604893478463113
41.00172051298432,approaching,True,0.014709975,0.014709975,0.0,0.0,1.5,1.5,0.0,0.0,0.23988581848144533,25.3789825439453,7138,35,3,4,10716.0,10749.0,-33.0,-0.3070053028188669,10716.0,-33.0,-0.3070053028188669
41.04810914886184,approaching,True,0.014709975,0.014709975,0.0,0.0,1.5,1.5,0.0,0.0,0.239872314453125,25.392486572265614,7143,35,3,4,10729.0,10749.0,-20.0,-0.18606381989022236,10719.0,-30.0,-0.27909572983533354
41.0985600349959,approaching,True,0.014709975,0.014709975,0.0,0.0,1.5,1.5,0.0,0.0,0.239872314453125,25.392486572265614,7149,35,3,4,10728.0,10749.0,-21.0,-0.19536701088473346,10728.333333333334,-20.666666666666668,-0.19226594721989643
41.14804710401222,approaching,True,0.014709975,0.014709975,0.0,0.0,1.5,1.5,0.0,0.0,0.23985516357421877,25.40963745117186,7154,35,3,4,10726.0,10749.0,-23.0,-0.2139733928737557,10726.666666666666,-22.333333333333332,-0.20777126554408162
41.215274459915236,approaching,True,0.014709975,0.014709975,0.0,0.0,1.5,1.5,0.0,0.0,0.239662841796875,25.601959228515632,7161,35,3,4,10719.0,10749.0,-30.0,-0.27909572983533354,10719.0,-30.0,-0.27909572983533354
41.23392891185358,approaching,True,0.014709975,0.014709975,0.0,0.0,1.5,1.5,0.0,0.0,0.239662841796875,25.601959228515632,7164,35,3,4,10723.0,10749.0,-26.0,-0.24188296585728905,10721.666666666666,-27.333333333333332,-0.2542872205166372
41.28203118382953,approaching,True,0.014709975,0.014709975,0.0,0.0,1.5,1.5,0.0,0.0,0.23958509826660157,25.67970275878906,7171,35,3,4,10722.0,10749.0,-27.0,-0.2511861568518002,10723.666666666666,-25.333333333333332,-0.235680838527615
41.33251698105596,approaching,True,0.014709975,0.014709975,0.0,0.0,1.5,1.5,0.0,0.0,0.23958509826660157,25.67970275878906,7177,35,3,4,10716.0,10749.0,-33.0,-0.3070053028188669,10716.0,-33.0,-0.3070053028188669
41.400245799915865,approaching,True,0.014709975,0.014709975,0.0,0.0,1.5,1.5,0.0,0.0,0.2394588317871094,25.80596923828124,7182,35,3,4,10723.0,10749.0,-26.0,-0.24188296585728905,10723.0,-26.0,-0.24188296585728905
41.447946039028466,approaching,True,0.014709975,0.014709975,0.0,0.0,1.5,1.5,0.0,0.0,0.23924632263183596,26.018478393554673,7188,35,3,4,10721.0,10749.0,-28.0,-0.2604893478463113,10721.0,-28.0,-0.2604893478463113
41.502123506972566,approaching,True,0.014709975,0.014709975,0.0,0.0,1.5,1.5,0.0,0.0,0.23924632263183596,26.018478393554673,7194,35,3,4,10716.0,10749.0,-33.0,-0.3070053028188669,10716.0,-33.0,-0.3070053028188669
41.5331610199064,approaching,True,0.014709975,0.014709975,0.0,0.0,1.5,1.5,0.0,0.0,0.23912704467773438,26.13775634765625,7201,35,3,4,10717.0,10749.0,-32.0,-0.29770211182435574,10717.0,-32.0,-0.29770211182435574
41.599614358041435,approaching,True,0.014709975,0.014709975,0.0,0.0,1.5,1.5,0.0,0.0,0.23909402465820312,26.17077636718751,7211,35,3,4,10721.0,10749.0,-28.0,-0.2604893478463113,10721.0,-28.0,-0.2604893478463113
41.65000304603018,approaching,True,0.014709975,0.014709975,0.0,0.0,1.5,1.5,0.0,0.0,0.23909402465820312,26.17077636718751,7217,35,3,4,10718.0,10749.0,-31.0,-0.28839892082984464,10718.0,-31.0,-0.28839892082984464
41.69853824493475,approaching,True,0.014709975,0.014709975,0.0,0.0,1.5,1.5,0.0,0.0,0.23906436157226563,26.200439453125,7222,35,3,4,10718.0,10749.0,-31.0,-0.28839892082984464,10718.0,-31.0,-0.28839892082984464
41.74880550685339,approaching,True,0.014709975,0.014709975,0.0,0.0,1.5,1.5,0.0,0.0,0.23906436157226563,26.200439453125,7228,35,3,4,10721.0,10749.0,-28.0,-0.2604893478463113,10716.333333333334,-32.666666666666664,-0.3039042391540298
41.81711418204941,approaching,True,0.014709975,0.014709975,0.0,0.0,1.5,1.5,0.0,0.0,0.23905630493164062,26.208496093750007,7235,35,3,4,10721.0,10749.0,-28.0,-0.2604893478463113,10721.0,-28.0,-0.2604893478463113
41.83546601887792,approaching,True,0.014709975,0.014709975,0.0,0.0,1.5,1.5,0.0,0.0,0.23905630493164062,26.208496093750007,7239,35,3,4,10721.0,10749.0,-28.0,-0.2604893478463113,10721.0,-28.0,-0.2604893478463113
41.884917069924995,approaching,True,0.014709975,0.014709975,0.0,0.0,1.5,1.5,0.0,0.0,0.23905703735351563,26.207763671874996,7247,35,3,4,10721.0,10749.0,-28.0,-0.2604893478463113,10721.333333333334,-27.666666666666668,-0.25738828418147425
41.931886937934905,approaching,True,0.014709975,0.014709975,0.0,0.0,1.5,1.5,0.0,0.0,0.23905166625976562,26.213134765625007,7256,35,3,4,10722.0,10749.0,-27.0,-0.2511861568518002,10722.0,-27.0,-0.2511861568518002
42.00124959391542,approaching,True,0.014709975,0.014709975,0.0,0.0,1.5,1.5,0.0,0.0,0.23905166625976562,26.213134765625007,7265,35,3,4,10710.0,10749.0,-39.0,-0.36282444878593356,10710.0,-39.0,-0.36282444878593356
42.051346495049074,approaching,True,0.014709975,0.014709975,0.0,0.0,1.5,1.5,0.0,0.0,0.23903741455078126,26.22738647460937,7269,35,3,4,10717.0,10749.0,-32.0,-0.29770211182435574,10714.666666666666,-34.333333333333336,-0.319409557478215
42.09825639100745,approaching,True,0.014709975,0.014709975,0.0,0.0,1.5,1.5,0.0,0.0,0.23900231933593752,26.26248168945311,7275,35,3,4,10718.0,10749.0,-31.0,-0.28839892082984464,10718.0,-31.0,-0.28839892082984464
42.132738617947325,approaching,True,0.014709975,0.014709975,0.0,0.0,1.5,1.5,0.0,0.0,0.23900231933593752,26.26248168945311,7280,35,3,4,10713.0,10749.0,-36.0,-0.3349148758024002,10713.0,-36.0,-0.33491487580240015
42.19843857898377,approaching,True,0.014709975,0.014709975,0.0,0.0,1.5,1.5,0.0,0.0,0.23889862060546876,26.366180419921864,7291,35,3,4,10723.0,10749.0,-26.0,-0.24188296585728905,10723.0,-26.0,-0.24188296585728905
42.25115084997378,approaching,True,0.014709975,0.014709975,0.0,0.0,1.5,1.5,0.0,0.0,0.23886152648925782,26.40327453613281,7295,35,3,4,10710.0,10749.0,-39.0,-0.36282444878593356,10714.333333333334,-34.666666666666664,-0.32251062114305207
42.29864638089202,approaching,True,0.014709975,0.014709975,0.0,0.0,1.5,1.5,0.0,0.0,0.23886152648925782,26.40327453613281,7301,35,3,4,10712.0,10749.0,-37.0,-0.34421806679691136,10712.0,-37.0,-0.3442180667969114
42.34981332602911,approaching,True,0.014709975,0.014709975,0.0,0.0,1.5,1.5,0.0,0.0,0.2388415985107422,26.42320251464844,7307,35,3,4,10715.0,10749.0,-34.0,-0.316308493813378,10715.0,-34.0,-0.316308493813378
42.38757548783906,approaching,True,0.014709975,0.014709975,0.0,0.0,1.5,1.5,0.0,0.0,0.2388415985107422,26.42320251464844,7315,35,3,4,10710.0,10749.0,-39.0,-0.36282444878593356,10710.0,-39.0,-0.36282444878593356
42.432197210844606,approaching,True,0.014709975,0.014709975,0.0,0.0,1.5,1.5,0.0,0.0,0.23881991577148437,26.444885253906257,7322,35,3,4,10715.0,10749.0,-34.0,-0.316308493813378,10715.0,-34.0,-0.316308493813378
42.482507806038484,approaching,True,0.014709975,0.014709975,0.0,0.0,1.5,1.5,0.0,0.0,0.23879638671875,26.468414306640625,7332,35,3,4,10716.0,10749.0,-33.0,-0.3070053028188669,10713.0,-36.0,-0.33491487580240026
42.531985696870834,approaching,True,0.014709975,0.014709975,0.0,0.0,1.5,1.5,0.0,0.0,0.23877888488769533,26.4859161376953,7342,35,3,4,10715.0,10749.0,-34.0,-0.316308493813378,10715.0,-34.0,-0.316308493813378
42.58194949594326,approaching,True,0.014709975,0.014709975,0.0,0.0,1.5,1.5,0.0,0.0,0.23865426635742187,26.610534667968754,7352,35,3,4,10713.0,10749.0,-36.0,-0.3349148758024002,10713.0,-36.0,-0.33491487580240015
42.632159519940615,approaching,True,0.014709975,0.014709975,0.0,0.0,1.5,1.5,0.0,0.0,0.23865426635742187,26.610534667968754,7357,35,3,4,10705.0,10749.0,-44.0,-0.4093404037584892,10707.666666666666,-41.333333333333336,-0.38453189443979285
42.682365969987586,approaching,True,0.014709975,0.014709975,0.0,0.0,1.5,1.5,0.0,0.0,0.23843856811523437,26.82623291015626,7365,35,3,4,10709.0,10749.0,-40.0,-0.3721276397804447,10709.0,-40.0,-0.3721276397804447
42.73235731385648,approaching,True,0.014709975,0.014709975,0.0,0.0,1.5,1.5,0.0,0.0,0.23830697631835937,26.957824707031257,7372,35,3,4,10710.0,10749.0,-39.0,-0.36282444878593356,10711.333333333334,-37.666666666666664,-0.3504201941265854
42.7989794658497,approaching,True,0.014709975,0.014709975,0.0,0.0,1.5,1.5,0.0,0.0,0.23830697631835937,26.957824707031257,7382,35,3,4,10712.0,10749.0,-37.0,-0.34421806679691136,10712.0,-37.0,-0.3442180667969114
42.85008694790304,approaching,True,0.014709975,0.014709975,0.0,0.0,1.5,1.5,0.0,0.0,0.23819601440429689,27.068786621093743,7387,35,3,4,10706.0,10749.0,-43.0,-0.400037212763978,10706.0,-43.0,-0.400037212763978
42.900303901871666,approaching,True,0.014709975,0.014709975,0.0,0.0,1.5,1.5,0.0,0.0,0.23815989685058594,27.104904174804684,7392,35,3,4,10709.0,10749.0,-40.0,-0.3721276397804447,10709.0,-40.0,-0.3721276397804447
42.94804854202084,approaching,True,0.014709975,0.014709975,0.0,0.0,1.5,1.5,0.0,0.0,0.23815989685058594,27.104904174804684,7398,35,3,4,10715.0,10749.0,-34.0,-0.316308493813378,10715.0,-34.0,-0.316308493813378
43.0158491989132,approaching,True,0.014709975,0.014709975,0.0,0.0,1.5,1.5,0.0,0.0,0.23813975524902345,27.12504577636718,7404,35,3,4,10711.0,10749.0,-38.0,-0.35352125779142246,10711.0,-38.0,-0.35352125779142246
43.03299709688872,approaching,True,0.014709975,0.014709975,0.0,0.0,1.5,1.5,0.0,0.0,0.23813975524902345,27.12504577636718,7408,35,3,4,10721.0,10749.0,-28.0,-0.2604893478463113,10721.0,-28.0,-0.2604893478463113
43.0836074128747,approaching,True,0.014709975,0.014709975,0.0,0.0,1.5,1.5,0.0,0.0,0.23811614990234375,27.148651123046875,7417,35,3,4,10710.0,10749.0,-39.0,-0.36282444878593356,10710.0,-39.0,-0.36282444878593356
43.13165037101135,approaching,True,0.014709975,0.014709975,0.0,0.0,1.5,1.5,0.0,0.0,0.23811614990234375,27.148651123046875,7428,35,3,4,10713.0,10749.0,-36.0,-0.3349148758024002,10711.333333333334,-37.666666666666664,-0.35042019412658537
43.19950145087205,approaching,True,0.014709975,0.014709975,0.0,0.0,1.5,1.5,0.0,0.0,0.2381065368652344,27.158264160156236,7437,35,3,4,10712.0,10749.0,-37.0,-0.34421806679691136,10712.0,-37.0,-0.3442180667969114
43.251426748000085,approaching,True,0.014709975,0.014709975,0.0,0.0,1.5,1.5,0.0,0.0,0.23809130859375,27.173492431640632,7443,35,3,4,10713.0,10749.0,-36.0,-0.3349148758024002,10713.0,-36.0,-0.33491487580240015
43.29981541703455,approaching,True,0.014709975,0.014709975,0.0,0.0,1.5,1.5,0.0,0.0,0.23806690979003906,27.197891235351573,7448,35,3,4,10711.0,10749.0,-38.0,-0.35352125779142246,10711.666666666666,-37.333333333333336,-0.3473191304617484
43.35001638694666,approaching,True,0.014709975,0.014709975,0.0,0.0,1.5,1.5,0.0,0.0,0.23806690979003906,27.197891235351573,7455,35,3,4,10709.0,10749.0,-40.0,-0.3721276397804447,10709.0,-40.0,-0.3721276397804447
43.41868479689583,approaching,True,0.014709975,0.014709975,0.0,0.0,1.5,1.5,0.0,0.0,0.23791470336914064,27.35009765624999,7461,35,3,4,10704.0,10749.0,-45.0,-0.4186435947530003,10707.333333333334,-41.666666666666664,-0.3876329581046299
43.43299625185318,approaching,True,0.014709975,0.014709975,0.0,0.0,1.5,1.5,0.0,0.0,0.23791470336914064,27.35009765624999,7468,35,3,4,10702.0,10749.0,-47.0,-0.43724997674202254,10702.0,-47.0,-0.43724997674202254
43.48170797084458,approaching,True,0.014709975,0.014709975,0.0,0.0,1.5,1.5,0.0,0.0,0.23776635742187502,27.49844360351561,7475,35,3,4,10711.0,10749.0,-38.0,-0.35352125779142246,10711.0,-38.0,-0.35352125779142246
43.53340768604539,approaching,True,0.014709975,0.014709975,0.0,0.0,1.5,1.5,0.0,0.0,0.23768453979492188,27.58026123046875,7486,35,3,4,10705.0,10749.0,-44.0,-0.4093404037584892,10707.0,-42.0,-0.390734021769467
43.600503699854016,approaching,True,0.014709975,0.014709975,0.0,0.0,1.5,1.5,0.0,0.0,0.23765460205078126,27.610198974609368,7496,35,3,4,10712.0,10749.0,-37.0,-0.34421806679691136,10712.0,-37.0,-0.3442180667969114
43.65114183095284,approaching,True,0.014709975,0.014709975,0.0,0.0,1.5,1.5,0.0,0.0,0.2376405944824219,27.62420654296874,7501,35,3,4,10712.0,10749.0,-37.0,-0.34421806679691136,10712.0,-37.0,-0.3442180667969114
43.698425804963335,approaching,True,0.014709975,0.014709975,0.0,0.0,1.5,1.5,0.0,0.0,0.2376405944824219,27.62420654296874,7506,35,3,4,10713.0,10749.0,-36.0,-0.3349148758024002,10712.666666666666,-36.333333333333336,-0.3380159394672373
43.75124186486937,approaching,True,0.014709975,0.014709975,0.0,0.0,1.5,1.5,0.0,0.0,0.23762649536132813,27.6383056640625,7512,35,3,4,10708.0,10749.0,-41.0,-0.3814308307749558,10708.0,-41.0,-0.3814308307749558
43.81992866192013,approaching,True,0.014709975,0.014709975,0.0,0.0,1.5,1.5,0.0,0.0,0.23760671997070312,27.658081054687507,7519,35,3,4,10710.0,10749.0,-39.0,-0.36282444878593356,10706.0,-43.0,-0.400037212763978
43.83389496197924,approaching,True,0.014709975,0.014709975,0.0,0.0,1.5,1.5,0.0,0.0,0.23760671997070312,27.658081054687507,7522,35,3,4,10710.0,10749.0,-39.0,-0.36282444878593356,10710.0,-39.0,-0.36282444878593356
43.88211886584759,approaching,True,0.014709975,0.014709975,0.0,0.0,1.5,1.5,0.0,0.0,0.23758810424804688,27.676696777343746,7532,35,3,4,10705.0,10749.0,-44.0,-0.4093404037584892,10705.0,-44.0,-0.4093404037584892
43.93323063594289,approaching,True,0.014709975,0.014709975,0.0,0.0,1.5,1.5,0.0,0.0,0.23758810424804688,27.676696777343746,7541,35,3,4,10709.0,10749.0,-40.0,-0.3721276397804447,10709.0,-40.0,-0.3721276397804447
43.999856921844184,approaching,True,0.014709975,0.014709975,0.0,0.0,1.5,1.5,0.0,0.0,0.23752224731445312,27.742553710937507,7552,35,3,4,10708.0,10749.0,-41.0,-0.3814308307749558,10707.0,-42.0,-0.390734021769467
44.04789007990621,approaching,True,0.014709975,0.014709975,0.0,0.0,1.5,1.5,0.0,0.0,0.23752224731445312,27.742553710937507,7557,35,3,4,10707.0,10749.0,-42.0,-0.3907340217694669,10707.333333333334,-41.666666666666664,-0.38763295810462983
44.09809712599963,approaching,True,0.014709975,0.014709975,0.0,0.0,1.5,1.5,0.0,0.0,0.23743276977539063,27.83203125,7563,35,3,4,10705.0,10749.0,-44.0,-0.4093404037584892,10705.0,-44.0,-0.4093404037584892
44.14870078698732,approaching,True,0.014709975,0.014709975,0.0,0.0,1.5,1.5,0.0,0.0,0.23743276977539063,27.83203125,7568,35,3,4,10710.0,10749.0,-39.0,-0.36282444878593356,10710.0,-39.0,-0.36282444878593356
44.215147007023916,approaching,True,0.014709975,0.014709975,0.0,0.0,1.5,1.5,0.0,0.0,0.23736648559570314,27.898315429687486,7574,35,3,4,10707.0,10749.0,-42.0,-0.3907340217694669,10707.0,-42.0,-0.390734021769467
44.23367975093424,approaching,True,0.014709975,0.014709975,0.0,0.0,1.5,1.5,0.0,0.0,0.23736648559570314,27.898315429687486,7579,35,3,4,10702.0,10749.0,-47.0,-0.43724997674202254,10702.0,-47.0,-0.43724997674202254
44.283751158975065,approaching,True,0.014709975,0.014709975,0.0,0.0,1.5,1.5,0.0,0.0,0.23733917236328125,27.925628662109375,7585,35,3,4,10705.0,10749.0,-44.0,-0.4093404037584892,10706.333333333334,-42.666666666666664,-0.396936149099141
44.33731169090606,approaching,True,0.014709975,0.014709975,0.0,0.0,1.5,1.5,0.0,0.0,0.23733917236328125,27.925628662109375,7592,35,3,4,10706.0,10749.0,-43.0,-0.400037212763978,10706.0,-43.0,-0.400037212763978
44.39849620801397,approaching,True,0.014709975,0.014709975,0.0,0.0,1.5,1.5,0.0,0.0,0.237335205078125,27.92959594726563,7597,35,3,4,10705.0,10749.0,-44.0,-0.4093404037584892,10705.0,-44.0,-0.4093404037584892
44.43222999502905,approaching,True,0.014709975,0.014709975,0.0,0.0,1.5,1.5,0.0,0.0,0.2373278350830078,27.93696594238282,7605,35,3,4,10706.0,10749.0,-43.0,-0.400037212763978,10705.666666666666,-43.333333333333336,-0.4031382764288151
44.48173995385878,approaching,True,0.014709975,0.014709975,0.0,0.0,1.5,1.5,0.0,0.0,0.23732376098632812,27.941040039062504,7615,35,3,4,10703.0,10749.0,-46.0,-0.4279467857475114,10703.0,-46.0,-0.4279467857475114
44.53220160701312,approaching,True,0.014709975,0.014709975,0.0,0.0,1.5,1.5,0.0,0.0,0.23722998046875002,28.03482055664061,7625,35,3,4,10706.0,10749.0,-43.0,-0.400037212763978,10706.0,-43.0,-0.400037212763978
44.600171194877476,approaching,True,0.014709975,0.014709975,0.0,0.0,1.5,1.5,0.0,0.0,0.23718408203125,28.080718994140636,7635,35,3,4,10706.0,10749.0,-43.0,-0.400037212763978,10706.0,-43.0,-0.400037212763978
44.6501083469484,approaching,True,0.014709975,0.014709975,0.0,0.0,1.5,1.5,0.0,0.0,0.23718408203125,28.080718994140636,7640,35,3,4,10710.0,10749.0,-39.0,-0.36282444878593356,10706.0,-43.0,-0.400037212763978
44.69859722792171,approaching,True,0.014709975,0.014709975,0.0,0.0,1.5,1.5,0.0,0.0,0.23717495727539062,28.08984375000001,7645,35,3,4,10710.0,10749.0,-39.0,-0.36282444878593356,10710.0,-39.0,-0.36282444878593356
44.732669554883614,approaching,True,0.014709975,0.014709975,0.0,0.0,1.5,1.5,0.0,0.0,0.23717495727539062,28.08984375000001,7651,35,3,4,10710.0,10749.0,-39.0,-0.36282444878593356,10710.0,-39.0,-0.36282444878593356
44.783268596976995,approaching,True,0.014709975,0.014709975,0.0,0.0,1.5,1.5,0.0,0.0,0.23716169738769532,28.103103637695305,7658,35,3,4,10703.0,10749.0,-46.0,-0.4279467857475114,10703.0,-46.0,-0.4279467857475114
44.8330759909004,approaching,True,0.014709975,0.014709975,0.0,0.0,1.5,1.5,0.0,0.0,0.23716169738769532,28.103103637695305,7663,35,3,4,10704.0,10749.0,-45.0,-0.4186435947530003,10704.0,-45.0,-0.4186435947530003
44.88193307397887,approaching,True,0.014709975,0.014709975,0.0,0.0,1.5,1.5,0.0,0.0,0.23714816284179688,28.11663818359375,7669,35,3,4,10707.0,10749.0,-42.0,-0.3907340217694669,10707.0,-42.0,-0.390734021769467
44.93301025591791,approaching,True,0.014709975,0.014709975,0.0,0.0,1.5,1.5,0.0,0.0,0.23713967895507812,28.125122070312507,7675,35,3,4,10704.0,10749.0,-45.0,-0.4186435947530003,10704.0,-45.0,-0.4186435947530003
45.00260239792988,approaching,True,0.014709975,0.014709975,0.0,0.0,1.5,1.5,0.0,0.0,0.23712571716308595,28.13908386230468,7682,35,3,4,10705.0,10749.0,-44.0,-0.4093404037584892,10705.0,-44.0,-0.4093404037584892
45.032252575038,approaching,True,0.014709975,0.014709975,0.0,0.0,1.5,1.5,0.0,0.0,0.23712571716308595,28.13908386230468,7689,35,3,4,10704.0,10749.0,-45.0,-0.4186435947530003,10704.0,-45.0,-0.4186435947530003
45.08165047504008,approaching,True,0.014709975,0.014709975,0.0,0.0,1.5,1.5,0.0,0.0,0.2371192626953125,28.14553833007813,7697,35,3,4,10707.0,10749.0,-42.0,-0.3907340217694669,10707.0,-42.0,-0.390734021769467
45.13172514690086,approaching,True,0.014709975,0.014709975,0.0,0.0,1.5,1.5,0.0,0.0,0.2371192626953125,28.14553833007813,7705,35,3,4,10706.0,10749.0,-43.0,-0.400037212763978,10706.0,-43.0,-0.400037212763978
45.20104552293196,approaching,True,0.014709975,0.014709975,0.0,0.0,1.5,1.5,0.0,0.0,0.23710714721679688,28.157653808593754,7715,35,3,4,10705.0,10749.0,-44.0,-0.4093404037584892,10705.0,-44.0,-0.4093404037584892
45.24989016796462,approaching,True,0.014709975,0.014709975,0.0,0.0,1.5,1.5,0.0,0.0,0.23709117126464843,28.173629760742198,7721,35,3,4,10700.0,10749.0,-49.0,-0.45585635873104474,10700.0,-49.0,-0.45585635873104474
45.298949745018035,approaching,True,0.015690640000000002,0.014709975,0.000980665000000002,0.000980665000000002,1.6000000000000003,1.5,0.10000000000000021,0.10000000000000021,0.2368936309814453,28.37117004394532,7728,35,3,4,10701.0,10749.0,-48.0,-0.44655316773653364,10703.333333333334,-45.666666666666664,-0.4248457220826743
45.34853746695444,approaching,True,0.015690640000000002,0.014709975,0.000980665000000002,0.000980665000000002,1.6000000000000003,1.5,0.10000000000000021,0.10000000000000021,0.2368936309814453,28.37117004394532,7734,35,3,4,10701.0,10749.0,-48.0,-0.44655316773653364,10701.0,-48.0,-0.4465531677365336
45.41504678293131,approaching,True,0.015690640000000002,0.014709975,0.000980665000000002,0.000980665000000002,1.6000000000000003,1.5,0.10000000000000021,0.10000000000000021,0.2367764892578125,28.48831176757813,7740,35,3,4,10703.0,10749.0,-46.0,-0.4279467857475114,10703.0,-46.0,-0.4279467857475114
45.43344584596343,approaching,True,0.015690640000000002,0.014709975,0.000980665000000002,0.000980665000000002,1.6000000000000003,1.5,0.10000000000000021,0.10000000000000021,0.2367764892578125,28.48831176757813,7744,35,3,4,10705.0,10749.0,-44.0,-0.4093404037584892,10705.0,-44.0,-0.4093404037584892
45.484415938844904,approaching,True,0.015690640000000002,0.014709975,0.000980665000000002,0.000980665000000002,1.6000000000000003,1.5,0.10000000000000021,0.10000000000000021,0.23670619201660156,28.558609008789066,7751,35,3,4,10702.0,10749.0,-47.0,-0.43724997674202254,10703.333333333334,-45.666666666666664,-0.4248457220826744
45.53450328903273,approaching,True,0.015690640000000002,0.014709975,0.000980665000000002,0.000980665000000002,1.6000000000000003,1.5,0.10000000000000021,0.10000000000000021,0.23670619201660156,28.558609008789066,7757,35,3,4,10693.0,10749.0,-56.0,-0.5209786956926226,10696.0,-53.0,-0.49306912270908926
45.60013598995283,approaching,True,0.015690640000000002,0.014709975,0.000980665000000002,0.000980665000000002,1.6000000000000003,1.5,0.10000000000000021,0.10000000000000021,0.23661228942871093,28.652511596679698,7763,35,3,4,10697.0,10749.0,-52.0,-0.4837659317145781,10697.0,-52.0,-0.4837659317145781
45.648716321913525,approaching,True,0.015690640000000002,0.014709975,0.000980665000000002,0.000980665000000002,1.6000000000000003,1.5,0.10000000000000021,0.10000000000000021,0.2365659942626953,28.698806762695316,7768,35,3,4,10702.0,10749.0,-47.0,-0.43724997674202254,10702.0,-47.0,-0.43724997674202254
45.69826819584705,approaching,True,0.015690640000000002,0.014709975,0.000980665000000002,0.000980665000000002,1.6000000000000003,1.5,0.10000000000000021,0.10000000000000021,0.2365659942626953,28.698806762695316,7774,35,3,4,10695.0,10749.0,-54.0,-0.5023723137036004,10695.0,-54.0,-0.5023723137036004
45.74829455791041,approaching,True,0.015690640000000002,0.014709975,0.000980665000000002,0.000980665000000002,1.6000000000000003,1.5,0.10000000000000021,0.10000000000000021,0.23653176879882812,28.73303222656251,7780,35,3,4,10699.0,10749.0,-50.0,-0.46515954972555584,10695.666666666666,-53.333333333333336,-0.49617018637392624
45.81716918689199,approaching,True,0.015690640000000002,0.014709975,0.000980665000000002,0.000980665000000002,1.6000000000000003,1.5,0.10000000000000021,0.10000000000000021,0.236515625,28.74917602539062,7787,35,3,4,10698.0,10749.0,-51.0,-0.474462740720067,10698.0,-51.0,-0.474462740720067
45.83339551999234,approaching,True,0.015690640000000002,0.014709975,0.000980665000000002,0.000980665000000002,1.6000000000000003,1.5,0.10000000000000021,0.10000000000000021,0.236515625,28.74917602539062,7791,35,3,4,10695.0,10749.0,-54.0,-0.5023723137036004,10696.0,-53.0,-0.49306912270908926
45.882727483985946,approaching,True,0.015690640000000002,0.014709975,0.000980665000000002,0.000980665000000002,1.6000000000000003,1.5,0.10000000000000021,0.10000000000000021,0.236515625,28.74917602539062,7797,35,3,4,10703.0,10749.0,-46.0,-0.4279467857475114,10699.0,-50.0,-0.46515954972555584
45.931533318944275,approaching,True,0.015690640000000002,0.014709975,0.000980665000000002,0.000980665000000002,1.6000000000000003,1.5,0.10000000000000021,0.10000000000000021,0.23650485229492188,28.75994873046875,7807,35,3,4,10692.0,10749.0,-57.0,-0.5302818866871337,10692.0,-57.0,-0.5302818866871337
45.99801842588931,approaching,True,0.015690640000000002,0.014709975,0.000980665000000002,0.000980665000000002,1.6000000000000003,1.5,0.10000000000000021,0.10000000000000021,0.2365033874511719,28.761413574218743,7815,35,3,4,10707.0,10749.0,-42.0,-0.3907340217694669,10707.0,-42.0,-0.390734021769467
46.049909194000065,approaching,True,0.015690640000000002,0.014709975,0.000980665000000002,0.000980665000000002,1.6000000000000003,1.5,0.10000000000000021,0.10000000000000021,0.23650418090820313,28.760620117187496,7820,35,3,4,10702.0,10749.0,-47.0,-0.43724997674202254,10702.0,-47.0,-0.43724997674202254
46.10231891903095,approaching,True,0.015690640000000002,0.014709975,0.000980665000000002,0.000980665000000002,1.6000000000000003,1.5,0.10000000000000021,0.10000000000000021,0.23650418090820313,28.760620117187496,7826,35,3,4,10699.0,10749.0,-50.0,-0.46515954972555584,10699.0,-50.0,-0.46515954972555584
46.148092353018,approaching,True,0.015690640000000002,0.014709975,0.000980665000000002,0.000980665000000002,1.6000000000000003,1.5,0.10000000000000021,0.10000000000000021,0.23644122314453125,28.823577880859375,7832,35,3,4,10697.0,10749.0,-52.0,-0.4837659317145781,10699.666666666666,-49.333333333333336,-0.45895742239588183
46.21690017590299,approaching,True,0.015690640000000002,0.014709975,0.000980665000000002,0.000980665000000002,1.6000000000000003,1.5,0.10000000000000021,0.10000000000000021,0.23637139892578127,28.89340209960936,7838,35,3,4,10701.0,10749.0,-48.0,-0.44655316773653364,10698.333333333334,-50.666666666666664,-0.47136167705522997
46.234010240994394,approaching,True,0.015690640000000002,0.014709975,0.000980665000000002,0.000980665000000002,1.6000000000000003,1.5,0.10000000000000021,0.10000000000000021,0.23637139892578127,28.89340209960936,7844,35,3,4,10694.0,10749.0,-55.0,-0.5116755046981114,10696.333333333334,-52.666666666666664,-0.48996805904425217
46.285092474892735,approaching,True,0.015690640000000002,0.014709975,0.000980665000000002,0.000980665000000002,1.6000000000000003,1.5,0.10000000000000021,0.10000000000000021,0.2363488311767578,28.915969848632816,7850,35,3,4,10702.0,10749.0,-47.0,-0.43724997674202254,10702.0,-47.0,-0.43724997674202254
46.332911506993696,approaching,True,0.015690640000000002,0.014709975,0.000980665000000002,0.000980665000000002,1.6000000000000003,1.5,0.10000000000000021,0.10000000000000021,0.2363488311767578,28.915969848632816,7856,35,3,4,10693.0,10749.0,-56.0,-0.5209786956926226,10699.666666666666,-49.333333333333336,-0.45895742239588183
46.39983280398883,approaching,True,0.015690640000000002,0.014709975,0.000980665000000002,0.000980665000000002,1.6000000000000003,1.5,0.10000000000000021,0.10000000000000021,0.23633914184570312,28.925659179687507,7862,35,3,4,10698.0,10749.0,-51.0,-0.474462740720067,10696.333333333334,-52.666666666666664,-0.48996805904425217
46.431897474918514,approaching,True,0.015690640000000002,0.014709975,0.000980665000000002,0.000980665000000002,1.6000000000000003,1.5,0.10000000000000021,0.10000000000000021,0.23633914184570312,28.925659179687507,7871,35,3,4,10703.0,10749.0,-46.0,-0.4279467857475114,10703.0,-46.0,-0.4279467857475114
46.48304382292554,approaching,True,0.015690640000000002,0.014709975,0.000980665000000002,0.000980665000000002,1.6000000000000003,1.5,0.10000000000000021,0.10000000000000021,0.23632858276367188,28.936218261718743,7879,35,3,4,10696.0,10749.0,-53.0,-0.4930691227090892,10696.0,-53.0,-0.49306912270908915
46.533105371985584,approaching,True,0.015690640000000002,0.014709975,0.000980665000000002,0.000980665000000002,1.6000000000000003,1.5,0.10000000000000021,0.10000000000000021,0.23632136535644532,28.943435668945305,7889,35,3,4,10704.0,10749.0,-45.0,-0.4186435947530003,10702.666666666666,-46.333333333333336,-0.4310478494123484
46.5996374709066,approaching,True,0.015690640000000002,0.014709975,0.000980665000000002,0.000980665000000002,1.6000000000000003,1.5,0.10000000000000021,0.10000000000000021,0.23631356811523438,28.95123291015625,7899,35,3,4,10703.0,10749.0,-46.0,-0.4279467857475114,10703.0,-46.0,-0.4279467857475114
46.64817946287803,approaching,True,0.015690640000000002,0.014709975,0.000980665000000002,0.000980665000000002,1.6000000000000003,1.5,0.10000000000000021,0.10000000000000021,0.2363024597167969,28.962341308593736,7903,35,3,4,10701.0,10749.0,-48.0,-0.44655316773653364,10701.666666666666,-47.333333333333336,-0.4403510404068595
46.69915451388806,approaching,True,0.015690640000000002,0.014709975,0.000980665000000002,0.000980665000000002,1.6000000000000003,1.5,0.10000000000000021,0.10000000000000021,0.23628472900390626,28.980072021484364,7909,35,3,4,10700.0,10749.0,-49.0,-0.45585635873104474,10700.0,-49.0,-0.45585635873104474
46.73637398285791,approaching,True,0.015690640000000002,0.014709975,0.000980665000000002,0.000980665000000002,1.6000000000000003,1.5,0.10000000000000021,0.10000000000000021,0.23628472900390626,28.980072021484364,7914,35,3,4,10698.0,10749.0,-51.0,-0.474462740720067,10698.0,-51.0,-0.474462740720067
46.79813641496003,approaching,True,0.015690640000000002,0.014709975,0.000980665000000002,0.000980665000000002,1.6000000000000003,1.5,0.10000000000000021,0.10000000000000021,0.2362461853027344,29.01861572265624,7920,35,3,4,10699.0,10749.0,-50.0,-0.46515954972555584,10699.0,-50.0,-0.46515954972555584
46.832762639038265,approaching,True,0.015690640000000002,0.014709975,0.000980665000000002,0.000980665000000002,1.6000000000000003,1.5,0.10000000000000021,0.10000000000000021,0.2362461853027344,29.01861572265624,7925,35,3,4,10700.0,10749.0,-49.0,-0.45585635873104474,10700.0,-49.0,-0.45585635873104474
46.8830960909836,approaching,True,0.015690640000000002,0.014709975,0.000980665000000002,0.000980665000000002,1.6000000000000003,1.5,0.10000000000000021,0.10000000000000021,0.2361673583984375,29.09744262695313,7930,35,3,4,10699.0,10749.0,-50.0,-0.46515954972555584,10699.0,-50.0,-0.46515954972555584
46.93639706494287,approaching,True,0.015690640000000002,0.014709975,0.000980665000000002,0.000980665000000002,1.6000000000000003,1.5,0.10000000000000021,0.10000000000000021,0.2361673583984375,29.09744262695313,7937,35,3,4,10691.0,10749.0,-58.0,-0.5395850776816448,10691.0,-58.0,-0.5395850776816448
47.00080553884618,approaching,True,0.015690640000000002,0.014709975,0.000980665000000002,0.000980665000000002,1.6000000000000003,1.5,0.10000000000000021,0.10000000000000021,0.23581765747070313,29.4471435546875,7943,35,3,4,10688.0,10749.0,-61.0,-0.5674946506651781,10692.0,-57.0,-0.5302818866871336
47.04804417700507,approaching,True,0.015690640000000002,0.014709975,0.000980665000000002,0.000980665000000002,1.6000000000000003,1.5,0.10000000000000021,0.10000000000000021,0.23563262939453125,29.63217163085938,7948,35,3,4,10693.0,10749.0,-56.0,-0.5209786956926226,10691.333333333334,-57.666666666666664,-0.5364840140168078
47.098829854046926,approaching,True,0.015690640000000002,0.014709975,0.000980665000000002,0.000980665000000002,1.6000000000000003,1.5,0.10000000000000021,0.10000000000000021,0.23563262939453125,29.63217163085938,7954,35,3,4,10690.0,10749.0,-59.0,-0.5488882686761559,10691.0,-58.0,-0.5395850776816448
47.1498265909031,approaching,True,0.015690640000000002,0.014709975,0.000980665000000002,0.000980665000000002,1.6000000000000003,1.5,0.10000000000000021,0.10000000000000021,0.2355972595214844,29.667541503906243,7960,35,3,4,10689.0,10749.0,-60.0,-0.5581914596706671,10689.0,-60.0,-0.5581914596706671
47.21733863884583,approaching,True,0.015690640000000002,0.014709975,0.000980665000000002,0.000980665000000002,1.6000000000000003,1.5,0.10000000000000021,0.10000000000000021,0.23558213806152345,29.68266296386718,7966,35,3,4,10693.0,10749.0,-56.0,-0.5209786956926226,10695.0,-54.0,-0.5023723137036004
47.23391813202761,approaching,True,0.015690640000000002,0.014709975,0.000980665000000002,0.000980665000000002,1.6000000000000003,1.5,0.10000000000000021,0.10000000000000021,0.23558213806152345,29.68266296386718,7970,35,3,4,10699.0,10749.0,-50.0,-0.46515954972555584,10695.0,-54.0,-0.5023723137036004
47.282216330990195,approaching,True,0.015690640000000002,0.014709975,0.000980665000000002,0.000980665000000002,1.6000000000000003,1.5,0.10000000000000021,0.10000000000000021,0.23557339477539063,29.691406249999996,7978,35,3,4,10694.0,10749.0,-55.0,-0.5116755046981114,10694.0,-55.0,-0.5116755046981114
47.331758870976046,approaching,True,0.014709975,0.014709975,0.0,0.0,1.5,1.5,0.0,0.0,0.23557339477539063,29.691406249999996,7989,35,3,4,10692.0,10749.0,-57.0,-0.5302818866871337,10693.333333333334,-55.666666666666664,-0.5178776320277855
47.4000358749181,approaching,True,0.014709975,0.014709975,0.0,0.0,1.5,1.5,0.0,0.0,0.23556381225585937,29.700988769531257,7996,35,3,4,10694.0,10749.0,-55.0,-0.5116755046981114,10692.666666666666,-56.333333333333336,-0.5240797593574597
47.448755671968684,approaching,True,0.014709975,0.014709975,0.0,0.0,1.5,1.5,0.0,0.0,0.23555532836914064,29.709472656249986,8001,35,3,4,10689.0,10749.0,-60.0,-0.5581914596706671,10692.333333333334,-56.666666666666664,-0.5271808230222966
47.49797354801558,approaching,True,0.014709975,0.014709975,0.0,0.0,1.5,1.5,0.0,0.0,0.23555532836914064,29.709472656249986,8007,35,3,4,10692.0,10749.0,-57.0,-0.5302818866871337,10691.0,-58.0,-0.5395850776816448
47.54795217001811,approaching,True,0.014709975,0.014709975,0.0,0.0,1.5,1.5,0.0,0.0,0.23555859375000002,29.70620727539061,8013,35,3,4,10689.0,10749.0,-60.0,-0.5581914596706671,10689.0,-60.0,-0.5581914596706671
47.61782491998747,approaching,True,0.014709975,0.014709975,0.0,0.0,1.5,1.5,0.0,0.0,0.23555996704101562,29.70483398437501,8019,35,3,4,10685.0,10749.0,-64.0,-0.5954042236487115,10685.0,-64.0,-0.5954042236487115
47.63198152696714,approaching,True,0.014709975,0.014709975,0.0,0.0,1.5,1.5,0.0,0.0,0.23555996704101562,29.70483398437501,8023,35,3,4,10694.0,10749.0,-55.0,-0.5116755046981114,10694.0,-55.0,-0.5116755046981114
47.68159262603149,approaching,True,0.014709975,0.014709975,0.0,0.0,1.5,1.5,0.0,0.0,0.2355602264404297,29.704574584960923,8033,35,3,4,10695.0,10749.0,-54.0,-0.5023723137036004,10695.0,-54.0,-0.5023723137036004
47.73178182099946,approaching,True,0.014709975,0.014709975,0.0,0.0,1.5,1.5,0.0,0.0,0.2355602264404297,29.704574584960923,8043,35,3,4,10696.0,10749.0,-53.0,-0.4930691227090892,10696.0,-53.0,-0.49306912270908915
47.80201334389858,approaching,True,0.014709975,0.014709975,0.0,0.0,1.5,1.5,0.0,0.0,0.2355556182861328,29.709182739257823,8051,35,3,4,10690.0,10749.0,-59.0,-0.5488882686761559,10690.0,-59.0,-0.5488882686761559
47.83291221084073,approaching,True,0.014709975,0.014709975,0.0,0.0,1.5,1.5,0.0,0.0,0.23554939270019531,29.715408325195312,8057,35,3,4,10691.0,10749.0,-58.0,-0.5395850776816448,10691.0,-58.0,-0.5395850776816448
47.883172624977306,approaching,True,0.014709975,0.014709975,0.0,0.0,1.5,1.5,0.0,0.0,0.23553962707519532,29.725173950195305,8067,35,3,4,10685.0,10749.0,-64.0,-0.5954042236487115,10685.0,-64.0,-0.5954042236487115
47.93146291305311,approaching,True,0.014709975,0.014709975,0.0,0.0,1.5,1.5,0.0,0.0,0.23552249145507814,29.742309570312486,8077,35,3,4,10687.0,10749.0,-62.0,-0.5767978416596893,10687.0,-62.0,-0.5767978416596893
48.0005677419249,approaching,True,0.014709975,0.014709975,0.0,0.0,1.5,1.5,0.0,0.0,0.235506103515625,29.758697509765618,8087,35,3,4,10696.0,10749.0,-53.0,-0.4930691227090892,10690.666666666666,-58.333333333333336,-0.5426861413464819
48.03225376503542,approaching,True,0.014709975,0.014709975,0.0,0.0,1.5,1.5,0.0,0.0,0.235506103515625,29.758697509765618,8090,35,3,4,10696.0,10749.0,-53.0,-0.4930691227090892,10696.0,-53.0,-0.49306912270908915
48.08261129586026,approaching,True,0.015690640000000002,0.014709975,0.000980665000000002,0.000980665000000002,1.6000000000000003,1.5,0.10000000000000021,0.10000000000000021,0.2353173828125,29.947418212890625,8101,35,3,4,10679.0,10749.0,-70.0,-0.6512233696157782,10679.0,-70.0,-0.6512233696157782
48.13152783596888,approaching,True,0.015690640000000002,0.014709975,0.000980665000000002,0.000980665000000002,1.6000000000000003,1.5,0.10000000000000021,0.10000000000000021,0.23522891235351562,30.03588867187501,8111,35,3,4,10684.0,10749.0,-65.0,-0.6047074146432226,10684.0,-65.0,-0.6047074146432226
48.18253759783693,approaching,True,0.015690640000000002,0.014709975,0.000980665000000002,0.000980665000000002,1.6000000000000003,1.5,0.10000000000000021,0.10000000000000021,0.23510235595703124,30.162445068359382,8121,35,3,4,10675.0,10749.0,-74.0,-0.6884361335938227,10681.0,-68.0,-0.632616987626756
48.23373649083078,approaching,True,0.015690640000000002,0.014709975,0.000980665000000002,0.000980665000000002,1.6000000000000003,1.5,0.10000000000000021,0.10000000000000021,0.2348819580078125,30.382843017578125,8125,35,3,4,10675.0,10749.0,-74.0,-0.6884361335938227,10675.0,-74.0,-0.6884361335938228
48.28525431989692,approaching,True,0.015690640000000002,0.014709975,0.000980665000000002,0.000980665000000002,1.6000000000000003,1.5,0.10000000000000021,0.10000000000000021,0.2348819580078125,30.382843017578125,8132,35,3,4,10682.0,10749.0,-67.0,-0.6233137966322448,10680.666666666666,-68.33333333333333,-0.6357180512915931
48.33329563494772,approaching,True,0.015690640000000002,0.014709975,0.000980665000000002,0.000980665000000002,1.6000000000000003,1.5,0.10000000000000021,0.10000000000000021,0.234720947265625,30.54385375976562,8137,35,3,4,10677.0,10749.0,-72.0,-0.6698297516048004,10678.666666666666,-70.33333333333333,-0.6543244332806152
48.39799989690073,approaching,True,0.015690640000000002,0.014709975,0.000980665000000002,0.000980665000000002,1.6000000000000003,1.5,0.10000000000000021,0.10000000000000021,0.23469134521484375,30.57345581054688,8144,35,3,4,10671.0,10749.0,-78.0,-0.7256488975718671,10671.0,-78.0,-0.7256488975718671
48.44816298200749,approaching,True,0.015690640000000002,0.014709975,0.000980665000000002,0.000980665000000002,1.6000000000000003,1.5,0.10000000000000021,0.10000000000000021,0.23469134521484375,30.57345581054688,8149,35,3,4,10679.0,10749.0,-70.0,-0.6512233696157782,10679.0,-70.0,-0.6512233696157782
48.49851310485974,approaching,True,0.015690640000000002,0.014709975,0.000980665000000002,0.000980665000000002,1.6000000000000003,1.5,0.10000000000000021,0.10000000000000021,0.23468670654296875,30.578094482421882,8155,35,3,4,10684.0,10749.0,-65.0,-0.6047074146432226,10681.333333333334,-67.66666666666667,-0.629515923961919
48.550036025000736,approaching,True,0.015690640000000002,0.014709975,0.000980665000000002,0.000980665000000002,1.6000000000000003,1.5,0.10000000000000021,0.10000000000000021,0.23468670654296875,30.578094482421882,8161,35,3,4,10680.0,10749.0,-69.0,-0.641920178621267,10680.0,-69.0,-0.641920178621267
48.616169166052714,approaching,True,0.015690640000000002,0.014709975,0.000980665000000002,0.000980665000000002,1.6000000000000003,1.5,0.10000000000000021,0.10000000000000021,0.23468203735351564,30.582763671874986,8166,35,3,4,10674.0,10749.0,-75.0,-0.6977393245883338,10674.0,-75.0,-0.6977393245883338
48.632169297896326,approaching,True,0.015690640000000002,0.014709975,0.000980665000000002,0.000980665000000002,1.6000000000000003,1.5,0.10000000000000021,0.10000000000000021,0.23468203735351564,30.582763671874986,8170,35,3,4,10681.0,10749.0,-68.0,-0.632616987626756,10678.666666666666,-70.33333333333333,-0.6543244332806153
48.68238672288135,approaching,True,0.015690640000000002,0.014709975,0.000980665000000002,0.000980665000000002,1.6000000000000003,1.5,0.10000000000000021,0.10000000000000021,0.23466902160644532,30.595779418945312,8179,35,3,4,10673.0,10749.0,-76.0,-0.7070425155828449,10673.0,-76.0,-0.7070425155828449
48.733620842918754,approaching,True,0.015690640000000002,0.014709975,0.000980665000000002,0.000980665000000002,1.6000000000000003,1.5,0.10000000000000021,0.10000000000000021,0.23465762329101564,30.60717773437499,8188,35,3,4,10673.0,10749.0,-76.0,-0.7070425155828449,10673.0,-76.0,-0.7070425155828449
48.79820630303584,approaching,True,0.015690640000000002,0.014709975,0.000980665000000002,0.000980665000000002,1.6000000000000003,1.5,0.10000000000000021,0.10000000000000021,0.23465762329101564,30.60717773437499,8197,35,3,4,10676.0,10749.0,-73.0,-0.6791329425993116,10676.0,-73.0,-0.6791329425993116
48.850045958999544,approaching,True,0.015690640000000002,0.014709975,0.000980665000000002,0.000980665000000002,1.6000000000000003,1.5,0.10000000000000021,0.10000000000000021,0.23464251708984377,30.62228393554686,8202,35,3,4,10674.0,10749.0,-75.0,-0.6977393245883338,10674.0,-75.0,-0.6977393245883338
48.89802191290073,approaching,True,0.015690640000000002,0.014709975,0.000980665000000002,0.000980665000000002,1.6000000000000003,1.5,0.10000000000000021,0.10000000000000021,0.23461718750000002,30.64761352539061,8207,35,3,4,10674.0,10749.0,-75.0,-0.6977393245883338,10674.0,-75.0,-0.6977393245883338
48.94876347691752,approaching,True,0.015690640000000002,0.014709975,0.000980665000000002,0.000980665000000002,1.6000000000000003,1.5,0.10000000000000021,0.10000000000000021,0.23461718750000002,30.64761352539061,8214,35,3,4,10671.0,10749.0,-78.0,-0.7256488975718671,10672.666666666666,-76.33333333333333,-0.7101435792476819
49.018095172941685,approaching,True,0.015690640000000002,0.014709975,0.000980665000000002,0.000980665000000002,1.6000000000000003,1.5,0.10000000000000021,0.10000000000000021,0.23448822021484375,30.77658081054688,8220,35,3,4,10672.0,10749.0,-77.0,-0.7163457065773561,10672.0,-77.0,-0.7163457065773561
49.03398820082657,approaching,True,0.015690640000000002,0.014709975,0.000980665000000002,0.000980665000000002,1.6000000000000003,1.5,0.10000000000000021,0.10000000000000021,0.23448822021484375,30.77658081054688,8224,35,3,4,10681.0,10749.0,-68.0,-0.632616987626756,10681.0,-68.0,-0.632616987626756
49.08209753292613,approaching,True,0.015690640000000002,0.014709975,0.000980665000000002,0.000980665000000002,1.6000000000000003,1.5,0.10000000000000021,0.10000000000000021,0.23442620849609375,30.838592529296882,8233,35,3,4,10672.0,10749.0,-77.0,-0.7163457065773561,10672.0,-77.0,-0.7163457065773561
49.133380117826164,approaching,True,0.015690640000000002,0.014709975,0.000980665000000002,0.000980665000000002,1.6000000000000003,1.5,0.10000000000000021,0.10000000000000021,0.23442620849609375,30.838592529296882,8241,35,3,4,10667.0,10749.0,-82.0,-0.7628616615499116,10667.0,-82.0,-0.7628616615499116
49.1988756780047,approaching,True,0.015690640000000002,0.014709975,0.000980665000000002,0.000980665000000002,1.6000000000000003,1.5,0.10000000000000021,0.10000000000000021,0.23435800170898438,30.906799316406246,8250,35,3,4,10667.0,10749.0,-82.0,-0.7628616615499116,10667.0,-82.0,-0.7628616615499116
49.24806818389334,approaching,True,0.015690640000000002,0.014709975,0.000980665000000002,0.000980665000000002,1.6000000000000003,1.5,0.10000000000000021,0.10000000000000021,0.23424650573730468,31.018295288085945,8255,35,3,4,10664.0,10749.0,-85.0,-0.790771234533445,10664.0,-85.0,-0.790771234533445
49.2978458260186,approaching,True,0.015690640000000002,0.014709975,0.000980665000000002,0.000980665000000002,1.6000000000000003,1.5,0.10000000000000021,0.10000000000000021,0.23424650573730468,31.018295288085945,8260,35,3,4,10662.0,10749.0,-87.0,-0.8093776165224672,10662.0,-87.0,-0.8093776165224672
49.34782529086806,approaching,True,0.015690640000000002,0.014709975,0.000980665000000002,0.000980665000000002,1.6000000000000003,1.5,0.10000000000000021,0.10000000000000021,0.2341498718261719,31.11492919921874,8267,35,3,4,10666.0,10749.0,-83.0,-0.7721648525444227,10666.0,-83.0,-0.7721648525444227
49.41610324801877,approaching,True,0.015690640000000002,0.014709975,0.000980665000000002,0.000980665000000002,1.6000000000000003,1.5,0.10000000000000021,0.10000000000000021,0.2340631103515625,31.201690673828136,8273,35,3,4,10659.0,10749.0,-90.0,-0.8372871895060006,10659.0,-90.0,-0.8372871895060006
49.43576947203837,approaching,True,0.015690640000000002,0.014709975,0.000980665000000002,0.000980665000000002,1.6000000000000003,1.5,0.10000000000000021,0.10000000000000021,0.2340631103515625,31.201690673828136,8278,35,3,4,10665.0,10749.0,-84.0,-0.7814680435389338,10665.0,-84.0,-0.781468043538934
49.48196610203013,approaching,True,0.015690640000000002,0.014709975,0.000980665000000002,0.000980665000000002,1.6000000000000003,1.5,0.10000000000000021,0.10000000000000021,0.23394503784179688,31.31976318359375,8286,35,3,4,10657.0,10749.0,-92.0,-0.8558935714950228,10657.666666666666,-91.33333333333333,-0.8496914441653488
49.531977182021365,approaching,True,0.015690640000000002,0.014709975,0.000980665000000002,0.000980665000000002,1.6000000000000003,1.5,0.10000000000000021,0.10000000000000021,0.23394503784179688,31.31976318359375,8297,35,3,4,10649.0,10749.0,-100.0,-0.9303190994511117,10649.0,-100.0,-0.9303190994511117
49.59813581593335,approaching,True,0.015690640000000002,0.014709975,0.000980665000000002,0.000980665000000002,1.6000000000000003,1.5,0.10000000000000021,0.10000000000000021,0.2339039306640625,31.360870361328118,8306,35,3,4,10654.0,10749.0,-95.0,-0.8838031444785561,10653.333333333334,-95.66666666666667,-0.8900052718082302
49.64821246895008,approaching,True,0.015690640000000002,0.014709975,0.000980665000000002,0.000980665000000002,1.6000000000000003,1.5,0.10000000000000021,0.10000000000000021,0.23388020324707032,31.384597778320312,8310,35,3,4,10650.0,10749.0,-99.0,-0.9210159084566006,10651.333333333334,-97.66666666666667,-0.9086116537972525
49.69915868504904,approaching,True,0.015690640000000002,0.014709975,0.000980665000000002,0.000980665000000002,1.6000000000000003,1.5,0.10000000000000021,0.10000000000000021,0.23388020324707032,31.384597778320312,8317,35,3,4,10649.0,10749.0,-100.0,-0.9303190994511117,10649.0,-100.0,-0.9303190994511117
49.74933267896995,approaching,True,0.015690640000000002,0.014709975,0.000980665000000002,0.000980665000000002,1.6000000000000003,1.5,0.10000000000000021,0.10000000000000021,0.2338678436279297,31.396957397460927,8322,35,3,4,10653.0,10749.0,-96.0,-0.8931063354730673,10653.333333333334,-95.66666666666667,-0.8900052718082302
49.819838447030634,approaching,True,0.015690640000000002,0.014709975,0.000980665000000002,0.000980665000000002,1.6000000000000003,1.5,0.10000000000000021,0.10000000000000021,0.23384066772460937,31.424133300781254,8328,35,3,4,10650.0,10749.0,-99.0,-0.9210159084566006,10650.0,-99.0,-0.9210159084566006
49.83189175790176,approaching,True,0.015690640000000002,0.014709975,0.000980665000000002,0.000980665000000002,1.6000000000000003,1.5,0.10000000000000021,0.10000000000000021,0.23384066772460937,31.424133300781254,8335,35,3,4,10649.0,10749.0,-100.0,-0.9303190994511117,10649.333333333334,-99.66666666666667,-0.9272180357862747
49.885566256940365,approaching,True,0.015690640000000002,0.014709975,0.000980665000000002,0.000980665000000002,1.6000000000000003,1.5,0.10000000000000021,0.10000000000000021,0.23382110595703126,31.443695068359368,8340,35,3,4,10643.0,10749.0,-106.0,-0.9861382454181784,10643.0,-106.0,-0.9861382454181783
49.93261349387467,approaching,True,0.015690640000000002,0.014709975,0.000980665000000002,0.000980665000000002,1.6000000000000003,1.5,0.10000000000000021,0.10000000000000021,0.23382110595703126,31.443695068359368,8349,35,3,4,10649.0,10749.0,-100.0,-0.9303190994511117,10649.0,-100.0,-0.9303190994511117
50.00135199888609,approaching,True,0.015690640000000002,0.014709975,0.000980665000000002,0.000980665000000002,1.6000000000000003,1.5,0.10000000000000021,0.10000000000000021,0.2337778015136719,31.48699951171874,8360,35,3,4,10645.0,10749.0,-104.0,-0.9675318634291562,10647.0,-102.0,-0.948925481440134
50.049579853890464,approaching,True,0.015690640000000002,0.014709975,0.000980665000000002,0.000980665000000002,1.6000000000000003,1.5,0.10000000000000021,0.10000000000000021,0.2336839599609375,31.580841064453136,8365,35,3,4,10648.0,10749.0,-101.0,-0.9396222904456228,10650.666666666666,-98.33333333333333,-0.9148137811269265
50.09791328990832,approaching,True,0.015690640000000002,0.014709975,0.000980665000000002,0.000980665000000002,1.6000000000000003,1.5,0.10000000000000021,0.10000000000000021,0.2336839599609375,31.580841064453136,8370,35,3,4,10650.0,10749.0,-99.0,-0.9210159084566006,10650.0,-99.0,-0.9210159084566006
50.14789681485854,approaching,True,0.015690640000000002,0.014709975,0.000980665000000002,0.000980665000000002,1.6000000000000003,1.5,0.10000000000000021,0.10000000000000021,0.233675048828125,31.589752197265618,8377,35,3,4,10638.0,10749.0,-111.0,-1.032654200390734,10640.666666666666,-108.33333333333333,-1.0078456910720377
50.19910530699417,approaching,True,0.015690640000000002,0.014709975,0.000980665000000002,0.000980665000000002,1.6000000000000003,1.5,0.10000000000000021,0.10000000000000021,0.23367062377929687,31.594177246093757,8382,35,3,4,10647.0,10749.0,-102.0,-0.948925481440134,10646.666666666666,-102.33333333333333,-0.952026545104971
50.23259677691385,approaching,True,0.015690640000000002,0.014709975,0.000980665000000002,0.000980665000000002,1.6000000000000003,1.5,0.10000000000000021,0.10000000000000021,0.23367062377929687,31.594177246093757,8389,35,3,4,10638.0,10749.0,-111.0,-1.032654200390734,10642.666666666666,-106.33333333333333,-0.9892393090830155
50.28183896490373,approaching,True,0.015690640000000002,0.014709975,0.000980665000000002,0.000980665000000002,1.6000000000000003,1.5,0.10000000000000021,0.10000000000000021,0.2336533203125,31.611480712890632,8393,35,3,4,10645.0,10749.0,-104.0,-0.9675318634291562,10642.666666666666,-106.33333333333333,-0.9892393090830155
50.33251779200509,approaching,True,0.015690640000000002,0.014709975,0.000980665000000002,0.000980665000000002,1.6000000000000003,1.5,0.10000000000000021,0.10000000000000021,0.2336533203125,31.611480712890632,8400,35,3,4,10640.0,10749.0,-109.0,-1.0140478184017119,10644.0,-105.0,-0.9768350544236674
50.398519184906036,approaching,True,0.015690640000000002,0.014709975,0.000980665000000002,0.000980665000000002,1.6000000000000003,1.5,0.10000000000000021,0.10000000000000021,0.2336282958984375,31.636505126953125,8407,35,3,4,10635.0,10749.0,-114.0,-1.0605637733742674,10636.333333333334,-112.66666666666667,-1.0481595187149193
50.44963555387221,approaching,True,0.015690640000000002,0.014709975,0.000980665000000002,0.000980665000000002,1.6000000000000003,1.5,0.10000000000000021,0.10000000000000021,0.23344558715820313,31.8192138671875,8411,35,3,4,10636.0,10749.0,-113.0,-1.0512605823797563,10634.666666666666,-114.33333333333333,-1.0636648370391046
50.49821879598312,approaching,True,0.015690640000000002,0.014709975,0.000980665000000002,0.000980665000000002,1.6000000000000003,1.5,0.10000000000000021,0.10000000000000021,0.23344558715820313,31.8192138671875,8418,35,3,4,10637.0,10749.0,-112.0,-1.0419573913852451,10637.0,-112.0,-1.0419573913852451
50.54792126198299,approaching,True,0.015690640000000002,0.014709975,0.000980665000000002,0.000980665000000002,1.6000000000000003,1.5,0.10000000000000021,0.10000000000000021,0.23328213500976563,31.982666015624993,8424,35,3,4,10637.0,10749.0,-112.0,-1.0419573913852451,10633.666666666666,-115.33333333333333,-1.0729680280336156
50.61478664283641,approaching,True,0.015690640000000002,0.014709975,0.000980665000000002,0.000980665000000002,1.6000000000000003,1.5,0.10000000000000021,0.10000000000000021,0.2332633056640625,32.001495361328125,8429,35,3,4,10635.0,10749.0,-114.0,-1.0605637733742674,10635.0,-114.0,-1.0605637733742674
50.635073530022055,approaching,True,0.015690640000000002,0.014709975,0.000980665000000002,0.000980665000000002,1.6000000000000003,1.5,0.10000000000000021,0.10000000000000021,0.2332633056640625,32.001495361328125,8433,35,3,4,10631.0,10749.0,-118.0,-1.0977765373523118,10635.666666666666,-113.33333333333333,-1.0543616460445933
50.68331734882668,approaching,True,0.015690640000000002,0.014709975,0.000980665000000002,0.000980665000000002,1.6000000000000003,1.5,0.10000000000000021,0.10000000000000021,0.23324267578125,32.02212524414064,8440,35,3,4,10628.0,10749.0,-121.0,-1.125686110335845,10632.0,-117.0,-1.0884733463578007
50.734282159944996,approaching,True,0.015690640000000002,0.014709975,0.000980665000000002,0.000980665000000002,1.6000000000000003,1.5,0.10000000000000021,0.10000000000000021,0.23324267578125,32.02212524414064,8446,35,3,4,10633.0,10749.0,-116.0,-1.0791701553632895,10633.0,-116.0,-1.0791701553632895
50.79986903490499,approaching,True,0.015690640000000002,0.014709975,0.000980665000000002,0.000980665000000002,1.6000000000000003,1.5,0.10000000000000021,0.10000000000000021,0.23321353149414062,32.05126953125001,8453,35,3,4,10632.0,10749.0,-117.0,-1.0884733463578007,10633.333333333334,-115.66666666666667,-1.0760690916984526
50.83271123585291,approaching,True,0.015690640000000002,0.014709975,0.000980665000000002,0.000980665000000002,1.6000000000000003,1.5,0.10000000000000021,0.10000000000000021,0.23315969848632814,32.105102539062486,8459,35,3,4,10633.0,10749.0,-116.0,-1.0791701553632895,10631.333333333334,-117.66666666666667,-1.0946754736874746
50.88162945397198,approaching,True,0.015690640000000002,0.014709975,0.000980665000000002,0.000980665000000002,1.6000000000000003,1.5,0.10000000000000021,0.10000000000000021,0.23315969848632814,32.105102539062486,8467,35,3,4,10626.0,10749.0,-123.0,-1.1442924923248674,10626.0,-123.0,-1.1442924923248674
50.93317265389487,approaching,True,0.015690640000000002,0.014709975,0.000980665000000002,0.000980665000000002,1.6000000000000003,1.5,0.10000000000000021,0.10000000000000021,0.23305632019042968,32.208480834960945,8475,35,3,4,10631.0,10749.0,-118.0,-1.0977765373523118,10631.0,-118.0,-1.0977765373523118
51.00024770689197,approaching,True,0.015690640000000002,0.014709975,0.000980665000000002,0.000980665000000002,1.6000000000000003,1.5,0.10000000000000021,0.10000000000000021,0.23299623107910156,32.26856994628907,8484,35,3,4,10619.0,10749.0,-130.0,-1.2094148292864453,10628.333333333334,-120.66666666666667,-1.1225850466710081
51.049745549913496,approaching,True,0.015690640000000002,0.014709975,0.000980665000000002,0.000980665000000002,1.6000000000000003,1.5,0.10000000000000021,0.10000000000000021,0.23299623107910156,32.26856994628907,8487,35,3,4,10628.0,10749.0,-121.0,-1.125686110335845,10622.0,-127.0,-1.1815052563029118
51.09862093394622,approaching,True,0.015690640000000002,0.014709975,0.000980665000000002,0.000980665000000002,1.6000000000000003,1.5,0.10000000000000021,0.10000000000000021,0.23297753906250002,32.28726196289061,8493,35,3,4,10624.0,10749.0,-125.0,-1.1628988743138897,10625.333333333334,-123.66666666666667,-1.1504946196545414
51.148090342991054,approaching,True,0.015690640000000002,0.014709975,0.000980665000000002,0.000980665000000002,1.6000000000000003,1.5,0.10000000000000021,0.10000000000000021,0.23296505737304687,32.29974365234376,8499,35,3,4,10621.0,10749.0,-128.0,-1.190808447297423,10622.333333333334,-126.66666666666667,-1.1784041926380748
51.214633592870086,approaching,True,0.015690640000000002,0.014709975,0.000980665000000002,0.000980665000000002,1.6000000000000003,1.5,0.10000000000000021,0.10000000000000021,0.23296505737304687,32.29974365234376,8506,35,3,4,10631.0,10749.0,-118.0,-1.0977765373523118,10629.0,-120.0,-1.1163829193413342
51.23270848300308,approaching,True,0.015690640000000002,0.014709975,0.000980665000000002,0.000980665000000002,1.6000000000000003,1.5,0.10000000000000021,0.10000000000000021,0.23295263671875,32.31216430664063,8509,35,3,4,10627.0,10749.0,-122.0,-1.1349893013303562,10629.666666666666,-119.33333333333333,-1.11018079201166
51.28212236985564,approaching,True,0.015690640000000002,0.014709975,0.000980665000000002,0.000980665000000002,1.6000000000000003,1.5,0.10000000000000021,0.10000000000000021,0.23295263671875,32.31216430664063,8517,35,3,4,10622.0,10749.0,-127.0,-1.1815052563029118,10622.0,-127.0,-1.1815052563029118
51.33215227187611,approaching,True,0.015690640000000002,0.014709975,0.000980665000000002,0.000980665000000002,1.6000000000000003,1.5,0.10000000000000021,0.10000000000000021,0.23292263793945314,32.342163085937486,8522,35,3,4,10616.0,10749.0,-133.0,-1.2373244022699785,10616.0,-133.0,-1.2373244022699785
51.400164145976305,approaching,True,0.015690640000000002,0.014709975,0.000980665000000002,0.000980665000000002,1.6000000000000003,1.5,0.10000000000000021,0.10000000000000021,0.23277680969238282,32.48799133300781,8528,35,3,4,10616.0,10749.0,-133.0,-1.2373244022699785,10616.0,-133.0,-1.2373244022699785
51.431693272897974,approaching,True,0.015690640000000002,0.014709975,0.000980665000000002,0.000980665000000002,1.6000000000000003,1.5,0.10000000000000021,0.10000000000000021,0.23277680969238282,32.48799133300781,8533,35,3,4,10616.0,10749.0,-133.0,-1.2373244022699785,10616.0,-133.0,-1.2373244022699785
51.48375653196126,approaching,True,0.015690640000000002,0.014709975,0.000980665000000002,0.000980665000000002,1.6000000000000003,1.5,0.10000000000000021,0.10000000000000021,0.23271551513671876,32.54928588867187,8541,35,3,4,10614.0,10749.0,-135.0,-1.2559307842590008,10612.666666666666,-136.33333333333334,-1.268335038918349
51.53198919002898,approaching,True,0.015690640000000002,0.014709975,0.000980665000000002,0.000980665000000002,1.6000000000000003,1.5,0.10000000000000021,0.10000000000000021,0.23271551513671876,32.54928588867187,8549,35,3,4,10610.0,10749.0,-139.0,-1.2931435482370452,10610.0,-139.0,-1.2931435482370452
51.598330322885886,approaching,True,0.015690640000000002,0.014709975,0.000980665000000002,0.000980665000000002,1.6000000000000003,1.5,0.10000000000000021,0.10000000000000021,0.23265625,32.60855102539062,8557,35,3,4,10607.0,10749.0,-142.0,-1.3210531212205787,10607.0,-142.0,-1.3210531212205787
51.647826235042885,approaching,True,0.015690640000000002,0.014709975,0.000980665000000002,0.000980665000000002,1.6000000000000003,1.5,0.10000000000000021,0.10000000000000021,0.23265625,32.60855102539062,8562,35,3,4,10603.0,10749.0,-146.0,-1.3582658851986231,10602.666666666666,-146.33333333333334,-1.36136694886346
51.69903025892563,approaching,True,0.015690640000000002,0.014709975,0.000980665000000002,0.000980665000000002,1.6000000000000003,1.5,0.10000000000000021,0.10000000000000021,0.23254031372070313,32.72448730468749,8568,35,3,4,10599.0,10749.0,-150.0,-1.3954786491766675,10599.666666666666,-149.33333333333334,-1.3892765218469936
51.74993336084299,approaching,True,0.015690640000000002,0.014709975,0.000980665000000002,0.000980665000000002,1.6000000000000003,1.5,0.10000000000000021,0.10000000000000021,0.2324268035888672,32.83799743652344,8574,35,3,4,10606.0,10749.0,-143.0,-1.3303563122150899,10606.0,-143.0,-1.3303563122150899
51.81496357684955,approaching,True,0.015690640000000002,0.014709975,0.000980665000000002,0.000980665000000002,1.6000000000000003,1.5,0.10000000000000021,0.10000000000000021,0.23239013671875,32.874664306640625,8580,35,3,4,10596.0,10749.0,-153.0,-1.423388222160201,10596.666666666666,-152.33333333333334,-1.4171860948305268
51.83328329096548,approaching,True,0.015690640000000002,0.014709975,0.000980665000000002,0.000980665000000002,1.6000000000000003,1.5,0.10000000000000021,0.10000000000000021,0.23239013671875,32.874664306640625,8585,35,3,4,10591.0,10749.0,-158.0,-1.4699041771327566,10591.0,-158.0,-1.4699041771327568
51.88406938384287,approaching,True,0.015690640000000002,0.014709975,0.000980665000000002,0.000980665000000002,1.6000000000000003,1.5,0.10000000000000021,0.10000000000000021,0.23239013671875,32.874664306640625,8592,35,3,4,10590.0,10749.0,-159.0,-1.4792073681272677,10590.0,-159.0,-1.4792073681272677
51.93200300098397,approaching,True,0.015690640000000002,0.014709975,0.000980665000000002,0.000980665000000002,1.6000000000000003,1.5,0.10000000000000021,0.10000000000000021,0.23235073852539062,32.91406250000001,8598,35,3,4,10590.0,10749.0,-159.0,-1.4792073681272677,10590.0,-159.0,-1.4792073681272677
51.999880445888266,approaching,True,0.015690640000000002,0.014709975,0.000980665000000002,0.000980665000000002,1.6000000000000003,1.5,0.10000000000000021,0.10000000000000021,0.2322439422607422,33.020858764648445,8603,35,3,4,10588.0,10749.0,-161.0,-1.4978137501162898,10588.333333333334,-160.66666666666666,-1.4947126864514528
52.04836616292596,approaching,True,0.015690640000000002,0.014709975,0.000980665000000002,0.000980665000000002,1.6000000000000003,1.5,0.10000000000000021,0.10000000000000021,0.2322439422607422,33.020858764648445,8607,35,3,4,10584.0,10749.0,-165.0,-1.5350265140943344,10582.333333333334,-166.66666666666666,-1.5505318324185196
52.097848108038306,approaching,True,0.015690640000000002,0.014709975,0.000980665000000002,0.000980665000000002,1.6000000000000003,1.5,0.10000000000000021,0.10000000000000021,0.23212339782714844,33.14140319824219,8613,35,3,4,10580.0,10749.0,-169.0,-1.5722392780723788,10580.0,-169.0,-1.5722392780723788
52.14822222199291,approaching,True,0.015690640000000002,0.014709975,0.000980665000000002,0.000980665000000002,1.6000000000000003,1.5,0.10000000000000021,0.10000000000000021,0.23209877014160157,33.166030883789055,8619,35,3,4,10581.0,10749.0,-168.0,-1.5629360870778677,10583.0,-166.0,-1.5443297050888454
52.2146471820306,approaching,True,0.015690640000000002,0.014709975,0.000980665000000002,0.000980665000000002,1.6000000000000003,1.5,0.10000000000000021,0.10000000000000021,0.23209877014160157,33.166030883789055,8626,35,3,4,10580.0,10749.0,-169.0,-1.5722392780723788,10580.0,-169.0,-1.5722392780723788
52.23430431797169,approaching,True,0.015690640000000002,0.014709975,0.000980665000000002,0.000980665000000002,1.6000000000000003,1.5,0.10000000000000021,0.10000000000000021,0.23209877014160157,33.166030883789055,8630,35,3,4,10585.0,10749.0,-164.0,-1.5257233230998233,10582.333333333334,-166.66666666666666,-1.5505318324185196
52.2815923159942,approaching,True,0.015690640000000002,0.014709975,0.000980665000000002,0.000980665000000002,1.6000000000000003,1.5,0.10000000000000021,0.10000000000000021,0.23209207153320313,33.1727294921875,8635,35,3,4,10577.0,10749.0,-172.0,-1.600148851055912,10577.0,-172.0,-1.600148851055912
52.3331820408348,approaching,True,0.015690640000000002,0.014709975,0.000980665000000002,0.000980665000000002,1.6000000000000003,1.5,0.10000000000000021,0.10000000000000021,0.23207643127441407,33.188369750976555,8641,35,3,4,10576.0,10749.0,-173.0,-1.6094520420504232,10576.0,-173.0,-1.6094520420504235
52.40013007982634,approaching,True,0.015690640000000002,0.014709975,0.000980665000000002,0.000980665000000002,1.6000000000000003,1.5,0.10000000000000021,0.10000000000000021,0.23207643127441407,33.188369750976555,8648,35,3,4,10581.0,10749.0,-168.0,-1.5629360870778677,10580.333333333334,-168.66666666666666,-1.5691382144075419
52.43250760901719,approaching,True,0.015690640000000002,0.014709975,0.000980665000000002,0.000980665000000002,1.6000000000000003,1.5,0.10000000000000021,0.10000000000000021,0.23206640625,33.19839477539063,8655,35,3,4,10570.0,10749.0,-179.0,-1.66527118801749,10570.0,-179.0,-1.66527118801749
52.48392479494214,approaching,True,0.015690640000000002,0.014709975,0.000980665000000002,0.000980665000000002,1.6000000000000003,1.5,0.10000000000000021,0.10000000000000021,0.23206640625,33.19839477539063,8662,35,3,4,10574.0,10749.0,-175.0,-1.6280584240394456,10569.333333333334,-179.66666666666666,-1.6714733153471641
52.53239107783884,approaching,True,0.015690640000000002,0.014709975,0.000980665000000002,0.000980665000000002,1.6000000000000003,1.5,0.10000000000000021,0.10000000000000021,0.23204962158203127,33.21517944335936,8670,35,3,4,10567.0,10749.0,-182.0,-1.6931807610010234,10567.0,-182.0,-1.6931807610010232
52.59819120797329,approaching,True,0.015690640000000002,0.014709975,0.000980665000000002,0.000980665000000002,1.6000000000000003,1.5,0.10000000000000021,0.10000000000000021,0.23193841552734376,33.32638549804687,8678,35,3,4,10563.0,10749.0,-186.0,-1.7303935249790678,10565.666666666666,-183.33333333333334,-1.7055850156603716
52.64766417001374,approaching,True,0.015690640000000002,0.014709975,0.000980665000000002,0.000980665000000002,1.6000000000000003,1.5,0.10000000000000021,0.10000000000000021,0.23193841552734376,33.32638549804687,8683,35,3,4,10563.0,10749.0,-186.0,-1.7303935249790678,10563.0,-186.0,-1.7303935249790678
52.698136740829796,approaching,True,0.015690640000000002,0.014709975,0.000980665000000002,0.000980665000000002,1.6000000000000003,1.5,0.10000000000000021,0.10000000000000021,0.23191351318359377,33.35128784179686,8689,35,3,4,10565.0,10749.0,-184.0,-1.7117871429900455,10565.666666666666,-183.33333333333334,-1.7055850156603716
52.749775094911456,approaching,True,0.015690640000000002,0.014709975,0.000980665000000002,0.000980665000000002,1.6000000000000003,1.5,0.10000000000000021,0.10000000000000021,0.23191351318359377,33.35128784179686,8696,35,3,4,10561.0,10749.0,-188.0,-1.7489999069680902,10561.0,-188.0,-1.7489999069680902
52.798283028882,approaching,True,0.015690640000000002,0.014709975,0.000980665000000002,0.000980665000000002,1.6000000000000003,1.5,0.10000000000000021,0.10000000000000021,0.23189700317382814,33.36779785156249,8704,35,3,4,10573.0,10749.0,-176.0,-1.6373616150339567,10570.0,-179.0,-1.66527118801749
52.84851773804985,approaching,True,0.015690640000000002,0.014709975,0.000980665000000002,0.000980665000000002,1.6000000000000003,1.5,0.10000000000000021,0.10000000000000021,0.23187449645996094,33.39030456542969,8709,35,3,4,10556.0,10749.0,-193.0,-1.7955158619406457,10556.666666666666,-192.33333333333334,-1.7893137346109718
52.900834624888375,approaching,True,0.015690640000000002,0.014709975,0.000980665000000002,0.000980665000000002,1.6000000000000003,1.5,0.10000000000000021,0.10000000000000021,0.23187449645996094,33.39030456542969,8714,35,3,4,10565.0,10749.0,-184.0,-1.7117871429900455,10565.0,-184.0,-1.7117871429900455
52.947777186054736,approaching,True,0.015690640000000002,0.014709975,0.000980665000000002,0.000980665000000002,1.6000000000000003,1.5,0.10000000000000021,0.10000000000000021,0.23183432006835938,33.43048095703124,8719,35,3,4,10555.0,10749.0,-194.0,-1.8048190529351567,10555.0,-194.0,-1.8048190529351567
53.01821652799845,approaching,True,0.015690640000000002,0.014709975,0.000980665000000002,0.000980665000000002,1.6000000000000003,1.5,0.10000000000000021,0.10000000000000021,0.23175393676757813,33.51086425781249,8725,35,3,4,10535.0,10749.0,-214.0,-1.9908828728253791,10543.666666666666,-205.33333333333334,-1.910255217539616
53.03401717287488,approaching,True,0.015690640000000002,0.014709975,0.000980665000000002,0.000980665000000002,1.6000000000000003,1.5,0.10000000000000021,0.10000000000000021,0.23175393676757813,33.51086425781249,8729,35,3,4,10530.0,10749.0,-219.0,-2.0373988277979347,10531.666666666666,-217.33333333333334,-2.0218935094737494
53.08149266592227,approaching,True,0.015690640000000002,0.014709975,0.000980665000000002,0.000980665000000002,1.6000000000000003,1.5,0.10000000000000021,0.10000000000000021,0.23155679321289063,33.70800781249999,8736,35,3,4,10524.0,10749.0,-225.0,-2.093217973765001,10524.0,-225.0,-2.093217973765001
53.1331308959052,approaching,True,0.015690640000000002,0.014709975,0.000980665000000002,0.000980665000000002,1.6000000000000003,1.5,0.10000000000000021,0.10000000000000021,0.23155679321289063,33.70800781249999,8746,35,3,4,10501.0,10749.0,-248.0,-2.307191366638757,10504.0,-245.0,-2.279281793655224
53.20150442793965,approaching,True,0.015690640000000002,0.014709975,0.000980665000000002,0.000980665000000002,1.6000000000000003,1.5,0.10000000000000021,0.10000000000000021,0.23144850158691407,33.816299438476555,8756,35,3,4,10501.0,10749.0,-248.0,-2.307191366638757,10501.0,-248.0,-2.307191366638757
53.247711438918486,approaching,True,0.015690640000000002,0.014709975,0.000980665000000002,0.000980665000000002,1.6000000000000003,1.5,0.10000000000000021,0.10000000000000021,0.2313210144042969,33.943786621093736,8760,35,3,4,10497.0,10749.0,-252.0,-2.3444041306168018,10495.0,-254.0,-2.363010512605824
53.29771603597328,approaching,True,0.015690640000000002,0.014709975,0.000980665000000002,0.000980665000000002,1.6000000000000003,1.5,0.10000000000000021,0.10000000000000021,0.2313210144042969,33.943786621093736,8766,35,3,4,10497.0,10749.0,-252.0,-2.3444041306168018,10497.666666666666,-251.33333333333334,-2.3382020032871274
53.34814305999316,approaching,True,0.015690640000000002,0.014709975,0.000980665000000002,0.000980665000000002,1.6000000000000003,1.5,0.10000000000000021,0.10000000000000021,0.23129522705078126,33.96957397460937,8772,35,3,4,10499.0,10749.0,-250.0,-2.3257977486277794,10499.666666666666,-249.33333333333334,-2.3195956212981055
53.417293801903725,approaching,True,0.015690640000000002,0.014709975,0.000980665000000002,0.000980665000000002,1.6000000000000003,1.5,0.10000000000000021,0.10000000000000021,0.23129086303710938,33.97393798828124,8778,35,3,4,10499.0,10749.0,-250.0,-2.3257977486277794,10497.666666666666,-251.33333333333334,-2.338202003287128
53.432143467944115,approaching,True,0.015690640000000002,0.014709975,0.000980665000000002,0.000980665000000002,1.6000000000000003,1.5,0.10000000000000021,0.10000000000000021,0.23129086303710938,33.97393798828124,8784,35,3,4,10499.0,10749.0,-250.0,-2.3257977486277794,10497.0,-252.0,-2.3444041306168018
53.481721449876204,approaching,True,0.015690640000000002,0.014709975,0.000980665000000002,0.000980665000000002,1.6000000000000003,1.5,0.10000000000000021,0.10000000000000021,0.23128900146484377,33.97579956054686,8794,35,3,4,10497.0,10749.0,-252.0,-2.3444041306168018,10497.0,-252.0,-2.3444041306168018
53.5330428739544,approaching,True,0.015690640000000002,0.014709975,0.000980665000000002,0.000980665000000002,1.6000000000000003,1.5,0.10000000000000021,0.10000000000000021,0.2312812194824219,33.983581542968736,8802,35,3,4,10491.0,10749.0,-258.0,-2.4002232765838682,10491.0,-258.0,-2.4002232765838682
53.600256389938295,approaching,True,0.015690640000000002,0.014709975,0.000980665000000002,0.000980665000000002,1.6000000000000003,1.5,0.10000000000000021,0.10000000000000021,0.23127383422851563,33.99096679687499,8812,35,3,4,10492.0,10749.0,-257.0,-2.3909200855893573,10492.0,-257.0,-2.3909200855893573
53.649475537939,approaching,True,0.015690640000000002,0.014709975,0.000980665000000002,0.000980665000000002,1.6000000000000003,1.5,0.10000000000000021,0.10000000000000021,0.23127383422851563,33.99096679687499,8818,35,3,4,10490.0,10749.0,-259.0,-2.409526467578379,10490.0,-259.0,-2.409526467578379
53.6982363560237,approaching,True,0.015690640000000002,0.014709975,0.000980665000000002,0.000980665000000002,1.6000000000000003,1.5,0.10000000000000021,0.10000000000000021,0.23126535034179688,33.99945068359375,8823,35,3,4,10500.0,10749.0,-249.0,-2.316494557633268,10498.333333333334,-250.66666666666666,-2.3319998759574534
53.75090153282508,approaching,True,0.015690640000000002,0.014709975,0.000980665000000002,0.000980665000000002,1.6000000000000003,1.5,0.10000000000000021,0.10000000000000021,0.23126535034179688,33.99945068359375,8829,35,3,4,10499.0,10749.0,-250.0,-2.3257977486277794,10499.0,-250.0,-2.3257977486277794
53.79824247886427,approaching,True,0.015690640000000002,0.014709975,0.000980665000000002,0.000980665000000002,1.6000000000000003,1.5,0.10000000000000021,0.10000000000000021,0.23126054382324218,34.004257202148445,8837,35,3,4,10495.0,10749.0,-254.0,-2.3630105126058236,10495.0,-254.0,-2.3630105126058236
53.83456890005618,approaching,True,0.015690640000000002,0.014709975,0.000980665000000002,0.000980665000000002,1.6000000000000003,1.5,0.10000000000000021,0.10000000000000021,0.23126054382324218,34.004257202148445,8844,35,3,4,10484.0,10749.0,-265.0,-2.465345613545446,10490.0,-259.0,-2.409526467578379
53.88184082694352,approaching,True,0.015690640000000002,0.014709975,0.000980665000000002,0.000980665000000002,1.6000000000000003,1.5,0.10000000000000021,0.10000000000000021,0.23125103759765625,34.013763427734375,8853,35,3,4,10484.0,10749.0,-265.0,-2.465345613545446,10486.0,-263.0,-2.4467392315564243
53.932012903969735,approaching,True,0.015690640000000002,0.014709975,0.000980665000000002,0.000980665000000002,1.6000000000000003,1.5,0.10000000000000021,0.10000000000000021,0.23124313354492188,34.02166748046875,8863,35,3,4,10458.0,10749.0,-291.0,-2.7072285794027353,10466.0,-283.0,-2.6328030514466465
53.982837380841374,approaching,True,0.015690640000000002,0.014709975,0.000980665000000002,0.000980665000000002,1.6000000000000003,1.5,0.10000000000000021,0.10000000000000021,0.23122413635253908,34.04066467285155,8873,35,3,4,10473.0,10749.0,-276.0,-2.567680714485068,10473.0,-276.0,-2.567680714485068
54.03408910287544,approaching,True,0.015690640000000002,0.014709975,0.000980665000000002,0.000980665000000002,1.6000000000000003,1.5,0.10000000000000021,0.10000000000000021,0.23113751220703124,34.12728881835939,8879,35,3,4,10464.0,10749.0,-285.0,-2.6514094334356684,10463.333333333334,-285.6666666666667,-2.6576115607653428
54.081696189939976,approaching,True,0.015690640000000002,0.014709975,0.000980665000000002,0.000980665000000002,1.6000000000000003,1.5,0.10000000000000021,0.10000000000000021,0.231107421875,34.15737915039063,8885,35,3,4,10473.0,10749.0,-276.0,-2.567680714485068,10472.666666666666,-276.3333333333333,-2.570781778149905
54.13341281586327,approaching,True,0.015690640000000002,0.014709975,0.000980665000000002,0.000980665000000002,1.6000000000000003,1.5,0.10000000000000021,0.10000000000000021,0.231107421875,34.15737915039063,8890,35,3,4,10477.0,10749.0,-272.0,-2.530467950507024,10469.0,-280.0,-2.604893478463113
54.19867045991123,approaching,True,0.015690640000000002,0.014709975,0.000980665000000002,0.000980665000000002,1.6000000000000003,1.5,0.10000000000000021,0.10000000000000021,0.23110281372070313,34.1619873046875,8898,35,3,4,10474.0,10749.0,-275.0,-2.5583775234905572,10469.333333333334,-279.6666666666667,-2.601792414798276
54.24974404089153,approaching,True,0.015690640000000002,0.014709975,0.000980665000000002,0.000980665000000002,1.6000000000000003,1.5,0.10000000000000021,0.10000000000000021,0.23111329650878906,34.15150451660157,8902,35,3,4,10470.0,10749.0,-279.0,-2.595590287468602,10471.333333333334,-277.6666666666667,-2.5831860328092535
54.299201705958694,approaching,True,0.015690640000000002,0.014709975,0.000980665000000002,0.000980665000000002,1.6000000000000003,1.5,0.10000000000000021,0.10000000000000021,0.23111329650878906,34.15150451660157,8909,35,3,4,10466.0,10749.0,-283.0,-2.632803051446646,10468.666666666666,-280.3333333333333,-2.60799454212795
54.34823726885952,approaching,True,0.015690640000000002,0.014709975,0.000980665000000002,0.000980665000000002,1.6000000000000003,1.5,0.10000000000000021,0.10000000000000021,0.23111495971679688,34.14984130859375,8914,35,3,4,10470.0,10749.0,-279.0,-2.595590287468602,10470.0,-279.0,-2.595590287468602
54.41636386583559,approaching,True,0.015690640000000002,0.014709975,0.000980665000000002,0.000980665000000002,1.6000000000000003,1.5,0.10000000000000021,0.10000000000000021,0.23110780334472658,34.15699768066405,8920,35,3,4,10472.0,10749.0,-277.0,-2.5769839054795796,10460.666666666666,-288.3333333333333,-2.6824200700840386
54.43372712098062,approaching,True,0.015690640000000002,0.014709975,0.000980665000000002,0.000980665000000002,1.6000000000000003,1.5,0.10000000000000021,0.10000000000000021,0.23110780334472658,34.15699768066405,8925,35,3,4,10465.0,10749.0,-284.0,-2.6421062424411574,10462.333333333334,-286.6666666666667,-2.6669147517598533
54.4819422760047,approaching,True,0.015690640000000002,0.014709975,0.000980665000000002,0.000980665000000002,1.6000000000000003,1.5,0.10000000000000021,0.10000000000000021,0.23110780334472658,34.15699768066405,8932,35,3,4,10467.0,10749.0,-282.0,-2.623499860452135,10467.0,-282.0,-2.623499860452135
54.53373881801963,approaching,True,0.015690640000000002,0.014709975,0.000980665000000002,0.000980665000000002,1.6000000000000003,1.5,0.10000000000000021,0.10000000000000021,0.23109072875976563,34.17407226562499,8941,35,3,4,10462.0,10749.0,-287.0,-2.6700158154246907,10463.0,-286.0,-2.6607126244301793
54.60034495592117,approaching,True,0.015690640000000002,0.014709975,0.000980665000000002,0.000980665000000002,1.6000000000000003,1.5,0.10000000000000021,0.10000000000000021,0.23108023071289063,34.18457031249999,8948,35,3,4,10460.0,10749.0,-289.0,-2.688622197413713,10459.666666666666,-289.3333333333333,-2.69172326107855
54.64928281400353,approaching,True,0.015690640000000002,0.014709975,0.000980665000000002,0.000980665000000002,1.6000000000000003,1.5,0.10000000000000021,0.10000000000000021,0.23108023071289063,34.18457031249999,8952,35,3,4,10453.0,10749.0,-296.0,-2.753744534375291,10453.0,-296.0,-2.7537445343752913
54.698662330862135,approaching,True,0.015690640000000002,0.014709975,0.000980665000000002,0.000980665000000002,1.6000000000000003,1.5,0.10000000000000021,0.10000000000000021,0.23106494140625,34.199859619140625,8958,35,3,4,10453.0,10749.0,-296.0,-2.753744534375291,10454.333333333334,-294.6666666666667,-2.7413402797159425
54.75031282193959,approaching,True,0.015690640000000002,0.014709975,0.000980665000000002,0.000980665000000002,1.6000000000000003,1.5,0.10000000000000021,0.10000000000000021,0.23104153442382813,34.2232666015625,8964,35,3,4,10452.0,10749.0,-297.0,-2.763047725369802,10452.333333333334,-296.6666666666667,-2.7599466617049644
54.81794069404714,approaching,True,0.015690640000000002,0.014709975,0.000980665000000002,0.000980665000000002,1.6000000000000003,1.5,0.10000000000000021,0.10000000000000021,0.23104153442382813,34.2232666015625,8970,35,3,4,10439.0,10749.0,-310.0,-2.883989208298446,10441.333333333334,-307.6666666666667,-2.862281762644587
54.833950554952025,approaching,True,0.015690640000000002,0.014709975,0.000980665000000002,0.000980665000000002,1.6000000000000003,1.5,0.10000000000000021,0.10000000000000021,0.230982421875,34.28237915039062,8974,35,3,4,10382.0,10749.0,-367.0,-3.41427109498558,10406.0,-343.0,-3.1909945111173132
54.8817123840563,approaching,True,0.015690640000000002,0.014709975,0.000980665000000002,0.000980665000000002,1.6000000000000003,1.5,0.10000000000000021,0.10000000000000021,0.230982421875,34.28237915039062,8980,35,3,4,10289.0,10749.0,-460.0,-4.279467857475114,10313.666666666666,-435.3333333333333,-4.0499891462771735
54.93183066393249,approaching,True,0.015690640000000002,0.014709975,0.000980665000000002,0.000980665000000002,1.6000000000000003,1.5,0.10000000000000021,0.10000000000000021,0.2306365203857422,34.62828063964843,8987,35,3,4,10271.0,10749.0,-478.0,-4.446925295376314,10271.0,-478.0,-4.446925295376314
54.99975754786283,approaching,True,0.015690640000000002,0.014709975,0.000980665000000002,0.000980665000000002,1.6000000000000003,1.5,0.10000000000000021,0.10000000000000021,0.23040377807617188,34.86102294921875,8995,35,3,4,10264.0,10749.0,-485.0,-4.512047632337892,10264.0,-485.0,-4.512047632337892
55.04814289091155,approaching,True,0.015690640000000002,0.014709975,0.000980665000000002,0.000980665000000002,1.6000000000000003,1.5,0.10000000000000021,0.10000000000000021,0.23040377807617188,34.86102294921875,8999,35,3,4,10263.0,10749.0,-486.0,-4.521350823332403,10263.0,-486.0,-4.521350823332403
55.098239104030654,approaching,True,0.015690640000000002,0.014709975,0.000980665000000002,0.000980665000000002,1.6000000000000003,1.5,0.10000000000000021,0.10000000000000021,0.23033932495117188,34.92547607421875,9005,35,3,4,10255.0,10749.0,-494.0,-4.595776351288492,10257.0,-492.0,-4.57716996929947
55.14842418394983,approaching,True,0.030400615000000002,0.014709975,0.015690640000000002,0.015690640000000002,3.1,1.5,1.6000000000000003,1.6000000000000003,0.23033932495117188,34.92547607421875,9010,35,3,4,10251.0,10749.0,-498.0,-4.632989115266536,10252.0,-497.0,-4.623685924272025
55.2154837239068,approaching,True,0.030400615000000002,0.014709975,0.015690640000000002,0.015690640000000002,3.1,1.5,1.6000000000000003,1.6000000000000003,0.2303116912841797,34.95310974121094,9016,35,3,4,10247.0,10749.0,-502.0,-4.670201879244581,10247.0,-502.0,-4.670201879244581
55.234172474825755,approaching,True,0.030400615000000002,0.014709975,0.015690640000000002,0.015690640000000002,3.1,1.5,1.6000000000000003,1.6000000000000003,0.2303116912841797,34.95310974121094,9020,35,3,4,10247.0,10749.0,-502.0,-4.670201879244581,10249.333333333334,-499.6666666666667,-4.648494433590721
55.281909513054416,approaching,True,0.051975244999999996,0.014709975,0.037265269999999996,0.037265269999999996,5.3,1.5,3.7999999999999994,3.7999999999999994,0.23029763793945313,34.9671630859375,9028,35,3,4,10244.0,10749.0,-505.0,-4.698111452228114,10244.0,-505.0,-4.698111452228114
55.33167942985892,approaching,True,0.051975244999999996,0.014709975,0.037265269999999996,0.037265269999999996,5.3,1.5,3.7999999999999994,3.7999999999999994,0.23027891540527345,34.98588562011717,9032,35,3,4,10238.0,10749.0,-511.0,-4.753930598195181,10238.0,-511.0,-4.753930598195181
55.400307087926194,approaching,True,0.060801230000000005,0.014709975,0.046091255000000005,0.046091255000000005,6.2,1.5,4.7,4.7,0.23027891540527345,34.98588562011717,9040,35,3,4,10230.0,10749.0,-519.0,-4.82835612615127,10231.0,-518.0,-4.819052935156759
55.447797963861376,approaching,True,0.060801230000000005,0.014709975,0.046091255000000005,0.046091255000000005,6.2,1.5,4.7,4.7,0.23025894165039062,35.005859375,9044,35,3,4,10222.0,10749.0,-527.0,-4.9027816541073586,10222.0,-527.0,-4.9027816541073586
55.49846295104362,approaching,True,0.060801230000000005,0.014709975,0.046091255000000005,0.046091255000000005,6.2,1.5,4.7,4.7,0.23022817993164063,35.03662109375,9050,35,3,4,10214.0,10749.0,-535.0,-4.977207182063448,10222.0,-527.0,-4.9027816541073586
55.54800922702998,approaching,True,0.07943386499999999,0.014709975,0.06472388999999999,0.06472388999999999,8.1,1.5,6.599999999999999,6.599999999999999,0.23022817993164063,35.03662109375,9056,35,3,4,10188.0,10749.0,-561.0,-5.2190901479207366,10196.0,-553.0,-5.144664619964648
55.600172981852666,approaching,True,0.07943386499999999,0.014709975,0.06472388999999999,0.06472388999999999,8.1,1.5,6.599999999999999,6.599999999999999,0.2301293487548828,35.13545227050782,9064,35,3,4,10213.0,10749.0,-536.0,-4.986510373057959,10202.333333333334,-546.6666666666666,-5.085744410332744
55.64770724484697,approaching,True,0.15102241,0.014709975,0.136312435,0.136312435,15.399999999999999,1.5,13.9,13.9,0.2301293487548828,35.13545227050782,9068,35,3,4,10223.0,10749.0,-526.0,-4.893478463112848,10219.666666666666,-529.3333333333334,-4.924489099761218
55.69824478100054,approaching,True,0.15102241,0.014709975,0.136312435,0.136312435,15.399999999999999,1.5,13.9,13.9,0.22995655822753908,35.308242797851555,9073,35,3,4,10248.0,10749.0,-501.0,-4.66089868825007,10244.0,-505.0,-4.698111452228114
55.74824565788731,approaching,True,0.15102241,0.014709975,0.136312435,0.136312435,15.399999999999999,1.5,13.9,13.9,0.22986422729492187,35.40057373046876,9079,35,3,4,10268.0,10749.0,-481.0,-4.474834868359848,10268.0,-481.0,-4.474834868359848
55.81778793386184,approaching,True,0.8208166050000001,0.014709975,0.80610663,0.80610663,83.7,1.5,82.2,82.2,0.22986422729492187,35.40057373046876,9086,35,3,4,10280.0,10749.0,-469.0,-4.363196576425714,10278.333333333334,-470.6666666666667,-4.378701894749899
55.832101962994784,approaching,True,0.8208166050000001,0.014709975,0.80610663,0.80610663,83.7,1.5,82.2,82.2,0.22986422729492187,35.40057373046876,9089,35,3,4,10279.0,10749.0,-470.0,-4.3724997674202255,10279.333333333334,-469.6666666666667,-4.369398703755388
55.88264858699404,approaching,True,0.8208166050000001,0.014709975,0.80610663,0.80610663,83.7,1.5,82.2,82.2,0.22984080505371093,35.423995971679695,9098,35,3,4,10292.0,10749.0,-457.0,-4.251558284491581,10292.0,-457.0,-4.251558284491581
55.93317446904257,approaching,True,1.7995202750000001,0.014709975,1.7848103000000002,1.7848103000000002,183.5,1.5,182.00000000000003,182.00000000000003,0.2298267822265625,35.43801879882813,9108,35,3,4,10326.0,10749.0,-423.0,-3.9352497906782027,10320.0,-429.0,-3.9910689366452696
55.99819938885048,approaching,True,1.7995202750000001,0.014709975,1.7848103000000002,1.7848103000000002,183.5,1.5,182.00000000000003,182.00000000000003,0.22980586242675782,35.458938598632805,9118,35,3,4,10343.0,10749.0,-406.0,-3.7770955437715137,10343.0,-406.0,-3.7770955437715137
56.04816812486388,approaching,True,2.12215906,0.014709975,2.107449085,2.107449085,216.4,1.5,214.89999999999998,214.89999999999998,0.22980586242675782,35.458938598632805,9121,35,3,4,10357.0,10749.0,-392.0,-3.646850869848358,10352.333333333334,-396.6666666666667,-3.6902657611560765
56.1018463189248,approaching,True,2.12215906,0.014709975,2.107449085,2.107449085,216.4,1.5,214.89999999999998,214.89999999999998,0.2297577819824219,35.50701904296874,9127,35,3,4,10422.0,10749.0,-327.0,-3.042143455205135,10405.333333333334,-343.6666666666667,-3.197196638446987
56.13216193090193,approaching,True,2.12215906,0.014709975,2.107449085,2.107449085,216.4,1.5,214.89999999999998,214.89999999999998,0.2297577819824219,35.50701904296874,9135,35,3,4,10520.0,10749.0,-229.0,-2.130430737743046,10504.0,-245.0,-2.279281793655224
56.19992194091901,approaching,True,2.5438450099999996,0.014709975,2.5291350349999995,2.5291350349999995,259.4,1.5,257.8999999999999,257.8999999999999,0.22960646057128906,35.65834045410157,9145,35,3,4,10548.0,10749.0,-201.0,-1.8699413898967345,10541.666666666666,-207.33333333333334,-1.928861599528638
56.2498207509052,approaching,True,2.5438450099999996,0.014709975,2.5291350349999995,2.5291350349999995,259.4,1.5,257.8999999999999,257.8999999999999,0.22960646057128906,35.65834045410157,9149,35,3,4,10563.0,10749.0,-186.0,-1.7303935249790678,10558.0,-191.0,-1.7769094799516234
56.28431197605096,approaching,True,3.168528615,0.014709975,3.15381864,3.15381864,323.1,1.5,321.59999999999997,321.59999999999997,0.2295605926513672,35.70420837402344,9158,35,3,4,10578.0,10749.0,-171.0,-1.5908456600614012,10578.0,-171.0,-1.5908456600614012
56.33213514089584,approaching,True,3.168528615,0.014709975,3.15381864,3.15381864,323.1,1.5,321.59999999999997,321.59999999999997,0.2295516357421875,35.71316528320312,9168,35,3,4,10582.0,10749.0,-167.0,-1.5536328960833565,10582.0,-167.0,-1.5536328960833565
56.38378010503948,approaching,True,3.168528615,0.014709975,3.15381864,3.15381864,323.1,1.5,321.59999999999997,321.59999999999997,0.22954196166992188,35.72283935546874,9178,35,3,4,10593.0,10749.0,-156.0,-1.4512977951437342,10595.0,-154.0,-1.4326914131547122
56.43240132997744,approaching,True,4.174690905,0.014709975,4.159980930000001,4.159980930000001,425.70000000000005,1.5,424.20000000000005,424.20000000000005,0.22954196166992188,35.72283935546874,9183,35,3,4,10594.0,10749.0,-155.0,-1.441994604149223,10594.0,-155.0,-1.441994604149223
56.48158163786866,approaching,True,4.174690905,0.014709975,4.159980930000001,4.159980930000001,425.70000000000005,1.5,424.20000000000005,424.20000000000005,0.22953668212890627,35.72811889648436,9188,35,3,4,10605.0,10749.0,-144.0,-1.3396595032096008,10602.666666666666,-146.33333333333334,-1.36136694886346
56.531782920937985,approaching,True,4.47379373,0.014709975,4.459083755,4.459083755,456.2,1.5,454.7,454.7,0.22953668212890627,35.72811889648436,9194,35,3,4,10618.0,10749.0,-131.0,-1.2187180202809564,10613.333333333334,-135.66666666666666,-1.262132911588675
56.60016217804514,approaching,True,4.47379373,0.014709975,4.459083755,4.459083755,456.2,1.5,454.7,454.7,0.229528076171875,35.73672485351562,9202,35,3,4,10613.0,10749.0,-136.0,-1.265233975253512,10612.666666666666,-136.33333333333334,-1.268335038918349
56.648022945038974,approaching,True,4.47379373,0.014709975,4.459083755,4.459083755,456.2,1.5,454.7,454.7,0.22952716064453124,35.73764038085939,9206,35,3,4,10621.0,10749.0,-128.0,-1.190808447297423,10615.666666666666,-133.33333333333334,-1.2404254659348155
56.69832441699691,approaching,True,4.57578289,0.014709975,4.5610729150000004,4.5610729150000004,466.6,1.5,465.1,465.1,0.22952716064453124,35.73764038085939,9213,35,3,4,10615.0,10749.0,-134.0,-1.2466275932644897,10616.0,-133.0,-1.2373244022699785
56.74770775786601,approaching,True,4.57578289,0.014709975,4.5610729150000004,4.5610729150000004,466.6,1.5,465.1,465.1,0.2295281524658203,35.73664855957032,9217,35,3,4,10629.0,10749.0,-120.0,-1.1163829193413342,10627.0,-122.0,-1.1349893013303562
56.81839754804969,approaching,True,4.57578289,0.014709975,4.5610729150000004,4.5610729150000004,466.6,1.5,465.1,465.1,0.22951644897460938,35.74835205078125,9222,35,3,4,10649.0,10749.0,-100.0,-0.9303190994511117,10645.333333333334,-103.66666666666667,-0.9644307997643192
56.83184654288925,approaching,True,4.590492865,0.014709975,4.57578289,4.57578289,468.09999999999997,1.5,466.6,466.6,0.22951644897460938,35.74835205078125,9228,35,3,4,10830.0,10749.0,81.0,0.7535584705554005,10830.0,81.0,0.7535584705554005
56.88162451284006,approaching,True,4.590492865,0.014709975,4.57578289,4.57578289,468.09999999999997,1.5,466.6,466.6,0.22940115356445312,35.86364746093751,9237,35,3,4,10867.0,10749.0,118.0,1.0977765373523118,10867.0,118.0,1.0977765373523118
56.93343455786817,approaching,True,4.85625308,0.014709975,4.841543105,4.841543105,495.2,1.5,493.70000000000005,493.70000000000005,0.22935557556152344,35.90922546386718,9246,35,3,4,10875.0,10749.0,126.0,1.1722020653084009,10875.0,126.0,1.1722020653084009
56.999924873933196,approaching,True,4.85625308,0.014709975,4.841543105,4.841543105,495.2,1.5,493.70000000000005,493.70000000000005,0.22933114624023437,35.93365478515626,9257,35,3,4,10917.0,10749.0,168.0,1.5629360870778677,10910.0,161.0,1.4978137501162898
57.05054407287389,approaching,True,4.85625308,0.014709975,4.841543105,4.841543105,495.2,1.5,493.70000000000005,493.70000000000005,0.22933114624023437,35.93365478515626,9260,35,3,4,10929.0,10749.0,180.0,1.6745743790120011,10921.0,172.0,1.600148851055912
57.08160133683123,approaching,True,6.041877065,0.014709975,6.027167090000001,6.027167090000001,616.1,1.5,614.6,614.6,0.2293045349121094,35.960266113281236,9267,35,3,4,10963.0,10749.0,214.0,1.9908828728253791,10958.666666666666,209.66666666666666,1.9505690451824975
57.132779804989696,approaching,True,6.041877065,0.014709975,6.027167090000001,6.027167090000001,616.1,1.5,614.6,614.6,0.2292783203125,35.986480712890625,9277,35,3,4,11018.0,10749.0,269.0,2.5025583775234908,11018.0,269.0,2.5025583775234908
57.19782272703014,approaching,True,6.80973776,0.014709975,6.795027785,6.795027785,694.4,1.5,692.9,692.9,0.22924673461914064,36.01806640624999,9287,35,3,4,11099.0,10749.0,350.0,3.256116848078891,11099.0,350.0,3.256116848078891
57.23263937304728,approaching,True,6.80973776,0.014709975,6.795027785,6.795027785,694.4,1.5,692.9,692.9,0.22924673461914064,36.01806640624999,9292,35,3,4,11122.0,10749.0,373.0,3.4700902409526466,11117.0,368.0,3.423574285980091
57.28160138684325,approaching,True,7.88258527,0.014709975,7.867875295,7.867875295,803.8,1.5,802.3,802.3,0.22914013671875,36.12466430664063,9299,35,3,4,11143.0,10749.0,394.0,3.6654572518373802,11141.666666666666,392.6666666666667,3.653052997178032
57.33193721296266,approaching,True,7.88258527,0.014709975,7.867875295,7.867875295,803.8,1.5,802.3,802.3,0.22913009643554688,36.13470458984375,9309,35,3,4,11148.0,10749.0,399.0,3.711973206809936,11148.333333333334,399.3333333333333,3.715074270474773
57.38365974393673,approaching,True,7.88258527,0.014709975,7.867875295,7.867875295,803.8,1.5,802.3,802.3,0.22912582397460937,36.13897705078126,9318,35,3,4,11159.0,10749.0,410.0,3.8143083077495583,11159.333333333334,410.3333333333333,3.8174093714143953
57.43266067095101,approaching,True,8.6494653,0.014709975,8.634755324999999,8.634755324999999,881.9999999999999,1.5,880.4999999999999,880.4999999999999,0.22912062072753905,36.14418029785158,9325,35,3,4,11172.0,10749.0,423.0,3.9352497906782027,11168.0,419.0,3.8980370267001576
57.48196440585889,approaching,True,8.6494653,0.014709975,8.634755324999999,8.634755324999999,881.9999999999999,1.5,880.4999999999999,880.4999999999999,0.22912062072753905,36.14418029785158,9332,35,3,4,11186.0,10749.0,437.0,4.065494464601358,11183.333333333334,434.3333333333333,4.040685955282662
57.533624223899096,approaching,True,9.089783885,0.014709975,9.075073909999999,9.075073909999999,926.8999999999999,1.5,925.3999999999999,925.3999999999999,0.22911282348632814,36.15197753906249,9338,35,3,4,11196.0,10749.0,447.0,4.15852637454647,11196.0,447.0,4.15852637454647
57.597792910877615,approaching,True,9.089783885,0.014709975,9.075073909999999,9.075073909999999,926.8999999999999,1.5,925.3999999999999,925.3999999999999,0.22908966064453126,36.17514038085937,9346,35,3,4,11217.0,10749.0,468.0,4.353893385431203,11215.0,466.0,4.335287003442181
57.65119881182909,approaching,True,9.089783885,0.014709975,9.075073909999999,9.075073909999999,926.8999999999999,1.5,925.3999999999999,925.3999999999999,0.22908966064453126,36.17514038085937,9348,35,3,4,11217.0,10749.0,468.0,4.353893385431203,11217.0,468.0,4.353893385431203
57.69993379805237,approaching,True,9.356524765,0.014709975,9.341814789999999,9.341814789999999,954.0999999999999,1.5,952.5999999999999,952.5999999999999,0.22906794738769531,36.19685363769531,9354,35,3,4,11233.0,10749.0,484.0,4.50274444134338,11233.0,484.0,4.50274444134338
57.74787003803067,approaching,True,9.356524765,0.014709975,9.341814789999999,9.341814789999999,954.0999999999999,1.5,952.5999999999999,952.5999999999999,0.22906794738769531,36.19685363769531,9360,35,3,4,11254.0,10749.0,505.0,4.698111452228114,11248.666666666666,499.6666666666667,4.648494433590721
57.81649596290663,approaching,True,9.356524765,0.014709975,9.341814789999999,9.341814789999999,954.0999999999999,1.5,952.5999999999999,952.5999999999999,0.22905369567871095,36.21110534667968,9366,35,3,4,11266.0,10749.0,517.0,4.809749744162247,11258.666666666666,509.6666666666667,4.741526343535832
57.83517245994881,approaching,True,9.62032365,0.014709975,9.605613674999999,9.605613674999999,981.0,1.5,979.4999999999999,979.4999999999999,0.22903173828125,36.23306274414062,9371,35,3,4,11291.0,10749.0,542.0,5.042329519025025,11285.666666666666,536.6666666666666,4.992712500387633
57.8834065659903,approaching,True,9.62032365,0.014709975,9.605613674999999,9.605613674999999,981.0,1.5,979.4999999999999,979.4999999999999,0.22903173828125,36.23306274414062,9379,35,3,4,11330.0,10749.0,581.0,5.405153967810959,11321.333333333334,572.3333333333334,5.3245263125251965
57.9320545529481,approaching,True,10.102810830000001,0.014709975,10.088100855,10.088100855,1030.2,1.5,1028.7,1028.7,0.22898916625976562,36.27563476562501,9388,35,3,4,11360.0,10749.0,611.0,5.684249697646293,11360.0,611.0,5.684249697646293
57.99784515588544,approaching,True,10.102810830000001,0.014709975,10.088100855,10.088100855,1030.2,1.5,1028.7,1028.7,0.22894822692871095,36.31657409667968,9397,35,3,4,11394.0,10749.0,645.0,6.000558191459671,11394.0,645.0,6.000558191459671
58.04832170996815,approaching,True,10.102810830000001,0.014709975,10.088100855,10.088100855,1030.2,1.5,1028.7,1028.7,0.22894822692871095,36.31657409667968,9400,35,3,4,11406.0,10749.0,657.0,6.112196483393804,11406.0,657.0,6.112196483393805
58.09954246995039,approaching,True,10.943240735000002,0.014709975,10.928530760000001,10.928530760000001,1115.9,1.5,1114.4,1114.4,0.22887789916992188,36.38690185546875,9406,35,3,4,11437.0,10749.0,688.0,6.400595404223648,11428.333333333334,679.3333333333334,6.319967748937885
58.15163487684913,approaching,True,10.943240735000002,0.014709975,10.928530760000001,10.928530760000001,1115.9,1.5,1114.4,1114.4,0.22887789916992188,36.38690185546875,9412,35,3,4,11447.0,10749.0,698.0,6.4936273141687595,11443.666666666666,694.6666666666666,6.46261667752039
58.21683928486891,approaching,True,11.7091401,0.014709975,11.694430125,11.694430125,1194.0,1.5,1192.5,1192.5,0.22885638427734376,36.408416748046875,9418,35,3,4,11461.0,10749.0,712.0,6.623871988091915,11459.0,710.0,6.6052656061028925
58.233245447976515,approaching,True,11.7091401,0.014709975,11.694430125,11.694430125,1194.0,1.5,1192.5,1192.5,0.22885638427734376,36.408416748046875,9424,35,3,4,11530.0,10749.0,781.0,7.265792166713183,11531.666666666666,782.6666666666666,7.281297485037368
58.28191377897747,approaching,True,11.7091401,0.014709975,11.694430125,11.694430125,1194.0,1.5,1192.5,1192.5,0.22878146362304688,36.48333740234374,9431,35,3,4,11555.0,10749.0,806.0,7.498371941575961,11555.0,806.0,7.498371941575961
58.33299361192621,approaching,True,12.371088975,0.014709975,12.356378999999999,12.356378999999999,1261.5,1.5,1259.9999999999998,1259.9999999999998,0.22876434326171877,36.50045776367186,9438,35,3,4,11566.0,10749.0,817.0,7.600707042515583,11566.0,817.0,7.600707042515583
58.40054736984894,approaching,True,12.371088975,0.014709975,12.356378999999999,12.356378999999999,1261.5,1.5,1259.9999999999998,1259.9999999999998,0.22876434326171877,36.50045776367186,9447,35,3,4,11575.0,10749.0,826.0,7.684435761466183,11571.666666666666,822.6666666666666,7.6534251248178125
58.44908892083913,approaching,True,13.363521955000001,0.014709975,13.34881198,13.34881198,1362.7,1.5,1361.2,1361.2,0.22875404357910156,36.51075744628906,9451,35,3,4,11576.0,10749.0,827.0,7.693738952460694,11575.666666666666,826.6666666666666,7.690637888795858
58.498060640878975,approaching,True,13.363521955000001,0.014709975,13.34881198,13.34881198,1362.7,1.5,1361.2,1361.2,0.22874644470214844,36.51835632324219,9456,35,3,4,11581.0,10749.0,832.0,7.74025490743325,11580.666666666666,831.6666666666666,7.7371538437684135
58.547844466986135,approaching,True,13.363521955000001,0.014709975,13.34881198,13.34881198,1362.7,1.5,1361.2,1361.2,0.22874644470214844,36.51835632324219,9462,35,3,4,11588.0,10749.0,839.0,7.805377244394827,11588.0,839.0,7.805377244394827
58.61585257295519,approaching,True,13.998992875,0.014709975,13.9842829,13.9842829,1427.5,1.5,1426.0,1426.0,0.22873802185058595,36.52677917480468,9468,35,3,4,11593.0,10749.0,844.0,7.851893199367383,11593.0,844.0,7.851893199367383
58.63200366287492,approaching,True,13.998992875,0.014709975,13.9842829,13.9842829,1427.5,1.5,1426.0,1426.0,0.22873802185058595,36.52677917480468,9473,35,3,4,11609.0,10749.0,860.0,8.00074425527956,11603.0,854.0,7.944925109312494
58.68207223294303,approaching,True,14.144131295,0.014709975,14.129421319999999,14.129421319999999,1442.3,1.5,1440.8,1440.8,0.22872496032714845,36.53984069824217,9481,35,3,4,11606.0,10749.0,857.0,7.972834682296027,11605.333333333334,856.3333333333334,7.9666325549663535
58.73333243187517,approaching,True,14.144131295,0.014709975,14.129421319999999,14.129421319999999,1442.3,1.5,1440.8,1440.8,0.22872496032714845,36.53984069824217,9488,35,3,4,11615.0,10749.0,866.0,8.056563401246628,11613.0,864.0,8.037957019257606
58.798234215937555,approaching,True,14.34320629,0.014709975,14.328496314999999,14.328496314999999,1462.6,1.5,1461.1,1461.1,0.22872332763671877,36.54147338867186,9498,35,3,4,11618.0,10749.0,869.0,8.084472974230161,11618.0,869.0,8.084472974230161
58.849591268924996,approaching,True,14.34320629,0.014709975,14.328496314999999,14.328496314999999,1462.6,1.5,1461.1,1461.1,0.2287237548828125,36.54104614257814,9503,35,3,4,11615.0,10749.0,866.0,8.056563401246628,11616.333333333334,867.3333333333334,8.068967655905976
58.900114428950474,approaching,True,14.34320629,0.014709975,14.328496314999999,14.328496314999999,1462.6,1.5,1461.1,1461.1,0.2287237548828125,36.54104614257814,9508,35,3,4,11627.0,10749.0,878.0,8.16820169318076,11620.333333333334,871.3333333333334,8.10618041988402
58.9493714759592,approaching,True,14.392239539999998,0.014709975,14.377529564999998,14.377529564999998,1467.6,1.5,1466.0999999999997,1466.0999999999997,0.22872079467773437,36.54400634765626,9515,35,3,4,11625.0,10749.0,876.0,8.149595311191739,11625.0,876.0,8.149595311191739
59.01618556003086,approaching,True,14.392239539999998,0.014709975,14.377529564999998,14.377529564999998,1467.6,1.5,1466.0999999999997,1466.0999999999997,0.22871971130371094,36.54508972167969,9520,35,3,4,11631.0,10749.0,882.0,8.205414457158806,11630.666666666666,881.6666666666666,8.202313393493968
59.03365254797973,approaching,True,14.392239539999998,0.014709975,14.377529564999998,14.377529564999998,1467.6,1.5,1466.0999999999997,1466.0999999999997,0.22871971130371094,36.54508972167969,9525,35,3,4,11641.0,10749.0,892.0,8.298446367103917,11638.333333333334,889.3333333333334,8.27363785778522
59.08196321199648,approaching,True,14.397142865,0.014709975,14.382432889999999,14.382432889999999,1468.1,1.5,1466.6,1466.6,0.2287099609375,36.55484008789062,9532,35,3,4,11644.0,10749.0,895.0,8.32635594008745,11642.333333333334,893.3333333333334,8.310850621763263
59.133347912924364,approaching,True,14.397142865,0.014709975,14.382432889999999,14.382432889999999,1468.1,1.5,1466.6,1466.6,0.2287099609375,36.55484008789062,9536,35,3,4,11649.0,10749.0,900.0,8.372871895060005,11649.0,900.0,8.372871895060005
59.20110195595771,approaching,True,14.467750745,0.014709975,14.45304077,14.45304077,1475.3,1.5,1473.8,1473.8,0.22869970703125,36.565093994140625,9542,35,3,4,11654.0,10749.0,905.0,8.41938785003256,11650.666666666666,901.6666666666666,8.38837721338419
59.23217084584758,approaching,True,14.467750745,0.014709975,14.45304077,14.45304077,1475.3,1.5,1473.8,1473.8,0.22869970703125,36.565093994140625,9547,35,3,4,11665.0,10749.0,916.0,8.521722950972183,11665.0,916.0,8.521722950972183
59.281710817012936,approaching,True,14.616811825000001,0.014709975,14.60210185,14.60210185,1490.5,1.5,1489.0,1489.0,0.22868768310546875,36.57711791992188,9558,35,3,4,11681.0,10749.0,932.0,8.670574006884362,11677.0,928.0,8.633361242906316
59.331600490026176,approaching,True,14.616811825000001,0.014709975,14.60210185,14.60210185,1490.5,1.5,1489.0,1489.0,0.2286795654296875,36.58523559570312,9568,35,3,4,11687.0,10749.0,938.0,8.726393152851427,11687.0,938.0,8.726393152851427
59.3983191458974,approaching,True,14.616811825000001,0.014709975,14.60210185,14.60210185,1490.5,1.5,1489.0,1489.0,0.22866778564453125,36.59701538085938,9577,35,3,4,11695.0,10749.0,946.0,8.800818680807517,11695.0,946.0,8.800818680807517
59.44793181982823,approaching,True,14.94337327,0.014709975,14.928663295,14.928663295,1523.8,1.5,1522.3,1522.3,0.2286460876464844,36.618713378906236,9581,35,3,4,11708.0,10749.0,959.0,8.921760163736161,11708.0,959.0,8.921760163736161
59.49853425496258,approaching,True,14.94337327,0.014709975,14.928663295,14.928663295,1523.8,1.5,1522.3,1522.3,0.2286460876464844,36.618713378906236,9588,35,3,4,11846.0,10749.0,1097.0,10.205600520978695,11835.666666666666,1086.6666666666667,10.109467547368748
59.54921244690195,approaching,True,15.371923875,0.014709975,15.3572139,15.3572139,1567.5,1.5,1566.0,1566.0,0.22846380615234377,36.80099487304686,9593,35,3,4,11910.0,10749.0,1161.0,10.801004744627408,11897.666666666666,1148.6666666666667,10.686265389028437
59.59980303491466,approaching,True,15.371923875,0.014709975,15.3572139,15.3572139,1567.5,1.5,1566.0,1566.0,0.22832704162597656,36.93775939941407,9602,35,3,4,11968.0,10749.0,1219.0,11.340589822309052,11964.0,1215.0,11.303377058331009
59.64821272599511,approaching,True,15.371923875,0.014709975,15.3572139,15.3572139,1567.5,1.5,1566.0,1566.0,0.22832704162597656,36.93775939941407,9606,35,3,4,11981.0,10749.0,1232.0,11.461531305237697,11976.666666666666,1227.6666666666667,11.421217477594816
59.68371659796685,approaching,True,17.93047886,0.014709975,17.915768885000002,17.915768885000002,1828.4,1.5,1826.9,1826.9,0.22825860595703126,37.00619506835937,9611,35,3,4,12006.0,10749.0,1257.0,11.694111080100475,12003.666666666666,1254.6666666666667,11.672403634446615
59.73357091494836,approaching,True,17.93047886,0.014709975,17.915768885000002,17.915768885000002,1828.4,1.5,1826.9,1826.9,0.22825860595703126,37.00619506835937,9618,35,3,4,12020.0,10749.0,1271.0,11.82435575402363,12020.0,1271.0,11.82435575402363
59.799879600992426,approaching,True,17.93047886,0.014709975,17.915768885000002,17.915768885000002,1828.4,1.5,1826.9,1826.9,0.22824496459960938,37.01983642578124,9623,35,3,4,12036.0,10749.0,1287.0,11.973206809935808,12028.666666666666,1279.6666666666667,11.904983409309393
59.83180216397159,approaching,True,20.40175466,0.014709975,20.387044685000003,20.387044685000003,2080.4,1.5,2078.9,2078.9,0.22824496459960938,37.01983642578124,9627,35,3,4,12050.0,10749.0,1301.0,12.103451483858963,12045.333333333334,1296.3333333333333,12.060036592551244
59.88199083902873,contact_hold,True,20.40175466,0.014709975,20.387044685000003,20.387044685000003,2080.4,1.5,2078.9,2078.9,0.22822451782226563,37.04028320312499,9635,35,3,4,12083.0,10749.0,1334.0,12.41045678667783,12078.666666666666,1329.6666666666667,12.37014295903495
59.93339061900042,contact_hold,True,21.497157465,0.014709975,21.482447490000002,21.482447490000002,2192.1,1.5,2190.6000000000004,2190.6000000000004,0.22815106201171875,37.113739013671875,9639,35,3,4,12098.0,10749.0,1349.0,12.550004651595497,12093.0,1344.0,12.503488696622943
60.001009457046166,contact_hold,True,21.497157465,0.014709975,21.482447490000002,21.482447490000002,2192.1,1.5,2190.6000000000004,2190.6000000000004,0.22815106201171875,37.113739013671875,9647,35,3,4,12136.0,10749.0,1387.0,12.90352590938692,12132.0,1383.0,12.866313145408876
60.04796978505328,contact_hold,True,21.497157465,0.014709975,21.482447490000002,21.482447490000002,2192.1,1.5,2190.6000000000004,2190.6000000000004,0.22807116699218752,37.19363403320311,9650,35,3,4,12150.0,10749.0,1401.0,13.033770583310075,12144.666666666666,1395.6666666666667,12.984153564672683
60.09928454598412,contact_hold,True,22.79653859,0.014709975,22.781828615000002,22.781828615000002,2324.6,1.5,2323.1000000000004,2323.1000000000004,0.22805050659179688,37.21429443359375,9655,35,3,4,12155.0,10749.0,1406.0,13.08028653828263,12154.333333333334,1405.3333333333333,13.074084410952956
60.14985335804522,contact_hold,True,22.79653859,0.014709975,22.781828615000002,22.781828615000002,2324.6,1.5,2323.1000000000004,2323.1000000000004,0.22805050659179688,37.21429443359375,9661,35,3,4,12155.0,10749.0,1406.0,13.08028653828263,12153.0,1404.0,13.061680156293606
60.21591719891876,contact_hold,True,22.79653859,0.014709975,22.781828615000002,22.781828615000002,2324.6,1.5,2323.1000000000004,2323.1000000000004,0.2280468292236328,37.21797180175781,9666,35,3,4,12164.0,10749.0,1415.0,13.164015257233231,12162.0,1413.0,13.14540887524421
60.23387824301608,contact_hold,True,23.792894229999998,0.014709975,23.778184255,23.778184255,2426.2,1.5,2424.7,2424.7,0.2280468292236328,37.21797180175781,9672,35,3,4,12176.0,10749.0,1427.0,13.275653549167364,12172.666666666666,1423.6666666666667,13.244642912518993
60.283325254917145,contact_hold,True,23.792894229999998,0.014709975,23.778184255,23.778184255,2426.2,1.5,2424.7,2424.7,0.2280468292236328,37.21797180175781,9680,35,3,4,12168.0,10749.0,1419.0,13.201228021211275,12168.0,1419.0,13.201228021211273
60.33244444685988,contact_hold,True,24.478379065,0.014709975,24.46366909,24.46366909,2496.1,1.5,2494.6,2494.6,0.2280468292236328,37.21797180175781,9690,35,3,4,12184.0,10749.0,1435.0,13.350079077123453,12180.666666666666,1431.6666666666667,13.319068440475084
60.39817698486149,contact_hold,True,24.478379065,0.014709975,24.46366909,24.46366909,2496.1,1.5,2494.6,2494.6,0.2280468292236328,37.21797180175781,9699,35,3,4,12182.0,10749.0,1433.0,13.331472695134432,12178.0,1429.0,13.294259931156388
60.449874500976875,contact_hold,True,24.478379065,0.014709975,24.46366909,24.46366909,2496.1,1.5,2494.6,2494.6,0.2280468292236328,37.21797180175781,9704,35,3,4,12184.0,10749.0,1435.0,13.350079077123453,12183.333333333334,1434.3333333333333,13.34387694979378
60.49801897001453,contact_hold,True,24.4381718,0.014709975,24.423461825,24.423461825,2492.0,1.5,2490.5,2490.5,0.2280468292236328,37.21797180175781,9710,35,3,4,12186.0,10749.0,1437.0,13.368685459112475,12184.0,1435.0,13.350079077123453
60.54800125584006,contact_hold,True,24.4381718,0.014709975,24.423461825,24.423461825,2492.0,1.5,2490.5,2490.5,0.2280468292236328,37.21797180175781,9716,35,3,4,12183.0,10749.0,1434.0,13.340775886128942,12183.0,1434.0,13.340775886128943
60.61707349005155,contact_hold,True,24.4381718,0.014709975,24.423461825,24.423461825,2492.0,1.5,2490.5,2490.5,0.2280468292236328,37.21797180175781,9722,35,3,4,12189.0,10749.0,1440.0,13.396595032096009,12189.0,1440.0,13.396595032096009
60.6357481519226,contact_hold,True,24.377370570000004,0.014709975,24.362660595000005,24.362660595000005,2485.8,1.5,2484.3000000000006,2484.3000000000006,0.2280468292236328,37.21797180175781,9727,35,3,4,12187.0,10749.0,1438.0,13.377988650106987,12189.0,1440.0,13.396595032096009
60.683252235874534,contact_hold,True,24.377370570000004,0.014709975,24.362660595000005,24.362660595000005,2485.8,1.5,2484.3000000000006,2484.3000000000006,0.2280468292236328,37.21797180175781,9734,35,3,4,12185.0,10749.0,1436.0,13.359382268117965,12187.0,1438.0,13.377988650106985
60.73188470886089,contact_hold,True,24.377370570000004,0.014709975,24.362660595000005,24.362660595000005,2485.8,1.5,2484.3000000000006,2484.3000000000006,0.2280468292236328,37.21797180175781,9744,35,3,4,12194.0,10749.0,1445.0,13.443110987068565,12194.0,1445.0,13.443110987068565
60.79902876704,contact_hold,True,24.360699265,0.014709975,24.345989290000002,24.345989290000002,2484.1,1.5,2482.6000000000004,2482.6000000000004,0.2280468292236328,37.21797180175781,9751,35,3,4,12194.0,10749.0,1445.0,13.443110987068565,12191.333333333334,1442.3333333333333,13.418302477749869
60.84975810186006,contact_hold,True,24.360699265,0.014709975,24.345989290000002,24.345989290000002,2484.1,1.5,2482.6000000000004,2482.6000000000004,0.2280468292236328,37.21797180175781,9755,35,3,4,12195.0,10749.0,1446.0,13.452414178063076,12194.666666666666,1445.6666666666667,13.449313114398239
60.8995805028826,returning,True,24.333240645000004,0.014709975,24.318530670000005,24.318530670000005,2481.3,1.5,2479.8000000000006,2479.8000000000006,0.2280468292236328,37.21797180175781,9761,35,3,4,12196.0,10749.0,1447.0,13.461717369057586,12197.333333333334,1448.3333333333333,13.474121623716934
60.949162184027955,returning,True,24.333240645000004,0.014709975,24.318530670000005,24.318530670000005,2481.3,1.5,2479.8000000000006,2479.8000000000006,0.2280468292236328,37.21797180175781,9766,35,3,4,12197.0,10749.0,1448.0,13.471020560052098,12196.0,1447.0,13.461717369057586
61.01647358387709,returning,True,24.333240645000004,0.014709975,24.318530670000005,24.318530670000005,2481.3,1.5,2479.8000000000006,2479.8000000000006,0.2280468292236328,37.21797180175781,9772,35,3,4,12197.0,10749.0,1448.0,13.471020560052098,12193.666666666666,1444.6666666666667,13.440009923403728
61.035844158846885,returning,True,24.295975375,0.014709975,24.281265400000002,24.281265400000002,2477.5,1.5,2476.0,2476.0,0.2280468292236328,37.21797180175781,9779,35,3,4,12196.0,10749.0,1447.0,13.461717369057586,12196.0,1447.0,13.461717369057586
61.081560036865994,returning,True,24.295975375,0.014709975,24.281265400000002,24.281265400000002,2477.5,1.5,2476.0,2476.0,0.22804502868652343,37.219772338867195,9787,35,3,4,12197.0,10749.0,1448.0,13.471020560052098,12195.0,1446.0,13.452414178063075
61.13216461497359,returning,True,24.273420079999998,0.014709975,24.258710105,24.258710105,2475.2,1.5,2473.7,2473.7,0.22804502868652343,37.219772338867195,9797,35,3,4,12200.0,10749.0,1451.0,13.498930133035632,12200.0,1451.0,13.498930133035634
61.198035646928474,returning,True,24.273420079999998,0.014709975,24.258710105,24.258710105,2475.2,1.5,2473.7,2473.7,0.2280421905517578,37.22261047363282,9807,35,3,4,12203.0,10749.0,1454.0,13.526839706019164,12201.666666666666,1452.6666666666667,13.514435451359816
61.2485379378777,returning,True,24.273420079999998,0.014709975,24.258710105,24.258710105,2475.2,1.5,2473.7,2473.7,0.2280421905517578,37.22261047363282,9811,35,3,4,12202.0,10749.0,1453.0,13.517536515024654,12202.333333333334,1453.3333333333333,13.52063757868949
61.28323808405548,returning,True,24.303820695000002,0.014709975,24.289110720000004,24.289110720000004,2478.3,1.5,2476.8,2476.8,0.2280421905517578,37.22261047363282,9817,35,3,4,12202.0,10749.0,1453.0,13.517536515024654,12202.666666666666,1453.6666666666667,13.523738642354326
61.33317468990572,returning,True,24.303820695000002,0.014709975,24.289110720000004,24.289110720000004,2478.3,1.5,2476.8,2476.8,0.2280421905517578,37.22261047363282,9827,35,3,4,12204.0,10749.0,1455.0,13.536142897013676,12203.0,1454.0,13.526839706019166
61.398278329055756,returning,True,24.303820695000002,0.014709975,24.289110720000004,24.289110720000004,2478.3,1.5,2476.8,2476.8,0.2280411376953125,37.223663330078125,9836,35,3,4,12201.0,10749.0,1452.0,13.508233324030142,12201.0,1452.0,13.508233324030142
61.433631506050006,returning,True,24.347950620000002,0.014709975,24.333240645000004,24.333240645000004,2482.8,1.5,2481.3,2481.3,0.22804296875,37.22183227539064,9841,35,3,4,12200.0,10749.0,1451.0,13.498930133035632,12204.666666666666,1455.6666666666667,13.54234502434335
61.481526316842064,returning,True,24.347950620000002,0.014709975,24.333240645000004,24.333240645000004,2482.8,1.5,2481.3,2481.3,0.22804296875,37.22183227539064,9852,35,3,4,12202.0,10749.0,1453.0,13.517536515024654,12205.333333333334,1456.3333333333333,13.548547151673025
61.53182098688558,returning,True,24.347950620000002,0.014709975,24.333240645000004,24.333240645000004,2482.8,1.5,2481.3,2481.3,0.2280408935546875,37.22390747070312,9862,35,3,4,12201.0,10749.0,1452.0,13.508233324030142,12203.333333333334,1454.3333333333333,13.529940769684002
61.58270285697654,returning,True,24.337163304999997,0.014709975,24.32245333,24.32245333,2481.7,1.5,2480.2,2480.2,0.22803878784179688,37.22601318359375,9871,35,3,4,12212.0,10749.0,1463.0,13.610568424969765,12210.333333333334,1461.3333333333333,13.595063106645581
61.63200203189626,returning,True,24.337163304999997,0.014709975,24.32245333,24.32245333,2481.7,1.5,2480.2,2480.2,0.22803567504882813,37.2291259765625,9878,35,3,4,12202.0,10749.0,1453.0,13.517536515024654,12201.666666666666,1452.6666666666667,13.514435451359816
61.68239985103719,returning,True,24.35383461,0.014709975,24.339124635,24.339124635,2483.4,1.5,2481.9,2481.9,0.22802810668945314,37.236694335937486,9883,35,3,4,12214.0,10749.0,1465.0,13.629174806958787,12210.666666666666,1461.6666666666667,13.598164170310417
61.73330079088919,returning,True,24.35383461,0.014709975,24.339124635,24.339124635,2483.4,1.5,2481.9,2481.9,0.22802810668945314,37.236694335937486,9892,35,3,4,12211.0,10749.0,1462.0,13.601265233975253,12211.0,1462.0,13.601265233975253
61.798372267978266,returning,True,24.35383461,0.014709975,24.339124635,24.339124635,2483.4,1.5,2481.9,2481.9,0.22801123046875,37.25357055664064,9901,35,3,4,12218.0,10749.0,1469.0,13.66638757093683,12220.666666666666,1471.6666666666667,13.691196080255528
61.84978906484321,returning,True,24.51466367,0.014709975,24.499953695000002,24.499953695000002,2499.8,1.5,2498.3,2498.3,0.22799644470214844,37.26835632324219,9905,35,3,4,12222.0,10749.0,1473.0,13.703600334914876,12220.666666666666,1471.6666666666667,13.691196080255528
61.897949340054765,returning,True,24.51466367,0.014709975,24.499953695000002,24.499953695000002,2499.8,1.5,2498.3,2498.3,0.22799644470214844,37.26835632324219,9910,35,3,4,12223.0,10749.0,1474.0,13.712903525909386,12221.666666666666,1472.6666666666667,13.700499271250038
61.95004556700587,returning,True,24.51466367,0.014709975,24.499953695000002,24.499953695000002,2499.8,1.5,2498.3,2498.3,0.22798291015625,37.28189086914063,9917,35,3,4,12226.0,10749.0,1477.0,13.74081309889292,12227.333333333334,1478.3333333333333,13.753217353552268
62.01696837693453,returning,True,24.834360460000003,0.014709975,24.819650485000004,24.819650485000004,2532.4,1.5,2530.9000000000005,2530.9000000000005,0.22797576904296876,37.28903198242187,9922,35,3,4,12223.0,10749.0,1474.0,13.712903525909386,12225.0,1476.0,13.731509907898408
62.03209215402603,returning,True,24.834360460000003,0.014709975,24.819650485000004,24.819650485000004,2532.4,1.5,2530.9000000000005,2530.9000000000005,0.22797576904296876,37.28903198242187,9929,35,3,4,12235.0,10749.0,1486.0,13.82454181784352,12233.666666666666,1484.6666666666667,13.812137563184171
62.083306789863855,returning,True,25.04422277,0.014709975,25.029512795000002,25.029512795000002,2553.8,1.5,2552.3,2552.3,0.22797134399414062,37.29345703125001,9937,35,3,4,12224.0,10749.0,1475.0,13.722206716903898,12224.0,1475.0,13.722206716903898
62.13210617983714,returning,True,25.04422277,0.014709975,25.029512795000002,25.029512795000002,2553.8,1.5,2552.3,2552.3,0.22797134399414062,37.29345703125001,9946,35,3,4,12228.0,10749.0,1479.0,13.759419480881942,12232.0,1483.0,13.796632244859987
62.199688305845484,returning,True,25.04422277,0.014709975,25.029512795000002,25.029512795000002,2553.8,1.5,2552.3,2552.3,0.22799169921875,37.27310180664062,9957,35,3,4,12220.0,10749.0,1471.0,13.684993952925854,12220.0,1471.0,13.684993952925856
62.24926849990152,returning,True,25.156999245,0.014709975,25.142289270000003,25.142289270000003,2565.3,1.5,2563.8,2563.8,0.22799169921875,37.27310180664062,9961,35,3,4,12231.0,10749.0,1482.0,13.787329053865475,12231.0,1482.0,13.787329053865475
62.28269235091284,returning,True,25.156999245,0.014709975,25.142289270000003,25.142289270000003,2565.3,1.5,2563.8,2563.8,0.2280099792480469,37.254821777343736,9967,35,3,4,12228.0,10749.0,1479.0,13.759419480881942,12228.0,1479.0,13.75941948088194
62.33280953904614,returning,True,24.941252945000002,0.014709975,24.926542970000003,24.926542970000003,2543.3,1.5,2541.8,2541.8,0.22801332092285156,37.25148010253906,9977,35,3,4,12220.0,10749.0,1471.0,13.684993952925854,12220.0,1471.0,13.684993952925856
62.39956497284584,returning,True,24.941252945000002,0.014709975,24.926542970000003,24.926542970000003,2543.3,1.5,2541.8,2541.8,0.22802032470703126,37.24447631835937,9987,35,3,4,12212.0,10749.0,1463.0,13.610568424969765,12214.0,1465.0,13.629174806958787
62.43207625183277,returning,True,24.941252945000002,0.014709975,24.926542970000003,24.926542970000003,2543.3,1.5,2541.8,2541.8,0.22802032470703126,37.24447631835937,9994,35,3,4,12217.0,10749.0,1468.0,13.65708437994232,12216.666666666666,1467.6666666666667,13.653983316277483
62.48184129083529,returning,True,24.4185585,0.014709975,24.403848525,24.403848525,2490.0,1.5,2488.5,2488.5,0.22802816772460938,37.23663330078125,10002,35,3,4,12213.0,10749.0,1464.0,13.619871615964275,12213.0,1464.0,13.619871615964277
62.53239653399214,returning,True,24.4185585,0.014709975,24.403848525,24.403848525,2490.0,1.5,2488.5,2488.5,0.22804360961914064,37.22119140624999,10011,35,3,4,12208.0,10749.0,1459.0,13.57335566099172,12208.0,1459.0,13.573355660991718
62.582394873024896,returning,True,24.10866836,0.014709975,24.093958385,24.093958385,2458.4,1.5,2456.9,2456.9,0.22806312561035158,37.20167541503905,10021,35,3,4,12209.0,10749.0,1460.0,13.582658851986231,12209.0,1460.0,13.582658851986231
62.634083174867555,returning,True,24.10866836,0.014709975,24.093958385,24.093958385,2458.4,1.5,2456.9,2456.9,0.228095703125,37.16909790039063,10027,35,3,4,12201.0,10749.0,1452.0,13.508233324030142,12201.0,1452.0,13.508233324030142
62.681949310936034,returning,True,24.10866836,0.014709975,24.093958385,24.093958385,2458.4,1.5,2456.9,2456.9,0.228095703125,37.16909790039063,10034,35,3,4,12194.0,10749.0,1445.0,13.443110987068565,12194.0,1445.0,13.443110987068565
62.73180446284823,returning,True,23.3202137,0.014709975,23.305503725,23.305503725,2378.0,1.5,2376.5,2376.5,0.22814642333984375,37.118377685546875,10040,35,3,4,12189.0,10749.0,1440.0,13.396595032096009,12186.333333333334,1437.3333333333333,13.371786522777313
62.79823084897362,returning,True,23.3202137,0.014709975,23.305503725,23.305503725,2378.0,1.5,2376.5,2376.5,0.22817047119140627,37.09432983398436,10050,35,3,4,12181.0,10749.0,1432.0,13.32216950413992,12181.0,1432.0,13.32216950413992
62.850801799912006,returning,True,23.3202137,0.014709975,23.305503725,23.305503725,2378.0,1.5,2376.5,2376.5,0.22817047119140627,37.09432983398436,10054,35,3,4,12188.0,10749.0,1439.0,13.387291841101497,12188.0,1439.0,13.387291841101495
62.898282690905035,returning,True,22.52587505,0.014709975,22.511165075,22.511165075,2297.0,1.5,2295.5,2295.5,0.22817564392089845,37.08915710449217,10060,35,3,4,12185.0,10749.0,1436.0,13.359382268117965,12183.666666666666,1434.6666666666667,13.346978013458616
62.95160385593772,returning,True,22.52587505,0.014709975,22.511165075,22.511165075,2297.0,1.5,2295.5,2295.5,0.22817564392089845,37.08915710449217,10066,35,3,4,12180.0,10749.0,1431.0,13.31286631314541,12180.0,1431.0,13.312866313145411
63.01812931988388,returning,True,21.626605245,0.014709975,21.61189527,21.61189527,2205.3,1.5,2203.8,2203.8,0.228185302734375,37.07949829101562,10072,35,3,4,12180.0,10749.0,1431.0,13.31286631314541,12180.0,1431.0,13.312866313145411
63.033159128855914,returning,True,21.626605245,0.014709975,21.61189527,21.61189527,2205.3,1.5,2203.8,2203.8,0.228185302734375,37.07949829101562,10075,35,3,4,12184.0,10749.0,1435.0,13.350079077123453,12184.0,1435.0,13.350079077123453
63.08332013199106,returning,True,21.626605245,0.014709975,21.61189527,21.61189527,2205.3,1.5,2203.8,2203.8,0.228188232421875,37.07656860351563,10082,35,3,4,12183.0,10749.0,1434.0,13.340775886128942,12183.666666666666,1434.6666666666667,13.346978013458616
63.13230780791491,returning,True,21.378497,0.014709975,21.363787025,21.363787025,2180.0,1.5,2178.5,2178.5,0.22819798278808595,37.06681823730468,10091,35,3,4,12175.0,10749.0,1426.0,13.266350358172854,12174.666666666666,1425.6666666666667,13.263249294508016
63.19963255687617,returning,True,21.378497,0.014709975,21.363787025,21.363787025,2180.0,1.5,2178.5,2178.5,0.22820407104492188,37.06072998046875,10099,35,3,4,12167.0,10749.0,1418.0,13.191924830216765,12167.0,1418.0,13.191924830216765
63.247684675036,returning,True,21.378497,0.014709975,21.363787025,21.363787025,2180.0,1.5,2178.5,2178.5,0.22820407104492188,37.06072998046875,10102,35,3,4,12173.0,10749.0,1424.0,13.24774397618383,12170.333333333334,1421.3333333333333,13.222935466865133
63.29877187684178,returning,True,21.155886045000003,0.014709975,21.141176070000004,21.141176070000004,2157.3,1.5,2155.8,2155.8,0.22822076416015624,37.04403686523439,10108,35,3,4,12149.0,10749.0,1400.0,13.024467392315564,12153.333333333334,1404.3333333333333,13.064781219958446
63.349444071995094,returning,True,21.155886045000003,0.014709975,21.141176070000004,21.141176070000004,2157.3,1.5,2155.8,2155.8,0.22822076416015624,37.04403686523439,10115,35,3,4,12135.0,10749.0,1386.0,12.894222718392408,12135.666666666666,1386.6666666666667,12.900424845722084
63.398356549907476,returning,True,20.711644800000002,0.014709975,20.696934825000003,20.696934825000003,2112.0,1.5,2110.5000000000005,2110.5000000000005,0.22829165649414063,36.97314453125,10122,35,3,4,12139.0,10749.0,1390.0,12.931435482370453,12139.0,1390.0,12.931435482370453
63.44962889305316,returning,True,20.711644800000002,0.014709975,20.696934825000003,20.696934825000003,2112.0,1.5,2110.5000000000005,2110.5000000000005,0.22831420898437502,36.95059204101561,10127,35,3,4,12130.0,10749.0,1381.0,12.847706763419852,12131.333333333334,1382.3333333333333,12.860111018079202
63.4999128729105,returning,True,20.711644800000002,0.014709975,20.696934825000003,20.696934825000003,2112.0,1.5,2110.5000000000005,2110.5000000000005,0.22832406616210937,36.94073486328126,10133,35,3,4,12123.0,10749.0,1374.0,12.782584426458275,12122.333333333334,1373.3333333333333,12.7763822991286
63.533725338988006,returning,True,19.608396675,0.014709975,19.593686700000003,19.593686700000003,1999.5000000000002,1.5,1998.0000000000002,1998.0000000000002,0.22832406616210937,36.94073486328126,10139,35,3,4,12123.0,10749.0,1374.0,12.782584426458275,12122.0,1373.0,12.773281235463765
63.5825467328541,returning,True,19.608396675,0.014709975,19.593686700000003,19.593686700000003,1999.5000000000002,1.5,1998.0000000000002,1998.0000000000002,0.22832504272460938,36.93975830078125,10147,35,3,4,12105.0,10749.0,1356.0,12.615126988557074,12106.666666666666,1357.6666666666667,12.63063230688126
63.6329635749571,returning,True,19.029804325,0.014709975,19.015094350000002,19.015094350000002,1940.5,1.5,1939.0000000000002,1939.0000000000002,0.22832504272460938,36.93975830078125,10152,35,3,4,12103.0,10749.0,1354.0,12.596520606568053,12103.0,1354.0,12.596520606568054
63.683363205054775,returning,True,19.029804325,0.014709975,19.015094350000002,19.015094350000002,1940.5,1.5,1939.0000000000002,1939.0000000000002,0.22833970642089843,36.925094604492195,10159,35,3,4,12094.0,10749.0,1345.0,12.512791887617453,12097.333333333334,1348.3333333333333,12.543802524265823
63.73225425789133,returning,True,19.029804325,0.014709975,19.015094350000002,19.015094350000002,1940.5,1.5,1939.0000000000002,1939.0000000000002,0.22833970642089843,36.925094604492195,10165,35,3,4,12079.0,10749.0,1330.0,12.373244022699787,12079.0,1330.0,12.373244022699787
63.798731717979535,returning,True,18.66793894,0.014709975,18.653228965,18.653228965,1903.6,1.5,1902.1,1902.1,0.22837156677246095,36.89323425292967,10171,35,3,4,12060.0,10749.0,1311.0,12.196483393804074,12058.0,1309.0,12.17787701181505
63.8495639199391,returning,True,18.66793894,0.014709975,18.653228965,18.653228965,1903.6,1.5,1902.1,1902.1,0.2284664306640625,36.79837036132813,10175,35,3,4,12048.0,10749.0,1299.0,12.084845101869941,12052.0,1303.0,12.122057865847987
63.89882324403152,returning,True,18.020700039999998,0.014709975,18.005990065,18.005990065,1837.5999999999997,1.5,1836.1,1836.1,0.2284664306640625,36.79837036132813,10180,35,3,4,12047.0,10749.0,1298.0,12.07554191087543,12048.333333333334,1299.3333333333333,12.08794616553478
63.94815241685137,returning,True,18.020700039999998,0.014709975,18.005990065,18.005990065,1837.5999999999997,1.5,1836.1,1836.1,0.22849114990234376,36.77365112304687,10185,35,3,4,12048.0,10749.0,1299.0,12.084845101869941,12048.0,1299.0,12.08484510186994
64.01833821786568,returning,True,18.020700039999998,0.014709975,18.005990065,18.005990065,1837.5999999999997,1.5,1836.1,1836.1,0.22849124145507813,36.7735595703125,10191,35,3,4,12039.0,10749.0,1290.0,12.001116382919342,12037.0,1288.0,11.982510000930318
64.034096224932,returning,True,17.046899695,0.014709975,17.03218972,17.03218972,1738.3,1.5,1736.8000000000002,1736.8000000000002,0.22849124145507813,36.7735595703125,10196,35,3,4,12039.0,10749.0,1290.0,12.001116382919342,12040.333333333334,1291.3333333333333,12.013520637578688
64.08255469682626,returning,True,17.046899695,0.014709975,17.03218972,17.03218972,1738.3,1.5,1736.8000000000002,1736.8000000000002,0.22849911499023437,36.76568603515626,10204,35,3,4,12033.0,10749.0,1284.0,11.945297236952275,12033.0,1284.0,11.945297236952277
64.13214690703899,returning,True,17.046899695,0.014709975,17.03218972,17.03218972,1738.3,1.5,1736.8000000000002,1736.8000000000002,0.2285023193359375,36.76248168945312,10214,35,3,4,12032.0,10749.0,1283.0,11.935994045957763,12031.0,1282.0,11.926690854963253
64.19778638589196,returning,True,16.26727102,0.014709975,16.252561045,16.252561045,1658.8,1.5,1657.3,1657.3,0.22851095581054687,36.753845214843764,10224,35,3,4,12028.0,10749.0,1279.0,11.89878128197972,12028.0,1279.0,11.898781281979717
64.25160994497128,returning,True,16.26727102,0.014709975,16.252561045,16.252561045,1658.8,1.5,1657.3,1657.3,0.22851095581054687,36.753845214843764,10229,35,3,4,12019.0,10749.0,1270.0,11.815052563029118,12023.666666666666,1274.6666666666667,11.858467454336838
64.2979091538582,returning,True,16.025046765,0.014709975,16.01033679,16.01033679,1634.1,1.5,1632.6,1632.6,0.22852325439453125,36.741546630859375,10235,35,3,4,12020.0,10749.0,1271.0,11.82435575402363,12019.333333333334,1270.3333333333333,11.818153626693956
64.34988187602721,returning,True,16.025046765,0.014709975,16.01033679,16.01033679,1634.1,1.5,1632.6,1632.6,0.22853396606445314,36.730834960937486,10241,35,3,4,12011.0,10749.0,1262.0,11.74062703507303,12011.0,1262.0,11.74062703507303
64.41502443491481,returning,True,16.025046765,0.014709975,16.01033679,16.01033679,1634.1,1.5,1632.6,1632.6,0.22853396606445314,36.730834960937486,10247,35,3,4,12007.0,10749.0,1258.0,11.703414271094985,12007.0,1258.0,11.703414271094985
64.43337809992954,returning,True,15.5533469,0.014709975,15.538636924999999,15.538636924999999,1586.0,1.5,1584.4999999999998,1584.4999999999998,0.22855120849609376,36.713592529296875,10254,35,3,4,11999.0,10749.0,1250.0,11.628988743138896,11999.666666666666,1250.6666666666667,11.63519087046857
64.48206908791326,returning,True,15.5533469,0.014709975,15.538636924999999,15.538636924999999,1586.0,1.5,1584.4999999999998,1584.4999999999998,0.22855120849609376,36.713592529296875,10260,35,3,4,11992.0,10749.0,1243.0,11.563866406177318,11993.666666666666,1244.6666666666667,11.579371724501504
64.53163666487671,returning,True,15.5533469,0.014709975,15.538636924999999,15.538636924999999,1586.0,1.5,1584.4999999999998,1584.4999999999998,0.2285780944824219,36.686706542968736,10266,35,3,4,11980.0,10749.0,1231.0,11.452228114243185,11981.666666666666,1232.6666666666667,11.467733432567371
64.59958856203593,returning,True,15.047323760000001,0.014709975,15.032613785,15.032613785,1534.4,1.5,1532.9,1532.9,0.22862173461914062,36.64306640625001,10271,35,3,4,11964.0,10749.0,1215.0,11.303377058331007,11968.0,1219.0,11.34058982230905
64.64813640085049,returning,True,15.047323760000001,0.014709975,15.032613785,15.032613785,1534.4,1.5,1532.9,1532.9,0.22862173461914062,36.64306640625001,10276,35,3,4,11959.0,10749.0,1210.0,11.256861103358451,11960.333333333334,1211.3333333333333,11.2692653580178
64.69809344504029,returning,True,14.236313805,0.014709975,14.22160383,14.22160383,1451.7,1.5,1450.1999999999998,1450.1999999999998,0.22865145874023438,36.61334228515625,10283,35,3,4,11949.0,10749.0,1200.0,11.16382919341334,11946.333333333334,1197.3333333333333,11.139020684094644
64.74805451300927,returning,True,14.236313805,0.014709975,14.22160383,14.22160383,1451.7,1.5,1450.1999999999998,1450.1999999999998,0.22865145874023438,36.61334228515625,10288,35,3,4,11935.0,10749.0,1186.0,11.033584519490185,11935.0,1186.0,11.033584519490185
64.81511068996042,returning,True,14.236313805,0.014709975,14.22160383,14.22160383,1451.7,1.5,1450.1999999999998,1450.1999999999998,0.22868011474609376,36.58468627929687,10294,35,3,4,11885.0,10749.0,1136.0,10.56842496976463,11885.0,1136.0,10.56842496976463
64.83225947688334,returning,True,13.796975885,0.014709975,13.78226591,13.78226591,1406.9,1.5,1405.3999999999999,1405.3999999999999,0.22868011474609376,36.58468627929687,10300,35,3,4,11821.0,10749.0,1072.0,9.973020746115917,11829.666666666666,1080.6666666666667,10.05364840140168
64.8820161188487,returning,True,13.796975885,0.014709975,13.78226591,13.78226591,1406.9,1.5,1405.3999999999999,1405.3999999999999,0.22881756591796876,36.447235107421875,10305,35,3,4,11820.0,10749.0,1071.0,9.963717555121407,11817.333333333334,1068.3333333333333,9.93890904580271
64.93202880490571,returning,True,13.796975885,0.014709975,13.78226591,13.78226591,1406.9,1.5,1405.3999999999999,1405.3999999999999,0.22884965515136718,36.415145874023445,10312,35,3,4,11808.0,10749.0,1059.0,9.852079263187273,11806.0,1057.0,9.833472881198253
64.99962965399027,returning,True,12.677056455,0.014709975,12.66234648,12.66234648,1292.7,1.5,1291.2,1291.2,0.22884965515136718,36.415145874023445,10318,35,3,4,11814.0,10749.0,1065.0,9.90789840915434,11809.666666666666,1060.6666666666667,9.867584581511458
65.04825140303001,returning,True,12.677056455,0.014709975,12.66234648,12.66234648,1292.7,1.5,1291.2,1291.2,0.22884931945800782,36.415481567382805,10322,35,3,4,11808.0,10749.0,1059.0,9.852079263187273,11808.0,1059.0,9.852079263187273
65.08174930885434,returning,True,11.01482928,0.014709975,11.000119305,11.000119305,1123.2,1.5,1121.7,1121.7,0.22884931945800782,36.415481567382805,10330,35,3,4,11791.0,10749.0,1042.0,9.693925016280584,11795.666666666666,1046.6666666666667,9.737339907588304
65.1315972879529,returning,True,11.01482928,0.014709975,11.000119305,11.000119305,1123.2,1.5,1121.7,1121.7,0.22884832763671875,36.416473388671875,10340,35,3,4,11788.0,10749.0,1039.0,9.66601544329705,11793.333333333334,1044.3333333333333,9.715632461934442
65.19786002696492,returning,True,11.01482928,0.014709975,11.000119305,11.000119305,1123.2,1.5,1121.7,1121.7,0.22884500122070314,36.419799804687486,10347,35,3,4,11795.0,10749.0,1046.0,9.731137780258628,11795.0,1046.0,9.731137780258628
65.2498017619364,returning,True,10.727494435,0.014709975,10.71278446,10.71278446,1093.9,1.5,1092.4,1092.4,0.22884500122070314,36.419799804687486,10352,35,3,4,11787.0,10749.0,1038.0,9.65671225230254,11787.333333333334,1038.3333333333333,9.659813315967376
65.29816091596149,returning,True,10.727494435,0.014709975,10.71278446,10.71278446,1093.9,1.5,1092.4,1092.4,0.22884596252441405,36.41883850097658,10358,35,3,4,11788.0,10749.0,1039.0,9.66601544329705,11789.0,1040.0,9.675318634291562
65.34807499404997,returning,True,10.727494435,0.014709975,10.71278446,10.71278446,1093.9,1.5,1092.4,1092.4,0.22885401916503906,36.41078186035157,10365,35,3,4,11781.0,10749.0,1032.0,9.600893106335473,11782.333333333334,1033.3333333333333,9.613297360994821
65.39846633700654,returning,True,10.762798375000001,0.014709975,10.7480884,10.7480884,1097.5,1.5,1096.0,1096.0,0.22885401916503906,36.41078186035157,10372,35,3,4,11781.0,10749.0,1032.0,9.600893106335473,11779.0,1030.0,9.582286724346451
65.44805015297607,returning,True,10.762798375000001,0.014709975,10.7480884,10.7480884,1097.5,1.5,1096.0,1096.0,0.228860595703125,36.404205322265625,10376,35,3,4,11772.0,10749.0,1023.0,9.517164387384874,11774.666666666666,1025.6666666666667,9.54197289670357
65.49959456594661,returning,True,10.712784460000002,0.014709975,10.698074485000001,10.698074485000001,1092.4,1.5,1090.9,1090.9,0.228860595703125,36.404205322265625,10382,35,3,4,11773.0,10749.0,1024.0,9.526467578379384,11773.333333333334,1024.3333333333333,9.52956864204422
65.54818976903334,returning,True,10.712784460000002,0.014709975,10.698074485000001,10.698074485000001,1092.4,1.5,1090.9,1090.9,0.22886355590820312,36.40124511718751,10388,35,3,4,11767.0,10749.0,1018.0,9.470648432412318,11770.0,1021.0,9.498558005395852
65.59805236686952,returning,True,10.613737295,0.014709975,10.59902732,10.59902732,1082.3,1.5,1080.8,1080.8,0.22887567138671874,36.38912963867188,10396,35,3,4,11746.0,10749.0,997.0,9.275281421527584,11751.333333333334,1002.3333333333334,9.324898440164977
65.63182019093074,returning,True,10.613737295,0.014709975,10.59902732,10.59902732,1082.3,1.5,1080.8,1080.8,0.22887567138671874,36.38912963867188,10402,35,3,4,11662.0,10749.0,913.0,8.49381337798865,11670.333333333334,921.3333333333334,8.571339969609575
65.68401818489656,returning,True,10.613737295,0.014709975,10.59902732,10.59902732,1082.3,1.5,1080.8,1080.8,0.22898236083984375,36.28244018554688,10407,35,3,4,11653.0,10749.0,904.0,8.41008465903805,11663.666666666666,914.6666666666666,8.509318696312837
65.73339300905354,returning,True,10.17145738,0.014709975,10.156747404999999,10.156747404999999,1037.2,1.5,1035.6999999999998,1035.6999999999998,0.22898236083984375,36.28244018554688,10413,35,3,4,11652.0,10749.0,903.0,8.400781468043538,11653.0,904.0,8.41008465903805
65.79876127792522,returning,True,10.17145738,0.014709975,10.156747404999999,10.156747404999999,1037.2,1.5,1035.6999999999998,1035.6999999999998,0.22900323486328125,36.261566162109375,10420,35,3,4,11648.0,10749.0,899.0,8.363568704065495,11648.0,899.0,8.363568704065495
65.84946324583143,returning,True,9.438900625,0.014709975,9.42419065,9.42419065,962.5,1.5,961.0,961.0,0.22900323486328125,36.261566162109375,10424,35,3,4,11636.0,10749.0,887.0,8.251930412131362,11637.333333333334,888.3333333333334,8.26433466679071
65.8980125959497,returning,True,9.438900625,0.014709975,9.42419065,9.42419065,962.5,1.5,961.0,961.0,0.22900704956054688,36.25775146484375,10430,35,3,4,11638.0,10749.0,889.0,8.270536794120384,11638.0,889.0,8.270536794120384
65.9502091340255,returning,True,9.438900625,0.014709975,9.42419065,9.42419065,962.5,1.5,961.0,961.0,0.2290103759765625,36.25442504882812,10436,35,3,4,11629.0,10749.0,880.0,8.186808075169782,11629.0,880.0,8.186808075169782
66.01813566102646,returning,True,8.615142025,0.014709975,8.60043205,8.60043205,878.5000000000001,1.5,877.0,877.0,0.22901501464843751,36.24978637695311,10442,35,3,4,11629.0,10749.0,880.0,8.186808075169782,11629.666666666666,880.6666666666666,8.193010202499456
66.03551186597906,returning,True,8.615142025,0.014709975,8.60043205,8.60043205,878.5000000000001,1.5,877.0,877.0,0.22901501464843751,36.24978637695311,10446,35,3,4,11627.0,10749.0,878.0,8.16820169318076,11627.666666666666,878.6666666666666,8.174403820510435
66.0819985140115,returning,True,8.615142025,0.014709975,8.60043205,8.60043205,878.5000000000001,1.5,877.0,877.0,0.22901501464843751,36.24978637695311,10454,35,3,4,11617.0,10749.0,868.0,8.07516978323565,11614.333333333334,865.3333333333334,8.050361273916954
66.1328469440341,returning,True,8.528843505000001,0.014709975,8.51413353,8.51413353,869.7000000000002,1.5,868.2,868.2,0.2290135192871094,36.251281738281236,10464,35,3,4,11609.0,10749.0,860.0,8.00074425527956,11607.666666666666,858.6666666666666,7.988340000620212
66.20114950393327,returning,True,8.528843505000001,0.014709975,8.51413353,8.51413353,869.7000000000002,1.5,868.2,868.2,0.22902200317382812,36.24279785156251,10474,35,3,4,11597.0,10749.0,848.0,7.889105963345427,11597.0,848.0,7.889105963345426
66.23208688385785,returning,True,8.528843505000001,0.014709975,8.51413353,8.51413353,869.7000000000002,1.5,868.2,868.2,0.22903948974609376,36.225311279296875,10478,35,3,4,11584.0,10749.0,835.0,7.768164480416783,11585.0,836.0,7.777467671411294
66.28351781587116,returning,True,8.44352565,0.014709975,8.428815675,8.428815675,861.0,1.5,859.4999999999999,859.4999999999999,0.22905581665039063,36.208984375,10488,35,3,4,11566.0,10749.0,817.0,7.600707042515583,11566.666666666666,817.6666666666666,7.606909169845257
66.33468777383678,returning,True,8.44352565,0.014709975,8.428815675,8.428815675,861.0,1.5,859.4999999999999,859.4999999999999,0.22906211853027345,36.20268249511718,10497,35,3,4,11548.0,10749.0,799.0,7.4332496046143826,11552.0,803.0,7.470462368592426
66.38333362597041,returning,True,8.09440891,0.014709975,8.079698935,8.079698935,825.4,1.5,823.9,823.9,0.22908145141601563,36.183349609375,10506,35,3,4,11527.0,10749.0,778.0,7.237882593729649,11531.0,782.0,7.275095357707694
66.43282789504156,returning,True,8.09440891,0.014709975,8.079698935,8.079698935,825.4,1.5,823.9,823.9,0.22908145141601563,36.183349609375,10512,35,3,4,11525.0,10749.0,776.0,7.219276211740627,11525.0,776.0,7.219276211740627
66.48225919203833,returning,True,8.09440891,0.014709975,8.079698935,8.079698935,825.4,1.5,823.9,823.9,0.22911019897460938,36.15460205078125,10520,35,3,4,11472.0,10749.0,723.0,6.726207089031538,11477.0,728.0,6.772723044004093
66.53192952484824,returning,True,7.718814215,0.014709975,7.70410424,7.70410424,787.1,1.5,785.6,785.6,0.22914830017089843,36.116500854492195,10526,35,3,4,11423.0,10749.0,674.0,6.2703507303004935,11423.0,674.0,6.2703507303004935
66.59950074087828,returning,True,7.718814215,0.014709975,7.70410424,7.70410424,787.1,1.5,785.6,785.6,0.22914830017089843,36.116500854492195,10532,35,3,4,11362.0,10749.0,613.0,5.702856079635315,11362.0,613.0,5.702856079635315
66.64748272905126,returning,True,6.951934185,0.014709975,6.93722421,6.93722421,708.9,1.5,707.4,707.4,0.22922439575195314,36.04040527343749,10536,35,3,4,11320.0,10749.0,571.0,5.312122057865848,11327.333333333334,578.3333333333334,5.380345458492262
66.68245765287429,returning,True,6.951934185,0.014709975,6.93722421,6.93722421,708.9,1.5,707.4,707.4,0.22922439575195314,36.04040527343749,10542,35,3,4,11290.0,10749.0,541.0,5.033026328030514,11289.666666666666,540.6666666666666,5.029925264365677
66.73158674500883,returning,True,6.951934185,0.014709975,6.93722421,6.93722421,708.9,1.5,707.4,707.4,0.22927838134765627,35.98641967773436,10550,35,3,4,11275.0,10749.0,526.0,4.893478463112848,11275.0,526.0,4.893478463112848
66.79970838990994,returning,True,6.1978028,0.014709975,6.183092825,6.183092825,632.0,1.5,630.5,630.5,0.22929144287109376,35.97335815429686,10556,35,3,4,11248.0,10749.0,499.0,4.642292306261048,11252.666666666666,503.6666666666667,4.6857071975687665
66.83233074401505,returning,True,6.1978028,0.014709975,6.183092825,6.183092825,632.0,1.5,630.5,630.5,0.22929144287109376,35.97335815429686,10559,35,3,4,11025.0,10749.0,276.0,2.567680714485068,11173.666666666666,424.6666666666667,3.950755109002388
66.88339099683799,returning,True,5.16025923,0.014709975,5.145549255000001,5.145549255000001,526.2,1.5,524.7,524.7,0.22930509948730468,35.959701538085945,10568,35,3,4,10814.0,10749.0,65.0,0.6047074146432226,10814.0,65.0,0.6047074146432226
66.93248326098546,returning,True,5.16025923,0.014709975,5.145549255000001,5.145549255000001,526.2,1.5,524.7,524.7,0.22953213500976563,35.732666015625,10578,35,3,4,10733.0,10749.0,-16.0,-0.14885105591217787,10748.333333333334,-0.6666666666666666,-0.0062021273296740675
66.99824260990135,returning,True,3.68926173,0.014709975,3.674551755,3.674551755,376.2,1.5,374.7,374.7,0.22955862426757814,35.706176757812486,10587,35,3,4,10658.0,10749.0,-91.0,-0.8465903805005117,10663.0,-86.0,-0.800074425527956
67.04791269800626,returning,True,3.68926173,0.014709975,3.674551755,3.674551755,376.2,1.5,374.7,374.7,0.22964764404296875,35.617156982421875,10591,35,3,4,10651.0,10749.0,-98.0,-0.9117127174620895,10653.333333333334,-95.66666666666667,-0.8900052718082302
67.09999376302585,returning,True,3.68926173,0.014709975,3.674551755,3.674551755,376.2,1.5,374.7,374.7,0.22964764404296875,35.617156982421875,10596,35,3,4,10635.0,10749.0,-114.0,-1.0605637733742674,10635.0,-114.0,-1.0605637733742674
67.13288186700083,returning,True,2.51246373,0.014709975,2.4977537549999997,2.4977537549999997,256.2,1.5,254.69999999999996,254.69999999999996,0.22966435241699218,35.60044860839845,10602,35,3,4,10623.0,10749.0,-126.0,-1.1722020653084009,10623.0,-126.0,-1.1722020653084009
67.19990575592965,returning,True,2.51246373,0.014709975,2.4977537549999997,2.4977537549999997,256.2,1.5,254.69999999999996,254.69999999999996,0.22967303466796876,35.59176635742187,10613,35,3,4,10608.0,10749.0,-141.0,-1.3117499302260676,10607.0,-142.0,-1.3210531212205787
67.2317087079864,returning,True,2.51246373,0.014709975,2.4977537549999997,2.4977537549999997,256.2,1.5,254.69999999999996,254.69999999999996,0.22968756103515625,35.577239990234375,10620,35,3,4,10592.0,10749.0,-157.0,-1.4606009861382454,10594.333333333334,-154.66666666666666,-1.4388935404843861
67.28235424100421,returning,True,1.807365595,0.014709975,1.7926556200000001,1.7926556200000001,184.3,1.5,182.8,182.8,0.22968756103515625,35.577239990234375,10630,35,3,4,10579.0,10749.0,-170.0,-1.58154246906689,10579.0,-170.0,-1.58154246906689
67.33163092890754,returning,True,1.807365595,0.014709975,1.7926556200000001,1.7926556200000001,184.3,1.5,182.8,182.8,0.22969329833984375,35.571502685546875,10641,35,3,4,10574.0,10749.0,-175.0,-1.6280584240394456,10574.0,-175.0,-1.6280584240394456
67.383583990857,returning,True,1.701453775,0.014709975,1.6867438000000001,1.6867438000000001,173.5,1.5,172.0,172.0,0.2297010498046875,35.563751220703125,10650,35,3,4,10572.0,10749.0,-177.0,-1.6466648060284677,10572.0,-177.0,-1.6466648060284677
67.43170824390836,returning,True,1.701453775,0.014709975,1.6867438000000001,1.6867438000000001,173.5,1.5,172.0,172.0,0.229705810546875,35.558990478515625,10658,35,3,4,10568.0,10749.0,-181.0,-1.6838775700065123,10568.0,-181.0,-1.6838775700065123
67.48278829385526,returning,True,1.6426138750000001,0.014709975,1.6279039000000002,1.6279039000000002,167.5,1.5,166.00000000000003,166.00000000000003,0.2297041778564453,35.56062316894531,10666,35,3,4,10562.0,10749.0,-187.0,-1.739696715973579,10561.333333333334,-187.66666666666666,-1.7458988433032532
67.5317502990365,returning,True,1.6426138750000001,0.014709975,1.6279039000000002,1.6279039000000002,167.5,1.5,166.00000000000003,166.00000000000003,0.2297041778564453,35.56062316894531,10675,35,3,4,10562.0,10749.0,-187.0,-1.739696715973579,10562.0,-187.0,-1.7396967159735788
67.59800533391535,returning,True,1.6426138750000001,0.014709975,1.6279039000000002,1.6279039000000002,167.5,1.5,166.00000000000003,166.00000000000003,0.2297034912109375,35.56130981445313,10683,35,3,4,10555.0,10749.0,-194.0,-1.8048190529351567,10554.333333333334,-194.66666666666666,-1.8110211802648308
67.64760741498321,returning,True,1.63771055,0.014709975,1.623000575,1.623000575,167.0,1.5,165.5,165.5,0.2297034912109375,35.56130981445313,10688,35,3,4,10547.0,10749.0,-202.0,-1.8792445808912457,10545.666666666666,-203.33333333333334,-1.891648835550594
67.69968396192417,returning,True,1.63771055,0.014709975,1.623000575,1.623000575,167.0,1.5,165.5,165.5,0.22970738220214845,35.55741882324217,10693,35,3,4,10520.0,10749.0,-229.0,-2.130430737743046,10530.666666666666,-218.33333333333334,-2.0311967004682607
67.73236473998986,returning,True,1.685763135,0.014709975,1.67105316,1.67105316,171.9,1.5,170.4,170.4,0.22972601318359376,35.53878784179687,10701,35,3,4,10511.0,10749.0,-238.0,-2.214159456693646,10512.333333333334,-236.66666666666666,-2.2017552020342976
67.79940396687016,returning,True,1.685763135,0.014709975,1.67105316,1.67105316,171.9,1.5,170.4,170.4,0.22974417114257814,35.520629882812486,10710,35,3,4,10489.0,10749.0,-260.0,-2.4188296585728906,10495.666666666666,-253.33333333333334,-2.3568083852761497
67.85156157100573,returning,True,1.685763135,0.014709975,1.67105316,1.67105316,171.9,1.5,170.4,170.4,0.22974417114257814,35.520629882812486,10714,35,3,4,10475.0,10749.0,-274.0,-2.5490743324960463,10479.666666666666,-269.3333333333333,-2.5056594411883277
67.89802720397711,returning,True,1.55533469,0.014709975,1.540624715,1.540624715,158.6,1.5,157.1,157.1,0.2297642822265625,35.500518798828125,10720,35,3,4,10440.0,10749.0,-309.0,-2.8746860173039352,10446.0,-303.0,-2.8188668713368688
67.93473105505109,returning,True,1.55533469,0.014709975,1.540624715,1.540624715,158.6,1.5,157.1,157.1,0.2297642822265625,35.500518798828125,10727,35,3,4,10358.0,10749.0,-391.0,-3.637547678853847,10367.0,-382.0,-3.553818959903247
67.9992653648369,returning,True,1.3415497200000002,0.014709975,1.3268397450000002,1.3268397450000002,136.8,1.5,135.3,135.3,0.2299521942138672,35.31260681152343,10737,35,3,4,10356.0,10749.0,-393.0,-3.6561540608428693,10356.0,-393.0,-3.6561540608428693
68.04897512402385,returning,True,1.3415497200000002,0.014709975,1.3268397450000002,1.3268397450000002,136.8,1.5,135.3,135.3,0.2299521942138672,35.31260681152343,10741,35,3,4,10381.0,10749.0,-368.0,-3.423574285980091,10378.666666666666,-370.3333333333333,-3.445281731633951
68.08342236303724,returning,True,1.3415497200000002,0.014709975,1.3268397450000002,1.3268397450000002,136.8,1.5,135.3,135.3,0.23021926879882812,35.04553222656251,10748,35,3,4,10418.0,10749.0,-331.0,-3.07935621918318,10406.666666666666,-342.3333333333333,-3.1847923837876393
68.13203463098034,returning,True,0.683523505,0.014709975,0.66881353,0.66881353,69.7,1.5,68.2,68.2,0.23021926879882812,35.04553222656251,10755,35,3,4,10410.0,10749.0,-339.0,-3.1537817471392686,10411.666666666666,-337.3333333333333,-3.1382764288150837
68.1821880878415,returning,True,0.683523505,0.014709975,0.66881353,0.66881353,69.7,1.5,68.2,68.2,0.23037451171875,34.89028930664062,10765,35,3,4,10422.0,10749.0,-327.0,-3.042143455205135,10422.0,-327.0,-3.042143455205135
68.23332117195241,returning,True,0.25203090499999997,0.014709975,0.23732092999999999,0.23732092999999999,25.699999999999996,1.5,24.2,24.2,0.230466552734375,34.79824829101563,10771,35,3,4,10421.0,10749.0,-328.0,-3.0514466461996466,10421.666666666666,-327.3333333333333,-3.0452445188699726
68.28722732001916,returning,True,0.25203090499999997,0.014709975,0.23732092999999999,0.23732092999999999,25.699999999999996,1.5,24.2,24.2,0.230466552734375,34.79824829101563,10777,35,3,4,10424.0,10749.0,-325.0,-3.0235370732161133,10425.0,-324.0,-3.014233882221602
68.33355711284094,returning,True,0.25203090499999997,0.014709975,0.23732092999999999,0.23732092999999999,25.699999999999996,1.5,24.2,24.2,0.23049853515625002,34.76626586914061,10785,35,3,4,10411.0,10749.0,-338.0,-3.1444785561447577,10411.0,-338.0,-3.1444785561447577
68.39806291786954,returning,True,0.06766588500000001,0.014709975,0.05295591000000001,0.05295591000000001,6.900000000000001,1.5,5.400000000000001,5.400000000000001,0.2305076904296875,34.75711059570313,10793,35,3,4,10406.0,10749.0,-343.0,-3.1909945111173132,10410.666666666666,-338.3333333333333,-3.1475796198095947
68.43165173591115,returning,True,0.06766588500000001,0.014709975,0.05295591000000001,0.05295591000000001,6.900000000000001,1.5,5.400000000000001,5.400000000000001,0.2305076904296875,34.75711059570313,10799,35,3,4,10408.0,10749.0,-341.0,-3.172388129128291,10409.333333333334,-339.6666666666667,-3.1599838744689435
68.48190663289279,returning,True,0.06766588500000001,0.014709975,0.05295591000000001,0.05295591000000001,6.900000000000001,1.5,5.400000000000001,5.400000000000001,0.23050869750976563,34.756103515625,10807,35,3,4,10407.0,10749.0,-342.0,-3.1816913201228023,10407.0,-342.0,-3.1816913201228023
68.53363228496164,returning,True,0.061781894999999996,0.014709975,0.047071919999999996,0.047071919999999996,6.3,1.5,4.8,4.8,0.23050869750976563,34.756103515625,10815,35,3,4,10411.0,10749.0,-338.0,-3.1444785561447577,10411.0,-338.0,-3.1444785561447577
68.60049178590998,returning,True,0.061781894999999996,0.014709975,0.047071919999999996,0.047071919999999996,6.3,1.5,4.8,4.8,0.23051023864746095,34.75456237792967,10825,35,3,4,10409.0,10749.0,-340.0,-3.16308493813378,10403.0,-346.0,-3.218904084100847
68.64757072087377,returning,True,0.060801230000000005,0.014709975,0.046091255000000005,0.046091255000000005,6.2,1.5,4.7,4.7,0.2305213165283203,34.74348449707032,10830,35,3,4,10409.0,10749.0,-340.0,-3.16308493813378,10411.0,-338.0,-3.144478556144758
68.69985313084908,returning,True,0.060801230000000005,0.014709975,0.046091255000000005,0.046091255000000005,6.2,1.5,4.7,4.7,0.23052899169921875,34.735809326171875,10835,35,3,4,10419.0,10749.0,-330.0,-3.070053028188669,10419.0,-330.0,-3.070053028188669
68.7514846760314,returning,True,0.060801230000000005,0.014709975,0.046091255000000005,0.046091255000000005,6.2,1.5,4.7,4.7,0.23052899169921875,34.735809326171875,10842,35,3,4,10414.0,10749.0,-335.0,-3.1165689831612244,10414.666666666666,-334.3333333333333,-3.1103668558315505
68.79812719486654,returning,True,0.0588399,0.014709975,0.044129925,0.044129925,6.0,1.5,4.5,4.5,0.23054768371582032,34.717117309570305,10849,35,3,4,10432.0,10749.0,-317.0,-2.949111545260024,10432.0,-317.0,-2.949111545260024
68.84832943091169,returning,True,0.0588399,0.014709975,0.044129925,0.044129925,6.0,1.5,4.5,4.5,0.23054768371582032,34.717117309570305,10853,35,3,4,10483.0,10749.0,-266.0,-2.474648804539957,10463.666666666666,-285.3333333333333,-2.6545104971005054
68.89783570403233,returning,True,0.0588399,0.014709975,0.044129925,0.044129925,6.0,1.5,4.5,4.5,0.23062966918945313,34.6351318359375,10859,35,3,4,10494.0,10749.0,-255.0,-2.372313703600335,10492.666666666666,-256.3333333333333,-2.3847179582596834
68.93249063100666,returning,True,0.057859235,0.014709975,0.04314926,0.04314926,5.9,1.5,4.4,4.4,0.23062966918945313,34.6351318359375,10866,35,3,4,10528.0,10749.0,-221.0,-2.056005209786957,10515.333333333334,-233.66666666666666,-2.173845629050765
68.99975721491501,returning,True,0.057859235,0.014709975,0.04314926,0.04314926,5.9,1.5,4.4,4.4,0.23082391357421875,34.44088745117188,10873,35,3,4,10532.0,10749.0,-217.0,-2.0187924458089124,10534.0,-215.0,-2.0001860638198905
69.03378872596659,returning,True,0.056878569999999996,0.014709975,0.042168594999999996,0.042168594999999996,5.8,1.5,4.3,4.3,0.23095001220703126,34.31478881835937,10878,35,3,4,10534.0,10749.0,-215.0,-2.00018606381989,10534.666666666666,-214.33333333333334,-1.993983936490216
69.0827070409432,returning,True,0.056878569999999996,0.014709975,0.042168594999999996,0.042168594999999996,5.8,1.5,4.3,4.3,0.23095001220703126,34.31478881835937,10883,35,3,4,10528.0,10749.0,-221.0,-2.056005209786957,10529.333333333334,-219.66666666666666,-2.0436009551276086
69.1337345240172,returning,True,0.056878569999999996,0.014709975,0.042168594999999996,0.042168594999999996,5.8,1.5,4.3,4.3,0.2309862060546875,34.278594970703125,10890,35,3,4,10537.0,10749.0,-212.0,-1.9722764908363568,10537.0,-212.0,-1.9722764908363566
69.19970237789676,returning,True,0.056878569999999996,0.014709975,0.042168594999999996,0.042168594999999996,5.8,1.5,4.3,4.3,0.2309862060546875,34.278594970703125,10897,35,3,4,10530.0,10749.0,-219.0,-2.0373988277979347,10530.0,-219.0,-2.0373988277979347
69.24753724085167,returning,True,0.056878569999999996,0.014709975,0.042168594999999996,0.042168594999999996,5.8,1.5,4.3,4.3,0.23098043823242187,34.28436279296876,10901,35,3,4,10533.0,10749.0,-216.0,-2.0094892548144014,10530.666666666666,-218.33333333333334,-2.0311967004682607
69.2982740108855,returning,True,0.056878569999999996,0.014709975,0.042168594999999996,0.042168594999999996,5.8,1.5,4.3,4.3,0.23098138427734374,34.28341674804688,10906,35,3,4,10531.0,10749.0,-218.0,-2.0280956368034238,10531.0,-218.0,-2.0280956368034238
69.34814467490651,returning,True,0.055897905000000005,0.014709975,0.041187930000000005,0.041187930000000005,5.7,1.5,4.2,4.2,0.23098138427734374,34.28341674804688,10912,35,3,4,10534.0,10749.0,-215.0,-2.00018606381989,10534.0,-215.0,-2.00018606381989
69.41428321995772,returning,True,0.055897905000000005,0.014709975,0.041187930000000005,0.041187930000000005,5.7,1.5,4.2,4.2,0.23098699951171875,34.27780151367188,10918,35,3,4,10530.0,10749.0,-219.0,-2.0373988277979347,10532.666666666666,-216.33333333333334,-2.0125903184792384
69.43340800888836,returning,True,0.05491724,0.014709975,0.040207265,0.040207265,5.6,1.5,4.1,4.1,0.23098699951171875,34.27780151367188,10926,35,3,4,10536.0,10749.0,-213.0,-1.981579681830868,10536.0,-213.0,-1.981579681830868
69.48298879386857,returning,True,0.05491724,0.014709975,0.040207265,0.040207265,5.6,1.5,4.1,4.1,0.2309879150390625,34.27688598632814,10930,35,3,4,10534.0,10749.0,-215.0,-2.00018606381989,10533.666666666666,-215.33333333333334,-2.0032871274847275
69.53378776786849,returning,True,0.05491724,0.014709975,0.040207265,0.040207265,5.6,1.5,4.1,4.1,0.2309879150390625,34.27688598632814,10937,35,3,4,10529.0,10749.0,-220.0,-2.0467020187924456,10529.0,-220.0,-2.0467020187924456
69.60089414194226,returning,True,0.053936575,0.014709975,0.0392266,0.0392266,5.5,1.5,4.0,4.0,0.23099461364746093,34.270187377929695,10944,35,3,4,10533.0,10749.0,-216.0,-2.0094892548144014,10533.0,-216.0,-2.0094892548144014
69.64813509397209,returning,True,0.053936575,0.014709975,0.0392266,0.0392266,5.5,1.5,4.0,4.0,0.23100704956054688,34.25775146484375,10948,35,3,4,10538.0,10749.0,-211.0,-1.9629732998418457,10536.0,-213.0,-1.981579681830868
69.70302290702239,returning,True,0.05295591,0.014709975,0.038245935,0.038245935,5.4,1.5,3.9000000000000004,3.9000000000000004,0.23100704956054688,34.25775146484375,10954,35,3,4,10537.0,10749.0,-212.0,-1.9722764908363568,10541.666666666666,-207.33333333333334,-1.9288615995286384
69.7324898429215,returning,True,0.05295591,0.014709975,0.038245935,0.038245935,5.4,1.5,3.9000000000000004,3.9000000000000004,0.23103524780273438,34.22955322265625,10962,35,3,4,10542.0,10749.0,-207.0,-1.9257605358638012,10544.0,-205.0,-1.9071541538747792
69.79757194803096,returning,True,0.05295591,0.014709975,0.038245935,0.038245935,5.4,1.5,3.9000000000000004,3.9000000000000004,0.23105184936523437,34.21295166015626,10972,35,3,4,10543.0,10749.0,-206.0,-1.91645734486929,10543.0,-206.0,-1.91645734486929
69.84943309985101,returning,True,0.05295591,0.014709975,0.038245935,0.038245935,5.4,1.5,3.9000000000000004,3.9000000000000004,0.23105184936523437,34.21295166015626,10975,35,3,4,10560.0,10749.0,-189.0,-1.758303097962601,10548.666666666666,-200.33333333333334,-1.8637392625670604
69.88260520086624,returning,True,0.05295591,0.014709975,0.038245935,0.038245935,5.4,1.5,3.9000000000000004,3.9000000000000004,0.2311076354980469,34.15716552734374,10980,35,3,4,10576.0,10749.0,-173.0,-1.6094520420504232,10576.0,-173.0,-1.6094520420504235
69.9328271818813,returning,True,0.05295591,0.014709975,0.038245935,0.038245935,5.4,1.5,3.9000000000000004,3.9000000000000004,0.23126382446289062,34.00097656250001,10989,35,3,4,10583.0,10749.0,-166.0,-1.5443297050888454,10583.0,-166.0,-1.5443297050888454
69.99781250488013,returning,True,0.051975244999999996,0.014709975,0.037265269999999996,0.037265269999999996,5.3,1.5,3.7999999999999994,3.7999999999999994,0.23137030029296876,33.89450073242187,11000,35,3,4,10597.0,10749.0,-152.0,-1.4140850311656898,10590.333333333334,-158.66666666666666,-1.4761063044624307
70.04876196593978,returning,True,0.051975244999999996,0.014709975,0.037265269999999996,0.037265269999999996,5.3,1.5,3.7999999999999994,3.7999999999999994,0.23137030029296876,33.89450073242187,11004,35,3,4,10598.0,10749.0,-151.0,-1.4047818401711787,10597.666666666666,-151.33333333333334,-1.4078829038360157
70.08421891392209,returning,True,0.051975244999999996,0.014709975,0.037265269999999996,0.037265269999999996,5.3,1.5,3.7999999999999994,3.7999999999999994,0.23142303466796876,33.84176635742187,11010,35,3,4,10589.0,10749.0,-160.0,-1.4885105591217789,10592.666666666666,-156.33333333333334,-1.4543988588085714
70.13399368803948,returning,True,0.051975244999999996,0.014709975,0.037265269999999996,0.037265269999999996,5.3,1.5,3.7999999999999994,3.7999999999999994,0.23142303466796876,33.84176635742187,11016,35,3,4,10591.0,10749.0,-158.0,-1.4699041771327566,10591.0,-158.0,-1.4699041771327568
70.18252913188189,returning,True,0.051975244999999996,0.014709975,0.037265269999999996,0.037265269999999996,5.3,1.5,3.7999999999999994,3.7999999999999994,0.23144805908203125,33.816741943359375,11026,35,3,4,10596.0,10749.0,-153.0,-1.423388222160201,10596.0,-153.0,-1.4233882221602012
70.23190956399776,returning,True,0.050994580000000005,0.014709975,0.036284605000000004,0.036284605000000004,5.2,1.5,3.7000000000000006,3.7000000000000006,0.23146234130859375,33.80245971679688,11032,35,3,4,10594.0,10749.0,-155.0,-1.441994604149223,10595.666666666666,-153.33333333333334,-1.4264892858250378
70.28485141997226,returning,True,0.050994580000000005,0.014709975,0.036284605000000004,0.036284605000000004,5.2,1.5,3.7000000000000006,3.7000000000000006,0.23146234130859375,33.80245971679688,11038,35,3,4,10595.0,10749.0,-154.0,-1.4326914131547122,10595.0,-154.0,-1.4326914131547122
70.33212946099229,returning,True,0.050994580000000005,0.014709975,0.036284605000000004,0.036284605000000004,5.2,1.5,3.7000000000000006,3.7000000000000006,0.231486572265625,33.77822875976563,11043,35,3,4,10596.0,10749.0,-153.0,-1.423388222160201,10595.333333333334,-153.66666666666666,-1.4295903494898752
70.39949333202094,returning,True,0.050013915,0.014709975,0.03530394,0.03530394,5.1,1.5,3.5999999999999996,3.5999999999999996,0.2315037078857422,33.76109313964842,11052,35,3,4,10613.0,10749.0,-136.0,-1.265233975253512,10608.666666666666,-140.33333333333334,-1.3055478028963934
70.44782886304893,returning,True,0.050013915,0.014709975,0.03530394,0.03530394,5.1,1.5,3.5999999999999996,3.5999999999999996,0.2315037078857422,33.76109313964842,11057,35,3,4,10603.0,10749.0,-146.0,-1.3582658851986231,10604.333333333334,-144.66666666666666,-1.345861630539275
70.49819645890966,returning,True,0.050013915,0.014709975,0.03530394,0.03530394,5.1,1.5,3.5999999999999996,3.5999999999999996,0.2315372314453125,33.72756958007814,11062,35,3,4,10609.0,10749.0,-140.0,-1.3024467392315564,10608.333333333334,-140.66666666666666,-1.3086488665612306
70.53267040196806,returning,True,0.050013915,0.014709975,0.03530394,0.03530394,5.1,1.5,3.5999999999999996,3.5999999999999996,0.2316003875732422,33.66441345214844,11068,35,3,4,10624.0,10749.0,-125.0,-1.1628988743138897,10624.0,-125.0,-1.1628988743138897
70.59955915389583,returning,True,0.050013915,0.014709975,0.03530394,0.03530394,5.1,1.5,3.5999999999999996,3.5999999999999996,0.2316003875732422,33.66441345214844,11079,35,3,4,10622.0,10749.0,-127.0,-1.1815052563029118,10622.0,-127.0,-1.1815052563029118
70.6474303288851,returning,True,0.04903325,0.014709975,0.034323275,0.034323275,5.0,1.5,3.5,3.5,0.23179768371582032,33.467117309570305,11081,35,3,4,10622.0,10749.0,-127.0,-1.1815052563029118,10622.0,-127.0,-1.1815052563029118
70.69897118886001,returning,True,0.04903325,0.014709975,0.034323275,0.034323275,5.0,1.5,3.5,3.5,0.231832763671875,33.43203735351563,11087,35,3,4,10627.0,10749.0,-122.0,-1.1349893013303562,10627.0,-122.0,-1.1349893013303562
70.74797862791456,returning,True,0.04903325,0.014709975,0.034323275,0.034323275,5.0,1.5,3.5,3.5,0.231832763671875,33.43203735351563,11094,35,3,4,10622.0,10749.0,-127.0,-1.1815052563029118,10627.333333333334,-121.66666666666667,-1.1318882376655193
70.81486432696693,returning,True,0.04903325,0.014709975,0.034323275,0.034323275,5.0,1.5,3.5,3.5,0.23185211181640625,33.41268920898438,11099,35,3,4,10627.0,10749.0,-122.0,-1.1349893013303562,10627.666666666666,-121.33333333333333,-1.128787174000682
70.83423453196883,returning,True,0.04903325,0.014709975,0.034323275,0.034323275,5.0,1.5,3.5,3.5,0.23185211181640625,33.41268920898438,11103,35,3,4,10627.0,10749.0,-122.0,-1.1349893013303562,10627.0,-122.0,-1.1349893013303562
70.8822754858993,returning,True,0.04903325,0.014709975,0.034323275,0.034323275,5.0,1.5,3.5,3.5,0.23186354064941406,33.40126037597657,11111,35,3,4,10635.0,10749.0,-114.0,-1.0605637733742674,10632.666666666666,-116.33333333333333,-1.0822712190281265
70.93294730503112,returning,True,0.04903325,0.014709975,0.034323275,0.034323275,5.0,1.5,3.5,3.5,0.23186354064941406,33.40126037597657,11116,35,3,4,10626.0,10749.0,-123.0,-1.1442924923248674,10629.333333333334,-119.66666666666667,-1.1132818556764972
71.0004307590425,returning,True,0.04903325,0.014709975,0.034323275,0.034323275,5.0,1.5,3.5,3.5,0.23187397766113282,33.390823364257805,11121,35,3,4,10632.0,10749.0,-117.0,-1.0884733463578007,10632.0,-117.0,-1.0884733463578007
71.03260775795206,returning,True,0.048052585,0.014709975,0.03334261,0.03334261,4.9,1.5,3.4000000000000004,3.4000000000000004,0.2318925018310547,33.37229919433593,11127,35,3,4,10637.0,10749.0,-112.0,-1.0419573913852451,10637.0,-112.0,-1.0419573913852451
71.08191236690618,returning,True,0.048052585,0.014709975,0.03334261,0.03334261,4.9,1.5,3.4000000000000004,3.4000000000000004,0.2318925018310547,33.37229919433593,11133,35,3,4,10649.0,10749.0,-100.0,-0.9303190994511117,10645.666666666666,-103.33333333333333,-0.9613297360994822
71.13166921795346,returning,True,0.047071919999999996,0.014709975,0.032361944999999996,0.032361944999999996,4.8,1.5,3.2999999999999994,3.2999999999999994,0.23199864196777345,33.26615905761718,11143,35,3,4,10651.0,10749.0,-98.0,-0.9117127174620895,10651.0,-98.0,-0.9117127174620895
71.19785029487684,returning,True,0.047071919999999996,0.014709975,0.032361944999999996,0.032361944999999996,4.8,1.5,3.2999999999999994,3.2999999999999994,0.23212124633789064,33.14355468749999,11153,35,3,4,10660.0,10749.0,-89.0,-0.8279839985114894,10660.0,-89.0,-0.8279839985114895
71.24821021500975,returning,True,0.047071919999999996,0.014709975,0.032361944999999996,0.032361944999999996,4.8,1.5,3.2999999999999994,3.2999999999999994,0.23212124633789064,33.14355468749999,11157,35,3,4,10656.0,10749.0,-93.0,-0.8651967624895339,10656.0,-93.0,-0.8651967624895339
71.30066907103173,returning,True,0.047071919999999996,0.014709975,0.032361944999999996,0.032361944999999996,4.8,1.5,3.2999999999999994,3.2999999999999994,0.2322677001953125,32.99710083007812,11163,35,3,4,10658.0,10749.0,-91.0,-0.8465903805005117,10658.0,-91.0,-0.8465903805005116
71.33200670382939,returning,True,0.047071919999999996,0.014709975,0.032361944999999996,0.032361944999999996,4.8,1.5,3.2999999999999994,3.2999999999999994,0.2322677001953125,32.99710083007812,11171,35,3,4,10655.0,10749.0,-94.0,-0.8744999534840451,10655.0,-94.0,-0.8744999534840451
71.39862293493934,returning,True,0.047071919999999996,0.014709975,0.032361944999999996,0.032361944999999996,4.8,1.5,3.2999999999999994,3.2999999999999994,0.23230918884277343,32.955612182617195,11181,35,3,4,10662.0,10749.0,-87.0,-0.8093776165224672,10662.0,-87.0,-0.8093776165224672
71.44866824196652,returning,True,0.047071919999999996,0.014709975,0.032361944999999996,0.032361944999999996,4.8,1.5,3.2999999999999994,3.2999999999999994,0.23230918884277343,32.955612182617195,11186,35,3,4,10662.0,10749.0,-87.0,-0.8093776165224672,10662.0,-87.0,-0.8093776165224672
71.49825279484503,returning,True,0.047071919999999996,0.014709975,0.032361944999999996,0.032361944999999996,4.8,1.5,3.2999999999999994,3.2999999999999994,0.23232115173339843,32.9436492919922,11191,35,3,4,10651.0,10749.0,-98.0,-0.9117127174620895,10651.0,-98.0,-0.9117127174620895
71.53215379291214,returning,True,0.046091255000000005,0.014709975,0.031381280000000004,0.031381280000000004,4.7,1.5,3.2000000000000006,3.2000000000000006,0.23232115173339843,32.9436492919922,11198,35,3,4,10660.0,10749.0,-89.0,-0.8279839985114894,10661.333333333334,-87.66666666666667,-0.8155797438521413
71.58212617295794,returning,True,0.046091255000000005,0.014709975,0.031381280000000004,0.031381280000000004,4.7,1.5,3.2000000000000006,3.2000000000000006,0.23232713317871095,32.93766784667967,11205,35,3,4,10656.0,10749.0,-93.0,-0.8651967624895339,10656.0,-93.0,-0.8651967624895339
71.63343725190498,returning,True,0.046091255000000005,0.014709975,0.031381280000000004,0.031381280000000004,4.7,1.5,3.2000000000000006,3.2000000000000006,0.23232838439941406,32.93641662597657,11211,35,3,4,10665.0,10749.0,-84.0,-0.7814680435389338,10665.0,-84.0,-0.781468043538934
71.6829910648521,returning,True,0.046091255000000005,0.014709975,0.031381280000000004,0.031381280000000004,4.7,1.5,3.2000000000000006,3.2000000000000006,0.23232838439941406,32.93641662597657,11216,35,3,4,10666.0,10749.0,-83.0,-0.7721648525444227,10666.0,-83.0,-0.7721648525444227
71.73329153703526,returning,True,0.046091255000000005,0.014709975,0.031381280000000004,0.031381280000000004,4.7,1.5,3.2000000000000006,3.2000000000000006,0.23232443237304687,32.94036865234376,11223,35,3,4,10663.0,10749.0,-86.0,-0.800074425527956,10665.666666666666,-83.33333333333333,-0.7752659162092598
71.79990509501658,returning,True,0.046091255000000005,0.014709975,0.031381280000000004,0.031381280000000004,4.7,1.5,3.2000000000000006,3.2000000000000006,0.2323306579589844,32.93414306640624,11230,35,3,4,10667.0,10749.0,-82.0,-0.7628616615499116,10667.0,-82.0,-0.7628616615499116
71.84863322298042,returning,True,0.046091255000000005,0.014709975,0.031381280000000004,0.031381280000000004,4.7,1.5,3.2000000000000006,3.2000000000000006,0.2323306579589844,32.93414306640624,11234,35,3,4,10660.0,10749.0,-89.0,-0.8279839985114894,10662.333333333334,-86.66666666666667,-0.80627655285763
71.89820704003796,returning,True,0.046091255000000005,0.014709975,0.031381280000000004,0.031381280000000004,4.7,1.5,3.2000000000000006,3.2000000000000006,0.23233731079101563,32.92749023437499,11240,35,3,4,10668.0,10749.0,-81.0,-0.7535584705554005,10668.0,-81.0,-0.7535584705554005
71.94779874989763,returning,True,0.046091255000000005,0.014709975,0.031381280000000004,0.031381280000000004,4.7,1.5,3.2000000000000006,3.2000000000000006,0.23233731079101563,32.92749023437499,11245,35,3,4,10661.0,10749.0,-88.0,-0.8186808075169784,10661.0,-88.0,-0.8186808075169784
72.01713252300397,returning,True,0.046091255000000005,0.014709975,0.031381280000000004,0.031381280000000004,4.7,1.5,3.2000000000000006,3.2000000000000006,0.23237384033203126,32.89096069335937,11251,35,3,4,10678.0,10749.0,-71.0,-0.6605265606102894,10672.0,-77.0,-0.7163457065773561
72.03394108498469,returning,True,0.04511059,0.014709975,0.030400615,0.030400615,4.6,1.5,3.0999999999999996,3.0999999999999996,0.23237384033203126,32.89096069335937,11255,35,3,4,10678.0,10749.0,-71.0,-0.6605265606102894,10678.0,-71.0,-0.6605265606102894
72.08246553805657,returning,True,0.04511059,0.014709975,0.030400615,0.030400615,4.6,1.5,3.0999999999999996,3.0999999999999996,0.23252540588378906,32.73939514160157,11264,35,3,4,10682.0,10749.0,-67.0,-0.6233137966322448,10682.0,-67.0,-0.6233137966322448
72.13346686284058,returning,True,0.044129925,0.014709975,0.02941995,0.02941995,4.5,1.5,3.0,3.0,0.23277468872070314,32.490112304687486,11271,35,3,4,10687.0,10749.0,-62.0,-0.5767978416596893,10685.333333333334,-63.666666666666664,-0.5923031599838745
72.19782524602488,returning,True,0.044129925,0.014709975,0.02941995,0.02941995,4.5,1.5,3.0,3.0,0.23277468872070314,32.490112304687486,11279,35,3,4,10691.0,10749.0,-58.0,-0.5395850776816448,10691.0,-58.0,-0.5395850776816448
72.24772298894823,returning,True,0.044129925,0.014709975,0.02941995,0.02941995,4.5,1.5,3.0,3.0,0.23287899780273438,32.38580322265624,11283,35,3,4,10688.0,10749.0,-61.0,-0.5674946506651781,10688.0,-61.0,-0.5674946506651781
72.29762676893733,returning,True,0.044129925,0.014709975,0.02941995,0.02941995,4.5,1.5,3.0,3.0,0.23287899780273438,32.38580322265624,11289,35,3,4,10694.0,10749.0,-55.0,-0.5116755046981114,10693.333333333334,-55.666666666666664,-0.5178776320277855
72.35097748390399,returning,True,0.044129925,0.014709975,0.02941995,0.02941995,4.5,1.5,3.0,3.0,0.23297811889648437,32.28668212890626,11295,35,3,4,10686.0,10749.0,-63.0,-0.5861010326542004,10688.666666666666,-60.333333333333336,-0.5612925233355041
72.41687849001028,returning,True,0.044129925,0.014709975,0.02941995,0.02941995,4.5,1.5,3.0,3.0,0.23306362915039064,32.20117187499999,11302,35,3,4,10687.0,10749.0,-62.0,-0.5767978416596893,10689.666666666666,-59.333333333333336,-0.5519893323409929
72.43421833892353,returning,True,0.044129925,0.014709975,0.02941995,0.02941995,4.5,1.5,3.0,3.0,0.23306362915039064,32.20117187499999,11308,35,3,4,10698.0,10749.0,-51.0,-0.474462740720067,10695.666666666666,-53.333333333333336,-0.4961701863739263
72.48192603490315,returning,True,0.044129925,0.014709975,0.02941995,0.02941995,4.5,1.5,3.0,3.0,0.2330724792480469,32.19232177734374,11314,35,3,4,10695.0,10749.0,-54.0,-0.5023723137036004,10695.0,-54.0,-0.5023723137036004
72.53322979691438,returning,True,0.044129925,0.014709975,0.02941995,0.02941995,4.5,1.5,3.0,3.0,0.2330724792480469,32.19232177734374,11322,35,3,4,10686.0,10749.0,-63.0,-0.5861010326542004,10686.0,-63.0,-0.5861010326542004
72.5989469490014,returning,True,0.044129925,0.014709975,0.02941995,0.02941995,4.5,1.5,3.0,3.0,0.23307617187500002,32.18862915039061,11330,35,3,4,10688.0,10749.0,-61.0,-0.5674946506651781,10688.0,-61.0,-0.5674946506651781
72.63157403096557,returning,True,0.044129925,0.014709975,0.02941995,0.02941995,4.5,1.5,3.0,3.0,0.2330823974609375,32.182403564453125,11336,35,3,4,10695.0,10749.0,-54.0,-0.5023723137036004,10695.333333333334,-53.666666666666664,-0.49927125003876327
72.68215676397085,returning,True,0.044129925,0.014709975,0.02941995,0.02941995,4.5,1.5,3.0,3.0,0.2330823974609375,32.182403564453125,11346,35,3,4,10688.0,10749.0,-61.0,-0.5674946506651781,10688.0,-61.0,-0.5674946506651781
72.73157022101805,returning,True,0.044129925,0.014709975,0.02941995,0.02941995,4.5,1.5,3.0,3.0,0.2330880889892578,32.17671203613281,11356,35,3,4,10695.0,10749.0,-54.0,-0.5023723137036004,10695.0,-54.0,-0.5023723137036004
72.79828067892231,returning,True,0.04314926,0.014709975,0.028439285,0.028439285,4.4,1.5,2.9000000000000004,2.9000000000000004,0.233095947265625,32.16885375976564,11365,35,3,4,10701.0,10749.0,-48.0,-0.44655316773653364,10701.0,-48.0,-0.4465531677365336
72.83205097005703,returning,True,0.04314926,0.014709975,0.028439285,0.028439285,4.4,1.5,2.9000000000000004,2.9000000000000004,0.23310922241210938,32.15557861328125,11373,35,3,4,10689.0,10749.0,-60.0,-0.5581914596706671,10689.666666666666,-59.333333333333336,-0.5519893323409929
72.88212202885188,returning,True,0.04314926,0.014709975,0.028439285,0.028439285,4.4,1.5,2.9000000000000004,2.9000000000000004,0.2331216735839844,32.143127441406236,11382,35,3,4,10690.0,10749.0,-59.0,-0.5488882686761559,10695.333333333334,-53.666666666666664,-0.49927125003876327
72.93359055393375,returning,True,0.04314926,0.014709975,0.028439285,0.028439285,4.4,1.5,2.9000000000000004,2.9000000000000004,0.23313510131835938,32.12969970703125,11393,35,3,4,10694.0,10749.0,-55.0,-0.5116755046981114,10694.0,-55.0,-0.5116755046981114
72.99944109097123,returning,True,0.04314926,0.014709975,0.028439285,0.028439285,4.4,1.5,2.9000000000000004,2.9000000000000004,0.23317910766601563,32.085693359375,11402,35,3,4,10702.0,10749.0,-47.0,-0.43724997674202254,10702.0,-47.0,-0.43724997674202254
73.03188645001501,returning,True,0.042168594999999996,0.014709975,0.027458619999999996,0.027458619999999996,4.3,1.5,2.7999999999999994,2.7999999999999994,0.23317910766601563,32.085693359375,11407,35,3,4,10698.0,10749.0,-51.0,-0.474462740720067,10698.333333333334,-50.666666666666664,-0.47136167705522997
73.08183124288917,returning,True,0.042168594999999996,0.014709975,0.027458619999999996,0.027458619999999996,4.3,1.5,2.7999999999999994,2.7999999999999994,0.2332859802246094,31.97882080078124,11415,35,3,4,10706.0,10749.0,-43.0,-0.400037212763978,10706.0,-43.0,-0.400037212763978
73.13255865988322,returning,True,0.042168594999999996,0.014709975,0.027458619999999996,0.027458619999999996,4.3,1.5,2.7999999999999994,2.7999999999999994,0.23331028747558594,31.95451354980469,11425,35,3,4,10697.0,10749.0,-52.0,-0.4837659317145781,10697.0,-52.0,-0.4837659317145781
73.18276817305014,returning,True,0.042168594999999996,0.014709975,0.027458619999999996,0.027458619999999996,4.3,1.5,2.7999999999999994,2.7999999999999994,0.23332635498046875,31.938446044921882,11435,35,3,4,10702.0,10749.0,-47.0,-0.43724997674202254,10701.333333333334,-47.666666666666664,-0.4434521040716966
73.23323640786111,returning,True,0.042168594999999996,0.014709975,0.027458619999999996,0.027458619999999996,4.3,1.5,2.7999999999999994,2.7999999999999994,0.23335098266601562,31.913818359375014,11440,35,3,4,10703.0,10749.0,-46.0,-0.4279467857475114,10702.666666666666,-46.333333333333336,-0.4310478494123484
73.28325513890013,returning,True,0.042168594999999996,0.014709975,0.027458619999999996,0.027458619999999996,4.3,1.5,2.7999999999999994,2.7999999999999994,0.23335098266601562,31.913818359375014,11448,35,3,4,10707.0,10749.0,-42.0,-0.3907340217694669,10704.666666666666,-44.333333333333336,-0.41244146742332627
73.3319924720563,returning,True,0.042168594999999996,0.014709975,0.027458619999999996,0.027458619999999996,4.3,1.5,2.7999999999999994,2.7999999999999994,0.2334690399169922,31.795761108398434,11454,35,3,4,10712.0,10749.0,-37.0,-0.34421806679691136,10712.0,-37.0,-0.3442180667969114
73.39814235200174,returning,True,0.042168594999999996,0.014709975,0.027458619999999996,0.027458619999999996,4.3,1.5,2.7999999999999994,2.7999999999999994,0.23359848022460938,31.666320800781243,11463,35,3,4,10707.0,10749.0,-42.0,-0.3907340217694669,10709.666666666666,-39.333333333333336,-0.3659255124507706
73.4481709159445,returning,True,0.042168594999999996,0.014709975,0.027458619999999996,0.027458619999999996,4.3,1.5,2.7999999999999994,2.7999999999999994,0.23359848022460938,31.666320800781243,11468,35,3,4,10704.0,10749.0,-45.0,-0.4186435947530003,10704.0,-45.0,-0.4186435947530003
73.49813766591251,returning,True,0.042168594999999996,0.014709975,0.027458619999999996,0.027458619999999996,4.3,1.5,2.7999999999999994,2.7999999999999994,0.23365390014648438,31.61090087890625,11474,35,3,4,10709.0,10749.0,-40.0,-0.3721276397804447,10713.0,-36.0,-0.33491487580240026
73.53203932987526,returning,True,0.042168594999999996,0.014709975,0.027458619999999996,0.027458619999999996,4.3,1.5,2.7999999999999994,2.7999999999999994,0.23365390014648438,31.61090087890625,11481,35,3,4,10709.0,10749.0,-40.0,-0.3721276397804447,10709.666666666666,-39.333333333333336,-0.3659255124507706
73.59917963598855,returning,True,0.042168594999999996,0.014709975,0.027458619999999996,0.027458619999999996,4.3,1.5,2.7999999999999994,2.7999999999999994,0.23369253540039062,31.57226562500001,11490,35,3,4,10714.0,10749.0,-35.0,-0.3256116848078891,10714.0,-35.0,-0.3256116848078891
73.63250064686872,returning,True,0.042168594999999996,0.014709975,0.027458619999999996,0.027458619999999996,4.3,1.5,2.7999999999999994,2.7999999999999994,0.23374029541015626,31.52450561523437,11497,35,3,4,10710.0,10749.0,-39.0,-0.36282444878593356,10710.0,-39.0,-0.36282444878593356
73.68224887386896,returning,True,0.042168594999999996,0.014709975,0.027458619999999996,0.027458619999999996,4.3,1.5,2.7999999999999994,2.7999999999999994,0.23380438232421877,31.46041870117186,11507,35,3,4,10715.0,10749.0,-34.0,-0.316308493813378,10711.0,-38.0,-0.35352125779142246
73.73173353495076,returning,True,0.042168594999999996,0.014709975,0.027458619999999996,0.027458619999999996,4.3,1.5,2.7999999999999994,2.7999999999999994,0.2338411865234375,31.423614501953136,11517,35,3,4,10710.0,10749.0,-39.0,-0.36282444878593356,10710.666666666666,-38.333333333333336,-0.35662232145625944
73.79776896396652,returning,True,0.041187930000000005,0.014709975,0.026477955000000004,0.026477955000000004,4.2,1.5,2.7000000000000006,2.7000000000000006,0.23392724609375,31.337554931640614,11527,35,3,4,10716.0,10749.0,-33.0,-0.3070053028188669,10716.0,-33.0,-0.3070053028188669
73.85026610502973,returning,True,0.041187930000000005,0.014709975,0.026477955000000004,0.026477955000000004,4.2,1.5,2.7000000000000006,2.7000000000000006,0.23397297668457032,31.291824340820312,11534,35,3,4,10716.0,10749.0,-33.0,-0.3070053028188669,10715.666666666666,-33.333333333333336,-0.3101063664837039
73.8817063998431,returning,True,0.041187930000000005,0.014709975,0.026477955000000004,0.026477955000000004,4.2,1.5,2.7000000000000006,2.7000000000000006,0.23397297668457032,31.291824340820312,11541,35,3,4,10713.0,10749.0,-36.0,-0.3349148758024002,10713.0,-36.0,-0.33491487580240015
73.93160729901865,returning,True,0.041187930000000005,0.014709975,0.026477955000000004,0.026477955000000004,4.2,1.5,2.7000000000000006,2.7000000000000006,0.23399905395507814,31.26574707031249,11551,35,3,4,10708.0,10749.0,-41.0,-0.3814308307749558,10708.0,-41.0,-0.3814308307749558
73.9824343319051,returning,True,0.041187930000000005,0.014709975,0.026477955000000004,0.026477955000000004,4.2,1.5,2.7000000000000006,2.7000000000000006,0.234021728515625,31.24307250976563,11561,35,3,4,10719.0,10749.0,-30.0,-0.27909572983533354,10715.666666666666,-33.333333333333336,-0.3101063664837039
74.03148113493808,returning,True,0.041187930000000005,0.014709975,0.026477955000000004,0.026477955000000004,4.2,1.5,2.7000000000000006,2.7000000000000006,0.23408457946777345,31.180221557617184,11568,35,3,4,10717.0,10749.0,-32.0,-0.29770211182435574,10715.333333333334,-33.666666666666664,-0.31320743014854097
74.08319630101323,returning,True,0.041187930000000005,0.014709975,0.026477955000000004,0.026477955000000004,4.2,1.5,2.7000000000000006,2.7000000000000006,0.23408457946777345,31.180221557617184,11574,35,3,4,10714.0,10749.0,-35.0,-0.3256116848078891,10715.0,-34.0,-0.316308493813378
74.13180446997285,returning,True,0.040207265,0.014709975,0.02549729,0.02549729,4.1,1.5,2.5999999999999996,2.5999999999999996,0.23414913940429688,31.11566162109375,11581,35,3,4,10718.0,10749.0,-31.0,-0.28839892082984464,10718.0,-31.0,-0.28839892082984464
74.19773851591162,returning,True,0.040207265,0.014709975,0.02549729,0.02549729,4.1,1.5,2.5999999999999996,2.5999999999999996,0.2341668701171875,31.097930908203118,11588,35,3,4,10718.0,10749.0,-31.0,-0.28839892082984464,10718.0,-31.0,-0.28839892082984464
74.25025833887048,returning,True,0.040207265,0.014709975,0.02549729,0.02549729,4.1,1.5,2.5999999999999996,2.5999999999999996,0.2341668701171875,31.097930908203118,11592,35,3,4,10719.0,10749.0,-30.0,-0.27909572983533354,10718.333333333334,-30.666666666666668,-0.2852978571650076
74.28331241803244,returning,True,0.040207265,0.014709975,0.02549729,0.02549729,4.1,1.5,2.5999999999999996,2.5999999999999996,0.23418649291992188,31.078308105468743,11598,35,3,4,10713.0,10749.0,-36.0,-0.3349148758024002,10714.333333333334,-34.666666666666664,-0.32251062114305207
74.33200209587812,returning,True,0.040207265,0.014709975,0.02549729,0.02549729,4.1,1.5,2.5999999999999996,2.5999999999999996,0.23420791625976564,31.056884765624986,11609,35,3,4,10722.0,10749.0,-27.0,-0.2511861568518002,10722.0,-27.0,-0.2511861568518002
74.39864555094391,returning,True,0.040207265,0.014709975,0.02549729,0.02549729,4.1,1.5,2.5999999999999996,2.5999999999999996,0.23431619262695313,30.948608398437493,11617,35,3,4,10723.0,10749.0,-26.0,-0.24188296585728905,10723.0,-26.0,-0.24188296585728905
74.43169727991335,returning,True,0.040207265,0.014709975,0.02549729,0.02549729,4.1,1.5,2.5999999999999996,2.5999999999999996,0.23431619262695313,30.948608398437493,11624,35,3,4,10722.0,10749.0,-27.0,-0.2511861568518002,10722.0,-27.0,-0.2511861568518002
74.48321134899743,returning,True,0.040207265,0.014709975,0.02549729,0.02549729,4.1,1.5,2.5999999999999996,2.5999999999999996,0.23443319702148438,30.83160400390625,11633,35,3,4,10723.0,10749.0,-26.0,-0.24188296585728905,10723.0,-26.0,-0.24188296585728905
74.53185076196678,returning,True,0.040207265,0.014709975,0.02549729,0.02549729,4.1,1.5,2.5999999999999996,2.5999999999999996,0.23445877075195312,30.806030273437507,11643,35,3,4,10724.0,10749.0,-25.0,-0.23257977486277792,10718.0,-31.0,-0.28839892082984464
74.5996299230028,returning,True,0.040207265,0.014709975,0.02549729,0.02549729,4.1,1.5,2.5999999999999996,2.5999999999999996,0.2344769287109375,30.787872314453125,11653,35,3,4,10721.0,10749.0,-28.0,-0.2604893478463113,10723.333333333334,-25.666666666666668,-0.238781902192452
74.64793683285825,returning,True,0.040207265,0.014709975,0.02549729,0.02549729,4.1,1.5,2.5999999999999996,2.5999999999999996,0.2344769287109375,30.787872314453125,11657,35,3,4,10723.0,10749.0,-26.0,-0.24188296585728905,10722.333333333334,-26.666666666666668,-0.24808509318696315
74.69809311488643,returning,True,0.040207265,0.014709975,0.02549729,0.02549729,4.1,1.5,2.5999999999999996,2.5999999999999996,0.23451361083984376,30.751190185546868,11662,35,3,4,10723.0,10749.0,-26.0,-0.24188296585728905,10723.0,-26.0,-0.24188296585728905
74.73173869983293,returning,True,0.040207265,0.014709975,0.02549729,0.02549729,4.1,1.5,2.5999999999999996,2.5999999999999996,0.2345325622558594,30.73223876953124,11669,35,3,4,10716.0,10749.0,-33.0,-0.3070053028188669,10721.333333333334,-27.666666666666668,-0.25738828418147425
74.78314183000475,returning,True,0.0392266,0.014709975,0.024516625,0.024516625,4.0,1.5,2.5,2.5,0.2345325622558594,30.73223876953124,11677,35,3,4,10720.0,10749.0,-29.0,-0.2697925388408224,10720.0,-29.0,-0.2697925388408224
74.83179785683751,returning,True,0.0392266,0.014709975,0.024516625,0.024516625,4.0,1.5,2.5,2.5,0.23455328369140627,30.71151733398436,11682,35,3,4,10726.0,10749.0,-23.0,-0.2139733928737557,10724.666666666666,-24.333333333333332,-0.22637764753310385
74.88224947592244,returning,True,0.0392266,0.014709975,0.024516625,0.024516625,4.0,1.5,2.5,2.5,0.23458273315429687,30.68206787109376,11690,35,3,4,10726.0,10749.0,-23.0,-0.2139733928737557,10724.666666666666,-24.333333333333332,-0.22637764753310385
74.93168257200159,returning,True,0.0392266,0.014709975,0.024516625,0.024516625,4.0,1.5,2.5,2.5,0.23458273315429687,30.68206787109376,11696,35,3,4,10720.0,10749.0,-29.0,-0.2697925388408224,10722.333333333334,-26.666666666666668,-0.24808509318696315
74.9978718420025,returning,True,0.0392266,0.014709975,0.024516625,0.024516625,4.0,1.5,2.5,2.5,0.2347009735107422,30.563827514648423,11704,35,3,4,10724.0,10749.0,-25.0,-0.23257977486277792,10724.0,-25.0,-0.23257977486277792
75.04992571496405,returning,True,0.0392266,0.014709975,0.024516625,0.024516625,4.0,1.5,2.5,2.5,0.2348416748046875,30.423126220703118,11709,35,3,4,10724.0,10749.0,-25.0,-0.23257977486277792,10723.333333333334,-25.666666666666668,-0.238781902192452
75.10082936892286,returning,True,0.0392266,0.014709975,0.024516625,0.024516625,4.0,1.5,2.5,2.5,0.2348416748046875,30.423126220703118,11715,35,3,4,10732.0,10749.0,-17.0,-0.158154246906689,10732.0,-17.0,-0.158154246906689
75.14797326899134,returning,True,0.0392266,0.014709975,0.024516625,0.024516625,4.0,1.5,2.5,2.5,0.23497219848632814,30.29260253906249,11720,35,3,4,10729.0,10749.0,-20.0,-0.18606381989022236,10728.666666666666,-20.333333333333332,-0.18916488355505937
75.21653152699582,returning,True,0.038245935,0.014709975,0.02353596,0.02353596,3.9000000000000004,1.5,2.4000000000000004,2.4000000000000004,0.23498593139648438,30.278869628906246,11727,35,3,4,10734.0,10749.0,-15.0,-0.13954786491766677,10730.666666666666,-18.333333333333332,-0.17055850156603716
75.2362661769148,returning,True,0.038245935,0.014709975,0.02353596,0.02353596,3.9000000000000004,1.5,2.4000000000000004,2.4000000000000004,0.23498593139648438,30.278869628906246,11730,35,3,4,10734.0,10749.0,-15.0,-0.13954786491766677,10734.0,-15.0,-0.13954786491766677
75.28197351191193,returning,True,0.038245935,0.014709975,0.02353596,0.02353596,3.9000000000000004,1.5,2.4000000000000004,2.4000000000000004,0.23498593139648438,30.278869628906246,11740,35,3,4,10731.0,10749.0,-18.0,-0.1674574379012001,10731.0,-18.0,-0.16745743790120007
75.33263410488144,returning,True,0.038245935,0.014709975,0.02353596,0.02353596,3.9000000000000004,1.5,2.4000000000000004,2.4000000000000004,0.23499729919433593,30.267501831054698,11749,35,3,4,10732.0,10749.0,-17.0,-0.158154246906689,10734.0,-15.0,-0.13954786491766677
75.40022889897227,returning,True,0.038245935,0.014709975,0.02353596,0.02353596,3.9000000000000004,1.5,2.4000000000000004,2.4000000000000004,0.23501058959960938,30.254211425781246,11759,35,3,4,10733.0,10749.0,-16.0,-0.14885105591217787,10733.0,-16.0,-0.14885105591217787
75.4480416700244,returning,True,0.038245935,0.014709975,0.02353596,0.02353596,3.9000000000000004,1.5,2.4000000000000004,2.4000000000000004,0.23502377319335938,30.241027832031254,11765,35,3,4,10733.0,10749.0,-16.0,-0.14885105591217787,10733.0,-16.0,-0.14885105591217787
75.4981643918436,returning,True,0.038245935,0.014709975,0.02353596,0.02353596,3.9000000000000004,1.5,2.4000000000000004,2.4000000000000004,0.23504733276367187,30.217468261718754,11771,35,3,4,10729.0,10749.0,-20.0,-0.18606381989022236,10729.0,-20.0,-0.18606381989022236
75.54954492184334,returning,True,0.038245935,0.014709975,0.02353596,0.02353596,3.9000000000000004,1.5,2.4000000000000004,2.4000000000000004,0.23504733276367187,30.217468261718754,11777,35,3,4,10736.0,10749.0,-13.0,-0.12094148292864453,10736.0,-13.0,-0.12094148292864453
75.6172130878549,returning,True,0.038245935,0.014709975,0.02353596,0.02353596,3.9000000000000004,1.5,2.4000000000000004,2.4000000000000004,0.23517147827148438,30.09332275390625,11782,35,3,4,10737.0,10749.0,-12.0,-0.11163829193413341,10737.0,-12.0,-0.1116382919341334
75.63747619790956,returning,True,0.038245935,0.014709975,0.02353596,0.02353596,3.9000000000000004,1.5,2.4000000000000004,2.4000000000000004,0.23517147827148438,30.09332275390625,11787,35,3,4,10738.0,10749.0,-11.0,-0.1023351009396223,10734.666666666666,-14.333333333333334,-0.13334573758799267
75.68158101686276,returning,True,0.038245935,0.014709975,0.02353596,0.02353596,3.9000000000000004,1.5,2.4000000000000004,2.4000000000000004,0.23535476684570314,29.91003417968749,11796,35,3,4,10743.0,10749.0,-6.0,-0.055819145967066705,10743.0,-6.0,-0.0558191459670667
75.73263714788482,returning,True,0.038245935,0.014709975,0.02353596,0.02353596,3.9000000000000004,1.5,2.4000000000000004,2.4000000000000004,0.2353938446044922,29.87095642089843,11804,35,3,4,10740.0,10749.0,-9.0,-0.08372871895060005,10740.0,-9.0,-0.08372871895060004
75.79956334503368,returning,True,0.038245935,0.014709975,0.02353596,0.02353596,3.9000000000000004,1.5,2.4000000000000004,2.4000000000000004,0.23539910888671875,29.86569213867188,11813,35,3,4,10736.0,10749.0,-13.0,-0.12094148292864453,10737.333333333334,-11.666666666666666,-0.10853722826929636
75.84883511485532,returning,True,0.038245935,0.014709975,0.02353596,0.02353596,3.9000000000000004,1.5,2.4000000000000004,2.4000000000000004,0.23540377807617188,29.861022949218746,11819,35,3,4,10737.0,10749.0,-12.0,-0.11163829193413341,10736.666666666666,-12.333333333333334,-0.11473935559897046
75.90087490901351,returning,True,0.038245935,0.014709975,0.02353596,0.02353596,3.9000000000000004,1.5,2.4000000000000004,2.4000000000000004,0.23540377807617188,29.861022949218746,11824,35,3,4,10734.0,10749.0,-15.0,-0.13954786491766677,10735.0,-14.0,-0.13024467392315564
75.94961104192771,returning,True,0.038245935,0.014709975,0.02353596,0.02353596,3.9000000000000004,1.5,2.4000000000000004,2.4000000000000004,0.23541213989257814,29.852661132812486,11831,35,3,4,10741.0,10749.0,-8.0,-0.07442552795608894,10741.0,-8.0,-0.07442552795608894
76.01665592682548,returning,True,0.038245935,0.014709975,0.02353596,0.02353596,3.9000000000000004,1.5,2.4000000000000004,2.4000000000000004,0.23541213989257814,29.852661132812486,11837,35,3,4,10747.0,10749.0,-2.0,-0.018606381989022234,10740.333333333334,-8.666666666666666,-0.08062765528576302
76.03275868203491,returning,True,0.038245935,0.014709975,0.02353596,0.02353596,3.9000000000000004,1.5,2.4000000000000004,2.4000000000000004,0.2354368896484375,29.82791137695312,11841,35,3,4,10737.0,10749.0,-12.0,-0.11163829193413341,10743.666666666666,-5.333333333333333,-0.049617018637392624
76.08180996589363,returning,True,0.037265269999999996,0.014709975,0.022555294999999996,0.022555294999999996,3.7999999999999994,1.5,2.2999999999999994,2.2999999999999994,0.2354368896484375,29.82791137695312,11847,35,3,4,10735.0,10749.0,-14.0,-0.13024467392315564,10735.0,-14.0,-0.13024467392315564
76.13264471804723,returning,True,0.037265269999999996,0.014709975,0.022555294999999996,0.022555294999999996,3.7999999999999994,1.5,2.2999999999999994,2.2999999999999994,0.23546298217773437,29.801818847656257,11855,35,3,4,10738.0,10749.0,-11.0,-0.1023351009396223,10738.0,-11.0,-0.1023351009396223
76.20125833293423,returning,True,0.037265269999999996,0.014709975,0.022555294999999996,0.022555294999999996,3.7999999999999994,1.5,2.2999999999999994,2.2999999999999994,0.23550238037109375,29.76242065429688,11864,35,3,4,10743.0,10749.0,-6.0,-0.055819145967066705,10744.0,-5.0,-0.04651595497255558
76.24752623587847,returning,True,0.037265269999999996,0.014709975,0.022555294999999996,0.022555294999999996,3.7999999999999994,1.5,2.2999999999999994,2.2999999999999994,0.23550238037109375,29.76242065429688,11866,35,3,4,10743.0,10749.0,-6.0,-0.055819145967066705,10743.0,-6.0,-0.0558191459670667
76.29781503090635,returning,True,0.037265269999999996,0.014709975,0.022555294999999996,0.022555294999999996,3.7999999999999994,1.5,2.2999999999999994,2.2999999999999994,0.2355630798339844,29.70172119140624,11873,35,3,4,10742.0,10749.0,-7.0,-0.06512233696157782,10741.666666666666,-7.333333333333333,-0.06822340062641485
76.3496939940378,returning,True,0.037265269999999996,0.014709975,0.022555294999999996,0.022555294999999996,3.7999999999999994,1.5,2.2999999999999994,2.2999999999999994,0.2355630798339844,29.70172119140624,11878,35,3,4,10737.0,10749.0,-12.0,-0.11163829193413341,10738.666666666666,-10.333333333333334,-0.09613297360994821
76.41723644500598,returning,True,0.037265269999999996,0.014709975,0.022555294999999996,0.022555294999999996,3.7999999999999994,1.5,2.2999999999999994,2.2999999999999994,0.235708984375,29.555816650390614,11884,35,3,4,10737.0,10749.0,-12.0,-0.11163829193413341,10737.0,-12.0,-0.1116382919341334
76.43246248783544,returning,True,0.037265269999999996,0.014709975,0.022555294999999996,0.022555294999999996,3.7999999999999994,1.5,2.2999999999999994,2.2999999999999994,0.23574270629882813,29.522094726562504,11891,35,3,4,10744.0,10749.0,-5.0,-0.04651595497255559,10743.666666666666,-5.333333333333333,-0.04961701863739263
76.48239677795209,returning,True,0.037265269999999996,0.014709975,0.022555294999999996,0.022555294999999996,3.7999999999999994,1.5,2.2999999999999994,2.2999999999999994,0.23575784301757813,29.5069580078125,11901,35,3,4,10745.0,10749.0,-4.0,-0.03721276397804447,10745.0,-4.0,-0.03721276397804447
76.53181111696176,returning,True,0.037265269999999996,0.014709975,0.022555294999999996,0.022555294999999996,3.7999999999999994,1.5,2.2999999999999994,2.2999999999999994,0.23575784301757813,29.5069580078125,11911,35,3,4,10742.0,10749.0,-7.0,-0.06512233696157782,10742.0,-7.0,-0.06512233696157782
76.59789165086113,returning,True,0.037265269999999996,0.014709975,0.022555294999999996,0.022555294999999996,3.7999999999999994,1.5,2.2999999999999994,2.2999999999999994,0.2357579345703125,29.506866455078136,11921,35,3,4,10743.0,10749.0,-6.0,-0.055819145967066705,10743.0,-6.0,-0.0558191459670667
76.64795123203658,returning,True,0.037265269999999996,0.014709975,0.022555294999999996,0.022555294999999996,3.7999999999999994,1.5,2.2999999999999994,2.2999999999999994,0.2357579345703125,29.506866455078136,11927,35,3,4,10745.0,10749.0,-4.0,-0.03721276397804447,10741.666666666666,-7.333333333333333,-0.06822340062641485
76.6866172759328,returning,True,0.037265269999999996,0.014709975,0.022555294999999996,0.022555294999999996,3.7999999999999994,1.5,2.2999999999999994,2.2999999999999994,0.23582987976074218,29.434921264648445,11932,35,3,4,10744.0,10749.0,-5.0,-0.04651595497255559,10744.666666666666,-4.333333333333333,-0.04031382764288151
76.73315180186182,returning,True,0.036284605000000004,0.014709975,0.021574630000000004,0.021574630000000004,3.7000000000000006,1.5,2.2000000000000006,2.2000000000000006,0.23582987976074218,29.434921264648445,11939,35,3,4,10746.0,10749.0,-3.0,-0.027909572983533353,10746.0,-3.0,-0.02790957298353335
76.78267163783312,returning,True,0.036284605000000004,0.014709975,0.021574630000000004,0.021574630000000004,3.7000000000000006,1.5,2.2000000000000006,2.2000000000000006,0.23598426818847656,29.280532836914062,11947,35,3,4,10747.0,10749.0,-2.0,-0.018606381989022234,10747.0,-2.0,-0.018606381989022234
76.8317939620465,returning,True,0.036284605000000004,0.014709975,0.021574630000000004,0.021574630000000004,3.7000000000000006,1.5,2.2000000000000006,2.2000000000000006,0.23609405517578125,29.170745849609382,11954,35,3,4,10746.0,10749.0,-3.0,-0.027909572983533353,10746.666666666666,-2.3333333333333335,-0.021707445653859275
76.88273765705526,returning,True,0.036284605000000004,0.014709975,0.021574630000000004,0.021574630000000004,3.7000000000000006,1.5,2.2000000000000006,2.2000000000000006,0.23609405517578125,29.170745849609382,11960,35,3,4,10749.0,10749.0,0.0,0.0,10748.0,-1.0,-0.009303190994511117
76.93376851291396,returning,True,0.036284605000000004,0.014709975,0.021574630000000004,0.021574630000000004,3.7000000000000006,1.5,2.2000000000000006,2.2000000000000006,0.23622702026367187,29.037780761718757,11966,35,3,4,10746.0,10749.0,-3.0,-0.027909572983533353,10746.0,-3.0,-0.02790957298353335
76.99926433083601,returning,True,0.036284605000000004,0.014709975,0.021574630000000004,0.021574630000000004,3.7000000000000006,1.5,2.2000000000000006,2.2000000000000006,0.23625814819335939,29.006652832031243,11973,35,3,4,10752.0,10749.0,3.0,0.027909572983533353,10752.0,3.0,0.02790957298353335
77.0325149288401,returning,True,0.036284605000000004,0.014709975,0.021574630000000004,0.021574630000000004,3.7000000000000006,1.5,2.2000000000000006,2.2000000000000006,0.23625814819335939,29.006652832031243,11976,35,3,4,10747.0,10749.0,-2.0,-0.018606381989022234,10747.0,-2.0,-0.018606381989022234
77.08311981800944,returning,True,0.036284605000000004,0.014709975,0.021574630000000004,0.021574630000000004,3.7000000000000006,1.5,2.2000000000000006,2.2000000000000006,0.23627700805664062,28.98779296875001,11985,35,3,4,10740.0,10749.0,-9.0,-0.08372871895060005,10740.0,-9.0,-0.08372871895060004
77.13153383694589,returning,True,0.036284605000000004,0.014709975,0.021574630000000004,0.021574630000000004,3.7000000000000006,1.5,2.2000000000000006,2.2000000000000006,0.23627700805664062,28.98779296875001,11994,35,3,4,10746.0,10749.0,-3.0,-0.027909572983533353,10746.0,-3.0,-0.02790957298353335
77.19875295995735,returning,True,0.036284605000000004,0.014709975,0.021574630000000004,0.021574630000000004,3.7000000000000006,1.5,2.2000000000000006,2.2000000000000006,0.2362839050292969,28.980895996093743,12004,35,3,4,10753.0,10749.0,4.0,0.03721276397804447,10753.0,4.0,0.03721276397804447
77.24918812187389,returning,True,0.036284605000000004,0.014709975,0.021574630000000004,0.021574630000000004,3.7000000000000006,1.5,2.2000000000000006,2.2000000000000006,0.23629254150390624,28.972259521484382,12009,35,3,4,10748.0,10749.0,-1.0,-0.009303190994511117,10748.0,-1.0,-0.009303190994511117
77.29804634791799,returning,True,0.036284605000000004,0.014709975,0.021574630000000004,0.021574630000000004,3.7000000000000006,1.5,2.2000000000000006,2.2000000000000006,0.2363008270263672,28.963973999023423,12015,35,3,4,10747.0,10749.0,-2.0,-0.018606381989022234,10746.333333333334,-2.6666666666666665,-0.024808509318696312
77.34827143093571,returning,True,0.036284605000000004,0.014709975,0.021574630000000004,0.021574630000000004,3.7000000000000006,1.5,2.2000000000000006,2.2000000000000006,0.2363008270263672,28.963973999023423,12020,35,3,4,10739.0,10749.0,-10.0,-0.09303190994511118,10744.333333333334,-4.666666666666667,-0.04341489130771855
77.41743605700321,returning,True,0.036284605000000004,0.014709975,0.021574630000000004,0.021574630000000004,3.7000000000000006,1.5,2.2000000000000006,2.2000000000000006,0.236317138671875,28.947662353515618,12026,35,3,4,10745.0,10749.0,-4.0,-0.03721276397804447,10745.0,-4.0,-0.03721276397804447
77.4325807900168,returning,True,0.03530394,0.014709975,0.020593965,0.020593965,3.5999999999999996,1.5,2.0999999999999996,2.0999999999999996,0.236317138671875,28.947662353515618,12031,35,3,4,10747.0,10749.0,-2.0,-0.018606381989022234,10747.0,-2.0,-0.018606381989022234
77.48348019900732,returning,True,0.03530394,0.014709975,0.020593965,0.020593965,3.5999999999999996,1.5,2.0999999999999996,2.0999999999999996,0.23634814453125,28.91665649414063,12039,35,3,4,10745.0,10749.0,-4.0,-0.03721276397804447,10743.666666666666,-5.333333333333333,-0.049617018637392624
77.53219036990777,returning,True,0.03530394,0.014709975,0.020593965,0.020593965,3.5999999999999996,1.5,2.0999999999999996,2.0999999999999996,0.23641915893554688,28.84564208984375,12049,35,3,4,10748.0,10749.0,-1.0,-0.009303190994511117,10748.0,-1.0,-0.009303190994511117
77.59983889199793,returning,True,0.03530394,0.014709975,0.020593965,0.020593965,3.5999999999999996,1.5,2.0999999999999996,2.0999999999999996,0.23646749877929688,28.797302246093754,12058,35,3,4,10751.0,10749.0,2.0,0.018606381989022234,10751.0,2.0,0.018606381989022234
77.64809512486681,returning,True,0.03530394,0.014709975,0.020593965,0.020593965,3.5999999999999996,1.5,2.0999999999999996,2.0999999999999996,0.23646749877929688,28.797302246093754,12062,35,3,4,10745.0,10749.0,-4.0,-0.03721276397804447,10747.0,-2.0,-0.018606381989022234
77.69818412489258,returning,True,0.03530394,0.014709975,0.020593965,0.020593965,3.5999999999999996,1.5,2.0999999999999996,2.0999999999999996,0.23652595520019531,28.738845825195312,12068,35,3,4,10748.0,10749.0,-1.0,-0.009303190994511117,10748.0,-1.0,-0.009303190994511117
77.74901581904851,returning,True,0.03530394,0.014709975,0.020593965,0.020593965,3.5999999999999996,1.5,2.0999999999999996,2.0999999999999996,0.23652595520019531,28.738845825195312,12074,35,3,4,10749.0,10749.0,0.0,0.0,10749.0,0.0,0.0
77.81800318998285,returning,True,0.03530394,0.014709975,0.020593965,0.020593965,3.5999999999999996,1.5,2.0999999999999996,2.0999999999999996,0.23654867553710937,28.716125488281257,12080,35,3,4,10752.0,10749.0,3.0,0.027909572983533353,10751.0,2.0,0.018606381989022234
77.83192262984812,returning,True,0.03530394,0.014709975,0.020593965,0.020593965,3.5999999999999996,1.5,2.0999999999999996,2.0999999999999996,0.23654867553710937,28.716125488281257,12086,35,3,4,10754.0,10749.0,5.0,0.04651595497255559,10754.0,5.0,0.04651595497255559
77.88188551389612,returning,True,0.03530394,0.014709975,0.020593965,0.020593965,3.5999999999999996,1.5,2.0999999999999996,2.0999999999999996,0.23669958496093751,28.565216064453114,12095,35,3,4,10748.0,10749.0,-1.0,-0.009303190994511117,10752.0,3.0,0.027909572983533356
77.93239968386479,returning,True,0.03530394,0.014709975,0.020593965,0.020593965,3.5999999999999996,1.5,2.0999999999999996,2.0999999999999996,0.2367212677001953,28.543533325195327,12104,35,3,4,10748.0,10749.0,-1.0,-0.009303190994511117,10748.0,-1.0,-0.009303190994511117
77.99948173295707,returning,True,0.03530394,0.014709975,0.020593965,0.020593965,3.5999999999999996,1.5,2.0999999999999996,2.0999999999999996,0.2367355651855469,28.529235839843736,12115,35,3,4,10750.0,10749.0,1.0,0.009303190994511117,10750.0,1.0,0.009303190994511117
78.05085350689478,returning,True,0.03530394,0.014709975,0.020593965,0.020593965,3.5999999999999996,1.5,2.0999999999999996,2.0999999999999996,0.23675070190429687,28.51409912109376,12120,35,3,4,10744.0,10749.0,-5.0,-0.04651595497255559,10744.0,-5.0,-0.04651595497255559
78.09954494005069,returning,True,0.03530394,0.014709975,0.020593965,0.020593965,3.5999999999999996,1.5,2.0999999999999996,2.0999999999999996,0.23675070190429687,28.51409912109376,12126,35,3,4,10756.0,10749.0,7.0,0.06512233696157782,10756.0,7.0,0.06512233696157782
78.14942467398942,returning,True,0.03530394,0.014709975,0.020593965,0.020593965,3.5999999999999996,1.5,2.0999999999999996,2.0999999999999996,0.23676019287109376,28.504608154296868,12131,35,3,4,10749.0,10749.0,0.0,0.0,10749.0,0.0,0.0
78.21685523400083,returning,True,0.03530394,0.014709975,0.020593965,0.020593965,3.5999999999999996,1.5,2.0999999999999996,2.0999999999999996,0.23677339172363282,28.49140930175781,12139,35,3,4,10755.0,10749.0,6.0,0.055819145967066705,10755.0,6.0,0.0558191459670667
78.23182344599627,returning,True,0.03530394,0.014709975,0.020593965,0.020593965,3.5999999999999996,1.5,2.0999999999999996,2.0999999999999996,0.23677339172363282,28.49140930175781,12145,35,3,4,10751.0,10749.0,2.0,0.018606381989022234,10751.0,2.0,0.018606381989022234
78.2829670549836,returning,True,0.03530394,0.014709975,0.020593965,0.020593965,3.5999999999999996,1.5,2.0999999999999996,2.0999999999999996,0.236838623046875,28.426177978515625,12151,35,3,4,10754.0,10749.0,5.0,0.04651595497255559,10754.0,5.0,0.04651595497255559
78.33156135887839,returning,True,0.03530394,0.014709975,0.020593965,0.020593965,3.5999999999999996,1.5,2.0999999999999996,2.0999999999999996,0.236838623046875,28.426177978515625,12158,35,3,4,10755.0,10749.0,6.0,0.055819145967066705,10754.0,5.0,0.04651595497255558
78.40066128503531,returning,True,0.03530394,0.014709975,0.020593965,0.020593965,3.5999999999999996,1.5,2.0999999999999996,2.0999999999999996,0.23699063110351562,28.274169921875007,12164,35,3,4,10750.0,10749.0,1.0,0.009303190994511117,10750.0,1.0,0.009303190994511117
78.4320493589621,returning,True,0.03530394,0.014709975,0.020593965,0.020593965,3.5999999999999996,1.5,2.0999999999999996,2.0999999999999996,0.23702993774414063,28.234863281249993,12170,35,3,4,10754.0,10749.0,5.0,0.04651595497255559,10754.0,5.0,0.04651595497255559
78.48183118901215,returning,True,0.03530394,0.014709975,0.020593965,0.020593965,3.5999999999999996,1.5,2.0999999999999996,2.0999999999999996,0.23706001281738281,28.204788208007812,12180,35,3,4,10753.0,10749.0,4.0,0.03721276397804447,10753.0,4.0,0.03721276397804447
78.53169703693129,returning,True,0.03530394,0.014709975,0.020593965,0.020593965,3.5999999999999996,1.5,2.0999999999999996,2.0999999999999996,0.23707745361328125,28.187347412109375,12191,35,3,4,10754.0,10749.0,5.0,0.04651595497255559,10754.0,5.0,0.04651595497255559
78.59792502294295,returning,True,0.034323275,0.014709975,0.0196133,0.0196133,3.5,1.5,2.0,2.0,0.23708985900878907,28.174942016601562,12200,35,3,4,10758.0,10749.0,9.0,0.08372871895060005,10758.0,9.0,0.08372871895060004
78.64979561092332,returning,True,0.034323275,0.014709975,0.0196133,0.0196133,3.5,1.5,2.0,2.0,0.23708985900878907,28.174942016601562,12207,35,3,4,10755.0,10749.0,6.0,0.055819145967066705,10755.0,6.0,0.0558191459670667
78.69900828995742,returning,True,0.034323275,0.014709975,0.0196133,0.0196133,3.5,1.5,2.0,2.0,0.23710914611816405,28.155654907226573,12214,35,3,4,10757.0,10749.0,8.0,0.07442552795608894,10757.0,8.0,0.07442552795608894
78.73183849803172,returning,True,0.034323275,0.014709975,0.0196133,0.0196133,3.5,1.5,2.0,2.0,0.23710914611816405,28.155654907226573,12220,35,3,4,10752.0,10749.0,3.0,0.027909572983533353,10751.333333333334,2.3333333333333335,0.021707445653859275
78.78230023290962,returning,True,0.034323275,0.014709975,0.0196133,0.0196133,3.5,1.5,2.0,2.0,0.23712847900390627,28.13632202148436,12230,35,3,4,10748.0,10749.0,-1.0,-0.009303190994511117,10748.0,-1.0,-0.009303190994511117
78.83270529890433,returning,True,0.034323275,0.014709975,0.0196133,0.0196133,3.5,1.5,2.0,2.0,0.23714804077148438,28.116760253906246,12234,35,3,4,10757.0,10749.0,8.0,0.07442552795608894,10751.0,2.0,0.018606381989022234
78.88323341286741,returning,True,0.034323275,0.014709975,0.0196133,0.0196133,3.5,1.5,2.0,2.0,0.23714804077148438,28.116760253906246,12241,35,3,4,10759.0,10749.0,10.0,0.09303190994511118,10759.0,10.0,0.09303190994511118
78.93273418094032,returning,True,0.034323275,0.014709975,0.0196133,0.0196133,3.5,1.5,2.0,2.0,0.23718997192382812,28.074829101562504,12247,35,3,4,10753.0,10749.0,4.0,0.03721276397804447,10753.0,4.0,0.03721276397804447
78.99933919799514,returning,True,0.034323275,0.014709975,0.0196133,0.0196133,3.5,1.5,2.0,2.0,0.23726080322265625,28.003997802734382,12255,35,3,4,10752.0,10749.0,3.0,0.027909572983533353,10753.0,4.0,0.03721276397804447
79.05104440683499,returning,True,0.034323275,0.014709975,0.0196133,0.0196133,3.5,1.5,2.0,2.0,0.23726080322265625,28.003997802734382,12259,35,3,4,10750.0,10749.0,1.0,0.009303190994511117,10750.666666666666,1.6666666666666667,0.015505318324185195
79.08227957598865,returning,True,0.034323275,0.014709975,0.0196133,0.0196133,3.5,1.5,2.0,2.0,0.2373514404296875,27.913360595703125,12268,35,3,4,10758.0,10749.0,9.0,0.08372871895060005,10758.0,9.0,0.08372871895060004
79.13228380400687,returning,True,0.034323275,0.014709975,0.0196133,0.0196133,3.5,1.5,2.0,2.0,0.2373643035888672,27.900497436523423,12277,35,3,4,10752.0,10749.0,3.0,0.027909572983533353,10750.0,1.0,0.009303190994511117
79.19992797402665,returning,True,0.034323275,0.014709975,0.0196133,0.0196133,3.5,1.5,2.0,2.0,0.23737159729003907,27.893203735351562,12286,35,3,4,10753.0,10749.0,4.0,0.03721276397804447,10752.666666666666,3.6666666666666665,0.03411170031320743
79.24785124603659,returning,True,0.03334261,0.014709975,0.018632635,0.018632635,3.4000000000000004,1.5,1.9000000000000001,1.9000000000000001,0.23737159729003907,27.893203735351562,12291,35,3,4,10753.0,10749.0,4.0,0.03721276397804447,10753.0,4.0,0.03721276397804447
79.29829860199243,returning,True,0.03334261,0.014709975,0.018632635,0.018632635,3.4000000000000004,1.5,1.9000000000000001,1.9000000000000001,0.23740943908691406,27.85536193847657,12297,35,3,4,10756.0,10749.0,7.0,0.06512233696157782,10755.0,6.0,0.0558191459670667
79.349164289888,returning,True,0.03334261,0.014709975,0.018632635,0.018632635,3.4000000000000004,1.5,1.9000000000000001,1.9000000000000001,0.23740943908691406,27.85536193847657,12304,35,3,4,10751.0,10749.0,2.0,0.018606381989022234,10751.0,2.0,0.018606381989022234
79.41589842690155,returning,True,0.03334261,0.014709975,0.018632635,0.018632635,3.4000000000000004,1.5,1.9000000000000001,1.9000000000000001,0.23751301574707032,27.751785278320312,12308,35,3,4,10749.0,10749.0,0.0,0.0,10749.0,0.0,0.0
79.43318915599957,returning,True,0.03334261,0.014709975,0.018632635,0.018632635,3.4000000000000004,1.5,1.9000000000000001,1.9000000000000001,0.23751301574707032,27.751785278320312,12316,35,3,4,10755.0,10749.0,6.0,0.055819145967066705,10755.0,6.0,0.0558191459670667
79.48148516495712,returning,True,0.03334261,0.014709975,0.018632635,0.018632635,3.4000000000000004,1.5,1.9000000000000001,1.9000000000000001,0.23752813720703125,27.736663818359375,12322,35,3,4,10758.0,10749.0,9.0,0.08372871895060005,10758.0,9.0,0.08372871895060004
79.53198379185051,returning,True,0.03334261,0.014709975,0.018632635,0.018632635,3.4000000000000004,1.5,1.9000000000000001,1.9000000000000001,0.23753414916992188,27.730651855468746,12329,35,3,4,10756.0,10749.0,7.0,0.06512233696157782,10756.0,7.0,0.06512233696157782
79.60021019191481,returning,True,0.03334261,0.014709975,0.018632635,0.018632635,3.4000000000000004,1.5,1.9000000000000001,1.9000000000000001,0.23753414916992188,27.730651855468746,12338,35,3,4,10752.0,10749.0,3.0,0.027909572983533353,10751.0,2.0,0.018606381989022234
79.64742955192924,returning,True,0.03334261,0.014709975,0.018632635,0.018632635,3.4000000000000004,1.5,1.9000000000000001,1.9000000000000001,0.23753897094726564,27.725830078124986,12343,35,3,4,10752.0,10749.0,3.0,0.027909572983533353,10752.0,3.0,0.02790957298353335
79.69785027601756,returning,True,0.03334261,0.014709975,0.018632635,0.018632635,3.4000000000000004,1.5,1.9000000000000001,1.9000000000000001,0.2375484161376953,27.716384887695316,12349,35,3,4,10754.0,10749.0,5.0,0.04651595497255559,10754.0,5.0,0.04651595497255559
79.7324947649613,returning,True,0.03334261,0.014709975,0.018632635,0.018632635,3.4000000000000004,1.5,1.9000000000000001,1.9000000000000001,0.2375484161376953,27.716384887695316,12357,35,3,4,10754.0,10749.0,5.0,0.04651595497255559,10754.0,5.0,0.04651595497255559
79.80138326901942,returning,True,0.03334261,0.014709975,0.018632635,0.018632635,3.4000000000000004,1.5,1.9000000000000001,1.9000000000000001,0.2375511932373047,27.71360778808593,12366,35,3,4,10758.0,10749.0,9.0,0.08372871895060005,10755.333333333334,6.333333333333333,0.058920209631903746
79.84992411197163,returning,True,0.03334261,0.014709975,0.018632635,0.018632635,3.4000000000000004,1.5,1.9000000000000001,1.9000000000000001,0.23755801391601564,27.706787109374993,12370,35,3,4,10758.0,10749.0,9.0,0.08372871895060005,10758.0,9.0,0.08372871895060004
79.89775051292963,returning,True,0.03334261,0.014709975,0.018632635,0.018632635,3.4000000000000004,1.5,1.9000000000000001,1.9000000000000001,0.23755801391601564,27.706787109374993,12376,35,3,4,10759.0,10749.0,10.0,0.09303190994511118,10756.666666666666,7.666666666666667,0.0713244642912519
79.9478749029804,returning,True,0.03334261,0.014709975,0.018632635,0.018632635,3.4000000000000004,1.5,1.9000000000000001,1.9000000000000001,0.23755215454101564,27.712646484374993,12382,35,3,4,10756.0,10749.0,7.0,0.06512233696157782,10757.0,8.0,0.07442552795608894
80.01535708992742,returning,True,0.03334261,0.014709975,0.018632635,0.018632635,3.4000000000000004,1.5,1.9000000000000001,1.9000000000000001,0.23755947875976563,27.705322265625,12389,35,3,4,10755.0,10749.0,6.0,0.055819145967066705,10755.0,6.0,0.0558191459670667
80.03236198285595,returning,True,0.03334261,0.014709975,0.018632635,0.018632635,3.4000000000000004,1.5,1.9000000000000001,1.9000000000000001,0.23755947875976563,27.705322265625,12394,35,3,4,10753.0,10749.0,4.0,0.03721276397804447,10754.333333333334,5.333333333333333,0.049617018637392624
80.08153744204901,returning,True,0.03334261,0.014709975,0.018632635,0.018632635,3.4000000000000004,1.5,1.9000000000000001,1.9000000000000001,0.2375718536376953,27.692947387695316,12400,35,3,4,10762.0,10749.0,13.0,0.12094148292864453,10762.0,13.0,0.12094148292864453
80.13175643887371,returning,True,0.032361944999999996,0.014709975,0.017651969999999996,0.017651969999999996,3.2999999999999994,1.5,1.7999999999999996,1.7999999999999996,0.2375718536376953,27.692947387695316,12408,35,3,4,10755.0,10749.0,6.0,0.055819145967066705,10755.0,6.0,0.0558191459670667
80.19774267589673,returning,True,0.032361944999999996,0.014709975,0.017651969999999996,0.017651969999999996,3.2999999999999994,1.5,1.7999999999999996,1.7999999999999996,0.23759590148925783,27.668899536132802,12416,35,3,4,10757.0,10749.0,8.0,0.07442552795608894,10757.0,8.0,0.07442552795608894
80.24936283403076,returning,True,0.032361944999999996,0.014709975,0.017651969999999996,0.017651969999999996,3.2999999999999994,1.5,1.7999999999999996,1.7999999999999996,0.23777822875976562,27.486572265625007,12420,35,3,4,10756.0,10749.0,7.0,0.06512233696157782,10756.0,7.0,0.06512233696157782
80.3003939408809,returning,True,0.032361944999999996,0.014709975,0.017651969999999996,0.017651969999999996,3.2999999999999994,1.5,1.7999999999999996,1.7999999999999996,0.23777822875976562,27.486572265625007,12426,35,3,4,10762.0,10749.0,13.0,0.12094148292864453,10758.0,9.0,0.08372871895060006
80.34814979694784,returning,True,0.032361944999999996,0.014709975,0.017651969999999996,0.017651969999999996,3.2999999999999994,1.5,1.7999999999999996,1.7999999999999996,0.23803582763671877,27.22897338867186,12432,35,3,4,10760.0,10749.0,11.0,0.1023351009396223,10760.666666666666,11.666666666666666,0.10853722826929636
80.4161268118769,returning,True,0.032361944999999996,0.014709975,0.017651969999999996,0.017651969999999996,3.2999999999999994,1.5,1.7999999999999996,1.7999999999999996,0.23830635070800782,26.95845031738281,12438,35,3,4,10761.0,10749.0,12.0,0.11163829193413341,10761.0,12.0,0.1116382919341334
80.43272240785882,returning,True,0.032361944999999996,0.014709975,0.017651969999999996,0.017651969999999996,3.2999999999999994,1.5,1.7999999999999996,1.7999999999999996,0.23830635070800782,26.95845031738281,12446,35,3,4,10762.0,10749.0,13.0,0.12094148292864453,10760.333333333334,11.333333333333334,0.10543616460445933
80.4818651669193,returning,True,0.032361944999999996,0.014709975,0.017651969999999996,0.017651969999999996,3.2999999999999994,1.5,1.7999999999999996,1.7999999999999996,0.23830635070800782,26.95845031738281,12452,35,3,4,10765.0,10749.0,16.0,0.14885105591217787,10764.0,15.0,0.13954786491766677
80.53172780596651,returning,True,0.032361944999999996,0.014709975,0.017651969999999996,0.017651969999999996,3.2999999999999994,1.5,1.7999999999999996,1.7999999999999996,0.23834735107421876,26.917449951171875,12461,35,3,4,10761.0,10749.0,12.0,0.11163829193413341,10761.0,12.0,0.1116382919341334
80.6001047079917,returning,True,0.032361944999999996,0.014709975,0.017651969999999996,0.017651969999999996,3.2999999999999994,1.5,1.7999999999999996,1.7999999999999996,0.23835675048828125,26.908050537109375,12468,35,3,4,10763.0,10749.0,14.0,0.13024467392315564,10763.0,14.0,0.13024467392315564
80.64956459403038,returning,True,0.032361944999999996,0.014709975,0.017651969999999996,0.017651969999999996,3.2999999999999994,1.5,1.7999999999999996,1.7999999999999996,0.23835675048828125,26.908050537109375,12473,35,3,4,10764.0,10749.0,15.0,0.13954786491766677,10764.0,15.0,0.13954786491766677
80.69853200903162,returning,True,0.032361944999999996,0.014709975,0.017651969999999996,0.017651969999999996,3.2999999999999994,1.5,1.7999999999999996,1.7999999999999996,0.23836416625976564,26.900634765624986,12479,35,3,4,10760.0,10749.0,11.0,0.1023351009396223,10764.0,15.0,0.13954786491766677
80.74989181384444,returning,True,0.032361944999999996,0.014709975,0.017651969999999996,0.017651969999999996,3.2999999999999994,1.5,1.7999999999999996,1.7999999999999996,0.23836279296875001,26.902008056640614,12485,35,3,4,10761.0,10749.0,12.0,0.11163829193413341,10761.0,12.0,0.1116382919341334
80.7996595390141,returning,True,0.032361944999999996,0.014709975,0.017651969999999996,0.017651969999999996,3.2999999999999994,1.5,1.7999999999999996,1.7999999999999996,0.23836279296875001,26.902008056640614,12493,35,3,4,10766.0,10749.0,17.0,0.158154246906689,10766.0,17.0,0.158154246906689
80.84969101590104,returning,True,0.032361944999999996,0.014709975,0.017651969999999996,0.017651969999999996,3.2999999999999994,1.5,1.7999999999999996,1.7999999999999996,0.23837530517578126,26.889495849609368,12495,35,3,4,10762.0,10749.0,13.0,0.12094148292864453,10763.333333333334,14.333333333333334,0.1333457375879927
80.89906415599398,returning,True,0.032361944999999996,0.014709975,0.017651969999999996,0.017651969999999996,3.2999999999999994,1.5,1.7999999999999996,1.7999999999999996,0.23837530517578126,26.889495849609368,12502,35,3,4,10763.0,10749.0,14.0,0.13024467392315564,10763.0,14.0,0.13024467392315564
80.94821773096919,returning,True,0.032361944999999996,0.014709975,0.017651969999999996,0.017651969999999996,3.2999999999999994,1.5,1.7999999999999996,1.7999999999999996,0.23838833618164063,26.876464843750004,12508,35,3,4,10756.0,10749.0,7.0,0.06512233696157782,10760.666666666666,11.666666666666666,0.10853722826929636
81.01757114590146,returning,True,0.032361944999999996,0.014709975,0.017651969999999996,0.017651969999999996,3.2999999999999994,1.5,1.7999999999999996,1.7999999999999996,0.23839749145507813,26.867309570312496,12514,35,3,4,10760.0,10749.0,11.0,0.1023351009396223,10758.666666666666,9.666666666666666,0.08993084628027413
81.03511039400473,returning,True,0.032361944999999996,0.014709975,0.017651969999999996,0.017651969999999996,3.2999999999999994,1.5,1.7999999999999996,1.7999999999999996,0.23839749145507813,26.867309570312496,12520,35,3,4,10759.0,10749.0,10.0,0.09303190994511118,10759.0,10.0,0.09303190994511118
81.08225488383323,returning,True,0.032361944999999996,0.014709975,0.017651969999999996,0.017651969999999996,3.2999999999999994,1.5,1.7999999999999996,1.7999999999999996,0.23842950439453126,26.835296630859375,12530,35,3,4,10759.0,10749.0,10.0,0.09303190994511118,10759.666666666666,10.666666666666666,0.09923403727478526
81.13231693394482,returning,True,0.032361944999999996,0.014709975,0.017651969999999996,0.017651969999999996,3.2999999999999994,1.5,1.7999999999999996,1.7999999999999996,0.2385018310546875,26.762969970703125,12540,35,3,4,10762.0,10749.0,13.0,0.12094148292864453,10762.0,13.0,0.12094148292864453
81.19994488405064,returning,True,0.031381280000000004,0.014709975,0.016671305000000004,0.016671305000000004,3.2000000000000006,1.5,1.7000000000000004,1.7000000000000004,0.23871826171875,26.54653930664064,12551,35,3,4,10766.0,10749.0,17.0,0.158154246906689,10766.0,17.0,0.158154246906689
81.24804872693494,returning,True,0.031381280000000004,0.014709975,0.016671305000000004,0.016671305000000004,3.2000000000000006,1.5,1.7000000000000004,1.7000000000000004,0.23871826171875,26.54653930664064,12556,35,3,4,10764.0,10749.0,15.0,0.13954786491766677,10764.0,15.0,0.13954786491766677
81.2995775649324,returning,True,0.031381280000000004,0.014709975,0.016671305000000004,0.016671305000000004,3.2000000000000006,1.5,1.7000000000000004,1.7000000000000004,0.23890225219726563,26.362548828125,12561,35,3,4,10757.0,10749.0,8.0,0.07442552795608894,10757.0,8.0,0.07442552795608894
81.34719935199246,returning,True,0.031381280000000004,0.014709975,0.016671305000000004,0.016671305000000004,3.2000000000000006,1.5,1.7000000000000004,1.7000000000000004,0.23890225219726563,26.362548828125,12568,35,3,4,10764.0,10749.0,15.0,0.13954786491766677,10765.666666666666,16.666666666666668,0.155053183241852
81.39901064895093,returning,True,0.031381280000000004,0.014709975,0.016671305000000004,0.016671305000000004,3.2000000000000006,1.5,1.7000000000000004,1.7000000000000004,0.2389376678466797,26.327133178710938,12573,35,3,4,10763.0,10749.0,14.0,0.13024467392315564,10763.333333333334,14.333333333333334,0.1333457375879927
81.43207812891342,returning,True,0.031381280000000004,0.014709975,0.016671305000000004,0.016671305000000004,3.2000000000000006,1.5,1.7000000000000004,1.7000000000000004,0.23895899963378905,26.305801391601573,12579,35,3,4,10765.0,10749.0,16.0,0.14885105591217787,10765.0,16.0,0.14885105591217787
81.48169623594731,returning,True,0.031381280000000004,0.014709975,0.016671305000000004,0.016671305000000004,3.2000000000000006,1.5,1.7000000000000004,1.7000000000000004,0.23895899963378905,26.305801391601573,12587,35,3,4,10760.0,10749.0,11.0,0.1023351009396223,10761.333333333334,12.333333333333334,0.11473935559897046
81.53228967194445,returning,True,0.031381280000000004,0.014709975,0.016671305000000004,0.016671305000000004,3.2000000000000006,1.5,1.7000000000000004,1.7000000000000004,0.23897650146484375,26.288299560546875,12597,35,3,4,10759.0,10749.0,10.0,0.09303190994511118,10759.0,10.0,0.09303190994511118
81.58239015704021,returning,True,0.031381280000000004,0.014709975,0.016671305000000004,0.016671305000000004,3.2000000000000006,1.5,1.7000000000000004,1.7000000000000004,0.2389869384765625,26.277862548828136,12607,35,3,4,10760.0,10749.0,11.0,0.1023351009396223,10760.0,11.0,0.1023351009396223
81.6318376949057,returning,True,0.031381280000000004,0.014709975,0.016671305000000004,0.016671305000000004,3.2000000000000006,1.5,1.7000000000000004,1.7000000000000004,0.23901741027832032,26.247390747070305,12614,35,3,4,10761.0,10749.0,12.0,0.11163829193413341,10761.0,12.0,0.1116382919341334
81.68268684693612,returning,True,0.031381280000000004,0.014709975,0.016671305000000004,0.016671305000000004,3.2000000000000006,1.5,1.7000000000000004,1.7000000000000004,0.23901741027832032,26.247390747070305,12622,35,3,4,10755.0,10749.0,6.0,0.055819145967066705,10759.0,10.0,0.09303190994511118
81.73241090890951,returning,True,0.031381280000000004,0.014709975,0.016671305000000004,0.016671305000000004,3.2000000000000006,1.5,1.7000000000000004,1.7000000000000004,0.23910571289062502,26.15908813476561,12629,35,3,4,10763.0,10749.0,14.0,0.13024467392315564,10757.666666666666,8.666666666666666,0.08062765528576302
81.7975479180459,returning,True,0.031381280000000004,0.014709975,0.016671305000000004,0.016671305000000004,3.2000000000000006,1.5,1.7000000000000004,1.7000000000000004,0.239190673828125,26.07412719726562,12640,35,3,4,10761.0,10749.0,12.0,0.11163829193413341,10761.0,12.0,0.1116382919341334
81.84969060099684,returning,True,0.031381280000000004,0.014709975,0.016671305000000004,0.016671305000000004,3.2000000000000006,1.5,1.7000000000000004,1.7000000000000004,0.23921710205078126,26.047698974609375,12644,35,3,4,10763.0,10749.0,14.0,0.13024467392315564,10762.333333333334,13.333333333333334,0.12404254659348157
81.90068589802831,returning,True,0.031381280000000004,0.014709975,0.016671305000000004,0.016671305000000004,3.2000000000000006,1.5,1.7000000000000004,1.7000000000000004,0.23921710205078126,26.047698974609375,12649,35,3,4,10763.0,10749.0,14.0,0.13024467392315564,10763.0,14.0,0.13024467392315564
81.9498614598997,returning,True,0.031381280000000004,0.014709975,0.016671305000000004,0.016671305000000004,3.2000000000000006,1.5,1.7000000000000004,1.7000000000000004,0.23923147583007812,26.03332519531251,12654,35,3,4,10763.0,10749.0,14.0,0.13024467392315564,10763.0,14.0,0.13024467392315564
81.99778169300407,returning,True,0.031381280000000004,0.014709975,0.016671305000000004,0.016671305000000004,3.2000000000000006,1.5,1.7000000000000004,1.7000000000000004,0.23923147583007812,26.03332519531251,12662,35,3,4,10767.0,10749.0,18.0,0.1674574379012001,10767.0,18.0,0.16745743790120007
82.03296851599589,returning,True,0.031381280000000004,0.014709975,0.016671305000000004,0.016671305000000004,3.2000000000000006,1.5,1.7000000000000004,1.7000000000000004,0.23929885864257813,25.965942382812496,12669,35,3,4,10767.0,10749.0,18.0,0.1674574379012001,10767.0,18.0,0.16745743790120007
82.08226998895407,returning,True,0.031381280000000004,0.014709975,0.016671305000000004,0.016671305000000004,3.2000000000000006,1.5,1.7000000000000004,1.7000000000000004,0.23945570373535158,25.809097290039052,12679,35,3,4,10763.0,10749.0,14.0,0.13024467392315564,10763.0,14.0,0.13024467392315564
82.13298216904514,returning,True,0.031381280000000004,0.014709975,0.016671305000000004,0.016671305000000004,3.2000000000000006,1.5,1.7000000000000004,1.7000000000000004,0.23954531860351563,25.719482421874996,12689,35,3,4,10769.0,10749.0,20.0,0.18606381989022236,10770.0,21.0,0.1953670108847335
82.1990326938685,returning,True,0.031381280000000004,0.014709975,0.016671305000000004,0.016671305000000004,3.2000000000000006,1.5,1.7000000000000004,1.7000000000000004,0.23964022827148437,25.624572753906254,12699,35,3,4,10771.0,10749.0,22.0,0.2046702018792446,10771.0,22.0,0.2046702018792446
82.23684892687015,returning,True,0.031381280000000004,0.014709975,0.016671305000000004,0.016671305000000004,3.2000000000000006,1.5,1.7000000000000004,1.7000000000000004,0.23964022827148437,25.624572753906254,12704,35,3,4,10772.0,10749.0,23.0,0.2139733928737557,10771.666666666666,22.666666666666668,0.21087232920891866
82.28201830200851,returning,True,0.031381280000000004,0.014709975,0.016671305000000004,0.016671305000000004,3.2000000000000006,1.5,1.7000000000000004,1.7000000000000004,0.23967636108398438,25.58843994140625,12712,35,3,4,10767.0,10749.0,18.0,0.1674574379012001,10767.0,18.0,0.16745743790120007
82.33323813183233,returning,True,0.031381280000000004,0.014709975,0.016671305000000004,0.016671305000000004,3.2000000000000006,1.5,1.7000000000000004,1.7000000000000004,0.23969604492187502,25.56875610351561,12718,35,3,4,10773.0,10749.0,24.0,0.22327658386826682,10772.333333333334,23.333333333333332,0.21707445653859272
82.39959538402036,returning,True,0.031381280000000004,0.014709975,0.016671305000000004,0.016671305000000004,3.2000000000000006,1.5,1.7000000000000004,1.7000000000000004,0.23969604492187502,25.56875610351561,12723,35,3,4,10768.0,10749.0,19.0,0.17676062889571123,10771.333333333334,22.333333333333332,0.20777126554408162
82.43191834492609,returning,True,0.031381280000000004,0.014709975,0.016671305000000004,0.016671305000000004,3.2000000000000006,1.5,1.7000000000000004,1.7000000000000004,0.23971524047851564,25.54956054687499,12730,35,3,4,10770.0,10749.0,21.0,0.19536701088473346,10770.0,21.0,0.1953670108847335
82.48441002191976,returning,True,0.031381280000000004,0.014709975,0.016671305000000004,0.016671305000000004,3.2000000000000006,1.5,1.7000000000000004,1.7000000000000004,0.23971524047851564,25.54956054687499,12735,35,3,4,10763.0,10749.0,14.0,0.13024467392315564,10765.333333333334,16.333333333333332,0.1519521195770149
82.53359349188395,returning,True,0.031381280000000004,0.014709975,0.016671305000000004,0.016671305000000004,3.2000000000000006,1.5,1.7000000000000004,1.7000000000000004,0.23972041320800783,25.544387817382802,12743,35,3,4,10769.0,10749.0,20.0,0.18606381989022236,10768.666666666666,19.666666666666668,0.1829627562253853
82.59955988288857,returning,True,0.031381280000000004,0.014709975,0.016671305000000004,0.016671305000000004,3.2000000000000006,1.5,1.7000000000000004,1.7000000000000004,0.2397391357421875,25.525665283203132,12749,35,3,4,10765.0,10749.0,16.0,0.14885105591217787,10764.0,15.0,0.13954786491766677
82.64909473992884,returning,True,0.031381280000000004,0.014709975,0.016671305000000004,0.016671305000000004,3.2000000000000006,1.5,1.7000000000000004,1.7000000000000004,0.2397391357421875,25.525665283203132,12756,35,3,4,10760.0,10749.0,11.0,0.1023351009396223,10762.666666666666,13.666666666666666,0.1271436102583186
82.69775311090052,returning,True,0.031381280000000004,0.014709975,0.016671305000000004,0.016671305000000004,3.2000000000000006,1.5,1.7000000000000004,1.7000000000000004,0.2397508544921875,25.51394653320313,12759,35,3,4,10761.0,10749.0,12.0,0.11163829193413341,10760.666666666666,11.666666666666666,0.10853722826929639
82.74763057404198,returning,True,0.031381280000000004,0.014709975,0.016671305000000004,0.016671305000000004,3.2000000000000006,1.5,1.7000000000000004,1.7000000000000004,0.2397508544921875,25.51394653320313,12765,35,3,4,10761.0,10749.0,12.0,0.11163829193413341,10762.0,13.0,0.12094148292864453
82.81826637685299,returning,True,0.031381280000000004,0.014709975,0.016671305000000004,0.016671305000000004,3.2000000000000006,1.5,1.7000000000000004,1.7000000000000004,0.23977456665039062,25.490234375000004,12772,35,3,4,10756.0,10749.0,7.0,0.06512233696157782,10764.0,15.0,0.13954786491766677
82.8315110988915,returning,True,0.031381280000000004,0.014709975,0.016671305000000004,0.016671305000000004,3.2000000000000006,1.5,1.7000000000000004,1.7000000000000004,0.23977456665039062,25.490234375000004,12777,35,3,4,10757.0,10749.0,8.0,0.07442552795608894,10759.666666666666,10.666666666666666,0.09923403727478525
82.88172073895112,returning,True,0.031381280000000004,0.014709975,0.016671305000000004,0.016671305000000004,3.2000000000000006,1.5,1.7000000000000004,1.7000000000000004,0.23979113769531252,25.47366333007811,12786,35,3,4,10762.0,10749.0,13.0,0.12094148292864453,10768.0,19.0,0.17676062889571123
82.93241633288562,returning,True,0.031381280000000004,0.014709975,0.016671305000000004,0.016671305000000004,3.2000000000000006,1.5,1.7000000000000004,1.7000000000000004,0.23981887817382813,25.445922851562496,12793,35,3,4,10762.0,10749.0,13.0,0.12094148292864453,10762.0,13.0,0.12094148292864453
82.99924779986031,returning,True,0.031381280000000004,0.014709975,0.016671305000000004,0.016671305000000004,3.2000000000000006,1.5,1.7000000000000004,1.7000000000000004,0.2398279571533203,25.43684387207032,12804,35,3,4,10765.0,10749.0,16.0,0.14885105591217787,10765.0,16.0,0.14885105591217787
83.04777777288109,returning,True,0.031381280000000004,0.014709975,0.016671305000000004,0.016671305000000004,3.2000000000000006,1.5,1.7000000000000004,1.7000000000000004,0.2398516387939453,25.413162231445323,12807,35,3,4,10759.0,10749.0,10.0,0.09303190994511118,10763.0,14.0,0.13024467392315564
83.0990115669556,returning,True,0.031381280000000004,0.014709975,0.016671305000000004,0.016671305000000004,3.2000000000000006,1.5,1.7000000000000004,1.7000000000000004,0.2398516387939453,25.413162231445323,12813,35,3,4,10762.0,10749.0,13.0,0.12094148292864453,10762.0,13.0,0.12094148292864453
83.14784048986621,returning,True,0.031381280000000004,0.014709975,0.016671305000000004,0.016671305000000004,3.2000000000000006,1.5,1.7000000000000004,1.7000000000000004,0.23991273498535157,25.352066040039062,12819,35,3,4,10761.0,10749.0,12.0,0.11163829193413341,10763.666666666666,14.666666666666666,0.1364468012528297
83.21601794683374,returning,True,0.031381280000000004,0.014709975,0.016671305000000004,0.016671305000000004,3.2000000000000006,1.5,1.7000000000000004,1.7000000000000004,0.23991273498535157,25.352066040039062,12825,35,3,4,10769.0,10749.0,20.0,0.18606381989022236,10766.333333333334,17.333333333333332,0.16125531057152603
83.23182257404551,returning,True,0.030400615000000002,0.014709975,0.015690640000000002,0.015690640000000002,3.1,1.5,1.6000000000000003,1.6000000000000003,0.2402366485595703,25.028152465820323,12833,35,3,4,10764.0,10749.0,15.0,0.13954786491766677,10763.333333333334,14.333333333333334,0.1333457375879927
83.2827163899783,returning,True,0.030400615000000002,0.014709975,0.015690640000000002,0.015690640000000002,3.1,1.5,1.6000000000000003,1.6000000000000003,0.2402366485595703,25.028152465820323,12840,35,3,4,10766.0,10749.0,17.0,0.158154246906689,10764.666666666666,15.666666666666666,0.14574999224734084
83.33226585201919,returning,True,0.02941995,0.014709975,0.014709975,0.014709975,3.0,1.5,1.5,1.5,0.24032620239257813,24.938598632812504,12851,35,3,4,10764.0,10749.0,15.0,0.13954786491766677,10764.0,15.0,0.13954786491766677
83.39886132301763,returning,True,0.02941995,0.014709975,0.014709975,0.014709975,3.0,1.5,1.5,1.5,0.2403892822265625,24.87551879882813,12860,35,3,4,10770.0,10749.0,21.0,0.19536701088473346,10770.0,21.0,0.1953670108847335
83.44945067097433,returning,True,0.02941995,0.014709975,0.014709975,0.014709975,3.0,1.5,1.5,1.5,0.2404817657470703,24.78303527832032,12864,35,3,4,10765.0,10749.0,16.0,0.14885105591217787,10765.0,16.0,0.14885105591217787
83.49908684683032,returning,True,0.030400615000000002,0.014709975,0.015690640000000002,0.015690640000000002,3.1,1.5,1.6000000000000003,1.6000000000000003,0.2404817657470703,24.78303527832032,12870,35,3,4,10770.0,10749.0,21.0,0.19536701088473346,10770.333333333334,21.333333333333332,0.19846807454957052
83.54751630593091,returning,True,0.030400615000000002,0.014709975,0.015690640000000002,0.015690640000000002,3.1,1.5,1.6000000000000003,1.6000000000000003,0.24062823486328125,24.63656616210938,12876,35,3,4,10767.0,10749.0,18.0,0.1674574379012001,10768.333333333334,19.333333333333332,0.1798616925605483
83.61606231983751,returning,True,0.030400615000000002,0.014709975,0.015690640000000002,0.015690640000000002,3.1,1.5,1.6000000000000003,1.6000000000000003,0.24062823486328125,24.63656616210938,12883,35,3,4,10764.0,10749.0,15.0,0.13954786491766677,10770.666666666666,21.666666666666668,0.20156913821440756
83.63330767885782,returning,True,0.030400615000000002,0.014709975,0.015690640000000002,0.015690640000000002,3.1,1.5,1.6000000000000003,1.6000000000000003,0.24067103576660157,24.593765258789062,12887,35,3,4,10772.0,10749.0,23.0,0.2139733928737557,10769.333333333334,20.333333333333332,0.18916488355505937
83.68157806294039,returning,True,0.030400615000000002,0.014709975,0.015690640000000002,0.015690640000000002,3.1,1.5,1.6000000000000003,1.6000000000000003,0.24067103576660157,24.593765258789062,12895,35,3,4,10770.0,10749.0,21.0,0.19536701088473346,10770.333333333334,21.333333333333332,0.19846807454957052
83.73178547504358,returning,True,0.030400615000000002,0.014709975,0.015690640000000002,0.015690640000000002,3.1,1.5,1.6000000000000003,1.6000000000000003,0.2407015380859375,24.56326293945313,12901,35,3,4,10769.0,10749.0,20.0,0.18606381989022236,10769.0,20.0,0.18606381989022236
83.80110636097379,returning,True,0.030400615000000002,0.014709975,0.015690640000000002,0.015690640000000002,3.1,1.5,1.6000000000000003,1.6000000000000003,0.24072442626953125,24.54037475585938,12905,35,3,4,10765.0,10749.0,16.0,0.14885105591217787,10766.333333333334,17.333333333333332,0.161255310571526
83.8316336539574,returning,True,0.030400615000000002,0.014709975,0.015690640000000002,0.015690640000000002,3.1,1.5,1.6000000000000003,1.6000000000000003,0.24072442626953125,24.54037475585938,12909,35,3,4,10773.0,10749.0,24.0,0.22327658386826682,10770.666666666666,21.666666666666668,0.20156913821440756
83.88168552494608,returning,True,0.030400615000000002,0.014709975,0.015690640000000002,0.015690640000000002,3.1,1.5,1.6000000000000003,1.6000000000000003,0.24073715209960939,24.527648925781243,12920,35,3,4,10762.0,10749.0,13.0,0.12094148292864453,10762.0,13.0,0.12094148292864453
83.93190920096822,returning,True,0.030400615000000002,0.014709975,0.015690640000000002,0.015690640000000002,3.1,1.5,1.6000000000000003,1.6000000000000003,0.24076486206054687,24.49993896484376,12929,35,3,4,10765.0,10749.0,16.0,0.14885105591217787,10765.0,16.0,0.14885105591217787
83.99941795505583,returning,True,0.030400615000000002,0.014709975,0.015690640000000002,0.015690640000000002,3.1,1.5,1.6000000000000003,1.6000000000000003,0.24080758666992189,24.457214355468743,12938,35,3,4,10768.0,10749.0,19.0,0.17676062889571123,10768.0,19.0,0.17676062889571123
84.04937689797953,returning,True,0.030400615000000002,0.014709975,0.015690640000000002,0.015690640000000002,3.1,1.5,1.6000000000000003,1.6000000000000003,0.24080758666992189,24.457214355468743,12943,35,3,4,10773.0,10749.0,24.0,0.22327658386826682,10772.0,23.0,0.21397339287375572
84.09761321591213,returning,True,0.030400615000000002,0.014709975,0.015690640000000002,0.015690640000000002,3.1,1.5,1.6000000000000003,1.6000000000000003,0.24092059326171875,24.344207763671882,12948,35,3,4,10773.0,10749.0,24.0,0.22327658386826682,10773.0,24.0,0.2232765838682668
84.14884839090519,returning,True,0.030400615000000002,0.014709975,0.015690640000000002,0.015690640000000002,3.1,1.5,1.6000000000000003,1.6000000000000003,0.24092059326171875,24.344207763671882,12957,35,3,4,10769.0,10749.0,20.0,0.18606381989022236,10772.666666666666,23.666666666666668,0.2201755202034298
84.2160805228632,returning,True,0.030400615000000002,0.014709975,0.015690640000000002,0.015690640000000002,3.1,1.5,1.6000000000000003,1.6000000000000003,0.24098141479492188,24.283386230468746,12961,35,3,4,10768.0,10749.0,19.0,0.17676062889571123,10768.666666666666,19.666666666666668,0.1829627562253853
84.23227150505409,returning,True,0.030400615000000002,0.014709975,0.015690640000000002,0.015690640000000002,3.1,1.5,1.6000000000000003,1.6000000000000003,0.24098141479492188,24.283386230468746,12967,35,3,4,10772.0,10749.0,23.0,0.2139733928737557,10772.0,23.0,0.2139733928737557
84.28342160093598,returning,True,0.030400615000000002,0.014709975,0.015690640000000002,0.015690640000000002,3.1,1.5,1.6000000000000003,1.6000000000000003,0.24100930786132813,24.255493164062504,12972,35,3,4,10776.0,10749.0,27.0,0.2511861568518002,10773.666666666666,24.666666666666668,0.22947871119794092
84.33250873093493,returning,True,0.030400615000000002,0.014709975,0.015690640000000002,0.015690640000000002,3.1,1.5,1.6000000000000003,1.6000000000000003,0.24102467346191406,24.24012756347657,12979,35,3,4,10772.0,10749.0,23.0,0.2139733928737557,10773.333333333334,24.333333333333332,0.22637764753310385
84.40056360396557,returning,True,0.030400615000000002,0.014709975,0.015690640000000002,0.015690640000000002,3.1,1.5,1.6000000000000003,1.6000000000000003,0.24102467346191406,24.24012756347657,12985,35,3,4,10768.0,10749.0,19.0,0.17676062889571123,10770.0,21.0,0.1953670108847335
84.43247789586894,returning,True,0.030400615000000002,0.014709975,0.015690640000000002,0.015690640000000002,3.1,1.5,1.6000000000000003,1.6000000000000003,0.24104733276367188,24.21746826171875,12992,35,3,4,10760.0,10749.0,11.0,0.1023351009396223,10760.0,11.0,0.1023351009396223
84.48151174397208,returning,True,0.02941995,0.014709975,0.014709975,0.014709975,3.0,1.5,1.5,1.5,0.24107818603515627,24.18661499023436,13002,35,3,4,10765.0,10749.0,16.0,0.14885105591217787,10765.0,16.0,0.14885105591217787
84.53220261982642,returning,True,0.02941995,0.014709975,0.014709975,0.014709975,3.0,1.5,1.5,1.5,0.24124008178710937,24.024719238281257,13011,35,3,4,10768.0,10749.0,19.0,0.17676062889571123,10768.0,19.0,0.17676062889571123
84.59746676497161,returning,True,0.02941995,0.014709975,0.014709975,0.014709975,3.0,1.5,1.5,1.5,0.2412792205810547,23.985580444335934,13022,35,3,4,10774.0,10749.0,25.0,0.23257977486277792,10772.0,23.0,0.21397339287375572
84.64812114997767,returning,True,0.02941995,0.014709975,0.014709975,0.014709975,3.0,1.5,1.5,1.5,0.2412792205810547,23.985580444335934,13024,35,3,4,10774.0,10749.0,25.0,0.23257977486277792,10774.0,25.0,0.23257977486277792
84.68324605003,returning,True,0.02941995,0.014709975,0.014709975,0.014709975,3.0,1.5,1.5,1.5,0.24141390991210937,23.850891113281257,13032,35,3,4,10767.0,10749.0,18.0,0.1674574379012001,10769.666666666666,20.666666666666668,0.19226594721989643
84.73366847494617,returning,True,0.02941995,0.014709975,0.014709975,0.014709975,3.0,1.5,1.5,1.5,0.2414893493652344,23.77545166015624,13042,35,3,4,10769.0,10749.0,20.0,0.18606381989022236,10769.0,20.0,0.18606381989022236
84.78205425804481,returning,True,0.02941995,0.014709975,0.014709975,0.014709975,3.0,1.5,1.5,1.5,0.24151165771484376,23.75314331054687,13052,35,3,4,10766.0,10749.0,17.0,0.158154246906689,10766.0,17.0,0.158154246906689
84.83187532797456,returning,True,0.02941995,0.014709975,0.014709975,0.014709975,3.0,1.5,1.5,1.5,0.24152139282226562,23.74340820312501,13060,35,3,4,10766.0,10749.0,17.0,0.158154246906689,10766.0,17.0,0.158154246906689
84.88191277184524,returning,True,0.02941995,0.014709975,0.014709975,0.014709975,3.0,1.5,1.5,1.5,0.241525634765625,23.739166259765632,13069,35,3,4,10769.0,10749.0,20.0,0.18606381989022236,10769.0,20.0,0.18606381989022236
84.93196076201275,returning,True,0.02941995,0.014709975,0.014709975,0.014709975,3.0,1.5,1.5,1.5,0.241525634765625,23.739166259765632,13080,35,3,4,10766.0,10749.0,17.0,0.158154246906689,10768.0,19.0,0.17676062889571123
84.98227031296119,returning,True,0.02941995,0.014709975,0.014709975,0.014709975,3.0,1.5,1.5,1.5,0.24152880859375,23.735992431640625,13090,35,3,4,10768.0,10749.0,19.0,0.17676062889571123,10768.0,19.0,0.17676062889571123
85.0329821028281,returning,True,0.02941995,0.014709975,0.014709975,0.014709975,3.0,1.5,1.5,1.5,0.24153547668457032,23.729324340820312,13096,35,3,4,10776.0,10749.0,27.0,0.2511861568518002,10770.666666666666,21.666666666666668,0.20156913821440756
85.081669050036,returning,True,0.02941995,0.014709975,0.014709975,0.014709975,3.0,1.5,1.5,1.5,0.24155197143554688,23.712829589843746,13104,35,3,4,10767.0,10749.0,18.0,0.1674574379012001,10767.0,18.0,0.16745743790120007
85.13173028198071,returning,True,0.02941995,0.014709975,0.014709975,0.014709975,3.0,1.5,1.5,1.5,0.24155197143554688,23.712829589843746,13112,35,3,4,10769.0,10749.0,20.0,0.18606381989022236,10769.0,20.0,0.18606381989022236
85.19786296598613,returning,True,0.02941995,0.014709975,0.014709975,0.014709975,3.0,1.5,1.5,1.5,0.2415758819580078,23.688919067382823,13120,35,3,4,10759.0,10749.0,10.0,0.09303190994511118,10759.0,10.0,0.09303190994511118
85.24975290894508,returning,True,0.02941995,0.014709975,0.014709975,0.014709975,3.0,1.5,1.5,1.5,0.24161846923828126,23.64633178710937,13125,35,3,4,10764.0,10749.0,15.0,0.13954786491766677,10765.666666666666,16.666666666666668,0.155053183241852
85.29789101798087,returning,True,0.02941995,0.014709975,0.014709975,0.014709975,3.0,1.5,1.5,1.5,0.24161846923828126,23.64633178710937,13131,35,3,4,10768.0,10749.0,19.0,0.17676062889571123,10766.333333333334,17.333333333333332,0.161255310571526
85.34941892698407,returning,True,0.02941995,0.014709975,0.014709975,0.014709975,3.0,1.5,1.5,1.5,0.24168524169921876,23.579559326171868,13138,35,3,4,10769.0,10749.0,20.0,0.18606381989022236,10771.0,22.0,0.20467020187924456
85.41646605287679,returning,True,0.02941995,0.014709975,0.014709975,0.014709975,3.0,1.5,1.5,1.5,0.2417357177734375,23.529083251953132,13143,35,3,4,10770.0,10749.0,21.0,0.19536701088473346,10770.0,21.0,0.1953670108847335
85.43245471990667,returning,True,0.02941995,0.014709975,0.014709975,0.014709975,3.0,1.5,1.5,1.5,0.2417357177734375,23.529083251953132,13148,35,3,4,10769.0,10749.0,20.0,0.18606381989022236,10769.0,20.0,0.18606381989022236
85.48160831793211,returning,True,0.02941995,0.014709975,0.014709975,0.014709975,3.0,1.5,1.5,1.5,0.2417710876464844,23.49371337890624,13155,35,3,4,10773.0,10749.0,24.0,0.22327658386826682,10773.0,24.0,0.2232765838682668
85.53251448390074,returning,True,0.02941995,0.014709975,0.014709975,0.014709975,3.0,1.5,1.5,1.5,0.2417710876464844,23.49371337890624,13164,35,3,4,10767.0,10749.0,18.0,0.1674574379012001,10769.333333333334,20.333333333333332,0.18916488355505937
85.5975934448652,returning,True,0.02941995,0.014709975,0.014709975,0.014709975,3.0,1.5,1.5,1.5,0.24178295898437502,23.48184204101561,13173,35,3,4,10769.0,10749.0,20.0,0.18606381989022236,10769.0,20.0,0.18606381989022236
85.65005390788428,returning,True,0.02941995,0.014709975,0.014709975,0.014709975,3.0,1.5,1.5,1.5,0.24179046630859374,23.474334716796886,13175,35,3,4,10766.0,10749.0,17.0,0.158154246906689,10768.0,19.0,0.17676062889571123
85.69901134283282,returning,True,0.02941995,0.014709975,0.014709975,0.014709975,3.0,1.5,1.5,1.5,0.24179046630859374,23.474334716796886,13182,35,3,4,10767.0,10749.0,18.0,0.1674574379012001,10767.0,18.0,0.16745743790120007
85.74899143888615,returning,True,0.02941995,0.014709975,0.014709975,0.014709975,3.0,1.5,1.5,1.5,0.24180979919433596,23.455001831054673,13187,35,3,4,10770.0,10749.0,21.0,0.19536701088473346,10770.0,21.0,0.1953670108847335
85.81563641503453,returning,True,0.02941995,0.014709975,0.014709975,0.014709975,3.0,1.5,1.5,1.5,0.24180979919433596,23.455001831054673,13193,35,3,4,10770.0,10749.0,21.0,0.19536701088473346,10770.666666666666,21.666666666666668,0.20156913821440756
85.83161862986162,returning,True,0.02941995,0.014709975,0.014709975,0.014709975,3.0,1.5,1.5,1.5,0.2419334716796875,23.331329345703118,13199,35,3,4,10774.0,10749.0,25.0,0.23257977486277792,10772.666666666666,23.666666666666668,0.22017552020342976
85.8831922269892,returning,True,0.02941995,0.014709975,0.014709975,0.014709975,3.0,1.5,1.5,1.5,0.2419334716796875,23.331329345703118,13205,35,3,4,10767.0,10749.0,18.0,0.1674574379012001,10767.0,18.0,0.16745743790120007
85.93232660298236,returning,True,0.02941995,0.014709975,0.014709975,0.014709975,3.0,1.5,1.5,1.5,0.24194259643554689,23.322204589843743,13215,35,3,4,10775.0,10749.0,26.0,0.24188296585728905,10775.0,26.0,0.24188296585728905
85.99767939792946,returning,True,0.02941995,0.014709975,0.014709975,0.014709975,3.0,1.5,1.5,1.5,0.24194580078125,23.319000244140632,13222,35,3,4,10772.0,10749.0,23.0,0.2139733928737557,10772.0,23.0,0.2139733928737557
86.04782960889861,returning,True,0.02941995,0.014709975,0.014709975,0.014709975,3.0,1.5,1.5,1.5,0.24194580078125,23.319000244140632,13227,35,3,4,10767.0,10749.0,18.0,0.1674574379012001,10768.666666666666,19.666666666666668,0.18296275622538527
86.09942666604184,returning,True,0.02941995,0.014709975,0.014709975,0.014709975,3.0,1.5,1.5,1.5,0.2419572296142578,23.30757141113282,13234,35,3,4,10769.0,10749.0,20.0,0.18606381989022236,10769.0,20.0,0.18606381989022236
86.15161979594268,returning,True,0.02941995,0.014709975,0.014709975,0.014709975,3.0,1.5,1.5,1.5,0.2419648132324219,23.29998779296874,13239,35,3,4,10772.0,10749.0,23.0,0.2139733928737557,10772.0,23.0,0.2139733928737557
86.21556340903044,returning,True,0.02941995,0.014709975,0.014709975,0.014709975,3.0,1.5,1.5,1.5,0.2419648132324219,23.29998779296874,13245,35,3,4,10768.0,10749.0,19.0,0.17676062889571123,10772.0,23.0,0.2139733928737557
86.23213268397376,returning,True,0.028439284999999998,0.014709975,0.013729309999999998,0.013729309999999998,2.9,1.5,1.3999999999999997,1.3999999999999997,0.2419648132324219,23.29998779296874,13251,35,3,4,10768.0,10749.0,19.0,0.17676062889571123,10768.0,19.0,0.17676062889571123
86.28250853787176,returning,True,0.028439284999999998,0.014709975,0.013729309999999998,0.013729309999999998,2.9,1.5,1.3999999999999997,1.3999999999999997,0.24197305297851562,23.291748046875004,13258,35,3,4,10765.0,10749.0,16.0,0.14885105591217787,10765.0,16.0,0.14885105591217787
86.33195379795507,returning,True,0.028439284999999998,0.014709975,0.013729309999999998,0.013729309999999998,2.9,1.5,1.3999999999999997,1.3999999999999997,0.24197463989257814,23.290161132812486,13266,35,3,4,10764.0,10749.0,15.0,0.13954786491766677,10766.666666666666,17.666666666666668,0.16435637423636307
86.40240659099072,returning,True,0.028439284999999998,0.014709975,0.013729309999999998,0.013729309999999998,2.9,1.5,1.3999999999999997,1.3999999999999997,0.24197463989257814,23.290161132812486,13274,35,3,4,10773.0,10749.0,24.0,0.22327658386826682,10767.0,18.0,0.16745743790120013
86.43193471897393,returning,True,0.028439284999999998,0.014709975,0.013729309999999998,0.013729309999999998,2.9,1.5,1.3999999999999997,1.3999999999999997,0.24196966552734375,23.295135498046875,13282,35,3,4,10779.0,10749.0,30.0,0.27909572983533354,10779.0,30.0,0.27909572983533354
86.48205628083088,returning,True,0.028439284999999998,0.014709975,0.013729309999999998,0.013729309999999998,2.9,1.5,1.3999999999999997,1.3999999999999997,0.24197413635253906,23.29066467285157,13292,35,3,4,10774.0,10749.0,25.0,0.23257977486277792,10774.0,25.0,0.23257977486277792
86.53197724092752,returning,True,0.028439284999999998,0.014709975,0.013729309999999998,0.013729309999999998,2.9,1.5,1.3999999999999997,1.3999999999999997,0.24197825622558594,23.286544799804688,13302,35,3,4,10771.0,10749.0,22.0,0.2046702018792446,10771.0,22.0,0.2046702018792446
86.59887827187777,returning,True,0.028439284999999998,0.014709975,0.013729309999999998,0.013729309999999998,2.9,1.5,1.3999999999999997,1.3999999999999997,0.24199551391601562,23.269287109375007,13312,35,3,4,10768.0,10749.0,19.0,0.17676062889571123,10769.0,20.0,0.18606381989022236
86.64779550302774,returning,True,0.028439284999999998,0.014709975,0.013729309999999998,0.013729309999999998,2.9,1.5,1.3999999999999997,1.3999999999999997,0.24199551391601562,23.269287109375007,13317,35,3,4,10769.0,10749.0,20.0,0.18606381989022236,10768.666666666666,19.666666666666668,0.1829627562253853
86.69742660690099,returning,True,0.028439284999999998,0.014709975,0.013729309999999998,0.013729309999999998,2.9,1.5,1.3999999999999997,1.3999999999999997,0.24215252685546876,23.11227416992187,13323,35,3,4,10771.0,10749.0,22.0,0.2046702018792446,10771.0,22.0,0.2046702018792446
86.74941275897436,returning,True,0.028439284999999998,0.014709975,0.013729309999999998,0.013729309999999998,2.9,1.5,1.3999999999999997,1.3999999999999997,0.24235693359375002,22.90786743164061,13330,35,3,4,10773.0,10749.0,24.0,0.22327658386826682,10773.0,24.0,0.2232765838682668
86.79914881801233,returning,True,0.028439284999999998,0.014709975,0.013729309999999998,0.013729309999999998,2.9,1.5,1.3999999999999997,1.3999999999999997,0.24235693359375002,22.90786743164061,13336,35,3,4,10773.0,10749.0,24.0,0.22327658386826682,10773.666666666666,24.666666666666668,0.22947871119794092
86.83211222593673,returning,True,0.028439284999999998,0.014709975,0.013729309999999998,0.013729309999999998,2.9,1.5,1.3999999999999997,1.3999999999999997,0.24246046447753908,22.804336547851552,13340,35,3,4,10776.0,10749.0,27.0,0.2511861568518002,10774.0,25.0,0.23257977486277795
86.8817121759057,returning,True,0.028439284999999998,0.014709975,0.013729309999999998,0.013729309999999998,2.9,1.5,1.3999999999999997,1.3999999999999997,0.24246046447753908,22.804336547851552,13348,35,3,4,10773.0,10749.0,24.0,0.22327658386826682,10773.0,24.0,0.2232765838682668
86.93305835290812,returning,True,0.028439284999999998,0.014709975,0.013729309999999998,0.013729309999999998,2.9,1.5,1.3999999999999997,1.3999999999999997,0.24254931640625,22.715484619140636,13353,35,3,4,10772.0,10749.0,23.0,0.2139733928737557,10772.0,23.0,0.2139733928737557
86.99781187390909,returning,True,0.028439284999999998,0.014709975,0.013729309999999998,0.013729309999999998,2.9,1.5,1.3999999999999997,1.3999999999999997,0.2426632080078125,22.601593017578136,13361,35,3,4,10770.0,10749.0,21.0,0.19536701088473346,10771.0,22.0,0.20467020187924456
87.04962793784216,returning,True,0.028439284999999998,0.014709975,0.013729309999999998,0.013729309999999998,2.9,1.5,1.3999999999999997,1.3999999999999997,0.2426632080078125,22.601593017578136,13365,35,3,4,10770.0,10749.0,21.0,0.19536701088473346,10770.0,21.0,0.1953670108847335
87.09754952089861,returning,True,0.028439284999999998,0.014709975,0.013729309999999998,0.013729309999999998,2.9,1.5,1.3999999999999997,1.3999999999999997,0.24269064331054688,22.57415771484375,13371,35,3,4,10777.0,10749.0,28.0,0.2604893478463113,10777.0,28.0,0.2604893478463113
87.14989370689727,returning,True,0.028439284999999998,0.014709975,0.013729309999999998,0.013729309999999998,2.9,1.5,1.3999999999999997,1.3999999999999997,0.24269064331054688,22.57415771484375,13376,35,3,4,10781.0,10749.0,32.0,0.29770211182435574,10781.0,32.0,0.29770211182435574
87.21749727800488,returning,True,0.028439284999999998,0.014709975,0.013729309999999998,0.013729309999999998,2.9,1.5,1.3999999999999997,1.3999999999999997,0.2427000732421875,22.56472778320312,13383,35,3,4,10778.0,10749.0,29.0,0.2697925388408224,10778.0,29.0,0.2697925388408224
87.23306311387569,returning,True,0.028439284999999998,0.014709975,0.013729309999999998,0.013729309999999998,2.9,1.5,1.3999999999999997,1.3999999999999997,0.2427000732421875,22.56472778320312,13386,35,3,4,10774.0,10749.0,25.0,0.23257977486277792,10774.0,25.0,0.23257977486277792
87.28161466983147,returning,True,0.028439284999999998,0.014709975,0.013729309999999998,0.013729309999999998,2.9,1.5,1.3999999999999997,1.3999999999999997,0.242708251953125,22.556549072265618,13396,35,3,4,10770.0,10749.0,21.0,0.19536701088473346,10770.0,21.0,0.1953670108847335
87.33229617588222,returning,True,0.028439284999999998,0.014709975,0.013729309999999998,0.013729309999999998,2.9,1.5,1.3999999999999997,1.3999999999999997,0.242708251953125,22.556549072265618,13403,35,3,4,10772.0,10749.0,23.0,0.2139733928737557,10772.0,23.0,0.2139733928737557
87.3997446410358,returning,True,0.028439284999999998,0.014709975,0.013729309999999998,0.013729309999999998,2.9,1.5,1.3999999999999997,1.3999999999999997,0.24271615600585938,22.548645019531243,13414,35,3,4,10768.0,10749.0,19.0,0.17676062889571123,10770.0,21.0,0.19536701088473343
87.45023160101846,returning,True,0.028439284999999998,0.014709975,0.013729309999999998,0.013729309999999998,2.9,1.5,1.3999999999999997,1.3999999999999997,0.24271615600585938,22.548645019531243,13418,35,3,4,10768.0,10749.0,19.0,0.17676062889571123,10768.0,19.0,0.17676062889571123
87.49797626887448,returning,True,0.028439284999999998,0.014709975,0.013729309999999998,0.013729309999999998,2.9,1.5,1.3999999999999997,1.3999999999999997,0.24273670959472657,22.52809143066406,13425,35,3,4,10774.0,10749.0,25.0,0.23257977486277792,10773.333333333334,24.333333333333332,0.22637764753310385
87.54938434599899,returning,True,0.028439284999999998,0.014709975,0.013729309999999998,0.013729309999999998,2.9,1.5,1.3999999999999997,1.3999999999999997,0.24273670959472657,22.52809143066406,13430,35,3,4,10771.0,10749.0,22.0,0.2046702018792446,10772.0,23.0,0.2139733928737557
87.61559852096252,returning,True,0.028439284999999998,0.014709975,0.013729309999999998,0.013729309999999998,2.9,1.5,1.3999999999999997,1.3999999999999997,0.24287722778320314,22.387573242187486,13439,35,3,4,10780.0,10749.0,31.0,0.28839892082984464,10774.666666666666,25.666666666666668,0.238781902192452
87.6478974618949,returning,True,0.028439284999999998,0.014709975,0.013729309999999998,0.013729309999999998,2.9,1.5,1.3999999999999997,1.3999999999999997,0.24294818115234376,22.316619873046868,13442,35,3,4,10779.0,10749.0,30.0,0.27909572983533354,10779.666666666666,30.666666666666668,0.2852978571650076
87.68589851702563,returning,True,0.028439284999999998,0.014709975,0.013729309999999998,0.013729309999999998,2.9,1.5,1.3999999999999997,1.3999999999999997,0.24294818115234376,22.316619873046868,13447,35,3,4,10769.0,10749.0,20.0,0.18606381989022236,10775.666666666666,26.666666666666668,0.24808509318696315
87.73328065802343,returning,True,0.028439284999999998,0.014709975,0.013729309999999998,0.013729309999999998,2.9,1.5,1.3999999999999997,1.3999999999999997,0.24301812744140625,22.246673583984382,13453,35,3,4,10778.0,10749.0,29.0,0.2697925388408224,10778.0,29.0,0.2697925388408224
87.80007522483356,returning,True,0.028439284999999998,0.014709975,0.013729309999999998,0.013729309999999998,2.9,1.5,1.3999999999999997,1.3999999999999997,0.24301812744140625,22.246673583984382,13462,35,3,4,10775.0,10749.0,26.0,0.24188296585728905,10775.0,26.0,0.24188296585728905
87.84793162788264,returning,True,0.028439284999999998,0.014709975,0.013729309999999998,0.013729309999999998,2.9,1.5,1.3999999999999997,1.3999999999999997,0.24312603759765625,22.138763427734382,13467,35,3,4,10768.0,10749.0,19.0,0.17676062889571123,10768.0,19.0,0.17676062889571123
87.90153722604737,returning,True,0.028439284999999998,0.014709975,0.013729309999999998,0.013729309999999998,2.9,1.5,1.3999999999999997,1.3999999999999997,0.2432658233642578,21.99897766113282,13473,35,3,4,10771.0,10749.0,22.0,0.2046702018792446,10769.666666666666,20.666666666666668,0.19226594721989643
87.94731851294637,returning,True,0.028439284999999998,0.014709975,0.013729309999999998,0.013729309999999998,2.9,1.5,1.3999999999999997,1.3999999999999997,0.2432658233642578,21.99897766113282,13478,35,3,4,10770.0,10749.0,21.0,0.19536701088473346,10770.333333333334,21.333333333333332,0.19846807454957052
88.01689669094048,returning,True,0.028439284999999998,0.014709975,0.013729309999999998,0.013729309999999998,2.9,1.5,1.3999999999999997,1.3999999999999997,0.24335818481445312,21.906616210937507,13485,35,3,4,10773.0,10749.0,24.0,0.22327658386826682,10773.0,24.0,0.2232765838682668
88.0329492778983,returning,True,0.028439284999999998,0.014709975,0.013729309999999998,0.013729309999999998,2.9,1.5,1.3999999999999997,1.3999999999999997,0.24335818481445312,21.906616210937507,13490,35,3,4,10777.0,10749.0,28.0,0.2604893478463113,10773.666666666666,24.666666666666668,0.22947871119794092
88.08253687084652,returning,True,0.028439284999999998,0.014709975,0.013729309999999998,0.013729309999999998,2.9,1.5,1.3999999999999997,1.3999999999999997,0.24352383422851562,21.74096679687501,13499,35,3,4,10778.0,10749.0,29.0,0.2697925388408224,10778.0,29.0,0.2697925388408224
88.13249156204984,returning,True,0.028439284999999998,0.014709975,0.013729309999999998,0.013729309999999998,2.9,1.5,1.3999999999999997,1.3999999999999997,0.24352383422851562,21.74096679687501,13506,35,3,4,10773.0,10749.0,24.0,0.22327658386826682,10773.0,24.0,0.2232765838682668
88.20095774694346,returning,True,0.028439284999999998,0.014709975,0.013729309999999998,0.013729309999999998,2.9,1.5,1.3999999999999997,1.3999999999999997,0.2435347442626953,21.73005676269532,13516,35,3,4,10774.0,10749.0,25.0,0.23257977486277792,10774.0,25.0,0.23257977486277792
88.25043263891712,returning,True,0.028439284999999998,0.014709975,0.013729309999999998,0.013729309999999998,2.9,1.5,1.3999999999999997,1.3999999999999997,0.24354560852050783,21.719192504882802,13520,35,3,4,10777.0,10749.0,28.0,0.2604893478463113,10777.0,28.0,0.2604893478463113
88.29816354298964,returning,True,0.028439284999999998,0.014709975,0.013729309999999998,0.013729309999999998,2.9,1.5,1.3999999999999997,1.3999999999999997,0.24354560852050783,21.719192504882802,13526,35,3,4,10773.0,10749.0,24.0,0.22327658386826682,10773.0,24.0,0.2232765838682668
88.3317665469367,returning,True,0.028439284999999998,0.014709975,0.013729309999999998,0.013729309999999998,2.9,1.5,1.3999999999999997,1.3999999999999997,0.24356224060058596,21.702560424804673,13535,35,3,4,10778.0,10749.0,29.0,0.2697925388408224,10778.0,29.0,0.2697925388408224
88.39812624105252,returning,True,0.028439284999999998,0.014709975,0.013729309999999998,0.013729309999999998,2.9,1.5,1.3999999999999997,1.3999999999999997,0.24357388305664063,21.69091796875,13545,35,3,4,10776.0,10749.0,27.0,0.2511861568518002,10776.0,27.0,0.2511861568518002
88.4499524210114,returning,True,0.028439284999999998,0.014709975,0.013729309999999998,0.013729309999999998,2.9,1.5,1.3999999999999997,1.3999999999999997,0.24366250610351564,21.602294921874986,13550,35,3,4,10788.0,10749.0,39.0,0.36282444878593356,10788.0,39.0,0.36282444878593356
88.49963657697663,returning,True,0.028439284999999998,0.014709975,0.013729309999999998,0.013729309999999998,2.9,1.5,1.3999999999999997,1.3999999999999997,0.24366250610351564,21.602294921874986,13555,35,3,4,10772.0,10749.0,23.0,0.2139733928737557,10772.0,23.0,0.2139733928737557
88.54779954790138,returning,True,0.028439284999999998,0.014709975,0.013729309999999998,0.013729309999999998,2.9,1.5,1.3999999999999997,1.3999999999999997,0.24372322082519532,21.54158020019531,13561,35,3,4,10779.0,10749.0,30.0,0.27909572983533354,10774.333333333334,25.333333333333332,0.23568083852761498
88.58242624788545,returning,True,0.028439284999999998,0.014709975,0.013729309999999998,0.013729309999999998,2.9,1.5,1.3999999999999997,1.3999999999999997,0.24372322082519532,21.54158020019531,13569,35,3,4,10781.0,10749.0,32.0,0.29770211182435574,10781.0,32.0,0.29770211182435574
88.63382607605308,returning,True,0.02745862,0.014709975,0.012748645,0.012748645,2.8,1.5,1.2999999999999998,1.2999999999999998,0.2437493896484375,21.515411376953118,13574,35,3,4,10777.0,10749.0,28.0,0.2604893478463113,10777.0,28.0,0.2604893478463113
88.68195427302271,returning,True,0.02745862,0.014709975,0.012748645,0.012748645,2.8,1.5,1.2999999999999998,1.2999999999999998,0.2437493896484375,21.515411376953118,13581,35,3,4,10781.0,10749.0,32.0,0.29770211182435574,10773.666666666666,24.666666666666668,0.22947871119794092
88.7320166239515,returning,True,0.02745862,0.014709975,0.012748645,0.012748645,2.8,1.5,1.2999999999999998,1.2999999999999998,0.2437687683105469,21.49603271484374,13587,35,3,4,10772.0,10749.0,23.0,0.2139733928737557,10775.0,26.0,0.24188296585728905
88.79971094289795,returning,True,0.02745862,0.014709975,0.012748645,0.012748645,2.8,1.5,1.2999999999999998,1.2999999999999998,0.24378701782226564,21.47778320312499,13593,35,3,4,10784.0,10749.0,35.0,0.3256116848078891,10784.0,35.0,0.3256116848078891
88.8495085190516,returning,True,0.02745862,0.014709975,0.012748645,0.012748645,2.8,1.5,1.2999999999999998,1.2999999999999998,0.24378701782226564,21.47778320312499,13598,35,3,4,10777.0,10749.0,28.0,0.2604893478463113,10777.0,28.0,0.2604893478463113
88.89770983788185,returning,True,0.02745862,0.014709975,0.012748645,0.012748645,2.8,1.5,1.2999999999999998,1.2999999999999998,0.24381768798828127,21.44711303710936,13604,35,3,4,10786.0,10749.0,37.0,0.34421806679691136,10786.0,37.0,0.3442180667969114
88.93208879395388,returning,True,0.02745862,0.014709975,0.012748645,0.012748645,2.8,1.5,1.2999999999999998,1.2999999999999998,0.24381768798828127,21.44711303710936,13612,35,3,4,10779.0,10749.0,30.0,0.27909572983533354,10779.0,30.0,0.27909572983533354
88.99900618102401,returning,True,0.02745862,0.014709975,0.012748645,0.012748645,2.8,1.5,1.2999999999999998,1.2999999999999998,0.2440234375,21.241363525390632,13618,35,3,4,10777.0,10749.0,28.0,0.2604893478463113,10777.0,28.0,0.2604893478463113
89.0472301908303,returning,True,0.02745862,0.014709975,0.012748645,0.012748645,2.8,1.5,1.2999999999999998,1.2999999999999998,0.24413825988769533,21.1265411376953,13623,35,3,4,10783.0,10749.0,34.0,0.316308493813378,10783.0,34.0,0.316308493813378
89.09793481300585,returning,True,0.02745862,0.014709975,0.012748645,0.012748645,2.8,1.5,1.2999999999999998,1.2999999999999998,0.24413825988769533,21.1265411376953,13628,35,3,4,10779.0,10749.0,30.0,0.27909572983533354,10779.0,30.0,0.27909572983533354
89.14809287688695,returning,True,0.02745862,0.014709975,0.012748645,0.012748645,2.8,1.5,1.2999999999999998,1.2999999999999998,0.2441675262451172,21.097274780273427,13634,35,3,4,10778.0,10749.0,29.0,0.2697925388408224,10778.0,29.0,0.2697925388408224
89.2163951639086,returning,True,0.02745862,0.014709975,0.012748645,0.012748645,2.8,1.5,1.2999999999999998,1.2999999999999998,0.24419577026367187,21.06903076171876,13639,35,3,4,10782.0,10749.0,33.0,0.3070053028188669,10780.0,31.0,0.2883989208298447
89.23370846989565,returning,True,0.02745862,0.014709975,0.012748645,0.012748645,2.8,1.5,1.2999999999999998,1.2999999999999998,0.24419577026367187,21.06903076171876,13645,35,3,4,10773.0,10749.0,24.0,0.22327658386826682,10776.0,27.0,0.2511861568518002
89.28152410499752,returning,True,0.02745862,0.014709975,0.012748645,0.012748645,2.8,1.5,1.2999999999999998,1.2999999999999998,0.24419577026367187,21.06903076171876,13653,35,3,4,10779.0,10749.0,30.0,0.27909572983533354,10779.0,30.0,0.27909572983533354
89.33208693703637,returning,True,0.02745862,0.014709975,0.012748645,0.012748645,2.8,1.5,1.2999999999999998,1.2999999999999998,0.24421041870117188,21.054382324218746,13661,35,3,4,10774.0,10749.0,25.0,0.23257977486277792,10778.666666666666,29.666666666666668,0.27599466617049645
89.3980801559519,returning,True,0.02745862,0.014709975,0.012748645,0.012748645,2.8,1.5,1.2999999999999998,1.2999999999999998,0.24422720336914064,21.03759765624999,13670,35,3,4,10778.0,10749.0,29.0,0.2697925388408224,10776.666666666666,27.666666666666668,0.25738828418147425
89.44918752484955,returning,True,0.02745862,0.014709975,0.012748645,0.012748645,2.8,1.5,1.2999999999999998,1.2999999999999998,0.24425935363769533,21.005447387695302,13677,35,3,4,10781.0,10749.0,32.0,0.29770211182435574,10781.0,32.0,0.29770211182435574
89.50084486184642,returning,True,0.02745862,0.014709975,0.012748645,0.012748645,2.8,1.5,1.2999999999999998,1.2999999999999998,0.24438705444335937,20.87774658203126,13682,35,3,4,10779.0,10749.0,30.0,0.27909572983533354,10779.0,30.0,0.27909572983533354
89.54927719989792,returning,True,0.02745862,0.014709975,0.012748645,0.012748645,2.8,1.5,1.2999999999999998,1.2999999999999998,0.24438705444335937,20.87774658203126,13687,35,3,4,10777.0,10749.0,28.0,0.2604893478463113,10777.0,28.0,0.2604893478463113
89.61625935486518,returning,True,0.02745862,0.014709975,0.012748645,0.012748645,2.8,1.5,1.2999999999999998,1.2999999999999998,0.24452137756347656,20.743423461914073,13693,35,3,4,10777.0,10749.0,28.0,0.2604893478463113,10777.0,28.0,0.2604893478463113
89.63314246200025,returning,True,0.02745862,0.014709975,0.012748645,0.012748645,2.8,1.5,1.2999999999999998,1.2999999999999998,0.24452137756347656,20.743423461914073,13699,35,3,4,10780.0,10749.0,31.0,0.28839892082984464,10779.666666666666,30.666666666666668,0.2852978571650076
89.68193863192573,returning,True,0.02745862,0.014709975,0.012748645,0.012748645,2.8,1.5,1.2999999999999998,1.2999999999999998,0.24454400634765625,20.720794677734382,13707,35,3,4,10781.0,10749.0,32.0,0.29770211182435574,10781.0,32.0,0.29770211182435574
89.73303699493408,returning,True,0.02745862,0.014709975,0.012748645,0.012748645,2.8,1.5,1.2999999999999998,1.2999999999999998,0.24454400634765625,20.720794677734382,13712,35,3,4,10782.0,10749.0,33.0,0.3070053028188669,10782.0,33.0,0.3070053028188669
89.80044019198976,returning,True,0.02745862,0.014709975,0.012748645,0.012748645,2.8,1.5,1.2999999999999998,1.2999999999999998,0.244538818359375,20.725982666015636,13719,35,3,4,10777.0,10749.0,28.0,0.2604893478463113,10778.0,29.0,0.2697925388408224
89.85106901801191,returning,True,0.02745862,0.014709975,0.012748645,0.012748645,2.8,1.5,1.2999999999999998,1.2999999999999998,0.2445418701171875,20.722930908203125,13724,35,3,4,10773.0,10749.0,24.0,0.22327658386826682,10774.333333333334,25.333333333333332,0.23568083852761498
89.89935287996195,returning,True,0.02745862,0.014709975,0.012748645,0.012748645,2.8,1.5,1.2999999999999998,1.2999999999999998,0.2445418701171875,20.722930908203125,13730,35,3,4,10775.0,10749.0,26.0,0.24188296585728905,10774.333333333334,25.333333333333332,0.23568083852761498
89.94947490585037,returning,True,0.02745862,0.014709975,0.012748645,0.012748645,2.8,1.5,1.2999999999999998,1.2999999999999998,0.24455963134765626,20.705169677734364,13736,35,3,4,10775.0,10749.0,26.0,0.24188296585728905,10775.0,26.0,0.24188296585728905
90.01644267886877,returning,True,0.02745862,0.014709975,0.012748645,0.012748645,2.8,1.5,1.2999999999999998,1.2999999999999998,0.2446099395751953,20.654861450195323,13743,35,3,4,10773.0,10749.0,24.0,0.22327658386826682,10774.333333333334,25.333333333333332,0.23568083852761498
90.03277831687592,returning,True,0.02745862,0.014709975,0.012748645,0.012748645,2.8,1.5,1.2999999999999998,1.2999999999999998,0.2446099395751953,20.654861450195323,13748,35,3,4,10776.0,10749.0,27.0,0.2511861568518002,10775.0,26.0,0.24188296585728905
90.08255320391618,returning,True,0.02745862,0.014709975,0.012748645,0.012748645,2.8,1.5,1.2999999999999998,1.2999999999999998,0.24476483154296874,20.499969482421886,13755,35,3,4,10774.0,10749.0,25.0,0.23257977486277792,10774.0,25.0,0.23257977486277792
90.13217317988165,returning,True,0.02745862,0.014709975,0.012748645,0.012748645,2.8,1.5,1.2999999999999998,1.2999999999999998,0.24476483154296874,20.499969482421886,13765,35,3,4,10774.0,10749.0,25.0,0.23257977486277792,10774.0,25.0,0.23257977486277792
90.20129563985392,returning,True,0.02745862,0.014709975,0.012748645,0.012748645,2.8,1.5,1.2999999999999998,1.2999999999999998,0.24481336975097656,20.451431274414066,13775,35,3,4,10778.0,10749.0,29.0,0.2697925388408224,10778.0,29.0,0.2697925388408224
90.2493073309306,returning,True,0.02745862,0.014709975,0.012748645,0.012748645,2.8,1.5,1.2999999999999998,1.2999999999999998,0.2449504852294922,20.31431579589843,13779,35,3,4,10773.0,10749.0,24.0,0.22327658386826682,10776.333333333334,27.333333333333332,0.25428722051663716
90.29790201294236,returning,True,0.02745862,0.014709975,0.012748645,0.012748645,2.8,1.5,1.2999999999999998,1.2999999999999998,0.2449504852294922,20.31431579589843,13785,35,3,4,10778.0,10749.0,29.0,0.2697925388408224,10776.333333333334,27.333333333333332,0.25428722051663716
90.34785791998729,returning,True,0.02745862,0.014709975,0.012748645,0.012748645,2.8,1.5,1.2999999999999998,1.2999999999999998,0.24505343627929688,20.21136474609375,13792,35,3,4,10774.0,10749.0,25.0,0.23257977486277792,10774.0,25.0,0.23257977486277792
90.41521566198207,returning,True,0.02745862,0.014709975,0.012748645,0.012748645,2.8,1.5,1.2999999999999998,1.2999999999999998,0.24511956787109376,20.145233154296864,13798,35,3,4,10774.0,10749.0,25.0,0.23257977486277792,10776.666666666666,27.666666666666668,0.25738828418147425
90.4328235979192,returning,True,0.02745862,0.014709975,0.012748645,0.012748645,2.8,1.5,1.2999999999999998,1.2999999999999998,0.24511956787109376,20.145233154296864,13805,35,3,4,10772.0,10749.0,23.0,0.2139733928737557,10772.0,23.0,0.2139733928737557
90.48177998303436,returning,True,0.02745862,0.014709975,0.012748645,0.012748645,2.8,1.5,1.2999999999999998,1.2999999999999998,0.24521408081054688,20.050720214843746,13811,35,3,4,10783.0,10749.0,34.0,0.316308493813378,10783.0,34.0,0.316308493813378
90.53202168596908,returning,True,0.02745862,0.014709975,0.012748645,0.012748645,2.8,1.5,1.2999999999999998,1.2999999999999998,0.24521408081054688,20.050720214843746,13818,35,3,4,10780.0,10749.0,31.0,0.28839892082984464,10780.0,31.0,0.28839892082984464
90.59780730796047,returning,True,0.02745862,0.014709975,0.012748645,0.012748645,2.8,1.5,1.2999999999999998,1.2999999999999998,0.2453820343017578,19.882766723632816,13827,35,3,4,10777.0,10749.0,28.0,0.2604893478463113,10779.333333333334,30.333333333333332,0.2821967935001706
90.64925579284318,returning,True,0.02745862,0.014709975,0.012748645,0.012748645,2.8,1.5,1.2999999999999998,1.2999999999999998,0.24540481567382813,19.859985351562496,13831,35,3,4,10777.0,10749.0,28.0,0.2604893478463113,10777.0,28.0,0.2604893478463113
90.69775747391395,returning,True,0.02745862,0.014709975,0.012748645,0.012748645,2.8,1.5,1.2999999999999998,1.2999999999999998,0.24540481567382813,19.859985351562496,13837,35,3,4,10780.0,10749.0,31.0,0.28839892082984464,10779.666666666666,30.666666666666668,0.2852978571650076
90.7477969408501,returning,True,0.02745862,0.014709975,0.012748645,0.012748645,2.8,1.5,1.2999999999999998,1.2999999999999998,0.24542254638671876,19.842254638671868,13843,35,3,4,10774.0,10749.0,25.0,0.23257977486277792,10776.0,27.0,0.2511861568518002
90.81607759883627,returning,True,0.02745862,0.014709975,0.012748645,0.012748645,2.8,1.5,1.2999999999999998,1.2999999999999998,0.24543955993652344,19.825241088867184,13848,35,3,4,10782.0,10749.0,33.0,0.3070053028188669,10782.0,33.0,0.3070053028188669
90.83166073891334,returning,True,0.02745862,0.014709975,0.012748645,0.012748645,2.8,1.5,1.2999999999999998,1.2999999999999998,0.24543955993652344,19.825241088867184,13854,35,3,4,10780.0,10749.0,31.0,0.28839892082984464,10781.333333333334,32.333333333333336,0.3008031754891928
90.88240087591112,returning,True,0.02745862,0.014709975,0.012748645,0.012748645,2.8,1.5,1.2999999999999998,1.2999999999999998,0.24543955993652344,19.825241088867184,13862,35,3,4,10775.0,10749.0,26.0,0.24188296585728905,10775.0,26.0,0.24188296585728905
90.93212493299507,returning,True,0.02745862,0.014709975,0.012748645,0.012748645,2.8,1.5,1.2999999999999998,1.2999999999999998,0.245451416015625,19.81338500976562,13872,35,3,4,10780.0,10749.0,31.0,0.28839892082984464,10780.0,31.0,0.28839892082984464
91.00064894696698,returning,True,0.02745862,0.014709975,0.012748645,0.012748645,2.8,1.5,1.2999999999999998,1.2999999999999998,0.24547337341308595,19.79142761230468,13880,35,3,4,10783.0,10749.0,34.0,0.316308493813378,10783.0,34.0,0.316308493813378
91.0478689589072,returning,True,0.02745862,0.014709975,0.012748645,0.012748645,2.8,1.5,1.2999999999999998,1.2999999999999998,0.24550500488281252,19.75979614257811,13884,35,3,4,10770.0,10749.0,21.0,0.19536701088473346,10770.0,21.0,0.1953670108847335
91.09765012492426,returning,True,0.02745862,0.014709975,0.012748645,0.012748645,2.8,1.5,1.2999999999999998,1.2999999999999998,0.24554559326171876,19.719207763671864,13891,35,3,4,10773.0,10749.0,24.0,0.22327658386826682,10774.0,25.0,0.23257977486277795
91.13227080996148,returning,True,0.02745862,0.014709975,0.012748645,0.012748645,2.8,1.5,1.2999999999999998,1.2999999999999998,0.24554559326171876,19.719207763671864,13899,35,3,4,10775.0,10749.0,26.0,0.24188296585728905,10775.0,26.0,0.24188296585728905
91.1976836710237,returning,True,0.02745862,0.014709975,0.012748645,0.012748645,2.8,1.5,1.2999999999999998,1.2999999999999998,0.24561474609375,19.650054931640625,13908,35,3,4,10778.0,10749.0,29.0,0.2697925388408224,10778.0,29.0,0.2697925388408224
91.24835462588817,returning,True,0.02745862,0.014709975,0.012748645,0.012748645,2.8,1.5,1.2999999999999998,1.2999999999999998,0.24568716430664064,19.577636718749986,13913,35,3,4,10782.0,10749.0,33.0,0.3070053028188669,10782.0,33.0,0.3070053028188669
91.29833155288361,returning,True,0.02745862,0.014709975,0.012748645,0.012748645,2.8,1.5,1.2999999999999998,1.2999999999999998,0.24568716430664064,19.577636718749986,13919,35,3,4,10777.0,10749.0,28.0,0.2604893478463113,10773.666666666666,24.666666666666668,0.22947871119794092
91.3314939958509,returning,True,0.02745862,0.014709975,0.012748645,0.012748645,2.8,1.5,1.2999999999999998,1.2999999999999998,0.2457117919921875,19.553009033203118,13925,35,3,4,10780.0,10749.0,31.0,0.28839892082984464,10780.0,31.0,0.28839892082984464
91.39915839699097,returning,True,0.02745862,0.014709975,0.012748645,0.012748645,2.8,1.5,1.2999999999999998,1.2999999999999998,0.24575854492187502,19.50625610351561,13930,35,3,4,10781.0,10749.0,32.0,0.29770211182435574,10781.0,32.0,0.29770211182435574
91.43233238905668,returning,True,0.02745862,0.014709975,0.012748645,0.012748645,2.8,1.5,1.2999999999999998,1.2999999999999998,0.24575854492187502,19.50625610351561,13936,35,3,4,10782.0,10749.0,33.0,0.3070053028188669,10780.666666666666,31.666666666666668,0.2946010481595187
91.48177703190595,returning,True,0.02745862,0.014709975,0.012748645,0.012748645,2.8,1.5,1.2999999999999998,1.2999999999999998,0.24584584045410157,19.418960571289055,13945,35,3,4,10784.0,10749.0,35.0,0.3256116848078891,10784.0,35.0,0.3256116848078891
91.53222094383091,returning,True,0.02745862,0.014709975,0.012748645,0.012748645,2.8,1.5,1.2999999999999998,1.2999999999999998,0.24590011596679687,19.36468505859376,13955,35,3,4,10771.0,10749.0,22.0,0.2046702018792446,10771.0,22.0,0.2046702018792446
91.6005834590178,returning,True,0.026477955,0.014709975,0.01176798,0.01176798,2.7,1.5,1.2000000000000002,1.2000000000000002,0.2459281005859375,19.336700439453125,13965,35,3,4,10786.0,10749.0,37.0,0.34421806679691136,10786.0,37.0,0.3442180667969114
91.64973668195307,returning,True,0.026477955,0.014709975,0.01176798,0.01176798,2.7,1.5,1.2000000000000002,1.2000000000000002,0.2459281005859375,19.336700439453125,13969,35,3,4,10780.0,10749.0,31.0,0.28839892082984464,10780.0,31.0,0.28839892082984464
91.6992113199085,returning,True,0.026477955,0.014709975,0.01176798,0.01176798,2.7,1.5,1.2000000000000002,1.2000000000000002,0.24596066284179688,19.30413818359375,13975,35,3,4,10780.0,10749.0,31.0,0.28839892082984464,10780.0,31.0,0.28839892082984464
91.74936393089592,returning,True,0.026477955,0.014709975,0.01176798,0.01176798,2.7,1.5,1.2000000000000002,1.2000000000000002,0.2462190399169922,19.045761108398423,13981,35,3,4,10774.0,10749.0,25.0,0.23257977486277792,10777.333333333334,28.333333333333332,0.2635904115111483
91.7991228508763,returning,True,0.026477955,0.014709975,0.01176798,0.01176798,2.7,1.5,1.2000000000000002,1.2000000000000002,0.2462190399169922,19.045761108398423,13988,35,3,4,10777.0,10749.0,28.0,0.2604893478463113,10777.0,28.0,0.2604893478463113
91.83182479301468,returning,True,0.026477955,0.014709975,0.01176798,0.01176798,2.7,1.5,1.2000000000000002,1.2000000000000002,0.24626272583007813,19.002075195312496,13995,35,3,4,10777.0,10749.0,28.0,0.2604893478463113,10785.0,36.0,0.33491487580240026
91.88434037100524,returning,True,0.026477955,0.014709975,0.01176798,0.01176798,2.7,1.5,1.2000000000000002,1.2000000000000002,0.24626272583007813,19.002075195312496,14000,35,3,4,10777.0,10749.0,28.0,0.2604893478463113,10777.0,28.0,0.2604893478463113
91.93252665898763,returning,True,0.026477955,0.014709975,0.01176798,0.01176798,2.7,1.5,1.2000000000000002,1.2000000000000002,0.24627960205078125,18.985198974609375,14006,35,3,4,10785.0,10749.0,36.0,0.3349148758024002,10779.0,30.0,0.27909572983533354
91.99798666196875,returning,True,0.026477955,0.014709975,0.01176798,0.01176798,2.7,1.5,1.2000000000000002,1.2000000000000002,0.2462935791015625,18.971221923828136,14014,35,3,4,10777.0,10749.0,28.0,0.2604893478463113,10777.0,28.0,0.2604893478463113
92.0475595809985,returning,True,0.026477955,0.014709975,0.01176798,0.01176798,2.7,1.5,1.2000000000000002,1.2000000000000002,0.2462935791015625,18.971221923828136,14018,35,3,4,10774.0,10749.0,25.0,0.23257977486277792,10774.0,25.0,0.23257977486277792
92.09748168801889,returning,True,0.026477955,0.014709975,0.01176798,0.01176798,2.7,1.5,1.2000000000000002,1.2000000000000002,0.24629507446289062,18.96972656250001,14024,35,3,4,10775.0,10749.0,26.0,0.24188296585728905,10775.0,26.0,0.24188296585728905
92.1476659020409,returning,True,0.026477955,0.014709975,0.01176798,0.01176798,2.7,1.5,1.2000000000000002,1.2000000000000002,0.24629507446289062,18.96972656250001,14031,35,3,4,10776.0,10749.0,27.0,0.2511861568518002,10776.666666666666,27.666666666666668,0.25738828418147425
92.21421342203394,returning,True,0.026477955,0.014709975,0.01176798,0.01176798,2.7,1.5,1.2000000000000002,1.2000000000000002,0.24629231262207033,18.972488403320302,14039,35,3,4,10782.0,10749.0,33.0,0.3070053028188669,10782.0,33.0,0.3070053028188669
92.2472427720204,returning,True,0.026477955,0.014709975,0.01176798,0.01176798,2.7,1.5,1.2000000000000002,1.2000000000000002,0.24629231262207033,18.972488403320302,14041,35,3,4,10783.0,10749.0,34.0,0.316308493813378,10782.666666666666,33.666666666666664,0.31320743014854097
92.28203797200695,returning,True,0.026477955,0.014709975,0.01176798,0.01176798,2.7,1.5,1.2000000000000002,1.2000000000000002,0.24628964233398437,18.975158691406257,14049,35,3,4,10776.0,10749.0,27.0,0.2511861568518002,10779.333333333334,30.333333333333332,0.2821967935001706
92.33165057492442,returning,True,0.026477955,0.014709975,0.01176798,0.01176798,2.7,1.5,1.2000000000000002,1.2000000000000002,0.2462916259765625,18.973175048828118,14059,35,3,4,10775.0,10749.0,26.0,0.24188296585728905,10775.0,26.0,0.24188296585728905
92.38360302802175,returning,True,0.026477955,0.014709975,0.01176798,0.01176798,2.7,1.5,1.2000000000000002,1.2000000000000002,0.24629788208007813,18.966918945312493,14069,35,3,4,10776.0,10749.0,27.0,0.2511861568518002,10776.0,27.0,0.2511861568518002
92.43251019204035,returning,True,0.026477955,0.014709975,0.01176798,0.01176798,2.7,1.5,1.2000000000000002,1.2000000000000002,0.24630496215820313,18.959838867187496,14076,35,3,4,10782.0,10749.0,33.0,0.3070053028188669,10782.0,33.0,0.3070053028188669
92.48238960490562,returning,True,0.026477955,0.014709975,0.01176798,0.01176798,2.7,1.5,1.2000000000000002,1.2000000000000002,0.24630496215820313,18.959838867187496,14080,35,3,4,10770.0,10749.0,21.0,0.19536701088473346,10770.0,21.0,0.1953670108847335
92.5323863599915,returning,True,0.026477955,0.014709975,0.01176798,0.01176798,2.7,1.5,1.2000000000000002,1.2000000000000002,0.24632798767089845,18.936813354492184,14089,35,3,4,10776.0,10749.0,27.0,0.2511861568518002,10776.0,27.0,0.2511861568518002
92.59766761399806,returning,True,0.026477955,0.014709975,0.01176798,0.01176798,2.7,1.5,1.2000000000000002,1.2000000000000002,0.24632798767089845,18.936813354492184,14095,35,3,4,10781.0,10749.0,32.0,0.29770211182435574,10779.333333333334,30.333333333333332,0.2821967935001706
92.64740405185148,returning,True,0.02745862,0.014709975,0.012748645,0.012748645,2.8,1.5,1.2999999999999998,1.2999999999999998,0.24634820556640624,18.916595458984386,14101,35,3,4,10771.0,10749.0,22.0,0.2046702018792446,10771.0,22.0,0.2046702018792446
92.69947364693508,returning,True,0.02745862,0.014709975,0.012748645,0.012748645,2.8,1.5,1.2999999999999998,1.2999999999999998,0.24637225341796876,18.89254760742187,14107,35,3,4,10777.0,10749.0,28.0,0.2604893478463113,10777.0,28.0,0.2604893478463113
92.73215228598565,returning,True,0.026477955,0.014709975,0.01176798,0.01176798,2.7,1.5,1.2000000000000002,1.2000000000000002,0.24637225341796876,18.89254760742187,14114,35,3,4,10780.0,10749.0,31.0,0.28839892082984464,10777.333333333334,28.333333333333332,0.2635904115111483
92.80000777402893,returning,True,0.026477955,0.014709975,0.01176798,0.01176798,2.7,1.5,1.2000000000000002,1.2000000000000002,0.24640457153320314,18.860229492187493,14124,35,3,4,10784.0,10749.0,35.0,0.3256116848078891,10784.0,35.0,0.3256116848078891
92.84926346782595,returning,True,0.026477955,0.014709975,0.01176798,0.01176798,2.7,1.5,1.2000000000000002,1.2000000000000002,0.24656533813476564,18.69946289062499,14128,35,3,4,10772.0,10749.0,23.0,0.2139733928737557,10776.0,27.0,0.2511861568518002
92.89755525905639,returning,True,0.026477955,0.014709975,0.01176798,0.01176798,2.7,1.5,1.2000000000000002,1.2000000000000002,0.24656533813476564,18.69946289062499,14135,35,3,4,10767.0,10749.0,18.0,0.1674574379012001,10767.0,18.0,0.16745743790120007
92.94976630597375,returning,True,0.026477955,0.014709975,0.01176798,0.01176798,2.7,1.5,1.2000000000000002,1.2000000000000002,0.24662232971191406,18.642471313476573,14141,35,3,4,10782.0,10749.0,33.0,0.3070053028188669,10774.666666666666,25.666666666666668,0.23878190219245202
93.01411757688038,returning,True,0.026477955,0.014709975,0.01176798,0.01176798,2.7,1.5,1.2000000000000002,1.2000000000000002,0.24672052001953126,18.544281005859364,14146,35,3,4,10776.0,10749.0,27.0,0.2511861568518002,10780.0,31.0,0.2883989208298447
93.03164786100388,returning,True,0.026477955,0.014709975,0.01176798,0.01176798,2.7,1.5,1.2000000000000002,1.2000000000000002,0.24672052001953126,18.544281005859364,14152,35,3,4,10775.0,10749.0,26.0,0.24188296585728905,10775.333333333334,26.333333333333332,0.24498402952212608
93.08203475503251,returning,True,0.026477955,0.014709975,0.01176798,0.01176798,2.7,1.5,1.2000000000000002,1.2000000000000002,0.24672052001953126,18.544281005859364,14158,35,3,4,10773.0,10749.0,24.0,0.22327658386826682,10773.0,24.0,0.2232765838682668
93.13288781698793,returning,True,0.026477955,0.014709975,0.01176798,0.01176798,2.7,1.5,1.2000000000000002,1.2000000000000002,0.24681039428710938,18.45440673828125,14163,35,3,4,10770.0,10749.0,21.0,0.19536701088473346,10770.0,21.0,0.1953670108847335
93.1978592199739,returning,True,0.026477955,0.014709975,0.01176798,0.01176798,2.7,1.5,1.2000000000000002,1.2000000000000002,0.2469131774902344,18.351623535156236,14169,35,3,4,10777.0,10749.0,28.0,0.2604893478463113,10780.333333333334,31.333333333333332,0.2914999844946817
93.24793384200893,returning,True,0.026477955,0.014709975,0.01176798,0.01176798,2.7,1.5,1.2000000000000002,1.2000000000000002,0.2469131774902344,18.351623535156236,14174,35,3,4,10783.0,10749.0,34.0,0.316308493813378,10781.0,32.0,0.29770211182435574
93.29731054604053,returning,True,0.026477955,0.014709975,0.01176798,0.01176798,2.7,1.5,1.2000000000000002,1.2000000000000002,0.247029052734375,18.235748291015625,14180,35,3,4,10776.0,10749.0,27.0,0.2511861568518002,10778.333333333334,29.333333333333332,0.2728936025056594
93.33182272897102,returning,True,0.026477955,0.014709975,0.01176798,0.01176798,2.7,1.5,1.2000000000000002,1.2000000000000002,0.247029052734375,18.235748291015625,14190,35,3,4,10776.0,10749.0,27.0,0.2511861568518002,10775.666666666666,26.666666666666668,0.24808509318696315
93.39911433705129,returning,True,0.026477955,0.014709975,0.01176798,0.01176798,2.7,1.5,1.2000000000000002,1.2000000000000002,0.24707557678222658,18.18922424316405,14199,35,3,4,10775.0,10749.0,26.0,0.24188296585728905,10775.0,26.0,0.24188296585728905
93.44943099701777,returning,True,0.026477955,0.014709975,0.01176798,0.01176798,2.7,1.5,1.2000000000000002,1.2000000000000002,0.24710485839843752,18.159942626953114,14203,35,3,4,10783.0,10749.0,34.0,0.316308493813378,10777.666666666666,28.666666666666668,0.2666914751759854
93.49739658483304,returning,True,0.026477955,0.014709975,0.01176798,0.01176798,2.7,1.5,1.2000000000000002,1.2000000000000002,0.24710485839843752,18.159942626953114,14209,35,3,4,10778.0,10749.0,29.0,0.2697925388408224,10779.666666666666,30.666666666666668,0.2852978571650076
93.54755529691465,returning,True,0.026477955,0.014709975,0.01176798,0.01176798,2.7,1.5,1.2000000000000002,1.2000000000000002,0.24712010192871095,18.144699096679677,14215,35,3,4,10771.0,10749.0,22.0,0.2046702018792446,10771.0,22.0,0.2046702018792446
93.59927749098279,returning,True,0.026477955,0.014709975,0.01176798,0.01176798,2.7,1.5,1.2000000000000002,1.2000000000000002,0.24713064575195312,18.134155273437507,14223,35,3,4,10780.0,10749.0,31.0,0.28839892082984464,10778.666666666666,29.666666666666668,0.2759946661704965
93.6317057190463,returning,True,0.026477955,0.014709975,0.01176798,0.01176798,2.7,1.5,1.2000000000000002,1.2000000000000002,0.24713064575195312,18.134155273437507,14230,35,3,4,10778.0,10749.0,29.0,0.2697925388408224,10778.0,29.0,0.2697925388408224
93.68208356504329,returning,True,0.026477955,0.014709975,0.01176798,0.01176798,2.7,1.5,1.2000000000000002,1.2000000000000002,0.24713583374023437,18.128967285156257,14240,35,3,4,10777.0,10749.0,28.0,0.2604893478463113,10777.0,28.0,0.2604893478463113
93.73222327791154,returning,True,0.026477955,0.014709975,0.01176798,0.01176798,2.7,1.5,1.2000000000000002,1.2000000000000002,0.24713853454589843,18.126266479492198,14250,35,3,4,10783.0,10749.0,34.0,0.316308493813378,10783.0,34.0,0.316308493813378
93.79846715088934,returning,True,0.026477955,0.014709975,0.01176798,0.01176798,2.7,1.5,1.2000000000000002,1.2000000000000002,0.24713659667968751,18.128204345703114,14260,35,3,4,10772.0,10749.0,23.0,0.2139733928737557,10772.0,23.0,0.2139733928737557
93.84764782292768,returning,True,0.026477955,0.014709975,0.01176798,0.01176798,2.7,1.5,1.2000000000000002,1.2000000000000002,0.24714364624023438,18.121154785156246,14266,35,3,4,10774.0,10749.0,25.0,0.23257977486277792,10774.0,25.0,0.23257977486277792
93.8817990180105,returning,True,0.026477955,0.014709975,0.01176798,0.01176798,2.7,1.5,1.2000000000000002,1.2000000000000002,0.24714364624023438,18.121154785156246,14272,35,3,4,10780.0,10749.0,31.0,0.28839892082984464,10780.0,31.0,0.28839892082984464
93.93302130303346,returning,True,0.026477955,0.014709975,0.01176798,0.01176798,2.7,1.5,1.2000000000000002,1.2000000000000002,0.24714776611328126,18.117034912109364,14277,35,3,4,10775.0,10749.0,26.0,0.24188296585728905,10775.0,26.0,0.24188296585728905
93.99917067796923,returning,True,0.026477955,0.014709975,0.01176798,0.01176798,2.7,1.5,1.2000000000000002,1.2000000000000002,0.24716603088378908,18.09877014160155,14283,35,3,4,10779.0,10749.0,30.0,0.27909572983533354,10779.0,30.0,0.27909572983533354
94.0479303598404,returning,True,0.026477955,0.014709975,0.01176798,0.01176798,2.7,1.5,1.2000000000000002,1.2000000000000002,0.24716603088378908,18.09877014160155,14288,35,3,4,10780.0,10749.0,31.0,0.28839892082984464,10780.0,31.0,0.28839892082984464
94.09793728287332,returning,True,0.026477955,0.014709975,0.01176798,0.01176798,2.7,1.5,1.2000000000000002,1.2000000000000002,0.24718356323242188,18.081237792968746,14294,35,3,4,10772.0,10749.0,23.0,0.2139733928737557,10772.0,23.0,0.2139733928737557
94.14948198385537,returning,True,0.026477955,0.014709975,0.01176798,0.01176798,2.7,1.5,1.2000000000000002,1.2000000000000002,0.24718356323242188,18.081237792968746,14300,35,3,4,10777.0,10749.0,28.0,0.2604893478463113,10777.0,28.0,0.2604893478463113
94.21442786883563,returning,True,0.026477955,0.014709975,0.01176798,0.01176798,2.7,1.5,1.2000000000000002,1.2000000000000002,0.24721568298339844,18.04911804199219,14306,35,3,4,10776.0,10749.0,27.0,0.2511861568518002,10776.0,27.0,0.2511861568518002
94.23203026596457,returning,True,0.026477955,0.014709975,0.01176798,0.01176798,2.7,1.5,1.2000000000000002,1.2000000000000002,0.24721568298339844,18.04911804199219,14312,35,3,4,10773.0,10749.0,24.0,0.22327658386826682,10773.666666666666,24.666666666666668,0.22947871119794092
94.28164741583169,returning,True,0.026477955,0.014709975,0.01176798,0.01176798,2.7,1.5,1.2000000000000002,1.2000000000000002,0.24730374145507814,17.961059570312493,14318,35,3,4,10778.0,10749.0,29.0,0.2697925388408224,10778.0,29.0,0.2697925388408224
94.33241000701673,returning,True,0.026477955,0.014709975,0.01176798,0.01176798,2.7,1.5,1.2000000000000002,1.2000000000000002,0.2474932098388672,17.771591186523438,14324,35,3,4,10771.0,10749.0,22.0,0.2046702018792446,10771.0,22.0,0.2046702018792446
94.39755811891519,returning,True,0.026477955,0.014709975,0.01176798,0.01176798,2.7,1.5,1.2000000000000002,1.2000000000000002,0.2474932098388672,17.771591186523438,14330,35,3,4,10776.0,10749.0,27.0,0.2511861568518002,10776.0,27.0,0.2511861568518002
94.4323664328549,returning,True,0.026477955,0.014709975,0.01176798,0.01176798,2.7,1.5,1.2000000000000002,1.2000000000000002,0.24762702941894532,17.637771606445305,14336,35,3,4,10778.0,10749.0,29.0,0.2697925388408224,10773.666666666666,24.666666666666668,0.22947871119794092
94.48162186797708,returning,True,0.026477955,0.014709975,0.01176798,0.01176798,2.7,1.5,1.2000000000000002,1.2000000000000002,0.24762702941894532,17.637771606445305,14343,35,3,4,10784.0,10749.0,35.0,0.3256116848078891,10784.0,35.0,0.3256116848078891
94.5321594630368,returning,True,0.026477955,0.014709975,0.01176798,0.01176798,2.7,1.5,1.2000000000000002,1.2000000000000002,0.24777601623535156,17.48878479003907,14352,35,3,4,10777.0,10749.0,28.0,0.2604893478463113,10777.0,28.0,0.2604893478463113
94.59903829288669,returning,True,0.026477955,0.014709975,0.01176798,0.01176798,2.7,1.5,1.2000000000000002,1.2000000000000002,0.24781752014160158,17.447280883789052,14361,35,3,4,10778.0,10749.0,29.0,0.2697925388408224,10776.666666666666,27.666666666666668,0.25738828418147425
94.65348573983647,returning,True,0.026477955,0.014709975,0.01176798,0.01176798,2.7,1.5,1.2000000000000002,1.2000000000000002,0.24781752014160158,17.447280883789052,14367,35,3,4,10776.0,10749.0,27.0,0.2511861568518002,10776.666666666666,27.666666666666668,0.25738828418147425
94.69758357596584,returning,True,0.026477955,0.014709975,0.01176798,0.01176798,2.7,1.5,1.2000000000000002,1.2000000000000002,0.24789044189453124,17.374359130859386,14371,35,3,4,10785.0,10749.0,36.0,0.3349148758024002,10779.0,30.0,0.27909572983533354
94.74931530398317,returning,True,0.026477955,0.014709975,0.01176798,0.01176798,2.7,1.5,1.2000000000000002,1.2000000000000002,0.24791067504882813,17.354125976562496,14378,35,3,4,10776.0,10749.0,27.0,0.2511861568518002,10776.0,27.0,0.2511861568518002
94.81483576097526,returning,True,0.026477955,0.014709975,0.01176798,0.01176798,2.7,1.5,1.2000000000000002,1.2000000000000002,0.24791067504882813,17.354125976562496,14384,35,3,4,10778.0,10749.0,29.0,0.2697925388408224,10778.0,29.0,0.2697925388408224
94.83202054700814,returning,True,0.026477955,0.014709975,0.01176798,0.01176798,2.7,1.5,1.2000000000000002,1.2000000000000002,0.24791067504882813,17.354125976562496,14390,35,3,4,10776.0,10749.0,27.0,0.2511861568518002,10779.333333333334,30.333333333333332,0.2821967935001706
94.88177903182805,returning,True,0.026477955,0.014709975,0.01176798,0.01176798,2.7,1.5,1.2000000000000002,1.2000000000000002,0.2479239501953125,17.340850830078136,14396,35,3,4,10778.0,10749.0,29.0,0.2697925388408224,10777.333333333334,28.333333333333332,0.2635904115111483
94.9315649769269,returning,True,0.026477955,0.014709975,0.01176798,0.01176798,2.7,1.5,1.2000000000000002,1.2000000000000002,0.24793634033203127,17.32846069335936,14402,35,3,4,10778.0,10749.0,29.0,0.2697925388408224,10778.0,29.0,0.2697925388408224
94.99937552097254,returning,True,0.026477955,0.014709975,0.01176798,0.01176798,2.7,1.5,1.2000000000000002,1.2000000000000002,0.24793634033203127,17.32846069335936,14408,35,3,4,10773.0,10749.0,24.0,0.22327658386826682,10773.0,24.0,0.2232765838682668
95.04861635202542,returning,True,0.026477955,0.014709975,0.01176798,0.01176798,2.7,1.5,1.2000000000000002,1.2000000000000002,0.2479471435546875,17.31765747070313,14412,35,3,4,10777.0,10749.0,28.0,0.2604893478463113,10777.0,28.0,0.2604893478463113
95.09734265692532,returning,True,0.026477955,0.014709975,0.01176798,0.01176798,2.7,1.5,1.2000000000000002,1.2000000000000002,0.2479586181640625,17.306182861328125,14419,35,3,4,10776.0,10749.0,27.0,0.2511861568518002,10775.333333333334,26.333333333333332,0.24498402952212608
95.14774182601832,returning,True,0.026477955,0.014709975,0.01176798,0.01176798,2.7,1.5,1.2000000000000002,1.2000000000000002,0.2479586181640625,17.306182861328125,14424,35,3,4,10779.0,10749.0,30.0,0.27909572983533354,10777.0,28.0,0.2604893478463113
95.2155286539346,returning,True,0.026477955,0.014709975,0.01176798,0.01176798,2.7,1.5,1.2000000000000002,1.2000000000000002,0.24796389770507812,17.300903320312504,14430,35,3,4,10782.0,10749.0,33.0,0.3070053028188669,10781.0,32.0,0.29770211182435574
95.23237772402354,returning,True,0.026477955,0.014709975,0.01176798,0.01176798,2.7,1.5,1.2000000000000002,1.2000000000000002,0.24796389770507812,17.300903320312504,14436,35,3,4,10777.0,10749.0,28.0,0.2604893478463113,10780.333333333334,31.333333333333332,0.2914999844946817
95.28228364395909,returning,True,0.026477955,0.014709975,0.01176798,0.01176798,2.7,1.5,1.2000000000000002,1.2000000000000002,0.2479725799560547,17.292221069335923,14445,35,3,4,10777.0,10749.0,28.0,0.2604893478463113,10777.0,28.0,0.2604893478463113
95.33243827987462,returning,True,0.026477955,0.014709975,0.01176798,0.01176798,2.7,1.5,1.2000000000000002,1.2000000000000002,0.24798063659667968,17.284164428710945,14452,35,3,4,10773.0,10749.0,24.0,0.22327658386826682,10773.0,24.0,0.2232765838682668
95.39787440700457,returning,True,0.026477955,0.014709975,0.01176798,0.01176798,2.7,1.5,1.2000000000000002,1.2000000000000002,0.24798063659667968,17.284164428710945,14461,35,3,4,10771.0,10749.0,22.0,0.2046702018792446,10771.0,22.0,0.2046702018792446
95.4491224270314,returning,True,0.026477955,0.014709975,0.01176798,0.01176798,2.7,1.5,1.2000000000000002,1.2000000000000002,0.24798394775390625,17.280853271484375,14467,35,3,4,10780.0,10749.0,31.0,0.28839892082984464,10780.0,31.0,0.28839892082984464
95.49965566094033,returning,True,0.026477955,0.014709975,0.01176798,0.01176798,2.7,1.5,1.2000000000000002,1.2000000000000002,0.24799798583984375,17.266815185546875,14474,35,3,4,10776.0,10749.0,27.0,0.2511861568518002,10774.0,25.0,0.23257977486277795
95.54871300491504,returning,True,0.026477955,0.014709975,0.01176798,0.01176798,2.7,1.5,1.2000000000000002,1.2000000000000002,0.24799798583984375,17.266815185546875,14479,35,3,4,10779.0,10749.0,30.0,0.27909572983533354,10777.0,28.0,0.2604893478463113
95.61427227198146,returning,True,0.026477955,0.014709975,0.01176798,0.01176798,2.7,1.5,1.2000000000000002,1.2000000000000002,0.24801928710937501,17.245513916015614,14486,35,3,4,10782.0,10749.0,33.0,0.3070053028188669,10782.0,33.0,0.3070053028188669
95.6321354568936,returning,True,0.026477955,0.014709975,0.01176798,0.01176798,2.7,1.5,1.2000000000000002,1.2000000000000002,0.24801928710937501,17.245513916015614,14492,35,3,4,10783.0,10749.0,34.0,0.316308493813378,10783.0,34.0,0.316308493813378
95.68237724690698,returning,True,0.026477955,0.014709975,0.01176798,0.01176798,2.7,1.5,1.2000000000000002,1.2000000000000002,0.24817587280273437,17.088928222656257,14496,35,3,4,10778.0,10749.0,29.0,0.2697925388408224,10778.0,29.0,0.2697925388408224
95.73262387397699,returning,True,0.026477955,0.014709975,0.01176798,0.01176798,2.7,1.5,1.2000000000000002,1.2000000000000002,0.24817587280273437,17.088928222656257,14502,35,3,4,10786.0,10749.0,37.0,0.34421806679691136,10786.0,37.0,0.3442180667969114
95.79921428789385,returning,True,0.025497290000000002,0.014709975,0.010787315000000002,0.010787315000000002,2.6,1.5,1.1000000000000003,1.1000000000000003,0.24822477722167968,17.040023803710945,14510,35,3,4,10779.0,10749.0,30.0,0.27909572983533354,10779.0,30.0,0.27909572983533354
95.84904390387237,returning,True,0.025497290000000002,0.014709975,0.010787315000000002,0.010787315000000002,2.6,1.5,1.1000000000000003,1.1000000000000003,0.248349365234375,16.91543579101562,14514,35,3,4,10779.0,10749.0,30.0,0.27909572983533354,10779.0,30.0,0.27909572983533354
95.89826026186347,returning,True,0.025497290000000002,0.014709975,0.010787315000000002,0.010787315000000002,2.6,1.5,1.1000000000000003,1.1000000000000003,0.248349365234375,16.91543579101562,14522,35,3,4,10781.0,10749.0,32.0,0.29770211182435574,10781.666666666666,32.666666666666664,0.30390423915402986
95.94907195004635,returning,True,0.025497290000000002,0.014709975,0.010787315000000002,0.010787315000000002,2.6,1.5,1.1000000000000003,1.1000000000000003,0.2485067138671875,16.75808715820312,14525,35,3,4,10781.0,10749.0,32.0,0.29770211182435574,10781.0,32.0,0.29770211182435574
95.9977683390025,returning,True,0.025497290000000002,0.014709975,0.010787315000000002,0.010787315000000002,2.6,1.5,1.1000000000000003,1.1000000000000003,0.248546630859375,16.71817016601562,14531,35,3,4,10782.0,10749.0,33.0,0.3070053028188669,10782.0,33.0,0.3070053028188669
96.03221498988569,returning,True,0.025497290000000002,0.014709975,0.010787315000000002,0.010787315000000002,2.6,1.5,1.1000000000000003,1.1000000000000003,0.248546630859375,16.71817016601562,14537,35,3,4,10776.0,10749.0,27.0,0.2511861568518002,10776.0,27.0,0.2511861568518002
96.08229560800828,returning,True,0.025497290000000002,0.014709975,0.010787315000000002,0.010787315000000002,2.6,1.5,1.1000000000000003,1.1000000000000003,0.2485928649902344,16.671936035156236,14547,35,3,4,10779.0,10749.0,30.0,0.27909572983533354,10781.666666666666,32.666666666666664,0.30390423915402986
96.13218776788563,returning,True,0.025497290000000002,0.014709975,0.010787315000000002,0.010787315000000002,2.6,1.5,1.1000000000000003,1.1000000000000003,0.24877195739746094,16.492843627929688,14556,35,3,4,10778.0,10749.0,29.0,0.2697925388408224,10778.333333333334,29.333333333333332,0.2728936025056594
96.19768479489721,returning,True,0.025497290000000002,0.014709975,0.010787315000000002,0.010787315000000002,2.6,1.5,1.1000000000000003,1.1000000000000003,0.2488316192626953,16.433181762695316,14566,35,3,4,10780.0,10749.0,31.0,0.28839892082984464,10780.0,31.0,0.28839892082984464
96.249199999962,returning,True,0.025497290000000002,0.014709975,0.010787315000000002,0.010787315000000002,2.6,1.5,1.1000000000000003,1.1000000000000003,0.24886831665039064,16.396484374999993,14571,35,3,4,10779.0,10749.0,30.0,0.27909572983533354,10779.333333333334,30.333333333333332,0.2821967935001706
96.29778913594782,returning,True,0.025497290000000002,0.014709975,0.010787315000000002,0.010787315000000002,2.6,1.5,1.1000000000000003,1.1000000000000003,0.24886831665039064,16.396484374999993,14577,35,3,4,10780.0,10749.0,31.0,0.28839892082984464,10780.0,31.0,0.28839892082984464
96.34736757585779,returning,True,0.025497290000000002,0.014709975,0.010787315000000002,0.010787315000000002,2.6,1.5,1.1000000000000003,1.1000000000000003,0.2488838806152344,16.380920410156236,14583,35,3,4,10774.0,10749.0,25.0,0.23257977486277792,10774.0,25.0,0.23257977486277792
96.4140928639099,returning,True,0.025497290000000002,0.014709975,0.010787315000000002,0.010787315000000002,2.6,1.5,1.1000000000000003,1.1000000000000003,0.24890460205078124,16.360198974609386,14591,35,3,4,10779.0,10749.0,30.0,0.27909572983533354,10778.333333333334,29.333333333333332,0.27289360250565947
96.43291354295798,returning,True,0.025497290000000002,0.014709975,0.010787315000000002,0.010787315000000002,2.6,1.5,1.1000000000000003,1.1000000000000003,0.24890460205078124,16.360198974609386,14596,35,3,4,10780.0,10749.0,31.0,0.28839892082984464,10780.0,31.0,0.28839892082984464
96.4814676430542,returning,True,0.025497290000000002,0.014709975,0.010787315000000002,0.010787315000000002,2.6,1.5,1.1000000000000003,1.1000000000000003,0.24890460205078124,16.360198974609386,14602,35,3,4,10782.0,10749.0,33.0,0.3070053028188669,10782.0,33.0,0.3070053028188669
96.53165210899897,returning,True,0.025497290000000002,0.014709975,0.010787315000000002,0.010787315000000002,2.6,1.5,1.1000000000000003,1.1000000000000003,0.24891702270507812,16.347778320312507,14608,35,3,4,10773.0,10749.0,24.0,0.22327658386826682,10776.333333333334,27.333333333333332,0.25428722051663716
96.59799579996616,returning,True,0.025497290000000002,0.014709975,0.010787315000000002,0.010787315000000002,2.6,1.5,1.1000000000000003,1.1000000000000003,0.2489344482421875,16.330352783203132,14614,35,3,4,10784.0,10749.0,35.0,0.3256116848078891,10780.333333333334,31.333333333333332,0.2914999844946817
96.64728059596382,returning,True,0.025497290000000002,0.014709975,0.010787315000000002,0.010787315000000002,2.6,1.5,1.1000000000000003,1.1000000000000003,0.2489344482421875,16.330352783203132,14619,35,3,4,10784.0,10749.0,35.0,0.3256116848078891,10784.0,35.0,0.3256116848078891
96.69925008085556,returning,True,0.025497290000000002,0.014709975,0.010787315000000002,0.010787315000000002,2.6,1.5,1.1000000000000003,1.1000000000000003,0.24895112609863282,16.31367492675781,14624,35,3,4,10786.0,10749.0,37.0,0.34421806679691136,10785.333333333334,36.333333333333336,0.3380159394672373
96.74835440004244,returning,True,0.025497290000000002,0.014709975,0.010787315000000002,0.010787315000000002,2.6,1.5,1.1000000000000003,1.1000000000000003,0.24898123168945313,16.283569335937496,14631,35,3,4,10781.0,10749.0,32.0,0.29770211182435574,10781.0,32.0,0.29770211182435574
96.81423249002546,returning,True,0.025497290000000002,0.014709975,0.010787315000000002,0.010787315000000002,2.6,1.5,1.1000000000000003,1.1000000000000003,0.24898123168945313,16.283569335937496,14638,35,3,4,10786.0,10749.0,37.0,0.34421806679691136,10785.0,36.0,0.33491487580240026
96.8471916129347,returning,True,0.025497290000000002,0.014709975,0.010787315000000002,0.010787315000000002,2.6,1.5,1.1000000000000003,1.1000000000000003,0.24903704833984375,16.227752685546882,14640,35,3,4,10786.0,10749.0,37.0,0.34421806679691136,10786.0,37.0,0.3442180667969114
96.88201325782575,returning,True,0.025497290000000002,0.014709975,0.010787315000000002,0.010787315000000002,2.6,1.5,1.1000000000000003,1.1000000000000003,0.24903704833984375,16.227752685546882,14646,35,3,4,10787.0,10749.0,38.0,0.35352125779142246,10784.0,35.0,0.3256116848078891
96.93150822585449,returning,True,0.025497290000000002,0.014709975,0.010787315000000002,0.010787315000000002,2.6,1.5,1.1000000000000003,1.1000000000000003,0.24912525939941407,16.139541625976555,14654,35,3,4,10781.0,10749.0,32.0,0.29770211182435574,10781.0,32.0,0.29770211182435574
96.99942159396596,returning,True,0.025497290000000002,0.014709975,0.010787315000000002,0.010787315000000002,2.6,1.5,1.1000000000000003,1.1000000000000003,0.2492279052734375,16.036895751953136,14659,35,3,4,10782.0,10749.0,33.0,0.3070053028188669,10782.666666666666,33.666666666666664,0.31320743014854097
97.04732985189185,returning,True,0.025497290000000002,0.014709975,0.010787315000000002,0.010787315000000002,2.6,1.5,1.1000000000000003,1.1000000000000003,0.2492279052734375,16.036895751953136,14666,35,3,4,10782.0,10749.0,33.0,0.3070053028188669,10782.0,33.0,0.3070053028188669
97.08224053191952,returning,True,0.025497290000000002,0.014709975,0.010787315000000002,0.010787315000000002,2.6,1.5,1.1000000000000003,1.1000000000000003,0.24933694458007813,15.9278564453125,14674,35,3,4,10785.0,10749.0,36.0,0.3349148758024002,10785.0,36.0,0.33491487580240015
97.13230920187198,returning,True,0.025497290000000002,0.014709975,0.010787315000000002,0.010787315000000002,2.6,1.5,1.1000000000000003,1.1000000000000003,0.24933694458007813,15.9278564453125,14681,35,3,4,10785.0,10749.0,36.0,0.3349148758024002,10785.0,36.0,0.33491487580240015
97.1975319578778,returning,True,0.025497290000000002,0.014709975,0.010787315000000002,0.010787315000000002,2.6,1.5,1.1000000000000003,1.1000000000000003,0.24943136596679688,15.833435058593748,14690,35,3,4,10781.0,10749.0,32.0,0.29770211182435574,10781.666666666666,32.666666666666664,0.30390423915402986
97.24763548490591,returning,True,0.025497290000000002,0.014709975,0.010787315000000002,0.010787315000000002,2.6,1.5,1.1000000000000003,1.1000000000000003,0.2495396728515625,15.725128173828123,14696,35,3,4,10782.0,10749.0,33.0,0.3070053028188669,10781.666666666666,32.666666666666664,0.30390423915402986
97.29762592283078,returning,True,0.025497290000000002,0.014709975,0.010787315000000002,0.010787315000000002,2.6,1.5,1.1000000000000003,1.1000000000000003,0.2495396728515625,15.725128173828123,14701,35,3,4,10779.0,10749.0,30.0,0.27909572983533354,10780.0,31.0,0.2883989208298447
97.3473594149109,returning,True,0.025497290000000002,0.014709975,0.010787315000000002,0.010787315000000002,2.6,1.5,1.1000000000000003,1.1000000000000003,0.24974208068847656,15.52272033691407,14705,35,3,4,10776.0,10749.0,27.0,0.2511861568518002,10777.0,28.0,0.2604893478463113
97.41414271993563,returning,True,0.025497290000000002,0.014709975,0.010787315000000002,0.010787315000000002,2.6,1.5,1.1000000000000003,1.1000000000000003,0.24974208068847656,15.52272033691407,14713,35,3,4,10783.0,10749.0,34.0,0.316308493813378,10780.333333333334,31.333333333333332,0.2914999844946817
97.44734665285796,returning,True,0.025497290000000002,0.014709975,0.010787315000000002,0.010787315000000002,2.6,1.5,1.1000000000000003,1.1000000000000003,0.24978717041015625,15.477630615234384,14717,35,3,4,10783.0,10749.0,34.0,0.316308493813378,10783.0,34.0,0.316308493813378
97.48199691297486,returning,True,0.025497290000000002,0.014709975,0.010787315000000002,0.010787315000000002,2.6,1.5,1.1000000000000003,1.1000000000000003,0.24978717041015625,15.477630615234384,14724,35,3,4,10776.0,10749.0,27.0,0.2511861568518002,10776.0,27.0,0.2511861568518002
97.53173155197874,returning,True,0.025497290000000002,0.014709975,0.010787315000000002,0.010787315000000002,2.6,1.5,1.1000000000000003,1.1000000000000003,0.24980615234375,15.458648681640625,14730,35,3,4,10785.0,10749.0,36.0,0.3349148758024002,10785.0,36.0,0.33491487580240015
97.59919216600247,returning,True,0.025497290000000002,0.014709975,0.010787315000000002,0.010787315000000002,2.6,1.5,1.1000000000000003,1.1000000000000003,0.24981773376464844,15.447067260742188,14736,35,3,4,10773.0,10749.0,24.0,0.22327658386826682,10777.666666666666,28.666666666666668,0.2666914751759854
97.64941363199614,returning,True,0.025497290000000002,0.014709975,0.010787315000000002,0.010787315000000002,2.6,1.5,1.1000000000000003,1.1000000000000003,0.24981773376464844,15.447067260742188,14740,35,3,4,10773.0,10749.0,24.0,0.22327658386826682,10773.0,24.0,0.2232765838682668
97.69718197104521,returning,True,0.025497290000000002,0.014709975,0.010787315000000002,0.010787315000000002,2.6,1.5,1.1000000000000003,1.1000000000000003,0.24983470153808593,15.4300994873047,14747,35,3,4,10778.0,10749.0,29.0,0.2697925388408224,10778.0,29.0,0.2697925388408224
97.74952754983678,returning,True,0.025497290000000002,0.014709975,0.010787315000000002,0.010787315000000002,2.6,1.5,1.1000000000000003,1.1000000000000003,0.24983470153808593,15.4300994873047,14752,35,3,4,10779.0,10749.0,30.0,0.27909572983533354,10778.666666666666,29.666666666666668,0.27599466617049645
97.81732847285457,returning,True,0.025497290000000002,0.014709975,0.010787315000000002,0.010787315000000002,2.6,1.5,1.1000000000000003,1.1000000000000003,0.24985171508789064,15.413085937499988,14758,35,3,4,10780.0,10749.0,31.0,0.28839892082984464,10780.0,31.0,0.28839892082984464
97.8340766869951,returning,True,0.025497290000000002,0.014709975,0.010787315000000002,0.010787315000000002,2.6,1.5,1.1000000000000003,1.1000000000000003,0.24985171508789064,15.413085937499988,14764,35,3,4,10777.0,10749.0,28.0,0.2604893478463113,10778.0,29.0,0.2697925388408224
97.881761116907,returning,True,0.025497290000000002,0.014709975,0.010787315000000002,0.010787315000000002,2.6,1.5,1.1000000000000003,1.1000000000000003,0.24986715698242187,15.397644042968755,14772,35,3,4,10785.0,10749.0,36.0,0.3349148758024002,10785.0,36.0,0.33491487580240015
97.93209509085864,returning,True,0.025497290000000002,0.014709975,0.010787315000000002,0.010787315000000002,2.6,1.5,1.1000000000000003,1.1000000000000003,0.24988363647460937,15.381164550781257,14781,35,3,4,10776.0,10749.0,27.0,0.2511861568518002,10776.0,27.0,0.2511861568518002
97.99919949891046,returning,True,0.025497290000000002,0.014709975,0.010787315000000002,0.010787315000000002,2.6,1.5,1.1000000000000003,1.1000000000000003,0.2499003143310547,15.364486694335932,14792,35,3,4,10778.0,10749.0,29.0,0.2697925388408224,10781.333333333334,32.333333333333336,0.30080317548919283
98.04756115283817,returning,True,0.025497290000000002,0.014709975,0.010787315000000002,0.010787315000000002,2.6,1.5,1.1000000000000003,1.1000000000000003,0.24993898010253907,15.325820922851562,14796,35,3,4,10778.0,10749.0,29.0,0.2697925388408224,10778.0,29.0,0.2697925388408224
98.09754923195578,returning,True,0.025497290000000002,0.014709975,0.010787315000000002,0.010787315000000002,2.6,1.5,1.1000000000000003,1.1000000000000003,0.24993898010253907,15.325820922851562,14803,35,3,4,10779.0,10749.0,30.0,0.27909572983533354,10777.666666666666,28.666666666666668,0.2666914751759854
98.15411329083145,returning,True,0.025497290000000002,0.014709975,0.010787315000000002,0.010787315000000002,2.6,1.5,1.1000000000000003,1.1000000000000003,0.250047119140625,15.217681884765632,14810,35,3,4,10782.0,10749.0,33.0,0.3070053028188669,10782.0,33.0,0.3070053028188669
98.21550582302734,returning,True,0.025497290000000002,0.014709975,0.010787315000000002,0.010787315000000002,2.6,1.5,1.1000000000000003,1.1000000000000003,0.2501459197998047,15.118881225585913,14814,35,3,4,10784.0,10749.0,35.0,0.3256116848078891,10784.0,35.0,0.3256116848078891
98.23295600805432,returning,True,0.025497290000000002,0.014709975,0.010787315000000002,0.010787315000000002,2.6,1.5,1.1000000000000003,1.1000000000000003,0.2501459197998047,15.118881225585913,14818,35,3,4,10782.0,10749.0,33.0,0.3070053028188669,10778.0,29.0,0.26979253884082244
98.28203224693425,returning,True,0.025497290000000002,0.014709975,0.010787315000000002,0.010787315000000002,2.6,1.5,1.1000000000000003,1.1000000000000003,0.2502362060546875,15.028594970703136,14825,35,3,4,10784.0,10749.0,35.0,0.3256116848078891,10783.333333333334,34.333333333333336,0.31940955747821503
98.33182272291742,returning,True,0.025497290000000002,0.014709975,0.010787315000000002,0.010787315000000002,2.6,1.5,1.1000000000000003,1.1000000000000003,0.2502362060546875,15.028594970703136,14832,35,3,4,10782.0,10749.0,33.0,0.3070053028188669,10782.0,33.0,0.3070053028188669
98.39768481603824,returning,True,0.025497290000000002,0.014709975,0.010787315000000002,0.010787315000000002,2.6,1.5,1.1000000000000003,1.1000000000000003,0.25035585021972656,14.908950805664068,14838,35,3,4,10782.0,10749.0,33.0,0.3070053028188669,10782.0,33.0,0.3070053028188669
98.44898079405539,returning,True,0.025497290000000002,0.014709975,0.010787315000000002,0.010787315000000002,2.6,1.5,1.1000000000000003,1.1000000000000003,0.2504189758300781,14.845825195312523,14845,35,3,4,10782.0,10749.0,33.0,0.3070053028188669,10782.0,33.0,0.3070053028188669
98.49865430290811,returning,True,0.025497290000000002,0.014709975,0.010787315000000002,0.010787315000000002,2.6,1.5,1.1000000000000003,1.1000000000000003,0.2504189758300781,14.845825195312523,14851,35,3,4,10779.0,10749.0,30.0,0.27909572983533354,10780.333333333334,31.333333333333332,0.2914999844946817
98.54704732587561,returning,True,0.025497290000000002,0.014709975,0.010787315000000002,0.010787315000000002,2.6,1.5,1.1000000000000003,1.1000000000000003,0.2505354309082031,14.729370117187502,14856,35,3,4,10775.0,10749.0,26.0,0.24188296585728905,10776.333333333334,27.333333333333332,0.2542872205166372
98.61593790096231,returning,True,0.025497290000000002,0.014709975,0.010787315000000002,0.010787315000000002,2.6,1.5,1.1000000000000003,1.1000000000000003,0.2505653381347656,14.699462890625014,14862,35,3,4,10776.0,10749.0,27.0,0.2511861568518002,10775.666666666666,26.666666666666668,0.24808509318696315
98.63283476885408,returning,True,0.025497290000000002,0.014709975,0.010787315000000002,0.010787315000000002,2.6,1.5,1.1000000000000003,1.1000000000000003,0.2505653381347656,14.699462890625014,14866,35,3,4,10778.0,10749.0,29.0,0.2697925388408224,10777.333333333334,28.333333333333332,0.2635904115111483
98.68306019483134,returning,True,0.025497290000000002,0.014709975,0.010787315000000002,0.010787315000000002,2.6,1.5,1.1000000000000003,1.1000000000000003,0.2505709838867188,14.69381713867185,14873,35,3,4,10779.0,10749.0,30.0,0.27909572983533354,10780.333333333334,31.333333333333332,0.2914999844946817
98.73252597404644,returning,True,0.025497290000000002,0.014709975,0.010787315000000002,0.010787315000000002,2.6,1.5,1.1000000000000003,1.1000000000000003,0.2505709838867188,14.69381713867185,14882,35,3,4,10774.0,10749.0,25.0,0.23257977486277792,10774.0,25.0,0.23257977486277792
98.79778169398196,returning,True,0.025497290000000002,0.014709975,0.010787315000000002,0.010787315000000002,2.6,1.5,1.1000000000000003,1.1000000000000003,0.2505936279296875,14.67117309570315,14888,35,3,4,10781.0,10749.0,32.0,0.29770211182435574,10781.0,32.0,0.29770211182435574
98.84939030883834,returning,True,0.025497290000000002,0.014709975,0.010787315000000002,0.010787315000000002,2.6,1.5,1.1000000000000003,1.1000000000000003,0.2506180114746094,14.646789550781246,14892,35,3,4,10777.0,10749.0,28.0,0.2604893478463113,10778.333333333334,29.333333333333332,0.2728936025056594
98.89967075083405,returning,True,0.025497290000000002,0.014709975,0.010787315000000002,0.010787315000000002,2.6,1.5,1.1000000000000003,1.1000000000000003,0.2506180114746094,14.646789550781246,14898,35,3,4,10776.0,10749.0,27.0,0.2511861568518002,10776.0,27.0,0.2511861568518002
98.94942686683498,returning,True,0.025497290000000002,0.014709975,0.010787315000000002,0.010787315000000002,2.6,1.5,1.1000000000000003,1.1000000000000003,0.2506446533203125,14.620147705078136,14905,35,3,4,10786.0,10749.0,37.0,0.34421806679691136,10783.333333333334,34.333333333333336,0.31940955747821503
99.0166849528905,returning,True,0.025497290000000002,0.014709975,0.010787315000000002,0.010787315000000002,2.6,1.5,1.1000000000000003,1.1000000000000003,0.2506446533203125,14.620147705078136,14910,35,3,4,10778.0,10749.0,29.0,0.2697925388408224,10780.666666666666,31.666666666666668,0.2946010481595187
99.03221812890843,returning,True,0.025497290000000002,0.014709975,0.010787315000000002,0.010787315000000002,2.6,1.5,1.1000000000000003,1.1000000000000003,0.25068150329589844,14.583297729492184,14914,35,3,4,10778.0,10749.0,29.0,0.2697925388408224,10778.0,29.0,0.2697925388408224
99.08243355085142,returning,True,0.025497290000000002,0.014709975,0.010787315000000002,0.010787315000000002,2.6,1.5,1.1000000000000003,1.1000000000000003,0.25068150329589844,14.583297729492184,14924,35,3,4,10782.0,10749.0,33.0,0.3070053028188669,10780.0,31.0,0.2883989208298447
99.13194746989757,returning,True,0.025497290000000002,0.014709975,0.010787315000000002,0.010787315000000002,2.6,1.5,1.1000000000000003,1.1000000000000003,0.25069830322265624,14.566497802734391,14934,35,3,4,10784.0,10749.0,35.0,0.3256116848078891,10784.0,35.0,0.3256116848078891
99.20136318192817,returning,True,0.025497290000000002,0.014709975,0.010787315000000002,0.010787315000000002,2.6,1.5,1.1000000000000003,1.1000000000000003,0.25072842407226564,14.536376953124986,14943,35,3,4,10781.0,10749.0,32.0,0.29770211182435574,10781.0,32.0,0.29770211182435574
99.24721562583,returning,True,0.025497290000000002,0.014709975,0.010787315000000002,0.010787315000000002,2.6,1.5,1.1000000000000003,1.1000000000000003,0.2507820129394531,14.482788085937504,14946,35,3,4,10780.0,10749.0,31.0,0.28839892082984464,10780.666666666666,31.666666666666668,0.2946010481595187
99.29800443397835,returning,True,0.025497290000000002,0.014709975,0.010787315000000002,0.010787315000000002,2.6,1.5,1.1000000000000003,1.1000000000000003,0.25095205688476563,14.312744140625,14951,35,3,4,10773.0,10749.0,24.0,0.22327658386826682,10773.0,24.0,0.2232765838682668
99.35027781384997,returning,True,0.025497290000000002,0.014709975,0.010787315000000002,0.010787315000000002,2.6,1.5,1.1000000000000003,1.1000000000000003,0.25095205688476563,14.312744140625,14958,35,3,4,10778.0,10749.0,29.0,0.2697925388408224,10778.666666666666,29.666666666666668,0.27599466617049645
99.41768455784768,returning,True,0.025497290000000002,0.014709975,0.010787315000000002,0.010787315000000002,2.6,1.5,1.1000000000000003,1.1000000000000003,0.25102359008789066,14.241210937499972,14963,35,3,4,10777.0,10749.0,28.0,0.2604893478463113,10777.333333333334,28.333333333333332,0.2635904115111483
99.4323239128571,returning,True,0.025497290000000002,0.014709975,0.010787315000000002,0.010787315000000002,2.6,1.5,1.1000000000000003,1.1000000000000003,0.25102359008789066,14.241210937499972,14968,35,3,4,10780.0,10749.0,31.0,0.28839892082984464,10778.0,29.0,0.2697925388408224
99.48248448991217,returning,True,0.025497290000000002,0.014709975,0.010787315000000002,0.010787315000000002,2.6,1.5,1.1000000000000003,1.1000000000000003,0.251030517578125,14.234283447265629,14978,35,3,4,10779.0,10749.0,30.0,0.27909572983533354,10778.666666666666,29.666666666666668,0.27599466617049645
99.53242169390433,returning,True,0.025497290000000002,0.014709975,0.010787315000000002,0.010787315000000002,2.6,1.5,1.1000000000000003,1.1000000000000003,0.2510281677246094,14.236633300781232,14987,35,3,4,10783.0,10749.0,34.0,0.316308493813378,10783.0,34.0,0.316308493813378
99.59962036483921,returning,True,0.025497290000000002,0.014709975,0.010787315000000002,0.010787315000000002,2.6,1.5,1.1000000000000003,1.1000000000000003,0.2510301208496094,14.234680175781222,14995,35,3,4,10780.0,10749.0,31.0,0.28839892082984464,10780.0,31.0,0.28839892082984464
99.64736952097155,returning,True,0.025497290000000002,0.014709975,0.010787315000000002,0.010787315000000002,2.6,1.5,1.1000000000000003,1.1000000000000003,0.2510301208496094,14.234680175781222,15000,35,3,4,10776.0,10749.0,27.0,0.2511861568518002,10776.0,27.0,0.2511861568518002
99.69775014091283,returning,True,0.025497290000000002,0.014709975,0.010787315000000002,0.010787315000000002,2.6,1.5,1.1000000000000003,1.1000000000000003,0.2510403594970703,14.224441528320309,15006,35,3,4,10783.0,10749.0,34.0,0.316308493813378,10783.0,34.0,0.316308493813378
99.74765216792002,returning,True,0.025497290000000002,0.014709975,0.010787315000000002,0.010787315000000002,2.6,1.5,1.1000000000000003,1.1000000000000003,0.2510403594970703,14.224441528320309,15011,35,3,4,10784.0,10749.0,35.0,0.3256116848078891,10784.0,35.0,0.3256116848078891
99.81533305486664,returning,True,0.025497290000000002,0.014709975,0.010787315000000002,0.010787315000000002,2.6,1.5,1.1000000000000003,1.1000000000000003,0.25106610107421873,14.1986999511719,15017,35,3,4,10778.0,10749.0,29.0,0.2697925388408224,10780.0,31.0,0.2883989208298446
99.83192046103068,returning,True,0.025497290000000002,0.014709975,0.010787315000000002,0.010787315000000002,2.6,1.5,1.1000000000000003,1.1000000000000003,0.25106610107421873,14.1986999511719,15023,35,3,4,10773.0,10749.0,24.0,0.22327658386826682,10774.666666666666,25.666666666666668,0.238781902192452
99.88280606688932,returning,True,0.025497290000000002,0.014709975,0.010787315000000002,0.010787315000000002,2.6,1.5,1.1000000000000003,1.1000000000000003,0.25109063720703123,14.174163818359398,15030,35,3,4,10782.0,10749.0,33.0,0.3070053028188669,10782.0,33.0,0.3070053028188669
99.93241826584563,returning,True,0.025497290000000002,0.014709975,0.010787315000000002,0.010787315000000002,2.6,1.5,1.1000000000000003,1.1000000000000003,0.25117404174804686,14.090759277343768,15039,35,3,4,10782.0,10749.0,33.0,0.3070053028188669,10782.0,33.0,0.3070053028188669
99.99964106199332,returning,True,0.025497290000000002,0.014709975,0.010787315000000002,0.010787315000000002,2.6,1.5,1.1000000000000003,1.1000000000000003,0.25117404174804686,14.090759277343768,15048,35,3,4,10783.0,10749.0,34.0,0.316308493813378,10783.0,34.0,0.316308493813378
100.04712321190163,returning,True,0.025497290000000002,0.014709975,0.010787315000000002,0.010787315000000002,2.6,1.5,1.1000000000000003,1.1000000000000003,0.25124053955078124,14.02426147460939,15053,35,3,4,10781.0,10749.0,32.0,0.29770211182435574,10781.0,32.0,0.29770211182435574
100.09769591502845,returning,True,0.025497290000000002,0.014709975,0.010787315000000002,0.010787315000000002,2.6,1.5,1.1000000000000003,1.1000000000000003,0.2512641906738281,14.000610351562525,15058,35,3,4,10778.0,10749.0,29.0,0.2697925388408224,10778.0,29.0,0.2697925388408224
100.1484108788427,returning,True,0.025497290000000002,0.014709975,0.010787315000000002,0.010787315000000002,2.6,1.5,1.1000000000000003,1.1000000000000003,0.2512641906738281,14.000610351562525,15064,35,3,4,10788.0,10749.0,39.0,0.36282444878593356,10788.0,39.0,0.36282444878593356
100.21484507783316,returning,True,0.025497290000000002,0.014709975,0.010787315000000002,0.010787315000000002,2.6,1.5,1.1000000000000003,1.1000000000000003,0.25128640747070313,13.978393554687496,15072,35,3,4,10780.0,10749.0,31.0,0.28839892082984464,10780.0,31.0,0.28839892082984464
100.24853478185833,returning,True,0.025497290000000002,0.014709975,0.010787315000000002,0.010787315000000002,2.6,1.5,1.1000000000000003,1.1000000000000003,0.25128640747070313,13.978393554687496,15075,35,3,4,10778.0,10749.0,29.0,0.2697925388408224,10778.666666666666,29.666666666666668,0.27599466617049645
100.28504720400088,returning,True,0.025497290000000002,0.014709975,0.010787315000000002,0.010787315000000002,2.6,1.5,1.1000000000000003,1.1000000000000003,0.2513129577636719,13.951843261718722,15080,35,3,4,10782.0,10749.0,33.0,0.3070053028188669,10782.0,33.0,0.3070053028188669
100.33251388487406,returning,True,0.025497290000000002,0.014709975,0.010787315000000002,0.010787315000000002,2.6,1.5,1.1000000000000003,1.1000000000000003,0.2513129577636719,13.951843261718722,15091,35,3,4,10780.0,10749.0,31.0,0.28839892082984464,10780.333333333334,31.333333333333332,0.2914999844946817
100.39918060298078,returning,True,0.025497290000000002,0.014709975,0.010787315000000002,0.010787315000000002,2.6,1.5,1.1000000000000003,1.1000000000000003,0.25144735717773437,13.817443847656264,15100,35,3,4,10786.0,10749.0,37.0,0.34421806679691136,10786.0,37.0,0.3442180667969114
100.44924213294871,returning,True,0.025497290000000002,0.014709975,0.010787315000000002,0.010787315000000002,2.6,1.5,1.1000000000000003,1.1000000000000003,0.25158869934082034,13.676101684570286,15106,35,3,4,10781.0,10749.0,32.0,0.29770211182435574,10781.0,32.0,0.29770211182435574
100.49728315300308,returning,True,0.025497290000000002,0.014709975,0.010787315000000002,0.010787315000000002,2.6,1.5,1.1000000000000003,1.1000000000000003,0.25168360900878906,13.581192016601573,15110,35,3,4,10780.0,10749.0,31.0,0.28839892082984464,10780.333333333334,31.333333333333332,0.2914999844946817
100.54739671084099,returning,True,0.025497290000000002,0.014709975,0.010787315000000002,0.010787315000000002,2.6,1.5,1.1000000000000003,1.1000000000000003,0.25168360900878906,13.581192016601573,15117,35,3,4,10774.0,10749.0,25.0,0.23257977486277792,10774.0,25.0,0.23257977486277792
100.61726246704347,returning,True,0.025497290000000002,0.014709975,0.010787315000000002,0.010787315000000002,2.6,1.5,1.1000000000000003,1.1000000000000003,0.2517689208984375,13.49588012695313,15122,35,3,4,10782.0,10749.0,33.0,0.3070053028188669,10782.0,33.0,0.3070053028188669
100.6344290508423,returning,True,0.025497290000000002,0.014709975,0.010787315000000002,0.010787315000000002,2.6,1.5,1.1000000000000003,1.1000000000000003,0.2517689208984375,13.49588012695313,15126,35,3,4,10779.0,10749.0,30.0,0.27909572983533354,10779.0,30.0,0.27909572983533354
100.68161882995628,returning,True,0.025497290000000002,0.014709975,0.010787315000000002,0.010787315000000002,2.6,1.5,1.1000000000000003,1.1000000000000003,0.2518361206054688,13.428680419921847,15135,35,3,4,10783.0,10749.0,34.0,0.316308493813378,10783.0,34.0,0.316308493813378
100.7324958818499,returning,True,0.025497290000000002,0.014709975,0.010787315000000002,0.010787315000000002,2.6,1.5,1.1000000000000003,1.1000000000000003,0.2518361206054688,13.428680419921847,15144,35,3,4,10780.0,10749.0,31.0,0.28839892082984464,10778.0,29.0,0.2697925388408224
100.8018513568677,returning,True,0.025497290000000002,0.014709975,0.010787315000000002,0.010787315000000002,2.6,1.5,1.1000000000000003,1.1000000000000003,0.2518672180175781,13.39758300781252,15151,35,3,4,10789.0,10749.0,40.0,0.3721276397804447,10783.0,34.0,0.316308493813378
100.83208012999967,returning,True,0.025497290000000002,0.014709975,0.010787315000000002,0.010787315000000002,2.6,1.5,1.1000000000000003,1.1000000000000003,0.25188082885742186,13.383972167968771,15158,35,3,4,10780.0,10749.0,31.0,0.28839892082984464,10780.0,31.0,0.28839892082984464
100.88174387882464,returning,True,0.025497290000000002,0.014709975,0.010787315000000002,0.010787315000000002,2.6,1.5,1.1000000000000003,1.1000000000000003,0.25188876342773436,13.376037597656264,15167,35,3,4,10778.0,10749.0,29.0,0.2697925388408224,10778.0,29.0,0.2697925388408224
100.93195419595577,returning,True,0.025497290000000002,0.014709975,0.010787315000000002,0.010787315000000002,2.6,1.5,1.1000000000000003,1.1000000000000003,0.25189501953125,13.369781494140643,15177,35,3,4,10779.0,10749.0,30.0,0.27909572983533354,10779.0,30.0,0.27909572983533354
100.99735762295313,returning,True,0.025497290000000002,0.014709975,0.010787315000000002,0.010787315000000002,2.6,1.5,1.1000000000000003,1.1000000000000003,0.25189317321777344,13.371627807617193,15187,35,3,4,10783.0,10749.0,34.0,0.316308493813378,10783.0,34.0,0.316308493813378
101.0484411418438,returning,True,0.025497290000000002,0.014709975,0.010787315000000002,0.010787315000000002,2.6,1.5,1.1000000000000003,1.1000000000000003,0.25189317321777344,13.371627807617193,15193,35,3,4,10784.0,10749.0,35.0,0.3256116848078891,10783.666666666666,34.666666666666664,0.3225106211430521
101.09739016997628,returning,True,0.025497290000000002,0.014709975,0.010787315000000002,0.010787315000000002,2.6,1.5,1.1000000000000003,1.1000000000000003,0.251896240234375,13.368560791015616,15198,35,3,4,10790.0,10749.0,41.0,0.3814308307749558,10790.0,41.0,0.3814308307749558
101.15121257305145,returning,True,0.025497290000000002,0.014709975,0.010787315000000002,0.010787315000000002,2.6,1.5,1.1000000000000003,1.1000000000000003,0.25189837646484375,13.366424560546875,15204,35,3,4,10786.0,10749.0,37.0,0.34421806679691136,10786.0,37.0,0.3442180667969114
101.20020861783996,returning,True,0.025497290000000002,0.014709975,0.010787315000000002,0.010787315000000002,2.6,1.5,1.1000000000000003,1.1000000000000003,0.25189837646484375,13.366424560546875,15210,35,3,4,10780.0,10749.0,31.0,0.28839892082984464,10780.0,31.0,0.28839892082984464
101.23183596995659,returning,True,0.025497290000000002,0.014709975,0.010787315000000002,0.010787315000000002,2.6,1.5,1.1000000000000003,1.1000000000000003,0.25190606689453127,13.358734130859363,15217,35,3,4,10782.0,10749.0,33.0,0.3070053028188669,10782.333333333334,33.333333333333336,0.3101063664837039
101.28224910283461,returning,True,0.025497290000000002,0.014709975,0.010787315000000002,0.010787315000000002,2.6,1.5,1.1000000000000003,1.1000000000000003,0.25190606689453127,13.358734130859363,15224,35,3,4,10780.0,10749.0,31.0,0.28839892082984464,10780.0,31.0,0.28839892082984464
101.33241247199476,returning,True,0.025497290000000002,0.014709975,0.010787315000000002,0.010787315000000002,2.6,1.5,1.1000000000000003,1.1000000000000003,0.25194863891601565,13.316162109374973,15235,35,3,4,10782.0,10749.0,33.0,0.3070053028188669,10782.0,33.0,0.3070053028188669
101.38433211296797,returning,True,0.024516625,0.014709975,0.00980665,0.00980665,2.5,1.5,1.0,1.0,0.2520690612792969,13.195739746093727,15245,35,3,4,10780.0,10749.0,31.0,0.28839892082984464,10781.333333333334,32.333333333333336,0.3008031754891928
101.43158932193182,returning,True,0.024516625,0.014709975,0.00980665,0.00980665,2.5,1.5,1.0,1.0,0.25215786743164065,13.10693359374998,15253,35,3,4,10779.0,10749.0,30.0,0.27909572983533354,10779.333333333334,30.333333333333332,0.2821967935001706
101.48244276200421,returning,True,0.024516625,0.014709975,0.00980665,0.00980665,2.5,1.5,1.0,1.0,0.2522891387939453,12.975662231445305,15260,35,3,4,10785.0,10749.0,36.0,0.3349148758024002,10785.0,36.0,0.33491487580240015
101.53250928083435,returning,True,0.024516625,0.014709975,0.00980665,0.00980665,2.5,1.5,1.0,1.0,0.2522891387939453,12.975662231445305,15269,35,3,4,10787.0,10749.0,38.0,0.35352125779142246,10787.0,38.0,0.35352125779142246
101.60140799288638,returning,True,0.024516625,0.014709975,0.00980665,0.00980665,2.5,1.5,1.0,1.0,0.25235577392578123,12.909027099609393,15276,35,3,4,10778.0,10749.0,29.0,0.2697925388408224,10778.0,29.0,0.2697925388408224
101.63198457588442,returning,True,0.024516625,0.014709975,0.00980665,0.00980665,2.5,1.5,1.0,1.0,0.25235577392578123,12.909027099609393,15281,35,3,4,10780.0,10749.0,31.0,0.28839892082984464,10781.333333333334,32.333333333333336,0.30080317548919283
101.6823331839405,returning,True,0.024516625,0.014709975,0.00980665,0.00980665,2.5,1.5,1.0,1.0,0.25237904357910157,12.885757446289059,15292,35,3,4,10777.0,10749.0,28.0,0.2604893478463113,10777.0,28.0,0.2604893478463113
101.73214591504075,returning,True,0.024516625,0.014709975,0.00980665,0.00980665,2.5,1.5,1.0,1.0,0.2523879699707031,12.87683105468751,15301,35,3,4,10782.0,10749.0,33.0,0.3070053028188669,10782.0,33.0,0.3070053028188669
101.80023065488786,returning,True,0.024516625,0.014709975,0.00980665,0.00980665,2.5,1.5,1.0,1.0,0.252397705078125,12.86709594726565,15311,35,3,4,10775.0,10749.0,26.0,0.24188296585728905,10775.0,26.0,0.24188296585728905
101.85067579499446,returning,True,0.024516625,0.014709975,0.00980665,0.00980665,2.5,1.5,1.0,1.0,0.25240158081054687,12.863220214843762,15315,35,3,4,10773.0,10749.0,24.0,0.22327658386826682,10773.0,24.0,0.2232765838682668
101.89764139498584,returning,True,0.024516625,0.014709975,0.00980665,0.00980665,2.5,1.5,1.0,1.0,0.25240158081054687,12.863220214843762,15321,35,3,4,10778.0,10749.0,29.0,0.2697925388408224,10778.666666666666,29.666666666666668,0.27599466617049645
101.94894510204904,returning,True,0.024516625,0.014709975,0.00980665,0.00980665,2.5,1.5,1.0,1.0,0.2524068603515625,12.857940673828116,15327,35,3,4,10776.0,10749.0,27.0,0.2511861568518002,10776.0,27.0,0.2511861568518002
102.01664622197859,returning,True,0.024516625,0.014709975,0.00980665,0.00980665,2.5,1.5,1.0,1.0,0.25241497802734375,12.849822998046879,15333,35,3,4,10776.0,10749.0,27.0,0.2511861568518002,10776.0,27.0,0.2511861568518002
102.03262022184208,returning,True,0.024516625,0.014709975,0.00980665,0.00980665,2.5,1.5,1.0,1.0,0.25241497802734375,12.849822998046879,15336,35,3,4,10776.0,10749.0,27.0,0.2511861568518002,10776.0,27.0,0.2511861568518002
102.0815056830179,returning,True,0.024516625,0.014709975,0.00980665,0.00980665,2.5,1.5,1.0,1.0,0.252442138671875,12.822662353515646,15345,35,3,4,10777.0,10749.0,28.0,0.2604893478463113,10777.0,28.0,0.2604893478463113
102.13207324594259,returning,True,0.024516625,0.014709975,0.00980665,0.00980665,2.5,1.5,1.0,1.0,0.252442138671875,12.822662353515646,15355,35,3,4,10778.0,10749.0,29.0,0.2697925388408224,10778.0,29.0,0.2697925388408224
102.20014806301333,returning,True,0.024516625,0.014709975,0.00980665,0.00980665,2.5,1.5,1.0,1.0,0.2524930725097656,12.771728515625025,15363,35,3,4,10781.0,10749.0,32.0,0.29770211182435574,10781.0,32.0,0.29770211182435574
102.24729481805116,returning,True,0.024516625,0.014709975,0.00980665,0.00980665,2.5,1.5,1.0,1.0,0.2526028442382813,12.661956787109352,15368,35,3,4,10782.0,10749.0,33.0,0.3070053028188669,10782.0,33.0,0.3070053028188669
102.30473816697486,returning,True,0.024516625,0.014709975,0.00980665,0.00980665,2.5,1.5,1.0,1.0,0.2526028442382813,12.661956787109352,15376,35,3,4,10785.0,10749.0,36.0,0.3349148758024002,10782.0,33.0,0.3070053028188669
102.34727298188955,returning,True,0.024516625,0.014709975,0.00980665,0.00980665,2.5,1.5,1.0,1.0,0.25275215148925784,12.512649536132791,15380,35,3,4,10788.0,10749.0,39.0,0.36282444878593356,10787.0,38.0,0.35352125779142246
102.4140529409051,returning,True,0.024516625,0.014709975,0.00980665,0.00980665,2.5,1.5,1.0,1.0,0.25277151489257815,12.493286132812475,15386,35,3,4,10786.0,10749.0,37.0,0.34421806679691136,10786.666666666666,37.666666666666664,0.3504201941265854
102.43283157795668,returning,True,0.024516625,0.014709975,0.00980665,0.00980665,2.5,1.5,1.0,1.0,0.25277151489257815,12.493286132812475,15394,35,3,4,10785.0,10749.0,36.0,0.3349148758024002,10785.0,36.0,0.33491487580240015
102.48155208094977,returning,True,0.024516625,0.014709975,0.00980665,0.00980665,2.5,1.5,1.0,1.0,0.25278219604492186,12.48260498046877,15400,35,3,4,10785.0,10749.0,36.0,0.3349148758024002,10784.666666666666,35.666666666666664,0.33181381213756317
102.53168029105291,returning,True,0.024516625,0.014709975,0.00980665,0.00980665,2.5,1.5,1.0,1.0,0.25278219604492186,12.48260498046877,15406,35,3,4,10786.0,10749.0,37.0,0.34421806679691136,10785.666666666666,36.666666666666664,0.34111700313207427
102.59718325501308,returning,True,0.024516625,0.014709975,0.00980665,0.00980665,2.5,1.5,1.0,1.0,0.25281295776367185,12.451843261718775,15412,35,3,4,10789.0,10749.0,40.0,0.3721276397804447,10789.0,40.0,0.3721276397804447
102.6486132638529,returning,True,0.024516625,0.014709975,0.00980665,0.00980665,2.5,1.5,1.0,1.0,0.25297344970703123,12.2913513183594,15417,35,3,4,10782.0,10749.0,33.0,0.3070053028188669,10782.0,33.0,0.3070053028188669
102.69844594295137,returning,True,0.024516625,0.014709975,0.00980665,0.00980665,2.5,1.5,1.0,1.0,0.25297344970703123,12.2913513183594,15424,35,3,4,10776.0,10749.0,27.0,0.2511861568518002,10778.666666666666,29.666666666666668,0.27599466617049645
102.74753600195982,returning,True,0.024516625,0.014709975,0.00980665,0.00980665,2.5,1.5,1.0,1.0,0.2530062255859375,12.258575439453134,15428,35,3,4,10776.0,10749.0,27.0,0.2511861568518002,10776.0,27.0,0.2511861568518002
102.8183986840304,returning,True,0.024516625,0.014709975,0.00980665,0.00980665,2.5,1.5,1.0,1.0,0.2530062255859375,12.258575439453134,15435,35,3,4,10782.0,10749.0,33.0,0.3070053028188669,10782.0,33.0,0.3070053028188669
102.83330861991271,returning,True,0.024516625,0.014709975,0.00980665,0.00980665,2.5,1.5,1.0,1.0,0.2530628662109375,12.201934814453141,15439,35,3,4,10789.0,10749.0,40.0,0.3721276397804447,10786.666666666666,37.666666666666664,0.3504201941265854
102.88178880186751,returning,True,0.024516625,0.014709975,0.00980665,0.00980665,2.5,1.5,1.0,1.0,0.2530628662109375,12.201934814453141,15450,35,3,4,10784.0,10749.0,35.0,0.3256116848078891,10785.333333333334,36.333333333333336,0.3380159394672373
102.93246177397668,returning,True,0.024516625,0.014709975,0.00980665,0.00980665,2.5,1.5,1.0,1.0,0.2531122589111328,12.152542114257814,15458,35,3,4,10780.0,10749.0,31.0,0.28839892082984464,10780.0,31.0,0.28839892082984464
102.9992086798884,returning,True,0.024516625,0.014709975,0.00980665,0.00980665,2.5,1.5,1.0,1.0,0.25322006225585936,12.044738769531271,15469,35,3,4,10781.0,10749.0,32.0,0.29770211182435574,10781.0,32.0,0.29770211182435574
103.04999591689557,returning,True,0.024516625,0.014709975,0.00980665,0.00980665,2.5,1.5,1.0,1.0,0.25339192199707034,11.872879028320293,15473,35,3,4,10780.0,10749.0,31.0,0.28839892082984464,10780.333333333334,31.333333333333332,0.2914999844946817
103.09772091684863,returning,True,0.024516625,0.014709975,0.00980665,0.00980665,2.5,1.5,1.0,1.0,0.2535481414794922,11.716659545898455,15478,35,3,4,10784.0,10749.0,35.0,0.3256116848078891,10784.0,35.0,0.3256116848078891
103.15095384488814,returning,True,0.024516625,0.014709975,0.00980665,0.00980665,2.5,1.5,1.0,1.0,0.2535481414794922,11.716659545898455,15484,35,3,4,10780.0,10749.0,31.0,0.28839892082984464,10780.0,31.0,0.28839892082984464
103.19896537996829,returning,True,0.024516625,0.014709975,0.00980665,0.00980665,2.5,1.5,1.0,1.0,0.2535865478515625,11.678253173828146,15490,35,3,4,10789.0,10749.0,40.0,0.3721276397804447,10789.0,40.0,0.3721276397804447
103.24901982094161,returning,True,0.024516625,0.014709975,0.00980665,0.00980665,2.5,1.5,1.0,1.0,0.25360406494140625,11.66073608398438,15494,35,3,4,10788.0,10749.0,39.0,0.36282444878593356,10788.333333333334,39.333333333333336,0.3659255124507706
103.28425195883028,returning,True,0.024516625,0.014709975,0.00980665,0.00980665,2.5,1.5,1.0,1.0,0.25360406494140625,11.66073608398438,15501,35,3,4,10778.0,10749.0,29.0,0.2697925388408224,10778.0,29.0,0.2697925388408224
103.33198287105188,returning,True,0.024516625,0.014709975,0.00980665,0.00980665,2.5,1.5,1.0,1.0,0.2536168518066406,11.647949218750009,15507,35,3,4,10781.0,10749.0,32.0,0.29770211182435574,10781.0,32.0,0.29770211182435574
103.38404545886442,returning,True,0.024516625,0.014709975,0.00980665,0.00980665,2.5,1.5,1.0,1.0,0.2536219940185547,11.642807006835953,15518,35,3,4,10782.0,10749.0,33.0,0.3070053028188669,10782.0,33.0,0.3070053028188669
103.43304025987163,returning,True,0.024516625,0.014709975,0.00980665,0.00980665,2.5,1.5,1.0,1.0,0.2536219940185547,11.642807006835953,15523,35,3,4,10779.0,10749.0,30.0,0.27909572983533354,10779.0,30.0,0.27909572983533354
103.48325866600499,returning,True,0.024516625,0.014709975,0.00980665,0.00980665,2.5,1.5,1.0,1.0,0.25363438415527345,11.630416870117177,15528,35,3,4,10779.0,10749.0,30.0,0.27909572983533354,10779.0,30.0,0.27909572983533354
103.53248516889289,returning,True,0.024516625,0.014709975,0.00980665,0.00980665,2.5,1.5,1.0,1.0,0.25363438415527345,11.630416870117177,15534,35,3,4,10779.0,10749.0,30.0,0.27909572983533354,10779.0,30.0,0.27909572983533354
103.59864902193658,returning,True,0.024516625,0.014709975,0.00980665,0.00980665,2.5,1.5,1.0,1.0,0.2536455078125,11.619293212890625,15541,35,3,4,10778.0,10749.0,29.0,0.2697925388408224,10778.0,29.0,0.2697925388408224
103.63225579983555,returning,True,0.024516625,0.014709975,0.00980665,0.00980665,2.5,1.5,1.0,1.0,0.2536468048095703,11.617996215820325,15548,35,3,4,10783.0,10749.0,34.0,0.316308493813378,10783.0,34.0,0.316308493813378
103.68248331104405,returning,True,0.024516625,0.014709975,0.00980665,0.00980665,2.5,1.5,1.0,1.0,0.2536468048095703,11.617996215820325,15555,35,3,4,10776.0,10749.0,27.0,0.2511861568518002,10776.0,27.0,0.2511861568518002
103.73227590695024,returning,True,0.024516625,0.014709975,0.00980665,0.00980665,2.5,1.5,1.0,1.0,0.2536531066894531,11.611694335937505,15565,35,3,4,10780.0,10749.0,31.0,0.28839892082984464,10780.666666666666,31.666666666666668,0.2946010481595187
103.79752416792326,returning,True,0.024516625,0.014709975,0.00980665,0.00980665,2.5,1.5,1.0,1.0,0.2536638793945313,11.60092163085935,15575,35,3,4,10782.0,10749.0,33.0,0.3070053028188669,10782.0,33.0,0.3070053028188669
103.83217441104352,returning,True,0.024516625,0.014709975,0.00980665,0.00980665,2.5,1.5,1.0,1.0,0.2536638793945313,11.60092163085935,15581,35,3,4,10784.0,10749.0,35.0,0.3256116848078891,10784.0,35.0,0.3256116848078891
103.88244258891791,returning,True,0.024516625,0.014709975,0.00980665,0.00980665,2.5,1.5,1.0,1.0,0.2536728515625,11.591949462890605,15591,35,3,4,10779.0,10749.0,30.0,0.27909572983533354,10779.0,30.0,0.27909572983533354
103.93235261994414,returning,True,0.024516625,0.014709975,0.00980665,0.00980665,2.5,1.5,1.0,1.0,0.2537008972167969,11.563903808593734,15601,35,3,4,10778.0,10749.0,29.0,0.2697925388408224,10780.666666666666,31.666666666666668,0.2946010481595187
103.99899338791147,returning,True,0.024516625,0.014709975,0.00980665,0.00980665,2.5,1.5,1.0,1.0,0.25374957275390625,11.515228271484379,15611,35,3,4,10776.0,10749.0,27.0,0.2511861568518002,10776.0,27.0,0.2511861568518002
104.04924849490635,returning,True,0.024516625,0.014709975,0.00980665,0.00980665,2.5,1.5,1.0,1.0,0.25388398742675783,11.3808135986328,15616,35,3,4,10781.0,10749.0,32.0,0.29770211182435574,10779.333333333334,30.333333333333332,0.2821967935001706
104.09773653093725,returning,True,0.024516625,0.014709975,0.00980665,0.00980665,2.5,1.5,1.0,1.0,0.25399136352539065,11.273437499999982,15622,35,3,4,10783.0,10749.0,34.0,0.316308493813378,10783.0,34.0,0.316308493813378
104.13234841101803,returning,True,0.024516625,0.014709975,0.00980665,0.00980665,2.5,1.5,1.0,1.0,0.25399136352539065,11.273437499999982,15629,35,3,4,10780.0,10749.0,31.0,0.28839892082984464,10780.0,31.0,0.28839892082984464
104.19868018385023,returning,True,0.024516625,0.014709975,0.00980665,0.00980665,2.5,1.5,1.0,1.0,0.25405999755859376,11.204803466796864,15633,35,3,4,10784.0,10749.0,35.0,0.3256116848078891,10784.0,35.0,0.3256116848078891
104.23146207095124,returning,True,0.024516625,0.014709975,0.00980665,0.00980665,2.5,1.5,1.0,1.0,0.25405999755859376,11.204803466796864,15640,35,3,4,10774.0,10749.0,25.0,0.23257977486277792,10774.0,25.0,0.23257977486277792
104.28272272786126,returning,True,0.024516625,0.014709975,0.00980665,0.00980665,2.5,1.5,1.0,1.0,0.2540724182128906,11.192382812500012,15644,35,3,4,10780.0,10749.0,31.0,0.28839892082984464,10778.0,29.0,0.2697925388408224
104.33255763794295,returning,True,0.024516625,0.014709975,0.00980665,0.00980665,2.5,1.5,1.0,1.0,0.2540724182128906,11.192382812500012,15650,35,3,4,10782.0,10749.0,33.0,0.3070053028188669,10782.0,33.0,0.3070053028188669
104.39936301391572,returning,True,0.024516625,0.014709975,0.00980665,0.00980665,2.5,1.5,1.0,1.0,0.2540697021484375,11.195098876953136,15658,35,3,4,10787.0,10749.0,38.0,0.35352125779142246,10784.333333333334,35.333333333333336,0.32871274847272614
104.44746415899135,returning,True,0.024516625,0.014709975,0.00980665,0.00980665,2.5,1.5,1.0,1.0,0.25406991577148436,11.194885253906273,15662,35,3,4,10787.0,10749.0,38.0,0.35352125779142246,10787.0,38.0,0.35352125779142246
104.49742002994753,returning,True,0.024516625,0.014709975,0.00980665,0.00980665,2.5,1.5,1.0,1.0,0.25406991577148436,11.194885253906273,15669,35,3,4,10778.0,10749.0,29.0,0.2697925388408224,10778.0,29.0,0.2697925388408224
104.5491194629576,returning,True,0.024516625,0.014709975,0.00980665,0.00980665,2.5,1.5,1.0,1.0,0.2540797424316406,11.18505859375002,15674,35,3,4,10780.0,10749.0,31.0,0.28839892082984464,10780.0,31.0,0.28839892082984464
104.61652620788664,returning,True,0.024516625,0.014709975,0.00980665,0.00980665,2.5,1.5,1.0,1.0,0.25408938598632813,11.175415039062496,15680,35,3,4,10778.0,10749.0,29.0,0.2697925388408224,10778.0,29.0,0.2697925388408224
104.63295177882537,returning,True,0.024516625,0.014709975,0.00980665,0.00980665,2.5,1.5,1.0,1.0,0.25408938598632813,11.175415039062496,15684,35,3,4,10781.0,10749.0,32.0,0.29770211182435574,10781.0,32.0,0.29770211182435574
104.68157288990915,returning,True,0.024516625,0.014709975,0.00980665,0.00980665,2.5,1.5,1.0,1.0,0.25408938598632813,11.175415039062496,15695,35,3,4,10784.0,10749.0,35.0,0.3256116848078891,10784.0,35.0,0.3256116848078891
104.7321676989086,returning,True,0.024516625,0.014709975,0.00980665,0.00980665,2.5,1.5,1.0,1.0,0.25410296630859375,11.161834716796882,15704,35,3,4,10784.0,10749.0,35.0,0.3256116848078891,10784.0,35.0,0.3256116848078891
104.79718122794293,returning,True,0.024516625,0.014709975,0.00980665,0.00980665,2.5,1.5,1.0,1.0,0.2541063385009766,11.158462524414048,15712,35,3,4,10784.0,10749.0,35.0,0.3256116848078891,10784.0,35.0,0.3256116848078891
104.84784683887847,returning,True,0.024516625,0.014709975,0.00980665,0.00980665,2.5,1.5,1.0,1.0,0.25411903381347656,11.14576721191407,15716,35,3,4,10784.0,10749.0,35.0,0.3256116848078891,10784.0,35.0,0.3256116848078891
104.88163341395557,returning,True,0.024516625,0.014709975,0.00980665,0.00980665,2.5,1.5,1.0,1.0,0.25411903381347656,11.14576721191407,15725,35,3,4,10791.0,10749.0,42.0,0.3907340217694669,10791.0,42.0,0.390734021769467
104.93146554683335,returning,True,0.024516625,0.014709975,0.00980665,0.00980665,2.5,1.5,1.0,1.0,0.2541226501464844,11.142150878906243,15735,35,3,4,10782.0,10749.0,33.0,0.3070053028188669,10782.0,33.0,0.3070053028188669
104.99926193291321,returning,True,0.024516625,0.014709975,0.00980665,0.00980665,2.5,1.5,1.0,1.0,0.25413543701171876,11.129364013671871,15745,35,3,4,10784.0,10749.0,35.0,0.3256116848078891,10782.0,33.0,0.30700530281886684
105.05057085002773,returning,True,0.024516625,0.014709975,0.00980665,0.00980665,2.5,1.5,1.0,1.0,0.25417318725585936,11.091613769531271,15749,35,3,4,10784.0,10749.0,35.0,0.3256116848078891,10784.0,35.0,0.3256116848078891
105.09709413186647,returning,True,0.024516625,0.014709975,0.00980665,0.00980665,2.5,1.5,1.0,1.0,0.25417318725585936,11.091613769531271,15757,35,3,4,10782.0,10749.0,33.0,0.3070053028188669,10782.0,33.0,0.3070053028188669
105.13231547083706,returning,True,0.023535959999999998,0.014709975,0.008825984999999998,0.008825984999999998,2.4,1.5,0.8999999999999998,0.8999999999999998,0.2545709838867188,10.693817138671847,15763,35,3,4,10780.0,10749.0,31.0,0.28839892082984464,10780.0,31.0,0.28839892082984464
105.19772105501033,returning,True,0.023535959999999998,0.014709975,0.008825984999999998,0.008825984999999998,2.4,1.5,0.8999999999999998,0.8999999999999998,0.25465681457519534,10.607986450195284,15769,35,3,4,10783.0,10749.0,34.0,0.316308493813378,10783.0,34.0,0.316308493813378
105.23353689000942,returning,True,0.023535959999999998,0.014709975,0.008825984999999998,0.008825984999999998,2.4,1.5,0.8999999999999998,0.8999999999999998,0.25465681457519534,10.607986450195284,15772,35,3,4,10784.0,10749.0,35.0,0.3256116848078891,10782.666666666666,33.666666666666664,0.31320743014854097
105.28155609988607,returning,True,0.023535959999999998,0.014709975,0.008825984999999998,0.008825984999999998,2.4,1.5,0.8999999999999998,0.8999999999999998,0.25470321655273437,10.56158447265626,15780,35,3,4,10784.0,10749.0,35.0,0.3256116848078891,10784.0,35.0,0.3256116848078891
105.33223754703067,returning,True,0.023535959999999998,0.014709975,0.008825984999999998,0.008825984999999998,2.4,1.5,0.8999999999999998,0.8999999999999998,0.25470321655273437,10.56158447265626,15786,35,3,4,10781.0,10749.0,32.0,0.29770211182435574,10781.0,32.0,0.29770211182435574
105.39722225791775,returning,True,0.024516625,0.014709975,0.00980665,0.00980665,2.5,1.5,1.0,1.0,0.2547844543457031,10.480346679687502,15796,35,3,4,10785.0,10749.0,36.0,0.3349148758024002,10785.0,36.0,0.33491487580240015
105.44714394304901,returning,True,0.024516625,0.014709975,0.00980665,0.00980665,2.5,1.5,1.0,1.0,0.2549590148925781,10.305786132812521,15801,35,3,4,10783.0,10749.0,34.0,0.316308493813378,10781.0,32.0,0.29770211182435574
105.49756748997606,returning,True,0.024516625,0.014709975,0.00980665,0.00980665,2.5,1.5,1.0,1.0,0.2549590148925781,10.305786132812521,15806,35,3,4,10783.0,10749.0,34.0,0.316308493813378,10783.0,34.0,0.316308493813378
105.54743146104738,returning,True,0.024516625,0.014709975,0.00980665,0.00980665,2.5,1.5,1.0,1.0,0.2549809265136719,10.28387451171875,15813,35,3,4,10780.0,10749.0,31.0,0.28839892082984464,10780.0,31.0,0.28839892082984464
105.5997401708737,returning,True,0.024516625,0.014709975,0.00980665,0.00980665,2.5,1.5,1.0,1.0,0.255003173828125,10.261627197265643,15820,35,3,4,10780.0,10749.0,31.0,0.28839892082984464,10780.0,31.0,0.28839892082984464
105.64748258399777,returning,True,0.024516625,0.014709975,0.00980665,0.00980665,2.5,1.5,1.0,1.0,0.255003173828125,10.261627197265643,15824,35,3,4,10784.0,10749.0,35.0,0.3256116848078891,10784.0,35.0,0.3256116848078891
105.69808860402554,returning,True,0.024516625,0.014709975,0.00980665,0.00980665,2.5,1.5,1.0,1.0,0.2550185546875,10.246246337890618,15831,35,3,4,10782.0,10749.0,33.0,0.3070053028188669,10778.666666666666,29.666666666666668,0.27599466617049645
105.73281955486163,returning,True,0.024516625,0.014709975,0.00980665,0.00980665,2.5,1.5,1.0,1.0,0.2550185546875,10.246246337890618,15839,35,3,4,10782.0,10749.0,33.0,0.3070053028188669,10782.0,33.0,0.3070053028188669
105.79903487698175,returning,True,0.024516625,0.014709975,0.00980665,0.00980665,2.5,1.5,1.0,1.0,0.2550520324707031,10.212768554687502,15848,35,3,4,10791.0,10749.0,42.0,0.3907340217694669,10791.0,42.0,0.390734021769467
105.83167827804573,returning,True,0.024516625,0.014709975,0.00980665,0.00980665,2.5,1.5,1.0,1.0,0.2550520324707031,10.212768554687502,15855,35,3,4,10778.0,10749.0,29.0,0.2697925388408224,10784.666666666666,35.666666666666664,0.33181381213756317
105.88207197003067,returning,True,0.023535959999999998,0.014709975,0.008825984999999998,0.008825984999999998,2.4,1.5,0.8999999999999998,0.8999999999999998,0.2552014312744141,10.063369750976548,15860,35,3,4,10786.0,10749.0,37.0,0.34421806679691136,10783.333333333334,34.333333333333336,0.31940955747821503
105.93256069603376,returning,True,0.023535959999999998,0.014709975,0.008825984999999998,0.008825984999999998,2.4,1.5,0.8999999999999998,0.8999999999999998,0.2552014312744141,10.063369750976548,15864,35,3,4,10777.0,10749.0,28.0,0.2604893478463113,10783.0,34.0,0.316308493813378
105.9990629828535,returning,True,0.023535959999999998,0.014709975,0.008825984999999998,0.008825984999999998,2.4,1.5,0.8999999999999998,0.8999999999999998,0.2553988800048828,9.865921020507818,15872,35,3,4,10782.0,10749.0,33.0,0.3070053028188669,10782.0,33.0,0.3070053028188669
106.0474248949904,returning,True,0.023535959999999998,0.014709975,0.008825984999999998,0.008825984999999998,2.4,1.5,0.8999999999999998,0.8999999999999998,0.2553988800048828,9.865921020507818,15876,35,3,4,10786.0,10749.0,37.0,0.34421806679691136,10786.0,37.0,0.3442180667969114
106.09779916796833,returning,True,0.023535959999999998,0.014709975,0.008825984999999998,0.008825984999999998,2.4,1.5,0.8999999999999998,0.8999999999999998,0.25548199462890625,9.782806396484379,15883,35,3,4,10792.0,10749.0,43.0,0.400037212763978,10785.333333333334,36.333333333333336,0.3380159394672373
106.14983657305129,returning,True,0.023535959999999998,0.014709975,0.008825984999999998,0.008825984999999998,2.4,1.5,0.8999999999999998,0.8999999999999998,0.2555150146484375,9.749786376953118,15888,35,3,4,10792.0,10749.0,43.0,0.400037212763978,10792.0,43.0,0.400037212763978
106.21651434898376,returning,True,0.023535959999999998,0.014709975,0.008825984999999998,0.008825984999999998,2.4,1.5,0.8999999999999998,0.8999999999999998,0.2555609130859375,9.703887939453148,15894,35,3,4,10782.0,10749.0,33.0,0.3070053028188669,10782.333333333334,33.333333333333336,0.3101063664837039
106.23150904802606,returning,True,0.023535959999999998,0.014709975,0.008825984999999998,0.008825984999999998,2.4,1.5,0.8999999999999998,0.8999999999999998,0.2555609130859375,9.703887939453148,15900,35,3,4,10786.0,10749.0,37.0,0.34421806679691136,10786.0,37.0,0.3442180667969114
106.28189011989161,returning,True,0.023535959999999998,0.014709975,0.008825984999999998,0.008825984999999998,2.4,1.5,0.8999999999999998,0.8999999999999998,0.2555609130859375,9.703887939453148,15906,35,3,4,10785.0,10749.0,36.0,0.3349148758024002,10785.0,36.0,0.33491487580240015
106.33358025597408,returning,True,0.023535959999999998,0.014709975,0.008825984999999998,0.008825984999999998,2.4,1.5,0.8999999999999998,0.8999999999999998,0.2556735534667969,9.591247558593752,15911,35,3,4,10792.0,10749.0,43.0,0.400037212763978,10787.333333333334,38.333333333333336,0.35662232145625944
106.3989457830321,returning,True,0.023535959999999998,0.014709975,0.008825984999999998,0.008825984999999998,2.4,1.5,0.8999999999999998,0.8999999999999998,0.2557591247558594,9.50567626953125,15917,35,3,4,10777.0,10749.0,28.0,0.2604893478463113,10777.0,28.0,0.2604893478463113
106.44756776699796,returning,True,0.023535959999999998,0.014709975,0.008825984999999998,0.008825984999999998,2.4,1.5,0.8999999999999998,0.8999999999999998,0.2557591247558594,9.50567626953125,15921,35,3,4,10783.0,10749.0,34.0,0.316308493813378,10781.0,32.0,0.29770211182435574
106.49909140588716,returning,True,0.023535959999999998,0.014709975,0.008825984999999998,0.008825984999999998,2.4,1.5,0.8999999999999998,0.8999999999999998,0.2557825622558594,9.482238769531248,15927,35,3,4,10782.0,10749.0,33.0,0.3070053028188669,10782.0,33.0,0.3070053028188669
106.54801891883835,returning,True,0.023535959999999998,0.014709975,0.008825984999999998,0.008825984999999998,2.4,1.5,0.8999999999999998,0.8999999999999998,0.25579066467285155,9.474136352539075,15934,35,3,4,10784.0,10749.0,35.0,0.3256116848078891,10788.0,39.0,0.36282444878593356
106.61895058886148,returning,True,0.023535959999999998,0.014709975,0.008825984999999998,0.008825984999999998,2.4,1.5,0.8999999999999998,0.8999999999999998,0.25579066467285155,9.474136352539075,15939,35,3,4,10779.0,10749.0,30.0,0.27909572983533354,10782.333333333334,33.333333333333336,0.3101063664837039
106.63234889693558,returning,True,0.023535959999999998,0.014709975,0.008825984999999998,0.008825984999999998,2.4,1.5,0.8999999999999998,0.8999999999999998,0.25580081176757813,9.4639892578125,15946,35,3,4,10782.0,10749.0,33.0,0.3070053028188669,10782.0,33.0,0.3070053028188669
106.68207363295369,returning,True,0.023535959999999998,0.014709975,0.008825984999999998,0.008825984999999998,2.4,1.5,0.8999999999999998,0.8999999999999998,0.25580081176757813,9.4639892578125,15955,35,3,4,10787.0,10749.0,38.0,0.35352125779142246,10787.0,38.0,0.35352125779142246
106.7319726839196,returning,True,0.023535959999999998,0.014709975,0.008825984999999998,0.008825984999999998,2.4,1.5,0.8999999999999998,0.8999999999999998,0.25579742431640623,9.467376708984398,15964,35,3,4,10781.0,10749.0,32.0,0.29770211182435574,10781.0,32.0,0.29770211182435574
106.79795920103788,returning,True,0.023535959999999998,0.014709975,0.008825984999999998,0.008825984999999998,2.4,1.5,0.8999999999999998,0.8999999999999998,0.2557942657470703,9.470535278320312,15975,35,3,4,10780.0,10749.0,31.0,0.28839892082984464,10780.0,31.0,0.28839892082984464
106.84969948604703,returning,True,0.023535959999999998,0.014709975,0.008825984999999998,0.008825984999999998,2.4,1.5,0.8999999999999998,0.8999999999999998,0.2557860412597656,9.47875976562501,15979,35,3,4,10781.0,10749.0,32.0,0.29770211182435574,10780.666666666666,31.666666666666668,0.2946010481595187
106.88208987982944,returning,True,0.023535959999999998,0.014709975,0.008825984999999998,0.008825984999999998,2.4,1.5,0.8999999999999998,0.8999999999999998,0.2557860412597656,9.47875976562501,15987,35,3,4,10778.0,10749.0,29.0,0.2697925388408224,10778.0,29.0,0.2697925388408224
106.9340339358896,returning,True,0.023535959999999998,0.014709975,0.008825984999999998,0.008825984999999998,2.4,1.5,0.8999999999999998,0.8999999999999998,0.2557869873046875,9.47781372070311,15998,35,3,4,10782.0,10749.0,33.0,0.3070053028188669,10782.0,33.0,0.3070053028188669
106.99710984900594,returning,True,0.023535959999999998,0.014709975,0.008825984999999998,0.008825984999999998,2.4,1.5,0.8999999999999998,0.8999999999999998,0.2558055114746094,9.459289550781236,16007,35,3,4,10779.0,10749.0,30.0,0.27909572983533354,10779.0,30.0,0.27909572983533354
107.0320571870543,returning,True,0.023535959999999998,0.014709975,0.008825984999999998,0.008825984999999998,2.4,1.5,0.8999999999999998,0.8999999999999998,0.2558055114746094,9.459289550781236,16013,35,3,4,10789.0,10749.0,40.0,0.3721276397804447,10789.0,40.0,0.3721276397804447
107.08225524704903,returning,True,0.023535959999999998,0.014709975,0.008825984999999998,0.008825984999999998,2.4,1.5,0.8999999999999998,0.8999999999999998,0.25593408203125,9.330718994140618,16017,35,3,4,10782.0,10749.0,33.0,0.3070053028188669,10782.0,33.0,0.3070053028188669
107.13207251299173,returning,True,0.023535959999999998,0.014709975,0.008825984999999998,0.008825984999999998,2.4,1.5,0.8999999999999998,0.8999999999999998,0.25593408203125,9.330718994140618,16023,35,3,4,10780.0,10749.0,31.0,0.28839892082984464,10780.0,31.0,0.28839892082984464
107.1993387490511,returning,True,0.023535959999999998,0.014709975,0.008825984999999998,0.008825984999999998,2.4,1.5,0.8999999999999998,0.8999999999999998,0.25595855712890625,9.306243896484379,16031,35,3,4,10785.0,10749.0,36.0,0.3349148758024002,10785.0,36.0,0.33491487580240015
107.25167214497924,returning,True,0.023535959999999998,0.014709975,0.008825984999999998,0.008825984999999998,2.4,1.5,0.8999999999999998,0.8999999999999998,0.25597280883789064,9.291992187499986,16035,35,3,4,10779.0,10749.0,30.0,0.27909572983533354,10781.0,32.0,0.29770211182435574
107.29727011593059,returning,True,0.023535959999999998,0.014709975,0.008825984999999998,0.008825984999999998,2.4,1.5,0.8999999999999998,0.8999999999999998,0.25597280883789064,9.291992187499986,16039,35,3,4,10779.0,10749.0,30.0,0.27909572983533354,10779.0,30.0,0.27909572983533354
107.35094454605132,returning,True,0.023535959999999998,0.014709975,0.008825984999999998,0.008825984999999998,2.4,1.5,0.8999999999999998,0.8999999999999998,0.2559836883544922,9.281112670898429,16046,35,3,4,10789.0,10749.0,40.0,0.3721276397804447,10783.666666666666,34.666666666666664,0.32251062114305207
107.41593393497169,returning,True,0.023535959999999998,0.014709975,0.008825984999999998,0.008825984999999998,2.4,1.5,0.8999999999999998,0.8999999999999998,0.2559836883544922,9.281112670898429,16050,35,3,4,10789.0,10749.0,40.0,0.3721276397804447,10789.0,40.0,0.3721276397804447
107.43325142702088,returning,True,0.023535959999999998,0.014709975,0.008825984999999998,0.008825984999999998,2.4,1.5,0.8999999999999998,0.8999999999999998,0.2559952392578125,9.26956176757815,16055,35,3,4,10775.0,10749.0,26.0,0.24188296585728905,10773.666666666666,24.666666666666668,0.22947871119794092
107.4816742700059,returning,True,0.023535959999999998,0.014709975,0.008825984999999998,0.008825984999999998,2.4,1.5,0.8999999999999998,0.8999999999999998,0.2559952392578125,9.26956176757815,16064,35,3,4,10781.0,10749.0,32.0,0.29770211182435574,10781.0,32.0,0.29770211182435574
107.53264142782427,returning,True,0.023535959999999998,0.014709975,0.008825984999999998,0.008825984999999998,2.4,1.5,0.8999999999999998,0.8999999999999998,0.25601177978515627,9.25302124023436,16073,35,3,4,10780.0,10749.0,31.0,0.28839892082984464,10780.0,31.0,0.28839892082984464
107.59737278101966,returning,True,0.023535959999999998,0.014709975,0.008825984999999998,0.008825984999999998,2.4,1.5,0.8999999999999998,0.8999999999999998,0.25602252197265624,9.242279052734393,16084,35,3,4,10776.0,10749.0,27.0,0.2511861568518002,10776.0,27.0,0.2511861568518002
107.65092185186222,returning,True,0.023535959999999998,0.014709975,0.008825984999999998,0.008825984999999998,2.4,1.5,0.8999999999999998,0.8999999999999998,0.2560312805175781,9.233520507812509,16090,35,3,4,10785.0,10749.0,36.0,0.3349148758024002,10785.0,36.0,0.33491487580240015
107.6985892818775,returning,True,0.023535959999999998,0.014709975,0.008825984999999998,0.008825984999999998,2.4,1.5,0.8999999999999998,0.8999999999999998,0.2560312805175781,9.233520507812509,16095,35,3,4,10780.0,10749.0,31.0,0.28839892082984464,10780.0,31.0,0.28839892082984464
107.74825233989395,returning,True,0.023535959999999998,0.014709975,0.008825984999999998,0.008825984999999998,2.4,1.5,0.8999999999999998,0.8999999999999998,0.25604025268554687,9.224548339843764,16102,35,3,4,10784.0,10749.0,35.0,0.3256116848078891,10784.0,35.0,0.3256116848078891
107.814087043982,returning,True,0.023535959999999998,0.014709975,0.008825984999999998,0.008825984999999998,2.4,1.5,0.8999999999999998,0.8999999999999998,0.2560860900878906,9.1787109375,16106,35,3,4,10785.0,10749.0,36.0,0.3349148758024002,10785.0,36.0,0.33491487580240015
107.83250336791389,returning,True,0.023535959999999998,0.014709975,0.008825984999999998,0.008825984999999998,2.4,1.5,0.8999999999999998,0.8999999999999998,0.2560860900878906,9.1787109375,16113,35,3,4,10780.0,10749.0,31.0,0.28839892082984464,10780.666666666666,31.666666666666668,0.29460104815951876
107.882880524965,returning,True,0.023535959999999998,0.014709975,0.008825984999999998,0.008825984999999998,2.4,1.5,0.8999999999999998,0.8999999999999998,0.2560860900878906,9.1787109375,16117,35,3,4,10783.0,10749.0,34.0,0.316308493813378,10782.0,33.0,0.3070053028188669
107.9321298848372,returning,True,0.023535959999999998,0.014709975,0.008825984999999998,0.008825984999999998,2.4,1.5,0.8999999999999998,0.8999999999999998,0.2562474365234375,9.017364501953118,16125,35,3,4,10783.0,10749.0,34.0,0.316308493813378,10783.0,34.0,0.316308493813378
107.99780849693343,returning,True,0.023535959999999998,0.014709975,0.008825984999999998,0.008825984999999998,2.4,1.5,0.8999999999999998,0.8999999999999998,0.25659326171875,8.671539306640607,16131,35,3,4,10779.0,10749.0,30.0,0.27909572983533354,10778.333333333334,29.333333333333332,0.2728936025056594
108.05008618487045,returning,True,0.023535959999999998,0.014709975,0.008825984999999998,0.008825984999999998,2.4,1.5,0.8999999999999998,0.8999999999999998,0.25659326171875,8.671539306640607,16138,35,3,4,10784.0,10749.0,35.0,0.3256116848078891,10784.0,35.0,0.3256116848078891
108.09707251191139,returning,True,0.023535959999999998,0.014709975,0.008825984999999998,0.008825984999999998,2.4,1.5,0.8999999999999998,0.8999999999999998,0.2566478576660156,8.616943359375018,16141,35,3,4,10779.0,10749.0,30.0,0.27909572983533354,10780.666666666666,31.666666666666668,0.2946010481595187
108.14747897186317,returning,True,0.023535959999999998,0.014709975,0.008825984999999998,0.008825984999999998,2.4,1.5,0.8999999999999998,0.8999999999999998,0.2566802368164063,8.584564208984347,16148,35,3,4,10783.0,10749.0,34.0,0.316308493813378,10783.0,34.0,0.316308493813378
108.21591715398245,returning,True,0.023535959999999998,0.014709975,0.008825984999999998,0.008825984999999998,2.4,1.5,0.8999999999999998,0.8999999999999998,0.2566802368164063,8.584564208984347,16155,35,3,4,10784.0,10749.0,35.0,0.3256116848078891,10780.666666666666,31.666666666666668,0.2946010481595187
108.24758085492067,returning,True,0.023535959999999998,0.014709975,0.008825984999999998,0.008825984999999998,2.4,1.5,0.8999999999999998,0.8999999999999998,0.25669647216796876,8.56832885742187,16159,35,3,4,10784.0,10749.0,35.0,0.3256116848078891,10784.0,35.0,0.3256116848078891
108.28210147703066,returning,True,0.023535959999999998,0.014709975,0.008825984999999998,0.008825984999999998,2.4,1.5,0.8999999999999998,0.8999999999999998,0.25669647216796876,8.56832885742187,16167,35,3,4,10778.0,10749.0,29.0,0.2697925388408224,10778.0,29.0,0.2697925388408224
108.33223401103169,returning,True,0.023535959999999998,0.014709975,0.008825984999999998,0.008825984999999998,2.4,1.5,0.8999999999999998,0.8999999999999998,0.25670718383789065,8.557617187499977,16173,35,3,4,10779.0,10749.0,30.0,0.27909572983533354,10779.0,30.0,0.27909572983533354
108.39722267398611,returning,True,0.023535959999999998,0.014709975,0.008825984999999998,0.008825984999999998,2.4,1.5,0.8999999999999998,0.8999999999999998,0.25671670532226565,8.54809570312498,16179,35,3,4,10779.0,10749.0,30.0,0.27909572983533354,10779.0,30.0,0.27909572983533354
108.4474355308339,returning,True,0.023535959999999998,0.014709975,0.008825984999999998,0.008825984999999998,2.4,1.5,0.8999999999999998,0.8999999999999998,0.25671670532226565,8.54809570312498,16184,35,3,4,10785.0,10749.0,36.0,0.3349148758024002,10785.0,36.0,0.33491487580240015
108.49714758503251,returning,True,0.023535959999999998,0.014709975,0.008825984999999998,0.008825984999999998,2.4,1.5,0.8999999999999998,0.8999999999999998,0.25671539306640623,8.5494079589844,16191,35,3,4,10780.0,10749.0,31.0,0.28839892082984464,10780.333333333334,31.333333333333332,0.2914999844946817
108.54943099897355,returning,True,0.023535959999999998,0.014709975,0.008825984999999998,0.008825984999999998,2.4,1.5,0.8999999999999998,0.8999999999999998,0.25671539306640623,8.5494079589844,16196,35,3,4,10780.0,10749.0,31.0,0.28839892082984464,10780.0,31.0,0.28839892082984464
108.6144349379465,returning,True,0.023535959999999998,0.014709975,0.008825984999999998,0.008825984999999998,2.4,1.5,0.8999999999999998,0.8999999999999998,0.2567232666015625,8.5415344238281,16203,35,3,4,10782.0,10749.0,33.0,0.3070053028188669,10782.0,33.0,0.3070053028188669
108.63310947804712,returning,True,0.023535959999999998,0.014709975,0.008825984999999998,0.008825984999999998,2.4,1.5,0.8999999999999998,0.8999999999999998,0.2567232666015625,8.5415344238281,16207,35,3,4,10782.0,10749.0,33.0,0.3070053028188669,10782.0,33.0,0.3070053028188669
108.68236974487081,returning,True,0.023535959999999998,0.014709975,0.008825984999999998,0.008825984999999998,2.4,1.5,0.8999999999999998,0.8999999999999998,0.25673382568359376,8.530975341796864,16213,35,3,4,10779.0,10749.0,30.0,0.27909572983533354,10779.0,30.0,0.27909572983533354
108.73221785994247,returning,True,0.023535959999999998,0.014709975,0.008825984999999998,0.008825984999999998,2.4,1.5,0.8999999999999998,0.8999999999999998,0.25675201416015625,8.512786865234379,16221,35,3,4,10783.0,10749.0,34.0,0.316308493813378,10783.0,34.0,0.316308493813378
108.79917122796178,returning,True,0.023535959999999998,0.014709975,0.008825984999999998,0.008825984999999998,2.4,1.5,0.8999999999999998,0.8999999999999998,0.25675201416015625,8.512786865234379,16227,35,3,4,10787.0,10749.0,38.0,0.35352125779142246,10787.0,38.0,0.35352125779142246
108.84701232705265,returning,True,0.023535959999999998,0.014709975,0.008825984999999998,0.008825984999999998,2.4,1.5,0.8999999999999998,0.8999999999999998,0.2567661437988281,8.49865722656251,16232,35,3,4,10784.0,10749.0,35.0,0.3256116848078891,10781.333333333334,32.333333333333336,0.30080317548919283
108.89894316997379,returning,True,0.023535959999999998,0.014709975,0.008825984999999998,0.008825984999999998,2.4,1.5,0.8999999999999998,0.8999999999999998,0.25681253051757813,8.452270507812498,16237,35,3,4,10784.0,10749.0,35.0,0.3256116848078891,10784.0,35.0,0.3256116848078891
108.94895964185707,returning,True,0.023535959999999998,0.014709975,0.008825984999999998,0.008825984999999998,2.4,1.5,0.8999999999999998,0.8999999999999998,0.25681253051757813,8.452270507812498,16246,35,3,4,10776.0,10749.0,27.0,0.2511861568518002,10776.0,27.0,0.2511861568518002
109.01498928293586,returning,True,0.023535959999999998,0.014709975,0.008825984999999998,0.008825984999999998,2.4,1.5,0.8999999999999998,0.8999999999999998,0.25701898193359374,8.245819091796891,16249,35,3,4,10780.0,10749.0,31.0,0.28839892082984464,10780.0,31.0,0.28839892082984464
109.03752467199229,returning,True,0.023535959999999998,0.014709975,0.008825984999999998,0.008825984999999998,2.4,1.5,0.8999999999999998,0.8999999999999998,0.25701898193359374,8.245819091796891,16255,35,3,4,10776.0,10749.0,27.0,0.2511861568518002,10776.0,27.0,0.2511861568518002
109.08370534097776,returning,True,0.023535959999999998,0.014709975,0.008825984999999998,0.008825984999999998,2.4,1.5,0.8999999999999998,0.8999999999999998,0.2574207763671875,7.844024658203108,16262,35,3,4,10780.0,10749.0,31.0,0.28839892082984464,10781.666666666666,32.666666666666664,0.3039042391540298
109.13264825893566,returning,True,0.023535959999999998,0.014709975,0.008825984999999998,0.008825984999999998,2.4,1.5,0.8999999999999998,0.8999999999999998,0.2574207763671875,7.844024658203108,16270,35,3,4,10780.0,10749.0,31.0,0.28839892082984464,10780.0,31.0,0.28839892082984464
109.19702742993832,returning,True,0.023535959999999998,0.014709975,0.008825984999999998,0.008825984999999998,2.4,1.5,0.8999999999999998,0.8999999999999998,0.25756463623046877,7.70016479492186,16278,35,3,4,10784.0,10749.0,35.0,0.3256116848078891,10784.0,35.0,0.3256116848078891
109.24852753593586,returning,True,0.023535959999999998,0.014709975,0.008825984999999998,0.008825984999999998,2.4,1.5,0.8999999999999998,0.8999999999999998,0.2575809326171875,7.683868408203121,16286,35,3,4,10786.0,10749.0,37.0,0.34421806679691136,10786.666666666666,37.666666666666664,0.3504201941265854
109.29915290186182,returning,True,0.023535959999999998,0.014709975,0.008825984999999998,0.008825984999999998,2.4,1.5,0.8999999999999998,0.8999999999999998,0.2575809326171875,7.683868408203121,16290,35,3,4,10786.0,10749.0,37.0,0.34421806679691136,10786.0,37.0,0.3442180667969114
109.332040815847,returning,True,0.023535959999999998,0.014709975,0.008825984999999998,0.008825984999999998,2.4,1.5,0.8999999999999998,0.8999999999999998,0.2575878295898438,7.676971435546854,16297,35,3,4,10787.0,10749.0,38.0,0.35352125779142246,10787.666666666666,38.666666666666664,0.35972338512109653
109.39918561582454,returning,True,0.023535959999999998,0.014709975,0.008825984999999998,0.008825984999999998,2.4,1.5,0.8999999999999998,0.8999999999999998,0.25759332275390623,7.6714782714844,16307,35,3,4,10780.0,10749.0,31.0,0.28839892082984464,10780.0,31.0,0.28839892082984464
109.4494558959268,returning,True,0.023535959999999998,0.014709975,0.008825984999999998,0.008825984999999998,2.4,1.5,0.8999999999999998,0.8999999999999998,0.25759332275390623,7.6714782714844,16313,35,3,4,10788.0,10749.0,39.0,0.36282444878593356,10788.0,39.0,0.36282444878593356
109.49909550603479,returning,True,0.023535959999999998,0.014709975,0.008825984999999998,0.008825984999999998,2.4,1.5,0.8999999999999998,0.8999999999999998,0.2576026611328125,7.662139892578135,16319,35,3,4,10785.0,10749.0,36.0,0.3349148758024002,10785.0,36.0,0.33491487580240015
109.547139583854,returning,True,0.023535959999999998,0.014709975,0.008825984999999998,0.008825984999999998,2.4,1.5,0.8999999999999998,0.8999999999999998,0.25761138916015625,7.653411865234383,16325,35,3,4,10787.0,10749.0,38.0,0.35352125779142246,10785.666666666666,36.666666666666664,0.34111700313207427
109.61611421895213,returning,True,0.023535959999999998,0.014709975,0.008825984999999998,0.008825984999999998,2.4,1.5,0.8999999999999998,0.8999999999999998,0.25761138916015625,7.653411865234383,16332,35,3,4,10781.0,10749.0,32.0,0.29770211182435574,10781.0,32.0,0.29770211182435574
109.6333635689225,returning,True,0.023535959999999998,0.014709975,0.008825984999999998,0.008825984999999998,2.4,1.5,0.8999999999999998,0.8999999999999998,0.25761956787109375,7.645233154296882,16337,35,3,4,10779.0,10749.0,30.0,0.27909572983533354,10779.0,30.0,0.27909572983533354
109.68254855205305,returning,True,0.023535959999999998,0.014709975,0.008825984999999998,0.008825984999999998,2.4,1.5,0.8999999999999998,0.8999999999999998,0.25761956787109375,7.645233154296882,16347,35,3,4,10789.0,10749.0,40.0,0.3721276397804447,10788.333333333334,39.333333333333336,0.3659255124507706
109.73185199103318,returning,True,0.023535959999999998,0.014709975,0.008825984999999998,0.008825984999999998,2.4,1.5,0.8999999999999998,0.8999999999999998,0.25763531494140623,7.629486083984394,16354,35,3,4,10786.0,10749.0,37.0,0.34421806679691136,10787.0,38.0,0.35352125779142246
109.80058129993267,returning,True,0.023535959999999998,0.014709975,0.008825984999999998,0.008825984999999998,2.4,1.5,0.8999999999999998,0.8999999999999998,0.2576494140625,7.615386962890602,16365,35,3,4,10786.0,10749.0,37.0,0.34421806679691136,10786.0,37.0,0.3442180667969114
109.84859848301858,returning,True,0.023535959999999998,0.014709975,0.008825984999999998,0.008825984999999998,2.4,1.5,0.8999999999999998,0.8999999999999998,0.25767572021484375,7.589080810546878,16370,35,3,4,10786.0,10749.0,37.0,0.34421806679691136,10786.0,37.0,0.3442180667969114
109.89872958697379,returning,True,0.023535959999999998,0.014709975,0.008825984999999998,0.008825984999999998,2.4,1.5,0.8999999999999998,0.8999999999999998,0.25767572021484375,7.589080810546878,16376,35,3,4,10779.0,10749.0,30.0,0.27909572983533354,10783.0,34.0,0.316308493813378
109.94767039082944,returning,True,0.023535959999999998,0.014709975,0.008825984999999998,0.008825984999999998,2.4,1.5,0.8999999999999998,0.8999999999999998,0.2577087097167969,7.556091308593748,16383,35,3,4,10781.0,10749.0,32.0,0.29770211182435574,10780.333333333334,31.333333333333332,0.2914999844946817
110.01550309802406,returning,True,0.023535959999999998,0.014709975,0.008825984999999998,0.008825984999999998,2.4,1.5,0.8999999999999998,0.8999999999999998,0.2577547607421875,7.510040283203123,16387,35,3,4,10779.0,10749.0,30.0,0.27909572983533354,10780.333333333334,31.333333333333332,0.2914999844946817
110.0341039840132,returning,True,0.023535959999999998,0.014709975,0.008825984999999998,0.008825984999999998,2.4,1.5,0.8999999999999998,0.8999999999999998,0.2577547607421875,7.510040283203123,16392,35,3,4,10783.0,10749.0,34.0,0.316308493813378,10781.666666666666,32.666666666666664,0.30390423915402986
110.08238794701174,returning,True,0.023535959999999998,0.014709975,0.008825984999999998,0.008825984999999998,2.4,1.5,0.8999999999999998,0.8999999999999998,0.2579945068359375,7.27029418945313,16402,35,3,4,10783.0,10749.0,34.0,0.316308493813378,10782.0,33.0,0.3070053028188669
110.13265229295939,returning,True,0.022555295,0.014709975,0.00784532,0.00784532,2.3,1.5,0.7999999999999999,0.7999999999999999,0.2579945068359375,7.27029418945313,16410,35,3,4,10791.0,10749.0,42.0,0.3907340217694669,10788.333333333334,39.333333333333336,0.3659255124507706
110.19771716487594,returning,True,0.022555295,0.014709975,0.00784532,0.00784532,2.3,1.5,0.7999999999999999,0.7999999999999999,0.2583409118652344,6.923889160156238,16420,35,3,4,10788.0,10749.0,39.0,0.36282444878593356,10788.0,39.0,0.36282444878593356
110.25331570603885,returning,True,0.022555295,0.014709975,0.00784532,0.00784532,2.3,1.5,0.7999999999999999,0.7999999999999999,0.2583409118652344,6.923889160156238,16424,35,3,4,10786.0,10749.0,37.0,0.34421806679691136,10786.666666666666,37.666666666666664,0.3504201941265854
110.29877293296158,returning,True,0.022555295,0.014709975,0.00784532,0.00784532,2.3,1.5,0.7999999999999999,0.7999999999999999,0.25837652587890625,6.888275146484379,16428,35,3,4,10786.0,10749.0,37.0,0.34421806679691136,10786.0,37.0,0.3442180667969114
110.33152501797304,returning,True,0.022555295,0.014709975,0.00784532,0.00784532,2.3,1.5,0.7999999999999999,0.7999999999999999,0.25837652587890625,6.888275146484379,16437,35,3,4,10788.0,10749.0,39.0,0.36282444878593356,10788.0,39.0,0.36282444878593356
110.39732282282785,returning,True,0.022555295,0.014709975,0.00784532,0.00784532,2.3,1.5,0.7999999999999999,0.7999999999999999,0.25839010620117187,6.874694824218763,16446,35,3,4,10782.0,10749.0,33.0,0.3070053028188669,10782.0,33.0,0.3070053028188669
110.4476524349302,returning,True,0.022555295,0.014709975,0.00784532,0.00784532,2.3,1.5,0.7999999999999999,0.7999999999999999,0.258396240234375,6.86856079101561,16452,35,3,4,10785.0,10749.0,36.0,0.3349148758024002,10785.0,36.0,0.33491487580240015
110.497254478978,returning,True,0.022555295,0.014709975,0.00784532,0.00784532,2.3,1.5,0.7999999999999999,0.7999999999999999,0.2584065856933594,6.858215332031237,16457,35,3,4,10786.0,10749.0,37.0,0.34421806679691136,10786.0,37.0,0.3442180667969114
110.53165879799053,returning,True,0.022555295,0.014709975,0.00784532,0.00784532,2.3,1.5,0.7999999999999999,0.7999999999999999,0.2584065856933594,6.858215332031237,16465,35,3,4,10781.0,10749.0,32.0,0.29770211182435574,10781.333333333334,32.333333333333336,0.30080317548919283
110.58306077192537,returning,True,0.022555295,0.014709975,0.00784532,0.00784532,2.3,1.5,0.7999999999999999,0.7999999999999999,0.25840631103515627,6.858489990234363,16475,35,3,4,10787.0,10749.0,38.0,0.35352125779142246,10787.0,38.0,0.35352125779142246
110.63151273783296,returning,True,0.022555295,0.014709975,0.00784532,0.00784532,2.3,1.5,0.7999999999999999,0.7999999999999999,0.2584190673828125,6.845733642578122,16482,35,3,4,10786.0,10749.0,37.0,0.34421806679691136,10786.0,37.0,0.3442180667969114
110.68259102082811,returning,True,0.022555295,0.014709975,0.00784532,0.00784532,2.3,1.5,0.7999999999999999,0.7999999999999999,0.2584190673828125,6.845733642578122,16486,35,3,4,10784.0,10749.0,35.0,0.3256116848078891,10784.0,35.0,0.3256116848078891
110.7316122718621,returning,True,0.022555295,0.014709975,0.00784532,0.00784532,2.3,1.5,0.7999999999999999,0.7999999999999999,0.25842205810546875,6.842742919921873,16494,35,3,4,10785.0,10749.0,36.0,0.3349148758024002,10788.333333333334,39.333333333333336,0.3659255124507706
110.79990103887394,returning,True,0.022555295,0.014709975,0.00784532,0.00784532,2.3,1.5,0.7999999999999999,0.7999999999999999,0.25842962646484374,6.835174560546886,16499,35,3,4,10782.0,10749.0,33.0,0.3070053028188669,10784.0,35.0,0.3256116848078891
110.8469183370471,returning,True,0.022555295,0.014709975,0.00784532,0.00784532,2.3,1.5,0.7999999999999999,0.7999999999999999,0.25842962646484374,6.835174560546886,16505,35,3,4,10785.0,10749.0,36.0,0.3349148758024002,10785.0,36.0,0.33491487580240015
110.89777477900498,returning,True,0.022555295,0.014709975,0.00784532,0.00784532,2.3,1.5,0.7999999999999999,0.7999999999999999,0.25842736816406253,6.837432861328097,16512,35,3,4,10783.0,10749.0,34.0,0.316308493813378,10783.0,34.0,0.316308493813378
110.94889627583325,returning,True,0.022555295,0.014709975,0.00784532,0.00784532,2.3,1.5,0.7999999999999999,0.7999999999999999,0.25842736816406253,6.837432861328097,16519,35,3,4,10781.0,10749.0,32.0,0.29770211182435574,10781.666666666666,32.666666666666664,0.3039042391540298
111.01599781494588,returning,True,0.022555295,0.014709975,0.00784532,0.00784532,2.3,1.5,0.7999999999999999,0.7999999999999999,0.2584209899902344,6.843811035156245,16522,35,3,4,10781.0,10749.0,32.0,0.29770211182435574,10781.0,32.0,0.29770211182435574
111.03206934197806,returning,True,0.022555295,0.014709975,0.00784532,0.00784532,2.3,1.5,0.7999999999999999,0.7999999999999999,0.2584209899902344,6.843811035156245,16526,35,3,4,10786.0,10749.0,37.0,0.34421806679691136,10786.0,37.0,0.3442180667969114
111.08416902390309,returning,True,0.022555295,0.014709975,0.00784532,0.00784532,2.3,1.5,0.7999999999999999,0.7999999999999999,0.25842382812500003,6.840972900390597,16534,35,3,4,10787.0,10749.0,38.0,0.35352125779142246,10787.0,38.0,0.35352125779142246
111.13408234482631,returning,True,0.022555295,0.014709975,0.00784532,0.00784532,2.3,1.5,0.7999999999999999,0.7999999999999999,0.2584338989257813,6.830902099609348,16540,35,3,4,10786.0,10749.0,37.0,0.34421806679691136,10786.0,37.0,0.3442180667969114
111.19941642787308,returning,True,0.022555295,0.014709975,0.00784532,0.00784532,2.3,1.5,0.7999999999999999,0.7999999999999999,0.2584338989257813,6.830902099609348,16547,35,3,4,10776.0,10749.0,27.0,0.2511861568518002,10778.666666666666,29.666666666666668,0.27599466617049645
111.24871417088434,returning,True,0.022555295,0.014709975,0.00784532,0.00784532,2.3,1.5,0.7999999999999999,0.7999999999999999,0.25845184326171877,6.812957763671856,16552,35,3,4,10782.0,10749.0,33.0,0.3070053028188669,10780.0,31.0,0.2883989208298447
111.29798467084765,returning,True,0.023535959999999998,0.014709975,0.008825984999999998,0.008825984999999998,2.4,1.5,0.8999999999999998,0.8999999999999998,0.2584930114746094,6.771789550781227,16557,35,3,4,10781.0,10749.0,32.0,0.29770211182435574,10781.333333333334,32.333333333333336,0.30080317548919283
111.34764668298885,returning,True,0.023535959999999998,0.014709975,0.008825984999999998,0.008825984999999998,2.4,1.5,0.8999999999999998,0.8999999999999998,0.2584930114746094,6.771789550781227,16564,35,3,4,10787.0,10749.0,38.0,0.35352125779142246,10787.0,38.0,0.35352125779142246
111.41585841192864,returning,True,0.023535959999999998,0.014709975,0.008825984999999998,0.008825984999999998,2.4,1.5,0.8999999999999998,0.8999999999999998,0.2585577392578125,6.707061767578127,16570,35,3,4,10785.0,10749.0,36.0,0.3349148758024002,10787.666666666666,38.666666666666664,0.3597233851210966
111.43211525399238,returning,True,0.022555295,0.014709975,0.00784532,0.00784532,2.3,1.5,0.7999999999999999,0.7999999999999999,0.2585577392578125,6.707061767578127,16578,35,3,4,10781.0,10749.0,32.0,0.29770211182435574,10781.0,32.0,0.29770211182435574
111.48269255692139,returning,True,0.022555295,0.014709975,0.00784532,0.00784532,2.3,1.5,0.7999999999999999,0.7999999999999999,0.25867233276367185,6.592468261718776,16588,35,3,4,10782.0,10749.0,33.0,0.3070053028188669,10782.0,33.0,0.3070053028188669
111.53218296682462,returning,True,0.022555295,0.014709975,0.00784532,0.00784532,2.3,1.5,0.7999999999999999,0.7999999999999999,0.25885015869140626,6.414642333984366,16598,35,3,4,10780.0,10749.0,31.0,0.28839892082984464,10784.0,35.0,0.3256116848078891
111.59955203090794,returning,True,0.022555295,0.014709975,0.00784532,0.00784532,2.3,1.5,0.7999999999999999,0.7999999999999999,0.25890130615234375,6.363494873046882,16608,35,3,4,10789.0,10749.0,40.0,0.3721276397804447,10786.0,37.0,0.3442180667969114
111.64679007884115,returning,True,0.022555295,0.014709975,0.00784532,0.00784532,2.3,1.5,0.7999999999999999,0.7999999999999999,0.2589242858886719,6.3405151367187385,16611,35,3,4,10789.0,10749.0,40.0,0.3721276397804447,10789.0,40.0,0.3721276397804447
111.68217267398722,returning,True,0.022555295,0.014709975,0.00784532,0.00784532,2.3,1.5,0.7999999999999999,0.7999999999999999,0.2589242858886719,6.3405151367187385,16617,35,3,4,10790.0,10749.0,41.0,0.3814308307749558,10787.333333333334,38.333333333333336,0.35662232145625955
111.73222949099727,returning,True,0.022555295,0.014709975,0.00784532,0.00784532,2.3,1.5,0.7999999999999999,0.7999999999999999,0.25893856811523436,6.326232910156271,16628,35,3,4,10784.0,10749.0,35.0,0.3256116848078891,10784.0,35.0,0.3256116848078891
111.78307392983697,returning,True,0.022555295,0.014709975,0.00784532,0.00784532,2.3,1.5,0.7999999999999999,0.7999999999999999,0.2589386901855469,6.3261108398437464,16638,35,3,4,10788.0,10749.0,39.0,0.36282444878593356,10787.333333333334,38.333333333333336,0.35662232145625944
111.83173588197678,returning,True,0.022555295,0.014709975,0.00784532,0.00784532,2.3,1.5,0.7999999999999999,0.7999999999999999,0.25894598388671874,6.318817138671884,16645,35,3,4,10787.0,10749.0,38.0,0.35352125779142246,10787.333333333334,38.333333333333336,0.35662232145625944
111.88340080785565,returning,True,0.022555295,0.014709975,0.00784532,0.00784532,2.3,1.5,0.7999999999999999,0.7999999999999999,0.25894598388671874,6.318817138671884,16650,35,3,4,10785.0,10749.0,36.0,0.3349148758024002,10785.666666666666,36.666666666666664,0.34111700313207427
111.9326480019372,returning,True,0.022555295,0.014709975,0.00784532,0.00784532,2.3,1.5,0.7999999999999999,0.7999999999999999,0.25895806884765626,6.306732177734364,16656,35,3,4,10785.0,10749.0,36.0,0.3349148758024002,10785.0,36.0,0.33491487580240015
111.99977655801922,returning,True,0.022555295,0.014709975,0.00784532,0.00784532,2.3,1.5,0.7999999999999999,0.7999999999999999,0.2589700927734375,6.294708251953107,16661,35,3,4,10784.0,10749.0,35.0,0.3256116848078891,10784.0,35.0,0.3256116848078891
112.04727898887359,returning,True,0.022555295,0.014709975,0.00784532,0.00784532,2.3,1.5,0.7999999999999999,0.7999999999999999,0.2589700927734375,6.294708251953107,16668,35,3,4,10787.0,10749.0,38.0,0.35352125779142246,10788.0,39.0,0.36282444878593356
112.08231348101981,returning,True,0.022555295,0.014709975,0.00784532,0.00784532,2.3,1.5,0.7999999999999999,0.7999999999999999,0.2590157470703125,6.249053955078132,16676,35,3,4,10789.0,10749.0,40.0,0.3721276397804447,10789.0,40.0,0.3721276397804447
112.13309971895069,returning,True,0.022555295,0.014709975,0.00784532,0.00784532,2.3,1.5,0.7999999999999999,0.7999999999999999,0.2592156372070313,6.049163818359348,16684,35,3,4,10778.0,10749.0,29.0,0.2697925388408224,10778.0,29.0,0.2697925388408224
112.19933207985014,returning,True,0.022555295,0.014709975,0.00784532,0.00784532,2.3,1.5,0.7999999999999999,0.7999999999999999,0.2592156372070313,6.049163818359348,16694,35,3,4,10787.0,10749.0,38.0,0.35352125779142246,10785.0,36.0,0.33491487580240026
112.24797007301822,returning,True,0.022555295,0.014709975,0.00784532,0.00784532,2.3,1.5,0.7999999999999999,0.7999999999999999,0.2592851257324219,5.9796752929687225,16698,35,3,4,10787.0,10749.0,38.0,0.35352125779142246,10787.0,38.0,0.35352125779142246
112.29891340597533,returning,True,0.022555295,0.014709975,0.00784532,0.00784532,2.3,1.5,0.7999999999999999,0.7999999999999999,0.2592851257324219,5.9796752929687225,16704,35,3,4,10787.0,10749.0,38.0,0.35352125779142246,10785.666666666666,36.666666666666664,0.34111700313207427
112.34785874700174,returning,True,0.022555295,0.014709975,0.00784532,0.00784532,2.3,1.5,0.7999999999999999,0.7999999999999999,0.25932452392578126,5.94027709960937,16710,35,3,4,10784.0,10749.0,35.0,0.3256116848078891,10784.0,35.0,0.3256116848078891
112.41369644599035,returning,True,0.022555295,0.014709975,0.00784532,0.00784532,2.3,1.5,0.7999999999999999,0.7999999999999999,0.25935964965820313,5.9051513671875,16716,35,3,4,10787.0,10749.0,38.0,0.35352125779142246,10787.0,38.0,0.35352125779142246
112.43203447689302,returning,True,0.023535959999999998,0.014709975,0.008825984999999998,0.008825984999999998,2.4,1.5,0.8999999999999998,0.8999999999999998,0.25935964965820313,5.9051513671875,16721,35,3,4,10782.0,10749.0,33.0,0.3070053028188669,10782.0,33.0,0.3070053028188669
112.4850238058716,returning,True,0.023535959999999998,0.014709975,0.008825984999999998,0.008825984999999998,2.4,1.5,0.8999999999999998,0.8999999999999998,0.25940393066406253,5.860870361328097,16728,35,3,4,10788.0,10749.0,39.0,0.36282444878593356,10788.333333333334,39.333333333333336,0.3659255124507706
112.5317951568868,returning,True,0.023535959999999998,0.014709975,0.008825984999999998,0.008825984999999998,2.4,1.5,0.8999999999999998,0.8999999999999998,0.25940393066406253,5.860870361328097,16735,35,3,4,10778.0,10749.0,29.0,0.2697925388408224,10778.0,29.0,0.2697925388408224
112.59698486886919,returning,True,0.023535959999999998,0.014709975,0.008825984999999998,0.008825984999999998,2.4,1.5,0.8999999999999998,0.8999999999999998,0.2594595947265625,5.805206298828136,16742,35,3,4,10780.0,10749.0,31.0,0.28839892082984464,10780.0,31.0,0.28839892082984464
112.64704338298179,returning,True,0.023535959999999998,0.014709975,0.008825984999999998,0.008825984999999998,2.4,1.5,0.8999999999999998,0.8999999999999998,0.2595997009277344,5.66510009765625,16746,35,3,4,10784.0,10749.0,35.0,0.3256116848078891,10784.0,35.0,0.3256116848078891
112.69930790993385,returning,True,0.022555295,0.014709975,0.00784532,0.00784532,2.3,1.5,0.7999999999999999,0.7999999999999999,0.2595997009277344,5.66510009765625,16751,35,3,4,10781.0,10749.0,32.0,0.29770211182435574,10781.0,32.0,0.29770211182435574
112.74762845993973,returning,True,0.022555295,0.014709975,0.00784532,0.00784532,2.3,1.5,0.7999999999999999,0.7999999999999999,0.2596231384277344,5.64166259765625,16759,35,3,4,10780.0,10749.0,31.0,0.28839892082984464,10780.0,31.0,0.28839892082984464
112.81398927699775,returning,True,0.022555295,0.014709975,0.00784532,0.00784532,2.3,1.5,0.7999999999999999,0.7999999999999999,0.2596443786621094,5.620422363281252,16763,35,3,4,10780.0,10749.0,31.0,0.28839892082984464,10780.0,31.0,0.28839892082984464
112.83284540683962,returning,True,0.022555295,0.014709975,0.00784532,0.00784532,2.3,1.5,0.7999999999999999,0.7999999999999999,0.2596443786621094,5.620422363281252,16767,35,3,4,10786.0,10749.0,37.0,0.34421806679691136,10784.0,35.0,0.3256116848078891
112.88233090704307,returning,True,0.022555295,0.014709975,0.00784532,0.00784532,2.3,1.5,0.7999999999999999,0.7999999999999999,0.2596588134765625,5.6059875488281286,16773,35,3,4,10780.0,10749.0,31.0,0.28839892082984464,10780.0,31.0,0.28839892082984464
112.93290769984014,returning,True,0.022555295,0.014709975,0.00784532,0.00784532,2.3,1.5,0.7999999999999999,0.7999999999999999,0.2596588134765625,5.6059875488281286,16780,35,3,4,10779.0,10749.0,30.0,0.27909572983533354,10777.666666666666,28.666666666666668,0.2666914751759854
112.99892093986273,returning,True,0.022555295,0.014709975,0.00784532,0.00784532,2.3,1.5,0.7999999999999999,0.7999999999999999,0.25967047119140624,5.594329833984391,16785,35,3,4,10787.0,10749.0,38.0,0.35352125779142246,10784.333333333334,35.333333333333336,0.32871274847272614
113.04731627786532,returning,True,0.022555295,0.014709975,0.00784532,0.00784532,2.3,1.5,0.7999999999999999,0.7999999999999999,0.25967047119140624,5.594329833984391,16789,35,3,4,10782.0,10749.0,33.0,0.3070053028188669,10783.666666666666,34.666666666666664,0.3225106211430521
113.08205113885924,returning,True,0.022555295,0.014709975,0.00784532,0.00784532,2.3,1.5,0.7999999999999999,0.7999999999999999,0.2597003784179688,5.564422607421848,16793,35,3,4,10787.0,10749.0,38.0,0.35352125779142246,10785.333333333334,36.333333333333336,0.3380159394672373
113.13238441804424,returning,True,0.022555295,0.014709975,0.00784532,0.00784532,2.3,1.5,0.7999999999999999,0.7999999999999999,0.25981243896484374,5.452362060546889,16804,35,3,4,10779.0,10749.0,30.0,0.27909572983533354,10779.0,30.0,0.27909572983533354
113.1973749648314,returning,True,0.022555295,0.014709975,0.00784532,0.00784532,2.3,1.5,0.7999999999999999,0.7999999999999999,0.25983792114257814,5.426879882812486,16813,35,3,4,10785.0,10749.0,36.0,0.3349148758024002,10785.0,36.0,0.33491487580240015
113.24908806802705,returning,True,0.022555295,0.014709975,0.00784532,0.00784532,2.3,1.5,0.7999999999999999,0.7999999999999999,0.25983792114257814,5.426879882812486,16819,35,3,4,10776.0,10749.0,27.0,0.2511861568518002,10776.0,27.0,0.2511861568518002
113.29879339598119,returning,True,0.022555295,0.014709975,0.00784532,0.00784532,2.3,1.5,0.7999999999999999,0.7999999999999999,0.25984918212890623,5.415618896484398,16823,35,3,4,10778.0,10749.0,29.0,0.2697925388408224,10778.0,29.0,0.2697925388408224
113.34853600803763,returning,True,0.022555295,0.014709975,0.00784532,0.00784532,2.3,1.5,0.7999999999999999,0.7999999999999999,0.25984918212890623,5.415618896484398,16829,35,3,4,10782.0,10749.0,33.0,0.3070053028188669,10782.0,33.0,0.3070053028188669
113.41552625386976,returning,True,0.022555295,0.014709975,0.00784532,0.00784532,2.3,1.5,0.7999999999999999,0.7999999999999999,0.25985882568359375,5.405975341796876,16835,35,3,4,10782.0,10749.0,33.0,0.3070053028188669,10783.0,34.0,0.316308493813378
113.4323817549739,returning,True,0.022555295,0.014709975,0.00784532,0.00784532,2.3,1.5,0.7999999999999999,0.7999999999999999,0.25985882568359375,5.405975341796876,16844,35,3,4,10783.0,10749.0,34.0,0.316308493813378,10783.0,34.0,0.316308493813378
113.48341665882617,returning,True,0.022555295,0.014709975,0.00784532,0.00784532,2.3,1.5,0.7999999999999999,0.7999999999999999,0.25987139892578126,5.393402099609368,16851,35,3,4,10784.0,10749.0,35.0,0.3256116848078891,10784.0,35.0,0.3256116848078891
113.53172471397556,returning,True,0.022555295,0.014709975,0.00784532,0.00784532,2.3,1.5,0.7999999999999999,0.7999999999999999,0.25988681030273436,5.377990722656268,16860,35,3,4,10780.0,10749.0,31.0,0.28839892082984464,10779.0,30.0,0.27909572983533354
113.59886113903485,returning,True,0.022555295,0.014709975,0.00784532,0.00784532,2.3,1.5,0.7999999999999999,0.7999999999999999,0.25994473266601564,5.320068359374986,16871,35,3,4,10778.0,10749.0,29.0,0.2697925388408224,10778.0,29.0,0.2697925388408224
113.64819950493984,returning,True,0.022555295,0.014709975,0.00784532,0.00784532,2.3,1.5,0.7999999999999999,0.7999999999999999,0.2601606750488281,5.104125976562512,16875,35,3,4,10782.0,10749.0,33.0,0.3070053028188669,10780.666666666666,31.666666666666668,0.2946010481595187
113.69706855597906,returning,True,0.022555295,0.014709975,0.00784532,0.00784532,2.3,1.5,0.7999999999999999,0.7999999999999999,0.2601606750488281,5.104125976562512,16881,35,3,4,10783.0,10749.0,34.0,0.316308493813378,10783.0,34.0,0.316308493813378
113.74714701389894,returning,True,0.022555295,0.014709975,0.00784532,0.00784532,2.3,1.5,0.7999999999999999,0.7999999999999999,0.2602437744140625,5.021026611328139,16887,35,3,4,10787.0,10749.0,38.0,0.35352125779142246,10787.0,38.0,0.35352125779142246
113.81540043884888,returning,True,0.022555295,0.014709975,0.00784532,0.00784532,2.3,1.5,0.7999999999999999,0.7999999999999999,0.2602437744140625,5.021026611328139,16893,35,3,4,10777.0,10749.0,28.0,0.2604893478463113,10781.0,32.0,0.29770211182435574
113.83306842599995,returning,True,0.022555295,0.014709975,0.00784532,0.00784532,2.3,1.5,0.7999999999999999,0.7999999999999999,0.2604273681640625,4.83743286132815,16898,35,3,4,10782.0,10749.0,33.0,0.3070053028188669,10778.666666666666,29.666666666666668,0.27599466617049645
113.88258870993741,returning,True,0.022555295,0.014709975,0.00784532,0.00784532,2.3,1.5,0.7999999999999999,0.7999999999999999,0.2604273681640625,4.83743286132815,16906,35,3,4,10785.0,10749.0,36.0,0.3349148758024002,10785.0,36.0,0.33491487580240015
113.9322377499193,returning,True,0.022555295,0.014709975,0.00784532,0.00784532,2.3,1.5,0.7999999999999999,0.7999999999999999,0.2605394592285156,4.725341796875004,16913,35,3,4,10779.0,10749.0,30.0,0.27909572983533354,10779.0,30.0,0.27909572983533354
114.00003606197424,returning,True,0.022555295,0.014709975,0.00784532,0.00784532,2.3,1.5,0.7999999999999999,0.7999999999999999,0.2605549621582031,4.709838867187511,16919,35,3,4,10787.0,10749.0,38.0,0.35352125779142246,10784.333333333334,35.333333333333336,0.32871274847272614
114.04880810994655,returning,True,0.022555295,0.014709975,0.00784532,0.00784532,2.3,1.5,0.7999999999999999,0.7999999999999999,0.2605549621582031,4.709838867187511,16924,35,3,4,10782.0,10749.0,33.0,0.3070053028188669,10783.666666666666,34.666666666666664,0.3225106211430521
114.09735518903472,returning,True,0.022555295,0.014709975,0.00784532,0.00784532,2.3,1.5,0.7999999999999999,0.7999999999999999,0.26055245971679686,4.71234130859377,16930,35,3,4,10784.0,10749.0,35.0,0.3256116848078891,10784.0,35.0,0.3256116848078891
114.14848789200187,returning,True,0.022555295,0.014709975,0.00784532,0.00784532,2.3,1.5,0.7999999999999999,0.7999999999999999,0.26055245971679686,4.71234130859377,16938,35,3,4,10787.0,10749.0,38.0,0.35352125779142246,10784.333333333334,35.333333333333336,0.32871274847272614
114.21738943387754,returning,True,0.022555295,0.014709975,0.00784532,0.00784532,2.3,1.5,0.7999999999999999,0.7999999999999999,0.26054885864257815,4.715942382812477,16942,35,3,4,10787.0,10749.0,38.0,0.35352125779142246,10787.0,38.0,0.35352125779142246
114.2349065458402,returning,True,0.022555295,0.014709975,0.00784532,0.00784532,2.3,1.5,0.7999999999999999,0.7999999999999999,0.26054885864257815,4.715942382812477,16947,35,3,4,10785.0,10749.0,36.0,0.3349148758024002,10787.666666666666,38.666666666666664,0.3597233851210966
114.2818453158252,returning,True,0.022555295,0.014709975,0.00784532,0.00784532,2.3,1.5,0.7999999999999999,0.7999999999999999,0.2605552978515625,4.709503173828122,16956,35,3,4,10781.0,10749.0,32.0,0.29770211182435574,10781.0,32.0,0.29770211182435574
114.33164516184479,returning,True,0.022555295,0.014709975,0.00784532,0.00784532,2.3,1.5,0.7999999999999999,0.7999999999999999,0.26056723022460937,4.697570800781259,16966,35,3,4,10787.0,10749.0,38.0,0.35352125779142246,10788.0,39.0,0.36282444878593356
114.39886076492257,returning,True,0.022555295,0.014709975,0.00784532,0.00784532,2.3,1.5,0.7999999999999999,0.7999999999999999,0.260580078125,4.684722900390625,16975,35,3,4,10793.0,10749.0,44.0,0.4093404037584892,10793.0,44.0,0.4093404037584892
114.44915201584809,returning,True,0.022555295,0.014709975,0.00784532,0.00784532,2.3,1.5,0.7999999999999999,0.7999999999999999,0.26059115600585936,4.6736450195312695,16980,35,3,4,10791.0,10749.0,42.0,0.3907340217694669,10791.666666666666,42.666666666666664,0.39693614909914104
114.49942519096658,returning,True,0.022555295,0.014709975,0.00784532,0.00784532,2.3,1.5,0.7999999999999999,0.7999999999999999,0.26059115600585936,4.6736450195312695,16986,35,3,4,10785.0,10749.0,36.0,0.3349148758024002,10787.0,38.0,0.35352125779142246
114.53268927591853,returning,True,0.022555295,0.014709975,0.00784532,0.00784532,2.3,1.5,0.7999999999999999,0.7999999999999999,0.26060574340820314,4.659057617187489,16993,35,3,4,10779.0,10749.0,30.0,0.27909572983533354,10780.333333333334,31.333333333333332,0.2914999844946817
114.5987654668279,returning,True,0.022555295,0.014709975,0.00784532,0.00784532,2.3,1.5,0.7999999999999999,0.7999999999999999,0.260616943359375,4.647857666015609,17003,35,3,4,10779.0,10749.0,30.0,0.27909572983533354,10779.0,30.0,0.27909572983533354
114.63482204289176,returning,True,0.022555295,0.014709975,0.00784532,0.00784532,2.3,1.5,0.7999999999999999,0.7999999999999999,0.260616943359375,4.647857666015609,17007,35,3,4,10776.0,10749.0,27.0,0.2511861568518002,10778.0,29.0,0.26979253884082244
114.68193502584472,returning,True,0.022555295,0.014709975,0.00784532,0.00784532,2.3,1.5,0.7999999999999999,0.7999999999999999,0.26063601684570314,4.628784179687484,17018,35,3,4,10784.0,10749.0,35.0,0.3256116848078891,10784.0,35.0,0.3256116848078891
114.73234758898616,returning,True,0.022555295,0.014709975,0.00784532,0.00784532,2.3,1.5,0.7999999999999999,0.7999999999999999,0.26066326904296877,4.601531982421858,17028,35,3,4,10777.0,10749.0,28.0,0.2604893478463113,10780.333333333334,31.333333333333332,0.2914999844946817
114.7823488409631,returning,True,0.022555295,0.014709975,0.00784532,0.00784532,2.3,1.5,0.7999999999999999,0.7999999999999999,0.26070227050781253,4.5625305175781,17038,35,3,4,10783.0,10749.0,34.0,0.316308493813378,10783.0,34.0,0.316308493813378
114.83238433790393,returning,True,0.022555295,0.014709975,0.00784532,0.00784532,2.3,1.5,0.7999999999999999,0.7999999999999999,0.26086169433593753,4.403106689453096,17044,35,3,4,10791.0,10749.0,42.0,0.3907340217694669,10791.0,42.0,0.390734021769467
114.88508852594532,returning,True,0.022555295,0.014709975,0.00784532,0.00784532,2.3,1.5,0.7999999999999999,0.7999999999999999,0.26086169433593753,4.403106689453096,17049,35,3,4,10782.0,10749.0,33.0,0.3070053028188669,10782.0,33.0,0.3070053028188669
114.93277287203819,returning,True,0.022555295,0.014709975,0.00784532,0.00784532,2.3,1.5,0.7999999999999999,0.7999999999999999,0.2610098571777344,4.254943847656234,17056,35,3,4,10794.0,10749.0,45.0,0.4186435947530003,10794.0,45.0,0.4186435947530003
114.99869981501251,returning,True,0.022555295,0.014709975,0.00784532,0.00784532,2.3,1.5,0.7999999999999999,0.7999999999999999,0.2610603332519531,4.204467773437526,17062,35,3,4,10788.0,10749.0,39.0,0.36282444878593356,10782.0,33.0,0.3070053028188669
115.04831687291153,returning,True,0.022555295,0.014709975,0.00784532,0.00784532,2.3,1.5,0.7999999999999999,0.7999999999999999,0.2610603332519531,4.204467773437526,17069,35,3,4,10788.0,10749.0,39.0,0.36282444878593356,10788.0,39.0,0.36282444878593356
115.09694289788604,returning,True,0.022555295,0.014709975,0.00784532,0.00784532,2.3,1.5,0.7999999999999999,0.7999999999999999,0.26108779907226565,4.177001953124981,17073,35,3,4,10792.0,10749.0,43.0,0.400037212763978,10790.666666666666,41.666666666666664,0.38763295810462983
115.14922509202734,returning,True,0.022555295,0.014709975,0.00784532,0.00784532,2.3,1.5,0.7999999999999999,0.7999999999999999,0.26112344360351564,4.141357421874991,17080,35,3,4,10786.0,10749.0,37.0,0.34421806679691136,10786.0,37.0,0.3442180667969114
115.2166615279857,returning,True,0.022555295,0.014709975,0.00784532,0.00784532,2.3,1.5,0.7999999999999999,0.7999999999999999,0.26112344360351564,4.141357421874991,17086,35,3,4,10788.0,10749.0,39.0,0.36282444878593356,10788.0,39.0,0.36282444878593356
115.23259088187478,returning,True,0.022555295,0.014709975,0.00784532,0.00784532,2.3,1.5,0.7999999999999999,0.7999999999999999,0.2611900634765625,4.0747375488281445,17091,35,3,4,10790.0,10749.0,41.0,0.3814308307749558,10788.666666666666,39.666666666666664,0.3690265761156077
115.28232523798943,returning,True,0.022555295,0.014709975,0.00784532,0.00784532,2.3,1.5,0.7999999999999999,0.7999999999999999,0.2611900634765625,4.0747375488281445,17101,35,3,4,10788.0,10749.0,39.0,0.36282444878593356,10788.0,39.0,0.36282444878593356
115.33204090991057,returning,True,0.022555295,0.014709975,0.00784532,0.00784532,2.3,1.5,0.7999999999999999,0.7999999999999999,0.2613941040039063,3.8706970214843484,17110,35,3,4,10788.0,10749.0,39.0,0.36282444878593356,10788.0,39.0,0.36282444878593356
115.39810670283623,returning,True,0.022555295,0.014709975,0.00784532,0.00784532,2.3,1.5,0.7999999999999999,0.7999999999999999,0.2614420166015625,3.8227844238281072,17119,35,3,4,10781.0,10749.0,32.0,0.29770211182435574,10781.666666666666,32.666666666666664,0.30390423915402986
115.44798856205307,returning,True,0.022555295,0.014709975,0.00784532,0.00784532,2.3,1.5,0.7999999999999999,0.7999999999999999,0.26146133422851564,3.803466796874988,17124,35,3,4,10781.0,10749.0,32.0,0.29770211182435574,10781.0,32.0,0.29770211182435574
115.49878443591297,returning,True,0.022555295,0.014709975,0.00784532,0.00784532,2.3,1.5,0.7999999999999999,0.7999999999999999,0.26146133422851564,3.803466796874988,17131,35,3,4,10789.0,10749.0,40.0,0.3721276397804447,10787.0,38.0,0.35352125779142246
115.54700234998018,returning,True,0.022555295,0.014709975,0.00784532,0.00784532,2.3,1.5,0.7999999999999999,0.7999999999999999,0.261475830078125,3.788970947265602,17137,35,3,4,10790.0,10749.0,41.0,0.3814308307749558,10790.0,41.0,0.3814308307749558
115.61500220396556,returning,True,0.022555295,0.014709975,0.00784532,0.00784532,2.3,1.5,0.7999999999999999,0.7999999999999999,0.261475830078125,3.788970947265602,17142,35,3,4,10788.0,10749.0,39.0,0.36282444878593356,10788.0,39.0,0.36282444878593356
115.63176402589306,returning,True,0.022555295,0.014709975,0.00784532,0.00784532,2.3,1.5,0.7999999999999999,0.7999999999999999,0.2614940185546875,3.7707824707031157,17149,35,3,4,10792.0,10749.0,43.0,0.400037212763978,10789.666666666666,40.666666666666664,0.37832976711011873
115.68225580290891,returning,True,0.022555295,0.014709975,0.00784532,0.00784532,2.3,1.5,0.7999999999999999,0.7999999999999999,0.2614940185546875,3.7707824707031157,17157,35,3,4,10786.0,10749.0,37.0,0.34421806679691136,10786.0,37.0,0.3442180667969114
115.73224117793143,returning,True,0.022555295,0.014709975,0.00784532,0.00784532,2.3,1.5,0.7999999999999999,0.7999999999999999,0.2615084228515625,3.7563781738281232,17164,35,3,4,10790.0,10749.0,41.0,0.3814308307749558,10790.0,41.0,0.3814308307749558
115.79941513994709,returning,True,0.022555295,0.014709975,0.00784532,0.00784532,2.3,1.5,0.7999999999999999,0.7999999999999999,0.2615149841308594,3.749816894531244,17175,35,3,4,10789.0,10749.0,40.0,0.3721276397804447,10787.0,38.0,0.35352125779142246
115.8472813849803,returning,True,0.022555295,0.014709975,0.00784532,0.00784532,2.3,1.5,0.7999999999999999,0.7999999999999999,0.2615246887207031,3.740112304687515,17178,35,3,4,10789.0,10749.0,40.0,0.3721276397804447,10789.0,40.0,0.3721276397804447
115.89683049288578,returning,True,0.022555295,0.014709975,0.00784532,0.00784532,2.3,1.5,0.7999999999999999,0.7999999999999999,0.2615246887207031,3.740112304687515,17184,35,3,4,10781.0,10749.0,32.0,0.29770211182435574,10781.0,32.0,0.29770211182435574
115.94761962303892,returning,True,0.022555295,0.014709975,0.00784532,0.00784532,2.3,1.5,0.7999999999999999,0.7999999999999999,0.2615574645996094,3.707336425781249,17189,35,3,4,10786.0,10749.0,37.0,0.34421806679691136,10787.333333333334,38.333333333333336,0.35662232145625944
116.01567755592987,returning,True,0.022555295,0.014709975,0.00784532,0.00784532,2.3,1.5,0.7999999999999999,0.7999999999999999,0.2616089172363281,3.6558837890625084,17195,35,3,4,10789.0,10749.0,40.0,0.3721276397804447,10789.0,40.0,0.3721276397804447
116.03537672595121,returning,True,0.022555295,0.014709975,0.00784532,0.00784532,2.3,1.5,0.7999999999999999,0.7999999999999999,0.2616089172363281,3.6558837890625084,17201,35,3,4,10785.0,10749.0,36.0,0.3349148758024002,10785.0,36.0,0.33491487580240015
116.08162855985574,returning,True,0.022555295,0.014709975,0.00784532,0.00784532,2.3,1.5,0.7999999999999999,0.7999999999999999,0.2616089172363281,3.6558837890625084,17210,35,3,4,10784.0,10749.0,35.0,0.3256116848078891,10784.0,35.0,0.3256116848078891
116.13219431904145,returning,True,0.022555295,0.014709975,0.00784532,0.00784532,2.3,1.5,0.7999999999999999,0.7999999999999999,0.26173138427734377,3.533416748046858,17219,35,3,4,10786.0,10749.0,37.0,0.34421806679691136,10786.0,37.0,0.3442180667969114
116.19976356299594,returning,True,0.022555295,0.014709975,0.00784532,0.00784532,2.3,1.5,0.7999999999999999,0.7999999999999999,0.26178842163085936,3.4763793945312704,17228,35,3,4,10783.0,10749.0,34.0,0.316308493813378,10783.0,34.0,0.316308493813378
116.23369250190444,returning,True,0.022555295,0.014709975,0.00784532,0.00784532,2.3,1.5,0.7999999999999999,0.7999999999999999,0.2618053283691406,3.4594726562500178,17233,35,3,4,10785.0,10749.0,36.0,0.3349148758024002,10785.0,36.0,0.33491487580240015
116.28297470184043,returning,True,0.022555295,0.014709975,0.00784532,0.00784532,2.3,1.5,0.7999999999999999,0.7999999999999999,0.2618053283691406,3.4594726562500178,17242,35,3,4,10781.0,10749.0,32.0,0.29770211182435574,10784.0,35.0,0.3256116848078891
116.33159974287264,returning,True,0.022555295,0.014709975,0.00784532,0.00784532,2.3,1.5,0.7999999999999999,0.7999999999999999,0.26184930419921876,3.415496826171871,17252,35,3,4,10783.0,10749.0,34.0,0.316308493813378,10783.0,34.0,0.316308493813378
116.39697766886093,returning,True,0.022555295,0.014709975,0.00784532,0.00784532,2.3,1.5,0.7999999999999999,0.7999999999999999,0.2620235290527344,3.2412719726562234,17263,35,3,4,10788.0,10749.0,39.0,0.36282444878593356,10788.0,39.0,0.36282444878593356
116.44809142989106,returning,True,0.022555295,0.014709975,0.00784532,0.00784532,2.3,1.5,0.7999999999999999,0.7999999999999999,0.2621197509765625,3.1450500488281463,17268,35,3,4,10781.0,10749.0,32.0,0.29770211182435574,10781.0,32.0,0.29770211182435574
116.49827099894173,returning,True,0.022555295,0.014709975,0.00784532,0.00784532,2.3,1.5,0.7999999999999999,0.7999999999999999,0.2622281799316406,3.036621093750025,17274,35,3,4,10790.0,10749.0,41.0,0.3814308307749558,10788.666666666666,39.666666666666664,0.3690265761156077
116.54901685891673,returning,True,0.022555295,0.014709975,0.00784532,0.00784532,2.3,1.5,0.7999999999999999,0.7999999999999999,0.2622281799316406,3.036621093750025,17280,35,3,4,10778.0,10749.0,29.0,0.2697925388408224,10782.0,33.0,0.30700530281886684
116.60037693986669,returning,True,0.022555295,0.014709975,0.00784532,0.00784532,2.3,1.5,0.7999999999999999,0.7999999999999999,0.26228472900390626,2.98007202148437,17285,35,3,4,10784.0,10749.0,35.0,0.3256116848078891,10782.0,33.0,0.30700530281886684
116.63421012484469,returning,True,0.022555295,0.014709975,0.00784532,0.00784532,2.3,1.5,0.7999999999999999,0.7999999999999999,0.26228472900390626,2.98007202148437,17290,35,3,4,10784.0,10749.0,35.0,0.3256116848078891,10784.0,35.0,0.3256116848078891
116.68214512383565,returning,True,0.022555295,0.014709975,0.00784532,0.00784532,2.3,1.5,0.7999999999999999,0.7999999999999999,0.2622993469238281,2.9654541015625147,17295,35,3,4,10786.0,10749.0,37.0,0.34421806679691136,10786.0,37.0,0.3442180667969114
116.73159801890142,returning,True,0.022555295,0.014709975,0.00784532,0.00784532,2.3,1.5,0.7999999999999999,0.7999999999999999,0.2622993469238281,2.9654541015625147,17303,35,3,4,10791.0,10749.0,42.0,0.3907340217694669,10789.0,40.0,0.37212763978044466
116.79904027702287,returning,True,0.022555295,0.014709975,0.00784532,0.00784532,2.3,1.5,0.7999999999999999,0.7999999999999999,0.2623080139160156,2.9567871093750253,17308,35,3,4,10789.0,10749.0,40.0,0.3721276397804447,10789.0,40.0,0.3721276397804447
116.84888307494111,returning,True,0.022555295,0.014709975,0.00784532,0.00784532,2.3,1.5,0.7999999999999999,0.7999999999999999,0.262327392578125,2.9374084472656437,17312,35,3,4,10792.0,10749.0,43.0,0.400037212763978,10791.0,42.0,0.39073402176946687
116.90034121996723,returning,True,0.022555295,0.014709975,0.00784532,0.00784532,2.3,1.5,0.7999999999999999,0.7999999999999999,0.262327392578125,2.9374084472656437,17320,35,3,4,10790.0,10749.0,41.0,0.3814308307749558,10786.666666666666,37.666666666666664,0.3504201941265854
116.94704378698952,returning,True,0.022555295,0.014709975,0.00784532,0.00784532,2.3,1.5,0.7999999999999999,0.7999999999999999,0.2623470764160156,2.9177246093750053,17324,35,3,4,10790.0,10749.0,41.0,0.3814308307749558,10790.0,41.0,0.3814308307749558
117.01621340285055,returning,True,0.022555295,0.014709975,0.00784532,0.00784532,2.3,1.5,0.7999999999999999,0.7999999999999999,0.262371826171875,2.8929748535156397,17331,35,3,4,10790.0,10749.0,41.0,0.3814308307749558,10790.0,41.0,0.3814308307749558
117.03235162887722,returning,True,0.022555295,0.014709975,0.00784532,0.00784532,2.3,1.5,0.7999999999999999,0.7999999999999999,0.262371826171875,2.8929748535156397,17336,35,3,4,10786.0,10749.0,37.0,0.34421806679691136,10786.0,37.0,0.3442180667969114
117.08147652097978,returning,True,0.022555295,0.014709975,0.00784532,0.00784532,2.3,1.5,0.7999999999999999,0.7999999999999999,0.26240570068359376,2.859100341796872,17344,35,3,4,10787.0,10749.0,38.0,0.35352125779142246,10787.666666666666,38.666666666666664,0.35972338512109653
117.13254572590813,returning,True,0.022555295,0.014709975,0.00784532,0.00784532,2.3,1.5,0.7999999999999999,0.7999999999999999,0.26240570068359376,2.859100341796872,17351,35,3,4,10788.0,10749.0,39.0,0.36282444878593356,10787.333333333334,38.333333333333336,0.35662232145625944
117.19894244684838,returning,True,0.022555295,0.014709975,0.00784532,0.00784532,2.3,1.5,0.7999999999999999,0.7999999999999999,0.26252499389648437,2.7398071289062575,17361,35,3,4,10790.0,10749.0,41.0,0.3814308307749558,10790.0,41.0,0.3814308307749558
117.25083458400331,returning,True,0.022555295,0.014709975,0.00784532,0.00784532,2.3,1.5,0.7999999999999999,0.7999999999999999,0.2626807556152344,2.5840454101562216,17365,35,3,4,10788.0,10749.0,39.0,0.36282444878593356,10788.666666666666,39.666666666666664,0.3690265761156077
117.29730851901695,returning,True,0.022555295,0.014709975,0.00784532,0.00784532,2.3,1.5,0.7999999999999999,0.7999999999999999,0.2626807556152344,2.5840454101562216,17371,35,3,4,10786.0,10749.0,37.0,0.34421806679691136,10786.0,37.0,0.3442180667969114
117.35042520496063,returning,True,0.022555295,0.014709975,0.00784532,0.00784532,2.3,1.5,0.7999999999999999,0.7999999999999999,0.26269390869140624,2.570892333984387,17378,35,3,4,10781.0,10749.0,32.0,0.29770211182435574,10785.0,36.0,0.33491487580240026
117.41386177390814,returning,True,0.022555295,0.014709975,0.00784532,0.00784532,2.3,1.5,0.7999999999999999,0.7999999999999999,0.26269390869140624,2.570892333984387,17383,35,3,4,10784.0,10749.0,35.0,0.3256116848078891,10783.0,34.0,0.316308493813378
117.43258377700113,returning,True,0.022555295,0.014709975,0.00784532,0.00784532,2.3,1.5,0.7999999999999999,0.7999999999999999,0.26270404052734375,2.5607604980468768,17390,35,3,4,10787.0,10749.0,38.0,0.35352125779142246,10787.0,38.0,0.35352125779142246
117.48161008697934,returning,True,0.022555295,0.014709975,0.00784532,0.00784532,2.3,1.5,0.7999999999999999,0.7999999999999999,0.26270404052734375,2.5607604980468768,17396,35,3,4,10779.0,10749.0,30.0,0.27909572983533354,10779.0,30.0,0.27909572983533354
117.53201729501598,returning,True,0.022555295,0.014709975,0.00784532,0.00784532,2.3,1.5,0.7999999999999999,0.7999999999999999,0.2627286987304688,2.5361022949218492,17402,35,3,4,10795.0,10749.0,46.0,0.4279467857475114,10791.0,42.0,0.390734021769467
117.5973033499904,returning,True,0.022555295,0.014709975,0.00784532,0.00784532,2.3,1.5,0.7999999999999999,0.7999999999999999,0.262902587890625,2.362213134765645,17409,35,3,4,10785.0,10749.0,36.0,0.3349148758024002,10785.0,36.0,0.33491487580240015
117.64892237004824,returning,True,0.022555295,0.014709975,0.00784532,0.00784532,2.3,1.5,0.7999999999999999,0.7999999999999999,0.262902587890625,2.362213134765645,17413,35,3,4,10786.0,10749.0,37.0,0.34421806679691136,10785.666666666666,36.666666666666664,0.34111700313207427
117.69703176897019,returning,True,0.022555295,0.014709975,0.00784532,0.00784532,2.3,1.5,0.7999999999999999,0.7999999999999999,0.2629428405761719,2.3219604492187296,17419,35,3,4,10789.0,10749.0,40.0,0.3721276397804447,10789.0,40.0,0.3721276397804447
117.75358022004366,returning,True,0.022555295,0.014709975,0.00784532,0.00784532,2.3,1.5,0.7999999999999999,0.7999999999999999,0.2629875183105469,2.2772827148437313,17427,35,3,4,10786.0,10749.0,37.0,0.34421806679691136,10784.333333333334,35.333333333333336,0.3287127484727262
117.81576156592928,returning,True,0.022555295,0.014709975,0.00784532,0.00784532,2.3,1.5,0.7999999999999999,0.7999999999999999,0.2629875183105469,2.2772827148437313,17432,35,3,4,10785.0,10749.0,36.0,0.3349148758024002,10785.333333333334,36.333333333333336,0.3380159394672373
117.83157938695513,returning,True,0.022555295,0.014709975,0.00784532,0.00784532,2.3,1.5,0.7999999999999999,0.7999999999999999,0.2631173400878906,2.147460937500012,17438,35,3,4,10784.0,10749.0,35.0,0.3256116848078891,10784.0,35.0,0.3256116848078891
117.88314805482514,returning,True,0.022555295,0.014709975,0.00784532,0.00784532,2.3,1.5,0.7999999999999999,0.7999999999999999,0.2631173400878906,2.147460937500012,17443,35,3,4,10787.0,10749.0,38.0,0.35352125779142246,10787.0,38.0,0.35352125779142246
117.93249926785938,returning,True,0.022555295,0.014709975,0.00784532,0.00784532,2.3,1.5,0.7999999999999999,0.7999999999999999,0.2632548828125,2.009918212890649,17450,35,3,4,10783.0,10749.0,34.0,0.316308493813378,10783.666666666666,34.666666666666664,0.32251062114305207
117.99683386599645,returning,True,0.022555295,0.014709975,0.00784532,0.00784532,2.3,1.5,0.7999999999999999,0.7999999999999999,0.2632548828125,2.009918212890649,17456,35,3,4,10786.0,10749.0,37.0,0.34421806679691136,10785.0,36.0,0.33491487580240026
118.04837129102089,returning,True,0.022555295,0.014709975,0.00784532,0.00784532,2.3,1.5,0.7999999999999999,0.7999999999999999,0.2633000183105469,1.964782714843738,17461,35,3,4,10786.0,10749.0,37.0,0.34421806679691136,10786.0,37.0,0.3442180667969114
118.09701149887405,returning,True,0.022555295,0.014709975,0.00784532,0.00784532,2.3,1.5,0.7999999999999999,0.7999999999999999,0.2633343505859375,1.930450439453113,17466,35,3,4,10787.0,10749.0,38.0,0.35352125779142246,10787.0,38.0,0.35352125779142246
118.1491555729881,returning,True,0.022555295,0.014709975,0.00784532,0.00784532,2.3,1.5,0.7999999999999999,0.7999999999999999,0.2633343505859375,1.930450439453113,17471,35,3,4,10791.0,10749.0,42.0,0.3907340217694669,10791.0,42.0,0.390734021769467
118.21625416283496,returning,True,0.022555295,0.014709975,0.00784532,0.00784532,2.3,1.5,0.7999999999999999,0.7999999999999999,0.26339337158203124,1.8714294433593848,17477,35,3,4,10779.0,10749.0,30.0,0.27909572983533354,10779.0,30.0,0.27909572983533354
118.2346412979532,returning,True,0.022555295,0.014709975,0.00784532,0.00784532,2.3,1.5,0.7999999999999999,0.7999999999999999,0.26339337158203124,1.8714294433593848,17484,35,3,4,10782.0,10749.0,33.0,0.3070053028188669,10782.0,33.0,0.3070053028188669
118.28197144903243,returning,True,0.022555295,0.014709975,0.00784532,0.00784532,2.3,1.5,0.7999999999999999,0.7999999999999999,0.2634906311035156,1.7741699218750129,17492,35,3,4,10776.0,10749.0,27.0,0.2511861568518002,10776.0,27.0,0.2511861568518002
118.33199961390346,returning,True,0.022555295,0.014709975,0.00784532,0.00784532,2.3,1.5,0.7999999999999999,0.7999999999999999,0.2635515747070313,1.713226318359351,17500,35,3,4,10786.0,10749.0,37.0,0.34421806679691136,10791.333333333334,42.333333333333336,0.39383508543430396
118.40106037002988,returning,True,0.022555295,0.014709975,0.00784532,0.00784532,2.3,1.5,0.7999999999999999,0.7999999999999999,0.26355517578125,1.7096252441406445,17509,35,3,4,10790.0,10749.0,41.0,0.3814308307749558,10790.0,41.0,0.3814308307749558
118.43238528701477,returning,True,0.022555295,0.014709975,0.00784532,0.00784532,2.3,1.5,0.7999999999999999,0.7999999999999999,0.26356427001953125,1.7005310058593737,17516,35,3,4,10785.0,10749.0,36.0,0.3349148758024002,10785.0,36.0,0.33491487580240015
118.48207897203974,returning,True,0.022555295,0.014709975,0.00784532,0.00784532,2.3,1.5,0.7999999999999999,0.7999999999999999,0.26356427001953125,1.7005310058593737,17525,35,3,4,10790.0,10749.0,41.0,0.3814308307749558,10790.0,41.0,0.3814308307749558
118.53305953904055,returning,True,0.022555295,0.014709975,0.00784532,0.00784532,2.3,1.5,0.7999999999999999,0.7999999999999999,0.26357452392578123,1.690277099609394,17535,35,3,4,10796.0,10749.0,47.0,0.43724997674202254,10796.0,47.0,0.43724997674202254
118.59738284000196,returning,True,0.022555295,0.014709975,0.00784532,0.00784532,2.3,1.5,0.7999999999999999,0.7999999999999999,0.2635891723632813,1.675628662109352,17545,35,3,4,10786.0,10749.0,37.0,0.34421806679691136,10787.666666666666,38.666666666666664,0.3597233851210966
118.63251043483615,returning,True,0.022555295,0.014709975,0.00784532,0.00784532,2.3,1.5,0.7999999999999999,0.7999999999999999,0.2635891723632813,1.675628662109352,17553,35,3,4,10789.0,10749.0,40.0,0.3721276397804447,10789.0,40.0,0.3721276397804447
118.68180475803092,returning,True,0.022555295,0.014709975,0.00784532,0.00784532,2.3,1.5,0.7999999999999999,0.7999999999999999,0.26359356689453123,1.6712341308594003,17563,35,3,4,10788.0,10749.0,39.0,0.36282444878593356,10788.0,39.0,0.36282444878593356
118.73211252782494,returning,True,0.022555295,0.014709975,0.00784532,0.00784532,2.3,1.5,0.7999999999999999,0.7999999999999999,0.263594970703125,1.6698303222656419,17572,35,3,4,10784.0,10749.0,35.0,0.3256116848078891,10784.0,35.0,0.3256116848078891
118.78248146083206,returning,True,0.022555295,0.014709975,0.00784532,0.00784532,2.3,1.5,0.7999999999999999,0.7999999999999999,0.26359463500976565,1.6701660156249742,17583,35,3,4,10787.0,10749.0,38.0,0.35352125779142246,10786.333333333334,37.333333333333336,0.3473191304617484
118.83236918994226,returning,True,0.02157463,0.014709975,0.006864655000000001,0.006864655000000001,2.2,1.5,0.7000000000000001,0.7000000000000001,0.26360040283203123,1.6643981933593954,17587,35,3,4,10787.0,10749.0,38.0,0.35352125779142246,10787.0,38.0,0.35352125779142246
118.88271865900606,returning,True,0.02157463,0.014709975,0.006864655000000001,0.006864655000000001,2.2,1.5,0.7000000000000001,0.7000000000000001,0.26360040283203123,1.6643981933593954,17597,35,3,4,10791.0,10749.0,42.0,0.3907340217694669,10791.0,42.0,0.390734021769467
118.93231024686247,returning,True,0.02157463,0.014709975,0.006864655000000001,0.006864655000000001,2.2,1.5,0.7000000000000001,0.7000000000000001,0.2636008911132813,1.6639099121093515,17602,35,3,4,10779.0,10749.0,30.0,0.27909572983533354,10779.0,30.0,0.27909572983533354
118.99809123692103,returning,True,0.02157463,0.014709975,0.006864655000000001,0.006864655000000001,2.2,1.5,0.7000000000000001,0.7000000000000001,0.26360498046875,1.659820556640601,17610,35,3,4,10779.0,10749.0,30.0,0.27909572983533354,10779.0,30.0,0.27909572983533354
119.04931235592812,returning,True,0.02157463,0.014709975,0.006864655000000001,0.006864655000000001,2.2,1.5,0.7000000000000001,0.7000000000000001,0.26360498046875,1.659820556640601,17614,35,3,4,10787.0,10749.0,38.0,0.35352125779142246,10787.0,38.0,0.35352125779142246
119.09946837904863,returning,True,0.02157463,0.014709975,0.006864655000000001,0.006864655000000001,2.2,1.5,0.7000000000000001,0.7000000000000001,0.2636042785644531,1.660522460937508,17622,35,3,4,10783.0,10749.0,34.0,0.316308493813378,10783.0,34.0,0.316308493813378
119.14738197391853,returning,True,0.02157463,0.014709975,0.006864655000000001,0.006864655000000001,2.2,1.5,0.7000000000000001,0.7000000000000001,0.26361663818359377,1.648162841796863,17627,35,3,4,10786.0,10749.0,37.0,0.34421806679691136,10786.0,37.0,0.3442180667969114
119.21403254684992,returning,True,0.02157463,0.014709975,0.006864655000000001,0.006864655000000001,2.2,1.5,0.7000000000000001,0.7000000000000001,0.26361663818359377,1.648162841796863,17634,35,3,4,10789.0,10749.0,40.0,0.3721276397804447,10789.0,40.0,0.3721276397804447
119.24810498091392,returning,True,0.02157463,0.014709975,0.006864655000000001,0.006864655000000001,2.2,1.5,0.7000000000000001,0.7000000000000001,0.2637968139648438,1.4679870605468492,17639,35,3,4,10786.0,10749.0,37.0,0.34421806679691136,10786.333333333334,37.333333333333336,0.3473191304617484
119.28204423794523,returning,True,0.02157463,0.014709975,0.006864655000000001,0.006864655000000001,2.2,1.5,0.7000000000000001,0.7000000000000001,0.2637968139648438,1.4679870605468492,17645,35,3,4,10782.0,10749.0,33.0,0.3070053028188669,10782.0,33.0,0.3070053028188669
119.33358065085486,returning,True,0.02157463,0.014709975,0.006864655000000001,0.006864655000000001,2.2,1.5,0.7000000000000001,0.7000000000000001,0.26391311645507814,1.3516845703124836,17651,35,3,4,10787.0,10749.0,38.0,0.35352125779142246,10787.0,38.0,0.35352125779142246
119.39880235493183,returning,True,0.02157463,0.014709975,0.006864655000000001,0.006864655000000001,2.2,1.5,0.7000000000000001,0.7000000000000001,0.2640504760742188,1.2143249511718524,17658,35,3,4,10780.0,10749.0,31.0,0.28839892082984464,10780.0,31.0,0.28839892082984464
119.4321983968839,returning,True,0.02157463,0.014709975,0.006864655000000001,0.006864655000000001,2.2,1.5,0.7000000000000001,0.7000000000000001,0.2640504760742188,1.2143249511718524,17665,35,3,4,10784.0,10749.0,35.0,0.3256116848078891,10784.0,35.0,0.3256116848078891
119.48177525796928,returning,True,0.02157463,0.014709975,0.006864655000000001,0.006864655000000001,2.2,1.5,0.7000000000000001,0.7000000000000001,0.26411831665039065,1.1464843749999787,17675,35,3,4,10786.0,10749.0,37.0,0.34421806679691136,10786.0,37.0,0.3442180667969114
119.5323832668364,returning,True,0.02157463,0.014709975,0.006864655000000001,0.006864655000000001,2.2,1.5,0.7000000000000001,0.7000000000000001,0.26418121337890627,1.083587646484363,17685,35,3,4,10789.0,10749.0,40.0,0.3721276397804447,10789.0,40.0,0.3721276397804447
119.60035687405616,returning,True,0.02157463,0.014709975,0.006864655000000001,0.006864655000000001,2.2,1.5,0.7000000000000001,0.7000000000000001,0.26426885986328125,0.9959411621093817,17694,35,3,4,10788.0,10749.0,39.0,0.36282444878593356,10788.0,39.0,0.36282444878593356
119.64699864201248,returning,True,0.02157463,0.014709975,0.006864655000000001,0.006864655000000001,2.2,1.5,0.7000000000000001,0.7000000000000001,0.2644376831054688,0.8271179199218492,17699,35,3,4,10781.0,10749.0,32.0,0.29770211182435574,10781.0,32.0,0.29770211182435574
119.69845584686846,returning,True,0.02157463,0.014709975,0.006864655000000001,0.006864655000000001,2.2,1.5,0.7000000000000001,0.7000000000000001,0.2644376831054688,0.8271179199218492,17707,35,3,4,10782.0,10749.0,33.0,0.3070053028188669,10784.333333333334,35.333333333333336,0.32871274847272614
119.74704100796953,returning,True,0.02157463,0.014709975,0.006864655000000001,0.006864655000000001,2.2,1.5,0.7000000000000001,0.7000000000000001,0.26450778198242186,0.7570190429687651,17712,35,3,4,10783.0,10749.0,34.0,0.316308493813378,10783.0,34.0,0.316308493813378
119.81522591784596,returning,True,0.02157463,0.014709975,0.006864655000000001,0.006864655000000001,2.2,1.5,0.7000000000000001,0.7000000000000001,0.2645153198242188,0.7494812011718532,17719,35,3,4,10784.0,10749.0,35.0,0.3256116848078891,10784.0,35.0,0.3256116848078891
119.83283401094377,returning,True,0.02157463,0.014709975,0.006864655000000001,0.006864655000000001,2.2,1.5,0.7000000000000001,0.7000000000000001,0.2645153198242188,0.7494812011718532,17723,35,3,4,10789.0,10749.0,40.0,0.3721276397804447,10789.0,40.0,0.3721276397804447
119.88240566989407,returning,True,0.02157463,0.014709975,0.006864655000000001,0.006864655000000001,2.2,1.5,0.7000000000000001,0.7000000000000001,0.2645181884765625,0.7466125488281294,17729,35,3,4,10785.0,10749.0,36.0,0.3349148758024002,10783.666666666666,34.666666666666664,0.32251062114305207
119.93181352200918,returning,True,0.02157463,0.014709975,0.006864655000000001,0.006864655000000001,2.2,1.5,0.7000000000000001,0.7000000000000001,0.2645181884765625,0.7466125488281294,17736,35,3,4,10790.0,10749.0,41.0,0.3814308307749558,10790.0,41.0,0.3814308307749558
120.00130849285051,returning,True,0.02157463,0.014709975,0.006864655000000001,0.006864655000000001,2.2,1.5,0.7000000000000001,0.7000000000000001,0.2645284423828125,0.7363586425781499,17745,35,3,4,10785.0,10749.0,36.0,0.3349148758024002,10785.0,36.0,0.33491487580240015
120.04672291688621,returning,True,0.02157463,0.014709975,0.006864655000000001,0.006864655000000001,2.2,1.5,0.7000000000000001,0.7000000000000001,0.2645284423828125,0.7363586425781499,17750,35,3,4,10784.0,10749.0,35.0,0.3256116848078891,10784.0,35.0,0.3256116848078891
120.09913513995707,returning,True,0.02157463,0.014709975,0.006864655000000001,0.006864655000000001,2.2,1.5,0.7000000000000001,0.7000000000000001,0.26454800415039065,0.7167968749999809,17758,35,3,4,10788.0,10749.0,39.0,0.36282444878593356,10788.0,39.0,0.36282444878593356
120.14781824895181,returning,True,0.02157463,0.014709975,0.006864655000000001,0.006864655000000001,2.2,1.5,0.7000000000000001,0.7000000000000001,0.2645699462890625,0.6948547363281321,17762,35,3,4,10786.0,10749.0,37.0,0.34421806679691136,10786.666666666666,37.666666666666664,0.3504201941265854
120.21822799392976,returning,True,0.02157463,0.014709975,0.006864655000000001,0.006864655000000001,2.2,1.5,0.7000000000000001,0.7000000000000001,0.2645699462890625,0.6948547363281321,17767,35,3,4,10784.0,10749.0,35.0,0.3256116848078891,10784.0,35.0,0.3256116848078891
120.23528017103672,returning,True,0.02157463,0.014709975,0.006864655000000001,0.006864655000000001,2.2,1.5,0.7000000000000001,0.7000000000000001,0.26462017822265627,0.6446228027343626,17771,35,3,4,10788.0,10749.0,39.0,0.36282444878593356,10786.666666666666,37.666666666666664,0.3504201941265854
120.28265957487747,returning,True,0.02157463,0.014709975,0.006864655000000001,0.006864655000000001,2.2,1.5,0.7000000000000001,0.7000000000000001,0.26462017822265627,0.6446228027343626,17780,35,3,4,10782.0,10749.0,33.0,0.3070053028188669,10783.0,34.0,0.316308493813378
120.33219862682745,returning,True,0.02157463,0.014709975,0.006864655000000001,0.006864655000000001,2.2,1.5,0.7000000000000001,0.7000000000000001,0.26466998291015625,0.5948181152343746,17791,35,3,4,10786.0,10749.0,37.0,0.34421806679691136,10786.0,37.0,0.3442180667969114
120.39897373295389,returning,True,0.02157463,0.014709975,0.006864655000000001,0.006864655000000001,2.2,1.5,0.7000000000000001,0.7000000000000001,0.26472711181640624,0.5376892089843932,17800,35,3,4,10787.0,10749.0,38.0,0.35352125779142246,10787.0,38.0,0.35352125779142246
120.44684783392586,returning,True,0.02157463,0.014709975,0.006864655000000001,0.006864655000000001,2.2,1.5,0.7000000000000001,0.7000000000000001,0.26484078979492187,0.4240112304687571,17805,35,3,4,10786.0,10749.0,37.0,0.34421806679691136,10786.0,37.0,0.3442180667969114
120.5000381169375,returning,True,0.02157463,0.014709975,0.006864655000000001,0.006864655000000001,2.2,1.5,0.7000000000000001,0.7000000000000001,0.26484078979492187,0.4240112304687571,17814,35,3,4,10786.0,10749.0,37.0,0.34421806679691136,10787.0,38.0,0.35352125779142246
120.5509140950162,returning,True,0.02157463,0.014709975,0.006864655000000001,0.006864655000000001,2.2,1.5,0.7000000000000001,0.7000000000000001,0.2648634338378906,0.40136718750000133,17818,35,3,4,10785.0,10749.0,36.0,0.3349148758024002,10785.666666666666,36.666666666666664,0.34111700313207427
120.59730316884816,returning,True,0.02157463,0.014709975,0.006864655000000001,0.006864655000000001,2.2,1.5,0.7000000000000001,0.7000000000000001,0.26487466430664064,0.39013671874998934,17825,35,3,4,10784.0,10749.0,35.0,0.3256116848078891,10784.0,35.0,0.3256116848078891
120.63453349098563,returning,True,0.02157463,0.014709975,0.006864655000000001,0.006864655000000001,2.2,1.5,0.7000000000000001,0.7000000000000001,0.26487466430664064,0.39013671874998934,17833,35,3,4,10783.0,10749.0,34.0,0.316308493813378,10783.0,34.0,0.316308493813378
120.68248104304075,returning,True,0.02157463,0.014709975,0.006864655000000001,0.006864655000000001,2.2,1.5,0.7000000000000001,0.7000000000000001,0.26491412353515625,0.35067749023437456,17843,35,3,4,10788.0,10749.0,39.0,0.36282444878593356,10785.666666666666,36.666666666666664,0.34111700313207427
120.73164498386905,returning,True,0.02157463,0.014709975,0.006864655000000001,0.006864655000000001,2.2,1.5,0.7000000000000001,0.7000000000000001,0.2650450744628906,0.2197265625000222,17853,35,3,4,10778.0,10749.0,29.0,0.2697925388408224,10778.0,29.0,0.2697925388408224
120.78217799100094,returning,True,0.02157463,0.014709975,0.006864655000000001,0.006864655000000001,2.2,1.5,0.7000000000000001,0.7000000000000001,0.2650907897949219,0.17401123046872913,17863,35,3,4,10781.0,10749.0,32.0,0.29770211182435574,10781.0,32.0,0.29770211182435574
120.83246022905223,returning,True,0.02157463,0.014709975,0.006864655000000001,0.006864655000000001,2.2,1.5,0.7000000000000001,0.7000000000000001,0.2651334533691406,0.13134765625000266,17870,35,3,4,10782.0,10749.0,33.0,0.3070053028188669,10782.0,33.0,0.3070053028188669
120.88228692184202,returning,True,0.02157463,0.014709975,0.006864655000000001,0.006864655000000001,2.2,1.5,0.7000000000000001,0.7000000000000001,0.2651334533691406,0.13134765625000266,17876,35,3,4,10782.0,10749.0,33.0,0.3070053028188669,10782.0,33.0,0.3070053028188669
120.93250146997161,returning,True,0.02157463,0.014709975,0.006864655000000001,0.006864655000000001,2.2,1.5,0.7000000000000001,0.7000000000000001,0.26521905517578126,0.04574584960936878,17882,35,3,4,10778.0,10749.0,29.0,0.2697925388408224,10780.333333333334,31.333333333333332,0.2914999844946817
120.99777751904912,returning,True,0.02157463,0.014709975,0.006864655000000001,0.006864655000000001,2.2,1.5,0.7000000000000001,0.7000000000000001,0.26530688476562503,0.0,17888,35,3,4,10783.0,10749.0,34.0,0.316308493813378,10783.0,34.0,0.316308493813378
121.03223026287742,returning,True,0.02157463,0.014709975,0.006864655000000001,0.006864655000000001,2.2,1.5,0.7000000000000001,0.7000000000000001,0.26530688476562503,0.0,17895,35,3,4,10788.0,10749.0,39.0,0.36282444878593356,10788.0,39.0,0.36282444878593356
121.0819185548462,returning,True,0.02157463,0.014709975,0.006864655000000001,0.006864655000000001,2.2,1.5,0.7000000000000001,0.7000000000000001,0.2653558044433594,0.0,17904,35,3,4,10790.0,10749.0,41.0,0.3814308307749558,10786.666666666666,37.666666666666664,0.3504201941265854
121.13236962794326,returning,True,0.02157463,0.014709975,0.006864655000000001,0.006864655000000001,2.2,1.5,0.7000000000000001,0.7000000000000001,0.26538653564453124,0.0,17912,35,3,4,10787.0,10749.0,38.0,0.35352125779142246,10788.0,39.0,0.36282444878593356
121.19765450293198,returning,True,0.02157463,0.014709975,0.006864655000000001,0.006864655000000001,2.2,1.5,0.7000000000000001,0.7000000000000001,0.2654063110351563,0.0,17920,35,3,4,10783.0,10749.0,34.0,0.316308493813378,10784.333333333334,35.333333333333336,0.32871274847272614
121.24893239303492,returning,True,0.02157463,0.014709975,0.006864655000000001,0.006864655000000001,2.2,1.5,0.7000000000000001,0.7000000000000001,0.2654063110351563,0.0,17925,35,3,4,10786.0,10749.0,37.0,0.34421806679691136,10785.0,36.0,0.33491487580240026
121.30052531091496,returning,True,0.02157463,0.014709975,0.006864655000000001,0.006864655000000001,2.2,1.5,0.7000000000000001,0.7000000000000001,0.26541766357421875,0.0,17931,35,3,4,10777.0,10749.0,28.0,0.2604893478463113,10777.0,28.0,0.2604893478463113
121.3495275748428,returning,True,0.02157463,0.014709975,0.006864655000000001,0.006864655000000001,2.2,1.5,0.7000000000000001,0.7000000000000001,0.26541766357421875,0.0,17937,35,3,4,10784.0,10749.0,35.0,0.3256116848078891,10784.0,35.0,0.3256116848078891
121.41548199998215,returning,True,0.02157463,0.014709975,0.006864655000000001,0.006864655000000001,2.2,1.5,0.7000000000000001,0.7000000000000001,0.26541766357421875,0.0,17945,35,3,4,10789.0,10749.0,40.0,0.3721276397804447,10789.0,40.0,0.3721276397804447
121.44693524902686,returning,True,0.02157463,0.014709975,0.006864655000000001,0.006864655000000001,2.2,1.5,0.7000000000000001,0.7000000000000001,0.26541766357421875,0.0,17949,35,3,4,10788.0,10749.0,39.0,0.36282444878593356,10788.333333333334,39.333333333333336,0.3659255124507706
121.48231312190183,returning,True,0.02157463,0.014709975,0.006864655000000001,0.006864655000000001,2.2,1.5,0.7000000000000001,0.7000000000000001,0.26541766357421875,0.0,17959,35,3,4,10784.0,10749.0,35.0,0.3256116848078891,10784.0,35.0,0.3256116848078891
121.53250218904577,returning,True,0.02157463,0.014709975,0.006864655000000001,0.006864655000000001,2.2,1.5,0.7000000000000001,0.7000000000000001,0.26542169189453124,0.0,17968,35,3,4,10787.0,10749.0,38.0,0.35352125779142246,10785.666666666666,36.666666666666664,0.34111700313207427
121.60193037288263,returning,True,0.02157463,0.014709975,0.006864655000000001,0.006864655000000001,2.2,1.5,0.7000000000000001,0.7000000000000001,0.26542169189453124,0.0,17977,35,3,4,10787.0,10749.0,38.0,0.35352125779142246,10787.0,38.0,0.35352125779142246
121.63231815886684,returning,True,0.02157463,0.014709975,0.006864655000000001,0.006864655000000001,2.2,1.5,0.7000000000000001,0.7000000000000001,0.26542169189453124,0.0,17984,35,3,4,10783.0,10749.0,34.0,0.316308493813378,10783.0,34.0,0.316308493813378
121.68167971004732,returning,True,0.02157463,0.014709975,0.006864655000000001,0.006864655000000001,2.2,1.5,0.7000000000000001,0.7000000000000001,0.26542169189453124,0.0,17993,35,3,4,10784.0,10749.0,35.0,0.3256116848078891,10784.0,35.0,0.3256116848078891
121.7316699498333,returning,True,0.02157463,0.014709975,0.006864655000000001,0.006864655000000001,2.2,1.5,0.7000000000000001,0.7000000000000001,0.26542535400390627,0.0,18003,35,3,4,10791.0,10749.0,42.0,0.3907340217694669,10791.0,42.0,0.390734021769467
