-0.03678724708767627 -0.03037120359955007 -0.012481561329853626 -0.08444187391555813 -0.06133522057088936 -0.08502598016060464 -0.06364749082007341 -0.047312871527356554 -0.05120327700972861 -0.06635333149018523 -0.06573126027050943 -0.05500550055005501 -0.039309112567004166 -0.09523809523809525 -0.024099441907661084 -0.04799409303470343 0.024872365492865554 -0.048618219037871044 0.076215505913272 -0.05248618784530386 0.02675500063702383 -0.09969230769230769 -0.02161123784367871 -0.10269882971101027 -0.0025803122177783513 -0.14003819223424568 0.017310252996005325 -0.16165987780040736 -0.024077046548956663 -0.17718236819360417 0.09248554913294796 -0.15081344258401613 -0.045146726862302484 -0.21294718909710392 -0.012496875781054736 -0.19997368767267465 0.008251959840462111 -0.14147824937194234 -0.05616438356164384 -0.1332187365706919 -0.1708542713567839 -0.17018846373500857 -0.12233121754183499 -0.08762322015334062 -0.10856155933876141 -0.12521913348359628 -0.07617817947062622 -0.11582509109838626 -0.0424684804246848 -0.07341065922771986 -0.23859823536721758 -0.19495680597711884 -0.3496027241770715 -0.17138776481790047 -0.24461482292807593 -0.16234973354814725 -0.19949494949494948 -0.0884061631725183 -0.14850206611570246 -0.15939015939015938 -0.21568863718520306 -0.30697674418604654 -0.5567251461988304 -0.41546589817483187 -0.2575477510782502 -0.20415693026687984 -0.10322099241387886 0.0483271375464684 -0.016624040920716114 -0.05673955161915306 -0.3028366981855354 -0.4660217083529967 -1.1352628470171293 -0.6068439192516002 -0.33157959133733017 -0.18460043721156183 -0.16432217104444166 -0.09126140767595949 -0.11664482306684143 -0.1685156579132144 -0.15632816408204103 -0.2492106450157871 -0.21662697062492908 -0.2800917541953399 -0.18261074458058438 -0.25119617224880386 -0.18365586096388514 -0.2197938656401341 -0.1318900087097175 -0.22470433639947437
-0.030656039239730225 -0.01687289088863892 1.0408340855860842e-18 -0.08328513591671485 -0.057796650153338056 -0.07439773264052907 -0.0416156670746634 -0.04124711876743904 -0.030721966205837163 -0.04976499861763893 -0.07331563645556821 -0.050116122723383436 -0.04288266825491364 -0.08913308913308912 -0.029173008625063418 -0.043071621954221026 0.03927215604136667 -0.035823950870010245 0.08804204993429697 -0.02762430939226518 0.02165881003949548 -0.10584615384615385 -0.007203745947892903 -0.11225220921901122 -0.0025803122177783513 -0.1464035646085296 0.01997336884154461 -0.1527494908350306 -0.005350454788657037 -0.15701526937481994 0.09120102761721258 -0.12943830898943115 -0.046334798621836745 -0.19469457288878073 -0.022494376405898527 -0.1710301276147875 0.011002613120616145 -0.10974481026047864 -0.04520547945205479 -0.09740724824523708 -0.17839195979899497 -0.16561964591661907 -0.12233121754183496 -0.09857612267250822 -0.12089810017271159 -0.12021036814425241 -0.07488702388637831 -0.10020822488287348 -0.04379562043795619 -0.06019674056673028 -0.22989934136945447 -0.18911977585804343 -0.3461975028376844 -0.16424660795048798 -0.23487890957770477 -0.15367455694633783 -0.1830808080808081 -0.07325082091437231 -0.1265495867768595 -0.13305613305613304 -0.21207374382455718 -0.3255813953488372 -0.5801169590643275 -0.4334774255523535 -0.2587800369685767 -0.20169720821547163 -0.08954110185300333 0.054522924411400255 -0.0025575447570332483 -0.0442845280929975 -0.3232813697929977 -0.5344502123643229 -1.4176018901358536 -0.6806991629739044 -0.35727395081365465 -0.18824386689336894 -0.16556703597659653 -0.09751218902362795 -0.12188728702490173 -0.15728128071900016 -0.15882941470735368 -0.24808299503834014 -0.22116366110922084 -0.2812990462392853 -0.17789820923656927 -0.2356459330143541 -0.16886478491310242 -0.1912330808394387 -0.10949359213636926 -0.19053876478318002
-0.03310852237890864 -0.00674915635545557 0.013616248723476682 -0.08097165991902834 -0.05307855626326964 -0.064950401511573 -0.03671970624235006 -0.03275506490355453 -0.014080901177675367 -0.03041194359966822 -0.08848438882568575 -0.04644908935337978 -0.05122096486003573 -0.0818070818070818 -0.04058853373921867 -0.041841004184100423 0.03141772483309334 -0.031985670419652 0.07227332457293036 -0.012430939226519335 0.015288571792585044 -0.09723076923076925 -0.003601872973946453 -0.10866969190351086 -0.005160624435556703 -0.13621896880967535 0.027962716378162455 -0.12983706720977597 0.0 -0.13396715643906656 0.07707129094412332 -0.11993824961406008 -0.04514672686230248 -0.1837430031637868 -0.02999250187453137 -0.15129588212077358 0.005501306560308073 -0.09255586407510247 -0.042465753424657526 -0.0773528147829824 -0.18467336683417085 -0.15876641918903484 -0.12463935372186959 -0.09614214433491541 -0.1283000246730817 -0.11269722013523667 -0.08134280180761783 -0.08849557522123894 -0.0557398805573988 -0.04404639553663193 -0.2286566422269169 -0.19378939995330374 -0.3677639046538025 -0.16186622232801715 -0.2360958987465011 -0.14995662411699096 -0.1755050505050505 -0.0694619853498358 -0.12267561983471073 -0.12196812196812194 -0.21568863718520306 -0.3395348837209302 -0.6222222222222223 -0.43707973102785774 -0.26863832409118915 -0.18324929282991023 -0.09575923392612859 0.06815365551425032 -0.006393861892583119 -0.027677830058123437 -0.350115001277792 -0.6394525719679095 -1.867690490253987 -0.7545544066962087 -0.3817447693625351 -0.19067282001457372 -0.18175028009460972 -0.10001250156269532 -0.14941022280471822 -0.14604690352478586 -0.16508254127063532 -0.26499774470004517 -0.24271294090960643 -0.2982011348545213 -0.18378887841658814 -0.2380382775119617 -0.16023665721681252 -0.18502421457841797 -0.10078387458006717 -0.18134034165571616
-0.02329858982219497 0.006749156355455569 0.004538749574492228 -0.07750144592249855 -0.04836046237320123 -0.04251299008030231 -0.03427172582619339 -0.010918354967851507 -0.006400409626216075 -0.0027647221454243863 -0.08342813803564657 -0.04644908935337978 -0.0821917808219178 -0.07203907203907203 -0.05200405885337391 -0.035687915333497425 0.026181437360911115 -0.02302968270214944 0.06307490144546649 0.0055248618784530384 0.012740476493820868 -0.10338461538461541 -0.007203745947892906 -0.10986386434201098 -0.006450780544445878 -0.12858052196053468 0.025299600532623173 -0.12219959266802442 0.005350454788657036 -0.11380005762028236 0.08349389852280026 -0.11518821992637454 -0.039206368064631104 -0.1837430031637868 -0.026243439140214948 -0.13682410209183 0.00962728648053913 -0.07404469126008198 -0.03150684931506849 -0.06446067898581867 -0.19095477386934673 -0.1633352370074243 -0.14310444316214657 -0.10222709017889742 -0.14310387367382185 -0.10518407212622087 -0.10071013557133635 -0.07678292555960438 -0.0703384207033842 -0.03230069006019674 -0.22741394308437926 -0.21130049031053 -0.3723041997729853 -0.17971911449654848 -0.23487890957770477 -0.1561531788325691 -0.17297979797979798 -0.06441020459712049 -0.11751033057851241 -0.11226611226611227 -0.21689360163875165 -0.3720930232558139 -0.6947368421052632 -0.4658981748318924 -0.2760320394331485 -0.17955970975279795 -0.09949011317000374 0.08178438661710037 -0.007672634271099746 -0.006919457514530861 -0.3475594173268592 -0.804624823029731 -2.411104548139398 -0.8382570162481535 -0.39030955585464333 -0.20038863249939273 -0.19544379434831322 -0.09876234529316165 -0.1559633027522936 -0.14464260637550905 -0.163831915957979 -0.2830401443391971 -0.27900646478394014 -0.3223469757334299 -0.19203581526861455 -0.23803827751196174 -0.15407370886231972 -0.17633180181298896 -0.09829538384969515 -0.16031537450722733
-0.020846106683016553 0.014623172103487065 -0.01134687393623057 -0.07403123192596876 -0.04600141542816702 -0.016532829475673118 -0.033047735618115054 0.012131505519835013 -0.001280081925243208 0.0179706939452585 -0.08216407533813677 -0.04767143381004767 -0.098868374032162 -0.07081807081807082 -0.05200405885337391 -0.02584297317253262 0.028799581097002223 -0.0012794268167860793 0.06701708278580815 0.02762430939226519 0.010192381195056695 -0.10953846153846154 -0.007203745947892906 -0.1110580367805111 -0.005160624435556703 -0.12348822406110757 0.01597869507323569 -0.11456211812627289 0.0053504547886570365 -0.08931143762604435 0.09248554913294797 -0.11043819023868899 -0.03088986574789117 -0.1837430031637868 -0.014996250937265681 -0.12235232206288646 0.020629899601155275 -0.05553351844506148 -0.01917808219178082 -0.051568543188654926 -0.18969849246231155 -0.1679040548258138 -0.15579919215233698 -0.1083120360228794 -0.152973106340982 -0.09767092411720511 -0.10716591349257587 -0.0650702758979698 -0.079628400796284 -0.020554984583761572 -0.2323847396545296 -0.22881158066775625 -0.37570942111237227 -0.19757200666507974 -0.23609589874650116 -0.16234973354814725 -0.1830808080808081 -0.05935842384440515 -0.12784090909090912 -0.10256410256410257 -0.22050849499939754 -0.41744186046511633 -0.7719298245614035 -0.4995196926032661 -0.28958718422674057 -0.17587012667568563 -0.1094391244870041 0.09541511771995044 -0.02173913043478261 0.013838915029061719 -0.35778175313059035 -1.024067956583294 -3.0443000590667455 -0.9367306745445593 -0.39887434234675145 -0.23682292931746413 -0.21287190339848125 -0.13751718964870607 -0.1690694626474443 -0.171324252211768 -0.167583791895948 -0.3112313937753722 -0.3073607803107633 -0.3597730290957383 -0.18967954759660702 -0.25239234449760767 -0.14667817083692838 -0.19495840059605116 -0.09207415702376508 -0.16557161629434952
-0.006131207847946042 -0.01124859392575928 -0.010212186542607509 -0.09138230190861771 -0.0365652276480302 -0.02598016060462919 -0.020807833537331698 0.004852602207934006 0.019201228878648235 0.008294166436273153 -0.0733156364555682 -0.0672289451167339 -0.12388326384752828 -0.08180708180708181 -0.045662100456621 -0.04430223972434162 0.05105380285377668 -0.02047082906857728 0.08409986859395532 0.020718232044198894 0.010192381195056695 -0.12184615384615387 -0.018009364869732265 -0.13374731311201338 -0.003870468326667527 -0.1336728198599618 0.006657789613848203 -0.11710794297352341 0.004012841091492778 -0.0950734658599827 0.1117533718689788 -0.12350077187982426 -0.027325650469288344 -0.1837430031637868 0.0024993751562109486 -0.12366793842915405 0.04401045248246459 -0.052889065185772854 0.00684931506849315 -0.04583870505658215 -0.17964824120603012 -0.16904625928041117 -0.1788805539526832 -0.12048192771084339 -0.150505798174192 -0.10894064613072878 -0.09683666881859264 -0.07938573659552317 -0.07033842070338421 -0.033768903244751146 -0.22741394308437926 -0.25449451319168803 -0.376844494892168 -0.22256605570102356 -0.23609589874650116 -0.1821787086379973 -0.1893939393939394 -0.08209143723162414 -0.13429752066115705 -0.11642411642411643 -0.22894324617423786 -0.46976744186046504 -0.8467836257309941 -0.527137367915466 -0.3031423290203327 -0.1869388759070225 -0.11565725656012933 0.08426270136307311 -0.026854219948849106 -0.0027677830058123465 -0.3628929210324559 -1.2340726757904672 -3.665682220909628 -1.0192023633677991 -0.40376850605652753 -0.2708282730143308 -0.22034109299141041 -0.17752219027378421 -0.1690694626474443 -0.20081449234658058 -0.16508254127063532 -0.3506991429860172 -0.3561302030168992 -0.39116262223831944 -0.19439208294062205 -0.2751196172248804 -0.1343522741279428 -0.21482677263131755 -0.084608684832649 -0.17871222076215504
-0.002452483139178415 -0.0202474690663667 -0.022693747872461135 -0.09138230190861771 -0.04010379806558151 -0.041332073689182805 -0.022031823745410035 -0.003639451655950503 0.026881720430107524 -0.0013823610727121919 -0.0720515737580584 -0.06111722283339445 -0.12150089338892198 -0.08424908424908424 -0.039320142059868085 -0.03814915087373862 0.054981018457913346 -0.01407369498464688 0.08672798948751644 0.029005524861878452 0.008918333545674607 -0.11692307692307695 -0.03001560811622044 -0.1361356579890136 -0.0012901561088891754 -0.14003819223424568 0.006657789613848204 -0.11583503054989816 0.012038523274478333 -0.0936329588014981 0.1027617212588311 -0.12706329414558842 -0.04633479862183676 -0.18130932100267705 -0.009997500624843786 -0.12498355479542164 0.03850914592215651 -0.046277932037551234 0.005479452054794521 -0.04010886692450937 -0.1758793969849246 -0.16105082809822954 -0.18580496249278705 -0.13021784106121453 -0.152973106340982 -0.10267968945654896 -0.09941897998708846 -0.06376887038001042 -0.072992700729927 -0.022023197768315957 -0.22492854479930408 -0.267335979453654 -0.3836549375709421 -0.2427993334920257 -0.23122794207131556 -0.19209319618292228 -0.17929292929292928 -0.0884061631725183 -0.11880165289256202 -0.11781011781011781 -0.2482226774310158 -0.5837209302325581 -0.9450292397660819 -0.5487512007684918 -0.3142329020332718 -0.19923748616406345 -0.12311901504787962 0.07558859975216851 -0.030690537084398978 -0.017990589537780242 -0.3769486327625862 -1.5337423312883436 -3.957471943295924 -1.0388970950270804 -0.40009788327419554 -0.2769006558173427 -0.21287190339848125 -0.17877234654331792 -0.1546526867627785 -0.20081449234658053 -0.1700850425212606 -0.3743797925124042 -0.3776794828172848 -0.40806471085355545 -0.1967483506126296 -0.291866028708134 -0.13928263281153702 -0.2235191853967466 -0.08585293019783499 -0.1852825229960578
0.008583690987124465 -0.007874015748031496 -0.007942811755361396 -0.07171775592828225 -0.020051899032790754 -0.020075578649031648 -0.008567931456548349 0.007278903311901011 0.03456221198156682 0.009676527508985353 -0.07457969915307801 -0.04767143381004767 -0.12150089338892198 -0.08058608058608059 -0.035514967021816335 -0.04061038641397983 0.06021730593009557 -0.02047082906857728 0.09198423127463864 0.03453038674033149 0.01146642884443878 -0.1070769230769231 -0.034818105414815705 -0.130164795796513 0.00903109276222423 -0.12985359643539146 0.02130492676431425 -0.11583503054989816 0.026752273943285183 -0.08643042350907519 0.09890815671162492 -0.11281320508253176 -0.068908162052988 -0.17522511559990264 -0.012496875781054736 -0.10130246020260494 0.04125979920231056 -0.03437789237075235 0.012328767123287671 -0.03867640739149118 -0.185929648241206 -0.15419760137064534 -0.20657818811309867 -0.12534988438602895 -0.16530964717493213 -0.101427498121713 -0.10845706907682376 -0.06376887038001042 -0.08228268082282682 -0.020554984583761565 -0.2125015533739282 -0.26850338547746905 -0.3757094211123723 -0.23803856224708406 -0.220275039552148 -0.1834180195811129 -0.17045454545454547 -0.08966910836069715 -0.11492768595041325 -0.11088011088011089 -0.25665742860585616 -0.7686046511627908 -1.0327485380116959 -0.5391450528338138 -0.30683918669131244 -0.17709998770138974 -0.11690088297475436 0.08302354399008673 -0.023017902813299233 -0.009687240520343204 -0.39611551239458215 -1.7932987258140631 -4.074424099232132 -1.0118168389955686 -0.3866389330723112 -0.2769006558173427 -0.20913730860201668 -0.18877359669958746 -0.1546526867627785 -0.19660160089875017 -0.16758379189594796 -0.37889039242219213 -0.3731427923329931 -0.39599179041410115 -0.18261074458058435 -0.2822966507177034 -0.13311968445704425 -0.22227741214454239 -0.07838745800671891 -0.17608409986859394
0.007357449417535256 -0.01349831271091114 -0.006808124361738339 -0.09600925390399076 -0.012974758197688138 -0.02243741143127067 -0.008567931456548349 0.012131505519835014 0.052483358934971844 0.01658833287254631 -0.06193907217798004 -0.02322454467668989 -0.10601548540798096 -0.053724053724053734 -0.017757483510908167 -0.02584297317253261 0.06938080900641445 -0.0051177072671443205 0.09592641261498028 0.05248618784530386 0.015288571792585044 -0.08615384615384615 -0.038419978388762155 -0.11225220921901122 0.012901561088891756 -0.11457670273711011 0.02396804260985353 -0.09292260692464359 0.041466024612092034 -0.061941803514837225 0.09505459216441876 -0.11756323477021732 -0.0736604490911251 -0.17400827451934775 -0.011247188202949262 -0.09472437837126693 0.04401045248246459 -0.030411212481819383 0.02328767123287671 -0.030081650193382038 -0.18341708542713567 -0.14505996573386634 -0.21811886901327177 -0.11804794937325055 -0.16037503084135207 -0.09641873278236915 -0.11233053582956747 -0.05726184279021342 -0.08626410086264101 -0.01761855821465277 -0.2050453585187026 -0.26149894933457857 -0.3745743473325766 -0.22851701975720068 -0.21175611537057323 -0.16730697732060976 -0.16666666666666669 -0.0694619853498358 -0.1097623966942149 -0.09009009009009009 -0.28316664658392576 -1.1011627906976744 -1.1660818713450294 -0.5391450528338138 -0.3117683302526186 -0.17709998770138974 -0.13058077353562988 0.07434944237918215 -0.03580562659846547 -0.008303349017437033 -0.39483772041911575 -1.9856064181217554 -4.1393975191966925 -0.9748892171344166 -0.3584974917410987 -0.2708282730143309 -0.20540271380555208 -0.1812726590823853 -0.15596330275229356 -0.18255862940598228 -0.15882941470735368 -0.3777627424447451 -0.3595327208801179 -0.38271157793070143 -0.1649387370405278 -0.26315789473684215 -0.11832860840626155 -0.20116726685707187 -0.06718924972004478 -0.15374507227332457
0.008583690987124465 -0.02362204724409449 0.0011346873936230587 -0.08906882591093118 -0.011795234725171029 -0.025980160604629193 -0.009791921664626684 -0.003639451655950504 0.05504352278545828 0.004147083218136576 -0.05941094678296044 -0.008556411196675221 -0.09648600357355569 -0.0231990231990232 -0.010147133434804667 0.0 0.07461709647859668 0.014073694984646876 0.09724047306176084 0.06215469613259668 0.007644285896292522 -0.08123076923076925 -0.037219354064113336 -0.1038930021495104 0.015481873306670108 -0.11839592616168046 0.03328894806924102 -0.09292260692464359 0.0454788657035848 -0.06626332469029098 0.08349389852280026 -0.12468827930174564 -0.07603659261019366 -0.16792406911657337 -0.016245938515371157 -0.09735561110380213 0.04401045248246459 -0.04098902551897395 0.02328767123287671 -0.037243947858473 -0.18844221105527637 -0.12792689891490575 -0.21811886901327177 -0.09857612267250822 -0.15544041450777202 -0.07513148009015777 -0.10071013557133635 -0.04424778761061947 -0.0809555408095554 -0.011745705476435182 -0.22741394308437926 -0.2906840999299557 -0.3859250851305335 -0.23208759819090688 -0.220275039552148 -0.1648283554343785 -0.15909090909090912 -0.0694619853498358 -0.1007231404958678 -0.09147609147609148 -0.31329075792264127 -1.6023255813953488 -1.32046783625731 -0.5403458213256485 -0.32285890326555755 -0.18201943180420613 -0.14052978485263026 0.060718711276332084 -0.052429667519181586 -0.01660669803487407 -0.40122668029644776 -2.113025011798018 -4.068517424689899 -0.9047267355982275 -0.3438150006117704 -0.24653874180228322 -0.19295406448400348 -0.17252156519564946 -0.14154652686762778 -0.18536722370453587 -0.1688344172086043 -0.39467749210645015 -0.3549960303958262 -0.36460219727151993 -0.16847313854853913 -0.25717703349282295 -0.11339824972266732 -0.18874953433503042 -0.05847953216374269 -0.152431011826544
0.013488657265481301 -0.04274465691788527 0.01928968569159197 -0.09716599190283401 -0.002359046945034203 -0.03424657534246575 0.0036719706242350062 -0.00970520441586801 0.07296466973886329 0.002764722145424383 -0.060675009480470235 -0.017112822393350446 -0.09648600357355569 -0.031746031746031744 -0.00380517503805175 -0.008614324390844206 0.07723524021468779 0.0063971340839304005 0.09724047306176084 0.04972375690607734 0.008918333545674607 -0.0996923076923077 -0.033617481090166886 -0.10628134702651064 0.019352341633337634 -0.13876511775938893 0.04394141145139814 -0.11328920570264767 0.0521669341894061 -0.08066839527513685 0.08606294155427104 -0.14012587578672367 -0.07484852085065938 -0.16914091019712824 -0.01374656335916021 -0.09998684383633732 0.046761105762618625 -0.04495570540790692 0.024657534246575342 -0.037243947858473 -0.18969849246231155 -0.14277555682467158 -0.2123485285631852 -0.1095290251916758 -0.155440414507772 -0.08139243676433758 -0.09683666881859264 -0.05075481520041645 -0.079628400796284 -0.02202319776831596 -0.24729712936498077 -0.3292084987158534 -0.4052213393870602 -0.2427993334920257 -0.22757697456492637 -0.18589664146734416 -0.15782828282828282 -0.0808284920434453 -0.09426652892561985 -0.10117810117810119 -0.35184962043619716 -2.2209302325581395 -1.4982456140350877 -0.5475504322766571 -0.32162661737523096 -0.18201943180420613 -0.1479915433403805 0.058240396530359353 -0.06649616368286446 -0.01937448104068641 -0.41144901610017887 -2.206229353468617 -3.949202598936799 -0.8542589857213196 -0.32668542762755415 -0.26111246052951176 -0.18299514502676462 -0.18502312789098638 -0.12975098296199214 -0.19941019519730374 -0.16758379189594796 -0.40933694181326113 -0.33911761370080523 -0.3525292768320656 -0.15786993402450517 -0.26913875598086123 -0.1023049426845803 -0.19247485409164286 -0.03981585168595246 -0.17082785808147175
0.029429797670141016 -0.05961754780652419 0.03290593441506865 -0.10179294389820706 0.016513328615239443 -0.04369390647142182 0.0036719706242350062 -0.015770957175785513 0.07552483358934972 -0.009676527508985348 -0.061939072177980024 -0.013445789023346779 -0.10125074449076832 -0.036630036630036625 -0.010147133434804667 -0.009844942160964806 0.06021730593009557 -0.00255885363357216 0.07752956636005257 0.03038674033149171 0.001274047649382086 -0.09353846153846154 -0.06363308920638733 -0.09553379508000956 -0.0012901561088891733 -0.13494589433481857 0.03195739014647138 -0.1145621181262729 0.017388978063135364 -0.09363295880149813 0.0899165061014772 -0.15200095000593755 -0.0831650231673993 -0.17644195668045753 -0.007498125468632842 -0.10261807656887252 0.05363773896300371 -0.05156683855612852 0.02328767123287671 -0.05300100272167311 -0.19346733668341706 -0.16676185037121644 -0.23312175418349682 -0.11926493854204696 -0.1616086849247471 -0.09266215877786126 -0.10458360232408004 -0.05986465382613222 -0.0915726609157266 -0.03230069006019674 -0.27090841307319496 -0.3934158300256829 -0.4358683314415437 -0.2630326112830278 -0.24339783375927954 -0.18589664146734414 -0.1628787878787879 -0.08209143723162414 -0.11363636363636365 -0.10395010395010396 -0.4072779852994337 -2.9465116279069767 -1.6853801169590643 -0.55835734870317 -0.3277880468268638 -0.18447915385561434 -0.16788956597438126 0.040892193308550186 -0.08695652173913043 -0.03321339606974814 -0.3999488883209813 -2.2380840018876826 -3.704666272888365 -0.7865583456425405 -0.3058852318610058 -0.2598979839689094 -0.1829951450267646 -0.17252156519564943 -0.14023591087811269 -0.18677152085381266 -0.16633316658329161 -0.42850699142986015 -0.3357150958375864 -0.34528552456839307 -0.16022620169651275 -0.2715311004784689 -0.10723530136817452 -0.20240904010927604 -0.05350255070299863 -0.1800262812089356
0.03678724708767627 -0.08211473565804274 0.03290593441506865 -0.12030075187969924 0.02476999292285916 -0.06022673594709495 0.011015911872705019 -0.03154191435157103 0.07552483358934972 -0.022117777163395073 -0.060675009480470235 -0.030558611416697225 -0.11078022632519358 -0.047619047619047616 -0.0050735667174023336 -0.01599803101156781 0.07068988087446001 6.938893903907229e-19 0.08935611038107752 0.03038674033149171 0.003822142948146259 -0.11569230769230772 -0.06843558650498259 -0.10986386434201098 0.005160624435556703 -0.14385741565881605 0.03994673768308922 -0.12219959266802445 0.026752273943285172 -0.09363295880149813 0.09762363519588951 -0.16150100938130862 -0.09742188428181062 -0.18861036748600632 -0.007498125468632842 -0.10261807656887252 0.05363773896300371 -0.047600158667195566 0.0136986301369863 -0.055865921787709494 -0.20979899497487436 -0.193032552826956 -0.25851125216387766 -0.1423877327491785 -0.17147791759190723 -0.10643626346105686 -0.10845706907682376 -0.06376887038001042 -0.0942269409422694 -0.03523711642930554 -0.29079159935379645 -0.44711650712117673 -0.4608399545970488 -0.2785051178290883 -0.23852987708409396 -0.18093939769488163 -0.14772727272727273 -0.07198787572619349 -0.09943181818181818 -0.09147609147609148 -0.4783708880588023 -3.6767441860465113 -1.8842105263157898 -0.5835734870317003 -0.3475046210720887 -0.20292706924117576 -0.18903121502300707 0.016109045848822806 -0.11253196930946292 -0.05120398560752837 -0.39994888832098136 -2.1920717319490324 -3.291199054932073 -0.7188577055637616 -0.2912027407316775 -0.2598979839689094 -0.17552595543383542 -0.1637704713089136 -0.12057667103538665 -0.17413284651032157 -0.16008004002001003 -0.4059539918809202 -0.3130316434161279 -0.3187250996015935 -0.13901979264844483 -0.2619617224880383 -0.09244422531739183 -0.1962001738482553 -0.041060097051138486 -0.17214191852825228
0.03801348865726548 -0.08773903262092239 0.03971405877680699 -0.12608444187391557 0.03066761028544468 -0.0661313179026925 0.0208078335373317 -0.03760766711148854 0.08064516129032259 -0.037323748963229195 -0.05435469599292124 -0.03789267815670456 -0.0881477069684336 -0.057387057387057384 0.016489091831557584 -0.014767413241447208 0.0890168870270978 0.005117707267144318 0.09855453350854139 0.03314917127071824 0.006370238246910434 -0.11569230769230769 -0.07924120542682195 -0.11464055409601148 2.7755575615628915e-18 -0.1604073838319542 0.02263648468708389 -0.14256619144602853 0.0066880684858212965 -0.10947853644482859 0.10404624277456646 -0.1638760242251514 -0.08554116668646786 -0.19834509613044535 0.008747813046738313 -0.11182739113274569 0.07014165864392793 -0.06346687822292743 0.021917808219178082 -0.0730554361839278 -0.19974874371859297 -0.2055968018275271 -0.26312752452394694 -0.1533406352683461 -0.154206760424377 -0.11645379413974458 -0.08392511297611363 -0.07808433107756377 -0.08759124087591241 -0.04698282190574072 -0.3119174847769355 -0.5019845902404856 -0.48808172531214533 -0.2975482028088551 -0.24218084459048317 -0.19209319618292228 -0.1603535353535354 -0.09472088911341246 -0.12009297520661158 -0.10533610533610534 -0.555488613085914 -4.438372093023256 -2.0292397660818713 -0.584774255523535 -0.35243376463339493 -0.21522567949821672 -0.19524934709613231 -0.007434944237918212 -0.12915601023017903 -0.07749792416274563 -0.40122668029644765 -2.095327984898537 -2.747784997046663 -0.6437715411127523 -0.2704025449651291 -0.2574690308477046 -0.16556703597659653 -0.16502062757844727 -0.11795543905635648 -0.1685156579132144 -0.16133066533266635 -0.3890392422192152 -0.2722014290575025 -0.3030303030303029 -0.13195098963242224 -0.2631578947368421 -0.10107235301368174 -0.2036508133614802 -0.051014059972626605 -0.1826544021024967
0.045370938074800735 -0.08773903262092238 0.04879155792579145 -0.1283979178716021 0.03302665723047889 -0.07675956542276807 0.028151774785801713 -0.04731287152735655 0.08576548899129544 -0.05667680398119988 -0.05561875869043105 -0.03789267815670455 -0.08933889219773675 -0.06715506715506715 0.013952308472856417 -0.02584297317253261 0.09032595889514336 -0.0063971340839304005 0.09461235216819973 0.019337016574585635 0.01146642884443878 -0.10830769230769229 -0.0828430784007684 -0.1229997611655123 0.007740936653335054 -0.1718650541056652 0.029294274300932087 -0.15020366598778007 0.008025682182985551 -0.12964563526361278 0.09505459216441875 -0.1638760242251514 -0.09623381252227634 -0.19834509613044535 0.002499375156210946 -0.12235232206288646 0.0591390455233118 -0.07933359777865927 0.0136986301369863 -0.08738003151410972 -0.2148241206030151 -0.22272986864648772 -0.2827466820542412 -0.1630765486187173 -0.15667406859116703 -0.1289757074881042 -0.08650742414460942 -0.09630400832899531 -0.0902455209024552 -0.07341065922771986 -0.35044115819560084 -0.5848704179313565 -0.5323496027241771 -0.30111878124256125 -0.2543507362784471 -0.19085388523980668 -0.16666666666666666 -0.09472088911341246 -0.1291322314049587 -0.10672210672210672 -0.6362212314736715 -5.166279069767442 -2.139181286549708 -0.5679634966378483 -0.3610597658656808 -0.22014512360103308 -0.20768561124238274 -0.022304832713754646 -0.14066496163682868 -0.09825629670633822 -0.39228213646818294 -1.9171779141104293 -2.1063201417601887 -0.5489906450024618 -0.2508258901260247 -0.2246781637114404 -0.1531183866550479 -0.12376547068383545 -0.10222804718217562 -0.15025979497261618 -0.15257628814407204 -0.35633739287325217 -0.23704207780424177 -0.26681154171194005 -0.13430725730442977 -0.25 -0.10600271169727597 -0.17633180181298896 -0.06470075898967277 -0.16688567674113008
0.04414469650521153 -0.07649043869516312 0.04652218313854534 -0.11798727588201274 0.0389242745930644 -0.07321681624940954 0.039167686658506735 -0.04731287152735655 0.09216589861751152 -0.06082388719933646 -0.061939072177980024 -0.03789267815670455 -0.08814770696843359 -0.057387057387057384 0.006341958396752917 -0.019689884321929613 0.07330802461055112 0.007676560900716481 0.07752956636005257 0.024861878453038673 0.00764428589629252 -0.11938461538461538 -0.07924120542682193 -0.11583472653451159 0.010321248871113407 -0.16295353278166774 0.03328894806924101 -0.1374745417515275 0.012038523274478328 -0.11524056467876694 0.08863198458574181 -0.1638760242251514 -0.08554116668646786 -0.19956193721100024 -0.0037490627343164246 -0.12629917116168926 0.06188969880346583 -0.08726695755652521 0.0136986301369863 -0.09740724824523707 -0.2311557788944724 -0.2501427755568247 -0.28390075014425853 -0.1496896677619569 -0.16654330125832717 -0.11269722013523667 -0.10458360232408007 -0.062467464862051014 -0.10617120106171203 -0.04698282190574071 -0.4287312041754691 -0.8113471865514826 -0.6095346197502838 -0.31540109497738633 -0.2640866496288183 -0.18589664146734416 -0.1679292929292929 -0.08335438241980297 -0.1291322314049587 -0.09009009009009009 -0.6880347029762622 -5.7662790697674415 -2.185964912280702 -0.5451488952929876 -0.36352433764633396 -0.20784651334399212 -0.21266011690088296 -0.018587360594795536 -0.15089514066496165 -0.08995294768890119 -0.373115256836187 -1.7472864558754129 -1.4565859421145895 -0.4517479074347611 -0.22390798972225623 -0.197959679378188 -0.13320054774057014 -0.08251031378922365 -0.08650065530799476 -0.11936525768852688 -0.14757378689344675 -0.30108254397834916 -0.18487013723488716 -0.22697090426174088 -0.12723845428840716 -0.2236842105263158 -0.10600271169727597 -0.1477710170122936 -0.06470075898967277 -0.14323258869908015
0.049049662783568364 -0.0843644544431946 0.05673436968115285 -0.12377096587622907 0.041283321538098605 -0.07085498346717053 0.044063647490820076 -0.044886570423389546 0.09856630824372759 -0.044235554326790154 -0.06446719757299961 -0.05256081163671923 -0.09172126265634306 -0.059829059829059825 0.0 -0.02215111986217081 0.061526377798141116 0.012794268167860801 0.07490144546649145 0.029005524861878462 0.015288571792585044 -0.13907692307692307 -0.06603433785568495 -0.11941724385001193 0.012901561088891756 -0.1705919796308084 0.029294274300932087 -0.1489307535641548 -2.0816681711721684e-18 -0.12676462114664364 0.09120102761721258 -0.18881368008550053 -0.06534394677438517 -0.22024823558043322 0.009997500624843787 -0.1447178002894356 0.06876633200385092 -0.09652254396403545 0.01917808219178082 -0.09740724824523707 -0.2512562814070352 -0.3106796116504854 -0.29659549913444894 -0.1642935377875137 -0.16407599309153714 -0.12271475081392438 -0.10329244673983215 -0.06897449245184799 -0.09820836098208362 -0.04991924827484951 -0.535603330433702 -1.5293018911977585 -0.746878547105562 -0.3403951440133301 -0.28234148716076424 -0.1970504399553848 -0.18686868686868685 -0.0921949987370548 -0.14979338842975207 -0.0887040887040887 -0.6820098807085191 -5.767441860465116 -2.113450292397661 -0.5295389048991355 -0.3512014787430684 -0.2041569302668799 -0.20644198482775772 -0.016109045848822796 -0.1470588235294118 -0.0747301411569333 -0.3373370815231281 -1.4299197734780558 -1.0714707619610162 -0.3889709502708026 -0.19331946653615562 -0.17852805440854994 -0.11452757375824721 -0.057507188398549826 -0.06422018348623852 -0.09127931470299117 -0.13131565782891447 -0.2604871447902571 -0.13496654190767837 -0.20161777133888686 -0.10838831291234682 -0.21889952153110048 -0.09490940465918893 -0.15025456351670183 -0.06470075898967277 -0.14323258869908015
0.049049662783568364 -0.08661417322834646 0.05900374446839897 -0.12492770387507231 0.04364236848313282 -0.07203589985829004 0.042839657282741736 -0.03639451655950503 0.10496671786994367 -0.03041194359966824 -0.061939072177980024 -0.07089597848673757 -0.08576533650982729 -0.06227106227106226 0.0050735667174023336 -0.02092050209205021 0.061526377798141116 0.021750255885363355 0.076215505913272 0.03591160220994475 0.025480952987641737 -0.15138461538461537 -0.050426221635250325 -0.12538810604251255 0.02580312217778351 -0.17186505410566522 0.029294274300932087 -0.14638492871690428 -0.0066880684858212965 -0.11668107173725153 0.0873474630700064 -0.19950124688279303 -0.05465130093857669 -0.21659771233876857 0.019995001249687578 -0.1407709511906328 0.06601567872369687 -0.0819780510379479 0.01780821917808219 -0.07878527431600058 -0.27261306532663315 -0.3814962878355226 -0.31621465666474324 -0.18376536448825603 -0.152973106340982 -0.13022789882294014 -0.09683666881859265 -0.0637688703800104 -0.08891838088918382 -0.04110996916752313 -0.6412327575493972 -2.2869484006537477 -0.9103291713961408 -0.3784813139728636 -0.2981623463551174 -0.21192217127277235 -0.2095959595959596 -0.09724677948977015 -0.17432851239669422 -0.0887040887040887 -0.6759850584407758 -5.584883720930232 -2.024561403508772 -0.5091258405379444 -0.3475046210720887 -0.18693887590702254 -0.21017286407163288 0.01734820322180917 -0.15601023017902818 -0.041516745087185156 -0.30283669818553544 -1.127890514393582 -0.8304784406379209 -0.3569670113244707 -0.1725192707696072 -0.17488462472674277 -0.0958545997759243 -0.04375546943367921 -0.04193971166448231 -0.07723634321022328 -0.12256128064032015 -0.23567884528642305 -0.10207553589656346 -0.18954485089943257 -0.10014137606032045 -0.22009569377990426 -0.08874645630469616 -0.1490127902644977 -0.07216623118078885 -0.13534822601839686
0.03801348865726548 -0.07199100112485939 0.055599682287529796 -0.10989010989010987 0.035385704175513094 -0.07085498346717052 0.039167686658506735 -0.038820817663472035 0.09600614439324115 -0.026264860381531658 -0.07710782454809759 -0.08923114533675588 -0.1048243001786778 -0.07081807081807082 -0.013952308472856417 -0.009844942160964806 0.05105380285377668 0.031985670419651994 0.06964520367936924 0.04834254143646409 0.014014524143202953 -0.1526153846153846 -0.03721935406411334 -0.11583472653451159 0.016772029415559282 -0.15022278803309994 0.01597869507323569 -0.13620162932790222 -0.032102728731942226 -0.10659752232785942 0.07578676942838791 -0.20662629141432132 -0.06296780325531662 -0.21781455341932343 0.013746563359160208 -0.13287725299302722 0.06326502544354284 -0.0819780510379479 0.00821917808219178 -0.07878527431600058 -0.3128140703517588 -0.5059965733866362 -0.3577611079053664 -0.2166240720457588 -0.16160868492474711 -0.1327322814926121 -0.10329244673983215 -0.07157730348776678 -0.0982083609820836 -0.04991924827484951 -0.7319497949546415 -2.9908942330142425 -1.1078320090805902 -0.40109497738633654 -0.3261530972374346 -0.19828975089850043 -0.23863636363636362 -0.09598383430159131 -0.20402892561983474 -0.07761607761607761 -0.6651403783588383 -5.238372093023255 -1.8690058479532166 -0.49471661863592703 -0.3364140480591497 -0.17464026564998159 -0.2002238527546325 0.01982651796778191 -0.14322250639386194 -0.042900636590091336 -0.2798364426271403 -0.8636149126946673 -0.6012994683992912 -0.3249630723781388 -0.17374281169705125 -0.15666747631770706 -0.0958545997759243 -0.028753594199274913 -0.038007863695937096 -0.06740626316528578 -0.12131065532766383 -0.21650879566982403 -0.06691618464330272 -0.1702281781963057 -0.1060320452403393 -0.2129186602870813 -0.09860717367188462 -0.151496336768906 -0.084608684832649 -0.13272010512483573
0.0404659717964439 -0.06524184476940383 0.04425280835129922 -0.10294968189705031 0.035385704175513094 -0.06258856872933397 0.034271725826193394 -0.035181366007521524 0.0819252432155658 -0.0193530550179707 -0.07331563645556818 -0.10389927881677057 -0.10839785586658726 -0.06959706959706959 -0.013952308472856417 -0.0073837066207236126 0.04974473098573111 0.028147389969293758 0.05781865965834428 0.05524861878453039 0.017836667091349213 -0.15630769230769231 -0.030015608116220432 -0.10986386434201101 0.020642497742226807 -0.13112667091024827 0.009320905459387486 -0.13365580448065173 -0.03745318352059926 -0.09795447997695188 0.08092485549132947 -0.2173138582116138 -0.07603659261019366 -0.21538087125821365 0.014996250937265681 -0.11708985659781608 0.05501306560308074 -0.07007801137114902 -0.00958904109589041 -0.06732559805185503 -0.35050251256281406 -0.7310108509423185 -0.4270051933064051 -0.25191675794085433 -0.17887984209227734 -0.14775857751064364 -0.1252420916720465 -0.09109838625715772 -0.1220968812209688 -0.06753780648950228 -0.77917236237107 -3.559420966612188 -1.315550510783201 -0.44156153296834083 -0.3431909456005841 -0.2057256165571942 -0.2588383838383838 -0.09724677948977015 -0.23372933884297523 -0.08593208593208593 -0.6277864802988311 -4.717441860465116 -1.68187134502924 -0.4658981748318925 -0.32532347504621073 -0.15988193334153245 -0.1940057206815073 0.0446096654275093 -0.13938618925831203 -0.03598117907556047 -0.24150268336314848 -0.6512505899008966 -0.45363260484347306 -0.3064992614475628 -0.15171907500305884 -0.14452271071168327 -0.08340595045437568 -5.551115123125783e-18 -0.043250327653997375 -0.04493750877685719 -0.11130565282641322 -0.19733874605322507 -0.03856186911647954 -0.17143547024025113 -0.08953817153628651 -0.21052631578947367 -0.09367681498829039 -0.14777101701229356 -0.08460868483264898 -0.1287779237844941
0.049049662783568364 -0.06524184476940383 0.03744468398956088 -0.10063620589936377 0.042462845010615716 -0.050779404818138876 0.03916768665850674 -0.009705204415868002 0.07424475166410649 -0.0013823610727121947 -0.07078751106054859 -0.11612272338344946 -0.10720667063728409 -0.06471306471306469 -0.01141552511415525 0.012306177701205998 0.05890823406205 0.05885363357215967 0.06438896189224705 0.0759668508287293 0.02293285768887756 -0.16738461538461538 -0.0276143594669228 -0.11225220921901125 0.021932653851115983 -0.12476129853596436 0.013315579227696406 -0.11838085539714867 -0.03076511503477796 -0.08931143762604435 0.08092485549132947 -0.24818905118156986 -0.09504574076274205 -0.22024823558043322 0.01749562609347663 -0.11314300749901329 0.05776371888323477 -0.05288906518577284 -0.010958904109589041 -0.06302821945280046 -0.39321608040201 -0.937749857224443 -0.5631852279284477 -0.2799075088231715 -0.1899827288428325 -0.1414976208364638 -0.12136862491930281 -0.06897449245184799 -0.12076974120769741 -0.04845103509029511 -0.7940847520815212 -4.1232780761148735 -1.5459704880817253 -0.47964770292787434 -0.36144578313253006 -0.20820423844342545 -0.27525252525252525 -0.0921949987370548 -0.259555785123967 -0.09286209286209286 -0.571153150982046 -4.07674418604651 -1.4608187134502923 -0.4406820365033622 -0.30930375847196556 -0.14389374000737923 -0.18281308294988186 0.07063197026022305 -0.12915601023017903 -0.026293938555217278 -0.19039100434449271 -0.4848985370457763 -0.342587123449498 -0.2892663712456917 -0.11134222439740611 -0.11780422637843087 -0.04979459728619443 0.03500437554694336 -0.017038007863695945 -0.019660160089875024 -0.10380190095047523 -0.19395579612088407 -0.026085970284677316 -0.1666063020644694 -0.09071630537229028 -0.21172248803827748 -0.08628127696289903 -0.14777101701229356 -0.08709717556302102 -0.12352168199737187
0.04659717964438995 -0.06974128233970753 0.03177124702144559 -0.10989010989010986 0.04246284501061571 -0.0543221539914974 0.04161566707466341 -0.006065752759917499 0.0819252432155658 0.008294166436273153 -0.07584376185058778 -0.1466813348001467 -0.11792733770101252 -0.0708180708180708 -0.008878741755454084 0.0036918533103617937 0.07199895274250556 0.0562947799385875 0.07752956636005257 0.07734806629834255 0.03822142948146261 -0.1784615384615384 -0.0036018729739464538 -0.1229997611655123 0.05418655657334538 -0.12348822406110757 0.05193075898801598 -0.11074338085539714 0.01471375066880685 -0.08066839527513683 0.05908798972382786 -0.28381427383921143 -0.12593560651063324 -0.24580189827208568 0.011247188202949262 -0.13287725299302722 0.056388392243157746 -0.05950019833399445 -0.01506849315068493 -0.06875805758487323 -0.4396984924623116 -1.252998286693318 -0.7755337564916329 -0.31520019471826705 -0.2146558105107328 -0.15026296018031554 -0.14590058102001294 -0.07548152004164498 -0.14333112143331123 -0.04257818235207752 -0.7891139555113708 -4.510856876021481 -1.7502837684449488 -0.5058319447750536 -0.35414384811975175 -0.22183665881769737 -0.26641414141414144 -0.1073503409952008 -0.24535123966942152 -0.11088011088011088 -0.5121098927581635 -3.3255813953488365 -1.2304093567251462 -0.4034582132564841 -0.2945163277880468 -0.13774443487885873 -0.16291506031588113 0.08921933085501858 -0.10230179028132995 -0.015222806531967895 -0.17761308458982877 -0.3539405379896178 -0.2740696987595984 -0.276957163958641 -0.10767160161507403 -0.11294632013602138 -0.04979459728619443 0.03375421927740967 -0.009174311926605505 -0.023873051537705383 -0.0925462731365683 -0.17816869643662608 -0.007939208347510492 -0.1533260895810697 -0.06715362865221489 -0.21411483253588517 -0.053001355848637986 -0.14528747050788526 -0.05101405997262659 -0.13009198423127463
0.05272838749233599 -0.05849268841394826 0.035175309202314764 -0.08328513591671485 0.041283321538098605 -0.030703826169107228 0.04895960832313341 0.008492053863884508 0.09216589861751152 0.009676527508985346 -0.08216407533813677 -0.14179195697347513 -0.10958904109589043 -0.06837606837606837 -0.013952308472856417 0.003691853310361798 0.06807173713836889 0.04222108495394063 0.08541392904073587 0.0649171270718232 0.03439928653331635 -0.17353846153846153 -2.7755575615628915e-18 -0.11344638165751135 0.03483421494000775 -0.1234882240611076 0.041278295605858856 -0.12219959266802442 0.009363295880149811 -0.09939498703543645 0.04495825305073859 -0.3075644222776392 -0.16276583105619577 -0.24580189827208568 -0.0024993751562109494 -0.13024602026049203 0.060514372163388806 -0.060822424963638766 -0.00410958904109589 -0.0730554361839278 -0.47864321608040206 -1.6219303255282695 -1.087132140796307 -0.3553608372885481 -0.24549716259560822 -0.15777610818933133 -0.16655907036797934 -0.08849557522123894 -0.15262110152621103 -0.05872852738217589 -0.7804150615136076 -4.746672892832128 -1.9182746878547103 -0.5165436800761724 -0.3797006206644761 -0.2342297682488536 -0.2828282828282829 -0.1300833543824198 -0.2569731404958678 -0.13305613305613304 -0.4337872032775033 -2.5627906976744184 -0.9777777777777779 -0.35422670509125836 -0.2686383240911892 -0.11683679744188906 -0.13306802636488 0.11152416356877323 -0.06777493606138107 -0.005535566011624686 -0.1469460771786353 -0.25601698914582355 -0.1854695806261075 -0.23756770064007884 -0.09298911048574578 -0.10323050765120234 -0.036101083032490974 0.023752969121140135 0.007863695937090433 -0.03932032017975004 -0.08504252126063032 -0.17140279657194407 0.01587841669502098 -0.13521670892188822 -0.07422243166823753 -0.20574162679425836 -0.05916430420313079 -0.14280392400347697 -0.05101405997262659 -0.13534822601839686
0.04782342121397916 -0.07424071991001124 0.035175309202314764 -0.07403123192596876 0.03184713375796178 -0.025980160604629193 0.042839657282741736 0.014557806623802013 0.09600614439324118 0.02350013823610727 -0.09101251422070533 -0.1454589903434788 -0.1203097081596188 -0.06471306471306472 -0.029173008625063418 0.009844942160964801 0.05105380285377668 0.04861821903787103 0.08935611038107752 0.06767955801104972 0.03185119123455217 -0.17846153846153845 0.004802497298595265 -0.12180558872701219 0.027093278286672694 -0.11330362826225333 0.04260985352862849 -0.10692464358452136 0.005350454788657036 -0.08931143762604435 0.032113037893384704 -0.34556465977912365 -0.21979327551384104 -0.2567534679970796 -0.02624343914021495 -0.13156163662675963 0.049511759042772656 -0.05421129181541715 -0.00821917808219178 -0.048703624122618534 -0.5163316582914572 -2.012564249000571 -1.5510675129832658 -0.4125593282219788 -0.2899087095978288 -0.17029802153769097 -0.2014202711426727 -0.1015096304008329 -0.17916390179163902 -0.06166495375128469 -0.764259972660619 -4.841232780761149 -2.0419977298524405 -0.5415377291121162 -0.3967384690276256 -0.22927252447639113 -0.28409090909090906 -0.11366506693609497 -0.25309917355371897 -0.12889812889812888 -0.34220990480780816 -1.7593023255813953 -0.7473684210526317 -0.32780979827089335 -0.26124460874922983 -0.09961874308203172 -0.12311901504787963 0.13506815365551428 -0.05370843989769821 0.02214226404649876 -0.13544594939943777 -0.16635205285512034 -0.132309509746013 -0.1981782373215165 -0.09665973326807784 -0.08136992956035947 -0.0385908128968007 0.038754844355544445 0.011795543905635645 -0.023873051537705376 -0.06503251625812907 -0.17140279657194407 0.027220142905750255 -0.12555837257032476 -0.06597549481621112 -0.19736842105263158 -0.046838407494145196 -0.13907860424686452 -0.0423043424163245 -0.13797634691195795
0.045370938074800735 -0.08886389201349831 0.036309996595937824 -0.06940427993059574 0.024769992922859165 -0.025980160604629193 0.03427172582619339 0.014557806623802013 0.09088581669226832 0.047000276472214546 -0.08848438882568574 -0.15646009045348977 -0.12150089338892198 -0.050061050061050064 -0.031709791983764585 0.017228648781688408 0.04319937164550334 0.04861821903787103 0.08147174770039421 0.07596685082872928 0.026755000637023824 -0.20061538461538458 -0.001200624324648819 -0.12180558872701219 0.0038704683266675257 -0.11203055378739657 0.026631158455392816 -0.12347250509164968 -0.014713750668806846 -0.08787093056755978 0.032113037893384704 -0.38118988243676527 -0.25662350005940354 -0.28109028960817717 -0.03499125218695326 -0.1407709511906328 0.0591390455233118 -0.060822424963638766 0.0027397260273972603 -0.04440624552356396 -0.5364321608040201 -2.3449457452884066 -2.005770340450087 -0.48071072167457707 -0.3195164075993092 -0.1928374655647383 -0.22207876049063913 -0.12233211868818325 -0.20172528201725282 -0.060196740566730286 -0.7195228035292656 -4.819052066308663 -2.0794551645856982 -0.580814091882885 -0.39308750152123645 -0.24786218862312553 -0.273989898989899 -0.13766102551149278 -0.2414772727272727 -0.1483021483021483 -0.23978792625617545 -0.963953488372093 -0.5438596491228069 -0.3013928914505284 -0.22797288971041282 -0.09346943795351124 -0.08954110185300335 0.14374225526641887 -0.026854219948849112 0.0442845280929975 -0.11372348581650907 -0.11326097215667767 -0.07206142941523921 -0.17848350566223534 -0.07708307842897345 -0.07894097643915474 -0.011203784389393751 0.03875484435554444 0.0327653997378768 -0.004212891447830361 -0.06253126563281641 -0.17704104645917906 0.04650107746399002 -0.12435108052637936 -0.05065975494816212 -0.1937799043062201 -0.02588438308886972 -0.1465292437600894 -0.022396416573348267 -0.1340341655716163
0.04169221336603311 -0.11023622047244094 0.034040621808691704 -0.06940427993059572 0.020051899032790754 -0.024799244213509684 0.03549571603427173 0.024263011039670025 0.08704557091653867 0.06358860934476085 -0.08469220073315636 -0.16379415719349713 -0.10482430017867776 -0.0586080586080586 -0.020294266869609334 0.02215111986217081 0.060217305930095555 0.060133060388945746 0.09724047306176084 0.08839779005524862 0.021658810039495477 -0.20799999999999996 0.0072037459478929075 -0.12897062335801288 -0.014191717197780937 -0.11203055378739657 0.017310252996005332 -0.11838085539714868 -0.02140181915462814 -0.09219245174301355 0.026974951830443163 -0.4180026125163282 -0.3279078056314601 -0.3042102701387199 -0.04873781554611347 -0.14471780028943557 0.04951175904277265 -0.05288906518577284 -0.00821917808219178 -0.03008165019338204 -0.550251256281407 -2.5596801827527127 -2.632429313329486 -0.6024096385542168 -0.3441894892672095 -0.21913348359629348 -0.2272433828276307 -0.15747006767308694 -0.205706702057067 -0.08368815151960064 -0.6449608549770101 -4.6170908241886535 -2.086265607264472 -0.59509640561771 -0.39308750152123645 -0.2466228776800099 -0.2727272727272727 -0.11871684768881033 -0.24276859504132237 -0.13998613998613996 -0.1614652367755151 -0.31162790697674414 -0.40584795321637424 -0.29058597502401545 -0.2008626001232286 -0.10084860410773581 -0.06715582638975251 0.1499380421313507 -0.010230179028132997 0.049820094104622195 -0.10733452593917711 -0.05899008966493628 -0.0318960425280567 -0.15386509108813393 -0.06851829193686529 -0.05465144522710712 -0.0012448649321548599 0.048756094511813966 0.04062909567496723 0.004212891447830361 -0.05502751375687844 -0.20410464591790706 0.06918452988544856 -0.11952191235059759 -0.03770028275212064 -0.19019138755980863 -0.014791076050782693 -0.12914441822923137 -0.017419435112604208 -0.12614980289093297
0.03310852237890864 -0.10573678290213724 0.013616248723476682 -0.0728744939271255 0.009436187780136825 -0.01771374586679263 0.030599755201958383 0.03518136600752153 0.07680491551459293 0.06358860934476086 -0.08342813803564657 -0.15890477936682554 -0.11078022632519358 -0.057387057387057384 -0.016489091831557584 0.014767413241447208 0.06676266527032333 0.04861821903787104 0.09855453350854139 0.08149171270718232 0.014014524143202959 -0.20061538461538464 -0.0276143594669228 -0.13971817530451397 -0.0374145271577861 -0.10439210693825587 0.003994673768308925 -0.1120162932790224 -0.022739432851792397 -0.08787093056755978 0.01798330122029544 -0.42869017931362075 -0.482357134370916 -0.39669019226089075 -0.0862284428892777 -0.15129588212077358 0.03713381928207949 -0.062144651593283085 -0.021917808219178082 -0.040108866924509386 -0.5389447236180904 -2.5425471159337523 -3.2902481246393536 -0.896921017402945 -0.3799654576856649 -0.2504382669671926 -0.23111684958037443 -0.18610098906819367 -0.21765096217650962 -0.10571134928791662 -0.5418168261463899 -3.8921316833994863 -1.962542565266742 -0.5867650559390621 -0.40160642570281124 -0.23546907919196922 -0.28156565656565663 -0.10861328618337965 -0.23889462809917358 -0.14275814275814275 -0.13736594770454272 -0.16744186046511633 -0.34619883040935673 -0.27617675312199813 -0.19839802834257544 -0.08732013282499078 -0.05969406790200223 0.16480793060718713 -0.01150895140664962 0.045668419595903675 -0.11244569384104271 -0.0365738555922605 -0.037802717070289434 -0.1514032496307238 -0.08320078306619358 -0.05465144522710712 -0.014938379185858336 0.0450056257032129 0.02490170380078637 -0.002808594298553574 -0.05377688844422211 -0.20861524582769508 0.05330611319042757 -0.10624169986719786 -0.04830348727615457 -0.17464114832535887 -0.029582152101565385 -0.11300136595057744 -0.026129152668906308 -0.11563731931668857
0.04414469650521152 -0.11811023622047245 0.006808124361738341 -0.08675534991324464 0.007077140835102617 -0.022437411431270666 0.03916768665850673 0.03882081766347204 0.0742447516641065 0.06082388719933648 -0.08090001264062698 -0.154015401540154 -0.11197141155449672 -0.057387057387057384 -0.029173008625063418 0.006153088850603006 0.056290090325958886 0.04350051177072671 0.08935611038107752 0.07458563535911601 0.010192381195056695 -0.20061538461538458 -0.04682434866130388 -0.1421065201815142 -0.05547671268223455 -0.10057288351368554 -6.938893903907229e-19 -0.10565173116089613 -0.02140181915462814 -0.0965139729184673 0.026974951830443163 -0.45600285001781266 -0.6617559700605916 -0.5037722073497202 -0.11997000749812547 -0.17892382581239313 0.04263512584238756 -0.08065582440830357 -0.021917808219178082 -0.05300100272167311 -0.5113065326633166 -2.513992004568818 -3.723023658395846 -1.1938663745892661 -0.43177892918825556 -0.2829952416729276 -0.24531956100710137 -0.21473191046330037 -0.22030524220305242 -0.12626633387167815 -0.43121660246054433 -3.128648143824422 -1.7979568671963677 -0.5677219709592954 -0.3918705123524401 -0.22555459164704428 -0.26136363636363635 -0.09472088911341248 -0.21177685950413228 -0.13582813582813583 -0.11085672972647306 -0.10813953488372097 -0.29473684210526313 -0.2677713736791547 -0.19100431300061613 -0.09838888205632765 -0.04601417734112673 0.1486988847583643 0.0012787723785166226 0.029061721561029614 -0.1047789419882443 -0.01769702689948089 -0.034258712344949795 -0.12555391432791727 -0.08687140584852564 -0.040077726499878556 -0.017428109050168054 0.0587573446680835 0.019659239842726082 5.551115123125783e-18 -0.04502251125562782 -0.20072169598556608 0.044232732221844165 -0.09899794760352529 -0.04830348727615457 -0.16148325358851676 -0.03451251078515962 -0.09189122066310691 -0.028617643399278338 -0.10643889618922471
0.07112201103617413 -0.12035995500562431 0.0 -0.09716599190283401 0.02476999292285916 -0.03660840812470477 0.06364749082007344 0.029115613247604033 0.10112647209421402 0.05114735969035113 -0.06320313487548983 -0.14179195697347513 -0.1072066706372841 -0.05738705738705737 -0.021562658548959918 -0.0024612355402411994 0.06807173713836888 0.04733879222108496 0.09724047306176084 0.06629834254143646 0.035673334182698434 -0.20307692307692307 -0.06483371353103615 -0.17673752089801767 -0.05547671268223455 -0.12476129853596436 0.01597869507323569 -0.11965376782077393 0.00535045478865704 -0.11091904350331316 0.05009633911368015 -0.46431540197126236 -0.8470951645479385 -0.6838646872718422 -0.15746063484128967 -0.21444546770161824 0.04813643240269564 -0.10048922385296839 -0.01917808219178082 -0.06159575991978226 -0.4648241206030151 -2.4123358081096518 -3.934218118869013 -1.5467932335402215 -0.49099432519121633 -0.30929125970448285 -0.24790187217559717 -0.22514315460697554 -0.2229595222295952 -0.12920276024078697 -0.32434447620231144 -2.414195657249591 -1.5947786606129397 -0.5593906212806475 -0.3699647073141049 -0.24662287768000996 -0.22601010101010105 -0.0921949987370548 -0.16916322314049587 -0.14553014553014554 -0.06265815158452827 -0.07441860465116279 -0.2538011695906433 -0.2653698366954851 -0.1749845964263709 -0.1069979092362563 -0.0211416490486258 0.15489467162329615 0.019181585677749358 0.027677830058123444 -0.07411193457705086 -0.009438414346389807 -0.027170702894270527 -0.10585918266863611 -0.062400587299645184 -0.04007772649987855 0.012448649321548613 0.06500812601575197 0.05504587155963303 -0.005617188597107148 -0.013756878439219614 -0.19733874605322507 0.041964386979698315 -0.10141253169141615 -0.025918944392082942 -0.16626794258373206 -0.003697769012695673 -0.08692412765429032 -0.0037327360955580454 -0.10906701708278581
0.06376456161863887 -0.11811023622047243 0.0011346873936230579 -0.10179294389820706 0.02123142250530785 -0.050779404818138876 0.0587515299877601 0.02304986048768653 0.10880696364567333 0.052529720763063316 -0.0733156364555682 -0.14056961251680727 -0.1238832638475283 -0.06837606837606837 -0.04185692541856925 -0.014767413241447206 0.05236287472182223 0.05117707267144319 0.09067017082785808 0.06767955801104972 0.030577143585170087 -0.2129230769230769 -0.10085244327050065 -0.2221160735610222 -0.09289123984002064 -0.15531508593252705 2.7755575615628915e-18 -0.134928716904277 -0.004012841091492772 -0.12100259291270528 0.03982016698779704 -0.4631278945493409 -0.9920399192111204 -0.9637381357994647 -0.23369157710572358 -0.24865149322457575 0.02475587952138633 -0.10842258363083432 -0.03287671232876712 -0.06732559805185503 -0.44723618090452266 -2.213592233009709 -3.9653779572994807 -1.9228428866983083 -0.5859856896126326 -0.3418482344102179 -0.2775984506132989 -0.21863612701717855 -0.238885202388852 -0.12039348113346056 -0.24729712936498074 -1.8176511790800842 -1.3734392735527807 -0.529635800999762 -0.3650967506389193 -0.2478621886231256 -0.21843434343434343 -0.0884061631725183 -0.15108471074380164 -0.13582813582813585 -0.05181347150259069 -0.06046511627906977 -0.2385964912280702 -0.2653698366954851 -0.17498459642637093 -0.12667568564752182 -0.01989802263400075 0.1301115241635688 0.025575447570332477 0.017990589537780235 -0.08433427038078202 -0.02005663048607834 -0.03662138216184289 -0.09724273756770062 -0.06240058729964517 -0.05343696866650475 0.013693514253703475 0.04750593824228028 0.06684141546526867 -0.009830080044937508 0.001250625312656325 -0.1815516463689671 0.03175683339004197 -0.08813231920801642 -0.028275212064090484 -0.15909090909090912 6.938893903907229e-19 -0.0807152613932696 0.0037327360955580445 -0.09724047306176084
0.056407112201103615 -0.10461192350956128 -0.010212186542607513 -0.11798727588201272 0.010615711252653922 -0.0661313179026925 0.05997552019583844 -0.008492053863884508 0.1088069636456733 0.027647221454243847 -0.08090001264062699 -0.14056961251680727 -0.13341274568195355 -0.07448107448107447 -0.04819888381532217 -0.04061038641397983 0.041890299777457785 0.019191402251791202 0.08804204993429697 0.046961325966850834 0.02420690533825965 -0.2129230769230769 -0.12246368111417938 -0.2758538332935276 -0.13030576699780674 -0.16549968173138127 -0.013315579227696403 -0.15274949083503056 -0.013376136971642583 -0.1310861423220974 0.026974951830443163 -0.43937774611091324 -1.0645122965427112 -1.4018009247992214 -0.37865533616595853 -0.28811998421260365 -0.01237793976069317 -0.1388337961126537 -0.0643835616438356 -0.07735281478298238 -0.4170854271356784 -1.9931467732724162 -3.8568955568378533 -2.257514908117318 -0.689612632617814 -0.369396443776609 -0.30858618463524856 -0.23945861530452892 -0.252156602521566 -0.12920276024078697 -0.21250155337392815 -1.2199392948867618 -1.1191827468785471 -0.4915496310402284 -0.35901180479493733 -0.23918701202131615 -0.20454545454545453 -0.08461732760798181 -0.1265495867768595 -0.1288981288981289 -0.04337872032775032 -0.04069767441860465 -0.2070175438596491 -0.2557636887608069 -0.177449168207024 -0.14512360103308328 -0.018654396219375702 0.10408921933085499 0.03324808184143223 0.008303349017437029 -0.09838998211091235 -0.017697026899480883 -0.05079740106320142 -0.08493353028064993 -0.0746359965740854 -0.05829487490891425 0.0024897298643097214 0.02750343792974122 0.053735255570117955 -0.025277348686982164 0.006253126563281639 -0.16576454668470908 0.03402517863218782 -0.0833031510322347 -0.021206409048067865 -0.15311004784688997 0.0 -0.08319880789767789 0.007465472191116087 -0.1038107752956636
0.04782342121397916 -0.10011248593925759 -0.0238284352660842 -0.12261422787738578 -3.122502256758253e-18 -0.07321681624940954 0.06119951040391677 -0.02183670993570302 0.09856630824372759 0.013823610727121923 -0.08469220073315638 -0.14179195697347513 -0.1310303752233472 -0.08424908424908426 -0.045662100456621 -0.052916564115185825 0.03796308417332112 0.002558853633572161 0.08935611038107752 0.03591160220994475 0.022932857688877567 -0.21169230769230762 -0.13326930003601872 -0.3080964891330308 -0.17804154302670622 -0.1833227243793762 -0.030625832223701733 -0.1718431771894094 -0.03344034242910647 -0.14116969173148947 0.02055234425176622 -0.4322527015793849 -1.0918379470119992 -1.9931856899488927 -0.6423394151462134 -0.3275884752006315 -0.05363773896300372 -0.1652783287055401 -0.08767123287671233 -0.10027216731127345 -0.3743718592964825 -1.6641918903483723 -3.643392960184651 -2.4619690884751124 -0.7907722674562052 -0.39444027047332836 -0.30729502905100065 -0.2485684539302447 -0.22959522229595222 -0.14094846571722214 -0.19013296880825153 -0.7693205696941396 -0.8910329171396141 -0.44751249702451795 -0.3699647073141049 -0.24538356673689427 -0.20454545454545453 -0.08588027279616064 -0.11751033057851239 -0.12612612612612611 -0.039763826967104475 -0.026744186046511614 -0.19883040935672516 -0.24975984630163306 -0.18607516943930993 -0.15250276718730785 -0.026116154707125982 0.08921933085501857 0.023017902813299233 -0.005535566011624691 -0.09327881420904675 -0.021236432279377063 -0.04843473124630833 -0.07385524372230429 -0.06117704637220114 -0.055865921787709494 0.011203784389393753 0.021252656582072756 0.06422018348623854 -0.03370313158264289 0.015007503751875937 -0.15899864682002707 0.03969604173755246 -0.09296148738379814 -0.012959472196041471 -0.16028708133971295 -0.008628127696289905 -0.09437476716751522 0.001244245365186017 -0.10775295663600526
0.049049662783568364 -0.08323959505061866 -0.027232497446953368 -0.1341816078658184 -0.00353857041755131 -0.08148323098724611 0.0587515299877601 -0.024263011039670025 0.08576548899129545 0.019353055017970692 -0.07331563645556818 -0.13568023469013568 -0.12983918999404406 -0.10744810744810744 -0.0380517503805175 -0.05783903519566822 0.04450844351354889 0.014073694984646876 0.09198423127463863 0.04143646408839779 0.03185119123455217 -0.21415384615384614 -0.138071797334614 -0.35825173155003587 -0.19868404076893303 -0.2126034373010821 -0.023968042609853527 -0.1807535641547862 -0.01738897806313536 -0.14405070584845864 0.015414258188824664 -0.40375252345327156 -1.1096590234050134 -2.517644195668046 -0.8947763059235191 -0.3788975134850677 -0.08527025168477513 -0.17850059500198334 -0.1095890410958904 -0.09310986964618248 -0.32788944723618085 -1.2701313535122787 -3.323716099249855 -2.5179505902397468 -0.8869972859610165 -0.4207362885048835 -0.3060038734667527 -0.24336283185840707 -0.21897810218978103 -0.12479812068712377 -0.16776438424257487 -0.46579500350221803 -0.6799091940976166 -0.43561056891216376 -0.3577948156261409 -0.2503408105093568 -0.19065656565656564 -0.07451376610255116 -0.0981404958677686 -0.11365211365211365 -0.032534040245812745 -0.009302325581395338 -0.18245614035087718 -0.2401536983669549 -0.18361059765865678 -0.14881318411019556 -0.022385275463250844 0.10161090458488228 0.02813299232736573 0.009687240520343202 -0.08688985433171478 -0.024775837659273235 -0.06142941523922032 -0.09970457902511079 -0.044047473387984835 -0.05222249210590235 0.008714054525084034 0.030003750468808592 0.05766710353866318 -0.02387305153770538 0.02001000500250125 -0.15674334686513308 0.036293523874333676 -0.1231437884824339 -0.0011781338360037704 -0.16746411483253593 -0.011093307038087022 -0.09313299391531107 0.002488490730372032 -0.09855453350854139
0.06131207847946045 -0.0607424071991001 -0.035175309202314764 -0.1607865818392134 -1.734723475976807e-18 -0.09447331128956069 0.0550795593635251 -0.04731287152735654 0.07680491551459293 -1.3877787807814458e-18 -0.07710782454809759 -0.121012101210121 -0.12150089338892196 -0.12576312576312576 -0.03424657534246575 -0.07137583066699484 0.04450844351354889 -0.008955987717502561 0.08541392904073587 0.022099447513812154 0.029303095935788004 -0.20307692307692307 -0.1440749189578581 -0.3737759732505374 -0.2502902851245 -0.23042647994907703 -0.03861517976031957 -0.18075356415478613 -0.009363295880149811 -0.15125324114088162 0.023121387283236993 -0.38475240470252936 -1.0977783058096708 -2.8887807252372846 -1.2971757060734816 -0.47362189185633474 -0.12240407096685464 -0.22345630040989026 -0.12465753424657533 -0.12605643890560092 -0.29899497487437177 -0.8623643632210166 -2.852856318522793 -2.4863088718510404 -0.9856896126326177 -0.45704983721512643 -0.32020658489347964 -0.25377407600208224 -0.212342402123424 -0.13801203934811335 -0.15409469367466136 -0.30002334812047626 -0.5119182746878548 -0.3975243989526303 -0.3529268589509554 -0.24910149956624114 -0.19696969696969696 -0.07198787572619349 -0.09426652892561985 -0.10810810810810811 -0.027714182431618266 0.010465116279069767 -0.1695906432748538 -0.24975984630163306 -0.17498459642637093 -0.167261099495757 -0.032334286780251215 0.07930607187112763 0.026854219948849106 -0.020758372543592578 -0.07411193457705086 -0.018876828692779617 -0.06733608978145304 -0.11816838995568686 -0.01835311391166034 -0.05708039834831189 0.012448649321548605 0.021252656582072753 0.0655307994757536 -0.040724617329026824 0.015007503751875937 -0.13193504736129907 0.03856186911647953 -0.13038754074610648 0.0035344015080113105 -0.16267942583732056 -0.017256255392579807 -0.08940767415869863 0.006221226825930074 -0.09067017082785808
0.06376456161863887 -0.040494938132733416 -0.036309996595937824 -0.16657027183342973 0.002359046945034203 -0.09683514407179972 0.05263157894736843 -0.04973917263132355 0.07936507936507936 -0.013823610727121927 -0.0733156364555682 -0.11367803447011367 -0.10839785586658726 -0.14285714285714285 -0.01902587519025875 -0.09106571498892443 0.06545359340227778 -0.025588536335721602 0.11563731931668857 2.7755575615628915e-18 0.028029048286405917 -0.18215384615384617 -0.13927242165926282 -0.3916885598280392 -0.30189652948006707 -0.25716104392106937 -0.03994673768308922 -0.17948065173116087 0.0066880684858212965 -0.15845577643330452 0.029543994861913937 -0.3586272414202588 -1.0680765118213138 -3.057921635434412 -1.8845288677830545 -0.5696618865938692 -0.1650391968092422 -0.24857860637313234 -0.15342465753424656 -0.14324595330181922 -0.25879396984924624 -0.5082809822958309 -2.3727639930755915 -2.4181574783984425 -1.0634098198865038 -0.49336338592536944 -0.31633311814073595 -0.25377407600208224 -0.17916390179163902 -0.13654382616355892 -0.14042500310674785 -0.22180714452486572 -0.40635641316685583 -0.34158533682456554 -0.3492758914445661 -0.242904944850663 -0.1893939393939394 -0.06819904016165698 -0.07747933884297521 -0.1094941094941095 -0.03494396915290999 0.02558139534883721 -0.1672514619883041 -0.23054755043227665 -0.19346888478126925 -0.1561923502644201 -0.05347593582887701 0.08798017348203221 0.019181585677749365 -0.023526155549404924 -0.061334014822386915 -0.003539405379896177 -0.08387477849970466 -0.12063023141309699 -0.014682491129328281 -0.055865921787709494 0.0012448649321548648 0.02000250031253906 0.06553079947575362 -0.04915040022468754 0.021260630315157576 -0.10938204781235902 0.036293523874333676 -0.11952191235059761 0.0023562676720075395 -0.15191387559808614 -0.018488845063478365 -0.07698994163665715 0.013686699017046163 -0.09198423127463863
0.058859595340282025 -0.013498312710911143 -0.03971405877680699 -0.17235396182764604 -0.003538570417551312 -0.10510155880963627 0.03059975520195839 -0.06793643091107607 0.07040450588837685 -0.035941387890517 -0.08090001264062699 -0.08800880088008803 -0.11197141155449672 -0.13675213675213677 -0.031709791983764585 -0.09721880383952745 0.040581227909412224 -0.042221084953940634 0.09724047306176084 -0.015193370165745856 0.03439928653331635 -0.16 -0.1584824108536439 -0.409601146405541 -0.3651141788156367 -0.30426479949077023 -0.04660452729693742 -0.20875763747454174 0.012038523274478331 -0.174301354076635 0.032113037893384724 -0.3348770929818311 -1.0098609956041344 -3.1187636894621567 -2.6055986003499125 -0.7380607814761216 -0.19804703617109062 -0.3107232579664155 -0.1561643835616438 -0.19051711789141956 -0.2374371859296482 -0.24785836664762986 -1.7241777264858626 -2.2988925398563955 -1.1324944485566246 -0.5334335086401202 -0.3408650742414461 -0.26028110359187917 -0.1871267418712674 -0.14241667890177653 -0.12675531253883435 -0.18094793369133785 -0.3110102156640181 -0.29635800999761963 -0.3444079347693806 -0.2528194323955881 -0.20202020202020204 -0.08966910836069715 -0.06714876033057851 -0.12335412335412337 -0.040968791420653086 0.04767441860465116 -0.15321637426900586 -0.223342939481268 -0.19593345656192238 -0.1648013774443488 -0.07586121129212785 0.06195786864931848 0.019181585677749358 -0.05120398560752837 -0.06261180679785332 0.02949504483246814 -0.10395747194329592 -0.11324470704086656 -0.023247277621436448 -0.05100801554529997 -0.02614216357525208 0.022502812851606446 0.04456094364351246 -0.053363291672517896 0.0312656328164082 -0.08908434821831303 0.030622660768969034 -0.11831462030665216 0.00471253534401508 -0.15311004784688995 -0.03081474177246394 -0.10058363342853596 0.019907925842976237 -0.10249671484888305
0.06376456161863886 -0.011248593925759281 -0.0238284352660842 -0.16194331983805665 -0.01415428167020524 -0.11691072272083136 0.03549571603427173 -0.08613368919082857 0.08832565284178187 -0.04561791539950235 -0.07710782454809759 -0.0794523896834128 -0.10244192972007146 -0.13186813186813187 -0.05454084221207509 -0.07383706620723604 0.039272156041366676 -0.042221084953940634 0.09592641261498029 -0.011049723756906075 0.029303095935787997 -0.14646153846153845 -0.13326930003601872 -0.40243611177454025 -0.40897948651786864 -0.37046467218332274 -0.07456724367509986 -0.22021384928716903 -0.001337613697164261 -0.1714203399596658 0.028259473346178555 -0.31587697423108896 -0.8684804562195557 -3.0080311511316626 -2.9280179955011247 -1.16037363504802 -0.29019392105625086 -0.35567896337432237 -0.17123287671232873 -0.20340925368858329 -0.2261306532663317 -0.19417475728155334 -1.0363531448355452 -1.9836923451381285 -1.1053540587219342 -0.5672426746806913 -0.37701743060038734 -0.25117126496616343 -0.19243530192435304 -0.12039348113346057 -0.11432832111345843 -0.1657716553817418 -0.27355278093076046 -0.26065222566055696 -0.32737008640623094 -0.2552980542818193 -0.18434343434343434 -0.0921949987370548 -0.059400826446280995 -0.11642411642411643 -0.03494396915290999 0.045348837209302315 -0.13567251461988303 -0.21613832853025938 -0.19100431300061615 -0.1820194318042061 -0.06093769431662729 0.052044609665427496 0.040920716112531966 -0.04843620260171602 -0.05366726296958855 0.04011326097215668 -0.08860011813349085 -0.1107828655834564 -0.03670622782332069 -0.04129220306048093 -0.011203784389393748 0.010001250156269528 0.061598951507208385 -0.06740626316528578 0.04377188594297148 -0.08344609833107802 0.0499035953272088 -0.12314378848243387 -0.005890669180018851 -0.13875598086124402 -0.0073955380253913445 -0.11300136595057741 0.039815851685952475 -0.11169513797634692
0.05272838749233599 -0.01237345331833521 -0.014750936117099739 -0.1584731058415269 -0.028308563340410476 -0.13344355219650444 0.03182374541003672 -0.11888875409438313 0.09600614439324118 -0.07050041470832183 -0.07963594994311718 -0.07211832294340545 -0.10244192972007145 -0.1330891330891331 -0.07102993404363267 -0.04553285749446223 0.03141772483309334 -0.04733879222108496 0.09592641261498029 -0.019337016574585635 0.022932857688877564 -0.13784615384615387 -0.1260655540881258 -0.39646524958203966 -0.4451038575667655 -0.45830681094844045 -0.12916111850865514 -0.23676171079429736 -0.012038523274478333 -0.17286084701815038 0.010276172125883111 -0.29687685548034676 -0.6950219793275514 -2.886347043076175 -2.9967508122969253 -1.8800157873963954 -0.43735387154449173 -0.4059235753008066 -0.2 -0.21343647041971064 -0.22487437185929648 -0.14620217018846368 -0.5620311598384304 -1.6806620421078253 -1.0658771280532937 -0.6286000500876534 -0.420916720464816 -0.2641853201457574 -0.2110152621101526 -0.12626633387167815 -0.11184292282838323 -0.15526500116740602 -0.24858115777525538 -0.22851701975720062 -0.3285870755750273 -0.2540587433387037 -0.2032828282828283 -0.10608739580702195 -0.07102272727272728 -0.12058212058212059 -0.036148933606458614 0.030232558139534883 -0.12748538011695906 -0.2149375600384246 -0.1897720271102896 -0.19677776411265524 -0.055963188658127105 0.03841387856257744 0.05626598465473145 -0.059507334624965394 -0.05622284692052134 0.03539405379896178 -0.08505611340815121 -0.1280157557853274 -0.05505934173498104 -0.04372115618168569 -0.008714054525084025 -0.008751093886735837 0.061598951507208385 -0.07864064035950007 0.0400200100050025 -0.08231844835363103 0.060111148916865156 -0.12676566461427016 -0.025918944392082942 -0.1279904306220096 -0.0036977690126956723 -0.12790264497702722 0.051014059972626605 -0.12614980289093297
0.04414469650521153 -0.014623172103487066 0.005673436968115285 -0.16541353383458643 -0.0401037980655815 -0.139348134152102 0.008567931456548347 -0.1298071090622346 0.07424475166410649 -0.08570638650815593 -0.09606876501074454 -0.07700770077007701 -0.10005955926146515 -0.15750915750915748 -0.08244545915778792 -0.04553285749446222 0.0 -0.07164790174002048 0.07621550591327202 -0.040055248618784525 0.012740476493820868 -0.12923076923076923 -0.11646055949093528 -0.3809410078815381 -0.45800541865565725 -0.5563335455124125 -0.19440745672436752 -0.25330957230142565 -0.04815409309791332 -0.1800633823105733 -0.01541425818882466 -0.257689110556941 -0.5108708565997386 -2.6880019469457292 -2.9330167458135463 -2.848309432969346 -0.689038646678586 -0.4429459209308476 -0.25616438356164384 -0.2205987680848016 -0.23241206030150754 -0.11193603655054252 -0.28851702250432776 -1.298527443105756 -1.006661732050333 -0.6724267468069122 -0.4893479664299548 -0.27329515877147326 -0.2269409422694094 -0.11892526794890619 -0.12426991425375918 -0.1494279710483306 -0.23609534619750283 -0.2130445132111402 -0.32980406474382373 -0.26645185276985994 -0.22853535353535354 -0.13134629957059865 -0.10459710743801653 -0.12751212751212754 -0.05301843595613929 0.03720930232558139 -0.12514619883040934 -0.20172910662824206 -0.1947011706715958 -0.19923748616406345 -0.08332296977987813 0.032218091697645605 0.03324808184143223 -0.06504290063659007 -0.08050089445438283 0.03775365738555923 -0.07324276432368577 -0.13909404234367304 -0.0746359965740854 -0.047364585863492834 -0.031121623303871526 -0.027503437929741213 0.0327653997378768 -0.08847072040443757 0.02126063031515758 -0.08006314839873702 0.053306113190427586 -0.13159483279005188 -0.044769085768143264 -0.1279904306220096 -0.024651793417971156 -0.1353532844902521 0.02239641657334826 -0.1287779237844941
0.0539546290619252 -0.010123734533183354 0.01928968569159197 -0.17466743782533253 -0.03302665723047889 -0.1499763816721776 0.017135862913096694 -0.1285939585102511 0.08192524321556578 -0.08985346972629252 -0.09354063961572494 -0.0562278450067229 -0.08576533650982729 -0.14285714285714285 -0.07483510908168442 -0.05660841742554763 -0.00916350307631888 -0.08700102354145345 0.07884362680683313 -0.051104972375690616 0.025480952987641737 -0.11692307692307695 -0.09725057029655419 -0.34750417960353475 -0.44768416978454384 -0.6238064926798218 -0.23435419440745675 -0.269857433808554 -0.05751738897806313 -0.1944684528954192 -0.015414258188824664 -0.2446265289158057 -0.3599857431388856 -2.400827451934778 -2.8242939265183704 -3.7771345875542695 -0.8967129693302158 -0.5209572920798625 -0.2753424657534247 -0.24495058014611087 -0.21105527638190952 -0.08566533409480297 -0.17080207732256203 -0.8798831690397954 -0.9129040217123118 -0.6724267468069122 -0.5306649451258877 -0.3071317022384175 -0.21765096217650962 -0.11745705476435178 -0.11308562197092084 -0.1377539108101798 -0.21679909194097613 -0.19043084979766725 -0.3005963246927102 -0.2540587433387037 -0.2146464646464646 -0.13766102551149278 -0.09555785123966942 -0.12196812196812197 -0.044583684781298955 0.045348837209302315 -0.10292397660818713 -0.19212295869356386 -0.1836105976586568 -0.20415693026687984 -0.07834846412137794 0.0322180916976456 0.03196930946291561 -0.07334624965402711 -0.0626118067978533 0.05663048607833885 -0.05434140578854106 -0.12924667651403246 -0.06607121008197724 -0.05586592178770951 -0.01493837918585833 -0.028753594199274913 0.0471821756225426 -0.09268361185226794 0.02251125562781391 -0.07104194857916103 0.06351366678008394 -0.1279729566582156 -0.04005655042412818 -0.145933014354067 -0.02588438308886971 -0.14777101701229356 0.014930944382232173 -0.1392904073587385
0.05763335377069282 -0.0022497187851518536 0.03177124702144559 -0.14690572585309425 -0.03420618070299599 -0.14879546528105808 0.0024479804161566705 -0.1164624529904161 0.07424475166410649 -0.06773569256289744 -0.08848438882568575 -0.055005500550055 -0.07385348421679572 -0.15018315018315015 -0.08498224251648909 -0.08614324390844205 -0.028799581097002223 -0.10619242579324464 0.0683311432325887 -0.056629834254143654 0.03439928653331635 -0.09846153846153846 -0.08164245407611959 -0.2842130403630284 -0.4218810476067604 -0.6696371737746658 -0.29027962716378164 -0.2876782077393075 -0.0789192081326913 -0.19302794583693458 -0.019267822736030827 -0.22918893243082766 -0.28394915052869185 -1.9396446824044784 -2.650587353161709 -4.409946059728982 -1.2295420162288544 -0.6016131164881661 -0.31506849315068497 -0.2435181206130927 -0.20100502512562812 -0.08109651627641348 -0.13156376226197347 -0.5269563100888403 -0.8117443868739207 -0.6761833208114201 -0.5978050355067785 -0.36048932847475273 -0.22959522229595222 -0.13360739979445013 -0.09444513483285696 -0.12724725659584404 -0.19977298524404086 -0.17971911449654843 -0.2726055738103931 -0.2602552980542819 -0.20454545454545453 -0.15660520333417532 -0.09426652892561985 -0.12335412335412337 -0.04458368478129895 0.05348837209302325 -0.10760233918128655 -0.18371757925072046 -0.18730745532963644 -0.19308818103554298 -0.08083571695062804 0.04584882280049566 0.020460358056265986 -0.0595073346249654 -0.0638895987733197 0.05191127890514393 -0.05197873597164796 -0.13417035942885275 -0.08320078306619356 -0.07772649987855233 -0.03485621810033611 -0.04125515689461183 0.02621231979030144 -0.09268361185226794 0.015007503751875938 -0.06314839873703204 0.06011114891686514 -0.12676566461427016 -0.05065975494816212 -0.1555023923444976 -0.03944286946875385 -0.14280392400347697 -0.004976981460744059 -0.12352168199737187
0.06008583690987125 0.014623172103487061 0.03290593441506865 -0.12377096587622902 -0.0377447511205473 -0.12990080302314594 -0.017135862913096694 -0.0994783452626471 0.06400409626216078 -0.05667680398119988 -0.08722032612817596 -0.025669233590025663 -0.06551518761167363 -0.12820512820512822 -0.09386098427194316 -0.07875953728771842 -0.05890823406205 -0.0895598771750256 0.04204993429697766 -0.044198895027624314 0.03185119123455217 -0.08615384615384616 -0.07804058110217313 -0.24361117745402433 -0.3960779254289769 -0.6772756206238064 -0.3688415446071905 -0.30168024439918534 -0.08962011771000535 -0.20167098818784215 2.7755575615628915e-18 -0.20306376914855714 -0.23048592134964951 -1.323923095643709 -2.33566608347913 -4.769109327720036 -1.7026543804153484 -0.6902023006743356 -0.34657534246575344 -0.24495058014611087 -0.20100502512562812 -0.06624785836664762 -0.12117714945181765 -0.2677376171352076 -0.6945472489513941 -0.641121963436013 -0.6972240154938669 -0.39302446642373756 -0.26144658261446585 -0.13654382616355895 -0.09320243569031937 -0.11323838431006303 -0.19069239500567534 -0.16186622232801712 -0.2616526712912255 -0.23670839013508496 -0.23106060606060605 -0.15029047739328114 -0.11880165289256199 -0.1164241164241164 -0.03253404024581275 0.06744186046511627 -0.09941520467836257 -0.17411143131604226 -0.17621688231669747 -0.17709998770138974 -0.08207934336525306 0.06195786864931847 0.012787723785166244 -0.05258787711043454 -0.07155635062611806 0.07196790939122227 -0.04843473124630833 -0.11324470704086656 -0.09788327419552184 -0.06558173427252853 -0.04854973235403959 -0.013751718964870607 0.005242463958060289 -0.07583204606094648 0.0037518759379689846 -0.04736129905277402 0.05670863105364636 -0.103827115779307 -0.07186616399622996 -0.1507177033492823 -0.05669912486133366 -0.13286973798584378 -0.031106134129650364 -0.11432325886990802
0.056407112201103615 0.01799775028121485 0.036309996595937824 -0.11336032388663968 -0.029488086812927583 -0.13816721776098254 -0.019583843329253364 -0.1031177969185976 0.06784434203789043 -0.06635333149018524 -0.09733282770825433 -0.017112822393350446 -0.058368076235854674 -0.09157509157509158 -0.09639776763064432 -0.07875953728771842 -0.06545359340227777 -0.095957011258956 0.038107752956636 -0.04834254143646409 0.025480952987641737 -0.07261538461538462 -0.07083683515428021 -0.18629090040601864 -0.3651141788156366 -0.6607256524506683 -0.44873501997336884 -0.31440936863543784 -0.11503477795612627 -0.2031114952463267 0.015414258188824661 -0.2006887543047144 -0.17702269217060707 -0.7726940861523485 -2.014496375906023 -4.924352058939613 -2.3655618209324714 -0.8039137908237471 -0.36164383561643837 -0.2621400945423292 -0.19849246231155776 -0.0548258138206739 -0.1050201961915753 -0.13995375441158572 -0.5711818406118925 -0.6035562233909342 -0.8043899289864427 -0.44508068714211346 -0.2773722627737226 -0.14975774482454854 -0.08450354169255624 -0.10856876021480273 -0.18047673098751416 -0.1309212092358962 -0.24704880126566878 -0.22183665881769735 -0.2537878787878788 -0.1616569840868906 -0.13558884297520662 -0.11781011781011781 -0.021689360163875165 0.08139534883720931 -0.0935672514619883 -0.15970220941402496 -0.1638940234134319 -0.18447915385561428 -0.07710483770675289 0.055762081784386616 0.012787723785166244 -0.058123443122059214 -0.06900076667518529 0.08140632373761207 -0.03662138216184289 -0.08124076809453472 -0.10767160161507401 -0.06315278115132378 -0.03734594796464584 -0.007500937617202147 0.007863695937090432 -0.08144923465805365 0.0037518759379689846 -0.03946774921064501 0.05897697629579222 -0.06036460219727151 -0.07304429783223373 -0.14832535885167464 -0.043140638481449514 -0.1254190984726189 -0.024884907303720293 -0.11038107752956636
0.04291845493562232 0.024746906636670413 0.03857937138318394 -0.09600925390399076 -0.027129039867893372 -0.11809163911195089 -0.024479804161566705 -0.08370738808686158 0.07552483358934972 -0.06082388719933648 -0.09354063961572494 -0.008556411196675225 -0.05955926146515783 -0.06471306471306472 -0.09259259259259259 -0.06891459512675363 -0.07854431208273334 -0.08572159672466735 0.04204993429697766 -0.0345303867403315 0.017836667091349213 -0.0676923076923077 -0.060031216232440864 -0.16121327919751613 -0.30318668558895623 -0.6479949077021006 -0.49800266311584557 -0.34241344195519346 -0.11771000535045481 -0.20599250936329586 0.014129736673089277 -0.18881368008550056 -0.1413805393845788 -0.3942565100997809 -1.5408647838040486 -4.92566767530588 -3.164626598817219 -0.9440698135660452 -0.373972602739726 -0.2650050136083656 -0.18467336683417085 -0.047972587093089665 -0.08770917484131562 -0.10101010101010102 -0.4305452751048606 -0.5584773353368396 -0.9205939315687541 -0.502342529932327 -0.27339084273390846 -0.13654382616355895 -0.09320243569031939 -0.09105766985757648 -0.1782065834279228 -0.10949773863365866 -0.23366192040890837 -0.2032469946709629 -0.26136363636363635 -0.1717605455923213 -0.1446280991735537 -0.11226611226611224 -0.015664537896132064 0.1 -0.07953216374269005 -0.12968299711815562 -0.15526802218114605 -0.1561923502644201 -0.062181320731252335 0.07930607187112763 0.026854219948849112 -0.015222806531967892 -0.06900076667518527 0.09320434167059935 -0.042528056704075605 -0.05662235352043328 -0.11501284717973817 -0.048579062424095217 -0.026142163575252085 0.010001250156269532 0.013106159895150718 -0.05898048026962506 -0.0025012506253126567 -0.03608479927830401 0.06464783940115686 -0.03863334540625377 -0.07304429783223373 -0.1423444976076555 -0.02834956243066683 -0.11796845895939401 -0.02364066193853428 -0.10249671484888305
0.03801348865726548 0.03262092238470191 0.04311812095767616 -0.09832272990167727 -0.02005189903279076 -0.10273972602739727 -0.028151774785801713 -0.07642848477496057 0.07680491551459293 -0.04423555432679016 -0.09227657691821514 0.008556411196675221 -0.044073853484216795 -0.041514041514041505 -0.10020294266869612 -0.045532857494462224 -0.12697997120041887 -0.07164790174002048 0.024967148488830488 -0.011049723756906075 0.026755000637023824 -0.06276923076923079 -0.04922559731060151 -0.13852400286601385 -0.22964778738227323 -0.6199872692552514 -0.5233022636484688 -0.3525967413441955 -0.10968432316746926 -0.20023048112935754 0.0077071290944123304 -0.18881368008550053 -0.1223713912320304 -0.21416403017765878 -0.8972756810797302 -4.916458360742007 -4.028331728785586 -1.0908369694565647 -0.3972602739726027 -0.2664374731413837 -0.1708542713567839 -0.041119360365505425 -0.06001154068090018 -0.08884020932213703 -0.29977794226498883 -0.5008765339343852 -1.0832795351839897 -0.558302967204581 -0.2959522229595223 -0.12773454705623258 -0.10190132968808252 -0.07471398552416532 -0.19296254256526674 -0.10711735301118781 -0.23366192040890837 -0.1784607758086504 -0.2815656565656566 -0.1654458196514271 -0.17303719008264462 -0.08870408870408872 -0.014459573442583445 0.10232558139534884 -0.05964912280701754 -0.1440922190201729 -0.14171287738755395 -0.16357151641864467 -0.05471956224350205 0.07806691449814127 0.026854219948849112 -5.551115123125783e-18 -0.06516739074878611 0.09084473808400187 -0.02953337271116362 -0.04677498769079271 -0.11501284717973817 -0.04979353898469759 -0.024897298643097227 0.00750093761720215 0.00786369593709043 -0.06600196601600898 -0.0012506253126563281 -0.040595399188092025 0.062379494159011006 -0.04225522153809006 -0.07422243166823751 -0.15550239234449761 -0.0320473314433625 -0.12914441822923134 -0.028617643399278338 -0.11169513797634692
0.03923973022685469 0.03599550056242969 0.04084874617043005 -0.0948525159051475 -0.027129039867893372 -0.10155880963627775 -0.046511627906976744 -0.06793643091107607 0.0665642601126472 -0.035941387890517006 -0.08342813803564655 -0.0012223444566678884 -0.038117927337701 -0.03785103785103784 -0.09512937595129375 -0.051685946345065216 -0.15708862416546668 -0.0818833162743091 0.018396846254927726 -0.024861878453038673 0.019110714740731304 -0.06276923076923077 -0.038419978388762155 -0.1229997611655123 -0.1573990452844794 -0.5957988542329726 -0.5525965379494009 -0.36914460285132383 -0.12841091492776888 -0.20887352348026508 0.015414258188824664 -0.1805011281320508 -0.10930260187715338 -0.13263567778048185 -0.11622094476380909 -4.80594658597553 -4.780635400907715 -1.2574375247917495 -0.4410958904109588 -0.2778971494055293 -0.1557788944723618 -0.043403769274700174 -0.04616272360069244 -0.08275526347815505 -0.1936836910930175 -0.4520410718757826 -1.2692059393156876 -0.6598125976054139 -0.3198407431984075 -0.1541623843782117 -0.10438672797315769 -0.07471398552416532 -0.1816118047673099 -0.10473696738871696 -0.22027503955214794 -0.17722146486553478 -0.2777777777777778 -0.18691588785046728 -0.18982438016528927 -0.1094941094941095 -0.0012049644535486223 0.1127906976744186 -0.05146198830409356 -0.13688760806916428 -0.1367837338262477 -0.15004304513589964 -0.04352692451187663 0.09665427509293682 0.025575447570332484 0.013838915029061724 -0.04600051111679019 0.07786691835771589 -0.015357353809805083 -0.05416051206302315 -0.10400097883274195 -0.07043964051493806 -0.01493837918585833 -0.008751093886735839 0.014416775884665788 -0.07864064035950007 -0.018759379689844924 -0.043978349120433025 0.06011114891686514 -0.04346251358203549 -0.08129123468426011 -0.16985645933014354 -0.03944286946875385 -0.1303861914814355 -0.043548587781510516 -0.12352168199737187
0.04782342121397916 0.047244094488188976 0.060138431862022015 -0.09485251590514751 0.007077140835102619 -0.09093056211620218 -0.04895960832313341 -0.07157588256702656 0.07040450588837686 -0.04147083218136577 -0.07710782454809759 0.0012223444566678888 -0.02977963073257891 -0.03418803418803419 -0.059614408929477426 -0.06399212404627122 -0.17934284592224112 -0.08316274309109518 0.019710906701708282 -0.02624309392265193 0.021658810039495477 -0.06153846153846153 -0.028814983791571613 -0.10747551946501077 -0.09289123984002065 -0.5130490133672818 -0.5312916111850867 -0.37169042769857435 -0.11637239165329054 -0.2146355517142034 0.03596660244059088 -0.1543759648497803 -0.0879173102055364 -0.12655147237770747 0.2886778305423644 -4.3731088014734905 -4.969055150598267 -1.4848605050905725 -0.4424657534246575 -0.2821945280045838 -0.1507537688442211 -0.0422615648201028 -0.04731679169070976 -0.06693440428380189 -0.17764618800888235 -0.37315301778111687 -1.4654615881213686 -0.9031754294638208 -0.36098208360982087 -0.16737630303920129 -0.11432832111345843 -0.0688769554050899 -0.1736662883087401 -0.09640561771006903 -0.20445418035779478 -0.15863180071880034 -0.28661616161616166 -0.19323061379136144 -0.1975723140495868 -0.11503811503811504 -1.908195823574488e-18 0.14069767441860465 -0.04093567251461988 -0.111671469740634 -0.12322858903265559 -0.11437707539048088 -0.04974505658500187 0.10656753407682776 0.014066496163682865 0.020758372543592585 -0.044722719141323794 0.07904672015101462 -0.007088009450679271 -0.04062038404726735 -0.07708307842897345 -0.07286859363614281 -0.02365243371094236 0.0012501562695336921 0.0013106159895150717 -0.07021485746383935 -0.025012506253126565 -0.03044654939106901 0.06464783940115686 -0.03501146927441748 -0.05419415645617341 -0.17344497607655504 -0.04560581782324664 -0.11300136595057744 -0.046037078511882545 -0.10906701708278581
0.05763335377069282 0.07086614173228346 0.08056280494723703 -0.07750144592249855 0.0365652276480302 -0.06376948512045347 -0.05018359853121175 -0.036394516559505034 0.07680491551459293 -0.012441249654409733 -0.0707875110605486 0.0012223444566678884 -0.026206075044669448 -0.03174603174603175 -0.025367833587011668 -0.08368200836820083 -0.18981542086660558 -0.08572159672466736 0.026281208935611033 -0.017955801104972375 0.019110714740731304 -0.05169230769230769 -0.019209989194381077 -0.10031048483401002 -0.05160624435556703 -0.4239338001273073 -0.496671105193076 -0.37296334012219956 -0.11503477795612631 -0.21895707288965713 0.05908798972382787 -0.13418833867711674 -0.06415587501485089 -0.13750304210270137 0.4398900274931267 -3.6468885672937774 -5.1107137945262 -1.6858389527965092 -0.43698630136986305 -0.29365420426872946 -0.15075376884422112 -0.041119360365505425 -0.0530871321407963 -0.058415480102227094 -0.16654330125832714 -0.27172551965940395 -1.6488056810845706 -1.2181155648099946 -0.3994691439946914 -0.15416238437821173 -0.12302721511122157 -0.06303992528601446 -0.16799091940976166 -0.08569388240895023 -0.19106729950103443 -0.15367455694633783 -0.28409090909090906 -0.19828239454407676 -0.20532024793388431 -0.11781011781011781 0.00481985781419448 0.16046511627906976 -0.029239766081871343 -0.0972622478386167 -0.10227972889710413 -0.09592916000491944 -0.042283298097251586 0.1251548946716233 0.007672634271099743 0.03736507057846665 -0.03322259136212624 0.09674374705049552 0.012994683992911992 -0.018463810930576065 -0.04894163709776092 -0.05586592178770951 -0.01742810905016806 0.0300037504688086 0.0052424639580602875 -0.044937508776857184 -0.017508754377188594 -0.023680649526387012 0.06805035726437564 -0.03259688518652662 -0.027097078228086713 -0.18181818181818182 -0.03821027979785528 -0.0968583136719235 -0.051014059972626605 -0.09986859395532194
0.05763335377069283 0.06749156355455568 0.07261999319187563 -0.07750144592249855 0.03302665723047889 -0.056683986773736414 -0.06364749082007344 -0.029115613247604033 0.061443932411674354 0.006911805363560961 -0.05435469599292124 -0.00122234445666789 -0.009529481834425254 -0.021978021978021976 -0.00380517503805175 -0.09598818606940683 -0.18981542086660558 -0.08955987717502559 0.04599211563731932 1.3877787807814458e-18 0.02165881003949548 -0.060307692307692305 -0.010805618921839361 -0.08478624313350848 -0.028383434395561853 -0.3157224697644812 -0.46071904127829566 -0.36532586558044805 -0.10834670947030497 -0.2045520023048113 0.08220937700706486 -0.1460634128963306 -0.05227515741950813 -0.14967145290825018 0.44988752811797045 -2.6641231416918827 -5.0955852014853535 -1.8616950945392041 -0.4438356164383562 -0.2993840424008022 -0.13190954773869346 -0.05939463163906339 -0.05539526832083093 -0.07058537179019106 -0.1480384900074019 -0.20786376158276987 -1.814073595868302 -1.6579906298802705 -0.431320504313205 -0.1659080898546469 -0.11308562197092083 -0.06187251926219939 -0.1611804767309875 -0.07498214710783146 -0.1764634294754776 -0.14004213657206593 -0.28409090909090906 -0.20712301086132862 -0.20919421487603307 -0.11642411642411643 0.007229786721291721 0.14651162790697675 -0.0327485380116959 -0.09125840537944285 -0.10967344423906347 -0.08486041077358258 -0.04850143017037682 0.137546468401487 -0.007672634271099746 0.05258787711043454 -0.011500127779197544 0.09556394525719679 0.033077377436503255 -0.02708025603151156 -0.02569435947632448 -0.055865921787709494 0.0037345947964645826 0.052506563320415055 0.018348623853211003 -0.026681645836258962 -0.010005002501250627 -0.03044654939106901 0.07939208347510492 -0.03742605336230834 -0.009425070688030154 -0.1937799043062201 -0.025884383088869718 -0.09810008692412765 -0.03857160632076645 -0.10512483574244416
0.06499080318822809 0.06974128233970753 0.06694655622376036 -0.07056101792943899 0.041283321538098605 -0.04487482286254133 -0.07221542227662178 -0.044886570423389546 0.05120327700972862 0.009676527508985348 -0.0379218809252939 -0.014668133480014667 0.0023823704586063118 -0.029304029304029304 0.015220700152207 -0.08983509721880384 -0.20028799581097 -0.11898669396110544 0.04467805519053877 0.004143646408839782 0.02038476239011339 -0.05784615384615384 -0.00480249729859527 -0.07523286362550752 -0.00258031221777835 -0.2355187778485041 -0.42476697736351526 -0.3640529531568228 -0.09630818619582664 -0.18870642466148085 0.10661528580603723 -0.14368839805248784 -0.033266009266959724 -0.16670722803601848 0.46488377905523615 -1.7352979871069596 -5.0171915830009635 -1.968795451540394 -0.4438356164383562 -0.29365420426872946 -0.13190954773869346 -0.06967447173043975 -0.06001154068090018 -0.07058537179019106 -0.1381692573402418 -0.18156774355121466 -2.011620400258231 -2.2032795419052578 -0.4777704047777041 -0.18059022170019084 -0.11805641854107118 -0.07121176745272005 -0.16231555051078322 -0.08450368959771483 -0.17646342947547763 -0.15367455694633783 -0.2979797979797979 -0.2399595857539783 -0.22210743801652894 -0.12058212058212059 0.008434751174840343 0.14651162790697675 -0.026900584795321637 -0.08765609990393854 -0.09118915588416512 -0.07379166154224573 -0.04352692451187663 0.14622057001239158 -0.0012787723785166213 0.07196235815112095 -0.003833375926399182 0.08966493629070316 0.040165386887182526 -0.018463810930576068 -0.01835311391166034 -0.0376487733786738 -0.004979459728619449 0.057507188398549826 0.0026212319790301386 -0.014042971492767878 -0.008754377188594297 -0.03608479927830401 0.08392877395939662 -0.04104792949414463 -0.002356267672007534 -0.1854066985645933 -0.011093307038087018 -0.09561654041971937 -0.03235037949483638 -0.09855453350854139
0.06131207847946045 0.05399325084364455 0.0658118688301373 -0.08097165991902834 0.04364236848313281 -0.04723665564478034 -0.07343941248470012 -0.08855999029479558 0.05120327700972862 -0.006911805363560961 -0.02907344204272532 -0.012223444566678891 0.011911852293031565 -0.018315018315018316 0.03297818366311517 -0.06891459512675363 -0.22254221756774445 -0.1535312180143296 0.04336399474375822 0.0027624309392265205 0.019110714740731304 -0.06523076923076923 -6.938893903907229e-19 -0.08836876044900883 0.00903109276222423 -0.19478039465308722 -0.3808255659121172 -0.3856924643584521 -0.08159443552701978 -0.19590895995390376 0.12074502247912652 -0.147250920318252 -0.009504574076274207 -0.18130932100267702 0.47113221694576357 -1.0827522694382317 -4.731123641864943 -2.00449557054079 -0.4013698630136986 -0.3108437186649477 -0.13693467336683415 -0.07881210736721873 -0.07155222158107329 -0.0523305342582451 -0.13446829509005673 -0.16403706486351116 -2.2259522272433827 -2.8006246746486205 -0.5335102853351028 -0.18939950080751725 -0.12178451596868396 -0.0688769554050899 -0.16458569807037454 -0.07974291835277315 -0.18376536448825603 -0.15863180071880034 -0.3232323232323232 -0.29931800959838345 -0.24535123966942146 -0.1288981288981289 0.013254608989034824 0.1395348837209302 -0.02222222222222222 -0.09486071085494717 -0.07147258163894023 -0.07625138359365392 -0.024872528292500935 0.14622057001239158 0.01790281329923274 0.06227511763077774 0.010222335803731154 0.08612553091080699 0.053160070880094515 -0.017232890201871 0.004894163709776091 -0.03036191401505951 0.027387028507406947 0.06500812601575195 0.02883355176933159 -0.019660160089875024 0.011255627813906955 -0.03270184934596301 0.09186798230690711 -0.04104792949414463 0.009425070688030163 -0.17703349282296652 0.014791076050782694 -0.09561654041971937 -0.01866368047779022 -0.10643889618922471
0.06499080318822807 0.04274465691788526 0.07829343015999093 -0.08675534991324464 0.05779665015333805 -0.06022673594709495 -0.06854345165238677 -0.13344656071818511 0.06656426011264722 -0.015205971799834118 -0.025281253950195932 -0.018335166850018337 0.02025014889815366 -0.02197802197802198 0.039320142059868085 -0.07014521289687423 -0.24479643932451892 -0.2059877175025589 0.05519053876478318 -0.006906077348066297 0.020384762390113394 -0.06276923076923077 0.012006243246488173 -0.09075710532600907 0.024512966068894335 -0.17950350095480588 -0.336884154460719 -0.4022403258655804 -0.07624398073836275 -0.1930279458369346 0.1220295439948619 -0.13062581641135257 0.007128430557205655 -0.17644195668045753 0.4573856535866033 -0.6722799631627419 -4.281391830559758 -1.9555731852439506 -0.3780821917808219 -0.29651912333476577 -0.13442211055276382 -0.07652769845802398 -0.0623196768609348 -0.05233053425824511 -0.1233654083395016 -0.15652391685449538 -2.392511297611362 -3.4747527329515875 -0.5799601857996018 -0.18646307443840843 -0.11557102025599601 -0.07938360961942563 -0.1611804767309875 -0.08450368959771484 -0.1679445052939029 -0.17846077580865036 -0.3371212121212121 -0.4432937610507704 -0.259555785123967 -0.1469161469161469 0.018074466803229307 0.14302325581395348 -0.01871345029239766 -0.0936599423631124 -0.05914972273567467 -0.07625138359365392 -0.013679890560875516 0.16852540272614622 0.02813299232736573 0.059507334624965394 0.01916687963199591 0.08494572911750826 0.06142941523922031 -0.016001969473165928 0.02324727762143644 -0.030361914015059516 0.046060002489729863 0.045005625703212905 0.049803407601572744 -0.026681645836258955 0.020010005002501254 -0.029318899413622014 0.0952705001701259 -0.04466980562598093 0.02238454288407163 -0.16387559808612442 0.03451251078515962 -0.07450639513224885 -0.008709717556302102 -0.10512483574244416
0.07357449417535253 0.04274465691788527 0.0658118688301373 -0.0936957779063042 0.05071950931823542 -0.055503070382616905 -0.07466340269277846 -0.17105422782967367 0.07296466973886329 -0.020735416090682884 -0.017696877765137155 -0.018335166850018337 0.0 -0.028083028083028084 0.035514967021816335 -0.06153088850603002 -0.2801413797617489 -0.2546059365404299 0.06044678055190539 -0.008287292817679556 0.030577143585170087 -0.060307692307692305 0.007203745947892905 -0.10031048483401003 0.04128499548445362 -0.17186505410566516 -0.2729693741677762 -0.4238798370672098 -0.05751738897806313 -0.18582541054451165 0.14258188824662812 -0.11400071250445316 0.027325650469288344 -0.18739352640545143 0.44613846538365404 -0.46967504275753197 -3.6088571035620958 -1.8960729869099562 -0.3493150684931507 -0.29508666380174753 -0.13190954773869346 -0.08223872073101085 -0.06578188113098674 -0.06450042594620907 -0.11966444608931655 -0.15151515151515155 -2.47385409941898 -4.13846954711088 -0.6303915063039152 -0.18939950080751722 -0.11929911768360882 -0.08522063973850105 -0.16572077185017026 -0.08569388240895025 -0.1630765486187173 -0.19209319618292228 -0.3787878787878788 -0.5746400606213691 -0.2982954545454546 -0.16216216216216214 0.021689360163875165 0.13372093023255816 -0.011695906432748537 -0.09726224783861673 -0.05545286506469501 -0.0787111056450621 -0.012436264146250469 0.1821561338289963 0.034526854219948847 0.041516745087185156 0.023000255558395098 0.08376592732420954 0.04725339633786177 -0.012309207287050714 0.02569435947632448 -0.02428953121204761 0.05975351674343334 0.023752969121140145 0.0655307994757536 -0.011234377194214296 0.02251125562781391 -0.02706359945872801 0.09300215492798004 -0.051913557889653496 0.027097078228086713 -0.15550239234449761 0.0468384074941452 -0.052154476592574196 -0.00497698146074406 -0.10249671484888305
0.08093194359288779 0.043869516310461196 0.07829343015999093 -0.07750144592249855 0.05189903279075253 -0.05904581955597543 -0.07711138310893513 -0.2062355938371952 0.07040450588837685 -0.013823610727121923 -0.020225003160156747 -0.022002200220022 0.0047647409172126304 -0.0293040293040293 0.03424657534246575 -0.06645335958651243 -0.29715931404634116 -0.30578300921187307 0.06044678055190539 -0.008287292817679554 0.0484138106765193 -0.06769230769230769 0.03001560811622044 -0.09672796751850968 0.05547671268223455 -0.16931890515595163 -0.20372836218375495 -0.45952138492871686 -0.029427501337613692 -0.1829443964275425 0.155427103403982 -0.09500059375371096 0.04395865510276821 -0.16914091019712824 0.4323919020244939 -0.37363504801999736 -2.789162426076193 -1.7651725505751685 -0.3164383561643836 -0.2793296089385474 -0.13944723618090452 -0.08566533409480297 -0.06924408540103867 -0.0547645125958379 -0.12336540833950158 -0.14149762083646383 -2.455777921239509 -4.692868297761582 -0.6954213669542137 -0.19527235354573483 -0.11557102025599604 -0.10039691804809714 -0.17253121452894438 -0.08569388240895025 -0.16064257028112452 -0.20944354938654106 -0.44191919191919193 -0.8726951250315735 -0.35898760330578516 -0.1843381843381843 0.026509217978069644 0.12674418604651166 -0.007017543859649122 -0.0840537944284342 -0.044362292051756014 -0.0836305497478785 -0.008705384902375327 0.19578686493184633 0.03324808184143222 0.03182950456684196 0.028111423460260677 0.07904672015101463 0.07324276432368576 -0.0086164451009355 0.03548268689587668 -0.03279086713626427 0.06597784140420763 -0.010001250156269532 0.06684141546526869 -0.018255862940598232 0.033766883441720866 -0.03608479927830401 0.09640467279119883 -0.051913557889653496 0.03770028275212064 -0.1626794258373206 0.060396893874029335 -0.03352787780951198 0.007465472191116087 -0.10512483574244416
0.09319435928877987 0.034870641169853764 0.0919096788834676 -0.07056101792943897 0.05543760320830384 -0.05904581955597543 -0.07588739290085679 -0.2268591532209147 0.07680491551459293 -0.009676527508985344 -0.030337504740235118 -0.033003300330033 -0.011911852293031568 -0.03296703296703297 0.020294266869609334 -0.06153088850603002 -0.31679539206702445 -0.3352098259979529 0.04336399474375822 0.0027624309392265205 0.049687858325901384 -0.0763076923076923 0.036018729739464524 -0.09911631239550991 0.05160624435556702 -0.16804583068109485 -0.18109187749667113 -0.4977087576374745 -0.03611556982343499 -0.1872659176029962 0.17084136159280666 -0.0819380121125757 0.04989901390043959 -0.1472377707471404 0.41989502624343916 -0.2762794369161952 -1.9117040297070556 -1.6144387147957158 -0.27397260273972607 -0.26214009454232917 -0.15829145728643215 -0.08909194745859508 -0.09578765147143682 -0.04867956675185591 -0.1480384900074019 -0.13148009015777612 -2.391220142027114 -5.137948984903696 -0.7697412076974122 -0.2011452062839524 -0.11432832111345845 -0.1167406023815083 -0.17820658342792278 -0.09164484646512736 -0.16064257028112452 -0.23175114636262237 -0.5467171717171717 -1.4157615559484718 -0.45583677685950413 -0.2148302148302148 0.03614893360645861 0.12209302325581398 -0.010526315789473684 -0.07444764649375601 -0.04066543438077634 -0.07625138359365392 -0.007461758487750281 0.23915737298636924 0.030690537084398978 0.02075837254359258 0.016611295681063124 0.08494572911750826 0.0767867690490254 0.002461841457410144 0.028141441331212536 -0.009715812484819045 0.053529192082659015 0.011251406425803226 0.05242463958060288 0.009830080044937508 0.04752376188094047 -0.03495714930085701 0.10547805375978223 -0.04466980562598093 0.04948162111215834 -0.1507177033492823 0.07765314926660914 0.019868372035266358 0.007465472191116087 -0.08804204993429697
0.10055180870631512 0.026996625421822275 0.09871780324520595 -0.07056101792943897 0.06015569709837225 -0.051960321209258385 -0.07588739290085679 -0.25597476646851874 0.07040450588837685 -0.011058888581697538 -0.026545316647705725 -0.031780955873365116 -0.007147111375818939 -0.024420024420024423 0.027904616945712835 -0.049224710804824025 -0.30894096085875117 -0.36207778915046057 0.06044678055190539 0.022099447513812154 0.06370238246910434 -0.0713846153846154 0.048024972985952694 -0.07762120850250777 0.06192749322668043 -0.1413112667091025 -0.16644474034620507 -0.5104378818737272 -0.02808988764044944 -0.1613367905502737 0.16441875401412973 -0.06768792304951907 0.05227515741950813 -0.13628620102214647 0.4048987753061736 -0.22628601499802653 -1.1745289506257737 -1.4266825333862223 -0.24520547945205476 -0.2220312276178198 -0.15954773869346733 -0.08338092518560822 -0.10040392383150606 -0.030424729219909935 -0.14927214409079692 -0.10643626346105686 -2.241446094254358 -5.352680895366996 -0.7856668878566688 -0.17471736896197326 -0.12799801168137193 -0.11790800840532337 -0.20090805902383657 -0.08450368959771484 -0.1764634294754777 -0.2193580369314661 -0.6982323232323233 -2.149532710280374 -0.5914256198347108 -0.2148302148302148 0.03132907579226413 0.11511627906976744 -0.0152046783625731 -0.07204610951008647 -0.04805914972273567 -0.07625138359365392 -0.024872528292500935 0.2726146220570012 0.011508951406649617 0.012455023526155549 0.015333503705596729 0.08258612553091081 0.07324276432368577 0.018463810930576075 0.031812064113544605 0.00728685936361428 0.06971243620067222 0.03875484435554445 0.06815203145478374 0.030894537284089314 0.0662831415707854 -0.03946774921064502 0.11908812521265737 -0.03138959314258118 0.0624410933081998 -0.13397129186602869 0.10600271169727597 0.08319880789767789 0.017419435112604204 -0.07752956636005257
0.08583690987124463 0.03712035995500563 0.07261999319187565 -0.07750144592249855 0.03066761028544468 -0.0543221539914974 -0.10159118727050183 -0.3129928424117433 0.04224270353302611 -0.009676527508985348 -0.0366578182277841 -0.024446889133357776 -0.014294222751637881 -0.028083028083028084 0.008878741755454084 -0.05660841742554763 -0.3338133263516167 -0.433725690890481 0.04336399474375822 0.024861878453038676 0.06625047776786852 -0.06769230769230769 0.04202185136270861 -0.09075710532600907 0.046445619920010325 -0.16295353278166774 -0.17709720372836218 -0.539714867617108 -0.04414125200642055 -0.15557476231633532 0.15928066795118817 -0.06412540078375491 0.045146726862302484 -0.14480408858603064 0.37865533616595853 -0.22891724773056174 -0.9269701554119104 -1.2138040460134865 -0.24109589041095889 -0.20484171322160152 -0.16331658291457285 -0.08109651627641348 -0.09001731102135027 -0.03894365340148472 -0.14927214409079692 -0.11019283746556474 -2.0438992898644286 -5.137948984903695 -0.7750497677504977 -0.17765379533108205 -0.14539579967689825 -0.13425169273873452 -0.2395005675368899 -0.1011663889550107 -0.214190093708166 -0.27636634031478496 -0.917929292929293 -2.9186663298812836 -0.7644628099173554 -0.2744282744282744 0.02289432461742379 0.1 -0.03625730994152047 -0.09606147934678194 -0.06531115218730746 -0.1094576312876645 -0.08581022260912821 -0.06319702602230484 -0.03580562659846548 -0.02075837254359258 0.014055711730130335 0.09792354884379426 0.06969875959834612 0.013540128015755788 0.031812064113544605 0.02064610153024047 0.09834432964023403 0.14751843980497564 0.07863695937090433 0.03932032017975003 0.07003501750875438 -0.04961659900766803 0.11114891686514686 -0.04225522153809006 0.0589066918001885 -0.15311004784688995 0.11216566005176876 0.08195703464547374 -0.0012442453651860142 -0.08015768725361366
0.0797057020232986 0.05511811023622047 0.05673436968115284 -0.0879120879120879 0.016513328615239443 -0.06376948512045347 -0.12117503059975518 -0.3469610578672814 0.023041474654377874 -0.022117777163395077 -0.03286563013525472 -0.015890477936682558 -0.019058963668850508 -0.017094017094017096 -0.0012683916793505834 -0.05660841742554763 -0.35606754810839114 -0.5053735926305014 0.027595269382391596 0.015193370165745856 0.07516881131354312 -0.05661538461538461 0.03721935406411334 -0.08478624313350848 0.04515546381112114 -0.16168045830681094 -0.18242343541944073 -0.5677189409368636 -0.044141252006420544 -0.1584557764333045 0.15928066795118817 -0.052250326564541025 0.03683022454556255 -0.14480408858603067 0.36365908522869284 -0.2170767004341534 -0.6642827671571998 -1.0115033716779054 -0.2232876712328767 -0.19767941555651053 -0.15577889447236182 -0.07652769845802398 -0.07501442585112521 -0.02920774005111354 -0.13570194917345174 -0.1076884547958928 -1.8256939961265335 -4.823008849557522 -0.7378898473788984 -0.18352664806929966 -0.15285199453212378 -0.12841466261965911 -0.2633371169125993 -0.10235658176624611 -0.23609589874650116 -0.29495600446151937 -1.0681818181818183 -3.19272543571609 -0.8806818181818181 -0.30214830214830213 0.01686950234968069 0.10930232558139534 -0.05730994152046783 -0.09726224783861671 -0.08502772643253234 -0.11437707539048089 -0.1940057206815073 -0.5353159851301115 -0.10869565217391304 -0.042900636590091336 0.007666751852798364 0.09792354884379426 0.0637920850561134 1.734723475976807e-18 0.03548268689587667 0.002428953121204761 0.1058135192331632 0.1512689086135767 0.08387942332896461 0.01966016008987502 0.06878439219609805 -0.041723049165539025 0.10661222638085517 -0.027767717010744892 0.054194156456173426 -0.15311004784688992 0.10970048070997165 0.10058363342853593 -0.014930944382232175 -0.08015768725361366
0.07112201103617413 0.0562429696287964 0.04765687053216838 -0.07518796992481204 0.01061571125265393 -0.06376948512045347 -0.12117503059975518 -0.36151886449108334 0.02688172043010753 -0.0345590268178048 -0.04171406901782329 -0.02566923359002567 -0.030970815961882076 -0.008547008547008548 -0.016489091831557584 -0.060300270735909434 -0.3704673386568923 -0.5488741044012282 0.003942181340341663 1.3877787807814458e-18 0.07644285896292521 -0.04553846153846154 0.04922559731060151 -0.08120372581800811 0.05160624435556702 -0.16040738383195416 -0.16644474034620504 -0.5791751527494909 -0.026752273943285183 -0.16421780466724284 0.16570327552986513 -0.05106281914261964 0.053463229179042414 -0.13871988318325626 0.36740814796300925 -0.21181423496908297 -0.4566084445055701 -0.8237471902684119 -0.16575342465753423 -0.18908465835840138 -0.16959798994974876 -0.07081667618503712 -0.07386035776110791 -0.017037848363149567 -0.13816925734024182 -0.10017530678687706 -1.6100710135571337 -4.422175950026027 -0.7073656270736562 -0.18793128762296285 -0.15658009195973654 -0.12841466261965911 -0.2656072644721907 -0.1011663889550107 -0.23852987708409396 -0.3011525591770975 -1.133838383838384 -3.3392270775448347 -0.922004132231405 -0.31600831600831597 0.013254608989034827 0.10930232558139534 -0.0608187134502924 -0.10326609029779059 -0.09118915588416512 -0.12790554667322593 -0.2636487999005099 -0.6889714993804212 -0.13171355498721227 -0.06504290063659009 -0.015333503705596729 0.08730533270410572 0.04725339633786179 0.007385524372230429 0.011011868346996209 -0.003643429681807142 0.06971243620067222 0.11626453306663331 0.049803407601572744 0.007021485746383935 0.0662831415707854 -0.04285069914298602 0.09867301803334466 -0.014487504527345157 0.048303487276154564 -0.14593301435406697 0.1023049426845803 0.1204520054638023 -0.02115217120816225 -0.0735873850197109
0.06989576946658492 0.041619797525309345 0.054464994893906736 -0.07287449392712551 0.01887237556027365 -0.06731223429381199 -0.10771113831089352 -0.3663714666990173 0.03968253968253969 -0.048382637544926735 -0.0379218809252939 -0.03911502261337245 -0.015485407980941038 -0.010989010989010988 -0.012683916793505834 -0.06768397735663303 -0.3573766199764367 -0.5757420675537359 0.017082785808147184 -0.02071823204419889 0.07516881131354312 -0.04184615384615384 0.05642934325849441 -0.07881538094100787 0.05676686879112373 -0.15531508593252705 -0.14913448735019974 -0.5829938900203666 -0.01605136436597111 -0.16853932584269665 0.1682723185613359 -0.035625222657641606 0.0641558750148509 -0.11681674373326842 0.37490627343164207 -0.1933956058413367 -0.3135744739375602 -0.675657807748248 -0.12739726027397258 -0.17762498209425584 -0.157035175879397 -0.06053683609366076 -0.06116560877091748 -0.021905805038335162 -0.11719713792252653 -0.08514901076884548 -1.354422207876049 -3.8846954711087966 -0.6609157266091572 -0.17912200851563648 -0.16652168510003726 -0.1214102264767686 -0.27014755959137343 -0.08926446084265652 -0.23974686625289032 -0.3023918701202132 -1.1780303030303032 -3.457943925233645 -0.9465392561983471 -0.33264033264033266 0.01686950234968069 0.11395348837209303 -0.0608187134502924 -0.09486071085494717 -0.08502772643253234 -0.12421596359611362 -0.2984703395100112 -0.721189591078067 -0.14578005115089515 -0.07749792416274565 -0.008944543828264758 0.08376592732420954 0.0472533963378618 -0.012309207287050712 0.017129572984216322 -0.013359242166626184 0.058508651811278456 0.09501187648456058 0.05897771952817824 -0.02387305153770538 0.06128064032016008 -0.03270184934596301 0.09300215492798003 -0.00965833635156344 0.03770028275212064 -0.13755980861244022 0.08258350795020337 0.12417732522041476 -0.03359462486002239 -0.08409986859395532
0.082158185162477 0.05286839145106862 0.060138431862022015 -0.0670908039329092 0.03066761028544468 -0.05196032120925838 -0.08812729498164015 -0.3384690040033968 0.05760368663594471 -0.04285319325407796 -0.04297813171533309 -0.026891578046693558 -0.02263251935675998 -0.014652014652014652 -0.012683916793505834 -0.05906965296578883 -0.32726796701138894 -0.5591095189355169 0.04073587385019712 -0.013812154696132594 0.0675245254172506 -0.04307692307692308 0.042021851362708605 -0.07881538094100787 0.05547671268223455 -0.14003819223424568 -0.13049267643142476 -0.560081466395112 0.0040128410914927765 -0.15845577643330452 0.178548490687219 -0.026125163282270512 0.06772009029345372 -0.10586517400827451 0.3761559610097475 -0.16708327851598476 -0.24205748865355523 -0.564590770858125 -0.09863013698630135 -0.1575705486320011 -0.14321608040201006 -0.051399200456881775 -0.03923831506058858 -0.020688815869538763 -0.09499136442141624 -0.06260956674179816 -1.067785668173015 -3.273034877667881 -0.5919044459190445 -0.1570988107473205 -0.18267677395302595 -0.12607985057202895 -0.27582292849035184 -0.08807426803142109 -0.24339783375927954 -0.3036311810633288 -1.2108585858585859 -3.537509472088911 -0.9633264462809917 -0.3354123354123354 0.020484395710326543 0.11976744186046513 -0.06666666666666667 -0.0840537944284342 -0.08995686999383858 -0.12421596359611362 -0.3121502300708867 -0.7571251548946717 -0.1368286445012788 -0.08303349017437034 -0.003833375926399182 0.08376592732420954 0.046072061429415244 0.001230920728705072 0.018353113911660345 -0.0072868593636142825 0.046060002489729863 0.08501062632829104 0.07470511140235911 -0.02949024013481253 0.05127563781890946 -0.03495714930085701 0.08846546444368832 0.006036460219727152 0.04005655042412818 -0.13755980861244022 0.07765314926660914 0.1279026449770272 -0.027373398034092323 -0.08935611038107752
0.08583690987124463 0.057367829021372344 0.06467718143651424 -0.06015037593984962 0.023590469450342065 -0.056683986773736414 -0.09424724602203184 -0.3275506490355453 0.044802867383512544 -0.059441526126624275 -0.01896094046264695 -0.02933626696002934 -0.002382370458606317 -0.006105006105006105 0.006341958396752917 -0.05414718188530643 -0.2958502421782956 -0.54503582395087 0.05124835742444154 -0.011049723756906077 0.07899095426168938 -0.040615384615384616 0.05042622163525033 -0.062096966802006215 0.06966842988001548 -0.12985359643539146 -0.08788282290279627 -0.5320773930753564 0.025414660246120917 -0.1613367905502737 0.1926782273603083 -0.03443771523572022 0.068908162052988 -0.10221465076660989 0.3861534616345913 -0.17103012761478756 -0.20354834273139874 -0.5302128784873728 -0.07397260273972603 -0.16759776536312848 -0.12814070351758794 -0.0548258138206739 -0.021927293710328914 -0.020688815869538763 -0.08142116950407106 -0.06010518407212623 -0.8095545513234346 -2.5910983862571575 -0.5335102853351028 -0.15122595800910293 -0.18267677395302595 -0.12374503852439878 -0.2690124858115778 -0.07855272554153772 -0.23974686625289038 -0.29743462634775064 -1.2108585858585859 -3.5223541298307657 -0.9607438016528924 -0.3395703395703396 0.01445957344258344 0.10930232558139537 -0.05847953216374269 -0.07324687800192123 -0.10351201478743069 -0.1352847128274505 -0.32956099987563736 -0.7893432465923172 -0.1368286445012788 -0.08718516468308886 0.024278047533861487 0.073147711184521 0.06733608978145304 0.004923682914820284 0.025694359476324487 -0.018217148409035704 0.038590812896800705 0.08751093886735842 0.08125819134993448 -0.0421289144783036 0.06503251625812907 -0.03608479927830401 0.11568560734943859 0.018109380659181457 0.05655042412818097 -0.14354066985645936 0.08381609762110193 0.11424313920278158 -0.01617518974741819 -0.09855453350854139
0.07480073574494175 0.0562429696287964 0.07488936797912175 -0.05436668594563332 0.03302665723047889 -0.04369390647142182 -0.08445532435740515 -0.2911561324760403 0.05120327700972862 -0.04285319325407797 -0.027809379345215525 -0.025669233590025674 0.016676593210244194 -0.0024420024420024433 0.0012683916793505834 -0.05291656411518582 -0.2893048828380678 -0.5143295803480041 0.03416557161629435 -0.0027624309392265166 0.06752452541725061 -0.03323076923076924 0.054028094609196796 -0.05373775973250537 0.05676686879112373 -0.12985359643539146 -0.0892143808255659 -0.500254582484725 0.01605136436597111 -0.17574186113511958 0.17597944765574822 -0.035625222657641606 0.0641558750148509 -0.09004623996106108 0.37490627343164207 -0.16182081305091434 -0.1939210562508596 -0.47467936004231126 -0.06712328767123288 -0.15757054863200115 -0.12814070351758794 -0.05711022272986864 -0.016156953260242354 -0.023122794207131557 -0.06538366641993584 -0.053844227397946406 -0.618463524854745 -1.9000520562207186 -0.47113470471134705 -0.14388489208633093 -0.20255996023362743 -0.12724725659584402 -0.26447219069239497 -0.0773625327303023 -0.25313374710965075 -0.3048704920064444 -1.2146464646464645 -3.5160394038898715 -0.962035123966942 -0.3548163548163548 0.004819857814194481 0.1127906976744186 -0.05730994152046783 -0.07204610951008646 -0.1059765865680838 -0.12175624154470546 -0.32458649421713714 -0.7831474597273853 -0.12148337595907928 -0.07334624965402713 0.012777919754663941 0.06252949504483248 0.07442409923213232 -0.011078286558345642 0.029364982258656552 -0.029147437454457126 0.02489729864309723 0.12001500187523442 0.08125819134993448 -0.05195899452324112 0.05127563781890946 -0.03495714930085701 0.12249064307587612 0.024145840878908607 0.05183788878416588 -0.14473684210526316 0.06532725255762356 0.10430895318514836 -0.031106134129650364 -0.10512483574244416
0.07357449417535254 0.030371203599550055 0.07261999319187565 -0.06824754193175245 0.03302665723047889 -0.05668398677373643 -0.07466340269277846 -0.27781147640422177 0.05888376856118792 -0.0566768039811999 -0.015168752370117555 -0.040337367070040334 0.023823704586063133 0.0024420024420024424 0.00380517503805175 -0.04922471080482402 -0.2631234454771567 -0.48234390992835197 0.04073587385019711 -0.006906077348066295 0.07007262071601478 -0.028307692307692305 0.05402809460919679 -0.05732027704800573 0.06192749322668043 -0.12730744748567793 -0.07856191744340878 -0.45315682281059066 0.014713750668806846 -0.17862287525208875 0.1708413615928067 -0.047500296876855475 0.055839372698110956 -0.09126308104161597 0.36240939765058733 -0.1657676621497171 -0.19804703617109065 -0.45352373396800216 -0.07534246575342465 -0.1633003867640739 -0.1193467336683417 -0.05368360936607652 -0.01154068090017311 -0.01703784836314957 -0.061682704169750815 -0.035061357375406964 -0.49580374435119434 -1.2896928682977615 -0.40610484406104846 -0.1277345470562326 -0.1913756679507891 -0.1295820686434742 -0.24517593643586838 -0.08688407522018567 -0.24583181209687233 -0.3098277357789069 -1.1654040404040402 -3.3291235160394037 -0.9116735537190083 -0.3603603603603604 -0.008434751174840344 0.10348837209302324 -0.06666666666666667 -0.08525456292026896 -0.12446087492298215 -0.12052638051900136 -0.33329187911951247 -0.7744733581164807 -0.12404092071611253 -0.07749792416274565 0.016611295681063124 0.03539405379896178 0.06497341996455995 -0.022156573116691287 0.009788327419552182 -0.04493563274228807 0.011203784389393751 0.15001875234404302 0.07470511140235911 -0.06740626316528578 0.05502751375687844 -0.040595399188092025 0.13156402404445955 0.019316672703126887 0.05655042412818097 -0.14114832535885166 0.06409466288672501 0.10306717993294423 -0.028617643399278338 -0.11300919842312747
0.06744328632740651 0.034870641169853764 0.06354249404289118 -0.06824754193175245 0.02476999292285917 -0.07439773264052905 -0.07343941248470012 -0.2644668203324033 0.05120327700972862 -0.071882775781034 -1.3877787807814458e-18 -0.02444688913335778 0.03097081596188207 0.023199023199023196 0.01902587519025875 -0.043071621954221026 -0.21992407383165338 -0.45547594677584435 0.06044678055190539 0.002762430939226518 0.07134666836539685 -0.01846153846153846 0.060031216232440864 -0.045378552663004536 0.073538898206683 -0.11330362826225335 -0.058588548601864174 -0.3946028513238289 0.029427501337613692 -0.15269374819936618 0.16955684007707128 -0.053437833986462416 0.05702744445764524 -0.11559990265271355 0.36365908522869284 -0.17629259307985787 -0.18979507633062853 -0.4495570540790691 -0.06849315068493149 -0.17189514396218306 -0.11055276381909547 -0.04454597372929754 -0.003462204270051933 0.0012169891687963952 -0.04811250925240562 -0.023791635361883296 -0.3912201420271143 -0.7925559604372724 -0.33178500331785 -0.12039348113346063 -0.18267677395302595 -0.1225776325005837 -0.2179341657207719 -0.08807426803142109 -0.23122794207131556 -0.3023918701202131 -1.0808080808080809 -2.8858297549886336 -0.8225723140495868 -0.34372834372834377 -0.0036148933606458614 0.09883720930232558 -0.0654970760233918 -0.0888568683957733 -0.12815773259396182 -0.1377444348788587 -0.32334286780251215 -0.8029739776951672 -0.10997442455242964 -0.088569056185995 0.01661129568106312 0.049551675318546484 0.05079740106320141 0.0036927621861152114 0.007341245564664138 -0.03886324993927617 0.01369351425370347 0.182522815351919 0.0851900393184797 -0.05898048026962506 0.04502251125562782 -0.031574199368516014 0.12929567880231368 0.03259688518652662 0.04948162111215834 -0.1303827751196172 0.04930358683594231 0.08692412765429032 -0.03732736095558044 -0.0985545335085414
0.06499080318822809 0.03599550056242969 0.06808124361738341 -0.07865818392134181 0.023590469450342065 -0.08266414737836561 -0.06487148102815177 -0.2474827126046343 0.06016385048643112 -0.0732651368537462 -0.006320313487548984 -0.022002200220022007 0.03454437164979154 0.012210012210012208 0.01141552511415525 -0.051685946345065216 -0.21599685822751674 -0.4414022517911976 0.04730617608409986 -0.0027624309392265192 0.0687985730666327 -0.01723076923076923 0.06843558650498259 -0.052543587294005246 0.07998967875112889 -0.12603437301082115 -0.030625832223701726 -0.36659877800407326 0.0521669341894061 -0.16853932584269665 0.1811175337186898 -0.053437833986462416 0.06177973149578234 -0.12533463129715258 0.3736565858535366 -0.16182081305091434 -0.1595378902489341 -0.42311252148618267 -0.04246575342465753 -0.16759776536312848 -0.11306532663316585 -0.03997715591090805 -0.0011540680900173107 -0.003650967506389191 -0.04317789291882556 -0.01627848735286752 -0.3369916074887024 -0.4737116085372202 -0.28931652289316523 -0.10571134928791662 -0.16900708338511244 -0.12141022647676862 -0.19750283768444948 -0.09283503927636276 -0.21784106121455515 -0.30487049200644434 -0.955808080808081 -2.2341500378883556 -0.706353305785124 -0.3298683298683299 0.002409928907097242 0.10348837209302326 -0.06315789473684211 -0.09486071085494716 -0.12815773259396182 -0.1303652687246341 -0.2972267130953862 -0.8029739776951672 -0.07672634271099744 -0.0691945751453086 0.005111167901865573 0.053091080698442664 0.046072061429415244 -0.006154603643525357 -0.004894163709776094 -0.04979353898469759 -0.004979459728619443 0.18377297162145267 0.07470511140235911 -0.06881056031456256 0.033766883441720866 -0.03157419936851602 0.12589316093909494 0.01448750452734517 0.043590951932139486 -0.14473684210526316 0.03821027979785529 0.039736744070532716 -0.04479283314669652 -0.10643889618922471
0.07725321888412016 0.020247469066366708 0.08396686712810622 -0.07634470792365529 0.04953998584571832 -0.08502598016060463 -0.02937576499388005 -0.18439888390149217 0.08832565284178187 -0.06635333149018523 3.4694469519536144e-19 -0.036670333700036674 0.0464562239428231 0.008547008547008544 0.017757483510908167 -0.04676347526458283 -0.18850634899856003 -0.3889457523029683 0.056504599211563734 0.0027624309392265192 0.07134666836539687 -0.020923076923076923 0.08044182975147077 -0.0310484834010031 0.0993420203844665 -0.09929980903882876 0.005326231691078565 -0.3093177189409368 0.07758159443552702 -0.14116969173148947 0.1901091843288375 -0.05937537109606935 0.07484852085065938 -0.12046726697493308 0.39240189952511867 -0.143402183923168 -0.11690276440654654 -0.36096786989289964 -0.010958904109589041 -0.15470562956596473 -0.10175879396984924 -0.04911479154768704 0.006924408540103866 -0.0012169891687963984 -0.029607698001480387 -0.010017530678687703 -0.30471271788250487 -0.4515877147319104 -0.26011944260119446 -0.08809279107326383 -0.1478811979619734 -0.10856876021480269 -0.16685584562996594 -0.07141156867412521 -0.17524644030668124 -0.24166563390754742 -0.7487373737373737 -1.542056074766355 -0.543646694214876 -0.2577962577962578 0.013254608989034822 0.09883720930232558 -0.04093567251461988 -0.08285302593659942 -0.10597658656808377 -0.11191735333907268 -0.2188782489740082 -0.44609665427509304 -0.00767263427109976 -0.03736507057846665 0.003833375926399185 0.0412930627654554 0.05197873597164796 -0.001230920728705072 -0.0036706227823320703 -0.05829487490891425 -0.01742810905016806 0.11126390798849857 0.07339449541284404 -0.061789074568178615 0.02751375687843922 -0.029318899413622018 0.1326981966655325 0.022938548834963178 0.04594721960414703 -0.12799043062200957 0.04437322815234808 0.06084688935800322 -0.02861764339927833 -0.09461235216819973
0.0698957694665849 -0.012373453318335208 0.08056280494723704 -0.08097165991902834 0.05189903279075253 -0.09211147850732168 -0.00979192166462668 -0.16862792672570664 0.09856630824372761 -0.06497097041747305 -0.016432815067627355 -0.048893778266715565 0.038117927337701 -0.002442002442002443 0.012683916793505834 -0.04676347526458283 -0.17017934284592226 -0.3300921187308086 0.07095926412614981 0.023480662983425413 0.06370238246910434 -0.03569230769230769 0.08764557569936368 -0.019106759016001913 0.10450264482002322 -0.0802036919159771 0.03195739014647137 -0.24949083503054986 0.09497057249866239 -0.10227600115240562 0.178548490687219 -0.07481296758104738 0.07128430557205653 -0.10708201508882939 0.39240189952511867 -0.1420865675569004 -0.10314949800577637 -0.31601216448499275 0.0 -0.12748889843861907 -0.11180904522613064 -0.05596801827527127 -6.938893903907229e-19 0.00486795667518559 -0.032075006168270415 0.0062609566741798125 -0.29954809554551326 -0.43466944299843835 -0.2534837425348374 -0.06313316693583908 -0.13172610910898472 -0.13892131683399483 -0.15096481271282633 -0.08212330397524399 -0.14968966776195688 -0.23546907919196922 -0.6174242424242424 -1.3652437484213185 -0.44292355371900827 -0.2383922383922384 0.016869502349680682 0.0755813953488372 -0.02456140350877193 -0.08285302593659942 -0.08995686999383856 -0.10699790923625632 -0.1094391244870041 0.04956629491945479 0.07033248081841433 -0.016606698034874065 0.0 0.02477583765927324 0.049616066154754876 0.002461841457410141 -0.011011868346996207 -0.046150109302890444 -0.03734594796464584 0.12501562695336918 0.0655307994757536 -0.03791602303047324 0.023761880940470236 -0.05412719891745603 0.13950323239197004 0.013280212483399733 0.048303487276154564 -0.13875598086124402 0.04807099716504376 0.03725319756612442 -0.012442453651860145 -0.1038107752956636
0.08828939301042306 -0.01012373453318335 0.10212186542607513 -0.07750144592249855 0.07313045529606038 -0.08266414737836561 0.009791921664626684 -0.14921751789397067 0.11008704557091653 -0.052529720763063316 -0.0025281253950195925 -0.037892678156704565 0.0655151876116736 0.009768009768009766 0.029173008625063418 -0.03322667979325622 -0.14399790548501115 -0.2942681678607984 0.09067017082785808 0.04005524861878453 0.061154287170340174 -0.05169230769230769 0.08884620002401249 -0.026271793647002627 0.10192233260224488 -0.08911521323997454 0.033288948069241014 -0.24439918533604885 0.09229534510433388 -0.10515701526937479 0.18882466281310212 -0.07837548984681156 0.08078887964833076 -0.10343149184716476 0.40364908772806796 -0.14077095119063282 -0.0907715582450832 -0.29088985852175064 0.005479452054794521 -0.12462397937258271 -0.09924623115577888 -0.05368360936607652 0.01846508944027698 0.01703784836314957 -0.018504811250925242 0.026296018031555218 -0.2737249838605552 -0.3917230609057782 -0.2349037823490378 -0.038173542798414326 -0.12675531253883435 -0.15409759514359095 -0.13961407491486946 -0.09045465365389194 -0.13995375441158572 -0.2367083901350849 -0.5606060606060607 -1.3058853245769133 -0.40289256198347106 -0.237006237006237 0.03132907579226413 0.07325581395348837 0.007017543859649122 -0.08165225744476465 -0.061614294516327786 -0.09838888205632763 -0.0012436264146250431 0.2255266418835192 0.14194373401534527 0.0 0.012777919754663938 0.03067484662576687 0.06024808033077378 0.009847365829640572 0.007341245564664136 -0.027932960893854747 -0.006224324660774305 0.1837729716214527 0.09174311926605505 -0.015447268642044659 0.026263131565782895 -0.057510148849797015 0.16218668481342857 0.013280212483399736 0.05537229029217718 -0.1423444976076555 0.05793171453223221 0.022351918539674658 -0.006221226825930072 -0.11695137976346912
0.0944206008583691 0.010123734533183352 0.11006467718143653 -0.06940427993059572 0.06605331446095777 -0.06258856872933397 0.015911872705018364 -0.12010190464636664 0.11264720942140297 -0.03870611003594138 -0.0037921880925293897 -0.014668133480014672 0.04764740917212625 0.026862026862026857 0.020294266869609334 -0.009844942160964806 -0.1361434742767378 -0.24948822927328557 0.09329829172141918 0.06077348066298342 0.06625047776786852 -0.04307692307692308 0.08884620002401249 -0.011941724385001195 0.10708295703780157 -0.06747294716740929 0.04793608521970706 -0.2074847250509165 0.10165864098448367 -0.09075194468452895 0.1901091843288375 -0.07243795273720462 0.07009623381252228 -0.0949136042832806 0.3924018995251187 -0.11708985659781608 -0.07701829184431302 -0.2525452862620653 0.0136986301369863 -0.11173184357541899 -0.10552763819095476 -0.04911479154768703 0.01154068090017311 0.03650967506389193 -0.027140389834690352 0.04758327072376659 -0.25564880568108456 -0.36309213951067154 -0.22826808228268075 -0.02202319776831596 -0.121784515968684 -0.13425169273873455 -0.11918274687854709 -0.0654606046179481 -0.12656687355482535 -0.19952906184161606 -0.5164141414141414 -1.2275827229098257 -0.3757747933884298 -0.21205821205821204 0.032534040245812745 0.07674418604651163 0.00935672514619883 -0.07084534101825168 -0.06900800985828712 -0.0787111056450621 0.06342494714587738 0.298636926889715 0.18286445012787725 0.016606698034874065 -0.0012777919754663942 0.042472864558754125 0.059066745422327226 0.033234859675036935 -0.006117704637220116 -0.004857906242409516 0.0037345947964645826 0.23252906613326668 0.09305373525557012 0.008425782895660722 0.03626813406703352 -0.04623364907532701 0.17579675626630373 0.0398406374501992 0.07186616399622996 -0.11842105263157894 0.08381609762110194 0.05339624984477833 0.009953962921488119 -0.09986859395532195
0.08828939301042306 1.3877787807814458e-18 0.11233405196868262 -0.07171775592828224 0.06487379098844068 -0.08502598016060463 0.01101591187270502 -0.13829916292611913 0.1075268817204301 -0.062206248272048646 -0.0012640626975097958 -0.01711282239335045 0.04883859440142941 0.03540903540903541 0.020294266869609334 -0.008614324390844202 -0.14007068988087445 -0.24437052200614123 0.07884362680683311 0.06077348066298342 0.07134666836539687 -0.02953846153846154 0.11405931084163765 0.009553379508000955 0.11353373758224745 -0.06365372374283897 0.041278295605858856 -0.19475560081466398 0.08694489031567684 -0.08498991645059062 0.1901091843288375 -0.07718798242489017 0.07960080788879648 -0.09856412752494524 0.39490127468132974 -0.13550848572556243 -0.074267638564159 -0.2604786460399312 0.01643835616438356 -0.12175906030654633 -0.10175879396984926 -0.041119360365505425 0.0103866128101558 0.04989655592065231 -0.024673081667900325 0.050087653393438514 -0.23499031633311818 -0.35398230088495575 -0.2216323822163238 -0.03083247687564234 -0.11432832111345843 -0.12841466261965911 -0.10215664018161182 -0.06189002618424185 -0.107095046854083 -0.1920931961829223 -0.47474747474747475 -1.1758019701944935 -0.3460743801652893 -0.20790020790020786 0.031329075792264134 0.0686046511627907 0.02456140350877193 -0.07324687800192123 -0.061614294516327786 -0.08609027179928667 0.09202835468225345 0.34200743494423796 0.19181585677749363 0.012455023526155549 -0.006388959877331971 0.04719207173194903 0.06261075014766687 0.018463810930576068 -0.00734124556466414 -0.013359242166626184 0.013693514253703475 0.24503062882860357 0.08781127129750983 0.0014042971492767898 0.03751875937968985 -0.03721244925575101 0.19054100034025176 0.04225522153809006 0.07893496701225258 -0.11004784688995214 0.09244422531739184 0.06457220911461567 0.013686699017046163 -0.09198423127463863
