0.11522431968619759 0.05177847816298964 0.03402903811252268 -0.12721174973979416 0.02240566037735849 0.02364066193853428 0.012245897624295864 0.05350845190319835 -0.052436372937715824 0.011060417530761786 0.008850676444556834 0.0758873929008568 0.10611660903779659 0.07574832009773977 0.09645894149003681 0.14932740960138222 0.16086497890295362 0.15071492979518228 0.08421052631578947 0.11068068622025458 0.06119326874043855 -0.025852517542779764 0.03474718427989456 -0.06532066508313539 -0.04710375556970081 0.03177831447820008 -0.06664889362836578 0.07441621760328458 -0.04814121422840332 0.07666714884999275 0.011529592621060722 0.073625460159126 0.023646252069047056 0.036328408815693866 0.03961376578360981 0.04960187965017622 0.13750850918992513 0.07574750830564783 0.11516314779270634 0.14632047052072875 -0.042713567839195984 -0.1426452128266575 0.032377428307123035 -0.07667031763417305 0.003695036334523955 -0.00124890720619458 0.04519628099173554 -0.04557291666666667 0.014717687985014716 -0.057176367101598 -0.017399950285856326 -0.09203168685927307 -0.1376720901126408 -0.20123839009287928 0.030573559985324694 0.06851874922137786 0.09928716904276987 0.1504049363671423 0.06237816764132553 0.047241906349868 -0.04696531791907514 -0.3554419793239633 -1.1178671655753039 -0.5292278085157566 -0.0655534941249227 0.07659995058067705 0.10212977954913438 0.022230455724342343 0.0395408163265306 -0.015214384508990316 -0.10093266896639838 -0.40311173974540304 -0.9841869247108803 -0.5883076923076922 -0.15312997672424355 -0.06564551422319474 -0.017432449259120904 -0.1171193620732619 -0.053636839351125065 -0.10662177328843996 0.040010002500625155 -0.06092057761732852 -0.12003170648850639 -0.11231884057971016 -0.025918944392082942 0.05034763845600576 0.05669912486133366 0.0012400793650793663 0.016169154228855724 0.005262465465070384
0.11277273841627851 0.057406573615488524 0.020417422867513614 -0.1329941020006939 0.007075471698113209 0.017730496453900707 -0.011021307861866274 0.04499574364587133 -0.07162041181736795 -0.0013825521913452261 0.011379441143001644 0.0722154222766218 0.09419339453916775 0.057422113622480155 0.08630536870161187 0.14192274466247073 0.15690928270042198 0.13912147365709135 0.0736842105263158 0.08716104039845046 0.07011728709841918 -0.038163240182198695 0.03235082674335012 -0.07482185273159145 -0.053469127943984715 0.034320579636456086 -0.07064782724606772 0.07954837054144213 -0.05482749398234823 0.08534644871980326 0.01921598770176787 0.08431302695641849 0.023646252069047056 0.036328408815693866 0.025996533795493937 0.06134969325153374 0.12525527569775358 0.09169435215946843 0.11516314779270634 0.15636207143881795 -0.036432160804020106 -0.14720985963711056 0.030064754856614244 -0.10222709017889739 -6.938893903907229e-19 -0.016235793680529537 0.04261363636363637 -0.0546875 0.017393631255017396 -0.07916727752528954 -0.011185682326621923 -0.10018639328984155 -0.14108544771873935 -0.2131459871397952 0.025681790387672744 0.06851874922137786 0.09292260692464359 0.1504049363671423 0.05977907732293697 0.041684035014589414 -0.04696531791907514 -0.4309443605529098 -1.667446211412535 -0.6290594178494107 -0.09523809523809525 0.060538670620212495 0.08842944326815294 0.014820303816228234 0.025510204081632654 -0.02904564315352697 -0.10987607001405393 -0.47736916548797736 -1.4798206278026906 -0.7224615384615385 -0.1715055739311528 -0.10576221735959153 -0.034864898518241816 -0.16072763518564664 -0.06933542647828363 -0.15011223344556676 0.03500875218804701 -0.07671480144404333 -0.13701732533121955 -0.13768115942028986 -0.0471253534401508 0.03955885878686166 0.03697769012695674 -0.014880952380952375 -0.0037313432835820864 -0.009209314563873175
0.12257906349595486 0.05065285907248986 0.032894736842105254 -0.1329941020006939 0.011792452830188677 0.010638297872340425 -0.017144256674014202 0.032834731849689894 -0.06778360404143752 -0.0235033872528688 0.015172588190668862 0.06731946144430845 0.11565518063669963 0.050091631032376294 0.09265135169437745 0.1357521905467111 0.16350210970464135 0.13139250289836404 0.07894736842105263 0.08024349750968454 0.06246812850586436 -0.045549673765850056 0.04313443565780015 -0.08194774346793349 -0.04455760661998727 0.03304944705732808 -0.06398293788323114 0.07569925583782397 -0.038780422572880446 0.08389989874150151 0.023059185242121447 0.07956299726873294 0.022463939465594704 0.038750302736740135 0.02228274325328052 0.07309750685289126 0.11300204220558203 0.0956810631229236 0.10556621880998081 0.15492755702194808 -0.04899497487437186 -0.15633915325801667 0.027752081406105467 -0.1119630035292686 -0.007390072669047916 -0.016235793680529537 0.034865702479338845 -0.05078125 0.009365801445009366 -0.08063333822020231 -0.02112851106139697 -0.10135135135135136 -0.14449880532483786 -0.21195522743510362 0.02201296318943378 0.07225613554254393 0.08273930753564156 0.15426147319706904 0.05977907732293697 0.043073502848409065 -0.0626204238921002 -0.530839818794285 -2.207670720299345 -0.7228770748135674 -0.12244897959183673 0.03582900914257475 0.05604683024037862 -0.011115227862171173 5.551115123125783e-18 -0.055325034578146616 -0.12520761466717772 -0.5492692126355493 -1.9542128864762802 -0.8196923076923077 -0.1874310915104741 -0.12642839776318987 -0.04980699788320259 -0.18813854971343133 -0.0837257980115123 -0.17957351290684626 0.02250562640660165 -0.09138086642599277 -0.13814969992073375 -0.15217391304347827 -0.061262959472196045 0.027571325821146013 0.024651793417971156 -0.03224206349206349 -0.006218905472636811 -0.019734245494013945
0.10909536651139984 0.04164790634849168 0.022686025408348454 -0.13877645426159363 0.001179245283018869 -0.0035460992907801426 -0.03796228263531716 0.02553812477198103 -0.08185189921984908 -0.03041614820959492 0.00758629409533443 0.06119951040391678 0.10492428758793368 0.03176542455711667 0.08503617210305876 0.13328396890040728 0.15427215189873417 0.13396882648460645 0.07105263157894737 0.06917542888765908 0.05099439061703213 -0.05416717961344332 0.029954469206805657 -0.08788598574821851 -0.04455760661998727 0.03304944705732808 -0.06531591575579845 0.07954837054144212 -0.040117678523669424 0.08534644871980326 0.017934921854983348 0.06768792304951907 0.005911563017261761 0.039961249697263265 0.007427581084426841 0.0626550058739068 0.08168822328114364 0.08903654485049833 0.0781464217164793 0.14345144168698892 -0.07914572864321609 -0.1643272851763095 -0.010407030527289548 -0.13143483023001096 -0.03818204212341421 -0.031222680154864495 0.0012913223140495866 -0.0625 -0.020069574525020072 -0.09529394516933001 -0.022371364653243846 -0.11533084808946877 -0.15360109227443391 -0.22743510359609434 0.023235905588846768 0.062289772019434406 0.08528513238289206 0.15426147319706904 0.07407407407407407 0.034736695845491175 -0.08790944123314066 -0.6493204785689395 -2.6660430308699716 -0.8130863603560259 -0.16202844774273345 0.0012354830738818823 0.02740067256196289 -0.038285784858589605 -0.021683673469387755 -0.07607192254495158 -0.14053915932030153 -0.6364922206506365 -2.3330186452678783 -0.9083076923076924 -0.20335660908979544 -0.15195720884998784 -0.057278047565682985 -0.2105656615998006 -0.09811616954474098 -0.20202020202020204 0.00875218804701175 -0.1049187725631769 -0.15626769335296117 -0.16666666666666669 -0.062441093308199816 0.027571325821146013 0.024651793417971166 -0.03224206349206349 -0.0012437810945273586 -0.02894356005788712
0.10419220397156166 0.05177847816298964 0.013611615245009073 -0.1422458656181335 -0.004716981132075472 0.008274231678486994 -0.03796228263531717 0.04621184482548948 -0.08185189921984908 -0.016590626296142677 0.006321911746112024 0.06609547123623012 0.08465482294026469 0.030543677458766027 0.0812285823073994 0.1283475256077996 0.15559071729957805 0.1275280175190004 0.06578947368421051 0.060874377421140005 0.03442121366649668 -0.06278468546103656 0.0011981787682722289 -0.10095011876484561 -0.05601527689369827 0.027964916740816064 -0.0693148493735004 0.07826533230690275 -0.03744316662209146 0.07956024880659626 0.008967460927491672 0.0641254007837549 -0.02719318987940412 0.03511746185517074 2.7755575615628915e-18 0.07701344472001044 0.07351940095302929 0.11295681063122924 0.07266246229777899 0.15923110027255774 -0.07663316582914573 -0.16889193198676253 -0.024283071230342276 -0.13873676524278933 -0.03448700578889026 -0.026227051330086175 0.009039256198347109 -0.04817708333333334 -0.01605565962001606 -0.08503152030494063 -0.03479990057171265 -0.11766076421248835 -0.16156559335533052 -0.22743510359609434 0.01222942399412988 0.07848511274448736 0.08401221995926682 0.17868620645327166 0.0714749837556855 0.05141030985132694 -0.10236030828516378 -0.7561853873852945 -3.0986903648269406 -0.8479672840991099 -0.18305504019789737 0.007412898443291327 0.02117324697969859 -0.03087563295047548 -0.015306122448979586 -0.07330567081604425 -0.15587070397342534 -0.6753889674681753 -2.7059240028321923 -0.9316923076923077 -0.22785740536567442 -0.1349380014587892 -0.06972979703648363 -0.19686020433590828 -0.10858189429618 -0.1978114478114478 -0.011252813203300831 -0.115072202166065 -0.17212093760616012 -0.16908212560386476 -0.06597549481621111 0.023975065931431314 0.027116972759768283 -0.03844246031746032 -0.0037313432835820877 -0.026312327325351926
0.10174062270164257 0.046150382710490774 0.0 -0.1503411587833931 -0.004716981132075472 0.0 -0.04653441097232426 0.03405083302930804 -0.08440977107046937 -0.03871146135766625 0.0012643823492224052 0.06364749082007345 0.04769285799451532 0.026878436163714103 0.0558446503363371 0.12217697149204002 0.13581223628691985 0.12366353213963673 0.04473684210526316 0.05949086884338685 0.030596634370219276 -0.07140219130862982 -0.017972681524083392 -0.12114014251781471 -0.06365372374283895 0.00508453031651201 -0.07597973873633698 0.060302797023351305 -0.04011767852366943 0.060755099088673506 0.010248526774276198 0.053437833986462416 -0.05438637975880824 0.02785178009203197 -0.0012379301807378042 0.06657094374102597 0.06807351940095303 0.09435215946843853 0.08088840142582945 0.14201692727011908 -0.07537688442211055 -0.18372703412073493 -0.05319148936170213 -0.1630765486187173 -0.039413720901588865 -0.04371175221681029 0.018078512396694214 -0.044270833333333336 -0.018731602890018732 -0.08796364169476618 -0.03604275416355953 -0.14678471575023297 -0.17977016725452272 -0.24648725887115983 0.008560596795890914 0.05356920393671359 0.08655804480651733 0.15169044864378456 0.07407407407407407 0.02501042100875365 -0.12403660886319848 -0.9246137762806365 -3.4027128157156215 -0.8780370459465962 -0.18305504019789737 -0.009883864591055103 0.017436791630340016 -0.050636038038779786 -0.024234693877551016 -0.0912863070539419 -0.1597035901367063 -0.7178217821782177 -2.8333726693415153 -0.9624615384615384 -0.23643268406223203 -0.15317286652078774 -0.08218154650728429 -0.2018440069773237 -0.13212977498691786 -0.20482603815937148 -0.020005001250312578 -0.12409747292418774 -0.19250368021741593 -0.1847826086956522 -0.0742224316682375 0.0059937664828578294 0.014791076050782701 -0.04712301587301587 -0.009950248756218905 -0.03552164188922511
0.09928904143172347 0.040522287257991896 0.001134301270417418 -0.14918468833121318 -1.0408340855860842e-18 0.007092198581560285 -0.04653441097232427 0.03161863067007175 -0.0946412584729505 -0.03318125259228536 -0.011379441143001646 0.04651162790697674 0.042923572195063785 0.02199144777031154 0.041883487752252826 0.10860175243736889 0.11471518987341771 0.10691742882906093 0.030263157894736846 0.059490868843386835 0.02677205507394187 -0.08001969715622306 -0.023963575365444523 -0.12945368171021376 -0.06110757479312541 -0.010169060633024024 -0.05865102639296188 0.04234026173979985 -0.03343139876972453 0.060755099088673506 0.011529592621060722 0.05462534140838381 -0.05438637975880824 0.03511746185517074 0.0012379301807378088 0.07309750685289126 0.07079646017699116 0.09435215946843853 0.08500137098985468 0.14488595610385885 -0.07914572864321608 -0.2019856213625471 -0.06359851988899168 -0.18133138615066327 -0.05173050868333538 -0.059947545897339825 0.010330578512396691 -0.0546875 -0.0280974043350281 -0.09822606655915557 -0.04474272930648769 -0.19105312208760483 -0.20593924223461144 -0.25720409621338414 -0.006114711997064937 0.03488227233088327 0.08655804480651733 0.12598020311093971 0.06757634827810266 0.016673614005835762 -0.14450867052023122 -1.1360204437216868 -3.626052385406922 -0.8984844840028867 -0.18181818181818182 -0.014825796886582653 0.01868227674679287 -0.06175126590095096 -0.028061224489795915 -0.10096818810511757 -0.17120224862654915 -0.7437529467232438 -2.8616945952324757 -0.9513846153846153 -0.2486830822001715 -0.14709457816678823 -0.10334952060764539 -0.2018440069773237 -0.15567765567765568 -0.20763187429854096 -0.023755938984746185 -0.1444043321299639 -0.2106216736496433 -0.18357487922705315 -0.08718190386427896 -0.0059937664828578294 0.019721434734376927 -0.06324404761904762 -0.00870646766169154 -0.032890409156689907
0.07845060063741113 0.03939666816749212 -0.011343012704174229 -0.14108939516595354 -0.01179245283018868 0.022458628841607563 -0.053881949546901786 0.04377964246625319 -0.09592019439826063 -0.009677865339416563 -0.022758882286003285 0.03182374541003672 0.014307857398354601 0.006108735491753205 0.011422769386978036 0.0888559792669382 0.09098101265822783 0.08501867834600027 0.0 0.04565578306585501 0.015298317185109636 -0.09848578111535147 -0.04193625688952792 -0.14726840855106887 -0.07765754296626352 -0.034320579636456086 -0.07064782724606772 0.023094688221709014 -0.04011767852366944 0.0491826992622595 -0.008967460927491674 0.051062819142619655 -0.07093875620714116 0.02542988617098571 -0.028472394156969543 0.08354000783187573 0.04084411164057181 0.09700996677740863 0.06580751302440362 0.14632047052072877 -0.0942211055276382 -0.21567956179390618 -0.09944495837187789 -0.1995862236826092 -0.08621751447222566 -0.06993880354689647 -0.014204545454545456 -0.06901041666666667 -0.05351886540005352 -0.11288667350828326 -0.0633855331841909 -0.26444547996272133 -0.25941517806348846 -0.27030245296499167 -0.02079002079002079 0.02491590880777376 0.08273930753564156 0.11826712945108626 0.06367771280051981 0.002778935667639293 -0.18906551059730253 -1.4752003717040307 -3.909027128157156 -0.9093095982679816 -0.20655534941249226 -0.021003212255992092 0.0012454851164528553 -0.07410151908114115 -0.04336734693877551 -0.10373443983402489 -0.18270090711639198 -0.7484677039132486 -2.865234835968846 -0.9193846153846152 -0.25725836089672915 -0.1422319474835886 -0.12202714481384636 -0.19561425367555446 -0.17137624280481425 -0.19640852974186307 -0.03625906476619155 -0.17373646209386281 -0.22421016872381383 -0.19082125603864736 -0.10956644674835062 -0.01678254615200192 0.011093307038087022 -0.0818452380952381 -0.01990049751243781 -0.05130903828443626
0.07109585682765383 0.03489419180549302 -0.007940108892921962 -0.14108939516595354 -0.003537735849056604 0.02009456264775414 -0.05878030859662013 0.041347440107016895 -0.08440977107046935 -0.0013825521913452237 -0.02023011758755848 0.03671970624235006 0.009538571598903067 0.006108735491753204 0.00507678639421246 0.0888559792669382 0.07779535864978902 0.08630684013912149 0.009210526315789476 0.058107360265633644 0.025497195308516064 -0.10094792564323525 -0.046728971962616814 -0.15320665083135393 -0.08020369191597708 -0.03432057963645608 -0.06664889362836578 0.0243777264562484 -0.025407863064990644 0.05786199913207002 -0.011529592621060722 0.04987531172069825 -0.07330338141404588 0.01453136352627755 -0.03589997524139638 0.08615063307662184 0.020422055820285907 0.09169435215946845 0.07266246229777899 0.15492755702194808 -0.10175879396984924 -0.21682072349651946 -0.1167900092506938 -0.20445418035779478 -0.10346101736667077 -0.0736855251654802 -0.033574380165289255 -0.07682291666666667 -0.060208723575060207 -0.11435273420319603 -0.07457121551081283 -0.34016775396085736 -0.33223347366025713 -0.2881638485353656 -0.030573559985324694 0.011212158963498187 0.07764765784114054 0.10798303123794832 0.06887589343729694 -0.009726274836737533 -0.21194605009633913 -1.8039261238239053 -4.208372310570627 -0.9081068077940821 -0.21892393320964748 -0.035829009142574746 -0.02615518744551003 -0.0889218228973694 -0.0548469387755102 -0.10511756569847855 -0.18908905072186022 -0.7425742574257426 -2.8168515459051213 -0.8775384615384617 -0.2535832414553473 -0.1410162898127887 -0.13696924417880713 -0.1918764016944929 -0.16483516483516486 -0.1893939393939394 -0.02250562640660165 -0.18501805054151627 -0.21854829577624274 -0.19323671497584544 -0.10131950989632418 -0.014385039558858786 0.014791076050782693 -0.07936507936507936 -0.004975124378109451 -0.05130903828443626
0.05883795047805836 0.030391715443493915 -0.004537205081669696 -0.13646351335723378 -0.003537735849056603 0.02009456264775414 -0.05633112907176095 0.04013133892739875 -0.07289934774267809 -0.006912760956726117 -0.020230117587558483 0.03059975520195839 0.004769285799451528 -0.00855222968845449 0.010153572788424926 0.07404664938911516 0.09361814345991562 0.08115419296663662 0.030263157894736843 0.05949086884338682 -0.002549719530851608 -0.0947925643235258 -0.09106158638868919 -0.14726840855106887 -0.09929980903882876 -0.029236049319944068 -0.08531058384430819 0.026943802925327182 -0.028082374966568607 0.059308549110371776 -0.028183448629259544 0.0463127894549341 -0.09576732087964057 0.01332041656575442 -0.042089626145085414 0.08092938258712962 0.017699115044247787 0.08106312292358803 0.08088840142582945 0.14775498493759862 -0.1155778894472362 -0.2327969873331051 -0.14222941720629048 -0.2154070828769624 -0.10469269614484542 -0.08867241163981517 -0.021952479338842975 -0.09765625000000001 -0.04147712068504148 -0.133411523237062 -0.11061396967437234 -0.4356943150046598 -0.4266697007623166 -0.2953084067635151 -0.05014063837593249 0.009966363523109506 0.070010183299389 0.10284098213137935 0.06627680311890838 -0.020842017507294707 -0.24084778420038538 -2.268556162155883 -4.422357343311506 -0.8720230935770988 -0.22016079158936303 -0.048183839881393624 -0.03861003861003861 -0.1086822279856737 -0.06887755102040816 -0.11756569847856153 -0.19675482304842212 -0.7319660537482319 -2.654000472032098 -0.8061538461538463 -0.23275756462085012 -0.1483102358375881 -0.1133109201842859 -0.19436830301520064 -0.13605442176870747 -0.1851851851851852 -0.03500875218804701 -0.1895306859205776 -0.21628354659721438 -0.17632850241545894 -0.09778510838831288 -0.01078877966914409 0.023419203747072598 -0.07316468253968253 0.004975124378109455 -0.048677805551901064
0.049031625398381955 0.019135524538496176 -0.01701451905626134 -0.13299410200069392 -0.0035377358490566043 0.016548463356974 -0.06000489835904971 0.03648303538854433 -0.08185189921984908 -0.012442969722107008 -0.022758882286003288 0.019583843329253368 -0.010730893048765955 -0.015882712278558336 0.0012691965985531142 0.06911020609650746 0.0870253164556962 0.08501867834600027 0.022368421052631583 0.06640841173215274 -0.001274859765425801 -0.10833435922688661 -0.11742151929067816 -0.1389548693586698 -0.1107574793125398 -0.02669378416168806 -0.09464142895227941 0.03207595586348474 -0.04412944637603637 0.06509474902357876 -0.033307712016397636 0.04987531172069825 -0.10995507212106884 0.01574231048680068 -0.0581827184946769 0.09267719618848715 -0.0013614703880190605 0.09036544850498339 0.05621058404167809 0.15779658585568784 -0.12311557788944724 -0.2362204724409449 -0.1595744680851064 -0.202020202020202 -0.10715605370119471 -0.07243661795928562 -0.024535123966942157 -0.08593750000000001 -0.05218089376505218 -0.12168303767775986 -0.17151379567486952 -0.7211090400745572 -0.5427238593696667 -0.3155513217432722 -0.07093065916595329 -0.001245795440388687 0.05218940936863544 0.08741483481167245 0.05588044184535412 -0.034736695845491175 -0.29383429672447015 -2.833081658729237 -4.152245088868101 -0.7902333413519365 -0.22758194186765618 -0.04447739065974796 -0.06725619628845436 -0.09509694948746449 -0.09438775510204081 -0.11065006915629323 -0.20314296665389037 -0.6742102781706742 -2.1925890960585317 -0.6880000000000002 -0.22663236555188043 -0.1288597131047897 -0.11082057029012578 -0.17318714178918515 -0.1347462061747776 -0.16975308641975312 -0.042510627656914234 -0.1838898916967509 -0.20948929906012909 -0.1509661835748792 -0.09896324222431666 -0.00839127307600096 0.016023665721681256 -0.06820436507936509 0.006218905472636818 -0.0368372582554927
0.03922530031870557 0.02026114362899595 -0.02155172413793104 -0.13415057245287385 0.002358490566037736 0.030732860520094562 -0.05020818025961303 0.049860148364343916 -0.0728993477426781 -0.005530208765380894 -0.031609558730560115 0.028151774785801713 -0.020269464647669017 -0.00855222968845449 -0.005076786394212464 0.07898309268172284 0.07383966244725738 0.1043411052428185 0.010526315789473686 0.1009961261759823 -0.010198878123406419 -0.10094792564323525 -0.1282051282051282 -0.1365795724465558 -0.10184595798854235 -0.02288038642430406 -0.08797653958944282 0.041057223505260455 -0.03343139876972453 0.07232749891508752 -0.04868050217781194 0.04156275976724854 -0.12059588555214 0.008476628723661903 -0.055706858133201295 0.09398250881086019 0.002722940776038124 0.09435215946843853 0.05209761447765286 0.1606656146894276 -0.1457286432160804 -0.24763208946707752 -0.18270120259019426 -0.20445418035779478 -0.11700948392659194 -0.06868989634070188 -0.03099173553719009 -0.07421875000000001 -0.057532780305057526 -0.09822606655915553 -0.25727069351230425 -1.0624417520969245 -0.6644669473205143 -0.32150512026673017 -0.08316008316008316 -0.00373738632116606 0.04073319755600814 0.10026995757809487 0.05328135152696556 -0.02501042100875365 -0.3516377649325626 -3.340689975606923 -3.7745556594948537 -0.708443589126774 -0.22263450834879403 -0.02223869532987398 -0.07348362187071865 -0.07410151908114118 -0.09948979591836735 -0.08990318118948824 -0.2197521400281078 -0.6176331918906175 -1.7134765164031152 -0.5698461538461538 -0.22295724611049858 -0.0984682713347921 -0.12451749470800648 -0.1370545726389235 -0.14652014652014653 -0.13327721661054995 -0.0450112528132033 -0.16132671480144406 -0.20043030234401543 -0.12560386473429955 -0.08482563619227143 0.007192519779429392 0.018488845063478372 -0.04836309523809525 0.011194029850746266 -0.017103012761478756
0.040451090953665114 0.028140477262494374 -0.026088929219600727 -0.13877645426159363 0.008254716981132077 0.04728132387706856 -0.04041146216017634 0.05958895780128907 -0.0639467962655071 0.005530208765380892 -0.035402705778227336 0.023255813953488375 -0.03338500059616073 -0.008552229688454491 -0.011422769386978043 0.08268542515117858 0.06329113924050632 0.11078191420842458 -0.002631578947368421 0.09961261759822912 -0.00892401835798062 -0.11941400960236366 -0.1317996645099449 -0.1365795724465558 -0.10566518141311268 -0.02415151900343206 -0.09064249533457744 0.04362329997433924 -0.03610591067130249 0.06654129900188052 -0.05380476556495004 0.039187744923405765 -0.11704894774178291 0.0036328408815693887 -0.04456548650656103 0.09789844667797938 0.025867937372362156 0.10498338870431893 0.07129147244310392 0.16353464352316743 -0.15326633165829145 -0.2647495150062764 -0.18963922294172064 -0.214190093708166 -0.11331444759206799 -0.06494317472211814 -0.016787190082644628 -0.06901041666666667 -0.04682900722504683 -0.09969212725406831 -0.33184190902311705 -1.488816402609506 -0.7850722494026625 -0.34055727554179566 -0.10395010395010396 -0.011212158963498193 0.015274949083503053 0.10155546985473711 0.031189083820662766 -0.030568292344032234 -0.3889691714836223 -3.7437565338599144 -3.3851730589335824 -0.6242482559538128 -0.20655534941249223 -0.001235483073881888 -0.06102877070619006 -0.049401012720760785 -0.09056122448979591 -0.07192254495159059 -0.22486265491248242 -0.5634134842055634 -1.2426244984658958 -0.4763076923076922 -0.21193188778635305 -0.07050814490639436 -0.12576266965508656 -0.10590580613007727 -0.14652014652014653 -0.10662177328843998 -0.03500875218804701 -0.1444043321299639 -0.18797418185935907 -0.12318840579710147 -0.06715362865221489 0.009590026372572526 0.025884383088869718 -0.03844246031746032 0.012437810945273634 -0.019734245494013945
0.04045109095366511 0.03714542998649256 -0.026088929219600727 -0.13646351335723375 0.01179245283018868 0.0508274231678487 -0.028165564535880483 0.06445336251976165 -0.0639467962655071 0.0041476565740356675 -0.03793147047667214 0.01591187270501836 -0.05723142959341839 0.0036652412950519226 -0.01142276938697805 0.07281253856596322 0.06065400843881856 0.10691742882906093 -0.005263157894736842 0.09684560044272275 -0.007649158592554819 -0.1354179490336083 -0.13179966450994487 -0.12826603325415678 -0.11330362826225335 -0.025422651582560064 -0.09597440682484672 0.03720810880164229 -0.04546670232682535 0.060755099088673506 -0.06533435818601076 0.03918774492340577 -0.10877275951761645 0.0036328408815693887 -0.03589997524139639 0.10442500978984467 0.050374404356705246 0.11295681063122924 0.09185632026323005 0.16927270119064697 -0.16206030150753767 -0.302407851192514 -0.196577243293247 -0.21784106121455515 -0.10961941125754404 -0.06619208192831273 0.0012913223140495866 -0.06380208333333334 -0.0280974043350281 -0.09382788447441723 -0.43997017151379564 -2.00955265610438 -0.9056775514848106 -0.35008335317932837 -0.12596306713953773 -0.017441136165441636 -0.011456211812627288 0.09641342074816814 0.002599090318388564 -0.036126163679310826 -0.427504816955684 -3.969102102450924 -3.0332086061739947 -0.5316333894635554 -0.1954236239950525 0.02841611069928342 -0.06102877070619006 -0.020995430406323328 -0.10076530612244898 -0.04979253112033194 -0.23252842723904435 -0.515087223008015 -0.879159782865235 -0.3889230769230769 -0.20458164890358937 -0.06807682956479456 -0.1382144191258872 -0.0971841515076003 -0.1556776556776557 -0.09820426487093155 -0.02875718929732433 -0.11845667870036103 -0.17551806137470277 -0.10144927536231885 -0.06950989632422243 0.005993766482857826 0.009860717367188462 -0.03968253968253968 -0.009950248756218904 -0.021049861860281543
0.030644765873988723 0.03376857271499324 -0.024954627949183305 -0.14340233607031344 0.015330188679245283 0.03900709219858156 -0.03306392358559883 0.05958895780128907 -0.06778360404143752 0.008295313148071337 -0.03919585282589455 0.008567931456548347 -0.04053892929533803 -0.003665241295051925 -0.005076786394212468 0.07528076021226705 0.05406118143459916 0.10949375241530337 -0.013157894736842105 0.09961261759822912 0.007649158592554823 -0.15511510525667857 -0.09705248023005032 -0.12707838479809977 -0.09038828771483133 -0.03177831447820008 -0.08531058384430819 0.03464203233256351 -0.050815726129981274 0.06798784898018226 -0.06661542403279527 0.03206270039187745 -0.08630882005202176 0.006054734802615646 -0.024758603614756132 0.08876125832136797 0.058543226684819615 0.09302325581395347 0.09596928982725528 0.15636207143881795 -0.19221105527638188 -0.3617482597284035 -0.20814061054579094 -0.22149202872094437 -0.11947284148294127 -0.07743224678406395 -0.005165289256198349 -0.07812500000000001 -0.03478726251003479 -0.10262424864389383 -0.5679840914740243 -2.6828984156570366 -1.0149049948799638 -0.3679447487497023 -0.12229423994129876 -0.03488227233088327 -0.01654786150712831 0.07455971204525004 -0.007797270955165692 -0.047241906349868 -0.4612235067437379 -4.04228133348821 -2.6403180542563147 -0.4835217705075777 -0.1818181818181818 0.037064492216456635 -0.06850168140490721 -0.013585278498209211 -0.11607142857142856 -0.040110650069156296 -0.2363613134023253 -0.49858557284299865 -0.4920934623554401 -0.3581538461538462 -0.17885581281391646 -0.0899586676391928 -0.1382144191258872 -0.1121355594318465 -0.15698587127158556 -0.10802469135802469 -0.018754688672168042 -0.10379061371841156 -0.15626769335296115 -0.09782608695652174 -0.0624410933081998 0.007192519779429392 0.0061629483544927855 -0.03472222222222222 -0.022388059701492536 -0.018418629127746354
0.024515812699190974 0.024763619990995047 0.0022686025408348437 -0.152654099687753 0.021226415094339625 0.03309692671394799 -0.019593436198873375 0.05715675544205277 -0.05499424478833611 0.013825521913452229 -0.03919585282589455 0.003671970624235005 -0.005961607249314419 -0.008552229688454491 0.02030714557684985 0.08268542515117856 0.07647679324894514 0.113358237794667 0.006578947368421052 0.1009961261759823 0.007649158592554821 -0.1698879724239813 -0.06949436855978912 -0.1175771971496437 -0.0738383195416932 -0.017795856107792038 -0.04665422553985604 0.057736720554272515 -0.021396095212623693 0.09257919861131202 -0.08455034588777863 0.022562641016506353 -0.06975644360368881 0.010898522644708161 -0.02352067343401832 0.09528782143323325 0.06671204901293397 0.09833887043189368 0.09322731011790512 0.1606656146894276 -0.22487437185929648 -0.41652402145384004 -0.1977335800185014 -0.2287939637337228 -0.11085109003571866 -0.07618333957786937 0.002582644628099172 -0.09375000000000001 -0.02943537597002943 -0.11142061281337046 -0.7307979120059656 -3.426141658900279 -1.1355102969621118 -0.3762800666825435 -0.13085483673718967 -0.013703749844275573 -0.01654786150712831 0.09641342074816814 -0.011695906432748537 -0.03334722801167153 -0.47928709055876684 -3.960971076780113 -2.3210944808231995 -0.43420736107770025 -0.16697588126159552 0.05312577217692118 -0.05853780047328435 -0.0049401012720760775 -0.1096938775510204 -0.030428769017980632 -0.23508368468123164 -0.4750117868929751 -0.3221619070096766 -0.3298461538461539 -0.1519049369104496 -0.08144906394359348 -0.11331092018428587 -0.10964365811113878 -0.12428048142333858 -0.10521885521885524 -0.008752188047011753 -0.07897111913357402 -0.13022307779413428 -0.0785024154589372 -0.04123468426013195 0.034763845600575397 0.03697769012695674 -0.014880952380952384 -0.006218905472636814 -0.006578081831337984
0.02083844079431233 0.034894191805493024 -0.0011343012704174218 -0.15034115878339308 0.017688679245283022 0.03309692671394798 -0.023267205486162137 0.059588957801289054 -0.05243637293771582 0.012442969722107008 -0.030345176381337713 0.012239902080783353 0.005961607249314413 -0.004886988393402566 0.04315268435080594 0.10119708749845735 0.100210970464135 0.1288161793121216 0.013157894736842105 0.10653016048699504 -0.001274859765425801 -0.1649636833682137 -0.07189072609633357 -0.10451306413301661 -0.0789306174411203 0.008897928053896022 -0.05998400426552919 0.08083140877598152 -0.03744316662209146 0.10415159843772603 -0.10632846528311554 0.026125163282270512 -0.09576732087964057 0.02542988617098571 -0.04208962614508542 0.10834094765696385 0.04356705241660995 0.11827242524916944 0.05895256375102824 0.1664036723569072 -0.27135678391959794 -0.4667351363688235 -0.21160962072155415 -0.23122794207131556 -0.09976598103214679 -0.06619208192831272 0.018078512396694214 -0.09765625000000001 -0.025421461065025425 -0.1099545521184577 -0.913497390007457 -4.155405405405405 -1.2527022414381614 -0.3810431055013098 -0.1455301455301455 0.012457954403886883 -0.04455193482688392 0.12340917855765524 -0.03898635477582846 -0.012505210504376817 -0.5009633911368014 -3.760018585201533 -2.097754911131899 -0.36925667548713015 -0.17068645640074206 0.07536446750679515 -0.06850168140490721 0.012350253180190198 -0.1173469387755102 -0.015214384508990316 -0.22486265491248242 -0.46086751532296083 -0.2584375737550153 -0.3138461538461539 -0.12862918044836458 -0.0863116946267931 -0.095878470925165 -0.11338151009220035 -0.10727367870225013 -0.10521885521885521 -0.018754688672168042 -0.06204873646209387 -0.1200317064885064 -0.061594202898550734 -0.03887841658812441 0.05993766482857828 0.0234192037470726 0.0024801587301587313 -0.02114427860696518 0.0
0.02819318460406962 0.03039171544349393 -0.01247731397459165 -0.14687174742685327 0.027122641509433963 0.03191489361702128 -0.01224589762429586 0.05594065426243464 -0.04987850108709554 0.00829531314807134 -0.01643697053989126 0.0024479804161566714 0.021461786097531892 -0.0012217470983506425 0.07488259931463384 0.11230408490682461 0.11998945147679325 0.14685044441581865 0.04868421052631579 0.11068068622025459 0.016573176950535444 -0.1637326111042718 -0.06829618979151689 -0.09026128266033254 -0.054742202418841514 0.0394051099529681 -0.026659557451346304 0.1077752117013087 -0.006686279753944901 0.11717054824244177 -0.11401486036382272 0.0023750148438427708 -0.10404350910380707 0.02421893921046258 -0.024758603614756132 0.11095157290170994 0.058543226684819615 0.12491694352159469 0.06854949273375377 0.17214173002438676 -0.31783919597989946 -0.5374871619308457 -0.22086031452358929 -0.24218084459048317 -0.0739007266904791 -0.06119645310353441 0.04003099173553719 -0.08723958333333334 0.00802782981000803 -0.10702243072863216 -1.0763112105393984 -4.862534948741845 -1.3368983957219251 -0.38580614432007626 -0.13574660633484165 0.02491590880777376 -0.0394602851323829 0.14140635043064662 -0.042884990253411304 0.0013894678338196478 -0.4744701348747591 -3.4324544081774873 -1.7609915809167447 -0.3115227327399567 -0.12739641311069883 0.10007412898443291 -0.03985552372649147 0.032110658268494505 -0.09311224489795918 -0.005532503457814658 -0.20953111025935858 -0.4467232437529466 -0.21123436393674763 -0.29907692307692313 -0.10657846380007349 -0.0814490639435935 -0.08093637156020421 -0.10964365811113881 -0.08372579801151228 -0.10942760942760943 -0.007501875468867217 -0.04287003610108304 -0.11097270977239271 -0.05193236714975848 -0.012959472196041471 0.07192519779429393 0.04314063848144953 0.017361111111111112 0.0024875621890547233 0.007893698197605579
0.017161068889433684 0.020261143628995955 -0.01247731397459165 -0.15381057013993293 0.02830188679245283 0.027186761229314422 -0.013470487386725447 0.05594065426243464 -0.04987850108709554 -6.938893903907229e-19 -0.03160955873056012 -0.012239902080783354 0.019077143197806123 -0.010995723885155776 0.07869018911029318 0.10983586326052078 0.12658227848101267 0.15071492979518228 0.04868421052631579 0.09961261759822912 -0.006374298827129016 -0.16865690016003937 -0.0647016534867002 -0.08788598574821853 -0.05856142584341184 0.0394051099529681 -0.03732338043188484 0.11290736463946624 -0.02407060711420166 0.10849124837263129 -0.13707404560594413 -0.023750148438427744 -0.11704894774178291 0.02421893921046258 -0.024758603614756132 0.10442500978984466 0.07215793056501021 0.12624584717607973 0.06169454346037839 0.15636207143881797 -0.4258793969849246 -0.6493210087869451 -0.24861239592969472 -0.2592186929536327 -0.07636408424682842 -0.06744098913450731 0.04003099173553719 -0.08854166666666667 0.012041744715012043 -0.114352734203196 -1.225453641561024 -5.520736253494874 -1.3960632608942998 -0.38937842343415097 -0.1491989727283845 0.023670113367385077 -0.057281059063136464 0.14269186270728887 -0.06237816764132553 0.0027789356676392943 -0.4672447013487475 -3.096759205482635 -1.3400374181478016 -0.26942506615347606 -0.10636982065553495 0.10748702742772423 -0.018682276746792868 0.045695936766703714 -0.08035714285714286 -0.005532503457814657 -0.20442059537498403 -0.4255068363979254 -0.1569506726457399 -0.28184615384615386 -0.08820286659316427 -0.07293946024799416 -0.062258747354003253 -0.10341390480936956 -0.07195185766614337 -0.1080246913580247 -0.027506876719179795 -0.03158844765342961 -0.1098403351828785 -0.042270531400966184 -0.01885014137606032 0.0731239510908655 0.03697769012695674 0.016121031746031748 -0.01119402985074627 0.005262465465070387
0.014709487619514586 0.011256190904997751 -0.011343012704174229 -0.15496704059211291 0.035377358490566044 0.027186761229314422 -0.014695077149155033 0.05837285662167093 -0.04732062923647525 0.015208074104797456 -0.04804652927045138 -0.03182374541003672 1.3877787807814458e-18 0.002443494196701282 0.07361340271608072 0.1160064173762804 0.11339662447257384 0.1442741208295762 0.04078947368421052 0.09822910902047594 -0.0025497195308516055 -0.17111904468792316 -0.07069254732806134 -0.0819477434679335 -0.06110757479312541 0.05211643574424814 -0.03199146894161557 0.12317167051578137 -0.02005883926183471 0.12151019817734701 -0.1652574942352037 -0.052250326564541025 -0.13123669898321116 0.020586098328893195 -0.025996533795493937 0.10964626027933691 0.07079646017699115 0.1395348837209302 0.07129147244310392 0.17070721560751687 -0.550251256281407 -0.846741983339039 -0.311054579093432 -0.27138858464159665 -0.08868087202857494 -0.07743224678406395 0.028409090909090905 -0.10416666666666667 0.0013379716350013407 -0.1290133411523237 -1.31866766094954 -6.044967381174278 -1.4210945500056889 -0.38937842343415097 -0.16387428152134037 0.02740749968855114 -0.07382892057026474 0.1439773749839311 -0.08576998050682261 0.008336807002917881 -0.4419556840077072 -2.5996050644674185 -0.9003741814780168 -0.22011065672359878 -0.08410636982065554 0.12972572275759822 -0.007472910698717142 0.0691614178090651 -0.06505102040816328 0.022130013831258642 -0.1878114220007666 -0.40075436115040075 -0.12626858626386595 -0.2658461538461538 -0.07717750826901874 -0.06442985655239485 -0.06599427219524345 -0.099676052828308 -0.07980115122972266 -0.09820426487093153 -0.03375843960990248 -0.016922382671480142 -0.10757558600385006 -0.026570048309178744 -0.01885014137606032 0.08990649724286741 0.03204733144336251 0.031001984126984128 -0.016169154228855724 0.024996710959084335
0.0024515812699190975 0.006753714542998651 -0.01247731397459165 -0.16074939285301262 0.017688679245283022 0.026004728132387706 -0.03183933382316924 0.06445336251976165 -0.05755211663895639 0.019355730678833127 -0.06574788215956505 -0.0379436964504284 -6.938893903907229e-19 -0.0012217470983506423 0.062190633329102685 0.11600641737628041 0.10416666666666666 0.15586757696766718 0.02894736842105263 0.09684560044272275 -0.02422233554309026 -0.16742582789609747 -0.05871075964533908 -0.09144893111638955 -0.0738383195416932 0.05084530316512013 -0.04532124766728872 0.11803951757762383 -0.025407863064990637 0.10704469839432951 -0.19856520625160134 -0.11400071250445314 -0.15606526365571055 0.007265681763138773 -0.04085169596434761 0.1031196971674716 0.06398910823689584 0.15016611295681065 0.06854949273375377 0.17070721560751684 -0.7022613065326633 -1.4766632431815587 -0.4428769657724329 -0.3115492272118778 -0.13178962926468776 -0.09616585487698263 -0.00774793388429752 -0.11328125 -0.03344929087503345 -0.14514000879636416 -1.308724832214765 -5.857409133271203 -1.3710319717829105 -0.3810431055013099 -0.17732664791488323 0.0423570449732154 -0.09674134419551934 0.15683249775035352 -0.10266406757634827 0.005557871335278586 -0.40221579961464354 -1.949123010802649 -0.6688493919550983 -0.19605484724560984 -0.07297464440321584 0.14702248579194466 0.012454851164528581 0.0815116709892553 -0.04336734693877551 0.022130013831258646 -0.18142327839529832 -0.36775106082036774 -0.09440641963653527 -0.25476923076923075 -0.07962758789660665 -0.07050814490639436 -0.07346532187772384 -0.10590580613007725 -0.10073260073260074 -0.10942760942760943 -0.037509377344336084 -0.007897111913357398 -0.09285471634016533 -0.016908212560386476 -0.008246936852026392 0.09949652361543995 0.038210279797855295 0.042162698412698416 -0.016169154228855724 0.024996710959084328
-0.0073547438097572955 2.0816681711721684e-18 -0.013611615245009073 -0.14687174742685327 0.004716981132075471 0.03191489361702128 -0.0440852314474651 0.05837285662167093 -0.07289934774267809 0.023503387252868796 -0.06701226450878746 -0.05385556915544676 0.008346250149040182 -0.003665241295051925 0.07361340271608072 0.10736764161421694 0.11998945147679325 0.15071492979518228 0.04210526315789473 0.08577753182069729 -0.030596634370219276 -0.18835405638310967 -0.053918044572250176 -0.08669833729216153 -0.08147676639083387 0.049574170585992124 -0.049320181284990675 0.1077752117013087 -0.034768654720513506 0.0954722985679155 -0.23571611580835256 -0.2006887543047144 -0.18917001655237645 -0.006054734802615647 -0.05942064867541471 0.1031196971674716 0.0517358747447243 0.14086378737541527 0.05621058404167809 0.1678381867737771 -0.7939698492462312 -2.1602191030469013 -0.6302035152636447 -0.3444079347693806 -0.1638132774972287 -0.10116148370176097 -0.036157024793388434 -0.12630208333333331 -0.06957452502006958 -0.16126667644040465 -1.2341536167039522 -5.525396085740914 -1.2822846740243485 -0.3691355084543939 -0.16265133912192736 0.05232340849632491 -0.07382892057026477 0.16068903458028025 -0.08576998050682261 0.011115742670557175 -0.35043352601156064 -1.3474271111627367 -0.49929840972871836 -0.17320182824152033 -0.06307977736549165 0.14578700271806277 0.02864615767841574 0.07286649376312214 -0.030612244897959183 0.012448132780082988 -0.17886802095311102 -0.34299858557284296 -0.07552513570922822 -0.2326153846153846 -0.08330270733798847 -0.06321419888159494 -0.06101357240692318 -0.11088960877149265 -0.09942438513867084 -0.11784511784511784 -0.04126031507876969 -0.016922382671480142 -0.08945759257162268 -0.004830917874396135 0.0023562676720075408 0.09590026372572524 0.05176876617773942 0.040922619047619055 -0.004975124378109455 0.02236547822654914
-0.024515812699190977 -0.006753714542998649 -0.018148820326678763 -0.14918468833121318 -0.0011792452830188683 0.03664302600472813 -0.03918687239774675 0.059588957801289075 -0.07162041181736796 0.03318125259228536 -0.07333417625489948 -0.05140758873929009 0.004769285799451529 -0.019547953573610263 0.07615179591318695 0.0888559792669382 0.1305379746835443 0.1275280175190004 0.05263157894736842 0.06779192030990593 -0.03697093319734829 -0.18958512864705157 -0.045530793194344596 -0.08907363420427553 -0.07511139401654995 0.05592983348163214 -0.034657424686750204 0.1180395175776238 -0.020058839261834716 0.10849124837263127 -0.2792723545990264 -0.3431896449352808 -0.2471033341215417 -0.04601598449987891 -0.076751671205744 0.08223469520950269 0.04356705241660994 0.1355481727574751 0.06169454346037839 0.1778797876918663 -0.8530150753768846 -2.7250941458404654 -0.8730342275670676 -0.4125593282219787 -0.19091021061707109 -0.148619957537155 -0.05423553719008265 -0.16666666666666669 -0.08964409954508964 -0.19498607242339833 -1.1583395476012923 -5.090866728797764 -1.1832973034474912 -0.36913550845439397 -0.14430720313073253 0.05481499937710228 -0.0420061099796334 0.16583108368684923 -0.05977907732293697 0.015284146172016117 -0.2986512524084778 -0.8177488674642817 -0.32974742750233865 -0.16117392350252588 -0.05318491032776747 0.15690635038299974 0.0448374641923029 0.0889218228973694 -0.01785714285714286 0.02904564315352697 -0.17631276351092373 -0.32178217821782173 -0.05664385178192116 -0.23753846153846153 -0.08697782677937034 -0.08631169462679308 -0.048561822936122524 -0.12833291801644656 -0.09811616954474096 -0.13748597081930414 -0.0450112528132033 -0.015794223826714804 -0.08606046880308005 0.00603864734299517 0.012959472196041471 0.10069527691201152 0.06532725255762357 0.03720238095238095 0.006218905472636813 0.026312327325351926
-0.026967393969110076 -0.019135524538496172 -0.028357531760435574 -0.15149762923557306 -0.0011792452830188707 0.03900709219858156 -0.04775900073475385 0.0656694636993798 -0.07673615551860852 0.044241670123047146 -0.08597799974712353 -0.04895960832313341 0.017884821747943244 -0.03176542455711667 0.06726741972331514 0.08515364679748244 0.11735232067510551 0.1120700760015458 0.04868421052631579 0.059490868843386835 -0.042070372259051504 -0.19697156223070295 -0.05511622334052241 -0.09619952494061759 -0.07129217059197963 0.05720096606076014 -0.02932551319648094 0.1206055940467026 -0.00802353570473389 0.10993779835093302 -0.3189853958493466 -0.4916280726754542 -0.3700638448805864 -0.08476628723661904 -0.09160683337459768 0.06526563111865291 0.027229407760381213 0.13554817275747508 0.05621058404167809 0.18505235977621576 -0.8819095477386935 -3.272851763094831 -1.1875578168362628 -0.4734087866617987 -0.22170218007143738 -0.1785937304858249 -0.07618801652892562 -0.19791666666666669 -0.10971367407010972 -0.22284122562674097 -1.04772557792692 -4.559645852749301 -1.0661053589714415 -0.35841867111216963 -0.12474012474012472 0.062289772019434406 -0.014002036659877806 0.18382825555984061 -0.018193632228719947 0.01806308183965541 -0.24686897880539496 -0.45069113718201875 -0.2350327408793264 -0.14072648544623528 -0.04081632653061225 0.17173214726958244 0.051064889774567204 0.10003705075954057 -0.005102040816326532 0.035961272475795295 -0.15842596141561263 -0.29585101367279576 -0.02714184564550389 -0.21538461538461537 -0.07717750826901874 -0.06686117189399465 -0.04109077325364214 -0.11836531273361575 -0.08634222919937205 -0.127665544332211 -0.03750937734433608 -0.039485559566787 -0.062280602423281615 0.00603864734299517 0.024740810556079167 0.11508031647087029 0.08381609762110195 0.045882936507936505 0.028606965174129355 0.03420602552295751
-0.02941897523902917 -0.040522287257991896 -0.021551724137931032 -0.1387764542615936 -0.0035377358490566056 0.04373522458628841 -0.04775900073475385 0.06445336251976166 -0.07417828366798825 0.04424167012304715 -0.09482867619168037 -0.04895960832313341 0.01311553594849171 -0.023213194868662187 0.05711384693489021 0.08762186844378628 0.11207805907172999 0.1210872085533943 0.048684210526315774 0.06779192030990594 -0.05864354920958694 -0.21666871845377322 -0.100647016534867 -0.10213776722090262 -0.09293443666454487 0.06228549637727214 -0.03732338043188484 0.11547344110854503 -0.0026745119015779686 0.092579198611312 -0.34716884447860624 -0.7350670941693386 -0.5947032395365335 -0.12593848389440546 -0.11017578608566478 0.06396031849627984 0.014976174268209666 0.14219269102990034 0.05758157389635317 0.18792138860995555 -0.8743718592964823 -3.6026474951500633 -1.475485661424607 -0.5306072775952294 -0.23894568296588253 -0.1898338953415761 -0.07618801652892562 -0.20052083333333334 -0.10971367407010972 -0.22723940771147927 -0.9234402187422323 -3.8746505125815474 -0.9591534873136875 -0.35127411288402 -0.1345236639354286 0.06478136290021179 -0.015274949083503053 0.19668337832626304 -0.003898635477582846 0.01945254967347506 -0.1999036608863199 -0.23347659426181896 -0.15551917680074837 -0.12148183786384412 -0.022263450834879402 0.17914504571287376 0.06850168140490721 0.1086822279856737 0.011479591836734693 0.040110650069156296 -0.13415101571483326 -0.26756247053276755 -0.0059004012272834555 -0.192 -0.0735023888276369 -0.048626306831996105 -0.022413149047441166 -0.10341390480936954 -0.07195185766614337 -0.11363636363636362 -0.03500875218804701 -0.053023465703971116 -0.050956856528139506 0.012077294685990338 0.03180961357210178 0.12347158954687125 0.08751386663379761 0.05084325396825397 0.046019900497512436 0.034206025522957505
-0.02941897523902917 -0.05290409725348942 -0.04650635208711434 -0.13068116109633401 -0.022405660377358493 0.044917257683215125 -0.06000489835904972 0.06688556487899794 -0.08313083514515922 0.03871146135766625 -0.09862182323934757 -0.06487148102815177 -0.002384642899725768 -0.037874160048869884 0.04061429115369971 0.06664198445020364 0.10416666666666667 0.1120700760015458 0.0381578947368421 0.060874377421140026 -0.0764915859255482 -0.2412901637326111 -0.16055595494847832 -0.12351543942992875 -0.1285805219605347 0.052116435744248124 -0.07731271660890429 0.1077752117013087 -0.032094142818935543 0.0781136988282945 -0.3715090955675122 -1.034318964493528 -1.0345235280208087 -0.1828529910389925 -0.14483783114632337 0.04307531653831094 -0.00816882232811436 0.132890365448505 0.03838771593090211 0.18505235977621576 -0.8605527638190955 -3.7099166951957097 -1.6998149861239593 -0.5914567360350492 -0.2734326887547728 -0.21356313225927312 -0.09426652892561985 -0.20703125 -0.11907947551511908 -0.23310365049113035 -0.7643549589858315 -3.0976234855545206 -0.8237569689384457 -0.3441295546558705 -0.14063837593249356 0.047340226734770154 -0.014002036659877792 0.19025581694305183 0.005198180636777128 0.015284146172016119 -0.1697976878612717 -0.13009641073295392 -0.11927034611786713 -0.11907625691604522 -0.035868893011750155 0.1704966641957005 0.06850168140490723 0.10497715203161664 0.017857142857142856 0.04149377593360996 -0.13159575827264597 -0.2663837812352664 -0.009440641963653528 -0.18461538461538463 -0.08697782677937033 -0.052273279844395816 -0.04731664798904246 -0.11338151009220035 -0.09680795395081108 -0.12065095398428731 -0.037509377344336084 -0.0733303249097473 -0.050956856528139506 0.0036231884057971015 0.0235626767200754 0.10908654998801248 0.07272279058301492 0.04588293650793651 0.04228855721393035 0.034206025522957505
-0.03922530031870557 -0.0765420981539847 -0.0499092558983666 -0.14571527697467332 -0.02240566037735849 0.03782505910165484 -0.051432770022042607 0.06810166605861608 -0.07929402736922882 0.02765104382690447 -0.11126564673157162 -0.08935128518971848 -0.010730893048765946 -0.041539401343921804 0.03046071836527478 0.04936443292607676 0.1028481012658228 0.09661213448409119 0.04473684210526315 0.03735473159933593 -0.08669046404895461 -0.2708358980672166 -0.23484303858135633 -0.15201900237529692 -0.13876511775938893 0.03177831447820008 -0.0693148493735004 0.08852963818321787 -0.02273335116341268 0.06220164906697526 -0.38688188572892657 -1.295570597316233 -1.719082525419721 -0.29183821748607414 -0.16712057439960387 0.003915937867119176 0.004084411164057179 0.09435215946843856 0.05758157389635317 0.15636207143881797 -0.827889447236181 -3.69964623987219 -1.8200740055504163 -0.64865522696848 -0.307919694543663 -0.23104783314599725 -0.09555785123966944 -0.20703125 -0.10302381589510304 -0.2360357718809559 -0.5766840666169526 -2.333410997204101 -0.6872226646945044 -0.3357942367230294 -0.11373364314540783 0.028653295128939826 0.025458248472505086 0.17354415734670267 0.050682261208576995 -0.012505210504376824 -0.14450867052023122 -0.09060285747473576 -0.07132834424695977 -0.12148183786384412 -0.022263450834879406 0.16431924882629106 0.0834475028023415 0.10621217734963569 0.03061224489795918 0.03734439834024896 -0.12776287210936502 -0.2628477133427628 0.011800802454566911 -0.1710769230769231 -0.07962758789660665 -0.052273279844395816 -0.032374548624081685 -0.11587341141290805 -0.0889586603872318 -0.13748597081930417 -0.030007501875468866 -0.08009927797833935 -0.027176990148341074 -0.004830917874396135 0.03416588124410933 0.09590026372572524 0.09367681498829039 0.035962301587301584 0.0646766169154229 0.02236547822654914
-0.0527089973032606 -0.07316524088248537 -0.04650635208711433 -0.14687174742685327 -0.025943396226415096 0.044917257683215125 -0.05388194954690177 0.07418217195670679 -0.07545721959329839 0.03318125259228536 -0.1352889113667973 -0.09791921664626682 -0.022654107547394775 -0.046426389737324374 0.007615179591318693 0.03578921387140564 0.0936181434599156 0.06698441324230324 0.027631578947368417 0.022136137244050915 -0.12111167771545131 -0.2966884156099963 -0.3366882338844956 -0.19358669833729217 -0.19096117122851688 0.007626795474768022 -0.10797120767795257 0.0718501411342058 -0.06151377373629313 0.05496889917546651 -0.3958493466564182 -1.433321458259114 -2.559706786474344 -0.4759021554855897 -0.22654122307501862 -0.05090719227254927 -0.016337644656228726 0.0425249169435216 0.04798464491362764 0.1276717831014202 -0.7939698492462313 -3.6448704781467542 -1.864014801110083 -0.7168066204210783 -0.36334523956152237 -0.24978144123891594 -0.1278409090909091 -0.21875 -0.1418249933101418 -0.24190001466060695 -0.41014168530947054 -1.5517241379310343 -0.5666173626123563 -0.32507739938080493 -0.1271860095389507 0.018686931605830327 0.0114562118126273 0.16068903458028025 0.04548408057179987 -0.01389467833819647 -0.1408959537572254 -0.05227087931234754 -0.05846585594013096 -0.12027904738994466 -0.042053184910327765 0.15196441808747221 0.06725619628845435 0.09139187353340743 0.01275510204081633 0.02627939142461964 -0.1341510157148333 -0.24163130598774166 0.007080481472740147 -0.1513846153846154 -0.08207766752419453 -0.03525407245319717 -0.03486489851824181 -0.1121355594318465 -0.10204081632653059 -0.12485970819304153 -0.03375843960990248 -0.0812274368231047 -0.029441739327369487 -0.002415458937198068 0.01885014137606032 0.08870774394629585 0.07272279058301491 0.026041666666666664 0.03606965174129353 0.02236547822654914
-0.0478058347634224 -0.07429085997298515 -0.052177858439201454 -0.13877645426159363 -0.0294811320754717 0.04609929078014184 -0.05020818025961303 0.0741821719567068 -0.0818518992198491 0.03179870040094014 -0.14287520546213173 -0.10526315789473684 -0.03696196494574937 -0.06597434331093463 -0.006345982992765578 0.023448105639886464 0.0870253164556962 0.05539095710421229 0.021052631578947368 0.01660210293303818 -0.13513513513513514 -0.3225409331527761 -0.44092978672417926 -0.27078384798099764 -0.22915340547422022 -0.010169060633024016 -0.13329778725673153 0.05132152938157557 -0.08023535704733885 0.040503399392449 -0.3907250832692801 -1.4891343070894192 -3.384960983684086 -0.7665294260111407 -0.27234463976231743 -0.10442500978984466 -0.03267528931245746 -0.006644518272425232 0.04661365505895256 0.09611246593028261 -0.7110552763819096 -3.5455894100194003 -1.8963922294172064 -0.7691371546793234 -0.403990639241286 -0.2672661421256401 -0.14462809917355374 -0.22135416666666669 -0.1618945678351619 -0.24190001466060695 -0.2585135471041511 -0.8259552656104381 -0.44373648879280925 -0.32269587997142174 -0.1210712975418858 0.012457954403886879 0.01782077393075357 0.15940352230363802 0.05588044184535412 -0.01945254967347506 -0.13126204238921002 -0.01974677662910907 -0.05495790458372309 -0.1034399807553524 -0.045763760049474335 0.16061279960464545 0.06725619628845435 0.09139187353340744 0.011479591836734694 0.027662517289073308 -0.13031812955155236 -0.243988684582744 -0.02124144441822044 -0.1526153846153846 -0.08330270733798847 -0.036469730123997075 -0.03611007346532187 -0.10964365811113878 -0.10334903192046048 -0.12485970819304153 -0.025006251562890724 -0.0868682310469314 -0.048692107349111086 -0.008454106280193236 0.020028275212064094 0.08511148405658116 0.07765314926660913 0.018601190476190473 0.04104477611940298 0.01973424549401395
-0.05638636920813924 -0.07316524088248537 -0.06352087114337568 -0.14455880652249337 -0.04009433962264151 0.037825059101654845 -0.051432770022042607 0.06445336251976165 -0.08696764292108967 0.013825521913452233 -0.14666835250979895 -0.10281517747858016 -0.07392392989149874 -0.08918753817959682 -0.022845538773956085 0.009872886585215356 0.08306962025316456 0.05539095710421229 0.017105263157894735 0.019369120088544547 -0.14788373278939315 -0.358242028807091 -0.588305775221663 -0.40855106888361037 -0.2698917886696372 -0.049574170585992124 -0.15329245534524127 0.014113420579933294 -0.09761968440759561 0.013018949804715749 -0.39200614911606463 -1.512884455527847 -4.087254670134785 -1.219423589246791 -0.3466204506065858 -0.16446939041900535 -0.053097345132743355 -0.05581395348837209 0.024677817384151358 0.04733897575670635 -0.5979899497487438 -3.3493095971699196 -1.8512950971322852 -0.8068638189120116 -0.4409410025865254 -0.27475958536280753 -0.15754132231404958 -0.203125 -0.16724645437516725 -0.2213751649318282 -0.15162813820531942 -0.1968779123951538 -0.3481624758220504 -0.313169802333889 -0.11495658554482084 0.002491590880777372 0.028004073319755594 0.1555469854737113 0.07537361923326835 -0.020842017507294704 -0.13848747591522156 -0.011615750958299453 -0.05028063610851263 -0.10584556170315132 -0.054421768707482984 0.143316036570299 0.06476522605554863 0.07286649376312214 0.008928571428571428 0.002766251728907332 -0.13542864443592692 -0.24045261669024046 -0.0401227283455275 -0.128 -0.07717750826901873 -0.02917578409919766 -0.028639023782841482 -0.099676052828308 -0.09288330716902146 -0.11644219977553309 -0.02250562640660165 -0.08574007220216608 -0.07813384667648057 -0.007246376811594203 0.012959472196041471 0.06952769120115079 0.07642055959571059 0.0024801587301587326 0.03980099502487562 0.003946849098802791
-0.05393478793822015 -0.07429085997298515 -0.07486388384754991 -0.152654099687753 -0.03419811320754717 0.03664302600472814 -0.03428851334802841 0.05715675544205277 -0.0754572195932984 0.012442969722107008 -0.14161082311290932 -0.10526315789473684 -0.08703946583999046 -0.13072693952351863 -0.030460718365274787 -0.008638775762063433 0.09229957805907173 0.041221177379878904 0.030263157894736843 0.013835085777531819 -0.1670066292707802 -0.3791702572941032 -0.7129163671219746 -0.9323040380047505 -0.3755569700827498 -0.10041947375111224 -0.15995734470807785 -0.01667949704901206 -0.09628242845680664 0.0028930999566034966 -0.37663335895465033 -1.4713216957605983 -4.1250886734452585 -1.6178251392589005 -0.4753651894033177 -0.223208458425793 -0.059904697072838665 -0.09435215946843853 0.02604880723882643 0.03012480275426769 -0.44974874371859297 -2.7319411160561446 -1.7090656799259942 -0.7971279055616404 -0.4347826086956522 -0.2909953790433371 -0.13558884297520662 -0.20703125 -0.12443136205512442 -0.2067145579827005 -0.12801391996022865 -0.10484622553588072 -0.2924109682557743 -0.2953084067635151 -0.09661244955362604 -0.006228977201943441 0.04837067209775967 0.14783391181385783 0.09616634178037686 -0.01945254967347506 -0.13126204238921002 -0.01626205134161924 -0.04911131898971001 -0.11426509502044743 -0.049474335188620905 0.12849023968371634 0.0722381367542658 0.060516240582931945 0.014030612244897961 0.008298755186721993 -0.12776287210936504 -0.251060820367751 -0.0531036110455511 -0.12061538461538461 -0.06002695087590346 -0.019450522732798438 -0.012451749470800647 -0.09344629952653875 -0.06802721088435375 -0.10521885521885524 -0.021255313828457113 -0.078971119133574 -0.08266334503453743 -0.025362318840579712 0.0117813383600377 0.06832893790457924 0.08011832860840626 -0.0012400793650793652 0.04850746268656716 -0.001315616366267596
-0.057612159843098795 -0.0675371454299865 -0.09301270417422867 -0.17115762692263217 -0.03773584905660377 0.02245862884160757 -0.02449179524859172 0.05350845190319835 -0.06138892441488682 0.001382552191345223 -0.15172588190668856 -0.10281517747858016 -0.12280910933587694 -0.15760537568723276 -0.0723442061175276 -0.039491546340861404 0.07515822784810128 0.015457941517454592 0.02894736842105263 -0.008301051466519094 -0.18612952575216726 -0.3754770405022775 -0.7979870596693026 -1.4786223277909738 -0.6034373010821132 -0.16016270497012836 -0.19994668088509732 -0.03464203233256351 -0.11634126771864135 -0.008679299869810506 -0.358698437099667 -1.3941337133357083 -4.134547174272878 -1.8442722208767257 -0.6499133448873484 -0.2793369011878345 -0.07896528250510551 -0.1169435215946844 0.03290375651220181 0.008607086501219339 -0.35804020100502515 -2.0609380349195474 -1.5367715078630897 -0.7606182304977487 -0.4421726813647001 -0.320969151992007 -0.12138429752066116 -0.21875 -0.08696815627508696 -0.21257880076235156 -0.12428535918468801 -0.08038210624417522 -0.27193082261918305 -0.29411764705882354 -0.09661244955362604 -0.026161704248162453 0.047097759674134425 0.13754981360071988 0.10396361273554255 -0.034736695845491175 -0.1300578034682081 -0.012777326054129401 -0.05612722170252572 -0.10825114265095022 -0.05689548546691403 0.13590313812700766 0.0660107111720015 0.05804618994689391 0.014030612244897961 0.011065006915629323 -0.1098760700140539 -0.24634606317774638 -0.05782393202737786 -0.13046153846153846 -0.039201274041406345 -0.019450522732798438 -0.008716224629560454 -0.08846249688512334 -0.053636839351125065 -0.10381593714927048 -0.020005001250312578 -0.06656137184115524 -0.08606046880308008 -0.03743961352657005 0.0011781338360037704 0.07072644449772238 0.07149020091211636 0.003720238095238097 0.05099502487562189 0.005262465465070387
-0.03799950968374601 -0.055155335434488986 -0.08847549909255899 -0.17578350873135196 -0.031839622641509434 0.008274231678487 -0.04286064168503552 0.04986014836434392 -0.0792940273692288 -0.009677865339416562 -0.14793273485902136 -0.10403916768665851 -0.11684750208656254 -0.17470983506414176 -0.10788171087701486 -0.05553498704183636 0.06724683544303799 0.01674610331057581 0.025 -0.004150525733259547 -0.19122896481387047 -0.37055275144650995 -0.820752456266475 -2.017814726840855 -0.9675366008911521 -0.21863480361001653 -0.24260197280725143 -0.057736720554272515 -0.1470981545867879 -0.02169824967452626 -0.31642326415577765 -1.2516328227051416 -4.089619295341689 -2.0489222572051347 -0.8455063134439218 -0.3171909672366532 -0.10891763104152485 -0.1382059800664452 0.006854949273375377 -0.014345144168698892 -0.29145728643216084 -1.498345315531211 -1.2835337650323777 -0.697334793720336 -0.44956275403374796 -0.3234669664043961 -0.12138429752066118 -0.20963541666666669 -0.0776023548300776 -0.19645213311831108 -0.1130996768580661 -0.08038210624417522 -0.23665946068949822 -0.281019290307216 -0.099058334352452 -0.03737386321166064 0.03182281059063136 0.13369327677079318 0.09486679662118258 -0.04029456718076976 -0.11319845857418112 -0.017423626437449186 -0.04326473339569691 -0.09983160933365409 -0.04823747680890539 0.14084507042253522 0.06725619628845433 0.04569593676670373 0.010204081632653062 0.002766251728907332 -0.08687875303436822 -0.23809523809523805 -0.034222327118244036 -0.12553846153846154 -0.011025358324145536 -0.006078288353999513 0.0012451749470800658 -0.0822327435833541 -0.0444793301936159 -0.09539842873176207 -0.008752188047011753 -0.05979241877256317 -0.07473672290793795 -0.036231884057971016 -0.00589066918001885 0.07911771757372334 0.07149020091211636 0.02232142857142857 0.04975124378109452 0.023681094592816736
-0.04167688158862466 -0.04615038271049077 -0.08620689655172413 -0.1942870359662311 -0.041273584905660375 0.0 -0.04286064168503551 0.04499574364587135 -0.07801509144391866 -0.006912760956726116 -0.14413958781135416 -0.10648714810281519 -0.13592464528436868 -0.17470983506414173 -0.15103439522782078 -0.06417376280389979 0.07647679324894516 0.025763235862424315 0.030263157894736846 0.015218594355285001 -0.1976032636409995 -0.36439739012680045 -0.826743350107836 -2.425178147268409 -1.4602164226607255 -0.2885470954620567 -0.2839242868568382 -0.07698229407236336 -0.17384327360256752 -0.02459134963112975 -0.26005636689725853 -1.1138819617622608 -3.9879404114447867 -2.1191571809154763 -1.0311958405545927 -0.3746247226210678 -0.12389380530973451 -0.1621262458471761 0.006854949273375377 -0.022952230669918233 -0.26381909547738697 -0.9254821408193544 -0.9794172062904719 -0.6084945843981988 -0.4594161842591452 -0.320969151992007 -0.1252582644628099 -0.19661458333333331 -0.0776023548300776 -0.17299516199970677 -0.1081282624906786 -0.09436160298229265 -0.22983274547730118 -0.28101929030721606 -0.09294362235538707 -0.05356920393671359 0.035641547861507125 0.11826712945108626 0.08447043534762833 -0.03890509934695011 -0.11440269749518306 -0.024393077012428856 -0.028063610851262865 -0.10945393312484966 -0.05318491032776747 0.12354830738818878 0.06351974093909578 0.02840558231443745 0.0025510204081632655 -0.006915629322268324 -0.08815638175546187 -0.21098538425271096 -0.04012272834552749 -0.13538461538461538 -0.004900159255175796 -0.0048626306831996095 0.011206574523720585 -0.0797408422626464 -0.03924646781789638 -0.0883838383838384 -0.0025006251562890713 -0.04512635379061373 -0.08719284339259427 -0.03743961352657004 -0.00589066918001885 0.06952769120115079 0.08997904597559474 0.013640873015873014 0.05845771144278607 0.019734245494013945
-0.045354253493503305 -0.03264295362449347 -0.09301270417422867 -0.23591997224470918 -0.06367924528301887 -0.020094562647754135 -0.0698016164584864 0.0328347318496899 -0.0946412584729505 -0.02073828287017835 -0.13781767606524215 -0.11383108935128519 -0.14307857398354595 -0.20036652412950523 -0.19672547277573296 -0.09996297667530543 0.0725210970464135 0.0012881617931212162 0.0368421052631579 -0.0027670171555063635 -0.1976032636409995 -0.34962452295949775 -0.7955907021327582 -2.663895486935867 -2.0776575429662634 -0.40549129274183304 -0.3359104238869635 -0.12060559404670257 -0.1965766247659802 -0.05062924924056126 -0.23571611580835256 -0.8704429402683767 -3.7763064554268153 -2.139743279244369 -1.1859371131468184 -0.4542487925858243 -0.16065350578624915 -0.1913621262458472 -0.005483959418700302 -0.027255773920527897 -0.25376884422110557 -0.5546045874700445 -0.6880203515263644 -0.5439941584519897 -0.4741963295972411 -0.34095166729112025 -0.1575413223140496 -0.21223958333333331 -0.08830612791008831 -0.1773933440844451 -0.10564255530698483 -0.10135135135135136 -0.22983274547730118 -0.2953084067635151 -0.09538950715421304 -0.0747477264233213 0.025458248472505097 0.08741483481167246 0.08057179987004548 -0.0625260525218841 -0.11921965317919077 -0.023231501916598913 -0.04443405051449953 -0.11065672359874909 -0.07668521954236242 0.11984185816654311 0.04359197907585004 0.018525379770285295 -0.017857142857142856 -0.008298755186721993 -0.09326689663983648 -0.20391324846770392 -0.05900401227283455 -0.17846153846153845 -0.019600637020703172 -0.015803549720398734 -0.012451749470800645 -0.09967605282830798 -0.05232862375719518 -0.10942760942760943 0.006251562890722681 -0.037229241877256326 -0.08492809421356586 -0.03985507246376811 -0.010603204524033929 0.05394389834572044 0.09490940465918896 -0.0074404761904761935 0.06467661691542288 0.009209314563873172
-0.057612159843098795 -0.011256190904997755 -0.08960980036297642 -0.2532670290274084 -0.07783018867924528 -0.029550827423167846 -0.09429341170707813 0.023105922412744746 -0.11382529735260263 -0.024885939444214016 -0.13402452901757492 -0.10159118727050183 -0.14069393108382017 -0.20036652412950517 -0.23353217413377333 -0.1234110823151919 0.06329113924050633 -0.011593456138090945 0.042105263157894736 -0.00553403431101273 -0.1937786843447221 -0.3360827280561369 -0.7524562664749579 -2.7304038004750595 -2.6785486950986632 -0.5580272022371934 -0.3812316715542522 -0.16422889402104182 -0.21396095212623695 -0.06943439895848401 -0.20881373302587755 -0.57356608478803 -3.3494916055805164 -2.1361104383628 -1.3208715028472393 -0.5325675499282079 -0.18924438393464943 -0.21395348837209305 -0.004112969564025226 -0.03873188925548702 -0.2336683417085427 -0.40739472783293385 -0.446345975948196 -0.4624558841426311 -0.4544894691464466 -0.3422005744973149 -0.17045454545454547 -0.21875 -0.09767192935509768 -0.16713091922005568 -0.10315684812329107 -0.11533084808946878 -0.22869495960860164 -0.2929268873541319 -0.08682891035832213 -0.07723931730409866 0.012729124236252545 0.0732741997686078 0.0649772579597141 -0.07364179519244127 -0.10115606936416188 -0.012777326054129401 -0.03391019644527596 -0.10825114265095023 -0.06431663574520718 0.11119347664936992 0.03611906837713289 0.007410151908114115 -0.034438775510204085 -0.017980636237897647 -0.08049060942889996 -0.17562470532767563 -0.04720320981826764 -0.17969230769230768 -0.012250398137939484 -0.01337223437879893 6.938893903907229e-19 -0.10590580613007723 -0.04055468341182626 -0.1122334455667789 0.015003750937734433 -0.03158844765342961 -0.07700147208696637 -0.036231884057971016 -0.012959472196041471 0.05154639175257732 0.09121163564649329 -0.021081349206349208 0.059701492537313425 -1.7347234759768072e-19
-0.05025741603334151 -1.3877787807814458e-18 -0.08847549909255899 -0.26136232219266803 -0.09433962264150944 -0.037825059101654845 -0.12245897624295861 0.018241517694272163 -0.13684614400818518 -0.013825521913452233 -0.12390947022379566 -0.0832313341493268 -0.1395016096339573 -0.21991447770311545 -0.2652620890976012 -0.17030729359496483 0.050105485232067495 -0.014169779724333375 0.04078947368421052 0.001383508577753182 -0.17848036715961244 -0.31392342730518286 -0.6697819314641744 -2.6852731591448933 -3.327816677275621 -0.7893733316384898 -0.426552919221541 -0.1655119322555812 -0.2300080235357047 -0.05352234919716477 -0.17294388931591084 -0.3111269445434034 -2.6531094821470793 -2.0755630903366433 -1.3939093835107699 -0.5939172431797415 -0.23281143635125937 -0.19667774086378736 -0.016451878256100904 -0.010041600918089222 -0.21356783919597988 -0.3800068469702157 -0.30296022201665124 -0.41499330655957156 -0.42985589358295356 -0.3646809042088173 -0.19111570247933884 -0.22916666666666666 -0.1123896173401124 -0.17006304060988126 -0.10191399453144419 -0.09669151910531222 -0.22414381613380363 -0.2857823291259824 -0.09416656475480005 -0.07101034010215522 -0.007637474541751529 0.09255688391824142 0.04548408057179987 -0.05141030985132694 -0.07586705202312141 0.0058078754791497265 -0.019878391019644524 -0.0950204474380563 -0.06184291898577614 0.1136644427971337 0.028646157678415746 0.013585278498209213 -0.048469387755102046 -0.008298755186721992 -0.07026957966015075 -0.15087223008015088 -0.056643851781921176 -0.192 -0.024500796275878964 -0.00486263068319961 0.0037355248412401947 -0.10092200348866184 -0.04578754578754578 -0.0925925925925926 0.023755938984746185 -0.005640794223826712 -0.08492809421356586 -0.025362318840579712 -0.01295947219604147 0.06593143131143611 0.08628127696289906 0.007440476190476189 0.04975124378109453 0.030259176424154717
-0.03799950968374602 0.014633048176497071 -0.08280399274047187 -0.2578929108361282 -0.11438679245283019 -0.04137115839243499 -0.12613274553024736 0.014593214155417733 -0.1457986954853562 -0.009677865339416562 -0.11000126438234922 -0.05263157894736843 -0.14307857398354595 -0.22480146609651802 -0.2919152176672166 -0.24929038627668762 0.030327004219409294 -0.0064408089656060805 0.031578947368421054 0.0041505257332595455 -0.161907190209077 -0.2905330542902868 -0.5559549484783128 -2.604513064133017 -3.825588796944621 -1.3054531587644589 -0.47454012263396433 -0.21170130869899922 -0.22733351163412677 -0.07522059887169101 -0.15757109915449657 -0.15793848711554448 -1.8148498462993614 -1.9205618793896828 -1.4025748947759342 -0.6683200626550059 -0.26276378488767876 -0.18604651162790695 -0.021935837674801208 0.0057380576674795555 -0.19849246231155776 -0.359465936323177 -0.24861239592969478 -0.34684191310697327 -0.3879788151250154 -0.39590358436368184 -0.193698347107438 -0.23307291666666666 -0.10168584426010167 -0.17446122269461956 -0.08699975142928162 -0.09669151910531222 -0.20593924223461144 -0.2774470111931412 -0.08071419836125718 -0.0747477264233213 0.008910386965376781 0.08612932253503021 0.05588044184535412 -0.06391552035570376 -0.0626204238921002 0.023231501916598906 -0.00935453695042095 -0.08660091412076017 -0.051948051948051965 0.10995799357548804 0.042346493959397186 0.01729035445226627 -0.04336734693877551 -3.469446951953614e-18 -0.058770921170307897 -0.13437057991513437 -0.04602312957281096 -0.20184615384615384 -0.03797623422761239 0.0036469730123997097 0.014942099364960779 -0.10092200348866184 -0.04317111459968603 -0.0968013468013468 0.031257814453613406 0.014666064981949455 -0.0702072245498811 -0.02173913043478261 -0.0011781338360037697 0.053943898345720456 0.10353753235547887 0.011160714285714284 0.0646766169154229 0.030259176424154717
-0.033096347143907814 0.03601981089599279 -0.08053539019963701 -0.2555799699317683 -0.1474056603773585 -0.02836879432624114 -0.14205241244183198 0.020673720053508454 -0.1560301828878373 0.002765104382690442 -0.0986218232393476 -0.03427172582619339 -0.12877071658519135 -0.211362248014661 -0.307145576849854 -0.3270393681352585 -0.0026371308016877567 -0.007728970758727296 0.021052631578947368 0.00553403431101273 -0.15553289138194798 -0.2634494644835652 -0.44692068056554035 -2.4798099762470307 -4.03182686187142 -2.0388966569213167 -0.5838443081844842 -0.2489094175006415 -0.2420433270928056 -0.07811369882829451 -0.1396361772995132 -0.08906305664410401 -0.9813194608654523 -1.650520707193025 -1.3951473136915076 -0.7218378801723013 -0.3185840707964602 -0.1833887043189369 -0.03701672607622704 0.02008320183617846 -0.18467336683417085 -0.3503366427022709 -0.18848288621646622 -0.28112449799196787 -0.3350166276635054 -0.4121393780442113 -0.19886363636363638 -0.24609375 -0.09499598608509499 -0.17885940477935786 -0.08078548347004723 -0.08154706430568501 -0.1865968824667198 -0.25958561562276733 -0.07215360156536627 -0.056060794817490975 0.012729124236252545 0.10155546985473711 0.057179987004548405 -0.041684035014589414 -0.04696531791907515 0.04065512835404809 -0.0011693171188026173 -0.06495068559057013 -0.04700061842918986 0.11860637509266123 0.0361190683771329 0.01976040508830431 -0.044642857142857144 0.012448132780082985 -0.052382777564839646 -0.1214049976426214 -0.015341043190936982 -0.1809230769230769 -0.06247703050349136 0.02066618040359835 0.004980699788320261 -0.10341390480936954 -0.05232862375719518 -0.09539842873176206 0.03875968992248062 0.030460288808664256 -0.037368361453968976 -0.012077294685990341 0.012959472196041471 0.04195636538000479 0.10723530136817454 0.01240079365079365 0.06716417910447761 0.031574792790422315
-0.023290022064231426 0.04277352543899145 -0.08280399274047186 -0.2544234994795883 -0.15683962264150944 -0.06382978723404256 -0.1408278226794024 0.026754225951599174 -0.15730911881314744 0.013825521913452233 -0.09229991149323556 -0.03059975520195838 -0.0977703588887564 -0.20769700671960903 -0.3236451326310445 -0.410958904109589 -0.06460970464135021 -0.02833955944866675 0.003947368421052635 -0.002767017155506364 -0.1695563488016318 -0.2240551520374246 -0.30793194344596214 -2.302850356294537 -4.025461489497136 -2.8447947120884707 -0.7891229005598508 -0.27970233512958687 -0.283498261567264 -0.07377404889338926 -0.12554445298488343 -0.04393777461109132 -0.2943958382596358 -1.2194235892467908 -1.3617231988115868 -0.7427228821302703 -0.4029952348536419 -0.17541528239202658 -0.0671785028790787 0.04446994692296658 -0.17336683417085427 -0.3549012895127239 -0.18501387604070305 -0.24948277960326154 -0.3017613006527898 -0.42712626451854624 -0.23243801652892562 -0.26953125 -0.1097136740701097 -0.19352001172848557 -0.08078548347004721 -0.06640260950605778 -0.1774945955171237 -0.25005953798523456 -0.06848477436712731 -0.05356920393671359 0.007637474541751526 0.10798303123794832 0.050682261208576995 -0.034736695845491175 -0.03733140655105973 0.05227087931234754 -0.005846585594013096 -0.060139523694972316 -0.04823747680890538 0.12725475660983446 0.02490970232905717 0.03458070890453254 -0.05994897959183674 0.03319502074688797 -0.058770921170307897 -0.11904761904761904 -0.008260561718196838 -0.19446153846153846 -0.08575278696557638 -0.009725261366399224 -0.004980699788320256 -0.10839770745078495 -0.06802721088435373 -0.0968013468013468 0.04126031507876969 0.04287003610108303 -0.013588495074170537 -0.00845410628019324 0.014137606032045242 0.026372572524574443 0.08504868729200049 0.011160714285714288 0.0609452736318408 0.03289040915668991
-0.024515812699190977 0.04277352543899145 -0.0794010889292196 -0.2544234994795883 -0.16745283018867924 -0.10756501182033099 -0.16654420769042372 0.017025416514654022 -0.17265634991686915 0.005530208765380891 -0.08471361739790112 -0.01591187270501836 -0.07630857279122451 -0.15760537568723273 -0.318568346236832 -0.43193878810317166 -0.1476793248945148 -0.037356692000515265 -0.015789473684210527 0.008301051466519094 -0.14915859255481895 -0.20805121260617998 -0.17493410016774502 -1.73396674584323 -3.8345003182686193 -3.0952078301766877 -1.4822713942948549 -0.36438285860918657 -0.3022198448783097 -0.06798784898018227 -0.11785805790417628 -0.03443771523572022 -0.24828564672499404 -0.8307096149188664 -1.251547412725922 -0.693121002480094 -0.5078284547311096 -0.21262458471760795 -0.09459829997258021 0.038731889255487026 -0.15703517587939697 -0.3355015405682985 -0.18038852913968548 -0.23001095290251916 -0.2758960463111221 -0.37467216185837393 -0.24535123966942146 -0.27994791666666663 -0.1137275889751137 -0.1964521331183111 -0.0708426547352722 -0.05125815470643058 -0.17294345204232567 -0.2607763753274589 -0.06970771676654029 -0.06727295378098916 0.007637474541751526 0.1041264944080216 0.05198180636777128 -0.03612616367931082 -0.03251445086705203 0.06156348007898712 0.003507951356407857 -0.0408948761125812 -0.04329004329004329 0.12972572275759825 0.023664217212604314 0.03581573422255156 -0.05994897959183674 0.030428769017980632 -0.05110514884374601 -0.10843941537010844 0.011800802454566911 -0.19323076923076923 -0.09065294622075218 -0.034038414782397275 -0.00871622462956045 -0.10341390480936956 -0.07195185766614337 -0.08698092031425365 0.047511877969492376 0.039485559566787 -0.012456120484656327 0.0024154589371980667 0.012959472196041471 0.0311675857108607 0.06779243189942068 0.013640873015873014 0.04850746268656716 0.046046572819365875
-0.018386859524393232 0.04615038271049077 -0.045372050816696916 -0.24517173586214874 -0.1627358490566038 -0.11347517730496455 -0.20205731080088168 0.017025416514654022 -0.19056145287121112 0.008295313148071339 -0.06574788215956505 -0.011015911872705019 -0.036961964945749375 -0.12583995113011603 -0.27795405508313237 -0.41836356904850047 -0.21756329113924053 -0.043797500966121346 -0.022368421052631576 0.01936912008854455 -0.1287608363080061 -0.2092822848701219 -0.0647016534867002 -1.1532066508313539 -3.5213239974538517 -3.041820261853311 -2.282058117835244 -0.550423402617398 -0.3169296603369885 -0.08534644871980328 -0.09992313604919292 -0.024937655860349125 -0.21163395601797114 -0.5982077984984255 -1.0819509779648426 -0.6578775616760214 -0.5922396187882913 -0.26710963455149506 -0.11379215793803125 0.048773490173576246 -0.1444723618090452 -0.3195252767317129 -0.15379278445883443 -0.2275769745649264 -0.24017736174405716 -0.34969401773448233 -0.2582644628099174 -0.2955729166666667 -0.13112122023013112 -0.2052484972877877 -0.06462838677603779 -0.04659832246039143 -0.15018773466833543 -0.2607763753274589 -0.06359300476947535 -0.062289772019434406 0.003818737270875762 0.10026995757809487 0.037686809616634176 -0.030568292344032234 -0.015655105973025052 0.07898710651643628 0.030402245088868095 -0.027664180899687273 -0.01731601731601732 0.132196688905362 0.0298916427948686 0.04322588613066568 -0.0548469387755102 0.035961272475795295 -0.0434393765171841 -0.10490334747760491 0.03894264810007081 -0.176 -0.09065294622075218 -0.030391441769997567 -0.008716224629560452 -0.09718415150760029 -0.07456828885400313 -0.07856341189674522 0.05751437859464866 0.03497292418772563 0.002264749179028423 0.0012077294685990322 0.02474081055607917 0.02996883241428914 0.06286207321582646 -0.0024801587301587326 0.03980099502487562 0.036837258255492694
-0.028193184604069627 0.049527239981990094 -0.04083484573502723 -0.23591997224470918 -0.17099056603773582 -0.11938534278959811 -0.22654910604947345 0.01702541651465402 -0.1931193247218314 0.011060417530761785 -0.07586294095334428 -0.006119951040391676 -0.036961964945749375 -0.09407452657299939 -0.2538393197106232 -0.4047883499938294 -0.3072257383966245 -0.05023830993172742 -0.03684210526315789 0.030437188710570006 -0.13131055583885773 -0.21051335713406377 -0.02516175413371674 -0.5724465558194776 -3.1012094207511143 -2.988432693529935 -3.0578512396694215 -0.7364639466256094 -0.355710082909869 -0.10270504845942427 -0.10632846528311557 -0.015437596484978033 -0.20808701820761408 -0.365705982077985 -0.895023520673434 -0.6226341208719488 -0.6466984343090537 -0.321594684385382 -0.11242116808335618 0.05881509109166548 -0.1457286432160804 -0.3035490128951272 -0.15032377428307125 -0.2251429962273336 -0.21308042862421478 -0.32471587361059073 -0.24922520661157027 -0.3111979166666667 -0.13914905004013914 -0.21404486145726437 -0.07084265473527218 -0.04193849021435229 -0.15701444988053248 -0.2607763753274589 -0.059924177571236394 -0.05730659025787967 0.002545824847250508 0.09641342074816814 0.042884990253411304 -0.02501042100875365 -0.021676300578034685 0.09641073295388547 0.037418147801683815 -0.01443348568679336 -0.0074211502782931356 0.13466765505312575 0.02740067256196289 0.05063603803877979 -0.045918367346938764 0.04149377593360996 -0.0485498914015587 -0.10136727958510136 0.02950200613641728 -0.15876923076923075 -0.10045326473110375 -0.02674446875759786 -0.03112937367700162 -0.09095439820583105 -0.07849293563579277 -0.0701459034792368 0.04126031507876969 0.030460288808664266 -0.007926622126599479 0.0 0.012959472196041471 0.028770079117717572 0.04807099716504375 -0.018601190476190476 0.03233830845771144 0.027627943691619528
-0.02819318460406962 0.046150382710490774 -0.027223230490018152 -0.2266682086272696 -0.1686320754716981 -0.1252955082742317 -0.26696056820964975 0.010944910616563299 -0.19184038879652127 0.0027651043826904453 -0.0809204703502339 -0.0012239902080783333 -0.017884821747943248 -0.08430054978619426 -0.21703261835258286 -0.39368135258546216 -0.3982067510548523 -0.06827257503542446 -0.05657894736842105 0.023519645821804096 -0.13386027536970935 -0.2129755016619476 0.011981787682722267 -0.12589073634204279 -2.546148949713558 -2.9045379433074867 -3.8229805385230606 -0.9815242494226328 -0.3891414816795935 -0.14031534789526975 -0.12426338713809888 -0.009500059375371097 -0.20099314258689996 -0.2748849600387503 -0.7179995048279277 -0.5691163033546534 -0.7093260721579304 -0.40531561461794013 -0.12750205648478202 0.05738057667479558 -0.13693467336683415 -0.29670204267944766 -0.12604070305272896 -0.2531337471096507 -0.1798251016134992 -0.3009866366928937 -0.23631198347107438 -0.32942708333333337 -0.14583890821514583 -0.22723940771147927 -0.06214267959234402 -0.02679403541472507 -0.1376720901126408 -0.2583948559180757 -0.053809465574171454 -0.05481499937710228 0.0012729124236252527 0.07584522432189228 0.04028589993502274 -0.048631374183687646 -0.003612716763005784 0.10570333372052505 0.06548175865294668 -0.008419533317296125 0.02226345083487941 0.14455151964418086 0.04359197907585005 0.05434111399283685 -0.028061224489795922 0.04840940525587828 -0.031940718027341254 -0.10136727958510136 0.04956337030918103 -0.1526153846153846 -0.09187798603454611 -0.03160709944079747 -0.03860042335948201 -0.09469225018689259 -0.0771847200418629 -0.07856341189674522 0.0450112528132033 0.02030685920577617 0.0033971237685426355 0.002415458937198068 0.02945334590009425 0.02757132582114601 0.041908048810550956 -0.028521825396825396 0.02860696517412935 0.019734245494013945
-0.01716106888943368 0.06528590724898695 -0.01134301270417423 -0.18619174280097145 -0.14150943396226415 -0.11111111111111112 -0.26573597844722024 0.00608050589809072 -0.162424862514388 -0.0013825521913452237 -0.06954102920723226 0.01591187270501836 -0.0047692857994515335 -0.05742211362248014 -0.15991877141769262 -0.3591262495372084 -0.4404008438818566 -0.08115419296663662 -0.061842105263157886 0.030437188710570006 -0.12493625701172872 -0.19327834543887729 0.041936256889527915 0.1840855106888361 -1.8446849140674726 -2.7570865641286386 -4.321514262863237 -1.288170387477547 -0.40920032094142816 -0.13308259800376104 -0.11273379451703817 -0.002375014843842774 -0.1879877039489241 -0.23734560426253332 -0.5595444416934885 -0.5116825479702387 -0.7256637168141592 -0.5408637873754153 -0.13984096517685768 0.035862860421747245 -0.11683417085427135 -0.28643158735592833 -0.10175763182238669 -0.26652062796641107 -0.14287473826825964 -0.2785063069813913 -0.19240702479338845 -0.34895833333333337 -0.1378110784051378 -0.22723940771147927 -0.04474272930648769 -0.013979496738117428 -0.11264080100125158 -0.22862586330078596 -0.03057355998532469 -0.037373863211660655 0.02545824847250509 0.08741483481167246 0.04808317089018843 -0.03751563151313047 0.018063583815028907 0.11499593448716461 0.09939195509822264 0.006013952369497235 0.06184291898577613 0.14702248579194466 0.0722381367542658 0.04075583549462764 0.0038265306122448966 0.03734439834024896 -0.02171968825859205 -0.07897218293257897 0.06726457399103139 -0.09107692307692308 -0.07472742864143084 -0.007293946024799419 -0.03611007346532188 -0.0672813356591079 -0.06802721088435373 -0.05331088664421997 0.04751187796949237 0.02256317689530686 0.005661872947571057 0.016908212560386472 0.045947219604147035 0.03955885878686166 0.051768766177739435 -0.021081349206349208 0.02238805970149254 0.024996710959084335
-0.009806325079676388 0.06303466906798741 -0.001134301270417424 -0.17462703827917198 -0.12146226415094338 -0.1016548463356974 -0.2657359784472202 -1.3877787807814458e-18 -0.14579869548535618 -0.0027651043826904496 -0.06321911746112023 0.023255813953488372 3.4694469519536144e-19 -0.04031765424557116 -0.11168930067267421 -0.3233370356658027 -0.4733649789029536 -0.10176478165657606 -0.07105263157894735 0.029053680132816822 -0.1287608363080061 -0.1711190446879232 0.06110711718188354 0.32541567695962 -1.176320814767664 -2.5715012075759502 -4.601439616102373 -1.7654606107261999 -0.45734153516983156 -0.14610154780847678 -0.11401486036382272 0.004750029687685548 -0.18089382832821 -0.21433761201259385 -0.4122307501856895 -0.43858504111734764 -0.7134104833219876 -0.7255813953488373 -0.15903482314230874 0.03729737483861713 -0.12311557788944724 -0.2727376469245692 -0.11216466234967623 -0.2677376171352075 -0.141643059490085 -0.2522792556513051 -0.16012396694214875 -0.35546875 -0.14316296494514316 -0.2257733470165665 -0.04847129008202834 0.010484622553588068 -0.10581408578905449 -0.21790902595856157 -0.025681790387672737 -0.02242431792699639 0.035641547861507125 0.10798303123794832 0.05458089668615984 -0.02778935667639294 0.006021194605009635 0.12080380996631435 0.10173058933582788 0.0072167428433966814 0.06802721088435373 0.16061279960464542 0.0834475028023415 0.04569593676670371 0.020408163265306124 0.04564315352697095 -0.02171968825859205 -0.07072135785007072 0.06962473448194477 -0.06892307692307692 -0.0661521499448732 0.012156576707999031 -0.03984559830656207 -0.0423623224520309 -0.06541077969649398 -0.03647586980920314 0.030007501875468877 0.030460288808664256 -0.007926622126599479 0.01570048309178744 0.04948162111215834 0.05154639175257732 0.05423394551953655 -0.013640873015873018 0.016169154228855724 0.023681094592816736
-0.024515812699190974 0.07316524088248537 0.005671506352087111 -0.15727998149647276 -0.12382075471698113 -0.09338061465721041 -0.29022777369581193 -0.029186428310835462 -0.13812507993349532 -0.015208074104797456 -0.06321911746112024 0.030599755201958383 -0.0011923214498628827 -0.014660965180207697 -0.07869018911029317 -0.272738491916574 -0.5116033755274262 -0.12237537034651551 -0.0868421052631579 0.030437188710570013 -0.14023457419683835 -0.15757724978456236 0.05511622334052241 0.3551068883610451 -0.4799490770210057 -2.3032922333799415 -4.713409757398027 -2.3325635103926095 -0.5268788446108585 -0.17069289743960653 -0.13323084806559057 0.004750029687685548 -0.1879877039489241 -0.18890772584160814 -0.33547907897994556 -0.3498237827959797 -0.7052416609938732 -1.0551495016611296 -0.20153550863723607 0.01721417300243867 -0.135678391959799 -0.2567613830879836 -0.12950971322849214 -0.24583181209687233 -0.14533809582460894 -0.22855001873360808 -0.15108471074380164 -0.35546874999999994 -0.1699223976451699 -0.2272394077114792 -0.053442704449415866 0.010484622553588068 -0.11036522926385253 -0.20004763038818765 -0.03057355998532469 -0.016195340725052947 0.03309572301425662 0.0951279084715259 0.05198180636777128 -0.030568292344032237 -0.019267822736030827 0.11731908467882449 0.09822263797942002 0.004811161895597787 0.058132343846629554 0.15814183345688165 0.07099265163781292 0.023465481042361368 0.017857142857142856 0.024896265560165977 -0.035773604190622206 -0.06954266855256955 0.049563370309181023 -0.06276923076923077 -0.07227734901384295 0.006078288353999518 -0.08218154650728429 -0.04111637179167704 -0.08110936682365252 -0.03787878787878788 0.02125531382845712 0.024819494584837544 -0.007926622126599479 0.016908212560386472 0.04241281809613572 0.045552625269719496 0.04190804881055098 -0.032242063492063495 0.0074626865671641816 0.0026312327325351925
-0.04412846285854376 0.07654209815398469 0.003402903811252268 -0.16074939285301262 -0.10849056603773584 -0.09692671394799054 -0.30859662013225575 -0.05837285662167093 -0.1368461440081852 -0.019355730678833127 -0.06701226450878746 0.02447980416156671 -1.3877787807814458e-18 6.938893903907229e-19 -0.05457545373778398 -0.1838825126496359 -0.5313818565400844 -0.14813860620893984 -0.09342105263157893 0.029053680132816822 -0.14278429372768997 -0.1477286716730272 0.0503235082674335 0.3657957244655582 0.0903882877148313 -1.7528918266175162 -4.6947480671820845 -2.859892224788299 -0.5990906659534635 -0.16779979748300303 -0.14347937483986678 0.013062581641135256 -0.18444076613856702 -0.1622668927100993 -0.29586531319633574 -0.2271243962929122 -0.6643975493533014 -1.4803986710963453 -0.2783109404990403 0.014345144168698896 -0.13190954773869348 -0.2533378979801438 -0.11563367252543943 -0.24096385542168677 -0.1391797019337357 -0.19358061696015985 -0.1265495867768595 -0.3489583333333333 -0.18865400053518866 -0.23017152910130476 -0.05592841163310963 0.017474370922646785 -0.10922744339515303 -0.19766611097880443 -0.03057355998532469 -0.007474772642332132 0.017820773930753563 0.10798303123794832 0.04678362573099415 -0.022231485341114354 -0.0313102119460501 0.12777326054129398 0.09471468662301216 0.006013952369497234 0.0494743351886209 0.1742031134173462 0.04857391954166149 0.03705075954057058 0.007653061224489795 0.024896265560165977 -0.04471700523827775 -0.06836397925506836 0.044843049327354265 -0.057846153846153846 -0.06002695087590346 -0.002431315341599806 -0.10085917071348524 -0.028656865188138547 -0.08634222919937205 -0.03928170594837262 0.02000500125031258 0.010153429602888087 -0.006794247537085268 0.016908212560386472 0.03770028275212064 0.05634140493886358 0.03451251078515962 -0.023561507936507936 0.00746268656716418 -0.0026312327325351925
-0.04167688158862466 0.0810445745159838 0.01247731397459165 -0.1630623337573725 -0.0778301886792453 -0.10520094562647753 -0.3024736713201078 -0.0936397908305971 -0.12917252845632432 -0.02212083506152357 -0.05942597041345302 0.02692778457772338 0.0035769643495886473 0.014660965180207697 -0.03046071836527477 -0.0888559792669382 -0.5221518987341772 -0.17261368027824295 -0.08421052631578946 0.031820697288323194 -0.1313105558388577 -0.14157331035331772 0.04792715073088905 0.3681710213776722 0.36155315085932527 -0.9838566162450741 -4.577446014396161 -3.3885039774185275 -0.6552554158866007 -0.16924634746130476 -0.153727901614143 0.026125163282270512 -0.18444076613856702 -0.1453136352627755 -0.2859618717504333 -0.11747813601357522 -0.5908781484002721 -1.8950166112956808 -0.37839319989032083 0.02438674508678812 -0.11432160804020101 -0.2419262809540112 -0.09713228492136909 -0.24339783375927956 -0.14780145338095826 -0.16360684401148998 -0.10201446280991737 -0.33072916666666663 -0.19935777361519938 -0.22870546840639205 -0.03355704697986577 0.012814538676607642 -0.10467629992035499 -0.19528459156942127 -0.0195670783906078 -0.014949545284664256 0.03182281059063137 0.1041264944080216 0.05328135152696556 -0.03195776017785188 -0.020472061657032758 0.11964223487048439 0.1028999064546305 -0.008419533317296125 0.06184291898577613 0.1680256980479367 0.06102877070619006 0.03581573422255156 0.012755102040816323 0.009681881051175659 -0.037051232911715845 -0.0719000471475719 0.047203209818267644 -0.07507692307692307 -0.0404263138552003 -0.018234865061998534 -0.10085917071348524 -0.031148766508846258 -0.08634222919937204 -0.05331088664421998 0.027506876719179795 0.007897111913357398 -0.00905899671611369 0.016908212560386472 0.02945334590009425 0.07432270438743707 0.02958215210156539 0.0062003968253968225 0.006218905472636817 0.002631232732535192
-0.04045109095366511 0.07654209815398469 0.02041742286751361 -0.15843645194865275 -0.07193396226415096 -0.06855791962174942 -0.319617927994122 -0.14471604037455915 -0.1432408236347359 -0.0359463569749758 -0.05563282336578581 0.029375764993880043 0.001192321449862882 0.020769700671960902 -0.007615179591318693 -0.0012341108231519148 -0.490506329113924 -0.2022414015200309 -0.07763157894736841 0.024903154399557276 -0.11983681795002547 -0.14403545488120148 0.053918044572250176 0.37292161520190026 0.41756842775302355 -0.13601118596669637 -4.3695014662756595 -3.813189633051065 -0.6913613265579032 -0.18081874728771877 -0.14476044068665128 0.029687685548034675 -0.19389926696618587 -0.12957132477597483 -0.27605843030453087 -0.03524344080407257 -0.46834581347855686 -2.411960132890365 -0.4949273375377022 0.007172572084349446 -0.10552763819095476 -0.24306744265662444 -0.08903792784458833 -0.2275769745649264 -0.14533809582460896 -0.15236667915573876 -0.07102272727272727 -0.32291666666666663 -0.22745517795022746 -0.2492303181351708 -0.02734277902063137 0.010484622553588072 -0.10922744339515303 -0.18933079304596329 -0.017121193591781828 -0.0062289772019434395 0.03691446028513238 0.11826712945108626 0.05198180636777128 -0.033347228011671524 -0.024084778420038533 0.12080380996631435 0.0958840037418148 -0.0048111618955977865 0.05689548546691403 0.17543859649122803 0.06476522605554864 0.033345683586513526 0.019132653061224494 -0.00276625172890733 -0.02427494570077935 -0.07425742574257425 0.057823932027377865 -0.08246153846153846 -0.03062599534484871 0.004862630683199612 -0.10459469555472545 -0.036132569150261654 -0.07456828885400313 -0.07435465768799102 0.02625656414103526 -0.0011281588447653438 -0.01811799343222738 0.009661835748792268 0.027097078228086713 0.09230400383601056 0.04190804881055096 0.031001984126984128 0.004975124378109453 -0.0013156163662675952
-0.024515812699190977 0.08892390814948223 0.03629764065335752 -0.13877645426159363 -0.06014150943396227 -0.017730496453900707 -0.3122703894195445 -0.17876687340386718 -0.14835656733597646 -0.029033596018249692 -0.06195473511189783 0.03182374541003672 -0.0011923214498628849 0.025656689065363468 -0.013961162584084271 0.0518326545723806 -0.4522679324894514 -0.2434625788999098 -0.09868421052631578 0.008301051466519088 -0.11218765935747069 -0.1280315154499569 0.058710759645339096 0.37767220902612825 0.36028007638446846 0.17160289818228042 -3.660357238069848 -3.8221709006928406 -0.7395025407863065 -0.19817734702733975 -0.13835511145272866 0.03562522265764161 -0.19035232915582878 -0.11746185517074352 -0.2661549888586284 -0.024800939825088103 -0.33356024506466986 -2.915614617940199 -0.8472717301891965 -0.014345144168698901 -0.11055276381909548 -0.24192628095401117 -0.0948196114708603 -0.2166240720457588 -0.15519152605000616 -0.17984263769201952 -0.08006198347107438 -0.32291666666666663 -0.34787262510034783 -0.2756194106436006 -0.012428535918468802 0.018639328984156572 -0.0955740129707589 -0.17504167658966419 -0.012229423994129877 0.014949545284664256 0.024185336048879832 0.14269186270728887 0.015594541910331383 -0.023620953174934 -0.01445086705202312 0.1254501103496341 0.10874649204864362 0.006013952369497234 0.054421768707482984 0.19397084259945638 0.061028770706190075 0.05557613931085588 0.011479591836734696 0.002766251728907331 -0.026830203142966653 -0.07425742574257425 0.05192353080009442 -0.06769230769230769 -0.04042631385520029 0.04619499149039631 -0.12327231976092641 -0.022427111886369304 -0.08634222919937204 -0.07014590347923681 0.02875718929732433 0.010153429602888087 -0.018117993432227378 0.02898550724637681 0.01767200754005655 0.1042915368017262 0.030814741772463943 0.053323412698412696 -0.01990049751243781 -0.005262465465070386
-0.012257906349595485 0.10018009905447997 0.018148820326678767 -0.1133341043136348 -0.05778301886792453 0.0035460992907801457 -0.290227773695812 -0.21646600997202964 -0.15347231103721704 -0.02073828287017835 -0.07586294095334428 0.04773561811505507 -0.01073089304876595 0.050091631032376294 -0.029191521766721663 0.08762186844378625 -0.40743670886075944 -0.26149684400360684 -0.11973684210526314 0.02628666297731046 -0.10326364099949006 -0.11695186507447988 0.046728971962616814 0.37767220902612825 0.3004455760661998 0.17668742849879243 -2.8112503332444683 -3.710546574287914 -0.7502005883926183 -0.19528424707073627 -0.13707404560594413 0.02493765586034913 -0.19508157956963823 -0.13199321869702108 -0.25996533795493937 -0.020885001957968944 -0.2055820285908782 -3.3315614617940197 -1.2503427474636688 -0.05451154784105581 -0.11180904522613067 -0.22937350222526529 -0.09135060129509713 -0.20080321285140562 -0.15149648971548219 -0.1673535656300737 -0.07618801652892562 -0.3333333333333333 -0.5030773347605031 -0.27708547133851336 -0.007457121551081279 0.022134203168685928 -0.09784958470815792 -0.16313407954274822 -0.018344135991194815 0.028653295128939833 0.019093686354378813 0.14140635043064662 0.003898635477582846 -0.026399888842573292 -0.016859344894026972 0.12893483563712393 0.09822263797942002 0.027664180899687273 0.040816326530612235 0.21003212255992093 0.05106488977456719 0.06422131653698901 -0.002551020408163267 0.011065006915629321 -0.030663089306247605 -0.06247053276756247 0.03304224687278736 -0.05046153846153846 -0.055126791620727665 0.058351568198395334 -0.1444402938612875 -0.027410914527784703 -0.09942438513867084 -0.07014590347923681 0.028757189297324338 0.0078971119133574 -0.026044615558826856 0.04468599033816425 0.0035344015080113087 0.10668904339486933 0.02834956243066683 0.06572420634920635 -0.027363184079601987 -0.0013156163662675976
2.7755575615628915e-18 0.09680324178298064 0.010208711433756807 -0.108708222504915 -0.0589622641509434 0.015366430260047284 -0.2681851579720794 -0.24686853946248327 -0.1585880547384576 -0.019355730678833123 -0.06954102920723226 0.03916768665850673 -0.01073089304876595 0.06475259621258399 -0.02538393197106232 0.11230408490682464 -0.34678270042194087 -0.2911245652453948 -0.12763157894736843 0.034587714443829555 -0.08541560428352882 -0.10341007017111903 0.039539899352983465 0.4002375296912114 0.25588796944621256 0.18685648913181646 -2.002132764596108 -3.5771105978958175 -0.7502005883926183 -0.19383769709243454 -0.12938765052523699 0.019000118750742194 -0.19626389217309057 -0.12714943085492855 -0.2512998266897747 0.003915937867119169 -0.10074880871341048 -3.639867109634551 -1.6588977241568412 -0.08750537942906325 -0.10678391959798994 -0.22823234052265207 -0.09019426456984272 -0.1764634294754777 -0.1441064170464343 -0.15236667915573873 -0.09039256198347108 -0.39062500000000006 -0.6556061011506555 -0.28588183550799 0.0012428535918468822 0.0244641192917055 -0.09557401297075889 -0.14884496308644915 -0.023235905588846768 0.039865454092438024 0.01654786150712831 0.14783391181385783 -0.01949317738791423 -0.040294567180769764 -0.012042389210019266 0.12777326054129395 0.08769878391019645 0.02646139042578783 0.027210884353741506 0.22732888559426737 0.0423464939593972 0.09262689885142646 -0.016581632653061222 0.027662517289073308 -0.026830203142966653 -0.058934464875058934 0.02242152466367713 -0.048 -0.06737718975866716 0.061998541210795045 -0.14942099364960776 -0.028656865188138553 -0.10596546310832025 -0.07154882154882156 0.045011252813203305 -0.002256317689530686 -0.023779866379798436 0.05193236714975845 0.009425070688030163 0.10788779669144088 0.027116972759768276 0.0818452380952381 -0.03233830845771144 -0.005262465465070388
0.008580534444716844 0.1114362899594777 0.013611615245009073 -0.08673528391349603 -0.041273584905660375 0.04137115839243499 -0.22165074699975507 -0.2541651465401921 -0.16370379843969815 -0.012442969722107013 -0.05057529396889619 0.04651162790697674 0.0035769643495886473 0.07574832009773977 0.0012691965985531157 0.13081574725410341 -0.26371308016877637 -0.3078706685559706 -0.12105263157894734 0.04288876591034864 -0.05481896991330955 -0.08986827526775823 0.05751258087706686 0.40498812351543945 0.23679185232336092 0.1690606330240244 -1.1610237270061314 -3.367975365665896 -0.703396630115004 -0.17503254737451182 -0.11657699205739173 0.01781261132882081 -0.17971151572475763 -0.13562605957859047 -0.23644466452092106 0.009137188356611403 0.010891763104152444 -3.7966777408637875 -2.0290649849191116 -0.1276717831014202 -0.092964824120603 -0.22480885541481227 -0.07400555041628121 -0.16185955944992086 -0.11824116270476659 -0.15361558636193334 -0.0878099173553719 -0.515625 -0.8991169387208989 -0.318135170796071 0.012428535918468809 0.036113699906803354 -0.08419615428376379 -0.12979280781138364 -0.006114711997064937 0.05606079481749097 0.030549898167006106 0.1709731327934182 -0.015594541910331383 -0.02501042100875365 -0.007225433526011564 0.13474271111627367 0.08652946679139381 0.040894876112581184 0.027210884353741506 0.23721275018532245 0.041101008842944334 0.1086822279856737 -0.031887755102040824 0.02627939142461964 -0.02171968825859205 -0.056577086280056574 0.030682086381873967 -0.048 -0.052676711993139766 0.06929248723559447 -0.1294981944963267 -0.026164963867430852 -0.0902668759811617 -0.07154882154882154 0.05376344086021506 0.01805054151624549 -0.016985618842713168 0.056763285024154585 0.015315739868049011 0.11388156317429872 0.030814741772463943 0.1029265873015873 -0.031094527363184077 -6.938893903907229e-19
-0.0012257906349595533 0.10580819450697884 0.002268602540834845 -0.09136116572221582 -0.049528301886792456 0.0508274231678487 -0.20328190056331125 -0.2565973488994284 -0.18800358102059084 0.00829531314807134 -0.07586294095334431 0.05018359853121175 0.004769285799451531 0.07697006719609041 -0.005076786394212464 0.13822041219301492 -0.22283755274261602 -0.31688780110781917 -0.13026315789473683 0.04980630879911456 -0.062468128505864376 -0.07386433583651361 0.053918044572250176 0.3919239904988124 0.18586887332908977 0.14999364433710435 -0.5771794188216475 -3.0651783423146 -0.6766515110992243 -0.17069289743960656 -0.12554445298488343 0.01900011875074219 -0.18798770394892408 -0.13199321869702108 -0.2413963852438723 0.02741156506983422 0.09121851599727704 -3.808637873754152 -2.2731011790512747 -0.12623726868455026 -0.11055276381909547 -0.219103046901746 -0.07631822386678999 -0.1582085919435317 -0.11700948392659194 -0.15361558636193332 -0.1084710743801653 -0.6901041666666666 -1.2831147979662831 -0.37237941650784345 -0.001242853591846875 0.043103448275862065 -0.08874729775856184 -0.12741128840200047 -0.014675308792955852 0.062289772019434406 0.02545824847250509 0.16711659596349146 -0.036387264457439894 -0.040294567180769764 -0.020472061657032758 0.12893483563712396 0.06898971000935453 0.02886697137358672 0.01855287569573284 0.23721275018532245 0.03985552372649147 0.12844263307397802 -0.03698979591836735 0.037344398340248955 -0.04216174779609045 -0.056577086280056574 0.017701203681850367 -0.06769230769230769 -0.06125199068969741 0.06321419888159495 -0.13074336944340678 -0.027410914527784703 -0.09811616954474096 -0.07435465768799102 0.03500875218804701 0.02594765342960289 -0.02830936473785528 0.049516908212560384 -0.0035344015080113096 0.12107408295372812 0.009860717367188465 0.12524801587301587 -0.046019900497512436 -2.7755575615628915e-18
-0.0012257906349595492 0.10468257541647905 0.00453720508166969 -0.08673528391349603 -0.049528301886792456 0.05791962174940898 -0.18736223365172666 -0.2638939559771373 -0.19951400434838212 0.022120835061523573 -0.08218485269945633 0.05997552019583844 0.022654107547394775 0.08552229688454491 -0.0012691965985531183 0.1554979637171418 -0.1951476793248945 -0.31173515393533424 -0.14605263157894735 0.06502490315439956 -0.04971953085160632 -0.05416717961344333 0.07548526240115025 0.3907363420427553 0.17313812858052197 0.1436379814414643 -0.21194348173820318 -2.589171157300487 -0.6218240171168761 -0.15622739765658905 -0.11657699205739173 0.022562641016506357 -0.17852920312130527 -0.12230564301283604 -0.23396880415944538 0.04829656702780316 0.14295439074200136 -3.7621262458471754 -2.3951192761173568 -0.13484435518576962 -0.11306532663316582 -0.22937350222526534 -0.06822386679000923 -0.1667275161251065 -0.11454612637024264 -0.16235793680529537 -0.14721074380165292 -0.8763020833333333 -1.7661225582017661 -0.43542002638909255 0.006214267959234405 0.03844361602982292 -0.0853339401524633 -0.12979280781138364 -0.006114711997064941 0.04484863585399278 0.03436863543788187 0.13369327677079318 -0.042884990253411304 -0.07225232735862165 -0.01685934489402698 0.1231269601579742 0.07015902712815715 0.027664180899687273 0.019789734075448363 0.23350630096367678 0.03487358326068003 0.1333827343460541 -0.03443877551020409 0.030428769017980632 -0.0357736041906222 -0.056577086280056574 0.018881283927307056 -0.07015384615384615 -0.055126791620727665 0.052273279844395816 -0.11331092018428587 -0.03364066782955395 -0.08110936682365254 -0.08417508417508415 0.05001250312578145 0.01917870036101083 -0.01132374589514211 0.044685990338164255 0.01649387370405278 0.11028530328458404 0.022186614076174043 0.12896825396825398 -0.03482587064676616 -0.010524930930140773
0.018386859524393232 0.10355695632597928 0.010208711433756804 -0.0832658725569562 -0.034198113207547176 0.061465721040189124 -0.156747489590987 -0.2638939559771373 -0.22125591507865455 0.02488593944421402 -0.05816158806423064 0.06364749082007344 0.05126982234410397 0.0916310323762981 0.024114735372509202 0.167839071948661 -0.15427215189873417 -0.3194641246940616 -0.15526315789473683 0.06225788599889319 -0.02422233554309026 -0.05047396282161763 0.100647016534867 0.38361045130641325 0.1591343093570974 0.1232998601754163 -0.03465742468675019 -2.054144213497562 -0.5763573147900508 -0.15188774772168384 -0.09736100435562388 0.026125163282270512 -0.15961220146606764 -0.11867280213126666 -0.22654122307501856 0.05090719227254927 0.17699115044247787 -3.5215946843853816 -2.434877981902934 -0.14201692727011908 -0.10050251256281406 -0.23964395754878462 -0.040471785383903794 -0.1679445052939029 -0.0997659810321468 -0.1661046584238791 -0.1678719008264463 -1.1549479166666665 -2.3080010703773075 -0.495528514880516 0.03479990057171265 0.03844361602982292 -0.052338149960177494 -0.14527268397237436 0.01834413599119481 0.028653295128939826 0.04709775967413442 0.11055405579123281 -0.0649772579597141 -0.10143115186883422 -1.3877787807814458e-18 0.12428853525380415 0.07483629560336763 0.02405580947798893 0.025974025974025976 0.2322708178897949 0.03487358326068003 0.14326293689020622 -0.04591836734693877 0.03872752420470263 -0.007665772326561901 -0.05304101838755304 0.0531036110455511 -0.06153846153846153 -0.02327575646208501 0.06321419888159494 -0.08218154650728429 -0.024919013207076995 -0.07587650444793301 -0.07575757575757575 0.06876719179794949 0.018050541516245487 -0.001132374589514208 0.04710144927536232 0.02002827521206409 0.10549029009829777 0.020954024405275485 0.13020833333333331 -0.04975124378109452 -0.019734245494013945
0.036773719048786464 0.08104457451598379 0.021551724137931032 -0.09251763617439576 -0.029481132075471695 0.05319148936170213 -0.15062454077883908 -0.26511005715675545 -0.2442767617342371 0.009677865339416563 -0.04425338222278418 0.06487148102815178 0.05842375104328127 0.08430054978619425 0.041883487752252826 0.17647784771072442 -0.1331751054852321 -0.3168878011078192 -0.16315789473684209 0.07332595462091865 -0.006374298827129017 -0.04801181829373384 0.10543973160795592 0.37767220902612825 0.15022278803309996 0.12457099275454431 0.0439882697947214 -1.4973056197074672 -0.5135062851029687 -0.1316360480254593 -0.08455034588777863 0.017812611328820806 -0.1631591392764247 -0.12957132477597483 -0.2327308739787076 0.04960187965017622 0.17154526889040164 -3.1043189368770765 -2.399232245681382 -0.13771338401950942 -0.092964824120603 -0.2533378979801438 -0.040471785383903794 -0.17159547280029208 -0.09607094469762285 -0.16235793680529537 -0.18982438016528927 -1.47265625 -2.7976986887877975 -0.527781850168597 0.04474272930648769 0.03494874184529357 -0.04323586301058142 -0.14170040485829957 0.028127675186498714 0.03986545409243801 0.05091649694501018 0.1041264944080216 -0.13125406107862247 -0.10421008753647354 1.3877787807814458e-18 0.1103496341038448 0.07717492984097288 0.02646139042578783 0.028447742733457022 0.23350630096367678 0.024909702329057166 0.1407928862541682 -0.06632653061224489 0.037344398340248955 0.007665772326561901 -0.0719000471475719 0.06490441350011801 -0.07015384615384615 -0.007350238882763682 0.057135910527595424 -0.07346532187772384 -0.029902815848492404 -0.07718472004186289 -0.07575757575757575 0.08127031757939485 0.02594765342960289 0.0011323745895142137 0.04710144927536232 0.02945334590009425 0.118676576360585 0.027116972759768272 0.15625 -0.05845771144278607 -0.009209314563873175
0.04412846285854376 0.06753714542998648 0.022686025408348454 -0.08210940210477623 -0.030660377358490566 0.05555555555555556 -0.15184913054126867 -0.2565973488994284 -0.26601867246450955 0.0013825521913452244 -0.04425338222278418 0.06609547123623011 0.0631930368427328 0.08674404398289554 0.038075897956593475 0.18511662347278784 -0.122626582278481 -0.3143114775215768 -0.18552631578947365 0.07194244604316546 0.002549719530851606 -0.03816324018219869 0.10903426791277257 0.3788598574821852 0.13749204328453216 0.12202872759628829 0.08664356171687551 -0.9494482935591482 -0.45734153516983156 -0.11717054824244177 -0.07173968741993338 0.014250089063056642 -0.17379995270749587 -0.13078227173649795 -0.22901708343649424 0.045685941783057044 0.16609938733832538 -2.6578073089701 -2.2977789964354267 -0.1276717831014202 -0.10678391959798994 -0.2636083533036631 -0.04856614246068455 -0.1630765486187173 -0.10469269614484542 -0.16860247283626828 -0.22081611570247936 -1.8424479166666665 -3.156275086968156 -0.5585691247617652 0.029828486204325128 0.03494874184529357 -0.05347593582887701 -0.14289116456299117 0.023235905588846764 0.046094431294381455 0.03436863543788187 0.03856536829926725 -0.2664067576348278 -0.11810476587467 -0.001204238921001928 0.11848065977465441 0.07366697848456502 0.045706038008178976 0.02350030921459493 0.24833209785025945 0.013700336280981436 0.14696801284426325 -0.08035714285714285 0.04564315352697096 0.0012776287210936501 -0.06482791136256483 0.05546377153646449 -0.07261538461538461 -0.009800318510351576 0.060782883539995135 -0.0747104968248039 -0.029902815848492397 -0.09942438513867086 -0.06593714927048261 0.08127031757939487 0.024819494584837544 0.0011323745895142159 0.04710144927536232 0.0353440150801131 0.12586909614001437 0.03944286946875385 0.14756944444444448 -0.06094527363184079 -0.01447178002894356
0.04780583476342241 0.07203962179198557 0.017014519056261335 -0.08789175436567595 -0.02358490566037736 0.061465721040189124 -0.14082782267940241 -0.21646600997202964 -0.2762501598669907 0.019355730678833127 -0.04046023517511696 0.07221542227662178 0.06915464409204723 0.10140500916310324 0.041883487752252826 0.1949895100580032 -0.09757383966244723 -0.2846837562797888 -0.19078947368421048 0.08024349750968457 0.011473737888832228 -0.022159300750954077 0.12101605559549485 0.3527315914489311 0.13876511775938893 0.10423287148849622 0.13596374300186617 -0.514498332050295 -0.3811179459748596 -0.11572399826414001 -0.05764796310530361 0.021375133594584966 -0.1477890754315441 -0.13441511261806732 -0.21044813072542712 0.035243440804072566 0.1729067392784207 -2.0903654485049836 -2.1305182341650672 -0.10185052359776217 -0.10804020100502512 -0.25333789798014383 -0.039315448658649395 -0.15699160277473528 -0.09976598103214682 -0.16235793680529537 -0.23372933884297523 -2.1875 -3.2766925341182764 -0.5541709426770269 0.03107133979617201 0.03844361602982292 -0.03640914779838435 -0.13693736603953321 0.03179650238473768 0.03986545409243801 0.02545824847250509 -0.16197454685692247 -0.428849902534113 -0.1472835903848826 0.007225433526011562 0.12196538506214423 0.09354536950420952 0.04089487611258119 0.04700061842918986 0.24956758092414133 0.031137127911321456 0.14573298752624425 -0.07142857142857142 0.051175656984785614 0.0051105148843746005 -0.0553983969825554 0.0531036110455511 -0.05415384615384615 3.469446951953614e-18 0.07658643326039387 -0.059768397459843116 -0.0323947171692001 -0.11119832548403977 -0.044893378226711564 0.086271567891973 0.021435018050541516 0.011323745895142113 0.04106280193236715 0.043590951932139486 0.118676576360585 0.046838407494145196 0.1376488095238095 -0.06716417910447761 -0.026312327325351926
0.03799950968374601 0.06978838361098604 0.0011343012704174218 -0.0890482248178559 -0.02122641509433962 0.05673758865248226 -0.13103110457996575 -0.17755077222424906 -0.26218186468857907 0.023503387252868792 -0.037931470476672134 0.07711138310893513 0.0643853582925957 0.10262675626145387 0.05711384693489021 0.18511662347278784 -0.0712025316455696 -0.24088625531366742 -0.16578947368421054 0.09131156613171001 0.014023457419683832 -0.02339037301489597 0.12221423436376708 0.3539192399049881 0.1464035646085296 0.10931740180500826 0.1746201013063183 -0.4182704644598408 -0.31692966033698855 -0.092579198611312 -0.048680502177811946 0.0273126707041919 -0.13596594939702056 -0.13078227173649795 -0.20054468927952462 0.0313275029369534 0.18788291354663034 -1.5029900332225914 -1.7356731560186458 -0.054511547841055816 -0.10552763819095476 -0.25333789798014383 -0.028908418131359852 -0.1606425702811245 -0.08744919325040028 -0.17234919445485203 -0.2272727272727273 -2.177083333333333 -3.179020604763179 -0.5292479108635098 0.028585632612478252 0.03844361602982292 -0.03754693366708385 -0.1202667301738509 0.03179650238473768 0.0311448860097172 0.007637474541751521 -0.24553284483866822 -0.437946718648473 -0.16117826872307905 0.009633911368015415 0.12312696015797417 0.08536014967259119 0.04089487611258119 0.05813234384662956 0.2409191994069682 0.027400672561962887 0.1086822279856737 -0.0701530612244898 0.04564315352697096 0.0012776287210936501 -0.05421970768505422 0.04838329006372434 -0.05415384615384614 0.007350238882763693 0.06199854121079503 -0.056032872618602916 -0.049838026414153996 -0.10465724751439036 -0.046296296296296294 0.08752188047011755 0.012409747292418772 0.006794247537085267 0.036231884057971016 0.0553722902921772 0.10309278350515463 0.06902502157031924 0.10168650793650794 -0.047263681592039794 -0.032890409156689907
0.03799950968374602 0.05065285907248986 0.014745916515426496 -0.11449057476581474 -0.01179245283018868 0.04609929078014184 -0.11633602743081066 -0.14349993919494103 -0.23916101803299655 0.013825521913452233 -0.02402326463522569 0.06609547123623011 0.08107785859067604 0.08674404398289555 0.07742099251174006 0.16907318277181288 -0.03823839662447257 -0.2254283137962128 -0.13157894736842107 0.06364139457664639 0.01147373788883223 -0.009848578111535144 0.13179966450994487 0.3586698337292161 0.15658816040738385 0.11313079954239229 0.20261263663023193 -0.3541185527328714 -0.2701257020593742 -0.07956024880659626 -0.04099410709710479 0.03325020781379883 -0.12414282336249705 -0.11867280213126666 -0.20178261946026246 0.032632815559326456 0.19469026548672566 -0.9993355481727575 -1.3024403619413216 -0.01721417300243867 -0.08919597989949749 -0.26360835330366317 -0.004625346901017577 -0.16064257028112447 -0.07143736913412982 -0.18858498813538155 -0.20661157024793392 -2.1510416666666665 -3.0077602354830075 -0.5263157894736843 0.024857071836937607 0.03494874184529357 -0.021617931505290705 -0.1226482495832341 0.04769475357710652 0.016195340725052947 0.011456211812627293 -0.2635300167116596 -0.419753086419753 -0.1681256078921773 0.007225433526011562 0.10686490881635498 0.08769878391019645 0.02165022853019004 0.056895485466914045 0.21250308870768472 0.018682276746792875 0.0827466963072743 -0.07653061224489796 0.02074688796680498 0.007665772326561901 -0.06836397925506836 0.0672645739910314 -0.07999999999999999 0.028175915717260813 0.0449793338195964 -0.02863902378284149 -0.06354348367804634 -0.08503401360544216 -0.06313131313131312 0.08002000500125032 0.014666064981949462 0.014720869663684749 0.025362318840579712 0.06479736098020736 0.09709901702229681 0.07518796992481204 0.08804563492063491 -0.04104477611940298 -0.043415340086830685
0.03799950968374601 0.04840162089149032 0.028357531760435567 -0.11795998612235459 -0.002358490566037734 0.03664302600472813 -0.10164095028165562 -0.12161011796181445 -0.21614017137741398 0.002765104382690446 -0.010115058793779236 0.08690330477356181 0.09777035888875642 0.10018326206475262 0.09772813808858992 0.18264840182648404 -0.005274261603375531 -0.17776632745072785 -0.09736842105263158 0.07609297177642502 0.008924018357980621 0.0024621445278837856 0.14138509465612267 0.344418052256532 0.16677275620623808 0.12584212533367234 0.23060517195414554 -0.28740056453682317 -0.22332174378175979 -0.047736149283957766 -0.03330771201639765 0.043937774611091315 -0.11231969732797353 -0.12230564301283604 -0.20302054964100025 0.028716877692207283 0.20149761742682096 -0.5926910299003321 -0.8692075678639981 0.02582125950365801 -0.07286432160804021 -0.2419262809540112 0.0196577243293247 -0.13751977607399293 -0.055425545017859346 -0.17234919445485203 -0.18595041322314051 -2.0455729166666665 -2.8364998662028365 -0.48819821140595226 0.02112851106139697 0.044268406337371856 -0.005688929343497551 -0.0893069778518695 0.06359300476947535 0.036128067771271956 0.015274949083503058 -0.24553284483866822 -0.401559454191033 -0.13755731554814504 0.004816955684007706 0.09873388314554536 0.09003741814780167 0.032475342795285064 0.05565862708719852 0.1914998764516926 0.009963880931622867 0.044460911448684706 -0.08290816326530612 0.001383125864453666 0.014053915932030153 -0.060113154172560114 0.08614585791833845 -0.0603076923076923 0.049001592551757935 0.054704595185995616 -0.0012451749470800643 -0.06354348367804634 -0.06541077969649398 -0.05751964085297419 0.0725181295323831 0.03046028880866426 0.022647491790284215 0.04589371980676329 0.0742224316682375 0.11028530328458404 0.08135091827930482 0.09052579365079363 -0.03482587064676616 -0.03025917642415472
0.04412846285854376 0.038271049076992344 0.028357531760435574 -0.12489880883543428 -0.01650943396226415 0.021276595744680847 -0.11388684790595152 -0.11552961206372372 -0.2199769791533444 -0.012442969722107008 0.0012643823492224037 0.09302325581395347 0.10015500178848218 0.12217470983506415 0.09138215509582434 0.19745773170430708 -0.005274261603375527 -0.13912147365709132 -0.09078947368421052 0.09131156613171001 0.005099439061703212 0.014772867167302722 0.12700694943685598 0.35035629453681705 0.14767663908338635 0.14745137917884837 0.21860837110103973 -0.2412111880934052 -0.23401979138807164 -0.023144799652828008 -0.02946451447604407 0.05818786367414795 -0.11231969732797353 -0.10535238556551223 -0.2153998514483783 0.045685941783057044 0.1933287950987066 -0.3056478405315615 -0.4825884288456265 0.07316023526036436 -0.061557788944723614 -0.22366769371219902 0.02428307123034228 -0.0997931118413046 -0.06035226013055796 -0.14362432871237668 -0.18595041322314051 -1.8736979166666665 -2.5782713406475786 -0.42955578360944147 0.016157096694009446 0.04659832246039143 -0.007964501080896576 -0.08216241962371994 0.04524886877828054 0.05606079481749097 -0.01782077393075357 -0.22625016068903459 -0.4158544509421701 -0.11393636237321107 0.0012042389210019226 0.09408758276222558 0.08419083255378859 0.030069761847486172 0.035868893011750155 0.1902643933778107 -0.011209366048075728 0.032110658268494505 -0.09311224489795918 0.004149377593360993 0.015331544653123802 -0.07072135785007072 0.07316497521831486 -0.05661538461538461 0.03185103515864266 0.04741064916119621 -0.024903498941601297 -0.074757039621231 -0.09288330716902143 -0.05751964085297419 0.0625156289072268 0.019178700361010832 0.016985618842713168 0.042270531400966184 0.057728557964184725 0.10668904339486936 0.060396893874029335 0.0744047619047619 -0.04850746268656716 -0.03552164188922511
0.05393478793822014 0.037145429986492576 0.027223230490018152 -0.11911645657453451 -0.012971698113207548 0.013002364066193853 -0.11143766838109233 -0.10458470144716044 -0.21486123545210387 -0.027651043826904465 0.021494499936780882 0.08812729498164015 0.10373196613807083 0.11850946854001221 0.09265135169437747 0.1777119585338764 -0.0013185654008438822 -0.12237537034651551 -0.0736842105263158 0.08162700608743775 0.02294747577766446 0.0012310722639418945 0.11981787682722263 0.340855106888361 0.14767663908338635 0.13474005338756834 0.22127432684617432 -0.22453169104439313 -0.2166354640278149 -0.015912049761319255 -0.015372790161414296 0.053437833986462416 -0.1028611965003547 -0.10898522644708161 -0.2141619212676405 0.03785406604881869 0.19605173587474473 -0.12225913621262455 -0.20290649849191117 0.09324343709654281 -0.04899497487437186 -0.2327969873331051 0.035846438482886225 -0.08762322015334065 -0.061583938908732615 -0.148619957537155 -0.18078512396694219 -1.66796875 -2.1862456515921864 -0.36798123442310515 0.041014168530947054 0.04892823858341099 0.009102286949596087 -0.07144558228149558 0.06481594716888835 0.06104397657904572 -0.006364562118126277 -0.20953850109268543 -0.3755685510071474 -0.0889259413644574 0.007225433526011561 0.09408758276222558 0.08302151543498597 0.03728650469088285 0.03215831787260359 0.1927353595255745 -0.019927761863245734 0.025935531678399404 -0.09948979591836735 0.004149377593360995 0.040884119074996804 -0.08132956152758133 0.08260561718196838 -0.055384615384615386 0.03430111478623056 0.03646973012399708 -0.02241314904744117 -0.09095439820583104 -0.0889586603872318 -0.060325476992143655 0.0900225056264066 0.014666064981949459 0.03283886309591213 0.03985507246376811 0.07540056550424128 0.09470151042915369 0.07642055959571059 0.05208333333333333 -0.024875621890547258 -0.04209972372056309
0.0649669036528561 0.034894191805493024 0.03856624319419237 -0.10870822250491499 -0.0035377358490566043 0.014184397163120569 -0.0967425912319373 -0.08755928493250639 -0.20207187619900244 -0.03732890916632103 0.025287646984448093 0.0869033047735618 0.09061643018957911 0.13194868662186926 0.09138215509582434 0.1801801801801802 -6.938893903907229e-19 -0.08501867834600026 -0.061842105263157886 0.08162700608743775 0.035696073431922486 -0.01107965037547704 0.12580877066858376 0.332541567695962 0.15276893698281352 0.11948646243803229 0.23193814982671285 -0.20785219399538107 -0.20058839261834716 -0.0144654997830175 -0.0051242633871380954 0.06887543047144044 -0.10049657129344998 -0.09203196899975782 -0.20921020054468928 0.04568594178305704 0.21102791014295436 0.0823920265780731 -0.03701672607622704 0.1248027542676804 -0.04020100502512562 -0.21567956179390615 0.040471785383903794 -0.07058537179019106 -0.05419386623968468 -0.13737979268140377 -0.15625000000000006 -1.4401041666666667 -1.6978860048166982 -0.30494062454185605 0.06214267959234403 0.05941286113699906 0.0432358630105814 -0.053584186711121695 0.08438302555949614 0.07723931730409868 0.0038187372708757606 -0.17997171872991385 -0.3430799220272903 -0.05835764902042517 0.020472061657032754 0.10221860843303518 0.09354536950420954 0.06013952369497233 0.04576376004947434 0.20879663948603905 -0.00747291069871715 0.024700506360380393 -0.10204081632653061 0.01106500691562932 0.031940718027341254 -0.08368694012258368 0.0790653764455983 -0.04923076923076923 0.025725836089672917 0.0425480184779966 -0.04233594820072221 -0.08846249688512334 -0.12689691261119831 -0.05611672278338945 0.09627406851712927 0.02143501805054152 0.04189785981202582 0.05555555555555556 0.0706880301602262 0.10309278350515465 0.06409466288672501 0.05456349206349206 -0.02860696517412935 -0.027627943691619528
0.06741848492277518 0.03376857271499325 0.0397005444646098 -0.1110211634092749 -2.0816681711721684e-18 0.004728132387706856 -0.08204751408278228 -0.07174996959747051 -0.17393528584217935 -0.04009401354901147 0.006321911746112024 0.0832313341493268 0.07988553714081316 0.12828344532681735 0.08249777890595253 0.17524373688757253 -0.010548523206751056 -0.0553909571042123 -0.052631578947368404 0.08577753182069729 0.03314635390107088 -0.009848578111535146 0.13179966450994487 0.32779097387173395 0.16168045830681094 0.11567306470064827 0.24793388429752064 -0.18988965871182964 -0.18052955335651244 -0.011572399826414 0.0012810658467845252 0.07006293789336183 -0.1028611965003547 -0.09687575684185033 -0.19806882891804906 0.03654875342644563 0.2450646698434309 0.1993355481727575 0.06580751302440362 0.14488595610385885 -0.03391959798994974 -0.20198562136254705 0.047409805735430154 -0.0498965559206523 -0.04064539967976351 -0.11864618458848511 -0.1200929752066116 -1.1276041666666667 -1.1265721166711264 -0.22723940771147927 0.05965697240865027 0.05475302889095992 0.03299579019228581 -0.04167658966420577 0.08560596795890915 0.08595988538681949 0.014002036659877792 -0.16197454685692247 -0.3053931124106562 -0.03612616367931082 0.036127167630057806 0.10802648391218492 0.1028999064546305 0.08178975222516238 0.06802721088435375 0.22115147022485795 0.01619130651388716 0.014820303816228234 -0.07780612244897958 0.01383125864453665 0.010221029768749203 -0.0942951438000943 0.07198489497285818 -0.05661538461538461 0.012250398137939482 0.031607099440797475 -0.05105217283028266 -0.10341390480936954 -0.12689691261119831 -0.06453423120089788 0.08752188047011752 0.02143501805054152 0.029441739327369487 0.061594202898550734 0.0742224316682375 0.10549029009829776 0.061629483544927886 0.039682539682539666 -0.021144278606965175 -0.02499671095908433
