-0.04780583476342241 0.0315173345339937 0.012471655328798185 -0.0046339202965708995 -0.14026402640264027 0.08046385043190156 -0.10052715459114869 0.16205678079688074 -0.05765534913516977 0.09275924131247407 0.07216103304215724 0.041620761415105886 -0.0023798191337458382 0.10603290676416818 0.048064760941057424 0.09372302380071525 0.19353128313891835 0.12661498708010333 0.09761245218308931 0.055470808487033695 -0.006377551020408162 0.006153846153846151 0.05579297245963912 0.004687683112621584 -0.029077117572692796 0.12164216928535225 0.10659560293137908 0.18691588785046728 0.029486663986060847 0.14765489287782282 -0.012818869375721062 0.009513616363420144 0.009511354179051244 -0.04984802431610942 -0.09186840471756673 0.1031600940193262 0.07858013819265683 0.18691588785046725 -0.04634678298800436 0.1403408277244737 0.017579105976896034 0.0034502587694077054 -0.1386321626617375 0.04881025015253203 0.019731162905413734 0.17671387391903745 0.1773462783171521 0.19679395282158219 0.14692007009030866 0.2000294160906016 -0.014893881097182576 -0.24778966961377388 -0.37226194529565315 -0.32042882668254913 -0.018400392541707555 0.41739784407119573 1.0918946824987095 0.5778635778635779 0.29457973291437545 0.19613298094310755 -0.07713631433048089 -0.21284019539427773 -1.057299568210993 -0.7774702130220243 -0.1946924603174603 0.40233453371414374 1.0113636363636362 0.39796677411356307 0.03452685421994885 0.10666297271090182 0.029430582213691613 -0.08384506376948513 -0.11328770356384235 -0.08392989385336953 -0.16799509503372162 0.07063695043234686 -0.06484599077191669 0.04867698452321517 -0.036658811207122284 0.07306449346634818 -0.04001500562711017 -0.08909439494755836 -0.13697079465700704 -0.07246376811594203 -0.06717737183264585 0.025167785234899327 -0.0037037037037037034 0.018605805011163483 -0.014923516975500562 -0.03550295857988166
-0.037999509683746026 0.029266096352994143 0.013605442176870753 -0.011584800741427247 -0.14026402640264027 0.07809726659566917 -0.10052715459114872 0.1523090045083465 -0.05765534913516977 0.07753011214176936 0.08608684643625776 0.040396621373485125 0.019038553069966685 0.09140767824497258 0.0607133822413357 0.08015784930324331 0.21606574761399786 0.11757105943152453 0.1147605856747131 0.04298987657745111 -0.003826530612244898 0.018461538461538463 0.06172839506172839 0.014063049337864763 -0.0316055625790139 0.13558033451596552 0.11059293804130581 0.18947637946485724 0.025465755260688915 0.1447596988998263 -0.014100756313293166 0.010702818408847663 0.010700273451432648 -0.04376899696048632 -0.09683426443202979 0.11491250979367981 0.07993496816149573 0.19876266947479265 -0.04634678298800436 0.15609336961191464 0.025113008538422903 0.012650948821161587 -0.1455637707948244 0.051250762660158634 0.023430755950178815 0.18548690312069183 0.19288025889967636 0.20331030887527696 0.15770319450060655 0.21032504780114722 -0.02234082164577386 -0.27919962773382967 -0.547043468391783 -0.37879690291840384 -0.02944062806673209 0.41113060917523186 1.1022199277232834 0.5727155727155727 0.30112594920136165 0.18361385449993045 -0.09280462817885982 -0.28262386601535244 -1.687478118800327 -0.9531832952220484 -0.22569444444444442 0.39612566745312305 1.0050505050505047 0.3843292834118522 0.02429667519181586 0.09835157223992241 0.03326935380678182 -0.08856872933396316 -0.13452914798206278 -0.11355220933102936 -0.17044757817290007 0.06211180124223603 -0.05112856964708816 0.041188217673489756 -0.019638648860958365 0.07587466629197695 -0.03626359884956859 -0.10375549791361227 -0.1528186551958343 -0.08454106280193237 -0.06246317030053035 0.0059923298178331755 0.012345679012345678 -1.3877787807814458e-18 -0.0074617584877502766 -0.049967126890203814
-0.030644765873988723 0.032642953624493466 0.0011337868480725654 -0.01506024096385542 -0.14144271570014144 0.07336409892320436 -0.09071962731396346 0.14987206043621298 -0.04228058936579116 0.07753011214176936 0.07216103304215724 0.04651732158158893 0.007139457401237506 0.07921998781230957 0.04932962307108525 0.07892465162165493 0.21606574761399786 0.11627906976744184 0.12531328320802007 0.05269726806268201 -0.0038265306122448996 0.011076923076923076 0.05816714150047483 0.010547287003398572 -0.030341340075853346 0.12924480486568676 0.11059293804130581 0.19587760850083213 0.03350757271143279 0.14331210191082805 -0.017946417126009487 0.007135212272565109 -0.0047556770895256185 -0.04984802431610942 -0.10180012414649287 0.11230086184382346 0.08670911800569028 0.21455837830722652 -0.021810250817884406 0.16038951739939852 0.016323455549974893 0.010350776308223116 -0.16751386321626616 0.039048200122025624 0.011098779134295226 0.18924677277854368 0.19546925566343043 0.2046135800860159 0.16983420946219166 0.21767907045153695 -0.04095817301725208 -0.3117729176361098 -0.8182953126773352 -0.43478260869565216 -0.051521099116781155 0.40486337427926794 1.1048012390294268 0.5907335907335907 0.3089814087457449 0.19195993879538184 -0.12052549114137641 -0.3617120260525703 -2.432022406348465 -1.1409315200385124 -0.26289682539682535 0.3737737489134485 0.9911616161616159 0.3620133895363253 0.011508951406649617 0.08311400470979359 0.02687140115163148 -0.0956542276806802 -0.16757139485485012 -0.14934584053320168 -0.18393623543838136 0.05967604433077579 -0.044893378226711564 0.04243634548177733 -0.003927729772191676 0.09133061683293522 -0.04876828810804052 -0.11052216082102177 -0.1720624858501245 -0.09420289855072464 -0.06835592221567471 -5.551115123125783e-18 0.01728395061728395 0.014884644008930793 -0.002487252829250096 -0.04076265614727153
-0.019612650159352783 0.030391715443493915 -0.004535147392290248 -0.016218721037998145 -0.14733616218764733 0.06508105549639095 -0.09071962731396346 0.14256122821981237 -0.04868673926969891 0.08445244358299876 0.07975693125712116 0.03794834129024361 0.009519276534983344 0.06825106642291287 0.05565393372122438 0.06659267480577136 0.22136797454931073 0.10981912144702839 0.12531328320802007 0.04715018721397864 0.00127551020408163 0.018461538461538467 0.040360873694207024 0.003515762334466191 -0.02907711757269279 0.12797769893563102 0.11725516322451701 0.1984381001152221 0.0348478756198901 0.1447596988998263 -0.0025637738751442124 0.014270424545130217 -0.008322434906669837 -0.05349544072948328 -0.1005586592178771 0.10968921389396709 0.09212843788104594 0.20929314202974858 -0.021810250817884413 0.16038951739939852 0.01130085384229031 -0.005750431282346176 -0.1779112754158965 0.029286150091519213 0.013565174497471943 0.19551322220829678 0.19417475728155342 0.19940049524306008 0.1630947567057555 0.21620826592145903 -0.057093210872533204 -0.4548627268496975 -1.1519691294972194 -0.49434187016081 -0.05029440628066732 0.3772875407370268 1.1112545172947859 0.5611325611325612 0.31290913851793667 0.16970371400751147 -0.1410148246354104 -0.5919981391021167 -2.9583381958221495 -1.2179564327837284 -0.2690972222222222 0.34521296411275304 0.9924242424242422 0.3272997768410612 0.00895140664961637 0.06649120376783486 0.034548944337811895 -0.10982522437411431 -0.18999291951852726 -0.1629227351271291 -0.19129368485591663 0.05480453050785532 -0.05362264621523881 0.03744383424862705 -0.01963864886095837 0.10257130813545032 -0.05126922595973491 -0.12518326378707567 -0.16866651573466152 -0.10990338164251208 -0.06717737183264585 -0.02037392138063279 0.02222222222222222 -0.004961548002976926 -0.0037308792438751426 -0.03944773175542406
-0.014709487619514586 0.03151733453399369 -0.02494331065759637 -0.025486561631139944 -0.15794436586515795 0.05443142823334517 -0.10175309550079685 0.1279395637870111 -0.05509288917360666 0.07753011214176933 0.08355488036460311 0.02693108091565675 0.0035697287006187573 0.04996953077391835 0.05059448520111307 0.06535947712418301 0.22401908801696716 0.11240310077519378 0.1319087191663369 0.05408403827485786 0.0038265306122448966 -0.003692307692307692 0.010683760683760684 -0.015234970116020157 -0.03792667509481668 0.117840851495185 0.12258494337108597 0.18051465881449236 0.04154939016217666 0.1317313259988419 0.0 0.010702818408847663 -0.02496730472000951 -0.04498480243161094 -0.10676598386095593 0.11752415774353615 0.08264462809917356 0.21324206923785702 -0.02726281352235551 0.1775741085493341 -0.0037669512807634352 -0.019551466359977 -0.22065619223659888 0.025625381330079317 -0.0024663953631767184 0.20553954129590174 0.19029126213592235 0.20200703766453798 0.15905108505189378 0.21914987498161492 -0.08563981630879981 -0.6735691019078641 -1.487912836227443 -0.5265038713519953 -0.07114818449460256 0.36976685886187016 1.0957666494579246 0.5534105534105535 0.30112594920136154 0.15301154541660872 -0.16150415812944438 -0.8374040474528961 -3.478818998716302 -1.2588759176796245 -0.27281746031746035 0.33403700484291565 0.986111111111111 0.3161418299032978 0.005115089514066498 0.054024103061365826 0.02303262955854126 -0.12635805384978743 -0.23129572810951143 -0.19131078745988644 -0.20723482526057638 0.03653635367190355 -0.07232822047636862 0.021218172740888656 -0.03534956794972506 0.08711535759449204 -0.06252344629235965 -0.13533325814818992 -0.1641385555807109 -0.12681159420289853 -0.07424867413081909 -0.031160115052732508 0.019753086419753086 -0.018605805011163486 -0.006218132073125235 -0.05128205128205128
-0.0024515812699190975 0.052904097253489414 -0.036281179138321996 -0.016218721037998145 -0.14733616218764733 0.057981303987693765 -0.09439745004290792 0.1352503960034117 -0.046124279308135806 0.0955281738889658 0.08482086340043042 0.045293181539968176 -0.01189909566872917 0.05606337599024985 0.04047558816089046 0.08385744234800838 0.2173913043478261 0.12532299741602065 0.13322780635800027 0.06933851060879212 0.015306122448979591 -0.016 0.0011870845204178526 -0.014063049337864762 -0.030341340075853346 0.10516979219462748 0.12258494337108597 0.1561899884777877 0.0469106017960059 0.11870295309785754 0.0025637738751442124 0.022594838863122847 -0.030911901081916538 -0.048632218844984795 -0.09435133457479826 0.12274745364324888 0.10161224766291829 0.21850730551533498 -0.025899672846237738 0.2004868967492482 -0.012556504269211451 -0.03565267395054629 -0.25069316081330867 0.028065893837705913 -0.016031569860648662 0.21681915026945733 0.16828478964401297 0.20331030887527693 0.13074538347486184 0.22209148404177084 -0.10177485416408091 -1.0004653327128898 -1.8125070934059697 -0.5634306134603932 -0.06992149165848871 0.35096515417397844 1.0893133711925658 0.523809523809524 0.29065200314218376 0.12519126443177078 -0.17235145233216825 -1.085136078157711 -3.8289181934881547 -1.2456372608015405 -0.25049603174603174 0.33900409785173224 0.994949494949495 0.31242251425737666 0.010230179028132991 0.05956503670868542 0.010236724248240561 -0.13226263580538494 -0.24899693179136184 -0.17526536657615405 -0.2121397915389332 0.04627938131774449 -0.08853971816934779 0.0199700449326011 -0.04975124378109453 0.09414078965856401 -0.05752157058897086 -0.12856659524078043 -0.14715870500339595 -0.13405797101449274 -0.06599882144961697 -0.033557046979865765 0.023456790123456788 -0.03100967501860581 -0.0024872528292500945 -0.05522682445759369
-0.006128953174797744 0.05402971634398919 -0.031746031746031744 -0.010426320667284519 -0.14615747289014616 0.05916459590580997 -0.1091087409586858 0.12550261971487756 -0.05637411915438821 0.08583690987124462 0.08482086340043044 0.052638021789692735 -0.023798191337458342 0.05484460694698355 0.04427017455097394 0.08385744234800838 0.21341463414634151 0.11886304909560723 0.13322780635800027 0.06379142976008875 0.033163265306122444 -0.023384615384615386 0.007122507122507128 -0.019922653228641743 -0.0202275600505689 0.0988342625443487 0.12125249833444371 0.14594802202022789 0.05361211633829246 0.11001737116386798 0.005127547750288425 0.011892020454275181 -0.03091190108191653 -0.05835866261398176 -0.08441961514587212 0.11360668581875162 0.09754775775640157 0.21192576016848755 -0.029989094874591053 0.19475869969926962 -0.018834756403817175 -0.049453709028177105 -0.27379852125693166 0.030506406345332516 -0.025897151313355533 0.24188494798846977 0.1475728155339806 0.22546591945783917 0.11591858741070224 0.23385792028239444 -0.13032145960034752 -1.4332247557003257 -2.15980024968789 -0.5955926146515783 -0.07728164867517175 0.3284031085485084 1.071244192049561 0.4980694980694981 0.27755957056821157 0.1001530115454166 -0.20007231529468483 -1.3410095371016515 -4.063484653985296 -1.2191599470453724 -0.23561507936507936 0.33279523159071156 0.9962121212121213 0.3000247954376395 0.014066496163682865 0.0415570023548968 0.0025591810620601394 -0.14289088332546054 -0.27023837620958224 -0.1666255245618366 -0.2121397915389332 0.042625745950554135 -0.11348048385085423 0.007488766849725414 -0.06677140612725843 0.0814950119432345 -0.06002250844066524 -0.12856659524078046 -0.14715870500339595 -0.14251207729468598 -0.06128461991750147 -0.04434324065196549 0.019753086419753086 -0.05085586703051352 -1.3877787807814458e-18 -0.06969099276791585
-0.00980632507967639 0.05065285907248986 -0.05102040816326531 -0.003475440222428172 -0.1438000942951438 0.05443142823334517 -0.11523844550692657 0.11209942731814307 -0.05509288917360666 0.062300982971064664 0.07722496518546652 0.04284490145672665 -0.05949547834364588 0.04509445460085314 0.032886415380723504 0.07645825625847824 0.20281018027571585 0.11369509043927647 0.12663237039968342 0.06101788933573706 0.028061224489795922 -0.048 -0.02730294396961063 -0.03281378178835111 -0.026548672566371678 0.08109477952356817 0.11459027315123252 0.12930482652669312 0.045570298887548585 0.09409380428488709 0.0012818869375721062 -0.0035676061362825543 -0.053501367257163236 -0.05349544072948328 -0.07945375543140906 0.10707756594411073 0.09890258772524048 0.19481374226668424 -0.028625954198473285 0.18330230559931257 -0.03390256152687092 -0.08855664174813112 -0.30730129390018485 0.040268456375838924 -0.035762732766062406 0.23185862890086475 0.13851132686084144 0.2215561058256223 0.11052702520555331 0.22797470216208265 -0.1849323569566836 -1.9683573755234995 -2.5070934059698105 -0.6051220964860037 -0.09077526987242394 0.31586863875658056 1.0596282911719153 0.4787644787644787 0.26315789473684215 0.08067881485603004 -0.22056164878871884 -1.5468713654338218 -4.1906873614190685 -1.1505596341316644 -0.21825396825396823 0.3352787780951198 1.0075757575757576 0.2888668484998761 0.016624040920716114 0.027704668236597868 -0.01663467690339091 -0.16887104393008973 -0.290299740382346 -0.15428289311281165 -0.21827099938687927 0.025575447570332484 -0.13842124953236062 -0.016225661507738392 -0.08902854150301126 0.057608542925389916 -0.06252344629235963 -0.13758881245065974 -0.15847860538827258 -0.1473429951690821 -0.06128461991750147 -0.06112176414189837 0.025925925925925925 -0.07194244604316548 0.004974505658500186 -0.09335963182117028
-0.012257906349595487 0.05065285907248988 -0.05668934240362812 0.01737720111214087 -0.144978783592645 0.06271447166015856 -0.12136815005516732 0.11209942731814307 -0.06534272901985907 0.05814758410632702 0.07722496518546651 0.04896560166483046 -0.08448357924797714 0.05240706886045095 0.030356691120667845 0.09125662843753854 0.1869034994697773 0.12661498708010338 0.10948423690805964 0.07349882124531965 0.03316326530612245 -0.05046153846153847 -0.04154795821462488 -0.03750146490097269 -0.03413400758533501 0.08616320324379118 0.10926049300466353 0.13698630136986303 0.0348478756198901 0.10422698320787493 0.0025637738751442124 0.0011892020454275175 -0.07133515634288431 -0.04376899696048632 -0.07324643078833024 0.11621833376860799 0.10025741769407939 0.1961300513360537 -0.03680479825517993 0.19475869969926962 -0.05524861878453038 -0.13341000575043127 -0.35928835489833644 0.03050640634533252 -0.053027500308299426 0.23060533901491415 0.11779935275080906 0.2228593770363613 0.08626499528238306 0.22503309310192673 -0.22713168673203424 -2.6337831549557933 -2.818068323686301 -0.5908278737343657 -0.09568204121687929 0.3171220857357734 1.0325245224574082 0.4813384813384813 0.23435454307410314 0.08067881485603004 -0.23622996263709778 -1.6852756454989533 -4.189520364103163 -1.0446503791069923 -0.19345238095238096 0.34148764435614054 1.0063131313131315 0.29010662038184976 0.020460358056265986 0.04294223576672669 -0.020473448496481125 -0.1913084553613604 -0.29974038234599953 -0.14070599851888424 -0.22317596566523606 0.029229082937522837 -0.15587978550941514 -0.016225661507738392 -0.10473946059177794 0.0576085429253899 -0.05377016381142928 -0.1195443780309011 -0.14036676477247004 -0.12801932367149757 -0.04949911608721273 -0.05752636625119847 0.029629629629629627 -0.06698089804018853 -0.0024872528292500945 -0.09598948060486522
-0.01716106888943368 0.05515533543448897 -0.07369614512471656 0.02201112140871177 -0.14262140499764261 0.06389776357827477 -0.11278656368763026 0.12062873157061045 -0.06021780909673287 0.0664543818358023 0.07469299911381189 0.041620761415105886 -0.12613041408852926 0.05240706886045095 0.022767518340500885 0.09495622148230361 0.1709968186638388 0.1317829457364341 0.10288880094974277 0.07349882124531963 0.030612244897959183 -0.05661538461538462 -0.05816714150047483 -0.03984530645728348 -0.0316055625790139 0.0722250380131779 0.11192538307794801 0.13442580975547305 0.03752848143680473 0.09409380428488709 -0.006409434687860531 0.007135212272565109 -0.0891689454286054 -0.047416413373860176 -0.0707635009310987 0.10968921389396709 0.10703156753827395 0.1987626694747927 -0.02726281352235551 0.19475869969926962 -0.0753390256152687 -0.17021276595744678 -0.3939463955637708 0.03904820012202563 -0.056727093353064494 0.23561849855871664 0.113915857605178 0.22416264824710025 0.0876128858336703 0.21914987498161492 -0.2867072111207646 -3.284085621219172 -3.1210986267166043 -0.570577724836212 -0.09322865554465162 0.31837553271496616 1.0338151781104803 0.4877734877734877 0.22126211050013095 0.08067881485603004 -0.24225623719416656 -1.8085601302628518 -4.057649667405765 -0.8918040678782045 -0.15128968253968256 0.34645473736495724 1.0315656565656566 0.2975452516736921 0.04219948849104859 0.05817980329685553 -0.03582853486884197 -0.21020311761927254 -0.31154118480056653 -0.11972352505554185 -0.21827099938687922 0.03288271830471319 -0.15587978550941511 -0.012481278082875687 -0.1021209740769835 0.06603906140227625 -0.05627110166312367 -0.10939438366978686 -0.143762734887933 -0.13405797101449274 -0.04832056570418387 -0.04913710450623203 0.02839506172839506 -0.055817415033490435 0.0037308792438751396 -0.09072978303747535
-0.01225790634959549 0.061909049977487626 -0.08049886621315193 0.037071362372567196 -0.14026402640264027 0.07336409892320435 -0.11401250459727841 0.1328134519312782 -0.057655349135169766 0.07476117956527759 0.08102291429294847 0.029379360998898273 -0.1356496906235126 0.05484460694698355 0.027826966860612194 0.10235540757183377 0.16304347826086957 0.13565891472868216 0.08574066745811897 0.06933851060879212 0.04081632653061225 -0.07015384615384616 -0.07122507122507123 -0.0339857025665065 -0.02275600505689001 0.08743030917384693 0.10926049300466356 0.14850851363461787 0.029486663986060858 0.10567458019687319 -0.012818869375721062 -0.002378404090855037 -0.12008084651052195 -0.05714285714285714 -0.074487895716946 0.09793679811961349 0.09890258772524049 0.1777017243648809 -0.03407851690294438 0.17327796076185017 -0.08915118031140132 -0.21851638872915466 -0.42398336414048055 0.032946918852959126 -0.05056110494512271 0.2293520491289635 0.12038834951456312 0.21373647856118855 0.0795255425259469 0.1985586115605236 -0.35745314633238184 -4.04025127966496 -3.3106344342299394 -0.5396069088743299 -0.09200196270853779 0.3271496615693156 1.0209086215797625 0.4942084942084943 0.1990049751243781 0.08067881485603004 -0.25189827648547664 -1.8539195161665503 -3.6783755397362583 -0.7064628715850282 -0.12152777777777782 0.36259778964361106 1.0391414141414141 0.31242251425737666 0.05115089514066497 0.07203213741515445 -0.0435060780550224 -0.206660368445914 -0.31154118480056653 -0.08886694643297952 -0.2207234825260576 0.03653635367190355 -0.16835016835016833 -0.013729405891163254 -0.12045037968054464 0.05901362933820429 -0.04126547455295736 -0.10149994361114245 -0.10980303373330316 -0.12439613526570048 -0.034177961107837364 -0.02996164908916587 0.030864197530864196 -0.04093277102455967 -0.003730879243875141 -0.08152531229454306
-0.030644765873988723 0.055155335434488986 -0.0963718820861678 0.03359592215013901 -0.1485148514851485 0.07099751508697195 -0.1311756773323526 0.13281345193127816 -0.06662395900064062 0.08306797729475288 0.07595898214963921 0.03182764108213979 -0.15825797239409806 0.06337599024984766 0.00758917278016696 0.1097545936613639 0.1431601272534464 0.14728682170542634 0.06727344677483181 0.07765913188184718 0.020408163265306124 -0.08123076923076925 -0.09021842355175688 -0.028126098675729516 -0.030341340075853353 0.08743030917384693 0.10393071285809459 0.15362949686339775 0.0227851494437743 0.10277938621887668 -0.021792077938725805 -0.022594838863122843 -0.13791463559624303 -0.06322188449848024 -0.07945375543140906 0.08749020632018806 0.08670911800569028 0.16058970646307752 -0.04089422028353326 0.15752541887440927 -0.12807634354595682 -0.2622196664749856 -0.46788354898336404 0.021964612568639415 -0.07029226785053644 0.22935204912896356 0.1074433656957929 0.2163430209826665 0.05661140315406389 0.18679217531989997 -0.45302221670597 -4.812703583061889 -3.399160140733174 -0.5062537224538415 -0.10426889106967616 0.32338932063173725 0.996386164171399 0.4954954954954955 0.1715108667190364 0.06398664626512729 -0.26636133542244184 -1.843451965573389 -3.0867079005718283 -0.5331568179082922 -0.10416666666666667 0.3737737489134484 1.0328282828282827 0.31986114554921896 0.05370843989769821 0.08034353788613383 -0.05374280230326296 -0.2007557864903165 -0.3009204625914562 -0.06665020982473466 -0.22562844880441446 0.04506150286201437 -0.1833146277590722 -0.006240639041437845 -0.13877978528410578 0.047772938035689196 -0.05001875703388771 -0.08909439494755836 -0.10414308354086485 -0.10869565217391304 -0.05185621685327048 -0.016778523489932883 0.014814814814814814 -0.03969238402381543 -0.017410769804750655 -0.07626561472715318
-0.03187055650894827 0.04277352543899145 -0.09977324263038549 0.049814643188137164 -0.15558698727015557 0.07336409892320435 -0.14833885006742675 0.1315949798952114 -0.08327994875080078 0.07476117956527759 0.0822888973287758 0.019586240665932182 -0.15111851499286053 0.06703229737964655 0.021502656210473058 0.11838697743248243 0.1497879109225875 0.1640826873385013 0.0672734467748318 0.07765913188184718 0.024234693877551016 -0.08369230769230769 -0.10208926875593542 -0.018750732450486345 -0.039190897597977246 0.10263558033451596 0.09193870752831444 0.15362949686339777 1.3877787807814458e-18 0.10567458019687319 -0.02691962568901423 -0.0392436674991081 -0.1498038283200571 -0.06200607902735562 -0.07572936064556177 0.08487855837033169 0.07993496816149573 0.14347768856127419 -0.05997818974918212 0.13890877846197908 -0.18709191361125063 -0.3392754456584244 -0.5083179297597044 0.007321537522879803 -0.08015784930324332 0.22057901992730922 0.08414239482200649 0.21243320735044963 0.021566248820595765 0.1764965436093543 -0.5510736005957553 -5.54211261051652 -3.368516626943593 -0.47170935080404996 -0.11776251226692835 0.3321634494860867 0.9679917398038203 0.4954954954954955 0.128305839224928 0.05842259006815968 -0.26877184524526937 -1.8120493137939053 -2.3795075271326875 -0.3490191358767602 -0.07812500000000001 0.3899168011921023 1.034090909090909 0.3446565831886933 0.04603580562659846 0.09973680565175233 -0.05886116442738324 -0.20429853566367498 -0.2725985367004956 -0.04443347321648975 -0.22317596566523604 0.038972110583363785 -0.19952612545205137 -0.013729405891163258 -0.17412935323383086 0.029506814669102148 -0.04126547455295736 -0.0924777264012631 -0.09848313334842654 -0.10265700483091789 -0.055391868002357104 -0.008389261744966436 0.0037037037037037034 -0.03969238402381543 -0.0348215396095013 -0.0762656147271532
-0.03554792841382692 0.022512381809995503 -0.0963718820861678 0.04286376274328081 -0.14615747289014616 0.07573068275943674 -0.14343508642883412 0.13890581211161201 -0.07431133888532993 0.07476117956527759 0.06583111786302065 0.006120700208103805 -0.1558781532603522 0.07068860450944546 0.025297242600556536 0.12825255888518927 0.14581124072110288 0.17571059431524544 0.06991162115815855 0.09291360421578145 0.011479591836734694 -0.10707692307692307 -0.09377967711301044 -0.008203445447087777 -0.03919089759797724 0.0963000506842372 0.0866089273817455 0.15362949686339775 -0.001340302908457311 0.09554140127388536 -0.05127547750288425 -0.0784873349982162 -0.16525977886101537 -0.06565349544072949 -0.074487895716946 0.08487855837033167 0.08264462809917356 0.14479399763064366 -0.051799345692475476 0.13604467993698982 -0.29382219989954794 -0.5934445083381255 -0.5510628465804067 -0.001220256253813301 -0.08139104698483167 0.21681915026945736 0.08284789644012945 0.21112993613971068 0.025609920474457475 0.17796734813943224 -0.6540896115179347 -5.923685435086087 -3.1937351038474637 -0.42406194163192373 -0.12144259077526987 0.3409375783404362 0.9512132163138874 0.5160875160875161 0.1178318931657502 0.06955070246209488 -0.2506930215740629 -1.610839730169807 -1.8543587349749096 -0.26838368034661214 -0.053323412698412696 0.41226871973177703 1.049242424242424 0.3682122489461939 0.061381074168797956 0.11635960659371106 -0.05886116442738324 -0.19130845536136043 -0.23365588860042483 -0.03085657862256233 -0.2072348252605763 0.04262574595055414 -0.1907968574635241 -0.0024962556165751388 -0.15841843414506412 0.033722073907545315 -0.05001875703388771 -0.0924777264012631 -0.10867104369481548 -0.08937198067632852 -0.04478491455509722 -0.00479386385426654 -0.009876543209876543 -0.02976928801786157 -0.03979604526800149 -0.07758053911900066
-0.04167688158862466 0.005628095452498874 -0.08616780045351474 0.04402224281742355 -0.13083451202263083 0.08283043426813394 -0.12994973642270444 0.1535274765444133 -0.06278026905829596 0.0802990447182611 0.059501202683884036 0.012241400416207613 -0.15706806282722513 0.07921998781230957 0.03162155325069567 0.13195215192995438 0.1497879109225875 0.17829457364341084 0.06463527239150509 0.09291360421578146 0.016581632653061222 -0.11323076923076922 -0.07597340930674265 -0.004687683112621586 -0.029077117572692796 0.10643689812468322 0.09193870752831443 0.17539367558571245 0.002680605816914623 0.10856977417486971 -0.07178566850403795 -0.1260554168153169 -0.16050410177148972 -0.09361702127659574 -0.06579764121663564 0.06790284669626533 0.09348326784988484 0.14347768856127419 -0.04634678298800436 0.115995990262065 -0.42817679558011046 -0.9269695227142035 -0.6099815157116452 -0.017083587553386213 -0.0776914539400666 0.21431257049755606 0.09061488673139159 0.21764629219340548 0.02426202992317024 0.1735549345491984 -0.7298001737619462 -6.166821777570964 -2.9780955623652257 -0.3966646813579512 -0.11408243375858684 0.3484582602155929 0.9447599380485286 0.5392535392535392 0.11521340665095574 0.07789678675754627 -0.22176690370013258 -1.3759013724121885 -1.3082039911308203 -0.2118185100493441 -0.01612103174603174 0.4333788650192475 1.0719696969696968 0.3967270022315894 0.08056265984654731 0.13990857459481926 -0.05758157389635317 -0.17123287671232876 -0.19707340099126744 -0.00740557886941496 -0.19742489270386268 0.05115089514066497 -0.16959720663424366 0.004992511233150272 -0.140089028541503 0.040747505971617255 -0.048768288108040514 -0.09360550355249801 -0.11546298392574146 -0.0821256038647343 -0.04242781378903948 -0.003595397890699911 -0.0037037037037037034 -0.02728851401637311 -0.038552418853376444 -0.08021038790269559
-0.05393478793822014 -0.02476361999099505 -0.09183673469387756 0.0370713623725672 -0.1379066478076379 0.07928055851378532 -0.14588696824813044 0.15230900450834653 -0.07431133888532993 0.0733767132770317 0.05570325357640208 -0.009793120332966088 -0.15111851499286055 0.06459475929311395 0.03921072603086263 0.11098779134295227 0.16171792152704137 0.165374677002584 0.0685925339664952 0.07349882124531963 0.012755102040816327 -0.13784615384615384 -0.06528964862298195 -0.008203445447087777 -0.03160556257901391 0.10516979219462745 0.08394403730846103 0.18691588785046728 -0.00938212035920118 0.12594093804284887 -0.10126906806819638 -0.18670472113212036 -0.17120437522292237 -0.08145896656534954 -0.074487895716946 0.06790284669626533 0.06909632841078445 0.13557983414505725 -0.05997818974918212 0.10310754689961335 -0.61401305876444 -1.3663024726854514 -0.6862292051756007 -0.034167175106772425 -0.08262424466642002 0.20679283118185232 0.08414239482200647 0.21243320735044965 0.016174686615446826 0.16914252095896457 -0.7819287576020851 -6.231968357375524 -2.7272727272727275 -0.38117927337701013 -0.11653581943081452 0.34093757834043614 0.9331440371708828 0.5482625482625483 0.09819324430479183 0.07233273056057866 -0.21574062914306374 -1.1339846475924633 -0.9149258956704399 -0.17450956793838007 -0.01488095238095238 0.43834595802806414 1.058080808080808 0.394247458467642 0.07544757033248081 0.13436764094749964 -0.05630198336532309 -0.15824279641001418 -0.16049091338211002 0.004937052579609971 -0.187614960147149 0.056022408963585436 -0.16710313006609306 0.0012481278082875683 -0.140089028541503 0.03934241955880287 -0.04751781918219332 -0.10713882936731703 -0.12225492415666742 -0.0676328502415459 -0.04007071302298173 -0.015580057526366254 0.0024691358024691358 -0.03349044902009427 -0.03730879243875139 -0.09204470742932283
-0.0527089973032606 -0.0360198108959928 -0.09750566893424036 0.049814643188137164 -0.132013201320132 0.08283043426813394 -0.12749785460340812 0.15474594858048007 -0.06534272901985907 0.07614564585352346 0.04557538928978352 -0.020810380707552943 -0.15468824369347928 0.07434491163924437 0.02782696686061219 0.11345418670612899 0.15641569459172852 0.1640826873385013 0.05540166204986149 0.07765913188184717 0.0 -0.1686153846153846 -0.07003798670465336 -0.01054728700339857 -0.030341340075853353 0.08489609731373544 0.09327115256495669 0.1664319549353476 -0.009382120359201182 0.10422698320787493 -0.13459812844507116 -0.2247591865858009 -0.18903816430864348 -0.060790273556231 -0.07945375543140906 0.07965526247061895 0.08535428803685138 0.13821245228379625 -0.05588876772082879 0.1059716454246026 -0.8362631843294828 -1.799884991374353 -0.7971349353049908 -0.04270896888346552 -0.10235540757183374 0.19425993232234615 0.08025889967637542 0.20070376645379903 -0.005391562205148939 0.1617884983085748 -0.8067518927640561 -6.050488599348535 -2.4299171490182725 -0.35854675402025016 -0.10304219823356234 0.3271496615693156 0.9550851832731027 0.5392535392535394 0.1125949201361613 0.05285853387119209 -0.19043027600337475 -0.8955571063037915 -0.6348465398529585 -0.1576603682753641 -0.0037202380952380903 0.4271699987582268 1.071969696969697 0.3905281428217208 0.0907928388746803 0.14406427483030892 -0.06269993602047344 -0.13934813415210204 -0.14987019117299977 0.003702789434707477 -0.1925199264255058 0.05480453050785532 -0.16211497692979177 0.006240639041437844 -0.14139827179890024 0.05479837009976114 -0.04126547455295736 -0.12405548663584076 -0.1199909440796921 -0.06763285024154589 -0.032999410724808484 -0.027564717162032605 0.013580246913580247 -0.048375093029025054 -0.03482153960950131 -0.10124917817225512
-0.05761215984309879 -0.06753714542998648 -0.09183673469387754 0.0324374420759963 -0.132013201320132 0.06863093125073955 -0.12136815005516735 0.1535274765444133 -0.06534272901985907 0.08999030873598227 0.036713508038992274 -0.039172481331864364 -0.15111851499286055 0.07312614259597808 0.01644320769036175 0.11468738438771735 0.133881230116649 0.1731266149870801 0.029019918216594116 0.08597975315490224 -0.003826530612244898 -0.19815384615384612 -0.054605887939221276 -0.01757881167233095 -0.027812895069532235 0.07602635580334517 0.09327115256495669 0.15362949686339777 -0.0013403029084573127 0.09843659525188188 -0.14998077169593643 -0.293732905220597 -0.1949827606705505 -0.07416413373860183 -0.07572936064556177 0.065291198746409 0.08941877794336811 0.1329472160063183 -0.05725190839694656 0.09737934984963481 -1.045956805625314 -2.3047728579643474 -0.9091959334565619 -0.06101281269066504 -0.12578616352201255 0.19300664243639556 0.05566343042071198 0.19940049524306006 -0.031001482679606417 0.16767171642888662 -0.7856522278763809 -5.766635644485808 -2.1200771762569515 -0.34544371649791544 -0.08709519136408243 0.3183755327149661 0.9602478058853899 0.5341055341055343 0.12961508248232523 0.052858533871192104 -0.16391466795227191 -0.7152826238660154 -0.4434589800443459 -0.16488145384522807 0.01364087301587302 0.40357630696634794 1.0795454545454546 0.37317133647408884 0.10230179028132994 0.13575287435932956 -0.06142034548944338 -0.11809163911195086 -0.14042954920934622 -2.7755575615628915e-18 -0.19742489270386265 0.05724028741931555 -0.1608679386457164 0.013729405891163254 -0.13877978528410578 0.06884923422790501 -0.04001500562711016 -0.14435547535806925 -0.11885895404120443 -0.06884057971014493 -0.024749558043606366 -0.03355704697986578 0.0049382716049382715 -0.05581741503349045 -0.04103967168262654 -0.09993425378040763
-0.06251532238293697 -0.08892390814948223 -0.07482993197278912 0.022011121408711774 -0.12847713342762848 0.06508105549639095 -0.12259409096481548 0.16449372486901423 -0.06662395900064062 0.10521943790668697 0.039245474110646925 -0.06120700208103806 -0.13683960019038552 0.06459475929311397 0.020237794080445227 0.0924898261191269 0.14316012725344646 0.16149870801033592 0.0382535285582377 0.07211205103314382 -0.02295918367346939 -0.2178461538461538 -0.048670465337132006 -0.019922653228641746 -0.024020227560050567 0.0696908261530664 0.07994670219853431 0.14082703879144798 -0.0013403029084573144 0.08396062536189924 -0.21279323163696962 -0.37222024021881317 -0.22470574248008562 -0.09969604863221884 -0.09310986964618251 0.053538782972055374 0.07316081831730117 0.1289982887982098 -0.06679389312977099 0.09165115279965633 -1.1865896534404823 -2.9453709028177117 -1.0501386321626618 -0.09395973154362416 -0.1430509310642496 0.18172703346283997 0.040129449838187704 0.19418741040010423 -0.03908882598732983 0.17502573907927638 -0.7558644656820156 -5.182643089809213 -1.794347974123255 -0.334723049434187 -0.07728164867517173 0.313361744798195 0.9654104284976768 0.5302445302445302 0.14663524482848914 0.04729447767422452 -0.15547788357237557 -0.5722260990928122 -0.33842922161279027 -0.14923576844385608 0.014880952380952384 0.4147522662361853 1.0732323232323233 0.3793701958839574 0.09846547314578005 0.13298240753566976 -0.06142034548944338 -0.09565422768068019 -0.12508850601840926 -0.007405578869414964 -0.18884120171673818 0.04384362440628425 -0.15338570894126452 0.004992511233150273 -0.14401675831369468 0.07306449346634818 -0.05377016381142928 -0.174805458441412 -0.1256508942721304 -0.06884057971014493 -0.027106658809664112 -0.045541706615532127 -0.009876543209876543 -0.07566360704539817 -0.03606516602412635 -0.10782380013149244
-0.06864427555773472 -0.11481314723097706 -0.07029478458049886 0.009267840593141797 -0.1331918906176332 0.05443142823334516 -0.11401250459727841 0.1449981722919459 -0.057655349135169766 0.08999030873598227 0.022787694644891762 -0.07467254253886645 -0.1356496906235126 0.048750761730652056 0.011383759170250442 0.09125662843753854 0.14050901378579003 0.1614987080103359 0.029019918216594116 0.0651781999722646 -0.034438775510204085 -0.2609230769230769 -0.061728395061728406 -0.046876831126215865 -0.03413400758533501 0.05955397871262038 0.06528980679546968 0.1305850723338881 -0.013403029084573114 0.08685581933989578 -0.2756056915780028 -0.48876204067071 -0.2710735941029604 -0.12644376899696047 -0.10676598386095593 0.05353878297205537 0.07722530822381792 0.12241674345136237 -0.06543075245365322 0.09021910353716169 -1.298342541436464 -3.626221966647499 -1.2211182994454712 -0.13666870042708967 -0.17018128005919347 0.17420729414713623 0.02071197411003236 0.19027759676788739 -0.05930718425663837 0.1735549345491984 -0.7186297629390591 -4.5497906002792 -1.4720236068550676 -0.31209053007742704 -0.0858684985279686 0.31962897969415893 0.9576664945792462 0.5379665379665379 0.15710919088766692 0.052858533871192104 -0.14222007954682414 -0.43149569667364496 -0.27074337729023223 -0.13960765435070405 0.019841269841269847 0.4147522662361853 1.0744949494949494 0.37193156459211507 0.10358056265984654 0.12328577365286049 -0.0652591170825336 -0.09565422768068019 -0.11092754307292896 -0.016045420883732415 -0.1925199264255058 0.031664839848983065 -0.14590347923681257 -0.011233150274588119 -0.13877978528410576 0.06463397498946186 -0.06002250844066524 -0.1962332243148754 -0.133574824541544 -0.07246376811594203 -0.032999410724808484 -0.056327900287631835 -0.01604938271604938 -0.08806747705284049 -0.04103967168262654 -0.12097304404996714
-0.0649669036528561 -0.13282305267897346 -0.06349206349206349 0.00695088044485635 -0.13672795851013672 0.04496509288841557 -0.11033468186833392 0.1328134519312782 -0.05637411915438821 0.0886058424477364 0.02152171160906444 -0.07222426245562492 -0.13089005235602094 0.03534430225472272 0.01138375917025044 0.07892465162165496 0.15641569459172852 0.15762273901808785 0.047487138899881286 0.07488559145749549 -0.058673469387755105 -0.2990769230769231 -0.08190883190883191 -0.056252197351459046 -0.04804045512010113 0.04308160162189559 0.06795469686875417 0.12290359749071819 -0.01742393780994505 0.0854082223508975 -0.3448275862068965 -0.7063860149839458 -0.36380929734871004 -0.12522796352583584 -0.12290502793296088 0.04962131104727082 0.06909632841078445 0.11451888903514544 -0.07497273718647765 0.09021910353716167 -1.323455549974887 -4.219666474985624 -1.4105822550831792 -0.1769371568029286 -0.19237883832778396 0.16167439528763 0.012944983818770229 0.18897432555714844 -0.06739452756436179 0.18237976172966613 -0.6528484547598361 -3.7738483015355975 -1.1928271478833277 -0.2989874925550923 -0.08709519136408243 0.3171220857357734 0.9628291171915333 0.5469755469755471 0.16889238020424197 0.05981360411740159 -0.12414125587561768 -0.33147243545010463 -0.21356050881082975 -0.11914791190275605 0.02356150793650794 0.4259282255060226 1.0820707070707072 0.38184973964790475 0.10485933503836317 0.13436764094749964 -0.05758157389635317 -0.08620689655172414 -0.08614585791833844 -0.020982473463342387 -0.17044757817290004 0.03288271830471319 -0.11971567527123084 -0.00998502246630055 -0.10735794710657239 0.06884923422790504 -0.07252719769913717 -0.20187211007104996 -0.14376273488793295 -0.07608695652173914 -0.04714201532115499 -0.06831255992329818 -0.014814814814814814 -0.09178863805507317 -0.038552418853376444 -0.1183431952662722
-0.049031625398381955 -0.12944619540747412 -0.06235827664399094 0.03012048192771084 -0.13672795851013672 0.057981303987693765 -0.08458992276572266 0.14743511636407944 -0.03843689942344651 0.09968157275370344 0.01772376250158248 -0.08079324274697026 -0.11899095668729176 0.03412553321145643 0.020237794080445227 0.07275866321371316 0.16834570519618242 0.14728682170542634 0.06199709800817834 0.07211205103314382 -0.06377551020408163 -0.3458461538461538 -0.09734093067426401 -0.07617485058010079 -0.04930467762326168 0.026609224531170806 0.07061958694203865 0.11906286006913328 -0.02680605816914623 0.0854082223508975 -0.41661325471093447 -1.0797954572481863 -0.4660563547735109 -0.14468085106382977 -0.14028553693358164 0.03656307129798903 0.06232217856658989 0.10662103461892851 -0.08587786259541984 0.08019475869969926 -1.339779005524862 -4.5899942495687185 -1.5804066543438078 -0.2123245881635143 -0.2010112220989025 0.15039478631407444 0.010355987055016187 0.18115469829271472 -0.06739452756436179 0.1926753934402118 -0.5696909519672333 -2.9758026989297344 -0.957893542163205 -0.2846932698034545 -0.07728164867517175 0.32464276761093014 0.9783169850283944 0.5662805662805662 0.18198481277821418 0.08624287105299763 -0.11449921658430758 -0.26285182600604784 -0.18088458396545687 -0.08544951257672402 0.02728174603174603 0.4445548242890848 1.0744949494949494 0.4004463178775105 0.09462915601023017 0.14544950824213881 -0.05758157389635317 -0.08974964572508266 -0.06608449374557471 -0.008639842014317455 -0.15450643776824033 0.03410059676044331 -0.11597456041900485 0.0012481278082875677 -0.09557475778999737 0.08290009835604892 -0.0837814180317619 -0.20525544152475472 -0.1347068145800317 -0.0748792270531401 -0.043606364172068354 -0.07190795781399809 -0.012345679012345678 -0.08682709005209625 -0.032334286780251215 -0.12754766600920447
-0.04658004412846285 -0.1305718144979739 -0.046485260770975055 0.030120481927710847 -0.11786892975011787 0.06863093125073956 -0.07233051366924112 0.16449372486901423 -0.03331197950032031 0.11906410078914578 0.01392581339410052 -0.08568980291345331 -0.11780104712041883 0.020719073735527123 0.01138375917025044 0.0628930817610063 0.15906680805938495 0.14341085271317827 0.04484896451655455 0.06933851060879213 -0.08035714285714286 -0.39384615384615385 -0.1175213675213675 -0.10078518692136411 -0.051833122629582805 0.01013684744044602 0.06928714190539641 0.11266163103315838 -0.02010454362685967 0.07672264041690793 -0.4845532624022562 -1.599476751100012 -0.6562834383545357 -0.18480243161094223 -0.17132216014897578 0.023504831548707233 0.03387074922097276 0.10267210741082007 -0.10905125408942203 0.09451525132464557 -1.3046207935710699 -4.664749856239219 -1.7248151571164514 -0.2623550945698596 -0.21457639659637437 0.13786188745456823 0.016828478964401296 0.18897432555714844 -0.05930718425663837 0.2088542432710693 -0.46915725456125107 -2.2173103769194977 -0.7354443309499489 -0.2608695652173913 -0.053974484789008834 0.32840310854850846 1.006711409395973 0.5791505791505791 0.2199528672427337 0.10293503964390043 -0.09883090273592862 -0.22912305187252852 -0.14820865912008402 -0.07341436996028401 0.034722222222222224 0.4507636905501055 1.071969696969697 0.39920654599553684 0.0959079283887468 0.15099044188945837 -0.05502239283429302 -0.09093056211620218 -0.05192353080009441 0.003702789434707479 -0.13856529736358061 0.04871513822920473 -0.11098640728270356 0.01622566150773839 -0.07331762241424455 0.10116622172263594 -0.09003376266099786 -0.2063832186759896 -0.12451890423364273 -0.07850241545893719 -0.04242781378903948 -0.07670182166826461 -0.012345679012345678 -0.09302902505581742 -0.02860340753637607 -0.1341222879684418
-0.0527089973032606 -0.12156686177397569 -0.04308390022675737 0.03591288229842447 -0.12258368694012259 0.07809726659566915 -0.06865269094029668 0.1620567807968807 -0.028187059577194105 0.11629516821265402 0.01139384732244588 -0.10037948341290244 -0.14992860542598763 -0.0024375380865326035 -0.003794586390083483 0.05056110494512271 0.15906680805938495 0.12661498708010338 0.04089170294156444 0.06101788933573708 -0.09183673469387756 -0.5009230769230768 -0.3098290598290598 -0.19571076995195125 -0.0695322376738306 -0.00506842372022301 0.0692871419053964 0.08705671488925874 -0.01742393780994505 0.0622466705269253 -0.4896808101525446 -1.6601260554168153 -1.287599571989062 -0.3586626139817629 -0.21849782743637491 -0.007834943849569082 0.01625795962606692 0.07371330788469134 -0.11995637949836421 0.0816268079621939 -1.2079357106981417 -4.395629672225417 -1.7097966728280958 -0.2965222696766321 -0.25157232704402516 0.12031582905125957 0.0038834951456310695 0.17724488466049784 -0.0646987464617873 0.2044418296808354 -0.36365893012287465 -1.7054443927408098 -0.5595278628986493 -0.24776652769505655 -0.03557409224730128 0.3359237904236651 1.0299432111512647 0.5855855855855856 0.2409007593610893 0.10154402559465851 -0.10124141255875616 -0.21284019539427773 -0.1272027074337729 -0.05897219882055602 0.03224206349206349 0.45200546380230966 1.066919191919192 0.39796677411356307 0.0907928388746803 0.14960520847762848 -0.06397952655150352 -0.09683514407179972 -0.043662969081897575 0.027153789187854847 -0.13243408951563457 0.05967604433077579 -0.10350417757825166 0.014977533699450821 -0.07069913589945011 0.09835604889700718 -0.07752907340252593 -0.20074433291981503 -0.12565089427213041 -0.0821256038647343 -0.043606364172068354 -0.07190795781399809 0.0049382716049382715 -0.10171173406102704 -0.022385275463250837 -0.1380670611439842
-0.06251532238293699 -0.10918505177847815 -0.054421768707482984 0.05213160333642262 -0.14262140499764261 0.07809726659566915 -0.087041804585019 0.15474594858048007 -0.04740550928891736 0.10660390419493286 0.0012659830358273199 -0.11874158403721387 -0.20466444550214186 -0.03900060938452164 -0.018972931950417403 0.027130348994943876 0.14448568398727465 0.10723514211886305 0.0382535285582377 0.042989876577451125 -0.12755102040816327 -0.5698461538461539 -0.754985754985755 -0.3890776983475917 -0.12642225031605564 -0.04434870755195135 0.039973351099267154 0.05120983228779926 -0.04288969307063397 0.031847133757961776 -0.49480835790283295 -1.6292068022357 -1.7536559267625726 -0.5592705167173252 -0.281812538795779 -0.020893183598850874 -0.009483809781872382 0.06449914439910492 -0.12540894220283533 0.08878705427466706 -1.0848819688598694 -4.049453709028177 -1.6635859519408505 -0.31726662599145816 -0.2898014551732643 0.08898358190249404 -0.02330097087378641 0.15639254528867458 -0.08222132362852136 0.19267539344021178 -0.2805014273302719 -1.2482550023266634 -0.41765974350244006 -0.2179868969624777 -0.02944062806673209 0.33843068438205065 1.0467217346411979 0.5920205920205921 0.2539931919350615 0.10571706774238421 -0.12052549114137638 -0.196557338916027 -0.13420469132920995 -0.039715970634252015 0.026041666666666668 0.4495219172979015 1.0580808080808082 0.3855690552938259 0.08567774936061381 0.1385233411829893 -0.06781829814459374 -0.10510155880963627 -0.047203209818267644 0.048136262651197234 -0.134886572654813 0.05967604433077579 -0.12220975183938146 0.006240639041437843 -0.08902854150301123 0.08852044400730645 -0.08128048018006752 -0.1815721213488215 -0.14376273488793298 -0.07246376811594203 -0.04832056570418386 -0.05992329817833174 0.007407407407407407 -0.07938476804763087 -0.014923516975500562 -0.12491781722550954
-0.061289531747977445 -0.09680324178298064 -0.07482993197278912 0.06835032437442076 -0.14615747289014616 0.07809726659566915 -0.07600833639818562 0.1474351163640794 -0.04356181934657271 0.09691264017721168 -0.01645777946575516 -0.13710368466152528 -0.2510709186101856 -0.07556368068251067 -0.04932962307108525 0.003699593044765076 0.13123011664899256 0.08785529715762275 0.0382535285582377 0.02496186381916517 -0.1403061224489796 -0.6301538461538462 -1.3698955365622032 -0.5859603890776983 -0.17446270543615677 -0.07475924987328941 0.05063291139240507 0.028165407758289584 -0.032167269802975476 0.0014475969889982676 -0.49993590565312135 -1.5970983470091569 -1.8844370467245273 -0.7878419452887536 -0.36623215394165115 -0.05092713502219901 -0.036580409158650594 0.05265236277477954 -0.14585605234460197 0.08592295574967779 -0.9178804620793573 -3.6078205865439905 -1.551524953789279 -0.34777303233679074 -0.3169318041682082 0.05514475498182732 -0.02718446601941748 0.1394500195490682 -0.07413398032079796 0.1764965436093543 -0.21472011915104877 -0.8724988366682178 -0.3143797525819998 -0.18701608100059558 -0.01104023552502453 0.3459513662572073 1.0802787816210635 0.6023166023166022 0.28672427336999207 0.11684518013631937 -0.11932023622996261 -0.18376366596882993 -0.12486871280196055 -0.034901913587676005 0.03968253968253969 0.445796597541289 1.0744949494949494 0.38804859905777334 0.0907928388746803 0.13990857459481923 -0.0652591170825336 -0.1086443079829948 -0.06726457399103139 0.0703529992594421 -0.12998160637645614 0.05967604433077579 -0.11597456041900485 -0.007488766849725413 -0.08248232521602514 0.07446957987916256 -0.08503188695760909 -0.1669110183827676 -0.16187457550373557 -0.08574879227053141 -0.05303476723629935 -0.045541706615532127 0.008641975308641974 -0.0731828330439097 -0.007461758487750281 -0.11571334648257725
-0.07722481000245159 -0.08442143178748311 -0.10317460317460317 0.06603336422613532 -0.17326732673267325 0.07218080700508814 -0.10175309550079685 0.1364688680394785 -0.05509288917360666 0.09968157275370344 -0.0126598303582732 -0.14934508507773292 -0.2689195621132794 -0.15478366849482023 -0.056918795851252216 -0.016031569860648655 0.1365323435843054 0.07364341085271318 0.0593589236248516 0.01109416169740674 -0.15816326530612246 -0.6510769230769231 -1.8328584995251664 -1.0242587601078168 -0.2680151706700379 -0.09756715661429295 0.037308461025982675 0.008961720650364881 -0.03350757271143279 -0.007237984944991317 -0.4960902448404051 -1.5602330836009037 -1.8963262394483411 -1.027355623100304 -0.472998137802607 -0.09140767824497258 -0.08670911800569028 0.02895879952612874 -0.16902944383860416 0.08019475869969928 -0.700652938221999 -3.1615871190339284 -1.4071164510166358 -0.3648566198901769 -0.32063139721297323 0.025065797719012423 -0.027184466019417475 0.12250749380946177 -0.04582827874376599 0.16473010736873067 -0.17748541640809232 -0.6444858073522568 -0.24401316536147996 -0.15485407980941035 -0.008586849852796855 0.364753070945099 1.0893133711925658 0.6151866151866152 0.3011259492013616 0.1363193768257059 -0.12052549114137641 -0.1558501977204001 -0.10619675574746179 -0.018052713924660006 0.044642857142857144 0.46566496957655523 1.0707070707070707 0.4004463178775105 0.08567774936061381 0.1440642748303089 -0.057581573896353176 -0.10392064241851677 -0.060184092518291245 0.11231794618612687 -0.11281422440220726 0.07550846425526733 -0.10849233071455293 -0.009985022466300552 -0.06153443309766955 0.07165940705353378 -0.0837814180317619 -0.1466110296605391 -0.16187457550373557 -0.0821256038647343 -0.04714201532115498 -0.031160115052732508 0.02222222222222222 -0.069461672041677 0.011192637731625418 -0.11439842209072978
-0.08212797254228976 -0.05628095452498875 -0.12585034013605442 0.07761816496756256 -0.1933050447901933 0.08638031002248255 -0.11891626823587102 0.1449981722919459 -0.06534272901985907 0.09552817388896581 -0.01772376250158248 -0.15913820541069898 -0.3046168491194669 -0.2315661182205972 -0.09233493549203138 -0.038229128129239114 0.14448568398727465 0.046511627906976744 0.07123070834982193 -0.008320621273055055 -0.18239795918367346 -0.6473846153846153 -2.054843304843305 -1.7145200984413453 -0.43236409608091025 -0.11530663963507348 0.015989340439706862 0.007681474843169889 -0.05629272215520709 -0.005790387955993051 -0.49480835790283295 -1.5067189915566654 -1.8939484009035783 -1.1781155015197569 -0.5834885164494102 -0.11882998171846434 -0.11245088741362959 0.022377254179281294 -0.17857142857142858 0.08019475869969928 -0.511049723756906 -2.6405980448533644 -1.2638632162661738 -0.37583892617449666 -0.32926378098409176 -0.0025065797719012405 -0.016828478964401296 0.10295842564837746 -0.024262029923170225 0.15149286659802907 -0.156385751520417 -0.41996277338296883 -0.17705141300646918 -0.1334127456819535 -0.0012266928361138359 0.3735271997994485 1.0983479607640683 0.6267696267696268 0.3011259492013616 0.14049241897343162 -0.12534651078703146 -0.11165387299371946 -0.10853075037927411 0.010831628354796008 0.03968253968253968 0.5004346206382715 1.0643939393939392 0.42896107116290605 0.07800511508951406 0.15930184236043773 -0.05374280230326296 -0.10982522437411432 -0.05546377153646449 0.12712910392495677 -0.09442060085836909 0.07063695043234686 -0.09352787130564909 -0.02870693959061408 -0.045823514008902846 0.053393283686946756 -0.08128048018006752 -0.1319499266944852 -0.14489472492642066 -0.08333333333333334 -0.05303476723629935 -0.014381591562799617 0.03209876543209876 -0.05581741503349045 0.016167143390125607 -0.09993425378040763
-0.08580534444716843 -0.03939666816749212 -0.15759637188208617 0.05676552363299352 -0.20980669495520982 0.08638031002248253 -0.12014220914551918 0.13768734007554526 -0.06662395900064062 0.08999030873598228 -0.039245474110646925 -0.1554657852858367 -0.3545930509281294 -0.3412553321145643 -0.14545914495320011 -0.040695523492415835 0.12592788971367974 0.04392764857881137 0.05672074924152486 -0.002773540424351683 -0.19770408163265304 -0.6412307692307693 -2.2768281101614436 -2.5360365639282785 -0.5954487989886219 -0.1558540293968576 -0.001332445036642238 -0.0012802458071949827 -0.07639726578206675 -0.002895193977996526 -0.44994231508780935 -1.4460696872398624 -1.8666032576388063 -1.2620060790273557 -0.675356921166977 -0.16583964481587882 -0.11922503725782414 0.001316309069369484 -0.17584514721919303 0.051553773449806675 -0.3704168759417378 -1.9746981023576775 -1.0778650646950092 -0.3648566198901769 -0.33666296707362187 -0.020052638175209924 -0.011650485436893203 0.09383552717320474 -0.0026957811025744628 0.15149286659802913 -0.15390343800421996 -0.3385295486272685 -0.14413800930654863 -0.10601548540798096 0.0061334641805691845 0.3873151165705691 1.1112545172947859 0.6499356499356498 0.31029065200314215 0.16413965781054388 -0.10726768711582499 -0.09188183298441498 -0.10152876648383706 0.012035142616440004 0.050843253968253975 0.5091270334037004 1.0744949494949494 0.4339201586908009 0.08823529411764705 0.16484277600775732 -0.04094689699296226 -0.09565422768068021 -0.04602312957281095 0.14687731424339667 -0.0686695278969957 0.0937766410912191 -0.07606933532859458 -0.013729405891163258 -0.022257135375752815 0.061823802163833076 -0.08128048018006752 -0.10939438366978686 -0.14489472492642066 -0.08574879227053142 -0.06835592221567473 -0.00359539789069991 0.024691358024691357 -0.04589431902753659 0.01119263773162542 -0.08941485864562787
-0.08457955381220887 -0.023638000900495275 -0.17346938775510204 0.026645041705282674 -0.2145214521452145 0.08164714235001773 -0.12014220914551918 0.14256122821981235 -0.05637411915438821 0.08722137615949052 -0.03924547411064692 -0.14200024482800833 -0.3938600666349357 -0.49482023156611826 -0.22767518340500886 -0.05426069798988777 0.11002120890774128 0.04392764857881136 0.06067801081651497 0.015254472333934269 -0.211734693877551 -0.6006153846153846 -2.333808167141501 -3.2169225360365643 -0.8824273072060682 -0.19386720729853016 -0.039973351099267154 0.0012802458071949796 -0.10186302104275566 0.007237984944991317 -0.4012306114600692 -1.3521227256510884 -1.8345024372845082 -1.2741641337386018 -0.7721911855990069 -0.21676677983807782 -0.14632163663460235 -0.006581545346847438 -0.17857142857142858 0.042961477874838894 -0.2624309392265193 -1.2639447958596892 -0.8837800369685768 -0.3136058572300183 -0.34652854852632875 -0.030078957262814888 -0.0064724919093851144 0.0925322559624658 0.01078312441029788 0.15737608471834091 -0.15638575152041703 -0.2908329455560726 -0.11803427533764613 -0.08457415128052413 0.01594700686947988 0.41363750313361747 1.1112545172947859 0.6782496782496782 0.3115998952605394 0.19474196689386564 -0.09642039291310112 -0.05931612002791346 -0.10152876648383709 0.040919484895896016 0.053323412698412696 0.5414131379610083 1.0744949494949494 0.4673939995040913 0.08695652173913043 0.19808837789167477 -0.019193857965451054 -0.06140765233821447 -0.04130280859098419 0.13700320908417674 -0.03556100551808705 0.12300572402874192 -0.05486968449931414 0.014977533699450827 0.003927729772191674 0.07727975270479134 -0.07002625984744279 -0.07330551483026954 -0.13244283450305638 -0.071256038647343 -0.06835592221567473 0.013183125599232981 0.018518518518518517 -0.024807740014884637 0.009949011317000373 -0.06048652202498356
-0.09193429762196617 -0.0090049527239982 -0.17687074829931973 -0.010426320667284517 -0.23102310231023102 0.07691397467755294 -0.1250459727841118 0.14987206043621298 -0.06021780909673287 0.0969126401772117 -0.0506393214330928 -0.1432243848696291 -0.4283674440742503 -0.6691042047531993 -0.3554262585378194 -0.0863238377111851 0.08483563096500531 0.03875968992248062 0.04352987732489118 0.01525447233393427 -0.21811224489795916 -0.5612307692307692 -2.33974358974359 -3.5895933434899794 -1.307206068268015 -0.2787633046122656 -0.08927381745502996 -0.01280245807194981 -0.12598847339498725 0.005790387955993054 -0.34098192539418026 -1.133309549292425 -1.7429556533111399 -1.266869300911854 -0.8454376163873369 -0.26116479498563594 -0.15986993632299146 -0.005265236277477952 -0.18129770992366415 0.04439352713733352 -0.2297840281265695 -0.6336975273145486 -0.6746765249537894 -0.24893227577791338 -0.3477617462079171 -0.03885198646446923 -0.009061488673139158 0.08862244233024891 0.022914139371883004 0.15737608471834097 -0.1501799677299243 -0.28036295951605394 -0.08966065145840427 -0.06313281715306732 0.03189401373895977 0.4199047380295814 1.1254517294785749 0.6833976833976834 0.32469232783451163 0.2100431214355265 -0.09521513800168736 -0.05815305885089554 -0.08752479869296302 0.04814057046576002 0.062003968253968256 0.5538308704830499 1.0871212121212122 0.48227126208777593 0.10102301790281329 0.21194071200997366 -0.008957133717210495 -0.047236655644780356 -0.03776256785461411 0.13330041964946926 -0.028203556100551797 0.1388381439532335 -0.05736376106746478 0.034947578632051925 -0.002618486514794449 0.09835604889700716 -0.06002250844066524 -0.05638885756174581 -0.12338691419515509 -0.03864734299516909 -0.06717737183264584 0.03715244487056567 0.023456790123456788 -0.012403870007442313 0.011192637731625422 -0.048652202498356334
-0.09806325079676392 0.00225123818099955 -0.18027210884353742 -0.04633920296570898 -0.24398868458274398 0.05561472015146137 -0.12872379551305627 0.14865358840014622 -0.06149903907751442 0.09275924131247404 -0.06456513482719331 -0.14200024482800833 -0.4497858162779629 -0.7641681901279708 -0.5590690614722995 -0.15908250092489826 0.056998939554612923 0.03229974160206718 0.032977179791584224 0.013867702121758424 -0.20663265306122444 -0.5193846153846154 -2.321937321937322 -3.698581975858432 -1.8116308470290772 -0.40167257982767357 -0.12791472351765487 -0.03584688260145948 -0.12464817048652996 -0.004342790966994785 -0.27304191770285857 -0.7491972886193364 -1.6371418380691947 -1.2462006079027355 -0.8814400993171942 -0.31339775398276315 -0.1652892561983471 -0.010530472554955905 -0.17039258451472192 0.05012172418731205 -0.1921145153189352 -0.23001725129384704 -0.4551756007393715 -0.18181818181818182 -0.3329633740288568 -0.060157914525629776 -0.002588996763754045 0.07949954385507622 0.0417846070899043 0.14119723488748348 -0.14397418393943157 -0.2826896230805026 -0.06696175235501078 -0.06075044669446099 0.04661432777232581 0.4086237152168463 1.1254517294785753 0.6692406692406692 0.3351662738936894 0.20865210738628465 -0.07472580450765336 -0.06396836473598509 -0.07818882016571363 0.04693705620411602 0.078125 0.5451384577176208 1.1098484848484849 0.47359285891395986 0.11764705882352941 0.2091702451863139 0.001279590531030067 -0.033065658951346256 -0.03658248760915742 0.13083189335966425 -0.02575107296137339 0.14492753623188406 -0.048634493078937524 0.03619570644033949 0.00261848651479445 0.09835604889700716 -0.045016881330498935 -0.045111086049396634 -0.11659497396422913 -0.02657004830917875 -0.05657041838538597 0.04194630872483222 0.03333333333333333 -0.007442322004465392 0.024872528292500935 -0.03550295857988166
-0.10541799460652121 0.007879333633498423 -0.20294784580498865 -0.07877664504170527 -0.29467232437529467 0.03549875754348598 -0.1360794409709452 0.14499817229194586 -0.06406149903907751 0.08168351100650699 -0.0759589821496392 -0.14444852491124988 -0.46287482151356496 -0.7787934186471663 -0.9334682519605362 -0.3465285485263288 0.039766702014846236 0.0 0.04616805170821791 -0.006933851060879211 -0.2091836734693877 -0.4898461538461539 -2.28988603988604 -3.7079573420836747 -2.322376738305942 -0.6373542828180435 -0.16255829447035308 -0.06017155293816413 -0.13134968502881653 -0.023161551823972205 -0.22176644019997432 -0.23665120704007606 -1.4433479966710259 -1.2291793313069905 -0.9162011173184357 -0.3799947767041003 -0.17206340604254167 -0.01711201790180335 -0.1608505997818975 0.041529428612344266 -0.18834756403817177 -0.09430707303047728 -0.26455637707948243 -0.11226357535082368 -0.3255641879393267 -0.06767765384133348 -0.0064724919093851144 0.07298318780138147 0.060655074807925605 0.13531401676717167 -0.14149187042323447 -0.2768729641693811 -0.048802633072296 -0.04526503871351994 0.06378802747791953 0.4123840561544247 1.1241610738255035 0.6640926640926639 0.33385703063629213 0.19335095284462372 -0.06267325539351573 -0.061642242381949285 -0.07352083090208893 0.04934408472740402 0.08556547619047619 0.5476220042220291 1.1275252525252526 0.48847012149764446 0.1342710997442455 0.207785011774484 0.01151631477927063 -0.02007557864903165 -0.044843049327354265 0.13453468279437172 -0.028203556100551808 0.13762026549750334 -0.029928918817807692 0.021218172740888663 0.009164702801780566 0.0829000983560489 -0.0337626609978742 -0.028194428780872898 -0.11319900384876613 -0.010869565217391304 -0.05067766647024161 0.03835091083413231 0.04814814814814815 0.0 0.04103967168262654 -0.03550295857988166
-0.0956116695268448 0.018009905447996393 -0.20748299319727895 -0.0892029657089898 -0.2958510136727958 -0.009466335344929595 -0.14833885006742673 0.13525039600341168 -0.06662395900064062 0.0802990447182611 -0.0822888973287758 -0.11874158403721387 -0.44383626844359814 -0.7580743449116393 -0.9562357703010372 -0.9840917499075102 -0.12857900318133617 -0.029715762273901814 0.002638174383326736 -0.012480931909582582 -0.20280612244897958 -0.3704615384615385 -2.099952516619184 -3.624750966834642 -2.3463969658659924 -1.0124176381145464 -0.3530979347101932 -0.0832159774676738 -0.15413483447259083 -0.015923566878980888 -0.20638379694910908 -0.14865025567843976 -0.7941980739507787 -1.0516717325227962 -0.8715083798882681 -0.39174719247845385 -0.22219211488958135 -0.015795708832433857 -0.15948745910577972 0.05155377344980668 -0.1896032144650929 -0.11385853939045427 -0.2287430683918669 -0.06833435021354484 -0.2885682574916759 -0.07269081338513597 -0.032362459546925564 0.0664668317476867 0.05121984094891495 0.13237240770701572 -0.1241156758098548 -0.26523964634713815 -0.05107252298263535 -0.03454437164979154 0.08218842001962709 0.41238405615442464 1.1396489416623647 0.6525096525096525 0.35480492275464776 0.18778689664765616 -0.038568157165240445 -0.04419632472668063 -0.06418485237483955 0.05295462751233602 0.10788690476190477 0.5488637774742332 1.1363636363636365 0.4884701214976445 0.1483375959079284 0.2063997783626541 0.02943058221369162 -1.3877787807814458e-18 -0.046023129572810954 0.12712910392495677 -0.019619865113427344 0.11935208866155159 -0.026187803965581735 0.013729405891163254 0.014401675831369466 0.08008992553042012 -0.0337626609978742 -0.024811097327168147 -0.10753905365632785 -0.013285024154589372 -0.03771361225692398 0.02516778523489933 0.05432098765432099 -0.0012403870007442336 0.05596318865812709 -0.03287310979618672
-0.08457955381220887 0.024763619990995047 -0.20634920634920634 -0.10426320667284521 -0.29585101367279587 -0.03431546562536978 -0.14833885006742673 0.11697331546241012 -0.05509288917360666 0.0733767132770317 -0.0886188125079124 -0.10037948341290241 -0.3962398857686815 -0.7093235831809872 -0.9372628383506199 -1.6006905907016893 -0.39369034994697777 -0.07493540051679586 -0.025062656641604016 -0.015254472333934265 -0.1849489795918367 -0.2867692307692308 -1.6737891737891737 -3.439587483886089 -2.3261694058154236 -1.265838824125697 -0.659560293137908 -0.12802458071949813 -0.15949604610642004 -0.01881876085697742 -0.193564927573388 -0.14032584136044712 -0.3281417191772678 -0.8413373860182372 -0.8255741775294846 -0.3773831287542439 -0.2763853136431378 -0.05923390812162697 -0.17039258451472192 0.03293713303737649 -0.1845806127574083 -0.1242093156986774 -0.2160351201478743 -0.04026845637583892 -0.2639043038599087 -0.04135856623637046 -0.05307443365695792 0.046917763586602386 0.060655074807925605 0.1264891895867039 -0.11915104877746059 -0.2664029781293625 -0.06015208262399274 -0.039309112567004166 0.08954857703631011 0.3998495863624968 1.1409395973154364 0.6357786357786356 0.35087719298245607 0.17804979830296289 -0.019284078582620226 -0.034891835310537335 -0.04784688995215312 0.04934408472740402 0.10788690476190477 0.5525890972308457 1.1363636363636365 0.4835110339697497 0.14450127877237853 0.2063997783626541 0.04094689699296226 0.020075578649031648 -0.049563370309181023 0.1221920513453468 -0.020846106683016553 0.11935208866155159 -0.008729267988527247 0.01622566150773839 0.031421838177533384 0.08571027118167766 -0.02375890959109666 -0.0214277658734634 -0.08263527280959929 -0.006038647342995171 -0.024749558043606366 0.031160115052732494 0.046913580246913576 -0.023567353014140414 0.05969406790200225 -0.04470742932281394
-0.08580534444716843 0.03151733453399369 -0.1893424036281179 -0.11353104726598699 -0.31117397454031115 -0.04378180097029937 -0.16672796371214907 0.10722553917387594 -0.058936579115951314 0.07476117956527759 -0.0759589821496392 -0.08813808299669482 -0.33793431699190857 -0.6764168190127972 -0.8790791803693396 -1.9607843137254903 -0.6588016967126193 -0.12790697674418605 -0.0593589236248516 -0.019414782970461793 -0.16964285714285715 -0.21046153846153848 -1.057692307692308 -3.2509082386030705 -2.2945638432364097 -1.3748099341104916 -1.1552298467688207 -0.18819613365766225 -0.18362149845865167 -0.011580775911986103 -0.1666453018843738 -0.12724461886074442 -0.19022708358102486 -0.6285714285714286 -0.7510862818125387 -0.3329851136066858 -0.31703021270830506 -0.08556008950901672 -0.17039258451472192 0.03293713303737649 -0.16449020592667002 -0.12880966072455433 -0.2287430683918669 -0.01464307504575961 -0.22937476877543467 0.0 -0.0634304207119741 0.04431122116512447 0.057959293705351134 0.12943079864685983 -0.09556907037358818 -0.2687296416938111 -0.05447735784814437 -0.04050029779630733 0.09568204121687929 0.4061168212584607 1.1228704181724314 0.6396396396396395 0.3273108143493061 0.17944081235220477 0.003615764734241292 -0.0314026517794836 -0.03734391410899755 0.03610542784932001 0.11036706349206349 0.5538308704830499 1.128787878787879 0.4760724026779074 0.13810741687979539 0.19808837789167474 0.05758157389635317 0.015351913084553612 -0.014160962945480294 0.08516415699827204 -0.009809932556713669 0.09621239800267935 -0.0024940765681506416 0.01872191712431353 0.036658811207122284 0.08430518476886328 -0.008753282480930352 -0.03044998308334273 -0.05659950192438307 -0.004830917874396135 -0.011785503830288747 0.027564717162032605 0.029629629629629627 -0.02232696601339618 0.047257803755751775 -0.0460223537146614
-0.06864427555773475 0.038271049076992344 -0.15419501133786848 -0.12627432808155697 -0.2946723243752946 -0.048514968642764174 -0.17530955007968613 0.11575484342634335 -0.06278026905829596 0.07199224698878581 -0.07722496518546652 -0.06487942220590034 -0.3022370299857211 -0.5959780621572214 -0.8348090058183656 -2.038475767665557 -1.05779427359491 -0.20025839793281652 -0.10552697533306951 -0.020801553182637635 -0.14668367346938777 -0.1747692307692308 -0.593542260208927 -2.814953709129263 -2.2237673830594185 -1.398884946781551 -1.64290473017988 -0.29829727307643067 -0.2090872537193406 -0.021713954834973938 -0.14485322394564798 -0.130812224997027 -0.17001545595054096 -0.41337386018237077 -0.6554934823091247 -0.30425698615826585 -0.35225579189811673 -0.12636567065947085 -0.17993456924754633 0.01861664041243019 -0.1582119537920643 -0.1242093156986774 -0.24607208872458405 0.0012202562538133031 -0.2071772105068442 0.036345406692567986 -0.08155339805825243 0.04300794995438551 0.03504515433346813 0.1426680394175614 -0.06950477845351868 -0.25709632387156817 -0.03631823856542958 -0.04526503871351995 0.10304219823356231 0.40360992730007517 1.1048012390294268 0.6293436293436293 0.3011259492013616 0.162748643761302 0.022899843316861516 -0.022098162363340314 -0.03617691679309138 0.04332651341918402 0.11780753968253968 0.5625232832484789 1.1300505050505052 0.4810314902058021 0.1432225063938619 0.19808837789167474 0.0652591170825336 0.02361832782239017 -0.004720320981826764 0.05801036781041717 -0.00858369098712446 0.08768724881256851 0.0062351914203766096 0.011233150274588117 0.031421838177533384 0.07868483911760572 -0.00750281355508316 -0.03044998308334273 -0.055467511885895396 0.004830917874396133 -0.023571007660577493 0.03235858101629914 0.007407407407407407 -0.024807740014884644 0.033577913194876255 -0.04602235371466141
-0.06741848492277519 0.03939666816749212 -0.13038548752834467 -0.1227988878591288 -0.2876001885902876 -0.05443142823334517 -0.19247272281476033 0.10966248324600951 -0.06021780909673287 0.07337671327703169 -0.06203316875553868 -0.06732770228914188 -0.24155164207520233 -0.5326020719073736 -0.7563875537566405 -2.052040942163029 -1.5058324496288442 -0.3023255813953488 -0.1226751088246933 -0.038829565940923585 -0.1135204081632653 -0.17107692307692307 -0.3620607787274454 -2.1317238954646665 -2.0758533501896337 -1.4014191586416624 -2.2345103264490342 -0.5325822557931122 -0.20104543626859667 -0.053561088592935735 -0.13203435456992693 -0.1201094065881793 -0.16525977886101534 -0.26382978723404255 -0.5661080074487895 -0.2846696265343432 -0.39425552093212296 -0.18691588785046728 -0.20038167938931295 0.008592295574967782 -0.12682069311903565 -0.1242093156986774 -0.2634011090573013 0.004881025015253199 -0.17388087310395856 0.045118435894222333 -0.08802588996763754 0.01824579695034537 0.02830570157703195 0.1264891895867039 -0.04716395680774482 -0.25011633317822246 -0.027238678924072196 -0.044073853484216795 0.11653581943081452 0.40360992730007517 1.1215797625193598 0.6203346203346203 0.31290913851793667 0.15579357351509251 0.03736290225382668 -0.034891835310537335 -0.03267592484537286 0.04453002768082802 0.12648809523809523 0.5587979634918664 1.1300505050505052 0.4686337713860649 0.15601023017902815 0.19116221083252527 0.08061420345489442 0.03306565895134625 0.007080481472740147 0.05924463095531966 -0.002452483139178415 0.10230179028132994 0.011223344556677891 0.034947578632051925 0.03273108143493061 0.09554587607137836 -0.0025009378516943842 -0.03496109168828239 -0.05886348200135838 0.0048309178743961385 -0.020035356511490864 0.022770853307766063 -0.0012345679012345679 -0.04093277102455967 0.03979604526800149 -0.06048652202498356
-0.06619269428781564 0.040522287257991896 -0.108843537414966 -0.10310472659870248 -0.2828854314002829 -0.06508105549639095 -0.22434718646561236 0.10357012306567566 -0.06406149903907751 0.0664543818358023 -0.04684137232561084 -0.04651732158158894 -0.18800571156592097 -0.3887873248019501 -0.688084998735138 -2.0286101862128496 -1.8385471898197245 -0.4082687338501293 -0.14509959108297057 -0.037442795728747744 -0.08418367346938775 -0.17969230769230768 -0.13532763532763534 -1.3289581624282198 -1.9292035398230092 -1.3748099341104916 -2.7901399067288475 -0.9204967353731917 -0.21980967698699905 -0.07672264041690793 -0.11408793744391746 -0.11297419431561422 -0.16169302104387115 -0.1762917933130699 -0.47423960273122284 -0.2703055628101332 -0.3969651808698008 -0.27247597735948403 -0.23037077426390407 0.007160246312473151 -0.11300853842290307 -0.11385853939045429 -0.27610905730129387 0.0170835875533862 -0.1430509310642496 0.060157914525629776 -0.06084142394822005 -0.01954906816108432 0.014826796064159592 0.11325194881600235 -0.023581978403872408 -0.25127966496044674 -0.017024174327545112 -0.057176891006551524 0.12512266928361138 0.3935823514665329 1.1254517294785753 0.6036036036036035 0.31421838177533384 0.14466546112115736 0.03374713751958539 -0.03372877413351942 -0.03384292216127903 0.07221085569864003 0.12648809523809523 0.5575561902396623 1.1262626262626263 0.46119514009422263 0.1547314578005115 0.19254744424435516 0.0780550223928343 0.031884742560226734 0.004720320981826764 0.049370525796099726 -0.02329858982219497 0.0864693703568384 -0.004988153136301284 0.029955067398901646 0.005236973029588898 0.0814950119432345 0.002500937851694386 -0.03496109168828239 -0.05773149196287072 0.010869565217391308 -0.005892751915144373 0.03235858101629914 0.014814814814814814 -0.04589431902753659 0.039796045268001484 -0.052596975673898747
-0.057612159843098795 0.05177847816298964 -0.09523809523809523 -0.06139944392956441 -0.26991984912776995 -0.06389776357827477 -0.2525438273875199 0.09625929084927501 -0.08071748878923768 0.0664543818358023 -0.027851626788201043 -0.04774146162320969 -0.13802950975725845 -0.21450335161486894 -0.5805717176827726 -2.019977802441731 -2.0121951219512195 -0.5335917312661499 -0.15960955019126763 -0.0651781999722646 -0.0625 -0.18830769230769234 -0.06766381766381765 -0.6340091409820697 -1.6434892541087234 -1.3304612265585403 -3.1858760826115926 -1.5337344770195878 -0.25733815842380375 -0.10277938621887665 -0.09229585950519166 -0.09989297181591152 -0.14980382832005706 -0.15197568389057753 -0.37243947858473 -0.2454949072864978 -0.3901910310256062 -0.36593392128471763 -0.26444929116684845 -0.0014320492624946266 -0.1029633350075339 -0.11270845313398506 -0.2969038817005545 -0.004881025015253206 -0.11592058206930571 0.06642436395538287 -0.044012944983818775 -0.045614492375863416 0.0026957811025744736 0.10883953522576847 -0.0012411567580985542 -0.2582596556537925 -0.02156395414822381 -0.0547945205479452 0.12757605495583907 0.37478064677864126 1.1280330407847186 0.5881595881595881 0.3076721654883477 0.12519126443177075 0.03736290225382668 -0.03721795766457315 -0.03267592484537286 0.06498977012877602 0.13516865079365079 0.5389295914566 1.128787878787879 0.43515993057277463 0.14322250639386191 0.1606870757722676 0.07293666026871401 0.031884742560226734 -0.007080481472740147 0.08146136756356455 -0.035561005518087066 0.07063695043234684 -0.013717421124828533 0.029955067398901653 -0.00654621628698612 0.07587466629197695 0.006252344629235964 -0.04623886320063155 -0.05773149196287072 0.010869565217391308 0.005892751915144371 0.01797698945349952 0.023456790123456788 -0.06946167204167701 0.03730879243875139 -0.06837606837606837
-0.05025741603334151 0.0540297163439892 -0.0839002267573696 -0.03359592215013901 -0.251060820367751 -0.07218080700508817 -0.2782885864901312 0.07554526623613989 -0.08840486867392697 0.04014952235913055 -0.017723762501582488 -0.04529318153996817 -0.11542122798667301 -0.024375380865326046 -0.44649633189982285 -1.9854482673572569 -2.1076352067868505 -0.648578811369509 -0.1873103812161984 -0.08736652336707806 -0.06377551020408163 -0.18830769230769234 -0.06528964862298195 -0.26016641275049807 -1.2477876106194692 -1.2392295995945262 -3.4497001998667556 -2.138010498015619 -0.33909663583969973 -0.12883613202084537 -0.07819510319189847 -0.11416339636104174 -0.14385923195815004 -0.16534954407294833 -0.29671011793916824 -0.2259075476625751 -0.39425552093212296 -0.46202448334869023 -0.31352235550708835 -0.04009737934984964 -0.07910597689603213 -0.11730879815986198 -0.31076709796672825 -0.026845637583892624 -0.0986558145270687 0.07645068304298784 -0.023300970873786412 -0.054737390851036107 -0.014826796064159587 0.09413148992498896 0.006205783790492736 -0.26640297812936253 -0.014754284417205766 -0.05360333531864205 0.12634936211972522 0.37478064677864126 1.120289106866288 0.5920205920205921 0.30636292223095046 0.10571706774238421 0.05062070627937809 -0.03372877413351942 -0.03384292216127903 0.06378625586713202 0.14260912698412698 0.5203029926735379 1.1300505050505052 0.40540540540540543 0.13938618925831203 0.12882670730018006 0.08189379398592452 0.018894662257912136 -0.009440641963653528 0.10244384102690696 -0.03678724708767627 0.06211180124223602 -0.018705574261129822 0.012481278082875687 -0.00916470280178057 0.05479837009976114 0.005001875703388771 -0.06653885192286003 -0.06452343219379669 -0.0012077294685990322 0.0 0.0035953978906999003 0.006172839506172839 -0.08558670305135203 0.023628901877875877 -0.08021038790269558
-0.0527089973032606 0.04277352543899145 -0.07029478458049887 -0.012743280815569972 -0.2416313059877416 -0.06508105549639097 -0.3199705774181684 0.03168027293773608 -0.11531069827033953 0.02215146061193409 -0.005063932143309286 -0.047741461623209684 -0.09638267491670631 0.08775137111517368 -0.2276751834050088 -1.9065236157356023 -2.1394485683987274 -0.7441860465116278 -0.20577760189948555 -0.10678130633753986 -0.08545918367346939 -0.18461538461538463 -0.08903133903133902 -0.1394585726004922 -0.7711757269279393 -1.0947795235681705 -3.572285143237842 -2.8754320829599282 -0.4637448063262298 -0.13462651997683844 -0.08075887706704268 -0.12724461886074442 -0.1581262632267269 -0.17507598784194528 -0.2644320297951583 -0.19065030033951422 -0.4186424603712234 -0.5554824272739239 -0.3966739367502726 -0.07876270943720463 -0.0728277247614264 -0.12305922944220812 -0.31307763401109057 -0.051250762660158634 -0.08755703539277346 0.09149016167439528 -0.015533980582524287 -0.06516356053694775 -0.04852405984634048 0.08530666274452124 0.01489388109718257 -0.26756630991158675 -0.012484394506866418 -0.03692674210839786 0.12757605495583907 0.39483579844572575 1.1189984512132163 0.61003861003861 0.30243519245875883 0.1001530115454166 0.039773412076654205 -0.03023959060246569 -0.04084490605671608 0.06378625586713203 0.13392857142857145 0.5227865391779462 1.1136363636363638 0.3979667741135631 0.12787723785166244 0.11913007341737081 0.09468969929622521 0.021256495040151153 -0.004720320981826764 0.11355220933102936 -0.02575107296137339 0.060893922786505905 -0.01995261254520514 -0.0037443834248627066 -0.0026184865147944494 0.04215259238443164 0.0012504689258471923 -0.06315552046915528 -0.0815032827711116 0.0024154589371980658 -0.012964054213317621 0.016778523489932883 -0.0037037037037037034 -0.09302902505581742 -0.0024872528292501027 -0.08152531229454305
-0.04412846285854376 0.056280954524988755 -0.05555555555555556 0.008109360518999072 -0.20391324846770392 -0.049698260560880364 -0.33713375015324265 -0.012184720360667717 -0.13324791800128125 0.008306797729475285 -0.0012659830358273199 -0.024482800832415226 -0.09757258448357924 0.14015843997562463 0.14925373134328357 -1.6944136145024047 -2.1686108165429476 -0.7997416020671834 -0.24271204326605988 -0.08736652336707806 -0.07142857142857142 -0.15753846153846154 -0.10327635327635327 -0.10078518692136414 -0.2718078381795196 -0.835022807906741 -3.5443037974683547 -3.6883881705287416 -0.5991154000804182 -0.12304574406485236 -0.06537623381617742 -0.1117849922701867 -0.16882653667815956 -0.17142857142857143 -0.22346368715083798 -0.1331940454426743 -0.43219076005961243 -0.6305120442279847 -0.4839149400218103 -0.10310754689961335 -0.046459065796082374 -0.10925819436457736 -0.324630314232902 -0.053691275167785234 -0.07522505857688988 0.12031582905125955 -0.007766990291262138 -0.05604066206177505 -0.0835692141798086 0.08089424915428739 0.03475238922675934 -0.26058631921824105 -0.020429009193054137 -0.0273972602739726 0.12634936211972522 0.4098771621960391 1.1254517294785749 0.6332046332046333 0.303744435716156 0.11267213798859368 0.04218392189948174 -0.013956734124214937 -0.05134788189987163 0.07100734143699602 0.13268849206349206 0.5265118589345585 1.1035353535353534 0.3868088271757997 0.11253196930946292 0.11358913977005125 0.09852847088931542 0.031884742560226734 -0.0035402407363700735 0.11848926191063933 -0.026977314530962592 0.0742905857995372 -0.03741114852225963 0.007488766849725411 -0.01178318931657502 0.047772938035689196 0.0025009378516943855 -0.05187774895680612 -0.09735114330993885 0.016908212560386472 -0.020035356511490864 0.04434324065196549 -0.01604938271604938 -0.09054825105432897 -0.02362890187787588 -0.0670611439842209
-0.05516057857317971 0.057406573615488524 -0.05668934240362812 0.009267840593141799 -0.2050919377652051 -0.02129925452609159 -0.3346818683339463 -0.05970512976727184 -0.14093529788597053 -0.0027689325764917636 0.00759589821496392 -0.022034520749173704 -0.0809138505473584 0.15356489945155394 0.19352390589425753 -1.0519176223948699 -2.0068928950159064 -0.8074935400516795 -0.20973486347447565 -0.08043267230619885 -0.0701530612244898 -0.15753846153846154 -0.105650522317189 -0.10078518692136411 -0.24778761061946902 -0.4384186517992904 -3.3297801465689547 -4.167200102419665 -0.8725371934057098 -0.13896931094383325 -0.06537623381617742 -0.11059579022475918 -0.16882653667815958 -0.17142857142857143 -0.22222222222222224 -0.09793679811961348 -0.37935239127489495 -0.7252862972225879 -0.7047437295528899 -0.12315623657453816 -0.04018081366147665 -0.09890741805635422 -0.316543438077634 -0.053691275167785234 -0.06905907016894808 0.13410201779671635 0.03365695792880259 -0.037794865111429696 -0.10513546300040437 0.058832181203118096 0.03351123246866079 -0.264076314564914 -0.02383384405856316 -0.028588445503275762 0.11776251226692838 0.41614439709200307 1.1112545172947859 0.658944658944659 0.2762503273108144 0.12380025038252887 0.02410509822827528 -0.010467550593161202 -0.0571828684794025 0.07221085569864003 0.1202876984126984 0.5277536321867627 1.1047979797979797 0.4004463178775105 0.11125319693094629 0.11774484000554093 0.08701215611004479 0.0271610769957487 -0.009440641963653528 0.12466057763515181 -0.03188228080931943 0.0864693703568384 -0.042399301658560914 0.003744383424862707 -0.013092432573972242 0.05058311086131797 -0.0037514067775415777 -0.04623886320063156 -0.10187910346388951 0.022946859903381644 -0.027106658809664112 0.05992329817833173 -0.020987654320987655 -0.05581741503349047 -0.03357791319487626 -0.0591715976331361
-0.049031625398381955 0.06641152633948673 -0.049886621315192746 0.011584800741427245 -0.19801980198019803 0.008283043426813394 -0.32732622287605734 -0.07432679420007311 -0.15374759769378604 0.013844662882458813 0.029117609824028355 -0.01346554045782837 -0.07734412184673964 0.14015843997562463 0.18466987098406273 -0.41188802565051164 -1.7523860021208904 -0.7997416020671835 -0.20313942751615882 -0.07765913188184718 -0.058673469387755105 -0.1526153846153846 -0.09140550807217473 -0.09375366225243173 -0.22882427307206066 -0.13938165230613278 -2.980679546968687 -4.416848034822687 -1.1513201983648305 -0.13462651997683844 -0.056403025253172666 -0.10583898204304912 -0.17358221376768518 -0.17872340425531913 -0.22222222222222224 -0.09793679811961349 -0.3278688524590163 -0.812162695800974 -1.0591603053435112 -0.14606902477445224 -0.022601707684580613 -0.0816561242093157 -0.308456561922366 -0.05613178767541184 -0.061659884079417936 0.12282240882316078 0.06601941747572816 -0.013032712107389535 -0.1401806173338725 0.048536549492572426 0.048405113565843365 -0.24662633783154955 -0.02610373396890251 -0.010720667063728408 0.11040235525024533 0.4575081474053647 1.1060918946824987 0.6936936936936937 0.26315789473684215 0.148838503268883 0.03254188260817163 0.0034891835310537286 -0.06301785505893337 0.07822842700686004 0.11780753968253968 0.5401713647088042 1.1111111111111112 0.42028266798909 0.11125319693094629 0.1232857736528605 0.09724888035828536 0.029522909777987716 -0.0059004012272834555 0.12342631449024935 -0.0269773145309626 0.10230179028132994 -0.05736376106746477 0.0024962556165751375 -0.024875621890547265 0.05339328368694675 0.007502813555083157 -0.043983308898161724 -0.10187910346388951 0.025362318840579712 -0.02828520919269299 0.062320230105465016 -0.01111111111111111 -0.028528901017117338 -0.038552418853376444 -0.0460223537146614
-0.04290267222358421 0.05965781179648807 -0.04308390022675737 0.008109360518999072 -0.19094766619519093 0.011832919181161994 -0.3199705774181684 -0.1096624832460095 -0.16655989750160155 -0.0013844662882458781 0.04304342321812888 -0.004896560166483044 -0.08805330794859591 0.14990859232175505 0.1555780419934227 -0.029596744358120618 -1.497879109225875 -0.7726098191214471 -0.19654399155784197 -0.06517819997226461 -0.056122448979591844 -0.1513846153846154 -0.09021842355175688 -0.10547287003398571 -0.2199747155499368 0.0012671059300557684 -2.4623584277148565 -4.511586224555115 -1.4247419916901218 -0.16502605674580198 -0.05383925137802846 -0.10821738613390415 -0.16407085958863396 -0.18480243161094223 -0.2259466170080695 -0.12927657351788976 -0.2763853136431377 -0.9122021850730553 -1.4053980370774264 -0.20478304453673207 -0.016323455549974886 -0.07245543415756182 -0.31538817005545283 -0.04514948139109213 -0.06659267480577137 0.10778293019175336 0.0802588996763754 0.00521308484295582 -0.1779215527699151 0.03235769966171496 0.04964627032394191 -0.23731968357375527 -0.018159119282714787 -0.0047647409172126304 0.10549558390578999 0.4700426171972925 1.1189984512132163 0.6936936936936936 0.2697041110238283 0.1502295173181249 0.026515608051102806 0.0 -0.06535184969074571 0.08785654110001204 0.10912698412698414 0.5389295914566 1.119949494949495 0.4302008430448797 0.11381074168797953 0.12605624047652028 0.09596928982725528 0.03778932451582428 -0.024781685154590512 0.13823747222907928 -0.04169221336603311 0.11935208866155159 -0.07606933532859458 2.7755575615628915e-18 -0.04189578423671118 0.05339328368694675 0.013755158184319119 -0.04511108604939664 -0.10301109350237718 0.025362318840579712 -0.029463759575721865 0.06112176414189837 0.009876543209876543 -0.014884644008930775 -0.027359781121751026 -0.04076265614727153
-0.04167688158862466 0.061909049977487626 -0.027210884353741492 0.016218721037998145 -0.18151815181518152 0.01538279493551059 -0.29545175922520533 -0.13890581211161204 -0.1601537475976938 -0.004153398864737644 0.0569692366122294 -0.0036724201248622807 -0.07972394098048549 0.14868982327848873 0.14292942069314446 0.06412627944259465 -1.1015376458112407 -0.727390180878553 -0.15829046299960428 -0.055470808487033695 -0.058673469387755105 -0.13415384615384615 -0.07359924026590695 -0.09844134536505333 -0.20733249051833122 0.05701976685250887 -1.942704863424383 -4.447573934195366 -1.6472322744940358 -0.16792125072379852 -0.056403025253172666 -0.10346057795219406 -0.14148139341338722 -0.17507598784194528 -0.21725636250775918 -0.14494646121702792 -0.21135347513887007 -0.9964459655127025 -1.8347873500545255 -0.2649291135615065 -0.016323455549974886 -0.06785508913168489 -0.300369685767098 -0.039048200122025624 -0.059193488716241215 0.09149016167439528 0.09838187702265372 0.005213084842955821 -0.21566248820595768 -0.010295631710545674 0.039717016259153526 -0.23382968822708236 -0.007944614686187717 0.0011911852293031559 0.11285574092247301 0.4763098520932564 1.1293236964377904 0.7091377091377091 0.2710133542812255 0.1571845875643344 0.019284078582620223 0.005815305885089556 -0.05484887384759015 0.10470574076302805 0.10788690476190477 0.5414131379610083 1.1174242424242424 0.4264815273989586 0.10358056265984654 0.12744147388835017 0.10492642354446576 0.03660840812470477 -0.005900401227283453 0.14440878795359172 -0.03188228080931944 0.12300572402874195 -0.07232822047636861 0.0012481278082875674 -0.03142183817753338 0.04917802444850358 0.017506564961860697 -0.04623886320063156 -0.09055920307901291 0.03260869565217391 -0.02357100766057749 0.050335570469798654 0.012345679012345678 -0.0024807740014884646 -0.02860340753637607 -0.036817882971729124
-0.03677371904878647 0.06416028815848715 -0.015873015873015872 0.016218721037998145 -0.16737388024516736 0.01656608685362679 -0.2697070001225941 -0.15961983672474717 -0.17168481742472777 -0.011075730305967047 0.059501202683884036 0.019586240665932182 -0.08448357924797716 0.17184643510054845 0.11130786744244876 0.10482180293501049 -0.6614528101802757 -0.6304909560723515 -0.15037593984962405 -0.027735404243516847 -0.058673469387755105 -0.11692307692307694 -0.07003798670465337 -0.08789405836165474 -0.213653603034134 0.08489609731373543 -1.3124583610926046 -4.245295096658558 -1.79466559442434 -0.16213086276780544 -0.05383925137802846 -0.11178499227018668 -0.12008084651052194 -0.17993920972644378 -0.19739292364990688 -0.14364063724209974 -0.15851510635415256 -1.0754245096748718 -2.418211559432933 -0.33366747816124875 -0.018834756403817175 -0.05405405405405406 -0.28997227356746763 -0.010982306284319706 -0.06905907016894809 0.11530266950745709 0.10744336569579287 0.026065424214779094 -0.2709260008087343 -0.023532872481247247 0.03227007571056224 -0.22568636575151232 -0.014754284417205766 0.005955926146515783 0.09813542688910695 0.48759087490599146 1.120289106866288 0.7129987129987131 0.2474469756480754 0.1544025594658506 0.020489333494033986 0.006978367062107467 -0.038510911424903725 0.10229871223974005 0.11904761904761904 0.5339624984477834 1.130050505050505 0.4202826679890901 0.10485933503836317 0.11774484000554093 0.10108765195137556 0.041332073689182805 -0.00826056171819684 0.14440878795359172 -0.0404659717964439 0.12665935939593229 -0.08105748846489587 -0.0037443834248627053 -0.03796805446451951 0.04917802444850358 0.018757033887707893 -0.0428555317469268 -0.07357935250169799 0.04830917874396135 -0.02710665880966411 0.055129434324065196 0.0049382716049382715 0.012403870007442318 -0.04725780375575177 -0.03550295857988166
-0.01961265015935278 0.06753714542998648 -0.0022675736961451226 0.025486561631139947 -0.14615747289014616 0.026032422198556383 -0.20840995464018636 -0.17667844522968199 -0.14862267777065985 -0.009691264017721165 0.06583111786302064 0.009793120332966091 -0.07972394098048548 0.15478366849482023 0.10498355679230967 0.11222098902454063 -0.32476139978791096 -0.53359173126615 -0.12399419601635668 -0.022188323394813483 -0.056122448979591844 -0.09969230769230769 -0.06291547958214624 -0.07031524668932379 -0.20101137800252844 0.1039026862645717 -0.6875416389073951 -3.8817052874151834 -1.8027074118750837 -0.15778807180081067 -0.038456608127163186 -0.11416339636104174 -0.09868029960765663 -0.17750759878419453 -0.17380509000620734 -0.12013580569339255 -0.13006367700853544 -1.1162300908253258 -3.0670665212649943 -0.3852212516110554 -0.01255650426921145 -0.03565267395054629 -0.2830406654343808 0.0073215375228798075 -0.06412627944259465 0.13159543802481516 0.08025889967637542 0.05734393327251401 -0.3288852945140855 -0.048536549492572446 0.044681643291547724 -0.2105630525825966 -0.006809669731018044 0.0357355568790947 0.10304219823356231 0.5126598144898471 1.1435209086215798 0.7323037323037324 0.25399319193506154 0.16413965781054388 0.032541882608171625 0.008141428239125382 -0.02684093826584199 0.08665302683836804 0.12524801587301587 0.5352042716999875 1.1477272727272727 0.42028266798909 0.12020460358056266 0.11220390635822138 0.10748560460652593 0.04369390647142182 -0.002360160490913385 0.1530486299679092 -0.02575107296137339 0.13762026549750334 -0.07108118219229331 -0.0012481278082875683 -0.011783189316575016 0.059013629338204296 0.021257971739402276 -0.045111086049396634 -0.06905139234774735 0.05555555555555556 -0.025928108426635232 0.05992329817833173 0.0037037037037037034 0.03349044902009427 -0.031090660365626167 -0.02366863905325444
-0.02206423142927188 0.06753714542998648 0.014739229024943313 0.020852641334569048 -0.14262140499764261 0.03313217370725358 -0.18266519553757504 -0.18642622151821617 -0.16143497757847536 -0.00415339886473764 0.06836308393467527 0.01836210062431142 -0.06068538791051879 0.15234613040828762 0.10877814318239314 0.12085337279565914 -0.12460233297985153 -0.4302325581395349 -0.110803324099723 -0.006933851060879214 -0.05739795918367348 -0.09107692307692308 -0.056980056980056995 -0.06328372202039141 -0.2048040455120101 0.10897110998479473 -0.22651565622918052 -3.277429266419152 -1.778581959522852 -0.15489287782281416 -0.02820151262658634 -0.1260554168153169 -0.08084651052193556 -0.18601823708206686 -0.15518311607697083 -0.11230086184382344 -0.10974122747595176 -1.149137817559563 -3.7881679389312977 -0.4482314191608191 0.0025113008538422887 -0.012650948821161584 -0.2449168207024029 0.029286150091519213 -0.05549389567147615 0.14538162677027197 0.06343042071197412 0.0690733741691646 -0.45154333468122393 -0.07942344462420944 0.049646270323941914 -0.20474639367147512 0.030643513789581207 0.044073853484216795 0.1263493621197252 0.5226873903233893 1.1667527103768716 0.7335907335907337 0.25923016496465046 0.16413965781054388 0.031336627696757866 0.0034891835310537343 -0.0175049597385926 0.08424599831508003 0.12524801587301587 0.5414131379610082 1.1527777777777777 0.4240019836350112 0.12915601023017903 0.11913007341737085 0.11772232885476648 0.04723665564478035 0.028321925890960588 0.15058010367810418 -0.018393623543838132 0.1412739008646937 -0.07731637361266992 -0.009985022466300548 -0.02356637863315003 0.06603906140227625 0.02375890959109666 -0.053005526108041046 -0.05999547203984605 0.061594202898550734 -0.01060695344725987 0.05992329817833173 0.027160493827160494 0.038451997023071206 -0.007461758487750272 -0.005259697567389876
-0.017161068889433684 0.06078343088698783 0.017006802721088437 0.026645041705282667 -0.13672795851013672 0.04614838480653178 -0.1544685546156675 -0.18033386133788232 -0.1627162075592569 0.01246019659421293 0.08988479554373971 0.0159138205410699 -0.03688719657306043 0.15112736136502133 0.1214267644826714 0.11962017511407079 -0.0026511134676564323 -0.3449612403100776 -0.08310249307479224 -0.0027735404243516846 -0.024234693877551023 -0.07630769230769231 -0.011870845204178535 -0.05390835579514823 -0.16940581542351452 0.12164216928535225 0.11858760826115924 -2.650108820893612 -1.676718938480097 -0.137521713954835 -0.0205101910011537 -0.12962302295159944 -0.07252407561526572 -0.18723404255319148 -0.14276846679081318 -0.10838338991903891 -0.10567673756943503 -1.1662498354613664 -4.4356597600872405 -0.49835314334813113 0.00878955298844802 -0.006900517538815411 -0.21372458410351197 0.02928615009151922 -0.048094709581945984 0.14663491665622258 0.0517799352750809 0.04170467874364655 -0.7076425394257987 -0.13090160317693778 0.055852054114434654 -0.19311307584923224 0.04312790829644762 0.05598570577724836 0.14106967615309127 0.5289546252193533 1.1770779556014457 0.7284427284427284 0.24482848913328095 0.1557935735150925 0.02410509822827528 -0.0046522447080716445 -0.021005951686311124 0.07822842700686003 0.12400793650793648 0.5438966844654165 1.1401515151515151 0.42896107116290605 0.1125319693094629 0.11635960659371106 0.11900191938579655 0.050779404818138876 0.02714184564550389 0.13823747222907926 -0.02575107296137339 0.1351845085860431 -0.08604564160119715 -0.01872191712431353 -0.03927729772191674 0.06322888857664746 0.02876078529448543 -0.04849441750310137 -0.041883631424043465 0.061594202898550734 0.010606953447259874 0.05393096836049856 0.04814814814814815 0.035971223021582746 0.016167143390125607 -0.015779092702169626
-0.019612650159352783 0.06528590724898695 0.007936507936507938 0.022011121408711774 -0.13083451202263083 0.05206484439711277 -0.1176903273262229 -0.15352747654441332 -0.14990390775144138 0.0221514606119341 0.07595898214963918 0.023258660790794465 -0.04640647310804378 0.1413772090188909 0.11257272957247659 0.11838697743248242 0.035790031813361614 -0.2648578811369509 -0.09497427779976256 0.008320621273055055 -0.010204081632653062 -0.07261538461538461 0.015432098765432107 -0.046876831126215865 -0.1504424778761062 0.12417638114546377 0.3037974683544304 -1.8742798617334533 -1.5467095563597373 -0.12304574406485236 -0.019228304063581593 -0.130812224997027 -0.06420164070859588 -0.1835866261398176 -0.12414649286157668 -0.09532515016975711 -0.07451564828614009 -1.1438725812820851 -4.837786259541984 -0.529858227123013 0.006278252134605727 0.001150086256469235 -0.22181146025878004 0.02806589383770592 -0.056727093353064494 0.1541546559719263 0.029773462783171528 0.019549068161084322 -1.1187491575684054 -0.18237976172966613 0.052128583840139006 -0.19543973941368079 0.049937578027465665 0.052412150089338895 0.14965652600588814 0.5189270493858109 1.1964377903975223 0.6962676962676962 0.23697302958889757 0.12658227848101267 0.021694588405447753 -0.0104675505931612 -0.03267592484537286 0.06860031291370802 0.12524801587301587 0.5376878182043958 1.1452020202020203 0.42896107116290605 0.10741687979539641 0.11635960659371106 0.10876519513755598 0.0401511572980633 0.012980882700023602 0.1258948407800543 -0.0404659717964439 0.13274875167458286 -0.08604564160119717 -0.01872191712431353 -0.04975124378109452 0.06603906140227625 0.023758909591096663 -0.053005526108041046 -0.036223681231605166 0.04830917874396135 0.021213906894519737 0.039549376797698946 0.059259259259259255 0.031009675018605815 0.027359781121751026 -0.028928336620644313
-0.014709487619514586 0.05853219270598829 0.020408163265306124 0.003475440222428175 -0.1166902404526167 0.04614838480653177 -0.08826774549466716 -0.12672109175094431 -0.13196668802049968 0.027689325764917627 0.09241676161539435 0.0159138205410699 -0.028557829604950024 0.11456429006703231 0.12016190235264354 0.10112220989024538 0.06760339342523859 -0.20025839793281652 -0.10420788814140616 0.0013867702121758418 0.014030612244897961 -0.0713846153846154 0.04510921177587844 -0.08320637524903315 -0.12515802781289506 0.0988342625443487 0.351765489673551 -1.024196645755985 -1.4006165393378904 -0.12449334105385061 -0.0038456608127163173 -0.1189202045427518 -0.04042325526096778 -0.17872340425531913 -0.09931719428926135 -0.0835727343954035 -0.0514835388158786 -1.1201790180334341 -5.0095419847328255 -0.5456107690104539 0.015067805123053743 0.005750431282346175 -0.19408502772643255 0.025625381330079317 -0.04562831421876926 0.1416217571124201 0.014239482200647252 -0.043007949954385505 -1.722604124545087 -0.25591998823356377 0.048405113565843365 -0.18729641693811075 0.06469186244467144 0.04645622394282311 0.15701668302257116 0.5151667084482325 1.191275167785235 0.6743886743886744 0.2003142183817753 0.1043260536931423 0.021694588405447753 -0.01163061177017911 -0.018671957054498773 0.05536165603562403 0.13020833333333331 0.5376878182043958 1.1388888888888888 0.4227622117530375 0.09207161125319692 0.10943343953456157 0.10620601407549583 0.030703826169107228 0.017701203681850367 0.11725499876573686 -0.03801348865726548 0.1290951163073925 -0.09602194787379972 -0.02621068397403894 -0.05760670332547787 0.05901362933820431 0.037514067775415785 -0.06315552046915529 -0.013583880461851935 0.020531400966183576 0.04242781378903948 0.026366251198465963 0.05679012345679012 0.032250062019350045 0.028603407536376073 -0.03550295857988166
0.002451581269919098 0.05628095452498875 0.036281179138322 0.010426320667284522 -0.10490334747760491 0.05324813631522897 -0.06865269094029668 -0.08163762641647374 -0.13837283792440744 0.03876505607088468 0.10760855804532218 0.01713796058269066 -0.016658733936220842 0.11090798293723339 0.12522135087275488 0.10235540757183374 0.0848356309650053 -0.17700258397932817 -0.08705975464978236 -0.0013867702121758431 0.02678571428571429 -0.060307692307692305 0.06528964862298196 -0.07148716746747918 -0.11125158027812894 0.10643689812468322 0.36908727514990003 -0.48265266931250794 -1.1151320198364831 -0.09554140127388534 0.003845660812716321 -0.1046497799976216 -0.03210082035429794 -0.16048632218844983 -0.10055865921787713 -0.06920867067119353 -0.04470938897168405 -1.0030275108595499 -4.790076335877862 -0.5198338822855506 0.03264691109994977 2.7755575615628915e-18 -0.18368761552680224 0.023184868822452714 -0.035762732766062386 0.13159543802481513 0.011650485436893206 -0.13945001954906816 -2.255020892303545 -0.30739814678629207 0.055852054114434654 -0.1768264308980921 0.07604131199636818 0.06075044669446099 0.1594700686947988 0.5264477312609677 1.191275167785235 0.6409266409266409 -0.08641005498821681 0.06955070246209488 0.03495239243099916 -0.022098162363340314 -0.01050297584315556 0.05656517029726803 0.1351686507936508 0.5438966844654166 1.1414141414141414 0.4128440366972477 0.0843989769820972 0.11081867294639144 0.11900191938579652 0.025980160604629193 0.024781685154590512 0.10861515675141938 -0.029429797670141016 0.12665935939593226 -0.08355156503304649 -0.034947578632051925 -0.08771929824561403 0.03934241955880287 0.048768288108040514 -0.05864441186421563 -1.0408340855860842e-18 0.03019323671497584 0.04478491455509723 0.033557046979865765 0.06049382716049382 0.00868270900520963 0.03979604526800149 -0.03155818540433925
0.004903162539838196 0.05177847816298964 0.04421768707482993 0.009267840593141797 -0.08722300801508723 0.05679801206957756 -0.05271545911487067 -0.0487388814426709 -0.12812299807815503 0.026304859476671737 0.10507659197366755 0.00856898029134533 -0.005949547834364588 0.11334552102376598 0.13786997217303315 0.09618941916389197 0.11002120890774125 -0.13824289405684756 -0.060678010816514985 0.004160310636527527 0.028061224489795915 -0.05415384615384615 0.07834757834757836 -0.0644556427985468 -0.10619469026548674 0.10010136847440446 0.38241172551632246 -0.15106900524900785 -0.8269668945181611 -0.0781702374059062 0.006409434687860534 -0.09275775954334642 -0.014267031268576865 -0.14224924012158052 -0.0782122905027933 -0.05223295899712719 -0.018967619563744757 -0.8490193497433196 -4.420665212649945 -0.4697121580982385 0.04269211451531894 -0.004600345025876938 -0.158271719038817 0.03660768761439902 -0.01849796522382538 0.13410201779671635 0.01941747572815534 -0.20200703766453798 -2.5219032214584174 -0.33387262832769526 0.04964627032394191 -0.18845974872033505 0.08512087163772557 0.05598570577724836 0.172963689892051 0.5101529205314616 1.1899845121321633 0.5701415701415702 -0.5957056821157372 0.00139101404924189 0.03736290225382668 -0.03256571295650151 -0.0035009919477185223 0.05776868455891203 0.14508928571428573 0.5414131379610084 1.1426767676767675 0.4016860897594842 0.0792838874680307 0.09973680565175233 0.11388355726167627 0.018894662257912143 0.03540240736370073 0.1061466304616144 -0.017167381974248924 0.11813421020582146 -0.06983414390821799 -0.03744383424862706 -0.10343021733438071 0.02107629619221582 0.04376641240465175 -0.0631555204691553 0.0022639800769753203 0.03140096618357488 0.0506776664702416 0.0347555129434324 0.06790123456790123 -0.0037211610022326925 0.04725780375575177 -0.03418803418803419
0.007354743809757295 0.06303466906798738 0.052154195011337875 0.008109360518999072 -0.06954266855256955 0.07099751508697195 -0.036778227289444645 -0.0036554161082003158 -0.11787315823190263 0.03738058978263879 0.10254462590201292 0.011017260374586852 0.004759638267491671 0.10847044485070079 0.1505185934733114 0.09125662843753854 0.1352067868504772 -0.11111111111111108 -0.0342962669832476 0.0013867702121758418 0.029336734693877552 -0.0356923076923077 0.09140550807217475 -0.04922067268252667 -0.1011378002528445 0.1039026862645717 0.39573617588274485 0.04224811163743443 -0.5388017691998391 -0.03184713375796179 0.008973208563004747 -0.06897371863479607 0.0035667578171442145 -0.12401215805471126 -0.05586592178770951 -0.027422303473491783 0.006774149844194552 -0.6989601158351981 -4.051254089422029 -0.3895173993985393 0.0527373179306881 0.0034502587694077076 -0.13285582255083178 0.050030506406345335 -0.0012331976815883577 0.13911517734051887 0.027184466019417475 -0.25153134367261826 -2.78878555061329 -0.33681423738785116 0.04344048653344917 -0.18845974872033505 0.09420043127908295 0.048838594401429423 0.18645731108930322 0.4951115567811482 1.1886938564790916 0.4491634491634492 -1.1050013092432573 -0.06676867436361107 0.03977341207665421 -0.009304489416143289 0.0035009919477185193 0.06137922734384403 0.15500992063492064 0.5550726437352539 1.1439393939393938 0.3905281428217208 0.0741687979539642 0.09281063859260286 0.10876519513755598 0.018894662257912146 0.04602312957281095 0.10614663046161443 -0.004904966278356832 0.10960906101571062 -0.05611672278338945 -0.04118821767348976 -0.11914113642314743 0.019671209779401434 0.03876453670126297 -0.05413330325927597 0.004527960153950643 0.035024154589371984 0.05657041838538598 0.037152444870565675 0.07530864197530865 -0.01240387000744232 0.05471956224350205 -0.034188034188034185
0.007354743809757293 0.07203962179198559 0.04081632653061225 0.012743280815569974 -0.057755775577557754 0.08046385043190155 -0.011033468186833397 0.021932496649201903 -0.114029468289558 0.04291845493562232 0.09874667679453095 0.006120700208103809 -0.00475963826749167 0.10481413772090191 0.15178345560333922 0.08879023307436182 0.14846235418875925 -0.08914728682170543 -0.04221079013322782 -0.002773540424351685 0.03188775510204082 -0.032 0.09615384615384617 -0.05859603890776984 -0.09608091024020227 0.10010136847440446 0.42105263157894746 0.12290359749071822 -0.2868248224098647 -0.00868558193398958 0.01794641712600949 -0.040432869544535635 0.00951135417905124 -0.1130699088145897 -0.04593420235878337 0.007834943849569082 0.02167727950142257 -0.5383704093721208 -3.6041439476553983 -0.29070600028640986 0.0665494726268207 0.002300172512938474 -0.1224584103512015 0.06467358145210494 0.012331976815883586 0.14663491665622255 0.037540453074433655 -0.28411312394109217 -2.857527968728939 -0.3279894102073834 0.04840511356584336 -0.19078641228478363 0.08512087163772557 0.038117927337701016 0.1852306182531894 0.48383053396841325 1.1861125451729477 0.3243243243243243 -1.7439120188531028 -0.13075532062873835 0.05062070627937808 -0.0034891835310537312 0.0046679892636246915 0.04453002768082802 0.17113095238095238 0.5538308704830498 1.1704545454545454 0.3793701958839574 0.07161125319693094 0.07895830447430394 0.10364683301343572 0.015351913084553612 0.02714184564550389 0.09627252530239447 -0.0073574494175352514 0.1010839118255998 -0.05112856964708817 -0.05117324013979031 -0.13616129876931132 0.01405086412814388 0.04126547455295736 -0.05300552610804106 0.003395970115462982 0.02415458937198068 0.06717737183264585 0.03715244487056568 0.09753086419753085 -0.018605805011163483 0.06466857356050242 -0.03813280736357659
0.008580534444716844 0.06978838361098604 0.026077097505668934 0.005792400370713625 -0.060113154172560114 0.08283043426813394 -0.004903763638592622 0.04020957719020348 -0.10762331838565024 0.04568738751211408 0.10507659197366756 0.009793120332966093 0.003569728700618753 0.09262644728823888 0.16316721477358967 0.065359477124183 0.1670201484623542 -0.09043927648578812 -0.038253528558237715 -0.01664124254611011 0.03443877551020409 -0.024615384615384615 0.105650522317189 -0.06679948435485761 -0.07838179519595448 0.09630005068423719 0.4463690872751499 0.18435539623607736 -0.11392574721887147 0.02026635784597568 0.021792077938725805 -0.01783803068141278 -0.001188919272381407 -0.09240121580547113 -0.05462445685909373 0.02872812744841995 0.029806259314456036 -0.3830459391865212 -3.015267175572519 -0.20764714306172136 0.07533902561526871 0.019551466359977 -0.11668207024029575 0.06955460646735814 0.022197558268590455 0.13660859756861762 0.036245954692556634 -0.29844910725922064 -2.8278743766006196 -0.310339755846448 0.052128583840139 -0.18962308050255933 0.09533537623425263 0.04169148302561048 0.1987242394504416 0.47756329907244927 1.1615900877645844 0.14028314028314023 -2.335689971196648 -0.18083182640144668 0.04821019645655056 0.012793672947197021 -0.004667989263624692 0.040919484895896016 0.15625 0.5600397367440705 1.1590909090909092 0.37193156459211507 0.026854219948849112 0.07203213741515446 0.09724888035828536 0.015351913084553612 0.012980882700023599 0.0913354727227845 -0.012262415695892093 0.09012300572402873 -0.04738745479486219 -0.06989515726410385 -0.12830583922492797 -0.002810172825628776 0.04376641240465174 -0.04623886320063155 -0.011319900384876614 0.01932367149758454 0.07778432527990572 0.03355704697986578 0.11975308641975309 -0.023567353014140414 0.08456659619450316 -0.0381328073635766
0.0024515812699190996 0.06978838361098604 0.022675736961451247 0.00695088044485635 -0.057755775577557754 0.08283043426813394 -0.017163172735074166 0.05604971365907152 -0.13581037796284437 0.0443029212238682 0.10381060893784025 0.01713796058269066 0.009519276534983346 0.09750152346130407 0.16190235264356184 0.051794302626711065 0.16569459172852596 -0.08139534883720931 -0.06067801081651499 -0.020801553182637635 0.04591836734693878 -0.018461538461538463 0.11870845204178537 -0.06679948435485761 -0.07711757269279393 0.10010136847440446 0.4503664223850766 0.2509281782102164 -0.05227181342983513 0.05500868558193399 0.00384566081271632 -0.0011892020454275232 -0.010700273451432651 -0.08024316109422493 -0.06828057107386716 0.035257247323060854 0.0257417694079393 -0.2408845596946163 -2.3514176663031625 -0.14034082772447373 0.08412857860371672 0.019551466359976996 -0.1005083179297597 0.07443563148261136 0.03206313972129733 0.12407569870911139 0.04142394822006472 -0.31278509057734916 -2.765871411241407 -0.29416090601559053 0.04840511356584336 -0.20009306654257797 0.08625581659289525 0.025014889815366297 0.19504416094210011 0.4474805715718225 1.0996386164171397 -0.1840411840411841 -2.8633150039277298 -0.24620948671581583 0.038568157165240445 0.009304489416143286 -0.003500991947718519 0.040919484895896016 0.15252976190476192 0.5538308704830498 1.1363636363636362 0.32606000495908755 -0.06905370843989769 0.049868402825876165 0.0959692898272553 0.0035427491733585254 0.014160962945480294 0.08763268328807702 -0.0134886572654813 0.08525149190110828 -0.038658186806334954 -0.07863205192211684 -0.12961508248232517 -0.008430518476886329 0.058772039514818054 -0.05074997180557121 -0.00905592030790129 0.012077294685990338 0.08956982911019447 0.02277085330776606 0.13209876543209875 -0.02976928801786156 0.05969406790200223 -0.05128205128205128
0.007354743809757293 0.05965781179648806 0.017006802721088433 0.001158480074142726 -0.04832626119754833 0.07454739084132056 0.001225940909648153 0.06823443401973925 -0.11659192825112111 0.045687387512114076 0.0886188125079124 0.0159138205410699 -0.003569728700618753 0.09384521633150518 0.15304831773336705 0.04686151190035762 0.16436903499469774 -0.07105943152454781 -0.061997098008178354 -0.01664124254611011 0.04846938775510205 -0.022153846153846152 0.12464387464387465 -0.07383100902379 -0.07332490518331226 0.09756715661429295 0.4650233177881412 0.26885161951094616 -0.0120627261761158 0.06803705848291837 0.001281886937572109 0.0130812224997027 -0.011889192723814052 -0.06443768996960486 -0.07697082557417753 0.04570383912248629 0.02845142934561713 -0.10267210741082004 -1.6153217011995635 -0.05441787197479594 0.07910597689603215 0.016101207590569287 -0.10743992606284658 0.08053691275167786 0.033296337402885685 0.1115427998496052 0.038834951456310676 -0.32321126026326075 -2.6202992317023854 -0.2618032063538756 0.03475238922675934 -0.21172638436482086 0.05788219271365339 0.023823704586063133 0.158243375858685 0.4211581850087741 0.9886422302529685 -0.6576576576576578 -3.2744173867504585 -0.3004590346362498 0.030131372785344102 0.008141428239125378 -0.01400396779087408 0.038512456372608014 0.14136904761904762 0.5426549112132125 1.1010101010101008 0.21200099181750556 -0.19437340153452687 0.02216373458927829 0.09724888035828536 0.002361832782239019 0.004720320981826764 0.0913354727227845 -0.0012262415695892064 0.09743027645840945 -0.002494076568150638 -0.062406390414378454 -0.08641005498821679 0.00702543206407194 0.048768288108040514 -0.05526108041051088 -0.012451890423364274 0.007246376811594202 0.0742486741308191 0.026366251198465963 0.11481481481481481 -0.01984619201190771 0.024872528292500938 -0.06443129520052596
0.0036773719048786473 0.07316524088248537 0.01587301587301588 0.0069508804448563475 -0.03536067892503536 0.07809726659566915 0.01961505455437048 0.05361276958693798 -0.10377962844330557 0.04153398864737643 0.063299151791366 0.0318276410821398 -0.013089005235602098 0.10725167580743449 0.14672400708322791 0.06412627944259465 0.15906680805938495 -0.06589147286821706 -0.06067801081651499 -0.015254472333934265 0.04209183673469388 -0.03446153846153846 0.10683760683760682 -0.07851869213641158 -0.0897597977243995 0.07602635580334517 0.44770153231179216 0.2586096530533863 -0.012062726176115802 0.06514186450492183 2.7755575615628915e-18 0.03924366749910809 0.0011889192723814035 -0.03282674772036474 -0.0707635009310987 0.06398537477148081 0.05554802872239534 -0.006581545346847415 -0.9201199563794983 0.025776886724903338 0.07157207433450527 0.042553191489361694 -0.1005083179297597 0.10738255033557047 0.048094709581945984 0.12783556836696325 0.038834951456310676 -0.29975237846995956 -2.3278069820730556 -0.2088542432710693 0.024823135161970957 -0.21056305258259655 0.0351832936102599 0.03335318642048839 0.12266928361138374 0.3797944346954124 0.846670108415075 -1.2213642213642213 -3.5703063629222314 -0.32967032967032966 0.026515608051102812 0.027913468248429864 -0.01400396779087408 0.05295462751233602 0.13516865079365079 0.5364460449521917 1.0606060606060603 0.01983635011157947 -0.3081841432225064 0.006926167059149467 0.08573256557901471 0.012990080302314595 0.008260561718196838 0.10861515675141939 0.013488657265481301 0.11935208866155159 0.0411522633744856 -0.00748876684972542 -0.03927729772191672 0.02810172825628776 0.04001500562711017 -0.047366640351866475 -0.02716776092370387 0.004830917874396133 0.07660577489687684 0.03235858101629914 0.11728395061728394 0.003721161002232695 0.009949011317000375 -0.05654174884944115
0.009806325079676392 0.08217019360648356 0.022675736961451247 0.02432808155699722 -0.038896746817538894 0.08046385043190156 0.015937231825426012 0.030461800901669313 -0.11274823830877642 0.04430292122386819 0.07722496518546654 0.04406904149834741 0.005949547834364588 0.125533211456429 0.16190235264356184 0.07275866321371316 0.1842523860021209 -0.06589147286821705 -0.032977179791584224 0.004160310636527528 0.05739795918367348 -0.022153846153846156 0.10921177587844252 -0.067971405133013 -0.09102402022756004 0.07982767359351242 0.43837441705529645 0.2560491614389963 -0.022785149443774293 0.08685581933989577 0.014100756313293166 0.06064930431680342 0.02021162763048389 -0.0121580547112462 -0.06455617628801986 0.07443196657090626 0.06774149844194553 0.04343819928919311 -0.4498364231188659 0.09881139911212945 0.08538422903063786 0.06785508913168488 -0.07624768946395563 0.1427699816961562 0.06905907016894808 0.14036846722646948 0.05307443365695793 -0.2632607845692688 -1.8708720851866825 -0.1323724077070157 0.024823135161970964 -0.19892973476035364 0.02837362387924185 0.05360333531864205 0.0920019627085378 0.34595136625720735 0.7034073309241096 -1.6936936936936937 -3.867504582351401 -0.33245235776881343 0.030131372785344102 0.027913468248429867 -0.009335978527249388 0.050547598989048016 0.13392857142857145 0.5178194461691297 1.0214646464646464 -0.2677907265063228 -0.42455242966751927 -0.018008034353788616 0.0946896992962252 0.03306565895134624 0.016521123436393677 0.1481115773882992 0.024524831391784182 0.14249177932042384 0.062351914203766054 0.05741387918122816 -0.022257135375752784 0.05058311086131797 0.0512692259597349 -0.03947220029322206 -0.024903780846728545 0.025362318840579705 0.08014142604596347 0.053930968360498564 0.11481481481481481 0.04341354502604812 -5.551115123125783e-18 -0.02366863905325444
0.013483696984555038 0.09342638451148132 0.010204081632653062 0.053290083410565334 -0.042432814710042434 0.09229676961306356 0.012259409096481554 0.014621664432801273 -0.12299807815502886 0.055378651529835246 0.07342701607798457 0.05018974170645122 0.004759638267491671 0.15356489945155394 0.16190235264356184 0.0863238377111851 0.19883351007423117 -0.07364341085271317 -0.01055269753330695 0.01802801275828595 0.04591836734693878 -0.014769230769230767 0.09734093067426401 -0.022266494784952524 -0.09987357774968394 0.10263558033451596 0.43704197201865436 0.2598898988605812 -0.0241254523522316 0.11146496815286625 0.011536982438148956 0.066595314543941 0.02021162763048389 0.01458966565349544 -0.0633147113594041 0.08879603029511624 0.09348326784988484 0.09345794392523364 -0.19629225736095962 0.15179722182443076 0.08538422903063786 0.07130534790109258 -0.07624768946395563 0.15985356924954242 0.07892465162165495 0.1416217571124201 0.06731391585760518 -0.2332855467222729 -1.226580401671384 -0.06030298573319602 0.02482313516197096 -0.20358306188925077 0.00794461468618772 0.058368076235854674 0.0588812561334642 0.2920531461519178 0.5730511099638618 -2.2084942084942085 -4.006284367635507 -0.3477535123104743 0.026515608051102802 0.024424284717376128 -0.022172949002217297 0.06498977012877602 0.12028769841269846 0.49670930088165904 0.9684343434343434 -0.70047111331515 -0.5127877237851662 -0.03740130211940713 0.10492642354446577 0.03897024090694378 0.018881283927307056 0.1666255245618366 0.035561005518087066 0.16197783461210574 0.0997630627260257 0.10609086370444332 0.00654621628698612 0.07868483911760574 0.04251594347880455 -0.030449983083342735 -0.03735567127009282 0.05434782608695652 0.07189157336476135 0.06351869606903164 0.12345679012345681 0.06201935003721161 -0.007461758487750275 -0.013149243918474687
0.012257906349595487 0.1035569563259793 0.005668934240362813 0.06024096385542168 -0.04479019330504479 0.09821322920364454 6.938893903907228e-18 0.03168027293773608 -0.11531069827033953 0.06783884812404818 0.062033168755538694 0.0636552821642796 -0.0023798191337458356 0.16697135892748327 0.1505185934733114 0.10852139597977555 0.172322375397667 -0.05426356589147287 -0.017148133491623797 0.03328248509222022 0.048469387755102046 -0.013538461538461537 0.09852801519468188 -0.022266494784952528 -0.09860935524652337 0.10263558033451596 0.42105263157894746 0.2573294072461913 -0.01340302908457311 0.11725535610885929 0.026919625689014227 0.07373052681650612 0.029722981809535132 0.0182370820668693 -0.05338299193047795 0.08487855837033169 0.09077360791220702 0.09609056206397262 -0.20174482006543074 0.15322927108692536 0.08538422903063786 0.10695802185163887 -0.07162661737523106 0.18669920683343505 0.07399186089530152 0.16794084471738316 0.056957928802589 -0.1420565619705461 -0.6429437929640114 0.0250036770113252 0.021099664887675312 -0.2059097254536994 0.0011349449551696707 0.046456223942823116 0.03925417075564279 0.24692905490097772 0.4491481672689727 -2.2625482625482625 -3.764074365017019 -0.3310613437195716 0.021694588405447753 0.029076529425447778 -0.03267592484537286 0.06378625586713203 0.09548611111111109 0.46442319632435114 0.6957070707070707 -0.8244483015125217 -0.5575447570332481 -0.04017176894306691 0.10236724248240563 0.04841757203589986 0.015341043190936984 0.1666255245618366 0.02329858982219497 0.16319571306783584 0.0823045267489712 0.12231652521218173 0.03927729772191674 0.10959674019952229 0.030011254220332628 -0.029322205932107815 -0.045279601539506456 0.06280193236714976 0.06717737183264585 0.07310642377756472 0.10740740740740742 0.07194244604316546 -0.022385275463250844 -0.0026298487836949407
0.025741603334150525 0.10468257541647907 0.02267573696145125 0.06950880444856349 -0.038896746817538894 0.09466335344929594 -0.003677822728944468 0.02680638479346899 -0.10121716848174248 0.07891457843001523 0.06709710089884796 0.07467254253886645 0.008329366968110425 0.17306520414381474 0.1416645585631166 0.11345418670612897 0.14713679745493108 -0.049095607235142114 -0.02770083102493075 0.0457634170018028 0.057397959183673464 -0.009846153846153846 0.11039886039886042 -0.017578811672330948 -0.09734513274336283 0.11277242777496196 0.4090606262491673 0.2714121111253361 0.0013403029084573122 0.13896931094383322 0.03332906037687476 0.07729813295278867 0.03685649744382356 0.02188449848024316 -0.06083178150217257 0.08096108644554714 0.07316081831730117 0.08687639857838621 -0.21264994547437294 0.15752541887440924 0.09291813159216473 0.12535940195514664 -0.06007393715341959 0.19646125686394145 0.08139104698483167 0.16794084471738313 0.058252427184466014 -0.07689300143359837 -0.3073190456934897 0.07648183556405354 0.03971701625915353 -0.20125639832480222 0.0034048348655090236 0.04645622394282311 0.024533856722276755 0.21559288042115815 0.3549303045947342 -2.2561132561132564 -3.2809636030374447 -0.28237585199610515 0.030131372785344102 0.03023959060246569 -0.023339946318123465 0.05656517029726802 0.0818452380952381 0.42096113249720596 0.5404040404040404 -0.8938755269030498 -0.5626598465473147 -0.03740130211940713 0.11900191938579655 0.05668398677373643 0.025961765400047205 0.17279684028634906 0.0269773145309626 0.16806722689075632 0.07357525876044395 0.13729405891163254 0.07069913589945011 0.1419137276942532 0.037514067775415785 -0.030449983083342735 -0.041883631424043465 0.061594202898550734 0.062463170300530356 0.07070949185043145 0.0925925925925926 0.0769039940461424 -0.032334286780251215 0.013149243918474687
0.02329002206423143 0.10580819450697883 0.017006802721088437 0.07877664504170528 -0.042432814710042434 0.09111347769494735 -0.0012259409096481572 0.021932496649201903 -0.08199871877001921 0.08999030873598227 0.04557538928978352 0.08079324274697026 -0.011899095668729178 0.17915904936014626 0.12395648874272702 0.11838697743248243 0.13388123011664899 -0.043927648578811374 -0.026381743833267385 0.05824434891138539 0.04846938775510204 -0.007384615384615384 0.097340930674264 -0.005859603890776977 -0.1125158027812895 0.12671059300557524 0.3904063957361759 0.2842145691972859 0.01742393780994505 0.1563404748118124 0.025637738751442124 0.07135212272565108 0.01783378908572108 0.02188449848024316 -0.07697082557417753 0.0705144946461217 0.06096734859775098 0.07766223509279979 -0.21946564885496178 0.14893312329944147 0.08789552988448016 0.13341000575043127 -0.061229205175600744 0.19524100061012814 0.08139104698483167 0.15916781551572878 0.058252427184466014 -0.03518832268995178 0.03234937323089366 0.10148551257537872 0.047163956807744815 -0.19892973476035364 0.006809669731018047 0.05717689100655151 0.0061334641805691915 0.19303083479568817 0.28394424367578736 -2.1853281853281854 -2.784760408483896 -0.22117123382946166 0.025310353139689046 0.0209351011863224 -0.03384292216127903 0.05295462751233602 0.05828373015873015 0.37749906867006083 0.4545454545454545 -0.9509050334738408 -0.5626598465473146 -0.027704668236597875 0.1241202815099168 0.060226735947094955 0.028321925890960588 0.17279684028634906 0.028203556100551808 0.17659237608086714 0.07856341189674523 0.1547678482276585 0.1178318931657502 0.16720528312491217 0.027510316368638245 -0.034961091688282396 -0.05207154177043242 0.06642512077294686 0.05657041838538599 0.06951102588686482 0.0888888888888889 0.07814438104688663 -0.033577913194876255 0.02235371466140697
0.025741603334150525 0.09680324178298064 0.026077097505668934 0.07530120481927711 -0.04596888260254597 0.08756360194059874 -0.01716317273507417 0.034117217009869624 -0.06534272901985907 0.09414370760071993 0.04810735536143816 0.09181050312155711 -0.004759638267491671 0.18037781840341255 0.11130786744244878 0.12331976815883587 0.10737009544008483 -0.021963824289405687 -0.03561535417491096 0.06795174039661628 0.04974489795918367 -0.0012307692307692338 0.08665716999050331 0.009375366225243173 -0.12136536030341341 0.14318297009630004 0.35842771485676217 0.30341825630521063 0.014743331993030425 0.1679212507237985 0.029483399564158443 0.05589249613509335 0.015455950540958269 0.023100303951367782 -0.08193668528864059 0.05615043092191173 0.05283836878471752 0.060550217190996444 -0.2140130861504907 0.12888443362451668 0.08287292817679559 0.14606095457159288 -0.06469500924214419 0.19646125686394145 0.06782587248735973 0.15791452562977817 0.05048543689320388 0.023458881793301196 0.16174686615446826 0.13825562582732756 0.06329899466302594 -0.18729641693811075 0.009079559641357392 0.07504466944609886 -0.008586849852796855 0.17924291802456754 0.22457408363448633 -2.093951093951094 -2.16025137470542 -0.1585756016135763 0.01205254911413764 0.008141428239125378 -0.04084490605671606 0.049344084727404015 0.023561507936507936 0.3352787780951198 0.3800505050505051 -0.9744606992313415 -0.5677749360613811 -0.020778501177448404 0.12412028150991683 0.0684931506849315 0.023601604909133822 0.1839052085904715 0.008583690987124463 0.18268176835951774 0.05611672278338946 0.18472291562656012 0.12045037968054464 0.18547140649149924 0.028760785294485437 -0.03496109168828239 -0.05773149196287073 0.07246376811594205 0.05185621685327048 0.0719079578139981 0.06543209876543211 0.085586703051352 -0.04850143017037682 0.032873109796186725
0.030644765873988723 0.10243133723547951 0.03741496598639456 0.08225208526413345 -0.042432814710042434 0.09111347769494735 -0.024518818192963098 0.03168027293773608 -0.042280589365791155 0.07891457843001523 0.039245474110646925 0.09425878320479862 -0.017848643503093765 0.19134673979280928 0.10498355679230964 0.1430509310642496 0.09676564156945917 5.551115123125783e-18 -0.026381743833267385 0.07488559145749549 0.0548469387755102 0.001230769230769232 0.0819088319088319 0.022266494784952538 -0.1251580278128951 0.1609224531170806 0.3504330446369087 0.3123799769555755 0.014743331993030424 0.17371163867979153 0.03973849506473529 0.05113568795338328 0.016644869813339673 0.02674772036474164 -0.0782122905027933 0.04700966309741447 0.047419048909361876 0.053968671844149 -0.19083969465648853 0.12029213804954889 0.07533902561526873 0.14031052328924667 -0.06353974121996304 0.20988407565588774 0.06412627944259466 0.1691941346033337 0.05048543689320388 0.07167991659064252 0.20622725434694705 0.1706133254890425 0.07571056224401143 -0.17798976268031644 0.0056747247758483724 0.09410363311494936 -0.028213935230618253 0.17422913010779645 0.19488900361383582 -1.9034749034749034 -1.5776381251636555 -0.08902489915148144 0.001205254911413764 -1.7347234759768072e-19 -0.0478468899521531 0.05897219882055603 0.0012400793650793704 0.302992673537812 0.33712121212121204 -0.9955368212248947 -0.5434782608695652 -0.0221637345892783 0.1330774152271273 0.07557864903164854 0.03776256785461411 0.1962478400394964 0.014714898835070506 0.18877116063816832 0.05736376106746478 0.2146779830254618 0.12830583922492797 0.2009273570324575 0.027510316368638245 -0.03721664599075223 -0.06565542223228435 0.08333333333333334 0.04596346493812611 0.08029721955896453 0.05802469135802468 0.09923096005953858 -0.049745056585001855 0.04076265614727153
0.030644765873988723 0.11368752814047726 0.03741496598639456 0.10194624652455979 -0.04832626119754833 0.11004614838480653 -0.03432634547014834 0.04752040940660412 -0.012812299807815503 0.09829710646545757 0.034181541967337636 0.09303464316317786 -0.03093764873869586 0.18525289457647776 0.09612952188211485 0.144284128745838 0.09411452810180276 0.003875968992248061 -0.003957261574990106 0.07904590209402301 0.05229591836734694 0.004923076923076924 0.07478632478632478 0.015234970116020157 -0.1302149178255373 0.15585402939685758 0.33311125916055956 0.31366022276277045 0.013403029084573113 0.1766068326577881 0.042302268939879505 0.06064930431680342 0.027345143264772324 0.054711246200607896 -0.07572936064556177 0.06659702272133716 0.039290069096328414 0.07108068974595234 -0.16766630316248635 0.13890877846197908 0.07533902561526871 0.1403105232892467 -0.05891866913123846 0.21110433190970107 0.06165988407941793 0.1779671638049881 0.062135922330097085 0.11208132412355012 0.23183717482140453 0.1926753934402118 0.07571056224401142 -0.1605397859469521 0.014754284417205771 0.10839785586658726 -0.03434739941118744 0.18801704687891702 0.20521424883840994 -1.5894465894465892 -1.0775072008379158 -0.01669216859090277 -0.002410509822827528 0.015119795301232844 -0.04901388726805928 0.07582139848357203 -0.013640873015873014 0.30050912703340377 0.3308080808080808 -0.9571038928837095 -0.4654731457800511 0.01385233411829893 0.13563659628918745 0.08620689655172413 0.03540240736370073 0.20612194519871635 0.003678724708767623 0.20216782365119962 0.054869684499314134 0.24588117823265096 0.12437810945273628 0.22340873963748767 0.01500562711016631 -0.034961091688282396 -0.05999547203984605 0.08091787439613528 0.04124926340601061 0.07670182166826464 0.05555555555555556 0.09550979905730587 -0.0397960452680015 0.04602235371466141
0.02329002206423143 0.12719495722647456 0.0419501133786848 0.11468952734012976 -0.066006600660066 0.13252869482901433 -0.04168199092803727 0.06823443401973925 -0.002562459961563097 0.11491070192440815 0.039245474110646925 0.09303464316317786 -0.03212755830556878 0.18281535648994515 0.09233493549203135 0.14798372179060307 0.09411452810180278 0.01679586563307494 0.009233610341643581 0.08320621273055055 0.05994897959183674 0.018461538461538467 0.07597340930674265 0.022266494784952535 -0.1302149178255373 0.1710593005575266 0.33844103930712854 0.3392651389066701 0.022785149443774293 0.19253039953676895 0.033329060376874754 0.08086573908907123 0.030911901081916538 0.07537993920972644 -0.074487895716946 0.08618438234525985 0.041999729034006235 0.08029485323153876 -0.13904034896401307 0.13604467993698982 0.08412857860371672 0.15411155836687757 -0.05429759704251387 0.21598535692495427 0.06782587248735972 0.19300664243639554 0.08155339805825242 0.1524827316564577 0.24396818978298965 0.20002941609060154 0.09432791361548964 -0.13959981386691483 0.02837362387924186 0.09529481834425253 -0.019627085377821395 0.19177738781649536 0.26587506453278265 -1.126126126126126 -0.6847342236187484 0.037557379329531224 -0.001205254911413764 0.026750407071411957 -0.03851091142490372 0.07221085569864003 -0.023561507936507936 0.29678380727679127 0.3434343434343434 -0.8517232829159436 -0.3414322250639386 0.04571270259038648 0.1343570057581574 0.07675956542276806 0.028321925890960588 0.19871636632930142 -0.022072348252605765 0.19242479600535872 0.03367003367003367 0.24088866699950073 0.09819324430479183 0.20795278909652942 0.011254220332624732 -0.022555543024698317 -0.06565542223228436 0.07487922705314012 0.03182086034177962 0.08029721955896453 0.05555555555555556 0.10543289506325974 -0.016167143390125604 0.052596975673898747
