0.08463142401569976 -0.098898628905372 0.0068019498923024575 -0.10414255959268685 0.030692952425923747 -0.15588096362777515 0.04786450662739322 -0.15066828675577157 -0.0025641025641025632 -0.24019878520154608 -0.03794106487922094 -0.02202643171806167 0.022616355195810022 0.01826595226497808 -0.04423101225830911 -0.027113630761646534 -0.03968253968253967 0.002580645161290322 0.03296413502109705 -0.0360310421286031 0.02422233554309027 -0.06519065190651907 -0.02607561929595828 -0.1706803834463409 -0.12599218848431398 -0.07828282828282827 -0.12211308733740378 0.05496612552729132 -0.04417079373577835 -0.054873646209386284 -0.001281394156842646 -0.10099809885931559 0.02853745541022592 -0.10206561360874848 -0.03476101800124147 -0.23428348301444749 0.009462016761286836 -0.2072674799947527 0.10247301543926768 -0.18420676852777382 -0.03260596940055179 -0.07238051470588235 -0.13868022651103665 -0.06457901791153893 -0.08007884686460516 -0.04627313656828415 -0.06584043377226957 0.005198856251624643 -0.002686005909213003 -0.007337833871441148 0.03225806451612903 -0.18294103938475878 -0.606644744302075 -0.5753001307500297 -0.20075896682580488 -0.1557632398753894 -0.04082153335884679 -0.07386653082017319 0.06520605112154408 -0.13442350332594236 -0.037371910789632305 -0.27435480120902117 -1.1015068333138651 -1.10310021629416 -0.2825979176995538 -0.27767493520918174 -0.03499562554680665 -0.12214682294879704 -0.02300907580212195 -0.16995992814702227 -0.03834845967020325 -0.08972845336481701 -0.22172425993631323 -0.12954966070326956 -0.14352306182531893 -0.1046356004380095 -0.12091747693841934 -0.07735495945102931 -0.14397905759162305 -0.08701754385964913 0.0375234521575985 0.003386386725364038 -0.02945174444947892 -0.10746196570876598 -0.06007774767345977 -0.03473885960709152 -0.03823384311790824 -0.029765595932035222 -0.02114427860696517 -0.05391899000526038
0.08463142401569974 -0.09103169251517193 0.007935608207686202 -0.10182828049062717 0.03777594144729076 -0.14643363249881908 0.056455571919489446 -0.1336573511543135 0.0076923076923076945 -0.22639425731639978 -0.031617554066017454 -0.004894762604013704 0.03571003451970004 0.0377496346809547 -0.03791229622140781 0.004929751047572098 -0.029100529100529106 0.03225806451612903 0.0501054852320675 -0.002771618625277161 0.02422233554309026 -0.06027060270602706 -0.02370510845087116 -0.16951133972410568 -0.12851203225400026 -0.06313131313131312 -0.12211308733740378 0.07797520132941327 -0.034801231428189 -0.024548736462093868 0.010251153254741158 -0.10218631178707224 0.0356718192627824 -0.11300121506682867 -0.02358783364369957 -0.22387088376936096 0.043254933765882665 -0.18365472910927455 0.12570023227216837 -0.16135941739254606 -0.03386004514672686 -0.07352941176470588 -0.15023691205362302 -0.07676373827220664 -0.09363065171861526 -0.04002001000500251 -0.07616834495223343 0.018195996880686245 -0.009401020682245503 0.007337833871441155 0.029776674937965257 -0.19925425308785832 -0.8424991495634426 -0.7203138000713182 -0.22279348757497858 -0.1470404984423676 -0.04975124378109452 -0.05858380030565461 0.05868544600938967 -0.11363636363636365 -0.04942736588306208 -0.3069053708439898 -1.4974886111435581 -1.4419610670511898 -0.3185423896876549 -0.2875478217943971 -0.03874515685539308 -0.1110425663170882 -0.014061101879074523 -0.15614204780986599 -0.05240956154927777 -0.09681227863046044 -0.259464559499941 -0.1702652683528686 -0.1680569185475957 -0.10706898649470739 -0.14086262777362255 -0.05988771054273238 -0.1492146596858639 -0.06736842105263158 0.033771106941838644 0.01467434247657749 -0.03624830086089714 -0.09297271190533687 -0.058899752621038984 -0.007187350263536177 -0.039467192895905286 0.0037206994915044062 -0.009950248756218905 -0.019726459758022098
0.0735925426223476 -0.08766014834794336 -0.00680194989230246 -0.08447118722517936 0.030692952425923743 -0.134624468587624 0.04663721158566519 -0.11907654921020656 0.0038461538461538507 -0.20844837106570954 -0.035411660553939545 -0.013460597161037691 0.035710034519700035 0.021919142717973693 -0.03664855301402754 -0.004929751047572098 -0.03571428571428571 0.018064516129032253 0.05406118143459915 -0.012472283813747228 0.024222335543090258 -0.033210332103321034 -0.02726087471850184 -0.17301847089081132 -0.12473226659947083 -0.04545454545454545 -0.11945845500398196 0.10481912309855554 -0.032124213626020616 -1.3877787807814458e-18 0.0 -0.09980988593155894 0.034482758620689655 -0.11421628189550423 -0.026070763500931106 -0.21996615905245348 0.0364963503649635 -0.18234290961563687 0.1325317666347862 -0.1513637012708839 -0.04389265111612741 -0.07123161764705882 -0.17219461458453716 -0.09138540270500792 -0.10718245657262535 -0.04002001000500251 -0.08907823392718824 0.011697426566155448 -0.020145044319097506 -0.0014675667742882273 0.01612903225806452 -0.23654159869494293 -1.201950334505046 -0.8914774753357898 -0.2472762884073938 -0.18068535825545173 -0.059956627120806225 -0.08023433520122261 0.05216484089723526 -0.145509977827051 -0.05545509342977697 -0.3661939083933968 -2.018455787875248 -1.7555875991348233 -0.3507684680218145 -0.30976181661113167 -0.03749531308586427 -0.13325107958050583 -0.016617665857088074 -0.16857814011330663 -0.0664706634283523 -0.1074380165289256 -0.2972048590635688 -0.1961752004935225 -0.19627085377821393 -0.12410268889159266 -0.16330092246322614 -0.07735495945102931 -0.16230366492146597 -0.08140350877192984 0.0375234521575985 0.019189524777062872 -0.03738106026280018 -0.10142477662400387 -0.05536576746377665 -0.01317680881648299 -0.04070054267390232 -0.0012402331638348002 -0.0012437810945273616 -0.01972645975802209
0.07727216975346497 -0.10002247696111485 -0.0022673166307674874 -0.10529969914371673 0.03423444693660725 -0.1594237128011337 0.04786450662739322 -0.1421628189550425 0.010256410256410256 -0.22915516289342905 -0.035411660553939545 -0.026921194322075383 0.04404237590763005 -0.020701412566975157 -0.029066093769745987 -0.04190288390436282 -0.01851851851851852 -0.01032258064516129 0.07515822784810126 -0.042960088691796 0.015298317185109636 -0.033210332103321034 -0.04266919521156809 -0.18704699555763388 -0.13103187602368654 -0.06313131313131312 -0.1260950358375365 0.07925348331842004 -0.033462722527104805 -0.0259927797833935 -0.005125576627370578 -0.10218631178707224 0.036860879904875146 -0.12393681652490887 -0.02731222842954687 -0.238188207731355 0.048661800486618 -0.21120293847566574 0.15302636972263972 -0.17135513351420817 -0.051417105593177824 -0.10110294117647059 -0.191840980006934 -0.1328134519312782 -0.11703831464826905 -0.06753376688344173 -0.08133230054221534 -0.012997140629061604 -0.013430029546065004 -0.035221602582917524 0.0012406947890818865 -0.3181076672104405 -1.6441773443701102 -1.0460002377273268 -0.26686252907332597 -0.21931464174454826 -0.06505931879066207 -0.11971472236372897 0.053468961919666144 -0.18015521064301554 -0.07474382157926462 -0.4522204138572425 -2.610676322859479 -2.0043258832011537 -0.37803668815071884 -0.36159447118351223 -0.03999500062492188 -0.18013571869216533 -0.016617665857088074 -0.19345032472018792 -0.07797520132941327 -0.14403778040141674 -0.32315131501356287 -0.24676125848241823 -0.2048577036310108 -0.17033702396885267 -0.15956120668162554 -0.11478477854023705 -0.1531413612565445 -0.1192982456140351 0.03752345215759849 0.005643977875606727 -0.03058450385138196 -0.12436609514609995 -0.049475792201672746 -0.04432199329180643 -0.023433645781943763 -0.027285129604365622 0.02487562189054726 -0.044713308784850074
0.05519440696676069 -0.10114632501685772 -0.021539507992291124 -0.09719972228650776 0.008263487191594854 -0.15706188001889468 0.023318605792832594 -0.14094775212636695 -0.007692307692307693 -0.23329652125897296 -0.04173517136714304 -0.02080274106705825 0.026187358647780025 -0.0024354603019970797 -0.03538480980664728 -0.030810944047325605 -0.025132275132275127 -0.011612903225806452 0.0791139240506329 -0.03741685144124169 0.008924018357980623 -0.041820418204182044 -0.05570700485954723 -0.1905541267243395 -0.13481164167821597 -0.06565656565656566 -0.12211308733740375 0.07030550939537263 -0.016062106813010308 -0.03465703971119134 -0.019220912352639674 -0.09743346007604561 0.028537455410225926 -0.1166464155528554 -0.0409683426443203 -0.22907718339190422 0.03784806704514733 -0.20464384100747735 0.14209591474245117 -0.167071255176353 -0.06144971156257837 -0.11948529411764705 -0.21379868253784817 -0.1364688680394785 -0.12812615498336824 -0.06378189094547274 -0.08649625613219727 -0.011697426566155442 -0.020145044319097506 -0.03375403580862929 -0.017369727047146403 -0.42297832673036584 -2.137430547681143 -1.1506002615000592 -0.29012118986412044 -0.2454828660436137 -0.07526470213037377 -0.1553744268976057 0.0495565988523735 -0.20094235033259428 -0.10608800482218203 -0.5428970006975122 -3.1888798037612434 -2.1232876712328763 -0.41026276648487847 -0.36406269282981607 -0.0574928133983252 -0.1838371375694016 -0.02940048574715582 -0.18654138455160976 -0.09587114917550812 -0.14639905548996457 -0.3526359240476471 -0.2393584207279457 -0.22939156035328753 -0.16060347974206107 -0.18324607329842935 -0.10854647535870243 -0.1701570680628272 -0.11649122807017545 0.021263289555972488 -0.005643977875606727 -0.03851381966470321 -0.12074378169524269 -0.06596772293556366 -0.055103018687110684 -0.032067094227923046 -0.04960932655339204 0.029850746268656712 -0.049973698053655966
0.05642094934379982 -0.10002247696111485 -0.03854438272304728 -0.10414255959268688 0.015346476212961873 -0.1594237128011337 0.03068237604320078 -0.14823815309842042 -6.938893903907229e-19 -0.2415792379900607 -0.04552927785506513 -0.007342143906020558 0.01428401380788002 -0.00974184120798831 -0.03285732339188677 -0.02588119299975351 -0.023809523809523808 -0.011612903225806454 0.08438818565400844 -0.023558758314855877 0.0012748597654258034 -0.05535055350553506 -0.06281853739480858 -0.20458265139116202 -0.12347234471462772 -0.0707070707070707 -0.10618529333687285 0.0613575354723252 0.001338508901084192 -0.04043321299638989 -0.024346488980010253 -0.09030418250950571 0.020214030915576692 -0.12029161603888214 -0.0409683426443203 -0.22907718339190417 0.033792917004595836 -0.2190738554374918 0.14482852848749833 -0.17421105240611165 -0.0764986205166792 -0.14590992647058826 -0.24962440771986594 -0.14987206043621298 -0.13551804854010102 -0.06503251625812907 -0.07358636715724245 -0.02079542500649857 -0.012087026591458501 -0.03962430290578221 -0.05086848635235732 -0.6804940573292939 -2.728200476244472 -1.2124093664566742 -0.2888970498224997 -0.25919003115264794 -0.06633499170812604 -0.17957208354559345 0.0495565988523735 -0.22450110864745013 -0.12417118746232672 -0.6626365961404325 -3.4528676556477045 -2.138908916125931 -0.39291026276648483 -0.37146735776872764 -0.05374328208973879 -0.19494139420111042 -0.016617665857088078 -0.1962139007876192 -0.10354084110954878 -0.15702479338842976 -0.3738648425521877 -0.2368908081431215 -0.23552502453385676 -0.16182017277041003 -0.17950635751682872 -0.10854647535870243 -0.16753926701570682 -0.11508771929824561 0.010006253908692933 0.002257591150242691 -0.03624830086089714 -0.12798840859695726 -0.06478972788314288 -0.057498802108289414 -0.03576714356191416 -0.05705072553640085 0.02487562189054726 -0.049973698053655966
0.04660861032748682 -0.09665093279388627 -0.05668291576918717 -0.10414255959268688 0.011804981702278361 -0.15351913084553612 0.024545900834560628 -0.15188335358444716 0.0012820512820512814 -0.2415792379900607 -0.0594410016441128 -0.01713166911404797 -0.010713010355910008 -0.015830491962981006 -0.03159358018450651 -0.03697313285679073 -0.027777777777777773 -0.028387096774193554 0.0857067510548523 -0.03325942350332595 -0.01657317695053544 -0.06642066420664208 -0.09363517838094108 -0.21393500116904374 -0.13733148544790225 -0.07702020202020202 -0.11680382267056014 0.05752268950530488 -0.002677017802168385 -0.047653429602888084 -0.02434648898001025 -0.09268060836501901 0.008323424494649225 -0.13001215066828675 -0.03848541278708877 -0.22647403358063256 0.027034333603676665 -0.23219205037386859 0.14482852848749828 -0.1842067685277738 -0.09530975670930524 -0.1803768382352941 -0.2912284756731769 -0.15718289265261362 -0.13059011950227917 -0.06378189094547274 -0.07100438936225148 -0.03249285157265401 -0.004029008863819498 -0.04402700322864691 -0.0794044665012407 -1.0696807271032394 -3.2974260120195025 -1.2587661951741353 -0.29991431019708653 -0.2716510903426791 -0.08036739380022961 -0.20376974019358127 0.0352112676056338 -0.23143015521064297 -0.1458710066305003 -0.8137642408742153 -3.5942062843125804 -2.099254986782024 -0.3705999008428359 -0.3665309144761199 -0.053743282089738775 -0.21098087600246762 -0.017895947846094853 -0.20312284095619731 -0.11504537901060977 -0.17001180637544272 -0.3821205330817313 -0.23689080814312152 -0.22693817468105987 -0.16547025185545688 -0.1757666417352281 -0.11852776044915783 -0.16099476439790578 -0.11789473684210527 -0.0037523452157598503 0.002257591150242691 -0.052106932487539635 -0.1304032842308621 -0.07421368830250911 -0.06588404408241495 -0.049333991119881605 -0.06449212451940965 0.02114427860696517 -0.05391899000526039
0.05396786458972158 -0.09777478084962912 -0.062351207346105886 -0.09951400138856746 0.017707472553417543 -0.13934813415210204 0.02945508100147275 -0.14459295261239366 0.014102564102564103 -0.24019878520154608 -0.0594410016441128 -0.018355359765051395 -0.03332936555172003 -0.014612761811982464 -0.03412106659926704 -0.02957850628543258 -0.03571428571428571 -0.021935483870967748 0.07911392405063292 -0.03325942350332594 -0.01912289648138705 -0.0787207872078721 -0.1078582434514638 -0.2127659574468085 -0.13733148544790225 -0.08712121212121213 -0.11149455800371648 0.043461587626230355 -0.004015526703252577 -0.06209386281588447 -0.03587903639159405 -0.09624524714828897 0.0 -0.1336573511543135 -0.03476101800124147 -0.21996615905245348 0.020275750202757493 -0.23875114784205692 0.13663068725235689 -0.19563044409538768 -0.109104589917231 -0.22058823529411767 -0.3212758580839015 -0.16936761301328135 -0.13551804854010102 -0.05877938969484743 -0.06713142266976505 -0.04029113595009098 -0.001343002954606498 -0.05136483710008806 -0.12655086848635239 -1.6033558611046377 -3.795214876970178 -1.2932366575537857 -0.3023625902803281 -0.28286604361370715 -0.08674575838754943 -0.21650534895568008 0.018257694314032343 -0.2355875831485587 -0.1796262808921037 -0.9579167635433621 -3.6479383249620367 -2.0499879836577746 -0.3557263262270699 -0.3591262495372084 -0.06374203224596925 -0.21838371375694013 -0.02428735779112872 -0.20726820505734422 -0.10737568707656908 -0.18536009445100354 -0.371506073829461 -0.23812461443553362 -0.2158979391560353 -0.16303686579875898 -0.17078035402642736 -0.12351840299438552 -0.14921465968586387 -0.13052631578947368 -0.01000625390869293 0.005643977875606727 -0.04984141368373358 -0.12315865732914758 -0.07774767345977147 -0.07546717776712986 -0.060434139121854955 -0.07317375666625327 0.008706467661691544 -0.0631246712256707
0.06255366122899547 -0.09665093279388626 -0.07595510713071081 -0.10182828049062716 0.021248967064101048 -0.1381672177609825 0.030682376043200787 -0.13608748481166463 0.01282051282051282 -0.23053561568194367 -0.05438219299355003 -0.022026431718061675 -0.05951672419950006 -0.031660983925962005 -0.04170352584354859 -0.029578506285432588 -0.044973544973544964 -0.02193548387096774 0.07515822784810126 -0.038802660753880266 -0.022947475777664456 -0.0897908979089791 -0.13156335190233492 -0.2303016132803367 -0.1486707824114905 -0.09343434343434343 -0.11813113883727104 0.043461587626230355 -0.01070807120867354 -0.06787003610108304 -0.0371604305484367 -0.10099809885931559 -0.02259215219976219 -0.15309842041312274 -0.038485412787088766 -0.20695040999609526 0.018924033522573665 -0.23088023088023085 0.1325317666347862 -0.18706268741967727 -0.1329320290945573 -0.25965073529411764 -0.35710158326591934 -0.19130010966248323 -0.13798201305901198 -0.05627813906953477 -0.07358636715724245 -0.03639199376137249 -0.014773032500671504 -0.05870267097152922 -0.17617866004962782 -2.244232113726404 -4.212495747817213 -1.3015571139902533 -0.30113845023870733 -0.2866043613707165 -0.09950248756218905 -0.21777890983188994 -0.007824726134585291 -0.24667405764966738 -0.19770946353224836 -1.0788188793303883 -3.5953743721527855 -1.9574621485219903 -0.32721864154685176 -0.3455510304825373 -0.06624171978502687 -0.20357803824799509 -0.033235331714176156 -0.18930496061904106 -0.10481912309855554 -0.20070838252656437 -0.36325038329991743 -0.22578655151141266 -0.19872423945044157 -0.1581700936853632 -0.15831463475442534 -0.1272613849033063 -0.14790575916230367 -0.13473684210526315 -0.016260162601626018 0.019189524777062872 -0.06570004531037607 -0.13523303549867186 -0.09188361408882081 -0.07666506947771921 -0.07030093734583127 -0.07193352350241845 -0.01119402985074627 -0.06575486586007365
0.06255366122899546 -0.1078894133513149 -0.07935608207686204 -0.10182828049062716 0.02833195608546806 -0.134624468587624 0.03068237604320078 -0.1336573511543135 0.0051282051282051265 -0.20844837106570954 -0.05438219299355003 -0.026921194322075383 -0.08332341387930008 -0.04505601558694593 -0.044231012258309124 -0.02095144195218141 -0.051587301587301584 -0.006451612903225813 0.05669831223628692 -0.023558758314855877 -0.017848036715961243 -0.11316113161131611 -0.1410453952826834 -0.2560205751695114 -0.1448910167569611 -0.10984848484848483 -0.12211308733740375 0.021730793813115178 -0.018739124615178692 -0.08086642599277978 -0.048692977960020506 -0.1211977186311787 -0.04280618311533889 -0.1773997569866343 -0.04593420235878337 -0.2147598594299102 0.001351716680183826 -0.24924570379115832 0.11613608416450336 -0.19134656575753245 -0.14923501379483323 -0.3113511029411765 -0.38830463423090256 -0.20714024613135126 -0.1367500307995565 -0.0575287643821911 -0.08133230054221534 -0.03639199376137249 -0.0308890679559495 -0.051364837100088045 -0.21339950372208438 -2.974831041715218 -4.5390633858714144 -1.2540116486390114 -0.29501775003060354 -0.2866043613707165 -0.11481056257175662 -0.2407030056036678 -0.03260302556077204 -0.257760532150776 -0.21699819168173598 -1.1567077423854917 -3.3897909122766037 -1.7940398942561884 -0.2937530986613782 -0.3344440330741701 -0.06749156355455568 -0.20111042566317083 -0.03962674165921003 -0.17963244438303166 -0.11504537901060977 -0.21723730814639905 -0.34909777096355704 -0.22948797038864893 -0.18523061825318937 -0.16182017277041003 -0.16454749439042632 -0.12601372426699936 -0.15706806282722513 -0.12631578947368421 -0.010006253908692931 0.02031832035218422 -0.061169007702763935 -0.13281815986476697 -0.09659559429850394 -0.07426928605654048 -0.08140108534780463 -0.07069329033858365 -0.01990049751243781 -0.05917937927406628
0.04906169508156506 -0.11238480557428634 -0.09295998186146695 -0.11224253644989586 0.02597095974501239 -0.12281530467642891 0.015954835542464407 -0.13001215066828675 -0.0076923076923076945 -0.2056874654886803 -0.04552927785506514 -0.03426333822809594 -0.0999880966551601 -0.05723331709693132 -0.04043978263616833 -0.023416317475967462 -0.046296296296296294 -0.02580645161290323 0.06065400843881856 -0.03325942350332594 -0.022947475777664456 -0.11193111931119312 -0.1469716723954012 -0.2665419686696283 -0.14111125110243167 -0.10606060606060605 -0.13140430050438012 0.021730793813115178 -0.0174006157140945 -0.0924187725631769 -0.06535110199897488 -0.1211977186311787 -0.0760998810939358 -0.19684082624544352 -0.05710738671632527 -0.20955355980736692 -0.033792917004595836 -0.2558048012593467 0.0997404016942205 -0.19420248464943596 -0.1743165287183346 -0.37224264705882354 -0.4229746908586617 -0.21688802241988547 -0.12812615498336824 -0.04627313656828415 -0.07358636715724245 -0.04029113595009097 -0.021488047273704 -0.05136483710008806 -0.2841191066997519 -3.7030995106035887 -4.725025513096724 -1.1387138951622489 -0.29501775003060354 -0.26791277258566976 -0.13266998341625208 -0.23815588385124808 -0.05607720396452791 -0.2633037694013304 -0.23387582881253768 -1.1834457102999303 -3.046373087256162 -1.4960346070656092 -0.2602875557759048 -0.3159323707268913 -0.0724909386326709 -0.19000616903146206 -0.0460181516042439 -0.1630509879784441 -0.12143678895564362 -0.2113341204250295 -0.33140700554310654 -0.21591610117211602 -0.17173699705593717 -0.15452001460031634 -0.1633009224632261 -0.13225202744853398 -0.1479057591623037 -0.13333333333333333 -0.021263289555972478 0.02934868495315498 -0.07362936112369733 -0.12074378169524269 -0.10130757450818706 -0.06947771921418304 -0.09496793290577207 -0.08805655463227087 -0.031094527363184077 -0.06443976854287217
0.03924935606525205 -0.12137559002022927 -0.11903412311529304 -0.1087711177968063 0.01416597804273403 -0.13344355219650447 0.00859106529209622 -0.14580801944106928 -0.014102564102564103 -0.21949199337382663 -0.06197040596939422 -0.052618697993147334 -0.13807880014284016 -0.07184607890891377 -0.05686844433211171 -0.04929751047572097 -0.07936507936507935 -0.059354838709677414 0.036919831223628685 -0.06790465631929046 -0.030596634370219273 -0.13653136531365315 -0.17186203626881594 -0.2677110123918635 -0.1511906261811768 -0.11994949494949496 -0.14335014600477833 0.005113127956027095 -0.033462722527104805 -0.1111913357400722 -0.08329062019477192 -0.1378326996197719 -0.10939357907253269 -0.20291616038882138 -0.07324643078833024 -0.2277756084862684 -0.0608272506082725 -0.28204119113210024 0.07787949173384343 -0.21419391689276024 -0.22197140707298724 -0.46185661764705876 -0.476135444354559 -0.2339466309248203 -0.13182210176173462 -0.06253126563281641 -0.08649625613219726 -0.06108656095658954 -0.0416330915928015 -0.08365130613442913 -0.36600496277915634 -4.413889536238639 -4.838417054087765 -1.0103411387138952 -0.2888970498224997 -0.2716510903426791 -0.1428753667559638 -0.24834437086092714 -0.07955138236828378 -0.2757760532150776 -0.2519590114526823 -1.1915833527086723 -2.6854339446326363 -1.1667868300889208 -0.22062469013386216 -0.31840059237319507 -0.06499187601549805 -0.2122146822948797 -0.04857471558225745 -0.19206853668647228 -0.12143678895564361 -0.2077922077922078 -0.30899870267720253 -0.18260333127698952 -0.15333660451422965 -0.17277041002555055 -0.15956120668162552 -0.16094822208359325 -0.1505235602094241 -0.15999999999999998 -0.023764853033145718 0.016931933626820182 -0.09062075215224288 -0.13281815986476697 -0.11426552008481564 -0.0898418782942022 -0.10113468179575728 -0.11410145107280167 -0.046019900497512436 -0.09074171488690164
0.04047589844229117 -0.13598561474488652 -0.11336583153837435 -0.1087711177968063 0.022429465234328882 -0.13580538497874348 0.028227785959744723 -0.15066828675577157 -0.002564102564102563 -0.2277747101049144 -0.06576451245731631 -0.053842388644150765 -0.15236281395072016 -0.058451047247929856 -0.05181347150259067 -0.033275819571111656 -0.07804232804232805 -0.04516129032258065 0.027689873417721517 -0.06374722838137473 -0.03952065272819989 -0.16236162361623616 -0.18845561218442575 -0.26771101239186346 -0.1612700012599219 -0.13636363636363635 -0.14600477833820016 -0.020452511824108406 -0.033462722527104805 -0.1371841155234657 -0.09482316760635572 -0.158032319391635 -0.1403091557669441 -0.19684082624544347 -0.074487895716946 -0.23168033320317588 -0.0527169505271695 -0.30303030303030304 0.06968165049870201 -0.2256175924603741 -0.27589666415851516 -0.5962775735294117 -0.521206517970646 -0.23516510296088708 -0.12319822594554639 -0.06128064032016008 -0.07616834495223342 -0.05848713283077722 -0.037604082728982004 -0.09392427355444673 -0.45657568238213403 -5.07457469121417 -4.759042975394036 -0.829668370379175 -0.27053494919818827 -0.23551401869158878 -0.1454267125908917 -0.23306164034640858 -0.0925925925925926 -0.2549889135254989 -0.2555756479807113 -1.1636828644501278 -2.170307207101974 -0.8507570295602018 -0.16980664352999505 -0.29495248673330865 -0.04249468816397949 -0.19864281307834672 -0.02812220375814905 -0.1768688683156004 -0.1227150709446504 -0.2113341204250295 -0.2653614813067579 -0.16656384947563235 -0.13125613346418058 -0.16790363791215476 -0.15083520319122415 -0.15595757953836556 -0.14921465968586387 -0.15999999999999998 -0.025015634771732336 0.016931933626820182 -0.08608971454463073 -0.11470659261048058 -0.10484155966544942 -0.07546717776712987 -0.09373458312777505 -0.1041795857621233 -0.04850746268656716 -0.09074171488690164
0.03434318655709554 -0.1449763991908294 -0.12583607300759553 -0.0960425827354779 0.029512454255695895 -0.13108171941426544 0.03313696612665685 -0.15188335358444713 0.0051282051282051265 -0.2319160684704583 -0.07841153408372328 -0.059960841899167894 -0.18450184501845018 -0.035314174378957626 -0.05054972829521041 -0.008627064333251172 -0.09259259259259259 -0.019354838709677424 0.014504219409282698 -0.04850332594235033 -0.028046914839367672 -0.18081180811808117 -0.18134407964916438 -0.2770633621697452 -0.1448910167569611 -0.1388888888888889 -0.11945845500398193 -0.015339383868081303 -0.017400615714094497 -0.13574007220216608 -0.11019989748846745 -0.17704372623574147 -0.16409036860879905 -0.19076549210206561 -0.06828057107386717 -0.22387088376936096 -0.06217896728845633 -0.2925357470812016 0.06694903675365486 -0.21847779523061545 -0.34988713318284426 -0.7732077205882353 -0.5813012827920951 -0.2376020470330206 -0.12196624368609092 -0.05377688844422211 -0.08262328943971083 -0.05328827657915258 -0.04297609454740801 -0.10126210742588786 -0.5496277915632755 -5.624563038918668 -4.531125978002041 -0.6858433376916677 -0.24972456849063535 -0.2043613707165109 -0.14415103967342774 -0.20631686194600102 -0.10954616588419405 -0.2328159645232816 -0.2579867389993973 -1.1055568472448267 -1.5944399018806212 -0.6188416246094689 -0.1363411006445216 -0.25792916203875116 -0.03874515685539308 -0.1603948180135719 -0.023009075802121953 -0.15614204780986599 -0.12782819890067748 -0.20661157024793392 -0.24295317844085393 -0.13818630475015425 -0.11898920510304223 -0.14721985643022267 -0.15208177511842433 -0.13973799126637554 -0.14136125654450263 -0.1431578947368421 -0.031269543464665414 0.007901569025849417 -0.10647938377888537 -0.10746196570876601 -0.11073153492755332 -0.06947771921418304 -0.10113468179575728 -0.09549795361527966 -0.06343283582089551 -0.0775907417148869
0.039249356065252046 -0.14385255113508655 -0.12583607300759553 -0.09951400138856745 0.05312241766025263 -0.12871988663202646 0.05154639175257732 -0.15066828675577154 0.021794871794871794 -0.23191606847045834 -0.08220564057164538 -0.06485560450318159 -0.1928341864063802 -0.025572333170969314 -0.03917603942878807 -0.011091939857037223 -0.08465608465608467 -0.021935483870967748 0.0145042194092827 -0.05681818181818182 -0.024222335543090258 -0.1918819188191882 -0.1754178025364466 -0.26771101239186346 -0.13103187602368654 -0.14015151515151514 -0.10353066100345103 -0.024287357791128728 -0.017400615714094497 -0.1429602888086643 -0.1319835981547924 -0.19605513307984793 -0.1890606420927467 -0.18833535844471444 -0.06828057107386717 -0.23168033320317588 -0.072992700729927 -0.3056539420175784 0.06694903675365486 -0.22133371412251895 -0.453975420115375 -0.9363511029411764 -0.6413960476135444 -0.24125746314122093 -0.11950227916718 -0.0487743871935968 -0.08262328943971083 -0.05848713283077722 -0.04834810636583401 -0.10713237452304078 -0.6513647642679901 -6.139594500116524 -4.211361832407303 -0.5586592178770952 -0.21912106745011628 -0.16947040498442367 -0.12756729174639622 -0.18084564442180337 -0.1134585289514867 -0.21895787139689576 -0.24110910186859552 -1.0253429435015113 -1.0244130358602965 -0.4734438836818072 -0.0954387704511651 -0.23941749969147233 -0.02124734408198975 -0.1468229487970389 -0.0038348459670203283 -0.1478513196075722 -0.12015850696663684 -0.19598583234946873 -0.21700672249085978 -0.11597779148673662 -0.09077526987242394 -0.1411363912884779 -0.12715033657442035 -0.14223331253898938 -0.1112565445026178 -0.14456140350877195 -0.025015634771732336 0.007901569025849424 -0.11101042138649753 -0.09297271190533687 -0.0989515844033455 -0.07546717776712986 -0.08016773556980762 -0.10293935259828846 -0.05845771144278607 -0.08416622830089428
0.0233043051637434 -0.16408181613845807 -0.11790046479990932 -0.1087711177968063 0.05312241766025262 -0.13698630136986303 0.05277368679430535 -0.15188335358444713 0.03205128205128205 -0.24019878520154614 -0.08979385354748956 -0.07709251101321586 -0.2059278657302702 -0.01948368241597662 -0.05181347150259068 -0.0036973132856790735 -0.09788359788359789 -0.020645161290322584 0.006592827004219408 -0.06929046563192905 -0.030596634370219273 -0.20541205412054123 -0.1754178025364466 -0.259527706336217 -0.1385914073327454 -0.12626262626262624 -0.10353066100345103 -0.008947973923047425 -0.022754651318431268 -0.13140794223826716 -0.16401845207585855 -0.2554657794676807 -0.21284185493460167 -0.1907654921020656 -0.06952203600248294 -0.22907718339190422 -0.06623411732900783 -0.2977830250557524 0.08197841235141412 -0.2056261602170498 -0.6445949335339854 -1.316636029411765 -0.7396278747255287 -0.2510052394297551 -0.13059011950227917 -0.04377188594297149 -0.10457010069713402 -0.05328827657915258 -0.061778135911899 -0.11447020839448194 -0.6873449131513648 -6.292239571195526 -3.695430320898061 -0.4790205634137645 -0.20443138695066715 -0.14080996884735203 -0.11481056257175662 -0.15155374426897608 -0.10824204486176317 -0.20094235033259422 -0.22905364677516574 -0.911415949779121 -0.7370634271697232 -0.4097572698870463 -0.08676251859196825 -0.22584228063680123 -0.022497187851518555 -0.12831585441085752 0.0012782819890067728 -0.13126986320298464 -0.11504537901060974 -0.16883116883116886 -0.18870149781813894 -0.10117211597779148 -0.08464180569185475 -0.13383623311838422 -0.12964348042882073 -0.14597629444791016 -0.112565445026178 -0.1529824561403509 -0.025015634771732333 -0.01015916017609211 -0.12007249660172181 -0.08693552282057473 -0.10366356461302861 -0.0706756109247724 -0.07030093734583129 -0.09549795361527966 -0.04850746268656716 -0.08811152025249869
0.012265423770391257 -0.17532029669588672 -0.1042965650153044 -0.10067114093959732 0.059024908511391805 -0.13226263580538497 0.05768286696121748 -0.1555285540704739 0.038461538461538464 -0.24434014356709 -0.10497027949917795 -0.083210964268233 -0.2059278657302702 -0.013395031660983926 -0.07708833565019588 0.00862706433325117 -0.12962962962962962 -0.002580645161290323 -0.011867088607594936 -0.05681818181818181 -0.030596634370219276 -0.2250922509225092 -0.1611947374659239 -0.26537292494739306 -0.12599218848431398 -0.13257575757575757 -0.088930183169631 -0.026843921769142277 -0.018739124615178692 -0.14296028880866427 -0.19349051768323938 -0.3101235741444867 -0.2235434007134364 -0.1968408262454435 -0.06703910614525141 -0.22907718339190422 -0.064882400648824 -0.3004066640430277 0.09700778794917338 -0.20277024132514634 -0.8402307499372963 -1.803768382352941 -0.8309256905119611 -0.25953454368222256 -0.15769372921029937 -0.05127563781890946 -0.139426800929512 -0.058487132830777236 -0.0899811979586355 -0.12914587613736422 -0.7047146401985112 -6.229317175483571 -3.1772309785689985 -0.4184000950909307 -0.1885175664095973 -0.1308411214953271 -0.10588085214950886 -0.13881813550687722 -0.10302556077203964 -0.2037139689578714 -0.2109704641350211 -0.7695884677981863 -0.5361523186543629 -0.37731314587839454 -0.0768468021814576 -0.22213994816734547 -0.0287464066991626 -0.1258482418260333 -0.006391409945033873 -0.13679701533784716 -0.11632366099961652 -0.13931523022432118 -0.16511381059087155 -0.07896360271437383 -0.0858684985279686 -0.11680253072149896 -0.13587634006482174 -0.1372426699937617 -0.1243455497382199 -0.1487719298245614 -0.021263289555972485 -0.029348684953154985 -0.11440869959220663 -0.08089833373581261 -0.08834962893155848 -0.07666506947771923 -0.06536753823384313 -0.10169911943445369 -0.04975124378109452 -0.09337190952130459
-0.002453084754078248 -0.20229265003371544 -0.10316290669992063 -0.12149965285813469 0.05666391217093614 -0.15233821445441664 0.05522827687776142 -0.17861482381530985 0.03717948717948717 -0.2678078409718388 -0.09738206652333374 -0.10156632403328439 -0.18569217950244016 -0.01826595226497808 -0.05939593074687223 -0.004929751047572099 -0.11375661375661375 -0.024516129032258062 -0.005274261603375531 -0.06374722838137471 -0.03442121366649668 -0.2386223862238622 -0.16119473746592386 -0.2712181435585691 -0.1146528915207257 -0.12626262626262624 -0.08362091850278737 -0.021730793813115174 -0.021416142417347073 -0.14151624548736463 -0.21783700666324962 -0.3873574144486692 -0.24732461355529134 -0.2260024301336573 -0.07324643078833024 -0.24599765716516986 -0.07028926736955933 -0.31614849796667976 0.10110670856674406 -0.21847779523061545 -1.0308502633559067 -2.4230238970588234 -0.9395585346122732 -0.28755940051175827 -0.17124553406430945 -0.0750375187593797 -0.16008262328943973 -0.07538341564855733 -0.11818426000537201 -0.14528911065453476 -0.6985111662531016 -5.847121883010954 -2.698718675586801 -0.35777962676809705 -0.1628106255355613 -0.09968847352024922 -0.09312412297486926 -0.10188487009679063 -0.09259259259259259 -0.18847006651884704 -0.18565400843881857 -0.6335735875377818 -0.4053264805513376 -0.3544820956500841 -0.059494298463063956 -0.21103295075897818 -0.029996250468691414 -0.12214682294879704 -0.010226255912054194 -0.13541522730413152 -0.1227150709446504 -0.11924439197166473 -0.15214058261587454 -0.07649599012954963 -0.07850834151128558 -0.12045260980654579 -0.13089005235602091 -0.1472239550842171 -0.12827225130890052 -0.15298245614035086 -0.013758599124452783 -0.050795800880460554 -0.1144086995922066 -0.08452064718666989 -0.06125574272588054 -0.07546717776712986 -0.04193389245189935 -0.10045888627061887 -0.02860696517412935 -0.09074171488690162
-0.030663559425978166 -0.21690267475837266 -0.10202924838453689 -0.11455681555195556 0.04367843229842994 -0.15115729806329714 0.04050073637702504 -0.18347509113001215 0.03205128205128205 -0.26780784097183874 -0.11255849247502211 -0.10646108663729807 -0.17735983811451014 -0.003653190452995615 -0.058132187539491974 -2.0816681711721684e-18 -0.1177248677248677 -0.02709677419354839 -0.01186708860759494 -0.06929046563192906 -0.053544110147883725 -0.2607626076260763 -0.16949152542372875 -0.2712181435585691 -0.12221242282978455 -0.12121212121212122 -0.08760286700292011 -0.025565639780135496 -0.03480123142818899 -0.1415162454873646 -0.26140440799589953 -0.4729087452471483 -0.27942925089179543 -0.21992709599027943 -0.08566108007448789 -0.2512039567877132 -0.089213300892133 -0.3279548734094188 0.09700778794917339 -0.2213337141225189 -1.161274140958114 -3.122702205882353 -1.1013521322084825 -0.3058364810527598 -0.1995811260317851 -0.07253626813406704 -0.18202943454686288 -0.07148427345983882 -0.136986301369863 -0.13795127678309363 -0.6811414392059554 -5.252854812398043 -2.2644290735911095 -0.3173659812195412 -0.15301750520259522 -0.08722741433021806 -0.08291873963515754 -0.08278145695364239 -0.08346374543557643 -0.16906873614190687 -0.17842073538276074 -0.5045338293420134 -0.34224973718023594 -0.3124248978610911 -0.061973227565691624 -0.19622362088115514 -0.03624546931633545 -0.12338062924120911 -0.007669691934040648 -0.14232416747270968 -0.13421960884571138 -0.10743801652892562 -0.1379879702795141 -0.0715607649599013 -0.08096172718351327 -0.11923591677819687 -0.1396160558464223 -0.14971927635683094 -0.1243455497382199 -0.15298245614035086 -0.02876797998749218 -0.06885653008240207 -0.1042138649750793 -0.0808983337358126 -0.05889975262103899 -0.0706756109247724 -0.0370004933399112 -0.10045888627061887 -0.022388059701492536 -0.0867964229352972
-0.04783515270452594 -0.2292650033715442 -0.09976193175376942 -0.10298542004165703 0.029512454255695902 -0.14643363249881908 0.03927344133529701 -0.17132442284325639 0.03717948717948718 -0.2595251242407509 -0.11002908814974073 -0.12236906510034262 -0.16664682775860012 -0.007306380905991232 -0.05939593074687224 -0.01602169090460932 -0.11111111111111112 -0.04387096774193549 -0.006592827004219409 -0.08453436807095344 -0.06629270780214176 -0.2878228782287823 -0.16830627000118525 -0.2630348375029226 -0.12851203225400026 -0.11994949494949496 -0.08096628616936555 -0.016617665857088074 -0.02944719582385223 -0.13429602888086642 -0.31522296258329063 -0.6166825095057034 -0.3139120095124851 -0.22721749696233298 -0.09683426443202979 -0.2551086815046206 -0.08786158421194917 -0.3148366784730421 0.10383932231179123 -0.20419820077109813 -1.250313518936544 -3.7982536764705883 -1.3070611348665202 -0.33995369806262943 -0.2291487002587163 -0.083791895947974 -0.19235734572682675 -0.08058227190018195 -0.15713134568896053 -0.146756677428823 -0.6439205955334988 -4.561873689116756 -1.8119968250368523 -0.30191370498038744 -0.1395519647447668 -0.08473520249221185 -0.05612960836841434 -0.07004584819154355 -0.0704225352112676 -0.15659645232815964 -0.1567209162145871 -0.42664496628691007 -0.2628197640462563 -0.27517423696226867 -0.05825483391175011 -0.18388251264963595 -0.0274965629296338 -0.1147439851943245 0.0012782819890067778 -0.1285062871355534 -0.14572414674677234 -0.09445100354191263 -0.1273735110272438 -0.05058605798889575 -0.08709519136408245 -0.10585229346635845 -0.14584891548242332 -0.14472863381160322 -0.12696335078534032 -0.14596491228070174 -0.03627267041901189 -0.09143244158482898 -0.09968282736746717 -0.07486114465105047 -0.062433737778301336 -0.07666506947771921 -0.023433645781943756 -0.11038075158129727 -0.02114427860696517 -0.09731720147290898
-0.045382067950447684 -0.24499887615194424 -0.07028681555379208 -0.0983568618375376 0.048400424979341286 -0.1558809636277752 0.05768286696121747 -0.1737545565006075 0.055128205128205134 -0.2484815019326339 -0.11002908814974073 -0.11869799314733236 -0.15950482085466017 -0.009741841207988312 -0.05181347150259067 -0.02464875523786049 -0.09391534391534392 -0.04129032258064516 0.010548523206751051 -0.08453436807095345 -0.08159102498725139 -0.3321033210332104 -0.18489984591679506 -0.26771101239186346 -0.13985132921758853 -0.1351010101010101 -0.07963897000265463 -0.026843921769142277 -0.03212421362602061 -0.1371841155234657 -0.3664787288569964 -0.9291825095057034 -0.3828775267538645 -0.2600243013365735 -0.10180012414649287 -0.27723545490042956 -0.0689375506893755 -0.32795487340941887 0.1134034704194562 -0.20134228187919465 -1.3105091547529473 -4.3278952205882355 -1.583265919334335 -0.3862556354331669 -0.2648761857829247 -0.10505252626313158 -0.21559514588174541 -0.0987782687808682 -0.18130539887187752 -0.15996477839741707 -0.5992555831265509 -3.821952924726171 -1.4264655856673094 -0.29240461191013906 -0.12608642428693845 -0.10342679127725855 -0.028064804184207166 -0.08023433520122263 -0.04825247782994262 -0.17184035476718404 -0.13261000602772754 -0.38828179493141135 -0.20558345987618268 -0.2571497236241288 -0.03966286564204264 -0.18881895594224363 -0.003749531308586429 -0.1283158544108575 0.02428735779112872 -0.1492331076412878 -0.14444586475776555 -0.09681227863046045 -0.11086212996815661 -0.029611351017890197 -0.07360157016683025 -0.09611874923956684 -0.13587634006482172 -0.14098565190268247 -0.11256544502617802 -0.13614035087719295 -0.05628517823639775 -0.10836437521164917 -0.10194834617127321 -0.0808983337358126 -0.06125574272588056 -0.09583133684714902 -0.00740009866798224 -0.12154285005581049 -0.01243781094527363 -0.11572856391372961
-0.05887403409787808 -0.2618565969880872 -0.06688584060764087 -0.10529969914371673 0.041317435957974255 -0.15942371280113368 0.05891016200294551 -0.18104495747266097 0.05641025641025641 -0.2512424075096632 -0.11129379031238143 -0.11625061184532551 -0.14522080704678014 -0.013395031660983926 -0.050549728295210414 -0.025881192999753517 -0.08201058201058199 -0.04 0.014504219409282698 -0.07206208425720621 -0.10326364099949004 -0.37023370233702335 -0.2074196989451227 -0.2770633621697451 -0.1524505480660199 -0.14393939393939395 -0.08096628616936555 -0.03707017768119648 -0.02944719582385223 -0.14296028880866424 -0.43695540748334183 -1.2262357414448668 -0.5267538644470868 -0.29040097205346294 -0.12911235257603973 -0.2876480541455161 -0.07975128413084617 -0.3371376098648826 0.1134034704194562 -0.1956304440953877 -1.302984700275897 -4.82766544117647 -1.8548480295851149 -0.42159132447910325 -0.291979795490945 -0.11255627813906954 -0.21946811257423185 -0.10787626722121132 -0.179962395917271 -0.15409451130026414 -0.5372208436724566 -3.1053367513400145 -1.0930944551536457 -0.2805182455723285 -0.12608642428693845 -0.1071651090342679 -0.015308075009567546 -0.07896077432501274 -0.03912363067292644 -0.1815410199556541 -0.11452682338758288 -0.3522436642641246 -0.14951524354631468 -0.24273011295361696 -0.029747149231531978 -0.18141429100333212 0.004999375078115232 -0.11967921036397285 0.03707017768119648 -0.14646953157385656 -0.14444586475776558 -0.11334120425029517 -0.09317136454770611 -0.030845157310302285 -0.07482826300294405 -0.08516851198442632 -0.13089005235602094 -0.13225202744853398 -0.10994764397905761 -0.12350877192982453 -0.060037523452157605 -0.12078112653798397 -0.08382419574082466 -0.07486114465105047 -0.057721757568618214 -0.09702922855773838 0.00246669955599408 -0.1302244822026541 -0.00373134328358209 -0.11967385586533404
-0.0686863731141911 -0.2854574061586873 -0.062351207346105886 -0.12265679240916454 0.03541494510683508 -0.16887104393008975 0.041728031418753066 -0.18955042527339003 0.047435897435897434 -0.25814467145223635 -0.1201467054508663 -0.13215859030837002 -0.12855612427092014 -0.02679006332196785 -0.050549728295210414 -0.03820557061868376 -0.07142857142857142 -0.05290322580645161 0.03955696202531646 -0.07621951219512196 -0.11728709841917388 -0.42312423124231247 -0.24653312788906007 -0.2794014496142156 -0.16378984502960814 -0.14898989898989898 -0.09025749933634193 -0.04729643359325068 -0.03078570472493642 -0.15306859205776174 -0.47796002050230657 -1.6314163498098861 -0.7954815695600477 -0.3438639125151883 -0.15145872129112353 -0.3045685279187817 -0.09732360097323602 -0.33320215138396947 0.11886869790955049 -0.19848636298729122 -1.2716328066215203 -5.063189338235294 -2.0778920605570326 -0.47885951017424155 -0.3153874584205988 -0.13006503251625814 -0.2285050348567002 -0.12477255003899142 -0.16787536932581254 -0.15556207807455238 -0.4404466501240695 -2.4213470053600563 -0.8198208413652344 -0.2935932485439201 -0.1175174439955931 -0.12087227414330218 0.006378364587319813 -0.08532857870606216 -0.001304121022430879 -0.18431263858093128 -0.10729355033152502 -0.3289932573820042 -0.11447260834014716 -0.2415284787310743 -0.024789291026276646 -0.18141429100333212 0.0037495313085864233 -0.11721159777914866 0.03962674165921003 -0.1575238358435816 -0.13421960884571135 -0.12632821723730814 -0.07430121476589222 -0.032078963602714373 -0.060107948969578016 -0.08151843289937948 -0.12465719272001996 -0.12850904553961323 -0.09162303664921466 -0.11508771929824561 -0.06253908692933083 -0.13545546901456146 -0.07702763932940644 -0.07969089591886018 -0.06832371304040522 -0.10541447053186392 0.0012333497779970406 -0.1401463475133325 0.0024875621890547255 -0.12756443976854287
-0.07972525450754324 -0.3023151269948303 -0.06915315723840834 -0.14117102522564223 0.023609963404556726 -0.1735947094945678 0.03804614629356898 -0.181044957472661 0.03974358974358974 -0.24986195472114855 -0.11255849247502211 -0.13827704356338716 -0.11189144149506011 -0.025572333170969314 -0.05560470112473146 -0.03820557061868376 -0.07407407407407404 -0.04774193548387096 0.043512658227848104 -0.06374722838137473 -0.14915859255481895 -0.47478474784747854 -0.33187151831219625 -0.3016132803366846 -0.2003275796900592 -0.16792929292929293 -0.12476771967082559 -0.07030550939537263 -0.05354035604336769 -0.16895306859205772 -0.5112762685802152 -2.1173954372623576 -1.3460166468489894 -0.4167679222357229 -0.19863438857852264 -0.32539372640895486 -0.12706136793728035 -0.34500852682670863 0.09017625358655554 -0.21133799800085679 -1.2064208678204165 -5.02297794117647 -2.206171270079741 -0.5324722797611794 -0.34002710360970795 -0.14632316158079042 -0.23625096824167308 -0.1325708344164284 -0.15981735159817353 -0.14382154388024654 -0.3424317617866005 -1.820088557445817 -0.5975734210227918 -0.2947818851777012 -0.1175174439955931 -0.13707165109034267 0.0063783645873198135 -0.10061130922058074 0.010432968179447055 -0.19678492239467849 -0.10126582278481014 -0.3127179725645199 -0.0829342366545964 -0.23191540495073298 -0.02107089737233515 -0.19252128841169938 -0.006249218847644046 -0.12708204811844542 0.03195704972516937 -0.16719635207959097 -0.12910648088968427 -0.12750885478158208 -0.06958367732043874 -0.022208513263417645 -0.0564278704612365 -0.0742182747292858 -0.12216404886561953 -0.11353711790393013 -0.08900523560209425 -0.1010526315789474 -0.06003752345215759 -0.13997065131504682 -0.06116900770276392 -0.07486114465105048 -0.06950170809282599 -0.09822712026832774 -0.00986679822397632 -0.13270494853032372 -0.0024875621890547268 -0.12756443976854287
-0.08585796639273888 -0.3191728478309732 -0.0782224237614783 -0.1446424438787318 0.0059024908511391815 -0.18776570618800187 0.022091310751104563 -0.18712029161603888 0.02564102564102564 -0.24434014356709 -0.12141140761350702 -0.15051395007342144 -0.1154624449470301 -0.03896736483195324 -0.07203336282067484 -0.036973132856790734 -0.07671957671957669 -0.03612903225806451 0.04878691983122362 -0.0512749445676275 -0.1695563488016318 -0.5116851168511685 -0.42313618584805024 -0.32265606733691843 -0.2293057830414514 -0.17045454545454544 -0.1499867268383329 -0.049852997571264226 -0.06424842725204123 -0.155956678700361 -0.5292157867760123 -2.5499049429657794 -2.1212841854934603 -0.5407047387606317 -0.24953445065176907 -0.3696472732005727 -0.1567991349013247 -0.36993309720582446 0.06558272988113131 -0.23132943024418107 -1.126160020065212 -4.866727941176471 -2.231595978273431 -0.6007067137809187 -0.3794505359122829 -0.1738369184592296 -0.25948876839659174 -0.14036911879386535 -0.16653236637120603 -0.14822424420311126 -0.23076923076923075 -1.2095082731298066 -0.4093434629776619 -0.27932960893854747 -0.11751744399559312 -0.14080996884735203 -0.0051026916698558465 -0.08787570045848192 0.01825769431403234 -0.18569844789356985 -0.10849909584086799 -0.30458033015577773 -0.070085270412335 -0.22470559961547706 -0.03346554288547347 -0.2023941749969147 -0.026246719160104987 -0.13695249845774213 0.006391409945033874 -0.17686886831560036 -0.14061101879074525 -0.13459268004722552 -0.07312183040452884 -0.01727328809376928 -0.06256133464180569 -0.07908504684268158 -0.12465719272001993 -0.11228945726762321 -0.10209424083769633 -0.09824561403508772 -0.057535959974984376 -0.13206908228919742 -0.05097417308563661 -0.06037189084762136 -0.07303569325008834 -0.07546717776712986 -0.024666995559940803 -0.10541981892595809 -0.007462686567164178 -0.10783798001052076
-0.06500674598307371 -0.31580130366374465 -0.08275705702301325 -0.13422818791946312 0.0023609963404556725 -0.1783183750590458 0.0233186057928326 -0.17496962332928312 0.0141025641025641 -0.2277747101049144 -0.11255849247502214 -0.15051395007342144 -0.14164980359481014 -0.058451047247929856 -0.05939593074687223 -0.03943800838057678 -0.06349206349206349 -0.02193548387096774 0.05537974683544304 -0.038802660753880266 -0.17593064762876082 -0.5436654366543665 -0.7194500414839398 -0.502688800561141 -0.26458359581705937 -0.1919191919191919 -0.16856915317228563 -0.05368784353828454 -0.07763351626288315 -0.1631768953068592 -0.5035879036391593 -2.5463403041825097 -2.7288941736028534 -0.9003645200486027 -0.30043451272501553 -0.4008850709358323 -0.1649094349824277 -0.37518037518037517 0.046454433665801334 -0.23132943024418107 -0.9342864309004263 -4.462316176470589 -2.114873454293309 -0.6287315706104544 -0.39423432302574846 -0.19384692346173088 -0.25561580170410536 -0.13776969066805303 -0.16384636046199302 -0.13795127678309366 -0.17245657568238215 -0.8005127010020974 -0.2982197528064406 -0.24961369309402115 -0.10650018362100624 -0.13333333333333333 -0.017859420844495467 -0.07004584819154355 0.005216484089723526 -0.1690687361419069 -0.10006027727546714 -0.28946756568239945 -0.05840439201027918 -0.20427781783225188 -0.023549826474962815 -0.18635073429593976 -0.019997500312460944 -0.1295496607032696 0.0012782819890067756 -0.17548708028188473 -0.1316630448676978 -0.1369539551357733 -0.08019813657270905 0.007402837754472547 -0.04538763493621197 -0.06813480958754106 -0.12341062079281975 -0.09232688708671241 -0.10340314136125654 -0.07859649122807018 -0.04377736085053158 -0.11852353538774127 -0.05777072949705482 -0.05674957739676406 -0.054187772411355875 -0.061092477240057494 -0.018500246669955596 -0.08309562197693168 -0.014925373134328356 -0.09731720147290898
-0.05151477983564331 -0.3180489997752304 -0.09976193175376939 -0.1469567229807915 -0.008263487191594854 -0.18068020784128483 0.01595483554246441 -0.15674362089914945 -2.7755575615628915e-18 -0.21258972943125345 -0.10117617301125584 -0.15296133137542828 -0.17021783121057016 -0.11203117389186557 -0.05939593074687224 -0.04683263495193493 -0.04894179894179893 -0.01806451612903226 0.06856540084388185 -0.04296008869179601 -0.18357980622131564 -0.5793357933579336 -1.1176958634585754 -0.8896422726209959 -0.32128008063500063 -0.22979797979797975 -0.2044066896734802 -0.05752268950530487 -0.10038816758131441 -0.1776173285198556 -0.48692977960020495 -2.5190114068441067 -3.030915576694411 -1.2940461725394896 -0.39106145251396646 -0.43602759338799946 -0.19870235198702352 -0.3778040141676505 0.012296761852712114 -0.2327573896901328 -0.7348883872585904 -3.9590992647058827 -1.983127239107824 -0.6665042037285245 -0.4139460391770358 -0.21135567783891948 -0.24657887942163698 -0.12737197816480375 -0.14907332796132153 -0.12767830936307603 -0.13027295285359802 -0.4952225588440923 -0.2018369429640548 -0.23416141685486744 -0.09303464316317786 -0.11838006230529594 -0.021686439596887357 -0.04202750891492614 0.007824726134585288 -0.1441241685144124 -0.09644364074743819 -0.2801674029295513 -0.056068216329868005 -0.20788272049987983 -0.012394645513138316 -0.18018018018018017 -0.006249218847644045 -0.11967921036397286 0.012782819890067748 -0.16995992814702224 -0.12143678895564361 -0.1487603305785124 -0.08845382710225262 0.020974706971005553 -0.04784102060843966 -0.06205134444579633 -0.12839690850162055 -0.07735495945102931 -0.09554973821989529 -0.07017543859649122 -0.03877423389618511 -0.10497798848628512 -0.06230176710466697 -0.07969089591886018 -0.06125574272588056 -0.05390512697652132 -0.025900345337937836 -0.06201165819174005 -0.013681592039800993 -0.0867964229352972
-0.05028823745860419 -0.2989435828276017 -0.12470241469221177 -0.1342281879194631 -0.02242946523432889 -0.16650921114785072 0.00859106529209622 -0.1336573511543135 -0.007692307692307693 -0.17531750414135835 -0.1201467054508663 -0.15051395007342144 -0.21068920366623017 -0.1802240623477837 -0.09604448376089977 -0.06285432585654424 -0.056878306878306875 -0.005161290322580649 0.06724683544303797 -0.03464523281596453 -0.2014278429372769 -0.5928659286592867 -1.4768282564892734 -1.5174187514613044 -0.43215320650119693 -0.2626262626262626 -0.23626227767454205 -0.06391409945033874 -0.11645027439432472 -0.176173285198556 -0.48692977960020506 -2.4548479087452475 -3.0903686087990483 -1.612393681652491 -0.521415270018622 -0.4659638162176233 -0.21897810218978103 -0.37124491669946214 -0.004098920617570707 -0.20991003855490503 -0.5555555555555556 -3.3180147058823537 -1.8375130012712357 -0.6713780918727915 -0.4422816311445116 -0.23386693346673337 -0.24657887942163698 -0.12477255003899142 -0.1248992747784045 -0.11887290871734665 -0.10173697270471464 -0.36005593101841066 -0.12246286427032542 -0.20801141091168426 -0.09058636307993634 -0.12585669781931463 -0.025513458349279244 -0.05603667855323483 0.01956181533646322 -0.13996674057649666 -0.10488245931283906 -0.263892118112067 -0.06424483121130709 -0.20187454938716654 -0.012394645513138323 -0.1740096260644206 0.0062492188476440435 -0.10980876002467613 0.03195704972516937 -0.15614204780986596 -0.1176019429886233 -0.15702479338842976 -0.11086212996815663 0.03824799506477483 -0.04048086359175663 -0.05475118627570265 -0.12091747693841937 -0.05988771054273238 -0.07984293193717278 -0.043508771929824566 -0.047529706066291436 -0.09143244158482901 -0.0668328047122791 -0.09659502535619413 -0.07656967840735068 -0.05270723526593195 -0.029600394671928952 -0.05084955971722684 -0.011194029850746268 -0.07759074171488689
-0.03924935606525205 -0.29220049449314456 -0.1462419226845029 -0.1388567461235825 -0.030692952425923736 -0.16887104393008973 0.0 -0.12636695018226002 -0.02564102564102564 -0.1656543346217559 -0.1201467054508663 -0.15051395007342144 -0.23806689679800025 -0.25450560155869456 -0.13901175281182865 -0.08503820557061867 -0.06349206349206349 -0.002580645161290323 0.05537974683544304 -0.022172949002217297 -0.20907700152983172 -0.5940959409594095 -1.6593575915609815 -2.1358428805237315 -0.6173617235731385 -0.2904040404040404 -0.29068224050968944 -0.06519238143934551 -0.16062106813010307 -0.1732851985559567 -0.4613018964633522 -2.379990494296578 -3.0951248513674194 -1.8201701093560145 -0.6890130353817504 -0.5284394116881427 -0.25141930251419303 -0.3738685556867375 -0.04508812679327777 -0.2084820791089533 -0.42011537496864804 -2.5723805147058822 -1.6433606841557844 -0.6372608748629218 -0.461993347295799 -0.25887943971985994 -0.24399690162664603 -0.12867169222770988 -0.12087026591458501 -0.1159377751687702 -0.08560794044665013 -0.3087858308086693 -0.07710624787390861 -0.17591822179959588 -0.08324152283021177 -0.11339563862928348 -0.03316749585406301 -0.04839531329597554 0.011737089201877932 -0.13442350332594233 -0.0916214587100663 -0.25459195535921875 -0.05957247985048475 -0.20067291516462388 -0.013634110064452157 -0.17277551524126872 0.007499062617172853 -0.09253547193090686 0.020452511824108392 -0.14232416747270968 -0.11376709702160297 -0.14521841794569068 -0.13091166411133387 0.040715607649599014 -0.041707556427870454 -0.05231780021900475 -0.12465719272001996 -0.053649407361197755 -0.0942408376963351 -0.037894736842105266 -0.04002501563477173 -0.07224291680776612 -0.0792931581332125 -0.09780246317314657 -0.08599363882671693 -0.03713464302827024 -0.043167242229896395 -0.026044896440530825 -0.029850746268656712 -0.05523408732246184
-0.02821047467189991 -0.2697235333782872 -0.14737558099988662 -0.1538995602869706 -0.02479046157478456 -0.1771374586679263 -0.013500245459008348 -0.13122721749696234 -0.041025641025641026 -0.17669795692987297 -0.11382319463766281 -0.14317180616740088 -0.24401856921795026 -0.30321480759863617 -0.17186907620371542 -0.09366526990386986 -0.0687830687830688 -0.0038709677419354826 0.06460970464135021 -0.023558758314855877 -0.2090770015298317 -0.5633456334563346 -1.7174351072656158 -2.884030862754267 -0.893284616353786 -0.31186868686868685 -0.3291744093443058 -0.05880097149431164 -0.18471422834961854 -0.17039711191335744 -0.411327524346489 -2.243346007604563 -3.070154577883472 -2.01093560145808 -0.8466790813159527 -0.5831055577248472 -0.26628818599621523 -0.3830512921422012 -0.05465227490094275 -0.22561759246037413 -0.31226486079759214 -1.8566176470588232 -1.397203282098694 -0.6092360180333861 -0.461993347295799 -0.2851425712856428 -0.23366899044668216 -0.12867169222770988 -0.0846091861402095 -0.11887290871734665 -0.07444168734491315 -0.2784898625029131 -0.024946139018029258 -0.14263639605372636 -0.05018974170645122 -0.09968847352024922 -0.03444316877152698 -0.034386143657666846 0.022170057381324982 -0.1302660753880266 -0.0916214587100663 -0.24064171122994651 -0.05840439201027917 -0.19586637827445325 -0.006197322756569161 -0.16783907194866102 0.0062492188476440435 -0.07896360271437385 0.01917422983510162 -0.14232416747270968 -0.08947973923047425 -0.13695395513577333 -0.11793843613633681 0.03824799506477483 -0.015947006869479884 -0.053534493247353696 -0.11094490152081775 -0.04865876481597005 -0.07853403141361255 -0.03929824561403509 -0.02001250781738587 -0.04853820973021786 -0.062301767104666964 -0.08935039845447959 -0.06596772293556366 -0.022759942501197887 -0.033300444005920075 -0.009921865310678398 -0.006218905472636815 -0.04602840610205154
-0.03924935606525205 -0.24949426837491573 -0.18138533046139896 -0.18051376996065724 -0.04958092314956912 -0.18186112423240436 -0.023318605792832594 -0.1324422843256379 -0.05 -0.18498067366096077 -0.1302643227519919 -0.15051395007342144 -0.2654445899297703 -0.34583536288358496 -0.2527486414760521 -0.11091939857037221 -0.10846560846560846 -0.007741935483870968 0.021097046413502112 -0.0291019955654102 -0.21035186129525751 -0.5227552275522755 -1.7257318952234204 -3.6076689268178628 -1.3380370417034144 -0.3573232323232323 -0.3623573135120786 -0.061357535472325184 -0.20345335296479722 -0.16895306859205778 -0.3792926704254228 -1.9403517110266162 -3.020214030915576 -2.069258809234508 -1.0279329608938548 -0.6325654041390083 -0.30548796972154635 -0.38829857011675184 -0.08061210547889056 -0.23846922747393973 -0.24956107348883877 -1.2798713235294117 -1.0909511152201545 -0.5470939441939807 -0.4681532585930763 -0.3039019509754877 -0.23237800154918667 -0.12087340785027294 -0.07386516250335749 -0.11300264162019373 -0.06451612903225808 -0.2691680261011419 0.01814264655856673 -0.12599548318079162 -0.03182764108213979 -0.08971962616822429 -0.031891822936599055 -0.02419765664798778 0.033907146583202916 -0.10947893569844791 -0.10126582278481014 -0.22552894675656826 -0.05840439201027917 -0.1742369622686854 -0.016113039167079825 -0.14932740960138222 0.0012498437695288116 -0.06662553979025292 0.0102262559120542 -0.1285062871355534 -0.0920363032084878 -0.13223140495867772 -0.13327043283406062 0.016039481801357183 -0.023307163886162895 -0.05718457233240054 -0.12091747693841937 -0.03992514036182158 -0.0981675392670157 -0.03789473684210526 -0.008755472170106318 -0.029348684953154985 -0.054372451291345714 -0.08693552282057473 -0.0765696784073507 -0.011978917105893628 -0.03823384311790824 0.006201165819174009 -0.009950248756218902 -0.030247238295633878
-0.02453084754078253 -0.23038885142728702 -0.1757170388844802 -0.20365656098125434 -0.04603942863888562 -0.19721303731695794 -0.031909671084928815 -0.13973268529769137 -0.055128205128205134 -0.19326339039204857 -0.1226761097761477 -0.16397454723445914 -0.27258659683371034 -0.40185094982951775 -0.3171995450524453 -0.14419521814148387 -0.11507936507936507 -0.019354838709677424 0.03164556962025316 -0.04157427937915743 -0.1988781234064253 -0.4932349323493234 -1.7103235747303542 -4.148936170212766 -1.9516189996220235 -0.4494949494949495 -0.4074860631802496 -0.08436661127444715 -0.22085396867889173 -0.18916967509025273 -0.3088159917990774 -1.655180608365019 -2.8680142687277046 -2.0899149453219925 -1.1421477343265054 -0.7132630482884291 -0.3298188699648553 -0.41191132100223005 -0.09017625358655554 -0.26560045694702267 -0.23200401304238777 -0.7088694852941179 -0.7627412458107015 -0.48373339831850865 -0.4632253295552545 -0.32266133066533265 -0.24399690162664597 -0.1182739797244606 -0.06446414182111201 -0.11300264162019373 -0.05955334987593053 -0.2749941738522489 0.027213969837850092 -0.11648639011054321 -0.014689680499449137 -0.09595015576323987 -0.043372879193774715 -0.04202750891492614 0.040427751695357325 -0.1164079822616408 -0.09885473176612417 -0.23134154847709837 -0.06774909473192384 -0.16342225426580148 -0.02602875557759048 -0.15426385289398986 -0.016247969003874516 -0.07279457125231338 -0.008947973923047428 -0.13126986320298467 -0.08436661127444715 -0.1192443919716647 -0.1297322797499705 0.013571869216533004 0.004906771344455345 -0.053534493247353696 -0.10969832959361756 -0.046163443543356206 -0.08376963350785341 -0.051929824561403506 -0.003752345215759849 -0.016931933626820193 -0.05663797009515179 -0.09297271190533686 -0.08010366356461303 -0.017968375658840442 -0.043167242229896395 0.0012402331638347974 -0.004975124378109453 -0.03156233561283535
-0.013491966147430392 -0.21240728253540123 -0.18932093866908514 -0.22911363110391111 -0.055483414000708296 -0.20193670288143598 -0.029455081001472753 -0.14094775212636695 -0.047435897435897434 -0.1932633903920486 -0.12520551410142908 -0.16519823788546256 -0.2928222830615403 -0.4444715051144666 -0.4056615695690636 -0.18979541533152577 -0.126984126984127 -0.03225806451612904 0.02637130801687764 -0.04850332594235033 -0.1950535441101479 -0.4612546125461255 -1.6640986132511557 -4.464577975216273 -2.705052286758221 -0.5883838383838385 -0.4473055481815769 -0.10354084110954878 -0.23557756659081783 -0.20216606498194944 -0.2575602255253716 -1.2583174904942964 -2.5838287752675386 -2.0704738760631836 -1.2265673494723774 -0.7809449433814917 -0.34333603676669366 -0.4250295159386067 -0.08471102609646126 -0.2656004569470227 -0.22949586155003762 -0.3630514705882353 -0.49231480411418005 -0.4130620202266358 -0.4718492053714427 -0.3476738369184592 -0.2569067906016008 -0.12087340785027294 -0.0738651625033575 -0.10566480774875257 -0.06823821339950373 -0.2680027965509205 0.04082095475677514 -0.09152502080114108 -0.0048965601664830456 -0.08847352024922119 -0.05612960836841433 -0.03311258278145695 0.027386541471048513 -0.11502217294900222 -0.09403254972875227 -0.2325040688212044 -0.08527041233500758 -0.16342225426580148 -0.035944471988101134 -0.14315685548562257 -0.02249718785151856 -0.054287476866132015 -0.019174229835101624 -0.10916125466353459 -0.09075802121948104 -0.10625737898465171 -0.15096119825451115 0.013571869216533004 -0.0012266928361138387 -0.04988441416230685 -0.10471204188481675 -0.04865876481597005 -0.08638743455497383 -0.06456140350877193 -0.0037523452157598508 -0.00790156902584942 -0.05777072949705482 -0.09780246317314656 -0.08363764872187536 -0.02156205079060853 -0.03576714356191416 0.009921865310678402 -0.0012437810945273603 -0.01841136244082062
-0.0036796271311173787 -0.20116880197797257 -0.18138533046139893 -0.24184216616523954 -0.06610789753275882 -0.2007557864903165 -0.03927344133529701 -0.14459295261239366 -0.05128205128205129 -0.19188293760353398 -0.13911723789047678 -0.18477728830151738 -0.30353529341745034 -0.5236239649293717 -0.49159610767092127 -0.27113630761646534 -0.1335978835978836 -0.07096774193548387 0.0290084388185654 -0.07899113082039913 -0.18485466598674144 -0.43788437884378845 -1.5835012445181937 -4.586158522328735 -3.449666120700516 -0.7714646464646464 -0.48181576851606056 -0.11888022497763007 -0.24093160219515464 -0.21227436823104692 -0.21527421834956434 -0.7735266159695817 -2.028537455410226 -2.0170109356014585 -1.2948479205462446 -0.8421189639463751 -0.3460394701270614 -0.4197822379640561 -0.06421642300860772 -0.24989290304155362 -0.22824178580386256 -0.24126838235294118 -0.2935398127816942 -0.3716339710003655 -0.4533694714796107 -0.38269134567283636 -0.2840175574490059 -0.12997140629061604 -0.0872951920494225 -0.10859994129732904 -0.07071960297766751 -0.26916802610114193 0.04649053180632726 -0.08558183763223584 0.004896560166483044 -0.07850467289719626 -0.04975124378109453 -0.01782985226693836 0.04564423578508085 -0.09977827050997781 -0.08559373116335142 -0.24180423157405256 -0.08176614881439084 -0.17183369382360011 -0.04957858205255329 -0.13945452301616684 -0.024996875390576177 -0.05305367057371992 -0.019174229835101624 -0.10087052646124087 -0.08308832928544038 -0.11334120425029517 -0.14388489208633096 -0.034546576187538564 -0.02208047105004907 -0.06691811655919211 -0.10346546995761656 -0.06737367436057393 -0.08376963350785341 -0.08280701754385963 -0.0012507817385866156 -0.006772773450728074 -0.053239691889442685 -0.10504709007486113 -0.09188361408882081 -0.028749401054144707 -0.028367044893931926 0.008681632146843598 0.013681592039800993 -0.02235665439242504
0.0012265423770391267 -0.1888064733648011 -0.16778143067679402 -0.24878500347141866 -0.08027387557549286 -0.2031176192725555 -0.029455081001472753 -0.15674362089914945 -0.03205128205128205 -0.19878520154610715 -0.1327937270772733 -0.17376407244248654 -0.2844899416736103 -0.5565026790063323 -0.5838493618096803 -0.36726645304412125 -0.16402116402116404 -0.08645161290322581 0.023734177215189868 -0.09562084257206209 -0.17848036715961244 -0.41574415744157445 -1.4910513215597962 -4.595510872106617 -4.288774096006047 -1.13510101010101 -0.5242898858508097 -0.18151604243896205 -0.2489626556016598 -0.25415162454873647 -0.18708354689902612 -0.34814638783269963 -1.2461355529131988 -1.92588092345079 -1.3134698944754812 -0.9332292073408824 -0.3609083536090835 -0.4263413354322445 -0.03962289930318349 -0.24418106525774666 -0.21695510408828694 -0.23552389705882354 -0.19646365422396858 -0.2985256488363591 -0.42256991499322416 -0.41270635317658827 -0.2956364575264653 -0.1442682609825838 -0.08058017727639 -0.1218080422659231 -0.07444168734491316 -0.27615940340247025 0.045356616396416825 -0.10103411387138952 0.00856898029134533 -0.08224299065420561 -0.03827018752391887 -0.04457463066734589 0.06259780907668232 -0.12610864745011088 -0.07112718505123568 -0.2336665891653104 -0.06774909473192384 -0.17904349915885606 -0.04957858205255329 -0.14562507713192646 -0.016247969003874513 -0.057988895743368296 -0.00255656397801355 -0.10501589056238772 -0.06519238143934551 -0.10625737898465171 -0.12855289538860717 -0.03701418877236275 -0.0331207065750736 -0.059617958389098426 -0.09598603839441537 -0.07361197754210855 -0.06151832460732985 -0.08982456140350877 -0.010006253908692931 -1.3877787807814458e-18 -0.053239691889442685 -0.14006278676648148 -0.10366356461302861 -0.05869669381887878 -0.023433645781943763 -0.014882797966017613 0.02487562189054726 -0.05128879537085744
-0.004906169508156507 -0.1719487525286581 -0.172316063938329 -0.25109928257347836 -0.10742533349073309 -0.22201228153046765 -0.045409916543937175 -0.16038882138517616 -0.03076923076923077 -0.20154610712313642 -0.1302643227519919 -0.17131669114047968 -0.25354124508987025 -0.5455431076473454 -0.6091242259572854 -0.5287157998521075 -0.20105820105820107 -0.11612903225806452 0.019778481012658226 -0.11363636363636362 -0.18357980622131564 -0.36039360393603936 -1.2113310418395165 -4.393266308159925 -4.4538238629204985 -2.0845959595959593 -0.698168303689939 -0.22242106608717882 -0.29179494043635396 -0.2685920577617329 -0.1883649410558688 -0.31368821292775667 -0.6385255648038051 -1.5808019441069256 -1.2960893854748605 -0.986593778471951 -0.4636388213030549 -0.444706808343172 -0.069681650498702 -0.25560474082536055 -0.21193880110358668 -0.2412683823529412 -0.19993065988674447 -0.25709759961008893 -0.3843784649501048 -0.40520260130065033 -0.3150012909888975 -0.1650636859890824 -0.083266183185603 -0.12621074258878778 -0.07940446650124071 -0.2796550920531345 0.022678308198208416 -0.10460002377273267 -0.006120700208103808 -0.09221183800623053 -0.04082153335884679 -0.061130922058074376 0.06781429316640585 -0.13996674057649666 -0.06751054852320675 -0.22087886538014417 -0.07592570961336294 -0.18024513338139872 -0.05949429846306394 -0.1542638528939899 -0.024996875390576177 -0.05675508945095621 -0.006391409945033874 -0.10639767859610334 -0.06519238143934553 -0.10743801652892562 -0.12147658922042696 -0.05058605798889575 -0.04906771344455348 -0.07665166078598369 -0.08850660683121417 -0.08359326263256393 -0.05628272251308901 -0.09684210526315788 -0.005003126954346464 0.0022575911502426896 -0.048708654281830535 -0.13402559768171937 -0.11426552008481564 -0.09223766171538092 -0.02960039467192896 -0.03472652858737442 0.026119402985074626 -0.05786428195686481
-0.013491966147430392 -0.15846257585974374 -0.16324679741525902 -0.24184216616523954 -0.1274938023846063 -0.23736419461502128 -0.06750122729504174 -0.16524908869987848 -0.05384615384615384 -0.2056874654886803 -0.1479701530289617 -0.1627508565834557 -0.22021187953815025 -0.4992693619094009 -0.6394540629344116 -0.6852353956125216 -0.3055555555555556 -0.14580645161290323 -0.0369198312236287 -0.12749445676274945 -0.19122896481387047 -0.3025830258302583 -0.82612302951286 -3.9724105681552495 -4.428625425223636 -3.003787878787879 -0.9901778603663394 -0.25054326984532793 -0.3319502074688797 -0.2613718411552347 -0.18708354689902615 -0.28992395437262364 -0.31985731272294887 -1.1871202916160386 -1.238981998758535 -1.0295457503579333 -0.592051905920519 -0.46044864226682414 -0.10793824292936191 -0.26131657860916746 -0.23074993729621268 -0.2366727941176471 -0.233445047960245 -0.2095771902034848 -0.37575458913391646 -0.396448224112056 -0.38084172476116707 -0.1910579672472056 -0.128928283642224 -0.12914587613736425 -0.08312655086848637 -0.2703332556513634 -0.006803492459462527 -0.09152502080114108 -0.019586240665932182 -0.09470404984423676 -0.057405281285878296 -0.0751400916963831 0.04825247782994262 -0.14828159645232816 -0.06630500301386377 -0.19879097884212973 -0.07942997313397968 -0.1490026435952896 -0.07808626673277144 -0.13822041219301495 -0.05499312585926759 -0.04318322023442319 -0.03195704972516937 -0.09672516236009396 -0.08564489326345391 -0.09563164108618653 -0.12973227974997054 -0.057988895743368296 -0.06501472031403337 -0.10341890740966053 -0.10720518573921715 -0.10230817217716781 -0.08900523560209424 -0.10947368421052632 -0.008755472170106315 0.004515182300485382 -0.03624830086089714 -0.09780246317314659 -0.11779950524207798 -0.09343555342597029 -0.05180069067587567 -0.048369093389557236 0.0037313432835820864 -0.05917937927406628
-0.013491966147430392 -0.14048100696785792 -0.14510826436911914 -0.22795649155288125 -0.13103529689528984 -0.266887104393009 -0.06995581737849779 -0.16403402187120292 -0.06153846153846153 -0.2056874654886803 -0.1479701530289617 -0.15785609397944195 -0.1940245208903702 -0.4322942036044813 -0.6331353468975103 -0.7801331032782844 -0.3928571428571429 -0.1690322580645161 -0.06460970464135021 -0.13996674057649666 -0.17848036715961244 -0.2730627306273063 -0.46224961479198773 -3.31540799625906 -4.284994330351518 -3.7954545454545454 -1.4467746217148925 -0.2914482934935447 -0.3506893320840584 -0.2628158844765343 -0.16786263454638647 -0.2768536121673003 -0.24494649227110585 -0.8371810449574728 -1.1260086902545001 -0.9970063777170374 -0.7191132738577994 -0.48274957365866467 -0.11750239103702691 -0.26417249750107097 -0.21946325558063706 -0.22863051470588233 -0.25655841904541776 -0.17302302912148165 -0.3486509794258963 -0.3189094547273636 -0.4169894138910405 -0.20015596568754876 -0.14773032500671499 -0.12034047549163489 -0.06699751861042184 -0.263341878350035 -0.007937407869372947 -0.09152502080114108 -0.011017260374586852 -0.07975077881619938 -0.05102691669855849 -0.07641365257259297 0.0352112676056338 -0.1441241685144124 -0.0482218203737191 -0.18484073471285747 -0.06190865553089592 -0.12737322758952171 -0.06445215666831927 -0.13204985807725536 -0.05249343832020997 -0.039481801357186916 -0.03962674165921003 -0.08981622219151583 -0.08564489326345393 -0.0755608028335301 -0.11675905177497348 -0.048118445404071564 -0.07850834151128558 -0.11680253072149897 -0.11468461730241834 -0.10979413599500935 -0.12041884816753927 -0.12210526315789476 -0.0025015634771732324 0.005643977875606725 -0.030584503851381967 -0.06761651774933593 -0.11308752503239487 -0.09463344513655966 -0.06290083867784904 -0.05829095870023564 -0.009950248756218909 -0.061809573908469216
-0.012265423770391266 -0.13149022252191506 -0.13717265616143295 -0.22564221245082156 -0.12631330421437847 -0.32002834199338687 -0.06995581737849779 -0.18833535844471444 -0.05256410256410256 -0.2277747101049144 -0.14670545086632097 -0.15173764072442483 -0.16545649327461015 -0.36897223575255716 -0.5964867938834828 -0.8503820557061867 -0.458994708994709 -0.19096774193548388 -0.04746835443037975 -0.15105321507760533 -0.1708312085670576 -0.2595325953259533 -0.28209079056536684 -2.6841243862520456 -4.05316870354038 -4.348484848484849 -2.1250331829041675 -0.3898760066470664 -0.3319502074688797 -0.29602888086642604 -0.15504869297796006 -0.26378326996197715 -0.21165279429250888 -0.6415552855407048 -0.9646182495344509 -0.9644670050761421 -0.843471208434712 -0.537845992391447 -0.09154256045907912 -0.2784520919605883 -0.20065211938801103 -0.23667279411764705 -0.2588697561539351 -0.1742415011575484 -0.31169151164223236 -0.2801400700350175 -0.43377226955848186 -0.23394853132310894 -0.136986301369863 -0.12914587613736425 -0.06823821339950373 -0.2586809601491494 -0.010205238689193782 -0.10103411387138952 -0.007344840249724573 -0.09096573208722741 -0.03954586044138283 -0.09424350483953134 0.04564423578508085 -0.15521064301552107 -0.036166365280289325 -0.1801906533364334 -0.054900128489662414 -0.12617159336697906 -0.0384234010907288 -0.13945452301616687 -0.03624546931633545 -0.06169031462060456 -0.015339383868081296 -0.10087052646124087 -0.07541863735139973 -0.07792207792207793 -0.1037858237999764 -0.039481801357186916 -0.06992149165848871 -0.13748631220343108 -0.08975317875841436 -0.11478477854023705 -0.09424083769633507 -0.12631578947368421 -0.0012507817385866162 0.0011287955751213454 -0.026053466243769825 -0.07003139338324077 -0.09541759924608315 -0.11379971250598946 -0.0555007400098668 -0.08681632146843606 0.014925373134328354 -0.08416622830089428
-0.009812339016313013 -0.13036637446617216 -0.13150436458451423 -0.21407081694052305 -0.12867430055483414 -0.33774208786017945 -0.08836524300441825 -0.19684082624544347 -0.05641025641025641 -0.23329652125897296 -0.14417604654103958 -0.1443954968184043 -0.15117247946673015 -0.3129566488066244 -0.558574497662075 -0.9021444417056939 -0.5304232804232805 -0.21677419354838712 -0.05669831223628693 -0.1579822616407982 -0.161907190209077 -0.2619926199261993 -0.2097902097902098 -1.90671031096563 -3.7079501070933603 -4.575757575757576 -2.979824794265994 -0.5087562316246965 -0.3426582786775532 -0.3191335740072202 -0.15248590466427475 -0.2578422053231939 -0.19024970273483946 -0.4386391251518833 -0.8007448789571694 -0.9189118833788885 -1.012435793457691 -0.6165551620097075 -0.11340347041945623 -0.2898757675282022 -0.19939804364183597 -0.22863051470588241 -0.2692707731422628 -0.1620567807968807 -0.30060367130713317 -0.22886443221610797 -0.4750839142783373 -0.25604367039251363 -0.177276390008058 -0.12474317581449956 -0.06451612903225806 -0.2563505010487066 -0.029481800657670938 -0.10578866040651372 -0.01836210062431142 -0.09595015576323987 -0.042097206276310764 -0.11716760061130924 0.040427751695357325 -0.1593680709534368 -0.02411091018685955 -0.17437805161590328 -0.06190865553089592 -0.12737322758952177 -0.030986613782845805 -0.13945452301616687 -0.03374578177727784 -0.08389882788402221 -0.017895947846094846 -0.11468840679839713 -0.08053176530742681 -0.07201889020070838 -0.1155796674136101 -0.01850709438618138 -0.08832188420019628 -0.1314028470616863 -0.08975317875841436 -0.10979413599500935 -0.10078534031413611 -0.12210526315789472 -0.007504690431519701 0.0011287955751213454 -0.037381060262800185 -0.0579570152137165 -0.09895158440334549 -0.09583133684714902 -0.0740009866798224 -0.09301748728761007 -3.122502256758253e-18 -0.0775907417148869
0.008585796639273887 -0.12699483029894357 -0.10996485659222313 -0.1967137236750752 -0.12395230787392278 -0.3530940009447331 -0.11536573392243496 -0.20170109356014582 -0.07435897435897436 -0.23881833241303146 -0.1302643227519919 -0.1260401370533529 -0.1261754553029401 -0.25450560155869456 -0.48780487804878037 -0.90460931722948 -0.58994708994709 -0.2296774193548387 -0.047468354430379736 -0.1496674057649667 -0.14405915349311577 -0.26691266912669126 -0.16475050373355454 -1.1643675473462705 -3.2052412750409474 -4.563131313131313 -3.8093973984603138 -0.6736546082065704 -0.3774595101057422 -0.34079422382671476 -0.12685802152742184 -0.2590304182509505 -0.16409036860879905 -0.36208991494532206 -0.6294227188081936 -0.8837693609267214 -1.1759935117599352 -0.7188770825134461 -0.148927449105069 -0.2984435242039126 -0.18309505894156008 -0.21254595588235295 -0.26118109326245226 -0.16449372486901426 -0.2661081680423802 -0.1875937968984492 -0.4802478698683192 -0.28463737977644915 -0.21488047273704 -0.12327560904021136 -0.05086848635235732 -0.2621766487998135 -0.0328835468874022 -0.11173184357541899 -0.024482800832415226 -0.09221183800623053 -0.05357826253348642 -0.12098828323993886 0.010432968179447059 -0.16768292682926828 -0.007233273056057865 -0.16042780748663102 -0.05022777712884009 -0.1237683249218938 -0.02107089737233515 -0.14192274466247073 -0.031246094238220223 -0.08266502159161011 -0.03323533171417614 -0.11468840679839713 -0.0664706634283523 -0.05430932703659976 -0.10614459252270314 0.022208513263417638 -0.08954857703631011 -0.11680253072149896 -0.09473946646721516 -0.09856519026824703 -0.11125654450261782 -0.11789473684210523 0.0037523452157598503 0.007901569025849419 -0.03171726325328501 -0.03501569669162039 -0.08481564377429614 -0.08265452803066603 -0.0740009866798224 -0.09425772045144488 -0.016169154228855724 -0.07627564439768543
0.020851220409665156 -0.12137559002022927 -0.09636095680761819 -0.16778523489932887 -0.11332782434187223 -0.33774208786017945 -0.1448208149239077 -0.18712029161603888 -0.07435897435897436 -0.22225289895085587 -0.1289996205893512 -0.10401370533529124 -0.11546244494703013 -0.1948368241597662 -0.4132440288133452 -0.8947498151343357 -0.6402116402116402 -0.24129032258064517 -0.06592827004219408 -0.1441241685144124 -0.14023457419683835 -0.25830258302583026 -0.1363043735925092 -0.6032265606733691 -2.528663222880181 -4.454545454545455 -4.620387576320679 -0.8999105202607696 -0.404229688127426 -0.3350180505415162 -0.11916965658636598 -0.2423954372623574 -0.1652794292508918 -0.3171324422843257 -0.4978274363749223 -0.8095795913054797 -1.3327926466612596 -0.8592417683326774 -0.18581773466320536 -0.28844780808225046 -0.16679207424128417 -0.1964613970588235 -0.26118109326245226 -0.15961983672474717 -0.23900455833436 -0.15507753876938465 -0.4712109475858508 -0.3106316610345724 -0.247112543647596 -0.10859994129732904 -0.03722084367245657 -0.24702866464693543 -0.024946139018029254 -0.11054320694163795 -0.020810380707552943 -0.08473520249221184 -0.04337287919377472 -0.1120733571064697 -0.0013041210224308875 -0.1538248337028825 0.0012055455093429777 -0.14415252266914672 -0.04672351360822334 -0.12136505647680844 -0.013634110064452157 -0.11847463902258423 -0.018747656542932135 -0.05922270203578038 -0.028122203758149045 -0.08152549398922206 -0.06007925348331842 -0.04132231404958677 -0.10142705507724967 0.04071560764959902 -0.10058881256133465 -0.11315245163645211 -0.10720518573921715 -0.07985028072364317 -0.10994764397905761 -0.10105263157894735 -0.0025015634771732324 0.011287955751213451 -0.029451744449478935 -0.03501569669162038 -0.07303569325008832 -0.07546717776712986 -0.05426739023186975 -0.07937492248542727 -0.013681592039800997 -0.06180957390846923
0.03189010180301729 -0.1045178691840863 -0.07935608207686204 -0.13307104836843325 -0.09798134812891038 -0.331837505904582 -0.17795778105056456 -0.19441069258809235 -0.07948717948717948 -0.21535063500828272 -0.11888200328822562 -0.08443465491923642 -0.1035591001071301 -0.15099853872381883 -0.33236446354100846 -0.8664037466107961 -0.6891534391534391 -0.24258064516129027 -0.08043248945147681 -0.1385809312638581 -0.13258541560428355 -0.2373923739237392 -0.12919284105724785 -0.2583586626139817 -1.719793372810886 -4.305555555555555 -5.1420228298380675 -1.250159785248626 -0.4296613572480257 -0.3350180505415162 -0.11788826242952333 -0.21269011406844104 -0.16409036860879905 -0.2952612393681652 -0.4022346368715084 -0.7314850969673306 -1.490943498242768 -1.1504656959202415 -0.2418363164366717 -0.2941596458660574 -0.14923501379483323 -0.1642922794117647 -0.2577140875996764 -0.16936761301328135 -0.2143649131452507 -0.12006003001500747 -0.4479731474309321 -0.3457239407330387 -0.2645715820574805 -0.10419724097446434 -0.021091811414392054 -0.23071545094383597 -0.028347885247760513 -0.11054320694163795 -0.025706940874035994 -0.07975077881619938 -0.03954586044138283 -0.11716760061130922 -0.00912884715701617 -0.15521064301552107 0.0036166365280289334 -0.13136479888398048 -0.04555542576801776 -0.11295361691900985 -0.014873574615765989 -0.12217697149204002 -0.02374703162104737 -0.08389882788402221 -0.03579189569218969 -0.0981069503938096 -0.04857471558225744 -0.028335301062573787 -0.09435074890906946 0.05058605798889575 -0.09690873405299313 -0.11315245163645211 -0.11967090501121913 -0.06737367436057393 -0.1112565445026178 -0.0870175438596491 -0.0062539086929330814 0.027091093802912285 -0.03851381966470322 -0.02656363197295339 -0.06950170809282599 -0.06588404408241495 -0.04933399111988161 -0.07317375666625325 -0.019900497512437814 -0.0631246712256707
0.028210474671899917 -0.0865363002922005 -0.07142047386917583 -0.10182828049062716 -0.08853736276708772 -0.32120925838450637 -0.20986745213549338 -0.19805589307411905 -0.09102564102564101 -0.20706791827719492 -0.10623498166181866 -0.05017131669114048 -0.09403642423521011 -0.07306380905991233 -0.2527486414760521 -0.7986196697066797 -0.7288359788359788 -0.23612903225806448 -0.09625527426160338 -0.12610864745011088 -0.12621111677715452 -0.20541205412054123 -0.12563707478961716 -0.09819967266775778 -0.9386418042081388 -4.095959595959597 -5.432705070347756 -1.6055221781925095 -0.4698166242805515 -0.3234657039711191 -0.12173244490005124 -0.20080798479087453 -0.16171224732461356 -0.29161603888213855 -0.29795158286778395 -0.6416764284784591 -1.5896188158961881 -1.6056670602125145 -0.3183495012979915 -0.3084392403255748 -0.14672686230248308 -0.14361213235294118 -0.2600254247081937 -0.15596442061654683 -0.2106689663668843 -0.08754377188594298 -0.4053705138135812 -0.3730179360540681 -0.29546065001343 -0.11153507484590548 -0.01364764267990074 -0.22022838499184338 -0.02041047737838757 -0.10578866040651373 -0.015913820541069892 -0.07975077881619938 -0.03316749585406302 -0.12735608762098827 -0.01825769431403234 -0.1662971175166297 0.006027727546714889 -0.1162520344106022 -0.04672351360822334 -0.10454217736121123 0.002478929102627666 -0.11477230655312845 -0.013748281464816898 -0.07526218383713756 -0.03834845967020324 -0.09534337432637832 -0.05752268950530487 -0.003541912632821724 -0.09788890199315955 0.08883405305367058 -0.07973503434739941 -0.09976882832461371 -0.13213662428322112 -0.05240174672489083 -0.1243455497382199 -0.07719298245614034 -0.008755472170106315 0.041765436279489775 -0.04870865428183054 -0.02294131852209611 -0.06007774767345977 -0.06588404408241495 -0.03700049333991121 -0.06945305717474885 -0.02238805970149254 -0.06443976854287217
0.025757389917821664 -0.07754551584625759 -0.08275705702301327 -0.09719972228650775 -0.07082989021367019 -0.3188474256022674 -0.23809523809523814 -0.21871202916160387 -0.10769230769230768 -0.2139701822197681 -0.09738206652333375 -0.042829172785119926 -0.09284608975122009 -0.02922552362396493 -0.1592316441299128 -0.7012570865171308 -0.7394179894179894 -0.24774193548387094 -0.11075949367088608 -0.11086474501108648 -0.1236613972463029 -0.17835178351783515 -0.12208130852198648 -0.056114098667290155 -0.06551593801184329 -3.7297979797979806 -5.540217679851341 -1.9212578294771827 -0.5126489091152456 -0.30902527075812275 -0.11532547411583802 -0.1936787072243346 -0.16290130796670627 -0.2770352369380316 -0.22222222222222224 -0.5141220877261488 -1.5923222492565556 -2.2418995146267875 -0.40442683426697634 -0.3355704697986578 -0.1417105593177828 -0.1275275735294118 -0.2611810932624523 -0.14987206043621298 -0.2082050018479734 -0.03876938469234617 -0.3718048024786987 -0.3912139329347543 -0.32769272092398605 -0.10859994129732901 -0.00992555831265509 -0.2120717781402936 -0.02381222360811883 -0.09390229406870321 -0.015913820541069896 -0.07850467289719626 -0.04082153335884679 -0.11334691798267957 -0.04303599374021909 -0.15521064301552107 0.007233273056057867 -0.1162520344106022 -0.0630767433711015 -0.10334054313866858 0.013634110064452157 -0.11477230655312846 -0.0024996875390576197 -0.07526218383713756 -0.03834845967020324 -0.10225231449495646 -0.06519238143934551 0.0035419126328217233 -0.11086212996815663 0.09253547193090686 -0.07728164867517176 -0.09246867015452002 -0.1520817751184243 -0.02869619463505927 -0.15314136125654448 -0.06175438596491227 0.0012507817385866177 0.04515182300485381 -0.05210693248753965 -0.0012074378169524287 -0.04947579220167275 -0.04671777671298516 -0.03206709422792303 -0.040927694406548434 -0.041044776119402986 -0.0486586007364545
0.02330430516374341 -0.07305012362328614 -0.08162339870762952 -0.09141402453135848 -0.054302915830480455 -0.28814359943316015 -0.23809523809523808 -0.2697448359659781 -0.11282051282051282 -0.21258972943125345 -0.09864676868597445 -0.037934410181106215 -0.08332341387930009 -0.023136872868972234 -0.14153923922658918 -0.5447374907567167 -0.7195767195767196 -0.29806451612903223 -0.11998945147679325 -0.09839246119733927 -0.11218765935747066 -0.17712177121771217 -0.09363517838094107 -0.058452186111760576 0.13103187602368654 -2.7613636363636362 -5.386249004512875 -2.000511312795603 -0.49390978450006695 -0.29602888086642604 -0.12173244490005124 -0.17823193916349808 -0.1605231866825208 -0.24787363304981777 -0.19490999379267537 -0.40739294546401156 -1.4949986482833197 -3.0696576151121606 -0.5875119551851345 -0.35270598315007856 -0.13167795334838223 -0.11603860294117647 -0.25193574482838316 -0.13890581211161204 -0.22052482444252805 -0.030015007503751877 -0.36276788019623035 -0.41980764231868994 -0.4270749395648671 -0.12914587613736425 0.0012406947890818872 -0.20624563038918664 -0.0034017462297312633 -0.08439320099845476 -0.009793120332966091 -0.06604361370716512 -0.04464855211123868 -0.08660213958227204 -0.061293688054251436 -0.14689578713968957 0.010849909584086801 -0.11392699372239015 -0.05139586496904567 -0.1057438115837539 0.018591968269707486 -0.11106997408367272 0.003749531308586429 -0.0715607649599013 -0.03962674165921002 -0.10363410252867211 -0.06263581746133197 0.012987012987012988 -0.10496520816133978 0.09376927822331896 -0.06992149165848872 -0.06448473050249423 -0.1558214909000249 -0.009981285090455403 -0.15968586387434555 -0.05473684210526316 -0.007504690431519696 0.041765436279489775 -0.038513819664703214 0.0036223134508572797 -0.05065378725409353 -0.019166267369429807 -0.03453379378391711 -0.008681632146843605 -0.036069651741293535 -0.03550762756443977
0.0367962713111738 -0.06967857945605754 -0.0782224237614783 -0.08562832677620921 -0.02242946523432889 -0.25862068965517243 -0.22091310751104568 -0.31834750911300125 -0.0923076923076923 -0.20706791827719492 -0.07588212975844187 -0.029368575624082228 -0.06665873110344006 -0.013395031660983926 -0.10109945659042083 -0.38082326842494457 -0.6243386243386244 -0.3419354838709677 -0.07911392405063292 -0.07067627494456766 -0.10071392146863847 -0.18327183271832717 -0.07467109162024417 -0.06195931727846621 0.16127000125992189 -1.7891414141414141 -5.096894080169896 -2.0286335165537515 -0.45910855307187787 -0.28303249097472927 -0.11276268580215273 -0.16397338403041825 -0.17479191438763375 -0.2187120291616039 -0.16263190564866542 -0.2941559286736951 -1.3354960800216273 -3.757051029778302 -0.7692307692307693 -0.3598457803798373 -0.10283421118635563 -0.09995404411764706 -0.21726568820062403 -0.1279395637870111 -0.18849328569668594 -0.006253126563281641 -0.31629227988639297 -0.49129191577852865 -0.5560032232070911 -0.13354857646022894 0.01240694789081886 -0.20158471218830107 0.018142646558566733 -0.07250683466064425 0.002448280083241522 -0.052336448598130844 -0.02934047710167113 -0.0674987264391238 -0.07433489827856024 -0.1524390243902439 0.020494273658830622 -0.11160195303417811 -0.03971498656698984 -0.11055034847392453 0.03718393653941497 -0.10613353079106505 0.032495938007749026 -0.0567550894509562 -0.01661766585708807 -0.10087052646124087 -0.03962674165921002 0.009445100354191263 -0.08491567401816254 0.09376927822331894 -0.04784102060843965 -0.02920063268037475 -0.14335577162802293 0.013724266999376167 -0.1387434554973822 -0.03789473684210527 -0.007504690431519696 0.04289423185461112 -0.030584503851381967 -0.0024148756339048556 -0.05065378725409353 -0.009583133684714903 -0.014800197335964483 0.021083963785191617 -0.023631840796019897 -0.03287743293003682
0.04292898319636943 -0.09103169251517196 -0.07482144881532707 -0.09719972228650778 -0.021248967064101055 -0.2326405290505432 -0.235640648011782 -0.3876063183475091 -0.10512820512820512 -0.22777471010491443 -0.049323384342987234 -0.026921194322075383 -0.040471372455660036 0.004870920603994156 -0.06824213319853405 -0.26867143209267935 -0.5396825396825398 -0.38838709677419353 -0.06856540084388185 -0.060975609756097573 -0.08669046404895461 -0.18573185731857317 -0.058077515704634354 -0.07832592938975919 0.1348116416782159 -0.9734848484848484 -4.633660737987788 -2.0567557203119007 -0.4443849551599518 -0.2931407942238268 -0.09994874423372632 -0.17110266159695817 -0.17360285374554102 -0.2235722964763062 -0.14152700186219738 -0.2707275803722504 -1.184103811841038 -4.273907910271547 -0.9591474245115453 -0.39126088819077537 -0.07775269626285428 -0.09765625 -0.19299664856119264 -0.11575484342634337 -0.1601576937292103 -0.04502251125562782 -0.2840175574490059 -0.6810501689628281 -0.7910287402632286 -0.1614323451717053 0.016129032258064516 -0.2004194826380797 0.03515137770722304 -0.061809104956614756 0.0159138205410699 -0.06105919003115264 -0.03954586044138283 -0.05476311767702498 -0.10041731872717788 -0.17184035476718404 0.02772754671488849 -0.1267147175075564 -0.04672351360822334 -0.1201634222542658 0.03594447198810114 -0.11724052819943231 0.0287464066991626 -0.05428747686613202 -0.023009075802121946 -0.12021555893325964 -0.021730793813115174 -0.004722550177095632 -0.06722490859771199 0.09500308451573104 -0.03189401373895977 -0.013383623311838427 -0.14834205933682373 0.021210230817217717 -0.12827225130890055 -0.043508771929824566 0.005003126954346468 0.034992662828761706 -0.01472587222473947 0.0 -0.036517846625044176 -0.009583133684714903 0.0037000493339911173 0.04960932655339204 -0.011194029850746268 -0.043398211467648606
0.05151477983564332 -0.08653630029220051 -0.06461852397687337 -0.08447118722517936 -0.023609963404556723 -0.1735947094945678 -0.23932253313696616 -0.4119076549210206 -0.1205128205128205 -0.21811154058531196 -0.020235234602251174 -0.020802741067058244 -0.01785501725985002 0.009741841207988308 -0.04296726905092885 -0.1824007887601676 -0.4576719576719577 -0.43612903225806454 -0.07911392405063292 -0.0443458980044346 -0.06246812850586436 -0.17589175891758915 -0.026075619295958287 -0.07364975450081833 0.11339296963588255 -0.39772727272727276 -3.9169100079638968 -2.0171289786526905 -0.4283228483469415 -0.26425992779783397 -0.08969759097898514 -0.16991444866920152 -0.16409036860879905 -0.20777642770352373 -0.1253879577901924 -0.23818820773135493 -1.0097323600973236 -4.5834973107700385 -1.1517966935373685 -0.4069684420962445 -0.07148231753197892 -0.0861672794117647 -0.18606263723564082 -0.09869623492140855 -0.14414192435628925 -0.06378189094547274 -0.24786986831913244 -0.9253964127891863 -1.1133494493687885 -0.18784854710889345 0.02729528535980149 -0.2155674667909578 0.053294024265789774 -0.06537501485795791 0.0318276410821398 -0.0735202492211838 -0.04209720627631076 -0.052215995924605206 -0.12910798122065728 -0.19401330376940132 0.03013863773357444 -0.1220646361311323 -0.03971498656698984 -0.12977649603460706 0.03098661378284582 -0.1160064173762804 0.03249593800774903 -0.02837754472547811 -0.03962674165921002 -0.11745198286582836 -0.025565639780135496 0.004722550177095632 -0.06840429295907538 0.10240592227020359 -0.03312070657507361 0.012166930283489474 -0.16454749439042632 0.042420461634435434 -0.14136125654450266 -0.030877192982456142 0.011257035647279553 0.032735071678519016 -0.005663797009515178 0.008452064718666991 -0.029449876310519495 -0.0023957834211787306 0.009866798223976323 0.09425772045144487 -0.022388059701492536 -0.0341925302472383
0.04047589844229117 -0.08878399640368623 -0.07142047386917583 -0.0833140476741495 -0.023609963404556726 -0.15115729806329714 -0.21968581246931765 -0.44835965978128794 -0.11794871794871795 -0.21258972943125345 -0.029088149740736056 -0.0036710719530102785 -0.021426020711820017 0.029225523623964928 -0.04423101225830911 -0.102292334237121 -0.3928571428571428 -0.46193548387096783 -0.09229957805907173 -0.026330376940133036 -0.07266700662927078 -0.16359163591635917 -0.029631385563588956 -0.08767827916764089 0.056696484817941296 -0.14015151515151517 -3.052827183435094 -1.951936597213345 -0.4069067059295944 -0.24548736462093865 -0.08713480266529985 -0.1627851711026616 -0.16527942925089179 -0.20048602673147023 -0.10924891371818748 -0.21866458414681764 -0.8015679913490132 -4.709431982159255 -1.2597349364667305 -0.4112523204340997 -0.06144971156257838 -0.08501838235294118 -0.179128625910089 -0.08163762641647374 -0.12073426142663543 -0.07003501750875438 -0.20655822359927703 -1.254224070704445 -1.4155251141552512 -0.2127971822717934 0.01861042183622829 -0.21090654859007224 0.06349926295498355 -0.057054558421490556 0.03305178112376056 -0.07476635514018691 -0.05357826253348641 -0.044574630667345905 -0.1643192488262911 -0.22172949002217296 0.03134418324291742 -0.12322715647523833 -0.03153837168555075 -0.1345830329247777 0.029747149231531978 -0.11477230655312846 0.03749531308586427 0.0012338062924120944 -0.0460181516042439 -0.11607019483211274 -0.02940048574715582 0.003541912632821724 -0.06368675551362189 0.09623689080814311 -0.025760549558390584 0.019467088453583165 -0.16454749439042632 0.05988771054273238 -0.14397905759162305 -0.026666666666666672 0.005003126954346468 0.033863867253640365 -0.004531037607612142 -0.004829751267809709 -0.040051831782306514 -0.02275994250119789 0.011100148001973356 0.12774401587498452 -0.027363184079601987 -0.043398211467648606
0.03434318655709554 -0.1022701730726006 -0.07028681555379208 -0.0786854894700301 -0.020068468893873218 -0.1358053849787435 -0.19636720667648505 -0.5018226002430134 -0.1141025641025641 -0.21258972943125345 -0.035411660553939545 -0.0024473813020068507 -0.01785501725985002 0.023136872868972237 -0.05054972829521041 -0.06901651466600936 -0.33597883597883593 -0.48645161290322586 -0.11471518987341771 -0.015243902439024399 -0.07011728709841918 -0.14391143911439114 -0.04029868436648098 -0.0888473228898761 0.010079375078745132 -0.09595959595959595 -2.2046721529068223 -1.8292215262686948 -0.36808994779815285 -0.22093862815884474 -0.08841619682214251 -0.15922053231939165 -0.16171224732461353 -0.17861482381530985 -0.08690254500310368 -0.18872836131719378 -0.5907001892403352 -4.713367440640168 -1.3020904495149612 -0.4169641582179066 -0.06521193880110358 -0.08386948529411765 -0.17566162024731308 -0.06945290605580604 -0.11827029690772453 -0.07128564282141071 -0.20139426800929514 -1.5765531583051728 -1.8009669621273168 -0.2348106838861168 0.02481389578163772 -0.1992542530878583 0.06803492459462523 -0.04041364554855581 0.03672420124862284 -0.07102803738317756 -0.05612960836841434 -0.05348955680081509 -0.1930099113197705 -0.2439024390243903 0.036166365280289325 -0.14066496163682865 -0.03153837168555075 -0.14179283826003364 0.03470500743678731 -0.11724052819943229 0.03999500062492188 0.017273288093769282 -0.04090502364821679 -0.11607019483211276 -0.03579189569218969 -0.009445100354191265 -0.06486613987498527 0.07526218383713758 -0.02085377821393523 0.0012166930283489473 -0.15083520319122415 0.048658764815970056 -0.13481675392670156 -0.03508771929824561 0.002501563477173234 0.027091093802912292 -0.004531037607612142 -0.019319005071238828 -0.042407821887148076 -0.02515572592237662 0.006166748889985196 0.16619124395386334 -0.014925373134328356 -0.03156233561283535
0.024530847540782538 -0.09665093279388627 -0.07708876544609454 -0.07868548947003008 -0.02124896706410105 -0.13226263580538497 -0.1632302405498282 -0.5443499392466585 -0.11923076923076925 -0.2236333517393705 -0.03288225622865816 0.003671071953010281 -0.01190334483990001 0.031660983925962005 -0.03791229622140781 -0.0406704461424698 -0.26587301587301587 -0.5006451612903227 -0.10021097046413503 -0.009700665188470065 -0.05864354920958694 -0.13407134071340712 -0.045039706056655214 -0.09118541033434652 -0.02267859392717651 -0.10732323232323233 -1.351207857711707 -1.623418126038604 -0.3239191540623744 -0.20794223826714803 -0.08585340850845721 -0.1520912547528517 -0.15338882282996433 -0.15552855407047386 -0.06455617628801988 -0.1535858388650267 -0.3771289537712895 -4.6005509641873275 -1.2966252220248669 -0.4155361987719549 -0.06521193880110358 -0.08386948529411767 -0.1733502831387958 -0.07188985012793955 -0.10718245657262535 -0.07128564282141071 -0.1897753679318358 -1.8442942552638422 -2.22938490464679 -0.28617552098620486 0.028535980148883377 -0.20741085993940805 0.07937407869372945 -0.036847735647212644 0.04896560166483046 -0.062305295950155756 -0.04847557086363057 -0.07641365257259299 -0.23213354199269692 -0.27023281596452325 0.037371910789632305 -0.13601488026040456 -0.0350426352061675 -0.13578466714732035 0.03346554288547347 -0.11724052819943231 0.028746406699162598 0.02714373843306601 -0.05752268950530487 -0.13679701533784716 -0.03962674165921003 -0.007083825265643448 -0.06722490859771199 0.0740283775447255 -0.022080471050049063 0.004866772113395789 -0.14584891548242335 0.049906425452276984 -0.14267015706806283 -0.03649122807017544 0.015009380863039398 0.02257591150242691 0.0033982782057091093 -0.010866940352571844 -0.027093886205677938 -0.028749401054144707 0.003700049333991119 0.18975567406672453 -0.01119402985074627 -0.04471330878485007
0.01471850852446952 -0.09552708473814339 -0.0918263235460832 -0.08099976857208979 -0.01652697438318971 -0.12281530467642891 -0.11045655375552284 -0.5589307411907655 -0.12051282051282053 -0.2319160684704583 -0.027823447578095357 0.003671071953010279 -0.005951672419950009 0.04992693619094009 -0.03285732339188677 -0.01602169090460932 -0.20767195767195767 -0.5148387096774194 -0.11207805907172994 -0.0055432372505543216 -0.0395206527281999 -0.12792127921279212 -0.027260874718501842 -0.10755202244563948 -0.04409726596950989 -0.11994949494949496 -0.7817892221927264 -1.2923430908858493 -0.2864409048320171 -0.1963898916967509 -0.08200922603792929 -0.15446768060836502 -0.15101070154577884 -0.14216281895504254 -0.05090006207324643 -0.1340622152804894 -0.1743714517437145 -4.325068870523415 -1.273398005191966 -0.40982436098814795 -0.051417105593177824 -0.09880514705882353 -0.15948226048769215 -0.06336054587547216 -0.08993470494024886 -0.0662831415707854 -0.18848437903434034 -2.015856511567455 -2.7007789417136716 -0.3287349574405636 0.03101736972704715 -0.22255884409228616 0.08731148656310239 -0.028527279210745264 0.062431142122658836 -0.06479750778816198 -0.043372879193774715 -0.16556291390728478 -0.3364632237871675 -0.30903547671840353 0.037371910789632305 -0.1325273192280865 -0.038546898726784254 -0.13097813025714972 0.0421417947446703 -0.11353819572997655 0.03999500062492188 0.04688463911165947 -0.05880097149431164 -0.13956059140527843 -0.043461587626230355 -0.004722550177095631 -0.08019813657270905 0.08019740900678594 -0.025760549558390577 0.01216693028348948 -0.13089005235602097 0.044915782907049284 -0.16099476439790578 -0.04210526315789474 0.03377110694183865 0.01467434247657749 0.018124150430448578 -0.0048297512678097095 -0.010601955471787019 -0.028749401054144707 0.009866798223976318 0.20587870519657697 -0.004975124378109453 -0.05391899000526039
0.03311664418005642 -0.09889862890537197 -0.08729169028454822 -0.09372830363341819 -0.010624483532050524 -0.12753897024090693 -0.06995581737849779 -0.5808019441069259 -0.12435897435897436 -0.2526228602981778 -0.018970532439610468 -0.002447381302006854 -0.016664682775860015 0.05601558694593278 -0.0353848098066473 -0.007394626571358145 -0.17857142857142858 -0.5290322580645161 -0.13449367088607594 -0.0013858093126385778 -0.012748597654258034 -0.12546125461254615 -0.01659357591560982 -0.11339724105681552 -0.04409726596950989 -0.1351010101010101 -0.4459782320148659 -0.9472069538540202 -0.24762414670057553 -0.19350180505415163 -0.07688364941055868 -0.14615019011406843 -0.15338882282996436 -0.12515188335358443 -0.05462445685909374 -0.12885591565794613 -0.05677210056772103 -3.88823297914207 -1.2146468096734524 -0.4012566043124375 -0.04013042387760221 -0.10799632352941177 -0.16179359759620943 -0.05361276958693797 -0.08131082912406061 -0.060030015007503754 -0.20655822359927706 -2.1991161944372233 -3.095621810367983 -0.36248899324919287 0.043424317617866005 -0.21789792589140058 0.08504365574328156 -0.027338642576964223 0.06610356224752112 -0.0735202492211838 -0.059956627120806225 -0.32603158430973 -0.5868544600938967 -0.3589246119733925 0.04701627486437613 -0.13717740060451059 -0.042051162247401006 -0.12977649603460706 0.04090233019335647 -0.1234110823151919 0.03874515685539308 0.03454657618753856 -0.06263581746133197 -0.16305098797844408 -0.025565639780135502 -0.02125147579693034 -0.08255690529543579 0.08019740900678593 -0.023307163886162902 4.163336342344337e-18 -0.1234106207928198 0.023705552089831567 -0.1884816753926702 -0.060350877192982454 0.04252657911194496 0.01467434247657749 0.01699139102854554 -0.0012074378169524274 -0.0117799505242078 -0.019166267369429803 -0.012333497779970403 0.2282029021456034 -0.028606965174129355 -0.05391899000526039
0.041702440819330305 -0.10227017307260058 -0.07482144881532707 -0.09488544318444805 -0.002360996340455672 -0.13108171941426547 -0.024545900834560628 -0.5808019441069259 -0.11282051282051282 -0.2609055770292656 -0.016441128114329073 -1.3877787807814458e-18 -0.014284013807880015 0.0535801266439357 -0.025274864147605207 -0.011091939857037223 -0.1283068783068783 -0.5458064516129032 -0.11735232067510548 -0.015243902439024386 -0.01019887812340643 -0.12177121771217714 -0.02489036387341472 -0.1204115033902268 -0.05795640670278444 -0.13762626262626262 -0.2867002920095567 -0.6238016106353061 -0.21014589747021817 -0.18050541516245486 -0.07303946694003075 -0.1402091254752852 -0.14149821640903687 -0.11421628189550423 -0.05462445685909374 -0.13145906546921776 0.021627466882941336 -3.2559359832087105 -1.105342259871567 -0.38269313151506495 -0.03762227238525208 -0.11259191176470588 -0.15948226048769215 -0.05361276958693798 -0.06652704201059505 -0.06378189094547274 -0.2026852569067906 -2.3277878866649333 -3.337362342197153 -0.40064572938068677 0.04094292803970223 -0.21440223724073643 0.08390974033337113 -0.02852727921074527 0.07100012241400416 -0.08224299065420561 -0.05868095420334225 -0.4966887417218544 -0.9650495565988523 -0.4129711751662971 0.04098854731766124 -0.13601488026040456 -0.03387454736596192 -0.1201634222542658 0.03966286564204264 -0.11724052819943231 0.044994375703037125 0.03701418877236273 -0.07030550939537263 -0.16443277601215972 -0.014061101879074524 -0.028335301062573787 -0.07665998348861894 0.0740283775447255 0.003680078508341511 -0.018250395425234215 -0.08601346297681377 -0.004990642545227697 -0.1780104712041885 -0.08421052631578949 0.04502814258911819 0.009030364600970764 0.027186225645672864 -0.0024148756339048547 -0.007067970314524679 -0.02156205079060853 -0.009866798223976316 0.22820290214560335 -0.017412935323383085 -0.06575486586007365
0.04660861032748681 -0.10339402112834346 -0.06461852397687337 -0.09719972228650775 0.00590249085113918 -0.13580538497874353 -0.024545900834560624 -0.5419198055893074 -0.13974358974358975 -0.26780784097183874 -0.005058808650562796 0.004894762604013702 0.009522675871920013 0.06088650754992694 -0.00505497282952104 0.003697313285679075 -0.11904761904761903 -0.48129032258064514 -0.13581223628691982 -0.015243902439024386 -0.001274859765425808 -0.12546125461254615 -0.015408320493066252 -0.1391162029459902 -0.04913695350888244 -0.14898989898989898 -0.2734271303424476 -0.5304870254378116 -0.19809931736046046 -0.18339350180505415 -0.05509994874423372 -0.1473384030418251 -0.11533888228299645 -0.12515188335358443 -0.043451272501551834 -0.1418716647143043 0.029737766964044333 -2.417683326774236 -0.912692990845744 -0.35841782093388547 -0.031351893654376725 -0.10914522058823531 -0.14214723217381256 -0.049957353478737664 -0.050511272637674035 -0.053776888444222105 -0.19364833462432224 -2.2926956069664675 -3.2500671501477307 -0.38450249486351634 0.04466501240694788 -0.22255884409228618 0.0816419095135503 -0.03684773564721265 0.07956910270534949 -0.1071651090342679 -0.11991325424161245 -0.8787570045848192 -1.4801773604590507 -0.48226164079822614 0.033755274261603366 -0.1383399209486166 -0.03737881088657867 -0.12256669069935108 0.03718393653941497 -0.10736764161421697 0.021247344081989746 -0.022208513263417662 -0.18918573437300265 -0.18515959651789413 -0.010226255912054196 -0.02243211334120425 -0.06958367732043874 0.07649599012954968 0.018400392541707555 -0.010950237255140525 -0.06606831214161056 2.7755575615628915e-18 -0.1505235602094241 -0.08982456140350878 0.05128205128205128 0.018060729201941527 0.032850022655188035 -2.0816681711721684e-18 0.0035339851572623406 -0.011978917105893628 -0.012333497779970398 0.23564430112861218 -0.04975124378109453 -0.06575486586007365
0.045382067950447684 -0.10339402112834342 -0.057816574084570915 -0.10645683869474658 -0.0011804981702278373 -0.14407179971658007 -0.02700049091801669 -0.5091130012150668 -0.16538461538461538 -0.27609055770292656 -2.7755575615628915e-18 0.001223690651003427 0.02618735864778003 0.05723331709693132 0.01010994565904208 0.0049297510475720995 -0.11904761904761903 -0.4309677419354839 -0.1582278481012658 -0.024944567627494457 0.01147373788883223 -0.12300123001230015 -2.7755575615628915e-18 -0.15898994622398877 -0.04283734408466676 -0.16035353535353533 -0.2601539686753385 -0.4819123098555541 -0.19542229955829207 -0.17906137184115523 -0.049974372116863154 -0.1473384030418251 -0.09750297265160522 -0.14094775212636695 -0.0446927374301676 -0.16790316282702072 0.0364963503649635 -1.7276662731208183 -0.6817871293892608 -0.3527059831500785 -0.03762227238525207 -0.11029411764705883 -0.13636888940251934 -0.056049713659071534 -0.04681532585930763 -0.06253126563281641 -0.17557449005938547 -2.208214192877567 -3.0768197690034915 -0.3903727619606693 0.03970223325062035 -0.2353763691447215 0.07710624787390861 -0.054677285153928445 0.06732770228914188 -0.14454828660436136 -0.1926266105370583 -1.338512480896587 -1.8388106416275432 -0.5363082039911309 0.021699819168173595 -0.14415252266914672 -0.036210723046373086 -0.13097813025714972 0.027268220128904314 -0.12217697149203999 0.001249843769528805 -0.20481184454040716 -0.35408411095487663 -0.22661323752936302 -0.01661766585708807 -0.03305785123966942 -0.06250737115225853 0.06909315237507711 0.020853778213935227 -0.013383623311838422 -0.022438294689603587 0.013724266999376164 -0.10078534031413613 -0.08982456140350878 0.052532833020637895 0.0124167513263348 0.027186225645672857 0.0036223134508572806 0.010601955471787019 -0.013176808816482987 0.0 0.23192360163710773 -0.05597014925373134 -0.057864281956864806
0.05028823745860419 -0.09552708473814339 -0.03967804103843102 -0.10992825734783615 0.015346476212961868 -0.1464336324988191 0.0012272950417280312 -0.4835965978128797 -0.14871794871794874 -0.2802319160684704 -0.01138231946376628 0.011013215859030836 0.021426020711820024 0.05479785679493424 -2.4286128663675298e-18 0.01971900419028839 -0.11243386243386241 -0.3638709677419355 -0.15559071729957805 -0.009700665188470061 0.005099439061703214 -0.11439114391143912 -0.009482043380348467 -0.15665185877951837 -0.060476250472470704 -0.14898989898989898 -0.25484470400849485 -0.42311133836124243 -0.18872975505287112 -0.15884476534296027 -0.051255766273705795 -0.13307984790874525 -0.0808561236623068 -0.13001215066828672 -0.043451272501551834 -0.17050631263829233 0.05001351716680184 -1.2173684900957629 -0.47137587102063117 -0.32129087533914036 -0.051417105593177824 -0.10799632352941177 -0.12943487807696752 -0.052394297550871216 -0.05420721941604041 -0.06378189094547274 -0.1678285566744126 -1.9885625162464262 -2.824335213537469 -0.36542412679776937 0.03598014888337469 -0.2377068282451643 0.06576709377480441 -0.06656365149173898 0.042844901456726654 -0.16697819314641743 -0.2627886209975762 -1.7931737137035153 -2.190923317683881 -0.5737250554323726 0.007233273056057869 -0.13950244129272263 -0.026866020324728422 -0.12496995914443643 0.016113039167079818 -0.12711341478464766 -0.01749781277340333 -0.5305367057371992 -0.5151476415697303 -0.2542489982036756 -0.03195704972516937 -0.033057851239669415 -0.06014860242953178 0.05675508945095621 0.01717369970559372 0.0073001581700936884 0.0149588631264024 0.06238303181534623 -0.049738219895287955 -0.05614035087719298 0.04502814258911819 0.024833502652669603 0.020389669234254646 0.0012074378169524252 0.0035339851572623406 -0.0011978917105893618 -0.0012333497779970406 0.24556616643929058 -0.07213930348258706 -0.03287743293003682
0.05887403409787808 -0.09215554057091481 -0.029475116199977325 -0.1064568386947466 0.02597095974501239 -0.14170996693434107 0.011045655375552282 -0.48845686512758196 -0.15384615384615383 -0.2802319160684705 -0.017705830276969776 0.011013215859030832 0.020235686227830025 0.05845104724792984 -0.015164918488563123 0.022183879714074435 -0.11243386243386241 -0.3432258064516129 -0.16745780590717296 -0.0291019955654102 0.01147373788883223 -0.09225092250922509 -0.008296787957804908 -0.15431377133504792 -0.07181554743605897 -0.12121212121212122 -0.24820812317494023 -0.3834845967020325 -0.18471422834961854 -0.14296028880866424 -0.03331624807790877 -0.12713878326996197 -0.07253269916765756 -0.11421628189550426 -0.043451272501551834 -0.16009371339320577 0.047310083806434186 -0.8762954217499672 -0.2814592157398551 -0.28559188919034695 -0.04389265111612742 -0.10569852941176472 -0.10978851265457065 -0.04873888144267089 -0.05420721941604041 -0.05252626313156579 -0.1691195455719081 -1.6987262802183523 -2.496642492613483 -0.33167009098914 0.04962779156327543 -0.22139361454206474 0.062365347545073134 -0.05111137525258529 0.02693108091565676 -0.1707165109034268 -0.3469830335501977 -2.226184411614875 -2.3865414710485133 -0.5972838137472285 0.002411091018685952 -0.14764008370146478 -0.032706459525756335 -0.1177601538091805 -0.006197322756569165 -0.15179563124768605 -0.09123859517560305 -1.1363355953115362 -0.7286207337338617 -0.28188475887798814 -0.02428735779112872 -0.03778040141676505 -0.04953414317726147 0.04811844540407155 0.014720314033366044 0.026767246623676848 0.037397157816005985 0.10106051154086089 -0.04057591623036651 -0.05473684210526315 0.05628517823639775 0.031606276103397675 0.027186225645672864 0.009659502535619414 -0.0011779950524207785 0.01317680881648299 -0.0012333497779970421 0.2505270990946297 -0.0808457711442786 -0.026301946344029454
0.05764749172083895 -0.08766014834794336 -0.03400974946151229 -0.09951400138856745 0.025970959745012394 -0.12871988663202646 0.006136475208640152 -0.4678007290400972 -0.1602564102564103 -0.2691882937603534 -0.013911723789047679 -0.0012236906510034264 0.030948696583740033 0.047491475888943015 -0.015164918488563125 0.006162188809465123 -0.11375661375661375 -0.3367741935483871 -0.16877637130801684 -0.03464523281596452 0.024222335543090258 -0.08487084870848709 0.00592627711271779 -0.14028524666822542 -0.06803578178152955 -0.1148989898989899 -0.23626227767454208 -0.36303208487792404 -0.18337571944853437 -0.13285198555956676 -0.03075345976422348 -0.1188212927756654 -0.06420927467300833 -0.10085054678007291 -0.04220980757293607 -0.15879213848756996 0.0364963503649635 -0.7018234290961566 -0.13799699412488042 -0.26131657860916746 -0.033860045146726865 -0.09880514705882353 -0.08551947301513925 -0.03777263311806993 -0.04311937908094123 -0.05627813906953477 -0.16008262328943973 -1.3231089160384717 -2.160891753961858 -0.30378632227766367 0.050868486352357314 -0.22838499184339317 0.07030275541444607 -0.055865921787709494 0.008568980291345328 -0.21059190031152647 -0.4426585023599949 -2.5076413652572596 -2.4778299426186754 -0.6166851441241686 -0.016877637130801693 -0.1488026040455708 -0.051395864969045676 -0.1177601538091805 -0.03594447198810115 -0.2011600641737628 -0.2212223472065992 -1.9395434916718077 -0.8743448804806342 -0.31090230758601634 -0.029400485747155824 -0.03659976387249115 -0.04599599009317136 0.05058605798889575 0.012266928361138373 0.03771748387881738 0.04113687359760659 0.12726138490330632 -0.04057591623036649 -0.046315789473684206 0.04878048780487805 0.024833502652669603 0.02265518803806072 0.018111567254286403 1.3877787807814458e-18 0.005989458552946814 -0.006166748889985199 0.2641696638968126 -0.0907960199004975 -0.010520778537611785
0.05396786458972157 -0.07192627556754327 -0.024940482938442345 -0.09025688498032862 0.02833195608546807 -0.11454888993859236 0.0012272950417280264 -0.4374240583232078 -0.14743589743589744 -0.25538376587520706 -0.011382319463766282 -0.013460597161037691 0.03213903106773003 0.035314174378957626 -0.011373688866422345 -0.003697313285679074 -0.0992063492063492 -0.3419354838709678 -0.15427215189873414 -0.044345898004434586 0.028046914839367672 -0.0861008610086101 0.008296787957804905 -0.14379237783493104 -0.06803578178152954 -0.11489898989898992 -0.2136979028404566 -0.3591972389109037 -0.1699906304376924 -0.12851985559566784 -0.03459764223475141 -0.11406844106463879 -0.06064209274673007 -0.10085054678007291 -0.0484171322160149 -0.14968111414811924 0.02703433360367667 -0.6060606060606062 -0.04098920617570706 -0.22847351135227756 -0.027589666415851522 -0.10110294117647059 -0.08089679879810471 -0.037772633118069936 -0.041887396821485776 -0.06128064032016008 -0.14329976762199845 -0.9786846893683391 -1.7365028203062038 -0.28324038743762847 0.053349875930521096 -0.23654159869494293 0.08277582492346071 -0.07012956139308213 0.009793120332966093 -0.24423676012461057 -0.5153718586554408 -2.622261844116149 -2.4817423056859678 -0.6180709534368072 -0.03737191078963231 -0.15810276679841898 -0.06424483121130709 -0.14179283826003364 -0.08304412493802678 -0.25792916203875105 -0.5099362579677541 -2.4293645897594076 -0.9651029017001151 -0.34130164432776017 -0.0357918956921897 -0.03778040141676505 -0.044816605731808 0.05181986428130784 0.004906771344455348 0.04988441416230686 0.04363001745200699 0.10729881472239551 -0.04057591623036651 -0.04070175438596491 0.057535959974984355 0.01918952477706288 0.035115541458994114 0.006037189084762133 0.015313935681470136 -0.010781025395304263 0.006166748889985198 0.2840133945181694 -0.07213930348258706 -0.015781167806417674
0.04906169508156506 -0.07192627556754327 -0.03287609114612855 -0.09141402453135848 0.02479046157478456 -0.10746339159187532 0.0024545900834560576 -0.3948967193195626 -0.13333333333333333 -0.23743787962451685 -0.01264702162640698 -0.028144884973078804 0.02737769313177003 0.015830491962981003 -0.022747377732844694 -0.016021690904609316 -0.11640211640211642 -0.3548387096774194 -0.14108649789029531 -0.05543237250554324 0.028046914839367672 -0.07995079950799507 0.008296787957804908 -0.14729950900163663 -0.0730754693209021 -0.1085858585858586 -0.22033448367401115 -0.3566406749328902 -0.15125150582251373 -0.11841155234657039 -0.03844182470527934 -0.11288022813688212 -0.06420927467300833 -0.10814094775212638 -0.05462445685909373 -0.1535858388650267 0.014868883482022166 -0.5706414797323889 0.020494603087853527 -0.20705411966300158 -0.016302984700275896 -0.09650735294117647 -0.07511845602681153 -0.031680272937736065 -0.03819145004311938 -0.05877938969484742 -0.13038987864704363 -0.6862490252144527 -1.2476497448294386 -0.24068095098326978 0.05210918114143921 -0.23071545094383597 0.07483841705408777 -0.0713181980268632 0.0012241400416207588 -0.270404984423676 -0.5880852149508866 -2.7075904228222116 -2.456964006259781 -0.6097560975609757 -0.042194092827004225 -0.17902813299232737 -0.06891718257212942 -0.1598173515981735 -0.10287555775904808 -0.31593237072689123 -0.8448943882014749 -2.594694632942628 -0.9855554135242235 -0.3634102528672102 -0.030678767736162592 -0.043683589138134596 -0.05778983370680505 0.04565083281924738 0.008586849852796858 0.046234335077260005 0.02617801047120419 0.10106051154086089 -0.02225130890052356 -0.035087719298245605 0.046278924327704814 0.028219889378033637 0.026053466243769825 0.01569669162038155 0.0011779950524207806 0.0035936751317680884 -0.004933399111988161 0.28153292819049985 -0.06840796019900497 0.0013150973172014733
0.05396786458972158 -0.06630703528882895 -0.03287609114612856 -0.08678546632723907 0.01888797072364538 -0.10746339159187528 -0.006136475208640154 -0.3681652490886999 -0.1141025641025641 -0.22777471010491443 -0.007588212975844189 -0.020802741067058244 0.026187358647780035 0.01704822211397954 -0.020219891318084167 -0.01355681538082327 -0.12566137566137567 -0.33290322580645165 -0.11339662447257384 -0.0512749445676275 0.014023457419683832 -0.07749077490774907 -0.003555766267630675 -0.13794715922375494 -0.08441476628449036 -0.10101010101010102 -0.2243164321741439 -0.33490988111977493 -0.12581983670191407 -0.10974729241877254 -0.03459764223475141 -0.11763307984790876 -0.06777645659928658 -0.10692588092345079 -0.05462445685909373 -0.15749056358193417 0.0067585834009191645 -0.5575232847960121 0.07104795737122557 -0.1970584035413394 -0.0200652119388011 -0.0896139705882353 -0.06702877614700103 -0.020714024613135124 -0.03942343230257485 -0.05877938969484743 -0.13813581203201653 -0.45749935014296855 -0.7359656191243622 -0.20545934840035227 0.04962779156327544 -0.22488930319272898 0.08617757115319197 -0.07488410792820635 -0.00612070020810381 -0.2866043613707165 -0.6480418420716928 -2.6935812531839027 -2.3682837767344807 -0.591740576496674 -0.03978300180831827 -0.19995349918623576 -0.07242144609274617 -0.1718336938236001 -0.12394645513138325 -0.3665309144761199 -1.0298712660917386 -2.746452806909315 -0.9906685414802506 -0.37860992123808207 -0.0204525118241084 -0.049586776859504134 -0.05307229626135157 0.038247995064774824 0.0098135426889107 0.04258425599221316 0.011219147344801806 0.10355583281347476 0.01570680628272252 -0.023859649122807018 0.04377736085053158 0.031606276103397675 0.020389669234254646 0.018111567254286403 -0.002355990104841558 0.009583133684714902 -0.0061667488899852015 0.28153292819049985 -0.06094527363184079 0.015781167806417674
0.05396786458972157 -0.05956394695437176 -0.018138533046139892 -0.07289979171488081 0.02242946523432889 -0.10155880963627775 -0.015954835542464407 -0.34021871202916165 -0.10641025641025639 -0.2139701822197681 -0.008852915138484884 -0.02202643171806167 0.04880371384359005 0.00974184120798831 -0.008846202451661825 -0.023416317475967462 -0.1216931216931217 -0.3122580645161291 -0.08438818565400842 -0.049889135254988906 -0.006374298827129016 -0.06765067650676507 0.003555766267630674 -0.13794715922375494 -0.08819453193901979 -0.09595959595959595 -0.24289885850809662 -0.3093442413396395 -0.11511176549324054 -0.0851985559566787 -0.023065094823167605 -0.11525665399239542 -0.04875148632580262 -0.09477521263669503 -0.03848541278708877 -0.14317323961994013 0.0121654501216545 -0.5312868949232585 0.0874436398415084 -0.16421533628444954 -0.018811136192626032 -0.07697610294117649 -0.04391540506182827 -0.001218472036066774 -0.034495503264752994 -0.05002501250625313 -0.1407177898270075 -0.2196516766311411 -0.29546065001342997 -0.1540945113002642 0.03722084367245658 -0.21440223724073643 0.09298106361265449 -0.059431831689052673 -0.022034520749173708 -0.2940809968847352 -0.6952417400178594 -2.5764136525725934 -2.1544079290558162 -0.548780487804878 -0.04098854731766123 -0.18949081608928156 -0.0630767433711015 -0.16462388848834414 -0.13758056519583542 -0.4023201283475256 -1.132358455193101 -2.8019740900678594 -1.0085644893263455 -0.3647920409009258 -0.02428735779112872 -0.04132231404958678 -0.03656091520226441 0.046884639111659465 0.0098135426889107 0.04501764204891105 0.0049862877088007965 0.1260137242669994 0.05235602094240838 -0.008421052631578944 0.036272670419011895 0.03499266282876171 0.023787947439963753 0.021733880705143684 0.00117799505242078 0.009583133684714903 -0.0037000493339911207 0.2703708297159867 -0.04975124378109452 0.044713308784850074
0.05764749172083896 -0.05619240278714317 -0.010202924838453689 -0.06711409395973154 0.027151457915240228 -0.09093056211620218 -0.024545900834560617 -0.3147023086269745 -0.09743589743589742 -0.1974047487575925 -0.01138231946376628 -0.02202643171806167 0.05713605523152006 0.00974184120798831 -0.011373688866422347 -0.024648755237860483 -0.13095238095238096 -0.27741935483870966 -0.06724683544303794 -0.04018847006651884 -0.003824579296277409 -0.07134071340713408 0.016593575915609816 -0.12742576572363806 -0.08693461005417666 -0.08964646464646465 -0.2482081231749403 -0.2850568835485108 -0.08968009637264088 -0.07797833935018052 -0.03331624807790877 -0.10099809885931559 -0.043995243757431635 -0.08505467800729041 -0.037243947858473 -0.12885591565794613 -0.010813733441470668 -0.5102977830250557 0.07241426424374915 -0.1385120662573183 -0.013794833207925756 -0.05974264705882354 -0.02311337108517278 0.019495552577068354 -0.03203153874584207 -0.04127063531765883 -0.1471727343144849 -0.03769170782427864 0.004029008863819496 -0.10272967420017612 0.04590570719602979 -0.21673269634117923 0.10772196394148996 -0.039225008914774755 -0.0318276410821398 -0.29906542056074764 -0.7143768337798189 -2.4375955170657164 -1.7657798643714133 -0.5030487804878049 -0.039783001808318265 -0.18484073471285747 -0.0572363041700736 -0.17303532804614274 -0.15741199801685674 -0.4442798963346909 -1.1986001749781279 -2.835286859962986 -1.0149558992713792 -0.3634102528672102 -0.03451361370318292 -0.03187721369539552 -0.033022762118174315 0.051819864281307824 -0.003680078508341511 0.053534493247353696 -0.014958863126402383 0.15845290081097943 0.07329842931937174 0.018245614035087718 0.02876797998749218 0.031606276103397675 0.01925690983235161 0.030185945423810666 -0.005889975262103898 0.007187350263536174 -0.012333497779970401 0.24928686593079502 -0.04228855721393034 0.05654918463966334
0.0686863731141911 -0.052820858619914576 -0.004534633261534974 -0.06711409395973154 0.03305394876637942 -0.09919697685403873 -0.017182130584192438 -0.3001215066828676 -0.06282051282051282 -0.18912203202650468 0.0037941064879220944 -0.020802741067058247 0.06070705868349006 0.004870920603994154 -0.010109945659042085 -0.02957850628543258 -0.1216931216931217 -0.2658064516129032 -0.03164556962025315 -0.04018847006651884 0.005099439061703213 -0.06765067650676507 0.016593575915609816 -0.12274959083469723 -0.07685523497543154 -0.08838383838383837 -0.222989116007433 -0.2709957816694362 -0.06290991835095702 -0.07942238267148015 -0.021783700666324964 -0.09743346007604563 -0.04280618311533889 -0.08748481166464156 -0.03476101800124147 -0.13926851490303266 -0.006758583400919167 -0.5063623245441428 0.10110670856674409 -0.1313722690275596 -0.013794833207925758 -0.053998161764705885 -0.0034670056627759127 0.019495552577068354 -0.0073918935567327815 -0.0487743871935968 -0.11618900077459335 -0.007798284377436962 0.0443190975020145 -0.09685940710302318 0.048387096774193554 -0.20391517128874387 0.11225762558113164 -0.03328182574586949 -0.03794834129024361 -0.29158878504672897 -0.6365607858145171 -2.0784513499745296 -1.223265519040167 -0.44484478935698457 -0.02411091018685956 -0.18367821436875145 -0.053732040649456844 -0.1718336938236001 -0.1561725334655429 -0.46896211279772915 -1.1723534558180226 -2.7772979642196174 -0.8781797264476545 -0.34268343236147575 -0.03451361370318292 -0.044864226682408505 -0.03302276211817431 0.054287476866132015 -0.002453385672227673 0.03528409782211948 -0.009972575417601593 0.15470991890205865 0.08376963350785341 0.022456140350877195 0.023764853033145718 0.021447115927305565 0.0158586316266425 0.012074378169524266 -0.011779950524207798 -0.0035936751317680884 0.002466699555994081 0.2257224358179338 -0.00870646766169154 0.05654918463966334
0.08095179688458236 -0.05844009889862891 0.001133658315383742 -0.05438555889840315 0.05548341400070831 -0.10037789324515825 0.017182130584192438 -0.2782503037667071 -0.007692307692307693 -0.18360022087244615 -0.008852915138484886 -0.008565834557023982 0.04404237590763004 0.023136872868972237 -0.017692404903323643 -0.027113630761646534 -0.10846560846560846 -0.24129032258064517 0.009229957805907168 -0.038802660753880266 -0.002549719530851607 -0.05904059040590406 -0.0011852554225435588 -0.10521393500116907 -0.0856746881693335 -0.07449494949494949 -0.21635253517387842 -0.24798670586731433 -0.034801231428189 -0.07075812274368232 -0.003844182470527932 -0.08673954372623574 -0.03686087990487515 -0.052247873633049814 -0.007448789571694606 -0.12364961603540285 0.0121654501216545 -0.48274957365866455 0.1311654597622626 -0.11280879623018707 -0.0037622272385252065 -0.04365808823529412 0.0034670056627759196 0.0523942975508712 0.0036959467783663916 -0.03876938469234618 -0.08778724502969275 0.02339485313231089 0.0658071447757185 -0.07044320516583505 0.057071960297766754 -0.1642973665812165 0.12246286427032542 -0.007131819802686318 -0.025706940874035987 -0.24049844236760123 -0.5498150274269678 -1.6034131431482426 -0.8333333333333334 -0.376940133037694 -0.003616636528028938 -0.17786561264822134 -0.05256395280925127 -0.15380918048546022 -0.1487357461576599 -0.45908922621251386 -1.149856267966504 -2.5946946329426277 -0.6953854020196856 -0.29155727511399754 -0.028122203758149045 -0.03541912632821724 -0.03302276211817431 0.07772979642196173 0.003680078508341511 0.02798393965202579 -0.02617801047120419 0.13349968808484092 0.06675392670157068 0.01824561403508772 0.023764853033145718 0.038379049554125744 0.02152242863615768 0.01931900507123883 -0.011779950524207798 0.005989458552946816 0.007400098667982238 0.21828103683492497 0.007462686567164184 0.047343503419253016
0.07113945786826935 -0.049449314452685994 -0.020405849676907378 -0.03934274473501504 0.04131743595797427 -0.09093056211620218 0.0012272950417280333 -0.24422843256379095 -0.002564102564102565 -0.16289342904472665 -0.0012647021626406984 -0.007342143906020557 0.05237471729556005 0.023136872868972237 -0.011373688866422345 -0.04190288390436283 -0.10846560846560846 -0.24645161290322584 0.034282700421940926 -0.059589800443458976 0.010198878123406427 -0.05658056580565807 -0.003555766267630674 -0.11105915361234511 -0.07685523497543152 -0.08080808080808081 -0.20573400584019116 -0.24670842387830755 -0.017400615714094493 -0.0707581227436823 -0.0025627883136852886 -0.07842205323193917 -0.04994054696789536 -0.04374240583232078 -0.009931719428926131 -0.11193544188468048 0.0013517166801838344 -0.44733044733044725 0.1325317666347862 -0.0813936884192489 0.008778530223225481 -0.033318014705882346 0.013868022651103668 0.059705129767271825 0.008623875816188249 -0.030015007503751877 -0.0632584559772786 0.028593709383935528 0.08729519204942252 -0.07044320516583503 0.06699751861042184 -0.14448846422745282 0.14060551082889214 -0.0035659099013431567 -0.00856898029134533 -0.21682242990654205 -0.474550325296594 -1.1538461538461537 -0.4447052686489307 -0.3215077605321508 0.004822182037371907 -0.15694024645431295 -0.0502277771288401 -0.14780100937274693 -0.15369360436291524 -0.43934345304208317 -1.1536057992750905 -2.2603331276989516 -0.5330435894158251 -0.22799502556307863 -0.014061101879074523 -0.029515938606847703 -0.024767071588630733 0.08266502159161011 0.0012266928361138374 0.0060834651417447415 -0.05983545250560958 0.08234560199625703 0.027486910994764396 -0.011228070175438597 0.026266416510318948 0.039507845129247085 0.02152242863615768 0.0132818159864767 -0.017669925786311696 -0.00838524197412554 -0.00123334977799704 0.1773533424283765 0.019900497512437814 0.03156233561283535
0.06623328836011284 -0.05282085861991459 -0.017004874730756146 -0.043971302939134455 0.04485893046865778 -0.09801606046291923 0.0073637702503681875 -0.19927095990279467 0.024358974358974363 -0.15461071231363885 -0.01264702162640698 -0.0012236906510034243 0.03928103797167004 0.034096444227959086 -0.012637432073802607 -0.043135321666255846 -0.11243386243386244 -0.20516129032258065 0.058016877637130794 -0.05404656319290465 -0.006374298827129016 -0.06396063960639609 -0.01896408676069693 -0.11222819733458031 -0.07811515686027465 -0.10227272727272727 -0.20440668967348027 -0.23648216796625335 -0.004015526703252577 -0.07364620938628158 -0.019220912352639667 -0.07366920152091254 -0.05469678953626635 -0.042527339003645206 -0.004965859714463066 -0.11193544188468045 0.008110300081102998 -0.4158467794831432 0.15849159721273398 -0.058546337284021144 0.002508151492350138 -0.021829044117647058 0.0011556685542586404 0.0743267942000731 0.008623875816188247 -0.007503751875937969 -0.04389362251484637 0.048089420327527936 0.1114692452323395 -0.05136483710008806 0.07196029776674938 -0.14215800512701002 0.15194466492799635 0.0023772732675621092 0.0048965601664830456 -0.18317757009345792 -0.372496491899477 -0.7017320427916455 -0.19822639540949405 -0.26884700665188477 0.010849909584086794 -0.1429900023250407 -0.036210723046373086 -0.15260754626291756 -0.14377788795240456 -0.41836356904850047 -1.0998625171853518 -1.6582356570018508 -0.31190080531765313 -0.18515959651789413 -0.014061101879074523 -0.029515938606847703 -0.040099068286354525 0.07896360271437385 -0.011040235525024533 -0.012166930283489476 -0.08726003490401395 0.03618215845290081 0.01701570680628272 -0.01263157894736842 0.013758599124452786 0.0372502539790044 0.0067965564114182125 0.018111567254286406 -0.024737896100836376 -0.01317680881648299 -0.00986679822397632 0.1475877464963413 0.02860696517412935 0.028932140978432403
