0.09443218052489576 -0.020226991796831108 0.13851044504995458 -0.016207455429497565 0.07675956542276807 0.02482562950703393 0.11426465167711024 0.10105929623767199 0.16052395017336588 0.03873288144971643 0.10507659197366755 -0.0684680278762685 0.017852892168531302 -0.0024342745861733175 0.061946902654867256 0.030799556486386596 -0.06225990197377135 0.0051652892561983455 -0.11854583772391994 -0.03187361419068736 0.07655990812811024 0.01107419712070875 0.056804733727810655 -0.08174705126707929 0.0025239777889954577 -0.020204571284253063 0.025326579578778995 -0.003834355828220859 -0.01740993705638141 -0.07507941091539128 0.060271864580661715 -0.06068538791051879 0.051288167938931296 -0.14094775212636695 0.05722104739395447 -0.13802083333333331 0.05678745267712278 0.011801730920535014 0.036910457963089546 -0.00856898029134533 0.03380493301615125 -0.0470939581897542 -0.030054328979308757 -0.008522035549062579 -0.009854644000985463 0.05753595997498436 0.015501873143004783 0.0923036921476859 -0.05768714784008586 0.10419724097446433 0.00619041723412158 -0.010496850944716583 -0.05647803004631199 -0.1184413123297406 -0.09390243902439024 -0.05964214711729622 -0.10553083280356008 0.08645899554990463 -0.14816740317130234 -0.020804438280166433 -0.019307348859659706 -0.12802607076350092 -0.3136337039204213 -0.6031479034002163 -0.3107974244675582 -0.16160868492474711 -0.09373828271466066 -0.05920809177254226 -0.03579189569218969 -0.03870611003594139 -0.06011767715528268 -0.16521123436393675 -0.4968137833372669 -1.0154225786551512 -0.3709162367968558 -0.02070897795102936 -0.06996501749125436 0.06871564217891055 -0.10085134250163721 0.04356379988757729 -0.011258443832874655 -0.04963898916967509 -0.06686310063463283 -0.08818555206571636 -0.11319419879731166 -0.06589193722295435 -0.03581131143492221 0.01116902457185406 -0.007468259895444364 -0.010526315789473686
0.10056414029923963 -0.025845600629284187 0.13396911898274294 -0.030099560083352628 0.06967406707605102 0.026007802340702213 0.11180734733996804 0.0986241324729088 0.15795556697059202 0.0470327846175128 0.10254462590201292 -0.0721359579410686 0.023803856224708403 -0.0012171372930866579 0.0632111251580278 0.030799556486386596 -0.045039078023579274 0.009039256198347107 -0.1053740779768177 -0.020787139689578717 0.07655990812811025 0.013535129814199581 0.06627218934911243 -0.07240453112227022 -0.003785966683493185 -0.026518499810582147 0.023993601706211683 -0.010224948875255624 -0.012053033346725592 -0.0721917412647993 0.060271864580661715 -0.05235602094240838 0.051288167938931296 -0.13487241798298907 0.04726956089065804 -0.12109374999999997 0.051379123850730124 0.019669551534225022 0.04101161995898838 0.0 0.03881307124076625 -0.0390535263036986 -0.009247485839787309 -0.003652300949598248 0.0024636610002463665 0.06504065040650406 0.028420100762175438 0.10140405616224649 -0.046954655218674535 0.12034047549163485 0.008666584127770213 -0.02216001866106835 -0.060996272450016945 -0.13383868293260687 -0.10609756097560977 -0.07455268389662027 -0.10553083280356008 0.06738715829624921 -0.1546659734858331 -0.0319001386962552 -0.01930734885965971 -0.13151769087523277 -0.3768285547103569 -0.8218190556289798 -0.34794452699356115 -0.16654330125832717 -0.10123734533183353 -0.061675095596398166 -0.03707017768119647 -0.027647221454243847 -0.08314146840624201 -0.18645267878215716 -0.7528911966013688 -1.6397285626156695 -0.4384672070744289 -0.040199780728468755 -0.08370814592703649 0.054972513743128434 -0.11525867714472823 0.040753232152894885 -0.02001501125844383 -0.0631768953068592 -0.08499546690843154 -0.11476201981154868 -0.13677632354675157 -0.08026835988978076 -0.04569029389972832 0.00372300819061802 -0.0037341299477221825 -0.011842105263157897
0.10424331616384597 -0.01797954826384987 0.13056312443233423 -0.019680481592961336 0.059045819555975446 0.03782953067738504 0.11672195601425236 0.11567027882625107 0.16180814177475278 0.05533268778530918 0.0962147107228763 -0.07335860129600194 0.019043084979766724 -0.012171372930866602 0.05562579013906447 0.02587162744856474 -0.038415684196582325 0.005165289256198349 -0.08956796628029505 -0.03464523281596453 0.07911190506571393 0.012304663467454166 0.06272189349112427 -0.08057923624897816 -0.00757193336698637 -0.03788357115797449 0.018661690215942415 -0.021728016359918202 -0.012053033346725594 -0.08951775916835114 0.05385996409335727 -0.042836744407425034 0.058444656488549615 -0.13122721749696234 0.03607413857444955 -0.11197916666666667 0.039210383991346666 0.02753737214791503 0.04237867395762133 0.019994287346472437 0.017528483786152505 -0.03905352630369859 -0.02774245751936192 -0.01704407109812515 -0.01970928800197093 0.07254534083802378 0.0025836455238341326 0.11830473218928757 -0.0617118325731151 0.12180804226592308 0.006190417234121578 -0.032656869605784934 -0.06890319665650062 -0.1527892929053654 -0.11463414634146343 -0.07703777335984095 -0.10425937698664973 0.06611570247933884 -0.15076683129711463 -0.03467406380027739 -0.03258115120067575 -0.1478119180633147 -0.505558806319485 -1.0693259641956026 -0.39747399702823183 -0.17641253392548728 -0.11873515810523685 -0.06907610706796596 -0.04218330563722357 -0.03870611003594139 -0.117677155282681 -0.21713476516403113 -1.0207694123200377 -2.286243059839605 -0.5391795627609923 -0.04750883177000853 -0.1299350324837581 0.05747126436781608 -0.15979043876882776 0.030916245081506467 -0.02001501125844383 -0.08348375451263539 -0.10086128739800544 -0.15704276395264558 -0.16153755453366347 -0.11021924044566908 -0.0642133860212398 -0.02357905187391412 -0.017425939756036846 -0.04342105263157895
0.10056414029923963 -0.030340487695246658 0.13056312443233423 -0.031257235471173886 0.050779404818138876 0.026007802340702213 0.1032067821599705 0.09497138682576403 0.1476820341594966 0.044266150228247335 0.09621471072287631 -0.07213595794106858 0.0071411568674125195 -0.026777020447906523 0.03919089759797724 0.02463964518910928 -0.04901311431977745 -0.0012913223140495868 -0.10932560590094838 -0.04018847006651885 0.08804389434732679 -0.0012304663467454168 0.05680473372781066 -0.10743898166530422 -0.013881877839475015 -0.055562571031695915 0.017328712343375102 -0.03578732106339468 -0.017409937056381414 -0.10106843777071903 0.06027186458066171 -0.06306520704426463 0.06679389312977099 -0.15188335358444716 0.029854459509889287 -0.12890625000000003 0.03650621957815035 0.005245213742460006 0.04101161995898838 0.0 0.006260172780768751 -0.05628302320238916 -0.043925557738989714 -0.03652300949598247 -0.04680955900468096 0.06629143214509067 -0.021960986952590106 0.10920436817472698 -0.087201502548967 0.11447020839448196 0.009904667574594527 -0.04781898763704222 -0.0711623178583531 -0.17292431600142127 -0.11585365853658539 -0.09443339960238568 -0.10680228862047045 0.04704386522568342 -0.15076683129711463 -0.044382801664355064 -0.03861469771931941 -0.17807262569832402 -0.6729081334113517 -1.3192358524570467 -0.44328875681030216 -0.1924500370096225 -0.13373328333958254 -0.0777106204514617 -0.05240956154927776 -0.042853193254077965 -0.13046815042210286 -0.26551805522775546 -1.347651640311541 -2.8994447871684144 -0.5981331368214198 -0.06090875867949811 -0.14117941029485256 0.034982508745627194 -0.17812704649639816 0.015458122540753233 -0.03252439329497123 -0.09476534296028882 -0.1371260199456029 -0.19811548683256824 -0.17804504185827144 -0.13537798011261531 -0.06297851321313905 -0.05212211466865226 -0.018670649738610906 -0.06447368421052632
0.09443218052489574 -0.03258793122822789 0.13737511353315165 -0.01389210465385506 0.05904581955597543 0.018914765338692515 0.10566408649711265 0.08036040423718496 0.1425452677539489 0.0331996126711855 0.08482086340043045 -0.08680767820026898 -0.00952154248988336 -0.04016553067185978 0.029077117572692796 0.00615991129727732 -0.05828586567757319 -0.015495867768595042 -0.12644889357218125 -0.04988913525498891 0.08421589894092127 0.003691399040236249 0.059171597633136105 -0.10393553661100081 -0.017667844522968202 -0.06440207096855663 0.009330845107971216 -0.04984662576687117 -0.026784518548279096 -0.11983829049956685 0.05514234419081816 -0.06663493574488338 0.0715648854961832 -0.1543134872417983 0.023634780445329014 -0.14843750000000003 0.02839372633856139 -0.017046944662995014 0.02460697197539303 -0.022850614110254214 0.006260172780768751 -0.06776935446818286 -0.04970523638885678 -0.04504504504504504 -0.04188223700418822 0.06378986866791744 -0.019377341428755974 0.10010400416016643 -0.09390931043734907 0.10272967420017612 0.009904667574594527 -0.05714952181012363 -0.09488309047780412 -0.1752931422480161 -0.11219512195121953 -0.09567594433399602 -0.09917355371900827 0.04195804195804197 -0.14686768910839615 -0.055478502080443824 -0.049475081452878 -0.20949720670391062 -0.8835576360444705 -1.5306980656013456 -0.47176820208023773 -0.2245250431778929 -0.13873265841769777 -0.10608116442580487 -0.06007925348331842 -0.06635333149018524 -0.1419800460475825 -0.33396270946424356 -1.757139485485013 -3.4003701418877235 -0.6386637189879636 -0.09136313801924717 -0.14992503748125938 -0.002498750624687654 -0.19646365422396855 -0.01264755480607083 -0.05253940455341506 -0.10604693140794226 -0.16885766092475069 -0.23073206088427156 -0.19101521047046338 -0.14855636755720616 -0.07409236848604595 -0.06577314470091834 -0.02987303958177745 -0.07894736842105263
0.0919793966151582 -0.03371165299471851 0.13510445049954584 -0.019680481592961336 0.056683986773736414 0.0059108641683414094 0.10074947782282835 0.07061974917813224 0.1386926929497881 0.02489970950338913 0.07469299911381186 -0.08558503484533561 1.3877787807814458e-18 -0.04138266796494644 0.02149178255372946 0.006159911297277323 -0.06093522320837198 -0.012913223140495866 -0.12513171759747102 -0.049889135254988906 0.08293990047211944 0.002460932693490834 0.07218934911242605 -0.11444587177391101 -0.025239777889954573 -0.07324157090541736 -0.005331911490269263 -0.058793456032719835 -0.036159100040176785 -0.14005197805371067 0.06411900487304437 -0.0737743931461209 0.09422709923664123 -0.16403402187120292 0.03731807438736161 -0.16276041666666666 0.04326663061114115 -0.03278258589037503 0.04784688995215311 -0.042844901456726654 -0.008764241893076247 -0.07580978635423845 -0.04623742919893654 -0.0547845142439737 -0.051736881005173686 0.050031269543464665 -0.018085518666838905 0.1014040561622465 -0.08585994097129059 0.10272967420017612 0.009904667574594527 -0.0734779566130161 -0.10504913588614029 -0.20727229657704607 -0.11585365853658539 -0.11555666003976142 -0.1106166560712015 0.034329307056579786 -0.16376397192617623 -0.07350901525658807 -0.05430191866779294 -0.25256052141526997 -1.1538911644236396 -1.7385558092034124 -0.49653293709757307 -0.2528990870959783 -0.14248218972628418 -0.13321820648822005 -0.0664706634283523 -0.09676527508985347 -0.16116653875671527 -0.4130280859098418 -2.2386122256313428 -3.7890191239975324 -0.6755097027757307 -0.13156291874771592 -0.1686656671664168 -0.047476261869065464 -0.2174197773411919 -0.042158516020236084 -0.05504128096072054 -0.12748194945848376 -0.1745240253853128 -0.288717081420633 -0.20516448532012732 -0.17371510722415237 -0.0864410965670536 -0.08935219657483247 -0.043564849390092114 -0.09868421052631578
0.11282805984792739 -0.055062366558040234 0.16121707538601268 -0.033572586246816395 0.06376948512045347 -0.0070930370020096944 0.1032067821599705 0.05600876658955316 0.1335559265442404 0.012449854751694567 0.07849094822129384 -0.09414353832986919 1.3877787807814458e-18 -0.060856864654333 0.012642225031605564 -0.011087840335099172 -0.0715326533315671 -0.028409090909090905 -0.1356691253951528 -0.0651330376940133 0.09442388669133597 -0.009843730773963333 0.06627218934911241 -0.1354665420997314 -0.03281171125694094 -0.08081828513701225 -0.013329778725673156 -0.06646216768916155 -0.04553368153207446 -0.15449032630667053 0.0718132854578097 -0.07615421227986674 0.1073473282442748 -0.17739975698663424 0.04353775345192188 -0.15885416666666666 0.04461871281773932 -0.02491476527668502 0.04784688995215312 -0.03856041131105399 -0.0037561036684612484 -0.08729611762003217 -0.03814587908912264 -0.07304601899196493 -0.06282335550628233 0.038774233896185104 -0.02842010076217543 0.09490379615184606 -0.0939093104373491 0.08805400645729379 0.011142751021418843 -0.08864007464427338 -0.11747430249632893 -0.22859173279639938 -0.1353658536585366 -0.1304671968190855 -0.11697393515575331 0.016528925619834718 -0.1741616844294255 -0.09570041608876559 -0.05068179075660674 -0.2839851024208566 -1.4768870684610884 -1.9199807761624417 -0.5052005943536404 -0.2603010115963484 -0.14748156480439945 -0.1418527198717158 -0.08053176530742681 -0.10229471938070223 -0.15093374264517778 -0.49917394382818026 -2.7283455274958692 -4.162862430598397 -0.6767379022353229 -0.16323547326105495 -0.15867066466766616 -0.07871064467766117 -0.2174197773411919 -0.06745362563237774 -0.05629221916437327 -0.15004512635379064 -0.18812330009066186 -0.3322058468229041 -0.22285107888220726 -0.1844974242242722 -0.10125957026426277 -0.10052122114668653 -0.05227781926811052 -0.10921052631578947
0.11650723571253371 -0.05056747949207776 0.15667574931880107 -0.02778420930771012 0.06967406707605102 0.0035465185010048464 0.10812139083425483 0.0633142578838427 0.13997688455117502 0.02351639230875639 0.08482086340043042 -0.08925296491013572 0.003570578433706262 -0.06329113924050632 0.017699115044247787 -0.009855858075643709 -0.05828586567757319 -0.023243801652892564 -0.12644889357218123 -0.04850332594235033 0.11101186678575987 -0.012304663467454166 0.06982248520710059 -0.14480906224454046 -0.02271580010095911 -0.08208107084227806 -0.007997867235403893 -0.06901840490797546 -0.042855229677246545 -0.1559341611319665 0.07694280584765326 -0.0737743931461209 0.10257633587786259 -0.17861482381530985 0.04478168926483393 -0.16145833333333331 0.045970795024337485 -0.02884867558353003 0.045112781954887216 -0.04712939160239932 -0.01001627644923 -0.08040431886055595 -0.031210264709282166 -0.08643778914049186 -0.0640551860064055 0.04002501563477173 -0.024544632476424234 0.08970358814352575 -0.10061711832573117 0.09098914000587026 0.00619041723412158 -0.10963377653370654 -0.14458375691855868 -0.239251450906076 -0.1353658536585366 -0.13295228628230618 -0.1182453909726637 0.016528925619834708 -0.17416168442942553 -0.08737864077669902 -0.06636901170508025 -0.47020484171322163 -2.1322410766530133 -1.9908686771596784 -0.4928182268449727 -0.2788058228472736 -0.14748156480439945 -0.17022326384605896 -0.0920363032084878 -0.12303013547138512 -0.16372473778459967 -0.5534576351191881 -2.9018173235780034 -4.083898827884022 -0.6325227216900025 -0.1583627725666951 -0.14742628685657172 -0.07871064467766116 -0.22396856581532418 -0.05761663856098932 -0.04503377533149862 -0.1703519855595668 -0.1983227561196736 -0.3346218893452525 -0.2181346539323193 -0.18928956511321432 -0.100024697456162 -0.10300322660709856 -0.04729897933781428 -0.10526315789473684
0.12386558744174636 -0.0595572536240027 0.13737511353315165 -0.030099560083352628 0.06022673594709495 -0.001182172833668283 0.09583486914854404 0.05113843906002678 0.1297033517400796 0.015216489140960021 0.09621471072287632 -0.07702653136080208 0.011901928112354203 -0.059639727361246356 0.02781289506953224 -0.004927929037821854 -0.03841568419658233 -0.015495867768595045 -0.11064278187565857 -0.038802660753880266 0.1301518438177874 0.0 0.07455621301775148 -0.15064813733504612 -0.016405855628470467 -0.0770299280212148 -0.010663822980538525 -0.058793456032719835 -0.04553368153207446 -0.14149581287900664 0.079507566042575 -0.07258448357924799 0.09184160305343511 -0.17618469015795868 0.038562010200273666 -0.15885416666666669 0.04191454840454299 -0.02491476527668502 0.032809295967190705 -0.03570408454727221 -0.008764241893076249 -0.07580978635423845 -0.02427465032944168 -0.09982955928901875 -0.0505050505050505 0.040025015634771725 -0.01550187314300478 0.08710348413936557 -0.09793399517037833 0.08952157323158202 0.007428500680945896 -0.13762537905295077 -0.1796001355472721 -0.26175530024872673 -0.12804878048780488 -0.13667992047713715 -0.11443102352193261 0.01652892561983471 -0.17806082661814399 -0.08460471567267683 -0.09774345360202727 -0.7949255121042831 -2.793446459918081 -2.014898474107894 -0.48043585933630506 -0.28744140143103875 -0.1687289088863892 -0.1887257925249784 -0.12271507094465037 -0.13547138512579485 -0.16884113584036836 -0.626622610337503 -2.987963181496341 -3.9987661937075885 -0.5809383443871285 -0.16079912291387502 -0.14867566216891553 -0.0887056471764118 -0.2318271119842829 -0.06745362563237775 -0.042531898924193144 -0.1759927797833935 -0.1983227561196736 -0.31408552790529115 -0.20516448532012738 -0.17491314244638792 -0.09508520622375896 -0.09555721022586251 -0.056011949215832704 -0.0907894736842105
0.11160166789305861 -0.07416563658838074 0.12034514078110807 -0.02431118314424635 0.056683986773736414 1.3877787807814458e-18 0.09706352131711513 0.046268111530500436 0.12456658533453191 -0.0013833171946327292 0.09368274465122167 -0.0831397481354689 -0.00952154248988336 -0.05842259006815968 0.03413400758533502 -0.019711716151287417 -0.04238972049278051 -0.03744834710743801 -0.11064278187565857 -0.05543237250554324 0.1288758453489856 0.0012304663467454164 0.06390532544378699 -0.13546654209973139 -0.00504795557799091 -0.07197878520015152 0.0013329778725673148 -0.06134969325153374 -0.040176777822418644 -0.14438348252959862 0.07309566555527057 -0.07615421227986674 0.07872137404580153 -0.17496962332928306 0.04353775345192187 -0.1484375 0.04461871281773931 -0.019669551534225015 0.038277511961722493 -0.03570408454727221 -0.023788656566921248 -0.0815529519871353 -0.05086117211883019 -0.09495982468955441 -0.0566642030056664 0.036272670419011874 -0.024544632476424234 0.08060322412896515 -0.11939898041320099 0.08952157323158202 -0.004952333787297264 -0.18311173314672263 -0.2112278323732068 -0.26293971337202415 -0.11585365853658539 -0.13667992047713717 -0.101716465352829 0.020343293070565798 -0.17936054068105012 -0.08321775312066573 -0.1291178954989743 -1.2814245810055866 -3.4523112931538913 -1.9932716568545001 -0.4556711243189698 -0.2837404391808537 -0.16997875265591803 -0.1899592944369064 -0.12527163492266397 -0.14791263478020458 -0.18035303146584805 -0.672645739910314 -3.054047675241917 -3.796421961752005 -0.5170719724883321 -0.15836277256669512 -0.14242878560719638 -0.10119940029985006 -0.23313686967910932 -0.08150646430578976 -0.05128846634976232 -0.18276173285198555 -0.18925657298277426 -0.2838849963759362 -0.19101521047046338 -0.16173475500179704 -0.09014571499135592 -0.09679821295606852 -0.059746079163554885 -0.09868421052631578
0.10669610007358352 -0.08315541072030566 0.11126248864668482 -0.04167631396156518 0.055503070382616905 0.0011821728336682837 0.10689273866568375 0.045050529648118835 0.13098754334146653 -0.0013833171946327299 0.094948727687049 -0.09658882503973591 -0.02499404903594382 -0.05842259006815968 0.04298356510745892 -0.03203153874584205 -0.031792290369585384 -0.05681818181818181 -0.10273972602739725 -0.0789911308203991 0.12377185147377823 2.0816681711721684e-18 0.046153846153846156 -0.16349410253415858 -0.003785966683493183 -0.08208107084227806 0.009330845107971204 -0.06390593047034765 -0.03749832596759073 -0.14582731735489463 0.079507566042575 -0.07972394098048549 0.07514312977099237 -0.1907654921020656 0.049757432516482146 -0.15885416666666669 0.050027041644131964 -0.052452137424600045 0.03964456596035544 -0.059982862039417315 -0.01878051834230625 -0.1171605789110958 -0.07629175817824528 -0.1241782322863404 -0.05420054200542004 0.010006253908692928 -0.010334582095336522 0.05070202808112324 -0.1126911725248189 0.06897563839154681 -0.025999752383310638 -0.2787497084208071 -0.2677058624195188 -0.2866279758379723 -0.11585365853658539 -0.14910536779324055 -0.08518753973299428 0.019071837253655435 -0.15986482973745778 -0.08599167822468792 -0.16169904669965005 -1.8994413407821231 -3.9496781743709777 -1.9464135528054793 -0.4210004952947003 -0.29977794226498894 -0.16122984626921635 -0.21216232885160974 -0.12654991691167072 -0.17141277301631186 -0.17012023535431053 -0.7080481472740147 -2.9938635827236255 -3.422578655151141 -0.4433800049127979 -0.15227189669874527 -0.12118940529735131 -0.11744127936031981 -0.22134905042567127 -0.0983698707138842 -0.043782837127845885 -0.18050541516245486 -0.17452402538531278 -0.2548924861077555 -0.16861219195849544 -0.14017012100155743 -0.07656211410224749 -0.08687019111442046 -0.054767239233258644 -0.0907894736842105
0.09811135638950208 -0.08090796718732443 0.11353315168029066 -0.02778420930771012 0.055503070382616905 0.0035465185010048485 0.11549330384568128 0.045050529648118835 0.13484011814562732 0.005533268778530917 0.09368274465122169 -0.1039246851693361 -0.04641751963818138 -0.05720545277507302 0.050568900126422255 -0.0406554145620303 -0.027818254073387207 -0.06973140495867768 -0.10142255005268704 -0.09423503325942349 0.11483986219216538 -0.023378860588162912 0.03313609467455621 -0.18101132780567555 -0.001261988894497726 -0.08208107084227806 0.011996800853105836 -0.07029652351738241 -0.038837551895004686 -0.1472711521801906 0.07181328545780968 -0.09519276534983342 0.058444656488549615 -0.2114216281895504 0.053489239955218315 -0.1796875 0.05813953488372092 -0.07343299239444007 0.039644565960355434 -0.06855184233076264 -0.022536622010767497 -0.15966000459453253 -0.10981389434747428 -0.14730947163379596 -0.055432372505543226 -0.010006253908692937 -0.00258364552383413 0.029901196047841923 -0.1140327341024953 0.04989727032579983 -0.070570756468986 -0.4793561931420573 -0.3546820286908393 -0.31860713016700226 -0.11585365853658539 -0.1578031809145129 -0.07755880483153212 0.019071837253655435 -0.15336625942292698 -0.08321775312066573 -0.21479425606371425 -2.5314245810055866 -4.30778232884728 -1.7721975249309145 -0.3937592867756315 -0.31334813718233406 -0.16247969003874516 -0.23189835944245712 -0.14444586475776555 -0.19076582803428255 -0.1598874392427731 -0.7422704743922586 -2.7849893792777904 -2.795805058605799 -0.36600343895848686 -0.1388719697892557 -0.09870064967516241 -0.11244377811094453 -0.21218074656188604 -0.10258572231590782 -0.04628471353515136 -0.17260830324909748 -0.14619220308250228 -0.24402029475718776 -0.1485673859214715 -0.12938780400143762 -0.061743640405038304 -0.09183420203524448 -0.05352252925068459 -0.09736842105263156
0.093205788570027 -0.08989774131924935 0.11807447774750227 -0.026626533919888857 0.05786490316485593 0.005910864168341414 0.11795060818282344 0.04261536588335566 0.13740850134840116 0.015216489140960025 0.09621471072287632 -0.1149284753637364 -0.04403713401571055 -0.03164556962025316 0.05689001264222503 -0.0271036097080202 -0.029142932838786596 -0.06327479338842976 -0.1119599578503688 -0.08176274944567627 0.11611586066096721 -0.03199212501538083 0.021301775147928987 -0.15298376737124839 0.001261988894497728 -0.05682535673696174 0.01332977872567315 -0.05368098159509203 -0.04285522967724655 -0.12850129945134275 0.07309566555527057 -0.10709186101856258 0.05725190839694657 -0.19684082624544347 0.057221047393954484 -0.17187500000000003 0.06084369929691724 -0.07343299239444008 0.03007518796992481 -0.07140816909454442 -0.03380493301615124 -0.20905122903744547 -0.14102415905675644 -0.13148283418553688 -0.060359694506035955 -0.002501563477173234 -0.0064591138095853266 0.02730109204368175 -0.12878991145693586 0.0587026709715292 -0.13371301225702611 -0.8712386284114766 -0.48232237659550437 -0.3316356745232737 -0.125609756097561 -0.16028827037773358 -0.08645899554990463 0.012714558169103624 -0.1585651156745516 -0.08183079056865464 -0.26909617473150715 -2.9411080074487894 -4.428320655354009 -1.534302535143578 -0.3689945517582962 -0.2899087095978287 -0.17622797150356206 -0.22449734797088933 -0.1636200945928672 -0.17694221730716064 -0.14581734458940904 -0.7753127212650459 -2.554873731413736 -2.123380629241209 -0.26529108327192336 -0.12059934218540629 -0.07121439280359819 -0.10994502748625687 -0.1925343811394892 -0.0941540191118606 -0.04878658994245684 -0.13425090252707583 -0.11899365367180419 -0.19569944431021985 -0.1308807923593916 -0.10662513477896249 -0.060508767596937504 -0.07321916108215439 -0.057256659198406765 -0.07499999999999998
0.08339465293107677 -0.09214518485223058 0.11126248864668484 -0.025468858532067613 0.05077940481813888 -0.0011821728336682813 0.11795060818282344 0.036527456471447714 0.14126107615256195 0.004149951583898188 0.0936827446512217 -0.13938134246240372 -0.05236848369435848 -0.02921129503407984 0.06953223767383059 -0.02587162744856473 -0.019870181480990862 -0.06844008264462809 -0.09747102212855638 -0.085920177383592 0.10973586831695803 -0.05783191829703458 0.016568047337278107 -0.14130561719023707 0.006309944472488641 -0.05556257103169593 0.017328712343375095 -0.0626278118609407 -0.03481987411276283 -0.13138896910193473 0.06668376506796614 -0.11304140885292717 0.051288167938931296 -0.1931956257594168 0.055977111581042426 -0.16796875000000003 0.060843699296917256 -0.07605559926567008 0.027341079972658926 -0.06998000571265353 -0.06134969325153374 -0.25959108660693775 -0.18263784533579933 -0.13391770148526905 -0.057896033505789604 0.001250781738586612 -0.0012918227619170678 0.031201248049921998 -0.12208210356855378 0.05283240387437629 -0.23895010523709298 -1.48938651737812 -0.6528860273353665 -0.3612460026057088 -0.1329268292682927 -0.16650099403578528 -0.08773045136681501 0.00635727908455181 -0.16246425786327007 -0.08876560332871011 -0.3040907445396404 -3.091247672253259 -4.361614979520187 -1.310825423525171 -0.3392768697374938 -0.2874414014310387 -0.17747781527309087 -0.22079684223510548 -0.17512463249392818 -0.17279513408902406 -0.15221284215911998 -0.7729525607741327 -2.259853670049563 -1.5064774830351635 -0.1915991156963891 -0.10841759044950665 -0.04497751124437782 -0.08370814592703647 -0.17026850032743943 -0.08431703204047217 -0.04628471353515136 -0.10943140794223827 -0.08159564823209428 -0.16791495530321335 -0.10611956137247966 -0.09704085300107823 -0.05186465794023215 -0.06577314470091836 -0.05352252925068459 -0.06447368421052631
0.09075300466028943 -0.08090796718732442 0.09990917347865577 -0.027784209307710122 0.06022673594709495 -0.003546518501004845 0.13883769504853177 0.03896262023621089 0.15923975857197892 0.008299903167796378 0.09241676161539437 -0.13449076904267027 -0.05712925493930017 -0.02921129503407984 0.07458912768647283 -0.011087840335099176 -0.007948072592396344 -0.0477789256198347 -0.07903055848261328 -0.06651884700665188 0.11994385606737275 -0.07874984619170665 0.00946745562130177 -0.14013780217213592 0.029025744573447754 -0.05177421391589847 0.05465209277525993 -0.05368098159509203 0.009374581491897682 -0.12272596015015882 0.06411900487304437 -0.11542122798667301 0.04651717557251909 -0.1931956257594168 0.07214827714889913 -0.16796875000000003 0.09599783666846944 -0.06949908208759507 0.06151742993848257 -0.06283918880319908 -0.11017904094153 -0.3181713760624857 -0.22771933880476247 -0.1448746043340638 -0.0800689825080069 -0.008755472170106315 -0.011626404857253586 0.03250130005200208 -0.12878991145693588 0.05429997064866452 -0.3726631174941191 -2.1075344063447634 -0.82909748107986 -0.39914722255122587 -0.14634146341463417 -0.18141153081510933 -0.09535918626827719 0.0012714558169103628 -0.1676631141148947 -0.09015256588072121 -0.3161578375769277 -3.2344040968342638 -4.184903452311293 -1.1041691697705154 -0.2909856364536899 -0.2726375524302985 -0.1424821897262842 -0.2084618231158258 -0.13549789083471814 -0.16035388443461432 -0.15605014070094653 -0.751711116355912 -1.8763275902761383 -0.9808760024676125 -0.13387374109555392 -0.0840540869777074 -0.02873563218390804 -0.051224387806096935 -0.15193189259986903 -0.06745362563237774 -0.027520640480360264 -0.0812274368231047 -0.05099728014505892 -0.13529838125151003 -0.07074637424831978 -0.08865460644542951 -0.013583600889108418 -0.05956813104988832 -0.016181229773462782 -0.05394736842105262
0.1030169242089772 -0.0865265760197775 0.11580381471389645 -0.033572586246816395 0.067312234293812 -0.010639555503014538 0.13760904287996067 0.03652745647144771 0.1528188005650443 0.0027666343892654593 0.08482086340043046 -0.15160777601173736 -0.08569388240895025 -0.04138266796494645 0.06321112515802782 -0.022175680670198348 -0.02251953901178964 -0.05423553719008264 -0.10010537407797682 -0.0720620842572062 0.11228786525456172 -0.0959763750461425 -0.004733727810650888 -0.1459768772626416 0.0353356890459364 -0.06187649955802501 0.06264996001066382 -0.056237218813905934 0.013392259274139548 -0.11983829049956685 0.04744806360605284 -0.13921941932413134 0.00954198473282443 -0.20048602673147026 0.06344072645851474 -0.1640625 0.09194159004867494 -0.060319958038290065 0.04784688995215311 -0.058554698657526424 -0.16151245774383372 -0.3824948311509304 -0.2808923823835395 -0.15948380813245677 -0.08499630450849963 -0.015009380863039403 -0.0297119235240925 0.01950078003120125 -0.15293801985511135 0.04842970355151159 -0.4952333787297264 -2.804991835782599 -0.9906246470123122 -0.4263887243870662 -0.16585365853658537 -0.1925944333996024 -0.11061665607120155 -0.0025429116338207243 -0.178060826618144 -0.08599167822468792 -0.3161578375769277 -3.236731843575419 -3.920421299005266 -0.9011173855580921 -0.24640911342248634 -0.26153466567974337 -0.11873515810523685 -0.2010608116442581 -0.12143678895564361 -0.15205971799834114 -0.13942184701969812 -0.7009676658012743 -1.3889544489025254 -0.5737199259716224 -0.08720216163104891 -0.05969058350590813 -0.02873563218390805 -0.03623188405797101 -0.15193189259986903 -0.06323777403035413 -0.03252439329497122 -0.07784296028880866 -0.04306436990027199 -0.09905774341628414 -0.0613135243485438 -0.08745657122319396 -0.019757964929612248 -0.050881111938446265 -0.021160069703759023 -0.051315789473684204
0.0772626931567329 -0.07866052365434319 0.09536784741144415 -0.01852280620514008 0.05786490316485593 0.014186074004019384 0.1314657820371053 0.06453183976622429 0.15795556697059202 0.024899709503389128 0.07849094822129384 -0.16383420956107103 -0.09402523208759819 -0.03894839337877313 0.06826801517067005 -0.011087840335099174 -0.03179229036958538 -0.03744834710743801 -0.09483667017913593 -0.052660753880266066 0.09314788822253416 -0.10705057216685124 -0.005917159763313612 -0.13663435711783253 0.03659767794043413 -0.06061371385275919 0.05598507064782724 -0.05495910020449898 0.016070711128967456 -0.12128212532486285 -0.0025647601949217837 -0.17253688719657306 -0.033396946564885496 -0.20048602673147023 0.046025625077745984 -0.16276041666666666 0.07436452136289887 -0.05376344086021506 0.04647983595352016 -0.057126535275635534 -0.28170777513459366 -0.5008040431886056 -0.37105536932146566 -0.17409301193084978 -0.0960827790096083 -0.00875547217010632 -0.04133832838134608 0.029901196047841916 -0.1569627045881406 0.06310537129439389 -0.5992323882629689 -3.3951481222299975 -1.121653676719756 -0.45244581309960913 -0.17682926829268292 -0.19756461232604375 -0.12460267005721552 -0.0038143674507310848 -0.18325968286976865 -0.08321775312066573 -0.3378786050440449 -3.213454376163873 -3.60210649502633 -0.7028715607353118 -0.2241208519068846 -0.23316062176165803 -0.1149856267966504 -0.16775626002220306 -0.10609740508756231 -0.12855957976223392 -0.13686364799181377 -0.6266226103375029 -0.8886004248288885 -0.16039481801357186 -0.04912797838368952 -0.01705445243025947 -0.02123938030984508 0.006246876561719142 -0.14800261951538965 -0.030916245081506467 -0.0350262697022767 -0.07220216606498195 -0.02493200362647326 -0.060401063058709833 -0.04008961207404787 -0.07068407811189649 -0.011113855272906889 -0.03474807644576818 -0.0024894199651481195 -0.046052631578947366
0.06009320578857004 -0.09214518485223058 0.10445049954586741 -0.021995832368603845 0.0543221539914974 0.009457382669346256 0.12286521685710775 0.06574942164860588 0.14639784255810964 0.0235163923087564 0.0696290669705026 -0.18095121653013818 -0.10592716019995238 -0.05233690360272638 0.06700379266750948 -0.018479733891831957 -0.039740362961981725 -0.0490702479338843 -0.1106427818756586 -0.0720620842572062 0.06507592190889373 -0.12181616832779622 -0.01893491124260355 -0.1459768772626416 0.025239777889954566 -0.08081828513701225 0.046654225539856035 -0.07796523517382413 0.012053033346725597 -0.14293964770430262 -0.048730443703513725 -0.24988100904331273 -0.0691793893129771 -0.2235722964763062 0.031098395322801342 -0.18359375 0.06354786371011359 -0.07736690270128509 0.0355434039644566 -0.07712082262210798 -0.40816326530612235 -1.1693085228577993 -0.5583169575771587 -0.2349646944241539 -0.13057403301305742 -0.041275797373358354 -0.0736338974292727 0.005200208008320328 -0.1837939361416689 0.04109186968007045 -0.6264702240931038 -3.4056449731747143 -1.163447418954027 -0.46547435745588056 -0.1951219512195122 -0.20999005964214712 -0.14367450731087095 -0.01780038143674507 -0.20405510787626727 -0.0915395284327323 -0.3306383492216725 -3.0237430167597767 -2.918665886483324 -0.5863270455364652 -0.20307082714214958 -0.21095484826054772 -0.10498687664041995 -0.1455532256074997 -0.10226255912054201 -0.11335360796239977 -0.13814274750575592 -0.5758791597828653 -0.6785461411375973 -0.10487353485502775 -0.036845983787767135 -0.009745401388719701 -0.023738130934532732 0.011244377811094452 -0.151931892599869 -0.035132096683530074 -0.04503377533149862 -0.055279783393501813 -0.010199456029011785 -0.04469678666344527 -0.0318358684117439 -0.06589193722295436 -0.013583600889108418 -0.04343509555721023 -0.012447099825740602 -0.05657894736842105
0.046602894285013484 -0.1123721766490617 0.09650317892824706 -0.031257235471173886 0.04959848842701936 0.003546518501004845 0.1314657820371053 0.07061974917813223 0.14639784255810967 0.02766634389265459 0.05570325357640208 -0.21273994375840571 -0.12258985955724828 -0.07181110029211295 0.06321112515802782 -0.04311937908094123 -0.04636375678897867 -0.06714876033057851 -0.12249736564805058 -0.08869179600886916 0.03445195865764961 -0.1796480866248308 -0.030769230769230764 -0.16466191755225973 0.017667844522968195 -0.0997600707159995 0.04265529192215409 -0.09202453987730061 0.009374581491897686 -0.15304649148137453 -0.10771992818671454 -0.3879105188005712 -0.13120229007633588 -0.2721749696233292 0.014927229754944643 -0.21223958333333331 0.06354786371011359 -0.0957251507998951 0.03417634996582365 -0.09711510996858042 -0.49455364968073123 -1.7780840799448654 -0.8091550109813894 -0.2897492086681276 -0.17491993101749198 -0.06629143214509067 -0.10205399819144814 -0.007800312012480502 -0.2079420445398444 0.02935133548576461 -0.6450414757954687 -3.398647072544903 -1.169095221958658 -0.478502901812152 -0.20975609756097563 -0.2261431411530815 -0.15638906547997458 -0.026700572155117612 -0.19755653756173644 -0.09570041608876559 -0.30650416314709783 -2.695530726256983 -2.229373902867174 -0.49621530698065597 -0.17706785537394748 -0.20848754009375767 -0.07624046994125735 -0.13568521031207598 -0.0715837913843794 -0.10229471938070223 -0.12790995139421846 -0.5251357092282276 -0.5499173943828181 -0.048118445404071564 -0.024563989191844764 -0.006090875867949813 -0.006246876561719139 0.017491254372813594 -0.1362148002619515 -0.023889825744800454 -0.04378283712784588 -0.06656137184115524 0.0056663644605621025 -0.06523314810340662 -0.022403018511967927 -0.0814663951120163 -0.002469745616201531 -0.05460412012906428 0.0024894199651481217 -0.06842105263157894
0.02698062300711308 -0.13372289021238343 0.0885558583106267 -0.04283398934938644 0.03897024090694378 -0.002364345667336566 0.1253225211942499 0.06574942164860587 0.14639784255810964 0.02904966108728732 0.04684137232561084 -0.2274116640176061 -0.10711735301118779 -0.07911392405063292 0.05815423514538559 -0.0443513613403967 -0.03709100543118293 -0.06714876033057851 -0.11722866174920969 -0.0873059866962306 0.015311981625622048 -0.23624953857512 -0.03550295857988166 -0.18568258787808012 0.0075719333669863696 -0.11112514206339186 0.039989336177019455 -0.09458077709611452 0.013392259274139551 -0.15015882183078255 -0.17568607335214156 -0.6722989052831985 -0.24689885496183206 -0.32442284325637905 -0.0186590371936808 -0.24088541666666666 0.04732287723093566 -0.11801730920535011 0.021872863978127138 -0.10568409025992573 -0.5521472392638036 -2.1376062485642082 -1.0692405502254074 -0.3737521305088873 -0.21680216802168023 -0.09130706691682303 -0.12272316238212118 -0.029901196047841916 -0.21464985242822646 0.008805400645729381 -0.6549461433700633 -3.3636575693958477 -1.1577996159493957 -0.4891626199218286 -0.2207317073170732 -0.23484095427435392 -0.15257469802924345 -0.04195804195804196 -0.18066025474395633 -0.10818307905686544 -0.3004706166284542 -2.2171787709497206 -1.5494441193680513 -0.4373423044575274 -0.1659237246161466 -0.20725388601036268 -0.061242344706911644 -0.13691871222400395 -0.04985299757126424 -0.10229471938070223 -0.13686364799181377 -0.4979938635827237 -0.4142081661552986 -0.03207896360271438 -0.01842299189388357 0.003654525520769885 0.0012493753123438277 0.024987506246876564 -0.12966601178781925 -0.02670039347948286 -0.04378283712784588 -0.06656137184115524 0.012466001813236628 -0.060401063058709833 -0.012970168612191963 -0.0814663951120163 0.013583600889108422 -0.05584512285927029 0.028628329599203382 -0.06710526315789474
0.01349031150355654 -0.15732104730868637 0.07039055404178021 -0.04283398934938644 0.024799244213509673 -0.008275209835677979 0.10935004300282589 0.062096676001461105 0.13740850134840116 0.020749757919490942 0.022787694644891755 -0.23963809756693974 -0.11782908831230658 -0.08763388510223953 0.03413400758533501 -0.04311937908094123 -0.06490925950457013 -0.06456611570247935 -0.1290832455216017 -0.07483370288248338 -0.008931989281612863 -0.26947212993724623 -0.06745562130177515 -0.19268947798668692 -0.013881877839475013 -0.10481121353706277 0.026659557451346304 -0.08307770961145194 0.005356903709655825 -0.1357204735778227 -0.2256988971531162 -0.9792955735364112 -0.49021946564885505 -0.3888213851761847 -0.051001368329394205 -0.24869791666666669 0.0351541373715522 -0.11408339889850509 0.020505809979494187 -0.10282776349614395 -0.5809440340553399 -2.245577762462669 -1.3235464108195585 -0.4407109812515218 -0.25622074402562206 -0.10006253908692933 -0.14985144038237957 -0.02470098803952158 -0.23209015293801985 0.004402700322864689 -0.649993809582766 -3.2878469792395615 -1.1329492827290182 -0.47968731493544947 -0.23170731707317077 -0.23732604373757454 -0.17291799109980927 -0.04577240940877304 -0.1949571094359241 -0.10957004160887654 -0.2715095933389646 -1.6003258845437613 -0.9853715623171444 -0.37726781208698795 -0.158494304110946 -0.18381445842585736 -0.05249343832020997 -0.11348217589737267 -0.044739869615237134 -0.08570638650815593 -0.14198004604758252 -0.46849185744630634 -0.3469435921642672 -0.00863664404688464 -0.01105379513633014 0.02192715312461932 0.003748125937031485 0.047476261869065464 -0.12442698100851342 -0.018268690275435644 -0.05379034275706779 -0.08235559566787004 0.007932910244786946 -0.06885721188692921 -0.01768659356207995 -0.0922487121121361 1.3877787807814458e-18 -0.06205013651030032 0.021160069703759027 -0.07105263157894737
0.01594309541329409 -0.17642431733902686 0.072661217075386 -0.038203287798101414 0.027161076995748695 0.0011821728336682796 0.11672195601425236 0.07427249482527701 0.14639784255810967 0.02074975791949094 0.018989745537409803 -0.25675510453600686 -0.09640561771006902 -0.09980525803310612 0.026548672566371685 -0.04681532585930762 -0.0702079745661677 -0.05423553719008264 -0.1356691253951528 -0.07206208425720621 -0.01913997703202756 -0.2891595914851729 -0.1195266272189349 -0.21371014831250731 -0.02397778899545684 -0.11996464200025256 0.02132764596107704 -0.09202453987730061 0.008035355564483735 -0.14727115218019057 -0.2513464991023339 -1.2791527843883865 -0.9243797709923666 -0.4471445929526124 -0.0833436994651076 -0.2578125 0.02974580854515956 -0.12195121951219512 0.02460697197539303 -0.11139674378748927 -0.6009765869538 -2.33517114633586 -1.468038377066235 -0.5101046992938885 -0.3005666420300567 -0.12007504690431521 -0.17697971838263793 -0.02470098803952158 -0.2428226455594312 -0.004402700322864691 -0.6140893896248607 -3.097737345463028 -1.051620919462329 -0.4749496624422599 -0.23048780487804876 -0.2398111332007952 -0.17673235855054037 -0.04831532104259377 -0.1949571094359241 -0.11234396671289873 -0.21358754675998554 -0.9648510242085656 -0.5406670567583383 -0.3340141775801994 -0.12753838533927686 -0.1628423390081421 -0.019997500312460947 -0.08511163192302948 -0.008947973923047428 -0.06497097041747305 -0.12790995139421846 -0.4366296908189756 -0.27023837620958224 0.00863664404688464 0.012281994595922375 0.03898160555487879 0.014992503748125935 0.06746626686656672 -0.11132940406024887 -0.014052838673412033 -0.03877908431323492 -0.10604693140794223 0.011332728921124208 -0.051944914230490455 -0.002358212474944 -0.09105067688990055 0.009878982464806124 -0.06205013651030032 0.0248941996514812 -0.06973684210526317
0.01839587932303164 -0.20002247443532983 0.06130790190735695 -0.04167631396156518 0.02598016060462919 -0.005910864168341414 0.11057869517139698 0.07305491294289541 0.13484011814562732 0.0013833171946327299 0.018989745537409803 -0.26775889473040715 -0.1130683170673649 -0.1034566699123661 0.03666245259165614 -0.057903166194406795 -0.0423897204927805 -0.05036157024793388 -0.11327713382507905 -0.07621951219512195 -0.03955595253285696 -0.30392518764611787 -0.17159763313609466 -0.2487445988555413 -0.05931347804139324 -0.13638085616870818 -0.0013329778725673202 -0.09202453987730061 -0.014731485201553502 -0.1544903263066705 -0.2834060015388561 -1.4671584959543076 -1.6829675572519087 -0.5771567436208992 -0.13807687523323797 -0.29036458333333337 0.006760411032990824 -0.13768686073957515 0.010936431989063567 -0.13710368466152528 -0.5847001377238012 -2.3144957500574317 -1.4957808345855972 -0.5928901874847821 -0.3252032520325203 -0.1575984990619137 -0.16922878181113551 -0.04160166406656267 -0.23209015293801985 -0.01907836806574699 -0.5670422186455367 -2.7105201772801495 -0.9172032079521066 -0.460736704962691 -0.22804878048780486 -0.2509940357852882 -0.18308963763509217 -0.049586776859504134 -0.20015596568754873 -0.11650485436893201 -0.16773259321829373 -0.5493482309124768 -0.29490930368636625 -0.3027754415475189 -0.09782070331847448 -0.16407599309153714 0.0012498437695288086 -0.08387813001110152 0.007669691934040651 -0.07326513685374618 -0.11383985674085442 -0.4000472032098183 -0.24309653056407837 0.020974706971005553 0.024563989191844753 0.03898160555487879 0.02123938030984508 0.07621189405297352 -0.11263916175507531 -0.009836987071388423 -0.03377533149862397 -0.1466606498194946 0.0011332728921124226 -0.04590480792461947 0.0035373187124159893 -0.09105067688990057 0.018523092121511486 -0.05584512285927029 0.026138909634055258 -0.07894736842105264
0.011037527593818989 -0.21463085739970786 0.049954586739327886 -0.048622366288492716 0.028341993386868207 -0.01182172833668282 0.11180734733996804 0.06940216729575063 0.14126107615256195 -0.00691658597316365 0.00886188125079124 -0.2726494681501406 -0.14282313734825042 -0.11562804284323272 0.025284450063211124 -0.07761488234569422 -0.03841568419658233 -0.06069214876033058 -0.10669125395152794 -0.09007760532150777 -0.05869592956488452 -0.3211517165005537 -0.2757396449704142 -0.316477869905407 -0.09464916708732965 -0.157848213158227 -0.009330845107971211 -0.09458077709611452 -0.010713807419311636 -0.16315333525844644 -0.3141831238779174 -1.5433127082341742 -2.323473282442748 -0.8286755771567436 -0.21644483144669735 -0.34114583333333337 -0.024337479718766895 -0.17178075006556517 -0.008202323991797673 -0.16423878891745214 -0.5847001377238012 -2.2834826556397885 -1.4923130273956768 -0.6720233747260773 -0.3720128110372013 -0.1951219512195122 -0.18343883219222323 -0.0546021840873635 -0.23209015293801985 -0.0293513354857646 -0.4840906277083075 -2.0923722883135065 -0.744380436010392 -0.43349520312685064 -0.2268292682926829 -0.23856858846918488 -0.18308963763509217 -0.03178639542275906 -0.17936054068105017 -0.09708737864077668 -0.14842524435863402 -0.38989757914338924 -0.20479812755997662 -0.2895590532260003 -0.0829618623080733 -0.16530964717493216 0.006249218847644046 -0.10484766251387687 0.023009075802121953 -0.0926181918717169 -0.10488616014325913 -0.37526551805522784 -0.24073637007316498 0.02714373843306601 0.03930238270695161 0.03289072968692898 0.039980009995002494 0.058720639680159926 -0.09168303863785199 -0.028105677346824065 -0.03877908431323492 -0.1782490974729242 -0.023798730734360833 -0.043488765402271076 0.007074637424831975 -0.09344674733437162 0.02469745616201531 -0.06205013651030032 0.03858600945979586 -0.09210526315789475
0.0024527839097375536 -0.2314866838970671 0.03973660308810173 -0.053253067839777735 0.010628247520075582 -0.011821728336682822 0.09583486914854404 0.06818458541336905 0.13612430974701425 -0.009683220362429105 0.0025319660716546398 -0.2971023352488079 -0.16305641513925256 -0.12293086660175268 0.01643489254108723 -0.09363065171861526 -0.05961054444297258 -0.07618801652892562 -0.11986301369863014 -0.10393569844789359 -0.0956998851601378 -0.33960871170173496 -0.41893491124260357 -0.4461053369146327 -0.1691065118626956 -0.18184114155827752 -0.06531591575579845 -0.11247443762781187 -0.05758671487880005 -0.17037250938492637 -0.34239548602205694 -1.5683008091385053 -2.609732824427481 -1.2405832320777643 -0.34208234855081476 -0.37890625 -0.08112493239588967 -0.1966955153422502 -0.043745727956254275 -0.17566409597257926 -0.5634155502691875 -2.2513209280955664 -1.4553230840365277 -0.7450693937180424 -0.4126632175412663 -0.23514696685428396 -0.20798346466864745 -0.078003120124805 -0.24148108398175477 -0.0440270032286469 -0.36771078370682186 -1.464893865173781 -0.5692985428668248 -0.39440957005803623 -0.2182926829268293 -0.22241550695825052 -0.18944691671964398 -0.020343293070565795 -0.17026254224070705 -0.08183079056865464 -0.13997827923253292 -0.22113594040968348 -0.17320070216500877 -0.27754415475189237 -0.09534422981674094 -0.1628423390081421 -0.021247344081989753 -0.11718268163315652 -1.3877787807814458e-18 -0.10505944152612663 -0.09337426451777947 -0.34104319093698376 -0.2348359688458815 0.06662553979025293 0.050356177843281745 0.04872700694359848 0.04497751124437781 0.058720639680159926 -0.0851342501637197 -0.02529510961214166 -0.05629221916437328 -0.20081227436823101 -0.04306436990027198 -0.03744865909640009 -0.005895531187359981 -0.08865460644542951 0.0 -0.05212211466865226 0.02364948966890714 -0.09210526315789475
-0.011037527593818982 -0.23373412743004834 0.026112624886466845 -0.06482982171799027 -0.002361832782239019 -0.011821728336682824 0.0921489126428308 0.06331425788384268 0.14254526775394888 -0.013833171946327294 -0.0025319660716546398 -0.2946570485389412 -0.17138776481790047 -0.15335929892891917 0.01390644753476612 -0.09732659849698164 -0.0702079745661677 -0.08006198347107438 -0.1119599578503688 -0.1080931263858093 -0.11994385606737272 -0.3494524424756983 -0.5609467455621301 -0.6960177507882751 -0.23725391216557296 -0.2007829271372648 -0.10663822980538522 -0.1137525562372188 -0.07901432971742332 -0.1631533352584464 -0.35008976660682223 -1.5611613517372678 -2.622853053435114 -1.7691373025516401 -0.5187212339843263 -0.4270833333333333 -0.12168739859383451 -0.2216102806189352 -0.06971975393028025 -0.18708940302770638 -0.5133341680230374 -2.191592005513439 -1.4160212692174317 -0.7596785975164353 -0.46686375954668635 -0.2476547842401501 -0.22348533781165222 -0.0858034321372855 -0.2468473302924604 -0.046962136777223364 -0.2562832734926334 -0.7616048518777702 -0.41228961933807745 -0.3695368944687906 -0.21463414634146344 -0.20999005964214712 -0.19961856325492688 -0.015257469802924348 -0.17806082661814399 -0.08321775312066575 -0.14359840714371908 -0.18272811918063311 -0.15447630193095377 -0.2691337258200168 -0.10153541357107479 -0.16037503084135213 -0.03749531308586427 -0.12458369310472431 -0.021730793813115178 -0.11058888581697539 -0.08953696597595293 -0.3245220675005901 -0.2489969317913618 0.08513263417643431 0.06140997297961189 0.06578145937385796 0.058720639680159926 0.06746626686656673 -0.07858546168958742 -0.014052838673412029 -0.05504128096072054 -0.1917870036101083 -0.03739800543970988 -0.048320850446967864 -0.0035373187124159906 -0.07667425422307417 -1.3877787807814458e-18 -0.04964010920824025 0.02116006970375902 -0.09473684210526315
-0.001226391954868776 -0.22811551859759524 0.02497729336966394 -0.06251447094234777 -0.005904581955597545 -0.022461283839697362 0.09092026047425973 0.04018020211859248 0.13740850134840119 -0.0331996126711855 -0.0012659830358273199 -0.2714268247952073 -0.18567007855272552 -0.18743914313534565 -0.008849557522123892 -0.10718245657262535 -0.07418201086236588 -0.08264462809917356 -0.12513171759747105 -0.11363636363636362 -0.13270384075539107 -0.3531438415159346 -0.6556213017751479 -1.0954104869788626 -0.34830893488137304 -0.2462432125268342 -0.14262863236470275 -0.12014314928425356 -0.11249497790277219 -0.1674848397343344 -0.33470120543729165 -1.5397429795335553 -2.630009541984733 -2.1931956257594165 -0.6866525687274537 -0.50390625 -0.159545700378583 -0.26226068712300027 -0.10526315789473686 -0.20994001713796057 -0.40941529986227626 -2.070985527222605 -1.34435325395908 -0.7341124908692477 -0.5124414880512441 -0.2764227642276423 -0.23252809714507167 -0.1001040041601664 -0.25892138449154817 -0.05429997064866451 -0.16466509842763402 -0.15278749708420805 -0.28916751383711736 -0.33755774013976075 -0.20487804878048782 -0.20253479125248508 -0.19961856325492688 -0.008900190718372536 -0.17936054068105017 -0.07766990291262135 -0.13273802341016047 -0.15246741154562382 -0.1334113516676419 -0.26552925627778445 -0.10153541357107479 -0.17147791759190723 -0.03749531308586427 -0.15172073516713952 -0.0357918956921897 -0.13408902405308268 -0.0908160654898951 -0.3162615057823932 -0.24899693179136184 0.08883405305367058 0.07246376811594203 0.06699963454744792 0.054972513743128434 0.05622188905547226 -0.0851342501637197 -0.03232152894884767 -0.047535651738804106 -0.17712093862815886 -0.03626473254759746 -0.07610533945397438 -0.008253743662303973 -0.07787228944530969 -0.0024697456162015305 -0.04219409282700422 0.0024894199651481195 -0.09078947368421052
0.00613195977434388 -0.2326104056635577 0.024977293369663943 -0.08682565408659412 -0.01889466225791214 -0.03428301217638018 0.09337756481140189 0.0121758188238159 0.13997688455117502 -0.049799419006778256 -0.0025319660716546398 -0.2812079716346742 -0.18209950011901926 -0.19352482960077896 -0.06321112515802782 -0.1466058888752002 -0.08875347728175917 -0.09426652892561985 -0.11854583772391994 -0.10947893569844788 -0.12632384841138192 -0.3716008367171158 -0.650887573964497 -1.0977461170150649 -0.9098939929328622 -0.48364692511680774 -0.19328179152226072 -0.15848670756646216 -0.1299049149591536 -0.1761478486861103 -0.30905360348807387 -1.4790575916230364 -2.5799141221374047 -2.172539489671932 -0.9167806941161837 -0.6627604166666666 -0.2257977285018929 -0.30291109362706525 -0.11073137388926864 -0.22422165095686947 -0.3004882934769 -1.4403859407305304 -1.1767425731129353 -0.6927197467738007 -0.5099778270509978 -0.31769856160100063 -0.24286267924040822 -0.11700468018720749 -0.24148108398175477 -0.05136483710008806 -0.1473319301720936 -0.13412642873804523 -0.2360781655935841 -0.3233447826601919 -0.19634146341463413 -0.20377733598409545 -0.2021614748887476 -0.02542911633820725 -0.1715622563036132 -0.09015256588072121 -0.12791118619524558 -0.16759776536312848 -0.12873025160912815 -0.2835516039889463 -0.11763249133234273 -0.1850481125092524 -0.04249468816397951 -0.17269026766991488 -0.02940048574715583 -0.1451479126347802 -0.08314146840624201 -0.31862166627330657 -0.25017701203681847 0.09006785934608266 0.06632277081798084 0.08527226215129735 0.06496751624187906 0.05247376311844078 -0.07465618860510806 -0.02670039347948286 -0.046284713535151366 -0.18840252707581223 -0.02606527651858568 -0.07731336071514858 -0.024761230986911922 -0.08506050077872289 -0.0012348728081007655 -0.05212211466865226 0.00871296987801842 -0.09210526315789473
0.009811135638950207 -0.2281155185975952 0.04087193460490464 -0.1076638110673767 -0.04723665564478035 -0.044922567679394725 0.07986239095712004 -0.01948131011810545 0.1335559265442404 -0.07054917692626919 -0.00886188125079124 -0.2848759016994743 -0.1713877648179005 -0.20082765335929892 -0.08723135271807839 -0.1798694098804977 -0.11657173135514638 -0.10588842975206611 -0.12644889357218125 -0.10809312638580933 -0.13397983922419293 -0.36421803863664326 -0.6449704142011834 -1.098913932033166 -1.3440181726400808 -0.7311529233489077 -0.2865902426019728 -0.21728016359918198 -0.16070711128967458 -0.21079988449321396 -0.2654526801744037 -1.3672060923369822 -2.5143129770992365 -2.136087484811665 -0.9789774847617865 -0.82421875 -0.319091400757166 -0.35142932074482036 -0.13123718386876282 -0.2442159383033419 -0.22661825466382873 -0.8626234780611073 -0.9328401340885449 -0.6525444363282201 -0.46809559004680956 -0.36522826766729205 -0.25965637514533 -0.14430577223088922 -0.22001609873893213 -0.05429997064866451 -0.13123684536337749 -0.10613482621880102 -0.1908957415565345 -0.29491886770105413 -0.19512195121951217 -0.1963220675944334 -0.20089001907183723 -0.020343293070565798 -0.17676111255523783 -0.09015256588072121 -0.11825751176541573 -0.1606145251396648 -0.11702750146284376 -0.2727381953622492 -0.12753838533927683 -0.18751542067604243 -0.053743282089738796 -0.1751572714937708 -0.0306787677361626 -0.14929499585291678 -0.07162957278076232 -0.2950200613641728 -0.23247580835496814 0.09623689080814313 0.04421518054532055 0.11085394079668656 0.07496251874062967 0.05997001499250375 -0.06548788474132286 -0.028105677346824058 -0.047535651738804106 -0.16809566787003608 -0.02039891205802357 -0.06040106305870983 -0.03301497464921589 -0.09943692344554929 -0.006174364040503828 -0.05584512285927029 0.003734129947722179 -0.09868421052631579
0.0306597988717194 -0.2056410832677829 0.05336058128973661 -0.09956008335262792 -0.06258856872933397 -0.044922567679394725 0.07863373878854896 -0.03287471082430294 0.13997688455117502 -0.07746576289943283 0.0012659830358273199 -0.26898153808534053 -0.16305641513925254 -0.20326192794547224 -0.0922882427307206 -0.22668473573980535 -0.1430653066631342 -0.1071797520661157 -0.1238145416227608 -0.11502217294900223 -0.13780783463059845 -0.3211517165005537 -0.6461538461538463 -1.0603760364358286 -1.4525492175668853 -1.3271877762343731 -0.4238869634764063 -0.25434560327198363 -0.18883085576536762 -0.2295697372220618 -0.20902795588612463 -1.1018562589243217 -2.3795324427480917 -2.077764277035237 -0.9802214205746985 -1.02734375 -0.4177934018388318 -0.39076842381327037 -0.1367053998632946 -0.2670665524135961 -0.1665205959684487 -0.5088444750746611 -0.6507918159750319 -0.5807158509861212 -0.41512687854151264 -0.3802376485303315 -0.26740731171683246 -0.14170566822672906 -0.20525892138449153 -0.04696213677722337 -0.11142751021418842 -0.08747375787263818 -0.164915847735231 -0.27833708397489043 -0.19146341463414632 -0.2000497017892644 -0.20724729815638904 -0.017800381436745075 -0.18325968286976865 -0.09153952843273232 -0.0880897791721974 -0.14432029795158285 -0.08777062609713283 -0.25711882734590896 -0.1114413075780089 -0.18874907475943745 -0.04999375078115236 -0.1714567657579869 -0.03195704972516938 -0.14238319048935583 -0.03709388590432336 -0.2666981354732122 -0.2230351663913146 0.10734114743985194 0.0393023827069516 0.12547204287976613 0.09370314842578711 0.0662168915542229 -0.04191224623444662 -0.025295109612141646 -0.04003002251688767 -0.16922382671480146 -0.020398912058023577 -0.08335346702101958 -0.03183586841174389 -0.12219959266802442 -0.017288219313410715 -0.060809133780094324 -0.00995767986059248 -0.1013157894736842
0.04047093451066961 -0.18204292617147994 0.07039055404178021 -0.10187543412827042 -0.061407652338214457 -0.05083343184773613 0.09214891264283083 -0.0365274564714477 0.15667137536920508 -0.07331581131553465 0.00759589821496392 -0.26898153808534053 -0.14163294453701497 -0.21421616358325218 -0.10240202275600505 -0.27103609708020204 -0.17485759703271958 -0.10976239669421488 -0.1290832455216017 -0.11640798226164081 -0.1301518438177874 -0.3014642549526271 -0.6153846153846154 -1.0136634357117833 -1.351590106007067 -2.177042555878267 -0.6611570247933883 -0.299079754601227 -0.2102584706039909 -0.23967658099913375 -0.17183893305975895 -0.8008091385054736 -2.1230916030534353 -1.9927095990279469 -0.9777335489488745 -1.2239583333333335 -0.5773391022174148 -0.4274849200104905 -0.15584415584415584 -0.2670665524135961 -0.14774007762614247 -0.3893866299104066 -0.38839440527106694 -0.5003652300949598 -0.3917220990391722 -0.38148843026891804 -0.3035783490505103 -0.14950598023920952 -0.22001609873893208 -0.03375403580862929 -0.09904667574594525 -0.07231163984138089 -0.14006551451485372 -0.25820206087883457 -0.17804878048780487 -0.19383697813121276 -0.2072472981563891 -0.01652892561983471 -0.18585911099558097 -0.09015256588072121 -0.06274888379389405 -0.13850093109869643 -0.07021650087770626 -0.2499098882614442 -0.0829618623080733 -0.20848754009375772 -0.02874640669916261 -0.18502528678919447 -0.010226255912054196 -0.15067735692562897 -0.02046559222307496 -0.25371725277318863 -0.2183148454094878 0.10610734114743985 0.03438958486858265 0.11816299183822634 0.10869565217391304 0.054972513743128434 -0.03667321545514081 -0.02951096121416526 -0.028771578684013015 -0.16583935018050544 -0.01019945602901179 -0.09543367963276154 -0.022403018511967927 -0.14136815622379298 -0.01605334650530995 -0.059568131049888305 -0.012447099825740602 -0.09342105263157895
0.03188619082658818 -0.16293965614113945 0.06471389645776568 -0.11345218800648298 -0.07439773264052905 -0.10757772786381367 0.07126182577712249 -0.05600876658955315 0.1335559265442404 -0.09129893484576013 0.00886188125079124 -0.23963809756693974 -0.1428231373482504 -0.1983933787731256 -0.12010113780025282 -0.2759640261180239 -0.2384421777718903 -0.11234504132231407 -0.136986301369863 -0.1108647450110865 -0.1301518438177874 -0.26701119724375544 -0.5585798816568048 -0.9564404998248278 -1.235487127713276 -2.8639979795428716 -1.0943748333777659 -0.3565950920245399 -0.2544529262086514 -0.2512272596015016 -0.1513208515003847 -0.49857210851975253 -1.6638835877862597 -1.9149453219927097 -0.9603184475681058 -1.3463541666666667 -0.8031368307193076 -0.4904274849200105 -0.1900205058099795 -0.27849185946872324 -0.12019531739075999 -0.2722260509993108 -0.21847185296497512 -0.4248843438032628 -0.35353535353535354 -0.33896185115697314 -0.33458209533651984 -0.15210608424336972 -0.22001609873893208 -0.011740534194305846 -0.10523709298006685 -0.055983205038488436 -0.13780639331300124 -0.22977614591969675 -0.17682926829268292 -0.1988071570576541 -0.21869040050858235 -0.030514939605848695 -0.1910579672472056 -0.10124826629680998 -0.05912875588270784 -0.1291899441340782 -0.06670567583382095 -0.2499098882614442 -0.07800891530460623 -0.21835677276091783 -0.042494688163979506 -0.19489330208461822 -0.01789594784609485 -0.1631186065800387 -0.021744691737017142 -0.22067500590040123 -0.24309653056407837 0.12338062924120914 0.020879390813068034 0.09258131319283713 0.11744127936031985 0.052473763118440785 -0.035363457760314354 -0.023889825744800454 -0.03752814610958218 -0.13989169675090254 -0.018132366273798738 -0.09664170089393574 -0.028298549699327907 -0.14136815622379298 -0.041985675475426025 -0.05212211466865226 -0.0186706497386109 -0.09342105263157895
0.024527839097375524 -0.14271266434430835 0.06357856494096277 -0.11113683723084047 -0.08856872933396316 -0.1324033573708476 0.06266126059712496 -0.062096676001461105 0.12585077693591884 -0.07608244570480012 0.00379794910748196 -0.21396258711333904 -0.13092120923589617 -0.2044790652385589 -0.1529709228824273 -0.31538745842059873 -0.321896939992052 -0.1291322314049587 -0.16596417281348788 -0.1080931263858093 -0.10718387137935434 -0.23501907222837456 -0.48520710059171607 -0.9027210089921758 -1.0916203937405349 -3.177168834448794 -1.7422020794454813 -0.4396728016359918 -0.2598098299183072 -0.2627779382038694 -0.11797896896640166 -0.30699666825321276 -0.8897900763358774 -1.7739975698663428 -0.9155367583032715 -1.3906250000000002 -1.1032990805840996 -0.5612378704432206 -0.20915926179084074 -0.255641245358469 -0.12144735194691374 -0.2412129565816678 -0.16761068084614492 -0.34331628926223523 -0.34121704853412177 -0.2964352720450281 -0.3940059423847048 -0.1742069682787311 -0.24148108398175477 -0.0058702670971529205 -0.08790392472452643 -0.0338231863774201 -0.13441771151022255 -0.20964112282364092 -0.16463414634146342 -0.17519880715705766 -0.21741894469167197 -0.024157660521296885 -0.18715882505848716 -0.09015256588072121 -0.04102811632677687 -0.10242085661080073 -0.05851375073142188 -0.2523128679562658 -0.08420009905894006 -0.20602023192696764 -0.05249343832020999 -0.18995929443690635 -0.028122203758149045 -0.13823610727121927 -0.026861089792785876 -0.19353316025489734 -0.24073637007316498 0.12338062924120914 0.014738393515106857 0.08892678767206726 0.12743628185907047 0.061219390304847576 -0.023575638506876228 -0.012647554806070826 -0.033775331498623974 -0.11845667870036103 -0.009066183136899369 -0.09301763711041315 -0.024761230986911915 -0.12818976877920213 -0.05186465794023215 -0.05460412012906428 -0.018670649738610906 -0.08421052631578947
0.024527839097375517 -0.12585683784694907 0.07039055404178021 -0.11345218800648298 -0.1051015588096363 -0.1607755053788864 0.034402260719990176 -0.07792524047242178 0.10273532811095416 -0.08438234887259649 0.0063299151791366 -0.18950972001467173 -0.09640561771006903 -0.19230769230769235 -0.17193426042983564 -0.3277072810151534 -0.39607895085441785 -0.14204545454545456 -0.19362486828240252 -0.10393569844789356 -0.08421589894092127 -0.21902300972068414 -0.3644970414201184 -0.8209739577250964 -0.9477536597677938 -3.2478848339436803 -2.411356971474274 -0.5610940695296524 -0.29864738181331185 -0.28587929540860524 -0.091048986919723 -0.23441218467396477 -0.23020038167938933 -1.5273390036452008 -0.8471202885931088 -1.3958333333333335 -1.4021092482422932 -0.6700760555992658 -0.22693096377306904 -0.2570694087403599 -0.09640666082383877 -0.2182402940500804 -0.139868223326783 -0.2593133674214755 -0.309189455530919 -0.2589118198874296 -0.4418033845756362 -0.20280811232449297 -0.2629460692245774 0.004402700322864691 -0.07304692336263464 -0.025658968975973872 -0.13441771151022253 -0.19779699159066683 -0.15609756097560976 -0.18513916500994038 -0.2237762237762238 -0.04831532104259377 -0.210553678190798 -0.10540915395284327 -0.02172076746711718 -0.07099627560521417 -0.04095962551199532 -0.2439024390243903 -0.08048538880633978 -0.19615099925980756 -0.0549931258592676 -0.18502528678919453 -0.030678767736162592 -0.13685374619850704 -0.015349194167306212 -0.17465187632759027 -0.2194949256549445 0.12091301665638494 0.011053795136330136 0.07674503593616762 0.10369815092453774 0.06496751624187905 -0.04584151931892601 -0.0070264193367060145 -0.026269702276707534 -0.11055956678700363 0.013599274705349046 -0.09664170089393574 -0.02594033722438392 -0.13657601533485086 -0.05556927636453446 -0.0757011665425664 -0.027383619616629322 -0.09473684210526315
0.030659798871719397 -0.12023822901449599 0.08060853769300637 -0.10534846029173421 -0.09329239489844118 -0.15131812270954015 0.02580169553999263 -0.08279556800194814 0.10658790291511493 -0.08161571448333102 0.01645777946575516 -0.1760606431104047 -0.07379195429659605 -0.19230769230769232 -0.1757269279393173 -0.3387951213502526 -0.4199231686316069 -0.15625000000000003 -0.1988935721812434 -0.11225055432372506 -0.06379992344009187 -0.1956441491325212 -0.2201183431952663 -0.6761648954805558 -0.7950530035335688 -3.20873847708044 -3.144494801386297 -0.7246932515337423 -0.3120396410874514 -0.3017614784868611 -0.06283662477558348 -0.2046644455021418 0.07275763358778625 -1.0886998784933175 -0.7289463863664634 -1.3450520833333335 -1.788804759329367 -0.860215053763441 -0.24606971975393033 -0.2542130819765781 -0.08013021159384 -0.20215943027796923 -0.14795977343659691 -0.19722425127830534 -0.2685390490268539 -0.23389618511569732 -0.44697067562330445 -0.23920956838273533 -0.277703246579018 0.011740534194305843 -0.06561842268168874 -0.03265686960578493 -0.12764034790466508 -0.2037190572071539 -0.14999999999999997 -0.18886679920477137 -0.221233312142403 -0.06357279084551812 -0.22615024694567193 -0.10679611650485436 -0.006033546518643659 -0.05353817504655495 -0.03393797542422469 -0.22227562177099602 -0.07305596830113918 -0.17394522575869725 -0.048743907011623545 -0.16652275811027506 -0.029400485747155824 -0.11888305225324854 -0.010232796111537476 -0.16521123436393675 -0.20769412320037764 0.09253547193090683 0.008597396217145666 0.0743086855889877 0.10119940029985006 0.07496251874062969 -0.04977079240340537 -0.011242270938729624 -0.016262196647485613 -0.10491877256317692 0.0328649138712602 -0.10026576467745832 -0.024761230986911922 -0.13777405055708639 -0.04569029389972832 -0.08687019111442046 -0.032362459546925564 -0.09605263157894736
0.03311258278145694 -0.10225868075064615 0.09082652134423252 -0.07524890020838157 -0.09093056211620218 -0.13713204870552076 -0.01474382602285293 -0.08036040423718496 0.10273532811095416 -0.06778254253700373 0.02152171160906444 -0.17117006969067122 -0.045227326826945954 -0.15579357351509251 -0.18204804045512007 -0.3301712455340643 -0.4477414227049941 -0.1575413223140496 -0.20416227608008425 -0.09977827050997783 -0.040831951001658796 -0.1858004183585579 -0.07928994082840239 -0.3900502160457783 -0.6537102473498231 -3.143073620406617 -3.667022127432685 -0.9432515337423313 -0.32409267443417705 -0.31475599191452497 -0.043600923313670166 -0.18681580199904804 0.12166030534351144 -0.5188335358444716 -0.5523075009329519 -1.2695312500000002 -2.0781503515413737 -1.2339365329137162 -0.2857142857142857 -0.2527849185946872 -0.0726180042569175 -0.1918217321387549 -0.13986822332678303 -0.15217920623326028 -0.2168021680216802 -0.2063789868667917 -0.418550574861129 -0.2860114404576183 -0.2763616850013416 0.020545934840035224 -0.06066608889439149 -0.026825285747609052 -0.1310290297074438 -0.18121520786450313 -0.14146341463414633 -0.180168986083499 -0.21106166560712017 -0.06484424666242848 -0.22355081881985966 -0.09015256588072122 0.012067093037287318 -0.04073556797020485 -0.022235225277940314 -0.22107413192358524 -0.06315007429420505 -0.16407599309153714 -0.0424946881639795 -0.14802022943135565 -0.019174229835101628 -0.10229471938070223 -0.008953696597595293 -0.1439697899457163 -0.18999291951852726 0.10734114743985194 2.0816681711721684e-18 0.09501766354001705 0.08120939530234883 0.11244377811094453 -0.03405370006548788 0.011242270938729624 -0.012509382036527395 -0.10153429602888087 0.0328649138712602 -0.05798502053636144 -0.024761230986911922 -0.12219959266802442 -0.03457643862682143 -0.07197815835194839 -0.02240477968633308 -0.075
0.03433897473632573 -0.09888751545117427 0.10217983651226159 -0.07640657559620283 -0.08738781294284365 -0.13949639437285732 -0.036859565057132324 -0.10227687812005357 0.10145113650956723 -0.066399225342371 0.02405367768071908 -0.17728328646533809 -0.01904308497976672 -0.09980525803310611 -0.1592920353982301 -0.31908340519896516 -0.46098821035898796 -0.1769111570247934 -0.1923076923076923 -0.10809312638580933 -0.020415975500829405 -0.16734342315737663 0.010650887573964495 0.03970571061543852 -0.47324583543664805 -3.0685692637959336 -3.9256198347107443 -1.1809815950920244 -0.34016338556314446 -0.32630667051689277 -0.029494742241600407 -0.1701570680628272 0.16817748091603052 -0.055893074119076555 -0.370692872247792 -1.1666666666666667 -2.209302325581395 -1.8594282717020718 -0.34313055365686945 -0.2542130819765781 -0.055089520470765 -0.18837583275901676 -0.13177667321696915 -0.14974433893352815 -0.15028332101502834 -0.18261413383364603 -0.3875468285751195 -0.3484139365574623 -0.28977730077810576 -0.0014675667742882301 -0.047047170979324 -0.02099370188943317 -0.12199254490003389 -0.16226459789174463 -0.13292682926829272 -0.1640159045725646 -0.20851875397329941 -0.061029879211697405 -0.22744996100857812 -0.08321775312066575 0.0229274767708459 -0.04073556797020484 -0.028086600351082503 -0.21266370299170972 -0.05819712729073799 -0.17147791759190723 -0.03749531308586427 -0.15912174663870732 -0.014061101879074523 -0.10782416367155101 -0.0012790995139421856 -0.13452914798206278 -0.16757139485485012 0.12584824182603332 -0.006140997297961186 0.09623583871360701 0.08370814592703651 0.11369315342328837 -0.027504911591355596 0.008431703204047219 -0.005003752814610958 -0.10040613718411553 0.029465095194922943 -0.007248127567045182 -0.023582124749439926 -0.11021924044566908 -0.022227710545813774 -0.06701414743112435 -0.0124470998257406 -0.06973684210526315
0.03433897473632573 -0.08540285425328689 0.09423251589464124 -0.04978004167631396 -0.07557864903164856 -0.1324033573708476 -0.04177417373141663 -0.1375867527091197 0.10658790291511493 -0.05533268778530916 0.0253196607165464 -0.15649834943147084 -0.01904308497976672 -0.07424537487828627 -0.11630847029077121 -0.27842799063693485 -0.46628692542058553 -0.215650826446281 -0.20416227608008425 -0.10947893569844788 -0.02424397090723491 -0.13904269718223206 0.014201183431952664 0.07590797617657362 0.14765270065623426 -2.795807551458517 -3.9416155691815518 -1.2589468302658486 -0.3575733226195259 -0.31331215708922894 -0.03847140292382663 -0.14397905759162305 0.1455152671755725 -0.01944106925880923 -0.1368329394203259 -0.9531250000000002 -2.134937804218496 -2.7668502491476525 -0.5550239234449761 -0.26278206226792344 -0.05008138224615 -0.15736273834137376 -0.12946480175702232 -0.12296079863647433 -0.13180586351318058 -0.12132582864290178 -0.37333677819403177 -0.3653146125845034 -0.37697880332707273 -0.0058702670971529205 -0.04580908753249969 0.010496850944716586 -0.11408562069355019 -0.14331398791898614 -0.12926829268292686 -0.14537773359840955 -0.20851875397329941 -0.02542911633820725 -0.24954510007798283 -0.07628294036061026 0.032581151200675756 -0.01047486033519553 -0.032767700409596257 -0.1814249669590292 -0.04457652303120357 -0.152973106340982 -0.043744531933508315 -0.135685210312076 -0.021730793813115178 -0.10505944152612663 0.001279099513942184 -0.12036818503658246 -0.1711116355912202 0.1418877236273905 0.004912797838368952 0.09136313801924716 0.07871064467766117 0.12493753123438282 -0.020956123117223315 0.011242270938729626 -0.006254691018263698 -0.078971119133574 0.01813236627379873 0.0024160425223483926 -0.0070746374248319786 -0.09344674733437161 -0.02099283773771301 -0.035989079175974194 -0.01369180980831466 -0.061842105263157886
0.0306597988717194 -0.06967074952241824 0.09309718437783834 -0.03241491085899514 -0.05077940481813888 -0.1264924932025062 -0.04546013023712987 -0.18629002800438327 0.09631437010401953 -0.044266150228247335 0.021521711609064444 -0.14182662917227046 -0.02499404903594383 -0.062074001947419674 -0.10366624525916561 -0.2451644696316373 -0.45436481653199107 -0.2892561983471075 -0.2054794520547945 -0.1164079822616408 -0.008931989281612861 -0.10705057216685124 0.011834319526627219 0.10627116664720308 0.632256436143362 -2.5255714105316325 -3.910957078112504 -1.3049591002044991 -0.3522164189098701 -0.30464914813745303 -0.04744806360605284 -0.1225606853879105 0.15028625954198474 0.014580801944106922 -0.059708919019778595 -0.7539062499999999 -2.025419145484045 -3.5326514555468136 -0.7928913192071086 -0.281348186232505 -0.047577313133842496 -0.13209280955662758 -0.13177667321696915 -0.09617725833942051 -0.12687854151268785 -0.06253908692933084 -0.3423330319080222 -0.4303172126885075 -0.5191843305607728 -0.0293513354857646 -0.04085675374520242 0.017494751574527644 -0.12199254490003389 -0.1350230960559043 -0.11707317073170734 -0.13170974155069584 -0.203432930705658 -0.01271455816910362 -0.2651416688328568 -0.08044382801664356 0.034994569808133216 2.0816681711721684e-18 -0.023405500292568757 -0.18262645680644002 -0.03467062902426944 -0.1443375277572169 -0.04124484439445069 -0.14308622178364377 -0.03962674165921002 -0.11473596903511199 -0.006395497569710924 -0.11682794430021241 -0.18055227755487374 0.13448488587291793 0.030704986489805946 0.08161773663052747 0.06746626686656672 0.1199400299850075 -0.027504911591355596 0.011242270938729626 -0.010007505629221916 -0.07445848375451265 0.004533091568449687 0.0012080212611741948 -0.009432849899775973 -0.07787228944530969 -0.02346258335391454 -0.03226607098535617 -0.01991535972118496 -0.0618421052631579
0.029433406916850625 -0.07641308012136196 0.0885558583106267 -0.04167631396156518 -0.03306565895134624 -0.13594987587185245 -0.04177417373141664 -0.22890539388773895 0.09374598690124566 -0.04564946742288007 0.00886188125079124 -0.14304927252720384 -0.04522732682694597 -0.05842259006815968 -0.11757269279393175 -0.20327707281015156 -0.4503907802357928 -0.34607438016528924 -0.22918861959957854 -0.1164079822616408 -0.007655990812811026 -0.10458963947336039 0.016568047337278107 0.09926427653859628 0.7799091367995963 -1.905543629246117 -3.8456411623567055 -1.3445807770961147 -0.3361457077809026 -0.3003176436615651 -0.042318543216209294 -0.1142313184198001 0.14790076335877864 0.030376670716889424 -0.02985445950988929 -0.5182291666666666 -1.8848025959978365 -4.0571728297928145 -1.0170881749829117 -0.30562696372465015 -0.06134969325153374 -0.12520101079715137 -0.15836319500635765 -0.10104699293888483 -0.15151515151515152 -0.03877423389618512 -0.33329027257460275 -0.5694227769110765 -0.768714784008586 -0.06310537129439389 -0.047047170979324 0.0244926522043387 -0.1276403479046651 -0.1350230960559043 -0.1207317073170732 -0.12052683896620282 -0.2136045772409409 -0.0025429116338207187 -0.2963348063426047 -0.08321775312066573 0.03378786050440448 1.3877787807814458e-18 -0.03861907548273844 -0.18983539589090473 -0.0433382862803368 -0.14063656550703182 -0.03999500062492188 -0.12458369310472432 -0.04090502364821679 -0.1092065247442632 -0.01918649270913277 -0.11446778380929903 -0.1970734009912674 0.1283158544108575 0.03930238270695161 0.06699963454744792 0.04497751124437782 0.12993503248375812 -0.05500982318271119 0.016863406408094438 -0.020015011258443828 -0.06768953068592057 -0.002266545784224841 0.01691229765643875 -0.017686593562079942 -0.06349586677848329 -0.027167201778216837 -0.013651030032266065 -0.02613890963405526 -0.06578947368421052
0.02575423105224429 -0.07079447128890885 0.08174386920980926 -0.02662653391988886 -0.030703826169107228 -0.12531032036883794 -0.05160339107998526 -0.27639108730062095 0.07833568768460254 -0.05533268778530918 0.01139384732244588 -0.12348697884826998 -0.05831944775053558 -0.026777020447906523 -0.1099873577749684 -0.16015769372921032 -0.4185984898662074 -0.4080578512396694 -0.23577449947312962 -0.128880266075388 0.0038279954064055115 -0.09105450965916081 0.04260355029585799 0.09459301646619174 0.7559313478041394 -1.0367470640232352 -3.665689149560117 -1.359918200408998 -0.3120396410874514 -0.3046491481374531 -0.035906642728904856 -0.10233222275107093 0.1586354961832061 0.04738760631834751 0.0161711655678567 -0.28255208333333337 -1.6711736073553272 -4.350904799370575 -1.1551606288448393 -0.32847757783490433 -0.051333416802303744 -0.1171605789110958 -0.14333603051670327 -0.08887265644022402 -0.13550135501355015 -0.006253908692933086 -0.28032553933600307 -0.734529381175247 -1.1041051784276898 -0.09832697387731142 -0.04085675374520242 0.032656869605784934 -0.11408562069355022 -0.12081013857633542 -0.11097560975609758 -0.11058648111332008 -0.20343293070565802 0.011443102352193264 -0.31323108916038467 -0.0998613037447989 0.030167732593218293 0.008147113594040967 -0.030427150380339378 -0.18623092634867236 -0.04829123328380386 -0.11349617567234146 -0.039995000624921874 -0.11101517207351672 -0.0460181516042439 -0.1119712468896876 -0.02174469173701714 -0.09558649988199196 -0.18173235780033042 0.1431215299198026 0.058953574060427415 0.07796321110975758 0.039980009995002494 0.13618190904547728 -0.04191224623444663 0.028105677346824058 -0.010007505629221914 -0.045126353790613714 0.0 0.055568978014013046 -0.009432849899775967 -0.031148915778123877 -0.0037046184243022945 0.0074460163812360425 -0.0024894199651481195 -0.075
0.035565366691194505 -0.052814923025059 0.0874205267938238 -0.012734429266033803 -0.014170996693434103 -0.06974819718642866 -0.03194495638284802 -0.29221965177158166 0.10145113650956723 -0.03458292986581823 0.01519179642992784 -0.10759261523413621 -0.04998809807188765 -0.024342745861733205 -0.08723135271807837 -0.13305408402119012 -0.3550139091270367 -0.44163223140495866 -0.22918861959957856 -0.11640798226164081 0.020415975500829398 -0.07013658176448874 0.05798816568047338 0.08174705126707929 0.7029278142352349 -0.3081197120848592 -3.279125566515596 -1.3228527607361964 -0.26784518548279096 -0.2772162864568294 -0.02308284175429598 -0.0809138505473584 0.17056297709923665 0.06318347509113001 0.04975743251648216 -0.13151041666666669 -1.3926446727961057 -4.489902963545765 -1.2850307587149694 -0.33133390459868606 -0.05008138224615 -0.1045256145187227 -0.13755635186683618 -0.08522035549062577 -0.1256467110125647 -0.015009380863039396 -0.22606898333548636 -0.9516380655226209 -1.4529111886235577 -0.14382154388024657 -0.023523585489661995 0.053650571495218104 -0.10391957528521405 -0.1172568992064432 -0.10121951219512196 -0.07082504970178927 -0.18944691671964403 0.04577240940877304 -0.3288276579152587 -0.09153952843273232 0.05068179075660674 0.026769087523277467 -0.02457577530719719 -0.1609996395530458 -0.04210004952947004 -0.09375771033802123 -0.018747656542932124 -0.09497964721845319 -0.0357918956921897 -0.09676527508985348 -0.0012790995139421834 -0.08614585791833844 -0.17229171583667685 0.13818630475015423 0.06877916973716532 0.12059934218540627 0.033733133433283366 0.16241879060469766 -0.036673215455140795 0.044969083754918496 0.002501876407305481 -0.028203971119133576 0.006799637352674523 0.06402512684223242 0.0 -0.017970528333533003 0.014818473697209183 0.02978406552494416 -0.0012447099825740598 -0.06842105263157894
0.05396124601422615 -0.03708281829419035 0.10104450499545867 -0.005788376939106274 0.002361832782239017 -0.034283012176380176 -0.01842978252856616 -0.32631194447826617 0.09631437010401953 -0.0470327846175128 0.03291555893151032 -0.08680767820026897 -0.03689597714829802 -0.01460564751703992 -0.06068268015170669 -0.08007884686460516 -0.2940786859186647 -0.4610020661157025 -0.23840885142255006 -0.10532150776053215 0.028071966313640423 -0.05783191829703458 0.06745562130177515 0.08174705126707929 0.6474003028773347 0.03283242833691121 -2.6579578778992277 -1.2908997955010226 -0.2504352484264096 -0.25555876407738953 -0.01282380097460888 -0.06425511661113756 0.17652671755725188 0.08383961117861483 0.07214827714889913 -0.04296875 -1.0478637101135748 -4.508261211644375 -1.3615857826384143 -0.34847186518137674 -0.03881307124076624 -0.10337698139214332 -0.11674950872731475 -0.088872656440224 -0.09238728750923873 -0.027517198248905573 -0.1679369590492185 -1.141445657826313 -1.9412396028977732 -0.184913413560317 -0.008666584127770213 0.06648005598320503 -0.09262396927595165 -0.10304394172687432 -0.07560975609756097 -0.05839960238568588 -0.16147488874761606 0.052129688493324854 -0.34832336885885107 -0.10540915395284327 0.06998913961626645 0.037243947858472994 -0.00585137507314219 -0.14778325123152708 -0.019811788013868254 -0.08388847767086109 0.003749531308586425 -0.0777106204514617 -0.02428735779112872 -0.11058888581697539 0.01918649270913277 -0.07434505546377154 -0.16167099362756665 0.1283158544108575 0.08106116433308769 0.13034474357412595 0.029985007496251874 0.1461769115442279 -0.03405370006548789 0.02670039347948286 0.012509382036527395 -0.01240974729241877 0.011332728921124208 0.06644116936458082 0.011791062374719961 -0.020366598778004077 0.03210669301061991 0.04839910647803426 0.001244709982574061 -0.06710526315789475
0.06745155751778267 -0.0460725924261153 0.11353315168029063 -0.00463070155128502 0.02007557864903165 0.003546518501004848 0.00982921734856861 -0.32631194447826617 0.10658790291511493 -0.026283026698021857 0.04177744018230156 -0.100256755104536 -0.030945013092120922 -0.020691333982473224 -0.0316055625790139 -0.06406307749168412 -0.22122135382169827 -0.48682851239669417 -0.23182297154899895 -0.11502217294900222 0.02934796478244226 -0.043066322136089574 0.07573964497041422 0.06539764101366344 0.5956587582029279 0.12249021341078421 -2.030125299920022 -1.2193251533742333 -0.23302531137002816 -0.24256425064972564 -0.008976660682226217 -0.040456925273679195 0.1896469465648855 0.11786148238153098 0.09205125015549198 0.0234375 -0.7030827474310437 -4.44662995017047 -1.3943950786056052 -0.33133390459868606 -0.040065105796919985 -0.124052377670572 -0.11443763726736793 -0.10835159483808132 -0.06282335550628233 -0.05128205128205128 -0.09817852990569695 -1.284451378055122 -2.481888918701368 -0.2626944525975932 0.00866658412777021 0.06531373921156985 -0.07455099966113182 -0.10778159422006395 -0.056097560975609764 -0.05964214711729622 -0.13477431659249844 0.022886204704386515 -0.3951130751234729 -0.14840499306518723 0.07481597683118138 0.02909683426443203 0.005851375073142187 -0.13696984260482997 -0.0024764735017335352 -0.07895386133728104 0.02249718785151856 -0.06660910324411003 -0.012782819890067746 -0.10229471938070225 0.015349194167306216 -0.09558649988199197 -0.1593108331366533 0.10980876002467613 0.08351756325227218 0.13643561944207575 0.046226886556721636 0.1324337831084458 -0.01964636542239686 0.011242270938729626 0.02752064048036027 -0.013537906137184108 0.018132366273798734 0.06885721188692921 0.027119443461855908 -0.009584281777884271 0.04939491232403063 0.08066517746339043 0.011202389843166542 -0.0618421052631579
0.07358351729212656 -0.034835374761209126 0.1248864668483197 -0.00231535077564251 0.02361832782239017 -0.0011821728336682815 0.030716304214276936 -0.34335809083160845 0.0911776036984718 -0.034582929865818235 0.04557538928978352 -0.09414353832986919 -0.014282313734825042 -0.017039922103213243 -0.01137800252844501 -0.059135148453862266 -0.17088356073652142 -0.5087809917355373 -0.23182297154899895 -0.12472283813747227 0.04465994640806431 -0.01845699520118125 0.09230769230769233 0.06656545603176457 0.5678950025239778 0.11112514206339186 -1.2863236470274593 -1.0953476482617588 -0.1982054372572653 -0.2367889113485417 -0.0025647601949217807 -0.029747739171822933 0.1991889312977099 0.13001215066828675 0.10324667247170047 0.03255208333333333 -0.26095186587344515 -4.29714135851036 -1.3779904306220099 -0.3284775778349043 -0.04006510579692 -0.1274982770503101 -0.10172234423766038 -0.10104699293888482 -0.03941857600394185 -0.04627892432770482 -0.060715669810102055 -1.3637545501820072 -3.0158304266165814 -0.30965658937481655 0.02476166893648632 0.07581059015628643 -0.051959787642607023 -0.10422835485017172 -0.024390243902439025 -0.05839960238568588 -0.09027336300063574 -0.06357279084551812 -0.5497790486093059 -0.20804438280166435 0.0868830698684687 0.034916201117318434 0.02574605032182563 -0.13696984260483 0.014858841010401188 -0.08388847767086108 0.043744531933508315 -0.0777106204514617 0.0012782819890067784 -0.11888305225324855 0.017907393195190587 -0.09440641963653529 -0.13806938871843286 0.10117211597779148 0.09334315892901009 0.12059934218540624 0.05372313843078461 0.10369815092453771 -0.04191224623444663 -0.0014052838673412047 0.0537903427570678 -0.007897111913357397 0.04306436990027199 0.0724812756704518 0.060134418111071807 -0.015574457889061939 0.079031859718449 0.08562918838421445 0.04232013940751805 -0.07894736842105263
0.07971547706647045 -0.03371165299471851 0.1271571298819255 -0.011576753878212548 0.041332073689182805 -0.005910864168341414 0.09337756481140189 -0.35918665530256916 0.08989341209708487 -0.042882833033614606 0.0569692366122294 -0.08436239149040226 1.3877787807814458e-18 -0.01460564751703992 0.011378002528445012 -0.06036713071331773 -0.11524705258974699 -0.5281508264462811 -0.2305057955742887 -0.1399667405764967 0.042107949470460634 0.007382798080472502 0.11124260355029587 0.05371949083265211 0.5413932357395256 0.08208107084227806 -0.7704612103439084 -0.9215235173824132 -0.19150930762019552 -0.24256425064972564 -0.0025647601949217768 -0.023798191337458353 0.21111641221374047 0.12758201701093558 0.11568603060082101 0.023437500000000003 0.08923742563547862 -3.9666928927353795 -1.3233082706766919 -0.3213367609254499 -0.03630900212845874 -0.13668734206294508 -0.08553924401803259 -0.10469929388848309 -0.014781966001478197 -0.05753595997498436 -0.05554837876243379 -1.3884555382215287 -3.34585457472498 -0.35808629292632815 0.04333292063885106 0.07814322369955677 -0.018072969614819828 -0.11251924671325357 0.004878048780487804 -0.06709741550695825 -0.06611570247933886 -0.2517482517482518 -0.9461918377956848 -0.289875173370319 0.08808977917219743 0.04655493482309125 0.03744880046811001 -0.1273579238255437 0.02847944526993561 -0.08512213175425612 0.06374203224596925 -0.09497964721845319 0.011504537901060975 -0.15067735692562897 0.024302890764901507 -0.10502714184564552 -0.12626858626386595 0.09006785934608268 0.12159174649963153 0.09867218906078695 0.09870064967516243 0.05997001499250375 -0.056319580877537655 -0.030916245081506467 0.057543157368026024 -0.007897111913357398 0.05553037171350861 0.06160908431988403 0.07546279919820777 -0.023960704444710674 0.09385033341565818 0.09928021841648052 0.04480955937266617 -0.09342105263157895
0.10056414029923963 -0.030340487695246658 0.1407811080835604 -0.0057883769391062715 0.05314123760037789 -0.0011821728336682841 0.13392308637424744 -0.34579325459637167 0.06806215487350713 -0.04564946742288007 0.07849094822129384 -0.08925296491013572 0.023803856224708406 -0.027994157740993186 0.02907711757269279 -0.07515091782678329 -0.07683136839316466 -0.5397727272727273 -0.2542149631190727 -0.1538248337028825 0.06124792650248819 0.004921865386981669 0.12189349112426036 0.03853789559733738 0.5237253912165574 0.06819042808435408 -0.5051986137030124 -0.7157464212678935 -0.1714209187089862 -0.2324574068726538 0.028212362144139518 -0.02260828177058543 0.21827290076335876 0.12758201701093558 0.12563751710411744 0.0026041666666666657 0.3015143320713899 -3.3739837398373993 -1.2440191387559811 -0.3099114538703228 -0.018780518342306242 -0.14587640707558006 -0.058952722228644096 -0.10591672753834916 0.00985464400098546 -0.061288305190744206 -0.04650561942901434 -1.4053562142485698 -3.441105446740005 -0.3874376284120927 0.05942800544756717 0.06764637275484019 0.00451824240370496 -0.12554779106952504 0.02073170731707317 -0.08449304174950298 -0.06993006993006994 -0.44882390336935785 -1.4985703145308034 -0.36754507628294036 0.11101725594304332 0.053538175046554934 0.0620245757753072 -0.11534302535143577 0.050767706785537395 -0.07278559092030595 0.08623922009748781 -0.08881213765881338 0.007669691934040651 -0.15758916228918995 0.04860578152980302 -0.1062072220911022 -0.1191881047911258 0.09500308451573106 0.13633014001473837 0.09379948836642711 0.12243878060969515 0.04497751124437781 -0.06810740013097577 -0.033726812816188875 0.08506379784838629 -0.00451263537906137 0.08612873980054397 0.06523314810340662 0.10494045513500767 -0.019168563555768542 0.1148431711533712 0.11789525936957061 0.04605426935524023 -0.09210526315789473
0.10424331616384594 -0.025845600629284184 0.15099909173478657 -0.0011576753878212518 0.06495040151157298 -0.0011821728336682818 0.1523528689028136 -0.3080482162425423 0.06934634647489406 -0.035966247060450963 0.07849094822129384 -0.09781146839466928 0.02499404903594382 -0.03894839337877313 0.03666245259165613 -0.08623875816188248 -0.05563650814677441 -0.5204028925619835 -0.26080084299262374 -0.1593680709534368 0.06762791884649738 0.0024609326934908345 0.1337278106508876 0.024524115380123786 0.5224634023220596 0.05429978532643011 -0.47454012263396433 -0.6109406952965234 -0.147314852015535 -0.21368755414380597 0.050012823800974604 -0.02617801047120418 0.2504770992366412 0.12393681652490887 0.14802836173653441 -0.016927083333333336 0.3150351541373716 -2.473118279569892 -1.0403280929596719 -0.2699228791773779 -0.0037561036684612497 -0.16080863772111184 -0.043925557738989714 -0.1095690284879474 0.020941118502094107 -0.06253908692933083 -0.025836455238341292 -1.3208528341133643 -3.36061175207942 -0.3756970942177869 0.0693326730221617 0.06648005598320503 0.013554727211114873 -0.12673220419282244 0.03048780487804878 -0.10064612326043738 -0.06993006993006992 -0.6764144945963129 -1.5193657395373017 -0.38418862690707345 0.11343067455050078 0.05819366852886406 0.07372732592159156 -0.11053706596179262 0.06438831104507181 -0.07278559092030594 0.06249218847644045 -0.3848525965215246 -0.05880097149431165 -0.15067735692562897 0.052443080071629566 -0.11564786405475572 -0.11564786405475573 0.09376927822331896 0.1375583394743306 0.08039956145693752 0.12618690654672665 0.04997501249375312 -0.09037328094302555 -0.039347948285553686 0.09131848886664999 -0.0033844765342960275 0.10086128739800544 0.06160908431988403 0.10965688008489564 -0.02875284533365281 0.11978266238577424 0.08438818565400842 0.037341299477221805 -0.09473684210526315
0.11160166789305861 -0.03483537476120912 0.15554041780199818 0.010419078490391294 0.0803023145961266 0.0011821728336682813 0.16832534709423763 -0.24351637647631805 0.08347245409015025 -0.034582929865818235 0.09368274465122169 -0.09781146839466928 0.029754820280885504 -0.034079844206426485 0.04677623261694058 -0.08377479364297155 -0.03974036296198172 -0.4571280991735538 -0.26738672286617493 -0.15798226164079823 0.0714559142529029 0.013535129814199586 0.14911242603550295 0.029195375452528316 0.5262493690055527 0.05556257103169593 -0.4532124766728873 -0.543200408997955 -0.13392259274139545 -0.19058619693907017 0.06668376506796614 -0.03688719657306044 0.2659828244274809 0.1117861482381531 0.16046771986565495 -0.03645833333333333 0.30962682531097896 -1.7151848937844218 -0.8051948051948052 -0.23564695801199656 -0.00125203455615375 -0.1596600045945325 -0.036989943359149235 -0.10348186023861698 0.016013796501601375 -0.03752345215759849 -0.01937734142875597 -1.2103484139365572 -3.2318218406224846 -0.3287349574405635 0.07428500680945896 0.06997900629811056 0.024850333220377267 -0.12436337794622765 0.04024390243902439 -0.10064612326043738 -0.07374443738080103 -0.7361729179910997 -1.5154665973485835 -0.3730929264909847 0.11343067455050079 0.05121042830540037 0.06319485078993564 -0.11414153550402499 0.05943536404160475 -0.08635578583765113 0.02999625046869141 -0.5217713087455286 -0.07414035536239295 -0.1658833287254631 0.05372217958557175 -0.12154826528203917 -0.11682794430021241 0.10610734114743985 0.1424711373126996 0.07918138628334756 0.11744127936031985 0.02998500749625187 -0.10478061558611658 -0.03653738055087128 0.10507880910683014 -0.0033844765342960275 0.10766092475067998 0.06160908431988403 0.12262704869708763 -0.021564634000239606 0.1259570264262781 0.09679821295606852 0.04854368932038835 -0.08026315789473684
0.09933774834437085 -0.01910327003034049 0.15326975476839239 0.03009956008335262 0.08266414737836561 0.015368246837687668 0.1634107384199533 -0.19237793741629125 0.07448311288044175 -0.017983123530225482 0.1012786428661856 -0.08925296491013571 0.034515591525827186 -0.023125608568646545 0.06447534766118837 -0.06775902427005051 -0.01722082395019208 -0.38739669421487605 -0.2555321390937829 -0.1468957871396896 0.0816639020033176 0.03322259136212625 0.16449704142011837 0.04904823076024757 0.5363452801615346 0.07197878520015152 -0.422553985603839 -0.4754601226993865 -0.12186955939466985 -0.15737799595726248 0.061554244678122594 -0.020228462636839604 0.26956106870229013 0.12515188335358446 0.15797984823983086 -0.03255208333333333 0.2974580854515954 -1.1919748229740361 -0.5796308954203692 -0.1856612396458155 0.01377238011769125 -0.1527682058350563 -0.01387122875968096 -0.07669831994156318 0.03202759300320276 -0.013758599124452778 0.001291822761917065 -1.0322412896515858 -2.9916823182184062 -0.28470795421191664 0.07799925714993192 0.08397480755773268 0.03614593922963967 -0.10896600734336137 0.05975609756097561 -0.08697813121272366 -0.0712015257469803 -0.7514303877940243 -1.505068884845334 -0.35090152565880717 0.11463738385422953 0.06983240223463688 0.06904622586307782 -0.0792983299291121 0.06191183754333829 -0.06415001233654084 -0.0024996875390576267 -0.568644381398791 -0.09714943116451488 -0.16035388443461432 0.056280378613456125 -0.11564786405475573 -0.10974746282747228 0.12338062924120914 0.1535249324490297 0.08405408697770742 0.12118940529735131 0.004997501249375312 -0.1034708578912901 -0.042158516020236084 0.11133350012509384 0.020306859205776177 0.11446056210335451 0.08335346702101958 0.1285225798844476 0.0 0.13460113608298344 0.10548523206751052 0.057256659198406765 -0.055263157894736833
0.09565857247976453 -0.01797954826384987 0.14872842870118075 0.02662653391988886 0.08620689655172414 0.01655041967135595 0.15849612974566898 -0.14002191647388287 0.0770514960832156 0.0013833171946327299 0.10381060893784025 -0.08803032155520232 0.03808616995953344 -0.035296981499513144 0.0695322376738306 -0.06652704201059503 -0.007948072592396343 -0.3241219008264463 -0.2410432033719705 -0.14135254988913526 0.0854918974097231 0.041835855789344165 0.16686390532544382 0.03853789559733738 0.5350832912670369 0.0694532137896199 -0.38256464942681945 -0.435838445807771 -0.09374581491897685 -0.15160265665607855 0.061554244678122594 -0.014278914802475015 0.27075381679389315 0.1215066828675577 0.14678442592362234 -0.041666666666666664 0.26095186587344504 -0.8943089430894311 -0.4319890635680109 -0.15424164524421596 0.01001627644923 -0.14932230645531816 -0.025430586059415096 -0.08765522279035791 0.030795762503079572 -0.02876797998749218 0.00516729104766826 -0.8385335413416535 -2.6321438154011267 -0.26269445259759316 0.08295159093722917 0.08864007464427337 0.03840506043149215 -0.10185952860357692 0.06219512195121951 -0.07828031809145129 -0.0813731722822632 -0.7565162110616657 -1.4855731739017415 -0.319001386962552 0.10377700012067093 0.08030726256983241 0.053832650672908156 -0.06848492130241499 0.048291233283803865 -0.07155193683691094 -0.04874390701162355 -0.5760453928703588 -0.11376709702160297 -0.1451479126347802 0.0588385776413405 -0.1191881047911258 -0.12626858626386595 0.10857495373226403 0.14001473839351514 0.07552686076257766 0.10619690154922537 -0.004997501249375312 -0.12442698100851342 -0.051995503091624505 0.10382787090317738 0.020306859205776174 0.11332728921124206 0.06885721188692921 0.1261643674095036 -0.005990176111177667 0.12966164485058038 0.09679821295606852 0.05103310928553647 -0.043421052631578944
0.09688496443463329 -0.025845600629284194 0.14759309718437782 0.034730261634637646 0.07794048181388759 0.01655041967135595 0.15358152107138467 -0.11079995129672468 0.07063053807628097 0.008299903167796375 0.10760855804532218 -0.1039246851693361 0.030945013092120922 -0.04503407984420643 0.05815423514538558 -0.0813108291240606 -0.02119486024639025 -0.2827995867768595 -0.2397260273972603 -0.14966740576496676 0.0854918974097231 0.019687461547926666 0.15976331360946744 0.02452411538012379 0.5249873801110551 0.05051142821063265 -0.3838976272993868 -0.43328220858895705 -0.0950850408463908 -0.1689286745596304 0.060271864580661715 -0.013089005235602098 0.2600190839694657 0.12636695018226002 0.12688145291702946 -0.04427083333333333 0.2298539751216874 -0.7317073170731707 -0.2843472317156528 -0.1342473578977435 0.007512207336922499 -0.1481736733287388 -0.026586521789388508 -0.06574141709276844 0.034491254003449115 -0.02001250781738586 0.01033458209533652 -0.5707228289131565 -2.264555943117789 -0.20545934840035224 0.08171350749040486 0.07231163984138092 0.03953462103241838 -0.10422835485017172 0.06463414634146342 -0.10561630218687872 -0.0915448188175461 -0.7819453273998728 -1.4634780348323368 -0.3120665742024965 0.0905031977796549 0.0733240223463687 0.045640725570509064 -0.08170130962393367 0.03467062902426944 -0.08882309400444116 -0.07749031371078616 -0.5920809177254224 -0.12782819890067748 -0.14791263478020458 0.04221028396009209 -0.13688930847297615 -0.129808827000236 0.10610734114743985 0.1265045443380005 0.06334510902667803 0.08370814592703647 -0.028735632183908046 -0.13883431565160445 -0.05761663856098932 0.10257693269952464 0.005640794223826717 0.11219401631912966 0.06523314810340662 0.12380615493455963 -0.014376422666826405 0.13089651765868113 0.0794241747331844 0.059746079163554885 -0.03421052631578946
0.09443218052489574 -0.024721878862793572 0.16462306993642142 0.043991664737207684 0.08502598016060463 0.021279111006029076 0.16709669492566653 -0.06331425788384268 0.09374598690124566 0.034582929865818235 0.10381060893784025 -0.1149284753637364 0.03332539871459176 -0.049902629016553075 0.05689001264222503 -0.08993470494024886 -0.0145714664193933 -0.24535123966942152 -0.21469968387776608 -0.15382483370288252 0.08166390200331759 0.020917927894672082 0.1715976331360947 0.029195375452528323 0.524987380111055 0.07197878520015152 -0.37589976006398296 -0.379601226993865 -0.07901432971742335 -0.15449032630667053 0.058989484483200814 -0.008329366968110426 0.27552480916030536 0.12272174969623331 0.12688145291702946 -0.045572916666666664 0.2217414818820984 -0.6674534487280356 -0.19002050580997948 -0.10425592687803484 0.007512207336922499 -0.14932230645531816 -0.027742457519361923 -0.03895787679571463 0.029563932002956393 -0.0012507817385866093 0.0219609869525901 -0.3133125325013001 -1.757445666756104 -0.1394188435573819 0.07552309025628327 0.07930954047119196 0.040664181633344634 -0.09238422361719767 0.0548780487804878 -0.09567594433399602 -0.10298792116973936 -0.7654164017800382 -1.4361840395113075 -0.27739251040221913 0.07722939543863885 0.06634078212290502 0.047981275599765935 -0.08650726901357683 0.028479445269935615 -0.10115963483839133 -0.08123984501937258 -0.604415936844702 -0.12271507094465037 -0.14238319048935583 0.03453568687643898 -0.1475100306820864 -0.13216898749114941 0.12461443553362121 0.12281994595922378 0.064563284200268 0.08370814592703649 -0.027486256871564217 -0.14407334643091027 -0.0463743676222597 0.10382787090317738 0.0067689530685920585 0.11786038077969177 0.08214544575984536 0.1273434736469756 0.0011980352222355356 0.14201037293158805 0.07818317200297842 0.07219317898929548 -0.02368421052631578
0.09320578857002698 -0.012360939431396788 0.16348773841961853 0.05672609400324149 0.09093056211620218 0.02364345667336564 0.15849612974566898 -0.047485693412882 0.09503017850263258 0.035966247060450963 0.11014052411697683 -0.0965888250397359 0.03689597714829802 -0.03042843232716651 0.054361567635903926 -0.07022298878896144 -0.01722082395019208 -0.18853305785123967 -0.20943097997892518 -0.12472283813747229 0.0918718897537323 0.038144456749107915 0.17633136094674556 0.05488730585075324 0.5262493690055527 0.10733678494759438 -0.36656891495601174 -0.32464212678936605 -0.05758671487880005 -0.11839445567427087 0.05898948448320083 -0.0035697287006187565 0.26836832061068705 0.12150668286755772 0.13061326035576565 -0.04557291666666666 0.22174148188209847 -0.6268030422239705 -0.12166780587833219 -0.0828334761496715 0.02128458745461375 -0.13094417643004824 -0.012715293029707544 -0.002434867299732163 0.03572308450357231 0.033771106941838644 0.02712827800025836 -0.10010400416016645 -1.1980144888650393 -0.04549457000293515 0.08171350749040485 0.10263587590389549 0.0485711058398283 -0.06158948241146511 0.058536585365853655 -0.05964214711729623 -0.10680228862047045 -0.7018436109345202 -1.3724980504289055 -0.21081830790568654 0.07360926752745264 0.08729050279329609 0.0468110005851375 -0.0780968400817013 0.029717682020802376 -0.08388847767086109 -0.08748906386701663 -0.5846799062538547 -0.12399335293365717 -0.1285595797622339 0.04476848298797646 -0.11446778380929903 -0.1191881047911258 0.15545959284392355 0.12773274379759275 0.08527226215129735 0.07121439280359819 0.0 -0.1624099541584807 -0.022484541877459244 0.10883162371778834 0.028203971119133576 0.11786038077969177 0.09664170089393574 0.1308807923593916 0.010782317000119805 0.14077550012348727 0.08562918838421445 0.07219317898929548 -0.005263157894736838
0.09443218052489574 -0.008989774131924937 0.16916439600363306 0.06367214633016902 0.09329239489844118 0.03901170351105331 0.14989556456567146 -0.02069889200048703 0.11044047771927572 0.042882833033614606 0.12533232054690469 -0.08313974813546887 0.03927636277076886 -0.019474196689386568 0.05689001264222503 -0.06036713071331773 -0.0145714664193933 -0.15495867768595045 -0.18967334035827185 -0.10809312638580933 0.0918718897537323 0.043066322136089574 0.18343195266272191 0.06072638094125891 0.5174154467440687 0.12375299911605 -0.38123167155425225 -0.2824642126789366 -0.04821213338690237 -0.10106843777071903 0.07437804565273147 0.008329366968110421 0.2826812977099237 0.1312272174969623 0.13310113198158977 -0.03255208333333333 0.2325581395348837 -0.6018882769472855 -0.09295967190704033 -0.07140816909454441 0.0425691749092275 -0.11026878015161959 0.001155935729973416 0.019478938397857314 0.04927322000492732 0.04878048780487805 0.051672910476682585 0.05070202808112323 -0.6157767641534746 -0.001467566774288219 0.09780859229912095 0.11779799393515278 0.060996272450016945 -0.042638872438706614 0.056097560975609764 -0.04970178926441353 -0.11315956770502227 -0.6013986013986015 -1.1840395113075124 -0.1636615811373093 0.0724025582237239 0.0989292364990689 0.056173200702165006 -0.07088790099723655 0.03343239227340268 -0.07278559092030594 -0.10123734533183353 -0.5649438756630073 -0.12910648088968427 -0.11335360796239977 0.06139677666922486 -0.10384706160018879 -0.10856738258201556 0.1690314620604565 0.1400147383935151 0.09623583871360701 0.08620689655172412 0.01874062968515742 -0.12049770792403405 -0.012647554806070823 0.10758068551413562 0.036101083032490974 0.10879419764279241 0.1063058709833293 0.12144794245961563 0.022762669222475145 0.13089651765868116 0.09431620749565649 0.06348020911127708 0.013157894736842105
