-0.07348438456827924 -0.02360611510791367 -0.06798096532970768 -0.0821283979178716 -0.03302276211817431 -0.13224701853819815 -0.01103888139335214 -0.053534493247353696 -0.011531069827033951 -0.12854181064270906 -0.15409877478842998 0.025710088148873655 -0.08086573908907121 -0.025556772544724354 -0.14255077582944367 -0.057860396405268986 -0.1574490605980418 0.04392764857881136 -0.14605263157894738 -0.019412090959511928 -0.0765208519321515 -0.11316113161131613 -0.056710775047258986 -0.20758017492711373 -0.17206731976890227 -0.18658598083711547 -0.20040080160320645 -0.0359020387229132 -0.14044943820224717 -0.052015604681404426 -0.09224855861627163 -0.02024291497975709 -0.0939581351094196 -0.04125712898920033 -0.07458048477315102 -0.005220569042025577 -0.043202376130687184 0.07269362939466031 0.028692444322994958 0.05291005291005291 -0.137482814648169 -0.13571017826336976 -0.06473988439306358 -0.09981740718198417 -0.05537098560354374 -0.12604517658804443 -0.05415860735009672 -0.06855516750743759 -0.050870147255689425 -0.10101010101010102 -0.18596059113300495 -0.13736903376018625 -0.2645861601085482 -0.2548903378778897 -0.21094988416046823 -0.06591219997512747 -0.19306490537279306 0.07876016260162602 -0.15574302401038287 0.041637751561415685 -0.17932362498495608 -0.186371578334304 -1.2056324915629 -0.5665586364181971 -0.25385089340727046 -0.16615384615384615 -0.1320378674638764 -0.03201181974883034 -0.06381620931716656 -0.004148230088495572 -0.2526476968227638 -0.2187536951637697 -0.43103448275862066 -0.4629971678364734 -0.23765772387602596 -0.2441097886810785 -0.1770132136624283 -0.12969198154383338 -0.1400157026956294 -0.13468013468013468 -0.1697665709649232 -0.08237418190024824 -0.24434389140271495 -0.2762031118079845 -0.21304143126177028 -0.17121647509578544 -0.24411293305387743 -0.058341608738828196 -0.16904909881914232 -0.017112017901803344
-0.06246172688303735 -0.014613309352517983 -0.058916836619079996 -0.07981492192018509 -0.017690765420450526 -0.13106624158696423 -0.0012265423770391234 -0.05718457233240054 -0.011531069827033951 -0.11748445058742225 -0.15536187949981053 0.03550440744368267 -0.0796765370436437 -0.0012169891687964008 -0.14507379841049575 -0.04801181829373384 -0.1587721619476052 0.04780361757105943 -0.1513157894736842 -0.0069328896283971184 -0.06759341920673383 -0.11685116851168513 -0.03898865784499056 -0.2064139941690962 -0.15699572971615172 -0.19036812909732728 -0.19238476953907815 -0.03205539171688678 -0.12841091492776885 -0.03901170351105332 -0.08071748878923768 -0.021433674684448678 -0.06660323501427212 -0.035189904137847346 -0.058421379738968306 -0.013051422605063954 -0.03780207911435129 0.06079830822098864 0.027326137450471383 0.048620048620048616 -0.1524809398825147 -0.1345600920069005 -0.07976878612716762 -0.09251369446135119 -0.07013658176448874 -0.11106951204293022 -0.06834300451321729 -0.053033242788772486 -0.06693440428380187 -0.07905138339920949 -0.18472906403940886 -0.14318975552968569 -0.2962460425146992 -0.2774155305275637 -0.21216924765272527 -0.06342494714587739 -0.20068588847961383 0.09273373983739838 -0.1609344581440623 0.0652324774462179 -0.17812011072331208 -0.25393127548048927 -1.8515070406144534 -0.8042251830512545 -0.27233518176216875 -0.20307692307692307 -0.13951170901843551 -0.08126077320856932 -0.07147415443522655 -0.0331858407079646 -0.25519969376036744 -0.2329431240392575 -0.5349551251771375 -0.5294914419406477 -0.2486830822001715 -0.2477532183628856 -0.1745200698080279 -0.1371742112482853 -0.14132426066474743 -0.12345679012345681 -0.18100112345524905 -0.09704355675919658 -0.27149321266968324 -0.2894705101917742 -0.2248116760828625 -0.18438697318007663 -0.2626063370731106 -0.06703078450844091 -0.18520820385332504 -0.01842832697117283
-0.07593386405388855 -0.013489208633093525 -0.06684794924087922 -0.07750144592249855 -0.018870149781813894 -0.1287046876844964 -0.009812339016313013 -0.055967879304051595 -0.017937219730941707 -0.11333794056668971 -0.15536187949981053 0.03305582761998042 -0.06421691045308597 -0.0012169891687963993 -0.1362432193768134 -0.0529361073495014 -0.1521566551997883 0.03488372093023255 -0.14342105263157895 -0.018025513033832503 -0.07269480933554393 -0.12300123001230015 -0.02126654064272213 -0.1982507288629738 -0.14945993468977642 -0.1941502773575391 -0.17501670006680028 -0.05128862674701885 -0.1110219368646335 -0.04768097095795405 -0.08199871877001923 -0.03095975232198142 -0.047573739295908656 -0.04368401892974154 -0.04723430702299565 -0.018271991647089536 -0.03375185635209937 0.04361617763679619 0.0355239786856128 0.047190047190047185 -0.15748031496062992 -0.13456009200690053 -0.06936416184971098 -0.08399269628727939 -0.05783191829703456 -0.10358167977037314 -0.06189555125725339 -0.0543267365153279 -0.06157965194109773 -0.07612355438442395 -0.19704433497536947 -0.16880093131548313 -0.33469018543645407 -0.3070539419087137 -0.22314351908303864 -0.08456659619450317 -0.19687539692620346 0.06351626016260163 -0.14146658014276445 0.04302567661346287 -0.2009868816945481 -0.33430401863715786 -2.669614802746422 -1.0755011403192896 -0.3117683302526186 -0.23138461538461538 -0.1519681116093672 -0.12189115981285399 -0.07530312699425654 -0.05945796460176991 -0.27051167538598947 -0.24713255291474523 -0.661313179026925 -0.5873660879202068 -0.26950875903466864 -0.25868350740830703 -0.1857392171528297 -0.15213867065718917 -0.14132426066474743 -0.12906846240179576 -0.18849082511546625 -0.11735499887158654 -0.27941176470588236 -0.305150162827162 -0.2295197740112994 -0.19516283524904215 -0.2552089754654173 -0.08565044687189674 -0.16407706650093226 -0.027642490456759244
-0.09430496019595835 -0.012365107913669064 -0.0793111262179923 -0.0821283979178716 -0.033022762118174315 -0.12398157987956075 -0.020851220409665153 -0.04866772113395791 -0.02178090967328636 -0.1050449205252246 -0.16546671719085515 0.034280117531831536 -0.07135212272565108 0.007301935012778383 -0.1438122871199697 -0.04554967376585005 -0.16671077004498544 0.03359173126614986 -0.14473684210526314 -0.024958402662229616 -0.07397015686774647 -0.12546125461254612 -0.017722117202268437 -0.1947521865889213 -0.1456920371765888 -0.18532526475037822 -0.17100868403473615 -0.048724195409667916 -0.09630818619582665 -0.05346048258922122 -0.10890454836643179 -0.02976899261728983 -0.051141769743101806 -0.05945880354325931 -0.0646364201367309 -0.018271991647089536 -0.04590252463885514 0.05418979645783769 0.03005875119551852 0.051480051480051484 -0.16122984626921635 -0.14376078205865442 -0.08554913294797688 -0.09494826536822887 -0.07505844715147039 -0.11106951204293022 -0.07092198581560284 -0.06855516750743759 -0.06961178045515395 -0.09661835748792269 -0.2019704433497537 -0.18160651920838183 -0.3674807779285391 -0.3236514522821577 -0.24021460797463723 -0.09202835468225343 -0.20957703543757145 0.05462398373983739 -0.14276443867618432 0.023594725884802215 -0.2262606811890721 -0.4216656959813629 -3.485395089025951 -1.3095666786700277 -0.35243376463339493 -0.2473846153846154 -0.16068759342301947 -0.12804727899532137 -0.0816847479259732 -0.06913716814159292 -0.2858236570116116 -0.26250443419652364 -0.8006613131790269 -0.6624799901489964 -0.30013475437951737 -0.2623269370901141 -0.19820493642483167 -0.14839755580496322 -0.14655849254121958 -0.13187429854096522 -0.19972537760579206 -0.11509817197020988 -0.2986425339366516 -0.29308889156917145 -0.24599811676082858 -0.1867816091954023 -0.2749352730859327 -0.07447864945382324 -0.16780609073958982 -0.025009872318020272
-0.10287813839559093 -0.029226618705035973 -0.09743938363924769 -0.09600925390399075 -0.047175374454534735 -0.13460857244066596 -0.02330430516374341 -0.05475118627570265 -0.020499679692504803 -0.10919143054595715 -0.17430845017051916 0.011018609206660137 -0.08681174931620882 -0.0012169891687964008 -0.14633530970102182 -0.054167179613443306 -0.1799417835406192 0.03488372093023255 -0.14868421052631578 -0.027731558513588467 -0.07779619946435404 -0.12669126691266913 -0.03308128544423441 -0.20058309037900876 -0.13941220798794274 -0.18406454866364094 -0.1710086840347361 -0.04487754840364149 -0.10433386837881217 -0.050570726773587635 -0.12043561819346575 -0.04763038818766373 -0.05946717411988582 -0.0728066982162359 -0.07085146053449348 -0.031323414252153486 -0.045902524638855136 0.0330425588157547 0.03279136494056565 0.03432003432003432 -0.17372828396450443 -0.1690626797009776 -0.09942196531791907 -0.10712111990261716 -0.0750584471514704 -0.11231748408835643 -0.0735009671179884 -0.06726167378088216 -0.07228915662650603 -0.10101010101010102 -0.20566502463054187 -0.2188591385331781 -0.41270918136589774 -0.3627741553052757 -0.2536276063894647 -0.11068275090162913 -0.21465769084211864 0.04319105691056911 -0.15184944841012332 0.013879250520471887 -0.2286677097123601 -0.5614443797320908 -4.366344699173746 -1.5364302004561279 -0.36722119531731356 -0.2966153846153846 -0.16193323368211263 -0.1785274562915538 -0.09189534141671984 -0.1230641592920354 -0.28837565394921527 -0.3027078160104056 -0.9352857817666511 -0.712966383450314 -0.31361019233125076 -0.27447170269613796 -0.1994515083520319 -0.15712682379349047 -0.14524993457210153 -0.14029180695847362 -0.20971164648608162 -0.1331527871812232 -0.3223981900452489 -0.2930888915691714 -0.2495291902071563 -0.18438697318007663 -0.2724694858833683 -0.06703078450844091 -0.1678060907395898 -0.02369356324865078
-0.09675443968156766 -0.047212230215827336 -0.11216859279401767 -0.11104684788895317 -0.04953414317726147 -0.14169323414806942 -0.02453084754078253 -0.06326803747414528 -0.029468289557975657 -0.12024879060124394 -0.16925603132499684 -0.0061214495592556315 -0.0856225472707813 -0.015820859194353172 -0.1337201967957613 -0.06647790225286224 -0.16009526329716856 0.027131782945736434 -0.1263157894736842 -0.03050471436494731 -0.08417293712536666 -0.13407134071340712 -0.04135160680529301 -0.20874635568513122 -0.14066817382567195 -0.19036812909732728 -0.15898463593854373 -0.05513527375304526 -0.09898341359015515 -0.06068487212830516 -0.10762331838565023 -0.05715646582519647 -0.05708848715509039 -0.08858148282975367 -0.06960845245494096 -0.035238841033672676 -0.03645200486026731 0.014538725878932063 0.028692444322994948 0.01716001716001716 -0.18247719035120608 -0.1863139735480161 -0.10520231213872833 -0.12051125989044434 -0.06767564907099792 -0.11356545613378262 -0.07221147646679563 -0.069848661233993 -0.06961178045515397 -0.1024740155174938 -0.20935960591133002 -0.25378346915017463 -0.46246042514699226 -0.39359810314167165 -0.2682599682965492 -0.11317000373087922 -0.2159278546932554 0.04192073170731708 -0.15314730694354317 0.013879250520471892 -0.24310988085208812 -0.745486313337216 -5.299662516001396 -1.7200816228543991 -0.3943314849044978 -0.3470769230769231 -0.17937219730941706 -0.24378231962570798 -0.10848755583918317 -0.18667035398230086 -0.29092765088681893 -0.3500059122620314 -1.055739253660841 -0.7548331486270163 -0.32463555065539634 -0.29390332766577604 -0.19945150835203193 -0.17832647462277093 -0.1439413766029835 -0.16414141414141414 -0.22469104980651605 -0.1466937485894832 -0.3506787330316742 -0.305150162827162 -0.2648305084745763 -0.19157088122605365 -0.2810997410923437 -0.07199602780536246 -0.16904909881914237 -0.025009872318020272
-0.0906307409675444 -0.05508093525179856 -0.10763652843870382 -0.1064198958935801 -0.04245783700908126 -0.14169323414806942 -0.026983932294860784 -0.05718457233240054 -0.03971812940422806 -0.11195577055977886 -0.1578880889225717 -0.014691478942213518 -0.0915685574979189 -0.020688815869538763 -0.11984357259997477 -0.0738643358365136 -0.14951045250066156 0.018087855297157625 -0.13421052631578947 -0.04021075984470327 -0.08544828465756919 -0.12915129151291516 -0.047258979206049156 -0.19941690962099126 -0.13941220798794274 -0.17650025214321735 -0.14963259853039412 -0.0448775484036415 -0.10165864098448367 -0.050570726773587635 -0.11274823830877642 -0.06549178375803763 -0.08206470028544244 -0.08736803785948308 -0.08328154133001865 -0.03262855651265988 -0.04455245038477117 0.021147237642083008 0.006831534362617846 0.010010010010010008 -0.17747781527309087 -0.1932144910868315 -0.11676300578034682 -0.12416311625076082 -0.05906238464378 -0.11356545613378262 -0.06318504190844618 -0.08407709222610268 -0.06961178045515397 -0.11418533157663593 -0.21428571428571427 -0.30384167636786963 -0.5189959294436907 -0.4196799051570836 -0.2767955127423485 -0.1206317622186295 -0.21211736313984503 0.029217479674796754 -0.15574302401038287 0.005551700208188756 -0.27440125165483215 -1.0203843913803143 -6.023507506109625 -1.7644940583363344 -0.4128157732593961 -0.3507692307692308 -0.2117588440458396 -0.25855700566362966 -0.14039566049776644 -0.19773230088495578 -0.28071966313640423 -0.3689251507626818 -1.074633915918753 -0.737593892377786 -0.3062599534484871 -0.29147437454457126 -0.1944652206432311 -0.1783264746227709 -0.1517927244176917 -0.16273849607182939 -0.21969791536637123 -0.15797788309636654 -0.33710407239819007 -0.30153178144976484 -0.26247645951035786 -0.19636015325670497 -0.2737023794846504 -0.08192651439920556 -0.17526413921690492 -0.03685665394234566
-0.0906307409675444 -0.05957733812949641 -0.09857239972807615 -0.10179294389820706 -0.03184337775681094 -0.14169323414806942 -0.009812339016313015 -0.053534493247353696 -0.028187059577194105 -0.0995162404975812 -0.16925603132499686 -0.019588638589618023 -0.12010940658817933 -0.026773761713520756 -0.1311971742147092 -0.08371291394804874 -0.15083355385022493 0.018087855297157625 -0.1276315789473684 -0.04021075984470327 -0.0803468945287591 -0.12792127921279214 -0.05552930056710775 -0.20291545189504373 -0.11806078874654609 -0.18154311649016644 -0.11356045424181697 -0.04359533273496602 -0.07223113964686999 -0.04768097095795405 -0.10377962844330557 -0.052393427006430106 -0.08206470028544244 -0.08372770294867127 -0.07458048477315103 -0.027407987470634297 -0.018901039557175647 0.02643404705260375 0.021860909960377102 0.022880022880022877 -0.1862267216597925 -0.1920644048303623 -0.14797687861271677 -0.12172854534388314 -0.05783191829703458 -0.10482965181579933 -0.05157962604771116 -0.07760962359332557 -0.05756358768406962 -0.10686575903967208 -0.22783251231527096 -0.3620488940628638 -0.6015377657168702 -0.43034973325429754 -0.2743567857578344 -0.13058077353562988 -0.1905245776705195 0.022865853658536585 -0.14406229720960415 0.006939625260235946 -0.28763990853291616 -1.390797903319744 -6.600721517514256 -1.7584923778658024 -0.39679605668515094 -0.3643076923076923 -0.19307424015944197 -0.27948781088401875 -0.13146139119336314 -0.21155973451327434 -0.29220364935562076 -0.38547948445075086 -1.1029759093056213 -0.7215860115749291 -0.3038098738208992 -0.29511780422637846 -0.18947893293443033 -0.17957351290684626 -0.1439413766029835 -0.15291806958473625 -0.21095993009611785 -0.1737756714060032 -0.330316742081448 -0.30032565432396574 -0.2471751412429378 -0.20474137931034483 -0.24288003945259523 -0.08813306852035749 -0.14791796146674954 -0.04607081742793208
-0.0771586037966932 -0.07531474820143884 -0.09290731928393384 -0.1122035858877964 -0.03538153084090105 -0.14169323414806942 -0.022077762786704286 -0.05231780021900475 -0.03843689942344651 -0.09260539046302696 -0.15915119363395228 -0.018364348677766894 -0.14389344749672967 -0.02799075088231715 -0.13750473066733948 -0.08986827526775823 -0.15480285789891507 0.007751937984496124 -0.13947368421052633 -0.04714364947310039 -0.07524550439994898 -0.12423124231242313 -0.06261814744801512 -0.2110787172011662 -0.10298919869379553 -0.1815431164901664 -0.09752839011356045 -0.03974868572893961 -0.060192616372391664 -0.043346337234503686 -0.08456117873158234 -0.04643962848297213 -0.0725499524262607 -0.09343526271083608 -0.06090739589807335 -0.023492560689115115 0.002700148508167948 0.025112344699973567 0.019128296215329965 0.03003003003003003 -0.1837270341207349 -0.19321449108683153 -0.1722543352601156 -0.12051125989044428 -0.06275378368401624 -0.0985897915886684 -0.06189555125725339 -0.07760962359332559 -0.07764390896921017 -0.1097935880544576 -0.25 -0.450523864959255 -0.6897331524197196 -0.4410195613515115 -0.27557614925009144 -0.1305807735356299 -0.19560523307506666 0.012703252032520327 -0.14665801427644387 0.008327550312283136 -0.3201347935973041 -1.8800232964472918 -7.04526940532992 -1.7452886808306327 -0.4128157732593962 -0.3729230769230769 -0.2154957648231191 -0.3004186161044078 -0.1633694958519464 -0.22676991150442477 -0.28199566160520606 -0.3925741988884947 -1.1053377420878603 -0.6944957517547099 -0.30380987382089925 -0.28904542142336653 -0.20194465220643232 -0.170844244918319 -0.1557183983250458 -0.1360830527497194 -0.21345649731619024 -0.1749040848566915 -0.32013574660633487 -0.29188276444337236 -0.2507062146892655 -0.2143199233716475 -0.24534582665515967 -0.0968222442899702 -0.15288999378495963 -0.05528498091351849
-0.08450704225352114 -0.08767985611510791 -0.09404033537276228 -0.11336032388663968 -0.04363722137044464 -0.13697012634313377 -0.023304305163743412 -0.0511011071906558 -0.035874439461883414 -0.09260539046302695 -0.1528356700770494 -0.026934378060724778 -0.1581638720418599 -0.03529268589509553 -0.1412892645389176 -0.08986827526775822 -0.15480285789891507 0.005167958656330749 -0.13947368421052633 -0.052689961175818076 -0.07141946180334141 -0.13038130381303814 -0.10160680529300567 -0.20408163265306123 -0.11429289123335847 -0.18658598083711547 -0.09886439545758183 -0.05513527375304526 -0.061530230069555915 -0.06357462794393873 -0.09096732863549009 -0.042867349368897356 -0.08444338725023785 -0.09343526271083608 -0.07458048477315103 -0.020882276168102322 -6.938893903907229e-19 0.022468939994713187 0.013663068725235695 0.03432003432003431 -0.18997625296837894 -0.20471535365152388 -0.20346820809248553 -0.1363359707851491 -0.0676756490709979 -0.11106951204293022 -0.06318504190844616 -0.09054456085887982 -0.07898259705488622 -0.1288244766505636 -0.27955665024630544 -0.6018626309662398 -0.8175033921302578 -0.45524599881446354 -0.2999634190952323 -0.1430170376818804 -0.21592785469325543 -0.001270325203252036 -0.16612589227774172 -0.004163775156141568 -0.3598507642315562 -2.411182294700058 -7.2256487838938686 -1.6876725483135278 -0.41897720271102895 -0.37784615384615383 -0.23667164922770306 -0.3102684067963556 -0.19272495213784302 -0.2461283185840708 -0.2947556462932245 -0.4091285325765638 -1.0899858290033066 -0.6612486147026229 -0.3062599534484871 -0.2866164683021618 -0.22438294689603588 -0.17583239805462028 -0.1714210939544622 -0.14169472502805838 -0.20971164648608168 -0.17490408485669148 -0.3076923076923077 -0.284646001688578 -0.2565913370998117 -0.2047413793103448 -0.24904450745900633 -0.09930486593843099 -0.16159105034182725 -0.06318283532973543
-0.08450704225352113 -0.08655575539568346 -0.10197144799456152 -0.0913823019086177 -0.05896921806816842 -0.11689691817215726 -0.0367962713111738 -0.027983939652025797 -0.048686739269698916 -0.05943331029716655 -0.16546671719085515 -0.01958863858961802 -0.19383993340468542 -0.023122794207131557 -0.15011984357259997 -0.07140219130862982 -0.17068007409367555 0.02325581395348837 -0.14342105263157895 -0.026344980587909038 -0.05994133401351868 -0.12792127921279212 -0.12996219281663518 -0.1935860058309038 -0.11680482290881689 -0.18154311649016644 -0.10420841683366736 -0.055135273753045264 -0.0749063670411985 -0.04768097095795406 -0.09224855861627164 -0.0357227911407478 -0.1010941960038059 -0.0837277029486713 -0.08452454940957116 1.3877787807814458e-18 0.005400297016335897 0.02907745175786413 0.008197841235141418 0.05434005434005433 -0.19497562804649418 -0.21851638872915466 -0.24277456647398843 -0.12538040170419965 -0.06890611541774332 -0.0985897915886684 -0.05802707930367505 -0.08278359849954729 -0.06693440428380187 -0.10979358805445763 -0.3029556650246306 -0.8114086146682189 -0.9249208502939845 -0.45643153526970953 -0.31703450798683086 -0.13182439995025494 -0.231169820906897 0.008892276422764227 -0.18559377027903956 0.009715475364330324 -0.3983632206041642 -2.9190448456610367 -7.02199464680554 -1.5244268395150642 -0.4165126309303758 -0.34953846153846146 -0.24040857000498256 -0.2942624969219404 -0.2016592214422463 -0.21570796460176989 -0.3024116371060355 -0.415040794608017 -1.0486537553141237 -0.5873660879202068 -0.3038098738208992 -0.25382560116589753 -0.22936923460483669 -0.15089163237311384 -0.17796388380005235 -0.10381593714927047 -0.20097366121582824 -0.15684946964567817 -0.27714932126696834 -0.25931733204679774 -0.2624764595103578 -0.1903735632183908 -0.2515102946615707 -0.08937437934458788 -0.16780609073958982 -0.04475450835856259
-0.08083282302510716 -0.1022931654676259 -0.10763652843870382 -0.09022556390977443 -0.06722490859771199 -0.12043924902585901 -0.03434318655709555 -0.030417325708723696 -0.044843049327354265 -0.07740152038700761 -0.1667298219022357 -0.02938295788442703 -0.21405636817695323 -0.031641718388706344 -0.15768891131575627 -0.06647790225286225 -0.1786186821910558 0.04392764857881136 -0.15394736842105264 -0.015252357182473652 -0.06504272414232878 -0.14760147601476015 -0.15949905482041588 -0.2075801749271137 -0.13815624215021352 -0.18028240040342916 -0.1295925183700735 -0.055135273753045264 -0.1043338683788122 -0.05635023840485479 -0.0858424087123639 -0.05001190759704691 -0.11417697431018077 -0.09100837277029486 -0.08825357364822871 -0.013051422605063954 0.012150668286755772 0.02379064234734338 0.019128296215329965 0.0386100386100386 -0.20747406574178232 -0.24611845888441636 -0.2728323699421965 -0.1278149726110773 -0.08121077888519748 -0.08611007113440658 -0.06318504190844618 -0.05691372396843876 -0.06961178045515395 -0.08929878495095886 -0.3522167487684729 -1.1490104772991852 -1.0639981908638627 -0.4706579727326615 -0.3438605048164858 -0.14177341126725532 -0.2565730979296329 0.001270325203252029 -0.21933809214795588 -0.004163775156141568 -0.43085810566855215 -3.3640069889341873 -6.656580937972768 -1.3023646621053895 -0.4078866296980899 -0.3261538461538461 -0.2391629297458894 -0.2610194533366166 -0.196553924696873 -0.1908185840707965 -0.2998596401684318 -0.43750739032753927 -0.9659896079357584 -0.5245659401551532 -0.3001347543795173 -0.24168083555987369 -0.23684866616803787 -0.13093901982790873 -0.1845066736456425 -0.09399551066217733 -0.20347022843590068 -0.1433085082374182 -0.2658371040723982 -0.2532866964178024 -0.2766007532956685 -0.18558429118773948 -0.26014054987054624 -0.07571996027805364 -0.18147917961466753 -0.03554034487297618
-0.07470912431108391 -0.1022931654676259 -0.11103557670518922 -0.09253903990746094 -0.06840429295907537 -0.12516235683079466 -0.029437017048939047 -0.03285071176542158 -0.019218449711723255 -0.07740152038700761 -0.16672982190223573 -0.034280117531831536 -0.22832679272208342 -0.02433978337592796 -0.16147344518733442 -0.06401575772497846 -0.18126488489018255 0.06459948320413436 -0.15 -0.006932889628397115 -0.07907154699655655 -0.15252152521525214 -0.20439508506616258 -0.2064139941690962 -0.1569957297161517 -0.16137165910237014 -0.15230460921843686 -0.016668803692781127 -0.12707330123060462 -0.03467706978760295 -0.09096732863549009 -0.053584186711121695 -0.1367745004757374 -0.09707559762164786 -0.10068365444375389 -0.020882276168102322 0.008100445524503848 0.01982553528945282 0.028692444322994948 0.03003003003003003 -0.22372203474565677 -0.29212190914318575 -0.3109826589595376 -0.14120511259890445 -0.0898240433124154 -0.09484587545238986 -0.05931656995486782 -0.053033242788772486 -0.06693440428380187 -0.09076269945835164 -0.4137931034482759 -1.6135040745052387 -1.2369968340117594 -0.47302904564315346 -0.3584928667235703 -0.13679890560875513 -0.2756255556966849 0.013973577235772356 -0.245295262816353 0.00277585010409438 -0.45252136237814417 -3.6808386721025044 -6.033981147445595 -1.0586964350018002 -0.3807763401109057 -0.32123076923076926 -0.2391629297458894 -0.2474759911351884 -0.19400127632418634 -0.18390486725663718 -0.29730764323082814 -0.4481494619841552 -0.8585262163438829 -0.45560891515823165 -0.2915594756829597 -0.22710711683264515 -0.24058838194963852 -0.12345679012345678 -0.18974090552211462 -0.07716049382716049 -0.19348395955561107 -0.11509817197020988 -0.252262443438914 -0.23519478953081654 -0.2754237288135593 -0.1724137931034483 -0.2576747626679817 -0.05585898709036743 -0.19142324425108764 -0.027642490456759244
-0.0612369871402327 -0.10791366906474822 -0.10537049626104691 -0.08906882591093117 -0.05778983370680505 -0.1381509032943677 -0.019624678032626026 -0.040150869935515275 -0.011531069827033955 -0.08431237042156185 -0.15536187949981056 -0.050195886385896185 -0.23665120704007606 -0.030424729219909952 -0.1589504226062823 -0.07386433583651361 -0.18258798623974593 0.06201550387596898 -0.15657894736842107 -0.005546311702717692 -0.07397015686774645 -0.16974169741697415 -0.20793950850661624 -0.20408163265306123 -0.1582516955538809 -0.1752395360564801 -0.16299265197060786 -0.0179510193614566 -0.14312466559657572 -0.03323219187978617 -0.07815502882767458 -0.06430102405334603 -0.14985727878211225 -0.08615459288921247 -0.08452454940957116 -0.03001827199164709 0.025651410827595516 0.01321702352630188 0.02459352370542424 0.02145002145002145 -0.23997000374953129 -0.34157561817136284 -0.3248554913294798 -0.14242239805234327 -0.08859357696567 -0.09983776363409459 -0.06576402321083172 -0.055620230241883326 -0.07630522088353413 -0.07905138339920949 -0.49630541871921185 -2.208381839348079 -1.415649027589326 -0.48844101956135144 -0.3743445921229118 -0.1467479169257555 -0.3022989965705576 0.013973577235772356 -0.2712524334847501 0.012491325468424703 -0.4693705620411602 -3.8252766453115896 -5.3182823228209 -0.8330332493098067 -0.35243376463339493 -0.3187692307692308 -0.236671649227703 -0.24501354346220147 -0.192724952137843 -0.17975663716814158 -0.28965165241801716 -0.4682511528910962 -0.7439773264052905 -0.37433813569757424 -0.2756339581036384 -0.23196502307505468 -0.23684866616803787 -0.12844494325975805 -0.1858152316147605 -0.07154882154882156 -0.18599425789539387 -0.09704355675919657 -0.23303167420814477 -0.24122542515981182 -0.2683615819209039 -0.1760057471264368 -0.2601405498705462 -0.04716981132075471 -0.2013673088875078 -0.018428326971172828
-0.06613594611145132 -0.10116906474820145 -0.11216859279401767 -0.07518796992481203 -0.06604552423634863 -0.13460857244066599 -0.03556972893413467 -0.032850711765421585 -0.028187059577194105 -0.08431237042156185 -0.1490463559429077 -0.050195886385896185 -0.21762397431323577 -0.018254837531945966 -0.15138135486312604 -0.0738643358365136 -0.1720031754432389 0.060723514211886306 -0.16184210526315787 -0.008319467554076539 -0.07524550439994898 -0.1894218942189422 -0.20085066162570892 -0.1947521865889213 -0.1670434564179854 -0.1815431164901664 -0.16967267869071473 -0.017951019361456596 -0.14178705189941146 -0.03467706978760295 -0.10121716848174249 -0.05715646582519648 -0.16531874405328256 -0.0667394733648829 -0.09819763828464885 -0.010441138084051161 0.008100445524503848 0.03832936822627544 -0.0013663068725235663 0.03146003146003146 -0.2574678165229346 -0.38642898217366306 -0.33179190751445087 -0.14120511259890442 -0.08613264427217915 -0.10233370772494696 -0.06060606060606061 -0.0543267365153279 -0.08032128514056225 -0.08197921241399503 -0.6046798029556649 -2.887077997671711 -1.5660334690185436 -0.4730290456431535 -0.3853188635532252 -0.13058077353562988 -0.3048393242728312 0.024136178861788614 -0.27644386761842954 0.02498265093684941 -0.4862197617041762 -3.7460687245195103 -4.480391015943209 -0.6025687192413878 -0.33641404805914976 -0.26584615384615384 -0.24040857000498259 -0.19576459000246246 -0.196553924696873 -0.13412610619469026 -0.2845476585428097 -0.44696700957786445 -0.608171941426547 -0.30661248614702624 -0.2548082812691413 -0.21860578090842847 -0.22936923460483669 -0.11846863698715551 -0.18319811567652447 -0.06593714927048261 -0.18100112345524905 -0.07221846084405327 -0.20135746606334842 -0.22313351827282593 -0.25894538606403017 -0.17121647509578547 -0.2527431882628529 -0.04716981132075472 -0.20012430080795526 -0.01711201790180334
-0.05388854868340477 -0.10454136690647482 -0.08384319057330615 -0.06709080393290918 -0.04717537445453474 -0.1298854646357303 -0.011038881393352138 -0.021900474510281057 -0.007687379884689304 -0.07049067035245336 -0.14020462296324368 -0.06366307541625857 -0.20216434772267805 -0.01703784836314957 -0.14885833228207393 -0.06524682998892034 -0.17332627679280227 0.054263565891472854 -0.16710526315789473 -0.01386577925679423 -0.044637163627088375 -0.20172201722017222 -0.1819470699432892 -0.1982507288629738 -0.14945993468977642 -0.18658598083711547 -0.156312625250501 -0.017951019361456592 -0.13911182450508291 -0.031787313971969364 -0.10506085842408712 -0.07501786139557037 -0.1534253092293054 -0.058245358572988716 -0.08701056556867619 -0.011746280344557556 0.027001485081679495 0.050224689399947134 0.01229676185271212 0.04862004862004862 -0.2862142232220972 -0.4416331224841864 -0.3456647398843931 -0.15094339622641506 -0.08244124523194292 -0.10982153999750406 -0.046421663442940034 -0.0595007114215496 -0.07228915662650603 -0.08490704142878056 -0.6970443349753693 -3.5762514551804423 -1.6813658977838082 -0.4765856550088915 -0.3853188635532252 -0.13431165277950502 -0.30864981582624157 0.016514227642276422 -0.28942245295262814 0.0263705759888966 -0.4765916476110242 -3.642399534071054 -3.5517281508204355 -0.4357220021606049 -0.3056069008009859 -0.22892307692307692 -0.22296960637767813 -0.14897808421571043 -0.18506700701978301 -0.08158185840707965 -0.26540768151078215 -0.4268653186709234 -0.47354747283892307 -0.2684398473094446 -0.22295724611049858 -0.21374787466601894 -0.2031912241336325 -0.11348048385085423 -0.1596440722323999 -0.05751964085297419 -0.15353888403445265 -0.07109004739336496 -0.16063348416289594 -0.2158967555180316 -0.23893596986817328 -0.1664272030651341 -0.24411293305387743 -0.04965243296921549 -0.1889372280919826 -0.022377254179281297
-0.055113288426209425 -0.10566546762589928 -0.09857239972807615 -0.07056101792943899 -0.05896921806816842 -0.13224701853819815 -0.02575738991782166 -0.01946708845358316 -0.016655989750160156 -0.06772633033863165 -0.1414677276746242 -0.07345739471106758 -0.19027232726840287 -0.029207740051113547 -0.1551658887347042 -0.06770897451680413 -0.18391108758930932 0.05813953488372092 -0.16447368421052633 -0.016638935108153077 -0.048463206223695945 -0.1992619926199262 -0.18549149338374293 -0.20758017492711373 -0.164531524742527 -0.19288956127080184 -0.17368069472277886 -0.025644313373509427 -0.1524879614767255 -0.03901170351105332 -0.12299807815502883 -0.10835913312693497 -0.17245480494766885 -0.07523358815677708 -0.09819763828464885 -0.020882276168102322 0.010800594032671796 0.044937879989426374 0.0054652274900942755 0.045760045760045755 -0.43994500687414073 -0.7441058079355953 -0.43699421965317925 -0.17772367620206936 -0.10705057216685125 -0.12978909272432299 -0.06576402321083172 -0.06596818005432674 -0.0923694779116466 -0.09661835748792269 -0.7438423645320196 -3.959254947613504 -1.7017186793306198 -0.4718435091879075 -0.39873186196805266 -0.14052978485263026 -0.3277022735932935 0.01524390243902439 -0.30499675535366644 0.02220680083275503 -0.44770730533156805 -3.360512521840419 -2.7941347608518563 -0.33969511463209695 -0.29451632778804687 -0.2116923076923077 -0.2167414050822123 -0.11942871213986705 -0.1761327377153797 -0.05945796460176992 -0.26157968610437665 -0.3937566512947853 -0.4156825696740671 -0.254894717399335 -0.21928212666911673 -0.21253339810541658 -0.20319122413363253 -0.1059982541464023 -0.15048416644857368 -0.054713804713804715 -0.15853201847459744 -0.056420672534416606 -0.17194570135746606 -0.2158967555180316 -0.24835216572504706 -0.1664272030651341 -0.26260633707311054 -0.049652432969215496 -0.19639527656929773 -0.017112017901803344
-0.04409063074096754 -0.11241007194244604 -0.0997054158169046 -0.07634470792365529 -0.058969218068168426 -0.1381509032943677 -0.03556972893413467 -0.03893417690716632 -0.032030749519538756 -0.09122322045611611 -0.12252115700391566 -0.08814887365328108 -0.15697466999643236 -0.018254837531945966 -0.1375047306673395 -0.06155361319709467 -0.17729558084149247 0.05426356589147287 -0.1631578947368421 -0.022185246810870772 -0.04208646856268333 -0.21156211562115623 -0.1760396975425331 -0.2122448979591837 -0.1745792514443607 -0.18532526475037825 -0.1950567802271209 -0.016668803692781127 -0.17388978063135366 -0.043346337234503686 -0.14093529788597053 -0.17980471540843057 -0.19148430066603234 -0.08858148282975367 -0.10565568676196395 -0.026102845210127908 -0.005400297016335899 0.03039915411049432 -0.013663068725235688 0.03575003575003575 -0.5811773528308961 -1.1995399654974122 -0.5398843930635838 -0.18746195982958 -0.12181616832779625 -0.13103706476974913 -0.08123791102514506 -0.06855516750743759 -0.11111111111111112 -0.09954618650270822 -0.7598522167487683 -4.178114086146682 -1.650836725463591 -0.4635447540011855 -0.4023899524448238 -0.12684989429175475 -0.34421440365807193 0.021595528455284552 -0.31408176508760544 0.019430950728660655 -0.42845107714526415 -2.984274898078043 -2.1342953566856746 -0.27967830992677944 -0.2834257547751079 -0.19076923076923075 -0.22172396611858494 -0.11081014528441271 -0.17996171027440971 -0.053926991150442485 -0.24499170600995282 -0.3299042213550904 -0.34837033538025514 -0.22780445757911583 -0.20335660908979541 -0.197959679378188 -0.2006980802792321 -0.09726898615787505 -0.1596440722323999 -0.049102132435465774 -0.15978030208463365 -0.05754908598510493 -0.16742081447963802 -0.21469062839223257 -0.2565913370998117 -0.16044061302681994 -0.2810997410923437 -0.038480635551142006 -0.22001243008079552 -0.009214163485586414
-0.05511328842620944 -0.10678956834532374 -0.10423748017221846 -0.07056101792943899 -0.06132798679089516 -0.13460857244066599 -0.031890101803017296 -0.03893417690716632 -0.03843689942344651 -0.09122322045611611 -0.12125805229253506 -0.0979431929480901 -0.1391366393150196 -0.006084945843981988 -0.13498170808628737 -0.046780746029791945 -0.17332627679280233 0.07881136950904391 -0.1618421052631579 -0.0013865779256794248 -0.04846320622369595 -0.20541205412054123 -0.1689508506616257 -0.20058309037900876 -0.18713890982165282 -0.16263237518910742 -0.21108884435537742 0.007693294012052826 -0.18860353130016053 -0.013003901170351096 -0.18705957719410637 -0.25005953798523456 -0.21408182683158894 -0.08494114791894188 -0.12057178371659416 -0.015661707126076747 -0.009450519778587825 0.04097277293153582 -0.012296761852712123 0.05577005577005576 -0.7286589176352957 -1.8516388729154685 -0.6473988439306357 -0.20328667072428486 -0.1415036298757229 -0.12978909272432299 -0.0915538362346873 -0.06079420514810503 -0.11914323962516733 -0.08197921241399501 -0.7746305418719212 -4.154831199068684 -1.5988240615106288 -0.4374629519857736 -0.41336422387513716 -0.11068275090162916 -0.3480248952114823 0.043191056910569105 -0.3257624918883842 0.040249826509368494 -0.3983632206041642 -2.4705882352941178 -1.5722099383218897 -0.2112591525627176 -0.26001232285890324 -0.16123076923076923 -0.21175884404583956 -0.08126077320856931 -0.16847479259731973 -0.02212389380530973 -0.2475437029475565 -0.2873359347286271 -0.2987718469532358 -0.20687107499076465 -0.19110621095185593 -0.18338596065095944 -0.19321864871603095 -0.08604564160119715 -0.16226118817063595 -0.04068462401795735 -0.16727000374485085 -0.037237643872714964 -0.16628959276018102 -0.17247617898926546 -0.2483521657250471 -0.12691570881226052 -0.2749352730859327 -0.008689175769612714 -0.22125543816034804 0.021060945109911806
-0.06491120636864665 -0.10566546762589928 -0.1121685927940177 -0.07171775592828225 -0.05661044934544168 -0.13460857244066596 -0.026983932294860784 -0.037717483878817376 -0.03331197950032031 -0.09398756046993781 -0.13136288998357964 -0.0979431929480901 -0.12010940658817933 -0.01582085919435317 -0.11732055001892265 -0.057860396405268986 -0.16141836464673193 0.06976744186046512 -0.14736842105263157 -0.006932889628397117 -0.07014411427113888 -0.2091020910209102 -0.16068052930056714 -0.20291545189504373 -0.18085908063300676 -0.14624306606152296 -0.20975283901135602 0.03077317604821131 -0.18726591760299627 0.014448779078167898 -0.24343369634849457 -0.34293879495117885 -0.24857278782112274 -0.10435626744327145 -0.12802983219390926 -0.028713129731140697 -0.018901039557175647 0.030399154110494313 -0.009564148107664986 0.0429000429000429 -0.8498937632795901 -2.519838987924094 -0.8057803468208092 -0.24345709068776628 -0.16119109142364957 -0.15100461749656807 -0.10058027079303675 -0.08149010477299186 -0.13119143239625167 -0.101010101010101 -0.769704433497537 -4.010477299185098 -1.5004522840343737 -0.4149377593360996 -0.40117058895256674 -0.09700286034075364 -0.32897243744443033 0.05589430894308943 -0.3062946138870864 0.04996530187369882 -0.37308942110964016 -1.9219569015725102 -1.1660654020714534 -0.16684671708078264 -0.23659889094269868 -0.1489230769230769 -0.19681116093672152 -0.06156119182467372 -0.1480536056158264 -0.0069137168141592915 -0.24626770447875462 -0.2565921721650703 -0.25743977326405293 -0.1957886959734023 -0.16415533504838906 -0.17852805440854994 -0.1682872101720269 -0.07981045018082056 -0.14655849254121958 -0.03787878787878788 -0.17475970540506802 -0.02143985556307831 -0.16176470588235292 -0.15438427210227956 -0.23422787193973638 -0.11254789272030649 -0.26260633707311054 0.00868917576961271 -0.2063393412057178 0.04212189021982362
-0.08695652173913043 -0.12927158273381295 -0.12236573759347384 -0.09832272990167727 -0.07548059912725558 -0.1499586728067068 -0.03802281368821293 -0.03893417690716632 -0.03843689942344651 -0.10089841050449207 -0.1427308323860048 -0.09916748285994123 -0.11654180045189677 -0.03164171838870634 -0.12867415163365709 -0.06401575772497846 -0.16141836464673193 0.06718346253229975 -0.14473684210526314 -0.01386577925679423 -0.0969264124473919 -0.2570725707257073 -0.15595463137996218 -0.2239067055393586 -0.18965084149711128 -0.16137165910237014 -0.20440881763527052 0.0269265290421849 -0.17121455323702514 2.7755575615628915e-18 -0.319026265214606 -0.5632293403191235 -0.31517602283539486 -0.14804028637301297 -0.15288999378495963 -0.054815974941268594 -0.04725259889293911 0.029077451757864126 -0.024593523705424235 0.032890032890032894 -0.9511311086114237 -3.106382978723404 -0.9930635838150289 -0.32501521606816797 -0.20917927894672078 -0.19093972295020592 -0.13152804642166344 -0.10735997930410038 -0.15930388219544847 -0.12736056214317087 -0.7450738916256159 -3.8090803259604185 -1.3805970149253732 -0.4078245406046236 -0.3828801365687111 -0.1094391244870041 -0.29467801346373684 0.05335365853658536 -0.26735885788449065 0.04302567661346287 -0.33818750752196414 -1.3826441467676178 -0.8739671825904807 -0.171648061457208 -0.22550831792975973 -0.15876923076923075 -0.19307424015944194 -0.04309283427727162 -0.13273771537970644 -0.004148230088495577 -0.25519969376036744 -0.23412557644554802 -0.23145961265942372 -0.2007141977588967 -0.15925517579321327 -0.18338596065095944 -0.16953378209922715 -0.07606933532859458 -0.1439413766029835 -0.047699214365881024 -0.18724254150543002 -0.050778605280974956 -0.16176470588235292 -0.15800265347967674 -0.22716572504708096 -0.11973180076628354 -0.24534582665515967 0.003723932472691162 -0.1814791796146675 0.0329077267342372
-0.09797917942437233 -0.1360161870503597 -0.12689780194878766 -0.10641989589358011 -0.08255690529543577 -0.13933168024560158 -0.05274132221268245 -0.014600316340187375 -0.0614990390775144 -0.07601935038009677 -0.1490463559429077 -0.10773751224289911 -0.09751456772505648 -0.042594620907873915 -0.12993566292418318 -0.07140219130862982 -0.16803387139454884 0.04909560723514212 -0.1368421052631579 -0.024958402662229616 -0.10840454023721464 -0.28290282902829034 -0.17013232514177692 -0.2250728862973761 -0.1846269781461944 -0.15380736258194652 -0.1790247160988644 0.037184254391588664 -0.1471375066880685 0.010114145354717528 -0.3830877642536835 -0.8775899023577042 -0.428163653663178 -0.1977915301541075 -0.17650714729645745 -0.06134168624380058 -0.07290400972053462 0.018503832936822624 -0.05328596802841919 0.024310024310024308 -0.987376577927759 -3.470960322024152 -1.1919075144508668 -0.3870967741935484 -0.2337886058816291 -0.2283788843129914 -0.15087040618955513 -0.14357780364765232 -0.17402945113788487 -0.16835016835016833 -0.7019704433497538 -3.479627473806752 -1.2290818634102219 -0.3959691760521636 -0.36946713815388366 -0.11192637731625418 -0.2667344087387273 0.05589430894308943 -0.2426995457495133 0.03608605135322692 -0.29486099410278016 -0.8841001747233547 -0.5748865355521937 -0.15604369223382547 -0.20825631546518789 -0.1489230769230769 -0.18310911808669658 -0.043092834277271605 -0.11997447351627315 -0.012444690265486728 -0.26540768151078215 -0.2199361475700603 -0.1983939537080775 -0.1933259450806551 -0.15312997672424355 -0.18702939033276655 -0.1707803540264273 -0.08479860331712184 -0.1478670505103376 -0.06313131313131312 -0.1847459742853576 -0.06093432633716994 -0.15950226244343887 -0.15197201785068146 -0.2201035781544256 -0.1053639846743295 -0.23055110343977314 0.00868917576961271 -0.1665630826600373 0.02895879952612873
-0.10410287813839561 -0.15962230215827336 -0.1257647858599592 -0.1006362058993638 -0.08019813657270904 -0.1287046876844964 -0.04660861032748681 -0.0024333860566978977 -0.07174887892376682 -0.07325501036627506 -0.14525704180876597 -0.11018609206660138 -0.098703769770484 -0.04502859924546672 -0.13119717421470922 -0.06647790225286226 -0.1574490605980418 0.03617571059431525 -0.13026315789473686 -0.026344980587909038 -0.11095523530161969 -0.31734317343173435 -0.17367674858223062 -0.24023323615160347 -0.18085908063300676 -0.1613716591023701 -0.16299265197060786 0.025644313373509427 -0.1310861423220974 -0.0028897558156335767 -0.4304932735426009 -1.1967135032150513 -0.6255946717411989 -0.24026210411357846 -0.19763828464885022 -0.07047768206734535 -0.07560415822870256 0.010573618821041499 -0.07104795737122557 0.017160017160017155 -1.0023747031621046 -3.8159861989649224 -1.3895953757225432 -0.4345709068776628 -0.26578073089701 -0.23836266067640083 -0.1779497098646035 -0.15133876600698487 -0.1900937081659973 -0.18006148440931052 -0.6342364532019705 -3.0034924330616994 -1.0379918588873813 -0.3793716656787196 -0.35239604926228507 -0.11565725656012933 -0.2514924425250857 0.05589430894308942 -0.2206359506813757 0.026370575988896593 -0.25273799494524013 -0.5020384391380314 -0.3770510880949611 -0.12243428159884764 -0.1947011706715958 -0.12307692307692306 -0.1619332336821126 -0.025855700566362966 -0.11231652839821316 -0.004148230088495576 -0.259027689166773 -0.20219936147570058 -0.16887104393008978 -0.1797808151705455 -0.13107926007595247 -0.17731357784794752 -0.14958863126402394 -0.07606933532859458 -0.13085579691180318 -0.06453423120089785 -0.174759705405068 -0.08688783570300158 -0.1414027149321267 -0.15317814497648052 -0.1977401129943503 -0.10656130268199233 -0.2083590186166934 0.0012413108242303867 -0.14045991298943444 0.01974463604054232
-0.11267605633802817 -0.17985611510791366 -0.1223657375934738 -0.09369577790630423 -0.08727444274088926 -0.11571614122092337 -0.0551944069667607 -0.006083465141744741 -0.08327994875080078 -0.07463718037318591 -0.14652014652014653 -0.11263467189030363 -0.08562254727078131 -0.0559815017646343 -0.12362810647155291 -0.06401575772497846 -0.14289494575284467 0.037467700258397935 -0.11973684210526317 -0.02773155851358846 -0.11605662543042979 -0.3493234932349324 -0.20675803402646503 -0.2670553935860059 -0.1909068073348405 -0.1714573877962683 -0.14963259853039412 0.007693294012052832 -0.12439807383627607 -0.027452680248519 -0.4753363228699552 -1.5944272445820435 -0.9336346336822074 -0.2875864579541318 -0.23368551895587322 -0.07700339336987731 -0.10260564331038206 -6.938893903907229e-19 -0.08471102609646128 0.008580008580008574 -1.0036245469316334 -3.9539965497412304 -1.5271676300578034 -0.5003043213633597 -0.28792912513842744 -0.253338325221515 -0.17666021921341069 -0.15392575346009574 -0.18875502008032125 -0.18445322793148877 -0.5480295566502464 -2.39930151338766 -0.8242876526458616 -0.3615886188500296 -0.33166686989391536 -0.10446461882850391 -0.22227867394893944 0.0546239837398374 -0.20376378974691756 0.018043025676613457 -0.2118185100493441 -0.27256843331391967 -0.26998719888281164 -0.09362621534029529 -0.17498459642637093 -0.09969230769230769 -0.1482311908320877 -0.014774686037921694 -0.0982769623484365 -0.0013827433628318564 -0.2539236952915656 -0.16436088447439992 -0.12635805384978743 -0.17116118704593028 -0.11637878231042506 -0.1554529997571047 -0.14335577162802296 -0.06359895248784138 -0.13478147081915728 -0.05751964085297419 -0.16602172013481462 -0.10832769126607991 -0.1300904977375566 -0.14352912797008804 -0.18596986817325803 -0.09937739463601533 -0.1861669337936136 -0.002482621648460773 -0.12927284027346175 0.025009872318020272
-0.1065523576240049 -0.1843525179856115 -0.11216859279401765 -0.09600925390399076 -0.0707630616818021 -0.10745070256228602 -0.03802281368821293 -0.0060834651417447354 -0.06790518898142216 -0.0691085003455425 -0.14273083238600484 -0.10773751224289914 -0.0927577595433464 -0.05719849093343069 -0.126151129052605 -0.054167179613443306 -0.15215665519978833 0.05167958656330749 -0.11578947368421053 -0.015252357182473652 -0.12243336309144241 -0.3665436654366544 -0.2540170132325142 -0.29154518950437314 -0.19844260236121575 -0.170196671709531 -0.15364061456245823 0.0012822156686754724 -0.1177100053504548 -0.027452680248519 -0.48302370275464446 -1.911169326030007 -1.5009514747859183 -0.3798082756946972 -0.2560596643878185 -0.10441138084051163 -0.10530579181855002 -0.02246893999471319 -0.08607733296898484 0.002860002860002855 -0.9848768903887013 -3.9355951696377227 -1.6023121387283237 -0.5599513085818624 -0.30515565399286326 -0.26706601772120303 -0.1843971631205674 -0.157806234639762 -0.1834002677376171 -0.1771336553945249 -0.43349753694581283 -1.692665890570431 -0.6184984170058798 -0.34617664493183165 -0.31093769052554565 -0.11565725656012933 -0.20576654388416107 0.05462398373983739 -0.18170019467878 0.012491325468424703 -0.1937657961246841 -0.21199767035527084 -0.21412777842429884 -0.08282319049333814 -0.1651263093037585 -0.096 -0.14449427005480817 -0.013543462201428219 -0.08423739629865987 3.469446951953614e-18 -0.2437157075411509 -0.15490126522407474 -0.10864430798299482 -0.1699298115995567 -0.09800318510351588 -0.1530240466358999 -0.12590376464722014 -0.05861079935154009 -0.11253598534415073 -0.05611672278338945 -0.149794033204344 -0.12074023922365155 -0.11538461538461538 -0.1387046194668918 -0.17537664783427498 -0.09339080459770115 -0.1837011465910492 0.0012413108242303888 -0.11684275947793661 0.0329077267342372
-0.12002449479485611 -0.20121402877697842 -0.1234987536823023 -0.12724117987275882 -0.089633211463616 -0.12398157987956075 -0.06745983073715198 -0.032850711765421585 -0.09352978859705316 -0.09122322045611611 -0.15409877478842998 -0.13222331047992167 -0.11535259840646925 -0.07910429597176585 -0.14002775324839156 -0.06770897451680413 -0.16274146599629533 0.04909560723514212 -0.13421052631578947 -0.020798668885191347 -0.14666496620329036 -0.39483394833948343 -0.3485349716446125 -0.33002915451895043 -0.22607385079125844 -0.18406454866364094 -0.1723446893787575 -0.0025644313373509387 -0.12707330123060462 -0.02889755815633579 -0.5022421524663676 -2.0683496070492975 -2.1812559467174117 -0.5351292318893338 -0.3132380360472343 -0.14617593317671626 -0.1485081679492372 -0.06740681998413958 -0.1188686979095505 -0.03861003861003861 -0.9711286089238843 -3.8884416331224836 -1.6508670520231212 -0.6122945830797322 -0.3543743078626799 -0.27330587794833394 -0.22050290135396522 -0.15780623463976198 -0.2115127175368139 -0.17274191187234664 -0.3362068965517241 -0.9895227008149012 -0.4500226142017188 -0.33195020746887965 -0.30484087306426044 -0.12436264146250467 -0.1956052330750667 0.05335365853658537 -0.16482803374432187 0.004163775156141565 -0.1985798531712601 -0.15725101921956902 -0.20598161294076575 -0.08282319049333815 -0.16882316697473815 -0.0996923076923077 -0.1532137518684604 -0.01969958138389559 -0.09444798978940652 -0.0027654867256637176 -0.2488197014163583 -0.1667257892869812 -0.0944733112895607 -0.17731806427779828 -0.09310302584834008 -0.1615253825601166 -0.13836948391922216 -0.07482229704451926 -0.1282386809735671 -0.07435465768799103 -0.16727000374485082 -0.13428120063191157 -0.13009049773755654 -0.14473525509588708 -0.18832391713747648 -0.09578544061302682 -0.19233140180002467 -0.0024826216484607725 -0.1280298321939093 0.03817296301171515
-0.1359461114513166 -0.20908273381294964 -0.1268978019487877 -0.14112203585887795 -0.0931713645477061 -0.13224701853819815 -0.06378020360603459 -0.0486677211339579 -0.08584240871236389 -0.09260539046302695 -0.15662498421119112 -0.14201762977473065 -0.14270424545130217 -0.113179992698065 -0.14885833228207393 -0.08863720300381632 -0.16141836464673193 0.02325581395348837 -0.13684210526315793 -0.027731558513588467 -0.16196913658972067 -0.41943419434194346 -0.5163043478260869 -0.5434402332361516 -0.2687766892740517 -0.2054967221381745 -0.17902471609886436 -0.010257725349403762 -0.1270733012306046 -0.023118046525068634 -0.5035233824471492 -2.054060490592998 -2.477402473834443 -0.9622618614245845 -0.40273461777501557 -0.1905507700339337 -0.17415957877683272 -0.0978059740946339 -0.13116545976226263 -0.04576004576004576 -0.829896262967129 -3.596319723979298 -1.5433526011560692 -0.6390748630553864 -0.37652270210409744 -0.29576937476600523 -0.22179239200515796 -0.16298020954598366 -0.20348058902275765 -0.15371102327624064 -0.29802955665024633 -0.5657741559953433 -0.3674807779285391 -0.30942501481920565 -0.3011827825874893 -0.11690088297475439 -0.1981455607773403 0.058434959349593495 -0.1674237508111616 0.02220680083275503 -0.2070044530027681 -0.14909726266744322 -0.19783544745723264 -0.08042251830512545 -0.16019716574245224 -0.09723076923076925 -0.14573991031390135 -0.029549372075843388 -0.08040842373962988 0.00138274336283186 -0.25392369529156567 -0.17736786094359702 -0.10982522437411432 -0.1723925624923039 -0.09555310547592798 -0.15666747631770708 -0.13836948391922213 -0.07981045018082056 -0.12954723894268513 -0.06874298540965207 -0.1572837348645612 -0.13879485443466488 -0.13009049773755657 -0.142323000844289 -0.17890772128060267 -0.08500957854406131 -0.1689064233756627 0.007447864945382321 -0.10689869484151646 0.05133605370541002
-0.13717085119412126 -0.2023381294964029 -0.13029685021527307 -0.14112203585887798 -0.09553013327043283 -0.13578934939189985 -0.06132711885195633 -0.03163401873707263 -0.07815502882767458 -0.08569454042847272 -0.16799292661361626 -0.13344760039177278 -0.16767748840528007 -0.17524644030668127 -0.17156553551154283 -0.11572079281053797 -0.16141836464673195 0.007751937984496121 -0.13947368421052633 -0.034664448141985583 -0.18109934957275858 -0.4305043050430505 -0.655718336483932 -0.9084548104956269 -0.3378548103491585 -0.25844679778113966 -0.1870407481629926 -0.05128862674701884 -0.12974852862493313 -0.043346337234503686 -0.5060858424087125 -1.9921409859490353 -2.5606565176022835 -1.383327266108482 -0.5183343691733996 -0.23623074915165754 -0.20386121236668014 -0.10573618821041501 -0.1461948353600219 -0.05577005577005577 -0.6949131358580178 -3.1397354801610122 -1.4173410404624276 -0.6682897139379185 -0.4097452934662237 -0.33570448021964305 -0.2321083172147002 -0.1927305652567585 -0.20214190093708165 -0.1742058263797394 -0.2672413793103448 -0.30384167636786963 -0.31886024423337855 -0.3034973325429757 -0.28776978417266186 -0.14923516975500561 -0.1816334307125619 0.029217479674796747 -0.14665801427644387 0.008327550312283135 -0.1973763389096161 -0.13046010483401282 -0.18619806819504248 -0.06841915736406194 -0.15403573629081949 -0.09107692307692308 -0.13702042850024915 -0.018468357547402118 -0.06892150606253988 0.008296460176991153 -0.2526476968227638 -0.2140238855386071 -0.12281530467642894 -0.16746706070680953 -0.09555310547592799 -0.16395433568132137 -0.14210919970082275 -0.08604564160119715 -0.12562156503533106 -0.07716049382716049 -0.14854574959430783 -0.12074023922365155 -0.1323529411764706 -0.15197201785068148 -0.1683145009416196 -0.08860153256704982 -0.14794723215386515 -0.002482621648460777 -0.08452454940957119 0.04870343556667105
-0.13104715248009796 -0.1933453237410072 -0.1302968502152731 -0.1584731058415269 -0.09435074890906947 -0.14287401109930334 -0.06500674598307371 -0.03406740479377053 -0.06790518898142217 -0.08707671043538355 -0.1856763925729443 -0.1309990205680705 -0.1795695088595552 -0.23366192040890837 -0.2031033177746941 -0.14526652714514343 -0.1905265943371262 -0.0077519379844961265 -0.15657894736842107 -0.052689961175818076 -0.1964035199591889 -0.45141451414514144 -0.7230623818525519 -1.4285714285714286 -0.4772670183371012 -0.33535047907211296 -0.2124248496993988 -0.09616617515066034 -0.14446227929373995 -0.08958243028464094 -0.470211402946829 -1.9409383186472966 -2.5630352045670786 -1.6879019536464022 -0.6749533871970167 -0.3197598538240668 -0.23221277170244364 -0.13745704467353953 -0.1543926765951633 -0.0858000858000858 -0.5486814148231471 -2.4922369177688326 -1.2971098265895955 -0.6658551430310407 -0.4392764857881136 -0.38312741794583804 -0.2411347517730497 -0.21989393351442246 -0.19544846050870143 -0.1976284584980237 -0.23522167487684734 -0.2479627473806752 -0.26232473993668026 -0.32246591582691164 -0.27313742226557736 -0.18903121502300707 -0.1790931030102883 -0.0025406504065040663 -0.13887086307592472 -0.0263705759888966 -0.18413768203153208 -0.13861386138613865 -0.16757826137553825 -0.08402352658744448 -0.14048059149722736 -0.10707692307692307 -0.13577478824115596 -0.029549372075843384 -0.05998723675813657 -0.00829646017699115 -0.24881970141635829 -0.22584840960151356 -0.129900803023146 -0.1884004432951607 -0.08697782677937034 -0.16881224192373087 -0.14460234355522314 -0.09602194787379974 -0.123004449097095 -0.09118967452300786 -0.12732492822369243 -0.12751071992778154 -0.11651583710407239 -0.1893619587504523 -0.1612523540489642 -0.11613984674329503 -0.14794723215386515 -0.021102284011916585 -0.07458048477315103 0.025009872318020272
-0.12737293325168403 -0.1843525179856115 -0.13142986630410153 -0.17466743782533256 -0.09199198018634272 -0.15113944975794072 -0.06745983073715198 -0.04015086993551527 -0.07174887892376683 -0.0884588804422944 -0.19325502084122775 -0.13834476003917728 -0.19383993340468542 -0.2543507362784471 -0.25230225810521006 -0.15634617752062047 -0.2090500132310135 -0.002583979328165377 -0.175 -0.038824181919023856 -0.19385282489478384 -0.45387453874538747 -0.749054820415879 -1.8274052478134108 -0.7560914343129866 -0.41351487644982354 -0.24582498329993316 -0.11668162584946788 -0.16318887105403962 -0.10114145354717526 -0.4202434336963485 -1.8563943796141935 -2.5273549000951476 -1.8043926707923794 -0.9011808576755749 -0.399373531714957 -0.25921425678412313 -0.15596087761036215 -0.16942205219292256 -0.08723008723008722 -0.4336957880264968 -1.8148361127084531 -1.123699421965318 -0.620815581253804 -0.4675772117632582 -0.3981030824909523 -0.2527401676337847 -0.21471995860820076 -0.19678714859437746 -0.17420582637973941 -0.21428571428571427 -0.24330616996507565 -0.23066485753052915 -0.3189093064611737 -0.26947933178880623 -0.1964929735107574 -0.1867140861171091 -0.006351626016260162 -0.13757300454250485 -0.01804302567661346 -0.16127091106029606 -0.13046010483401282 -0.16292330967066218 -0.07322050174048733 -0.13801601971657426 -0.10461538461538462 -0.12954658694569007 -0.027086924402856438 -0.056158264199106564 0.006913716814159293 -0.25264769682276383 -0.21757124275747905 -0.13816721776098254 -0.1908631941879079 -0.09555310547592796 -0.15302404663589994 -0.15457491897282474 -0.08355156503304652 -0.13609002878827534 -0.06734006734006734 -0.11609037573336663 -0.1297675468291582 -0.12330316742081449 -0.1917742130020504 -0.16360640301318266 -0.11973180076628354 -0.15411170016027617 -0.01737835153922542 -0.08203853325046613 0.025009872318020276
-0.09675443968156765 -0.1697392086330935 -0.12236573759347383 -0.19548872180451127 -0.0707630616818021 -0.15822411146534415 -0.0502882374586042 -0.049884414162306843 -0.06278026905829596 -0.08845888044229441 -0.17304534545913858 -0.15181194906953968 -0.1736234986324176 -0.2932943896799319 -0.27500946133467896 -0.18466083959128402 -0.20508070918232338 -0.014211886304909563 -0.1710526315789474 -0.037437603993344434 -0.16579517918632827 -0.4243542435424355 -0.7466918714555766 -2.2215743440233235 -1.1667922632504397 -0.4803328290468987 -0.2712090848363393 -0.12950378253622258 -0.1725521669341894 -0.10114145354717527 -0.34977578475336324 -1.649202190997856 -2.461941008563273 -1.9099623832059218 -1.1423244251087632 -0.47376664056382145 -0.27406507357904686 -0.18503832936822626 -0.1625905178303047 -0.09724009724009725 -0.3237095363079615 -1.223691776883266 -0.9005780346820809 -0.5636031649421789 -0.4515811492555678 -0.41432671908149254 -0.2372662798194713 -0.22118742724097787 -0.1713520749665328 -0.15956668130581175 -0.19950738916256155 -0.22817229336437714 -0.21031207598371776 -0.3153526970954356 -0.25850506035849286 -0.19276209426688223 -0.1956052330750667 -0.006351626016260164 -0.14925373134328357 -0.009715475364330324 -0.14442171139728005 -0.1199767035527082 -0.15826835796578612 -0.06481814908174288 -0.11953173136167591 -0.09969230769230769 -0.11584454409566518 -0.043092834277271605 -0.049776643267389925 -0.005530973451327435 -0.22457573050912344 -0.2116589807260258 -0.12753897024090693 -0.2044083240980175 -0.07717750826901874 -0.15423852319650233 -0.13587634006482174 -0.09851602444195037 -0.12562156503533106 -0.0771604938271605 -0.0911247035326426 -0.09930038366057325 -0.11312217194570133 -0.19298034012784948 -0.15772128060263652 -0.12092911877394637 -0.16027616816668722 -0.01737835153922542 -0.08825357364822872 0.015795708832433857
-0.08450704225352113 -0.15062949640287768 -0.11216859279401767 -0.21631000578368997 -0.06250737115225852 -0.16767032707521548 -0.02575738991782166 -0.0717848886725879 -0.029468289557975657 -0.10366275051831375 -0.16041429834533286 -0.14201762977473065 -0.17481270067784513 -0.30668127053669225 -0.3115932887599344 -0.21666871845377322 -0.2011114051336332 -0.018087855297157625 -0.15921052631578947 -0.051303383250138654 -0.17599795944394847 -0.39729397293972946 -0.7301512287334594 -2.4396501457725948 -1.7357447877417733 -0.59505799293999 -0.3219772879091516 -0.17181689960251317 -0.185928303905832 -0.12859413379569426 -0.2946828955797565 -1.3360323886639673 -2.3453853472882966 -1.9233102778788982 -1.3598508390304536 -0.5651265987992692 -0.29026596462805454 -0.20222045995241872 -0.13253176663478616 -0.09438009438009438 -0.2762154730658667 -0.836112708453134 -0.6832369942196532 -0.5088253195374315 -0.45035068290882235 -0.44178210408086854 -0.23210831721470018 -0.22506790842064417 -0.14591700133868807 -0.1566388522910262 -0.20197044334975373 -0.21536670547147846 -0.20239710538218003 -0.30705394190871366 -0.25606633337397877 -0.19400572068150726 -0.21084719928870826 -0.007621951219512199 -0.15055158987670345 -0.004163775156141568 -0.13238656878084007 -0.110658124635993 -0.15128593040847202 -0.0648181490817429 -0.10720887245841035 -0.10584615384615385 -0.09217737917289487 -0.045555281950258555 -0.025526483726866632 -0.004148230088495575 -0.20160775807069037 -0.18919238500650346 -0.12281530467642891 -0.21918482945450068 -0.053901751806933726 -0.1554529997571047 -0.10720518573921714 -0.10599825414640232 -0.08898194190002619 -0.08277216610549945 -0.08363500187242542 -0.0767321146468066 -0.0995475113122172 -0.18694970449885415 -0.1518361581920904 -0.12931034482758622 -0.15041301935642956 -0.021102284011916585 -0.07333747669359851 0.009214163485586416
-0.08083282302510716 -0.12814748201438847 -0.11103557670518922 -0.22093695777906303 -0.08373628965679916 -0.17239343488015113 -0.02943701704893904 -0.08638520501277527 -0.03971812940422806 -0.10919143054595715 -0.1616774030567134 -0.12855044074436825 -0.16292068022356995 -0.31033223804308147 -0.32042386779361676 -0.24621445278837867 -0.20375760783276 -0.024547803617571064 -0.1592105263157895 -0.04853022739877981 -0.18492539216936615 -0.37884378843788447 -0.7100661625708885 -2.489795918367347 -2.3335845265008794 -0.7816439737771055 -0.3807615230460922 -0.2307988203615848 -0.20064205457463885 -0.17194047103019794 -0.24471492632927605 -1.0204810669206952 -2.1384395813510944 -1.8917607086518626 -1.4505904288377873 -0.6851996867658575 -0.32806804374240583 -0.2246893999471319 -0.12979915288973903 -0.09438009438009437 -0.24371953505811775 -0.44393329499712475 -0.453179190751445 -0.45039561777236764 -0.3974406299987695 -0.45301385248970416 -0.2256608639587363 -0.22118742724097787 -0.1285140562248996 -0.12882447665056362 -0.20935960591133007 -0.22351571594877764 -0.19109000452284036 -0.2987551867219917 -0.24631142543592244 -0.19400572068150726 -0.21465769084211864 -0.01778455284552846 -0.16093445814406226 0.0013879250520471883 -0.12275845468768806 -0.09900990099009901 -0.1571046200395671 -0.06721882126995558 -0.10351201478743069 -0.1070769230769231 -0.09342301943198804 -0.05048017729623244 -0.026802807913209957 0.0027654867256637168 -0.1837437795074646 -0.1596310748492373 -0.1086443079829948 -0.21179657677625907 -0.04532647311037609 -0.13966480446927373 -0.09847918224881576 -0.10475121586232698 -0.08767338393090814 -0.08277216610549945 -0.08987641992260642 -0.05980591288648161 -0.10859728506787332 -0.17368230611506452 -0.16007532956685497 -0.13649425287356323 -0.1565774873628406 -0.026067527308838136 -0.09322560596643878 0.013163090693694885
-0.0796080832823025 -0.11915467625899281 -0.10990256061636075 -0.25910931174089064 -0.11911782049770019 -0.19364742000236154 -0.03802281368821293 -0.11071906557975424 -0.04356181934657271 -0.1271596406357982 -0.16925603132499684 -0.11385896180215471 -0.16410988226899748 -0.32615309723743463 -0.3330389806988772 -0.300381632401822 -0.22625033077533735 -0.04005167958656331 -0.16447368421052633 -0.05823627287853579 -0.19640351995918887 -0.34317343173431736 -0.6746219281663517 -2.459475218658892 -2.696558653604622 -1.1119515885022693 -0.4849699398797595 -0.2500320553917169 -0.23274478330658108 -0.1777199826614651 -0.2101217168481743 -0.6191950464396286 -1.8268315889628919 -1.8614245843950978 -1.4729645742697328 -0.8561733228921954 -0.40907249898744436 -0.2577319587628866 -0.14756114223254543 -0.10439010439010439 -0.2262217222847144 -0.2576193214491087 -0.307514450867052 -0.3944004869141814 -0.36421803863664326 -0.49294895794334204 -0.25274016763378465 -0.2380028456861984 -0.1285140562248996 -0.13468013468013468 -0.20935960591133002 -0.2270081490104773 -0.203527815468114 -0.2951985773562537 -0.2597244238507499 -0.19524934709613231 -0.22989965705576018 -0.017784552845528455 -0.16353017521090202 0.009715475364330322 -0.11914791190275606 -0.09551543389633081 -0.16292330967066215 -0.08522386268155083 -0.11706715958102279 -0.12184615384615385 -0.10214250124564025 -0.0627924156611672 -0.0446713465220166 0.004148230088495575 -0.18246778103866276 -0.14780655078633081 -0.11572980632971189 -0.23026720847186305 -0.06982726938625505 -0.12509108574204517 -0.09473946646721516 -0.10973936899862827 -0.07851347814708193 -0.09259259259259259 -0.09611783797278742 -0.04852177837959828 -0.12330316742081449 -0.183331323121457 -0.1659604519774011 -0.15565134099616856 -0.1676735297743805 -0.03475670307845084 -0.09695463020509634 -0.0052652362774779525
-0.08450704225352113 -0.12027877697841727 -0.09743938363924767 -0.2591093117408906 -0.15921688878405474 -0.1948281969535955 -0.0551944069667607 -0.11558583769315003 -0.05509288917360666 -0.13130615065653076 -0.1780977643046609 -0.11385896180215474 -0.16410988226899748 -0.3431909456005842 -0.3456540936041377 -0.3631663178628585 -0.2381582429214078 -0.07364341085271317 -0.1618421052631579 -0.08042151968940656 -0.20022956255579644 -0.31857318573185733 -0.6226370510396976 -2.4233236151603497 -2.7631248430042703 -1.8053454362077659 -0.6239144956579826 -0.29106295678933203 -0.25949705724986627 -0.2022829070943505 -0.18834080717488794 -0.2917361276494404 -1.2392959086584205 -1.7692027666545322 -1.4555624611559976 -1.0310623858000523 -0.5076279195355745 -0.2669838752312979 -0.15302636972263975 -0.09438009438009437 -0.21622297212848393 -0.22311673375503163 -0.22196531791907517 -0.3274497869750456 -0.3494524424756983 -0.5241482590789965 -0.29142488716956805 -0.2599922390376406 -0.14859437751004018 -0.14346362172449129 -0.19827586206896552 -0.2270081490104773 -0.20013568521031208 -0.2975696502667457 -0.2536276063894647 -0.1927620942668822 -0.22227867394893944 -0.03302845528455285 -0.15833874107722257 0.0041637751561415665 -0.11553736911782406 -0.09668025626092022 -0.15361340626091005 -0.08522386268155083 -0.11213801601971655 -0.12553846153846154 -0.0996512207274539 -0.06402363949766067 -0.0446713465220166 0.0069137168141592915 -0.17353579175704986 -0.14189428875487758 -0.10864430798299482 -0.2351927102573575 -0.09432806566213402 -0.12509108574204514 -0.09972575417601595 -0.12595086669160743 -0.09683328971473436 -0.09820426487093155 -0.11109724129322182 -0.03610923042202663 -0.12669683257918554 -0.19056808587625138 -0.1636064030131827 -0.17600574712643677 -0.16274195536925168 -0.03475670307845084 -0.09695463020509634 -0.014479399763064366
-0.08328230251071646 -0.08093525179856113 -0.09064128710627692 -0.22325043377674952 -0.16983134803632505 -0.17947809658755462 -0.047835152704525936 -0.07786835381433266 -0.042280589365791155 -0.10228058051140287 -0.18315018315018317 -0.06978452497551421 -0.16173147817814243 -0.3225021297310454 -0.3570076952188722 -0.3890188354056383 -0.27388197935961894 -0.07493540051679587 -0.17105263157894737 -0.07071547420965058 -0.2078816477490116 -0.26814268142681424 -0.5411153119092629 -2.3475218658892123 -2.8208992715398145 -2.7042360060514374 -0.7628590514362057 -0.3218361328375433 -0.2782236490101659 -0.2051726629099841 -0.17809096732863555 -0.10954989283162657 -0.5696955280685063 -1.6041742506977308 -1.4244872591671847 -1.1615766118506916 -0.5980828945592007 -0.2511234469997357 -0.15166006285011613 -0.048620048620048616 -0.19372578427696538 -0.20126509488211614 -0.1641618497109827 -0.27754108338405353 -0.3113079857265904 -0.5291401472607014 -0.3146357188910381 -0.2690466951235286 -0.15261044176706826 -0.13614404918752748 -0.18596059113300495 -0.20139697322467986 -0.1899592944369064 -0.27267338470657976 -0.2426533349591513 -0.17908220370600675 -0.2108471992887082 -0.02667682926829269 -0.14795587280986372 0.015267175572519082 -0.10350222650138405 -0.06755969714618522 -0.16175957174444316 -0.06241747689353018 -0.11337030191004313 -0.1193846153846154 -0.08968609865470852 -0.040630386604284655 -0.029355456285896614 0.020741150442477874 -0.16460380247543704 -0.09577864490954241 -0.12635805384978746 -0.2044083240980175 -0.11270366286904325 -0.1044449842118047 -0.09349289454001496 -0.08729267988527248 -0.09683328971473436 -0.06313131313131315 -0.11484209212333044 -0.00902730760550666 -0.13461538461538464 -0.18091906886985892 -0.1694915254237288 -0.1831896551724138 -0.1701393169769449 -0.03103277060575968 -0.1019266625233064 -0.015795708832433857
-0.06491120636864665 -0.0651978417266187 -0.07251302968502152 -0.20936957779063042 -0.1674725793135983 -0.18774353524619197 -0.06132711885195633 -0.07543496775763475 -0.04740550928891736 -0.10228058051140292 -0.1818870784388026 -0.04774730656219392 -0.1391366393150196 -0.2835584763295607 -0.3658382742525545 -0.3877877631416964 -0.3307753373908441 -0.06847545219638243 -0.17763157894736842 -0.06239600665557403 -0.1913021298303788 -0.26322263222632225 -0.3532608695652174 -2.113119533527697 -2.6551117809595577 -2.7760968229954615 -1.4615898463593855 -0.43979997435568663 -0.28624933119315144 -0.24273948851322064 -0.15502882767456763 -0.09049773755656108 -0.2354900095147479 -1.1576265016381506 -1.3250466128029834 -1.1354737666405637 -0.858647225597408 -0.3370340999206978 -0.15985790408525755 -0.05291005291005291 -0.18122734658167733 -0.18401380103507764 -0.1699421965317919 -0.22763237979306145 -0.2830072597514458 -0.49045301385248974 -0.355899419729207 -0.2923295822015263 -0.1713520749665328 -0.14346362172449129 -0.15517241379310348 -0.20139697322467986 -0.16960651289009498 -0.27860106698280973 -0.22070479209852456 -0.19649297351075737 -0.19687539692620348 -0.04573170731707318 -0.13627514600908502 -0.004163775156141571 -0.08665302683836804 -0.048922539312754795 -0.15477714418712907 -0.0384107550114032 -0.11583487369069626 -0.1070769230769231 -0.10089686098654709 -0.030780595912336867 -0.03956604977664326 0.024889380530973452 -0.15311981625622048 -0.07212959678372946 -0.1051015588096363 -0.1920945696342815 -0.11147862305524929 -0.10687393733300947 -0.09099975068561457 -0.07108118219229331 -0.0981418476838524 -0.05190796857463524 -0.11359380851329422 -0.002256826901376665 -0.12217194570135745 -0.17609456036666266 -0.16360640301318266 -0.18438697318007666 -0.18123535938848476 -0.02730883813306852 -0.11187072715972654 -0.017112017901803344
-0.07470912431108388 -0.06744604316546762 -0.06571493315205076 -0.20821283979178715 -0.17572826984314188 -0.1806588735387885 -0.08463142401569974 -0.08395181895607738 -0.05509288917360666 -0.09398756046993781 -0.1907288114184666 -0.04285014691478942 -0.1391366393150196 -0.22635998539613 -0.37971489844834105 -0.380401329558045 -0.3995766075681397 -0.07493540051679587 -0.2039473684210526 -0.05546311702717691 -0.1759979594439485 -0.2607626076260763 -0.21739130434782608 -1.7329446064139937 -2.489324290379302 -2.6966717095310138 -2.279225116900468 -0.5987947172714451 -0.30765115034777957 -0.24707412223667102 -0.13837283792440744 -0.10240533460347703 -0.13796384395813507 -0.7159325324596529 -1.2119328775637044 -1.087183503001827 -1.2002160118806533 -0.507533703409992 -0.17898620030058748 -0.050050050050050046 -0.1787276590426197 -0.18171362852213915 -0.18612716763005782 -0.18381010346926357 -0.2596283991632829 -0.4617496568076874 -0.38426821405544814 -0.324666925365412 -0.1954484605087015 -0.13614404918752745 -0.14408866995073893 -0.18160651920838183 -0.168475802804161 -0.25963248369887376 -0.21948542860626752 -0.16664593955975623 -0.19941572462847706 -0.027947154471544715 -0.1492537313432836 0.013879250520471894 -0.07582139848357203 -0.0512521840419336 -0.14430350285115792 -0.028808066258552402 -0.11090573012939002 -0.09846153846153846 -0.10463378176382661 -0.03693671509480424 -0.03956604977664326 0.031803097345132744 -0.15056781931861682 -0.060305072720822986 -0.09093056211620218 -0.18963181874153429 -0.12127894156560089 -0.09351469516638329 -0.09349289454001497 -0.05486968449931414 -0.10075896362208844 -0.04208754208754209 -0.12482836100362002 -0.0033852403520649955 -0.1323529411764706 -0.15317814497648055 -0.17773069679849338 -0.1784003831417625 -0.20835901861669334 -0.029791459781529295 -0.13548788067122436 -0.01974463604054232
-0.07593386405388854 -0.07306654676258992 -0.06458191706322229 -0.18623481781376522 -0.16865196367496166 -0.1794780965875546 -0.1152949834416779 -0.09003528409782212 -0.05509288917360666 -0.09536973047684866 -0.180623973727422 -0.04285014691478941 -0.14151504340587465 -0.17889740781307045 -0.35322316134729403 -0.3828634740859288 -0.4061921143159566 -0.09948320413436693 -0.17763157894736842 -0.056849694952856335 -0.14283892360668285 -0.2693726937269373 -0.12405482041587901 -1.20932944606414 -2.2456669178598343 -2.613464447806354 -2.9245156980627924 -0.7718938325426337 -0.30363830925628676 -0.2615229013148389 -0.13452914798206278 -0.09764229578471063 -0.09871550903901047 -0.3943696153379444 -1.0292106898694844 -1.0154006786739755 -1.4742810854597004 -0.6727464974887655 -0.20767864462358246 -0.051480051480051484 -0.17622797150356206 -0.17136285221391603 -0.17341040462427745 -0.16433353621424227 -0.21287067798695705 -0.4255584674903282 -0.3623468729851708 -0.36347173716207476 -0.1981258366800535 -0.13614404918752745 -0.1366995073891626 -0.1676367869615832 -0.15943012211668928 -0.23355068168346177 -0.21216924765272527 -0.14177341126725534 -0.19687539692620348 -0.019054878048780487 -0.14146658014276445 0.02914642609299098 -0.07461788422192803 -0.04542807221898661 -0.14663097870359593 -0.007202016564638101 -0.11829944547134937 -0.08123076923076925 -0.09591429995017439 -0.04186161044077814 -0.037013401403956606 0.03733407079646017 -0.14801582238101313 -0.061487525127113626 -0.08620689655172413 -0.16623568526043592 -0.12250398137939482 -0.09230021860578093 -0.11219147344801797 -0.047387454794862206 -0.09159905783826224 -0.03647586980920314 -0.12607664461365625 -0.0011284134506883308 -0.14366515837104074 -0.13870461946689183 -0.1777306967984934 -0.17480842911877398 -0.1984958698064357 -0.028550148957298904 -0.12430080795525171 -0.023693563248650785
-0.06736068585425597 -0.07756294964028776 -0.04758667573079538 -0.17698091382301911 -0.1745488854817785 -0.18774353524619197 -0.15454433950692997 -0.1022022143813116 -0.06406149903907751 -0.11195577055977886 -0.14904635594290766 -0.024485798237022523 -0.11416339636104174 -0.1423877327491785 -0.31285480005046046 -0.37301489597439363 -0.4194231278115903 -0.1124031007751938 -0.17236842105263156 -0.0665557404326123 -0.12243336309144241 -0.26568265682656833 -0.08388468809073724 -0.7871720116618076 -1.8977643808088416 -2.4949571356530513 -3.2892451569806282 -1.0193614565969997 -0.3384162653825575 -0.27452680248519 -0.12812299807815505 -0.09764229578471063 -0.07968601332064701 -0.2560368887270962 -0.7793660658794281 -0.9331767162620727 -1.6106385851221816 -0.9608776103621464 -0.2718950676321902 -0.08151008151008152 -0.14748156480439945 -0.1667625071880391 -0.15606936416184972 -0.16555082166768106 -0.16119109142364957 -0.4018469986272308 -0.326241134751773 -0.41779847367740264 -0.21552878179384205 -0.15956668130581173 -0.12315270935960591 -0.1548311990686845 -0.1492537313432836 -0.21932424422050975 -0.20973052066821118 -0.12684989429175475 -0.1905245776705195 -0.022865853658536585 -0.15184944841012332 0.02220680083275503 -0.06739679865206402 -0.04076878276062901 -0.1210287443267776 -0.013203697035169848 -0.10844115834873691 -0.08861538461538462 -0.09840558046836075 -0.05540507264220636 -0.04211869814932993 0.011061946902654867 -0.10845986984815617 -0.06385242993969494 -0.05550307038261691 -0.15269055535032633 -0.10167830454489771 -0.10565946077240711 -0.11094490152081775 -0.04738745479486221 -0.06411934048678357 -0.05611672278338945 -0.10860067407314944 1.3877787807814458e-18 -0.13235294117647062 -0.1338801109636956 -0.16596045197740114 -0.17001915708812262 -0.1750708913820737 -0.03227408142999007 -0.11311373523927906 -0.02895879952612873
-0.07103490508266994 -0.08430755395683454 -0.03512349875368231 -0.16541353383458648 -0.1662931949522349 -0.20191285866099892 -0.16803630565436037 -0.13748631220343108 -0.058936579115951314 -0.1409813407049067 -0.1515725653656688 -0.014691478942213515 -0.1177310024973243 -0.10709504685408303 -0.2825785290778352 -0.3693216791825679 -0.4511775602011114 -0.13565891472868216 -0.18552631578947368 -0.08042151968940653 -0.1402882285422778 -0.2693726937269373 -0.07561436672967863 -0.3766763848396502 -1.4142175332830949 -2.39409984871407 -3.4602538410153643 -1.3193999230670599 -0.37720706260032105 -0.2831960699320908 -0.13837283792440747 -0.09287925696594426 -0.07849666983824928 -0.11406382720543629 -0.4934742075823492 -0.8261550509005483 -1.6335898474416095 -1.4261168384879723 -0.3566060937286515 -0.10153010153010152 -0.14748156480439945 -0.1644623346751006 -0.15375722543352602 -0.1618989653073646 -0.11812476928755997 -0.3781355297641333 -0.29658284977433913 -0.46695123528650884 -0.23962516733601072 -0.17274191187234664 -0.14285714285714285 -0.1559953434225844 -0.16847580280416102 -0.21458209839952583 -0.2304597000365809 -0.12187538863325456 -0.20068588847961388 -0.02667682926829268 -0.1674237508111616 0.009715475364330328 -0.061379227343844024 -0.04426324985439721 -0.1059001512859304 -0.019205377505701594 -0.099815157116451 -0.09353846153846154 -0.08968609865470852 -0.06402363949766068 -0.03828972559029994 -0.0055309734513274336 -0.11228786525456169 -0.07212959678372946 -0.05314123760037789 -0.1514591799039527 -0.10045326473110375 -0.1238766091814428 -0.11468461730241837 -0.04614041651078689 -0.05626799267207537 -0.060325476992143655 -0.12358007739358383 -0.01579778830963665 -0.15045248868778283 -0.13749849234109277 -0.1683145009416196 -0.17480842911877395 -0.17630378498335594 -0.03475670307845084 -0.11311373523927906 -0.03027510859549822
-0.07593386405388855 -0.1045413669064748 -0.02945841830954 -0.1607865818392134 -0.16157565750678143 -0.21135907427087025 -0.20115294983441676 -0.16912033094050372 -0.07687379884689302 -0.16171389080856946 -0.1654667171908551 -0.0330558276199804 -0.12248781067903436 -0.10344407934769381 -0.2371641226188974 -0.36809060691862605 -0.4591161682984916 -0.16537467700258396 -0.18289473684210525 -0.08735440931780367 -0.12625940568805 -0.26199261992619927 -0.06498109640831756 -0.1271137026239067 -0.7786988193921125 -2.247856782652547 -3.5110220440881763 -1.6104628798563918 -0.4052969502407705 -0.2759716803930068 -0.15759128763613073 -0.0869254584424863 -0.09157944814462417 -0.03518990413784735 -0.252330640149161 -0.7021665361524405 -1.6281895504252735 -2.075072693629395 -0.5014346222161498 -0.11297011297011297 -0.15123109611298585 -0.16216216216216217 -0.15028901734104047 -0.15702982349360928 -0.08736311061892457 -0.3469362286284788 -0.2888459058671825 -0.5122235157159487 -0.28915662650602414 -0.17420582637973944 -0.1330049261083744 -0.16647264260768335 -0.16169154228855723 -0.21458209839952583 -0.21216924765272527 -0.11441363014550428 -0.1841737584148355 -0.03683943089430894 -0.16742375081116156 0.0027758501040943766 -0.06498977012877602 -0.0512521840419336 -0.10590015128593042 -0.025207057976233342 -0.09858287122612447 -0.09723076923076923 -0.09965122072745392 -0.05540507264220636 -0.0612635609444799 -0.005530973451327435 -0.11739185912976906 -0.09696109731583305 -0.04605573925366084 -0.16377293436768872 -0.10657846380007348 -0.1481661403934904 -0.13587634006482174 -0.05237560793116349 -0.07066213033237373 -0.0701459034792368 -0.13356634627387343 -0.0349808169713383 -0.165158371040724 -0.1483536364732843 -0.1553672316384181 -0.18079501915708812 -0.1750708913820737 -0.03227408142999007 -0.10441267868241144 -0.026326181387389753
-0.0747091243110839 -0.0899280575539568 -0.01812825742125538 -0.13533834586466165 -0.13444981719542398 -0.20309363561223281 -0.2121918312277689 -0.19467088453583162 -0.06918641896220372 -0.15342087076710434 -0.17683465959328026 -0.028158667972575907 -0.1260554168153169 -0.08762322015334065 -0.22328749842311088 -0.3434691616397882 -0.4829319925906324 -0.18604651162790697 -0.18552631578947368 -0.0956738768718802 -0.11350593036602477 -0.22263222632226318 -0.053166351606805294 -0.029154518950437323 -0.11554885707108764 -2.0209278870398384 -3.547094188376753 -1.8361328375432748 -0.43071161048689144 -0.24562924432885422 -0.17680973734785396 -0.06191950464396283 -0.1010941960038059 0.012134449702705987 -0.13175885643256685 -0.5324980422866091 -1.6133387336303495 -2.898493259318001 -0.6285011613608417 -0.11726011726011727 -0.1574803149606299 -0.15181138585393905 -0.15260115606936417 -0.14485696895922096 -0.10458963947336039 -0.3219767877199551 -0.2836879432624114 -0.558789289871944 -0.3346720214190094 -0.20787586004977307 -0.12931034482758622 -0.13271245634458673 -0.15603799185888736 -0.17783046828689983 -0.2158273381294964 -0.08207934336525308 -0.1829035945636987 -0.015243902439024385 -0.18170019467878 0.02220680083275503 -0.07221085569864003 -0.030285381479324403 -0.09775398580239732 -0.003601008282319046 -0.09981515711645102 -0.08123076923076923 -0.12082710513203787 -0.0332430435853238 -0.06892150606253988 0.011061946902654867 -0.12504784994258009 -0.09223128769067046 -0.05432215399149741 -0.1576160571358207 -0.11392870268283717 -0.15788195287830947 -0.15582149090002495 -0.04738745479486221 -0.08636482596179011 -0.06734006734006734 -0.13855948071401827 -0.02708192281651997 -0.16402714932126697 -0.14111687371848994 -0.15301318267419958 -0.16522988505747124 -0.17876957218592038 -0.008689175769612709 -0.10192666252330643 -0.01974463604054232
-0.07103490508266994 -0.06182553956834532 -0.011330160888284611 -0.08791208791208792 -0.09553013327043285 -0.1806588735387885 -0.2097387464736907 -0.2117045869327169 -0.07174887892376683 -0.12854181064270903 -0.17683465959328026 -0.020812928501469145 -0.1320014270424545 -0.05598150176463429 -0.22202598713258484 -0.2880709097624031 -0.4869012966393226 -0.21705426356589147 -0.20526315789473681 -0.08458125346644481 -0.10967988776941714 -0.2041820418204182 -0.06025519848771267 -0.005830903790087461 0.30143180105501133 -1.6515380736258194 -3.5096860387441544 -1.9938453647903578 -0.45211342964151957 -0.23695997688195347 -0.17809096732863552 -0.04167658966420574 -0.10109419600380591 0.05703191360271812 -0.08203853325046612 -0.3119290002610284 -1.5255839071148913 -3.7100185038329365 -0.8074873616614292 -0.11011011011011011 -0.15748031496062992 -0.14836112708453136 -0.14219653179190753 -0.12538040170419967 -0.11443337024732372 -0.2658180456757769 -0.2669245647969053 -0.5613762773250549 -0.4069611780455154 -0.21226760357195137 -0.13054187192118227 -0.12456344586728754 -0.14360018091361373 -0.16716064018968585 -0.1987562492378978 -0.08581022260912821 -0.17655277530801475 -0.012703252032520321 -0.19857235561323816 0.006939625260235946 -0.07702491274521603 -0.0046592894583576015 -0.09193529617130224 0.0336094106349778 -0.09118915588416512 -0.054153846153846164 -0.12954658694569007 -0.003693671509480423 -0.06509253350350988 0.020741150442477874 -0.11994385606737275 -0.08277166844034527 -0.061407652338214457 -0.12560029553010713 -0.08820286659316429 -0.15909642943891183 -0.16330092246322614 -0.02992891881780771 -0.0981418476838524 -0.049102132435465774 -0.13980776432405445 -0.019183028661701643 -0.15610859728506787 -0.12181883970570499 -0.1483050847457627 -0.14727011494252876 -0.1726051041795093 0.007447864945382321 -0.10068365444375389 -0.015795708832433853
-0.0612369871402327 -0.03259892086330935 -0.00906412871062769 -0.06824754193175246 -0.051892911899988216 -0.1688511040264494 -0.1925671531951429 -0.24333860566978954 -0.06918641896220372 -0.1243953006219765 -0.17304534545913858 -0.001224289911851128 -0.12486621476988939 -0.048679566751855904 -0.20814936293679825 -0.2351348024129017 -0.47234718179412544 -0.23385012919896644 -0.20921052631578946 -0.0734886300610094 -0.09565106491518939 -0.1808118081180812 -0.053166351606805294 0.0163265306122449 0.4245164531524742 -0.9215834594049419 -3.402805611222445 -2.0669316579048598 -0.4695024077046549 -0.22829070943505272 -0.17809096732863555 -0.035722791140747785 -0.10941960038058991 0.05945880354325933 -0.062150403977625855 -0.09135995823544761 -1.391926555960578 -4.414485857784827 -1.0274627681377237 -0.14729014729014728 -0.1587301587301587 -0.1345600920069005 -0.12716763005780346 -0.11807668898356667 -0.10705057216685124 -0.22588294022213903 -0.23081882656350744 -0.588539645582719 -0.4672021419009371 -0.24154589371980678 -0.1330049261083744 -0.10360884749708965 -0.14812302125734964 -0.13989330171902786 -0.1987562492378978 -0.07337395846287777 -0.1854439222659723 0.0025406504065040676 -0.2297209604153147 0.005551700208188757 -0.06378625586713202 0.0221316249271986 -0.09659024787617829 0.0336094106349778 -0.08872458410351201 -0.05661538461538462 -0.1245640259093174 0.006156119182467369 -0.07275047862156987 0.006913716814159294 -0.11994385606737272 -0.06030507272082299 -0.05668398677373643 -0.10712966383450315 -0.05880191106210951 -0.15302404663589994 -0.15706806282722513 -0.0037411148522259615 -0.07982203611619995 -0.046296296296296294 -0.13606291349394586 -0.011284134506883318 -0.15610859728506787 -0.10855144132191534 -0.14595103578154422 -0.12931034482758622 -0.16520774257181603 0.022343594836146972 -0.09695463020509634 -0.01711201790180334
-0.06001224739742804 -0.0483363309352518 -0.019261273510083842 -0.08444187391555813 -0.036560915202264434 -0.1664895501239816 -0.19134061081810377 -0.28957294074704953 -0.07303010890454838 -0.12854181064270906 -0.16546671719085515 -0.012242899118511261 -0.11654180045189674 -0.048679566751855904 -0.1942727387410117 -0.2043579958143543 -0.43397724265678744 -0.2751937984496124 -0.1868421052631579 -0.06932889628397114 -0.08289758959316414 -0.2004920049200492 -0.05198487712665406 1.3877787807814458e-18 0.5438332077367495 0.015128593040847191 -3.2919171676686703 -2.114373637645852 -0.47351524879614776 -0.23407022106631986 -0.17937219730941706 -0.06191950464396282 -0.11774500475737393 0.036403349108117954 -0.04599129894344313 0.08613938919342208 -1.2623194275685163 -5.051546391752577 -1.2815958464271078 -0.19734019734019737 -0.16247969003874513 -0.15181138585393905 -0.12254335260115608 -0.11199026171637247 -0.11074197120708748 -0.2158991638587296 -0.20373952288845903 -0.658388306816712 -0.5635876840696119 -0.27375201288244766 -0.14039408866995076 -0.119906868451688 -0.14699231117141567 -0.16004742145820985 -0.1987562492378978 -0.08083571695062804 -0.19687539692620348 -0.0012703252032520303 -0.26086956521739124 -0.015267175572519082 -0.061379227343844024 0.011648223645894002 -0.08495286861398813 0.027607730164446048 -0.08256315465187923 -0.05169230769230769 -0.12580966616841055 0.006156119182467374 -0.08551372048500319 0.002765486725663721 -0.11994385606737272 -0.0733120491900201 -0.04605573925366084 -0.12067479374461274 -0.04287639348278819 -0.14938061695409277 -0.16205435053602593 -0.0012470382840753247 -0.07458780423972783 -0.05050505050505051 -0.137311197103982 -0.028210336267208303 -0.14819004524886878 -0.11578820407670969 -0.1388888888888889 -0.12092911877394634 -0.15411170016027614 0.03723932472691162 -0.08203853325046614 -0.013163090693694876
-0.06858542559706061 -0.04046762589928057 -0.029458418309539998 -0.08328513591671487 -0.040099068286354525 -0.1499586728067068 -0.19502023794922113 -0.32364034554082005 -0.08584240871236387 -0.13407049067035245 -0.16167740305671344 -0.00979431929480901 -0.11416339636104174 -0.0523305342582451 -0.18418064841680332 -0.1895851286470516 -0.3929611008203229 -0.31912144702842377 -0.2013157894736842 -0.07210205213532998 -0.08289758959316414 -0.1808118081180812 -0.06379962192816635 -0.004664723032069972 0.45214770158251694 0.11850731215330308 -2.6212424849699394 -2.0502628542120784 -0.4935794542536116 -0.21817656408033526 -0.1857783472133248 -0.04643962848297213 -0.12725975261655567 0.038830239048659156 -0.04723430702299565 0.12137823022709475 -0.9828540569731337 -5.321173671689135 -1.52753108348135 -0.21307021307021307 -0.16122984626921633 -0.15181138585393902 -0.12601156069364164 -0.10955569080949483 -0.10828103851359665 -0.23337077249469615 -0.17794970986460348 -0.816194541456474 -0.852744310575636 -0.322061191626409 -0.15517241379310348 -0.09545983701979047 -0.15377657168701947 -0.13159454653230587 -0.2219241555907816 -0.05596318865812709 -0.218468182395529 0.016514227642276426 -0.30759247242050614 -0.023594725884802218 -0.061379227343844024 0.020966802562609205 -0.08611660654020713 0.024006721882126998 -0.0862600123228589 -0.05046153846153847 -0.12705530642750376 0.017237133710908643 -0.0931716656030632 -0.0013827433628318564 -0.11739185912976904 -0.0709471443774388 -0.051960321209258385 -0.11698066740549196 -0.04655151292417003 -0.13359242166626187 -0.17576664173522813 0.004988153136301284 -0.07066213033237372 -0.054713804713804715 -0.14604918237423542 -0.014669374858948314 -0.16289592760180996 -0.10493305994451815 -0.1553672316384181 -0.116139846743295 -0.1664406361730983 0.04344587884806356 -0.10565568676196398 -0.022377254179281287
-0.06246172688303735 -0.035971223021582746 -0.030591434398368457 -0.09022556390977443 -0.025946455949994108 -0.15586255756287637 -0.1557708818839691 -0.35649105730624164 -0.06790518898142217 -0.14512785072563927 -0.14146772767462426 -0.0036728697355533782 -0.08800095136163635 -0.053547523427041485 -0.1412892645389176 -0.18096762279945833 -0.30960571579783014 -0.3449612403100776 -0.16973684210526313 -0.08180809761508596 -0.07269480933554393 -0.15744157441574416 -0.04962192816635161 -0.0034985422740524768 0.4081888972619945 0.09959657085224409 -1.7889111556446224 -1.9053724836517503 -0.44676297485286254 -0.20228290709435054 -0.18065342729019862 -0.038104310550130985 -0.11417697431018077 0.02912267928649437 -0.028589185829707892 0.11615766118506918 -0.5832320777642769 -5.290774517578642 -1.6696269982238015 -0.2473902473902474 -0.14873140857392825 -0.15986198964922366 -0.11560693641618495 -0.11320754716981132 -0.0750584471514704 -0.2421065768126794 -0.12508059316569956 -0.9882292070883457 -1.2168674698795179 -0.3776899429073342 -0.14901477832512314 -0.08731082654249128 -0.14586160108548168 -0.13040901007705985 -0.20973052066821118 -0.062181320731252335 -0.20195605233075065 0.007621951219512197 -0.3101881894873459 -0.05690492713393476 -0.06378625586713202 0.029120559114735 -0.09309903409752122 0.022806385788020647 -0.08626001232285889 -0.06276923076923077 -0.10961634280019932 0.01600590987441517 -0.09061901723037652 -0.015210176991150437 -0.1161158606609672 -0.07685940640889205 -0.056683986773736414 -0.13175717276197513 -0.024500796275878967 -0.14938061695409277 -0.14958863126402397 -0.004988153136301287 -0.035331065166186865 -0.06593714927048261 -0.12482836100362002 -0.009027307605506652 -0.1493212669683258 -0.11337594982511157 -0.12947269303201508 -0.12092911877394634 -0.12452225372950314 0.06330685203574975 -0.072094468614046 -0.015795708832433857
-0.05266380894060012 -0.03147482014388489 -0.01699524133242692 -0.09716599190283401 -0.02830522467272084 -0.16176644231904594 -0.1287869495891083 -0.38934176907166324 -0.09865470852017938 -0.15618521078092606 -0.12883668056081848 0.002448579823702251 -0.0654061124985135 -0.05476451259583789 -0.13498170808628734 -0.17235011695186506 -0.28578989150568934 -0.37080103359173133 -0.21052631578947367 -0.09151414309484192 -0.07524550439994898 -0.13407134071340712 -0.06734404536862003 -0.0023323615160349863 0.3428786737000754 0.08068582955118508 -1.1449565798263193 -1.7604821130914217 -0.46548956661316226 -0.18638925010836588 -0.18321588725176172 -0.029768992617289824 -0.12250237868696481 0.01941511952432958 -0.033561218147917966 0.11093709214304359 -0.2754151478331308 -5.260375363468148 -1.7830304686432572 -0.28171028171028173 -0.13998250218722658 -0.16101207590569291 -0.10867052023121389 -0.12538040170419962 -0.06644518272425248 -0.2508423811306627 -0.13281753707285623 -1.165437847626439 -1.7416331994645247 -0.43331869418825947 -0.14778325123152708 -0.08498253783469152 -0.15264586160108548 -0.15056312981624187 -0.21704670162175344 -0.06839945280437756 -0.20957703543757145 0.0012703252032520331 -0.36729396495781963 -0.0916030534351145 -0.05656517029726802 0.037274315666860805 -0.09309903409752122 0.019205377505701598 -0.08133086876155268 -0.07753846153846154 -0.11335326357747884 0.020930805220389072 -0.10848755583918317 -0.031803097345132744 -0.10590787291055251 -0.07212959678372946 -0.04959848842701936 -0.13914542544021674 -0.02817591571726081 -0.15180957007529755 -0.13213662428322115 -0.008729267988527252 -0.045799528919131124 -0.06874298540965208 -0.11983522656347523 -0.006770480704129991 -0.15158371040723984 -0.1302617295862984 -0.1353578154425612 -0.12452107279693488 -0.14301565774873629 0.07696127110228401 -0.10565568676196395 -0.01184678162432539
-0.051439069197795464 -0.025854316546762585 -0.01472920915477 -0.09485251590514747 -0.025946455949994108 -0.1558625575628764 -0.09567030540905189 -0.40029200632680373 -0.11787315823190263 -0.14512785072563927 -0.13641530882910194 -0.006121449559255631 -0.07135212272565108 -0.0523305342582451 -0.14002775324839156 -0.16250153884032992 -0.2738819793596189 -0.39276485788113696 -0.24210526315789474 -0.09151414309484192 -0.0701441142711389 -0.11685116851168509 -0.07206994328922495 -0.015160349854227406 0.30017583521728214 0.04916792738275341 -0.7909151636606546 -1.5412232337479161 -0.45746388443017655 -0.18060973847709866 -0.18065342729019862 -0.025005953798523457 -0.12369172216936253 0.02305545443514138 -0.037290242386575516 0.12268337248760117 -0.10665586607263403 -5.019825535289453 -1.8144555267112996 -0.2802802802802803 -0.1399825021872266 -0.1633122484186314 -0.11329479768786128 -0.13024954351795495 -0.05660145195028917 -0.25084238113066265 -0.14829142488716957 -1.3284180571724225 -2.289156626506024 -0.47284438588786415 -0.1317733990147783 -0.08731082654249128 -0.13681592039800994 -0.16478956727919383 -0.2011949762224119 -0.07461758487750278 -0.1930649053727931 -0.0025406504065040663 -0.3945489941596366 -0.1179736294240111 -0.06378625586713202 0.037274315666860805 -0.10706388921214942 0.022806385788020654 -0.09118915588416512 -0.07753846153846154 -0.1195814648729447 0.024624476729869497 -0.11614550095724314 -0.03595132743362832 -0.11866785759857088 -0.06621733475227623 -0.06613131790269247 -0.13545129910109593 -0.04287639348278818 -0.14330823415108088 -0.12341062079281977 -0.011223344556677891 -0.06019366657942946 -0.06313131313131312 -0.11733865934340279 -0.004513653802753327 -0.14705882352941177 -0.14714750934748522 -0.13771186440677965 -0.12811302681992337 -0.14178276414745408 0.09061569016881826 -0.09571162212554382 -0.013163090693694878
-0.047764849969381504 -0.007868705035971223 -0.016995241332426924 -0.09253903990746096 -0.02830522467272084 -0.1287046876844964 -0.08217833926162148 -0.3832583039299185 -0.13837283792440744 -0.12577747062888736 -0.13262599469496023 0.002448579823702252 -0.0654061124985135 -0.03894365340148473 -0.13245868550523526 -0.13295580450572447 -0.23418893887271763 -0.3888888888888889 -0.24342105263157893 -0.07626178591236828 -0.04718785869149344 -0.08487084870848707 -0.07206994328922493 -0.006997084548104956 0.2712886209495102 0.04664649520927887 -0.6092184368737475 -1.2565713553019617 -0.4240235420010701 -0.16182632567548044 -0.16271620755925692 -0.017861395570373896 -0.10466222645099905 0.024268899405411985 -0.044748290863890615 0.12529365700861395 -0.04455245038477116 -4.569125033042559 -1.8294849023090585 -0.26169026169026166 -0.12623422072240972 -0.16101207590569294 -0.12369942196531795 -0.1278149726110773 -0.05414051925679834 -0.2308748284038437 -0.16247582205029013 -1.4629414047341869 -2.8406961178045522 -0.5094422485726834 -0.09605911330049259 -0.06984866123399301 -0.101763907734057 -0.15293420272673386 -0.17558834288501401 -0.06218132073125232 -0.17401244760574117 -0.011432926829268296 -0.4231018818948735 -0.13601665510062458 -0.06017571308220002 0.053581828771112394 -0.10357267543349238 0.02520705797623335 -0.10351201478743069 -0.057846153846153846 -0.13328350772296962 0.054173848805712875 -0.13018506700701976 -0.0165929203539823 -0.11739185912976904 -0.046115643845335216 -0.06731223429381199 -0.12190616919098632 -0.050226632365551874 -0.11901870293903327 -0.12715033657442035 0.007482229704451927 -0.06804501439413765 -0.0505050505050505 -0.10984895768318562 0.01015572105619499 -0.1334841628959276 -0.1362923652152937 -0.1306497175141243 -0.11135057471264367 -0.13068672173591417 0.10675273088381329 -0.08949658172778124 -6.938893903907229e-19
-0.04164115125535823 0.013489208633093525 -0.02266032177656923 -0.07518796992481203 -0.03656091520226441 -0.12043924902585901 -0.06010057647491721 -0.37717483878817376 -0.15631005765534914 -0.11195577055977886 -0.13136288998357964 0.026934378060724778 -0.0594601022713759 -0.023122794207131557 -0.1438122871199697 -0.11325864828265417 -0.23286583752315426 -0.3863049095607235 -0.27894736842105267 -0.06516916250693289 -0.04208646856268333 -0.08118081180811808 -0.07088846880907371 -0.02099125364431487 0.24240140668173824 0.01765002521432173 -0.5357381429525718 -0.9757661238620337 -0.4066345639379348 -0.15893656985984686 -0.13324791800128125 -0.011907597046915934 -0.08563273073263558 0.009707559762164784 -0.03853325046612803 0.11224223440355 -0.008100445524503851 -3.933386201427438 -1.7721000136630685 -0.2588302588302588 -0.11998500187476568 -0.16906267970097758 -0.11907514450867054 -0.14607425441265978 -0.04921865386981666 -0.2358667165855485 -0.1650548033526757 -1.6000517397490621 -3.3975903614457836 -0.5636070853462158 -0.09113300492610837 -0.06053550640279395 -0.10063319764812304 -0.14700652045050386 -0.18290452383855627 -0.06715582638975251 -0.17655277530801478 -0.03429878048780488 -0.4853990914990266 -0.1665510062456627 -0.050547598989048016 0.06755969714618519 -0.09426277202374025 0.04321209938782859 -0.10227972889710413 -0.05292307692307692 -0.1320378674638764 0.049248953459738974 -0.13656668793873644 -0.02212389380530973 -0.10845986984815617 -0.014189428875487764 -0.07439773264052904 -0.08989040758527275 -0.056351831434521625 -0.09837260140879282 -0.12341062079281975 0.01995261254520514 -0.07327924627060979 -0.03928170594837262 -0.10485582324304084 0.016926201760324982 -0.12895927601809956 -0.1278494753347003 -0.13888888888888887 -0.11135057471264369 -0.135618296141043 0.10799404170804368 -0.10316967060285893 -0.005265236277477952
-0.033067973055725654 0.0011241007194244604 -0.028325402220711532 -0.097165991902834 -0.03656091520226442 -0.13460857244066596 -0.038022813688212934 -0.3686579875897311 -0.17040358744394618 -0.12301313061506565 -0.11746873815839334 0.02203721841332027 -0.04637887977167321 -0.03894365340148473 -0.14002775324839156 -0.12433829865813126 -0.21037311458057686 -0.38242894056847543 -0.30131578947368426 -0.06378258458125345 -0.03188368830506313 -0.0897908979089791 -0.06379962192816635 -0.036151603498542274 0.2185380557648832 -0.002521432173474533 -0.4609218436873747 -0.7270162841389921 -0.3865703584804709 -0.14882242450512934 -0.1037796284433056 -0.022624434389140267 -0.06898192197906755 -0.012134449702705986 -0.02610316967060286 0.08483424693291568 0.031051707843931416 -3.0888183980967487 -1.6805574532039895 -0.24596024596024596 -0.10998625171853518 -0.18746405980448536 -0.10867052023121386 -0.1631162507608034 -0.034453057708871665 -0.2446025209035317 -0.14958091553836234 -1.7099987065062734 -3.961178045515395 -0.6075245205679988 -0.07266009852216751 -0.07566938300349244 -0.08819538670284939 -0.16834617664493184 -0.16583343494695768 -0.08581022260912821 -0.16512130064778358 -0.09908536585365854 -0.5749513303049968 -0.2262317834836919 -0.03490191358767601 0.048922539312754795 -0.08728034446642616 0.015604369223382547 -0.08749229821318545 -0.07753846153846153 -0.10338814150473344 0.025855700566362973 -0.12890874282067646 -0.05254424778761062 -0.10463187444175066 -0.0177367860943597 -0.06258856872933397 -0.10220416204900876 -0.04287639348278819 -0.10808841389361187 -0.10471204188481675 0.012470382840753209 -0.0615022245485475 -0.049102132435465774 -0.08737985270253402 0.01015572105619499 -0.11651583710407239 -0.14594138222168618 -0.12594161958568736 -0.12212643678160921 -0.12452225372950312 0.10302879841112215 -0.09322560596643881 -0.007897854416216927
-0.026944274341702386 -0.010116906474820143 -0.03965556310899615 -0.11104684788895317 -0.041278452647717886 -0.14287401109930337 -0.038022813688212934 -0.3467575130794501 -0.1883408071748879 -0.13959917069799585 -0.11241631931287104 0.0281586679725759 -0.03567606136282554 -0.040160642570281124 -0.13119717421470922 -0.12680044318601502 -0.19714210108494307 -0.35658914728682173 -0.3013157894736842 -0.06794231835829173 -0.01657951791863283 -0.08610086100861007 -0.05552930056710775 -0.044314868804664724 0.20095453403667415 -0.006303580433686336 -0.43019372077488305 -0.5718681882292602 -0.36650615302300704 -0.14015315705822856 -0.08968609865470853 -0.04286734936889736 -0.06303520456707896 -0.03761679407838855 -0.024860161591050346 0.04567997911772383 0.03645200486026731 -2.2587893206449907 -1.5166006285011613 -0.24739024739024734 -0.10123734533183353 -0.18861414606095456 -0.10173410404624277 -0.17163724893487525 -0.019687461547926666 -0.23961063272182703 -0.134107027724049 -1.8083042297244856 -4.457831325301205 -0.6426584687454253 -0.06403940886699508 -0.08149010477299186 -0.08932609678878337 -0.16834617664493184 -0.16461407145470064 -0.08705384902375327 -0.17020195605233077 -0.19181910569105692 -0.764438676184296 -0.2748091603053435 -0.02166325670959201 0.03843913803145021 -0.09309903409752124 -0.0036010082823190507 -0.08749229821318545 -0.09230769230769231 -0.10214250124564025 0.0024624476729869504 -0.14550095724313977 -0.06775442477876106 -0.10718387137935434 -0.021284143313231644 -0.06731223429381199 -0.10836103928087674 -0.04165135366899424 -0.12144765606023807 -0.09972575417601595 -0.006235191420376608 -0.06673645642501962 -0.06453423120089788 -0.08113843465235301 6.938893903907229e-19 -0.1187782805429864 -0.15920878060547583 -0.12358757062146893 -0.13050766283524906 -0.12575514733078536 0.08440913604766632 -0.09198259788688629 -0.022377254179281294
-0.034292712798530314 -0.028102517985611513 -0.03625651484251076 -0.12608444187391557 -0.04717537445453474 -0.15586255756287637 -0.040475898442291186 -0.3333738897676116 -0.19730941704035876 -0.15618521078092604 -0.10231148162182646 0.02938295788442703 -0.0261624449994054 -0.025556772544724354 -0.11984357259997476 -0.12556937092207313 -0.17729558084149244 -0.3397932816537468 -0.29473684210526313 -0.07348863006100943 -0.015304170386430302 -0.09102091020910208 -0.0697069943289225 -0.059475218658892125 0.18211504647073598 -0.018910741301059002 -0.4101536406145625 -0.4910886011027055 -0.3464419475655431 -0.137263401242595 -0.07174887892376683 -0.04286734936889735 -0.036869647954329204 -0.030336124256764952 -0.021131137352392793 0.023492560689115115 0.022951262319427568 -1.5477134549299496 -1.3020904495149612 -0.22737022737022733 -0.0974878140232471 -0.19436457734330073 -0.09710982658959535 -0.18015824710894707 -0.011074197120708751 -0.24210657681267939 -0.12508059316569958 -1.8496960289742592 -4.807228915662651 -0.6499780412823891 -0.06527093596059115 -0.09545983701979047 -0.09384893713251923 -0.1825726141078838 -0.17314961590049993 -0.10446461882850393 -0.18036326686142515 -0.3201219512195122 -1.118754055807917 -0.34142956280360864 -0.02527379949452401 0.0256260920209668 -0.09077155824508322 -1.7347234759768072e-19 -0.08995686999383856 -0.09107692307692308 -0.10587942202291978 -0.018468357547402114 -0.15188257817485643 -0.07881637168141593 -0.11356386372336354 -0.043750739032753935 -0.06613131790269249 -0.12190616919098633 -0.04287639348278819 -0.13359242166626184 -0.09473946646721515 -0.027434842249657067 -0.07982203611619995 -0.07014590347923683 -0.07240044938209961 -0.0022568269013766643 -0.12104072398190044 -0.15920878060547586 -0.12829566854990587 -0.1257183908045977 -0.1282209345333498 0.08192651439920556 -0.09073958980733376 -0.015795708832433857
-0.03674219228413962 -0.03372302158273381 -0.03172445048719692 -0.12377096587622904 -0.051892911899988216 -0.16530877317274767 -0.05151477983564332 -0.3224236525124711 -0.23318385650224221 -0.16724257083621283 -0.09852216748768473 0.034280117531831536 -0.01664882863598525 -0.020688815869538763 -0.11984357259997477 -0.12556937092207313 -0.1799417835406192 -0.31653746770025837 -0.325 -0.08180809761508596 -0.01657951791863283 -0.07995079950799507 -0.06261814744801511 -0.06413994169096209 0.16327555890479778 -0.0340393343419062 -0.4008016032064128 -0.44364662136171307 -0.3517924023542001 -0.137263401242595 -0.06790518898142217 -0.025005953798523457 -0.03449096098953378 -0.007280669821623588 -0.031075201988812928 0.027407987470634297 0.002700148508167948 -0.888183980967486 -1.0657193605683837 -0.19305019305019303 -0.09248843894513185 -0.18516388729154687 -0.08323699421965317 -0.17772367620206936 -0.0012304663467454166 -0.2483464370398103 -0.12637008381689233 -1.8652179536929245 -5.017402945113789 -0.6675450153711023 -0.05172413793103449 -0.09429569266589058 -0.08593396653098147 -0.1754593953764078 -0.16705279843921472 -0.11565725656012935 -0.1879842499682459 -0.4496951219512195 -1.624918883841661 -0.40249826509368497 -0.022866770971236006 0.025626092020966794 -0.07797044105667404 -0.0024006721882126993 -0.088724584103512 -0.0996923076923077 -0.11709018435475835 -0.04678650578675203 -0.1723037651563497 -0.1064712389380531 -0.1148398621921654 -0.03902092940759135 -0.06967406707605102 -0.12190616919098633 -0.04655151292417003 -0.1493806169540928 -0.09473946646721516 -0.0586107993515401 -0.11253598534415074 -0.08557800224466892 -0.06615903133191861 0.018054615211013314 -0.11764705882352941 -0.1399107465926909 -0.12947269303201508 -0.11135057471264369 -0.129453828134632 0.08068520357497518 -0.10192666252330643 -0.019744636040542322
-0.03674219228413962 -0.03259892086330936 -0.03172445048719692 -0.11798727588201272 -0.04717537445453473 -0.15940488841657813 -0.03189010180301729 -0.28713955469035163 -0.23830877642536835 -0.16724257083621286 -0.1098901098901099 0.037952987267384906 -0.023784040908550363 -0.013386880856760375 -0.12236659518102688 -0.12556937092207313 -0.17068007409367555 -0.2751937984496124 -0.3263157894736842 -0.08458125346644482 -0.011478127789822727 -0.06888068880688807 -0.05552930056710774 -0.060641399416909623 0.16704345641798546 -0.027735753908219873 -0.37942551770207084 -0.40261571996409795 -0.32771535580524347 -0.12714925588787745 -0.05637411915438821 -0.02500595379852345 -0.02735490009514748 -0.0036403349108117974 -0.028589185829707896 0.03393369877316628 0.020251113811259623 -0.48902987047316937 -0.8225167372591885 -0.16302016302016303 -0.0987376577927759 -0.17596319723979298 -0.07630057803468207 -0.16555082166768106 0.004921865386981665 -0.23961063272182703 -0.12121212121212122 -1.690596300607942 -4.732262382864793 -0.6280193236714975 -0.04802955665024631 -0.10826542491268917 -0.07575757575757576 -0.19087136929460582 -0.14754298256310205 -0.14177341126725534 -0.21338752699098182 -0.7164634146341463 -2.1946787800129783 -0.4691186675919501 -0.020459742447948008 0.022131624927198605 -0.07564296520423601 -0.00600168047053175 -0.07270486752926679 -0.1070769230769231 -0.09715994020926756 -0.11081014528441271 -0.29738353541799617 -0.14657079646017698 -0.12249585300497641 -0.03429111978242876 -0.07085498346717053 -0.11698066740549193 -0.04410143329658213 -0.14573718727228563 -0.06606831214161056 -0.06359895248784138 -0.07327924627060978 -0.0841750841750842 -0.06865559855199102 0.01579778830963665 -0.10520361990950226 -0.1483536364732843 -0.11534839924670433 -0.11973180076628354 -0.1158919985205277 0.07199602780536246 -0.10068365444375389 -0.018428326971172835
-0.03796693202694427 -0.03597122302158273 -0.029458418309539998 -0.11220358588779641 -0.050713527538624834 -0.14995867280670683 -0.044155525573408565 -0.26402238715172166 -0.27162075592568863 -0.16171389080856946 -0.1187318428697739 0.04162585700293829 -0.03448685931739802 -0.020688815869538763 -0.13876624195786552 -0.11572079281053797 -0.1905265943371262 -0.2351421188630491 -0.3539473684210526 -0.07487520798668884 -0.011478127789822727 -0.06765067650676507 -0.050803402646502835 -0.05714285714285714 0.14945993468977647 -0.021432173474533536 -0.39946559786239144 -0.37184254391588667 -0.35446762974852863 -0.11559023262534315 -0.048686739269698916 -0.011907597046915932 -0.019029495718363466 0.010921004732435385 -0.033561218147917966 0.05090054815974941 0.002700148508167948 -0.33042558815754697 -0.6694903675365487 -0.11440011440011441 -0.09748781402324709 -0.1541115583668775 -0.06358381502890173 -0.15337796713329274 -0.003691399040236251 -0.22338699613128665 -0.1470019342359768 -1.4694088733669641 -4.360107095046854 -0.5753184014053578 -0.05295566502463054 -0.12922002328288706 -0.06671189507010403 -0.2015411973918198 -0.1548591635166443 -0.15545330182813083 -0.2934078496126 -0.9832317073170731 -2.5983127839065543 -0.520471894517696 -0.02768082801781201 0.022131624927198605 -0.07797044105667403 -0.004801344376425401 -0.07763401109057302 -0.10461538461538462 -0.12580966616841055 -0.2314700812607732 -0.5820038289725591 -0.17422566371681417 -0.1161158606609672 -0.029561310157266173 -0.06022673594709495 -0.10220416204900876 -0.04777655273796398 -0.11780422637843091 -0.05983545250560955 -0.044893378226711564 -0.06542789845590158 -0.07856341189674523 -0.07989015104231681 0.013540961408259986 -0.09841628959276018 -0.14714750934748524 -0.12358757062146893 -0.10895593869731801 -0.13808408334360744 0.058341608738828196 -0.14045991298943444 -0.02106094510991181
-0.03919167176974892 -0.021357913669064747 -0.031724450487196916 -0.10526315789473684 -0.04953414317726147 -0.13106624158696423 -0.026983932294860784 -0.22143813115950847 -0.2575272261370916 -0.1326883206634416 -0.1376784135404825 0.040401567091087165 -0.04400047568081817 -0.02677376171352075 -0.15138135486312604 -0.10833435922688661 -0.18920349298756287 -0.19121447028423771 -0.3381578947368421 -0.059622850804215186 -0.014028822854227777 -0.06888068880688807 -0.04962192816635161 -0.0653061224489796 0.1444360713388596 -0.01638930912758447 -0.37808951235804944 -0.33081164251827155 -0.32504012841091495 -0.08958243028464094 -0.05124919923126201 0.005953798523457964 -0.014272121788772593 0.015774784613517775 -0.03977625854568055 0.0796136778908901 0.014850816794923722 -0.14538725878932066 -0.5232955321765268 -0.042900042900042894 -0.10373703287089116 -0.14606095457159288 -0.06705202312138728 -0.13390139987827146 -0.012304663467454168 -0.20965930363159865 -0.1521598968407479 -1.2210580778683224 -3.8112449799196795 -0.5035865905431123 -0.050492610837438424 -0.13387660069848661 -0.058796924468566256 -0.20746887966804978 -0.14998170954761614 -0.17659495087675658 -0.3404039121046615 -1.2258638211382116 -2.955223880597015 -0.5371269951422624 -0.038512456372608014 0.030285381479324407 -0.08146165483533108 0.009602688752850797 -0.08256315465187923 -0.096 -0.13826606875934228 -0.4814085200689485 -0.8462029355456284 -0.18252212389380532 -0.12121985453617454 -0.024831500532103583 -0.05786490316485593 -0.10220416204900876 -0.04287639348278819 -0.10080155452999758 -0.029917726252804776 -0.0024940765681506437 -0.022245485475006533 -0.06032547699214367 -0.08737985270253402 0.013540961408259986 -0.09049773755656107 -0.13388011096369562 -0.11417137476459509 -0.09698275862068965 -0.12205646652693872 0.05337636544190666 -0.13548788067122436 -2.7755575615628915e-18
-0.050214329454990804 -0.011241007194244604 -0.0407885791978246 -0.08444187391555812 -0.050713527538624834 -0.11571614122092337 -0.013491966147430395 -0.20927120087601897 -0.24599615631005767 -0.11610228058051139 -0.14904635594290766 0.04285014691478941 -0.05113568795338328 -0.015820859194353172 -0.15011984357259994 -0.11079650375477042 -0.17597247949192907 -0.16666666666666669 -0.32499999999999996 -0.06239600665557404 -0.03188368830506313 -0.06273062730627306 -0.047258979206049156 -0.045481049562682216 0.1369002763124843 -0.002521432173474533 -0.35404141616566465 -0.2923451724580074 -0.2982878544676298 -0.07224389539083947 -0.06021780909673287 0.0166706358656823 -0.014272121788772596 0.030336124256764956 -0.04723430702299565 0.08613938919342208 0.024301336573511544 -0.06872852233676977 -0.4399508129525892 -0.007150007150007151 -0.11998500187476566 -0.12995974698102358 -0.06242774566473989 -0.09981740718198416 -0.01845699520118125 -0.19343566704105833 -0.1470019342359768 -0.9662398137369035 -3.2195448460508707 -0.44503001024740163 -0.07758620689655174 -0.12339930151338767 -0.07236544549977386 -0.1873147599288678 -0.17314961590049993 -0.18530033577913194 -0.4255048901308268 -1.3681402439024393 -3.127839065541856 -0.5482303955586398 -0.04332651341918402 0.03145020384391381 -0.08378913068776911 0.014404033129276198 -0.08133086876155267 -0.10707692307692307 -0.1731439960139512 -1.009603545924649 -1.2214422463305676 -0.20326327433628316 -0.1263238484113819 -0.014189428875487764 -0.05550307038261691 -0.07634527767516315 -0.0404263138552003 -0.08501335924216662 0.0099725754176016 0.04115226337448559 0.006542789845590177 -0.047699214365881044 -0.10111097241293224 0.023696682464454978 -0.08936651583710406 -0.09649017006392474 -0.11064030131826744 -0.08022030651340996 -0.12452225372950312 0.048411122144985094 -0.1528899937849596 0.025009872318020265
-0.07715860379669319 -0.015737410071942445 -0.054384772263766146 -0.06940427993059572 -0.06722490859771199 -0.12516235683079466 -0.031890101803017296 -0.19953765664922737 -0.25496476617552855 -0.12301313061506565 -0.17178224074775797 0.037952987267384906 -0.07491972886193364 -0.031641718388706344 -0.16778100163996465 -0.13295580450572447 -0.19978830378406984 -0.17571059431524547 -0.3526315789473684 -0.08042151968940654 -0.04973855375589849 -0.06888068880688807 -0.04253308128544424 -0.04081632653061225 0.13062044712383825 -0.01260716086737267 -0.35404141616566465 -0.29619181946403383 -0.30898876404494385 -0.08091316283774022 -0.08199871877001921 0.009526077637532743 -0.022597526165556613 0.029122679286494358 -0.05469235550031075 0.07308796658835813 0.029701633589847447 -0.03436426116838488 -0.3538734799836044 -0.007150007150007147 -0.14623172103487064 -0.12880966072455438 -0.06936416184971098 -0.10103469263542302 -0.03199212501538083 -0.20716335954074633 -0.1405544809800129 -0.7709222610270338 -2.6506024096385543 -0.4055043185477968 -0.10591133004926108 -0.1292200232828871 -0.09950248756218906 -0.1849436870183758 -0.18778197780758443 -0.20146747916925753 -0.47377111647402514 -1.4049796747967478 -3.148604802076574 -0.5454545454545454 -0.07822842700686003 0.019801980198019802 -0.11753753054812055 0.006001680470531748 -0.10104744300677757 -0.15015384615384614 -0.26033881415047333 -1.6559960600837234 -1.5137204850031907 -0.24336283185840707 -0.14035983156820211 -0.021284143313231644 -0.07085498346717053 -0.08127077946065756 -0.049001592551757935 -0.09837260140879281 0.009972575417601593 -0.019952612545205146 -0.03925673907354095 -0.06313131313131312 -0.10984895768318563 0.018054615211013314 -0.09615384615384613 -0.1037269328187191 -0.11064030131826744 -0.09339080459770115 -0.12575514733078536 0.05213505461767627 -0.14916096954630204 0.021060945109911803
-0.07225964482547456 -0.016861510791366906 -0.05098572399728076 -0.0670908039329092 -0.06486613987498525 -0.1192584720746251 -0.0367962713111738 -0.1715537169972016 -0.24343369634849457 -0.1133379405666897 -0.17051913603637742 0.03060724779627815 -0.07135212272565108 -0.030424729219909945 -0.16525797905891257 -0.13788009356149206 -0.1997883037840698 -0.17700258397932814 -0.3513157894736842 -0.07071547420965058 -0.05356459635250606 -0.05904059040590406 -0.04725897920604915 -0.03148688046647231 0.11680482290881689 -0.002521432173474533 -0.36205744822979297 -0.30003846647006027 -0.31433921883360083 -0.082358040745557 -0.09224855861627161 0.015479876160990707 -0.021408182683158895 0.03761679407838855 -0.062150403977625855 0.08352910467240929 0.0216011880653436 0.006608511763150933 -0.29512228446509087 0.018590018590018596 -0.14998125234345705 -0.12075905692926972 -0.05780346820809249 -0.07790626902008521 -0.02953119232189 -0.19967552726818924 -0.1276595744680851 -0.601474582848273 -2.0589022757697455 -0.3367003367003367 -0.10960591133004927 -0.11757857974388826 -0.08932609678878337 -0.17783046828689983 -0.1841238873308133 -0.19276209426688223 -0.4902832465388035 -1.3871951219512195 -3.1044776119402986 -0.5079805690492714 -0.08906005536165604 0.018637157833430402 -0.13848481322006284 -0.0012003360941063494 -0.12199630314232901 -0.16246153846153846 -0.3388141504733433 -1.9194779610933264 -1.6030631780472242 -0.2447455752212389 -0.14418782697460764 -0.024831500532103583 -0.0661313179026925 -0.08373353035340475 -0.04777655273796398 -0.1105173670148166 -0.0112191473448018 -0.10849233071455296 -0.082439152054436 -0.06453423120089788 -0.11234552490325803 0.019183028661701646 -0.1018099547511312 -0.09649017006392474 -0.11064030131826744 -0.08620689655172414 -0.13438540253976078 0.05337636544190666 -0.1665630826600373 0.03159141766486771
-0.07838334353949784 -0.022482014388489208 -0.06458191706322229 -0.07056101792943899 -0.0743012147658922 -0.12043924902585901 -0.04660861032748682 -0.1569534006570142 -0.22934016655989753 -0.1078092605390463 -0.17936086901604142 0.02571008814887365 -0.08562254727078131 -0.01947182670074236 -0.18039611454522517 -0.13788009356149206 -0.21831172267795712 -0.18604651162790695 -0.3447368421052632 -0.06655574043261231 -0.05228924882030354 -0.060270602706027056 -0.05671077504725898 -0.037317784256559766 0.11178095955790004 -0.010085728693898132 -0.36606546426185715 -0.32055391716886783 -0.30363830925628676 -0.09825169773154169 -0.09224855861627164 0.014289116456299114 -0.02021883920076118 0.03518990413784735 -0.07582349285270354 0.08483424693291569 0.016200891049007696 0.018503832936822624 -0.2609646126520016 0.03003003003003003 -0.15123109611298588 -0.10005750431282348 -0.04971098265895955 -0.06208155812538041 -0.04552725482958041 -0.1871958068139274 -0.14829142488716957 -0.4397878670288449 -1.4564926372155291 -0.26643244034548386 -0.11330049261083745 -0.11175785797438882 -0.09158751696065129 -0.17308832246591582 -0.19387879526886964 -0.1977365999253824 -0.5169566874126762 -1.3452743902439024 -3.0084360804672294 -0.46495489243580845 -0.10109519797809603 0.029120559114735 -0.152449668334691 0.006001680470531749 -0.15157116451016633 -0.1723076923076923 -0.46088689586447434 -1.9958138389559221 -1.6502871729419273 -0.23368362831858405 -0.14418782697460764 -0.03192621496984746 -0.08266414737836561 -0.08250215490703115 -0.06860222957246111 -0.12266213262084043 -0.06856145599601098 -0.14590347923681257 -0.1059931954985606 -0.061728395061728406 -0.12233179378354764 0.02482509591514331 -0.11425339366515834 -0.08563502593173321 -0.12829566854990584 -0.0886015325670498 -0.17137221057822707 0.04220456802383317 -0.19639527656929773 0.03027510859549822
-0.06981016533986527 -0.017985611510791366 -0.05098572399728076 -0.07056101792943897 -0.06604552423634863 -0.11689691817215728 -0.030663559425978166 -0.1411363912884779 -0.18705957719410635 -0.0995162404975812 -0.16799292661361628 0.028158667972575907 -0.06778451658936854 -0.004867956675185592 -0.17787309196417309 -0.12680044318601502 -0.214342418629267 -0.16537467700258396 -0.325 -0.04853022739877981 -0.05611529141691111 -0.06765067650676507 -0.05907372400756143 -0.045481049562682216 0.10926902788244161 -0.020171457387796268 -0.3540414161656647 -0.30901397615078857 -0.27421080791867314 -0.0953619419159081 -0.09224855861627164 0.02976899261728983 -0.014272121788772596 0.042470573959470945 -0.07582349285270354 0.09919081179848603 0.022951262319427568 0.03832936822627544 -0.21587648585872382 0.04147004147004148 -0.14873140857392825 -0.08280621046578493 -0.03930635838150289 -0.04625684723067559 -0.04921865386981665 -0.184699862723075 -0.14442295293359123 -0.31431897555296856 -0.8634538152610445 -0.2137315180793442 -0.10098522167487686 -0.09429569266589057 -0.06558118498417007 -0.15886188500296383 -0.18290452383855627 -0.19400572068150726 -0.5080655404547187 -1.2627032520325203 -2.789097988319273 -0.4038861901457321 -0.11072331207124804 0.034944670937682006 -0.15361340626091002 0.004801344376425399 -0.16512630930375843 -0.18953846153846152 -0.5343796711509715 -2.072149716818518 -1.6502871729419275 -0.22538716814159293 -0.1365318361617966 -0.03665602459501005 -0.07085498346717053 -0.08742765669252554 -0.07350238882763689 -0.13845032790867137 -0.09598603839441536 -0.17832647462277093 -0.0902904998691442 -0.05892255892255892 -0.106104106853077 0.03385240352064996 -0.10294117647058823 -0.08925340730913038 -0.12594161958568742 -0.08261494252873562 -0.1726051041795093 0.05585898709036744 -0.19390926041019269 0.05528498091351849
-0.07225964482547458 -0.017985611510791366 -0.06911398141853614 -0.07403123192596876 -0.08137752093407241 -0.11453536426968947 -0.04538206795044769 -0.12653607494829056 -0.18065342729019862 -0.08984105044920525 -0.1780977643046609 0.026934378060724778 -0.08562254727078131 -0.010952902519167581 -0.20688785164627227 -0.11941400960236363 -0.2513892564170416 -0.1421188630490956 -0.3394736842105263 -0.04159733777038269 -0.036985078433873234 -0.06150061500615006 -0.030718336483931945 -0.058309037900874626 0.1193167545842753 -0.02521432173474534 -0.3486973947895792 -0.2936273881266829 -0.24344569288389514 -0.0953619419159081 -0.10121716848174249 0.038104310550130985 -0.026165556612749764 0.04732435384055334 -0.08328154133001865 0.12268337248760113 0.006750371270419874 0.07798043880518106 -0.20084711026096458 0.07007007007007009 -0.14623172103487064 -0.06670500287521564 -0.04971098265895954 -0.035301278149726105 -0.06398425003076166 -0.16598028204168228 -0.15860735009671179 -0.21083947742853443 -0.4390896921017403 -0.1654223393353828 -0.08620689655172416 -0.07916181606519207 -0.05314337403889643 -0.15767634854771784 -0.17924643336178514 -0.19027484143763213 -0.5093357043058554 -1.140752032520325 -2.4153147306943543 -0.3289382373351838 -0.11072331207124805 0.046592894583576 -0.1582683579657861 0.013203697035169848 -0.18237831176833025 -0.2129230769230769 -0.587942202291978 -2.0906180743659197 -1.6477345245692407 -0.21155973451327434 -0.14035983156820214 -0.022466595719522288 -0.09329239489844118 -0.08989040758527274 -0.10045326473110376 -0.14209375759047851 -0.14210919970082272 -0.18580870432722285 -0.0981418476838524 -0.05892255892255892 -0.10860067407314941 0.033852403520649964 -0.11085972850678734 -0.10252080569292003 -0.1424199623352166 -0.09458812260536398 -0.1873998273948958 0.03723932472691162 -0.2113113735239279 0.04870343556667105
-0.06736068585425597 -0.016861510791366906 -0.06571493315205076 -0.07981492192018509 -0.08019813657270905 -0.10981225646475382 -0.031890101803017296 -0.11680253072149897 -0.14093529788597053 -0.09122322045611611 -0.1780977643046609 0.028158667972575907 -0.08681174931620883 -0.018254837531945966 -0.21067238551785036 -0.11941400960236363 -0.2500661550674782 -0.11757105943152453 -0.31842105263157894 -0.038824181919023856 -0.028057645708455554 -0.05781057810578105 -0.02362948960302457 -0.06297376093294461 0.1281085154483798 -0.02395360564800807 -0.33533734134936544 -0.28593409411463006 -0.20599250936329586 -0.0968068198237249 -0.08584240871236389 0.038104310550130985 -0.013082778306374882 0.04368401892974154 -0.07085146053449348 0.12529365700861392 0.010800594032671796 0.08194554586307164 -0.17352097281049322 0.06435006435006438 -0.15998000249968752 -0.04945370902817712 -0.05664739884393064 -0.021911138161898963 -0.07751937984496124 -0.14476475726943716 -0.15473887814313345 -0.09442504203854611 -0.11646586345381527 -0.10832967354706484 -0.08251231527093597 -0.07101280558789289 -0.06105834464043419 -0.14582098399525784 -0.1841238873308133 -0.18778758860838202 -0.5004445573478977 -1.0124491869918697 -1.881894873458793 -0.2512144344205412 -0.11433385485618006 0.0500873616773442 -0.17456068893285231 0.012003360941063499 -0.20455945779420825 -0.24246153846153842 -0.6078724464374688 -2.1029303127308543 -1.6324186343331206 -0.20326327433628322 -0.14546382544340947 -0.02246659571952229 -0.08974964572508265 -0.08373353035340474 -0.11270366286904325 -0.1505950935146952 -0.15706806282722513 -0.1883027808953735 -0.07197068830149174 -0.05751964085297419 -0.10360753963300462 0.023696682464454978 -0.11425339366515837 -0.13146785671209746 -0.14595103578154425 -0.12452107279693485 -0.19479718900258908 0.013654419066534262 -0.2175264139216905 0.038172963011715154
-0.06736068585425596 -0.012365107913669064 -0.05665080444142308 -0.07171775592828225 -0.07783936784998231 -0.09800448695241468 -0.03311664418005642 -0.09855213529626476 -0.11274823830877642 -0.07878369039391844 -0.1818870784388026 0.02571008814887365 -0.08086573908907121 -0.019471826700742365 -0.21067238551785036 -0.11818293733842175 -0.2487430537179148 -0.10852713178294573 -0.29078947368421054 -0.04021075984470327 -0.03188368830506313 -0.05412054120541206 -0.022448015122873345 -0.05830903790087465 0.1281085154483798 -0.0151285930408472 -0.3366733466933868 -0.2641364277471471 -0.1939539860888175 -0.08524779656119058 -0.09352978859705319 0.03929507025482258 -0.015461465271170316 0.04853779881082393 -0.07085146053449347 0.12659879926912032 0.014850816794923722 0.08458895056833202 -0.14482852848749833 0.07150007150007151 -0.1649793775778028 -0.041403105232892465 -0.05549132947976879 -0.010955569080949482 -0.07259751445797957 -0.12604517658804443 -0.13152804642166344 -0.04785926788255077 -0.07630522088353416 -0.0834431269213878 -0.08251231527093597 -0.05820721769499417 -0.06897331524197196 -0.13515115589804386 -0.19631752225338372 -0.17162044521825642 -0.45471865870697326 -0.7405995934959348 -1.2550292018170022 -0.17071478140180432 -0.10711276928631605 0.052417006406523005 -0.17688816478529032 0.010803024846957148 -0.21565003080714726 -0.24738461538461537 -0.6128550074738415 -2.0573750307805954 -1.486917677089981 -0.17007743362831862 -0.14673982391221133 -0.030743762563556813 -0.09211147850732168 -0.08619628124615195 -0.11882886193801298 -0.15788195287830945 -0.18324607329842932 -0.18705574261129815 -0.12169589112797696 -0.05892255892255892 -0.08613156909249782 0.014669374858948323 -0.11085972850678731 -0.13870461946689183 -0.13653483992467041 -0.13170498084291188 -0.1837011465910492 0.004965243296921551 -0.1864512119328776 0.03422403580360669
-0.06246172688303736 0.008992805755395683 -0.053251756174937694 -0.049739733950260254 -0.07665998348861894 -0.07438894792773644 -0.031890101803017296 -0.07056819564423897 -0.08071748878923768 -0.0691085003455425 -0.1755715548818997 0.025710088148873655 -0.07135212272565108 -0.015820859194353172 -0.2031033177746941 -0.1280315154499569 -0.2341889388727177 -0.09819121447028423 -0.2578947368421053 -0.04437049362174154 -0.035709730901670705 -0.04797047970479705 -0.02599243856332703 -0.061807580174927115 0.13062044712383825 -0.013867876954109931 -0.32064128256513025 -0.25516091806641883 -0.15783841626538253 -0.08669267446900739 -0.1037796284433056 0.04763038818766373 -0.011893434823977164 0.046110908870282734 -0.06836544437538845 0.12920908379013313 0.027001485081679495 0.09251916468411313 -0.1052056291843148 0.06435006435006435 -0.16997875265591803 -0.03565267395054629 -0.05433526011560693 -0.01704199634814364 -0.07628891349821584 -0.11980531636091352 -0.11476466795615733 -0.01034794981244341 -0.04417670682730924 -0.06148440931049628 -0.08374384236453203 -0.03259604190919674 -0.06331976481230214 -0.13989330171902786 -0.1926594317766126 -0.16042780748663105 -0.37977899148990224 -0.45477642276422764 -0.8280337443218692 -0.1054823039555864 -0.10350222650138405 0.06755969714618519 -0.1827068544163854 0.018005041411595247 -0.21811460258780038 -0.23876923076923076 -0.5991529646238167 -1.9268653041122874 -1.209955328653478 -0.13274336283185845 -0.149291820849815 -0.016554333688069054 -0.10037789324515825 -0.08619628124615195 -0.13107926007595247 -0.1700267184843333 -0.21191722762403392 -0.1957850105998254 -0.15702695629416383 -0.057519640852974174 -0.08862813631257022 0.024825095915143307 -0.10859728506787329 -0.14473525509588714 -0.13771186440677965 -0.14128352490421453 -0.1837011465910492 0.014895729890764643 -0.15413300186451215 0.03554034487297618
-0.06368646662584201 -0.0022482014388489208 -0.05778382053025153 -0.04626951995373048 -0.07783936784998231 -0.08147360963513992 -0.0367962713111738 -0.06691811655919212 -0.057655349135169766 -0.08154803040774014 -0.16672982190223568 0.02081292850146915 -0.066595314543941 -0.013386880856760375 -0.1879651822883815 -0.12680044318601502 -0.21566551997883043 -0.08914728682170542 -0.2276315789473684 -0.04714364947310038 -0.036985078433873234 -0.05412054120541206 -0.02717391304347826 -0.053644314868804666 0.13313237879929668 -0.02395360564800807 -0.3059452237808951 -0.2679830747531735 -0.12573568753344028 -0.11270047680970958 -0.10249839846252404 0.041676589664205774 -0.008325404376784015 0.05703191360271812 -0.05966438781852083 0.11354737666405638 0.03375185635209937 0.07005022468939995 -0.08061210547889056 0.034320034320034325 -0.17497812773403326 -0.03335250143760782 -0.05664739884393064 -0.009738283627510651 -0.07874984619170666 -0.10358167977037314 -0.10315925209542232 -0.005173974906221714 -0.04685408299866131 -0.057092665788317974 -0.08497536945812809 -0.029103608847497093 -0.05766621438263231 -0.1102548903378779 -0.18900134129984147 -0.13804253202338018 -0.3048393242728312 -0.19690040650406507 -0.4010382868267358 -0.06384455239417072 -0.09989168371645205 0.06639487478159581 -0.18852554404748048 0.008402352658744446 -0.22057917436845348 -0.2436923076923077 -0.5854509217737918 -1.6744644176311252 -0.9329929802169753 -0.10508849557522122 -0.15184381778741868 -0.02601395293839423 -0.1086443079829948 -0.08127077946065754 -0.14332965821389196 -0.1870293903327666 -0.24058838194963847 -0.2394313505424616 -0.1923580214603507 -0.07435465768799102 -0.08987641992260642 0.01579778830963665 -0.11199095022624432 -0.1387046194668918 -0.14241996233521656 -0.1628352490421456 -0.1837011465910492 -0.0012413108242303877 -0.12181479179614671 0.007897854416216935
-0.0612369871402327 -0.011241007194244604 -0.05778382053025154 -0.05320994794679005 -0.089633211463616 -0.08737749439130947 -0.05151477983564332 -0.04866772113395791 -0.05124919923126201 -0.0884588804422944 -0.171782240747758 0.017140058765915768 -0.06778451658936853 -0.026773761713520743 -0.19301122745048566 -0.12064508186630556 -0.21963482402752055 -0.06976744186046512 -0.20921052631578946 -0.040210759844703264 -0.03188368830506313 -0.060270602706027056 -0.03544423440453686 -0.06997084548104957 0.1281085154483798 -0.03908219868885527 -0.323313293253173 -0.28208744710860373 -0.1297485286249331 -0.13003901170351106 -0.09352978859705319 0.03334127173136461 -0.011893434823977164 0.05096468875136513 -0.058421379738968306 0.10963194988253719 0.025651410827595516 0.06740681998413958 -0.06285011613608417 0.022880022880022884 -0.1762279715035621 -0.04600345025876941 -0.05549132947976879 -0.02678027997565429 -0.08490217792543374 -0.11231748408835643 -0.11476466795615732 -0.025869874531108533 -0.06291834002677375 -0.060020494803103494 -0.06896551724137931 -0.036088474970896386 -0.04748982360922659 -0.11618257261410789 -0.17680770637727106 -0.1355552791941301 -0.2324399847580338 -0.04192073170731708 -0.18948734587929913 -0.03608605135322692 -0.08665302683836804 0.0687245195107746 -0.18154311649016638 0.010803024846957146 -0.22057917436845348 -0.2276923076923077 -0.550572994519183 -1.1487318394484116 -0.5513720485003191 -0.06775442477876106 -0.15822381013142783 -0.04729809625162588 -0.10628247520075577 -0.12067479374461272 -0.16048021560700726 -0.22589264027204276 -0.2929444028920468 -0.3017832647462277 -0.23292331850300968 -0.09960718294051626 -0.0923729871426788 0.009027307605506657 -0.12556561085972848 -0.15800265347967676 -0.1553672316384181 -0.17840038314176243 -0.20096165700900012 -0.007447864945382324 -0.11932877563704167 -0.013163090693694882
