0.07847946045370938 -0.03147128245476003 0.1316386745347254 -0.0057877069105220485 0.12990080302314594 0.0011818933932159319 0.039258986627407684 0.07794422116672756 0.010249839846252402 -0.03733923385423869 0.06579779830444135 0.07102620622091599 0.13577894235350166 -0.024330900243309 0.018927444794952685 -0.02827984753473503 -0.08603573792190602 0.029711923524092486 -0.032942416655685855 0.01665278934221482 0.014030612244897961 0.11212419911286349 0.14545884578997162 0.07006890108606796 0.04395880432052248 0.12378426171529622 -0.09456579648375067 0.07796523517382413 -0.10561497326203209 0.04769475357710652 -0.0025641025641025632 -0.020245325711563657 0.03689597714829802 -0.03883966500788931 0.05351586807716242 0.05617977528089888 -0.08097165991902834 0.05936675461741425 -0.06826870562534135 -0.014281633818908884 0.03254067584480601 -0.06442705936493329 0.09145635563787916 -0.107095046854083 0.014772867167302717 -0.06245316012990256 -0.061919504643962855 -0.09699948266942575 0.005361211633829244 -0.027818448023426062 -0.023430755950178815 0.07471398552416529 -0.03398278205709108 -0.08902077151335314 2.7755575615628915e-18 0.1819995013712291 -0.047085772461186046 0.14365624205441138 -0.03381454025230849 0.13609220941535896 -0.036148933606458614 -0.30405405405405406 -1.2657636618402617 -0.6872521927189716 -0.15688696726374304 -0.049358341559723594 -0.07363954068896654 -0.032063139721297325 -0.040863235857489466 -0.08430071862907683 -0.054980181562460054 -0.2566528681253696 -0.7136094674556214 -0.6843403205918619 -0.12519945992389836 -0.11071906557975424 -0.08613156909249782 -0.12476606363069245 -0.054995417048579284 -0.04211117349803481 0.0662997247935952 0.0022583559168925012 0.041973908111174144 -0.08942598187311179 0.02832526849994098 0.021593090211132437 -0.048183839881393624 -0.03227808814400993 -0.023643603782976603 -0.02236842105263158
0.08093194359288779 -0.03709115432168146 0.12482977757603268 -0.032411158698923484 0.12871988663202646 -0.0047275735728637275 0.04539320328794013 0.08403361344537816 0.0076873798846893 -0.04010510302862674 0.060736429204099704 0.06367866764633848 0.13339685564554551 -0.04136253041362531 0.023974763406940068 -0.03565719906553547 -0.07809397749834547 0.02842010076217543 -0.025036236658321255 0.011101859561476548 0.002551020408163264 0.10842779694430756 0.1348155156102176 0.04904823076024757 0.033911077618688765 0.11620563344701278 -0.10255727224294087 0.07413087934560328 -0.10962566844919786 0.0332417979476803 -0.005128205128205127 -0.016672621174228887 0.035705784337062604 -0.05704575798033742 0.05102675793403858 0.05356676247713614 -0.0796221322537112 0.06596306068601585 -0.07509557618787546 -0.022850614110254214 0.0362953692115144 -0.06442705936493329 0.08914100486223664 -0.13386880856760375 0.0184660839591284 -0.07244566575068698 -0.05030959752321982 -0.09441282979824107 0.008041817450743866 -0.03367496339677892 -0.01849796522382538 0.06187251926219939 -0.05097417308563661 -0.13056379821958458 1.7347234759768072e-19 0.16704063824482673 -0.03435988801221685 0.14111365369946607 -0.02210950708804786 0.12081655325649217 -0.05542836486323653 -0.3634669151910531 -1.8496029892573564 -0.9671993271656856 -0.19394688079061148 -0.07897334649555773 -0.09360958562156765 -0.048094709581945984 -0.05874090154514111 -0.09950248756218905 -0.06265183480373354 -0.29568302779420463 -1.0449704142011833 -0.8840937114673242 -0.14852092794893829 -0.12410268889159266 -0.09112470353264261 -0.13349968808484092 -0.06416131989000917 -0.04491858506457046 0.06504878658994245 -0.009033423667570007 0.026091888825865012 -0.11722054380664652 0.02478460993744836 0.008397312859884837 -0.05312577217692118 -0.0409683426443203 -0.022399203583872575 -0.04473684210526315
0.08461066830165542 -0.05170282117567719 0.12369496141625058 -0.04282903113786317 0.129900803023146 -0.017728400898238978 0.04907373328425961 0.06820119352088662 0.0012812299807815491 -0.05946618724934312 0.05694040237884347 0.0624540778839089 0.12505955216769887 -0.0364963503649635 0.017665615141955835 -0.034427640477068734 -0.08603573792190602 0.024544632476424237 -0.0382132033205956 0.006938662225922843 0.0012755102040816313 0.1047313947757516 0.12535477767265849 0.028027560434427178 0.0276312484300427 0.10736390046734874 -0.11054874800213106 0.07285276073619631 -0.11363636363636365 0.03468709351062292 -0.005128205128205128 -0.026199833273788255 0.0416567483932397 -0.07161063235829591 0.05849408836341008 0.03919519205644108 -0.06612685560053981 0.052770448548812667 -0.07919169852539595 -0.03856041131105399 0.028785982478097622 -0.07823285780027613 0.07872192637184534 -0.14603870025556773 0.009848578111535146 -0.07869098176367724 -0.052889576883384935 -0.10863942058975687 0.001340302908457308 -0.04978038067349927 -0.019731162905413737 0.05720289516693906 -0.05777072949705483 -0.16023738872403565 0.0 0.15706806282722513 -0.024179180453041484 0.1398423595219934 -0.018207829366627647 0.1152617691987224 -0.07470779612001446 -0.44151910531220884 -2.417094815506773 -1.214706235732308 -0.23100679431747992 -0.12092793682132279 -0.11732401397903143 -0.08139104698483166 -0.09066530455880475 -0.13266998341625208 -0.06393044367727913 -0.34180958013010054 -1.3301775147928994 -1.0480887792848335 -0.17061495028844975 -0.15208662854361843 -0.09736612158282362 -0.15970056144728634 -0.07070839334817337 -0.06737787759685569 0.061295971978984246 -0.03274616079494128 0.018150879183210435 -0.14501510574018125 0.016523073291632245 -0.01199616122840691 -0.05189028910303929 -0.06455617628801986 -0.02613240418118467 -0.06578947368421052
0.08461066830165541 -0.05282679554906148 0.1123467998184294 -0.045144113902072 0.11809163911195089 -0.004727573572863727 0.03312476996687523 0.0815978565339179 -0.017937219730941707 -0.03457336467985064 0.058205744653928894 0.0624540778839089 0.1238685088137208 -0.043795620437956206 0.01766561514195583 -0.03565719906553547 -0.08074123097286566 0.019377341428755974 -0.04348398998550534 0.012489592006661115 -0.005102040816326532 0.11089206505667817 0.1229895931882687 0.02802756043442719 0.020095453403667425 0.11873184286977392 -0.11188066062866275 0.081799591002045 -0.11363636363636362 0.0462494580141639 -0.0038461538461538464 -0.017863522686673808 0.034515591525827186 -0.07525185095278554 0.05724953329184816 0.05356676247713614 -0.06882591093117409 0.05672823218997362 -0.10376843255051882 -0.03570408454727221 0.02377972465581978 -0.07823285780027613 0.06830284788145405 -0.15577461360593892 0.008617505847593254 -0.0849362977766675 -0.042569659442724464 -0.13321262286601138 0.006701514542286556 -0.06588579795021962 -0.02096436058700209 0.05720289516693906 -0.06456728590847305 -0.16735905044510388 -1.3877787807814458e-18 0.16579406631762653 -0.013998472893866118 0.14238494787693873 -0.013005592404734034 0.11942785724204971 -0.09398722737679238 -0.5044268406337372 -2.984586641756189 -1.368496936200889 -0.2680667078443484 -0.13203356367226063 -0.14103844233649526 -0.09125662843753854 -0.12258970757246841 -0.1299060254284135 -0.06009461705664239 -0.3630987581312833 -1.6142011834319525 -1.1356350184956843 -0.19393641831348965 -0.15817009368536317 -0.09861440519285983 -0.17217716781035558 -0.07725546680633757 -0.06737787759685569 0.05253940455341507 -0.03048780487804878 0.009075439591605217 -0.15347432024169183 0.008261536645816124 -0.010796545105566218 -0.055596738324684945 -0.06083178150217257 -0.03733200597312096 -0.05394736842105262
0.07480073574494175 -0.046082949308755755 0.10894235133908306 -0.0335687000810279 0.10628247520075577 0.0011818933932159297 0.014722119985277875 0.08281573498964803 -0.03331197950032031 -0.04010510302862675 0.03163355687713527 0.06122948812147931 0.1083849452120057 -0.03527980535279805 0.0 -0.03196852330013525 -0.09927200529450696 0.012918227619170653 -0.0540255633153248 0.00832639467110741 -0.008928571428571428 0.12690980778708724 0.10761589403973512 0.04204134065164077 0.011303692539562923 0.13009978527219906 -0.11321257325519445 0.08691206543967281 -0.11096256684491979 0.05781182251770487 -0.011538461538461539 -0.023818030248898413 0.016662699357295887 -0.07646559048428206 0.04231487243310517 0.04442121766396655 -0.0796221322537112 0.05013192612137203 -0.10649918077553247 -0.03856041131105399 0.018773466833541926 -0.0839852738150023 0.05325306783977772 -0.16429353778751368 0.0036932167918256814 -0.09367974019485387 -0.03998968008255934 -0.14614588722193483 0.0013403029084573096 -0.07174231332357246 -0.022197558268590455 0.040859210833527906 -0.08269143633892162 -0.17566765578635019 -0.002445286709866727 0.16205435053602593 -0.007635530669381513 0.14874141876430208 -0.0026011184809468053 0.12776003332870434 -0.11447162308711893 -0.603448275862069 -3.5649229332087815 -1.4862429412471463 -0.3075972822730081 -0.1567127344521224 -0.16350474288567152 -0.11345418670612899 -0.14046737326012004 -0.15063571033720288 -0.07032348804500703 -0.39030159668835007 -1.7550295857988167 -1.1701602959309494 -0.21112065791088747 -0.16303686579875895 -0.10860067407314941 -0.1834061135371179 -0.0811837108812361 -0.08141493542953396 0.03377533149862398 -0.03952122854561879 -0.017016449234259788 -0.14259818731117826 -0.0011802195208308732 -0.01199616122840691 -0.06548060291574005 -0.06579764121663564 -0.04355400696864111 -0.052631578947368404
0.08461066830165542 -0.041587051815218615 0.11007716749886517 -0.0335687000810279 0.11572980632971186 0.00590946696607966 0.03067108330266225 0.08525149190110828 -0.03715566944266496 -0.03042456091826857 0.04049095280273314 0.06612784717119766 0.10719390185802762 -0.0340632603406326 -0.006309148264984228 -0.03934587483093569 -0.09265387160820648 0.00775093657150239 -0.05534325998155225 0.011101859561476548 0.014030612244897961 0.13060620995564318 0.11825922421948912 0.0467126007240453 0.023863350916855063 0.13894151825186307 -0.09456579648375066 0.07796523517382413 -0.09759358288770054 0.0664835958953606 -0.0012820512820512831 -0.01548171966178397 0.02261366341347298 -0.07282437188979243 0.04978220286247667 0.04311471126208518 -0.05263157894736843 0.04221635883905013 -0.09830693610049154 -0.037132247929163094 0.03754693366708385 -0.07593189139438564 0.07293354943273907 -0.1703784836314957 0.012310722639418934 -0.09867599300524607 -0.02579979360165119 -0.1551991722710812 0.005361211633829244 -0.0746705710102489 0.007399186089530151 0.023348120476301658 -0.08948799275033983 -0.18397626112759646 0.020784937033867225 0.1433557716280229 0.019088826673453806 0.1284007119247394 0.01560671088568084 0.11665046521316484 -0.10965176527292445 -0.7304287045666356 -4.170948155067726 -1.5811606391925985 -0.3100679431747993 -0.17275419545903256 -0.14852720918622067 -0.130718954248366 -0.13791342101902695 -0.15754560530679934 -0.05242296381536887 -0.39976345357776466 -1.8000000000000003 -1.1775585696670774 -0.2074383208543022 -0.16547025185545686 -0.10111097241293224 -0.19089207735495944 -0.09034961372266598 -0.08001122964626614 0.04878658994245685 -0.04065040650406504 -0.026091888825865005 -0.14018126888217525 0.00236043904166175 -0.017994241842610365 -0.046948356807511735 -0.07200496585971447 -0.032354405176704834 -0.05
0.09442060085836909 -0.04046307744183432 0.11121198365864729 -0.028938534552610258 0.13226263580538497 0.014182720718591182 0.04784688995215311 0.0937766410912191 -0.014093529788597053 -0.024892822569492462 0.050613691003416415 0.06000489835904972 0.11076703191996189 -0.03771289537712895 -0.0025236593059936906 -0.03688675765400221 -0.08868299139642621 0.009042759333419456 -0.05797865331400711 0.01665278934221482 0.014030612244897961 0.12198127156234598 0.1170766319772942 0.036202265561135115 0.030143180105501134 0.13388909940634078 -0.08790623335109216 0.07413087934560328 -0.08689839572192513 0.06359300476947535 0.0025641025641025645 -0.02262712873645349 0.021423470602237565 -0.07646559048428206 0.06347230864965776 0.05095374967337339 -0.04318488529014845 0.05013192612137203 -0.08465319497542327 -0.03141959440159955 0.03504380475594493 -0.08743672342383801 0.07061819865709655 -0.16794450529390287 0.007386433583651361 -0.0849362977766675 -0.02579979360165119 -0.14743921365752716 0.008041817450743867 -0.06734992679355783 0.009865581452706867 -0.002334812047630175 -0.1325328500226552 -0.20415430267062312 0.018339650324000492 0.13462976813762154 0.02290659200814457 0.11950165268243071 0.014306151645207437 0.10276350506874046 -0.11567658754066754 -0.8748835041938492 -4.893741242410089 -1.665264928511354 -0.30142063001853 -0.19249753208292203 -0.14228657014478283 -0.16524848933284003 -0.12769761205465457 -0.17827529021558872 -0.03835826620636747 -0.4033116499112951 -1.8355029585798817 -1.168927250308261 -0.1988462010556033 -0.15208662854361846 -0.09486955436275121 -0.18215845290081095 -0.08249312557286892 -0.07018528916339134 0.058794095571678764 -0.046296296296296294 -0.015882019285309135 -0.14259818731117824 0.010621975687477869 -0.028790786948176585 -0.037064492216456635 -0.08690254500310367 -0.02862120457939273 -0.0631578947368421
0.09442060085836909 -0.0427110261886029 0.0964593735814798 -0.028938534552610258 0.12281530467642891 0.021274081077886774 0.03925898662740768 0.09743027645840946 -0.021780909673286355 -0.019361084220716362 0.04428697962798937 0.05755571883419054 0.07741781800857551 -0.04987834549878345 -0.029022082018927448 -0.03811631624246895 -0.12177365982792854 0.01291822761917065 -0.0764264066411912 0.0263669164585068 0.01913265306122449 0.11089206505667815 0.10052034058656574 0.018685040289618125 0.030143180105501134 0.11999494758115445 -0.07991475759190196 0.05368098159509203 -0.07620320855614973 0.04914004914004913 0.0012820512820512827 -0.025008931761343334 0.008331349678647943 -0.08374802767326131 0.054760423148724334 0.0548732688790175 -0.049932523616734156 0.043535620052770445 -0.09011469142545059 -0.03570408454727221 0.04630788485607008 -0.08398527381500231 0.04978004167631396 -0.17037848363149566 0.001231072263941893 -0.06994753934549089 -0.028379772961816308 -0.13709260217278843 0.010722423267658491 -0.0527086383601757 0.008632383771118508 -0.02685033854774691 -0.19483461712732214 -0.2255192878338279 0.019562293678933855 0.13089005235602094 0.031814711122423005 0.10933129926264937 0.02601118480946807 0.09582002499652827 -0.1433907699722858 -1.0985554520037277 -5.660906118636151 -1.722936441187072 -0.32242124768375546 -0.2110069101678184 -0.16600099850224664 -0.19361203600937232 -0.14685225386285278 -0.19347705914870092 -0.04858713719473213 -0.41513897102306335 -1.8698224852071008 -1.1467324290998764 -0.21725788633852955 -0.14600316340187372 -0.11733865934340285 -0.1796631316281971 -0.10213434594736152 -0.06737787759685569 0.06504878658994247 -0.0440379403794038 -0.015882019285309135 -0.14622356495468278 0.012982414729139621 -0.019193857965451054 -0.03953545836422041 -0.07945375543140908 -0.029865604778496764 -0.05657894736842106
0.10055180870631515 -0.05395076992244576 0.10213345438039038 -0.05093182081259405 0.12871988663202644 0.010637040538943387 0.05643479327689854 0.09012300572402873 -0.015374759769378604 -0.027658691743880515 0.054409717828672655 0.06367866764633848 0.05121486422105764 -0.057177615571776155 -0.01892744479495268 -0.025820730357801545 -0.0900066181336863 0.02325280971450717 -0.059296349980234565 0.037468776019983344 0.0076530612244897975 0.11089206505667817 0.07805108798486281 0.018685040289618125 0.021351419241396635 0.13136288998357962 -0.08923814597762388 0.06390593047034765 -0.09358288770053477 0.060702413643590115 -0.002564102564102563 -0.013099916636894127 1.3877787807814458e-18 -0.08738924626775094 0.059738643434972 0.061405800888424344 -0.04048582995951418 0.044854881266490766 -0.0860185690879301 -0.03141959440159954 0.052565707133917394 -0.07593189139438564 0.030099560083352628 -0.16916149446269926 0.007386433583651359 -0.04996252810392208 -0.02192982456140351 -0.12415933781686499 -6.938893903907229e-19 -0.04099560761346997 0.003699593044765076 -0.07588139154798039 -0.2650657000453104 -0.2540059347181009 0.020784937033867225 0.12590376464722014 0.0432680071264953 0.10297482837528604 0.029912862530888283 0.09443132898208581 -0.17471984576454994 -1.4340633737185462 -6.300794021485287 -1.7697945452360926 -0.3248919085855467 -0.2307502467917078 -0.17848227658512233 -0.21580959427796276 -0.16728387179159748 -0.21697070204532892 -0.04602991944764096 -0.43169722057953874 -1.8402366863905324 -1.0752157829839701 -0.1963913096845465 -0.1350529261467332 -0.10111097241293224 -0.16593886462882096 -0.10213434594736152 -0.054744525547445244 0.06755066299724793 -0.051942186088527555 -0.011344299489506526 -0.12567975830815709 0.017703292812463117 -0.007197696737044146 -0.02223869532987398 -0.06952203600248294 -0.02862120457939273 -0.05394736842105263
0.10545677498467199 -0.048330898055524325 0.11121198365864729 -0.03935640699154995 0.13108171941426547 0.017728400898238978 0.060115323273218016 0.09255876263548898 -0.019218449711723255 -0.02627575715668649 0.062001771479185105 0.07347538574577515 0.03573130061934256 -0.029197080291970805 -0.01135646687697161 -0.00737735153080044 -0.08471211118464593 0.043921973905180205 -0.06983792331005403 0.0568970302525673 0.021683673469387755 0.11458846722523411 0.07450331125827814 0.011678150181011327 0.02888721426777192 0.12504736642667674 -0.09190197123068726 0.057515337423312884 -0.10695187165775402 0.0592571180806475 0.00641025641025641 -0.007145409074669519 -0.00476077124494168 -0.07889306954727514 0.06969508400746732 0.07055134570159394 -0.0377867746288799 0.0395778364116095 -0.08192244675040963 -0.01856612396458155 0.058823529411764705 -0.07363092498849517 0.011576753878212545 -0.1594255811123281 0.007386433583651359 -0.03497376967274544 -0.032249742002063986 -0.10863942058975687 -0.00938212035920118 -0.013177159590043924 -0.009865581452706867 -0.12958206864347419 -0.3341640235613955 -0.26112759643916916 0.01833965032400049 0.13961605584642237 0.027996945787732253 0.12204424103737606 0.020808947847574456 0.1083182891265102 -0.18315459693939032 -1.8616029822926374 -6.617234936945353 -1.7205334614922503 -0.30142063001853 -0.23938795656465944 -0.16974538192710936 -0.2380071525465532 -0.16600689567105095 -0.23079049198452178 -0.044751310574095385 -0.4257835600236547 -1.6911242603550296 -0.9753390875462392 -0.17920707008714865 -0.11923591677819687 -0.11733865934340285 -0.14597629444791016 -0.11653790755532276 -0.03930376193149916 0.06755066299724793 -0.046296296296296294 0.01928530913216108 -0.09425981873111783 0.018883512333293995 0.0011996161228406909 -0.038299975290338524 -0.060831781502172576 -0.04604280736684918 -0.04868421052631579
0.1079092581238504 -0.03371923120152861 0.10667271901951884 -0.0219932862599838 0.1358053849787435 0.030729228223614225 0.05766163660900504 0.10717330410425038 -0.024343369634849458 -0.008297607523164156 0.06579779830444135 0.07347538574577515 0.027393997141495957 -0.03649635036496351 -0.007570977917981074 -0.011066027296200662 -0.08603573792190602 0.03875468285751195 -0.07510870997496379 0.05828476269775188 0.033163265306122444 0.11951700344997536 0.0674077578051088 -0.00467126007240453 0.05023863350916855 0.11620563344701276 -0.07991475759190199 0.06007157464212679 -0.09625668449197862 0.06359300476947535 0.015384615384615385 0.011909015124449206 0.0035705784337062606 -0.07161063235829591 0.08960796515245799 0.07969689051476352 -0.021592442645074227 0.0474934036939314 -0.07919169852539597 -0.01570979720079977 0.06508135168961202 -0.08283479061205708 -0.0011576753878212553 -0.14847267859316055 0.020928228487012184 -0.02498126405196103 -0.015479876160990714 -0.09699948266942578 0.006701514542286557 -0.005856515373352855 -0.016031569860648666 -0.23581601681064673 -0.39986406887177167 -0.2813056379821959 0.03667930064800098 0.12715033657442038 0.048358360906082976 0.11314518179506738 0.03121342177136168 0.09998611303985556 -0.21809856609230033 -2.33690587138863 -6.6732835123773935 -1.5835636188874203 -0.28783199505867824 -0.23568608094768018 -0.16724912631053418 -0.24170674559131827 -0.16217596730941133 -0.23217247097844113 -0.05881600818309678 -0.41868716735659384 -1.4923076923076923 -0.8236744759556105 -0.16447772186080767 -0.10098552135296265 -0.11609037573336664 -0.12850904553961323 -0.12570381039675266 -0.009825940482874797 0.07380535401551164 -0.045167118337850046 0.04310833806012478 -0.09184290030211481 0.03894724418741886 -0.0023992322456813818 -0.019767729182110207 -0.06207324643078834 -0.036087605774016915 -0.055263157894736833
0.09809932556713671 -0.03034730808137574 0.1044030866999546 -0.004630165528417642 0.12871988663202644 0.04609384233542134 0.051527419948472576 0.12300572402874192 -0.02178090967328636 0.008297607523164153 0.059471086929014295 0.061229488121479304 0.009528346831824677 -0.0364963503649635 -0.012618296529968454 -0.006147792942333701 -0.08471211118464592 0.03487921457176076 -0.06720252997759917 0.059672495142936446 0.03188775510204082 0.11458846722523411 0.0662251655629139 0.003503445054303398 0.05651846269781462 0.12631047113805732 -0.06792754395311669 0.056237218813905934 -0.08823529411764705 0.0664835958953606 0.003846153846153845 0.022627128736453495 -0.007141156867412518 -0.0473358417283651 0.08836341008089607 0.10582701855239089 -0.018893387314439944 0.06728232189973615 -0.07373020207536865 0.00142816338189089 0.038798498122653326 -0.12310170271514036 -0.035887937022458904 -0.14847267859316055 0.004924289055767572 -0.024981264051961022 -0.02321981424148607 -0.1034661148473875 0.002680605816914623 -0.010248901903367497 -0.09002343075595018 -0.7588139154798038 -0.5924331671952878 -0.2967359050445104 0.022007580388800584 0.11468461730241837 0.03308729956731994 0.09407576913297737 0.011705033164260633 0.1041522010831829 -0.24219785516327272 -2.6491146318732524 -6.299626342830452 -1.3324522407785655 -0.2754786905497221 -0.20113524185587367 -0.16849725411882174 -0.20964360587002098 -0.16472991955050442 -0.1976229961304588 -0.06265183480373354 -0.39976345357776466 -1.1846153846153844 -0.6313193588162762 -0.14606603657788148 -0.07665166078598369 -0.11234552490325804 -0.10230817217716781 -0.11653790755532278 0.007018528916339135 0.07130347760820616 -0.03387533875338753 0.05445263754963131 -0.07009063444108761 0.04956921987489672 0.009596928982725527 0.002470966147763776 -0.059590316573556804 -0.012444001991040315 -0.0368421052631579
0.09196811771919068 -0.022479487467685737 0.0896504766227871 0.0 0.11809163911195089 0.050821415908285074 0.038032143295301184 0.12544148094020216 -0.029468289557975657 0.019361084220716366 0.06832848285461217 0.05143277002204262 0.009528346831824682 -0.029197080291970802 -0.002523659305993693 -0.0012295585884667386 -0.06882859033752482 0.04521379666709728 -0.05402556331532481 0.06522342492367472 0.025510204081632647 0.10103499260719566 0.06385998107852411 0.026859745416326054 0.05149459934689776 0.12883668056081848 -0.06393180607352157 0.04856850715746421 -0.0855614973262032 0.0664835958953606 -0.0025641025641025645 0.01667262117422889 -0.02737443465841466 -0.03762592547639278 0.07093963907902925 0.10321400574862816 -0.04048582995951417 0.05672823218997362 -0.0914800655379574 -0.0028563267637817732 0.01877346683354193 -0.1656695812241141 -0.057883769391062746 -0.15577461360593892 0.0073864335836513586 -0.02747939045715713 -0.015479876160990714 -0.10734609415416452 0.013403029084573114 -0.017569546120058566 -0.19484523369096068 -1.381041326173243 -0.8031264159492524 -0.2908011869436202 0.0024452867098667284 0.10969832959361756 0.007635530669381521 0.07627765064836003 0.002601118480946809 0.10137480905429803 -0.2662971442342451 -2.842497670083877 -5.851237739374124 -1.1065721494653369 -0.24830142063001853 -0.18139190523198417 -0.1547678482276585 -0.1936120360093723 -0.14302132550121313 -0.18933112216694303 -0.0652090525508247 -0.3725606150206978 -0.8911242603550298 -0.4549938347718866 -0.12274456855284155 -0.0486677211339579 -0.10610410685307703 -0.08359326263256393 -0.11653790755532276 0.02245929253228523 0.06504878658994247 -0.009033423667570012 0.05104934770277936 -0.03021148036253777 0.053109878437389346 0.020393474088291747 -0.0037064492216456633 -0.055865921787709494 -0.009955201592832256 -0.027631578947368424
0.08951563458001224 -0.02697538496122288 0.09418974126191557 1.3877787807814458e-18 0.13108171941426547 0.041366268762557626 0.051527419948472576 0.11326269638290098 -0.016655989750160156 0.0 0.06326711375427053 0.04041146216017634 -0.004764173415912343 -0.025547445255474456 -0.007570977917981075 0.0012295585884667406 -0.07677035076108538 0.0516729104766826 -0.05270786664909738 0.062447960033305584 0.01658163265306121 0.08008871365204533 0.05203405865657521 0.02569193039822492 0.04144687264506406 0.11620563344701276 -0.07858284496537027 0.033231083844580775 -0.09491978609625669 0.054921231391819626 -0.015384615384615385 -2.7755575615628915e-18 -0.035705784337062604 -0.026702269692923903 0.0684505289359054 0.09537496733733995 -0.032388663967611336 0.03825857519788919 -0.07646095030038232 -0.018566123964581547 -0.016270337922403004 -0.21168890934192358 -0.07640657559620281 -0.1557746136059389 -2.0816681711721684e-18 -0.02123407444416688 -0.02579979360165119 -0.09311950336264874 0.0053612116338292454 -0.014641288433382138 -0.3514613392526822 -2.002101330842867 -1.0115541458994108 -0.2955489614243324 -0.026898153808534053 0.10221889803041635 -0.02926953423262917 0.06610729722857869 -0.023410066328521262 0.0972087210109707 -0.2891914688516689 -3.0382106244175207 -5.3409621672115835 -0.9503784693019343 -0.21988882025941936 -0.17522211253701875 -0.1385421867199201 -0.1849796522382538 -0.12258970757246841 -0.1920950801547816 -0.06776627029791586 -0.3654642223536369 -0.5976331360946745 -0.3526510480887793 -0.09942310052780164 -0.029200632680374743 -0.09986268880289603 -0.07111665626949469 -0.11653790755532276 0.026670409882088714 0.058794095571678764 0.009033423667570003 0.04764605785592739 -0.01208459214501511 0.05665053699988197 0.03718809980806142 -0.009883864591055103 -0.037243947858473 -0.007466401194624189 -0.022368421052631576
0.10913549969343958 -0.02697538496122288 0.10326827054017249 0.010417872438939695 0.1452527161076996 0.039002481976125755 0.07115691326217644 0.11691633175009133 -0.0038436899423446498 0.006914672935970129 0.07085916740478299 0.04286064168503552 -0.0011910433539780885 -0.029197080291970802 0.0025236593059936906 0.011066027296200664 -0.062210456651224356 0.05813202428626792 -0.05007247331664251 0.06106022758812102 0.01785714285714285 0.06160670280926563 0.057947019867549666 0.02569193039822492 0.04395880432052249 0.11241631931287104 -0.07858284496537028 0.04217791411042945 -0.10026737967914438 0.04480416245122128 -0.014102564102564105 -0.005954507562224601 -0.029754820280885497 -0.020633572035441194 0.07716241443683883 0.09668147373922131 -0.02564102564102564 0.03693931398416887 -0.07646095030038232 -0.0242787774921451 -0.048811013767209005 -0.2554072710538426 -0.08335262792313036 -0.16064257028112452 -0.001231072263941893 -0.008743442418186361 -0.02321981424148607 -0.08277289187790998 0.00938212035920118 -0.007320644216691069 -0.5512393636699964 -2.7200560354891428 -1.1667421839601269 -0.2967359050445105 -0.03667930064800098 0.10969832959361756 -0.048358360906082976 0.0775489448258327 -0.04812069189751593 0.09859741702541312 -0.3036510422942523 -3.103448275862069 -4.7781410555815045 -0.8086026673074613 -0.18529956763434222 -0.1616485686080948 -0.11732401397903144 -0.18128005919348872 -0.1034350657642702 -0.18656716417910446 -0.04986574606827772 -0.3548196333530455 -0.42366863905325447 -0.2860665844636251 -0.0638271756474776 -0.01703370239688527 -0.08363500187242542 -0.07236431690580161 -0.11260966348042425 0.030881527231892192 0.07755816862646984 0.03274616079494128 0.08167895632444697 -0.006042296072507553 0.06963295172902159 0.0539827255278311 -0.002470966147763776 -0.013656114214773437 -0.004977600796416128 -0.014473684210526316
0.08583690987124462 -0.04833089805552433 0.09532455742169767 -0.0023150827642088186 0.12635805384978743 0.028365441437182372 0.04539320328794013 0.11326269638290096 -0.0064061499039077515 0.0013829345871940245 0.054409717828672655 0.030614744060739656 -0.017865650309671275 -0.0340632603406326 -0.006309148264984227 0.011066027296200662 -0.07677035076108538 0.056840201524350875 -0.06193174331268941 0.05273383291701361 0.0012755102040816271 0.03326761951700344 0.042573320719016074 0.02102067032582039 0.03265511178095957 0.103574586333207 -0.07325519445924347 0.03706543967280164 -0.09893048128342245 0.028905911258852435 -0.03717948717948718 -0.025008931761343334 -0.04641751963818138 -0.02912974875591698 0.06098319850653392 0.09537496733733994 -0.05128205128205128 0.03166226912928761 -0.08738394320043694 -0.03284775778349043 -0.12265331664580725 -0.3117809479981592 -0.12734429266033803 -0.1703784836314957 -0.018466083959128403 -0.011241568823382463 -0.032249742002063986 -0.0892395240558717 -0.004020908725371935 -0.01903367496339678 -0.845973609569614 -3.4753677328975017 -1.2800181241504305 -0.3014836795252226 -0.06480009781146841 0.10595861381201696 -0.07381012980402138 0.06992117976099671 -0.0728313174665106 0.09026524093875851 -0.33498011808651645 -3.062674743709226 -4.148762260625876 -0.6764387840922745 -0.17665225447807292 -0.1419052319842053 -0.1310534198701947 -0.16031569860648662 -0.10726599412590984 -0.16860143725815366 -0.07927375015982611 -0.3595505617977528 -0.34674556213017754 -0.2626387176325523 -0.060144838590892355 -0.026767246623676848 -0.09861440519285983 -0.08359326263256393 -0.12046615163022127 0.01824817518248175 0.07755816862646984 0.024841915085817522 0.10209869540555871 -0.013293051359516616 0.07435382981234509 0.04918426103646832 -0.0037064492216456633 -0.016139044072004966 -0.00871080139372822 -0.018421052631578946
0.05763335377069282 -0.07081038552321008 0.08624602814344076 -0.0057877069105220485 0.11100614076523381 0.02127408107788677 0.024536866642129795 0.10473754719279016 -0.016655989750160156 -0.008297607523164155 0.040490952802733134 0.004898359049718351 -0.04168651738923297 -0.04744525547445255 -0.008832807570977918 -0.0012295585884667406 -0.07544672402382528 0.04263015114326316 -0.05797865331400711 0.037468776019983344 -0.00637755102040817 0.0036964021685559345 0.024834437086092714 0.018685040289618125 0.013815624215021355 0.09220664393078185 -0.08524240809802877 0.024284253578732106 -0.10828877005347595 0.013007660066483595 -0.07179487179487179 -0.06073597713469096 -0.07498214710783146 -0.02912974875591698 0.04604853764779092 0.084922916122289 -0.0688259109311741 0.0079155672823219 -0.10376843255051885 -0.057126535275635534 -0.2002503128911139 -0.37850897376898296 -0.1620745542949757 -0.18376536448825606 -0.02215930075095408 -0.02498126405196103 -0.02579979360165118 -0.10993274702534919 0.0 -0.036603221083455345 -1.2060673325934148 -4.203829091758114 -1.3491164476665156 -0.3062314540059347 -0.08069446142560215 0.09099975068561456 -0.09671672181216595 0.047037884566488684 -0.09103914683313827 0.07498958477989168 -0.3602843716110375 -2.9822926374650516 -3.3757589911256423 -0.5442749008770876 -0.1680049413218036 -0.12833168805528133 -0.1347978032950574 -0.15045011715377973 -0.10343506576427022 -0.1672194582642344 -0.1022887098836466 -0.35008870490833827 -0.272189349112426 -0.23551171393341547 -0.05891739290536394 -0.029200632680374743 -0.10984895768318563 -0.08234560199625701 -0.12177556632185411 0.01824817518248175 0.06755066299724793 0.010162601626016256 0.0975609756097561 -0.01570996978851964 0.07081317124985245 0.04318618042226487 -0.01111934766493699 -0.02731222842954687 -0.014932802389248379 -0.022368421052631576
0.03310852237890864 -0.07193435989659436 0.07830231502496596 2.0816681711721684e-18 0.0968351440717997 0.023637867864318637 0.002453686664212984 0.10595542564852027 -0.026905829596412557 0.0 0.039225610527647725 -0.012245897624295858 -0.03334921391138638 -0.027980535279805346 0.012618296529968449 0.0024591171769334794 -0.05559232296492389 0.032295569047926624 -0.04611938331796019 0.03746877601998335 -0.022959183673469396 -0.020946278955150326 0.01892147587511826 0.024524115380123786 0.001255965837729217 0.085891120373879 -0.09856153436334578 0.024284253578732106 -0.11497326203208555 0.0130076600664836 -0.09743589743589742 -0.08812671192092414 -0.09283503927636276 -0.02548853016142736 0.04480398257622901 0.08753592892605173 -0.07422402159244265 0.015831134564643804 -0.1010376843255052 -0.052842045129962864 -0.3216520650813517 -0.44753796594569717 -0.1933317897661496 -0.1813313861506633 -0.025852517542779764 -0.026230327254559083 -0.024509803921568627 -0.11898603207449561 -0.002680605816914623 -0.03367496339677892 -1.5969909976569245 -4.86224608918982 -1.3695061169007703 -0.2967359050445104 -0.08558503484533561 0.08476689104961357 -0.11580554848561975 0.04576659038901601 -0.11444921316165953 0.07915567282321899 -0.35787444270394025 -2.7795899347623485 -2.5478748248482015 -0.40249909888261454 -0.14700432365657817 -0.09378084896347483 -0.1323015476784823 -0.1109877913429523 -0.10343506576427022 -0.13681592039800997 -0.10356731875719216 -0.32643406268480196 -0.19763313609467462 -0.18865598027127004 -0.046642936050079783 -0.029200632680374743 -0.12108351017351142 -0.09357454772301933 -0.13225088385491685 0.012633352049410443 0.057543157368026024 0.0 0.10436755530346002 -0.0012084592145015101 0.0731736102915142 0.03238963531669865 -0.013590313812700766 -0.036002482929857235 -0.026132404181184666 -0.022368421052631576
0.02452483139178418 -0.0775542317635158 0.07603268270540173 0.016205579349461745 0.08738781294284363 0.024819761257534566 -0.01594896331738437 0.1144805748386311 -0.037155669442664956 0.009680542110358181 0.02151081867645198 -0.03918687239774675 -0.029776083849452118 -0.03041362530413625 -0.0037854889589905363 -0.019672937415467846 -0.08206485771012575 0.010334582095336529 -0.05666095664777968 0.02497918401332223 -0.02168367346938776 -0.061606702809265654 0.011825922421948912 0.019852855307719255 -0.012559658377292135 0.07578628268283441 -0.11720831113478955 0.010224948875255624 -0.13235294117647062 0.00867177337765573 -0.1217948717948718 -0.1321900678813862 -0.1130683170673649 -0.024274790629930817 0.028624766645924078 0.09014894172981447 -0.09581646423751686 0.021108179419525076 -0.1160567995630803 -0.038560411311053984 -0.44305381727158955 -0.5441785549930971 -0.22111599907385973 -0.19593525617622004 -0.0566293241413271 -0.04871346490132401 -0.05159958720330238 -0.14355923435075013 -0.022785149443774293 -0.051244509516837476 -1.9891478604020225 -5.454120943264067 -1.3910285455369282 -0.27181008902077153 -0.10759261523413621 0.07479431563201197 -0.1514380249427335 0.033053648614289347 -0.15216543113538825 0.06388001666435217 -0.3542595493432944 -2.4638863000931965 -1.7807099486221396 -0.28114862429412474 -0.13588634959851761 -0.06293188548864757 -0.13105341987019473 -0.07029226785053642 -0.09832716128208402 -0.09397457158651192 -0.11507479861910239 -0.2956830277942047 -0.13609467455621302 -0.1331689272503083 -0.04909782742113662 -0.026767246623676848 -0.13731119710398204 -0.08733624454148471 -0.13617912792981535 0.02526670409882088 0.05128846634976232 -0.0011291779584462508 0.10323312535450935 0.010876132930513597 0.06491207364569809 0.029990403071017274 -0.033358042994810974 -0.038485412787088766 -0.039820806371329016 -0.014473684210526314
0.00735744941753525 -0.08879397549735865 0.07035860190649114 0.0023150827642088243 0.0814832309872461 0.027183548043966433 -0.03312476996687523 0.1278772378516624 -0.049967969250480464 0.02627575715668649 0.008857395925597873 -0.056331129071760966 -0.014292520247737018 -0.03041362530413625 -0.0012618296529968444 -0.023361613180868067 -0.0926538716082065 -0.003875468285751195 -0.059296349980234545 0.01526505689703025 -0.048469387755102046 -0.09733859043863972 0.01182592242194891 0.010510335162910195 -0.026375282592313493 0.0757862826828344 -0.13185935002663826 0.011503067484662576 -0.14705882352941174 0.0 -0.1564102564102564 -0.18578063594140765 -0.12973101642466078 -0.029129748755916986 0.019912881144990662 0.08753592892605173 -0.09851551956815115 0.02770448548812665 -0.12015292190060076 -0.03284775778349043 -0.593241551939925 -0.6431201104463874 -0.24079648066682108 -0.2166240720457588 -0.06647790225286224 -0.05995503372470647 -0.05417956656346749 -0.15261251939989653 -0.030826966894518158 -0.0746705710102489 -2.389937106918239 -6.003969180480971 -1.3774354327140916 -0.2813056379821958 -0.11981904878346986 0.04861630516080777 -0.16670908628149655 0.0038138825324180044 -0.1755754974639095 0.043049576447715586 -0.3494396915290999 -2.0386766076421248 -1.1256422232601588 -0.19944731467019103 -0.11859172328597903 -0.04689042448173742 -0.12106839740389415 -0.049327907263534344 -0.08683437619716511 -0.0718629076838032 -0.12530366960746708 -0.2862211709047901 -0.08402366863905326 -0.11097410604192355 -0.038050816251380876 -0.020683781481932107 -0.1298214954437648 -0.08733624454148471 -0.13617912792981535 0.029477821448624365 0.03877908431323493 -0.013550135501355014 0.0930232558139535 -0.003625377643504529 0.06609229316652897 0.029990403071017274 -0.02841611069928342 -0.04220980757293607 -0.04106520657043305 -0.017105263157894735
-0.01716738197424893 -0.10452961672473868 0.05787562414888788 -0.01504803796735733 0.067312234293812 0.021274081077886774 -0.04416635995583364 0.12787723785166238 -0.057655349135169766 0.023509887982298437 -0.011388080475768697 -0.07959833455792309 -0.01667460695569319 -0.0364963503649635 -0.01640378548895899 -0.034427640477068734 -0.1085373924553276 -0.011626404857253584 -0.06456713664514428 0.00832639467110741 -0.06760204081632652 -0.14169541646131098 0.008278145695364236 0.01634941025341586 -0.0452147701582517 0.0707338638373121 -0.13851891315929676 -0.003834355828220859 -0.15775401069518716 -0.013007660066483595 -0.19743589743589743 -0.2572347266881029 -0.14996429421566293 -0.052190799854351266 -6.938893903907229e-19 0.0679383328978312 -0.11470985155195682 0.013192612137203168 -0.1324412889131622 -0.0499857183661811 -0.7922403003754694 -0.776576161988035 -0.2674230145867099 -0.2506997687720579 -0.0935614920595839 -0.08243817137147141 -0.07481940144478845 -0.17201241593378166 -0.046910601796005896 -0.08931185944363104 -2.784560365026514 -6.48377305626897 -1.3695061169007703 -0.2824925816023739 -0.14060398581733707 0.023684866616803794 -0.17943497073046574 -0.026697177726926015 -0.18858108986864355 0.020830440216636575 -0.33498011808651645 -1.558713886300093 -0.6317141522652966 -0.1585966598582242 -0.10253242742433602 -0.0370187561697927 -0.11982026959560661 -0.033296337402885685 -0.07789554335333929 -0.062189054726368154 -0.12274645186037592 -0.27084565345949146 -0.036686390532544376 -0.1060419235511714 -0.04173315330796612 -0.026767246623676848 -0.14979403320434403 -0.08983156581409855 -0.1505826895377766 0.021055586749017405 0.036277207905929455 -0.03387533875338754 0.08961996596710153 -0.006042296072507551 0.06727251268735984 0.02279270633397313 -0.035829009142574746 -0.05834885164494104 -0.049776007964161276 -0.021052631578947364
-0.026977314530962603 -0.11576936045858155 0.05901044030867 -0.02083574487787938 0.067312234293812 0.005909466966079661 -0.051527419948472576 0.11813421020582145 -0.07431133888532993 0.02627575715668649 -0.008857395925597877 -0.07959833455792309 -0.003573130061934256 -0.0218978102189781 -0.013880126182965297 -0.029509406123201763 -0.11647915287888815 -0.011626404857253584 -0.07510870997496374 0.015265056897030255 -0.0778061224489796 -0.14785608674223755 0.0011825922421948882 0.019852855307719252 -0.057774428535543834 0.06947075912593154 -0.14651038891848694 -0.001278118609406953 -0.16443850267379678 -0.00867177337765573 -0.2358974358974359 -0.3322615219721329 -0.1666269935729588 -0.0801068090787717 -0.008711885500933417 0.0378886856545597 -0.12550607287449395 -0.010554089709762536 -0.1433642818132168 -0.05998286203941731 -1.16270337922403 -1.1343764381040038 -0.3044686269969901 -0.2762565413167823 -0.0947925643235258 -0.08118910816887336 -0.07739938080495357 -0.17330574236937402 -0.04154939016217665 -0.07613469985358712 -2.893081761006289 -6.2421200093392475 -1.233574988672406 -0.26706231454005935 -0.1442719158821372 0.021191722762403394 -0.17943497073046574 -0.01906941266209001 -0.1755754974639095 0.022219136231079017 -0.29883118448005785 -1.2034016775396084 -0.40635217188229805 -0.14177580199447315 -0.0840024706609018 -0.045656465942744334 -0.11108337493759361 -0.04069552349241583 -0.07151066275060655 -0.062189054726368154 -0.101010101010101 -0.24600827912477827 -6.938893903907229e-19 -0.10604192355117141 -0.019639130968454644 -0.037717483878817376 -0.13855948071401822 -0.10480349344978165 -0.14272620138797956 0.011229646266142614 0.037528146109582196 -0.04968383017163504 0.09302325581395347 -0.0048338368580060406 0.07081317124985247 0.013195777351247601 -0.037064492216456635 -0.06083178150217257 -0.04604280736684917 -0.030263157894736843
-0.034334763948497854 -0.12925705293919298 0.0737630503858375 -0.021993286259983792 0.07439773264052904 0.010637040538943387 -0.04293951662372715 0.12787723785166238 -0.07046764894298527 0.03733923385423869 -0.006326711375427054 -0.06857702669605682 0.014292520247737018 -0.010948905109489057 -0.011356466876971609 -0.02950940612320177 -0.11912640635340835 -0.02066916419067304 -0.0803794966398735 0.00832639467110741 -0.07780612244897961 -0.16017742730409068 0.009460737937559128 0.015181595235314727 -0.05149459934689776 0.06947075912593154 -0.14251465103889188 0.001278118609406953 -0.17245989304812834 -0.013007660066483592 -0.26282051282051283 -0.40014290818149345 -0.17971911449654843 -0.09345794392523366 -0.0024891101431238336 0.04572772406584792 -0.1106612685560054 -0.0013192612137203177 -0.1379027853631895 -0.049985718366181084 -1.5594493116395494 -1.5658076392084674 -0.33225283630470015 -0.2847754654983571 -0.10341007017111906 -0.07869098176367724 -0.09416924664602684 -0.1745990688049664 -0.05763302506366439 -0.06588579795021962 -2.8770501911456408 -5.748307261265468 -1.0512007249660171 -0.26468842729970327 -0.12715490891307007 0.012465719272001996 -0.16416390939170272 -0.021612001017035344 -0.16517102354012228 0.013886960144424384 -0.2542474996987589 -0.934296365330848 -0.265063054647361 -0.12255196443590052 -0.06794317479925881 -0.03455083909180652 -0.09485771342985522 -0.029596744358120607 -0.06767973438896692 -0.04836926478717522 -0.07799514128628052 -0.1986989946777055 0.021301775147928994 -0.09124537607891493 -0.007364674113170493 -0.030417325708723693 -0.13731119710398204 -0.0973175296319401 -0.1440356160796124 0.026670409882088714 0.047535651738804106 -0.058717253839205064 0.11230856494611456 -0.002416918429003022 0.08379558597899209 0.019193857965451054 -0.024709661477637757 -0.05462445685909373 -0.04479840716774515 -0.031578947368421054
-0.03801348865726548 -0.14049679667303583 0.09532455742169768 -0.02546591040629702 0.08384506376948511 0.013000827325375252 -0.03435161329898171 0.13762026549750334 -0.058936579115951314 0.044253906790208825 -0.0012653422750854113 -0.05755571883419053 0.021438780371605525 1.3877787807814458e-18 -0.010094637223974762 -0.014754703061600882 -0.10853739245532759 -0.016793695904921847 -0.06588483331137172 0.015265056897030251 -0.0778061224489796 -0.1724987678659438 0.016556291390728475 0.010510335162910195 -0.03516704345641798 0.06947075912593154 -0.12653169952051146 0.003834355828220859 -0.1537433155080214 -0.01734354675531146 -0.3 -0.46802429439085386 -0.1856700785527255 -0.10680907877169561 0.00373366521468575 0.05356676247713613 -0.11201079622132253 0.007915567282321897 -0.13926815947569635 -0.039988574692944874 -1.9073842302878596 -1.9972388403129315 -0.4063440611252605 -0.2932943896799318 -0.12433829865813122 -0.07619285535848114 -0.11222910216718267 -0.17589239524055872 -0.06701514542286557 -0.055636896046852125 -2.740165248489333 -5.2544945131916885 -0.8642954236520163 -0.2623145400593471 -0.10392468516933609 0.0037397157816006013 -0.13871214049376432 -0.02415458937198068 -0.13135648328781374 0.005554784057769752 -0.2108687793710086 -0.6651910531220875 -0.1716487622606259 -0.10332812687732788 -0.04447189623224213 -0.02344521224086871 -0.08112830753869196 -0.01849796522382538 -0.05235602094240838 -0.034549474847982306 -0.07543792353918938 -0.15138971023063275 0.036686390532544376 -0.07644882860665844 -0.0024548913710568344 -0.023117167538630003 -0.13231806266383722 -0.08983156581409855 -0.13094146916328403 0.04211117349803481 0.057543157368026024 -0.06887985546522132 0.11230856494611456 0.008459214501510574 0.0873362445414847 0.014395393474088292 -0.019767729182110207 -0.07076350093109869 -0.031110004977600792 -0.042105263157894736
-0.0674432863274065 -0.16522423288749016 0.08624602814344076 -0.056719527723116094 0.07321681624940954 -0.005909466966079661 -0.044166359955833644 0.11204481792717084 -0.07174887892376683 0.023509887982298437 0.008857395925597871 -0.07469997550820474 0.02739399714149595 0.003649635036496354 -0.012618296529968454 -0.018443378827001106 -0.10191925876902712 -0.020669164190673044 -0.06720252997759915 0.00832639467110741 -0.0892857142857143 -0.18974864465253818 0.0070955534531693485 -0.0058390750905056655 -0.036423009294147206 0.0568397120121258 -0.12519978689397976 -0.014059304703476484 -0.14438502673796794 -0.027460615695909813 -0.3717948717948718 -0.5537692032868881 -0.21780528445608188 -0.1359388275276126 -0.013690105787181083 0.040501698458322445 -0.12415654520917681 -0.007915567282321902 -0.15565264882577826 -0.05998286203941731 -2.183979974968711 -2.578232857800276 -0.5082194952535308 -0.3139832055494706 -0.14526652714514343 -0.08618536097926555 -0.12512899896800828 -0.18365235385411277 -0.0951615065004691 -0.06149341142020498 -2.544086817116784 -4.563390147093159 -0.7125056637970095 -0.27062314540059346 -0.10025675510453602 -0.008726003490401396 -0.12725884448969205 -0.039410119501652685 -0.11835089088307973 -0.006943480072212194 -0.17833473912519576 -0.4986020503261882 -0.12027090144792155 -0.09972365733509551 -0.03705991352686844 -0.00987166831194472 -0.0836245631552671 -0.006165988407941793 -0.06384880602732729 -0.026257600884466548 -0.0741593146656438 -0.13128326434062687 0.03905325443786982 -0.08508014796547472 -0.004909782742113661 -0.03163401873707264 -0.12358007739358386 -0.08983156581409855 -0.1270132250883855 0.039303761931499155 0.057543157368026024 -0.0880758807588076 0.10436755530346001 0.002416918429003019 0.08733624454148471 -0.003598848368522073 -0.024709661477637757 -0.1005586592178771 -0.03235440517670482 -0.06447368421052632
-0.07234825260576334 -0.15286051478026302 0.08738084430322288 -0.04282903113786318 0.08266414737836561 0.0011818933932159306 -0.035578456631088204 0.10839118255998048 -0.07303010890454838 0.03042456091826857 0.022776160951537387 -0.05755571883419053 0.04764173415912339 0.029197080291970802 -0.0025236593059936906 0.002459117176933481 -0.08206485771012575 -5.551115123125783e-18 -0.05007247331664252 0.02775464890369137 -0.09948979591836737 -0.1909807787087235 -0.002365184484389783 -0.004671260072404532 -0.03139914594323035 0.05936592143488696 -0.12120404901438464 -0.00894683026584867 -0.125668449197861 -0.010117068940598349 -0.4397435897435897 -0.646659521257592 -0.2451797191144965 -0.1238014322126472 -0.021157436216552583 0.04572772406584792 -0.13900134952766532 -0.010554089709762534 -0.16794101583833973 -0.051413881748071974 -2.4405506883604504 -3.1730326737229637 -0.5985181755035887 -0.3261530972374346 -0.16003939431244615 -0.06994753934549089 -0.1367389060887513 -0.1551991722710812 -0.10320332395121297 -0.032210834553440704 -2.2752497225305217 -3.7870651412561287 -0.6071590394200272 -0.255192878338279 -0.10025675510453602 0.006232859636000998 -0.11580554848561977 -0.01906941266209001 -0.10014306151645207 0.005554784057769752 -0.14339076997228578 -0.3809412861136999 -0.07940214852872489 -0.07809684008170131 -0.025941939468807913 -0.00740375123395854 -0.07863205192211684 -0.004932790726353435 -0.05746392542459457 -0.02487562189054726 -0.06009461705664239 -0.09698403311649909 0.047337278106508875 -0.061652281134401965 0.008592119798698908 -0.01460031634018737 -0.10111097241293225 -0.07610729881472239 -0.10344376063899438 0.0519371139809096 0.05253940455341506 -0.07113821138211382 0.10436755530346001 0.018126888217522657 0.09323734214563908 0.005998080614203455 -0.025945144551519646 -0.09310986964618248 -0.017421602787456438 -0.04868421052631579
-0.0662170447578173 -0.1393728222996516 0.09305492510213345 -0.04282903113786318 0.09211147850732168 0.0011818933932159325 -0.013495276653171392 0.10717330410425037 -0.06278026905829596 0.041488037615820775 0.022776160951537387 -0.03673769287288758 0.052405907575035736 0.04014598540145985 -0.006309148264984227 0.007377351530800441 -0.08074123097286566 0.009042759333419454 -0.04084859665305047 0.04579517069109076 -0.12244897959183673 -0.20576638738294725 -0.002365184484389782 -0.014013780217213593 -0.026375282592313486 0.0568397120121258 -0.11188066062866278 -0.006390593047034765 -0.1216577540106952 -0.0057811822517704866 -0.5243589743589743 -0.8217220435869954 -0.2844560818852654 -0.14686248331108145 -0.02862476664592408 0.04572772406584792 -0.13765182186234817 -0.001319261213720311 -0.1570180229382851 -0.0242787774921451 -2.593241551939925 -3.757478140819144 -0.7293354943273905 -0.35170986978215896 -0.1957404899667611 -0.06994753934549089 -0.1689886480908153 -0.1396792550439731 -0.1286690792119019 -0.020497803806734993 -1.928721174004193 -3.023581601681065 -0.5131400090620752 -0.2468842729970327 -0.09047560826506908 0.011219147344801794 -0.10180707559175362 -0.0025425883549453354 -0.08843802835219146 0.0180530481877517 -0.10965176527292446 -0.2958993476234856 -0.0443717888836992 -0.05647002282830711 -0.01852995676343422 -0.00493583415597236 -0.07738392411382926 0.004932790726353437 -0.05874090154514111 -0.0041459369817578775 -0.047308528321186545 -0.07924305144884683 0.060355029585798824 -0.03822441430332923 0.022094022339511472 -0.008516851198442633 -0.07864186743228059 -0.07610729881472239 -0.09296844310593164 0.04912970241437394 0.0537903427570678 -0.0440379403794038 0.1259217243335224 0.026586102719033233 0.09913843974979344 0.014395393474088292 -0.016061279960464542 -0.07572936064556175 -0.001244400199104026 -0.0381578947368421
-0.06499080318822809 -0.14948859166011014 0.0964593735814798 -0.05556198634101169 0.08974964572508268 -0.0035456801796477956 -0.017175806649490866 0.10351966873706002 -0.06918641896220372 0.03872216844143272 0.02657218777679362 -0.029390154298310066 0.0631252977608385 0.02068126520681265 -0.007570977917981073 -0.0012295585884667414 -0.09000661813368631 -0.0012918227619170635 -0.039530899986823034 0.03053011379406051 -0.14158163265306126 -0.23780187284376542 -0.005912961210974456 -0.029195375452528323 -0.01758352172820899 0.06568144499178982 -0.10388918486947255 0.0 -0.11363636363636365 0.004335886688827866 -0.6307692307692307 -1.143265451947124 -0.3463461080695073 -0.16749605534652265 -0.04604853764779092 0.05356676247713614 -0.1524966261808367 0.003957783641160954 -0.16930638995084651 -0.0071408169094544435 -2.610763454317897 -4.192360791532444 -0.8798332947441537 -0.4064743823779969 -0.2228240797734827 -0.09492880339745191 -0.20381836945304438 -0.15907915157785824 -0.14877362283876155 -0.043923865300146414 -1.5439634973486247 -2.313798739201495 -0.4463072043497961 -0.23738872403560835 -0.08925296491013571 0.022438294689603587 -0.07890048358360906 0.010170353419781333 -0.05722460658082977 0.02916261630329121 -0.0903723340161465 -0.23415657036346693 -0.017515179822512845 -0.03604469542232368 -0.019765287214329835 0.009871668311944717 -0.08112830753869198 0.0073991860895301536 -0.05363299706295492 -0.0013819789939192903 -0.040915483953458634 -0.07924305144884683 0.0650887573964497 -0.05055487053020963 0.0319135878237388 -0.012166930283489476 -0.07489701660217199 -0.0810979413599501 -0.07987429618960323 0.04070746771476698 0.0475356517388041 -0.02484191508581753 0.12705615428247302 0.022960725075528703 0.09795822022896257 0.029990403071017274 -0.012354830738818878 -0.06703910614525141 0.009955201592832258 -0.027631578947368417
-0.08338442673206622 -0.16297628414072157 0.08624602814344076 -0.06597985877995138 0.08030231459612659 -0.011818933932159317 -0.019629493313703845 0.09134088417975886 -0.06790518898142217 0.03319043009265662 0.025306845501708215 -0.020818025961302965 0.07027155788470701 0.01824817518248175 -0.0037854889589905376 -0.0012295585884667406 -0.06882859033752482 -0.0012918227619170622 -0.019765449993411517 0.03330557868442965 -0.1747448979591837 -0.2735337604731395 -0.03784295175023652 -0.05255167581455098 -0.03516704345641798 0.04041935076417835 -0.10921683537559934 -0.01278118609406953 -0.10561497326203206 -0.01734354675531146 -0.7307692307692306 -1.668453018935334 -0.49512020947393476 -0.2172593761378808 -0.08587429993777225 0.019597596028220542 -0.18218623481781376 -0.027704485488126644 -0.1938831239759694 -0.03284775778349043 -2.545682102628285 -4.41785549930971 -1.0430655244269507 -0.4636728733114275 -0.24375230826049488 -0.11366475143642267 -0.20897832817337464 -0.1720124159337817 -0.1393915024795604 -0.051244509516837476 -1.14934023924035 -1.6542143357459729 -0.37381060262800186 -0.23857566765578633 -0.08436239149040224 0.031164298180004983 -0.05599389157546449 0.034324942791762014 -0.02601118480946807 0.05832523260658242 -0.08073261838775755 -0.20386766076421253 0.007006071929005139 -0.028835756337858953 -0.022235948116121063 0.003701875616979269 -0.08362456315526709 -0.012331976815883586 -0.05490997318350147 -0.02211166390270868 -0.03196522183863956 -0.08515671200473093 0.0804733727810651 -0.05425400739827374 0.045415490364551364 -0.017033702396885265 -0.04618649357133941 -0.08858390517779165 -0.054995417048579284 0.030881527231892192 0.04003002251688767 -0.018066847335140013 0.130459444129325 0.015709969788519636 0.10385931783311694 0.020393474088291747 0.0 -0.07697082557417753 0.03608760577401693 -0.039473684210526314
-0.07970570202329859 -0.18208384848825446 0.09305492510213345 -0.07292510707257785 0.08148323098724611 -0.03427490840326203 -0.01717580664949086 0.0669833150651565 -0.06662395900064062 0.011063476697552204 0.021510818676451982 -0.01591966691158462 0.061934254406860414 -0.00121654501216545 -0.011356466876971609 -0.014754703061600885 -0.06618133686300463 -0.003875468285751192 -0.014494663328501778 0.03746877601998335 -0.19132653061224486 -0.3154263183834401 -0.08987701040681173 -0.0642298259955623 -0.04772670183371012 0.03284072249589491 -0.11587639850825786 -0.015337423312883436 -0.10962566844919788 -0.01589825119236884 -0.7961538461538462 -2.2686673812075737 -0.7522018567007855 -0.30222114334263867 -0.1331673926571251 -0.0169845832244578 -0.21727395411605938 -0.05672823218997362 -0.23211359912616056 -0.057126535275635534 -2.4317897371714645 -4.431661297745053 -1.1877749479046074 -0.523305342582451 -0.2757601871229841 -0.13489882588058957 -0.22445820433436534 -0.17589239524055875 -0.14877362283876155 -0.05856515373352855 -0.7362190159082501 -1.0273173009572734 -0.3092433167195288 -0.2231454005934718 -0.07824917471573542 0.04363001745200699 -0.039450241791804536 0.0546656496313247 5.377642775528102e-18 0.08054436883766145 -0.05783829377033378 -0.1642590866728798 0.0338626809901915 -0.03244022588009132 -0.02347127856701668 0.002467917077986179 -0.09236145781328009 -0.014798372179060304 -0.06767973438896693 -0.02487562189054726 -0.024293568597366068 -0.07806031933767002 0.08284023668639054 -0.04932182490752158 0.04541549036455137 -0.018250395425234215 -0.04119335913119461 -0.09606986899563319 -0.0523765876653136 0.0210555867490174 0.046284713535151366 0.0011291779584462521 0.14180374361883155 0.027794561933534738 0.10976041543727133 0.020393474088291747 0.004941932295527552 -0.07697082557417753 0.04479840716774515 -0.04078947368421052
-0.07357449417535253 -0.18208384848825448 0.10213345438039037 -0.07292510707257785 0.08384506376948511 -0.03072922822361423 -0.014722119985277882 0.05845816587504567 -0.06790518898142217 0.005531738348776101 0.01898013412628116 -0.00612294881214793 0.07146260123868509 -0.0024330900243309055 -0.006309148264984228 -0.014754703061600889 -0.05162144275314362 -0.011626404857253582 -0.005270786664909738 0.019428254232583965 -0.2066326530612245 -0.3474618038442582 -0.15373699148533584 -0.0922573864299895 -0.057774428535543834 0.021472780093469757 -0.10522109749600425 -0.015337423312883436 -0.09759358288770054 -0.02457002457002457 -0.832051282051282 -2.8510182207931405 -1.237800523684837 -0.36290811991746574 -0.1804604853764779 -0.026130128037627383 -0.25641025641025644 -0.06332453825857519 -0.2730748225013654 -0.04998571836618109 -2.271589486858573 -4.408651633686148 -1.2850196804815928 -0.575635876840696 -0.2917641265542287 -0.14489133150137395 -0.22703818369453047 -0.1745990688049664 -0.14877362283876155 -0.0746705710102489 -0.32433099025773837 -0.42143357459724484 -0.23108291798821928 -0.21364985163204747 -0.06846802787626848 0.06108202443280978 -0.02926953423262917 0.07754894482583272 0.011705033164260636 0.10554089709762533 -0.03494396915290999 -0.13863000931966446 0.06539000467071462 -0.019223837558572633 -0.012353304508956147 0.004935834155972358 -0.08986520219670495 -0.020964360587002094 -0.07661856723279276 -0.020729684908789382 -0.007671653241273492 -0.08160851567120046 0.11124260355029587 -0.035758323057953144 0.07487418681723335 -0.012166930283489474 -0.0049931344401448 -0.09482220835932627 -0.022260049757758284 0.0210555867490174 0.057543157368026024 0.006775067750677507 0.15995462280204195 0.035045317220543805 0.11684173256225656 0.028790786948176585 0.021003212255992092 -0.0633147113594041 0.06470881035340965 -0.024999999999999998
-0.06131207847946045 -0.19894346408901878 0.09759418974126191 -0.08334297951151753 0.08148323098724608 -0.035456801796477956 -0.014722119985277882 0.04871513822920473 -0.058936579115951314 -0.008297607523164155 0.010122738200683285 -0.030614744060739652 0.025011910433539775 -0.01824817518248175 -0.025236593059936908 -0.022132054592401328 -0.06618133686300463 -0.0038754682857511935 -0.014494663328501778 0.015265056897030251 -0.21683673469387754 -0.4534253326761951 -0.43401135288552506 -0.16933317762466427 -0.07912584777694046 -0.003789314134141722 -0.11454448588172617 -0.03578732106339468 -0.10294117647058824 -0.03902298019945079 -0.8 -3.030844349172323 -1.9542965960485599 -0.5510377472994297 -0.22899813316739265 -0.06663182649594983 -0.2685560053981107 -0.09630606860158311 -0.275805570726379 -0.07712082262210797 -1.8886107634543179 -4.018637827887713 -1.2630238481129892 -0.6036266277230131 -0.3262341499446017 -0.16612540594554084 -0.24380804953560373 -0.1745990688049664 -0.15011392574721888 -0.07613469985358712 -0.14428412874583796 -0.11790800840532334 -0.16198459447213412 -0.20415430267062312 -0.05624159432693484 0.06232859636000998 -0.020361415118350726 0.07500635647088735 0.01690727012615425 0.09720872101097071 -0.027714182431618266 -0.11999068033550793 0.07940214852872489 -0.015619368016340262 0.0012353304508956136 -0.0024679170779861813 -0.07613579630554171 -0.024663953631767172 -0.06129485378623419 -0.027639579878385844 -0.011507479861910239 -0.0898876404494382 0.11005917159763315 -0.017262638717632554 0.06259972996194918 -0.004866772113395789 -0.0162276869304706 -0.08983156581409857 -0.031425952599188164 0.02245929253228523 0.0662997247935952 0.0011291779584462493 0.14407260351673284 0.042296072507552865 0.11920217160391833 0.03478886756238004 0.014825796886582653 -0.06579764121663564 0.048531607765057244 -0.022368421052631583
-0.05763335377069282 -0.1978194897156345 0.08738084430322286 -0.09954855886097927 0.069674067076051 -0.03663869518969389 -0.022083179977916822 0.05115089514066497 -0.06278026905829596 -0.00968054211035818 -0.012653422750854107 -0.04775900073475386 -0.04525964745116723 -0.05109489051094891 -0.056782334384858045 -0.02336161318086807 -0.08603573792190602 0.003875468285751192 -0.018447753327184083 0.020815986677768527 -0.23596938775510204 -0.523656973878758 -0.8538315988647115 -0.3047997197243957 -0.12559658377292138 -0.02905140836175319 -0.13185935002663826 -0.05112474437627812 -0.09893048128342247 -0.053475935828877 -0.7820512820512822 -3.0344170537096575 -2.469650083313497 -0.8289841000121374 -0.30242688238954574 -0.11105304415991638 -0.29824561403508776 -0.12005277044854883 -0.2867285636264336 -0.09425878320479862 -1.4856070087609514 -3.5434882650713293 -1.2294512618661728 -0.6340513569429232 -0.3619352455989166 -0.1798651011741194 -0.2450980392156863 -0.16813243662700467 -0.14609301702184693 -0.0746705710102489 -0.056727093353064494 0.03502218071445247 -0.11101042138649753 -0.19228486646884269 -0.05868688103680157 0.06108202443280978 -0.021634003563247645 0.07500635647088737 0.018207829366627654 0.09443132898208582 -0.025304253524521026 -0.10834109972041006 0.09458197104156936 -0.012014898474107893 0.006176652254478072 0.008637709772951628 -0.07738392411382927 -0.018497965223825377 -0.06384880602732729 -0.017965726920950796 -0.025572177470911645 -0.10053222945002956 0.10059171597633136 -0.006165228113440201 0.05278016447772186 0.009733544226791582 -0.019972537760579202 -0.07361197754210855 -0.034044781982453844 0.025266704098820886 0.0725544158118589 -0.004516711833785004 0.1236528644356211 0.03262839879154079 0.11330107399976394 0.026391554702495202 0.004941932295527552 -0.074487895716946 0.057242409158785465 -0.030263157894736846
-0.05763335377069282 -0.19444756659548162 0.061280072628234226 -0.09954855886097927 0.04487482286254133 -0.04136626876255761 -0.0368052999631947 0.03653635367190355 -0.08199871877001923 -0.017978149633522334 -0.029102872326964447 -0.08082292432035268 -0.09766555502620296 -0.11557177615571776 -0.07823343848580441 -0.06024837083487029 -0.10853739245532759 -0.018085518666838905 -0.03821320332059559 0.002775464890369137 -0.2474489795918367 -0.5655495317890586 -1.270104068117313 -0.545369613453229 -0.17583521728208992 -0.05052418845522294 -0.14917421417155036 -0.07029652351738241 -0.11363636363636365 -0.07515536927301633 -0.7487179487179488 -3.0010718113612 -2.9909545346346107 -1.1809685641461343 -0.3820784069695084 -0.169845832244578 -0.3252361673414305 -0.16358839050131926 -0.30311305297651553 -0.1328191945158526 -1.118898623279099 -3.0740911182696724 -1.15304468626997 -0.6681270536692223 -0.3828634740859288 -0.21234074444166873 -0.23993808049535606 -0.17718572167615107 -0.14207210829647504 -0.08345534407027819 -0.038229128129239114 0.19378939995330374 -0.06683280471227908 -0.17804154302670622 -0.057464237681868216 0.07604088755921216 -0.02163400356324765 0.10043224002034072 0.011705033164260635 0.1180391612276073 -0.022894324617423783 -0.10834109972041006 0.09574964969640357 -0.0012014898474107902 0.00247066090179123 0.01110562685093781 -0.07863205192211684 -0.027130348994943886 -0.07661856723279273 -0.027639579878385844 -0.01406469760900141 -0.11354228267297457 0.09112426035502957 -0.0012330456226880427 0.060144838590892355 0.008516851198442634 -0.028710523030832602 -0.06737367436057393 -0.04190127013225088 0.02807411566535654 0.08006004503377533 -0.010162601626016263 0.12705615428247305 0.007250755287009067 0.12274283016641097 0.015595009596928982 0.009883864591055103 -0.08566108007448789 0.049776007964161276 -0.038157894736842106
-0.04046597179644389 -0.1865797459817916 0.046527462551066726 -0.090288227804144 0.03424657534246576 -0.03427490840326202 -0.0490737332842596 0.05236877359639508 -0.08712363869314543 -0.002765869174388051 -0.04175629507781855 -0.07592456527063433 -0.15126250595521679 -0.1642335766423358 -0.09968454258675079 -0.07131439813107096 -0.13368630046326935 -0.01679369590492184 -0.052707866649097365 0.013877324451845688 -0.25255102040816324 -0.5815672745194677 -1.7478713339640493 -0.9576083148429289 -0.23486561165536296 -0.07326007326007326 -0.17314864144912095 -0.07029652351738241 -0.1336898395721925 -0.07081948258418846 -0.6910256410256411 -2.9367631296891745 -3.239704832182814 -1.5365942468746208 -0.4741754822650902 -0.19858897308596815 -0.3522267206477733 -0.17018469656992083 -0.30857454942654283 -0.12710654098828905 -0.8147684605757195 -2.4666359871145875 -1.0303310951609173 -0.6875988803699646 -0.4013295580450572 -0.24731451411441419 -0.2515479876160991 -0.19529229177444388 -0.13134968502881655 -0.08784773060029283 -0.022197558268590458 0.2638337613822087 -0.026053466243769818 -0.1566765578635015 -0.04156987406773445 0.08352031912241338 -0.013998472893866123 0.11823035850495807 0.023410066328521266 0.13331481738647413 -0.010844680081937582 -0.08853681267474373 0.10158804297057451 0.006007449237053946 0.0061766522544780735 0.020977295162882527 -0.08112830753869196 -0.013565174497471947 -0.0753415911122462 -0.02487562189054726 -0.0076716532412734965 -0.11354228267297457 0.07100591715976332 0.02219482120838471 0.05646250153430711 0.01216693028348948 -0.042441642741230814 -0.05988771054273238 -0.04975775828204791 0.04351487928130264 0.08256192144108081 0.013550135501355014 0.11798071469086786 0.012084592145015106 0.12746370824973446 0.03718809980806142 0.017296763034346428 -0.05338299193047798 0.05226480836236934 -0.010526315789473684
-0.028203556100551808 -0.1888276947285602 0.015887426236949612 -0.11228151406412779 0.023618327822390175 -0.04845762912185321 -0.055207949944792056 0.05236877359639509 -0.09096732863549009 -0.012446411284746231 -0.0594710869290143 -0.09429341170707813 -0.19294902334444974 -0.25182481751824815 -0.12870662460567822 -0.09959424566580598 -0.15751158173395102 -0.03229556904792663 -0.059296349980234545 0.009714127116291979 -0.2704081632653061 -0.5963528831936915 -2.1286660359508045 -1.630269765269181 -0.3453906053755338 -0.12125805229253506 -0.21976558337773042 -0.09969325153374234 -0.17379679144385024 -0.106951871657754 -0.6320512820512822 -2.842681910206026 -3.2837419661985243 -1.8679451389731763 -0.5998755444928439 -0.2534622419649856 -0.37651821862348184 -0.18601583113456463 -0.3222282905516112 -0.14852899171665238 -0.5106382978723405 -1.8465255407271048 -0.9064598286640428 -0.6973347937203359 -0.4284131478517789 -0.3035223582313265 -0.27605779153766774 -0.24443869632695292 -0.12598847339498728 -0.13323572474377748 -0.01849796522382538 0.2755078216203595 -0.003398278205709099 -0.14124629080118695 -0.029343440518400776 0.06731488406881078 -0.02290659200814457 0.09916094584286807 0.01690727012615425 0.1152617691987224 -0.01927943125677793 -0.08387698042870458 0.09574964969640357 -0.0024029796948215774 0.0 0.020977295162882527 -0.08986520219670494 -0.016031569860648666 -0.08811135231771165 -0.03178551686014373 0.006393044367727913 -0.12418687167356593 0.05207100591715976 0.017262638717632554 0.0638271756474776 0.004866772113395793 -0.04618649357133941 -0.06487835308796007 -0.04713892889878224 0.033688938798427846 0.08756567425569176 0.010162601626016256 0.10209869540555869 -0.0036253776435045313 0.11920217160391833 0.040786948176583494 0.017296763034346428 -0.05338299193047795 0.046042807366849174 -0.013157894736842101
-0.0269773145309626 -0.1877037203551759 -0.0034044484793463448 -0.11459659682833663 0.0129900803023146 -0.04963952251506914 -0.0748374432584959 0.058458165875045674 -0.1114670083279949 -0.008297607523164155 -0.05694040237884348 -0.10898848885623318 -0.20485945688423057 -0.3223844282238443 -0.16025236593059936 -0.12049674166974056 -0.1614824619457313 -0.036171037333677825 -0.06588483331137171 0.005550929780738274 -0.26785714285714285 -0.5754066042385411 -2.320245979186377 -2.4243839775779517 -0.5438332077367495 -0.16294050776809396 -0.27037826318593505 -0.10991820040899795 -0.2179144385026738 -0.10839716722069663 -0.5397435897435898 -2.6461831606526136 -3.257557724351346 -2.040296152445685 -0.7554449284380834 -0.30049647243271493 -0.3994601889338732 -0.18733509234828497 -0.3481703986892409 -0.15138531848043416 -0.30162703379224026 -1.1953520478601014 -0.7478583005325307 -0.6766459778507972 -0.4444170872830234 -0.3322508118910817 -0.2799277605779154 -0.2509053285049146 -0.12464817048652996 -0.13177159590043924 -0.0073991860895301536 0.2755078216203596 0.019256909832351614 -0.1198813056379822 -0.018339650324000485 0.06606831214161057 -0.02545176889793841 0.09026188660055938 0.014306151645207441 0.11665046521316487 -0.02530425352452103 -0.08853681267474373 0.09458197104156937 -0.008410428931875526 0.002470660901791228 0.02344521224086871 -0.08986520219670494 -0.014798372179060304 -0.09960413740263056 -0.035931453841901606 0.0076716532412734965 -0.12536960378474277 0.036686390532544376 0.008631319358816277 0.065054621333006 -0.001216693028348948 -0.061165896891773805 -0.06986899563318777 -0.0589236611234778 0.0364963503649635 0.09006755066299725 0.0011291779584462417 0.09529211571185478 -0.020543806646525678 0.11566151304142572 0.03838771593090211 0.008648381517173214 -0.05338299193047795 0.02488800398208064 -0.00657894736842105
-0.00980993255671367 -0.1809598741148702 -0.013617793917385384 -0.1088088899178146 0.020075578649031655 -0.054367096087932866 -0.06379585326953749 0.06211180124223601 -0.10890454836643179 -0.008297607523164155 -0.06959382512969758 -0.12245897624295862 -0.23225345402572653 -0.38686131386861317 -0.22586750788643534 -0.14016967908520842 -0.1641297154202515 -0.027128278000258365 -0.07642640664119119 0.015265056897030251 -0.2665816326530612 -0.5396747166091671 -2.374645222327342 -3.213826929814317 -0.9068073348404923 -0.21220159151193635 -0.323654768247203 -0.12014314928425356 -0.26336898395721925 -0.11995953172423761 -0.41666666666666663 -2.324639752292485 -3.1968578909783387 -2.104624347615002 -0.924704418170504 -0.3880324013587667 -0.4102564102564103 -0.20184696569920843 -0.34953577280174764 -0.16281062553556128 -0.1877346683354193 -0.6994937873907041 -0.5707339661958787 -0.6084945843981988 -0.4665763880339776 -0.35098675993005246 -0.2786377708978328 -0.2534919813760993 -0.12598847339498725 -0.14348462664714495 0.002466395363176717 0.26733597945365395 0.0407793384685093 -0.11750741839762613 -0.007335860129600191 0.04736973323360758 -0.03945024179180453 0.07246376811594203 0.0013005592404734055 0.09582002499652828 -0.01927943125677793 -0.09319664492078286 0.10158804297057451 -0.02162681725339421 0.01852995676343422 0.0012339585389930907 -0.07363954068896654 -0.034529535084474046 -0.09832716128208403 -0.07048092868988391 0.012786088735455826 -0.11117681845062093 0.03076923076923076 -0.0061652281134401965 0.07487418681723332 -0.0024333860566978934 -0.04493820996130321 -0.05864004990642545 -0.0589236611234778 0.033688938798427846 0.10507880910683012 -0.004516711833785009 0.09869540555870675 -0.014501510574018125 0.11212085447893305 0.028790786948176585 0.016061279960464542 -0.05586592178770951 0.027376804380288704 -0.01578947368421053
0.011036174126302882 -0.160728335393953 -0.003404448479346346 -0.1342748003241116 0.030703826169107228 -0.06145845644722847 -0.05643479327689854 0.053586652052125185 -0.10249839846252404 -0.02212695339510441 -0.06959382512969758 -0.12980651481753613 -0.252501191043354 -0.43309002433090027 -0.3053627760252366 -0.17459731956227714 -0.18663136995367308 -0.04004650561942901 -0.08301488997232838 0.0 -0.2512755102040816 -0.4940857565303104 -2.3699148533585626 -3.8993343454396827 -1.450640542577242 -0.26904130352406214 -0.3556206712839638 -0.12269938650306748 -0.27941176470588236 -0.118514236161295 -0.3076923076923077 -1.788734071692271 -3.0361818614615563 -2.1337540963709194 -1.0504044803982575 -0.4363731382283774 -0.41025641025641024 -0.19920844327176784 -0.32086291643910425 -0.1599542987717795 -0.15269086357947434 -0.39001380579843536 -0.37161379949062284 -0.5245223317512476 -0.4628831712421519 -0.3597302023482388 -0.2786377708978328 -0.2496120020693223 -0.12598847339498725 -0.1478770131771596 0.012331976815883586 0.26733597945365395 0.053239691889442685 -0.11275964391691395 0.0012226433549333642 0.036150585888805785 -0.05090353779587681 0.05085176709890669 -0.011705033164260633 0.07082349673656438 -0.001204964453548621 -0.06756756756756756 0.12260625875758993 -0.012014898474107895 0.03211859172328598 0.00493583415597236 -0.05366949575636546 -0.03946232581082748 -0.08938832843825821 -0.08568269762299614 0.02045774197672932 -0.08515671200473093 0.03431952662721894 -0.02589395807644883 0.08837608935804589 0.0024333860566978977 -0.044938209961303203 -0.056144728633811605 -0.05630483174021213 0.02807411566535654 0.12634475856892668 0.003387533875338751 0.09642654566080544 -0.012084592145015104 0.09441756166646995 0.028790786948176585 0.012354830738818878 -0.04965859714463067 0.016177202588352417 -0.001315789473684209
0.014714898835070508 -0.14274474541980445 -0.006808896958692691 -0.1574256279661998 0.015351913084553614 -0.06736792341330812 -0.06502269660164398 0.048715138229204716 -0.09993593850096094 -0.023509887982298437 -0.07845122105529546 -0.13715405339211367 -0.27393997141495957 -0.47445255474452563 -0.4176656151419559 -0.21025451862781264 -0.22634017207147586 -0.047797442190931405 -0.09882724996705758 -0.00832639467110741 -0.22831632653061223 -0.4534253326761951 -2.3143330179754025 -4.337264977227607 -2.195428284350666 -0.3915624605279778 -0.4088971763452317 -0.15593047034764826 -0.2941176470588235 -0.12285012285012287 -0.22692307692307695 -1.1742288912706917 -2.782670792668412 -2.102196868552009 -1.1524579962663348 -0.5043114711262084 -0.4439946018893387 -0.21899736147757257 -0.30584380120152915 -0.15709797200799772 -0.12640801001251567 -0.28416935112747355 -0.20838156980782588 -0.44663502494827806 -0.47026960482580316 -0.37596802398201346 -0.292827657378741 -0.2573719606828764 -0.12062726176115804 -0.1361639824304539 0.027130348994943886 0.25566191921550313 0.08382419574082466 -0.11038575667655785 0.0024452867098667314 0.024931438544003988 -0.06490201068974294 0.035596236969234696 -0.01950838860710105 0.056936536592139986 0.0012049644535486194 -0.07106244175209692 0.12494161606725832 -0.0012014898474107896 0.019765287214329835 0.004935834155972361 -0.05866200698951572 -0.03822912812923912 -0.08811135231771167 -0.08430071862907684 0.026850786344457235 -0.08515671200473093 0.03431952662721893 -0.053020961775585705 0.0883760893580459 -0.002433386056697893 -0.0449382099613032 -0.056144728633811605 -0.05368600235694644 0.033688938798427846 0.14010507880910683 -0.0033875338753387623 0.09529211571185478 -0.013293051359516615 0.06963295172902159 0.020393474088291747 0.001235483073881888 -0.05090006207324643 0.012444001991040315 0.010526315789473686
0.029429797670141023 -0.14611666853995725 -0.006808896958692687 -0.19330941081143652 0.002361832782239018 -0.10637040538943388 -0.06134216660532451 0.028011204481792718 -0.09096732863549009 -0.04010510302862674 -0.07592053650512465 -0.14450159196669116 -0.28465936160076233 -0.5097323600973237 -0.5261829652996846 -0.25820730357801547 -0.2501654533421575 -0.06200749257201912 -0.11727500329424168 -0.00555092978073827 -0.21301020408163263 -0.4189255791030064 -2.2457426679280985 -4.536961345322901 -3.048229088168802 -0.5696602248326387 -0.46750133191262655 -0.19938650306748468 -0.3088235294117648 -0.14452955629426217 -0.15384615384615383 -0.5466237942122186 -2.286360390383242 -2.051219808229154 -1.197261978842564 -0.5774758296315652 -0.4412955465587044 -0.22691292875989447 -0.2607864554888039 -0.1542416452442159 -0.10513141426783479 -0.17602393005062128 -0.07640657559620283 -0.3687477181453085 -0.4702696048258034 -0.3909567824131901 -0.3108875128998968 -0.2664252457320228 -0.12598847339498728 -0.12298682284040996 0.033296337402885685 0.23698342283446183 0.08608971454463073 -0.10682492581602374 0.007335860129600196 0.009972575417601595 -0.06362942224484602 0.016526824307144684 -0.020808947847574456 0.04443827246215802 0.0120496445354862 -0.05591798695246971 0.14012143858010276 -0.0072089390844647366 0.017294626312538603 -0.0037018756169792675 -0.04867698452321518 -0.04686151190035763 -0.06895671050951348 -0.10364842454394693 0.03324383071218514 -0.07332939089296275 0.03076923076923077 -0.06905055487053022 0.079783969559347 -0.008516851198442633 -0.04993134440144801 -0.07111665626949469 -0.06547073458164201 0.019651880965749574 0.14510883162371777 0.007904245709123759 0.08167895632444697 -0.014501510574018129 0.05783075652071283 0.013195777351247601 -0.002470966147763776 -0.05586592178770951 0.009955201592832256 0.002631578947368421
0.02575107296137339 -0.12813307856580872 -0.00567408079891057 -0.1898367866651233 -0.03424657534246575 -0.10991608556908168 -0.07729112992270888 0.025575447570332484 -0.10249839846252404 -0.04148803761582077 -0.06832848285461218 -0.12858192505510654 -0.25488327775131014 -0.5072992700729928 -0.5753943217665616 -0.40821345137095777 -0.29649238914626075 -0.0878439478103604 -0.14099354328633548 -0.01526505689703025 -0.2079081632653061 -0.32158698866436664 -1.9725638599810786 -4.451710849001518 -3.382316001004773 -1.4487811039535177 -0.6073521576984551 -0.2492331288343558 -0.35695187165775405 -0.17343546755311462 -0.15128205128205127 -0.3167798023103489 -1.5543918114734585 -1.8643039203786866 -1.164903546981954 -0.6205905408936504 -0.5209176788124157 -0.23482849604221637 -0.2880939377389405 -0.15138531848043416 -0.10888610763454318 -0.1771744132535665 -0.05672609400324149 -0.3054642813678958 -0.4247199310599533 -0.3872095928053959 -0.3276573787409701 -0.2793585100879462 -0.14207210829647499 -0.1361639824304539 0.024663953631767176 0.2241419565724959 0.0758948799275034 -0.09970326409495549 -0.0024452867098667327 0.004986287708800798 -0.08271824891829982 -0.0050851767098906665 -0.03121342177136168 0.030551312317733635 0.006024822267743103 -0.04892823858341099 0.12844465203176086 -0.0072089390844647366 0.004941321803582458 -0.008637709772951627 -0.0711432850723914 -0.060426686397829575 -0.08938832843825821 -0.12161415146489774 0.03196522183863957 -0.061502069781194546 0.02603550295857988 -0.06658446362515415 0.060144838590892355 -0.001216693028348946 -0.05617276245162901 -0.07111665626949469 -0.08249312557286892 0.02386299831555306 0.1325994495871904 0.011291779584462513 0.08961996596710153 -0.018126888217522657 0.046028561312404105 0.0023992322456813818 -0.019767729182110207 -0.059590316573556804 -0.004977600796416131 1.3877787807814458e-18
0.02329858982219497 -0.10677756547150725 -0.0045392646391284545 -0.1574256279661998 -0.04959848842701937 -0.1583737146909349 -0.09692062323641273 0.01948605529168189 -0.11402946828955798 -0.04010510302862675 -0.07592053650512462 -0.12123438648052902 -0.22272510719390187 -0.4939172749391728 -0.6044164037854889 -0.582810770933235 -0.3759099933818663 -0.11755587133445292 -0.17261826327579394 -0.027754648903691365 -0.211734693877551 -0.23903400689995066 -1.57639545884579 -4.296391451594067 -3.419994976136649 -2.253378805102943 -0.8590836441129461 -0.29141104294478526 -0.40909090909090906 -0.16909958086428675 -0.1474358974358974 -0.2346075979516494 -1.0247560104736966 -1.5742201723510134 -1.1151213441194772 -0.6127515024823622 -0.6234817813765182 -0.24406332453825863 -0.3058438012015292 -0.12853470437017994 -0.1151439299123905 -0.17602393005062128 -0.06251447094234777 -0.25921869295363265 -0.4000984857811153 -0.3934549088183862 -0.3779669762641899 -0.29875840662183134 -0.1621766519233347 -0.14348462664714495 0.01849796522382538 0.22530936259631096 0.05323969188944268 -0.0997032640949555 -0.01833965032400049 -0.004986287708800796 -0.10944260626113515 -0.0012712941774726627 -0.06502796202367019 0.03610609637550339 0.00120496445354862 -0.0407735321528425 0.11676786548341897 0.014417878168929471 -0.003705991352686843 -0.019743336623889433 -0.08736894658012981 -0.0715254655321248 -0.09705018516153749 -0.13128800442233282 0.03196522183863957 -0.05085748078060318 0.022485207100591716 -0.06781750924784218 0.040505707622437714 -0.05961795838909843 -0.06615903133191861 -0.07361197754210855 -0.09558727248919732 0.023862998315553066 0.11883912934701024 0.018066847335140017 0.0907543959160522 -0.013293051359516616 0.033046146583264484 -0.009596928982725527 -0.03953545836422041 -0.04345127250155183 -0.032354405176704834 0.01710526315789474
0.020846106683016553 -0.10565359109812296 -0.011348161597821146 -0.15163792105567775 -0.051960321209258385 -0.19855809006027655 -0.10305483989694517 0.023139690658872246 -0.12299807815502883 -0.04287097220301479 -0.07338985195495382 -0.11021307861866277 -0.17627441638875654 -0.45133819951338194 -0.6056782334384858 -0.6578138448297062 -0.46194573130377237 -0.13822503552512594 -0.18974831993675056 -0.03608104357479878 -0.211734693877551 -0.19098077870872354 -1.1660359508041627 -4.045311222702323 -3.3534287867370005 -2.7169382341796138 -1.3492274906766117 -0.3693762781186094 -0.4545454545454545 -0.1792166498048851 -0.13846153846153844 -0.2060259616529713 -0.49035943822899314 -1.2307318849374924 -1.0541381456129435 -0.565717272014633 -0.7300944669365721 -0.2559366754617414 -0.3140360458765702 -0.11282490716938018 -0.10387984981226532 -0.1829268292682927 -0.048622366288492716 -0.2166240720457588 -0.35577988427920715 -0.34973769672745436 -0.41408668730650156 -0.32203828246249355 -0.1742393780994505 -0.15373352855051245 0.028363546676532254 0.21480270838197524 0.04417761667421839 -0.09851632047477746 -0.01222643354933366 -0.027424582398404396 -0.11580554848561975 -0.030511060259344015 -0.08973858759266484 0.006943480072212194 -0.008434751174840344 -0.033783783783783786 0.10509107893507708 0.01922383755857263 -0.004941321803582458 -0.022211253701875617 -0.09735396904643036 -0.07399186089530153 -0.10598901800536328 -0.13543394140409065 0.026850786344457235 -0.054405677114133646 0.036686390532544376 -0.0776818742293465 0.030686142138210394 -0.08760189804112424 -0.06116589689177382 -0.07860262008733623 -0.11260966348042425 0.008422234699606962 0.10632974731048286 0.01242095754290876 0.08508224617129893 -0.0024169184290030246 0.01888351233329399 -0.010796545105566218 -0.06671608598962195 -0.040968342644320296 -0.057242409158785465 0.022368421052631572
0.022072348252605765 -0.10677756547150725 0.002269632319564236 -0.1458502141451557 -0.0531412376003779 -0.24347003900248199 -0.10060115323273218 0.012178784557301184 -0.12812299807815503 -0.05670031807495505 -0.07845122105529545 -0.10776389909380357 -0.15126250595521676 -0.40510948905109484 -0.6069400630914827 -0.6934710438952416 -0.5453342157511581 -0.16535331352538432 -0.2147845565950718 -0.05550929780738274 -0.20663265306122444 -0.16633809758501725 -0.6918164616840113 -3.6202265561135105 -3.2717910072846017 -2.8786156372363267 -2.065796483750666 -0.49718813905930476 -0.5093582887700535 -0.20523196993785228 -0.11282051282051282 -0.19768965106585684 -0.215424898833611 -0.8653962859570337 -0.9670192906036092 -0.5539587143977005 -0.8340080971659919 -0.3311345646437994 -0.3276897870016384 -0.12996286775207083 -0.10012515644555695 -0.18177634606534745 -0.07061819865709655 -0.18254837531945964 -0.3299273667364274 -0.3285036222832875 -0.4256965944272446 -0.35049146404552506 -0.19702452754322478 -0.18008784773060027 0.028363546676532254 0.21363530235816017 0.031717263253285 -0.09376854599406528 -0.029343440518400776 -0.04238344552480679 -0.1323491982692797 -0.0546656496313247 -0.12615424632592015 -0.00972087210109707 -0.004819857814194482 -0.0407735321528425 0.10509107893507705 0.01922383755857263 -0.008647313156269302 -0.04072063178677196 -0.09485771342985524 -0.09495622148230362 -0.11109692248754947 -0.1478717523493643 0.023014959723820484 -0.05204021289178001 0.046153846153846156 -0.09741060419235512 0.018411685282926228 -0.09855213529626475 -0.05866932967170141 -0.07485963817841547 -0.1374885426214482 0.0028074115665356553 0.09757317988491368 -0.003387533875338752 0.07487237663074306 0.004833836858006041 0.0023604390416617467 -0.017994241842610365 -0.08401284902396837 -0.06331471135940409 -0.08088601294176209 0.003947368421052632
0.028203556100551808 -0.11352141171181299 0.029505220154334995 -0.14237758999884245 -0.04723665564478035 -0.27065358704644843 -0.10673536989326464 -2.0816681711721684e-18 -0.12427930813581038 -0.05531738348776102 -0.07338985195495382 -0.10164095028165565 -0.13101476893758934 -0.340632603406326 -0.5930599369085174 -0.7266691257838437 -0.6154864328259431 -0.19248159152564268 -0.22927921992357359 -0.07910074937552039 -0.17984693877551022 -0.14908822079842288 -0.30274361400189215 -2.9475651056872594 -3.1260989701080124 -3.025135783756473 -2.8915823122003195 -0.6045501022494888 -0.5187165775401069 -0.21245844775256542 -0.09743589743589742 -0.19888055257830178 -0.1356819804808379 -0.5510377472994294 -0.8425637834474177 -0.5317481055657173 -0.9244264507422401 -0.40633245382585753 -0.3317859093391589 -0.14567266495287062 -0.10012515644555695 -0.16682006442705935 -0.08335262792313036 -0.1618595594499209 -0.3028437769297058 -0.2972770422183363 -0.43730650154798767 -0.36730470770822554 -0.22114997989545637 -0.18155197657393848 0.05302750030829941 0.22180714452486572 0.046443135478024464 -0.1032640949554896 -0.017117006969067115 -0.049862877088007976 -0.10944260626113514 -0.05847953216374269 -0.12095200936402654 -0.00833217608665463 0.013254608989034824 -0.03494874184529357 0.12027090144792152 0.028835756337858943 0.008647313156269302 -0.03084896347482724 -0.07863205192211684 -0.09372302380071526 -0.10088111352317712 -0.13957987838584857 0.016621915356092577 -0.048492016558249564 0.05325443786982248 -0.09864364981504317 0.0012274456855284215 -0.09368536318286895 -0.06740731494195482 -0.05489706799750468 -0.15582034830430797 0.0154407636159461 0.0975731798849137 -0.009033423667570008 0.08735110606920023 0.013293051359516616 0.009441756166646994 -0.016794625719769675 -0.08895478131949593 -0.05586592178770951 -0.0821304131408661 0.010526315789473684
0.030656039239730225 -0.11014948859166011 0.046527462551066726 -0.1481652969093645 -0.04487482286254134 -0.27065358704644843 -0.14108698319224636 0.0036536353671903525 -0.12043561819346574 -0.058083252662149074 -0.07718587878021003 -0.09429341170707813 -0.1167222486898523 -0.27007299270072993 -0.571608832807571 -0.7229804500184435 -0.6631369953673064 -0.21056711019248162 -0.25168006324944 -0.08603941160144324 -0.15561224489795916 -0.15648102513553472 -0.09815515610217596 -2.1417727431974773 -2.877417734237629 -2.998610584817481 -3.4549813532232285 -0.8243865030674847 -0.4999999999999999 -0.2283566989449343 -0.0987179487179487 -0.19411694652852213 -0.11544870268983576 -0.3677630780434519 -0.6919726197884256 -0.49516592631303896 -0.9878542510121457 -0.5184696569920845 -0.3659202621518296 -0.16281062553556128 -0.08635794743429286 -0.16566958122411413 -0.08335262792313036 -0.14847267859316055 -0.2609873199556815 -0.27729203097676747 -0.4063467492260062 -0.4125711329539576 -0.2278514944377429 -0.19765739385065886 0.07892465162165495 0.22764417464394118 0.06570004531037606 -0.10919881305637984 0.011003790194400297 -0.048616305160807775 -0.08017307202850596 -0.05212306127637935 -0.08973858759266487 -0.00972087210109707 0.030124111338715502 -0.02679403541472507 0.14012143858010276 0.036044695422323685 0.02964793082149475 -0.017275419545903253 -0.06490264603095357 -0.09372302380071526 -0.08683437619716512 -0.13681592039801 0.03068661296509398 -0.05204021289178001 0.06627218934911241 -0.09987669543773121 -0.00368233705658525 -0.08638520501277529 -0.09362127075271502 -0.03368683718028696 -0.16498625114573784 0.01824817518248175 0.1075806855141356 -0.012420957542908761 0.08848553601815087 0.02537764350453172 0.022424170895786615 -0.007197696737044146 -0.07042253521126762 -0.049658597144630674 -0.06844201095072175 0.013157894736842105
0.024524831391784182 -0.10677756547150727 0.055605991829323645 -0.15511054520199097 -0.056683986773736414 -0.2789268407989599 -0.1754385964912281 -0.009743027645840946 -0.1268417680973735 -0.0760614022956714 -0.07085916740478299 -0.09061964241978936 -0.09171033825631253 -0.21411192214111924 -0.5186119873817036 -0.729128242960777 -0.6829913964262079 -0.25836455238341305 -0.26353933324548684 -0.1054676658340272 -0.149234693877551 -0.14908822079842285 -0.03547776726584674 -1.333644750671494 -2.4956041195679477 -2.959454338764683 -3.7027171017581253 -1.221881390593047 -0.5267379679144384 -0.2442549501373031 -0.1141025641025641 -0.17506252232940336 -0.12497024517971914 -0.2937249666221629 -0.5339141257000624 -0.4285340998170891 -1.0323886639676112 -0.6939313984168864 -0.4410158383397051 -0.17566409597257926 -0.08135168961201503 -0.16797054763000457 -0.08682565408659412 -0.17768041864427403 -0.22897944109319215 -0.25980514614039474 -0.38957688338493296 -0.45395757889291255 -0.24929634097305992 -0.20790629575402636 0.08139104698483166 0.23581601681064676 0.06003624830086089 -0.10801186943620181 0.012226433549333665 -0.04238344552480678 -0.07381012980402138 -0.0546656496313247 -0.09103914683313825 -0.006943480072212195 0.016869502349680682 -0.02679403541472507 0.13078000934142922 0.03244022588009131 0.017294626312538603 -0.009871668311944717 -0.06864702945581627 -0.08879023307436183 -0.09705018516153749 -0.12576008844665562 0.029408004091548395 -0.054405677114133646 0.06745562130177514 -0.07891491985203455 -0.017184239597397816 -0.08273512592772844 -0.11733865934340282 -0.024953212726138492 -0.17022390991226918 0.02105558674901741 0.0975731798849137 -0.01016260162601626 0.08508224617129893 0.014501510574018129 0.03540658562492623 -0.016794625719769675 -0.05559673832468496 -0.062073246430788334 -0.060975609756097546 0.007894736842105262
0.019619865113427344 -0.09104192424412724 0.0522015433499773 -0.11228151406412781 -0.06258856872933397 -0.25883465311428916 -0.2085633664581033 0.0048715138229204705 -0.1422165278667521 -0.049785645138984924 -0.07718587878021003 -0.08449669360764142 -0.07265364459266316 -0.16301703163017034 -0.44921135646687693 -0.7045370711914423 -0.7001985440105891 -0.27645007105025193 -0.2872578732375807 -0.1013044684984735 -0.15433673469387754 -0.13430261212419908 -0.015373699148533588 -0.6014247343220834 -1.9241396634011554 -2.874826323102185 -3.783963771976559 -1.794478527607362 -0.5909090909090908 -0.24570024570024573 -0.1205128205128205 -0.15362629510539477 -0.13211140204713162 -0.21483189707488776 -0.3858120721841941 -0.3658217925267834 -1.0553306342780027 -0.9709762532981528 -0.5461496450027308 -0.17709225935447015 -0.07384230287859825 -0.1622181316152784 -0.09956008335262793 -0.2008032128514056 -0.2055890680782962 -0.2410691981014239 -0.38957688338493296 -0.4862907397827211 -0.2854845195014073 -0.20644216691068812 0.07522505857688988 0.24282045295353724 0.07249660172179431 -0.10682492581602374 0.013449076904267027 -0.033657442034405384 -0.06999236446933062 -0.054665649631324684 -0.08973858759266486 -0.004166088043327317 0.012049644535486206 -0.016309412861136994 0.11560018682858478 0.054067043133485516 0.008647313156269298 0.013573543928923992 -0.08612081877184224 -0.05919348871624121 -0.11492785084918913 -0.08430071862907683 0.03196522183863956 -0.06268480189237138 0.0650887573964497 -0.060419235511713944 -0.02945869645268197 -0.08395181895607738 -0.15104231681438024 -0.012476606363069251 -0.1859368862118633 0.026670409882088707 0.08506379784838627 -0.005645889792231259 0.08508224617129892 0.029003021148036257 0.0554703174790511 -0.008397312859884837 -0.04941932295527552 -0.06207324643078832 -0.05848680935788949 0.0013157894736842118
0.018393623543838136 -0.07867820613690008 0.048797094870630955 -0.08681560365783077 -0.056683986773736414 -0.24937950596856168 -0.2318733897681266 -0.012178784557301184 -0.15118513773222295 -0.04563684137740285 -0.07718587878021005 -0.07714915503306394 -0.048832777513101486 -0.12165450121654504 -0.3545741324921135 -0.6860936923644412 -0.6975512905360689 -0.3087456400981785 -0.2951640532349454 -0.11934499028587287 -0.15816326530612246 -0.11212419911286346 -0.02128666035950804 -0.12962746700922573 -1.1617683998995225 -2.744726537829986 -3.7666489078316467 -2.3977505112474438 -0.6684491978609625 -0.26159849689261455 -0.1141025641025641 -0.13457187090627604 -0.1297310164246608 -0.18570214831897075 -0.25762289981331676 -0.29135092761954534 -1.0296896086369771 -1.4089709762532983 -0.7168214090660842 -0.20851185375606968 -0.06883604505632039 -0.15531523239760697 -0.08451030331095162 -0.20445418035779478 -0.17111904468792322 -0.21983512365725705 -0.3792569659442725 -0.5108639420589756 -0.33373542420587055 -0.2342606149341142 0.0739918608953015 0.253327107167873 0.06570004531037607 -0.09258160237388725 0.02445286709866732 -0.02368486661680378 -0.04963094935097989 -0.040681413679125346 -0.08193523214982443 -0.002777392028884878 0.019279431256777925 0.0023299161230195694 0.11560018682858478 0.06007449237053947 0.025941939468807906 0.025913129318854887 -0.06490264603095358 -0.04686151190035763 -0.10726599412590984 -0.08015478164731896 0.038358266206367474 -0.04494382022471909 0.07100591715976332 -0.02589395807644883 -0.028231250767153555 -0.08030173987103054 -0.15978030208463362 -0.006238303181534623 -0.18724630090349612 0.028074115665356537 0.08006004503377533 0.004516711833785004 0.09415768576290413 0.03021148036253777 0.07435382981234509 0.0047984644913627635 -0.04324190758586609 -0.05586592178770948 -0.05475360876057739 -0.010526315789473684
0.01716738197424893 -0.061818590536135774 0.04766227871084884 -0.03935640699154995 -0.050779404818138876 -0.22219595792459518 -0.2490491964176175 -0.04627938131774449 -0.1729660474055093 -0.03595629926704467 -0.06706314057952677 -0.05755571883419055 -0.0321581705574083 -0.0681265206812652 -0.24984227129337538 -0.639370466002705 -0.6922567835870285 -0.32037204495543214 -0.28857556990380817 -0.1096308631695809 -0.163265306122449 -0.07392804337111877 -0.02483443708609272 0.10977461170150649 -0.2888721426777192 -2.5527346217001385 -3.7559936068193926 -2.7620143149284258 -0.7633689839572192 -0.24425495013730308 -0.12307692307692306 -0.11670834821960223 -0.13806236610330874 -0.15535866003155724 -0.17548226509023024 -0.19074993467467988 -1.0229419703103912 -1.8350923482849602 -0.9066084107045331 -0.22422165095686947 -0.05632040050062578 -0.1288541187298665 -0.07872192637184534 -0.18741633199464525 -0.14280438261725964 -0.18111416437671748 -0.3599071207430341 -0.49405069839627525 -0.3726042085511326 -0.2518301610541728 0.07645825625847824 0.28134485173943496 0.07929315813321251 -0.06646884272997033 0.03667930064800097 0.0024931438544004065 -0.04072283023670146 -0.020340706839562676 -0.07673299518793084 0.002777392028884875 0.03012411133871551 0.020969245107176144 0.11092947220924802 0.08530577916616605 0.03829524397776406 0.03948667324777887 -0.05242136794807788 -0.028363546676532254 -0.11875877921082875 -0.062189054726368154 0.052422963815368886 -0.028385570668243643 0.06982248520710059 0.00246609124537608 -0.020866576653983063 -0.07300158170093686 -0.16477343652477844 -0.008733624454148471 -0.19117454497839467 0.0364963503649635 0.08381285964473355 0.029358626919602525 0.09642654566080545 0.04350453172205439 0.08615602502065385 0.016794625719769675 -0.03953545836422042 -0.04220980757293606 -0.05599800895968142 -0.006578947368421052
0.020846106683016556 -0.058446667415982936 0.051066727190195185 -0.027780993170505853 -0.016532829475673125 -0.2115589173856518 -0.22941970310391366 -0.06576543660942638 -0.1678411274823831 -0.03457336467985065 -0.06326711375427055 -0.03918687239774675 -0.004764173415912345 -0.06204379562043795 -0.18927444794952683 -0.49305299397516283 -0.6459298477829253 -0.33329027257460275 -0.2674924232441692 -0.11240632805995003 -0.14668367346938777 -0.05914243469689503 -0.0070955534531693485 0.10510335162910193 0.09168550615423261 -1.6622458001768348 -3.6081513052743746 -2.7620143149284258 -0.7553475935828876 -0.22546610781904897 -0.11794871794871793 -0.12266285578182683 -0.13092120923589623 -0.15293118096856415 -0.1568139390168015 -0.11235955056179774 -0.9176788124156545 -1.9538258575197887 -1.4964500273074823 -0.2842045129962868 -0.032540675844806 -0.12770363552692127 -0.043991664737207684 -0.18741633199464527 -0.14526652714514346 -0.1673744691481389 -0.3328173374613003 -0.5069839627521986 -0.48116874413617483 -0.2957540263543192 0.09865581452706869 0.2918515059537708 0.09968282736746717 -0.06528189910979229 0.06602274116640176 0.009972575417601597 -0.010180707559175365 -0.0012712941774726649 -0.0689296397450904 0.004166088043327314 0.03373900469936137 0.029123951537744643 0.11560018682858478 0.09491769794545235 0.03829524397776406 0.05676209279368213 -0.032451323015476784 -0.009865581452706865 -0.1174818030902822 -0.04422332780541735 0.06776627029791586 -0.02247191011235955 0.08520710059171598 0.002466091245376076 0.006137228427642079 -0.0790850468426816 -0.1585320184745974 -0.014971927635683094 -0.17022390991226918 0.02807411566535654 0.10507880910683012 0.049683830171635045 0.11571185479296653 0.04833836858006042 0.10267909831228608 0.02519193857965451 -0.021003212255992103 -0.027312228429546864 -0.029865604778496757 0.002631578947368421
0.031882280809319444 -0.06631448802967294 0.06468452110758056 -0.034726241463132315 0.004723665564478036 -0.15837371469093492 -0.21837811311495522 -0.0864693703568384 -0.1755285073670724 -0.04010510302862676 -0.04049095280273314 -0.029390154298310055 0.02501191043353978 -0.04744525547445255 -0.1539432176656151 -0.3209147915898192 -0.5625413633355395 -0.33587391809843686 -0.260903939913032 -0.11240632805995003 -0.12244897959183672 -0.05051749630359784 0.024834437086092717 0.09576083148429289 0.18337101230846523 -0.8361753189339396 -3.3564198188598824 -2.7645705521472395 -0.7406417112299465 -0.23413788119670467 -0.10384615384615385 -0.14409908300583543 -0.11544870268983576 -0.17235101347250875 -0.13067828251400124 -0.08753592892605173 -0.7705802968960864 -2.076517150395779 -2.135445111960677 -0.37275064267352187 -0.007509386733416772 -0.13345605154164747 -0.015049780041676314 -0.18985031033223806 -0.13172473224178263 -0.15863102672995252 -0.27476780185758515 -0.5367304707708225 -0.6728320600455703 -0.37188872620790636 0.12331976815883587 0.28951669390614054 0.12347077480743092 -0.058160237388724036 0.08925296491013572 0.028671154325604586 0.022906592008144565 -0.006356470887363337 -0.05852516582130316 -0.012498264129981947 0.03373900469936137 0.023299161230195715 0.13428304530593183 0.08410428931875527 0.0420012353304509 0.0728035538005923 -0.004992511233150272 -0.007399186089530149 -0.10981994636700294 -0.05113322277501382 0.08438818565400844 -0.028385570668243636 0.10650887573964499 -0.0049321824907521605 0.03191358782373881 -0.03163401873707264 -0.14854574959430783 -0.032439176543980035 -0.15712976299594078 0.016844469399213923 0.12509382036527394 0.046296296296296294 0.13613159387407828 0.05075528700906344 0.11448129352059482 0.04678502879078695 0.0 -0.04841713221601489 -0.021154803384768543 -0.011842105263157895
0.050275904353157576 -0.05282679554906149 0.08057194734453017 -0.025465910406297032 0.014170996693434103 -0.10518851199621795 -0.20610967979389033 -0.09255876263548898 -0.18193465727098018 -0.038722168441432725 -0.0012653422750854126 -0.015919666911584616 0.05002382086707956 -0.04136253041362531 -0.12996845425867506 -0.23361613180868063 -0.4526803441429517 -0.33587391809843686 -0.26353933324548684 -0.10685539827921176 -0.09056122448979594 -0.03449975357318876 0.05676442762535479 0.09576083148429289 0.1808590806330068 -0.3473537956296577 -2.8502930207778365 -2.7185582822085887 -0.7085561497326204 -0.22546610781904902 -0.08717948717948718 -0.14648088603072526 -0.10354677457748156 -0.16992353440951571 -0.11449906658369632 -0.08361640972040763 -0.6221322537112012 -2.1015831134564644 -2.6815947569634075 -0.4370179948586118 0.011264080100125156 -0.1242521859180856 -0.0023153507756425093 -0.18741633199464525 -0.1341868767696664 -0.1848613539845116 -0.22961816305469557 -0.5548370408691154 -1.01192869588527 -0.4524158125915081 0.13935133801948454 0.3058603782395517 0.13819664703217038 -0.03916913946587537 0.09903411174960264 0.06606831214161057 0.03308729956731993 0.010170353419781336 -0.04812069189751593 -0.006943480072212194 0.05663332931678515 0.022134203168685928 0.14012143858010276 0.08170130962393367 0.03953057442865967 0.08267522211253701 0.011233150274588117 0.0024663953631767167 -0.10726599412590984 -0.0359314538419016 0.11123897199846566 -0.011827321111768185 0.11479289940828401 0.0012330456226880375 0.0478703817356082 0.0012166930283489495 -0.1335663462738734 -0.03992514036182158 -0.12963205447165116 0.019651880965749578 0.15636727545659243 0.06887985546522132 0.1690300623936472 0.07129909365558913 0.13572524489555055 0.06357965451055662 0.037064492216456635 -0.03351955307262569 0.004977600796416124 -0.002631578947368421
0.06008583690987124 -0.04720692368214006 0.09305492510213345 -0.03125361731681908 0.0271610769957487 -0.06500413662687625 -0.19016071647650598 -0.10473754719279019 -0.1806534272901986 -0.038722168441432725 0.020245476401366574 -0.00734753857457752 0.08813720819437827 -0.0340632603406326 -0.10599369085173505 -0.19304069838927823 -0.3494374586366644 -0.3242475132411833 -0.25431545658189486 -0.09436580627255063 -0.08928571428571429 -0.008624938393297192 0.0804162724692526 0.11327805675580989 0.16955538809344387 -0.14399393709738537 -2.1283963771976557 -2.6201431492842535 -0.6697860962566845 -0.1907790143084261 -0.08205128205128207 -0.14648088603072526 -0.08450368959771484 -0.16870979487801918 -0.08462974486621033 -0.06663182649594981 -0.4682860998650473 -2.031662269129288 -3.0488803932277446 -0.47415024278777496 0.03379224030037547 -0.11734928670041418 0.020838156980782594 -0.18498235365705246 -0.10710328696294473 -0.1873594803897077 -0.19220846233230135 -0.5613036730470771 -1.5065004691060178 -0.5212298682284041 0.15908250092489826 0.31986925052533277 0.15518803806071593 -0.020178041543026704 0.12348697884826998 0.10097232610321616 0.04963094935097989 0.026697177726926008 -0.040317336454675515 -0.004166088043327317 0.061453187130979636 0.02329916123019572 0.14245679588977112 0.0889102487083984 0.04694255713403336 0.09624876604146101 0.022466300549176234 0.016031569860648662 -0.09960413740263056 -0.022111663902708675 0.13425393172228614 0.002365464222353639 0.13254437869822483 0.009864364981504312 0.06873695838959126 0.017033702396885265 -0.1198352265634752 -0.05489706799750467 -0.09427785779756447 0.012633352049410445 0.1688766574931198 0.08130081300813008 0.19852524106636416 0.08217522658610273 0.15342853770801368 0.0671785028790787 0.05683222139856684 -0.02358783364369956 0.031110004977600792 0.006578947368421052
0.06621704475781728 -0.03147128245476003 0.11234679981842939 -0.019678203495774975 0.041332073689182805 -0.03309301501004609 -0.17053122316280214 -0.09864815491413957 -0.2101217168481743 -0.03733923385423869 0.027837530051879028 -0.004898359049718345 0.10362077179609337 -0.0340632603406326 -0.09589905362776026 -0.15738349932374276 -0.27796161482461945 -0.30357834905051023 -0.30702332323099224 -0.08048848182070495 -0.07653061224489796 0.007392804337111872 0.08751182592242196 0.12612402195492237 0.15071590052750566 0.04926108374384236 -1.2706446457112415 -2.519171779141104 -0.6684491978609626 -0.16476369417545889 -0.0717948717948718 -0.12980826485649638 -0.07974291835277314 -0.1602136181575434 -0.0672059738643435 -0.040501698458322445 -0.3387314439946019 -1.943271767810027 -3.2659748771163293 -0.4898600399885747 0.06007509386733417 -0.12425218591808558 0.0358879370224589 -0.18498235365705243 -0.07386433583651361 -0.1911066699975019 -0.15092879256965946 -0.5690636316606311 -2.1913952553277043 -0.6105417276720352 0.16278209396966334 0.33271071678729863 0.1608518350702311 -0.013056379821958458 0.11859640542853651 0.11593118922961854 0.022906592008144565 0.030511060259344008 -0.08973858759266484 -0.022219136231079017 0.06627304494517411 0.023299161230195715 0.14946286781877627 0.0889102487083984 0.053119209388511425 0.08637709772951628 0.031203195207189217 0.011098779134295227 -0.12386668369301494 -0.03316749585406302 0.1508758470783787 0.013010053222945003 0.15857988165680473 0.01726263871763255 0.08592119798698908 0.018250395425234215 -0.11359380851329419 -0.06737367436057393 -0.1047531753306272 0.004211117349803483 0.18138603952964721 0.08581752484191509 0.20533182076006806 0.08700906344410876 0.15224831818718282 0.0539827255278311 0.046948356807511735 -0.04345127250155183 0.006222000995520155 -0.006578947368421054
0.07847946045370938 -0.025851410587838596 0.11915569677712208 -0.011575413821044106 0.040151157298063296 -0.027183548043966433 -0.1337259231996074 -0.10351966873706006 -0.23190262652146063 -0.035956299267044675 0.02910287232696444 -0.00612294881214793 0.1012386850881372 -0.04257907542579075 -0.10347003154574133 -0.15000614779294236 -0.2382528127068167 -0.2958274124790079 -0.3175648965608117 -0.0874271440466278 -0.08035714285714288 0.023410547067520944 0.09578997161778617 0.13196309704542802 0.1105249937201708 0.06947075912593154 -0.6699520511454449 -2.330010224948875 -0.6644385026737969 -0.14886544298309007 -0.04615384615384615 -0.12504465880671667 -0.06069983337300644 -0.148076222842578 -0.05600497822028625 -0.01959759602822054 -0.24021592442645073 -1.815303430079156 -3.331512834516657 -0.5055698371893744 0.06382978723404256 -0.13575701794753794 0.03820328779810141 -0.18985031033223804 -0.06770897451680413 -0.20109917561828627 -0.17672858617131065 -0.5936368339368857 -2.9258812491623107 -0.7291361639824305 0.15291651251695648 0.33738034088255897 0.1608518350702311 -0.0035608308605341297 0.09292089497493582 0.11842433308401894 0.0025451768897938433 0.006356470887363336 -0.13655872024970736 -0.06943480072212194 0.06506808049162549 0.026794035414725074 0.14012143858010276 0.09611918779286314 0.03953057442865966 0.09007897334649556 0.03619570644033949 0.01849796522382538 -0.1174818030902822 -0.03731343283582089 0.15215445595192428 0.014192785334121822 0.16449704142011834 0.012330456226880391 0.079783969559347 0.017033702396885265 -0.09237298714267882 -0.09232688708671241 -0.09689668718083017 -0.008422234699606962 0.17638228671503625 0.08581752484191509 0.20986954055587068 0.08821752265861027 0.1345450253747197 0.041986564299424184 0.030887076847047196 -0.059590316573556804 0.02239920358387257 -0.023684210526315787
0.08828939301042305 -0.01798358997414859 0.12709940989559693 0.012732955203148513 0.04723665564478035 -0.008273253752511527 -0.10182799656483868 -0.09134088417975887 -0.24983984625240235 -0.017978149633522338 0.03163355687713526 -0.0024491795248591714 0.09766555502620296 -0.029197080291970802 -0.11104100946372239 -0.12295585884667404 -0.2170747849106552 -0.2544890840976618 -0.32678877322440375 -0.07771301693033585 -0.0586734693877551 0.032035485460818136 0.11234626300851466 0.12612402195492237 0.11052499372017081 0.07957559681697614 -0.3809270111880661 -1.9465746421267895 -0.6176470588235294 -0.12863130510189333 -0.02435897435897436 -0.11670834821960223 -0.023803856224708403 -0.12622891127564023 -0.018668326073428745 0.007839038411288215 -0.15789473684210525 -1.604221635883905 -3.3137629710540693 -0.5055698371893744 0.07634543178973717 -0.13115508513575702 0.059041444778884 -0.18863332116344164 -0.044318601501908174 -0.19610292280789407 -0.17672858617131065 -0.6026901189860322 -3.6978957244337223 -0.821376281112738 0.1603156986064866 0.34321737100163435 0.17217942908926145 0.008308605341246292 0.09903411174960265 0.12964348042882073 0.011453296004072282 0.0012712941774726664 -0.23930290024710626 -0.12359394528537704 0.08314254729485479 0.032618825722273995 0.16464269033162074 0.12255196443590051 0.06053119209388512 0.10365251727541955 0.05866200698951572 0.03452953508447405 -0.10726599412590984 -0.015201768933112217 0.1585475003196522 0.01655824955647546 0.17988165680473372 0.019728729963008628 0.09205842641463115 0.026767246623676848 -0.061165896891773805 -0.0973175296319401 -0.1008249312557287 0.0028074115665356536 0.18513885414060546 0.08355916892502259 0.2110039705048213 0.09063444108761329 0.13336480585388882 0.052783109404990404 0.02223869532987398 -0.0521415270018622 0.029865604778496768 -0.031578947368421054
0.09074187614960147 -0.010115769360458582 0.1350431230140717 0.025465910406297025 0.05668398677373643 0.0035456801796477934 -0.055207949944792056 -0.08281573498964805 -0.2613709160794363 -0.017978149633522338 0.039225610527647725 0.014695077149155033 0.09885659838018104 -0.024330900243309004 -0.10851735015772872 -0.10451248001967292 -0.18530774321641297 -0.21831804676398398 -0.33337725655554096 -0.0749375520399667 -0.04209183673469388 0.04558896007885658 0.12771996215704826 0.11794931682821438 0.11429289123335844 0.08210180623973728 -0.2503995737879595 -1.390593047034765 -0.5641711229946524 -0.12429541841306549 -0.008974358974358972 -0.10479933309515303 -0.005950964056177099 -0.11773273455516446 0.007467330429371502 0.03135615364515286 -0.09446693657219975 -1.283641160949868 -3.2782632441288917 -0.5027135104255928 0.08260325406758448 -0.13805798435342848 0.08103727714748785 -0.1764634294754777 -0.025852517542779764 -0.18860854359230578 -0.16124871001031993 -0.6169167097775479 -4.4605280793459325 -0.8960468521229867 0.1664816870144284 0.3502218071445249 0.1687811508835523 0.026112759643916916 0.1039246851693361 0.14086262777362255 0.020361415118350722 -0.021612001017035344 -0.34464819872545194 -0.1902513539786141 0.09037233401614651 0.033783783783783786 0.18332554880896776 0.11053706596179262 0.08153180975911056 0.10118460019743339 0.08986520219670494 0.020964360587002094 -0.09066530455880475 -0.034549474847982306 0.16366193581383456 0.03429923122412774 0.1834319526627219 0.04315659679408138 0.10678777464097214 0.04015086993551527 -0.028710523030832602 -0.11478477854023705 -0.10868141940552574 0.0028074115665356536 0.1963972979734801 0.08694670280036133 0.22007941009642656 0.08217522658610273 0.14398678154136668 0.05398272552783109 0.02718062762540153 -0.05090006207324643 0.05350920856147336 -0.031578947368421054
0.10055180870631512 -0.01798358997414859 0.14185201997276442 0.04398657251996759 0.07203589985829002 0.0035456801796477947 -0.008587903324745422 -0.07550846425526733 -0.26521460602178093 -0.029041626331074544 0.05187903327850184 0.014695077149155036 0.11553120533587422 -0.026763990267639905 -0.08958990536277603 -0.09467601131193899 -0.15354070152217072 -0.1808551866683891 -0.32942416655685863 -0.062447960033305584 -0.03826530612244898 0.043124691966485953 0.14309366130558182 0.13079528202732688 0.12559658377292135 0.09725906277630417 -0.20378263185935003 -0.7783742331288344 -0.4946524064171124 -0.0997253938430409 -2.7755575615628915e-18 -0.10599023460759796 0.010711735301118783 -0.09831290205121981 0.031113876789047912 0.044421217663966554 -0.0418353576248313 -0.7941952506596306 -3.122610595303113 -0.4812910596972294 0.09011264080100126 -0.14611136677404507 0.09145635563787916 -0.17646342947547766 -0.012310722639418932 -0.18111416437671746 -0.15092879256965946 -0.6414899120538025 -5.081088325961668 -0.9385065885797947 0.17141447774078183 0.3362129348587438 0.17217942908926143 0.03323442136498517 0.11737376207360314 0.13587634006482174 0.02545176889793841 -0.08390541571319603 -0.6216673169462869 -0.28190529093181504 0.09880708519098685 0.023299161230195715 0.1914992993928071 0.1165445151988466 0.0926497838171711 0.09254689042448175 0.1073389915127309 -0.0036995930447650733 -0.0778955433533393 -0.06357103372028745 0.16238332694028895 0.027202838557066816 0.1905325443786982 0.0468557336621455 0.12151712286731312 0.035284097822119484 -0.014979403320434407 -0.13599500935745476 -0.12177556632185413 -0.01403705783267827 0.19889917438078558 0.08017163504968383 0.21440726035167326 0.08580060422960725 0.15696919627050634 0.05518234165067178 0.03953545836422041 -0.04841713221601489 0.07964161274265803 -0.02368421052631579
0.10913549969343958 -0.020231538720917163 0.15206536541080345 0.03241115869892349 0.08738781294284365 0.009455147145727455 0.01840264998159735 -0.02801120448179273 -0.2690582959641256 -0.03457336467985064 0.050613691003416415 0.014695077149155033 0.12505955216769893 -0.041362530413625295 -0.09085173501577286 -0.09590556990040575 -0.13898080741230973 -0.15243508590621369 -0.3452365265515879 -0.07216208714959756 -0.02678571428571429 0.04312469196648595 0.15728476821192056 0.12378839191872007 0.1306204471238382 0.0959959580649236 -0.15982951518380395 -0.3987730061349693 -0.4304812834224599 -0.09538950715421304 0.011538461538461534 -0.11194474216982257 0.041656748393239705 -0.10559533924019907 0.048537647790914754 0.03919519205644108 0.0053981106612685575 -0.3218997361477573 -2.950573457127253 -0.4655812624964296 0.10012515644555693 -0.16566958122411415 0.10419078490391295 -0.19836923451381283 0.0012310722639418917 -0.1873594803897077 -0.1393188854489164 -0.6854630108639421 -5.501943439217264 -0.9692532942898973 0.18004686151190036 0.31286481438244224 0.17671046669687357 0.008308605341246292 0.11981904878346987 0.11593118922961856 0.015271061338763044 -0.1741673023137554 -1.1392898946547017 -0.39855575614497984 0.09398722737679237 0.016309412861136997 0.1914992993928071 0.11774600504625736 0.08647313156269303 0.10612043435340572 0.10858711932101846 -0.013565174497471943 -0.07023368663006004 -0.08291873963515756 0.15599028257256106 0.027202838557066827 0.19881656804733727 0.03452527743526511 0.11537989443967105 0.035284097822119484 -0.013731119710398204 -0.12351840299438552 -0.14403561607961243 -0.025266704098820886 0.19889917438078558 0.060975609756097573 0.2257515598411798 0.07009063444108762 0.1593296353121681 0.04318618042226487 0.043241907585866074 -0.074487895716946 0.0983076157292185 -0.04473684210526315
0.10545677498467196 -0.011239743733842868 0.1486609169314571 0.030096075934714667 0.09329239489844118 0.009455147145727453 0.02085633664581033 -0.007307270734380716 -0.2959641255605382 -0.03872216844143272 0.050613691003416415 0.013470487386725447 0.12267746545974274 -0.041362530413625295 -0.08832807570977916 -0.09713512848887249 -0.12442091330244871 -0.13305774447745766 -0.36500197654499933 -0.06799888981404385 -0.024234693877551023 0.048053228191227204 0.1620151371807001 0.12612402195492234 0.13062044712383822 0.10483769104458762 -0.14651038891848694 -0.3617075664621677 -0.40106951871657753 -0.07371007371007371 0.019230769230769225 -0.0976539240204835 0.04403713401571054 -0.09345794392523364 0.05600497822028625 0.04442121766396655 -1.3877787807814458e-18 -0.14511873350923482 -2.3607318405243034 -0.40131391031133967 0.09261576971214017 -0.15646571560055222 0.10419078490391295 -0.19593525617622004 0.006155361319709467 -0.19360479640269798 -0.14834881320949433 -0.6764097258147956 -5.412143144350624 -0.9399707174231333 0.178813663830312 0.31053000233481204 0.17784322609877662 0.013056379821958456 0.11859640542853649 0.10346546995761656 -0.02290659200814456 -0.3483346046275108 -1.953439979191052 -0.474934036939314 0.09519219183034101 0.0 0.19617001401214387 0.10933557611438185 0.09141445336627549 0.09131293188548865 0.10858711932101846 -0.07892465162165496 -0.13791342101902695 -0.14096185737976782 0.1483186293312876 0.015375517445298637 0.2 0.024660912453760793 0.12519945992389836 0.03893417690716632 0.017475970540506803 -0.10355583281347473 -0.10868141940552574 -0.01824817518248175 0.19264448336252188 0.0598464317976513 0.22802041973908108 0.0785498489425982 0.16169007435382984 0.05638195777351247 0.04941932295527551 -0.08193668528864059 0.09333001493280238 -0.04473684210526316
0.10055180870631512 -0.023603461841070022 0.14185201997276442 0.018520662113670566 0.09447331128956069 -0.008273253752511525 0.022083179977916822 -0.0012178784557301176 -0.31518257527226146 -0.058083252662149074 0.06706314057952675 0.009796718099436687 0.140543115769414 -0.04501216545012165 -0.06309148264984225 -0.09590556990040575 -0.10853739245532759 -0.1033458209533652 -0.35709579654763474 -0.06938662225922843 -0.01785714285714286 0.05544603252833909 0.1750236518448439 0.13780217213593365 0.13815624215021352 0.12378426171529622 -0.13452317527970167 -0.3156952965235173 -0.37834224598930477 -0.05492123139181963 0.023076923076923078 -0.08217220435869954 0.05474886931682933 -0.08132054861026825 0.05600497822028624 0.04964724327149203 -0.02024291497975709 0.03430079155672824 -1.7353904969961764 -0.33419023136246795 0.09136420525657071 -0.14611136677404513 0.1157675387821255 -0.18254837531945964 0.014772867167302719 -0.19360479640269798 -0.1625386996904025 -0.6492498706673565 -5.195014073180539 -0.8857979502196194 0.18251325687507708 0.30586037823955176 0.18237426370638876 0.013056379821958456 0.11859640542853649 0.08850660683121417 -0.09035377958768134 -0.5148741418764302 -2.589413447782546 -0.5471462296903209 0.11567658754066754 -0.013979496738117428 0.1938346567024755 0.10212663702991712 0.1012970969734404 0.06786771964461995 0.09610584123814278 -0.13935133801948454 -0.3447835525475674 -0.1893311221669431 0.13808975834292292 0.004730928444707268 0.19408284023668637 0.018495684340320596 0.13379157972259728 0.04380094902056211 0.03869679191112221 -0.0761072988147224 -0.06416131989000914 -0.011229646266142614 0.20890668001000745 0.06775067750677506 0.2473057288712422 0.08942598187311179 0.17939336716629298 0.06238003838771593 0.05683222139856684 -0.06828057107386716 0.0895968143354903 -0.03289473684210527
0.0968730839975475 -0.03709115432168147 0.14412165229232865 0.003472624146313233 0.09211147850732168 -0.02245597447110271 0.013495276653171392 -0.00365363536719035 -0.32927610506085847 -0.07744433688286544 0.04428697962798937 0.01836884643644379 0.140543115769414 -0.031630170316301706 -0.06687697160883278 -0.08729865978113857 -0.11515552614162805 -0.05684020152435086 -0.3584134932138622 -0.07077435470441298 -0.030612244897959183 0.054213898472153764 0.1620151371807001 0.14130561719023707 0.1180607887465461 0.12504736642667677 -0.15316995205114545 -0.28118609406952966 -0.391711229946524 -0.03613238907356554 0.01923076923076923 -0.07145409074669526 0.053558676505593907 -0.07039689282679937 0.05476042314872433 0.047034230467729296 -0.025641025641025644 0.15039577836411608 -1.19197160021846 -0.2599257355041417 0.08010012515644556 -0.135757017947538 0.12271359110905304 -0.16794450529390287 0.022159300750954077 -0.18486135398451162 -0.1715686274509804 -0.6052767718572168 -4.839833802439353 -0.7920937042459737 0.16401529165125167 0.28367966378706516 0.16991391028545538 -0.013056379821958458 0.09414353832986917 0.04363001745200697 -0.18452532451005346 -0.733536740401729 -2.980881779165041 -0.611026246354673 0.10362694300518134 -0.010484622553588072 0.1926669780476413 0.09852216748768472 0.09635577516985794 0.053060217176702874 0.05991013479780329 -0.27376988531261565 -0.7291533648320776 -0.25290215588723053 0.11763201636619361 -0.00946185688941455 0.19171597633136095 0.014796547472256477 0.12519945992389836 0.048667721133957904 0.04244164274123081 -0.05489706799750469 -0.04452009951551658 -0.011229646266142614 0.19889917438078558 0.05307136404697379 0.24276800907543955 0.08700906344410878 0.1675911719579842 0.06118042226487523 0.04447739065974796 -0.07572936064556175 0.05599800895968142 -0.028947368421052628
0.08828939301042306 -0.03259525682814431 0.147526100771675 0.005787706910522054 0.09919697685403875 -0.01063704053894339 0.014722119985277884 0.008525149190110829 -0.32671364509929535 -0.06914672935970129 0.03669492597747691 0.013470487386725447 0.12386850881372083 -0.0389294403892944 -0.06561514195583593 -0.08852821836960531 -0.12177365982792851 -0.03875468285751195 -0.351825009882725 -0.07910074937552039 -0.017857142857142856 0.04928536224741251 0.16319772942289498 0.13663435711783253 0.12057272042200454 0.11999494758115448 -0.14384656366542356 -0.26329243353783227 -0.38636363636363635 -0.03902298019945079 0.014102564102564103 -0.053590568060021423 0.05712925493930017 -0.054618278917344346 0.05102675793403859 0.060099294486542984 -0.022941970310391364 0.20184696569920843 -0.8014746040415073 -0.19280205655526989 0.057571964956195244 -0.12195121951219516 0.11113683723084049 -0.1521236460995497 0.0036932167918256793 -0.1748688483637272 -0.18962848297213625 -0.5444904293843768 -4.325157485591744 -0.704245973645681 0.15291651251695643 0.2591641372869484 0.15971907566832805 -0.03560830860534125 0.08436239149040224 -0.0087260034904014 -0.24815474675489946 -0.9750826341215356 -3.1057354662504872 -0.6762949590334675 0.08675744065550067 -0.011649580615097858 0.18566090611863614 0.09131322840322 0.08770846201358865 0.03455083909180652 -0.011233150274588122 -0.6141324454310026 -1.1275699144426 -0.3081813156440022 0.0933384477688275 -0.030751034890597283 0.18698224852071005 0.007398273736128241 0.12151712286731312 0.05718457233240054 0.05866932967170141 -0.01621958827199003 -0.044520099515516574 -0.01263335204941044 0.19764823617713284 0.04290876242095754 0.238230289279637 0.08096676737160122 0.17349226956213853 0.05758157389635317 0.055596738324684945 -0.10180012414649284 0.06844201095072175 -0.02894736842105263
0.08338442673206622 -0.02360346184107002 0.14639128461189288 0.03241115869892349 0.09801606046291923 0.007091360359295593 0.014722119985277879 0.0024357569114602335 -0.30365150544522745 -0.05946618724934312 0.03796026825256232 0.02204261572373255 0.12267746545974272 -0.0316301703163017 -0.05804416403785486 -0.07131439813107095 -0.11118464592984778 -0.028420100762175427 -0.30175253656608253 -0.07632528448515127 -0.025510204081632654 0.061606702809265654 0.16911069063386944 0.1459768772626416 0.11806078874654609 0.13515220411772136 -0.13851891315929676 -0.24156441717791416 -0.36898395721925137 -0.02601532013296719 0.01282051282051282 -0.04644515898535191 0.0654606046179481 -0.02427479062993081 0.05600497822028625 0.07316435850535667 -0.012145748987854251 0.2255936675461741 -0.5625341343528125 -0.14567266495287062 0.047559449311639544 -0.08858720662678324 0.10303310951609171 -0.12291590604843614 -0.0036932167918256814 -0.14738945790657007 -0.19865841073271415 -0.4694774961200207 -3.613456641200912 -0.5885797950219621 0.14921691947219137 0.2708381975250992 0.158586316266425 -0.015430267062314543 0.08436239149040227 -0.004986287708800804 -0.2723339272079409 -1.0945842868039664 -3.1161399401742744 -0.6735175670045828 0.06627304494517412 -0.009319664492078286 0.15530126109294723 0.10212663702991712 0.04817788758492898 0.024679170779861804 -0.14478282576135798 -1.2812923911703045 -1.3638104967437108 -0.3344389165284688 0.0869454034010996 -0.02365464222353637 0.17869822485207099 0.017262638717632554 0.1190622314962563 0.07543496775763475 0.06865559855199102 0.00623830318153461 -0.061542490506743486 -0.011229646266142614 0.19264448336252188 0.05420054200542006 0.23936471922858762 0.08821752265861027 0.17349226956213853 0.07917466410748561 0.08030639980232271 -0.08069522036002481 0.10701841712294673 -0.006578947368421048
0.07847946045370938 -0.025851410587838596 0.1395823876532002 0.03125361731681908 0.10273972602739725 0.001181893393215929 0.008587903324745428 -0.015832419924491532 -0.29212043561819345 -0.0705296639468953 0.04428697962798937 0.029390154298310066 0.12982372558361122 -0.029197080291970805 -0.0441640378548896 -0.07254395671953767 -0.09530112508272667 -0.06459113809585325 -0.29252865990249044 -0.08603941160144324 -0.025510204081632654 0.08255298176441596 0.16792809839167452 0.1541515823893495 0.12057272042200451 0.14652014652014653 -0.12386787426744805 -0.2466768916155419 -0.36764705882352944 -0.024570024570024572 0.0012820512820512816 -0.03334524234845778 0.05831944775053559 -0.027916009224420436 0.06098319850653391 0.08361640972040763 -0.013495276653171389 0.23746701846965693 -0.457400327689787 -0.11139674378748929 0.052565707133917394 -0.06557754256787851 0.10650613567955547 -0.11074601436047218 0.006155361319709465 -0.11866100424681489 -0.1715686274509804 -0.40351784790481116 -2.86154670955636 -0.45534407027818447 0.15045011715377973 0.2801774457156199 0.158586316266425 -0.011869436201780418 0.09047560826506909 -0.007479431563201196 -0.3066938152201578 -1.1581489956775999 -3.1473533619456364 -0.6540758228023887 0.05060850704904206 -0.005824790307548929 0.13194768799626344 0.09852216748768473 0.016059295861643005 -0.016041461006910167 -0.28082875686470293 -2.073005302750031 -1.635806410420125 -0.36207849640685463 0.08822401227464517 -0.023654642223536373 0.18106508875739646 0.022194821208384712 0.13379157972259728 0.07056819564423897 0.0923729871426788 -0.06737367436057393 -0.09165902841429882 -0.015440763615946096 0.19514635976982736 0.060975609756097573 0.24503686897334087 0.08700906344410878 0.19001534285377078 0.07677543186180423 0.09636767976278723 -0.03724394785847298 0.10452961672473868 -0.005263157894736842
0.082158185162477 -0.019107564347532874 0.14298683613254654 0.021993286259983792 0.10982522437411432 -0.003545680179647797 0.002453686664212981 -0.008525149190110826 -0.2805893657911595 -0.07467846770847739 0.05061369100341643 0.03796228263531717 0.14411624583134824 -0.027980535279805353 -0.023974763406940065 -0.07992130825033812 -0.09662475181998677 -0.09430306161994575 -0.2753986032415338 -0.09020260893699697 -0.03443877551020408 0.09117792015771316 0.15728476821192053 0.15765502744365292 0.10173323285606631 0.1427308323860048 -0.13718700053276506 -0.28885480572597133 -0.375668449197861 -0.04191357132533603 0.0051282051282051265 -0.036917946885792544 0.055939062128064744 -0.035198446413399684 0.054760423148724334 0.06924483929971256 -0.032388663967611336 0.21240105540897097 -0.402785363189514 -0.10568409025992573 0.057571964956195244 -0.054072710538426126 0.10419078490391295 -0.10101010101010102 0.01600393943124461 -0.11741194104421684 -0.1496388028895769 -0.37247801345059495 -2.0453022383058572 -0.3367496339677891 0.14921691947219137 0.2848470698108802 0.15971907566832805 -0.010682492581602376 0.08191710478053553 -0.0024931438544004035 -0.3334181725629931 -1.1505212306127637 -3.0615164520743914 -0.5971392862102487 0.04337872032775033 -0.018639328984156572 0.11793554413825316 0.07329088069205814 -0.025941939468807917 -0.06910167818361303 -0.48427358961557665 -2.4380318165001853 -1.7507342612693144 -0.40353786622443344 0.08822401227464519 -0.02247191011235955 0.17751479289940825 0.01602959309494452 0.12888179698048363 0.0511011071906558 0.0461864935713394 -0.198378041172801 -0.1270132250883855 -0.0364963503649635 0.19139354515886914 0.07339656729900633 0.23936471922858762 0.09788519637462237 0.18175380620795464 0.08637236084452975 0.08648381517173213 -0.009931719428926131 0.08710801393728222 0.005263157894736843
0.08828939301042306 -0.030347308081375746 0.147526100771675 0.0034726241463132294 0.11691072272083136 -0.014182720718591179 -0.0024536866642129824 -0.009743027645840948 -0.24983984625240224 -0.0760614022956714 0.05820574465392888 0.03796228263531717 0.14530728918532634 -0.03771289537712895 -0.015141955835962145 -0.09344645272347227 -0.09927200529450694 -0.1033458209533652 -0.2516800632494399 -0.09159034138218153 -0.033163265306122444 0.08624938393297191 0.14900662251655628 0.149480322316945 0.09294147199196182 0.1338890994063408 -0.15050612679808203 -0.2926891615541922 -0.358288770053476 -0.043358866888278655 0.015384615384615385 -0.04525425747290699 0.052368483694358495 -0.0327709673504066 0.05102675793403858 0.06532532009406847 -0.033738191632928474 0.2137203166226913 -0.3345166575641726 -0.08997429305912598 0.057571964956195244 -0.037965945697192825 0.09377170641352166 -0.1046610685164902 0.012310722639418934 -0.11241568823382461 -0.14447884416924667 -0.3091050181065701 -1.2344189786891837 -0.2401171303074671 0.14675052410901468 0.2860144758346953 0.1495242410512007 -0.017804154302670624 0.07580388800586871 -0.00997257541760159 -0.3563247645711377 -1.1327231121281465 -2.9730784237222005 -0.5290931815025692 0.044583684781298955 -0.03844361602982292 0.10625875758991125 0.05166406343866394 -0.053119209388511425 -0.11846001974333661 -0.6727408886669994 -2.537920828708842 -1.7839356404035247 -0.41735765616362636 0.07415931466564378 -0.03311649911295092 0.15976331360946744 -0.0012330456226880382 0.09819565484227323 0.024333860566978956 -0.051179628011484214 -0.2345601996257018 -0.14927327484614378 -0.046322290847838295 0.18388791593695272 0.07565492321589883 0.22461712989222912 0.08942598187311179 0.1605098548329989 0.07197696737044147 0.060538670620212495 -0.0186219739292365 0.05226480836236933 -0.0026315789473684236
0.07112201103617413 -0.020231538720917163 0.13958238765320016 -0.005787706910522054 0.1062824752007558 -0.003545680179647797 -0.02576370997423629 0.01826817683595177 -0.2370275464445868 -0.056700318074955056 0.054409717828672655 0.05143277002204262 0.13220581229156741 -0.032846715328467155 -0.03028391167192429 -0.09098733554653879 -0.12177365982792851 -0.10463764371528225 -0.2464092765845302 -0.08742714404662781 -0.022959183673469392 0.09733859043863972 0.16083254493850518 0.1366343571178325 0.10550113036925395 0.1149425287356322 -0.14384656366542353 -0.3067484662576687 -0.31016042780748665 -0.056366526954762255 0.006410256410256411 -0.028581636298678097 0.04760771244941679 -0.03277096735040659 0.043559427504667084 0.07447086490723805 -0.05668016194331984 0.22163588390501315 -0.3031130529765156 -0.0742644958583262 0.051314142678347927 -0.01955821445006903 0.0926140310257004 -0.09492515516611902 0.0024621445278837873 -0.10117411941044216 -0.152218782249742 -0.24961200206932235 -0.5602466157351562 -0.16983894582723277 0.15538290788013318 0.3081951902871819 0.1642501132759402 -0.018991097922848664 0.07335860129600195 -0.007479431563201193 -0.3626877067956223 -1.0933129926264937 -2.6804525946156845 -0.4443827246215804 0.034943969152909996 -0.02679403541472507 0.10158804297057449 0.03964916496455605 -0.07411982705373688 -0.15794669299111547 -0.8237643534697954 -2.5564187939326675 -1.8081981866939087 -0.3938640132669984 0.05625879043600564 -0.02483737433471319 0.14201183431952663 -0.0061652281134401965 0.06382717564747761 0.007300158170093693 -0.13481462988390963 -0.2333125389893949 -0.16236742176247215 -0.0364963503649635 0.18263697773329995 0.07678410117434507 0.22688598979013044 0.07613293051359518 0.15460875722884454 0.052783109404990404 0.050654806029157395 -0.040968342644320296 0.031110004977600803 -0.023684210526315787
0.06376456161863887 -0.013487692480611446 0.1418520199727644 0.0034726241463132294 0.10155880963627775 -0.004727573572863729 -0.036805299963194704 0.028011204481792718 -0.21909032671364512 -0.04010510302862674 0.055675060103758056 0.056331129071760966 0.12863268222963317 -0.032846715328467155 -0.022712933753943215 -0.08729865978113857 -0.11647915287888815 -0.10205399819144811 -0.2161022532612992 -0.08187621426588955 -0.028061224489795922 0.09610645638245442 0.15018921475875116 0.13780217213593365 0.10424516453152474 0.1149425287356322 -0.13052743740010656 -0.3093047034764826 -0.2647058823529412 -0.05781182251770488 -0.0025641025641025645 -0.01905442419911873 0.028564627469650085 -0.026702269692923896 0.03982576228998133 0.08100339691664489 -0.06747638326585695 0.2229551451187335 -0.27853631895139264 -0.06855184233076264 0.04255319148936171 -0.011504832029452369 0.08682565408659412 -0.08397225264695145 0.0012310722639418945 -0.09492880339745192 -0.14705882352941177 -0.21081220900155198 -0.06969575123978018 -0.12298682284040993 0.15291651251695645 0.32920849871585334 0.16651563207974626 -0.0011869436201780367 0.0721359579410686 -0.0024931438544003926 -0.35377958768134377 -1.0284769895753878 -2.1589283391858496 -0.34023052353839744 0.024099289070972408 -0.0244641192917055 0.08757589911256423 0.0336417157275021 -0.09388511426806671 -0.19743336623889438 -0.9111333000499252 -2.558885189295844 -1.824798876261014 -0.37313432835820903 0.042194092827004225 -0.04139562389118865 0.12781065088757396 -0.01726263871763255 0.05400761016325027 -0.024333860566978942 -0.16851828735488703 -0.24079850280723644 -0.14927327484614375 -0.037900056148231324 0.17262947210407806 0.08581752484191509 0.20873511060692002 0.08459214501510574 0.1439867815413667 0.0683781190019194 0.04200642451198418 -0.017380509000620735 0.003733200597312096 -0.0013157894736842118
