-0.018373346398824104 0.03261358524516419 0.01813647698934482 -0.01852924145917776 -0.024784609937448365 0.06863905325443787 -0.08835439931279912 -0.0036545255207698865 -0.03590664272890485 0.04013840830449826 -0.12381554011370817 -0.008571078731480348 -0.07609083343240994 -0.02555366269165247 -0.07958564931783729 -0.027106949236076882 -0.08097703438205231 -0.02068519715578539 0.0158311345646438 -0.062499999999999986 -0.024271844660194178 -0.028332101502833208 0.014179369018078697 -0.01281901876238201 -0.05343606312911644 0.03646881287726358 0.021439099557818572 0.056533470384170614 0.06566604127579737 0.10436295115234091 -0.043606515326407594 -0.01902723272684029 0.019015925837889233 -0.02777777777777778 0.03227408142999007 0.06395197076481336 -0.045902524638855136 -0.003955696202531644 -0.0382879803090387 -0.007158196134574088 -0.1336497626779915 -0.2125459558823529 -0.11673601479426723 -0.17878861590853806 -0.02459722051408191 -0.12078196986676626 0.003856041131105396 -0.1350298623734095 0.028112449799196786 -0.13154048523823442 -0.07736706373572393 -0.17380146973054938 -0.26767562683532864 -0.060526940422501785 -0.05254154447702834 0.09345794392523363 0.040831951001658796 0.04320752319227348 0.05888510861031143 0.018030513176144243 -0.09868816945480804 -0.3956582633053221 -1.099696474433808 -0.44673952203674794 -0.14814814814814814 0.04941321803582459 -0.04870738104158861 0.04937052579609973 -0.1330433670205961 0.04014952235913054 -0.12528765021733573 -0.26017029328287605 -0.38397920604914937 -0.3644871321265854 -0.1669531058188068 -0.13386880856760375 -0.148619957537155 -0.1484530938123752 -0.05372117400419287 -0.11083052749719417 -0.09995002498750626 -0.07000903342366757 -0.26360448014481275 -0.06404833836858007 -0.1696912561866604 -0.002399808015358773 -0.14575098814229248 -0.039781203381402286 -0.095926248909929 -0.047380889707817855
-0.009799118079372856 0.021367521367521364 0.00906823849467241 -0.0115807759119861 -0.022424170895786615 0.07573964497041422 -0.07240152165909927 0.008527226215129736 -0.03205950243652218 0.04844290657439446 -0.09349336702463676 -0.01224439818782907 -0.04993460944001902 -0.019469457288878073 -0.05179383527033856 -0.032035485460818136 -0.05708217177751228 -0.025856496444731737 0.0237467018469657 -0.06527777777777777 -0.022994379151762903 -0.04065040650406504 0.0011816140848398937 -0.010488288078312553 -0.06089225798434199 0.032696177062374245 0.02679887444727322 0.05524861878453038 0.058965424819083345 0.10291346571966953 -0.051301782736950095 -0.03210845522654299 0.019015925837889233 -0.028985507246376812 0.03351539225422046 0.06003654398329418 -0.0324017820980154 -0.002637130801687758 -0.03008341309995898 0.0028632784538296326 -0.1336497626779915 -0.2274816176470588 -0.11673601479426723 -0.1909511067866699 -0.028286803591194194 -0.1270078446021666 0.0051413881748071984 -0.13892495455725787 0.0214190093708166 -0.13007892429114293 -0.08473535552007859 -0.2006298845211711 -0.310594081770951 -0.08782340375029671 -0.06598240469208211 0.07725856697819314 0.05359193568967717 0.03049942813572245 0.05626799267207537 0.011095700416088764 -0.11433385485618006 -0.5030345471521942 -1.8795236983422832 -0.6532965053440616 -0.18395061728395062 0.01235330450895615 -0.04620956662919946 0.03209084176746483 -0.13816041959831132 0.024920393188425864 -0.12145231398619279 -0.29919583727530746 -0.5966446124763705 -0.4494520379263638 -0.18659464767984288 -0.14360472191797496 -0.15111777194954418 -0.155938123752495 -0.06158280922431867 -0.11784511784511786 -0.08995502248875561 -0.09033423667570009 -0.2737866274465438 -0.09184290030211481 -0.17086966768795664 -0.027597792176625873 -0.13957509881422928 -0.05345599204375932 -0.10090943067148375 -0.05396156883390366
-0.0061244487996080345 0.015744489428699954 -0.004534119247336205 -0.01621308627678054 -0.022424170895786612 0.06745562130177515 -0.06013007731009941 0.007309051041539771 -0.03205950243652218 0.044290657439446365 -0.09349336702463677 -0.013468838006611977 -0.05469028652954464 -0.021903139449987834 -0.045477513895907026 -0.03449975357318876 -0.053099694676755606 -0.021978021978021976 0.014511873350923483 -0.049999999999999996 -0.01788451711803781 -0.046809559004680965 0.004726456339359567 -0.019811210814590374 -0.05343606312911644 0.02515090543259557 0.032158649336727865 0.05396376718489014 0.05896542481908336 0.10581243658501231 -0.058997050147492625 -0.0463788797716732 0.009507962918944617 -0.033816425120772944 0.02855014895729891 0.04959540589924302 -0.0324017820980154 -0.010548523206751051 -0.02734855736359907 0.002863278453829634 -0.1286535098675993 -0.24126838235294118 -0.13060564031437819 -0.20676234492824133 -0.02459722051408191 -0.1419499439671274 0.012853470437017993 -0.1428200467411062 0.014725568942436412 -0.11984799766150249 -0.09087559867370748 -0.23678992184766123 -0.3467359385588435 -0.12224068359838595 -0.07575757575757576 0.05607476635514018 0.05869592956488452 0.01143728555089592 0.058885108610311446 -0.002773925104022191 -0.13720062582741605 -0.6349206349206349 -2.7445715619892597 -0.8826708298306712 -0.2148148148148148 -0.024706609017912287 -0.047458473835394026 -0.006171315724512469 -0.13943968274274016 0.0013844662882458864 -0.1367936589107645 -0.34531693472090824 -0.8482986767485823 -0.5504248245289989 -0.21114657500613795 -0.1642935377875137 -0.1548644935681279 -0.1684131736526946 -0.07206498951781973 -0.127665544332211 -0.09245377311344329 -0.10049683830171634 -0.28962552324923635 -0.11238670694864047 -0.1708696676879566 -0.03719702423806096 -0.13586956521739132 -0.04972650422675286 -0.10340102155226112 -0.04869702553303501
0.002449779519843216 0.017993702204228516 -0.021537066424846974 -0.011580775911986103 -0.022424170895786615 0.056804733727810655 -0.05644864400539945 -0.0036545255207698865 -0.03718902282636573 0.03460207612456747 -0.08591282375236893 -0.0171421574629607 -0.07133515634288431 -0.015818934047213434 -0.04800404244567964 -0.03449975357318876 -0.049117217575998934 -0.028442146089204912 0.01715039577836412 -0.04722222222222222 -0.008942258559018907 -0.04065040650406505 -0.0011816140848398909 -0.023307306840694555 -0.05219336398657885 0.03898390342052314 0.02947876189200054 0.06681228318129255 0.061645671401768964 0.12900420350775474 -0.06284468385276389 -0.049946485907955765 -0.010696458283812691 -0.04830917874396135 0.01489572989076465 0.024797702949621515 -0.05130282165519103 -0.036919831223628685 -0.04785997538629837 -0.024337866857551897 -0.13115163627279539 -0.24586397058823523 -0.14909847434119278 -0.22743857942106543 -0.03566596974541877 -0.1419499439671274 0.002570694087403598 -0.14411841080238902 0.009370816599732263 -0.11546331482022802 -0.08596340415080436 -0.24728799720051323 -0.37384233114976284 -0.16021837170662237 -0.08919843597262953 0.05233644859813084 0.04593594487686614 0.006354047528275508 0.05234231876472127 -0.00693481276005548 -0.15645685401372006 -0.795985060690943 -3.5932757413028256 -1.0952323766062206 -0.2506172839506172 -0.06670784434836319 -0.06993880354689647 -0.05060478894100222 -0.1573493667647435 -0.03322719091790115 -0.1304014318588596 -0.4056291390728477 -1.1082230623818525 -0.639083856667898 -0.23815369506506262 -0.18498235365705246 -0.17609591607343575 -0.18962075848303395 -0.09171907756813417 -0.13327721661054995 -0.08245877061469267 -0.10953026196928635 -0.30546441905192895 -0.13293051359516617 -0.18147537119962293 -0.045596352291816654 -0.14698616600790518 -0.05469915464942815 -0.115858975956148 -0.0526454330086865
0.0024497795198432154 0.0022492127755285654 -0.02493765586034913 -0.010422698320787491 -0.029505488020771863 0.04142011834319527 -0.055221499570499454 -0.019490802777439396 -0.029494742241600404 0.013840830449826994 -0.08085912823752368 -0.03305987510713849 -0.07846867197717275 -0.015818934047213434 -0.04042445679636181 -0.043124691966485953 -0.03584229390681003 -0.04266321913380737 0.03825857519788918 -0.0611111111111111 -0.007664793050587637 -0.055432372505543226 -0.017724211272598368 -0.03263022957697238 -0.06462035541195477 0.0176056338028169 0.020099155835454914 0.047539509186688936 0.05628517823639775 0.09856500942165529 -0.056431961010645126 -0.058270900225948385 -0.016638935108153074 -0.05555555555555556 0.01613704071499504 0.013051422605063954 -0.035101930606183336 -0.05274261603375526 -0.03145084096813894 -0.044380816034359345 -0.11866100424681487 -0.25965073529411764 -0.15487748497457235 -0.22378983215762588 -0.0270569425654901 -0.1419499439671274 0.017994858611825194 -0.1428200467411062 0.030789825970548863 -0.11546331482022801 -0.08105120962790127 -0.27294995917415144 -0.39868985769143894 -0.18276762402088773 -0.09286412512218964 0.03738317757009345 0.04976394028327166 -0.012708095056551022 0.06281078251766553 -0.0319001386962552 -0.16849199663016007 -1.0866013071895424 -4.382442213401822 -1.2201272967455266 -0.27530864197530863 -0.10500308832612723 -0.07618333957786937 -0.08639842014317453 -0.16374568248688756 -0.07199224698878581 -0.12273075939657378 -0.4872280037842952 -1.2925330812854443 -0.6858761236300948 -0.25534004419346923 -0.2117561153705732 -0.17609591607343572 -0.21706586826347304 -0.07861635220125787 -0.15432098765432098 -0.08370814592703649 -0.1388888888888889 -0.31564656635365995 -0.15468277945619335 -0.19797313221777046 -0.08279337652987762 -0.16180830039525693 -0.09696668324216808 -0.11959636227731404 -0.08554882863911556
0.013473787359137679 -0.007872244714349977 -0.03513942416685559 -0.0023161551823972213 -0.033046146583264484 0.040236686390532544 -0.05644864400539944 -0.02436350347179924 -0.029494742241600407 0.01799307958477509 -0.06822488945041062 -0.03795763438227011 -0.08441326833907976 -0.03407155025553663 -0.029055078322385047 -0.05544603252833909 -0.029204832072215588 -0.04266321913380737 0.05013192612137203 -0.05416666666666666 0.0 -0.05666420300566642 -0.03190358029067707 -0.040787786971215476 -0.05716416055672922 0.013832997987927564 0.026798874447273212 0.048824360786329166 0.06566604127579737 0.0985650094216553 -0.03975888162113633 -0.07491972886193363 -0.021392916567625386 -0.06280193236714976 0.02358490566037736 0.003915426781519186 -0.025651410827595516 -0.06592827004219409 -0.02598112949541912 -0.05010737294201861 -0.10741943542343244 -0.26309742647058826 -0.15834489135460011 -0.23716857212357087 -0.019677776411265526 -0.14568546880836758 0.024421593830334192 -0.144118410802389 0.03748326639892905 -0.11107863197895351 -0.06385852879774039 -0.2951125626968389 -0.4257962502823583 -0.217184903868977 -0.08308895405669599 0.023676012461059187 0.05359193568967717 -0.012708095056551022 0.06542789845590159 -0.027739251040221912 -0.16006739679865206 -1.3935574229691876 -5.124912444548214 -1.3198030503182419 -0.2777777777777778 -0.1358863495985176 -0.0736855251654802 -0.12342631449024932 -0.16118715619802995 -0.0886058424477364 -0.10611096906162105 -0.533349101229896 -1.4248582230623816 -0.7252801379140499 -0.256567640559784 -0.22879396373372277 -0.18858498813538152 -0.219560878243513 -0.08123689727463312 -0.15993265993265995 -0.07246376811594203 -0.14679313459801266 -0.3111211675528906 -0.15830815709969787 -0.18972425170869667 -0.09599232061435085 -0.15686758893280633 -0.0982098458478369 -0.10713840787342717 -0.07765201368781258
0.014698677119059284 -0.017993702204228516 -0.035139424166855594 0.005790387955993053 -0.014162634249970496 0.039053254437869826 -0.029451466437599706 -0.02923620416615909 -0.00897666068222621 0.022145328719723186 -0.07454200884396715 -0.04285539365740174 -0.08203542979431697 -0.05232416646385981 -0.01768569984840828 -0.06776737309019222 -0.01592990840302668 -0.04266321913380737 0.05408970976253298 -0.04722222222222222 -0.012774655084312725 -0.05050505050505051 -0.03781165071487652 -0.047779979023423846 -0.054678762271654024 0.013832997987927564 0.034838536781455175 0.050109212385969416 0.06432591798445457 0.09856500942165532 -0.04745414903167885 -0.0868117493162088 -0.024958402662229616 -0.06521739130434782 0.029791459781529295 -0.0013051422605063936 -0.006750371270419874 -0.07779535864978902 -0.010939422945439627 -0.055833929849677874 -0.11241568823382464 -0.2699908088235294 -0.16296809986130373 -0.2554123084407687 -0.01352847128274505 -0.14693064375544765 0.029562982005141392 -0.14022331861854062 0.04551539491298527 -0.10230926629640455 -0.07245486921282082 -0.31960807185349355 -0.46419697311949404 -0.24329456444338954 -0.07942326490713587 0.013707165109034265 0.06890391731529921 -0.01270809505655102 0.06935357236325569 -0.027739251040221912 -0.18173065350824408 -1.7787114845938377 -5.839364931123045 -1.3942596373243668 -0.274074074074074 -0.1618282890673255 -0.059947545897339825 -0.14934584053320168 -0.16118715619802995 -0.10106603904194933 -0.10738941447200204 -0.5771050141911069 -1.498109640831758 -0.7597586504125108 -0.2442916768966364 -0.23122794207131556 -0.17609591607343572 -0.20833333333333334 -0.06420335429769392 -0.1501122334455668 -0.08995502248875561 -0.16034327009936764 -0.32696006335558325 -0.16797583081570996 -0.18854584020740042 -0.11159107271418287 -0.15810276679841898 -0.10566882148184983 -0.11212158963498194 -0.08160042116346407
0.0012248897599216088 -0.0258659469185785 -0.03967354341419179 0.005790387955993054 -0.009441756166647 0.03668639053254438 -0.024542888697999754 -0.028018028992569128 -0.002564760194921776 0.02214532871972319 -0.09349336702463677 -0.03918207420105303 -0.10224705742480085 -0.04989048430275007 -0.022738756947953513 -0.05544603252833909 -0.02389486260454002 -0.03361344537815125 0.043535620052770445 -0.04027777777777778 -0.037046499744506904 -0.04065040650406504 -0.05671747607231479 -0.03845705628714601 -0.05467876227165404 0.02515090543259557 0.034838536781455175 0.05524861878453038 0.057625301527740556 0.10581243658501231 -0.047454149031678855 -0.09513616363420144 -0.015450439743285003 -0.0785024154589372 0.031032770605759687 -0.0039154267815191875 -0.0054002970163359015 -0.07647679324894514 -0.01367427868179954 -0.05153901216893344 -0.12240819385460903 -0.2722886029411764 -0.17105871474803513 -0.26757479931890055 -0.011068749231336859 -0.1407047690200473 0.02313624678663239 -0.1272396780057128 0.04417670682730924 -0.08477053493130665 -0.09333169593515903 -0.3557681091799837 -0.5116331601536028 -0.27415143603133163 -0.07820136852394918 0.00996884735202492 0.07145591425290289 -0.008895666539585713 0.06935357236325569 -0.020804438280166433 -0.2202431098808521 -2.197712418300654 -6.554984823721691 -1.4350906689083707 -0.28765432098765437 -0.15812229771463865 -0.07868115399025852 -0.15058010367810418 -0.18677241908660613 -0.09829710646545756 -0.11633853234466889 -0.6208609271523179 -1.5560018903591681 -0.7634527767516316 -0.2492020623618954 -0.22392600705853716 -0.18733608092918697 -0.19585828343313375 -0.07337526205450734 -0.1374859708193042 -0.12243878060969515 -0.1603432700993677 -0.3337481615567372 -0.1607250755287009 -0.19325948621258543 -0.09719222462203025 -0.16551383399209485 -0.09448035803083044 -0.115858975956148 -0.07107133456172678
-0.006124448799608035 -0.029239766081871343 -0.044207662661528 0.004632310364794443 -0.02006373185412487 0.04260355029585799 -0.05031292183089949 -0.017054452430259465 -0.028212362144139524 0.023529411764705882 -0.10360075805432725 -0.04775315293253337 -0.1284032814171918 -0.0596252129471891 -0.034108135421930266 -0.05914243469689502 -0.054427187043674496 -0.028442146089204905 0.022427440633245383 -0.034722222222222224 -0.04471129279509454 -0.0357230845035723 -0.08034975776911261 -0.050110709707493296 -0.0733192494097179 0.02389336016096579 0.013399437223636606 0.05781832198381087 0.04690431519699812 0.10001449485432672 -0.06412722842118765 -0.09513616363420144 -0.024958402662229616 -0.07487922705314011 0.008689175769612712 0.00783085356303837 -0.03510193060618334 -0.06065400843881856 -0.034185696704498836 -0.03865425912670008 -0.12240819385460903 -0.26884191176470584 -0.18492834026814603 -0.2712235465823401 -0.006149305128520478 -0.13572406923172706 0.021850899742930592 -0.11685276551545054 0.05622489959839357 -0.07600116924875769 -0.10684023087314258 -0.3837629767875889 -0.5681048113846849 -0.28957987182530265 -0.09408602150537634 0.012461059190031152 0.06252392497129003 -0.0012708095056550989 0.06281078251766553 -0.015256588072122051 -0.24912745216030813 -2.610877684407096 -7.151529301891199 -1.444697970457548 -0.30246913580246915 -0.15071031500926496 -0.10990383414512302 -0.13823747222907926 -0.21875399769732634 -0.0886058424477364 -0.1214523139861928 -0.6610690633869442 -1.584357277882798 -0.7536017731806428 -0.24797446599558065 -0.22027503955214794 -0.20731859622830023 -0.18088822355289422 -0.09564989517819707 -0.1262626262626263 -0.13243378310844578 -0.16598915989159893 -0.34053625975789115 -0.16918429003021146 -0.20740042422814048 -0.10199184065274777 -0.19021739130434784 -0.07458975634012928 -0.1370374984427557 -0.056593840484337986
0.0036746692797648196 -0.0382366171839856 -0.038540013602357745 0.0034742327735958313 -0.012982414729139621 0.047337278106508875 -0.045404344091299544 -0.014618102083079546 -0.0205180815593742 0.01660899653979239 -0.08212255211623501 -0.05877311130157953 -0.13672571632386163 -0.08031151131662205 -0.02147549267306721 -0.06407097092163627 -0.0411522633744856 -0.03490627020038785 0.03693931398416887 -0.04444444444444444 -0.03449156872764435 -0.03941857600394185 -0.09216589861751154 -0.06059899778580584 -0.06089225798434198 0.02515090543259557 0.017419268390727587 0.06552743158165232 0.04824443848834093 0.10581243658501234 -0.05386687187379763 -0.09751456772505647 -0.023769907297361538 -0.07971014492753624 0.016137040714995037 0.010441138084051161 -0.020251113811259623 -0.06197257383966246 -0.027348557363599073 -0.041517537580529715 -0.11491381463902073 -0.28147977941176466 -0.20226537216828477 -0.2675747993189005 -0.002459722051408192 -0.12949819449632674 0.021850899742930592 -0.12204622176058169 0.05488621151271753 -0.08184741303712365 -0.11789266854967455 -0.43858625918581595 -0.6223175965665236 -0.3109423213861856 -0.09530791788856305 0.008722741433021803 0.05741993109608268 -0.005083238022620407 0.0615022245485475 -0.022191400832177532 -0.2828258514863401 -3.0707282913165264 -7.562456222274108 -1.4062687642608385 -0.30864197530864196 -0.14329833230389127 -0.13363307106282002 -0.1468773142433967 -0.2392222080081873 -0.09691264017721167 -0.10738941447200204 -0.6823557237464521 -1.559546313799622 -0.7092722571111933 -0.23078811686717407 -0.20202020202020207 -0.19108280254777069 -0.1846307385229541 -0.08123689727463311 -0.13187429854096525 -0.1099450274862569 -0.1761517615176152 -0.29980767055096735 -0.17885196374622356 -0.18029695969832665 -0.11279097672186227 -0.15810276679841898 -0.08453505718547985 -0.10713840787342717 -0.06712292708607528
-0.007349338559529644 -0.05285650022492128 -0.05214237134436637 0.0034742327735958305 -0.023604390416617493 0.04615384615384615 -0.06258436617989936 -0.02192715312461932 -0.028212362144139524 0.01799307958477509 -0.09096651926721415 -0.059997551120362425 -0.14980382832005706 -0.08031151131662205 -0.027791814047498736 -0.05667816658452439 -0.05044470994291783 -0.03490627020038785 0.040897097625329816 -0.03611111111111111 -0.03321410321921308 -0.03572308450357231 -0.13234077750206782 -0.055937536417666925 -0.059649558841804395 0.030181086519114685 0.02277904328018223 0.06424257998201208 0.05628517823639776 0.09856500942165532 -0.07567012953700142 -0.09870376977048398 -0.05229379605419539 -0.0785024154589372 0.004965243296921549 0.024797702949621508 -0.03645200486026732 -0.05933544303797469 -0.03965540817721865 -0.03722261989978525 -0.13739695228578566 -0.2803308823529412 -0.25312066574202496 -0.2675747993189005 -0.01721805435985734 -0.12576266965508656 0.014138817480719795 -0.12204622176058169 0.052208835341365466 -0.08184741303712365 -0.1412255925334643 -0.5132392394727634 -0.6912130110684436 -0.31687633515309754 -0.1087487781036168 0.01744548286604361 0.049763940283271656 0.007624857033930612 0.06019366657942947 -0.015256588072122056 -0.32855939342881213 -3.5749299719887957 -7.558954004202661 -1.341419478803891 -0.32222222222222224 -0.13959234095120443 -0.1661046584238791 -0.15551715625771415 -0.2750415760521939 -0.09275924131247404 -0.1150600869342879 -0.6989120151371806 -1.4792060491493384 -0.6710996182736115 -0.23324330959980358 -0.19958622368260923 -0.19857624578493815 -0.19461077844311378 -0.07599580712788259 -0.14450056116722787 -0.12618690654672665 -0.18292682926829268 -0.2794433759475054 -0.16797583081570996 -0.19325948621258543 -0.11639068874490041 -0.16551383399209485 -0.08702138239681749 -0.10962999875420454 -0.07107133456172678
-0.013473787359137679 -0.059604138551506966 -0.048741781908864204 -0.015055008685581933 -0.02242417089578662 0.02958579881656805 -0.07240152165909927 -0.03776343038128882 -0.024365221851756855 0.006920415224913495 -0.11244472520530638 -0.059997551120362425 -0.16882653667815956 -0.08396203455828669 -0.041687721071248095 -0.03942828979793002 -0.06371963361210672 -0.023270846800258562 0.04221635883905013 -0.029166666666666667 -0.02554931016862545 -0.020941118502094114 0.17015242821694435 -0.051276075049528025 -0.045979868273890896 0.04904426559356136 0.03617848050381884 0.07837594757805473 0.06968641114982578 0.11161037831569794 -0.08336539694754394 -0.09037935545249136 -0.07368671262182078 -0.08333333333333334 -0.011171797418073486 0.0261028452101279 -0.06615363845011477 -0.06724683544303797 -0.06426910980445781 -0.05726556907659271 -0.14239320509617787 -0.2814797794117647 -0.2820157189089228 -0.27243979567015325 -0.01598819333415324 -0.1307433694434068 0.020565552699228794 -0.13632822643469228 0.058902275769745646 -0.0876936568254896 -0.1633304678865283 -0.6240522570862008 -0.77140275581658 -0.30619511037265607 -0.10508308895405669 0.03489096573208722 0.042107949470460634 0.022874571101791842 0.06019366657942946 -0.0013869625520111007 -0.37910699241786017 -4.107142857142857 -7.268269904272705 -1.1997117809535247 -0.3246913580246914 -0.1272390364422483 -0.19732733857874357 -0.15798568254751916 -0.30318536522962775 -0.09968157275370344 -0.12656609562771667 -0.6977294228949857 -1.3031663516068053 -0.6132249722940524 -0.21851215320402653 -0.19350127783862722 -0.1973273385787436 -0.19211576846307385 -0.07599580712788259 -0.14309764309764306 -0.12868565717141428 -0.17728093947606144 -0.27265527774635145 -0.14380664652567976 -0.18972425170869667 -0.09479241660667147 -0.17168972332015808 -0.06837394331178519 -0.11585897595614798 -0.05396156883390365
-0.023272905438510537 -0.05735492577597841 -0.0532759011562004 -0.020845396641574986 -0.024784609937448368 0.03076923076923077 -0.08221867713829917 -0.0353270800341089 -0.026929982046678635 -0.0027681660899653957 -0.114971572962729 -0.07224194930819149 -0.18784924503626205 -0.10099780968605501 -0.039161192521475485 -0.05051749630359783 -0.05973715651135007 -0.027149321266968323 0.05013192612137203 -0.04305555555555555 -0.03576903423607562 -0.022172949002217297 0.15006498877466617 -0.04311851765528493 -0.05343606312911644 0.0641348088531187 0.022779043280182234 0.09250931517409738 0.061645671401768964 0.11595883461371212 -0.08208285237912019 -0.08205494113449874 -0.0831946755407654 -0.08091787439613526 -0.011171797418073486 0.027407987470634294 -0.06615363845011477 -0.06856540084388187 -0.061534254068097906 -0.07158196134574088 -0.16987259555333498 -0.310202205882353 -0.30513176144244103 -0.2821697883726587 -0.03443610871971468 -0.1307433694434068 0.010282776349614395 -0.1376265904959751 0.05087014725568943 -0.09207833966676411 -0.20999631585410783 -0.8060188965356352 -0.8933815224757172 -0.30856871587942086 -0.11852394916911047 0.043613707165109025 0.02424397090723491 0.03431185665268776 0.04710808688824915 0.004160887656033287 -0.4176194487904681 -4.605508870214753 -6.780294186318001 -1.0051639245826827 -0.3246913580246913 -0.11982705373687463 -0.2173098538778569 -0.15181436682300667 -0.32493283868491746 -0.10106603904194933 -0.12912298644847864 -0.6929990539262062 -1.0928638941398865 -0.5393424455116365 -0.21237417137245274 -0.18011439698186685 -0.2060696890221056 -0.1783932135728543 -0.07861635220125787 -0.1318742985409652 -0.13493253373313344 -0.16260162601626016 -0.26360448014481275 -0.12326283987915407 -0.19561630921517792 -0.0827933765298776 -0.1716897233201581 -0.07334659373446048 -0.115858975956148 -0.06054224795998947
-0.035521803037726604 -0.059604138551506966 -0.06234413965087282 -0.03242617255356109 -0.036586805145757115 0.02958579881656805 -0.10185298809669899 -0.0353270800341089 -0.03205950243652218 -0.0013840830449826987 -0.12381554011370814 -0.0722419493081915 -0.18547140649149924 -0.09369676320272571 -0.036634663971702876 -0.04558896007885658 -0.058409664144431175 -0.009049773755656108 0.047493403693931395 -0.029166666666666667 -0.03960143076136943 -0.04065040650406504 0.15006498877466617 -0.04894534436545857 -0.05219336398657885 0.04652917505030181 0.02277904328018223 0.08608505717589618 0.05896542481908336 0.0956660385563125 -0.08208285237912018 -0.07491972886193363 -0.08913715236510578 -0.071256038647343 -0.006206554121151937 0.052205690420255815 -0.06210341568786283 -0.034282700421940926 -0.056064542595378096 -0.048675733715103794 -0.1873594803897077 -0.3354779411764706 -0.3155339805825243 -0.26514230114327414 -0.038125691796826955 -0.13198854439048685 0.014138817480719795 -0.14152168267982343 0.044176706827309245 -0.09792458345513008 -0.2615743583445904 -1.0883004782456551 -1.0051953919132595 -0.30856871587942086 -0.1258553274682307 0.036137071651090334 0.020415975500829398 0.03049942813572245 0.04318241298089505 0.004160887656033287 -0.4489108195932121 -4.974323062558357 -6.291151062339482 -0.82382610784196 -0.319753086419753 -0.10376775787523163 -0.22605220432121892 -0.13330041964946926 -0.3402839964180632 -0.08860584244773641 -0.13807210432114547 -0.6693472090823084 -0.871928166351607 -0.45314616426548443 -0.19887061134299042 -0.16672751612510645 -0.1973273385787436 -0.16467065868263475 -0.06813417190775681 -0.12205387205387205 -0.14117941029485256 -0.14340560072267386 -0.24776558434212012 -0.113595166163142 -0.19443789771388165 -0.08639308855291575 -0.16551383399209488 -0.0634012928891099 -0.10838420331381586 -0.05527770465912082
-0.036746692797648216 -0.06860098965362123 -0.06461119927454093 -0.04400694846554719 -0.030685707541602734 0.027218934911242602 -0.09694441035709903 -0.03410890486051894 -0.03975378302128751 0.006920415224913495 -0.1351863550221099 -0.08203746785845475 -0.19141600285340626 -0.10464833292771965 -0.04800404244567963 -0.03696402168555939 -0.08097703438205231 0.002585649644473176 0.02506596306068602 -0.022222222222222223 -0.04471129279509454 -0.052968711505296875 0.1465201465201465 -0.051276075049528025 -0.05219336398657885 0.06161971830985915 0.026798874447273212 0.09250931517409741 0.06700616456714018 0.11016089288302652 -0.10132102090547646 -0.09037935545249137 -0.09507962918944615 -0.07729468599033817 -0.002482621648460773 0.05090054815974941 -0.06480356419603078 -0.0356012658227848 -0.05606454259537809 -0.04294917680744453 -0.22108418685985512 -0.38028492647058826 -0.33518261673601485 -0.28216978837265877 -0.051654163079572005 -0.13323371933756695 -0.0012853470437018024 -0.14022331861854065 0.0321285140562249 -0.09500146156094709 -0.38437922141716807 -1.7310159804035927 -1.2243053986898578 -0.3323047709470686 -0.14051808406647118 0.028660436137071643 0.0051039938752073495 0.02541619011310205 0.027479717351478673 0.01525658807212205 -0.4838127331808882 -4.946311858076564 -5.595377072145693 -0.7061366638645371 -0.3074074074074074 -0.0852378011117974 -0.22605220432121892 -0.11231794618612687 -0.3364462069847768 -0.06230098297106466 -0.14829966760419327 -0.6315042573320719 -0.6899810964083175 -0.41497352542790295 -0.1890498404124724 -0.1582085919435317 -0.20606968902210565 -0.14845309381237523 -0.07730607966457023 -0.10381593714927048 -0.13368315842078962 -0.12420957542908759 -0.2285326394388505 -0.10513595166163144 -0.17911854819703038 -0.05999520038396927 -0.1506916996047431 -0.037294878170064646 -0.09966363523109505 -0.03685180310608054
-0.04777070063694268 -0.07309941520467836 -0.06687825889820902 -0.050955414012738856 -0.04248790274991148 0.02130177514792899 -0.10553442140139895 -0.03654525520769887 -0.05001282380097462 0.004152249134948097 -0.1351863550221099 -0.08938410677115219 -0.21162763048389016 -0.10708201508882942 -0.04926730672056594 -0.025874815179891562 -0.07301208018053898 0.014221073044602458 0.022427440633245387 -0.018055555555555557 -0.05237608584568215 -0.07021433850702143 0.13234077750206782 -0.047779979023423846 -0.06710575369702995 0.06539235412474849 0.025458930724909557 0.09379416677373761 0.07236665773251139 0.11595883461371212 -0.11542901115813775 -0.10227137590676656 -0.10934157356786309 -0.07004830917874397 -0.016137040714995034 0.05351083268076221 -0.0742540839746186 -0.034282700421940926 -0.06290168193627786 -0.03865425912670008 -0.267299525355983 -0.4400275735294118 -0.38141470180305137 -0.2846022865482851 -0.07871110564506209 -0.134478894284647 -0.010282776349614397 -0.14671513892495455 0.01606425702811245 -0.08915521777258112 -0.5526218838265995 -2.4763793304560826 -1.4535803026880507 -0.35129361500118683 -0.18206256109481916 0.006230529595015568 -0.017863978563225726 -0.005083238022620412 0.007851347814708193 -0.008321775312066576 -0.5078830184137682 -4.745564892623716 -4.8750875554517865 -0.5944517833553501 -0.3160493827160493 -0.06176652254478073 -0.23229674035219178 -0.09256973586768699 -0.33900473327363434 -0.0512252526650976 -0.1585272308872411 -0.5960264900662253 -0.552930056710775 -0.36571850757295904 -0.1829118585808986 -0.14117074358038212 -0.18858498813538155 -0.14221556886227543 -0.06813417190775682 -0.08838383838383837 -0.13493253373313346 -0.11404697380307134 -0.23645208734019682 -0.09909365558912388 -0.18265378270091912 -0.06239500839932803 -0.1408102766798419 -0.05096966683242168 -0.09592624890992899 -0.04738088970781784
-0.057569818716315536 -0.06297795771479982 -0.06687825889820902 -0.04632310364794441 -0.04602856131240411 0.02840236686390532 -0.11535157688059886 -0.03410890486051894 -0.05001282380097462 0.005536332179930796 -0.131396083385976 -0.09183298640871801 -0.21638330757341578 -0.09856412752494524 -0.04421424962102072 -0.024642681123706257 -0.07301208018053897 0.010342598577892697 0.01715039577836412 -0.023611111111111114 -0.05620848237097599 -0.09608277900960828 0.1217062507385088 -0.040787786971215476 -0.06586305455449237 0.06161971830985915 0.02143909955781857 0.08608505717589617 0.05360493165371214 0.11885780547905493 -0.12825445684237527 -0.11297419431561422 -0.12003803185167579 -0.06642512077294686 -0.022343594836146972 0.04959540589924301 -0.09315512353179425 -0.03823839662447257 -0.08478052782715713 -0.05010737294201861 -0.31476392705470896 -0.4963235294117648 -0.412621359223301 -0.2821697883726587 -0.09100971590210305 -0.1382144191258872 -0.02827763496143959 -0.15840041547649958 -0.006693440428380187 -0.08769365682548962 -0.736829178435466 -3.219409774874607 -1.6738197424892705 -0.3785900783289817 -0.21505376344086025 -0.019937694704049845 -0.05359193568967717 -0.035582666158342866 -0.031405391258832765 -0.027739251040221912 -0.5151041039836322 -4.466619981325864 -4.145458790567359 -0.5079860694127538 -0.3061728395061728 -0.043236565781346506 -0.2297989259398027 -0.08392989385336955 -0.3262121018293463 -0.044302921223868204 -0.16491945793914597 -0.5629139072847682 -0.4584120982986767 -0.32138899150350947 -0.18045666584826908 -0.13873676524278936 -0.19233170975396527 -0.14970059880239522 -0.07992662473794551 -0.08838383838383838 -0.1386806596701649 -0.09823848238482386 -0.2183504921371196 -0.08700906344410878 -0.1696912561866604 -0.06239500839932806 -0.13092885375494073 -0.05842864246643461 -0.09218886258876292 -0.04606475388260068
-0.05512003919647233 -0.05847953216374269 -0.07367943776921333 -0.042848870874348584 -0.04366812227074236 0.04023668639053254 -0.11289728801079887 -0.03289072968692898 -0.05642472428827905 0.004152249134948096 -0.1288692356285534 -0.10652626423411289 -0.20924979193912732 -0.10221465076660989 -0.04168772107124811 -0.02957121734844751 -0.08363201911589009 -0.0012928248222365852 0.005277044854881263 -0.02777777777777778 -0.040878896269800714 -0.12195121951219509 0.13234077750206782 -0.03729169094511129 -0.054678762271654024 0.054074446680080476 0.025458930724909557 0.08736990877553642 0.05494505494505495 0.12320626177706914 -0.15262280364242659 -0.12962302295159947 -0.15331590206798193 -0.057971014492753624 -0.039721946375372394 0.0522056904202558 -0.1107060888348859 -0.034282700421940926 -0.10802680158621633 -0.06156048675733716 -0.37971521358980764 -0.5629595588235294 -0.453074433656958 -0.290683531987351 -0.10699790923625632 -0.14568546880836758 -0.04498714652956298 -0.17138405608932744 -0.025435073627844713 -0.09938614440222157 -0.8866511113840108 -3.950775691123294 -1.8590467585272195 -0.3987657251364823 -0.23338220918866082 -0.042367601246105925 -0.06890391731529921 -0.057186427754479595 -0.05626799267207537 -0.05409153952843273 -0.5006619328439041 -4.068627450980392 -3.39948634134952 -0.4371322204875706 -0.28518518518518515 -0.03582458307597282 -0.2173098538778569 -0.08146136756356456 -0.3185365229627734 -0.04707185380035996 -0.15724878547686014 -0.5120624408703879 -0.37452741020793956 -0.30168698436153185 -0.16204272035354778 -0.13995375441158575 -0.18234045210440866 -0.16716566866267465 -0.07206498951781973 -0.10381593714927048 -0.12243878060969512 -0.10049683830171637 -0.21269374363615792 -0.08942598187311179 -0.15790714117369783 -0.06479481641468683 -0.1284584980237154 -0.069617105917454 -0.09468045346954031 -0.0592261121347723
-0.06246937775600196 -0.06747638326585695 -0.07934708682838357 -0.04863925883034163 -0.048389000354065854 0.021301775147928994 -0.10430727696649895 -0.053599707637958335 -0.05129520389843549 -0.005536332179930796 -0.1452937460518004 -0.11387290314681034 -0.20568303412198313 -0.0949136042832806 -0.04421424962102072 -0.029571217348447514 -0.07566706491437675 -0.010342598577892697 0.003957783641160947 -0.031944444444444456 -0.03576903423607562 -0.12811037201281103 0.1465201465201465 -0.015149749446451467 -0.03852367341866534 0.06161971830985915 0.04287819911563715 0.10150327637157908 0.060305548110426155 0.14784751413248295 -0.1705784276003591 -0.17481270067784516 -0.1652008557166627 -0.07125603864734299 -0.04220456802383317 0.031323414252153486 -0.10935601458080194 -0.05142405063291139 -0.11076165732257623 -0.07874015748031497 -0.4808893330002498 -0.6801470588235293 -0.518955154877485 -0.31379226465580146 -0.1365145738531546 -0.16187274312040842 -0.06940874035989716 -0.18566606076343803 -0.0535475234270415 -0.11984799766150249 -0.9984035367800566 -4.6098215327190015 -2.000225886604924 -0.4141941609304533 -0.24315738025415445 -0.05981308411214953 -0.06890391731529923 -0.0686237133053755 -0.06019366657942947 -0.06102635228848822 -0.48020219039595613 -3.643790849673203 -2.7083819752509917 -0.35667107001321 -0.2765432098765432 -0.03829524397776406 -0.19732733857874357 -0.08269563070846705 -0.3031853652296277 -0.04984078637685173 -0.162362567118384 -0.4659413434247871 -0.31899810964083175 -0.2881418544514222 -0.15344954578934447 -0.1569916027747353 -0.16860247283626825 -0.19461077844311378 -0.07075471698113207 -0.127665544332211 -0.11994002998500745 -0.0835591689250226 -0.2047742957348116 -0.05438066465256797 -0.1437662031581428 -0.0419966402687785 -0.10622529644268772 -0.069617105917454 -0.08097670362526474 -0.05132929718346933
-0.07839294463498285 -0.07422402159244264 -0.0929494445703922 -0.04169079328314997 -0.059010976041543727 0.020118343195266272 -0.11289728801079886 -0.05238153246436837 -0.06796614516542702 -3.4694469519536144e-19 -0.1781427668982944 -0.11999510224072488 -0.2211389846629414 -0.08152835239717693 -0.06442647801920162 -0.02710694923607689 -0.0942519580512412 -0.0012928248222365865 -0.013192612137203163 -0.026388888888888885 -0.04215636177823199 -0.1293422025129342 0.14061207609594706 -0.005826826710173641 -0.0447371691313533 0.0641348088531187 0.04555808656036446 0.10150327637157908 0.06432591798445457 0.13480214523844036 -0.19879440810568166 -0.22119158044951837 -0.18897076301402424 -0.07246376811594203 -0.05461767626613704 0.02218741842860872 -0.12555690562980965 -0.04219409282700422 -0.12717079174073567 -0.07587687902648534 -0.6032975268548588 -0.8972886029411764 -0.6368469717984281 -0.35149598637801016 -0.17095068257286927 -0.17930519237952933 -0.09254498714652956 -0.18826278888600362 -0.07898259705488621 -0.12715580239695995 -1.078226697777232 -5.104397527120028 -2.1165574881409532 -0.4106337526703062 -0.2712609970674488 -0.05607476635514019 -0.08931989281612862 -0.0686237133053755 -0.08113059408531799 -0.0624133148404993 -0.4440967625466361 -3.1372549019607834 -2.0896567826289982 -0.27380809415155516 -0.24938271604938272 -0.02964793082149475 -0.17484700886724117 -0.06294742039002717 -0.28399641806319564 -0.04014952235913056 -0.1687547941702889 -0.412724692526017 -0.2681947069943289 -0.267208471863071 -0.14485637122514117 -0.1630765486187173 -0.1773448232796303 -0.19461077844311375 -0.07730607966457023 -0.13047138047138046 -0.14617691154422785 -0.0790424570912376 -0.2206131915375042 -0.033836858006042296 -0.1614423756775866 -0.027597792176625873 -0.13216403162055335 -0.059671805072103436 -0.1046468169926498 -0.052645433008686494
-0.07839294463498286 -0.05735492577597841 -0.07141237814554521 -0.012738853503184707 -0.05665053699988197 0.04497041420118343 -0.11167014357589886 -0.03167255451333902 -0.07309566555527057 0.01522491349480969 -0.1819330385344283 -0.12121954205950777 -0.2223279039353228 -0.0657094183499635 -0.07074279939363315 -0.01724987678659438 -0.10619938935351123 0.021978021978021983 -0.02770448548812665 -0.01388888888888889 -0.05365355135411344 -0.13550135501355012 0.1406120760959471 -0.01631511478848619 -0.05716416055672922 0.057847082494969816 0.037518424226182505 0.09636386997301813 0.05226480836236934 0.12755471807508334 -0.21418494292676674 -0.27589487453918415 -0.20085571666270505 -0.07729468599033816 -0.06082423038728898 0.01957713390759593 -0.12825705413797758 -0.03823839662447257 -0.1271707917407357 -0.07015032211882606 -0.7119660254808892 -1.2706801470588236 -0.7385575589459086 -0.3733884699586475 -0.19185832000983888 -0.1793051923795293 -0.11439588688946015 -0.19085951700856918 -0.09906291834002678 -0.1359251680795089 -1.1396291293135206 -5.410008165169719 -2.1944883668398463 -0.4225017802041301 -0.28103616813294235 -0.05607476635514018 -0.09314788822253414 -0.07243614182234082 -0.08636482596179013 -0.06934812760055478 -0.4007702491274522 -2.5805322128851538 -1.5117908008405325 -0.22096793563107964 -0.21975308641975308 -0.014823965410747379 -0.14362432871237668 -0.04813626265119724 -0.25841115517461943 -0.03599612349439292 -0.16875479417028894 -0.34176915799432356 -0.21266540642722118 -0.2105652013298855 -0.12521482936410505 -0.13386880856760375 -0.1711002872486574 -0.16966067864271459 -0.07992662473794548 -0.10521885521885524 -0.1511744127936032 -0.060975609756097546 -0.21495644303654257 -0.03021148036253777 -0.15790714117369783 -0.017998560115190777 -0.1309288537549407 -0.042267528592739925 -0.10464681699264981 -0.04474861805738352
-0.08819206271435572 -0.04948268106162843 -0.07141237814554523 0.00231615518239722 -0.06845273220819073 0.0591715976331361 -0.11657872131549882 -0.0194908027774394 -0.08335470633495767 0.01660899653979239 -0.1958307012002527 -0.13223950042855395 -0.23778385447628106 -0.06327573618885372 -0.08463870641738251 -0.025874815179891576 -0.12080180538961902 0.010342598577892692 -0.04485488126649077 -0.02361111111111111 -0.06642820643842616 -0.13057403301305742 -0.15479144511402573 -0.015149749446451463 -0.06710575369702994 0.054074446680080476 0.02947876189200054 0.09764872157265836 0.048244438488340924 0.12175677634439774 -0.2500961908426318 -0.32821976453799495 -0.2222486332303304 -0.0929951690821256 -0.07199602780536248 0.01696684938658314 -0.14040772242473334 -0.02109704641350211 -0.12853821960891562 -0.06156048675733715 -0.8343742193354983 -1.7922794117647058 -0.9234858992140544 -0.41474093894429576 -0.23367359488377812 -0.1942472917444901 -0.14652956298200515 -0.18566606076343806 -0.12315930388219545 -0.14323297281496639 -1.165418150558762 -5.533652163769975 -2.222724192455387 -0.44861144077854254 -0.3042521994134898 -0.08099688473520249 -0.10463187444175068 -0.08514423687889183 -0.09945040565297043 -0.09015256588072122 -0.35985076423155615 -1.9537815126050415 -1.0121410226476772 -0.17052960249789836 -0.19629629629629627 -0.004941321803582458 -0.12863744223804172 -0.027153789187854854 -0.23410515543047206 -0.02076699432368822 -0.1700332395806699 -0.28736991485335855 -0.180765595463138 -0.18101219061691912 -0.1350356002946231 -0.12900085189241817 -0.1785937304858249 -0.16841317365269462 -0.08123689727463311 -0.11223344556677892 -0.16741629185407297 -0.055329719963866306 -0.2092996945355809 -0.029003021148036257 -0.1649776101814754 -0.026397888168946483 -0.12969367588932806 -0.06340129288910991 -0.10215522611187244 -0.06449065543564095
-0.10166585007349341 -0.05510571300044984 -0.07481296758104738 0.011580775911986104 -0.08025492741649946 0.06863905325443787 -0.13130445453429868 -0.013399926909489584 -0.091048986919723 0.022145328719723183 -0.20341124447252054 -0.1383616995224685 -0.23183925811437406 -0.05110732538330494 -0.09474482061647296 -0.018482010842779693 -0.13142174432497014 0.01939237233354881 -0.06200527704485489 -0.016666666666666666 -0.07664793050587634 -0.1367331855136733 -0.14533853243530662 -0.03845705628714602 -0.0745619485522555 0.0352112676056338 0.024118987002545902 0.09122446357445715 0.04154382203162691 0.11740832004638353 -0.27831217134795433 -0.40195029135450105 -0.2483955312574281 -0.12681159420289856 -0.07820258192651441 0.007830853563038368 -0.15660861347374105 -0.015822784810126587 -0.1408450704225352 -0.05583392984967789 -0.9430427179615288 -2.414981617647059 -1.1742949607027275 -0.47433714424714185 -0.27179928668060505 -0.2191507906860914 -0.17994858611825193 -0.2051415216826798 -0.1566265060240964 -0.1695410698626133 -1.1617340046665847 -5.440335938411291 -2.1831940365936298 -0.46997389033942555 -0.32013685239491696 -0.09221183800623053 -0.10845986984815618 -0.08895666539585716 -0.0981418476838524 -0.08876560332871013 -0.3201347935973042 -1.3316993464052285 -0.6432407191221108 -0.14651134862495496 -0.17777777777777776 0.001235330450895615 -0.11240164855751215 -0.013576894593927424 -0.20979915568632465 -0.016613595458950574 -0.17386857581181284 -0.23888363292336803 -0.15122873345935725 -0.1686984361531831 -0.1276700220967346 -0.12413289521723259 -0.1648557512176845 -0.1634231536926148 -0.07599580712788259 -0.10942760942760943 -0.17491254372813594 -0.05984643179765131 -0.21495644303654257 -0.04350453172205439 -0.16262078717888287 -0.026397888168946483 -0.13216403162055337 -0.04475385380407757 -0.10090943067148375 -0.06054224795998947
-0.11513963743263107 -0.06297795771479982 -0.0861482656993879 0.0023161551823972213 -0.09323734214563908 0.0757396449704142 -0.13007731009939869 -0.007309051041539774 -0.10002564760194921 0.02491349480968858 -0.2261528742893241 -0.13836169952246846 -0.2413506122934253 -0.06205889510829886 -0.11116725618999494 -0.01724987678659438 -0.15000663746183457 0.015513897866839044 -0.07255936675461741 -0.02777777777777778 -0.09070005109862034 -0.13303769401330373 -0.14061207609594703 -0.03612632560307656 -0.08450354169255622 0.05155935613682092 0.01473938094600027 0.10535783117049982 0.0388635754489413 0.13625163067111173 -0.31294087469539567 -0.48876204067070983 -0.2911813643926789 -0.1570048309178744 -0.09682224428997023 -0.009135995823544766 -0.16740920750641283 -0.03164556962025316 -0.15862163270887458 -0.06012884753042234 -1.0279790157381963 -3.1307444852941173 -1.5094775774387423 -0.5521770858671856 -0.3136145615545443 -0.24654463952185282 -0.22622107969151672 -0.22851207478576993 -0.19544846050870146 -0.1900029231218942 -1.1457693724671496 -5.176717601773008 -2.116557488140953 -0.46641348207927835 -0.3372434017595308 -0.07476635514018691 -0.10590787291055251 -0.07751937984496123 -0.09290761580738029 -0.08044382801664356 -0.28162233722469615 -0.7948179271708684 -0.2836796637870651 -0.10688122973459828 -0.16543209876543208 0.024706609017912294 -0.09616585487698265 0.01481115773882992 -0.19316873480875013 0.005537865152983525 -0.1904883661467655 -0.19276253547776728 -0.14177693761814744 -0.1625415589213151 -0.1387183893935674 -0.1046610685164902 -0.1661046584238791 -0.14595808383233533 -0.0799266247379455 -0.10942760942760946 -0.1911544227886057 -0.060975609756097546 -0.21382509333635022 -0.024169184290030208 -0.16969125618666037 -0.0023998080153587705 -0.1408102766798419 -0.041024365987071106 -0.10838420331381586 -0.057909976309555154
-0.12616364527192553 -0.06522717049032839 -0.08728179551122194 0.004632310364794441 -0.09441756166646996 0.07810650887573964 -0.1325315989691987 -0.0097454013887197 -0.09874326750448834 0.02768166089965398 -0.2286797220467467 -0.13958613934125141 -0.2401616930210439 -0.06449257726940862 -0.10611419909044972 -0.02957121734844751 -0.13540422142572678 0.005171299288946348 -0.06464379947229551 -0.025 -0.10347470618293306 -0.15151515151515152 -0.15124660285950606 -0.04311851765528493 -0.09941593140300733 0.04401408450704225 -0.008039662334181968 0.10407297957085956 0.009380863039399622 0.13770111610378316 -0.3514172117481082 -0.6160066595314544 -0.4183503684335631 -0.19806763285024154 -0.12537239324726912 -0.030018271991647093 -0.18090995004725258 -0.04614978902953587 -0.17229591139067416 -0.06156048675733715 -1.0617037222083436 -3.704044117647059 -2.0284327323162272 -0.633665774750669 -0.36280900258270815 -0.2826547129871747 -0.2557840616966581 -0.2544793560114256 -0.22757697456492637 -0.20608009353990062 -1.0426132874861846 -4.529336288347136 -1.9064829455613281 -0.4521718490386898 -0.3506842619745846 -0.08099688473520249 -0.10463187444175066 -0.08133180836192654 -0.09029049986914421 -0.08876560332871011 -0.24070285232880012 -0.5438842203548085 -0.16577165538174177 -0.10568031704095111 -0.1580246913580247 0.01482396541074737 -0.09241913325839893 0.004937052579609974 -0.19316873480875016 0.0013844662882458816 -0.18920992073638454 -0.16674550614947967 -0.11696597353497165 -0.1403768008865903 -0.12521482936410508 -0.09492515516611902 -0.14986886474334954 -0.14346307385229543 -0.07206498951781971 -0.10521885521885524 -0.19990004997501248 -0.07226738934056005 -0.21269374363615792 -0.018126888217522657 -0.1696912561866604 -0.009599232061435082 -0.14575098814229248 -0.04475385380407758 -0.12084215771770275 -0.05790997630955515
-0.13228809407153355 -0.06860098965362124 -0.0929494445703922 0.006948465547191663 -0.09205712262480822 0.08284023668639053 -0.12762302122959873 0.0024363503471799245 -0.091048986919723 0.02491349480968858 -0.23752368919772585 -0.1420350189788172 -0.22946141956961125 -0.07301046483329277 -0.10485093481556343 -0.03942828979793002 -0.12876675959113232 -0.0025856496444731742 -0.052770448548812667 -0.027777777777777773 -0.10858456821665814 -0.16260162601626016 -0.152428216944346 -0.06059899778580585 -0.10190132968808252 0.04149899396378269 -0.01205949350127295 0.11563664396762174 0.012061109622085227 0.14060008696912596 -0.393741182506092 -0.7979545724818646 -0.6073211314475874 -0.24879227053140096 -0.14275074478649455 -0.0522056904202558 -0.18901039557175642 -0.05274261603375528 -0.16682619991795433 -0.07730851825340015 -1.0529602797901574 -4.130284926470588 -2.5508552935737403 -0.7443444417416687 -0.3910958061739024 -0.3162744365583364 -0.2724935732647815 -0.27265645286938456 -0.23159303882195448 -0.2323881905875475 -0.897703549060543 -3.7548116178700566 -1.683984639710865 -0.4414906242582483 -0.34457478005865105 -0.06853582554517133 -0.09697588362893964 -0.05972804676578981 -0.07066213033237373 -0.07350901525658807 -0.2082079672644121 -0.41199813258636786 -0.10506654214335746 -0.09126936471718505 -0.14074074074074072 0.02347127856701668 -0.07993006119645313 0.02962231547765984 -0.17525905078674683 0.01246019659421293 -0.1751470212221938 -0.15964995269631033 -0.09569943289224951 -0.14899642901120552 -0.10802848023569851 -0.09857612267250822 -0.14737105033096037 -0.14346307385229543 -0.06944444444444443 -0.1080246913580247 -0.20739630184907548 -0.07678410117434507 -0.20251159633442697 -0.02054380664652568 -0.16733443318406788 0.0011999040076793852 -0.15439723320158102 -0.023620089507707616 -0.115858975956148 -0.04738088970781784
-0.14208721215090642 -0.08771929824561404 -0.1065518023124008 -0.002316155182397217 -0.10858019591644046 0.07455621301775148 -0.14234875444839856 -0.002436350347179922 -0.10771992818671454 0.009688581314878894 -0.2514213518635502 -0.15550385698542918 -0.2449173701105695 -0.08517887563884155 -0.12379989893885801 -0.04558896007885658 -0.12611177485729455 -0.009049773755656108 -0.04221635883905014 -0.03194444444444444 -0.12263668880940215 -0.1736881005173688 -0.1926030958289023 -0.07807947791632677 -0.12675531253883437 0.03772635814889336 -0.02679887444727322 0.1233457535654632 0.021441972661484857 0.13915060153645456 -0.4155444401692959 -1.0262813652039482 -0.9127644402186832 -0.3079710144927536 -0.17999006951340618 -0.06395197076481336 -0.1971108410962603 -0.05669831223628692 -0.16272391631341449 -0.07587687902648534 -1.047964026979765 -4.39453125 -3.075589459084605 -0.8598881050839212 -0.44889927438199484 -0.3424231104470178 -0.2969151670951157 -0.29472864191119186 -0.23962516733601075 -0.2572347266881029 -0.7233206434974825 -2.9872856642948795 -1.4513214366388074 -0.42843579397104203 -0.3347996089931574 -0.0660436137071651 -0.08293990047211944 -0.04447833269792858 -0.04187385501177701 -0.06657420249653259 -0.18293416776988808 -0.29295051353874885 -0.07121176745272007 -0.07445658700612465 -0.14444444444444446 0.02470660901791229 -0.09491694767078808 0.030856578622562338 -0.1957272610976078 0.008306797729475287 -0.17259013040143184 -0.15491958372753073 -0.08742911153119091 -0.1625415589213151 -0.10680088386938376 -0.107095046854083 -0.14737105033096037 -0.15094810379241516 -0.06682389937106917 -0.127665544332211 -0.20739630184907543 -0.08694670280036133 -0.20703699513519633 -0.02537764350453172 -0.1791185481970304 0.0035997120230381575 -0.16057312252964426 -0.013674788662357037 -0.11087579419459326 -0.04343248223216636
-0.13596276335129837 -0.11246063877642824 -0.11108592155973702 -0.008106543138390269 -0.11094063495810222 0.054437869822485205 -0.14480304331819854 -0.013399926909489584 -0.10002564760194924 0.005536332179930798 -0.25142135186355025 -0.15672829680421207 -0.24967304720009512 -0.07301046483329277 -0.12379989893885801 -0.04435682602267128 -0.10619938935351118 -0.012928248222365869 -0.022427440633245383 -0.03333333333333334 -0.1443536024527338 -0.18354274451835428 -0.24104927330733786 -0.10138678475702131 -0.15906549024481173 0.04024144869215292 -0.04153825539327348 0.12334575356546318 0.01608147949611364 0.14929699956515438 -0.4335000641272284 -1.2510405517897492 -1.2086997860708342 -0.4154589371980676 -0.20109235352532276 -0.09658052727747327 -0.18901039557175642 -0.08570675105485233 -0.13947764255435527 -0.0744452397995705 -1.0204846365226081 -4.499080882352941 -3.587609801202034 -0.9754317684261737 -0.49932357643586284 -0.36608143444153907 -0.31105398457583544 -0.31420410283043365 -0.24230254350736277 -0.2718503361590178 -0.5747267591796634 -2.2092616353668495 -1.2310819968375875 -0.4082601471635415 -0.3360215053763441 -0.05732087227414331 -0.07655990812811024 -0.035582666158342866 -0.023554043444124574 -0.04022191400832177 -0.15886388253700806 -0.24159663865546216 -0.04319402288115806 -0.06364837276330011 -0.12962962962962962 0.024706609017912294 -0.0799300611964531 0.024685262898049867 -0.1829346296533197 0.01246019659421293 -0.17386857581181284 -0.1501892147587512 -0.08742911153119091 -0.13298854820834874 -0.10434569113675422 -0.09857612267250823 -0.1448732359185712 -0.1384730538922156 -0.06289308176100629 -0.1122334455667789 -0.20739630184907548 -0.08242999096657634 -0.20251159633442697 -0.02537764350453172 -0.17322649069054916 0.002399808015358771 -0.14575098814229248 -0.012431626056688214 -0.10215522611187244 -0.0315872598052119
-0.13718765311122 -0.11246063877642824 -0.11788710043074133 -0.0023161551823972205 -0.10976041543727136 0.07100591715976332 -0.14480304331819854 0.0012181751735899644 -0.09489612721210566 0.020761245674740487 -0.24510423246999374 -0.15550385698542912 -0.25799548210676493 -0.08396203455828669 -0.12127337038908541 -0.04928536224741252 -0.10221691225275456 -0.00775694893341952 -0.019788918205804754 -0.02777777777777778 -0.15201839550332144 -0.20817935452081798 -0.2906770648706133 -0.14333993707027154 -0.17397787995526282 0.01886317907444668 -0.053597748894546424 0.1015032763715791 0.006700616456714015 0.13335265980576894 -0.4399127869693472 -1.4068260197407538 -1.650820061801759 -0.5495169082125604 -0.2271598808341609 -0.11354737666405638 -0.20116106385851218 -0.09757383966244726 -0.1531519212361548 -0.07587687902648532 -0.9417936547589306 -4.454273897058823 -3.984049930651872 -1.11530041352469 -0.5337596851555775 -0.3947204582243805 -0.3213367609254498 -0.3349779278109582 -0.24230254350736277 -0.27038877521192634 -0.46051823652216617 -1.5093899451767174 -1.0356900835780438 -0.3892713031094232 -0.3286901270772239 -0.064797507788162 -0.06762791884649738 -0.04320752319227348 0.002617115938236067 -0.041608876560332866 -0.14923576844385605 -0.20308123249299723 -0.029185150595377067 -0.052840158520475564 -0.1074074074074074 0.0420012353304509 -0.07118771075309105 0.03826215749197729 -0.17397978764231806 0.03461165720614703 -0.1713116849910509 -0.1442762535477767 -0.08861058601134215 -0.11082379017362394 -0.09943530567149521 -0.07180236095898748 -0.14487323591857124 -0.11477045908183633 -0.04979035639412998 -0.08277216610549945 -0.20739630184907548 -0.0858175248419151 -0.20251159633442697 -0.02416918429003021 -0.17086966768795664 -0.004799616030717543 -0.14575098814229245 -0.0174042764793635 -0.10589261243303849 -0.03685180310608054
-0.14208721215090642 -0.10121457489878542 -0.13035592836091586 -0.006948465547191663 -0.10858019591644048 0.06982248520710059 -0.1411216100134986 -0.003654525520769887 -0.08591946652987945 0.01660899653979239 -0.23120656980416937 -0.15550385698542915 -0.2556176435620021 -0.08031151131662204 -0.10737746336533602 -0.0579103006407097 -0.08628700384972789 -0.01680672268907563 -0.0026385224274406384 -0.020833333333333332 -0.1571282575370465 -0.23158413402315842 -0.3450313127732483 -0.19111991609369539 -0.19261836709332666 -0.007545271629778673 -0.06029746750636472 0.08608505717589618 -6.938893903907229e-19 0.12900420350775474 -0.4463255098114659 -1.4983945772386726 -2.2759686237223673 -0.7838164251207729 -0.26439920556107255 -0.15009135995823547 -0.20926150938301605 -0.13713080168776373 -0.1531519212361548 -0.09735146743020759 -0.8443667249562827 -4.264705882352941 -4.200184928340269 -1.2576015567988326 -0.5608166277210674 -0.42958535674262227 -0.31233933161953725 -0.36094520903661387 -0.23159303882195448 -0.27623501900029235 -0.3892914159400712 -0.9448267817566777 -0.868533995934041 -0.36553524804177545 -0.3238025415444771 -0.06230529595015577 -0.06635192037769554 -0.03177023764137756 0.015702695629416386 -0.02219140083217753 -0.15043928270550005 -0.18674136321195145 -0.026850338547746905 -0.05284015852047556 -0.11111111111111112 0.04694255713403335 -0.07618333957786935 0.043199210071587266 -0.173979787642318 0.0443029212238682 -0.1751470212221938 -0.16674550614947964 -0.11342155009451796 -0.09974141115626153 -0.0969801129388657 -0.07545332846537665 -0.13363307106282002 -0.12100798403193613 -0.044549266247379454 -0.08557800224466891 -0.19740129935032483 -0.06662149954832881 -0.195723498133273 -0.003625377643504532 -0.16026396417629035 -3.4694469519536144e-19 -0.13957509881422925 -0.0074589756340129295 -0.09966363523109506 -0.018425901553040275
-0.1580107790298873 -0.1090868196131354 -0.16662888233960552 -0.03705848291835553 -0.12392304968724185 0.04260355029585799 -0.14848447662289851 -0.031672554513339016 -0.09361374711464479 -0.011072664359861591 -0.23120656980416934 -0.15427941716664625 -0.26631791701343477 -0.08396203455828669 -0.10990399191510865 -0.05791030064070971 -0.07832204964821451 -0.02327084680025857 0.003957783641160949 -0.02222222222222222 -0.16607051609606543 -0.24882976102488302 -0.4112017015242822 -0.24239599114322335 -0.21250155337392815 -0.02012072434607646 -0.07101701728527401 0.07837594757805473 -2.0816681711721684e-18 0.13480214523844034 -0.4681287674746697 -1.5233678201926506 -3.0936534347516043 -1.1884057971014492 -0.33515392254220455 -0.20751761942051683 -0.23491292021061155 -0.18459915611814348 -0.17229591139067413 -0.14173228346456693 -0.7381963527354484 -3.895909926470588 -4.252196024040685 -1.4047676964242277 -0.5964825974664862 -0.4669406051550243 -0.30719794344473006 -0.3778239418332901 -0.21285140562248994 -0.28792750657702426 -0.31683654672725037 -0.5493992767992536 -0.7092839394623898 -0.34773320674103964 -0.32013685239491696 -0.07725856697819314 -0.06635192037769555 -0.03812428516965307 0.015702695629416383 -0.019417475728155338 -0.1612709110602961 -0.1669000933706816 -0.03151996264300723 -0.04323285697129818 -0.1222222222222222 0.04817788758492897 -0.09241913325839891 0.04073068378178228 -0.1880516822310349 0.03738058978263879 -0.17898235745333677 -0.19039735099337748 -0.1476843100189036 -0.10959241472725034 -0.10925607660201324 -0.08884020932213703 -0.14112651429998752 -0.13847305389221556 -0.055031446540880505 -0.10521885521885521 -0.1924037981009495 -0.07000903342366756 -0.2070369951351963 0.0024169184290030233 -0.16144237567758662 -0.001199904007679386 -0.14328063241106717 -0.0174042764793635 -0.10215522611187244 -0.01579362990260595
-0.1580107790298873 -0.12033288349077823 -0.16776241215143955 -0.04632310364794441 -0.11802195208308745 -0.2733727810650888 -0.14357589888329855 -0.05481788281154829 -0.08720184662734035 -0.023529411764705882 -0.22236260265319013 -0.15060609771029754 -0.269884674830579 -0.0888293988805062 -0.10358767054067712 -0.05914243469689502 -0.0677021107128634 -0.015513897866839044 0.007915567282321899 -0.02222222222222222 -0.17245784363822175 -0.28208918452820897 -0.47973531844499584 -0.3391213145321058 -0.24481173107990556 -0.054074446680080476 -0.08307651078654696 0.046254657587048685 -0.01474135620477084 0.11740832004638353 -0.4578684109272798 -1.5269354263289334 -3.8412170192536252 -1.8067632850241544 -0.407149950347567 -0.25972330984077263 -0.25516403402187116 -0.23734177215189872 -0.18050047859975385 -0.16750178954903366 -0.6270297277042218 -3.37890625 -4.10078594544614 -1.4935538798345902 -0.6346082892633131 -0.4881085792553854 -0.29948586118251924 -0.3882108543235523 -0.1927710843373494 -0.29523531131248176 -0.2775389905440256 -0.30444418523270744 -0.5906934718771176 -0.3406123902207453 -0.31524926686217014 -0.0984423676012461 -0.06507592190889372 -0.06354047528275511 0.02486260141324261 -0.0319001386962552 -0.1576603682753641 -0.16573295985060693 -0.022180714452486573 -0.042031944277651015 -0.12345679012345678 0.044471896232242125 -0.08617459722742601 0.020982473463342387 -0.17653831393117564 0.023535926900179978 -0.1700332395806699 -0.21523178807947022 -0.1476843100189036 -0.10959241472725034 -0.09084213110729192 -0.08762322015334063 -0.12613962782565255 -0.14221556886227543 -0.04979035639412997 -0.10101010101010102 -0.17991004497751123 -0.07113821138211382 -0.2160877927367349 0.0012084592145015117 -0.15201508366721658 -0.007199424046076312 -0.14451581027667984 -0.0174042764793635 -0.10589261243303849 -0.017109765727823113
-0.14208721215090642 -0.12370670265407106 -0.16889594196327362 -0.05442964678633468 -0.1203823911247492 -0.2804733727810651 -0.13621303227389864 -0.06943598489462785 -0.08720184662734035 -0.02491349480968858 -0.23373341756159194 -0.1408105791600343 -0.3162525264534538 -0.09369676320272571 -0.12379989893885804 -0.06160670280926565 -0.07699455728129563 -0.02585649644473174 0.010554089709762533 -0.03611111111111111 -0.17756770567194685 -0.30179847253017983 -0.5636299184686282 -0.41487006176436314 -0.2858208027836461 -0.07545271629778671 -0.08709634195363794 0.015418219195682889 -0.01474135620477084 0.0985650094216553 -0.4578684109272797 -1.507908193602093 -4.390301877822677 -2.4106280193236715 -0.5399702085402185 -0.29887757765596457 -0.2929661131362225 -0.2755801687763713 -0.205114180226993 -0.18611309949892627 -0.5221084186859856 -2.734375 -3.86037910309755 -1.5555825833130625 -0.6850325913171811 -0.49557962893786583 -0.29948586118251924 -0.3869124902622695 -0.1713520749665328 -0.2937737503653902 -0.25052192066805845 -0.1959640732532369 -0.5071154280551163 -0.31806313790647994 -0.3140273704789834 -0.11962616822429906 -0.07017991578410107 -0.08768585589020206 0.02224548547500654 -0.05131761442441054 -0.15164279696714408 -0.15873015873015875 -0.011674060238150825 -0.028821904647532127 -0.1222222222222222 0.05188387893761581 -0.08867241163981517 0.008639842014317455 -0.18421389279774852 0.023535926900179978 -0.1610841217080031 -0.23178807947019867 -0.17958412098298676 -0.08619628124615195 -0.08838693837466241 -0.08518924181574783 -0.13363307106282002 -0.15469061876247509 -0.052410901467505246 -0.10802469135802469 -0.17616191904047976 -0.07452574525745258 -0.2341893879398122 0.006042296072507554 -0.1496582606646241 -0.014398848092152628 -0.13957509881422925 -0.04102436598707111 -0.1046468169926498 -0.02763885232956041
-0.12371386575208229 -0.1282051282051282 -0.15642711403309906 -0.0544296467863347 -0.11212085447893308 -0.2899408284023669 -0.13866732114369862 -0.07796321110975758 -0.0820723262374968 -0.03321799307958477 -0.20720151610865445 -0.1628504958981266 -0.3257638806325051 -0.11316622049160377 -0.11622031328954019 -0.07885657959586004 -0.059737156511350066 -0.04266321913380737 0.02506596306068602 -0.04861111111111111 -0.1750127746550843 -0.32520325203252026 -0.65225097483162 -0.5488870760983569 -0.3367714676276873 -0.11569416498993963 -0.08307651078654696 -0.014133367596042645 0.0 0.07537324249891288 -0.4591509554957035 -1.4698537281484125 -4.6909912051343 -3.198067632850242 -0.7249255213505462 -0.3484729835552075 -0.34291886053732956 -0.3032700421940928 -0.2379324490633119 -0.20758768790264853 -0.4209342992755434 -2.0071231617647056 -3.510171058714748 -1.5811238141571393 -0.7256180051654163 -0.5167476030382268 -0.2853470437017995 -0.3843157621397039 -0.1459170013386881 -0.2923121894182988 -0.21982070489991404 -0.1516388662078619 -0.43934944657781794 -0.3014478993591265 -0.2920332355816227 -0.13707165109034267 -0.06635192037769556 -0.08895666539585716 0.03402250719706883 -0.055478502080443824 -0.13359008304248407 -0.16690009337068162 0.011674060238150829 -0.03242464272847364 -0.10987654320987654 0.04076590487955528 -0.08367678281503685 -0.007405578869414955 -0.17653831393117564 0.006922331441229407 -0.12528765021733573 -0.2507095553453169 -0.1689508506616257 -0.08127077946065756 -0.0638350110483673 -0.09249117682852623 -0.12364181341326339 -0.15843313373253493 -0.04323899371069182 -0.1080246913580247 -0.15367316341829085 -0.08694670280036135 -0.24663423464192782 -0.012084592145015106 -0.1319820881451803 -0.03119750419966403 -0.12969367588932806 -0.05594231725509696 -0.08969727170798555 -0.03948407475651487
-0.1212640862322391 -0.11695906432748535 -0.17116300158694173 -0.07064273306311523 -0.1251032692080727 -0.2923076923076924 -0.14848447662289851 -0.0743086855889877 -0.08976660682226213 -0.045674740484429065 -0.1996209728363866 -0.1604016162605608 -0.3340863155391749 -0.15088829398880504 -0.1414855987872663 -0.08748151798915722 -0.07168458781362007 -0.053005817711700064 0.019788918205804758 -0.06527777777777778 -0.18012263668880937 -0.31411677753141165 -0.6853361692071369 -0.8961659480247057 -0.575369702994905 -0.16725352112676056 -0.09379606056545625 -0.041115251188487724 0.009380863039399626 0.05073199014349905 -0.4219571630114146 -1.3366630990605306 -4.576895650106965 -3.7753623188405796 -1.2487586891757696 -0.43852779953014875 -0.38747131092210074 -0.32832278481012656 -0.25434158348147134 -0.2448103078024338 -0.3659755183612291 -1.4051011029411766 -2.976190476190476 -1.519095110678667 -0.735456893371049 -0.5478769767152285 -0.2853470437017995 -0.3882108543235523 -0.12583668005354753 -0.3025431160479392 -0.20139997543902738 -0.1318091683191415 -0.41789021911000673 -0.2860194635651555 -0.27859237536656895 -0.12461059190031151 -0.0676279188464974 -0.07751937984496124 0.0366396231353049 -0.044382801664355064 -0.12636899747262006 -0.15522875816993464 0.010506654214335744 -0.03122373003482647 -0.1037037037037037 0.061766522544780725 -0.07868115399025853 0.01357689459392743 -0.1688627350646028 0.017998061747196457 -0.1150600869342879 -0.2459791863765374 -0.18076559546313803 -0.11328654106637112 -0.061379818315737786 -0.09492515516611902 -0.12613962782565252 -0.1634231536926148 -0.048480083857442346 -0.13187429854096522 -0.13618190904547725 -0.08017163504968382 -0.25681638194365874 -0.033836858006042296 -0.13080367664388406 -0.029997600191984643 -0.12475296442687749 -0.06464445549477871 -0.07973090818487603 -0.048697025533035
-0.1212640862322391 -0.10458839406207825 -0.1700294717751077 -0.09496236247828604 -0.12982414729139619 -0.2970414201183433 -0.1472573321879985 -0.08649043732488731 -0.09233136701718389 -0.047058823529411764 -0.21099178774478838 -0.15305497734786339 -0.3352752348115563 -0.17644195668045753 -0.17559373420919658 -0.10842779694430756 -0.09159697331740344 -0.0698125404007757 -1.3877787807814458e-18 -0.07083333333333333 -0.1941747572815534 -0.3079576250307957 -0.7006971523100555 -1.2178067824262908 -0.9071703740524419 -0.24144869215291748 -0.1259547099021841 -0.07837594757805474 -0.012061109622085231 0.03478765038411365 -0.3898935488008208 -1.160661196337258 -4.376039933444259 -4.1026570048309186 -1.8048659384309829 -0.5559906029757243 -0.43472390981503983 -0.36656118143459915 -0.27895528510871054 -0.2562634216177523 -0.34599050711966023 -0.9156709558823529 -2.412159038372631 -1.41328144003892 -0.734227032345345 -0.5740256506039099 -0.2917737789203085 -0.3882108543235522 -0.11646586345381527 -0.2937737503653902 -0.1964877809161243 -0.13997433803802634 -0.3975604246668173 -0.27652504153809637 -0.261485826001955 -0.14454828660436136 -0.06890391731529923 -0.10039395094675307 0.0366396231353049 -0.058252427184466014 -0.13960765435070407 -0.16106442577030813 1.3877787807814458e-18 -0.030022817341179293 -0.11728395061728394 0.0592958616429895 -0.08492569002123143 -0.00863984201431745 -0.18421389279774852 0.012460196594212932 -0.1201738685758118 -0.2258751182592243 -0.1890359168241966 -0.12313754463735993 -0.0662902037809968 -0.08397225264695143 -0.12489072061945798 -0.16092814371257486 -0.05110062893081761 -0.127665544332211 -0.12868565717141428 -0.08017163504968383 -0.2545536825432741 -0.04712990936555892 -0.13080367664388404 -0.03719702423806096 -0.11363636363636362 -0.0808055693684734 -0.07723931730409866 -0.05396156883390365
-0.1212640862322391 -0.10008996851102112 -0.16889594196327365 -0.12854661262304573 -0.13454502537471968 -0.31242603550295867 -0.14603018775309856 -0.09989036423437689 -0.09489612721210568 -0.05536332179930795 -0.20593809222994314 -0.1420350189788172 -0.3269527999048865 -0.2032124604526649 -0.19327943405760487 -0.12690980778708721 -0.11150935882118677 -0.0698125404007757 -0.01978891820580475 -0.06388888888888888 -0.19545222278998467 -0.30303030303030304 -0.6865177832919768 -1.4636988695956181 -1.2253013545420655 -0.32570422535211263 -0.1567734155165483 -0.10021842477193885 -0.02948271240954168 0.03333816495144224 -0.36937283570604074 -0.9406588179331669 -4.063465652483955 -4.240338164251208 -2.349801390268123 -0.7086922474549726 -0.4833265829620629 -0.39820675105485226 -0.3022015588677697 -0.26914817465998564 -0.3135148638521109 -0.5951286764705883 -1.8596856218215438 -1.3026027730479204 -0.7182388390111918 -0.6051550242809114 -0.2943444730077121 -0.3869124902622695 -0.107095046854083 -0.2820812627886583 -0.1952597322853985 -0.13414207395310856 -0.38174836232211423 -0.25872300023736056 -0.25048875855327457 -0.1383177570093458 -0.07655990812811025 -0.09658152242978776 0.034022507197068834 -0.04022191400832178 -0.14562522565892408 -0.15756302521008406 0.0023348120476301645 -0.03963011889035667 -0.12098765432098765 0.05806053119209389 -0.07868115399025852 -0.011108368304122438 -0.18037610336446205 0.01661359545895057 -0.11122475070314497 -0.20577105014191108 -0.19139886578449908 -0.1342199236547223 -0.06629020378099681 -0.07180236095898745 -0.12738853503184716 -0.15219560878243513 -0.05765199161425577 -0.1122334455667789 -0.11619190404797601 -0.07000903342366757 -0.24437153524154312 -0.047129909365558914 -0.12373320763610651 -0.029997600191984643 -0.1049901185770751 -0.0758329189457981 -0.0710103401021552 -0.04738088970781785
-0.12983831455169034 -0.07984705353126405 -0.1586941736567672 -0.1447596988998263 -0.1439867815413667 -0.3088757396449705 -0.15707448766719842 -0.09501766354001705 -0.10771992818671454 -0.052595155709342555 -0.19330385344283005 -0.144483898616383 -0.3174414457258352 -0.22754928206376243 -0.21601819100555836 -0.14908822079842285 -0.11018186645426789 -0.07886231415643181 -0.019788918205804747 -0.06527777777777778 -0.19289729177312212 -0.3042621335304262 -0.6569774311709795 -1.615196364060133 -1.6540325587175346 -0.45523138832997984 -0.19161195229800349 -0.1451882307593473 -0.04690431519699813 -0.00579794173068561 -0.34885212261126075 -0.7313592579379236 -3.7473258854290465 -4.236714975845411 -2.8934955312810327 -0.8927173061863745 -0.5440799243958419 -0.43644514767932485 -0.32544783262682897 -0.3049391553328561 -0.2772920309767674 -0.42164522058823534 -1.3118354137771613 -1.1663828752128436 -0.6985610625999262 -0.6300585232225128 -0.2943444730077121 -0.38301739807842117 -0.09504685408299866 -0.27331189710610937 -0.19280363502394696 -0.1388078852210428 -0.3828777953467359 -0.2504153809636839 -0.2443792766373411 -0.15077881619937694 -0.09187188975373231 -0.11183123649764899 0.02093692750588851 -0.0624133148404993 -0.14201468287399208 -0.15639589169000936 0.0070044361428904965 -0.04443376966494536 -0.13209876543209875 0.04941321803582459 -0.08867241163981517 -0.014811157738829916 -0.18037610336446205 0.009691264017721166 -0.10738941447200205 -0.1998580889309366 -0.18312854442344045 -0.14899642901120552 -0.05892462558310828 -0.060849458439819884 -0.11989509179467965 -0.14970059880239522 -0.05503144654088051 -0.11784511784511786 -0.11119440279860071 -0.07339656729900633 -0.24550288494173547 -0.05438066465256797 -0.13669573415036532 -0.04079673626109911 -0.11487154150197629 -0.08204873197414222 -0.07350193098293259 -0.05132929718346933
-0.13228809407153358 -0.06860098965362123 -0.1496259351620948 -0.16444701795020267 -0.14870765962469018 -0.31834319526627225 -0.1656644987114983 -0.10110853940796685 -0.11541420877147986 -0.06089965397923876 -0.2034112444725205 -0.12244398187829067 -0.32219712281536084 -0.23850085178875635 -0.25517938352703384 -0.16387382947264664 -0.13540422142572678 -0.08144796380090497 -0.03825857519788918 -0.06944444444444445 -0.2005620848237098 -0.28948016752894795 -0.6203473945409429 -1.673464631161869 -2.1473841183049585 -0.5985915492957746 -0.2385099825807316 -0.15932159835538998 -0.06834628785848298 -0.021742281490071024 -0.32576632037963316 -0.5446545368058031 -3.269550748752079 -4.103864734299518 -3.3763654419066533 -1.0884886452623337 -0.584582152018361 -0.4562236286919831 -0.3131409818132094 -0.3106657122405154 -0.26979765176117915 -0.3366268382352941 -0.8425797503467406 -1.0046217465336902 -0.6751937031115485 -0.6425102726933135 -0.31105398457583544 -0.3752272137107244 -0.09370816599732262 -0.2718503361590178 -0.18666339187031805 -0.12830980986819082 -0.382877795346736 -0.23973415618324237 -0.22849462365591394 -0.13457943925233645 -0.10718387137935434 -0.10039395094675307 -0.007851347814708191 -0.05963938973647711 -0.13238656878084007 -0.14822595704948646 0.014008872285780993 -0.04803650774588687 -0.1308641975308642 0.04941321803582459 -0.08367678281503685 -0.020982473463342383 -0.17525905078674683 -0.004153398864737641 -0.11250319611352595 -0.18448438978240303 -0.1854914933837429 -0.16131018347494147 -0.06997299287994108 -0.05963246927102348 -0.1298863494442363 -0.155938123752495 -0.07730607966457023 -0.1360830527497194 -0.11619190404797601 -0.06097560975609756 -0.2534223328430818 -0.06767371601208459 -0.1437662031581428 -0.03719702423806095 -0.12228260869565218 -0.07210343112879165 -0.08097670362526473 -0.05396156883390365
-0.12616364527192553 -0.06522717049032838 -0.132622987984584 -0.18645049218297627 -0.1711318305204768 -0.32662721893491137 -0.17916308749539817 -0.10110853940796685 -0.12310848935624516 -0.05674740484429066 -0.21983575489576754 -0.09795518550263255 -0.3328973962667935 -0.25918715015818933 -0.31455280444669026 -0.17619517003449978 -0.1646090534979424 -0.07627666451195862 -0.06068601583113457 -0.06944444444444443 -0.20567194685743484 -0.2722345405272234 -0.5624483043837882 -1.714252418133085 -2.660618864172984 -0.7344064386317907 -0.2867479565858234 -0.17088526275215216 -0.0790672741892254 -0.02319176692274243 -0.3116583301269719 -0.42454513021762386 -2.6194437841692415 -3.834541062801933 -3.772343594836147 -1.344296528321587 -0.6669366815174834 -0.47204641350210963 -0.33091754409954877 -0.3006442376521117 -0.25730701973519865 -0.30675551470588236 -0.5212667591308369 -0.8465093651179763 -0.6395277333661297 -0.6636782467936746 -0.34318766066838047 -0.37652557777200724 -0.10174029451137886 -0.26600409237065187 -0.17069875967088294 -0.13764143240405927 -0.3659362999774114 -0.2456681699501543 -0.20527859237536655 -0.14579439252336449 -0.10463187444175068 -0.1283517600711653 -0.013085579691180318 -0.08460471567267683 -0.13238656878084007 -0.14939309056956115 0.009339248190520663 -0.057643809295064255 -0.1407407407407407 0.04076590487955529 -0.09491694767078807 -0.039496420636879775 -0.1842138927977485 -0.016613595458950574 -0.10866785988238303 -0.17265846736045412 -0.17013232514177695 -0.1662356852604359 -0.0859317456420329 -0.034075696726299134 -0.13113525665043085 -0.15344311377245506 -0.0838574423480084 -0.12626262626262624 -0.11119440279860068 -0.07565492321589883 -0.2409774861409662 -0.09667673716012086 -0.15790714117369783 -0.05519558435325174 -0.11981225296442688 -0.08453505718547986 -0.08222249906565342 -0.05790997630955515
-0.10534051935325821 -0.07534862798020692 -0.11675357061890726 -0.20034742327735958 -0.1900153428537708 -0.3242603550295859 -0.17670879862559824 -0.11085394079668656 -0.11541420877147987 -0.06228373702422145 -0.21099178774478836 -0.11387290314681034 -0.32100820354297943 -0.2859576539303967 -0.3322385042950985 -0.21931986200098574 -0.16991902296561795 -0.09825468648998059 -0.05408970976253298 -0.08194444444444443 -0.1852324987225345 -0.2759300320275929 -0.4832801606995155 -1.692110476634425 -3.0719522803529267 -0.9947183098591548 -0.3403457054803698 -0.21328536554028013 -0.0763870276065398 -0.05363096100884186 -0.2718994485058356 -0.362706623855393 -1.7696695982885664 -3.393719806763285 -3.855511420059583 -1.5948838423388152 -0.742540839746186 -0.48127637130801676 -0.3199781211541091 -0.2834645669291339 -0.2385710716962278 -0.3136488970588235 -0.3502080443828016 -0.6956944782291412 -0.5509777395154348 -0.6972979703648363 -0.3676092544987147 -0.39210594650740066 -0.10575635876840699 -0.26308097047646883 -0.148593884317819 -0.14697305493992768 -0.34560650553422184 -0.2456681699501543 -0.17961876832844575 -0.1482866043613707 -0.10080387903534516 -0.15122633117295714 0.0052342318764721256 -0.10124826629680998 -0.10229871223974005 -0.1598972922502334 0.018678496381041326 -0.07325567431247747 -0.12345679012345676 0.0333539221741816 -0.07493443237167478 -0.04566773636139224 -0.1663042087757452 -0.019382528035442336 -0.08182050626438252 -0.18211920529801323 -0.13350661625708884 -0.17978081517054548 -0.09575251657255095 -0.018254837531945966 -0.10865492693892845 -0.15843313373253493 -0.0589622641509434 -0.12065095398428731 -0.0974512743628186 -0.07904245709123757 -0.21495644303654257 -0.11480362537764352 -0.16144237567758662 -0.06959443244540436 -0.11116600790513835 -0.0919940328194928 -0.061043976579045714 -0.06185838378520664
-0.10534051935325821 -0.07309941520467836 -0.11448651099523918 -0.20729588882455124 -0.21243951374955744 -0.016568047337278114 -0.19388882071419808 -0.11450846631745644 -0.13464991023339318 -0.06366782006920416 -0.20593809222994314 -0.11632178278437615 -0.2924741410058257 -0.2969092236553906 -0.32971197574532596 -0.26983735830458355 -0.18850391610248238 -0.1176470588235294 -0.05408970976253298 -0.08194444444444444 -0.17756770567194685 -0.26484355752648436 -0.42183622828784123 -1.5977158839296117 -3.2794830371567043 -1.600855130784708 -0.45558086560364464 -0.2312732879352435 -0.09380863039399626 -0.05797941730685606 -0.26163909195844554 -0.3151385420382923 -0.9816971713810316 -2.7270531400966185 -3.7735849056603774 -2.0255807883059256 -0.8734980423923314 -0.4970991561181434 -0.34048953917680846 -0.28203292770221905 -0.2310766924806395 -0.3102022058823529 -0.3016643550624133 -0.5801508148868887 -0.4722666338703726 -0.7421242684597187 -0.3920308483290489 -0.41028304336535965 -0.11914323962516735 -0.2513884828997369 -0.12034876581112612 -0.14347369648897704 -0.31624124689405925 -0.23023973415618326 -0.15029325513196481 -0.12959501557632397 -0.0956998851601378 -0.14360147413902652 0.0039256739073540966 -0.0957004160887656 -0.09026356962330004 -0.14939309056956113 0.023348120476301658 -0.07085384892518314 -0.11111111111111112 0.024706609017912298 -0.07368552516548021 -0.0370278943470748 -0.17909684022003328 -0.016613595458950574 -0.08182050626438252 -0.17147587511825924 -0.12523629489603025 -0.1810121906169191 -0.11784925116621656 -0.001216989168796398 -0.12239290620706882 -0.15718562874251496 -0.06813417190775681 -0.1192480359147026 -0.08620689655172414 -0.08468834688346884 -0.188935399932119 -0.11722054380664652 -0.14847984916332785 -0.08519318454523639 -0.09881422924901186 -0.08950770760815516 -0.048586022175158845 -0.057909976309555154
-0.10044096031357178 -0.06860098965362123 -0.09861709362956245 -0.20729588882455124 -0.21125929422872652 -0.026035502958579888 -0.18652595410479814 -0.11694481666463638 -0.13977943062323672 -0.07197231833910037 -0.19330385344283005 -0.1089751438716787 -0.2472952086553323 -0.29569238257483577 -0.32339565437089435 -0.30433711187777235 -0.20841630160626576 -0.1279896574014221 -0.06596306068601583 -0.07916666666666668 -0.18140010219724068 -0.24143877802414387 -0.359210681791327 -1.4928330031464863 -3.2757549397290915 -2.3931086519114686 -0.6659520300147393 -0.2466915071309264 -0.14607343875636558 -0.05363096100884186 -0.23983583429524175 -0.25448923772148885 -0.38388400285238883 -2.050724637681159 -3.6146971201588878 -2.423649177760376 -1.0395571756446604 -0.4970991561181434 -0.3432243949131683 -0.2605583392984968 -0.22233325006245316 -0.29296875 -0.2843273231622746 -0.45001216249087816 -0.3923256671996064 -0.7246918192005978 -0.4318766066838046 -0.414178135549208 -0.13386880856760375 -0.23092662964045602 -0.10438413361169104 -0.13297562113612504 -0.29365258640162645 -0.2076904818419179 -0.12585532746823067 -0.10841121495327102 -0.09059589128493045 -0.13216418858813062 -0.003925673907354097 -0.08599167822468794 -0.06619328439042002 -0.1400560224089636 0.03852439878589774 -0.06965293623153597 -0.09382716049382715 0.018529956763434222 -0.06119645310353441 -0.024685262898049863 -0.17525905078674686 -0.006922331441229407 -0.06392227051904883 -0.15728476821192053 -0.0992438563327032 -0.18470631695603987 -0.12030444389884606 0.002433978337592795 -0.10365929811415013 -0.14221556886227543 -0.0720649895178197 -0.10521885521885521 -0.08120939530234883 -0.08242999096657633 -0.15273220952596447 -0.10996978851963746 -0.14376620315814284 -0.10319174466042717 -0.10251976284584981 -0.09448035803083044 -0.0635355674598231 -0.06712292708607528
-0.10044096031357178 -0.05735492577597841 -0.08388120607571978 -0.19687319050376376 -0.21007907470789564 -0.047337278106508875 -0.17548165419069822 -0.12181751735899622 -0.14619133111054117 -0.07197231833910037 -0.197094125078964 -0.09550630586506673 -0.22470574248008557 -0.28230713068873203 -0.32718544719555326 -0.322819122720552 -0.25089605734767023 -0.13574660633484165 -0.079155672823219 -0.08888888888888889 -0.19417475728155337 -0.22419315102241927 -0.282405766276734 -1.3494930660762148 -3.1800671057536967 -3.161468812877263 -1.0438161597212916 -0.28523705512013364 -0.19431787724470653 -0.05508044644151326 -0.20905476465307168 -0.22356998454037336 -0.02733539339196576 -1.214975845410628 -3.3850546176762664 -2.7212216131558344 -1.2839206156338598 -0.5392932489451476 -0.31861069328592917 -0.2576950608446672 -0.22233325006245322 -0.2803308823529412 -0.28779472954230234 -0.3551447336414498 -0.3123847005288402 -0.672394471423235 -0.4678663239074551 -0.42975850428460144 -0.1311914323962517 -0.22361882490499854 -0.10438413361169104 -0.13764143240405924 -0.2970408854754914 -0.21006408734868268 -0.12341153470185726 -0.10218068535825545 -0.0918718897537323 -0.14233066463337143 -0.01831981156765245 -0.0970873786407767 -0.06258274160548802 -0.1248832866479925 0.040859210833527906 -0.05644289660141708 -0.08641975308641975 0.022235948116121063 -0.05120519545397777 -0.03209084176746482 -0.17142126135346042 -0.002768932576491763 -0.0715929429813347 -0.1490066225165563 -0.10160680529300567 -0.20194557320527026 -0.13012521482936412 -0.02920774005111354 -0.08992131884600973 -0.15094810379241516 -0.08123689727463312 -0.12205387205387204 -0.08745627186406796 -0.07904245709123757 -0.14368141192442585 -0.09305135951661632 -0.15201508366721658 -0.11399088072954164 -0.11487154150197629 -0.09448035803083044 -0.07848511274448736 -0.0631745196104238
-0.08451739343459089 -0.051731893837157 -0.057810020403536624 -0.17602779386218875 -0.19473622093709428 -0.05207100591715976 -0.16934593201619833 -0.11450846631745644 -0.13721467042831495 -0.05536332179930796 -0.1857233101705622 -0.07958858822088895 -0.1961716799429319 -0.23363348746653684 -0.29307731177362306 -0.32651552488910796 -0.2694809504845347 -0.1551389786683904 -0.06992084432717678 -0.09166666666666666 -0.17756770567194685 -0.22172949002217296 -0.22568829020441922 -0.998718098123762 -2.842052938983472 -3.117454728370221 -1.7901648130778507 -0.41757676988307846 -0.20503886357544898 -0.06522684447021307 -0.1846864178530204 -0.2211915804495183 0.013073449013548847 -0.5845410628019324 -2.7842601787487586 -2.644218219785957 -1.6916430403672202 -0.6935654008438819 -0.3213455490222891 -0.24194702934860418 -0.2160879340494629 -0.2630974264705882 -0.2820157189089228 -0.32960350279737294 -0.2607305374492682 -0.6225874735400324 -0.48457583547557836 -0.4700077901843677 -0.14323962516733602 -0.2206957030108156 -0.09701584182733639 -0.12364399860025663 -0.2767110910323018 -0.2053168763351531 -0.10386119257086998 -0.10467289719626167 -0.06507592190889369 -0.14741390265599183 -0.003925673907354095 -0.09292649098474341 -0.05897219882055603 -0.11904761904761907 0.05253327107167873 -0.04083103158400385 -0.0765432098765432 0.018529956763434215 -0.0487073810415886 -0.0370278943470748 -0.1701419982090316 -0.004153398864737647 -0.07031449757095372 -0.13245033112582782 -0.1027882797731569 -0.1736239379386775 -0.13626319666093786 -0.03529268589509553 -0.0724366179592856 -0.1347305389221557 -0.06420335429769393 -0.10662177328843996 -0.09620189905047476 -0.07339656729900632 -0.13576196402307955 -0.07009063444108762 -0.1461230261607353 -0.11519078473722102 -0.12475296442687747 -0.0870213823968175 -0.07350193098293259 -0.050013161358252164
-0.07839294463498286 -0.04723346828609985 -0.056676490591702565 -0.15055008685581933 -0.19709665997875606 -0.056804733727810655 -0.21597742054239782 -0.13034474357412593 -0.14619133111054114 -0.07750865051903115 -0.18066961465571701 -0.08081302803967186 -0.1902270835810249 -0.19956193721100024 -0.2817079332996463 -0.32281912272055197 -0.3159431833266958 -0.17065287653522945 -0.08047493403693931 -0.11111111111111112 -0.16862544711292796 -0.22419315102241932 -0.19142148174406237 -0.6607621489336907 -2.439418416801293 -3.0181086519114686 -2.4815757738174997 -0.6655531286136451 -0.218440096488877 -0.08986809682562691 -0.17186097216878288 -0.20692115590438812 0.026146898027097697 -0.17270531400966177 -2.1747765640516388 -2.5163142782563304 -2.0642635344943967 -0.9823312236286921 -0.34595925064952826 -0.2605583392984968 -0.20234823882088437 -0.26539522058823534 -0.2820157189089228 -0.32230600827049377 -0.2287541507809617 -0.5802515253393102 -0.47557840616966585 -0.5271358088808102 -0.17402945113788487 -0.236772873428822 -0.09210364730443328 -0.11547882888137173 -0.2733227919584369 -0.19938286256824117 -0.10019550342130987 -0.09719626168224299 -0.05741993109608266 -0.14995552166730206 -0.0026171159382360628 -0.08876560332871011 -0.03369839932603201 -0.11204481792717087 0.07354657950035023 -0.03722829350306233 -0.059259259259259255 0.013588634959851761 -0.06119645310353441 -0.05183905208590471 -0.1727005244978892 -0.02353592690017998 -0.07414983380209665 -0.1371807000946074 -0.1027882797731569 -0.1588474325821943 -0.14240117849251166 -0.0535475234270415 -0.11489946296990135 -0.13597804391217566 -0.07992662473794551 -0.1388888888888889 -0.1024487756121939 -0.06549232158988258 -0.13915601312365652 -0.050755287009063454 -0.1461230261607353 -0.11039116870650349 -0.14204545454545453 -0.07956240676280457 -0.07599352186370999 -0.05527770465912082
-0.05879470847623715 -0.03261358524516419 -0.034005894355021535 -0.11001737116386798 -0.17821314764546206 -0.043786982248520706 -0.25401889802429745 -0.1193811670118163 -0.15260323159784558 -0.08442906574394464 -0.16424510423247 -0.0722419493081915 -0.18309356794673642 -0.16670722803601848 -0.2564426478019202 -0.3117299162148842 -0.3438205230319925 -0.17840982546864897 -0.09102902374670184 -0.11388888888888889 -0.14179867143587124 -0.20817935452081798 -0.15360983102918585 -0.39389348560773807 -2.0342984963340376 -2.89864185110664 -2.8929384965831435 -0.968778106128742 -0.2264808362369338 -0.10436295115234091 -0.15134025907400278 -0.1867047211321203 0.047539814594723076 0.05917874396135264 -1.5553624627606757 -2.33881493082746 -2.2478736330498177 -1.4345991561181435 -0.40475864898126623 -0.2519685039370078 -0.17736697476892332 -0.25275735294117646 -0.2681460933888118 -0.30892726830454875 -0.18324929282991023 -0.5291993525090276 -0.42802056555269924 -0.5686834588418592 -0.20080321285140562 -0.24408067816427947 -0.06999877195136929 -0.10031494226058557 -0.2575107296137339 -0.19344884880132923 -0.08797653958944282 -0.08598130841121496 -0.035727957126451444 -0.15249714067861225 0.005234231876472128 -0.09847434119278778 -0.0012035142616439996 -0.08636788048552754 0.09455988792902173 -0.016812777711060403 -0.046913580246913576 0.025941939468807906 -0.053703009866366926 -0.041964946926684774 -0.1701419982090316 -0.016613595458950574 -0.06136537969828689 -0.13836329233680228 -0.0862476370510397 -0.13421992365472232 -0.13012521482936412 -0.06936838262139468 -0.13862869988759835 -0.1384730538922156 -0.07468553459119497 -0.14169472502805835 -0.10369815092453771 -0.06323396567299007 -0.14820681072519518 -0.0447129909365559 -0.14730143766203158 -0.10919126469882412 -0.15316205533596836 -0.0634012928891099 -0.08346829450604211 -0.04606475388260069
-0.04777070063694268 -0.02811515969410706 -0.019270006801178872 -0.08801389693109438 -0.1664109524371533 -0.04142011834319527 -0.2662903423732973 -0.12669021805335606 -0.14619133111054114 -0.08027681660899655 -0.16550852811118127 -0.052650912207665004 -0.16050410177148974 -0.14967145290825015 -0.22865083375442144 -0.30310497782158696 -0.3823178016726403 -0.17970265029088556 -0.10817941952506596 -0.1125 -0.12391415431783341 -0.1872382360187238 -0.11579818031430933 -0.2120964922503205 -1.5198210513234747 -2.736418511066398 -3.0832105051587835 -1.2514454580495953 -0.25060305548110423 -0.09421655312364112 -0.13723226882134154 -0.15340706386014982 0.053482291419063466 0.19323671497584538 -0.938430983118173 -2.115635604280867 -2.285675712164169 -1.8631329113924053 -0.48133460959934365 -0.2204724409448819 -0.1673744691481389 -0.24241727941176466 -0.23462783171521034 -0.3101435173923619 -0.14635346205878735 -0.4831278794670652 -0.4100257069408741 -0.6141262009867566 -0.24631860776439093 -0.24554223911137094 -0.04543779933685375 -0.08398460282281582 -0.23040433702281454 -0.1875148350344173 -0.06353861192570871 -0.06728971962616823 -0.0076559908128110265 -0.14233066463337146 0.019628369536770482 -0.08876560332871011 0.010831628354796004 -0.05718954248366013 0.10740135419098765 1.3877787807814458e-18 -0.0382716049382716 0.04076590487955528 -0.036218308979642816 -0.033325104912367315 -0.16502494563131637 -0.00830679772947529 -0.04858092559447711 -0.13008514664143805 -0.06379962192816636 -0.1342199236547223 -0.13012521482936412 -0.08153827430935864 -0.14612214312476582 -0.1347305389221557 -0.07468553459119497 -0.1388888888888889 -0.10619690154922541 -0.04290876242095754 -0.13802466342346417 -0.029003021148036257 -0.1366957341503653 -0.0923926085913127 -0.1506916996047431 -0.04724017901541522 -0.09094306714837425 -0.04080021058173204
-0.03797158255756982 -0.017993702204228516 -0.0022670596236681008 -0.068326577880718 -0.15460875722884454 -0.029585798816568042 -0.27365320898269724 -0.1449628456572055 -0.14619133111054114 -0.07889273356401386 -0.1452937460518004 -0.05754867148279663 -0.1391035548686244 -0.13385251886103672 -0.19075290550783225 -0.2883193691473632 -0.37700783220496475 -0.20555914673561732 -0.08707124010554089 -0.12083333333333335 -0.10858456821665816 -0.1675289480167529 -0.09334751270235142 -0.1142058035194033 -0.9630918354666335 -2.5427565392354126 -3.1595872973335117 -1.5649492483618141 -0.2666845349772179 -0.09566603855631252 -0.13081954597922277 -0.13556903317873706 0.03565486094604231 0.23309178743961353 -0.37735849056603776 -1.8715740015661708 -2.264074524098825 -2.4736286919831225 -0.59209626692192 -0.21904080171796708 -0.1411441418935798 -0.24586397058823523 -0.21960240406842352 -0.304062271953296 -0.11314721436477677 -0.4383015813721827 -0.37532133676092544 -0.6556738509478056 -0.27978580990629187 -0.24554223911137094 -0.03070121576814442 -0.08048524437186517 -0.19652134628416534 -0.17920721576074056 -0.06109481915933529 -0.06728971962616823 0.014035983156820211 -0.15122633117295717 0.03009683328971473 -0.0915395284327323 0.019256228186304007 -0.04901960784313725 0.11790800840532338 0.009607301549177376 -0.0382716049382716 0.04941321803582459 -0.03871612339203197 -0.033325104912367315 -0.16246641934245873 -0.006922331441229408 -0.021733571976476605 -0.12771996215704826 -0.043714555765595464 -0.1231375446373599 -0.10802848023569853 -0.08640623098454424 -0.13113525665043085 -0.12350299401197606 -0.049790356394129986 -0.12906846240179576 -0.08745627186406797 -0.038392050587172544 -0.11652901911980992 -0.015709969788519636 -0.13198208814518028 -0.08039356851451884 -0.1432806324110672 -0.03729487817006464 -0.08097670362526474 -0.040800210581732034
-0.018373346398824108 -0.016869095816464237 0.006801178871004308 -0.05211349160393747 -0.12156261064558009 -0.022485207100591716 -0.2577003313289974 -0.1741990498233646 -0.13208515003847138 -0.07889273356401386 -0.12381554011370817 -0.05877311130157954 -0.10581381524194508 -0.11073253833049404 -0.13390601313794845 -0.26737309019221284 -0.37966281693880255 -0.22495151906916613 -0.08047493403693931 -0.11527777777777778 -0.09836484414920799 -0.14905149051490513 -0.09571074087203119 -0.015149749446451467 -0.4013918230396422 -2.349094567404426 -3.17700656572424 -1.856610561480149 -0.3149289734655588 -0.09131758225829831 -0.12312427856868027 -0.11416339636104174 0.026146898027097694 0.23671497584541062 0.09061569016881829 -1.545288436439572 -2.188470365870123 -3.246308016877637 -0.7261041980035554 -0.22333571939871155 -0.12490632025980515 -0.23092830882352938 -0.19648636153490517 -0.28460228654828507 -0.10330832615914401 -0.3822687087535798 -0.35218508997429304 -0.684237860296027 -0.3373493975903615 -0.2528500438468284 -0.027017069875967088 -0.06065554648314475 -0.197650779308787 -0.17446000474721102 -0.07086999022482894 -0.047352024922118374 0.015311981625622053 -0.13597661710509593 0.010468463752944255 -0.07628294036061026 0.04212299915754002 -0.02100840336134453 0.14008872285780996 0.025219166566590612 -0.024691358024691357 0.06423718344657195 -0.024978144123891596 -0.02221673660824488 -0.15990789305360112 -0.0027689325764917658 0.0 -0.12062440870387892 -0.03189981096408318 -0.1231375446373599 -0.08838693837466241 -0.1058780576852866 -0.13363307106282002 -0.1160179640718563 -0.03930817610062893 -0.12485970819304155 -0.079960019990005 -0.01693766937669377 -0.12105441792057925 0.008459214501510572 -0.11784115012962526 -0.0503959683225342 -0.1408102766798419 -0.006215813028344108 -0.0735019309829326 -0.030271123979994718
-0.03797158255756982 2.0816681711721684e-18 0.006801178871004308 -0.04748118123914302 -0.09795822022896258 -0.018934911242603554 -0.2638360535034973 -0.20099890364234377 -0.1397794306232367 -0.06089965397923876 -0.13139608338597603 -0.044079833476184646 -0.09986921888003805 -0.0949136042832806 -0.10737746336533602 -0.23780187284376536 -0.386300278773397 -0.2650290885585003 -0.09894459102902375 -0.11388888888888889 -0.11752682677567708 -0.12687854151268782 -0.10634526763559023 0.019811210814590377 0.06959115198210515 -2.068661971830986 -3.155567466166421 -2.068611075420789 -0.3578129187885285 -0.09131758225829831 -0.14492753623188406 -0.09513616363420144 0.002376990729736156 0.22946859903381642 0.2668818272095333 -1.2307491516575308 -2.0872147968138246 -4.131065400843882 -0.9503623683850677 -0.24337866857551899 -0.13240069947539349 -0.21369485294117646 -0.19533055940822927 -0.27365604475796645 -0.13897429590456278 -0.3237454862408168 -0.32647814910025713 -0.6920280446637237 -0.4216867469879519 -0.2616194095293774 -0.044209750706127954 -0.04432520704537501 -0.1999096453580303 -0.1851412295276525 -0.08919843597262953 -0.04859813084112149 0.0038279954064055154 -0.11437285550895919 -0.03140539125883277 -0.07905686546463245 0.02647731375616801 -0.010504201680672265 0.1435909409292552 0.02041551579200192 -0.03950617283950617 0.06423718344657195 -0.04620956662919945 -0.01481115773882992 -0.1842138927977485 -0.0013844662882458822 -0.020455126566095622 -0.11589403973509933 -0.053166351606805294 -0.1379140499938431 -0.07733857107782961 -0.12900085189241814 -0.15611340077432245 -0.12350299401197604 -0.06158280922431865 -0.12345679012345682 -0.0974512743628186 -0.006775067750677507 -0.1301052155221179 0.026586102719033233 -0.10487862361536648 -0.0419966402687785 -0.15563241106719367 -0.006215813028344111 -0.09592624890992899 -0.03421953145564621
-0.04287114159725625 0.011246063877642827 0.006801178871004306 -0.03242617255356109 -0.0778944883748377 -0.021301775147928994 -0.2564731868940974 -0.2606894871482519 -0.1295203898435496 -0.06366782006920416 -0.1326595072646873 -0.029386555650789764 -0.10224705742480086 -0.07422730591384766 -0.1023244062657908 -0.18235584031542632 -0.37966281693880266 -0.3206205559146736 -0.10554089709762533 -0.11388888888888889 -0.1073071027082269 -0.1071692535107169 -0.08271298593879238 0.03146486423493765 0.3504411581956008 -1.4185110663983904 -3.048371968377328 -2.2253629705768985 -0.3591530420798713 -0.1029134657196695 -0.1410799025266128 -0.07610893090736115 -0.011884953648680769 0.23671497584541062 0.29419066534260174 -0.7256590968415557 -1.9063048467665724 -4.9433016877637135 -1.1882948174483796 -0.26628489620615603 -0.11866100424681487 -0.19646139705882354 -0.18377253814147015 -0.2493310630017028 -0.14635346205878735 -0.24654463952185282 -0.30205655526992287 -0.6998182290314203 -0.5073627844712182 -0.29085062847120724 -0.04789389659830528 -0.027994867607605268 -0.19313304721030045 -0.16971279373368148 -0.10141739980449657 -0.03862928348909657 0.005103993875207352 -0.11564366501461427 -0.04841664485736718 -0.08321775312066573 0.03129137080274401 0.003501400560224091 0.14125612888162503 0.034826468115767985 -0.05308641975308641 0.09512044471896233 -0.053703009866366926 -0.0024685262898049886 -0.19061020851989252 0.002768932576491761 -0.012784454103809767 -0.11352885525070955 -0.051984877126654075 -0.13175717276197513 -0.06383501104836731 -0.1484726785931605 -0.1523666791557387 -0.14595808383233533 -0.05765199161425577 -0.13187429854096522 -0.10369815092453774 0.011291779584462511 -0.13463061432288723 0.04108761329305137 -0.12609003063869903 -0.015598752099832011 -0.1692193675889328 -0.013674788662357043 -0.10589261243303849 -0.03421953145564621
-0.046545810877021074 0.029239766081871343 0.0011335298118340512 -0.013896931094383322 -0.07199339077068335 -0.008284023668639052 -0.2638360535034974 -0.30088926787672066 -0.12310848935624519 -0.04705882352941177 -0.13265950726468728 -0.02571323619444104 -0.0903578647009868 -0.06327573618885374 -0.10737746336533602 -0.15032035485460818 -0.36506040090269476 -0.3775048480930834 -0.10949868073878628 -0.11805555555555558 -0.08942258559018908 -0.08869179600886917 -0.04726456339359565 0.03612632560307656 0.4262458058903939 -0.5671529175050303 -2.854080128634597 -2.2844661441603495 -0.3350308228357009 -0.1000144948543267 -0.14236244709503657 -0.08086573908907121 -0.02376990729736154 0.2318840579710145 0.3066037735849057 -0.25972330984077274 -1.6673417037937088 -5.6368670886075956 -1.4686175304252702 -0.3035075161059413 -0.11366475143642267 -0.18841911764705882 -0.17221451687471107 -0.23716857212357095 -0.13774443487885868 -0.22662184036857175 -0.2570694087403599 -0.7102051415216827 -0.6238286479250335 -0.3083893598363052 -0.050349993859756845 -0.01283098098681908 -0.19313304721030042 -0.14953714692618086 -0.10997067448680353 -0.02741433021806853 0.001275998468801838 -0.09022747490151224 -0.0693535723632557 -0.08321775312066573 0.025273799494524008 0.01984126984126984 0.14008872285780996 0.03963011889035667 -0.061728395061728406 0.10747374922791848 -0.05495191707256151 0.016045420883732415 -0.1842138927977485 0.01246019659421293 -0.015341344924571721 -0.10761589403973508 -0.040170132325141786 -0.12806304642285432 -0.06015222194942303 -0.1484726785931605 -0.16860247283626825 -0.13972055888223553 -0.04979035639412998 -0.13047138047138046 -0.10994502748625687 0.028229448961156277 -0.14368141192442588 0.049546827794561946 -0.13551732264906904 0.01079913606911447 -0.1766304347826087 0.012431626056688214 -0.09592624890992899 -0.017109765727823113
-0.050220480156785895 0.03936122357174989 -0.0034005894355021533 -0.023161551823972205 -0.06609229316652898 0.02603550295857988 -0.2748803534175973 -0.3398708734315995 -0.12310848935624519 -0.035986159169550176 -0.13013265950726466 -0.015917717644177785 -0.08441326833907979 -0.06692625943051837 -0.09727134916624558 -0.12814194184327254 -0.3292181069958848 -0.4330963154492566 -0.10686015831134565 -0.11527777777777777 -0.07153806847215124 -0.07144616900714461 -0.03663003663003663 0.030299498892902926 0.40760531875232997 0.2502515090543259 -2.5150743668765907 -2.319157137350636 -0.3403913160010721 -0.10581243658501234 -0.14492753623188406 -0.0654061124985135 -0.03090087948657 0.2367149758454107 0.3090863952333665 0.11485251892456279 -1.337923585797219 -6.123417721518988 -1.7585122384794203 -0.33214030064423766 -0.11991006744941295 -0.17807904411764705 -0.16527970411465556 -0.231087326684505 -0.1352847128274505 -0.2291121902627319 -0.21722365038560412 -0.7413658789924694 -0.7563587684069611 -0.32738965214849464 -0.0528060911212084 0.0 -0.1784504178902191 -0.14953714692618086 -0.11608015640273706 -0.03239875389408099 -0.011483986219216535 -0.08895666539585716 -0.1020675215912065 -0.09431345353675451 0.02888434227945601 0.02684407096171802 0.14826056502451554 0.03963011889035667 -0.0654320987654321 0.12970969734403953 -0.0611964531035344 0.04566773636139225 -0.18549315594217727 0.027689325764917627 -0.0063922270519048835 -0.09460737937559129 -0.022448015122873345 -0.12929442186922793 -0.05278664375153449 -0.11439698186686138 -0.1823404521044086 -0.12225548902195608 -0.039308176100628936 -0.1122334455667789 -0.11494252873563218 0.04290876242095755 -0.1380246634234642 0.03867069486404834 -0.13787414565166153 0.032397408207343416 -0.1741600790513834 0.023620089507707605 -0.09094306714837425 -0.021058173203474598
-0.05634492895639394 0.04161043634727846 -0.006801178871004307 -0.02779386218876665 -0.07199339077068335 0.03195266272189349 -0.27365320898269735 -0.38250700450724817 -0.12567324955116696 -0.05121107266435987 -0.1339229311433986 -0.037957634382270115 -0.087980026156224 -0.07909467023606716 -0.10358767054067712 -0.12567767373090194 -0.3119607062259392 -0.45765998707175176 -0.13324538258575197 -0.11527777777777777 -0.06387327542156361 -0.05420054200542006 -0.028358738036157394 0.03729169094511129 0.3603827513359016 0.2691146881287726 -1.756666220018759 -2.1983810869844533 -0.3229697132136157 -0.0826206696622699 -0.15390534821085033 -0.04518967772624569 -0.033277870216306155 0.2548309178743962 0.2991559086395234 0.1605324980422866 -0.8518968543269878 -6.024525316455696 -1.9636264187064132 -0.3478883321403006 -0.12740444666500123 -0.18956801470588236 -0.16181229773462782 -0.22743857942106543 -0.12544582462181775 -0.22039596563317146 -0.18766066838046275 -0.8854842897948585 -1.1472556894243642 -0.3829289681379714 -0.04420975070612796 0.0011664528169835517 -0.16489722159475942 -0.13648231663897462 -0.1087487781036168 -0.02616822429906542 -0.021691973969631233 -0.09403990341847758 -0.1347814708191573 -0.12205270457697641 0.03610542784932001 0.026844070961718015 0.15409759514359092 0.044433769664945354 -0.06666666666666668 0.1272390364422483 -0.06494317472211814 0.0370278943470748 -0.1957272610976078 0.013844662882458808 -0.0012784454103809766 -0.11352885525070955 -0.009451795841209828 -0.13421992365472232 -0.05033145101890498 -0.1143969818668614 -0.20107406019732732 -0.15469061876247509 -0.04585953878406708 -0.127665544332211 -0.1024487756121939 0.03952122854561879 -0.12444846702115626 0.033836858006042296 -0.12726844213999527 0.02879769618430526 -0.15933794466403164 0.018647439085032323 -0.08845147626759686 -0.03290339563042906
-0.046545810877021074 0.044984255510571294 0.010201768306506456 -0.02895193977996526 -0.050749439395727604 0.0378698224852071 -0.21965885384709782 -0.4007796321110976 -0.12823800974608873 -0.03321799307958477 -0.1276058117498421 -0.04652871311375046 -0.07133515634288433 -0.0827451934777318 -0.0846387064173825 -0.12074913750616068 -0.25886101154918356 -0.4822236586942469 -0.14116094986807387 -0.10416666666666666 -0.04854368932038835 -0.03449125400344913 -0.021269053527118043 0.041953152313250204 0.3268298744873866 0.2502515090543259 -1.0277368350529277 -1.9645380958499294 -0.2975073706781024 -0.055080446441513276 -0.15518789277927408 -0.024973242953977882 -0.03684335631091038 0.25120772946859904 0.29667328699106255 0.1840250587314017 -0.4171729445119482 -5.7858649789029535 -2.0743880760289892 -0.34073013600572655 -0.1261553834624032 -0.19761029411764708 -0.1421636615811373 -0.2225735830698127 -0.10945763128766448 -0.2054538662682107 -0.1773778920308483 -1.0166190599844196 -1.6693440428380186 -0.4296989184448992 -0.03192926439887019 0.016330339437769743 -0.14795572622543482 -0.11393306432470925 -0.09164222873900293 -0.007476635514018689 -0.010207987750414694 -0.07879018935061635 -0.16226118817063595 -0.13453536754507628 0.03129137080274401 0.030345471521942103 0.15176278309596075 0.051639245826828384 -0.06666666666666667 0.12970969734403953 -0.04745847383539403 0.05060478894100222 -0.19188947166432135 0.02492039318842586 0.012784454103809767 -0.10170293282876064 0.014177693761814745 -0.12436892008373353 -0.03191750552418365 -0.1095290251916758 -0.15486449356812787 -0.17340319361277445 -0.015723270440251576 -0.1122334455667789 -0.09745127436281859 0.04855465221318879 -0.11992306822038694 0.027794561933534745 -0.12137638463351404 0.023998080153587717 -0.14451581027667984 0.02113376429636996 -0.09094306714837425 -0.0315872598052119
-0.057569818716315536 0.05060728744939271 0.005667649059170256 -0.030110017371163866 -0.0554703174790511 0.04497041420118343 -0.17180022088599828 -0.42636131075648687 -0.1320851500384714 -0.012456747404844289 -0.1250789639924195 -0.04040651401983593 -0.0642016407085959 -0.08396203455828669 -0.07326932794340575 -0.11212419911286349 -0.21107128634010355 -0.5106658047834518 -0.14248021108179418 -0.11527777777777777 -0.04854368932038834 -0.030795762503079575 -0.0023632281696797817 0.03612632560307656 0.2994904933515596 0.2175553319919517 -0.5681361382821922 -1.678016189130156 -0.2707049048512463 -0.044934048412813454 -0.15647043734769783 -0.023784040908550366 -0.03803185167577845 0.23913043478260865 0.29170804369414105 0.17358392064735056 -0.160658836235993 -5.330959915611814 -2.0784903596335296 -0.345025053686471 -0.12990257307019734 -0.2136948529411765 -0.13638465094775776 -0.22500608124543903 -0.09961874308203175 -0.2029635163740505 -0.19023136246786632 -1.134770189561153 -2.281124497991968 -0.48816135632855884 -0.03561341029104752 0.016330339437769743 -0.13101423085611025 -0.09969143128412059 -0.07697947214076245 -0.00996884735202492 -0.0051039938752073495 -0.08387342737323675 -0.2015179272441769 -0.1567267683772538 0.02166325670959201 0.017507002801120438 0.1704412794770021 0.05043833313318121 -0.05308641975308641 0.13341568869672635 -0.04121393780442113 0.048136262651197234 -0.1829346296533197 0.0221514606119341 0.012784454103809767 -0.09105960264900662 0.01063327032136106 -0.11821204285186553 -0.03805548735575743 -0.08762322015334063 -0.12239290620706882 -0.1758982035928144 -0.010482180293501047 -0.10802469135802469 -0.08370814592703649 0.05871725383920505 -0.09729607421654032 0.02416918429003021 -0.10134338911147771 0.0167986561075114 -0.1136363636363636 0.004972650422675284 -0.07599352186370997 -0.050013161358252164
-0.053895149436550716 0.04948268106162843 0.0011335298118340497 -0.030110017371163866 -0.05665053699988197 0.04970414201183431 -0.13375874340409863 -0.4324521866244366 -0.12952038984354966 -0.016608996539792385 -0.13013265950726471 -0.04652871311375046 -0.07133515634288433 -0.08517887563884156 -0.07074279939363316 -0.10226712666338096 -0.1845214390017257 -0.5171299288946347 -0.1596306068601583 -0.1138888888888889 -0.054931016862544715 -0.01847745750184775 -0.027177123951317505 0.03612632560307656 0.24356903193736795 0.18988933601609656 -0.34436553664746083 -1.3850700244121803 -0.25194317877244704 -0.039136106682127844 -0.15005771450557906 -0.01664882863598525 -0.033277870216306155 0.22463768115942032 0.2730883813306852 0.15792221352127384 -0.04995274740110707 -4.861550632911393 -2.0415698071926704 -0.3564781675017895 -0.13240069947539346 -0.22288602941176472 -0.14100785945446143 -0.23108732668450496 -0.08609027179928669 -0.20296351637405055 -0.18380462724935728 -1.1931965723188782 -2.9143239625167334 -0.5553931598947677 -0.03806950755249908 0.017496792254753292 -0.141179128077705 -0.08663660099691431 -0.07820136852394916 -0.008722741433021805 0.006379992344009186 -0.1042063794637184 -0.27087149960743256 -0.19833564493758665 0.010831628354796008 0.02100840336134454 0.16110203128648143 0.05043833313318121 -0.05679012345679013 0.1358863495985176 -0.0437117522168103 0.05060478894100222 -0.17909684022003328 0.019382528035442336 0.0063922270519048835 -0.09224219489120151 0.0035444234404536866 -0.11944341829823915 -0.0417382764547017 -0.09005719849093342 -0.11864618458848505 -0.18463073852295409 -0.010482180293501047 -0.11083052749719417 -0.07246376811594203 0.051942186088527555 -0.10069012331711732 0.029003021148036257 -0.0966297431062927 0.011999040076793855 -0.0975790513833992 -0.0012431626056688227 -0.043602840413604085 -0.06054224795998947
-0.05512003919647233 0.046108861898335574 -0.01813647698934482 -0.026635784597568036 -0.06373185412486722 0.03431952662721894 -0.1165787213154988 -0.43610671214520647 -0.1538856116953065 -0.03044982698961938 -0.12381554011370817 -0.041630953838618825 -0.058257044346688866 -0.07544414699440252 -0.056846892369883786 -0.10103499260719566 -0.15664409929642903 -0.513251454427925 -0.18469656992084432 -0.1125 -0.054931016862544715 -0.01847745750184775 -0.03190358029067707 0.040787786971215476 0.20380265937616504 0.16599597585513076 -0.23583009513600425 -1.068996530900681 -0.24792280889841867 -0.02609073778808522 -0.14236244709503654 -0.022594838863122843 -0.01782743047302115 0.21618357487922704 0.26191658391261174 0.118767945706082 0.0013500742540839704 -4.232594936708861 -1.9526869957609734 -0.37222619899785253 -0.1361478890831876 -0.234375 -0.1421636615811373 -0.2432498175626368 -0.07502152256794983 -0.21043456605653094 -0.17866323907455012 -1.2152687613606856 -3.5060240963855422 -0.6270096463022508 -0.038069507552499084 0.022162603522687507 -0.1524734583239214 -0.0783289817232376 -0.06598240469208211 -0.003738317757009344 0.006379992344009188 -0.13343499809378576 -0.47893221669719976 -0.246879334257975 0.0036105427849320018 0.018674136321195144 0.15876721923885126 0.05284015852047556 -0.04567901234567901 0.12229771463866586 -0.029973772948669913 0.040730683781782274 -0.1752590507867468 0.0013844662882458822 -0.014062899514190744 -0.0922421948912015 -0.007088846880907372 -0.12313754463735993 -0.05769702921679352 -0.09370816599732261 -0.12239290620706882 -0.20209580838323354 -0.034067085953878404 -0.11644219977553312 -0.07371314342828586 0.042908762420957536 -0.10069012331711731 0.029003021148036257 -0.0919160971011077 -0.0023998080153587713 -0.10746047430830039 -0.027349577324714075 -0.04858602217515883 -0.07107133456172676
-0.07104360607545321 0.051731893837156984 -0.03173883473135343 -0.027793862188766644 -0.07435382981234509 0.04023668639053254 -0.12148729905509877 -0.42514313558289685 -0.1962041549115158 -0.042906574394463666 -0.12002526847757425 -0.0538753520264479 -0.06182380216383308 -0.08517887563884155 -0.05305709954522486 -0.11089206505667817 -0.12876675959113232 -0.5197155785391079 -0.2058047493403694 -0.13472222222222222 -0.04215636177823199 -0.02710027100271003 -0.025995509866477605 0.03496096026104183 0.18267677395302598 0.13329979879275652 -0.1902720085756398 -0.7786200693819862 -0.225140712945591 -0.024641252355413822 -0.129537001410799 -0.021405636817695323 -0.0035654860946042225 0.2028985507246377 0.2557100297914598 0.09658052727747327 0.024301336573511544 -3.4058544303797467 -1.8091070696020783 -0.35790980672870437 -0.13614788908318762 -0.2516084558823529 -0.1410078594544614 -0.2481148139138895 -0.05288402410527611 -0.20669904121529079 -0.1696658097686375 -1.219163853544534 -3.887550200803213 -0.6796258403975446 -0.031929264398870186 0.009331622535868426 -0.14230856110232665 -0.0688345596961785 -0.04643206256109482 -0.0024922118380062267 0.010207987750414699 -0.1664760452408184 -0.9264590421355667 -0.3203883495145631 0.0024070285232880005 -0.002334267040149393 0.1634368433341116 0.0468355950522397 -0.01975308641975309 0.11735639283508341 -0.0124890720619458 0.03209084176746482 -0.16502494563131634 -0.008306797729475287 -0.021733571976476605 -0.08987701040681173 -0.011814744801512286 -0.12190616919098633 -0.05278664375153449 -0.08275526347815504 -0.12863744223804172 -0.20958083832335328 -0.07075471698113207 -0.12906846240179576 -0.07496251874062967 0.032746160794941276 -0.10634687181807896 0.016918429003021148 -0.09545133160499646 -0.020398368130549554 -0.11487154150197629 -0.057185479860765796 -0.042357044973215394 -0.0908133719399842
-0.04409603135717786 0.046108861898335574 -0.020403536613012918 -0.02895193977996526 -0.0601911955623746 0.03195266272189349 -0.09939869922689902 -0.39103423072237786 -0.20646319569120286 -0.06089965397923876 -0.11118130132659507 -0.0367331945634872 -0.058257044346688866 -0.07544414699440252 -0.04800404244567964 -0.09241005421389849 -0.12743926722421345 -0.45765998707175176 -0.21899736147757257 -0.12361111111111112 -0.015329586101175269 -0.014781966001478195 -0.015360983102918589 0.024472672182729287 0.16900708338511244 0.13204225352112675 -0.14739380946000266 -0.5242194526532186 -0.20503886357544893 0.0057979417306856075 -0.09747338720020522 -0.023784040908550363 0.017827430473021155 0.1823671497584541 0.26191658391261174 0.06786739754633256 0.032401782098015385 -2.4736286919831225 -1.595788322166006 -0.3392984967788118 -0.12740444666500123 -0.25965073529411764 -0.1317614424410541 -0.25054731208951597 -0.02951666461689829 -0.20296351637405055 -0.16709511568123392 -1.2009867566865748 -4.254350736278447 -0.7088570593393745 -0.012280486307257766 0.006998716901901317 -0.12649649875762367 -0.05459292665558983 -0.019550342130987292 0.012461059190031152 0.026795967844838592 -0.22239166348964293 -1.3622088458518713 -0.40360610263522884 0.019256228186304007 -0.0011671335200746993 0.17978052766752273 0.06605019815059444 0.014814814814814814 0.118591723285979 0.019982515299113275 0.014811157738829916 -0.140718945887169 -0.03322719091790115 -0.0012784454103809766 -0.08278145695364238 0.004725897920604914 -0.11698066740549193 -0.030689909157868893 -0.07788730680296946 -0.11989509179467968 -0.1996007984031936 -0.09040880503144655 -0.1430976430976431 -0.06746626686656672 0.04290876242095754 -0.10408417241769433 0.008459214501510577 -0.09898656610888522 -0.0059995200383969275 -0.11363636363636365 -0.037294878170064646 -0.029899090569328508 -0.07633587786259541
-0.03062224399804017 0.0382366171839856 -0.02040353661301292 -0.03590040532715692 -0.06137141508320547 0.031952662721893496 -0.09571726592219905 -0.32525277134851993 -0.23211079764042059 -0.05951557093425606 -0.11244472520530638 -0.04530427329496754 -0.061823802163833076 -0.07909467023606717 -0.060636685194542704 -0.10103499260719566 -0.13009425195805124 -0.40206851971557855 -0.24406332453825863 -0.13333333333333336 -0.01660705160960654 0.0 -0.023632281696797826 0.03379559491900711 0.14663849881943583 0.13204225352112675 -0.13533431595872972 -0.32892200950790185 -0.20503886357544893 0.03333816495144224 -0.08849557522123895 -0.04400047568081817 0.03446636558117423 0.15700483091787437 0.26067527308838134 0.030018271991647083 0.013500742540839744 -1.6086497890295355 -1.3373444550799947 -0.3206871868289191 -0.13739695228578566 -0.2665441176470589 -0.13754045307443366 -0.2566285575285819 -0.029516664616898287 -0.20420869132113065 -0.17352185089974292 -1.1854063879511816 -4.389558232931726 -0.7088570593393744 -0.011052437676531992 -0.010498075352851976 -0.1264964987576237 -0.06052694042250177 -0.00610948191593353 0.0012461059190031153 0.016587980094423894 -0.29482780531198377 -2.075372939021199 -0.5173370319001387 0.02527379949452401 -0.011671335200746966 0.19145458790567357 0.058844721988711414 0.037037037037037035 0.09882643607164918 0.03372049456725365 -0.006171315724512466 -0.13688115645388257 -0.06922331441229405 -0.0038353362311429303 -0.08751182592242193 -0.001181474480151229 -0.12560029553010713 -0.0331451018904984 -0.07180236095898747 -0.12239290620706882 -0.17839321357285431 -0.12054507337526206 -0.14029180695847362 -0.0762118940529735 0.036133694670280034 -0.10860957121846362 0.008459214501510576 -0.09545133160499647 -0.0047996160307175436 -0.11981225296442685 -0.022376926902038786 -0.01993272704621901 -0.07370360621216109
-0.028172464478196962 0.021367521367521368 -0.017002947177510767 -0.052113491603937454 -0.056650536999881984 0.03076923076923077 -0.0908086881825991 -0.289925691314411 -0.25647601949217746 -0.07889273356401384 -0.11118130132659507 -0.04040651401983592 -0.06301272143621447 -0.08031151131662204 -0.04295098534613442 -0.09364218827008378 -0.11681932828886235 -0.33613445378151263 -0.2453825857519789 -0.1208333333333333 -0.010219724067450179 -0.00615915250061592 -0.029540352120997287 0.030299498892902926 0.1304834099664471 0.11820925553319919 -0.12461476617982044 -0.23384299113452398 -0.18761726078799248 0.04203507754747064 -0.06669231755803515 -0.042811273635390654 0.054670786783931544 0.13405797101449277 0.25571002979145974 0.0026102845210127915 -0.004050222762251926 -0.8728902953586495 -1.0433474634213047 -0.29778095919828207 -0.12740444666500123 -0.27458639705882354 -0.12713823393435042 -0.24811481391388956 -0.013528471282745053 -0.2079442161623708 -0.15938303341902313 -1.1737211113996366 -4.309236947791165 -0.7190879859690149 -0.009824389045806214 -0.02682841479062172 -0.12197876665913712 -0.08901020650367909 0.013440860215053765 -0.016199376947040496 0.010207987750414694 -0.4308044224170797 -2.8631248364302544 -0.6199722607489597 0.028884342279456014 -0.016339869281045753 0.19378939995330374 0.06725111084424161 0.04074074074074074 0.10500308832612726 0.023729236917697013 -0.05183905208590471 -0.19188947166432135 -0.1329087636716046 -0.008949117872666838 -0.09578997161778617 0.004725897920604915 -0.13052579731560152 -0.019641541861036085 -0.06936838262139466 -0.10865492693892842 -0.19336327345309384 -0.10613207547169812 -0.15011223344556676 -0.06871564217891055 0.029358626919602532 -0.10295282271750197 -0.0036253776435045348 -0.0872024510959227 -0.007199424046076312 -0.10993083003952568 -0.03356539035305818 1.3877787807814458e-18 -0.07238747038694392
-0.025722684958353746 0.024741340530814216 -0.01246882793017456 -0.0335842501447597 -0.05192965891655847 0.03431952662721893 -0.07608295496379924 -0.24485320989158246 -0.27955886124647344 -0.07750865051903115 -0.11118130132659507 -0.030610995469572667 -0.06420164070859588 -0.05597468970552445 -0.030318342597271352 -0.07885657959586004 -0.09292446568432232 -0.2676147382029735 -0.2585751978891821 -0.10277777777777777 -0.0012774655084312719 -0.014781966001478204 -0.014179369018078699 0.029134133550868198 0.1304834099664471 0.10437625754527162 -0.0817365670641833 -0.16317615315431067 -0.15143393192173676 0.050731990143499064 -0.06412722842118765 -0.036865263408253066 0.06180175897314 0.1292270531400966 0.24702085402184712 -0.01174628034455756 -0.022951262319427568 -0.2979957805907173 -0.7534527553671542 -0.25053686471009307 -0.12115913065201098 -0.2699908088235294 -0.1248266296809986 -0.22987107759669181 0.002459722051408192 -0.20420869132113065 -0.13624678663239076 -1.1075045442742146 -4.171352074966532 -0.6913183279742765 -0.0036841458921773305 -0.03499358450950659 -0.10503727128981251 -0.07120816520294328 0.04032258064516129 -0.01370716510903427 -2.7755575615628915e-18 -0.5566145634769348 -3.539649306464277 -0.6726768377253813 0.02045974244794801 -0.0070028011204481795 0.18445015176278307 0.07085384892518314 0.04074074074074074 0.09512044471896233 0.017484700886724113 -0.11355220933102936 -0.33516694384034795 -0.1855184826249481 -0.0076706724622858605 -0.08751182592242193 0.014177693761814745 -0.09481590937076714 0.00491038546525902 -0.05111354508944871 -0.06993880354689647 -0.18837325349301398 -0.06420335429769393 -0.13047138047138046 -0.05622188905547228 0.02710027100271003 -0.09163932571557869 -0.003625377643504532 -0.07070469007777516 -0.008399328053755697 -0.09016798418972333 -0.04475385380407758 -0.0037373863211660656 -0.06317451961042378
-0.02082312591866732 0.026990553306342775 -0.01020176830650646 -0.023161551823972205 -0.041307683229080606 0.04970414201183432 -0.06626579948459935 -0.20587160433670362 -0.2795588612464735 -0.06643598615916955 -0.10612760581174985 -0.011019958369046158 -0.06301272143621447 -0.0413725967388659 -0.0202122283981809 -0.07023164120256285 -0.07699455728129564 -0.23270846800258563 -0.24802110817941952 -0.09861111111111111 -0.0012774655084312723 -0.002463661000246368 -0.018905825357438264 0.03496096026104183 0.11184292282838323 0.1056338028169014 -0.06967707356291034 -0.14133367596042656 -0.156794425087108 0.05073199014349905 -0.05771450557906886 -0.042811273635390654 0.060613263608271926 0.11473429951690824 0.23336643495531278 -0.035238841033672676 -0.04455245038477117 -0.20437763713080165 -0.5346642964583619 -0.23192555476020044 -0.1086684986260305 -0.25390625 -0.11326860841423947 -0.22135733398199955 0.023367359488377815 -0.1979828165857303 -0.10796915167095116 -0.9075564788366659 -3.7563587684069604 -0.6284712072493421 0.0 -0.03266067887553948 -0.10277840524056922 -0.060526940422501785 0.045210166177908115 -0.007476635514018693 -0.007655990812811031 -0.608717753208794 -3.5514263281863387 -0.6712898751733702 0.02647731375616801 1.3877787807814458e-18 0.19145458790567355 0.08286297586165485 0.06049382716049382 0.10376775787523163 0.021231422505307858 -0.19131078745988644 -0.368427785595497 -0.20351654437214456 -0.0051137816415239064 -0.07095553453169347 0.01772211720226843 -0.07880802856791035 0.014731156395777068 -0.02920774005111355 -0.0611964531035344 -0.16716566866267465 -0.07992662473794551 -0.11083052749719417 -0.04997501249375312 0.03387533875338754 -0.09503337481615567 0.003625377643504532 -0.0695262785764789 -0.0059995200383969275 -0.08893280632411067 -0.04972650422675286 -0.011212158963498194 -0.061858383785206625
-0.026947574718275358 0.03148897885739991 -0.01020176830650646 -0.010422698320787497 -0.044848341791573224 0.06745562130177515 -0.06626579948459935 -0.15592642221951517 -0.26032315978456017 -0.047058823529411764 -0.10991787744788377 0.003673319456348724 -0.06657947925335869 -0.027987344852762226 -0.010106114199090454 -0.052981764415968455 -0.06106464887826896 -0.18616677440206855 -0.21240105540897097 -0.08194444444444444 -0.005109862033725089 0.0024636610002463635 -0.01536098310291859 0.033795594919007105 0.10438672797315769 0.10437625754527162 -0.06967707356291034 -0.10921238596942051 -0.14205306888233715 0.05363096100884186 -0.048736693600102604 -0.0523248899988108 0.06536724506774423 0.09541062801932368 0.2296425024826217 -0.052205690420255815 -0.04725259889293911 -0.10284810126582275 -0.3815123752222071 -0.20186113099498929 -0.10367224581563828 -0.23092830882352938 -0.10980120203421173 -0.20189734857698854 0.03566596974541877 -0.1867762420620097 -0.08997429305912595 -0.6946247727862892 -3.1847389558232932 -0.5495469161064015 -0.0024560972614515535 -0.03266067887553948 -0.09826067314208267 -0.060526940422501785 0.041544477028348 -0.007476635514018693 -0.02551996937603675 -0.6481128478841021 -3.534415074587804 -0.6629680998613037 0.025273799494524008 0.012838468720821661 0.19378939995330374 0.09247027741083222 0.06049382716049383 0.11982705373687463 -2.7755575615628915e-18 -0.23204147124166874 -0.3901752590507867 -0.1993631455074069 -0.01150600869342879 -0.08041627246925259 0.01063327032136106 -0.07511390222878954 0.009820770930518042 -0.018254837531945966 -0.05994754589733984 -0.1534431137724551 -0.09171907756813417 -0.09259259259259259 -0.048725637181409306 0.02145438121047877 -0.09163932571557869 0.009667673716012085 -0.06834786707518266 -0.0035997120230381575 -0.08399209486166007 -0.04972650422675286 -0.0024915908807773765 -0.056593840484337986
-0.02694757471827535 0.023616734143049933 -0.01020176830650646 -0.012738853503184714 -0.04366812227074235 0.07455621301775148 -0.06872008835439931 -0.1230356925325862 -0.24236983842010776 -0.035986159169550176 -0.10486418193303851 -0.0036733194563487227 -0.06301272143621447 -0.02433682161109759 -0.003789792824658922 -0.04682109413504189 -0.05442718704367451 -0.14608920491273433 -0.18337730870712404 -0.07222222222222222 -0.008942258559018906 0.01231830500123183 -0.028358738036157394 0.03845705628714601 0.08574624083509383 0.11820925553319919 -0.08709634195363794 -0.07195168957985351 -0.14339319217367996 0.06667632990288447 -0.0461716044632551 -0.04400047568081816 0.06893273116234847 0.09178743961352658 0.22219463753723936 -0.04306969459671105 -0.05805319292561091 -0.044831223628691984 -0.2980992752632299 -0.17465998568360772 -0.10242318261304025 -0.21369485294117646 -0.11904761904761904 -0.19338360496229628 0.04304513589964334 -0.17556966753828915 -0.07455012853470436 -0.5102570760841341 -2.5100401606425704 -0.4866997953814674 0.0012280486307257768 -0.01866324507173684 -0.09487237406821776 -0.04984571564206029 0.04032258064516129 0.011214953271028037 -0.04848794181446982 -0.6519252764010675 -3.504318241298089 -0.6338418862690707 0.03249488506438801 0.024509803921568627 0.1751109035722624 0.09967575357271526 0.05802469135802468 0.11982705373687463 -0.01623579368052954 -0.25425820784991365 -0.3991301010617884 -0.19659421293091514 -0.008949117872666838 -0.09105960264900662 0.016540642722117204 -0.07141977588966875 0.017186349128406574 -0.021905805038335162 -0.0611964531035344 -0.15219560878243513 -0.08909853249475891 -0.0968013468013468 -0.05622188905547225 0.005645889792231256 -0.09842742391673268 0.014501510574018129 -0.07895357058684893 -0.002399808015358772 -0.10375494071146245 -0.05842864246643461 -0.008720568082720818 -0.05527770465912082
-0.037971582557569813 0.03261358524516419 -0.013602357742008611 0.0 -0.0413076832290806 0.08165680473372781 -0.07853724383359922 -0.10354488975514682 -0.23852269812772509 -0.02906574394463668 -0.08212255211623501 0.009795518550263255 -0.061823802163833076 -0.002433682161109757 0.013895907023749366 -0.02587481517989157 -0.02256737023762114 -0.11247575953458307 -0.1398416886543536 -0.055555555555555546 -0.0012774655084312717 0.01724562700172456 -0.012997754933238802 0.043118517655284926 0.09693053311793214 0.12701207243460763 -0.08575639823127426 -0.03340614159064628 -0.12061109622085234 0.08117118422959849 -0.041041426189560096 -0.038054465453680575 0.07844069408129309 0.10265700483091786 0.2296425024826217 -0.036543983294179065 -0.05670311867152693 -0.003955696202531648 -0.23793244906331196 -0.15175375805297067 -0.09742692980264801 -0.20335477941176472 -0.1259824318076745 -0.1678423741182194 0.04304513589964334 -0.16436309301456858 -0.05526992287917737 -0.3817190340171383 -1.804551539491299 -0.4063139432914352 -0.004912194522903107 -0.011664528169835526 -0.0790603117235148 -0.020175646807500596 0.036656891495601175 0.023676012461059187 -0.07528390965930841 -0.6252382767823103 -3.4258047631510076 -0.5839112343966713 0.040919484895896016 0.025676937441643326 0.17861312164370766 0.12369400744565869 0.0580246913580247 0.12353304508956145 -0.044960659423004874 -0.25178968156010867 -0.4119227325060765 -0.17721168489547282 -0.008949117872666838 -0.08159886471144748 0.009451795841209832 -0.04925501785494396 0.020869138227350845 -0.008518924181574787 -0.058698638691145257 -0.14471057884231536 -0.08647798742138366 -0.08838383838383838 -0.05997001499250374 0.006775067750677506 -0.09842742391673268 0.014501510574018129 -0.0848456280933302 0.008399328053755697 -0.11116600790513834 -0.04475385380407758 -0.013703749844275573 -0.042116346406949196
-0.039196472317491425 0.03148897885739991 -0.013602357742008613 -0.005790387955993051 -0.044848341791573224 0.09822485207100591 -0.09326297705239907 -0.07918138628334753 -0.21415747627596823 -0.012456747404844287 -0.08970309538850285 0.009795518550263255 -0.07133515634288431 -0.006084205402774395 0.003789792824658919 -0.024642681123706264 -0.030532324439134485 -0.09825468648998062 -0.10949868073878628 -0.05555555555555556 -0.0025549310168625446 0.022172949002217297 -0.015360983102918589 0.03612632560307657 0.09320243569031936 0.13329979879275652 -0.0723569610076377 -0.00642425799820121 -0.0790672741892254 0.08262066966226989 -0.03847633705271259 -0.027351647044832915 0.06774423579748039 0.1038647342995169 0.21722939424031779 -0.00913599582354477 -0.07830430673687053 0.03955696202531646 -0.21195131956789282 -0.11882605583392984 -0.09992505620784412 -0.18841911764705882 -0.12944983818770223 -0.15932863050352714 0.03443610871971467 -0.15191134354376792 -0.04370179948586117 -0.2921319137886263 -1.1512717536813921 -0.32592809120140304 -0.007368291784354661 -0.008165169718884868 -0.07002484752654167 -0.016615238547353434 0.031769305962854356 0.018691588785046724 -0.0854918974097231 -0.5960096581522429 -3.2020413504318235 -0.5409153952843273 0.04332651341918402 0.030345471521942106 0.17511090357226242 0.13089948360754172 0.03950617283950617 0.13218035824583077 -0.08492569002123143 -0.24314983954579122 -0.42727389023922224 -0.16059808943652223 0.0 -0.08987701040681172 0.018903591682419663 -0.05910602142593276 0.033145101890498394 -0.019471826700742365 -0.053703009866366926 -0.155938123752495 -0.06027253668763104 -0.10521885521885521 -0.06121939030484759 0.013550135501355014 -0.09729607421654032 0.016918429003021148 -0.08484562809333018 0.009599232061435082 -0.10004940711462451 -0.03978120338140229 0.00622897720194344 -0.03685180310608055
-0.042871141597256246 0.0258659469185785 -0.0022670596236681025 -0.005790387955993053 -0.043668122270742356 0.09349112426035502 -0.09571726592219905 -0.06821780972103789 -0.17696845344960246 0.002768166089965389 -0.10107391029690463 0.02571323619444104 -0.08441326833907978 0.006084205402774397 -0.011369378473976758 -0.0012321340561853133 -0.04115226337448561 -0.06334841628959276 -0.08839050131926122 -0.024999999999999994 -0.011497189575881452 0.04065040650406504 -0.009452912678719132 0.03612632560307656 0.10190132968808249 0.14839034205231388 -0.050917861449819114 0.024412180393164593 -0.03618332886625569 0.10001449485432672 -0.047454149031678855 -0.027351647044832915 0.07249821725695269 0.10144927536231882 0.21598808341608738 -0.007830853563038372 -0.08235452949912246 0.0501054852320675 -0.19143990154519352 -0.10737294201861129 -0.10617037222083439 -0.16429227941176472 -0.1306056403143782 -0.13865239601070298 0.028286803591194194 -0.12949819449632674 -0.034704370179948575 -0.2090366138665282 -0.6961178045515395 -0.23531131248173046 -0.004912194522903107 0.017496792254753295 -0.06437768240343347 0.004747211013529547 0.034213098729227766 0.024922118380062305 -0.08038790353451575 -0.5528021349599694 -2.7191834598272706 -0.45908460471567264 0.037308942110964013 0.04318394024276377 0.169273873453187 0.1501140867058965 0.023456790123456788 0.13465101914762198 -0.09741476208317723 -0.24068131325598624 -0.4195983113726493 -0.14536896026581753 -0.0025568908207619532 -0.08751182592242193 0.02008506616257089 -0.061568772318679965 0.023324330959980356 -0.019471826700742365 -0.04870738104158861 -0.14845309381237526 -0.034067085953878404 -0.09118967452300786 -0.06496751624187908 0.021454381210478768 -0.09050797601538636 0.02175226586102719 -0.08248880509073767 0.014398848092152628 -0.09387351778656128 -0.027349577324714068 -1.3877787807814458e-18 -0.018425901553040275
-0.05756981871631552 0.03261358524516419 -0.006801178871004307 0.015055008685581933 -0.05192965891655847 0.11005917159763315 -0.10676156583629895 -0.056036057985138256 -0.15516799179276738 0.013840830449826994 -0.10107391029690463 0.029386555650789764 -0.08679110688384259 0.010951569724993915 -0.015159171298635676 -0.0024642681123706253 -0.030532324439134485 -0.062055591467356175 -0.06596306068601582 -0.027777777777777773 -0.020439448134900357 0.045577728504557775 -0.014179369018078697 0.050110709707493296 0.09817323226046973 0.15090543259557343 -0.060297467506364735 0.03212128999100604 -0.008040739748056816 0.0913175822582983 -0.046171604463255106 -0.019027232726840287 0.0665557404326123 0.12198067632850243 0.21598808341608738 0.005220569042025583 -0.07965438099095451 0.06197257383966245 -0.1599890605770546 -0.09019327129563351 -0.10741943542343244 -0.1516544117647059 -0.12713823393435045 -0.1301386523960107 0.02336735948837781 -0.12078196986676629 -0.01670951156812338 -0.17398078421189306 -0.22356091030789832 -0.18854136217480272 -0.013508534937983546 0.033827131692523035 -0.06437768240343347 0.02610966057441253 0.02810361681329423 0.031152647975077878 -0.08166390200331758 -0.48672004066590413 -2.2376341271918347 -0.36061026352288483 0.031291370802744016 0.04201680672268908 0.15176278309596075 0.15011408670589646 0.0024691358024691358 0.13465101914762198 -0.11989509179467968 -0.22216736608244875 -0.42087757451707813 -0.11767963450089991 0.0 -0.07450331125827814 0.029536862003780716 -0.04309814062307597 0.024551927326295114 -0.007301935012778388 -0.03996503059822655 -0.1372255489021956 -6.938893903907228e-18 -0.07856341189674523 -0.06371814092953523 0.023712737127371274 -0.09955877361692499 0.036253776435045314 -0.08248880509073768 0.01799856011519078 -0.09387351778656128 -0.029835902536051718 -0.006228977201943443 -0.0315872598052119
