-0.031854937515314874 -0.25370453524921416 -0.007934708682838356 -0.33283254362648795 0.002362111727884729 -0.3491389478650625 -0.0638585287977404 -0.3827925628873496 -0.024387113335900396 -0.3422577974054651 -0.09105855571013027 -0.31895392887693996 -0.057095277744736536 -0.3279883381924198 -0.09217171717171715 -0.28402803393581705 -0.11678832116788322 -0.24802997028807647 -0.05805515239477503 -0.17071478140180432 -0.12269938650306748 -0.1944376076790549 -0.10273972602739727 -0.1211556383970177 -0.2784998143334571 -0.1519337016574586 -0.24739235089596145 -0.18877616540387826 -0.13256561328334224 -0.23417172593235036 -0.06672654946747081 -0.17710685843337692 -0.07364295046917685 -0.29493198507283014 -0.16454286774712362 -0.3292127521145088 -0.244462452728255 -0.2741170268845545 -0.09840098400984011 -0.26706655241359606 -0.1198501872659176 -0.2572347266881029 -0.08442234300913613 -0.2927244017976437 -0.17180022088599828 -0.19123308083943874 -0.18452075858534084 -0.2159296612361003 -0.08112780954914219 -0.23910190989940222 -0.15214723926380366 -0.28059145418558623 -0.23567884528642313 -0.1656216727788951 -0.2674446875759786 -0.22935779816513766 -0.2654642448875905 -0.25041102820285815 -0.13053126223730582 -0.27116768123962365 -0.2262606811890721 -0.4315875422839146 -1.4679539374200303 -0.8347285338435781 -0.374522606874461 -0.4388984509466437 -0.20079820404090798 -0.42532267977873384 -0.17665130568356374 -0.34644582470669427 -0.23130990415335462 -0.5598204795086807 -1.1132097745248495 -1.0945945945945945 -0.37673334151429616 -0.5109843427600438 -0.2224443889027743 -0.47802813394746685 -0.16120576671035386 -0.38504620554466534 -0.10880440220110055 -0.33258173618940245 -0.3168496095960167 -0.2826086956521739 -0.17216981132075468 -0.3077475751407017 -0.12852199703410774 -0.3040456689004715 -0.05979073243647234 -0.17488494411571334
-0.03553050722862043 -0.2593174674449933 -0.022670596236681023 -0.3490119033861089 -0.004724223455769458 -0.35503656522764804 -0.06877072332064352 -0.39980556568234293 -0.037222436144269025 -0.3574385868065139 -0.09864676868597445 -0.315287791763412 -0.07017961222790532 -0.3340621963070943 -0.09974747474747474 -0.2864871511127505 -0.13005972130059723 -0.25836455238341294 -0.0646523288032722 -0.17765440666204027 -0.12653374233128836 -0.1833620477479695 -0.11454888993859236 -0.10950605778191987 -0.2784998143334571 -0.1393771973882471 -0.24605509494517253 -0.18235520739694364 -0.1285484734868773 -0.22405319456490308 -0.07699217246246631 -0.17710685843337692 -0.08789642475353367 -0.29974720115565184 -0.1694915254237288 -0.31880286271958364 -0.2660723933009185 -0.2648919346336321 -0.11070110701107012 -0.2656383890317052 -0.1285892634207241 -0.26412494258153424 -0.08904822481785593 -0.3194461314223248 -0.1779359430604982 -0.20737613311809264 -0.19349051768323938 -0.23920351693819497 -0.08378773773108127 -0.2522233561743695 -0.14723926380368096 -0.2899056933286762 -0.26387009472259815 -0.1750857683662605 -0.2710916605883783 -0.23059757004711132 -0.26419408103645375 -0.25041102820285815 -0.13053126223730582 -0.2670171555063642 -0.23709230954386812 -0.5027411641199113 -2.054204955216936 -1.0153073427409711 -0.40409018110139217 -0.469633636587165 -0.21451733599401349 -0.4634296250768285 -0.18561187916026628 -0.3726708074534162 -0.2402555910543131 -0.5893468761072399 -1.390626844528391 -1.1830466830466828 -0.38409620812369616 -0.5219079985435127 -0.22869282679330166 -0.4954562429976349 -0.17300131061598953 -0.3934472136656399 -0.11755877938969486 -0.3280721533258174 -0.3315604843272603 -0.27294685990338163 -0.1757075471698113 -0.30295772961322 -0.13964409293129015 -0.3015636634400595 -0.06352765321375187 -0.17357001972386588
-0.030629747610879682 -0.2447238437359677 -0.034005894355021535 -0.3467005662775916 -0.0070863351836541865 -0.343241330502477 -0.07245486921282085 -0.38522299185806297 -0.047490694390963935 -0.3394976538780016 -0.10244087517389655 -0.32262006599046805 -0.07374806708695135 -0.35471331389698735 -0.10606060606060605 -0.2963236198204845 -0.13934970139349698 -0.26740731171683246 -0.06333289352157276 -0.1873698820263706 -0.12653374233128836 -0.1944376076790549 -0.12399622106754841 -0.12698042870456666 -0.27354870652308455 -0.15193370165745854 -0.2420433270928056 -0.18877616540387826 -0.12185324049276913 -0.2312807169702226 -0.07955857821121519 -0.1699750386306906 -0.09264758284831928 -0.3093776333212953 -0.17072868984288012 -0.3148991541964866 -0.27417612101566724 -0.2503953610964681 -0.11206778734454012 -0.2513567552127963 -0.1373283395755306 -0.26412494258153424 -0.10292587024401527 -0.3230900036438723 -0.18161737636519817 -0.20613435986588852 -0.2063044592516658 -0.2404965089216447 -0.09043755818592898 -0.25513923312436215 -0.14233128834355827 -0.3178484107579462 -0.2920613441587731 -0.221223234354667 -0.274738633600778 -0.24671460451276964 -0.26292391718531694 -0.2617933476666245 -0.1305312622373058 -0.27946873270614275 -0.24792393789866413 -0.5703954275049574 -2.640455973013842 -1.1540301363310213 -0.4336577553283232 -0.4831571182689943 -0.22823646794711902 -0.4720344191763983 -0.19457245263696876 -0.37405106970324364 -0.24920127795527156 -0.6094248257942602 -1.6680439145319323 -1.2432432432432434 -0.39145907473309605 -0.5121980822915402 -0.23494126468382906 -0.48674218847255074 -0.18479685452162517 -0.38364603752450294 -0.12631315657828915 -0.34047350620067646 -0.34627135905850404 -0.3043478260869565 -0.17924528301886794 -0.3209196503412765 -0.15076618882847254 -0.31769669893273766 -0.06726457399103139 -0.190664036817883
-0.028179367802009313 -0.24584643017512348 -0.04194060303785989 -0.34092222350629847 -0.00826739104759655 -0.3420618070299599 -0.06877072332064352 -0.37793170494592293 -0.039789500705942754 -0.3284570797681479 -0.09105855571013026 -0.31284370035439324 -0.08683240157012015 -0.3595724003887269 -0.10858585858585859 -0.30124185417435145 -0.1380225613802256 -0.26740731171683246 -0.06597176408497163 -0.18875780707841777 -0.12014314928425358 -0.19074575436869307 -0.13934813415210204 -0.130475302889096 -0.26364649090233944 -0.14942240080361627 -0.22465899973254883 -0.18749197380249133 -0.1138189608998393 -0.22260769008383927 -0.09110740408058514 -0.18186140496850114 -0.1057132676089797 -0.3045624172384736 -0.15959421007051838 -0.3096942094990241 -0.26202052944354404 -0.23985239852398524 -0.08883422167555009 -0.23993144815766926 -0.13982521847690385 -0.26986678915939366 -0.12952469064415406 -0.33037774808696707 -0.1914345318443981 -0.21358499937911338 -0.20502306509482318 -0.24178950090509438 -0.08644766591302033 -0.26534480244933667 -0.13987730061349693 -0.3574339271160787 -0.3371673432566531 -0.250798533065184 -0.2723073182591782 -0.26283163897842793 -0.2400609678648546 -0.2757050714556722 -0.09920375930035241 -0.289153292750415 -0.25995908051510414 -0.7406975387845561 -3.355821798301733 -1.2281750777325997 -0.43858568436614503 -0.5003688222276862 -0.22449488650536295 -0.48801475107559933 -0.18561187916026625 -0.3837129054520359 -0.24408945686900957 -0.6212353844336838 -1.7329713138944633 -1.230958230958231 -0.38532335255859607 -0.5170530404175263 -0.23369157710572358 -0.4904767832690153 -0.18610747051114024 -0.3794455334640157 -0.12381190595297649 -0.3382187147688839 -0.35306099354984727 -0.30314009661835745 -0.17570754716981132 -0.3221171117231469 -0.15076618882847254 -0.31893770166294366 -0.06726457399103139 -0.190664036817883
-0.02695417789757413 -0.2346205657835653 -0.040807073226025836 -0.32705420085519477 -0.002362111727884729 -0.32554847841472045 -0.05403413975193418 -0.36091870215092964 -0.02310358105506353 -0.31051614683963563 -0.08599974705956746 -0.29695710619577176 -0.09159034138218151 -0.3522837706511176 -0.09848484848484848 -0.2950940612320177 -0.13536828135368278 -0.2557809068595789 -0.06597176408497163 -0.18181818181818182 -0.12525562372188137 -0.1845926655180901 -0.14525271610769958 -0.13397017707362538 -0.25993316004456 -0.1506780512305374 -0.20727467237229208 -0.18877616540387826 -0.10176754151044454 -0.22260769008383924 -0.0962402155780829 -0.1830500416022822 -0.10808884665637249 -0.3021548091970627 -0.15093405913645924 -0.3109954456733897 -0.24581307401404645 -0.24380600948866632 -0.06286729533962007 -0.24135961153956012 -0.14481897627965043 -0.2744602664216812 -0.1480282178790332 -0.34009474067776024 -0.197570254018898 -0.21234322612690923 -0.20246027678113787 -0.22498060512024823 -0.07713791727623354 -0.26534480244933667 -0.15214723926380366 -0.41797648154616374 -0.4476770410464592 -0.2791908198272802 -0.2723073182591782 -0.2702702702702703 -0.21465769084211864 -0.28835209308207915 -0.06396031849627985 -0.3071389042612064 -0.27801179443976415 -0.9319958007698588 -3.9606839595207632 -1.2891652714661563 -0.44104964888505604 -0.5175805261863781 -0.2182589174357695 -0.510141364474493 -0.17025089605734767 -0.4044168391994479 -0.2376996805111821 -0.6117869375221449 -1.72942981938378 -1.1990171990171992 -0.3681433304699963 -0.5097706032285472 -0.2261934516370907 -0.4792729988796215 -0.1756225425950197 -0.3794455334640157 -0.12256128064032015 -0.3246899661781285 -0.34513975330994684 -0.2946859903381643 -0.16273584905660377 -0.311339959286313 -0.14087988136431043 -0.31397369074211967 -0.05480817140009965 -0.18671926364234057
-0.025728987993138934 -0.22114952851369551 -0.039673543414191784 -0.30625216687853923 0.0035431675918270907 -0.31493276716206653 -0.03929755618322487 -0.35241220075343305 -0.006417661404184318 -0.3063759315484405 -0.08094093840900468 -0.287180740559697 -0.09634828119424291 -0.34256559766763844 -0.08838383838383838 -0.30493052993975167 -0.13271400132714 -0.26482366619299835 -0.06597176408497163 -0.19708535739070093 -0.13036809815950923 -0.17967019443760768 -0.15115729806329709 -0.12931034482758624 -0.25621982918678055 -0.15318935208437973 -0.18989034501203533 -0.1951971234108129 -0.0897161221210498 -0.2240531945649032 -0.10137302707558064 -0.18423867823606327 -0.11046442570376529 -0.29974720115565184 -0.1422739082024001 -0.31750162654521796 -0.2296056185845489 -0.25566684238270954 -0.03690036900369004 -0.2527849185946872 -0.14981273408239698 -0.28249885163068444 -0.16653174511391233 -0.34495323697315683 -0.20370597619339792 -0.21731031913572582 -0.19989748846745256 -0.22368761313679855 -0.06782816863944674 -0.26826067939932935 -0.16441717791411042 -0.5052974735126325 -0.5581867388362652 -0.31941322607358336 -0.2723073182591782 -0.28638730473592855 -0.18925441381938274 -0.29720500822056406 -0.0287168776922073 -0.3099059214167128 -0.30448910819593217 -1.1757844395194215 -4.549261370245434 -1.3561348959579047 -0.4496735247012443 -0.543398082124416 -0.2132701421800948 -0.5433312845728334 -0.15745007680491552 -0.43064182194616984 -0.24281150159744405 -0.5987953230187788 -1.7258883248730967 -1.133906633906634 -0.3570990305558964 -0.5037019055710645 -0.21869532616845783 -0.4817627287439312 -0.1743119266055046 -0.383646037524503 -0.1150575287643822 -0.3201803833145434 -0.32929727283014604 -0.29106280193236717 -0.15094339622641506 -0.3257094958687582 -0.12852199703410777 -0.3288657235045917 -0.049825610363726944 -0.2024983563445102
-0.04043126684636119 -0.20767849124382573 -0.05667649059170256 -0.2854501329018837 -0.003543167591827092 -0.3043170559094126 -0.04175365344467642 -0.34390569935593635 -0.015402387370042353 -0.3022357162572454 -0.08220564057164538 -0.27740437492362213 -0.10586416081836565 -0.3328474246841594 -0.08207070707070709 -0.31476699864748553 -0.12209688122096882 -0.2738664255264178 -0.05541628183137617 -0.21235253296322001 -0.11758691206543967 -0.17474772335712527 -0.1511572980632971 -0.12465051258154707 -0.24384205966084913 -0.15570065293822202 -0.16180797004546674 -0.20161808141774756 -0.06963042313872522 -0.22549869904596703 -0.10393943282432953 -0.18542731486984432 -0.11996674189333649 -0.29733959311424096 -0.13732525052579486 -0.32400780741704616 -0.2079956780118855 -0.2675276752767528 -0.027333606669400035 -0.26421022564981433 -0.15480649188514356 -0.29053743683968764 -0.2000693882271308 -0.34981173326855336 -0.20861455393299785 -0.22227741214454239 -0.1883649410558688 -0.22239462115334888 -0.05984838409362947 -0.27117655634932203 -0.1754601226993865 -0.5926184654791011 -0.7138024357239512 -0.35963563231988643 -0.28203257962557743 -0.302504339201587 -0.17401244760574117 -0.3060579233590489 -0.02480093982508811 -0.3126729385722192 -0.3369839932603202 -1.4499008515105565 -5.126206816331278 -1.423104520449653 -0.46692127633362074 -0.5692156380624539 -0.22200049887752557 -0.5765212046711738 -0.17153097798259087 -0.45686680469289176 -0.24920127795527153 -0.5893468761072399 -1.6975563687876285 -1.085995085995086 -0.34728187507669656 -0.5024881660395679 -0.2049487628092977 -0.48176272874393133 -0.16644823066841413 -0.38504620554466534 -0.10755377688844421 -0.3213077790304397 -0.3134547923503451 -0.28743961352657 -0.142688679245283 -0.33888157106933303 -0.10998517053880377 -0.3387937453462398 -0.03487792725460887 -0.21433267587113738
-0.05390835579514826 -0.19196228109564434 -0.07027884833371116 -0.27042644169652136 -0.009448446911538913 -0.28898325076669024 -0.03929755618322486 -0.323247053104873 -0.012835322808368629 -0.2884349986199283 -0.08473504489692678 -0.2676280092875473 -0.1094326156774117 -0.3182701652089407 -0.06565656565656566 -0.31476699864748553 -0.1021897810218978 -0.26353184343108127 -0.036944187887584114 -0.20680083275503125 -0.10224948875255624 -0.1735171055870047 -0.15706188001889465 -0.1130009319664492 -0.2178487436563931 -0.15067805123053743 -0.1257020593741642 -0.19648131501219984 -0.038832351365827536 -0.2139346631974559 -0.10393943282432953 -0.17591822179959588 -0.1389713742724789 -0.27687492476224873 -0.12866509959173575 -0.30709173715029275 -0.18503511615343063 -0.2569847127042699 -0.0054667213338800095 -0.24992859183090546 -0.15980024968789014 -0.29972439136426277 -0.22666820862726955 -0.35224098141625165 -0.20984169836789784 -0.22600273190115489 -0.18067657611481294 -0.21980863718644947 -0.04388881500199495 -0.2697186178743257 -0.18282208588957055 -0.7148678542321575 -0.8998646820027064 -0.39749201466934814 -0.2662290299051787 -0.31862137366724524 -0.13971802362504765 -0.3199696471480966 0.003915937867119174 -0.31128942999446596 -0.3694788783247082 -1.7240172635016915 -5.661277189717343 -1.4613728773020809 -0.47800911666872 -0.5839685271699041 -0.23571963083063108 -0.5937307928703134 -0.18689196108550946 -0.46100759144237413 -0.2568690095846645 -0.579898429195701 -1.6751269035532992 -1.038083538083538 -0.33010185298809674 -0.5012744265080713 -0.18745313671582103 -0.48176272874393133 -0.14416775884665795 -0.38644637356482775 -0.10505252626313158 -0.322435174746336 -0.2930858888763155 -0.28381642512077293 -0.11674528301886791 -0.3520536462699078 -0.0865051903114187 -0.34872176718788783 -0.01121076233183857 -0.2261669953977646
-0.058809115412889 -0.1953300404131118 -0.07481296758104736 -0.2738934473592973 -0.003543167591827092 -0.28898325076669024 -0.02701706987596709 -0.3074492647952364 0.005134129123347453 -0.2801545680375379 -0.08473504489692678 -0.27618232921911273 -0.1153800404424884 -0.3134110787172012 -0.054292929292929296 -0.3246034673552195 -0.0942269409422694 -0.27386642552641777 -0.03034701147908695 -0.21512838306731438 -0.09330265848670757 -0.1772089588973665 -0.18540387340576286 -0.11416589002795899 -0.19556875850971656 -0.14439979909593167 -0.10029419630917358 -0.18492359059971747 -0.0013390465988216444 -0.20526163631107258 -0.10265622994995509 -0.16878640199690956 -0.15203705903313933 -0.2865053569278922 -0.12000494865767661 -0.32010409889394925 -0.16072393300918425 -0.260938323668951 0.020500205002050024 -0.24992859183090546 -0.1697877652933833 -0.32154340836012857 -0.26598820400138773 -0.3510263573424025 -0.21597742054239782 -0.24338755743201293 -0.17939518195797027 -0.2404965089216447 -0.043888815001994944 -0.2959615104242601 -0.22208588957055214 -0.8883455582722085 -1.1490753270184935 -0.43534839701880984 -0.28203257962557743 -0.32606000495908755 -0.16258097294550997 -0.32376375363601867 -0.00783187573423835 -0.3126729385722191 -0.3947526778192322 -2.033127260002333 -6.057927183901361 -1.4685481942119112 -0.4730811876308982 -0.5999508237029751 -0.23571963083063113 -0.6023355869698832 -0.18049155145929338 -0.4651483781918565 -0.2619808306709265 -0.576355261603874 -1.5641600755518827 -0.9508599508599508 -0.3178304086390969 -0.5037019055710644 -0.18745313671582103 -0.48176272874393133 -0.14154652686762778 -0.38644637356482775 -0.11880940470235117 -0.3213077790304397 -0.2896910716306439 -0.2608695652173913 -0.12264150943396228 -0.33648664830559216 -0.10504201680672272 -0.3375527426160338 -0.024912805181863486 -0.22222222222222224
-0.06738544474393532 -0.18971710821733273 -0.08048061664021763 -0.24962440771986594 -0.002362111727884727 -0.2736494456239679 -0.02701706987596709 -0.308664479280593 0.010268258246694906 -0.28291471156500136 -0.10244087517389655 -0.2676280092875473 -0.14987510407993337 -0.2964042759961127 -0.07196969696969698 -0.30493052993975167 -0.1021897810218978 -0.2674073117168324 -0.04222192901438184 -0.1998612074947953 -0.08052147239263804 -0.18336204774796946 -0.19957487009919697 -0.11766076421248836 -0.18937987374675083 -0.14565544952285284 -0.10029419630917358 -0.19648131501219984 -0.0026780931976432805 -0.21248915871639204 -0.11292185294495058 -0.16640912872934743 -0.16035158569901414 -0.288912964969303 -0.12495360633428183 -0.3122966818477554 -0.16612641815235013 -0.2635740643120717 0.03553368867022004 -0.23850328477577837 -0.19101123595505617 -0.337620578778135 -0.3099340811842257 -0.3583141017854974 -0.23315744263099764 -0.2458711039364212 -0.18708354689902618 -0.252133436772692 -0.05053863545684266 -0.29596151042426017 -0.2429447852760736 -1.0955873792059612 -1.3700947225981055 -0.4661067076777476 -0.28689521030877707 -0.32606000495908755 -0.16766162835005716 -0.3237637536360187 -0.013053126223730583 -0.3168234643054787 -0.4212299915754002 -2.3737314825615305 -6.233569849947656 -1.4207127481463764 -0.4755451521498091 -0.5999508237029751 -0.2382140184584685 -0.6084818684695759 -0.17025089605734767 -0.463768115942029 -0.276038338658147 -0.5598204795086807 -1.3929878408688465 -0.8427518427518427 -0.31905755307399686 -0.49156451025609904 -0.19495126218445388 -0.4842524586082411 -0.15334207077326342 -0.3892467096051526 -0.1013006503251626 -0.30552423900789183 -0.26026932216815657 -0.23429951690821255 -0.11674528301886793 -0.32091965034127645 -0.10257043994068216 -0.3338297344254158 -0.021175884404583956 -0.22090729783037477
-0.06616025483950014 -0.1874719353390211 -0.07594649739288142 -0.23228937940598637 6.938893903907229e-19 -0.2724699221514508 -0.01719268083016088 -0.30258840685380967 0.02182004877422667 -0.28291471156500136 -0.09105855571013025 -0.28107051203715017 -0.15106458903294873 -0.30126336248785224 -0.06691919191919192 -0.30493052993975167 -0.0968812209688122 -0.2609481979072471 -0.032985882042485815 -0.19708535739070093 -0.08052147239263804 -0.1981294609894167 -0.21610769957487008 -0.11649580615097858 -0.1930932046045303 -0.15946760421898543 -0.10564322011232952 -0.20547065622190827 -0.009373326191751474 -0.22405319456490314 -0.10522263569870396 -0.16165458219422324 -0.16035158569901414 -0.27085590465872156 -0.12371644191513054 -0.3148991541964866 -0.15262020529443548 -0.2569847127042699 0.045100451004510045 -0.22136532419308774 -0.1860174781523096 -0.36632981166743217 -0.3353764311321846 -0.3777480869670837 -0.2294760093262977 -0.26573947597168757 -0.18067657611481297 -0.25601241272304115 -0.03856895863811678 -0.2945035719492638 -0.2687116564417178 -1.3307719175689834 -1.6328371673432567 -0.48740092274931984 -0.3039144176999756 -0.3322588643689562 -0.17147211990346753 -0.32123434931073735 -0.014358438846103647 -0.32374100719424465 -0.4356721627151282 -2.6968389128659744 -6.228917064092126 -1.3118871083472854 -0.4706172231119872 -0.5987214162773544 -0.24444998752806185 -0.594960049170252 -0.18561187916026622 -0.44444444444444436 -0.25559105431309903 -0.5491909767331995 -1.1261952543973552 -0.7518427518427517 -0.2846975088967972 -0.4903507707246025 -0.16745813546613347 -0.4842524586082411 -0.12319790301441677 -0.3976477177261271 -0.0887943971985993 -0.3066516347237881 -0.2376372071970126 -0.22826086956521738 -0.10966981132075473 -0.3269069572506287 -0.09391992090954028 -0.32638371804417965 -0.011210762331838566 -0.2314266929651545
-0.0686106346483705 -0.19308486753480017 -0.09068238494672409 -0.23691205362302092 0.004724223455769458 -0.28308563340410475 -0.014736583568709322 -0.30380362133916633 0.030804774740084705 -0.2884349986199283 -0.08979385354748956 -0.290846877673225 -0.16176995361008684 -0.3012633624878523 -0.06313131313131312 -0.3086192057051519 -0.0982083609820836 -0.2596563751453301 -0.03430531732418525 -0.19430950728660654 -0.07924335378323108 -0.2153581097711051 -0.22673594709494566 -0.12348555452003732 -0.190617650699344 -0.16449020592667 -0.10430596416154052 -0.2029022730191344 -0.016068559185859674 -0.22549869904596703 -0.11163865007057616 -0.17472958516581483 -0.16272716474640697 -0.2937281810521247 -0.1187677842385253 -0.33832140533506827 -0.14586709886547813 -0.27148128624143386 0.05193385267186005 -0.22850614110254214 -0.18976279650436953 -0.39503904455672945 -0.370070544697583 -0.38989432770557514 -0.23193029819609765 -0.27815720849372905 -0.19092772936955407 -0.2637703646237394 -0.049208671365873126 -0.3017932643242455 -0.30552147239263805 -1.589242053789731 -1.9113667117726656 -0.5264403170472023 -0.3282275711159738 -0.345896355070667 -0.18925441381938274 -0.3300872644492222 -0.03524344080407258 -0.33757609297177643 -0.45974244794800817 -2.983786305843929 -6.092823077817845 -1.1934943793350874 -0.46938524085253175 -0.5974920088517335 -0.2569219256672487 -0.5925015365703749 -0.20481310803891448 -0.44720496894409933 -0.2645367412140575 -0.5350183063658911 -0.8948176130326999 -0.6670761670761671 -0.2822432200269972 -0.49277824978759543 -0.17370657335666087 -0.48300759367608626 -0.12844036697247707 -0.39764771772612717 -0.0887943971985993 -0.3089064261555806 -0.2331107842027837 -0.22826086956521738 -0.11202830188679247 -0.33528918692372167 -0.09762728620860109 -0.33010672623479775 -0.02117588440458396 -0.2445759368836292
-0.08208772359715757 -0.212168837000449 -0.09635003400589434 -0.249624407719866 -0.0070863351836541865 -0.30431705590941255 -0.020876826722338204 -0.32446226759022967 0.032088307020921567 -0.31189621860336736 -0.09738206652333374 -0.2981791519002811 -0.19507553229451646 -0.293974732750243 -0.06565656565656566 -0.3123078814705521 -0.0889183808891838 -0.2648236661929983 -0.027708140915688084 -0.19569743233865372 -0.07540899795501023 -0.21166625646074327 -0.24563060935285783 -0.11067101584342962 -0.19433098155712342 -0.155700652938222 -0.09761968440759562 -0.18749197380249133 -0.012051419389394755 -0.20959814975426422 -0.11933786731682279 -0.19018186140496848 -0.18173179712554935 -0.3021548091970627 -0.12742793517258447 -0.35393623942745606 -0.15262020529443543 -0.28070637849235636 0.042367090337570044 -0.2442159383033419 -0.19600499375780273 -0.43638033991731734 -0.40476465826298147 -0.4190453054779546 -0.2356117315007976 -0.2843660747547498 -0.17939518195797027 -0.25989138867339023 -0.03723899454714723 -0.28575594109928565 -0.33865030674846625 -1.8814763069041796 -2.2000451059990977 -0.5441854962735124 -0.3488937515195721 -0.34341681130671964 -0.1956052330750667 -0.322499051473378 -0.04568594178305704 -0.32650802434975096 -0.47779516187266824 -3.1879155488160507 -5.863673374432943 -1.0846687395359962 -0.4743131698903536 -0.5876567494467666 -0.2693938638064355 -0.5777504609711125 -0.2176139272913466 -0.4444444444444445 -0.265814696485623 -0.5255698594543521 -0.6398300082634872 -0.5958230958230958 -0.26629034237329735 -0.4903507707246025 -0.16370907273181706 -0.48176272874393133 -0.10747051114023591 -0.400448053766452 -0.08004002001000501 -0.28297632468996614 -0.2263211497114405 -0.1992753623188406 -0.1143867924528302 -0.31852472757753564 -0.09515570934256054 -0.31645569620253167 -0.03238664673642252 -0.22616699539776466
-0.08821367311933351 -0.212168837000449 -0.1020176830650646 -0.2554027504911592 -0.005905279319711824 -0.29723991507430997 -0.014736583568709322 -0.3317535545023697 0.03337183930175843 -0.3132762903670991 -0.10749968382445933 -0.3030673347183185 -0.1950755322945165 -0.28425655976676384 -0.06186868686868687 -0.30370097135128493 -0.09024552090245522 -0.2661154889549154 -0.022430399788890353 -0.19430950728660654 -0.07285276073619631 -0.22397243416194929 -0.2409069437883798 -0.11649580615097857 -0.19556875850971653 -0.1594676042189854 -0.09628242845680665 -0.19391293180942593 -0.01472951258703803 -0.2182711766406476 -0.11933786731682279 -0.1925591346725306 -0.19123411331512058 -0.314192849404117 -0.13732525052579486 -0.3578399479505531 -0.16342517558076713 -0.2965208223510807 0.039633729670630044 -0.2456441016852328 -0.21598002496878901 -0.48116674322462105 -0.4417717127327398 -0.43847929065954083 -0.24174745367529754 -0.2905749410157705 -0.18195797027165553 -0.2663563485906387 -0.03590903045617768 -0.28867181804927833 -0.3938650306748467 -2.3972522994527883 -2.649977447000451 -0.5808588666745534 -0.37928519328956967 -0.34961567071658817 -0.21211736313984506 -0.33514607309978495 -0.07440281947526432 -0.3389596015495296 -0.4741846190877362 -3.1109296628951357 -5.204140979411422 -1.004544367376226 -0.4718492053714426 -0.5642980083599706 -0.2631578947368421 -0.5629993853718501 -0.20993343573988735 -0.4375431331953072 -0.26581469648562295 -0.5161214125428132 -0.5524731436666275 -0.5675675675675675 -0.2564731868940974 -0.4818545940041267 -0.15371157210697325 -0.4817627287439312 -0.09698558322411532 -0.4046485578269392 -0.083791895947974 -0.2626832018038331 -0.21726830372298292 -0.1920289855072464 -0.10849056603773585 -0.30295772961322004 -0.08897676717745921 -0.3114916852817077 -0.028649725959143002 -0.22222222222222224
-0.08576329331046313 -0.23237539290525372 -0.1042847426887327 -0.27158211025078016 -0.0011810558639423646 -0.3113941967445152 -0.009824389045806214 -0.352412200753433 0.032088307020921567 -0.32707700800441625 -0.11888200328822562 -0.32262006599046805 -0.19269656238848581 -0.2988338192419825 -0.06944444444444443 -0.3049305299397516 -0.0915726609157266 -0.277741893812169 -0.017152658662092625 -0.19847328244274812 -0.0626278118609407 -0.24120108294363768 -0.2468115257439773 -0.11882572227399812 -0.19309320460453025 -0.16449020592667 -0.08959614870286174 -0.2016180814177475 -0.02276379217996786 -0.2182711766406476 -0.12832028743744386 -0.21989777724949483 -0.20192421902838817 -0.32623088961117136 -0.13485092168749227 -0.3604424202992843 -0.16342517558076713 -0.3096995255666843 0.04100041000410004 -0.2442159383033419 -0.23220973782771534 -0.5454754248966468 -0.4995952353417371 -0.47005951657961864 -0.24297459811019753 -0.30920153979883275 -0.17939518195797027 -0.29609516420998194 -0.04521877909296449 -0.3032512027992419 -0.4306748466257669 -2.899056933286762 -2.9927830401443396 -0.6210812729208566 -0.40359834670556777 -0.36945202082816764 -0.2286294932046234 -0.35538130770203613 -0.11225688552408301 -0.3458771444382955 -0.4597424479480082 -2.967455966406159 -4.615563568686751 -0.9447500597943078 -0.4521374892201552 -0.5544627489550036 -0.2531803442254926 -0.5543945912722803 -0.20993343573988738 -0.4223602484472049 -0.2619808306709265 -0.5267509153182945 -0.5229606894109315 -0.5601965601965602 -0.24788317584979752 -0.4830683335356233 -0.1462134466383404 -0.4892319183368604 -0.09960681520314547 -0.3990478857462895 -0.083791895947974 -0.26944757609921083 -0.2138734864773113 -0.1932367149758454 -0.11320754716981132 -0.3017602682313496 -0.09021255561047949 -0.3065276743608836 -0.044843049327354265 -0.23274161735700197
-0.08331291350159274 -0.23798832510103277 -0.1065518023124008 -0.2819831272391079 0.003543167591827093 -0.3184713375796178 -0.004912194522903104 -0.3499817717827196 0.030804774740084712 -0.33397736682307483 -0.1302643227519919 -0.33606256874007084 -0.19031759248245508 -0.28425655976676384 -0.07702020202020202 -0.2938645026435509 -0.092899800928998 -0.26353184343108127 -0.011874917535294894 -0.1762664816099931 -0.06134969325153374 -0.2596603494954467 -0.2444496929617383 -0.12698042870456666 -0.19061765069934397 -0.15946760421898543 -0.08290986894891685 -0.18877616540387826 -0.0307980717728977 -0.20381613183000868 -0.13986911330681379 -0.2365386901224295 -0.2304311675971018 -0.32261947754905507 -0.14845973029815662 -0.3526350032530905 -0.18908698001080496 -0.2991565629942014 0.019133524668580017 -0.22707797772065122 -0.2634207240948814 -0.6338998621956822 -0.5909564010639528 -0.48463500546580834 -0.2527917535893974 -0.31168508630324104 -0.1858021527421835 -0.2973881561934316 -0.04920867136587312 -0.2974194488992564 -0.4601226993865031 -3.346140412155082 -3.281461434370771 -0.6423754879924288 -0.4194018964259665 -0.368212248946194 -0.2565730979296329 -0.36296952067788035 -0.15011095157290172 -0.34449363586054227 -0.43326513419184015 -2.729499591741514 -4.042107711992555 -0.8610380291796222 -0.4398176666256006 -0.5298746004425866 -0.2544275380394113 -0.5138291333743086 -0.21121351766513055 -0.39061421670117324 -0.25814696485623 -0.5255698594543523 -0.49935072600637465 -0.5589680589680589 -0.2454288869799975 -0.4854958125986163 -0.15996000999750062 -0.4879870534047056 -0.10878112712975097 -0.39764771772612717 -0.08754377188594298 -0.27395715896279593 -0.2195315152200973 -0.1859903381642512 -0.11084905660377357 -0.28739073164890433 -0.10257043994068216 -0.28667163067758744 -0.049825610363726965 -0.21301775147928997
-0.07718696397941681 -0.2570722945666816 -0.11902063024257539 -0.291228475673177 -0.0070863351836541865 -0.32790752535975465 -0.01842072946088665 -0.352412200753433 0.020536516493389806 -0.33535743858680656 -0.1327937270772733 -0.3495050714896737 -0.1915070774354704 -0.2587463556851312 -0.08207070707070707 -0.27788024099348335 -0.10882548108825481 -0.24157085647849116 -0.02111096450719092 -0.1443442054129077 -0.0651840490797546 -0.26950529165641146 -0.2432687765706188 -0.11649580615097857 -0.19556875850971656 -0.15318935208437973 -0.09360791655522868 -0.17978682419416975 -0.037493304767005894 -0.19225209598149756 -0.14756833055306043 -0.2721977891358612 -0.2625014847369046 -0.3105814373420007 -0.16330570332797228 -0.3448275862068965 -0.2174500270124257 -0.29124934106483924 0.005466721333880003 -0.20994001713796057 -0.2921348314606741 -0.7671107028020211 -0.674222273620909 -0.49921049435199816 -0.26383605350349737 -0.3166521793120577 -0.1973347001537673 -0.3012671321437807 -0.05053863545684266 -0.2828400641492929 -0.48588957055214727 -3.7513098148794968 -3.5284167794316645 -0.6447415118892701 -0.425480184779966 -0.37689065212001 -0.27562555569668484 -0.37688124446692806 -0.1657747030413784 -0.3514111787493082 -0.4079913346973162 -2.469380613554182 -3.457019890659533 -0.7725424539583832 -0.42380189725267964 -0.5089746742070322 -0.25193315041157394 -0.4843269821757836 -0.21249359959037378 -0.357487922705314 -0.24536741214057506 -0.5232077477264675 -0.45095030102703343 -0.5356265356265355 -0.24052030924039758 -0.4854958125986163 -0.16620844788802797 -0.4854973235403959 -0.10878112712975097 -0.38924670960515256 -0.09379689844922462 -0.266065388951522 -0.22292633246576893 -0.16304347826086957 -0.11202830188679244 -0.27062627230271824 -0.1198714780029659 -0.27177959791511536 -0.057299451918286004 -0.19855358316896776
-0.07106101445724086 -0.26717557251908397 -0.11902063024257539 -0.2866058014561424 -0.009448446911538913 -0.3361641896673744 -0.02210487535306398 -0.3718556325191396 0.010268258246694901 -0.3532983715153188 -0.1289996205893512 -0.34339484296712697 -0.20102295705959317 -0.24538386783284744 -0.09974747474747474 -0.2631255379318825 -0.1234240212342402 -0.2312362743831547 -0.03166644676078638 -0.12213740458015268 -0.07029652351738241 -0.2670440561161703 -0.23618327822390178 -0.1211556383970177 -0.21537318975120678 -0.15695630336514316 -0.11901577962021932 -0.18107101579555668 -0.06025709694697375 -0.19369760046256146 -0.15270114205055818 -0.3197432544871033 -0.2826939066397435 -0.32261947754905507 -0.17444018310033405 -0.35393623942745606 -0.23095623987034034 -0.3057459146020032 -0.0027333606669400047 -0.21565267066552413 -0.3270911360799001 -1.0071198897565456 -0.8095293165259628 -0.5429369610105672 -0.29328751994109703 -0.32906991183409906 -0.21655561250640692 -0.31161106801137833 -0.07846788136720309 -0.28138212567429655 -0.5153374233128835 -3.9667015950634528 -3.676138926477221 -0.6518395835797942 -0.4619499149039631 -0.3719315645921151 -0.31627079893306237 -0.373087137979006 -0.2101553322020624 -0.34587714443829554 -0.3827175352027922 -2.1859325790271784 -2.9138071420262888 -0.6983975125568046 -0.4139460391770359 -0.48561593312023604 -0.24444998752806185 -0.46220036877688997 -0.20737327188940094 -0.3519668737060041 -0.23130990415335462 -0.4889571276721389 -0.39664738519655296 -0.5085995085995085 -0.24297459811019756 -0.48064085447263016 -0.17620594851287177 -0.485497323540396 -0.12319790301441676 -0.3836460375245029 -0.09504752376188094 -0.2480270574971815 -0.23084757270566936 -0.15217391304347824 -0.13089622641509432 -0.2550592743384026 -0.14211566979733067 -0.25564656242243733 -0.07349277528649727 -0.1761998685075608
-0.06983582455280568 -0.27278850471486304 -0.1258218091135797 -0.2738934473592973 -0.017715837959135464 -0.33144609577730594 -0.038069507552499084 -0.38036213391663626 -0.008984725965858042 -0.36019873033397737 -0.13279372707727327 -0.35194916289869244 -0.21886523135482333 -0.2478134110787172 -0.1073232323232323 -0.2631255379318824 -0.14067684140676842 -0.22477716057356933 -0.048819105422879004 -0.10964607911172797 -0.081799591002045 -0.26458282057592913 -0.23145961265942372 -0.11183597390493942 -0.23889095185047654 -0.14942240080361627 -0.1350628510296871 -0.1823552073969436 -0.07766470273165506 -0.19080659150043366 -0.15911715642243035 -0.36610008320456433 -0.31357643425584986 -0.32141567352834965 -0.1855746628726958 -0.3409238776837996 -0.2485143165856294 -0.28993147074327885 -0.023233565668990024 -0.19994287346472434 -0.3720349563046192 -1.3791915480018375 -1.0697351682664507 -0.608526660998421 -0.3215118419437968 -0.3315534583385074 -0.2357765248590466 -0.30773209206102925 -0.0944274504588376 -0.2784662487243038 -0.5177914110429448 -4.030736989172197 -3.667117726657646 -0.641192476044008 -0.4728908339411622 -0.3607736176543517 -0.31246030737965197 -0.3654989250031618 -0.21146064482443544 -0.3403431101272828 -0.34901913587676014 -1.8686574128076519 -2.38571594742352 -0.6182731403970342 -0.38561044720956017 -0.4561101549053356 -0.2332252432027937 -0.4449907805777504 -0.20353302611367133 -0.33540372670807456 -0.21853035143769967 -0.4617928428014646 -0.34234446936607243 -0.5012285012285012 -0.2319302981960977 -0.48306833353562323 -0.17245688577855536 -0.4904767832690153 -0.12319790301441677 -0.39344721366563984 -0.09129564782391196 -0.2446448703494927 -0.23084757270566936 -0.14009661835748793 -0.12382075471698113 -0.256256735720273 -0.1309935739001483 -0.2606105733432614 -0.06851021425012457 -0.17882971729125574
-0.08453810340602794 -0.2784014369106421 -0.132622987984584 -0.2900728071189183 -0.03070745246250147 -0.34088228355744277 -0.047893896598305286 -0.3803621339166362 -0.017969451931716084 -0.3684791609163676 -0.1252055141014291 -0.371501894170842 -0.2069703818246699 -0.2587463556851312 -0.10353535353535352 -0.2840280339358171 -0.145985401459854 -0.2364035654308229 -0.047499670141179576 -0.1304649548924358 -0.08819018404907976 -0.2633522028058085 -0.22791686348606524 -0.11533084808946878 -0.24384205966084913 -0.15695630336514316 -0.12703931532495322 -0.18363939899833057 -0.06963042313872522 -0.1980341139057531 -0.17194918516617477 -0.4195887317247117 -0.3599002256800095 -0.347899361983869 -0.20042063590251144 -0.3539362394274561 -0.2593192868719611 -0.28729573010015813 -0.04373377067104005 -0.2199371608111968 -0.42696629213483145 -1.8465778594395956 -1.4594657106510929 -0.6874772257986154 -0.36078046386059637 -0.3613560163914069 -0.26524859046642746 -0.3258339798293251 -0.11038701955047214 -0.31345677212421635 -0.5214723926380368 -3.9306089183839794 -3.5825439783491206 -0.6447415118892701 -0.4972039873571603 -0.3607736176543517 -0.3188111266353359 -0.3591754141899583 -0.21929252055867376 -0.3320420586607637 -0.3189312793356602 -1.500058322640849 -1.8611143422124001 -0.5513035159052858 -0.36343476653936174 -0.43275141381853943 -0.22324769269144423 -0.41917639827904124 -0.19969278033794163 -0.32712215320910976 -0.21341853035143768 -0.4322664462029054 -0.302207531578326 -0.5049140049140048 -0.2282488648913977 -0.49399198931909216 -0.17620594851287177 -0.4954562429976347 -0.1218872870249017 -0.4046485578269392 -0.1013006503251626 -0.2514092446448703 -0.23084757270566936 -0.14855072463768115 -0.12028301886792452 -0.264638965393366 -0.12481463173504696 -0.2692975924547034 -0.06726457399103139 -0.19329388560157792
-0.10536633178142614 -0.28289178266726533 -0.14282475629109043 -0.2970068184444702 -0.043699066965867485 -0.3373437131398915 -0.07368291784354661 -0.3767164904605663 -0.04364009754845334 -0.36985923268009935 -0.1327937270772733 -0.37272393987535135 -0.20815986677768525 -0.2599611273080661 -0.11742424242424243 -0.2901758268781508 -0.165892501658925 -0.24802997028807644 -0.07388837577516823 -0.1443442054129077 -0.09713701431492842 -0.2658134383460497 -0.22555503070382624 -0.114165890027959 -0.25621982918678055 -0.14314414866901054 -0.14709815458678793 -0.17978682419416975 -0.08034279592929836 -0.1821335646140503 -0.19633003977928912 -0.49090692975157485 -0.41453854377004395 -0.38401348260503193 -0.21650377335147838 -0.3669486011711126 -0.2768773635872501 -0.3057459146020032 -0.06286729533962007 -0.23564695801199656 -0.4769038701622971 -2.3644924207625175 -1.9313056551405112 -0.7567107980080164 -0.397594796907596 -0.37749906867006083 -0.3011276268580215 -0.3491078355314198 -0.15294587046149752 -0.3294940953491763 -0.5006134969325153 -3.7175456979857957 -3.3829499323410013 -0.6388264521471666 -0.5020666180403598 -0.36449293330027277 -0.32897243744443033 -0.36676362716580246 -0.224513771048166 -0.3334255672385169 -0.29365747984113616 -1.1314592324740465 -1.3690822379899963 -0.5214063621143267 -0.35111494394480713 -0.4179985247110893 -0.2195061112496882 -0.4031960663798403 -0.19073220686123915 -0.32298136645962733 -0.22364217252396168 -0.3932916026928074 -0.27859756817376935 -0.48034398034398035 -0.23438458706589768 -0.47214467775215435 -0.2049487628092977 -0.47553840408315695 -0.15072083879423329 -0.3878465415849902 -0.11255627813906954 -0.25366403607666294 -0.23424238995134097 -0.14130434782608697 -0.1285377358490566 -0.2622440426296252 -0.13717251606524963 -0.2841896252171755 -0.07847533632286996 -0.19066403681788296
-0.10291595197255574 -0.2907498877413561 -0.11902063024257536 -0.29238414422743564 -0.04842329042163694 -0.32672800188723755 -0.0749109664742724 -0.36942520354842634 -0.0487742266718008 -0.36157880209770904 -0.13658783356519538 -0.3690578027618233 -0.20221244201260857 -0.25631681243926147 -0.12878787878787878 -0.2754211238165499 -0.16589250165892505 -0.22994445162123753 -0.07124950521176936 -0.12907702984038863 -0.10224948875255624 -0.26950529165641157 -0.22673594709494566 -0.11533084808946878 -0.2648842678549325 -0.14439979909593167 -0.15110992243915486 -0.18877616540387826 -0.07632565613283342 -0.1806880601329864 -0.20916206852303348 -0.5527160347081896 -0.4608623351942036 -0.39845913085349705 -0.23629840405789926 -0.36694860117111255 -0.27957860615883307 -0.30706378492356357 -0.06560065600656008 -0.229934304484433 -0.5168539325842697 -2.883555351401011 -2.4517173586214875 -0.8235151220697194 -0.4429991409988956 -0.387433254687694 -0.3241927216811891 -0.35945177139901735 -0.1675754754621625 -0.33532584924916164 -0.4748466257668711 -3.482361159622773 -3.145015787099684 -0.6222642848692772 -0.5008509603695599 -0.3657327051822465 -0.3162707989330623 -0.3654989250031618 -0.20362876909019714 -0.33204205866076375 -0.25995908051510414 -0.7873556514638984 -0.9072932418285449 -0.47835446065534565 -0.3277072810151534 -0.40078682075239735 -0.19456223497131453 -0.3822987092808851 -0.16385048643113156 -0.3077984817115252 -0.2108626198083067 -0.3755757647336719 -0.22193365600283319 -0.46191646191646196 -0.22334028715179777 -0.4551523243112028 -0.19495126218445386 -0.4506411054400597 -0.1402359108781127 -0.37244469336320357 -0.11380690345172587 -0.2536640360766629 -0.2285843612085549 -0.13647342995169082 -0.13325471698113206 -0.25865165848401384 -0.13717251606524963 -0.2730206006453214 -0.07847533632286995 -0.17882971729125574
-0.09924038225925019 -0.29636281993713515 -0.12808886873724779 -0.28313879579336654 -0.036612731782213304 -0.3102146732719981 -0.05771828564411152 -0.33904484141450975 -0.03593890386343217 -0.3381175821142699 -0.1252055141014291 -0.37027984846633266 -0.17485428809325562 -0.2623906705539359 -0.11994949494949499 -0.27173244805114966 -0.16589250165892505 -0.21444257847823275 -0.06201345823987333 -0.12213740458015268 -0.11375255623721883 -0.2965788825990647 -0.22791686348606519 -0.12348555452003729 -0.26983537566530513 -0.15946760421898545 -0.16581973789783364 -0.20547065622190833 -0.07766470273165506 -0.19080659150043366 -0.23354292313614783 -0.6240342327350528 -0.5356930751870769 -0.4261466233297219 -0.24248422615365586 -0.36824983734547817 -0.27147487844408424 -0.3096995255666843 -0.05740057400574006 -0.22279348757497855 -0.5455680399500624 -3.391134588883785 -2.9755984734590033 -0.8915340702052713 -0.4773591851760952 -0.4122687197317769 -0.34853921066119936 -0.382725627101112 -0.1822050804628275 -0.3703163726490742 -0.45276073619631896 -3.2029339853300725 -2.878890392422192 -0.6128001892819117 -0.4972039873571602 -0.3830895115298785 -0.3213514543376096 -0.3794106487922094 -0.19971283122307795 -0.3514111787493083 -0.23227825249729211 -0.5120727866557798 -0.5594974991276027 -0.44247787610619466 -0.30306763582604407 -0.39095156134743053 -0.1758543277625343 -0.37492317148125387 -0.15104966717869941 -0.30779848171152513 -0.19808306709265175 -0.36140309436636353 -0.18533821272577028 -0.4520884520884521 -0.2098416983678979 -0.4551523243112029 -0.18245438640339912 -0.44068218598282083 -0.1349934469200524 -0.36964435732287876 -0.10880440220110058 -0.2694475760992108 -0.20934706348308246 -0.13164251207729466 -0.12028301886792452 -0.26703388815710694 -0.13222936233316857 -0.27177959791511536 -0.06601893373193822 -0.1827744904667982
-0.10169076206812055 -0.3165693758419398 -0.1303559283609159 -0.28776147001040103 -0.036612731782213304 -0.3161122906345836 -0.0638585287977404 -0.341475270385223 -0.037222436144269025 -0.3436378691691968 -0.1277349184267105 -0.3800562141024074 -0.1665278934221482 -0.2781827016520894 -0.12373737373737374 -0.28402803393581705 -0.16456536164565364 -0.21831804676398395 -0.06201345823987333 -0.12768910478834145 -0.13420245398773006 -0.32119123800147675 -0.26452527161076994 -0.14212488350419386 -0.28468869909642286 -0.17327975891511804 -0.1885530890612463 -0.2093232310260691 -0.09775040171397964 -0.19803411390575312 -0.260490183498011 -0.8023297278022108 -0.9371659341964605 -0.5140243168412183 -0.2833106519856489 -0.3994795055302537 -0.28768233387358183 -0.33869267264101216 -0.07243405767391008 -0.2456441016852328 -0.5380774032459426 -3.534680753330271 -3.3815196021741647 -1.0057087331470909 -0.5154006626579948 -0.43337886501924744 -0.3664787288569964 -0.3917765709852599 -0.19949461364543156 -0.37906400349905234 -0.40613496932515336 -2.6580509954593086 -2.395128552097429 -0.5666627232935053 -0.4765378069535619 -0.3744111083560625 -0.32008129048647277 -0.3617048185152397 -0.18927033024409345 -0.34864416159380196 -0.2178360813575641 -0.4140907500291613 -0.4850529254391067 -0.4353025591963645 -0.28458790193421213 -0.3946397836242931 -0.17211274632077828 -0.37738168408113104 -0.14720942140296978 -0.31193926846100756 -0.1993610223642172 -0.3566788709105941 -0.16290874749144138 -0.4459459459459459 -0.19757025401889808 -0.4539385847797062 -0.18995251187203196 -0.439437321050666 -0.13761467889908258 -0.373844861383366 -0.10505252626313158 -0.2874859075535513 -0.18784655426049562 -0.12681159420289856 -0.11438679245283019 -0.2754161178301999 -0.13717251606524963 -0.2717795979151154 -0.06601893373193822 -0.1854043392504931
-0.11149228130360204 -0.3176919622810957 -0.14509181591475856 -0.29122847567317695 -0.047242234557694586 -0.3113941967445152 -0.0798231609971755 -0.3293231255316563 -0.044923629829290206 -0.3353574385868065 -0.12267610977614771 -0.3788341683978981 -0.1689068633281789 -0.28668610301263364 -0.12878787878787878 -0.28894626828968406 -0.16456536164565366 -0.21573440124014986 -0.0646523288032722 -0.12768910478834145 -0.15081799591002046 -0.32488309131183857 -0.2999527633443552 -0.1747437092264678 -0.29706646862235425 -0.16700150678051232 -0.2166354640278149 -0.19391293180942598 -0.1164970540974826 -0.18647007805724197 -0.28487103811112535 -0.9235706644478782 -1.348141109395415 -0.6861682918020946 -0.33403439317085243 -0.4424202992843201 -0.31874662344678545 -0.35714285714285715 -0.0943009430094301 -0.2727792059411597 -0.5268414481897628 -3.5140101056499775 -3.550364288192436 -1.1271711405320053 -0.5743035955331942 -0.463181423072147 -0.39082521783700663 -0.4021205068528576 -0.21146429046415743 -0.38781163434903043 -0.3607361963190184 -2.096868087088136 -1.9643662607126746 -0.5193422453566782 -0.46924386092876247 -0.3558145301264567 -0.33024260129556715 -0.3338813709371443 -0.18404907975460122 -0.33480907581627006 -0.2106149957877001 -0.36393327889886845 -0.4571362103059207 -0.4149724946185123 -0.29074781323148946 -0.3835751167937055 -0.1845846844599651 -0.3601720958819915 -0.14848950332821298 -0.3050379572118702 -0.19424920127795525 -0.3342388094956891 -0.17235273285326408 -0.4201474201474202 -0.20002454288869803 -0.4393737104017478 -0.19370157460634838 -0.42823353666127223 -0.13368283093053734 -0.3654438532623915 -0.09629814907453728 -0.27621195039458846 -0.19803100599751047 -0.1219806763285024 -0.11438679245283019 -0.2730211950664591 -0.14705882352941177 -0.2730206006453214 -0.061036372695565534 -0.1761998685075608
-0.1151678510169076 -0.3266726537943422 -0.17343006121060983 -0.287761470010401 -0.06023384906106059 -0.3184713375796179 -0.08964755004298171 -0.34390569935593635 -0.04749069439096393 -0.3463980126966602 -0.11508789680030354 -0.371501894170842 -0.18437016771737838 -0.28061224489795916 -0.14015151515151514 -0.2840280339358171 -0.17252820172528202 -0.2131507557163157 -0.06333289352157276 -0.12907702984038863 -0.14826175869120656 -0.32980556239232095 -0.38143599433160136 -0.22949673811742777 -0.3181086768164377 -0.1858362631843295 -0.24204332709280552 -0.20547065622190833 -0.1205141938939475 -0.199479618386817 -0.2977030668548698 -0.9877570426720551 -2.016866611236489 -0.9943421211026845 -0.37362365458369423 -0.48536109303838637 -0.320097244732577 -0.3966789667896679 -0.09020090200902009 -0.30562696372465015 -0.5006242197253433 -3.4301791456132293 -3.6856713310974905 -1.224341066439937 -0.6246165173640936 -0.48677511486402575 -0.4087647360328036 -0.4189294026377037 -0.22210400319191378 -0.3994751421490013 -0.3226993865030674 -1.5624636162533474 -1.5877311682453765 -0.46255767183248553 -0.47045951859956237 -0.34961567071658817 -0.32897243744443033 -0.31238143417225245 -0.178827829265109 -0.3140564471499724 -0.2070044530027681 -0.3499358450950658 -0.4303826916366174 -0.4125807223152356 -0.2833559196747567 -0.3798868945168429 -0.18458468445996506 -0.3589428395820529 -0.14592933947772657 -0.30365769496204276 -0.17763578274760383 -0.327152474312035 -0.17589422736394758 -0.3906633906633907 -0.1902073874094981 -0.4357324918072581 -0.17620594851287175 -0.43196813145773677 -0.11402359108781128 -0.3696443573228787 -0.09004502251125564 -0.26719278466741825 -0.20708385198596804 -0.10144927536231882 -0.12028301886792452 -0.2730211950664591 -0.14829461196243204 -0.27674360883593946 -0.05979073243647235 -0.1814595660749507
-0.12129380053908353 -0.327795240233498 -0.17343006121060983 -0.3027851612157634 -0.056690681469233506 -0.33026657230478884 -0.08350730688935283 -0.3536274152387896 -0.04364009754845334 -0.3546784432790505 -0.11761730112558495 -0.371501894170842 -0.2034019269656239 -0.3085519922254616 -0.14646464646464646 -0.3024714127628182 -0.16191108161911086 -0.23381991990698875 -0.059374587676474466 -0.15683553088133242 -0.15209611451942742 -0.3556485355648536 -0.4475673122342938 -0.32269338303821066 -0.3428642158683005 -0.2134605725765947 -0.24471783899438354 -0.228586105046873 -0.12319228709159077 -0.22260769008383927 -0.31310150134736303 -1.0150956852490194 -2.7746763273547925 -1.5216082821716626 -0.43053321786465426 -0.5530253741054001 -0.33495407887628315 -0.44544016868740116 -0.0970343036763701 -0.34704370179948585 -0.47315855181023714 -3.301561782269178 -3.6382560425581127 -1.3093647516093772 -0.6749294391949932 -0.5140941264125171 -0.4202972834443875 -0.4383242823894492 -0.22210400319191384 -0.41842834232395393 -0.2809815950920245 -1.0886016998486436 -1.2032025259359493 -0.4329823731219686 -0.4668125455871627 -0.34713612695264073 -0.3277022735932935 -0.31617554066017456 -0.17491189139798985 -0.311289429994466 -0.19496931038632812 -0.33477195847427965 -0.4117715482144934 -0.4161683807701507 -0.26734015030183567 -0.3811163019424637 -0.18583187827388375 -0.35894283958205286 -0.14336917562724016 -0.3188405797101449 -0.18274760383386582 -0.3236093067202078 -0.20776767796009915 -0.38820638820638825 -0.1889802429745981 -0.4381599708702512 -0.17120719820044986 -0.43819245611851104 -0.10615989515072084 -0.3822458695043405 -0.08129064532266134 -0.2750845546786922 -0.2116102749801969 -0.10869565217391304 -0.10849056603773584 -0.28739073164890433 -0.13222936233316857 -0.3003226607098536 -0.05480817140009965 -0.20249835634451024
-0.13109531977456507 -0.33453075886843286 -0.18136476989344819 -0.3108748410955738 -0.0673201842447148 -0.32908704883227174 -0.09333169593515905 -0.34755134281200634 -0.05262482351431138 -0.35605851504278224 -0.1302643227519919 -0.3934987168520102 -0.23076008088497685 -0.33163265306122447 -0.16414141414141412 -0.33198081888601993 -0.17916390179163905 -0.26740731171683246 -0.08444385802876368 -0.19014573213046498 -0.17765848670756643 -0.3876445975879892 -0.538497874350496 -0.45899347623485554 -0.39237529397202625 -0.26243093922651933 -0.26210216635464023 -0.26454346988570693 -0.14729512587038027 -0.2515177797051171 -0.3284999358398563 -1.0150956852490194 -3.3507542463475475 -2.1692548453111833 -0.5381665223308177 -0.6063760572543917 -0.37412209616423564 -0.4731154454401686 -0.14076807434741015 -0.37989145958297627 -0.4406991260923846 -3.073036288470372 -3.5179831155313983 -1.3494473460463987 -0.7178794944164928 -0.5451384577176208 -0.43182983085597126 -0.45642617015774506 -0.22210400319191384 -0.4286339116489284 -0.24539877300613497 -0.7567819303760623 -0.8897158322056835 -0.40222406246303083 -0.460734257233163 -0.3595338457723779 -0.32008129048647277 -0.32376375363601867 -0.16577470304137845 -0.32235749861649143 -0.1841376820315321 -0.33943776974221385 -0.40362917296731415 -0.42932312843817266 -0.2661081680423802 -0.39218096877305136 -0.18832626590172113 -0.37738168408113093 -0.15104966717869944 -0.33540372670807456 -0.19169329073482427 -0.35195464745482463 -0.2313776413646559 -0.3820638820638821 -0.18652595410479814 -0.43573249180725815 -0.17120719820044986 -0.43570272625420137 -0.11009174311926606 -0.3850462055446654 -0.08504252126063032 -0.2874859075535513 -0.23197917845422658 -0.11111111111111112 -0.12028301886792452 -0.3005628068494791 -0.13840830449826988 -0.31769669893273766 -0.07473841554559044 -0.22090729783037477
-0.12864493996569468 -0.34014369106421194 -0.18816594876445247 -0.316653183866867 -0.07204440770048423 -0.3290870488322718 -0.08964755004298171 -0.345120913841293 -0.051341291233474515 -0.35191829975158706 -0.12899962058935122 -0.4008309910790663 -0.2438444153681456 -0.3559280855199222 -0.178030303030303 -0.34796508053608755 -0.18181818181818182 -0.28678465314558843 -0.07916611690196595 -0.2081887578070784 -0.18916155419222905 -0.41471818853064246 -0.6341521020311762 -0.59762348555452 -0.4319841564550068 -0.3164239075841286 -0.2674511901577962 -0.29793245152176706 -0.14997321906802355 -0.28765539173171434 -0.35159758757859616 -1.0055865921787708 -3.718968998693432 -2.8072709762850607 -0.6866262526289744 -0.6571242680546521 -0.42409508373851973 -0.5100158144438587 -0.1858685253519202 -0.421308197657812 -0.39575530586766544 -2.691777675700505 -3.2450560888169306 -1.3494473460463987 -0.7522395385936924 -0.5650068297528872 -0.4433623782675551 -0.46289113007499355 -0.21678414682803565 -0.422802157748943 -0.22085889570552147 -0.5262545115845849 -0.6630581867388362 -0.3832958712883 -0.43763676148796493 -0.36697247706422015 -0.3022989965705576 -0.3326166687745036 -0.13705782534917113 -0.33204205866076375 -0.1781201107233121 -0.3347719584742797 -0.39548679772013495 -0.44008610380291796 -0.2611802390045584 -0.39709859847553475 -0.17585432776253432 -0.379840196681008 -0.1395289298515105 -0.34092477570738444 -0.1891373801916933 -0.3637652060942483 -0.2573486011096683 -0.36486486486486486 -0.17916308749539822 -0.42723631508678245 -0.163709072731817 -0.42698867172911736 -0.09567496723460026 -0.3850462055446654 -0.08004002001000501 -0.27846674182638104 -0.23197917845422653 -0.12681159420289856 -0.11084905660377357 -0.3077475751407017 -0.1334651507661888 -0.3263837180441797 -0.07100149476831091 -0.22485207100591714
-0.11271747120803724 -0.34126627750336774 -0.1858988891407844 -0.3212758580839016 -0.0661391283807724 -0.3361641896673744 -0.0798231609971755 -0.352412200753433 -0.04235656526761648 -0.3450179409329285 -0.12520551410142913 -0.38861053403397283 -0.2676341144284525 -0.3680758017492711 -0.1856060606060606 -0.34550596335915407 -0.1751824817518248 -0.2803255393360031 -0.07652724633856708 -0.19708535739070093 -0.19683026584867078 -0.4257937484617278 -0.7392536608408125 -0.7746971109040075 -0.49511078103725714 -0.33274736313410347 -0.27814923776410805 -0.3030692179273147 -0.15399035886448847 -0.2847643827695866 -0.35288079045297066 -0.9687388565315583 -3.8852595320109273 -3.551221861081016 -0.8598292713101572 -0.6948601171112558 -0.45921123716909784 -0.5271481286241434 -0.2104687713543802 -0.4227363610397029 -0.33583021223470666 -2.2140560404225997 -2.843760841910489 -1.3154378719786226 -0.7767824272916921 -0.5699739227617038 -0.4407995899538698 -0.44996121024049646 -0.2061444341002793 -0.3936433882490159 -0.19877300613496932 -0.4331121201536849 -0.517591339648173 -0.3596356323198865 -0.41210795040116704 -0.38308951152987847 -0.2895973580591896 -0.3528519033767548 -0.12400469912544054 -0.3431101272827891 -0.1745095679383801 -0.3312726000233291 -0.3896708154007212 -0.44726142071274816 -0.2624122212640138 -0.40201622817801824 -0.1683711648790222 -0.3909035033804548 -0.12672811059907835 -0.34092477570738444 -0.17507987220447285 -0.38148104405338373 -0.2620705937905796 -0.3722358722358723 -0.16198306540679838 -0.4284500546182789 -0.13871532116970756 -0.4257438067969625 -0.06946264744429881 -0.37804536544385325 -0.06253126563281641 -0.2818489289740699 -0.23084757270566936 -0.1388888888888889 -0.09316037735849057 -0.3125374206681834 -0.12234305486900646 -0.32141970712335566 -0.0622820129546587 -0.21301775147928997
-0.10169076206812055 -0.33453075886843286 -0.17796418045794601 -0.3247428637466775 -0.059052793197118224 -0.3408822835574429 -0.06140243153628885 -0.3645643456069997 -0.021820048774226674 -0.34501794093292854 -0.1302643227519919 -0.38861053403397283 -0.29856072320685145 -0.40087463556851305 -0.21085858585858586 -0.3528833148899545 -0.17916390179163902 -0.28161736209792015 -0.07652724633856708 -0.19014573213046498 -0.2006646216768916 -0.44425301501353676 -0.812470477090222 -1.0577819198508853 -0.5829929446713702 -0.3817177297840281 -0.28483551751805297 -0.3287530499550533 -0.16336368505623994 -0.3180109858340561 -0.35673039907609394 -0.9176274812789732 -3.909015322484855 -4.290357529794149 -1.0812817023382408 -0.7456083279115161 -0.491626148028093 -0.5416447021613073 -0.22413557468908024 -0.43130534133104825 -0.2971285892634208 -1.6731740927882406 -2.3649820747079913 -1.2741406534677517 -0.8000981715547919 -0.5749410157705204 -0.4305484366991286 -0.43315231445565033 -0.18353504455379704 -0.3761481265490596 -0.18773006134969325 -0.41797648154616374 -0.45782589084348213 -0.3407074411451556 -0.40359834670556777 -0.38804859905777334 -0.2934078496126 -0.3642342228405211 -0.12661532437018666 -0.3472606530160487 -0.1817306535082441 -0.32777324157237836 -0.3710596719785972 -0.44008610380291796 -0.25871627448564744 -0.40201622817801824 -0.16712397106510354 -0.40196681007990165 -0.12416794674859193 -0.34368530020703936 -0.1623003194888179 -0.3909294909649227 -0.2715145791524023 -0.38452088452088456 -0.1497116210577985 -0.4393737104017478 -0.1174706323419145 -0.43819245611851115 -0.05111402359108781 -0.38364603752450294 -0.05377688844422211 -0.28410372040586246 -0.24442684168835577 -0.15217391304347827 -0.08608490566037738 -0.3161298048137947 -0.11369253583786458 -0.3201787043931497 -0.058545092177379174 -0.2182774490466798
-0.10414114187699093 -0.3266726537943422 -0.20063477669462704 -0.33514388073500523 -0.060233849061060586 -0.3491389478650625 -0.06140243153628885 -0.366994774577713 -0.015402387370042356 -0.3574385868065139 -0.12773491842671053 -0.39472076255651956 -0.29975020815986675 -0.4446064139941691 -0.22348484848484848 -0.3787040452477561 -0.18579960185799602 -0.3009947035266761 -0.08444385802876368 -0.20957668285912562 -0.21728016359918204 -0.44794486832389857 -0.8644307982994803 -1.3944547996272134 -0.7698972645129348 -0.41436464088397795 -0.3276277079433004 -0.3223320919481186 -0.19282271023031602 -0.31945649031511997 -0.3554471962017195 -0.8593842862237013 -3.900700795818981 -4.92476224870591 -1.4004701224792775 -0.8015614834092389 -0.5388978930307942 -0.5482340537691092 -0.2596692633593003 -0.4398743216223936 -0.24719101123595505 -1.1311437758383094 -1.8283797848964958 -1.217053321996842 -0.8086881825990918 -0.5848752017881536 -0.41773449513070215 -0.4189294026377037 -0.16225561909828437 -0.36156874179909604 -0.1950920245398773 -0.39934800325998365 -0.41835814163283713 -0.32177924997042473 -0.4023826890347678 -0.3892883709397471 -0.31246030737965197 -0.36802832932844315 -0.13966845059391722 -0.3431101272827891 -0.1757130822000241 -0.3242738831214277 -0.39199720832848667 -0.44247787610619466 -0.2525563631883701 -0.40078682075239735 -0.16338238962334747 -0.3995082974800246 -0.11520737327188942 -0.34506556245686676 -0.1520766773162939 -0.379118932325499 -0.2774170700035415 -0.38943488943488946 -0.1288501656644987 -0.43694623133875465 -0.10747313171707074 -0.44939624050790483 -0.043250327653997375 -0.3962475497059647 -0.04502251125562782 -0.28184892897406993 -0.23876881294556976 -0.16787439613526572 -0.07547169811320754 -0.3137348820500539 -0.11616411270390507 -0.3263837180441797 -0.06103637269556552 -0.22222222222222224
-0.10536633178142611 -0.3233048944768747 -0.20290183631829514 -0.36056858892869526 -0.0661391283807724 -0.36683179995281906 -0.07245486921282085 -0.39615992222627294 -0.02182004877422667 -0.3781396632624896 -0.1454407487036803 -0.3947207625565196 -0.3116450576900202 -0.4725461613216715 -0.26515151515151514 -0.39714742407475717 -0.205706702057067 -0.3268311587650174 -0.10819369309935348 -0.2248438584316447 -0.2275051124744376 -0.44302239724341624 -0.8786017949929146 -1.7730661696178938 -1.0719148409456616 -0.46082370668006034 -0.35437282695907996 -0.3428791575703095 -0.21023031601499728 -0.33824804856895063 -0.34389837033234955 -0.7916319980981814 -3.8246822663024105 -5.303960515228121 -1.779042434739577 -0.8783344176968122 -0.5902215018908699 -0.5719557195571956 -0.2747027470274703 -0.4570122822050842 -0.21473158551810237 -0.6040422599908132 -1.276743379206661 -1.1429612534920444 -0.8234139158178918 -0.6072271203278282 -0.42798564838544334 -0.4279803465218516 -0.15959569091634526 -0.36156874179909604 -0.19386503067484667 -0.38188380486668994 -0.3901668921966621 -0.30640009464095586 -0.39387308533916854 -0.3793701958839574 -0.31500063508192555 -0.3705577336537246 -0.14488970108340946 -0.3403431101272828 -0.1769165964616681 -0.3266067887553948 -0.3850180295451902 -0.4436737622578331 -0.2525563631883701 -0.40816326530612246 -0.16462958343726614 -0.40934234787953283 -0.1075268817204301 -0.35196687370600416 -0.15718849840255594 -0.3673083736860754 -0.2845000590249085 -0.40909090909090906 -0.1374401767087986 -0.4430149289962374 -0.12496875781054737 -0.46806921449022776 -0.06422018348623852 -0.4046485578269392 -0.0662831415707854 -0.27733934611048483 -0.26026932216815657 -0.17512077294685993 -0.09080188679245284 -0.3077475751407017 -0.12481463173504695 -0.33879374534623974 -0.07224713502740408 -0.23274161735700197
-0.1090419014947317 -0.2997305792546026 -0.19610065744729085 -0.36634693169998844 -0.07676863115625368 -0.36801132342533616 -0.0847353555200786 -0.39980556568234293 -0.03337183930175844 -0.3822798785536848 -0.14923485519160237 -0.39716485396553836 -0.3199714523611276 -0.4859086491739554 -0.31565656565656564 -0.43280462314029267 -0.23623092236230922 -0.3500839684795246 -0.1345823987333421 -0.2387231089521166 -0.22111451942740284 -0.44056116170317505 -0.8372697213037318 -1.8313140726933832 -1.5843544993192227 -0.6215469613259668 -0.3677453864669698 -0.3852574804160781 -0.20755222281735403 -0.3599306157849089 -0.3182343128448608 -0.6204683228337098 -3.4018291958664917 -5.222101841820151 -2.1217369788444884 -1.014964216005205 -0.6239870340356565 -0.5890880337374803 -0.2829028290282903 -0.4627249357326478 -0.2009987515605493 -0.4260450160771704 -0.8210940210477622 -1.0275719664763758 -0.8062338937292919 -0.6419967713895443 -0.4433623782675551 -0.4486682182570469 -0.16491554728022342 -0.37323224959906687 -0.18895705521472395 -0.3807195249738037 -0.37889039242219213 -0.2933869632083284 -0.39508874300996843 -0.38060996776593103 -0.32262161818874635 -0.3794106487922094 -0.15402688944002088 -0.33895960154952964 -0.1841376820315321 -0.3277732415723783 -0.3873444224729557 -0.43410667304472617 -0.26857213256129114 -0.4093926727317433 -0.18832626590172113 -0.41425937307928706 -0.12928827444956476 -0.3547273982056591 -0.15335463258785942 -0.3460493681351129 -0.2845000590249085 -0.41400491400491407 -0.13621303227389864 -0.4345187522757616 -0.12371907023244191 -0.46433461969376316 -0.0655307994757536 -0.41164939792775135 -0.06253126563281641 -0.2694475760992109 -0.26592735091094266 -0.17753623188405798 -0.10966981132075473 -0.3173272661956652 -0.1260504201680672 -0.3549267808389179 -0.07847533632286996 -0.24457593688362916
-0.10291595197255576 -0.2840143691064212 -0.18136476989344819 -0.36056858892869526 -0.10157080429904335 -0.35031847133757965 -0.08105120962790127 -0.4119577105359096 -0.030804774740084712 -0.3864200938448799 -0.1391172378904768 -0.3983868996700477 -0.31640299750208156 -0.4871234207968902 -0.36237373737373735 -0.4721504979712283 -0.24684804246848038 -0.36429401886061236 -0.1306240928882438 -0.2498265093684941 -0.21344580777096117 -0.44917548609401925 -0.7900330656589514 -1.8173345759552657 -2.159920782275034 -0.9467604218985434 -0.3971650173843274 -0.4443302940798768 -0.20085698982324587 -0.39751373229257014 -0.283587835236751 -0.4992273861880423 -2.9659104406699135 -5.054773082942097 -2.35061239638748 -1.2010409889394924 -0.6658562938951919 -0.610173958882446 -0.28016946836135026 -0.45272779205941155 -0.1872659176029963 -0.3984841525034451 -0.5793916965421533 -0.8891048220575734 -0.7608295496379924 -0.6655904631814231 -0.4407995899538698 -0.4577191621411947 -0.13964622955180211 -0.377606065024056 -0.18404907975460122 -0.3865409244382349 -0.35633739287325217 -0.28392286762096297 -0.39265742766836864 -0.37565088023803617 -0.31627079893306237 -0.3882635639306943 -0.14619501370578253 -0.3375760929717765 -0.18052713924660008 -0.33710486410824675 -0.3722228684424799 -0.45084907916766326 -0.2771960083774794 -0.4167691172854684 -0.19082065352955851 -0.43638598647818067 -0.13440860215053765 -0.3740510697032436 -0.14440894568690094 -0.34604936813511283 -0.2608900956203518 -0.4201474201474201 -0.1497116210577985 -0.415098919771817 -0.11122219445138717 -0.47055894435453743 -0.05635648754914809 -0.42005040604872584 -0.06253126563281641 -0.27621195039458846 -0.23990041869412698 -0.1811594202898551 -0.1332547169811321 -0.3245120344868878 -0.11863568956994561 -0.3660958054107719 -0.07349277528649727 -0.24720578566732415
-0.11026709139916688 -0.27278850471486304 -0.15642711403309903 -0.36403559459147117 -0.1866068265028936 -0.32554847841472045 -0.0957877931966106 -0.41317292502126624 -0.04235656526761648 -0.3739994479712944 -0.1416466422157582 -0.40571917389710377 -0.2949922683478054 -0.5065597667638484 -0.42929292929292934 -0.5188737243329644 -0.2680822826808228 -0.3810877147655342 -0.1424990104235387 -0.2609299097848716 -0.21855828220858897 -0.45655919271474277 -0.7061880018894662 -1.7695712954333644 -2.5807649461567026 -1.6461577096936213 -0.47205135062851034 -0.4879928085270323 -0.21558650241028393 -0.4177507950274646 -0.2643397921211344 -0.43147509806252227 -2.268677990260126 -4.744191645600096 -2.4161821106024997 -1.4703968770331814 -0.7509454349000542 -0.6180811808118081 -0.29246959136258033 -0.43130534133104825 -0.18726591760299627 -0.39963252181901704 -0.34462819474962425 -0.7822179035588486 -0.7473309608540926 -0.6966347944865267 -0.4664274730907228 -0.4758210499094906 -0.15427583455246707 -0.38343781892404144 -0.1766871165644172 -0.3900337641168937 -0.3292737934145241 -0.2898379273630664 -0.4157549234135668 -0.3855690552938259 -0.30483932427283117 -0.4110282028582269 -0.1383631379715442 -0.3680132816823464 -0.17450956793838007 -0.3324390528403126 -0.3605909038036524 -0.4412819899545563 -0.30060367130713317 -0.4143103024342267 -0.1920678473434772 -0.44744929317762755 -0.1369687660010241 -0.3795721187025535 -0.15718849840255592 -0.3413251446793434 -0.2313776413646559 -0.4385749385749385 -0.22456743158669776 -0.4029615244568515 -0.12621844538865284 -0.465579484625918 -0.07077326343381389 -0.4186502380285634 -0.06378189094547274 -0.2852311161217587 -0.2116102749801969 -0.1992753623188406 -0.16745283018867924 -0.3400790324512034 -0.11492832427088481 -0.37974683544303794 -0.06851021425012457 -0.2577251808021039
-0.10046557216368537 -0.26156264032330484 -0.14735887553842666 -0.3559459147116607 -0.20786583205385614 -0.3007784854918613 -0.10315608498096526 -0.40952728156519624 -0.05262482351431138 -0.36571901738890417 -0.1365878335651954 -0.40571917389710377 -0.27477102414654453 -0.5029154518950436 -0.43686868686868685 -0.5471535718676994 -0.2999336429993364 -0.3914222968608707 -0.15833223380393188 -0.2595419847328244 -0.21983640081799596 -0.4516367216342604 -0.6518658478979689 -1.702003727865797 -2.7651937120930805 -2.3380210949271722 -0.6138004814121423 -0.5162450237575447 -0.25977504017139796 -0.4249783174327841 -0.23867573463364558 -0.381552359443718 -1.493051431286376 -4.222944504634645 -2.3629840405789926 -1.7150292778139231 -0.8495407887628309 -0.614127569847127 -0.3020363536968703 -0.40131391031133967 -0.1797752808988764 -0.4007808911345889 -0.30299525847114606 -0.6874772257986154 -0.6884280279788932 -0.7214702595306097 -0.4882111737570477 -0.48875096974398763 -0.17156536773507117 -0.39072751129902317 -0.16932515337423315 -0.3795552450809174 -0.3033378439332431 -0.2780078078788596 -0.3987357160223681 -0.38184973964790475 -0.2832465388035056 -0.402175287719742 -0.12269938650306747 -0.372163807415606 -0.16969551089180407 -0.3114429021346087 -0.36408049319530067 -0.4197560392250657 -0.305531600344955 -0.3958691910499139 -0.1920678473434772 -0.43638598647818067 -0.1382488479262673 -0.3602484472049689 -0.13929712460063898 -0.3342388094956892 -0.20186518710895998 -0.4312039312039312 -0.22456743158669776 -0.3920378686733827 -0.11997000749812547 -0.4680692144902278 -0.07601572739187419 -0.4144497339680762 -0.06753376688344173 -0.2807215332581736 -0.2014258232431821 -0.20048309178743962 -0.18278301886792453 -0.3376841096874626 -0.1272862086010875 -0.3660958054107719 -0.07972097658196314 -0.24326101249178178
-0.09066405292820387 -0.25482712168836996 -0.13375651779641806 -0.3501675719403676 -0.21259005550962562 -0.30903514979948105 -0.10684023087314261 -0.4180337829626929 -0.05647542035682197 -0.3574385868065139 -0.11635259896294423 -0.39594280826102896 -0.23194956583799214 -0.4822643343051506 -0.4191919191919192 -0.5557604819869667 -0.31187790311877905 -0.38496318305128535 -0.1451378809869376 -0.25676613462873005 -0.20322085889570554 -0.4294856017720896 -0.5869154463863959 -1.5610438024231126 -2.7392003960886244 -3.1629834254143647 -0.8143888740304895 -0.5226659817644792 -0.2758435993572576 -0.4032957502168257 -0.22071089439240343 -0.35064780696541065 -0.8884665637249081 -3.562056097267365 -2.2602993937894342 -1.9986987638256342 -0.9954078876283091 -0.6338956246705324 -0.3075030750307503 -0.3870322764924307 -0.16729088639200998 -0.3847037207165825 -0.2729270267144675 -0.5963804202599297 -0.6221622284942938 -0.7102943002607723 -0.5099948744233727 -0.4939229376777864 -0.17422529591701022 -0.38926957282402685 -0.15337423312883436 -0.38188380486668994 -0.29882724402345506 -0.26499467644623215 -0.3853634816435692 -0.368212248946194 -0.274355391845548 -0.3983811812318199 -0.11486751076882913 -0.36109573879358053 -0.16127091106029606 -0.29394610987985537 -0.3477957427009422 -0.4030136331021287 -0.29321177775040036 -0.3811163019424637 -0.19456223497131456 -0.4154886293792256 -0.13440860215053763 -0.33402346445824704 -0.12268370607028753 -0.327152474312035 -0.17825522370440325 -0.4312039312039312 -0.2208859982819978 -0.39082412914188613 -0.10747313171707074 -0.4767832690153118 -0.06815203145478374 -0.417250070008401 -0.04502251125562782 -0.2818489289740699 -0.16521443928935162 -0.19444444444444448 -0.1580188679245283 -0.33528918692372167 -0.10874938210578351 -0.3598907917597419 -0.058545092177379174 -0.23931623931623935
-0.10169076206812055 -0.25033677593174675 -0.11448651099523918 -0.35825725182017804 -0.21731427896539507 -0.3491389478650625 -0.11912071718040033 -0.43990764369911284 -0.06674367860351688 -0.3670990891526359 -0.11635259896294423 -0.38127825980691676 -0.21410729154276198 -0.47133138969873667 -0.4255050505050505 -0.5705151850485676 -0.34903782349037826 -0.3797958920036172 -0.15701279852223246 -0.24288688410825818 -0.19427402862985685 -0.40241201082943634 -0.4971658006613133 -1.4270736253494873 -2.6587448941700704 -3.887493721747865 -1.1794597485958813 -0.5406446641838962 -0.32003213711837175 -0.38305868748193117 -0.19761324265366356 -0.3221205277546654 -0.4905570732866136 -2.9107981220657284 -2.110602499072127 -2.2290175666883534 -1.2034035656401945 -0.6747496046389035 -0.3020363536968703 -0.3798914595829763 -0.16479400749063672 -0.38240698208543866 -0.2787093789753673 -0.5477954573059638 -0.5816664621425942 -0.6780081957034647 -0.5561250640697079 -0.4990949056115852 -0.19949461364543158 -0.3717743111240705 -0.14969325153374233 -0.37373384561648615 -0.28980604420387907 -0.25671359280728734 -0.3890104546559689 -0.3570543020084305 -0.2984885050171472 -0.3920576704186164 -0.13966845059391722 -0.3431101272827891 -0.16006739679865206 -0.2834480345270034 -0.3384901709898802 -0.39464243004066013 -0.29444376000985584 -0.3872633390705679 -0.20578697929658268 -0.41425937307928706 -0.1408090117767537 -0.32574189095928224 -0.12523961661341854 -0.3259714184480926 -0.1735332310234919 -0.44471744471744473 -0.23193029819609765 -0.415098919771817 -0.09747563109222694 -0.4817627287439312 -0.08125819134993448 -0.40184822178661433 -0.032516258129064536 -0.2807215332581736 -0.14484553581532195 -0.18840579710144928 -0.1497641509433962 -0.33768410968746254 -0.11616411270390511 -0.3524447753785058 -0.05979073243647234 -0.23668639053254442
-0.09801519235481498 -0.2402334979793444 -0.10315121287689866 -0.34438922916907433 -0.20668477618991377 -0.3821656050955414 -0.10806827950386835 -0.4423380726698262 -0.05262482351431138 -0.37261937620756275 -0.11382319463766281 -0.38372235121593545 -0.1891281075294397 -0.4555393586005831 -0.422979797979798 -0.6049428255256363 -0.3822163238221632 -0.3991732334323731 -0.15965166908563133 -0.25121443442054125 -0.1878834355828221 -0.39502830420871277 -0.39560699102503544 -1.2243709226467847 -2.551058299294467 -4.360873932697137 -1.696977801551217 -0.5997174778476948 -0.35350830208891265 -0.38739520092512286 -0.1757987937892981 -0.31498870795197903 -0.28031832759235065 -2.1283255086071997 -1.9064703699121612 -2.36174365647365 -1.509994597514857 -0.7393252503953611 -0.2829028290282903 -0.3898886032562125 -0.15106117353308363 -0.38355535140101055 -0.26136232219266803 -0.507712862868942 -0.5190820959626948 -0.6320625853719111 -0.5753459764223475 -0.5184897853633308 -0.19151482909961431 -0.3717743111240705 -0.1349693251533742 -0.3504482477587612 -0.2796571944068561 -0.2330533538388737 -0.37806953561876977 -0.34217703942474587 -0.2959481773148736 -0.3794106487922094 -0.13314188748205194 -0.32650802434975096 -0.14201468287399205 -0.2776157704420856 -0.31522624171222524 -0.3814876823726382 -0.26734015030183567 -0.3860339316449471 -0.18957345971563982 -0.41180086047941 -0.12416794674859191 -0.32574189095928224 -0.12012779552715655 -0.3129798039447266 -0.1605477511509857 -0.4152334152334153 -0.22579457602159772 -0.4284500546182789 -0.08497875531117222 -0.47055894435453743 -0.0891218872870249 -0.3962475497059647 -0.033766883441720866 -0.2705749718151071 -0.14258232431820753 -0.16908212560386476 -0.15448113207547168 -0.32810441863249906 -0.11245674740484428 -0.3437577562670638 -0.05854509217737917 -0.23142669296515458
-0.09311443273707423 -0.23686573866187696 -0.10428474268873271 -0.33861088639778114 -0.19841738514231724 -0.39749941023826374 -0.09947193908878793 -0.428970713330903 -0.03978950070594275 -0.35881865857024564 -0.10749968382445933 -0.38127825980691676 -0.15701201379802548 -0.4251700680272109 -0.40782828282828276 -0.6233862043526374 -0.40345056403450563 -0.40304870171812424 -0.15305449267713417 -0.24982650936849407 -0.17893660531697342 -0.3704159488063008 -0.3153046764289088 -0.9424510717614165 -2.4087139497462555 -4.490205926670015 -2.1971115271462955 -0.6382432258893027 -0.36823781467595074 -0.359930615784909 -0.15526754779930707 -0.2983477950790443 -0.20192421902838814 -1.3578909353557238 -1.6553259928244466 -2.3929733246584255 -1.8179362506753105 -0.8210332103321033 -0.2747027470274703 -0.3927449300199943 -0.14232209737827714 -0.3801102434542949 -0.26136232219266803 -0.47127414065346773 -0.4822677629156952 -0.5910840680491743 -0.6176319835981549 -0.543056633048875 -0.21944407500997473 -0.3703163726490742 -0.13006134969325156 -0.3201769705437187 -0.2514659449706811 -0.21767419850940492 -0.36226598589837106 -0.31986114554921896 -0.2781658833989585 -0.3515872012141141 -0.13053126223730585 -0.29468732706142775 -0.12757251173426407 -0.25661961973638164 -0.30824706292892873 -0.3599617316431476 -0.2587162744856474 -0.370051635111876 -0.18333749064604637 -0.3884449907805777 -0.12032770097286224 -0.3105590062111801 -0.131629392971246 -0.317704027400496 -0.16172824932121355 -0.4115479115479116 -0.23683887593569763 -0.45636606384269934 -0.08372906773306674 -0.47055894435453743 -0.10615989515072084 -0.3948473816858023 -0.03501750875437719 -0.2593010146561443 -0.12447663234129229 -0.15096618357487923 -0.1497641509433962 -0.31612980481379477 -0.10504201680672269 -0.3301067262347977 -0.057299451918286004 -0.22090729783037472
-0.09433962264150943 -0.23125280646609792 -0.08501473588755384 -0.3131861782040911 -0.20432266446202912 -0.39042226940316105 -0.11912071718040036 -0.4228946409041196 -0.05519188807598511 -0.33811758211426995 -0.10370557733653722 -0.3739459855798607 -0.145117164267872 -0.37414965986394555 -0.39520202020202017 -0.6270748801180377 -0.4207033842070338 -0.4107996382896267 -0.16097110436733078 -0.2484385843164469 -0.16998977505112473 -0.36795471326605955 -0.25625885687293337 -0.613932898415657 -2.1846763213268967 -4.4826720241084885 -2.7774806097887135 -0.7717991524335431 -0.3695768612747723 -0.37872217403873953 -0.13730270755806492 -0.2971591584452632 -0.16153937522271053 -0.6909835078849164 -1.316342941976989 -2.335718932986336 -2.331172339276067 -1.0015814443858724 -0.2911029110291103 -0.3927449300199943 -0.14481897627965043 -0.37896187413872295 -0.26136232219266803 -0.44455241102878656 -0.44545342986869557 -0.5575561902396623 -0.6586365966171195 -0.5947763123868632 -0.2513632131932438 -0.3790640034990523 -0.1141104294478528 -0.30154849225753877 -0.23342354533152912 -0.2082101029220395 -0.3440311208363725 -0.31862137366724524 -0.26038358948304335 -0.36802832932844315 -0.13314188748205197 -0.30990592141671275 -0.12636899747262006 -0.25312026128543097 -0.2966150982901012 -0.3468069839751256 -0.2636442035234693 -0.37005163511187605 -0.19206784734347718 -0.38598647818070064 -0.13568868407578086 -0.2967563837129054 -0.12907348242811503 -0.3141608598086689 -0.15464526029984654 -0.3882063882063882 -0.2503374647195975 -0.4539385847797063 -0.10747313171707074 -0.4556205651686792 -0.10878112712975099 -0.3766451974236909 -0.03626813406703351 -0.2514092446448703 -0.11995020934706349 -0.13285024154589375 -0.142688679245283 -0.31493234343192433 -0.09639149777558081 -0.33755274261603374 -0.04982561036372697 -0.2261669953977646
-0.0967900024503798 -0.21890435563538393 -0.07481296758104737 -0.2842944643476251 -0.2114089996456833 -0.377447511205473 -0.15719022473289943 -0.414388139506623 -0.06417661404184315 -0.32431686447695285 -0.08979385354748956 -0.35561530001222047 -0.1391697395027953 -0.33041788143828954 -0.37121212121212116 -0.6074019427025699 -0.45122760451227606 -0.3927141196227878 -0.16888771605752737 -0.2234559333795975 -0.15081799591002049 -0.354417917794733 -0.21846953235710914 -0.2236719478098788 -1.8393365515534097 -4.436212958312405 -3.2187750735490774 -0.9194811865930397 -0.3789501874665238 -0.3758311650766117 -0.13088669318619275 -0.2828955188398906 -0.15560042760422854 -0.25159504032743474 -0.9192131634294199 -2.2251138581652565 -2.84170718530524 -1.3587243015287296 -0.34713680470138036 -0.3913167666381034 -0.1410736579275905 -0.36518144235186034 -0.26483173354920786 -0.4336207943641443 -0.40250337464719604 -0.5227865391779462 -0.6432598667350077 -0.6503749676752004 -0.27796249501263465 -0.37614812654905955 -0.09447852760736196 -0.2864128536500175 -0.21876409562471805 -0.1975629953862534 -0.3257962557743739 -0.31986114554921896 -0.2413311317159914 -0.37941064879220937 -0.12269938650306748 -0.31405644714997233 -0.11794439764111206 -0.23562346903067768 -0.29196231243457016 -0.32647691939727336 -0.25748429222619196 -0.35529874600442585 -0.19331504115739584 -0.37861094038106946 -0.15360983102918588 -0.27881297446514836 -0.11884984025559106 -0.29880713357741817 -0.1499232676189352 -0.3464373464373464 -0.2503374647195975 -0.4345187522757617 -0.12246938265433642 -0.420764347068343 -0.10353866317169072 -0.3528423410809297 -0.022511255627813906 -0.24126268320180383 -0.10410772886726265 -0.1135265700483092 -0.1273584905660377 -0.3101424979044426 -0.09268413247652002 -0.32017870439314966 -0.044843049327354265 -0.21301775147928997
-0.08821367311933351 -0.2166591827570723 -0.07027884833371117 -0.2669594360337455 -0.20904688791779855 -0.3680113234253361 -0.15719022473289943 -0.4642119334062462 -0.06546014632268002 -0.3215567209494894 -0.08347034273428607 -0.3323964316265428 -0.12013798025454976 -0.30004859086491736 -0.3257575757575757 -0.5643673921062338 -0.4525547445255474 -0.4288851569564656 -0.1570127985222325 -0.2081887578070784 -0.14826175869120656 -0.31626876692099437 -0.2102031176192726 -0.13397017707362535 -1.2984280232702063 -4.266700150678051 -3.246857448515646 -0.966996275844356 -0.39234065345474023 -0.3555941023417172 -0.13730270755806492 -0.2710091525020801 -0.16866611236488896 -0.23353798001685327 -0.5369293579116665 -2.035133376707872 -2.8876283090221504 -2.2733263046916186 -0.4701380347136805 -0.3956012567837761 -0.13982521847690388 -0.3571428571428571 -0.2578929108361282 -0.4202599295518037 -0.3779604859491962 -0.4755991555941885 -0.6381342901076371 -0.7926040858546678 -0.3364809150152946 -0.38052194197404865 -0.08588957055214724 -0.27360577482826876 -0.22214704555705905 -0.18928191174730863 -0.3185023097495745 -0.3149020580213241 -0.23879080401371774 -0.3718224358163652 -0.13836313797154418 -0.30713890426120644 -0.10951979780960405 -0.2297912049457599 -0.29196231243457016 -0.3145180578808897 -0.2574842922261919 -0.34915170887632163 -0.2020453978548266 -0.3761524277811924 -0.15360983102918585 -0.27467218771566604 -0.11757188498402557 -0.2964450218495335 -0.15582575847007438 -0.3366093366093366 -0.25770033132899745 -0.4320912732127685 -0.12496875781054737 -0.41702975227187855 -0.10484927916120576 -0.3430411649397928 -0.020010005002501254 -0.22773393461104846 -0.10297612311870545 -0.1038647342995169 -0.11202830188679244 -0.29098311579451563 -0.09268413247652003 -0.3003226607098536 -0.04359740906826109 -0.19197896120973046
-0.09311443273707426 -0.2110462505612932 -0.07367943776921333 -0.2658037674794869 -0.18070154718318182 -0.38452465204057557 -0.17069875967088297 -0.5274030866447929 -0.07316134000770119 -0.32431686447695285 -0.09105855571013025 -0.3140657460589026 -0.12608540501962648 -0.2818270165208941 -0.28409090909090906 -0.5262510758637649 -0.46715328467153283 -0.5012272316238212 -0.17944319831112282 -0.20680083275503125 -0.15209611451942737 -0.29165641151858235 -0.22319319792158715 -0.10950605778191984 -0.7092461938358707 -3.94776494224008 -3.2455201925648574 -0.9849749582637729 -0.4097482592394215 -0.3382480485689506 -0.146285127678686 -0.24485914655889696 -0.18054400760185296 -0.21668472372697725 -0.2486700482494124 -1.7826935588809363 -2.830902215018909 -2.992883500263574 -0.6232062320623206 -0.3998857469294488 -0.1435705368289638 -0.3318787322002756 -0.2578929108361282 -0.39718207214866996 -0.3644618971652963 -0.4122687197317769 -0.6509482316760635 -1.0085337470907683 -0.45750764729352306 -0.39072751129902317 -0.06993865030674848 -0.25847013622074744 -0.20861524582769508 -0.16680468472731572 -0.29540481400437635 -0.306223654847508 -0.23879080401371774 -0.33388137093714426 -0.15011095157290172 -0.31128942999446596 -0.10109519797809605 -0.20762860142307243 -0.2907991159706874 -0.2965797656063142 -0.23654059381544906 -0.33562822719449226 -0.2020453978548266 -0.3466502765826675 -0.15360983102918585 -0.2622498274672188 -0.12268370607028756 -0.2869965749379946 -0.15700625664030224 -0.3452088452088452 -0.23561173150079764 -0.4612210219686855 -0.13621594601349662 -0.4232540769326527 -0.11533420707732636 -0.3458415009801176 -0.017508754377188594 -0.21533258173618935 -0.11316057485572026 -0.09057971014492754 -0.08726415094339622 -0.28140342473955215 -0.10504201680672269 -0.2953586497890296 -0.05107125062282013 -0.1946088099934254
-0.08821367311933352 -0.20543331836551415 -0.08501473588755384 -0.26464809892522834 -0.09802763670721623 -0.40103798065581503 -0.16701461377870563 -0.5905942398833395 -0.07572840456937492 -0.3270770080044162 -0.08852915138484885 -0.2920689233777344 -0.1474961341739027 -0.26603498542274057 -0.21969696969696967 -0.4844460838558957 -0.4552090245520903 -0.5735693062911769 -0.18604037471961998 -0.20541290770298404 -0.14570552147239263 -0.2670440561161703 -0.2243741143127067 -0.09436160298229264 -0.26735982176011885 -3.240833751883476 -3.1880181866809307 -1.0080904070887375 -0.41376539903588655 -0.32379300375831166 -0.15013473630180932 -0.2294068703197433 -0.19598527140990615 -0.20825809558203928 -0.13237659284918965 -1.4495770982433314 -2.7228525121555918 -3.7229836584080127 -0.7626076260762608 -0.4155955441302486 -0.12983770287141078 -0.3135048231511254 -0.261362322192668 -0.37167496659783794 -0.32028469750889677 -0.3539053768781821 -0.6253203485392105 -1.2231704163434187 -0.5998138050272642 -0.402391019098994 -0.06257668711656443 -0.24449877750611243 -0.20523229589535408 -0.14314444575890212 -0.2516411378555799 -0.28514753285395483 -0.24260129556712817 -0.2946756038952826 -0.17882782926510898 -0.3029883785279469 -0.10109519797809605 -0.20179633733815466 -0.2977782947539839 -0.298971537909591 -0.21313293088579527 -0.33685763462011314 -0.20578697929658266 -0.33927473878303627 -0.16129032258064516 -0.26915113871635615 -0.11373801916932909 -0.2775481280264557 -0.17353323102349194 -0.3476658476658477 -0.16566449871149835 -0.47214467775215435 -0.12871782054486378 -0.42449894186480763 -0.10615989515072086 -0.34024082889946794 -0.01375687843921961 -0.19842164599774517 -0.12900305533552112 -0.0785024154589372 -0.05306603773584906 -0.2610465812477547 -0.10257043994068216 -0.2854306279473815 -0.05979073243647235 -0.18934911242603553
-0.09556481254594464 -0.19083969465648853 -0.07821355701654953 -0.2426903963943141 -0.08031179874808078 -0.40103798065581503 -0.16824266240943142 -0.6513549641511728 -0.07444487228853805 -0.3339773668230748 -0.09232325787277096 -0.2725161921055848 -0.1474961341739027 -0.24538386783284744 -0.2133838383838384 -0.4401819746710931 -0.4353019243530193 -0.6407440899108642 -0.18735981000131946 -0.19847328244274812 -0.13548057259713703 -0.2338173763229141 -0.21610769957487008 -0.07805219012115563 -0.05569996286669142 -2.5364138623807135 -3.0663278951591337 -1.0119429818928984 -0.38028923406534554 -0.31222896790980054 -0.15141793917618374 -0.2103886841792464 -0.18885853426772775 -0.1889972312507524 -0.09897315353210442 -1.1112556929082629 -2.572933549432739 -4.143384290985766 -0.8473418067514009 -0.4284490145672665 -0.12484394506866417 -0.29627928341754706 -0.25211055857522846 -0.34252398882545854 -0.3190575530739968 -0.294300260772383 -0.6060994361865709 -1.5554693560899924 -0.8431972336746908 -0.41551246537396125 -0.058895705521472386 -0.22703457911281877 -0.21312584573748303 -0.1265822784810126 -0.24677850717238026 -0.2764691296801388 -0.25911342563190654 -0.26811685847982797 -0.2166818953139277 -0.3140564471499724 -0.09989168371645205 -0.1936311676192698 -0.2861463301151564 -0.2941879933030376 -0.21682887766416165 -0.33562822719449226 -0.2182589174357695 -0.33927473878303627 -0.17793138760880695 -0.28019323671497587 -0.11757188498402557 -0.2621944017952049 -0.17707472553417544 -0.33292383292383293 -0.15707448766719845 -0.4648622405631751 -0.13496625843539115 -0.4095605626789493 -0.09698558322411535 -0.34024082889946794 -0.018759379689844924 -0.181510710259301 -0.13692429557542152 -0.07367149758454108 -0.05306603773584906 -0.2454795832834391 -0.10504201680672269 -0.2730206006453214 -0.06477329347284504 -0.19329388560157792
-0.10046557216368539 -0.19196228109564434 -0.08388120607571978 -0.24384606494857275 -0.07440651942836897 -0.3986789337107808 -0.17192680830160872 -0.7218374043018593 -0.07829546913104865 -0.3339773668230748 -0.09105855571013026 -0.27007210069656606 -0.141548709408826 -0.25510204081632654 -0.2058080808080808 -0.426656830197959 -0.39946914399469147 -0.7182534556258882 -0.17944319831112288 -0.19569743233865372 -0.12397750511247443 -0.22028058085158747 -0.18658478979688237 -0.07688723205964586 -0.030944423814828575 -1.6762933199397287 -2.8590532227868417 -1.0286374727109284 -0.3441349758971613 -0.31656548135299223 -0.14756833055306043 -0.20325686437656007 -0.19717306093360257 -0.19381244733357414 -0.08660150934059137 -0.770331815224463 -2.385197190707726 -4.331839746968898 -0.897908979089791 -0.43416166809483003 -0.12359550561797752 -0.29513091410197523 -0.24401526540996882 -0.34495323697315683 -0.30924039759479693 -0.2793989817459332 -0.562532034853921 -1.9925006464959918 -1.1677084718712596 -0.4519609272488701 -0.0588957055214724 -0.21306322039818376 -0.18380694632386105 -0.12303324263575059 -0.2346219304643813 -0.27894867344408625 -0.2616537533341801 -0.23649930441381048 -0.26236783709698475 -0.3292750415052573 -0.10831628354796005 -0.19829697888720405 -0.2931255088984529 -0.2929921071513992 -0.23284464703708263 -0.34300467174821736 -0.22948366176103768 -0.33804548248309774 -0.20481310803891448 -0.2815734989648034 -0.11757188498402556 -0.2680996811149168 -0.18061622004485894 -0.3464373464373464 -0.15216590992759849 -0.48064085447263016 -0.14496375906023493 -0.4157848873397237 -0.09698558322411535 -0.34584150098011757 -0.018759379689844924 -0.1657271702367531 -0.14031911282109313 -0.061594202898550734 -0.06250000000000001 -0.23230750808286432 -0.10257043994068216 -0.2457185405807893 -0.06103637269556552 -0.1854043392504931
-0.08943886302376869 -0.1930848675348002 -0.0997506234413965 -0.23344504796024496 -0.07440651942836896 -0.366831799952819 -0.1743829055630603 -0.7570786243772025 -0.08728019509690668 -0.3312172232956113 -0.08599974705956746 -0.27251619210558475 -0.12846437492565718 -0.2429543245869777 -0.18813131313131315 -0.39591786548629054 -0.35567352355673526 -0.7776773026740731 -0.17680432774772398 -0.2109646079111728 -0.10864008179959099 -0.2128968742308639 -0.16769012753897025 -0.06407269338303821 -0.05074885505631884 -0.9028126569563035 -2.4979941160738166 -1.0222165147039939 -0.30798071772897695 -0.3035559410234172 -0.1334530989349416 -0.1973136812076548 -0.1936096923625134 -0.1914048392921633 -0.07917852282568352 -0.4853610930383863 -2.1137223122636413 -4.350289931470742 -0.910209102091021 -0.422736361039703 -0.11235955056179776 -0.29627928341754706 -0.22551173817508965 -0.3255192517915705 -0.2810160755920972 -0.2893331677635664 -0.4894925679138904 -2.4023791052495476 -1.5400984173427315 -0.4971570199737571 -0.04417177914110429 -0.20840610082663874 -0.17253044654939106 -0.11002011120312316 -0.21395575006078288 -0.28886684849987604 -0.24260129556712812 -0.23902870873909193 -0.33416003132750294 -0.36524626452684006 -0.10711276928631605 -0.1959640732532369 -0.2919623124345702 -0.2822291317866539 -0.23284464703708263 -0.3282517826407671 -0.22574208031928164 -0.3122311001843885 -0.21889400921658986 -0.28847481021394067 -0.1035143769968051 -0.26455651352308973 -0.15936725298075788 -0.33292383292383293 -0.13744017670879863 -0.46000728243718897 -0.15121219695076232 -0.4157848873397237 -0.08912188728702491 -0.3598431811817418 -0.015007503751875938 -0.1668545659526494 -0.13579268982686435 -0.049516908212560384 -0.06014150943396226 -0.22033289426415995 -0.08774097874443895 -0.22710349962769918 -0.06352765321375187 -0.1919789612097304
-0.09188924283263906 -0.19982038616973505 -0.10315121287689866 -0.2426903963943141 -0.0826739104759655 -0.3385232366124086 -0.19157558639322117 -0.7996111313646859 -0.11936850211782826 -0.3339773668230748 -0.08599974705956746 -0.2676280092875474 -0.11894849530153442 -0.24659863945578234 -0.17424242424242428 -0.3590311078322882 -0.31984074319840744 -0.8073892261981654 -0.1807626335928223 -0.21235253296322001 -0.1009713701431493 -0.1895151365985725 -0.15351913084553614 -0.05125815470643057 -0.07797994801336798 -0.4043194374686088 -1.9778015512169032 -0.9862591498651598 -0.2771826459560792 -0.2862098872506505 -0.13345309893494162 -0.18899322477118746 -0.18885853426772775 -0.2010352714578067 -0.09031300259804528 -0.3057905009759271 -1.7477039438141546 -4.298892988929889 -0.947109471094711 -0.409882890602685 -0.11735330836454431 -0.30546623794212213 -0.22898114953162954 -0.3315923721608162 -0.2736532089826973 -0.3191357258164659 -0.44720656073808307 -2.699767261442979 -1.9510573214523206 -0.5438110511736405 -0.03680981595092024 -0.19676330189777622 -0.15674334686513308 -0.08872589613155094 -0.19693654266958424 -0.2677907265063228 -0.23498031246030737 -0.2630580498292653 -0.4150894139146325 -0.3859988931931378 -0.11674088337946806 -0.18779890353435202 -0.2989414912178667 -0.2786414733317388 -0.24886041641000373 -0.32456356036390455 -0.24320279371414322 -0.3011677934849416 -0.2572964669738863 -0.29675638371290547 -0.1009584664536741 -0.2763670721625133 -0.1534647621296187 -0.3538083538083538 -0.14234875444839856 -0.4405874499332443 -0.1699575106223444 -0.430723266525582 -0.09960681520314549 -0.3654438532623915 -0.01375687843921961 -0.15783540022547915 -0.1222134208441779 -0.035024154589371984 -0.049528301886792456 -0.2107532032091965 -0.08526940187839842 -0.20104244229337304 -0.06975585450921774 -0.18671926364234054
-0.0796373437882872 -0.19420745397395597 -0.08161414645205169 -0.22882237374321046 -0.07204440770048423 -0.3078556263269639 -0.19157558639322117 -0.8166241341596792 -0.1386214863303812 -0.3353574385868065 -0.07714683192108258 -0.2554075522424539 -0.09991673605328892 -0.23080660835762878 -0.15782828282828285 -0.32337390876675276 -0.2826808228268083 -0.8280583903888388 -0.18076263359282224 -0.21374045801526717 -0.0843558282208589 -0.1772089588973665 -0.13816721776098254 -0.033783783783783786 -0.10892437182819656 -0.22852837769964843 -1.4589462423107782 -0.9413124438166177 -0.2584359935725763 -0.2746458514021394 -0.11292185294495061 -0.1901818614049685 -0.1710416914122818 -0.19140483929216326 -0.09031300259804528 -0.20819778789850357 -1.370880605078336 -4.217185028993147 -0.940276069427361 -0.4127392173664667 -0.11111111111111112 -0.29398254478640334 -0.21394703365329018 -0.30851451475768255 -0.24297459811019756 -0.3228610455730784 -0.3741670937980523 -2.8329454357382984 -2.3034978055592497 -0.5642221898235894 -0.024539877300613498 -0.1990918616835487 -0.1465944970681101 -0.07926180054418551 -0.1859956236323851 -0.262831638978428 -0.23752064016258095 -0.4135576071835082 -0.5900013053126223 -0.4385722191477587 -0.10590925502467205 -0.18896535635133557 -0.28847272304292193 -0.259507294905525 -0.24270050511272637 -0.3147283009589378 -0.23571963083063113 -0.3085433312845728 -0.26881720430107525 -0.31055900621118016 -0.08306709265175717 -0.24447856383606945 -0.12985479872506198 -0.3181818181818182 -0.12026015462019882 -0.37990047335841726 -0.1574606348412897 -0.4157848873397237 -0.09567496723460026 -0.3472416690002801 0.005002501250625312 -0.16009019165727173 -0.10750254611293426 -0.04106280193236715 -0.04363207547169812 -0.21434558735480777 -0.08774097874443895 -0.19607843137254904 -0.06975585450921774 -0.19592373438527283
-0.07228620436167606 -0.1885945217781769 -0.07367943776921333 -0.22419969952617586 -0.053147513877406384 -0.2913422977117245 -0.1633304678865283 -0.8275610645278892 -0.12578616352201258 -0.34087772564173335 -0.06702921461995699 -0.24685323231088846 -0.09515879624122756 -0.23080660835762873 -0.14772727272727276 -0.29755317840895124 -0.2561380225613802 -0.835809326960341 -0.17020715133922681 -0.21651630811936157 -0.06901840490797546 -0.15013536795471327 -0.12635805384978743 -0.0034948741845293578 -0.13244213392746626 -0.1983927674535409 -0.851832040652581 -0.82316681648902 -0.24370648098553832 -0.25874530211043656 -0.10650583857307842 -0.17354094853203378 -0.15678821712792496 -0.17455158300228724 -0.08412718050228876 -0.19128171763175014 -0.7928146947595894 -4.023458091723774 -0.878775454421211 -0.40274207369323045 -0.09363295880149812 -0.2813504823151126 -0.19313056551405117 -0.2854366573545488 -0.20738740949809792 -0.31044331305103684 -0.30753459764223473 -2.8122575640031036 -2.497672562840803 -0.5700539437235749 -0.02699386503067485 -0.1921061823262312 -0.14095624718087504 -0.050869513782089204 -0.17505470459518596 -0.2405157451029011 -0.24641178712053854 -0.6576451245731629 -0.9672366531784362 -0.47315993359158826 -0.09868816945480804 -0.18080018663245068 -0.2710247760846807 -0.246352547237503 -0.22052482444252802 -0.3036636341283502 -0.22075330506360694 -0.3232944068838353 -0.26625704045058884 -0.33816425120772947 -0.0792332268370607 -0.23030589346876104 -0.1251328060441506 -0.3083538083538083 -0.10676156583629895 -0.36290811991746574 -0.12496875781054737 -0.4232540769326528 -0.11140235910878113 -0.3500420050406049 0.011255627813906953 -0.15332581736189405 -0.10863415186149146 -0.008454106280193233 -0.044811320754716985 -0.19039635971739907 -0.08279782501235788 -0.16753536857781087 -0.07349277528649727 -0.1854043392504931
-0.06248468512619456 -0.18298158958239782 -0.07141237814554523 -0.2195770253091413 -0.04842329042163694 -0.27718801604151916 -0.1252609603340292 -0.8372827804107426 -0.1386214863303812 -0.3463980126966602 -0.054382192993550016 -0.24685323231088843 -0.07731652194599738 -0.22716229348882408 -0.12752525252525254 -0.28771670970121727 -0.20437956204379565 -0.8409766180080093 -0.16492941021242907 -0.22345593337959752 -0.07285276073619631 -0.13659857248338664 -0.12990080302314597 -2.0816681711721684e-18 -0.16957544250526055 -0.19839276745354092 -0.38914148167959345 -0.6639270579170413 -0.2396893411890734 -0.251517779705117 -0.0962402155780829 -0.16403185546178534 -0.13778358474878255 -0.17816299506440353 -0.09031300259804528 -0.2108002602472349 -0.22420313344138307 -3.646547179757512 -0.8268416017493511 -0.3913167666381034 -0.0749063670411985 -0.2652733118971062 -0.16074939285301265 -0.2575003036560185 -0.18284452080009816 -0.2943002607723829 -0.28831368528959506 -2.721748125161624 -2.5162920601143766 -0.5583904359236042 -0.033128834355828224 -0.1874490627546862 -0.13080739738385205 -0.026026262865254935 -0.18356430829078532 -0.24423506074882226 -0.28832719420805286 -0.9687618565827748 -1.4919723273724057 -0.5132816823464305 -0.09507762666987604 -0.1691356584626152 -0.25822961498197045 -0.23200191341784265 -0.21190094862633976 -0.2987460044258667 -0.21576452980793212 -0.3724646588813768 -0.296979006656426 -0.3602484472049689 -0.07028753993610223 -0.23148694933270342 -0.1204108133632393 -0.3108108108108108 -0.09817155479199902 -0.3592669013229761 -0.08747813046738316 -0.43321299638989175 -0.09305373525557012 -0.35984318118174186 0.023761880940470236 -0.1567080045095829 -0.10410772886726265 -0.010869565217391306 -0.04127358490566038 -0.1975811280086217 -0.07291151754819575 -0.17498138495904692 -0.0909317389138017 -0.19066403681788296
-0.04533202646410194 -0.17961383026493039 -0.056676490591702565 -0.21264301398358953 -0.023621117278847283 -0.2724699221514508 -0.10069998771951369 -0.7813829140843358 -0.12321909896033885 -0.33535743858680656 -0.05058808650562792 -0.25785164365147256 -0.07850600689901273 -0.22716229348882408 -0.1148989898989899 -0.2815689167588835 -0.1778367617783676 -0.8009301123885804 -0.16097110436733075 -0.22623178348369186 -0.06007157464212679 -0.13167610140290426 -0.12163438828530941 0.002329916123019569 -0.181953212031192 -0.1883475640381718 -0.34233752340197915 -0.5753178374213432 -0.2196036422067488 -0.23706273489447813 -0.06800975234184524 -0.15927730892666114 -0.1128400047511581 -0.1769591910436981 -0.072992700729927 -0.23031880286271958 -0.10129659643435981 -2.6976805482340533 -0.6970069700697008 -0.36846615252784914 -0.06367041198501873 -0.2503445107946716 -0.14340233607031344 -0.2380663184744322 -0.16321020984169837 -0.27939898174593314 -0.25499743721168633 -2.526506335660719 -2.4431440351110516 -0.5306896048986733 -0.028220858895705525 -0.17697054371870996 -0.10938204781235905 -0.01183011948420679 -0.16411378555798686 -0.23679642945697993 -0.27562555569668484 -1.0193499430884028 -1.4828351390157941 -0.5271167681239624 -0.08785654110001204 -0.1586375831097632 -0.24194486448761196 -0.2260224826596508 -0.18726130343723052 -0.2999754118514876 -0.21077575455225742 -0.5642286416717885 -0.33922171018945213 -0.3795721187025535 -0.06261980830670927 -0.2362111727884729 -0.10624483532050526 -0.3071253071253071 -0.08712725487789914 -0.36533559898045886 -0.07873031742064485 -0.4680692144902278 -0.10091743119266054 -0.3640436852422291 0.02751375687843922 -0.16459977452085683 -0.09731809437591944 -0.015700483091787443 -0.03066037735849057 -0.19997605077236258 -0.06673257538309439 -0.1724993794986349 -0.09466865969108122 -0.20512820512820512
-0.03185493751531488 -0.1874719353390211 -0.04987531172069825 -0.20686467121229635 -0.015353726231250735 -0.274828969096485 -0.08105120962790129 -0.7169765463604326 -0.10653317930945963 -0.3312172232956114 -0.04932338434298722 -0.2639618721740193 -0.06899012727488998 -0.22230320699708456 -0.09848484848484848 -0.2778802409934833 -0.1499668214996682 -0.7272962149593076 -0.1438184457052381 -0.2234559333795975 -0.04984662576687117 -0.12183115924193946 -0.11100614076523382 0.009319664492078283 -0.17328877336304 -0.1783023606228026 -0.3035571008290987 -0.5098240657506101 -0.192822710230316 -0.2269442035270309 -0.060310535095598604 -0.15927730892666112 -0.1128400047511581 -0.18057060310581435 -0.08165285166398614 -0.25374105400130126 -0.08103727714748785 -1.9504480759093301 -0.5453054530545306 -0.3627534990002856 -0.05867665418227216 -0.2434542949012403 -0.13993292471377358 -0.2380663184744322 -0.15584734323229846 -0.28064075499813734 -0.2203997949769349 -2.2588569950866306 -2.3287671232876717 -0.504446712348739 -0.02085889570552148 -0.1688205844685062 -0.10036084799278304 -0.0023660238968413556 -0.14952589350838802 -0.23059757004711137 -0.2641940810364537 -1.0661439231061087 -1.4684767001696906 -0.5077476480354177 -0.09146708388494404 -0.14813950775691123 -0.24892404327090847 -0.20210475962688354 -0.18972526795614142 -0.30366363412835007 -0.23197804938887506 -0.647818070067609 -0.3558627752176139 -0.3823326432022084 -0.06517571884984025 -0.24093539624424234 -0.10978632983118877 -0.30589680589680585 -0.0908086881825991 -0.37261803616943806 -0.09122719320169959 -0.4942113780654799 -0.10878112712975099 -0.37804536544385325 0.02876438219109555 -0.1668545659526494 -0.08487043114179019 -0.016908212560386472 -0.012971698113207548 -0.19877858939049214 -0.04943153732081068 -0.16505336311739888 -0.08221225710014948 -0.19066403681788296
-0.020828228375398196 -0.19083969465648853 -0.03173883473135343 -0.20802033976655498 0.0011810558639423735 -0.28190610993158766 -0.06631462605919194 -0.6489245351804593 -0.08599666281606981 -0.3243168644769528 -0.04552927785506512 -0.27007210069656606 -0.0428214583085524 -0.22473275024295436 -0.0782828282828283 -0.2778802409934834 -0.13005972130059723 -0.6510786720062007 -0.13062409288824384 -0.21235253296322001 -0.03962167689161554 -0.11567807039133646 -0.10392064241851676 0.010484622553588074 -0.17081321945785372 -0.1858362631843295 -0.27948649371489703 -0.4456144856812636 -0.17943224424209964 -0.22260769008383927 -0.05517772359810086 -0.15571139902531794 -0.09264758284831927 -0.18779342723004694 -0.072992700729927 -0.27976577748861414 -0.08373851971907079 -1.1913547706905643 -0.40590405904059035 -0.344187375035704 -0.052434456928838954 -0.24804777216352777 -0.12142939747889443 -0.23077857403133734 -0.13989446557859858 -0.27815720849372905 -0.1883649410558688 -1.982156710628394 -2.1585317196435696 -0.46216649657384457 -0.024539877300613504 -0.16998486436139246 -0.10374379792512405 0.0011830119484206804 -0.14466326282518843 -0.24671460451276966 -0.2718150641432745 -1.1179967117743772 -1.4515076360788406 -0.5035971223021584 -0.09026356962330004 -0.14813950775691123 -0.23612888216819822 -0.1877541258072232 -0.18356535665886414 -0.3171871158101795 -0.2581691194811674 -0.693300553165335 -0.3699436763952893 -0.37819185645272596 -0.06517571884984025 -0.2492027872918389 -0.10388383898004958 -0.29729729729729726 -0.08344582157319916 -0.3774729942954242 -0.0899775056235941 -0.5091497572513383 -0.11402359108781127 -0.3794455334640156 0.02251125562781391 -0.17249154453213075 -0.07921240239900418 -0.02173913043478261 -0.0023584905660377397 -0.20955574182732603 -0.04695996045477015 -0.16505336311739885 -0.0809666168410563 -0.18803418803418803
-0.01470227885322225 -0.20094297260889088 -0.022670596236681023 -0.23113371085172774 0.007086335183654188 -0.2878037272941732 -0.060174382905563074 -0.5760116660590595 -0.0834295982543961 -0.3118962186033674 -0.036676362716580244 -0.26029573506049125 -0.028547638872368265 -0.21015549076773565 -0.06060606060606061 -0.25943686216648226 -0.1114797611147976 -0.5464410282909185 -0.10951312838105291 -0.18875780707841777 -0.03067484662576687 -0.10829436377061286 -0.09211147850732168 0.033783783783783786 -0.164624334694888 -0.16197890507282772 -0.25541588660069536 -0.37883652240914345 -0.17139796464916981 -0.20092512286788095 -0.05646092647247529 -0.156900035659099 -0.08433305618244447 -0.2022390754785121 -0.08289001608313744 -0.2979830839297332 -0.10129659643435981 -0.7261465471797575 -0.3129697963646303 -0.31848043416166805 -0.046192259675405745 -0.24804777216352777 -0.10523881114837516 -0.23563707032673392 -0.12639587679469874 -0.2843660747547498 -0.1601742696053306 -1.5839151797258855 -1.8951988296316 -0.43300772707391744 -0.028220858895705525 -0.15834206543253 -0.10261614794767704 0.01656216727788951 -0.14587892049598833 -0.23307711381105878 -0.27689571954782166 -1.1344378398887063 -1.4319279467432446 -0.47454344216934147 -0.10229871223974005 -0.1516388662078619 -0.2303128998487845 -0.1901458981104999 -0.1811013921399532 -0.32333415293828377 -0.279371414317785 -0.7019053472649047 -0.3763440860215054 -0.3616287094547964 -0.0779552715654952 -0.2539270107476083 -0.10742533349073309 -0.3157248157248157 -0.08099153270339918 -0.38354169195290694 -0.094976255936016 -0.5103946221834932 -0.1179554390563565 -0.3724446933632035 0.02126063031515758 -0.17023675310033823 -0.08034400814756139 -0.0012077294685990364 -0.007075471698113206 -0.1999760507723626 -0.05931784478497282 -0.1514023330851328 -0.08221225710014948 -0.168310322156476
-0.015927468757657437 -0.1874719353390211 -0.02040353661301292 -0.2392233907315382 0.015353726231250735 -0.2901627742392074 -0.047893896598305306 -0.4970227245108762 -0.06674367860351688 -0.3091360750759039 -0.04932338434298723 -0.2505193694244165 -0.04401094326156774 -0.19436345966958216 -0.0669191919191919 -0.23730480757408084 -0.13138686131386862 -0.44697067562330445 -0.11611030478955006 -0.17487855655794587 -0.029396728016359917 -0.10337189269013045 -0.08502598016060463 0.01863932898415657 -0.15843544993192227 -0.15695630336514316 -0.24605509494517247 -0.3159111339411841 -0.16738082485270492 -0.18357906909511418 -0.05517772359810087 -0.14857957922263162 -0.07126737142178406 -0.19862766341639582 -0.08041568724483485 -0.2966818477553676 -0.09319286871961104 -0.4849762783342119 -0.23370233702337023 -0.2956298200514139 -0.04494382022471911 -0.2377124483233808 -0.10292587024401527 -0.22349082958824243 -0.12271444348999876 -0.26822302247609586 -0.15504869297796 -1.0848202741143003 -1.5547280223433966 -0.38635369587403406 -0.024539877300613498 -0.14087786703923622 -0.11276499774470003 0.024843250916834255 -0.14952589350838805 -0.21696007934540043 -0.2921376857614632 -1.1458201593524724 -1.3992951311839184 -0.44687327061427784 -0.10711276928631605 -0.15047241339087833 -0.22217052460160525 -0.2009088734752452 -0.17124553406430948 -0.34054585689697564 -0.27937141431778495 -0.7314074984634296 -0.3571428571428571 -0.38371290545203585 -0.08945686900958466 -0.24093539624424237 -0.11332782434187227 -0.3034398034398035 -0.0797643882684992 -0.37383177570093457 -0.09747563109222694 -0.49670110792978966 -0.11402359108781128 -0.3682441893027163 0.0012506253126563296 -0.1645997745208568 -0.09618648862736223 -0.008454106280193236 -0.018867924528301886 -0.19398874386301043 -0.08526940187839842 -0.1526433358153388 -0.09965122072745392 -0.15910585141354372
-0.012251899044351876 -0.17961383026493039 -0.001133529811834052 -0.23228937940598632 0.03188850832644384 -0.2842651568766218 -0.03315731302959598 -0.45084457406732287 -0.04877422667180079 -0.31189621860336736 -0.03541166055393955 -0.24196504949285105 -0.03330557868442964 -0.1870748299319728 -0.05555555555555556 -0.22869789745481367 -0.1340411413404114 -0.3836713602893683 -0.11215199894445176 -0.1762664816099931 -0.024284253578732106 -0.10583312823037165 -0.08738781294284366 0.006989748369058714 -0.16091100383710855 -0.16700150678051234 -0.2420433270928056 -0.2812379607037371 -0.15131226566684525 -0.19514310494362536 -0.0461953034774798 -0.14739094258885058 -0.05701389713742725 -0.20223907547851208 -0.07670419398738093 -0.30188679245283023 -0.09454349000540249 -0.41512915129151284 -0.18723520568539015 -0.29420165666952297 -0.02496878901373284 -0.2285254937988057 -0.08673528391349603 -0.2174177092189967 -0.1104429991409989 -0.2620141562150751 -0.14607893388006152 -0.6232221360227566 -1.139779225960899 -0.3557369878991107 -0.013496932515337423 -0.13156362789614623 -0.10825439783491204 0.03312433455577901 -0.14587892049598833 -0.20704190428961072 -0.2946780134637368 -1.1407613507019096 -1.3131444981072964 -0.41781959048146106 -0.08785654110001204 -0.14347369648897704 -0.2058857741072467 -0.20569241808179864 -0.15646174695084392 -0.3528399311531841 -0.2781242205038663 -0.7645974185617701 -0.3405017921146953 -0.39199447895100065 -0.08434504792332267 -0.24565961970001182 -0.11096682800141659 -0.312039312039312 -0.07608295496379923 -0.3811142128899138 -0.09997500624843789 -0.5091497572513383 -0.10878112712975099 -0.3822458695043404 0.005002501250625316 -0.16685456595264936 -0.09844970012447664 -0.01570048309178744 -0.020047169811320754 -0.20117351215423301 -0.09268413247652 -0.1762223876892529 -0.09466865969108121 -0.15384615384615388
-0.012251899044351876 -0.17512348450830711 0.00793470868283836 -0.2299780422974691 0.0330695641903862 -0.2795470629865534 -0.02333292398378976 -0.4083120670798396 -0.029521242459247848 -0.30775600331217223 -0.024029341090173264 -0.24929732371990712 -0.02616866896633758 -0.18221574344023322 -0.04671717171717172 -0.22255010451248003 -0.1287325812873258 -0.335873918098437 -0.09763821084575801 -0.16099930603747398 -0.014059304703476484 -0.11444745262121585 -0.08148323098724611 -0.011649580615097856 -0.15719767297932913 -0.17076845806127577 -0.22599625568333778 -0.2427122126621292 -0.13122656668452065 -0.19803411390575315 -0.04619530347747979 -0.13431593961725902 -0.04513600190046323 -0.18538581918863611 -0.072992700729927 -0.28627195836044245 -0.09049162614802811 -0.3808645229309436 -0.14076807434741015 -0.2842045129962868 -0.012484394506866416 -0.21474506201194304 -0.06938822713079681 -0.19069597959431556 -0.09449012148729904 -0.2533217434496461 -0.1307022039979498 -0.2792862684251359 -0.7155206809416145 -0.31783058754920546 -0.009815950920245401 -0.1269065083246012 -0.10261614794767704 0.02957529871051697 -0.1519572088499878 -0.21448053558145302 -0.29721834116601037 -1.10534969014797 -1.237436366009659 -0.3998339789706697 -0.08183896979179203 -0.14464014930596056 -0.19658020239618473 -0.20090887347524516 -0.1490698533941111 -0.35406933857880496 -0.27188825143427287 -0.7781192378610939 -0.3161802355350742 -0.3850931677018633 -0.07667731629392971 -0.24211645210818472 -0.11096682800141662 -0.30098280098280095 -0.07240152165909927 -0.3811142128899139 -0.10122469382654335 -0.5041702975227189 -0.10091743119266054 -0.38084570148417807 0.005002501250625316 -0.17249154453213075 -0.10071291162159104 -0.019323671497584544 -0.025943396226415096 -0.20117351215423301 -0.10257043994068216 -0.20104244229337304 -0.08844045839561535 -0.15253122945430636
-0.036755697133055626 -0.18410417602155366 -0.027204715484017233 -0.2438460649485728 0.007086335183654186 -0.2972399150743099 -0.029473167137418647 -0.4022359946530563 -0.026954177897574122 -0.3174165056582942 -0.04426457569242444 -0.2566295979469632 -0.04757939812061378 -0.19071914480077748 -0.05681818181818181 -0.22132054592401323 -0.12873258128732581 -0.3048701718124273 -0.08708272859216255 -0.15128383067314366 -0.03706543967280164 -0.11936992370169826 -0.09919697685403875 -0.017474370922646785 -0.17205099641044685 -0.1745354093420392 -0.2206472318801819 -0.21831257223577757 -0.11247991430101767 -0.20959814975426427 -0.06416014371872193 -0.11767502674432428 -0.05582610761373084 -0.18658962320934153 -0.08041568724483483 -0.2784645413142486 -0.08779038357644517 -0.349235635213495 -0.12300123001230012 -0.24850042844901457 -0.014981273408239699 -0.21933853927423058 -0.05782352260899735 -0.19069597959431556 -0.09080868818259909 -0.2508381969452378 -0.12942080984110715 -0.07111455908973363 -0.3205213459236601 -0.28721387957428196 -0.017177914110429446 -0.11875654907439752 -0.09021199819576003 0.03785638234946174 -0.15560418186238756 -0.21819985122737418 -0.2819763749523688 -0.9687618565827748 -1.0416394726537002 -0.3749308245711124 -0.09267059814658804 -0.14930596057389478 -0.21053855996277773 -0.22123893805309733 -0.15399778243193296 -0.36513400540939267 -0.26440508855076084 -0.7793484941610327 -0.2931387608806963 -0.3726708074534161 -0.09840255591054314 -0.2586512342033778 -0.12513280604415064 -0.32678132678132676 -0.09080868818259907 -0.399320305862362 -0.11372156960759808 -0.5016805676584091 -0.08650065530799475 -0.38084570148417807 -0.022511255627813902 -0.17023675310033823 -0.1188186035985063 -0.008454106280193236 -0.04481132075471698 -0.20117351215423301 -0.10998517053880377 -0.20972946140481508 -0.085949177877429 -0.14332675871137407
