0.01592746875765744 -0.03594294058182636 -0.004535147392290249 0.02780352177942539 -0.023618327822390178 -0.06854981680652406 0.058997050147492625 -0.074317738791423 0.11823673049736538 -0.049806308799114546 -0.01391172378904768 -0.1088418735477559 -0.07730732635585155 0.008518924181574784 -0.09724677948977015 -0.04308752923796627 0.01461794019933555 -0.05561303673047078 0.030383091149273445 -0.08471045688098876 0.08959426596697813 -0.07019704433497537 0.017747278750591577 -0.09091968760927846 0.04345666749441272 -0.0778405524168236 0.08589451080391894 -0.08585340850845721 0.1327967806841046 -0.12147505422993495 0.03210891343436938 0.08092347970962752 0.023733238400379726 0.04927884615384616 0.02961135101789019 -0.05221932114882509 0.08153281695882593 -0.02249569935159455 0.18089625873646703 -0.05724917704308001 -0.01873126873126873 -0.034530386740331494 -0.04170528266913809 0.027932960893854754 -6.938893903907229e-19 0.017419435112604208 0.0947867298578199 0.023210831721470024 -0.0224808251785242 0.09644892590968872 -0.06867794947265146 -0.26147588611272515 -0.21534625410857985 -0.22245888060584548 0.0341755156841206 -0.12670807453416147 0.14415103967342774 -0.11927420378124602 0.17011253598534415 -0.0886672208367969 -0.09870004814636495 -0.47142358281922936 -1.500758548255339 -0.5977673748649621 -0.15551715625771415 -0.21179657677625913 -0.04370083655887127 -0.23622047244094485 -0.0012812299807815509 -0.16300594004696783 0.028165407758289594 -0.2436140018921476 -0.3950792524248877 -0.3298867552929591 -0.08110100761857951 -0.12533463129715258 -0.07375921990248781 -0.09861440519285981 -0.05504587155963303 -0.12489475161380861 -0.015007503751875938 -0.12748194945848373 -0.14271151885830785 -0.12186293436293436 -0.08725386157292772 -0.08991727610598248 -0.060561117290816965 -0.11314186248912098 -0.13939016801493465 -0.07501974203737825
0.028179367802009313 -0.03594294058182635 -0.003401360544217686 0.020852641334569044 -0.015351913084553614 -0.060276563054012536 0.07497541789577188 -0.05726120857699805 0.11823673049736538 -0.030437188710570006 -0.015176425951688378 -0.11373364314540786 -0.079686013320647 -0.002433978337592796 -0.09093205354887599 -0.049242890557675736 0.0212624584717608 -0.047853078116916706 0.027741083223249675 -0.08748784890987363 0.0831946755407654 -0.07142857142857144 0.023663038334122102 -0.08858841356801492 0.04469828656568165 -0.060263653483992465 0.08723661253523018 -0.07560225525371606 0.14486921529175048 -0.10990600144613161 0.042383765733367586 0.09044388908723075 0.018986590720303786 0.06850961538461539 0.024676125848241824 -0.035248041775456915 0.09104497893735562 0.0 0.1754145539262711 -0.051524259338772006 -0.01748251748251748 -0.03222836095764273 -0.03707136237256718 0.029147437454457126 0.0012294074256208494 0.016175189747418196 0.09862943512232611 0.019342359767891688 -0.013224014810896589 0.0935262311851527 -0.0662251655629139 -0.28239395700174313 -0.2357474781820243 -0.24849130280440185 0.025631636763090448 -0.13788819875776398 0.1518050771782115 -0.13069407435604619 0.18188955770740642 -0.09697977279024661 -0.10832932113625422 -0.5435921313001979 -2.099428171315206 -0.751410394910575 -0.19007652431498395 -0.23272995936461024 -0.05119240854039205 -0.24852362204724407 -0.012812299807815503 -0.17267578394805913 0.029445653565484575 -0.29564806054872284 -0.5358410220014195 -0.4271294928606598 -0.08970262963873188 -0.14967145290825018 -0.06500812601575195 -0.11733865934340282 -0.05504587155963303 -0.13331462250912154 -0.026263131565782895 -0.1365072202166065 -0.16536414089930912 -0.1484073359073359 -0.09432849899775972 -0.09111617312072892 -0.06550488196761835 -0.09946537361680964 -0.1431238332296204 -0.07107133456172676
0.03185493751531488 -0.03594294058182636 -0.001133786848072562 0.027803521779425393 -0.0011809163911195076 -0.059094669660796594 0.09341199606686332 -0.05847953216374269 0.13365891273615216 -0.04012174875484228 -0.0037941064879220944 -0.1259630671395377 -0.07373929590865841 0.007301935012778385 -0.06567314978529934 -0.0369321679182568 0.05182724252491695 -0.04397309881013968 0.047556142668428 -0.08471045688098874 0.0831946755407654 -0.07881773399014778 0.03431140558447705 -0.10024478377433269 0.05835609634963993 -0.061519146264908973 0.10602603677358743 -0.0717580727831881 0.16767270288397046 -0.10267534345625451 0.05265861803236579 0.08687373557062952 0.02966654800047467 0.04086538461538462 0.03701418877236274 -0.03655352480417754 0.11006930289441501 0.007939658594680429 0.18089625873646703 -0.055817947617003004 -0.00999000999000999 -0.03568139963167588 -0.034754402224281736 0.034005343696866655 0.007376444553725103 0.014930944382232178 0.10759574740617392 0.011605415860735014 0.006612007405448292 0.08475814701154465 -0.05518763796909491 -0.2963393375944218 -0.23574747818202427 -0.291089811856585 0.0378371780788478 -0.15155279503105587 0.15818344176553129 -0.13323182337266842 0.1936665794294687 -0.09975062344139651 -0.10592200288878191 -0.6402048655569781 -2.752946668222663 -0.9182571119913575 -0.20982473463342383 -0.27090259820219187 -0.05368959920089898 -0.28174212598425197 -0.017937219730941707 -0.1961596905649952 0.038407374215849444 -0.3358561967833491 -0.7026259758694109 -0.48375184638109303 -0.09338903907594004 -0.15818934047213434 -0.06250781347668458 -0.13481462988390963 -0.05504587155963303 -0.14173449340443448 -0.030015007503751877 -0.15681407942238268 -0.16876203420545932 -0.16891891891891894 -0.08843296781039973 -0.09950845222395395 -0.07044864664441972 -0.09946537361680964 -0.1431238332296204 -0.06975519873650961
0.05023278608184269 -0.04492867572728294 -0.0045351473922902496 0.03359592215013902 0.010628247520075582 -0.04845762912185321 0.0983284169124877 -0.049951267056530205 0.13365891273615216 -0.02213613724405091 -0.007588212975844189 -0.11373364314540783 -0.07968601332064701 0.018254837531945962 -0.05809547865622633 -0.028314662070663542 0.0584717607973422 -0.029746508018623902 0.04491413474240422 -0.06943480072212191 0.07935492128503777 -0.07758620689655173 0.018930430667297687 -0.08742277654738315 0.048423143779488455 -0.05900816070307596 0.08857871426654142 -0.07816504356740134 0.1488933601609658 -0.10990600144613158 0.05265861803236579 0.0821135308818279 0.020173252640322773 0.05528846153846155 0.02961135101789019 -0.033942558746736295 0.1059926620464737 0.0039698292973402135 0.1713032753186241 -0.05438671819092601 -0.011238761238761238 -0.026473296500920812 -0.040546802594995365 0.0497935389846976 0.009835259404966806 0.019907925842976237 0.11271935442551555 0.006447453255963895 0.0026448029621793157 0.0803741049247406 -0.0613195977434388 -0.29052876234747244 -0.26408251161736374 -0.2981895633652822 0.018308311973636034 -0.15031055900621118 0.13522132925118 -0.13450069788097957 0.17534676786181627 -0.10806317539484622 -0.10832932113625422 -0.7531137236642997 -3.451978060450461 -1.0382907214019927 -0.2394470501110837 -0.28567910355867504 -0.06617555250343363 -0.3088090551181102 -0.032030749519538756 -0.21549937836717778 0.023044424529509663 -0.3630558183538316 -0.9084457061745919 -0.5329886755292959 -0.11182108626198084 -0.1606230226332441 -0.06625828228528566 -0.13356634627387343 -0.06684141546526869 -0.13050799887735054 -0.032516258129064536 -0.16132671480144403 -0.1868841318382603 -0.16891891891891894 -0.09904492394764769 -0.09950845222395396 -0.08280805833642317 -0.10692527663807036 -0.1555693839452396 -0.07633587786259541
0.04778240627297232 -0.0505447601931933 -0.024943310657596373 0.027803521779425393 0.0070854983467170535 -0.05318520269471694 0.11061946902654866 -0.057261208576998054 0.16064773165402904 -0.03320420586607637 -0.012647021626406981 -0.10272716155069095 -0.0856327307326356 0.03772666423268833 -0.06314725940894166 -0.019697156223070295 0.05448504983388704 -0.02715985514743922 0.04887714663143989 -0.0541591445632551 0.07423524894406759 -0.08866995073891626 0.007098911500236636 -0.10257605781559623 0.032282095852992305 -0.07532956685499059 0.0885787142665414 -0.08072783188108663 0.1529175050301811 -0.11424439624005785 0.05008990495761624 0.08449363322622871 0.010679957280170878 0.04927884615384616 0.032078963602714373 -0.03263707571801567 0.11414594374235632 -0.013232764324467381 0.186377963546663 -0.064405324173465 -0.004995004995004994 -0.01956721915285451 -0.045180722891566265 0.05708039834831189 0.018441111384312765 0.019907925842976237 0.13321378250288202 0.01160541586073501 0.025125628140703515 0.0803741049247406 -0.06377238165317636 -0.29866356769320157 -0.2924175450527031 -0.3135723583007928 0.007323324789454413 -0.1577639751552795 0.13266998341625208 -0.14718944296409084 0.1884323475529966 -0.12468827930174564 -0.11434761675493502 -0.8893027587009661 -4.17201540436457 -1.1751290361301163 -0.2579609972846211 -0.3078438615933998 -0.06492695717318017 -0.3371062992125984 -0.019218449711723255 -0.25003453515678964 0.011522212264754833 -0.4079943235572375 -1.1130825644665248 -0.5933037912358444 -0.12165151142786927 -0.18130932100267705 -0.055006875859482426 -0.14729746598427162 -0.04193971166448231 -0.140331181588549 -0.03751875937968985 -0.17373646209386281 -0.19934307396081097 -0.19546332046332046 -0.10965688008489564 -0.11509411341565759 -0.0889877641824249 -0.11935844834017158 -0.15556938394523961 -0.09871018689128717
0.04655721636853712 -0.0505447601931933 -0.04081632653061225 0.01969416126042632 0.001180916391119511 -0.04963952251506914 0.10570304818092428 -0.05726120857699805 0.15422182238786789 -0.04150525733259546 -0.011382319463766284 -0.11006481594716888 -0.08682207421503331 0.017037848363149567 -0.05304369790351099 -0.0381632401821987 0.05448504983388704 -0.03750646663217797 0.06076618229854689 -0.0722121927510068 0.07551516702931013 -0.09605911330049262 5.551115123125783e-18 -0.11423242802191398 0.029798857710454436 -0.08411801632140616 0.09260501946047509 -0.07816504356740135 0.1488933601609658 -0.128705712219812 0.03981505265861803 0.0809234797096275 -0.008306633440132908 0.0420673076923077 0.02590993214065392 -0.04177545691906005 0.09919826063323821 -0.023818975784041282 0.18089625873646703 -0.08730499499069701 0.0024975024975024975 -0.020718232044198894 -0.05444856348470807 0.07165411707554045 0.030735185640521266 0.02986188876446435 0.14089919303189444 0.02707930367504836 0.03702724147051044 0.08914218909834867 -0.060093205788570025 -0.31493317838466 -0.3071517624390796 -0.3478878239261626 0.0061027706578786825 -0.1788819875776398 0.14032402092103585 -0.16241593706382437 0.1923580214603507 -0.14546965918536992 -0.11916225324987964 -1.0557560237457806 -4.925895670439958 -1.2999639899171769 -0.272772155023451 -0.3300086196281246 -0.07241852915470096 -0.35802165354330706 -0.02306213965406791 -0.27904406686006356 0.008961720650364869 -0.4576631977294229 -1.3035249585994797 -0.6400787789266371 -0.12656672401081348 -0.19347773180822583 -0.05375671958994875 -0.15978030208463365 -0.03145478374836173 -0.140331181588549 -0.03751875937968985 -0.18953068592057765 -0.20387359836901126 -0.2051158301158301 -0.11319419879731166 -0.12228749550413617 -0.08651588184402423 -0.11811513116996146 -0.15432482887367766 -0.09476177941563568
0.04655721636853713 -0.05953049533864989 -0.047619047619047616 0.01737720111214087 -0.003542749173358524 -0.04845762912185321 0.09709931170108162 -0.05726120857699805 0.14394036756201004 -0.04288876591034864 -0.02023523460225117 -0.11373364314540783 -0.11774500475737393 0.009735913350371179 -0.06188431422076283 -0.04308752923796627 0.04385382059800665 -0.041386445938955 0.04095112285336856 -0.079155672823219 0.07551516702931015 -0.09975369458128079 -0.015380974917179362 -0.12006061312507285 0.02234914328284083 -0.0891399874450722 0.07784190041605153 -0.08329062019477193 0.1448692152917505 -0.13159797541576285 0.042383765733367586 0.06902296798762346 -0.021359914560341763 0.03365384615384616 0.01850709438618137 -0.05221932114882507 0.09648050006794402 -0.03969829297340214 0.17541455392627106 -0.10734220695577501 -0.00999000999000999 -0.034530386740331494 -0.0938368860055607 0.06436725771192617 0.008605851979345954 0.01990792584297623 0.11656205969002179 0.010315925209542231 0.01851362073525522 0.07014467338886453 -0.0662251655629139 -0.33004067402672865 -0.32868638784993764 -0.36682049461602173 -0.009764433052605883 -0.20000000000000004 0.12246460007654036 -0.18018018018018017 0.18581523161476057 -0.15239678581324467 -0.13721714010592198 -1.2291933418693983 -5.595752129770102 -1.4043932301044293 -0.2962231547765984 -0.36818125846570615 -0.0811586964664752 -0.40354330708661407 -0.032030749519538756 -0.30529078602016857 0.002560491614389961 -0.5085146641438032 -1.4466524722025078 -0.6868537666174298 -0.14499877119685428 -0.21538087125821365 -0.07125890736342043 -0.17725627262514046 -0.05766710353866317 -0.14454111703620542 -0.033766883441720866 -0.20645306859205775 -0.21633254049156192 -0.2147683397683398 -0.11319419879731163 -0.12948087759261478 -0.10011123470522805 -0.12184508268059183 -0.16054760423148723 -0.09607791524085284
0.044106836559666754 -0.06626979669774233 -0.045351473922902494 0.020852641334569048 0.008266414737836562 -0.060276563054012536 0.10816125860373646 -0.060916179337231965 0.14779591312170676 -0.04980630879911455 -0.018970532439610475 -0.11373364314540786 -0.13082778306374881 0.006084945843981986 -0.06314725940894166 -0.04431860150190816 0.027906976744186057 -0.041386445938955 0.021136063408190225 -0.08193306485210387 0.0716754127735825 -0.10344827586206898 -0.028395646000946524 -0.1258887982282317 0.013657809783958285 -0.09792843691148777 0.06978929002818414 -0.08969759097898514 0.13950368879946345 -0.14172089660159073 0.038530696121243255 0.04879209806021658 -0.02491990032039872 0.025240384615384616 0.01850709438618137 -0.07571801566579635 0.08425057752412013 -0.06351726875744343 0.16856242291352613 -0.135966795477315 -0.00999000999000999 -0.042587476979742175 -0.11005560704355885 0.06315278115132376 0.009835259404966806 0.01617518974741819 0.10759574740617395 -0.0012894906511927793 0.006612007405448291 0.0511471576793804 -0.07971547706647045 -0.35212085996513653 -0.36835543465941284 -0.38338658146964855 -0.0170877578420603 -0.2111801242236025 0.11353488965429263 -0.18779342723004694 0.17403820989269828 -0.16209476309226933 -0.160086663456909 -1.4096147130718193 -6.006535184969075 -1.451206337774577 -0.29992594421130586 -0.38911464105405735 -0.08740167311774254 -0.4232283464566929 -0.04612427930813582 -0.3550214117972096 -2.7755575615628915e-18 -0.5416272469252601 -1.4750414005204637 -0.6954702117183653 -0.14254116490538216 -0.22633244098320757 -0.0775096887110889 -0.18849082511546622 -0.07077326343381389 -0.15576761156328933 -0.03751875937968985 -0.21322202166064982 -0.19594518065466077 -0.2195945945945946 -0.11673151750972761 -0.12348639251888263 -0.1149425287356322 -0.11189854531891083 -0.18294959551960172 -0.08818110028954987
0.04043126684636119 -0.08199483320229137 -0.035147392290249435 0.02085264133456905 0.010628247520075577 -0.06145845644722846 0.10324483775811208 -0.06822612085769982 0.14522554941524227 -0.058107360265633644 -0.022764638927532572 -0.1308548367371897 -0.14747859181731682 -0.004867956675185593 -0.07325082091437232 -0.054167179613443306 0.021262458471760802 -0.045266425245732024 0.015852047556142668 -0.08332176086654632 0.07295533085882504 -0.12192118226600986 -0.03549455750118315 -0.13871080545518125 0.00993295257015148 -0.11299435028248588 0.06978929002818415 -0.08969759097898514 0.13547954393024816 -0.14316702819956614 0.03596198304649371 0.029751279305010127 -0.02847988608045568 0.012019230769230768 0.01233806292412091 -0.08616187989556136 0.08289169724147302 -0.06881037448723037 0.16993284911607512 -0.131673107199084 -0.0037462537462537443 -0.06560773480662983 -0.13785912882298423 0.052222492105902366 0.01475288910745021 0.01866368047779022 0.1216856667093634 0.007736943907156672 0.01851362073525522 0.049685810317112375 -0.11037527593818983 -0.42068564787914003 -0.4612943443273263 -0.4046858359957401 -0.03905773221042354 -0.22608695652173916 0.08929710422247736 -0.19286892526329144 0.14917560847945568 -0.16763646439456914 -0.18175252768415986 -1.5818880223489697 -6.237600653518497 -1.4632096987156404 -0.3098000493705258 -0.3915773919468045 -0.1023848170807841 -0.42199803149606296 -0.04996796925048046 -0.36054703688354744 -0.003840737421584947 -0.5818353831598865 -1.4809557605867048 -0.7016248153618906 -0.13516834603096586 -0.23971769286931122 -0.07750968871108889 -0.20596679565597306 -0.06815203145478374 -0.1740106651698007 -0.05252626313156579 -0.2346570397111914 -0.20274096726696117 -0.22683397683397682 -0.12734347364697557 -0.12948087759261478 -0.12112223458163392 -0.10568195946786026 -0.19290603609209708 -0.08160042116346405
0.036755697133055626 -0.07300909805683477 -0.026077097505668934 0.032437442075996296 0.009447331128956071 -0.05436709608793285 0.09955752212389381 -0.05604288499025341 0.14394036756201004 -0.04427227448810183 -0.02149993676489187 -0.13574660633484165 -0.15937202664129396 0.0012169891687963958 -0.06693609497347816 -0.054167179613443306 0.01993355481727575 -0.041386445938954984 0.010568031704095112 -0.07637828079433412 0.06783565851785486 -0.13177339901477833 -0.05797444391859915 -0.14803590162023544 0.0012416190712689367 -0.11927181418706842 0.07515769695342908 -0.08585340850845721 0.1301140174379611 -0.14027476500361533 0.03596198304649371 0.029751279305010127 -0.0439064910407025 0.015624999999999997 0.017273288093769275 -0.0783289817232376 0.08289169724147302 -0.05425433373031626 0.1685624229135261 -0.12165450121654502 -0.02122877122877123 -0.08977900552486189 -0.1969416126042632 0.052222492105902366 0.0049176297024834045 0.026129152668906308 0.11271935442551557 0.023210831721470017 0.015868817773075906 0.055531199766184425 -0.15575177826833456 -0.7042417199302731 -0.8375835883486342 -0.46148384806531767 -0.052483827657756624 -0.24844720496894407 0.08674575838754943 -0.22205303895444742 0.15440984035592778 -0.19395954558049322 -0.2034183919114107 -1.6098242346641836 -5.921344380907924 -1.375585163845877 -0.30239447050111085 -0.38665189016131013 -0.11986515170433261 -0.4244586614173228 -0.05637411915438821 -0.359165630611963 -0.012802458071949819 -0.5782876064333018 -1.4158977998580555 -0.6511570654849826 -0.13393954288522977 -0.22511559990265267 -0.0912614076759595 -0.19473224316564725 -0.08256880733944956 -0.16559079427448778 -0.05502751375687844 -0.22788808664259927 -0.16876203420545927 -0.2208011583011583 -0.13088079235939157 -0.13547536266634694 -0.12977382276603636 -0.10941191097849061 -0.19166148102053515 -0.08423269281389838
0.01102670913991669 -0.07076266427047062 -0.023809523809523815 0.031278962001853566 -0.0023618327822390157 -0.04963952251506914 0.08112094395280237 -0.04751461988304094 0.13622927644261665 -0.041505257332595455 -0.025294043252813963 -0.14430720313073253 -0.1534253092293054 -0.0024339783375927973 -0.06314725940894166 -0.054167179613443306 0.019933554817275757 -0.03491981376099327 0.023778071334214 -0.07082349673656436 0.061436068091642135 -0.14408866995073893 -0.06862281116895408 -0.1666860939503438 -0.0012416190712689333 -0.12680477087256747 0.06844718829687291 -0.09354177344951307 0.13145539906103287 -0.146059291395517 0.01412792191112253 0.02023086992740688 -0.046279814880740476 -0.0012019230769230779 0.009870450339296729 -0.08093994778067885 0.06522625356706074 -0.05557761016276299 0.16445114430587912 -0.12022327179046802 -0.03746253746253746 -0.15538674033149175 -0.2537071362372567 0.03279086713626427 -0.0061470371281042505 0.012442453651860147 0.10759574740617397 0.010315925209542234 0.015868817773075906 0.05699254712845244 -0.20726024037282315 -1.0981987216734457 -1.2172730363821829 -0.5099988167080819 -0.06957158549981693 -0.2608695652173913 0.07016201046051791 -0.24235503108742545 0.13870714472651138 -0.20642837351066778 -0.19980741454020223 -1.5970201373530437 -5.372855642432023 -1.2531508822470292 -0.2777092076030609 -0.37187538480482696 -0.12610812835559992 -0.41830708661417326 -0.05509288917360668 -0.36054703688354744 -0.015362949686339777 -0.5700094607379376 -1.2881476224272534 -0.5859182668636139 -0.1253379208650774 -0.2092966658554393 -0.09626203275409426 -0.18224940706528522 -0.07470511140235911 -0.15576761156328936 -0.05002501250625313 -0.22111913357400725 -0.14271151885830785 -0.21838803088803088 -0.11908972998467163 -0.13787315669583983 -0.11617846990483253 -0.10692527663807039 -0.179215930304916 -0.08423269281389838
-0.002450379808870374 -0.06851623048410647 -0.024943310657596373 0.027803521779425393 -0.009447331128956071 -0.04136626876255761 0.07743362831858408 -0.0402046783625731 0.13622927644261665 -0.03597122302158273 -0.030352851903376755 -0.1491989727283845 -0.14866793529971453 -0.010952902519167581 -0.05556958827986865 -0.06155361319709467 0.027906976744186046 -0.05173305742369374 0.04491413474240423 -0.08887654492431607 0.06527582234736977 -0.13423645320197045 -0.07808802650260292 -0.1643548199090803 0.004966476285075739 -0.13057124921531701 0.06844718829687291 -0.09226037929267043 0.13279678068410466 -0.14895155459146783 0.005137426149499102 0.014280614066404856 -0.04983980064079744 -0.020432692307692308 0.013571869216533004 -0.09138381201044386 0.06794401413235493 -0.06484054518989017 0.1713032753186241 -0.12881064834693 -0.04995004995004996 -0.22790055248618785 -0.3232159406858202 -0.002428953121204758 -0.007376444553725105 -0.0037327360955580423 0.11528115793518638 -0.0012894906511927789 0.037027241470510446 0.04384042086804034 -0.25999509443218055 -1.5735037768739106 -1.7613056783407004 -0.5798130398769377 -0.09154155986818016 -0.2720496894409937 0.053578262533486395 -0.2499682781372922 0.1282386809735671 -0.21058464948739264 -0.19619643716899374 -1.551623792340822 -4.82436690395612 -1.1127115592365862 -0.25302394470501105 -0.353404753109223 -0.11611936571357222 -0.3998523622047244 -0.04868673926969892 -0.3467329741677027 -0.017923441300729738 -0.5380794701986755 -1.1603974449964516 -0.5034465780403741 -0.11673629884492502 -0.19591141396933562 -0.10126265783222903 -0.17475970540506802 -0.06684141546526869 -0.15857423519506034 -0.04502251125562782 -0.20532490974729245 -0.11666100351115642 -0.21838803088803088 -0.10729866760995163 -0.14386764176957195 -0.10258311704362873 -0.11811513116996146 -0.16677037958929683 -0.09739405106607002
-0.020828228375398185 -0.07076266427047062 -0.04081632653061225 0.023169601482854494 -0.025980160604629193 -0.03427490840326202 0.058997050147492625 -0.03167641325536062 0.11823673049736536 -0.030437188710570006 -0.031617554066017454 -0.1394154335330806 -0.14272121788772593 -0.014603870025556773 -0.045466026774437986 -0.06401575772497846 0.022591362126245847 -0.05690636316606311 0.04095112285336856 -0.09165393695320095 0.06271598617688467 -0.11945812807881775 -0.08755324183625177 -0.15502972374402613 0.0037248572138068 -0.12429378531073447 0.0563682727150718 -0.08585340850845721 0.1234071093226023 -0.15184381778741865 -0.011559208836372976 0.01309056289420445 -0.0711997152011392 -0.015624999999999997 -0.0012338062924120911 -0.09921671018276762 0.052996331023236865 -0.0793965859468043 0.16308071810333014 -0.138829254329469 -0.06868131868131869 -0.30271639042357273 -0.38693234476367006 -0.030361914015059506 -0.013523481681829356 -0.011198208286674134 0.10631484565133853 -0.002578981302385555 0.03834964295160011 0.0394563787812363 -0.31763551631101306 -2.1022661243463103 -2.4152782500283347 -0.635427760028399 -0.12571707555230074 -0.293167701863354 0.030616150019135098 -0.2804212663367593 0.10468463752944257 -0.228595178719867 -0.19860375541646605 -1.4747992084739847 -4.200023339946317 -0.9554675309086542 -0.23821278696618114 -0.32877724418175097 -0.11986515170433261 -0.3801673228346457 -0.05124919923126202 -0.32877469263710457 -0.014082703879144804 -0.49787133396404926 -0.9806008989827302 -0.4271294928606598 -0.09584664536741215 -0.18130932100267708 -0.1037629703712964 -0.16602172013481462 -0.0707732634338139 -0.14454111703620542 -0.04002001000500251 -0.18840252707581231 -0.10986521689885605 -0.19908301158301162 -0.0931493927602877 -0.1450665387843184 -0.09022370535162526 -0.1330349372124829 -0.164281269446173 -0.105290866017373
-0.019603038470963 -0.07188588116365269 -0.018140589569161 0.023169601482854497 -0.01653282947567312 -0.035456801796477956 0.07620452310717798 -0.0402046783625731 0.14779591312170673 -0.034587714443829555 -0.03288225622865815 -0.15531368472544943 -0.14391056137012367 -0.027990750882317145 -0.03788835564536499 -0.07263326357257173 0.0345514950166113 -0.07242628039317126 0.06076618229854689 -0.10554089709762533 0.0831946755407654 -0.13177339901477833 -0.07453857075248461 -0.17601119011539806 0.023590762354109764 -0.1406151914626491 0.0885787142665414 -0.10635571501793953 0.15560026827632462 -0.16052060737527113 -0.0012843565373747729 -0.0035701535166012114 -0.05577311024089236 -0.028846153846153844 0.0049352251696483645 -0.10182767624020887 0.05979073243647235 -0.07013365091967713 0.1754145539262711 -0.134535566051238 -0.08366633366633366 -0.38789134438305706 -0.458758109360519 -0.0740830701967452 -0.01721170395869191 -0.028617643399278338 0.11784296144485717 -0.010315925209542231 0.05950806664903465 0.03361098933216426 -0.35688005886681384 -2.6461359674607787 -3.0919188484642413 -0.7182581942965329 -0.14280483339436104 -0.3267080745341615 0.03827018752391887 -0.3184875015860931 0.10468463752944257 -0.24799113327791633 -0.18175252768415984 -1.377022465370737 -3.513828918193487 -0.8282319049333813 -0.20365341890891137 -0.3066124861470262 -0.10238481708078413 -0.34817913385826776 -0.03203074951953876 -0.2928581295759083 0.015362949686339781 -0.4694891201513718 -0.7534894724390823 -0.3655834564254062 -0.06389776357827477 -0.17644195668045753 -0.08751093886735842 -0.17600798901510423 -0.04980340760157276 -0.15155767611563292 -0.023761880940470232 -0.18163357400722024 -0.07588628383735418 -0.1978764478764479 -0.06602994929843178 -0.15585661191703634 -0.06179705846001732 -0.14795474325500438 -0.13939016801493467 -0.11318768096867597
-0.023278608184268558 -0.076378748736381 -0.007936507936507938 0.02085264133456905 -0.0011809163911195083 -0.029547334830398297 0.08235004916420846 -0.036549707602339186 0.14394036756201 -0.029053680132816822 -0.03541166055393955 -0.1699889935184053 -0.14866793529971453 -0.04259462090787392 -0.018944177822682498 -0.08371291394804876 0.04119601328903654 -0.07889291257113297 0.06737120211360635 -0.12081655325649217 0.08575451171125048 -0.14285714285714285 -0.07453857075248463 -0.1748455530947663 0.029798857710454436 -0.13684871311989957 0.08455240907260769 -0.11532547411583804 0.1448692152917505 -0.1561822125813449 -0.0012843565373747742 -0.03570153516601214 -0.06763972944108224 -0.04447115384615384 0.01727328809376928 -0.10966057441253266 0.06522625356706074 -0.07145692735212386 0.17815540633136906 -0.12451696006869901 -0.11988011988011989 -0.477670349907919 -0.5630213160333641 -0.12144765606023804 -0.03319400049176297 -0.03981585168595247 0.09862943512232611 -0.02192134107027724 0.0383496429516001 0.033610989332164255 -0.40103016924208984 -3.2039511911679255 -3.7685594469001473 -0.777422790202343 -0.17820090321005738 -0.337888198757764 0.00892971042224774 -0.3261007486359599 0.06935357236325569 -0.23829315599889167 -0.17573423206547906 -1.2617855895704808 -2.7937915742793793 -0.6937942623934702 -0.17403110343125153 -0.28198497721955423 -0.0923960544387564 -0.32480314960629925 -0.024343369634849465 -0.26108578532946536 0.02560491614389963 -0.4280983916745506 -0.5429382540809086 -0.3015755785327425 -0.03563529122634553 -0.161839863713799 -0.08126015751968994 -0.16851828735488708 -0.04587155963302753 -0.14594442885209094 -0.016258129064532268 -0.16922382671480146 -0.055498924000453045 -0.1785714285714286 -0.049522461973823845 -0.143867641769572 -0.05561735261401559 -0.13800820589332338 -0.13316739265712507 -0.09344564359041854
-0.0294045577064445 -0.09659665281365831 -0.01927437641723356 0.01158480074142725 -0.0035427491733585276 -0.04254816215577355 0.09341199606686332 -0.054824561403508776 0.15293664053463565 -0.03597122302158273 -0.05311749083090932 -0.18588724471077414 -0.16531874405328256 -0.030424729219909942 -0.03662541045718616 -0.07386433583651361 0.0292358803986711 -0.08277289187790998 0.0488771466314399 -0.11803916122760727 0.07679508511455266 -0.14532019704433496 -0.07927117841930906 -0.17134864203287098 0.03104047678172337 -0.1268047708725675 0.08992081599785265 -0.11276268580215276 0.14755197853789406 -0.13449023861171366 -0.006421782686873876 -0.07140307033202428 -0.07950634864127211 -0.06850961538461539 0.006169031462060458 -0.12663185378590078 0.07337953526294333 -0.08733624454148473 0.18226668493901604 -0.12594818949477601 -0.16858141858141856 -0.5927716390423573 -0.6696014828544948 -0.17731357784794755 -0.06638800098352593 -0.06345651362448675 0.08197771230946586 -0.0490006447453256 0.021158423697434536 0.014613473622680112 -0.4476330635271033 -3.7908192911098206 -4.432732630624504 -0.8519701810436635 -0.20383253997314782 -0.3627329192546584 -0.008929710422247735 -0.3451338662606268 0.05234231876472127 -0.23829315599889167 -0.17091959557053443 -1.10231637760447 -2.046913292099428 -0.5617572920417717 -0.17156257714144652 -0.26474572097032384 -0.09364464976900985 -0.3088090551181103 -0.023062139654067913 -0.23483906616936037 0.030725899372679555 -0.3973509933774834 -0.3536787319612018 -0.2658788774002955 -0.028262472351929212 -0.16183986371379894 -0.08251031378922365 -0.16851828735488705 -0.04980340760157276 -0.1543642997474039 -0.02751375687843922 -0.15681407942238268 -0.052101030694302865 -0.17374517374517376 -0.05188067444876784 -0.13907205371058629 -0.06303299962921767 -0.14546810891458412 -0.14685749844430615 -0.09739405106607002
-0.039206076941926 -0.11906099067729978 -0.03968253968253969 -0.005792400370713618 -0.005904581955597543 -0.0555489894811488 0.10570304818092428 -0.05847953216374269 0.1670736409201902 -0.04012174875484228 -0.05691159731883142 -0.19567078390607803 -0.1450999048525214 -0.036509675063891925 -0.020207123010861333 -0.07140219130862982 0.050498338870431904 -0.08147956544231764 0.07397622192866579 -0.11803916122760727 0.07423524894406758 -0.16502463054187191 -0.06507335541883578 -0.18766756032171578 0.048423143779488455 -0.1431261770244821 0.11676285062407729 -0.11788826242952333 0.16096579476861167 -0.15039768618944324 -0.02440277421012073 -0.09996429846483398 -0.09611961552153793 -0.08533653846153846 -0.002467612584824183 -0.14099216710182766 0.06522625356706074 -0.09262935027127168 0.1754145539262711 -0.12594818949477601 -0.19980019980019978 -0.6906077348066298 -0.757645968489342 -0.21860578090842847 -0.07253503811163019 -0.0771432126415329 0.09478672985781991 -0.05415860735009672 0.03173763554615182 0.011690778898144084 -0.4807456463085602 -4.3544450900639164 -5.057236767539385 -0.9277008638031002 -0.22214085194678385 -0.3925465838509317 -0.007654037504783771 -0.3705113564268494 0.04318241298089505 -0.2632308118592408 -0.15045739046701972 -0.9463391921778606 -1.3630528649784106 -0.4489256991957749 -0.1431745248086892 -0.24381233838197267 -0.08365588712698213 -0.2866633858267717 -0.012812299807815505 -0.22793203481143803 0.02304442452950966 -0.35122989593188264 -0.21528270641116629 -0.21910388970950265 -0.01720324404030474 -0.1642735458749087 -0.07875984498062258 -0.1710148545749594 -0.03800786369593708 -0.1669941060903733 -0.025012506253126558 -0.16132671480144406 -0.040774719673802244 -0.19063706563706562 -0.04126871831151987 -0.16304999400551493 -0.043257940922012114 -0.1678478179783663 -0.14312383322962044 -0.11713608844432746
-0.045332026464101935 -0.12580029203639223 -0.05555555555555556 -0.017377201112140868 -0.018894662257912143 -0.047275735728637275 0.09218289085545722 -0.060916179337231965 0.15165145868140342 -0.031820697288323194 -0.0708233211078791 -0.2066772655007949 -0.15223596574690773 -0.051113545089448695 -0.020207123010861326 -0.0750954081004555 0.05581395348837209 -0.08794619762027936 0.07793923381770144 -0.12498264129981947 0.06655574043261231 -0.1687192118226601 -0.067439659252248 -0.1923301084042429 0.045939905636950586 -0.1431261770244821 0.10602603677358743 -0.11660686827268066 0.14755197853789404 -0.14605929139551702 -0.02954020035961983 -0.10234440080923479 -0.11510620624184172 -0.08653846153846154 -0.013571869216533005 -0.11879895561357703 0.07202065498029622 -0.0833664152441445 0.1754145539262711 -0.10591097752969802 -0.24475524475524474 -0.8137661141804788 -0.8711770157553291 -0.2696137964537284 -0.10327022375215147 -0.10576085604081124 0.08710131932880748 -0.07865892972275952 0.017191219254165575 -0.001461347362268013 -0.5285749325484425 -4.85299244625218 -5.605803014847557 -0.991598627381375 -0.25631636763090443 -0.4149068322981367 -0.029340477101671127 -0.39969547011800544 0.02093692750588851 -0.27292878913826546 -0.13119884448724123 -0.7612617855895705 -0.8974209359318474 -0.36610250870243666 -0.1407059985188842 -0.21795345400812707 -0.08989886377824946 -0.2694389763779528 -0.019218449711723255 -0.2003039093797486 0.014082703879144795 -0.31929990539262065 -0.16087059380175067 -0.20802560315115706 -0.01966085033177685 -0.16427354587490872 -0.08001000125015625 -0.1722631381849956 -0.0327653997378768 -0.1655907942744878 -0.030015007503751877 -0.16358303249097472 -0.05889681730660323 -0.19666988416988415 -0.04834335573635186 -0.17024337609399356 -0.05067358793721418 -0.17282108665920676 -0.14561294337274425 -0.12108449591997894
-0.05145797598627788 -0.12580029203639223 -0.07029478458049887 -0.010426320667284519 -0.018894662257912136 -0.040184375369341684 0.09464110127826943 -0.054824561403508776 0.1516514586814034 -0.019369120088544554 -0.0809409384090047 -0.20178549590314296 -0.16175071360608942 -0.03650967506389193 -0.013892397069967167 -0.06278468546103656 0.0664451827242525 -0.0775995861355406 0.07926023778071335 -0.11387307318427997 0.0575963138359145 -0.1576354679802956 -0.07572172266919072 -0.18999883436297935 0.03600695306679911 -0.13684871311989955 0.0926050194604751 -0.11019989748846745 0.1341381623071764 -0.1503976861894432 -0.04238376573336758 -0.10353445198143521 -0.13527945888216447 -0.07451923076923077 -0.019740900678593458 -0.09791122715404701 0.06794401413235493 -0.06484054518989019 0.15622858709058515 -0.08873622441677402 -0.29345654345654343 -0.9219613259668508 -0.9893419833178868 -0.2975467573475832 -0.13523481681829358 -0.1107378375015553 0.06532598949660562 -0.09413281753707285 -0.003967204443268975 -0.00876808417360807 -0.5616875153298994 -5.256246368390471 -6.094298991272809 -1.0472133475328365 -0.28560966678872207 -0.42732919254658397 -0.052302589616022445 -0.41619083872604995 -0.00523423187647213 -0.2895538930451649 -0.10953298025999036 -0.578512396694215 -0.5893336445326176 -0.3168887288440764 -0.13576894593927424 -0.21302795222263268 -0.09863903109002373 -0.2682086614173228 -0.03971812940422806 -0.19201547175024175 0.015362949686339772 -0.261352885525071 -0.12893304944405018 -0.1686361398325948 -0.01720324404030474 -0.14115356534436602 -0.0725090636329541 -0.15603545125452503 -0.02621231979030144 -0.14313780522031996 -0.02751375687843922 -0.15117328519855594 -0.0600294484086533 -0.1846042471042471 -0.04598514326140786 -0.15585661191703634 -0.05190952910641453 -0.1641178664677359 -0.15183571873055382 -0.12240063174519608
-0.0686106346483705 -0.14938784679321576 -0.08956916099773243 -0.018535681186283594 -0.03542749173358526 -0.04136626876255761 0.07620452310717798 -0.05847953216374269 0.14008482200231331 -0.02628666297731046 -0.09485266219805237 -0.22257551669316378 -0.18434823977164605 -0.0535475234270415 -0.029047739328113165 -0.06770897451680413 0.059800664451827246 -0.08665287118468702 0.07397622192866579 -0.11942785724204974 0.04735696915397415 -0.16009852216748768 -0.07098911500236631 -0.19582701946613829 0.032282095852992305 -0.1318267419962335 0.08857871426654142 -0.11532547411583804 0.1408450704225352 -0.15328994938539406 -0.06807089648086309 -0.15113649886945138 -0.19579921680313278 -0.10697115384615385 -0.04565083281924738 -0.11879895561357703 0.05299633102323685 -0.08071986237925104 0.1438947512676442 -0.10591097752969802 -0.3284215784215784 -1.2327348066298343 -1.4365152919369788 -0.4226378430896284 -0.1794934841406442 -0.1530421799178798 0.03586524913539132 -0.14055448098001286 -0.027770431102882836 -0.03653368405670028 -0.5457444199166054 -5.0552004648460205 -5.965091238807661 -1.0483966394509525 -0.30269742463078236 -0.4149068322981367 -0.057405281285878296 -0.40350209364293865 0.0026171159382360615 -0.27569963978941536 -0.10471834376504571 -0.49703177744150845 -0.5274827867895904 -0.2928820069619493 -0.14317452480868922 -0.2044083240980175 -0.0998876264202772 -0.25221456692913385 -0.03843689942344651 -0.18510844039231938 0.028165407758289594 -0.23651844843897832 -0.08043529690087531 -0.1587887740029542 -0.009830425165888425 -0.14602092966658556 -0.057507188398549826 -0.16602172013481464 -0.007863695937090433 -0.1501543642997474 -0.033766883441720866 -0.1703519855595668 -0.07022312832710387 -0.18822393822393824 -0.03537318712415989 -0.14986212684330416 -0.03460635273760969 -0.16536118363794605 -0.13939016801493465 -0.12240063174519608
-0.0686106346483705 -0.1740986184432214 -0.10430839002267574 -0.02432808155699722 -0.040151157298063296 -0.04491194894220542 0.07743362831858407 -0.05604288499025341 0.14008482200231331 -0.02628666297731046 -0.11129379031238144 -0.23113611348905466 -0.21170313986679354 -0.05963246927102349 -0.03788835564536499 -0.06401575772497844 0.059800664451827246 -0.08794619762027936 0.06869220607661823 -0.1180391612276073 0.05119672340970179 -0.16625615763546797 -0.08282063416942737 -0.19699265648677003 0.03352371492426124 -0.12680477087256747 0.10199973157965374 -0.11404407995899539 0.15023474178403756 -0.1489515545914678 -0.06807089648086309 -0.19754849458526716 -0.25157232704402516 -0.13341346153846154 -0.0431832202344232 -0.13838120104438645 0.07473841554559044 -0.086012968109038 0.1658215705084281 -0.11592958351223703 -0.34465534465534464 -1.507826887661142 -2.0516682113067657 -0.5307262569832402 -0.2016228178018195 -0.1754385964912281 0.039707954399897535 -0.16376531270148292 -0.02380322665961386 -0.056992547128452434 -0.5126318371351484 -4.74142940151075 -5.67040689108013 -1.0531298071234174 -0.3039179787623581 -0.4062111801242236 -0.05612960836841433 -0.38320010150996076 0.01439413766029835 -0.2632308118592408 -0.10231102551757343 -0.4493074147363519 -0.471466915626094 -0.27127595726803505 -0.1407059985188842 -0.2007141977588967 -0.09863903109002373 -0.23252952755905515 -0.04099935938500961 -0.1699129714048902 0.019203687107924715 -0.21759697256385996 -0.05204636858291931 -0.155096011816839 -0.014745637748832637 -0.14967145290825018 -0.06375796974621828 -0.17351142179503182 -0.018348623853211003 -0.15717092337917488 -0.04127063531765883 -0.1737364620938628 -0.08494733265375468 -0.17736486486486486 -0.04244782454899187 -0.14626543579906484 -0.03707823507601039 -0.15790128061668535 -0.14063472308649655 -0.11976836009476177
-0.06616025483950014 -0.1931933056273166 -0.12244897959183673 -0.02896200185356812 -0.04959848842701936 -0.06500413662687625 0.0688298918387414 -0.074317738791423 0.14394036756201004 -0.04565578306585501 -0.11002908814974074 -0.24214259508377153 -0.22716460513796383 -0.05963246927102349 -0.04294013639808032 -0.06524682998892035 0.04518272425249169 -0.08277289187791 0.059445178335535 -0.1083182891265102 0.044797132983489064 -0.1958128078817734 -0.09820160908660672 -0.21447721179624663 0.01986590514030296 -0.14689265536723162 0.10065762984834252 -0.11916965658636595 0.1448692152917505 -0.1576283441793203 -0.08476753146673517 -0.2356301320956801 -0.3298920137652782 -0.16105769230769232 -0.07402837754472548 -0.14360313315926893 0.055714091588531044 -0.08204313881169777 0.15622858709058515 -0.104479748103621 -0.3571428571428571 -1.7150092081031307 -2.764133456904541 -0.6643186786495021 -0.25079911482665357 -0.2028119945253204 0.011528115793518635 -0.1869761444229529 -0.052896059243586355 -0.07014467338886453 -0.46848172675987254 -4.271934921557234 -5.147908874532471 -1.009348006153118 -0.2978152081044794 -0.4049689440993789 -0.053578262533486395 -0.37051135642684946 0.020936927505888513 -0.25907453588251594 -0.08907077515647568 -0.4248632289605401 -0.41778503909441006 -0.2628736046092906 -0.13576894593927424 -0.2105652013298855 -0.10613060307154451 -0.23868110236220472 -0.032030749519538756 -0.17682000276281257 0.021764178722314682 -0.2045884578997162 -0.024840312278211502 -0.15017232890201873 -0.012288031457360534 -0.14967145290825018 -0.06625828228528566 -0.17101485457495946 -0.02096985583224115 -0.15015436429974743 -0.03876938469234618 -0.1838898916967509 -0.09174311926605504 -0.16288610038610038 -0.048343355736351845 -0.14986212684330413 -0.048201705598813496 -0.1504413775954246 -0.15059116365899192 -0.11055540931824163
-0.06493506493506494 -0.20667190834550148 -0.13151927437641725 -0.03243744207599629 -0.05786490316485593 -0.07564117716581964 0.06022615535889873 -0.08650097465886938 0.1426551857087778 -0.04703929164360819 -0.11635259896294423 -0.2543720190779014 -0.24381541389153188 -0.06084945843981989 -0.05556958827986865 -0.06647790225286224 0.04518272425249169 -0.08535954474909468 0.05944517833553501 -0.09720872101097071 0.030718034045821074 -0.2278325123152709 -0.13251301467108376 -0.2284648560438279 -0.0012416190712689317 -0.16823603264281228 0.07918400214736278 -0.137109174782163 0.1341381623071764 -0.16052060737527113 -0.0937580272283586 -0.29394263953349997 -0.4461848819271389 -0.20432692307692307 -0.10734114743985194 -0.1475195822454308 0.03533088734882457 -0.08071986237925102 0.15074688228038918 -0.10018605982539 -0.3821178821178821 -1.8070902394106816 -3.500926784059314 -0.8477046393004615 -0.32579296778952543 -0.2301853925594127 -0.024337133341872673 -0.22050290135396516 -0.09256810367627613 -0.0803741049247406 -0.4353691439784154 -3.746658919233004 -4.514337526918281 -0.9596497455922377 -0.30513853289393383 -0.4012422360248447 -0.06123230003827017 -0.35147823880218254 0.018319811567652448 -0.24937655860349128 -0.07703418391911411 -0.40274706087766265 -0.37110514645816317 -0.2592725963269716 -0.12959763021476176 -0.21179657677625913 -0.1098763890623049 -0.24114173228346458 -0.026905829596412557 -0.18234562784915045 0.008961720650364872 -0.20577105014191108 -0.03312041637094867 -0.1501723289020187 -0.024576062914721065 -0.14967145290825018 -0.07375921990248782 -0.17725627262514046 -0.027522935779816515 -0.15857423519506036 -0.04627313656828415 -0.19517148014440436 -0.09740627477630534 -0.1628861003861004 -0.0636717368234878 -0.14746433281381127 -0.0667408231368187 -0.14671142608479426 -0.16179215930304916 -0.10660700184259016
-0.078412153883852 -0.22127372795686848 -0.16439909297052155 -0.03359592215013902 -0.07085498346717052 -0.08036875073868337 0.041789577187807285 -0.08162768031189083 0.11695154864413312 -0.04980630879911456 -0.11382319463766284 -0.27149321266968324 -0.24381541389153188 -0.08275526347815505 -0.06441020459712049 -0.0738643358365136 0.03853820598006645 -0.07889291257113296 0.04755614266842802 -0.10137480905429803 0.0115192627671829 -0.24753694581280788 -0.16564126833885473 -0.2471150483739363 -0.02731561956791656 -0.17827997489014438 0.045631458864581934 -0.11916965658636598 0.10596914822266934 -0.1547360809833695 -0.12715129720010276 -0.35225514697131977 -0.6763972944108223 -0.28846153846153844 -0.1542257865515114 -0.17101827676240208 0.00951216197852969 -0.09792245600105862 0.1288200630396053 -0.11879204236439103 -0.38336663336663335 -1.8301104972375692 -4.121872103799815 -1.0954578576633471 -0.39709859847553475 -0.2612915266890631 -0.05507877545792238 -0.24629271437782077 -0.12430573922242794 -0.10083296799649277 -0.38508707382879565 -3.221382916908774 -3.820695908421171 -0.9135013607857058 -0.3002563163676309 -0.4062111801242236 -0.07398902921290978 -0.3311762466692044 0.018319811567652444 -0.24660570795234138 -0.08425613866153106 -0.379466883948318 -0.3477652001400397 -0.24846957148001447 -0.13330041964946923 -0.2167220785617535 -0.1211137470345861 -0.24114173228346458 -0.035874439461883414 -0.19201547175024175 0.00896172065036487 -0.22114474929044464 -0.043766264490182165 -0.14894140817331364 -0.029491275497665274 -0.15818934047213434 -0.0775096887110889 -0.18100112345524902 -0.035386631716906945 -0.17120404153802976 -0.05877938969484743 -0.2053249097472924 -0.10420206138860573 -0.16650579150579153 -0.07782101167315177 -0.1510610238580506 -0.09393152885922632 -0.13676488872311326 -0.19041692594897322 -0.10397473019215582
-0.08086253369272238 -0.23250589688868922 -0.17460317460317462 -0.04749768303985171 -0.08030231459612658 -0.1028247252097861 0.028269419862340224 -0.08893762183235868 0.09767382084564966 -0.06640841173215274 -0.10749968382445933 -0.27883086706616117 -0.24262607040913417 -0.09614214433491541 -0.08082849204344532 -0.07878862489228117 0.04651162790697675 -0.08665287118468701 0.04491413474240423 -0.1055408970976253 0.003839754255727633 -0.24876847290640397 -0.2082347373402745 -0.27042778878657187 -0.042215048423143775 -0.18581293157564344 0.04160515367064822 -0.11916965658636598 0.1113346747149564 -0.15907447577729575 -0.13871050603647575 -0.40699750089253833 -0.9754360982556071 -0.4254807692307693 -0.21098087600246762 -0.21148825065274152 -0.009512161978529691 -0.11644832605531294 0.10004111278607646 -0.14598540145985403 -0.35839160839160844 -1.8047882136279927 -4.500695088044486 -1.391790138450328 -0.45856896975657735 -0.2986188876446435 -0.07685410529012424 -0.26692456479690524 -0.13620735255223487 -0.11690778898144087 -0.3384841795437822 -2.6542707728065076 -3.1134534738751 -0.8578866406342446 -0.2795068961308434 -0.4012422360248447 -0.05612960836841434 -0.31468087806115974 0.04056529704265899 -0.24383485730119148 -0.07462686567164178 -0.35618670701897337 -0.3115882833469483 -0.25087024366822713 -0.13576894593927422 -0.2339613348109839 -0.12610812835559995 -0.24852362204724407 -0.05509288917360666 -0.21273656582400885 0.011522212264754831 -0.22350993377483444 -0.053229240596167494 -0.14524864598719842 -0.04423691324649792 -0.1667072280360185 -0.10501312664083011 -0.18224940706528525 -0.07601572739187418 -0.17541397698568623 -0.060030015007503754 -0.2098375451263538 -0.11439574130705629 -0.16650579150579153 -0.08135833038556774 -0.15945330296127563 -0.09516747002842665 -0.14919806042521447 -0.19415059116365901 -0.12108449591997897
-0.07106101445724086 -0.21902729417050434 -0.17233560090702948 -0.03707136237256718 -0.07912139820500706 -0.09455147145727456 0.019665683382497544 -0.07431773879142298 0.08482200231332734 -0.05534034311012729 -0.09611736436069304 -0.2666014430720313 -0.23311132254995243 -0.0985761226725082 -0.08588027279616064 -0.0750954081004555 0.03853820598006646 -0.08406621831350233 0.04227212681638045 -0.10276350506874046 -0.0038397542557276343 -0.25 -0.2496450544249882 -0.3100594474880522 -0.06208095356344673 -0.20464532328939108 0.0322104415514696 -0.1307022039979498 0.11133467471495642 -0.16919739696312366 -0.14513228872334963 -0.42246816613114363 -1.2709149163403346 -0.6322115384615385 -0.24922887106724242 -0.21801566579634465 -0.02174208452235358 -0.10189228529839885 0.08496642455803756 -0.13596679547731502 -0.32467532467532473 -1.7196132596685083 -4.879518072289157 -1.6492591692980327 -0.5114334890582739 -0.31479407739206167 -0.0973485333674907 -0.2707930367504835 -0.14546416291986247 -0.10083296799649277 -0.2894285013490312 -2.0546194073213244 -2.418678454040576 -0.778606082120459 -0.26363969242035884 -0.37763975155279506 -0.04464855211123868 -0.2816901408450704 0.06019366657942947 -0.2202826267664173 -0.068608570052961 -0.3189384239320219 -0.28474734508110633 -0.2220621774096747 -0.12712910392495677 -0.2241103312399951 -0.12111374703458608 -0.23868110236220472 -0.05637411915438821 -0.21549937836717778 0.00896172065036487 -0.19749290444654682 -0.05441211260941566 -0.11939931068439191 -0.044236913246497915 -0.1545388172304697 -0.10626328291036383 -0.17850455623517664 -0.06946264744429882 -0.16839741790625878 -0.06503251625812907 -0.21435018050541518 -0.1257220523275569 -0.16650579150579153 -0.07782101167315175 -0.16065219997602206 -0.08898776418242492 -0.13552157155290315 -0.18294959551960174 -0.11713608844432746
-0.08331291350159274 -0.1999326069864091 -0.1870748299319728 -0.018535681186283594 -0.09093056211620217 -0.08273253752511524 0.00983284169124877 -0.07431773879142299 0.07839609304716617 -0.06364139457664639 -0.10244087517389652 -0.2714932126696833 -0.239058039961941 -0.09005719849093344 -0.10735034099520083 -0.08371291394804874 0.022591362126245854 -0.0982928091050181 0.030383091149273445 -0.11665046521316483 -0.012799180852425446 -0.23522167487684728 -0.28868906767628966 -0.35785056533395504 -0.0931214303451701 -0.20338983050847456 0.013421017313112332 -0.1281394156842645 0.10328638497652583 -0.16052060737527116 -0.16568199332134603 -0.4355587290253481 -1.6625133499466003 -1.0661057692307694 -0.3220234423195559 -0.24412532637075718 -0.04891969017529556 -0.12438798464999339 0.07126216253254763 -0.15314154859023904 -0.31093906093906093 -1.6298342541436466 -4.995366079703429 -1.8775807626912802 -0.5876567494467666 -0.3384347393305959 -0.12552837197386962 -0.27724049000644746 -0.15736577624966938 -0.1052170100832968 -0.2563159185675742 -1.47239976757699 -1.7635724810155278 -0.6934090640160927 -0.2587574758940559 -0.3503105590062112 -0.05612960836841434 -0.257581525187159 0.0615022245485475 -0.20365752285951788 -0.06981222917669716 -0.3014782912350134 -0.2649083907107014 -0.19925579162165408 -0.13700320908417674 -0.22164758034724788 -0.1161193657135722 -0.2436023622047244 -0.04868673926969892 -0.22102500345351567 0.014082703879144795 -0.19394512771996217 -0.057960728649160166 -0.10093549975381585 -0.03932170066355369 -0.13871988318325626 -0.10251281410176272 -0.1697665709649232 -0.06422018348623852 -0.16138085882683134 -0.07878939469734868 -0.18953068592057765 -0.1325178389398573 -0.12065637065637065 -0.07900011791062375 -0.12468528953362905 -0.09269558769002596 -0.11562849682954124 -0.17548226509023024 -0.10397473019215582
-0.08453810340602794 -0.1920700887341346 -0.18594104308390022 -0.024328081556997217 -0.10037789324515825 -0.08982389788441082 -0.004916420845624386 -0.07431773879142299 0.06425909266161163 -0.07470946319867183 -0.09232325787277096 -0.2727161550690963 -0.23549000951474786 -0.08884020932213704 -0.11745390250063148 -0.0886372030038163 0.025249169435215945 -0.10087946197620279 0.03170409511228533 -0.1110956811553951 -0.012799180852425446 -0.2450738916256158 -0.3064363464268812 -0.4324513346543887 -0.13161162155450706 -0.22724419334588825 -0.001342101731311239 -0.13582778062532036 0.09523809523809525 -0.17208966015907448 -0.18109427176984333 -0.45102939426395333 -1.9900320398718403 -1.814903846153846 -0.433066008636644 -0.31201044386422977 -0.08017393667617882 -0.15350006616382164 0.04248321227901879 -0.18176613711177902 -0.2834665334665335 -1.5204880294659302 -4.908480074142725 -2.0063152781151325 -0.6565035652815343 -0.37576210028617635 -0.13577558601255285 -0.2862669245647969 -0.14810896588204175 -0.10813970480783282 -0.2048074564630856 -0.94828588030215 -1.1651365748611582 -0.6259614246834694 -0.2453313804467228 -0.3416149068322981 -0.05868095420334226 -0.2296662860043142 0.06673645642501963 -0.19811582155721807 -0.058979297063071735 -0.28285414969153766 -0.23923444976076555 -0.1908534389629096 -0.12342631449024932 -0.23026720847186305 -0.10737919840179799 -0.2362204724409449 -0.04356181934657271 -0.22240640972510017 0.0204839329151197 -0.18566698202459792 -0.07215519280813817 -0.08739537173806007 -0.03932170066355369 -0.12655147237770747 -0.11001375171896488 -0.16227686930470603 -0.07077326343381389 -0.1557676115632894 -0.07378689344672337 -0.1884025270758123 -0.1415788877562578 -0.11583011583011585 -0.08135833038556774 -0.11869080445989688 -0.09393152885922632 -0.10692527663807036 -0.17672682016179214 -0.10265859436693867
-0.08698848321489831 -0.18757722116140627 -0.19954648526077096 -0.03012048192771084 -0.11454888993859233 -0.09100579127762674 -0.013520157325467061 -0.0718810916179337 0.04498136486312813 -0.07194244604316548 -0.08979385354748956 -0.2812767518649872 -0.25095147478591817 -0.1119630035292686 -0.13639808032331396 -0.10094792564323525 0.003986710963455153 -0.1099327470253492 0.01585204755614266 -0.12081655325649217 -0.023038525534365802 -0.2561576354679803 -0.33956460009465217 -0.5070521039748223 -0.18375962254780237 -0.24105461393596986 -0.030868339820158373 -0.13582778062532036 0.07243460764587525 -0.16775126536514823 -0.19393783714359109 -0.46173985481375696 -2.159724694434556 -2.685096153846154 -0.6452806909315237 -0.39947780678851175 -0.13181138741676857 -0.19981474129945748 -0.008222557215293946 -0.21754687276370405 -0.25224775224775225 -1.4099907918968697 -4.794949026876738 -2.0633956764634442 -0.7376444553725106 -0.42677616025880294 -0.1613936211092609 -0.30431979368149586 -0.16397778365511767 -0.12275317843051295 -0.16065734608780963 -0.482277745496804 -0.588235294117647 -0.5514140338421488 -0.22946417673623826 -0.3204968944099379 -0.054853935450950374 -0.20936429387133612 0.07720492017796389 -0.1884178442781934 -0.061386615310544054 -0.27005005238039803 -0.22056249270626677 -0.18005041411595246 -0.11972352505554185 -0.2253417066863687 -0.10862779373205145 -0.234990157480315 -0.044843049327354265 -0.21549937836717778 0.023044424529509666 -0.20458845789971622 -0.09462976105985332 -0.09724273756770065 -0.038092897517817643 -0.12411779021659772 -0.11501437679709965 -0.16602172013481464 -0.08650065530799475 -0.15857423519506036 -0.06878439219609805 -0.18840252707581231 -0.15177256767470834 -0.12186293436293436 -0.08017922414809574 -0.1222874955041362 -0.10629094055122976 -0.11189854531891083 -0.18419415059116365 -0.11055540931824163
-0.08086253369272238 -0.17746826912276764 -0.19047619047619047 -0.044022242817423535 -0.11100614076523381 -0.10755229878264978 -0.012291052114060962 -0.08771929824561402 0.04498136486312813 -0.08577753182069729 -0.08599974705956746 -0.2641555582732053 -0.239058039961941 -0.13995375441158575 -0.14776458701692347 -0.11695186507447985 1.3877787807814458e-18 -0.12027935851008795 0.01585204755614266 -0.12776003332870434 -0.03327787021630616 -0.2561576354679803 -0.36796024609559874 -0.6201188949761043 -0.35137819716910856 -0.29127432517263024 -0.06710508656556168 -0.15376729882111737 0.0442655935613682 -0.18655097613882862 -0.18237862830721813 -0.4438890872307509 -2.1122582176337965 -3.230769230769231 -1.2782233189389267 -0.5039164490861618 -0.17257779589618152 -0.24083631070530637 -0.026038097848430863 -0.23901531415485905 -0.2097902097902098 -1.0727440147329654 -4.318813716404078 -1.9662375516152537 -0.7560855667568231 -0.4516610675625232 -0.16651722812860253 -0.297872340425532 -0.15472097328749007 -0.11106239953236885 -0.13858229090017168 -0.4032539221382917 -0.3173523744758019 -0.5005324813631524 -0.2135969730257537 -0.33291925465838507 -0.05102691669855848 -0.21697754092120292 0.07066213033237372 -0.19673039623164312 -0.043331728454501686 -0.2735420789197998 -0.20072353833586182 -0.18725243068059058 -0.10120957788200444 -0.23765546115010466 -0.10238481708078413 -0.2559055118110236 -0.04228058936579116 -0.22793203481143806 0.02432467033670465 -0.20577105014191108 -0.11237284125857583 -0.11693746922698178 -0.02826247235192922 -0.12655147237770747 -0.11751468933616702 -0.16352515291474226 -0.09305373525557012 -0.16138085882683134 -0.06253126563281641 -0.17599277978339353 -0.15856835428700872 -0.14116795366795368 -0.09550760523523169 -0.13427646565160054 -0.12359411692003461 -0.11935844834017158 -0.2003733665214686 -0.1118715451434588
-0.0771869639794168 -0.16848253397731106 -0.1893424036281179 -0.06487488415199258 -0.1204534718941899 -0.11937123271480912 -0.024582104228121928 -0.10355750487329432 0.03855545559696697 -0.08992805755395684 -0.06576451245731631 -0.24703436468142353 -0.24024738344433869 -0.1691614944626993 -0.17049760040414247 -0.1341868767696664 -0.003986710963455149 -0.1306259699948267 0.019815059445178328 -0.1402582974586863 -0.0345577883015487 -0.270935960591133 -0.371509701845717 -0.7308544119361231 -0.57114477278371 -0.3578154425612053 -0.10199973157965374 -0.1742696053305997 0.025486250838363506 -0.20245842371655823 -0.1836629848445929 -0.4284184219921456 -2.064791740833037 -3.3365384615384612 -1.9925971622455276 -0.7036553524804178 -0.24867509172441907 -0.2897975387058357 -0.061669179114704674 -0.2633462143981681 -0.17482517482517484 -0.7412523020257826 -3.6689063948100094 -1.8472188486762207 -0.7769854929923776 -0.47156899340549946 -0.19341616498014602 -0.2849774339136041 -0.16265538217402803 -0.09060353646061668 -0.12018641157714005 -0.33004067402672865 -0.20627904340927125 -0.4543840965566205 -0.20505309410472355 -0.3515527950310559 -0.05740528128587828 -0.2385484075624921 0.06411934048678357 -0.2147409254641175 -0.03249879634087627 -0.2805261319986032 -0.20655852491539267 -0.1932541111511223 -0.10861515675141942 -0.24750646472109347 -0.09614184042951679 -0.27805118110236215 -0.03459320948110186 -0.2389832849841138 0.03712712840865446 -0.20577105014191108 -0.134847409510291 -0.13540128015755787 -0.027033669206193166 -0.12411779021659768 -0.11001375171896485 -0.16727000374485085 -0.08387942332896461 -0.1655907942744878 -0.05127563781890946 -0.17712093862815886 -0.1529051987767584 -0.15685328185328187 -0.10376134889753567 -0.13067977460736122 -0.12977382276603633 -0.12433171702101205 -0.20037336652146856 -0.11055540931824163
-0.08821367311933348 -0.1617432326182186 -0.18140589569160998 -0.07877664504170528 -0.12990080302314597 -0.11464365914194541 -0.04178957718780728 -0.0962475633528265 0.020562909651715717 -0.07055893746541228 -0.07967623624636398 -0.24336553748318454 -0.25451950523311134 -0.18619934282584888 -0.21217479161404396 -0.14403545488120156 -0.015946843853820596 -0.13321262286601138 -0.0052840158520475605 -0.13748090542980143 -0.03967746064251888 -0.27339901477832507 -0.36322763842877426 -0.7984613591327661 -0.8716165880307922 -0.44318895166352795 -0.1449469869816132 -0.20502306509482318 0.006706908115358813 -0.2111352133044107 -0.17852555869509376 -0.40937760323693917 -1.9912187017918597 -3.4242788461538454 -2.650215916101172 -0.8968668407310705 -0.3084658241608914 -0.3308191081116846 -0.08633685076058654 -0.2848146557893231 -0.16983016983016985 -0.4707642725598527 -2.919369786839666 -1.6917658489191159 -0.7708384558642735 -0.48898842851810365 -0.21775329832201873 -0.279819471308833 -0.17455699550383497 -0.07306736811340055 -0.11896001962227128 -0.31377106333527016 -0.1722770032868639 -0.42361850668559936 -0.19650921518369338 -0.3590062111801242 -0.06505931879066205 -0.2563126506788479 0.05103376079560325 -0.21889720144084235 -0.036109773712084736 -0.27936212315213593 -0.21122651417901742 -0.195654783339335 -0.11848926191063935 -0.2536633419529615 -0.09863903109002373 -0.28789370078740156 -0.05509288917360666 -0.23760187871252936 0.015362949686339781 -0.20577105014191108 -0.1585048497752543 -0.15386509108813393 -0.04055050380928975 -0.12168410805548793 -0.11751468933616702 -0.17475970540506808 -0.09829619921363042 -0.16980072972214427 -0.0575287643821911 -0.1782490974729242 -0.1585683542870087 -0.17253861003861007 -0.1238061549345596 -0.1270830835631219 -0.13348164627363737 -0.12930498570185253 -0.21032980709396393 -0.10923927349302447
-0.08943886302376867 -0.14264854543412336 -0.18367346938775508 -0.08109360518999073 -0.13226263580538497 -0.11346176574872949 -0.0368731563421829 -0.09381091617933722 0.016707364092019013 -0.07194244604316546 -0.10244087517389655 -0.22991317108964165 -0.27711703139866795 -0.18863332116344167 -0.26774437989391264 -0.15142188846485288 -0.053156146179401995 -0.12674599068804965 -0.036988110964332896 -0.14164699347312876 -0.037117624472033796 -0.25985221674876846 -0.34074775201135826 -0.8264366476279287 -1.1696051651353365 -0.576271186440678 -0.1731311233391491 -0.21527421834956434 -0.00670690811535882 -0.2212581344902386 -0.17338813254559465 -0.35582530048792094 -1.877299157470037 -3.377403846153846 -3.3041332510795804 -1.1697127937336815 -0.35874439461883406 -0.36522429535529977 -0.11100452240646841 -0.290539573493631 -0.13236763236763235 -0.2969613259668508 -2.1258109360518995 -1.487733786737916 -0.7069092697319892 -0.5026751275351498 -0.2190342000768541 -0.26047711154094133 -0.15339857180640043 -0.05845389449072043 -0.10301692420897716 -0.28355607205113303 -0.14507537118893804 -0.39403620873269435 -0.18186256560478456 -0.3478260869565218 -0.05868095420334226 -0.23601065854586983 0.05234231876472127 -0.19673039623164312 -0.03009147809340395 -0.2630659993015947 -0.21239351149492358 -0.1788500780218461 -0.12095778820044434 -0.24504371382834628 -0.08615307778748907 -0.2768208661417323 -0.057655349135169766 -0.2293134410830225 0.02432467033670465 -0.1915799432355724 -0.13957889756328365 -0.15017232890201873 -0.05406733841238633 -0.11559990265271355 -0.10126265783222903 -0.16227686930470603 -0.0891218872870249 -0.1655907942744878 -0.05252626313156579 -0.16245487364620942 -0.15743572318495863 -0.1640926640926641 -0.14267185473411154 -0.11988970147464331 -0.12359411692003461 -0.11687181399975133 -0.21032980709396393 -0.10397473019215582
-0.08453810340602794 -0.1314163765023026 -0.17006802721088435 -0.10542168674698796 -0.139348134152102 -0.10991608556908165 -0.03933136676499509 -0.1023391812865497 0.014137000385554557 -0.07055893746541228 -0.09991147084861515 -0.20912315029962086 -0.26641294005708843 -0.18741633199464525 -0.28921444809295277 -0.16250153884032992 -0.06777408637873755 -0.1461458872219348 -0.04623513870541612 -0.14581308151645606 -0.038397542557276336 -0.2389162561576355 -0.31826786559394227 -0.8182771884835063 -1.5073255525204865 -0.8462021343377275 -0.224130989128976 -0.24730907227063045 -0.022803487592219986 -0.23571945046999274 -0.1669663498587208 -0.29632274187790075 -1.6720066453067521 -3.276442307692309 -3.7433682911782844 -1.5796344647519582 -0.4497893735561897 -0.4009527590313617 -0.14115389886254626 -0.28910834406755404 -0.11363636363636365 -0.19221915285451197 -1.431881371640408 -1.2241923730871993 -0.6454388984509467 -0.5250715441084981 -0.24209043166389144 -0.2617666021921341 -0.1520761703253108 -0.04822446295484437 -0.10546970811871474 -0.25798954096455545 -0.12694094979032075 -0.3585374511892084 -0.16477480776272427 -0.3254658385093168 -0.048475570863630565 -0.23093516051262536 0.0575765506411934 -0.17871986699916875 -0.01925854597977853 -0.24676987545105344 -0.20655852491539273 -0.17044772536310165 -0.1234263144902493 -0.2290358330254895 -0.07741291047571482 -0.2682086614173228 -0.058936579115951314 -0.2168807846387623 0.019203687107924725 -0.1667455061494797 -0.12656730541755384 -0.16986706056129988 -0.07127058245269108 -0.09734728644439036 -0.10126265783222901 -0.16352515291474223 -0.09174311926605505 -0.1655907942744878 -0.05252626313156579 -0.1489169675090253 -0.15743572318495863 -0.15444015444015446 -0.15917934205871948 -0.10909962834192544 -0.11370658756643186 -0.11687181399975136 -0.2028624766645924 -0.09344564359041854
-0.08086253369272237 -0.11119847242502527 -0.15079365079365076 -0.0984708063021316 -0.15351913084553614 -0.09927904503013826 -0.0368731563421829 -0.10599415204678361 0.02184809150494795 -0.07055893746541228 -0.10117617301125585 -0.20178549590314296 -0.25927687916270215 -0.17281246196908848 -0.2917403384693104 -0.15880832204850423 -0.09169435215946845 -0.15002586652871183 -0.05416116248348746 -0.14581308151645606 -0.03967746064251888 -0.23891625615763545 -0.2744912446758164 -0.8077864552978202 -1.7817233672709214 -1.3609541745134965 -0.3073412964702724 -0.2831881086622245 -0.04963112005365526 -0.26608821402747646 -0.16439763678397126 -0.2189694156848745 -1.3551679126616827 -3.104567307692308 -3.854410857495373 -2.121409921671018 -0.5748063595597228 -0.424771734815403 -0.16582157050842813 -0.27765850865893804 -0.11613386613386614 -0.1277624309392265 -0.9511121408711769 -0.8914257954821471 -0.5716744529136956 -0.512629090456638 -0.26770846676059945 -0.2617666021921341 -0.1547209732874901 -0.033610989332164255 -0.10546970811871473 -0.2545031958163858 -0.12240734444066644 -0.34078807241746534 -0.16355425363114853 -0.3105590062111802 -0.05868095420334226 -0.22966628600431424 0.04449097095001308 -0.18703241895261846 -0.014443909484833897 -0.22465370736817603 -0.2077255222312989 -0.1416396591045493 -0.1283633670698593 -0.22164758034724788 -0.07741291047571482 -0.2694389763779527 -0.058936579115951314 -0.2099737532808399 0.014082703879144795 -0.14545884578997162 -0.10764135320558317 -0.1686361398325948 -0.08970262963873188 -0.06935994159162813 -0.07625953244155521 -0.15229060042441642 -0.061598951507208385 -0.1557676115632894 -0.05252626313156579 -0.14327617328519857 -0.14610941216445802 -0.1459942084942085 -0.17332861690838347 -0.10070734923870042 -0.1174144110740329 -0.09946537361680964 -0.20908525202240197 -0.08291655698868125
-0.10046557216368537 -0.11569133999775358 -0.14172335600907027 -0.10078776645041705 -0.17713745866792632 -0.11700744592837724 -0.050393313667649965 -0.11939571150097465 0.019277727798483486 -0.07747648035417819 -0.11129379031238143 -0.20300843830255594 -0.2521408182683159 -0.1752464403066813 -0.29552917403384693 -0.18958512864705157 -0.11428571428571428 -0.17071908949818934 -0.05812417437252313 -0.15831134564643798 -0.03967746064251888 -0.23891625615763545 -0.24017983909133936 -0.7658235225550764 -1.902160417184008 -1.9937225360954174 -0.4402093678700846 -0.31009738595592007 -0.08584842387659289 -0.2704266088214028 -0.16054456717184692 -0.18326788051886228 -1.0335825323365373 -2.8641826923076925 -3.807526218383714 -2.678851174934726 -0.7501019160211986 -0.475056239248379 -0.18363711114156506 -0.28624588521540006 -0.1073926073926074 -0.10359116022099449 -0.4529657089898055 -0.5950935146951664 -0.4991394148020654 -0.49769814607440577 -0.28820289483796596 -0.2759509993552547 -0.15339857180640043 -0.04237907350577233 -0.10669610007358352 -0.26263800116211505 -0.12127394310325286 -0.3242219855638386 -0.15989259123642133 -0.3118012422360249 -0.06505931879066208 -0.2410861565791144 0.03402250719706883 -0.20088667220836798 -0.010832932113625423 -0.2351297869863811 -0.19255455712451863 -0.14644100348097466 -0.13576894593927427 -0.24258096293559905 -0.08490448245723561 -0.2866633858267717 -0.06149903907751442 -0.22240640972510017 0.020483932915119706 -0.14309366130558185 -0.07688668086113083 -0.16617429837518466 -0.11059228311624478 -0.08639571671939643 -0.0775096887110889 -0.15853201847459744 -0.06946264744429882 -0.15717092337917488 -0.04627313656828415 -0.1444043321299639 -0.1415788877562578 -0.14961389961389962 -0.17922414809574344 -0.13067977460736124 -0.12730194042763562 -0.12308839985080193 -0.22028624766645924 -0.09871018689128719
-0.0857632933104631 -0.11456812310457147 -0.1179138321995465 -0.10889712696941614 -0.1759565422768068 -0.13591774021983216 -0.052851524090462156 -0.13279727095516566 0.012851818532322323 -0.07470946319867183 -0.09864676868597445 -0.18955607190901308 -0.23786869647954328 -0.18254837531945964 -0.2879515029047739 -0.18466083959128404 -0.13023255813953488 -0.16166580444904294 -0.05151915455746368 -0.14442438550201359 -0.04095737872776143 -0.24384236453201966 -0.20586843350686226 -0.7052103974822239 -1.9083685125403527 -2.578782172002511 -0.6549456448798819 -0.36263454638646847 -0.10865191146881288 -0.28199566160520606 -0.13742614949910098 -0.14637629418064974 -0.6182508603298921 -2.3990384615384612 -3.6890808143121534 -3.053524804177546 -0.9675227612447344 -0.5187243615191214 -0.19048924215430998 -0.27765850865893804 -0.08866133866133866 -0.09783609576427256 -0.21779425393883228 -0.3339810541656546 -0.4106220801573642 -0.46285927584919734 -0.3035737158959908 -0.3056092843326886 -0.15207617032531076 -0.04530176823030835 -0.10056414029923963 -0.26380011621150495 -0.11900714042842571 -0.31830552597325756 -0.1452459416575125 -0.3155279503105591 -0.05868095420334226 -0.25504377617053675 0.03925673907354096 -0.20504294818509283 -0.004814636494944631 -0.2188336631358398 -0.1820515812813631 -0.15244268395150642 -0.12466057763515181 -0.25489471739933506 -0.08740167311774252 -0.2854330708661418 -0.06790518898142217 -0.22378781599668462 0.03200614517987453 -0.12653736991485337 -0.06860657676839366 -0.17232890201871 -0.11427869255345295 -0.10343149184716476 -0.07000875109388674 -0.15229060042441642 -0.07601572739187418 -0.14173449340443448 -0.033766883441720866 -0.15342960288808663 -0.12685468342960698 -0.17374517374517373 -0.1815823605706874 -0.15585661191703631 -0.13224570510443703 -0.13054830287206265 -0.22277535780958307 -0.10397473019215583
-0.07841215388385199 -0.11232168931820734 -0.10430839002267574 -0.10310472659870251 -0.17005196032120928 -0.15482803451128707 -0.04056047197640118 -0.14132553606237816 0.026988818917876876 -0.07332595462091865 -0.11002908814974074 -0.18221841751253517 -0.2235965746907707 -0.17768041864427403 -0.2967921192220257 -0.18096762279945833 -0.18073089700996678 -0.1603724780134506 -0.06869220607661823 -0.14164699347312873 -0.04095737872776143 -0.24014778325123148 -0.18220539517274015 -0.6294439911411585 -1.8661534641172088 -3.1512868801004394 -0.9944973829016239 -0.41004613018964636 -0.13011401743796108 -0.28633405639913234 -0.11559208836372978 -0.12495537308104247 -0.2598789604841581 -1.6346153846153844 -3.5299198025909932 -3.409921671018277 -1.2977306699279796 -0.5623924837898638 -0.19597094696450595 -0.269071132102476 -0.08366633366633366 -0.09208103130755065 -0.18535681186283595 -0.16881224192373087 -0.3380870420457339 -0.4056239890506408 -0.3573715895990778 -0.31850419084461634 -0.1798466014281936 -0.039456378781236305 -0.08462104488594555 -0.26612434631028475 -0.10993992972911708 -0.31712223405514145 -0.12815818381545221 -0.32173913043478264 -0.05102691669855849 -0.27915239182844814 0.04710808688824915 -0.21058464948739264 1.3877787807814458e-18 -0.19904551274589685 -0.17388260007001982 -0.13203697035169848 -0.11725499876573683 -0.23765546115010466 -0.07866150580596828 -0.2805118110236221 -0.06406149903907751 -0.2168807846387623 0.03712712840865447 -0.12653736991485337 -0.0461320085166785 -0.1637124569177745 -0.11427869255345295 -0.12655147237770747 -0.05875734466808351 -0.1510423168143802 -0.07732634338138926 -0.13331462250912152 -0.031265632816408206 -0.157942238267148 -0.09967153698040551 -0.17977799227799227 -0.16861219195849547 -0.1762378611677257 -0.13718946978123842 -0.1467114260847942 -0.22277535780958307 -0.10792313766780733
-0.06370987503062973 -0.11456812310457151 -0.08049886621315193 -0.10078776645041705 -0.15824279641001418 -0.18910294291454907 -0.035644051130776795 -0.15107212475633527 0.03855545559696697 -0.08577753182069729 -0.09485266219805236 -0.1797725327137092 -0.1950523311132255 -0.17646342947547766 -0.28668855771659507 -0.19820263449464484 -0.20199335548172756 -0.18365235385411277 -0.06737120211360634 -0.14720177753089847 -0.030718034045821067 -0.2315270935960591 -0.13606247042120206 -0.559505769903252 -1.790414700769804 -3.5354676710608914 -1.4494698698161321 -0.4882111737570477 -0.13145539906103287 -0.31091829356471434 -0.08605188800410994 -0.10829465667023683 -0.052213124480835406 -0.7632211538461541 -3.2658852560148057 -3.5887728459530033 -1.7271368392444628 -0.6484054518989018 -0.17130327531862408 -0.281952196937169 -0.059940059940059943 -0.08057090239410682 -0.15639481000926786 -0.09958707796939519 -0.2385050405704451 -0.3570984198083862 -0.3753042141667734 -0.3520309477756286 -0.170589791060566 -0.049685810317112375 -0.06009320578857004 -0.26496223126089485 -0.06687067890740112 -0.32067210980949 -0.09764433052605884 -0.33788819875776394 -0.02934047710167113 -0.2893033878949372 0.07327924627060979 -0.20365752285951788 0.019258545979778528 -0.1792573623559539 -0.14237367254055316 -0.11523226503420958 -0.09627252530239448 -0.2314985839182367 -0.06742414783368711 -0.2743602362204724 -0.04740550928891736 -0.22240640972510012 0.06017155293816413 -0.11825922421948912 -0.0177430801987225 -0.1624815361890694 -0.10690587367903662 -0.16062302263324413 -0.042505313164145506 -0.149794033204344 -0.0655307994757536 -0.13050799887735054 -0.017508754377188594 -0.16132671480144406 -0.07135575942915393 -0.19063706563706562 -0.15092559839641553 -0.19661911041841504 -0.11247064639723148 -0.1591445977868954 -0.2028624766645924 -0.10397473019215583
-0.053908355795148244 -0.12130742446366397 -0.07709750566893425 -0.09615384615384616 -0.15588096362777518 -0.1950124098806288 -0.0651425762045231 -0.17178362573099415 0.029559182624341346 -0.09684560044272275 -0.07714683192108258 -0.18221841751253515 -0.1962416745956232 -0.14725568942436412 -0.2828997221520586 -0.2006647790225286 -0.23654485049833887 -0.19787894464562855 -0.083223249669749 -0.15414525760311065 -0.010239344681940356 -0.2389162561576355 -0.11003312825366776 -0.44643897890197 -1.6078966972932704 -3.5028248587570623 -1.9259159844316198 -0.602255253716043 -0.15425888665325285 -0.31670281995661603 -0.08091446185461085 -0.10353445198143521 -0.040346505280645546 -0.19591346153846162 -2.592227020357804 -3.4921671018276768 -2.3617339312406576 -0.8826253804419742 -0.2247498972180348 -0.30055817947617003 -0.0462037962037962 -0.08057090239410682 -0.1575532900834106 -0.0752975467573476 -0.18932874354561105 -0.31479407739206167 -0.37914691943127965 -0.3984526112185686 -0.20761703253107644 -0.051147157679380384 -0.03311258278145697 -0.2556653108657757 -0.06007027088291965 -0.3041060229558632 -0.09276211399975588 -0.3180124223602484 -0.03444316877152698 -0.2918411369115594 0.06804501439413765 -0.20088667220836798 0.02407318247472316 -0.1652892561983471 -0.14120667522464697 -0.09962789581082702 -0.1073808936065169 -0.22164758034724788 -0.07741291047571482 -0.28051181102362205 -0.07046764894298527 -0.22102500345351567 0.07809499423889388 -0.11234626300851465 -0.015377336172226164 -0.14401772525849332 -0.10936347997050873 -0.16549038695546361 -0.05875734466808351 -0.16102858569466982 -0.06946264744429884 -0.14454111703620542 -2.7755575615628915e-18 -0.1601985559566787 -0.07022312832710387 -0.16891891891891891 -0.1497464921589435 -0.19182352235942932 -0.1149425287356322 -0.1628745492975258 -0.20908525202240197 -0.11055540931824162
-0.05513354569958344 -0.12130742446366394 -0.0816326530612245 -0.07877664504170528 -0.14525271610769958 -0.20683134381278806 -0.08480825958702065 -0.1827485380116959 0.03212954633080581 -0.10929717764250138 -0.0682939167825977 -0.19200195670783907 -0.17007611798287345 -0.11683096020445419 -0.24501136650669358 -0.21174442939800567 -0.25382059800664447 -0.21339886187273666 -0.08718626155878469 -0.1513678655742258 -0.003839754255727633 -0.23522167487684734 -0.10175106483672502 -0.3357034619419513 -1.368264216538366 -3.446327683615819 -2.2641256207220506 -0.7291132752434649 -0.17169684775318578 -0.3152566883586406 -0.08091446185461085 -0.09282399143163156 -0.03203987184051264 -0.06490384615384617 -1.842072794571252 -3.2741514360313326 -2.8699551569506725 -1.167129813418023 -0.27545566671234756 -0.29912695005009304 -0.03996003996003995 -0.07021178637200737 -0.1401760889712697 -0.06072382803011902 -0.13646422424391444 -0.27746671643648124 -0.3650570001280902 -0.44874274661508695 -0.2353874636339593 -0.042379073505772316 -0.04537650233014473 -0.24753050552004646 -0.06687067890740113 -0.2863566441841202 -0.09032100573660441 -0.2968944099378882 -0.02934047710167113 -0.2893033878949372 0.06019366657942947 -0.19395954558049322 0.018054886856042368 -0.15597718542660927 -0.1318706966973976 -0.08282319049333814 -0.10120957788200444 -0.20933382588351188 -0.07616431514546136 -0.2768208661417323 -0.07815502882767458 -0.21826219091034674 0.07937524004608884 -0.10643330179754021 0.005914360066240831 -0.12309207287050714 -0.09338903907594004 -0.17279143343879289 -0.06625828228528566 -0.15728373486456124 -0.06815203145478375 -0.14313780522031996 -0.0037518759379689863 -0.154557761732852 -0.06342734171480349 -0.15444015444015446 -0.13441811107180754 -0.18582903728569716 -0.10629094055122976 -0.16038791495710555 -0.21032980709396387 -0.10660700184259013
-0.05635873560401863 -0.11906099067729978 -0.08616780045351474 -0.05560704355885079 -0.134624468587624 -0.19737619666706063 -0.1044739429695182 -0.19005847953216373 0.03469991003727028 -0.11898173768677364 -0.04173517136714304 -0.18588724471077414 -0.14153187440532827 -0.09735913350371181 -0.19575650416771911 -0.21174442939800567 -0.2564784053156146 -0.22891877909984482 -0.06605019815059446 -0.1569226496319956 0.006399590426212724 -0.22044334975369456 -0.10293421675343113 -0.2587714185802541 -1.0417184007946363 -3.343377275580665 -2.5862300362367465 -0.8636596617119425 -0.17437961099932933 -0.3167028199566161 -0.0834831749293604 -0.07497322384862548 -0.026106562240417706 0.07572115384615383 -1.1264651449722394 -3.04046997389034 -3.3740997418127465 -1.5588196374222576 -0.3165684527888173 -0.30342063832832405 -0.011238761238761235 -0.05985267034990792 -0.11237256719184432 -0.04615010930289046 -0.09343496434718465 -0.24013935548090082 -0.3343153580120405 -0.49903288201160534 -0.2472890769637662 -0.05991524185298845 -0.050282070149619815 -0.23939570017431727 -0.06007027088291965 -0.2686072654123772 -0.09032100573660441 -0.27577639751552796 -0.024237785431815283 -0.28676563887831497 0.05888510861031143 -0.18703241895261846 0.022869523350987 -0.14666511465487136 -0.10619675574746179 -0.06601848517584924 -0.08763268328807702 -0.1970200714197759 -0.07741291047571482 -0.2731299212598426 -0.07431133888532993 -0.21549937836717778 0.11522212264754832 -0.10052034058656574 0.0461320085166785 -0.10216642048252092 -0.061440157286802646 -0.18009247992212216 -0.05875734466808351 -0.15353888403445265 -0.05242463958060288 -0.1417344934044345 0.003751875937968982 -0.14891696750902525 -0.03850945746970212 -0.13996138996139 -0.10965688008489564 -0.17983455221196498 -0.096403411197627 -0.15790128061668535 -0.2016179215930305 -0.10265859436693865
-0.037980887037490814 -0.11793777378411771 -0.05668934240362812 -0.04402224281742354 -0.11572980632971186 -0.1961943032738447 -0.11799410029498525 -0.20711500974658867 0.03469991003727027 -0.12174875484228002 -0.016441128114329077 -0.18221841751253515 -0.09633682207421504 -0.08032128514056225 -0.14776458701692347 -0.20682014034223806 -0.2697674418604651 -0.2534919813760993 -0.052840158520475564 -0.158311345646438 0.011519262767182903 -0.21674876847290642 -0.08282063416942737 -0.2191397598787737 -0.717655823193444 -3.204017576898933 -2.7996242115152326 -1.0084572014351614 -0.20120724346076463 -0.32393347794649313 -0.07706139224248652 -0.07378317267642508 -0.017799928800284796 0.09254807692307693 -0.4133251079580506 -2.740208877284595 -3.7885582280201113 -2.073574169644039 -0.38371933671371794 -0.32202662086732503 -0.004995004995004995 -0.05755064456721916 -0.10078776645041705 -0.025504007772649984 -0.0922055569215638 -0.19907925842976232 -0.3279108492378635 -0.5609284332688588 -0.28828352287754566 -0.06868332602659652 -0.03801815060093207 -0.24404416037187682 -0.037402244134648086 -0.25085788664063424 -0.07811546442084706 -0.27080745341614904 -0.02168643959688736 -0.30960538002791527 0.04710808688824915 -0.20088667220836798 0.022869523350987 -0.154813176580142 -0.08635780137705683 -0.06601848517584924 -0.08146136756356455 -0.20194557320527026 -0.09114745910850293 -0.2891240157480315 -0.08456117873158234 -0.21964359718193122 0.12930482652669312 -0.09697256385998107 0.06150934468890466 -0.09724273756770065 -0.030720078643401327 -0.17887563884156726 -0.07375921990248781 -0.14854574959430783 -0.05635648754914809 -0.13331462250912154 0.003751875937968981 -0.14666064981949456 -0.024917884245101368 -0.1254826254826255 -0.09197028652281572 -0.18223234624145784 -0.10258311704362873 -0.16163123212731567 -0.20784069695084004 -0.09739405106607002
-0.045332026464101935 -0.10445917106593286 -0.06235827664399093 -0.023169601482854494 -0.1192725555030704 -0.1961943032738447 -0.15117994100294987 -0.2168615984405458 0.025703637064644645 -0.12036524626452685 -0.03541166055393955 -0.17243487831723128 -0.11179828734538536 -0.06084945843981989 -0.14018691588785048 -0.19081620091099347 -0.31893687707641194 -0.24573202276254533 -0.06472919418758256 -0.1472017775308985 0.0025598361704850863 -0.21428571428571427 -0.0911026975863701 -0.20981466371371954 -0.3637943878817978 -2.911487758945386 -2.9204133673332437 -1.125064069707842 -0.21864520456069755 -0.32682574114244395 -0.07449267916773697 -0.06664286564322265 -0.013053281120208853 0.09254807692307693 0.09130166563849476 -2.2728459530026113 -4.069846446528061 -2.6809580521370915 -0.4385363848156777 -0.33777014455417204 -0.00874125874125874 -0.054097605893186004 -0.09615384615384615 -0.007286859363614284 -0.09220555692156382 -0.14308821699639168 -0.31638273344434487 -0.6099290780141844 -0.3213435599047871 -0.0789127575624726 -0.04292371842040717 -0.24753050552004646 -0.03740224413464808 -0.24612471896816945 -0.06835103136824118 -0.26956521739130435 -0.022962112514351325 -0.3222941251110265 0.04710808688824914 -0.20781379883624274 0.016851227732306212 -0.16296123850541266 -0.08402380674524448 -0.06961949345816829 -0.0740557886941496 -0.21549070311537988 -0.10488200774129104 -0.30880905511811024 -0.08712363869314543 -0.24036469125569832 0.12290359749071822 -0.08514664143803216 0.056777856635912005 -0.07508616445100935 -0.015974440894568686 -0.18374300316378678 -0.09501187648456055 -0.13356634627387343 -0.06028833551769332 -0.12349143979792312 -0.0087543771885943 -0.15568592057761732 -0.040774719673802244 -0.13875482625482627 -0.08371654286051174 -0.19302241937417577 -0.12112223458163393 -0.1566579634464752 -0.21281891723708773 -0.09739405106607
-0.04655721636853712 -0.09996630349320454 -0.06349206349206349 -0.018535681186283598 -0.10628247520075582 -0.1926486230941969 -0.18436578171091442 -0.23148148148148148 0.005140727412928929 -0.11344770337576093 -0.03161755406601745 -0.1602054543231014 -0.11179828734538536 -0.06206644760861628 -0.13766102551149278 -0.18958512864705157 -0.34285714285714286 -0.24831867563373003 -0.0726552179656539 -0.13886960144424387 0.028158197875335977 -0.20073891625615764 -0.07690487458589686 -0.18999883436297937 -0.04842314377948842 -2.386691776522285 -2.9351764863776673 -1.2314197847257815 -0.20791415157612342 -0.3167028199566161 -0.0732083226303622 -0.07140307033202427 -0.015426604960246827 0.08293269230769232 0.283775447254781 -1.6671018276762404 -4.2070933550754175 -3.412729919280138 -0.5070576949431274 -0.347788750536711 0.023726273726273728 -0.05870165745856354 -0.07066728452270622 0.006072382803011896 -0.08605851979345955 -0.12566878188378747 -0.2753938772896119 -0.6924564796905223 -0.34382438508331126 -0.1052170100832968 -0.019622271277900415 -0.24636839047065656 -0.014734217386376513 -0.22719204827831022 -0.04516050286830221 -0.27577639751552796 -0.0038270187523918838 -0.3413272427356935 0.0497252028264852 -0.20365752285951788 0.025276841598459315 -0.1652892561983471 -0.0700198389543704 -0.06481814908174287 -0.05801036781041717 -0.20687107499076468 -0.11237357972281181 -0.3014271653543307 -0.08456117873158234 -0.23345765989777595 0.14722826782742288 -0.09578997161778617 0.06269221670215283 -0.06770064007877893 0.007372818874416325 -0.21051350693599416 -0.10876359544943118 -0.1572837348645612 -0.07339449541284403 -0.14173449340443448 -3.469446951953614e-18 -0.15568592057761732 -0.04190735077585231 -0.14358108108108109 -0.06956726801084777 -0.19781800743316147 -0.11865035224323321 -0.1666045008081562 -0.20535158680771626 -0.09871018689128716
-0.01592746875765744 -0.1010895203863866 -0.03287981859410431 -0.011584800741427249 -0.06613131790269249 -0.18319347594846944 -0.17944936086529006 -0.24366471734892786 0.016707364092019023 -0.11206419479800775 -0.012647021626406985 -0.16265133912192736 -0.08444338725023788 -0.058415480102227094 -0.11619095731245263 -0.17481226147974888 -0.3388704318936877 -0.25090532850491465 -0.06737120211360634 -0.12914872934314678 0.05247664149494432 -0.1958128078817734 -0.04850922858495031 -0.1876675603217158 0.11671219269927986 -1.7388575015693657 -2.8492819755737484 -1.3313685289595079 -0.19181757209926226 -0.3311641359363703 -0.059080400719239666 -0.07021301915982386 -0.00711997152011392 0.08293269230769232 0.3318938926588526 -1.0704960835509139 -4.17312134800924 -4.136562127828503 -0.5865424146909688 -0.36353227422355805 0.032467532467532464 -0.05755064456721916 -0.05560704355885079 0.025504007772649988 -0.0774526678141136 -0.1194475550578574 -0.25489944921224544 -0.7620889748549323 -0.391430838402539 -0.12129183106824493 -0.006131959774343883 -0.23707147007553747 0.007933809361895047 -0.21535912909714824 -0.023190528499938978 -0.2708074534161491 0.0 -0.3527471133104935 0.04187385501177701 -0.20504294818509283 0.04935002407318247 -0.154813176580142 -0.03734391410899754 -0.05521546032889209 -0.023450999753147368 -0.1896318187415343 -0.09489324509926332 -0.28789370078740156 -0.07687379884689302 -0.21964359718193122 0.15875048009217768 -0.09578997161778617 0.07925242488762715 -0.06770064007877893 0.04055050380928975 -0.18739352640545143 -0.11251406425803223 -0.13356634627387343 -0.07339449541284404 -0.15155767611563292 0.021260630315157576 -0.1500451263537906 -0.010193679918450561 -0.13272200772200773 -0.05188067444876784 -0.16784558206450065 -0.11370658756643184 -0.14795474325500438 -0.19788425637834475 -0.09212950776520136
-0.007351139426611124 -0.10221273727956867 -0.0011337868480725572 -0.012743280815569974 -0.03542749173358527 -0.16310128826379858 -0.1733038348082596 -0.25462962962962965 0.030844364477573584 -0.09269507470946321 -0.010117617301125585 -0.16387428152134037 -0.07017126546146527 -0.051113545089448695 -0.1111391765597373 -0.17358118921580695 -0.3362126245847176 -0.2793585100879462 -0.06737120211360634 -0.14581308151645606 0.06271598617688467 -0.187192118226601 -0.03076194983435873 -0.18183937521855692 0.16265209833623046 -1.1299435028248588 -2.6560193262649308 -1.3826242952332133 -0.18376928236083168 -0.33261026753434564 -0.062933470331364 -0.07140307033202427 1.3877787807814458e-18 0.07572115384615385 0.32449105490438 -0.6344647519582246 -4.003261312678353 -4.978165938864629 -0.7002877895025352 -0.3721196507800201 0.04120879120879121 -0.04834254143646409 -0.040546802594995365 0.04007772649987855 -0.0626997787066634 -0.12318029115341542 -0.2267196106058665 -0.8394584139264991 -0.43903729172176675 -0.13152126260412098 0.0012263919548687718 -0.2300987797791981 0.0362688427972345 -0.20115962607975385 -0.004882216526302943 -0.2546583850931677 0.008929710422247734 -0.3400583682273823 0.03140539125883275 -0.19811582155721807 0.0601829561868079 -0.1513211500407403 -0.012836970474967901 -0.04321209938782859 -0.0037027894347074737 -0.16007880802856794 -0.09614184042951679 -0.27436023622047245 -0.07431133888532993 -0.2003039093797486 0.16131097170656766 -0.10288552507095552 0.10764135320558317 -0.06277695716395865 0.05529614155812239 -0.1654903869554636 -0.12876609576197023 -0.12482836100362002 -0.07732634338138926 -0.15857423519506036 0.030015007503751873 -0.14891696750902528 0.003397893306150184 -0.12548262548262548 -0.03537318712415989 -0.1510610238580506 -0.10134717587442839 -0.1367648887231133 -0.18668326073428748 -0.08949723611476705
-0.015927468757657437 -0.09771986970684039 0.004535147392290258 0.0034754402224281694 -0.024799244213509694 -0.12409880628767282 -0.17822025565388394 -0.27899610136452246 0.024418455211412414 -0.08301051466519094 -0.011382319463766284 -0.15775956952427544 -0.07611798287345385 -0.036509675063891925 -0.1073503409952008 -0.16742582789609753 -0.3215946843853821 -0.3259182617692705 -0.07133421400264202 -0.15136786557422582 0.056316395750671946 -0.18226600985221678 -0.027212494084240417 -0.18067373819792515 0.15644400297988575 -0.5285624607658506 -2.3433096228694135 -1.4185033316248077 -0.18376928236083165 -0.33550253073029646 -0.07063960955561265 -0.07021301915982388 -0.0035599857600569587 0.08533653846153846 0.31215299198025914 -0.18929503916449084 -3.652670199755401 -5.87402408363107 -0.8263670001370425 -0.36782596250178906 0.03496503496503496 -0.03222836095764273 -0.032437442075996296 0.06072382803011902 -0.049176297024834024 -0.11820330969267137 -0.1959779684898168 -0.9400386847195357 -0.519703782068236 -0.13736665205319304 -0.006131959774343884 -0.22312608948285878 0.04193584948430239 -0.17867707963554605 -0.006102770657878678 -0.23726708074534159 0.0038270187523918872 -0.32356299961933754 0.001308557969118021 -0.20227209753394293 0.058979297063071735 -0.1501571411942731 -0.0023339946318123453 -0.0360100828231905 0.007405578869414965 -0.15022780445757913 -0.08365588712698215 -0.26082677165354334 -0.06790518898142217 -0.18787125293548834 0.15490974267059276 -0.09342478713339639 0.10645848119233499 -0.05046774987690793 0.05775374784959449 -0.12533463129715255 -0.14751843980497564 -0.11858694295343904 -0.09043250327653998 -0.15857423519506034 0.022511255627813902 -0.13650722021660652 -0.00792841771435044 -0.10376447876447877 -0.04598514326140786 -0.13307756863685408 -0.10381905821282907 -0.13054830287206268 -0.1953951462352209 -0.0881811002895499
-0.025728987993138934 -0.08985735145456589 -0.0022675736961451248 0.004633920296570895 -0.030703826169107228 -0.09809715163692236 -0.18190757128810225 -0.31920077972709554 0.017992545945251254 -0.07194244604316549 -0.03161755406601745 -0.13941543353308058 -0.08920076117982872 -0.017037848363149567 -0.11619095731245263 -0.13911116582543398 -0.3096345514950166 -0.3621314019658562 -0.07793923381770146 -0.14164699347312873 0.048636887239216685 -0.16625615763546797 -0.04377662091812588 -0.17018300501223918 0.13037000248323816 -0.1192718141870684 -1.9017581532680172 -1.3980010251153252 -0.18242790073775988 -0.3152566883586406 -0.10017980991523248 -0.05831250743781983 -0.036786519520588576 0.09014423076923075 0.2652683528685996 0.08224543080939947 -3.1920097839380355 -6.612412332936351 -0.9853364396327257 -0.35780735651925005 0.007492507492507491 -0.031077348066298343 -0.05444856348470806 0.06922516395433569 -0.06269977870666339 -0.12069180042304342 -0.18060714743179196 -1.067698259187621 -0.6585559375826501 -0.132982609966389 -0.024527839097375524 -0.21963974433468908 0.014734217386376517 -0.17512720388119749 -0.024411082631514713 -0.22732919254658385 -0.019135093761959432 -0.3019921329780485 -0.04579952891913112 -0.21335550013854254 0.04212806933076553 -0.15946921196601094 -0.022172949002217286 -0.04321209938782859 -0.01481115773882991 -0.15761605713582072 -0.09364464976900985 -0.2546751968503937 -0.08840486867392697 -0.17820140903439702 0.13442580975547308 -0.09105960264900662 0.09462976105985332 -0.05169867060561299 0.047923322683706075 -0.08761255779995133 -0.1637704713089136 -0.10360753963300462 -0.09305373525557012 -0.14313780522031996 -0.002501250625312662 -0.12522563176895307 -0.03624419526560199 -0.09652509652509653 -0.08135833038556775 -0.12468528953362905 -0.14336917562724016 -0.1317916200422728 -0.2302426882389546 -0.09607791524085288
-0.024503798088703746 -0.0797483994159272 0.004535147392290254 0.01506024096385542 -0.016532829475673128 -0.08036875073868335 -0.14626352015732544 -0.3362573099415204 0.03212954633080581 -0.05534034311012729 -0.036676362716580244 -0.13941543353308058 -0.07611798287345385 -0.020688815869538763 -0.10356150543066431 -0.12680044318601505 -0.2750830564784053 -0.39834454216244175 -0.06605019815059446 -0.13748090542980146 0.05247664149494433 -0.14901477832512314 -0.04259346900141978 -0.16202354586781675 0.12540352619816242 -0.09416195856873824 -1.40383841095155 -1.3044592516658124 -0.15023474178403756 -0.2993492407809111 -0.09504238376573337 -0.03332143282161132 -0.02966654800047467 0.10456730769230768 0.2689697717458359 0.1266318537859008 -2.4949041989400738 -6.632261479423053 -1.0387830615321365 -0.340632603406326 -0.009990009990009988 -0.03337937384898711 -0.04749768303985171 0.07408307019674523 -0.049176297024834024 -0.10949359213636929 -0.17292173690277957 -1.3900709219858158 -0.8595609627082782 -0.1695162940230893 -0.031886190826588175 -0.21963974433468908 0.0260682307605123 -0.17157732812684887 -0.006102770657878678 -0.22608695652173916 -0.007654037504783773 -0.2753457683035148 -0.07197068830149175 -0.2258243280687171 0.03972075108329322 -0.15714119427307646 -0.014003967790874077 -0.048013443764253996 0.007405578869414961 -0.1502278044575791 -0.06992133849419403 -0.22883858267716536 -0.07046764894298527 -0.1740571902196436 0.12930482652669312 -0.09697256385998107 0.10054412112609416 -0.04800590841949778 0.05775374784959451 -0.07422730591384766 -0.14501812726590824 -0.08737985270253402 -0.08387942332896463 -0.1277013752455796 -0.01625812906453227 -0.12296931407942238 -0.027183146449201494 -0.10497104247104247 -0.06720905553590377 -0.1150941134156576 -0.1260659992584353 -0.10319532512744001 -0.2140634723086497 -0.08554882863911556
-0.019603038470962997 -0.05953049533864989 0.018140589569160998 0.02896200185356812 -0.0129900803023146 -0.05318520269471695 -0.11922320550639132 -0.344785575048733 0.019277727798483486 -0.03597122302158274 -0.034146958391298846 -0.1308548367371897 -0.08563273073263558 -0.017037848363149567 -0.10987623137155847 -0.10710328696294473 -0.2578073089700996 -0.4358510087946197 -0.07793923381770144 -0.14859047354534094 0.055036477665429406 -0.11822660098522168 -0.030761949834358725 -0.15153281268213079 0.1105040973429352 -0.07532956685499059 -1.0548919608106293 -1.1865709892362892 -0.1448692152917505 -0.28054953000723065 -0.08091446185461085 -0.014280614066404846 -0.02847988608045568 0.10216346153846152 0.24429364589759409 0.12402088772845957 -1.9309688816415271 -6.461558819637423 -1.0620803069754694 -0.34778875053671104 -0.012487512487512491 -0.044889502762430936 -0.05097312326227989 0.06558173427252856 -0.04179985247110892 -0.09082991165857907 -0.1575509158447547 -1.7163120567375887 -1.2298333774133827 -0.22797018851380974 -0.02207505518763797 -0.20569436374201047 0.039669046809475236 -0.1573778251094545 0.01342609544733309 -0.21863354037267083 -1.3877787807814458e-18 -0.23981728207080316 -0.1059931954985606 -0.23413688002216682 0.04814636494944631 -0.15015714119427306 -0.015170965106780255 -0.06001680470531749 0.01727968402863491 -0.1551533062430735 -0.06492695717318017 -0.21038385826771658 -0.07046764894298527 -0.17682000276281257 0.13570605556266804 -0.08278145695364238 0.08989827300686067 -0.03938946331856229 0.05529614155812239 -0.0596252129471891 -0.13501687710963872 -0.07240044938209962 -0.08125819134993448 -0.12910468706146505 -0.012506253126563286 -0.10604693140794223 -0.01925472873485106 -0.08928571428571427 -0.06602994929843178 -0.11269631938616473 -0.12730194042763565 -0.08578888474449832 -0.21032980709396387 -0.08028428533824691
-0.008576329331046312 -0.0336965067954622 0.023809523809523808 0.03475440222428174 -0.005904581955597543 -0.047275735728637275 -0.08726647000983286 -0.3594054580896686 0.019277727798483486 -0.023519645821804103 -0.03161755406601745 -0.1259630671395377 -0.08325404376784015 -0.0036509675063891925 -0.1111391765597373 -0.08863720300381632 -0.2338870431893688 -0.45913088463528196 -0.08586525759577278 -0.1444243855020136 0.0575963138359145 -0.11576354679802955 -0.01893043066729768 -0.14337335353770836 0.09560466848770797 -0.08662900188323917 -0.7059455106697088 -1.0738083034341364 -0.13950368879946345 -0.27042660882140274 -0.06678653994348831 -0.008330358205402824 -0.02729322416043669 0.09495192307692309 0.21961752004935226 0.1122715404699739 -1.3670335643429812 -6.085748312822549 -1.0853775524188025 -0.327751538571633 -0.014985014985014988 -0.054097605893186004 -0.05444856348470806 0.06315278115132379 -0.03442340791738382 -0.07216623118078885 -0.14218009478672983 -1.994842037395229 -1.6001057921184874 -0.25135174631009793 -0.01226391954868776 -0.199883788495061 0.053269862858438176 -0.1573778251094545 0.032954961552544855 -0.21987577639751552 0.007654037504783773 -0.2360106585458698 -0.1400157026956294 -0.2687725131615406 0.04935002407318247 -0.14666511465487136 -0.03150892752946668 -0.0648181490817429 0.019748210318439895 -0.1526905553503263 -0.05618678986140592 -0.19315944881889763 -0.07046764894298527 -0.1740571902196436 0.1305850723338881 -0.0792336802270577 0.06269221670215283 -0.02954209748892171 0.04423691324649791 -0.04502311998053053 -0.12876609576197026 -0.06865559855199102 -0.07732634338138926 -0.12208812798203761 -0.012506253126563286 -0.1026624548736462 -0.026050515347151432 -0.08325289575289577 -0.06367173682348778 -0.1150941134156576 -0.1235941169200346 -0.07957229889344772 -0.19788425637834475 -0.08028428533824691
-0.007351139426611123 -0.035942940581826344 0.03514739229024943 0.028962001853568113 0.002361832782239018 -0.04609384233542134 -0.060226155358898734 -0.37402534113060426 0.030844364477573577 -0.011068068622025456 -0.020235234602251163 -0.1271860095389507 -0.09633682207421504 -0.0012169891687963952 -0.09850972467794898 -0.07755755262833927 -0.1887043189368771 -0.4746508018623901 -0.08058124174372525 -0.13886960144424387 0.07551516702931012 -0.11576354679802955 -0.033128253667770946 -0.14104207949644482 0.09436304941643905 -0.08537350910232268 -0.4455777747953295 -0.9584828293182983 -0.09523809523809525 -0.2588575560375994 -0.05394297456974055 2.0816681711721684e-18 -0.017799928800284796 0.09254807692307693 0.21961752004935226 0.1122715404699739 -0.8588123386329662 -5.5908429270874676 -1.0237083733040977 -0.30198940890224696 -0.009990009990009992 -0.06445672191528545 -0.0613994439295644 0.047364585863492834 -0.012294074256208504 -0.0597237775289287 -0.1024721403868323 -2.1779497098646035 -2.008727849775192 -0.28350138827999416 -0.008584743684081433 -0.20337013364323067 0.04873625750878386 -0.1632942847000355 0.04516050286830221 -0.222360248447205 0.012756729174639622 -0.24743052912066993 -0.18450667364564252 -0.3061789969520643 0.06620125180548869 -0.1489931323478058 -0.02684093826584199 -0.06601848517584924 0.04566773636139225 -0.1576160571358207 -0.02247471594456237 -0.1894685039370079 -0.048686739269698916 -0.18096422157756598 0.13186531814108307 -0.08159886471144748 0.054412112609415655 -0.036927621861152136 0.04423691324649791 -0.05597468970552445 -0.11126390798849857 -0.07989015104231681 -0.06553079947575362 -0.12770137524557956 0.007503751875937964 -0.1105595667870036 -0.03058103975535168 -0.10497104247104247 -0.04480603702393586 -0.11749190744515045 -0.1099987640588308 -0.06713912719134651 -0.17921593030491598 -0.07765201368781258
-0.012251899044351876 -0.047175109513647076 0.04081632653061224 0.022011121408711767 0.01889466225791214 -0.059094669660796594 -0.013520157325467056 -0.39108187134502925 0.0398406374501992 -0.01798561151079137 0.0025294043252814045 -0.13207777913660265 -0.07254995242626071 -0.0012169891687963974 -0.06441020459712048 -0.07263326357257172 -0.10498338870431898 -0.49405069839627525 -0.04755614266842802 -0.13053742535758922 0.08575451171125048 -0.11206896551724137 -0.009465215333648842 -0.13871080545518127 0.09808790663024584 -0.09541745134965475 -0.25902563414306806 -0.8482829318298307 -0.04963112005365526 -0.23861171366594358 -0.044952478808117126 -0.0023801023444008093 -0.001186661920018986 0.08774038461538461 0.21221468229487966 0.08093994778067884 -0.453866014404131 -4.974196109567289 -0.9401123749486091 -0.28910834406755404 -0.007492507492507491 -0.07596685082872928 -0.05792400370713624 0.04129220306048093 0.008605851979345956 -0.048525569242254575 -0.05123607019341615 -2.3584784010315927 -2.454377148902407 -0.30396025135174637 -0.002452783909737552 -0.20337013364323067 0.06913748158222827 -0.1585611170275707 0.06590992310508972 -0.22360248447204975 0.043372879193774715 -0.2550437761705367 -0.2957341010206752 -0.33942920476586314 0.07583052479537795 -0.15248515888720754 -0.011669973159061731 -0.06241747689353019 0.05924463095531968 -0.15761605713582072 0.009988762642027716 -0.18208661417322836 -0.029468289557975657 -0.17129437767647465 0.1446677762130329 -0.08869441816461683 0.05914360066240831 -0.03938946331856229 0.06144015728680265 -0.0644925772694086 -0.07500937617202151 -0.08987641992260641 -0.05635648754914811 -0.1262980634296941 0.028764382191095544 -0.10604693140794223 -1.3877787807814458e-18 -0.09652509652509653 -0.02122391227449593 -0.10909962834192541 -0.07662835249042145 -0.057192589829665554 -0.14436838830118232 -0.0737036062121611
-0.0098015192354815 -0.05616084465910367 0.03741496598639456 0.026645041705282663 0.020075578649031648 -0.06500413662687624 0.015978367748279255 -0.40326510721247555 0.0359850918905025 -0.02628666297731046 -0.0037941064879220875 -0.1479760303289715 -0.0784966698382493 -0.0012169891687963965 -0.06567314978529931 -0.07878862489228118 -0.07308970099667776 -0.519917227108122 -0.050198150594451776 -0.14164699347312873 0.07039549468833994 -0.11576354679802955 -0.024846190250828203 -0.13987644247581305 0.06580581077725353 -0.09165097300690521 -0.17849953026439402 -0.7291132752434649 -0.0670690811535882 -0.21836587129428775 -0.033393269971744154 0.002380102344400811 -0.0035599857600569587 0.0829326923076923 0.1826033312769895 0.0731070496083551 -0.17121891561353444 -4.204049225883287 -0.8400712621625326 -0.25619006726778304 -0.02872127872127872 -0.08977900552486187 -0.07298424467099165 0.026718484333252364 0.0024588148512416997 -0.03608311559039443 -0.04995516843858076 -2.413926499032882 -2.8431631843427665 -0.33026450387257056 -0.02084866323276919 -0.20801859384079022 0.05440326419585175 -0.15382794935510588 0.061027706578786776 -0.2111801242236025 0.03571884168899094 -0.2956477604364928 -0.6176393614237111 -0.3768356885563868 0.06981222917669716 -0.15830520311954369 -0.01983895437040495 -0.06121714079942383 0.06418168353492966 -0.15884743258219433 0.034960669247097016 -0.19315944881889763 -0.03843689942344651 -0.18372703412073493 0.13186531814108307 -0.08987701040681172 0.05204636858291933 -0.04431314623338257 0.06389776357827476 -0.06084205402774397 -0.07625953244155519 -0.09736612158282361 -0.08781127129750985 -0.12489475161380861 0.022511255627813902 -0.11394404332129963 -0.003397893306150185 -0.09531853281853281 -0.02004480603702393 -0.10550293729768612 -0.07044864664441972 -0.049732686808404813 -0.1269446172993155 -0.07107133456172678
-0.022053418279833377 -0.05616084465910367 0.021541950113378682 0.016218721037998145 0.015351913084553612 -0.06618603002009218 0.0344149459193707 -0.40326510721247566 0.028274000771109108 -0.040121748754842285 -0.015176425951688374 -0.1467530879295585 -0.10347288296860133 0.004867956675185589 -0.06567314978529931 -0.0726332635725717 -0.03455149501661129 -0.5263838592860839 -0.04095112285336856 -0.15553395361755312 0.058876231921157055 -0.11576354679802955 -0.03549455750118315 -0.13987644247581302 0.039731810280605906 -0.0903954802259887 -0.12347335928063348 -0.6214761660686827 -0.050972501676727025 -0.20245842371655823 -0.04366812227074236 0.007140307033202428 -0.008306633440132907 0.07932692307692307 0.1431215299198026 0.05221932114882506 -0.00951216197852971 -3.428609236469499 -0.7181033301356722 -0.23615285530270502 -0.0462037962037962 -0.1024401473296501 -0.09267840593141798 0.017002671848433328 0.0012294074256208535 -0.02986188876446435 -0.02561803509670809 -2.404900064474533 -3.0137529754033325 -0.36241414584246684 -0.02943340691685062 -0.21731551423590934 0.04646945483395671 -0.15737782510945447 0.06713047723666546 -0.2111801242236025 0.0471998979461666 -0.40096434462631647 -1.144988222978278 -0.458575782765309 0.0541646605681271 -0.1583052031195437 -0.04084490605671607 -0.058816468611211134 0.05183905208590471 -0.15515330624307352 0.029966287926083156 -0.20054133858267717 -0.05637411915438821 -0.20306672192291755 0.11906286006913325 -0.1052507095553453 0.0319375443577005 -0.06277695716395863 0.06635536986974686 -0.08517887563884156 -0.05500687585948244 -0.1423043315441268 -0.10353866317169069 -0.14313780522031996 0.012506253126563279 -0.11620036101083031 -0.013591573224600747 -0.10135135135135134 -0.02240301851196792 -0.11149742237141828 -0.05561735261401557 -0.06340917568071615 -0.1057871810827629 -0.08423269281389839
-0.02450379808870375 -0.05616084465910367 0.006802721088435373 0.00926784059314179 0.00826641473783656 -0.07445928377260372 0.04178957718780728 -0.39473684210526316 0.015422182238786785 -0.06087437742114001 -0.01770583027696977 -0.1467530879295585 -0.11536631779257848 0.003650967506389195 -0.06567314978529933 -0.0738643358365136 -0.026578073089700994 -0.512157268494568 -0.04095112285336856 -0.1402582974586863 0.07551516702931013 -0.1145320197044335 -0.02602934216753431 -0.150367175661499 0.03104047678172337 -0.11299435028248588 -0.08723661253523016 -0.5356227575602255 -0.03219315895372233 -0.1952277657266811 -0.02954020035961983 0.013090562894204452 -0.005933309600094932 0.07451923076923075 0.12461443553362121 0.030026109660574413 0.07202065498029624 -2.52348815667593 -0.5865424146909689 -0.207528266781165 -0.04245754245754245 -0.10589318600368325 -0.10078776645041705 0.013359242166626184 0.004917629702483406 -0.028617643399278338 -0.015370821058024859 -2.3043197936814956 -3.0044961650357047 -0.36241414584246684 -0.017169487368162862 -0.23939570017431727 0.03740224413464808 -0.1727606200449651 0.06468936897351397 -0.22360248447204972 0.034443168771526984 -0.5278517954574292 -1.8215126930123007 -0.5333887503463564 0.051757342320654785 -0.15714119427307646 -0.0525148792157778 -0.05401512423478574 0.048136262651197234 -0.15884743258219433 0.04120364589836434 -0.2128444881889764 -0.09609224855861627 -0.22655062853985358 0.11394187684035335 -0.10170293282876064 0.017743080198722498 -0.055391432791728215 0.06512656672401082 -0.07666098807495741 -0.040005000625078134 -0.1385594807140182 -0.0891218872870249 -0.13331462250912152 0.01750875437718859 -0.1128158844765343 -0.021519990938951183 -0.11100386100386102 -0.029477655936799897 -0.11389521640091119 -0.060561117290816945 -0.07708566455302748 -0.11574362165525824 -0.08028428533824691
-0.02082822837539819 -0.061776929125014035 -0.0011337868480725641 0.0 0.001180916391119509 -0.08627821770476302 0.045476892822025564 -0.36306042884990253 0.010281454825857858 -0.06225788599889319 -0.008852915138484888 -0.1467530879295585 -0.11655566127497621 0.007301935012778387 -0.05935842384440515 -0.057860396405268986 -0.014617940199335544 -0.45266425245732017 -0.047556142668427996 -0.11942785724204971 0.09855369256367592 -0.09852216748768473 -0.013014671083767155 -0.1363795314139177 0.03352371492426124 -0.09918392969240426 -0.049657764058515644 -0.4395181957970272 -0.006706908115358824 -0.16485900216919738 -0.0154122784484973 0.013090562894204452 1.3877787807814458e-18 0.06370192307692307 0.10857495373226404 0.002610966057441244 0.08968609865470853 -1.5522032552600238 -0.4289434013978347 -0.19750966079862603 -0.02372627372627372 -0.10819521178637201 -0.10194624652455977 0.021860578090842846 0.018441111384312762 -0.02488490730372029 0.012809017548354031 -2.1650548033526755 -2.9542449087542977 -0.3667981879292709 -0.017169487368162865 -0.24869262056943642 0.037402244134648086 -0.18104366347177847 0.07201269376296839 -0.2285714285714286 0.025513458349279244 -0.6763101129298312 -2.484951583355143 -0.6082017179274037 0.05777563793933558 -0.1687812827377488 -0.05368187653168397 -0.05521546032889209 0.04073068378178228 -0.17362393793867753 0.016231739293295043 -0.2706692913385827 -0.2985265855221012 -0.280425473131648 0.12930482652669312 -0.10052034058656574 0.02365744026496333 -0.05908419497784342 0.07372818874416318 -0.06692625943051837 -0.0012501562695336893 -0.11484209212333044 -0.039318479685452164 -0.11366825708672468 0.028764382191095544 -0.1105595667870036 -0.018122097632801 -0.09652509652509653 -0.020044806037023934 -0.08991727610598249 -0.0457298232604128 -0.04475941812756434 -0.12818917237087743 -0.04474861805738352
-0.007351139426611125 -0.05953049533864989 0.005668934240362811 0.004633920296570899 0.00944733112895607 -0.07800496395225151 0.05530973451327433 -0.32041910331384016 -0.014137000385554554 -0.07332595462091865 0.011382319463766282 -0.1577595695242754 -0.0939581351094196 0.00486795667518559 -0.04041424602172266 -0.06894004678074603 0.003986710963455151 -0.40222452146921883 -0.0607661822985469 -0.13470351340091655 0.11775246384231411 -0.11576354679802955 0.0023663038334122096 -0.13754516843454948 0.03973181028060591 -0.10797237915881983 -0.01878942423835726 -0.38826242952332135 0.005365526492287053 -0.17353579175704986 0.020549704597996404 0.0023801023444008093 0.02135991456034176 0.06490384615384615 0.11351017890191242 -0.016971279373368148 0.11414594374235629 -0.7053063384941114 -0.2754556667123476 -0.19750966079862603 0.0012487512487512522 -0.10474217311233887 -0.08225208526413345 0.029147437454457126 0.03934103761986722 -0.03235037949483638 0.03586524913539132 -1.981947130883301 -2.8127479502777044 -0.3667981879292708 -0.007358351729212656 -0.2579895409645555 0.05780346820809249 -0.1680274523725003 0.09154155986818016 -0.2360248447204969 -1.1102230246251566e-17 -0.892018779342723 -3.0620256477361947 -0.6830146855084512 0.07823784304285028 -0.1687812827377488 -0.04084490605671606 -0.04201176329372225 0.06294742039002714 -0.1686984361531831 0.021226120614308907 -0.3875492125984252 -0.4804612427930814 -0.3508771929824561 0.14466777621303292 -0.0946073793755913 0.042583392476934 -0.04062038404726735 0.08601622020152372 -0.05597468970552446 0.02750343792974122 -0.10360753963300459 -0.00393184796854521 -0.12629806342969407 0.04627313656828414 -0.11394404332129963 0.002265262204100125 -0.08445945945945946 0.005895531187359982 -0.07912720297326457 -0.012359411692003459 -0.04475941812756434 -0.1281891723708774 -0.03948407475651487
-0.004900759617740751 -0.04492867572728294 0.015873015873015872 0.01969416126042632 0.012990080302314596 -0.06382224323366031 0.07866273352999016 -0.2643762183235867 0.007711091119393399 -0.058107360265633644 -0.0037941064879220944 -0.15286779992662344 -0.09633682207421503 0.017037848363149567 -0.046728971962616814 -0.06278468546103656 0.003986710963455149 -0.35178479048111744 -0.05680317040951123 -0.12776003332870436 0.10239344681940354 -0.11822660098522167 0.003549455750118311 -0.13521389439328593 0.032282095852992305 -0.11173885750156938 -0.006710508656556161 -0.36135315222962583 0.014755197853789401 -0.16485900216919736 0.02183406113537118 0.0035701535166012127 0.032039871840512636 0.06971153846153846 0.10487353485502778 -0.030026109660574413 0.1195814648729447 -0.4075691411935953 -0.13156091544470333 -0.17174753112924002 -0.003746253746253747 -0.0943830570902394 -0.08109360518999073 0.04615010930289045 0.043029259896729774 -0.017419435112604204 0.06020238247726399 -1.5770470664087688 -2.573393282200476 -0.31272833552535445 -0.017169487368162865 -0.2556653108657757 0.04986965884619744 -0.1621109927819193 0.0866593433418772 -0.24223602484472048 -0.021686439596887364 -0.9491181322167238 -3.0463229521067783 -0.6788584095317263 0.08666345690900337 -0.1676172738912816 -0.024506943634029638 -0.03360941063497779 0.0715872624043446 -0.1822435660632927 -0.04994381321013859 -0.4933562992125985 -0.48942985265855227 -0.36054703688354744 0.13058507233388814 -0.08041627246925259 0.04140052046368583 -0.03077301821762679 0.07372818874416319 -0.04867364322219518 0.011251406425803223 -0.12108351017351142 -0.01310615989515071 -0.11086163345495367 0.04377188594297149 -0.1128158844765343 0.004530524408200248 -0.06636100386100387 0.0 -0.07792830595851816 -0.019775058707205535 -0.053462638319035194 -0.13441194772868698 -0.03685180310608054
-0.002450379808870375 -0.06514657980456026 0.004535147392290248 0.015060240963855423 0.015351913084553614 -0.07209549698617183 0.08357915437561456 -0.24975633528265107 0.028274000771109115 -0.07470946319867183 -0.01644112811432908 -0.1491989727283845 -0.09752616555661275 0.024339783375927952 -0.039151300833543824 -0.05293610734950142 0.011960132890365448 -0.29229177444386967 -0.04491413474240423 -0.10970698514095267 0.09471393830794828 -0.13054187192118225 -0.003549455750118317 -0.13871080545518127 0.032282095852992305 -0.11424984306340238 0.0067105086565561675 -0.3395694515633009 0.03219315895372234 -0.17208966015907445 0.017980991523246854 -0.003570153516601214 0.026106562240417706 0.07932692307692309 0.10610734114743987 -0.022193211488250663 0.1222992254382389 -0.24215958713775304 -0.04248321227901878 -0.14026048375554598 -0.016233766233766232 -0.09093001841620627 -0.08688600556070435 0.05465144522710712 0.047946889599213185 -0.01990792584297623 0.057640578967593184 -1.1708575112830433 -2.1608040201005023 -0.2645038725705101 -0.013490311503556535 -0.2684485764090645 0.05440326419585175 -0.1692107442906165 0.09032100573660441 -0.25590062111801243 -0.045924225028702644 -0.9833777439411243 -3.00575765506412 -0.6636187309504018 0.09268175252768415 -0.16994529158421603 -0.012836970474967907 -0.020405713599807945 0.08269563070846704 -0.2044083240980175 -0.1286053190161069 -0.5462598425196851 -0.4919923126201152 -0.3619284431551319 0.12802458071949815 -0.09697256385998107 0.05914360066240833 -0.038158542589857215 0.07127058245269109 -0.06205889510829886 -0.00625078134766846 -0.14854574959430783 -0.014416775884665781 -0.11086163345495367 0.05002501250625313 -0.13199458483754514 -0.002265262204100124 -0.08325289575289575 -0.0011791062374719961 -0.0863205850617432 -0.023482882214806575 -0.07086907870197687 -0.14312383322962038 -0.03948407475651487
-2.0816681711721684e-18 -0.0853644838818376 0.01927437641723356 0.010426320667284526 0.021256495040151157 -0.08036875073868337 0.09464110127826941 -0.23513645224171542 0.04883691042282483 -0.09131156613171001 -0.029088149740736063 -0.1479760303289715 -0.10704091341579447 0.019471826700742365 -0.053043697903510975 -0.0566293241413271 -0.003986710963455151 -0.2534919813760993 -0.046235138705416116 -0.1110956811553951 0.1036733649046461 -0.12561576354679801 0.004732607666824421 -0.14337335353770836 0.04345666749441272 -0.10169491525423728 0.032210441551469605 -0.29856483854433624 0.06572769953051642 -0.16485900216919738 0.02440277421012073 -0.0011900511722004049 0.03322653376053162 0.08774038461538462 0.10734114743985194 -0.03916449086161881 0.13317026769941567 -0.19319835913722377 0.050705769494312734 -0.1431229426077 -0.01748251748251748 -0.0748158379373849 -0.08109360518999073 0.06558173427252853 0.047946889599213185 -0.009953962921488115 0.04867426668374537 -0.7930367504835589 -1.7468923565194394 -0.21043402016659365 0.001226391954868776 -0.26380011621150495 0.06007027088291965 -0.17039403620873267 0.09398266813133162 -0.2670807453416149 -0.05868095420334226 -0.9821088694328133 -2.957341010206752 -0.6428373510667774 0.09870004814636495 -0.16063322081247816 -0.0011669973159061722 -0.013203697035169845 0.08146136756356455 -0.24134958748922547 -0.17230615557497814 -0.575787401574803 -0.4804612427930814 -0.3688354745130543 0.12546408910510817 -0.08396404919583729 0.07688668086113085 -0.03692762186115214 0.06881297616121898 -0.07057678267218301 -0.023752969121140145 -0.14854574959430783 -0.015727391874180853 -0.11366825708672468 0.05627813906953476 -0.1342509025270758 -0.009061048816400496 -0.09652509652509653 -0.0023582124749439936 -0.09830955520920753 -0.027190705722407615 -0.08827551908491857 -0.15183571873055382 -0.051329297183469326
-0.0036755697133055653 -0.07974839941592722 0.005668934240362811 0.026645041705282667 0.01771374586679263 -0.07564117716581964 0.09709931170108159 -0.20102339181286552 0.04883691042282483 -0.09131156613171001 -0.049323384342987234 -0.1455301455301455 -0.12963843958135107 0.008518924181574785 -0.08209143723162414 -0.07140219130862982 -0.029235880398671095 -0.2263321262286601 -0.05680317040951123 -0.12498264129981948 0.08959426596697813 -0.11945812807881775 -0.004732607666824424 -0.15969227182655318 0.032282095852992305 -0.09918392969240426 0.032210441551469605 -0.25371604305484363 0.06841046277665996 -0.17208966015907448 0.02311841767274595 0.0011900511722004042 0.02966654800047467 0.09615384615384617 0.09253547193090686 -0.05613577023498695 0.110069302894415 -0.14423713113669442 0.08633685076058654 -0.145985401459854 -0.026223776223776224 -0.051795580110497244 -0.07877664504170527 0.08501335924216662 0.036882222768625524 -0.0012442453651860114 0.03714615089022673 -0.5029013539651837 -1.2787622322137 -0.15636416776267717 -0.007358351729212655 -0.2579895409645555 0.053269862858438176 -0.17867707963554608 0.08177712681557427 -0.2807453416149068 -0.07526470213037377 -0.9732267478746351 -2.902381575503795 -0.6248268218343032 0.09027443428021184 -0.14666511465487136 -0.0175049597385926 -0.006001680470531748 0.05430757837570971 -0.2684398473094446 -0.19977525284055436 -0.5880905511811023 -0.48302370275464457 -0.36607266196988536 0.11138138522596339 -0.07332071901608325 0.060326472675656495 -0.025849335302806496 0.04792332268370608 -0.06692625943051837 -0.04875609451181397 -0.14105604793409063 -0.036697247706422007 -0.11226494527083916 0.030015007503751877 -0.13425090252707578 -0.032846301959451804 -0.10135135135135136 -0.028298549699327914 -0.10670183431243256 -0.04943764676801384 -0.11065522814870073 -0.17548226509023024 -0.06449065543564096
0.012251899044351876 -0.07300909805683478 0.012471655328798185 0.049814643188137164 0.012990080302314596 -0.06264034984044438 0.07866273352999018 -0.17422027290448344 0.047551728569592604 -0.09684560044272275 -0.05691159731883142 -0.15164485752721046 -0.1379638439581351 0.012169891687963976 -0.10356150543066431 -0.07878862489228118 -0.07043189368770764 -0.1939989653388515 -0.08058124174372525 -0.14025829745868632 0.09599385639319084 -0.12315270935960594 -0.0035494557501183173 -0.15619536076465787 0.023590762354109764 -0.10797237915881983 0.0161052207757348 -0.22936955407483342 0.06036217303822937 -0.1764280549530007 0.033393269971744154 0.021420921099607283 0.02847988608045568 0.10336538461538462 0.08636644046884638 -0.043080939947780686 0.10327490148117953 -0.09130607383882494 0.10415239139372345 -0.12451696006869899 -0.016233766233766232 -0.03337937384898711 -0.0706672845227062 0.11416079669662375 0.03565281534300467 0.006221226825930076 0.016651722812860252 -0.21792392005157962 -0.7762496693996297 -0.10375566272102876 -0.008584743684081434 -0.25101685066821616 0.04646945483395671 -0.16684416045438405 0.0585865983156353 -0.27826086956521745 -0.10970787090190075 -0.944042634183479 -2.79246270609788 -0.5804932114159047 0.09027443428021184 -0.13153299965079732 -0.025673940949935813 0.0096026887528508 0.035793631202172306 -0.2758280999876862 -0.2334873267573979 -0.5880905511811024 -0.5009609224855862 -0.36469125569830085 0.10369991038279351 -0.06267738883632923 0.059143600662408334 -0.012309207287050719 0.027033669206193166 -0.05840837186663422 -0.08126015751968997 -0.12358007739358383 -0.04849279161205766 -0.1108616334549537 0.02251125562781391 -0.1421480144404332 -0.04757050628610261 -0.09773166023166023 -0.04480603702393586 -0.11389521640091116 -0.07168458781362007 -0.1317916200422728 -0.19912881144990663 -0.07765201368781258
0.015927468757657437 -0.06739301359092441 0.018140589569160998 0.046339202965708995 0.014170996693434107 -0.054367096087932866 0.07251720747295969 -0.13888888888888887 0.06040354710191494 -0.08162700608743774 -0.05438219299355003 -0.14308426073131955 -0.12844909609895339 0.017037848363149567 -0.10356150543066431 -0.06894004678074603 -0.07574750830564785 -0.15390584583548886 -0.07397622192866579 -0.1291487293431468 0.10623320107513119 -0.1120689655172414 0.005915759583530525 -0.1328826203520224 0.03849019120933698 -0.09792843691148775 0.040263051939337005 -0.2063044592516658 0.10060362173038229 -0.16919739696312364 0.03467762650911893 0.03332143282161133 0.033226533760531626 0.11177884615384617 0.08389882788402221 -0.03916449086161881 0.09783938035059112 -0.06616382162233692 0.12059750582431135 -0.130241877773007 -0.00874125874125874 -0.01726519337016575 -0.05560704355885078 0.14573718727228563 0.03442340791738381 0.016175189747418193 0.02561803509670808 -0.045132172791747256 -0.3464691880454906 -0.05991524185298845 -0.001226391954868776 -0.23939570017431727 0.05440326419585175 -0.1609277008638031 0.05370438178933236 -0.2894409937888199 -0.1046051792320449 -0.8958254028676563 -2.457471866003664 -0.5472430036021059 0.08545979778526722 -0.12222092887905947 -0.024506943634029645 0.0096026887528508 0.01110836830412244 -0.279522226326807 -0.2509676613809464 -0.5807086614173228 -0.48814862267777065 -0.35640281806879404 0.10241966457559852 -0.05912961210974456 0.063875088715401 -0.016001969473165928 0.022118456623248954 -0.0657094183499635 -0.08126015751968996 -0.10860067407314944 -0.023591087811271293 -0.09963513892786977 0.025012506253126565 -0.1263537906137184 -0.04417261297995243 -0.0929054054054054 -0.05659709939865583 -0.10909962834192541 -0.08651588184402423 -0.13552157155290315 -0.22277535780958307 -0.0737036062121611
0.018377848566527813 -0.0550376277659216 0.010204081632653059 0.05097312326227989 -0.001180916391119506 -0.03309301501004609 0.063913470993117 -0.09502923976608185 0.07197018378100503 -0.04703929164360819 -0.050588086505627926 -0.13574660633484162 -0.12488106565176024 0.018254837531945966 -0.12376862844152563 -0.04924289055767573 -0.10631229235880399 -0.10087946197620276 -0.08850726552179658 -0.09859741702541316 0.1126327915013439 -0.1022167487684729 0.005915759583530524 -0.11306679100128218 0.034765333995530175 -0.07658505963590709 0.03355254328278083 -0.16529984623270116 0.10462776659959758 -0.15328994938539403 0.04366812227074236 0.042841842199214566 0.024919900320398716 0.11658653846153848 0.07772979642196176 -0.024804177545691912 0.09240385922000273 -0.04631467513563584 0.11922707962176235 -0.11736081293831399 0.007492507492507491 0.002302025782688768 -0.0428637627432808 0.14816614039349038 0.027046963363658715 0.031106134129650364 0.026898936851543487 0.07221147646679563 -0.1137265273737107 -0.0029226947245360284 0.007358351729212656 -0.22428820453224865 0.058936869545506074 -0.1550112412732221 0.03661662394727207 -0.27701863354037265 -0.10715652506697282 -0.7664002030199214 -1.9091860769432085 -0.4516486561374342 0.09027443428021184 -0.12222092887905948 -0.026840938265841986 0.006001680470531752 0.0012342631449024934 -0.2758280999876862 -0.25346485204145336 -0.5647145669291338 -0.4612427930813582 -0.31772344246442874 0.1101011394187684 -0.036660359508041626 0.057960728649160145 0.003692762186115217 0.011059228311624475 -0.03772207349720127 -0.08626078259782474 -0.05866932967170141 0.010484927916120584 -0.05753578445130508 0.020010005002501254 -0.12296931407942238 -0.05323366179635293 -0.08566602316602316 -0.0613135243485438 -0.09591176117971466 -0.0939315288592263 -0.11811513116996145 -0.2364654635967641 -0.048697025533035
0.02327860818426856 -0.03706615747500843 0.0034013605442176865 0.08572752548656162 -0.014170996693434103 -0.018910294291454913 0.050393313667649965 -0.07919103313840155 0.0745405474874695 -0.03320420586607638 -0.050588086505627926 -0.1259630671395377 -0.11893434823977163 0.030424729219909942 -0.12376862844152563 -0.04308752923796627 -0.0956810631229236 -0.08535954474909467 -0.08322324966974902 -0.09998611303985559 0.10239344681940357 -0.10344827586206898 -0.009465215333648842 -0.09791350973306913 0.029798857710454436 -0.06528562460765851 0.0281841363575359 -0.15889287544848796 0.09792085848423877 -0.15328994938539406 0.04752119188286669 0.0523622515768178 0.018986590720303786 0.12860576923076925 0.06415792720542876 -0.022193211488250653 0.08289169724147302 -0.04896122800052931 0.12333835822940935 -0.137398024903392 0.0024975024975024984 0.013812154696132594 -0.040546802594995365 0.16516881224192373 0.024588148512417012 0.04106009705113848 0.04483156141923914 0.10960670535138621 -0.03702724147051046 0.027765599883092205 -0.009811135638950207 -0.19872167344567113 0.05440326419585175 -0.12779552715654952 0.03539606981569633 -0.262111801242236 -0.0880214313050134 -0.6306306306306306 -1.2130332373724158 -0.372679412579662 0.09268175252768415 -0.11989291118612502 -0.025673940949935813 0.0120033609410635 -0.009874105159219942 -0.28198497721955423 -0.25845923336246723 -0.5708661417322834 -0.40743113388853314 -0.31081641110650643 0.11394187684035337 -0.031929990539262064 0.05677785663591197 0.0086164451009355 0.004915212582944214 -0.04380627889997567 -0.08126015751968996 -0.06990388216202721 0.017038007863695945 -0.05753578445130508 0.006253126563281641 -0.11958483754512635 -0.05663155510250312 -0.06998069498069498 -0.06367173682348778 -0.08751948207648962 -0.09393152885922629 -0.10319532512744001 -0.23148724331051646 -0.04080021058173204
