v 0.0615353023 0.0182590832 0.00366373931 0 1 0
v 0.0614763766 0.0182582414 0.00195462764 0 1 0
v 0.0614167743 0.0182573785 0.000245539209 0 0.501961 1
v 0.0613601718 0.0182584204 -0.00146364889 0 0.501961 1
v 0.0613046737 0.0182557405 -0.00317287231 0 0.501961 1
v 0.0612492144 0.0182561149 -0.00488209726 0 0.501961 1
v 0.0611931175 0.0182604164 -0.00659129657 0 0.501961 1
v 0.0611426386 0.01825745 -0.00830066931 0 0.501961 1
v 0.0610859814 0.0182558066 -0.0100098505 0 0.501961 1
v 0.0610305192 0.0182577024 -0.0117190639 0 0.501961 1
v 0.0609794916 0.0182583962 -0.0134284162 1 0.784314 0
v 0.0609256473 0.0182527394 -0.015137679 1 0.784314 0
v 0.0608720402 0.018260568 -0.0168469413 1 0.784314 0
v 0.0608178303 0.0182632258 -0.0185562023 1 0.784314 0
v 0.0607584547 0.0182631933 -0.020265287 1 0.784314 0
v 0.0606941399 0.0182621286 -0.0219741941 1 0.784314 0
v 0.0606363072 0.0182649621 -0.0236833406 0.705882 0 1
v 0.0605681249 0.0182625737 -0.025392103 0.705882 0 1
v 0.0604962228 0.0182607772 -0.0271007147 0.705882 0 1
v 0.0604234854 0.0182582439 -0.028809289 0.705882 0 1
v 0.0603427723 0.018264579 -0.030517492 0.705882 0 1
v 0.0602620291 0.0182664539 -0.0322257036 0.705882 0 1
v 0.0601806877 0.0182637 -0.033933889 0.705882 0 1
v 0.0601001263 0.0182612784 -0.0356421159 0.705882 0 1
v 0.0600163325 0.0182615763 -0.0373501873 0 0.862745 0.862745
v 0.0599304526 0.0182625933 -0.0390581507 0 0.862745 0.862745
v 0.0598483159 0.0182537746 -0.0407662818 0 0.862745 0.862745
v 0.0597651927 0.0182575006 -0.042474375 0 0.862745 0.862745
v 0.0596844101 0.0182610775 -0.0441825717 0 0.862745 0.862745
v 0.059610779 0.0182566958 -0.0458911089 0 0.862745 0.862745
v 0.0595344237 0.0182642903 -0.0475995109 0 0.862745 0.862745
v 0.0594605949 0.0182699464 -0.0493080313 0 0.862745 0.862745
v 0.0593876213 0.0182715899 -0.0510166005 0 0.862745 0.862745
v 0.0593163335 0.018273441 -0.0527252379 0 0.862745 0.862745
v 0.0592371059 0.018273268 -0.054433527 1 0.470588 0
v 0.0591592607 0.0182729201 -0.0561418798 1 0.470588 0
v 0.0590815339 0.0182730087 -0.0578502369 1 0.470588 0
v 0.0589944747 0.0182731996 -0.0595581473 1 0.470588 0
v 0.0589062167 0.0182735304 -0.0612659969 1 0.470588 0
v 0.058811408 0.0182727195 -0.0629734904 1 0.470588 0
v 0.0587109822 0.0182723766 -0.0646806673 1 0.470588 0
v 0.0586056599 0.0182734925 -0.0663875449 1 0.470588 0
v 0.058497967 0.0182740142 -0.0680942725 0.470588 1 0
v 0.0583894398 0.0182736815 -0.0698009437 0.470588 1 0
v 0.058285499 0.018273958 -0.0715079002 0.470588 1 0
v 0.0581714617 0.0182716012 -0.0732142161 0.470588 1 0
v 0.0580622955 0.0182701715 -0.074920854 0.470588 1 0
v 0.0579526064 0.0182692293 -0.0766274599 0.470588 1 0
v 0.0578442627 0.0182675269 -0.0783341503 0.470588 1 0
v 0.0577338812 0.0182710553 -0.0800407045 0.470588 1 0
v 0.0576263604 0.0182733119 -0.0817474482 1 0 0.705882
v 0.0575131172 0.0182744575 -0.0834538166 1 0 0.705882
v 0.0573935198 0.0182725403 -0.0851597487 1 0 0.705882
v 0.0572708084 0.0182666918 -0.086865459 1 0 0.705882
v 0.0571537856 0.0182644852 -0.0885715736 1 0 0.705882
v 0.057032919 0.0182626324 -0.0902774125 1 0 0.705882
v 0.056904585 0.0182631088 -0.0919827175 1 0 0.705882
v 0.0567663068 0.0182617342 -0.0936872385 1 0 0.705882
v 0.056647774 0.0182598417 -0.0953932342 0.313725 0.313725 1
v 0.056528143 0.0182578348 -0.0970991496 0.313725 0.313725 1
v 0.0563988781 0.0182566994 -0.0988043662 0.313725 0.313725 1
v 0.0562655576 0.0182537464 -0.100509283 0.313725 0.313725 1
v 0.0561294805 0.0182507855 -0.102213982 0.313725 0.313725 1
v 0.0559942385 0.0182498582 -0.103918752 0.313725 0.313725 1
v 0.0558582391 0.0182446204 -0.105623455 0.313725 0.313725 1
v 0.0557157449 0.0182446911 -0.107327622 0.313725 0.313725 1
v 0.0555657811 0.0182425358 -0.109031151 0.705882 0.470588 0.156863
v 0.0554130537 0.0182409002 -0.110734445 0.705882 0.470588 0.156863
v 0.0552544034 0.0182375618 -0.112437193 0.705882 0.470588 0.156863
v 0.0550915444 0.0182281632 -0.114139514 0.705882 0.470588 0.156863
v 0.0549278925 0.01821574 -0.115841745 0.705882 0.470588 0.156863
v 0.0547668974 0.0182125647 -0.117544273 0.705882 0.470588 0.156863
v 0.0546037842 0.0182205887 -0.119246577 0.705882 0.470588 0.156863
v 0.0544354107 0.0182254347 -0.12094837 0.705882 0.470588 0.156863
v 0.0542684367 0.0182187146 -0.12265031 0.705882 0.470588 0.156863
v 0.0541025619 0.0182201887 -0.124352373 0.705882 0.470588 0.156863
v 0.0539370973 0.0182176419 -0.126054465 0.470588 0.470588 0.470588
v 0.053760259 0.0182192783 -0.127755384 0.470588 0.470588 0.470588
v 0.053586036 0.0182167428 -0.129456607 0.470588 0.470588 0.470588
v 0.0534071954 0.0182139747 -0.131157356 0.470588 0.470588 0.470588
v 0.0532175794 0.0182094729 -0.132856917 0.470588 0.470588 0.470588
v 0.0530240564 0.0182044887 -0.134556051 0.470588 0.470588 0.470588
v 0.0528293497 0.0181999041 -0.136255049 0.470588 0.470588 0.470588
v 0.0526277868 0.0181919826 -0.137953229 0.470588 0.470588 0.470588
v 0.0524236753 0.0181816592 -0.1396511 1 0 0
v 0.0522210309 0.0181840817 -0.141349161 1 0 0
v 0.0520247451 0.0181763177 -0.143047963 1 0 0
v 0.051827193 0.0181724525 -0.14474663 1 0 0
v 0.051628813 0.0181599401 -0.146445142 1 0 0
v 0.0514301707 0.0181527239 -0.148143672 1 0 0
v 0.0512288726 0.0181555753 -0.14984191 1 0 0
v 0.0510074137 0.0181530903 -0.1515376 1 0 0
v 0.0507762843 0.0181501205 -0.153232034 0 1 0
v 0.050539387 0.0181478877 -0.154925658 0 1 0
v 0.050273714 0.0181409962 -0.15661501 0 1 0
v 0.0500025512 0.0181374518 -0.158303498 0 1 0
v 0.0497104954 0.0181295676 -0.159988434 0 1 0
v 0.0494019669 0.018126525 -0.161670471 0 1 0
v 0.0490724565 0.0181241509 -0.163348516 0 1 0
v 0.0487305724 0.0181217018 -0.16502411 0 1 0
v 0.0483789825 0.0181158232 -0.166697695 0 0.501961 1
v 0.0480206424 0.0181124406 -0.168369852 0 0.501961 1
v 0.0476580581 0.0181124529 -0.170041098 0 0.501961 1
v 0.0472890542 0.0181153738 -0.171710923 0 0.501961 1
v 0.0469135271 0.0181201906 -0.173379298 0 0.501961 1
v 0.0465306648 0.0181189875 -0.175046008 0 0.501961 1
v 0.0461469364 0.0181136763 -0.176712498 0 0.501961 1
v 0.0457540458 0.0181238386 -0.17837684 0 0.501961 1
v 0.0453567412 0.0181266223 -0.180040174 1 0.784314 0
v 0.0620932507 0.0162388999 0.009599177 0 1 0
v 0.0620331672 0.0162429143 0.00789409629 0 1 0
v 0.0619758155 0.0162443093 0.00618891849 0 1 0
v 0.0619185579 0.0162434047 0.00448373621 0 1 0
v 0.0618610954 0.0162427986 0.00277857032 0 1 0
v 0.0618022792 0.0162439355 0.00107344064 0 1 0
v 0.0617493181 0.0162457225 -0.000631875655 0 0.501961 1
v 0.0616949921 0.0162445905 -0.00233714848 0 0.501961 1
v 0.0616390156 0.0162447726 -0.00404236467 0 0.501961 1
v 0.0615824699 0.0162484413 -0.0057475569 0 0.501961 1
v 0.0615315994 0.0162498484 -0.00745293578 0 0.501961 1
v 0.0614783542 0.016245151 -0.00915823515 0 0.501961 1
v 0.0614245999 0.0162485467 -0.0108635208 0 0.501961 1
v 0.0613706257 0.0162480448 -0.0125688006 0 0.501961 1
v 0.0613215041 0.0162471887 -0.0142742304 1 0.784314 0
v 0.0612661407 0.016250125 -0.0159794598 1 0.784314 0
v 0.0612104301 0.0162540335 -0.0176846818 1 0.784314 0
v 0.0611579575 0.0162556688 -0.019390011 1 0.784314 0
v 0.0610973335 0.0162550381 -0.0210950775 1 0.784314 0
v 0.0610401462 0.0162524921 -0.0228002546 1 0.784314 0
v 0.0609769131 0.0162536568 -0.0245052248 0.705882 0 1
v 0.0609071803 0.0162553056 -0.0262099269 0.705882 0 1
v 0.0608307511 0.0162563495 -0.0279143569 0.705882 0 1
v 0.0607534716 0.0162558028 -0.029618748 0.705882 0 1
v 0.0606794788 0.0162575554 -0.031323285 0.705882 0 1
v 0.0606006926 0.0162559038 -0.0330275943 0.705882 0 1
v 0.0605207303 0.0162476297 -0.034731837 0.705882 0 1
v 0.0604382638 0.0162545054 -0.0364359671 0.705882 0 1
v 0.0603534923 0.0162547951 -0.0381399983 0 0.862745 0.862745
v 0.0602733346 0.016252426 -0.0398442501 0 0.862745 0.862745
v 0.0601923234 0.0162501158 -0.0415484614 0 0.862745 0.862745
v 0.0601051867 0.0162500097 -0.043252379 0 0.862745 0.862745
v 0.0600302116 0.0162489244 -0.0449568724 0 0.862745 0.862745
v 0.0599551395 0.0162517196 -0.0466613452 0 0.862745 0.862745
v 0.059875963 0.0162596 -0.048365625 0 0.862745 0.862745
v 0.0597972878 0.0162598418 -0.0500699512 0 0.862745 0.862745
v 0.0597214573 0.0162613307 -0.0517744055 0 0.862745 0.862745
v 0.0596461939 0.0162624053 -0.0534788856 0 0.862745 0.862745
v 0.0595617361 0.0162617284 -0.0551829379 1 0.470588 0
v 0.0594870804 0.0162619366 -0.0568874472 1 0.470588 0
v 0.0594030212 0.0162622513 -0.0585915072 1 0.470588 0
v 0.0593132738 0.0162622144 -0.060295289 1 0.470588 0
v 0.0592247382 0.0162611272 -0.0619991341 1 0.470588 0
v 0.0591233861 0.0162594503 -0.0637022602 1 0.470588 0
v 0.0590239255 0.0162601339 -0.0654054996 1 0.470588 0
v 0.0589209581 0.0162616044 -0.067108513 1 0.470588 0
v 0.0588057883 0.0162612553 -0.0688107649 0.470588 1 0
v 0.0586984154 0.0162621884 -0.070513525 0.470588 1 0
v 0.0585902986 0.0162600973 -0.0722162283 0.470588 1 0
v 0.0584791743 0.016258895 -0.0739187466 0.470588 1 0
v 0.0583682249 0.0162519023 -0.075621257 0.470588 1 0
v 0.0582547979 0.016252144 -0.0773236247 0.470588 1 0
v 0.0581409615 0.0162510383 -0.0790259641 0.470588 1 0
v 0.0580333211 0.0162498166 -0.0807287074 0.470588 1 0
v 0.0579221377 0.0162463847 -0.0824312169 1 0 0.705882
v 0.0578120732 0.0162430348 -0.0841337977 1 0 0.705882
v 0.0576935903 0.0162515197 -0.0858358008 1 0 0.705882
v 0.0575736854 0.0162537571 -0.0875377175 1 0 0.705882
v 0.0574541861 0.0162514195 -0.0892396596 1 0 0.705882
v 0.0573341438 0.0162499877 -0.0909415747 1 0 0.705882
v 0.057207066 0.0162483466 -0.0926429763 1 0 0.705882
v 0.0570871606 0.0162478497 -0.094344878 1 0 0.705882
v 0.056967365 0.0162467291 -0.0960467814 0.313725 0.313725 1
v 0.0568520469 0.0162484323 -0.0977490103 0.313725 0.313725 1
v 0.0567281775 0.0162435421 -0.0994506449 0.313725 0.313725 1
v 0.0565977227 0.0162435131 -0.101151787 0.313725 0.313725 1
v 0.0564644438 0.0162450182 -0.102852713 0.313725 0.313725 1
v 0.056336642 0.0162431864 -0.104554062 0.313725 0.313725 1
v 0.0562021248 0.0162421721 -0.106254889 0.313725 0.313725 1
v 0.0560613226 0.0162395684 -0.107955199 0.313725 0.313725 1
v 0.0559143895 0.0162305906 -0.109654978 0.705882 0.470588 0.156863
v 0.0557605509 0.0162332568 -0.11135417 0.705882 0.470588 0.156863
v 0.0556034708 0.0162348181 -0.113053063 0.705882 0.470588 0.156863
v 0.0554431489 0.0162341509 -0.114751651 0.705882 0.470588 0.156863
v 0.0552863628 0.0162323634 -0.116450575 0.705882 0.470588 0.156863
v 0.0551247815 0.0162306511 -0.118149048 0.705882 0.470588 0.156863
v 0.0549621483 0.0162300031 -0.119847417 0.705882 0.470588 0.156863
v 0.0547992695 0.0162261369 -0.121545762 0.705882 0.470588 0.156863
v 0.054636289 0.0162228543 -0.123244101 0.705882 0.470588 0.156863
v 0.0544749645 0.0162210538 -0.124942598 0.705882 0.470588 0.156863
v 0.0543082064 0.0162213094 -0.126640568 0.470588 0.470588 0.470588
v 0.0541422243 0.0162206909 -0.128338618 0.470588 0.470588 0.470588
v 0.053972675 0.0162193597 -0.130036308 0.470588 0.470588 0.470588
v 0.0537938825 0.0162198577 -0.131733057 0.470588 0.470588 0.470588
v 0.053604472 0.0162158271 -0.133428648 0.470588 0.470588 0.470588
v 0.0534184181 0.0162132496 -0.135124612 0.470588 0.470588 0.470588
v 0.0532297104 0.0162107905 -0.136820269 0.470588 0.470588 0.470588
v 0.0530286805 0.0162058565 -0.138514515 0.470588 0.470588 0.470588
v 0.0528329309 0.0162028595 -0.140209379 1 0 0
v 0.0526405919 0.0161977163 -0.141904616 1 0 0
v 0.0524436895 0.0161901607 -0.143599333 1 0 0
v 0.0522532342 0.0161878234 -0.145294811 1 0 0
v 0.0520664587 0.0161840691 -0.146990697 1 0 0
v 0.05187378 0.0161807534 -0.148685917 1 0 0
v 0.0516731161 0.0161796698 -0.150380212 1 0 0
v 0.0514500373 0.0161746516 -0.152071692 1 0 0
v 0.0512223555 0.0161724019 -0.153762572 0 1 0
v 0.0509800397 0.0161695539 -0.155451372 0 1 0
v 0.0507189869 0.0161645003 -0.157137418 0 1 0
v 0.0504542496 0.0161624385 -0.158822897 0 1 0
v 0.0501555278 0.0161503021 -0.160502599 0 1 0
v 0.049841665 0.0161395097 -0.162179572 0 1 0
v 0.0495116946 0.016136697 -0.163853453 0 1 0
v 0.0491652349 0.0161406102 -0.165524045 0 1 0
v 0.0488108539 0.016137782 -0.167192969 0 0.501961 1
v 0.0484530909 0.0161362587 -0.168861177 0 0.501961 1
v 0.048091132 0.0161386456 -0.17052848 0 0.501961 1
v 0.04772313 0.0161452031 -0.172194424 0 0.501961 1
v 0.0473471204 0.0161344529 -0.17385855 0 0.501961 1
v 0.0469542483 0.0161440928 -0.175518789 0 0.501961 1
v 0.046568849 0.016145041 -0.17718083 0 0.501961 1
v 0.0461742861 0.0161466741 -0.178840711 0 0.501961 1
v 0.0457694394 0.0161496663 -0.180498106 1 0.784314 0
v 0.0453659734 0.0161476668 -0.182155829 1 0.784314 0
v 0.0449629347 0.0161438061 -0.183813679 1 0.784314 0
v 0.0445686204 0.0161518116 -0.185473604 1 0.784314 0
v 0.0441804973 0.016148399 -0.187134995 1 0.784314 0
v 0.0625315448 0.0142216563 0.0128420016 0 1 0
v 0.0624729416 0.0142182547 0.0111291686 0 1 0
v 0.0624149596 0.0142218835 0.00941631899 0 1 0
v 0.0623594315 0.0142277718 0.00770338336 0 1 0
v 0.06230398 0.0142305564 0.00599043746 0 1 0
v 0.0622459935 0.0142234996 0.00427760225 0 1 0
v 0.062188956 0.0142206865 0.00256473782 0 1 0
v 0.062132262 0.0142283172 0.00085186152 0 1 0
v 0.062076037 0.0142273193 -0.000861058361 0 0.501961 1
v 0.0620265386 0.0142251164 -0.00257418354 0 0.501961 1
v 0.0619671246 0.0142282123 -0.0042869677 0 0.501961 1
v 0.0619093908 0.0142335223 -0.0059997972 0 0.501961 1
v 0.0618599917 0.0142352031 -0.00771292046 0 0.501961 1
v 0.0618046276 0.0142330862 -0.00942586893 0 0.501961 1
v 0.0617508801 0.0142342276 -0.0111388651 0 0.501961 1
v 0.0616968143 0.0142328483 -0.0128518549 0 0.501961 1
v 0.0616448114 0.0142311332 -0.0145649106 1 0.784314 0
v 0.0615869687 0.0142356227 -0.0162777632 1 0.784314 0
v 0.061530057 0.0142383176 -0.0179906572 1 0.784314 0
v 0.0614762736 0.014238911 -0.0197036416 1 0.784314 0
v 0.0614216157 0.0142269105 -0.0214165386 1 0.784314 0
v 0.0613579971 0.0142181737 -0.0231291352 1 0.784314 0
v 0.0612899165 0.014230496 -0.0248415764 0.705882 0 1
v 0.061220747 0.0142360509 -0.0265540085 0.705882 0 1
v 0.0611475369 0.0142403982 -0.0282662826 0.705882 0 1
v 0.0610716591 0.0142411527 -0.0299784462 0.705882 0 1
v 0.0609867815 0.0142410818 -0.0316901877 0.705882 0 1
v 0.0609112103 0.0142420825 -0.0334023606 0.705882 0 1
v 0.0608383014 0.0142421201 -0.0351146448 0.705882 0 1
v 0.0607626031 0.0142427765 -0.036826813 0.705882 0 1
v 0.0606774468 0.0142415373 -0.0385385397 0 0.862745 0.862745
v 0.0606040287 0.0142421167 -0.0402508133 0 0.862745 0.862745
v 0.0605196717 0.0142385087 -0.0419625664 0 0.862745 0.862745
v 0.0604323523 0.0142364502 -0.0436741678 0 0.862745 0.862745
v 0.0603465281 0.0142382479 -0.0453858562 0 0.862745 0.862745
v 0.0602726931 0.0142423131 -0.047098102 0 0.862745 0.862745
v 0.0601943884 0.0142438425 -0.048810143 0 0.862745 0.862745
v 0.0601087408 0.0142416708 -0.0505218448 0 0.862745 0.862745
v 0.0600253159 0.0142430568 -0.0522336517 0 0.862745 0.862745
v 0.0599461866 0.0142441925 -0.0539456536 0 0.862745 0.862745
v 0.059865035 0.0142451551 -0.0556575696 1 0.470588 0
v 0.0597822772 0.0142446308 -0.0573694114 1 0.470588 0
v 0.0596958945 0.0142449558 -0.0590810698 1 0.470588 0
v 0.0596048758 0.0142436722 -0.0607924957 1 0.470588 0
v 0.059510757 0.0142414891 -0.0625037469 1 0.470588 0
v 0.0594068568 0.0142380135 -0.0642144313 1 0.470588 0
v 0.059306595 0.0142381951 -0.0659253408 1 0.470588 0
v 0.0591964328 0.0142391372 -0.0676356354 1 0.470588 0
v 0.0590865982 0.0142320565 -0.0693459154 0.470588 1 0
v 0.058971082 0.0142328134 -0.0710558299 0.470588 1 0
v 0.0588581249 0.014236634 -0.072765923 0.470588 1 0
v 0.0587439818 0.0142361279 -0.074475952 0.470588 1 0
v 0.0586307443 0.0142289558 -0.0761860288 0.470588 1 0
v 0.0585160607 0.014229035 -0.0778960334 0.470588 1 0
v 0.0584038707 0.0142240227 -0.0796061843 0.470588 1 0
v 0.0582923964 0.0142230242 -0.0813163687 0.470588 1 0
v 0.0581757755 0.0142356853 -0.0830261838 1 0 0.705882
v 0.058062438 0.0142376952 -0.0847362778 1 0 0.705882
v 0.0579461473 0.0142369823 -0.0864461718 1 0 0.705882
v 0.0578311241 0.014235173 -0.0881561446 1 0 0.705882
v 0.0577156333 0.0142260089 -0.0898660708 1 0 0.705882
v 0.0575984838 0.014220099 -0.0915758985 1 0 0.705882
v 0.057479114 0.0142201107 -0.0932855633 1 0 0.705882
v 0.0573555743 0.0142261766 -0.0949949204 1 0 0.705882
v 0.0572463845 0.0142202953 -0.0967052395 0.313725 0.313725 1
v 0.0571271451 0.0142298221 -0.0984149032 0.313725 0.313725 1
v 0.0570085247 0.0142306156 -0.100124638 0.313725 0.313725 1
v 0.0568843453 0.0142312195 -0.101833971 0.313725 0.313725 1
v 0.0567601208 0.0142279644 -0.103543306 0.313725 0.313725 1
v 0.056634257 0.0142253667 -0.105252512 0.313725 0.313725 1
v 0.0564947656 0.0142225903 -0.10696067 0.313725 0.313725 1
v 0.0563550328 0.0142234263 -0.108668805 0.313725 0.313725 1
v 0.0562115722 0.0142214201 -0.110376634 0.705882 0.470588 0.156863
v 0.0560574391 0.0142158424 -0.112083523 0.705882 0.470588 0.156863
v 0.055899814 0.014208022 -0.113790073 0.705882 0.470588 0.156863
v 0.0557397143 0.0141956448 -0.115496378 0.705882 0.470588 0.156863
v 0.055585803 0.0142016927 -0.117203288 0.705882 0.470588 0.156863
v 0.0554280052 0.0142065585 -0.118909845 0.705882 0.470588 0.156863
v 0.0552680217 0.0142114178 -0.120616197 0.705882 0.470588 0.156863
v 0.0551054944 0.0142194136 -0.122322296 0.705882 0.470588 0.156863
v 0.0549436624 0.0142171474 -0.124028484 0.705882 0.470588 0.156863
v 0.0547849588 0.0142070651 -0.125734922 0.705882 0.470588 0.156863
v 0.0546240877 0.0142039547 -0.127441182 0.470588 0.470588 0.470588
v 0.0544596002 0.0142016931 -0.129147111 0.470588 0.470588 0.470588
v 0.0542901611 0.014207995 -0.130852535 0.470588 0.470588 0.470588
v 0.054109994 0.0142129219 -0.13255687 0.470588 0.470588 0.470588
v 0.0539213815 0.0142123638 -0.134260306 0.470588 0.470588 0.470588
v 0.0537297355 0.0142086573 -0.135963399 0.470588 0.470588 0.470588
v 0.0535393517 0.0142069438 -0.137666633 0.470588 0.470588 0.470588
v 0.053352648 0.0142051737 -0.139370275 0.470588 0.470588 0.470588
v 0.0531647696 0.0142010721 -0.141073769 1 0 0
v 0.0529687185 0.0141942695 -0.142776345 1 0 0
v 0.0527813723 0.0141951054 -0.144479897 1 0 0
v 0.0525964539 0.014189925 -0.146183707 1 0 0
v 0.0524090949 0.0141849066 -0.14788726 1 0 0
v 0.0522143877 0.0141854378 -0.149590004 1 0 0
v 0.0520086528 0.014186123 -0.151291425 1 0 0
v 0.0517854051 0.0141813067 -0.152990661 1 0 0
v 0.0515494185 0.0141780619 -0.154688159 0 1 0
v 0.0513037246 0.0141762542 -0.156384297 0 1 0
v 0.0510435155 0.014173074 -0.158078261 0 1 0
v 0.0507646727 0.0141661482 -0.159769216 0 1 0
v 0.0504595431 0.0141524392 -0.161455609 0 1 0
v 0.0501410408 0.0141550663 -0.163139585 0 1 0
v 0.049794719 0.0141624927 -0.164818048 0 1 0
v 0.0494406606 0.0141554246 -0.166494887 0 1 0
v 0.0490820913 0.0141570038 -0.168170796 0 0.501961 1
v 0.0487232962 0.014154899 -0.169846659 0 0.501961 1
v 0.0483636474 0.0141549327 -0.171522339 0 0.501961 1
v 0.0479958188 0.0141487201 -0.17319615 0 0.501961 1
v 0.0476056772 0.0141491309 -0.174864954 0 0.501961 1
v 0.0472115554 0.014154576 -0.176532833 0 0.501961 1
v 0.0468133429 0.014148862 -0.178199761 0 0.501961 1
v 0.0464098078 0.0141600183 -0.179865386 0 0.501961 1
v 0.0459959064 0.0141547482 -0.181528487 1 0.784314 0
v 0.0455949349 0.0141560294 -0.183194742 1 0.784314 0
v 0.0451904635 0.0141598328 -0.184860165 1 0.784314 0
v 0.0447891831 0.0141575743 -0.186526351 1 0.784314 0
v 0.0443935307 0.0141510365 -0.188193887 1 0.784314 0
v 0.0439975797 0.01414984 -0.189861358 1 0.784314 0
v 0.0436096015 0.0141635913 -0.191530645 1 0.784314 0
v 0.0628889998 0.0122032441 0.0145666882 0 1 0
v 0.0628323518 0.012207531 0.0128531188 0 1 0
v 0.0627753282 0.0122008207 0.0111395858 0 1 0
v 0.0627181773 0.0121985896 0.00942604896 0 1 0
v 0.0626651278 0.0122062763 0.00771237234 0 1 0
v 0.0626079034 0.0122088953 0.00599881638 0 1 0
v 0.0625514288 0.0122005735 0.00428527641 0 1 0
v 0.0624934147 0.012198312 0.00257178444 0 1 0
v 0.0624377138 0.0122085836 0.000858223013 0 0.501961 1
v 0.0623766218 0.0122026405 -0.000855182198 0 0.501961 1
v 0.0623255225 0.0121997676 -0.00256892421 0 0.501961 1
v 0.0622650922 0.0122047959 -0.00428234038 0 0.501961 1
v 0.0622060346 0.0122115692 -0.00599578378 0 0.501961 1
v 0.0621580928 0.0122085472 -0.00770961342 0 0.501961 1
v 0.0621017651 0.0121982524 -0.00942317024 0 0.501961 1
v 0.0620435461 0.012204187 -0.0111366807 0 0.501961 1
v 0.0619926433 0.0122097684 -0.0128504167 1 0.784314 0
v 0.0619316226 0.0122130695 -0.0145638277 1 0.784314 0
v 0.0618826431 0.0122164979 -0.0162776318 1 0.784314 0
v 0.0618221316 0.0122157515 -0.0179910675 1 0.784314 0
v 0.0617641771 0.0122127679 -0.0197045504 1 0.784314 0
v 0.0617072341 0.0122046007 -0.021418069 1 0.784314 0
v 0.0616442968 0.0121979295 -0.0231313748 0.705882 0 1
v 0.0615743417 0.0122071877 -0.0248443953 0.705882 0 1
v 0.0615068796 0.0122059589 -0.0265575584 0.705882 0 1
v 0.0614356074 0.0122054898 -0.0282705677 0.705882 0 1
v 0.0613623369 0.0122120862 -0.0299834989 0.705882 0 1
v 0.0612736697 0.012209377 -0.0316957004 0.705882 0 1
v 0.0611899706 0.0122111873 -0.0334081685 0.705882 0 1
v 0.0611261399 0.0122162067 -0.0351214673 0.705882 0 1
v 0.0610512375 0.0122188735 -0.0368343156 0 0.862745 0.862745
v 0.0609692906 0.0122195319 -0.0385468654 0 0.862745 0.862745
v 0.0608901334 0.0122213551 -0.0402595382 0 0.862745 0.862745
v 0.060808381 0.0122209892 -0.0419720971 0 0.862745 0.862745
v 0.060720521 0.0122202128 -0.043684343 0 0.862745 0.862745
v 0.0606321979 0.0122182119 -0.0453965637 0 0.862745 0.862745
v 0.0605588849 0.0122070043 -0.0471094679 0 0.862745 0.862745
v 0.0604791621 0.0122103221 -0.048822117 0 0.862745 0.862745
v 0.0603921339 0.0122173335 -0.0505343856 0 0.862745 0.862745
v 0.060302448 0.012219812 -0.0522465514 0 0.862745 0.862745
v 0.0602275835 0.0122078679 -0.0539592945 1 0.470588 0
v 0.0601437234 0.0122215827 -0.055671668 1 0.470588 0
v 0.0600549546 0.0122208651 -0.0573838736 1 0.470588 0
v 0.0599690488 0.0122207721 -0.0590962301 1 0.470588 0
v 0.0598776336 0.0122186846 -0.0608083008 1 0.470588 0
v 0.0597801495 0.0122149175 -0.0625200349 1 0.470588 0
v 0.0596782837 0.0122087887 -0.0642315015 1 0.470588 0
v 0.059571275 0.0122120853 -0.0659426645 1 0.470588 0
v 0.0594618241 0.0122102628 -0.0676536746 0.470588 1 0
v 0.0593500368 0.0122075828 -0.0693645333 0.470588 1 0
v 0.0592347297 0.0122067197 -0.0710751425 0.470588 1 0
v 0.0591175533 0.0122135813 -0.0727856346 0.470588 1 0
v 0.0590035417 0.0122120835 -0.0744963447 0.470588 1 0
v 0.0588882506 0.012209643 -0.0762069737 0.470588 1 0
v 0.058775217 0.0122076264 -0.0779177545 0.470588 1 0
v 0.0586608548 0.0122118983 -0.0796284341 0.470588 1 0
v 0.0585493321 0.0122040951 -0.0813392995 1 0 0.705882
v 0.0584329036 0.0122015193 -0.0830498443 1 0 0.705882
v 0.0583169467 0.0122010566 -0.0847604291 1 0 0.705882
v 0.0582041835 0.0122082551 -0.0864712166 1 0 0.705882
v 0.0580907532 0.0122098422 -0.0881819702 1 0 0.705882
v 0.0579772396 0.0122082511 -0.0898927223 1 0 0.705882
v 0.057862686 0.0122051775 -0.0916034014 1 0 0.705882
v 0.0577462128 0.0122028789 -0.0933139357 1 0 0.705882
v 0.0576293554 0.0122031183 -0.0950244225 0.313725 0.313725 1
v 0.0575191624 0.0121860533 -0.0967353031 0.313725 0.313725 1
v 0.0574042727 0.0121985441 -0.0984459072 0.313725 0.313725 1
v 0.0572892968 0.0122055916 -0.100156519 0.313725 0.313725 1
v 0.0571741872 0.012194473 -0.101867129 0.313725 0.313725 1
v 0.0570540108 0.0122032014 -0.103577399 0.313725 0.313725 1
v 0.056929711 0.0121976871 -0.10528734 0.313725 0.313725 1
v 0.0568013314 0.0121857694 -0.106996986 0.313725 0.313725 1
v 0.0566624937 0.0121924353 -0.108705858 0.705882 0.470588 0.156863
v 0.0565168634 0.0121945515 -0.110414168 0.705882 0.470588 0.156863
v 0.0563662684 0.0121931083 -0.112122036 0.705882 0.470588 0.156863
v 0.0562088602 0.0122033124 -0.11382928 0.705882 0.470588 0.156863
v 0.0560545432 0.012204669 -0.11553683 0.705882 0.470588 0.156863
v 0.0558998002 0.0122013058 -0.117244342 0.705882 0.470588 0.156863
v 0.0557446724 0.0121973032 -0.118951816 0.705882 0.470588 0.156863
v 0.0555918509 0.0122008649 -0.120659503 0.705882 0.470588 0.156863
v 0.0554363576 0.0122040502 -0.122366945 0.705882 0.470588 0.156863
v 0.055279132 0.0122033302 -0.124074233 0.705882 0.470588 0.156863
v 0.0551198168 0.012194093 -0.125781278 0.470588 0.470588 0.470588
v 0.0549571839 0.012180159 -0.127487985 0.470588 0.470588 0.470588
v 0.0547997834 0.0121766403 -0.129195228 0.470588 0.470588 0.470588
v 0.0546349887 0.0121852177 -0.13090178 0.470588 0.470588 0.470588
v 0.054460706 0.0121961894 -0.132607374 0.470588 0.470588 0.470588
v 0.0542768927 0.012200087 -0.134311995 0.470588 0.470588 0.470588
v 0.0540882311 0.0121937681 -0.136016068 0.470588 0.470588 0.470588
v 0.0538997467 0.0121914982 -0.13772015 0.470588 0.470588 0.470588
v 0.0537089498 0.0121933844 -0.139423996 1 0 0
v 0.0535230893 0.0121874669 -0.141128367 1 0 0
v 0.0533434668 0.0121829204 -0.142833427 1 0 0
v 0.0531578818 0.0121878656 -0.144537845 1 0 0
v 0.0529764934 0.0121826573 -0.14624272 1 0 0
v 0.052794109 0.0121755523 -0.147947481 1 0 0
v 0.052601779 0.0121714072 -0.149651168 1 0 0
v 0.0523965733 0.0121770177 -0.151353324 1 0 0
v 0.0521820524 0.0121791579 -0.153054333 0 1 0
v 0.0519527791 0.012172667 -0.15475343 0 1 0
v 0.0517138935 0.0121694064 -0.156451181 0 1 0
v 0.0514506071 0.0121689955 -0.158145333 0 1 0
v 0.0511682063 0.0121611906 -0.159836401 0 1 0
v 0.0508684567 0.0121487377 -0.161524442 0 1 0
v 0.0505477716 0.0121510887 -0.163208687 0 1 0
v 0.0502018578 0.012161772 -0.16488789 0 1 0
v 0.04984859 0.0121512837 -0.16656556 0 0.501961 1
v 0.049490251 0.0121545976 -0.168242199 0 0.501961 1
v 0.0491318881 0.0121529465 -0.169918841 0 0.501961 1
v 0.0487764965 0.0121462876 -0.171596097 0 0.501961 1
v 0.0484079987 0.0121453265 -0.173270493 0 0.501961 1
v 0.0480228794 0.012152457 -0.174941173 0 0.501961 1
v 0.0476292651 0.0121574214 -0.176609861 0 0.501961 1
v 0.0472237004 0.0121540771 -0.178275711 0 0.501961 1
v 0.0468141715 0.0121598947 -0.179940575 0 0.501961 1
v 0.0464103815 0.0121559307 -0.181606836 0 0.501961 1
v 0.0460085554 0.0121557451 -0.183273579 1 0.784314 0
v 0.0456025774 0.0121601052 -0.184939314 1 0.784314 0
v 0.0452018847 0.012153184 -0.186606279 1 0.784314 0
v 0.0448062653 0.0121443776 -0.188274474 1 0.784314 0
v 0.0444038195 0.012141278 -0.189941065 1 0.784314 0
v 0.0440063423 0.0121550093 -0.191608794 1 0.784314 0
v 0.0436055514 0.0121690793 -0.193275731 1 0.784314 0
v 0.0631832296 0.0101694288 0.0154874253 0 1 0
v 0.0631294107 0.0101787465 0.0137862726 0 1 0
v 0.0630729928 0.010172385 0.012085219 0 1 0
v 0.0630154757 0.0101624769 0.0103841988 0 1 0
v 0.0629581728 0.0101669453 0.00868314185 0 1 0
v 0.0629037999 0.0101777162 0.0069820212 0 1 0
v 0.0628455533 0.0101773214 0.0052809912 0 1 0
v 0.062789615 0.0101693335 0.00357991627 0 1 0
v 0.0627285625 0.0101772746 0.00187906225 0 0.501961 1
v 0.062670252 0.0101778928 0.000178078588 0 0.501961 1
v 0.0626129004 0.0101693452 -0.00152294609 0 0.501961 1
v 0.062551362 0.0101664676 -0.00322385508 0 0.501961 1
v 0.062495029 0.0101809013 -0.00492487844 0 0.501961 1
v 0.0624431855 0.010172421 -0.0066259938 0 0.501961 1
v 0.0623907209 0.0101638143 -0.00832712435 0 0.501961 1
v 0.0623310999 0.0101812036 -0.010028021 0 0.501961 1
v 0.0622760401 0.0101806141 -0.0117291519 0 0.501961 1
v 0.0622205613 0.0101840617 -0.0134302631 0 0.501961 1
v 0.0621630578 0.0101806729 -0.0151313026 1 0.784314 0
v 0.0621119082 0.0101881359 -0.016832548 1 0.784314 0
v 0.0620497652 0.0101856909 -0.0185334403 1 0.784314 0
v 0.0619904322 0.010179985 -0.0202344242 1 0.784314 0
v 0.0619317782 0.0101687654 -0.021935388 1 0.784314 0
v 0.0618674039 0.010169599 -0.0236361602 1 0.784314 0
v 0.0617999218 0.01017609 -0.0253367864 0.705882 0 1
v 0.0617271702 0.0101798954 -0.0270372401 0.705882 0 1
v 0.0616538748 0.0101732505 -0.0287376696 0.705882 0 1
v 0.0615737868 0.0101792207 -0.0304377969 0.705882 0 1
v 0.0614851582 0.0101764628 -0.0321375055 0.705882 0 1
v 0.0614025728 0.0101827897 -0.0338374719 0.705882 0 1
v 0.0613332726 0.0101899268 -0.0355380749 0.705882 0 1
v 0.0612569039 0.0101865453 -0.0372383807 0.705882 0 1
v 0.0611787484 0.0101833263 -0.038938613 0 0.862745 0.862745
v 0.0610936213 0.010185115 -0.0406385062 0 0.862745 0.862745
v 0.0610120609 0.0101900482 -0.0423385699 0 0.862745 0.862745
v 0.0609235372 0.0101897856 -0.0440382938 0 0.862745 0.862745
v 0.0608391548 0.0101885649 -0.0457382246 0 0.862745 0.862745
v 0.0607555263 0.0101836996 -0.0474381765 0 0.862745 0.862745
v 0.060677231 0.0101900775 -0.0491383937 0 0.862745 0.862745
v 0.0605946461 0.0101876758 -0.0508384143 0 0.862745 0.862745
v 0.0605154209 0.0101831269 -0.0525385891 0 0.862745 0.862745
v 0.0604357423 0.0101723906 -0.0542386298 0 0.862745 0.862745
v 0.0603540687 0.0101874758 -0.0559386245 1 0.470588 0
v 0.060266013 0.0101894323 -0.0576383668 1 0.470588 0
v 0.0601833524 0.010190064 -0.0593383856 1 0.470588 0
v 0.0600944254 0.0101870009 -0.0610380715 1 0.470588 0
v 0.0599988363 0.010180372 -0.0627374022 1 0.470588 0
v 0.0598992853 0.0101738399 -0.0644364509 1 0.470588 0
v 0.0597853991 0.0101843806 -0.0661346273 1 0.470588 0
v 0.0596786599 0.0101731369 -0.0678332612 1 0.470588 0
v 0.0595648963 0.0101668 -0.0695314462 0.470588 1 0
v 0.0594504661 0.0101774372 -0.0712295427 0.470588 1 0
v 0.0593366399 0.0101785488 -0.072927693 0.470588 1 0
v 0.0592248259 0.0101714382 -0.074626027 0.470588 1 0
v 0.059112412 0.0101740487 -0.0763243323 0.470588 1 0
v 0.0589983862 0.0101741941 -0.0780225324 0.470588 1 0
v 0.0588854264 0.0101812853 -0.0797207959 0.470588 1 0
v 0.0587737663 0.0101810381 -0.0814191557 0.470588 1 0
v 0.058661267 0.0101688933 -0.0831173812 1 0 0.705882
v 0.0585473397 0.0101569534 -0.0848154778 1 0 0.705882
v 0.0584351053 0.0101654289 -0.086513775 1 0 0.705882
v 0.0583239763 0.0101807032 -0.0882120742 1 0 0.705882
v 0.0582117468 0.0101702361 -0.0899103336 1 0 0.705882
v 0.0580995614 0.0101740189 -0.0916086506 1 0 0.705882
v 0.0579873642 0.0101775884 -0.0933069698 1 0 0.705882
v 0.0578743903 0.0101760233 -0.0950052283 1 0 0.705882
v 0.0577608815 0.0101611662 -0.0967033949 0.313725 0.313725 1
v 0.0576525079 0.0101685466 -0.0984019517 0.313725 0.313725 1
v 0.0575407442 0.0101782617 -0.100100277 0.313725 0.313725 1
v 0.0574277474 0.0101789607 -0.101798538 0.313725 0.313725 1
v 0.057312939 0.0101772524 -0.10349669 0.313725 0.313725 1
v 0.0571899013 0.010181061 -0.105194264 0.313725 0.313725 1
v 0.0570633177 0.0101813025 -0.106891577 0.313725 0.313725 1
v 0.056932831 0.0101790518 -0.108588594 0.313725 0.313725 1
v 0.0567893452 0.0101798334 -0.110284566 0.705882 0.470588 0.156863
v 0.0566408445 0.0101713279 -0.111980058 0.705882 0.470588 0.156863
v 0.0564890175 0.0101639245 -0.113675251 0.705882 0.470588 0.156863
v 0.0563347827 0.010172574 -0.115370256 0.705882 0.470588 0.156863
v 0.0561776333 0.0101789204 -0.117064994 0.705882 0.470588 0.156863
v 0.0560329896 0.0101676634 -0.118760825 0.705882 0.470588 0.156863
v 0.0558847172 0.0101662147 -0.120456332 0.705882 0.470588 0.156863
v 0.0557296825 0.0101797521 -0.122151231 0.705882 0.470588 0.156863
v 0.0555789971 0.0101753381 -0.123846571 0.705882 0.470588 0.156863
v 0.0554240294 0.0101728995 -0.125541524 0.705882 0.470588 0.156863
v 0.0552670238 0.0101688382 -0.12723628 0.470588 0.470588 0.470588
v 0.0551146922 0.0101749258 -0.128931465 0.470588 0.470588 0.470588
v 0.054954972 0.01017703 -0.130625971 0.470588 0.470588 0.470588
v 0.0547883051 0.0101801897 -0.132319786 0.470588 0.470588 0.470588
v 0.0546124972 0.0101776463 -0.134012709 0.470588 0.470588 0.470588
v 0.054430684 0.0101789023 -0.135705001 0.470588 0.470588 0.470588
v 0.0542457573 0.0101780357 -0.137396936 0.470588 0.470588 0.470588
v 0.0540586633 0.0101745517 -0.139088627 0.470588 0.470588 0.470588
v 0.0538745746 0.0101686425 -0.140780598 1 0 0
v 0.0537050053 0.0101634549 -0.142474129 1 0 0
v 0.0535236723 0.0101694215 -0.144166433 1 0 0
v 0.0533462155 0.0101683001 -0.145859162 1 0 0
v 0.0531726045 0.0101593236 -0.147552266 1 0 0
v 0.0529899792 0.0101571399 -0.149244467 1 0 0
v 0.0527932988 0.0101571959 -0.150935082 1 0 0
v 0.0525848305 0.0101634208 -0.152624266 1 0 0
v 0.0523685929 0.0101640533 -0.154312501 0 1 0
v 0.0521348535 0.0101568185 -0.155998367 0 1 0
v 0.0518876878 0.0101562239 -0.157682344 0 1 0
v 0.0516113673 0.0101519461 -0.15936178 0 1 0
v 0.0513261746 0.0101401435 -0.161039699 0 1 0
v 0.0510175382 0.0101265513 -0.162713412 0 1 0
v 0.0506837163 0.010129692 -0.164382303 0 0.501961 1
v 0.0503346313 0.0101312959 -0.16604815 0 0.501961 1
v 0.0499820814 0.0101292585 -0.167713266 0 0.501961 1
v 0.0496293263 0.0101312825 -0.169378328 0 0.501961 1
v 0.0492755653 0.0101457934 -0.171043 0 0.501961 1
v 0.0489158421 0.0101400359 -0.172706565 0 0.501961 1
v 0.0485432179 0.0101314589 -0.174367197 0 0.501961 1
v 0.0481485007 0.010151247 -0.176022682 0 0.501961 1
v 0.0477555868 0.010150746 -0.177678728 0 0.501961 1
v 0.0473518357 0.0101519232 -0.179332164 0 0.501961 1
v 0.0469427766 0.0101484135 -0.180984298 1 0.784314 0
v 0.0465435691 0.0101472467 -0.182638841 1 0.784314 0
v 0.0461418095 0.0101521222 -0.184292765 1 0.784314 0
v 0.0457416548 0.0101519547 -0.185947068 1 0.784314 0
v 0.0453478602 0.0101409329 -0.187602869 1 0.784314 0
v 0.0449489155 0.0101321064 -0.189257395 1 0.784314 0
v 0.0445442756 0.0101455222 -0.190910533 1 0.784314 0
v 0.0441526559 0.0101420703 -0.19256685 1 0.784314 0
v 0.0437419693 0.0101542219 -0.194218533 1 0.784314 0
v 0.0634184839 0.00814475144 0.0159889642 0 1 0
v 0.0633681301 0.0081349927 0.0142793932 0 1 0
v 0.063311022 0.00812391934 0.0125700517 0 1 0
v 0.0632527106 0.00811790386 0.0108607226 0 1 0
v 0.0631909152 0.00811735599 0.00915154322 0 1 0
v 0.0631333103 0.00814483287 0.00744244203 0 1 0
v 0.0630755014 0.00814976681 0.00573309193 0 1 0
v 0.0630178475 0.00813497736 0.00402381069 0 1 0
v 0.0629531337 0.00813602033 0.00231477863 0 0.501961 1
v 0.0628898026 0.00814556245 0.000605751047 0 0.501961 1
v 0.0628403886 0.00812945691 -0.00110379533 0 0.501961 1
v 0.0627748606 0.0081193692 -0.00281284621 0 0.501961 1
v 0.062715814 0.0081373824 -0.00452201847 0 0.501961 1
v 0.0626580812 0.00814957288 -0.00623126145 0 0.501961 1
v 0.0626004155 0.00814834204 -0.00794062888 0 0.501961 1
v 0.0625452746 0.00814977243 -0.00965003239 0 0.501961 1
v 0.0624904771 0.00814075031 -0.0113594647 0 0.501961 1
v 0.0624337803 0.00815045028 -0.0130688238 0 0.501961 1
v 0.0623812652 0.00813042926 -0.0147780933 1 0.784314 0
v 0.0623252641 0.00814304503 -0.0164868949 1 0.784314 0
v 0.0622631301 0.00814963005 -0.0181960283 1 0.784314 0
v 0.0622001859 0.00814415905 -0.0199051964 1 0.784314 0
v 0.0621411372 0.00813304533 -0.0216144726 1 0.784314 0
v 0.0620778279 0.00813612699 -0.0233235576 1 0.784314 0
v 0.0620077343 0.00814896628 -0.0250323903 0.705882 0 1
v 0.0619343056 0.00815349043 -0.0267411395 0.705882 0 1
v 0.0618562341 0.00814996541 -0.0284496906 0.705882 0 1
v 0.0617752442 0.00814038781 -0.0301580703 0.705882 0 1
v 0.0616887877 0.00813726656 -0.0318662206 0.705882 0 1
v 0.0616045238 0.00814595865 -0.0335744309 0.705882 0 1
v 0.0615242402 0.00815291519 -0.0352828632 0.705882 0 1
v 0.0614460471 0.00815101801 -0.0369914073 0.705882 0 1
v 0.0613622777 0.00813434547 -0.0386995634 0 0.862745 0.862745
v 0.0612761538 0.00813392691 -0.0404076497 0 0.862745 0.862745
v 0.0611894246 0.00815512277 -0.0421156515 0 0.862745 0.862745
v 0.061102224 0.00815262074 -0.0438237637 0 0.862745 0.862745
v 0.0610180486 0.0081535389 -0.0455320258 0 0.862745 0.862745
v 0.0609329719 0.00815210062 -0.047240244 0 0.862745 0.862745
v 0.0608533987 0.00814965267 -0.0489487298 0 0.862745 0.862745
v 0.0607726111 0.00814476222 -0.0506571499 0 0.862745 0.862745
v 0.0606918981 0.00814103151 -0.0523655779 0 0.862745 0.862745
v 0.0606097198 0.0081424231 -0.0540739335 0 0.862745 0.862745
v 0.0605343704 0.00814884918 -0.055782597 1 0.470588 0
v 0.0604547374 0.00815408794 -0.0574910649 1 0.470588 0
v 0.0603702945 0.00815487303 -0.0591993168 1 0.470588 0
v 0.0602853116 0.00814980558 -0.0609075267 1 0.470588 0
v 0.0601986685 0.00813547891 -0.0626156016 1 0.470588 0
v 0.0601020788 0.0081257679 -0.0643230693 1 0.470588 0
v 0.0599855534 0.00815123911 -0.0660292074 1 0.470588 0
v 0.059880908 0.00811909481 -0.0677360408 1 0.470588 0
v 0.0597652429 0.00812140565 -0.0694423913 0.470588 1 0
v 0.0596531746 0.00813885697 -0.071148949 0.470588 1 0
v 0.0595421392 0.00813934068 -0.0728555441 0.470588 1 0
v 0.0594314455 0.00812827462 -0.0745622165 0.470588 1 0
v 0.0593223316 0.00813758274 -0.0762689679 0.470588 1 0
v 0.0592072579 0.00814851294 -0.077975386 0.470588 1 0
v 0.0590953117 0.00814857484 -0.0796820536 0.470588 1 0
v 0.0589849229 0.00813770179 -0.0813887824 0.470588 1 0
v 0.0588702527 0.00813174453 -0.0830951551 1 0 0.705882
v 0.0587576874 0.00813214695 -0.0848017442 1 0 0.705882
v 0.0586442113 0.00814220214 -0.0865082669 1 0 0.705882
v 0.0585348569 0.00814228901 -0.0882150361 1 0 0.705882
v 0.0584237831 0.00811789967 -0.0899215401 1 0 0.705882
v 0.0583070445 0.00812860958 -0.0916278525 1 0 0.705882
v 0.0581986635 0.0081383675 -0.0933347197 1 0 0.705882
v 0.0580880842 0.00814030163 -0.0950414614 1 0 0.705882
v 0.057975594 0.00814006895 -0.0967480869 0.313725 0.313725 1
v 0.0578650686 0.00814564107 -0.0984548388 0.313725 0.313725 1
v 0.0577557244 0.008145652 -0.100161678 0.313725 0.313725 1
v 0.0576421805 0.00814863205 -0.101868242 0.313725 0.313725 1
v 0.0575241325 0.00814797476 -0.103574498 0.313725 0.313725 1
v 0.0574009259 0.00814494109 -0.105280383 0.313725 0.313725 1
v 0.0572732413 0.00814690445 -0.106985949 0.313725 0.313725 1
v 0.0571395766 0.0081473156 -0.108691051 0.313725 0.313725 1
v 0.0570012297 0.00814661175 -0.110395782 0.705882 0.470588 0.156863
v 0.056855413 0.00815000426 -0.112099892 0.705882 0.470588 0.156863
v 0.0566997717 0.0081501643 -0.113803131 0.705882 0.470588 0.156863
v 0.0565493404 0.00814977886 -0.115506829 0.705882 0.470588 0.156863
v 0.0563942593 0.00814516257 -0.117210085 0.705882 0.470588 0.156863
v 0.0562514312 0.00813434668 -0.118914388 0.705882 0.470588 0.156863
v 0.0560982947 0.00814187414 -0.120617842 0.705882 0.470588 0.156863
v 0.0559461014 0.00814687325 -0.122321377 0.705882 0.470588 0.156863
v 0.0557954919 0.00814390036 -0.124025061 0.705882 0.470588 0.156863
v 0.0556433872 0.00813020024 -0.125728569 0.705882 0.470588 0.156863
v 0.0554905704 0.00812138976 -0.127432033 0.470588 0.470588 0.470588
v 0.0553332677 0.00811358252 -0.129135094 0.470588 0.470588 0.470588
v 0.0551710374 0.00810730156 -0.130837708 0.470588 0.470588 0.470588
v 0.0550004997 0.00814564557 -0.13253909 0.470588 0.470588 0.470588
v 0.0548277534 0.00814787217 -0.134240609 0.470588 0.470588 0.470588
v 0.0546466753 0.00814633198 -0.135941333 0.470588 0.470588 0.470588
v 0.0544655099 0.00814638245 -0.137642045 0.470588 0.470588 0.470588
v 0.054284006 0.00814058603 -0.139342693 0.470588 0.470588 0.470588
v 0.0541048948 0.00813463438 -0.141043567 1 0 0
v 0.0539382071 0.00813607746 -0.142745755 1 0 0
v 0.0537570969 0.00814016937 -0.144446474 1 0 0
v 0.053588112 0.00814216068 -0.146148413 1 0 0
v 0.0534167794 0.00813469523 -0.147850107 1 0 0
v 0.0532358782 0.00813115564 -0.149550829 1 0 0
v 0.0530368528 0.00813319786 -0.151249497 1 0 0
v 0.0528379836 0.00814048908 -0.152948204 1 0 0
v 0.0526169233 0.00814156417 -0.154644195 0 1 0
v 0.0523838839 0.00813627936 -0.156338527 0 1 0
v 0.0521326773 0.00813603783 -0.158030286 0 1 0
v 0.0518578477 0.00813440865 -0.1597184 0 1 0
v 0.0515802876 0.00811840479 -0.161405952 0 1 0
v 0.0512617018 0.00811585396 -0.163086292 0 1 0
v 0.0509315573 0.00811378116 -0.164764447 0 0.501961 1
v 0.0505826334 0.00811234142 -0.166438813 0 0.501961 1
v 0.0502277749 0.00811191276 -0.168111928 0 0.501961 1
v 0.0498844078 0.00813042195 -0.169787344 0 0.501961 1
v 0.0495205249 0.00813112128 -0.171458483 0 0.501961 1
v 0.049158382 0.00811178677 -0.173129872 0 0.501961 1
v 0.0487792093 0.00810935729 -0.174797191 0 0.501961 1
v 0.0483775545 0.0081363703 -0.176459377 0 0.501961 1
v 0.0479866568 0.00813715277 -0.178124413 0 0.501961 1
v 0.0475718955 0.00813563248 -0.179783684 0 0.501961 1
v 0.0471625861 0.00813013059 -0.181444309 1 0.784314 0
v 0.0467623311 0.00813521192 -0.183107133 1 0.784314 0
v 0.0463624642 0.00813431378 -0.184770027 1 0.784314 0
v 0.0459627322 0.00813737086 -0.186432971 1 0.784314 0
v 0.0455475957 0.00813351533 -0.188092161 1 0.784314 0
v 0.0451395696 0.00813787196 -0.18975308 1 0.784314 0
v 0.044732665 0.00812818371 -0.191414216 1 0.784314 0
v 0.0443338239 0.00811749903 -0.193077317 1 0.784314 0
v 0.0439174045 0.00813257227 -0.194736122 1 0.784314 0
v 0.0636026954 0.00611460344 0.0162655456 0 0.862745 0.862745
v 0.0635529331 0.00609320526 0.014551597 0 0.862745 0.862745
v 0.063494445 0.00606930457 0.0128379995 0 0.862745 0.862745
v 0.0634294658 0.00603782343 0.0111247938 0 0.862745 0.862745
v 0.0633738417 0.00604535247 0.0094109084 0 0.862745 0.862745
v 0.0633084606 0.00607837457 0.00769769196 0 0.862745 0.862745
v 0.0632438435 0.00609868992 0.00598430088 0 0.862745 0.862745
v 0.0631865724 0.00611244541 0.00427050836 0 0.862745 0.862745
v 0.0631244815 0.00611399347 0.00255684837 1 0.470588 0
v 0.0630624219 0.00610772911 0.000843188904 1 0.470588 0
v 0.0630103563 0.00609422407 -0.000870771221 1 0.470588 0
v 0.0629460698 0.00606640503 -0.00258413303 1 0.470588 0
v 0.0628857242 0.00606825459 -0.00429782109 1 0.470588 0
v 0.0628209523 0.00609628284 -0.00601115596 1 0.470588 0
v 0.0627622185 0.00611370646 -0.00772477206 1 0.470588 0
v 0.0627031584 0.00610552483 -0.00943853954 1 0.470588 0
v 0.0626474082 0.00610612473 -0.0111523998 1 0.470588 0
v 0.0625911766 0.00611693557 -0.0128662435 1 0.470588 0
v 0.0625354914 0.00610300892 -0.0145799499 0.470588 1 0
v 0.0624816563 0.00609956929 -0.0162935096 0.470588 1 0
v 0.062420219 0.00611260558 -0.0180069221 0.470588 1 0
v 0.0623580915 0.00611080006 -0.0197205763 0.470588 1 0
v 0.0622986862 0.00610415219 -0.0214343335 0.470588 1 0
v 0.0622373587 0.00609895741 -0.0231479546 0.470588 1 0
v 0.0621694858 0.00611383398 -0.024861335 1 0 0.705882
v 0.0620948758 0.00608885621 -0.0265742883 1 0 0.705882
v 0.0620158667 0.00608418191 -0.0282872645 1 0 0.705882
v 0.0619357673 0.00607049175 -0.0300001284 1 0 0.705882
v 0.0618523795 0.00607304154 -0.0317127381 1 0 0.705882
v 0.061766953 0.00608974715 -0.033425306 1 0 0.705882
v 0.0616789526 0.00611294015 -0.0351376938 1 0 0.705882
v 0.0615977199 0.00611601022 -0.0368505487 1 0 0.705882
v 0.0615119695 0.0061057782 -0.0385631555 0.313725 0.313725 1
v 0.0614240309 0.00609141967 -0.0402756297 0.313725 0.313725 1
v 0.0613346136 0.00610138628 -0.0419880008 0.313725 0.313725 1
v 0.0612478262 0.00610787272 -0.0437005886 0.313725 0.313725 1
v 0.0611631086 0.00610417488 -0.0454132519 0.313725 0.313725 1
v 0.0610789468 0.00610807329 -0.0471259698 0.313725 0.313725 1
v 0.0609966474 0.00611491392 -0.0488387699 0.313725 0.313725 1
v 0.0609136516 0.00611529578 -0.050551562 0.313725 0.313725 1
v 0.060833131 0.00610838441 -0.0522644576 0.313725 0.313725 1
v 0.0607555111 0.00606507043 -0.0539764443 0.313725 0.313725 1
v 0.0606826424 0.00608002001 -0.0556896345 0.705882 0.470588 0.156863
v 0.060605769 0.00609097453 -0.0574026749 0.705882 0.470588 0.156863
v 0.0605233563 0.00609491593 -0.0591154631 0.705882 0.470588 0.156863
v 0.0604424455 0.00608462482 -0.0608283104 0.705882 0.470588 0.156863
v 0.06035512 0.0060854335 -0.0625408044 0.705882 0.470588 0.156863
v 0.0602590081 0.0060987573 -0.0642528121 0.705882 0.470588 0.156863
v 0.0601508902 0.00609679036 -0.0659641319 0.705882 0.470588 0.156863
v 0.0600422031 0.00605831572 -0.0676750408 0.705882 0.470588 0.156863
v 0.0599324833 0.00606846148 -0.0693862135 0.470588 0.470588 0.470588
v 0.0598245544 0.00608898874 -0.0710974389 0.470588 0.470588 0.470588
v 0.0597162297 0.0060978384 -0.0728086625 0.470588 0.470588 0.470588
v 0.0596049118 0.00608667587 -0.0745197902 0.470588 0.470588 0.470588
v 0.0595005806 0.00605985546 -0.0762312044 0.470588 0.470588 0.470588
v 0.0593902273 0.00605660704 -0.0779424127 0.470588 0.470588 0.470588
v 0.0592796909 0.00605109701 -0.079653627 0.470588 0.470588 0.470588
v 0.0591691423 0.00605731908 -0.0813647568 0.470588 0.470588 0.470588
v 0.0590488356 0.00610215964 -0.0830747479 1 0 0
v 0.058939203 0.00611217964 -0.0847859371 1 0 0
v 0.0588260356 0.00611121136 -0.0864970009 1 0 0
v 0.0587165673 0.0060953737 -0.0882081767 1 0 0
v 0.0586074195 0.00607030824 -0.0899192769 1 0 0
v 0.0584943987 0.00606876808 -0.0916303222 1 0 0
v 0.0583830669 0.0060982234 -0.0933410669 1 0 0
v 0.0582729753 0.00610987172 -0.0950522285 1 0 0
v 0.0581605766 0.00611081378 -0.0967633374 0 1 0
v 0.0580483336 0.00611376667 -0.0984744553 0 1 0
v 0.0579384154 0.00610167429 -0.10018562 0 1 0
v 0.0578224206 0.00607729233 -0.101896247 0 1 0
v 0.0576989634 0.00610668017 -0.103606343 0 1 0
v 0.0575741979 0.00610336089 -0.105316521 0 1 0
v 0.0574455872 0.00610046412 -0.107026463 0 1 0
v 0.0573116629 0.00610824768 -0.108736012 0 1 0
v 0.0571761797 0.00611005164 -0.110445446 0 0.501961 1
v 0.0570301626 0.00611067924 -0.112154007 0 0.501961 1
v 0.0568800079 0.00611510593 -0.113862219 0 0.501961 1
v 0.0567266044 0.00611510808 -0.115570144 0 0.501961 1
v 0.0565772323 0.00611210858 -0.117278412 0 0.501961 1
v 0.0564351005 0.00610614993 -0.118987296 0 0.501961 1
v 0.0562776438 0.00610999931 -0.120694852 0 0.501961 1
v 0.0561319319 0.00609815851 -0.122403384 0 0.501961 1
v 0.0559758669 0.00609809935 -0.124111044 0 0.501961 1
v 0.0558188717 0.00610301479 -0.125818588 0 0.501961 1
v 0.0556607127 0.00611191621 -0.12752603 1 0.784314 0
v 0.0554947454 0.0061117356 -0.129232784 1 0.784314 0
v 0.0553271304 0.0061119864 -0.130939337 1 0.784314 0
v 0.0551597681 0.00610189173 -0.132645901 1 0.784314 0
v 0.0549908084 0.00609313382 -0.13435225 1 0.784314 0
v 0.0548152482 0.00609998903 -0.136058012 1 0.784314 0
v 0.0546440906 0.0060880754 -0.137764181 1 0.784314 0
v 0.0544682154 0.00607028864 -0.1394698 1 0.784314 0
v 0.054295284 0.00609374442 -0.14117528 0.705882 0 1
v 0.0541265021 0.00610887368 -0.142881508 0.705882 0 1
v 0.0539590743 0.00610390328 -0.144588097 0.705882 0 1
v 0.0537824587 0.00611075468 -0.146293761 0.705882 0 1
v 0.0536099041 0.00611135523 -0.147999853 0.705882 0 1
v 0.0534276633 0.00611153788 -0.149704946 0.705882 0 1
v 0.0532408697 0.00611116504 -0.15140953 0.705882 0 1
v 0.0530456494 0.00611125555 -0.153113168 0.705882 0 1
v 0.0528268673 0.0061085616 -0.154813912 0 0.862745 0.862745
v 0.0525995106 0.006098993 -0.156513541 0 0.862745 0.862745
v 0.0523431726 0.0061022713 -0.158209027 0 0.862745 0.862745
v 0.0520771736 0.0061075961 -0.159903046 0 0.862745 0.862745
v 0.0517898571 0.00610342539 -0.161593551 0 0.862745 0.862745
v 0.0514872241 0.00609042557 -0.163281358 0 0.862745 0.862745
v 0.0511553974 0.00608655325 -0.164963715 1 0.470588 0
v 0.0508107159 0.00609390762 -0.166643487 1 0.470588 0
v 0.05045641 0.00610557983 -0.168321193 1 0.470588 0
v 0.050105927 0.00610793542 -0.169999761 1 0.470588 0
v 0.0497420113 0.00610785741 -0.171675457 1 0.470588 0
v 0.0493741538 0.00608093571 -0.17335008 1 0.470588 0
v 0.0489832732 0.0060901633 -0.175019324 1 0.470588 0
v 0.0485859496 0.0061092724 -0.176687253 1 0.470588 0
v 0.0481914597 0.00610906564 -0.178356025 1 0.470588 0
v 0.04777573 0.00610709474 -0.180019671 1 0.470588 0
v 0.0473719767 0.00610058474 -0.181686201 0.470588 1 0
v 0.0469692686 0.00608395662 -0.183352899 0.470588 1 0
v 0.046568685 0.0060843424 -0.18502015 0.470588 1 0
v 0.046147894 0.00610530543 -0.186682392 0.470588 1 0
v 0.0457404607 0.00610098687 -0.188348047 0.470588 1 0
v 0.0453295785 0.00610154348 -0.190012846 0.470588 1 0
v 0.044914972 0.00609968881 -0.191676621 0.470588 1 0
v 0.0445049252 0.00609132295 -0.193341542 0.470588 1 0
v 0.0440852992 0.00610983688 -0.195004095 0.470588 1 0
v 0.0637396518 0.0040755532 0.0164127996 0 0.862745 0.862745
v 0.0636865233 0.00405639792 0.0146964581 0 0.862745 0.862745
v 0.063627738 0.00401205267 0.0129808922 0 0.862745 0.862745
v 0.063561503 0.00395986954 0.0112657313 0 0.862745 0.862745
v 0.063500698 0.00396610908 0.009549604 0 0.862745 0.862745
v 0.063434063 0.0040115669 0.00783447645 0 0.862745 0.862745
v 0.0633661844 0.00405395475 0.0061197394 0 0.862745 0.862745
v 0.0633095561 0.00404220028 0.00440349586 0 0.862745 0.862745
v 0.0632505238 0.00405924684 0.00268732156 1 0.470588 0
v 0.0631889151 0.00405460191 0.000971206109 1 0.470588 0
v 0.063126367 0.00405330692 -0.000744840929 1 0.470588 0
v 0.0630646867 0.00403720211 -0.00246091492 1 0.470588 0
v 0.0630034596 0.00404578075 -0.00417706498 1 0.470588 0
v 0.0629448513 0.00406762301 -0.00589319876 1 0.470588 0
v 0.062879965 0.00407310492 -0.00760920065 1 0.470588 0
v 0.0628202456 0.00406581456 -0.00932541572 1 0.470588 0
v 0.0627623523 0.00405928537 -0.0110416808 1 0.470588 0
v 0.0627015301 0.00406194296 -0.0127578724 1 0.470588 0
v 0.0626436533 0.004058358 -0.0144741671 0.470588 1 0
v 0.0625904466 0.0040532694 -0.0161906129 0.470588 1 0
v 0.0625338437 0.00405186704 -0.0179068987 0.470588 1 0
v 0.0624744071 0.00402826872 -0.0196229812 0.470588 1 0
v 0.0624138507 0.00400560649 -0.021339041 0.470588 1 0
v 0.0623495858 0.0039853744 -0.023053755 0.470588 1 0
v 0.0622784267 0.00406518437 -0.024767208 1 0 0.705882
v 0.0622059025 0.00405972728 -0.0264828368 1 0 0.705882
v 0.0621299546 0.00405898864 -0.0281984175 1 0 0.705882
v 0.062051245 0.00405155795 -0.0299137947 1 0 0.705882
v 0.0619689947 0.0040489544 -0.031629041 1 0 0.705882
v 0.0618818743 0.00407131817 -0.033343799 1 0 0.705882
v 0.0617965647 0.00407235923 -0.0350589227 1 0 0.705882
v 0.0617140818 0.00406753684 -0.0367742069 1 0 0.705882
v 0.061630595 0.0040463397 -0.0384892251 0.313725 0.313725 1
v 0.0615419048 0.00402197289 -0.0402040054 0.313725 0.313725 1
v 0.0614509492 0.0040667764 -0.0419182218 0.313725 0.313725 1
v 0.0613665926 0.00407456262 -0.0436334093 0.313725 0.313725 1
v 0.0612836541 0.00403879409 -0.0453481926 0.313725 0.313725 1
v 0.0611985554 0.00405781443 -0.0470625068 0.313725 0.313725 1
v 0.0611139548 0.00407394335 -0.0487774909 0.313725 0.313725 1
v 0.0610344672 0.00406463224 -0.0504928998 0.313725 0.313725 1
v 0.0609511473 0.00404784379 -0.0522080609 0.313725 0.313725 1
v 0.0608758533 0.00397392065 -0.0539217672 0.313725 0.313725 1
v 0.0607982849 0.00394583372 -0.0556370578 0.705882 0.470588 0.156863
v 0.0607209669 0.00394665003 -0.0573522911 0.705882 0.470588 0.156863
v 0.0606402609 0.00399109744 -0.0590670928 0.705882 0.470588 0.156863
v 0.0605584938 0.00397780159 -0.0607823492 0.705882 0.470588 0.156863
v 0.0604704283 0.00401044693 -0.0624964644 0.705882 0.470588 0.156863
v 0.0603763011 0.00404332614 -0.0642106519 0.705882 0.470588 0.156863
v 0.0602745731 0.0040601295 -0.0659247696 0.705882 0.470588 0.156863
v 0.0601654493 0.00403174436 -0.0676383395 0.705882 0.470588 0.156863
v 0.0600629639 0.00401110504 -0.0693524162 0.470588 0.470588 0.470588
v 0.0599592955 0.00400188413 -0.0710665079 0.470588 0.470588 0.470588
v 0.0598469248 0.00402648411 -0.0727799074 0.470588 0.470588 0.470588
v 0.059735842 0.00406741036 -0.0744930009 0.470588 0.470588 0.470588
v 0.0596364038 0.00403522586 -0.0762070957 0.470588 0.470588 0.470588
v 0.0595288871 0.00400786858 -0.0779207749 0.470588 0.470588 0.470588
v 0.0594175786 0.00405272429 -0.0796334786 0.470588 0.470588 0.470588
v 0.0593073432 0.00407112295 -0.0813469913 0.470588 0.470588 0.470588
v 0.0591979741 0.00406625492 -0.0830607231 1 0 0
v 0.059083204 0.00407178662 -0.0847741093 1 0 0
v 0.0589683098 0.00407023311 -0.0864875384 1 0 0
v 0.0588548378 0.0040651527 -0.0882010276 1 0 0
v 0.058750037 0.0040588803 -0.0899150403 1 0 0
v 0.0586482867 0.00402073985 -0.0916287361 1 0 0
v 0.0585338768 0.00402031434 -0.0933390959 1 0 0
v 0.0584133308 0.00406945377 -0.0950511482 1 0 0
v 0.0582999228 0.00406759818 -0.0967646711 0 1 0
v 0.0581863589 0.00406446252 -0.0984781737 0 1 0
v 0.0580737575 0.00405015505 -0.100191674 0 1 0
v 0.0579533196 0.0040193732 -0.101904442 0 1 0
v 0.0578328501 0.00405320058 -0.103617105 0 1 0
v 0.0577064003 0.00405963801 -0.105329611 0 1 0
v 0.0575759992 0.00406009283 -0.107041883 0 1 0
v 0.0574436307 0.00407039806 -0.108754002 0 1 0
v 0.0573041167 0.00407406092 -0.110465598 0 0.501961 1
v 0.0571615405 0.00407305169 -0.11217694 0 0.501961 1
v 0.0570104601 0.00407594083 -0.11388753 0 0.501961 1
v 0.0568638408 0.0040765815 -0.115598516 0 0.501961 1
v 0.0567148387 0.00407530623 -0.117309311 0 0.501961 1
v 0.0565676138 0.0040713643 -0.119020251 0 0.501961 1
v 0.0564121848 0.00407352283 -0.120730462 0 0.501961 1
v 0.0562581893 0.004074009 -0.122440817 0 0.501961 1
v 0.0561046358 0.00406180875 -0.124151076 0 0.501961 1
v 0.0559489295 0.00402230634 -0.125860825 0 0.501961 1
v 0.0557855653 0.00399077086 -0.127569992 1 0.784314 0
v 0.0556201886 0.0039865753 -0.129278866 1 0.784314 0
v 0.0554534004 0.00403111308 -0.130987443 1 0.784314 0
v 0.055279917 0.0040413808 -0.132695902 1 0.784314 0
v 0.0551097641 0.00405505254 -0.134404646 1 0.784314 0
v 0.0549420269 0.00402253694 -0.136112269 1 0.784314 0
v 0.0547841115 0.00395233945 -0.137820144 1 0.784314 0
v 0.0546052007 0.00398721429 -0.139527721 1 0.784314 0
v 0.054436602 0.00403630752 -0.141235948 0.705882 0 1
v 0.0542677133 0.00406816329 -0.142944381 0.705882 0 1
v 0.0541022581 0.00407025184 -0.144653602 0.705882 0 1
v 0.0539278854 0.00405151553 -0.146361866 0.705882 0 1
v 0.0537477704 0.00404755329 -0.148069599 0.705882 0 1
v 0.05357255 0.00405939433 -0.149777782 0.705882 0 1
v 0.0533916888 0.0040727663 -0.151485386 0.705882 0 1
v 0.0531932144 0.00407366609 -0.15319114 0.705882 0 1
v 0.0529749831 0.0040767095 -0.154894471 0 0.862745 0.862745
v 0.0527430086 0.00407235518 -0.15659595 0 0.862745 0.862745
v 0.0525004206 0.00406523253 -0.158295992 0 0.862745 0.862745
v 0.0522468584 0.00405988523 -0.159994361 0 0.862745 0.862745
v 0.0519611858 0.00405341981 -0.161687699 0 0.862745 0.862745
v 0.051649163 0.00403147965 -0.163376232 0 0.862745 0.862745
v 0.0513274728 0.00405503618 -0.165062717 1 0.470588 0
v 0.0509849154 0.00406750392 -0.166745416 1 0.470588 0
v 0.0506369694 0.00406723164 -0.168427053 1 0.470588 0
v 0.0502748389 0.00406938759 -0.170105709 1 0.470588 0
v 0.0499133471 0.00407354846 -0.171784474 1 0.470588 0
v 0.0495348095 0.0040446597 -0.173459224 1 0.470588 0
v 0.0491448638 0.00406057296 -0.175131338 1 0.470588 0
v 0.0487499633 0.0040737534 -0.176802474 1 0.470588 0
v 0.0483513592 0.00407382965 -0.178472828 1 0.470588 0
v 0.0479361014 0.0040728434 -0.180139129 1 0.470588 0
v 0.0475344613 0.00403608397 -0.181808305 0.470588 1 0
v 0.0471311688 0.00401392116 -0.183477237 0.470588 1 0
v 0.0467226052 0.00401941869 -0.185145197 0.470588 1 0
v 0.0462969652 0.00406953036 -0.186808112 0.470588 1 0
v 0.0458932992 0.00407215067 -0.188477207 0.470588 1 0
v 0.0454791747 0.00407471191 -0.190143764 0.470588 1 0
v 0.0450672716 0.00405761952 -0.191810711 0.470588 1 0
v 0.0446486881 0.00404836648 -0.193475973 0.470588 1 0
v 0.0442239358 0.00407548654 -0.195139647 0.470588 1 0
v 0.0638286225 0.00203563733 0.0164873817 0 0.862745 0.862745
v 0.063765772 0.00202351213 0.0147698874 0 0.862745 0.862745
v 0.0637046327 0.00200337559 0.0130524072 0 0.862745 0.862745
v 0.0636429824 0.00197642971 0.0113350743 0 0.862745 0.862745
v 0.0635798042 0.0019598483 0.00961762762 0 0.862745 0.862745
v 0.0635122761 0.00199392305 0.00790090359 0 0.862745 0.862745
v 0.0634489798 0.00199217559 0.00618423671 0 0.862745 0.862745
v 0.0633867847 0.00195657624 0.0044672481 0 0.862745 0.862745
v 0.063330948 0.00197995005 0.00274976338 1 0.470588 0
v 0.0632685402 0.00198162326 0.00103238173 1 0.470588 0
v 0.0632064784 0.00201476625 -0.00068481039 1 0.470588 0
v 0.063143753 0.002033604 -0.0024021023 1 0.470588 0
v 0.0630790647 0.00202470223 -0.0041195531 1 0.470588 0
v 0.063022688 0.00203152645 -0.00583730796 1 0.470588 0
v 0.0629596209 0.00202583101 -0.00755481628 1 0.470588 0
v 0.0629008255 0.00202542288 -0.00927247389 1 0.470588 0
v 0.0628394277 0.00201170376 -0.0109899219 1 0.470588 0
v 0.0627758148 0.00200070656 -0.0127073162 1 0.470588 0
v 0.0627111755 0.00197680655 -0.0144227145 0.470588 1 0
v 0.0626602038 0.00183969363 -0.0161337122 0.470588 1 0
v 0.0626031708 0.00185070176 -0.0178513748 0.470588 1 0
v 0.0625432027 0.00187536252 -0.0195688171 0.470588 1 0
v 0.0624764174 0.00187831977 -0.0212859429 0.470588 1 0
v 0.0624147134 0.00190372977 -0.0230031744 0.470588 1 0
v 0.0623429856 0.00200073584 -0.0247157037 1 0 0.705882
v 0.0622770943 0.00197192875 -0.0264326947 1 0 0.705882
v 0.0622072492 0.001892281 -0.0281478031 1 0 0.705882
v 0.0621295237 0.00186590797 -0.0298642438 1 0 0.705882
v 0.0620470583 0.00188424205 -0.031580033 1 0 0.705882
v 0.0619603384 0.00198394279 -0.0332936391 1 0 0.705882
v 0.0618735652 0.00200436853 -0.0350099315 1 0 0.705882
v 0.0617901402 0.00201580193 -0.0367263607 1 0 0.705882
v 0.0617105012 0.00200262592 -0.0384431365 0.313725 0.313725 1
v 0.0616198511 0.00199488882 -0.0401593737 0.313725 0.313725 1
v 0.0615358954 0.00202729641 -0.0418756313 0.313725 0.313725 1
v 0.0614529263 0.00200751241 -0.043592128 0.313725 0.313725 1
v 0.061368816 0.00199264755 -0.0453086205 0.313725 0.313725 1
v 0.0612837714 0.00201643285 -0.0470247901 0.313725 0.313725 1
v 0.0611962472 0.00203393983 -0.0487410653 0.313725 0.313725 1
v 0.0611194792 0.00202613731 -0.0504580208 0.313725 0.313725 1
v 0.0610330897 0.0020090939 -0.0521744343 0.313725 0.313725 1
v 0.0609536188 0.00198994283 -0.0538911633 0.313725 0.313725 1
v 0.0608761138 0.00196630355 -0.0556078861 0.705882 0.470588 0.156863
v 0.060797029 0.00193153098 -0.0573243588 0.705882 0.470588 0.156863
v 0.0607142546 0.00185416836 -0.0590388917 0.705882 0.470588 0.156863
v 0.0606339425 0.00183050019 -0.0607553625 0.705882 0.470588 0.156863
v 0.0605462808 0.00187615741 -0.0624704649 0.705882 0.470588 0.156863
v 0.0604511428 0.00197059093 -0.0641839033 0.705882 0.470588 0.156863
v 0.0603490543 0.00201163957 -0.0658990471 0.705882 0.470588 0.156863
v 0.0602463974 0.0020071748 -0.0676144053 0.705882 0.470588 0.156863
v 0.060142619 0.00200230675 -0.0693299028 0.470588 0.470588 0.470588
v 0.0600379027 0.00199147343 -0.071045346 0.470588 0.470588 0.470588
v 0.0599234337 0.00199312523 -0.0727602223 0.470588 0.470588 0.470588
v 0.0598201354 0.00202900658 -0.0744753696 0.470588 0.470588 0.470588
v 0.0597186538 0.0020256822 -0.0761910258 0.470588 0.470588 0.470588
v 0.0596158489 0.00197253383 -0.0779054656 0.470588 0.470588 0.470588
v 0.0595082821 0.00192288724 -0.079619486 0.470588 0.470588 0.470588
v 0.0594003166 0.00188679064 -0.0813344049 0.470588 0.470588 0.470588
v 0.0592922811 0.00187852091 -0.0830496665 1 0 0
v 0.0591805093 0.0019113765 -0.0847635566 1 0 0
v 0.05905715 0.00203308514 -0.0864734347 1 0 0
v 0.0589517307 0.00199218409 -0.08818783 1 0 0
v 0.0588526763 0.00193716857 -0.0899021199 1 0 0
v 0.0587479602 0.00188656254 -0.0916168623 1 0 0
v 0.058632876 0.0018958162 -0.0933298843 1 0 0
v 0.0585051587 0.00198593788 -0.0950414547 1 0 0
v 0.0583909265 0.00200205416 -0.0967560709 0 1 0
v 0.0582726135 0.00200839606 -0.0984703766 0 1 0
v 0.0581635051 0.00198191589 -0.100185384 0 1 0
v 0.0580385633 0.00198070723 -0.10189953 0 1 0
v 0.0579202823 0.0019986499 -0.103614014 0 1 0
v 0.0577887161 0.00200680573 -0.105327061 0 1 0
v 0.0576544619 0.00201546781 -0.107040471 0 1 0
v 0.0575189198 0.00202599842 -0.108753759 0 1 0
v 0.0573749968 0.00202889398 -0.1104664 0 0.501961 1
v 0.0572388318 0.00200743996 -0.112179557 0 0.501961 1
v 0.0570937491 0.0019892016 -0.11389189 0 0.501961 1
v 0.0569524494 0.00197751129 -0.115604264 0 0.501961 1
v 0.0568038403 0.002034647 -0.117315093 0 0.501961 1
v 0.0566467908 0.00203222362 -0.119026581 0 0.501961 1
v 0.0564921754 0.00203446791 -0.120738285 0 0.501961 1
v 0.0563369801 0.00203516265 -0.122449943 0 0.501961 1
v 0.0561811668 0.00203020636 -0.124161522 0 0.501961 1
v 0.0560202328 0.00202664071 -0.125872656 0 0.501961 1
v 0.0558576428 0.00202792561 -0.127583639 1 0.784314 0
v 0.055687449 0.00201572898 -0.129293826 1 0.784314 0
v 0.0555223461 0.00202974061 -0.131004389 1 0.784314 0
v 0.055356555 0.00203353354 -0.132715047 1 0.784314 0
v 0.0551864516 0.0020278473 -0.134425282 1 0.784314 0
v 0.0550256959 0.00200365054 -0.136136228 1 0.784314 0
v 0.0548611367 0.00197307277 -0.137846377 1 0.784314 0
v 0.0546890764 0.00197216954 -0.13955642 1 0.784314 0
v 0.0545170873 0.00200270787 -0.141266126 0.705882 0 1
v 0.0543622553 0.00200734859 -0.14297779 0.705882 0 1
v 0.0541979978 0.00197127901 -0.144687933 0.705882 0 1
v 0.0540244238 0.00195907078 -0.146397593 0.705882 0 1
v 0.0538444068 0.00198533886 -0.148106626 0.705882 0 1
v 0.0536697024 0.00200782286 -0.149816262 0.705882 0 1
v 0.0534849609 0.00203284163 -0.151524726 0.705882 0 1
v 0.053280491 0.00203532169 -0.153231198 0.705882 0 1
v 0.0530598231 0.00203567336 -0.154935655 0 0.862745 0.862745
v 0.0528331435 0.00203494456 -0.156639319 0 0.862745 0.862745
v 0.0526007113 0.00203522567 -0.158342223 0 0.862745 0.862745
v 0.0523436058 0.00202309324 -0.160041488 0 0.862745 0.862745
v 0.0520600309 0.00199495969 -0.161736279 0 0.862745 0.862745
v 0.0517461075 0.00197363315 -0.163425885 0 0.862745 0.862745
v 0.0514175323 0.00199332584 -0.165112702 1 0.470588 0
v 0.0510885797 0.00202145339 -0.166799382 1 0.470588 0
v 0.0507425817 0.00202085597 -0.168482558 1 0.470588 0
v 0.0503806026 0.00200579308 -0.170162461 1 0.470588 0
v 0.0500249961 0.00202988421 -0.171843752 1 0.470588 0
v 0.0496327517 0.00200238615 -0.173516853 1 0.470588 0
v 0.049246482 0.00202046549 -0.175191403 1 0.470588 0
v 0.0488455337 0.00203136486 -0.176862577 1 0.470588 0
v 0.0484387963 0.00203460492 -0.178532441 1 0.470588 0
v 0.0480280283 0.0020350923 -0.180201312 1 0.470588 0
v 0.0476292053 0.00200066625 -0.181872638 0.470588 1 0
v 0.0472235282 0.00195252187 -0.183542059 0.470588 1 0
v 0.0468118462 0.00195204653 -0.185209629 0.470588 1 0
v 0.0463901771 0.00203296773 -0.186873672 0.470588 1 0
v 0.0459806029 0.00203445104 -0.188542809 0.470588 1 0
v 0.0455716709 0.002035532 -0.190212118 0.470588 1 0
v 0.045161138 0.00193393817 -0.191875875 0.470588 1 0
v 0.0447422908 0.00192935417 -0.193539372 0.470588 1 0
v 0.0443231089 0.0020358687 -0.195202744 0.470588 1 0
v 0.0638609424 -6.89769409e-06 0.0165118294 0 0.862745 0.862745
v 0.0637928679 -6.8365317e-06 0.0147946898 0 0.862745 0.862745
v 0.0637325401 -6.71812312e-06 0.013077258 0 0.862745 0.862745
v 0.063671619 -6.69816467e-06 0.0113598535 0 0.862745 0.862745
v 0.0636138555 -6.47664286e-06 0.00964233709 0 0.862745 0.862745
v 0.0635441123 -6.47664286e-06 0.00792525294 0 0.862745 0.862745
v 0.0634791772 -6.30524819e-06 0.00620798979 0 0.862745 0.862745
v 0.0634147878 -6.0835154e-06 0.00449070633 0 0.862745 0.862745
v 0.0633567741 -6.0835154e-06 0.00277318588 1 0.470588 0
v 0.063299994 -6.59667188e-06 0.00105563286 1 0.470588 0
v 0.0632420818 -6.59667188e-06 -0.000661887956 1 0.470588 0
v 0.0631807377 -6.85547015e-06 -0.00237927574 1 0.470588 0
v 0.0631123028 -6.88840153e-06 -0.00409640581 1 0.470588 0
v 0.063054631 -6.88840153e-06 -0.00581393223 1 0.470588 0
v 0.0629957741 -6.76180229e-06 -0.00753140858 1 0.470588 0
v 0.0629364564 -6.76180229e-06 -0.00924888449 1 0.470588 0
v 0.0628727394 -6.71038685e-06 -0.010966188 1 0.470588 0
v 0.0628025487 -6.71038685e-06 -0.0126832467 1 0.470588 0
v 0.0627388826 -6.75024957e-06 -0.0144005638 0.470588 1 0
v 0.0626833254 -6.61187613e-06 -0.0161181637 0.470588 1 0
v 0.0626242802 -6.89494511e-06 -0.0178356429 0.470588 1 0
v 0.0625624402 -6.89494511e-06 -0.0195530299 0.470588 1 0
v 0.0625002677 -6.63343198e-06 -0.0212704012 0.470588 1 0
v 0.0624353566 -6.63343198e-06 -0.0229876749 0.470588 1 0
v 0.0623713034 -6.4702013e-06 -0.024704978 1 0 0.705882
v 0.0623014475 -6.15720622e-06 -0.0264220547 1 0 0.705882
v 0.062230758 -5.80644742e-06 -0.0281390943 1 0 0.705882
v 0.0621556136 -5.80644742e-06 -0.0298559491 1 0 0.705882
v 0.0620677008 -6.14421234e-06 -0.031572197 1 0 0.705882
v 0.0619807813 -6.6475269e-06 -0.033288489 1 0 0.705882
v 0.0618988568 -6.6475269e-06 -0.0350050257 1 0 0.705882
v 0.0618180901 -6.79564868e-06 -0.036721614 1 0 0.705882
v 0.0617364341 -6.79564868e-06 -0.0384381617 0.313725 0.313725 1
v 0.0616467889 -6.73024978e-06 -0.0401543057 0.313725 0.313725 1
v 0.0615678954 -6.73024978e-06 -0.0418709772 0.313725 0.313725 1
v 0.0614867411 -6.69971113e-06 -0.0435875572 0.313725 0.313725 1
v 0.0614001711 -6.78005686e-06 -0.0453038579 0.313725 0.313725 1
v 0.0613160241 -6.78005686e-06 -0.0470202931 0.313725 0.313725 1
v 0.0612355019 -6.89482828e-06 -0.048736891 0.313725 0.313725 1
v 0.061151222 -6.85885837e-06 -0.0504533036 0.313725 0.313725 1
v 0.0610694931 -6.78532546e-06 -0.0521698386 0.313725 0.313725 1
v 0.0609850834 -6.66111313e-06 -0.0538862387 0.313725 0.313725 1
v 0.0609108195 -6.52396993e-06 -0.0556031304 0.705882 0.470588 0.156863
v 0.0608229999 -6.51396417e-06 -0.0573193849 0.705882 0.470588 0.156863
v 0.0607373792 -6.10577581e-06 -0.0590357453 0.705882 0.470588 0.156863
v 0.060649716 -6.20720688e-06 -0.0607520074 0.705882 0.470588 0.156863
v 0.0605633173 -6.20720688e-06 -0.0624683341 0.705882 0.470588 0.156863
v 0.0604716204 -6.52238377e-06 -0.0641843701 0.705882 0.470588 0.156863
v 0.0603725316 -6.52238377e-06 -0.0659000106 0.705882 0.470588 0.156863
v 0.0602688061 -6.68797366e-06 -0.0676153694 0.705882 0.470588 0.156863
v 0.060168698 -6.74391961e-06 -0.0693309458 0.470588 0.470588 0.470588
v 0.0600578508 -6.74391961e-06 -0.0710458642 0.470588 0.470588 0.470588
v 0.05995038 -6.73043769e-06 -0.0727609928 0.470588 0.470588 0.470588
v 0.0598481512 -6.73043769e-06 -0.0744764405 0.470588 0.470588 0.470588
v 0.0597456535 -6.63856825e-06 -0.0761918732 0.470588 0.470588 0.470588
v 0.0596427386 -6.46069291e-06 -0.0779072822 0.470588 0.470588 0.470588
v 0.0595344309 -6.46069291e-06 -0.0796223657 0.470588 0.470588 0.470588
v 0.0594251945 -6.26501912e-06 -0.0813373894 0.470588 0.470588 0.470588
v 0.0593172747 -6.26501912e-06 -0.0830524964 1 0 0
v 0.0592144095 -6.20300295e-06 -0.0847679147 1 0 0
v 0.0590943607 -6.89891904e-06 -0.0864821751 1 0 0
v 0.0589901122 -6.29421399e-06 -0.0881974499 1 0 0
v 0.0588815819 -5.88969146e-06 -0.0899125155 1 0 0
v 0.0587700245 -6.237673e-06 -0.0916273871 1 0 0
v 0.0586561655 -6.237673e-06 -0.0933421111 1 0 0
v 0.0585392636 -6.49767666e-06 -0.0950566149 1 0 0
v 0.0584196958 -6.49767666e-06 -0.0967709381 0 1 0
v 0.0583036687 -6.71321285e-06 -0.0984855103 0 1 0
v 0.0581865068 -6.71321285e-06 -0.100200003 0 1 0
v 0.0580659726 -6.60985396e-06 -0.101914262 0 1 0
v 0.0579457589 -6.60985396e-06 -0.103628548 0 1 0
v 0.0578117758 -6.73127796e-06 -0.105341801 0 1 0
v 0.0576781463 -6.86086883e-06 -0.107055091 0 1 0
v 0.0575423307 -6.84987669e-06 -0.108768206 0 1 0
v 0.0573989273 -6.75109445e-06 -0.110480706 0 0.501961 1
v 0.0572558852 -6.75109445e-06 -0.112193228 0 0.501961 1
v 0.0571224523 -6.44707404e-06 -0.113906527 0 0.501961 1
v 0.0569814795 -6.89509322e-06 -0.115619229 0 0.501961 1
v 0.0568336535 -6.8839333e-06 -0.117331345 0 0.501961 1
v 0.0566699762 -6.8839333e-06 -0.119042032 0 0.501961 1
v 0.0565175537 -6.8839333e-06 -0.120753756 0 0.501961 1
v 0.0563609241 -6.89609314e-06 -0.122465093 0 0.501961 1
v 0.0562032339 -6.89609314e-06 -0.124176331 0 0.501961 1
v 0.0560429476 -6.80189228e-06 -0.125887337 0 0.501961 1
v 0.0558861061 -6.80189228e-06 -0.12759866 1 0.784314 0
v 0.0557139813 -6.88370797e-06 -0.129308518 1 0.784314 0
v 0.0555522574 -6.69327953e-06 -0.13101938 1 0.784314 0
v 0.0553919374 -6.7347201e-06 -0.132730377 1 0.784314 0
v 0.055223294 -6.6850872e-06 -0.13444058 1 0.784314 0
v 0.0550563494 -6.6850872e-06 -0.13615094 1 0.784314 0
v 0.0548910711 -6.6850872e-06 -0.13786147 1 0.784314 0
v 0.0547226942 -6.62381793e-06 -0.139571694 1 0.784314 0
v 0.0545534572 -6.78139822e-06 -0.14128183 0.705882 0 1
v 0.0543902422 -6.78139822e-06 -0.142992558 0.705882 0 1
v 0.0542321014 -6.67339993e-06 -0.144703746 0.705882 0 1
v 0.0540620334 -6.67339993e-06 -0.146413809 0.705882 0 1
v 0.053892458 -6.46431319e-06 -0.148123922 0.705882 0 1
v 0.0537144682 -6.88119248e-06 -0.149833152 0.705882 0 1
v 0.053522343 -6.88119248e-06 -0.151540878 0.705882 0 1
v 0.0533183195 -6.89813034e-06 -0.153247191 0.705882 0 1
v 0.053096472 -6.89813034e-06 -0.154951275 0 0.862745 0.862745
v 0.0528739913 -6.89721502e-06 -0.156655285 0 0.862745 0.862745
v 0.0526336741 -6.89866734e-06 -0.158356884 0 0.862745 0.862745
v 0.0523815957 -6.89866734e-06 -0.160056796 0 0.862745 0.862745
v 0.0520888573 -6.53112924e-06 -0.161750124 0 0.862745 0.862745
v 0.0517746383 -6.0499608e-06 -0.16343962 0 0.862745 0.862745
v 0.0514489095 -6.1650287e-06 -0.165126968 1 0.470588 0
v 0.0511262119 -6.88187665e-06 -0.166814895 1 0.470588 0
v 0.0507808295 -6.20605482e-06 -0.168498196 1 0.470588 0
v 0.0504217043 -6.04243002e-06 -0.170178748 1 0.470588 0
v 0.0500657873 -6.68161746e-06 -0.17185995 1 0.470588 0
v 0.0496655356 -6.87457468e-06 -0.173531167 1 0.470588 0
v 0.0492741246 -6.87457468e-06 -0.175204492 1 0.470588 0
v 0.0488736571 -6.89318284e-06 -0.176875661 1 0.470588 0
v 0.0484712177 -6.89318284e-06 -0.178546375 1 0.470588 0
v 0.0480661867 -6.67837076e-06 -0.180216449 1 0.470588 0
v 0.0476576499 -6.67837076e-06 -0.181885676 0.470588 1 0
v 0.0472471877 -6.52505114e-06 -0.183554435 0.470588 1 0
v 0.046836617 -6.52505114e-06 -0.185223155 0.470588 1 0
v 0.0464264243 -6.89532273e-06 -0.186891972 0.470588 1 0
v 0.0460089267 -6.89532273e-06 -0.188558986 0.470588 1 0
v 0.045596099 -6.88742301e-06 -0.190227163 0.470588 1 0
v 0.0451834651 -6.14520966e-06 -0.191895379 0.470588 1 0
v 0.0447703254 -6.14520966e-06 -0.193563476 0.470588 1 0
v 0.0443498045 -6.89796324e-06 -0.195229721 0.470588 1 0
v 0.0638276468 -0.00204948352 0.0164867144 0 0.862745 0.862745
v 0.0637644528 -0.00202908042 0.0147691902 0 0.862745 0.862745
v 0.0637021111 -0.00204446696 0.013051634 0 0.862745 0.862745
v 0.063645383 -0.00197333711 0.0113354724 0 0.862745 0.862745
v 0.0635857658 -0.00194163376 0.00961819236 0 0.862745 0.862745
v 0.0635220798 -0.00194216152 0.0079007035 0 0.862745 0.862745
v 0.0634582934 -0.00194294244 0.00618307078 0 0.862745 0.862745
v 0.0633973037 -0.00193539979 0.00446535646 0 0.862745 0.862745
v 0.063336836 -0.00193732359 0.00274765236 1 0.470588 0
v 0.06327258 -0.00202459159 0.00103240089 1 0.470588 0
v 0.0632232389 -0.00202435787 -0.000685607068 1 0.470588 0
v 0.0631626533 -0.00203030018 -0.0024033031 1 0.470588 0
v 0.0630981205 -0.00203860617 -0.00412082462 1 0.470588 0
v 0.0630338207 -0.00204934601 -0.00583837218 1 0.470588 0
v 0.0629779643 -0.00200637266 -0.00755569896 1 0.470588 0
v 0.0629187439 -0.00202601273 -0.00927324889 1 0.470588 0
v 0.0628533129 -0.00204466549 -0.010990564 1 0.470588 0
v 0.0627863331 -0.00203471582 -0.0127080465 1 0.470588 0
v 0.0627292552 -0.00202027057 -0.0144258404 0.470588 1 0
v 0.062670662 -0.00203876609 -0.0161433119 0.470588 1 0
v 0.0626112819 -0.0020494562 -0.0178610003 0.470588 1 0
v 0.0625457711 -0.00204723485 -0.0195785528 0.470588 1 0
v 0.0624798505 -0.00203534259 -0.0212959267 0.470588 1 0
v 0.0624230239 -0.00198046079 -0.0230129101 0.470588 1 0
v 0.0623516211 -0.00200348531 -0.0247299271 1 0 0.705882
v 0.062280529 -0.00202233528 -0.0264471677 1 0 0.705882
v 0.0622142095 -0.00193178375 -0.0281592637 1 0 0.705882
v 0.0621370396 -0.0019027802 -0.0298736203 1 0 0.705882
v 0.0620474154 -0.00197349785 -0.0315884873 1 0 0.705882
v 0.0619621183 -0.00201536731 -0.0333043393 1 0 0.705882
v 0.0618791134 -0.00200712784 -0.0350210836 1 0 0.705882
v 0.0618015501 -0.00201961333 -0.0367380849 1 0 0.705882
v 0.0617034504 -0.00204327802 -0.0384539369 1 0 0.705882
v 0.0616212076 -0.00202949889 -0.0401706563 1 0 0.705882
v 0.0615452983 -0.00200409122 -0.0418875708 0.313725 0.313725 1
v 0.0614682177 -0.00198991047 -0.0436042913 0.313725 0.313725 1
v 0.0613817638 -0.00203858535 -0.0453202404 0.313725 0.313725 1
v 0.0612974458 -0.00203960834 -0.0470369577 0.313725 0.313725 1
v 0.0612186533 -0.00204880247 -0.0487539371 0.313725 0.313725 1
v 0.0611295643 -0.00204765482 -0.0504704388 0.313725 0.313725 1
v 0.0610502264 -0.00203081275 -0.05218731 0.313725 0.313725 1
v 0.0609713922 -0.00200548548 -0.0539039682 0.313725 0.313725 1
v 0.0608880923 -0.00192450527 -0.0556188544 0.705882 0.470588 0.156863
v 0.0608032217 -0.00190799836 -0.0573344778 0.705882 0.470588 0.156863
v 0.0607139737 -0.00195452526 -0.0590501073 0.705882 0.470588 0.156863
v 0.060630962 -0.00193667539 -0.0607668233 0.705882 0.470588 0.156863
v 0.0605424762 -0.00195853953 -0.0624828629 0.705882 0.470588 0.156863
v 0.0604484545 -0.00199562904 -0.0641984546 0.705882 0.470588 0.156863
v 0.0603494985 -0.00201820093 -0.0659141439 0.705882 0.470588 0.156863
v 0.0602454094 -0.00200284981 -0.0676294379 0.705882 0.470588 0.156863
v 0.0601393237 -0.00204298628 -0.0693445003 0.470588 0.470588 0.470588
v 0.0600322341 -0.00204500998 -0.071059931 0.470588 0.470588 0.470588
v 0.0599278612 -0.00203061523 -0.0727754458 0.470588 0.470588 0.470588
v 0.0598227357 -0.00200015748 -0.0744906064 0.470588 0.470588 0.470588
v 0.0597202371 -0.0019977415 -0.0762063458 0.470588 0.470588 0.470588
v 0.059614134 -0.00200488139 -0.0779218649 0.470588 0.470588 0.470588
v 0.0595052272 -0.00202278887 -0.0796370262 0.470588 0.470588 0.470588
v 0.0594013786 -0.0020045343 -0.0813522861 0.470588 0.470588 0.470588
v 0.0592895479 -0.00199360364 -0.0830672534 1 0 0
v 0.0591839764 -0.00203252119 -0.0847823657 1 0 0
v 0.0590721761 -0.00204832433 -0.0864973906 1 0 0
v 0.0589643565 -0.00202777575 -0.0882126279 1 0 0
v 0.0588514158 -0.00199205176 -0.0899273316 1 0 0
v 0.0587419716 -0.00194371197 -0.091641965 1 0 0
v 0.0586288972 -0.00196542394 -0.0933564398 1 0 0
v 0.0585104884 -0.00199878599 -0.0950703109 1 0 0
v 0.0583935289 -0.00197796795 -0.0967849812 0 1 0
v 0.0582815527 -0.00197473513 -0.0985001437 0 1 0
v 0.0581597171 -0.00200936449 -0.100214169 0 1 0
v 0.058039474 -0.00202381867 -0.101928381 0 1 0
v 0.0579137234 -0.00203030431 -0.103642579 0 1 0
v 0.057785641 -0.00203116404 -0.105356612 0 1 0
v 0.0576528213 -0.00203874881 -0.107070253 0 1 0
v 0.057516327 -0.00204261319 -0.108783571 0 1 0
v 0.057377471 -0.00203100751 -0.110496715 0 0.501961 1
v 0.0572318678 -0.00202058707 -0.112209286 0 0.501961 1
v 0.0570949419 -0.00203671704 -0.113922474 0 0.501961 1
v 0.0569611796 -0.0018557936 -0.115623953 0 0.501961 1
v 0.0568003887 -0.0020348587 -0.117324213 0 0.501961 1
v 0.056644481 -0.00204012737 -0.119035922 0 0.501961 1
v 0.0564931876 -0.0020446501 -0.120748051 0 0.501961 1
v 0.0563367242 -0.0020466309 -0.122459714 0 0.501961 1
v 0.056178458 -0.00204634577 -0.124171219 0 0.501961 1
v 0.0560218507 -0.0020456964 -0.125882874 0 0.501961 1
v 0.0558674593 -0.00204912716 -0.127594725 1 0.784314 0
v 0.0557052239 -0.0020389327 -0.129305822 1 0.784314 0
v 0.0555379779 -0.00204628423 -0.131016425 1 0.784314 0
v 0.0553752684 -0.00202747033 -0.132727348 1 0.784314 0
v 0.0552117304 -0.00200937264 -0.134438122 1 0.784314 0
v 0.0550388766 -0.00201623076 -0.136148191 1 0.784314 0
v 0.0548755383 -0.00200278626 -0.137859153 1 0.784314 0
v 0.0547099272 -0.00198840497 -0.139569861 1 0.784314 0
v 0.054545768 -0.00201487524 -0.141280132 0.705882 0 1
v 0.0543728514 -0.00203007042 -0.14298999 0.705882 0 1
v 0.0542090816 -0.00201037247 -0.144700853 0.705882 0 1
v 0.0540380748 -0.00198687726 -0.146410696 0.705882 0 1
v 0.0538732477 -0.00197683628 -0.14812064 0.705882 0 1
v 0.0536972267 -0.0020448318 -0.149828573 0.705882 0 1
v 0.0534977392 -0.00204850883 -0.151535764 0.705882 0 1
v 0.0532963191 -0.00204964465 -0.15324272 0.705882 0 1
v 0.0530687515 -0.0020492666 -0.154946405 0 0.862745 0.862745
v 0.0528442717 -0.00204937145 -0.1566505 0 0.862745 0.862745
v 0.0525950652 -0.00204435362 -0.158351069 0 0.862745 0.862745
v 0.0523309094 -0.00201535647 -0.160049006 0 0.862745 0.862745
v 0.0520443502 -0.00197136904 -0.16174276 0 0.862745 0.862745
v 0.0517423595 -0.00185632747 -0.163430924 0 0.862745 0.862745
v 0.0514203344 -0.00188015457 -0.165118083 1 0.470588 0
v 0.0510888437 -0.00191027765 -0.166804013 1 0.470588 0
v 0.0507481808 -0.00188683193 -0.168488569 1 0.470588 0
v 0.0503913804 -0.00189022333 -0.170169771 1 0.470588 0
v 0.0500145109 -0.00195073166 -0.171843458 1 0.470588 0
v 0.0496348657 -0.00200989499 -0.173516424 1 0.470588 0
v 0.0492407598 -0.0020156709 -0.175189303 1 0.470588 0
v 0.0488530491 -0.00202366035 -0.176863773 1 0.470588 0
v 0.0484433145 -0.00204547059 -0.178532838 1 0.470588 0
v 0.048041385 -0.00204604744 -0.180203952 1 0.470588 0
v 0.0476201137 -0.00201324422 -0.181870014 0.470588 1 0
v 0.0472068568 -0.00198020202 -0.183537859 0.470588 1 0
v 0.0468006357 -0.00192919563 -0.185207039 0.470588 1 0
v 0.0463910709 -0.00195795766 -0.186876094 0.470588 1 0
v 0.0459809365 -0.00193416338 -0.188544372 0.470588 1 0
v 0.0455653592 -0.00187614096 -0.190211087 0.470588 1 0
v 0.045154057 -0.00185649306 -0.191879851 0.470588 1 0
v 0.0447393275 -0.00193059684 -0.193544326 0.470588 1 0
v 0.0443187123 -0.00204933991 -0.195205938 0.470588 1 0
v 0.0637376917 -0.00408961027 0.0164161924 0 0.862745 0.862745
v 0.0636781614 -0.00406550908 0.0147001304 0 0.862745 0.862745
v 0.063617959 -0.00405886333 0.0129842897 0 0.862745 0.862745
v 0.063564582 -0.00400330577 0.0112688386 0 0.862745 0.862745
v 0.0635053533 -0.00401397593 0.00955262461 0 0.862745 0.862745
v 0.0634418647 -0.00406076087 0.00783729331 0 0.862745 0.862745
v 0.0633800112 -0.00407959793 0.00612156503 0 0.862745 0.862745
v 0.0633195497 -0.0040671657 0.0044053989 0 0.862745 0.862745
v 0.0632597175 -0.00407405623 0.00268920886 0 0.862745 0.862745
v 0.0631999888 -0.00408404889 0.000973083479 0 0.862745 0.862745
v 0.0631439454 -0.0040661451 -0.000743169857 1 0.470588 0
v 0.063089542 -0.00405129824 -0.0024595116 1 0.470588 0
v 0.0630322548 -0.00404768187 -0.00417576646 1 0.470588 0
v 0.0629688161 -0.00408092079 -0.00589151315 1 0.470588 0
v 0.0629088433 -0.00405843629 -0.00760718928 1 0.470588 0
v 0.0628503949 -0.00403758357 -0.00932302814 1 0.470588 0
v 0.0627860818 -0.00405982071 -0.0110389344 1 0.470588 0
v 0.0627256422 -0.0040670606 -0.012755104 1 0.470588 0
v 0.0626679245 -0.00405726716 -0.0144711741 1 0.470588 0
v 0.0626024238 -0.00407428752 -0.0161868703 1 0.470588 0
v 0.0625431204 -0.00408791803 -0.0179029117 0.470588 1 0
v 0.0624841435 -0.00408717244 -0.0196191571 0.470588 1 0
v 0.0624214014 -0.00406046509 -0.0213346744 0.470588 1 0
v 0.0623640533 -0.00400873326 -0.0230490322 0.470588 1 0
v 0.0622851018 -0.00407757046 -0.0247630393 0.470588 1 0
v 0.062206357 -0.00407672228 -0.0264785 0.470588 1 0
v 0.0621352348 -0.0040547078 -0.0281940454 1 0 0.705882
v 0.0620574449 -0.004047441 -0.0299095226 1 0 0.705882
v 0.061977354 -0.00403810284 -0.0316248243 1 0 0.705882
v 0.0618944958 -0.00403275816 -0.0333400867 1 0 0.705882
v 0.061810136 -0.00405066807 -0.035054998 1 0 0.705882
v 0.0617304831 -0.00405577304 -0.0367704109 1 0 0.705882
v 0.0616322339 -0.00408558782 -0.038484615 1 0 0.705882
v 0.0615531833 -0.00408442005 -0.040200011 1 0 0.705882
v 0.0614769813 -0.00407422069 -0.0419155532 1 0 0.705882
v 0.0613960135 -0.00408051597 -0.0436309066 1 0 0.705882
v 0.0613144919 -0.00408670164 -0.0453462334 0.313725 0.313725 1
v 0.061232707 -0.00408148871 -0.0470614714 0.313725 0.313725 1
v 0.06115185 -0.00408956907 -0.0487768219 0.313725 0.313725 1
v 0.0610604516 -0.00408351007 -0.0504916534 0.313725 0.313725 1
v 0.0609779621 -0.00407614837 -0.0522069067 0.313725 0.313725 1
v 0.0608961348 -0.00407434797 -0.0539221352 0.313725 0.313725 1
v 0.0608194439 -0.00404205551 -0.0556364538 0.313725 0.313725 1
v 0.0607387488 -0.00405605308 -0.0573517759 0.313725 0.313725 1
v 0.0606548526 -0.00407398379 -0.0590667343 0.705882 0.470588 0.156863
v 0.0605708018 -0.00406677256 -0.0607818956 0.705882 0.470588 0.156863
v 0.0604795734 -0.00406731831 -0.0624965698 0.705882 0.470588 0.156863
v 0.060380295 -0.00407311789 -0.0642107809 0.705882 0.470588 0.156863
v 0.0602799202 -0.00406843119 -0.0659247203 0.705882 0.470588 0.156863
v 0.0601748035 -0.00402268448 -0.0676381435 0.705882 0.470588 0.156863
v 0.0600684197 -0.00404714102 -0.0693519291 0.705882 0.470588 0.156863
v 0.0599637516 -0.00406146999 -0.0710659323 0.705882 0.470588 0.156863
v 0.059860348 -0.00404497446 -0.0727798742 0.470588 0.470588 0.470588
v 0.0597513749 -0.0040285571 -0.0744933631 0.470588 0.470588 0.470588
v 0.0596479852 -0.00399465513 -0.0762071633 0.470588 0.470588 0.470588
v 0.0595371236 -0.00400369781 -0.0779208335 0.470588 0.470588 0.470588
v 0.0594292413 -0.00403935168 -0.0796342678 0.470588 0.470588 0.470588
v 0.0593186181 -0.00407079698 -0.0813475202 0.470588 0.470588 0.470588
v 0.0592110825 -0.00407971933 -0.0830613744 0.470588 0.470588 0.470588
v 0.0590956645 -0.00408456808 -0.0847747548 0.470588 0.470588 0.470588
v 0.0589877428 -0.00408531048 -0.0864886272 1 0 0
v 0.0588765095 -0.00407696296 -0.0882022579 1 0 0
v 0.0587652129 -0.00406883734 -0.0899158766 1 0 0
v 0.0586571412 -0.0040575649 -0.0916295614 1 0 0
v 0.05854236 -0.0040647558 -0.0933426578 1 0 0
v 0.0584262478 -0.00408470004 -0.0950555785 1 0 0
v 0.0583150105 -0.00406186672 -0.0967690845 1 0 0
v 0.0582001868 -0.00407161235 -0.0984824344 1 0 0
v 0.0580820499 -0.00408123371 -0.100195541 0 1 0
v 0.0579608223 -0.00406808891 -0.101908467 0 1 0
v 0.0578386735 -0.00408202059 -0.103621332 0 1 0
v 0.0577139065 -0.00408780661 -0.105334049 0 1 0
v 0.0575798194 -0.00408306446 -0.10704606 0 1 0
v 0.057444054 -0.00406410987 -0.108757836 0 1 0
v 0.0573083016 -0.00404961315 -0.110469659 0 1 0
v 0.0571635267 -0.00405434733 -0.112180799 0 1 0
v 0.0570131268 -0.00408463082 -0.113891142 0 0.501961 1
v 0.0568769685 -0.00399366689 -0.115600241 0 0.501961 1
v 0.056722299 -0.00404685544 -0.117307515 0 0.501961 1
v 0.056571257 -0.00406469648 -0.11901797 0 0.501961 1
v 0.0564188871 -0.00407594362 -0.120728424 0 0.501961 1
v 0.0562622558 -0.00408064658 -0.122438525 0 0.501961 1
v 0.0561053722 -0.00408168389 -0.124148612 0 0.501961 1
v 0.0559523548 -0.00408069272 -0.125859042 0 0.501961 1
v 0.0557993139 -0.00408872313 -0.127569452 0 0.501961 1
v 0.0556397364 -0.004076244 -0.12927921 0 0.501961 1
v 0.0554701697 -0.00408545811 -0.130988022 1 0.784314 0
v 0.0553076811 -0.00406419025 -0.132697267 1 0.784314 0
v 0.0551420789 -0.00404982755 -0.134406173 1 0.784314 0
v 0.0549674075 -0.00404096858 -0.136114147 1 0.784314 0
v 0.0547907398 -0.00401176545 -0.137822024 1 0.784314 0
v 0.054639715 -0.00399575861 -0.139532564 1 0.784314 0
v 0.0544695711 -0.00405349944 -0.141240271 0.705882 0 1
v 0.0542966099 -0.00407857969 -0.14294802 0.705882 0 1
v 0.0541225551 -0.00407746795 -0.144656427 0.705882 0 1
v 0.0539505185 -0.00407489709 -0.146364975 0.705882 0 1
v 0.0537766805 -0.0040703078 -0.148073407 0.705882 0 1
v 0.0535984476 -0.00407655618 -0.149781361 0.705882 0 1
v 0.0534057984 -0.00407996732 -0.151487774 0.705882 0 1
v 0.0532037691 -0.00408708676 -0.153193085 0.705882 0 1
v 0.0529775705 -0.00408920777 -0.154895392 0 0.862745 0.862745
v 0.0527497283 -0.00408899693 -0.156597487 0 0.862745 0.862745
v 0.0524978955 -0.00408152978 -0.158296134 0 0.862745 0.862745
v 0.0522237249 -0.00407501406 -0.159991322 0 0.862745 0.862745
v 0.0519373783 -0.00408548784 -0.161684524 0 0.862745 0.862745
v 0.0516285209 -0.0040842921 -0.163373718 0 0.862745 0.862745
v 0.0513096275 -0.00407874778 -0.165061114 1 0.470588 0
v 0.0509758769 -0.0040828318 -0.166745639 1 0.470588 0
v 0.0506320981 -0.00408619192 -0.168428102 1 0.470588 0
v 0.0502742588 -0.0040837236 -0.170107671 1 0.470588 0
v 0.0499053183 -0.0040881715 -0.171784828 1 0.470588 0
v 0.0495319288 -0.00405523482 -0.173460624 1 0.470588 0
v 0.0491498607 -0.00406047599 -0.175134388 1 0.470588 0
v 0.048758704 -0.00408629377 -0.176806181 1 0.470588 0
v 0.0483518221 -0.00408299276 -0.178474547 1 0.470588 0
v 0.0479488598 -0.0040854551 -0.18014385 1 0.470588 0
v 0.0475275567 -0.00406120065 -0.181808443 0.470588 1 0
v 0.0471194801 -0.00407564378 -0.183476209 0.470588 1 0
v 0.0467146068 -0.00408423754 -0.185144951 0.470588 1 0
v 0.0463066171 -0.00407999214 -0.186813032 0.470588 1 0
v 0.04589936 -0.00407670379 -0.188481253 0.470588 1 0
v 0.0454880716 -0.00404340199 -0.190148058 0.470588 1 0
v 0.0450760613 -0.00403559163 -0.191814865 0.470588 1 0
v 0.0446598595 -0.00408983983 -0.193479793 0.470588 1 0
v 0.0442376764 -0.00408967303 -0.195144364 0.470588 1 0
v 0.0636057205 -0.00612954289 0.0162905503 0.313725 0.313725 1
v 0.0635443986 -0.00611125752 0.0145765299 0.313725 0.313725 1
v 0.0634863206 -0.006103712 0.012862347 0.313725 0.313725 1
v 0.0634317589 -0.00610926633 0.0111483503 0.313725 0.313725 1
v 0.0633733086 -0.0061245453 0.00943427832 0.313725 0.313725 1
v 0.0633160547 -0.00612211087 0.00772002644 0.313725 0.313725 1
v 0.0632551842 -0.00611422465 0.00600590133 0.313725 0.313725 1
v 0.0631964977 -0.00610058644 0.00429174011 0.313725 0.313725 1
v 0.0631355306 -0.00610227041 0.0025776758 0.313725 0.313725 1
v 0.0630759388 -0.00612019159 0.000863626867 0.313725 0.313725 1
v 0.0630144348 -0.00611105138 -0.00085046529 0.705882 0.470588 0.156863
v 0.0629638297 -0.00609411514 -0.00256484581 0.705882 0.470588 0.156863
v 0.062908683 -0.0060998328 -0.00427908383 0.705882 0.470588 0.156863
v 0.0628489902 -0.00612379697 -0.00599305194 0.705882 0.470588 0.156863
v 0.0627897118 -0.006130724 -0.00770720608 0.705882 0.470588 0.156863
v 0.0627321844 -0.00611435072 -0.00942129933 0.705882 0.470588 0.156863
v 0.0626710908 -0.00611603715 -0.0111353995 0.705882 0.470588 0.156863
v 0.0626092128 -0.0061141758 -0.0128494722 0.705882 0.470588 0.156863
v 0.0625471583 -0.00611445793 -0.014563548 0.705882 0.470588 0.156863
v 0.0624846053 -0.00612261422 -0.0162776106 0.705882 0.470588 0.156863
v 0.0624294139 -0.0061287657 -0.0179919272 0.470588 0.470588 0.470588
v 0.0623716015 -0.00613041858 -0.0197061594 0.470588 0.470588 0.470588
v 0.0623140513 -0.00609177554 -0.021418958 0.470588 0.470588 0.470588
v 0.0622497542 -0.00606866339 -0.0231291638 0.470588 0.470588 0.470588
v 0.0621684249 -0.0061266908 -0.0248405552 0.470588 0.470588 0.470588
v 0.0620864802 -0.00612223314 -0.0265538135 0.470588 0.470588 0.470588
v 0.0620108652 -0.00612297099 -0.0282673566 1 0 0
v 0.0619373886 -0.00610629015 -0.0299807798 1 0 0
v 0.0618589182 -0.00607020852 -0.0316936672 1 0 0
v 0.0617778862 -0.00608818583 -0.0334068704 1 0 0
v 0.0616933962 -0.00612665131 -0.0351195651 1 0 0
v 0.0616087278 -0.00612406952 -0.0368326604 1 0 0
v 0.0615250096 -0.00612153619 -0.0385458253 1 0 0
v 0.0614408258 -0.00612828709 -0.0402589664 1 0 0
v 0.0613611595 -0.0061262776 -0.0419723376 1 0 0
v 0.0612806196 -0.00612931692 -0.0436856614 1 0 0
v 0.061200475 -0.00612502095 -0.0453989762 0 1 0
v 0.0611224491 -0.00609907909 -0.0471122269 0 1 0
v 0.0610378487 -0.00610548656 -0.0488253232 0 1 0
v 0.0609516392 -0.00611235701 -0.0505383627 0 1 0
v 0.0608599616 -0.00611979126 -0.0522511183 0 1 0
v 0.0607872343 -0.00606984014 -0.0539636991 0 1 0
v 0.0607075019 -0.00608730699 -0.0556769333 0 1 0
v 0.0606266695 -0.00609769447 -0.0573901407 0 1 0
v 0.0605513299 -0.00607834541 -0.0591035577 0 0.501961 1
v 0.0604654558 -0.00610596096 -0.0608163982 0 0.501961 1
v 0.0603684066 -0.00611935685 -0.0625287965 0 0.501961 1
v 0.0602686792 -0.0061239393 -0.0642410976 0 0.501961 1
v 0.0601659798 -0.00611914936 -0.065953193 0 0.501961 1
v 0.0600596666 -0.00610315106 -0.0676648611 0 0.501961 1
v 0.059954662 -0.00611396532 -0.0693768321 0 0.501961 1
v 0.0598484847 -0.00611255498 -0.0710887528 0 0.501961 1
v 0.0597432323 -0.00611553769 -0.0728007102 1 0.784314 0
v 0.0596344417 -0.00612244392 -0.0745124466 1 0.784314 0
v 0.0595279231 -0.00611213011 -0.0762243127 1 0.784314 0
v 0.0594196843 -0.00608086515 -0.0779358217 1 0.784314 0
v 0.0593112078 -0.006083381 -0.0796472807 1 0.784314 0
v 0.0592003945 -0.0060952113 -0.0813587356 1 0.784314 0
v 0.0590878632 -0.00612571067 -0.0830699846 1 0.784314 0
v 0.0589753271 -0.00612672281 -0.0847814914 1 0.784314 0
v 0.0588664117 -0.00611511382 -0.0864931983 0.705882 0 1
v 0.0587564707 -0.00611488583 -0.0882048747 0.705882 0 1
v 0.0586425653 -0.00612122348 -0.0899162975 0.705882 0 1
v 0.0585278409 -0.00612066832 -0.0916276729 0.705882 0 1
v 0.0584159013 -0.00612750018 -0.0933392223 0.705882 0 1
v 0.0583040188 -0.0061286033 -0.095050789 0.705882 0 1
v 0.058190566 -0.00611236783 -0.0967620681 0.705882 0 1
v 0.0580765357 -0.00612589414 -0.0984733694 0.705882 0 1
v 0.057964976 -0.00611428479 -0.100184918 0 0.862745 0.862745
v 0.0578400292 -0.00610779632 -0.101895572 0 0.862745 0.862745
v 0.0577171091 -0.00611957691 -0.103606341 0 0.862745 0.862745
v 0.0575908309 -0.00611847935 -0.105316857 0 0.862745 0.862745
v 0.0574586963 -0.00611467395 -0.107026958 0 0.862745 0.862745
v 0.0573180955 -0.00611614715 -0.108736367 0 0.862745 0.862745
v 0.0571803976 -0.00611123915 -0.110446033 0 0.862745 0.862745
v 0.0570387444 -0.00611453898 -0.112155367 0 0.862745 0.862745
v 0.0568850851 -0.00611845783 -0.113863682 1 0.470588 0
v 0.0567379016 -0.00609174798 -0.115572234 1 0.470588 0
v 0.056593388 -0.00608926243 -0.117281072 1 0.470588 0
v 0.0564447769 -0.00608606641 -0.118989764 1 0.470588 0
v 0.0562905401 -0.00610573601 -0.1206979 1 0.470588 0
v 0.0561336804 -0.00612126411 -0.122405798 1 0.470588 0
v 0.055977986 -0.00611974109 -0.124113929 1 0.470588 0
v 0.0558302946 -0.00610814499 -0.125822736 1 0.470588 0
v 0.055670709 -0.00610577685 -0.127530487 1 0.470588 0
v 0.0555088081 -0.0061041523 -0.12923804 1 0.470588 0
v 0.055341695 -0.00609901189 -0.130945083 0.470588 1 0
v 0.0551755403 -0.0061084048 -0.132652207 0.470588 1 0
v 0.0550063008 -0.00610643261 -0.134359044 0.470588 1 0
v 0.0548295729 -0.00609236512 -0.136064813 0.470588 1 0
v 0.0546541677 -0.0060693166 -0.137770726 0.470588 1 0
v 0.0544916272 -0.00608997966 -0.139478082 0.470588 1 0
v 0.0543194214 -0.00610873064 -0.141184486 1 0 0.705882
v 0.0541439752 -0.00612286293 -0.142890607 1 0 0.705882
v 0.053969959 -0.00611954696 -0.144596917 1 0 0.705882
v 0.0537967026 -0.00609588806 -0.146303162 1 0 0.705882
v 0.0536224695 -0.00607200216 -0.148009314 1 0 0.705882
v 0.0534405265 -0.00609590489 -0.14971466 1 0 0.705882
v 0.0532487637 -0.00611029709 -0.151419047 1 0 0.705882
v 0.0530402703 -0.00612221193 -0.153121494 1 0 0.705882
v 0.0528257705 -0.00612553175 -0.154823228 0.313725 0.313725 1
v 0.0525878515 -0.00612458078 -0.156521849 0.313725 0.313725 1
v 0.0523374252 -0.00611712191 -0.158218667 0.313725 0.313725 1
v 0.0520700734 -0.00610841325 -0.159912865 0.313725 0.313725 1
v 0.0517757345 -0.006114522 -0.161602598 0.313725 0.313725 1
v 0.0514721929 -0.00610086679 -0.163290663 0.313725 0.313725 1
v 0.0511479656 -0.00609615747 -0.164974788 0.705882 0.470588 0.156863
v 0.0508081808 -0.0061048085 -0.166655996 0.705882 0.470588 0.156863
v 0.0504632626 -0.0061166082 -0.168336099 0.705882 0.470588 0.156863
v 0.0501029304 -0.00611991746 -0.170013041 0.705882 0.470588 0.156863
v 0.0497461062 -0.00612273021 -0.17169071 0.705882 0.470588 0.156863
v 0.0493708402 -0.00609536159 -0.173364106 0.705882 0.470588 0.156863
v 0.0489929562 -0.00610375019 -0.175037004 0.705882 0.470588 0.156863
v 0.0485999713 -0.00612265171 -0.176706374 0.705882 0.470588 0.156863
v 0.0481939942 -0.00612165554 -0.17837285 0.705882 0.470588 0.156863
v 0.0477809401 -0.00611943416 -0.180037568 0.705882 0.470588 0.156863
v 0.0473797572 -0.00610732203 -0.181705142 0.470588 0.470588 0.470588
v 0.0469773959 -0.00608610848 -0.183372369 0.470588 0.470588 0.470588
v 0.0465707622 -0.00607553579 -0.185038596 0.470588 0.470588 0.470588
v 0.0461669543 -0.00609644328 -0.186705477 0.470588 0.470588 0.470588
v 0.0457624705 -0.00610062067 -0.188372272 0.470588 0.470588 0.470588
v 0.0453529741 -0.00611004366 -0.190037762 0.470588 0.470588 0.470588
v 0.0449416913 -0.00612295126 -0.191702735 0.470588 0.470588 0.470588
v 0.0445369322 -0.00611807631 -0.19336946 0.470588 0.470588 0.470588
v 0.0441120989 -0.00612582906 -0.195031221 0.470588 0.470588 0.470588
v 0.063429273 -0.00816265453 0.0160540017 0.313725 0.313725 1
v 0.063370436 -0.00814681986 0.0143437815 0.313725 0.313725 1
v 0.0633100328 -0.00813525812 0.0126335877 0.313725 0.313725 1
v 0.0632493064 -0.00813750773 0.0109233852 0.313725 0.313725 1
v 0.0631895261 -0.00814643518 0.00921314863 0.313725 0.313725 1
v 0.0631376383 -0.00816039064 0.00750267602 0.313725 0.313725 1
v 0.0630787222 -0.00815621831 0.00579243331 0.313725 0.313725 1
v 0.0630165187 -0.00815193769 0.00408230201 0.313725 0.313725 1
v 0.0629555989 -0.0081625149 0.00237211942 0.313725 0.313725 1
v 0.0628951496 -0.00816024433 0.00066187405 0.313725 0.313725 1
v 0.0628394198 -0.00815822083 -0.00104852412 0.705882 0.470588 0.156863
v 0.062788065 -0.00814922934 -0.00275903779 0.705882 0.470588 0.156863
v 0.0627307948 -0.00815455705 -0.00446934797 0.705882 0.470588 0.156863
v 0.0626746282 -0.00816488495 -0.00617970459 0.705882 0.470588 0.156863
v 0.0626185012 -0.00815961233 -0.00789006186 0.705882 0.470588 0.156863
v 0.0625614302 -0.00815230221 -0.00960039144 0.705882 0.470588 0.156863
v 0.0625001696 -0.00815193759 -0.0113106099 0.705882 0.470588 0.156863
v 0.0624396881 -0.00816213836 -0.0130208039 0.705882 0.470588 0.156863
v 0.0623822344 -0.00814610929 -0.0147309255 0.470588 0.470588 0.470588
v 0.0623272976 -0.00814426143 -0.0164410048 0.470588 0.470588 0.470588
v 0.0622694209 -0.00815915721 -0.0181511395 0.470588 0.470588 0.470588
v 0.0622100678 -0.00815945346 -0.0198614152 0.470588 0.470588 0.470588
v 0.0621486004 -0.00816049438 -0.0215716242 0.470588 0.470588 0.470588
v 0.0620786034 -0.00815992264 -0.0232814868 0.470588 0.470588 0.470588
v 0.0620003941 -0.0081650865 -0.0249910073 1 0 0
v 0.0619239664 -0.0081641094 -0.0267006116 1 0 0
v 0.061846576 -0.00816247243 -0.0284101703 1 0 0
v 0.0617680677 -0.00814537447 -0.0301195469 1 0 0
v 0.0616906702 -0.00815533043 -0.0318290831 1 0 0
v 0.0616106476 -0.00815384169 -0.033538496 1 0 0
v 0.0615297851 -0.0081539501 -0.0352478675 1 0 0
v 0.0614473395 -0.00815946233 -0.0369571861 1 0 0
v 0.0613638981 -0.00816042734 -0.0386664663 1 0 0
v 0.0612817185 -0.00816078276 -0.0403758079 1 0 0
v 0.061200482 -0.00815982075 -0.0420851934 0 1 0
v 0.0611182371 -0.00816632365 -0.0437945178 0 1 0
v 0.0610409885 -0.00815518638 -0.0455040109 0 1 0
v 0.0609604074 -0.00815736489 -0.0472133847 0 1 0
v 0.0608810355 -0.00816541526 -0.048922827 0 1 0
v 0.0607973847 -0.00816694598 -0.0506320923 0 1 0
v 0.0607093389 -0.00816736137 -0.0523411383 0 1 0
v 0.0606322354 -0.008133667 -0.0540500459 0 1 0
v 0.0605521426 -0.0081432738 -0.0557593573 0 0.501961 1
v 0.0604714177 -0.00814417365 -0.0574687121 0 0.501961 1
v 0.0603939923 -0.00815703922 -0.0591782277 0 0.501961 1
v 0.0603071149 -0.00815459104 -0.0608873321 0 0.501961 1
v 0.0602124497 -0.00815611007 -0.0625960159 0 0.501961 1
v 0.0601123692 -0.00816023923 -0.0643043968 0 0.501961 1
v 0.0600150109 -0.00815983672 -0.0660129411 0 0.501961 1
v 0.0599125601 -0.0081557568 -0.0677211722 0 0.501961 1
v 0.0598049032 -0.00815976884 -0.0694290937 1 0.784314 0
v 0.0596985998 -0.00815885416 -0.0711371007 1 0.784314 0
v 0.0595907675 -0.0081643901 -0.0728450046 1 0.784314 0
v 0.0594868795 -0.00816883043 -0.0745531558 1 0.784314 0
v 0.0593796514 -0.00816757521 -0.076261102 1 0.784314 0
v 0.0592717361 -0.00815360893 -0.0779689326 1 0.784314 0
v 0.0591640543 -0.00813410394 -0.0796767349 1 0.784314 0
v 0.0590580304 -0.00811441773 -0.0813844936 1 0.784314 0
v 0.0589398646 -0.0081601352 -0.0830911115 0.705882 0 1
v 0.0588314236 -0.00816756051 -0.0847988992 0.705882 0 1
v 0.0587177171 -0.00815961234 -0.0865063905 0.705882 0 1
v 0.0586054689 -0.00815090635 -0.0882139757 0.705882 0 1
v 0.0584948968 -0.00815332808 -0.0899217 0.705882 0 1
v 0.0583743461 -0.00816365084 -0.0916287338 0.705882 0 1
v 0.0582626739 -0.00816621237 -0.0933364005 0.705882 0 1
v 0.0581467181 -0.00815428386 -0.0950437088 0.705882 0 1
v 0.05803316 -0.00813140296 -0.0967509793 0 0.862745 0.862745
v 0.057915397 -0.00815649402 -0.0984580252 0 0.862745 0.862745
v 0.0577955235 -0.00815920973 -0.100165082 0 0.862745 0.862745
v 0.0576751361 -0.00815482955 -0.101872151 0 0.862745 0.862745
v 0.0575492313 -0.00816221571 -0.103578812 0 0.862745 0.862745
v 0.0574294488 -0.00815848476 -0.105285904 0 0.862745 0.862745
v 0.0572985039 -0.00815925446 -0.106992178 0 0.862745 0.862745
v 0.0571541102 -0.00816015827 -0.10869736 0 0.862745 0.862745
v 0.0570132877 -0.00816338697 -0.110402857 1 0.470588 0
v 0.0568672654 -0.00815625213 -0.112107915 1 0.470588 0
v 0.0567175858 -0.00814416312 -0.11381262 1 0.470588 0
v 0.056562793 -0.00813448741 -0.115516894 1 0.470588 0
v 0.0564130711 -0.00813247533 -0.117221627 1 0.470588 0
v 0.0562649392 -0.00812560662 -0.11892644 1 0.470588 0
v 0.0561105361 -0.008139969 -0.12063068 1 0.470588 0
v 0.0559520359 -0.00816247439 -0.122334458 1 0.470588 0
v 0.0557996413 -0.00816316589 -0.124038964 1 0.470588 0
v 0.0556512474 -0.00812821101 -0.125743459 1 0.470588 0
v 0.0554900688 -0.00812461006 -0.127447039 0.470588 1 0
v 0.0553255956 -0.00812871838 -0.129150383 0.470588 1 0
v 0.0551613329 -0.00813244131 -0.130853716 0.470588 1 0
v 0.0549959275 -0.00814372696 -0.132556978 0.470588 1 0
v 0.0548206194 -0.00814399145 -0.13425927 0.470588 1 0
v 0.0546409541 -0.00815001461 -0.135961077 0.470588 1 0
v 0.054465306 -0.00815403562 -0.137663321 1 0 0.705882
v 0.0542859721 -0.00815682145 -0.139365196 1 0 0.705882
v 0.0541077849 -0.00815823415 -0.141067195 1 0 0.705882
v 0.0539284203 -0.00815585251 -0.142769084 1 0 0.705882
v 0.0537547773 -0.00815296151 -0.144471546 1 0 0.705882
v 0.0535783993 -0.00814107239 -0.146173682 1 0 0.705882
v 0.0534041271 -0.00813838526 -0.147876068 1 0 0.705882
v 0.0532263262 -0.00814674689 -0.1495781 1 0 0.705882
v 0.0530354681 -0.00815070829 -0.151278716 1 0 0.705882
v 0.052834868 -0.00815297557 -0.152978224 1 0 0.705882
v 0.0526210066 -0.00815658562 -0.154676121 0.313725 0.313725 1
v 0.052377224 -0.00815472956 -0.156369908 0.313725 0.313725 1
v 0.0521241358 -0.0081498862 -0.158062399 0.313725 0.313725 1
v 0.0518644002 -0.00814371315 -0.159753815 0.313725 0.313725 1
v 0.0515671314 -0.00814023462 -0.161439111 0.313725 0.313725 1
v 0.0512633984 -0.00811293582 -0.163123 0.313725 0.313725 1
v 0.0509319498 -0.00812188007 -0.164801484 0.705882 0.470588 0.156863
v 0.0505830885 -0.00814501074 -0.166476594 0.705882 0.470588 0.156863
v 0.0502353835 -0.00814632739 -0.168152202 0.705882 0.470588 0.156863
v 0.0498809111 -0.00814661548 -0.169826387 0.705882 0.470588 0.156863
v 0.0495209368 -0.00814973205 -0.17149938 0.705882 0.470588 0.156863
v 0.0491566178 -0.00814347549 -0.173171438 0.705882 0.470588 0.156863
v 0.0487794731 -0.00814791955 -0.174840643 0.705882 0.470588 0.156863
v 0.04838876 -0.00815192119 -0.176506751 0.705882 0.470588 0.156863
v 0.0479877532 -0.00815124563 -0.178170376 0.705882 0.470588 0.156863
v 0.0475720505 -0.00814836171 -0.179830432 0.705882 0.470588 0.156863
v 0.0471755928 -0.00814125951 -0.181495119 0.470588 0.470588 0.470588
v 0.0467783602 -0.00813013626 -0.183159582 0.470588 0.470588 0.470588
v 0.0463660742 -0.00813720587 -0.184820409 0.470588 0.470588 0.470588
v 0.0459689329 -0.00815409502 -0.186484917 0.470588 0.470588 0.470588
v 0.0455684238 -0.00815253247 -0.188148694 0.470588 0.470588 0.470588
v 0.0451606369 -0.00815230404 -0.189810698 0.470588 0.470588 0.470588
v 0.0447576064 -0.00814454902 -0.191473822 0.470588 0.470588 0.470588
v 0.0443580228 -0.00813840559 -0.193137759 0.470588 0.470588 0.470588
v 0.0439470098 -0.00815169243 -0.194798932 0.470588 0.470588 0.470588
v 0.0631999318 -0.0101740816 0.0155966236 0.313725 0.313725 1
v 0.0631374575 -0.0101833079 0.0138943696 0.313725 0.313725 1
v 0.0630756042 -0.0101656606 0.0121923417 0.313725 0.313725 1
v 0.0630175013 -0.0101548803 0.0104900197 0.313725 0.313725 1
v 0.0629606732 -0.0101667658 0.00878760847 0.313725 0.313725 1
v 0.0629001472 -0.0101918553 0.00708544347 0.313725 0.313725 1
v 0.0628492715 -0.0101874559 0.00538281807 0.313725 0.313725 1
v 0.0627916971 -0.0101899627 0.00368038725 0.313725 0.313725 1
v 0.0627300507 -0.010196837 0.00197811261 0.313725 0.313725 1
v 0.0626699994 -0.0101949793 0.000275740829 0.313725 0.313725 1
v 0.0626183333 -0.0101968919 -0.00142690299 0.705882 0.470588 0.156863
v 0.0625662353 -0.0101949396 -0.00312953733 0.705882 0.470588 0.156863
v 0.0625050803 -0.0101963215 -0.0048318561 0.705882 0.470588 0.156863
v 0.0624496288 -0.010194743 -0.00653437463 0.705882 0.470588 0.156863
v 0.0623966637 -0.0101900169 -0.00823696615 0.705882 0.470588 0.156863
v 0.0623396198 -0.01018381 -0.00993943242 0.705882 0.470588 0.156863
v 0.0622776974 -0.0101870458 -0.011641734 0.705882 0.470588 0.156863
v 0.0622213373 -0.0101975838 -0.0133441832 0.705882 0.470588 0.156863
v 0.0621700245 -0.0101676742 -0.0150463538 0.470588 0.470588 0.470588
v 0.0621170422 -0.0101633702 -0.0167488232 0.470588 0.470588 0.470588
v 0.062057638 -0.0101783724 -0.0184509604 0.470588 0.470588 0.470588
v 0.0620008442 -0.0101759841 -0.0201534453 0.470588 0.470588 0.470588
v 0.061943116 -0.0101694788 -0.0218558735 0.470588 0.470588 0.470588
v 0.0618704741 -0.0101824758 -0.0235576845 0.470588 0.470588 0.470588
v 0.0617897078 -0.0101965881 -0.0252590042 1 0 0
v 0.0617116519 -0.0101942668 -0.0269606377 1 0 0
v 0.0616342066 -0.0101873078 -0.0286622776 1 0 0
v 0.0615583746 -0.0101870606 -0.030364022 1 0 0
v 0.0614782325 -0.0101873578 -0.0320655542 1 0 0
v 0.0614002451 -0.0101917083 -0.0337671836 1 0 0
v 0.0613214353 -0.0101989653 -0.0354687785 1 0 0
v 0.06123878 -0.0102008984 -0.0371702025 1 0 0
v 0.061158944 -0.010195143 -0.0388717278 1 0 0
v 0.0610752143 -0.0101957953 -0.0405730801 1 0 0
v 0.0609903355 -0.0101981716 -0.0422743673 0 1 0
v 0.0609133652 -0.0101990435 -0.0439760579 0 1 0
v 0.0608348422 -0.0102017885 -0.0456776742 0 1 0
v 0.0607554183 -0.0102011928 -0.0473792502 0 1 0
v 0.060676537 -0.0101984976 -0.0490808474 0 1 0
v 0.0605973334 -0.0102000801 -0.0507824375 0 1 0
v 0.0605147927 -0.0101950498 -0.0524838446 0 1 0
v 0.0604315367 -0.0101878177 -0.0541852049 0 1 0
v 0.0603575409 -0.010187609 -0.0558870298 0 0.501961 1
v 0.0602760822 -0.0101974447 -0.0575884519 0 0.501961 1
v 0.0601929217 -0.0102015881 -0.059289811 0 0.501961 1
v 0.0601091482 -0.01019984 -0.0609911743 0 0.501961 1
v 0.0600156495 -0.0101958652 -0.0626920361 0 0.501961 1
v 0.0599202754 -0.0101960838 -0.0643927974 0 0.501961 1
v 0.0598254085 -0.0101958805 -0.0660935812 0 0.501961 1
v 0.059721611 -0.0101906617 -0.0677938361 0 0.501961 1
v 0.0596177351 -0.010197041 -0.0694940872 1 0.784314 0
v 0.0595147412 -0.0101995488 -0.0711944013 1 0.784314 0
v 0.0594071444 -0.0102013596 -0.0728944205 1 0.784314 0
v 0.0593039053 -0.0102032231 -0.0745947157 1 0.784314 0
v 0.0591983052 -0.0102040706 -0.0762948659 1 0.784314 0
v 0.0590915638 -0.0102017766 -0.0779949443 1 0.784314 0
v 0.05898763 -0.0101939707 -0.0796951438 1 0.784314 0
v 0.0588843648 -0.0101657995 -0.0813951102 1 0.784314 0
v 0.0587626842 -0.0101975674 -0.083093892 0.705882 0 1
v 0.0586510812 -0.0102027651 -0.0847936227 0.705882 0 1
v 0.0585381419 -0.0101962851 -0.0864932825 0.705882 0 1
v 0.0584262215 -0.0101895702 -0.088193011 0.705882 0 1
v 0.0583159254 -0.0101916036 -0.0898928552 0.705882 0 1
v 0.058192832 -0.0102010274 -0.0915918045 0.705882 0 1
v 0.058075544 -0.0102003164 -0.093291192 0.705882 0 1
v 0.0579584906 -0.0101927979 -0.0949905671 0.705882 0 1
v 0.0578396746 -0.0101969604 -0.0966898319 0.705882 0 1
v 0.0577172836 -0.0101991577 -0.0983888476 0.705882 0 1
v 0.0575990757 -0.010198932 -0.100088176 0 0.862745 0.862745
v 0.0574694496 -0.0101948024 -0.10178666 0 0.862745 0.862745
v 0.0573402974 -0.0101921987 -0.103485185 0 0.862745 0.862745
v 0.0572160484 -0.0101932955 -0.105184078 0 0.862745 0.862745
v 0.0570949709 -0.0101851942 -0.106883172 0 0.862745 0.862745
v 0.0569542919 -0.0101896849 -0.108580771 0 0.862745 0.862745
v 0.0568087415 -0.0101943535 -0.110277961 0 0.862745 0.862745
v 0.0566601922 -0.0101858122 -0.111974838 0 0.862745 0.862745
v 0.0565126069 -0.0101697216 -0.113671782 1 0.470588 0
v 0.056356258 -0.0101651694 -0.115368017 1 0.470588 0
v 0.0562004496 -0.0101746254 -0.117064282 1 0.470588 0
v 0.0560443433 -0.0101710593 -0.118760524 1 0.470588 0
v 0.0558888234 -0.0101753243 -0.120456777 1 0.470588 0
v 0.0557374175 -0.0101892901 -0.122153405 1 0.470588 0
v 0.0555867303 -0.0101925252 -0.12385015 1 0.470588 0
v 0.0554348564 -0.0101771067 -0.125546672 1 0.470588 0
v 0.0552780594 -0.010164551 -0.127242733 0.470588 1 0
v 0.0551134763 -0.0101628596 -0.128938195 0.470588 1 0
v 0.0549467065 -0.0101707631 -0.130633402 0.470588 1 0
v 0.0547766694 -0.0101892536 -0.132328225 0.470588 1 0
v 0.0546023466 -0.0101879555 -0.134022706 0.470588 1 0
v 0.0544213152 -0.0101820127 -0.135716472 0.470588 1 0
v 0.0542382148 -0.0101620838 -0.13740987 0.470588 1 0
v 0.0540530653 -0.0101615189 -0.139103198 0.470588 1 0
v 0.0538670121 -0.0101723816 -0.1407964 1 0 0.705882
v 0.0536863313 -0.0101774497 -0.142490191 1 0 0.705882
v 0.0535077182 -0.0101773107 -0.144184233 1 0 0.705882
v 0.0533318071 -0.010175128 -0.145878554 1 0 0.705882
v 0.0531570666 -0.0101763812 -0.147572983 1 0 0.705882
v 0.0529753642 -0.0101687767 -0.14926667 1 0 0.705882
v 0.0527880076 -0.0101710565 -0.150959737 1 0 0.705882
v 0.0525921021 -0.010178412 -0.152651837 1 0 0.705882
v 0.0523729714 -0.010178579 -0.154341108 1 0 0.705882
v 0.0521363169 -0.0101777238 -0.156028021 1 0 0.705882
v 0.0518831603 -0.010173255 -0.157712529 0.313725 0.313725 1
v 0.051619271 -0.0101675688 -0.159395379 0.313725 0.313725 1
v 0.0513299006 -0.0101607803 -0.161074012 0.313725 0.313725 1
v 0.0510216543 -0.0101507744 -0.162749281 0.313725 0.313725 1
v 0.0506914286 -0.0101550611 -0.164420143 0.313725 0.313725 1
v 0.0503433559 -0.0101690616 -0.166087539 0.313725 0.313725 1
v 0.0499911148 -0.0101665555 -0.167754144 0.705882 0.470588 0.156863
v 0.0496411422 -0.0101650717 -0.169421229 0.705882 0.470588 0.156863
v 0.0492839362 -0.0101662556 -0.171086779 0.705882 0.470588 0.156863
v 0.0489284912 -0.0101691107 -0.172752712 0.705882 0.470588 0.156863
v 0.0485507038 -0.0101696207 -0.174413702 0.705882 0.470588 0.156863
v 0.0481642848 -0.010160142 -0.176072682 0.705882 0.470588 0.156863
v 0.0477696208 -0.0101535956 -0.177729664 0.705882 0.470588 0.156863
v 0.047360634 -0.0101662624 -0.179383217 0.705882 0.470588 0.156863
v 0.0469563082 -0.0101695953 -0.181037948 0.470588 0.470588 0.470588
v 0.0465556254 -0.0101704723 -0.182693583 0.470588 0.470588 0.470588
v 0.0461524365 -0.0101681592 -0.184348605 0.470588 0.470588 0.470588
v 0.045750101 -0.0101700486 -0.186003832 0.470588 0.470588 0.470588
v 0.0453617991 -0.0101613558 -0.187662354 0.470588 0.470588 0.470588
v 0.0449617532 -0.0101657303 -0.189318133 0.470588 0.470588 0.470588
v 0.0445665457 -0.0101620159 -0.190975047 0.470588 0.470588 0.470588
v 0.0441688088 -0.0101521514 -0.19263133 0.470588 0.470588 0.470588
v 0.0437687524 -0.0101709536 -0.194286997 0.470588 0.470588 0.470588
v 0.0629049189 -0.0122146334 0.0147009266 0.313725 0.313725 1
v 0.0628419902 -0.0122208006 0.0129864576 0.313725 0.313725 1
v 0.0627818559 -0.0121804937 0.0112722977 0.313725 0.313725 1
v 0.0627263558 -0.0121832246 0.00955754185 0.313725 0.313725 1
v 0.062666269 -0.0122057352 0.00784308986 0.313725 0.313725 1
v 0.0626101699 -0.0122206937 0.00612846565 0.313725 0.313725 1
v 0.062556545 -0.0122172155 0.00441362992 0.313725 0.313725 1
v 0.0624976261 -0.0122211977 0.00269895977 0.313725 0.313725 1
v 0.0624423273 -0.01222235 0.000984165673 0.313725 0.313725 1
v 0.0623880323 -0.012212484 -0.000730599899 0.313725 0.313725 1
v 0.062334826 -0.012218573 -0.0024454511 0.705882 0.470588 0.156863
v 0.0622772892 -0.0122260147 -0.00416014708 0.705882 0.470588 0.156863
v 0.0622158682 -0.012220398 -0.00587471111 0.705882 0.470588 0.156863
v 0.0621616303 -0.0122095881 -0.00758950207 0.705882 0.470588 0.156863
v 0.0621098436 -0.0122189728 -0.00930436616 0.705882 0.470588 0.156863
v 0.0620542357 -0.012226579 -0.0110191216 0.705882 0.470588 0.156863
v 0.0619950565 -0.0122237712 -0.0127337554 0.705882 0.470588 0.156863
v 0.0619388865 -0.0122205401 -0.0144485221 0.705882 0.470588 0.156863
v 0.0618850991 -0.0122220515 -0.016163361 0.470588 0.470588 0.470588
v 0.0618293631 -0.0122221177 -0.0178781347 0.470588 0.470588 0.470588
v 0.0617753234 -0.0122210357 -0.0195929662 0.470588 0.470588 0.470588
v 0.0617173284 -0.0122174097 -0.0213076621 0.470588 0.470588 0.470588
v 0.0616543973 -0.0122224099 -0.0230221526 0.470588 0.470588 0.470588
v 0.0615780198 -0.0122285403 -0.0247360439 0.470588 0.470588 0.470588
v 0.0614954773 -0.0122265791 -0.0264497422 1 0 0
v 0.0614145994 -0.0122141114 -0.0281634781 1 0 0
v 0.0613374118 -0.0122162344 -0.0298774263 1 0 0
v 0.0612596689 -0.0122195374 -0.0315913494 1 0 0
v 0.0611809415 -0.0122244039 -0.0333052206 1 0 0
v 0.0611029896 -0.0122277664 -0.0350191379 1 0 0
v 0.0610202877 -0.0122272772 -0.0367328317 1 0 0
v 0.0609408289 -0.0122202438 -0.0384466501 1 0 0
v 0.0608580328 -0.012215022 -0.0401602726 1 0 0
v 0.0607702668 -0.0122294997 -0.0418736543 1 0 0
v 0.0606912351 -0.0122279724 -0.0435875132 0 1 0
v 0.0606124918 -0.0122285251 -0.0453013871 0 1 0
v 0.0605366289 -0.0122310141 -0.0470153918 0 1 0
v 0.0604526323 -0.0122275217 -0.0487290186 0 1 0
v 0.0603748728 -0.0122248906 -0.0504429403 0 1 0
v 0.0602958082 -0.0122205154 -0.0521567945 0 1 0
v 0.0602117216 -0.0122152956 -0.0538704106 0 1 0
v 0.0601371604 -0.0122202479 -0.0555844732 0 1 0
v 0.0600572385 -0.0122275961 -0.0572982838 0 0.501961 1
v 0.0599747154 -0.0122283062 -0.0590119653 0 0.501961 1
v 0.0598919815 -0.0122153017 -0.0607256119 0 0.501961 1
v 0.059800254 -0.0122163523 -0.0624388221 0 0.501961 1
v 0.0597057847 -0.0122220088 -0.0641518984 0 0.501961 1
v 0.0596055803 -0.0122301003 -0.0658646425 0 0.501961 1
v 0.0595044558 -0.0122284757 -0.0675773507 0 0.501961 1
v 0.0594005273 -0.0122317209 -0.0692898852 0 0.501961 1
v 0.0592948289 -0.0122326153 -0.0710023184 1 0.784314 0
v 0.0591924218 -0.0122304377 -0.0727149452 1 0.784314 0
v 0.0590883225 -0.0122251348 -0.0744274619 1 0.784314 0
v 0.0589842024 -0.0122227824 -0.0761399796 1 0.784314 0
v 0.0588746242 -0.0122149385 -0.0778521512 1 0.784314 0
v 0.0587745252 -0.0122158242 -0.0795649039 1 0.784314 0
v 0.0586691018 -0.0122049694 -0.081277191 1 0.784314 0
v 0.058549159 -0.0122298911 -0.082988489 1 0.784314 0
v 0.0584398966 -0.0122341108 -0.0847006564 0.705882 0 1
v 0.0583257503 -0.0122282777 -0.0864125033 0.705882 0 1
v 0.0582041194 -0.012220318 -0.0881238562 0.705882 0 1
v 0.0580790171 -0.0122178681 -0.0898349461 0.705882 0 1
v 0.0579628669 -0.0122190817 -0.091546674 0.705882 0 1
v 0.0578391778 -0.012220981 -0.0932578722 0.705882 0 1
v 0.0577189627 -0.0122281299 -0.0949693037 0.705882 0 1
v 0.0575962603 -0.0122185311 -0.0966805536 0.705882 0 1
v 0.0574720281 -0.0122234609 -0.0983917215 0.705882 0 1
v 0.0573442484 -0.0122265648 -0.100102638 0.705882 0 1
v 0.0572099693 -0.01222056 -0.10181305 0 0.862745 0.862745
v 0.0570782454 -0.012221164 -0.103523665 0 0.862745 0.862745
v 0.0569534479 -0.0122153495 -0.105234767 0 0.862745 0.862745
v 0.0568306791 -0.0122106345 -0.106945997 0 0.862745 0.862745
v 0.0566874842 -0.0122245375 -0.108655637 0 0.862745 0.862745
v 0.0565358408 -0.0122214661 -0.110364605 0 0.862745 0.862745
v 0.0563871026 -0.0122196268 -0.112073834 0 0.862745 0.862745
v 0.0562346747 -0.0122173213 -0.113782714 0 0.862745 0.862745
v 0.056077207 -0.0122171534 -0.115491159 1 0.470588 0
v 0.0559166974 -0.0122179422 -0.117199325 1 0.470588 0
v 0.0557530219 -0.0122086005 -0.11890716 1 0.470588 0
v 0.0555976874 -0.0122063412 -0.120615786 1 0.470588 0
v 0.0554462185 -0.0122130712 -0.122324758 1 0.470588 0
v 0.05529188 -0.0122162556 -0.124033491 1 0.470588 0
v 0.0551377194 -0.012210141 -0.125742222 1 0.470588 0
v 0.054983419 -0.0122023135 -0.127450943 1 0.470588 0
v 0.0548119517 -0.0121974018 -0.129158034 0.470588 1 0
v 0.0546432542 -0.0122036401 -0.130865385 0.470588 1 0
v 0.0544668707 -0.0122116573 -0.132571884 0.470588 1 0
v 0.0542831107 -0.0122074371 -0.134277682 0.470588 1 0
v 0.0540977498 -0.0122038767 -0.13598325 0.470588 1 0
v 0.0539090136 -0.0121803906 -0.137688276 0.470588 1 0
v 0.0537159363 -0.0121916476 -0.139393014 0.470588 1 0
v 0.0535229113 -0.0122001024 -0.141097778 0.470588 1 0
v 0.0533356665 -0.0121972083 -0.142803216 1 0 0.705882
v 0.053154538 -0.0121951027 -0.144509316 1 0 0.705882
v 0.0529722747 -0.0121921386 -0.146215296 1 0 0.705882
v 0.052790188 -0.0121937407 -0.147921298 1 0 0.705882
v 0.0526059464 -0.0121864786 -0.149627028 1 0 0.705882
v 0.052410754 -0.0121909059 -0.151331555 1 0 0.705882
v 0.0522043475 -0.0121950648 -0.153034767 1 0 0.705882
v 0.0519786219 -0.0121910017 -0.154735524 1 0 0.705882
v 0.0517375917 -0.0121863065 -0.15643417 0.313725 0.313725 1
v 0.0514706273 -0.0121849888 -0.158128939 0.313725 0.313725 1
v 0.051188531 -0.0121787193 -0.159821266 0.313725 0.313725 1
v 0.0508925198 -0.0121706908 -0.161511181 0.313725 0.313725 1
v 0.0505676999 -0.0121642707 -0.163195807 0.313725 0.313725 1
v 0.050227246 -0.0121789032 -0.164877289 0.313725 0.313725 1
v 0.0498724512 -0.0121790782 -0.166555878 0.705882 0.470588 0.156863
v 0.0495198333 -0.0121780721 -0.168234935 0.705882 0.470588 0.156863
v 0.0491642795 -0.0121759108 -0.169913365 0.705882 0.470588 0.156863
v 0.0488020757 -0.0121747475 -0.171590381 0.705882 0.470588 0.156863
v 0.0484355557 -0.0121794726 -0.173266431 0.705882 0.470588 0.156863
v 0.0480487874 -0.0121771054 -0.174937947 0.705882 0.470588 0.156863
v 0.0476626625 -0.0121498273 -0.176609403 0.705882 0.470588 0.156863
v 0.0472550821 -0.012155413 -0.178275959 0.705882 0.470588 0.156863
v 0.0468461004 -0.0121725185 -0.179942101 0.470588 0.470588 0.470588
v 0.0464340047 -0.0121717626 -0.181607503 0.470588 0.470588 0.470588
v 0.0460270323 -0.0121690221 -0.183274216 0.470588 0.470588 0.470588
v 0.0456252142 -0.0121654737 -0.184942178 0.470588 0.470588 0.470588
v 0.0452239851 -0.0121796217 -0.186610208 0.470588 0.470588 0.470588
v 0.0448265911 -0.0121819434 -0.188279233 0.470588 0.470588 0.470588
v 0.0444332765 -0.0121853466 -0.189949228 0.470588 0.470588 0.470588
v 0.0440366341 -0.0121811191 -0.191618423 0.470588 0.470588 0.470588
v 0.0436395192 -0.0121844364 -0.193287448 0.470588 0.470588 0.470588
v 0.0625428926 -0.0142430342 0.0129484452 0.313725 0.313725 1
v 0.062482921 -0.0142088316 0.0112355611 0.313725 0.313725 1
v 0.0624261351 -0.0142083172 0.00952225389 0.313725 0.313725 1
v 0.0623655081 -0.0142309914 0.00780925405 0.313725 0.313725 1
v 0.0623088255 -0.0142445674 0.00609604014 0.313725 0.313725 1
v 0.0622529838 -0.0142413573 0.0043826796 0.313725 0.313725 1
v 0.0621999039 -0.0142402957 0.0026692304 0.313725 0.313725 1
v 0.0621430248 -0.0142405568 0.000955921844 0.313725 0.313725 1
v 0.0620912168 -0.0142253561 -0.000757468202 0.313725 0.313725 1
v 0.0620373631 -0.0142228113 -0.00247089456 0.313725 0.313725 1
v 0.0619773347 -0.0142341016 -0.00418402717 0.705882 0.470588 0.156863
v 0.0619225099 -0.0142448209 -0.00589735536 0.705882 0.470588 0.156863
v 0.0618662038 -0.0142376253 -0.00761067868 0.705882 0.470588 0.156863
v 0.0618187717 -0.0142316587 -0.00932425614 0.705882 0.470588 0.156863
v 0.0617660067 -0.0142323612 -0.0110377098 0.705882 0.470588 0.156863
v 0.0617083945 -0.0142403397 -0.0127509937 0.705882 0.470588 0.156863
v 0.0616550268 -0.0142328768 -0.0144643009 0.470588 0.470588 0.470588
v 0.0616005255 -0.0142272002 -0.0161776678 0.470588 0.470588 0.470588
v 0.0615494003 -0.0142265574 -0.0178911772 0.470588 0.470588 0.470588
v 0.0614933199 -0.0142340715 -0.0196045156 0.470588 0.470588 0.470588
v 0.0614303254 -0.0142381506 -0.0213176157 0.470588 0.470588 0.470588
v 0.0613618343 -0.0142411631 -0.0230305143 0.470588 0.470588 0.470588
v 0.0612942683 -0.0142457286 -0.0247434503 1 0 0
v 0.0612147581 -0.0142495209 -0.0264558679 1 0 0
v 0.0611335233 -0.0142508533 -0.0281682129 1 0 0
v 0.0610544167 -0.0142488178 -0.0298806587 1 0 0
v 0.0609766894 -0.0142519106 -0.0315931663 1 0 0
v 0.0608983795 -0.014251551 -0.0333056511 1 0 0
v 0.0608188257 -0.0142518416 -0.0350180778 1 0 0
v 0.0607386914 -0.0142517942 -0.0367304788 1 0 0
v 0.0606575158 -0.0142438062 -0.0384428073 1 0 0
v 0.0605770711 -0.0142420213 -0.0401551602 1 0 0
v 0.0604985297 -0.014254526 -0.0418675871 0 1 0
v 0.0604138341 -0.0142509843 -0.0435797598 0 1 0
v 0.0603350059 -0.0142518865 -0.0452922055 0 1 0
v 0.060259399 -0.0142550525 -0.0470048019 0 1 0
v 0.0601782401 -0.0142528071 -0.0487171522 0 1 0
v 0.0601001176 -0.0142522196 -0.0504296452 0 1 0
v 0.0600212664 -0.0142526293 -0.0521420922 0 1 0
v 0.0599417858 -0.0142539731 -0.0538545203 0 1 0
v 0.0598608104 -0.0142550722 -0.0555668786 0 0.501961 1
v 0.0597844254 -0.0142560219 -0.0572794507 0 0.501961 1
v 0.0597033992 -0.0142576186 -0.0589918058 0 0.501961 1
v 0.059620203 -0.0142584155 -0.0607040557 0 0.501961 1
v 0.0595313838 -0.014257475 -0.0624160269 0 0.501961 1
v 0.0594321369 -0.0142557561 -0.064127425 0 0.501961 1
v 0.0593335008 -0.0142563231 -0.065838853 0 0.501961 1
v 0.0592340192 -0.0142545734 -0.0675502374 0 0.501961 1
v 0.0591280773 -0.0142570587 -0.0692612337 1 0.784314 0
v 0.0590211903 -0.0142570101 -0.0709721715 1 0.784314 0
v 0.0589200085 -0.0142496755 -0.0726834252 1 0.784314 0
v 0.0588197049 -0.0142415692 -0.0743947333 1 0.784314 0
v 0.0587129582 -0.0142379361 -0.0761056685 1 0.784314 0
v 0.0586071178 -0.0142318767 -0.0778166442 1 0.784314 0
v 0.0585038555 -0.0142427369 -0.0795277464 1 0.784314 0
v 0.058395591 -0.0142514681 -0.0812385739 1 0.784314 0
v 0.05828557 -0.0142598429 -0.082949291 0.705882 0 1
v 0.0581624323 -0.0142581799 -0.0846591335 0.705882 0 1
v 0.0580457085 -0.0142549032 -0.0863694129 0.705882 0 1
v 0.0579245021 -0.0142509957 -0.0880793826 0.705882 0 1
v 0.057798406 -0.0142459975 -0.0897890014 0.705882 0 1
v 0.0576789005 -0.0142423128 -0.0914990991 0.705882 0 1
v 0.0575530709 -0.0142473382 -0.0932087329 0.705882 0 1
v 0.057426957 -0.0142486375 -0.0949183387 0.705882 0 1
v 0.0573047603 -0.0142359655 -0.0966281879 0.705882 0 1
v 0.0571755274 -0.0142439714 -0.0983375525 0.705882 0 1
v 0.0570442466 -0.0142428852 -0.100046754 0 0.862745 0.862745
v 0.0569150675 -0.0142323458 -0.101756115 0 0.862745 0.862745
v 0.0567798194 -0.0142383146 -0.10346503 0 0.862745 0.862745
v 0.0566550589 -0.014243382 -0.105174744 0 0.862745 0.862745
v 0.0565242012 -0.014241973 -0.106884004 0 0.862745 0.862745
v 0.0563836384 -0.0142427497 -0.108592485 0 0.862745 0.862745
v 0.0562286929 -0.0142395293 -0.11029974 0 0.862745 0.862745
v 0.0560787199 -0.0142405401 -0.112007433 0 0.862745 0.862745
v 0.0559259083 -0.0142413027 -0.113714879 1 0.470588 0
v 0.0557675762 -0.0142397679 -0.115421816 1 0.470588 0
v 0.0556073509 -0.0142370894 -0.117128583 1 0.470588 0
v 0.0554442704 -0.0142314228 -0.118835058 1 0.470588 0
v 0.0552872499 -0.0142334486 -0.120542117 1 0.470588 0
v 0.0551315865 -0.0142343068 -0.122249303 1 0.470588 0
v 0.0549763475 -0.0142362814 -0.12395653 1 0.470588 0
v 0.0548189392 -0.014235784 -0.125663556 1 0.470588 0
v 0.054654405 -0.0142316084 -0.12736991 0.470588 1 0
v 0.0544840073 -0.0142263151 -0.129075671 0.470588 1 0
v 0.0543155107 -0.0142291329 -0.130781635 0.470588 1 0
v 0.0541380397 -0.0142224034 -0.132486669 0.470588 1 0
v 0.0539513463 -0.0142209236 -0.134190699 0.470588 1 0
v 0.0537611918 -0.0142221542 -0.135894369 0.470588 1 0
v 0.0535684435 -0.0142142005 -0.137597737 0.470588 1 0
v 0.0533758007 -0.0142064473 -0.139301133 0.470588 1 0
v 0.0531810878 -0.0142127448 -0.141004272 1 0 0.705882
v 0.0529892948 -0.0142123482 -0.142707766 1 0 0.705882
v 0.0527985146 -0.0142080027 -0.144411382 1 0 0.705882
v 0.0526138858 -0.0142022221 -0.146115675 1 0 0.705882
v 0.0524305973 -0.0142011674 -0.147820119 1 0 0.705882
v 0.0522412898 -0.0141938386 -0.149523889 1 0 0.705882
v 0.0520366329 -0.014196011 -0.151225855 1 0 0.705882
v 0.0518238553 -0.0141990449 -0.152926865 1 0 0.705882
v 0.0516016776 -0.0141990154 -0.154626678 0.313725 0.313725 1
v 0.0513546239 -0.0141943577 -0.156323012 0.313725 0.313725 1
v 0.051082575 -0.0141896527 -0.158015504 0.313725 0.313725 1
v 0.0507926336 -0.0141825374 -0.159705066 0.313725 0.313725 1
v 0.0505000557 -0.014174247 -0.161394152 0.313725 0.313725 1
v 0.0501716644 -0.0141701064 -0.163076649 0.313725 0.313725 1
v 0.0498362401 -0.0141801234 -0.164757748 0.705882 0.470588 0.156863
v 0.0494795857 -0.0141789625 -0.166434489 0.705882 0.470588 0.156863
v 0.0491285842 -0.0141781744 -0.168112434 0.705882 0.470588 0.156863
v 0.0487719489 -0.0141740744 -0.169789174 0.705882 0.470588 0.156863
v 0.0484099352 -0.0141729086 -0.171464766 0.705882 0.470588 0.156863
v 0.0480429778 -0.0141791632 -0.173139261 0.705882 0.470588 0.156863
v 0.04765412 -0.0141777616 -0.17480884 0.705882 0.470588 0.156863
v 0.0472664521 -0.0141599452 -0.1764786 0.705882 0.470588 0.156863
v 0.0468565916 -0.0141603214 -0.17814315 0.470588 0.470588 0.470588
v 0.0464487938 -0.0141755132 -0.179808138 0.470588 0.470588 0.470588
v 0.0460359721 -0.0141670276 -0.181471881 0.470588 0.470588 0.470588
v 0.0456289181 -0.0141635097 -0.183137081 0.470588 0.470588 0.470588
v 0.0452273941 -0.0141686697 -0.184803656 0.470588 0.470588 0.470588
v 0.0448283811 -0.0141809917 -0.186470781 0.470588 0.470588 0.470588
v 0.044436386 -0.0141822479 -0.188139633 0.470588 0.470588 0.470588
v 0.0440473141 -0.0141833919 -0.189809159 0.470588 0.470588 0.470588
v 0.0436553612 -0.0141831742 -0.191478023 0.470588 0.470588 0.470588
v 0.0620919448 -0.016229414 0.00930854443 0.313725 0.313725 1
v 0.0620299229 -0.0162429987 0.00760363934 0.313725 0.313725 1
v 0.061971429 -0.0162482226 0.00589854584 0.313725 0.313725 1
v 0.0619155406 -0.016261588 0.00419339335 0.313725 0.313725 1
v 0.0618595685 -0.0162544235 0.00248820068 0.313725 0.313725 1
v 0.0618038469 -0.0162546593 0.000782989146 0.313725 0.313725 1
v 0.0617482814 -0.0162565346 -0.000922228908 0.705882 0.470588 0.156863
v 0.0616939495 -0.0162577573 -0.00262748951 0.705882 0.470588 0.156863
v 0.0616392322 -0.0162603993 -0.0043327281 0.705882 0.470588 0.156863
v 0.0615846453 -0.0162627516 -0.00603797847 0.705882 0.470588 0.156863
v 0.0615333876 -0.0162643916 -0.00774333222 0.705882 0.470588 0.156863
v 0.0614820495 -0.0162615902 -0.00944866922 0.705882 0.470588 0.156863
v 0.0614310192 -0.0162643185 -0.0111540282 0.470588 0.470588 0.470588
v 0.0613748633 -0.0162665476 -0.0128592293 0.470588 0.470588 0.470588
v 0.0613231476 -0.0162548253 -0.0145644878 0.470588 0.470588 0.470588
v 0.0612717136 -0.0162522638 -0.0162697553 0.470588 0.470588 0.470588
v 0.0612191399 -0.0162626076 -0.0179750366 0.470588 0.470588 0.470588
v 0.0611655074 -0.0162678307 -0.0196802802 0.470588 0.470588 0.470588
v 0.0611041206 -0.0162655063 -0.0213852902 0.470588 0.470588 0.470588
v 0.0610335919 -0.0162606458 -0.0230899493 0.470588 0.470588 0.470588
v 0.0609673304 -0.0162598734 -0.0247947888 1 0 0
v 0.0608910585 -0.0162661954 -0.0264991915 1 0 0
v 0.0608144335 -0.0162688585 -0.0282035907 1 0 0
v 0.0607381335 -0.0162621798 -0.0299079838 1 0 0
v 0.0606601837 -0.0162587229 -0.0316123052 1 0 0
v 0.0605773845 -0.0162591367 -0.0333164201 1 0 0
v 0.0605014886 -0.0162692131 -0.035020821 1 0 0
v 0.0604201631 -0.0162719 -0.0367249927 1 0 0
v 0.060341768 -0.0162661357 -0.0384292958 1 0 0
v 0.0602621631 -0.0162635273 -0.0401335375 1 0 0
v 0.0601805736 -0.0162725942 -0.0418376828 0 1 0
v 0.0601022714 -0.0162704538 -0.0435420056 0 1 0
v 0.0600246661 -0.0162712429 -0.0452463566 0 1 0
v 0.0599471756 -0.0162741635 -0.0469507149 0 1 0
v 0.0598694044 -0.0162742414 -0.0486550615 0 1 0
v 0.0597919037 -0.0162748097 -0.0503594163 0 1 0
v 0.0597147718 -0.0162762516 -0.0520637885 0 1 0
v 0.0596367999 -0.0162736032 -0.0537681193 0 1 0
v 0.0595561186 -0.0162670402 -0.0554723213 0 0.501961 1
v 0.0594759112 -0.0162579519 -0.0571765328 0 0.501961 1
v 0.0593982019 -0.0162560463 -0.0588808881 0 0.501961 1
v 0.0593128816 -0.0162652374 -0.060584848 0 0.501961 1
v 0.0592225225 -0.0162724805 -0.0622885592 0 0.501961 1
v 0.0591244409 -0.0162765283 -0.0639918527 0 0.501961 1
v 0.0590277224 -0.0162767595 -0.065695236 0 0.501961 1
v 0.058929304 -0.0162676952 -0.067398492 0 0.501961 1
v 0.0588217614 -0.0162677928 -0.0691011889 1 0.784314 0
v 0.0587161203 -0.0162711949 -0.0708040194 1 0.784314 0
v 0.0586121699 -0.0162746224 -0.0725069679 1 0.784314 0
v 0.0585115477 -0.0162758714 -0.0742101246 1 0.784314 0
v 0.0584088945 -0.0162659179 -0.0759131222 1 0.784314 0
v 0.0583044871 -0.0162647805 -0.077616033 1 0.784314 0
v 0.0581994479 -0.0162706554 -0.0793188994 1 0.784314 0
v 0.0580938959 -0.01627694 -0.081021736 1 0.784314 0
v 0.0579842281 -0.0162766881 -0.082724311 1 0.784314 0
v 0.057866501 -0.0162708461 -0.0844263598 1 0.784314 0
v 0.0577453551 -0.0162736661 -0.0861281771 0.705882 0 1
v 0.057617844 -0.0162727489 -0.0878295278 0.705882 0 1
v 0.0574925306 -0.0162698625 -0.0895310389 0.705882 0 1
v 0.0573660934 -0.0162621811 -0.0912324496 0.705882 0 1
v 0.0572384959 -0.016259942 -0.0929337711 0.705882 0 1
v 0.0571108916 -0.0162602651 -0.0946351069 0.705882 0 1
v 0.0569815476 -0.0162610473 -0.0963363217 0.705882 0 1
v 0.0568526395 -0.0162629655 -0.0980375682 0.705882 0 1
v 0.0567226841 -0.0162614305 -0.0997387379 0.705882 0 1
v 0.0565907244 -0.0162575809 -0.101439741 0.705882 0 1
v 0.0564567153 -0.0162526315 -0.103140586 0 0.862745 0.862745
v 0.0563296501 -0.0162518468 -0.104841962 0 0.862745 0.862745
v 0.0561958352 -0.0162554405 -0.106542829 0 0.862745 0.862745
v 0.0560563739 -0.0162568732 -0.108243237 0 0.862745 0.862745
v 0.0559082474 -0.0162555259 -0.10994292 0 0.862745 0.862745
v 0.055756393 -0.0162542174 -0.111642269 0 0.862745 0.862745
v 0.0555994273 -0.0162522748 -0.113341159 0 0.862745 0.862745
v 0.0554404166 -0.0162505971 -0.115039857 0 0.862745 0.862745
v 0.0552798749 -0.0162478895 -0.116738408 1 0.470588 0
v 0.0551234969 -0.0162373626 -0.11843731 1 0.470588 0
v 0.0549593392 -0.0162431114 -0.120135507 1 0.470588 0
v 0.0548021051 -0.0162401052 -0.121834357 1 0.470588 0
v 0.0546430831 -0.0162389474 -0.123533052 1 0.470588 0
v 0.0544812879 -0.0162402535 -0.125231478 1 0.470588 0
v 0.0543113143 -0.0162386513 -0.126929114 1 0.470588 0
v 0.0541488881 -0.0162318356 -0.128627473 1 0.470588 0
v 0.0539688016 -0.0162303827 -0.130324058 0.470588 1 0
v 0.053788162 -0.0162273377 -0.132020587 0.470588 1 0
v 0.0536029545 -0.0162235284 -0.133716607 0.470588 1 0
v 0.0534070447 -0.0162240193 -0.135411439 0.470588 1 0
v 0.0532191795 -0.0162158983 -0.137107144 0.470588 1 0
v 0.0530279474 -0.0162093685 -0.138802499 0.470588 1 0
v 0.0528319133 -0.0162100182 -0.140497304 0.470588 1 0
v 0.0526352746 -0.016214349 -0.14219202 0.470588 1 0
v 0.0524425491 -0.0162098294 -0.143887219 1 0 0.705882
v 0.0522462784 -0.0162058521 -0.145582004 1 0 0.705882
v 0.0520602495 -0.0162006523 -0.147277949 1 0 0.705882
v 0.0518718274 -0.0161959113 -0.148973628 1 0 0.705882
v 0.0516710279 -0.0161945078 -0.150667881 1 0 0.705882
v 0.0514473704 -0.0161918522 -0.152359223 1 0 0.705882
v 0.0512186437 -0.0161897547 -0.15404994 1 0 0.705882
v 0.0509750788 -0.0161882132 -0.155738569 1 0 0.705882
v 0.0507128797 -0.0161852341 -0.157424347 0.313725 0.313725 1
v 0.0504243715 -0.0161771886 -0.159105884 0.313725 0.313725 1
v 0.0501285704 -0.0161700941 -0.160786135 0.313725 0.313725 1
v 0.0498212933 -0.0161649679 -0.162464353 0.313725 0.313725 1
v 0.049490542 -0.0161675198 -0.164138024 0.313725 0.313725 1
v 0.049139463 -0.0161692332 -0.165807603 0.313725 0.313725 1
v 0.048787393 -0.0161644526 -0.16747698 0.705882 0.470588 0.156863
v 0.0484345988 -0.0161615141 -0.169146212 0.705882 0.470588 0.156863
v 0.0480745675 -0.0161574563 -0.170813896 0.705882 0.470588 0.156863
v 0.0477105961 -0.0161664254 -0.17248071 0.705882 0.470588 0.156863
v 0.0473306333 -0.0161686056 -0.174143968 0.705882 0.470588 0.156863
v 0.046946678 -0.0161560078 -0.175806264 0.705882 0.470588 0.156863
v 0.0465443758 -0.0161529219 -0.177464218 0.705882 0.470588 0.156863
v 0.0461365275 -0.0161634225 -0.179120842 0.705882 0.470588 0.156863
v 0.0457288203 -0.0161674737 -0.180777505 0.470588 0.470588 0.470588
v 0.0453239163 -0.0161673341 -0.182434872 0.470588 0.470588 0.470588
v 0.0449251975 -0.0161677634 -0.184093731 0.470588 0.470588 0.470588
v 0.0445331739 -0.0161676187 -0.18575418 0.470588 0.470588 0.470588
v 0.0441513819 -0.0161581018 -0.187417008 0.470588 0.470588 0.470588
l 1 2
l 2 3
l 3 4
l 4 5
l 5 6
l 6 7
l 7 8
l 8 9
l 9 10
l 10 11
l 11 12
l 12 13
l 13 14
l 14 15
l 15 16
l 16 17
l 17 18
l 18 19
l 19 20
l 20 21
l 21 22
l 22 23
l 23 24
l 24 25
l 25 26
l 26 27
l 27 28
l 28 29
l 29 30
l 30 31
l 31 32
l 32 33
l 33 34
l 34 35
l 35 36
l 36 37
l 37 38
l 38 39
l 39 40
l 40 41
l 41 42
l 42 43
l 43 44
l 44 45
l 45 46
l 46 47
l 47 48
l 48 49
l 49 50
l 50 51
l 51 52
l 52 53
l 53 54
l 54 55
l 55 56
l 56 57
l 57 58
l 58 59
l 59 60
l 60 61
l 61 62
l 62 63
l 63 64
l 64 65
l 65 66
l 66 67
l 67 68
l 68 69
l 69 70
l 70 71
l 71 72
l 72 73
l 73 74
l 74 75
l 75 76
l 76 77
l 77 78
l 78 79
l 79 80
l 80 81
l 81 82
l 82 83
l 83 84
l 84 85
l 85 86
l 86 87
l 87 88
l 88 89
l 89 90
l 90 91
l 91 92
l 92 93
l 93 94
l 94 95
l 95 96
l 96 97
l 97 98
l 98 99
l 99 100
l 100 101
l 101 102
l 102 103
l 103 104
l 104 105
l 105 106
l 106 107
l 107 108
l 108 109
l 110 111
l 111 112
l 112 113
l 113 114
l 114 115
l 115 116
l 116 117
l 117 118
l 118 119
l 119 120
l 120 121
l 121 122
l 122 123
l 123 124
l 124 125
l 125 126
l 126 127
l 127 128
l 128 129
l 129 130
l 130 131
l 131 132
l 132 133
l 133 134
l 134 135
l 135 136
l 136 137
l 137 138
l 138 139
l 139 140
l 140 141
l 141 142
l 142 143
l 143 144
l 144 145
l 145 146
l 146 147
l 147 148
l 148 149
l 149 150
l 150 151
l 151 152
l 152 153
l 153 154
l 154 155
l 155 156
l 156 157
l 157 158
l 158 159
l 159 160
l 160 161
l 161 162
l 162 163
l 163 164
l 164 165
l 165 166
l 166 167
l 167 168
l 168 169
l 169 170
l 170 171
l 171 172
l 172 173
l 173 174
l 174 175
l 175 176
l 176 177
l 177 178
l 178 179
l 179 180
l 180 181
l 181 182
l 182 183
l 183 184
l 184 185
l 185 186
l 186 187
l 187 188
l 188 189
l 189 190
l 190 191
l 191 192
l 192 193
l 193 194
l 194 195
l 195 196
l 196 197
l 197 198
l 198 199
l 199 200
l 200 201
l 201 202
l 202 203
l 203 204
l 204 205
l 205 206
l 206 207
l 207 208
l 208 209
l 209 210
l 210 211
l 211 212
l 212 213
l 213 214
l 214 215
l 215 216
l 216 217
l 217 218
l 218 219
l 219 220
l 220 221
l 221 222
l 222 223
l 223 224
l 224 225
l 225 226
l 227 228
l 228 229
l 229 230
l 230 231
l 231 232
l 232 233
l 233 234
l 234 235
l 235 236
l 236 237
l 237 238
l 238 239
l 239 240
l 240 241
l 241 242
l 242 243
l 243 244
l 244 245
l 245 246
l 246 247
l 247 248
l 248 249
l 249 250
l 250 251
l 251 252
l 252 253
l 253 254
l 254 255
l 255 256
l 256 257
l 257 258
l 258 259
l 259 260
l 260 261
l 261 262
l 262 263
l 263 264
l 264 265
l 265 266
l 266 267
l 267 268
l 268 269
l 269 270
l 270 271
l 271 272
l 272 273
l 273 274
l 274 275
l 275 276
l 276 277
l 277 278
l 278 279
l 279 280
l 280 281
l 281 282
l 282 283
l 283 284
l 284 285
l 285 286
l 286 287
l 287 288
l 288 289
l 289 290
l 290 291
l 291 292
l 292 293
l 293 294
l 294 295
l 295 296
l 296 297
l 297 298
l 298 299
l 299 300
l 300 301
l 301 302
l 302 303
l 303 304
l 304 305
l 305 306
l 306 307
l 307 308
l 308 309
l 309 310
l 310 311
l 311 312
l 312 313
l 313 314
l 314 315
l 315 316
l 316 317
l 317 318
l 318 319
l 319 320
l 320 321
l 321 322
l 322 323
l 323 324
l 324 325
l 325 326
l 326 327
l 327 328
l 328 329
l 329 330
l 330 331
l 331 332
l 332 333
l 333 334
l 334 335
l 335 336
l 336 337
l 337 338
l 338 339
l 339 340
l 340 341
l 341 342
l 342 343
l 343 344
l 344 345
l 345 346
l 346 347
l 348 349
l 349 350
l 350 351
l 351 352
l 352 353
l 353 354
l 354 355
l 355 356
l 356 357
l 357 358
l 358 359
l 359 360
l 360 361
l 361 362
l 362 363
l 363 364
l 364 365
l 365 366
l 366 367
l 367 368
l 368 369
l 369 370
l 370 371
l 371 372
l 372 373
l 373 374
l 374 375
l 375 376
l 376 377
l 377 378
l 378 379
l 379 380
l 380 381
l 381 382
l 382 383
l 383 384
l 384 385
l 385 386
l 386 387
l 387 388
l 388 389
l 389 390
l 390 391
l 391 392
l 392 393
l 393 394
l 394 395
l 395 396
l 396 397
l 397 398
l 398 399
l 399 400
l 400 401
l 401 402
l 402 403
l 403 404
l 404 405
l 405 406
l 406 407
l 407 408
l 408 409
l 409 410
l 410 411
l 411 412
l 412 413
l 413 414
l 414 415
l 415 416
l 416 417
l 417 418
l 418 419
l 419 420
l 420 421
l 421 422
l 422 423
l 423 424
l 424 425
l 425 426
l 426 427
l 427 428
l 428 429
l 429 430
l 430 431
l 431 432
l 432 433
l 433 434
l 434 435
l 435 436
l 436 437
l 437 438
l 438 439
l 439 440
l 440 441
l 441 442
l 442 443
l 443 444
l 444 445
l 445 446
l 446 447
l 447 448
l 448 449
l 449 450
l 450 451
l 451 452
l 452 453
l 453 454
l 454 455
l 455 456
l 456 457
l 457 458
l 458 459
l 459 460
l 460 461
l 461 462
l 462 463
l 463 464
l 464 465
l 465 466
l 466 467
l 467 468
l 468 469
l 469 470
l 471 472
l 472 473
l 473 474
l 474 475
l 475 476
l 476 477
l 477 478
l 478 479
l 479 480
l 480 481
l 481 482
l 482 483
l 483 484
l 484 485
l 485 486
l 486 487
l 487 488
l 488 489
l 489 490
l 490 491
l 491 492
l 492 493
l 493 494
l 494 495
l 495 496
l 496 497
l 497 498
l 498 499
l 499 500
l 500 501
l 501 502
l 502 503
l 503 504
l 504 505
l 505 506
l 506 507
l 507 508
l 508 509
l 509 510
l 510 511
l 511 512
l 512 513
l 513 514
l 514 515
l 515 516
l 516 517
l 517 518
l 518 519
l 519 520
l 520 521
l 521 522
l 522 523
l 523 524
l 524 525
l 525 526
l 526 527
l 527 528
l 528 529
l 529 530
l 530 531
l 531 532
l 532 533
l 533 534
l 534 535
l 535 536
l 536 537
l 537 538
l 538 539
l 539 540
l 540 541
l 541 542
l 542 543
l 543 544
l 544 545
l 545 546
l 546 547
l 547 548
l 548 549
l 549 550
l 550 551
l 551 552
l 552 553
l 553 554
l 554 555
l 555 556
l 556 557
l 557 558
l 558 559
l 559 560
l 560 561
l 561 562
l 562 563
l 563 564
l 564 565
l 565 566
l 566 567
l 567 568
l 568 569
l 569 570
l 570 571
l 571 572
l 572 573
l 573 574
l 574 575
l 575 576
l 576 577
l 577 578
l 578 579
l 579 580
l 580 581
l 581 582
l 582 583
l 583 584
l 584 585
l 585 586
l 586 587
l 587 588
l 588 589
l 589 590
l 590 591
l 591 592
l 592 593
l 593 594
l 594 595
l 596 597
l 597 598
l 598 599
l 599 600
l 600 601
l 601 602
l 602 603
l 603 604
l 604 605
l 605 606
l 606 607
l 607 608
l 608 609
l 609 610
l 610 611
l 611 612
l 612 613
l 613 614
l 614 615
l 615 616
l 616 617
l 617 618
l 618 619
l 619 620
l 620 621
l 621 622
l 622 623
l 623 624
l 624 625
l 625 626
l 626 627
l 627 628
l 628 629
l 629 630
l 630 631
l 631 632
l 632 633
l 633 634
l 634 635
l 635 636
l 636 637
l 637 638
l 638 639
l 639 640
l 640 641
l 641 642
l 642 643
l 643 644
l 644 645
l 645 646
l 646 647
l 647 648
l 648 649
l 649 650
l 650 651
l 651 652
l 652 653
l 653 654
l 654 655
l 655 656
l 656 657
l 657 658
l 658 659
l 659 660
l 660 661
l 661 662
l 662 663
l 663 664
l 664 665
l 665 666
l 666 667
l 667 668
l 668 669
l 669 670
l 670 671
l 671 672
l 672 673
l 673 674
l 674 675
l 675 676
l 676 677
l 677 678
l 678 679
l 679 680
l 680 681
l 681 682
l 682 683
l 683 684
l 684 685
l 685 686
l 686 687
l 687 688
l 688 689
l 689 690
l 690 691
l 691 692
l 692 693
l 693 694
l 694 695
l 695 696
l 696 697
l 697 698
l 698 699
l 699 700
l 700 701
l 701 702
l 702 703
l 703 704
l 704 705
l 705 706
l 706 707
l 707 708
l 708 709
l 709 710
l 710 711
l 711 712
l 712 713
l 713 714
l 714 715
l 715 716
l 716 717
l 717 718
l 718 719
l 719 720
l 721 722
l 722 723
l 723 724
l 724 725
l 725 726
l 726 727
l 727 728
l 728 729
l 729 730
l 730 731
l 731 732
l 732 733
l 733 734
l 734 735
l 735 736
l 736 737
l 737 738
l 738 739
l 739 740
l 740 741
l 741 742
l 742 743
l 743 744
l 744 745
l 745 746
l 746 747
l 747 748
l 748 749
l 749 750
l 750 751
l 751 752
l 752 753
l 753 754
l 754 755
l 755 756
l 756 757
l 757 758
l 758 759
l 759 760
l 760 761
l 761 762
l 762 763
l 763 764
l 764 765
l 765 766
l 766 767
l 767 768
l 768 769
l 769 770
l 770 771
l 771 772
l 772 773
l 773 774
l 774 775
l 775 776
l 776 777
l 777 778
l 778 779
l 779 780
l 780 781
l 781 782
l 782 783
l 783 784
l 784 785
l 785 786
l 786 787
l 787 788
l 788 789
l 789 790
l 790 791
l 791 792
l 792 793
l 793 794
l 794 795
l 795 796
l 796 797
l 797 798
l 798 799
l 799 800
l 800 801
l 801 802
l 802 803
l 803 804
l 804 805
l 805 806
l 806 807
l 807 808
l 808 809
l 809 810
l 810 811
l 811 812
l 812 813
l 813 814
l 814 815
l 815 816
l 816 817
l 817 818
l 818 819
l 819 820
l 820 821
l 821 822
l 822 823
l 823 824
l 824 825
l 825 826
l 826 827
l 827 828
l 828 829
l 829 830
l 830 831
l 831 832
l 832 833
l 833 834
l 834 835
l 835 836
l 836 837
l 837 838
l 838 839
l 839 840
l 840 841
l 841 842
l 842 843
l 843 844
l 844 845
l 846 847
l 847 848
l 848 849
l 849 850
l 850 851
l 851 852
l 852 853
l 853 854
l 854 855
l 855 856
l 856 857
l 857 858
l 858 859
l 859 860
l 860 861
l 861 862
l 862 863
l 863 864
l 864 865
l 865 866
l 866 867
l 867 868
l 868 869
l 869 870
l 870 871
l 871 872
l 872 873
l 873 874
l 874 875
l 875 876
l 876 877
l 877 878
l 878 879
l 879 880
l 880 881
l 881 882
l 882 883
l 883 884
l 884 885
l 885 886
l 886 887
l 887 888
l 888 889
l 889 890
l 890 891
l 891 892
l 892 893
l 893 894
l 894 895
l 895 896
l 896 897
l 897 898
l 898 899
l 899 900
l 900 901
l 901 902
l 902 903
l 903 904
l 904 905
l 905 906
l 906 907
l 907 908
l 908 909
l 909 910
l 910 911
l 911 912
l 912 913
l 913 914
l 914 915
l 915 916
l 916 917
l 917 918
l 918 919
l 919 920
l 920 921
l 921 922
l 922 923
l 923 924
l 924 925
l 925 926
l 926 927
l 927 928
l 928 929
l 929 930
l 930 931
l 931 932
l 932 933
l 933 934
l 934 935
l 935 936
l 936 937
l 937 938
l 938 939
l 939 940
l 940 941
l 941 942
l 942 943
l 943 944
l 944 945
l 945 946
l 946 947
l 947 948
l 948 949
l 949 950
l 950 951
l 951 952
l 952 953
l 953 954
l 954 955
l 955 956
l 956 957
l 957 958
l 958 959
l 959 960
l 960 961
l 961 962
l 962 963
l 963 964
l 964 965
l 965 966
l 966 967
l 967 968
l 968 969
l 969 970
l 971 972
l 972 973
l 973 974
l 974 975
l 975 976
l 976 977
l 977 978
l 978 979
l 979 980
l 980 981
l 981 982
l 982 983
l 983 984
l 984 985
l 985 986
l 986 987
l 987 988
l 988 989
l 989 990
l 990 991
l 991 992
l 992 993
l 993 994
l 994 995
l 995 996
l 996 997
l 997 998
l 998 999
l 999 1000
l 1000 1001
l 1001 1002
l 1002 1003
l 1003 1004
l 1004 1005
l 1005 1006
l 1006 1007
l 1007 1008
l 1008 1009
l 1009 1010
l 1010 1011
l 1011 1012
l 1012 1013
l 1013 1014
l 1014 1015
l 1015 1016
l 1016 1017
l 1017 1018
l 1018 1019
l 1019 1020
l 1020 1021
l 1021 1022
l 1022 1023
l 1023 1024
l 1024 1025
l 1025 1026
l 1026 1027
l 1027 1028
l 1028 1029
l 1029 1030
l 1030 1031
l 1031 1032
l 1032 1033
l 1033 1034
l 1034 1035
l 1035 1036
l 1036 1037
l 1037 1038
l 1038 1039
l 1039 1040
l 1040 1041
l 1041 1042
l 1042 1043
l 1043 1044
l 1044 1045
l 1045 1046
l 1046 1047
l 1047 1048
l 1048 1049
l 1049 1050
l 1050 1051
l 1051 1052
l 1052 1053
l 1053 1054
l 1054 1055
l 1055 1056
l 1056 1057
l 1057 1058
l 1058 1059
l 1059 1060
l 1060 1061
l 1061 1062
l 1062 1063
l 1063 1064
l 1064 1065
l 1065 1066
l 1066 1067
l 1067 1068
l 1068 1069
l 1069 1070
l 1070 1071
l 1071 1072
l 1072 1073
l 1073 1074
l 1074 1075
l 1075 1076
l 1076 1077
l 1077 1078
l 1078 1079
l 1079 1080
l 1080 1081
l 1081 1082
l 1082 1083
l 1083 1084
l 1084 1085
l 1085 1086
l 1086 1087
l 1087 1088
l 1088 1089
l 1089 1090
l 1090 1091
l 1091 1092
l 1092 1093
l 1093 1094
l 1094 1095
l 1096 1097
l 1097 1098
l 1098 1099
l 1099 1100
l 1100 1101
l 1101 1102
l 1102 1103
l 1103 1104
l 1104 1105
l 1105 1106
l 1106 1107
l 1107 1108
l 1108 1109
l 1109 1110
l 1110 1111
l 1111 1112
l 1112 1113
l 1113 1114
l 1114 1115
l 1115 1116
l 1116 1117
l 1117 1118
l 1118 1119
l 1119 1120
l 1120 1121
l 1121 1122
l 1122 1123
l 1123 1124
l 1124 1125
l 1125 1126
l 1126 1127
l 1127 1128
l 1128 1129
l 1129 1130
l 1130 1131
l 1131 1132
l 1132 1133
l 1133 1134
l 1134 1135
l 1135 1136
l 1136 1137
l 1137 1138
l 1138 1139
l 1139 1140
l 1140 1141
l 1141 1142
l 1142 1143
l 1143 1144
l 1144 1145
l 1145 1146
l 1146 1147
l 1147 1148
l 1148 1149
l 1149 1150
l 1150 1151
l 1151 1152
l 1152 1153
l 1153 1154
l 1154 1155
l 1155 1156
l 1156 1157
l 1157 1158
l 1158 1159
l 1159 1160
l 1160 1161
l 1161 1162
l 1162 1163
l 1163 1164
l 1164 1165
l 1165 1166
l 1166 1167
l 1167 1168
l 1168 1169
l 1169 1170
l 1170 1171
l 1171 1172
l 1172 1173
l 1173 1174
l 1174 1175
l 1175 1176
l 1176 1177
l 1177 1178
l 1178 1179
l 1179 1180
l 1180 1181
l 1181 1182
l 1182 1183
l 1183 1184
l 1184 1185
l 1185 1186
l 1186 1187
l 1187 1188
l 1188 1189
l 1189 1190
l 1190 1191
l 1191 1192
l 1192 1193
l 1193 1194
l 1194 1195
l 1195 1196
l 1196 1197
l 1197 1198
l 1198 1199
l 1199 1200
l 1200 1201
l 1201 1202
l 1202 1203
l 1203 1204
l 1204 1205
l 1205 1206
l 1206 1207
l 1207 1208
l 1208 1209
l 1209 1210
l 1210 1211
l 1211 1212
l 1212 1213
l 1213 1214
l 1214 1215
l 1215 1216
l 1216 1217
l 1217 1218
l 1218 1219
l 1219 1220
l 1221 1222
l 1222 1223
l 1223 1224
l 1224 1225
l 1225 1226
l 1226 1227
l 1227 1228
l 1228 1229
l 1229 1230
l 1230 1231
l 1231 1232
l 1232 1233
l 1233 1234
l 1234 1235
l 1235 1236
l 1236 1237
l 1237 1238
l 1238 1239
l 1239 1240
l 1240 1241
l 1241 1242
l 1242 1243
l 1243 1244
l 1244 1245
l 1245 1246
l 1246 1247
l 1247 1248
l 1248 1249
l 1249 1250
l 1250 1251
l 1251 1252
l 1252 1253
l 1253 1254
l 1254 1255
l 1255 1256
l 1256 1257
l 1257 1258
l 1258 1259
l 1259 1260
l 1260 1261
l 1261 1262
l 1262 1263
l 1263 1264
l 1264 1265
l 1265 1266
l 1266 1267
l 1267 1268
l 1268 1269
l 1269 1270
l 1270 1271
l 1271 1272
l 1272 1273
l 1273 1274
l 1274 1275
l 1275 1276
l 1276 1277
l 1277 1278
l 1278 1279
l 1279 1280
l 1280 1281
l 1281 1282
l 1282 1283
l 1283 1284
l 1284 1285
l 1285 1286
l 1286 1287
l 1287 1288
l 1288 1289
l 1289 1290
l 1290 1291
l 1291 1292
l 1292 1293
l 1293 1294
l 1294 1295
l 1295 1296
l 1296 1297
l 1297 1298
l 1298 1299
l 1299 1300
l 1300 1301
l 1301 1302
l 1302 1303
l 1303 1304
l 1304 1305
l 1305 1306
l 1306 1307
l 1307 1308
l 1308 1309
l 1309 1310
l 1310 1311
l 1311 1312
l 1312 1313
l 1313 1314
l 1314 1315
l 1315 1316
l 1316 1317
l 1317 1318
l 1318 1319
l 1319 1320
l 1320 1321
l 1321 1322
l 1322 1323
l 1323 1324
l 1324 1325
l 1325 1326
l 1326 1327
l 1327 1328
l 1328 1329
l 1329 1330
l 1330 1331
l 1331 1332
l 1332 1333
l 1333 1334
l 1334 1335
l 1335 1336
l 1336 1337
l 1337 1338
l 1338 1339
l 1339 1340
l 1340 1341
l 1341 1342
l 1342 1343
l 1343 1344
l 1344 1345
l 1346 1347
l 1347 1348
l 1348 1349
l 1349 1350
l 1350 1351
l 1351 1352
l 1352 1353
l 1353 1354
l 1354 1355
l 1355 1356
l 1356 1357
l 1357 1358
l 1358 1359
l 1359 1360
l 1360 1361
l 1361 1362
l 1362 1363
l 1363 1364
l 1364 1365
l 1365 1366
l 1366 1367
l 1367 1368
l 1368 1369
l 1369 1370
l 1370 1371
l 1371 1372
l 1372 1373
l 1373 1374
l 1374 1375
l 1375 1376
l 1376 1377
l 1377 1378
l 1378 1379
l 1379 1380
l 1380 1381
l 1381 1382
l 1382 1383
l 1383 1384
l 1384 1385
l 1385 1386
l 1386 1387
l 1387 1388
l 1388 1389
l 1389 1390
l 1390 1391
l 1391 1392
l 1392 1393
l 1393 1394
l 1394 1395
l 1395 1396
l 1396 1397
l 1397 1398
l 1398 1399
l 1399 1400
l 1400 1401
l 1401 1402
l 1402 1403
l 1403 1404
l 1404 1405
l 1405 1406
l 1406 1407
l 1407 1408
l 1408 1409
l 1409 1410
l 1410 1411
l 1411 1412
l 1412 1413
l 1413 1414
l 1414 1415
l 1415 1416
l 1416 1417
l 1417 1418
l 1418 1419
l 1419 1420
l 1420 1421
l 1421 1422
l 1422 1423
l 1423 1424
l 1424 1425
l 1425 1426
l 1426 1427
l 1427 1428
l 1428 1429
l 1429 1430
l 1430 1431
l 1431 1432
l 1432 1433
l 1433 1434
l 1434 1435
l 1435 1436
l 1436 1437
l 1437 1438
l 1438 1439
l 1439 1440
l 1440 1441
l 1441 1442
l 1442 1443
l 1443 1444
l 1444 1445
l 1445 1446
l 1446 1447
l 1447 1448
l 1448 1449
l 1449 1450
l 1450 1451
l 1451 1452
l 1452 1453
l 1453 1454
l 1454 1455
l 1455 1456
l 1456 1457
l 1457 1458
l 1458 1459
l 1459 1460
l 1460 1461
l 1461 1462
l 1462 1463
l 1463 1464
l 1464 1465
l 1465 1466
l 1466 1467
l 1467 1468
l 1468 1469
l 1469 1470
l 1471 1472
l 1472 1473
l 1473 1474
l 1474 1475
l 1475 1476
l 1476 1477
l 1477 1478
l 1478 1479
l 1479 1480
l 1480 1481
l 1481 1482
l 1482 1483
l 1483 1484
l 1484 1485
l 1485 1486
l 1486 1487
l 1487 1488
l 1488 1489
l 1489 1490
l 1490 1491
l 1491 1492
l 1492 1493
l 1493 1494
l 1494 1495
l 1495 1496
l 1496 1497
l 1497 1498
l 1498 1499
l 1499 1500
l 1500 1501
l 1501 1502
l 1502 1503
l 1503 1504
l 1504 1505
l 1505 1506
l 1506 1507
l 1507 1508
l 1508 1509
l 1509 1510
l 1510 1511
l 1511 1512
l 1512 1513
l 1513 1514
l 1514 1515
l 1515 1516
l 1516 1517
l 1517 1518
l 1518 1519
l 1519 1520
l 1520 1521
l 1521 1522
l 1522 1523
l 1523 1524
l 1524 1525
l 1525 1526
l 1526 1527
l 1527 1528
l 1528 1529
l 1529 1530
l 1530 1531
l 1531 1532
l 1532 1533
l 1533 1534
l 1534 1535
l 1535 1536
l 1536 1537
l 1537 1538
l 1538 1539
l 1539 1540
l 1540 1541
l 1541 1542
l 1542 1543
l 1543 1544
l 1544 1545
l 1545 1546
l 1546 1547
l 1547 1548
l 1548 1549
l 1549 1550
l 1550 1551
l 1551 1552
l 1552 1553
l 1553 1554
l 1554 1555
l 1555 1556
l 1556 1557
l 1557 1558
l 1558 1559
l 1559 1560
l 1560 1561
l 1561 1562
l 1562 1563
l 1563 1564
l 1564 1565
l 1565 1566
l 1566 1567
l 1567 1568
l 1568 1569
l 1569 1570
l 1570 1571
l 1571 1572
l 1572 1573
l 1573 1574
l 1574 1575
l 1575 1576
l 1576 1577
l 1577 1578
l 1578 1579
l 1579 1580
l 1580 1581
l 1581 1582
l 1582 1583
l 1583 1584
l 1584 1585
l 1585 1586
l 1586 1587
l 1587 1588
l 1588 1589
l 1589 1590
l 1590 1591
l 1591 1592
l 1592 1593
l 1593 1594
l 1594 1595
l 1596 1597
l 1597 1598
l 1598 1599
l 1599 1600
l 1600 1601
l 1601 1602
l 1602 1603
l 1603 1604
l 1604 1605
l 1605 1606
l 1606 1607
l 1607 1608
l 1608 1609
l 1609 1610
l 1610 1611
l 1611 1612
l 1612 1613
l 1613 1614
l 1614 1615
l 1615 1616
l 1616 1617
l 1617 1618
l 1618 1619
l 1619 1620
l 1620 1621
l 1621 1622
l 1622 1623
l 1623 1624
l 1624 1625
l 1625 1626
l 1626 1627
l 1627 1628
l 1628 1629
l 1629 1630
l 1630 1631
l 1631 1632
l 1632 1633
l 1633 1634
l 1634 1635
l 1635 1636
l 1636 1637
l 1637 1638
l 1638 1639
l 1639 1640
l 1640 1641
l 1641 1642
l 1642 1643
l 1643 1644
l 1644 1645
l 1645 1646
l 1646 1647
l 1647 1648
l 1648 1649
l 1649 1650
l 1650 1651
l 1651 1652
l 1652 1653
l 1653 1654
l 1654 1655
l 1655 1656
l 1656 1657
l 1657 1658
l 1658 1659
l 1659 1660
l 1660 1661
l 1661 1662
l 1662 1663
l 1663 1664
l 1664 1665
l 1665 1666
l 1666 1667
l 1667 1668
l 1668 1669
l 1669 1670
l 1670 1671
l 1671 1672
l 1672 1673
l 1673 1674
l 1674 1675
l 1675 1676
l 1676 1677
l 1677 1678
l 1678 1679
l 1679 1680
l 1680 1681
l 1681 1682
l 1682 1683
l 1683 1684
l 1684 1685
l 1685 1686
l 1686 1687
l 1687 1688
l 1688 1689
l 1689 1690
l 1690 1691
l 1691 1692
l 1692 1693
l 1693 1694
l 1694 1695
l 1695 1696
l 1696 1697
l 1697 1698
l 1698 1699
l 1699 1700
l 1700 1701
l 1701 1702
l 1702 1703
l 1703 1704
l 1704 1705
l 1705 1706
l 1706 1707
l 1707 1708
l 1708 1709
l 1709 1710
l 1710 1711
l 1711 1712
l 1712 1713
l 1713 1714
l 1714 1715
l 1715 1716
l 1716 1717
l 1717 1718
l 1718 1719
l 1719 1720
l 1721 1722
l 1722 1723
l 1723 1724
l 1724 1725
l 1725 1726
l 1726 1727
l 1727 1728
l 1728 1729
l 1729 1730
l 1730 1731
l 1731 1732
l 1732 1733
l 1733 1734
l 1734 1735
l 1735 1736
l 1736 1737
l 1737 1738
l 1738 1739
l 1739 1740
l 1740 1741
l 1741 1742
l 1742 1743
l 1743 1744
l 1744 1745
l 1745 1746
l 1746 1747
l 1747 1748
l 1748 1749
l 1749 1750
l 1750 1751
l 1751 1752
l 1752 1753
l 1753 1754
l 1754 1755
l 1755 1756
l 1756 1757
l 1757 1758
l 1758 1759
l 1759 1760
l 1760 1761
l 1761 1762
l 1762 1763
l 1763 1764
l 1764 1765
l 1765 1766
l 1766 1767
l 1767 1768
l 1768 1769
l 1769 1770
l 1770 1771
l 1771 1772
l 1772 1773
l 1773 1774
l 1774 1775
l 1775 1776
l 1776 1777
l 1777 1778
l 1778 1779
l 1779 1780
l 1780 1781
l 1781 1782
l 1782 1783
l 1783 1784
l 1784 1785
l 1785 1786
l 1786 1787
l 1787 1788
l 1788 1789
l 1789 1790
l 1790 1791
l 1791 1792
l 1792 1793
l 1793 1794
l 1794 1795
l 1795 1796
l 1796 1797
l 1797 1798
l 1798 1799
l 1799 1800
l 1800 1801
l 1801 1802
l 1802 1803
l 1803 1804
l 1804 1805
l 1805 1806
l 1806 1807
l 1807 1808
l 1808 1809
l 1809 1810
l 1810 1811
l 1811 1812
l 1812 1813
l 1813 1814
l 1814 1815
l 1815 1816
l 1816 1817
l 1817 1818
l 1818 1819
l 1819 1820
l 1820 1821
l 1821 1822
l 1822 1823
l 1823 1824
l 1824 1825
l 1825 1826
l 1826 1827
l 1827 1828
l 1828 1829
l 1829 1830
l 1830 1831
l 1831 1832
l 1832 1833
l 1833 1834
l 1834 1835
l 1835 1836
l 1836 1837
l 1837 1838
l 1838 1839
l 1839 1840
l 1840 1841
l 1841 1842
l 1842 1843
l 1843 1844
l 1844 1845
l 1846 1847
l 1847 1848
l 1848 1849
l 1849 1850
l 1850 1851
l 1851 1852
l 1852 1853
l 1853 1854
l 1854 1855
l 1855 1856
l 1856 1857
l 1857 1858
l 1858 1859
l 1859 1860
l 1860 1861
l 1861 1862
l 1862 1863
l 1863 1864
l 1864 1865
l 1865 1866
l 1866 1867
l 1867 1868
l 1868 1869
l 1869 1870
l 1870 1871
l 1871 1872
l 1872 1873
l 1873 1874
l 1874 1875
l 1875 1876
l 1876 1877
l 1877 1878
l 1878 1879
l 1879 1880
l 1880 1881
l 1881 1882
l 1882 1883
l 1883 1884
l 1884 1885
l 1885 1886
l 1886 1887
l 1887 1888
l 1888 1889
l 1889 1890
l 1890 1891
l 1891 1892
l 1892 1893
l 1893 1894
l 1894 1895
l 1895 1896
l 1896 1897
l 1897 1898
l 1898 1899
l 1899 1900
l 1900 1901
l 1901 1902
l 1902 1903
l 1903 1904
l 1904 1905
l 1905 1906
l 1906 1907
l 1907 1908
l 1908 1909
l 1909 1910
l 1910 1911
l 1911 1912
l 1912 1913
l 1913 1914
l 1914 1915
l 1915 1916
l 1916 1917
l 1917 1918
l 1918 1919
l 1919 1920
l 1920 1921
l 1921 1922
l 1922 1923
l 1923 1924
l 1924 1925
l 1925 1926
l 1926 1927
l 1927 1928
l 1928 1929
l 1929 1930
l 1930 1931
l 1931 1932
l 1932 1933
l 1933 1934
l 1934 1935
l 1935 1936
l 1936 1937
l 1937 1938
l 1938 1939
l 1939 1940
l 1940 1941
l 1941 1942
l 1942 1943
l 1943 1944
l 1944 1945
l 1945 1946
l 1946 1947
l 1947 1948
l 1948 1949
l 1949 1950
l 1950 1951
l 1951 1952
l 1952 1953
l 1953 1954
l 1954 1955
l 1955 1956
l 1956 1957
l 1957 1958
l 1958 1959
l 1959 1960
l 1960 1961
l 1961 1962
l 1962 1963
l 1963 1964
l 1964 1965
l 1965 1966
l 1966 1967
l 1967 1968
l 1969 1970
l 1970 1971
l 1971 1972
l 1972 1973
l 1973 1974
l 1974 1975
l 1975 1976
l 1976 1977
l 1977 1978
l 1978 1979
l 1979 1980
l 1980 1981
l 1981 1982
l 1982 1983
l 1983 1984
l 1984 1985
l 1985 1986
l 1986 1987
l 1987 1988
l 1988 1989
l 1989 1990
l 1990 1991
l 1991 1992
l 1992 1993
l 1993 1994
l 1994 1995
l 1995 1996
l 1996 1997
l 1997 1998
l 1998 1999
l 1999 2000
l 2000 2001
l 2001 2002
l 2002 2003
l 2003 2004
l 2004 2005
l 2005 2006
l 2006 2007
l 2007 2008
l 2008 2009
l 2009 2010
l 2010 2011
l 2011 2012
l 2012 2013
l 2013 2014
l 2014 2015
l 2015 2016
l 2016 2017
l 2017 2018
l 2018 2019
l 2019 2020
l 2020 2021
l 2021 2022
l 2022 2023
l 2023 2024
l 2024 2025
l 2025 2026
l 2026 2027
l 2027 2028
l 2028 2029
l 2029 2030
l 2030 2031
l 2031 2032
l 2032 2033
l 2033 2034
l 2034 2035
l 2035 2036
l 2036 2037
l 2037 2038
l 2038 2039
l 2039 2040
l 2040 2041
l 2041 2042
l 2042 2043
l 2043 2044
l 2044 2045
l 2045 2046
l 2046 2047
l 2047 2048
l 2048 2049
l 2049 2050
l 2050 2051
l 2051 2052
l 2052 2053
l 2053 2054
l 2054 2055
l 2055 2056
l 2056 2057
l 2057 2058
l 2058 2059
l 2059 2060
l 2060 2061
l 2061 2062
l 2062 2063
l 2063 2064
l 2064 2065
l 2065 2066
l 2066 2067
l 2067 2068
l 2068 2069
l 2069 2070
l 2070 2071
l 2071 2072
l 2072 2073
l 2073 2074
l 2074 2075
l 2075 2076
l 2076 2077
l 2077 2078
l 2078 2079
l 2079 2080
l 2080 2081
l 2081 2082
l 2082 2083
l 2083 2084
l 2084 2085
l 2085 2086
l 2086 2087
l 2087 2088
l 2088 2089
l 2090 2091
l 2091 2092
l 2092 2093
l 2093 2094
l 2094 2095
l 2095 2096
l 2096 2097
l 2097 2098
l 2098 2099
l 2099 2100
l 2100 2101
l 2101 2102
l 2102 2103
l 2103 2104
l 2104 2105
l 2105 2106
l 2106 2107
l 2107 2108
l 2108 2109
l 2109 2110
l 2110 2111
l 2111 2112
l 2112 2113
l 2113 2114
l 2114 2115
l 2115 2116
l 2116 2117
l 2117 2118
l 2118 2119
l 2119 2120
l 2120 2121
l 2121 2122
l 2122 2123
l 2123 2124
l 2124 2125
l 2125 2126
l 2126 2127
l 2127 2128
l 2128 2129
l 2129 2130
l 2130 2131
l 2131 2132
l 2132 2133
l 2133 2134
l 2134 2135
l 2135 2136
l 2136 2137
l 2137 2138
l 2138 2139
l 2139 2140
l 2140 2141
l 2141 2142
l 2142 2143
l 2143 2144
l 2144 2145
l 2145 2146
l 2146 2147
l 2147 2148
l 2148 2149
l 2149 2150
l 2150 2151
l 2151 2152
l 2152 2153
l 2153 2154
l 2154 2155
l 2155 2156
l 2156 2157
l 2157 2158
l 2158 2159
l 2159 2160
l 2160 2161
l 2161 2162
l 2162 2163
l 2163 2164
l 2164 2165
l 2165 2166
l 2166 2167
l 2167 2168
l 2168 2169
l 2169 2170
l 2170 2171
l 2171 2172
l 2172 2173
l 2173 2174
l 2174 2175
l 2175 2176
l 2176 2177
l 2177 2178
l 2178 2179
l 2179 2180
l 2180 2181
l 2181 2182
l 2182 2183
l 2183 2184
l 2184 2185
l 2185 2186
l 2186 2187
l 2187 2188
l 2188 2189
l 2189 2190
l 2190 2191
l 2191 2192
l 2192 2193
l 2193 2194
l 2194 2195
l 2195 2196
l 2196 2197
l 2197 2198
l 2198 2199
l 2199 2200
l 2200 2201
l 2201 2202
l 2202 2203
l 2203 2204
l 2204 2205
l 2205 2206
