v -0.0222820986 0.00566449064 0.0379101789 0 1 0
v -0.022289089 0.00726747271 0.0373283624 0 1 0
v -0.0222905485 0.0088690229 0.0367425941 0 1 0
v -0.0222954343 0.0104722402 0.0361614283 0 1 0
v -0.0222973154 0.0120750832 0.0355791986 0 1 0
v -0.0223031287 0.0136805949 0.0350044007 0 1 0
v -0.0223071321 0.015286139 0.0344296747 0 1 0
v -0.0223107109 0.016890587 0.0338518937 0 1 0
v -0.0223179415 0.0184908937 0.0332627787 0 0.501961 1
v -0.0223249887 0.0200854463 0.0326582621 0 0.501961 1
v -0.0223281623 0.0216782814 0.0320491967 0 0.501961 1
v -0.0223340878 0.0232681275 0.0314324112 0 0.501961 1
v -0.022340881 0.0248608449 0.030823094 0 0.501961 1
v -0.0223462906 0.026453451 0.0302134683 0 0.501961 1
v -0.0223489033 0.0280478859 0.0296086001 0 0.501961 1
v -0.0223572203 0.0296407414 0.0289996586 0 0.501961 1
v -0.022364294 0.0312248783 0.0283684355 1 0.784314 0
v -0.0223679245 0.032798309 0.0277109017 1 0.784314 0
v -0.0223722964 0.0343698178 0.0270487432 1 0.784314 0
v -0.0223765351 0.0359413927 0.0263867381 1 0.784314 0
v -0.0223800066 0.0375140502 0.0257273111 1 0.784314 0
v -0.0223813768 0.0390876858 0.0250702212 1 0.784314 0
v -0.0223879087 0.0406607314 0.0244117599 1 0.784314 0
v -0.0223979487 0.0422314029 0.0237477342 1 0.784314 0
v -0.0224028364 0.0437921087 0.0230605881 0.705882 0 1
v -0.0224068946 0.0453435279 0.0223526627 0.705882 0 1
v -0.0224099916 0.0468903593 0.0216347531 0.705882 0 1
v -0.0224128899 0.0484336345 0.0209092323 0.705882 0 1
v -0.0224157665 0.049965927 0.0201608268 0.705882 0 1
v -0.0224174248 0.0514860477 0.0193879837 0.705882 0 1
v -0.0224168078 0.0529973047 0.0185979235 0.705882 0 1
v -0.0224181022 0.0544977033 0.0177875092 0.705882 0 1
v -0.0224199623 0.0559774327 0.0169401349 0 0.862745 0.862745
v -0.0224202516 0.0574298818 0.0160467689 0 0.862745 0.862745
v -0.0224198925 0.0588368903 0.0150837792 0 0.862745 0.862745
v -0.0224216352 0.0601902753 0.0140467908 0 0.862745 0.862745
v -0.0224215648 0.0614966286 0.0129510072 0 0.862745 0.862745
v -0.0224211906 0.0627568383 0.0118023408 0 0.862745 0.862745
v -0.0224205849 0.0639557104 0.0105897903 0 0.862745 0.862745
v -0.0224204874 0.0650950098 0.00932109355 0 0.862745 0.862745
v -0.0224205013 0.0661725396 0.00799962367 1 0.470588 0
v -0.0224207517 0.0671734226 0.00661916903 1 0.470588 0
v -0.0224203989 0.0681194802 0.00520060195 1 0.470588 0
v -0.0224190788 0.069003239 0.00374245939 1 0.470588 0
v -0.0224205818 0.0698082606 0.00223926115 1 0.470588 0
v -0.0224217831 0.0705455447 0.000701875918 1 0.470588 0
v -0.0224218935 0.0711985566 -0.000873105822 0.470588 1 0
v -0.0224205918 0.0717811137 -0.0024756011 0.470588 1 0
v -0.0224186936 0.0722978492 -0.00410055384 0.470588 1 0
v -0.0224199764 0.0727141054 -0.00575407772 0.470588 1 0
v -0.0224208977 0.0730543073 -0.00742497021 0.470588 1 0
v -0.0224215037 0.073328735 -0.00910790986 0.470588 1 0
v -0.0224206943 0.073504453 -0.0108038997 0.470588 1 0
v -0.0224197631 0.0736081277 -0.0125059429 0.470588 1 0
v -0.0224213557 0.0736402308 -0.0142107858 1 0 0.705882
v -0.0224205872 0.0735822388 -0.0159148138 1 0 0.705882
v -0.0224218334 0.0734410015 -0.0176141297 1 0 0.705882
v -0.0224190291 0.0732149149 -0.0193040907 1 0 0.705882
v -0.022420231 0.0729039592 -0.0209806447 1 0 0.705882
v -0.0224198267 0.0725226206 -0.0226425988 1 0 0.705882
v -0.0224184088 0.0720562769 -0.0242827572 1 0 0.705882
v -0.0224197645 0.0715172933 -0.0259005002 1 0 0.705882
v -0.0224186692 0.0709113178 -0.0274942431 0.313725 0.313725 1
v -0.0224201539 0.0702182244 -0.0290521103 0.313725 0.313725 1
v -0.0224211631 0.0694548768 -0.030576877 0.313725 0.313725 1
v -0.0224207537 0.0686240044 -0.0320658949 0.313725 0.313725 1
v -0.0224215491 0.0677098679 -0.0335050841 0.313725 0.313725 1
v -0.022421503 0.0667365148 -0.0349051509 0.313725 0.313725 1
v -0.0224217861 0.0656962258 -0.0362559823 0.705882 0.470588 0.156863
v -0.0224201707 0.0645895488 -0.0375530849 0.705882 0.470588 0.156863
v -0.0224199593 0.0634243395 -0.0387978973 0.705882 0.470588 0.156863
v -0.0224182589 0.062199282 -0.0399837452 0.705882 0.470588 0.156863
v -0.0224166162 0.060919985 -0.0411110705 0.705882 0.470588 0.156863
v -0.0224167605 0.0595898952 -0.0421778942 0.705882 0.470588 0.156863
v -0.0224201666 0.0582100416 -0.0431792516 0.470588 0.470588 0.470588
v -0.0224212256 0.056782044 -0.04411096 0.470588 0.470588 0.470588
v -0.0224216372 0.0553125726 -0.044975602 0.470588 0.470588 0.470588
v -0.0224216083 0.053802474 -0.0457672964 0.470588 0.470588 0.470588
v -0.0224206766 0.052257017 -0.0464877551 0.470588 0.470588 0.470588
v -0.0224180197 0.0506782812 -0.0471318702 0.470588 0.470588 0.470588
v -0.0224184465 0.0490703362 -0.0476995345 0.470588 0.470588 0.470588
v -0.0224203425 0.0474388626 -0.0481949751 0.470588 0.470588 0.470588
v -0.0224207581 0.0457849956 -0.0486099083 1 0 0
v -0.0224197996 0.0441132723 -0.0489459406 1 0 0
v -0.0224198632 0.0424270606 -0.0491991575 1 0 0
v -0.0224202948 0.0407302677 -0.0493678564 1 0 0
v -0.0224214621 0.0390276156 -0.0494618587 1 0 0
v -0.0224208528 0.0373225461 -0.0494676733 1 0 0
v -0.0224215559 0.0356192065 -0.0493906136 1 0 0
v -0.0224213833 0.0339205637 -0.0492416577 1 0 0
v -0.0224189198 0.0322316422 -0.049008062 0 1 0
v -0.0224197845 0.0305556405 -0.0486937007 0 1 0
v -0.0224190871 0.0288967816 -0.048299749 0 1 0
v -0.0224174082 0.0272608086 -0.0478197501 0 1 0
v -0.0224209372 0.0256484314 -0.0472651752 0 1 0
v -0.0224210196 0.024064419 -0.0466339654 0 1 0
v -0.022420599 0.0225145652 -0.0459230141 0 1 0
v -0.0224203181 0.0209977311 -0.0451438944 0 1 0
v -0.0224152977 0.019519544 -0.0442941062 0 0.501961 1
v -0.0224200237 0.0180837971 -0.0433742558 0 0.501961 1
v -0.0224207427 0.0166880313 -0.0423946848 0 0.501961 1
v -0.0224212149 0.0153473213 -0.0413413341 0 0.501961 1
v -0.0224205265 0.0140589735 -0.0402243686 0 0.501961 1
v -0.0224209745 0.0128185558 -0.039054384 0 0.501961 1
v -0.0224203537 0.0116440521 -0.0378184213 0 0.501961 1
v -0.0224202725 0.0105142211 -0.0365412197 0 0.501961 1
v -0.0224205504 0.00940318673 -0.0352475043 0 0.501961 1
v -0.0203443661 0.00566281117 0.0384175437 0 1 0
v -0.0203487669 0.00726844579 0.0378251841 0 1 0
v -0.0203517478 0.00887374803 0.0372318791 0 1 0
v -0.0203539605 0.0104796722 0.0366402678 0 1 0
v -0.0203577939 0.012088219 0.0360558456 0 1 0
v -0.0203593261 0.01369407 0.0354640136 0 1 0
v -0.0203605257 0.015301632 0.0348768539 0 1 0
v -0.0203647105 0.0169083236 0.0342873341 0 1 0
v -0.0203680253 0.0185117344 0.0336889666 0 0.501961 1
v -0.020372092 0.0201095932 0.0330759492 0 0.501961 1
v -0.0203749717 0.021704379 0.0324549525 0 0.501961 1
v -0.0203750903 0.0232982388 0.0318315909 0 0.501961 1
v -0.0203791974 0.0248894794 0.0312016481 0 0.501961 1
v -0.0203818031 0.02648265 0.030576579 0 0.501961 1
v -0.0203853475 0.0280735749 0.0299457936 0 0.501961 1
v -0.0203882615 0.0296653563 0.0293171294 0 0.501961 1
v -0.0203932939 0.0312499592 0.0286706046 1 0.784314 0
v -0.0203955607 0.0328278544 0.0280078524 1 0.784314 0
v -0.0203985115 0.0344034061 0.0273395331 1 0.784314 0
v -0.0204013499 0.0359785117 0.0266701604 1 0.784314 0
v -0.0204056513 0.0375525229 0.0259982332 1 0.784314 0
v -0.0204102559 0.0391265696 0.0253263962 1 0.784314 0
v -0.0204133714 0.0406983844 0.0246493456 1 0.784314 0
v -0.0204163121 0.0422657895 0.0239621409 1 0.784314 0
v -0.0204183922 0.0438272569 0.0232615946 0.705882 0 1
v -0.0204195435 0.0453798624 0.0225415994 0.705882 0 1
v -0.0204230511 0.0469290315 0.0218142611 0.705882 0 1
v -0.0204262125 0.0484724077 0.0210747078 0.705882 0 1
v -0.0204282532 0.0500051356 0.0203133769 0.705882 0 1
v -0.0204295548 0.0515267267 0.0195299549 0.705882 0 1
v -0.0204299191 0.0530424376 0.0187352003 0.705882 0 1
v -0.0204301999 0.0545478102 0.0179211079 0.705882 0 1
v -0.0204304759 0.0560317101 0.0170686364 0 0.862745 0.862745
v -0.020431924 0.0574828649 0.0161616846 0 0.862745 0.862745
v -0.0204311429 0.0588965383 0.0151974898 0 0.862745 0.862745
v -0.020430952 0.0602552468 0.0141574572 0 0.862745 0.862745
v -0.0204316439 0.0615664693 0.0130578177 0 0.862745 0.862745
v -0.0204282853 0.0628296427 0.011903594 0 0.862745 0.862745
v -0.020429157 0.064028982 0.0106830642 0 0.862745 0.862745
v -0.0204322622 0.0651746311 0.00941183792 0 0.862745 0.862745
v -0.020431535 0.0662614639 0.00809013914 1 0.470588 0
v -0.0204318569 0.0672679487 0.00670611449 1 0.470588 0
v -0.0204311913 0.0682224256 0.00528569104 1 0.470588 0
v -0.0204317157 0.0691008473 0.00381722298 1 0.470588 0
v -0.0204317066 0.0699089837 0.00230880311 1 0.470588 0
v -0.0204318619 0.0706487096 0.000765672017 1 0.470588 0
v -0.020431592 0.0713068074 -0.000813677489 0.470588 1 0
v -0.0204322706 0.0718872781 -0.00242353248 0.470588 1 0
v -0.0204313418 0.0723986483 -0.00405656294 0.470588 1 0
v -0.0204309337 0.0728212735 -0.00571471725 0.470588 1 0
v -0.0204320419 0.0731644103 -0.00739114076 0.470588 1 0
v -0.0204314521 0.0734344332 -0.00908077205 0.470588 1 0
v -0.0204304105 0.0736200771 -0.0107817164 0.470588 1 0
v -0.0204296232 0.0737276146 -0.012489592 0.470588 1 0
v -0.0204300342 0.0737569747 -0.014200441 1 0 0.705882
v -0.0204314936 0.073698395 -0.0159105618 1 0 0.705882
v -0.0204318909 0.0735558791 -0.0176159092 1 0 0.705882
v -0.0204313075 0.0733304272 -0.0193122147 1 0 0.705882
v -0.0204304765 0.0730219256 -0.0209954312 1 0 0.705882
v -0.0204296028 0.0726452893 -0.0226647241 1 0 0.705882
v -0.0204284371 0.0721771475 -0.0243106445 1 0 0.705882
v -0.0204256602 0.0716375027 -0.0259345688 1 0 0.705882
v -0.0204307582 0.0710300198 -0.0275343133 0.313725 0.313725 1
v -0.0204310544 0.0703389711 -0.0290997328 0.313725 0.313725 1
v -0.0204313719 0.0695690569 -0.0306280546 0.313725 0.313725 1
v -0.020426587 0.0687266951 -0.0321174855 0.313725 0.313725 1
v -0.0204306096 0.0678138838 -0.0335648323 0.313725 0.313725 1
v -0.0204322136 0.0668408865 -0.0349726156 0.313725 0.313725 1
v -0.0204306283 0.0657997331 -0.0363305865 0.705882 0.470588 0.156863
v -0.0204295552 0.0646862783 -0.0376300722 0.705882 0.470588 0.156863
v -0.0204315124 0.0635223029 -0.0388845339 0.705882 0.470588 0.156863
v -0.0204313654 0.0622932948 -0.0400751992 0.705882 0.470588 0.156863
v -0.0204319912 0.0610063247 -0.0412030854 0.705882 0.470588 0.156863
v -0.0204307876 0.0596721399 -0.0422745143 0.705882 0.470588 0.156863
v -0.0204294989 0.0582847884 -0.0432761517 0.470588 0.470588 0.470588
v -0.0204301393 0.0568521344 -0.0442121013 0.470588 0.470588 0.470588
v -0.020427654 0.055379935 -0.0450844896 0.470588 0.470588 0.470588
v -0.0204309886 0.0538612534 -0.0458730753 0.470588 0.470588 0.470588
v -0.0204315721 0.0523132585 -0.0466025745 0.470588 0.470588 0.470588
v -0.0204312826 0.0507283413 -0.0472479002 0.470588 0.470588 0.470588
v -0.0204315807 0.0491138643 -0.0478151979 0.470588 0.470588 0.470588
v -0.0204295597 0.0474751207 -0.0483078212 0.470588 0.470588 0.470588
v -0.020427388 0.0458158774 -0.0487260744 1 0 0
v -0.0204303569 0.0441386025 -0.0490653507 1 0 0
v -0.0204308032 0.0424462845 -0.0493185405 1 0 0
v -0.0204318798 0.0407429332 -0.0494817121 1 0 0
v -0.0204303798 0.0390343152 -0.0495771912 1 0 0
v -0.0204321443 0.0373230682 -0.0495872435 1 0 0
v -0.0204319292 0.03561343 -0.0495122702 1 0 0
v -0.0204318007 0.03390891 -0.0493604686 1 0 0
v -0.0204318489 0.0322130358 -0.0491319787 0 1 0
v -0.0204307895 0.0305306854 -0.0488191122 0 1 0
v -0.02042901 0.0288660034 -0.0484232829 0 1 0
v -0.0204269348 0.0272245659 -0.0479403614 0 1 0
v -0.0204307408 0.0256079508 -0.0473792032 0 1 0
v -0.0204310316 0.0240197991 -0.0467420404 0 1 0
v -0.0204295947 0.0224616388 -0.0460348652 0 1 0
v -0.0204288078 0.0209402864 -0.0452514243 0 1 0
v -0.0204317038 0.0194531448 -0.0444047883 0 0.501961 1
v -0.0204319185 0.0180107402 -0.0434839095 0 0.501961 1
v -0.0204321391 0.0166160603 -0.0424922514 0 0.501961 1
v -0.0204319386 0.015269949 -0.0414359117 0 0.501961 1
v -0.0204316786 0.0139746519 -0.0403176726 0 0.501961 1
v -0.0204300872 0.0127328238 -0.0391403739 0 0.501961 1
v -0.0204283888 0.0115454981 -0.0379080944 0 0.501961 1
v -0.0204294011 0.0104129814 -0.0366250461 0 0.501961 1
v -0.0204315382 0.00930052709 -0.0353244905 0 0.501961 1
v -0.0183893596 0.00566173362 0.0388183232 0 1 0
v -0.0183930586 0.00727200077 0.0382238941 0 1 0
v -0.018393808 0.00888060457 0.0376249614 0 1 0
v -0.0183952287 0.0104905627 0.0370296998 0 1 0
v -0.018396773 0.012099719 0.0364322614 0 1 0
v -0.0183958933 0.0137099416 0.0358377276 0 1 0
v -0.0183979045 0.0153200695 0.0352429192 0 1 0
v -0.0184015236 0.0169291504 0.0346452756 0 1 0
v -0.0184037298 0.0185339708 0.0340363588 0 0.501961 1
v -0.0184045932 0.0201316467 0.033408908 0 0.501961 1
v -0.0184064959 0.0217271531 0.0327759338 0 0.501961 1
v -0.0184064297 0.0233213617 0.0321396931 0 0.501961 1
v -0.01840628 0.0249153454 0.0315028742 0 0.501961 1
v -0.0184056562 0.0265081308 0.0308630712 0 0.501961 1
v -0.0184080095 0.0281014662 0.030224649 0 0.501961 1
v -0.0184120206 0.0296918708 0.0295789508 0 0.501961 1
v -0.018415404 0.0312791628 0.0289256608 1 0.784314 0
v -0.0184182135 0.0328609254 0.0282590666 1 0.784314 0
v -0.0184210909 0.0344403848 0.0275870309 1 0.784314 0
v -0.018423761 0.0360167403 0.0269077496 1 0.784314 0
v -0.0184255825 0.0375913983 0.0262245322 1 0.784314 0
v -0.0184243492 0.0391648131 0.025538473 1 0.784314 0
v -0.0184272035 0.040734747 0.0248444795 1 0.784314 0
v -0.0184311155 0.0423016685 0.0241437181 1 0.784314 0
v -0.0184331834 0.0438633032 0.0234312486 0.705882 0 1
v -0.0184337096 0.0454186088 0.0227050742 0.705882 0 1
v -0.0184351927 0.0469680935 0.0219665647 0.705882 0 1
v -0.018437733 0.0485117329 0.0212159026 0.705882 0 1
v -0.0184387006 0.0500454572 0.0204452084 0.705882 0 1
v -0.0184400346 0.0515705031 0.0196574669 0.705882 0 1
v -0.0184407196 0.0530897682 0.0188586217 0.705882 0 1
v -0.0184413034 0.0545980906 0.0180394337 0.705882 0 1
v -0.0184410464 0.0560814697 0.0171760296 0 0.862745 0.862745
v -0.0184414292 0.0575320954 0.0162586554 0 0.862745 0.862745
v -0.0184417912 0.0589442355 0.0152831767 0 0.862745 0.862745
v -0.0184417913 0.0603106058 0.0142446787 0 0.862745 0.862745
v -0.0184417442 0.061623778 0.0131394251 0 0.862745 0.862745
v -0.0184418003 0.0628963186 0.0119877492 0 0.862745 0.862745
v -0.0184405953 0.0640962618 0.0107606026 0 0.862745 0.862745
v -0.0184378365 0.0652442275 0.00948469069 0 0.862745 0.862745
v -0.0184413679 0.0663337362 0.00815855754 1 0.470588 0
v -0.0184416342 0.0673429225 0.00677038333 1 0.470588 0
v -0.0184407052 0.0683023257 0.00534718117 1 0.470588 0
v -0.0184409709 0.0691808536 0.00387281941 1 0.470588 0
v -0.018441133 0.0699909641 0.00235973686 1 0.470588 0
v -0.0184404908 0.070737876 0.000814427973 1 0.470588 0
v -0.0184410112 0.0713961308 -0.000770399746 0.470588 1 0
v -0.0184389916 0.0719788806 -0.00238474446 0.470588 1 0
v -0.0184408451 0.0724924825 -0.00402229445 0.470588 1 0
v -0.0184392218 0.0729178441 -0.00568504712 0.470588 1 0
v -0.0184403482 0.0732674418 -0.0073654107 0.470588 1 0
v -0.0184400112 0.0735425152 -0.009059417 0.470588 1 0
v -0.0184412732 0.0737211181 -0.0107663786 0.470588 1 0
v -0.0184410755 0.0738290228 -0.0124792962 0.470588 1 0
v -0.0184410354 0.0738595329 -0.0141952307 1 0 0.705882
v -0.0184411859 0.0737934227 -0.0159102483 1 0 0.705882
v -0.0184412917 0.0736537278 -0.0176208476 1 0 0.705882
v -0.018441044 0.0734327639 -0.0193226109 1 0 0.705882
v -0.0184409779 0.0731276757 -0.0210114371 1 0 0.705882
v -0.0184406807 0.0727490506 -0.0226853601 1 0 0.705882
v -0.0184391747 0.0722815204 -0.0243366226 1 0 0.705882
v -0.0184402242 0.0717362863 -0.0259639851 1 0 0.705882
v -0.0184407715 0.0711242684 -0.02756748 0.313725 0.313725 1
v -0.0184406729 0.0704333524 -0.0291384592 0.313725 0.313725 1
v -0.0184417145 0.0696608317 -0.0306711232 0.313725 0.313725 1
v -0.0184406374 0.068816743 -0.0321654809 0.313725 0.313725 1
v -0.0184401504 0.0679048358 -0.0336194697 0.313725 0.313725 1
v -0.0184395982 0.066925791 -0.0350291604 0.313725 0.313725 1
v -0.0184409975 0.0658789777 -0.0363890848 0.705882 0.470588 0.156863
v -0.0184404806 0.0647657206 -0.0376953223 0.705882 0.470588 0.156863
v -0.0184388132 0.0635954163 -0.0389507668 0.705882 0.470588 0.156863
v -0.018440982 0.0623610983 -0.0401431639 0.705882 0.470588 0.156863
v -0.0184392877 0.0610741575 -0.0412787058 0.705882 0.470588 0.156863
v -0.0184383086 0.0597371769 -0.0423546954 0.705882 0.470588 0.156863
v -0.0184400602 0.0583436061 -0.0433563513 0.470588 0.470588 0.470588
v -0.0184404257 0.0569081131 -0.0442970105 0.470588 0.470588 0.470588
v -0.0184374305 0.0554306442 -0.0451700893 0.470588 0.470588 0.470588
v -0.0184377372 0.053906027 -0.0459583235 0.470588 0.470588 0.470588
v -0.018436662 0.0523536235 -0.0466900886 0.470588 0.470588 0.470588
v -0.018438976 0.0507655557 -0.0473407251 0.470588 0.470588 0.470588
v -0.0184414003 0.0491459549 -0.047908737 0.470588 0.470588 0.470588
v -0.0184414075 0.0475034153 -0.0484063293 0.470588 0.470588 0.470588
v -0.0184410462 0.0458387299 -0.0488234753 1 0 0
v -0.0184368555 0.0441563699 -0.0491631114 1 0 0
v -0.0184373881 0.0424588389 -0.0494144946 1 0 0
v -0.018439832 0.0407510634 -0.0495850241 1 0 0
v -0.0184377486 0.0390373661 -0.0496799519 1 0 0
v -0.0184414936 0.0373211379 -0.0496874632 1 0 0
v -0.0184416003 0.0356065234 -0.0496104727 1 0 0
v -0.018440751 0.0338966515 -0.0494632347 1 0 0
v -0.018437109 0.0321962023 -0.0492321022 0 1 0
v -0.0184403368 0.0305074314 -0.048926254 0 1 0
v -0.0184401306 0.0288361786 -0.0485366181 0 1 0
v -0.0184363647 0.0271925974 -0.0480427415 0 1 0
v -0.0184410001 0.0255740472 -0.0474719461 0 1 0
v -0.0184395634 0.0239801014 -0.0468355714 0 1 0
v -0.0184386897 0.0224154632 -0.0461302999 0 1 0
v -0.0184348475 0.0208890854 -0.0453454436 0 1 0
v -0.0184364387 0.0193987194 -0.0444942729 0 0.501961 1
v -0.0184388438 0.0179562746 -0.0435643235 0 0.501961 1
v -0.0184388368 0.0165569027 -0.0425707365 0 0.501961 1
v -0.0184386867 0.0152013729 -0.0415181354 0 0.501961 1
v -0.0184393968 0.0139065671 -0.040391682 0 0.501961 1
v -0.0184392192 0.0126596911 -0.0392123708 0 0.501961 1
v -0.0184380935 0.0114642296 -0.0379809434 0 0.501961 1
v -0.0184369278 0.0103265958 -0.0366956942 0 0.501961 1
v -0.0184417263 0.00920819032 -0.0353936073 0 0.501961 1
v -0.0164217539 0.00566066954 0.039145716 0 1 0
v -0.0164228378 0.00727316769 0.0385442858 0 1 0
v -0.0164212784 0.00888698337 0.0379464022 0 1 0
v -0.0164225355 0.0104996833 0.0373455537 0 1 0
v -0.0164249885 0.0121124182 0.0367447732 0 1 0
v -0.0164235122 0.0137260411 0.0361463814 0 1 0
v -0.0164247889 0.0153376834 0.0355426727 0 1 0
v -0.0164266379 0.0169490994 0.034938393 0 1 0
v -0.0164200996 0.0185545489 0.0343184395 0 0.501961 1
v -0.0164275734 0.0201535857 0.0336821857 0 0.501961 1
v -0.0164293335 0.0217507021 0.0330410205 0 0.501961 1
v -0.01642905 0.023345984 0.0323953092 0 0.501961 1
v -0.0164285475 0.024941877 0.031751109 0 0.501961 1
v -0.0164243281 0.026538258 0.03110813 0 0.501961 1
v -0.0164301042 0.0281336377 0.0304627034 0 0.501961 1
v -0.0164333784 0.0297281628 0.0298151348 0 0.501961 1
v -0.0164342267 0.0313173603 0.0291545927 1 0.784314 0
v -0.0164351487 0.0329005224 0.0284797153 1 0.784314 0
v -0.0164364771 0.0344792605 0.0277945449 1 0.784314 0
v -0.0164379663 0.0360561145 0.027105052 1 0.784314 0
v -0.0164354355 0.0376299652 0.0264087374 1 0.784314 0
v -0.016435224 0.0392030888 0.0257107832 1 0.784314 0
v -0.0164402857 0.0407743481 0.0250086458 1 0.784314 0
v -0.0164446004 0.0423427472 0.024300163 1 0.784314 0
v -0.0164459841 0.0439053324 0.0235789218 0.705882 0 1
v -0.0164477262 0.0454615741 0.0228440981 0.705882 0 1
v -0.0164496569 0.0470107984 0.0220945815 0.705882 0 1
v -0.0164502354 0.0485552271 0.0213352287 0.705882 0 1
v -0.0164500402 0.0500923727 0.0205612832 0.705882 0 1
v -0.0164503539 0.0516196574 0.0197680286 0.705882 0 1
v -0.0164513156 0.0531407868 0.0189630166 0.705882 0 1
v -0.0164509943 0.054648734 0.0181337095 0.705882 0 1
v -0.0164503294 0.0561308295 0.0172591819 0 0.862745 0.862745
v -0.0164504856 0.0575823659 0.0163348382 0 0.862745 0.862745
v -0.0164500601 0.0589946277 0.0153516506 0 0.862745 0.862745
v -0.0164500561 0.060368733 0.0143157963 0 0.862745 0.862745
v -0.0164507337 0.0616872389 0.0132100579 0 0.862745 0.862745
v -0.0164508727 0.0629612104 0.0120532668 0 0.862745 0.862745
v -0.016450231 0.0641622767 0.0108209376 0 0.862745 0.862745
v -0.0164490201 0.0653158132 0.00954395159 0 0.862745 0.862745
v -0.0164487356 0.0664029351 0.00821016397 1 0.470588 0
v -0.0164471428 0.0674226349 0.00682410964 1 0.470588 0
v -0.0164467624 0.0683761625 0.00539168448 1 0.470588 0
v -0.0164479727 0.0692640121 0.00391766862 1 0.470588 0
v -0.0164457121 0.0700726297 0.00239870957 1 0.470588 0
v -0.0164494215 0.0708157422 0.000846685187 1 0.470588 0
v -0.0164500142 0.0714794065 -0.000740875088 0.470588 1 0
v -0.0164505419 0.0720685234 -0.00235767045 0.470588 1 0
v -0.0164506204 0.0725774628 -0.00400127761 0.470588 1 0
v -0.0164503904 0.0730118852 -0.00566625117 0.470588 1 0
v -0.0164493204 0.0733587238 -0.00735183405 0.470588 1 0
v -0.0164485153 0.0736304019 -0.00905102311 0.470588 1 0
v -0.0164471388 0.0738156012 -0.0107616477 0.470588 1 0
v -0.0164455237 0.0739271439 -0.0124788881 0.470588 1 0
v -0.0164502646 0.0739491227 -0.0141994913 1 0 0.705882
v -0.016450069 0.0738908038 -0.0159193227 1 0 0.705882
v -0.0164503072 0.0737470016 -0.0176341031 1 0 0.705882
v -0.0164504812 0.0735276422 -0.0193407752 1 0 0.705882
v -0.016450336 0.0732306039 -0.0210356154 1 0 0.705882
v -0.0164503088 0.0728507965 -0.0227138985 1 0 0.705882
v -0.0164486684 0.072380186 -0.0243689754 1 0 0.705882
v -0.016449696 0.0718287056 -0.0259989887 1 0 0.705882
v -0.016449547 0.0712076226 -0.0276038391 0.313725 0.313725 1
v -0.0164477832 0.0705140731 -0.0291786281 0.313725 0.313725 1
v -0.0164485286 0.0697399657 -0.0307155235 0.313725 0.313725 1
v -0.0164497933 0.0688977849 -0.0322160994 0.313725 0.313725 1
v -0.0164504974 0.0679778257 -0.0336703569 0.313725 0.313725 1
v -0.0164508253 0.0670002156 -0.0350865549 0.313725 0.313725 1
v -0.0164499276 0.0659515886 -0.0364507832 0.705882 0.470588 0.156863
v -0.0164483518 0.0648343374 -0.0377595617 0.705882 0.470588 0.156863
v -0.0164497988 0.0636588005 -0.0390161618 0.705882 0.470588 0.156863
v -0.016449804 0.0624229592 -0.0402135099 0.705882 0.470588 0.156863
v -0.0164490242 0.0611342333 -0.041353788 0.705882 0.470588 0.156863
v -0.0164503265 0.0597924104 -0.0424311291 0.705882 0.470588 0.156863
v -0.0164477323 0.0583992863 -0.0434411989 0.470588 0.470588 0.470588
v -0.0164492842 0.0569575022 -0.0443806271 0.470588 0.470588 0.470588
v -0.0164489421 0.0554742339 -0.0452527533 0.470588 0.470588 0.470588
v -0.0164503573 0.0539490494 -0.0460498185 0.470588 0.470588 0.470588
v -0.0164507094 0.0523902272 -0.0467783267 0.470588 0.470588 0.470588
v -0.0164499181 0.0507959219 -0.0474256905 0.470588 0.470588 0.470588
v -0.0164469682 0.049175547 -0.0480050393 0.470588 0.470588 0.470588
v -0.0164490644 0.0475270406 -0.0484985286 0.470588 0.470588 0.470588
v -0.0164491611 0.045857724 -0.0489161972 1 0 0
v -0.0164468243 0.0441697019 -0.0492504942 1 0 0
v -0.0164481518 0.0424687632 -0.049511006 1 0 0
v -0.0164491734 0.0407557192 -0.0496746885 1 0 0
v -0.0164469111 0.0390377061 -0.0497739192 1 0 0
v -0.0164483713 0.0373170668 -0.0497768884 1 0 0
v -0.0164492224 0.0355979893 -0.0496998133 1 0 0
v -0.016450186 0.0338830886 -0.0495573595 1 0 0
v -0.0164488701 0.0321771015 -0.0493322009 0 1 0
v -0.0164495139 0.0304834453 -0.0490280817 0 1 0
v -0.0164500657 0.0288080968 -0.0486355225 0 1 0
v -0.0164481529 0.0271607399 -0.0481390549 0 1 0
v -0.0164492985 0.0255408843 -0.047558059 0 1 0
v -0.0164491139 0.0239412761 -0.0469234941 0 1 0
v -0.0164470395 0.022374159 -0.0462126938 0 1 0
v -0.0164461611 0.0208425783 -0.045428104 0 1 0
v -0.016445161 0.0193480052 -0.0445752281 0 0.501961 1
v -0.0164505689 0.0179005648 -0.0436445514 0 0.501961 1
v -0.0164509875 0.0164976605 -0.0426480694 0 0.501961 1
v -0.0164508541 0.0151442665 -0.0415856838 0 0.501961 1
v -0.0164491474 0.013842614 -0.0404601523 0 0.501961 1
v -0.0164476314 0.0125896656 -0.0392806865 0 0.501961 1
v -0.016445768 0.0113919089 -0.0380452411 0 0.501961 1
v -0.0164507495 0.0102458716 -0.0367613816 0 0.501961 1
v -0.0164515777 0.00912061866 -0.0354592129 0 0.501961 1
v -0.0144449532 0.00565989693 0.039407806 0 1 0
v -0.0144436838 0.00727531085 0.0388021254 0 1 0
v -0.0144420566 0.00889188809 0.0381995522 0 1 0
v -0.0144457012 0.0105075342 0.037594494 0 1 0
v -0.0144458822 0.0121231799 0.0369894223 0 1 0
v -0.0144423571 0.0137394047 0.0363859082 0 1 0
v -0.0144401383 0.0153536897 0.0357772135 0 1 0
v -0.0144388413 0.0169661572 0.03516373 0 1 0
v -0.014445998 0.018575751 0.0345428228 0 0.501961 1
v -0.0144481372 0.0201789455 0.0339055094 0 0.501961 1
v -0.0144475841 0.0217787016 0.0332595886 0 0.501961 1
v -0.0144465322 0.0233755576 0.032606542 0 0.501961 1
v -0.0144460712 0.0249764757 0.0319635359 0 0.501961 1
v -0.0144454513 0.0265754312 0.0313157051 0 0.501961 1
v -0.0144494096 0.028174656 0.0306685057 0 0.501961 1
v -0.0144500521 0.0297708882 0.0300139339 0 0.501961 1
v -0.0144490189 0.0313611223 0.0293449712 1 0.784314 0
v -0.0144491351 0.0329424942 0.0286552884 1 0.784314 0
v -0.0144515124 0.0345196336 0.0279559659 1 0.784314 0
v -0.0144527461 0.0360962454 0.0272554543 1 0.784314 0
v -0.0144539045 0.0376715987 0.0265521123 1 0.784314 0
v -0.0144535561 0.0392459737 0.0258465805 1 0.784314 0
v -0.0144550429 0.0408209489 0.0251423908 1 0.784314 0
v -0.014452319 0.0423929777 0.024431674 1 0.784314 0
v -0.0144572242 0.0439551728 0.0236996545 0.705882 0 1
v -0.0144576088 0.0455073069 0.0229464891 0.705882 0 1
v -0.0144578272 0.0470552383 0.0221846885 0.705882 0 1
v -0.0144592395 0.048603236 0.0214230265 0.705882 0 1
v -0.0144586937 0.0501418839 0.0206427034 0.705882 0 1
v -0.0144604406 0.0516739129 0.0198494461 0.705882 0 1
v -0.0144566263 0.0531967343 0.0190386685 0.705882 0 1
v -0.0144578072 0.054706154 0.0182032572 0.705882 0 1
v -0.0144589152 0.0561920359 0.0173268707 0 0.862745 0.862745
v -0.0144592458 0.0576461157 0.0163986267 0 0.862745 0.862745
v -0.014459257 0.0590653761 0.0154180512 0 0.862745 0.862745
v -0.0144594687 0.0604398203 0.014375729 0 0.862745 0.862745
v -0.0144590595 0.0617610634 0.0132665645 0 0.862745 0.862745
v -0.0144586149 0.063035918 0.0121045469 0 0.862745 0.862745
v -0.0144539485 0.0642438867 0.0108731779 0 0.862745 0.862745
v -0.014455367 0.0653960122 0.00958929268 0 0.862745 0.862745
v -0.0144548773 0.0664886767 0.00825454243 1 0.470588 0
v -0.01445689 0.0675092086 0.00686391367 1 0.470588 0
v -0.0144580281 0.0684661139 0.00542853473 1 0.470588 0
v -0.0144596283 0.0693528681 0.00394903271 1 0.470588 0
v -0.0144583813 0.0701628068 0.00242596608 1 0.470588 0
v -0.0144561651 0.0709129375 0.000872512591 1 0.470588 0
v -0.0144578609 0.0715703308 -0.000722370202 0.470588 1 0
v -0.0144594293 0.0721609612 -0.00234314578 0.470588 1 0
v -0.0144595011 0.0726767535 -0.00398917868 0.470588 1 0
v -0.0144590753 0.073104875 -0.00566012538 0.470588 1 0
v -0.0144591608 0.0734551498 -0.00734917256 0.470588 1 0
v -0.014457539 0.0737245188 -0.00905295831 0.470588 1 0
v -0.0144583501 0.0739151087 -0.0107673648 0.470588 1 0
v -0.0144566956 0.0740173535 -0.0124893753 0.470588 1 0
v -0.01445758 0.0740451562 -0.0142140834 1 0 0.705882
v -0.0144565725 0.0739783774 -0.0159377959 1 0 0.705882
v -0.0144584985 0.07384141 -0.0176574111 1 0 0.705882
v -0.0144564146 0.0736251976 -0.019368757 1 0 0.705882
v -0.0144597596 0.0733260681 -0.0210676004 1 0 0.705882
v -0.0144598503 0.0729492955 -0.0227509023 1 0 0.705882
v -0.0144580899 0.0724788949 -0.0244103495 1 0 0.705882
v -0.0144593429 0.0719189229 -0.0260418853 1 0 0.705882
v -0.0144589532 0.0712944207 -0.027649944 0.313725 0.313725 1
v -0.0144571157 0.0705936901 -0.0292261142 0.313725 0.313725 1
v -0.0144567647 0.0698188687 -0.0307673065 0.313725 0.313725 1
v -0.0144592695 0.068974028 -0.0322712013 0.313725 0.313725 1
v -0.0144596595 0.0680534011 -0.0337299433 0.313725 0.313725 1
v -0.0144596883 0.0670667067 -0.0351449663 0.313725 0.313725 1
v -0.0144572151 0.0660142053 -0.0365115812 0.313725 0.313725 1
v -0.0144565511 0.0648969212 -0.0378258356 0.313725 0.313725 1
v -0.0144581609 0.0637191507 -0.0390861012 0.705882 0.470588 0.156863
v -0.0144576891 0.0624803445 -0.0402864785 0.705882 0.470588 0.156863
v -0.0144569166 0.0611871659 -0.0414280448 0.705882 0.470588 0.156863
v -0.0144578827 0.0598409794 -0.0425066432 0.705882 0.470588 0.156863
v -0.0144571488 0.058444364 -0.0435190084 0.705882 0.470588 0.156863
v -0.0144577673 0.0569995043 -0.0444614095 0.705882 0.470588 0.156863
v -0.0144560371 0.0555135099 -0.0453373077 0.470588 0.470588 0.470588
v -0.0144577892 0.0539843915 -0.0461357938 0.470588 0.470588 0.470588
v -0.0144585667 0.0524222037 -0.0468673263 0.470588 0.470588 0.470588
v -0.0144577396 0.0508236128 -0.0475154764 0.470588 0.470588 0.470588
v -0.0144552264 0.0491985064 -0.0480940419 0.470588 0.470588 0.470588
v -0.0144569955 0.0475456274 -0.048587666 0.470588 0.470588 0.470588
v -0.0144577267 0.0458724436 -0.0490072888 0.470588 0.470588 0.470588
v -0.0144562132 0.0441798229 -0.0493400411 0.470588 0.470588 0.470588
v -0.0144557627 0.0424744328 -0.0495993797 1 0 0
v -0.0144568567 0.0407577006 -0.0497679535 1 0 0
v -0.0144565814 0.0390352606 -0.0498627398 1 0 0
v -0.0144574484 0.0373102896 -0.0498676159 1 0 0
v -0.0144565682 0.0355867553 -0.0497958161 1 0 0
v -0.0144589011 0.0338682145 -0.0496471464 1 0 0
v -0.0144586536 0.0321581246 -0.0494203459 0 1 0
v -0.0144580882 0.0304591268 -0.049121975 0 1 0
v -0.0144600315 0.0287785231 -0.0487334 0 1 0
v -0.0144531899 0.0271303615 -0.0482249175 0 1 0
v -0.0144552972 0.0255047905 -0.047647381 0 1 0
v -0.0144589169 0.0239026304 -0.0470079894 0 1 0
v -0.0144591389 0.022331059 -0.0462968385 0 1 0
v -0.0144589693 0.0207960095 -0.0455097475 0 1 0
v -0.01445417 0.0192993196 -0.0446520738 0 0.501961 1
v -0.0144565479 0.0178476231 -0.043720404 0 0.501961 1
v -0.014458861 0.0164421176 -0.0427203256 0 0.501961 1
v -0.0144569678 0.0150859538 -0.0416544238 0 0.501961 1
v -0.0144579364 0.0137817359 -0.0405253034 0 0.501961 1
v -0.0144590172 0.0125218639 -0.0393470673 0 0.501961 1
v -0.0144565753 0.0113226489 -0.0381071463 0 0.501961 1
v -0.014454375 0.010172323 -0.0368214598 0 0.501961 1
v -0.0144608265 0.00904242078 -0.0355177677 0 0.501961 1
v -0.0124615535 0.00565940197 0.0396109275 0 1 0
v -0.0124596692 0.00724894926 0.0390161402 0 1 0
v -0.0124561631 0.00883827148 0.0384207568 0 1 0
v -0.0124607534 0.0104270902 0.0378240652 0 1 0
v -0.0124607949 0.0120149096 0.037224679 0 1 0
v -0.0124616952 0.0136026541 0.0366250898 0 1 0
v -0.0124571889 0.015190052 0.0360246046 0 1 0
v -0.0124558531 0.016776116 0.0354206002 0 1 0
v -0.0124610325 0.0183582453 0.0348063859 0 0.501961 1
v -0.0124614082 0.0199350804 0.0341786718 0 0.501961 1
v -0.0124609051 0.0215093496 0.0335445512 0 0.501961 1
v -0.0124581304 0.023082381 0.0329074144 0 0.501961 1
v -0.0124606355 0.0246545862 0.0322682086 0 0.501961 1
v -0.0124572276 0.0262278741 0.03163173 0 0.501961 1
v -0.0124624538 0.0277990924 0.0309901399 0 0.501961 1
v -0.0124625904 0.029369143 0.0303456399 0 0.501961 1
v -0.012462412 0.0309330611 0.0296864742 1 0.784314 0
v -0.0124626154 0.0324873482 0.0290048691 1 0.784314 0
v -0.0124618074 0.0340358616 0.0283102185 1 0.784314 0
v -0.0124606479 0.0355833911 0.0276133771 1 0.784314 0
v -0.0124611271 0.0371317385 0.0269183503 1 0.784314 0
v -0.0124590916 0.0386805599 0.0262243881 1 0.784314 0
v -0.0124627145 0.0402297312 0.0255312242 1 0.784314 0
v -0.012465362 0.041776793 0.0248333546 1 0.784314 0
v -0.0124615 0.0433149489 0.0241161836 0.705882 0 1
v -0.0124636837 0.0448403882 0.0233723205 0.705882 0 1
v -0.0124611011 0.0463575611 0.0226116672 0.705882 0 1
v -0.012466201 0.0478734554 0.0218484836 0.705882 0 1
v -0.0124669118 0.0493903243 0.0210872049 0.705882 0 1
v -0.0124655013 0.0509039239 0.0203194553 0.705882 0 1
v -0.0124679976 0.0524116667 0.0195402926 0.705882 0 1
v -0.0124667977 0.0539091002 0.0187415426 0.705882 0 1
v -0.0124677703 0.05538693 0.0179072204 0 0.862745 0.862745
v -0.012468359 0.0568374052 0.0170263132 0 0.862745 0.862745
v -0.0124683999 0.0582579659 0.0160977584 0 0.862745 0.862745
v -0.0124663015 0.0596381493 0.015110465 0 0.862745 0.862745
v -0.0124687254 0.0609730783 0.0140628846 0 0.862745 0.862745
v -0.0124648671 0.0622561747 0.0129522655 0 0.862745 0.862745
v -0.0124635484 0.0634891555 0.0117863579 0 0.862745 0.862745
v -0.0124614267 0.0646596518 0.0105577491 0 0.862745 0.862745
v -0.0124654741 0.0657794605 0.00928260108 1 0.470588 0
v -0.0124676037 0.0668339619 0.00795321954 1 0.470588 0
v -0.0124683472 0.0678206835 0.00657259382 1 0.470588 0
v -0.0124676577 0.0687512825 0.00515350457 1 0.470588 0
v -0.0124687406 0.0696056172 0.00368736321 1 0.470588 0
v -0.0124653816 0.0703918606 0.00218349969 1 0.470588 0
v -0.012465766 0.0711109604 0.000646438185 0.470588 1 0
v -0.0124680253 0.0717522542 -0.000924554393 0.470588 1 0
v -0.0124672642 0.0723210514 -0.00252338637 0.470588 1 0
v -0.012465078 0.0728147828 -0.00414691014 0.470588 1 0
v -0.0124649115 0.0732302775 -0.00579206406 0.470588 1 0
v -0.0124670838 0.073567062 -0.00745529529 0.470588 1 0
v -0.0124673154 0.0738258649 -0.00913235187 0.470588 1 0
v -0.0124686864 0.0740101906 -0.0108192888 0.470588 1 0
v -0.0124682198 0.0741116235 -0.012513323 1 0 0.705882
v -0.0124686181 0.0741387552 -0.0142099995 1 0 0.705882
v -0.0124664992 0.0740744311 -0.0159058097 1 0 0.705882
v -0.0124678709 0.0739425785 -0.0175977257 1 0 0.705882
v -0.0124641368 0.0737388298 -0.0192824572 1 0 0.705882
v -0.0124678457 0.073444901 -0.0209537923 1 0 0.705882
v -0.0124684929 0.0730862173 -0.0226125071 1 0 0.705882
v -0.0124670284 0.0726335656 -0.0242477488 1 0 0.705882
v -0.0124669824 0.0720928541 -0.0258562776 0.313725 0.313725 1
v -0.0124684404 0.0714862917 -0.0274411548 0.313725 0.313725 1
v -0.0124665735 0.0708083069 -0.0289967536 0.313725 0.313725 1
v -0.0124642622 0.0700567768 -0.030518272 0.313725 0.313725 1
v -0.0124614323 0.0692484589 -0.0320104124 0.313725 0.313725 1
v -0.0124681341 0.0683522237 -0.033451503 0.313725 0.313725 1
v -0.0124687147 0.0673908672 -0.0348499741 0.313725 0.313725 1
v -0.0124633641 0.0663758901 -0.0362098784 0.313725 0.313725 1
v -0.0124654051 0.0652946832 -0.0375176936 0.705882 0.470588 0.156863
v -0.0124667698 0.0641523998 -0.0387726735 0.705882 0.470588 0.156863
v -0.012461707 0.0629544612 -0.0399745507 0.705882 0.470588 0.156863
v -0.0124650548 0.0616980085 -0.0411151652 0.705882 0.470588 0.156863
v -0.0124661492 0.0603920254 -0.0421986929 0.705882 0.470588 0.156863
v -0.012464021 0.0590352 -0.0432178438 0.705882 0.470588 0.156863
v -0.0124634344 0.0576337331 -0.0441746933 0.705882 0.470588 0.156863
v -0.0124641605 0.0561857549 -0.0450596153 0.705882 0.470588 0.156863
v -0.0124645451 0.0547015122 -0.0458821502 0.470588 0.470588 0.470588
v -0.0124654867 0.0531769972 -0.0466274284 0.470588 0.470588 0.470588
v -0.0124643941 0.0516214404 -0.0473056163 0.470588 0.470588 0.470588
v -0.0124639071 0.0500352467 -0.047908442 0.470588 0.470588 0.470588
v -0.0124664612 0.0484217103 -0.0484340638 0.470588 0.470588 0.470588
v -0.0124605791 0.0467867339 -0.0488884326 0.470588 0.470588 0.470588
v -0.0124645881 0.0451306579 -0.0492586916 0.470588 0.470588 0.470588
v -0.0124654444 0.0434600313 -0.0495565132 0.470588 0.470588 0.470588
v -0.0124613827 0.0417768466 -0.0497723256 1 0 0
v -0.0124648544 0.0400856575 -0.0499124595 1 0 0
v -0.0124674892 0.0383895075 -0.049967173 1 0 0
v -0.0124686244 0.0366925709 -0.0499512251 1 0 0
v -0.0124673671 0.0349987043 -0.0498471388 1 0 0
v -0.0124672744 0.0333102781 -0.0496773759 1 0 0
v -0.0124678625 0.0316317379 -0.0494282546 0 1 0
v -0.0124690822 0.0299662307 -0.0491034214 0 1 0
v -0.0124666721 0.0283204438 -0.0486907653 0 1 0
v -0.0124612631 0.0267027055 -0.0481785123 0 1 0
v -0.0124665856 0.0251090296 -0.0475952771 0 1 0
v -0.0124681605 0.0235376216 -0.0469546336 0 1 0
v -0.0124669729 0.0219995613 -0.046237631 0 1 0
v -0.0124633453 0.0204968942 -0.045449027 0 1 0
v -0.0124654762 0.0190287016 -0.0445982022 0 0.501961 1
v -0.0124648849 0.0176086809 -0.0436693534 0 0.501961 1
v -0.0124616708 0.0162308757 -0.0426786879 0 0.501961 1
v -0.0124624436 0.0148991402 -0.0416270033 0 0.501961 1
v -0.012467108 0.0136208614 -0.0405107967 0 0.501961 1
v -0.0124687444 0.0123878425 -0.0393448873 0 0.501961 1
v -0.0124689602 0.0112136868 -0.0381196962 0 0.501961 1
v -0.0124690281 0.0100841435 -0.036853069 0 0.501961 1
v -0.0124693313 0.00897752918 -0.0355662997 0 0.501961 1
v -0.0104745446 0.0056591 0.0397730673 0.705882 0 1
v -0.0104722544 0.00725096083 0.0391742866 0.705882 0 1
v -0.0104739476 0.00884309386 0.0385762233 0.705882 0 1
v -0.0104739204 0.0104348685 0.0379772091 0.705882 0 1
v -0.0104736951 0.0120253371 0.0373747316 0.705882 0 1
v -0.0104728326 0.0136156307 0.0367717925 0.705882 0 1
v -0.010472476 0.0152057769 0.0361684644 0.705882 0 1
v -0.0104725966 0.0167948434 0.0355623048 0.705882 0 1
v -0.0104650739 0.0183801523 0.034946452 0 0.862745 0.862745
v -0.0104687673 0.0199600762 0.0343169262 0 0.862745 0.862745
v -0.0104708818 0.021536788 0.0336793393 0 0.862745 0.862745
v -0.0104708519 0.023112682 0.0330397177 0 0.862745 0.862745
v -0.0104732044 0.0246880388 0.0323987677 0 0.862745 0.862745
v -0.0104666844 0.0262630451 0.0317569993 0 0.862745 0.862745
v -0.0104665781 0.0278375093 0.0311138693 0 0.862745 0.862745
v -0.0104726074 0.0294100387 0.030466043 0 0.862745 0.862745
v -0.0104731449 0.0309760046 0.0298025293 1 0.470588 0
v -0.0104668026 0.0325322567 0.0291165729 1 0.470588 0
v -0.0104728908 0.0340814373 0.0284147534 1 0.470588 0
v -0.0104731059 0.0356303031 0.0277121966 1 0.470588 0
v -0.0104719538 0.0371796209 0.0270106389 1 0.470588 0
v -0.0104727828 0.0387301469 0.0263117587 1 0.470588 0
v -0.0104720436 0.0402813714 0.0256144302 1 0.470588 0
v -0.0104749408 0.0418311486 0.0249139168 1 0.470588 0
v -0.0104725779 0.0433721278 0.0241944185 0.470588 1 0
v -0.0104753701 0.0448968728 0.0234410233 0.470588 1 0
v -0.0104692129 0.0464118376 0.0226681174 0.470588 1 0
v -0.0104741692 0.0479252534 0.0218921665 0.470588 1 0
v -0.0104749817 0.0494410648 0.0211208893 0.470588 1 0
v -0.0104754931 0.0509568895 0.0203496279 0.470588 1 0
v -0.0104736661 0.0524705904 0.0195742142 0.470588 1 0
v -0.0104720053 0.0539760513 0.0187829783 0.470588 1 0
v -0.010476444 0.0554628452 0.0179573089 1 0 0.705882
v -0.0104770646 0.0569172717 0.0170759697 1 0 0.705882
v -0.010477362 0.0583439931 0.0161503076 1 0 0.705882
v -0.0104759709 0.0597262477 0.0151598515 1 0 0.705882
v -0.0104771187 0.0610603784 0.0141054185 1 0 0.705882
v -0.0104745741 0.0623478128 0.0129943298 1 0 0.705882
v -0.0104741574 0.0635799647 0.0118224289 1 0 0.705882
v -0.010473941 0.06475227 0.0105905022 1 0 0.705882
v -0.0104755512 0.0658748832 0.00931306866 0.313725 0.313725 1
v -0.0104775017 0.0669301189 0.00797961174 0.313725 0.313725 1
v -0.0104776203 0.0679144305 0.00659289602 0.313725 0.313725 1
v -0.0104773307 0.0688450818 0.00516960449 0.313725 0.313725 1
v -0.0104754938 0.0697020765 0.00370106366 0.313725 0.313725 1
v -0.0104701419 0.0704855578 0.00219179036 0.313725 0.313725 1
v -0.0104722485 0.0712101296 0.000653214139 0.705882 0.470588 0.156863
v -0.0104761322 0.0718515642 -0.000921600993 0.705882 0.470588 0.156863
v -0.0104758902 0.0724150306 -0.00252618899 0.705882 0.470588 0.156863
v -0.010473382 0.0729119659 -0.00415247694 0.705882 0.470588 0.156863
v -0.0104718165 0.0733249341 -0.00580188932 0.705882 0.470588 0.156863
v -0.0104706023 0.0736623054 -0.00746868723 0.705882 0.470588 0.156863
v -0.0104764225 0.0739202111 -0.0091494314 0.705882 0.470588 0.156863
v -0.0104757268 0.0741007578 -0.0108404051 0.705882 0.470588 0.156863
v -0.01047434 0.074203338 -0.0125378995 0.470588 0.470588 0.470588
v -0.010473063 0.0742287696 -0.0142382285 0.470588 0.470588 0.470588
v -0.0104756687 0.0741635683 -0.0159374734 0.470588 0.470588 0.470588
v -0.0104759271 0.0740265509 -0.0176325593 0.470588 0.470588 0.470588
v -0.0104752967 0.073821916 -0.019320763 0.470588 0.470588 0.470588
v -0.0104767791 0.0735234001 -0.0209949126 0.470588 0.470588 0.470588
v -0.0104755919 0.0731598252 -0.0226562685 0.470588 0.470588 0.470588
v -0.0104751596 0.0727071007 -0.0242952834 0.470588 0.470588 0.470588
v -0.0104756939 0.0721703569 -0.0259088716 1 0 0
v -0.0104774635 0.0715588488 -0.0274956591 1 0 0
v -0.0104775682 0.0708768452 -0.0290534069 1 0 0
v -0.010475217 0.0701271431 -0.0305797455 1 0 0
v -0.0104729223 0.0693046758 -0.0320682617 1 0 0
v -0.0104775132 0.0684140804 -0.0335169699 1 0 0
v -0.0104774966 0.0674557701 -0.0349218394 1 0 0
v -0.0104766178 0.0664361972 -0.0362828387 1 0 0
v -0.0104770272 0.0653465906 -0.0375885018 0 1 0
v -0.010477584 0.064205591 -0.0388494892 0 1 0
v -0.0104769267 0.0630003021 -0.0400490518 0 1 0
v -0.0104766624 0.0617427908 -0.041193862 0 1 0
v -0.0104774964 0.0604327096 -0.0422780379 0 1 0
v -0.01047739 0.0590727573 -0.0432988665 0 1 0
v -0.0104761505 0.0576670836 -0.0442559106 0 1 0
v -0.0104773121 0.0562183505 -0.0451464836 0 1 0
v -0.0104775582 0.0547284765 -0.0459662377 0 0.501961 1
v -0.0104770313 0.053201496 -0.0467148301 0 0.501961 1
v -0.0104769089 0.0516436101 -0.0473967185 0 0.501961 1
v -0.0104767212 0.0500510617 -0.0479932114 0 0.501961 1
v -0.0104775306 0.0484359827 -0.0485256657 0 0.501961 1
v -0.0104766312 0.0467957373 -0.0489742506 0 0.501961 1
v -0.0104764945 0.0451366573 -0.0493475503 0 0.501961 1
v -0.0104769436 0.0434621908 -0.0496439438 0 0.501961 1
v -0.0104773781 0.0417756504 -0.0498612026 1 0.784314 0
v -0.0104775805 0.0400807485 -0.0499992523 1 0.784314 0
v -0.0104778127 0.038381254 -0.0500604517 1 0.784314 0
v -0.0104771543 0.0366809136 -0.0500369348 1 0.784314 0
v -0.0104771498 0.0349832846 -0.0499358816 1 0.784314 0
v -0.0104776124 0.0332910026 -0.0497687753 1 0.784314 0
v -0.0104774461 0.0316106528 -0.0495077999 0.705882 0 1
v -0.0104764474 0.0299411851 -0.049183836 0.705882 0 1
v -0.0104692255 0.028291987 -0.0487697975 0.705882 0 1
v -0.010467224 0.026669608 -0.0482604508 0.705882 0 1
v -0.0104732474 0.0250726809 -0.047675702 0.705882 0 1
v -0.0104757596 0.0234980472 -0.0470333835 0.705882 0 1
v -0.0104724397 0.0219562051 -0.0463160324 0.705882 0 1
v -0.0104706321 0.0204499339 -0.0455265206 0.705882 0 1
v -0.0104722932 0.0189802548 -0.0446709647 0 0.862745 0.862745
v -0.0104726452 0.0175541405 -0.0437449641 0 0.862745 0.862745
v -0.0104775778 0.0161756856 -0.0427491225 0 0.862745 0.862745
v -0.0104772194 0.014843481 -0.0416922914 0 0.862745 0.862745
v -0.0104750405 0.0135608918 -0.0405756403 0 0.862745 0.862745
v -0.0104750073 0.0123274286 -0.0394049533 0 0.862745 0.862745
v -0.010473865 0.0111508086 -0.0381772473 0 0.862745 0.862745
v -0.0104714379 0.0100269501 -0.0369008277 0 0.862745 0.862745
v -0.0104773474 0.00892291029 -0.0356071869 0 0.862745 0.862745
v -0.00848449123 0.00565916879 0.0398894549 0.705882 0 1
v -0.00848180827 0.00725426133 0.0392915307 0.705882 0 1
v -0.00847832453 0.00884886798 0.038692319 0.705882 0 1
v -0.00848146687 0.0104439259 0.038094322 0.705882 0 1
v -0.00848213168 0.0120373829 0.0374920641 0.705882 0 1
v -0.00847665201 0.0136319246 0.0368926981 0.705882 0 1
v -0.0084792345 0.0152255246 0.0362908224 0.705882 0 1
v -0.008470153 0.0168179619 0.0356859626 0.705882 0 1
v -0.00847372773 0.0184057218 0.0350691815 0 0.862745 0.862745
v -0.00848193652 0.0199878938 0.0344379672 0 0.862745 0.862745
v -0.0084808668 0.0215654547 0.0337952214 0 0.862745 0.862745
v -0.00848144298 0.0231430121 0.0331524552 0 0.862745 0.862745
v -0.00848194551 0.0247202467 0.0325088943 0 0.862745 0.862745
v -0.00848228504 0.0262975559 0.031865521 0 0.862745 0.862745
v -0.00848141094 0.0278750445 0.0312225838 0 0.862745 0.862745
v -0.00847857556 0.029449913 0.0305732663 0 0.862745 0.862745
v -0.00847815206 0.0310180355 0.0299078628 1 0.470588 0
v -0.00848228835 0.032575499 0.0292179055 1 0.470588 0
v -0.00848265287 0.0341275542 0.0285157901 1 0.470588 0
v -0.00848284971 0.0356782624 0.0278107014 1 0.470588 0
v -0.00848241084 0.0372285511 0.027104693 1 0.470588 0
v -0.0084776265 0.0387798744 0.0264009974 1 0.470588 0
v -0.00847308413 0.0403313342 0.0256975904 1 0.470588 0
v -0.00847942552 0.041881928 0.0249923464 1 0.470588 0
v -0.0084811393 0.0434238979 0.0242684844 0.470588 1 0
v -0.00848181648 0.0449504261 0.023512581 0.470588 1 0
v -0.00847830094 0.0464662966 0.0227354321 0.470588 1 0
v -0.00847958684 0.0479799406 0.0219539457 0.470588 1 0
v -0.00848046319 0.0494937029 0.0211726991 0.470588 1 0
v -0.00847723376 0.0510080508 0.0203926058 0.470588 1 0
v -0.00848192092 0.0525228146 0.0196133457 0.470588 1 0
v -0.00847204983 0.054033105 0.0188254907 0.470588 1 0
v -0.00847785073 0.0555223595 0.0179986387 1 0 0.705882
v -0.00848319626 0.0569810839 0.0171192031 1 0 0.705882
v -0.00848502114 0.0584088806 0.0161903418 1 0 0.705882
v -0.0084837197 0.059788494 0.0151916094 1 0 0.705882
v -0.00848182962 0.0611214508 0.0141311664 1 0 0.705882
v -0.0084849679 0.0624157247 0.0130238445 1 0 0.705882
v -0.00848543835 0.0636535585 0.0118538424 1 0 0.705882
v -0.00848336606 0.0648247625 0.01061717 1 0 0.705882
v -0.008482035 0.0659422045 0.00933155481 0.313725 0.313725 1
v -0.00848496495 0.0670006533 0.0079971234 0.313725 0.313725 1
v -0.00848416975 0.0679863036 0.00660798073 0.313725 0.313725 1
v -0.00848485444 0.0689164428 0.00518107788 0.313725 0.313725 1
v -0.008485495 0.0697765316 0.00371100294 0.313725 0.313725 1
v -0.00848333631 0.0705591981 0.00219818835 0.313725 0.313725 1
v -0.00848533728 0.0712767343 0.000653451792 0.705882 0.470588 0.156863
v -0.00848406264 0.0719216551 -0.000922825115 0.705882 0.470588 0.156863
v -0.00848341977 0.0724850941 -0.0025302344 0.705882 0.470588 0.156863
v -0.00848485245 0.0729819374 -0.00415938311 0.705882 0.470588 0.156863
v -0.00848463841 0.073397439 -0.00581105661 0.705882 0.470588 0.156863
v -0.00848490314 0.0737303431 -0.00748155956 0.705882 0.470588 0.156863
v -0.00848462262 0.0739964147 -0.00916387362 0.705882 0.470588 0.156863
v -0.00848440509 0.074170817 -0.0108581771 0.705882 0.470588 0.156863
v -0.00848542971 0.0742690162 -0.0125586858 0.470588 0.470588 0.470588
v -0.00848413616 0.0742987567 -0.0142616932 0.470588 0.470588 0.470588
v -0.00848088344 0.0742296185 -0.0159635732 0.470588 0.470588 0.470588
v -0.00848496489 0.07409627 -0.017661658 0.470588 0.470588 0.470588
v -0.00848516575 0.0738798886 -0.0193510892 0.470588 0.470588 0.470588
v -0.00848426859 0.0735803037 -0.021027754 0.470588 0.470588 0.470588
v -0.00848069995 0.0732093099 -0.0226901877 0.470588 0.470588 0.470588
v -0.00848451816 0.0727592511 -0.0243327421 0.470588 0.470588 0.470588
v -0.0084855345 0.072219644 -0.0259483144 1 0 0
v -0.00848263769 0.0716141576 -0.027540288 1 0 0
v -0.00848164064 0.0709309154 -0.0291004001 1 0 0
v -0.00848450949 0.070176198 -0.0306273885 1 0 0
v -0.00848193457 0.0693601694 -0.0321224493 1 0 0
v -0.00848305692 0.0684622112 -0.0335697713 1 0 0
v -0.0084848262 0.0675034417 -0.0349776246 1 0 0
v -0.0084801537 0.0664774787 -0.0363372738 1 0 0
v -0.00847796307 0.0653880871 -0.0376466845 0 1 0
v -0.00848245072 0.0642424724 -0.0389070609 0 1 0
v -0.00848006463 0.0630372771 -0.0401106155 0 1 0
v -0.00847799759 0.0617740926 -0.0412532394 0 1 0
v -0.0084779861 0.0604644903 -0.0423421761 0 1 0
v -0.00847639112 0.0591006271 -0.0433623217 0 1 0
v -0.00848303166 0.0576914684 -0.0443191947 0 1 0
v -0.00848057313 0.0562421648 -0.0452137953 0 1 0
v -0.00847866403 0.0547467394 -0.0460291874 0 0.501961 1
v -0.00848005546 0.0532208379 -0.0467862231 0 0.501961 1
v -0.00847528151 0.0516572541 -0.0474618163 0 0.501961 1
v -0.00847915357 0.0500631491 -0.0480619069 0 0.501961 1
v -0.00848370011 0.0484448705 -0.0485931041 0 0.501961 1
v -0.00848108013 0.0468024268 -0.0490441201 0 0.501961 1
v -0.00848018337 0.0451400019 -0.0494149892 0 0.501961 1
v -0.00848234807 0.0434634145 -0.0497146593 0 0.501961 1
v -0.00848318064 0.0417738137 -0.0499294788 1 0.784314 0
v -0.00847955151 0.0400759979 -0.0500664077 1 0.784314 0
v -0.00848044316 0.0383736263 -0.0501209111 1 0.784314 0
v -0.00848213207 0.036670545 -0.0500973101 1 0.784314 0
v -0.00848159906 0.0349698263 -0.0500035346 1 0.784314 0
v -0.00848361346 0.0332756115 -0.0498294905 1 0.784314 0
v -0.00848428877 0.0315926458 -0.0495674496 0.705882 0 1
v -0.00848441297 0.029920601 -0.0492424623 0.705882 0 1
v -0.00848357308 0.0282663187 -0.0488376987 0.705882 0 1
v -0.00847659514 0.0266407073 -0.0483294212 0.705882 0 1
v -0.00848420712 0.0250417409 -0.047742491 0.705882 0 1
v -0.0084846724 0.0234648382 -0.0470984964 0.705882 0 1
v -0.00848446101 0.0219220195 -0.0463770673 0.705882 0 1
v -0.00848243447 0.0204154104 -0.0455823882 0.705882 0 1
v -0.00847682617 0.0189443129 -0.0447238138 0 0.862745 0.862745
v -0.00847558881 0.0175169725 -0.0437946994 0 0.862745 0.862745
v -0.0084780795 0.0161329122 -0.0428018536 0 0.862745 0.862745
v -0.00848134587 0.0147964532 -0.0417458217 0 0.862745 0.862745
v -0.00848348973 0.0135158903 -0.0406226309 0 0.862745 0.862745
v -0.00848442323 0.0122775738 -0.0394530865 0 0.862745 0.862745
v -0.00848439842 0.0111012929 -0.0382212918 0 0.862745 0.862745
v -0.00848191098 0.0099769821 -0.0369417038 0 0.862745 0.862745
v -0.00848519655 0.00887240198 -0.0356450399 0 0.862745 0.862745
v -0.00649251684 0.00565959059 0.0399599433 0.705882 0 1
v -0.006491491 0.00725600022 0.0393612479 0.705882 0 1
v -0.00648945751 0.00885336324 0.038765126 0.705882 0 1
v -0.00648664985 0.0104499502 0.038166922 0.705882 0 1
v -0.00648895028 0.0120460467 0.0375674002 0.705882 0 1
v -0.00649177997 0.0136419803 0.036967441 0.705882 0 1
v -0.006491075 0.0152379371 0.0363675311 0.705882 0 1
v -0.00649038741 0.0168331671 0.0357657178 0.705882 0 1
v -0.00649145607 0.0184231697 0.0351502217 0 0.862745 0.862745
v -0.00649053452 0.0200060365 0.0345165852 0 0.862745 0.862745
v -0.00648565208 0.0215859127 0.0338755473 0 0.862745 0.862745
v -0.0064871967 0.0231644909 0.0332314199 0 0.862745 0.862745
v -0.00649120878 0.0247432131 0.0325875471 0 0.862745 0.862745
v -0.00647984361 0.026322412 0.0319449705 0 0.862745 0.862745
v -0.00647538482 0.0279009833 0.031300772 0 0.862745 0.862745
v -0.00648969841 0.0294767609 0.0306498776 0 0.862745 0.862745
v -0.00648834501 0.0310464275 0.0299843333 1 0.470588 0
v -0.00649010868 0.0326067039 0.0292969766 1 0.470588 0
v -0.00648802223 0.0341609677 0.028596109 1 0.470588 0
v -0.00648771287 0.035712558 0.0278893257 1 0.470588 0
v -0.00648525758 0.0372641802 0.0271826404 1 0.470588 0
v -0.00647611224 0.0388159342 0.0264763107 1 0.470588 0
v -0.00647210122 0.040367155 0.0257687363 1 0.470588 0
v -0.00648455974 0.0419168538 0.0250580222 1 0.470588 0
v -0.00648957089 0.0434579629 0.0243288875 0.470588 1 0
v -0.00649129214 0.0449850779 0.0235707475 0.470588 1 0
v -0.00648811761 0.0465027291 0.0227937987 0.470588 1 0
v -0.00649154952 0.0480175429 0.0220113384 0.470588 1 0
v -0.00648793377 0.0495320221 0.0212282048 0.470588 1 0
v -0.00648281759 0.0510461384 0.0204444418 0.470588 1 0
v -0.00648723921 0.0525598535 0.0196599453 0.470588 1 0
v -0.00648585045 0.0540686481 0.0188659423 0.470588 1 0
v -0.00648623847 0.0555582509 0.0180366236 1 0 0.705882
v -0.00648886104 0.0570149027 0.0171507531 1 0 0.705882
v -0.00648297654 0.0584393531 0.016214163 1 0 0.705882
v -0.00649038027 0.0598220967 0.0152171874 1 0 0.705882
v -0.00648674142 0.061155048 0.0141544751 1 0 0.705882
v -0.00648705112 0.0624457496 0.013040737 1 0 0.705882
v -0.00647904104 0.063684869 0.0118699934 1 0 0.705882
v -0.00648584316 0.0648557418 0.0106307756 1 0 0.705882
v -0.00648815062 0.0659752886 0.00934514498 0.313725 0.313725 1
v -0.00648305676 0.0670283886 0.00800450217 0.313725 0.313725 1
v -0.00647979501 0.0680196403 0.00661758468 0.313725 0.313725 1
v -0.00648577849 0.0689502835 0.00518930849 0.313725 0.313725 1
v -0.00648292852 0.0698052009 0.00371451084 0.313725 0.313725 1
v -0.00648541673 0.0705927444 0.00220258007 0.313725 0.313725 1
v -0.00648650387 0.0713170286 0.000659280733 0.705882 0.470588 0.156863
v -0.00649056009 0.0719505731 -0.000923433471 0.705882 0.470588 0.156863
v -0.00649130078 0.0725198804 -0.00253032154 0.705882 0.470588 0.156863
v -0.00648909061 0.073016044 -0.00416114406 0.705882 0.470588 0.156863
v -0.00648328279 0.0734265488 -0.00581576386 0.705882 0.470588 0.156863
v -0.00649104782 0.0737662011 -0.00748634009 0.705882 0.470588 0.156863
v -0.00648975318 0.0740245615 -0.00917123837 0.705882 0.470588 0.156863
v -0.00648092137 0.0742030474 -0.0108665819 0.705882 0.470588 0.156863
v -0.00648356354 0.0743062875 -0.0125681789 0.470588 0.470588 0.470588
v -0.00649023753 0.0743230064 -0.0142728736 0.470588 0.470588 0.470588
v -0.00648836427 0.0742638516 -0.0159766421 0.470588 0.470588 0.470588
v -0.00649156441 0.0741206091 -0.0176753412 0.470588 0.470588 0.470588
v -0.00648959335 0.0739032485 -0.0193661104 0.470588 0.470588 0.470588
v -0.00649216465 0.0736100796 -0.0210453747 0.470588 0.470588 0.470588
v -0.00648893452 0.0732488895 -0.0227115168 0.470588 0.470588 0.470588
v -0.0064859283 0.0727893901 -0.024353163 0.470588 0.470588 0.470588
v -0.00648369452 0.0722484079 -0.0259698927 1 0 0
v -0.00648984376 0.0716434469 -0.0275637086 1 0 0
v -0.00648848905 0.0709567276 -0.0291240504 1 0 0
v -0.00649136821 0.0702003455 -0.0306517581 1 0 0
v -0.00649166929 0.0693797544 -0.0321459548 1 0 0
v -0.00649032116 0.0684878833 -0.0335986585 1 0 0
v -0.00649006386 0.0675225547 -0.0350039051 1 0 0
v -0.006489599 0.0665001962 -0.0363681155 1 0 0
v -0.00649039416 0.0654098114 -0.0376786214 0 1 0
v -0.00648974486 0.0642621084 -0.0389392816 0 1 0
v -0.00648927688 0.0630531502 -0.0401412393 0 1 0
v -0.0064872668 0.0617918666 -0.0412880613 0 1 0
v -0.00649037831 0.0604775938 -0.0423737607 0 1 0
v -0.00648944696 0.0591140593 -0.0433970405 0 1 0
v -0.00648774006 0.0577036889 -0.044354584 0 1 0
v -0.00648945837 0.0562493374 -0.0452439266 0 1 0
v -0.00649004252 0.0547580093 -0.0460698787 0 0.501961 1
v -0.00648745076 0.0532254847 -0.0468167372 0 0.501961 1
v -0.00649085056 0.0516624748 -0.0474973452 0 0.501961 1
v -0.00648896235 0.0500679178 -0.048100439 0 0.501961 1
v -0.00649010339 0.0484472043 -0.0486294457 0 0.501961 1
v -0.00648847464 0.0468027182 -0.0490787624 0 0.501961 1
v -0.00648769926 0.0451395932 -0.0494529794 0 0.501961 1
v -0.00647300887 0.043461563 -0.0497533672 0 0.501961 1
v -0.00648131143 0.0417702266 -0.0499659193 1 0.784314 0
v -0.00647297722 0.0400708875 -0.0501021572 1 0.784314 0
v -0.00647774225 0.038367289 -0.0501609155 1 0.784314 0
v -0.00649154578 0.0366626579 -0.0501379697 1 0.784314 0
v -0.00649016906 0.0349609471 -0.0500349724 1 0.784314 0
v -0.0064925835 0.0332645489 -0.0498655629 1 0.784314 0
v -0.00649253623 0.0315793603 -0.0496078482 0.705882 0 1
v -0.00649153845 0.0299053372 -0.0492851686 0.705882 0 1
v -0.00648881134 0.0282516718 -0.0488715453 0.705882 0 1
v -0.00647639132 0.0266229326 -0.0483685179 0.705882 0 1
v -0.0064894811 0.0250219722 -0.047782886 0.705882 0 1
v -0.0064907909 0.0234455727 -0.0471338357 0.705882 0 1
v -0.0064857888 0.0219043513 -0.0464054969 0.705882 0 1
v -0.00648941153 0.0203955435 -0.045611808 0.705882 0 1
v -0.00648245246 0.0189232113 -0.04475279 0 0.862745 0.862745
v -0.00647742854 0.0174967046 -0.0438195733 0 0.862745 0.862745
v -0.00648893506 0.0161098449 -0.0428284611 0 0.862745 0.862745
v -0.00647962886 0.0147699093 -0.0417745493 0 0.862745 0.862745
v -0.00648960854 0.0134898249 -0.0406486097 0 0.862745 0.862745
v -0.00649265229 0.0122514167 -0.0394769911 0 0.862745 0.862745
v -0.00649230891 0.0110739771 -0.0382441852 0 0.862745 0.862745
v -0.00648603649 0.00994285394 -0.0369686023 0 0.862745 0.862745
v -0.00649270082 0.00883166204 -0.0356754792 0 0.862745 0.862745
v -0.00449946594 0.00565988657 0.0399798018 0.705882 0 1
v -0.00449567213 0.00725922705 0.0393866607 0.705882 0 1
v -0.00449260572 0.00885780019 0.0387914607 0.705882 0 1
v -0.0044860507 0.0104561162 0.0381956784 0.705882 0 1
v -0.00449865564 0.0120536767 0.0375979668 0.705882 0 1
v -0.00448938069 0.0136504249 0.0369979501 0.705882 0 1
v -0.00449331162 0.0152475049 0.0363988982 0.705882 0 1
v -0.00449687188 0.0168430051 0.0357955936 0.705882 0 1
v -0.00447848125 0.0184343318 0.0351816586 0 0.862745 0.862745
v -0.00448351673 0.0200196078 0.0345521176 0 0.862745 0.862745
v -0.00449252762 0.0216018447 0.0339150526 0 0.862745 0.862745
v -0.00448474757 0.0231821835 0.0332749324 0 0.862745 0.862745
v -0.00449863555 0.0247616909 0.0326314232 0 0.862745 0.862745
v -0.00448013129 0.0263411925 0.0319876029 0 0.862745 0.862745
v -0.00447533597 0.0279196548 0.0313409913 0 0.862745 0.862745
v -0.00448885861 0.0294951693 0.0306873602 0 0.862745 0.862745
v -0.00449636383 0.0310650367 0.0300203106 1 0.470588 0
v -0.00449448215 0.0326283292 0.0293378189 1 0.470588 0
v -0.00449402469 0.0341851486 0.0286406699 1 0.470588 0
v -0.0044946546 0.0357393419 0.0279376739 1 0.470588 0
v -0.00448636991 0.0372920629 0.0272314948 1 0.470588 0
v -0.0044719775 0.038843922 0.0265235186 1 0.470588 0
v -0.00445975152 0.0403944285 0.0258125249 1 0.470588 0
v -0.00449581977 0.0419413648 0.0250948501 1 0.470588 0
v -0.00449229972 0.0434820608 0.0243629615 0.470588 1 0
v -0.00449718915 0.0450114223 0.0236075992 0.470588 1 0
v -0.00449006888 0.0465315782 0.0228337957 0.470588 1 0
v -0.00449611653 0.0480482741 0.0220531966 0.470588 1 0
v -0.00449366456 0.0495639107 0.0212705543 0.470588 1 0
v -0.0044930674 0.0510787219 0.0204862987 0.470588 1 0
v -0.00449701608 0.0525919176 0.0196989874 0.470588 1 0
v -0.00449740058 0.0540981856 0.0188984842 0.470588 1 0
v -0.00449376611 0.0555846305 0.0180619502 1 0 0.705882
v -0.00449589074 0.0570353781 0.0171648958 1 0 0.705882
v -0.00449633226 0.0584605583 0.0162276448 1 0 0.705882
v -0.00448888907 0.0598423318 0.0152279418 1 0 0.705882
v -0.00449788536 0.0611760921 0.0141649143 1 0 0.705882
v -0.00448941832 0.0624649752 0.0130478763 1 0 0.705882
v -0.00449356537 0.0637022462 0.0118742323 1 0 0.705882
v -0.00449677777 0.0648757661 0.010636495 1 0 0.705882
v -0.00449474713 0.0659955069 0.00934990058 0.313725 0.313725 1
v -0.00448581576 0.0670519519 0.00801103089 0.313725 0.313725 1
v -0.00448946391 0.0680390891 0.00662014209 0.313725 0.313725 1
v -0.00449192476 0.0689712509 0.00519209962 0.313725 0.313725 1
v -0.0044937733 0.0698299029 0.00371853729 0.313725 0.313725 1
v -0.00449544928 0.0706121675 0.00220283279 0.313725 0.313725 1
v -0.00449813508 0.0713367731 0.000658837977 0.705882 0.470588 0.156863
v -0.00449947091 0.0719749103 -0.000922785112 0.705882 0.470588 0.156863
v -0.00449913149 0.0725405155 -0.00253192429 0.705882 0.470588 0.156863
v -0.00449505938 0.0730428027 -0.00416185802 0.705882 0.470588 0.156863
v -0.0044929193 0.0734457241 -0.00581912488 0.705882 0.470588 0.156863
v -0.00449163076 0.073785042 -0.00749060857 0.705882 0.470588 0.156863
v -0.00449710967 0.0740500261 -0.0091752501 0.705882 0.470588 0.156863
v -0.00449864424 0.0742199424 -0.0108723523 0.705882 0.470588 0.156863
v -0.00449772032 0.0743228913 -0.0125748724 0.470588 0.470588 0.470588
v -0.00449813181 0.0743437057 -0.0142801887 0.470588 0.470588 0.470588
v -0.00448512264 0.0742745768 -0.0159842342 0.470588 0.470588 0.470588
v -0.0044828733 0.0741396819 -0.0176843852 0.470588 0.470588 0.470588
v -0.00449106644 0.0739325483 -0.0193772 0.470588 0.470588 0.470588
v -0.00449796578 0.0736353983 -0.0210567739 0.470588 0.470588 0.470588
v -0.0044853297 0.0732704898 -0.0227228313 0.470588 0.470588 0.470588
v -0.00449577233 0.0728149696 -0.0243663729 0.470588 0.470588 0.470588
v -0.00448754585 0.0722666524 -0.0259814246 1 0 0
v -0.00448096605 0.0716557583 -0.0275739028 1 0 0
v -0.00449463997 0.0709668068 -0.0291339671 1 0 0
v -0.00449401218 0.0702125494 -0.0306635974 1 0 0
v -0.00447927131 0.0693984815 -0.0321621764 1 0 0
v -0.00448794423 0.0684981812 -0.0336106347 1 0 0
v -0.00449952222 0.067534976 -0.0350182057 1 0 0
v -0.00449748846 0.0665088758 -0.0363805939 1 0 0
v -0.00448888472 0.0654213766 -0.037694426 0 1 0
v -0.00449921458 0.0642680382 -0.0389509071 0 1 0
v -0.00449735917 0.0630646943 -0.0401595868 0 1 0
v -0.00449004143 0.0617991972 -0.0413028147 0 1 0
v -0.00449600342 0.0604836657 -0.0423883383 0 1 0
v -0.00449147487 0.0591231711 -0.043416775 0 1 0
v -0.004496444 0.0577079188 -0.0443686034 0 1 0
v -0.00449881438 0.0562567525 -0.045264842 0 1 0
v -0.0044918846 0.0547613032 -0.0460847423 0 0.501961 1
v -0.00449597612 0.0532291462 -0.0468340084 0 0.501961 1
v -0.0044946952 0.0516653302 -0.047514785 0 0.501961 1
v -0.00449096255 0.0500702631 -0.0481186436 0 0.501961 1
v -0.00449933306 0.0484474147 -0.0486433365 0 0.501961 1
v -0.00449756554 0.0468041441 -0.0491001286 0 0.501961 1
v -0.00447657835 0.0451400204 -0.0494727583 0 0.501961 1
v -0.0044698231 0.0434603401 -0.0497688539 0 0.501961 1
v -0.0044915789 0.0417687268 -0.0499851949 1 0.784314 0
v -0.00448147065 0.0400683936 -0.0501187001 1 0.784314 0
v -0.00448031031 0.0383639245 -0.0501789847 1 0.784314 0
v -0.00449262138 0.0366587184 -0.050154836 1 0.784314 0
v -0.00449812269 0.0349561852 -0.0500536344 1 0.784314 0
v -0.00448686206 0.0332597885 -0.0498775888 1 0.784314 0
v -0.0044883231 0.0315726608 -0.0496287396 0.705882 0 1
v -0.00449792085 0.029898891 -0.0493010074 0.705882 0 1
v -0.00449246163 0.028242148 -0.0488965248 0.705882 0 1
v -0.00449528861 0.026613576 -0.0483899769 0.705882 0 1
v -0.00449244703 0.0250130639 -0.0478003931 0.705882 0 1
v -0.00449601445 0.0234372546 -0.0471479705 0.705882 0 1
v -0.00449356881 0.0218952554 -0.0464191421 0.705882 0 1
v -0.00449204976 0.0203842711 -0.045627837 0.705882 0 1
v -0.00449131796 0.0189098891 -0.0447705979 0 0.862745 0.862745
v -0.00448778756 0.0174828376 -0.0438365386 0 0.862745 0.862745
v -0.00449615775 0.01609841 -0.0428406798 0 0.862745 0.862745
v -0.00449394699 0.0147604944 -0.0417830282 0 0.862745 0.862745
v -0.0044973016 0.0134768222 -0.0406600408 0 0.862745 0.862745
v -0.00449515762 0.012238301 -0.0394874238 0 0.862745 0.862745
v -0.00449529979 0.0110557237 -0.0382584482 0 0.862745 0.862745
v -0.00447589721 0.00992219939 -0.0369840664 0 0.862745 0.862745
v -0.00449979009 0.00880710615 -0.035693903 0 0.862745 0.862745
v -0.00250633837 0.0056600276 0.0399701192 0.705882 0 1
v -0.00249788082 0.00726131988 0.0393804514 0.705882 0 1
v -0.00247180524 0.00886172071 0.0387888967 0.705882 0 1
v -0.00249913744 0.010461283 0.0381961205 0.705882 0 1
v -0.00249452388 0.0120608059 0.0376016287 0.705882 0 1
v -0.00250412069 0.0136603716 0.0370072195 0.705882 0 1
v -0.00248310096 0.0152576427 0.0364073629 0.705882 0 1
v -0.00243221718 0.0168531324 0.0358048127 0.705882 0 1
v -0.00244083995 0.0184440357 0.0351910265 0 0.862745 0.862745
v -0.00250313407 0.02002981 0.0345637754 0 0.862745 0.862745
v -0.00249761542 0.0216142095 0.0339300511 0 0.862745 0.862745
v -0.00249874761 0.0231972178 0.0332937935 0 0.862745 0.862745
v -0.00249675798 0.0247789605 0.032653684 0 0.862745 0.862745
v -0.00250196614 0.0263599081 0.0320113573 0 0.862745 0.862745
v -0.00249999681 0.0279387412 0.0313639047 0 0.862745 0.862745
v -0.00249710075 0.0295138568 0.0307073814 0 0.862745 0.862745
v -0.00249958281 0.0310842053 0.0300396568 1 0.470588 0
v -0.00249482207 0.0326487907 0.0293587928 1 0.470588 0
v -0.00249231949 0.0342089438 0.0286678661 1 0.470588 0
v -0.00250215193 0.035765873 0.0279693666 1 0.470588 0
v -0.00250257558 0.0373196078 0.0272637103 1 0.470588 0
v -0.00249451683 0.0388706075 0.0265521073 1 0.470588 0
v -0.00249017797 0.0404197461 0.0258364437 1 0.470588 0
v -0.00248783869 0.0419661537 0.0251151503 1 0.470588 0
v -0.00250535724 0.0435072624 0.0243826504 0.470588 1 0
v -0.00250315141 0.0450376337 0.0236277107 0.470588 1 0
v -0.00249700794 0.0465604574 0.0228576546 0.470588 1 0
v -0.00250614258 0.0480803663 0.0220819137 0.470588 1 0
v -0.002504864 0.0495978305 0.021301316 0.470588 1 0
v -0.00249845249 0.0511138106 0.020517909 0.470588 1 0
v -0.00250377725 0.0526265798 0.0197284202 0.470588 1 0
v -0.00244950815 0.054129313 0.0189222233 0.470588 1 0
v -0.0024826066 0.0556103497 0.0180757461 1 0 0.705882
v -0.00250102612 0.0570593148 0.017174813 1 0 0.705882
v -0.00250031671 0.0584834882 0.0162348202 1 0 0.705882
v -0.00249640756 0.0598616551 0.0152295073 1 0 0.705882
v -0.00250166589 0.0611945475 0.0141642943 1 0 0.705882
v -0.00250587577 0.0624883079 0.0130517665 1 0 0.705882
v -0.00250066367 0.0637246542 0.0118758613 1 0 0.705882
v -0.00249308548 0.0648970953 0.0106362471 1 0 0.705882
v -0.00248920444 0.0660212918 0.00935268823 0.313725 0.313725 1
v -0.00249792243 0.0670760099 0.00801179239 0.313725 0.313725 1
v -0.00249666494 0.0680623328 0.00661942341 0.313725 0.313725 1
v -0.00249892779 0.0689968206 0.00519204139 0.313725 0.313725 1
v -0.00250328306 0.0698497452 0.00371452715 0.313725 0.313725 1
v -0.00250366814 0.0706353661 0.00219978034 0.313725 0.313725 1
v -0.00249666141 0.0713616457 0.000655774841 0.705882 0.470588 0.156863
v -0.00249200957 0.0719969732 -0.000927744837 0.705882 0.470588 0.156863
v -0.00250075175 0.0725622102 -0.00253774155 0.705882 0.470588 0.156863
v -0.00248851663 0.0730642827 -0.00416831111 0.705882 0.470588 0.156863
v -0.0024974093 0.0734704726 -0.00582553414 0.705882 0.470588 0.156863
v -0.00248552211 0.0738053649 -0.00749868631 0.705882 0.470588 0.156863
v -0.00249284681 0.0740694971 -0.00918393308 0.705882 0.470588 0.156863
v -0.00249691184 0.074240262 -0.0108815014 0.705882 0.470588 0.156863
v -0.00249642628 0.0743414843 -0.012584864 0.470588 0.470588 0.470588
v -0.00250139886 0.074364394 -0.0142906968 0.470588 0.470588 0.470588
v -0.00249799762 0.0742959907 -0.015995587 0.470588 0.470588 0.470588
v -0.00250347433 0.0741614146 -0.0176966042 0.470588 0.470588 0.470588
v -0.00250388922 0.0739503896 -0.0193896235 0.470588 0.470588 0.470588
v -0.0024951426 0.0736592021 -0.0210708822 0.470588 0.470588 0.470588
v -0.00250594022 0.0732933296 -0.0227373853 0.470588 0.470588 0.470588
v -0.00249136315 0.0728285888 -0.0243790071 0.470588 0.470588 0.470588
v -0.00248975992 0.0722834152 -0.025995734 1 0 0
v -0.00249956289 0.0716703856 -0.0275879303 1 0 0
v -0.00250082134 0.0709845895 -0.0291502883 1 0 0
v -0.00248875694 0.0702242601 -0.0306777154 1 0 0
v -0.00247064349 0.0694054788 -0.0321742202 1 0 0
v -0.00248677707 0.0685070652 -0.0336244986 1 0 0
v -0.00250593119 0.0675451164 -0.0350336048 1 0 0
v -0.00250657106 0.0665225482 -0.0363993779 1 0 0
v -0.00250612678 0.0654271188 -0.0377075551 0 1 0
v -0.00250646583 0.0642798635 -0.0389705622 0 1 0
v -0.00250671538 0.0630725963 -0.0401761974 0 1 0
v -0.00250568214 0.0618071161 -0.041320706 0 1 0
v -0.00250663163 0.0604922849 -0.0424081607 0 1 0
v -0.00250597901 0.0591289656 -0.043434061 0 1 0
v -0.00250675373 0.0577134513 -0.0443868736 0 1 0
v -0.00250666945 0.0562627439 -0.0452851261 0 1 0
v -0.00250648162 0.054764537 -0.0461013998 0 0.501961 1
v -0.00250658875 0.0532322694 -0.0468521983 0 0.501961 1
v -0.00250602761 0.0516690536 -0.0475359083 0 0.501961 1
v -0.00250638441 0.0500705509 -0.0481326537 0 0.501961 1
v -0.00250669824 0.0484496974 -0.0486658377 0 0.501961 1
v -0.00250671857 0.0468045672 -0.0491182012 0 0.501961 1
v -0.00250480236 0.04513915 -0.0494893457 0 0.501961 1
v -0.00250668603 0.0434588269 -0.0497857799 0 0.501961 1
v -0.00250667822 0.0417664396 -0.0500021779 1 0.784314 0
v -0.00250632693 0.0400652652 -0.050133925 1 0.784314 0
v -0.00250459116 0.0383601659 -0.0501957833 1 0.784314 0
v -0.00249879385 0.0366542545 -0.0501719861 1 0.784314 0
v -0.00249615902 0.034951161 -0.0500690588 1 0.784314 0
v -0.00249130328 0.0332542863 -0.0498908106 1 0.784314 0
v -0.00248329312 0.0315671346 -0.0496364311 0.705882 0 1
v -0.00250374867 0.0298924891 -0.0493110321 0.705882 0 1
v -0.00248195131 0.0282352215 -0.0489083499 0.705882 0 1
v -0.00250304392 0.0266073819 -0.0484015063 0.705882 0 1
v -0.00250614419 0.0250056014 -0.0478133597 0.705882 0 1
v -0.00250603333 0.0234313366 -0.0471553257 0.705882 0 1
v -0.00250212997 0.021885517 -0.0464329098 0.705882 0 1
v -0.00250474227 0.0203757399 -0.0456377019 0.705882 0 1
v -0.00248205095 0.0189000115 -0.0447821029 0 0.862745 0.862745
v -0.00247563225 0.0174727206 -0.0438473558 0 0.862745 0.862745
v -0.00250279056 0.0160896734 -0.0428493246 0 0.862745 0.862745
v -0.00249823672 0.0147495207 -0.041793435 0 0.862745 0.862745
v -0.00248811747 0.0134640819 -0.0406715404 0 0.862745 0.862745
v -0.00248401782 0.0122313377 -0.0394926168 0 0.862745 0.862745
v -0.00248234377 0.0110457572 -0.0382659254 0 0.862745 0.862745
v -0.0024607832 0.0099077171 -0.036995315 0 0.862745 0.862745
v -0.00250675957 0.00878960602 -0.0357070365 0 0.862745 0.862745
v -0.000513522096 0.00566760043 0.0399328369 0.705882 0 1
v -0.000511309614 0.00727110667 0.0393475421 0.705882 0 1
v -0.000510848238 0.0088719959 0.0387552352 0.705882 0 1
v -0.000504422965 0.0104731996 0.0381639483 0.705882 0 1
v -0.000507840662 0.0120737235 0.037570685 0.705882 0 1
v -0.000511963171 0.01367586 0.0369817046 0.705882 0 1
v -0.000456105571 0.0152725633 0.0363875645 0.705882 0 1
v -0.00048120902 0.0168690058 0.0357845773 0.705882 0 1
v -0.000504611458 0.0184620097 0.0351725059 0 0.862745 0.862745
v -0.000494876251 0.0200503136 0.0345474752 0 0.862745 0.862745
v -0.000494626549 0.0216354054 0.0339148722 0 0.862745 0.862745
v -0.000510938506 0.0232196566 0.0332796822 0 0.862745 0.862745
v -0.000511558098 0.0248038382 0.0326439359 0 0.862745 0.862745
v -0.000511881988 0.0263864064 0.0320041826 0 0.862745 0.862745
v -0.000428748507 0.0279611015 0.0313613343 0 0.862745 0.862745
v -0.000464773203 0.0295352916 0.0307033888 0 0.862745 0.862745
v -0.00046757064 0.0311066518 0.0300366057 1 0.470588 0
v -0.000466592905 0.0326722719 0.0293574736 1 0.470588 0
v -0.00044015189 0.0342344853 0.0286700523 1 0.470588 0
v -0.000450192882 0.0357940341 0.0279763166 1 0.470588 0
v -0.000480021979 0.037348732 0.0272724933 1 0.470588 0
v -0.000480043985 0.0388990101 0.0265583761 1 0.470588 0
v -0.000473994998 0.0404469521 0.0258390145 1 0.470588 0
v -0.000491541427 0.041993376 0.0251166869 1 0.470588 0
v -0.000505705848 0.0435340947 0.0243823549 0.470588 1 0
v -0.000490708337 0.0450662234 0.023630987 0.470588 1 0
v -0.000509489842 0.0465901613 0.0228630834 0.470588 1 0
v -0.000511277557 0.0481113399 0.0220886021 0.470588 1 0
v -0.00050999761 0.0496310227 0.021311213 0.470588 1 0
v -0.000497589117 0.0511490061 0.0205307026 0.470588 1 0
v -0.000509545384 0.0526608275 0.0197383765 0.470588 1 0
v -0.000476124171 0.0541611565 0.0189255388 0.470588 1 0
v -0.000470219784 0.0556424437 0.0180778098 1 0 0.705882
v -0.000478759536 0.0570927509 0.0171778862 1 0 0.705882
v -0.000478026123 0.0585124041 0.0162302073 1 0 0.705882
v -0.000491129433 0.0598944166 0.0152290639 1 0 0.705882
v -0.000508010984 0.061226322 0.0141618888 1 0 0.705882
v -0.000496291451 0.0625165775 0.0130451238 1 0 0.705882
v -0.000479800833 0.0637537709 0.0118701576 1 0 0.705882
v -0.000447323818 0.064925385 0.0106301106 1 0 0.705882
v -0.00045123735 0.0660465687 0.00934315367 0.313725 0.313725 1
v -0.000451265126 0.0671018404 0.00800170556 0.313725 0.313725 1
v -0.000484841194 0.0680896158 0.00661066074 0.313725 0.313725 1
v -0.000492575538 0.0690187051 0.0051797495 0.313725 0.313725 1
v -0.000477064949 0.0698729512 0.00370225333 0.313725 0.313725 1
v -0.000472281955 0.0706608907 0.0021882539 0.313725 0.313725 1
v -0.000469414773 0.0713815587 0.00064102132 0.705882 0.470588 0.156863
v -0.00047047028 0.0720153308 -0.000943751941 0.705882 0.470588 0.156863
v -0.000455564962 0.0725845276 -0.00255270873 0.705882 0.470588 0.156863
v -0.000450371816 0.0730816669 -0.0041854527 0.705882 0.470588 0.156863
v -0.000471866426 0.0734899256 -0.00584159578 0.705882 0.470588 0.156863
v -0.000497569564 0.0738228984 -0.00751478253 0.705882 0.470588 0.156863
v -0.000478092886 0.0740811041 -0.00920156391 0.705882 0.470588 0.156863
v -0.000467166712 0.0742605474 -0.0108987847 0.705882 0.470588 0.156863
v -0.000463721752 0.0743595902 -0.0126027939 0.470588 0.470588 0.470588
v -0.000501318458 0.0743740915 -0.0143086239 0.470588 0.470588 0.470588
v -0.000489831653 0.0743089277 -0.01601377 0.470588 0.470588 0.470588
v -0.000508843961 0.0741708658 -0.0177144144 0.470588 0.470588 0.470588
v -0.000513583661 0.0739591925 -0.0194079088 0.470588 0.470588 0.470588
v -0.000510910968 0.0736658796 -0.0210892814 0.470588 0.470588 0.470588
v -0.000508920005 0.0733028764 -0.0227568454 0.470588 0.470588 0.470588
v -0.000509138864 0.0728397376 -0.0243995375 0.470588 0.470588 0.470588
v -0.000500158906 0.0722960354 -0.0260166957 1 0 0
v -0.000456752801 0.0716821672 -0.0276073988 1 0 0
v -0.000505227845 0.0709914324 -0.0291659259 1 0 0
v -0.000498819216 0.070234931 -0.0306959263 1 0 0
v -0.000503417503 0.0694091003 -0.0321896386 1 0 0
v -0.000509330177 0.0685149789 -0.033643376 1 0 0
v -0.000512107182 0.0675510847 -0.0350520334 1 0 0
v -0.000513573016 0.0665269503 -0.036417261 1 0 0
v -0.000513652139 0.0654302148 -0.0377250273 0 1 0
v -0.000513636505 0.0642828234 -0.0389886107 0 1 0
v -0.000513631116 0.0630737224 -0.0401930935 0 1 0
v -0.000513639553 0.0618086757 -0.0413388735 0 1 0
v -0.000513177371 0.0604921018 -0.042424988 0 1 0
v -0.000513510307 0.0591280927 -0.0434508817 0 1 0
v -0.00051339581 0.0577118055 -0.0444033829 0 1 0
v -0.000513637591 0.0562607784 -0.0453021528 0 1 0
v -0.000513631966 0.0547621159 -0.0461186361 0 0.501961 1
v -0.000513629612 0.0532289951 -0.0468688636 0 0.501961 1
v -0.00051288321 0.0516648681 -0.0475517919 0 0.501961 1
v -0.000513376598 0.0500661833 -0.0481494865 0 0.501961 1
v -0.000513612306 0.0484440529 -0.0486804882 0 0.501961 1
v -0.000513631815 0.0467985717 -0.0491332362 0 0.501961 1
v -0.000513647144 0.0451327515 -0.0495049739 0 0.501961 1
v -0.000513612402 0.0434518882 -0.0498013241 0 0.501961 1
v -0.000513647107 0.0417591286 -0.0500188313 1 0.784314 0
v -0.00051357441 0.0400573721 -0.0501495253 1 0.784314 0
v -0.000513603543 0.0383517122 -0.0502125002 1 0.784314 0
v -0.000511368324 0.0366452922 -0.0501851024 1 0.784314 0
v -0.000512866809 0.0349416644 -0.0500804066 1 0.784314 0
v -0.000510173739 0.0332433045 -0.0499108373 1 0.784314 0
v -0.000510003003 0.0315559714 -0.0496535674 0.705882 0 1
v -0.000512490336 0.0298796529 -0.0493322193 0.705882 0 1
v -0.000495777953 0.0282245145 -0.0489174171 0.705882 0 1
v -0.000473345187 0.0265954741 -0.0484100539 0.705882 0 1
v -0.000477384689 0.0249924729 -0.047823661 0.705882 0 1
v -0.000506451679 0.0234169306 -0.0471684251 0.705882 0 1
v -0.000513443286 0.0218735809 -0.046439651 0.705882 0 1
v -0.000513215763 0.0203626452 -0.0456457755 0.705882 0 1
v -0.000511250654 0.0188859665 -0.0447898613 0 0.862745 0.862745
v -0.000482517727 0.0174564747 -0.0438579945 0 0.862745 0.862745
v -0.000479583835 0.0160716841 -0.0428601656 0 0.862745 0.862745
v -0.000488536216 0.0147325149 -0.0418020637 0 0.862745 0.862745
v -0.000453892921 0.0134532 -0.0406788151 0 0.862745 0.862745
v -0.000507300838 0.0122141305 -0.0395068852 0 0.862745 0.862745
v -0.000489488129 0.0110310212 -0.0382771781 0 0.862745 0.862745
v -0.000466965225 0.00989426601 -0.0370054716 0 0.862745 0.862745
v -0.000513668601 0.00877735151 -0.0357161648 0 0.862745 0.862745
v 0.00147837746 0.00566913322 0.0398600578 0.470588 1 0
v 0.00146267243 0.00727186098 0.0392719072 0.470588 1 0
v 0.00146842053 0.00887360838 0.0386808336 0.470588 1 0
v 0.00147171197 0.0104750739 0.0380887664 0.470588 1 0
v 0.00147678676 0.0120771418 0.0374984205 0.470588 1 0
v 0.00146404309 0.0136804021 0.0369115206 0.470588 1 0
v 0.00146923585 0.0152822435 0.0363204835 0.470588 1 0
v 0.00138817404 0.0168803175 0.0357295655 0.470588 1 0
v 0.0014218726 0.0184660263 0.0351204638 1 0 0.705882
v 0.00146265933 0.0200520363 0.034491905 1 0 0.705882
v 0.00146100623 0.0216379631 0.0338603655 1 0 0.705882
v 0.00147824995 0.0232241944 0.0332287964 1 0 0.705882
v 0.00146212702 0.0248098842 0.0325960641 1 0 0.705882
v 0.00145483698 0.0263950986 0.0319618841 1 0 0.705882
v 0.00142571961 0.027975499 0.0313165131 1 0 0.705882
v 0.00143932484 0.0295512995 0.0306597318 1 0 0.705882
v 0.00142431529 0.0311229633 0.029995573 0.313725 0.313725 1
v 0.00144606537 0.0326895339 0.0293180167 0.313725 0.313725 1
v 0.00144671849 0.0342537642 0.028633631 0.313725 0.313725 1
v 0.00144097456 0.0358157837 0.0279442058 0.313725 0.313725 1
v 0.00143752882 0.037370696 0.0272437061 0.313725 0.313725 1
v 0.00139635829 0.0389207936 0.0265303241 0.313725 0.313725 1
v 0.00141425724 0.04046878 0.0258104032 0.313725 0.313725 1
v 0.00141050642 0.042015912 0.0250883066 0.313725 0.313725 1
v 0.001449099 0.0435567492 0.0243565912 0.705882 0.470588 0.156863
v 0.00147491953 0.045089264 0.0236063348 0.705882 0.470588 0.156863
v 0.00145132322 0.0466135299 0.0228386903 0.705882 0.470588 0.156863
v 0.00146947406 0.0481353272 0.0220651608 0.705882 0.470588 0.156863
v 0.00142281483 0.0496570028 0.0212923698 0.705882 0.470588 0.156863
v 0.0014351656 0.0511763327 0.0205146925 0.705882 0.470588 0.156863
v 0.00145405221 0.0526878082 0.019723999 0.705882 0.470588 0.156863
v 0.00141320252 0.0541880247 0.0189102816 0.705882 0.470588 0.156863
v 0.00145213006 0.0556685427 0.0180610197 0.470588 0.470588 0.470588
v 0.00147160896 0.0571215597 0.0171649379 0.470588 0.470588 0.470588
v 0.0014167306 0.0585427838 0.0162226672 0.470588 0.470588 0.470588
v 0.00146229184 0.0599263799 0.0152237627 0.470588 0.470588 0.470588
v 0.00144706312 0.0612581207 0.0141568257 0.470588 0.470588 0.470588
v 0.00147556178 0.0625484649 0.0130393046 0.470588 0.470588 0.470588
v 0.0014777758 0.063784226 0.0118615191 0.470588 0.470588 0.470588
v 0.00145486349 0.0649542681 0.0106186799 0.470588 0.470588 0.470588
v 0.00142198024 0.0660702887 0.00932871674 1 0 0
v 0.00141150635 0.0671251489 0.00798650251 1 0 0
v 0.00145388207 0.0681128606 0.00659515488 1 0 0
v 0.00146449761 0.0690393371 0.00516215944 1 0 0
v 0.00147478655 0.0699037695 0.00368992624 1 0 0
v 0.00147382428 0.0706811742 0.00216992301 1 0 0
v 0.00145682733 0.0713949889 0.000619453983 0 1 0
v 0.00146518849 0.0720325142 -0.000964166665 0 1 0
v 0.00141237416 0.0725987281 -0.0025735754 0 1 0
v 0.001406733 0.073093484 -0.00420725945 0 1 0
v 0.00144337415 0.0735007597 -0.00586401663 0 1 0
v 0.00144169268 0.0738403435 -0.00753602995 0 1 0
v 0.00146398529 0.0740961585 -0.00922325355 0 1 0
v 0.00144790981 0.0742693666 -0.0109214463 0 1 0
v 0.00147341288 0.0743713941 -0.0126252956 0 0.501961 1
v 0.00146823948 0.0743920609 -0.0143322653 0 0.501961 1
v 0.00146388734 0.0743222052 -0.0160380759 0 0.501961 1
v 0.00147707335 0.0741795263 -0.0177392774 0 0.501961 1
v 0.00147472103 0.0739615482 -0.0194324685 0 0.501961 1
v 0.00144734002 0.0736649659 -0.0211134661 0 0.501961 1
v 0.00146801607 0.073289919 -0.0227787511 0 0.501961 1
v 0.00143472616 0.0728346462 -0.0244225439 0 0.501961 1
v 0.00137707 0.0722952884 -0.0260407004 1 0.784314 0
v 0.00140517448 0.071684235 -0.0276343469 1 0.784314 0
v 0.00145051406 0.070996027 -0.0291960028 1 0.784314 0
v 0.00146212158 0.0702324312 -0.0307227838 1 0.784314 0
v 0.00146479522 0.069408259 -0.0322176564 1 0.784314 0
v 0.00147037556 0.0685088772 -0.0336686924 1 0.784314 0
v 0.00147647197 0.0675465002 -0.0350788392 1 0.784314 0
v 0.00147874694 0.0665181275 -0.0364414562 1 0.784314 0
v 0.0014794287 0.0654235519 -0.0377515696 0.705882 0 1
v 0.00147902672 0.0642730477 -0.0390128715 0.705882 0 1
v 0.00147917731 0.0630627412 -0.0402168529 0.705882 0 1
v 0.00147938344 0.0617979343 -0.0413634816 0.705882 0 1
v 0.00147785836 0.0604793983 -0.0424479734 0.705882 0 1
v 0.00147914332 0.0591138893 -0.0434725802 0.705882 0 1
v 0.00147431954 0.0576996098 -0.0444288106 0.705882 0 1
v 0.00147914661 0.0562453322 -0.0453230925 0.705882 0 1
v 0.00147941047 0.0547463873 -0.0461401243 0 0.862745 0.862745
v 0.00147944506 0.0532121771 -0.0468890833 0 0.862745 0.862745
v 0.0014771155 0.0516458708 -0.0475680276 0 0.862745 0.862745
v 0.0014760734 0.0500474905 -0.0481677377 0 0.862745 0.862745
v 0.00147920082 0.0484251711 -0.0486992133 0 0.862745 0.862745
v 0.00147921694 0.0467782257 -0.0491486161 0 0.862745 0.862745
v 0.00147940147 0.0451124256 -0.0495223611 0 0.862745 0.862745
v 0.00147826016 0.0434303553 -0.0498144862 0 0.862745 0.862745
v 0.00147927529 0.0417368339 -0.0500297218 1 0.470588 0
v 0.00147507898 0.0400349434 -0.0501642062 1 0.470588 0
v 0.00147868763 0.0383287706 -0.0502244065 1 0.470588 0
v 0.00147774428 0.0366218743 -0.0501977044 1 0.470588 0
v 0.00147724776 0.0349181599 -0.0500882392 1 0.470588 0
v 0.00147044827 0.0332198851 -0.0499137017 1 0.470588 0
v 0.00146651015 0.0315316295 -0.0496602272 0.470588 1 0
v 0.00146957299 0.0298566511 -0.0493303254 0.470588 1 0
v 0.00142729431 0.0282009487 -0.0489200562 0.470588 1 0
v 0.00144248181 0.0265719346 -0.048412104 0.470588 1 0
v 0.00144695837 0.0249712916 -0.0478180529 0.470588 1 0
v 0.00146788857 0.0233923901 -0.0471691406 0.470588 1 0
v 0.00147426698 0.021847632 -0.0464426672 0.470588 1 0
v 0.00147531256 0.0203382943 -0.0456450127 0.470588 1 0
v 0.00147151862 0.0188636508 -0.0447848191 1 0 0.705882
v 0.00141182398 0.0174367477 -0.0438543885 1 0 0.705882
v 0.00146222932 0.0160574139 -0.0428701493 1 0 0.705882
v 0.00145358712 0.0147238163 -0.0418045645 1 0 0.705882
v 0.00146423854 0.0134373558 -0.0406824199 1 0 0.705882
v 0.00147750951 0.0122000114 -0.0395063636 1 0 0.705882
v 0.0014709208 0.0110178873 -0.0382746379 1 0 0.705882
v 0.00137973727 0.00988417175 -0.0370024366 1 0 0.705882
v 0.0014794743 0.00877728389 -0.035716097 1 0 0.705882
v 0.00346844764 0.00566179306 0.0397511688 0.470588 1 0
v 0.00346755386 0.00726414587 0.0391648156 0.470588 1 0
v 0.00346480774 0.00886587033 0.0385767632 0.470588 1 0
v 0.0034629964 0.0104677586 0.037989153 0.470588 1 0
v 0.00346623869 0.0120700132 0.0374025927 0.470588 1 0
v 0.00345647223 0.0136725295 0.0368168948 0.470588 1 0
v 0.00345532229 0.0152741778 0.0362291194 0.470588 1 0
v 0.00345999259 0.016874059 0.0356362239 0.470588 1 0
v 0.00346557428 0.0184676997 0.035027314 1 0 0.705882
v 0.0034581231 0.0200549531 0.0344028084 1 0 0.705882
v 0.00345970841 0.021641029 0.033774234 1 0 0.705882
v 0.00345704991 0.0232275501 0.0331474163 1 0 0.705882
v 0.00346700399 0.0248141678 0.0325200167 1 0 0.705882
v 0.00345726852 0.0263977358 0.0318858 1 0 0.705882
v 0.00346525223 0.027976926 0.0312401161 1 0 0.705882
v 0.00346879086 0.0295535648 0.0305877897 1 0 0.705882
v 0.00346501024 0.0311266742 0.0299270358 0.313725 0.313725 1
v 0.00346372334 0.0326945075 0.0292538557 0.313725 0.313725 1
v 0.00346889039 0.0342589478 0.0285728117 0.313725 0.313725 1
v 0.00346902954 0.0358219567 0.027888457 0.313725 0.313725 1
v 0.00345256783 0.0373793072 0.0271915639 0.313725 0.313725 1
v 0.00345698469 0.0389299504 0.0264797791 0.313725 0.313725 1
v 0.00346731107 0.0404779151 0.0257623394 0.313725 0.313725 1
v 0.00347114189 0.0420252247 0.0250432546 0.313725 0.313725 1
v 0.00346075492 0.0435666002 0.0243117554 0.705882 0.470588 0.156863
v 0.00347119702 0.0450985656 0.0235606361 0.705882 0.470588 0.156863
v 0.0034584488 0.0466238019 0.0227959469 0.705882 0.470588 0.156863
v 0.00347151926 0.0481472025 0.0220279189 0.705882 0.470588 0.156863
v 0.00346256103 0.0496713091 0.0212609846 0.705882 0.470588 0.156863
v 0.0034717662 0.05118989 0.0204831293 0.705882 0.470588 0.156863
v 0.0034722049 0.0527005997 0.01969 0.705882 0.470588 0.156863
v 0.00347216476 0.05420013 0.0188759596 0.705882 0.470588 0.156863
v 0.00346580061 0.0556833236 0.018032607 0.470588 0.470588 0.470588
v 0.00346271339 0.0571378005 0.0171407813 0.470588 0.470588 0.470588
v 0.00346800117 0.058564984 0.0162058378 0.470588 0.470588 0.470588
v 0.00346807688 0.0599467864 0.0152054455 0.470588 0.470588 0.470588
v 0.00346775866 0.0612759826 0.0141357803 0.470588 0.470588 0.470588
v 0.00347178633 0.0625674539 0.0130210165 0.470588 0.470588 0.470588
v 0.00347116311 0.0637994756 0.0118410047 0.470588 0.470588 0.470588
v 0.00346198349 0.0649679786 0.0105981951 0.470588 0.470588 0.470588
v 0.00347164921 0.0660880839 0.00931137534 1 0 0
v 0.00345946648 0.0671386355 0.00796737696 1 0 0
v 0.00346776144 0.0681231579 0.00657407221 1 0 0
v 0.00346358068 0.0690496 0.00514145495 1 0 0
v 0.00346566617 0.069906879 0.00366651925 1 0 0
v 0.00344700088 0.0706905327 0.00215115969 1 0 0
v 0.00346227485 0.0714030428 0.000601116822 0 1 0
v 0.00346212731 0.0720386649 -0.000982006465 0 1 0
v 0.00345947356 0.0726019016 -0.00259251637 0 1 0
v 0.00346332637 0.0730983698 -0.00422460725 0 1 0
v 0.00346378689 0.0735098511 -0.00588021937 0 1 0
v 0.00346810569 0.0738379661 -0.00755446062 0 1 0
v 0.00346879961 0.0741040373 -0.00923966273 0 1 0
v 0.0034724002 0.074271895 -0.0109373187 0 1 0
v 0.00346559633 0.074367851 -0.0126407852 0 0.501961 1
v 0.0034698941 0.074388561 -0.0143464872 0 0.501961 1
v 0.00345013762 0.0743127705 -0.0160507221 0 0.501961 1
v 0.00346844816 0.074174241 -0.0177510433 0 0.501961 1
v 0.00347031572 0.0739589243 -0.0194434578 0 0.501961 1
v 0.00346633961 0.0736497465 -0.0211211918 0 0.501961 1
v 0.00346206452 0.0732732197 -0.022785104 0 0.501961 1
v 0.00345890585 0.0728217172 -0.0244299252 0 0.501961 1
v 0.00343958994 0.0722822833 -0.0260481927 1 0.784314 0
v 0.00343734915 0.0716773387 -0.0276433462 1 0.784314 0
v 0.00346803028 0.0709897252 -0.0292042113 1 0.784314 0
v 0.00346130551 0.070227798 -0.0307305884 1 0.784314 0
v 0.00345018299 0.0693987517 -0.0322216465 1 0.784314 0
v 0.00346592142 0.0685037261 -0.0336739344 1 0.784314 0
v 0.0034691477 0.0675395417 -0.0350813806 1 0.784314 0
v 0.00346566384 0.0665078038 -0.0364400457 1 0.784314 0
v 0.00346795827 0.0654194531 -0.0377537797 0.705882 0 1
v 0.00346759332 0.0642656732 -0.039010399 0.705882 0 1
v 0.003467117 0.063056123 -0.0402135034 0.705882 0 1
v 0.00346905404 0.0617955372 -0.0413630667 0.705882 0 1
v 0.00346270394 0.0604764018 -0.0424450553 0.705882 0 1
v 0.00346506438 0.0591114881 -0.0434685441 0.705882 0 1
v 0.00347139826 0.0576978325 -0.0444237144 0.705882 0 1
v 0.0034657713 0.0562439265 -0.0453163469 0.705882 0 1
v 0.0034670269 0.0547476239 -0.0461360595 0 0.862745 0.862745
v 0.00346767467 0.0532147968 -0.0468851214 0 0.862745 0.862745
v 0.00346252708 0.0516476853 -0.0475594102 0 0.862745 0.862745
v 0.00346300681 0.0500520255 -0.0481630129 0 0.862745 0.862745
v 0.00346710331 0.0484290001 -0.0486885289 0 0.862745 0.862745
v 0.00346581786 0.0467838109 -0.049139817 0 0.862745 0.862745
v 0.00346771553 0.0451203473 -0.0495185957 0 0.862745 0.862745
v 0.00345921049 0.0434389428 -0.0498077204 0 0.862745 0.862745
v 0.0034603508 0.0417466031 -0.050023556 1 0.470588 0
v 0.00346112806 0.0400458216 -0.050158165 1 0.470588 0
v 0.00346188607 0.0383409408 -0.0502233703 1 0.470588 0
v 0.00347046463 0.0366352602 -0.0501974474 1 0.470588 0
v 0.00347175447 0.0349326443 -0.0500889658 1 0.470588 0
v 0.00345996822 0.0332353266 -0.0499166289 1 0.470588 0
v 0.00345734004 0.031549034 -0.0496579616 0.470588 1 0
v 0.00346872144 0.0298761355 -0.0493236617 0.470588 1 0
v 0.00346016579 0.0282198322 -0.0489150778 0.470588 1 0
v 0.00346947743 0.0265919407 -0.0484048549 0.470588 1 0
v 0.00346836997 0.0249895211 -0.0478190825 0.470588 1 0
v 0.00346301284 0.0234088259 -0.047177336 0.470588 1 0
v 0.00345931195 0.021866302 -0.0464489482 0.470588 1 0
v 0.00346303951 0.020353453 -0.0456601806 0.470588 1 0
v 0.00345177219 0.018880382 -0.0448002634 1 0 0.705882
v 0.00347184641 0.0174515193 -0.0438683011 1 0 0.705882
v 0.00344633374 0.0160682644 -0.0428702735 1 0 0.705882
v 0.00345608342 0.0147319892 -0.0418099308 1 0 0.705882
v 0.00347125487 0.0134461485 -0.0406886109 1 0 0.705882
v 0.00345732662 0.0122149015 -0.039507694 1 0 0.705882
v 0.00346905061 0.0110323594 -0.0382780516 1 0 0.705882
v 0.00345372784 0.00989970652 -0.0370022997 1 0 0.705882
v 0.00347254709 0.00879050705 -0.0357060289 1 0 0.705882
v 0.00545671885 0.00566286393 0.039611305 0.470588 1 0
v 0.00544988867 0.00726786598 0.0390371184 0.470588 1 0
v 0.00544423778 0.0088705392 0.0384564486 0.470588 1 0
v 0.00545548932 0.0104727153 0.0378745579 0.470588 1 0
v 0.00545523618 0.0120743731 0.0372911327 0.470588 1 0
v 0.00545961788 0.0136757271 0.03670682 0.470588 1 0
v 0.00544961482 0.0152763351 0.0361205505 0.470588 1 0
v 0.00545562273 0.0168749953 0.0355290443 0.470588 1 0
v 0.00545873126 0.018467854 0.0349219902 1 0 0.705882
v 0.00545896542 0.0200563 0.0343034353 1 0 0.705882
v 0.00545622216 0.0216430943 0.0336806552 1 0 0.705882
v 0.00545308009 0.0232307276 0.0330600508 1 0 0.705882
v 0.00546118496 0.0248169724 0.0324360068 1 0 0.705882
v 0.00546225478 0.0263986419 0.0318003209 1 0 0.705882
v 0.00545381947 0.0279777646 0.0311584054 1 0 0.705882
v 0.00545383339 0.0295542536 0.0305100184 1 0 0.705882
v 0.0054597861 0.0311269655 0.0298525538 0.313725 0.313725 1
v 0.00545904124 0.0326945771 0.0291829997 0.313725 0.313725 1
v 0.00545667284 0.0342590235 0.0285060419 0.313725 0.313725 1
v 0.00545690761 0.0358215541 0.0278246796 0.313725 0.313725 1
v 0.00546160153 0.0373802269 0.0271345908 0.313725 0.313725 1
v 0.00545323215 0.0389310259 0.0264271307 0.313725 0.313725 1
v 0.00543669733 0.0404789652 0.0257135327 0.313725 0.313725 1
v 0.00545592672 0.0420256833 0.024997287 0.313725 0.313725 1
v 0.00546373682 0.0435674655 0.0242702535 0.705882 0.470588 0.156863
v 0.00546256461 0.0450983104 0.0235204258 0.705882 0.470588 0.156863
v 0.00545072459 0.0466241296 0.0227605751 0.705882 0.470588 0.156863
v 0.00545930419 0.0481495644 0.0219998369 0.705882 0.470588 0.156863
v 0.00545430615 0.049673173 0.0212355886 0.705882 0.470588 0.156863
v 0.00546466509 0.0511880223 0.0204541171 0.705882 0.470588 0.156863
v 0.00546201777 0.0526942315 0.0196559342 0.705882 0.470588 0.156863
v 0.00544798431 0.054193702 0.0188453491 0.705882 0.470588 0.156863
v 0.00546383272 0.0556719614 0.0179969775 0.470588 0.470588 0.470588
v 0.00546183071 0.0571248997 0.0171056456 0.470588 0.470588 0.470588
v 0.00546159545 0.0585488204 0.016168703 0.470588 0.470588 0.470588
v 0.00546489609 0.0599314014 0.0151719646 0.470588 0.470588 0.470588
v 0.00546343345 0.0612600293 0.0141041773 0.470588 0.470588 0.470588
v 0.00546005367 0.0625471333 0.0129868835 0.470588 0.470588 0.470588
v 0.00545764922 0.0637785841 0.0118087164 0.470588 0.470588 0.470588
v 0.0054641417 0.064946921 0.010567696 0.470588 0.470588 0.470588
v 0.00546504482 0.0660671553 0.00928308628 1 0 0
v 0.00546298262 0.0671165391 0.00794031232 1 0 0
v 0.00546412721 0.0680996867 0.00654794768 1 0 0
v 0.00545965478 0.0690273081 0.00511809543 1 0 0
v 0.00546304769 0.06988116 0.0036430977 1 0 0
v 0.00546207481 0.0706586793 0.00212628259 1 0 0
v 0.00546470618 0.0713815628 0.00058270208 0 1 0
v 0.00546214793 0.0720150838 -0.00099946547 0 1 0
v 0.00546503038 0.0725717445 -0.00261054414 0 1 0
v 0.0054648902 0.0730700749 -0.00424053216 0 1 0
v 0.00546489497 0.0734769566 -0.00589552112 0 1 0
v 0.00546446098 0.0738072082 -0.00756777635 0 1 0
v 0.00545943925 0.0740706415 -0.00925164752 0 1 0
v 0.00545591434 0.0742350176 -0.0109481441 0 1 0
v 0.00546215667 0.074335585 -0.0126497266 0 0.501961 1
v 0.00545882885 0.0743534185 -0.0143538674 0 0.501961 1
v 0.00544809055 0.0742755462 -0.0160565605 0 0.501961 1
v 0.00546151612 0.0741394565 -0.017755406 0 0.501961 1
v 0.00545328057 0.0739258132 -0.019446129 0 0.501961 1
v 0.00546265692 0.0736193881 -0.0211227446 0 0.501961 1
v 0.00545821931 0.073254317 -0.0227876818 0 0.501961 1
v 0.00546059053 0.0728025533 -0.0244309434 0 0.501961 1
v 0.00545880229 0.0722555249 -0.0260452196 1 0.784314 0
v 0.00545989838 0.0716443101 -0.0276362375 1 0.784314 0
v 0.00546457391 0.0709532742 -0.0291942858 1 0.784314 0
v 0.00546526936 0.0701950345 -0.0307207843 1 0.784314 0
v 0.00546421035 0.0693705756 -0.0322126015 1 0.784314 0
v 0.00546391177 0.068472387 -0.0336610603 1 0.784314 0
v 0.00546196785 0.067505407 -0.0350646919 1 0.784314 0
v 0.00544892786 0.0664859573 -0.0364304637 1 0.784314 0
v 0.00545514947 0.0653912554 -0.0377365302 0.705882 0 1
v 0.00545530945 0.0642387168 -0.0389922322 0.705882 0 1
v 0.00545719718 0.0630315478 -0.0401953991 0.705882 0 1
v 0.00545049509 0.0617670643 -0.0413381173 0.705882 0 1
v 0.00544358248 0.0604561806 -0.0424275288 0.705882 0 1
v 0.00545214089 0.0590911196 -0.043447998 0.705882 0 1
v 0.00545384999 0.0576773977 -0.0444000422 0.705882 0 1
v 0.00544745679 0.0562237972 -0.0452902551 0.705882 0 1
v 0.00545935201 0.0547317315 -0.0461140118 0 0.862745 0.862745
v 0.00544738483 0.0531965749 -0.0468545294 0 0.862745 0.862745
v 0.00544954204 0.0516331179 -0.0475328361 0 0.862745 0.862745
v 0.00546358558 0.0500370266 -0.0481301626 0 0.862745 0.862745
v 0.00546171146 0.0484164955 -0.0486584835 0 0.862745 0.862745
v 0.00546056763 0.0467735605 -0.0491118774 0 0.862745 0.862745
v 0.00545596255 0.0451099231 -0.0494818337 0 0.862745 0.862745
v 0.00545631597 0.0434311698 -0.0497765566 0 0.862745 0.862745
v 0.00545662067 0.041740567 -0.0499930071 1 0.470588 0
v 0.00545652764 0.0400416918 -0.0501304753 1 0.470588 0
v 0.00545239836 0.0383384469 -0.0501952409 1 0.470588 0
v 0.0054600328 0.0366343905 -0.0501707163 1 0.470588 0
v 0.00545817895 0.0349335598 -0.0500595037 1 0.470588 0
v 0.00545188858 0.0332380408 -0.0498872642 1 0.470588 0
v 0.00544848822 0.0315528742 -0.0496331367 0.470588 1 0
v 0.00546262309 0.0298813979 -0.0492998021 0.470588 1 0
v 0.00546148236 0.0282302694 -0.0488772844 0.470588 1 0
v 0.00546186343 0.0266038588 -0.0483677572 0.470588 1 0
v 0.00545782048 0.0250010915 -0.0477875991 0.470588 1 0
v 0.00545496969 0.023422495 -0.0471448219 0.470588 1 0
v 0.00545934912 0.0218803062 -0.0464192437 0.470588 1 0
v 0.00546455105 0.0203712421 -0.0456268384 0.470588 1 0
v 0.00546310755 0.0188967224 -0.0447720342 1 0 0.705882
v 0.00546366563 0.0174692443 -0.0438407574 1 0 0.705882
v 0.00546355575 0.0160847329 -0.042846532 1 0 0.705882
v 0.00545039154 0.0147510138 -0.0417859452 1 0 0.705882
v 0.00545917172 0.0134688975 -0.0406630461 1 0 0.705882
v 0.00545937593 0.0122360186 -0.039486146 1 0 0.705882
v 0.00545840616 0.0110542242 -0.0382579736 1 0 0.705882
v 0.00544753151 0.00992611992 -0.0369803953 1 0 0.705882
v 0.0054654135 0.00881720186 -0.035685903 1 0 0.705882
v 0.00744147836 0.00566400911 0.0394276668 0.470588 1 0
v 0.00744081386 0.00726819576 0.0388588821 0.470588 1 0
v 0.00744420689 0.00887263136 0.0382908027 0.470588 1 0
v 0.0074445218 0.0104746882 0.037716056 0.470588 1 0
v 0.00744626759 0.0120744204 0.0371348651 0.470588 1 0
v 0.00744720622 0.0136739357 0.0365530864 0.470588 1 0
v 0.0074423715 0.0152721776 0.0359679341 0.470588 1 0
v 0.00743262183 0.0168703986 0.0353829028 0.470588 1 0
v 0.00744677289 0.0184634432 0.0347838313 1 0 0.705882
v 0.0074493075 0.0200502213 0.0341681434 1 0 0.705882
v 0.00745040237 0.0216381845 0.0335555055 1 0 0.705882
v 0.00744965547 0.0232268343 0.0329447225 1 0 0.705882
v 0.00745094376 0.0248116538 0.0323240434 1 0 0.705882
v 0.00745256134 0.026391147 0.0316898875 1 0 0.705882
v 0.00744321596 0.0279684799 0.0310504782 1 0 0.705882
v 0.00744177859 0.0295445108 0.0304079533 1 0 0.705882
v 0.00744830057 0.0311174975 0.0297579663 0.313725 0.313725 1
v 0.00745237258 0.0326835325 0.0290913447 0.313725 0.313725 1
v 0.00745448711 0.0342471446 0.0284189928 0.313725 0.313725 1
v 0.00745535085 0.035808985 0.0277425274 0.313725 0.313725 1
v 0.00745593635 0.037366504 0.0270561882 0.313725 0.313725 1
v 0.00745321137 0.0389181318 0.0263567313 0.313725 0.313725 1
v 0.00745578293 0.0404657177 0.0256483307 0.313725 0.313725 1
v 0.00745436412 0.0420114484 0.0249358369 0.313725 0.313725 1
v 0.00745240015 0.0435521568 0.0242126343 0.705882 0.470588 0.156863
v 0.00745427992 0.0450841931 0.0234711744 0.705882 0.470588 0.156863
v 0.00744247455 0.0466107695 0.0227187267 0.705882 0.470588 0.156863
v 0.00745527999 0.0481353963 0.0219623171 0.705882 0.470588 0.156863
v 0.00745773248 0.0496567522 0.0211991834 0.705882 0.470588 0.156863
v 0.00745405198 0.051168721 0.0204176501 0.705882 0.470588 0.156863
v 0.00745438681 0.0526716612 0.0196188652 0.705882 0.470588 0.156863
v 0.00744311652 0.0541691297 0.0188100074 0.705882 0.470588 0.156863
v 0.00745619622 0.0556457188 0.0179639308 0.470588 0.470588 0.470588
v 0.00745662738 0.0570900821 0.0170637008 0.470588 0.470588 0.470588
v 0.00745162053 0.0585102346 0.0161257889 0.470588 0.470588 0.470588
v 0.0074494231 0.0598905431 0.0151305557 0.470588 0.470588 0.470588
v 0.00745756131 0.0612167914 0.014064163 0.470588 0.470588 0.470588
v 0.00745739345 0.0625033972 0.0129501119 0.470588 0.470588 0.470588
v 0.00745531591 0.0637281281 0.0117686862 0.470588 0.470588 0.470588
v 0.00745638176 0.0648964808 0.0105312814 0.470588 0.470588 0.470588
v 0.00745558543 0.0660182014 0.00925145054 1 0 0
v 0.00745612317 0.0670646638 0.00790961837 1 0 0
v 0.00745572934 0.0680487927 0.00652114302 1 0 0
v 0.00745522761 0.0689725199 0.00509188306 1 0 0
v 0.00745579529 0.069822836 0.00361779836 1 0 0
v 0.00744718164 0.0706075025 0.00210768786 1 0 0
v 0.00744647711 0.0713227597 0.000563515765 0 1 0
v 0.00745370634 0.0719595822 -0.00101457113 0 1 0
v 0.00744985124 0.0725205236 -0.00262136093 0 1 0
v 0.0074560091 0.0730123955 -0.00425056121 0 1 0
v 0.00745717147 0.0734160022 -0.00590374968 0 1 0
v 0.00745577463 0.0737485834 -0.00757282723 0 1 0
v 0.00745139387 0.0740067894 -0.00925484924 0 1 0
v 0.00745605824 0.0741761992 -0.0109482143 0 1 0
v 0.00745570603 0.0742767974 -0.0126471431 0 0.501961 1
v 0.0074537959 0.0742908935 -0.0143487796 0 0.501961 1
v 0.0074472826 0.0742183781 -0.0160490697 0 0.501961 1
v 0.00745168362 0.0740812833 -0.0177453775 0 0.501961 1
v 0.00745626884 0.073863938 -0.0194331309 0 0.501961 1
v 0.0074553926 0.0735643075 -0.0211084574 0 0.501961 1
v 0.0074575126 0.0732014595 -0.0227712044 0 0.501961 1
v 0.00745414215 0.0727561526 -0.0244133428 0 0.501961 1
v 0.00745345985 0.0722121942 -0.0260258111 1 0.784314 0
v 0.00745773767 0.0715915153 -0.0276104307 1 0.784314 0
v 0.00745755089 0.0709006387 -0.0291656739 1 0.784314 0
v 0.00745768463 0.0701454356 -0.0306907977 1 0.784314 0
v 0.00745775246 0.0693223297 -0.0321802367 1 0.784314 0
v 0.00745763636 0.0684286052 -0.0336284026 1 0.784314 0
v 0.00745770999 0.0674642282 -0.0350307093 1 0.784314 0
v 0.00744769589 0.0664472437 -0.0363951925 1 0.784314 0
v 0.00744584968 0.065348818 -0.0376951243 0.705882 0 1
v 0.00745535147 0.0641986599 -0.0389494644 0.705882 0 1
v 0.00745479451 0.0629975443 -0.0401549603 0.705882 0 1
v 0.00745460395 0.0617330182 -0.0412938344 0.705882 0 1
v 0.00745703809 0.0604221038 -0.0423790775 0.705882 0 1
v 0.00745784411 0.0590608794 -0.0434003209 0.705882 0 1
v 0.00745533294 0.0576474333 -0.0443482848 0.705882 0 1
v 0.00745402663 0.0561987062 -0.0452412884 0.705882 0 1
v 0.00745621679 0.0547065499 -0.0460594141 0 0.862745 0.862745
v 0.00744352814 0.0531766361 -0.0468048056 0 0.862745 0.862745
v 0.00744716657 0.0516134098 -0.0474771784 0 0.862745 0.862745
v 0.00744876129 0.0500207777 -0.0480770447 0 0.862745 0.862745
v 0.00745177483 0.0484021203 -0.0486027217 0 0.862745 0.862745
v 0.00745056702 0.0467640467 -0.0490639662 0 0.862745 0.862745
v 0.00744898458 0.0451008309 -0.0494247131 0 0.862745 0.862745
v 0.00744973316 0.0434251681 -0.0497221423 0 0.862745 0.862745
v 0.00745044319 0.041737489 -0.0499403923 1 0.470588 0
v 0.00744725696 0.0400408473 -0.0500739339 1 0.470588 0
v 0.00745138816 0.0383401747 -0.0501381371 1 0.470588 0
v 0.00745700377 0.0366386188 -0.050107349 1 0.470588 0
v 0.00745505246 0.0349403169 -0.0499971059 1 0.470588 0
v 0.00745220098 0.0332474108 -0.0498228953 1 0.470588 0
v 0.00745255102 0.0315629362 -0.0495805156 0.470588 1 0
v 0.0074552572 0.0298920438 -0.0492578348 0.470588 1 0
v 0.00744714542 0.0282454927 -0.0488282486 0.470588 1 0
v 0.00745294637 0.0266238162 -0.0483125686 0.470588 1 0
v 0.00745378371 0.0250248291 -0.0477296982 0.470588 1 0
v 0.00745307701 0.0234489983 -0.0470869969 0.470588 1 0
v 0.00745104516 0.0219056417 -0.0463700295 0.470588 1 0
v 0.00744776866 0.0204003625 -0.0455759782 0.470588 1 0
v 0.00745091161 0.0189306116 -0.0447181325 1 0 0.705882
v 0.00745292317 0.017504236 -0.0437898378 1 0 0.705882
v 0.00745567497 0.0161206702 -0.0427988819 1 0 0.705882
v 0.00745653197 0.0147885129 -0.0417399594 1 0 0.705882
v 0.00745363773 0.0135064624 -0.0406207469 1 0 0.705882
v 0.0074527656 0.0122744607 -0.0394467119 1 0 0.705882
v 0.00745068511 0.011091694 -0.0382230137 1 0 0.705882
v 0.00745125451 0.00996367299 -0.0369485618 1 0 0.705882
v 0.0074580894 0.00885204492 -0.0356598253 1 0 0.705882
v 0.00941985804 0.0056653415 0.0391833362 0.470588 1 0
v 0.00942529243 0.00726946861 0.0386233836 0.470588 1 0
v 0.0094253953 0.00887183325 0.0380583644 0.470588 1 0
v 0.00942512981 0.0104717278 0.0374863898 0.470588 1 0
v 0.00942807516 0.0120695419 0.0369086347 0.470588 1 0
v 0.00942222989 0.0136661451 0.0363275894 0.470588 1 0
v 0.00942887225 0.015262478 0.0357458118 0.470588 1 0
v 0.00942441391 0.0168597744 0.0351667073 0.470588 1 0
v 0.00942904304 0.0184545821 0.0345808031 1 0 0.705882
v 0.00943482102 0.0200437244 0.0339797045 1 0 0.705882
v 0.00943122426 0.0216311536 0.0333740217 1 0 0.705882
v 0.00943674856 0.0232181169 0.0327672249 1 0 0.705882
v 0.00943918525 0.0248044257 0.0321586148 1 0 0.705882
v 0.00943741019 0.0263827845 0.0315297733 1 0 0.705882
v 0.00943559143 0.0279586146 0.0308945558 1 0 0.705882
v 0.00943432075 0.0295346757 0.0302598928 1 0 0.705882
v 0.00943720516 0.031108005 0.0296184866 0.313725 0.313725 1
v 0.00944308714 0.0326732268 0.0289575743 0.313725 0.313725 1
v 0.00944387979 0.0342353634 0.0282893378 0.313725 0.313725 1
v 0.0094450386 0.0357977925 0.0276218192 0.313725 0.313725 1
v 0.00944555018 0.0373560366 0.0269445995 0.313725 0.313725 1
v 0.00943392032 0.0389069716 0.0262509634 0.313725 0.313725 1
v 0.00944089153 0.0404532275 0.0255470315 0.313725 0.313725 1
v 0.00944662784 0.0419986886 0.0248411697 0.313725 0.313725 1
v 0.00944600052 0.0435408071 0.0241279688 0.705882 0.470588 0.156863
v 0.009447096 0.045072221 0.023392091 0.705882 0.470588 0.156863
v 0.00943847613 0.0465979584 0.0226445774 0.705882 0.470588 0.156863
v 0.00944705164 0.0481220526 0.0218937115 0.705882 0.470588 0.156863
v 0.00944963286 0.0496424799 0.0211353786 0.705882 0.470588 0.156863
v 0.00944312288 0.0511528239 0.0203572759 0.705882 0.470588 0.156863
v 0.0094502432 0.052655098 0.0195636002 0.705882 0.470588 0.156863
v 0.00944872233 0.0541502932 0.0187566522 0.705882 0.470588 0.156863
v 0.00944897556 0.0556277432 0.0179178455 0.470588 0.470588 0.470588
v 0.00945022439 0.0570664168 0.0170141996 0.470588 0.470588 0.470588
v 0.00944951591 0.0584800002 0.016071694 0.470588 0.470588 0.470588
v 0.00944937944 0.059859973 0.0150807718 0.470588 0.470588 0.470588
v 0.00944770506 0.0611815256 0.014013113 0.470588 0.470588 0.470588
v 0.00944937646 0.0624649931 0.0129000213 0.470588 0.470588 0.470588
v 0.00944849316 0.0636886215 0.0117216089 0.470588 0.470588 0.470588
v 0.00944574848 0.0648553588 0.0104867076 0.470588 0.470588 0.470588
v 0.00944647569 0.0659690621 0.00920384439 1 0 0
v 0.00944661471 0.0670197155 0.0078689572 1 0 0
v 0.00944852209 0.067998445 0.00648036932 1 0 0
v 0.00944523631 0.0689191318 0.00505261306 1 0 0
v 0.00944777204 0.0697715407 0.00358317082 1 0 0
v 0.0094452263 0.0705520261 0.0020740685 1 0 0
v 0.00944724254 0.0712632486 0.000531335698 0 1 0
v 0.00944693865 0.0718977616 -0.00104427731 0 1 0
v 0.00944946321 0.0724599173 -0.00264747191 0 1 0
v 0.00944950692 0.0729522142 -0.00427347205 0 1 0
v 0.0094496008 0.0733597591 -0.00592260219 0 1 0
v 0.00944976884 0.0736880022 -0.0075894947 0 1 0
v 0.00944561488 0.0739485354 -0.00926818161 0 1 0
v 0.00944919993 0.0741139756 -0.0109589332 0 1 0
v 0.00944962034 0.0742122547 -0.0126549913 0 0.501961 1
v 0.00944792862 0.074230338 -0.0143536681 0 0.501961 1
v 0.00944157133 0.0741596286 -0.0160510546 0 0.501961 1
v 0.00944824097 0.0740186043 -0.0177440195 0 0.501961 1
v 0.00944352888 0.0737919546 -0.0194276085 0 0.501961 1
v 0.00944464643 0.0734953873 -0.0211003916 0 0.501961 1
v 0.00944845928 0.0731349919 -0.022760611 0 0.501961 1
v 0.00944519544 0.0726915732 -0.0244001198 0 0.501961 1
v 0.00944598338 0.0721535568 -0.0260114048 1 0.784314 0
v 0.00945006473 0.0715352589 -0.0275937461 1 0.784314 0
v 0.00944857068 0.0708452463 -0.0291460354 1 0.784314 0
v 0.00944933653 0.0700880636 -0.0306668914 1 0.784314 0
v 0.00944901477 0.069267224 -0.0321541352 1 0.784314 0
v 0.00944714153 0.0683712766 -0.0335971969 1 0.784314 0
v 0.00944842825 0.0674148479 -0.0350013117 1 0.784314 0
v 0.00944764622 0.0663892235 -0.0363554631 1 0.784314 0
v 0.00944748832 0.0652968038 -0.0376564626 0.705882 0 1
v 0.00944739781 0.064156013 -0.0389153732 0.705882 0 1
v 0.00944521297 0.0629519008 -0.0401136231 0.705882 0 1
v 0.00943944335 0.0616892834 -0.0412501353 0.705882 0 1
v 0.00944592959 0.0603813256 -0.0423342198 0.705882 0 1
v 0.00944947956 0.0590196142 -0.0433497566 0.705882 0 1
v 0.00944949689 0.0576109181 -0.0442993651 0.705882 0 1
v 0.00944968253 0.0561654017 -0.045191938 0.705882 0 1
v 0.00944980747 0.0546729561 -0.0460033883 0 0.862745 0.862745
v 0.00944976177 0.0531460155 -0.0467481781 0 0.862745 0.862745
v 0.00944681587 0.0515870026 -0.0474228802 0 0.862745 0.862745
v 0.00944071007 0.0499976655 -0.0480228738 0 0.862745 0.862745
v 0.00944882746 0.0483818767 -0.0485477665 0 0.862745 0.862745
v 0.00944778108 0.0467442863 -0.0489988128 0 0.862745 0.862745
v 0.00944749638 0.0450855112 -0.049365588 0 0.862745 0.862745
v 0.00944908851 0.0434125805 -0.0496609393 0 0.862745 0.862745
v 0.00944887664 0.0417271921 -0.0498729137 1 0.470588 0
v 0.00944873617 0.0400338976 -0.0500095453 1 0.470588 0
v 0.00944747629 0.0383361364 -0.0500709265 1 0.470588 0
v 0.00944707565 0.0366375921 -0.0500440098 1 0.470588 0
v 0.00944831756 0.03494207 -0.0499366208 1 0.470588 0
v 0.00944869432 0.0332516415 -0.0497669118 1 0.470588 0
v 0.00944954008 0.0315706415 -0.0495213005 0.470588 1 0
v 0.0094496628 0.0299013761 -0.049205494 0.470588 1 0
v 0.00944847058 0.0282576438 -0.0487776597 0.470588 1 0
v 0.00944640337 0.0266415456 -0.0482541294 0.470588 1 0
v 0.00944531981 0.0250449738 -0.047673311 0.470588 1 0
v 0.00944772971 0.0234720309 -0.0470315269 0.470588 1 0
v 0.00944027517 0.0219336489 -0.0463112003 0.470588 1 0
v 0.00944329758 0.020428615 -0.0455231335 0.470588 1 0
v 0.00944622835 0.0189627009 -0.0446645258 1 0 0.705882
v 0.00944268414 0.0175394183 -0.0437369215 1 0 0.705882
v 0.00944272417 0.0161580385 -0.0427479329 1 0 0.705882
v 0.00944362054 0.0148266778 -0.0416927059 1 0 0.705882
v 0.00944930264 0.0135497901 -0.0405719778 1 0 0.705882
v 0.00944991274 0.0123181994 -0.03940178 1 0 0.705882
v 0.00944653992 0.0111402279 -0.0381775958 1 0 0.705882
v 0.00944388892 0.0100051973 -0.0369134077 1 0 0.705882
v 0.00945066508 0.00889046493 -0.0356312005 1 0 0.705882
v 0.0113915014 0.00566683539 0.0388884418 0.470588 1 0
v 0.0113969345 0.0072998439 0.0383238774 0.470588 1 0
v 0.0113994955 0.00893167512 0.0377558965 0.470588 1 0
v 0.0114038015 0.0105608499 0.037180362 0.470588 1 0
v 0.0114053063 0.0121868688 0.0365959406 0.470588 1 0
v 0.0114068005 0.0138118661 0.0360086859 0.470588 1 0
v 0.0114052846 0.0154389365 0.0354272062 0.470588 1 0
v 0.0113935391 0.0170675754 0.0348502804 0.470588 1 0
v 0.0114144197 0.0186907142 0.0342585998 1 0 0.705882
v 0.0114168896 0.0203090313 0.0336532002 1 0 0.705882
v 0.0114172675 0.0219269242 0.0330466637 1 0 0.705882
v 0.0114184939 0.0235449227 0.0324403909 1 0 0.705882
v 0.0114209904 0.0251572479 0.0318192167 1 0 0.705882
v 0.0114221697 0.0267644887 0.0311849949 1 0 0.705882
v 0.0114260888 0.0283705727 0.0305478412 1 0 0.705882
v 0.0114260293 0.0299766273 0.0299106062 1 0 0.705882
v 0.0114264538 0.0315766771 0.0292585553 0.313725 0.313725 1
v 0.0114300725 0.0331700401 0.0285902595 0.313725 0.313725 1
v 0.0114329371 0.0347618245 0.0279181662 0.313725 0.313725 1
v 0.0114337008 0.0363534037 0.0272455883 0.313725 0.313725 1
v 0.0114267733 0.037937835 0.0265564285 0.313725 0.313725 1
v 0.0114315756 0.039515229 0.0258512474 0.313725 0.313725 1
v 0.0114356286 0.041090678 0.025141726 0.313725 0.313725 1
v 0.0114363748 0.0426641677 0.0244278719 0.313725 0.313725 1
v 0.0114372501 0.0442297068 0.0236967742 0.705882 0.470588 0.156863
v 0.011434269 0.0457855272 0.0229451821 0.705882 0.470588 0.156863
v 0.0114390463 0.0473394668 0.0221897797 0.705882 0.470588 0.156863
v 0.011439515 0.0488902696 0.0214279097 0.705882 0.470588 0.156863
v 0.0114364787 0.0504324826 0.0206488589 0.705882 0.470588 0.156863
v 0.0114408446 0.0519641148 0.0198491995 0.705882 0.470588 0.156863
v 0.0114402687 0.0534884407 0.0190356387 0.705882 0.470588 0.156863
v 0.0114412351 0.0550015919 0.0182015609 0.705882 0.470588 0.156863
v 0.0114403233 0.0564864704 0.0173184976 0.470588 0.470588 0.470588
v 0.0114414565 0.0579320184 0.0163721733 0.470588 0.470588 0.470588
v 0.0114417088 0.0593460212 0.0153794496 0.470588 0.470588 0.470588
v 0.0114410199 0.060711857 0.0143216569 0.470588 0.470588 0.470588
v 0.0114400296 0.06202733 0.0132016005 0.470588 0.470588 0.470588
v 0.0114406191 0.063294861 0.012027811 0.470588 0.470588 0.470588
v 0.0114381508 0.0644948905 0.0107849858 0.470588 0.470588 0.470588
v 0.0114389914 0.0656445055 0.00949529381 0.470588 0.470588 0.470588
v 0.0114387837 0.0667309026 0.00815210247 1 0 0
v 0.0114404732 0.0677389423 0.00674894841 1 0 0
v 0.0114378769 0.0686927137 0.00530841068 1 0 0
v 0.0114398792 0.0695721794 0.00382140302 1 0 0
v 0.0114382542 0.0703736574 0.00229088875 1 0 0
v 0.0114393645 0.0711136834 0.000729704701 1 0 0
v 0.0114399576 0.071766622 -0.000869705022 0 1 0
v 0.0114415505 0.0723410041 -0.00249911519 0 1 0
v 0.0114418884 0.0728503472 -0.00414977759 0 1 0
v 0.0114419426 0.0732742966 -0.00582455658 0 1 0
v 0.0114415313 0.0736112584 -0.00751908515 0 1 0
v 0.0114389135 0.0738774457 -0.00922600803 0 1 0
v 0.0114407641 0.0740528476 -0.0109445964 0 1 0
v 0.0114398182 0.0741471047 -0.0126697217 0 1 0
v 0.01144091 0.0741634211 -0.0143971407 0 0.501961 1
v 0.0114328788 0.0740922808 -0.0161233204 0 0.501961 1
v 0.0114416922 0.0739493007 -0.0178449587 0 0.501961 1
v 0.0114404585 0.073712029 -0.0195562525 0 0.501961 1
v 0.0114416815 0.0733925739 -0.0212541854 0 0.501961 1
v 0.0114382764 0.0730178846 -0.0229408592 0 0.501961 1
v 0.0114344862 0.0725524736 -0.0246044356 0 0.501961 1
v 0.0114388696 0.0719965881 -0.0262400894 0 0.501961 1
v 0.0114420732 0.0713648672 -0.0278480702 1 0.784314 0
v 0.0114384186 0.0706464187 -0.0294191456 1 0.784314 0
v 0.0114400945 0.0698615508 -0.030958314 1 0.784314 0
v 0.0114397343 0.0690166808 -0.0324652103 1 0.784314 0
v 0.011440653 0.0680822238 -0.0339183464 1 0.784314 0
v 0.0114385158 0.0670930007 -0.0353348551 1 0.784314 0
v 0.0114353795 0.0660341876 -0.0366997302 1 0.784314 0
v 0.0114403462 0.0649058074 -0.0380080146 1 0.784314 0
v 0.0114403198 0.0637250763 -0.0392693287 0.705882 0 1
v 0.0114416279 0.0624820582 -0.0404691376 0.705882 0 1
v 0.0114418284 0.0611776237 -0.04160205 0.705882 0 1
v 0.0114418658 0.0598309079 -0.0426842271 0.705882 0 1
v 0.0114409433 0.0584243818 -0.0436874241 0.705882 0 1
v 0.0114386 0.0569736124 -0.0446255469 0.705882 0 1
v 0.0114391321 0.0554822213 -0.0454972648 0.705882 0 1
v 0.0114371352 0.0539496628 -0.0462945839 0.705882 0 1
v 0.0114384264 0.0523850768 -0.0470273305 0 0.862745 0.862745
v 0.0114371316 0.0507831482 -0.0476742621 0 0.862745 0.862745
v 0.0114364645 0.0491519597 -0.0482435878 0 0.862745 0.862745
v 0.011439212 0.047496776 -0.0487387619 0 0.862745 0.862745
v 0.011440471 0.0458193145 -0.0491515998 0 0.862745 0.862745
v 0.0114393633 0.0441237159 -0.0494830018 0 0.862745 0.862745
v 0.0114394402 0.04241557 -0.0497415167 1 0.470588 0
v 0.0114408843 0.0406953531 -0.0499014336 1 0.470588 0
v 0.0114381038 0.0389702698 -0.0499974412 1 0.470588 0
v 0.0114397284 0.0372426977 -0.0499970896 1 0.470588 0
v 0.0114401619 0.0355169416 -0.0499159626 1 0.470588 0
v 0.0114387646 0.0337957827 -0.0497658742 1 0.470588 0
v 0.011441717 0.0320830294 -0.0495391441 0.470588 1 0
v 0.0114420347 0.0303822468 -0.049235462 0.470588 1 0
v 0.0114422264 0.0287004467 -0.0488412122 0.470588 1 0
v 0.0114387215 0.0270493228 -0.0483333389 0.470588 1 0
v 0.0114410204 0.0254232198 -0.0477494236 0.470588 1 0
v 0.0114411865 0.0238179298 -0.0471109101 0.470588 1 0
v 0.0114395673 0.0222454783 -0.0463954251 0.470588 1 0
v 0.0114411504 0.0207108591 -0.0456018679 0.470588 1 0
v 0.0114412283 0.0192128438 -0.0447416375 1 0 0.705882
v 0.0114413426 0.0177579294 -0.0438100393 1 0 0.705882
v 0.0114385791 0.0163491209 -0.0428099315 1 0 0.705882
v 0.0114400756 0.014990737 -0.0417424995 1 0 0.705882
v 0.0114408359 0.0136838674 -0.0406125137 1 0 0.705882
v 0.011440484 0.0124268729 -0.0394273474 1 0 0.705882
v 0.0114403214 0.0112265806 -0.0381847437 1 0 0.705882
v 0.0114374459 0.0100725816 -0.0368988999 1 0 0.705882
v 0.0114428651 0.00893957566 -0.0355944671 1 0 0.705882
v 0.0133545135 0.00566857139 0.0385393082 0.705882 0.470588 0.156863
v 0.0133664963 0.00730273228 0.0379891708 0.705882 0.470588 0.156863
v 0.0133702582 0.00893655488 0.0374378525 0.705882 0.470588 0.156863
v 0.0133750544 0.0105659148 0.0368735237 0.705882 0.470588 0.156863
v 0.0133775204 0.0121916367 0.0362987519 0.705882 0.470588 0.156863
v 0.0133766414 0.0138183403 0.0357267777 0.705882 0.470588 0.156863
v 0.0133859793 0.0154468463 0.0351600603 0.705882 0.470588 0.156863
v 0.0133716564 0.0170753654 0.0345935383 0.705882 0.470588 0.156863
v 0.0133901985 0.0186973435 0.0340087288 0.470588 0.470588 0.470588
v 0.0133973619 0.0203162632 0.0334151162 0.470588 0.470588 0.470588
v 0.0134018105 0.0219335638 0.032817065 0.470588 0.470588 0.470588
v 0.0134024977 0.0235507895 0.032218831 0.470588 0.470588 0.470588
v 0.0134067214 0.0251615367 0.0316033767 0.470588 0.470588 0.470588
v 0.0134090419 0.0267677751 0.0309762397 0.470588 0.470588 0.470588
v 0.013403926 0.0283751338 0.0303519876 0.470588 0.470588 0.470588
v 0.0134093405 0.0299815968 0.0297254567 0.470588 0.470588 0.470588
v 0.0134142246 0.03158236 0.0290845249 1 0 0
v 0.0134188174 0.033176262 0.0284267006 1 0 0
v 0.0134196251 0.0347685039 0.0277648113 1 0 0
v 0.0134191468 0.0363594779 0.0270998758 1 0 0
v 0.0134242953 0.0379430058 0.0264174325 1 0 0
v 0.0134223309 0.0395198641 0.0257197296 1 0 0
v 0.0134210972 0.0410944243 0.0250169249 1 0 0
v 0.0134292835 0.0426680141 0.0243119037 1 0 0
v 0.0134301576 0.0442314553 0.023584651 0 1 0
v 0.0134310462 0.0457875566 0.0228417601 0 1 0
v 0.0134321973 0.0473399976 0.0220912549 0 1 0
v 0.013433376 0.0488899845 0.0213356981 0 1 0
v 0.0134317696 0.0504296896 0.0205594518 0 1 0
v 0.0134334752 0.0519577499 0.0197605156 0 1 0
v 0.0134297402 0.0534796391 0.0189498686 0 1 0
v 0.0134282286 0.0549904355 0.0181187938 0 1 0
v 0.0134332185 0.0564741375 0.0172404901 0 0.501961 1
v 0.0134277613 0.0579229654 0.0163056879 0 0.501961 1
v 0.0134317747 0.0593305412 0.0153099461 0 0.501961 1
v 0.0134337732 0.0606886625 0.0142480843 0 0.501961 1
v 0.0134334264 0.0620076873 0.0131376645 0 0.501961 1
v 0.0134336203 0.0632706767 0.0119640906 0 0.501961 1
v 0.0134333882 0.0644687886 0.0107243869 0 0.501961 1
v 0.0134335799 0.0656193703 0.00944019497 0 0.501961 1
v 0.0134295324 0.0666961597 0.00809379122 1 0.784314 0
v 0.0134334539 0.067703949 0.00669484808 1 0.784314 0
v 0.013433951 0.0686513215 0.00525421316 1 0.784314 0
v 0.0134335343 0.0695274118 0.0037692587 1 0.784314 0
v 0.0134329009 0.0703309464 0.00224383598 1 0.784314 0
v 0.0134322818 0.0710618092 0.000682265435 1 0.784314 0
v 0.0134338576 0.0717163067 -0.000912717011 0.705882 0 1
v 0.0134322527 0.0722907664 -0.00253835511 0.705882 0 1
v 0.0134335895 0.0727951316 -0.00418704525 0.705882 0 1
v 0.0134336377 0.0732163141 -0.00585889133 0.705882 0 1
v 0.013430084 0.073554143 -0.00754973677 0.705882 0 1
v 0.013430375 0.0738165223 -0.00925374703 0.705882 0 1
v 0.0134295664 0.0739929613 -0.0109687767 0.705882 0 1
v 0.0134311062 0.0740875827 -0.0126903962 0.705882 0 1
v 0.0134324094 0.074102698 -0.0144144575 0 0.862745 0.862745
v 0.013426853 0.0740283786 -0.0161369183 0 0.862745 0.862745
v 0.0134335105 0.073881134 -0.0178547055 0 0.862745 0.862745
v 0.0134323856 0.0736446185 -0.0195625249 0 0.862745 0.862745
v 0.0134320308 0.0733226663 -0.0212563659 0 0.862745 0.862745
v 0.0134332343 0.0729299662 -0.0229352559 0 0.862745 0.862745
v 0.0134299427 0.072469698 -0.0245967159 0 0.862745 0.862745
v 0.0134319978 0.0719221687 -0.0262315299 0 0.862745 0.862745
v 0.0134339408 0.0712970647 -0.0278383647 1 0.470588 0
v 0.0134311529 0.0705850986 -0.0294084201 1 0.470588 0
v 0.0134319198 0.0698006304 -0.030943848 1 0.470588 0
v 0.0134339764 0.0689512484 -0.0324442423 1 0.470588 0
v 0.0134327882 0.0680188704 -0.0338945606 1 0.470588 0
v 0.0134330965 0.0670299904 -0.0353069524 1 0.470588 0
v 0.0134323906 0.0659790651 -0.0366736286 1 0.470588 0
v 0.0134271101 0.0648499912 -0.0379767169 1 0.470588 0
v 0.0134268628 0.0636722518 -0.0392359477 0.470588 1 0
v 0.0134326121 0.0624286928 -0.0404301534 0.470588 1 0
v 0.0134273861 0.0611274683 -0.0415613692 0.470588 1 0
v 0.0134278318 0.0597772959 -0.0426335432 0.470588 1 0
v 0.0134321394 0.0583766 -0.0436386674 0.470588 1 0
v 0.013432336 0.0569294744 -0.0445759157 0.470588 1 0
v 0.013427104 0.0554419009 -0.0454474682 0.470588 1 0
v 0.0134298216 0.0539127268 -0.0462436716 0.470588 1 0
v 0.0134299517 0.0523487125 -0.0469693246 1 0 0.705882
v 0.0134331175 0.0507512381 -0.047618093 1 0 0.705882
v 0.0134333807 0.0491221741 -0.0481829281 1 0 0.705882
v 0.0134332699 0.0474701853 -0.0486763817 1 0 0.705882
v 0.013433919 0.0457964899 -0.0490897332 1 0 0.705882
v 0.0134336842 0.0441048526 -0.0494233089 1 0 0.705882
v 0.0134342715 0.0424002289 -0.0496810082 0.313725 0.313725 1
v 0.0134338567 0.0406836302 -0.0498419916 0.313725 0.313725 1
v 0.0134335587 0.0389617161 -0.049929909 0.313725 0.313725 1
v 0.0134333934 0.0372376449 -0.0499339565 0.313725 0.313725 1
v 0.0134325591 0.0355153561 -0.0498542876 0.313725 0.313725 1
v 0.0134302654 0.0337978969 -0.0497018815 0.313725 0.313725 1
v 0.0134322163 0.032089534 -0.0494697339 0.705882 0.470588 0.156863
v 0.0134337862 0.0303931983 -0.0491619117 0.705882 0.470588 0.156863
v 0.0134338706 0.0287149345 -0.048767222 0.705882 0.470588 0.156863
v 0.0134312769 0.0270648725 -0.0482680648 0.705882 0.470588 0.156863
v 0.0134303149 0.0254399506 -0.047691371 0.705882 0.470588 0.156863
v 0.0134332872 0.0238394101 -0.047050402 0.705882 0.470588 0.156863
v 0.013432513 0.0222715234 -0.0463334545 0.705882 0.470588 0.156863
v 0.0134303226 0.0207359743 -0.0455492238 0.705882 0.470588 0.156863
v 0.0134280468 0.0192420761 -0.0446886484 0.470588 0.470588 0.470588
v 0.0134295081 0.0177921321 -0.0437559137 0.470588 0.470588 0.470588
v 0.0134324494 0.0163854221 -0.0427590042 0.470588 0.470588 0.470588
v 0.0134320812 0.0150287646 -0.0416950655 0.470588 0.470588 0.470588
v 0.0134309367 0.0137261991 -0.0405655516 0.470588 0.470588 0.470588
v 0.013431533 0.0124744091 -0.0393799732 0.470588 0.470588 0.470588
v 0.013430862 0.011275494 -0.0381409177 0.470588 0.470588 0.470588
v 0.0134270269 0.0101295385 -0.0368526075 0.470588 0.470588 0.470588
v 0.0134344185 0.00900332149 -0.0355468817 0.470588 0.470588 0.470588
v 0.0153116799 0.0056703721 0.038141207 0.705882 0.470588 0.156863
v 0.0153253582 0.00730207671 0.0375963582 0.705882 0.470588 0.156863
v 0.0153320241 0.0089339508 0.0370518796 0.705882 0.470588 0.156863
v 0.0153384124 0.0105635596 0.0365006468 0.705882 0.470588 0.156863
v 0.0153445593 0.0121918172 0.0359454321 0.705882 0.470588 0.156863
v 0.0153500801 0.0138201335 0.0353903837 0.705882 0.470588 0.156863
v 0.0153542621 0.0154496916 0.0348389878 0.705882 0.470588 0.156863
v 0.0153469209 0.0170778198 0.0342834609 0.705882 0.470588 0.156863
v 0.0153599436 0.0187016652 0.0337156286 0.470588 0.470588 0.470588
v 0.0153738774 0.0203193066 0.0331303567 0.470588 0.470588 0.470588
v 0.0153776442 0.0219336851 0.0325359683 0.470588 0.470588 0.470588
v 0.0153793237 0.0235468402 0.0319382653 0.470588 0.470588 0.470588
v 0.0153792625 0.0251559708 0.0313298402 0.470588 0.470588 0.470588
v 0.0153861488 0.0267635473 0.03071746 0.470588 0.470588 0.470588
v 0.0153926883 0.0283748454 0.0301148024 0.470588 0.470588 0.470588
v 0.0153975372 0.0299831909 0.0295042958 0.470588 0.470588 0.470588
v 0.0153993367 0.0315850664 0.0288770264 1 0 0
v 0.015402826 0.0331801282 0.0282326333 1 0 0
v 0.0154049717 0.0347716996 0.0275796216 1 0 0
v 0.0154095989 0.036360367 0.0269195979 1 0 0
v 0.0154121884 0.0379426659 0.0262445116 1 0 0
v 0.0154115406 0.0395187556 0.0255549849 1 0 0
v 0.0154125842 0.0410926922 0.0248605813 1 0 0
v 0.0154121927 0.0426648791 0.0241622121 1 0 0
v 0.0154186346 0.0442295612 0.0234472534 0 1 0
v 0.0154191422 0.0457845196 0.0227113339 0 1 0
v 0.0154215871 0.0473358729 0.0219678111 0 1 0
v 0.0154203731 0.0488844131 0.021218462 0 1 0
v 0.0154204576 0.0504235483 0.0204500607 0 1 0
v 0.0154241617 0.0519503354 0.0196573538 0 1 0
v 0.0154197999 0.053469471 0.0188500606 0 1 0
v 0.0154204012 0.0549776142 0.0180224972 0 1 0
v 0.0154252868 0.0564588663 0.017147967 0 0.501961 1
v 0.0154247794 0.0579048944 0.0162162931 0 0.501961 1
v 0.0154223425 0.059317097 0.0152341092 0 0.501961 1
v 0.0154249655 0.060673443 0.0141762476 0 0.501961 1
v 0.0154258755 0.0619873139 0.0130659394 0 0.501961 1
v 0.0154240731 0.0632436167 0.0118910816 0 0.501961 1
v 0.0154233563 0.0644356981 0.010651008 0 0.501961 1
v 0.0154222774 0.065577127 0.00936421066 0 0.501961 1
v 0.0154224394 0.0666568722 0.00802554354 1 0.784314 0
v 0.0154251778 0.0676613819 0.00662931711 1 0.784314 0
v 0.0154254382 0.0686101272 0.00519441055 1 0.784314 0
v 0.0154241913 0.0694809272 0.00371107727 1 0.784314 0
v 0.0154242589 0.0702751878 0.00218524114 1 0.784314 0
v 0.0154248825 0.0710059576 0.0006281354 1 0.784314 0
v 0.0154250347 0.0716599798 -0.000962696639 0.705882 0 1
v 0.0154260385 0.0722324442 -0.00258480796 0.705882 0 1
v 0.0154252353 0.0727330073 -0.00423044799 0.705882 0 1
v 0.015423611 0.0731452017 -0.00590028772 0.705882 0 1
v 0.0154260177 0.0734849985 -0.00758655258 0.705882 0 1
v 0.0154249008 0.0737515555 -0.0092856695 0.705882 0 1
v 0.0154201664 0.0739225531 -0.0109971131 0.705882 0 1
v 0.0154240898 0.0740158675 -0.0127147205 0.705882 0 1
v 0.0154246924 0.0740289093 -0.0144347582 0 0.862745 0.862745
v 0.015419752 0.0739550115 -0.0161533216 0 0.862745 0.862745
v 0.0154254871 0.0738078105 -0.017867055 0 0.862745 0.862745
v 0.0154204909 0.0735687192 -0.0195702876 0 0.862745 0.862745
v 0.0154248447 0.0732460912 -0.0212598232 0 0.862745 0.862745
v 0.0154236356 0.0728513984 -0.0229340256 0 0.862745 0.862745
v 0.0154226721 0.072388678 -0.0245906873 0 0.862745 0.862745
v 0.0154247679 0.0718406045 -0.0262211307 0 0.862745 0.862745
v 0.0154248485 0.0712205986 -0.0278255864 1 0.470588 0
v 0.0154225746 0.0705056916 -0.0293900302 1 0.470588 0
v 0.0154252408 0.0697293775 -0.0309251054 1 0.470588 0
v 0.015423374 0.068881719 -0.0324217601 1 0.470588 0
v 0.0154253508 0.0679553293 -0.0338711104 1 0.470588 0
v 0.0154241413 0.066966393 -0.035278529 1 0.470588 0
v 0.0154246249 0.0659117666 -0.03663737 1 0.470588 0
v 0.0154248113 0.0647849607 -0.037937155 1 0.470588 0
v 0.0154247643 0.0636097538 -0.0391932762 0.470588 1 0
v 0.0154258028 0.0623685316 -0.04038398 0.470588 1 0
v 0.0154231295 0.0610683782 -0.0415101166 0.470588 1 0
v 0.0154212876 0.0597219343 -0.0425804068 0.470588 1 0
v 0.015425341 0.058325339 -0.0435843401 0.470588 1 0
v 0.0154261945 0.05688567 -0.0445256884 0.470588 1 0
v 0.015420458 0.0554010564 -0.0453942411 1 0 0.705882
v 0.0154213786 0.0538713878 -0.0461808238 1 0 0.705882
v 0.0154247592 0.0523096795 -0.0469016831 1 0 0.705882
v 0.0154259639 0.0507181741 -0.0475543038 1 0 0.705882
v 0.0154249883 0.0490928361 -0.0481175125 1 0 0.705882
v 0.0154223139 0.0474429385 -0.0486039125 1 0 0.705882
v 0.015424636 0.045772536 -0.0490141759 0.313725 0.313725 1
v 0.0154234394 0.0440856882 -0.0493510004 0.313725 0.313725 1
v 0.0154230278 0.0423850192 -0.0496091124 0.313725 0.313725 1
v 0.0154197578 0.0406724496 -0.0497693572 0.313725 0.313725 1
v 0.0154252491 0.038954301 -0.0498518016 0.313725 0.313725 1
v 0.0154255537 0.0372343349 -0.0498611298 0.313725 0.313725 1
v 0.0154247245 0.0355159577 -0.0497833637 0.313725 0.313725 1
v 0.0154241824 0.0338027774 -0.0496283015 0.313725 0.313725 1
v 0.015423151 0.0320986972 -0.049394505 0.705882 0.470588 0.156863
v 0.0154233948 0.0304070497 -0.0490830034 0.705882 0.470588 0.156863
v 0.0154251239 0.0287325801 -0.0486896554 0.705882 0.470588 0.156863
v 0.0154254212 0.0270856095 -0.0481942433 0.705882 0.470588 0.156863
v 0.0154230809 0.0254659286 -0.0476147151 0.705882 0.470588 0.156863
v 0.0154222106 0.0238668264 -0.0469806424 0.705882 0.470588 0.156863
v 0.0154209538 0.0223027943 -0.0462647607 0.705882 0.470588 0.156863
v 0.0154244173 0.0207738511 -0.0454768562 0.705882 0.470588 0.156863
v 0.0154254792 0.0192788152 -0.044626127 0.470588 0.470588 0.470588
v 0.0154213935 0.0178310258 -0.0436976233 0.470588 0.470588 0.470588
v 0.0154238964 0.016429172 -0.0427008444 0.470588 0.470588 0.470588
v 0.0154249984 0.015078934 -0.0416352467 0.470588 0.470588 0.470588
v 0.015423807 0.0137770174 -0.0405109779 0.470588 0.470588 0.470588
v 0.0154233088 0.012528484 -0.0393277837 0.470588 0.470588 0.470588
v 0.0154204679 0.011337264 -0.0380869401 0.470588 0.470588 0.470588
v 0.0154205206 0.0102029491 -0.0367936144 0.470588 0.470588 0.470588
v 0.0154247307 0.00908827928 -0.0354832704 0.470588 0.470588 0.470588
v 0.0172602872 0.00567226049 0.0376735625 0.705882 0.470588 0.156863
v 0.0172697835 0.0073001065 0.0371333048 0.705882 0.470588 0.156863
v 0.0172752646 0.0089286157 0.0365949875 0.705882 0.470588 0.156863
v 0.0172855814 0.0105577398 0.0360586067 0.705882 0.470588 0.156863
v 0.0172966869 0.0121864509 0.0355209885 0.705882 0.470588 0.156863
v 0.0173052846 0.0138157586 0.034985127 0.705882 0.470588 0.156863
v 0.0173109616 0.015444515 0.0344475824 0.705882 0.470588 0.156863
v 0.0173210645 0.0170740497 0.0339125265 0.705882 0.470588 0.156863
v 0.0173328795 0.0186968695 0.0333574285 0.470588 0.470588 0.470588
v 0.0173387334 0.0203118819 0.0327798991 0.470588 0.470588 0.470588
v 0.0173380368 0.0219234654 0.0321928458 0.470588 0.470588 0.470588
v 0.0173473912 0.0235339209 0.0316027737 0.470588 0.470588 0.470588
v 0.0173529368 0.0251439471 0.0310114783 0.470588 0.470588 0.470588
v 0.0173548038 0.0267550389 0.0304230592 0.470588 0.470588 0.470588
v 0.0173655742 0.028367268 0.0298378804 0.470588 0.470588 0.470588
v 0.0173748518 0.0299779869 0.0292485327 0.470588 0.470588 0.470588
v 0.0173820214 0.0315802175 0.0286365405 1 0 0
v 0.0173864123 0.0331754057 0.0280063115 1 0 0
v 0.0173893458 0.0347654748 0.027363257 1 0 0
v 0.0173933216 0.0363510554 0.0267092187 1 0 0
v 0.0173964643 0.0379305445 0.0260406004 1 0 0
v 0.017396276 0.0395046113 0.0253592903 1 0 0
v 0.0173999853 0.0410778555 0.0246761086 1 0 0
v 0.0174028743 0.0426509196 0.0239925264 1 0 0
v 0.0174071516 0.0442150807 0.0232888575 0 1 0
v 0.017405538 0.0457678171 0.0225602714 0 1 0
v 0.017410178 0.0473184297 0.0218271932 0 1 0
v 0.0174120515 0.0488662053 0.0210881346 0 1 0
v 0.0174127789 0.0504034508 0.0203274593 0 1 0
v 0.0174132501 0.0519273115 0.0195402778 0 1 0
v 0.0174100307 0.0534445535 0.0187403985 0 1 0
v 0.0174108976 0.0549489553 0.0179167294 0 1 0
v 0.0174151533 0.056427982 0.0170483891 0 0.501961 1
v 0.0174124319 0.0578756514 0.0161287985 0 0.501961 1
v 0.0174124381 0.0592784961 0.0151423883 0 0.501961 1
v 0.0174158521 0.0606300357 0.0140868891 0 0.501961 1
v 0.0174163964 0.0619372373 0.012976612 0 0.501961 1
v 0.0174166031 0.0631937366 0.0118094792 0 0.501961 1
v 0.0174160878 0.0643808271 0.0105717162 0 0.501961 1
v 0.0174136832 0.0655164278 0.00928652764 0 0.501961 1
v 0.0174145497 0.0665903771 0.00794954006 1 0.784314 0
v 0.0174155076 0.0675856807 0.00655281274 1 0.784314 0
v 0.017414886 0.0685336007 0.00512351091 1 0.784314 0
v 0.017412574 0.0694029177 0.00364530472 1 0.784314 0
v 0.0174138781 0.0701940551 0.0021236624 1 0.784314 0
v 0.0174148221 0.0709230853 0.000571406258 1 0.784314 0
v 0.0174165291 0.0715730842 -0.00101551297 0.705882 0 1
v 0.0174151191 0.0721433152 -0.00263293013 0.705882 0 1
v 0.0174124141 0.072641294 -0.00427392099 0.705882 0 1
v 0.0174122899 0.0730570653 -0.00593770014 0.705882 0 1
v 0.017416024 0.0733951696 -0.0076190274 0.705882 0 1
v 0.0174163652 0.0736577898 -0.00931357603 0.705882 0 1
v 0.0174159509 0.0738224193 -0.0110205233 0.705882 0 1
v 0.0174136537 0.0739107203 -0.0127332694 0.705882 0 1
v 0.0174152943 0.0739257647 -0.0144481952 0 0.862745 0.862745
v 0.0174109551 0.0738521089 -0.0161615936 0 0.862745 0.862745
v 0.0174160143 0.073710082 -0.0178706311 0 0.862745 0.862745
v 0.017415721 0.0734770734 -0.0195695706 0 0.862745 0.862745
v 0.0174166841 0.0731592262 -0.0212548887 0 0.862745 0.862745
v 0.017416105 0.0727674051 -0.0229245341 0 0.862745 0.862745
v 0.0174127961 0.0722981317 -0.0245739056 0 0.862745 0.862745
v 0.017414056 0.0717419082 -0.026196101 0 0.862745 0.862745
v 0.0174159942 0.0711191478 -0.027794086 1 0.470588 0
v 0.0174162999 0.0704121769 -0.0293564696 1 0.470588 0
v 0.0174148472 0.069629034 -0.0308823162 1 0.470588 0
v 0.0174138216 0.0687834734 -0.0323743468 1 0.470588 0
v 0.017416592 0.0678665976 -0.0338236426 1 0.470588 0
v 0.0174167745 0.0668836557 -0.0352288979 1 0.470588 0
v 0.0174162169 0.0658284403 -0.0365808282 1 0.470588 0
v 0.0174165965 0.0647109508 -0.0378817198 1 0.470588 0
v 0.0174145094 0.0635305833 -0.0391259754 0.470588 1 0
v 0.0174147947 0.0622931427 -0.0403132877 0.470588 1 0
v 0.0174116238 0.061000636 -0.0414406268 0.470588 1 0
v 0.0174140501 0.0596609403 -0.0425113185 0.470588 1 0
v 0.0174132468 0.0582666565 -0.0435098228 0.470588 1 0
v 0.0174156165 0.0568284923 -0.0444441527 0.470588 1 0
v 0.0174135117 0.0553463301 -0.0453068018 1 0 0.705882
v 0.0174116297 0.0538225954 -0.0460937934 1 0 0.705882
v 0.0174126633 0.0522668711 -0.0468154684 1 0 0.705882
v 0.0174153306 0.0506782789 -0.0474611981 1 0 0.705882
v 0.0174167719 0.0490582365 -0.0480238637 1 0 0.705882
v 0.0174144404 0.047416275 -0.0485189973 1 0 0.705882
v 0.0174151059 0.0457492405 -0.0489219552 0.313725 0.313725 1
v 0.0174134351 0.0440664333 -0.0492525828 0.313725 0.313725 1
v 0.0174126921 0.042370453 -0.0495074708 0.313725 0.313725 1
v 0.0174159053 0.0406625518 -0.0496637481 0.313725 0.313725 1
v 0.0174161215 0.0389499967 -0.0497550825 0.313725 0.313725 1
v 0.0174161291 0.0372351157 -0.0497608822 0.313725 0.313725 1
v 0.0174166865 0.0355219565 -0.0496837423 0.313725 0.313725 1
v 0.0174146922 0.0338135503 -0.0495335209 0.313725 0.313725 1
v 0.0174148321 0.0321155999 -0.0492929713 0.705882 0.470588 0.156863
v 0.0174153655 0.03042999 -0.0489763496 0.705882 0.470588 0.156863
v 0.0174154927 0.0287609967 -0.0485817014 0.705882 0.470588 0.156863
v 0.0174157588 0.0271182189 -0.0480894722 0.705882 0.470588 0.156863
v 0.0174153425 0.0255016519 -0.0475168463 0.705882 0.470588 0.156863
v 0.0174152386 0.0239098507 -0.0468785706 0.705882 0.470588 0.156863
v 0.0174137922 0.022347629 -0.0461709815 0.705882 0.470588 0.156863
v 0.017412129 0.0208191333 -0.0453932403 0.705882 0.470588 0.156863
v 0.0174107981 0.0193319521 -0.0445391633 0.470588 0.470588 0.470588
v 0.017415671 0.0178887616 -0.0436128573 0.470588 0.470588 0.470588
v 0.0174164334 0.0164933948 -0.0426158246 0.470588 0.470588 0.470588
v 0.0174163535 0.0151439929 -0.0415575185 0.470588 0.470588 0.470588
v 0.0174156061 0.0138445482 -0.0404382378 0.470588 0.470588 0.470588
v 0.0174137998 0.0126034162 -0.0392546299 0.470588 0.470588 0.470588
v 0.0174133515 0.0114213872 -0.038012262 0.470588 0.470588 0.470588
v 0.0174115991 0.0102973294 -0.0367168152 0.470588 0.470588 0.470588
v 0.0174139212 0.00918878483 -0.0354080057 0.470588 0.470588 0.470588
v 0.0191868558 0.00567446561 0.0371209381 0.705882 0.470588 0.156863
v 0.0191968646 0.00729942475 0.0365918659 0.705882 0.470588 0.156863
v 0.0192081541 0.00892614988 0.0360682579 0.705882 0.470588 0.156863
v 0.0192206496 0.0105531731 0.0355456125 0.705882 0.470588 0.156863
v 0.0192312568 0.0121819542 0.0350284203 0.705882 0.470588 0.156863
v 0.0192435086 0.0138115127 0.0345137504 0.705882 0.470588 0.156863
v 0.0192612052 0.0154415985 0.0340008979 0.705882 0.470588 0.156863
v 0.019276122 0.017070045 0.0334827552 0.705882 0.470588 0.156863
v 0.0192878111 0.0186912731 0.032942501 0.470588 0.470588 0.470588
v 0.0192957435 0.0203058791 0.0323826581 0.470588 0.470588 0.470588
v 0.0193038989 0.0219160733 0.0318101735 0.470588 0.470588 0.470588
v 0.0193120147 0.0235263134 0.0312378173 0.470588 0.470588 0.470588
v 0.019320753 0.0251381154 0.0306698868 0.470588 0.470588 0.470588
v 0.0193315269 0.0267495731 0.0301010173 0.470588 0.470588 0.470588
v 0.0193409161 0.0283621871 0.0295354059 0.470588 0.470588 0.470588
v 0.0193500783 0.0299722538 0.0289626247 0.470588 0.470588 0.470588
v 0.0193570629 0.031574507 0.0283683561 1 0 0
v 0.0193665708 0.0331701433 0.0277565271 1 0 0
v 0.0193709998 0.0347592245 0.0271277754 1 0 0
v 0.0193754782 0.036342592 0.026484785 1 0 0
v 0.0193755636 0.0379194154 0.0258258991 1 0 0
v 0.019377529 0.0394925476 0.0251582561 1 0 0
v 0.0193843773 0.0410657279 0.0244907379 1 0 0
v 0.0193909022 0.0426368341 0.0238183671 1 0 0
v 0.01939429 0.0441977003 0.0231225647 0 1 0
v 0.0193961399 0.0457501879 0.0224082255 0 1 0
v 0.0193973251 0.04729878 0.0216854616 0 1 0
v 0.0194012902 0.0488428682 0.0209531791 0 1 0
v 0.0194024599 0.0503758538 0.020197979 0 1 0
v 0.0194038129 0.0518967802 0.0194187256 0 1 0
v 0.0194039591 0.0534104315 0.018625386 0 1 0
v 0.0194049421 0.0549103296 0.017806544 0 1 0
v 0.0194056894 0.0563813432 0.01693687 0 0.501961 1
v 0.0194010992 0.057822747 0.0160189122 0 0.501961 1
v 0.019402312 0.059220122 0.0150355039 0 0.501961 1
v 0.0194053511 0.0605652955 0.0139818332 0 0.501961 1
v 0.0194052636 0.0618661339 0.0128737443 0 0.501961 1
v 0.0194051721 0.0631179277 0.0117106436 0 0.501961 1
v 0.019406049 0.0643035017 0.0104800582 0 0.501961 1
v 0.0194054453 0.0654325083 0.00919735566 0 0.501961 1
v 0.019405439 0.0664956445 0.00785993303 1 0.784314 0
v 0.0194051209 0.0674863731 0.00646764489 1 0.784314 0
v 0.0194036677 0.0684278837 0.00504163334 1 0.784314 0
v 0.0194058861 0.0693028476 0.00357413822 1 0.784314 0
v 0.0194055728 0.0700958538 0.00206046729 1 0.784314 0
v 0.0194035601 0.0708129421 0.000509356672 1 0.784314 0
v 0.0194049891 0.0714563741 -0.00107354683 0.705882 0 1
v 0.019404762 0.0720222281 -0.00268598343 0.705882 0 1
v 0.0194028895 0.0725253221 -0.00431901666 0.705882 0 1
v 0.0194059675 0.0729422457 -0.0059761092 0.705882 0 1
v 0.0194062425 0.0732759727 -0.00765200368 0.705882 0 1
v 0.0194053906 0.0735335738 -0.009341127 0.705882 0 1
v 0.0194048221 0.0736944603 -0.0110422656 0.705882 0 1
v 0.0194026124 0.0737811166 -0.0127487225 0.705882 0 1
v 0.0194038521 0.0737964926 -0.0144573729 0 0.862745 0.862745
v 0.0194016408 0.0737229315 -0.0161645409 0 0.862745 0.862745
v 0.0194056059 0.0735901248 -0.0178682282 0 0.862745 0.862745
v 0.0194038261 0.0733643967 -0.01956183 0 0.862745 0.862745
v 0.0194062338 0.0730453822 -0.0212405719 0 0.862745 0.862745
v 0.0194049073 0.0726558204 -0.0229042988 0 0.862745 0.862745
v 0.019401714 0.0721835901 -0.0245463713 0 0.862745 0.862745
v 0.0194040772 0.0716251335 -0.0261612065 0 0.862745 0.862745
v 0.0194046303 0.0709939439 -0.0277491154 1 0.470588 0
v 0.0194035697 0.0702865471 -0.0293045105 1 0.470588 0
v 0.0194049507 0.0695135438 -0.0308284338 1 0.470588 0
v 0.0194051753 0.0686735301 -0.0323165202 1 0.470588 0
v 0.0194045167 0.0677566322 -0.0337584785 1 0.470588 0
v 0.0194055798 0.0667756541 -0.035157538 1 0.470588 0
v 0.0194053977 0.0657252167 -0.0365051868 1 0.470588 0
v 0.0194045841 0.0646115153 -0.0378011543 1 0.470588 0
v 0.0194045991 0.0634367134 -0.0390419222 0.470588 1 0
v 0.0194039761 0.0622015083 -0.0402225178 0.470588 1 0
v 0.0194013087 0.0609127308 -0.0413445928 0.470588 1 0
v 0.0194027305 0.0595771665 -0.0424101998 0.470588 1 0
v 0.0194053046 0.0581891748 -0.0434064091 0.470588 1 0
v 0.0194059864 0.0567580738 -0.0443400819 0.470588 1 0
v 0.019404409 0.0552806261 -0.0451983671 1 0 0.705882
v 0.0194007106 0.0537606335 -0.045978907 1 0 0.705882
v 0.0193985147 0.0522134271 -0.0467042614 1 0 0.705882
v 0.0194006429 0.0506312669 -0.0473492614 1 0 0.705882
v 0.0194043159 0.0490188296 -0.0479149756 1 0 0.705882
v 0.0194047978 0.047381694 -0.0484044607 1 0 0.705882
v 0.0194053891 0.0457203285 -0.0488041918 1 0 0.705882
v 0.0194043726 0.0440430623 -0.0491308361 1 0 0.705882
v 0.0194048114 0.0423518487 -0.0493742978 0.313725 0.313725 1
v 0.0194017259 0.0406505907 -0.049534864 0.313725 0.313725 1
v 0.0194044073 0.0389442677 -0.0496271823 0.313725 0.313725 1
v 0.0194057901 0.0372355579 -0.0496407051 0.313725 0.313725 1
v 0.0194052983 0.0355285992 -0.0495638519 0.313725 0.313725 1
v 0.0194032733 0.0338266196 -0.0494112768 0.313725 0.313725 1
v 0.0194053727 0.0321351373 -0.0491694628 0.313725 0.313725 1
v 0.0194047004 0.0304570728 -0.048846997 0.313725 0.313725 1
v 0.0194043569 0.0287933686 -0.0484574202 0.705882 0.470588 0.156863
v 0.019403886 0.02715682 -0.0479666137 0.705882 0.470588 0.156863
v 0.0194017643 0.0255448524 -0.0473994737 0.705882 0.470588 0.156863
v 0.0194033887 0.0239578206 -0.0467660788 0.705882 0.470588 0.156863
v 0.0194046555 0.0224016298 -0.046060362 0.705882 0.470588 0.156863
v 0.019403983 0.0208818404 -0.0452790373 0.705882 0.470588 0.156863
v 0.0194026163 0.0193969247 -0.0444336118 0.705882 0.470588 0.156863
v 0.0194029373 0.0179625751 -0.0435049503 0.705882 0.470588 0.156863
v 0.0194044357 0.0165684262 -0.0425168614 0.470588 0.470588 0.470588
v 0.0194049551 0.0152330492 -0.0414511401 0.470588 0.470588 0.470588
v 0.0194039853 0.0139344769 -0.0403404658 0.470588 0.470588 0.470588
v 0.0194031784 0.0127015482 -0.039157489 0.470588 0.470588 0.470588
v 0.0194030052 0.01152576 -0.0379176547 0.470588 0.470588 0.470588
v 0.0194015816 0.0104001194 -0.0366319103 0.470588 0.470588 0.470588
v 0.0194026461 0.00929508379 -0.0353283343 0.470588 0.470588 0.470588
v 0.0210915798 0.00567677128 0.0364972627 0.705882 0.470588 0.156863
v 0.0211068636 0.00730142211 0.0359893588 0.705882 0.470588 0.156863
v 0.0211223821 0.00892696814 0.0354843391 0.705882 0.470588 0.156863
v 0.0211435149 0.0105559928 0.0349908683 0.705882 0.470588 0.156863
v 0.0211598315 0.0121841611 0.0344944217 0.705882 0.470588 0.156863
v 0.0211783766 0.0138126756 0.0339991678 0.705882 0.470588 0.156863
v 0.0211990855 0.0154402395 0.0335008888 0.705882 0.470588 0.156863
v 0.0212164958 0.0170667478 0.0329990719 0.705882 0.470588 0.156863
v 0.0212317248 0.0186890573 0.0324838701 0.470588 0.470588 0.470588
v 0.0212470628 0.0203049075 0.0319486689 0.470588 0.470588 0.470588
v 0.0212567192 0.0219177951 0.0314044864 0.470588 0.470588 0.470588
v 0.0212727466 0.0235308488 0.0308609051 0.470588 0.470588 0.470588
v 0.0212822079 0.0251417053 0.0303107003 0.470588 0.470588 0.470588
v 0.0212952948 0.0267528435 0.0297613791 0.470588 0.470588 0.470588
v 0.021307544 0.0283626736 0.0292082228 0.470588 0.470588 0.470588
v 0.0213195364 0.0299684764 0.0286434903 0.470588 0.470588 0.470588
v 0.021329614 0.0315693392 0.0280648802 1 0 0
v 0.0213416554 0.0331637486 0.0274687638 1 0 0
v 0.0213489727 0.0347527338 0.0268582587 1 0 0
v 0.0213534199 0.0363367588 0.0262349731 1 0 0
v 0.0213596763 0.0379135451 0.0255936193 1 0 0
v 0.0213661355 0.03948623 0.0249422523 1 0 0
v 0.0213707648 0.0410582913 0.0242893537 1 0 0
v 0.0213736617 0.0426269731 0.0236283787 1 0 0
v 0.0213807619 0.044187255 0.0229478674 0 1 0
v 0.0213835251 0.0457380726 0.0222460001 0 1 0
v 0.0213865727 0.0472834512 0.0215322228 0 1 0
v 0.021389134 0.0488230658 0.0208061343 0 1 0
v 0.0213914496 0.0503516181 0.0200570686 0 1 0
v 0.0213919764 0.0518676992 0.0192830521 0 1 0
v 0.0213909725 0.0533748504 0.0184917448 0 1 0
v 0.0213923481 0.0548698639 0.0176777756 0 1 0
v 0.0213934915 0.0563356291 0.0168123801 0 0.501961 1
v 0.0213940966 0.0577665248 0.0158905144 0 0.501961 1
v 0.0213948601 0.0591636222 0.0149182169 0 0.501961 1
v 0.0213946694 0.0605019963 0.0138666522 0 0.501961 1
v 0.0213941753 0.0617959497 0.0127608438 0 0.501961 1
v 0.021392007 0.0630398504 0.0115991158 0 0.501961 1
v 0.0213919776 0.0642269298 0.0103793326 0 0.501961 1
v 0.0213924104 0.0653437377 0.00909480933 0 0.501961 1
v 0.0213916255 0.0664001321 0.00776029543 1 0.784314 0
v 0.021392344 0.067388664 0.00637466642 1 0.784314 0
v 0.0213929512 0.0683261524 0.00495396974 1 0.784314 0
v 0.0213923624 0.0691935296 0.00348966073 1 0.784314 0
v 0.0213919441 0.0699849195 0.00198279253 1 0.784314 0
v 0.0213927323 0.0707035887 0.000439915213 1 0.784314 0
v 0.0213936631 0.07133389 -0.00114109917 0.705882 0 1
v 0.0213938235 0.0718966236 -0.00274750496 0.705882 0 1
v 0.021393706 0.0723983677 -0.00437384504 0.705882 0 1
v 0.0213942061 0.0728212481 -0.00602239406 0.705882 0 1
v 0.0213950045 0.0731490863 -0.00769250198 0.705882 0 1
v 0.0213942468 0.0734035768 -0.0093753639 0.705882 0 1
v 0.0213940079 0.0735655763 -0.0110695989 0.705882 0 1
v 0.0213931334 0.0736569551 -0.0127692524 0.705882 0 1
v 0.0213940469 0.0736627421 -0.0144712314 0 0.862745 0.862745
v 0.0213935613 0.0735888884 -0.0161717665 0 0.862745 0.862745
v 0.0213933569 0.0734491387 -0.0178681705 0 0.862745 0.862745
v 0.0213950775 0.073232142 -0.0195561978 0 0.862745 0.862745
v 0.0213952813 0.0729134533 -0.0212282602 0 0.862745 0.862745
v 0.0213920233 0.0725282448 -0.0228860828 0 0.862745 0.862745
v 0.0213900229 0.0720524857 -0.0245201912 0 0.862745 0.862745
v 0.0213923143 0.0714949191 -0.0261282439 0 0.862745 0.862745
v 0.0213931592 0.0708612136 -0.0277078943 1 0.470588 0
v 0.021392984 0.0701570128 -0.0292574604 1 0.470588 0
v 0.0213942095 0.0693895805 -0.0307766874 1 0.470588 0
v 0.0213947239 0.0685613463 -0.0322636169 1 0.470588 0
v 0.0213942319 0.0676386558 -0.0336938181 1 0.470588 0
v 0.0213937737 0.0666624816 -0.035088248 1 0.470588 0
v 0.0213929519 0.0656171309 -0.0364314205 1 0.470588 0
v 0.0213932672 0.0645050407 -0.0377199249 1 0.470588 0
v 0.0213927821 0.0633351366 -0.0389562345 0.470588 1 0
v 0.021392962 0.0621042839 -0.0401317866 0.470588 1 0
v 0.0213895009 0.0608222922 -0.0412515714 0.470588 1 0
v 0.0213928439 0.0594928957 -0.0423142568 0.470588 1 0
v 0.0213947402 0.0581082473 -0.0433037824 0.470588 1 0
v 0.0213945282 0.0566798108 -0.0442293531 0.470588 1 0
v 0.0213925128 0.0552094624 -0.0450867154 1 0 0.705882
v 0.0213919096 0.0536961357 -0.0458657422 1 0 0.705882
v 0.0213944031 0.0521550754 -0.0465886245 1 0 0.705882
v 0.0213955777 0.0505812498 -0.0472362173 1 0 0.705882
v 0.021394316 0.0489719904 -0.0477905086 1 0 0.705882
v 0.0213951855 0.0473421177 -0.048281192 1 0 0.705882
v 0.0213945503 0.0456872995 -0.0486789641 1 0 0.705882
v 0.0213947577 0.0440158248 -0.0490005235 1 0 0.705882
v 0.0213935629 0.0423312292 -0.0492428484 0.313725 0.313725 1
v 0.0213929986 0.0406365103 -0.0494015423 0.313725 0.313725 1
v 0.0213929751 0.0389368178 -0.0494922501 0.313725 0.313725 1
v 0.021393774 0.0372348257 -0.0495053249 0.313725 0.313725 1
v 0.0213951539 0.0355344451 -0.0494339737 0.313725 0.313725 1
v 0.021394327 0.033839936 -0.049273555 0.313725 0.313725 1
v 0.0213924687 0.0321544664 -0.0490367155 0.313725 0.313725 1
v 0.0213929449 0.0304819174 -0.0487208332 0.313725 0.313725 1
v 0.0213918307 0.0288257975 -0.0483284934 0.705882 0.470588 0.156863
v 0.0213900541 0.0271979089 -0.0478315791 0.705882 0.470588 0.156863
v 0.021391815 0.0255903139 -0.0472721291 0.705882 0.470588 0.156863
v 0.0213915552 0.0240086553 -0.0466432308 0.705882 0.470588 0.156863
v 0.0213916988 0.0224614132 -0.0459340733 0.705882 0.470588 0.156863
v 0.0213900059 0.0209477113 -0.04515563 0.705882 0.470588 0.156863
v 0.021391976 0.0194721257 -0.0443072695 0.705882 0.470588 0.156863
v 0.0213922586 0.0180405056 -0.0433866229 0.705882 0.470588 0.156863
v 0.0213934751 0.0166534934 -0.042400011 0.470588 0.470588 0.470588
v 0.0213921848 0.0153102046 -0.0413548528 0.470588 0.470588 0.470588
v 0.0213916313 0.0140274615 -0.0402361295 0.470588 0.470588 0.470588
v 0.0213924564 0.0127943674 -0.0390628879 0.470588 0.470588 0.470588
v 0.0213916483 0.0116217801 -0.0378292189 0.470588 0.470588 0.470588
v 0.0213895261 0.0105040996 -0.0365453716 0.470588 0.470588 0.470588
v 0.0213913538 0.00940152288 -0.0352484466 0.470588 0.470588 0.470588
v 0.0229709696 0.00567913057 0.0357993344 0.705882 0.470588 0.156863
v 0.0229948779 0.00733685362 0.0353124601 0.705882 0.470588 0.156863
v 0.0230215122 0.00899449545 0.0348253534 0.705882 0.470588 0.156863
v 0.0230522787 0.0106557595 0.0343509871 0.705882 0.470588 0.156863
v 0.0230785603 0.012315186 0.0338699888 0.705882 0.470588 0.156863
v 0.0231010004 0.0139710125 0.0333765685 0.705882 0.470588 0.156863
v 0.0231210586 0.0156262419 0.0328810281 0.705882 0.470588 0.156863
v 0.0231470153 0.017284372 0.0323955599 0.705882 0.470588 0.156863
v 0.023170369 0.0189374551 0.0318931299 0.470588 0.470588 0.470588
v 0.0231938556 0.0205875232 0.0313808348 0.470588 0.470588 0.470588
v 0.0232142387 0.0222346747 0.0308591366 0.470588 0.470588 0.470588
v 0.0232297637 0.023877414 0.0303234753 0.470588 0.470588 0.470588
v 0.0232436367 0.0255193235 0.0297853215 0.470588 0.470588 0.470588
v 0.0232622129 0.0271585869 0.0292392105 0.470588 0.470588 0.470588
v 0.023274478 0.0287947545 0.0286837286 0.470588 0.470588 0.470588
v 0.0232866189 0.0304268353 0.028116332 0.470588 0.470588 0.470588
v 0.0233011643 0.0320542445 0.0275357397 1 0 0
v 0.0233140807 0.0336786973 0.0269468718 1 0 0
v 0.0233245417 0.0352980647 0.0263441328 1 0 0
v 0.0233327357 0.036911115 0.0257246379 1 0 0
v 0.0233364354 0.0385165568 0.0250856422 1 0 0
v 0.0233427789 0.0401175648 0.0244356376 1 0 0
v 0.0233531734 0.041716907 0.0237816066 1 0 0
v 0.0233616401 0.0433118259 0.0231168781 1 0 0
v 0.0233676746 0.0448973193 0.0224299745 0 1 0
v 0.0233699287 0.0464725888 0.0217198806 0 1 0
v 0.0233745114 0.0480412305 0.0209952414 0 1 0
v 0.0233770558 0.0496021693 0.020254187 0 1 0
v 0.0233792665 0.0511488535 0.0194838572 0 1 0
v 0.0233806451 0.0526833023 0.0186893799 0 1 0
v 0.0233795058 0.0542084375 0.0178771768 0 1 0
v 0.0233820182 0.0557141333 0.0170297019 0 1 0
v 0.0233827118 0.0571810798 0.0161167987 0 0.501961 1
v 0.0233796561 0.0586128558 0.0151497515 0 0.501961 1
v 0.0233829439 0.0599948058 0.0141128925 0 0.501961 1
v 0.0233830881 0.0613214095 0.01300595 0 0.501961 1
v 0.0233835356 0.0626015625 0.0118456424 0 0.501961 1
v 0.0233829077 0.0638189571 0.0106197158 0 0.501961 1
v 0.0233825882 0.0649754973 0.00933618068 0 0.501961 1
v 0.0233810787 0.0660573009 0.00798904819 0 0.501961 1
v 0.0233797396 0.0670774277 0.00659459383 1 0.784314 0
v 0.0233800426 0.068040422 0.00516008409 1 0.784314 0
v 0.023382642 0.0689351072 0.00368228941 1 0.784314 0
v 0.023382491 0.0697521444 0.00216000575 1 0.784314 0
v 0.0233807494 0.0704892578 0.000597494615 1 0.784314 0
v 0.0233813804 0.0711403422 -0.00100280077 1 0.784314 0
v 0.0233817319 0.0717219245 -0.00262980605 0.705882 0 1
v 0.0233812411 0.0722387065 -0.00427844296 0.705882 0 1
v 0.0233820216 0.0726702631 -0.00595124079 0.705882 0 1
v 0.0233806055 0.0730128098 -0.00764461565 0.705882 0 1
v 0.023381948 0.0732710412 -0.00935292785 0.705882 0 1
v 0.0233832405 0.0734343192 -0.0110729999 0.705882 0 1
v 0.0233820111 0.073522969 -0.0127984484 0.705882 0 1
v 0.0233826493 0.0735249534 -0.0145261171 0.705882 0 1
v 0.0233823867 0.0734532447 -0.0162523262 0 0.862745 0.862745
v 0.0233829056 0.0733003291 -0.017973362 0 0.862745 0.862745
v 0.0233827037 0.0730685947 -0.0196853095 0 0.862745 0.862745
v 0.0233816898 0.0727427711 -0.0213820544 0 0.862745 0.862745
v 0.0233832006 0.0723416603 -0.0230625557 0 0.862745 0.862745
v 0.0233802865 0.0718475005 -0.0247179511 0 0.862745 0.862745
v 0.02337844 0.0712648207 -0.0263444643 0 0.862745 0.862745
v 0.0233812741 0.0706171177 -0.027946259 0 0.862745 0.862745
v 0.0233816024 0.0698871067 -0.0295121847 1 0.470588 0
v 0.0233829019 0.0690980939 -0.031049323 1 0.470588 0
v 0.0233809763 0.0682362073 -0.0325466728 1 0.470588 0
v 0.0233829476 0.067282609 -0.0339873989 1 0.470588 0
v 0.0233793148 0.0662655366 -0.0353840394 1 0.470588 0
v 0.0233804052 0.0651844667 -0.0367318062 1 0.470588 0
v 0.0233815439 0.0640446078 -0.0380300829 0.470588 1 0
v 0.0233797972 0.0628321911 -0.0392610163 0.470588 1 0
v 0.0233822685 0.0615635304 -0.0404340434 0.470588 1 0
v 0.0233826505 0.0602471292 -0.0415530801 0.470588 1 0
v 0.023383436 0.0588791881 -0.0426081562 0.470588 1 0
v 0.0233833088 0.0574521311 -0.0435819989 0.470588 1 0
v 0.0233832118 0.0559827513 -0.0444908535 1 0 0.705882
v 0.0233827981 0.0544719787 -0.04532888 1 0 0.705882
v 0.0233807475 0.0529219883 -0.0460923581 1 0 0.705882
v 0.0233795813 0.0513409594 -0.0467887196 1 0 0.705882
v 0.0233809813 0.0497253008 -0.0474003778 1 0 0.705882
v 0.023382259 0.0480804081 -0.0479291386 1 0 0.705882
v 0.0233816349 0.0464125065 -0.0483793734 1 0 0.705882
v 0.0233789647 0.044722555 -0.0487386228 1 0 0.705882
v 0.0233796822 0.0430182806 -0.0490213629 0.313725 0.313725 1
v 0.0233789173 0.0413010651 -0.0492112027 0.313725 0.313725 1
v 0.0233795933 0.039577654 -0.049333938 0.313725 0.313725 1
v 0.0233821365 0.0378505954 -0.0493802295 0.313725 0.313725 1
v 0.0233810768 0.0361233827 -0.0493397782 0.313725 0.313725 1
v 0.0233821115 0.0344011238 -0.049202358 0.313725 0.313725 1
v 0.0233784839 0.0326866547 -0.0489889407 0.313725 0.313725 1
v 0.0233806874 0.0309861927 -0.0486834128 0.313725 0.313725 1
v 0.0233806263 0.0293013506 -0.048301007 0.705882 0.470588 0.156863
v 0.023380871 0.0276404584 -0.0478254511 0.705882 0.470588 0.156863
v 0.0233810572 0.0260037324 -0.0472724118 0.705882 0.470588 0.156863
v 0.0233810529 0.0243916648 -0.0466506112 0.705882 0.470588 0.156863
v 0.0233806181 0.0228145356 -0.045945257 0.705882 0.470588 0.156863
v 0.0233773438 0.0212716619 -0.0451676864 0.705882 0.470588 0.156863
v 0.0233801259 0.019766378 -0.0443199336 0.705882 0.470588 0.156863
v 0.0233802431 0.0183053229 -0.0433979606 0.705882 0.470588 0.156863
v 0.0233791596 0.0168924057 -0.0424035231 0.470588 0.470588 0.470588
v 0.0233802278 0.0155247731 -0.0413479975 0.470588 0.470588 0.470588
v 0.0233814458 0.014220444 -0.0402148713 0.470588 0.470588 0.470588
v 0.0233811602 0.0129589658 -0.039034273 0.470588 0.470588 0.470588
v 0.0233811081 0.0117666034 -0.0377840786 0.470588 0.470588 0.470588
v 0.0233798742 0.0106284524 -0.0364840291 0.470588 0.470588 0.470588
v 0.0233800589 0.00950802543 -0.0351685932 0.470588 0.470588 0.470588
l 1 2
l 2 3
l 3 4
l 4 5
l 5 6
l 6 7
l 7 8
l 8 9
l 9 10
l 10 11
l 11 12
l 12 13
l 13 14
l 14 15
l 15 16
l 16 17
l 17 18
l 18 19
l 19 20
l 20 21
l 21 22
l 22 23
l 23 24
l 24 25
l 25 26
l 26 27
l 27 28
l 28 29
l 29 30
l 30 31
l 31 32
l 32 33
l 33 34
l 34 35
l 35 36
l 36 37
l 37 38
l 38 39
l 39 40
l 40 41
l 41 42
l 42 43
l 43 44
l 44 45
l 45 46
l 46 47
l 47 48
l 48 49
l 49 50
l 50 51
l 51 52
l 52 53
l 53 54
l 54 55
l 55 56
l 56 57
l 57 58
l 58 59
l 59 60
l 60 61
l 61 62
l 62 63
l 63 64
l 64 65
l 65 66
l 66 67
l 67 68
l 68 69
l 69 70
l 70 71
l 71 72
l 72 73
l 73 74
l 74 75
l 75 76
l 76 77
l 77 78
l 78 79
l 79 80
l 80 81
l 81 82
l 82 83
l 83 84
l 84 85
l 85 86
l 86 87
l 87 88
l 88 89
l 89 90
l 90 91
l 91 92
l 92 93
l 93 94
l 94 95
l 95 96
l 96 97
l 97 98
l 98 99
l 99 100
l 100 101
l 101 102
l 102 103
l 103 104
l 104 105
l 105 106
l 106 107
l 108 109
l 109 110
l 110 111
l 111 112
l 112 113
l 113 114
l 114 115
l 115 116
l 116 117
l 117 118
l 118 119
l 119 120
l 120 121
l 121 122
l 122 123
l 123 124
l 124 125
l 125 126
l 126 127
l 127 128
l 128 129
l 129 130
l 130 131
l 131 132
l 132 133
l 133 134
l 134 135
l 135 136
l 136 137
l 137 138
l 138 139
l 139 140
l 140 141
l 141 142
l 142 143
l 143 144
l 144 145
l 145 146
l 146 147
l 147 148
l 148 149
l 149 150
l 150 151
l 151 152
l 152 153
l 153 154
l 154 155
l 155 156
l 156 157
l 157 158
l 158 159
l 159 160
l 160 161
l 161 162
l 162 163
l 163 164
l 164 165
l 165 166
l 166 167
l 167 168
l 168 169
l 169 170
l 170 171
l 171 172
l 172 173
l 173 174
l 174 175
l 175 176
l 176 177
l 177 178
l 178 179
l 179 180
l 180 181
l 181 182
l 182 183
l 183 184
l 184 185
l 185 186
l 186 187
l 187 188
l 188 189
l 189 190
l 190 191
l 191 192
l 192 193
l 193 194
l 194 195
l 195 196
l 196 197
l 197 198
l 198 199
l 199 200
l 200 201
l 201 202
l 202 203
l 203 204
l 204 205
l 205 206
l 206 207
l 207 208
l 208 209
l 209 210
l 210 211
l 211 212
l 212 213
l 213 214
l 215 216
l 216 217
l 217 218
l 218 219
l 219 220
l 220 221
l 221 222
l 222 223
l 223 224
l 224 225
l 225 226
l 226 227
l 227 228
l 228 229
l 229 230
l 230 231
l 231 232
l 232 233
l 233 234
l 234 235
l 235 236
l 236 237
l 237 238
l 238 239
l 239 240
l 240 241
l 241 242
l 242 243
l 243 244
l 244 245
l 245 246
l 246 247
l 247 248
l 248 249
l 249 250
l 250 251
l 251 252
l 252 253
l 253 254
l 254 255
l 255 256
l 256 257
l 257 258
l 258 259
l 259 260
l 260 261
l 261 262
l 262 263
l 263 264
l 264 265
l 265 266
l 266 267
l 267 268
l 268 269
l 269 270
l 270 271
l 271 272
l 272 273
l 273 274
l 274 275
l 275 276
l 276 277
l 277 278
l 278 279
l 279 280
l 280 281
l 281 282
l 282 283
l 283 284
l 284 285
l 285 286
l 286 287
l 287 288
l 288 289
l 289 290
l 290 291
l 291 292
l 292 293
l 293 294
l 294 295
l 295 296
l 296 297
l 297 298
l 298 299
l 299 300
l 300 301
l 301 302
l 302 303
l 303 304
l 304 305
l 305 306
l 306 307
l 307 308
l 308 309
l 309 310
l 310 311
l 311 312
l 312 313
l 313 314
l 314 315
l 315 316
l 316 317
l 317 318
l 318 319
l 319 320
l 320 321
l 322 323
l 323 324
l 324 325
l 325 326
l 326 327
l 327 328
l 328 329
l 329 330
l 330 331
l 331 332
l 332 333
l 333 334
l 334 335
l 335 336
l 336 337
l 337 338
l 338 339
l 339 340
l 340 341
l 341 342
l 342 343
l 343 344
l 344 345
l 345 346
l 346 347
l 347 348
l 348 349
l 349 350
l 350 351
l 351 352
l 352 353
l 353 354
l 354 355
l 355 356
l 356 357
l 357 358
l 358 359
l 359 360
l 360 361
l 361 362
l 362 363
l 363 364
l 364 365
l 365 366
l 366 367
l 367 368
l 368 369
l 369 370
l 370 371
l 371 372
l 372 373
l 373 374
l 374 375
l 375 376
l 376 377
l 377 378
l 378 379
l 379 380
l 380 381
l 381 382
l 382 383
l 383 384
l 384 385
l 385 386
l 386 387
l 387 388
l 388 389
l 389 390
l 390 391
l 391 392
l 392 393
l 393 394
l 394 395
l 395 396
l 396 397
l 397 398
l 398 399
l 399 400
l 400 401
l 401 402
l 402 403
l 403 404
l 404 405
l 405 406
l 406 407
l 407 408
l 408 409
l 409 410
l 410 411
l 411 412
l 412 413
l 413 414
l 414 415
l 415 416
l 416 417
l 417 418
l 418 419
l 419 420
l 420 421
l 421 422
l 422 423
l 423 424
l 424 425
l 425 426
l 426 427
l 427 428
l 429 430
l 430 431
l 431 432
l 432 433
l 433 434
l 434 435
l 435 436
l 436 437
l 437 438
l 438 439
l 439 440
l 440 441
l 441 442
l 442 443
l 443 444
l 444 445
l 445 446
l 446 447
l 447 448
l 448 449
l 449 450
l 450 451
l 451 452
l 452 453
l 453 454
l 454 455
l 455 456
l 456 457
l 457 458
l 458 459
l 459 460
l 460 461
l 461 462
l 462 463
l 463 464
l 464 465
l 465 466
l 466 467
l 467 468
l 468 469
l 469 470
l 470 471
l 471 472
l 472 473
l 473 474
l 474 475
l 475 476
l 476 477
l 477 478
l 478 479
l 479 480
l 480 481
l 481 482
l 482 483
l 483 484
l 484 485
l 485 486
l 486 487
l 487 488
l 488 489
l 489 490
l 490 491
l 491 492
l 492 493
l 493 494
l 494 495
l 495 496
l 496 497
l 497 498
l 498 499
l 499 500
l 500 501
l 501 502
l 502 503
l 503 504
l 504 505
l 505 506
l 506 507
l 507 508
l 508 509
l 509 510
l 510 511
l 511 512
l 512 513
l 513 514
l 514 515
l 515 516
l 516 517
l 517 518
l 518 519
l 519 520
l 520 521
l 521 522
l 522 523
l 523 524
l 524 525
l 525 526
l 526 527
l 527 528
l 528 529
l 529 530
l 530 531
l 531 532
l 532 533
l 533 534
l 534 535
l 536 537
l 537 538
l 538 539
l 539 540
l 540 541
l 541 542
l 542 543
l 543 544
l 544 545
l 545 546
l 546 547
l 547 548
l 548 549
l 549 550
l 550 551
l 551 552
l 552 553
l 553 554
l 554 555
l 555 556
l 556 557
l 557 558
l 558 559
l 559 560
l 560 561
l 561 562
l 562 563
l 563 564
l 564 565
l 565 566
l 566 567
l 567 568
l 568 569
l 569 570
l 570 571
l 571 572
l 572 573
l 573 574
l 574 575
l 575 576
l 576 577
l 577 578
l 578 579
l 579 580
l 580 581
l 581 582
l 582 583
l 583 584
l 584 585
l 585 586
l 586 587
l 587 588
l 588 589
l 589 590
l 590 591
l 591 592
l 592 593
l 593 594
l 594 595
l 595 596
l 596 597
l 597 598
l 598 599
l 599 600
l 600 601
l 601 602
l 602 603
l 603 604
l 604 605
l 605 606
l 606 607
l 607 608
l 608 609
l 609 610
l 610 611
l 611 612
l 612 613
l 613 614
l 614 615
l 615 616
l 616 617
l 617 618
l 618 619
l 619 620
l 620 621
l 621 622
l 622 623
l 623 624
l 624 625
l 625 626
l 626 627
l 627 628
l 628 629
l 629 630
l 630 631
l 631 632
l 632 633
l 633 634
l 634 635
l 635 636
l 636 637
l 637 638
l 638 639
l 639 640
l 640 641
l 641 642
l 642 643
l 643 644
l 645 646
l 646 647
l 647 648
l 648 649
l 649 650
l 650 651
l 651 652
l 652 653
l 653 654
l 654 655
l 655 656
l 656 657
l 657 658
l 658 659
l 659 660
l 660 661
l 661 662
l 662 663
l 663 664
l 664 665
l 665 666
l 666 667
l 667 668
l 668 669
l 669 670
l 670 671
l 671 672
l 672 673
l 673 674
l 674 675
l 675 676
l 676 677
l 677 678
l 678 679
l 679 680
l 680 681
l 681 682
l 682 683
l 683 684
l 684 685
l 685 686
l 686 687
l 687 688
l 688 689
l 689 690
l 690 691
l 691 692
l 692 693
l 693 694
l 694 695
l 695 696
l 696 697
l 697 698
l 698 699
l 699 700
l 700 701
l 701 702
l 702 703
l 703 704
l 704 705
l 705 706
l 706 707
l 707 708
l 708 709
l 709 710
l 710 711
l 711 712
l 712 713
l 713 714
l 714 715
l 715 716
l 716 717
l 717 718
l 718 719
l 719 720
l 720 721
l 721 722
l 722 723
l 723 724
l 724 725
l 725 726
l 726 727
l 727 728
l 728 729
l 729 730
l 730 731
l 731 732
l 732 733
l 733 734
l 734 735
l 735 736
l 736 737
l 737 738
l 738 739
l 739 740
l 740 741
l 741 742
l 742 743
l 743 744
l 744 745
l 745 746
l 746 747
l 747 748
l 748 749
l 749 750
l 750 751
l 751 752
l 752 753
l 754 755
l 755 756
l 756 757
l 757 758
l 758 759
l 759 760
l 760 761
l 761 762
l 762 763
l 763 764
l 764 765
l 765 766
l 766 767
l 767 768
l 768 769
l 769 770
l 770 771
l 771 772
l 772 773
l 773 774
l 774 775
l 775 776
l 776 777
l 777 778
l 778 779
l 779 780
l 780 781
l 781 782
l 782 783
l 783 784
l 784 785
l 785 786
l 786 787
l 787 788
l 788 789
l 789 790
l 790 791
l 791 792
l 792 793
l 793 794
l 794 795
l 795 796
l 796 797
l 797 798
l 798 799
l 799 800
l 800 801
l 801 802
l 802 803
l 803 804
l 804 805
l 805 806
l 806 807
l 807 808
l 808 809
l 809 810
l 810 811
l 811 812
l 812 813
l 813 814
l 814 815
l 815 816
l 816 817
l 817 818
l 818 819
l 819 820
l 820 821
l 821 822
l 822 823
l 823 824
l 824 825
l 825 826
l 826 827
l 827 828
l 828 829
l 829 830
l 830 831
l 831 832
l 832 833
l 833 834
l 834 835
l 835 836
l 836 837
l 837 838
l 838 839
l 839 840
l 840 841
l 841 842
l 842 843
l 843 844
l 844 845
l 845 846
l 846 847
l 847 848
l 848 849
l 849 850
l 850 851
l 851 852
l 852 853
l 853 854
l 854 855
l 855 856
l 856 857
l 857 858
l 858 859
l 859 860
l 860 861
l 861 862
l 863 864
l 864 865
l 865 866
l 866 867
l 867 868
l 868 869
l 869 870
l 870 871
l 871 872
l 872 873
l 873 874
l 874 875
l 875 876
l 876 877
l 877 878
l 878 879
l 879 880
l 880 881
l 881 882
l 882 883
l 883 884
l 884 885
l 885 886
l 886 887
l 887 888
l 888 889
l 889 890
l 890 891
l 891 892
l 892 893
l 893 894
l 894 895
l 895 896
l 896 897
l 897 898
l 898 899
l 899 900
l 900 901
l 901 902
l 902 903
l 903 904
l 904 905
l 905 906
l 906 907
l 907 908
l 908 909
l 909 910
l 910 911
l 911 912
l 912 913
l 913 914
l 914 915
l 915 916
l 916 917
l 917 918
l 918 919
l 919 920
l 920 921
l 921 922
l 922 923
l 923 924
l 924 925
l 925 926
l 926 927
l 927 928
l 928 929
l 929 930
l 930 931
l 931 932
l 932 933
l 933 934
l 934 935
l 935 936
l 936 937
l 937 938
l 938 939
l 939 940
l 940 941
l 941 942
l 942 943
l 943 944
l 944 945
l 945 946
l 946 947
l 947 948
l 948 949
l 949 950
l 950 951
l 951 952
l 952 953
l 953 954
l 954 955
l 955 956
l 956 957
l 957 958
l 958 959
l 959 960
l 960 961
l 961 962
l 962 963
l 963 964
l 964 965
l 965 966
l 966 967
l 967 968
l 968 969
l 969 970
l 970 971
l 972 973
l 973 974
l 974 975
l 975 976
l 976 977
l 977 978
l 978 979
l 979 980
l 980 981
l 981 982
l 982 983
l 983 984
l 984 985
l 985 986
l 986 987
l 987 988
l 988 989
l 989 990
l 990 991
l 991 992
l 992 993
l 993 994
l 994 995
l 995 996
l 996 997
l 997 998
l 998 999
l 999 1000
l 1000 1001
l 1001 1002
l 1002 1003
l 1003 1004
l 1004 1005
l 1005 1006
l 1006 1007
l 1007 1008
l 1008 1009
l 1009 1010
l 1010 1011
l 1011 1012
l 1012 1013
l 1013 1014
l 1014 1015
l 1015 1016
l 1016 1017
l 1017 1018
l 1018 1019
l 1019 1020
l 1020 1021
l 1021 1022
l 1022 1023
l 1023 1024
l 1024 1025
l 1025 1026
l 1026 1027
l 1027 1028
l 1028 1029
l 1029 1030
l 1030 1031
l 1031 1032
l 1032 1033
l 1033 1034
l 1034 1035
l 1035 1036
l 1036 1037
l 1037 1038
l 1038 1039
l 1039 1040
l 1040 1041
l 1041 1042
l 1042 1043
l 1043 1044
l 1044 1045
l 1045 1046
l 1046 1047
l 1047 1048
l 1048 1049
l 1049 1050
l 1050 1051
l 1051 1052
l 1052 1053
l 1053 1054
l 1054 1055
l 1055 1056
l 1056 1057
l 1057 1058
l 1058 1059
l 1059 1060
l 1060 1061
l 1061 1062
l 1062 1063
l 1063 1064
l 1064 1065
l 1065 1066
l 1066 1067
l 1067 1068
l 1068 1069
l 1069 1070
l 1070 1071
l 1071 1072
l 1072 1073
l 1073 1074
l 1074 1075
l 1075 1076
l 1076 1077
l 1077 1078
l 1078 1079
l 1079 1080
l 1081 1082
l 1082 1083
l 1083 1084
l 1084 1085
l 1085 1086
l 1086 1087
l 1087 1088
l 1088 1089
l 1089 1090
l 1090 1091
l 1091 1092
l 1092 1093
l 1093 1094
l 1094 1095
l 1095 1096
l 1096 1097
l 1097 1098
l 1098 1099
l 1099 1100
l 1100 1101
l 1101 1102
l 1102 1103
l 1103 1104
l 1104 1105
l 1105 1106
l 1106 1107
l 1107 1108
l 1108 1109
l 1109 1110
l 1110 1111
l 1111 1112
l 1112 1113
l 1113 1114
l 1114 1115
l 1115 1116
l 1116 1117
l 1117 1118
l 1118 1119
l 1119 1120
l 1120 1121
l 1121 1122
l 1122 1123
l 1123 1124
l 1124 1125
l 1125 1126
l 1126 1127
l 1127 1128
l 1128 1129
l 1129 1130
l 1130 1131
l 1131 1132
l 1132 1133
l 1133 1134
l 1134 1135
l 1135 1136
l 1136 1137
l 1137 1138
l 1138 1139
l 1139 1140
l 1140 1141
l 1141 1142
l 1142 1143
l 1143 1144
l 1144 1145
l 1145 1146
l 1146 1147
l 1147 1148
l 1148 1149
l 1149 1150
l 1150 1151
l 1151 1152
l 1152 1153
l 1153 1154
l 1154 1155
l 1155 1156
l 1156 1157
l 1157 1158
l 1158 1159
l 1159 1160
l 1160 1161
l 1161 1162
l 1162 1163
l 1163 1164
l 1164 1165
l 1165 1166
l 1166 1167
l 1167 1168
l 1168 1169
l 1169 1170
l 1170 1171
l 1171 1172
l 1172 1173
l 1173 1174
l 1174 1175
l 1175 1176
l 1176 1177
l 1177 1178
l 1178 1179
l 1179 1180
l 1180 1181
l 1181 1182
l 1182 1183
l 1183 1184
l 1184 1185
l 1185 1186
l 1186 1187
l 1187 1188
l 1188 1189
l 1190 1191
l 1191 1192
l 1192 1193
l 1193 1194
l 1194 1195
l 1195 1196
l 1196 1197
l 1197 1198
l 1198 1199
l 1199 1200
l 1200 1201
l 1201 1202
l 1202 1203
l 1203 1204
l 1204 1205
l 1205 1206
l 1206 1207
l 1207 1208
l 1208 1209
l 1209 1210
l 1210 1211
l 1211 1212
l 1212 1213
l 1213 1214
l 1214 1215
l 1215 1216
l 1216 1217
l 1217 1218
l 1218 1219
l 1219 1220
l 1220 1221
l 1221 1222
l 1222 1223
l 1223 1224
l 1224 1225
l 1225 1226
l 1226 1227
l 1227 1228
l 1228 1229
l 1229 1230
l 1230 1231
l 1231 1232
l 1232 1233
l 1233 1234
l 1234 1235
l 1235 1236
l 1236 1237
l 1237 1238
l 1238 1239
l 1239 1240
l 1240 1241
l 1241 1242
l 1242 1243
l 1243 1244
l 1244 1245
l 1245 1246
l 1246 1247
l 1247 1248
l 1248 1249
l 1249 1250
l 1250 1251
l 1251 1252
l 1252 1253
l 1253 1254
l 1254 1255
l 1255 1256
l 1256 1257
l 1257 1258
l 1258 1259
l 1259 1260
l 1260 1261
l 1261 1262
l 1262 1263
l 1263 1264
l 1264 1265
l 1265 1266
l 1266 1267
l 1267 1268
l 1268 1269
l 1269 1270
l 1270 1271
l 1271 1272
l 1272 1273
l 1273 1274
l 1274 1275
l 1275 1276
l 1276 1277
l 1277 1278
l 1278 1279
l 1279 1280
l 1280 1281
l 1281 1282
l 1282 1283
l 1283 1284
l 1284 1285
l 1285 1286
l 1286 1287
l 1287 1288
l 1288 1289
l 1289 1290
l 1290 1291
l 1291 1292
l 1292 1293
l 1293 1294
l 1294 1295
l 1295 1296
l 1296 1297
l 1297 1298
l 1299 1300
l 1300 1301
l 1301 1302
l 1302 1303
l 1303 1304
l 1304 1305
l 1305 1306
l 1306 1307
l 1307 1308
l 1308 1309
l 1309 1310
l 1310 1311
l 1311 1312
l 1312 1313
l 1313 1314
l 1314 1315
l 1315 1316
l 1316 1317
l 1317 1318
l 1318 1319
l 1319 1320
l 1320 1321
l 1321 1322
l 1322 1323
l 1323 1324
l 1324 1325
l 1325 1326
l 1326 1327
l 1327 1328
l 1328 1329
l 1329 1330
l 1330 1331
l 1331 1332
l 1332 1333
l 1333 1334
l 1334 1335
l 1335 1336
l 1336 1337
l 1337 1338
l 1338 1339
l 1339 1340
l 1340 1341
l 1341 1342
l 1342 1343
l 1343 1344
l 1344 1345
l 1345 1346
l 1346 1347
l 1347 1348
l 1348 1349
l 1349 1350
l 1350 1351
l 1351 1352
l 1352 1353
l 1353 1354
l 1354 1355
l 1355 1356
l 1356 1357
l 1357 1358
l 1358 1359
l 1359 1360
l 1360 1361
l 1361 1362
l 1362 1363
l 1363 1364
l 1364 1365
l 1365 1366
l 1366 1367
l 1367 1368
l 1368 1369
l 1369 1370
l 1370 1371
l 1371 1372
l 1372 1373
l 1373 1374
l 1374 1375
l 1375 1376
l 1376 1377
l 1377 1378
l 1378 1379
l 1379 1380
l 1380 1381
l 1381 1382
l 1382 1383
l 1383 1384
l 1384 1385
l 1385 1386
l 1386 1387
l 1387 1388
l 1388 1389
l 1389 1390
l 1390 1391
l 1391 1392
l 1392 1393
l 1393 1394
l 1394 1395
l 1395 1396
l 1396 1397
l 1397 1398
l 1398 1399
l 1399 1400
l 1400 1401
l 1401 1402
l 1402 1403
l 1403 1404
l 1404 1405
l 1405 1406
l 1406 1407
l 1408 1409
l 1409 1410
l 1410 1411
l 1411 1412
l 1412 1413
l 1413 1414
l 1414 1415
l 1415 1416
l 1416 1417
l 1417 1418
l 1418 1419
l 1419 1420
l 1420 1421
l 1421 1422
l 1422 1423
l 1423 1424
l 1424 1425
l 1425 1426
l 1426 1427
l 1427 1428
l 1428 1429
l 1429 1430
l 1430 1431
l 1431 1432
l 1432 1433
l 1433 1434
l 1434 1435
l 1435 1436
l 1436 1437
l 1437 1438
l 1438 1439
l 1439 1440
l 1440 1441
l 1441 1442
l 1442 1443
l 1443 1444
l 1444 1445
l 1445 1446
l 1446 1447
l 1447 1448
l 1448 1449
l 1449 1450
l 1450 1451
l 1451 1452
l 1452 1453
l 1453 1454
l 1454 1455
l 1455 1456
l 1456 1457
l 1457 1458
l 1458 1459
l 1459 1460
l 1460 1461
l 1461 1462
l 1462 1463
l 1463 1464
l 1464 1465
l 1465 1466
l 1466 1467
l 1467 1468
l 1468 1469
l 1469 1470
l 1470 1471
l 1471 1472
l 1472 1473
l 1473 1474
l 1474 1475
l 1475 1476
l 1476 1477
l 1477 1478
l 1478 1479
l 1479 1480
l 1480 1481
l 1481 1482
l 1482 1483
l 1483 1484
l 1484 1485
l 1485 1486
l 1486 1487
l 1487 1488
l 1488 1489
l 1489 1490
l 1490 1491
l 1491 1492
l 1492 1493
l 1493 1494
l 1494 1495
l 1495 1496
l 1496 1497
l 1497 1498
l 1498 1499
l 1499 1500
l 1500 1501
l 1501 1502
l 1502 1503
l 1503 1504
l 1504 1505
l 1505 1506
l 1506 1507
l 1507 1508
l 1508 1509
l 1509 1510
l 1510 1511
l 1511 1512
l 1512 1513
l 1513 1514
l 1514 1515
l 1515 1516
l 1517 1518
l 1518 1519
l 1519 1520
l 1520 1521
l 1521 1522
l 1522 1523
l 1523 1524
l 1524 1525
l 1525 1526
l 1526 1527
l 1527 1528
l 1528 1529
l 1529 1530
l 1530 1531
l 1531 1532
l 1532 1533
l 1533 1534
l 1534 1535
l 1535 1536
l 1536 1537
l 1537 1538
l 1538 1539
l 1539 1540
l 1540 1541
l 1541 1542
l 1542 1543
l 1543 1544
l 1544 1545
l 1545 1546
l 1546 1547
l 1547 1548
l 1548 1549
l 1549 1550
l 1550 1551
l 1551 1552
l 1552 1553
l 1553 1554
l 1554 1555
l 1555 1556
l 1556 1557
l 1557 1558
l 1558 1559
l 1559 1560
l 1560 1561
l 1561 1562
l 1562 1563
l 1563 1564
l 1564 1565
l 1565 1566
l 1566 1567
l 1567 1568
l 1568 1569
l 1569 1570
l 1570 1571
l 1571 1572
l 1572 1573
l 1573 1574
l 1574 1575
l 1575 1576
l 1576 1577
l 1577 1578
l 1578 1579
l 1579 1580
l 1580 1581
l 1581 1582
l 1582 1583
l 1583 1584
l 1584 1585
l 1585 1586
l 1586 1587
l 1587 1588
l 1588 1589
l 1589 1590
l 1590 1591
l 1591 1592
l 1592 1593
l 1593 1594
l 1594 1595
l 1595 1596
l 1596 1597
l 1597 1598
l 1598 1599
l 1599 1600
l 1600 1601
l 1601 1602
l 1602 1603
l 1603 1604
l 1604 1605
l 1605 1606
l 1606 1607
l 1607 1608
l 1608 1609
l 1609 1610
l 1610 1611
l 1611 1612
l 1612 1613
l 1613 1614
l 1614 1615
l 1615 1616
l 1616 1617
l 1617 1618
l 1618 1619
l 1619 1620
l 1620 1621
l 1621 1622
l 1622 1623
l 1623 1624
l 1624 1625
l 1626 1627
l 1627 1628
l 1628 1629
l 1629 1630
l 1630 1631
l 1631 1632
l 1632 1633
l 1633 1634
l 1634 1635
l 1635 1636
l 1636 1637
l 1637 1638
l 1638 1639
l 1639 1640
l 1640 1641
l 1641 1642
l 1642 1643
l 1643 1644
l 1644 1645
l 1645 1646
l 1646 1647
l 1647 1648
l 1648 1649
l 1649 1650
l 1650 1651
l 1651 1652
l 1652 1653
l 1653 1654
l 1654 1655
l 1655 1656
l 1656 1657
l 1657 1658
l 1658 1659
l 1659 1660
l 1660 1661
l 1661 1662
l 1662 1663
l 1663 1664
l 1664 1665
l 1665 1666
l 1666 1667
l 1667 1668
l 1668 1669
l 1669 1670
l 1670 1671
l 1671 1672
l 1672 1673
l 1673 1674
l 1674 1675
l 1675 1676
l 1676 1677
l 1677 1678
l 1678 1679
l 1679 1680
l 1680 1681
l 1681 1682
l 1682 1683
l 1683 1684
l 1684 1685
l 1685 1686
l 1686 1687
l 1687 1688
l 1688 1689
l 1689 1690
l 1690 1691
l 1691 1692
l 1692 1693
l 1693 1694
l 1694 1695
l 1695 1696
l 1696 1697
l 1697 1698
l 1698 1699
l 1699 1700
l 1700 1701
l 1701 1702
l 1702 1703
l 1703 1704
l 1704 1705
l 1705 1706
l 1706 1707
l 1707 1708
l 1708 1709
l 1709 1710
l 1710 1711
l 1711 1712
l 1712 1713
l 1713 1714
l 1714 1715
l 1715 1716
l 1716 1717
l 1717 1718
l 1718 1719
l 1719 1720
l 1720 1721
l 1721 1722
l 1722 1723
l 1723 1724
l 1724 1725
l 1725 1726
l 1726 1727
l 1727 1728
l 1728 1729
l 1729 1730
l 1730 1731
l 1731 1732
l 1732 1733
l 1733 1734
l 1735 1736
l 1736 1737
l 1737 1738
l 1738 1739
l 1739 1740
l 1740 1741
l 1741 1742
l 1742 1743
l 1743 1744
l 1744 1745
l 1745 1746
l 1746 1747
l 1747 1748
l 1748 1749
l 1749 1750
l 1750 1751
l 1751 1752
l 1752 1753
l 1753 1754
l 1754 1755
l 1755 1756
l 1756 1757
l 1757 1758
l 1758 1759
l 1759 1760
l 1760 1761
l 1761 1762
l 1762 1763
l 1763 1764
l 1764 1765
l 1765 1766
l 1766 1767
l 1767 1768
l 1768 1769
l 1769 1770
l 1770 1771
l 1771 1772
l 1772 1773
l 1773 1774
l 1774 1775
l 1775 1776
l 1776 1777
l 1777 1778
l 1778 1779
l 1779 1780
l 1780 1781
l 1781 1782
l 1782 1783
l 1783 1784
l 1784 1785
l 1785 1786
l 1786 1787
l 1787 1788
l 1788 1789
l 1789 1790
l 1790 1791
l 1791 1792
l 1792 1793
l 1793 1794
l 1794 1795
l 1795 1796
l 1796 1797
l 1797 1798
l 1798 1799
l 1799 1800
l 1800 1801
l 1801 1802
l 1802 1803
l 1803 1804
l 1804 1805
l 1805 1806
l 1806 1807
l 1807 1808
l 1808 1809
l 1809 1810
l 1810 1811
l 1811 1812
l 1812 1813
l 1813 1814
l 1814 1815
l 1815 1816
l 1816 1817
l 1817 1818
l 1818 1819
l 1819 1820
l 1820 1821
l 1821 1822
l 1822 1823
l 1823 1824
l 1824 1825
l 1825 1826
l 1826 1827
l 1827 1828
l 1828 1829
l 1829 1830
l 1830 1831
l 1831 1832
l 1832 1833
l 1833 1834
l 1834 1835
l 1835 1836
l 1836 1837
l 1837 1838
l 1838 1839
l 1839 1840
l 1840 1841
l 1841 1842
l 1842 1843
l 1844 1845
l 1845 1846
l 1846 1847
l 1847 1848
l 1848 1849
l 1849 1850
l 1850 1851
l 1851 1852
l 1852 1853
l 1853 1854
l 1854 1855
l 1855 1856
l 1856 1857
l 1857 1858
l 1858 1859
l 1859 1860
l 1860 1861
l 1861 1862
l 1862 1863
l 1863 1864
l 1864 1865
l 1865 1866
l 1866 1867
l 1867 1868
l 1868 1869
l 1869 1870
l 1870 1871
l 1871 1872
l 1872 1873
l 1873 1874
l 1874 1875
l 1875 1876
l 1876 1877
l 1877 1878
l 1878 1879
l 1879 1880
l 1880 1881
l 1881 1882
l 1882 1883
l 1883 1884
l 1884 1885
l 1885 1886
l 1886 1887
l 1887 1888
l 1888 1889
l 1889 1890
l 1890 1891
l 1891 1892
l 1892 1893
l 1893 1894
l 1894 1895
l 1895 1896
l 1896 1897
l 1897 1898
l 1898 1899
l 1899 1900
l 1900 1901
l 1901 1902
l 1902 1903
l 1903 1904
l 1904 1905
l 1905 1906
l 1906 1907
l 1907 1908
l 1908 1909
l 1909 1910
l 1910 1911
l 1911 1912
l 1912 1913
l 1913 1914
l 1914 1915
l 1915 1916
l 1916 1917
l 1917 1918
l 1918 1919
l 1919 1920
l 1920 1921
l 1921 1922
l 1922 1923
l 1923 1924
l 1924 1925
l 1925 1926
l 1926 1927
l 1927 1928
l 1928 1929
l 1929 1930
l 1930 1931
l 1931 1932
l 1932 1933
l 1933 1934
l 1934 1935
l 1935 1936
l 1936 1937
l 1937 1938
l 1938 1939
l 1939 1940
l 1940 1941
l 1941 1942
l 1942 1943
l 1943 1944
l 1944 1945
l 1945 1946
l 1946 1947
l 1947 1948
l 1948 1949
l 1949 1950
l 1951 1952
l 1952 1953
l 1953 1954
l 1954 1955
l 1955 1956
l 1956 1957
l 1957 1958
l 1958 1959
l 1959 1960
l 1960 1961
l 1961 1962
l 1962 1963
l 1963 1964
l 1964 1965
l 1965 1966
l 1966 1967
l 1967 1968
l 1968 1969
l 1969 1970
l 1970 1971
l 1971 1972
l 1972 1973
l 1973 1974
l 1974 1975
l 1975 1976
l 1976 1977
l 1977 1978
l 1978 1979
l 1979 1980
l 1980 1981
l 1981 1982
l 1982 1983
l 1983 1984
l 1984 1985
l 1985 1986
l 1986 1987
l 1987 1988
l 1988 1989
l 1989 1990
l 1990 1991
l 1991 1992
l 1992 1993
l 1993 1994
l 1994 1995
l 1995 1996
l 1996 1997
l 1997 1998
l 1998 1999
l 1999 2000
l 2000 2001
l 2001 2002
l 2002 2003
l 2003 2004
l 2004 2005
l 2005 2006
l 2006 2007
l 2007 2008
l 2008 2009
l 2009 2010
l 2010 2011
l 2011 2012
l 2012 2013
l 2013 2014
l 2014 2015
l 2015 2016
l 2016 2017
l 2017 2018
l 2018 2019
l 2019 2020
l 2020 2021
l 2021 2022
l 2022 2023
l 2023 2024
l 2024 2025
l 2025 2026
l 2026 2027
l 2027 2028
l 2028 2029
l 2029 2030
l 2030 2031
l 2031 2032
l 2032 2033
l 2033 2034
l 2034 2035
l 2035 2036
l 2036 2037
l 2037 2038
l 2038 2039
l 2039 2040
l 2040 2041
l 2041 2042
l 2042 2043
l 2043 2044
l 2044 2045
l 2045 2046
l 2046 2047
l 2047 2048
l 2048 2049
l 2049 2050
l 2050 2051
l 2051 2052
l 2052 2053
l 2053 2054
l 2054 2055
l 2055 2056
l 2056 2057
l 2058 2059
l 2059 2060
l 2060 2061
l 2061 2062
l 2062 2063
l 2063 2064
l 2064 2065
l 2065 2066
l 2066 2067
l 2067 2068
l 2068 2069
l 2069 2070
l 2070 2071
l 2071 2072
l 2072 2073
l 2073 2074
l 2074 2075
l 2075 2076
l 2076 2077
l 2077 2078
l 2078 2079
l 2079 2080
l 2080 2081
l 2081 2082
l 2082 2083
l 2083 2084
l 2084 2085
l 2085 2086
l 2086 2087
l 2087 2088
l 2088 2089
l 2089 2090
l 2090 2091
l 2091 2092
l 2092 2093
l 2093 2094
l 2094 2095
l 2095 2096
l 2096 2097
l 2097 2098
l 2098 2099
l 2099 2100
l 2100 2101
l 2101 2102
l 2102 2103
l 2103 2104
l 2104 2105
l 2105 2106
l 2106 2107
l 2107 2108
l 2108 2109
l 2109 2110
l 2110 2111
l 2111 2112
l 2112 2113
l 2113 2114
l 2114 2115
l 2115 2116
l 2116 2117
l 2117 2118
l 2118 2119
l 2119 2120
l 2120 2121
l 2121 2122
l 2122 2123
l 2123 2124
l 2124 2125
l 2125 2126
l 2126 2127
l 2127 2128
l 2128 2129
l 2129 2130
l 2130 2131
l 2131 2132
l 2132 2133
l 2133 2134
l 2134 2135
l 2135 2136
l 2136 2137
l 2137 2138
l 2138 2139
l 2139 2140
l 2140 2141
l 2141 2142
l 2142 2143
l 2143 2144
l 2144 2145
l 2145 2146
l 2146 2147
l 2147 2148
l 2148 2149
l 2149 2150
l 2150 2151
l 2151 2152
l 2152 2153
l 2153 2154
l 2154 2155
l 2155 2156
l 2156 2157
l 2157 2158
l 2158 2159
l 2159 2160
l 2160 2161
l 2161 2162
l 2162 2163
l 2163 2164
l 2165 2166
l 2166 2167
l 2167 2168
l 2168 2169
l 2169 2170
l 2170 2171
l 2171 2172
l 2172 2173
l 2173 2174
l 2174 2175
l 2175 2176
l 2176 2177
l 2177 2178
l 2178 2179
l 2179 2180
l 2180 2181
l 2181 2182
l 2182 2183
l 2183 2184
l 2184 2185
l 2185 2186
l 2186 2187
l 2187 2188
l 2188 2189
l 2189 2190
l 2190 2191
l 2191 2192
l 2192 2193
l 2193 2194
l 2194 2195
l 2195 2196
l 2196 2197
l 2197 2198
l 2198 2199
l 2199 2200
l 2200 2201
l 2201 2202
l 2202 2203
l 2203 2204
l 2204 2205
l 2205 2206
l 2206 2207
l 2207 2208
l 2208 2209
l 2209 2210
l 2210 2211
l 2211 2212
l 2212 2213
l 2213 2214
l 2214 2215
l 2215 2216
l 2216 2217
l 2217 2218
l 2218 2219
l 2219 2220
l 2220 2221
l 2221 2222
l 2222 2223
l 2223 2224
l 2224 2225
l 2225 2226
l 2226 2227
l 2227 2228
l 2228 2229
l 2229 2230
l 2230 2231
l 2231 2232
l 2232 2233
l 2233 2234
l 2234 2235
l 2235 2236
l 2236 2237
l 2237 2238
l 2238 2239
l 2239 2240
l 2240 2241
l 2241 2242
l 2242 2243
l 2243 2244
l 2244 2245
l 2245 2246
l 2246 2247
l 2247 2248
l 2248 2249
l 2249 2250
l 2250 2251
l 2251 2252
l 2252 2253
l 2253 2254
l 2254 2255
l 2255 2256
l 2256 2257
l 2257 2258
l 2258 2259
l 2259 2260
l 2260 2261
l 2261 2262
l 2262 2263
l 2263 2264
l 2264 2265
l 2265 2266
l 2266 2267
l 2267 2268
l 2268 2269
l 2269 2270
l 2270 2271
l 2272 2273
l 2273 2274
l 2274 2275
l 2275 2276
l 2276 2277
l 2277 2278
l 2278 2279
l 2279 2280
l 2280 2281
l 2281 2282
l 2282 2283
l 2283 2284
l 2284 2285
l 2285 2286
l 2286 2287
l 2287 2288
l 2288 2289
l 2289 2290
l 2290 2291
l 2291 2292
l 2292 2293
l 2293 2294
l 2294 2295
l 2295 2296
l 2296 2297
l 2297 2298
l 2298 2299
l 2299 2300
l 2300 2301
l 2301 2302
l 2302 2303
l 2303 2304
l 2304 2305
l 2305 2306
l 2306 2307
l 2307 2308
l 2308 2309
l 2309 2310
l 2310 2311
l 2311 2312
l 2312 2313
l 2313 2314
l 2314 2315
l 2315 2316
l 2316 2317
l 2317 2318
l 2318 2319
l 2319 2320
l 2320 2321
l 2321 2322
l 2322 2323
l 2323 2324
l 2324 2325
l 2325 2326
l 2326 2327
l 2327 2328
l 2328 2329
l 2329 2330
l 2330 2331
l 2331 2332
l 2332 2333
l 2333 2334
l 2334 2335
l 2335 2336
l 2336 2337
l 2337 2338
l 2338 2339
l 2339 2340
l 2340 2341
l 2341 2342
l 2342 2343
l 2343 2344
l 2344 2345
l 2345 2346
l 2346 2347
l 2347 2348
l 2348 2349
l 2349 2350
l 2350 2351
l 2351 2352
l 2352 2353
l 2353 2354
l 2354 2355
l 2355 2356
l 2356 2357
l 2357 2358
l 2358 2359
l 2359 2360
l 2360 2361
l 2361 2362
l 2362 2363
l 2363 2364
l 2364 2365
l 2365 2366
l 2366 2367
l 2367 2368
l 2368 2369
l 2369 2370
l 2370 2371
l 2371 2372
l 2372 2373
l 2373 2374
l 2374 2375
l 2375 2376
l 2376 2377
l 2377 2378
l 2379 2380
l 2380 2381
l 2381 2382
l 2382 2383
l 2383 2384
l 2384 2385
l 2385 2386
l 2386 2387
l 2387 2388
l 2388 2389
l 2389 2390
l 2390 2391
l 2391 2392
l 2392 2393
l 2393 2394
l 2394 2395
l 2395 2396
l 2396 2397
l 2397 2398
l 2398 2399
l 2399 2400
l 2400 2401
l 2401 2402
l 2402 2403
l 2403 2404
l 2404 2405
l 2405 2406
l 2406 2407
l 2407 2408
l 2408 2409
l 2409 2410
l 2410 2411
l 2411 2412
l 2412 2413
l 2413 2414
l 2414 2415
l 2415 2416
l 2416 2417
l 2417 2418
l 2418 2419
l 2419 2420
l 2420 2421
l 2421 2422
l 2422 2423
l 2423 2424
l 2424 2425
l 2425 2426
l 2426 2427
l 2427 2428
l 2428 2429
l 2429 2430
l 2430 2431
l 2431 2432
l 2432 2433
l 2433 2434
l 2434 2435
l 2435 2436
l 2436 2437
l 2437 2438
l 2438 2439
l 2439 2440
l 2440 2441
l 2441 2442
l 2442 2443
l 2443 2444
l 2444 2445
l 2445 2446
l 2446 2447
l 2447 2448
l 2448 2449
l 2449 2450
l 2450 2451
l 2451 2452
l 2452 2453
l 2453 2454
l 2454 2455
l 2455 2456
l 2456 2457
l 2457 2458
l 2458 2459
l 2459 2460
l 2460 2461
l 2461 2462
l 2462 2463
l 2463 2464
l 2464 2465
l 2465 2466
l 2466 2467
l 2467 2468
l 2468 2469
l 2469 2470
l 2470 2471
l 2471 2472
l 2472 2473
l 2473 2474
l 2474 2475
l 2475 2476
l 2476 2477
l 2477 2478
l 2478 2479
l 2479 2480
l 2480 2481
l 2481 2482
l 2482 2483
l 2483 2484
l 2484 2485
l 2486 2487
l 2487 2488
l 2488 2489
l 2489 2490
l 2490 2491
l 2491 2492
l 2492 2493
l 2493 2494
l 2494 2495
l 2495 2496
l 2496 2497
l 2497 2498
l 2498 2499
l 2499 2500
l 2500 2501
l 2501 2502
l 2502 2503
l 2503 2504
l 2504 2505
l 2505 2506
l 2506 2507
l 2507 2508
l 2508 2509
l 2509 2510
l 2510 2511
l 2511 2512
l 2512 2513
l 2513 2514
l 2514 2515
l 2515 2516
l 2516 2517
l 2517 2518
l 2518 2519
l 2519 2520
l 2520 2521
l 2521 2522
l 2522 2523
l 2523 2524
l 2524 2525
l 2525 2526
l 2526 2527
l 2527 2528
l 2528 2529
l 2529 2530
l 2530 2531
l 2531 2532
l 2532 2533
l 2533 2534
l 2534 2535
l 2535 2536
l 2536 2537
l 2537 2538
l 2538 2539
l 2539 2540
l 2540 2541
l 2541 2542
l 2542 2543
l 2543 2544
l 2544 2545
l 2545 2546
l 2546 2547
l 2547 2548
l 2548 2549
l 2549 2550
l 2550 2551
l 2551 2552
l 2552 2553
l 2553 2554
l 2554 2555
l 2555 2556
l 2556 2557
l 2557 2558
l 2558 2559
l 2559 2560
l 2560 2561
l 2561 2562
l 2562 2563
l 2563 2564
l 2564 2565
l 2565 2566
l 2566 2567
l 2567 2568
l 2568 2569
l 2569 2570
l 2570 2571
l 2571 2572
l 2572 2573
l 2573 2574
l 2574 2575
l 2575 2576
l 2576 2577
l 2577 2578
l 2578 2579
l 2579 2580
l 2580 2581
l 2581 2582
l 2582 2583
l 2583 2584
l 2584 2585
l 2585 2586
l 2586 2587
l 2587 2588
l 2588 2589
l 2589 2590
