0.008588957055214725 -0.09267530147387228 0.0022792022792022795 -0.2375407545412203 -0.0451789323504934 -0.2889207258834766 -0.04570722668313774 -0.02787878787878788 -0.06588116052198151 -0.005525625086337896 -0.10760953112990009 -0.28554070473876064 -0.19411694652852213 -0.231816509260395 -0.893382823499296 -0.4927099044746104 -0.2667370923015978 -0.04854368932038835 -0.14196405313883825 0.0593103448275862 -0.11651728553137004 -0.6826770693648665 -0.8158896289248336 -0.35201149425287354 -1.1302681992337167 -0.4933024214322514 -0.2962369895916733 -0.3855421686746988 -0.24933687002652521 -0.0014482259232440203 -0.09558253681219323 -0.36882310814036756 -0.42212868310282625 -0.22460816981364923 -0.2819763749523688 -0.2367500672585418 -0.29452433628318586 -0.3232189973614775 -0.28971708378672467 0.12207527975584945 -0.01132787916928886 -0.10603123931136701 -0.06824754193175245 -0.06994693680656054 -0.09147095179233622 -0.09074867658179983 -0.0907676348547718 -0.11173184357541899 -0.05033112582781457 0.013211978860833824 0.066167290886392 -0.018656716417910443 -0.02269374787246114 -0.04964539007092199 -0.07630813953488372 -0.0791981190446727 -0.0415617128463476 0.14833438089252043 -0.07864878803506963 0.11977715877437327 0.06421129149503271 -0.037300384660216804 0.03557031064737966 -0.16722810394610205 0.0012416190712689356 -0.15659955257270694 0.00749625187406297 0.020779855763354123 0.020278833967046897 0.030449826989619372 0.04901328517993035 0.06753554502369667 0.00717017208413002 -0.04218885717830997 -0.018598884066955985 -0.02706027060270603 -0.0992337646024369 0.15516385302879843 -0.09365244536940688 0.14185393258426962 0.09014648804306999 -0.13105863744209695 -0.06015208262399274 -0.1023233417599615 -0.1205816290341648 -0.0897840330016986 -0.1017243518173924 0.07896360271437386 -0.09170900979055645 0.0143979057591623
-0.0049079754601227005 -0.10830728003573024 -0.009116809116809118 -0.23986958546809506 -0.06301272143621447 -0.2984718242597898 -0.0840024706609018 -0.05090909090909092 -0.10262257696693274 -0.001381406271584476 -0.11913912375096081 -0.31591737545565 -0.20483506014052638 -0.26370661106341226 -1.2773582490720592 -0.7164404223227753 -0.319556318499934 -0.06642820643842616 -0.184943995832248 0.05241379310344828 -0.16005121638924455 -1.1386078264049737 -1.2892483349191248 -0.45019157088122597 -1.8275862068965516 -0.7908294693456981 -0.37763544168668267 -0.7165504121750159 -0.363395225464191 -0.03620564808110065 -0.13949883750968742 -0.5574122702315588 -0.7468430547203848 -0.27520671356287796 -0.30737965197510475 -0.2609631423190745 -0.38716814159292035 -1.0329815303430079 -0.47062023939064196 0.10463595407644237 -0.021397105097545627 -0.14251510660129976 -0.09022556390977444 -0.09286058851905452 -0.10259579728059334 -0.10839425258381649 -0.13096473029045644 -0.17279459529686889 -0.09668874172185431 0.002935995302407517 0.04119850187265917 -0.03614738805970149 -0.04084874617043004 -0.061465721040189124 -0.08720930232558141 -0.10023511941591387 -0.06045340050377833 0.11942174732872408 -0.09283135636926251 0.09331476323119778 0.0448267506663436 -0.05595057699032522 0.02015650936684847 -0.18768046198267566 -0.009932952570151476 -0.17275664926671636 -0.013743128435782109 -0.00244468891333578 -0.001267427122940429 0.008304498269896196 0.03611505223784341 0.0414691943127962 -0.002390057361376677 -0.05211564710261819 -0.023558586484810913 -0.03567035670356704 -0.12058786584599926 0.13033763654419067 -0.11186264308012488 0.12640449438202248 0.07887817703768625 -0.14913569088238615 -0.06242197253433209 -0.11556518598772121 -0.11939945620049652 -0.11647658335355496 -0.1079270561965017 0.06169031462060457 -0.09542694261990332 0.0013089005235602108
-0.018404907975460127 -0.11165698972755696 -0.020512820512820513 -0.25617140195621796 -0.07252407561526572 -0.31160458452722056 -0.1012970969734404 -0.07878787878787881 -0.11655897630812113 -0.024865312888520515 -0.1242633871380989 -0.3207776427703524 -0.21674407526497558 -0.30540905188274253 -1.58965826187124 -0.9049773755656109 -0.3525683348738941 -0.08048032703117015 -0.1953633758791352 0.0496551724137931 -0.19590268886043533 -1.512861148360356 -1.7614176974310183 -0.5375957854406129 -2.523627075351213 -1.081916537867079 -0.44302108353349345 -0.9587824984147115 -0.4496021220159151 -0.06806661839246922 -0.18212348230431413 -0.7722606827405109 -1.0703547805171376 -0.350487473775145 -0.3238917820398831 -0.294592413236481 -0.46598451327433627 -1.8179419525065963 -0.6365614798694232 0.04795814561836943 -0.042794210195091255 -0.17443849047999088 -0.12724117987275882 -0.13868789194404246 -0.11619283065512978 -0.1373834131585581 -0.175051867219917 -0.248148629336105 -0.1390728476821192 -0.019083969465648852 0.021223470661672905 -0.043143656716417914 -0.05219562010666061 -0.08628841607565012 -0.08842054263565893 -0.11879717856700907 -0.0818639798488665 0.09679446888749214 -0.110881897885508 0.07381615598885795 0.0363460140537921 -0.061778762093484096 0.028456248517903727 -0.20933589990375362 0.003724857213806805 -0.18394233159333834 -0.02123938030984508 -0.014668133480014667 -0.0038022813688212906 -0.0069204152249134985 0.020637172707339092 0.03554502369668246 -0.017925430210325048 -0.0781734706539273 -0.023558586484810917 -0.041820418204182044 -0.12812460746137422 0.12413108242303872 -0.1261706555671176 0.10955056179775284 0.07261800425691749 -0.1525251384024404 -0.05220746793780503 -0.13241844227759722 -0.11112424636481855 -0.12496966755641833 -0.11412976057561097 0.06292412091301666 -0.1078200520510596 0.010471204188481676
-0.020858895705521466 -0.11947297900848593 -0.021652421652421656 -0.2701443875174662 -0.0689573177981215 -0.32473734479465144 -0.10376775787523163 -0.08727272727272727 -0.12289370328138857 -0.01657687525901368 -0.12170125544452988 -0.34021871202916165 -0.21674407526497558 -0.3422053231939163 -1.8558812236016897 -1.0545500251382605 -0.38690083190281266 -0.08559018906489524 -0.2162021359729096 0.05517241379310345 -0.2202304737516005 -1.8420090210898454 -2.176498572787821 -0.6214080459770115 -3.2222222222222223 -1.378155589902112 -0.4950627168401388 -1.1388712745719722 -0.5278514588859416 -0.10716871832005795 -0.2157065357788685 -1.0169491525423728 -1.444377630787733 -0.43070467728001977 -0.3442144036580719 -0.3309120258272801 -0.5448008849557521 -2.638522427440633 -0.8256256800870512 0.018892602819357673 -0.051604782882315924 -0.2075019952114924 -0.1492192018507808 -0.1808972503617945 -0.11495673671199011 -0.15628938744643306 -0.2178423236514523 -0.3312979082759517 -0.1960264900662252 -0.03523194362889019 0.0212234706616729 -0.06063432835820894 -0.06240780664926813 -0.10874704491725769 -0.08842054263565893 -0.12374706100730108 -0.10327455919395465 0.07291011942174733 -0.1263537906137184 0.054317548746518104 0.03755754785558517 -0.08159459144422428 0.036755987668958975 -0.2358036573628489 0.011174571641420411 -0.197613721103654 -0.019990004997501254 -0.022002200220022 -0.01267427122940431 -0.013840830449826994 0.018057526118921703 0.028436018957345967 -0.016730401529636712 -0.09306365554038963 -0.01611903285802852 -0.024600246002460024 -0.13440522547418668 0.14150943396226415 -0.14568158168574402 0.12921348314606745 0.07387003881307125 -0.16608292848265732 -0.047667688117126336 -0.16612495485734927 -0.11112424636481855 -0.12982285852948314 -0.12157300583054212 0.05922270203578038 -0.12145247242533153 0.010471204188481676
-0.020858895705521473 -0.12728896828941494 -0.017094017094017092 -0.2806241266884024 -0.07965759124955415 -0.34264565425023885 -0.12106238418777023 -0.11636363636363638 -0.14063093880653743 -0.03453515678961182 -0.10760953112990009 -0.34021871202916165 -0.20364415862808144 -0.3507911198331902 -2.061948035325739 -1.1701860231271994 -0.4225538095866896 -0.08686765457332651 -0.2396457410784058 0.06482758620689655 -0.22407170294494239 -2.1102035840546143 -2.530922930542341 -0.7040229885057471 -3.9501915708812256 -1.7001545595054097 -0.5310915398985856 -1.2580849714648068 -0.5835543766578251 -0.13758146270818247 -0.2518729010591579 -1.2986392933874433 -1.904990980156344 -0.502283105022831 -0.38358948304331253 -0.37261232176486414 -0.6263827433628318 -3.5171503957783643 -1.0514145810663764 -0.017439325679407064 -0.06167400881057269 -0.24398586250142515 -0.1758241758241758 -0.21225277375783888 -0.12237330037082819 -0.178976556591883 -0.2658195020746888 -0.4391321294010654 -0.26622516556291387 -0.05137991779213154 0.014981273408239699 -0.06879664179104478 -0.08169749234086009 -0.12174940898345152 -0.09689922480620157 -0.11755970795693604 -0.13476070528967254 0.0678818353236958 -0.15729757607013925 0.04874651810584958 0.03755754785558517 -0.09091968760927846 0.03557031064737966 -0.24663137632338789 -1.3877787807814458e-18 -0.2100422570221228 -0.033733133433283366 -0.019557511306686225 -0.026615969581749048 -0.013840830449826994 0.014188056236295626 0.003554502369668244 -0.015535372848948376 -0.11539893287008314 -0.014879107253564786 -0.041820418204182044 -0.15952769752543652 0.13530287984111222 -0.1768990634755463 0.11797752808988764 0.08388631526230125 -0.16156366512258502 -0.03177845874475088 -0.15529071867100036 -0.0933916538597943 -0.11041009463722398 -0.10916759707232353 0.0715607649599013 -0.10286280827859709 0.01963350785340314
-0.026993865030674847 -0.12840553818669048 -0.02393162393162393 -0.2782952957615277 -0.09868029960765665 -0.35339063992359127 -0.14453366275478693 -0.14303030303030304 -0.15583428354237933 -0.06078187594971681 -0.11913912375096078 -0.3462940461725395 -0.2179349767774205 -0.3556972893413467 -2.225777550236785 -1.2983911513323279 -0.43179717417139846 -0.10347470618293306 -0.2292263610315186 0.05655172413793104 -0.24583866837387963 -2.317444837254663 -2.848477640342531 -0.7866379310344828 -4.7394636015325675 -2.038897475528078 -0.5484387510008006 -1.348129359543437 -0.6259946949602122 -0.18392469225199132 -0.29320588995091706 -1.6328479350680354 -2.447384245339747 -0.5825003085277058 -0.42804521783310046 -0.42910949690610706 -0.7190265486725664 -4.41688654353562 -1.2744831338411315 -0.062490917017875305 -0.07803650094398992 -0.29187093831946187 -0.22209369577790633 -0.23757838880849008 -0.1322620519159456 -0.20292412402319132 -0.2969398340248962 -0.5729505001948811 -0.3231788079470198 -0.0733998825601879 0.006242197253433205 -0.09328358208955223 -0.10098717803245205 -0.14775413711583923 -0.10295542635658914 -0.12869694344759314 -0.1486146095717884 0.056568196103079824 -0.17792676637441981 0.03899721448467966 0.025442209837654474 -0.10607296887749156 0.02371354043158644 -0.25384985563041385 -0.01489942885522722 -0.23489932885906045 -0.05622188905547228 -0.03789267815670456 -0.038022813688212934 -0.04013840830449828 -0.003869469882626081 -0.026066350710900476 -0.033460803059273424 -0.13649336145923813 -0.018598884066955985 -0.056580565805658053 -0.16706443914081148 0.11668321747765639 -0.17689906347554632 0.10112359550561797 0.0776261424815325 -0.17286182352276577 -0.03404834865509023 -0.16732875887805468 -0.08866296252512118 -0.11647658335355496 -0.1079270561965017 0.06909315237507711 -0.0991448754492502 0.009162303664921465
-0.0245398773006135 -0.12840553818669048 -0.020512820512820513 -0.28178854215183974 -0.09273570324574962 -0.34025787965616056 -0.14082767140210006 -0.15515151515151512 -0.1431648295958444 -0.06078187594971681 -0.11273379451703817 -0.3414337788578372 -0.21674407526497558 -0.348338035079112 -2.343530014079099 -1.373805932629462 -0.42915621286148153 -0.10730710270822688 -0.22401667100807504 0.05517241379310345 -0.23559539052496797 -2.513714494697062 -3.0661274976213133 -0.8524904214559387 -5.537675606641123 -2.353168469860896 -0.547104350146784 -1.417882054533925 -0.6432360742705571 -0.20999275887038377 -0.328080599328339 -1.951539746956314 -3.040288634996993 -0.6540787362705172 -0.4572589864092468 -0.44794188861985473 -0.7771017699115044 -5.294195250659631 -1.4649075081610445 -0.08283679697718355 -0.09943360604153556 -0.3329152890206362 -0.27299016772700985 -0.26410998552821996 -0.14091470951792334 -0.21300731031005798 -0.33454356846473027 -0.696375211121216 -0.3973509933774835 -0.08220786846741045 0.0062421972534332125 -0.10727611940298507 -0.11460342675592874 -0.16666666666666666 -0.09811046511627908 -0.12993441405766618 -0.14105793450881612 0.0502828409805154 -0.18308406395048996 0.036211699164345405 0.02665374363944754 -0.10257605781559623 0.02608489447474508 -0.2550529355149182 -0.0012416190712689352 -0.22247079294059158 -0.04747626186906547 -0.031780955873365116 -0.03802281368821293 -0.03183391003460208 -0.019347349413130398 -0.03199052132701422 -0.05019120458891013 -0.1389750589403152 -0.02107873527588345 -0.03936039360393604 -0.17083280994849898 0.11792452830188678 -0.17299687825182103 0.0955056179775281 0.06760986603230248 -0.16721274432267538 -0.03631823856542958 -0.17214397496087638 -0.09102730819245775 -0.10919679689395778 -0.11040813794814539 0.06292412091301666 -0.10162349733548146 -0.001308900523560208
-0.009815950920245401 -0.12617239839213937 0.0034188034188034205 -0.2841173730787145 -0.06657947925335869 -0.3402578796561605 -0.12476837554045708 -0.16848484848484846 -0.12922843025465605 -0.05940046967813234 -0.09992313604919294 -0.3219927095990279 -0.19649874955341193 -0.33975223843983804 -2.4075259183412268 -1.4265962795374558 -0.4278357322065232 -0.11369443025038324 -0.22271424850221408 0.057931034482758624 -0.21766965428937257 -2.633182981835914 -3.1957659372026646 -0.8991858237547893 -6.3575989782886335 -2.657135497166409 -0.5230851347744863 -1.4343690551680406 -0.6312997347480107 -0.22592324402606803 -0.3487470937742186 -2.2988780138457865 -3.683704149128082 -0.7133160557818092 -0.49663406579448743 -0.46408393866020986 -0.8185840707964601 -6.146437994722955 -1.6430903155603918 -0.10899578549629414 -0.10698552548772813 -0.3591380686352753 -0.3273568536726431 -0.2954655089242643 -0.14709517923362175 -0.2218300983110663 -0.37474066390041494 -0.8743666363518254 -0.4966887417218543 -0.11597181444509688 0.01373283395755306 -0.11077425373134328 -0.09531374106433677 -0.17139479905437355 -0.0690406976744186 -0.1274594728375201 -0.12720403022670024 0.03645505971087366 -0.1740587931923672 0.023676880222841222 0.031499878846619825 -0.10490733185685977 0.05098411192791084 -0.2670837343599615 0.009932952570151476 -0.2274422073079791 -0.03998000999500251 -0.040337367070040334 -0.016476552598225606 -0.035986159169550176 -0.010318586353669546 -0.04383886255924171 -0.028680688336520065 -0.1563469413078546 0.003719776813391197 -0.03690036900369004 -0.16580831553824898 0.10675273088381329 -0.17299687825182103 0.07865168539325842 0.06385376236384124 -0.15704440176251272 -0.011349449551696741 -0.17334777898158182 -0.06856602435276038 -0.1116233923804902 -0.09552164743828309 0.0555212831585441 -0.07807658941628454 -0.005235602094240838
-0.011042944785276076 -0.12617239839213934 0.0022792022792022804 -0.2887750349324639 -0.05231244798478183 -0.33548233046800385 -0.11488573193329217 -0.1709090909090909 -0.12162675788673512 -0.05940046967813234 -0.09223674096848578 -0.3110571081409478 -0.15362629510539477 -0.3458849503250337 -2.411365672596954 -1.4756158873805933 -0.4225538095866896 -0.12519161982626467 -0.2135972909611878 0.0593103448275862 -0.1907810499359795 -2.694136291600634 -3.2671265461465273 -0.9386973180076629 -7.15581098339719 -2.9598145285935082 -0.488390712570056 -1.417882054533925 -0.6153846153846154 -0.23171614771904414 -0.3849134590545079 -2.684411554070184 -4.40649428743235 -0.777489818585709 -0.5677632414581482 -0.4829163303739574 -0.8669800884955752 -6.9762532981530345 -1.8620783460282915 -0.14242115971515767 -0.1208307111390812 -0.3842207273971041 -0.3990746096009254 -0.3232030873130728 -0.15698393077873918 -0.24073607259894123 -0.4266078838174273 -1.1277120956216709 -0.6198675496688743 -0.15120375807398706 2.0816681711721684e-18 -0.12360074626865669 -0.11800748893679791 -0.18203309692671393 -0.07630813953488372 -0.12993441405766612 -0.14987405541561713 0.02262727844123193 -0.20242392986075294 0.015320334261838445 0.023019142234068327 -0.11656370206317752 0.036755987668958975 -0.27670837343599614 0.017382666997765084 -0.2274422073079791 -0.039980009995002494 -0.04155971152670822 -0.016476552598225603 -0.041522491349480974 -0.019347349413130398 -0.058056872037914695 -0.03465583173996175 -0.16751457997270133 0.00495970241785493 -0.03567035670356704 -0.1783695515638739 0.11295928500496526 -0.17689906347554632 0.0800561797752809 0.05634155502691875 -0.16043384928256693 0.0011349449551696707 -0.16973636691946553 -0.056744296016077556 -0.10313030817762678 -0.10048381094157052 0.07279457125231338 -0.07807658941628455 0.007853403141361256
-0.01226993865030675 -0.12617239839213937 -0.004558404558404559 -0.2643223102002795 -0.06420164070859588 -0.3127984718242598 -0.12229771463866586 -0.17818181818181816 -0.13429621183327 -0.04973062577704103 -0.0768639508070715 -0.2879708383961118 -0.12861736334405147 -0.3274868146694468 -2.284653782157942 -1.4731020613373553 -0.40802852238214704 -0.13285641287685232 -0.21750455847877048 0.07034482758620689 -0.16645326504481434 -2.6831646958429842 -3.214795432921028 -0.9650383141762451 -7.8390804597701145 -3.227717671303452 -0.4536962903656258 -1.3620798985415346 -0.5795755968169761 -0.24475018102824042 -0.40557995350038756 -3.1105275722129386 -5.1377029464822614 -0.8280883623349379 -0.6414327448240823 -0.5030938929244014 -0.8932522123893805 -7.709762532981531 -2.051142546245919 -0.16422031681441648 -0.13971050975456262 -0.41728423212860555 -0.49508386350491607 -0.3545586107091172 -0.1396786155747837 -0.25586085202924125 -0.46939834024896265 -1.4655060413147978 -0.7602649006622517 -0.18937169700528483 -0.0024968789013732826 -0.14692164179104478 -0.13389311244752072 -0.2068557919621749 -0.09205426356589148 -0.14602153198861526 -0.1561712846347607 -0.003771213073538651 -0.22047447137699844 -0.006963788300835655 0.030288345044826748 -0.12472316120759994 0.036755987668958975 -0.2706929740134744 0.009932952570151476 -0.2212279393487447 -0.03248375812093953 -0.040337367070040334 -0.01901140684410646 -0.04013840830449827 -0.024506642589965173 -0.0627962085308057 -0.06453154875717018 -0.1650328824916243 -0.014879107253564786 -0.03444034440344403 -0.18465016957668637 0.11295928500496526 -0.1899063475546306 0.08567415730337077 0.055089520470764985 -0.16043384928256693 0.003404834865509022 -0.15890213073311668 -0.04965125901406786 -0.092210628488231 -0.10668651532067978 0.08143121529919801 -0.08799107696120956 0.01832460732984293
-0.01840490797546012 -0.1652523447967843 -0.003418803418803415 -0.2689799720540289 -0.07490191416002853 -0.2948901623686724 -0.1260037059913527 -0.21575757575757573 -0.1431648295958444 -0.04973062577704103 -0.06917755572636433 -0.2308626974483597 -0.0964630225080386 -0.3189010180301729 -1.9403558172276973 -1.3134741075917546 -0.38954179321272947 -0.1571282575370465 -0.2135972909611878 0.06758620689655173 -0.1293213828425096 -2.412532000487627 -2.7271646051379643 -0.9578544061302681 -8.088122605363985 -3.3397733127253995 -0.40699226047504666 -1.1896005072923272 -0.4907161803713528 -0.23895727733526434 -0.4159132007233273 -3.4542850322272622 -5.6981358989777515 -0.8922621251388374 -0.8078242093230028 -0.5246166263115415 -0.8808075221238937 -8.269129287598947 -2.1640369967355824 -0.18601947391367532 -0.16236626809314034 -0.4309656823623304 -0.6072874493927125 -0.394356005788712 -0.15945611866501855 -0.2621628434585329 -0.5199688796680497 -1.8487722489281537 -0.9311258278145695 -0.22313564298297123 -0.007490636704119852 -0.17140858208955223 -0.1452399863837513 -0.22222222222222224 -0.10416666666666667 -0.14107164954832324 -0.18387909319899245 -0.028912633563796353 -0.2514182568334193 -0.005571030640668524 0.030288345044826748 -0.13521389439328596 0.04979843490633151 -0.2755052935514918 0.01365780978395828 -0.197613721103654 -0.04247876061969015 -0.04278205598337611 -0.02534854245880862 -0.02906574394463668 -0.0399845221204695 -0.11611374407582939 -0.09082217973231357 -0.18240476485916368 -0.03223806571605704 -0.03936039360393604 -0.21479713603818618 0.05585898709036743 -0.21592091571279917 0.06320224719101124 0.05008138224614998 -0.15365495424245848 0.012484394506866416 -0.15890213073311668 -0.03901170351105332 -0.06066488716330988 -0.12653516933382955 0.07279457125231338 -0.09914487544925021 0.032722513089005235
-0.017177914110429446 -0.16078606520768202 0.0011396011396011402 -0.2724732184443409 -0.07727975270479134 -0.3151862464183381 -0.1173563928350834 -0.22060606060606056 -0.13809704801723047 -0.04834921950545655 -0.05636689725851909 -0.2114216281895504 -0.08693581040847924 -0.29191708573531217 -1.5896582618712403 -1.137506284565108 -0.35917073814868616 -0.16479305058763413 -0.19666579838499607 0.0813793103448276 -0.09859154929577466 -1.9809825673534072 -2.266888677450048 -0.9303160919540231 -8.091954022988507 -3.288253477588872 -0.3402722177742194 -0.871274571972099 -0.3740053050397878 -0.2143374366401159 -0.4159132007233273 -3.6786822630699447 -6.072158749248345 -0.94532889053437 -1.1418773021719801 -0.6860371267150928 -0.8655973451327433 -8.025065963060687 -2.176278563656148 -0.20636535387298355 -0.1774701069855255 -0.5255957131455935 -0.8316946211683053 -0.4413892908827786 -0.16192830655129792 -0.31005797832114945 -0.5433091286307054 -2.455502143692348 -1.1523178807947019 -0.2480916030534351 -0.009987515605493134 -0.18423507462686567 -0.1633949846817202 -0.24822695035460995 -0.12233527131782947 -0.17200841480014853 -0.20906801007556672 -0.04399748585795097 -0.2939659618359979 -0.004178272980501394 0.03392294645020596 -0.1422077165170766 0.04149869575527626 -0.2863330125120308 0.0012416190712689317 -0.22868506089982601 -0.04747626186906547 -0.050116122723383436 -0.029150823827629912 -0.03044982698961938 -0.04127434541467819 -0.11848341232227488 -0.09082217973231359 -0.194813252264549 -0.033477991320520775 -0.06396063960639606 -0.22107775405099864 0.0682720953326713 -0.21592091571279917 0.06741573033707868 0.05133341680230373 -0.15139532256242233 0.011349449551696743 -0.16612495485734924 -0.03310083934271191 -0.06309148264984228 -0.1339784145887607 0.08266502159161013 -0.10534143016482836 0.04057591623036649
-0.006134969325153375 -0.16301920500223316 0.014814814814814817 -0.26315789473684215 -0.07133515634288431 -0.3247373447946514 -0.10376775787523163 -0.23393939393939395 -0.1330292664386165 -0.04282359441911866 -0.052523699718165506 -0.21628189550425275 -0.08336310587114446 -0.251441187293021 -1.2991168565211828 -0.9753645047762696 -0.34860689290901886 -0.1890648952478283 -0.19666579838499607 0.07586206896551724 -0.06786171574903968 -1.6384249664756798 -1.8030447193149377 -0.9063697318007662 -8.019157088122606 -3.2058217413704275 -0.30557779556978915 -0.6569435637285987 -0.30106100795755963 -0.2157856625633599 -0.40816326530612246 -3.833850560993077 -6.364401683704149 -0.9798839935826237 -1.5635717007493966 -0.8555286521388217 -0.8351769911504423 -7.610817941952507 -2.1517954298150164 -0.19619241389332948 -0.20138451856513534 -0.6692509405997036 -1.1359167148640834 -0.4908345393150024 -0.17923362175525342 -0.3516511217544743 -0.5770228215767635 -3.127192412628297 -1.4185430463576156 -0.2759835584263065 -0.009987515605493134 -0.21222014925373137 -0.18381935776693523 -0.2695035460992908 -0.13565891472868216 -0.19923276822175473 -0.23551637279596976 -0.07165304839723444 -0.3442496132026818 -0.016713091922005575 0.03513448025199903 -0.15502972374402613 0.02608489447474508 -0.2947545717035611 -0.013657809783958285 -0.25602783992045736 -0.04497751124437781 -0.0647842562033981 -0.03168567807351078 -0.04013840830449827 -0.05159293176834774 -0.14099526066350712 -0.10277246653919694 -0.18240476485916368 -0.039677619342839435 -0.07134071340713408 -0.23740736088431103 0.06082423038728899 -0.22502601456815818 0.06601123595505619 0.037561036684612484 -0.1717320076827477 -0.009079559641357397 -0.16612495485734924 -0.028372148008038778 -0.07886435331230283 -0.14142165984369184 0.06415792720542875 -0.10534143016482836 0.020942408376963352
-0.0061349693251533735 -0.16078606520768202 0.021652421652421656 -0.25267815556590595 -0.08560218761146118 -0.3259312320916905 -0.11117974058060531 -0.24969696969696967 -0.15076650196376534 -0.05249343832020997 -0.05252369971816552 -0.20534629404617255 -0.08574490889603431 -0.20851220409665155 -1.0418533213874313 -0.8383609854198092 -0.326158721774726 -0.2120592743995912 -0.19145610836155247 0.06758620689655173 -0.04737516005121639 -1.3360965500426674 -1.38558515699334 -0.8752394636015325 -7.863346104725414 -3.0989180834621326 -0.2748865759274085 -0.4933417882054535 -0.24137931034482757 -0.1998551774076756 -0.4094549212089899 -3.948436380997851 -6.517137702946482 -1.004566210045662 -2.091959862822304 -1.0102232983588917 -0.8075221238938054 -7.141160949868075 -2.0824265505984765 -0.20055224531318122 -0.22404027690371303 -0.8072055637897616 -1.5106998264893001 -0.5354558610709118 -0.20766378244746603 -0.391983866901941 -0.6133298755186722 -3.7858906067298945 -1.7231788079470196 -0.31121550205519666 -0.013732833957553056 -0.22154850746268656 -0.20991716782026554 -0.2754137115839244 -0.15382751937984496 -0.20418265066204677 -0.2644836272040302 -0.09679446888749214 -0.4100051572975761 -0.01671309192200557 0.027865277441240614 -0.15852663480592144 0.003557031064737963 -0.2875360923965351 -0.037248572138068044 -0.24857071836937608 -0.062468765617191405 -0.06111722283339445 -0.04689480354879595 -0.04290657439446367 -0.06062169482780859 -0.1504739336492891 -0.10874760994263863 -0.1774413698970096 -0.059516429014259145 -0.08733087330873308 -0.2575053385253109 0.039721946375372394 -0.24973985431841833 0.04213483146067415 0.027544760235382503 -0.17060219184272962 -0.02269889910339349 -0.14204887444324063 -0.02955432084170706 -0.06673137587964087 -0.14762436422280117 0.07772979642196176 -0.11649522865286899 0.02617801047120418
0.0049079754601227005 -0.16301920500223316 0.03190883190883191 -0.2526781555659059 -0.08679110688384259 -0.3211556829035339 -0.09759110562075356 -0.24969696969696967 -0.14189788420119093 -0.04144218814753419 -0.05124263387138099 -0.2053462940461725 -0.090508514945814 -0.183981356555869 -0.8396262639191091 -0.7264957264957266 -0.29578766671068263 -0.229943791517629 -0.17843188330294346 0.060689655172413794 -0.024327784891165178 -1.0752163842496647 -1.0014272121788774 -0.8453065134099615 -7.590038314176246 -2.939206594538897 -0.24152655457699496 -0.3868103994927076 -0.18302387267904513 -0.18826937002172336 -0.3836218031516404 -3.975889233707329 -6.490679494888754 -1.0391213130939159 -2.686396545154325 -1.1918213613128867 -0.7494469026548672 -6.532981530343008 -1.9328073993471164 -0.21363173957273657 -0.24669603524229075 -0.9645422414775966 -1.9583574320416424 -0.5824891461649784 -0.2348578491965389 -0.4184522309049659 -0.6379668049792532 -4.447187215798363 -2.0304635761589402 -0.33323546682325306 -0.017478152309612985 -0.24253731343283583 -0.22239872915011918 -0.30023640661938533 -0.1695736434108527 -0.22274470981314193 -0.28967254408060455 -0.13827781269641734 -0.462867457452295 -0.015320334261838436 0.03149987884661981 -0.1748455530947663 -0.003557031064737965 -0.3007699711260828 -0.04345666749441272 -0.26472781506338555 -0.0712143928035982 -0.07456301185674122 -0.058301647655259824 -0.040138408304498274 -0.05417257835676513 -0.15402843601895733 -0.11113766730401528 -0.17992306737808664 -0.06447613143211407 -0.0873308733087331 -0.2512247205124984 0.04592850049652433 -0.2393340270551509 0.05056179775280899 0.016276449229998748 -0.1773810868828381 -0.03631823856542958 -0.14204887444324063 -0.036647357843716755 -0.07886435331230283 -0.15878923210519788 0.0727945712523134 -0.12269178336844713 0.01832460732984293
0.028220858895705525 -0.16748548459133544 0.049002849002849 -0.25500698649278053 -0.08084651052193556 -0.31876790830945556 -0.07288449660284127 -0.24363636363636365 -0.12669453946534903 -0.024865312888520515 -0.024340251088905973 -0.20048602673147023 -0.0857449088960343 -0.16435667852324296 -0.6860360936900038 -0.6221719457013576 -0.283903340816057 -0.24144098109351048 -0.19015368585569153 0.06206896551724137 0.010243277848911651 -0.8606607338778494 -0.6541389153187441 -0.7914272030651339 -7.15581098339719 -2.7253992787223074 -0.20816653322658127 -0.3081800887761572 -0.13262599469496023 -0.16220130340333092 -0.34874709377421853 -3.9090475053712104 -6.2898376428141916 -1.0625694187338024 -3.3760955163216053 -1.3949421576540222 -0.6844579646017699 -5.8126649076517145 -1.7559847660500545 -0.21508501671268712 -0.263058527375708 -1.149241819632881 -2.4719491035280505 -0.6367583212735166 -0.27564894932014833 -0.46256617091000746 -0.6768672199170125 -5.1409640119527085 -2.3642384105960264 -0.369935408103347 -0.00624219725343321 -0.2600279850746269 -0.23601497787359588 -0.3156028368794326 -0.17320736434108525 -0.2425442395743101 -0.30604534005037787 -0.1998742928975487 -0.515729757607014 -0.02785515320334262 0.0448267506663436 -0.1888331973423476 0.008299739151055249 -0.3019730510105871 -0.037248572138068044 -0.26969922943077307 -0.06371814092953523 -0.07945238968341277 -0.055766793409378956 -0.03183391003460208 -0.04127434541467819 -0.1528436018957346 -0.10516252390057361 -0.17495967241593252 -0.0731556106633602 -0.0897908979089791 -0.25122472051249845 0.05337636544190666 -0.25104058272632673 0.05196629213483146 0.02003255289846 -0.19093887696305503 -0.04653274316195665 -0.14566028650535695 -0.03546518501004847 -0.0994904149478282 -0.16127031385684157 0.06292412091301666 -0.126409716197794 0.00654450261780105
0.04294478527607363 -0.15520321572130416 0.059259259259259255 -0.239869585468095 -0.0891689454286054 -0.32831900668576885 -0.07659048795552811 -0.25090909090909086 -0.14063093880653743 -0.02762812543168946 -0.015372790161414296 -0.19441069258809235 -0.07979040133380969 -0.14963816999877347 -0.5606041213362345 -0.537958773252891 -0.27465997623134814 -0.24782830863566688 -0.19406095337327428 0.06206896551724138 0.029449423815621 -0.6436669511154456 -0.40556612749762133 -0.7339559386973179 -6.616858237547893 -2.489696032972694 -0.2028289298105151 -0.2295497780596068 -0.11538461538461538 -0.12454742939898626 -0.31258072849392915 -3.7693960372403907 -5.948286229705353 -1.0810810810810811 -4.1331131715991365 -1.6007532956685497 -0.6374446902654867 -5.0237467018469655 -1.5927638737758434 -0.20927190815288474 -0.28067967275015737 -1.3772659901949607 -3.057258530942741 -0.6958514230583696 -0.33498145859085293 -0.5079405092009075 -0.7066908713692946 -5.854228920358581 -2.66887417218543 -0.4051673517322373 -0.016229712858926344 -0.2751865671641791 -0.2814024736185181 -0.3250591016548463 -0.1962209302325581 -0.2648187105556243 -0.34130982367758184 -0.284098051539912 -0.5982465188241362 -0.02785515320334262 0.04240368306275745 -0.2028208415899289 -0.00474270808631729 -0.31039461020211745 -0.06332257263471566 -0.2821277653492419 -0.09120439780109946 -0.088008800880088 -0.07858048162230671 -0.03183391003460208 -0.034825228943634726 -0.15876777251184832 -0.09082217973231357 -0.16875542871323987 -0.0731556106633602 -0.1033210332103321 -0.25248084411506094 0.05461767626613704 -0.25624349635796045 0.049157303370786526 0.023788656566921248 -0.2067562987233081 -0.06015208262399274 -0.15408691465029495 -0.030736493675375343 -0.12254307206988595 -0.166232477360129 0.06292412091301666 -0.13260627091337218 0.010471204188481676
0.04171779141104295 -0.160786065207682 0.05128205128205128 -0.239869585468095 -0.11294733087623351 -0.33309455587392545 -0.09264978381717111 -0.2593939393939394 -0.15963511972633976 -0.034535156789611825 -0.02305918524212145 -0.20777642770352373 -0.10122662855781828 -0.13491966147430395 -0.47740944579546907 -0.4801407742584213 -0.27598045688630657 -0.2682677567705672 -0.1966657983849961 0.056551724137931025 0.03201024327784892 -0.479093014750701 -0.2366793529971456 -0.6800766283524904 -5.96168582375479 -2.207624935600206 -0.21083533493461432 -0.18896639188332276 -0.11671087533156499 -0.10427226647356988 -0.2854559545337122 -3.5390307949391255 -5.455201443174986 -1.113167962483031 -4.935856725517591 -1.7904223836427229 -0.5959623893805309 -4.203166226912929 -1.4077801958650709 -0.21653829385263773 -0.30711139081183136 -1.656595599133508 -3.711972238288028 -0.7585624698504583 -0.419035846724351 -0.5734812200655407 -0.7391078838174274 -6.522021566844225 -2.947019867549669 -0.4315913094539049 -0.04119850187265918 -0.3171641791044776 -0.3574265289912629 -0.3546099290780142 -0.2483042635658915 -0.2908055933671575 -0.3942065491183879 -0.4110622250157133 -0.7194430118617845 -0.054317548746518104 0.02786527744124061 -0.2168084858375102 -0.040313018733696936 -0.3152069297401347 -0.10181276384405265 -0.29952771563509817 -0.12868565717141428 -0.10023224544676687 -0.12420785804816223 -0.044290657439446365 -0.05159293176834774 -0.1848341232227488 -0.11591778202676864 -0.18364561359970222 -0.09547427154370737 -0.12915129151291513 -0.2738349453586233 0.033515392254220455 -0.2718522372528616 0.04494382022471911 0.015024414673844999 -0.2282227996836516 -0.09079559641357396 -0.15167930660888407 -0.04846908618039958 -0.1310361562727493 -0.1898027540007443 0.06169031462060457 -0.15367455694633786 0.0065445026178010445
0.044171779141104296 -0.14738722644037516 0.0376068376068376 -0.2224033535165347 -0.1284032814171918 -0.3223495702005731 -0.10253242742433602 -0.25090909090909086 -0.18117319143544913 -0.020721094073767092 -0.02177811939533692 -0.1931956257594168 -0.12147195426938193 -0.09812339016313015 -0.4159733777038269 -0.39969834087481143 -0.2733394955763898 -0.26188042922841087 -0.1953633758791352 0.06758620689655172 0.03713188220230474 -0.3681579909789101 -0.12012369172216934 -0.6381704980842912 -5.287356321839081 -1.9229778464708915 -0.19749132639444889 -0.18896639188332276 -0.09549071618037135 -0.10572049239681389 -0.24928958925342287 -3.204822153258534 -4.881539386650632 -1.145254843884981 -5.69795503619967 -1.961259079903148 -0.5406526548672567 -3.390501319261214 -1.192872687704026 -0.2281645109722424 -0.31718061674008813 -1.9439060540417283 -4.3412377096587615 -0.8176555716353111 -0.49443757725587145 -0.6339803377867407 -0.7520746887966805 -7.074184747304145 -3.193377483443709 -0.4565472695243688 -0.049937578027465665 -0.34748134328358204 -0.4277771473958925 -0.3877068557919622 -0.2652616279069767 -0.3143175349585447 -0.41687657430730474 -0.5707102451288498 -0.8277462609592574 -0.07103064066852369 0.02180760843227526 -0.2156428488168784 -0.05691249703580744 -0.3176130895091434 -0.13037000248323816 -0.30201342281879195 -0.1461769115442279 -0.09534286762009535 -0.14702154626108999 -0.04152249134948097 -0.04772346188572165 -0.17417061611374407 -0.12308795411089865 -0.17495967241593252 -0.10043397396156231 -0.13407134071340715 -0.27509106896118574 0.028550148957298904 -0.29006243496357964 0.04915730337078652 0.015024414673844999 -0.22370353632357926 -0.10781977074111908 -0.15649452269170577 -0.050833431847736144 -0.1358893472458141 -0.19104329487656618 0.04811844540407156 -0.16234973354814725 1.3877787807814458e-18
0.0392638036809816 -0.1563197856185797 0.03532763532763532 -0.24336283185840707 -0.12721436214481038 -0.32951289398280803 -0.1012970969734404 -0.2545454545454545 -0.17990624604079564 -0.016576875259013673 -0.025621316935690495 -0.18833535844471447 -0.12861736334405144 -0.08585796639273886 -0.3762959170613081 -0.3494218200100553 -0.26409613099168094 -0.25038323965252945 -0.20187548840843966 0.07448275862068966 0.04865556978233035 -0.2791661587224186 -0.0428163653663178 -0.5723180076628352 -4.524904214559387 -1.6087068521380732 -0.17880971443821722 -0.15726062143310082 -0.09018567639257294 -0.062273714699493124 -0.22474812709894082 -2.7942229649080925 -4.190018039687312 -1.190916944341602 -6.480375968499937 -2.0917406510626853 -0.49640486725663724 -2.6160949868073877 -0.984766050054407 -0.2092719081528848 -0.3398363750786658 -2.242617717478053 -5.010989010989011 -0.8948383984563435 -0.61557478368356 -0.7234686160826821 -0.7650414937759338 -7.487332727036508 -3.4132450331125823 -0.4829712272460365 -0.06741573033707866 -0.36963619402985076 -0.5003971405877682 -0.40543735224586286 -0.2906976744186046 -0.3205048880089098 -0.4534005037783375 -0.7693274670018855 -0.947653429602888 -0.07381615598885795 0.007269202810758421 -0.2284648560438279 -0.07588332938107659 -0.3308469682386911 -0.1539607648373479 -0.3094705443698732 -0.16741629185407297 -0.0892311453367559 -0.16476552598225602 -0.03183391003460208 -0.06062169482780859 -0.18483412322274884 -0.13025812619502866 -0.19109070604293338 -0.10663360198388097 -0.15006150061500617 -0.27383494535862324 0.026067527308838136 -0.3017689906347555 0.046348314606741575 0.022536622010767497 -0.22031408880352504 -0.11122460560662809 -0.16251354279523295 -0.0401938763447216 -0.13831594273234651 -0.19476491750403174 0.06539173349784085 -0.16606766637749415 0.010471204188481678
0.04662576687116564 -0.13510495757034388 0.030769230769230764 -0.2270610153702841 -0.12245868505528476 -0.29847182425978985 -0.1012970969734404 -0.23878787878787877 -0.17990624604079564 -0.0013814062715844706 -0.023059185242121447 -0.16889428918590524 -0.1250446588067167 -0.05028823745860419 -0.32125943939587864 -0.27400703871292104 -0.2588142083718473 -0.2222789984670414 -0.20317791091430054 0.0910344827586207 0.060179257362355965 -0.2145556503718152 -0.010704091341579451 -0.49329501915708807 -3.7535121328224776 -1.300875837197321 -0.1668001067520683 -0.14204185161699429 -0.08620689655172414 -0.03186097031136857 -0.18212348230431413 -2.350202912389592 -3.4564040889957908 -1.1983216092805133 -7.210720182903595 -2.1711057304277643 -0.43971238938053103 -1.8878627968337736 -0.765778019586507 -0.1918325824734777 -0.3461296412838263 -2.524227568122221 -5.686524002313476 -0.9527255185721177 -0.7799752781211373 -0.7751449458028737 -0.7715248962655602 -7.743276601273223 -3.5801324503311256 -0.4844392248972403 -0.0686641697877653 -0.40578358208955223 -0.5979802564393509 -0.43853427895981084 -0.3003875968992248 -0.32545477044920185 -0.4773299748110831 -1.0345694531741043 -1.106240330067045 -0.09331476323119778 0.008480736612551493 -0.2296304930644597 -0.09485416172634573 -0.34528392685274306 -0.17382666997765087 -0.30947054436987326 -0.17116441779110445 -0.10145458990343478 -0.17490494296577946 -0.04152249134948098 -0.06449116471043467 -0.17417061611374407 -0.13623326959847035 -0.17744136989700957 -0.09795412275263483 -0.1156211562115621 -0.2763471925637483 0.04965243296921549 -0.3069719042663892 0.07584269662921349 0.03380493301615125 -0.20901593040334424 -0.11349449551696744 -0.15529071867100036 -0.030736493675375343 -0.12618296529968454 -0.18980275400074428 0.07772979642196175 -0.17226422109307227 0.006544502617801047
0.058895705521472386 -0.1272889682894149 0.03988603988603988 -0.20843036795528644 -0.1105694923314707 -0.26623686723973256 -0.09759110562075356 -0.2412121212121212 -0.17990624604079566 -0.009669843901091308 -0.015372790161414296 -0.16038882138517618 -0.11670834821960223 -0.03311664418005643 -0.3225393574811212 -0.23881347410759174 -0.26409613099168094 -0.2120592743995912 -0.2201094034904923 0.0896551724137931 0.07426376440460947 -0.1938315250518103 0.005946717411988583 -0.43582375478927204 -3.067688378033206 -1.089644513137558 -0.16279690419001866 -0.14965123652504758 -0.10610079575596817 -0.01882693700217234 -0.13820718160681994 -1.9479589400811648 -2.7528562838244133 -1.1958533876342095 -7.657817858503748 -2.1294054344901805 -0.39546460176991155 -1.4406332453825859 -0.5998367791077258 -0.17439325679407064 -0.3398363750786658 -2.6815642458100557 -6.137651821862348 -1.0082006753497346 -1.2163164400494437 -0.8835391983866903 -0.7793049792531122 -7.573080420943225 -3.6066225165562913 -0.5035231943628891 -0.0774032459425718 -0.4967350746268656 -0.8260524225575854 -0.4869976359338062 -0.30402131782945735 -0.33782947654993195 -0.5138539042821159 -1.5185417976115652 -1.3808664259927796 -0.12116991643454038 0.013326871819723774 -0.24128686327077747 -0.10671093194213895 -0.34648700673724736 -0.1787931462627266 -0.28958488690032314 -0.18615692153923039 -0.1002322454467669 -0.21039290240811154 -0.04429065743944637 -0.05933187153359989 -0.16824644549763035 -0.15176864244741872 -0.16131033627000868 -0.10167389956602604 -0.0787207872078721 -0.2776033161663108 0.05585898709036743 -0.3251821019771072 0.08146067415730338 0.041317140353073746 -0.2157948254434527 -0.11235955056179774 -0.1528831106295895 -0.050833431847736144 -0.12011647658335356 -0.20592978538642845 0.07649599012954966 -0.19581112901226919 0.010471204188481673
0.06625766871165643 -0.12393925859758821 0.05014245014245013 -0.19795062878435024 -0.12008084651052195 -0.24355300859598855 -0.11612106238418778 -0.22787878787878788 -0.20651209932851894 0.0013814062715844753 -0.002562131693569049 -0.14094775212636695 -0.09408121948314875 -0.03311664418005643 -0.31230001279918085 -0.24886877828054293 -0.26805757295655613 -0.19289729177312212 -0.22792393852565768 0.10206896551724139 0.09090909090909091 -0.15360234060709493 0.026165556612749767 -0.3759578544061302 -2.450830140485313 -0.913189077794951 -0.15078729650386974 -0.14204185161699429 -0.11803713527851459 0.011585807385952208 -0.08912425729785582 -1.587491047982812 -2.119061936259771 -1.1872146118721463 -7.938524069604978 -2.0688727468388484 -0.3719579646017699 -1.1002638522427444 -0.4692600652883569 -0.16712687109431767 -0.3196979232221523 -2.7488313761258696 -6.419895893580103 -1.062469850458273 -1.6983930778739187 -1.0347869926896898 -0.7767116182572615 -7.257373002468493 -3.5456953642384113 -0.5093951849677041 -0.08863920099875156 -0.5888526119402985 -1.099512084420742 -0.5366430260047281 -0.3088662790697674 -0.3799034772924143 -0.5453400503778337 -2.061596480201131 -1.7006188757091283 -0.15459610027855156 0.008480736612551491 -0.25177759645646347 -0.11382499407161488 -0.3537054860442733 -0.1999006704742985 -0.29828486204325133 -0.2161419290354823 -0.10267693436010268 -0.25095057034220536 -0.04982698961937716 -0.05030310847413905 -0.1528436018957346 -0.14937858508604204 -0.17371882367539399 -0.09795412275263483 -0.1020910209102091 -0.2851400577816857 0.0484111221449851 -0.336888657648283 0.08146067415730336 0.0425691749092275 -0.19771777200316348 -0.10327999092044035 -0.1480678945467678 -0.06265516018441897 -0.12739626304295076 -0.21213248976553775 0.09130166563849476 -0.2094435493865411 0.018324607329842934
0.0834355828220859 -0.11389012952210809 0.06267806267806267 -0.1886353050768514 -0.10700273451432649 -0.23638968481375358 -0.10747374922791848 -0.21454545454545454 -0.2001773723552515 0.0013814062715844747 0.010248526774276198 -0.12150668286755772 -0.0690722877218054 -0.03311664418005643 -0.3020606681172405 -0.25892408245349424 -0.26409613099168094 -0.18778742973939702 -0.224016671008075 0.11172413793103449 0.11011523687580024 -0.1133731561623796 0.04876308277830638 -0.31609195402298845 -1.8952745849297572 -0.7367336424523441 -0.13077128369362154 -0.13443246670894105 -0.10875331564986739 0.041998551774076756 -0.03358305347455439 -1.227023155884459 -1.555021046301864 -1.1785758361100827 -7.998221770608408 -2.0083400591875167 -0.32356194690265483 -0.7598944591029022 -0.3495647442872687 -0.1598604853945647 -0.30333543108873506 -2.816098506441683 -6.56795835743204 -1.1167390255668113 -2.2410383189122376 -1.1860347869926897 -0.766338174273859 -6.941665583993763 -3.394701986754967 -0.5152671755725191 -0.09737827715355804 -0.6809701492537312 -1.4297061159650517 -0.5874704491725768 -0.29917635658914726 -0.4281648310852618 -0.5654911838790931 -2.5895663104965427 -2.0319752449716346 -0.18802228412256267 0.02786527744124061 -0.2576057815596223 -0.11501067109319418 -0.36573628488931675 -0.19369257511795382 -0.31941337310464835 -0.21364317841079467 -0.11123334555677791 -0.2674271229404309 -0.05536332179930796 -0.03611505223784341 -0.14691943127962082 -0.14818355640535372 -0.17868221863754807 -0.07067575945443273 -0.12669126691266913 -0.26881045094837336 0.04220456802383317 -0.31997918834547345 0.07865168539325842 0.052585451358457505 -0.18528979776296467 -0.07717625695153785 -0.14084507042253525 -0.05792646884974584 -0.14316913370541132 -0.20717032626225032 0.09623689080814311 -0.19828975089850046 0.018324607329842934
0.07484662576687118 -0.11835640911121037 0.05698005698005698 -0.19096413600372614 -0.10819165378670789 -0.2519102196752626 -0.11365040148239655 -0.21696969696969698 -0.20777904472317243 -0.0027628125431689438 0.00768639508070715 -0.10328068043742404 -0.08098130284625461 -0.019624678032626026 -0.32381927556636375 -0.24886877828054305 -0.28126237950614025 -0.17245784363822175 -0.24225058609012762 0.12275862068965519 0.11523687580025607 -0.08899183225649153 0.02973358705994291 -0.2526340996168582 -1.4406130268199233 -0.5873261205564143 -0.12676808113157192 -0.1306277742549144 -0.12334217506631302 0.05792903692976105 -0.011624903125807287 -0.9262353783719263 -1.1076368009621167 -1.1625323954091078 -7.916931284135653 -1.9155232714554746 -0.3152654867256636 -0.5237467018469657 -0.28699673558215455 -0.1511408225548612 -0.29955947136563876 -2.837760802645081 -6.578368999421632 -1.1854799807042933 -2.860321384425216 -1.339803377867406 -0.7689315352697096 -6.51292711446018 -3.190728476821192 -0.5196711685261304 -0.10611735330836454 -0.8034048507462686 -1.8710995120844207 -0.6430260047281323 -0.30765503875968986 -0.46776389060759815 -0.5969773299748111 -3.1640477686989317 -2.4239298607529656 -0.23537604456824512 0.00848073661255149 -0.26343396666278124 -0.1446525966326772 -0.3861886429258904 -0.2247330518996772 -0.33929903057419836 -0.23988005997001496 -0.12956851240679623 -0.30671736375158426 -0.08166089965397924 -0.042564168708886886 -0.15047393364928907 -0.17805927342256211 -0.1712371261943169 -0.07811531308121512 -0.1193111931119311 -0.2813716869739983 0.045928500496524326 -0.33949011446409993 0.08005617977528089 0.060097658695379995 -0.1728618235227658 -0.08171603677221655 -0.12038040207054293 -0.06029081451708239 -0.13103615627274934 -0.20965140801389404 0.10857495373226403 -0.21068286032965675 0.031413612565445025
0.08098159509202454 -0.11612326931665921 0.05128205128205129 -0.18747088961341407 -0.10224705742480086 -0.24952244508118432 -0.11612106238418778 -0.2290909090909091 -0.198910426960598 -0.022102500345351567 0.010248526774276196 -0.0911300121506683 -0.06430868167202572 -0.02207776278670428 -0.31357993088442343 -0.23629964806435394 -0.2733394955763898 -0.1801226366888094 -0.23834331857254493 0.11310344827586208 0.12291933418693982 -0.09142996464708035 0.010704091341579448 -0.22150383141762453 -1.0689655172413794 -0.48042246264811955 -0.1174272751534561 -0.15091946734305645 -0.12334217506631302 0.057929036929761035 0.007749935417204856 -0.674385294819766 -0.7528562838244138 -1.1390842897692213 -7.64130572843897 -1.7662093085821897 -0.29175884955752207 -0.36411609498680736 -0.23394994559303592 -0.12788838831565177 -0.2743864065449969 -2.77961463915175 -6.406015037593986 -1.2493970091654607 -3.5117428924598273 -1.4797075875976808 -0.745591286307054 -5.962063141483695 -2.920529801324503 -0.5152671755725191 -0.13358302122347065 -0.9561567164179102 -2.3828435266084194 -0.718676122931442 -0.33066860465116277 -0.5110753619601536 -0.6372795969773299 -3.7925832809553746 -2.8468282619907166 -0.28551532033426186 0.00848073661255149 -0.26343396666278124 -0.18496561536637418 -0.40423484119345526 -0.2396324807549044 -0.33805617698235146 -0.247376311844078 -0.14668133480014667 -0.34474017743979724 -0.10795847750865054 -0.0399845221204695 -0.1528436018957346 -0.19837476099426385 -0.17371882367539396 -0.08059516429014259 -0.1094710947109471 -0.2863961813842482 0.03599801390268123 -0.3498959417273674 0.0646067415730337 0.07011393514460999 -0.1717320076827477 -0.06923164226535013 -0.12760322619477552 -0.061472987350750685 -0.13346275175928174 -0.21337303064135957 0.09623689080814311 -0.21935803693146613 0.02617801047120419
0.0834355828220859 -0.10830728003573023 0.049002849002849 -0.18164881229622726 -0.09986921888003805 -0.21967526265520534 -0.11488573193329217 -0.20969696969696972 -0.20777904472317243 -0.011051250172675784 0.008967460927491674 -0.0801944106925881 -0.053590568060021423 -0.008585796639273887 -0.31613976705490854 -0.20487682252388134 -0.26541661164663943 -0.16862544711292796 -0.23443605105496226 0.13103448275862067 0.12548015364916773 -0.07680117030354747 0.0011893434823977173 -0.1688218390804598 -0.7816091954022989 -0.3554868624420402 -0.09340805978115826 -0.13823715916296767 -0.1193633952254642 0.06806661839246923 0.025833118057349523 -0.47744091668655997 -0.476247745039086 -1.0823151919042329 -7.30344214403658 -1.5832660747914982 -0.2724004424778761 -0.27308707124010556 -0.19042437431991294 -0.10899578549629411 -0.24292007551919453 -2.6462204993729337 -6.148062463851938 -1.3145200192957067 -4.143386897404203 -1.6296949836148222 -0.7209543568464729 -5.3410419644017155 -2.658278145695364 -0.5137991779213155 -0.14731585518102372 -1.1205690298507462 -2.9456484738454556 -0.7884160756501182 -0.34641472868217055 -0.5358247741616137 -0.6775818639798489 -4.436203645505971 -3.2761732851985563 -0.33983286908078 0.00969227041434456 -0.27042778878657187 -0.20512212473322267 -0.42468719923002884 -0.2408740998261733 -0.33805617698235146 -0.2461269365317341 -0.16257181273682925 -0.38149556400506973 -0.11903114186851212 -0.04643363859151296 -0.14810426540284363 -0.22944550669216063 -0.17744136989700957 -0.09051456912585244 -0.08118081180811808 -0.2901645521919357 0.05710029791459781 -0.36550468262226854 0.09269662921348314 0.06510579691999499 -0.15817421760253078 -0.06355691748950176 -0.10111953773925605 -0.06501950585175553 -0.08857073525843243 -0.21337303064135962 0.11474398519432447 -0.22307596976081298 0.03664921465968586
0.09447852760736197 -0.09267530147387226 0.04672364672364672 -0.17000465766185374 -0.08679110688384259 -0.20654250238777458 -0.09759110562075356 -0.2024242424242424 -0.20904599011782593 -0.013814062715844733 0.012810658467845248 -0.06682867557715673 -0.03929974991068238 -0.013491966147430392 -0.3225393574811212 -0.19859225741578682 -0.2588142083718474 -0.15074092999489014 -0.24094816358426674 0.14206896551724138 0.13700384122919335 -0.07436303791295867 -0.0011893434823977193 -0.1388888888888889 -0.5734355044699873 -0.29881504379185986 -0.06805444355484389 -0.12175015852885225 -0.10742705570291777 0.09268645908761766 0.040041332988891766 -0.3198854141799952 -0.2934455802766085 -1.0082685425151177 -6.832211355264829 -1.400322841000807 -0.25304203539823006 -0.20316622691292877 -0.1632208922742111 -0.06830402557767765 -0.21648835745752043 -2.4295975373389576 -5.750144592249856 -1.3844669561022673 -4.8244746600741655 -1.7746407864885303 -0.6976141078838174 -4.647265168247369 -2.3708609271523176 -0.5079271873165003 -0.15230961298377027 -1.273320895522388 -3.497106547146261 -0.8664302600472814 -0.3548934108527132 -0.5741863630738769 -0.712846347607053 -5.049654305468259 -3.678442496132027 -0.3593314763231198 0.02180760843227526 -0.2739246998484672 -0.2217216030353332 -0.4379210779595765 -0.23466600446982863 -0.3206562266964952 -0.23863068465767118 -0.17846229067351177 -0.4093789607097592 -0.1245674740484429 -0.04514381529730427 -0.13270142180094788 -0.2545411089866157 -0.1712371261943169 -0.09547427154370737 -0.07380073800738007 -0.2801155633714357 0.07571996027805362 -0.36810613943808534 0.0941011235955056 0.07136596970076374 -0.14913569088238615 -0.05561230280331404 -0.11074996990489949 -0.06501950585175553 -0.08493084202863384 -0.2108919488897159 0.1369524984577421 -0.22679390259015988 0.05890052356020943
0.10306748466257669 -0.08485931219294328 0.053561253561253554 -0.17349790405216584 -0.07133515634288431 -0.20057306590257878 -0.08276714021000617 -0.22545454545454544 -0.19510959077663753 -0.03315375051802735 0.02690238278247502 -0.06318347509113001 -0.01786352268667381 -0.01103888139335214 -0.3123000127991809 -0.17848164906988434 -0.23504555658259604 -0.13668880940214617 -0.22401667100807504 0.15586206896551724 0.15620998719590268 -0.06461050835060345 0.0011893434823977151 -0.10057471264367816 -0.3563218390804597 -0.21638330757341578 -0.05070723245262877 -0.09765377298668358 -0.10079575596816977 0.12165097755249818 0.05554120382330148 -0.2291716400095488 -0.1010222489476849 -0.9317536714796988 -6.260637622253271 -1.218724778046812 -0.22953539823008845 -0.16622691292875985 -0.1278563656147987 -0.023252434239209432 -0.18124606670862178 -2.160529016075704 -5.241179872758821 -1.4363241678726484 -5.530284301606922 -1.8842954373582053 -0.6509336099585062 -3.9404962972586723 -2.037086092715232 -0.4903112155020553 -0.15980024968789014 -1.4482276119402986 -4.10529899012822 -0.9408983451536643 -0.3706395348837209 -0.5902734810048262 -0.7405541561712846 -5.651791326209931 -4.06910778751934 -0.39275766016713093 0.02786527744124061 -0.2949061662198391 -0.2454351434669196 -0.46799807507218477 -0.23342438539855973 -0.3107133979617201 -0.23238380809595202 -0.2371348245935705 -0.4347275031685678 -0.1522491349480969 -0.02837611247259126 -0.13033175355450238 -0.2652963671128107 -0.18240476485916368 -0.07439553626782393 -0.043050430504305036 -0.2537369677176234 0.09930486593843098 -0.34079084287200834 0.10814606741573034 0.07887817703768624 -0.1434866116822958 -0.04993757802746567 -0.08908149753220176 -0.05437995034874099 -0.042465421014316905 -0.20344870363478473 0.16039481801357186 -0.21440079315900357 0.07722513089005237
0.11901840490797548 -0.07146047342563644 0.06153846153846154 -0.16884024219841637 -0.061823802163833076 -0.1683381088825215 -0.07411982705373688 -0.22666666666666666 -0.18750791840871658 -0.0359165630611963 0.03843197540353574 -0.061968408262454436 0.0011909015124449197 -0.012265423770391266 -0.3084602585434532 -0.15837104072398192 -0.221840750033012 -0.15074092999489014 -0.210992445949466 0.14620689655172414 0.1613316261203585 -0.06582957454589786 1.3877787807814458e-18 -0.08381226053639847 -0.22094508301404847 -0.1648634724368882 -0.040032025620496396 -0.11033608116677236 -0.10477453580901859 0.10716871832005795 0.08524928958925342 -0.15516829792313203 0.01803968731208659 -0.8268542515117856 -5.54680553791439 -1.027710519235943 -0.20188053097345135 -0.13720316622691292 -0.09521218715995647 0.010172939979654108 -0.13215859030837004 -1.8629574734921899 -4.594563331405437 -1.4628557645923783 -6.26823238566131 -1.9447945550794052 -0.617219917012448 -3.2623099909055475 -1.7019867549668874 -0.4653552554315912 -0.1697877652933833 -1.6138059701492538 -4.763417678429593 -1.0307328605200945 -0.3984980620155039 -0.6150228932062863 -0.7670025188916878 -6.189817724701444 -4.450747808148531 -0.4442896935933148 0.036346014053792106 -0.31472199557057934 -0.2738913919848233 -0.5101058710298364 -0.23590762354109765 -0.29082774049217 -0.23113443278360823 -0.3141425253636475 -0.47528517110266166 -0.18131487889273357 -0.012898232942086932 -0.12796208530805686 -0.2736615678776291 -0.18488646234024073 -0.0657160570365778 0.009840098400984005 -0.24117573169199852 0.11668321747765639 -0.31867845993756505 0.11235955056179774 0.06385376236384124 -0.14687605920235 -0.04766768811712632 -0.08908149753220176 -0.06501950585175553 -0.01577287066246057 -0.19600545837985361 0.1406539173349784 -0.21316148221588796 0.057591623036649206
0.1128834355828221 -0.07592675301473872 0.06609686609686609 -0.1734979040521658 -0.06301272143621447 -0.16356255969436487 -0.0679431747992588 -0.23878787878787877 -0.19384264538198404 -0.04282359441911866 0.04739943633102741 -0.07533414337788578 -0.0023818030248898407 -0.014718508524469518 -0.3250991936516063 -0.15837104072398192 -0.21523834675822 -0.16096065406234034 -0.2162021359729096 0.13517241379310346 0.16517285531370038 -0.0828965012800195 0.007136060894386298 -0.08381226053639848 -0.1455938697318008 -0.14167954662545082 -0.022684814518281297 -0.10653138871274573 -0.09416445623342176 0.09847936278059378 0.0968741927150607 -0.13010264979708763 0.06975345760673482 -0.7268912748364803 -4.72627969008002 -0.867635189669088 -0.16869469026548672 -0.13720316622691292 -0.08025027203482046 0.026158988519110582 -0.09691629955947137 -1.564245810055866 -3.8473105841526896 -1.4905933429811866 -6.99876390605686 -2.0368036299470633 -0.5770228215767634 -2.642588021307003 -1.3761589403973509 -0.46095126247798 -0.18352059925093633 -1.7688899253731343 -5.436287302848066 -1.115839243498818 -0.4602713178294574 -0.6645217176092069 -0.7947103274559194 -6.631049654305468 -4.769210933470862 -0.4846796657381615 0.020596074630482193 -0.34502855810700545 -0.3260611809343135 -0.5317613089509143 -0.2557735286814006 -0.2771563509818543 -0.24612693653173415 -0.4045960151570712 -0.5449936628643853 -0.20069204152249137 -0.01676770282471301 -0.13981042654028433 -0.2844168260038241 -0.194813252264549 -0.07811531308121511 0.01845018450184501 -0.23489511367918606 0.12040714995034758 -0.3212799167533819 0.10252808988764046 0.06385376236384124 -0.17399163936278386 -0.05447735784814437 -0.09510051763572892 -0.08511644402411633 -0.006066488716330995 -0.19848654013149733 0.11721159777914866 -0.21811872598835044 0.045811518324607337
0.12024539877300613 -0.080393032603841 0.06267806267806267 -0.18164881229622729 -0.06301272143621447 -0.1671442215854823 -0.06053119209388511 -0.22787878787878788 -0.1976434815659445 -0.03729796933278077 0.06661542403279527 -0.07533414337788577 0.010718113612004287 -0.009812339016313011 -0.303340586202483 -0.16842634489693314 -0.19675161758880233 -0.15712825753704648 -0.2057827559260224 0.14068965517241377 0.1677336747759283 -0.08167743508472511 0.015461465271170313 -0.07303639846743296 -0.12260536398467436 -0.12493560020607938 -0.014678409394182013 -0.10272669625871908 -0.08355437665782493 0.09558291093410572 0.11108240764660293 -0.12532824063022202 0.06494287432351173 -0.639269406392694 -3.950209577035438 -0.7586763518966909 -0.15071902654867256 -0.1424802110817942 -0.08025027203482046 0.04359831419851765 -0.07048458149779738 -1.3099988598791472 -3.137073452862927 -1.4966232513265798 -7.411619283065514 -2.079657171666247 -0.5484958506224066 -2.206054306872808 -1.0980132450331126 -0.43599530240751616 -0.17478152309612985 -1.828358208955224 -5.919664132531488 -1.1820330969267139 -0.6770833333333334 -0.7437198366538794 -0.8136020151133501 -6.7492143306096795 -4.863331614234143 -0.5222841225626741 0.02301914223406833 -0.37766639468469515 -0.46359971543751477 -0.5810875842155919 -0.2731561956791656 -0.3044991300024857 -0.25862068965517243 -0.5867253392005868 -0.6920152091254753 -0.21591695501730107 0.005159293176834776 -0.14810426540284358 -0.26410133843212236 -0.21466683211316537 -0.07811531308121512 -0.002460024600245997 -0.22233387765356113 0.1266137040714995 -0.31087408949011447 0.09410112359550561 0.07136596970076374 -0.17060219184272962 -0.05561230280331404 -0.09269290959431806 -0.0602908145170824 -2.7755575615628915e-18 -0.18856221312492247 0.11227637260950032 -0.20820423844342545 0.041884816753926704
0.1165644171779141 -0.08039303260384101 0.04672364672364672 -0.18979972054028876 -0.05469028652954465 -0.14804202483285578 -0.03953057442865967 -0.22787878787878785 -0.17483846446218165 -0.0359165630611963 0.061491160645657184 -0.07533414337788577 -0.004763606049779682 -0.006132711885195631 -0.3007807500319979 -0.118149824032177 -0.1809058497293015 -0.1520183955033214 -0.197968220890857 0.15310344827586206 0.17157490396927016 -0.07558210410825308 0.015461465271170316 -0.05507662835249042 -0.10089399744572158 -0.06697578567748583 0.009340805978115827 -0.07989854153455929 -0.0636604774535809 0.10137581462708183 0.10074916042366315 -0.10503700167104324 0.04810583283223092 -0.5393064297173885 -3.246538803505652 -0.6053268765133171 -0.12582964601769908 -0.13456464379947228 -0.0748095756256801 0.07411713413748001 -0.05412208936438012 -1.085395051875499 -2.506651243493349 -1.47009165460685 -7.693448702101359 -2.0254600453743388 -0.5108921161825727 -1.818890476809147 -0.8675496688741722 -0.4154433352906636 -0.16853932584269665 -1.8586753731343282 -6.28843753545898 -1.2470449172576834 -0.9738372093023256 -0.7981685434970919 -0.827455919395466 -6.729101194217473 -4.849149045899949 -0.5431754874651811 0.00848073661255149 -0.4196293274274391 -0.6793929333649514 -0.6352261790182869 -0.2880556245343929 -0.29082774049217003 -0.27236381809095456 -0.8299718860774966 -0.8859315589353614 -0.24498269896193775 0.0038694698826260802 -0.15639810426540282 -0.2617112810707457 -0.21466683211316542 -0.0929944203347799 0.012300123001230012 -0.19344303479462382 0.15888778550148958 -0.27835587929240374 0.11235955056179774 0.07762614248153249 -0.1773810868828381 -0.062421972534332085 -0.08306247742867462 -0.04492256767939473 0.02183935937879155 -0.17863788611834758 0.11597779148673659 -0.20820423844342545 0.06413612565445026
0.10306748466257669 -0.08374274229566772 0.025071225071225074 -0.19562179785747552 -0.06182380216383308 -0.1659503342884432 -0.03953057442865967 -0.23636363636363633 -0.1697706828835677 -0.033153750518027346 0.052523699718165506 -0.08019441069258808 -0.028581636298678097 0.012265423770391267 -0.3110200947139383 -0.10306686777275012 -0.18354681103921827 -0.12774655084312725 -0.19666579838499607 0.17241379310344826 0.17157490396927016 -0.07436303791295867 0.0023786869647954346 -0.0443007662835249 -0.09833971902937422 -0.04636785162287481 0.016012810248198558 -0.05960684844641725 -0.059681697612732086 0.10716871832005795 0.11237406354947044 -0.101456194795894 0.022850270595309682 -0.44921633962729846 -2.634319827257716 -0.5098197471078827 -0.10508849557522122 -0.13720316622691292 -0.0748095756256801 0.09446301409678826 -0.02265575833857773 -0.8664918481359025 -1.929438982070561 -1.4375301495417268 -7.817058096415326 -1.9989916813713133 -0.46939834024896265 -1.43042743926205 -0.6622516556291391 -0.38755137991779215 -0.15980024968789014 -1.8621735074626866 -6.485873141949393 -1.3096926713947992 -1.3747577519379846 -0.8971661923029328 -0.8438287153652393 -6.60967944688875 -4.757607013924703 -0.5571030640668525 -0.006057669008965349 -0.476745541438396 -0.9710694806734645 -0.7110202117420596 -0.3104047678172337 -0.3256276410638827 -0.3035982008995502 -1.1477814448111476 -1.1406844106463878 -0.27404844290657443 0.010318586353669551 -0.16469194312796206 -0.26290630975143403 -0.21466683211316542 -0.11035337879727217 0.02706027060270603 -0.1758573043587489 0.19116186693147963 -0.26404786680541104 0.13061797752808987 0.08138224614999374 -0.18415998192294653 -0.09306548632391329 -0.0734320452630312 -0.04374039484572645 0.043678718757583106 -0.18484059049745688 0.11967921036397286 -0.22307596976081298 0.08638743455497382
0.1312883435582822 -0.07146047342563647 0.02621082621082621 -0.1886353050768514 -0.0451789323504934 -0.15162368672397325 -0.014823965410747379 -0.2375757575757576 -0.17483846446218168 -0.034535156789611825 0.07045862157314885 -0.08505467800729039 0.0035727045373347643 -0.004906169508156503 -0.27902214258287467 -0.11563599798893916 -0.15185527532021656 -0.12902401635155852 -0.17843188330294346 0.16551724137931034 0.17669654289372602 -0.0828965012800195 0.02021883920076118 -0.0443007662835249 -0.0842911877394636 -0.02704791344667697 0.02401921537229784 -0.051997463538363986 -0.05702917771883289 0.11151339608979001 0.1407904934125549 -0.08116495583671521 0.019242333132892364 -0.3529556954214489 -2.0805283881620733 -0.392789884315308 -0.06498893805309733 -0.12928759894459102 -0.0720892274211099 0.12498183403575061 0.022655758338577726 -0.6692509405997036 -1.412377096587623 -1.397732754462132 -7.856613102595796 -1.9334509705066805 -0.41364107883817425 -1.1147200207873196 -0.4900662251655629 -0.3567234292425132 -0.1460674157303371 -1.8236940298507462 -6.472256893225915 -1.3711583924349882 -1.7514534883720931 -1.0172008414800149 -0.8425692695214106 -6.364550597108737 -4.602888086642599 -0.5543175487465181 -0.008480736612551491 -0.5385243035318802 -1.3410007114062128 -0.7711742059672763 -0.2917804817481997 -0.3305990554312702 -0.30484757621189407 -1.5169294707248504 -1.4207858048162232 -0.298961937716263 0.009028763059460853 -0.16706161137440761 -0.248565965583174 -0.2494105968482442 -0.10291382517048978 0.02460024600246003 -0.14445421429468663 0.2048162859980139 -0.24193548387096775 0.13623595505617975 0.08639038437460875 -0.20223703536323576 -0.10327999092044035 -0.0938967136150235 -0.02955432084170706 0.038825527784518324 -0.17491626349088202 0.09870450339296731 -0.22307596976081298 0.0850785340314136
0.12269938650306748 -0.05694506476105404 0.022792022792022793 -0.18979972054028876 -0.03210082035429794 -0.1325214899713467 0.004941321803582459 -0.21696969696969695 -0.1723045736728747 -0.016576875259013673 0.06917755572636433 -0.08383961117861483 0.0011909015124449232 0.006132711885195633 -0.27774222449763214 -0.0967823026646556 -0.15713719794005016 -0.0970873786407767 -0.18103672831466527 0.19034482758620688 0.18565941101152367 -0.0560770449835426 0.0428163653663178 -0.020354406130268198 -0.05874840357598978 0.018031942297784646 0.04536962903656259 -2.7755575615628915e-18 -0.03713527851458885 0.13758146270818247 0.13691552570395246 -0.04893769396037241 0.0132291040288635 -0.2640997161545107 -1.6156484186460056 -0.2797955340328221 -0.0428650442477876 -0.10422163588390503 -0.06936887921653971 0.1496875454149106 0.04153555695405916 -0.5039334169421958 -0.9994216310005782 -1.3386396526772795 -7.7663782447466 -1.8364003024955888 -0.37474066390041494 -0.8509809016499936 -0.35761589403973504 -0.3229594832648268 -0.12359550561797757 -1.7070895522388057 -6.379212526948825 -1.395981087470449 -2.1790213178294575 -1.1161984902858557 -0.8198992443324936 -5.948460087994972 -4.334708612686952 -0.5376044568245124 -0.029076811243033678 -0.6131250728523139 -1.7085605880958028 -0.8589990375360923 -0.2917804817481997 -0.3504847129008203 -0.32733633183408295 -1.937415963818604 -1.7008871989860583 -0.31280276816608993 0.006449116471043468 -0.15402843601895733 -0.2330305927342256 -0.2605782355130909 -0.09423434593924362 0.04920049200492006 -0.11933174224343676 0.23709036742800396 -0.21462018730489074 0.16713483146067415 0.09014648804306999 -0.18867924528301885 -0.11576438542730678 -0.08426628144938005 -0.011821728336682819 0.07037126910943947 -0.16127031385684157 0.11721159777914869 -0.2144007931590036 0.11387434554973822
0.11656441717791413 -0.055828494863778465 0.01937321937321937 -0.18747088961341407 -0.021400546902865296 -0.12535816618911175 0.014823965410747375 -0.21090909090909088 -0.15836817433168632 -0.020721094073767092 0.07430181911350243 -0.0789793438639125 0.003572704537334762 0.007359254262234762 -0.26622296173044924 -0.11186525892408246 -0.1465733527003829 -0.07920286152273888 -0.17712946079708253 0.18482758620689652 0.19462227912932137 -0.06339144215530904 0.07017126546146527 -0.025143678160919537 -0.035759897828863345 0.009015971148892323 0.0627168401387777 0.015218769816106528 -0.018567639257294422 0.13758146270818253 0.1369155257039525 -0.029840057292910005 0.00841852074564041 -0.20609650746637045 -1.1533087768322114 -0.19908528383104654 -0.03456858407079645 -0.08179419525065962 -0.0748095756256801 0.17148670251416945 0.059156702328508504 -0.37509976057462086 -0.6003470213996529 -1.2506029908345393 -7.600741656365884 -1.7141416687673305 -0.33584024896265563 -0.6379108743666364 -0.223841059602649 -0.28479154433352905 -0.10112359550561797 -1.5729944029850746 -6.089867241574946 -1.4326241134751772 -2.68531976744186 -1.2411830219032296 -0.7884130982367759 -5.429289754871149 -3.9749871067560596 -0.5069637883008357 -0.05088441967530895 -0.6970509383378017 -2.1579321792743658 -0.9528392685274302 -0.2930221008194686 -0.37907034551329855 -0.36231884057971014 -2.4287984353990955 -2.0392902408111535 -0.3543252595155709 0.01160840964787824 -0.1670616113744076 -0.21271510516252393 -0.2829135128427845 -0.09671419714817109 0.038130381303813035 -0.10677050621781184 0.22343594836146968 -0.20551508844953173 0.14185393258426968 0.09891072993614623 -0.20449666704327196 -0.11576438542730678 -0.11074996990489952 0.011821728336682824 0.0558116961902451 -0.14018111896787 0.1122763726095003 -0.20200768372784733 0.10863874345549737
0.10920245398773007 -0.05694506476105404 0.009116809116809114 -0.18514205868653938 -0.029722981809535132 -0.1361031518624642 0.006176652254478072 -0.1939393939393939 -0.15963511972633979 -1.3877787807814458e-18 0.08198821419420958 -0.07047387606318348 0.0 0.018398135655586904 -0.26622296173044924 -0.11312217194570136 -0.15053479466525815 -0.06387327542156361 -0.18233915082052618 0.1889655172413793 0.19974391805377723 -0.05851517737413142 0.08682207421503331 -0.01915708812260536 -0.026819923371647503 0.009015971148892318 0.06672004270082732 0.027901077996195307 -0.0026525198938992024 0.1317885590152064 0.14854042882975976 -0.022678443542611604 0.004810583283223091 -0.1493274096013822 -0.762098310682078 -0.14796879203658866 -0.022123893805309734 -0.07124010554089708 -0.08161044613710554 0.17875308821392238 0.08055380742605414 -0.2713487629688746 -0.27299016772700985 -1.140858658948384 -7.284301606922126 -1.5767582556087723 -0.3021265560165975 -0.4833051838378589 -0.12715231788079467 -0.23487962419260128 -0.08239700374531835 -1.4155783582089554 -5.7086122773176 -1.4491725768321513 -3.2764050387596897 -1.3735923771810419 -0.7720403022670025 -4.832181018227529 -3.5636926250644656 -0.4791086350974931 -0.06542282529682578 -0.7926331740296073 -2.7033436092008536 -1.0551010587102982 -0.29674695803327544 -0.44742729306487694 -0.4122938530734633 -2.986187507639653 -2.437262357414449 -0.39169550173010376 0.007738939765252162 -0.17535545023696683 -0.21391013384321228 -0.3052487901724779 -0.11159330440173587 0.033210332103321055 -0.1143072478331868 0.23460774577954316 -0.2224245577523413 0.14887640449438205 0.10391886816076124 -0.20562648288329002 -0.12938372488934288 -0.1023233417599615 0.01891476533869252 0.0655180781363747 -0.13894057809204813 0.11721159777914866 -0.19828975089850043 0.11256544502617802
0.10920245398773007 -0.06699419383653417 0.004558404558404556 -0.18281322775966466 -0.043990013078112 -0.15998089780324737 0.007411982705373686 -0.1745454545454545 -0.16977068288356773 0.01795828153059815 0.07430181911350243 -0.07168894289185904 -0.013099916636894127 0.01471850852446952 -0.2790221425828747 -0.15460030165912522 -0.16109863990492537 -0.06642820643842616 -0.2031779109143006 0.17517241379310347 0.19462227912932137 -0.05851517737413142 0.09871550903901047 -0.01676245210727969 -0.026819923371647507 -0.020607934054611025 0.0747264478249266 0.04058338617628408 0.005305039787798406 0.13323678493845043 0.15241539653836217 -0.014323227500596803 -0.0036079374624173183 -0.09502653338269776 -0.47504128032516196 -0.11702986279257466 -0.008296460176991153 -0.0567282321899736 -0.1047334058759521 0.18747275105362593 0.0881057268722467 -0.21890320373959643 -0.048582995951417005 -1.0407621804148577 -6.852904820766379 -1.4557600201663727 -0.2593360995850622 -0.38066779264648565 -0.056953642384105975 -0.18937169700528483 -0.05493133583021222 -1.2313432835820897 -5.150346079655055 -1.4657210401891254 -3.9086724806201554 -1.5282762034401682 -0.730478589420655 -4.1822752985543685 -3.0930892212480656 -0.45403899721448476 -0.07511509571117034 -0.8823872246182539 -3.3400521697889496 -1.1453320500481232 -0.29674695803327544 -0.518269947800149 -0.45977011494252873 -3.575357535753575 -2.8757921419518375 -0.4166089965397924 -0.0077389397652521605 -0.20853080568720378 -0.2318355640535373 -0.3375108574264797 -0.1500309981401116 -0.006150061500615001 -0.13817359628187414 0.18123138033763656 -0.26664932362122784 0.1292134831460674 0.10391886816076124 -0.2214439046435431 -0.15321756894790606 -0.13121463825689178 0.014186074004019389 0.012132977432661968 -0.1339784145887607 0.09376927822331893 -0.2032469946709629 0.09816753926701573
0.11411042944785277 -0.07257704332291201 0.004558404558404559 -0.18048439683279 -0.04636785162287481 -0.19340974212034384 0.006176652254478074 -0.17090909090909087 -0.1849740276194096 0.020721094073767092 0.07942608250064054 -0.07047387606318348 -0.0035727045373347617 0.02453084754078253 -0.27134263407141945 -0.19105077928607345 -0.16506008186980056 -0.0510986203372509 -0.2201094034904923 0.18620689655172412 0.21766965428937263 -0.0524198463976594 0.12725975261655567 -0.010775862068965516 -0.014048531289910604 -0.04507985574446162 0.07739524953295969 0.04058338617628408 0.003978779840848809 0.13902968863142653 0.15499870834409712 -0.011936022917164002 -0.0012026458208057728 -0.05676909786498827 -0.2578432617807698 -0.11972020446596718 -0.004148230088495573 -0.05936675461741423 -0.12921653971708377 0.1772998110739718 0.09188168659534299 -0.17557861133280125 0.08906882591093118 -0.9442836468885675 -6.275648949320148 -1.358709352155281 -0.22691908713692946 -0.3040145511238145 -0.025165562913907286 -0.1482677627715796 -0.009987515605493134 -1.0541044776119401 -4.449109270396006 -1.4680851063829787 -4.583333333333333 -1.6780101472590025 -0.7002518891687657 -3.5449402891263353 -2.6302217637957708 -0.41086350974930363 -0.08601889992730798 -0.9628161790418464 -4.000474270808632 -1.2283445620789224 -0.29674695803327544 -0.6002982848620432 -0.5247376311844077 -4.149859430387483 -3.3358681875792136 -0.4539792387543253 -0.012898232942086932 -0.22985781990521326 -0.2581261950286807 -0.3672912271994044 -0.1698698078115313 -0.056580565805658053 -0.14947870870493657 0.13778550148957297 -0.3394901144640999 0.12219101123595504 0.12895955928383623 -0.23274206304372388 -0.14300306435137897 -0.14204887444324063 0.028372148008038778 -0.018199466148992965 -0.13521895546458254 0.10980876002467613 -0.20076837278473167 0.11387434554973823
0.12515337423312883 -0.07592675301473872 -0.001139601139601139 -0.1816488122962273 -0.041612174533349186 -0.2280324737344795 0.025941939468807913 -0.16606060606060602 -0.16850373748891423 0.015195468987429201 0.07173968741993339 -0.0583232077764277 -0.009527212099559368 0.029437017048939047 -0.2611032893894791 -0.2312719959778784 -0.15185527532021653 -0.045988758303525806 -0.2122948684553269 0.18758620689655173 0.21382842509603073 -0.04144825064000975 0.11417697431018078 -0.00957854406130268 -0.012771392081736912 -0.0708397733127254 0.08540165465705898 0.04311984781230183 0.003978779840848809 0.14627081824764665 0.14208214931542235 0.0047744091668656 -0.02164762477450391 -0.029618659755646065 -0.1409881874761844 -0.12241054613935969 -0.006913716814159291 -0.04749340369393141 -0.14553862894450492 0.18456619677372477 0.09439899307740718 -0.1276935355147646 0.14690572585309428 -0.8465991316931983 -5.57354758961681 -1.2490547012856061 -0.1854253112033195 -0.25334545926984536 0.014569536423841062 -0.1203758073987082 0.022471910112359553 -0.8815298507462683 -3.7036196527856573 -1.476359338061466 -5.299176356589148 -1.8104195025368146 -0.6498740554156173 -2.907605279698303 -2.148014440433213 -0.37743732590529244 -0.09813423794523866 -1.0502389555892295 -4.66801043395779 -1.339027911453321 -0.30916314874596484 -0.7208550832711905 -0.5772113943028485 -4.73658476958807 -3.761723700887198 -0.5121107266435987 -0.006449116471043466 -0.25 -0.3023422562141492 -0.4057575381560987 -0.17234965902045876 -0.1033210332103321 -0.1507348323074991 0.07323733862959282 -0.4045265348595214 0.09691011235955055 0.125203455615375 -0.23274206304372388 -0.146407899216888 -0.15408691465029495 0.046104740513063014 -0.055811696190245084 -0.12157300583054212 0.1283158544108575 -0.17846077580865038 0.12303664921465969
0.12024539877300615 -0.06141134435015631 -0.0034188034188034184 -0.1734979040521658 -0.053501367257163236 -0.24832855778414514 0.01605929586164299 -0.15515151515151515 -0.1723045736728747 0.01795828153059815 0.06405329233922624 -0.04981773997569865 -0.026199833273788258 0.02821047467189991 -0.2700627159861769 -0.24384112619406745 -0.16241912055988378 -0.052376085845682166 -0.22010940349049232 0.18482758620689657 0.21254801536491677 -0.02438132390588809 0.09871550903901047 0.01077586206896552 -0.016602809706257982 -0.07727975270479133 0.08406725380304243 0.045656309448319596 -0.0026525198938991993 0.14192614047791458 0.14208214931542235 0.029840057292909998 -0.01683704149128082 -0.0012341108231519154 -0.1143147466023117 -0.10626849609900457 -0.015210176991150442 -0.025065963060686026 -0.161860718171926 0.1947391367533789 0.09439899307740716 -0.09691027248888381 0.1330248698669751 -0.7368547998070429 -4.783683559950556 -1.0902445172674564 -0.14911825726141079 -0.21177081979992204 0.010596026490066223 -0.09248385202583675 0.04119850187265918 -0.7311100746268656 -2.9785544082605244 -1.4609929078014185 -5.94718992248062 -1.864868209380027 -0.5982367758186398 -2.315524827152734 -1.7509025270758127 -0.33286908077994426 -0.11388417736854858 -1.095698799393869 -5.105525254920559 -1.3895572666025027 -0.3923516265209834 -0.7829977628635346 -0.6221889055472263 -5.137513751375137 -3.9683143219264894 -0.542560553633218 -0.043853992003095574 -0.27606635071090047 -0.44933078393881454 -0.4516689415560243 -0.19094854308741474 -0.14022140221402216 -0.1984675292048738 -0.09930486593843098 -0.5671175858480749 0.05617977528089889 0.11894328283460624 -0.23048243136368773 -0.15775734876858472 -0.15529071867100036 0.02482562950703393 -0.08250424654210144 -0.1240540875821858 0.13571869216533003 -0.17846077580865038 0.10994764397905758
0.11901840490797547 -0.05694506476105403 -0.0034188034188034184 -0.18514205868653932 -0.059445963619070265 -0.31041069723018144 0.011117974058060535 -0.15757575757575756 -0.1862409730140631 0.004144218814753421 0.06405329233922624 -0.051032806804374234 -0.03334524234845778 0.029437017048939036 -0.26750287981569176 -0.29537456008044244 -0.1690215238346758 -0.05365355135411345 -0.24225058609012762 0.17379310344827587 0.20614596670934698 -0.029257588687065704 0.07730732635585158 0.014367816091954025 -0.028097062579821197 -0.11720762493560019 0.05871363757672805 0.040583386176284084 -0.03183023872679045 0.13613323678493844 0.15370705244122962 0.03342086416805921 -0.00841852074564041 0.001234110823151923 -0.08383081417502856 -0.13989776701641107 0.0013827433628318593 -0.01187335092348285 -0.15778019586507072 0.19619241389332948 0.09314033983637507 -0.07524797628548625 0.09600925390399072 -0.6295224312590448 -4.0395550061804695 -0.9881522561129316 -0.13096473029045644 -0.1909835000649604 -0.0026490066225165615 -0.05578391074574281 0.0599250936329588 -0.5958488805970149 -2.319301032565528 -1.4408983451536646 -6.475290697674417 -1.9106546219527285 -0.5478589420654913 -1.78629792583281 -1.4066529138731307 -0.2827298050139275 -0.10782650835958323 -1.124839724909663 -5.382973677970122 -1.4388835418671801 -0.5003724857213806 -0.8948545861297539 -0.6359320339830085 -5.427209387605427 -4.057034220532319 -0.5647058823529412 -0.06449116471043467 -0.3092417061611374 -0.6393403441682601 -0.5186747735451048 -0.1971481711097334 -0.1795817958179582 -0.2600175857304359 -0.33763654419066536 -0.7739334027055151 0.0014044943820224864 0.11017904094153 -0.23500169472376004 -0.1668369084099421 -0.17455158300228724 -0.007093037002009692 -0.1031303081776268 -0.148864905098623 0.1406539173349784 -0.18961457429669104 0.08376963350785342
0.1177914110429448 -0.05694506476105404 -0.0034188034188034184 -0.18164881229622726 -0.06539055998097729 -0.31041069723018144 0.006176652254478075 -0.13454545454545455 -0.2001773723552515 0.012432656444260254 0.06405329233922624 -0.052247873633049814 -0.04049065142312731 0.0024530847540782537 -0.2649430436452067 -0.32679738562091504 -0.1756239271094678 -0.07026060296371998 -0.26439176868976294 0.14344827586206896 0.1997439180537772 -0.03047665488236011 0.055899143672692685 0.007183908045977015 -0.039591315453384415 -0.14296754250386395 0.033360021350413674 0.025364616360177544 -0.06100795755968169 0.1173062997827661 0.13691552570395243 0.04893769396037241 -0.010823812387251955 0.01357521905467111 -0.0723993395147974 -0.12106537530266344 0.0 0.002638522427440635 -0.15914036996735584 0.19909896817323067 0.07929515418502202 -0.05130543837646791 0.046269519953730485 -0.5366618427399903 -3.3819530284301607 -0.8545500378119486 -0.12318464730290454 -0.1727945952968689 -0.02781456953642384 -0.03669994128009396 0.07116104868913857 -0.5025652985074627 -1.7712470214455913 -1.4326241134751772 -6.911337209302324 -1.9156045043930205 -0.5012594458438288 -1.3588937774984287 -1.111397627643115 -0.24930362116991645 -0.11751877877392777 -1.1248397249096633 -5.583353094617026 -1.4521174205967278 -0.6195679165631984 -0.9495401441710166 -0.6584207896051975 -5.521329910768856 -4.101394169835234 -0.5647058823529412 -0.0993163936540694 -0.35308056872037913 -0.830544933078394 -0.586921454274724 -0.21078735275883448 -0.21525215252152524 -0.3303605074739354 -0.5945878848063555 -0.9755463059313214 -0.049157303370786505 0.09139852259922374 -0.24742966896395888 -0.1759164680512995 -0.21427711568556637 -0.035465185010048465 -0.1540888133948071 -0.1699540999875946 0.12338062924120914 -0.19952906184161603 0.044502617801047126
0.09325153374233129 -0.05247878517195176 -0.005698005698005698 -0.17699115044247787 -0.087980026156224 -0.32593123209169056 -0.014823965410747375 -0.10545454545454547 -0.2103129355124794 0.01795828153059815 0.04739943633102741 -0.04374240583232077 -0.07740859830891986 0.022077762786704275 -0.2790221425828747 -0.32176973353443944 -0.1888287336590519 -0.05237608584568217 -0.27611357124251107 0.14758620689655172 0.1997439180537772 -0.02194319151529928 0.024976213130352053 0.017959770114942535 -0.03959131545338442 -0.15971148892323545 0.02802241793434749 0.0393151553582752 -0.07559681697612733 0.1332367849384504 0.11237406354947041 0.052518500835521606 -0.028863499699338546 0.019745773170430705 -0.08002032262161818 -0.12779122948614474 -0.01797566371681416 0.02770448548812665 -0.17954298150163223 0.20055224531318125 0.07048458149779736 -0.03420362558431194 -0.004626951995373043 -0.4365653642064641 -2.710754017305315 -0.746155785228132 -0.11410788381742738 -0.16110172794595298 -0.05033112582781457 -0.020551967116852612 0.0861423220973783 -0.40461753731343286 -1.3275842505389766 -1.4125295508274232 -7.295300387596899 -1.8636307387699538 -0.44836272040302266 -0.9905719673161535 -0.817431665807117 -0.20473537604456826 -0.11509571117034163 -1.0933675253526052 -5.5039127341712115 -1.446102021174206 -0.7958778246833871 -1.0042257022122794 -0.6759120439780109 -5.419875320865421 -4.00126742712294 -0.542560553633218 -0.11995356636140848 -0.38862559241706157 -1.030114722753346 -0.6179426727881872 -0.23434593924364538 -0.26199261992619927 -0.40070342921743496 -0.8502979145978152 -1.1732570239334028 -0.09129213483146066 0.08013021159383998 -0.23839114224381425 -0.17137668823062083 -0.21668472372697725 -0.06974819718642865 -0.17714147051686485 -0.1898027540007443 0.13325107958050586 -0.21811872598835044 0.03926701570680628
0.09447852760736196 -0.0547119249665029 -0.011396011396011395 -0.16767582673497908 -0.09868029960765665 -0.36174785100286533 -0.02964793082149475 -0.09454545454545454 -0.21664766248574682 0.013814062715844727 0.052523699718165506 -0.038882138517618466 -0.0785994998213648 0.02943701704893904 -0.2611032893894791 -0.3443941679235797 -0.18354681103921827 -0.040878896269800714 -0.26960145871320657 0.13241379310344828 0.1882202304737516 -0.0268194562964769 0.007136060894386306 0.009578544061302683 -0.04853128991060025 -0.18675940236991243 0.010675206832132366 0.022828154724159798 -0.09151193633952255 0.13178855901520636 0.10979075174373547 0.05729291000238721 -0.03126879134095009 0.03949154634086142 -0.0762098310682078 -0.1493139628732849 -0.023506637168141598 0.025065963060686015 -0.19042437431991294 0.20491207673303302 0.07300188797986154 -0.015961691939345574 -0.03007518796992481 -0.34249879401833094 -2.0939431396786152 -0.6453239223594656 -0.09076763485477177 -0.1390152007275562 -0.051655629139072845 0.013211978860833824 0.09113607990012484 -0.3463152985074626 -0.8907296039940995 -1.4066193853427897 -7.498788759689921 -1.7770077960648436 -0.4055415617128464 -0.7115021998742931 -0.5853532748839608 -0.15598885793871867 -0.11146110976496244 -1.0409138594241754 -5.237135404315864 -1.4148219441770933 -1.0007449714427614 -1.0551826994780016 -0.6746626686656672 -5.143625473658476 -3.7972116603295314 -0.5259515570934254 -0.12769250612666064 -0.41824644549763035 -1.1388623326959848 -0.6440004963394963 -0.24798512089274644 -0.3247232472324723 -0.45848511493530963 -1.0439424031777556 -1.3319458896982312 -0.12780898876404495 0.06385376236384124 -0.24178058976386846 -0.18045624787197823 -0.22149993980979898 -0.10284903652914057 -0.21232710507158456 -0.21337303064135962 0.12338062924120911 -0.22555459164704422 0.022251308900523556
0.09938650306748467 -0.05247878517195176 -0.0022792022792022778 -0.1665114112715417 -0.10700273451432649 -0.39637058261700103 -0.02717726991970352 -0.09090909090909091 -0.21791460788040035 0.013814062715844727 0.04611837048424289 -0.037667071688942885 -0.08574490889603432 0.035569728934134674 -0.27134263407141945 -0.34690799396681743 -0.18618777234913508 -0.029381706693919263 -0.26960145871320657 0.14344827586206899 0.176696542893726 -0.01706692673412166 -0.03092293054234062 0.004789272030651344 -0.06768837803320561 -0.1996393611540443 0.005337603416066187 0.010145846544071021 -0.10477453580901856 0.13468501086169443 0.10074916042366315 0.05729291000238721 -0.03848466626578473 0.0518326545723806 -0.08510097802616537 -0.1694915254237288 -0.012444690265486728 0.025065963060686015 -0.19314472252448311 0.20927190815288474 0.07300188797986155 0.006840725116862387 -0.0427993059572007 -0.2713458755426918 -1.5475896168108778 -0.5583564406352407 -0.07391078838174273 -0.1169286735091594 -0.07019867549668873 0.04403992953611274 0.09612983770287142 -0.2961753731343283 -0.5911721320776127 -1.400709219858156 -7.458817829457362 -1.680485088479149 -0.35516372795969775 -0.49780012570710247 -0.426766374419804 -0.12952646239554316 -0.10782650835958323 -0.9558223569180557 -4.834005216978895 -1.3606833493743984 -1.2105785944872112 -1.1098682575192642 -0.6534232883558221 -4.709693191541377 -3.4778200253485423 -0.4830449826989618 -0.14317038565716494 -0.4395734597156398 -1.2081739961759084 -0.6601315299664972 -0.2554246745195288 -0.41574415744157445 -0.5099861826403719 -1.1370407149950348 -1.4216961498439127 -0.1404494382022472 0.042569174909227486 -0.23726132640379616 -0.21563954148223813 -0.2227037438305044 -0.16313985104622297 -0.26813880126182965 -0.2468676342885498 0.1122763726095003 -0.25158012145247244 0.026178010471204195
0.09079754601226994 -0.051362215274676194 -0.011396011396011395 -0.1676758267349791 -0.12126976578290334 -0.43457497612225404 -0.03829524397776405 -0.07515151515151515 -0.2229823894590143 0.013814062715844727 0.03586984370996669 -0.04131227217496962 -0.090508514945814 0.038022813688212934 -0.2700627159861769 -0.37330316742081443 -0.18354681103921827 -0.017884517118037808 -0.26308934618390206 0.15172413793103448 0.16773367477592832 -0.002438132390588806 -0.03805899143672693 0.015565134099616861 -0.08939974457215835 -0.2176713034518289 -0.014678409394182015 0.022828154724159798 -0.13793103448275862 0.1448225923244026 0.09558253681219324 0.06684172833611841 -0.05171377029464823 0.05059854374922869 -0.10542359964435413 -0.2071563088512241 -0.022123893805309734 0.026385224274406333 -0.20402611534276388 0.20636535387298358 0.06796727501573316 0.012541329380914379 -0.05205320994794678 -0.20984081041968167 -1.0791100123609394 -0.5117217040584825 -0.05705394190871369 -0.12082629595946473 -0.07682119205298013 0.04403992953611274 0.09737827715355807 -0.2565298507462686 -0.37104277771473965 -1.3747044917257685 -7.045784883720931 -1.570350204182651 -0.3148614609571788 -0.3419233186675047 -0.335224342444559 -0.09749303621169916 -0.1054034407559971 -0.8625713952675136 -4.31705003557031 -1.304138594802695 -1.343431835112987 -1.1384538901317423 -0.6296851574212894 -4.204864930937537 -3.0836501901140685 -0.4429065743944636 -0.15993808848187796 -0.45616113744075826 -1.2380497131931167 -0.6650949249286513 -0.26038437693738375 -0.4797047970479705 -0.5476698907172466 -1.230139026812314 -1.4568158168574403 -0.15449438202247193 0.02128458745461374 -0.2372613264037962 -0.22358415616842583 -0.23353798001685325 -0.200969381723608 -0.32152390196554237 -0.2679568291775214 0.08883405305367058 -0.2738877184285537 0.01701570680628272
0.08957055214723926 -0.04689593568557392 -0.007977207977207976 -0.17000465766185374 -0.10105813815241946 -0.45367717287488063 -0.03582458307597282 -0.06787878787878789 -0.19764348156594452 0.002762812543168946 0.03715090955675121 -0.03523693803159174 -0.07026318923425035 0.040475898442291186 -0.25086394470753876 -0.3720462543991956 -0.17430344645450943 0.001277465508431269 -0.24746027611357121 0.15862068965517243 0.15620998719590268 0.004876264781177618 -0.05708848715509039 0.021551724137931036 -0.10344827586206898 -0.2215352910870685 -0.025353616226314386 0.026632847178186432 -0.14588859416445624 0.14627081824764662 0.09429088090932576 0.06684172833611841 -0.05171377029464823 0.04936443292607677 -0.09399212498412295 -0.2206080172181867 -0.019358407079646017 0.04353562005277045 -0.17410228509249182 0.2136317395727365 0.0616740088105727 0.035343746437122334 -0.07865818392134181 -0.15436565364206464 -0.7169344870210137 -0.46004537433829096 -0.06483402489626555 -0.10783422112511368 -0.09801324503311258 0.04257193188490899 0.0861423220973783 -0.23087686567164178 -0.2643821627141723 -1.3120567375886525 -6.475290697674419 -1.4230912015839625 -0.2909319899244332 -0.23255813953488375 -0.27075812274368233 -0.06824512534818941 -0.09934577174703174 -0.7716517076582352 -3.6767844439174775 -1.2235322425409048 -1.3943382170350134 -1.1235396470295798 -0.595952023988006 -3.6120278694536117 -2.6210392902408115 -0.39169550173010387 -0.16380755836450406 -0.4395734597156397 -1.2428298279158703 -0.6390371013773422 -0.26410415375077495 -0.5178351783517836 -0.5552066323326215 -1.2450347567030784 -1.4386056191467222 -0.16292134831460675 0.007512207336922494 -0.22935261552366965 -0.2088298717512201 -0.2227037438305044 -0.22343066556330538 -0.3360834748847367 -0.2791216970599181 0.0863664404688464 -0.27512702937166933 0.014397905759162305
0.07239263803680981 -0.03349709691826708 -0.014814814814814814 -0.16301816488122964 -0.09154678397336821 -0.48471824259789875 -0.032118591723285975 -0.046060606060606066 -0.19257569998733054 -0.004144218814753418 0.026902382782475014 -0.030376670716889424 -0.08574490889603432 0.03924935606525205 -0.2406246000255984 -0.38587229763700354 -0.18750825300409352 0.02043944813490036 -0.24876269861943215 0.16137931034482758 0.13444302176696543 0.007314397171766426 -0.071360608943863 0.03232758620689655 -0.10217113665389525 -0.25373518804739825 -0.02535361622631439 0.045656309448319596 -0.136604774535809 0.1491672700941347 0.07620769826918108 0.0692289329195512 -0.06734816596512327 0.05553498704183637 -0.09907278038867012 -0.2475114339521119 -0.022123893805309734 0.05936675461741425 -0.17002176278563658 0.21072518529283535 0.0604153555695406 0.06042640519895108 -0.08559861191440138 -0.10974433188615533 -0.42521631644004954 -0.42475422233425764 -0.06613070539419086 -0.09744056125763283 -0.10728476821192054 0.033763945977686435 0.06616729088639202 -0.19472947761194032 -0.23601497787359588 -1.2186761229314418 -5.801841085271318 -1.2882069050860043 -0.2619647355163728 -0.11816467630421117 -0.22434244455905109 -0.040389972144846784 -0.1005573055488248 -0.6690756498426389 -3.0175480199193743 -1.1333012512030798 -1.424137074745468 -1.121053939845886 -0.5584707646176911 -2.9971886077496634 -2.14702154626109 -0.3377162629757786 -0.17154649812975623 -0.4218009478672986 -1.2189292543021035 -0.6154609753071101 -0.26782393056416615 -0.5596555965559656 -0.574048486371059 -1.240069513406157 -1.4047866805411031 -0.16573033707865167 -0.01878051834230625 -0.22483335216359732 -0.22698899103393483 -0.21427711568556637 -0.2423454309019979 -0.3858286823586508 -0.2915271058181367 0.06292412091301666 -0.28875944974594125 0.002617801047120416
0.058895705521472407 -0.03461366681554265 -0.010256410256410255 -0.1665114112715417 -0.08203542979431697 -0.515759312320917 -0.045707226683137744 -0.029090909090909094 -0.20397820853921197 0.002762812543168947 0.02946451447604407 -0.03280680437424058 -0.07264499225914019 0.0367962713111738 -0.21758607449123252 -0.40849673202614384 -0.19543113693384392 0.04215636177823199 -0.26178692367804113 0.17241379310344826 0.12163892445582587 0.014628794343532855 -0.06541389153187441 0.032327586206896554 -0.10217113665389525 -0.2782071097372488 -0.0427008273285295 0.06467977171845277 -0.1472148541114058 0.1564083997103548 0.07233273056057866 0.0740033420864168 -0.06734816596512329 0.053066765395532525 -0.09653245268639653 -0.2797955340328222 -0.040099557522123894 0.07255936675461741 -0.18362350380848752 0.2136317395727365 0.05915670232850849 0.07752821799110707 -0.08675534991324466 -0.06271104679208876 -0.21260815822002468 -0.39828585833123265 -0.07261410788381742 -0.07405482655580095 -0.11788079470198673 0.05137991779213154 0.05368289637952559 -0.16091417910447764 -0.21218654260751166 -1.1099290780141842 -5.044815891472867 -1.1570350204182651 -0.2531486146095718 -0.03142677561282212 -0.21918514698298094 -0.011142061281337049 -0.09328810273806638 -0.5560088588413569 -2.309698838036519 -1.0069778633301252 -1.4079960268189717 -1.0837683320904798 -0.5122438780609695 -2.337122601149004 -1.6653992395437265 -0.26297577854671284 -0.18186508448342578 -0.4016587677725119 -1.1771032504780117 -0.5769946643504158 -0.2703037817730936 -0.6027060270602707 -0.5853535987941214 -1.1966236345580934 -1.3475546305931325 -0.14185393258426965 -0.02879679479153625 -0.20901593040334424 -0.22244921121325617 -0.19020103527145782 -0.263624541908027 -0.4198010191701044 -0.3126163007071083 0.05552128315854411 -0.3123063576651382 0.006544502617801047
0.049079754601227 -0.04242965609647163 -0.012535612535612533 -0.1734979040521658 -0.07133515634288431 -0.5647086914995225 -0.0506485484867202 -0.03151515151515152 -0.2103129355124794 0.0013814062715844736 0.016653856008198825 -0.031591737545565005 -0.07026318923425035 0.030663559425978166 -0.1907077947011391 -0.44620412267471093 -0.1809058497293015 0.06131834440470106 -0.24615785360771034 0.16551724137931034 0.11011523687580024 0.007314397171766426 -0.06541389153187441 0.021551724137931032 -0.10472541507024265 -0.32457496136012365 -0.05604483586869495 0.07736207989854153 -0.15251989389920423 0.16220130340333092 0.06329113924050632 0.0632609214609692 -0.06975345760673482 0.04442798963346909 -0.08891146957957577 -0.33898305084745767 -0.03456858407079646 0.07519788918205804 -0.1781828073993471 0.20345879959308238 0.05538074260541222 0.08322882225515905 -0.08559861191440138 -0.034973468403280264 -0.14833127317676142 -0.410889841189816 -0.07650414937759337 -0.0571651292711446 -0.12317880794701985 0.06459189665296536 0.034956304619225956 -0.14925373134328362 -0.21559060478838082 -0.9917257683215128 -4.192102713178294 -1.0605123128325702 -0.24433249370277074 -0.006285355122564432 -0.2178958225889634 0.01114206128133705 -0.08601889992730796 -0.44993588996386524 -1.7216030353331753 -0.890279114533205 -1.312391358331264 -1.0477255779269201 -0.46101949025487254 -1.744285539665078 -1.2953105196451205 -0.20346020761245676 -0.17412614471817361 -0.3590047393364929 -1.0420650095602297 -0.5124705298424123 -0.25914445133292 -0.6346863468634687 -0.5539505087300591 -1.0489076464746774 -1.2031737773152966 -0.10674157303370786 -0.04131714035307375 -0.20562648288329002 -0.22017932130291684 -0.19020103527145782 -0.26598888757536354 -0.47439941761708326 -0.3163379233345739 0.03701418877236275 -0.3135456686082537 0.013089005235602094
0.03680981595092024 -0.037963376507369355 -0.027350427350427347 -0.1525384257102934 -0.07490191416002853 -0.5491881566380135 -0.07288449660284127 -0.013333333333333332 -0.22424933485366777 0.013814062715844733 0.015372790161414301 -0.027946537059538274 -0.051208765035131595 0.04538206795044769 -0.1727889415077435 -0.4411764705882352 -0.17826488841938465 0.08175779253960143 -0.23313362854910138 0.17655172413793102 0.11011523687580027 0.017066926734121662 -0.05589914367269268 0.026340996168582376 -0.09961685823754787 -0.3297269448737764 -0.04536962903656258 0.09765377298668357 -0.143236074270557 0.18102824040550328 0.052957892017566524 0.0632609214609692 -0.08057726999398677 0.059237319511292116 -0.10288327194208051 -0.3483992467043315 -0.06637168141592921 0.08311345646437994 -0.2121871599564744 0.2092719081528847 0.05538074260541222 0.08322882225515905 -0.07403123192596876 -0.021707670043415336 -0.11866501854140914 -0.39954625661709103 -0.0803941908713693 -0.042873846953358455 -0.12317880794701988 0.06605989430416911 0.009987515605493125 -0.12126865671641793 -0.23261091569272668 -0.8569739952718678 -3.392684108527132 -0.9219156045043929 -0.2506297229219144 0.03142677561282212 -0.241103661681279 0.05153203342618384 -0.0884419675308941 -0.34735983214826904 -1.237846810528812 -0.7663618864292588 -1.1969207847032528 -0.9619686800894854 -0.4297851074462769 -1.2076763231878744 -1.0 -0.1342560553633218 -0.17154649812975623 -0.306872037914692 -0.8675908221797324 -0.4243702692641767 -0.2690638561686299 -0.6125461254612545 -0.5300841602813718 -0.8279543197616684 -1.0483870967741935 -0.06039325842696629 -0.03881307124076625 -0.190938876963055 -0.21904437634774715 -0.1649211508366438 -0.2671710604090318 -0.4877456927930114 -0.306413596327999 0.029611351017890187 -0.3172636014376007 0.031413612565445025
0.042944785276073615 -0.03238052702099151 -0.02051282051282051 -0.147880763856544 -0.06301272143621447 -0.5432187201528176 -0.07906114885731934 -0.012121212121212121 -0.21284682630178636 0.013814062715844733 0.014091724314629777 -0.019441069258809236 -0.03334524234845779 0.07359254262234761 -0.1625495968258031 -0.42106586224233283 -0.19146969496896868 0.11241696474195198 -0.224016671008075 0.20275862068965517 0.10883482714468631 0.0280385224917713 -0.0297335870599429 0.04909003831417624 -0.09067688378033205 -0.31169500257599175 -0.024019215372297835 0.1306277742549144 -0.12466843501326261 0.21288921071687184 0.04908292430896409 0.07161613750298401 -0.07215874924834638 0.07404664938911515 -0.09907278038867014 -0.35243475921442025 -0.08019911504424779 0.10026385224274406 -0.21898803046789989 0.2238046795523906 0.056639395846444306 0.08550906396077985 -0.037015615962984395 -0.0012059816690786298 -0.08158220024721878 -0.37181749432820765 -0.08428423236514523 -0.03637780953618293 -0.11125827814569536 0.07046388725778038 0.021223470661672912 -0.083955223880597 -0.20651310563939637 -0.718676122931442 -2.554505813953489 -0.7635193664150477 -0.21662468513853902 0.0678818353236958 -0.22305312016503356 0.10027855153203342 -0.06905742670220498 -0.25644014453899056 -0.7232629831633864 -0.6460538979788257 -1.0541345915073255 -0.8513547104151131 -0.3698150924537731 -0.7810781078107809 -0.6793409378960711 -0.08027681660899653 -0.1534889720108345 -0.24999999999999994 -0.6739961759082218 -0.34123340364809535 -0.2616243025418475 -0.5719557195571955 -0.49365657580705946 -0.5834160873882822 -0.8662851196670136 -0.012640449438202256 -0.02879679479153625 -0.17060219184272968 -0.20542503688571107 -0.12639942217407008 -0.2624423690743587 -0.45013346275175925 -0.29276764669395855 0.05058605798889574 -0.31106704672202257 0.06282722513089005
0.04907975460122699 -0.026797677534613668 -0.018233618233618236 -0.13972985561248252 -0.03447865889906075 -0.5217287488061128 -0.0592958616429895 0.0 -0.18497402761940956 0.02762812543168946 0.037150909556751224 -0.019441069258809233 0.0011909015124449197 0.07604562737642587 -0.11647254575707155 -0.41352438411261944 -0.1690215238346758 0.11880429228410831 -0.2031779109143006 0.2013793103448276 0.11651728553137004 0.04022918444471535 2.7755575615628915e-18 0.04669540229885057 -0.06130268199233716 -0.3052550231839258 -0.0013344008540165486 0.14204185161699429 -0.08620689655172416 0.20275162925416365 0.06199948333763885 0.08474576271186442 -0.05171377029464824 0.08268542515117858 -0.068588847961387 -0.3309120258272801 -0.06084070796460177 0.11477572559366753 -0.19722524483133844 0.23252434239209419 0.06670862177470108 0.09463003078326304 -0.012724117987275883 0.013265798359864934 -0.044499381953028425 -0.3516511217544744 -0.0700207468879668 -0.0285825646355723 -0.09006622516556291 0.07193188490898414 0.03870162297128589 -0.06063432835820896 -0.18608873255418135 -0.5874704491725768 -1.7611434108527135 -0.6496720702883307 -0.17884130982367757 0.0842237586423633 -0.18824136152656007 0.12534818941504178 -0.03755754785558517 -0.18883319734234755 -0.3924590941427555 -0.5498075072184793 -0.852992301961758 -0.7618692518021377 -0.30484757621189407 -0.4816037159271483 -0.4423320659062104 -0.04152249134948096 -0.11350444989036498 -0.19312796208530808 -0.4517208413001913 -0.2655416304752451 -0.2231866088034718 -0.5215252152521526 -0.42582590126868486 -0.3289473684210526 -0.6659729448491155 0.03370786516853932 -0.006260172780768755 -0.1536549542424585 -0.18159119282714792 -0.10473094980137236 -0.2222484927296371 -0.46226644018442126 -0.25431087954348097 0.054287476866132015 -0.2701697855992068 0.07198952879581152
0.03926380368098159 -0.025681107637338097 -0.013675213675213677 -0.13274336283185842 -0.027345143264772314 -0.5336676217765044 -0.05682520074119827 -0.0012121212121212113 -0.17483846446218168 0.037297969332780775 0.01921598770176787 -0.01701093560145808 -0.011909015124449206 0.08095179688458236 -0.11903238192755665 -0.43112116641528414 -0.18222633038425987 0.1162493612672458 -0.21489971346704867 0.20275862068965517 0.1024327784891165 0.04022918444471535 0.0059467174119885845 0.059865900383141754 -0.07279693486590039 -0.3323029366306028 -0.013344008540165467 0.14965123652504755 -0.08885941644562335 0.1998551774076756 0.05683285972616895 0.07997135354499882 -0.056524353577871334 0.08145131432802666 -0.068588847961387 -0.35243475921442025 -0.07051991150442478 0.12137203166226913 -0.2013057671381937 0.21799157099258828 0.04908747640025174 0.09577015163607344 -0.024291497975708502 0.021707670043415346 -0.04820766378244747 -0.380640282329216 -0.08817427385892117 -0.02728335715213719 -0.10066225165562914 0.0631238990017616 0.03620474406991261 -0.041977611940298504 -0.17587654601157382 -0.4527186761229314 -1.1119186046511629 -0.6014107164954832 -0.18261964735516373 0.09553739786297925 -0.1895306859205776 0.14206128133704737 -0.031499878846619825 -0.14220771651707653 -0.26559165283376807 -0.4475457170356112 -0.6431586789173082 -0.7121551081282623 -0.2748625687156422 -0.308030803080308 -0.32319391634980993 -0.009688581314878902 -0.10705533341932152 -0.15047393364928913 -0.34416826003824097 -0.20474004218885716 -0.22070675759454433 -0.5153751537515375 -0.3856299459866851 -0.14771598808341607 -0.5124869927159209 0.06601123595505617 -0.0037561036684612527 -0.1446164275223139 -0.16229712858926343 -0.08306247742867463 -0.21633762856129568 -0.4841057995632128 -0.2530703386676591 0.06292412091301665 -0.2639732308836287 0.08115183246073299
