-0.03815384615384616 -0.24229566770879857 -0.10520297312750142 -0.1980890235376369 -0.39241412213740456 -0.2648609779482263 -0.03599801390268124 0.08615459288921248 0.019127773527161437 0.0138217000691085 -0.26700898587933247 -0.8570386579139313 -0.48358208955223886 -0.3782592728608153 -1.32982140562765 -0.4703656998738966 -0.19654714475431606 -0.2400102132005617 -0.18727082242011522 -0.04544202698980997 -0.260523613963039 -0.6375716201389736 -0.4056311142925316 -0.2980608091932009 -0.16553317079430258 -0.3433144037170883 -0.2839158966117584 -0.7562705852546238 -0.3560474729963995 -0.09689081706435285 0.024640124497471143 -0.28418549346016647 -0.06519377037305325 -0.1429275505174963 -0.007630675314765351 -0.19908528383104654 -0.11671529804085035 -0.260375363468147 -0.14639485565740867 -0.05657093124456049 0.06571464678377355 -0.1630372819518869 0.02206736353077816 -0.10719017222690592 -0.031036623215394167 -0.024026302478502785 0.010423452768729649 -0.0937744204219849 -0.06646284726837698 0.04699662211778528 0.07386079118678016 -0.12465051258154705 0.01252847380410023 -0.1782973196363207 0.08771929824561404 -0.17693640188072257 0.03162955465587046 -0.0075272864132480246 0.11008936666234945 0.015292645627693594 -0.004857316332726166 -0.10950605778191984 -0.022578728461081405 -0.10350222650138403 0.03238261302777431 -0.14184397163120566 0.006267234895963895 0.039086356418712595 0.03433367243133266 -0.0414765657403567 0.06469142191745376 -0.08880994671403197 0.020393474088291747 -0.052089792881061636 0.0323423311357134 -0.0209385392289691 0.09094353921940128 0.27791563275434245 -0.0039246467817896395 0.10942760942760943 0.018818216033120058 -0.23155992318987914 -0.03757258339974952 -0.1599134303234339 3.469446951953614e-18 -0.1637951953409367 -0.028660436137071654 -0.05422726152329307 0.007477567298105679 0.09943739369357582
-0.060307692307692305 -0.26127735596248325 -0.1269296740994854 -0.2528548123980424 -0.6345419847328244 -0.3775167785234899 -0.045928500496524326 0.058245358572988716 0.012751849018107626 -0.006910850034554253 -0.3555840821566111 -1.5463165572574762 -0.6853731343283582 -0.49088015668992535 -2.387254272131569 -0.8575031525851198 -0.24302788844621515 -0.2629899144644453 -0.23441592456783655 -0.09501514734232994 -0.36832648870636553 -1.0593685237108375 -0.6323073252207111 -0.374670816375389 -0.22712690876427563 -0.34589571502323185 -0.4017677782241864 -1.6949581960983024 -0.6400853447126285 -0.1200289226319595 -0.027233821812994424 -0.31985731272294887 -0.1267656646142702 -0.17865943814687038 -0.030522701259061424 -0.2017756255044391 -0.17507294706127552 -0.42294475284166005 -0.23258995758653717 -0.06962576153176675 0.027802350562365723 -0.19040018241933646 -0.02322880371660859 -0.13850415512465372 -0.05710738671632527 -0.04046535154274153 -0.01954397394136807 -0.11852044803334202 -0.1076698125747707 0.0455279776766045 0.041311967951927896 -0.1293103448275862 -0.01366742596810934 -0.18656275829495808 0.06335282651072124 -0.18436030685473892 0.00126518218623482 -0.015054572826496046 0.07771014117342313 0.0013902405116085065 -0.020643594414086218 -0.11183597390493942 -0.0344622697563874 -0.13118305451919604 0.013700336280981443 -0.15677491601343782 -0.012534469791927804 0.018321729571271532 0.015259409969481177 -0.0649799529932255 0.04657782378056671 -0.10657193605683837 0.0011996161228406909 -0.08061515564926207 0.019902973006592856 -0.05049882990516075 0.08462801566249842 0.24441687344913152 -0.018315018315018316 0.08698092031425363 -0.0025090954710826744 -0.23946684739636276 -0.058066719799612886 -0.1791511362270049 -0.01779148380974973 -0.18320795923319583 -0.05607476635514019 -0.07394626571358145 -0.014955134596211367 0.08766191286144184
-0.07999999999999999 -0.2891916033943725 -0.14179531160663236 -0.30179445350734097 -0.8874045801526718 -0.4961649089165868 -0.08068520357497518 0.01698822958378838 -0.006375924509053813 -0.029025570145127848 -0.43645699614890887 -2.1796742037442254 -0.8859701492537313 -0.6096217407271391 -3.440832583836567 -1.205548549810845 -0.28419654714475434 -0.27192646495595557 -0.27239392352016767 -0.11567061415587991 -0.45687885010266943 -1.582347921492137 -0.8828441899308042 -0.4476897294709121 -0.324650327216733 -0.361383582860093 -0.49149591536092146 -2.531036230048138 -0.9121216162154955 -0.15328994938539406 -0.06224873557255869 -0.3864447086801427 -0.18471568272365085 -0.23164120256283885 -0.049599389545974815 -0.23271455474845304 -0.25010421008753647 -0.6172349986782977 -0.350253112600903 -0.09138381201044388 0.022747377732844687 -0.2075019952114924 -0.04413472706155633 -0.1481392267854992 -0.07697082557417753 -0.03034901365705615 -0.0534201954397394 -0.11200833550403752 -0.14090123620895917 0.05580848876487003 0.026289434151226847 -0.13513513513513511 -0.02505694760820045 -0.18774353524619197 0.041423001949317736 -0.19054689433308586 -0.03542510121457489 -0.007527286413248022 0.04274057764538273 0.004170721534825526 -0.032786885245901634 -0.10601118359739051 -0.05466428995840761 -0.12757251173426404 0.0 -0.170461615030484 -0.043870644271747306 0.021986075485525832 -0.019074262461851475 -0.0718927139499516 0.04916548065726486 -0.10775606867969212 0.0023992322456813818 -0.09797841994294927 6.938893903907229e-19 -0.055425545017859346 0.06441834028040924 0.24317617866004962 -0.03924646781789639 0.08136924803591469 -0.005018190942165349 -0.2530215746074777 -0.058066719799612886 -0.20079355536852228 -0.02134978057169968 -0.2099005095850522 -0.07601246105919003 -0.0813408922849396 -0.03988035892323031 0.06280256443804788
-0.09476923076923076 -0.29254131308619924 -0.1566609491137793 -0.328594733162433 -1.0698950381679388 -0.5548897411313519 -0.10178748758689175 0.006067224851352991 -0.011476664116296862 -0.030407740152038697 -0.4955070603337612 -2.7157792365669824 -1.0567164179104478 -0.7283633247643531 -4.505974559938327 -1.5762925598991173 -0.33864541832669326 -0.30511936678156515 -0.29465688842325827 -0.16937482787110988 -0.5402977412731007 -2.1809094233816895 -1.134574087329993 -0.5242997366531003 -0.41575773129731813 -0.371708828084667 -0.5731886969331726 -3.316442868001014 -1.1708227763701828 -0.19956616052060736 -0.0855920114122682 -0.4340071343638526 -0.2293854883496318 -0.27230162641695416 -0.04451227266946458 -0.2179176755447942 -0.29734611643740444 -0.8710018503832938 -0.42960733342454505 -0.10298810559907165 0.013901175281182862 -0.23714513738456272 -0.061556329849012784 -0.17343128989521855 -0.08566108007448792 -0.06069802731411229 -0.08729641693811074 -0.14066163063297735 -0.16881563206167752 0.022029666617711854 0.021281922884326496 -0.1374650512581547 -0.03758542141230069 -0.2101782973196363 0.03167641325536063 -0.1979707993071022 -0.05313765182186234 -0.010036381884330698 0.02978888744981221 -0.011121924092868059 -0.051001821493624776 -0.114165890027959 -0.06535947712418301 -0.14682873992056805 -0.006227425582264294 -0.1629961428393679 -0.05765856104286789 0.03542201050445829 -0.0292472024415056 -0.08018802709802295 0.04010868158882134 -0.10538780343398461 -0.0047984644913627635 -0.1066600520897929 -0.00746361487747232 -0.07390072669047912 0.0429455601869395 0.24069478908188585 -0.04578754578754579 0.07154882154882154 -0.007527286413248025 -0.24737377160284652 -0.06603666173289309 -0.2019959119874955 -0.015419285968449766 -0.2001941276389226 -0.08971962616822429 -0.06901651466600937 -0.0448654037886341 0.05102708360591389
-0.11815384615384614 -0.2936578829834747 -0.17381360777587193 -0.35772547191796783 -1.1975190839694654 -0.6267976989453501 -0.12164846077457794 -0.01941511952432957 -0.02932925274164754 -0.02626123013130615 -0.5558408215661104 -3.1424750790177485 -1.204776119402985 -0.8226221079691516 -5.58268020043685 -1.9129886506935687 -0.3930942895086321 -0.30384271671134944 -0.3313253012048193 -0.1831451390801432 -0.6250000000000001 -2.887967816652444 -1.4280601288475305 -0.6200622456308355 -0.5415116129860131 -0.4297883324728963 -0.6481853488683541 -4.061312389156322 -1.4321909587945059 -0.24005784526391905 -0.1361691090649721 -0.48870392390011885 -0.28612821441506703 -0.31419418432725477 -0.038153376573826774 -0.2407855797686306 -0.35292482979019035 -1.2344699973565953 -0.5568477219865919 -0.11314186248912098 -0.00505497282952104 -0.2542469501767187 -0.08013937282229965 -0.18427074551366973 -0.09062693978895096 -0.07081436519979767 -0.11986970684039089 -0.13935920812711644 -0.20736408347733618 0.023498311058892638 0.010015022533800702 -0.1537744641192917 -0.04441913439635535 -0.22434762073444325 0.03045808966861599 -0.21776787923781243 -0.06578947368421054 -0.012545477355413373 0.010361352156456425 -0.02085360767412762 -0.07893139040680025 -0.12698042870456666 -0.0867498514557338 -0.16728848236851607 -0.02241873209615145 -0.17419435112604204 -0.06643268989721736 0.041529253694882126 -0.04832146490335707 -0.08018802709802295 0.02199508345193427 -0.0994671403197158 -0.014395393474088292 -0.1165819174004713 -0.016171165567856697 -0.08498583569405099 0.017683465959328026 0.24317617866004962 -0.06279434850863422 0.0659371492704826 -0.025090954710826747 -0.24850333220377271 -0.07742229306615052 -0.211614764939281 -0.02134978057169968 -0.22809997573404517 -0.10093457943925233 -0.07271382795168845 -0.05483549351944168 0.04186837629203192
-0.12923076923076923 -0.29254131308619924 -0.18067467124070896 -0.39035189932416686 -1.2690839694656488 -0.6723394055608821 -0.12909632571996027 -0.05460502366217692 -0.022953328232593724 -0.03731859018659295 -0.6097560975609756 -3.484074884512521 -1.3253731343283581 -0.9303464316317787 -6.64653732493897 -2.210592686002522 -0.4329349269588313 -0.32682241797523304 -0.33001571503404925 -0.20930873037730655 -0.7122689938398358 -3.6779227112032187 -1.7537580529706513 -0.7074455350730189 -0.7391248556396766 -0.48012390294269497 -0.71112896745681 -4.69850519381809 -1.6802240298706497 -0.2762111352133044 -0.18026196342886786 -0.5624256837098691 -0.34649281661233855 -0.35485460818137016 -0.01653312984865827 -0.23271455474845304 -0.39877726830623866 -1.6666666666666667 -0.6895608154330278 -0.12329561937917029 -0.013901175281182865 -0.2884505757610306 -0.09639953542392567 -0.2107671925809948 -0.09931719428926133 -0.08978249873545777 -0.1511400651465798 -0.16410523573847355 -0.24059550711152466 1.3877787807814458e-18 0.002503755633450174 -0.18639328984156572 -0.05125284738041003 -0.2373361671980163 0.02192982456140351 -0.24870081662954716 -0.07338056680161945 -0.03136369338853343 -0.018132366273798727 -0.05282913944112331 -0.08986035215543413 -0.1549394221808015 -0.0986333927510398 -0.2021903959561921 -0.02615518744551003 -0.2053004852556924 -0.0689395838556029 0.021986075485525832 -0.04959308240081384 -0.09816120558551084 0.0077629706300944455 -0.12196566015393724 -0.028790786948176585 -0.1364256480218281 -0.018659037193680804 -0.08375415691587633 0.0025262094227611444 0.23325062034739452 -0.06933542647828361 0.043490460157126834 -0.02383640697528541 -0.2586693776121089 -0.0876693612660822 -0.20680533846338825 -0.017791483809749733 -0.23173986896384374 -0.09221183800623053 -0.06655163914222331 -0.049850448654037885 0.028784508700771955
-0.13415384615384615 -0.282492184010719 -0.19897084048027444 -0.39384758797483105 -1.3239503816793896 -0.6879194630872484 -0.1452333664349553 -0.07644703312704768 -0.03698036215251212 -0.030407740152038697 -0.6431322207958923 -3.701677607585703 -1.4101492537313434 -1.0319500550863019 -7.620454837466274 -2.5283732660781846 -0.45949535192563074 -0.3753351206434317 -0.33656364588789944 -0.25199669512530987 -0.7969712525667352 -4.519078385956357 -2.087807205917442 -0.7888436677040938 -0.9970486333889388 -0.5291688177594218 -0.7580018749162984 -5.243222700785407 -1.9149219895986132 -0.3051337671728127 -0.22176112047724034 -0.6563614744351961 -0.4177230472051189 -0.39674716609167077 -0.007630675314765356 -0.22464352972827553 -0.4585243851604835 -2.172878667724029 -0.8728964290600629 -0.1450536698578474 -0.02274737773284468 -0.32379432219815296 -0.11614401858304298 -0.24569432735155966 -0.10924891371818748 -0.13530601922104196 -0.1798045602605863 -0.2070851784318833 -0.2791439585271834 -0.0293728888236158 -0.011266900350525789 -0.19687791239515376 -0.06264236902050115 -0.2385169441492502 0.014619883040935672 -0.2623113090819104 -0.09109311740890688 -0.03763643206624012 -0.05180676078228208 -0.06812178506881691 -0.10564663023679417 -0.1654240447343896 -0.11289364230540702 -0.1961728246479721 -0.04234649395939719 -0.19161378623864622 -0.08398094760591626 0.01832172957127153 -0.06993896236012208 -0.10783907092492742 -0.011644455945141675 -0.13025458851391356 -0.052783109404990404 -0.15750961180701972 -0.027366587884065187 -0.12809459293016384 -0.02147278009346975 0.19851116625310175 -0.08110936682365252 0.01122334455667789 -0.03638188433069879 -0.2643171806167401 -0.10019355573266538 -0.20680533846338828 -0.011860989206499818 -0.24265954865323952 -0.08473520249221184 -0.06655163914222331 -0.052342971086739784 0.015700641109511977
-0.13538461538461538 -0.2713264850379633 -0.19897084048027444 -0.39850850617571665 -1.3334923664122138 -0.6855225311601152 -0.14771598808341607 -0.09100837277029487 -0.04463147156337669 -0.023496890117484452 -0.6469833119383825 -3.7442256260636997 -1.4244776119402984 -1.0907087770840986 -8.33997173326481 -2.75031525851198 -0.47808764940239035 -0.3804417209242946 -0.3431115767417496 -0.2657670063343432 -0.8752566735112935 -5.388272583201268 -2.442137914578859 -0.8774239885084988 -1.512896188887463 -0.6104801239029427 -0.8035355564483728 -5.591588548264505 -2.0642752366982267 -0.32104121475054226 -0.28530670470756064 -0.7990487514863258 -0.5469032959072799 -0.4435682602267127 -0.015261350629530704 -0.23405972558514931 -0.5224399055161872 -2.8059740946338882 -1.1684224928170748 -0.1740644038294169 -0.03917603942878807 -0.3408961349903089 -0.13937282229965156 -0.26376008671564494 -0.11793916821849784 -0.15933232169954475 -0.21889250814332248 -0.23964574107840586 -0.34028977801409016 -0.04552797767660449 -0.031296945418127185 -0.20503261882572227 -0.08428246013667426 -0.24678238280788758 -0.010964912280701756 -0.28210838901262064 -0.11260121457489877 -0.05520010036381884 -0.07382463411475197 -0.1014875573474211 -0.12143290831815423 -0.16542404473438954 -0.12358882947118241 -0.1973763389096161 -0.04857391954166148 -0.18663680477790218 -0.10027575833542242 0.02565042139978014 -0.07756866734486267 -0.09677865339416561 -0.029758054082028723 -0.12078152753108348 -0.065978886756238 -0.15874984497085454 -0.02985445950988929 -0.1441064170464343 -0.037893141341417205 0.18734491315136476 -0.09942438513867084 0.0014029180695847372 -0.05645464809936018 -0.2620580594148876 -0.1115791870659228 -0.21401947817722738 -0.026094176254299606 -0.24265954865323952 -0.10342679127725855 -0.05792457480897215 -0.0635593220338983 0.01046709407300798
-0.11323076923076922 -0.25569450647610537 -0.1738136077758719 -0.3891866697739455 -1.3227576335877864 -0.6795302013422819 -0.15888778550148958 -0.10071593253245967 -0.049732211170619746 -0.006910850034554249 -0.6046213093709886 -3.757597860442498 -1.395820895522388 -1.1445709389154122 -8.911730695104715 -2.9407313997477935 -0.45816733067729076 -0.38937827141580494 -0.3143006809848088 -0.26989809969705314 -0.9111909650924025 -6.2123613312202846 -2.7439751849200666 -0.9743835288484558 -2.0877710766072117 -0.6995353639648941 -0.8222847194321682 -5.870281226247783 -2.142952393652487 -0.3297180043383948 -0.3151342238360783 -0.9976218787158142 -0.6688397923457684 -0.4940857565303105 -0.006358896095637797 -0.23944040893193436 -0.5655134083645963 -3.4906159132963253 -1.4776303187850597 -0.19872352770525095 -0.04423101225830911 -0.3659787937521377 -0.16492450638792103 -0.2938696856557871 -0.1229050279329609 -0.20106221547799694 -0.2423452768729642 -0.2865329512893983 -0.3801674863751163 -0.06608899985313556 -0.028793189784677015 -0.20503261882572227 -0.09908883826879271 -0.2526862675640571 -0.020711500974658868 -0.29200692897797575 -0.12525303643724697 -0.06147283904152553 -0.07511980313430902 -0.10982900041707215 -0.1117182756527019 -0.16076421248835043 -0.11883541295306002 -0.18895173907810808 -0.05604683024037863 -0.1903695408734602 -0.11155678114815744 0.039086356418712595 -0.08901322482197357 -0.08571823586340382 -0.02975805408202873 -0.12433392539964476 -0.07677543186180422 -0.15999007813468932 -0.03358626694862545 -0.1539598472718315 -0.045471769609700646 0.184863523573201 -0.10465724751439036 -0.0056116722783389455 -0.04767281395057082 -0.26092849881396135 -0.11044062393259706 -0.21642419141517374 -0.027280275174949593 -0.23659305993690852 -0.10965732087227413 -0.036973132856790734 -0.05857427716849452 0.013083867591259976
-0.10338461538461538 -0.24452880750334974 -0.17724413950829043 -0.3821952924726172 -1.2571564885496187 -0.6735378715244489 -0.15019860973187688 -0.12377138696760101 -0.06503442999234889 -0.008293020041465097 -0.5519897304236201 -3.7138341842937015 -1.3241791044776121 -1.1666054596645858 -9.285622510600025 -3.0567465321563683 -0.43559096945551123 -0.3791650708540789 -0.286799371398638 -0.26852106857614977 -0.9330082135523613 -6.947458246982812 -2.99451204963016 -1.0952836964328465 -2.719106890799435 -0.8053691275167786 -0.8115709120128566 -6.02482898403851 -2.1656220829443926 -0.32393347794649313 -0.35793022954221243 -1.2378121284185493 -0.8680429795967644 -0.5458353868900937 -0.006358896095637801 -0.24751143395211198 -0.6169237182159233 -4.187153053132436 -1.7936790258585305 -0.21903104148534958 -0.058132187539491974 -0.3853608482499145 -0.18931475029036002 -0.3107310610622666 -0.12538795779019246 -0.21244309559939306 -0.272312703583062 -0.31909351393592084 -0.43865479197128804 -0.06608899985313556 -0.03505257886830245 -0.2131873252562908 -0.11389521640091116 -0.268036367930098 -0.03654970760233918 -0.28087107151695123 -0.14043522267206476 -0.04641826621502948 -0.10879419764279238 -0.09870707632420408 -0.11657559198542804 -0.16775396085740912 -0.1354723707664884 -0.1937657961246841 -0.0722381367542658 -0.20032350379494832 -0.1278515918776636 0.047636496885305975 -0.1017293997965412 -0.08295313148071339 -0.04269633846551948 -0.1267021906453523 -0.09596928982725528 -0.17611310926454174 -0.027366587884065187 -0.1305579504865131 -0.05810281672350638 0.09429280397022333 -0.11904761904761904 -0.0014029180695847396 -0.04641826621502948 -0.19541398396023946 -0.10816349766594557 -0.21281712155825416 -0.026094176254299606 -0.21475370055811696 -0.11962616822429906 0.007394626571358154 -0.07477567298105683 0.018317414627763966
-0.09230769230769233 -0.1864671728450201 -0.16009148084619781 -0.3390817991144256 -1.020992366412214 -0.5429050814956856 -0.13654419066534262 -0.22934109938114305 -0.07651109410864575 0.009675190048375956 -0.46983311938382555 -3.0938487721857526 -1.1223880597014926 -1.1262088382911006 -8.862906334318385 -2.935687263556116 -0.39575033200531207 -0.2872462657985446 -0.24620220010476687 -0.26576700633434314 -0.9163244353182751 -7.287577715469949 -3.1150083512288234 -1.1778788604261432 -3.4607981521878606 -0.8711925658234383 -0.7754118119726796 -5.680263491259184 -2.001600213361782 -0.31381055676066527 -0.3747892620931137 -1.4625445897740785 -1.0901847156827236 -0.5630852636766881 -0.06613251939463309 -0.21926284638149043 -0.6447130748923163 -4.8149616706317735 -2.071418798741278 -0.23788801856686978 -0.06824213319853405 -0.3192338387869114 -0.2148664343786295 -0.3023003733590269 -0.1378026070763501 -0.20232675771370762 -0.30097719869706846 -0.2722063037249284 -0.5104346670211353 -0.07490086650022029 -0.03755633450175262 -0.18289841565703632 -0.13211845102505695 -0.2633132601251623 -0.046296296296296294 -0.28087107151695123 -0.15561740890688255 -0.07150922092585622 -0.13469757803393342 -0.09453635478937857 -0.11293260473588343 -0.13746505125815472 -0.14022578728461083 -0.18052713924660008 -0.08220201768588867 -0.1953465223342043 -0.12534469791927805 0.01465738365701722 -0.09537131230925738 -0.09677865339416561 -0.03752102471212318 -0.11012433392539966 -0.08637236084452975 -0.1699119434453677 -0.013683293942032593 -0.09976598103214679 -0.05810281672350638 0.009925558312655083 -0.12689691261119834 0.004208754208754205 -0.048927361686112156 -0.12086298429910765 -0.11727200273255152 -0.20921005170133458 -0.035582967619499466 -0.1892744479495268 -0.12710280373831775 0.04806507271382795 -0.0822532402791625 0.020934188146015963
-0.0713846153846154 -0.15743635551585528 -0.15094339622641512 -0.28664646935446286 -0.7907919847328244 -0.4446308724832215 -0.12413108242303875 -0.22327387452979006 -0.06885998469778118 0.038700760193503804 -0.39024390243902435 -2.414296134208607 -0.9325373134328361 -1.0747949565430284 -8.279583708081717 -2.6670870113493064 -0.3718459495351925 -0.29618281629005494 -0.21346254583551594 -0.21757091710272652 -0.8662731006160165 -7.455808850420577 -3.1686948222381295 -1.2616710557816613 -4.19479019633004 -1.0260712441920496 -0.7164858711664657 -4.830250823410185 -1.805574076543539 -0.29211858279103403 -0.38257035403968354 -1.837098692033294 -1.3026681154171194 -0.5975850172498769 -0.0813938700241638 -0.24213075060532688 -0.646102542726136 -5.496960084588951 -2.347790395402928 -0.22773426167682045 -0.07456084923543535 -0.33519553072625696 -0.23228803716608595 -0.31795736480790077 -0.15021725636250777 -0.22129489124936774 -0.329641693811075 -0.369887991664496 -0.5742390003987771 -0.08371273314730503 -0.03254882323485228 -0.19687791239515376 -0.1366742596810934 -0.28102491439367105 -0.051169590643274844 -0.30438010393466963 -0.16320850202429146 -0.07652741186802156 -0.14764926822950397 -0.09175587376616154 -0.10564663023679417 -0.13397017707362532 -0.1414141414141414 -0.17210253941509207 -0.07348362187071865 -0.2028119945253204 -0.11531712208573577 0.030536215952119212 -0.08265513733468972 -0.07742292271533249 -0.028464225643679647 -0.09828300769686205 -0.09237044145873319 -0.1649510107900285 -0.008707550690384374 -0.09360758714127354 -0.05683971201212581 0.033498759305210915 -0.12297226582940868 0.01964085297418631 -0.04140007527286413 -0.11634474189540267 -0.09905499259933963 -0.22363833112901282 -0.03202467085754952 -0.20747391409851973 -0.11090342679127725 0.06778407690411634 -0.07352941176470587 0.03663482925552794
-0.04800000000000001 -0.13063867798124162 -0.13607775871926814 -0.24935912374737823 -0.5415076335877861 -0.3427612655800575 -0.09558093346573983 -0.19293775027302512 -0.05228258097424128 0.06634416033172079 -0.30166880616174574 -1.7906637490882567 -0.7414925373134329 -1.0037948341290244 -7.588333547475267 -2.399747793190416 -0.3346613545816733 -0.31022596706242817 -0.1715557883708748 -0.1914073258055632 -0.8187885010266941 -7.391198342069975 -3.14364113576712 -1.3418721570505148 -4.9544462979597075 -1.169334021683015 -0.6602383822150796 -4.041043830757538 -1.585544739298573 -0.28054953000723065 -0.4098041758526779 -2.293697978596908 -1.5586140287335504 -0.6246919664859536 -0.11191657128322523 -0.2623083131557708 -0.6391552035570377 -6.159132963256674 -2.5926939389793406 -0.22483318827966348 -0.092253254138759 -0.3636985520465169 -0.26016260162601623 -0.34324942791762014 -0.15518311607697083 -0.24911482043500258 -0.3348534201954398 -0.553529564990883 -0.6539944171208295 -0.10721104420619769 -0.03380070105157737 -0.1922180801491146 -0.14009111617312076 -0.2904711300035423 -0.04995126705653021 -0.30066815144766146 -0.1632085020242915 -0.07150922092585622 -0.15930578940551743 -0.087585152231336 -0.09836065573770492 -0.12465051258154705 -0.1354723707664884 -0.17571308220002407 -0.07099265163781293 -0.19534652233420427 -0.09526197041865128 0.041529253694882126 -0.07121057985757884 -0.056684639845154136 -0.03363953939707595 -0.10065127294256956 -0.10916506717850286 -0.15254867915168052 0.003731807438736161 -0.07390072669047912 -0.04420866489832007 0.05459057071960298 -0.11904761904761904 0.035072951739618406 -0.04140007527286413 -0.09601265107873037 -0.09222361379938518 -0.2260430443669592 -0.04269956114339936 -0.20383402086872118 -0.11090342679127725 0.07764357899926053 -0.07103688933200399 0.04841031008766192
-0.03323076923076923 -0.13398838767306834 -0.12235563178959405 -0.22255884409228618 -0.36617366412213737 -0.29242569511025884 -0.08192651439920556 -0.1905108603324839 -0.048457026268808975 0.0718728403593642 -0.23491655969191266 -1.264283977631899 -0.5791044776119402 -0.9266740115069163 -6.746755749710909 -2.133669609079445 -0.29880478087649404 -0.3229924677645857 -0.13881613410162388 -0.15973561002478653 -0.7597535934291579 -7.1498232354016835 -3.0625149129086138 -1.4280584151304763 -5.784678557679969 -1.3190500774393392 -0.6039908932636935 -3.293640739802382 -1.3415122016268834 -0.2660882140274765 -0.4422253922967189 -2.8668252080856123 -1.8785464203790894 -0.6702809265648102 -0.1666030777057103 -0.3268765133171913 -0.6558288175628734 -6.719534760771873 -2.841702011219045 -0.2393385552654482 -0.1175281182863642 -0.412723748717364 -0.29732868757258996 -0.3697458749849452 -0.16759776536312848 -0.28072837632776937 -0.36221498371335514 -0.8101067986454806 -0.7669812574770705 -0.11455426641210162 -0.03254882323485228 -0.21202236719478096 -0.14692482915717542 -0.28929035305230844 -0.05847953216374269 -0.2994308339519921 -0.1796558704453441 -0.06900012545477355 -0.1813236627379873 -0.07368274711525094 -0.08257437765634487 -0.13164026095060574 -0.1295306001188354 -0.18052713924660008 -0.06725619628845436 -0.21401020281199448 -0.10278265229380798 0.035422010504458284 -0.06739572736520855 -0.045624222314392365 -0.029758054082028723 -0.12670219064535226 -0.10796545105566217 -0.1612303112985241 0.008707550690384374 -0.0923759083630989 -0.03663003663003663 0.05210918114143921 -0.10858189429618001 0.02665544332210999 -0.037636432066240115 -0.10053089348243534 -0.08539223499943072 -0.22965011422387885 -0.04625785790534931 -0.21718029604464933 -0.11090342679127725 0.07517870347547448 -0.058574277168494525 0.0601857909197959
-0.025846153846153852 -0.14403751674854845 -0.10863350485991996 -0.20274994173852248 -0.26001908396946566 -0.2372962607861937 -0.07199602780536248 -0.18201674554058972 -0.03442999234889059 0.0746371803731859 -0.17843388960205392 -0.8315098468271334 -0.4286567164179105 -0.8544497490512916 -5.816523191571372 -1.8625472887767973 -0.2656042496679946 -0.3536320694497638 -0.10869565217391304 -0.15285045442026987 -0.7020020533880904 -6.668292088260392 -2.885946074922453 -1.480727795068231 -6.617477223148979 -1.4081053175012908 -0.5544395339493773 -2.5779072713453255 -1.088145086011468 -0.24439624005784527 -0.4694592141097134 -3.5374554102259212 -2.2491850778703366 -0.7158698866436668 -0.26834541523591504 -0.35108958837772397 -0.6780603029039878 -7.102828443034627 -3.0168285675194966 -0.2451407020597621 -0.121319347908505 -0.45376809941853835 -0.3321718931475029 -0.3914247862218475 -0.16883923029174425 -0.31487101669195755 -0.38827361563517926 -1.1721802552748113 -0.8959191811777216 -0.1483330885592598 -0.046319479218828244 -0.21668219944082012 -0.1548974943052392 -0.28102491439367105 -0.06944444444444445 -0.2944815639693145 -0.19483805668016196 -0.08280015054572826 -0.19038984587488667 -0.08758515223133602 -0.07407407407407408 -0.13280521901211556 -0.12121212121212122 -0.17571308220002407 -0.07099265163781293 -0.20405623989050636 -0.11030333416896465 0.02565042139978014 -0.06739572736520855 -0.04009401354901147 -0.03234571095872687 -0.14564831261101244 -0.11636276391554704 -0.17239240977303735 0.002487871625824105 -0.11454612637024267 -0.030314513073133764 0.042183622828784115 -0.09942438513867083 0.008417508417508419 -0.042654623008405466 -0.0994013328815091 -0.06148240919959012 -0.23085247084285201 -0.04625785790534931 -0.214753700558117 -0.1146417445482866 0.0764111412373675 -0.05732801595214356 0.0614941776789219
-0.016000000000000004 -0.14850379633765076 -0.12464265294453973 -0.18643672803542297 -0.2206583969465649 -0.1989453499520614 -0.08937437934458789 -0.16381507098653075 -0.049732211170619746 0.08707671043538355 -0.12195121951219515 -0.49112569900316067 -0.3068656716417911 -0.774880646345942 -4.852884491841192 -1.621689785624212 -0.247011952191235 -0.3625686199412741 -0.10869565217391304 -0.13632608096942989 -0.6275667351129363 -6.102645373643789 -2.646146504414221 -1.5286090495570985 -7.355318875914281 -1.4790913784202377 -0.5022097227802332 -1.9495819609830245 -0.8374449926656885 -0.2183658712942878 -0.5057709765270394 -4.184304399524375 -2.668115417119401 -0.760226712666338 -0.43749205137988045 -0.3860640301318267 -0.7114075309156592 -7.405498281786942 -3.1385962511971544 -0.24078909196402667 -0.13269303677492733 -0.4936723292669023 -0.39256678281068524 -0.4034686257979043 -0.17877094972067037 -0.343955488113303 -0.42345276872964177 -1.5134149518103672 -1.062076299348664 -0.16889411073579086 -0.04882323485227842 -0.21551724137931033 -0.173120728929385 -0.28456724524737276 -0.07188109161793373 -0.28582034149962876 -0.2074898785425101 -0.09158198469451762 -0.20334153607045719 -0.07924370916168497 -0.06557377049180328 -0.11649580615097857 -0.11764705882352941 -0.17330605367673607 -0.07099265163781293 -0.19285803160383225 -0.12033091000250691 0.021986075485525832 -0.07375381485249237 -0.0414765657403567 -0.03493336783542502 -0.1349911190053286 -0.12356046065259116 -0.16495101079002855 -0.019902973006592863 -0.12070452026111589 -0.05052418845522294 0.04218362282878412 -0.11512297226582939 0.0028058361391694736 -0.037636432066240115 -0.08358748446854172 -0.05009677786633269 -0.23325718408079837 -0.04269956114339936 -0.214753700558117 -0.11588785046728971 0.06162188809465121 -0.05732801595214356 0.0628025644380479
0.006153846153846154 -0.1473872264403752 -0.09491137793024587 -0.17478443253320902 -0.1610209923664122 -0.18096836049856188 -0.07447864945382324 -0.15532095619463657 -0.04335628666156592 0.08154803040774015 -0.06931964056482669 -0.2589350838803792 -0.21492537313432836 -0.6793977230995226 -3.9136579725041756 -1.3404791929382094 -0.22045152722443556 -0.3485254691689008 -0.10869565217391304 -0.09639217846323325 -0.5377310061601641 -5.367548457881263 -2.3443092340730134 -1.5836724922192962 -7.9417425895034 -1.5552400619514715 -0.4513191375385029 -1.426399797314416 -0.5987464995332712 -0.20535068691250907 -0.5187394631046558 -4.864447086801427 -3.045997826874321 -0.8058156727451946 -0.64097672644029 -0.4358353510895884 -0.7072391274142003 -7.542955326460481 -3.1632234231769054 -0.24514070205976207 -0.14785795526349046 -0.5324364382624558 -0.4610917537746806 -0.39744670600987586 -0.1824953445065177 -0.3174001011633788 -0.4586319218241043 -1.901536858556916 -1.2588063272630599 -0.16155088852988692 -0.03755633450175262 -0.2260018639328984 -0.17995444191343962 -0.29165190695477616 -0.06457115009746588 -0.29448156396931446 -0.1998987854251012 -0.10914565299209633 -0.21370288822691358 -0.08063394967329349 -0.044930176077717064 -0.11067101584342962 -0.10219845513963162 -0.17812011072331208 -0.05355586000747292 -0.19410227696901824 -0.10278265229380797 0.02198607548552583 -0.05467955239064091 -0.03594635697497581 -0.02458274032863243 -0.12907045589105978 -0.11396353166986564 -0.14634751333250653 -0.0161711655678567 -0.09483926591944822 -0.04673487432108122 0.0620347394540943 -0.1216640502354788 0.005611672278338943 -0.02760005018190942 -0.07342143906020557 -0.04895821473300695 -0.23566189731874476 -0.04269956114339936 -0.2208201892744479 -0.11588785046728971 0.04436775942814887 -0.06355932203389829 0.06018579091979589
0.016000000000000004 -0.13957123715944617 -0.09948542024013723 -0.16196690748077372 -0.15625 -0.1617929050814957 -0.07323733862959284 -0.1468268414027424 -0.0306044376434583 0.08569454042847272 -0.056482670089858786 -0.18721128130318504 -0.18507462686567164 -0.6035010405190355 -3.2108441475009633 -1.1475409836065575 -0.2045152722443559 -0.3625686199412741 -0.10607647983237296 -0.07435968052877992 -0.4632956878850103 -4.523954650737535 -2.016225244571701 -1.6303567153459422 -8.20479917875016 -1.5629839958699023 -0.41248158564349807 -1.051431466936914 -0.4467262301640219 -0.1894432393347795 -0.5239268577357022 -5.499405469678953 -3.3683448026077505 -0.8637259733859043 -0.9245834923057357 -0.4869518428840463 -0.7141864665832985 -7.4240021147237645 -3.029142153509372 -0.24223962866260518 -0.1743965626184759 -0.6111047771063733 -0.5691056910569106 -0.4203300012043839 -0.2085661080074488 -0.3426909458775923 -0.5003257328990228 -2.378223495702006 -1.4515485843413534 -0.1806432662652372 -0.03880821231847772 -0.23182665424044732 -0.20273348519362186 -0.30227889951588144 -0.07553606237816764 -0.29448156396931446 -0.21255060728744937 -0.12043658261196839 -0.2383110995984976 -0.07229250660364242 -0.044930176077717064 -0.11766076421248835 -0.10457516339869281 -0.19015525333975208 -0.05853780047328435 -0.21027746671643643 -0.09902231135622964 0.006107243190423843 -0.05340793489318413 -0.058067192036499383 -0.027170397205330578 -0.13617525162818234 -0.1199616122840691 -0.15378891231551534 -0.026122652071153128 -0.0899125508067496 -0.05052418845522294 0.06947890818858563 -0.10858189429618 0.012626262626262624 -0.026345502446368085 -0.07681012086298429 -0.06262097233291586 -0.23686425393771793 -0.035582967619499466 -0.23659305993690852 -0.10841121495327102 0.030810944047325605 -0.06979062811565304 0.0523354703650399
0.018461538461538463 -0.13398838767306834 -0.10062893081761008 -0.15497553017944535 -0.1490935114503817 -0.14860977948226273 -0.053376365441906645 -0.1565344011649072 -0.03187962254526906 0.06634416033172082 -0.04621309370988447 -0.14952589350838802 -0.15641791044776115 -0.5325009181050313 -2.595400231273288 -0.9621689785624211 -0.1806108897742364 -0.3727818205030001 -0.10607647983237296 -0.06472046268245661 -0.3927104722792608 -3.6815799097891015 -1.6774039608685278 -1.627962652621499 -8.129090209162069 -1.5268456375838928 -0.3602517744743538 -0.7550038003546998 -0.3187091612214962 -0.18799710773680406 -0.507067825184801 -5.870392390011889 -3.5421948569358923 -0.9659931000492852 -1.5032430370087753 -0.5690072639225181 -0.6794497707378073 -6.9468675654242675 -2.7541387330688196 -0.23788801856686975 -0.20725388601036268 -0.8345684642572113 -0.8164924506387921 -0.45043960014452605 -0.2209807572936065 -0.3566009104704097 -0.5355048859934854 -3.115394634019276 -1.7173999734148613 -0.20120428844176824 -0.05257886830245369 -0.2516309412861137 -0.2266514806378132 -0.321171330735624 -0.0840643274853801 -0.3031427864390003 -0.2277327935222672 -0.17438213524024587 -0.29659370547856495 -0.10565827888224662 -0.05343047965998786 -0.12931034482758622 -0.11645870469399881 -0.2021903959561921 -0.06725619628845436 -0.22271992036829658 -0.10403609927300077 -0.008550140466593378 -0.06739572736520855 -0.08433568367205861 -0.023288911890283353 -0.15038484310242745 -0.11276391554702495 -0.16619124395386334 -0.021146908819504918 -0.08621751447222566 -0.041682455475558926 0.06823821339950373 -0.10989010989010987 0.011223344556677887 -0.02634550244636808 -0.08810572687224669 -0.05465103039963566 -0.23686425393771787 -0.0201636816510497 -0.23780635768017472 -0.10342679127725855 0.017254128666502343 -0.08100697906281155 0.040559989532905925
0.032 -0.11835640911121034 -0.08576329331046313 -0.14681892332789562 -0.13239503816793893 -0.14261744966442952 -0.035998013902681224 -0.15289406625409538 -0.007651109410864576 0.06219765031098826 -0.023106546854942227 -0.12399708242159009 -0.128955223880597 -0.451707675358061 -2.045483746627265 -0.8058007566204287 -0.15803452855245687 -0.3689518702923529 -0.09690937663698271 -0.04131093362709997 -0.3157084188911704 -2.889186882847738 -1.3600572655690768 -1.5896576490304049 -7.880148851533427 -1.4623128549303046 -0.3200749966519351 -0.5396503673676211 -0.2280304040538738 -0.17932031814895155 -0.46038127350538194 -6.10463733650416 -3.6025594591331638 -1.0818137013307048 -2.130230192038662 -0.6752757600215228 -0.6335973322217591 -6.363996827914354 -2.443562730879737 -0.23498694516971277 -0.22494629091368634 -1.134420248546346 -1.1196283391405344 -0.47332289533903416 -0.2209807572936065 -0.37809812847749114 -0.570684039087948 -3.895545715029956 -1.997873188887412 -0.21882802173593774 -0.06509764646970455 -0.2760950605778192 -0.25398633257403186 -0.3377022080528988 -0.09259259259259259 -0.3155159613956941 -0.2416497975708502 -0.24087316522393679 -0.3509908042999611 -0.1376338106492423 -0.04614450516089861 -0.13047530288909598 -0.11289364230540702 -0.2130220243109881 -0.05604683024037862 -0.23640661938534274 -0.09776886437703687 -0.01710028093318676 -0.07121057985757887 -0.0940135490114752 -0.015525941260188896 -0.1409117821195974 -0.10796545105566217 -0.1513084459878457 -0.011195422316208488 -0.08375415691587636 -0.027788303650372614 0.08064516129032259 -0.09811616954474098 0.012626262626262624 -0.01881821603312006 -0.08810572687224669 -0.04668108846635546 -0.23926896717566426 1.3877787807814458e-18 -0.23537976219364234 -0.08971962616822429 0.009859502095144192 -0.07477567298105683 0.028784508700771948
0.04553846153846154 -0.10830728003573023 -0.07089765580331618 -0.147984152878117 -0.1156965648854962 -0.11984659635666346 -0.01861966236345581 -0.14197306152166 0.016577403723539913 0.06772633033863167 0.0 -0.12764405543398977 -0.10149253731343284 -0.40151793365160965 -1.4955672619812412 -0.6860025220680959 -0.13545816733067728 -0.3715051704327844 -0.08774227344159247 -0.022032497934453315 -0.23870636550308005 -2.179690357186395 -1.0427105702696253 -1.5298060809193204 -7.631207493904786 -1.3848735157459988 -0.2798982188295166 -0.4104383075753737 -0.1373516468862515 -0.17932031814895152 -0.4266632084035793 -6.161712247324613 -3.6230834238802365 -1.2050271069492362 -2.7572173470685484 -0.738498789346247 -0.5877448937057108 -5.63573883161512 -2.1329867286906556 -0.20742674789672177 -0.23884746619486924 -1.4912780754760004 -1.4250871080139373 -0.5323377092617128 -0.23339540657976415 -0.4147698533131006 -0.5993485342019544 -4.662672570982027 -2.255749036288715 -0.2423263327948304 -0.07636454682023035 -0.3017241379310345 -0.27904328018223234 -0.36604085488251265 -0.10233918128654969 -0.3414996288047513 -0.2555668016194332 -0.3299460544473717 -0.40668307214091437 -0.17238982343945503 -0.04250151791135398 -0.13630009319664493 -0.10338680926916222 -0.2130220243109881 -0.05355586000747291 -0.20903322135125046 -0.10027575833542242 0.012214486380847687 -0.08265513733468974 -0.07051016175860639 -0.01293828438349075 -0.15630550621669628 -0.10796545105566217 -0.16247054446235892 -0.0049757432516482165 -0.09114422958492426 -0.021472780093469746 0.0707196029776675 -0.0902668759811617 0.004208754208754212 -0.012545477355413373 -0.10166045408336158 -0.04098827279972674 -0.2380666105566911 0.011860989206499823 -0.24751273962630432 -0.08224299065420561 -0.0036973132856790727 -0.07228315054835494 0.01700902786863797
0.048 -0.10830728003573023 -0.061749571183533435 -0.14565369377767418 -0.10973282442748093 -0.10306807286673059 -0.007447864945382318 -0.13347894672976582 0.012751849018107626 0.06910850034554251 -0.0025673940949935805 -0.12278142475079017 -0.09791044776119404 -0.3464316317786754 -1.0471540537067967 -0.6027742749054225 -0.11288180610889773 -0.3715051704327844 -0.08250392875851233 -0.022032497934453315 -0.20020533880903488 -1.5774716567109595 -0.7885946074922452 -1.4316495092171417 -7.24752983446683 -1.2661331956633968 -0.24641757064416772 -0.33316442868001006 -0.07200960128017071 -0.17064352856109904 -0.39294514330177666 -6.0511296076099885 -3.5916938307376554 -1.3171513060620996 -3.461783034465217 -0.8245897228948078 -0.5446713908573017 -4.846682527094898 -1.7895744971952385 -0.2175805047867711 -0.27675976241627703 -1.8914604948124503 -1.7886178861788617 -0.5732867638203059 -0.2681564245810056 -0.45776428932726354 -0.6384364820846906 -5.360771034123469 -2.508307855908547 -0.265824643853723 -0.08512769153730596 -0.32618825722274003 -0.3075170842824601 -0.375487070492384 -0.1145224171539961 -0.3513981687701064 -0.2682186234817813 -0.4303098732906786 -0.46626084704053883 -0.18629222855554012 -0.043715846994535526 -0.1514445479962721 -0.10219845513963162 -0.2154290528342761 -0.06102877070619006 -0.2127659574468085 -0.1190774630233141 0.010993037742762918 -0.10935910478128182 -0.07051016175860639 -0.0362271962737741 -0.1645944345766726 -0.12476007677543186 -0.1562693786431849 -0.02736658788406518 -0.0948392659194482 -0.029051408361753184 0.06823821339950373 -0.10204081632653061 -0.009820426487093154 -0.022581859239744068 -0.11295606009262397 -0.056928156666287144 -0.22243597451003966 0.02134978057169968 -0.2390196554234409 -0.08099688473520249 -0.009859502095144195 -0.07602193419740778 0.014392254350385977
0.04553846153846154 -0.10049129075480126 -0.06518010291595196 -0.13866231647634586 -0.13000954198473286 -0.10067114093959732 -0.018619662363455802 -0.1443999514622012 0.002550369803621525 0.06496199032480995 -0.0051347881899871635 -0.12399708242159009 -0.10029850746268658 -0.29256946994736194 -0.7079532314017732 -0.5422446406052963 -0.10491367861885789 -0.36767522022213706 -0.08381351492928235 -0.019278435692646655 -0.16427104722792601 -1.1142265024990858 -0.5714626580768313 -1.317931529806081 -6.688053381239572 -1.1448115642746512 -0.23704298915226998 -0.2951608816822904 -0.04533937858381118 -0.1547360809833695 -0.3696018674620672 -5.738406658739595 -3.4830375467825667 -1.4292755051749633 -4.227394124380007 -0.8931934355663168 -0.5252188411838266 -4.0179751519957705 -1.4639485565740864 -0.2219321148825065 -0.3121445722229243 -2.344088473378178 -2.1904761904761907 -0.6118270504636879 -0.31409062693978895 -0.48811330298431965 -0.6762214983713356 -5.946861161760875 -2.714342682440516 -0.27610515494198856 -0.09514271407110667 -0.37045666356011187 -0.34282460136674253 -0.40146416341953 -0.1303606237816764 -0.3749072011878248 -0.2897267206477733 -0.5758374106134738 -0.5323144670379485 -0.22660920339218685 -0.04735883424408015 -0.17357875116495805 -0.10932857991681522 -0.2238536526657841 -0.0747291069871715 -0.2289411471942267 -0.1328653797944347 0.006107243190423842 -0.12334689725330623 -0.08571823586340384 -0.04269633846551947 -0.16933096506808765 -0.12356046065259116 -0.1500682128240109 -0.04104988182609778 -0.09607094469762287 -0.03536693191865605 0.0694789081885856 -0.10204081632653059 -0.011223344556677894 -0.012545477355413373 -0.13441771151022253 -0.06945235113287032 -0.2092100517013346 0.02490807733364963 -0.2353797621936423 -0.08722741433021806 -0.01109193985703722 -0.07851445663010967 0.007850320554755985
0.055384615384615386 -0.08709245198749441 -0.06174957118353343 -0.12234910277324633 -0.12762404580152675 -0.08628954937679771 -0.011171797418073481 -0.135905836670307 0.012751849018107627 0.0663441603317208 0.0038510911424903733 -0.13129102844638948 -0.08716417910447762 -0.2497245684906353 -0.4805344982654504 -0.47162673392181587 -0.08632138114209827 -0.3510787693093323 -0.08512310110005238 -0.016524373450839992 -0.12833675564681724 -0.7546019748872363 -0.40205201622524456 -1.2006224563083554 -5.956627742846143 -1.0157459989674753 -0.207580018749163 -0.27742589308335447 -0.024003200426723565 -0.13882863340563995 -0.3216184671248865 -5.337693222354339 -3.2512374743450443 -1.5377033021192708 -5.02861503243037 -0.9537261232176485 -0.4626927886619424 -3.2315622521808094 -1.1191681488575724 -0.2219321148825065 -0.33110072033362814 -2.7716337931820774 -2.6202090592334493 -0.6407322654462242 -0.3711980136561142 -0.49190692969145167 -0.6905537459283388 -6.437874446470436 -2.879170543666091 -0.2775737993831694 -0.11016524787180773 -0.3937558247903076 -0.3952164009111617 -0.4203565946392727 -0.14619883040935672 -0.3897550111358574 -0.31756072874493924 -0.7075649228453141 -0.620385960367828 -0.2585847351591825 -0.051001821493624776 -0.18056849953401677 -0.12477718360071302 -0.2154290528342761 -0.0834475028023415 -0.2301853925594127 -0.12785159187766357 0.004885794552339074 -0.12843336724313326 -0.09816120558551085 -0.03493336783542502 -0.1563055062166963 -0.11876199616122843 -0.14262681384100212 -0.03483020276153751 -0.08375415691587634 -0.030314513073133754 0.06327543424317618 -0.10073260073260074 0.002805836139169471 -0.00501819094216535 -0.14119507511577994 -0.06831378799954457 -0.20319826860646867 0.041513462222749375 -0.21596699830138316 -0.0735202492211838 -0.001232437761893021 -0.0847457627118644 0.005233547036503991
0.08861538461538462 -0.06699419383653417 -0.048027444253859346 -0.11302726637147517 -0.10854007633587785 -0.07909875359539789 0.011171797418073488 -0.1407596165513894 0.01657740372353991 0.0635798203178991 0.01540436456996149 -0.12642839776318987 -0.07999999999999999 -0.21177622720039171 -0.3392008223050237 -0.4085750315258512 -0.0703851261620186 -0.3229924677645857 -0.07464641173389208 0.008262186725419994 -0.09368583162217661 -0.5241984639765939 -0.28394178000477216 -1.0773282259995214 -5.134094700372128 -0.8982963345379453 -0.17276014463640016 -0.2660248289840385 -0.0013335111348179787 -0.1171366594360087 -0.25288548826351964 -4.74910820451843 -2.8938790293371968 -1.648595367175949 -5.861630420958922 -1.0156039817056768 -0.38905099346950117 -2.5178429817605075 -0.794910384457518 -0.2117783579924572 -0.34879312523695183 -3.2618857598905486 -3.1010452961672472 -0.6840900879200289 -0.4754810676598386 -0.5222559433485079 -0.7179153094462543 -6.822089085699401 -3.0187425229296823 -0.2746365105008078 -0.11266900350525788 -0.42870456663560114 -0.45102505694760825 -0.4486952414688865 -0.14985380116959063 -0.40460282108389006 -0.3352732793522267 -0.8819470580855601 -0.7227043129128351 -0.27109689976365914 -0.037644201578627814 -0.18289841565703635 -0.13903743315508021 -0.2106149957877001 -0.09216589861751154 -0.23142963792459867 -0.1341188267736275 0.0036643459142543045 -0.13860630722278738 -0.10645651873358217 -0.0025876568766981523 -0.14564831261101244 -0.10436660268714011 -0.1314647153664889 -0.017415101380768756 -0.08005912058135237 -0.022735884804850316 0.05707196029776675 -0.09811616954474096 0.014029180695847363 0.010036381884330698 -0.136676832712075 -0.07400660366617329 -0.19478177227365637 0.05811884711184913 -0.1953409366658578 -0.04859813084112149 0.01478925314271629 -0.06729810568295115 0.009158707313881983
0.096 -0.044662795891022775 -0.01600914808461978 -0.10020974131903986 -0.07991412213740458 -0.062320230105465 0.04344587884806356 -0.1456133964324718 0.03187962254526906 0.05114029025570145 0.019255455712451863 -0.12156576707999027 -0.0764179104477612 -0.18362100624311423 -0.23769754593344472 -0.35561160151324084 -0.035856573705179286 -0.31788586748372266 -0.05369303300157151 0.006885155604516661 -0.060318275154004106 -0.30842374740948436 -0.18611309949892627 -0.962413215226239 -4.276915180290002 -0.7989158492514197 -0.1513325297977769 -0.27742589308335447 0.020002667022269632 -0.10990600144613161 -0.17766826611334455 -4.099881093935791 -2.450802849209224 -1.7582552981764419 -6.659035991351901 -1.0774818401937047 -0.31679866611087953 -1.7961934972244247 -0.5212751402380627 -0.21612996808819265 -0.35890307089599394 -3.7852012313305208 -3.5795586527293843 -0.7515355895459472 -0.6070763500931099 -0.5437531613555893 -0.7192182410423454 -7.160718937223235 -3.0984979396517347 -0.27904244382435006 -0.12518778167250874 -0.47413793103448276 -0.5091116173120729 -0.4782146652497342 -0.15594541910331383 -0.4231625835189309 -0.3694331983805669 -1.1090201982185424 -0.845745369770755 -0.29473098846100376 -0.043715846994535526 -0.1945479962721342 -0.1497326203208556 -0.2106149957877001 -0.1046207497820401 -0.22894114719422665 -0.13662572073201304 0.006107243190423842 -0.1564089521871821 -0.1188994884556892 0.005175313753396299 -0.15748963883955003 -0.09596928982725528 -0.1513084459878457 0.011195422316208485 -0.08621751447222563 0.008841732979664015 0.04590570719602978 -0.08110936682365252 0.012626262626262628 0.011290929619872037 -0.16265672653337854 -0.08197654559945348 -0.2068053384633882 0.07235203415964891 -0.20747391409851978 -0.04361370716510903 0.02218387971407444 -0.06231306081754735 0.00654193379562999
0.09846153846153846 -0.04242965609647164 -0.0137221269296741 -0.09438359356793288 -0.07991412213740458 -0.06951102588686482 0.05089374379344588 -0.15532095619463657 0.04463147156337669 0.04008293020041466 0.01925545571245186 -0.12035010940919036 -0.06447761194029851 -0.16403476557718205 -0.2017217011435179 -0.3379571248423708 -0.025232403718459494 -0.30894931699221245 -0.036668412781561036 0.001377031120903332 -0.05518480492813142 -0.19870778983298792 -0.15748031496062992 -0.8343308594685179 -3.477479789554728 -0.6801755291688177 -0.1366010445962234 -0.2723587534836585 0.02133617815708761 -0.09833694866232826 -0.1102321359097393 -3.3793103448275863 -2.0234214656525413 -1.861754558896008 -7.375047691720717 -1.1474307237019103 -0.2612199527580936 -1.1723499867829765 -0.2886851826515255 -0.21467943138961418 -0.37406798938455704 -4.305096340212063 -4.026713124274099 -0.8225942430446824 -0.8106765983860956 -0.618361153262519 -0.7244299674267103 -7.370408960666841 -3.115778279941513 -0.2981348215597004 -0.14396594892338505 -0.5265610438024231 -0.6002277904328019 -0.5219034124453891 -0.18031189083820662 -0.4429596634496411 -0.42004048582995945 -1.4088571070129219 -1.0154125113327288 -0.32114555818156537 -0.054644808743169404 -0.21668219944082012 -0.16636957813428402 -0.2178360813575641 -0.12454851164528584 -0.25382605449794693 -0.15542742541990473 -0.003664345914254305 -0.16912512716174974 -0.13272501036914144 0.0012938284383490783 -0.17406749555950268 -0.10076775431861806 -0.17735334242837653 0.01368329394203259 -0.11454612637024261 0.008841732979664013 0.0260545905707196 -0.07980115122972266 0.002805836139169471 0.005018190942165348 -0.17169321134078847 -0.08197654559945348 -0.2031982686064687 0.06523544063574901 -0.19655423440912398 -0.05233644859813084 0.03574069509489771 -0.059820538384845454 0.003925160277377992
0.11323076923076925 -0.045779365788298346 0.012578616352201259 -0.09671405266837567 -0.056059160305343525 -0.06951102588686482 0.06330685203574975 -0.15046717631355416 0.0510073960724305 0.04284727021423636 0.0410783055198973 -0.11062484804279113 -0.05373134328358209 -0.14200024482800833 -0.17217011435179236 -0.2976040353089534 -0.00796812749003984 -0.2846929656581131 -0.024882137244630693 0.0027540622418066644 -0.03850102669404518 -0.14628794343532855 -0.12526843235504653 -0.67991381374192 -2.7293725137944307 -0.5678884873515745 -0.12588723717691175 -0.27869267798327846 0.01600213361781571 -0.07230657989877079 -0.03890545973284918 -2.6218787158145065 -1.5718942412169503 -1.9061113849186788 -7.8214421976344894 -1.1555017487220878 -0.20842017507294708 -0.6502775574940522 -0.12039950745656043 -0.1914708442123586 -0.3576393276886137 -4.651693079466424 -4.368176538908246 -0.9225581115259545 -1.1955307262569832 -0.6879109762266059 -0.7192182410423454 -7.191977077363897 -3.03070583543799 -0.2951975326773388 -0.1589884827240861 -0.6710158434296366 -0.7562642369020501 -0.5667729365922778 -0.18884015594541909 -0.4726552833457065 -0.45926113360323895 -1.9608581106511103 -1.247247765833441 -0.3503406089253441 -0.05343047965998786 -0.24114631873252565 -0.17587641117052882 -0.24190636659044412 -0.1295304521110973 -0.25382605449794693 -0.16420155427425417 -0.01832172957127153 -0.1856561546286877 -0.13549011475183187 0.011644455945141671 -0.18235642391947898 -0.10556621880998081 -0.17735334242837653 0.02363478044532902 -0.09976598103214682 0.013894151825186307 0.0173697270471464 -0.08895866038723182 -0.0014029180695847346 0.018818216033120058 -0.18072969614819837 -0.06831378799954457 -0.20680533846338825 0.06997983631834895 -0.1892744479495268 -0.044859813084112146 0.04190288390436283 -0.04985044865403788 0.002616773518251996
0.12184615384615385 -0.044662795891022775 0.010291595197255577 -0.09438359356793288 -0.04651717557251909 -0.061121764141898384 0.05834160873882821 -0.13347894672976582 0.04718184136699822 0.055286800276434 0.043645699614890884 -0.08995866763919283 -0.04895522388059702 -0.12363814420369693 -0.15418219195682897 -0.28121059268600257 0.002656042496679947 -0.25915996425379806 -0.03012048192771084 0.01239328008812999 -0.03978439425051335 -0.1377544800682677 -0.12884753042233357 -0.5673928656930811 -2.2135249582959067 -0.495611770779556 -0.11919110753984197 -0.27742589308335447 0.006667555674089875 -0.04916847433116414 -0.009077940604331484 -2.043995243757432 -1.2531691416153568 -1.8568260226712667 -7.843062444359657 -1.1191821361312886 -0.18479922189801307 -0.4361617763679619 -0.06567245861266932 -0.17551494052799538 -0.33994692278529 -4.750883593660928 -4.488966318234611 -1.008069372515958 -1.6585971446306644 -0.7625189681335356 -0.6944625407166125 -6.6384475123730144 -2.8273295227967568 -0.28932295491261567 -0.18027040560841262 -0.8539142590866728 -0.9749430523917996 -0.6140040146416341 -0.20346003898635479 -0.5048255382331106 -0.5022773279352226 -2.555513737297704 -1.490739541510167 -0.36424301404142917 -0.05343047965998786 -0.24930102516309413 -0.1925133689839572 -0.25995908051510414 -0.1357578776933616 -0.261291526689063 -0.17172223614941087 -0.04275070233296689 -0.20473041709053916 -0.13825521913452232 0.011644455945141671 -0.1764357608052102 -0.12116122840690982 -0.16743147711769812 0.02985445950988929 -0.08498583569405098 0.010104837691044586 0.016129032258064512 -0.10858189429618001 0.0056116722783389455 0.02258185923974407 -0.1818592567491246 -0.07400660366617329 -0.2092100517013346 0.06523544063574901 -0.1941276389225916 -0.0411214953271028 0.04313532166625585 -0.04985044865403787 0.010467094073007981
0.128 -0.04131308619919606 0.011435105774728416 -0.08273129806571897 -0.05009541984732825 -0.04074784276126557 0.039721946375372394 -0.11770416211624804 0.02550369803621525 0.06219765031098825 0.03851091142490372 -0.06929248723559447 -0.05373134328358209 -0.11874158403721387 -0.16703070795323138 -0.26481715006305173 -0.0066401062416998665 -0.23873356313034594 -0.04452592980618125 0.01239328008812999 -0.04106776180698153 -0.13531634767767892 -0.1443569553805774 -0.4632511371797941 -1.7669703580136016 -0.43366029943211154 -0.10847730012053036 -0.28756017228274644 0.0040005334044539275 -0.049168474331164135 0.01426533523537803 -1.5469678953626633 -0.9754919715079078 -1.7730409068506656 -7.7095256263512635 -1.0599946193166532 -0.165346672224538 -0.288131112873381 -0.025995348200848273 -0.16971279373368148 -0.32099077467458614 -4.716679968076616 -4.500580720092915 -1.1273033843189206 -2.2309124767225326 -0.84597875569044 -0.6605863192182412 -5.9690023443605105 -2.562807390668616 -0.28932295491261567 -0.19529293940911369 -1.0810810810810811 -1.2801822323462413 -0.6517888770811193 -0.22417153996101363 -0.5394704281118534 -0.5478238866396762 -3.240496800903274 -1.7471830073824635 -0.38370638120394823 -0.0607164541590771 -0.2527958993476235 -0.21865715983363043 -0.2587555662534601 -0.1556856395566073 -0.256314545228319 -0.19177738781649536 -0.06717967509466227 -0.23652085452695829 -0.1493156366652841 0.006469142191745372 -0.18709295441089405 -0.1487523992322457 -0.17487287610070693 0.011195422316208486 -0.08252247813770167 -0.011367942402425162 1.0408340855860842e-18 -0.14128728414442698 -0.015432098765432101 0.02132731150420273 -0.1852479385519033 -0.07742229306615052 -0.2068053384633882 0.0521883525085992 -0.202620723125455 -0.04984423676012461 0.04190288390436283 -0.05109670987038882 0.011775480832133978
0.13784615384615384 -0.036846806610093784 0.001143510577472842 -0.076905150314612 -0.04770992366412214 -0.03595397890699903 0.0297914597815293 -0.10314282247300084 0.014027033919918394 0.06219765031098825 0.01925545571245186 -0.04619499149039632 -0.06208955223880597 -0.10650018362100624 -0.1798792239496338 -0.23959646910466584 -0.013280212483399733 -0.21064726158559935 -0.05369303300157151 0.019278435692646652 -0.04363449691991787 -0.12922101670120686 -0.16941064185158675 -0.3734737850131673 -1.3178493519825483 -0.3665462054723799 -0.10312039641087453 -0.2812262477831265 0.012001600213361779 -0.04049168474331164 0.044092854363895734 -1.1414982164090366 -0.6905710491367861 -1.6855593888615084 -7.471702912374411 -1.0196394942157654 -0.1445046547172433 -0.20750726936293948 0.01368176221097277 -0.17116333043225995 -0.2982433969417414 -4.543381598449437 -4.4227642276422765 -1.2465373961218835 -2.886405959031657 -0.9332321699544766 -0.6423452768729643 -5.233133628549102 -2.2756878904692277 -0.28051108826553095 -0.21031547320981475 -1.369990680335508 -1.644646924829157 -0.6860314086669028 -0.24000974658869395 -0.5555555555555556 -0.6123481781376519 -3.9555890101618365 -2.041186374821914 -0.4031697483664674 -0.06557377049180327 -0.28075489282385835 -0.24955436720142604 -0.2912504513178481 -0.17685888653630588 -0.2899091700883414 -0.2143394334419654 -0.14535238793208743 -0.2733977619532045 -0.1894096502142956 0.010350627506792599 -0.19301361752516283 -0.1715451055662188 -0.17611310926454174 0.006219679064560267 -0.06527897524325654 -0.018946570670708603 0.014888337468982632 -0.15306122448979592 -0.009820426487093152 0.010036381884330698 -0.18298881735005082 -0.09336217693271091 -0.19357941565468312 0.043885660064049335 -0.1868478524629944 -0.06105919003115264 0.05422726152329307 -0.04985044865403789 0.01700902786863797
0.15753846153846154 -0.04242965609647163 0.011435105774728418 -0.0757399207643906 -0.03816793893129771 -0.03595397890699903 0.031032770605759687 -0.10071593253245965 0.014027033919918394 0.056668970283344854 0.04749679075738126 -0.032822757111597385 -0.05134328358208956 -0.08813808299669482 -0.17602466915071308 -0.22572509457755358 -0.0039840637450199185 -0.20937061151538358 -0.05238344683080147 0.01377031120903332 -0.02566735112936345 -0.12800195050591245 -0.1503221188260558 -0.3004548719176442 -0.930322083921468 -0.3149199793495095 -0.10178117048346058 -0.26729161388396255 0.017335644752633682 -0.027476500361532895 0.06873297886136688 -0.8501783590963139 -0.4648074369189906 -1.5734351897486447 -7.086353808978761 -0.9577616357277374 -0.12644157287758787 -0.15331747290510175 0.03283622930633466 -0.15520742674789673 -0.2451661822317705 -4.326758636415461 -4.2299651567944245 -1.3609538720944239 -3.5841092489137183 -1.0078401618614063 -0.5941368078175897 -4.53633758791352 -1.9712880499800611 -0.27316786605962695 -0.2341011517275914 -1.6507455731593663 -2.071753986332574 -0.7179123863502186 -0.25828460038986356 -0.5642167780252413 -0.6794028340080971 -4.644335716974031 -2.3364849112809223 -0.42541359655220357 -0.06435944140862174 -0.30521901211556385 -0.27213309566250743 -0.3141172222890841 -0.17810437165275875 -0.3023516237402016 -0.21308598646277263 -0.20276047392207158 -0.29755849440488297 -0.21706069404120004 0.04269633846551947 -0.20959147424511543 -0.1679462571976967 -0.1860349745752201 0.02985445950988929 -0.04557211479246213 -0.006315523556902869 0.02729528535980149 -0.14390371533228677 0.0028058361391694714 0.01505457282649605 -0.19202530215746075 -0.10133211886599111 -0.18636527594084404 0.027280275174949582 -0.17471487503033242 -0.08348909657320872 0.056692137047079115 -0.058574277168494525 0.01700902786863797
0.16492307692307692 -0.04801250558284948 0.012578616352201259 -0.07224423211372641 -0.02862595419847328 -0.023969319271332685 0.033515392254220455 -0.08858148282975369 0.011476664116296864 0.06772633033863165 0.05776636713735558 -0.03403841478239728 -0.029850746268656712 -0.09058636307993632 -0.17730952075035333 -0.21689785624211852 0.007968127490039842 -0.21064726158559938 -0.05238344683080147 0.002754062241806661 -0.0025667351129363457 -0.14263074484944532 -0.13361966117871632 -0.2657409624132152 -0.6364686256897215 -0.2942694889003613 -0.06963974822552566 -0.2710919685837345 0.03733831177490333 -0.03036876355748373 0.10374789262093113 -0.6563614744351962 -0.2764698780635036 -1.4514539181862987 -6.566196108355589 -0.8931934355663167 -0.10559955537029317 -0.1467089611419508 0.04514981529621015 -0.1450536698578474 -0.2021989131808417 -4.0120852810397905 -3.9291521486643424 -1.505479947007106 -4.333954065797641 -1.112797167425392 -0.5576547231270359 -3.860380307371711 -1.681510035889937 -0.28638566603025406 -0.24536805207811718 -1.9920782851817336 -2.5375854214123006 -0.7698665722045106 -0.27046783625730997 -0.6062855728780004 -0.7236842105263157 -5.333082423786225 -2.605880067348789 -0.4393160016682886 -0.06921675774134792 -0.3355079217148183 -0.3137254901960784 -0.34661210735347214 -0.19305019305019305 -0.30359586910538755 -0.23188769115066435 -0.26383290582630997 -0.3458799593082401 -0.23226876814599753 0.04269633846551947 -0.22616933096506808 -0.1751439539347409 -0.2095994046880813 0.04353775345192189 -0.054193866239684675 0.010104837691044588 0.028535980148883377 -0.13343799058084774 -0.004208754208754208 0.010036381884330696 -0.20106178696487068 -0.09677786633268814 -0.18636527594084404 0.036769066540149435 -0.17228827954380005 -0.07601246105919002 0.05176238599950702 -0.05483549351944168 0.019625801386889966
0.17476923076923076 -0.06029477445288074 0.019439679817038306 -0.08622698671638312 -0.026240458015267178 -0.05393096836049856 0.03599801390268123 -0.11527727217570685 0.02167814333078296 0.056668970283344854 0.05905006418485237 -0.026744468757597856 -0.029850746268656712 -0.07712082262210794 -0.19529744314531672 -0.2042875157629256 0.003984063745019922 -0.21064726158559938 -0.05238344683080147 -0.0027540622418066687 -0.0025667351129363435 -0.14384981104473973 -0.11811023622047245 -0.21546564519990424 -0.4452713974079302 -0.24393391843056272 -0.06562207044328379 -0.2622244742842666 0.03733831177490332 -0.020245842371655824 0.13876280638049537 -0.4601664684898929 -0.1352167089218882 -1.31961557417447 -5.922675823477045 -0.8434221146085552 -0.08753647353063777 -0.14274385408406026 0.06704063483376657 -0.13635044966637655 -0.15164918488563126 -3.6324250370539275 -3.554006968641114 -1.6355534144285202 -5.10862818125388 -1.210166919575114 -0.532899022801303 -3.16488668924199 -1.4036953343081215 -0.2878543104714349 -0.2666499749624437 -2.3462255358807083 -3.011389521640091 -0.8170976502538672 -0.28752436647173485 -0.6384558277654045 -0.7679655870445343 -6.018065487391795 -2.8662090402797564 -0.44765744473793967 -0.06193078324225866 -0.37278657968313145 -0.3493761140819964 -0.3839210494644362 -0.20550504421472163 -0.33594624860022393 -0.24567560792178492 -0.35910589959692196 -0.38657171922685657 -0.2668325729296281 0.03493336783542503 -0.24274718768502074 -0.20153550863723607 -0.22200173632642933 0.0323423311357134 -0.04557211479246212 0.0012631047113805735 0.04590570719602978 -0.141287284144427 -0.00701459034792368 -0.0025090954710826783 -0.20896871117135435 -0.08539223499943072 -0.19117470241673679 0.03676906654014943 -0.18078136374666343 -0.08598130841121494 0.03450825733300469 -0.05358923230309073 0.013083867591259974
0.1636923076923077 -0.06476105404198303 0.018296169239565466 -0.08156606851549755 -0.0357824427480916 -0.04434324065196549 0.022343594836146972 -0.10678315738381264 0.016577403723539913 0.05114029025570145 0.055198973042362 -0.030391441769997567 -0.029850746268656712 -0.08813808299669482 -0.20557625594243864 -0.223203026481715 0.013280212483399733 -0.22469041235797266 -0.058931377684651655 -0.01652437345083999 -0.008983572895277209 -0.15482140680238937 -0.12407539966595085 -0.19152501795547042 -0.32721673296548176 -0.2284460505937016 -0.0709789741529396 -0.2710919685837345 0.01866915588745166 -0.026030368763557483 0.14005965503825704 -0.3305588585017837 -0.06760835446094413 -1.1619024149827504 -5.193946330916953 -0.7654022060801721 -0.09587328053355566 -0.12556172349986783 0.04651799151730743 -0.12909776617348417 -0.121319347908505 -3.1672557291072847 -3.1103368176538906 -1.7596049620619056 -5.89447548106766 -1.2936267071320182 -0.4951140065146581 -2.4876269861943214 -1.1272098896716733 -0.29079159935379645 -0.29293940911367056 -2.7050326188257223 -3.521640091116173 -0.8643287283032237 -0.3386939571150097 -0.6879485275921801 -0.8236336032388664 -6.670430309873291 -3.1200621681129386 -0.47546225497010985 -0.07893139040680024 -0.4089002795899347 -0.3897801544860368 -0.4128053917438922 -0.2192053804957031 -0.344655966156526 -0.27074454750564053 -0.443385855624771 -0.45015259409969477 -0.28618830360846126 0.015525941260188903 -0.26524570751924215 -0.22072936660268713 -0.23688453429244696 0.019902973006592863 -0.040645399679763515 -0.0012631047113805722 0.060794044665012405 -0.1478283621140764 -0.016835016835016838 -0.01881821603312006 -0.22252343838246924 -0.10702493453261983 -0.2092100517013346 0.016605384889099746 -0.20868721184178596 -0.10841121495327102 0.01602169090460932 -0.07352941176470588 0.002616773518251994
0.16369230769230766 -0.06364448414470746 0.018296169239565462 -0.07807037986483337 -0.04413167938931298 -0.04913710450623203 0.013654419066534262 -0.10071593253245965 0.00510073960724305 0.06219765031098825 0.05263157894736842 -0.02309749574519815 -0.025074626865671634 -0.07222426245562492 -0.2222793267377618 -0.20050441361916774 0.003984063745019921 -0.19788076088344184 -0.08381351492928235 0.004131093362709996 -0.028234086242299793 -0.1572595391929782 -0.14077785731329037 -0.1568111084510414 -0.2669061978698831 -0.1961796592669076 -0.07767510379000937 -0.2558905497846466 -0.00933457794372583 -0.02024584237165582 0.14654389832706521 -0.2461355529131986 -0.02897500905469032 -0.9857072449482503 -4.416889228030014 -0.6846919558783966 -0.09865221620119494 -0.1202749140893471 0.028731700643042823 -0.10879025239338555 -0.10236319979780109 -2.6416600159616914 -2.6306620209059237 -1.8655907503312057 -6.665425201738051 -1.3644410723318159 -0.4664495114006516 -1.8272987757228445 -0.8759803269972085 -0.26876193273608456 -0.3154732098147221 -3.046365330848089 -4.030751708428245 -0.9044751446451766 -0.38864522417154 -0.7250680524622617 -0.8729757085020242 -7.260067745577719 -3.346716746535423 -0.49075490059780347 -0.0922890103217972 -0.429869524697111 -0.4325609031491385 -0.4320616199301962 -0.23415120189313737 -0.3695408734602463 -0.29205314615191774 -0.5423231953096372 -0.5022889114954221 -0.2903359601824969 0.006469142191745378 -0.26524570751924215 -0.23632437619961616 -0.22696266898176853 0.003731807438736162 -0.01724350289444513 -0.008841732979664011 0.09925558312655088 -0.15306122448979592 0.008417508417508419 -0.023836406975285405 -0.22478255958432167 -0.10588637139929409 -0.20079355536852234 0.009488791365199856 -0.196554234409124 -0.1233644859813084 0.02464875523786049 -0.09346959122632106 0.005233547036503991
0.1563076923076923 -0.05247878517195177 0.02058319039451115 -0.06525285481239804 -0.05009541984732825 -0.031160115052732508 0.012413108242303876 -0.07766047809731828 0.003825554705432288 0.082930200414651 0.05263157894736842 -0.02309749574519815 -0.02985074626865671 -0.0697759823723834 -0.22613388153668254 -0.18915510718789405 0.0026560424966799467 -0.19277416060257882 -0.08643268727082243 0.011016248967226656 -0.023100616016427107 -0.15360234060709496 -0.11930326890956813 -0.12329423030883409 -0.20274605415116126 -0.18585441404233355 -0.06026516673362796 -0.24955662528502662 0.002667022269635952 -0.0187997107736804 0.14784074698482688 -0.1961950059453032 -0.0012072920439454306 -0.8107442089699359 -3.6703548264021366 -0.5824589722894808 -0.10559955537029317 -0.10837959291567538 0.013681762210972772 -0.0841311285175515 -0.07456084923543536 -2.109223577699236 -2.1707317073170733 -1.9583283150668436 -7.369335816263191 -1.4175518462316643 -0.43648208469055383 -1.2373013805678563 -0.6486773893393593 -0.2526068438830959 -0.3392588883324988 -3.390027958993477 -4.513667425968109 -0.9280906836698548 -0.43128654970760233 -0.767136847315021 -0.9159919028340081 -7.753105005645466 -3.5241549022147387 -0.5032670652022799 -0.10807528840315725 -0.45083876980428705 -0.4789067142008318 -0.4477073053315682 -0.24660605305766597 -0.3695408734602463 -0.31210829781900223 -0.6449248809087578 -0.5658697863682605 -0.30001382552191347 0.0025876568766981514 -0.26287744227353466 -0.24592130518234168 -0.21332010417958575 -0.006219679064560267 0.01108510900357187 0.0 0.13647642679900743 -0.1465201465201465 0.035072951739618406 -0.02634550244636808 -0.23043036258895286 -0.10588637139929409 -0.20079355536852234 0.014233187047799783 -0.202620723125455 -0.12461059190031151 0.02341631747596747 -0.1084247258225324 0.0052335470365039915
0.15015384615384614 -0.03796337650736935 0.0137221269296741 -0.040783034257748776 -0.05725190839694657 -0.019175455417066157 0.013654419066534262 -0.07523358815677708 0.005100739607243052 0.08431237042156185 0.047496790757381245 -0.027960126428397757 -0.029850746268656712 -0.07100012241400416 -0.22998843633560323 -0.20680958385876416 0.006640106241699868 -0.20681731137495213 -0.08119434258774227 0.009639217846323324 -0.017967145790554414 -0.15969767158356699 -0.11214507277499405 -0.1209001675843907 -0.1757987937892981 -0.19101703665462058 -0.04553368153207447 -0.24955662528502662 0.022669689291905586 -0.02892263195950832 0.15043444430035016 -0.18192627824019025 0.0024145840878908634 -0.677673730901922 -2.998855398702785 -0.525961797148238 -0.0917048770320967 -0.12159661644197725 0.01641811465316733 -0.0725268349289237 -0.037912296221407814 -1.7033405540987345 -1.7154471544715446 -2.0233650487775505 -7.841092489137182 -1.4390490642387457 -0.3947882736156353 -0.9299296691846834 -0.48252027116841684 -0.2393890439124688 -0.3467701552328493 -3.6393289841565704 -4.911161731207288 -0.9587908844019364 -0.5214424951267057 -0.8178668646374658 -0.9564777327935221 -7.911178020323673 -3.58502784613392 -0.511608508271931 -0.12629022465088038 -0.4776328052190121 -0.5513963161021984 -0.4525213623781442 -0.26653381492091166 -0.3857160632076645 -0.3421910253196289 -0.8403566630023208 -0.6459816887080366 -0.31798700400940133 0.001293828438349075 -0.26169330965068094 -0.24592130518234168 -0.2195212699987598 -0.006219679064560267 0.0036950363345239568 0.011367942402425162 0.16997518610421833 -0.11904761904761903 0.04769921436588104 -0.03136369338853343 -0.2383372867954366 -0.0979164294660139 -0.1983888421305759 0.01779148380974973 -0.20747391409851978 -0.12834890965732088 0.01602169090460932 -0.10717846460618145 0.01308386759125998
0.1427692307692308 -0.030147387226440364 0.009148084619782733 -0.029130738755534836 -0.06798664122137404 -0.013183125599232987 0.012413108242303874 -0.0715932532459653 0.002550369803621526 0.08984105044920526 0.038510911424903725 -0.03890104546559688 -0.03940298507462686 -0.06855184233076264 -0.24540665553128616 -0.22446406052963427 -0.01195219123505976 -0.22213711221754115 -0.09298061812467262 0.002754062241806664 -0.014117043121149897 -0.16579300256003898 -0.10856597470770699 -0.11730907349772564 -0.16553317079430258 -0.19230769230769235 -0.04419445560466051 -0.2482898403851026 0.022669689291905583 -0.02892263195950832 0.16988717416677473 -0.1961950059453032 0.012072920439454304 -0.5901922129127647 -2.4354572046292757 -0.48695184288404636 -0.08614700569681812 -0.13349193761564895 0.008209057326583665 -0.05947200464171744 -0.01137368886642234 -1.3920875612814958 -1.3310104529616729 -2.0835842466578347 -8.21104903786468 -1.449165402124431 -0.38175895765472323 -0.7228444907528001 -0.38016748637511627 -0.2232339550594801 -0.3580370555833751 -3.8443616029822927 -5.25626423690205 -0.9812256464753808 -0.6481481481481481 -0.8673595644642415 -0.9754554655870444 -7.995232718604944 -3.5578292967232223 -0.5185597108299735 -0.1384335154826958 -0.516076421248835 -0.6405228758169934 -0.46335299073294023 -0.2889525470170632 -0.39815851685952464 -0.37603409375783403 -1.0272383046292903 -0.7324516785350967 -0.33181252592285354 -0.014232112821839827 -0.2747187685020723 -0.2507197696737044 -0.236884534292447 -0.022390844632416966 -0.0024633575563493037 0.007578628268283439 0.20471464019851116 -0.10334903192046048 0.057519640852974195 -0.048927361686112156 -0.23720772619451033 -0.11044062393259706 -0.19357941565468315 0.011860989206499823 -0.196554234409124 -0.1395638629283489 0.013556815380823272 -0.11964107676969091 0.013083867591259976
0.14523076923076922 -0.03907994640464492 0.008004574042309892 -0.03845257515730599 -0.0536736641221374 -0.03235858101629914 0.03475670307845084 -0.09222181774056547 0.024228513134404488 0.07463718037318591 0.035943517329910135 -0.0474106491611962 -0.04417910447761194 -0.0697759823723834 -0.23384299113452395 -0.22446406052963427 -0.0066401062416998665 -0.22341376228775692 -0.09298061812467262 6.938893903907229e-19 -0.005133470225872692 -0.1645739363647446 -0.08231925554760199 -0.11012688532439549 -0.14500192480431157 -0.1677852348993289 -0.038837551895004686 -0.22295414238662273 0.034671289505267364 -0.014461315979754152 0.17377772014005965 -0.19738406658739596 0.01569479657129059 -0.5125677673730901 -1.934376192293018 -0.4371805219262847 -0.07642073086008058 -0.14406555643669045 0.006840881105486386 -0.044966637655932694 0.010109945659042083 -1.1241591608710526 -0.9814169570267133 -2.128146453089245 -8.446927374301675 -1.4238745574102176 -0.36612377850162875 -0.57827559260224 -0.3043998404891666 -0.22029666617711857 -0.34802203304957435 -3.9666821994408203 -5.479498861047836 -1.008383516353761 -0.8126218323586745 -0.9057164068299925 -0.9843117408906883 -7.901141638439344 -3.4568061131977728 -0.5213401918531906 -0.1493624772313297 -0.5859739049394221 -0.7403446226975638 -0.49464436153568425 -0.2939344874828746 -0.4056239890506407 -0.3973426924041113 -1.2690851349700745 -0.8176500508646999 -0.3580810175584128 -0.014232112821839824 -0.2699822380106572 -0.23392514395393477 -0.2406052337839514 -0.024878716258241073 0.012316787781746519 0.02147278009346975 0.23697270471464016 -0.07587650444793301 0.07014590347923681 -0.051436457157194825 -0.24511465040099406 -0.12524194466583172 -0.20079355536852228 0.03439686869884948 -0.19655423440912398 -0.13582554517133955 0.0049297510475721 -0.12088733798604187 0.00523354703650399
0.14646153846153848 -0.04019651630192049 0.01829616923956547 -0.04311349335819156 -0.05844465648854961 -0.028763183125599234 0.045928500496524326 -0.08858148282975367 0.021678143330782964 0.08154803040774015 0.052631578947368404 -0.052273279844395816 -0.035820895522388055 -0.06487942220590036 -0.223564178337402 -0.22194199243379575 -0.0013280212483399727 -0.22341376228775695 -0.08774227344159245 -0.006885155604516663 -0.0025667351129363475 -0.1670120687553334 -0.06561679790026247 -0.10653579123773042 -0.13858591043243934 -0.16391326794011357 -0.024106066693451184 -0.2128198631872308 0.04533937858381117 -0.013015184381778741 0.17766826611334458 -0.18549346016646853 0.012072920439454305 -0.41646131099063577 -1.524863283733944 -0.3685768092547754 -0.05557871335278588 -0.1401004493787999 0.012313585989875494 -0.01885697708152016 0.03664855301402755 -0.9280583741876642 -0.7073170731707317 -2.148620980368541 -8.515207945375543 -1.3796155791603437 -0.32052117263843655 -0.4818963271685335 -0.22996145154858433 -0.22029666617711854 -0.33925888833249884 -4.014445479962721 -5.610478359908884 -1.0650608100129886 -1.070906432748538 -0.957683741648107 -0.9691295546558706 -7.694141262075023 -3.278072788498899 -0.5296816349228417 -0.16879174256223436 -0.6372320596458527 -0.888888888888889 -0.5102900469370562 -0.3076348237638561 -0.3969142714943386 -0.4286788668839308 -1.5158177598631979 -0.9206510681586979 -0.3539333609843771 -0.024582740328632426 -0.26406157489638843 -0.21833013435700574 -0.24680639960312542 -0.03731807438736161 0.014780145338095824 0.030314513073133764 0.25434243176178656 -0.06541077969649398 0.07014590347923681 -0.04516371847948815 -0.25415113520840393 -0.12296481839918023 -0.22243597451003963 0.043885660064049335 -0.2099005095850522 -0.12585669781931463 -0.007394626571358147 -0.11590229312063809 -0.0039251602773779926
0.1316923076923077 -0.04354622599374721 0.0022870211549456828 -0.031461197855977625 -0.06083015267175572 -0.020373921380632792 0.040963257199602775 -0.09464870768110667 0.02550369803621525 0.08569454042847272 0.042362002567394086 -0.05956722586919524 -0.03701492537313432 -0.052638021789692735 -0.22356417833740205 -0.21059268600252207 -0.00398406374501992 -0.21830716200689393 -0.08643268727082243 -0.005508124483613329 0.0025667351129363422 -0.171888333536511 -0.05965163445478407 -0.10653579123773042 -0.14243551905556268 -0.14713474445018068 -0.013392259274139545 -0.2128198631872308 0.0440058674489932 -0.011569052783803324 0.1828556607443911 -0.1866825208085612 0.006036460219727151 -0.35485460818137016 -1.1852982322268855 -0.31342480495022873 -0.054189245518966235 -0.16124768702088288 0.02052264331645916 -0.005802146794313902 0.04549475546568937 -0.7342378292098963 -0.4994192799070848 -2.1666867397326266 -8.454376163873372 -1.3265048052604955 -0.2970684039087948 -0.3803073717113832 -0.19008374318755814 -0.2114847995300338 -0.3329994992488733 -4.020270270270269 -5.59111617312073 -1.126461211477152 -1.4022904483430798 -1.0047018064835436 -0.9526821862348178 -7.403086187429432 -3.055303717135086 -0.5255109133880161 -0.1894353369763206 -0.7292637465051258 -1.084967320261438 -0.5331568179082922 -0.3213351600448375 -0.3994027622247106 -0.47129606417648534 -1.8602662758031023 -1.022380467955239 -0.35531591317572236 -0.04010868158882132 -0.2687981053878034 -0.20993282149712092 -0.2455661664392906 -0.053489239955218315 -0.002463357556349305 0.025262094227611477 0.2679900744416873 -0.06541077969649398 0.05892255892255893 -0.048927361686112156 -0.2552806958093302 -0.12865763406580893 -0.2200312612720933 0.05574664927054916 -0.20140742538218878 -0.11339563862928348 -0.007394626571358148 -0.10967098703888337 6.938893903907229e-19
0.1316923076923077 -0.053595355069227336 0.002287021154945684 -0.03262642740619902 -0.056059160305343525 -0.04674017257909876 0.040963257199602775 -0.10314282247300086 0.02932925274164754 0.07325501036627505 0.04492939666238767 -0.038901045465596876 -0.04417910447761193 -0.02693108091565676 -0.2209944751381215 -0.18158890290037832 -0.014608233731739705 -0.1825609600408528 -0.09559979046621267 0.02478656017625998 -0.007700205338809034 -0.1438498110447397 -0.0644237652111668 -0.08259516399329661 -0.15655075067368152 -0.10712441920495615 -0.020088388911209322 -0.1925513047884469 0.03600480064008534 0.007230657989877079 0.18674620671767606 -0.17360285374554102 0.009658336351563443 -0.2969443075406605 -0.9118657001144601 -0.28383104654291097 -0.034736695845491175 -0.16124768702088288 0.03283622930633466 0.0014505366985784703 0.06950587640591431 -0.5666400638467678 -0.34262485481997673 -2.1365771407924843 -8.235878336436993 -1.244309559939302 -0.2644951140065147 -0.2969523313362855 -0.16881563206167752 -0.19239242179468352 -0.33174762143214825 -3.9259086672879775 -5.424829157175399 -1.187861612941315 -1.7982456140350878 -1.034397426379609 -0.9438259109311741 -6.980303600552001 -2.8079264343996893 -0.5143889892951481 -0.20036429872495445 -0.8597390493942217 -1.3036244800950683 -0.5560235888795282 -0.32880807074355467 -0.43673012318029103 -0.5201804963650037 -2.274337364113839 -1.1202950152594098 -0.3732890916632103 -0.03881485315047224 -0.26406157489638843 -0.21593090211132435 -0.24680639960312542 -0.08458763527801966 -0.009853430225397222 0.0012631047113805735 0.27791563275434245 -0.0968079539508111 0.061728395061728406 -0.05645464809936017 -0.2462442110019203 -0.14573608106569508 -0.20800769508236142 0.04388566006404933 -0.18806115020626063 -0.1308411214953271 -0.006162188809465125 -0.12587238285144567 0.009158707313881983
0.12553846153846154 -0.04354622599374721 -0.0034305317324185244 -0.010487065951992542 -0.06440839694656489 -0.004793863854266537 0.038480635551142 -0.0667394733648829 0.015302218821729153 0.1022805805114029 0.04364569961489088 -0.025528811086797953 -0.05014925373134328 -0.004896560166483046 -0.21713992033920082 -0.1639344262295082 -0.013280212483399733 -0.171071109408911 -0.10083813514929281 0.038556871385293304 -0.006416837782340862 -0.1450688772400341 -0.0763540921021236 -0.0730189130955231 -0.1693827794174259 -0.11228704181724318 -0.01874916298379537 -0.18875095008867496 0.029337244965995473 0.0014461315979754157 0.1711840228245364 -0.17003567181926277 0.0012072920439454265 -0.2501232134056185 -0.7020221289584128 -0.23136938391175682 -0.03195776017785188 -0.1401004493787999 0.02052264331645916 0.027560197272991006 0.07708833565019588 -0.46972979135788384 -0.2229965156794425 -2.1016500060219196 -7.973929236499069 -1.1507334344967122 -0.22149837133550493 -0.22792393852565773 -0.1435597500996943 -0.17036275517697166 -0.3117175763645469 -3.754659832246039 -5.140091116173121 -1.2646121147715195 -2.2356237816764137 -1.0715169512496907 -0.9020748987854251 -6.457157194831264 -2.5152182359797957 -0.500486584179063 -0.2367941712204007 -1.0146784715750232 -1.5626856803327391 -0.5632446744493922 -0.3449993772574418 -0.43673012318029103 -0.5728252694911006 -2.6835226578722366 -1.2169379450661242 -0.36084612194110327 -0.04528399534221762 -0.255772646536412 -0.2159309021113244 -0.22944313530943816 -0.11568603060082099 0.0024633575563493006 -0.011367942402425162 0.2779156327543425 -0.12035583464154893 0.06032547699214365 -0.05645464809936018 -0.2597989382130351 -0.17420015939883865 -0.20079355536852228 0.015419285968449766 -0.190487745692793 -0.1395638629283489 -0.001232437761893025 -0.13334995014955134 0.01700902786863797
0.12676923076923077 -0.04466279589102278 -0.002287021154945683 -0.0186436728035423 -0.06798664122137404 -0.014381591562799615 0.04220456802383316 -0.0630991384540711 0.019127773527161437 0.110573600552868 0.042362002567394086 -0.006078288353999514 -0.059701492537313425 0.012241400416207608 -0.21457021713992028 -0.13745271122320304 -0.014608233731739709 -0.15319800842589046 -0.09429020429544263 0.04406499586890664 0.0012833675564681713 -0.1353163476776789 -0.0644237652111668 -0.07661000718218818 -0.17194918516617477 -0.10841507485802789 -0.024106066693451188 -0.18495059538890293 0.029337244965995473 0.0014461315979754168 0.17766826611334458 -0.15576694411414982 -0.006036460219727154 -0.20823065549531788 -0.5150705837466616 -0.19235942964756522 -0.012505210504376824 -0.12952683055775838 0.04104528663291832 0.04641717435451117 0.08087956527233667 -0.3853608482499145 -0.1370499419279907 -2.054679031675298 -7.599006828057107 -1.0457764289327263 -0.1954397394136808 -0.16671008075019533 -0.1262794098099163 -0.14245851079453664 -0.28542814221331997 -3.5181733457595525 -4.814350797266515 -1.3744243712362734 -2.65229044834308 -1.0863647611977232 -0.8590587044534412 -5.823610588382889 -2.219919699520788 -0.4629500903656332 -0.2586520947176685 -1.2080615097856477 -1.8205585264408797 -0.5897219882055602 -0.3524722879561589 -0.45539380365808124 -0.6029079969917273 -3.0695004275070232 -1.281790437436419 -0.3456380478363058 -0.05822227972570837 -0.24629958555358197 -0.22312859884836853 -0.23564430112861218 -0.1455404901107103 -0.0012316787781746538 -0.03157761778451434 0.2642679900744417 -0.14521193092621665 0.06453423120089787 -0.05143645715719484 -0.2597989382130351 -0.17989297506546736 -0.19117470241673679 0.003558296761949942 -0.17350157728706622 -0.14330218068535824 0.0024648755237860463 -0.1321036889332004 0.027476121941645948
0.12799999999999997 -0.06141134435015631 -0.011435105774728416 -0.034956886506641804 -0.05844465648854961 -0.015580057526366247 0.04716981132075471 -0.043684018929741525 0.0306044376434583 0.11195577055977883 0.03594351732991015 -0.00850960369559932 -0.07761194029850746 0.01713796058269066 -0.20557625594243864 -0.1488020176544767 -0.019920318725099605 -0.17234775947912676 -0.09036144578313254 0.02478656017625998 0.0025667351129363457 -0.12678288431061807 -0.05487950369840135 -0.06703375628441466 -0.15526754779930707 -0.10712441920495612 -0.014731485201553502 -0.1988852292880669 0.04133884517935725 -0.0014461315979754168 0.1750745687978213 -0.16171224732461356 -0.016902088615236024 -0.1798915722030557 -0.354826402136589 -0.15469464622006995 -0.01389467833819647 -0.126883425852498 0.04241346285401559 0.050768784450246594 0.10236319979780109 -0.3249344430509634 -0.0673635307781649 -1.9775984583885342 -7.080074487895717 -0.9484066767830045 -0.1680781758957655 -0.15498827819744723 -0.10899906952013823 -0.14098986635335584 -0.26164246369554334 -3.2304287045666356 -4.398633257403189 -1.4818750737985593 -3.0799220272904484 -1.0900767136847314 -0.8008603238866397 -5.116045665537573 -1.9013081207097529 -0.4337550396218545 -0.2829386763812993 -1.4445479962721341 -2.097445038621509 -0.6210133590083042 -0.3686635944700461 -0.4765459748662435 -0.6530458761594385 -3.3113472578478076 -1.33646998982706 -0.3497857044103415 -0.06857290723250098 -0.2664298401420959 -0.24472168905950092 -0.25300756542229935 -0.1691752705560393 -0.036950363345239566 -0.06189213085764811 0.19602977667493798 -0.1726844583987441 0.04349046015712682 -0.06398193451260821 -0.249632892804699 -0.1958328589320278 -0.17554406637008538 -0.008302692444549873 -0.17471487503033242 -0.13707165109034267 -0.0036973132856790757 -0.13210368893320043 0.024859348423393955
0.12676923076923077 -0.07146047342563645 -0.01486563750714694 -0.05010487065951992 -0.05605916030534351 -0.00838926174496644 0.053376365441906645 -0.03518990413784734 0.033154807447079826 0.11057360055286802 0.026957637997432605 -0.02552881108679796 -0.08716417910447762 0.009793120332966091 -0.1952974431453167 -0.13745271122320304 -0.021248339973439577 -0.16213455891740072 -0.09036144578313254 0.02478656017625998 -0.007700205338809034 -0.11946848713885164 -0.06919589596754952 -0.07421594445774479 -0.17708199666367253 -0.10325245224574083 -0.029462970403107008 -0.19761844438814286 0.03200426723563142 -0.0014461315979754162 0.1750745687978213 -0.14863258026159334 -0.025353132922854037 -0.1515524889107935 -0.19076688286913393 -0.11433952111918214 0.00972627483673753 -0.12159661644197725 0.057463401286085646 0.05802146794313896 0.1175281182863642 -0.27818948808573707 -4.163336342344337e-18 -1.8908828134409248 -6.438237119801366 -0.8295397066262014 -0.13550488599348537 -0.1276374055743683 -0.08906021533962513 -0.11161697752974005 -0.2516274411617426 -2.894920782851817 -3.9157175398633264 -1.618845200141693 -3.5051169590643267 -1.0876020786933924 -0.7477226720647773 -4.395935265336847 -1.5697448517031471 -0.4073404699012929 -0.3047965998785671 -1.6495806150978567 -2.330362448009507 -0.6378625586713202 -0.38360941586748043 -0.47032474804031343 -0.6831286036600651 -3.3235617442286554 -1.3390132248219735 -0.3359601824968893 -0.08151119161599173 -0.2889283599763174 -0.2627159309021113 -0.2728512960436562 -0.1741510138076875 -0.052962187461510046 -0.08210180623973728 0.1439205955334987 -0.18576661433804292 0.035072951739618406 -0.0740183163969389 -0.25189201400655153 -0.20380280086530797 -0.18997234579776362 -0.03083857193689954 -0.18563455471972823 -0.1383177570093458 -0.01355681538082327 -0.11964107676969093 0.02355096166426796
0.13415384615384612 -0.07034390352836088 -0.008004574042309892 -0.05826147751106967 -0.040553435114503815 0.0071907957813998145 0.05585898709036742 -0.012134449702705972 0.03187962254526906 0.11610228058051139 0.03209242618741977 -0.01945052273279844 -0.08238805970149253 0.01101726037458685 -0.16831555955287164 -0.11349306431273645 -0.010624169986719787 -0.1340482573726542 -0.08381351492928235 0.02065546681354998 -0.006416837782340862 -0.10483969279531877 -0.0632307325220711 -0.06344266219774958 -0.16424996791992813 -0.08905524006195147 -0.029462970403107008 -0.178616670889283 0.022669689291905583 -0.002892263195950833 0.18285566074439114 -0.13436385255648037 -0.024145840878908607 -0.12937407589945787 -0.12844970113188353 -0.07667473769168684 0.008336807002917885 -0.10044937879989428 0.03557258174852921 0.05366985784740354 0.121319347908505 -0.2531068293239083 0.005807200929152151 -1.7439479706130314 -5.59528243327126 -0.703085483055134 -0.1185667752442997 -0.11070591299817663 -0.0903894722849927 -0.09693053311793215 -0.22283425137706558 -2.5349487418452936 -3.374715261958998 -1.703861140630535 -3.5136452241715395 -1.044295966344964 -0.6869939271255061 -3.7184794881445242 -1.264084963087683 -0.3837063812039483 -0.3108682452944748 -1.6554054054054053 -2.291146761734997 -0.6438801299795402 -0.38360941586748043 -0.4765459748662435 -0.6806217097016797 -3.144008794430194 -1.257629704984741 -0.3193695562007466 -0.09186181912278432 -0.2924807578448786 -0.26751439539347405 -0.27285129604365616 -0.17788282124642366 -0.07020569035595517 -0.09346974864216244 0.10918114143920594 -0.20146520146520147 0.02665544332210999 -0.07150922092585622 -0.24511465040099406 -0.20949561653193668 -0.19838884213057592 -0.047443956825999285 -0.18563455471972817 -0.13582554517133955 -0.013556815380823272 -0.1134097706879362 0.015700641109511974
0.1403076923076923 -0.080393032603841 0.006861063464837049 -0.08273129806571894 -0.011927480916030537 1.3877787807814458e-18 0.08316782522343595 -0.0012134449702705997 0.06630961489415965 0.11748445058742225 0.034659820282413344 -0.017019207391198637 -0.07402985074626867 2.7755575615628915e-18 -0.1426185275600668 -0.09836065573770492 -2.0816681711721684e-18 -0.10213200561726032 -0.06678889470927188 0.01790140457174332 -0.006416837782340862 -0.09752529562355237 -0.04772130756382725 -0.056260474024419437 -0.146285127678686 -0.07227671657201858 -0.01740993705638141 -0.16341525209019508 0.03333777837044939 -0.008676789587852495 0.17637141745558294 -0.1343638525564804 -0.016902088615236028 -0.12321340561853131 -0.06613251939463309 -0.057842345977939205 0.02501042100875365 -0.09119746233148296 0.04651799151730743 0.04206556425877574 0.12131934790850499 -0.22460380800364838 0.009291521486643441 -1.5705166807178128 -4.762259466170081 -0.5677794638340921 -0.08599348534201956 -0.0950768429278458 -0.07045061810447958 -0.091055955353209 -0.20155232849273913 -2.1551724137931036 -2.810933940774487 -1.6719801629472193 -3.4052144249512666 -0.9638703291264539 -0.6085526315789475 -3.015932756241375 -0.9869187929024736 -0.3433894063673016 -0.31815421979356406 -1.6379310344827585 -2.190136660724896 -0.6306414731014562 -0.3574542284219703 -0.4591265397536393 -0.6517924291802457 -2.943691217784292 -1.1419125127161753 -0.29863127333056827 -0.0931556475611334 -0.2924807578448786 -0.24952015355086368 -0.26913059655215177 -0.17290707799477542 -0.0874491932504003 -0.08210180623973728 0.0620347394540943 -0.1923076923076923 0.0028058361391694736 -0.057709195834901514 -0.24850333220377277 -0.19014004326539907 -0.21642419141517372 -0.045071758984699326 -0.190487745692793 -0.12585669781931463 -0.014789253142716294 -0.1034396809571286 0.013083867591259974
0.13415384615384612 -0.07927646270656544 0.0022870211549456823 -0.08040083896527615 -0.01789122137404581 0.0239693192713327 0.07199602780536246 0.023055454435141363 0.05993369038510584 0.12577747062888733 0.0410783055198973 -0.019450522732798445 -0.05850746268656717 -0.007344840249724574 -0.10664268277014002 -0.08575031525851198 0.02257636122177955 -0.08681220477467125 -0.03928758512310111 0.009639217846323322 -0.007700205338809034 -0.1036206266000244 -0.048914340252922926 -0.06583672492219296 -0.13858591043243937 -0.08260196179659265 -0.008035355564483728 -0.16468203699011907 0.04800640085344713 -0.015907447577729574 0.17637141745558296 -0.13674197384066586 -0.007243752263672583 -0.11951700344997533 -0.029250922039933857 -0.03497444175410277 0.03334722801167154 -0.08855405762622258 0.047886167738404706 0.030461270670147957 0.12384683432326549 -0.20864211606430283 0.003484320557491294 -1.3874503191617489 -3.9366852886405956 -0.4564997470915529 -0.05472312703583062 -0.07684292784579316 -0.04785325003323142 -0.07343222205903951 -0.1927891837756635 -1.801025163094129 -2.2744874715261956 -1.6330145235565001 -3.2334307992202733 -0.8871566443949519 -0.5402327935222673 -2.384895245264082 -0.7486076933039761 -0.2989017099958293 -0.3254401942926533 -1.5924976700838769 -2.086749851455734 -0.6041641593452882 -0.3537177730726117 -0.4516610675625232 -0.6254700426171973 -2.68962990106266 -1.0223804679552393 -0.2668325729296281 -0.08927416224608617 -0.2984014209591474 -0.2375239923224568 -0.26913059655215177 -0.1604677198656549 -0.11454612637024267 -0.08336491095111785 0.01736972704714641 -0.18184196755625326 -0.009820426487093154 -0.06021829130598418 -0.24285552919914152 -0.17306159626551293 -0.2200312612720933 -0.06167714387379908 -0.17835476826013102 -0.11962616822429906 -0.011091939857037223 -0.0872382851445663 0.022242574905141962
0.12553846153846154 -0.080393032603841 -0.002287021154945683 -0.08040083896527615 -0.010734732824427481 0.026366251198465963 0.06330685203574975 0.03883023904865914 0.0675847997959704 0.1299239806496199 0.0423620025673941 -0.02674446875759786 -0.05253731343283582 -0.015913820541069906 -0.06938198638057302 -0.0807061790668348 0.04249667994687915 -0.07276905400229797 -0.022262964903090633 0.00826218672541999 -0.001283367556468172 -0.09021089845178594 -0.031018849916487713 -0.04788125448886761 -0.1193378673168228 -0.05162622612287041 -0.0026784518548279095 -0.13681276919179125 0.053340445392719024 0.0 0.16729347685125145 -0.15576694411414982 -0.010865628395508878 -0.1330704780680138 -0.005087116876510242 -0.03766478342749529 0.02778935667639294 -0.09516256938937352 0.0424134628540156 0.011604293588627794 0.12005560470112472 -0.19838102838900923 -0.011614401858304296 -1.1935445019872333 -3.1880819366852884 -0.3654527061203845 -0.04429967426710098 -0.06121385777546236 -0.05981656254153929 -0.044059333235423694 -0.17776664997496244 -1.4387232059645851 -1.759681093394077 -1.5444562522139569 -2.959307992202729 -0.8042563721851028 -0.4719129554655871 -1.8090578346506085 -0.5659888615464318 -0.2474628110663145 -0.30115361262902246 -1.5249301025163093 -1.9061200237670828 -0.5812973883740521 -0.32880807074355467 -0.4479283314669652 -0.5903735271997995 -2.383046292903384 -0.8875890132248221 -0.24471173786810452 -0.08280502005434079 -0.28063943161634103 -0.22552783109404992 -0.2517673322584646 -0.15673591242691876 -0.12316787781746522 -0.09599595806492359 -0.008684863523573203 -0.19623233908948193 -0.004208754208754206 -0.060218291305984196 -0.23043036258895286 -0.16736878059888421 -0.20440062522544186 -0.07828252876289885 -0.16258189759767047 -0.13457943925233645 -0.0049297510475721 -0.09970089730807577 0.03270966897814994
0.1403076923076923 -0.06922733363108531 0.011435105774728416 -0.07573992076439058 -0.0023854961832061095 0.03235858101629914 0.06082423038728898 0.0752335881567771 0.062484060188727354 0.14512785072563925 0.05006418485237485 -0.02674446875759786 -0.04656716417910448 -0.03550006120700208 -0.04496980598740846 -0.0794451450189155 0.03187250996015936 -0.049789352738414394 -0.026191723415400735 0.011016248967226656 -0.01026694045174538 -0.09264903084237475 -0.031018849916487717 -0.06463969355997128 -0.10650583857307842 -0.0748580278781621 -0.006696129637069774 -0.13174562959209526 0.053340445392719024 -0.010122921185827912 0.1621060822202049 -0.1426872770511296 -0.004829168175781727 -0.11212419911286346 0.005087116876510238 -0.022867904223836426 0.02778935667639294 -0.06212001057361882 0.038308934190723766 0.017406440382941684 0.12763806394540628 -0.17557861133280128 -0.017421602787456445 -0.9755510056606044 -2.504034761018001 -0.2630247850278199 -0.031270358306188926 -0.04037509768168793 -0.05981656254153926 -0.017623733294169476 -0.1539809714571858 -1.119524697110904 -1.3291571753986333 -1.434643995749203 -2.6072124756335286 -0.7300173224449396 -0.4035931174089068 -1.3210387655250284 -0.422225100375599 -0.21270679827610178 -0.27686703096539156 -1.4095992544268408 -1.6779560308972072 -0.5367673606932242 -0.31386224934612034 -0.42802040562398896 -0.5515166708448234 -1.97996824233541 -0.7515259409969481 -0.20738282870178346 -0.08927416224608617 -0.25222024866785075 -0.22312859884836853 -0.22820290214560335 -0.17290707799477548 -0.10592437492302009 -0.10104837691044588 -0.02109181141439206 -0.20146520146520142 0.02104377104377105 -0.057709195834901514 -0.22591212018524792 -0.1537060229989753 -0.2092100517013346 -0.09370181473134861 -0.18199466148992965 -0.14205607476635512 -0.011091939857037223 -0.10468594217347955 0.03140128221902395
0.13292307692307692 -0.045779365788298346 0.00686106346483705 -0.061757166161733844 -0.004770992366412217 0.06591562799616492 0.05585898709036743 0.10556971241354204 0.05228258097424125 0.15480304077401522 0.04107830551989731 -0.03646973012399708 -0.05134328358208955 -0.055086301872934264 -0.029551586791725558 -0.07944514501891552 0.026560424966799466 -0.04085280224690413 -0.024882137244630696 0.004131093362709998 -0.012833675564681726 -0.1048396927953188 -0.03340491529467907 -0.07182188173330142 -0.0962402155780829 -0.09163655136809498 -0.009374581491897687 -0.12921205979224729 0.06134151220162688 -0.023138105567606652 0.16210608222020492 -0.1426872770511296 -0.004829168175781725 -0.10596352883193691 0.01907668828691339 -0.00941619585687382 0.022231485341114354 -0.03965107057890563 0.030099876864140108 0.018856977081520163 0.10489068621256159 -0.16987800706874928 -0.031358885017421595 -0.7973021799349633 -1.9279950341402856 -0.1858877086494689 -0.036482084690553744 -0.024746027611357115 -0.06779210421374451 0.010280511088265531 -0.13645468202303457 -0.8434296365330848 -1.0000000000000002 -1.3000354233085372 -2.192982456140351 -0.6495916852264292 -0.3555161943319838 -0.9308744197716724 -0.3263825929283772 -0.17934102599749754 -0.2659380692167577 -1.2325256290773532 -1.4212715389185981 -0.4669635335178722 -0.29767094283223317 -0.37327360955580435 -0.4888443218851843 -1.4950531330157564 -0.5989318413021364 -0.16452371077008157 -0.09703713287618063 -0.2238010657193606 -0.21353166986564295 -0.19843730621356817 -0.17290707799477548 -0.08621751447222566 -0.10610079575596817 -0.026054590570719616 -0.19492412349555205 0.035072951739618406 -0.06147283904152553 -0.21461651417598548 -0.14459751793236936 -0.21522183479620055 -0.1055628039378484 -0.18563455471972823 -0.14205607476635512 -0.0012324377618930266 -0.10094715852442673 0.03401805573727593
0.1243076923076923 -0.050245645377400616 0.005717552887364206 -0.07923560941505475 0.00715648854961832 0.05393096836049856 0.06082423038728898 0.09828904259191847 0.05738332058148431 0.1326883206634416 0.029525032092426195 -0.042548018477996594 -0.05253731343283582 -0.09058636307993634 -0.0064242579982012145 -0.09079445145018916 0.03851261620185923 -0.04468275245755138 -0.00654793085385018 -0.004131093362709996 -0.02053388090349076 -0.09752529562355236 -0.03459794798377476 -0.07421594445774479 -0.07057615809059413 -0.07872999483737739 -0.0013392259274139576 -0.12287813529262732 0.07334311241498866 -0.02313810556760665 0.1478407469848269 -0.1403091557669441 3.4694469519536144e-19 -0.10965993100049287 0.03433803891644411 -0.013451708366962602 0.019452549673475057 -0.05022468939994714 0.02325899575865372 -0.0014505366985784799 0.08719828130923796 -0.15505643598221414 -0.05226480836236933 -0.6262796579549561 -1.3407821229050279 -0.12898330804248864 -0.03257328990228013 -0.03516540765824432 -0.06380433337764191 0.011749155529446319 -0.12268402603905862 -0.6220876048462256 -0.755125284738041 -1.1465344196481284 -1.710526315789474 -0.5617421430339026 -0.2947874493927125 -0.6460920838037887 -0.23054008548115537 -0.15848741832336993 -0.24529447480267147 -1.0403075489282387 -1.1194295900178255 -0.41160187748224814 -0.2740067256196288 -0.340923230060968 -0.42491852594635243 -1.006473677781849 -0.45523906408952197 -0.14793308447393888 -0.09444947599948247 -0.20248667850799293 -0.20153550863723607 -0.19595683988589857 -0.1480283617365344 -0.08991255080674962 -0.07957559681697612 -0.03846153846153848 -0.15960230245944534 0.043490460157126834 -0.0677455777192322 -0.19428442335931323 -0.13207332346578618 -0.22724540098593243 -0.0925157158106986 -0.17835476826013105 -0.12585669781931463 -0.009859502095144195 -0.08848454636091725 0.030092895459897944
0.12307692307692306 -0.04689593568557392 0.003430531732418525 -0.07340946166394778 0.02743320610687023 0.06831255992329818 0.06206554121151937 0.10556971241354204 0.07013516959959194 0.12854181064270906 0.01283697047496791 -0.04741064916119621 -0.06567164179104476 -0.09425878320479864 0.0012848515996402355 -0.0794451450189155 0.021248339973439577 -0.04212945231711988 -0.006547930853850183 -0.011016248967226661 -0.02053388090349076 -0.09752529562355236 -0.03459794798377475 -0.05745750538664114 -0.04747850635185423 -0.07098606091894681 0.013392259274139545 -0.1051431466936914 0.08534471262835044 -0.020245842371655817 0.1413565036960187 -0.13793103448275862 0.008451044307618009 -0.09733859043863974 0.048327610326847265 -0.005380683346785041 0.016673614005835762 -0.04493787998942639 0.028731700643042823 -0.004351610095735423 0.08719828130923796 -0.14821571086535174 -0.05226480836236933 -0.4576659038901602 -0.8255741775294847 -0.06196256954982295 -0.026058631921824105 -0.031258140140661625 -0.0505117639239665 0.011749155529446319 -0.10390585878818226 -0.4368592730661696 -0.5148063781321184 -0.9528869996457671 -1.2353801169590644 -0.4763672358327146 -0.2302631578947368 -0.4478735415882573 -0.14117342313171868 -0.14319477269567635 -0.2112932604735883 -0.8003261882572229 -0.8033273915626857 -0.34179805030689614 -0.23913314235894875 -0.3011073783750155 -0.35472549511155677 -0.5276658116526199 -0.3013733468972533 -0.13963777132586755 -0.09186181912278432 -0.1847246891651865 -0.1967370441458733 -0.16495101079002855 -0.12936932454285358 -0.06774233279960587 -0.06315523556902869 -0.03101736972704717 -0.1295133437990581 0.05190796857463524 -0.06021829130598418 -0.1762114537444934 -0.119549128999203 -0.21882890465312008 -0.08539912228679872 -0.18199466148992963 -0.11713395638629283 -0.022183879714074442 -0.07851445663010967 0.022242574905141962
