0.06387421692666748 0.023561090541905083 0.07061197041022192 0.049613476404753665 0.11043233082706767 0.049557522123893805 0.07705479452054795 0.12000000000000002 0.19612870144853226 0.05104152296868532 0.051826570597901654 0.11119257086999021 0.041981528127623846 0.03573629081947012 -0.02824496084221338 0.0663472171028382 0.022069323640140207 0.14487179487179486 -0.09413948554760009 0.04269384382316485 0.022985570169837825 0.08277736595008649 0.061430980486629726 0.045383972291890604 0.023875345564212114 0.07178841309823678 -0.016821946169772263 0.12448665297741275 -0.03365190469780589 0.039209991286668605 0.02098085496984002 0.15972894482090996 0.07995154451847365 -0.018475181672619783 0.018811136192626032 0.024177300201477486 0.04909524477486324 -0.09530112508272667 -0.06747452492426328 -0.008684324793747283 0.057009587976159626 0.14387647678091003 0.06881822496440435 0.11672195601425236 -0.004924895345973898 -0.03865336658354115 -0.26258485974125784 -1.0908385093167703 -0.374701036407122 -0.12150490411359978 0.0025335697998479846 0.11316751149357537 0.02289639381797367 0.15171425158284554 -0.06441419543023821 0.03360716952949962 -0.36170756646216773 -0.12472954053710068 -0.2471583399418451 0.01679026164824402 0.1119942196531792 0.12930527800634772 0.12173501950124099 0.05450581395348836 0.04360827311238475 -0.17790495148046778 -0.7174490699734278 -0.568379250434351 -0.14388489208633093 -0.04434589800443459 0.022953328232593728 0.03075467234445233 0.05483371081177733 -0.007418397626112759 0.029534826482894412 -0.0780107264748903 -0.2817425840883704 -0.20519835841313272 -0.026399155227032733 -0.08703220191470844 0.05967922417008579 0.06110671042208895 0.054520672421626525 0.09109433057653121 -0.0695262785764789 0.14035087719298245 -0.10429600198659053 0.16417726206641156 0.0073900726690479136 0.07598197037990986
0.06141751627564181 0.025805003926848424 0.06276619592019726 0.05999769239644629 0.10573308270676691 0.044837758112094395 0.07093933463796478 0.12606060606060607 0.17433662350980647 0.042764519244033655 0.05688282138794085 0.1099706744868035 0.02518891687657431 0.048059149722735686 -0.028244960842213385 0.05528934758569849 0.031156692197844994 0.14358974358974358 -0.11005038451339166 0.041316623054675664 0.03447835525475674 0.07659995058067706 0.07227174174897615 0.04180102711095187 0.0464940939934657 0.055415617128463476 0.023291925465838508 0.12962012320328545 -0.028267599946156952 0.03340110368864362 0.018358248098610017 0.16456921587608905 0.06299212598425197 -0.009853430225397218 0.01504890895410083 -0.02149093351242446 0.011221770234254452 -0.21442753143613497 -0.1019003029468466 -0.026052974381241857 0.03627882871210157 0.14387647678091003 0.03559563360227811 0.10689273866568375 -0.04186161044077814 -0.09226932668329177 -0.5341360317663636 -1.9151138716356109 -0.5527504650544779 -0.14931927975406237 0.016468203699011908 0.10963102675940117 0.01602747567258157 0.14932505077051728 -0.05104521147301896 -0.002489419965148132 -0.38471370143149286 -0.2036400661830215 -0.274914089347079 -0.005596753882748001 0.10717726396917149 0.10109321735041732 0.1051885119962179 0.01937984496124031 0.01121355594318465 -0.3271958198556855 -1.5082879919018093 -0.9096550012410027 -0.20811921891058582 -0.08037694013303769 0.03442999234889059 0.01537733617222617 0.03695315293837168 -0.030909990108803166 0.015998031011567805 -0.14505119453924914 -0.5907906168549089 -0.3631389130705136 -0.07655755015839492 -0.12039454598201335 0.05719258982966554 0.058843498924974535 0.03861880963198547 0.09109433057653121 -0.0671694555738864 0.14640048396854205 -0.06580581077725355 0.16911492408344647 -0.00615839389087326 0.0746941403734707
0.07492936985628301 0.03590261415909346 0.06388702084734364 0.06461289950386524 0.11160714285714286 0.053097345132743355 0.07950097847358122 0.10787878787878788 0.17690039738495067 0.030349013657056147 0.07457969915307801 0.11852394916911047 0.046779417056495146 0.05422057917436844 -0.005135447425856974 0.05160339107998525 0.04284045177203687 0.11794871794871793 -0.10076902678334658 0.03443051921222971 0.04597114033967565 0.07783543365455894 0.07829438689472416 0.04180102711095187 0.05026388539834129 0.05541561712846349 0.032349896480331264 0.09496919917864477 -0.04038228563736707 0.030496659889631135 0.028848675583530027 0.16456921587608903 0.056935190793458504 -0.003695036334523957 0.022573363431151242 -0.0671591672263264 -0.04628980221629962 -0.3017868960953011 -0.13081795648581657 -0.04486901143436097 0.019435086810054417 0.13334892969938006 0.005932605600379681 0.09952082565425727 -0.054173848805712875 -0.270573566084788 -0.9760471371845778 -2.81444099378882 -0.6656922668083975 -0.18884497145366713 0.029136052698251834 0.10727337026995168 0.01259301659988552 0.15171425158284552 -0.05347593582887701 -0.03236245954692557 -0.42816973415132925 -0.2761868397607229 -0.3106000528680941 -0.034979711767175035 0.115606936416185 0.08228517691313038 0.08627821770476302 -0.009689922480620155 -0.04111637179167705 -0.4640457825329684 -2.368720738959889 -1.2447257383966246 -0.25822199383350464 -0.1233370288248337 0.04590665646518745 0.004731488052992674 0.0357611157468113 -0.048219584569732944 -0.0024612355402412025 -0.21331058020477817 -0.971825741591163 -0.5235667205571446 -0.1293558606124604 -0.14940527995358283 0.06962576153176675 0.05771189317641734 0.04543389368468879 0.09349154980222943 -0.06009898656610889 0.13672111312764673 -0.02979885771045443 0.15800518454511786 -0.013548466559921174 0.06310367031551836
0.08721287311141138 0.04039044092898014 0.07397444519166106 0.06576670128071997 0.11983082706766916 0.055457227138643074 0.08806262230919765 0.08969696969696968 0.17561851044737856 0.033108014898606694 0.06952344836303881 0.10630498533724339 0.05397625044980209 0.04313000616142945 0.0012838618564642427 0.06388991276569603 0.05322601583798521 0.0987179487179487 -0.09679130204189869 0.03856218151769729 0.03830928361639638 0.07536446750679515 0.07829438689472415 0.03224650662844858 0.04775069112842423 0.0642317380352645 0.001293995859213254 0.04620123203285423 -0.05518912370440167 0.011617775196049956 0.026226068712300023 0.17303969022265245 0.06299212598425195 -0.006158393890873264 0.016302984700275896 -0.08327736736064476 -0.15429934072099877 -0.3573792190602251 -0.13908014321123657 -0.05355333622810826 0.010365379632029017 0.10176628845479004 -0.014238253440911241 0.049146086742843084 -0.1354346220142822 -0.4638403990024938 -1.9777123094658637 -3.1262939958592133 -0.6989104437948445 -0.20933977455716585 0.027869267798327844 0.0978427443121537 0.011448196908986834 0.13379524549038346 -0.07899854156538648 -0.10082150858849888 -0.49846625766871167 -0.3321878579610538 -0.32249537404176576 -0.05736672729816705 0.09272639691714837 0.07053015163982602 0.04373005554898948 -0.06661821705426356 -0.22053326688263147 -1.2042796715600896 -2.862204226243199 -1.346487962273517 -0.2967625899280576 -0.145509977827051 0.04590665646518745 -0.015377336172226164 0.019072595064966023 -0.08160237388724037 -0.07383706620723604 -0.44246708922476846 -1.1877870175003102 -0.6342494714587738 -0.18083421330517424 -0.16826225703510297 0.06962576153176675 0.048659047187959714 0.03748296228986825 0.08270406328658757 -0.07541833608296017 0.1137326073805203 -0.00993295257015148 0.12097271941735588 -0.028328611898016998 0.050225370251126854
0.08598452278589855 0.03702457085156513 0.07061197041022192 0.058843890619591555 0.12335526315789473 0.053097345132743355 0.08072407045009784 0.06424242424242424 0.17177284963466224 0.020692509311629186 0.08342813803564655 0.09897360703812316 0.04797888928871297 0.044362292051756014 0.01412248042110669 0.04791743457427202 0.0662079709204206 0.07179487179487179 -0.08088040307610714 0.03443051921222971 0.033201379134210195 0.07536446750679515 0.07829438689472416 0.03224650662844859 0.05403367680321689 0.05919395465994962 -0.03623188405797102 0.01540041067761807 -0.053843047516489426 -0.0014522218995062397 0.03147128245476003 0.16456921587608905 0.07631738340399756 -0.02217021800714374 0.017557060446450966 -0.19073203492276697 -0.2482816664328798 -0.4182660489741893 -0.13081795648581657 -0.0694745983499783 0.002591344908007256 0.05965610012867002 -0.04271476032273375 -0.022115739034279408 -0.2166953952228515 -1.0012468827930174 -2.9819392852568205 -3.295807453416149 -0.725484985384002 -0.24740155174937786 0.024068913098555866 0.09902157255687845 0.008013737836290785 0.12662764305339863 -0.10816723383568302 -0.19044062733383121 -0.568762781186094 -0.374188621611302 -0.33174729051017704 -0.08535049671190709 0.0758670520231214 0.03761608087457387 0.001181893393215927 -0.14656007751937983 -0.3912285073511089 -2.154764866882309 -3.335442237125142 -1.4358401588483498 -0.31474820143884896 -0.16768292682926828 0.039530731956133644 -0.024840312278211495 -0.011920371915603769 -0.12734915924826903 -0.15382722126507506 -0.7532910775231595 -1.4124363907161475 -0.7188160676532769 -0.23099260823653642 -0.18276762402088773 0.07459903021260723 0.04526422994228811 0.03975465697410269 0.08150545367373847 -0.07777515908555269 0.11736237144585601 0.027315619567916567 0.09504999382792248 -0.028328611898016998 0.039922730199613655
0.09826802604102688 0.061707618085941884 0.06724949562878278 0.08768893504095997 0.11278195488721805 0.08377581120943953 0.0611545988258317 0.07393939393939394 0.17177284963466222 0.022072009932404473 0.07457969915307798 0.11974584555229714 0.029986805805445604 0.06284658040665433 0.008987032995249711 0.07371913011426465 0.04933142931325457 0.08461538461538462 -0.09413948554760011 0.042693843823164844 0.040863235857489466 0.08401284902396837 0.07347627077812575 0.04180102711095187 0.049007288263382756 0.003778337531486142 -0.08799171842650103 -0.015400410677618059 -0.06191950464396284 -0.010165553296543707 0.03933910306845004 0.14157792836398836 0.06541490006056935 -0.04310875723611282 -0.006270378730875345 -0.35460040295500334 -0.3142095665591247 -0.4778292521508935 -0.1445882676948499 -0.10131712259371835 -0.012956724540036279 0.03275236869809334 -0.07949691504508781 -0.08723430396854652 -0.3225806451612903 -1.940149625935162 -3.811963622390162 -3.37991718426501 -0.7520595269731596 -0.2620406968233055 0.027869267798327844 0.08959094659908051 -0.009158557527189467 0.0943734320869669 -0.16893534273213417 -0.2949962658700523 -0.6620654396728016 -0.407280132366043 -0.3515728257996299 -0.10353994683083809 0.06623314065510597 0.016457035382626065 -0.057912776267580665 -0.2325581395348837 -0.7214054323448791 -2.899975118188604 -3.5594078198152603 -1.480516257135766 -0.35071942446043164 -0.18431263858093128 0.03187962254526906 -0.024840312278211495 -0.03933722732149243 -0.16567754698318496 -0.2596603494954467 -0.98488542174549 -1.5477224773488891 -0.7685611242382789 -0.27455121436114044 -0.19292138091093705 0.07211239587218699 0.049790652936516924 0.021581099500227165 0.08030684406088938 -0.10841385811925526 0.14398064125831822 0.013657809783958284 0.09504999382792248 -0.05049882990516073 0.039922730199613655
0.10809482864512958 0.05497587793111186 0.0661286707016364 0.07499711549555786 0.12100563909774435 0.05663716814159292 0.03791585127201566 0.052121212121212124 0.16536341494680168 0.0013795006207752759 0.06699532296801922 0.10141739980449657 0.021590500179920834 0.056685150955021565 0.014122480421106693 0.06757586927140927 0.03894586524730624 0.05769230769230769 -0.1020949350304959 0.027544415369783776 0.04597114033967565 0.06795156906350383 0.07588532883642495 0.02746924638719695 0.05026388539834129 -0.03274559193954659 -0.13716356107660457 -0.04876796714579055 -0.07672634271099743 -0.04501887888469358 0.04065040650406504 0.14278799612778312 0.0581465778316172 -0.07020569035595517 -0.0489089541008277 -0.5157824042981867 -0.37452658156824237 -0.5095962938451357 -0.16662076562930322 -0.12592270950933565 -0.03368748380409432 -0.012867001988536663 -0.12933080208827716 -0.20149895564565673 -0.5023393252893376 -2.985037406483791 -4.287178173434097 -3.4394409937888204 -0.7799627956417751 -0.28692724344898257 0.02913605269825184 0.06955086643875986 -0.027475672581568404 0.06450842193286346 -0.2455031599416626 -0.38337067463281055 -0.7413087934560327 -0.4390988927071401 -0.37932857520486385 -0.12732615083251714 0.05780346820809249 -0.037616080874573875 -0.11700744592837727 -0.38275193798449614 -1.311986045352604 -3.378949987559094 -3.6024294571681645 -1.5177463390419461 -0.3712744090441933 -0.22450110864745013 0.008926294312675338 -0.049680624556423 -0.082250566217666 -0.23615232443125617 -0.434408072852572 -1.1470014627011216 -1.64080923420628 -0.8145753015794055 -0.3101900739176346 -0.21032782129387875 0.07459903021260723 0.03960620119950209 0.019309404815992727 0.08390267289943665 -0.12255479613481028 0.1367211131276467 0.0037248572138068093 0.07776817676830022 -0.055425545017859346 0.02189311010946555
0.10932317897064243 0.05161000785369685 0.06837032055592916 0.07961232260297682 0.1280545112781955 0.030678466076696165 0.01956947162426614 0.04242424242424242 0.14869888475836432 -0.0013795006207752813 0.05435469599292124 0.09775171065493646 0.02518891687657431 0.06777572396796057 0.02054178970342791 0.05651799975426956 0.016876541607166035 0.05256410256410256 -0.11667992574913814 0.027544415369783776 0.0446941642191291 0.06548060291574005 0.07227174174897613 0.027469246387196944 0.0464940939934657 -0.06801007556675062 -0.1695134575569358 -0.05646817248459959 -0.08884102840220756 -0.04937554458321232 0.041961709939680035 0.1367376573088093 0.04118715929739552 -0.09730262347579752 -0.1617757712565839 -0.6568166554734721 -0.43063543273951466 -0.5294506949040371 -0.1927843569264665 -0.14473874656245478 -0.04275719098211972 -0.05614691776816002 -0.1839107736117703 -0.3219068681656223 -0.9332676680620537 -3.8316708229426433 -4.439605482259511 -3.4523809523809526 -0.7799627956417752 -0.2957107304933392 0.019001773498859897 0.05304727101261346 -0.044647967945048654 0.0191136064986262 -0.32936315021876517 -0.47672392332586505 -0.791155419222904 -0.4492808960162912 -0.4004758128469469 -0.12872533930320412 0.052986512524084796 -0.07993417185846949 -0.17728400898238977 -0.5801841085271318 -2.108148517318714 -3.601642199552127 -3.6024294571681645 -1.5251923554231823 -0.38026721479958897 -0.23974501108647456 -0.00892629431267534 -0.08280104092737166 -0.1084753844319943 -0.31033630069238377 -0.6596111247846419 -1.2432959531935643 -1.696661288320715 -0.8444223355304066 -0.34714889123548043 -0.22483318827966348 0.0658958100211364 0.03507977820527329 0.012494320763289416 0.07191657677094568 -0.12609003063869906 0.11373260738052027 -0.007449714427613607 0.07036168374274782 -0.06404729646508192 0.02189311010946555
0.11914998157474513 0.04936609446875351 0.07397444519166106 0.07730471904926735 0.14450187969924813 0.0058997050147492625 0.042808219178082196 0.04121212121212121 0.17433662350980644 0.002759001241550557 0.061939072177980024 0.09652981427174975 0.04318100035984167 0.07640172520024646 0.02696109898574913 0.04668878240570095 0.022069323640140203 0.04358974358974359 -0.0967913020418987 0.022035532295827016 0.04214021197803601 0.06795156906350383 0.06384003854492895 0.028663561447509856 0.022618748429253578 -0.1070528967254408 -0.17468944099378883 -0.06288501026694046 -0.06999596177143627 -0.05227998838222481 0.05638604773144505 0.1452081316553727 0.030284675953967295 -0.11947284148294124 -0.3122648607975922 -0.7535258562793821 -0.44325992425305094 -0.5175380542686964 -0.17212889011291654 -0.13171225937183384 -0.040165846074112464 -0.1041057433617967 -0.23374466065495966 -0.4693451283941516 -1.6510711647377494 -4.3453865336658355 -4.472908927885231 -3.429089026915114 -0.7573744352909911 -0.3118137900746596 0.030402837598175837 0.04125898856536603 -0.05609616485403549 -0.02867040974793932 -0.39620807000486147 -0.5514065222803086 -0.7898773006134968 -0.428916889397989 -0.37007665873645257 -0.12033020847908212 0.05900770712909441 -0.11637475020571295 -0.23874246542961824 -0.9907945736434108 -2.879391976077747 -3.6538940034834533 -3.5467543970644066 -1.48548026805659 -0.3494347379239466 -0.23004434589800446 -0.0025503698036215246 -0.11237284125857583 -0.12516390511383957 -0.4055390702274975 -0.8515874969234556 -1.295709410043881 -1.6941789748045177 -0.8593458525059072 -0.34714889123548043 -0.24223962866260518 0.0671391271913465 0.03507977820527328 0.019309404815992734 0.04195133644971832 -0.1272684421399953 0.0895341802782819 0.00496647628507574 0.06912726823848908 -0.046803793570636784 0.025756600128783003
0.12037833190025796 0.044878267698866825 0.09190764402600314 0.08191992615668628 0.13745300751879702 -0.012979351032448377 0.029354207436399216 0.033939393939393936 0.16792718882194588 0.026210511794730308 0.07710782454809759 0.09897360703812316 0.07196833393306945 0.09242144177449169 0.01412248042110669 0.03931686939427449 0.023367519148383746 0.02564102564102564 -0.09811721028904799 0.01101776614791351 0.05235602094240838 0.07042253521126761 0.07468079980727535 0.05254986265376806 -0.02261874842925359 -0.14483627204030225 -0.17986542443064185 -0.08213552361396304 -0.05653519989231391 -0.06970665117629975 0.060319958038290065 0.14641819941916748 0.021804966686856452 -0.14287473826825964 -0.47027840481565086 -0.8569509738079247 -0.45868985832515075 -0.5003309066843151 -0.15285045442026987 -0.12302793457808654 -0.04275719098211972 -0.1450462042344134 -0.28476506881822494 -0.6118687799483966 -2.565870475252401 -4.855361596009976 -4.454976303317536 -3.308747412008281 -0.7161838958277968 -0.3074220465524813 0.03293640739802382 0.020040080160320644 -0.05838580423583286 -0.08481662883765381 -0.4679144385026738 -0.6372915110779188 -0.7860429447852761 -0.4085528827796868 -0.34760771874173935 -0.12592696236183012 0.051782273603082865 -0.15869284118960855 -0.31792932277508573 -1.4098837209302324 -3.4824320956890107 -3.7061458074147793 -3.461976464633684 -1.3812360387192855 -0.33658787255909556 -0.2203436807095344 0.00510073960724305 -0.13603028152353916 -0.14066038860412447 -0.5452522255192879 -0.9869554516367215 -1.3298391028766456 -1.676802780191138 -0.853127720432782 -0.3656282998944033 -0.23643748186829128 0.09200547059554891 0.031684960959601674 0.04997728305315765 0.019177753805585517 -0.10959226962055149 0.0677555958862674 0.03724857213806804 0.06789285273423035 -0.02463357556349304 0.0180296200901481
0.12283503255128363 0.03590261415909346 0.0773369199731002 0.08653513326410524 0.118656015037594 -0.03657817109144543 0.04403131115459883 0.015757575757575755 0.17946417126009484 0.030349013657056147 0.0720515737580584 0.09530791788856305 0.0743672783975051 0.09735058533579792 -0.01925792784696366 0.04300282589998772 -0.002596391016487088 0.015384615384615385 -0.10076902678334658 -0.0013772207684891887 0.03703230749584983 0.0815418828762046 0.06745362563237775 0.062104383136271354 -0.0816788137723046 -0.15113350125944583 -0.2329192546583851 -0.08983572895277206 -0.04711266657692826 -0.06825442927679351 0.06425386834513507 0.1452081316553727 0.001211387038158692 -0.22662889518413598 -0.619513418610484 -0.9053055742108798 -0.45868985832515075 -0.41561879549966907 -0.11704764527678321 -0.12158054711246198 -0.05960093288416688 -0.18949584746754006 -0.3725676317038443 -0.8723430396854649 -3.4191085939423784 -5.077306733167083 -4.443448187524017 -2.5012939958592133 -0.6245017273452034 -0.2913189869711609 0.0038003546997719797 0.001178828244724746 -0.1236405266170578 -0.17321705889380004 -0.5566358774914925 -0.6758775205377148 -0.7668711656441718 -0.3550973654066438 -0.3145651599259847 -0.11613264306702112 0.0313102119460501 -0.18925590690019983 -0.4963952251506914 -2.1572189922480622 -3.795165711437827 -3.643941278925105 -2.9609009236998607 -0.9990071978158352 -0.29804727646454265 -0.20094235033259428 -0.01912777352716144 -0.15495623373550982 -0.1954940994159018 -0.6886745796241345 -1.0952498154073342 -1.3334958556801562 -1.5601340449298748 -0.7586121129212786 -0.3801478352692714 -0.22628372497824198 0.07086907870197687 0.031684960959601674 0.017037710131758296 0.0011986096128490914 -0.12844685364129155 0.0266182698124622 0.06208095356344674 0.03826688063202074 -0.02340189678531839 0.0180296200901481
0.12037833190025796 0.025805003926848424 0.07509527011880744 0.08653513326410522 0.09398496240601506 -0.04365781710914454 0.04158512720156556 -0.010909090909090913 0.1845917190103833 0.026210511794730308 0.08090001264062698 0.08675464320625612 0.10315461197073288 0.0751694393099199 -0.03723199383746308 0.05160339107998526 -0.005192782032974167 0.008974358974358974 -0.07690267833465925 -0.015149428453381075 0.022985570169837825 0.08277736595008649 0.08190797398217298 0.03702376686970023 -0.14827846192510682 -0.15491183879093198 -0.2833850931677019 -0.10138603696098561 -0.05922735226813839 -0.06534998547778101 0.06818777865198007 0.13794772507260403 -0.010902483343428224 -0.3842837787904914 -0.7236017055430148 -0.9375419744795164 -0.4530789732080235 -0.32428855062872264 -0.09914624070503994 -0.10855405992184108 -0.06348795024617777 -0.2514914025032168 -0.4485049833887043 -1.4768399066224351 -3.9411475006156116 -5.215710723192021 -4.21160496989881 -1.6912525879917186 -0.49162901939941533 -0.2737520128824476 -0.013934633899163922 -0.028291877873393843 -0.17744705208929595 -0.28312029626090074 -0.6356344190568789 -0.7094846900672144 -0.7592024539877301 -0.30164184803360067 -0.3053132434575733 -0.10353994683083811 0.021676300578034685 -0.21981897261079109 -0.9384233542134499 -2.9905523255813953 -3.8624470470969348 -3.514555859666583 -2.186511451347589 -0.6763464879622736 -0.26849948612538543 -0.17599778270509978 -0.02805406783983678 -0.1880766501064585 -0.24317558707831685 -0.8370425321463898 -1.1567807039133646 -1.2908337396392005 -1.2585329527119278 -0.6342494714587739 -0.35374868004223864 -0.2161299680881926 0.0671391271913465 0.022632114971144056 -0.001135847342117216 -0.008390267289943663 -0.16497761018147536 0.0048396854204476635 0.01738266699776509 0.027157141093692133 -0.020938539228969086 0.015453960077269801
0.12283503255128361 -0.005609783462358353 0.07621609504595382 0.07961232260297682 0.07166353383458647 -0.071976401179941 0.03913894324853229 -0.02181818181818182 0.18587360594795538 0.023451510553179743 0.0733156364555682 0.07331378299120235 0.09955619527407941 0.041897720271102896 -0.060341507253819496 0.040545521562845556 -0.012981955082435413 0.024358974358974356 -0.07955449482895785 -0.016526649221870263 0.010215808964372367 0.07412898443291324 0.06745362563237775 -0.0047772602412516465 -0.19602915305353105 -0.16750629722921911 -0.30926501035196685 -0.07828542094455851 -0.061919504643962855 -0.06389776357827477 0.05507474429583006 0.13068731848983542 -0.09085402786190187 -0.5604138440694666 -0.8113870077752695 -0.9482874412357285 -0.43344087529807823 -0.25545996029119783 -0.08950702285871662 -0.07671153567810102 -0.07126198497019953 -0.29477131828284014 -0.659705742762221 -2.2852930335422044 -4.150455552819503 -5.209476309226933 -3.7837837837837833 -0.8100414078674947 -0.4012755779962795 -0.24008197921241395 -0.03673676209779579 -0.05068961452316397 -0.27475672581568406 -0.3762991279417035 -0.6964025279533301 -0.7356235997012697 -0.7374744376278118 -0.2507318314878453 -0.3000264340470526 -0.0895480621239681 -0.0036127167630057785 -0.28682261666862585 -1.7385651814206358 -3.615552325581395 -3.846249688512335 -3.3814381686986814 -1.3324054156649372 -0.35244477537850577 -0.236382322713258 -0.13580931263858093 -0.035705177250701346 -0.22356281050390345 -0.32185004172130166 -0.9446092977250247 -1.182623677085897 -1.2420770355923942 -0.8762566712175749 -0.507399577167019 -0.3207497360084477 -0.19002030751378013 0.0658958100211364 0.005658028742786013 -0.021581099500227168 -0.015581924967038235 -0.19679472071647416 -0.014519056261343024 -0.011174571641420411 0.0111097395383286 -0.01847518167261978 0.012878300064391498
0.11055152929615526 -0.01682935038707506 0.06164537099305088 0.0507672781816084 0.05286654135338346 -0.07551622418879057 0.01834637964774951 -0.004848484848484848 0.17946417126009484 0.02345151055317975 0.07331563645556818 0.07820136852394917 0.05997361161089121 0.016019716574245224 -0.08088329695724741 0.01474382602285293 -0.02856030118135791 0.029487179487179483 -0.08220631132325644 -0.02203553229582702 0.0 0.0704225352112676 0.016863406408094445 -0.03463513674907441 -0.22493088715757725 -0.18891687657430728 -0.2950310559006211 -0.043634496919917866 -0.061919504643962855 -0.06099331977926228 0.044584316810910046 0.05324298160697 -0.34161114476075105 -0.6527897524325655 -0.8602959618760971 -0.9805238415043653 -0.35068031982045167 -0.2131039046988749 -0.08399889837510328 -0.07381676074685192 -0.09976677895827935 -0.4222716107147034 -1.3585666824869482 -2.497849858705001 -4.1332184191085934 -5.16209476309227 -2.785961316767004 -0.5175983436853 -0.3800159447249535 -0.23129849216805737 -0.06967316949581961 -0.1461747023458682 -0.3640526617057813 -0.4216939433759407 -0.7085561497326203 -0.7157082399800846 -0.6658997955010225 -0.21636757031946038 -0.29606132698916204 -0.08395130824122007 -0.03853564547206166 -1.0003526507581992 -2.360241106252216 -3.610707364341086 -3.6880139546473956 -2.6561333665090823 -0.8452486397570542 -0.26061057334326126 -0.2158273381294964 -0.1316518847006652 -0.05610813567967354 -0.26614620298083747 -0.38979616164024317 -0.9779920870425322 -1.137090819591435 -1.0141394441735738 -0.6602953953084276 -0.41661484889939066 -0.28511087645195354 -0.17116333043225992 0.05594927265945543 -0.007921240239900417 -0.021581099500227175 -0.04434855567541651 -0.20032995522036295 -1.3877787807814458e-18 -0.03600695306679911 0.030860387606468337 -0.006158393890873262 0.012878300064391501
0.10686647831961675 -0.029170874004263436 0.034745572741537764 0.036921656859351566 0.04346804511278195 -0.09085545722713864 0.029354207436399216 0.008484848484848487 0.1897192667606717 0.024831011173955024 0.0695234483630388 0.07331378299120234 0.023989444644356483 -0.00492914356130623 -0.09372191552188985 0.02088708686570832 -0.03764766973906271 0.05 -0.09413948554760011 -0.01101776614791351 0.0038309283616396357 0.054361255250803056 -0.020476993495543237 -0.05493849277439389 -0.24252324704699674 -0.19773299748110829 -0.25750517598343686 -0.015400410677618076 -0.06326558083187508 -0.05227998838222481 0.03540519276160504 -0.08349467570183931 -0.562083585705633 -0.6983618672250277 -0.894156007022824 -0.9281396910678307 -0.2566979941085706 -0.1694242223692919 -0.07022858716606996 -0.06223766102185555 -0.14252396994039906 -0.7275704760790734 -2.0420028476506884 -2.566654380144981 -4.098744151686777 -4.796758104738156 -1.7907006532598948 -0.38561076604554867 -0.36539994685091676 -0.22105109061630804 -0.1241449201925513 -0.2628786985736178 -0.4384659416141957 -0.46231035718552144 -0.7194944093339816 -0.6696539706248443 -0.6032719836400818 -0.1781850579101438 -0.30134813639968283 -0.06856023506366307 -0.11921965317919074 -1.8090983895615378 -2.6935350431391085 -3.559835271317829 -3.523548467480687 -1.709380442896243 -0.3504998101986587 -0.17870439314966494 -0.19141829393627954 -0.11363636363636365 -0.09308849783218566 -0.33238703572273476 -0.4613183931338657 -0.9755192878338279 -1.0964804331774554 -0.7069722086786934 -0.45798684373836407 -0.34821539609501306 -0.27059134107708555 -0.16391064693936758 0.04475941812756434 -0.02036890347402965 -0.02953203089504771 -0.06832074793239842 -0.1967947207164742 -0.019358741681790692 -0.05835609634963995 0.04567337365757314 -0.0012316787781746475 0.02189311010946555
0.08721287311141138 -0.05385392123864019 0.0011208249271463828 0.014999423099111574 0.04229323308270677 -0.12507374631268436 0.04647749510763209 0.004848484848484848 0.1884373798230996 0.026210511794730308 0.06067500948047022 0.04398826979472141 -0.0035984166966534724 -0.018484288354898345 -0.10784439594299652 0.011057869517139699 -0.03245488770608853 0.049999999999999996 -0.10076902678334658 -0.01790386999035945 -0.0025539522410930942 0.01359031381270075 -0.05420380631173212 -0.07763047892033918 -0.2588590098014577 -0.15994962216624684 -0.2148033126293996 0.012833675564681724 -0.06461165701978733 -0.05082776648271856 0.0026226068712300044 -0.22507260406582769 -0.6965475469412478 -0.7180687276758221 -0.9054426887383997 -0.8314304902619207 -0.19357553654088935 -0.13103904698874919 -0.06747452492426328 -0.050658561296859174 -0.1956465405545478 -1.1135805357351736 -2.5284765068818222 -2.592456075684974 -4.023639497660675 -4.0074812967581055 -0.9619572178813884 -0.30797101449275366 -0.34679776773850646 -0.20933977455716585 -0.20648593868761086 -0.37840386655664265 -0.48883800801373783 -0.48859156612113236 -0.693971803597472 -0.619865571321882 -0.5278629856850715 -0.14891179839633445 -0.30134813639968283 -0.055967538827480054 -0.3239402697495183 -2.5379099565064065 -2.8117243824607017 -3.4907945736434103 -3.2083229504111634 -0.9691465538691215 -0.11008477793243072 -0.1290642839414247 -0.17343268242548818 -0.09839246119733926 -0.13006885998469778 -0.41163946061036194 -0.5185361783287639 -0.9742828882294757 -1.014029042579375 -0.4729400292540224 -0.3289065408961152 -0.3158811093147619 -0.25475184794086586 -0.16100957354221063 0.022379709063782168 -0.04413262419373091 -0.04429804634257156 -0.08629989212513485 -0.18383219420221542 -0.04839685420447671 -0.050906381922026324 0.04937662017034934 0.013548466559921174 0.029620090148100454
0.07001596855423167 -0.07853696847301694 -0.02465814839722035 0.004615207107418951 0.0387687969924812 -0.12625368731563424 0.08072407045009784 3.4694469519536144e-19 0.20253813613639277 0.0262105117947303 0.059410946782960425 0.0232160312805474 -0.035984166966534725 -0.033271719038817 -0.11811529079471048 0.0012286521685710775 -0.014280150590678952 0.05 -0.0914876690533015 -0.023412753064316207 -0.006384880602732729 -0.028416110699283414 -0.07708985786557457 -0.08957362952346828 -0.27142498115104297 -0.15869017632241814 -0.16563146997929606 0.028234086242299793 -0.036344057073630365 -0.03630554748765612 -0.038027799632835035 -0.39811229428848016 -0.7716535433070867 -0.7500923759083631 -0.8941560070228244 -0.7400940228341168 -0.13606396409033528 -0.11780277961614824 -0.04268796474800331 -0.04921117383123462 -0.25913449080072554 -1.3989940343899872 -2.784765068818225 -2.532252119424991 -3.8648116227530167 -3.129675810473816 -0.47777635455360573 -0.2665631469979296 -0.31357959075205943 -0.20494803103498754 -0.30909551558145426 -0.47035246964517274 -0.5289066971951917 -0.5029267709951021 -0.6465726786582403 -0.5763007219317899 -0.4498977505112475 -0.11582028764159347 -0.27094898228918846 -0.04477403106198405 -0.674373795761079 -3.0610085811684495 -2.8400898238978844 -3.374515503875969 -2.622726140044854 -0.5051007713361534 -0.04175629507781855 -0.10920824025812856 -0.158016443987667 -0.07760532150776053 -0.16194848252996683 -0.4885261414714927 -0.5447609965430921 -0.9272997032640948 -0.8565099680039377 -0.31569965870307176 -0.23333747052252699 -0.28603407536376074 -0.22307286166842663 -0.14795474325500435 0.0037299515106303622 -0.059975104673531746 -0.07155838255338483 -0.11147069399496583 -0.18029695969832665 -0.055656382335148226 -0.03849019120933698 0.05307986668312553 0.014780145338095824 0.030907920154539602
0.060189165950128964 -0.10434197239986535 -0.03474557274153777 -0.009230414214837886 0.03524436090225565 -0.12035398230088494 0.11741682974559689 -0.0036363636363636364 0.2333034226381233 0.016554007449303357 0.04929844520288205 -0.014662756598240474 -0.05877413937867339 -0.04559457794208257 -0.13737321864167415 0.011057869517139697 0.011683759574191875 0.06153846153846154 -0.07027313709891275 -0.01928109075884864 -0.01787766568765164 -0.08524833209785025 -0.0975668513611178 -0.1146542457900394 -0.28399095250062834 -0.14105793450881612 -0.13975155279503107 0.037217659137577006 -0.028267599946156952 -0.0392099912866686 -0.08916863362182008 -0.49854791868344633 -0.7910357359176258 -0.7525557334647124 -0.8051166290443943 -0.6581598388179987 -0.07434422780193577 -0.09794837855724688 -0.0068851556045166585 -0.03763207410623824 -0.34464887276496503 -1.6820680781377937 -2.8654485049833887 -2.4548470328050134 -3.444964294508741 -2.4201995012468833 -0.2933265018573076 -0.2160973084886128 -0.2830188679245283 -0.17566974088713216 -0.41677223207499364 -0.561122244488978 -0.5689753863766456 -0.5005375701827738 -0.5918813806514343 -0.5215334826985313 -0.39110429447852757 -0.08909252895507191 -0.23922812582606395 -0.041975654120610044 -1.0139691714836223 -3.5829317033031622 -2.8400898238978844 -3.1940406976744184 -1.8315474707201596 -0.2836526499129136 -0.006326711375427054 -0.09307520476545049 -0.14902363823227133 -0.06790465631929048 -0.20530476919153276 -0.5583155902531346 -0.5531052568840147 -0.8728981206726012 -0.6399212404627124 -0.21940516821062897 -0.16135037855281123 -0.2636487999005099 -0.17819429778247095 -0.13780098636495502 -0.0024866343404202434 -0.07694919090188976 -0.08518855065879147 -0.1198609612849095 -0.18972425170869667 -0.0411373260738052 -0.02483238142537869 0.060486359708677925 0.024633575563493038 0.023180940115904703
0.04667731236948777 -0.1256591495568271 -0.03698722259583053 -0.0253836390908042 0.030545112781954892 -0.11091445427728615 0.1149706457925636 -0.004848484848484851 0.2268939879502628 0.009656504345426954 0.02907344204272531 -0.04398826979472141 -0.08756147295190117 -0.06038200862600124 -0.14379252792399538 0.020887086865708317 0.014280150590678959 0.06794871794871794 -0.08353221957040571 -0.026167194601294585 -0.03703230749584983 -0.12354830738818876 -0.10118043844856661 -0.1265973963931685 -0.26262880120633325 -0.1070528967254408 -0.1203416149068323 0.06160164271047228 -0.020191142818683533 -0.023235550392099916 -0.14686598478888016 -0.5651016456921587 -0.7946698970321019 -0.753787412242887 -0.6734386756960121 -0.605775688381464 -0.04628980221629963 -0.08471211118464594 0.004131093362710001 -0.03907946157186279 -0.4197978750971754 -1.8224353725581939 -2.8939250118652113 -2.338125076790761 -2.7283920216695394 -2.0411471321695767 -0.21262969130267706 -0.17080745341614906 -0.2617592346532022 -0.14492753623188406 -0.5193818089688371 -0.6236001414593895 -0.5861476817401259 -0.4802293632779836 -0.5371900826446282 -0.4717450833955688 -0.3629856850715747 -0.06618302150948199 -0.2339413164155432 -0.02938295788442703 -1.1970134874759153 -3.8039261784412837 -2.8069968088878383 -2.79796511627907 -1.04535260403688 -0.2164717591440657 0.0050613691003416434 -0.07942417473318442 -0.14516957862281604 -0.06790465631929046 -0.26268808977301705 -0.6127277028625503 -0.5733698891405412 -0.8061325420375866 -0.45902042825498396 -0.16455387615797173 -0.13280377311654462 -0.25494341499813455 -0.16763463569165787 -0.13635044966637655 -0.016163123212731566 -0.0882652483874618 -0.10336210813266697 -0.10907347476926765 -0.19679472071647422 -0.01814882032667876 -0.02979885771045443 0.059251944204419205 0.018475181672619783 0.016741790083708952
0.03562215943987225 -0.14024458655895883 -0.05828289621161174 -0.027691242644513676 0.03641917293233084 -0.09793510324483776 0.11741682974559686 -0.012121212121212116 0.22945776182540706 -0.0041385018623258385 0.006320313487548977 -0.0635386119257087 -0.11394986206069328 -0.07393715341959335 -0.12453460007703172 0.024573043371421553 0.01687654160716604 0.06794871794871796 -0.08220631132325643 -0.019281090758848644 -0.061294853786234206 -0.14825796886582654 -0.12045290291496027 -0.15764958796130418 -0.22995727569741145 -0.08438287153652393 -0.1410455486542443 0.06288501026694046 -0.0376901332615426 -0.014522218995062444 -0.1927616050354052 -0.5953533397870281 -0.8104179285281647 -0.7390072669047912 -0.5405066466014548 -0.5345869711215581 -0.03647075326132697 -0.05956320317670418 -0.009639217846323322 -0.03618468664061369 -0.48717284270536404 -1.8774125628728502 -2.8844328429046038 -2.198058729573658 -1.8111302634819004 -1.6571072319201996 -0.19085436147047521 -0.1281055900621118 -0.2551155992559129 -0.12004098960620699 -0.5890549784646566 -0.6754685842272782 -0.6124785346307956 -0.45872655596702894 -0.48249878463782203 -0.4319143639531989 -0.3450920245398773 -0.06236477026855035 -0.23129791171028283 -0.027983769413740027 -1.2861271676300579 -3.870929822499118 -2.7538116061931213 -2.3934108527131785 -0.44231248442561677 -0.14058223438666334 0.0063267113754270545 -0.059568131049888305 -0.13874614594039053 -0.06790465631929046 -0.3073195613363938 -0.6470309912467471 -0.5721778519489809 -0.673837784371909 -0.32611370908195914 -0.11579717211116529 -0.12783914608415042 -0.2561870414127596 -0.16499472016895458 -0.14215259646069048 -0.06216585851050603 -0.10750254611293424 -0.1385733757383008 -0.10427903631787125 -0.2203629507423992 -0.004839685420447671 -0.05338962006456419 0.05801752870016047 -0.0012316787781746518 0.028332260141661302
0.029480407812308068 -0.13687871648154382 -0.0717327953373683 -0.036921656859351566 0.049342105263157895 -0.06843657817109146 0.11130136986301369 0.009696969696969699 0.22304832713754646 0.013795006207752794 -0.00379218809252939 -0.07942326490713589 -0.1283435288473072 -0.10474430067775722 -0.09885736294774682 0.03317360855141909 0.020771128131896667 0.0846153846153846 -0.07822858658180853 -0.0041316623054675665 -0.0778955433533393 -0.1754385964912281 -0.13370272223560592 -0.1934790397706915 -0.19728575018848957 -0.07808564231738034 -0.16304347826086957 0.0603182751540041 -0.05518912370440167 -0.011617775196049954 -0.2242328874901652 -0.6026137463697967 -0.8007268322228953 -0.6798866855524078 -0.41008276899924745 -0.4848891873740766 -0.014027212792818062 -0.042356055592322965 0.002754062241806669 -0.02605297438124186 -0.522155998963462 -1.900807111942917 -2.8227337446606553 -1.9363558176680182 -0.9652794878108839 -1.49501246882793 -0.16139362110926092 -0.08799171842650104 -0.24315705554079195 -0.09369052847313716 -0.6245249556625285 -0.694329836142874 -0.5941614195764168 -0.3942181340341655 -0.43145357316480304 -0.3771471247199402 -0.33997955010224945 -0.03181876034109711 -0.2352630187681734 -0.004197565412061008 -1.3294797687861273 -3.8791583401904313 -2.6001654650750505 -1.6327519379844961 -0.12584101669573886 -0.10325951729285894 0.016449449576110338 -0.038471084636386196 -0.12975334018499485 -0.04850332594235034 -0.3340984442744198 -0.6612254554057251 -0.5507211825008941 -0.5501978239366964 -0.2362786118631553 -0.0780107264748903 -0.10922179471267221 -0.24250715085188412 -0.1610348468848997 -0.1348999129677981 -0.06465249285092627 -0.1256082380898495 -0.11926397092230807 -0.10787486515641856 -0.21093565873202924 0.00967937084089534 -0.05587285820710206 0.061720775212936674 -0.002463357556349305 0.029620090148100454
0.018425254882692543 -0.12902501963424212 -0.07845774490024658 -0.05192107995846314 0.07166353383458647 -0.057817109144542786 0.10518590998043051 0.02787878787878788 0.22176644019997438 0.02345151055317975 -0.027809379345215525 -0.08553274682306941 -0.15833033465275279 -0.10227972889710413 -0.09500577737835407 0.031944956382848014 0.0038945865247306255 0.08717948717948718 -0.10209493503049587 0.006886103842445944 -0.09705018516153749 -0.18532246108228317 -0.16983859311009397 -0.18989609458975276 -0.16084443327469217 -0.07808564231738037 -0.1643374741200828 0.06673511293634496 -0.061919504643962855 -0.0014522218995062467 -0.25570416994492523 -0.6001936108422072 -0.7752877044215627 -0.5456336987313708 -0.32104339102081764 -0.45399597044996637 0.008416327675690843 -0.03309066843150232 0.019278435692646655 -0.03184252424374005 -0.5493651204975382 -1.8844309275938702 -2.749169435215947 -1.3257156898881923 -0.4149224328983009 -1.4201995012468829 -0.13065197899321118 -0.05046583850931676 -0.21791124103109225 -0.0688039818474601 -0.6612617177603243 -0.7002239773664977 -0.5666857469948484 -0.32134750925815314 -0.3804083616917841 -0.34602937515558874 -0.32719836400818003 -0.008909252895507187 -0.22997620935765264 0.009794319294809008 -1.34995183044316 -3.8615258022804753 -2.160501122798723 -0.765503875968992 -0.029902815848492404 -0.08086588703657627 0.034164241427306084 -0.018615040953090085 -0.1169064748201439 -0.038802660753880266 -0.35577658760520275 -0.6553110953394843 -0.5173441411372036 -0.41048466864490607 -0.17228648781688408 -0.05850804485616773 -0.10425716768027801 -0.22509638104713345 -0.15707497360084477 -0.12764722947490575 -0.07708566455302748 -0.1290030553355211 -0.10790549750113584 -0.11746374205921131 -0.19208107471128918 0.020568663036902603 -0.05587285820710206 0.06912726823848907 -0.0012316787781746525 0.03734707018673535
0.0012283503255128363 -0.10995175586222372 -0.07957856982739296 -0.0380754586362063 0.09163533834586465 -0.035398230088495575 0.09907045009784736 0.05575757575757576 0.22176644019997432 0.030349013657056147 -0.044242194412842877 -0.09042033235581623 -0.18591819599376275 -0.0973505853357979 -0.10142508666067532 0.02825899987713478 -0.014280150590678956 0.08846153846153845 -0.11667992574913814 -0.005508883073956755 -0.09066530455880475 -0.19273535952557452 -0.1806793543724404 -0.15526095784067837 -0.13068610203568737 -0.08312342569269522 -0.15527950310559002 0.06160164271047227 -0.05518912370440167 -0.008713331397037467 -0.25832677681615523 -0.5832526621490804 -0.6832222895215022 -0.3731986697869195 -0.2508151492350138 -0.4163868368032236 0.0420816383784542 -0.007941760423560557 0.03993390250619665 -0.03473729917498915 -0.567504534853589 -1.8692244706983268 -2.5367821547223537 -0.5111193021255682 -0.18591479931051463 -1.3802992518703243 -0.11015755091584475 -0.03234989648033128 -0.19798033483922403 -0.0688039818474601 -0.6701292120597923 -0.7072969468348462 -0.499141385231826 -0.25803368773145385 -0.3366553232863393 -0.3310928553647 -0.3118609406952966 -0.0012727504136438843 -0.21675918583135081 0.009794319294809008 -1.3631984585741812 -3.7886446455859883 -1.357995508805106 -0.10174418604651163 0.007475703962123095 -0.05349589450111967 0.05187903327850183 0.004964010920824038 -0.10149023638232271 -0.03741685144124168 -0.3863810252486611 -0.6340193991010172 -0.4577422815591848 -0.29673590504451036 -0.13659857248338667 -0.032910775231594344 -0.10301601092217946 -0.2002238527546325 -0.15311510031678988 -0.1305483028720627 -0.09200547059554892 -0.13239787258119268 -0.1113130395274875 -0.13184705741340047 -0.1767617251944379 0.024198427102238358 -0.0670474298485225 0.07159609924700654 -0.0024633575563493037 0.033483580167417905
-0.0036850509765385094 -0.0998541456299787 -0.07845774490024658 -0.011538017768547371 0.09515977443609022 -0.02831858407079646 0.1076320939334638 0.06666666666666667 0.23073964876297906 0.030349013657056147 -0.04297813171533307 -0.08675464320625612 -0.16672664027827752 -0.066543438077634 -0.10399281037360379 0.03931686939427448 -0.015578346098922497 0.10128205128205128 -0.12198355873773534 0.0027544415369783774 -0.07917251947388584 -0.19026439337781073 -0.13852083835220433 -0.12779171145348145 -0.11183714501130937 -0.07556675062972293 -0.14492753623188406 0.07186858316221766 -0.04442051420110378 0.010165553296543714 -0.24390243902439018 -0.4912875121006778 -0.42883101150817693 -0.2808227614238207 -0.21068472535741162 -0.3908663532572197 0.06171973628839948 0.014559894109861016 0.053704213715229966 -0.015921262121870023 -0.5532521378595491 -1.7253479939174174 -1.831988609397247 -0.22607199901707822 -0.12189115981285399 -1.3503740648379052 -0.0935058281029845 0.0077639751552794995 -0.18867924528301885 -0.04245352071439028 -0.6523942234608564 -0.6165271719910409 -0.4212936462507155 -0.2150280731095448 -0.3087019931939718 -0.31242220562608913 -0.3029141104294478 0.016545755377370498 -0.21147237642083003 0.02238701553099202 -1.3102119460500965 -3.0739391089690846 -0.6866800614584566 -0.05208333333333333 0.04360827311238475 -0.03607862652401094 0.08098190560546628 0.024820054604120134 -0.07708119218910583 -0.018015521064301553 -0.3736291762305534 -0.5914360066240831 -0.3874120872571224 -0.24357072205736893 -0.11813930593157765 -0.01706484641638225 -0.0881221298249969 -0.18530033577913196 -0.14519535374868003 -0.1232956193791703 -0.08578888474449833 -0.11316057485572026 -0.1169922762380736 -0.10188181709217307 -0.17558331369314167 0.025408348457350276 -0.07201390613359823 0.08270583878533513 -0.007390072669047912 0.04249839021249195
0.01596855423166687 -0.0841467519353753 -0.05155794664873346 -0.003461405330564211 0.11160714285714286 -0.024778761061946902 0.12230919765166341 0.06909090909090909 0.24868606588898853 0.035867016140157255 -0.04297813171533308 -0.07697947214076246 -0.13673983447283194 -0.057917436845348114 -0.0950057773783541 0.04300282589998772 -0.003894586524730623 0.10769230769230768 -0.10607265977194377 0.006886103842445944 -0.07278763887115311 -0.1754385964912281 -0.093953264273669 -0.11465424579003942 -0.08419200804222166 -0.08060453400503778 -0.12292960662525879 0.06801848049281314 -0.016152914254946825 0.013069997095556202 -0.20980854969840018 -0.335188770571152 -0.1974560872198668 -0.22662889518413593 -0.1667920742412842 -0.37340496977837473 0.08556599803619021 0.027796161482461938 0.08124483613329661 -0.002894774931249092 -0.5014252396994039 -1.4071821265645106 -1.121262458471761 -0.07371913011426472 -0.04801772962324551 -1.3129675810473818 -0.04483156141923915 0.05175983436853001 -0.1408450704225352 -0.013175230566534918 -0.5941221180643527 -0.5104326299658138 -0.34230108757870636 -0.1827738621431131 -0.25887214389888186 -0.30246452576549665 -0.25817995910020447 0.022909507445589918 -0.1625693893735131 0.027983769413740027 -1.200626204238921 -2.24873633478312 -0.3025647086632786 -0.02785852713178294 0.08597059556441564 -0.031102264244837023 0.1189421738580286 0.0372300819061802 -0.03597122302158272 -0.005543237250554331 -0.3289977046671767 -0.5370238940146674 -0.29800929789009417 -0.21760633036597427 -0.07506768397735665 -0.003656752803510481 -0.04468164329154771 -0.17535132446213159 -0.09503695881731786 -0.10879025239338554 -0.07584234738281737 -0.10523933461581983 -0.11812812358019083 -0.08629989212513486 -0.1720480791892529 0.02661826981246219 -0.07201390613359823 0.08764350080237007 -0.0012316787781746518 0.039922730199613655
0.01965360520820538 -0.07292718501065859 -0.03138309796009863 0.004615207107418945 0.11513157894736843 -0.01887905604719764 0.12353228962818005 0.07393939393939394 0.2550955005768491 0.04552352048558421 -0.03160156743774491 -0.06353861192570869 -0.10315461197073286 -0.044362292051756 -0.07703171138785467 0.039316869394274485 0.033753083214332076 0.11153846153846152 -0.07159904534606207 0.012394986916402699 -0.09194228067935131 -0.13590313812700766 -0.06624909660322813 -0.09673951988534576 -0.0816788137723046 -0.06801007556675062 -0.11775362318840579 0.0795687885010267 -3.122502256758253e-18 0.017426662794074933 -0.17702596380802513 -0.1560987415295257 -0.03270745003028468 -0.18352013794802316 -0.13544018058690746 -0.3492276695768972 0.09538504699116285 0.04367968232958305 0.09501514734232994 0.010131712259371834 -0.44311997926924074 -1.0036261551058603 -0.5980066445182726 0.03931686939427447 -0.0012312238364934642 -1.2830423940149625 -0.0025618035096708095 0.09704968944099378 -0.09965453095934093 0.01610305958132045 -0.5358500126678489 -0.39962277496168813 -0.28277046365197483 -0.14693584995818898 -0.24307243558580455 -0.28752800597460787 -0.24028629856850717 0.03563701158202877 -0.14142215173143008 0.04757240800335805 -0.9934971098265898 -1.492888209709651 -0.13119016664696842 0.00242248062015505 0.1071517567904311 -0.016173177407315248 0.13792230798430977 0.06205013651030032 -0.002569373072970199 0.01108647450110864 -0.29201734251466466 -0.4613200851667849 -0.2300631779711527 -0.18051434223541046 -0.04676347526458282 0.01706484641638225 -0.0037234702742956413 -0.14923516975500561 -0.05807814149947203 -0.08993327531186539 -0.06713912719134651 -0.09279167138169062 -0.08632439800090867 -0.06951935754524753 -0.1590855526749941 0.03871748336358137 -0.0533896200645642 0.09875324034069868 0.01231678778174652 0.05022537025112685
0.03316545878884658 -0.06282957477841355 0.0011208249271463812 0.005769008884273683 0.12453007518796992 -0.015339233038348082 0.13331702544031312 0.07515151515151515 0.2627868222022817 0.04828252172713477 -0.04045000632031348 -0.03910068426197457 -0.08276358402302987 -0.03943314849044978 -0.08987032995249712 0.03563091288856125 0.023367519148383746 0.1141025641025641 -0.07822858658180855 0.01101776614791351 -0.09832716128208405 -0.09513219668890538 -0.050590219224283306 -0.08121342410127794 -0.08796179944709726 -0.052896725440806036 -0.12034161490683229 0.09111909650924024 -0.02153721900659577 0.03194888178913737 -0.12195121951219509 0.021781219748305908 0.0714718352513628 -0.15026481093730754 -0.10283421118635565 -0.3237071860308932 0.10099593210829008 0.0542686962276638 0.0977692095841366 0.024605586915617313 -0.3757450116610522 -0.6994970171949937 -0.29188419553868056 0.10197812999139944 0.03078059591233686 -1.2481296758104738 0.019213526322531062 0.12939958592132506 -0.0837098060058464 0.032206119162640906 -0.44084114517354944 -0.30295885889425916 -0.23125357756153408 -0.12304384183490624 -0.23091881380651436 -0.2763256161314413 -0.2338957055214724 0.038182512409316534 -0.1387787470261697 0.055967538827480054 -0.6418593448940271 -0.9298224991183732 -0.030729228223614236 0.02785852713178295 0.12334911537503115 0.00373227170938044 0.1518410730102493 0.08438818565400844 0.011562178828365884 0.023558758314855877 -0.2512114256567202 -0.39271350839839136 -0.17642150435093576 -0.17556874381800197 -0.038149150873738616 0.018283764017552412 0.0012411567580985483 -0.16042780748663105 -0.047518479408658915 -0.10443864229765014 -0.06092254134029592 -0.0814756138961186 -0.06133575647432984 -0.06352630948100205 -0.16144237567758662 0.039927404718693285 -0.04842314377948846 0.0999876558449574 0.01724350289444513 0.0566645202833226
0.0405355607419236 -0.0572197913160552 0.01008742434431742 -0.005769008884273679 0.12218045112781954 -0.02359882005899705 0.12353228962818004 0.06424242424242424 0.2525317267017049 0.04276451924403365 -0.025281253950195932 -0.020772238514173997 -0.07076886170085163 -0.03696857670979667 -0.08345102067017589 0.024573043371421553 0.01687654160716604 0.09487179487179487 -0.08618403606470433 -0.006886103842445944 -0.08428042395607203 -0.050654806029157395 -0.03493134184533848 -0.07165890361877465 -0.07539582809751194 -0.05289672544080606 -0.10869565217391304 0.08085215605749486 -0.010768609503297888 0.030496659889631128 -0.06818777865198007 0.133107454017425 0.11871592973955178 -0.12809459293016381 -0.08653122648607975 -0.31296171927468097 0.10099593210829008 0.05162144275314362 0.09501514734232994 0.024605586915617313 -0.2915263021508163 -0.39419815183062346 -0.14712861888941625 0.16586804275709546 0.06402363949766068 -1.2356608478802993 0.020494428077366466 0.1332815734989648 -0.08238107892638852 0.026350461133069835 -0.3255637192804662 -0.21336791229517865 -0.18088151116199197 -0.10154103452395173 -0.2017501215362178 -0.26885735623599694 -0.21728016359918198 0.04327351406389207 -0.12952683055775838 0.06436266965160206 -0.29865125240847784 -0.37145879863641706 0.041366268762557626 0.05208333333333333 0.14079242461998503 0.011196815128141326 0.15816778438567633 0.09803921568627452 0.03597122302158273 0.026330376940133036 -0.204029584289722 -0.3241069316299977 -0.1525807605197282 -0.16691394658753705 -0.03814915087373862 0.013408093612871768 -0.011170410822886934 -0.17286407163288148 -0.059398099260823664 -0.12039454598201334 -0.05221932114882507 -0.07694919090188979 -0.0522489777373921 -0.057533261416756555 -0.15319349516851286 0.043557168784029036 -0.04345666749441272 0.09751882483643995 0.01724350289444513 0.060528010302640045
0.04667731236948778 -0.0381465275440368 0.01344989912575656 0.012691819545402097 0.12100563909774435 -0.015339233038348082 0.11619373776908022 0.061818181818181814 0.2435585181387002 0.03586701614015726 -0.011376564277588172 0.00855327468230694 -0.05637519491423774 -0.030807147258163897 -0.07189626396199769 0.019658434697137243 0.01687654160716604 0.09871794871794873 -0.07822858658180855 -0.006886103842445941 -0.06512578214787383 -0.02223869532987398 -0.025295109612141653 -0.07165890361877465 -0.07288263382759488 -0.05919395465994962 -0.11387163561076603 0.06801848049281314 -0.025575447570332477 0.014522218995062444 -0.01573564122738001 0.21660212971926426 0.16353725015142337 -0.08868087202857494 -0.06646601454727866 -0.29281396910678303 0.10099593210829008 0.056915949702183985 0.09088405397961993 0.023158199449992763 -0.22026431718061676 -0.21289039653760672 -0.05457997152349314 0.22730065118564932 0.08618566855454321 -1.2194513715710724 0.023056231587037273 0.1436335403726708 -0.08370980600584639 0.021958717610891527 -0.23562199138586273 -0.12024048096192383 -0.14882655981682888 -0.07287062477601243 -0.18838113757899852 -0.2576549663928305 -0.2160020449897751 0.050910016545755374 -0.12952683055775838 0.06296348118091508 -0.11921965317919073 -0.08933819207711295 0.09100579127762676 0.10295542635658914 0.149514079242462 0.04354316994277183 0.15690244211059093 0.1340282948622487 0.038540596094552924 0.05404656319290465 -0.15939811272634535 -0.2590489709013485 -0.11085945881511503 -0.1397131552917903 -0.02584297317253261 0.024378352023403216 -0.009929254064788383 -0.159184181072006 -0.05675818373812038 -0.11314186248912098 -0.038542832276513735 -0.06902795066198937 -0.03634711494775102 -0.05633465180390747 -0.14965826066462407 0.039927404718693285 -0.04345666749441272 0.1036909023577336 0.01354846655992117 0.06310367031551835
0.05404741432256479 -0.021317177156961742 0.03250392288724502 0.01038421599169263 0.12218045112781954 -0.007079646017699115 0.11986301369863013 0.07030303030303031 0.24099474426355597 0.035867016140157255 -0.0012640626975098015 0.028103616813294235 -0.04797888928871297 -0.04559457794208256 -0.07831557324431893 0.02211573903427939 0.023367519148383746 0.11153846153846154 -0.07557677008750996 -0.0013772207684891874 -0.04980206870131528 0.004941932295527552 -0.014454348349795232 -0.062104383136271354 -0.07036943955767781 -0.04785894206549118 -0.10610766045548654 0.08470225872689938 -0.02288329519450801 0.02178332849259367 0.026226068712300026 0.28194578896418193 0.2047244094488189 -0.056657223796033995 -0.05392525708552796 -0.2780389523169912 0.11081498106326274 0.06750496360026473 0.1019003029468466 0.030395136778115495 -0.15807203938844264 -0.11814247280383672 0.0 0.254330998894213 0.10096035459246488 -1.2032418952618453 0.042269757909568335 0.16304347826086954 -0.07573744352909911 0.03806177719221198 -0.172282746389663 -0.04951078627843923 -0.11562678878076704 -0.050173217058893806 -0.17865824015556636 -0.23649489668907148 -0.21728016359918204 0.0814560264732086 -0.12556172349986783 0.08395130824122009 -0.026493256262042388 0.04584459856588691 0.13119016664696842 0.1441375968992248 0.15823573386493894 0.0721572530480219 0.1657598380361888 0.16381236038719288 0.04753340184994862 0.08314855875831487 -0.10073960724305024 -0.20345398627868466 -0.07748241745142449 -0.12240356083086054 -0.01845926655180901 0.04753778644563627 0.012411567580985475 -0.1280935207063798 -0.03959873284054911 -0.08558166521612996 -0.006216585851050602 -0.05658028742786014 -0.014766015447523855 -0.05873187102960566 -0.1378741456516616 0.050816696914700546 -0.03600695306679911 0.1148006418960622 0.01847518167261978 0.05795235028976174
0.0712443188797445 -0.014585437002131718 0.04931629679444072 0.023076035537094725 0.1257048872180451 -0.0011799410029498525 0.12475538160469668 0.06787878787878787 0.24355851813870016 0.0400055180024831 0.020225003160156747 0.03543499511241447 -0.03718363919875255 -0.04559457794208256 -0.07061240210553346 0.01351517385428185 0.03634947423081916 0.09743589743589742 -0.062317687616016984 -0.008263324610935133 -0.020431617928744737 0.023474178403755867 0.003613587087448808 -0.04180102711095187 -0.05403367680321688 -0.039042821158690184 -0.08152173913043478 0.09111909650924024 -0.009422533315385648 0.030496659889631135 0.07081038552321008 0.3182478218780252 0.2325863113264688 -0.029560290676191654 -0.040130423877602205 -0.24983210208193415 0.11502314490110814 0.08074123097286566 0.11153952079316991 0.04776378636561007 -0.09717543405027208 -0.06316528248918002 0.04271476032273375 0.28013269443420563 0.1255848313223344 -1.2057356608478802 0.06788779300627643 0.15269151138716355 -0.054477810257773054 0.03513394817742643 -0.11907778059285531 -0.009430625957797945 -0.08128219805380651 -0.03344881137259587 -0.16042780748663102 -0.24022902663679369 -0.20066462167689164 0.07763777523227695 -0.10573618821041501 0.08535049671190709 0.0361271676300578 0.11755025273304338 0.16782886183666232 0.17199612403100778 0.18066284575130825 0.09455088330430454 0.18094394533721372 0.18242740134028296 0.07194244604316548 0.09700665188470067 -0.043356286661565914 -0.16915069789448783 -0.05006556204553582 -0.10014836795252227 -0.003691853310361804 0.059726962457337884 0.029787762194365148 -0.12809352070637978 -0.01583949313621964 -0.08123005512039455 0.014919806042521449 -0.0407378069480593 0.0 -0.046745774901114714 -0.12962526514258782 0.05928614640048396 -0.026074000496647626 0.12097271941735585 0.030791969454366297 0.07083065035415324
0.07984277115833435 -0.011219566924716706 0.05828289621161176 0.03461405330564209 0.12922932330827067 0.0035398230088495575 0.12964774951076322 0.06303030303030303 0.25124983976413284 0.03724651676093253 0.04297813171533308 0.05131964809384164 -0.027587861341009955 -0.03696857670979667 -0.05520605982796252 0.018429782528566162 0.04673503829676749 0.1 -0.050384513391673304 -0.016526649221870266 1.734723475976807e-18 0.037064492216456635 0.013249819320645628 -0.028663561447509856 -0.036441316913797435 -0.02518891687657431 -0.0634057971014493 0.08983572895277207 0.008076457127473416 0.029044437990124888 0.1062155782848151 0.3339787028073572 0.25196850393700787 -0.0036950363345239537 -0.023827439177326305 -0.2364002686366689 0.11221770234254454 0.0727994705493051 0.12117873863949324 0.04921117383123462 -0.0466442083441306 -0.022224821616563327 0.07712387280493592 0.30716304214276935 0.14774686037921692 -1.2057356608478802 0.08197771230946586 0.13975155279503107 -0.03720435822482063 0.017566974088713216 -0.07854066379528755 0.03182836260756808 -0.0629650829994276 -0.009556803249313111 -0.14462809917355374 -0.2228030868807568 -0.18149284253578732 0.08654702812778414 -0.08723235527359238 0.0965440044774031 0.0806840077071291 0.15163982602562592 0.19146672970098097 0.19500968992248063 0.20059805631696986 0.098283155013685 0.19486271036315322 0.16877637130801687 0.10020554984583763 0.08869179600886919 -0.01147666411629687 -0.13603028152353916 -0.03933722732149244 -0.07542037586547973 0.003691853310361803 0.07435397367137982 0.031028918952463697 -0.12560626787712972 -0.01187961985216473 -0.07397737162750218 0.031082929255253015 -0.027158537965372865 0.012494320763289416 -0.03116384993407647 -0.11548432712703276 0.07259528130671507 -0.018624286069034025 0.1320824589556845 0.03571868456706491 0.07855763039278815
0.0810711214838472 -0.003365870077415012 0.06949114548307554 0.027691242644513676 0.12805451127819548 0.00471976401179941 0.1223091976516634 0.05696969696969697 0.2448404050762723 0.0400055180024831 0.054354695992921254 0.07453567937438905 -0.016792611251049538 -0.0012322858903265565 -0.04365130311978431 0.03931686939427448 0.05712060236271582 0.12307692307692308 -0.04773269689737471 0.005508883073956755 2.4286128663675298e-18 0.05189028910303929 0.025295109612141653 -0.011943150603129105 -0.02638853983412918 -0.002518891687657432 -0.06599378881987578 0.1155030800821355 0.010768609503297888 0.045018878884693574 0.12588512981904013 0.3484995159728945 0.27498485766202296 0.004926715112698606 -0.007524454477050413 -0.24445936870382806 0.11221770234254454 0.06485771012574454 0.11704764527678324 0.04342162396873643 -0.005182689816014512 0.019885366709556672 0.11390602752728998 0.3427939550313306 0.16744644176311252 -1.1870324189526185 0.10119123863199693 0.15657349896480333 -0.021259633271326066 0.03367003367003367 -0.05320496579680771 0.07662383590710833 -0.042358328563251293 0.025086608529446896 -0.13612056392805055 -0.19666417724670154 -0.18021472392638038 0.11709303805523737 -0.09119746233148293 0.11613264306702112 0.12403660886319848 0.18220289173621723 0.2304692116771067 0.20954457364341086 0.21804136556192372 0.10325951729285894 0.19992407946349486 0.1687763713080169 0.11305241521068861 0.09284922394678492 0.011476664116296862 -0.1159214572983203 -0.027416855405888667 -0.056874381800197826 0.0024612355402411994 0.0841053144807411 0.01861735137147822 -0.12187538863325457 -0.017159450897571277 -0.06962576153176676 0.04848936963819471 0.0045264229942288126 0.034075420263516586 -0.001198609612849097 -0.10134338911147774 0.09800362976406533 -0.012416190712689349 0.16047401555363536 0.03695036334523955 0.10173857050869287
0.09089792408794989 -0.008975653539773365 0.0728536202645147 0.024229837313949468 0.13275375939849623 0.002359882005899705 0.12108610567514674 0.046060606060606066 0.23586719651326757 0.034487515519381985 0.060675009480470235 0.07331378299120235 0.0 0.0012322858903265558 -0.021825651559892155 0.04668878240570094 0.07529533947812542 0.13205128205128205 -0.04110315566162822 0.009640545379424322 0.00638488060273273 0.048183839881393624 0.03613587087448807 -0.007165890361877462 -0.010052777079668257 -0.0037783375314861464 -0.051759834368530024 0.11165297741273102 0.02153721900659577 0.03485332558814987 0.1337529504327301 0.35212971926427883 0.28346456692913385 0.01231678778174652 -0.0012540757461750687 -0.24042981867024849 0.10380137466685369 0.056915949702183985 0.10740842743045993 0.03907946157186279 0.015548069448043534 0.03743127851210668 0.14119601328903655 0.35262317237989926 0.18714602314700812 -1.1770573566084788 0.11656205969002179 0.16304347826086957 -0.010629816635663035 0.03952569169960474 -0.040537116797567774 0.0895909465990805 -0.02175157412707498 0.038227212997252416 -0.12153621779290229 -0.1916853373164053 -0.17382413087934562 0.12218403970981291 -0.08194554586307162 0.11753183153770812 0.13607899807321772 0.19043140942753026 0.2411062522160501 0.22407945736434107 0.22053326688263142 0.10947997014182634 0.19739339491332403 0.16008935219657486 0.11947584789311408 0.08453436807095344 0.02550369803621525 -0.10645848119233499 -0.015496483490284898 -0.05192878338278932 0.011075559931085402 0.08532423208191127 0.018617351371478224 -0.12436264146250468 -0.021119324181626188 -0.07542790832608065 0.053462638319035194 0.009052845988457622 0.04884143571104044 0.008390267289943668 -0.08838086259721896 0.10647307924984875 -0.0012416190712689356 0.16788050857918776 0.0381820421234142 0.10946555054732776
0.08352782213487286 -0.022439133849433412 0.06949114548307556 0.0253836390908042 0.12922932330827067 -0.00471976401179941 0.11986301369863014 0.047272727272727265 0.229457761825407 0.024831011173955024 0.06067500948047022 0.06598240469208212 0.004797888928871297 0.012322858903265557 -0.025677237129284887 0.04423147806855879 0.06620797092042062 0.1282051282051282 -0.043754972155926816 -1.3877787807814458e-18 0.0025539522410930942 0.05436125525080306 0.022886051553842445 0.007165890361877464 -0.021362151294295053 0.011335012594458441 -0.059523809523809534 0.12448665297741272 0.008076457127473412 0.03194888178913738 0.12719643325465513 0.3581800580832527 0.2931556632344034 0.027096933119842348 -0.0012540757461750678 -0.23371390194761585 0.10380137466685369 0.052945069490403715 0.1060313963095566 0.03184252424374005 0.0038870173620108805 0.04561937068663001 0.1459420977693403 0.35999508539132574 0.17606500861856683 -1.180798004987531 0.09222492634814909 0.1565734989648033 -0.03321817698644698 0.0365978626848192 -0.04053711679756777 0.10963102675940113 -0.029765311963365775 0.057340819495878624 -0.13125911521633446 -0.19044062733383121 -0.19171779141104295 0.12218403970981292 -0.10309278350515465 0.11193507765496011 0.14089595375722547 0.2092394498648172 0.25410707954142536 0.24588178294573643 0.21804136556192377 0.12192087583976115 0.18980134126281156 0.16505336311739888 0.1156217882836588 0.08176274944567627 0.02167814333078296 -0.09936124911284598 -0.011920371915603767 -0.03956478733926806 0.003691853310361803 0.07679180887372014 0.0012411567580985486 -0.12684989429175478 -0.042238648363252376 -0.08558166521612996 0.05967922417008579 0.01697408622835804 0.0647432985006815 0.016780534579887332 -0.0872024510959227 0.11736237144585601 0.004966476285075738 0.17158375509196394 0.043108757236112814 0.10688989053444946
0.09949637636653974 -0.014585437002131718 0.07957856982739296 0.03692165685935157 0.14450187969924813 0.0058997050147492625 0.13820939334637963 0.05333333333333332 0.24227663120112805 0.034487515519381985 0.05688282138794084 0.07942326490713589 0.005997361161089121 0.012322858903265559 -0.02952882269867762 0.050374738911414176 0.04673503829676749 0.13333333333333333 -0.055688146380270497 0.012394986916402702 0.02681649853147746 0.05189028910303929 0.037340399903637675 0.003582945180938731 -0.005026388539834128 0.0037783375314861477 -0.04917184265010353 0.11036960985626285 0.00538430475164894 0.027592216090618644 0.14030946761080515 0.3521297192642788 0.30405814657783165 0.032023648232540954 0.011286681715575621 -0.23908663532572194 0.11782858745967177 0.04500330906684315 0.11704764527678327 0.0303951367781155 0.0012956724540036297 0.05965610012867002 0.15306122448979592 0.37228160707703645 0.1883772469835016 -1.1658354114713219 0.0935058281029845 0.1565734989648033 -0.03720435822482063 0.04830917874396135 -0.013934633899163922 0.12967110691972178 -0.01831711505437894 0.06809222315135587 -0.1166747690811862 -0.1941747572815534 -0.18277096114519426 0.11200203640066184 -0.10044937879989427 0.1049391353015251 0.1613680154142582 0.2327495004114259 0.28365441437182365 0.2664728682170543 0.24046847744829303 0.12938541925852204 0.19992407946349486 0.16505336311739888 0.13103802672147996 0.0873059866962306 0.02677888293802601 -0.08161816891412349 -0.0023840743831207525 -0.02720079129574679 0.0012306177701205993 0.08898098488542175 -0.013652724339084025 -0.12063176221862952 -0.05543822597676874 -0.06527415143603134 0.07708566455302748 0.02036890347402965 0.06701499318491595 0.010787486515641858 -0.08248880509073768 0.10284331518451302 0.0037248572138068024 0.15677076904085913 0.04803547234881143 0.09014810045074051
0.10072472669205257 0.008975653539773365 0.07957856982739296 0.05307488173531788 0.14097744360902256 0.02359882005899705 0.1394324853228963 0.07636363636363636 0.24227663120112805 0.04966202234791005 0.06446719757299961 0.09042033235581623 0.015593139018831715 0.016019716574245224 -0.015406342277570933 0.06511856493426711 0.062313384395689994 0.14615384615384613 -0.04375497215592681 0.02203553229582702 0.03830928361639638 0.06177415369409439 0.0457721031076849 0.005971575301564554 0.010052777079668257 0.02015113350125945 -0.04011387163561077 0.11678644763860369 0.017498990442859064 0.029044437990124888 0.14555468135326516 0.37391093901258465 0.31253785584494254 0.057888902574208645 0.018811136192626036 -0.22296843519140358 0.13606396409033525 0.062210456651224356 0.12530983200220325 0.03907946157186278 0.005182689816014513 0.07954146683822669 0.16018035121025154 0.38948273743703155 0.20561438069441024 -1.1571072319201996 0.10503394389650314 0.16563146997929606 -0.029231995748073343 0.06148440931049627 -0.011401064099315938 0.14263821761169393 -0.008013737836290783 0.07287062477601243 -0.10452114730189596 -0.19293004729897933 -0.17893660531697342 0.11709303805523737 -0.10177108115252445 0.1091367007135861 0.1758188824662813 0.26331256612201714 0.28956388133790334 0.29433139534883723 0.2566658360328931 0.14307041552625033 0.20878147538909278 0.1774633904194589 0.14388489208633093 0.09977827050997781 0.0306044376434583 -0.05441211260941566 0.008344260340922638 -0.009891196834817009 0.007383706620723603 0.0999512432959532 -0.01985850812957677 -0.10570824524312897 -0.06335797254487856 -0.04351610095735422 0.0907621534253388 0.02829014371393006 0.06701499318491597 0.010787486515641858 -0.06599104407259014 0.10768300060496068 0.002483238142537867 0.15677076904085915 0.05542554501785933 0.09014810045074051
0.10318142734307825 0.03478065746662179 0.08069939475453934 0.08076612437983154 0.1480263157894737 0.05191740412979351 0.1394324853228963 0.09818181818181818 0.24868606588898862 0.06345702855566285 0.06573126027050942 0.10263929618768328 0.021590500179920834 0.020948860135551448 -0.011554756708178201 0.08231969529426217 0.06620797092042062 0.15641025641025638 -0.038451339167329616 0.03443051921222972 0.0472481164602222 0.06671608598962195 0.0469766321368345 0.01672041084438075 0.015079165619502389 0.028967254408060455 -0.04528985507246377 0.12577002053388092 0.013460761879122356 0.03340110368864362 0.14948859166011016 0.3944820909970958 0.3234403391883708 0.08744919325040028 0.028843742162026585 -0.19744795164539958 0.14728573432458975 0.08338848444738584 0.13770311209033326 0.046316398899985525 0.014252396994039906 0.08655983155924671 0.17323208353108685 0.4042265634598845 0.21177049987687763 -1.14713216957606 0.11271935442551557 0.16433747412008282 -0.021259633271326066 0.0746596398770312 -0.011401064099315936 0.15442650005894137 -0.0022896393817973693 0.09556803249313103 -0.10452114730189596 -0.19044062733383121 -0.19427402862985685 0.10818378515973015 -0.11366640232619614 0.1049391353015251 0.18424855491329478 0.26919007875866935 0.2966552416971989 0.3112887596899225 0.2716172439571393 0.15053495894501118 0.2151081867645198 0.17498138495904692 0.14773895169578627 0.09700665188470067 0.03442999234889058 -0.03312041637094866 0.014304446298724521 0.007418397626112761 0.013536795471326607 0.1218917601170161 -0.02234082164577386 -0.09451560751150354 -0.06071805702217529 -0.017406440382941694 0.10070869078701979 0.0407378069480593 0.07383007723761928 0.02876663070837828 -0.05774216356351637 0.11373260738052027 0.0012416190712689333 0.15553635353660042 0.06281561768690724 0.08628461043142306
0.0945829750644884 0.03702457085156513 0.0717327953373683 0.0853813314872505 0.14097744360902256 0.05663716814159292 0.13820939334637963 0.10787878787878787 0.2486860658889886 0.07173403228031452 0.07078751106054862 0.09164222873900293 0.02518891687657431 0.01725200246457178 -0.005135447425856979 0.07863373878854894 0.07010255744515125 0.1474358974358974 -0.038451339167329616 0.0358077399807189 0.05107904482186184 0.06918705213738571 0.050590219224283306 0.022691986145945302 0.013822568484543857 0.027707808564231735 -0.046583850931677016 0.12962012320328542 0.01615291425494683 0.03485332558814987 0.14293207448203515 0.4005324298160697 0.3137492428831012 0.08375415691587633 0.022573363431151242 -0.19744795164539958 0.15009117688315332 0.07809397749834547 0.12944092536491325 0.04776378636561008 0.020730759264058048 0.0865598315592467 0.1756051257712387 0.40668386779702664 0.21546417138635804 -1.14713216957606 0.10375304214166774 0.15786749482401655 -0.026574541589157584 0.08490704142878057 -0.005067139599695972 0.137922904632795 0.004579278763594733 0.08720582964998208 -0.09479824987846378 -0.2003983071944237 -0.19043967280163598 0.08781977854142803 -0.11234469997356596 0.10214075836015109 0.18304431599229287 0.25625955095803454 0.295473348303983 0.30159883720930236 0.2790929479192624 0.12938541925852204 0.21637352903960524 0.13651030032266073 0.14902363823227133 0.07067627494456762 0.0369803621525121 -0.017743080198722498 0.008344260340922638 0.023491592482690404 0.013536795471326607 0.12189176011701608 -0.042199329775350625 -0.10197736599925382 -0.07391763463569165 -0.01160429358862779 0.10568195946786026 0.043001018445173705 0.08291685597455703 0.04075272683686922 -0.04713646005185011 0.11736237144585601 0.003724857213806806 0.15306752252808295 0.06527897524325654 0.0978750804893754
0.08352782213487286 0.03253674408167845 0.05716207128446536 0.08076612437983155 0.1292293233082707 0.049557522123893805 0.12353228962818004 0.09696969696969696 0.23843097038841182 0.06897503103876397 0.07078751106054862 0.0879765395894428 0.03118627803766343 0.028342575477510783 0.002567723712928489 0.07617643445140682 0.062313384395689994 0.14102564102564102 -0.04110315566162821 0.03856218151769729 0.05490997318350148 0.06424511984185817 0.05902192242833052 0.020303356025319477 0.022618748429253578 0.02518891687657431 -0.03493788819875777 0.11935318275154005 0.02422937138242024 0.03630554748765612 0.14817728822449516 0.38238141335914805 0.3089036947304664 0.06158393890873261 0.02508151492350137 -0.21490933512424445 0.14448029176602611 0.05559232296492389 0.11842467639768658 0.03907946157186279 0.02980046644208344 0.0725231021172067 0.18747033697199808 0.40791251996559774 0.2314700812607732 -1.163341645885287 0.10503394389650314 0.12163561076604554 -0.027903268668615467 0.055628751280925204 -0.007600709399543956 0.1402805611222445 -0.00343445907269605 0.08601122924381795 -0.09601361205639279 -0.19915359721184964 -0.2006646216768916 0.06745577192312588 -0.13349193761564895 0.08954806212396807 0.18304431599229287 0.24215352063006934 0.295473348303983 0.3015988372093023 0.27410914527784697 0.11321224185120675 0.2011894217385803 0.10300322660709853 0.1297533401849949 0.059589800443458976 0.019127773527161444 -0.034303288384196835 0.0059601859578018845 0.008654797230464886 0.01599803101156781 0.09507557289127257 -0.05833436763063175 -0.13928615843800524 -0.08843717001055966 -0.042065564258775744 0.08951883625512869 0.04752744143940251 0.0749659245797365 0.04314994606256742 -0.05656375206222013 0.11494252873563218 -0.014899428855227215 0.14319219849401307 0.044340436014287464 0.09916291049581456
0.057732465299103294 0.024683047234376754 0.04707464694014794 0.06807430483442946 0.11395676691729324 0.03303834808259587 0.10273972602739727 0.07878787878787877 0.22304832713754652 0.04966202234791005 0.06067500948047024 0.09164222873900292 0.029986805805445604 0.03696857670979667 -0.02054178970342791 0.08231969529426221 0.04284045177203687 0.1487179487179487 -0.05966587112171838 0.04682550612863241 0.037032307495849834 0.06177415369409439 0.05540833534088172 0.014331780723754928 0.020105554159336517 0.0163727959697733 -0.046583850931677016 0.10651950718685832 0.02153721900659578 0.017426662794074933 0.13506425386834514 0.3787512100677638 0.29800121138703817 0.06281561768690724 0.017557060446450955 -0.22565480188045667 0.13325852153177162 0.050297816015883526 0.10327733406774993 0.02026342451874367 0.02202643171806167 0.0865598315592467 0.19577598481252964 0.4165130851455953 0.23516375277025361 -1.1558603491271822 0.10503394389650314 0.12939958592132506 -0.025245814509699704 0.04245352071439028 -0.011401064099315936 0.13910173287751976 -0.006868918145392101 0.0884004300561462 -0.0850753524550316 -0.20288772715957185 -0.20449897750511248 0.04327351406389208 -0.14142215173143008 0.06856023506366306 0.1770231213872832 0.23510050546608677 0.29310956151755113 0.2955426356589147 0.2641415399950162 0.09081861159492412 0.18094394533721372 0.06825515016133035 0.10534429599177801 0.026330376940133036 0.0025503698036215246 -0.0248403122782115 3.4694469519536144e-19 0.006181998021760636 0.007383706620723604 0.08166747927840079 -0.08067518927640561 -0.1517224225842557 -0.10559662090813093 -0.062373078038874374 0.07708566455302748 0.04526422994228811 0.07269422989550205 0.04794438451396379 -0.06009898656610889 0.10405323653962491 -0.03352371492426124 0.12714479693864955 0.025865254341667688 0.08113329040566646
0.074929369856283 0.022439133849433412 0.05267877157587984 0.06461289950386526 0.12805451127819548 0.024778761061946902 0.10518590998043054 0.07515151515151515 0.21920266632483015 0.04138501862325838 0.061939072177980024 0.08186705767350927 0.023989444644356483 0.030807147258163886 -0.011554756708178201 0.07494778228283575 0.04933142931325458 0.1487179487179487 -0.0517104216388226 0.04269384382316485 0.040863235857489466 0.05683222139856684 0.06745362563237775 0.010748835542816196 0.02261874842925358 0.00629722921914358 -0.04917184265010353 0.09625256673511293 0.009422533315385652 0.0 0.14817728822449516 0.3920619554695063 0.3113264688067838 0.06404729646508191 0.02508151492350138 -0.218938885157824 0.13746668536961706 0.06750496360026473 0.08675296061690993 0.021710811984368222 0.036278828712101585 0.09240846882676337 0.21713336497389651 0.41897038948273746 0.25486333415414925 -1.1471321695760601 0.11528115793518637 0.13975155279503107 -0.01860217911241031 0.04391743522178305 0.0 0.14145938936696925 0.014882655981682888 0.09676263289929518 -0.07049100631988332 -0.2091112770724421 -0.2198364008179959 0.014000254550082724 -0.16256938937351306 0.04477403106198404 0.18304431599229284 0.24803103326672155 0.31201985580900604 0.2955426356589147 0.2803388985796163 0.08833043045533714 0.17208654941161583 0.05460412012906428 0.08350462487153135 0.0221729490022173 0.006375924509053813 -0.036669032410693164 0.0035761115746811315 0.007418397626112761 0.01353679547132661 0.06460263286201853 -0.09184560009929255 -0.18903121502300707 -0.11219640971488912 -0.08558166521612996 0.0845455675742882 0.046395835690845315 0.07950931394820536 0.0479443845139638 -0.05538534056092388 0.09316394434361766 -0.03724857213806804 0.10492531786199236 0.014780145338095824 0.05537669027688345
0.09335462473897556 0.014585437002131718 0.05828289621161174 0.06807430483442946 0.14097744360902256 0.01887905604719764 0.11986301369863013 0.06666666666666667 0.2268939879502628 0.03310801489860671 0.0707875110605486 0.07209188660801563 0.039582583663188196 0.02094886013555145 0.008987032995249711 0.06511856493426711 0.06490977541217707 0.13076923076923078 -0.031821797931583136 0.024789973832805394 0.04852509258076874 0.060538670620212495 0.07708985786557457 0.004777260241251642 0.031414928373963306 -0.0037783375314861443 -0.041407867494824016 0.08213552361396304 0.006730380939561182 -0.008713331397037467 0.15997901914503015 0.3920619554695063 0.3258631132646881 0.06897401157778052 0.03135189365437672 -0.21222296843519137 0.13466124281105343 0.059563203176704174 0.08812999173781326 0.020263424518743675 0.04275719098211972 0.07954146683822669 0.2361177028951115 0.4214276938198796 0.2721004678650579 -1.1558603491271824 0.11528115793518637 0.1151656314699793 -0.023917087430241825 0.023422632118284287 0.0038003546997719797 0.13556524814334553 0.03205495134516314 0.09676263289929518 -0.06319883325230918 -0.2252925068459049 -0.23900817995910023 -0.033091510754740996 -0.18371662701559607 0.018189450118931017 0.19147398843930635 0.24568002821206067 0.31556553598865383 0.2991763565891473 0.2840767505606778 0.07588952475740232 0.13665696570922434 0.0223380491437081 0.03597122302158274 0.006929046563192908 0.024228513134404488 -0.04849775254317483 0.027416855405888663 2.4286128663675298e-18 0.03937976864385922 0.04022428083861531 -0.08439865955070125 -0.2375326451933839 -0.10427666314677927 -0.11169132579054249 0.08578888474449832 0.03734298970238769 0.08632439800090867 0.03595828838547285 -0.047136460051850106 0.0750151240169389 -0.04345666749441271 0.07529934575978275 0.012316787781746514 0.025756600128783003
0.09335462473897554 0.008975653539773365 0.06164537099305088 0.07153571016499367 0.15037593984962408 0.016519174041297935 0.13943248532289626 0.08848484848484849 0.24484040507627225 0.037246516760932546 0.05561875869043106 0.07331378299120235 0.020391027947703012 0.01725200246457178 -0.005135447425856979 0.06266126059712494 0.044138647280280406 0.14358974358974358 -0.049058605144523995 0.022035532295827016 0.0472481164602222 0.06424511984185817 0.06986268369067695 0.005971575301564553 0.02890173410404624 0.00629722921914358 -0.042701863354037264 0.10523613963039016 -0.00942253331538565 -0.0014522218995062426 0.16653553632310514 0.3920619554695063 0.33070866141732286 0.07143736913412982 0.03762227238525207 -0.21490933512424445 0.15570206200028053 0.07677035076108538 0.09363811622142659 0.01592126212187003 0.025913449080072558 0.07018364721020001 0.2230659705742762 0.411598476471311 0.26594434868259054 -1.1670822942643393 0.08197771230946586 0.055641821946169776 -0.06909380813180972 -0.0029278290147855407 -0.0025335697998479833 0.1402805611222445 0.010303377218088152 0.10034643411778758 -0.07656781720952843 -0.22902663679362706 -0.3591513292433538 -0.25709558355606466 -0.3423209093312186 -0.0055967538827480096 0.19026974951830444 0.24803103326672155 0.31320174920222194 0.3015988372093023 0.2940443558435085 0.0709131624782284 0.10249272428191825 -0.03350707371556219 -0.014131551901336081 -0.004157427937915741 0.005100739607243049 -0.059143600662408334 0.011920371915603767 -0.002472799208704253 0.022151119862170814 0.021940516821062905 -0.24450788134541393 -0.37060067155826387 -0.17027455121436114 -0.12764722947490573 0.07459903021260725 0.03621138395383049 0.06701499318491594 0.03116384993407647 -0.06009898656610888 0.07138535995160314 -0.08567171591755648 0.06665843722997161 -0.018475181672619783 0.015453960077269801
0.08598452278589855 0.011219566924716706 0.0605245460659045 0.07615091727241262 0.1492011278195489 0.02359882005899705 0.13698630136986298 0.09090909090909091 0.23843097038841177 0.04828252172713478 0.048034382505372265 0.06720430107526883 0.007196833393306945 0.01725200246457178 -0.007703171138785467 0.05774665192284063 0.0376476697390627 0.1358974358974359 -0.06364359586316627 0.011017766147913506 0.044694164219129105 0.05806770447244873 0.07347627077812577 0.010748835542816195 0.027645136969087707 0.007556675062972291 -0.04528985507246377 0.12833675564681726 -0.02961367613406919 0.00290444379901249 0.1665355363231052 0.3872216844143272 0.3270745003028468 0.07143736913412982 0.031351893654376725 -0.216252518468771 0.15289661944171695 0.10456651224354732 0.06885155604516661 0.010131712259371838 0.0181394143560508 0.06082582758217335 0.21120075937351687 0.4042265634598845 0.26348190100960356 -1.1870324189526185 0.0589214807224286 -0.012939958592132511 -0.11294180175391974 -0.026350461133069835 -0.02660248289840385 0.11788282447247436 -0.009158557527189467 0.08242742802532553 -0.08872143898881867 -0.27632561613144135 -0.48185071574642124 -1.1187476135929744 -0.5048902987047317 -0.055967538827480054 0.19388246628131023 0.2398025155754085 0.30729228223614224 0.29190891472868213 0.28781460254173935 0.04851953222194575 0.04555232190307477 -0.1514023330851328 -0.07579650565262078 -0.042960088691796 -0.005100739607243049 -0.07688668086113082 -0.0035761115746811276 -0.023491592482690404 -0.008614324390844202 -0.013408093612871763 -0.82040461710314 -0.6790200223852755 -0.22043294614572334 -0.15375689004931822 0.0658958100211364 0.021500509222586853 0.06701499318491595 0.03236245954692557 -0.06834786707518266 0.05444646098003629 -0.12292028805562456 0.02468831008517467 -0.057888902574208645 0.0
0.08229947180936002 0.010097610232245036 0.06164537099305088 0.06576670128072 0.1398026315789474 0.01887905604719764 0.14921722113502936 0.07636363636363636 0.22433021407511858 0.034487515519381985 0.04424219441284287 0.07697947214076246 0.011994722322178242 0.02711028958718422 -1.3877787807814458e-18 0.07371913011426465 0.054524211346228736 0.13974358974358975 -0.06364359586316627 -0.0013772207684891887 0.030647426893117106 0.06548060291574007 0.07227174174897616 0.022691986145945302 0.013822568484543857 0.032745591939546605 -0.02976190476190476 0.14630390143737165 -0.04711266657692825 0.01887888469358118 0.1665355363231052 0.39932236205227495 0.322228952150212 0.07513240546865377 0.036368196639077 -0.1974479516453996 0.19918642165801656 0.09662475181998675 0.05370421371522995 -0.0014473874656245431 0.023322104172065306 0.06550473739618667 0.22069292833412435 0.4042265634598845 0.25732578182713617 -1.1870324189526185 0.034584347380555915 -0.07246376811594205 -0.15147488705819825 -0.049773093251354115 -0.05827210539650367 0.10255805729105268 -0.042358328563251293 0.05973002030820691 -0.14584346135148274 -0.34602937515558874 -0.7937116564417177 -2.0020364006618303 -0.6938937351308485 -0.08255211977053309 0.19990366088631983 0.2233454801927824 0.2978371350904149 0.2749515503875969 0.2803388985796162 0.03607862652401095 -0.010122738200683285 -0.26309257880367337 -0.14131551901336076 -0.07760532150776053 -0.011476664116296862 -0.09817837709959781 -0.01311240910716414 -0.04821958456973293 -0.03199606202313561 -0.07557289127254999 -1.3925778825865707 -1.1192637731625419 -0.2666314677930306 -0.18856977081520163 0.05346263831903518 0.03734298970238768 0.0647432985006815 0.043149946062567425 -0.0848456280933302 0.06654567453115548 -0.16141047926496152 -0.037032465127761996 -0.10222933858849612 0.014166130070830651
0.07615772018179584 -0.0044878267698866825 0.05828289621161174 0.06461289950386524 0.14685150375939854 0.010619469026548672 0.16389432485322897 0.03878787878787878 0.2140751185745417 0.02207200993240447 0.03792188092529389 0.07209188660801565 0.008396305625524769 0.035736290819470114 0.005135447425856979 0.06880452143998035 0.06231338439568999 0.12179487179487178 -0.07822858658180853 -0.0041316623054675665 0.020431617928744733 0.06795156906350383 0.06745362563237775 0.03582945180938731 0.013822568484543857 0.027707808564231735 -0.020703933747412008 0.11165297741273102 -0.05788127608022614 0.0014522218995062439 0.15866771570941515 0.3799612778315586 0.32101756511205337 0.07636408424682843 0.04138449962377728 -0.20416386836803224 0.23846261747790715 0.045003309066843133 0.03993390250619664 -0.028947749312490955 0.02461777662606893 0.037431278512106675 0.2218794494542003 0.3796535200884629 0.24501354346220144 -1.2281795511221945 -0.020494428077366462 -0.16433747412008282 -0.1926654265213925 -0.09369052847313716 -0.07474030909551557 0.06719320994931038 -0.08128219805380651 0.02150280731095449 -0.21876519202722408 -0.49414986308190195 -1.38420245398773 -2.7911416571210386 -0.8353158868622786 -0.13572128165663916 0.1938824662813102 0.18337839426354766 0.2931095615175511 0.2543604651162791 0.26538749065537004 -0.014929086837521777 -0.0860432747058079 -0.3971208736659221 -0.19141829393627957 -0.12472283813747227 -0.02805406783983677 -0.134847409510291 -0.032185004172130174 -0.09891196834817013 -0.06522274181639183 -0.2059970745977572 -2.2713168673203428 -1.4214649919164284 -0.2969904963041183 -0.22483318827966348 0.039786149446723866 0.03394817245671609 0.06247160381644708 0.05633465180390747 -0.09898656610888522 0.04718693284936478 -0.2321827663272908 -0.12467596593013208 -0.1514964897154822 0.012878300064391501
0.06141751627564181 -0.01570739369460339 0.05043712172158708 0.053074881735317866 0.1292293233082707 0.00471976401179941 0.1577788649706458 0.0024242424242424316 0.18587360594795538 0.01517450682852807 0.027809379345215518 0.07453567937438905 0.007196833393306945 0.033271719038817 -1.3877787807814458e-18 0.06511856493426711 0.0752953394781254 0.10512820512820512 -0.08883585255900292 -0.006886103842445944 0.007661856723279276 0.0704225352112676 0.07588532883642496 0.033440821688761495 0.012565971349585325 0.05163727959697732 -0.021997929606625256 0.09368583162217659 -0.053843047516489426 0.002904443799012489 0.15211119853134017 0.36786060019361083 0.31374924288310113 0.06404729646508191 0.03009781790820166 -0.1974479516453996 0.2482816664328798 0.0013236267372600974 0.006885155604516661 -0.040526849037487336 0.016843741902047165 0.03392209615159668 0.21238728049359276 0.3575377810541836 0.23762620044324057 -1.2605985037406484 -0.09862943512232611 -0.2329192546583851 -0.22721233058729737 -0.12589664763577807 -0.09754243729414745 0.02947070611811859 -0.11219232970807096 -0.06450842193286346 -0.3172095284394749 -0.7082399800846402 -2.259713701431493 -3.316787577955963 -0.9238699444885011 -0.1818945011893102 0.18184007707129096 0.17985188668155636 0.2860182011582555 0.23134689922480617 0.23548467480687765 -0.0709131624782284 -0.19739339491332406 -0.4839910647803425 -0.2479445015416238 -0.14273835920177383 -0.0510073960724305 -0.17979654601372133 -0.060793896769579206 -0.1768051434223541 -0.13413733694314547 -0.5253534861043393 -3.3027181333002353 -1.578161920159184 -0.337909186906019 -0.2654482158398607 0.02859629491483278 0.027158537965372865 0.060199909132212646 0.03595828838547285 -0.11548432712703276 0.014519056261343014 -0.3339955301713434 -0.19380323416862116 -0.1761300652789753 0.020605280103026404
0.06878761822871883 -0.021317177156961742 0.05604124635731898 0.036921656859351566 0.13275375939849626 0.002359882005899705 0.13698630136986303 -0.03272727272727273 0.17690039738495064 0.012415505586977512 0.022753128555176333 0.08064516129032258 0.008396305625524769 0.038200862600123224 -0.012838618564642445 0.07617643445140682 0.08048812151109956 0.08974358974358973 -0.08618403606470433 -0.005508883073956755 0.005107904482186185 0.07289350135903136 0.07829438689472416 0.032246506628448586 0.01507916561950239 0.07556675062972293 -0.04528985507246377 0.06801848049281314 -0.05518912370440167 0.002904443799012489 0.16391292945187516 0.3714908034849952 0.31980617807389466 0.06527897524325657 0.03260596940055179 -0.16924110141034251 0.2188245195679618 -0.019854401058901405 -0.0027540622418066652 -0.041974236503111884 0.014252396994039912 0.016376184349046675 0.20882771713336495 0.3268214768399066 0.22285151440531886 -1.3154613466334164 -0.187011656205969 -0.3002070393374741 -0.2431570555407919 -0.15517493778363345 -0.11274385609323537 -0.00943062595779795 -0.15340583858042361 -0.1481304503643531 -0.44117647058823534 -1.071695294996266 -3.355061349693252 -3.613338424334988 -0.9992069785884219 -0.22806772072198128 0.19026974951830447 0.18102738920888678 0.2812906275853918 0.2095445736434108 0.19561425367555446 -0.15551132122418512 -0.32898899152220673 -0.5522462149416729 -0.2903391572456321 -0.15798226164079823 -0.07268553940321346 -0.2164655784244145 -0.09297890094170938 -0.2596439169139466 -0.22274181639182872 -1.1933203315455876 -4.186421745066402 -1.6328814824026865 -0.34318901795142553 -0.2799535828256455 0.016163123212731566 0.014710874731243639 0.03975465697410268 0.009588876902792762 -0.14612302616073533 -0.047186932849364795 -0.46064067544077475 -0.2616960869028515 -0.19830028328611898 0.0051513200257566
0.09089792408794987 -0.021317177156961742 0.07061197041022192 0.036921656859351566 0.15859962406015038 0.022418879056047197 0.13576320939334635 -0.044848484848484846 0.20125624919882065 0.009656504345426954 0.032865630135254696 0.08064516129032258 0.008396305625524769 0.030807147258163893 -0.010270894851713955 0.0823196952942622 0.07659353498636895 0.06538461538461537 -0.08618403606470433 -0.023412753064316207 0.003830928361639638 0.07536446750679514 0.08552156106962178 0.027469246387196944 0.01507916561950239 0.08816120906801009 -0.08928571428571427 0.04235112936344969 -0.056535199892313905 -0.02178332849259367 0.1626016260162602 0.3811713455953533 0.32465172622652944 0.07636408424682842 0.04138449962377727 -0.13700470114170588 0.18796465142376206 -0.041032428855062884 0.013770311209033326 -0.05789549862498191 0.020730759264058048 0.014036729442040003 0.19933554817275745 0.3083916943113404 0.19822703767544939 -1.3591022443890273 -0.2728320737799411 -0.3442028985507246 -0.25112941801753924 -0.15956668130581173 -0.12034456549277932 -0.05540492750206296 -0.17515741270749857 -0.2341416796081711 -0.58458920758386 -1.446352999751058 -4.394171779141105 -3.913707521954945 -1.0243193232883956 -0.2756401287253393 0.19990366088631986 0.17632537909956505 0.2836544143718237 0.1792635658914729 0.16820333914776975 -0.25006220452848965 -0.4428697962798937 -0.6254653760238273 -0.2877697841726619 -0.18985587583148558 -0.08798775822494262 -0.22474568251715166 -0.12993205388008106 -0.3128090999010881 -0.34826482894412997 -1.840565577766943 -4.74370112945265 -1.6652157691829372 -0.352428722280887 -0.2712503626341746 0.011189854531891088 0.006789634491343221 0.03748296228986824 -0.003595828838547288 -0.17558331369314165 -0.10647307924984876 -0.5686615346411721 -0.31847920009875325 -0.20938539228969089 -3.4694469519536144e-19
0.09949637636653973 -0.024683047234376754 0.07285362026451468 0.04153686396677052 0.17034774436090225 0.04129793510324484 0.11130136986301369 -0.05818181818181818 0.205101910011537 -1.3877787807814458e-18 0.03160156743774491 0.07942326490713585 0.009595777857742594 0.025878003696857672 -4.163336342344337e-18 0.09583486914854404 0.04673503829676749 0.04358974358974359 -0.08883585255900292 -0.03856218151769729 0.016600689567105094 0.0691870521373857 0.099975909419417 0.03702376686970023 0.03141492837396331 0.11209068010075567 -0.11128364389233955 0.04235112936344969 -0.049804818952752725 -0.004356665698518733 0.15997901914503015 0.3739109390125847 0.3282858873410055 0.08129079935952704 0.05517933283170303 -0.10745466756212223 0.130453078973208 -0.06882859033752482 0.0 -0.05934288609060645 0.01813941435605079 -0.0035091823605099977 0.1981490270526815 0.2825899987713478 0.17483378478207337 -1.456359102244389 -0.3586524913539132 -0.41666666666666663 -0.2777039596066968 -0.17127799736495386 -0.13807955409171518 -0.09194860308853 -0.22896393817973673 -0.33329351331979457 -0.79606222654351 -2.1620612397311425 -5.17638036809816 -4.053710067455772 -1.0719006079830822 -0.28403525954946135 0.19508670520231214 0.15869284118960852 0.2741992672260963 0.15867248062015504 0.10092200348866183 -0.3794476237870117 -0.5795267619891181 -0.6751054852320675 -0.31860226104830425 -0.1829268292682927 -0.11986738077021167 -0.255500354861604 -0.17522946715937537 -0.38575667655786355 -0.5857740585774058 -2.886396879570941 -4.97455628645898 -1.678895659743813 -0.3735480464625132 -0.2683492892370177 0.0074599030212607245 0.0011316057485572044 0.03180372557928214 -0.025170801869830995 -0.20975724723073297 -0.1899576527525711 -0.6493667742736529 -0.34440192568818667 -0.2081537135115162 0.025756600128782996
0.09335462473897554 -0.0381465275440368 0.07061197041022192 0.04384446752047999 0.17622180451127817 0.021238938053097345 0.08072407045009786 -0.07272727272727272 0.19869247532367645 -0.008277003724651679 0.02654531664770573 0.07697947214076244 0.011994722322178242 0.025878003696857665 -0.005135447425856978 0.10074947782282835 0.012981955082435423 0.03205128205128205 -0.10076902678334661 -0.03993940228618647 0.003830928361639638 0.06918705213738571 0.08793061912792098 0.03821808193001314 0.03644131691379744 0.09697732997481108 -0.1475155279503106 0.04235112936344969 -0.055189123704401655 1.3877787807814458e-18 0.14686598478888016 0.3654404646660213 0.3161720169594186 0.08252247813770171 0.06772009029345372 -0.1343183344526528 0.08696871931547204 -0.0900066181336863 -0.009639217846323326 -0.06802721088435373 -0.003887017362010884 -0.018715639256053337 0.1779781680113906 0.2580169553999262 0.11696626446688008 -1.5673316708229428 -0.4329447931343665 -0.46842650103519673 -0.30294977411639645 -0.1756697408871322 -0.173549531289587 -0.14145938936696925 -0.31368059530623926 -0.46111575677935734 -1.1412250850753527 -3.222554144884242 -5.60838445807771 -4.1529845997199955 -1.1208035950303992 -0.29802714425633126 0.1794315992292871 0.13635829317033027 0.2399243588228342 0.12475775193798451 -0.028656865188138547 -0.5362030355809904 -0.7022649626724029 -0.7110945644080418 -0.354573484069887 -0.19539911308203994 -0.1530221882172915 -0.28625502720605633 -0.23840743831207534 -0.49085064292779423 -1.2121585035687914 -3.921257922964407 -5.042819908154401 -1.660241263524437 -0.38278775079197463 -0.25674499564838993 -0.023623026233992293 -0.023763720719701252 0.007950931394820535 -0.06712213831954932 -0.2710346452981381 -0.35329703569268 -0.7288303948348647 -0.3727934822861375 -0.222933858849612 0.0360592401802962
0.09089792408794986 -0.04824413777628184 0.05379959650302622 0.02884504442136841 0.18092105263157893 -0.02949852507374632 0.05014677103718199 -0.08484848484848485 0.193564927573388 -0.009656504345426956 0.02148906585766654 0.07331378299120234 -0.007196833393306945 0.01355514479359211 -0.021825651559892155 0.08846295613711759 -0.009087368557704782 0.03076923076923076 -0.10872447626624238 -0.026167194601294585 -0.003830928361639637 0.061774153694094405 0.06986268369067694 0.03344082168876149 0.025131942699170646 0.04659949622166246 -0.18115942028985507 0.021817248459958943 -0.06057342845605061 -0.01016555329654371 0.14293207448203513 0.35939012584704744 0.29315566323440345 0.07882744180317772 0.072736393278154 -0.20416386836803224 0.07153878524337212 -0.10589013898080742 -0.017901404571743322 -0.07671153567810103 -0.00518268981601451 -0.029243186337583337 0.15187470336971998 0.22115739034279397 0.03570549125831076 -1.6633416458852868 -0.4752145510439349 -0.5007763975155279 -0.30693595535477014 -0.17566974088713222 -0.20395236888776277 -0.19097017564540847 -0.4121350887235261 -0.6116354079560387 -1.7695673310646576 -4.197162061239731 -5.823108384458078 -4.220440371643122 -1.156489558551414 -0.3008255211977052 0.18063583815028902 0.11402374515105204 0.2032856636331403 0.07025193798449614 -0.16321953650635435 -0.6942025379447624 -0.7592053650512464 -0.7346736162819558 -0.35200411099691675 -0.20371396895787144 -0.1798010711553175 -0.33238703572273487 -0.33019430206222433 -0.6404549950544015 -2.2114201329067193 -4.646513895660653 -5.066401886558273 -1.6390996144758117 -0.38014783526927143 -0.2451407020597621 -0.04724605246798458 -0.05205386443363132 -0.029532030895047707 -0.1186623516720604 -0.39358944143294833 -0.5130066545674531 -0.778495157685622 -0.39624737686705347 -0.24017736174405716 0.05408886027044431
0.09581132539000123 -0.05048805116122518 0.05379959650302622 0.04384446752047998 0.14450187969924813 -0.04719764011799411 0.024461839530332687 -0.11030303030303032 0.169209075759518 -0.01793350807007863 0.025281253950195932 0.06964809384164224 0.009595777857742594 0.017252002464571783 -0.02696109898574913 0.07740508661997789 -0.006490977541217698 0.006410256410256408 -0.09281357730045083 -0.03580773998071891 -0.005107904482186183 0.05683222139856684 0.06865815466152733 0.04777260241251642 -0.018848957024377982 0.01763224181360202 -0.20056935817805382 -0.011550308008213555 -0.05922735226813837 -0.026139994191112403 0.1337529504327301 0.36302032913843174 0.2943670502725621 0.09853430225397214 0.02508151492350138 -0.22296843519140364 0.05751157245055407 -0.12177365982792854 -0.016524373450839992 -0.08105369807497467 0.007774034724021767 -0.03158264124459 0.1400094921689606 0.142523651554245 -0.072642206353115 -1.71072319201995 -0.4854617650826182 -0.4813664596273292 -0.2737177783683232 -0.16981408285756114 -0.21535343298707876 -0.27113049628669106 -0.4808242701774471 -1.0440807549874567 -2.7260573650947983 -4.388847398556136 -5.807770961145195 -4.074074074074074 -1.028284430346286 -0.3022247096683923 0.16738921001926782 0.10579522745973904 0.16782886183666232 -0.048449612403100764 -0.3189633690505856 -0.7688479721323712 -0.7870428951031254 -0.6974435343757757 -0.33530318602261044 -0.19955654101995565 -0.20275439938791123 -0.37615330021291704 -0.43151746334485636 -1.475024727992087 -2.8021166625646075 -4.703803022915651 -4.9435273675065154 -1.5110060937694316 -0.3273495248152059 -0.2335364084711343 -0.054705955489245305 -0.07921240239900419 -0.042026351658337124 -0.18338727076591158 -0.49493283054442616 -0.5626134301270417 -0.7698038241867395 -0.41352919392667575 -0.22293385884961206 0.06052801030264006
0.09581132539000123 -0.04824413777628184 0.04595382201300157 0.046152071074189456 0.10808270676691727 -0.05781710914454278 0.014677103718199618 -0.11636363636363636 0.1653634149468017 -0.013795006207752796 0.029073442042725318 0.06720430107526883 0.015593139018831715 0.007393715341959335 -0.042367441263320066 0.06757586927140927 -0.0012981955082435313 0.0012820512820512805 -0.07425086184036066 -0.027544415369783776 -0.003830928361639637 0.05930318754633061 0.06986268369067695 0.02866356144750986 -0.06659964815280221 -0.0037783375314861534 -0.22127329192546585 -0.04106776180698151 -0.05653519989231389 -0.031948881789137386 0.1311303435615001 0.3472894482090997 0.2931556632344034 0.07390072669047912 -0.03260596940055179 -0.2592343854936199 0.04628980221629962 -0.16942422236929186 -0.006885155604516665 -0.09118541033434649 0.012956724540036279 -0.03743127851210668 0.11865211200759371 0.020887086865708327 -0.168677665599606 -1.7356608478802993 -0.4918662738567951 -0.43995859213250527 -0.23252723890512889 -0.15517493778363345 -0.22548771218647073 -0.3288930802782034 -0.5724098454493418 -1.7871222076215503 -3.580456976178901 -4.45108289768484 -5.78859918200409 -3.267150311823851 -0.9093312186095691 -0.26024905554778227 0.14932562620423895 0.08581168449512168 0.10873419217586573 -0.19622093023255816 -0.4535260403688014 -0.8223438666334909 -0.7908389219283816 -0.609332340531149 -0.30704008221993834 -0.16629711751662973 -0.2410099464422341 -0.418736692689851 -0.6055548933126713 -2.3813056379821957 -3.0839281319222254 -4.720867869332033 -4.407347648007944 -1.2088048750155453 -0.29831045406546985 -0.20307513780098638 -0.06713912719134651 -0.10637094036437704 -0.0817810086324398 -0.27448160134244276 -0.5868489276455338 -0.5892316999395039 -0.7698038241867396 -0.393778545858536 -0.20445867717699223 0.0875724404378622
0.0884412234369242 -0.060585661393470214 0.0549204214301726 0.017307026652821047 0.08341165413533835 -0.08023598820058997 -0.015900195694716242 -0.11272727272727272 0.16792718882194593 -0.008277003724651679 0.018960940462646948 0.05620723362658847 0.0035984166966534724 -0.01725200246457178 -0.08858646809603286 0.049146086742843084 -0.03375308321433208 -0.0025641025641025663 -0.08883585255900292 -0.02203553229582702 0.005107904482186183 0.06300963676797629 0.09033967718622019 -0.003582945180938729 -0.08042221663734606 -0.02141057934508816 -0.23809523809523808 -0.04491786447638605 -0.0376901332615426 -0.04066221318617485 0.11408339889850512 0.3363988383349467 0.29557843731072075 0.03571868456706489 -0.10032605969400551 -0.2834116856950974 -0.025248983027072514 -0.1601588352084712 -0.008262186725419991 -0.07671153567810104 0.00518268981601451 -0.05848637267516669 0.06881822496440436 -0.11303599950853913 -0.24008864811622752 -1.783042394014963 -0.49698988087613677 -0.4192546583850931 -0.20595269731597127 -0.15078319426145514 -0.22802128198631869 -0.3901921490038901 -0.6994848311390955 -2.6567913033090433 -4.071463296062227 -4.439880507841673 -5.559815950920244 -2.416953035509737 -0.7454401268834259 -0.2420596054288513 0.1348747591522158 0.06347713647584344 0.016546507505023022 -0.3391472868217055 -0.548218290555694 -0.874595670564817 -0.783246868277869 -0.5336311739885827 -0.27235354573484066 -0.14966740576496676 -0.28436623310380005 -0.48379465341850014 -0.9834306830373108 -3.0947082096933727 -3.1466896381983758 -4.723305704534374 -3.8686856149931743 -0.7847282676284044 -0.27455121436114044 -0.19002030751378013 -0.08703220191470844 -0.15163517030666515 -0.12494320763289415 -0.3811578568860122 -0.6551967947207165 -0.6194797338173019 -0.7598708716165881 -0.3406986791754104 -0.1822884591698485 0.0849967804249839
0.08598452278589853 -0.07404914170313026 0.05828289621161174 -0.01846082842967578 0.0505169172932331 -0.10383480825958702 -0.045254403131115464 -0.10545454545454547 0.16536341494680168 -0.016554007449303347 0.026545316647705725 0.05131964809384164 0.010795250089960417 -0.03573629081947012 -0.11426370522531777 0.043002825899987704 -0.04154225626379332 0.00897435897435897 -0.07292495359321136 -0.01652664922187026 0.014046737326012004 0.05806770447244873 0.10479402553601543 -0.04060671205063896 -0.1005277707966826 -0.03526448362720404 -0.24715320910973088 -0.01668377823408624 -0.017498990442859064 -0.031948881789137386 0.09965906110674008 0.33034849951597284 0.2810417928528165 -0.01108510900357188 -0.1542513167795335 -0.3049026192075218 -0.08276055547762659 -0.1270681667769689 -0.005508124483613327 -0.05789549862498191 0.007774034724021767 -0.050298280500643354 -0.009492168960607495 -0.22484334684850715 -0.2930312730854469 -1.7880299251870326 -0.46881004226975787 -0.3623188405797101 -0.17804942864735582 -0.11418533157663593 -0.2457562705852546 -0.4573853589532004 -1.0062965082999429 -3.40938955919245 -4.2549829849295095 -4.360219068956933 -5.04601226993865 -1.668575792287133 -0.6344171292624902 -0.1972855743668672 0.12644508670520233 0.025861055601269545 -0.1406453137926959 -0.44573643410852715 -0.6154996262148018 -0.8895247574023388 -0.7452866000253068 -0.43062794738148436 -0.2453751284686536 -0.12056541019955654 -0.306044376434583 -0.6020818547433169 -1.6938848492072953 -3.438427299703264 -3.1220772827959635 -4.657484154071185 -2.9874643167432042 -0.506155950752394 -0.23099260823653642 -0.17986655062373078 -0.0907621534253388 -0.19916261174606767 -0.1578827805542935 -0.4878341124295817 -0.6952627857647891 -0.632788868723533 -0.6977899180531414 -0.2777434884582151 -0.141643059490085 0.09401159047005796
0.08966957376243703 -0.07853696847301694 0.07285362026451468 -0.04153686396677051 0.04699248120300754 -0.11209439528023599 -0.04280821917808218 -0.07878787878787878 0.1910011536982438 -0.012415505586977512 0.04677031980786247 0.04032258064516129 0.026388389108792133 -0.0640788662969809 -0.11041211965592504 0.02825899987713477 -0.04154225626379332 0.014102564102564103 -0.03977724741447891 -0.022035532295827023 0.02426254629038437 0.05436125525080306 0.0951577933028186 -0.08360205422190374 -0.10304096506659965 -0.06423173803526447 -0.22903726708074537 0.0012833675564681707 0.00807645712747342 -0.027592216090618647 0.0957251507998951 0.32187802516940944 0.2798304058146578 -0.06035226013055796 -0.17557060446450967 -0.34116856950973806 -0.09819048954972645 -0.09530112508272666 0.02340952905535665 -0.053553336228108275 0.019435086810054413 -0.07369282957071002 -0.12458471760797343 -0.3378793463570463 -0.3275055405072642 -1.8042394014962597 -0.39707954399897527 -0.32738095238095233 -0.13818761626361944 -0.10832967354706484 -0.2584241195844945 -0.5139691146999882 -1.5787063537492845 -4.1297336041094255 -4.271998055420516 -4.209609161065472 -4.216513292433538 -1.1862033855161003 -0.541897964578377 -0.14971316636350915 0.12403660886319845 -0.018808040437286944 -0.347476657605484 -0.5377906976744187 -0.6516321953650636 -0.8808161234137846 -0.6681007212450968 -0.35120377264829983 -0.20554984583761565 -0.09562084257206209 -0.32262178015812293 -0.7061745919091555 -2.5116223626177137 -3.7586547972304643 -3.051932069899089 -4.407606045831303 -1.9498572669728182 -0.3681134187290139 -0.16367476240760298 -0.168262257035103 -0.09573542210617927 -0.24103202444268418 -0.1976374375283962 -0.5789284430061129 -0.7082253122790478 -0.6364186327888688 -0.5997020114228955 -0.22836686828786573 -0.11208276881389334 0.10045074050225371
0.08107112148384718 -0.08302479524290363 0.06164537099305088 -0.07153571016499365 0.045817669172932333 -0.13569321533923304 -0.018346379647749517 -0.06424242424242424 0.21279323163696962 -0.02207200993240447 0.034129692832764506 0.035434995112414464 0.005997361161089121 -0.09858287122612445 -0.12581846193349594 0.01965843469713723 -0.06361157990393354 0.029487179487179483 -0.049058605144523995 -0.01928109075884864 0.02298557016983782 0.06548060291574005 0.06022645145748011 -0.11584856085035233 -0.11435033928122647 -0.0982367758186398 -0.2109213250517598 0.012833675564681724 0.012114685691210126 -0.03775776938716236 0.07736690270128507 0.31582768635043557 0.23864324651726226 -0.11577780514841729 -0.1968898921494858 -0.38146406984553394 -0.07714967036049936 -0.07412309728656517 0.045442026989809974 -0.05500072369373282 0.0038870173620108835 -0.08772955901275002 -0.28476506881822494 -0.42634230249416394 -0.35459246491012064 -1.7842892768079803 -0.3253490457281927 -0.29244306418219457 -0.12622907254849852 -0.09808227199531545 -0.29389409678236633 -0.602381233054344 -2.3674871207784776 -4.603989965356588 -4.237967914438502 -3.898431665421957 -3.177402862985685 -0.935471554028255 -0.48506476341527893 -0.12872533930320415 0.10597302504816956 -0.09991771482308688 -0.5235787731946578 -0.6019864341085271 -0.656615998006479 -0.8310525006220452 -0.5605466278628369 -0.2941176470588235 -0.17600205549845843 -0.08314855875831487 -0.36470288191787803 -0.9746865389164894 -3.1898915246155677 -3.8266567754698313 -2.9682500615308887 -3.8054607508532428 -1.0760829092714406 -0.32831737346101236 -0.15575501583949314 -0.17116333043225992 -0.10941191097849061 -0.2670589566594998 -0.24193548387096775 -0.6376603140357185 -0.7094037237803441 -0.6013309134906232 -0.49292277129376705 -0.18269349463029255 -0.09730262347579752 0.10688989053444946
0.06264586660115465 -0.08078088185796028 0.029141448105805868 -0.09345794392523364 0.025845864661654144 -0.15103244837758112 -0.013454011741682984 -0.041212121212121214 0.19612870144853223 -0.016554007449303347 0.026545316647705725 0.04521016617790811 -0.023989444644356483 -0.11213801601971658 -0.13352163307228143 0.012286521685710776 -0.06490977541217707 0.05128205128205129 -0.053036329885971886 -0.0041316623054675665 0.02298557016983782 0.06795156906350383 0.010840761262346421 -0.1254030813328556 -0.11812013068610203 -0.11838790931989922 -0.17339544513457555 0.03080082135523614 0.020191142818683543 -0.018878884693581184 0.07212168895882506 0.31340755082284605 0.19018776499091458 -0.15026481093730756 -0.2056684223727113 -0.41370047011417055 -0.0420816383784542 -0.046326935804103235 0.03993390250619664 -0.03763207410623824 -0.023322104172065306 -0.12983974733887005 -0.4437588989084006 -0.4767170414055781 -0.3669047032750554 -1.7543640897755612 -0.25874215447675164 -0.2445652173913043 -0.11825671007175127 -0.07905138339920949 -0.31669622498099825 -0.790993752210303 -3.1356611333714937 -4.839326245370923 -4.140738940204181 -3.581030619865571 -2.1651329243353783 -0.6796487208858342 -0.4533439069521544 -0.08814887365328111 0.06502890173410406 -0.2715410838133302 -0.6583146200212739 -0.6564922480620154 -0.6603538499875404 -0.7825329684000994 -0.4580539035809187 -0.23579051873914122 -0.1785714285714286 -0.06790465631929046 -0.4310124968120377 -1.4927844807191861 -3.628561211109787 -3.7908011869436202 -2.8574944622200347 -3.1813749390541193 -0.5349385627404742 -0.27608506404676036 -0.14783526927138332 -0.16681172033652453 -0.11562849682954124 -0.2953491003734299 -0.3078146297137665 -0.6748172120340405 -0.6917275512609002 -0.5565638233514821 -0.38614353116463873 -0.12591038143439082 -0.07636408424682843 0.12749517063747587
0.06264586660115463 -0.09087849209020532 0.006724949562878271 -0.104995961693781 0.021146616541353386 -0.16755162241887905 0.019569471624266147 -0.02424242424242424 0.19997436226124857 -0.0027590012415505604 0.03286563013525471 0.029325513196480933 -0.06117308384310903 -0.11953173136167591 -0.13352163307228143 -0.011057869517139695 -0.02726210567311437 0.06282051282051282 -0.045080880403076104 -0.006886103842445944 0.01149278508491891 0.055596738324684945 -0.0481811611659841 -0.14570643735817507 -0.14576526765518977 -0.154911838790932 -0.1617494824016563 0.021817248459958933 0.017498990442859078 -0.03485332558814987 0.059008654602675056 0.30251694094869314 0.12840702604482135 -0.17489838650080058 -0.2282417858038625 -0.44593687038280727 0.012624491513536257 -0.025148908007941763 0.04681905811071331 -0.028947749312490955 -0.03887017362010884 -0.20704175927009008 -0.5327479829140959 -0.5148052586312815 -0.365673479438562 -1.6795511221945136 -0.1895734597156398 -0.19280538302277433 -0.09832580387988307 -0.06148440931049626 -0.3749683303775019 -1.1352115996699281 -3.6737263880938755 -4.924142874208577 -4.00461837627613 -2.910131939258153 -1.4417177914110428 -0.572737686139748 -0.4203013481363997 -0.0839513082412201 0.009633911368015424 -0.47137651345950393 -0.7587755584446283 -0.6867732558139534 -0.6242212808372789 -0.6755411793978602 -0.3454384410983171 -0.18366840407048896 -0.15801644398766707 -0.0582039911308204 -0.5177250701351696 -2.136266855926189 -3.796638455119799 -3.74381800197824 -2.6359832635983262 -2.1794246708922467 -0.3251830706218195 -0.25991792065663477 -0.1372756071805702 -0.165361183637946 -0.12930498570185253 -0.340613330315718 -0.38845979100408906 -0.6927963562267769 -0.6716945557388639 -0.4924379915305506 -0.3128880059597715 -0.11233181088754476 -0.07266904791230447 0.10817772054088862
0.04299226139294927 -0.10995175586222372 -0.04595382201300158 -0.12230298834660205 -0.010573308270676696 -0.1486725663716814 0.03669275929549901 -0.007272727272727275 0.19228304063581594 0.019313008690853912 0.03539375553027431 0.01588465298142717 -0.09475830634520811 -0.11829944547134937 -0.14379252792399538 -0.013515173854281854 -0.0012981955082435417 0.08205128205128205 -0.045080880403076104 0.008263324610935133 0.012769761205465458 0.02100321225599209 -0.08793061912792098 -0.12779171145348142 -0.16838401608444334 -0.12216624685138537 -0.1410455486542443 0.04235112936344969 0.03365190469780589 -0.017426662794074933 0.039339103068450045 0.24322362052274932 0.06662628709872806 -0.19460524695159503 -0.26711813393528966 -0.4284754869039625 0.044887080937017806 -0.011912640635340834 0.0509501514734233 -0.01881603705311912 -0.046644208344130605 -0.2842437712013101 -0.60749881347888 -0.5270917803169922 -0.3435114503816794 -1.5922693266832917 -0.13065197899321124 -0.16433747412008282 -0.07972362476747277 -0.04977309325135412 -0.41803901697491763 -1.4181303784038666 -3.8225529479107037 -4.900250866085296 -3.7141468157510937 -1.8658202638785162 -1.0429447852760734 -0.46709940180730564 -0.3713983610890827 -0.04337484259129705 -0.06984585741811175 -0.6194898319031387 -0.8131426545325612 -0.6928294573643411 -0.5370047346125093 -0.5374471261507837 -0.23155763634063012 -0.12410027302060063 -0.12076053442959918 -0.03187361419068736 -0.6095383830655445 -2.5538206766027916 -3.8264393849088085 -3.660979228486648 -2.0194437607679054 -1.1640663091175036 -0.25443713541020235 -0.2313145131202587 -0.12143611404435058 -0.14215259646069045 -0.13179162004227277 -0.3983252234921353 -0.419127669241254 -0.6676255543569459 -0.6280933301909025 -0.3375680580762251 -0.2483238142537869 -0.07653376126404147 -0.06035226013055796 0.12363168061815841
0.028252057486795233 -0.10546392909233704 -0.06276619592019728 -0.11884158301603784 -0.02467105263157895 -0.09439528023598817 0.06727005870841488 0.02909090909090909 0.19869247532367645 0.04276451924403366 0.02275312855517634 0.012218963831867052 -0.11275038982847548 -0.11213801601971658 -0.1450763897804596 0.00491460867428431 0.018174737115409578 0.08846153846153845 -0.0437549721559268 0.008263324610935133 0.003830928361639635 0.002470966147763776 -0.10479402553601543 -0.12779171145348142 -0.1708972103543604 -0.06926952141057935 -0.11645962732919254 0.07186858316221767 0.037690133261542594 0.0014522218995062452 0.01573564122738002 0.22991287512100675 0.044821320411871576 -0.2044586771769922 -0.2871833458740908 -0.34922766957689727 0.07013606396409033 0.03970880211780278 0.06747452492426328 0.018816037053119117 -0.08033169214822493 -0.31348695753889344 -0.6466540104413859 -0.5184912151369947 -0.29056882541246004 -1.492518703241895 -0.0973485333674907 -0.11128364389233955 -0.07440871644964124 -0.010247401551749375 -0.4674436280719534 -1.5572321112813863 -3.964510589582141 -4.821407239278463 -3.138065143412737 -0.9036594473487678 -0.8576175869120654 -0.38564337533409704 -0.33174729051017704 -0.00839513082412201 -0.16738921001926782 -0.6900199835429647 -0.8651459638340621 -0.6698158914728681 -0.4323448791427859 -0.39188852948494646 -0.1569024421105909 -0.07073715562174238 -0.09121274409044193 -0.005543237250554325 -0.7128283601122163 -2.6567305417553824 -3.849088091548457 -3.5249752720079144 -1.041102633522028 -0.44612384202827887 -0.23333747052252707 -0.19151846785225718 -0.12275607180570222 -0.10008703220191473 -0.13676488872311324 -0.424352155708951 -0.4452521581099501 -0.6364617044228694 -0.5267499410794247 -0.18269812462189955 -0.20983362304444997 -0.044438958153314424 -0.05049882990516073 0.13908564069542823
0.01228350325512836 -0.10658588578480872 -0.07173279533736832 -0.13614860966885892 -0.007048872180451128 -0.08023598820058997 0.07338551859099803 0.037575757575757575 0.21151134469939753 0.052421023589460616 0.021489065857666544 0.004887585532746824 -0.12474511215065372 -0.12446087492298215 -0.1386570804981384 0.006143260842855387 0.023367519148383746 0.09102564102564102 -0.046406788650225406 0.01101776614791351 -0.0012769761205465462 0.0037064492216456633 -0.10599855456516502 -0.15287232772005258 -0.13319929630560445 -0.055415617128463476 -0.09834368530020703 0.08085215605749486 0.051150895140664954 0.004356665698518737 0.00917912404930501 0.21418199419167472 0.037552998182919434 -0.23155561029683464 -0.2508151492350138 -0.33310946944257896 0.07995511291906296 0.037061548643282594 0.07573671164968328 0.013026487190620929 -0.08940139932625032 -0.31933559480641005 -0.6419079259610821 -0.44477208502273 -0.17852745629155384 -1.4438902743142146 -0.05764057896759319 -0.08928571428571427 -0.04916290193994153 0.007319572536963845 -0.4839118317709653 -1.5466226570788635 -3.945048654836863 -4.428383705650461 -2.187651920272241 -0.7194423699278069 -0.7643149284253579 -0.31691485299732725 -0.29209621993127144 0.02238701553099202 -0.19749518304431601 -0.7100035265075821 -0.8651459638340622 -0.569282945736434 -0.31024171442810866 -0.32843991042547893 -0.10755409338225985 -0.04467609828741625 -0.060380267214799596 0.004157427937915741 -0.7192042846212702 -2.6378045895434115 -3.76445345094767 -2.68051434223541 -0.44425301501353687 -0.3973671379814724 -0.21472011915104877 -0.17659495087675664 -0.10163674762407604 -0.07832898172323763 -0.134278254382693 -0.41869412696616504 -0.439572921399364 -0.5861201006832074 -0.42776337497053973 -0.1451905626134301 -0.1887260988328781 -0.02715714109369214 -0.040645399679763515 0.15067611075338055
0.008598452278589852 -0.10882979916975204 -0.06612867070163642 -0.14076381677627786 0.01879699248120301 -0.06843657817109143 0.06482387475538161 0.04363636363636363 0.21279323163696967 0.04828252172713478 0.025281253950195932 0.013440860215053762 -0.11514933429291112 -0.12446087492298215 -0.11683142893824625 0.022115739034279394 0.031156692197844994 0.10897435897435899 -0.04773269689737471 0.016526649221870266 -0.003830928361639638 0.002470966147763776 -0.10358949650686582 -0.1445121222978622 -0.08670520231213873 -0.04156171284634762 -0.08022774327122152 0.08726899383983573 0.06461165701978731 0.017426662794074937 -0.003933910306845004 0.2202323330106486 0.031496062992125984 -0.21923882251508808 -0.20065211938801103 -0.3035594358629953 0.08276055547762659 0.051621442753143607 0.07435968052877995 0.017368649587494574 -0.09069707178025395 -0.3123172300853901 -0.6205505457997152 -0.3280501290084777 -0.0874168923910367 -1.3952618453865338 -0.026898936851543476 -0.06728778467908902 -0.03454690406590486 0.021958717610891524 -0.48391183177096525 -1.5383708593657903 -3.8752146536920433 -3.70923426113965 -1.3417598444336414 -0.617376151356734 -0.681237218813906 -0.26600483645157186 -0.25112344699973566 0.04337484259129705 -0.2179672447013487 -0.7182320441988951 -0.8225978016782886 -0.43483527131782934 -0.19561425367555446 -0.2749440159243593 -0.08098190560546628 -0.02109704641350212 -0.04496402877697842 0.006929046563192906 -0.6949757714868656 -2.610598533238704 -3.5987602813207773 -1.7532146389713148 -0.12675363032242187 -0.36201852754753777 -0.18120888668238797 -0.16042780748663102 -0.06335797254487856 -0.060922541340295934 -0.1317916200422728 -0.4028516464863642 -0.4123125851885507 -0.5142035239122617 -0.33349045486683954 -0.11978221415607988 -0.16886019369257516 -0.009875324034069865 -0.03325532701071561 0.1571152607855763
0.00982680260410269 -0.09648827555256367 -0.08182021968168574 -0.1107649705780547 0.03759398496240601 -0.04247787610619469 0.06727005870841488 0.047272727272727265 0.2166388924496859 0.04414401986480894 0.02907344204272532 0.012218963831867057 -0.12114669545400022 -0.11337030191004313 -0.08858646809603286 0.027030347708563707 0.0376476697390627 0.10256410256410257 -0.03712543092018032 0.01101776614791351 -0.017877665687651638 -0.004941932295527552 -0.1421344254396531 -0.12062582109160395 -0.07539582809751193 -0.042821158690176324 -0.09187370600414077 0.07700205338809037 0.060573428456050606 0.018878884693581184 0.0065565171780750066 0.2202323330106486 0.026650514839491223 -0.19337356817342038 -0.15048908954100831 -0.29684351914036267 0.09117688315331743 0.0542686962276638 0.08262186725419994 0.0072369373281227405 -0.09847110650427572 -0.31114750263188673 -0.6003796867584243 -0.21501412949993853 -0.029549372075843395 -1.3615960099750626 -0.015370821058024842 -0.04917184265010351 -0.03056072282753123 0.023422632118284294 -0.4915125411705092 -1.521867263939644 -3.767601602747567 -2.8515111695137976 -0.8155080213903745 -0.556385362210605 -0.6186094069529652 -0.24054982817869414 -0.22204599524187155 0.05876591576885406 -0.2336223506743738 -0.720583049253556 -0.7552298782649803 -0.30523255813953487 -0.12459506603538499 -0.2351331176909679 -0.058205744653928894 -0.00868701911144205 -0.03340184994861255 0.011086474501108648 -0.6732976281560827 -2.5573692926425364 -3.2411491238526637 -1.023738872403561 -0.049224710804824025 -0.3352023403217942 -0.16755616234330398 -0.1517224225842557 -0.034318901795142555 -0.05366985784740356 -0.12681835136143232 -0.3824827430123345 -0.3930031803725579 -0.42071197411003236 -0.2745698798020269 -0.09921355111917726 -0.16886019369257516 -0.008640908529811139 -0.03571868456706491 0.15969092079845462
0.020881955533718216 -0.08639066532031864 -0.08854516924456401 -0.0796123226029768 0.06578947368421054 -0.025958702064896755 0.07216242661448141 0.06787878787878789 0.22433021407511852 0.052421023589460616 0.034129692832764506 0.013440860215053765 -0.12594458438287154 -0.09488601355514478 -0.06547695467967647 0.02948765204570586 0.02856030118135791 0.10256410256410256 -0.050384513391673304 -0.0013772207684891887 -0.016600689567105094 -0.008648381517173214 -0.1481570705854011 -0.09673951988534575 -0.05403367680321689 -0.0403022670025189 -0.09187370600414077 0.08213552361396305 0.05922735226813837 0.026139994191112403 0.01049042748492001 0.22144240077444338 0.025439127801332527 -0.16504495627540336 -0.11662904439428143 -0.2860980523841504 0.09117688315331744 0.056915949702183985 0.07711374277058661 -0.005789549862498193 -0.09328841668826121 -0.3006199555503567 -0.5303749406739441 -0.08846295613711755 0.01846835754740212 -1.3241895261845387 -0.011528115793518642 -0.02717391304347826 -0.03720435822482062 0.023422632118284294 -0.47504433747149727 -1.475892962395379 -3.4733829421866056 -2.085772309162585 -0.582158483228002 -0.48917102315160577 -0.5521472392638037 -0.19854906452844595 -0.18107322231033574 0.07835455435847208 -0.23964354527938347 -0.6876689784883038 -0.622857818224796 -0.2022771317829457 -0.06977323697981559 -0.20029858173675047 -0.046817664178160204 0.009928021841648042 -0.02954779033915725 0.016629711751662966 -0.6477939301198674 -2.428436243198486 -2.528310883299558 -0.6231454005934718 -0.04430223972434162 -0.2998537298878595 -0.18741467047288074 -0.11565725656012933 -0.04883843717001055 -0.024659123875834067 -0.10816859380828048 -0.34853457055561843 -0.3714220808723307 -0.33081625314635027 -0.23568230025925052 -0.07622504537205081 -0.16886019369257513 0.01728181705962227 -0.03818204212341421 0.16484224082421123
0.02211030585923105 -0.08639066532031864 -0.09975341851602779 -0.053074881735317866 0.08341165413533834 -0.029498525073746312 0.08072407045009786 0.06060606060606061 0.22817587488783486 0.0469030211063595 0.020225003160156744 0.009775171065493648 -0.15113350125944586 -0.07640172520024646 -0.07574784953139042 0.036859565057132324 0.014280150590678959 0.11538461538461538 -0.07425086184036064 0.01101776614791351 -0.017877665687651638 -0.01111934766493699 -0.14695254155625148 -0.054938492774393874 -0.0502638853983413 -0.032745591939546605 -0.09704968944099376 0.09111909650924024 0.04172836182527931 0.03340110368864362 0.014424337791765015 0.2202323330106486 0.02786190187764993 -0.12316787781746519 -0.09154752947078003 -0.27938213566151776 0.10660681722541732 0.0542686962276638 0.08812999173781326 -0.0072369373281227405 -0.09976677895827935 -0.27722540648029004 -0.41884195538680596 0.025801695539992654 0.048017729623245506 -1.286783042394015 -0.011528115793518636 0.0012939958592132477 -0.039861812383736386 0.051237007758746886 -0.4611097035723334 -1.420488034893316 -2.911276473955352 -1.3200334488113723 -0.4897909577053962 -0.42569081404032855 -0.5112474437627811 -0.13491154384625173 -0.17842981760507537 0.10353994683083811 -0.2348265895953757 -0.6488773950863994 -0.4254816215577354 -0.10053294573643409 -0.016197358584600047 -0.16795222692211995 -0.024041503226622803 0.021097046413502095 -0.01927029804727647 0.02217294900221729 -0.6235654169854629 -2.3054175538206767 -1.6938848492072949 -0.23367952522255192 -0.041841004184100423 -0.2718186250609459 -0.194861611021472 -0.08954110185300336 -0.05675818373812038 5.898059818321144e-18 -0.10195200795722989 -0.32363924408736 -0.3452975920036347 -0.2445163610212154 -0.22271977374499174 -0.06049606775559589 -0.17010181276384406 0.037032465127762 -0.059120581352383295 0.17643271088216356
0.02456700651025672 -0.07741501178054527 -0.08854516924456399 -0.02076843198338525 0.09163533834586465 -0.0058997050147492625 0.08317025440313111 0.08121212121212121 0.22304832713754646 0.06483652917643813 0.030337504740235118 0.007331378299120237 -0.14033825116948545 -0.04559457794208257 -0.061625369110283726 0.036859565057132324 0.02985849668960145 0.11025641025641027 -0.06364359586316626 0.005508883073956754 -0.012769761205465458 -0.019767729182110207 -0.11683931582751143 -0.02388630120625821 -0.03518471977883891 -0.015113350125944586 -0.08410973084886127 0.10651950718685832 0.04442051420110378 0.05227998838222481 0.01966955153422502 0.22386253630203293 0.06541490006056935 -0.07266904791230447 -0.07022824178580386 -0.27266621893888515 0.13325852153177162 0.06882859033752482 0.10327733406774993 0.005789549862498192 -0.07385332987820678 -0.24096385542168677 -0.25035595633602276 0.13515173854281853 0.09849790691947798 -1.2518703241895262 0.011528115793518635 0.031055900621118016 -0.02258836035078395 0.0746596398770312 -0.4294400810742336 -1.3238241188258872 -2.1156267887807667 -0.7741010631943614 -0.4132231404958677 -0.36594473487677365 -0.4601226993865031 -0.08018327605956468 -0.15596087761036215 0.14271722401007414 -0.22880539499036606 -0.5642412131186082 -0.2552889729346413 -0.02059108527131785 0.01868925990530775 -0.13809405324707638 -0.00885739592559788 0.05212211466865226 -0.007708119218910589 0.042960088691796 -0.5712828360112215 -2.017979654601372 -0.9917749433782335 -0.09520276953511377 -0.03322667979325621 -0.22671867381764996 -0.1911381407471764 -0.05969406790200225 -0.04751847940865893 0.03336234406730491 -0.07957229889344772 -0.30440194636188755 -0.2975920036347114 -0.17020256502457148 -0.2015083667216592 -0.042347247428917115 -0.15892724112242362 0.04320454264905567 -0.06404729646508191 0.18544752092723762
0.025795356835769556 -0.09087849209020532 -0.06837032055592916 -0.008076612437983155 0.09163533834586465 -0.017699115044247787 0.08928571428571429 0.06787878787878787 0.23330342263812334 0.056559525451786455 0.03033750474023511 0.0048875855327468205 -0.11994722322178245 -0.03820086260012324 -0.06419309282321223 0.04177417373141663 0.027262105673114368 0.11666666666666667 -0.07027313709891275 -0.0013772207684891887 -0.010215808964372367 -0.008648381517173209 -0.08311250301132257 -0.0023886301206258224 -0.030158331239004778 0.007556675062972291 -0.08799171842650103 0.13218685831622176 0.036344057073630365 0.07115887307580598 0.013113034356150011 0.21055179090029044 0.10660205935796488 -0.03818204212341421 -0.06772009029345372 -0.26729348556077903 0.13746668536961706 0.06618133686300463 0.10878545855136326 -0.0028947749312490966 -0.04793988079813423 -0.18598666510703005 -0.08661604176554341 0.1953556948028013 0.13174095050480178 -1.2319201995012468 0.026898936851543487 0.03493788819875776 -0.013287270794578795 0.07905138339920949 -0.40917152267544965 -1.117529175999057 -1.345163136805953 -0.46947795962250627 -0.36947010209042297 -0.30121981578292256 -0.4243353783231084 -0.017818505791014377 -0.13613534232090932 0.1804953127186232 -0.20231213872832363 -0.398495356765017 -0.13473584682661627 0.050872093023255814 0.052329927734861705 -0.10947997014182631 0.010122738200683287 0.0757011665425664 0.011562178828365879 0.05958980044345898 -0.498597296608008 -1.4809557605867045 -0.5292645130528072 -0.06800197823936696 -0.02830420871277381 -0.21331058020477817 -0.1849323569566836 -0.048501430170376815 -0.03563885955649419 0.05512039454598201 -0.055949272659455415 -0.2670589566594998 -0.2419354838709677 -0.1222581805106077 -0.2015083667216592 -0.020568663036902593 -0.15768562205115472 0.05184545117886681 -0.07143736913412982 0.1880231809401159
0.024567006510256725 -0.07853696847301694 -0.05379959650302622 0.0126918195454021 0.08341165413533834 -0.007079646017699115 0.08928571428571427 0.07757575757575756 0.23714908345083963 0.06345702855566285 0.026545316647705725 0.02565982404692082 -0.08996041741633681 -0.024645717806531114 -0.06547695467967649 0.050374738911414176 0.02985849668960145 0.13205128205128205 -0.07027313709891275 0.006886103842445944 -0.0038309283616396344 0.012354830738818878 -0.04215851602023609 0.022691986145945302 -0.02136215129429505 0.03400503778337531 -0.06987577639751552 0.15143737166324436 0.03903620944945484 0.0943944234679059 0.026226068712300023 0.2202323330106486 0.16474863718958205 -0.01847518167261978 -0.05894156007022825 -0.2552048354600403 0.14448029176602611 0.08603573792190602 0.1198017075185899 0.007236937328122738 -0.024617776626068948 -0.08422037665224 -0.013051732320835313 0.25433099889421307 0.14528441270623 -1.208229426433915 0.0320225438708851 0.055641821946169776 -0.014615997874036673 0.09369052847313718 -0.35216620217887 -0.7662383590710833 -0.7864911276473954 -0.302233902759527 -0.32328633932912015 -0.24769728653223794 -0.3732106339468303 0.03181876034109711 -0.11895321173671689 0.20987827060305025 -0.14571290944123313 -0.17750088162689548 -0.03663869518969389 0.10295542635658914 0.07600299028158486 -0.07713361532719581 0.039225610527647725 0.10300322660709853 0.03725590955806783 0.07760532150776053 -0.3902065799540933 -0.8067187130352496 -0.32661819048754326 -0.022255192878338274 -0.015998031011567805 -0.1755241345685032 -0.1663150055852054 -0.01741076980475065 -0.013199577613516367 0.0899332753118654 -0.029839612085042887 -0.2240579382143261 -0.1737846433439346 -0.08869711135083301 -0.20504360122554793 -1.7347234759768072e-19 -0.1502359076235411 0.07159609924700654 -0.07636408424682843 0.21120412105602063
