-0.08447600391772772 -0.12125294712024252 -0.03742345202993876 -0.11921296296296294 0.04013693778774643 -0.10155880963627775 0.10051483206668299 -0.015761396702230847 0.05123607019341616 -0.09676527508985347 -0.16039403889871182 -0.12333618268408841 -0.12112575703598147 -0.27963525835866265 -0.1390644753476612 -0.17146356399265156 -0.1847726379242563 -0.07923322683706072 -0.13256332852080327 -0.12051530682920071 -0.10707456978967496 -0.15636542723467123 -0.30031107920555156 -1.0331708476994412 -0.3757855585481596 -0.1308933790824755 -0.09427698844774932 -0.0012696800406297635 -0.061497326203208545 -0.005780346820809248 -0.1102846883816363 -0.08555133079847908 -0.17268071930451354 -0.8018061996582866 -0.31765882941470736 -0.021088704362725717 0.06293610617047476 0.09366754617414245 0.023230390817163167 0.040114613180515755 -0.19327309236947793 -0.12013729977116705 -0.17359101955792156 -0.27547537786445636 -0.16196834817012856 -0.09930861093651791 -0.019432568985619895 0.07706139224248651 -0.026267402153926978 0.0029338418659234254 -0.06701414743112435 -0.11343702490936733 -0.030832476875642344 -0.11501138133461124 0.013530135301353014 -0.012485953302534651 0.08444216990788125 0.11997000749812547 -0.00514668039114771 0.08460471567267683 0.004826254826254822 -0.018637157833430402 0.05883045064125192 -0.0771921360511398 0.12321095208462973 -0.003714710252600299 0.15037593984962405 0.09045848822800495 0.12786088735455828 0.02767783005812343 -0.12653374233128836 -0.054424988168480834 -0.07936507936507936 -0.10502903743976277 -0.038186745503818675 -0.0563173359451518 -0.015037593984962405 -2.7755575615628915e-18 -0.053735255570117955 -0.06456140350877194 0.026286143447239944 0.016933845111763376 0.02949517867271696 -0.05073689296931626 0.06257378984651711 0.05526189332051897 0.008646245059288533 0.12079701120797011 0.0049794597286194455 0.0856615709014233
-0.07713026444662097 -0.13023464690692715 -0.03742345202993876 -0.12268518518518516 0.04013693778774643 -0.09801606046291922 0.11522431968619759 -0.016973811833171676 0.0627641859869348 -0.09538291401714127 -0.17302349078050014 -0.11845158138966908 -0.14487590547440923 -0.2917933130699088 -0.16434892541087234 -0.1677893447642376 -0.20967107849561 -0.06261980830670928 -0.14831342695891853 -0.10112203906358222 -0.13766730401529637 -0.18098990396454073 -0.41876046901172537 -1.4171917726786352 -0.45658586635885595 -0.15758037870123265 -0.11419466206347098 -0.016505840528186898 -0.08288770053475936 -0.023121387283236993 -0.12054372916132342 -0.10099809885931559 -0.24413481005120877 -1.1398584329997559 -0.39769884942471234 -0.02372479240806643 0.046517991517307435 0.0976253298153034 0.012298442197321676 0.045845272206303724 -0.22841365461847393 -0.12929061784897025 -0.21872468464298117 -0.2974158946855193 -0.21389713155291795 -0.09553739786297925 -0.0440471563674051 0.09247367069098382 -0.049908064092461256 0.014669209329617136 -0.08314718292380244 -0.12863992515495265 -0.047961630695443645 -0.13537798011261531 -0.007380073800738007 -0.03496066924709702 0.0754861821903787 0.1087228192951762 -0.0038600102933607815 0.07350901525658807 0.004826254826254822 -0.034944670937682 0.05177079656430168 -0.0916656615607285 0.1120099564405725 -0.009905894006934127 0.15789473684210525 0.08674101610904583 0.1368111494693773 0.03874896208137281 -0.14442740286298567 -0.04732607666824421 -0.10305614783226724 -0.09267268009390832 -0.07760532150776053 -0.04040156709108717 -0.041353383458646614 0.01634397787276842 -0.07208387942332897 -0.04350877192982456 0.013768932281887598 0.015804922104312485 0.01247872943845718 -0.06160908431988403 0.044864226682408505 0.050456511292647756 0.0049407114624505895 0.12204234122042341 0.0037345947964645826 0.07775434897206115
-0.0930460333006856 -0.13921634669361177 -0.04195962803356771 -0.13194444444444445 0.02242946523432889 -0.10155880963627775 0.10419220397156163 -0.020611057225994177 0.05507877545792238 -0.09400055294442908 -0.1856529426622885 -0.12455733300769326 -0.18168863555397224 -0.29179331306990874 -0.18457648546144123 -0.16656460502143294 -0.2175337439391954 -0.06645367412140576 -0.14831342695891853 -0.10943343953456157 -0.15678776290630975 -0.21546417138635804 -0.6185690356544628 -1.6870764475092141 -0.5091701936642299 -0.17664252128605917 -0.11685035187890054 -0.03809040121889284 -0.08021390374331551 -0.05346820809248555 -0.1436265709156194 -0.1318916349809886 -0.38466118851970943 -1.4705882352941175 -0.47273636818409204 -0.051403716884143934 0.016418114653167323 0.07651715039577836 0.001366493577480185 0.034383954154727794 -0.2572791164658635 -0.14874141876430208 -0.2661728966554797 -0.30351048269137004 -0.24975272007912955 -0.09679446888749214 -0.053115688560694395 0.09247367069098382 -0.049908064092461256 0.008801525597770279 -0.09431620749565649 -0.14852064086071806 -0.054813292223364174 -0.1641308254462681 -0.01968019680196802 -0.051192408540392066 0.07036847492323438 0.0999750062484379 0.005146680391147709 0.0624133148404993 0.004826254826254822 -0.0594059405940594 0.04353453347452642 -0.10131467856712098 0.11325451151213442 -0.02105002476473502 0.17042606516290726 0.07558859975216851 0.14831862933128756 0.030445613063935784 -0.15209611451942742 -0.052058684335068627 -0.1089789149490642 -0.08278759421722477 -0.0800689825080069 -0.018364348677766894 -0.045112781954887216 0.030173497611264772 -0.0799475753604194 -0.02947368421052631 0.007510326699211417 0.011289230074508917 0.003403289846851956 -0.06523314810340662 0.03896103896103896 0.046852474771744354 -0.0012351778656126493 0.1095890410958904 0.002489729864309723 0.06721138639957827
-0.10896180215475026 -0.149320758953632 -0.039691540031753236 -0.14351851851851852 0.015346476212961873 -0.10392064241851677 0.09561166952684479 -0.030310378273520854 0.04483156141923915 -0.10367708045341444 -0.19954533973225566 -0.13798998656734646 -0.20543878399239998 -0.32097264437689965 -0.19848293299620734 -0.1812614819350888 -0.2319486305857686 -0.08434504792332267 -0.15618847617797613 -0.12051530682920072 -0.16571064372211602 -0.24501354346220144 -0.8889686527877483 -1.8297467601949826 -0.5437988970116712 -0.18807980683695508 -0.13411233567919267 -0.04570848146267141 -0.09625668449197862 -0.05780346820809249 -0.1615798922800718 -0.1806083650190114 -0.6597594378944862 -1.7573834513058337 -0.5065032516258129 -0.07512850929221036 0.010945409768778216 0.04881266490765172 0.004099480732440555 0.020057306590257878 -0.27233935742971893 -0.1716247139588101 -0.31477838213169773 -0.34982935153583616 -0.27200791295746785 -0.11565053425518541 -0.06347972535302501 0.0783457487798613 -0.055161544523246654 0.0029338418659234262 -0.10920824025812856 -0.16255408724125833 -0.0662327281032317 -0.17970528333533003 -0.03567035670356704 -0.06617555250343364 0.0562947799385875 0.0899775056235941 0.001286670097786927 0.055478502080443824 -0.0024131274131274165 -0.08037274315666862 0.041181315448876335 -0.12664334820890122 0.11200995644057248 -0.03962357602773651 0.17167919799498746 0.06443618339529121 0.14704002045774198 0.020758372543592578 -0.16487730061349698 -0.06743965925224801 -0.105425254678986 -0.11244285184727543 -0.08745996550874599 -0.03550440744368266 -0.053884711779448626 0.020115665074176517 -0.08650065530799475 -0.042105263157894736 0.0012517211165352367 -0.0033867690223526744 0.0 -0.07852138197632279 0.025974025974025976 0.02522825564632388 -0.013586956521739132 0.087173100871731 -0.0024897298643097206 0.054032683183974695
-0.11508325171400587 -0.15381160884697428 -0.029485144023588115 -0.14814814814814817 0.008263487191594854 -0.11454888993859236 0.09438587889188527 -0.05213385063045587 0.053797873703086974 -0.12855957976223392 -0.1944935589795403 -0.13798998656734646 -0.19950124688279303 -0.3477203647416413 -0.2048040455120101 -0.19963257807715862 -0.23587996330756128 -0.10862619808306709 -0.1496259351620948 -0.14406427483030892 -0.16953473550031867 -0.26717557251908397 -1.1581718114381432 -1.965283557246463 -0.5502116198537899 -0.19824628288219595 -0.1434072500331961 -0.06602336211274759 -0.10962566844919786 -0.07369942196531792 -0.17440369325468066 -0.2305133079847909 -1.156365368584018 -2.0441786673175497 -0.5277638819409705 -0.10939765388163965 -0.0013681762210972803 0.009234828496042213 -0.0013664935774801844 -0.011461318051575933 -0.2873995983935743 -0.18878718535469108 -0.35412567989815996 -0.39127254997562166 -0.29179030662710187 -0.13199245757385294 -0.07384376214535562 0.061649113793989206 -0.0669818754925138 5.204170427930421e-19 -0.12658227848101264 -0.18009589521693367 -0.07194244604316546 -0.17611117766862344 -0.04059040590405904 -0.07241852915470096 0.052456499488229266 0.0762309422644339 0.0025733401955738574 0.04715672676837725 -0.019305019305019308 -0.09435061153174142 0.03176844334627603 -0.13267398383789653 0.10329807093963908 -0.0544824170381377 0.16541353383458646 0.050805452292441135 0.1457614115841964 0.004151674508718518 -0.1712678936605317 -0.06507335541883578 -0.10305614783226721 -0.12479920919312985 -0.0886917960088692 -0.04897159647404505 -0.046365914786967416 0.01005783253708826 -0.07601572739187419 -0.05473684210526315 0.0025034422330704738 -0.0045156920298035684 0.005672149744753262 -0.08093742449867118 0.020070838252656438 0.016818837097549257 -0.016057312252964428 0.0759651307596513 0.002489729864309723 0.04612546125461253
-0.11998041136141038 -0.16279330863365893 -0.023814924019051942 -0.16550925925925927 0.007082989021367019 -0.12517713745866793 0.09438587889188527 -0.06910766246362754 0.07557320353528885 -0.143765551562068 -0.20712301086132862 -0.1428745878617658 -0.1923762023512647 -0.34407294832826746 -0.21238938053097342 -0.19350887936313535 -0.24243218451054904 -0.10607028753993608 -0.13912586953668463 -0.14129380800664912 -0.17335882727852137 -0.313962078305836 -1.366355587461115 -2.0009511354179055 -0.545081441580095 -0.199517092387851 -0.1301288009560483 -0.0787201625190452 -0.089572192513369 -0.07514450867052024 -0.19363939471659397 -0.2946768060836502 -1.8697153745385258 -2.2296802538442764 -0.5490245122561281 -0.11994200606300251 -0.020522643316459165 -0.015831134564643797 -0.016397922929762228 -0.034383954154727794 -0.30371485943775106 -0.2013729977116705 -0.40273116537437803 -0.4083373963920039 -0.3078635014836796 -0.1357636706473916 -0.08679880813576887 0.05265861803236579 -0.07354872603099553 -0.013202288396655418 -0.1389923057830727 -0.18828207227224886 -0.08221993833504623 -0.16652689589073918 -0.038130381303813035 -0.06617555250343364 0.061412487205731836 0.07373156710822296 0.016726711271230058 0.04299583911234396 -0.033783783783783786 -0.09668025626092021 0.04000470643605131 -0.11940658545410684 0.09707529558182951 -0.045814759782070336 0.16666666666666666 0.06443618339529121 0.1521544559519243 0.01660669803487407 -0.18277096114519428 -0.0686228111689541 -0.10660980810234541 -0.13221302360064252 -0.0960827790096083 -0.056317335945151814 -0.05513784461152882 0.003771687201408097 -0.06422018348623854 -0.061754385964912284 -0.0025034422330704716 -0.010160307067058026 0.02155416903006239 -0.08214544575984536 0.02007083825265644 0.01561749159058145 -0.016057312252964424 0.07347447073474471 0.018672973982322916 0.042171850289931465
-0.11875612144955923 -0.16840687100033683 -0.034021320027217056 -0.17939814814814814 -0.00354149451068351 -0.13226263580538497 0.07845060063741113 -0.08608147429679922 0.05635967721275779 -0.15067735692562897 -0.19323061379136147 -0.1404322872145561 -0.1852511578197364 -0.33920972644376896 -0.2073324905183312 -0.1922841396203307 -0.2385008517887564 -0.10607028753993611 -0.13781336133350836 -0.142679041418479 -0.17718291905672404 -0.3595173602560946 -1.474036850921273 -2.009273570324575 -0.5258432730537386 -0.1893506163426102 -0.13544018058690743 -0.06983240223463687 -0.09358288770053476 -0.06213872832369943 -0.20133367530135932 -0.405180608365019 -2.6616648803143983 -2.366365633390285 -0.556528264132066 -0.13180440226703571 -0.0424134628540156 -0.039577836411609495 -0.047827275211806505 -0.051575931232091685 -0.3049698795180723 -0.22540045766590389 -0.4675384793426686 -0.4375914188200878 -0.321463897131553 -0.13827781269641737 -0.09327633113097551 0.05522733110711534 -0.08274231678486997 -0.0014669209329617136 -0.16008935219657483 -0.20231551865278913 -0.09706520497887403 -0.17131903677968133 -0.05166051660516605 -0.061181171182419794 0.04733879222108496 0.07998000499875033 0.006433350488934633 0.058252427184466014 -0.04222972972972973 -0.12347117064647642 0.030591834333450994 -0.14352912797008804 0.07840696950840073 -0.06686478454680535 0.14285714285714285 0.04089219330855019 0.131696713975195 -0.0013838915029061732 -0.18532719836400818 -0.05560814008518693 -0.11608623548922056 -0.1285061163968862 -0.09977827050997784 -0.04407443682664054 -0.053884711779448626 0.021372894141312545 -0.06422018348623854 -0.04350877192982456 -0.008762047815746651 -0.02257846014901784 0.026091888825865002 -0.0761053394539744 0.020070838252656438 0.014416146083613648 -0.020998023715415016 0.07721046077210461 0.009958919457238887 0.04876120189773326
-0.12365328109696376 -0.17851128326035703 -0.05897028804717623 -0.20254629629629628 -0.02242946523432889 -0.14052905054322154 0.057612159843098795 -0.08608147429679922 0.03202254387088511 -0.15620680121647773 -0.18944177822682498 -0.15508609109781415 -0.20187626172663578 -0.33799392097264436 -0.20859671302149177 -0.18983466013472142 -0.24112174026995153 -0.09201277955271565 -0.1404383777398609 -0.11635960659371103 -0.19375398342893563 -0.41984732824427484 -1.5218951902368987 -2.0128403281417193 -0.5027574708221111 -0.18807980683695508 -0.12614526623290398 -0.06475368207211782 -0.08957219251336898 -0.052023121387283246 -0.2141574762759682 -0.5679657794676806 -3.4131237346671432 -2.4591164266536487 -0.5477738869434716 -0.14498484249373927 -0.04378163907511287 -0.05804749340369393 -0.06422519814156874 -0.07020057306590258 -0.3263052208835342 -0.2620137299771167 -0.5612776299039463 -0.47415894685519266 -0.33135509396637 -0.14079195474544315 -0.0971628449280995 0.05137426149499101 -0.08142894667717364 0.0058676837318468525 -0.16753536857781087 -0.2163489650333294 -0.11191047162270185 -0.17491314244638792 -0.049200492004920056 -0.054938194531152465 0.06397134083930398 0.09247688077980507 0.028306742151312403 0.06657420249653259 -0.056708494208494206 -0.1386138613861386 -0.001176609012825039 -0.16162103485707394 0.05724953329184816 -0.07800891530460624 0.13659147869674185 0.040892193308550186 0.11507479861910241 -0.009687240520343204 -0.19938650306748468 -0.06270705158542358 -0.14570007107320543 -0.1371555665389843 -0.11332840601133284 -0.05264446620959843 -0.07518796992481204 0.02640181040985668 -0.07863695937090434 -0.03228070175438596 -0.008762047815746651 -0.03725445924587943 0.026091888825865005 -0.10147378593863252 0.023612750885478158 -0.004805382027871218 -0.003705533596837943 0.07347447073474471 0.02365243371094236 0.039536109646810744
-0.13222331047992164 -0.178511283260357 -0.05330006804264006 -0.21064814814814814 -0.01416597804273403 -0.136986301369863 0.05393478793822014 -0.07032007759456839 0.028179838606378894 -0.13823610727121924 -0.19196766860318265 -0.163634143363048 -0.2113763211020069 -0.3282674772036474 -0.1959544879898862 -0.18616044090630743 -0.2385008517887564 -0.09073482428115016 -0.1443759023493897 -0.10389250588724201 -0.19247928616953475 -0.41984732824427473 -1.4860014357501794 -1.8773035310902386 -0.4104142618956009 -0.15503875968992245 -0.09826052317089365 -0.03809040121889283 -0.06550802139037434 -0.028901734104046246 -0.23211079764042059 -0.8840304182509506 -3.7930213171370726 -2.3773492799609466 -0.4777388694347174 -0.1265322261763543 -0.025995348200848267 -0.046174142480211074 -0.07105766602896967 -0.06876790830945559 -0.3426204819277109 -0.4416475972540046 -0.7869459553292442 -0.5204778156996588 -0.33011869436201785 -0.14959145191703332 -0.1010493587252235 0.04109940919599281 -0.09456264775413713 0.005867683731846851 -0.17249937949863492 -0.23856858846918488 -0.1199040767386091 -0.2084581286689829 -0.041820418204182044 -0.06617555250343363 0.07164790174002048 0.08372906773306674 0.050180133813690166 0.07073509015256588 -0.0711872586872587 -0.14327315084449618 -0.01294269914107542 -0.17368230611506452 0.06720597386434349 -0.08048538880633978 0.13784461152882202 0.04956629491945477 0.11507479861910244 -0.004151674508718515 -0.20577709611451941 -0.07335541883577851 -0.16583747927031509 -0.16310391696527865 -0.12441488051244151 -0.06243878550440744 -0.08771929824561403 0.023887352275584608 -0.08781127129750985 -0.026666666666666665 -0.011265490048817123 -0.041770151275682996 0.01588201928530913 -0.12080212611741967 0.018890200708382522 -0.010812109562710235 -0.007411067193675888 0.07970112079701122 0.028631893439561806 0.05271481286241433
-0.12977473065621942 -0.178511283260357 -0.05783624404626899 -0.21643518518518517 -0.016526974383189705 -0.14052905054322157 0.033096347143907814 -0.07880698351115421 0.010247214038683231 -0.13270666298037045 -0.1907047234150038 -0.16607644401025767 -0.21612635078969245 -0.31246200607902735 -0.19469026548672566 -0.18616044090630746 -0.24243218451054904 -0.09456869009584665 -0.16012600078750494 -0.11358913977005125 -0.1810070108349267 -0.41122876138882053 -1.4357501794687724 -1.6157412911663296 -0.33602667692702326 -0.14360147413902652 -0.09294914354003454 -0.03555104113763331 -0.07085561497326202 -0.023121387283237003 -0.23852269812772503 -1.1525665399239544 -3.9978563772775986 -2.2138149865755428 -0.41645822911455727 -0.11862396204033214 -0.02736352442194554 -0.05408970976253299 -0.07652364033889042 -0.0673352435530086 -0.3413654618473896 -0.7356979405034325 -1.079736141650272 -0.5399804973183813 -0.31651829871414444 -0.14833438089252043 -0.09845834952714082 0.04109940919599281 -0.10638297872340426 -0.0014669209329617155 -0.1700173740382229 -0.2572798503099053 -0.14388489208633093 -0.22523062178028036 -0.04428044280442804 -0.07741291047571483 0.060133060388945746 0.07748062984253937 0.033453422542460115 0.06796116504854369 -0.06636100386100385 -0.1560861968549796 -0.016472526179550535 -0.18453745024725604 0.0684505289359054 -0.0941059930658742 0.13283208020050125 0.03097893432465923 0.11379618974555683 -0.02075837254359258 -0.19427402862985685 -0.07453857075248463 -0.17412935323383086 -0.17546027431113306 -0.12318305001231833 -0.06366307541625857 -0.09774436090225565 0.02514458134272065 -0.10222804718217564 -0.023859649122807018 -0.01251721116535236 -0.03838338225333032 -0.0011344299489506493 -0.12201014737859386 0.008264462809917356 -0.01922152811148486 -0.02717391304347826 0.06724782067247821 0.01369351425370347 0.035582498682129676
-0.13099902056807053 -0.178511283260357 -0.04989793603991834 -0.21064814814814814 -0.015346476212961872 -0.12990080302314597 0.014709487619514591 -0.07032007759456839 -0.00896631228384783 -0.12303013547138512 -0.18691588785046728 -0.17828794724630603 -0.19712623203895024 -0.29422492401215805 -0.18078381795195955 -0.17513778322106557 -0.25291573843532955 -0.09073482428115015 -0.17193857461609136 -0.11635960659371103 -0.1682600382409178 -0.39399162767791185 -1.3639626704953336 -1.2281536083699915 -0.24753110170578432 -0.12326852204854492 -0.08365422918603109 -0.030472320975114275 -0.06951871657754011 -0.014450867052023125 -0.23595793793280326 -1.304657794676806 -4.078837680123852 -1.9257993653893088 -0.3401700850425213 -0.09489916963226572 -0.01778629087426461 -0.03825857519788918 -0.07379065318393004 -0.06446991404011461 -0.3476405622489961 -1.1704805491990846 -1.4477491031130656 -0.5753291077523159 -0.30662710187932746 -0.15587680703959775 -0.10882238631947146 0.024402774210120725 -0.12739690044654584 -0.02053689306146399 -0.17994539587987096 -0.2830078353408958 -0.17928514331392026 -0.2551815023361687 -0.052890528905289044 -0.08365588712698216 0.04222108495394064 0.0762309422644339 0.011580030880082349 0.061026352288488205 -0.06998069498069497 -0.1642399534071054 -0.024708789269325803 -0.1893619587504523 0.0684505289359054 -0.08420009905894008 0.11403508771929824 0.04584882280049567 0.09461705664237312 -0.013838915029061722 -0.1955521472392638 -0.08163748225272124 -0.17294479981047145 -0.1902879031261584 -0.1084010840108401 -0.06733594515181195 -0.09022556390977443 0.015086748805632386 -0.09567496723460027 -0.03087719298245613 -0.023782701214169484 -0.041770151275682996 0.006806579693703916 -0.12442618990094226 0.008264462809917356 -0.01802018260451706 -0.03705533596837944 0.0709838107098381 0.0012448649321548627 0.03294675803900896
-0.13467189030362392 -0.16840687100033683 -0.03742345202993876 -0.19444444444444448 -0.0035414945106835073 -0.12281530467642894 0.022064231429271886 -0.061833171677982544 -0.0025618035096708095 -0.11750069118053637 -0.18186410709775194 -0.17950909756991087 -0.18168863555397222 -0.278419452887538 -0.16055625790139066 -0.1579914268218004 -0.23456951906696372 -0.0766773162939297 -0.14700091875574223 -0.10666297271090178 -0.15423836838750798 -0.38167938931297707 -1.2634601579325195 -0.853644037569849 -0.17955623957932537 -0.10674799847502861 -0.06240871066259461 -0.013966480446927373 -0.044117647058823525 0.0 -0.24749935880995128 -1.3700095057034223 -4.087173990710967 -1.5962899682694658 -0.27763881940970486 -0.09753525767760643 -0.013681762210972776 -0.04485488126649076 -0.07105766602896965 -0.07593123209169053 -0.3677208835341366 -1.6670480549199085 -1.8909848397176252 -0.6094588005850805 -0.2967359050445104 -0.16216216216216214 -0.1114133955175541 0.0012843565373747757 -0.12477016023115314 -0.029338418659234266 -0.19607843137254904 -0.3169219974272015 -0.22953066118533744 -0.28872648855876365 -0.06519065190651907 -0.09114745910850294 0.029426816786079845 0.06998250437390653 0.01029336078229542 0.058252427184466014 -0.07842664092664094 -0.168899242865463 -0.03529827038475115 -0.19901097575684476 0.06347230864965775 -0.08420009905894008 0.10150375939849621 0.0446096654275093 0.0805523590333717 -0.022142264046498755 -0.1981083844580777 -0.10293421675343115 -0.16939113954039325 -0.20511553194118376 -0.10470559251047055 -0.07468168462291871 -0.08020050125313281 0.007543374402816191 -0.08387942332896461 -0.035087719298245605 -0.036299912379521834 -0.04967261232783924 0.012478729438457178 -0.12201014737859384 0.007083825265643447 -0.015617491590581447 -0.04199604743083004 0.0709838107098381 0.006224324660774314 0.035582498682129676
-0.12242899118511263 -0.17289772089367914 -0.03402132002721705 -0.18518518518518523 0.00944398536182269 -0.1228153046764289 0.03309634714390782 -0.06425800193986421 0.015370821058024852 -0.12303013547138512 -0.17681232634503666 -0.19294175112956408 -0.16268851680323002 -0.27720364741641335 -0.16308470290771176 -0.162890385793019 -0.24898440571353692 -0.0805111821086262 -0.1561884761779761 -0.103892505887242 -0.1325685149776928 -0.36444225560206844 -1.0660445082555634 -0.586137201284033 -0.12568936770552777 -0.09531071292413267 -0.049130261585446824 1.3877787807814458e-18 -0.04679144385026738 0.010115606936416183 -0.23211079764042059 -1.421102661596958 -3.966892937954031 -1.2728825970222115 -0.2038519259629815 -0.08435481745090287 0.01094540976877822 -0.04221635883905012 -0.050560262366766875 -0.0816618911174785 -0.39156626506024095 -2.163615560640732 -2.3550514986691353 -0.6448074110190152 -0.30291790306627103 -0.16216216216216214 -0.1360279828993393 -0.015412278448497302 -0.14709745206199107 -0.033739181458119404 -0.20104244229337304 -0.35083615951350716 -0.31289254310837045 -0.3150832634479454 -0.07626076260762607 -0.10613060307154451 0.02814738996929377 0.05748562859285179 -0.001286670097786924 0.04854368932038835 -0.0736003861003861 -0.1840419336051252 -0.0400047064360513 -0.22795802677602217 0.06596141879278158 -0.10277365032194155 0.09398496240601503 0.019826517967781905 0.08183096790691728 -0.03736507057846665 -0.1981083844580777 -0.12423095125414105 -0.1788675669272684 -0.21005807487952555 -0.10470559251047055 -0.08202742409402547 -0.07894736842105263 0.0037716872014080965 -0.06946264744429882 -0.03368421052631578 -0.03880335461259231 -0.0699932264619553 0.015882019285309135 -0.12080212611741965 0.003541912632821721 -0.02162421912542047 -0.05311264822134387 0.07222914072229142 -0.006224324660774307 0.039536109646810744
-0.10773751224289911 -0.1796339957336926 -0.02381492401905193 -0.17824074074074078 0.03659544327706292 -0.12635805384978743 0.052708997303260605 -0.07395732298739088 0.04226975790956834 -0.12303013547138512 -0.1793382167213943 -0.19904750274758826 -0.1460634128963306 -0.26261398176291795 -0.15676359039190899 -0.14574402939375383 -0.24243218451054913 -0.05750798722044729 -0.1535634597716236 -0.08449923812162351 -0.12746972594008926 -0.34966756956414674 -0.8004307250538407 -0.4327666151468315 -0.0974733872002052 -0.08768585589020206 -0.04514672686230247 0.01015744032503809 -0.04144385026737968 0.02745664739884393 -0.20902795588612463 -1.4056558935361214 -3.6703584613552467 -0.9897485965340493 -0.13756878439219614 -0.0619480690655068 0.03557258174852921 -0.02902374670184697 -0.01913091008472259 -0.07306590257879655 -0.41792168674698804 -2.636155606407323 -2.7670408517532694 -0.6618722574353973 -0.2992087042532146 -0.15839094908862347 -0.14509651509262858 -0.020549704597996404 -0.16023115313895456 -0.033739181458119404 -0.22213948870687514 -0.43152847620161383 -0.4739065890145027 -0.3378459326704205 -0.0947109471094711 -0.1061306030715445 0.005117707267144328 0.05748562859285179 -0.023160061760164694 0.05686546463245492 -0.069980694980695 -0.19219569015725102 -0.0400047064360513 -0.24363767941140996 0.0808960796515246 -0.11391778107974244 0.10401002506265664 0.006195786864931846 0.09845288326300985 -0.04843620260171603 -0.20322085889570554 -0.14316138192143874 -0.20611229566453443 -0.19646608179908565 -0.09977827050997783 -0.06978452497551421 -0.07644110275689223 0.012572290671360323 -0.061598951507208385 -0.019649122807017545 -0.04756540242833897 -0.08918491758862046 0.012478729438457178 -0.11113795602802609 0.004722550177095631 -0.01802018260451706 -0.04940711462450593 0.07970112079701122 -0.0024897298643097162 0.051396942540853974
-0.11385896180215475 -0.1852475581003705 -0.047629848038103884 -0.1620370370370371 0.0259709597450124 -0.12045347189418991 0.03677371904878647 -0.06668283220174588 0.01665172281286026 -0.11335360796239977 -0.17049760040414247 -0.20026865307119307 -0.13418833867711671 -0.24680851063829787 -0.13906447534766117 -0.14206981016533987 -0.22277552090158564 -0.04472843450479233 -0.14437590234938966 -0.07757307106247405 -0.13001912045889102 -0.34966756956414674 -0.5527638190954776 -0.2936630602782071 -0.09619084263178146 -0.09149828440716735 -0.04249103704687292 0.007618080243778568 -0.044117647058823525 0.026011560693641612 -0.19492177481405487 -1.3735741444866918 -3.1606526140288205 -0.7066145960458873 -0.10755377688844422 -0.04613154079346251 0.05199069640169653 -0.010554089709762526 -0.01503142935228204 -0.06303724928366763 -0.4405120481927711 -3.003432494279177 -3.0690892257840527 -0.6777181862506094 -0.2979723046488625 -0.1646763042111879 -0.1463920196916699 -0.029540200359619833 -0.16811137378513263 -0.033739181458119404 -0.2345495160089352 -0.5987603789030522 -0.7742377526550188 -0.408530010782317 -0.11316113161131611 -0.1335997003371207 0.007676560900716484 0.037490627343164204 -0.03345342254246011 0.04299583911234397 -0.069980694980695 -0.2050087361677344 -0.060007059654076954 -0.25328669641780244 0.06969508400746732 -0.11020307082714216 0.09899749373433582 0.0024783147459727416 0.08822401227464519 -0.052587877110434535 -0.2160020449897751 -0.16800757217226694 -0.25586353944562895 -0.20017298900284194 -0.1084010840108401 -0.0648873653281097 -0.08646616541353383 0.011315061604224292 -0.07339449541284404 -0.01824561403508772 -0.05632745024408562 -0.11402122375254006 -0.004537719795802608 -0.12563421116211645 0.004722550177095629 -0.03363767419509851 -0.04199604743083003 0.07098381070983813 -0.006224324660774301 0.040853979968371104
-0.1114103819784525 -0.1863702705737061 -0.03628940802903152 -0.14351851851851855 0.025970959745012394 -0.1051015588096363 0.028193184604069627 -0.05940834141610087 -0.0051236070193416096 -0.11197124688968758 -0.16923465521596365 -0.20271095371840273 -0.13656335352095952 -0.22857142857142856 -0.13527180783817952 -0.14206981016533987 -0.2240859651421832 -0.043450479233226834 -0.1522509515684473 -0.07757307106247405 -0.12492033142128744 -0.3127308544693425 -0.3397942091409428 -0.22946141956961125 -0.07567012953700142 -0.07624857033930613 -0.034523967600584245 0.0228542407313357 -0.04679144385026738 0.033236994219653176 -0.17440369325468066 -1.3010931558935357 -2.4318208884125285 -0.5015865267268734 -0.07878939469734866 -0.011862396204033208 0.06430428239157203 0.0316622691292876 -0.010931948619841479 -0.034383954154727794 -0.44929718875502 -3.216247139588101 -3.2461520657331326 -0.6838127742564601 -0.29673590504451036 -0.16844751728472657 -0.14250550589454591 -0.032108913434369384 -0.1720514841082217 -0.042540707055889686 -0.2432365351203773 -0.8396678751023272 -1.2253054699097865 -0.495986582005511 -0.12546125461254612 -0.16231739293295042 0.006397134083930406 0.013746563359160205 -0.048893463715903245 0.019417475728155338 -0.08325289575289577 -0.22714036109493305 -0.1047182021414284 -0.27620311180798457 0.057249533291848176 -0.10648836057454188 0.08771929824561404 -0.002478314745972738 0.07288070579209818 -0.06504290063659009 -0.21855828220858897 -0.2094178892569806 -0.2866619284529732 -0.2174718892870382 -0.10963291451096331 -0.07345739471106758 -0.09649122807017543 0.0025144581342720655 -0.0943643512450852 -0.026666666666666665 -0.06008261359369134 -0.1365996839015579 -0.018150879183210435 -0.12563421116211645 -1.3877787807814458e-18 -0.04204709274387314 -0.044466403162055336 0.06849315068493152 -0.019917838914477775 0.040853979968371104
-0.1126346718903036 -0.19086112046704837 -0.018144704014515768 -0.1377314814814815 0.02479046157478456 -0.10155880963627777 0.02329002206423143 -0.058195926285160036 -0.01793262456769565 -0.1257948576168095 -0.18438999747410964 -0.20271095371840273 -0.13775086094288091 -0.20425531914893616 -0.13527180783817952 -0.12982241273729334 -0.24505307299174417 -0.038338658146964855 -0.17587609922562017 -0.07480260423881424 -0.11217335882727852 -0.27333169170155136 -0.23570232112945683 -0.20092735703245754 -0.0654097729896114 -0.06735290379972043 -0.037179657416013805 0.03428136109700356 -0.060160427807486636 0.03468208092485549 -0.16670941266991535 -1.1858365019011405 -1.6267714659997619 -0.33561142299243346 -0.06253126563281641 0.025042836430736785 0.07114516349705843 0.08179419525065963 -0.004099480732440558 -0.010028653295128944 -0.4405120481927711 -3.276887871853547 -3.3063302858465455 -0.6643100926377377 -0.29179030662710187 -0.1596480201131364 -0.15546055188495916 -0.030824556896994603 -0.18387181507748881 -0.03813994425700455 -0.24944154877140728 -1.0829142790316921 -1.8784972022382092 -0.5786510123397628 -0.14268142681426815 -0.18229491821700583 -0.002558853633572155 -2.0816681711721684e-18 -0.06562017498713331 -2.7755575615628915e-18 -0.08687258687258688 -0.23645894001164822 -0.15531238969290503 -0.2967072729465686 0.04604853764779092 -0.10277365032194155 0.09147869674185463 0.01858736059479554 0.0728807057920982 -0.06227511763077774 -0.23517382413087934 -0.23899668717463324 -0.32456763800047383 -0.2347707895712344 -0.1231830500123183 -0.0832517140058766 -0.11152882205513784 -0.008800603469952225 -0.11402359108781127 -0.043508771929824566 -0.06884466140943798 -0.1546624520207722 -0.032898468519568916 -0.13650640251268423 0.0 -0.05406054781355117 -0.050642292490118576 0.06102117061021171 -0.03361135316818125 0.03162888771744861
-0.11141038197845252 -0.17738857078702144 -0.009072352007257884 -0.09606481481481484 0.03659544327706292 -0.07675956542276807 0.03187055650894827 -0.05213385063045587 -0.011528115793518635 -0.10229471938070225 -0.18944177822682498 -0.1941629014531689 -0.11875074219213873 -0.17507598784194528 -0.12136536030341336 -0.1163502755664421 -0.24767396147293935 -0.03194888178913738 -0.17193857461609136 -0.07341737082698435 -0.09687699171446781 -0.2142329475498646 -0.19262981574539362 -0.1783378908572108 -0.05514941644222136 -0.05337399923751429 -0.05045810649316159 0.0457084814626714 -0.06951871657754012 0.044797687861271675 -0.15516799179276738 -1.0266159695817487 -0.8741217101345716 -0.21601171588967535 -0.04752376188094047 0.061948069065506796 0.07251333971815571 0.11345646437994723 -1.3877787807814458e-18 0.014326647564469913 -0.42796184738955834 -3.266590389016019 -3.334104848975813 -0.6338371526084836 -0.28560830860534125 -0.15210559396605908 -0.16841559787537244 -0.025687130747495502 -0.1943787759390596 -0.027871497726272555 -0.26557458426408537 -1.2478072740030406 -2.533972821742606 -0.6924643584521386 -0.16728167281672818 -0.21350980147334248 -0.02047082906857728 -0.03374156460884779 -0.08234688625836335 -0.0319001386962552 -0.10135135135135136 -0.25276645311589985 -0.22355571243675726 -0.3123869255819563 0.011200995644057249 -0.10772659732540861 0.07017543859649122 -0.006195786864931847 0.07160209691855261 -0.07334624965402713 -0.2287832310838446 -0.2271651680075722 -0.3304904051172708 -0.23229951810206356 -0.13550135501355012 -0.07590597453476983 -0.11779448621553885 0.0012572290671360314 -0.12057667103538663 -0.03508771929824561 -0.0801101514582551 -0.16482275908783023 -0.04878048780487805 -0.13167431746798744 -0.015348288075560806 -0.05045651129264776 -0.07040513833992093 0.06102117061021171 -0.044815137557575 0.036900369003690044
-0.1016160626836435 -0.18187942068036375 -0.029485144023588115 -0.08796296296296295 0.035414945106835086 -0.07557864903164857 0.03432213777886737 -0.061833171677982544 -0.01665172281286025 -0.11611833010782417 -0.17428643596867896 -0.1904994504823544 -0.1187507421921387 -0.15075987841945288 -0.11504424778761062 -0.12002449479485611 -0.239811296029354 -0.03706070287539936 -0.17193857461609136 -0.09696633882809255 -0.07648183556405354 -0.20930805220389068 -0.18904044029672168 -0.14861490904767566 -0.04488905989483134 -0.044478332697928585 -0.05045810649316159 0.043169121381411886 -0.07085561497326205 0.04335260115606937 -0.12182610925878432 -0.6974809885931559 -0.4704060974157437 -0.1671955089089578 -0.03751875937968985 0.0711743772241993 0.0670406348337666 0.11477572559366753 0.0013664935774801898 0.011461318051575931 -0.39533132530120485 -3.0926773455377576 -3.0945492419858818 -0.5765480253534861 -0.2744807121661721 -0.14456316781898176 -0.15934706568208318 -0.014127921911122526 -0.1904386656159706 -0.026404576793310847 -0.2581285678828494 -1.2548239971933108 -2.9804727646454263 -0.9859829878998443 -0.2041820418204182 -0.22974154076663753 -0.03070624360286591 -0.04373906523369158 -0.10422027792074111 -0.04993065187239944 -0.10135135135135136 -0.262085032032615 -0.4082833274502883 -0.5029550114582076 -0.037336652146857496 -0.11639425458147598 0.05639097744360901 -0.013630731102850064 0.06009461705664239 -0.08026570716855799 -0.2338957055214724 -0.24372929484145764 -0.3245676380004739 -0.24712714691708887 -0.14905149051490513 -0.0979431929480901 -0.11904761904761904 -0.013829519738496355 -0.12450851900393183 -0.060350877192982454 -0.06759294029290275 -0.17272522013998645 -0.06693136698808848 -0.12321816863976806 -0.008264462809917356 -0.046852474771744354 -0.059288537549407105 0.0572851805728518 -0.041080542761110415 0.021085925144965732
-0.09794319294809012 -0.18861569552037724 -0.017010660013608528 -0.08680555555555555 0.05194191949002479 -0.0803023145961266 0.04780583476342241 -0.06668283220174588 -0.0038427052645062104 -0.13132430190765826 -0.1717605455923213 -0.19782635242398341 -0.12231326445790285 -0.1276595744680851 -0.10366624525916561 -0.12369871402327007 -0.24505307299174417 -0.04089456869009585 -0.16668854180338627 -0.09973680565175233 -0.04843849585723391 -0.2130017237133711 -0.1818616893993778 -0.12364760432766615 -0.010260356547390024 -0.026686999618757146 -0.015934138892577353 0.050787201625190445 -0.046791443850267386 0.04046242774566474 -0.08976660682226213 -0.4277566539923955 -0.22388948433964512 -0.1342445691969734 -0.008754377188594297 0.06985633320152894 0.08345874948693392 0.11609498680738783 0.021863897239682982 -0.0028653295128939827 -0.356425702811245 -2.7906178489702516 -2.7693553986807085 -0.521696733300829 -0.25717111770524237 -0.13702074167190448 -0.15416504728591787 -0.010274852298998199 -0.17730496453900707 -0.016136130262578843 -0.2469595433109953 -1.2513156355981758 -3.1814548361310946 -1.2806996525697856 -0.23247232472324725 -0.2297415407666375 -0.028147389969293758 -0.05123719070232442 -0.10422027792074111 -0.0651872399445215 -0.10376447876447878 -0.27373325567850904 -0.582421461348394 -0.8659992763237245 -0.0833851897946484 -0.13992075284794453 0.04636591478696741 -0.01858736059479554 0.053701572688914456 -0.08303349017437033 -0.23900817995910023 -0.2602934216753431 -0.3139066571902393 -0.2594835042629433 -0.1576743040157674 -0.10528893241919686 -0.13032581453634084 -0.016343977872768423 -0.12844036697247707 -0.0687719298245614 -0.0588308924771561 -0.18514337322194624 -0.07714123652864435 -0.14979463638560037 -1.0408340855860842e-18 -0.05526189332051897 -0.039525691699604744 0.0572851805728518 -0.028631893439561802 0.013178703215603582
-0.08570029382957885 -0.18861569552037727 -0.007938308006350646 -0.09259259259259259 0.07201038838389799 -0.08384506376948515 0.07354743809757294 -0.06910766246362754 0.02561803509670808 -0.13685374619850704 -0.1717605455923213 -0.18561484918793505 -0.1353758460990381 -0.11428571428571425 -0.09481668773704174 -0.12859767299448868 -0.21884418817979295 -0.051118210862619806 -0.1391258695366846 -0.11081867294639147 -0.031867431485022316 -0.22038906673233197 -0.19502273271117493 -0.10700273451432649 0.005130178273695013 -0.022874571101791853 0.003983534723144342 0.06094464195022854 -0.02540106951871658 0.046242774566473986 -0.06411900487304438 -0.2566539923954372 -0.08217220435869955 -0.10007322431047108 0.016258129064532268 0.07776459733755108 0.10124504036119852 0.12005277044854881 0.045094288056846135 6.938893903907229e-19 -0.3200301204819277 -2.3535469107551488 -2.36662423330633 -0.46806435884934194 -0.2373887240356083 -0.13953488372093026 -0.13602798289933932 -0.014127921911122526 -0.1457840819542947 -0.017603051195540557 -0.23454951600893525 -1.2372821892176356 -3.2351261847664725 -1.6029711273511442 -0.27183271832718325 -0.249719066050693 -0.029426816786079835 -0.06498375406148463 -0.09264024704065878 -0.06796116504854369 -0.09411196911196912 -0.27489807804309846 -0.6883162725026475 -1.2278374140634423 -0.15432482887367766 -0.16592372461614663 0.061403508771929814 -0.0322180916976456 0.07671653241273495 -0.09272073069471354 -0.23773006134969324 -0.26739233317557976 -0.3162757640369581 -0.278018040281725 -0.1675289480167529 -0.12365328109696375 -0.11904761904761904 -0.026401810409856674 -0.1166448230668414 -0.08140350877192983 -0.04130679684566279 -0.18401445021449536 -0.07714123652864435 -0.1739550616090843 0.0059031877213695395 -0.06967803940413261 -0.012351778656126477 0.0485678704856787 0.0012448649321548599 0.009225092250922507
-0.07590597453476983 -0.17626585831368588 -0.00453617600362894 -0.09027777777777776 0.08263487191594851 -0.07557864903164856 0.08457955381220887 -0.05819592628516003 0.028179838606378894 -0.1257948576168095 -0.16291992927506946 -0.16729759433386251 -0.12825080156750981 -0.10212765957446808 -0.07711757269279396 -0.12737293325168403 -0.20836063425501244 -0.051118210862619806 -0.13781336133350836 -0.11081867294639147 -0.017845761631612493 -0.20315193302142331 -0.16750418760469007 -0.09273570324574962 0.03206361421059382 -0.010166476045240822 0.018589828708006906 0.07110208227526663 -0.02540106951871658 0.05780346820809248 -0.029494742241600407 -0.1734790874524715 0.014290818149339047 -0.07688552599463021 0.05377688844422211 0.092263081586925 0.13681762210972775 0.1266490765171504 0.08198961464881115 0.007163323782234958 -0.2710843373493975 -1.8329519450800915 -1.8828839254715888 -0.40468064358849337 -0.1978239366963403 -0.12947831552482714 -0.1010493587252235 0.012843565373747753 -0.1155765694772787 -1.3877787807814458e-18 -0.19980143956316707 -1.1986902116711498 -3.1803128925431086 -1.8653408410207262 -0.3025830258302583 -0.2559620427019603 -0.0025588536335721585 -0.06248437890527368 -0.08106021616057643 -0.058252427184466014 -0.08928571428571429 -0.27955736750145604 -0.7294975879515236 -1.7886865275600043 -0.3248288736776602 -0.19811788013868253 0.06265664160401001 -0.03965303593556382 0.07160209691855261 -0.09548851370052588 -0.22367075664621677 -0.25674396592522475 -0.32812129827055203 -0.2841962189546522 -0.16876077851687607 -0.1309990205680705 -0.10776942355889722 -0.018858436007040486 -0.11402359108781128 -0.07578947368421053 -0.027537864563775195 -0.1761119891623391 -0.07146908678389109 -0.19569944431021985 0.0 -0.07688611244593943 -0.0024703557312252965 0.04856787048567871 -0.003734594796464585 0.013178703215603582
-0.07713026444662095 -0.17626585831368588 -0.0022680880018144697 -0.09722222222222222 0.06964939204344232 -0.07794048181388759 0.07109585682765383 -0.06668283220174588 0.015370821058024852 -0.13408902405308265 -0.15786814852235415 -0.14531688850897545 -0.12112575703598147 -0.1033434650455927 -0.059418457648546155 -0.11757501530924679 -0.20573974577381735 -0.051118210862619806 -0.14175088594303714 -0.11358913977005125 -0.02549394518801785 -0.18960847081999507 -0.16630772912179945 -0.10224705742480085 0.03334615877901757 -0.007624857033930618 -0.003983534723144333 0.0723717623158964 -0.04144385026737968 0.05491329479768785 -0.011541420877147986 -0.09862167300380227 0.0404906514231273 -0.07200390529655847 0.05127563781890946 0.10017134572294717 0.12039950745656039 0.13324538258575197 0.05602623667668764 0.015759312320916905 -0.215863453815261 -1.320366132723112 -1.3840990626084944 -0.3547050219405168 -0.17062314540059348 -0.12319296040226273 -0.09457183573001682 0.026971487284870282 -0.12083004990806409 0.008801525597770279 -0.192355423181931 -1.156589872529529 -3.1117962772639034 -1.9947286450221635 -0.38868388683886834 -0.26095642402297414 -0.031985670419651994 -0.058735316170957265 -0.09907359752959341 -0.044382801664355064 -0.10255791505791505 -0.28305183459522426 -0.7600894222849747 -2.389337836207936 -0.7056627255756067 -0.23897969291728582 0.016290726817042606 -0.057001239157372985 0.030686612965093972 -0.12178245225574313 -0.22111451942740284 -0.24372929484145764 -0.33049040511727085 -0.30890893364636113 -0.19832471051983244 -0.15181194906953965 -0.12030075187969924 -0.0314307266784008 -0.1363040629095675 -0.08842105263157894 -0.023782701214169484 -0.1512756829984195 -0.08735110606920023 -0.20777965692196182 -0.029515938606847696 -0.07808745795290725 -0.01976284584980237 0.0547945205479452 -0.0161832441180132 0.01713231418028466
-0.07468168462291871 -0.17626585831368588 -0.00907235200725788 -0.12384259259259259 0.05312241766025262 -0.08974964572508266 0.062515322382937 -0.06668283220174588 0.0025618035096708082 -0.1410008294166436 -0.1452386966405658 -0.13676883624374161 -0.11993824961406008 -0.10577507598784194 -0.03919089759797724 -0.1249234537660747 -0.1926353033678417 -0.07028753993610222 -0.13781336133350836 -0.1246710070646904 -0.012746972594008926 -0.1736025609455799 -0.15075376884422112 -0.10462489596956366 0.05130178273695011 0.0038124285169653035 0.003983534723144339 0.0723717623158964 -0.03342245989304814 0.049132947976878616 -0.005129520389843545 -0.07248098859315588 0.04644515898535191 -0.08298755186721991 0.05127563781890946 0.0988533017002768 0.1080859214666849 0.14116094986807387 0.036895326591965025 0.028653295128939826 -0.17068273092369476 -0.8272311212814646 -0.9235042240481425 -0.3144807411019015 -0.14465875370919884 -0.12319296040226271 -0.0686617437491903 0.032108913434369384 -0.0998161281849225 0.004400762798885139 -0.15636634400595678 -1.0606946555958368 -2.9416466826538765 -2.024679525578052 -0.4514145141451415 -0.2696965913347484 -0.02047082906857728 -0.05498625343664084 -0.0746268656716418 -0.044382801664355064 -0.10376447876447877 -0.2888759464181712 -0.7777385574773503 -2.863345796646967 -1.2868699439950217 -0.2996532937097573 -0.023809523809523808 -0.07311028500619579 0.0 -0.13146969277608636 -0.21344580777096112 -0.22953147184098438 -0.3293058516939114 -0.3595699987643643 -0.24636610002463658 -0.1824191968658178 -0.12907268170426062 -0.05657530802112145 -0.145478374836173 -0.1080701754385965 -0.012517211165352357 -0.12643937683449988 -0.0907543959160522 -0.20294757187726503 -0.043683589138134596 -0.07568476693897164 -0.024703557312252964 0.056039850560398494 -0.02116270384663264 0.010542962572482866
-0.0661116552399608 -0.17738857078702144 0.0022680880018144728 -0.14351851851851852 0.05312241766025262 -0.1062824752007558 0.06619269428781564 -0.08729388942774005 0.011528115793518636 -0.16173624550732651 -0.15155342258145996 -0.13066308462571743 -0.13062581641135257 -0.11428571428571428 -0.035398230088495575 -0.11879975505205145 -0.1965666360896344 -0.06645367412140575 -0.14437590234938966 -0.11913007341737085 0.00637348629700446 -0.15882787490765823 -0.12203876525484567 -0.1105694923314707 0.07567012953700139 0.011437285550895914 0.01195060416943301 0.06602336211274759 -0.021390374331550804 0.05057803468208093 -0.005129520389843547 -0.0748574144486692 0.05359056806002144 -0.10617525018306077 0.06253126563281641 0.08699090549624358 0.1026132165822958 0.12005277044854881 0.032795845859524456 0.007163323782234957 -0.13303212851405624 -0.4393592677345538 -0.5740076380048605 -0.28644563627498776 -0.12240356083086057 -0.1181646763042112 -0.06607073455110765 0.038530696121243255 -0.09456264775413711 -0.0029338418659234275 -0.12658227848101264 -0.8887849374342183 -2.640173575425374 -2.0103031029112257 -0.5067650676506765 -0.2896741166188038 -0.04733879222108496 -0.05623594101474631 -0.08749356664951106 -0.044382801664355064 -0.09893822393822395 -0.30052417006406523 -0.7777385574773503 -3.14196116270655 -1.9912881144990664 -0.39995047052996535 -0.06766917293233082 -0.1127633209417596 -0.012786088735455827 -0.1508441738167728 -0.21344580777096112 -0.2153336488405111 -0.3115375503435205 -0.39169652786358583 -0.3067257945306726 -0.20323212536728694 -0.14661654135338342 -0.05657530802112145 -0.16120576671035386 -0.09964912280701754 -0.007510326699211417 -0.11289230074508919 -0.09415768576290415 -0.18241121043730366 -0.06729634002361276 -0.06727534839019703 -0.044466403162055336 0.05230386052303859 -0.034856218100336116 0.010542962572482868
-0.06978452497551421 -0.1583024587403166 -0.014742572011794058 -0.14120370370370372 0.044858930468657764 -0.1074633915918753 0.07354743809757294 -0.07880698351115423 0.020494428077366466 -0.15205971799834117 -0.1452386966405658 -0.12333618268408841 -0.12825080156750976 -0.11914893617021276 -0.030341340075853356 -0.10532761788120026 -0.19263530336784168 -0.07028753993610223 -0.14437590234938968 -0.12051530682920075 -0.0012746972594008927 -0.1305097266683083 -0.1256281407035176 -0.10105813815241944 0.06925740669488265 0.031770237641377555 0.0026556898154295613 0.0723717623158964 -0.03074866310160428 0.059248554913294796 -0.008976660682226209 -0.07366920152091254 0.05001786352268668 -0.0976324139614352 0.06503251625812907 0.07776459733755108 0.1039813928033931 0.10422163588390501 0.042361300901885765 -0.001432664756446991 -0.11169678714859436 -0.2082379862700229 -0.34949658604328204 -0.23890784982935154 -0.10262116716122652 -0.10559396605908233 -0.06736623915014898 0.042383765733367586 -0.09718938796952983 0.01026844653073199 -0.11044924298833458 -0.6350134487194481 -2.1833961402306725 -1.9336288486881519 -0.5707257072570726 -0.2871769259582969 -0.06780962128966223 -0.04373906523369158 -0.08620689655172413 -0.020804438280166433 -0.09049227799227799 -0.297029702970297 -0.7659724673490997 -3.232420697141478 -2.6894835096453016 -0.5373947498761764 -0.09899749373433583 -0.15117719950433706 -0.014064697609001406 -0.1646830888458345 -0.21216768916155418 -0.1739233317557974 -0.3008765695332859 -0.4003459780056839 -0.3683173195368317 -0.21792360430950047 -0.16165413533834586 -0.05154639175257732 -0.1716906946264744 -0.08421052631578947 -0.013768932281887598 -0.09144276360352221 -0.10096426545660805 -0.17274704034791008 -0.0755608028335301 -0.05886592984142238 -0.04076086956521739 0.0547945205479452 -0.014938379185858336 0.014496573537163942
-0.07100881488736532 -0.14033905916694733 -0.027217056021773645 -0.12962962962962965 0.03659544327706291 -0.10392064241851677 0.07967639127237067 -0.06668283220174587 0.030741642116049704 -0.1285595797622339 -0.14271280626420813 -0.10990352912443521 -0.13300083125519532 -0.12401215805471125 -0.050568900126422255 -0.08940600122473977 -0.18477263792425633 -0.04984025559105432 -0.13781336133350833 -0.09696633882809254 -0.0038240917782026785 -0.11081014528441269 -0.11366355587461115 -0.09154678397336821 0.060279594715916374 0.041936713686618374 0.010622759261718231 0.0723717623158964 -0.016042780748663103 0.0722543352601156 -0.002564760194921775 -0.06772813688212928 0.052399666547576516 -0.08786917256529167 0.06128064032016008 0.07381046526954001 0.11355862635107401 0.08311345646437995 0.053293249521727246 -0.004297994269340975 -0.10667670682730923 -0.10983981693363845 -0.21988195810670058 -0.18893222818137495 -0.10262116716122652 -0.09050911376492772 -0.06477522995206633 0.04752119188286669 -0.09193590753874441 0.008801525597770279 -0.08811119384462644 -0.36603905975909246 -1.518784972022382 -1.8485683479094288 -0.6125461254612548 -0.30715445124235236 -0.07804503582395086 -0.05123719070232442 -0.08492022645393721 -0.013869625520110954 -0.07480694980694982 -0.2865463016889924 -0.7165548888104482 -3.222771680135086 -3.427504667081519 -0.7392273402674592 -0.13659147869674185 -0.2007434944237918 -0.02812939521800282 -0.1743703293661777 -0.20194274028629855 -0.15972550875532415 -0.26770907367922286 -0.39293216359817135 -0.43853165804385313 -0.24485798237022527 -0.18546365914786966 -0.051546391752577324 -0.18086500655307997 -0.06456140350877193 -0.011265490048817123 -0.06547753443215172 -0.10209869540555871 -0.16429089151969073 -0.09445100354191263 -0.05526189332051897 -0.046936758893280625 0.0709838107098381 -0.006224324660774309 0.03953610964681076
-0.06366307541625857 -0.15493432132030988 -0.027217056021773645 -0.1516203703703704 0.02951245425569591 -0.12871988663202644 0.07477322873253248 -0.07395732298739087 0.028179838606378897 -0.14238319048935583 -0.13260924475877747 -0.09891317621199171 -0.14012587578672367 -0.13009118541033432 -0.07458912768647283 -0.08083282302510719 -0.1847726379242563 -0.04856230031948882 -0.14568841055256593 -0.10389250588724201 0.0012746972594008935 -0.11327259295739966 -0.09810959559703276 -0.087980026156224 0.04104142618956008 0.04447833269792857 0.010622759261718235 0.05967496190959878 -0.01871657754010695 0.06358381502890173 0.008976660682226212 -0.06535171102661597 0.05478146957246636 -0.08298755186721993 0.0487743871935968 0.06590220113351786 0.09714051169790668 0.06728232189973617 0.043727794479365936 -0.012893982808022925 -0.09789156626506025 -0.07208237986270023 -0.09836824441615555 -0.15724037055095078 -0.1112759643916914 -0.0741671904462602 -0.07384376214535562 0.05908040071923966 -0.0971893879695298 0.0073346046648085665 -0.06577314470091836 -0.1894515261372939 -0.856457690990065 -1.7371510722415242 -0.6408364083640836 -0.3321263578474216 -0.10107471852610031 -0.0424893776555861 -0.09135357694287186 0.0041608876560332835 -0.053088803088803094 -0.29120559114735 -0.649488175079421 -3.2143287902544935 -4.036092097075295 -1.084695393759287 -0.1892230576441103 -0.24411400247831477 -0.05370157268891447 -0.19512870190977027 -0.20449897750511248 -0.1739233317557974 -0.267709073679223 -0.408995428147782 -0.505050505050505 -0.30362389813907936 -0.19298245614035087 -0.06789036962534574 -0.18217562254259503 -0.0743859649122807 -0.002503442233070473 -0.051930458342741036 -0.0952921157118548 -0.15825078521381974 -0.09445100354191263 -0.07328207592503604 -0.05805335968379446 0.0660024906600249 -0.014938379185858339 0.042171850289931465
-0.06733594515181195 -0.15942517121365216 -0.015876616012701288 -0.15625000000000003 0.023609963404556737 -0.1381672177609825 0.07477322873253248 -0.07880698351115421 0.030741642116049704 -0.1451479126347802 -0.14776458701692347 -0.09402857491757236 -0.13300083125519535 -0.14103343465045592 -0.09228824273072062 -0.06613594611145132 -0.1847726379242563 -0.04217252396166134 -0.13650085313033206 -0.10527773929907189 -0.015296367112810705 -0.10465402610194534 -0.10768126346015791 -0.09154678397336821 0.01923816852635628 0.041936713686618374 -0.005311379630859117 0.0622143219908583 -0.0374331550802139 0.06647398843930635 0.00897666068222621 -0.06178707224334601 0.06669048469691558 -0.0793263363436661 0.04252126063031516 0.0645841571108475 0.09166780681351758 0.06464379947229552 0.04236130090188576 -0.007163323782234957 -0.10291164658634537 -0.06178489702517163 -0.10299733827103345 -0.14139444173573862 -0.1162215628090999 -0.06662476429918289 -0.07384376214535562 0.07320832263036219 -0.09062253743104806 0.01320228839665542 -0.06329113924050632 -0.1660624488363934 -0.4065319173232843 -1.4017012100155744 -0.6334563345633457 -0.3446123111499563 -0.12922210849539406 -0.031242189452636838 -0.09006690684508492 0.030513176144244102 -0.05670849420849422 -0.273733255678509 -0.48946934933521585 -2.9960197804848634 -4.060983198506535 -1.896978702327885 -0.35213032581453635 -0.2949194547707559 -0.0946170566423731 -0.19097702740105177 -0.21344580777096117 -0.15735920492191197 -0.2795546079128169 -0.3966390708019276 -0.5309189455530918 -0.36116552399608226 -0.22180451127819545 -0.07543374402816194 -0.1834862385321101 -0.06596491228070175 -0.02503442233070472 -0.05080153533529014 -0.08281338627339761 -0.14858661512442617 -0.10743801652892562 -0.07688611244593944 -0.07781620553359683 0.061021170610211714 -0.01742810905016806 0.05139694254085399
-0.06488736532810971 -0.15830245874031657 0.006804264005443414 -0.15856481481481483 0.031873450596151584 -0.14289088332546054 0.08335376317724932 -0.07759456838021339 0.032022543870885115 -0.13685374619850704 -0.1275574640060621 -0.07937477103431433 -0.09381308633178959 -0.14832826747720362 -0.06447534766118837 -0.05388854868340478 -0.1389070895033416 -0.025559105431309903 -0.1036881480509253 -0.0858844715334534 -0.014021669853409816 -0.09603545924649101 -0.08494855228523569 -0.09511354179051243 0.016673079389508787 0.039395094675308176 -0.003983534723144338 0.06475368207211782 -0.03074866310160428 0.06936416184971098 0.02180046165683509 -0.05822243346007604 0.10479933309515303 -0.0756651208201123 0.06128064032016008 0.06326611308817714 0.11355862635107403 0.06200527704485488 0.047827275211806505 -0.0014326647564469948 -0.09663654618473896 -0.05148741418764302 -0.07869459553292443 -0.12554851292052654 -0.09643916913946587 -0.0590823381521056 -0.051820183961653055 0.08733624454148473 -0.0840556868925663 0.019069972128502272 -0.05584512285927029 -0.14267337153549292 -0.1598721023181455 -1.066251347789625 -0.5879458794587947 -0.357098264452491 -0.14969293756397134 -0.019995001249687578 -0.07462686567164178 0.05686546463245492 -0.053088803088803094 -0.25742574257425743 -0.29532886221908466 -2.6112652273549637 -3.992532669570629 -2.7055473006438833 -0.6165413533834586 -0.3543990086741016 -0.13936836721646848 -0.1937448104068641 -0.2019427402862986 -0.13961192617132037 -0.2677090736792229 -0.38675398492524404 -0.5186006405518601 -0.42482859941234086 -0.22932330827067665 -0.09052049283379433 -0.16906946264744432 -0.06596491228070175 -0.022530980097634247 -0.04967261232783925 -0.05331820760068066 -0.11717806233389708 -0.10153482880755609 -0.06487265737626143 -0.09140316205533597 0.06102117061021171 -0.016183244118013196 0.06325777543489722
-0.06733594515181195 -0.15942517121365218 -0.0011340440009072342 -0.15162037037037038 0.023609963404556723 -0.14052905054322154 0.07109585682765383 -0.07759456838021339 0.021775329832201866 -0.13408902405308268 -0.11745390250063148 -0.07326901941629015 -0.09025056406602541 -0.15805471124620057 -0.06826801517067003 -0.06613594611145132 -0.12973397981915866 -0.025559105431309903 -0.11943824648904056 -0.0831140047097936 -0.012746972594008924 -0.09234178773701059 -0.07776980138789183 -0.10581381524194508 0.006412722842118755 0.022874571101791842 0.003983534723144342 0.06475368207211782 -0.0374331550802139 0.06791907514450866 0.02180046165683509 -0.05822243346007603 0.10003572704537336 -0.08054674151818406 0.05502751375687844 0.05931198102016607 0.11082227390887947 0.05540897097625329 0.034162339437004655 -0.00859598853868195 -0.09914658634538151 -0.04462242562929062 -0.0798518689966439 -0.11823500731350559 -0.09149357072205738 -0.06662476429918292 -0.033683119575074486 0.09632674030310814 -0.09193590753874441 0.011735367463693705 -0.04095309009679821 -0.12980937901999764 -0.06166495375128467 -0.7140289924523782 -0.5399753997539976 -0.3820701710575603 -0.18807574206755373 -0.027493126718320417 -0.07848687596500256 0.04576976421636615 -0.06756756756756757 -0.2516016307513105 -0.19061066007765617 -2.2373658183572553 -3.8991910392034854 -3.3754333828628034 -1.0939849624060152 -0.4411400247831475 -0.21352768188211227 -0.20619983393301963 -0.19683026584867078 -0.1396119261713204 -0.2677090736792229 -0.3793401705177314 -0.5210643015521065 -0.48481880509304603 -0.27694235588972427 -0.11440784510937893 -0.18610747051114024 -0.07438596491228071 -0.025034422330704714 -0.04967261232783925 -0.06125921724333523 -0.10026576467745833 -0.10625737898465171 -0.06246996636232581 -0.11734189723320158 0.0485678704856787 -0.03361135316818125 0.05007907221929362
-0.08202742409402547 -0.16952958347367236 -0.00226808800181447 -0.15393518518518517 0.015346476212961872 -0.14997638167217758 0.05393478793822015 -0.0921435499515034 0.01793262456769566 -0.15067735692562897 -0.12503157362970446 -0.06594211747466114 -0.08075050469065433 -0.15562310030395135 -0.07585335018963338 -0.07348438456827924 -0.12973397981915866 -0.021725239616613417 -0.13518834492715578 -0.0831140047097936 -0.012746972594008924 -0.08618566855454321 -0.08973438621679827 -0.11413625014861492 -0.007695267410542522 0.016520523573516327 0.015934138892577353 0.0723717623158964 -0.0374331550802139 0.07947976878612717 0.019235701461913314 -0.05703422053231938 0.10479933309515303 -0.08176714669270199 0.04252126063031516 0.05272176090681428 0.08619510192912846 0.0474934036939314 0.004099480732440557 -0.005730659025787968 -0.1004016064257028 -0.04233409610983981 -0.06712186089572966 -0.11823500731350563 -0.09520276953511375 -0.07165304839723444 -0.027205596579867854 0.09632674030310814 -0.09981612818492251 0.0014669209329617133 -0.04219409282700422 -0.10992866331423227 -0.04339385634349663 -0.40373786989337485 -0.4772447724477245 -0.3895617430390811 -0.2584442169907881 -0.033741564608847786 -0.07848687596500256 0.05131761442441054 -0.06274131274131274 -0.24927198602213166 -0.13766325450052946 -1.6668676878542996 -3.6963285625388926 -3.8298662704309065 -1.8383458646616542 -0.5762081784386618 -0.2646720368239356 -0.22972598948242456 -0.20066462167689164 -0.13606247042120206 -0.24875621890547261 -0.36698381317187695 -0.5149051490514905 -0.5313418217433888 -0.33208020050125314 -0.15841086245914007 -0.21363040629095678 -0.09684210526315791 -0.02503442233070472 -0.05305938135019191 -0.06693136698808848 -0.08335346702101958 -0.09799291617473435 -0.04084574723690534 -0.12969367588932806 0.049813200498132 -0.029876758371716668 0.05139694254085399
-0.08692458374142997 -0.15268889637363872 0.0011340440009072333 -0.13773148148148148 0.022429465234328885 -0.14289088332546054 0.049031625398381955 -0.08608147429679922 0.010247214038683233 -0.13961846834393143 -0.1376610255114928 -0.06716326779826597 -0.0748129675810474 -0.15440729483282672 -0.0809102402022756 -0.09430496019595837 -0.1074564277290001 -0.019169329073482427 -0.13256332852080327 -0.0817287712979637 -0.01019757807520714 -0.08987934006402362 -0.09093084469968891 -0.10224705742480086 -0.010260356547390024 0.005083238022620404 0.05576948612402072 0.06983240223463687 -0.017379679144385027 0.08815028901734104 0.01923570146191331 -0.04515209125475285 0.12028105275693701 -0.07078350012204053 0.05377688844422211 0.048767628838803215 0.10671774524558764 0.04353562005277045 0.019130910084722598 -2.7755575615628915e-18 -0.11044176706827306 -0.02974828375286041 -0.04629093854877907 -0.11823500731350563 -0.08654797230464886 -0.07793840351979889 0.0142505505894546 0.11045466221423068 -0.07092198581560286 -3.4694469519536144e-19 -0.04095309009679821 -0.10057303239387205 -0.021696928171748318 -0.23002276266922247 -0.3800738007380074 -0.4045448870021226 -0.33393039918116685 -0.05748562859285178 -0.06304683479155945 0.05131761442441054 -0.054295366795366784 -0.2376237623762376 -0.0988351570773032 -1.0565673621999758 -3.295581829495956 -4.047795938583457 -2.799498746867168 -0.7372986369268898 -0.31453778289221324 -0.2283420979795184 -0.20577709611451941 -0.1265972550875532 -0.24283345178867566 -0.34844927715309526 -0.5013550135501356 -0.5460333006856024 -0.37969924812030076 -0.18104098566758864 -0.22542595019659242 -0.0968421052631579 -0.02127925898109901 -0.059832919394897266 -0.05899035734543393 -0.08093742449867118 -0.06847697756788665 -0.0312349831811629 -0.12228260869565218 0.044831880448318796 -0.01991783891447778 0.05139694254085399
-0.08692458374142997 -0.13697092174694062 -2.7755575615628915e-18 -0.10416666666666666 0.025970959745012394 -0.11809163911195086 0.03922530031870557 -0.07153249272550924 0.006404508774177019 -0.11473596903511199 -0.1300833543824198 -0.0512883135914031 -0.07362546015912601 -0.13252279635258357 -0.08470290771175727 -0.08818126148193509 -0.0982833180448172 -0.0025559105431309905 -0.13125082031762697 -0.07757307106247402 -0.007648183556405355 -0.08618566855454321 -0.09930605407992342 -0.0903578647009868 -0.012825445684237529 0.006354047528275508 0.050458106493161604 0.0787201625190452 -0.02540106951871658 0.09537572254335261 0.01923570146191331 -0.02732889733840304 0.11551744670715731 -0.037832560410056136 0.04627313656828415 0.0645841571108475 0.09440415925571213 0.04617414248021108 0.006832467887400927 0.0014326647564469898 -0.1029116465863454 -0.014874141876430208 -0.045133665085059595 -0.08410531448074111 -0.08160237388724036 -0.04902576995600252 0.029796605777950513 0.13999486257385052 -0.061728395061728406 0.014669209329617133 -0.04839910647803425 -0.10525084785405217 -0.019413040995774813 -0.15574457889061938 -0.29520295202952035 -0.4207766262954177 -0.4337256908904811 -0.10247438140464885 -0.0797735460627895 0.04299583911234397 -0.049469111969111974 -0.244612696563774 -0.0835392399105777 -0.5789410203835483 -2.704418170504045 -4.104754829123328 -3.773182957393483 -0.9615861214374226 -0.3771896176959467 -0.2532521450318296 -0.20577709611451941 -0.1206814955040227 -0.23217247097844113 -0.2990238477696775 -0.46932742054693277 -0.5301175318315378 -0.4273182957393484 -0.19361327633894895 -0.24508519003931845 -0.0856140350877193 -0.01877581674802854 -0.058703996387446375 -0.062393647192285885 -0.07852138197632277 -0.05194805194805193 -0.015617491590581453 -0.1358695652173913 0.04234122042341219 -0.029876758371716668 0.05798629414865578
-0.09427032321253673 -0.13023464690692715 0.001134044000907238 -0.08796296296296295 0.03187345059615158 -0.10392064241851676 0.03677371904878647 -0.06789524733268672 0.0012809017548354056 -0.10367708045341444 -0.13008335438241977 -0.05250946391500794 -0.07243795273720463 -0.11671732522796352 -0.09481668773704172 -0.08450704225352114 -0.10221465076660989 0.0 -0.13781336133350836 -0.07757307106247403 -0.01019757807520714 -0.08002954937207583 -0.10768126346015794 -0.06420164070859588 -0.019238168526356295 0.010166476045240812 0.03717965741601381 0.08760792280345353 -0.034759358288770054 0.10838150289017341 0.016670941266991538 -0.011882129277566541 0.1190901512444921 -0.0024408103490358795 0.04377188594297149 0.08830894951891392 0.08893145437132302 0.05804749340369393 0.006832467887400925 0.021489971346704873 -0.09789156626506025 -0.013729977116704806 -0.03587547737530378 -0.0560702096538274 -0.07912957467853611 -0.0339409176618479 0.03497862417411582 0.15926021063447215 -0.04596795376937221 0.020536893061463984 -0.04591710101762224 -0.1064203017190972 -0.013703323055841047 -0.1030310291122559 -0.21648216482164823 -0.4070420776626295 -0.5373592630501535 -0.1562109472631842 -0.07076685537828101 0.05409153952843273 -0.041023166023166024 -0.2364589400116482 -0.062360277679727016 -0.2942950186949705 -1.9614187927815805 -4.065131253095592 -4.795739348370927 -1.2465923172242876 -0.44239867024677154 -0.26847495156379736 -0.19555214723926378 -0.12304779933743495 -0.21795782989812845 -0.2730754973433832 -0.4138950480413895 -0.5276689520078356 -0.46867167919799496 -0.2388735227558461 -0.25294888597640897 -0.1192982456140351 -0.016272374514958072 -0.060961842402348164 -0.06579693703913783 -0.08818555206571636 -0.03187721369539552 -0.013214800576645846 -0.13216403162055337 0.038605230386052306 -0.03361135316818125 0.06721138639957829
-0.08447600391772772 -0.13697092174694062 0.015876616012701295 -0.09837962962962962 0.05194191949002479 -0.11572980632971183 0.03922530031870557 -0.09093113482056256 0.0012809017548354063 -0.12303013547138512 -0.1300833543824198 -0.05617291488582245 -0.08193801211257572 -0.12644376899696047 -0.08343868520859671 -0.09675443968156767 -0.10221465076660989 0.0038338658146964853 -0.13387583672397954 -0.08172877129796371 -0.006373486297004463 -0.10219157842895839 -0.10409188801148601 -0.07133515634288431 -0.012825445684237529 -0.007624857033930618 0.029212587969725135 0.08760792280345353 -0.0267379679144385 0.10838150289017341 0.021800461656835086 -0.011882129277566541 0.11670834821960226 0.006102025872589701 0.05627813906953477 0.09358112560959536 0.07388151593925298 0.06596306068601583 0.001366493577480185 0.01862464183381089 -0.09538152610441766 -0.0034324942791762007 -0.027774563129267443 -0.04388103364212579 -0.06800197823936696 -0.020113136392206167 0.03756963337219847 0.17338813254559465 -0.026267402153926978 0.016136130262578843 -0.04715810374782825 -0.10525084785405217 -0.005709717939933769 -0.08625853600095842 -0.13776137761377613 -0.3995505056811087 -0.6653019447287616 -0.2511872031992002 -0.08234688625836335 0.04715672676837725 -0.030164092664092663 -0.23063482818870126 -0.034121661371926106 -0.1748884332408636 -1.2072184194150588 -3.964834076275384 -5.670426065162907 -1.6418835192069394 -0.529344073647871 -0.2961527816219208 -0.19938650306748468 -0.13724562233790819 -0.2037431888178157 -0.2656616829358705 -0.35723084503572305 -0.5203232125367288 -0.512531328320802 -0.2929343726426955 -0.2634338138925295 -0.1543859649122807 -0.008762047815746651 -0.06547753443215173 -0.05672149744753261 -0.09784972215510994 -0.02243211334120425 -0.010812109562710236 -0.12475296442687749 0.0348692403486924 -0.04979459728619444 0.06721138639957829
-0.0832517140058766 -0.14258448411361851 0.014742572011794058 -0.10879629629629628 0.0625664030220753 -0.1239962210675484 0.04535425349350331 -0.11154219204655676 -0.0038427052645062113 -0.14929499585291678 -0.12629451881788328 -0.07571132006349982 -0.08787554922218263 -0.14346504559270518 -0.06826801517067003 -0.11879975505205145 -0.104835539247805 -0.01789137380191693 -0.1391258695366846 -0.10943343953456157 0.005098789037603571 -0.11573504063038657 -0.09571667863125148 -0.0689573177981215 0.007695267410542514 -0.01652052357351633 0.009294914354003456 0.08633824276282377 -0.03208556149732621 0.10549132947976878 0.016670941266991535 -0.011882129277566541 0.09765392402048348 0.0012204051745179415 0.06253126563281641 0.10544352181362857 0.04925434395950198 0.08047493403693931 -0.032795845859524456 0.018624641833810886 -0.08283132530120482 -0.004576659038901601 -0.021988195810670057 -0.058508044856167715 -0.04327398615232444 -0.023884349465744824 0.0440471563674051 0.1875160544567172 -0.02364066193853428 0.010268446530731992 -0.03226607098535617 -0.10875920944918722 0.010277492291880783 -0.07907032466754524 -0.05535055350553505 -0.37083281308527904 -0.7996417604912999 -0.4211447138215446 -0.09006690684508492 0.029126213592233004 -0.036196911196911194 -0.22947000582411178 -0.04000470643605129 -0.1387046194668918 -0.4256378344741753 -3.769192669638435 -6.289473684210526 -2.157372986369269 -0.621403912543153 -0.31691115416551346 -0.18021472392638035 -0.14552768575485092 -0.18834399431414361 -0.28048931175089586 -0.2746982015274698 -0.5056317335945153 -0.5137844611528821 -0.33442293185818456 -0.2503276539973788 -0.1936842105263158 0.002503442233070473 -0.07676676450666066 -0.05558706749858196 -0.10751389224450351 -0.014167650531286893 -0.010812109562710242 -0.11487154150197629 0.0062266500622665 -0.059753516743433335 0.04217185028993147
-0.06978452497551421 -0.13697092174694064 0.034021320027217056 -0.10879629629629631 0.08499586825640419 -0.11218705715635331 0.061289531747977445 -0.11154219204655673 0.011528115793518635 -0.1479126347802046 -0.13134629957059865 -0.08425937232873368 -0.07362546015912598 -0.16048632218844985 -0.0404551201011378 -0.13962033067973056 -0.09959376228541475 -0.023003194888178913 -0.12731329570809818 -0.1274414738883502 0.02166985340981517 -0.11204136912090616 -0.0909308446996889 -0.05944596361907027 0.042323970757983845 -0.013978904562206124 0.01327844907714779 0.09903504316912139 -0.006684491978609622 0.10260115606936415 0.04231854321620929 -6.938893903907229e-19 0.11313564368226747 0.0036612155235538207 0.10255127563781892 0.12257809410834322 0.08209057326583664 0.1029023746701847 -0.013664935774801856 0.025787965616045842 -0.06902610441767068 -0.003432494279176203 6.938893903907229e-19 -0.058508044856167715 -0.004945598417408502 -0.027655562539283484 0.08032128514056225 0.19779090675571542 0.005253480430785396 0.0029338418659234262 -0.02482005460412013 -0.09823412466378201 0.00913554870389403 -0.06828800766742543 -0.0036900369003690036 -0.3271319765264078 -0.9442169907881268 -0.5936015996001001 -0.11708697889861039 0.01941747572815533 -0.03499034749034749 -0.21782178217821785 -0.036474879397576175 -0.11216982269931253 0.24891101431238333 -3.431154036651809 -6.697994987468671 -2.6567534076827757 -0.716020969185526 -0.32244672017713816 -0.16487730061349692 -0.1407950780880265 -0.15873015873015875 -0.26936859013962683 -0.1897018970189702 -0.4468658178256611 -0.5225563909774436 -0.3583102841337692 -0.2503276539973788 -0.20350877192982458 0.00625860558267618 -0.07676676450666066 -0.04424276800907544 -0.11355399855037449 0.002361275088547818 0.018020182604517057 -0.09016798418972333 0.016189290161892904 -0.038590812896800684 0.05271481286241434
-0.07590597453476984 -0.12125294712024251 0.03742345202993876 -0.09374999999999999 0.08381537008617636 -0.09093056211620215 0.045354253493503305 -0.09699321047526673 -0.0012809017548354048 -0.13823610727121924 -0.12755746400606213 -0.07204786909268532 -0.073625460159126 -0.14954407294832825 -0.026548672566371678 -0.13962033067973056 -0.11007731621019526 -0.012779552715654952 -0.14175088594303717 -0.11358913977005125 0.036966220522625874 -0.1157350406303866 -0.08614501076812633 -0.0642016407085959 0.06412722842118765 -0.017791333079171433 0.019917673615721696 0.10284408329101066 0.002673796791443854 0.09682080924855489 0.051295203898435504 0.009505703422053233 0.12980826485649638 0.006102025872589701 0.12381190595297649 0.1383946223803875 0.09577233547680941 0.1437994722955145 -0.015031429352282044 0.025787965616045842 -0.06651606425702812 0.014874141876430205 0.0057863673185973834 -0.04631886884446611 0.013600395647873392 -0.007542426147077316 0.0880943127348102 0.22989982019008476 0.0 0.005867683731846854 -0.024820054604120134 -0.09004794760846685 0.012561379467854286 -0.06948604288966097 0.023370233702337023 -0.3021600699213384 -1.0209825997952917 -1.1634591352161958 -0.21358723623262996 -0.0027739251040221928 -0.027750965250965254 -0.21432731508444963 -0.016472526179550535 -0.10493305994451818 0.34225264467952704 -2.6040118870728084 -6.661654135338345 -3.242874845105328 -0.8195882879427183 -0.35012455023526157 -0.1572085889570552 -0.12896355892096548 -0.1480691779199242 -0.25454096132460147 -0.15521064301552107 -0.35871694417238 -0.4912280701754386 -0.3759114910736736 -0.2581913499344692 -0.20350877192982458 0.018775816748028536 -0.06321968841724995 -0.03970504821327283 -0.11113795602802609 0.012987012987012988 0.022825564632388273 -0.08028656126482211 0.0174346201743462 -0.03485621810033611 0.06062203479177648
-0.07957884427032322 -0.12013023464690693 0.010206396008165114 -0.08680555555555555 0.06374690119230315 -0.08502598016060461 0.023290022064231426 -0.09335596508244423 -0.017932624567695656 -0.14376555156206802 -0.14018691588785048 -0.07204786909268532 -0.07956299726873292 -0.15075987841945288 -0.04930467762326169 -0.14696876913655849 -0.14414886646573188 -0.011501597444089457 -0.16931355820973884 -0.1260562404765203 0.022944550669216062 -0.12189115981285396 -0.09691313711414214 -0.07727975270479136 0.047454149031678855 -0.02795780912441226 -0.011950604169433008 0.1053834433722702 -0.02941176470588235 0.08236994219653178 0.041036163118748394 0.02019961977186312 0.11670834821960226 0.0024408103490358803 0.1013006503251626 0.15552919467510215 0.07114516349705842 0.19393139841688653 -0.03006285870456409 0.0315186246418338 -0.08032128514056225 0.020594965675057208 -0.01041546117347529 -0.04509995124329595 -0.004945598417408507 -0.0012570710245128926 0.06477522995206632 0.2594400205497046 -0.031520882584712376 -0.0029338418659234267 -0.05212211466865228 -0.08770903987837679 -0.019413040995774806 -0.08386246555648738 0.0012300123001230013 -0.2896741166188038 -1.1092630501535312 -1.8770307423144215 -0.3821410190427174 -0.05131761442441054 -0.036196911196911194 -0.2166569598136284 -0.03176844334627603 -0.10613918707031725 0.33727442439327937 -1.7781079742446753 -6.516290726817043 -3.7484510532837674 -0.9436133486766398 -0.3930251868253529 -0.16359918200408993 -0.12659725508755323 -0.16465292584695573 -0.2545409613246015 -0.16876077851687607 -0.28158667972575907 -0.4711779448621554 -0.40231330148353034 -0.2883355176933159 -0.20912280701754388 0.010013768932281888 -0.062090765409799055 -0.051049347702779344 -0.12080212611741965 -0.0023612750885478157 0.014416146083613645 -0.08399209486166007 -0.0037359900373599014 -0.04606000248972986 0.04876120189773326
-0.08325171400587658 -0.12349837206691365 0.005670220004536175 -0.10416666666666666 0.050761421319796954 -0.09093056211620217 0.004903162539838196 -0.08850630455868089 -0.04098885615473293 -0.14929499585291678 -0.14271280626420815 -0.07326901941629015 -0.06412540078375491 -0.15440729483282672 -0.05056890012642225 -0.13349663196570727 -0.16642641855589044 -0.006389776357827476 -0.17456359102244395 -0.12051530682920072 0.019120458891013388 -0.11327259295739964 -0.09332376166547021 -0.07965759124955417 0.043606515326407594 -0.007624857033930616 -0.039835347231443365 0.1142712036566785 -0.05213903743315509 0.08381502890173409 0.041036163118748394 0.010693916349809885 0.12742646183160652 -0.007322431047107639 0.0925462731365683 0.16211941478845393 0.05883157750718292 0.21767810026385223 -0.03689532659196502 0.02578796561604585 -0.0753012048192771 0.025171624713958812 -0.0034718203911584316 -0.062164797659678195 -0.007418397626112761 0.010056568196103078 0.04534266096644642 0.28769586437194966 -0.05778828473863935 -0.0073346046648085665 -0.0757011665425664 -0.0725061396327915 -0.03882608199154961 -0.09584281777884271 -0.006150061500615006 -0.24847047072043948 -1.169396110542477 -2.596850787303174 -0.5378281008749356 -0.06796116504854369 -0.030164092664092666 -0.2073383808969132 -0.02117896223085069 -0.11458207695091063 0.3335407591785936 -1.0933630510153538 -6.169172932330826 -4.047087980173482 -1.0497378851809231 -0.4248546913921949 -0.14442740286298567 -0.11713203975390438 -0.16228381900023695 -0.2495984183862597 -0.17122443951712246 -0.20078354554358474 -0.4348370927318294 -0.39728438521498616 -0.3053735255570118 -0.19929824561403509 0.011265490048817123 -0.05644615037254459 -0.0453771979580261 -0.11355399855037449 -0.0011806375442739076 0.0312349831811629 -0.07040513833992093 0.017434620174346202 -0.03485621810033611 0.0790722192936215
-0.07223310479921644 -0.1167620972269002 -0.0022680880018144697 -0.11111111111111112 0.05312241766025263 -0.09211147850732167 0.008580534444716844 -0.08608147429679922 -0.03842705264506212 -0.1451479126347802 -0.1250315736297045 -0.08059592135791917 -0.073625460159126 -0.16778115501519755 -0.051833122629582805 -0.12002449479485608 -0.18608308216485386 -0.0025559105431309905 -0.16275101719385746 -0.11774484000554093 0.02676864244741874 -0.1255848313223344 -0.09452022014836085 -0.0653905599809773 0.042323970757983845 -0.0025416190113102025 -0.07037578010888326 0.09903504316912139 -0.06283422459893048 0.059248554913294796 0.04873044370351372 0.014258555133079848 0.12742646183160652 -0.010983646570661459 0.09629814907453728 0.17002767892447607 0.06156792994937749 0.2308707124010554 -0.03416233943700465 0.030085959885386815 -0.06024096385542169 0.020594965675057208 -0.017359101955792152 -0.07435397367137982 -1.3877787807814458e-18 0.01759899434318039 0.03238761497603316 0.30182378628307216 -0.08011557656947728 -0.010268446530731992 -0.08935219657483247 -0.09355630920360193 -0.06965855886719197 -0.09464478255660716 -0.02952029520295203 -0.23473592208765134 -1.2077789150460592 -3.2741814546363406 -0.8080288214101904 -0.1276005547850208 -0.019305019305019308 -0.192195690157251 -0.01294269914107542 -0.09890242431552285 0.34225264467952704 -0.6067360079247153 -5.49749373433584 -4.106567534076827 -1.1034394578698374 -0.44007749792416284 -0.1278118609406953 -0.09820160908660672 -0.17176024638711207 -0.24218460397874705 -0.1601379650160138 -0.12120470127326148 -0.3684210526315789 -0.3319084737239125 -0.2883355176933159 -0.16421052631578947 0.015020653398422831 -0.04741476631293745 -0.0453771979580261 -0.10388982846098091 0.0 0.03724171071600192 -0.05805335968379446 0.0174346201743462 -0.02738702850740695 0.10279388508170798
-0.0697845249755142 -0.12125294712024251 0.0011340440009072362 -0.11458333333333333 0.05902490851139182 -0.09093056211620218 0.019612650159352783 -0.07638215324927256 -0.019213526322531066 -0.14376555156206802 -0.11113917655973733 -0.07693247038710466 -0.08075050469065433 -0.16778115501519758 -0.051833122629582805 -0.10287813839559094 -0.19787708033023194 0.015335463258785941 -0.14568841055256596 -0.11497437318188115 0.0331421287444232 -0.11819748830337355 -0.08255563531945442 -0.05825704434668886 0.042323970757983845 0.01652052357351633 -0.09560483335546408 0.11934992381919755 -0.07352941176470588 0.04913294797687861 0.050012823800974604 0.011882129277566541 0.13457187090627606 -0.018306077617769097 0.09629814907453728 0.17134572294714645 0.05883157750718293 0.241424802110818 -0.03142935228204428 0.021489971346704873 -0.05271084337349398 0.013729977116704806 -0.02893183659298692 -0.068259385665529 0.006181998021760634 0.020113136392206164 0.015546055188495916 0.2889802209093244 -0.1155765694772787 -0.03227226052515769 -0.09183420203524448 -0.10525084785405214 -0.083361881923033 -0.11620941655684676 -0.041820418204182044 -0.2172555874641029 -1.1898669396110544 -3.8652836790802296 -1.1850231600617602 -0.18723994452149792 -0.02413127413127413 -0.1887012230634828 -0.001176609012825039 -0.09045953443492945 0.34723086496577477 -0.3392768697374938 -4.572681704260652 -4.060718711276332 -1.1277330264672036 -0.4469969554386937 -0.11886503067484663 -0.0946521533364884 -0.1670220326936745 -0.2372420610404053 -0.14042867701404288 -0.07713026444662097 -0.28320802005012524 -0.28916268544128737 -0.2595019659239843 -0.15438596491228068 0.010013768932281888 -0.036125536238428534 -0.03857061826432218 -0.1063058709833293 -0.008264462809917356 0.03964440172993753 -0.04323122529644269 0.0136986301369863 -0.013693514253703475 0.11201897733263047
-0.07835455435847209 -0.12013023464690693 -0.003402132002721705 -0.11689814814814814 0.055483414000708296 -0.09919697685403872 0.03309634714390782 -0.08486905916585838 -0.008966312283847835 -0.17003041194359966 -0.12629451881788334 -0.08670167297594335 -0.08075050469065433 -0.17264437689969603 -0.05941845764854614 -0.10900183710961422 -0.21884418817979295 0.02939297124600639 -0.14831342695891847 -0.11220390635822138 0.024219247928616953 -0.11696626446688008 -0.06939459200765734 -0.05587920580192605 0.041041426189560096 0.016520523573516334 -0.10091621298632318 0.1345860843067547 -0.08689839572192515 0.04624277456647398 0.05642472428827905 0.004752851711026615 0.14648088603072526 -0.023187698315840857 0.10380190095047523 0.15816528272044286 0.07798604460254481 0.24406332453825857 -0.02323039081716316 -0.004297994269340974 -0.056475903614457826 0.0011441647597253979 -0.02546001620182849 -0.0804485616772306 0.007418397626112761 0.0037712130735386568 -0.006477522995206636 0.2465964551759568 -0.1641712634620436 -0.05280915358662167 -0.10424422933730455 -0.10992866331423226 -0.10277492291880781 -0.12219959266802442 -0.05781057810578105 -0.20227244350106136 -1.1809109518935519 -4.366408397900525 -1.6199176531137418 -0.23578363384188625 -0.028957528957528962 -0.15375655212580083 -2.7755575615628915e-18 -0.06633699191894825 0.34100808960796514 -0.21050024764735017 -3.6353383458646626 -3.913258983890954 -1.1290116353407493 -0.43869360642125665 -0.1252556237218814 -0.08518693800283957 -0.17294479981047145 -0.22241443222537996 -0.13180586351318058 -0.040401567091087186 -0.1967418546365914 -0.23258737742016594 -0.22280471821756226 -0.13473684210526315 -0.003755163349605708 -0.038383382253330316 -0.03516732841747023 -0.10872191350567768 -0.01770956316410862 0.028832292167227297 -0.04076086956521739 0.012453300124532999 -0.019917838914477782 0.12783342119135477
-0.06366307541625857 -0.11002582238688671 0.0011340440009072355 -0.11805555555555558 0.061385904851847486 -0.10155880963627777 0.04780583476342241 -0.0788069835111542 0.010247214038683235 -0.1783245783798728 -0.1262945188178833 -0.081817071681524 -0.07956299726873294 -0.16656534954407293 -0.05436156763590392 -0.11267605633802817 -0.22277552090158564 0.04472843450479233 -0.13781336133350833 -0.10943343953456157 0.019120458891013388 -0.10219157842895839 -0.07537688442211055 -0.04993460944001902 0.03334615877901757 0.02922861863006735 -0.10622759261718231 0.16886744540375825 -0.09491978609625669 0.0491329479768786 0.06796614516542702 0.01188212927756654 0.14052637846850063 -0.018306077617769097 0.09629814907453728 0.1542111506524318 0.08345874948693392 0.2612137203166227 -0.03142935228204427 -0.015759312320916905 -0.04016064257028111 0.009153318077803204 -0.005786367318597385 -0.0841053144807411 0.024727992087042534 0.001257071024512886 -1.0408340855860842e-18 0.16439763678397118 -0.21801943787759392 -0.06161067918439195 -0.10920824025812856 -0.10174248625891709 -0.10620075368276807 -0.11860548700131783 -0.06027060270602706 -0.17979772755649895 -1.1220573183213922 -4.752561859535116 -2.049665465774576 -0.29819694868238555 -0.01327220077220077 -0.12230634828188705 0.015295917166725497 -0.05186346640935955 0.3497199751088986 -0.1436354631005448 -2.601503759398496 -3.662949194547708 -1.0829817158931083 -0.4317741489067258 -0.10991820040899795 -0.05797444391859914 -0.15517649846008055 -0.20758680341035465 -0.11456023651145601 2.7755575615628915e-18 -0.09649122807017545 -0.15589640432486798 -0.16644823066841416 -0.08701754385964913 -0.005006884466140943 -0.019191691126665165 -0.03062960862166762 -0.08939357332689055 -0.014167650531286897 0.05766458433445458 -0.03705533596837944 0.0311332503113325 -0.0074691895929291695 0.15419082762256192
-0.06733594515181195 -0.09543056023352418 1.0408340855860842e-18 -0.10300925925925926 0.061385904851847486 -0.08974964572508266 0.0600637411130179 -0.0606207565470417 0.0320225438708851 -0.16311860658003868 -0.1187168476888103 -0.06716326779826597 -0.06650041562759769 -0.15075987841945288 -0.045512010113780026 -0.09552969993876301 -0.19656663608963437 0.07539936102236422 -0.10237563984774903 -0.09419587200443275 0.024219247928616953 -0.0824919970450628 -0.06700167504187604 -0.045178932350493396 0.0487366936001026 0.036853475663997964 -0.07303146992431284 0.17902488572879632 -0.06283422459893048 0.046242774566473986 0.07309566555527058 0.019011406844106467 0.1536262951053948 -0.017085672443251154 0.10130065032516258 0.15552919467510212 0.11219045012997675 0.25857519788918204 -0.021863897239682968 -0.02148997134670487 -0.027610441767068266 0.010297482837528602 0.0023145469274389536 -0.098732325694783 0.032146389713155296 -0.011313639220615962 0.014250550589454588 0.0860518880041099 -0.3033884948778566 -0.07774680944697081 -0.10424422933730453 -0.10408139398900713 -0.1153363023866621 -0.12459566311249551 -0.06150061500615005 -0.17230615557497814 -1.0248208802456502 -5.107473131717072 -2.447246525990736 -0.35644937586685155 -0.015685328185328196 -0.0943506115317414 0.012942699141075417 -0.0470389579061633 0.33727442439327937 -0.10029717682020804 -1.7117794486215534 -3.3023543990086743 -1.01010101010101 -0.40963188486022695 -0.08691206543967281 -0.03786086133459536 -0.13266998341625208 -0.17793154578030398 -0.08253264350825326 0.031831537708129284 0.018796992481203 -0.06789036962534574 -0.09698558322411535 -0.03508771929824561 0.00625860558267618 -0.01693384511176338 -0.019285309132161095 -0.09422565837158733 0.0035419126328217225 0.044449783757808746 -0.023468379446640316 0.0136986301369863 0.031121623303871526 0.15155508697944126
-0.06121449559255632 -0.1010441226002021 0.01134044000907235 -0.0949074074074074 0.07082989021367017 -0.08738781294284365 0.057612159843098795 -0.0569835111542192 0.03714615089022672 -0.15482444014376556 -0.10482445061884313 -0.061057516180241786 -0.035625222657641606 -0.14224924012158052 -0.027812895069532228 -0.10287813839559094 -0.18346219368365874 0.08306709265175719 -0.08400052500328126 -0.09142540518077295 0.02804333970681963 -0.07633587786259541 -0.059822924144532184 -0.0451789323504934 0.038476337052712584 0.026686999618757146 -0.06506440047802417 0.18156424581005587 -0.07085561497326202 0.03901734104046243 0.09617850730956655 0.01782319391634981 0.18578063594140765 -0.009763241396143516 0.11880940470235117 0.14498484249373927 0.12860856478314409 0.2467018469656992 -0.015031429352282044 -0.024355300859598854 -0.020080321285140562 0.0034324942791762016 0.010415461173475294 -0.0962944904924427 0.029673590504451036 -0.018856065367693277 0.009068532193289283 -0.0577960441818649 -0.46099290780141844 -0.0982837025084348 -0.10796723752792255 -0.11577593263945737 -0.11533630238666208 -0.12459566311249548 -0.07626076260762607 -0.1847921088775128 -0.93014329580348 -5.304923769057735 -2.8448275862068964 -0.4202496532593619 0.0012065637065637013 -0.07571345369831099 0.045887751500176495 -0.04100832227716801 0.3397635345364032 -0.08543833580980682 -1.0776942355889727 -2.8066914498141267 -0.9346630865618207 -0.39302518682535287 -0.08563394683026584 -0.021296734500709895 -0.11845534233593935 -0.14951192388483878 -0.0726779995072678 0.056317335945151814 0.07769423558897243 -0.02137289414131257 -0.07470511140235911 -0.01263157894736842 0.022530980097634247 -0.01806276811921427 0.005672149744753263 -0.09422565837158733 0.025974025974025972 0.03483901970206632 -0.023468379446640313 0.007471980074719798 0.04108054276111041 0.1555086979441223
-0.06856023506366307 -0.09767598518019535 0.009072352007257882 -0.08912037037037036 0.06374690119230315 -0.08620689655172413 0.05393478793822015 -0.06183317167798254 0.033303445625720504 -0.1451479126347802 -0.10861328618337965 -0.061057516180241786 -0.04393777461109131 -0.13130699088145897 -0.03539823008849556 -0.09797917942437233 -0.1821517494430612 0.08434504792332267 -0.08925055781598634 -0.08034353788613381 0.01019757807520714 -0.08002954937207583 -0.06580521655898541 -0.0451789323504934 0.03334615877901757 0.022874571101791842 -0.06240871066259461 0.17902488572879632 -0.08957219251336901 0.041907514450867045 0.06540138497050525 0.011882129277566541 0.165535310229844 -0.006102025872589696 0.09379689844922462 0.129168314221695 0.11082227390887948 0.2150395778364116 -0.05602623667668762 -0.03724928366762177 -0.041415662650602404 0.0022883295194507988 -0.015044555028353201 -0.10360799609946367 0.009891196834817014 -0.03394091766184789 -0.019432568985619895 -0.2594400205497046 -0.6842658261097977 -0.13642364676543933 -0.11789525936957061 -0.12863992515495265 -0.1199040767386091 -0.1281897687792021 -0.08241082410824108 -0.19478087151954054 -0.7945240532241558 -5.412396900774807 -3.1330416881111685 -0.4771151178918168 -0.003619691119691125 -0.0570762958648806 0.04353453347452642 -0.03618381377397177 0.3347853142501556 -0.06191183754333827 -0.6290726817042607 -2.3035935563816605 -0.8464390742871755 -0.3722668142817603 -0.08946830265848671 -0.022479886417416 -0.12319355602937694 -0.14333374521191153 -0.06898250800689826 0.05264446620959844 0.13032581453634084 0.0075433744028161834 -0.03931847968545218 -0.0014035087719298203 0.01251721116535236 -0.024836306163919623 0.0011344299489506491 -0.08697753080454217 0.023612750885478158 0.024026910139356088 -0.029644268774703553 -0.0273972602739726 0.02738702850740694 0.1370585134422773
-0.04407443682664054 -0.10890310991355115 0.03175323202540259 -0.09953703703703702 0.0849958682564042 -0.10037789324515825 0.07109585682765383 -0.06910766246362755 0.030741642116049694 -0.14929499585291678 -0.0921949987370548 -0.06960556844547564 -0.027312670704191903 -0.15075987841945288 -0.021491782553729456 -0.11022657685241888 -0.1742890839994758 0.08306709265175719 -0.09318808242551516 -0.0817287712979637 0.019120458891013388 -0.07633587786259541 -0.043072505384063174 -0.05469028652954465 0.043606515326407594 0.010166476045240819 -0.04780241667773204 0.15871000507872016 -0.09491978609625669 0.02456647398843931 0.06668376506796614 0.002376425855513306 0.1726807193045135 -0.014644862094215273 0.09504752376188094 0.12257809410834324 0.10534956902449037 0.16226912928759898 -0.06969117245148948 -0.03868194842406876 -0.043925702811244985 -0.02173913043478261 -0.01041546117347529 -0.12432959531935642 0.0037091988130563804 -0.06536769327467001 -0.05182018396165307 -0.4135628050346776 -0.9101654846335698 -0.17896435382132903 -0.10548523206751056 -0.12396210969477253 -0.10163297933082105 -0.14136815622379295 -0.07257072570725706 -0.19727806218004748 -0.6934493346980553 -4.8862784303924025 -3.125321667524447 -0.5117891816920942 0.0193050193050193 -0.053581828771112394 0.0741263678079774 -0.038596068025569884 0.3509645301804605 -0.04086181277860327 -0.49624060150375937 -1.6753407682775716 -0.6981204449558881 -0.34043730971491837 -0.07796523517382413 -0.033128253667770946 -0.11371712864250179 -0.1507475596194242 -0.057896033505789604 0.042850146914789417 0.13408521303258147 0.047774704551169216 -0.03538663171690694 0.005614035087719305 0.021279258981099013 -0.029351998193723187 0.017016449234259785 -0.09664170089393574 0.02715466351829988 0.01802018260451706 -0.030879446640316204 -0.033623910336239106 0.012448649321548603 0.12387981022667369
-0.03550440744368266 -0.10778039744021557 0.03288727602630982 -0.10185185185185183 0.08499586825640419 -0.10037789324515822 0.08457955381220886 -0.07032007759456839 0.034584347380555915 -0.143765551562068 -0.09093205354887597 -0.05983636585663695 -0.036812730079563 -0.1337386018237082 -0.030341340075853353 -0.09185548071034906 -0.18477263792425633 0.09712460063897763 -0.10893818086363041 -0.06787643717966477 0.02549394518801785 -0.0775671016990889 -0.04307250538406317 -0.04636785162287481 0.04104142618956009 0.003812428516965308 -0.04647457177001726 0.13585576434738447 -0.10026737967914438 0.010115606936416176 0.07566042575019236 -0.005941064638783271 0.16791711325473385 -0.01586526726873321 0.09504752376188094 0.11071569790431002 0.1012450403611985 0.08839050131926122 -0.09018857611369227 -0.05300859598853867 -0.035140562248995984 -0.016018306636155603 -0.013887281564633725 -0.12189176011701608 0.002472799208704253 -0.07919547454431175 -0.0686617437491903 -0.536861032622656 -1.0112949829261884 -0.20243508874871644 -0.08314718292380244 -0.12396210969477255 -0.07993605115907274 -0.1389720857793219 -0.06765067650676507 -0.19727806218004745 -0.607727737973388 -4.212696825793552 -3.0275347400926402 -0.5173370319001387 0.05067567567567568 -0.0500873616773442 0.09295211201317802 -0.037389940899770824 0.36589919103920354 -0.02105002476473501 -0.3696741854636591 -1.1263940520446094 -0.5344585091420534 -0.29338499861610845 -0.07285276073619631 -0.021296734500709895 -0.10542525467898603 -0.12974175213147165 -0.04680955900468096 0.05264446620959844 0.14035087719298248 0.09806386723661051 -0.011795543905635638 0.023859649122807018 0.030041306796845663 -0.019191691126665165 0.0238230289279637 -0.08214544575984538 0.036599763872491156 0.028832292167227304 -0.0333498023715415 -0.0161892901618929 -1.1102230246251566e-17 0.12519768054823407
-0.017140058765915768 -0.10441226002020883 0.047629848038103884 -0.0821759259259259 0.10270334080982173 -0.09211147850732168 0.1054179946065212 -0.08365664403491754 0.057640578967593184 -0.13823610727121924 -0.09345794392523363 -0.05861521553303212 -0.04156275976724855 -0.1276595744680851 -0.04171934260429836 -0.08940600122473974 -0.20180841305202463 0.09456869009584665 -0.11943824648904056 -0.07618783765064414 0.03186743148502231 -0.08372322088155625 -0.03230437903804738 -0.04636785162287481 0.04745414903167884 -0.0038124285169653035 -0.04647457177001726 0.10665312341289997 -0.10294117647058823 -0.008670520231213872 0.08976660682226212 -1.3877787807814458e-18 0.16791711325473385 -0.008542836221625577 0.11130565282641322 0.10280743376828787 0.09987686414010125 0.02902374670184695 -0.09018857611369227 -0.04727793696275072 -0.040160642570281124 -0.021739130434782608 -0.012730008100914245 -0.10726474890297415 0.0024727992087042517 -0.07416719044626022 -0.08679880813576887 -0.6216285640893913 -1.0454426057262936 -0.19363356315094615 -0.06453214197071233 -0.13799555607531283 -0.06509078451524494 -0.13657601533485084 -0.06396063960639604 -0.1997752528405544 -0.5245649948822927 -3.505373656585853 -2.9181677817807516 -0.5104022191400832 0.08325289575289577 -0.046592894583576 0.12354394634662902 -0.026534796767579305 0.3982576228998133 -1.3877787807814458e-18 -0.22932330827067662 -0.7558859975216854 -0.3503388313514896 -0.25048436202601715 -0.09202453987730061 -0.01893043066729768 -0.105425254678986 -0.11614975905103175 -0.03941857600394185 0.06733594515181196 0.14035087719298248 0.13075182298214735 0.0065530799475753635 0.04210526315789474 0.02628614344723996 -0.021449537141566947 0.03516732841747022 -0.08093742449867118 0.036599763872491156 0.020422873618452672 -0.04817193675889328 -0.037359900373599 -0.028631893439561816 0.1014760147601476
-0.017140058765915768 -0.11451667228022903 0.05556815604445452 -0.07175925925925924 0.10624483532050526 -0.08856872933396316 0.11277273841627851 -0.09335596508244423 0.06020238247726399 -0.13961846834393143 -0.10356150543066431 -0.06594211747466114 -0.04275026718916993 -0.12279635258358661 -0.04677623261694058 -0.09797917942437233 -0.1991875245708295 0.07923322683706069 -0.13387583672397954 -0.09004017176894308 0.036966220522625874 -0.07510465402610195 -0.03589375448671931 -0.053501367257163236 0.06156213928434014 0.007624857033930614 -0.03319612269286947 0.11173184357541902 -0.0949197860962567 -0.0014450867052023101 0.08591946652987946 -0.00594106463878327 0.1762534238418483 -0.009763241396143521 0.10880440220110055 0.092263081586925 0.08756327815022574 -0.0013192612137203242 -0.09292156326865264 -0.06017191977077363 -0.045180722891566265 -0.018306636155606407 -0.00694364078231686 -0.09263773768893223 -0.001236399604352127 -0.07793840351979887 -0.11400440471563673 -0.6730028255843823 -1.0598896769109536 -0.189232800352061 -0.04839910647803424 -0.12279265582972751 -0.04110996916752312 -0.14376422666826408 -0.03198031980319803 -0.17979772755649895 -0.4222108495394063 -2.8255436140964756 -2.668553782810087 -0.4701803051317614 0.0929054054054054 -0.032615026208503206 0.1376632545005295 -0.01085514413219153 0.4069695084007467 0.027241208519068843 -0.13533834586466162 -0.5526641883519209 -0.22119933512338572 -0.20343205092720726 -0.09969325153374234 -0.022479886417416002 -0.09357972044539209 -0.10502903743976277 -0.02833210150283321 0.06243878550440744 0.13659147869674185 0.12069399044505909 0.0235910878112713 0.043508771929824566 0.03254474902991613 -0.021449537141566947 0.032898468519568916 -0.08576950954336797 0.042502951593860694 0.013214800576645846 -0.05311264822134387 -0.0273972602739726 -0.051039462218349305 0.09093305218766472
-0.013467189030362384 -0.11563938475356461 0.03969154003175323 -0.0648148148148148 0.09916184629913824 -0.08148323098724611 0.11522431968619759 -0.0921435499515034 0.057640578967593184 -0.13823610727121924 -0.12124273806516798 -0.07326901941629015 -0.06650041562759768 -0.11793313069908815 -0.06826801517067003 -0.09552969993876301 -0.2136024112174027 0.06773162939297125 -0.16012600078750494 -0.08726970494528329 0.034416826003824084 -0.072642206353115 -0.05264417324718832 -0.049934609440019026 0.06412722842118762 0.020332952090481637 -0.030540432877439915 0.10030472320975115 -0.08823529411764706 0.00867052023121387 0.09489612721210566 -0.008317490494296576 0.17506252232940336 -0.0012204051745179397 0.10630315157578789 0.09226308158692502 0.08893145437132302 -0.03298153034300791 -0.08062312107133096 -0.06446991404011461 -0.04267068273092369 -0.014874141876430205 -0.015044555028353196 -0.08288639687957092 -0.011127596439169139 -0.07165304839723444 -0.13084596450317398 -0.6986899563318777 -1.045442605726294 -0.16576206542467362 -0.0384710846363862 -0.10642030171909718 -0.029690533287655592 -0.11141727566790463 -0.014760147601476014 -0.15232863029092275 -0.3390481064483112 -2.2081979505123717 -2.296706124549665 -0.4174757281553398 0.11341698841698841 -0.013977868375072802 0.1411930815390046 0.012061271257990593 0.4144368388301182 0.054482417038137686 -0.043859649122807036 -0.4126394052044609 -0.10740314537782894 -0.17021865485745918 -0.10864008179959099 -0.016564126833885473 -0.10779436152570483 -0.08896577289015199 -0.04680955900468096 0.06856023506366307 0.10526315789473684 0.12446567764646718 0.01310615989515072 0.061754385964912284 0.035048191262986604 -0.024836306163919623 0.024957458876914345 -0.06402512684223242 0.04604486422668242 0.010812109562710238 -0.05434782608695653 -0.026151930261519296 -0.05726378687912361 0.07511860832894043
0.001224289911851127 -0.11788480970023578 0.061238376048990704 -0.05671296296296295 0.1251328060441506 -0.07085498346717052 0.12870801667075266 -0.0788069835111542 0.07173049827078262 -0.12026541332596072 -0.10987623137155847 -0.06960556844547564 -0.073625460159126 -0.11306990881458964 -0.06194690265486726 -0.08573178199632578 -0.20573974577381735 0.057507987220447275 -0.14962593516209477 -0.08034353788613383 0.03951561504142766 -0.07510465402610195 -0.05144771476429768 -0.04874569016763762 0.06925740669488265 0.015249714067861225 -0.029212587969725135 0.09014728288471305 -0.06818181818181819 0.015895953757225433 0.09361374711464478 -0.0023764258555133075 0.16910801476717877 0.002440810349035879 0.10005002501250626 0.0988533017002768 0.07251333971815568 -0.047493403693931395 -0.07925662749385078 -0.045845272206303724 -0.04267068273092369 -0.011441647597254002 -0.02546001620182849 -0.0804485616772306 -0.019782393669634028 -0.07291011942174733 -0.1515740380878352 -0.6896994605702542 -1.0191752035723667 -0.14669209329617133 -0.014892032762472076 -0.09355630920360192 -0.002283887175973505 -0.09464478255660716 0.024600246002460024 -0.12610812835559998 -0.23157625383828048 -1.6608347913021746 -1.8463715903242406 -0.363384188626907 0.14116795366795368 -0.005824111822946998 0.16707847982115542 0.025328669641780245 0.45052893590541376 0.07924715205547302 0.03508771929824562 -0.312267657992565 -0.01917913310318374 -0.13562136728480484 -0.07540899795501023 -0.014197823000473264 -0.08054963278843877 -0.08773013715556655 -0.017245627001724564 0.0612144955925563 0.09774436090225562 0.11692230324365101 0.023591087811271297 0.06596491228070175 0.045061960195268494 -0.0282230751862723 0.020419739081111738 -0.06281710558105823 0.05667060212514757 0.006006727534839022 -0.04323122529644268 -0.0298879202988792 -0.039835677828955564 0.056668423827095415
-0.0036728697355533787 -0.12574379701358485 0.05556815604445452 -0.057870370370370364 0.12277180970369495 -0.07321681624940954 0.1201274822260358 -0.08123181377303587 0.0589214807224286 -0.1133536079623998 -0.11619095731245266 -0.06960556844547564 -0.08787554922218263 -0.10577507598784193 -0.07838179519595449 -0.07960808328230251 -0.21622329969859783 0.04089456869009585 -0.16275101719385748 -0.09004017176894308 0.039515615041427664 -0.08618566855454322 -0.04546542234984446 -0.05587920580192605 0.07567012953700139 0.003812428516965306 -0.013278449077147786 0.06856272219400711 -0.05481283422459894 0.010115606936416183 0.08207232623749679 -0.010693916349809884 0.16196260569250923 -0.010983646570661459 0.09504752376188094 0.08435481745090287 0.053358872622793804 -0.07124010554089709 -0.08198961464881115 -0.03868194842406877 -0.06149598393574297 -0.0057208237986269995 -0.05439185279481541 -0.07313505607020965 -0.04698318496538081 -0.08045254556882464 -0.16452908407824846 -0.6216285640893912 -0.97846073023378 -0.13935748863136277 -0.009928021841648052 -0.0935563092036019 0.005709717939933768 -0.09105067688990057 0.03936039360393604 -0.11986515170433262 -0.15481064483111565 -1.2121969507623096 -1.417910447761194 -0.3162274618585298 0.12186293436293436 -0.0128130460104834 0.15648899870573008 0.026534796767579298 0.4393279402613565 0.0866765725606736 0.06641604010025062 -0.2577447335811648 0.007671653241273488 -0.11763077774702464 -0.081799591002045 -0.027212494084240424 -0.0912106135986733 -0.08278759421722477 -0.020941118502094114 0.0465230166503428 0.07268170426065164 0.08423434749811416 0.00393184796854521 0.03929824561403509 0.05132056577794468 -0.03612553623842854 0.028360748723766305 -0.0712732544092776 0.06493506493506493 -0.02042287361845266 -0.02717391304347826 -0.04358655043586551 -0.02489729864309723 0.02635740643120717
