-0.04412846285854376 0.1498085154314035 -0.12356875637682803 0.07537105751391467 -0.08847469623687625 0.14082840236686392 -0.019598236158745713 0.190626517727052 -0.008960573476702507 0.17315417647873668 -0.053124209461168734 -0.05012224938875306 -0.16886669045070757 -0.26460187781977806 -0.2580971659919028 -0.10558624923265807 -0.13768686073957512 0.056201302848384226 -0.13644712673838888 0.10806317539484622 -0.11476664116296861 -0.07890519048206139 -0.25281572010543973 -1.0014272121788772 -0.4671701011135287 -0.13475718281210272 -0.029263101888800207 -0.0875412331895458 0.03077334760503077 -0.028860028860028857 -0.07307692307692305 0.05463182897862231 -0.19976218787158145 -0.2856096667887221 -0.2538451919469801 0.05276348766653475 -0.030087527352297593 0.12674940586216002 -0.1024170421958214 0.1748602551239788 -0.036473399572380834 -0.15085714285714286 -0.15626808658409538 -0.19282401757383452 -0.1617084310578941 -0.08397042235869157 -0.08651859504132231 -0.04614201486798257 -0.013176966662274345 0.01322362621216574 -0.07456194855225548 -0.012848966242261419 -0.09201408610700898 0.001191469081377336 -0.09750152346130408 -0.026074000496647633 0.0495049504950495 0.06565656565656566 0.10610766045548654 0.0 0.008442889880593414 0.08030726256983241 -0.02461033634126333 0.12495494413072213 -0.006165228113440195 0.1159062885326757 0.08604564160119715 0.1695964347610795 0.09186016841030875 0.11776115267387088 0.0038397542557276334 -0.023635074450484524 -0.04973945997157746 0.09396636993076163 -0.09211495946941783 -0.015826637448259066 -0.09473946646721516 0.015020653398422828 -0.07979071288423807 0.028074115665356537 -0.08004002001000501 0.0485546522131888 0.053336359509759415 -0.0012088974854932307 -0.050707547169811316 -0.058767090429359556 -0.017279684028634907 0.006218905472636814 0.007463614877472322 0.009212950776520134
-0.042902672223584216 0.1396710970939401 -0.12696973132297923 0.06841372912801484 -0.09791199716880973 0.1337278106508876 -0.014698677119059284 0.1845556095191841 -0.010240655401945723 0.16484277600775735 -0.05818365798128004 -0.05623471882640587 -0.19027232726840287 -0.3414217778319717 -0.2871963562753036 -0.12645794966236956 -0.13113034356150013 0.02810065142419212 -0.12332721070585147 0.08174009420892214 -0.12496812037745472 -0.09493280729873013 -0.3498682003354901 -1.7483349191246433 -0.6156405990016639 -0.16272565471650138 -0.04522479382814578 -0.10276579548337986 0.012041744715012046 -0.060606060606060594 -0.0858974358974359 0.029691211401425176 -0.2235434007134364 -0.3893567679726596 -0.3163686382393397 0.013190871916633684 -0.04923413566739605 0.10826511750726169 -0.10924484500887614 0.16052744732693136 -0.05785435794239718 -0.17257142857142857 -0.16437087625882627 -0.22333414693678302 -0.17899024811751635 -0.11404937962150645 -0.09297520661157024 -0.07305819020763907 -0.00527078666490974 -0.004407875404055246 -0.07953274512240587 -0.016353229762878167 -0.10450982619561514 -0.00953175265101871 -0.09384521633150518 -0.03973181028060592 0.07616146230007616 0.053030303030303025 0.1306935817805383 -0.02222839677688247 -6.938893903907229e-19 0.08030726256983241 -0.01757881167233095 0.12855941367295448 -0.01726263871763255 0.11097410604192355 0.07482229704451926 0.1733102253032929 0.08548099004848175 0.11637572734829593 0.006399590426212724 -0.028362089340581424 -0.04263382283278067 0.09520276953511375 -0.08720216163104888 -0.03530557584611639 -0.07354774370481176 -0.00751032669921142 -0.05755395683453236 0.011229646266142616 -0.08004002001000501 0.055329719963866306 0.04766227871084884 -0.016924564796905225 -0.05660377358490566 -0.06356440393379707 -0.018513947173537403 -0.002487562189054725 0.0012439358129120559 -0.009212950776520136
-0.041676881588624655 0.12615453931065554 -0.14284094773835168 0.06261595547309833 -0.0990916597853014 0.13609467455621302 -0.012248897599216069 0.18091306459446335 -0.006400409626216077 0.16207230918409754 -0.07336200354161396 -0.058679706601467 -0.24854322749435126 -0.39019631752225337 -0.3213562753036437 -0.13505217925107427 -0.13637555730396012 0.011495721037169495 -0.13513513513513514 0.06650041562759768 -0.15174700331548074 -0.10726174331155222 -0.4852624011502516 -2.5689819219790677 -0.7602713426340715 -0.17670989066870074 -0.10242085661080073 -0.11291550367926921 -0.046829007225046834 -0.07792207792207792 -0.09743589743589744 -4.163336342344337e-18 -0.26872770511296074 -0.49920663981447577 -0.3738902088283106 -0.0065954359583168575 -0.054704595185995616 0.09506205439662001 -0.10514816332104329 0.15049448186899814 -0.09307005408124765 -0.184 -0.21067253154300264 -0.24164022455455209 -0.20491297370694977 -0.1228224088231608 -0.10976239669421488 -0.07433991284286082 -0.02635393332454869 -0.002938583602703499 -0.11432832111345843 -0.032706459525756335 -0.13518118823128478 -0.01668056713928274 -0.12797074954296161 -0.037248572138068044 0.04442751967504442 0.04924242424242425 0.10222567287784681 -0.016671297582661854 -0.012061271257990594 0.06284916201117319 -0.05742411812961444 0.11534302535143579 -0.03452527743526511 0.1023427866831073 0.05985783763561542 0.16093092349591484 0.06634345496300076 0.11221945137157108 -0.003839754255727633 -0.0319073505081541 -0.06987209853150166 0.08654797230464886 -0.0945713583886023 -0.04382761139517896 -0.07479431563201197 -0.011265490048817127 -0.05624591236102026 0.011229646266142616 -0.09129564782391196 0.0440379403794038 0.029505220154334995 -0.016924564796905222 -0.0660377358490566 -0.05756776205325017 -0.02345099975314737 0.0037313432835820908 -0.009951486503296431 -0.002632271650434324
-0.03432213777886737 0.11489074115791845 -0.1439746060537354 0.03014842300556586 -0.10616963548425151 0.11124260355029587 -0.009799118079372855 0.15055852355512386 -0.006400409626216073 0.13990857459481926 -0.08221603845180873 -0.06723716381418093 -0.27589487453918415 -0.45116449213510545 -0.3441295546558704 -0.14241866175567833 -0.13768686073957512 0.014050325712096056 -0.1403831015481501 0.07619839290662234 -0.16449885233358835 -0.13931697694488965 -0.6350347471842799 -3.324215033301617 -0.8421861000895943 -0.18815153826595474 -0.11971268954509177 -0.11672164425272773 -0.06154669521006155 -0.07647907647907647 -0.09999999999999999 -0.033254156769596206 -0.3234244946492271 -0.6432320273404125 -0.43016131049143425 -0.04484896451655455 -0.06564551422319474 0.058093477686823346 -0.12016932950976375 0.12756198939372224 -0.11067790215067286 -0.19314285714285714 -0.23266581780298642 -0.2623871125213571 -0.22219479076657206 -0.135355307682667 -0.12009297520661158 -0.08587541655985645 -0.03689550665436817 0.0014692918013517499 -0.12924071082390953 -0.04555542576801776 -0.14654095194819947 -0.02740378887167878 -0.12797074954296161 -0.034765333995530175 0.027925869510027936 0.05050505050505051 0.08799171842650104 -0.00972492358988608 -0.012061271257990594 0.05121042830540037 -0.07734677135825618 0.08290279947134448 -0.03699136868064118 0.09371146732429102 0.061104875919690736 0.1510274820500124 0.06506761929063536 0.11083402604599613 -0.0025598361704850894 -0.03781611912077523 -0.06513500710563713 0.08283877349159248 -0.09702775730778677 -0.04382761139517897 -0.06606831214161059 -0.010013768932281888 -0.04578155657292347 0.026670409882088714 -0.10255127563781892 0.036133694670280034 0.015887426236949616 -0.027804642166344297 -0.06603773584905662 -0.04437514991604702 -0.027153789187854847 0.016169154228855724 -0.0161711655678567 0.007896814951302978
-0.0600637411130179 0.10925884208154987 -0.17798435551524772 -0.027829313543599264 -0.11442727379969328 0.11360946745562131 -0.0061244487996080345 0.15055852355512386 0.0012800819252432206 0.14129380800664912 -0.10245383253225397 -0.07701711491442544 -0.33773338090141514 -0.4755517619802463 -0.3858805668016195 -0.13505217925107427 -0.17178075006556517 0.022991442074338998 -0.17843085804250855 0.085896370185647 -0.19255292017342512 -0.15164591295771174 -0.9058231488138029 -3.9236441484300655 -0.9164213490336618 -0.18433765573353672 -0.1596169193934557 -0.12179649835067241 -0.11105164570511106 -0.07647907647907648 -0.1282051282051282 -0.05344418052256532 -0.3995243757431629 -0.7494202367875015 -0.492684756783794 -0.05408257485819813 -0.08479212253829321 0.034327964087668326 -0.13792161682370613 0.11322918159667479 -0.14212048798893223 -0.20342857142857143 -0.2940155110545202 -0.22699536246033683 -0.2579928403900753 -0.1403684672264695 -0.14204545454545453 -0.08203024865419124 -0.07115561997628146 0.004407875404055246 -0.16279358767242452 -0.04555542576801776 -0.18516414858570943 -0.047658763255093536 -0.16087751371115172 -0.029798857710454436 -0.007616146230007623 0.0404040404040404 0.04787784679089028 -0.02361767157543762 -0.03980219515136896 0.04073556797020484 -0.10195710769951952 0.04085065481196685 -0.04808877928483354 0.09247842170160298 0.05736376106746478 0.14236197078484775 0.06506761929063536 0.10806317539484622 -0.021758607449123255 -0.03427085795320255 -0.12198010421601138 0.04821958456973294 -0.13264554163596168 -0.02678354029705381 -0.08850660683121417 0.00625860558267618 -0.08109875735775016 0.044918585064570464 -0.13881940970485243 0.04177958446251129 -0.029505220154335 -0.047147001934235974 -0.09669811320754718 -0.03957783641160951 -0.05924463095531968 0.013681592039800997 -0.05846498320686653 0.0026322716504343243
-0.08825692571708751 0.09011038522189682 -0.2097267883459925 -0.10320037105751392 -0.14155951397900202 0.10532544378698223 -0.026947574718275358 0.1359883438562409 -0.023041474654377874 0.13159717412383987 -0.11889704022261574 -0.10268948655256724 -0.39838268521821857 -0.554810388976954 -0.42004048582995945 -0.13259668508287295 -0.20325203252032517 0.02299144207433899 -0.21516662293361324 0.09282349681352176 -0.22443254271869423 -0.20219455061028233 -1.187395159357776 -4.38510941960038 -0.9842570075515166 -0.21993389270277142 -0.2008512902367651 -0.15478304998731285 -0.1618945678351619 -0.10678210678210678 -0.1564102564102564 -0.0997624703087886 -0.4934601664684899 -0.9544733308922251 -0.5564586720020008 -0.07782614430813876 -0.11077680525164113 0.011882756799577504 -0.17069507032636894 0.0874301275619894 -0.16978996352660042 -0.2297142857142857 -0.3542076629239495 -0.27825237979009027 -0.2876188124922849 -0.15415465597192632 -0.17820247933884298 -0.1038195334529608 -0.11991039662669653 -0.0029385836027034998 -0.19013296880825153 -0.07475762177315734 -0.20447574690446438 -0.12510425354462051 -0.17915904936014626 -0.045939905636950586 -0.02665651180502666 0.015151515151515155 0.021997929606625256 -0.041678243956654634 -0.04342057652876613 0.01047486033519553 -0.11133247392476268 -0.016820857863751055 -0.049321824907521586 0.06041923551171393 0.05611672278338945 0.11017578608566478 0.06761929063536616 0.07342754225547243 -0.03711762447203379 -0.04845190262349326 -0.12316437707247749 -0.01978239366963403 -0.1461557356914763 -0.025566106647187725 -0.10221889803041637 -2.7755575615628915e-18 -0.09941137998691955 0.0463222908478383 -0.15757878939469736 0.015808491418247517 -0.039718565592374036 -0.11605415860735009 -0.11438679245283019 -0.06476373230990645 -0.08146136756356455 -0.00870646766169154 -0.0783679562134594 -0.01579362990260595
-0.08703113508212798 0.0754674476233386 -0.20745947171522502 -0.11131725417439704 -0.13920018874601864 0.10177514792899409 -0.029397354238118567 0.13113161728994657 -0.029441884280593956 0.13713810777115945 -0.11889704022261574 -0.11246943765281174 -0.4185991199904864 -0.554810388976954 -0.41118421052631576 -0.13014119091467158 -0.1927616050354052 0.025546046749265548 -0.21910259774337443 0.09836519811582156 -0.2537617954603417 -0.24904450745900628 -1.5456506110711719 -4.6098953377735485 -1.0098553692563677 -0.22247648105771675 -0.2154828411811652 -0.16493275818320224 -0.18196414236018196 -0.10533910533910533 -0.17051282051282052 -0.14489311163895485 -0.6064209274673008 -1.1473208836811912 -0.5802175815930974 -0.10288880094974277 -0.11214442013129103 -0.0026406126221283346 -0.18025399426464564 0.07309731976494196 -0.17859388756131303 -0.2708571428571428 -0.37735849056603776 -0.3014400781059311 -0.2913220590050611 -0.17671387391903748 -0.17045454545454547 -0.12048192771084339 -0.11991039662669653 -0.007346459006758744 -0.21622965080154094 -0.08293423665459643 -0.21356355787799614 -0.12987012987012986 -0.18890920170627665 -0.03600695306679911 -0.033003300330033 0.03156565656565657 0.007763975155279501 -0.029174770769658243 -0.03738994089977084 -0.0069832402234636885 -0.10898863236845188 -0.02402979694821579 -0.03699136868064118 0.050554870530209614 0.06734006734006734 0.10893785590492697 0.06889512630773156 0.06511499030202272 -0.047356969153974145 -0.07090522335145355 -0.11724301279014686 -0.04698318496538082 -0.1461557356914763 -0.02678354029705382 -0.10097232610321616 -0.00375516334960571 -0.10464355788096794 0.05334081976417743 -0.16508254127063532 0.01693766937669377 -0.04539264639128461 -0.09187620889748549 -0.12028301886792452 -0.047973135044375156 -0.08639842014317453 1.734723475976807e-18 -0.09080731434257994 -0.006580679126085812
-0.09683746016180436 0.07659382743861229 -0.20745947171522508 -0.11479591836734696 -0.14037985136251033 0.11242603550295857 -0.04532092111709946 0.14691597863040312 -0.04480286738351254 0.1482199750657986 -0.1176321780925879 -0.1234718826405868 -0.39838268521821857 -0.5279843921472991 -0.3884109311740891 -0.11418047882136281 -0.1888276947285602 0.021714139736875714 -0.22828653896615064 0.0942089221390967 -0.26396327467482783 -0.29712735790901246 -1.806853582554517 -4.568268315889629 -0.9752975809548188 -0.20594965675057209 -0.21016227720138336 -0.16747018523217455 -0.18196414236018196 -0.10966810966810965 -0.18974358974358974 -0.23515439429928744 -1.2199762187871581 -1.2571707555230076 -0.583968988370639 -0.10684606252473287 -0.12582056892778992 -0.015843675732770002 -0.19937184214119893 0.06019779274759925 -0.1861401081624953 -0.2925714285714286 -0.4086121078828568 -0.3136441298511105 -0.2999629675348722 -0.1591678155157288 -0.1665805785123967 -0.10510125608818251 -0.12781657662406115 0.007346459006758741 -0.22989934136945447 -0.09461511505665225 -0.2192434397364535 -0.1405933516025259 -0.19500304692260814 -0.04718152470821953 -0.033003300330033 0.025252525252525256 0.007763975155279504 -0.041678243956654634 -0.04824508503196238 -0.013966480446927377 -0.10898863236845188 -0.031238736032680525 -0.03822441430332922 0.04438964241676942 0.05736376106746478 0.10769992572418915 0.054860933911712165 0.06234413965087282 -0.06271598617688467 -0.07208697707397779 -0.10895310279488393 -0.04821958456973295 -0.14615573569147633 -0.017044071098125155 -0.10471204188481678 0.008762047815746651 -0.10856769130150426 0.0519371139809096 -0.16008004002001003 0.013550135501355014 -0.026100771674988654 -0.0882495164410058 -0.1096698113207547 -0.05396977692492205 -0.0752900518390521 -0.009950248756218904 -0.08209976365219555 -0.02237430902869176
-0.09193429762196616 0.06983554854697004 -0.2085931300306088 -0.11711502782931356 -0.1333018756635602 0.11360946745562131 -0.04409603135717786 0.14934434191355025 -0.04480286738351254 0.14544950824213881 -0.12269162661269921 -0.11858190709046457 -0.37697704840052326 -0.4926228508718449 -0.374493927125506 -0.0994475138121547 -0.19669551534225022 0.022991442074339 -0.23615848858567304 0.10252147409254642 -0.2563121652639633 -0.3291825915423499 -1.917086029235562 -4.438629876308278 -0.9087418405222065 -0.16399694889397404 -0.20351157222665606 -0.14843948236488197 -0.18999197217018998 -0.09523809523809523 -0.2 -0.3741092636579572 -1.9512485136741973 -1.3267423410228243 -0.5652119544829313 -0.11212241129138636 -0.11898249452954049 -0.027726432532347505 -0.20210296326642085 0.04443170417084706 -0.2024902527983901 -0.31542857142857145 -0.44681097349230237 -0.3343910178179155 -0.314775953585977 -0.1529013660859757 -0.17820247933884298 -0.10381953345296077 -0.14231123995256292 0.010285042609462242 -0.23487013793960482 -0.09578320289685784 -0.22492332159491082 -0.1501251042535446 -0.20475319926873858 -0.048423143779488455 -0.04442751967504442 0.02525252525252525 -0.002587991718426498 -0.03612114476243401 -0.0446267036545652 -0.01978584729981378 -0.09609750380874252 -0.03604469542232368 -0.030826140567200993 0.04438964241676942 0.0648459907719167 0.11017578608566476 0.054860933911712165 0.06095871432529787 -0.07423524894406759 -0.07208697707397778 -0.1113216485078162 -0.060583580613254216 -0.154753131908622 -0.020696372047723403 -0.11343804537521818 0.006258605582676177 -0.11903204708960105 0.04912970241437396 -0.15382691345672836 0.013550135501355014 -0.013617793917385384 -0.0882495164410058 -0.10613207547169812 -0.047973135044375156 -0.07775857812885709 -0.0049751243781094535 -0.08831944271675582 -0.01579362990260595
-0.07722481000245157 0.06307726965532778 -0.19725654687677135 -0.11943413729128016 -0.10970862333372655 0.11479289940828401 -0.01224889759921607 0.15177270519669742 -0.012800819252432155 0.142679041418479 -0.13028079939286616 -0.10635696821515891 -0.39838268521821857 -0.4121448603828801 -0.3479251012145749 -0.07366482504604051 -0.1875163912929452 0.04087367479882488 -0.22959853056940432 0.10806317539484622 -0.25248661055853094 -0.3563062507705585 -1.932662353223101 -4.061607992388202 -0.8140279022142582 -0.137299771167048 -0.2008512902367651 -0.13955848769347878 -0.1873160289001873 -0.101010101010101 -0.21153846153846154 -0.5118764845605701 -2.6646848989298455 -1.3389478823385816 -0.5276978867075155 -0.11739876005803984 -0.10667396061269148 -0.04885133350937417 -0.19664072101597707 0.0128995270173427 -0.21506728713369389 -0.3325714285714286 -0.5347841185322375 -0.32584818159629 -0.32341686211578813 -0.14162175711242014 -0.18207644628099176 -0.08972058446552166 -0.14099354328633548 0.01910079341757273 -0.23611283708214242 -0.11096834481953041 -0.23855503805520845 -0.1679971404742047 -0.20475319926873858 -0.057114477278371004 -0.054582381315054586 0.02146464646464646 0.0012939958592132496 -0.04028896915809947 -0.04945121215776144 -0.02909683426443203 -0.1066447908121411 -0.044455124354199196 -0.02589395807644883 0.036991368680641186 0.06734006734006734 0.10646199554345134 0.05868844092880836 0.05541701302299806 -0.0806348393702803 -0.07326873079650201 -0.1350071056371388 -0.10385756676557864 -0.1596659297469909 -0.014609203798392992 -0.10969832959361756 0.012517211165352362 -0.11510791366906474 0.04491858506457047 -0.15632816408204103 0.012420957542908761 -0.026100771674988654 -0.07253384912959382 -0.11084905660377357 -0.04077716478771888 -0.08022710441866207 0.00870646766169154 -0.092051250155492 -0.01184522242695446
-0.0931600882569257 0.06082451002478036 -0.19158825529985263 -0.15538033395176257 -0.10970862333372655 0.10887573964497041 -0.019598236158745713 0.1469159786304031 -0.01792114695340502 0.13713810777115942 -0.12522135087275485 -0.09168704156479218 -0.3710310381733856 -0.33410559687842944 -0.2960526315789473 -0.04788213627992634 -0.15735641227380015 0.04470558181121471 -0.21779060614012075 0.10113604876697146 -0.24483550114766645 -0.37479965478979166 -1.8919242751018455 -3.6822074215033305 -0.6681172404966081 -0.11187388761759469 -0.18089917531258315 -0.12814006597310326 -0.1792881990901793 -0.10678210678210678 -0.2294871794871795 -0.7066508313539192 -3.2948870392390015 -1.3340656658122787 -0.4876828810804053 -0.12927054478301017 -0.1012035010940919 -0.08053868497491416 -0.20619964495425372 -0.020065930915866413 -0.22890202490252798 -0.36114285714285715 -0.682949415441602 -0.3319502074688797 -0.32835452413282307 -0.14538162677027197 -0.1885330578512397 -0.09612919764163035 -0.14889972328370008 0.01175433441081399 -0.23859823536721764 -0.12498539890199742 -0.2612745654890379 -0.1775288931252234 -0.20840950639853748 -0.04966476285075738 -0.053313023610053314 0.022727272727272724 -0.003881987577639754 -0.03473186996387885 -0.06633699191894828 -0.04422718808193669 -0.11484823625922887 -0.055268532980896325 -0.02836004932182491 0.022194821208384712 0.061104875919690736 0.08294132210943303 0.05103342689461597 0.0457190357439734 -0.09983361064891848 -0.08154100685417158 -0.1385599242065372 -0.12240356083086053 -0.17071972488332104 -0.015826637448259066 -0.12341062079281975 0.00625860558267618 -0.13342053629823417 0.03368893879842786 -0.15757878939469736 0.002258355916892503 -0.03404448479346346 -0.06528046421663444 -0.10023584905660379 -0.037179179659390736 -0.06665020982473464 0.002487562189054729 -0.08583157109093173 -0.009212950776520137
-0.08703113508212797 0.06195088984005408 -0.16891508899217775 -0.16465677179962898 -0.10263064763477647 0.10769230769230771 -0.025722684958353753 0.14448761534725593 -0.03072196620583717 0.13298240753566976 -0.10498355679230964 -0.07701711491442544 -0.3508146034011178 -0.26704060480429215 -0.26442307692307687 -0.03069367710251688 -0.15866771570941515 0.057478605185847485 -0.24009446339543433 0.10944860072042117 -0.230808467227748 -0.37110097398594505 -1.7948717948717952 -2.9364890580399625 -0.5158069883527454 -0.07500635647088738 -0.17690875232774675 -0.11291550367926924 -0.18330211399518329 -0.08802308802308803 -0.2346153846153846 -0.8931116389548693 -3.758620689655173 -1.2937873794702797 -0.44141553082405904 -0.09497427779976256 -0.09573304157549235 -0.0844996039081067 -0.22395193226819612 -0.022932492475275908 -0.2200981008678154 -0.4045714285714285 -0.9445537677971988 -0.36246033683182816 -0.33452660165411674 -0.13911517734051887 -0.20532024793388431 -0.09228402973596514 -0.17525365660824876 0.0044078754040552445 -0.2410836336522928 -0.13900245298446443 -0.2692264000908781 -0.19897533659001548 -0.2279098110907983 -0.04718152470821952 -0.09266311246509266 0.012626262626262616 -0.04399585921325052 -0.04028896915809947 -0.0651308647931492 -0.055865921787709494 -0.12422360248447203 -0.06968641114982581 -0.032059186189889025 0.016029593094944516 0.05611672278338946 0.07303788066353059 0.030620056136769585 0.038791909116098644 -0.09727377447843338 -0.0957220515244623 -0.14211274277593558 -0.15207715133531158 -0.17071972488332104 -0.0206963720477234 -0.14210919970082275 0.006258605582676184 -0.15696533682145195 0.03368893879842786 -0.156328164082041 -0.006775067750677505 -0.03290966863368135 -0.0640715667311412 -0.10495283018867925 -0.0335811945310626 -0.08516415699827204 0.002487562189054729 -0.10697847991043663 -0.009212950776520137
-0.07967639127237067 0.05969813020950665 -0.1394399727922004 -0.1774118738404453 -0.0990916597853014 0.0816568047337278 -0.033072023517883395 0.12748907236522583 -0.03840245775729646 0.10527773929907189 -0.08727548697192007 -0.07212713936430318 -0.3151385420382923 -0.21826606511401048 -0.23532388663967613 -0.02209944751381216 -0.15997901914503015 0.06769702388555371 -0.24796641301495673 0.11637572734829593 -0.19637847487885743 -0.36000493157440516 -1.6391085549964053 -2.118220742150333 -0.35965698195315493 -0.052123061276379376 -0.1303538175046555 -0.09134737376300434 -0.14316296494514316 -0.0707070707070707 -0.22692307692307687 -1.0831353919239903 -4.051129607609988 -1.23642133528622 -0.3838939602350881 -0.100250626566416 -0.0738512035010941 -0.10430419857406918 -0.22668305339341802 -0.05446466962878027 -0.21255188026663313 -0.5108571428571429 -1.336960296330594 -0.42958262143031484 -0.33205777064559927 -0.1579145256297782 -0.20015495867768598 -0.10638297872340426 -0.16866517327711159 -0.010285042609462244 -0.2199577482291537 -0.14601098002569793 -0.2669544473474952 -0.22876206362444895 -0.21328458257160268 -0.06208095356344674 -0.0748921045950749 0.015151515151515148 -0.024585921325051763 -0.050013892747985546 -0.06030635628995297 -0.06517690875232775 -0.10312902847767488 -0.0937162080980416 -0.02836004932182491 -0.008631319358816277 0.0586107993515401 0.055706858133201295 0.039550905843327384 0.01801052923247437 -0.08959426596697811 -0.1051760813046561 -0.1267171956418759 -0.1582591493570722 -0.17440432326209776 -0.021913805697589477 -0.15083520319122415 0.008762047815746654 -0.16219751471550034 0.03228523301516003 -0.1500750375187594 -0.01129177958446251 -0.006808896958692691 -0.0797872340425532 -0.09080188679245282 -0.052770448548812667 -0.08639842014317453 -0.013681592039800993 -0.10697847991043663 -0.026322716504343247
-0.08212797254228976 0.06645640910114892 -0.12696973132297923 -0.15538033395176254 -0.09201368408635131 0.08875739644970414 -0.037971582557569813 0.13113161728994657 -0.04992319508448541 0.11358913977005125 -0.08348090058183659 -0.058679706601467 -0.27946248067546675 -0.15607852700890135 -0.2074898785425101 -0.004910988336402701 -0.15997901914503015 0.08174734959764976 -0.2440304382051955 0.11637572734829593 -0.1798010711553175 -0.3402786339538898 -1.4701653486700215 -1.3558515699333968 -0.2572635351337514 -0.026697177726926015 -0.11173184357541899 -0.07739152499365645 -0.13112122023013112 -0.062049062049062055 -0.2282051282051282 -1.2292161520190024 -4.332936979785968 -1.1424386671548883 -0.3251219207202701 -0.0883788418414457 -0.060175054704595186 -0.10826511750726169 -0.23214529564386183 -0.05733123118818976 -0.22512891460193685 -0.6822857142857142 -1.7420997800671376 -0.49548450085428364 -0.34440192568818656 -0.16418097505953128 -0.20661157024793392 -0.11663675980517815 -0.17788904994070365 -0.03232441962973846 -0.21498695165900336 -0.1565237705875482 -0.2851300692945587 -0.24663409984510903 -0.22790981109079828 -0.054631239135833135 -0.07235338918507235 0.030303030303030304 -0.024585921325051763 -0.03473186996387885 -0.061512483415752016 -0.07565176908752327 -0.09140982069612094 -0.09732067764027395 -0.03452527743526511 -0.019728729963008635 0.047387454794862206 0.050755137410250076 0.020413370757846393 0.01801052923247437 -0.10879303724561629 -0.1039943275821319 -0.13737565135007107 -0.16567754698318496 -0.18791451731761238 -0.028000973946919895 -0.1682872101720269 0.00625860558267618 -0.17920209287115763 0.022459292532285232 -0.14382191095547775 -0.006775067750677505 0.002269632319564231 -0.0640715667311412 -0.09669811320754718 -0.05396977692492205 -0.08763268328807702 -0.012437810945273629 -0.11941783803955716 -0.028954988154777574
-0.06374111301789653 0.06420364947060148 -0.08842534859993198 -0.10204081632653061 -0.08257638315441784 0.08047337278106509 -0.04532092111709947 0.1165614375910636 -0.06656426011264721 0.09696633882809255 -0.06450796863141918 -0.058679706601467 -0.22238078249494583 -0.10730398731861968 -0.16573886639676114 0.012277470841006754 -0.12719643325465513 0.09196576829735598 -0.2204145893466282 0.12191742865059574 -0.15174700331548074 -0.3316483787449143 -1.176611550443326 -0.7290675547098001 -0.17150902342250096 -0.00635647088736334 -0.07714817770683692 -0.0621669626998224 -0.09365801445009365 -0.047619047619047616 -0.21538461538461537 -1.2969121140142517 -4.468489892984541 -1.042353228365678 -0.25884706765036886 -0.08178340588312888 -0.04786652078774617 -0.10298389226300504 -0.21985525058036326 -0.06306435430700874 -0.22512891460193685 -0.9165714285714286 -2.2653084847783314 -0.6065413717354161 -0.34193309467966915 -0.17295400426118562 -0.20273760330578514 -0.1448346577800564 -0.16734747661088417 -0.05730238025271819 -0.19634646452093948 -0.1927344936339213 -0.2805861638077928 -0.2490170380078637 -0.21572212065813529 -0.06083933449217781 -0.05712109672505712 0.03409090909090909 -0.005175983436853003 -0.025006946373992773 -0.03738994089977084 -0.08612662942271881 -0.08086253369272237 -0.07569386038687972 -0.02589395807644883 -0.022194821208384712 0.052375607931163484 0.0569447883139391 0.026792549119673388 0.019395954558049322 -0.10367336490464611 -0.11463011108484991 -0.10776882993841781 -0.13229475766567755 -0.16457872758535985 -0.03287070854638422 -0.15582149090002492 -0.005006884466140942 -0.1661216481360366 0.012633352049410448 -0.12506253126563277 -0.03387533875338754 0.03631411711302769 -0.03989361702127659 -0.07783018867924527 -0.05516910530103143 -0.06294742039002717 -0.006218905472636814 -0.09080731434257991 -0.017109765727823113
-0.04780583476342241 0.05969813020950665 -0.06461852397687337 -0.04174397031539889 -0.05898313082458416 0.07455621301775148 -0.026947574718275358 0.11170471102476931 -0.0409626216077829 0.0831140047097936 -0.037945863900834806 -0.05623471882640587 -0.16410988226899748 -0.03658090476771125 -0.11892712550607287 0.007366482504604054 -0.09310254392866509 0.08685655894750287 -0.1836788244555235 0.10252147409254642 -0.12241775057383322 -0.3045247195167057 -0.8866522885214472 -0.26284490960989526 -0.0831946755407654 0.01779811848461734 -0.039904229848363934 -0.050748540979446845 -0.05084292213005086 -0.049062049062049064 -0.1935897435897436 -1.3135391923990498 -4.488703923900119 -0.8482851214451361 -0.19257221458046764 -0.05672074924152486 -0.025984682713347917 -0.08846052284129917 -0.1898129182029223 -0.05733123118818976 -0.22512891460193685 -1.1542857142857144 -2.9135316587568005 -0.6602391994142055 -0.333292186149858 -0.19175335255044493 -0.19240702479338842 -0.161497052037939 -0.1488997232837001 -0.08228034087569791 -0.17894867652541321 -0.22193668963906088 -0.32261728956037716 -0.23233647086858097 -0.22059719683120052 -0.05835609634963993 -0.046966235085046965 0.04292929292929292 0.007763975155279501 -0.025006946373992773 -0.04583283078036425 -0.08961824953445066 -0.09844134536505332 -0.061275982217950255 -0.03452527743526511 -0.018495684340320593 0.05112856964708816 0.06932409012131716 0.036999234498596587 0.022166805209199225 -0.10367336490464611 -0.13590167809028597 -0.13027001421127427 -0.08902077151335312 -0.15843773028739866 -0.0547845142439737 -0.15582149090002495 -0.02503442233070472 -0.1648136036625245 -0.014037057832678269 -0.11005502751375688 -0.0440379403794038 0.039718565592374036 -0.007253384912959379 -0.06721698113207547 -0.0455744782921564 -0.04813626265119724 2.0816681711721684e-18 -0.07463614877472323 -0.02237430902869176
-0.05025741603334151 0.05857175039423294 -0.07935608207686204 -0.02087198515769945 -0.053084817742125756 0.07928994082840238 -0.0171484566389025 0.11049052938319574 -0.03200204813108039 0.09004017176894306 -0.031621553250695676 -0.05256723716381419 -0.13556903317873706 -0.029264723814169002 -0.0847672064777328 0.002455494168201349 -0.06687647521636508 0.07152893089794354 -0.16268695880346368 0.08174009420892214 -0.10456516194848253 -0.2638392306743928 -0.5260004792715074 0.013082778306374882 -0.024318443619608346 0.04195270785659802 -0.00931098696461825 -0.035523978685612786 -0.026759432700026765 -0.04184704184704184 -0.18974358974358976 -1.3016627078384797 -4.418549346016646 -0.6517759062614427 -0.14630486432412154 -0.032977179791584224 -0.013676148796498911 -0.07921837866385001 -0.1884473576403113 -0.051598108069370784 -0.2226135077348761 -1.3245714285714285 -3.653200601921519 -0.7517695875030511 -0.3258856931243056 -0.20553954129590174 -0.1872417355371901 -0.18584978210715203 -0.15153511661615496 -0.11019688510138112 -0.18516217223810116 -0.2593155005256395 -0.3987277064637056 -0.2859525795305612 -0.2303473491773309 -0.07698038241867396 -0.04823559279004824 0.01893939393939394 0.011645962732919252 -0.03612114476243401 -0.060306356289952956 -0.09776536312849163 -0.13125512715340443 -0.06247747206536105 -0.04192355117139334 -0.029593094944512947 0.04614041651078689 0.05942064867541471 0.026792549119673388 0.015239678581324467 -0.10879303724561629 -0.14062869298038289 -0.155139744197063 -0.08407517309594462 -0.1522967329894375 -0.06574141709276844 -0.15332834704562456 -0.03755163349605708 -0.1621975147155003 -0.02386299831555306 -0.11630815407703854 -0.05984643179765131 0.02610077167498865 -0.016924564796905225 -0.06485849056603774 -0.04917246342048453 -0.03209084176746482 -0.002487562189054724 -0.0671725338972509 -0.02237430902869176
-0.04290267222358421 0.05857175039423294 -0.07595510713071081 -0.01739332096474954 -0.04128819157720892 0.07218934911242604 0.006124448799608034 0.10441962117532781 -0.016641065028161803 0.08588447153345338 -0.024032380470528712 -0.041564792176039124 -0.14746105363301223 -0.015851725399341543 -0.08856275303643724 0.007366482504604049 -0.06818777865198006 0.08685655894750287 -0.1535030175806875 0.09282349681352176 -0.0854373884213211 -0.22561952903464433 -0.25760843517852866 0.034490960989533775 -0.014079098937667987 0.026697177726926015 -0.011971268954509177 -0.04059883278355747 -0.0280974043350281 -0.049062049062049064 -0.16666666666666669 -1.2078384798099762 -3.7871581450653986 -0.526058830709142 -0.11754407902963611 -0.027700831024930754 0.004102844638949672 -0.06469500924214418 -0.17342619145159086 -0.04156514261143758 -0.2226135077348761 -1.3325714285714285 -4.1335802754948485 -0.8201122772760557 -0.3394642636711517 -0.20553954129590174 -0.20661157024793386 -0.18969495001281722 -0.16207668994597443 -0.12195121951219512 -0.1777059773828756 -0.30837518981427403 -0.8258548222196979 -0.46824734898129394 -0.2474101157830591 -0.09560466848770797 -0.054582381315054586 -0.00505050505050505 0.0025879917184264993 -0.06112809113642679 -0.05427572066095767 -0.10358472998137802 -0.15703738427282316 -0.09251471825063078 -0.055487053020961775 -0.040690505548705305 0.04489337822671157 0.04704134686803664 0.030620056136769585 -0.005541701302299806 -0.10495328298988867 -0.13590167809028597 -0.19658929417337753 -0.08654797230464886 -0.15843773028739866 -0.06208911614317021 -0.15332834704562454 -0.04255851796219802 -0.15827338129496402 -0.022459292532285232 -0.11630815407703854 -0.06549232158988258 -0.004539264639128461 -0.014506769825918763 -0.07783018867924528 -0.04317582153993764 -0.04690199950629474 -0.001243781094527361 -0.08707550690384376 -0.017109765727823113
-0.036773719048786464 0.06420364947060149 -0.07368779049994331 -0.005797773654916513 -0.03067122802878377 0.07928994082840238 0.020823125918667317 0.10199125789218066 -0.0012800819252432177 0.08865493835711316 -0.02403238047052871 -0.03545232273838631 -0.1450826495421572 -0.0036580904767711253 -0.0797064777327935 0.02087170042971148 -0.06425386834513505 0.0906884659598927 -0.15219102597743375 0.09559434746467166 -0.08671257332313186 -0.18246825298976702 -0.1449796309609394 0.05589914367269268 -0.01279918085242544 0.029239766081871343 -0.009310986964618257 -0.03806140573458512 -0.024083489430024085 -0.04906204906204906 -0.14615384615384616 -1.0570071258907363 -3.027348394768133 -0.4125472964725986 -0.1012879829936226 0.0013190871916633651 0.015043763676148797 -0.03828888302086084 -0.1556739041376485 -0.024365773254980648 -0.21632499056722426 -1.3382857142857143 -4.416020372728325 -0.8847937515255065 -0.333292186149858 -0.21055270083970426 -0.20273760330578514 -0.2012304537298129 -0.15944129661351958 -0.13517484572436086 -0.17273518081272526 -0.35042635206167505 -1.3563557877996137 -0.6469677111878946 -0.26325411334552107 -0.10553762105785947 -0.0533130236100533 -0.01767676767676768 0.006469979296066253 -0.08196721311475409 -0.06271861054155108 -0.11755121042830541 -0.18867924528301888 -0.12855941367295448 -0.07891491985203453 -0.05178791615289765 0.04115226337448559 0.037137905422134194 0.033171727481500386 -0.02493765586034913 -0.10239344681940357 -0.13353817064523751 -0.21553765987683565 -0.08778437190900099 -0.15720953082780645 -0.05965424884343804 -0.15457491897282477 -0.05132056577794467 -0.15434924787442772 -0.029477821448624365 -0.12131065532766386 -0.07226738934056008 -0.023831139355424424 -0.012088974854932304 -0.08372641509433962 -0.04437514991604702 -0.058010367810417185 -0.00870646766169154 -0.09702699340714019 -0.023690444853908928
-0.04412846285854376 0.05969813020950665 -0.09636095680761818 0.003478664192949911 -0.042467854193700603 0.07573964497041419 0.0024497795198432115 0.0886352598348713 -0.014080901177675373 0.07895830447430392 -0.013913483430306095 -0.03667481662591687 -0.1320014270424545 0.008535544445799292 -0.07464574898785424 0.019643953345610803 -0.07212168895882506 0.08941116362242943 -0.14563106796116504 0.09282349681352176 -0.07523590920683498 -0.14918012575514736 -0.09705248023005034 0.079686013320647 -0.0038397542557276343 0.031782354436816686 -0.00931098696461825 -0.0393301192590713 -0.021407546160021405 -0.04473304473304473 -0.13974358974358977 -0.9109263657957245 -2.313912009512485 -0.29171243744660075 -0.11129173440040015 0.02374356944994064 -0.008205689277899348 -0.015843675732770002 -0.17342619145159088 -0.004299842339114228 -0.1999748459313294 -1.328 -4.492418103947216 -0.9397119843788138 -0.3357610171583755 -0.21681915026945733 -0.2143595041322314 -0.21148423481158676 -0.16471208327842932 -0.14545988833382312 -0.182676773953026 -0.3854689872678425 -1.9084403044416676 -0.9233885380674371 -0.31322364411943937 -0.11671219269927986 -0.07996953541507996 -0.029040404040404044 -0.018115942028985508 -0.08891358710752988 -0.06874924617054637 -0.13733705772811916 -0.22735263096214692 -0.17421602787456444 -0.11220715166461159 -0.07644882860665844 0.02244668911335577 0.011141371626640256 0.02168920643021179 -0.048489886395123305 -0.10495328298988867 -0.14417395414795556 -0.2333017527238276 -0.10633036597428287 -0.1658069270449521 -0.0620891161431702 -0.17078035402642733 -0.05632745024408562 -0.15958142576847614 -0.03509264458169568 -0.12381190595297649 -0.08017163504968385 -0.02723558783477077 -0.007253384912959385 -0.08844339622641509 -0.04437514991604701 -0.06788447296963714 -0.006218905472636815 -0.10075880084587636 -0.021058173203474594
-0.03799950968374602 0.0653300292858752 -0.11563314816914183 0.026669758812615962 -0.044827179426683975 0.08402366863905324 0.0012248897599216075 0.10684798445847501 -0.008960573476702509 0.08726970494528329 -0.015178345560333923 -0.03300733496332518 -0.12486621476988938 0.024387269845140835 -0.0784412955465587 0.019643953345610803 -0.09310254392866509 0.10218418699706219 -0.14956704277092625 0.10113604876697146 -0.054832950777862786 -0.11219331771668103 -0.06589983225497245 0.09633682207421504 0.012799180852425446 0.033053648614289347 -0.002660281989890929 -0.04059883278355747 -0.005351886540005351 -0.04473304473304473 -0.1307692307692308 -0.694774346793349 -1.677764565992866 -0.17453924081533018 -0.12129548580717768 0.0593589236248516 -0.04102844638949672 0.027726432532347505 -0.19664072101597704 0.021499211695571164 -0.16601685322600931 -1.2845714285714287 -4.360458386387314 -0.9616792775201366 -0.32712010862856433 -0.19801980198019803 -0.2169421487603306 -0.18456805947193028 -0.16207668994597443 -0.11754334410813991 -0.1801913756679508 -0.40415839271113196 -2.3832784278087016 -1.3094245204336947 -0.35100548446069474 -0.1365780978395828 -0.10027925869510028 -0.03787878787878788 -0.03493788819875776 -0.09169213670464019 -0.06392473766735014 -0.12802607076350095 -0.26016641275049807 -0.20185029436501262 -0.1405672009864365 -0.06411837237977805 0.012470382840753205 0.04085169596434761 0.008930849706557796 -0.0429481850928235 -0.09087418405222067 -0.14653746159300401 -0.2261961155850308 -0.13229475766567755 -0.15475313190862197 -0.0620891161431702 -0.16080777860882575 -0.04255851796219802 -0.15565729234793985 -0.021055586749017405 -0.1150575287643822 -0.0790424570912376 -0.03064003631411711 0.012088974854932301 -0.08726415094339622 -0.04317582153993764 -0.0728215255492471 -0.006218905472636817 -0.10075880084587636 -0.02763885232956041
-0.033096347143907814 0.0642036494706015 -0.14510826436911914 0.044063079777365496 -0.04600684204317566 0.08994082840236686 -0.006124448799608035 0.1165614375910636 -0.019201228878648235 0.08865493835711317 -0.008854034910194788 -0.026894865525672374 -0.12486621476988939 0.03658090476771125 -0.059463562753036436 0.03437691835481891 -0.08130081300813007 0.114957210371695 -0.13382314353188138 0.11221945137157108 -0.04463147156337669 -0.0924670200961657 -0.07069254732806134 0.09633682207421504 0.031997952131063614 0.030511060259344008 0.022612396914072894 -0.03552397868561279 0.012041744715012041 -0.047619047619047616 -0.08974358974358974 -0.494061757719715 -1.183115338882283 -0.10252654705236178 -0.09003376266099787 0.06595435958316845 -0.02051422319474836 0.05677317137575918 -0.17888843370203467 0.030098896373799623 -0.13960508112187148 -1.232 -4.128950109966432 -0.9787649499633879 -0.3086038760646833 -0.19425993232234617 -0.19886363636363638 -0.17303255575493465 -0.14626432995124522 -0.10431971789597419 -0.1789486765254132 -0.4076626562317486 -2.8717482676360335 -1.8324794471583463 -0.38878732480195 -0.1427861931959275 -0.10916476263010917 -0.02398989898989899 -0.04011387163561077 -0.07918866351764378 -0.06271861054155106 -0.14548417132216013 -0.30352748154224773 -0.2619247867355521 -0.16646115906288533 -0.06781750924784216 0.0037411148522259637 0.05075513741025006 0.002551671344730799 -0.038791909116098644 -0.08703442979649303 -0.13826518553533443 -0.23567029843675985 -0.14589515331355093 -0.15720953082780645 -0.05356708059410762 -0.15457491897282474 -0.03755163349605708 -0.15173315892740352 -0.026670409882088714 -0.10880440220110055 -0.0813008130081301 -0.04993191103041307 0.01571566731141199 -0.07783018867924528 -0.04917246342048452 -0.05677610466551468 -0.006218905472636817 -0.08458763527801966 -0.030271123979994735
-0.03309634714390782 0.0765938274386123 -0.18478630540755017 0.06841372912801483 -0.042467854193700603 0.1183431952662722 0.008574228319451248 0.152986886838271 -0.0038402457757296463 0.11913007341737084 -0.002529724260055652 -0.03178484107579462 -0.12962302295159947 0.05487135715156688 -0.040485829959514164 0.040515653775322284 -0.059008654602675056 0.10218418699706222 -0.11020729467331411 0.0914380714879468 -0.03315480744707982 -0.07890519048206138 -0.08746705008387251 0.11179828734538533 0.04095737872776143 0.033053648614289347 0.03857408885341847 -0.0482111139304745 0.03211131924003211 -0.060606060606060594 -0.06666666666666667 -0.2779097387173396 -0.8525564803804994 -0.03539606981569631 -0.07377766662498438 0.10156971375807941 -0.009573304157549237 0.09902297332981251 -0.16386726751331418 0.06593091586641824 -0.11067790215067289 -1.1199999999999999 -3.718022919319366 -0.9433731999023676 -0.2925564745093199 -0.17546058403308687 -0.1833677685950413 -0.16021532940271727 -0.13572275662142574 -0.09844255069056715 -0.17397787995526282 -0.40182221703072063 -3.193229580824719 -2.450851900393185 -0.43997562461913464 -0.14775266948100324 -0.11805026656511805 -0.03535353535353535 -0.04528985507246377 -0.0819672131147541 -0.057894102038354836 -0.1396648044692737 -0.3550919957810852 -0.3244022588009131 -0.1935881627620222 -0.05425400739827374 0.009976306272602566 0.06437236939836594 0.015310028068384792 -0.022166805209199225 -0.09215410213746321 -0.13944693925785864 -0.24988157271435338 -0.17309594460929772 -0.1658069270449521 -0.058436815193571946 -0.14834205933682373 -0.04255851796219803 -0.15042511445389145 -0.03228523301516002 -0.10880440220110055 -0.0790424570912376 -0.08851566046300499 0.03505802707930368 -0.08490566037735849 -0.033581194531062605 -0.05554184152061219 0.0012437810945273655 -0.07836795621345939 -0.028954988154777574
-0.02819318460406962 0.07208830817751746 -0.19385557193062014 0.06957328385899815 -0.04010852896071724 0.12189349112426033 0.0024497795198432136 0.15905779504613887 -0.0064004096262160765 0.11635960659371106 2.0816681711721684e-18 -0.041564792176039124 -0.14983945772386725 0.05974881112059505 -0.040485829959514164 0.03192142418661755 -0.05376344086021505 0.09068846595989272 -0.11807924429283653 0.08035466888334719 -0.02550369803621525 -0.07397361607693256 -0.09944883776659477 0.1320171265461465 0.0486368872392167 0.039410119501652685 0.04655493482309125 -0.03806140573458513 0.02943537597002944 -0.05339105339105339 -0.055128205128205134 -0.10926365795724464 -0.5148632580261592 0.017087757842060295 -0.0525196948855821 0.12003693444136658 -0.00273522975929978 0.11882756799577503 -0.15294278301242656 0.06736419664612296 -0.08552383348006541 -0.9382857142857143 -3.295520314851257 -0.8860141567000245 -0.2876188124922849 -0.16919413460333377 -0.18078512396694216 -0.13970776723916944 -0.1344050599551983 -0.07934175727299443 -0.1665216851000373 -0.40065412919051513 -3.3374985800295356 -3.163350411056833 -0.5216331505179768 -0.1800347653339955 -0.1282051282051282 -0.05050505050505051 -0.05952380952380952 -0.09863851069741594 -0.05548184778675673 -0.1361731843575419 -0.39024961912574707 -0.4481557130842244 -0.23674475955610358 -0.060419235511713944 -0.001247038284075319 0.06684822975984155 0.0051033426894615975 -0.01801052923247437 -0.07551516702931013 -0.14417395414795556 -0.25106584557081957 -0.1792779426310584 -0.16703512650454436 -0.06695885074263452 -0.1446023435552231 -0.05006884466140944 -0.15173315892740352 -0.0421111734980348 -0.10255127563781892 -0.0880758807588076 -0.10780753517930095 0.0278046421663443 -0.08136792452830187 -0.039577836411609495 -0.05060478894100222 0.0012437810945273645 -0.07090434133598708 -0.026322716504343247
-0.030644765873988723 0.08222572651498085 -0.21199410497676002 0.07884972170686458 -0.04010852896071724 0.12899408284023667 -0.0024497795198432175 0.17484215638659542 -0.005120327700972866 0.13298240753566976 -0.010118897040222613 -0.03667481662591687 -0.16410988226899748 0.045116449213510545 -0.04428137651821862 0.023327194597912833 -0.06294256490952005 0.08813386128496616 -0.11545526108632904 0.07619839290662234 -0.03570517725070135 -0.06411046726667488 -0.11981787682722263 0.13677450047573736 0.04863688723921669 0.03686753114670734 0.047885075818036714 -0.04059883278355747 0.030773347605030775 -0.05339105339105338 -0.02692307692307692 -0.016627078384798103 -0.27467300832342456 0.039057732210423524 -0.022508440665249478 0.135865980741327 0.021881838074398245 0.13731185635067336 -0.1297282534480404 0.08313028522287516 -0.07546220601182244 -0.7040000000000002 -2.7306401203843045 -0.812789846228948 -0.2839155659795087 -0.15540794585787693 -0.16012396694214875 -0.11920020507562161 -0.10936882329687705 -0.06464883925947693 -0.17149248167018766 -0.37729237238640345 -3.384073611268885 -3.818658405814369 -0.6483851310176723 -0.21355848025825677 -0.13835998984513836 -0.06313131313131312 -0.06340579710144928 -0.10836343428730202 -0.05548184778675672 -0.1280260707635009 -0.41368803468885507 -0.651207497296648 -0.29593094944512943 -0.08261405672009865 6.938893903907229e-19 0.06561029957910373 0.01531002806838479 -0.00831255195344971 -0.08703442979649303 -0.14535570787047977 -0.273567029843676 -0.18298714144411476 -0.19405551461557358 -0.08765522279035792 -0.14958863126402394 -0.05632745024408562 -0.14519293655984306 -0.05053340819764176 -0.10380190095047523 -0.07678410117434507 -0.12936904221516116 0.007253384912959388 -0.08018867924528301 -0.04917246342048452 -0.049370525796099726 -0.007462686567164178 -0.06095285483269064 -0.0315872598052119
-0.015935278254474133 0.09011038522189682 -0.20519215508445754 0.07189239332096475 -0.029491565412292087 0.1254437869822485 0.007349338559529642 0.17362797474502184 0.003840245775729645 0.13990857459481923 -0.015178345560333923 -0.028117359413202935 -0.1581638720418599 0.04145835873673942 -0.04048582995951417 0.01964395334561081 -0.06163126147390506 0.0855792566100396 -0.1167672526895828 0.07619839290662234 -0.03187962254526906 -0.04561706324744175 -0.1282051282051282 0.13796384395813507 0.04991680532445923 0.035596236969234675 0.04655493482309126 -0.03298655163664045 0.02675943270002676 -0.04184704184704184 -0.01538461538461538 0.04750593824228029 -0.1605231866825208 0.062248260710362505 -0.003751406777541591 0.15169502704128743 0.03419037199124726 0.15711645101663585 -0.12426601119759659 0.10319621613874157 -0.05533895107533643 -0.44228571428571445 -2.0372728325037626 -0.7224798633146204 -0.2937908900135785 -0.14162175711242012 -0.1472107438016529 -0.10253781081773905 -0.09750955330083014 -0.0484866294446077 -0.17273518081272524 -0.3340731222987968 -3.359082131091673 -4.263076373168117 -0.8592321755027423 -0.2570151477526695 -0.16882457476516885 -0.0808080808080808 -0.08281573498964803 -0.13059183106418448 -0.04945121215776143 -0.11871508379888267 -0.43712645025196295 -0.8686771596780007 -0.4180024660912454 -0.11960542540073985 -0.006235191420376604 0.045803416687298835 0.0012758356723654018 -0.01662510390689942 -0.0806348393702803 -0.13590167809028597 -0.26764566556134534 -0.17804154302670622 -0.21370670596904934 -0.09374239103968833 -0.14460234355522314 -0.05757917136062085 -0.1386527141922826 -0.04912970241437395 -0.10880440220110055 -0.06436314363143632 -0.137312755333636 -0.014506769825918758 -0.08844339622641509 -0.06956104581434397 -0.05801036781041717 -0.02114427860696517 -0.07214827714889913 -0.03948407475651487
-0.001225790634959549 0.0991214237440865 -0.18478630540755014 0.060296846011131736 -0.022413589713341987 0.1195266272189349 0.006124448799608035 0.176056338028169 0.005120327700972861 0.13298240753566976 0.006324310650139138 -0.007334963325183376 -0.14151504340587465 0.03536154127545421 -0.02909919028340081 0.03314917127071824 -0.06818777865198007 0.10090688465959893 -0.11545526108632904 0.0914380714879468 -0.017852588625350677 -0.029589446430773027 -0.11143062544931703 0.12131303520456707 0.058876231921157055 0.029239766081871343 0.043894652833200334 -0.03679269221009897 0.02006957452502007 -0.051948051948051945 0.007692307692307693 0.07600950118764846 -0.09512485136741974 0.06713047723666545 0.01500562711016631 0.160928637382931 0.03829321663019693 0.16635859519408502 -0.11061040557148707 0.11609574315608426 -0.0188655515029556 -0.22857142857142856 -1.2443569857622407 -0.607761776909934 -0.28268115047524994 -0.10778293019175336 -0.13558884297520662 -0.06664957703153038 -0.07642640664119119 -0.013223626212165735 -0.1329688082515223 -0.29319004789160136 -3.270475974099739 -4.693196711545335 -1.1931748933577087 -0.29302210081946856 -0.18786494034018789 -0.09343434343434343 -0.10093167701863355 -0.1542095026396221 -0.026534796767579305 -0.10474860335195532 -0.42423532169225353 -1.0861468220593538 -0.6300863131935882 -0.14673242909987672 -0.017458535977054497 0.038375835602872 0.0063791783618269956 -0.020781379883624274 -0.06271598617688467 -0.12762940203261638 -0.24869729985788722 -0.17062314540059348 -0.227216900024564 -0.0961772583394205 -0.1446023435552231 -0.0525722868944799 -0.13080444735120994 -0.046322290847838295 -0.08254127063531766 -0.048554652213188804 -0.12142532909668632 -0.036266924564796896 -0.08372641509433962 -0.08035500119932837 -0.06294742039002714 -0.02860696517412935 -0.07339221296181117 -0.05396156883390365
-0.006128953174797744 0.10587970263572877 -0.19725654687677133 0.05913729128014843 -0.05662380559160081 0.1207100591715976 -0.022048015678588925 0.17241379310344826 -0.01408090117767537 0.1288267073001801 -0.0037945863900834794 0.0024449877750611234 -0.1450826495421572 0.031703450798683086 -0.06325910931174088 0.042971147943523635 -0.07736690270128507 0.10346148933452548 -0.12201521910259776 0.0942089221390967 -0.03570517725070135 -0.006164468006411047 -0.10663791037622813 0.13082778306374876 0.03327787021630616 0.05212306127637935 0.03724394785847301 -0.022836843440751077 0.024083489430024085 -0.033189033189033185 0.005128205128205128 0.09382422802850357 -0.10820451843043996 0.07689491028927133 -0.010003751406777544 0.1688431605329112 0.027352297592997805 0.1716398204383417 -0.11607264782193091 0.12182886627490326 -0.008803924034712616 -0.184 -0.7188331982868388 -0.5015865267268734 -0.27280582644118007 -0.10903622007770397 -0.1265495867768595 -0.057677518584978216 -0.059296349980234545 0.011754334410813989 -0.13421150739405988 -0.24062609508235017 -2.83085311825514 -4.540688669129036 -1.5697745277269959 -0.3786938167370251 -0.2145214521452145 -0.09343434343434343 -0.09316770186335403 -0.13753820505696027 -0.03618381377397178 -0.09660148975791434 -0.4207195593577874 -1.1053706596179262 -1.1023427866831073 -0.24784217016029597 -0.062351914203766054 0.01733102253032929 -0.003827507017096199 -0.023552230534774177 -0.06271598617688469 -0.12644764831009217 -0.22382756987209854 -0.17062314540059348 -0.25300908867600097 -0.11443876308741172 -0.16080777860882572 -0.05257228689447992 -0.13734466971877043 -0.0364963503649635 -0.0975487743871936 -0.03952122854561879 -0.1259645937358148 -0.051982591876208885 -0.10495283018867925 -0.0851523147037659 -0.06418168353492965 -0.023631840796019897 -0.05597711158104242 -0.050013161358252164
-0.013483696984555038 0.10475332282045506 -0.19952386350753878 0.05333951762523191 -0.08493570838740121 0.11005917159763315 -0.045320921117099455 0.16270033997085964 -0.03072196620583717 0.12467100706469039 -0.012648621300278268 -0.0012224938875305639 -0.1522178618147223 0.03292281429094013 -0.09868421052631579 0.039287906691221605 -0.0931025439286651 0.10346148933452548 -0.12857517711886646 0.0914380714879468 -0.04463147156337669 -0.004931574405128836 -0.09465612269350587 0.14153187440532827 0.010239344681940354 0.05847953216374269 0.027932960893854757 -0.017761989342806393 0.0280974043350281 -0.0202020202020202 0.0025641025641025676 0.09501187648456057 -0.12009512485136745 0.09764433052605884 -0.025009378516943858 0.1754385964912281 0.01914660831509847 0.1637179825719567 -0.12426601119759664 0.12469542783431273 -0.003773110300591119 -0.14285714285714285 -0.3692557008913069 -0.3868684403221869 -0.26786816442414524 -0.12282240882316078 -0.1278409090909091 -0.0640861317610869 -0.05139016998286995 0.007346459006758743 -0.13421150739405988 -0.1915664057937157 -2.2867204362149267 -4.354819492434172 -1.9402803168799512 -0.5053389620064564 -0.23863924854023866 -0.09722222222222222 -0.08799171842650103 -0.12225618227285358 -0.03618381377397178 -0.09543761638733705 -0.40665651001992265 -1.1005647002282832 -1.563501849568434 -0.41553637484586936 -0.10973936899862827 -0.007427581084426838 -0.019137535085480988 -0.01801052923247437 -0.06143606809164215 -0.13353817064523751 -0.20487920416864047 -0.17927794263105837 -0.2738884794890691 -0.1460920379839299 -0.17078035402642736 -0.061334334710226555 -0.13865271419228253 -0.04070746771476698 -0.10380190095047523 -0.0417795844625113 -0.12369496141625058 -0.05077369439071565 -0.11674528301886793 -0.0899496282082034 -0.06418168353492966 -0.018656716417910446 -0.04602562507774598 -0.04343248223216635
-0.017161068889433684 0.12390177968010814 -0.17911801383063142 0.08232838589981448 -0.08847469623687626 0.12899408284023667 -0.037971582557569813 0.1881981544439048 -0.03072196620583717 0.1482199750657986 -0.012648621300278268 0.0048899755501222485 -0.12962302295159947 0.02804536032191196 -0.11639676113360324 0.04910988336402701 -0.07867820613690008 0.10857069868437859 -0.12857517711886643 0.09282349681352176 -0.048457026268808975 0.0036986808038466283 -0.08507069254732806 0.14747859181731685 -0.002559836170485083 0.061022120518688015 0.04788507581803673 -0.02156812991626491 0.04013914905004014 -0.024531024531024525 0.019230769230769232 0.12470308788598575 -0.08917954815695597 0.12449652142072501 -0.01000375140677754 0.20841577628281233 0.053336980306345726 0.18880380248217585 -0.10241704219582137 0.14762792030958866 0.0025154068670607474 -0.11199999999999999 -0.1875217039009145 -0.27703197461557233 -0.2518207628687817 -0.11154279984960522 -0.10847107438016527 -0.0435785695975391 -0.04611938331796021 0.024977960622979724 -0.11432832111345843 -0.13549818946384767 -1.7028285811655117 -4.047420469438818 -2.1304082876294945 -0.6903402036255276 -0.23736989083523738 -0.09217171717171717 -0.07116977225672877 -0.11114198388441235 -0.025328669641780245 -0.06983240223463685 -0.3644673620063284 -1.0452961672473866 -1.8705302096177558 -0.6572133168927251 -0.13093901982790873 -0.0012379301807378049 -0.015310028068384792 0.004156275976724855 -0.057596313835914514 -0.12644764831009217 -0.17171956418758885 -0.15578635014836797 -0.2861704740849914 -0.1594838081324568 -0.16454749439042632 -0.06383777694329702 -0.14257684761281883 -0.039303761931499155 -0.10130065032516258 -0.03387533875338753 -0.11688606445755789 -0.05077369439071565 -0.12146226415094338 -0.10074358359318783 -0.053073315230807216 -0.02860696517412935 -0.04104988182609778 -0.050013161358252164
-0.026967393969110076 0.13178643838702409 -0.16778143067679402 0.07769016697588126 -0.09201368408635131 0.12781065088757398 -0.0367466927976482 0.18091306459446332 -0.04608294930875577 0.14129380800664912 -0.005059448520111305 -1.3877787807814458e-18 -0.11297419431561422 0.024387269845140835 -0.12145748987854252 0.05524861878453039 -0.05376344086021505 0.10090688465959893 -0.11151928627656785 0.0831255195344971 -0.048457026268808975 0.009863148810257674 -0.059908938413611314 0.1569933396764986 2.0816681711721684e-18 0.06864988558352403 0.08113860069167332 -0.02410555696523725 0.06154669521006155 -0.031746031746031744 0.03205128205128206 0.12589073634204276 -0.06302021403091557 0.10618820944708898 0.013755158184319115 0.20841577628281227 0.09163019693654265 0.182202270926855 -0.07647139150621331 0.14332807797047442 -0.005030813734121494 -0.11085714285714285 -0.12154184512096311 -0.18428118135220894 -0.23330453030490067 -0.12532898859506203 -0.08393595041322313 -0.05639579594975648 -0.022400843325866383 -0.0014692918013517477 -0.10811482540077047 -0.09578320289685785 -1.1836873793025107 -3.638746574526391 -2.18769043266301 -0.9771542090886516 -0.2602183295252602 -0.10227272727272727 -0.05305383022774327 -0.11530980828007782 -0.026534796767579305 -0.06983240223463685 -0.3269658971053557 -1.0068484921302414 -2.030826140567201 -1.0764488286066585 -0.1895498191794488 -0.04951720722951226 -0.02679254911967338 -0.006927126627874758 -0.05631639575067195 -0.12644764831009217 -0.16935101847465658 -0.12363996043521264 -0.3021370670596905 -0.17531044558071585 -0.16579406631762653 -0.07760670922518462 -0.13996075866579463 -0.0575519371139809 -0.09379689844922462 -0.035004516711833786 -0.08738084430322288 -0.07011605415860735 -0.1096698113207547 -0.11753418085871914 -0.03949642063687979 -0.04104477611940298 -0.028610523696977242 -0.06449065543564095
-0.040451090953665114 0.14530299617030862 -0.1643804557306428 0.08580705009276438 -0.09673233455231804 0.11479289940828405 -0.031847133757961776 0.17484215638659542 -0.03840245775729647 0.14544950824213881 -0.022767518340500885 -0.0024449877750611264 -0.10346057795219407 0.03536154127545421 -0.14423076923076922 0.04419889502762431 -0.052452137424600045 0.09579767530974581 -0.11020729467331411 0.08035466888334719 -0.045906656465187455 0.01726051041795093 -0.04912532949916128 0.17840152235965745 -0.019198771278638168 0.07119247393846936 0.07182761372705507 -0.017761989342806393 0.05351886540005352 -0.0202020202020202 0.02692307692307692 0.14489311163895485 -0.051129607609988116 0.12327596728914927 0.008753282480930347 0.20709668909114892 0.09026258205689278 0.17428043306047003 -0.07647139150621331 0.13616167407195068 -0.00754622060118224 -0.088 -0.06250723463363815 -0.09153038808884552 -0.23207011480064194 -0.11530266950745707 -0.08264462809917357 -0.04742373750320431 -0.017130056660956648 0.0014692918013517458 -0.10687212625823288 -0.06190865553089594 -0.6747699647847324 -3.0692243536280235 -2.188909201706277 -1.3372237397566429 -0.3249555724803249 -0.12247474747474747 -0.06081780538302277 -0.11253125868296747 -0.0385960680255699 -0.038407821229050274 -0.30938708543302473 -0.9215427129640755 -2.061652281134402 -1.5893958076448829 -0.3005362264621524 -0.09408269373607328 -0.052309262566981374 -0.01801052923247437 -0.06911557660309739 -0.11699361852989835 -0.18119374703931787 -0.09396636993076161 -0.32547285679194304 -0.19357195032870708 -0.1795063575168287 -0.07885843034171985 -0.14650098103335513 -0.04351487928130265 -0.09879939969984994 -0.03161698283649503 -0.07149341806627327 -0.05681818181818179 -0.12264150943396226 -0.12113216598704724 -0.053073315230807216 -0.03855721393034826 -0.04975743251648216 -0.05132929718346933
-0.031870556508948274 0.1520612750619509 -0.1303707062691305 0.08928571428571429 -0.09319334670284299 0.09467455621301774 -0.041646251837334634 0.15420106847984455 -0.060163850486431136 0.13852334118298937 -0.026562104730584367 0.012224938875305623 -0.08086573908907121 0.030484087306426044 -0.14549595141700405 0.03806015960712093 -0.052452137424600045 0.1072933963469153 -0.12201521910259776 0.09975062344139651 -0.04080591685794441 0.01972629762051535 -0.037143541816439016 0.18553758325404374 -0.01535901702291054 0.06864988558352403 0.07182761372705507 -0.005074854097944682 0.04013914905004014 -0.011544011544011542 0.02435897435897436 0.14608076009501186 -0.019024970273483953 0.12815818381545221 0.013755158184319119 0.19522490436617862 0.07932166301969365 0.17428043306047003 -0.10651372388365425 0.12612870861401745 -0.008803924034712614 -0.08 -0.030096075934714674 -0.03295093971198437 -0.2184915442537958 -0.11530266950745709 -0.08651859504132234 -0.0435785695975391 -0.009223876663592047 0.01175433441081399 -0.1031440288306201 -0.04555542576801777 -0.31580143133022837 -2.3936613844870727 -2.1267519804996957 -1.6178296498634217 -0.47093170855547095 -0.15025252525252525 -0.08410973084886128 -0.10419560989163656 -0.033771559522373665 -0.03258845437616388 -0.2554787296378765 -0.8314309744082662 -2.0221948212083847 -1.9901356350184956 -0.4888390073575259 -0.15597920277296362 -0.09568767542740494 -0.030479357162648935 -0.0575963138359145 -0.11108484991727723 -0.16342965419232594 -0.05687438180019781 -0.3082780643576517 -0.19722425127830534 -0.1869857890800299 -0.07760670922518462 -0.14911706998037935 -0.035092644581695684 -0.08129064532266134 -0.03726287262872628 -0.035179300953245576 -0.06165377176015473 -0.10849056603773584 -0.12113216598704724 -0.046901999506294756 -0.03233830845771144 -0.04726956089065805 -0.03421953145564623
-0.028193184604069627 0.1621986933994143 -0.12016778143067681 0.1008812615955473 -0.07903739530494279 0.09112426035502957 -0.0171484566389025 0.152986886838271 -0.037122375832053245 0.14267904141847904 -0.015178345560333924 0.01466992665036675 -0.04281127363539065 0.029264723814169002 -0.12019230769230768 0.027010435850214853 -0.013113034356150004 0.10984800102184186 -0.090527420624508 0.11083402604599613 -0.030604437643458306 0.027123659228208606 -0.015576323987538937 0.1974310180780209 0.0038397542557276317 0.05975082634121535 0.10109071561585528 -0.010149708195889368 0.06957452502006958 -0.017316017316017306 0.032051282051282055 0.1543942992874109 0.0 0.1452459416575125 0.016256096036013506 0.19390581717451522 0.087527352297593 0.18484288354898337 -0.10378260275843235 0.1361616740719507 0.006288517167651868 -0.07885714285714285 0.0011575413821044074 0.004881620698071765 -0.17528700160474017 -0.11154279984960522 -0.06714876033057852 -0.04101512432709562 0.019765449993411517 0.013223626212165735 -0.09195973654778178 -0.024529844644317254 -0.12495740088606155 -1.6323126414869535 -2.0243753808653264 -1.8934690836851253 -0.7387661843107388 -0.19191919191919193 -0.07246376811594203 -0.10836343428730204 -0.02412254251598118 -0.02909683426443203 -0.20391421539903903 -0.6812447434819175 -1.9580764488286069 -2.3847102342786686 -0.8043396932285821 -0.2215895023520673 -0.11610104618525134 -0.05403158769742311 -0.055036477665429406 -0.10281257385960765 -0.14803410705826625 -0.053165182987141436 -0.2824858757062147 -0.2008765522279036 -0.1720269259536275 -0.07385154587557892 -0.13080444735120994 -0.029477821448624368 -0.06753376688344173 -0.03274616079494129 -0.0022696323195642324 -0.04956479690522243 -0.08490566037735847 -0.12473015111537537 -0.023450999753147385 -0.04228855721393034 -0.0161711655678567 -0.035535667280863395
-0.018386859524393232 0.17008335210633024 -0.10089559006915313 0.11015769944341373 -0.07549840745546774 0.08994082840236685 -0.0012248897599216075 0.14934434191355025 -0.03072196620583718 0.14267904141847904 0.007589172780166966 0.011002444987775062 -0.009513616363420142 0.03658090476771125 -0.09741902834008098 0.002455494168201347 0.022292158405455027 0.09962958232213565 -0.07215953817895565 0.10113604876697146 -0.011476664116296869 0.03821970163974849 0.013179966450994484 0.214081826831589 0.021758607449123255 0.0622934146961607 0.11439212556530994 -0.0012687135244861738 0.08563018464008562 -0.008658008658008653 0.028205128205128206 0.1532066508313539 0.003567181926278242 0.16477480776272427 0.007502813555083157 0.18467220683287167 0.087527352297593 0.1703195141272775 -0.11470708725931995 0.1275619893937222 0.027669475537668214 -0.064 0.018520662113670563 0.026848913839394677 -0.14195778298975434 -0.11530266950745709 -0.07360537190082647 -0.04229684696231736 0.02635393332454869 0.0014692918013517464 -0.06834845283956754 -0.014017054082467001 -0.02726343292059525 -0.9388776361253426 -1.876904326630104 -2.08592003973181 -1.186849454176187 -0.26515151515151514 -0.06987577639751553 -0.1153098082800778 -0.019298034012784952 -0.020949720670391064 -0.15938122582913397 -0.4565661420160998 -1.875462392108508 -2.5955610357583234 -1.2707320114727523 -0.3057687546422382 -0.15437611635621334 -0.06095871432529787 -0.026878279790093433 -0.08981328291184117 -0.12079583135954523 -0.05069238377843719 -0.2468680913780398 -0.19844168492817144 -0.15457491897282474 -0.06884466140943798 -0.10856769130150423 -0.025266704098820886 -0.07003501750875438 -0.030487804878048787 0.009078529278256921 -0.024177949709864588 -0.08254716981132074 -0.11633485248260975 -0.0209824734633424 -0.033582089552238806 -0.013683293942032593 -0.022374309028691756
-0.020838440794312334 0.1610723135841406 -0.08842534859993197 0.12059369202226347 -0.07431874483897606 0.0875739644970414 -0.002449779519843215 0.15055852355512384 -0.037122375832053245 0.13990857459481923 0.02023779408044523 0.006112469437652813 0.002378404090855035 0.045116449213510545 -0.10247975708502025 -0.01718845917740946 0.039339103068450045 0.09068846595989269 -0.06691157176594069 0.0914380714879468 -0.007651109410864577 0.038219701639748485 0.02875629043853343 0.22597526165556614 0.02431844361960835 0.0622934146961607 0.11705240755520085 0.0025374270489723406 0.08563018464008562 4.163336342344337e-18 0.03717948717948718 0.1508313539192399 0.027348394768133177 0.18186256560478456 0.021257971739402273 0.18599129402453501 0.09299781181619256 0.16767890150514916 -0.11607264782193091 0.13042855095313172 0.04653502704062382 -0.07657142857142858 0.04977427943048964 0.04637539663168172 -0.09751882483643995 -0.12658227848101267 -0.08135330578512398 -0.04870546013842605 0.030307023323230996 -0.007346459006758744 -0.05592146141419162 -0.022193668963906087 0.02499148017721231 -0.4479923745978791 -1.6477757464960399 -2.1877328035758628 -1.791063721756791 -0.3648989898989899 -0.08410973084886128 -0.1153098082800778 -0.008442889880593416 -0.025605214152700183 -0.10781671159029652 -0.22828307100804998 -1.7225647348951914 -2.6695437731196057 -1.7969821673525377 -0.40851695964347606 -0.19265118652717533 -0.06095871432529787 -0.010239344681940358 -0.09335854407941384 -0.10066319279962102 -0.05192878338278932 -0.21616310488823381 -0.20209398587776967 -0.1682872101720269 -0.06759294029290275 -0.10202746893394374 -0.025266704098820886 -0.052526263131565776 -0.030487804878048787 0.039718565592374036 0.006044487427466152 -0.0660377358490566 -0.1127368673542816 -0.007405578869414961 -0.027363184079601987 0.001243935812912049 -0.010529086601737292
-0.031870556508948274 0.15881955395359315 -0.09749461512300191 0.11943413729128016 -0.08257638315441784 0.08875739644970414 -0.011024007839294456 0.15905779504613887 -0.05120327700972862 0.1454495082421388 0.010118897040222617 -0.006112469437652811 -0.002378404090855037 0.058529447628338005 -0.1126012145748988 -0.025782688766114188 0.04196170993968004 0.08813386128496614 -0.07871949619522434 0.09697977279024661 -0.006375924509053811 0.04684995684872395 0.022765396597172294 0.2604662226450999 0.016638935108153077 0.06610729722857869 0.11306198457036447 0.0038061405734585137 0.08964409954508964 0.00865800865800866 0.02692307692307692 0.15795724465558195 0.02259215219976219 0.20505309410472355 0.010003751406777539 0.18335311964120826 0.08205689277899343 0.16239767626089252 -0.1338249351358733 0.13042855095313172 0.03521569613885046 -0.08342857142857144 0.045144113902072 0.05613863802782524 -0.08764350080237009 -0.13159543802481516 -0.0981404958677686 -0.057677518584978216 0.014494663328501778 -0.010285042609462239 -0.06834845283956754 -0.03037028384534517 0.030671362035669652 0.04050994876682949 -1.3016453382084097 -2.236155947355351 -2.4879411018024884 -0.5202020202020202 -0.10740165631469978 -0.1250347318699639 -0.01929803401278495 -0.026769087523277463 -0.09726942458689794 -0.0024029796948215804 -1.5043156596794083 -2.6929716399506782 -2.2858211747100636 -0.5335479078979946 -0.2462362847665221 -0.06372956497644777 -0.016638935108153074 -0.09335854407941384 -0.1101373756513501 -0.05811078140454996 -0.20633750921149593 -0.19600681762843927 -0.19695836449763152 -0.06383777694329704 -0.11772400261608895 -0.02245929253228523 -0.053776888444222105 -0.025971093044263777 0.04312301407172038 0.03505802707930367 -0.06485849056603774 -0.11153753897817223 -0.01234263144902494 -0.02238805970149254 0.011195422316208483 2.2551405187698493e-18
-0.018386859524393236 0.15881955395359315 -0.07935608207686203 0.1333487940630798 -0.042467854193700603 0.08994082840236686 0.004899559039686427 0.15784361340456532 -0.029441884280593956 0.14129380800664912 0.016443207690361755 -0.013447432762836187 0.008324414317992627 0.06828435556639434 -0.07338056680161945 -0.033149171270718245 0.05245213742460005 0.08302465193511303 -0.07215953817895565 0.09559434746467166 0.01912777352716144 0.03575391443718407 0.033549005511622335 0.27830637488106563 0.047356969153974145 0.06229341469616069 0.11306198457036445 0.005074854097944684 0.0883061279100883 0.012987012987012986 0.04230769230769231 0.16033254156769597 0.040428061831153383 0.22824362260466252 0.047517819182193326 0.1991821659411687 0.09026258205689278 0.17956165830472667 -0.12836269288542945 0.12756198939372224 0.040246509872971944 -0.0822857142857143 0.047459196666280824 0.06956309494752258 -0.07406493025552402 -0.13284872791076574 -0.10072314049586777 -0.07946680338374776 0.0 -0.03085512782838672 -0.06337765626941719 -0.032706459525756335 0.03294331477905259 0.08459430477779102 -0.9006703229737963 -2.1703501365780977 -3.073115003808073 -0.9406565656565655 -0.1721014492753623 -0.14587385384829119 -0.0012061271257990628 -0.016294227188081937 -0.08437829602718856 0.05767151267571789 -1.0147965474722567 -2.600493218249075 -2.403042773413144 -0.664768507056202 -0.2768563409032917 -0.06650041562759768 -0.0063995904262127284 -0.10753958874970455 -0.10184746565608718 -0.06181998021760634 -0.17317612380250552 -0.1935719503287071 -0.17078035402642733 -0.08261359369132557 -0.09156311314584697 -0.037900056148231324 -0.03501750875437719 -0.025971093044263777 0.06128007262823422 0.04956479690522244 -0.030660377358490566 -0.11033821060206284 -0.014811157738829923 -0.01741293532338309 0.02114690881950491 0.011845222426954464
-0.012257906349595489 0.17346249155215138 -0.06575218229225711 0.13798701298701302 -0.012976288781408519 0.10177514792899407 0.02204801567858893 0.17969888295288974 -0.01024065540194572 0.15237567530128826 0.027826966860612194 -0.0024449877750611247 0.01664882863598525 0.06340690159736617 -0.029099190283400807 -0.03806015960712093 0.09179124049305007 0.08302465193511303 -0.049855680923642086 0.09697977279024661 0.03442999234889059 0.04561706324744173 0.04433261442607237 0.2842530922930543 0.07935492128503775 0.07627765064836003 0.12503325352487363 0.015224562293834055 0.09767192935509766 0.024531024531024532 0.05384615384615384 0.1828978622327791 0.04518430439952438 0.2343463932625412 0.07377766662498438 0.21633029943279253 0.10940919037199123 0.22709268550303668 -0.12836269288542948 0.15192776264870286 0.05282354420827569 -0.06057142857142857 0.04861673804838523 0.08054674151818403 -0.04443895815331441 -0.1052763504198521 -0.07489669421487603 -0.07177646757241733 0.009223876663592047 -0.010285042609462242 -0.06089225798434198 -0.017521317603083748 0.022719527433829375 0.1060407482425831 -0.5033516148689822 -2.0424633722373975 -3.483117542523483 -1.4494949494949494 -0.2510351966873706 -0.15559877743817727 0.012061271257990594 0.012802607076350092 -0.05976795968592524 0.10693259641956025 -0.5141800246609123 -2.4254007398273734 -2.460406534480609 -0.7650408516959643 -0.30747639704006124 -0.06372956497644777 -0.005119672340970176 -0.08744977546679271 -0.10421601136901944 -0.04451038575667656 -0.14247113731269956 -0.1607012417823229 -0.15332834704562454 -0.07760670922518462 -0.07717462393721389 -0.028074115665356537 -0.02876438219109555 -0.009033423667570008 0.06014525646845211 0.050773694390715676 -0.015330188679245285 -0.09114895658431277 -0.033325104912367315 -2.7755575615628915e-18 0.023634780445329025 0.02632271650434325
-0.011032115714635941 0.17571525118269882 -0.06915315723840836 0.11479591836734693 -0.0023593252329833685 0.09940828402366865 0.00857422831945125 0.18698397280233126 -0.016641065028161796 0.1593018423604377 0.03541613964077915 0.004889975550122249 0.009513616363420145 0.08901353493476405 0.002530364372469634 -0.025782688766114177 0.1035929714135851 0.09962958232213565 -0.041983731304119656 0.11083402604599613 0.03570517725070135 0.06287757366539268 0.041936256889527915 0.28068506184586106 0.09727377447843338 0.0851767098906687 0.10508113860069165 0.03425526516112662 0.07894032646507894 0.03751803751803752 0.05128205128205128 0.17933491686460806 0.03804994054696789 0.22580251434151105 0.09378516943853946 0.20709668909114892 0.12992341356673962 0.24161605492474253 -0.12972825344804043 0.14046151641106494 0.05030813734121494 -0.048 0.040513948373654365 0.10983646570661458 -0.030860387606468347 -0.09149016167439528 -0.07747933884297521 -0.0974109202768521 -0.0013176966662274332 -0.01616220981486923 -0.06834845283956753 -0.014017054082466996 0.0011359763716914661 0.10365781007982841 -0.26325411334552107 -1.8549788924757884 -3.8943894389438944 -2.099747474747475 -0.3299689440993789 -0.18894137260350097 0.012061271257990594 0.017458100558659217 -0.048048751904371266 0.09611918779286316 -0.15659679408138097 -2.1750924784217016 -2.5289936401047517 -0.8677890566972023 -0.35085480990048484 -0.08728179551122195 -0.0038397542557276317 -0.07208697707397779 -0.1148744670772146 -0.038328387734915925 -0.11913534758044705 -0.12661309958607259 -0.1470954874096235 -0.05382400801101515 -0.06671026814911708 -0.004211117349803481 -0.02251125562781391 -0.0033875338753387536 0.05901044030867 0.06165377176015474 4.163336342344337e-18 -0.07195970256656271 -0.05183905208590471 0.014925373134328356 0.028610523696977242 0.04343248223216636
0.00980632507967639 0.1745888713674251 -0.06688584060764087 0.11363636363636365 0.010616963548425147 0.10887573964497041 0.02082312591866732 0.20641087906750855 0.005120327700972862 0.1800803435378861 0.043005312420946115 0.01589242053789731 0.0 0.11218144128764784 0.015182186234817813 -0.011049723756906082 0.10490427484920009 0.12900753608379104 -0.04854368932038834 0.1371571072319202 0.04718184136699822 0.07027493527308593 0.04073807812125569 0.27830637488106563 0.10751311916037376 0.09153318077803203 0.08645916467145517 0.04947982745496067 0.06823655338506823 0.05772005772005771 0.06025641025641025 0.17814726840855105 0.041617122473246136 0.24899304284145002 0.10628985869701138 0.22424482258277273 0.1613785557986871 0.27726432532347506 -0.12836269288542948 0.1519277626487029 0.0616274682429883 -0.036571428571428574 0.0335687000810279 0.11471808640468635 -0.018516232563881 -0.07143752349918535 -0.08006198347107439 -0.132017431427839 -0.017130056660956645 -0.010285042609462239 -0.062134957126879574 -0.017521317603083748 -0.007951834601840282 0.10961515548671512 -0.15600243753808654 -1.5582319344425128 -4.172378776339173 -2.8598484848484853 -0.4218426501035196 -0.20561267018616283 0.03135930527077554 0.017458100558659217 -0.03984530645728349 0.10452961672473868 0.05178791615289766 -1.7644882860665845 -2.519017333832149 -0.9383510769992572 -0.35085480990048484 -0.09836519811582156 0.008959426596697812 -0.05554242495863863 -0.10303173851255329 -0.02596439169139466 -0.09457135838860231 -0.09861212563915267 -0.13587634006482174 -0.05757917136062085 -0.05624591236102028 0.001403705783267825 -0.02251125562781391 0.004516711833785005 0.055605991829323645 0.07374274661508705 -0.010613207547169809 -0.05636843367714078 -0.08639842014317452 0.03233830845771144 0.021146908819504914 0.07896814951302975
0.03432213777886737 0.17233611173687766 -0.0260741412538261 0.11131725417439702 0.041288191577208914 0.12189349112426036 0.05512003919647233 0.21005342399222923 0.03840245775729646 0.16484277600775732 0.06324310650139135 0.018337408312958436 0.008324414317992631 0.11340080477990488 0.04681174089068825 -0.00613873542050338 0.1258851298190401 0.1417805594584238 -0.04067173970086591 0.1371571072319202 0.05865850548329508 0.0653433608679571 0.046728971962616814 0.2771170313986679 0.13311148086522465 0.0928044749555047 0.10242085661080073 0.05328596802841919 0.0776023548300776 0.05339105339105339 0.06538461538461537 0.17339667458432304 0.05469678953626635 0.24655193457829855 0.12629736151056645 0.23215934573275293 0.2037746170678337 0.30895167678901503 -0.12016932950976375 0.1590941665472266 0.06917368884417055 -0.04 0.042829031137863176 0.11959970710275811 0.008640908529811133 -0.06141120441158041 -0.08651859504132234 -0.1794411689310433 -0.035577809988140724 -0.01910079341757273 -0.05219336398657885 -0.03037028384534517 -0.010223787345223223 0.10365781007982844 -0.09872029250457039 -1.1969207847032528 -4.324701700939325 -3.621212121212121 -0.5227743271221532 -0.23339816615726586 0.05306959353515861 0.00931098696461825 0.004687683112621586 0.10212663702991709 0.13933415536374846 -1.252774352651048 -2.4367128070831776 -1.0064372369398367 -0.33299311048736924 -0.11083402604599613 0.04351721489824651 -0.053178917513590176 -0.054476551397441966 -0.012363996043521269 -0.04298698108572833 -0.07304601899196494 -0.08975317875841438 -0.07134810364250846 -0.02092871157619359 -0.016844469399213923 -0.006253126563281641 0.009033423667570008 0.061280072628234226 0.07132495164410058 0.010613207547169812 -0.04437514991604702 -0.08146136756356456 0.02487562189054727 0.04104988182609777 0.08818110028954988
0.030644765873988723 0.155440414507772 -0.029475116199977325 0.10435992578849722 0.0424678541937006 0.12071005917159765 0.05879470847623715 0.20519669742593494 0.057603686635944694 0.15653137553677793 0.05818365798128004 0.009779951100244499 0.004756808181710076 0.10852335081087672 0.03542510121457489 -0.003683241252302022 0.11539470233412011 0.1417805594584238 -0.04329572290737339 0.13022998060404545 0.03825554705432287 0.05424731845641721 0.03834172058471124 0.2687916270218839 0.11391270958658646 0.08390541571319603 0.08246874168661879 0.06724181679776706 0.0709124966550709 0.04329004329004328 0.07051282051282051 0.166270783847981 0.0558858501783591 0.2343463932625412 0.12754783043641366 0.2334784329244163 0.23933260393873085 0.3512014787430684 -0.10241704219582137 0.1590941665472266 0.06414287511004904 -0.04 0.0335687000810279 0.12448132780082988 0.008640908529811132 -0.06391778418348165 -0.11880165289256199 -0.26275314022045626 -0.07379101330873633 -0.03820158683514546 -0.06586305455449235 -0.03387454736596192 -0.038623196637509946 0.09055165018467771 -0.10968921389396709 -0.9150732555252047 -4.391977659304393 -4.50378787878788 -0.6392339544513457 -0.2653514865240344 0.04945121215776142 0.011638733705772812 0.016406890894175553 0.09491769794545235 0.14180024660912455 -0.8643649815043155 -2.2970445192667417 -1.0460510027234464 -0.33044143914263846 -0.11083402604599613 0.048636887239216685 -0.05672417868116284 -0.054476551397441966 -0.024727992087042537 -0.04298698108572832 -0.05965424884343804 -0.08850660683121417 -0.08511703592439604 -0.015696533682145193 -0.012633352049410443 -0.016258129064532268 0.019196025293586265 0.057875624148887875 0.07132495164410058 4.163336342344337e-18 -0.049172463420484536 -0.09874105159219945 0.014925373134328363 0.04478168926483393 0.09476177941563568
0.025741603334150532 0.1509348952466772 -0.03060877451536107 0.10320037105751392 0.029491565412292087 0.13136094674556215 0.034296913277805 0.21248178727537642 0.03968253968253967 0.16207230918409754 0.0467998988110296 0.006112469437652812 -0.01783803068141277 0.10120716985733447 0.006325910931174089 0.0036832412523020207 0.07736690270128507 0.1417805594584238 -0.06822356336919444 0.12053200332502079 0.0306044376434583 0.04561706324744176 0.01917086029235562 0.24500475737392965 0.08959426596697811 0.07627765064836003 0.04788507581803671 0.08500380614057346 0.04549103559004549 0.03030303030303031 0.07692307692307691 0.1532066508313539 0.05469678953626635 0.22214085194678385 0.12129548580717768 0.24271204326605988 0.24890590809628005 0.4079746501188276 -0.11197596613409803 0.16052744732693136 0.04150421330650233 -0.036571428571428574 0.003472624146313233 0.11959970710275811 -0.0222194790766572 -0.06266449429753103 -0.1691632231404959 -0.4101512432709561 -0.14099354328633548 -0.05877167205406995 -0.088231639120169 -0.038546898726784254 -0.07497444053163695 0.07863695937090433 -0.13284582571602682 -0.6183262974919295 -4.26884996191927 -5.417929292929292 -0.7880434782608695 -0.29730480689080296 0.0506573392835605 0.01629422718808194 0.004687683112621586 0.09852216748768473 0.1307028360049322 -0.4599260172626387 -1.99900236937274 -1.0658578856152512 -0.33171727481500385 -0.10113604876697146 0.03967746064251888 -0.04845190262349326 -0.06750355281856939 -0.013600395647873392 -0.06263817243920414 -0.037740443145848554 -0.09847918224881576 -0.09763424708974841 -0.023544800523217786 -0.007018528916339133 -0.03501750875437719 0.005645889792231254 0.030640036314117113 0.06044487427466151 -0.030660377358490566 -0.061165747181578314 -0.14317452480868922 -0.029850746268656712 0.0161711655678567 0.08160042116346407
0.026967393969110076 0.12840729894120298 -0.03400974946151229 0.09276437847866419 0.02713224017930872 0.12662721893491127 0.019598236158745716 0.20398251578436138 0.03968253968253969 0.15099044188945837 0.04174045029091829 0.018337408312958436 -0.015459626590557735 0.12437507621021826 -3.4694469519536144e-19 0.03314917127071823 0.061631261473905054 0.1532762804955933 -0.07084754657570193 0.12745912995289554 0.03825554705432287 0.03821970163974849 0.01317996645099449 0.23073263558515703 0.09215410213746321 0.08009153318077802 0.053205639797818574 0.10784064958132453 0.04147712068504148 0.017316017316017323 0.08205128205128207 0.15083135391923988 0.05707491082045184 0.21847918955205664 0.12629736151056645 0.25722200237435694 0.2612144420131291 0.45550567731713754 -0.11470708725931993 0.16052744732693133 0.03898880643944158 -0.04457142857142858 0.0023150827642088225 0.1342445691969734 -0.02715714109369214 -0.060157914525629776 -0.20919421487603307 -0.645988208151756 -0.2385030965871656 -0.05730238025271819 -0.08574624083509383 -0.03971498656698984 -0.09428603885039191 0.07625402120814966 -0.14015843997562463 -0.40352619816240376 -3.891850723533892 -6.183080808080808 -0.9342650103519669 -0.32925812725757153 0.06271861054155108 0.009310986964618248 0.011719207781553966 0.09491769794545236 0.13810110974106043 -0.2342786683107275 -1.5251278214241177 -1.0472889329041841 -0.31130390405715747 -0.11360487669714603 0.03839754255727633 -0.06263294729378396 -0.06039791567977262 -0.009891196834817012 -0.06263817243920414 -0.025566106647187736 -0.09473946646721518 -0.09888596820628363 -0.03531720078482668 -0.009825940482874787 -0.017508754377188594 0.005645889792231254 0.04312301407172038 0.06528046421663443 -0.025943396226415096 -0.05516910530103143 -0.1481115773882992 -0.06467661691542288 0.018659037193680807 0.07765201368781256
0.028193184604069627 0.14305023653976123 -0.03514340777689604 0.09856215213358069 0.028311902795800405 0.1337278106508876 0.025722684958353753 0.2064108790675085 0.04352278545826933 0.15099044188945837 0.03415127751075133 0.02444987775061125 -0.013081222499702696 0.11705889525667601 0.008856275303643725 0.04788213627992633 0.05114083398898504 0.1711585132200792 -0.08134347940173184 0.13022998060404545 0.04590665646518745 0.04808285045000617 0.011981787682722263 0.24381541389153188 0.10623320107513119 0.10043224002034071 0.06916733173716413 0.1522456229383405 0.05351886540005352 0.01587301587301588 0.08205128205128205 0.16033254156769594 0.04994054696789536 0.22336140607835958 0.12004501688133049 0.26249835114101044 0.2707877461706783 0.4911539477158701 -0.1269971323228185 0.14476135875017918 0.02892717897119859 -0.04 -0.016205579349461742 0.12692213814986572 -0.035798049623503275 -0.051384885323975435 -0.24664256198347112 -0.9792360933094079 -0.32810646989063114 -0.07493388186893916 -0.10065863054554491 -0.01752131760308375 -0.12041349539929569 0.09531752651018707 -0.14625228519195616 -0.2607400049664763 -3.3549124143183553 -6.736111111111112 -1.0662525879917184 -0.34176160044456794 0.06392473766735016 0.02909683426443203 -0.002343841556310792 0.10212663702991709 0.11097410604192355 -0.11837237977805179 -1.0125950866691606 -0.9643476107947512 -0.2972697116611381 -0.10806317539484622 0.030718034045821064 -0.04254313401087213 -0.05566082425390808 -0.0012363996043521287 -0.06386637189879638 -0.008522035549062574 -0.07105459985041138 -0.09387908374014269 -0.032701111837802485 -0.004211117349803481 -0.02751375687843922 0.01355013550135501 0.024965955515206535 0.07374274661508703 -0.045990566037735846 -0.044375149916047005 -0.17156257714144657 -0.09203980099502487 -0.0037318074387361596 0.08291655698868122
0.03554792841382692 0.15431403469249833 -0.029475116199977325 0.12755102040816327 0.036569541111242186 0.14911242603550295 0.033072023517883395 0.19669742593491985 0.04864311315924219 0.15099044188945837 0.03415127751075133 0.028117359413202935 -0.008324414317992626 0.11462016827216193 0.0037955465587044537 0.05402087170042972 0.05638604773144505 0.17626772256993234 -0.06953555497244818 0.11499030202272098 0.0510073960724305 0.05424731845641721 0.010783608914450035 0.23905803996194103 0.0947139383079483 0.11695906432748537 0.0598563447725459 0.192844455721898 0.037463205780037465 0.021645021645021655 0.09102564102564101 0.16152019002375295 0.04994054696789536 0.22946417673623826 0.13004876828810802 0.271731961482654 0.29266958424507655 0.5135991550039609 -0.12699713232281853 0.1404615164110649 0.035215696138850464 -0.036571428571428574 -0.023150827642088204 0.11715889675372222 -0.04937662017034934 -0.04762501566612357 -0.275051652892562 -1.3714432196872597 -0.4282514165239162 -0.09403467528651191 -0.10811482540077047 0.008176614881439084 -0.12950130637282745 0.10365781007982844 -0.16087751371115172 -0.1651353364787683 -2.7367352119827366 -7.087121212121213 -1.2060041407867494 -0.34870797443734375 0.07598600892534073 0.04771880819366853 0.0035157623344661895 0.1237534542833113 0.10727496917385941 -0.05548705302096178 -0.5287442324479362 -0.8690269868779401 -0.2666496555243685 -0.09975062344139651 0.039677460642518876 -0.01890805956038762 -0.0319753671245855 0.023491592482690404 -0.050356177843281745 0.015826637448259066 -0.02991772625280479 -0.07385154587557892 -0.010464355788096796 0.005614823133071311 -0.02876438219109555 0.028229448961156277 0.02723558783477077 0.07132495164410058 -0.05542452830188679 -0.02518589589829695 -0.1814366823006665 -0.1144278606965174 -0.022390844632416966 0.08818110028954987
0.02083844079431233 0.15769317413831946 -0.03514340777689604 0.12987012987012986 0.029491565412292087 0.14911242603550295 0.034296913277805 0.2015541525012142 0.04608294930875576 0.1593018423604377 0.037945863900834806 0.041564792176039124 -0.015459626590557735 0.11827825874893305 0.005060728744939271 0.0650705954573358 0.07081038552321008 0.183931536594712 -0.059039622146418266 0.12330285397617069 0.033154807447079826 0.06780914807052152 0.004792715073088904 0.23786869647954328 0.0831946755407654 0.1245868293923214 0.0704974727321096 0.19030702867292565 0.03478726251003479 0.014430014430014435 0.07692307692307691 0.15558194774346795 0.0356718192627824 0.22580251434151105 0.1187945479554833 0.26645561271600054 0.29266958424507655 0.4951148666490626 -0.1529427830124266 0.14332807797047442 0.045277323607093446 -0.044571428571428574 -0.023150827642088204 0.10739565535757871 -0.041970127144796934 -0.05138488532397543 -0.28150826446280997 -1.4957703153037682 -0.6746606931084465 -0.13517484572436084 -0.11060022368584568 0.02452984464431725 -0.13631716460297624 0.1119980936494698 -0.16819012797074956 -0.1365780978395828 -2.168062960142168 -6.781565656565656 -1.2215320910973084 -0.3556543484301195 0.07960439030273792 0.050046554934823094 0.015234970116020157 0.1249549441307221 0.10850801479654745 -0.035758323057953144 -0.3666292555181444 -0.7204753651894034 -0.2117887216126563 -0.07619839290662234 0.04095737872776143 -0.0011817537225242247 -0.017764092846991937 0.046983184965380814 -0.04175878162613608 0.037740443145848554 -0.022438294689603587 -0.03880335461259231 -0.0052321778940484 0.029477821448624365 -0.03876938469234618 0.035004516711833786 0.020426690876078075 0.07616054158607351 -0.06014150943396226 -0.016790597265531303 -0.16415699827203162 -0.12686567164179102 -0.024878716258241073 0.0868649644643327
0.026967393969110076 0.15318765487722463 -0.02267316630767487 0.12871057513914658 0.035389878494750504 0.14911242603550295 0.03062224399804018 0.18698397280233123 0.030721966205837163 0.14960520847762848 0.026562104730584363 0.026894865525672374 -0.00594601022713759 0.10486526033410559 -0.003795546558704452 0.04910988336402702 0.03802779963283505 0.18137693191978543 -0.0800314877984781 0.11221945137157108 0.022953328232593724 0.06287757366539268 0.0011981787682722254 0.21289248334919125 0.07423524894406759 0.09534706331045005 0.05453578079276404 0.16366404465871606 0.008027829810008033 -0.017316017316017313 0.07307692307692307 0.13895486935866982 0.06420927467300833 0.21115586476260223 0.12379642365887207 0.24403113045772326 0.2735229759299781 0.43174016371798263 -0.19937184214119896 0.10606277769815106 0.03270028927178971 -0.05942857142857143 -0.021993286259983792 0.08786917256529167 -0.06295519071719541 -0.06517107406943226 -0.3370351239669422 -1.5803640092284028 -0.9592831730135725 -0.18366147516896855 -0.09941593140300732 0.025697932484522838 -0.11132568442576393 0.08936018110330038 -0.1730652041438147 -0.13409485969704493 -1.7872556486417879 -6.376262626262625 -1.2085921325051758 -0.36260072242289526 0.08684115305753226 0.04655493482309125 0.023438415563107932 0.11414153550402502 0.10727496917385944 -0.03329223181257707 -0.26063100137174217 -0.6016340678385739 -0.16585863740750192 -0.07758381823219729 0.05119672340970177 -0.0023635074450484525 4.5102810375396986e-18 0.04203758654797231 -0.03684598378776714 0.04017531044558072 -0.019945150835203193 -0.0175240956314933 -0.006540222367560499 0.0364963503649635 -0.03876938469234618 0.036133694670280034 0.03177485247389923 0.07011605415860736 -0.06250000000000001 -0.031182537778843843 -0.14687731424339667 -0.15049751243781093 -0.03358626694862545 0.07107133456172675
0.023290022064231433 0.1509348952466772 -0.03174243283074481 0.12291280148423007 0.029491565412292087 0.14437869822485205 0.042871141597256246 0.16270033997085967 0.02816180235535074 0.12882670730018006 0.011383759170250442 0.013447432762836187 -0.015459626590557735 0.0670649920741373 -0.025303643724696356 0.017188459177409462 0.010490427484920007 0.16221739685783623 -0.1102072946733141 0.09005264616237185 0.02677888293802601 0.053014424855135 0.010783608914450038 0.1998097050428164 0.07935492128503777 0.07500635647088737 0.06517690875232775 0.140827201217965 0.006689858175006687 -0.03751803751803751 0.07179487179487179 0.12470308788598575 0.058263971462544584 0.19772976931526912 0.11004126547455295 0.22820208415776286 0.24343544857768054 0.37232637972009497 -0.2635531885839137 0.08169700444317042 0.03144258583825934 -0.07085714285714287 -0.023150827642088204 0.045154991457163784 -0.08394025428959387 -0.08898358190249404 -0.3680268595041323 -1.6598308126121508 -1.1661615496112794 -0.23067881281222452 -0.09941593140300732 0.024529844644317254 -0.10905373168238101 0.06672226855713095 -0.19012797074954296 -0.13161162155450706 -1.416603198781417 -5.8396464646464645 -1.2060041407867494 -0.35565434843011945 0.09528404293812567 0.04888268156424581 0.015234970116020157 0.12255196443590052 0.0998766954377312 -0.018495684340320596 -0.15587978550941514 -0.4951720722951226 -0.11737688185761674 -0.06511499030202272 0.04735696915397414 0.0 -0.007105637138796772 0.03338278931750742 -0.0454433800049128 0.028000973946919888 -0.02493143854400399 -0.02503442233070472 -0.015696533682145193 0.022459292532285235 -0.03751875937968985 0.03952122854561879 0.04085338175215615 0.053191489361702135 -0.0625 -0.04077716478771888 -0.13083189335966425 -0.16666666666666669 -0.04602562507774599 0.05659384048433798
0.01225790634959549 0.1430502365397612 -0.02380682462305861 0.12407235621521337 0.029491565412292087 0.1337278106508876 0.029397354238118567 0.13598834385624092 0.01536098310291858 0.10666297271090178 0.00758917278016696 0.006112469437652813 -0.007135212272565107 0.03414217778319717 -0.012651821862348178 -0.012277470841006752 0.009179124049305007 0.13794865244603396 -0.11151928627656782 0.06650041562759768 0.016577403723539916 0.039452595241030695 0.0023963575365444517 0.1855375832540438 0.07935492128503777 0.06102212051868803 0.07714817770683693 0.12687135244861714 0.005351886540005353 -0.04617604617604616 0.06794871794871793 0.12589073634204276 0.04518430439952437 0.1830831197363603 0.10503938977116418 0.20050125313283207 0.2133479212253829 0.2983892263005017 -0.31817561108835174 0.05016482728966605 0.030184882404728962 -0.08800000000000001 -0.024308369024192613 0.018306077617769093 -0.0814714232810764 -0.12156911893721016 -0.3731921487603306 -1.7059728274801333 -1.276848069574384 -0.2762268586541287 -0.10190132968808252 0.022193668963906087 -0.11473361354083836 0.04527582509233886 -0.19256550883607554 -0.14154457412465857 -1.1259202843361258 -5.178030303030303 -1.1503623188405796 -0.3487079744373437 0.08925340730913038 0.05470204841713221 0.025782257119418728 0.1117385558092034 0.0998766954377312 -0.00986436498150432 -0.07981045018082057 -0.3973755880168358 -0.07272263332482776 -0.0457190357439734 0.04223729681300396 -0.009454029780193808 -0.008289909995262901 0.02101879327398615 -0.04053058216654385 0.01947893839785731 -0.02493143854400399 -0.011265490048817125 -0.017004578155657292 0.030881527231892192 -0.0487743871935968 0.03839205058717254 0.03290966863368135 0.047147001934235974 -0.05660377358490566 -0.03837850803550012 -0.10367810417180945 -0.17164179104477612 -0.053489239955218315 0.04869702553303501
0.0036773719048786443 0.12390177968010811 -0.04874730756150096 0.11943413729128016 0.010616963548425151 0.1242603550295858 0.0036746692797648235 0.1250607090820787 -0.010240655401945723 0.10804820612273167 -0.0025297242600556555 0.006112469437652814 -0.003567606136282553 0.031703450798683086 -0.030364372469635626 -0.0061387354205033745 -0.01704694466299502 0.129007536083791 -0.12595119391235893 0.06788584095317263 -0.0012751849018107614 0.0406854888423129 -0.002396357536544455 0.17959086584205522 0.061436068091642135 0.055936943808797344 0.05985634477254588 0.10403450900786604 -0.006689858175006691 -0.05772005772005771 0.05128205128205128 0.12232779097387174 0.019024970273483943 0.1794214573416331 0.07127672877328997 0.19390581717451522 0.1435995623632385 0.2257723791919725 -0.39055032090673225 0.0257990540346854 0.02012325493648598 -0.08800000000000001 -0.028938534552610258 0.0036612155235538164 -0.11233181088754474 -0.13284872791076577 -0.3848140495867768 -1.7213534991027941 -1.3427329028857555 -0.2997355274757567 -0.10438672797315769 0.032706459525756335 -0.11473361354083836 0.036935541522697485 -0.21206581352833637 -0.1390613359821207 -0.938055343995938 -4.501262626262626 -1.0662525879917184 -0.3459294248402333 0.10252080569292003 0.04888268156424581 0.025782257119418728 0.10573110657214946 0.08261405672009865 -0.0012330456226880419 -0.04115226337448559 -0.3008170339192869 -0.05741260525644296 -0.02632308118592408 0.024318443619608342 -0.011817537225242258 -0.02842254855518711 0.018545994065281894 -0.06877916973716532 0.02313123934745556 -0.05110944901520818 0.01752409563149331 -0.03662524525833878 0.05334081976417741 -0.06128064032016008 0.035004516711833786 0.035179300953245576 0.04956479690522243 -0.06721698113207548 -0.035979851283281364 -0.09874105159219945 -0.16791044776119401 -0.057221047393954484 0.03948407475651487
0.006128953174797743 0.13403919801757153 -0.04988096587688471 0.12291280148423009 0.008257638315441785 0.14319526627218934 0.0012248897599216092 0.1359883438562409 -0.017921146953405014 0.11774484000554093 -0.001264862130027828 0.003667481662591688 0.003567606136282553 0.01950981587611267 -0.026568825910931175 -0.018416206261510127 -0.020980854969840024 0.1136799080342317 -0.12463920230910523 0.05126073704627321 0.006375924509053815 0.040685488842312906 0.008387251377905584 0.17364414843006662 0.07295533085882504 0.04958047292143401 0.0704974727321096 0.06470438974879474 -4.163336342344337e-18 -0.06493506493506493 0.04487179487179487 0.12351543942992874 0.0011890606420927486 0.18430367386793603 0.055020632737276476 0.19390581717451522 0.09026258205689279 0.14259308159493003 -0.426054895534617 0.02149921169557116 0.02515406867060747 -0.09028571428571429 -0.031253617316819075 -0.00854283622162558 -0.12097271941735585 -0.1416217571124201 -0.3822314049586776 -1.6970007690335809 -1.3585452628804848 -0.3188363208933295 -0.08326084255001862 0.03387454736596192 -0.09428603885039191 0.03216966519718813 -0.2096282754418038 -0.14154457412465857 -0.7616146230007617 -3.6982323232323226 -0.9562629399585921 -0.3362045012503473 0.11699433120250875 0.06750465549348231 0.02461033634126333 0.1237534542833113 0.08138101109741061 0.024660912453760786 0.00997630627260257 -0.20302054964100025 -0.025516713447307975 -0.01801052923247437 0.0230385255343658 -0.0035452611675726798 -0.029606821411653245 0.019782393669634024 -0.06509457135838861 0.017044071098125148 -0.049862877088007976 0.03129302791338089 -0.04054937867887508 0.03790005614823132 -0.052526263131565776 0.027100271002710025 0.037448933272809806 0.037475822050290125 -0.06367924528301887 -0.0455744782921564 -0.08639842014317453 -0.17412935323383086 -0.06841646971016296 0.015793629902605955
0.007354743809757291 0.14980851543140347 -0.05895023239995466 0.11595547309833025 0.0047186504659667335 0.14792899408284024 2.7755575615628915e-18 0.13720252549781448 -0.03200204813108039 0.10804820612273167 0.0025297242600556525 0.017114914425427875 0.008324414317992624 0.025606633337397877 -0.021508097165991905 -0.015960712093308776 -0.022292158405455027 0.10601609400945203 -0.13513513513513514 0.05403158769742311 0.01275184901810763 0.050548637652570574 0.019170860292355617 0.18196955280685062 0.08831434788173556 0.059750826341215355 0.07581803671189145 0.026642984014209586 0.008027829810008024 -0.06493506493506493 0.038461538461538464 0.1377672209026128 -0.008323424494649229 0.18064201147320882 0.04376641240465175 0.20182034032449545 0.047866520787746177 0.07525745973065752 -0.46292503072511265 0.021499211695571164 0.035215696138850464 -0.08571428571428572 -0.023150827642088204 -0.0048816206980717616 -0.1172694729045797 -0.1416217571124201 -0.371900826446281 -1.5867726224045113 -1.3572275662142574 -0.31589773729062587 -0.06337765626941717 0.04088307440719543 -0.07497444053163695 0.044084356010961515 -0.20475319926873858 -0.14154457412465854 -0.6524498603706526 -2.848484848484848 -0.8398033126293998 -0.3181439288691303 0.1242310939573031 0.10009310986964617 0.03281378178835111 0.13817133245224078 0.08508014796547474 0.0530209617755857 0.0473874547948622 -0.09779648427828672 0.0102066853789232 0.0 0.03327787021630616 -0.0035452611675726798 -0.015395547134059684 0.011127596439169139 -0.050356177843281745 0.010956902848794742 -0.034904013961605584 0.05006884466140944 -0.04970568999345978 0.04070746771476698 -0.03626813406703352 0.05420054200542005 0.060145256468452105 0.05681818181818181 -0.03891509433962264 -0.025185895898296957 -0.05183905208590471 -0.13432835820895522 -0.054733175768130374 0.017109765727823117
0.011032115714635938 0.16670421266050914 -0.05214828250765219 0.12871057513914658 0.008257638315441782 0.1609467455621302 0.006124448799608037 0.15420106847984455 -0.029441884280593956 0.12605624047652028 0.002529724260055653 0.01833740831295844 0.002378404090855035 0.007316180953542251 -0.018977732793522266 -0.018416206261510124 -0.019669551534225026 0.10857069868437859 -0.1272631855156127 0.05957328899972292 0.011476664116296862 0.04931574405128837 0.02156721782890007 0.19980970504281637 0.08063483937028029 0.05847953216374269 0.06517690875232775 -0.0063435676224308495 0.005351886540005351 -0.05483405483405483 0.03205128205128206 0.14014251781472684 -0.017835909631391204 0.1733186866837544 0.03126172314617982 0.18994855559952514 0.012308533916849005 0.027726432532347505 -0.4779461969138331 0.027232334814390143 0.036473399572380834 -0.08571428571428572 -0.020835744877879384 -0.02806931901391262 -0.11973830391309714 -0.14036846722646948 -0.3383264462809917 -1.3701614970520377 -1.2847542495717488 -0.31002057008521894 -0.06213495712687959 0.057236304170073596 -0.059070771327956385 0.07267961396401765 -0.19134673979280928 -0.11547057362801091 -0.5864432597105865 -2.080808080808081 -0.6922877846790892 -0.27090858571825505 0.11699433120250877 0.1233705772811918 0.029298019453884917 0.1694100684849213 0.07644882860665844 0.08877928483353885 0.059857837635615405 -0.013617231988115892 0.036999234498596587 0.03325020781379884 0.03839754255727633 0.020089813282911838 -0.011842728564661295 0.018545994065281894 -0.04298698108572832 0.02678354029705381 -0.01745200698080279 0.07385154587557893 -0.02354480052321779 0.07018528916339134 -0.03251625812906453 0.06887985546522131 0.0669541534271448 0.06769825918762089 -0.025943396226415096 -0.015591268889421927 -0.032090841767464816 -0.08955223880597014 -0.04602562507774599 0.025006580679126082
0.001225790634959549 0.15769317413831946 -0.05668291576918717 0.11827458256029684 -0.0011796626164916834 0.14911242603550298 -0.006124448799608035 0.14327343370568235 -0.042242703533026116 0.1246710070646904 -1.3877787807814458e-18 0.02567237163814181 -0.008324414317992626 0.025606633337397877 -0.027834008097165998 -0.01718845917740945 -0.022292158405455027 0.09579767530974583 -0.12201521910259774 0.06095871432529787 0.0038255547054322865 0.051781531253852785 0.017972681524083392 0.19148430066603234 0.06271598617688467 0.04195270785659803 0.0518754988028731 -0.04440497335701599 0.0013379716350013352 -0.051948051948051945 0.015384615384615389 0.12826603325415678 -0.03210463733650416 0.15134871231539118 0.013755158184319122 0.16752407334124786 -0.021881838074398245 -0.017163982043834174 -0.480677318039055 0.030098896373799627 0.0427619167400327 -0.08571428571428572 -0.013890496585252923 -0.013424456919697333 -0.11603505740032094 -0.14412833688432133 -0.2931301652892562 -1.042040502435273 -1.2030570562656477 -0.2850426094622392 -0.04970796570150367 0.057236304170073596 -0.03862319663750994 0.05480757774335756 -0.1889092017062767 -0.11919543084181772 -0.5178979436405179 -1.496212121212121 -0.5460662525879918 -0.24868018894137264 0.11216982269931253 0.12104283054003724 0.03632954412281729 0.18022347711161843 0.09124537607891493 0.08877928483353885 0.09103379473749844 0.02228274325328052 0.06889512630773156 0.0457190357439734 0.03583770638679125 0.02245332072796029 -0.017764092846991944 0.030909990108803166 -0.040530582166543844 0.028000973946919888 -0.012465719272001992 0.08011015145825512 -0.01962066710268149 0.07439640651319483 -0.04127063531765883 0.07339656729900632 0.07149341806627327 0.05681818181818182 -0.01179245283018868 -0.01918925401775006 -0.013576894593927424 -0.06467661691542288 -0.0323423311357134 0.017109765727823113
-0.002451581269919098 0.15994593376886684 -0.06461852397687337 0.11711502782931353 0.0011796626164916834 0.14201183431952663 0.0061244487996080345 0.15177270519669744 -0.02688172043010752 0.1246710070646904 -0.003794586390083482 0.03178484107579462 -0.002378404090855038 0.04145835873673942 -0.018977732793522266 -0.020871700429711478 -0.01573564122738002 0.09196576829735599 -0.10627131986355287 0.06927126627874758 -0.005100739607243049 0.038219701639748485 0.017972681524083392 0.18434823977164605 0.07423524894406758 0.02288329519450801 0.07049747273210959 -0.0748540979446841 0.03344929087503345 -0.05194805194805195 0.008974358974358974 0.1199524940617577 -0.03210463733650416 0.1452459416575125 0.005001875703388775 0.15037593984962405 -0.03555798687089715 -0.03960918933192502 -0.4697528335381674 0.03439873871291386 0.03270028927178971 -0.09371428571428572 -0.01504803796735733 -0.008542836221625577 -0.10245648685347486 -0.16292768517358064 -0.26084710743801653 -0.6626506024096386 -1.0963236263012255 -0.2806347340581839 -0.05095066484404126 0.05490012848966243 -0.04657503123935023 0.0655307994757536 -0.17428397318708108 -0.11795381177054878 -0.45189134298045186 -1.0454545454545454 -0.38431677018633537 -0.20978049458182832 0.11216982269931253 0.12104283054003724 0.03281378178835111 0.1910368857383155 0.09987669543773121 0.10357583230579533 0.12220975183938146 0.0755137410250062 0.09823934677213575 0.06650041562759768 0.020478689363880715 0.018908059560387613 -0.04263382283278067 0.024727992087042534 -0.042986981085728314 0.008522035549062576 -0.011219147344801794 0.06634121917636751 -0.01962066710268149 0.061763054463784384 -0.0400200100050025 0.07226738934056007 0.07149341806627325 0.07253384912959382 0.009433962264150941 -0.02158791076996882 0.017279684028634907 -0.033582089552238806 -0.0037318074387361648 0.01710976572782311
