0.0257542310522443 -0.06410977392869194 0.03859250851305335 -0.0544611819235226 -0.00472143531633617 0.0319337670017741 -0.0159216166564605 0.125 0.008959426596697812 0.1080482061227317 -0.008856275303643727 -0.06724538452133513 -0.22721865334285035 -0.2852962692026335 -0.05319822672577581 -0.012291052114060962 -0.027522935779816515 0.042107949470460634 0.06697307944845701 0.058139534883720936 0.006380806533945888 -0.22676854818831652 -0.6690647482014389 -1.052006649251959 -0.2423698384201077 -0.17050515332739535 -0.01995742416178818 -0.11806525326901104 0.04146602461209201 -0.103836169599077 -0.0820407640046148 -0.10325183954426775 -0.2605281941470378 -0.4296875 -0.1753067868770348 -0.06197257383966244 -0.05335887262279382 0.03302509907529723 -0.05744768157570783 0.017204301075268817 -0.011313639220615965 -0.09030635573845451 -0.13541666666666666 -0.3072796000487745 -0.08148148148148147 -0.11148690968307655 -0.10962084085633221 -0.028197897974878233 0.002646552864893476 -0.029403116730373415 -0.021131137352392793 -0.08281815000583229 -0.061314863177018286 0.007154781779155737 -0.04761323403735808 0.004970178926441352 0.12342537218475633 0.12759984688018375 0.11538960197069884 0.03894297635605006 -0.045766590389016024 0.0046522447080716445 0.0046838407494145156 -0.03479721622270219 -0.05663629647869983 0.0012324377618930238 0.1261553834624032 0.04954173891503592 0.016581632653061226 -0.03875968992248062 0.0166410650281618 -0.08270321361058601 -0.02487856888994195 -0.0926726800939083 -0.02825899987713478 -0.08756993432254925 -0.05481499937710229 -0.062499999999999986 0.040565297042658995 -0.007017543859649122 0.04631368131180373 -0.03611738148984198 0.01928968569159196 -0.06404059932334462 0.0625590179414542 0.0 -0.041954590325765054 0.031106134129650364 0.00622200099552016 -0.006578947368421052
0.0208486632327692 -0.0742323698121696 0.03064699205448354 -0.05909617612977984 -0.020066100094428708 0.024837374334713187 -0.026944274341702386 0.11529126213592233 -0.0012799180852425443 0.09973680565175233 -0.011386639676113364 -0.08191710478053552 -0.26290744706162267 -0.32309192879785414 -0.07346421785940468 -0.020894788593903636 -0.035386631716906945 0.029347964782442264 0.04990151017728168 0.05121816168327796 -0.011485451761102602 -0.2797633719497165 -1.1774580335731415 -1.5008311564948944 -0.29494742241600413 -0.20104338974424224 -0.04124534326769558 -0.14472514916846518 0.014713750668806841 -0.12258436688779925 -0.07306755544161006 -0.10918585331117969 -0.3319057815845824 -0.528564453125 -0.2103681442524418 -0.07779535864978901 -0.05335887262279382 0.03302509907529723 -0.05607987963342907 0.017204301075268817 -0.02262727844123193 -0.09373571101966165 -0.14467592592592593 -0.31703450798683086 -0.10617283950617282 -0.11524489540273082 -0.12251741036884187 -0.030761343245321714 -0.017202593621807594 -0.02352249338429874 -0.016159105034182723 -0.09214977254170069 -0.05109571931418191 0.0 -0.04395067757294592 0.0037276341948310142 0.12469779870212497 0.11994385606737272 0.12187216387916507 0.036161335187760775 -0.05419727809225581 -0.0023261223540358227 -0.018735362997658083 -0.04799616030717543 -0.08126077320856932 -0.012324377618930243 0.11616287784161879 0.04830319544216002 0.0038265306122448966 -0.0429125138427464 0.014080901177675373 -0.09333648393194707 -0.01658571259329463 -0.08896577289015198 -0.03071630421427694 -0.09851617611286792 -0.05855238569826835 -0.07499999999999998 0.028788275320596707 -0.015438596491228068 0.05132056577794467 -0.03837471783295711 0.004538749574492228 -0.06645722571290477 0.057837582625118046 -0.007199424046076314 -0.039486673247778874 0.02986188876446435 0.01244400199104032 -0.018421052631578946
0.007358351729212656 -0.07535710268811156 0.01021566401816118 -0.07184241019698726 -0.03777148253068933 0.022471910112359553 -0.04041641151255358 0.12014563106796117 -0.025598361704850893 0.103892505887242 -0.0215080971659919 -0.08925296491013571 -0.31644063763978114 -0.36088758839307483 -0.10892970234325523 -0.024582104228121925 -0.049803407601572744 0.029347964782442264 0.024950755088640836 0.05260243632336655 -0.03573251659009699 -0.3253635691397584 -1.7613908872901678 -1.9235336024697218 -0.3603488073865093 -0.23412647919582646 -0.08382118147951038 -0.1663069696584994 -0.025414660246120917 -0.13556388808768388 -0.09101397256761953 -0.12105388084500357 -0.4116107542231739 -0.645751953125 -0.24668169296268466 -0.09229957805907173 -0.06293610617047476 0.03830911492734478 -0.06428669128710161 0.024372759856630826 -0.04399748585795098 -0.09373571101966165 -0.1701388888888889 -0.3304475064016583 -0.14320987654320988 -0.11900288112238508 -0.1521795202476141 -0.035888233786208666 -0.0449913987031891 -0.027932960893854747 -0.03853325046612803 -0.10031494226058554 -0.06926308618144658 -0.0023849272597185785 -0.06958857282383105 -0.002485089463220675 0.1094286804937015 0.1161158606609672 0.10242447815376639 0.036161335187760775 -0.061423581837889915 -0.015119795301232846 -0.03981264637002342 -0.06479481641468683 -0.08249199704506278 -0.018486566428395364 0.12240819385460903 0.05325736933366361 0.0012755102040816328 -0.03599114064230344 0.0076804915514592925 -0.09569943289224953 -0.02013979386328634 -0.08278759421722476 -0.04791743457427203 -0.10338117246412064 -0.0747477264233213 -0.07624999999999998 0.007851347814708191 -0.022456140350877195 0.05382400801101515 -0.04288939051918736 0.007942811755361398 -0.06887385210246495 0.05311614730878188 -0.007199424046076314 -0.0370187561697927 0.031106134129650364 0.011199601791936289 -0.015789473684210527
0.0 -0.08885389719941512 -0.01021566401816118 -0.08574739281575897 -0.0483947119924457 0.010644589000591367 -0.04041641151255358 0.11529126213592233 -0.0230385255343658 0.1080482061227317 -0.03415991902834008 -0.12348697884826995 -0.3533190578158458 -0.3974640331626433 -0.12792906903103232 -0.040560471976401176 -0.05897771952817825 0.011483986219216539 0.011818778726198294 0.035991140642303424 -0.05742725880551301 -0.37959083066305155 -2.366906474820144 -2.2928045594870574 -0.39882021031033593 -0.2621198625779362 -0.09446514103246408 -0.20058397867208325 -0.04146602461209203 -0.16152293048745311 -0.09742340725548007 -0.15072394967956326 -0.5139186295503213 -0.7861328125 -0.27422990232907585 -0.11471518987341774 -0.06704063483376659 0.03038309114927345 -0.06975789905621667 0.02724014336917563 -0.0678818353236958 -0.11088248742569731 -0.21296296296296297 -0.3536154127545421 -0.19135802469135801 -0.1252661906551422 -0.18313128707763734 -0.03973340169187388 -0.08071986237925102 -0.03087327256689209 -0.031075201988812928 -0.11197947043042109 -0.062450323606222324 -0.019079418077748628 -0.06714686851422294 -0.016153081510934395 0.12088051915001907 0.10080387903534516 0.11538960197069881 0.02503477051460361 -0.09032879682042635 -0.02558734589439405 -0.06440281030444965 -0.07919366450683944 -0.10219157842895839 -0.024648755237860486 0.10617037222083436 0.05325736933366361 -0.00892857142857143 -0.041528239202657816 -0.0012800819252432164 -0.11342155009451796 -0.035540812699917074 -0.09637958729766463 -0.05897530409141172 -0.12284115786913159 -0.07350193098293259 -0.09874999999999999 0.006542789845590162 -0.03929824561403509 0.0525722868944799 -0.039503386004514675 0.01928968569159197 -0.06041565973900435 0.05429650613786591 -0.003599712023038156 -0.024679170779861793 0.03608311559039442 0.01368840219014435 -0.014473684210526316
0.002452783909737552 -0.09335282870318298 -0.015891032917139614 -0.08690614136732329 -0.04721435316336166 0.00827912477823773 -0.031843233312921 0.10922330097087378 -0.015359017022910534 0.10666297271090179 -0.03289473684210526 -0.1296001956229368 -0.3592671901023079 -0.3986832479882955 -0.13932868904369855 -0.04424778761061947 -0.06684141546526869 0.005103993875207348 0.002626395272488509 0.03875968992248062 -0.07146503318019397 -0.44367759428148873 -2.905275779376499 -2.3794823082403225 -0.4103616311874839 -0.27866140730372824 -0.10111761575306014 -0.2259743557191824 -0.06286784376672018 -0.18171329679838477 -0.09870529419305217 -0.18870163778779966 -0.7970497263859148 -0.91552734375 -0.2905083896819434 -0.13053797468354428 -0.07114516349705842 0.007926023778071334 -0.0752291068253317 0.01146953405017921 -0.08045254556882464 -0.13603109282121628 -0.23958333333333334 -0.39019631752225337 -0.20864197530864192 -0.1428034573468621 -0.1921588857363941 -0.06024096385542169 -0.08998279740637818 -0.03675389591296677 -0.04101926662523307 -0.1341420739531086 -0.07380492789826275 -0.038158836155497255 -0.07813453790745942 -0.03230616302186879 0.11706323959791323 0.09059589128493045 0.10501750291715287 0.020862308762169678 -0.09635071660845478 -0.03023959060246569 -0.07259953161592506 -0.07679385649148068 -0.09849790691947795 -0.022183879714074435 0.11616287784161876 0.056972999752291295 0.0012755102040816328 -0.0429125138427464 -0.010240655401945725 -0.11932892249527412 -0.04501836275322829 -0.11862103052020263 -0.05283204324855634 -0.13986864509851618 -0.062289772019434406 -0.11749999999999998 0.02486260141324261 -0.04631578947368421 0.038803354612592315 -0.05191873589164786 0.034040621808691704 -0.0640405993233446 0.06137865911237016 -0.015598752099832015 -0.019743336623889433 0.027373398034092323 0.018666002986560477 -0.022368421052631576
-0.009811135638950207 -0.06298504105274996 -0.02724177071509648 -0.05909617612977984 -0.041312559017941446 0.03666469544648136 -0.023270055113288425 0.13106796116504857 -0.0025598361704850894 0.13159717412383987 -0.044281376518218625 -0.13449076904267027 -0.3521294313585534 -0.4023408924652524 -0.13679544015199493 -0.04670599803343166 -0.060288335517693324 -0.0012759984688018367 0.015758371634931056 0.013842746400885933 -0.08167432363450741 -0.4966724180428888 -3.2721822541966423 -2.4222274994063167 -0.398820210310336 -0.2824786868558341 -0.09180415114422566 -0.24247810079979687 -0.06821829855537721 -0.20190366310931643 -0.11024227663120112 -0.24804177545691908 -1.2693314299310017 -1.03515625 -0.29676934635612323 -0.12658227848101267 -0.0793542208236421 0.007926023778071337 -0.084803720421283 0.015770609318996414 -0.1005656819610308 -0.15432098765432098 -0.2673611111111111 -0.41336422387513716 -0.22098765432098766 -0.14781410497306777 -0.2050554552489038 -0.06024096385542169 -0.08071986237925102 -0.04116436342252279 -0.04350528278433811 -0.14580660212294413 -0.08402407176109913 -0.05366086334366802 -0.07569283359785131 -0.038518886679920476 0.11579081308054459 0.08293990047211944 0.10242447815376636 0.0013908205841446405 -0.11682524388775142 -0.016282856478250757 -0.09250585480093676 -0.07439404847612191 -0.11081014528441271 -0.020951441952181415 0.10367224581563825 0.06068863017091899 -0.005102040816326531 -0.044296788482835 -0.026881720430107524 -0.10633270321361059 -0.05686530031986732 -0.11367848758186087 -0.054060695417127415 -0.1301386523960107 -0.07599352186370997 -0.10874999999999999 0.0287882753205967 -0.04631578947368421 0.028789585680310426 -0.04966139954853273 0.043118120957676156 -0.06041565973900435 0.0684608120868744 -0.007199424046076314 -0.008637709772951632 0.03483887022520841 0.029865604778496764 -0.027631578947368417
-0.017169487368162865 -0.06973343830840176 -0.04880817253121453 -0.04982618771726536 -0.05901794145420207 0.04376108811354228 -0.0453153704837722 0.13349514563106796 -0.025598361704850893 0.13021194071200998 -0.05313765182186235 -0.15405306272160413 -0.3402331667856293 -0.3913679590343819 -0.14059531348955034 -0.03810226155358899 -0.09305373525557012 -0.007655990812811023 -0.00525279054497702 0.0013842746400885941 -0.09188361408882084 -0.5496672418042888 -3.4652278177458036 -2.4317264307765374 -0.39112592972557064 -0.28375111337320275 -0.10910058541777538 -0.24882569506157165 -0.0815944355270198 -0.21632535333141045 -0.1243430329444943 -0.36078803702824597 -1.9557458957887224 -1.16943359375 -0.31430002504382676 -0.14899789029535865 -0.09714051169790669 -0.01453104359313078 -0.10121734372862809 -0.008602150537634412 -0.11439346323067252 -0.18747142203932327 -0.3125 -0.43287403975124983 -0.24814814814814815 -0.13152950018789927 -0.2334279081764251 -0.06536785439630863 -0.09924573243350536 -0.039694207586004115 -0.04972032318210069 -0.14697305493992768 -0.09878505734075167 -0.06439303601240162 -0.07813453790745942 -0.0360337972166998 0.10688382745896423 0.08038790353451576 0.10372099053545962 -0.008344923504867874 -0.11682524388775142 -0.034891835310537335 -0.12646370023419204 -0.083993280537557 -0.14405318886973653 -0.024648755237860486 0.06744941294029479 0.0544959128065395 -0.02551020408163266 -0.058139534883720936 -0.028161802355350745 -0.11696597353497165 -0.07582040042648977 -0.11491412331644632 -0.06266126059712494 -0.11675991243006567 -0.09592624890992899 -0.10124999999999999 0.011777021722062284 -0.04350877192982456 0.020027537864563773 -0.06207674943566592 0.060138431862022015 -0.0749154180763654 0.07436260623229463 -0.019198464122870167 -0.007403751233958543 0.014930944382232178 0.029865604778496764 -0.05789473684210526
-0.014716703458425313 -0.07085817118434372 -0.04767309875141884 -0.05214368482039398 -0.06137865911237016 0.043761088113542276 -0.0453153704837722 0.13349514563106796 -0.024318443619608342 0.12051530682920072 -0.04554655870445344 -0.15527570607653748 -0.3259576492981204 -0.3560107290904658 -0.1215959468017733 -0.028269419862340217 -0.08256880733944953 -0.0038279954064055106 0.001313197636244251 0.0027685492801771865 -0.09571209800918837 -0.5681538082326842 -3.5227817745803356 -2.3925433388743764 -0.37573736855604 -0.26466471561267335 -0.11442256519425224 -0.23613050653802206 -0.08293204922418405 -0.20478800115373522 -0.13459812844507116 -0.49370994540707336 -2.7420889840590057 -1.268310546875 -0.31430002504382676 -0.14767932489451477 -0.09714051169790669 -0.015852047556142664 -0.09164273013267678 -0.007168458781362005 -0.11942174732872408 -0.22176497485139463 -0.3784722222222222 -0.48286794293378854 -0.26296296296296295 -0.13654014781410498 -0.22955893732267216 -0.0640861317610869 -0.08601296810903798 -0.04116436342252279 -0.072094468614046 -0.16446984719468097 -0.1260361076416487 -0.0787025995707131 -0.09278476376510805 -0.03354870775347912 0.09034228273317216 0.08931989281612862 0.09594191624530014 -0.006954102920723226 -0.10959894014211731 -0.03605489648755524 -0.12763466042154564 -0.08639308855291576 -0.14651563654272345 -0.02711363076164654 0.07869098176367725 0.0594500866980431 -0.020408163265306124 -0.05813953488372092 -0.012800819252432155 -0.10987712665406428 -0.07937448169648147 -0.09885085876683554 -0.05897530409141172 -0.09365117976161516 -0.09717204435031769 -0.07875000000000001 0.00785134781470819 -0.02807017543859649 0.012517211165352357 -0.060948081264108354 0.06354249404289118 -0.06283228612856454 0.07436260623229463 -0.0167986561075114 -0.012339585389930897 0.008709717556302099 0.022399203583872575 -0.06578947368421054
0.006131959774343883 -0.07985603419187944 -0.0431328036322361 -0.05677867902665122 -0.051935788479697834 0.04021289178001183 -0.030618493570116347 0.1298543689320388 -0.012799180852425446 0.11497437318188115 -0.04048582995951417 -0.13815869910747036 -0.3093028788960267 -0.321872713972202 -0.11272957568081066 -0.018436578171091445 -0.0851900393184797 0.0063799923440091885 -0.007879185817465533 0.009689922480620155 -0.08167432363450741 -0.5730835592802563 -3.491606714628298 -2.29161719306578 -0.3231597845601436 -0.24685074436951265 -0.08382118147951037 -0.22978291227624728 -0.05350454788657035 -0.20190366310931643 -0.13844378925778747 -0.6384998813197247 -3.5046395431834405 -1.370849609375 -0.30428249436513904 -0.16218354430379747 -0.09440415925571213 -0.038309114927344776 -0.08890712624811928 -0.02007168458781362 -0.10559396605908233 -0.25377229080932784 -0.49652777777777785 -0.5206682111937568 -0.25555555555555554 -0.13528748590755357 -0.21795202476141345 -0.06152268649064343 -0.07675003308191082 -0.029403116730373418 -0.0795525170913611 -0.17380146973054938 -0.15442261837174975 -0.1001669449081803 -0.11964351117079722 -0.037276341948310136 0.07252831149001146 0.09442388669133597 0.0803837676649812 -0.005563282336578579 -0.09153318077803205 -0.047685508257734356 -0.1370023419203747 -0.09599232061435085 -0.1391282935237626 -0.03820557061868376 0.0924306769922558 0.05325736933366361 -0.008928571428571428 -0.06644518272425248 0.0038402457757296476 -0.1146030245746692 -0.06752754412984244 -0.10132213023600642 -0.0491460867428431 -0.09121868158598881 -0.0946804534695403 -0.07250000000000001 0.0052342318764721256 -0.021052631578947368 0.016272374514958065 -0.05869074492099323 0.05559968228752978 -0.07129047849202512 0.0708215297450425 -0.008399328053755697 -0.016041461006910167 0.01866368047779022 0.01742160278745645 -0.05921052631578948
0.0012263919548687774 -0.08885389719941514 -0.038592508513053354 -0.06141367323290846 -0.04603399433427762 0.03548196333530455 -0.029393753827311693 0.125 -0.0063995904262127215 0.11774484000554095 -0.02656882591093117 -0.136936055752537 -0.2676659528907923 -0.2718849061204585 -0.08486383787207094 -0.028269419862340217 -0.06946264744429882 1.3877787807814458e-18 -4.163336342344337e-18 0.0069213732004429675 -0.07146503318019398 -0.5644564949470051 -3.371702637889688 -1.976965091427214 -0.27442934085662996 -0.2303091996437206 -0.0745077168706759 -0.21962676145740762 -0.04146602461209202 -0.19613498702047882 -0.13844378925778747 -0.7785426062188464 -4.055436592909826 -1.38671875 -0.26922113698973205 -0.19382911392405064 -0.07798604460254481 -0.083223249669749 -0.0615510874025441 -0.05591397849462365 -0.11062225015713387 -0.309785093735711 -0.7511574074074074 -0.5755395683453237 -0.2530864197530864 -0.16409870975823626 -0.2102140830539077 -0.0910023071007434 -0.07278020378457059 -0.058806233460746836 -0.0870105655686762 -0.19946343170418757 -0.18167366867264675 -0.11089911757691391 -0.11964351117079722 -0.05094433399602386 0.08525257666369766 0.0854918974097231 0.09723842862699339 -0.013908205841446452 -0.1023726363964832 -0.07327285415212839 -0.16159250585480095 -0.09839212862970961 -0.13789706968726914 -0.050529948237613996 0.09367974019485385 0.03963339113202874 0.005102040816326529 -0.07613510520487264 0.0038402457757296476 -0.139413988657845 -0.06989693164317022 -0.13221302360064252 -0.043002825899987704 -0.1070299197275602 -0.08720568082720817 -0.08 0.0013085579691180325 -0.03368421052631579 0.022530980097634244 -0.060948081264108354 0.05559968228752978 -0.05799903334944417 0.08026440037771483 -0.010799136069114468 -0.0024679170779861813 0.012442453651860147 0.026132404181184676 -0.06447368421052632
0.00735835172921266 -0.09447756157912496 -0.046538024971623154 -0.06604866743916571 -0.04013220018885741 0.03311649911295091 -0.03306797305572566 0.1262135922330097 -0.021758607449123255 0.11081867294639147 -0.016447368421052634 -0.12837755226800343 -0.22364977397097313 -0.20848573518653984 -0.06079797340088664 -0.022123893805309734 -0.060288335517693324 0.00510399387520735 0.0013131976362442538 0.001384274640088594 -0.07529351710056152 -0.5447374907567167 -2.978417266187051 -1.6433151270482071 -0.2269812772505771 -0.2048606692963481 -0.07184672698243745 -0.20439253522914816 -0.0454788657035848 -0.19180847995385059 -0.13716190232021536 -0.8936624732969379 -4.387342374494409 -1.356201171875 -0.23666416228399698 -0.2109704641350211 -0.06704063483376659 -0.11889035667107 -0.05334427574887156 -0.08745519713261649 -0.1257071024512885 -0.39094650205761317 -1.2083333333333333 -0.6487013778807462 -0.26049382716049385 -0.19040460979581614 -0.21279339695640961 -0.11279159189951296 -0.08336641524414448 -0.07938841517200822 -0.10192666252330643 -0.20879505424005598 -0.20665379811513568 -0.11686143572621036 -0.12941032840922964 -0.04348906560636183 0.07380073800738007 0.08038790353451576 0.0777907429015947 -0.019471488178025034 -0.10357702035408889 -0.07327285415212839 -0.1920374707259953 -0.08639308855291576 -0.14405318886973653 -0.03574069509489771 0.08118910816887334 0.04582610849640823 -0.01785714285714286 -0.07890365448504984 0.02048131080389145 -0.14059546313799623 -0.06752754412984242 -0.13591993080439885 -0.022115739034279387 -0.10702991972756022 -0.07101034010215522 -0.07875000000000001 0.010468463752944256 -0.03508771929824561 0.018775816748028536 -0.05191873589164786 0.06467718143651424 -0.045915901401643304 0.08380547686496695 0.0035997120230381596 -0.00863770977295163 0.03483887022520841 0.01742160278745645 -0.05526315789473685
0.007358351729212659 -0.09560229445506692 -0.030646992054483534 -0.06141367323290846 -0.036591123701605284 0.027202838557066823 -0.03674219228413962 0.11650485436893203 -0.030718034045821067 0.11497437318188117 -0.011386639676113358 -0.12104169213840324 -0.18082322150844635 -0.16215557181175322 -0.04053198226725776 -0.020894788593903636 -0.053735255570117955 0.0102079877504147 0.007879185817465526 0.004152823920265781 -0.057427258805513026 -0.49051022923342363 -2.4412470023980823 -1.186179054856329 -0.16799179276737625 -0.17305000636213258 -0.04656732304417244 -0.17265456392027423 -0.022739432851792397 -0.16440726853187193 -0.14869888475836432 -0.9636838357464989 -4.517011658339281 -1.295166015625 -0.2153769095917856 -0.20174050632911392 -0.07935422082364209 -0.12417437252311758 -0.06702229517165914 -0.08888888888888888 -0.13702074167190445 -0.5018289894833105 -1.8935185185185186 -0.7730764540909645 -0.2716049382716049 -0.2229738193661531 -0.21795202476141345 -0.14739810305049988 -0.08865952097393144 -0.1058512202293443 -0.11062771908017402 -0.2286247521287764 -0.2452594527080731 -0.1466730264726926 -0.14039799780246612 -0.0521868787276342 0.08016287059422318 0.08676789587852496 0.07001166861143523 -0.012517385257301807 -0.11321209201493436 -0.08839264945336126 -0.21077283372365335 -0.08879289656827453 -0.14405318886973653 -0.03450825733300468 0.0849362977766675 0.04211047807778053 -0.015306122448979591 -0.08859357696566998 0.012800819252432155 -0.15359168241965976 -0.058049994076531206 -0.14704065241566786 -0.02580169553999263 -0.13257115057163707 -0.07723931730409866 -0.0975 0.009159905783826224 -0.04210526315789474 0.011265490048817123 -0.060948081264108354 0.07035061840462953 -0.047124214596423394 0.08616619452313504 2.7755575615628915e-18 -0.003701875616979271 0.027373398034092323 0.016177202588352417 -0.05
0.0036791758646063308 -0.08210549994376336 -0.01362088535754824 -0.025492468134414838 -0.03305004721435316 0.04849201655824955 -0.04654011022657685 0.1237864077669903 -0.04095737872776142 0.1274414738883502 0.0037955465587044533 -0.11248318865386966 -0.139186295503212 -0.12923677151914167 -0.01773274224192527 -0.018436578171091445 -0.04193971166448231 0.008931989281612863 0.0144451739986868 0.008305647840531562 -0.031904032669729444 -0.4510722208528469 -1.8249400479616316 -0.7634766088815008 -0.10643754808925365 -0.15523603511897188 -0.017296434273549766 -0.1675764885108544 -0.0026752273943285165 -0.16440726853187193 -0.13972567619535955 -0.9779254687870875 -4.502736140851772 -1.187744140625 -0.18782870022539444 -0.1740506329113924 -0.07661786838144753 -0.11624834874504623 -0.06565449322938038 -0.08315412186379927 -0.14707730986800754 -0.6264288980338363 -2.7013888888888893 -0.8998902572856968 -0.27654320987654313 -0.24051108605787302 -0.20634511220015478 -0.1781594462958216 -0.07410348021701732 -0.13084386945016171 -0.11187072715972654 -0.25195380846844745 -0.2918133303054389 -0.1776770808490341 -0.14406055426687828 -0.05715705765407555 0.07761801755948593 0.0854918974097231 0.07390120575651497 -0.01668984700973574 -0.11441647597254005 -0.07908816003721796 -0.22131147540983606 -0.07799376049916007 -0.1539029795616843 -0.01725412866650234 0.08868348738446166 0.05078028238791181 -0.014030612244897961 -0.0872093023255814 0.00896057347670251 -0.15004725897920607 -0.06752754412984244 -0.14827628815025332 -0.01965843469713724 -0.12892240330819751 -0.062289772019434406 -0.10750000000000001 0.03009683328971473 -0.04912280701754386 0.010013768932281888 -0.06997742663656885 0.07035061840462953 -0.050749154180763645 0.08852691218130311 0.0011999040076793885 -0.006169792694965452 0.022396416573348264 0.016177202588352417 -0.04736842105263158
0.012263919548687762 -0.0776065684399955 -0.0022701475595913734 -0.005793742757821557 -0.027148253068932954 0.05677114133648729 -0.034292712798530314 0.1262135922330097 -0.039677460642518876 0.11774484000554095 0.012651821862348176 -0.07947181807066878 -0.11420413990007139 -0.08046817849305046 -0.003799873337555415 0.00983284169124877 -0.03800786369593709 0.039555952532856965 0.014445173998686802 0.03183831672203765 -0.01276161306789178 -0.38945033275819574 -1.2158273381294964 -0.3633341249109475 -0.07950756604257501 -0.11324596004580734 -0.0212879191059074 -0.12187380982607592 -0.01070090957731407 -0.13556388808768385 -0.13588001538264322 -0.9743650605269403 -4.468236973590292 -1.044921875 -0.17029802153769097 -0.14636075949367086 -0.07661786838144752 -0.10568031704095113 -0.07249350294077417 -0.08888888888888888 -0.14707730986800754 -0.721307727480567 -3.4837962962962963 -1.0291427874649433 -0.26296296296296295 -0.2505323813102844 -0.18957957183389218 -0.1961035631889259 -0.05160778086542277 -0.14260511614231108 -0.13673088875077688 -0.2822815817100198 -0.375837402066538 -0.21702838063439067 -0.18312782322060797 -0.05342942345924453 0.044534928107901765 0.0956998851601378 0.04667444574095683 -0.008344923504867869 -0.1023726363964832 -0.07792509886020005 -0.22131147540983606 -0.07199424046076315 -0.1551342033981778 -0.0036973132856790727 0.10117411941044216 0.0644042605895467 -0.0076530612244897975 -0.06229235880398672 0.02688172043010753 -0.13705103969754254 -0.08766733799312879 -0.12727048066230076 -0.012286521685710775 -0.10824616881537337 -0.05730659025787965 -0.07999999999999999 0.037948181104422926 -0.026666666666666665 0.005006884466140943 -0.06772009029345373 0.04652218313854532 -0.028999516674722094 0.07318224740321058 0.010799136069114474 -0.033316880552813434 0.031106134129650364 -0.016177202588352414 -0.043421052631578944
0.011037527593818985 -0.06748397255651782 -0.0022701475595913734 0.00926998841251448 -0.01652502360717658 0.05558840922531046 -0.037966932026944275 0.1237864077669903 -0.047356969153974145 0.11497437318188115 0.018977732793522266 -0.0758038880058687 -0.09873899595527005 -0.06096074128261397 0.01773274224192527 0.01597836774827925 -0.01965923984272608 0.039555952532856965 0.028890347997373604 0.02353266888150609 0.005104645227156712 -0.32536356913975845 -0.6666666666666665 -0.2529090477321302 -0.04231854321620928 -0.0979768418373839 -0.00532197977647685 -0.09902247048368668 0.004012841091492777 -0.11248918373233341 -0.12947058069478273 -0.9173985283645859 -4.160123721151558 -0.882568359375 -0.13774104683195595 -0.11735232067510548 -0.06977698727596113 -0.0845442536327609 -0.07249350294077418 -0.07455197132616485 -0.14707730986800754 -0.7395976223136718 -3.8530092592592586 -1.1486404097061336 -0.2567901234567901 -0.2455217336840787 -0.17926231622388444 -0.19354011791848244 -0.038375016540955396 -0.14848573948838578 -0.14791796146674954 -0.3091099965006415 -0.777790394004769 -0.5079895063200572 -0.20510316200708095 -0.06088469184890656 0.04199007507316453 0.10080387903534518 0.050563982886036564 0.004172461752433939 -0.09635071660845478 -0.0849034659223075 -0.2447306791569087 -0.10199184065274777 -0.168677665599606 -0.018486566428395364 0.0924306769922558 0.05697299975229131 -0.01530612244897959 -0.06921373200442968 0.03968253968253968 -0.13705103969754254 -0.10662243809975122 -0.1285061163968862 -0.01965843469713724 -0.10338117246412067 -0.06478136290021178 -0.07625 0.023554043444124574 -0.023859649122807018 0.013768932281887598 -0.07336343115124153 0.029501872234199478 -0.02174963750604156 0.0708215297450425 0.0059995200383969275 -0.041954590325765054 0.02364066193853428 -0.024888003982080634 -0.04868421052631579
0.02330144714250675 -0.07985603419187944 -0.012485811577752554 0.011587485515643106 -0.024787535410764873 0.04849201655824955 -0.03674219228413962 0.11407766990291264 -0.053756559580186866 0.10250727247541211 0.02403846153846154 -0.07580388800586868 -0.12015227218653343 -0.04267251889782979 0.018999366687777075 0.020894788593903636 -0.035386631716906945 0.039555952532856965 0.010505581089954035 0.02906976744186046 0.017866258295048492 -0.26867143209267935 -0.29736211031175064 -0.17454286392780813 -0.028212362144139514 -0.08525257666369765 -0.0026609898882384284 -0.08378824425542718 0.013376136971642588 -0.0951831554658206 -0.12049737213177798 -0.8426299549014955 -3.678325005948132 -0.72509765625 -0.12396694214876036 -0.09757383966244723 -0.061567929949377466 -0.07397622192866578 -0.05744768157570783 -0.06738351254480285 -0.14456316781898176 -0.7624599908550527 -4.018518518518518 -1.2742348494086086 -0.2691358024691358 -0.25303770512338725 -0.18571060098013928 -0.19738528582414766 -0.0489612280005293 -0.1514260511614231 -0.16283405842137974 -0.3452700338271317 -1.23311002611559 -0.8072978774147389 -0.24905383958002686 -0.08449304174950298 0.026720956864741057 0.09187188975373231 0.04797095812265008 0.00973574408901252 -0.09032879682042635 -0.09886020004652246 -0.2681498829039813 -0.1415886729061675 -0.19207091849298202 -0.013556815380823267 0.08618536097926555 0.061927173643794894 -0.016581632653061226 -0.07751937984496124 0.042242703533026116 -0.1524102079395085 -0.14097855704300438 -0.155690102557766 -0.040545521562845556 -0.10459742155193383 -0.0747477264233213 -0.07125000000000001 0.0013085579691180307 -0.009824561403508774 0.015020653398422835 -0.06997742663656885 -0.004538749574492229 -0.010874818753020788 0.0708215297450425 0.009599232061435087 -0.041954590325765054 0.02364066193853428 -0.019910403185664508 -0.03684210526315789
0.04047093451066961 -0.07085817118434372 0.012485811577752554 0.019698725376593278 0.009442870632672334 0.05085748078060318 -0.008573178199632577 0.11407766990291261 -0.024318443619608346 0.10527773929907192 0.04807692307692308 -0.05868688103680155 -0.11539376635736379 -0.028041940990002436 0.054464851171627617 0.02212389380530973 0.015727391874180867 0.03827995406405513 0.049901510177281685 0.03183831672203764 0.04211332312404288 -0.19719004190288394 -0.0695443645083933 -0.13061030634053666 0.011541420877147983 -0.07507316452474869 0.02927088877062267 -0.07236257458423258 0.03879079721776351 -0.08653014133256418 -0.0999871811306243 -0.7203892713031095 -2.975255769688318 -0.557861328125 -0.07387928875532182 -0.05933544303797467 -0.025995348200848277 -0.04359313077939232 -0.03282724661469019 -0.03584229390681002 -0.1319924575738529 -0.7407407407407407 -4.015046296296296 -1.3595902938666018 -0.24814814814814817 -0.2680696480020043 -0.16249677585762184 -0.21020251217636504 -0.02514225221648802 -0.1514260511614231 -0.1665630826600373 -0.3744313542517205 -1.5816963778812307 -1.2544717386119724 -0.2942253693077768 -0.10064612326043738 0.021631250795266573 0.0816639020033176 0.04148839621418384 0.018080667593880394 -0.08430687703239792 -0.0942079553384508 -0.2634660421545667 -0.17878569714422848 -0.1846835754740212 -0.01602169090460932 0.11241568823382464 0.07307406489967798 0.0012755102040816313 -0.06229235880398672 0.06144393241167434 -0.1524102079395085 -0.11254590688307073 -0.17175336710737682 -0.018429782528566162 -0.10459742155193383 -0.043602840413604085 -0.06999999999999999 0.0327139492279508 0.004210526315789475 0.033796470146451374 -0.07223476297968398 -0.020424373085215025 0.01449975833736104 0.08616619452313504 0.017998560115190788 -0.025913129318854894 0.026129152668906308 -0.009955201592832252 -0.03421052631578947
0.05396124601422616 -0.05623664379709821 0.021566401816118047 0.04287369640787949 0.02124645892351275 0.06623299822590183 -0.008573178199632575 0.13106796116504854 -0.015359017022910534 0.12051530682920072 0.05313765182186235 -0.050128377552268 -0.11420413990007136 -0.001219214825652276 0.05193160227992401 0.024582104228121925 0.005242463958060289 0.03827995406405513 0.040709126723571895 0.03183831672203765 0.0638080653394589 -0.16268178456987922 0.03597122302158274 -0.0926145808596533 0.029494742241600414 -0.06743860542053695 0.0332623736029803 -0.07363209343658753 0.050829320492241835 -0.0937409864436112 -0.060248686065889 -0.5625445051032518 -2.1460861289555075 -0.39306640625 -0.03506135737540696 -0.01977848101265821 -0.013681762210972776 -0.0013210039630118797 -0.015045821365066343 0.0014336917562724066 -0.12445003142677558 -0.7064471879286695 -3.9537037037037033 -1.3608096573588588 -0.2506172839506173 -0.26556432418890147 -0.1805519731751354 -0.2166111253524737 -0.038375016540955396 -0.15436636283446045 -0.1578620261031697 -0.3872623352385396 -1.7758601112751222 -1.855473408061054 -0.36991820290562816 -0.12922465208747513 0.013996691691054844 0.06252392497129004 0.029819784778944647 -0.004172461752433934 -0.0698542695411297 -0.09420795533845082 -0.2716627634660422 -0.22198224142068632 -0.20068948534843636 -0.004929751047572097 0.11366475143642267 0.09536784741144413 0.01275510204081633 -0.045681063122923596 0.06016385048643112 -0.15477315689981094 -0.11254590688307073 -0.19523044606450024 -0.03563091288856125 -0.11919241060569204 -0.056060794817490975 -0.08499999999999999 0.027479717351478673 -0.004210526315789472 0.04381023907873326 -0.07787810383747179 -0.030636559627822534 0.03866602223296278 0.08380547686496696 0.0251979841612671 -0.022211253701875617 0.028617643399278338 -0.00995520159283225 -0.034210526315789476
0.044150110375275935 -0.04836351366550444 0.009080590238365494 0.04519119351100811 0.017705382436260624 0.0638675340035482 -0.013472137170851193 0.12742718446601942 -0.019198771278638165 0.12051530682920072 0.054402834008097166 -0.03912458735786771 -0.10944563407090172 0.018288222384784204 0.06206459784673844 0.03564405113077679 0.011795543905635648 0.04210794947046064 0.048588312541037425 0.027685492801771867 0.06763654925982643 -0.12694108947498153 0.05155875299760192 -0.054618855378769884 0.020518081559374197 -0.05598676676421936 0.02660989888238425 -0.055858829503618125 0.03879079721776351 -0.07931929622151715 -0.04742981669016792 -0.41656776643721816 -1.3668807994289796 -0.244140625 -0.013774104683195598 0.007911392405063293 -0.006840881105486385 0.026420079260237782 -0.004103405826836273 0.022939068100358426 -0.1319924575738529 -0.66986739826246 -3.831018518518518 -1.3315449335446896 -0.2691358024691358 -0.25554302893649006 -0.1921588857363941 -0.20763906690592154 -0.05160778086542278 -0.14554542781534843 -0.16159105034182725 -0.3767642598856876 -1.8417168161689568 -2.5912234676842356 -0.4907825662312294 -0.14165009940357853 -0.0012724265173686216 0.05997192803368636 0.006482561908466233 -0.00556328233657858 -0.09755510056606045 -0.08722958827634336 -0.3243559718969555 -0.3011759059275258 -0.2757941393745383 -0.013556815380823267 0.0899325505870597 0.10403765172157542 -0.003826530612244898 -0.04291251384274641 0.0422427035330261 -0.14295841209829868 -0.13268570074635705 -0.20017298900284203 -0.06634721710283818 -0.11554366334225248 -0.06602715834060048 -0.07999999999999999 0.019628369536770475 -0.0014035087719298273 0.03755163349605708 -0.07336343115124155 -0.04084874617043005 0.048332527791203485 0.07436260623229463 0.0251979841612671 -0.027147087857847974 0.032350379494836386 -0.00995520159283225 -0.04473684210526315
0.05273485405935737 -0.04498931503767855 0.004540295119182747 0.03707995365005794 0.023607176581680833 0.06268480189237137 -0.011022657685241882 0.12135922330097086 -0.019198771278638165 0.11774484000554095 0.05440283400809716 -0.019562293678933855 -0.09635974304068523 0.029261155815654714 0.0759974667511083 0.04178957718780728 0.015727391874180867 0.04848794181446983 0.07091267235718976 0.03737541528239202 0.07274119448698316 -0.09982745871333497 0.05635491606714628 -0.03205889337449537 0.03975378302128751 -0.04962463417737625 0.0319318786588611 -0.05585882950361811 0.04280363830925629 -0.07066628208826074 -0.04102038200230739 -0.25990980299074296 -0.7792053295265288 -0.1318359375 -0.002504382669671926 0.04483122362869198 -0.005472704884389109 0.05944517833553501 -0.009574613595951305 0.05161290322580645 -0.11942174732872404 -0.6081390032007317 -3.5486111111111107 -1.2547250335324958 -0.2703703703703703 -0.2455217336840787 -0.1857106009801393 -0.1986670084593694 -0.04234484583829562 -0.13231402528668038 -0.16532007458048475 -0.3837629767875889 -1.8644260247530375 -3.326973527307417 -0.6934440239287023 -0.18389662027833004 -0.03690036900369004 0.03189996172004593 -0.03630234668741087 -0.025034770514603615 -0.09996386848127181 -0.08606652709932544 -0.3548009367681499 -0.43916486681065514 -0.3767544939670032 -0.02957850628543258 0.07494379215588307 0.09660639088432003 -0.031887755102040824 -0.052602436323366565 0.04608294930875575 -0.13114366729678636 -0.13742447577301264 -0.19275917459532932 -0.0872343039685465 -0.1301386523960107 -0.06851874922137786 -0.1 0.03009683328971473 -0.009824561403508767 0.03129302791338089 -0.06772009029345374 -0.036309996595937824 0.048332527791203485 0.0684608120868744 0.0167986561075114 -0.034550839091806514 0.02364066193853428 -0.011199601791936286 -0.052631578947368404
0.04292371842040717 -0.04498931503767855 -0.00340522133938706 0.0023174971031286185 0.023607176581680833 0.05322294500295682 -0.014696876913655847 0.11286407766990289 -0.015359017022910532 0.11913007341737081 0.046811740890688264 -0.009781146839466926 -0.07851534618129909 0.01097293343087052 0.08866371120962635 0.029498525073746305 0.022280471821756225 0.039555952532856965 0.0866710439921208 0.03599114064230343 0.0880551301684533 -0.0973625831895489 0.05755395683453236 -0.04511992400854904 0.06155424467812261 -0.06489375238579972 0.03725385843533795 -0.07363209343658753 0.0588550026752274 -0.07355062013267953 -0.0410203820023074 -0.14360313315926893 -0.37830121341898637 -0.074462890625 0.008765339343851734 0.06197257383966245 -0.016418114653167327 0.07793923381770144 -0.01231021748050882 0.07741935483870968 -0.11565053425518543 -0.5406950160036581 -3.059027777777778 -1.164492135105475 -0.2703703703703704 -0.24301640987097586 -0.17797265927263348 -0.1961035631889259 -0.026465528648934766 -0.13525433695971772 -0.1715351149782474 -0.3790971655196548 -1.8542068808902008 -3.8862389697114237 -1.0010987669393239 -0.22241550695825052 -0.06871103193790558 0.021691973969631236 -0.05186049526772981 -0.03337969401947149 -0.12284716367577983 -0.09537101651546871 -0.37353629976580793 -0.675545956323494 -0.5626692932775178 -0.07148139018979541 0.05370971771171621 0.07802823879118156 -0.03571428571428571 -0.058139534883720936 0.021761392729134663 -0.1275992438563327 -0.1623030446629546 -0.20264426047201284 -0.12900847769996313 -0.14230114327414253 -0.09966363523109506 -0.10625 0.015702695629416376 -0.011228070175438596 0.03254474902991613 -0.06884875846501129 -0.034040621808691704 0.021749637506041572 0.0625590179414542 -1.0408340855860842e-18 -0.03948667324777888 0.007465472191116087 -0.014932802389248379 -0.05263157894736842
0.046602894285013484 -0.024744123270723208 -0.015891032917139614 0.002317497103128617 0.02950897072710105 0.07806031933767 -0.007348438456827923 0.13956310679611647 -0.0063995904262127215 0.142679041418479 0.037955465587044546 0.006113216774666832 -0.07970497263859148 -0.004876859302609118 0.08486383787207094 0.0331858407079646 0.00655307994757536 0.039555952532856965 0.07616546290216678 0.030454042081949056 0.08933129147524246 -0.08996795661819078 0.03477218225419665 -0.058180954642602714 0.060271864580661715 -0.06871103193790559 0.02927088877062268 -0.08251872540307223 0.05484216158373463 -0.08941447937698296 -0.029483399564158443 -0.034417279848089254 -0.165358077563645 -0.0146484375 0.030052592036063103 0.09229957805907174 -0.006840881105486385 0.10964332892998678 -2.0816681711721684e-18 0.10035842293906809 -0.10307982401005658 -0.41037951531778705 -2.362268518518518 -1.026704060480429 -0.26666666666666666 -0.21545784792684458 -0.18184163012638638 -0.16790566521404768 -0.025142252216488026 -0.11908262275801233 -0.17650714729645745 -0.37326490143473695 -1.8496650391733849 -4.233245886000477 -1.3136369185691614 -0.2746023856858847 -0.10815625397633286 -0.008931989281612863 -0.07260469337482174 -0.05702364394993046 -0.11923401180296278 -0.0825773435682717 -0.3805620608899297 -0.8891288696904247 -0.7411967495690716 -0.1072220852846931 0.038720959280539584 0.06811989100817438 -0.04336734693877552 -0.058139534883720936 0.016641065028161806 -0.10515122873345935 -0.18955100106622438 -0.19646608179908562 -0.15358152107138467 -0.12527365604475799 -0.10713840787342718 -0.09125 0.018319811567652444 0.0014035087719298273 0.030041306796845656 -0.05869074492099323 -0.0476568705321684 0.01087481875302079 0.051935788479697834 0.0011999040076793842 -0.05429417571569596 0.009953962921488117 -0.023643603782976603 -0.05
0.050282070149619815 -0.02249465751883927 -0.018161180476730987 -0.0220162224797219 0.033050047214353166 0.07332939089296275 0.00857317819963258 0.1419902912621359 0.012799180852425448 0.14129380800664912 0.04428137651821863 0.02445286709866732 -0.06780870806566738 0.002438429651304562 0.09499683343888538 0.047935103244837754 0.005242463958060288 0.0510399387520735 0.07222586999343401 0.03460686600221484 0.09443593670239919 -0.0764111412373675 0.013189448441247004 -0.05461885537876989 0.06540138497050527 -0.052169487212113494 0.03725385843533795 -0.07490161228894247 0.060192616372391664 -0.08508797231035477 -0.021792077938725812 0.018988844054118204 -0.0808945990958839 0.01708984375 0.04633107938893062 0.10416666666666667 -0.00957723354768094 0.12285336856010569 -0.005471207769115033 0.11039426523297494 -0.07919547454431175 -0.2697759487882946 -1.5335648148148147 -0.8815998049018411 -0.2518518518518519 -0.19416259551547038 -0.1766830023213825 -0.13073570879261728 -0.029112081513828242 -0.08967950602763891 -0.1740211311373524 -0.3511022979120495 -1.800840240717611 -4.387073694252324 -1.6798925650103773 -0.31312127236580517 -0.1094286804937015 -0.008931989281612865 -0.07260469337482174 -0.05563282336578581 -0.1252559315909912 -0.07792509886020006 -0.38524590163934425 -1.0703143748500117 -1.0440778133464663 -0.1663790978555583 0.0062453160129902485 0.0544959128065395 -0.06887755102040817 -0.0622923588039867 0.012800819252432155 -0.09569943289224953 -0.19310508233621607 -0.20387989620659833 -0.1793832166113773 -0.1301386523960107 -0.11835056683692538 -0.07625 -1.3877787807814458e-18 0.018245614035087725 0.040055075729127546 -0.04740406320541761 -0.04311812095767616 0.014499758337361047 0.04131255901794146 0.007199424046076314 -0.04442250740375123 0.014930944382232175 -0.019910403185664508 -0.05000000000000001
0.04905567819475105 -0.013496794511303561 -0.01362088535754824 -0.030127462340672075 0.033050047214353166 0.07214665878178593 0.004898958971218617 0.1419902912621359 0.007679508511455269 0.15099044188945837 0.04554655870445344 0.025675510453600687 -0.04996431120628121 -0.009753718605218238 0.10639645345155162 0.03564405113077679 0.007863695937090437 0.02934796478244226 0.08404464871963231 0.0221483942414175 0.07784583971413986 -0.06655163914222331 0.015587529976019188 -0.06649251959154595 0.07437804565273146 -0.05471434024685075 0.04390633315593401 -0.08886631966484702 0.07624398073836278 -0.08797231035477357 -0.02563773875144213 0.05459292665558983 0.0035688793718772287 0.0341796875 0.0638617580766341 0.10416666666666666 -0.006840881105486385 0.12417437252311758 0.010942415538230063 0.1318996415770609 -0.06033940917661847 -0.13603109282121628 -0.6851851851851852 -0.7108889159858554 -0.21975308641975308 -0.1703620192909934 -0.1689450606138767 -0.10253781081773905 -0.013232764324467386 -0.07056748015289618 -0.18272218769422002 -0.3149422605855593 -1.7452026796866131 -4.387073694252325 -2.087657184714931 -0.3653081510934394 -0.11070110701107012 -0.0102079877504147 -0.07390120575651499 -0.047287899860917935 -0.13368661929423098 -0.09071877180739708 -0.3934426229508196 -1.1759059275257977 -1.4786998276286627 -0.26250924328321423 -0.013739695228578564 0.019816695566014373 -0.0778061224489796 -0.09136212624584718 0.00640040962621608 -0.0945179584120983 -0.16467243217628247 -0.21994316075620907 -0.18798378179137484 -0.1471661396253953 -0.12333374859848015 -0.09 -0.007851347814708195 0.0070175438596491255 0.025034422330704725 -0.03724604966139955 -0.04425280835129922 -0.002416626389560175 0.023607176581680822 5.204170427930421e-19 -0.03948667324777888 0.0037327360955580445 -0.004977600796416125 -0.048684210526315795
0.05273485405935737 -0.01912045889101338 0.00340522133938706 -0.03592120509849363 0.02006610009442871 0.07332939089296275 0.013472137170851195 0.1407766990291262 0.017918853193395628 0.15099044188945837 0.03669028340080971 0.03790194400293434 -0.05115393766357362 -0.018288222384784197 0.08106396453451552 0.035644051130776795 -0.0065530799475753574 0.029347964782442264 0.07616546290216678 0.0221483942414175 0.08295048494129657 -0.06901651466600936 0.028776978417266185 -0.07599145096176681 0.06027186458066171 -0.05089706069474488 0.05055880787653007 -0.0952139139266218 0.08293204922418405 -0.09662532448802999 -0.012818869375721065 0.05103251839544267 -6.938893903907229e-19 0.0341796875 0.05760080140245429 0.10416666666666667 -0.0013681762210972753 0.130779392338177 0.02188483107646013 0.13620071684587814 -0.03896920175989944 -0.09487882944673068 -0.26388888888888884 -0.5499329350079258 -0.20493827160493824 -0.16785669547789056 -0.1612071189063709 -0.09997436554729558 -0.003969829297340214 -0.06909732431637754 -0.17153511497824736 -0.27294995917415144 -1.3250823208811173 -4.0770331504889095 -2.2842143816383835 -0.44483101391650093 -0.13614963735844254 -0.0063799923440091885 -0.08297679242836771 -0.0458970792767733 -0.12886908346380826 -0.10351244475459409 -0.3723653395784543 -1.1831053515718741 -1.9527210046786503 -0.4609317229479911 -0.05246065450911815 -0.017339608620262566 -0.08290816326530612 -0.11074197120708748 0.010240655401945726 -0.09215500945179585 -0.13150100698969316 -0.21376498208328187 -0.21132817299422535 -0.1690586232060326 -0.12333374859848012 -0.1025 -0.006542789845590162 -0.0070175438596491195 0.03004130679684567 -0.024830699774266368 -0.03744468398956088 0.0012083131947800856 0.020066100094428697 0.004799616030717542 -0.041954590325765054 0.012442453651860145 -0.001244400199104031 -0.03289473684210527
0.06867794947265146 -0.020245191766955346 0.04426787741203178 -0.04287369640787948 0.03659112370160529 0.0697811945594323 0.02694427434170239 0.14320388349514562 0.03583770638679125 0.15376090871311818 0.04681174089068826 0.04156987406773444 -0.024982155603140616 -0.019507437210436476 0.06333122229259025 0.04424778761061947 0.001310615989515073 0.03445195865764961 0.08273145108338804 0.030454042081949063 0.08550280755487494 -0.05545969928518609 0.055155875299760196 -0.06649251959154595 0.04360092331367016 -0.03181066293421555 0.05055880787653007 -0.09140535736955693 0.08025682182985555 -0.08941447937698298 0.011536982438148954 0.04272489912176597 0.02855103497501784 0.02685546875 0.06761833208114199 0.09889240506329114 0.012313585989875492 0.12681638044914134 0.027356038845575158 0.1275985663082437 -0.02262727844123193 -0.056012802926383165 -0.05324074074074074 -0.3877575905377393 -0.18765432098765428 -0.16159338594513345 -0.14702089244261024 -0.08972058446552167 0.014556040756914124 -0.06027638929726551 -0.15164698570540708 -0.22279248804385862 -0.8425116384693995 -3.7526830431671834 -2.356244658771823 -0.6088469184890656 -0.16541544725792084 -0.0063799923440091885 -0.08168028004667446 -0.03616133518776078 -0.11441647597254004 -0.08839264945336126 -0.32903981264637006 -1.145908327333813 -2.2679143068209795 -0.9021444417056939 -0.11991006744941295 -0.05078028238791181 -0.10459183673469388 -0.11212624584717608 0.028161802355350745 -0.08506616257088848 -0.07226631915649803 -0.20140862473742738 -0.21255682516279642 -0.184869861347604 -0.1283169303600349 -0.10874999999999999 0.003925673907354094 -0.021052631578947368 0.04631368131180373 -0.023702031602708805 -0.013616248723476687 -0.010874818753020783 0.012983947119924455 -0.004799616030717543 -0.051826258637709774 0.008709717556302102 -0.01368840219014435 -0.03157894736842106
0.05518763796909491 -0.011247328759419634 0.02724177071509648 -0.041714947856315174 0.009442870632672334 0.0709639266706091 0.013472137170851198 0.14927184466019416 0.020478689363880715 0.1523756753012883 0.03036437246963562 0.04034723071280107 -0.0344991672614799 -0.024384296513045595 0.0253324889170361 0.05285152409046214 -0.02883355176933159 0.03827995406405513 0.05646749835850297 0.03322259136212625 0.07912200102092903 -0.060389450332758186 0.06834532374100719 -0.07242935169793398 0.02436522185175687 -0.03181066293421555 0.038584353379457155 -0.1015615081883966 0.07089352594970573 -0.08797231035477358 0.005127547750288423 0.04747211013529552 0.02260290268855579 0.01953125 0.04132231404958677 0.09757383966244726 -0.006840881105486386 0.12417437252311755 0.017781425249623853 0.11899641577060933 -0.021370207416719043 -0.03200731595793324 0.002314814814814813 -0.25240824289720765 -0.18641975308641973 -0.13904547162720785 -0.15604849110136704 -0.06152268649064343 0.002646552864893476 -0.0455748309320788 -0.14543194530764453 -0.1831330922664178 -0.47008061769047355 -3.286429763892201 -2.3611280673910393 -0.7815606361829026 -0.20231581626161085 -0.012759984688018375 -0.08556981719175419 -0.033379694019471495 -0.12886908346380826 -0.0732728541521284 -0.3302107728337237 -1.108711303095752 -2.4390544200935724 -1.3433571604633967 -0.23732200849362978 -0.08422095615556105 -0.14030612244897958 -0.1273532668881506 0.016641065028161806 -0.0697069943289225 -0.09714488804644 -0.18905226739157296 -0.25433099889421307 -0.2006810994891754 -0.155724430048586 -0.11500000000000002 -0.01962836953677048 -0.03508771929824561 0.03379647014645137 -0.014672686230248307 -0.011346873936230573 -0.035041082648622525 -0.0023607176581680834 -0.01079913606911447 -0.0740375123395854 0.013686699017046161 -0.03608760577401692 -0.014473684210526323
0.03924454255580083 -0.017995726015071416 0.0056753688989784334 -0.054461181923522596 -0.0035410764872521234 0.04967474866942638 0.014696876913655852 0.12742718446601942 0.012799180852425443 0.13298240753566976 0.021508097165991905 0.052573664262134744 -0.032119914346895075 -0.030480370641306997 0.01266624445851805 0.06637168141592921 -0.031454783748361734 0.04976394028327166 0.049901510177281685 0.04844961240310078 0.0765696784073507 -0.04190288390436282 0.0647482014388489 -0.06055568748515792 0.021800461656835093 -0.02035882427789796 0.04656732304417242 -0.09013583851720199 0.0749063670411985 -0.06345543697721374 -0.007691321625432639 0.043911701875148354 0.008327385201046873 0.003662109375 0.028800400701227153 0.08966244725738395 -0.013681762210972776 0.11096433289299867 -0.005471207769115029 0.0960573476702509 -0.012570710245128857 -0.013717421124828539 0.030092592592592594 -0.1572978905011584 -0.1617283950617284 -0.12150820493548793 -0.13283466597884963 -0.04101512432709562 0.017202593621807597 -0.027932960893854754 -0.12927284027346178 -0.15280531902484545 -0.24071761099125694 -2.6460767946577626 -2.2732267122451475 -0.9853379721669979 -0.2443058913347754 -0.019139977032027564 -0.07649423051990148 -0.013908205841446456 -0.15054799470071056 -0.07676203768318214 -0.3372365339578455 -1.0571154307655386 -2.463678896823442 -1.9546462903623367 -0.41343992005995506 -0.14614812979935596 -0.19515306122448978 -0.15780730897009967 0.012800819252432155 -0.06379962192816635 -0.1018836630730956 -0.15692573829235143 -0.25801695539992625 -0.19216735587448308 -0.1582160209293634 -0.10625 -0.020936927505888513 -0.016842105263157894 0.036299912379521834 -0.0045146726862302505 -0.003404062180869171 -0.045915901401643304 0.00590179414542021 -0.015598752099832015 -0.0740375123395854 0.016175189747418186 -0.038576406172224985 -2.7755575615628915e-18
0.03433897473632573 -0.01912045889101338 0.011350737797956867 -0.04866743916570104 -0.004721435316336164 0.031933767001774103 0.007348438456827927 0.11650485436893201 0.0012799180852425414 0.13575287435932956 0.026568825910931175 0.058686881036801565 -0.039257673090649536 -0.009753718605218249 -0.001266624445851805 0.06760078662733529 -0.02621231979030144 0.05359193568967717 0.05121470781352595 0.060908084163898125 0.0765696784073507 -0.027113630761646534 0.07553956834532374 -0.04393255758727142 0.019235701461913318 -0.015269118208423462 0.0532197977647685 -0.07997968769836232 0.08025682182985552 -0.04614940871070091 -0.00384566081271632 0.047472110135295516 0.021413276231263382 -0.006103515625 0.025043826696719264 0.07120253164556962 -0.01094540976877822 0.10568031704095113 -0.015045821365066336 0.0946236559139785 0.0025141420490257665 -0.005715592135345222 0.043981481481481476 -0.09145226191927813 -0.14320987654320985 -0.1139922334961794 -0.11993809646633997 -0.035888233786208666 0.03043535794627498 -0.02499264922081741 -0.10441267868241141 -0.13880788522104281 -0.13284887021687294 -1.8662055807297875 -2.1413746795263098 -1.235089463220676 -0.2837511133732027 -0.05869592956488452 -0.050563982886036564 -0.015299026425591106 -0.15295676261592198 -0.061642242381949285 -0.29625292740046844 -0.9563234941204704 -2.437823196257079 -2.679319694355435 -0.5683237571821135 -0.21922219469903395 -0.2308673469387755 -0.16334440753045404 0.019201228878648235 -0.06261814744801512 -0.1018836630730956 -0.12356357345854443 -0.24450178154564442 -0.19459985405010943 -0.16070761181014076 -0.12374999999999999 -0.019628369536770482 -0.014035087719298242 0.03629991237952184 0.0033860045146726857 0.004538749574492226 -0.03262445625906235 0.009442870632672332 -0.0167986561075114 -0.06663376110562684 0.006221226825930073 -0.031110004977600796 0.009210526315789473
0.034338974736325724 0.004498931503767856 0.012485811577752554 -0.024333719582850515 -0.0059017941454202055 0.04139562389118866 0.0024494794856093132 0.13834951456310676 -0.0012799180852425458 0.15099044188945837 0.02277327935222672 0.06602274116640176 -0.038068046633357125 -0.0036576444769568462 -0.013932868904369854 0.055309734513274346 -0.0327653997378768 0.049763940283271656 0.028890347997373604 0.04983388704318937 0.07912200102092903 -0.00862706433325117 0.08273381294964027 -0.034433626217050574 0.015388561169530652 -0.01526911820842346 0.06386375731772218 -0.0685540180271677 0.07891920813269127 -0.0374963945774445 0.00384566081271632 0.054592926655589846 0.0344991672614799 0.00732421875 0.028800400701227146 0.06592827004219409 -0.009577233547680943 0.11624834874504623 -0.010942415538230063 0.10896057347670252 0.003771213073538651 -0.0022862368541380906 0.04513888888888888 -0.07072308255090842 -0.12098765432098765 -0.10397093824376802 -0.1147794686613361 -0.016662394257882594 0.030435357946274978 -0.011761246692149367 -0.09446861404599131 -0.10031494226058557 -0.08515953219030317 -1.0899117576913901 -1.926504700280796 -1.4152584493041749 -0.38045552869321797 -0.06379992344009187 -0.03370932192402437 0.01668984700973574 -0.16018306636155608 -0.04419632472668063 -0.26112412177985944 -0.796736261099112 -2.3245506032996794 -3.304165639635199 -0.8705970522108417 -0.29972752043596734 -0.2665816326530612 -0.15503875968992248 0.023041474654377885 -0.05434782608695652 -0.1042530505864234 -0.1272704806623008 -0.23098660769136262 -0.18851860861104353 -0.1706739753332503 -0.11499999999999999 -0.03402250719706883 -0.005614035087719299 0.04255851796219802 0.012415349887133184 0.01021218654260751 -0.021749637506041565 0.009442870632672334 0.004799616030717541 -0.07403751233958537 0.017419435112604204 -0.04106520657043304 0.014473684210526316
0.03924454255580082 0.011247328759419636 0.02043132803632236 0.009269988412514484 -0.007082152974504247 0.042578356002365474 0.003674219228413967 0.13228155339805825 0.005119672340970176 0.1454495082421388 0.025303643724696356 0.06602274116640176 -0.03687842017606472 0.01463057790782735 -0.031665611146295125 0.04301868239921337 -0.049803407601572744 0.054867934158479 6.938893903907229e-19 0.0664451827242525 0.07529351710056151 -0.0049297510475720925 0.08153477218225419 -0.026122061268107327 0.007694280584765324 -0.02544853034737244 0.0745077168706759 -0.06855401802716769 0.07490636704119849 -0.02884338044418806 0.0025637738751442137 0.06527415143603134 0.04044729954794195 0.029296875 0.030052592036063107 0.050105485232067516 -0.009577233547680943 0.10832232496697489 -0.013678019422787579 0.1032258064516129 0.018856065367693277 0.010288065843621403 0.04976851851851851 -0.04999390318253871 -0.10246913580246912 -0.0914443191782538 -0.12509672427134383 0.002563445270443476 0.02117242291914781 0.004410467509556012 -0.0857675574891237 -0.10148139507756912 -0.055637561030998074 -0.5091819699499166 -1.604199731412526 -1.5805168986083498 -0.5509606820206133 -0.11228786525456169 -0.025930247633864905 0.01808066759388039 -0.15656991448873903 -0.04187020237264479 -0.23185011709601877 -0.5651547876169906 -2.112780103422802 -3.7355188562977575 -1.362727954034474 -0.4223433242506812 -0.3112244897959183 -0.16888150609080843 0.03712237583205326 -0.05552930056710775 -0.08411325672313708 -0.11985666625478808 -0.21378547733136744 -0.18973485769885673 -0.1781487479755824 -0.12374999999999999 -0.04449097095001309 -0.0042105263157894745 0.040055075729127546 0.013544018058690748 0.015885623510722795 -0.0036249395843402565 0.009442870632672335 0.02159827213822894 -0.07403751233958539 0.02115217120816225 -0.03235440517670483 0.023684210526315787
0.042923718420407146 -0.0011247328759419624 0.036322360953461974 0.011587485515643104 -0.00236071765816808 0.021289178001182733 0.013472137170851195 0.10558252427184467 0.019198771278638168 0.1232857736528605 0.03162955465587045 0.0721359579410686 -0.015465143944801335 0.03901487442087296 -0.021532615579480684 0.044247787610619475 -0.023591087811271297 0.07145591425290289 0.023637557452396585 0.09136212624584719 0.08039816232771821 -0.0073946265713581445 0.08393285371702637 -0.008311564948943247 0.014106181072069762 -0.03944522203842728 0.087812666311868 -0.06347594261774787 0.08560727661851256 -0.018748197288722238 0.012818869375721065 0.046285307381913124 0.05472281703545088 0.0341796875 0.03881793137991485 0.015822784810126576 0.002736352442194555 0.07529722589167766 -0.00410340582683627 0.08745519713261649 0.03268384663733501 0.009144947416552354 0.07986111111111109 -0.03536154127545421 -0.0654320987654321 -0.07641237629963674 -0.10446221305132837 0.0269161753396565 0.047637951568082586 0.02646280505733608 -0.0733374766935985 -0.07931879155488161 -0.017031906438060636 -0.10255187216789893 -1.2721279453058236 -1.6277335984095427 -0.7901768672859142 -0.13142784228658927 -0.018151173343705432 0.03616133518776078 -0.1481392267854992 -0.05233775296580599 -0.19320843091334897 -0.34197264218862494 -1.8936222605269635 -3.9598225289622873 -1.9885086185360978 -0.5746841714144166 -0.34566326530612246 -0.1993355481727575 0.052483358934971844 -0.05789224952741021 -0.0497571377798839 -0.11862103052020265 -0.190441086128517 -0.19095110678666988 -0.1806403388563598 -0.12625 -0.04841664485736718 -0.005614035087719299 0.03755163349605707 0.018058690744920995 0.02155906047883808 0.016916384726921214 0.009442870632672334 0.03959683225341972 -0.07403751233958539 0.031106134129650364 -0.031110004977600796 0.0381578947368421
0.04782928623988225 -0.019120458891013385 0.03859250851305335 0.015063731170336037 0.0023607176581680856 -0.002365464222353636 0.003674219228413967 0.07160194174757281 0.019198771278638165 0.10527773929907189 0.0215080971659919 0.06724538452133513 -0.016654770402093743 0.05364545232870031 -0.024065864471184296 0.028269419862340217 -0.017038007863695935 0.07017991578410106 0.03282994090610637 0.09689922480620156 0.06763654925982644 -0.008627064333251167 0.07673860911270983 -0.0011873664212776048 0.0012823800974608875 -0.05471434024685075 0.05987227248536455 -0.05331979179890821 0.0615302300695559 -0.007210845111047015 0.014100756313293166 0.024922857821030146 0.04996431120628123 0.03173828125 0.043826696719258706 -0.006592827004219409 0.009577233547680941 0.054161162483487436 0.010942415538230065 0.07885304659498207 0.0414833438089252 0.010288065843621397 0.09375 -0.01341299841482746 -0.03703703703703704 -0.060127771514468256 -0.10446221305132837 0.035888233786208666 0.05425433373031626 0.03675389591296678 -0.08079552517091361 -0.08048524437186517 0.004541841716816169 0.10970665394705463 -0.891222073006959 -1.6463717693836977 -1.157908130805446 -0.2207477351027179 -0.05704654479450279 0.0305980528511822 -0.14452607491268216 -0.07908816003721796 -0.18032786885245902 -0.17518598512119027 -1.553804481654765 -4.027606605866405 -2.7541843617287034 -0.7839980183304434 -0.3762755102040817 -0.2477851605758583 0.065284178187404 -0.06379962192816635 -0.03198673142992538 -0.1087359446435191 -0.16586804275709546 -0.19824860131354902 -0.19932727046219012 -0.15499999999999997 -0.05495943470295733 -0.023859649122807018 0.02878958568031042 0.014672686230248307 0.024963122659707255 0.022957950700821655 0.014164305949008502 0.03839692824574034 -0.09748272458045411 0.022396416573348267 -0.05102040816326531 0.04473684210526316
0.056414029923963695 -0.02699358902260713 0.04426787741203178 0.019698725376593278 0.01298394711992446 -0.013010053222945003 0.008573178199632579 0.05461165048543689 0.02175860744912326 0.0858844715334534 0.017712550607287443 0.06480009781146841 -0.026171782060433024 0.05974152645696172 -0.034198860037998734 0.02089478859390364 -0.02228047182175622 0.07017991578410106 0.021011162179908078 0.10243632336655592 0.0816743236345074 -0.01725412866650234 0.07074340527577937 0.002374732842555213 0.007694280584765326 -0.07125588497264282 0.05854177754124533 -0.06093690491303796 0.05350454788657035 -0.005768676088837611 0.028201512626586333 0.02136244956088298 0.05591244349274328 0.030517578125 0.056348610067618335 -0.007911392405063288 0.015049938432070049 0.054161162483487436 0.004103405826836273 0.07455197132616487 0.04651162790697674 0.00571559213534522 0.07986111111111112 -0.004877453969028167 -0.03703703703703705 -0.0513591381686083 -0.10962084085633221 0.03973340169187388 0.04366812227074236 0.04263451925904146 -0.062150403977625855 -0.08515105563979938 0.015896446008856587 0.19079418077748628 -0.4419484800390673 -1.6525844930417495 -1.5676294693981423 -0.3087916294500447 -0.07260469337482173 0.016689847009735748 -0.13609538720944236 -0.07676203768318213 -0.15690866510538642 -0.08159347252219823 -1.076089633095297 -4.054720236628051 -3.5523357481888582 -0.97225662620758 -0.4387755102040817 -0.2823920265780731 0.07296466973886329 -0.06143667296786389 -0.02961734391659756 -0.088965772890152 -0.15358152107138467 -0.1909511067866699 -0.2229973838295752 -0.16749999999999998 -0.05888510861031145 -0.019649122807017545 0.0350481912629866 0.0033860045146726853 0.0238284352660842 0.026582890285161913 0.02950897072710103 0.04079673626109911 -0.09995064165844028 0.022396416573348267 -0.06097560975609756 0.04473684210526315
0.06499877360804514 -0.025868856146665165 0.04767309875141884 0.0220162224797219 0.028328611898016998 -0.011827321111768183 0.015921616656460504 0.06796116504854369 0.024318443619608346 0.09558110541626265 0.02024291497975708 0.06357745445653504 -0.033309540804187486 0.06705681541087541 -0.013932868904369854 0.022123893805309734 -0.020969855832241154 0.08293990047211944 0.021011162179908078 0.11212624584717608 0.0701888718734048 -0.011091939857037223 0.062350119904076726 0.014248397055331269 0.017953321364452424 -0.06743860542053695 0.045236828100053215 -0.05331979179890822 0.04414125200642055 0.014421690222094033 0.021792077938725805 0.027296463327794923 0.05353319057815846 0.03662109375 0.07012271475081391 -0.002637130801687765 0.019154467095361883 0.06472919418758256 -0.004103405826836273 0.07168458781362007 0.041483343808925204 0.018289894833104708 0.07523148148148148 0.014632361907084501 -0.023456790123456788 -0.026305900037579856 -0.10317255610007739 0.057677518584978216 0.03969829297340215 0.06321670097030285 -0.07085146053449347 -0.07931879155488161 0.012490064721244462 0.20987359885523488 -0.20266145769747285 -1.5631212723658052 -1.9429952920218856 -0.627791246650504 -0.12187216387916507 0.008344923504867872 -0.13248223533662531 -0.06047918120493138 -0.1440281030444965 -0.033597312215022795 -0.5515882787490766 -3.8550653192013806 -3.8633524856357733 -1.274461233589299 -0.5102040816326532 -0.2782392026578073 0.07168458781362007 -0.05671077504725898 -0.03198673142992538 -0.077845051278883 -0.12655117336282098 -0.1617611286791535 -0.25538806527968105 -0.17 -0.0654278984559016 -0.005614035087719298 0.02878958568031042 -0.0011286681715575605 0.02269374787246114 0.019333011116481388 0.03186968838526912 0.045596352291816654 -0.11846001974333661 0.02115217120816225 -0.06719761075161772 0.05
0.06254598969830757 -0.017995726015071416 0.043132803632236094 0.033603707995365 0.028328611898016998 0.003548196333530454 0.013472137170851195 0.07888349514563107 0.012799180852425446 0.10389250588724201 0.017712550607287447 0.0721359579410686 -0.04401617891981919 0.06949524506217997 0.00506649778340722 0.02581120943952802 -0.02228047182175622 0.09442388669133597 0.017071569271175313 0.11489479512735327 0.06253190403266973 -0.008627064333251175 0.04916067146282975 0.023747328425552126 0.030777122339061297 -0.06489375238579971 0.03592336349121873 -0.04570267868477847 0.03344034242910647 0.021632535333141047 0.011536982438148956 0.045098504628530746 0.03449916726147989 0.06103515625 0.07638367142499373 0.02241561181434599 0.017786290874264605 0.10039630118890357 -0.017781425249623853 0.0960573476702509 0.04022627278441232 0.029721079103795157 0.07870370370370369 0.03414217778319717 -0.0049382716049382715 -0.002505323813102843 -0.10059324219757546 0.06280440912586517 0.031758634378721715 0.06321670097030285 -0.07085146053449347 -0.0746529802869474 0.0 0.2325304078225614 -0.0708094249786351 -1.3817097415506958 -2.304364422954574 -1.0565267321679215 -0.17762219629197457 -0.00973574408901252 -0.14693484282789354 -0.06978367062107466 -0.15573770491803282 -0.022798176145908323 -0.17483378478207343 -3.4224796647769287 -4.0382213339995 -1.6299232103046815 -0.5625000000000001 -0.303156146179402 0.07040450588837685 -0.05434782608695652 -0.04027958772657268 -0.06178178672927222 -0.10689273866568375 -0.1374361469228898 -0.27282920144512274 -0.18375000000000002 -0.07458780423972783 -0.005614035087719299 0.03254474902991613 -0.004514672686230246 0.029501872234199478 0.031416143064282254 0.046033994334277614 0.06119510439164866 -0.12092793682132279 0.02115217120816225 -0.05102040816326532 0.055263157894736833
0.07358351729212656 -0.014621527387245526 0.06583427922814981 0.044032444959443806 0.044853635505193584 0.011827321111768185 0.014696876913655848 0.08009708737864077 0.02175860744912326 0.1080482061227317 0.029099190283400807 0.08558503484533561 -0.03568879371877231 0.08656425262131187 0.03293223559214693 0.031956735496558496 0.007863695937090433 0.10845986984815618 0.042022324359816156 0.12181616832779622 0.06763654925982644 0.003697313285679077 0.043165467625899276 0.040370458323438614 0.0410361631187484 -0.05853161979895659 0.035923363491218746 -0.029198933604164024 0.02808988764044944 0.020190366310931646 0.010255095500576853 0.0593401376691194 0.0475850582916964 0.079345703125 0.09266215877786126 0.03560126582278481 0.047886167738404706 0.12813738441215322 -0.013678019422787579 0.10896057347670252 0.036455059710873663 0.02629172382258802 0.08564814814814813 0.037800268259968295 0.009876543209876543 -0.005010647626205686 -0.09543461439257159 0.06024096385542169 0.025142252216488026 0.04410467509556014 -0.06463642013673089 -0.07931879155488161 -1.7347234759768072e-19 0.24683997138087282 0.008545965083628369 -1.190357852882704 -2.604657081053569 -1.5618221258134493 -0.22818617917801115 -0.031988873435326845 -0.13729977116704806 -0.059316120027913456 -0.13700234192037472 0.010799136069114474 0.04801772962324553 -2.962780379590831 -4.171871096677492 -1.9581372306167946 -0.6058673469387755 -0.303156146179402 0.0819252432155658 -0.04607750472589792 -0.01540101883663073 -0.03583343630297788 -0.06880452143998035 -0.10338117246412064 -0.28030397408745483 -0.1875 -0.07066213033237372 -0.0014035087719298245 0.030041306796845663 0.0011286681715575648 0.029501872234199478 0.04833252779120348 0.049575070821529746 0.07439404847612191 -0.12586377097729515 0.016175189747418193 -0.02488800398208063 0.055263157894736833
0.08216826097620797 -0.007873130131593749 0.0851305334846765 0.04982618771726536 0.05783758262511803 0.03075103489059728 0.009797917942437232 0.0983009708737864 0.01663893510815308 0.13021194071200998 0.02783400809716599 0.08558503484533564 -0.02736140851772544 0.07802974884174593 0.056998100063331225 0.018436578171091445 0.03014416775884666 0.10590787291055252 0.06040709126723572 0.11351052048726466 0.06125574272588056 -0.0049297510475720995 0.03237410071942446 0.042745191165993825 0.046165683508591945 -0.041990075073164504 0.03459286854709952 -0.003808556557064871 0.01203852327447833 0.027401211421978662 0.010255095500576848 0.05340612390220746 0.04044729954794195 0.08544921875 0.10017530678687706 0.04087552742616034 0.057463401286085646 0.1558784676354029 -0.008206811653672546 0.12329749103942651 0.03268384663733501 0.022862368541380886 0.08912037037037036 0.03292281429094013 0.024691358024691357 0.0012526619065514229 -0.08898632963631675 0.06536785439630864 0.025142252216488026 0.03234342840341076 -0.07582349285270354 -0.08165169718884871 -0.009083683433632337 0.2539947531600286 0.040288121108533755 -0.9393638170974155 -2.8362387072146586 -2.1411254306494834 -0.29041877349928696 -0.044506258692628656 -0.13850415512465372 -0.04070714119562687 -0.12295081967213115 0.026397888168946487 0.12189115981285399 -2.3403993098348534 -4.183112665500874 -2.256626207579886 -0.6556122448979592 -0.296234772978959 0.08704557091653867 -0.030718336483931945 0.005923468783319506 -0.02841962189546522 -0.030716304214276936 -0.0839211870591097 -0.271583406004734 -0.20249999999999999 -0.04972520282648521 0.004210526315789475 0.020027537864563776 -0.0022573363431151227 0.03177124702144559 0.050749154180763645 0.05311614730878187 0.0923926085913127 -0.13450148075024676 0.019907925842976237 -0.01866600298656048 0.06578947368421051
0.07480990924699533 0.0011247328759419607 0.08172531214528944 0.05909617612977983 0.05311614730878187 0.054405677114133646 0.004898958971218617 0.11286407766990292 0.02047868936388071 0.13298240753566976 0.02783400809716599 0.07580388800586871 -0.016654770402093743 0.06339917093391857 0.07219759341355289 0.0061455260570304785 0.03669724770642202 0.0956998851601378 0.06040709126723572 0.0899778516057586 0.058703420112302195 -0.018486566428395364 0.029976019184652276 0.028496794110662547 0.05642472428827905 -0.04326250159053312 0.03592336349121873 -0.010156150818839658 0.009363295880149813 -0.0014421690222094024 0.005127547750288425 0.0593401376691194 0.03449916726147989 0.10986328125 0.10768845479589281 0.06460970464135021 0.07798604460254481 0.18229854689564068 -0.0013678019422787573 0.1189964157706093 0.023884349465744813 0.021719250114311844 0.08449074074074073 0.024387269845140835 0.0345679012345679 -0.008768633345859953 -0.08898632963631675 0.06280440912586517 0.018525870054254334 0.014701558365186707 -0.09322560596643878 -0.09564913099265135 -0.028386510730101056 0.25160982590031006 0.05982175558539861 -0.6771868787276341 -3.044916656063112 -2.802092637488835 -0.37080254116426814 -0.06536856745479833 -0.12766469950620257 -0.04419632472668062 -0.11241217798594846 0.029997600191984643 0.19207091849298202 -1.5947744638895736 -4.141893579815139 -2.5291057716125835 -0.7028061224489796 -0.3239202657807309 0.07424475166410649 -0.0330812854442344 0.009477550053311218 -0.03830470777214877 -0.031944956382848014 -0.07905619070785697 -0.2902703376105643 -0.22374999999999998 -0.058885108610311446 -0.008421052631578945 0.01627237451495807 -0.0033860045146726836 0.027232497446953368 0.048332527791203485 0.05193578847969782 0.09719222462203023 -0.1567127344521224 0.006221226825930076 -0.02613240418118467 0.06447368421052631
0.09075300466028942 -0.023619390394781236 0.09761634506242904 0.04982618771726535 0.06373937677053824 0.043761088113542276 0.009797917942437232 0.09587378640776698 0.016638935108153077 0.11774484000554095 0.036690283400809716 0.0648000978114684 -0.020223649773970974 0.06339917093391856 0.07473084230525649 0.024582104228121925 0.04062909567496723 0.10718387137935434 0.05778069599474721 0.09551495016611297 0.06253190403266973 -0.039438008380576775 0.02398081534772182 0.018997862740441702 0.056424724288279035 -0.03690036900369002 0.0212879191059074 0.01015615081883966 -0.004012841091492777 0.005768676088837611 0.019228304063581593 0.051032518395442684 0.04401617891981918 0.11962890625 0.11645379413974455 0.08306962025316456 0.09714051169790669 0.2087186261558785 -0.016413623307345096 0.1060931899641577 0.032683846637335014 0.022862368541380886 0.10069444444444442 0.03414217778319717 0.04567901234567901 0.012526619065514217 -0.09027598658756772 0.07305819020763907 0.0066163821622336905 0.01176124669214937 -0.1019266625233064 -0.10031494226058557 -0.03974111502214147 0.2551872167898879 0.06470516420461482 -0.4361332007952286 -3.144165924417865 -3.5511037386755135 -0.47582004408142103 -0.09735744089012517 -0.1011682524388775 -0.04535938590369852 -0.09250585480093677 0.0335973122150228 0.22038906673233197 -0.9452797633719499 -3.9158131401448912 -2.7297498142184793 -0.7321428571428572 -0.34883720930232565 0.07424475166410649 -0.03780718336483932 0.018955100106622436 -0.02841962189546522 -0.02580169553999263 -0.05959620530284602 -0.2877787467297869 -0.24624999999999994 -0.058885108610311446 -0.005614035087719296 0.016272374514958065 -0.012415349887133184 0.0238284352660842 0.03866602223296278 0.05075542965061378 0.0815934725221982 -0.1665844027640671 -0.012442453651860147 -0.027376804380288704 0.07105263157894735
0.09320578857002697 -0.03374198627825891 0.09875141884222474 0.049826187717265345 0.07318224740321058 0.04849201655824956 0.019595835884874464 0.10436893203883493 0.024318443619608342 0.12051530682920072 0.041751012145748986 0.06357745445653502 -0.010706638115631693 0.0670568154108754 0.08486383787207094 0.045476892822025564 0.05635648754914809 0.11356386372336354 0.07485226526592252 0.0872093023255814 0.07656967840735068 -0.03204338180921863 0.034772182254196635 0.027309427689384946 0.06283662477558347 -0.007634559104211723 0.019957424161788185 0.05458931065126318 1.3877787807814458e-18 0.02595904239976925 0.028201512626586333 0.054592926655589846 0.05710206995003568 0.12939453125 0.1252191334835963 0.11735232067510548 0.11629497879326858 0.25891677675033026 -0.01504582136506634 0.11182795698924733 0.04022627278441232 0.04229538180155464 0.1145833333333333 0.04633581270576759 0.06666666666666667 0.0288112238506827 -0.06577250451379933 0.06793129966675213 0.013232764324467383 0.01323140252866803 -0.09571162212554382 -0.07815233873789806 -0.03974111502214148 0.2635344621989029 0.08545965083628372 -0.24353876739562624 -3.0716376129278533 -4.397090723491131 -0.5756514974718009 -0.12656467315716274 -0.09032879682042635 -0.029076529425447778 -0.07962529274004684 0.05159587233021358 0.23762620044324057 -0.4769534138526004 -3.4661503872095927 -2.7953926182809017 -0.7372448979591837 -0.3488372093023256 0.07040450588837685 -0.030718336483931945 0.01895510010662244 -0.02594835042629433 -0.011057869517139697 -0.04135246898564826 -0.26161704248162454 -0.26375000000000004 -0.04579952891913112 -0.009824561403508772 0.01627237451495807 -0.0022573363431151196 0.02155906047883808 0.044707588206863214 0.05075542965061379 0.07319414446844252 -0.17275419545903256 -0.026129152668906308 -0.0273768043802887 0.06973684210526317
0.10179053225410839 -0.026993589022607133 0.10669693530079453 0.05561993047508691 0.08144475920679888 0.0638675340035482 0.029393753827311696 0.13106796116504854 0.034557788301548695 0.13021194071200998 0.04681174089068826 0.0574642376818682 -0.007137758743754466 0.062179956108266266 0.09373020899303357 0.058997050147492625 0.06422018348623854 0.12377185147377823 0.08010505581089955 0.07336655592469546 0.09060745278203164 -0.024648755237860486 0.049160671462829736 0.026122061268107337 0.08720184662734035 0.01526911820842346 0.045236828100053215 0.08378824425542719 0.022739432851792408 0.025959042399769254 0.03204717343930265 0.06171374317588417 0.05591244349274328 0.130615234375 0.13648885549711995 0.14240506329113922 0.14365850321521415 0.3157199471598415 0.0027356038845575163 0.1060931899641577 0.03771213073538655 0.051440329218107 0.11226851851851852 0.04999390318253871 0.07777777777777777 0.03256920957033697 -0.06061387670879546 0.05255062804409126 -0.007939658594680429 -0.0044104675095560176 -0.09571162212554382 -0.0699871690190132 -0.0510957193141819 0.2575721440496065 0.10377243315834453 -0.13916500994035785 -2.8718666497009795 -5.249457700650759 -0.7065992480228187 -0.1599443671766342 -0.0794893412019752 -0.0069783670621074625 -0.06440281030444966 0.06959443244540435 0.24993843880817534 -0.20828198175992116 -2.8628528603547347 -2.8300718355214265 -0.721938775510204 -0.33084163898117386 0.07040450588837685 -0.029536862003780716 0.017770406349958537 -0.02594835042629433 0.009829217348568621 -0.02675747993189005 -0.2304721564719073 -0.28875 -0.03009683328971473 -0.019649122807017545 0.035048191262986604 -0.009029345372460494 0.034040621808691704 0.05195746737554374 0.07554296506137867 0.06359491240700745 -0.1431391905231984 -0.049769814607440586 0.012444001991040315 0.06447368421052631
0.10056414029923962 -0.029243054774491056 0.11010215664018161 0.06141367323290846 0.08734655335221908 0.07569485511531639 0.04164115125535823 0.14805825242718446 0.04223729681300397 0.13298240753566976 0.03415991902834008 0.050128377552268 -0.0059481322864620555 0.06339917093391857 0.07726409119696011 0.07128810226155358 0.04849279161205766 0.13270384075539107 0.07485226526592254 0.05675526024363233 0.10209290454313424 -0.02095144195218141 0.06474820143884892 0.030871526953217765 0.10900230828417541 0.03690036900369004 0.08781266631186802 0.11806525326901104 0.06286784376672017 0.01874819728872224 0.025637738751442124 0.06764775694279611 0.06542945515108256 0.13916015625 0.13648885549711995 0.1529535864978903 0.14913120809960326 0.36327608982826953 -0.013678019422787579 0.0974910394265233 0.021370207416719043 0.04572473708276177 0.11458333333333334 0.043897085721253504 0.06666666666666667 0.025053238131028437 -0.06964147536755223 0.029479620610099972 -0.0383750165409554 -0.03822405174948544 -0.09322560596643878 -0.06298845211711186 -0.06926308618144657 0.2575721440496065 0.11353925039677695 -0.06336978131212723 -2.5741188446367222 -6.07630470843435 -0.8803319071697135 -0.18915159944367174 -0.07587618932915814 0.00930448941614329 -0.053864168618267 0.10079193664506839 0.24501354346220144 -0.0948977076657629 -2.130901823632276 -2.7631904879861287 -0.7232142857142857 -0.3086932447397564 0.060163850486431136 -0.0330812854442344 0.02013979386328634 -0.022241443222537998 0.012286521685710776 -0.0036487472634395522 -0.20306465678335614 -0.28875 -0.017011253598534413 -0.011228070175438596 0.0312930279133809 -0.009029345372460494 0.03857937138318394 0.06162397293378443 0.08734655335221908 0.06839452843772499 -0.12462981243830207 -0.07341047654597486 0.03982080637132902 0.057894736842105256
0.09565857247976453 -0.012372061635361604 0.10215664018161179 0.06952491309385864 0.08380547686496695 0.09698403311649911 0.03306797305572566 0.17475728155339804 0.03583770638679125 0.14960520847762848 0.03415991902834008 0.05501895097200147 -0.0023792529145848203 0.07193367471348452 0.07473084230525649 0.08357915437561456 0.05111402359108781 0.16460380247543702 0.07485226526592252 0.05813953488372092 0.09698825931597754 -0.0073946265713581445 0.06474820143884892 0.040370458323438614 0.1128494485765581 0.06743860542053695 0.09446514103246409 0.18534975244382376 0.06286784376672017 0.027401211421978655 0.028201512626586333 0.07358177070970805 0.05115393766357364 0.15380859375 0.13398447282744802 0.167457805907173 0.15597208920508962 0.4227212681638045 -0.03145944467241143 0.0874551971326165 0.021370207416719043 0.046867855509830816 0.11921296296296295 0.04633581270576759 0.07530864197530865 0.02129525241137417 -0.06964147536755223 -0.014098948987439113 -0.0833664152441445 -0.06027638929726551 -0.10565568676196395 -0.055989735215210536 -0.08061769047348699 0.2623419985690436 0.10743498962275669 0.0024850894632206777 -2.222929125842982 -6.866147760622686 -1.1292622844548166 -0.23226703755215575 -0.07346742141394678 0.0314026517794836 -0.05386416861826698 0.13078953683705302 0.23023885742427969 0.016021690904609316 -1.378965775668249 -2.6690611840475595 -0.715561224489796 -0.28792912513842744 0.05120327700972862 -0.030718336483931945 0.01895510010662244 -0.01977017175336711 0.011057869517139697 0.01216249087813184 -0.1681823844524729 -0.30125 -0.020936927505888506 -0.015438596491228071 0.038803354612592315 -0.002257336343115123 0.04879155792579145 0.06645722571290477 0.0932483474976393 0.07439404847612191 -0.11969397828232971 -0.09829538384969516 0.04728720756595321 0.06447368421052631
0.08094186902133924 -0.01124732875941964 0.08626560726447217 0.07300115874855156 0.06964117091595845 0.10053222945002957 0.013472137170851193 0.1589805825242718 0.028158197875335977 0.13713810777115945 0.036690283400809716 0.04890573419733463 0.00356887937187723 0.06949524506217997 0.07726409119696011 0.07989183874139627 0.05504587155963303 0.17863978563225724 0.09323703217334209 0.04568106312292358 0.11102603369065851 -0.009859502095144195 0.07793764988009591 0.040370458323438614 0.12310848935624519 0.06234889935106247 0.11176157530601386 0.21962676145740767 0.08426966292134833 0.010095183155465823 0.030765286501730542 0.06646095418941372 0.05234356412086606 0.150146484375 0.13273228149261207 0.15954641350210969 0.14229032699411684 0.44517833553500663 -0.054712077691150315 0.07885304659498207 0.023884349465744813 0.02400548696844993 0.11689814814814817 0.030484087306426044 0.07654320987654321 0.0 -0.09543461439257159 -0.24993591386823893 -0.2606854571920074 -0.12202293443104968 -0.09571162212554382 -0.06998716901901317 -0.0726694674690587 0.25637968041974724 0.114760102551581 0.009940357852882704 -1.8653772744623995 -7.094551486538217 -1.3768961493582264 -0.27816411682892905 -0.07467180537155246 0.038381018841591064 -0.05269320843091335 0.13558915286777057 0.21053927604038414 0.028346068523539557 -1.066699975018736 -2.4052514243249936 -0.667091836734694 -0.2865448504983389 0.04992319508448541 -0.03426275992438564 0.013031631323302928 -0.016063264549610774 0.0036859565057132324 0.017027487229384575 -0.1258253394792575 -0.2975 -0.005234231876472127 -0.022456140350877195 0.04255851796219802 0.0022573363431151274 0.0476568705321684 0.0737071048815853 0.09560906515580737 0.07679385649148068 -0.09748272458045408 -0.13437849944008956 0.06470881035340965 0.061842105263157886
0.06622516556291391 -0.024744123270723204 0.07037457434733256 0.056778679026651215 0.05547686496694996 0.08633944411590774 -0.00612369871402327 0.14563106796116504 0.024318443619608342 0.13159717412383984 0.03922064777327935 0.034234013938134245 0.009517011658339281 0.060960741282614014 0.07979734008866371 0.063913470993117 0.05897771952817824 0.17863978563225727 0.11162179908076167 0.03875968992248062 0.12506380806533945 -0.012324377618930245 0.09112709832134293 0.037995725480883404 0.1333675301359323 0.054714340246850734 0.1290580095795636 0.2335914688333122 0.10567148207597646 -0.00865301413325642 0.029483399564158436 0.06171374317588417 0.04758505829169642 0.126953125 0.1314800901577761 0.14767932489451477 0.12860856478314406 0.43328929986789955 -0.07796471070988922 0.057347670250896064 0.016341923318667507 0.013717421124828535 0.10532407407407407 0.009754907938056334 0.0654320987654321 -0.027558561944131275 -0.11735878256383803 -0.5011535503716995 -0.5941511181685855 -0.16759776536312848 -0.09322560596643878 -0.08398460282281581 -0.06472124446463041 0.23849272597185783 0.11964351117079722 0.004970178926441357 -1.5065529965644484 -6.956743651907617 -1.5843381304291457 -0.33379694019471484 -0.060219197880284236 0.04187020237264479 -0.05152224824355972 0.13198944084473244 0.19453336616596897 0.029578506285432588 -0.8493629777666749 -2.0819915779043847 -0.6096938775510206 -0.26716500553709854 0.03712237583205326 -0.04253308128544424 -0.0011846937566639044 -0.019770171753367108 -0.007371913011426463 0.013378739965945024 -0.09841783979070637 -0.28250000000000003 0.010468463752944256 -0.016842105263157898 0.03629991237952184 -0.0033860045146726823 0.035175309202314764 0.0737071048815853 0.08144475920679886 0.06839452843772498 -0.09378084896347481 -0.17046161503048401 0.05599800895968143 0.06447368421052631
0.0515084621044886 -0.023619390394781243 0.052213393870601574 0.05214368482039398 0.04131255901794146 0.08042578356002365 -0.015921616656460504 0.13956310679611653 0.019198771278638165 0.12744147388835017 0.030364372469635626 0.03178872722826751 0.007137758743754462 0.0426725188978298 0.06333122229259025 0.050393313667649944 0.03931847968545217 0.20033175960188848 0.11030860144451742 0.03183831672203764 0.11613067891781519 -0.008627064333251172 0.07913669064748201 0.02374732842555212 0.12823800974608873 0.07125588497264282 0.13437998935604045 0.2665989589945411 0.12172284644194757 0.0043265070666282076 0.03717472118959107 0.05577972940897223 0.03687842017606472 0.11962890625 0.12772351615326819 0.14767932489451477 0.10671774524558764 0.4214002642007926 -0.10532074955546437 0.053046594982078865 0.010056568196103082 0.009144947416552357 0.09375000000000003 -0.0012193634922570418 0.05555555555555556 -0.028811223850682705 -0.13283466597884963 -0.7459625736990516 -0.9183538441180362 -0.2117024404586886 -0.09073958980733374 -0.07115362183599674 -0.0613148631770183 0.23849272597185783 0.11598095470638506 0.01739562624254474 -1.2037154854307164 -6.610948066862319 -1.7917801115000649 -0.36300417246175243 -0.04576659038901601 0.039544080018608985 -0.05035128805620609 0.09599232061435084 0.1785274562915538 0.012324377618930247 -0.6320259805146139 -1.773594253158286 -0.5522959183673469 -0.2713178294573643 0.024321556579621095 -0.038988657844990546 -0.01540101883663073 -0.03583343630297788 -0.018429782528566162 0.003648747263439553 -0.07101034010215523 -0.2725 0.026171159382360636 -0.012631578947368424 0.04255851796219802 -0.009029345372460496 0.034040621808691704 0.05558240695988399 0.07436260623229463 0.06839452843772498 -0.07897334649555773 -0.18165982331715813 0.04728720756595321 0.06973684210526317
0.04169732646553838 -0.01574626026318749 0.03178206583427922 0.050984936268829675 0.028328611898017005 0.07332939089296274 -0.013472137170851195 0.12742718446601942 0.031997952131063614 0.11081867294639147 0.04807692307692307 0.03667930064800097 -0.00594813228646205 0.039014874420872966 0.054464851171627617 0.05039331366764995 0.027522935779816515 0.22967972438433076 0.1221273801707157 0.030454042081949063 0.11995916283818273 -0.018486566428395367 0.07434052757793766 0.009498931370220851 0.12054372916132343 0.04580735462527039 0.12506652474720595 0.27040751555160597 0.1203852327447833 -0.012979521199884627 0.04486604281502372 0.06527415143603134 0.02736140851772544 0.113525390625 0.12647132481843223 0.13844936708860758 0.1026132165822958 0.3883751651254953 -0.14361920393926958 0.031541218637992835 0.007542426147077312 -0.002286236854138088 0.06597222222222221 -0.009754907938056334 0.04444444444444444 -0.05261180007515972 -0.1534691771988651 -1.0099974365547297 -1.384147148339288 -0.2837400764481035 -0.08452454940957116 -0.07581943310393094 -0.06358578403542636 0.22537562604340566 0.0988890245391283 -0.004970178926441351 -0.9517750349917289 -6.142656628812045 -1.9175418125243096 -0.40751043115438107 -0.04335782247380464 0.037217957664573156 -0.058548009367681494 0.08159347252219823 0.16252154641713865 -0.012324377618930243 -0.4921309018236323 -1.483775080505326 -0.48469387755102045 -0.2823920265780731 0.024321556579621095 -0.050803402646502835 -0.026063262646605856 -0.04818979364883232 -0.02334439120285047 -0.008513743614692287 -0.04111124953282671 -0.26375000000000004 0.041873855011777025 -0.02947368421052631 0.045061960195268494 -0.00564334085778781 0.034040621808691704 0.045915901401643304 0.06255901794145421 0.055195584353251746 -0.0715695952615992 -0.20156774916013437 0.041065206570433055 0.05921052631578947
0.05028207014961983 -0.02136992464289731 0.040862656072644714 0.03707995365005794 0.03423040604343721 0.065050266114725 -0.003674219228413962 0.12742718446601942 0.03967746064251888 0.10666297271090179 0.04681174089068825 0.0464604474874679 -0.00356887937187723 0.03291880029261156 0.041798606713109566 0.052851524090462135 0.010484927916120582 0.2705116753859895 0.14445173998686803 0.04429678848283499 0.1237876467585503 -0.02095144195218142 0.08872901678657075 0.007124198527665634 0.11926134906386254 0.041990075073164525 0.11309207025013304 0.2932588548939952 0.1297485286249331 -0.002884338044418809 0.043584155877451604 0.06764775694279611 0.033309540804187486 0.098876953125 0.12271475081392433 0.13317510548523206 0.07798604460254481 0.3632760898282695 -0.17781425249623856 0.022939068100358416 0.008799497171590199 -0.008001828989483312 0.06828703703703703 -0.015851725399341543 0.04320987654320986 -0.0576224477013654 -0.1689450606138767 -1.2663419635990771 -1.9690353314807463 -0.34695677741840636 -0.07582349285270354 -0.07115362183599674 -0.03860565459293743 0.21583591700453134 0.09400561591991209 -0.008697813121272364 -0.7367349535564321 -5.576113308664029 -1.9771813820821986 -0.4436717663421419 -0.03613151872817054 0.032565712956501514 -0.0468384074941452 0.07439404847612192 0.15144053188869738 -0.023416317475967466 -0.4034474144391707 -1.1964329947981176 -0.423469387755102 -0.2740863787375415 0.03584229390681004 -0.04017013232514178 -0.007108162539983412 -0.05189670085258866 -0.015972478191424007 -0.002432498175626368 -0.006228977201943443 -0.23249999999999998 0.06019366657942947 -0.014035087719298244 0.04756540242833897 -0.0033860045146726866 0.04765687053216839 0.033832769453842435 0.06255901794145421 0.05519558435325174 -0.05676209279368214 -0.20530048525569242 0.04355400696864112 0.08157894736842106
0.03679175864606328 -0.010122595883477675 0.04086265607264472 0.037079953650057944 0.024787535410764876 0.0697811945594323 -0.0048989589712186195 0.12499999999999997 0.04223729681300396 0.10250727247541211 0.03542510121457489 0.045237804132534545 -0.002379252914584822 0.026822726164350157 0.03293223559214693 0.04670599803343166 -0.002621231979030142 0.2934796478244226 0.16546290216677612 0.05675526024363233 0.11613067891781521 -0.018486566428395364 0.08752997601918465 -0.0011873664212776066 0.1128494485765581 0.03053823641684692 0.12107503991484832 0.28691126063222044 0.12974852862493313 -0.02307470435535045 0.026919625689014227 0.06646095418941372 0.026171782060433024 0.103759765625 0.10894064613072878 0.1292194092827004 0.04925434395950197 0.31836195508586523 -0.20927369716864996 0.017204301075268817 -0.0037712130735386555 -0.03429355281207133 0.05555555555555556 -0.043897085721253504 0.03580246913580247 -0.08893899536515096 -0.19344854268764508 -1.5201230453729813 -2.5909752547307128 -0.42340488091737727 -0.0658794282162834 -0.07581943310393094 -0.026115589871692973 0.20271881707607914 0.09278476376510804 -0.029821073558648114 -0.5547779615727192 -4.901110118667857 -1.9719953325554258 -0.4617524339360223 -0.04335782247380465 0.029076529425447785 -0.042154566744730684 0.06719462443004562 0.12312238364934747 -0.030810944047325612 -0.35473394953784665 -0.957394104533069 -0.3788265306122449 -0.26162790697674426 0.034562211981566816 -0.034262759924385634 0.0023693875133278058 -0.05066106511800321 -0.013515173854281854 -0.0012162490878131847 0.01370374984427557 -0.20124999999999998 0.0693535723632557 -0.008421052631578949 0.04130679684566278 0.004514672686230249 0.04765687053216839 0.04108264862252295 0.05901794145420208 0.06119510439164867 -0.04812438302073051 -0.2127659574468085 0.03235440517670483 0.09736842105263158
0.0355653666911945 -0.0011247328759419629 0.03178206583427923 0.0324449594438007 0.023607176581680833 0.0709639266706091 -0.008573178199632575 0.12257281553398056 0.05119672340970177 0.09558110541626265 0.03542510121457489 0.04768309084240127 0.0023792529145848216 0.02804194099000244 0.03799873337555415 0.045476892822025564 -0.01965923984272608 0.3126196248564502 0.17728168089297439 0.05813953488372092 0.10974987238386932 -0.024648755237860493 0.08393285371702638 -0.013061030634053668 0.11669658886894074 0.021631250795266576 0.1184140500266099 0.26405992128983125 0.13509898341359017 -0.04903374675511969 0.0205101910011537 0.060526940422501785 0.01665477040209374 0.09521484375 0.102679689456549 0.11998945147679325 0.013681762210972776 0.23249669749009244 -0.3091232389549993 -0.011469534050179213 -0.011313639220615963 -0.061728395061728406 0.04282407407407407 -0.05365199365930984 0.03950617283950617 -0.10021295252411375 -0.21666236781016252 -1.6841835426813638 -3.150721185655683 -0.5013231402528668 -0.07085146053449347 -0.08165169718884871 -0.02270920858408084 0.2027188170760792 0.08301794652667562 -0.03479125248508946 -0.4606183992874412 -4.092127089447493 -1.9188383249060028 -0.46592489568845624 -0.03613151872817054 0.031402651779483606 -0.029274004683840747 0.062395008399328065 0.11450381679389313 -0.030810944047325612 -0.3197601798651012 -0.7939063661134506 -0.32525510204081637 -0.2602436323366556 0.03968253968253968 -0.0330812854442344 0.011846937566639024 -0.0420116149759051 -0.0036859565057132337 0.0060812454390659215 0.02242431792699639 -0.16375 0.08767338393090815 0.011228070175438596 0.04631368131180373 -0.002257336343115126 0.05219562010666061 0.044707588206863214 0.06964117091595845 0.05999520038396929 -0.032082922013820334 -0.21525444817718054 0.03857640617222498 0.09342105263157895
0.03679175864606328 -0.006748397255651781 0.02724177071509648 0.026651216685979147 0.03068932955618508 0.06859846244825547 -0.007348438456827919 0.13106796116504854 0.04479713298348906 0.09696633882809255 0.03162955465587044 0.04890573419733464 -0.014275517487508924 0.0243842965130456 0.02786573780873971 0.0368731563421829 -0.03669724770642202 0.3279316064820722 0.19041365725541692 0.05813953488372092 0.09315977539561 -0.028346068523539564 0.07194244604316546 -0.010686297791498458 0.09874326750448834 0.01654154472579208 0.0971261309207025 0.25009521391392664 0.09229534510433388 -0.05768676088837611 0.024355851813870018 0.06290054592926655 0.015465143944801332 0.093994140625 0.10643626346105686 0.12658227848101267 -0.009577233547680941 0.1492734478203434 -0.48009848173984404 -0.010035842293906808 -0.010056568196103077 -0.08344764517604024 0.028935185185185185 -0.07438117302767955 0.03580246913580247 -0.11649755730928224 -0.22440030951766826 -1.8123558062035379 -3.6535662299854437 -0.5689503087327257 -0.06090739589807335 -0.09448267817566779 -0.014760985579652547 0.18840925351776772 0.06958857282383103 -0.05342942345924453 -0.41735589769690795 -3.2780400663519194 -1.830675482950862 -0.4659248956884562 -0.033722750812959175 0.031402651779483606 -0.032786885245901634 0.04919606431485481 0.11081014528441271 -0.03450825733300469 -0.28228828378715964 -0.6106019321278178 -0.2844387755102041 -0.2394795127353267 0.0409626216077829 -0.029536862003780716 0.005923468783319513 -0.04818979364883232 -0.0024573043371421592 0.013378739965945024 0.024915908807773765 -0.1125 0.09029049986914421 0.03368421052631579 0.0312930279133809 -0.0011286681715575635 0.03971405877680699 0.027791203479942007 0.05311614730878188 0.05399568034557235 -0.04442250740375124 -0.20405623989050642 0.006222000995520158 0.09736842105263158
0.0466028942850135 0.01124732875941964 0.03064699205448354 0.02317497103128622 0.042492917847025496 0.07332939089296274 0.002449479485609307 0.14320388349514562 0.04479713298348906 0.1080482061227317 0.04681174089068825 0.04646044748746791 -0.019034023316678566 0.014630577907827357 0.041798606713109566 0.029498525073746312 -0.024901703800786372 0.33558759729488324 0.22193040052527904 0.07059800664451828 0.09060745278203164 -0.03697313285679073 0.0671462829736211 -0.029684160531940156 0.09617850730956658 0.0025448530347372475 0.08382118147951037 0.2120096483432779 0.05751738897806315 -0.06922411306605133 0.026919625689014227 0.05815333491573701 0.0035688793718772318 0.081787109375 0.1051840721262209 0.11998945147679325 -0.021890819537556432 0.010568031704095116 -0.7208316235809055 -0.03870967741935484 -0.005028284098051539 -0.0903063557384545 0.015046296296296297 -0.0816973539812218 0.037037037037037035 -0.11900288112238508 -0.23471756512767605 -1.898231222763394 -4.01614397247585 -0.6012937371361364 -0.04972032318210068 -0.0944826781756678 1.734723475976807e-18 0.17529215358931552 0.06958857282383103 -0.0720675944333996 -0.3830003817279552 -2.440985070817915 -1.6712044600025933 -0.4534075104311544 -0.033722750812959175 0.045359385903698535 -0.03747072599531616 0.03359731221502279 0.09603545924649101 -0.03943800838057679 -0.25355983012740446 -0.5028486499876147 -0.2512755102040816 -0.2284053156146179 0.05120327700972862 -0.0165406427221172 0.001184693756663904 -0.05436797232175955 -0.001228652168571083 0.014594989053758209 0.02491590880777376 -0.07625 0.07066213033237374 0.05614035087719298 0.04381023907873326 -0.009029345372460498 0.030636559627822534 0.012083131947800868 0.05665722379603401 0.041996640268778494 -0.04072063178677197 -0.19161378623864622 -0.00622200099552016 0.1
0.052734854059357364 0.0033741986278258917 0.032917139614074914 0.0324449594438007 0.041312559017941466 0.06978119455943228 -0.004898958971218616 0.12985436893203883 0.030718034045821067 0.10389250588724201 0.05566801619433197 0.052573664262134744 -0.016654770402093743 0.018288222384784197 0.05319822672577581 0.0344149459193707 -0.02621231979030144 0.33048360341967586 0.2311227839789888 0.07198228128460686 0.09698825931597753 -0.048065072713827955 0.06954436450839328 -0.04155782474471621 0.08976660682226213 -0.012724265173686217 0.06785524215007983 0.15361178113494986 0.029427501337613703 -0.08220363426593597 0.019228304063581596 0.05221932114882507 0.004758505829169641 0.072021484375 0.0976709241172051 0.10812236286919832 -0.039677110411821044 -0.16512549537648613 -0.9601969634796881 -0.07311827956989247 -0.007542426147077308 -0.09030635573845448 0.006944444444444446 -0.07681990001219363 0.029629629629629627 -0.10772892396342229 -0.25148310549393865 -1.922583952832607 -4.366812227074235 -0.6306968538665099 -0.03853325046612803 -0.09214977254170069 0.01135460429204042 0.1645599809205819 0.058600903430594556 -0.07206759443339962 -0.36009670441532 -1.625622049253541 -1.4585764294049008 -0.4242002781641168 -0.034927134770564854 0.04070714119562689 -0.03864168618266979 0.019198464122870164 0.08495444471804973 -0.04683263495193493 -0.22483137646764928 -0.42482041119643305 -0.211734693877551 -0.21594684385382057 0.055043522785458265 -0.009451795841209832 2.0816681711721684e-18 -0.03583343630297788 -0.004914608674284315 0.030406227195329604 0.016195340725052947 -0.03 0.05495943470295735 0.07298245614035088 0.04255851796219803 -0.006772009029345374 0.02609781005333031 0.007249879168680523 0.051935788479697834 0.041996640268778494 -0.03455083909180652 -0.16548463356973991 -0.01368840219014435 0.10263157894736843
0.0662251655629139 0.006748397255651781 0.032917139614074914 0.03592120509849363 0.05547686496694996 0.0697811945594323 0.0036742192284139677 0.13106796116504854 0.0345577883015487 0.10250727247541211 0.06199392712550607 0.05501895097200147 -0.010706638115631694 0.03169958546695928 0.059531348955034834 0.03687315634218288 -0.020969855832241154 0.3075156309812428 0.22455679579776752 0.07475083056478407 0.08933129147524246 -0.04806507271382795 0.055155875299760196 -0.042745191165993825 0.07822518594511414 -0.013996691691054835 0.042575838211814786 0.09394439507426686 -0.012038523274478333 -0.09229881742140181 0.024355851813870018 0.05340612390220746 -0.0071377587437544635 0.072021484375 0.0976709241172051 0.11207805907172996 -0.05609522506498836 -0.2879788639365918 -1.028587060593626 -0.08602150537634409 -0.001257071024512882 -0.07430269775948786 0.012731481481481483 -0.058529447628338005 0.03950617283950617 -0.08893899536515096 -0.23213825122517412 -1.7213534991027941 -4.2384544131269015 -0.5924728021170244 -0.027346177750155375 -0.0769858859209145 0.0 0.18125447173861198 0.046392381882554026 -0.05342942345924454 -0.35500699834584554 -1.1126706647952023 -1.1914948787760924 -0.3741307371349096 -0.02408767915211369 0.043033263549662706 -0.038641686182669784 0.015598752099832015 0.08987934006402364 -0.04929751047572098 -0.2073444916312765 -0.3752786722813971 -0.1951530612244898 -0.20487264673311184 0.06144393241167434 -0.009451795841209828 0.00473877502665561 -0.018534536018781668 0.011057869517139695 0.03527122354658234 0.02242431792699639 -0.017499999999999998 0.052342318764721285 0.07859649122807018 0.04756540242833897 0.002257336343115124 0.02609781005333031 0.010874818753020783 0.05429650613786591 0.052795776337892966 -0.02838104639684107 -0.1256687818837875 -0.029865604778496764 0.1
0.07971547706647045 0.013496794511303565 0.04540295119182747 0.044032444959443806 0.07318224740321058 0.07214665878178592 0.024494794856093082 0.12864077669902912 0.051196723409701786 0.09419587200443275 0.06705465587044533 0.0684680278762685 -0.010706638115631693 0.03291880029261156 0.056998100063331225 0.038102261553588986 -0.03145478374836173 0.29220364935562076 0.21142481943532498 0.06782945736434108 0.08550280755487494 -0.055459699285186105 0.03717026378896882 -0.056993588221325095 0.06540138497050527 -0.024176103830003813 0.011974454497072906 0.05331979179890822 -0.037453183520599245 -0.09662532448803 0.029483399564158443 0.04272489912176596 0.0011896264572924108 0.076904296875 0.09892311545204106 0.10021097046413503 -0.08072239704473935 -0.37648612945838833 -1.0080700314594446 -0.0974910394265233 0.008799497171590195 -0.07201646090534979 0.02430555555555556 -0.05731008413608096 0.050617283950617285 -0.07641237629963674 -0.2282692803714212 -1.507305819020764 -3.9301310043668125 -0.5645398412231696 -0.03729024238657551 -0.06765426338504607 -0.001135460429204043 0.17529215358931555 0.04028812110853376 -0.04597415506958251 -0.3448275862068966 -0.8638509633788441 -0.9503435757811486 -0.31849791376912384 -0.02770083102493075 0.05001163061177018 -0.0351288056206089 0.02159827213822894 0.0874168923910367 -0.04436775942814888 -0.19610292280789407 -0.3455536289323755 -0.1760204081632653 -0.20210409745293467 0.07680491551459293 -0.005907372400756145 0.017770406349958537 -0.02100580748795256 0.02948765204570586 0.037703721722208705 0.04858602217515884 -0.01 0.06673645642501964 0.07719298245614034 0.04255851796219803 0.007900677200902937 0.03063655962782254 0.007249879168680522 0.05783758262511803 0.05399568034557235 -0.024679170779861807 -0.09953962921488117 -0.03359880537580885 0.08684210526315791
0.0981113563895021 -0.007873130131593745 0.061293984108967095 0.020857473928157587 0.09206798866855523 0.05322294500295684 0.04776484996938151 0.11893203883495149 0.06783565851785486 0.0844992381216235 0.07591093117408906 0.05624159432693484 -0.009517011658339283 0.0365764447695684 0.06206459784673844 0.0331858407079646 -0.04062909567496724 0.259027689166773 0.20091923834537098 0.059523809523809534 0.09060745278203167 -0.07394626571358145 0.03237410071942445 -0.052244122536214674 0.06155424467812261 -0.05089706069474488 -0.010643959552953702 0.005078075409419824 -0.060192616372391664 -0.10527833862128641 0.03461094731444687 0.03323047709470686 0.009517011658339283 0.086669921875 0.10267968945654896 0.08702531645569618 -0.11082227390887947 -0.4174372523117569 -0.9902886062098206 -0.0960573476702509 0.018856065367693273 -0.06401463191586647 0.03587962962962963 -0.03901963175222534 0.06172839506172839 -0.06764374295377677 -0.22440030951766826 -1.2778774673160729 -3.6218075956067226 -0.5072037635989415 -0.04723430702299565 -0.07581943310393092 -0.0022709208584080834 0.17171476269973765 0.0341838603345135 -0.05839960238568589 -0.33464817406794756 -0.7413551103738676 -0.7091922727862051 -0.2726008344923505 -0.0313139828977478 0.03023959060246569 -0.031615925058548 0.03119750419966403 0.08495444471804975 -0.04929751047572097 -0.18486135398451162 -0.3294525637849889 -0.15688775510204084 -0.20625692137320045 0.0921658986175115 -0.02717391304347826 0.03080203767326146 -0.03089089336463611 0.04791743457427202 0.023108732668450493 0.0747477264233213 -0.017499999999999998 0.08113059408531799 0.06175438596491227 0.03755163349605708 1.3877787807814458e-18 0.03517530920231477 0.01329144514258096 0.06137865911237017 0.04799616030717543 -0.02097729516288253 -0.08585293019783499 -0.037332005973120946 0.07763157894736843
0.10669610007358352 -0.029243054774491056 0.08399545970488081 -0.0023174971031286185 0.10623229461756374 0.03429923122412772 0.05266380894060012 0.10922330097087381 0.07039549468833994 0.07480260423881423 0.0645242914979757 0.045237804132534545 -0.0011896264572924102 0.040234089246525245 0.06459784673844206 0.028269419862340217 -0.04062909567496724 0.22585172897792524 0.195666447800394 0.05121816168327796 0.09188361408882083 -0.07517870347547448 0.039568345323741 -0.056993588221325095 0.07822518594511414 -0.054714340246850734 -0.014635444385311341 -0.03173797130887394 -0.04012841091492777 -0.09950966253244882 0.02691962568901423 0.02373605506764776 0.021413276231263385 0.09765625 0.10017530678687706 0.08438818565400844 -0.15186756054179779 -0.4425363276089828 -0.9478867459991791 -0.08172043010752687 0.022627278441231927 -0.048010973936899855 0.05671296296296295 -0.02072917936836971 0.0691358024691358 -0.04509582863585119 -0.22697962342017025 -1.0369136118943862 -3.175863437872171 -0.43075566009997057 -0.0509633312616532 -0.07348652746996383 0.003406381287612126 0.17529215358931552 0.04395067757294592 -0.0521868787276342 -0.32319633541162995 -0.6635192037769556 -0.5250875145857643 -0.21557719054242006 -0.025292063109719376 0.020935101186322403 -0.010538641686182668 0.03239740820734342 0.0775671016990889 -0.043135321666255846 -0.18236322757931553 -0.30468169432747083 -0.1403061224489796 -0.20348837209302326 0.09472606246799793 -0.030718336483931945 0.03554081269991707 -0.03583343630297788 0.04546013023712987 0.01581123814157139 0.06976454466176654 -0.01625 0.06935357236325569 0.05473684210526315 0.03629991237952185 -0.009029345372460498 0.039714058776807 0.012083131947800873 0.0767233238904627 0.049196064314854814 -0.006169792694965448 -0.06967774045041682 -0.014932802389248375 0.07631578947368421
0.11650723571253371 -0.03374198627825892 0.09761634506242906 -0.002317497103128621 0.12393767705382434 0.024837374334713187 0.05878750765462339 0.10315533980582522 0.07807500319979521 0.077573071062474 0.06705465587044535 0.03545665729306761 0.004758505829169641 0.030480370641306997 0.06839772007599747 0.03195673549655851 -0.04456094364351245 0.19395176725787927 0.17596848325673015 0.05813953488372094 0.08422664624808576 -0.07394626571358145 0.02158273381294965 -0.06293042032771314 0.07053090536034881 -0.05725919328158798 -0.025279403938265037 -0.05331979179890822 -0.048154093097913325 -0.0937409864436112 0.03461094731444687 0.013054830287206267 0.022602902688555797 0.09521484375 0.10017530678687706 0.05933544303797469 -0.17102202763715968 -0.463672391017173 -0.9109560935576526 -0.07311827956989247 0.015084852294154618 -0.04801097393689986 0.04976851851851851 -0.01341299841482746 0.055555555555555546 -0.0400851810096455 -0.2398761929326799 -0.8049218149192514 -2.6187640598120945 -0.36459864745663034 -0.04847731510254817 -0.07465298028694738 0.001135460429204041 0.17529215358931552 0.04517152972774997 -0.042246520874751496 -0.29902023158162616 -0.5767513078984305 -0.4006223259432128 -0.15994436717663424 -0.0156569914488739 0.01163061177017911 -0.00234192037470726 0.022798176145908323 0.09111056390051711 -0.0603894503327582 -0.15363477391956035 -0.2947733465444637 -0.10204081632653064 -0.2007198228128461 0.10240655401945724 -0.034262759924385634 0.027247956403269758 -0.04324725071049055 0.05160339107998526 0.014594989053758205 0.06727295378098916 -0.008750000000000003 0.06281078251766553 0.05333333333333333 0.04381023907873326 -0.011286681715575623 0.04311812095767616 0.012083131947800868 0.0826251180358829 0.055195584353251746 0.0 -0.03981585168595247 -0.012444001991040319 0.06710526315789475
0.12631837135148394 -0.03936565065796874 0.09875141884222474 -0.013904982618771721 0.13928234183191687 0.02010644589000591 0.06368646662584201 0.10072815533980581 0.08959426596697813 0.0803435378861338 0.07464574898785425 0.03667930064800097 0.0011896264572924102 0.03413801511826384 0.06206459784673844 0.030727630285152414 -0.06028833551769332 0.16587980094423888 0.14839133289560083 0.05121816168327795 0.08933129147524246 -0.10105989647522799 0.020383693045563554 -0.07836618380432202 0.0730956655552706 -0.08270772362896042 -0.025279403938265037 -0.09394439507426686 -0.022739432851792408 -0.11104701471012404 0.042302268939879505 0.013054830287206267 0.019034023316678562 0.08544921875 0.10267968945654897 0.043512658227848104 -0.162812970310576 -0.4597093791281373 -0.8617152236356173 -0.06308243727598566 0.015084852294154618 -0.02286236854138089 0.04050925925925926 0.009754907938056334 0.04320987654320986 -0.033821871476888386 -0.237296879030178 -0.5742117405793385 -2.0246129416435092 -0.29403116730373413 -0.031075201988812928 -0.09564913099265135 0.01135460429204042 0.15979012640114473 0.0549383469661824 -0.06336978131212723 -0.27866140730372824 -0.5435753477095828 -0.30468040969791266 -0.1460361613351878 -0.010839455618451161 0.01511979530123285 0.001170960187353632 0.020398368130549554 0.10096035459246491 -0.05422726152329307 -0.12740444666500125 -0.26504830319544215 -0.06505102040816327 -0.18133997785160577 0.09472606246799796 -0.04253308128544424 0.01421632507996683 -0.05066106511800321 0.04177417373141663 0.007297494526879099 0.048586022175158845 -0.0025000000000000014 0.05234231876472127 0.051929824561403506 0.057579171360620865 -0.024830699774266364 0.05333030750028368 0.0024166263895601748 0.09560906515580736 0.03959683225341973 0.007403751233958538 -0.031106134129650364 0.006222000995520157 0.04473684210526315
0.1226391954868776 -0.02699358902260713 0.10669693530079456 0.006952491309385871 0.13220018885741264 0.03666469544648136 0.05388854868340477 0.12014563106796114 0.06911557660309739 0.11081867294639144 0.06831983805668017 0.03178872722826751 -0.019034023316678562 0.01584979273347964 0.03926535782140596 0.015978367748279248 -0.07339449541284404 0.14035983156820214 0.11687458962573867 0.04844961240310077 0.08933129147524246 -0.10845452304658613 0.013189448441247 -0.078366183804322 0.06283662477558347 -0.09670441532001527 -0.027940393826503464 -0.10663958359781642 -0.017388978063135364 -0.11393135275454284 0.05383925137802845 0.020175646807500593 0.021413276231263385 0.087890625 0.10017530678687706 0.044831223628691984 -0.14639485565740867 -0.4015852047556142 -0.7536588701955955 -0.020071684587813617 0.011313639220615962 -0.008001828989483314 0.030092592592592594 0.014632361907084501 0.013580246913580247 -0.03632719528999123 -0.24632447768893476 -0.4127146885413996 -1.5019187508270477 -0.2117024404586886 -0.019888129272840272 -0.09914848944360201 0.012490064721244464 0.14548056284283328 0.050054938346966185 -0.07331013916500993 -0.26466471561267335 -0.5167793798647442 -0.25541293919356933 -0.12656467315716274 -0.019270143321690955 0.023261223540358228 -0.01756440281030445 0.029997600191984643 0.07879832553558236 -0.03820557061868375 -0.1286535098675993 -0.230369085954917 -0.061224489795918366 -0.14258028792912517 0.07680491551459294 -0.04844045368620038 0.005923468783319513 -0.059310515260101324 0.03317360855141909 0.006081245439065914 0.0423570449732154 0.00375 0.040565297042658995 0.05333333333333333 0.06508949805983229 -0.02821670428893905 0.05673436968115284 -0.013291445142580956 0.09442870632672332 0.035997120230381575 0.009871668311944717 -0.017419435112604204 0.006222000995520159 0.04078947368421052
