-0.026960784313725485 0.08997863007535709 -0.07594649739288142 0.09627653404477439 0.05078540214952167 0.06979770495682006 0.07233938205002452 0.09228901032179722 0.07434944237918215 -0.004150525733259544 -0.026555386949924133 0.06360078277886497 -0.09381308633178956 0.03776803118908382 0.04559848005066498 0.11060587440088485 0.06044678055190539 0.0973111395646607 0.03550295857988166 0.0346740638002774 -0.09942638623326959 -0.08621751447222566 -0.10765550239234449 -0.25896887621762893 -0.4616376531270149 -0.18617699566437135 -0.07843658601435788 -0.11936507936507937 -0.06552554158866007 -0.17457798297503965 -0.10256410256410256 -0.023803856224708406 -0.1618277010947168 -0.12357763367184633 -1.0817247430433692 -0.20792209501250164 -0.028755306038614266 -0.006598046978094482 -0.06011750239103701 -0.14590187383779143 -0.05402010050251257 -0.06071714973078246 -0.20256974186827179 -0.1500732064421669 -0.1585532020314629 0.013859140733274539 0.09612886464016628 0.08229394368008229 0.046046572819365875 0.03080082135523614 -0.15382706860191045 0.056252197351459046 -0.09043040293040293 -0.10195513973851504 -0.12187615413024744 0.07386079118678018 -0.1458546571136131 0.02745881178232651 -0.12734756881914072 0.006928086462519053 -0.03017865765330758 0.07471398552416532 -0.06255163460403634 -0.0012147716229348876 0.02255073916311701 0.09339975093399752 0.035189141636295086 0.07698038241867396 -0.00638488060273273 -0.027647221454243847 0.032030749519538756 0.10671093194213896 -0.08549038233198765 0.10560318051931916 0.09422266303000248 0.12969367588932806 0.11230283911671926 0.17566030582585618 0.1158504476040021 0.12236286919831225 -0.11131957473420888 0.035004516711833786 -0.0748553929908132 -0.016928657799274487 -0.06491207364569809 0.12035142616440006 -0.11478647247593188 0.09338812103100487 -0.10947997014182634 0.028996968498747853
-0.015931372549019607 0.07873130131593745 -0.07708002720471548 0.07191741097320495 0.04606117869375222 0.0390393942978824 0.06498283472290338 0.06435944140862174 0.06537623381617741 -0.03597122302158273 -0.039200809307030855 0.061154598825831706 -0.11043819023868898 0.007309941520467833 0.031665611146295125 0.08111097456064889 0.049934296977660976 0.07170294494238157 0.02761341222879684 0.00970873786407768 -0.10325047801147227 -0.09114422958492426 -0.11961722488038276 -0.29935851746258024 -0.7595099935525468 -0.2588625350675848 -0.10502525923956393 -0.13587301587301587 -0.06686279753944904 -0.1991054681864089 -0.11282051282051282 -0.059509640561771014 -0.1677772489290814 -0.1823075981891594 -1.6608172474304337 -0.34609817081194894 -0.05477201150212242 -0.05938242280285035 -0.0614838092635606 -0.18881418967243596 -0.07160804020100503 -0.061862756329476465 -0.23150827642088206 -0.17935578330893118 -0.20190759321194102 -0.026458359581705927 0.08443751623798389 0.06943551498006943 0.04999342191816865 0.007333528894103841 -0.1637513956084853 0.04804875190437126 -0.12248168498168496 -0.1235456399184359 -0.14034223808937585 0.06134201301952931 -0.1663254861821904 0.013729405891163258 -0.13635194237200926 -0.00969932104752667 -0.03259295026557219 0.06654214335745974 -0.07671426885400685 -0.013362487852283772 0.007516913054372337 0.08343711083437112 0.02136483599346487 0.06580581077725355 -0.015323713446558552 -0.04147083218136577 0.03715566944266496 0.09603983874792507 -0.09142721443837568 0.0819977636973537 0.0880238036201339 0.10746047430830039 0.11608832807570979 0.15796790092253252 0.11190100052659295 0.09142053445850917 -0.11382113821138211 0.025971093044263777 -0.06805035726437564 -0.030229746070133012 -0.08143514693733034 0.10711276928631605 -0.1271291039249568 0.09463329597808494 -0.11072406071161982 0.021088704362725707
-0.00735294117647059 0.06973343830840176 -0.07254590795737928 0.07075745273170166 0.04606117869375222 0.02720927481367561 0.06253065228052967 0.05950212507589557 0.06537623381617741 -0.04150525733259546 -0.05690440060698028 0.0391389432485323 -0.12943830898943118 0.0012183235867446393 0.00759974667511083 0.06144770800049158 0.01576872536136663 0.04353393085787451 -0.00525969756738987 -0.011095700416088764 -0.0981516889738687 -0.12809459293016381 -0.1411483253588517 -0.36231884057971014 -1.0509348807221148 -0.3468502932925274 -0.12363733049720818 -0.17523809523809522 -0.06820005349023803 -0.23661809262732647 -0.11282051282051282 -0.09164484646512736 -0.18443598286530224 -0.24837880827113668 -2.2211080471296065 -0.45137518094486123 -0.06024921265233466 -0.09237265769332278 -0.043721819920754204 -0.22028322128450864 -0.08417085427135677 -0.08821170809943865 -0.26044681097349226 -0.20253782332845294 -0.25145546884677317 -0.06299609424215698 0.05585866458820472 0.041146971840041145 0.03815287462176029 -0.016133763567028454 -0.1550676094777323 0.022266494784952535 -0.13736263736263737 -0.1547319179560993 -0.14895974393696912 0.03755633450175264 -0.16120777891504606 -0.00998502246630055 -0.12348855158219707 -0.03602604960509907 -0.016900048285852245 0.04436142890497315 -0.07317361029151422 -0.025510204081632654 0.022550739163117006 0.07347447073474472 0.03895940681161241 0.06208095356344674 0.010215808964372365 -0.05667680398119988 0.035874439461883414 0.06876926725160068 -0.09855141296604132 0.07578581190209964 0.06942722539052815 0.09387351778656125 0.10977917981072556 0.14659421205611017 0.10926803580832016 0.08157524613220818 -0.11882426516572857 0.014679313459801266 -0.0748553929908132 -0.03990326481257558 -0.09087690310397734 0.09387411240823204 -0.13576894593927427 0.08093637156020422 -0.12192087583976115 0.0013180440226703573
-0.01838235294117647 0.058486109548982125 -0.08161414645205169 0.06147778679967521 0.014172670367308376 0.016562167277889506 0.03678273663560568 0.051001821493624776 0.04999359056531213 -0.051189817376867744 -0.06069802731411229 0.03791585127201567 -0.13300083125519532 0.0 -0.008866371120962635 0.05776084552046209 4.8572257327350596e-18 0.04737516005121639 -0.010519395134779749 -0.012482662968099861 -0.11472275334608031 -0.1342529868210371 -0.16866028708133973 -0.48705155618911855 -1.2882011605415862 -0.3468502932925274 -0.15953203935123636 -0.16507936507936508 -0.09227066060443968 -0.21930457365459527 -0.13076923076923078 -0.10830754582242323 -0.216563541170871 -0.5554875810595865 -2.652293807971923 -0.4803263587314121 -0.09585102012871423 -0.09105304829770387 -0.0614838092635606 -0.21599198970104413 -0.09547738693467336 -0.08935731469813266 -0.270864683412432 -0.25012201073694484 -0.27499070977331846 -0.0667758598966864 0.019485580670303974 0.04886202906004886 0.024996710959084328 -0.007333528894103845 -0.1699540999875946 0.003515762334466191 -0.16025641025641027 -0.17272400143936667 -0.18342976732734212 0.033800701051577356 -0.18167860798362337 -0.011233150274588117 -0.13763828145099047 -0.029097963142580018 -0.024142926122646062 0.02334812047630165 -0.08143514693733034 -0.03644314868804665 0.0012528188423953882 0.06973848069738481 0.016337815759708434 0.057114477278371004 -0.0025539522410930925 -0.06358860934476085 0.032030749519538756 0.06284088214370406 -0.09142721443837568 0.08572493477450616 0.03595338457723779 0.0975790513833992 0.10220820189274449 0.15417667130039175 0.11453396524486573 0.0787623066104079 -0.12507817385866166 -1.3877787807814458e-18 -0.08392877395939663 -0.025392986698911733 -0.1109406349581022 0.09146708388494404 -0.14070599851888427 0.08467189640144442 -0.12814132868872855 0.011862396204033215
-0.0392156862745098 0.03824091778202677 -0.08388120607571978 0.049878204384642154 -0.005905279319711828 -0.00828108363894475 0.028200098087297693 0.029143897996357016 0.04871170362774002 -0.07332595462091865 -0.06196256954982297 0.013454011741682977 -0.14487590547440918 -0.008528265107212473 -0.03039898670044332 0.036868624800294944 -0.00394218134034165 0.03585147247119079 -0.0065746219592373424 -0.036061026352288486 -0.12619502868068833 -0.15272816849365686 -0.20693779904306217 -0.548823948681397 -1.3397807865892974 -0.3506758479979597 -0.17548524328636 -0.16634920634920636 -0.09494517250601765 -0.21641898715914007 -0.14743589743589744 -0.12973101642466078 -0.2629700142789148 -1.0779395570781845 -2.8302832790172974 -0.4934859849980261 -0.10817472271669178 -0.09501187648456057 -0.07241426424374915 -0.21742240022886566 -0.11055276381909547 -0.11456065986940085 -0.2940155110545202 -0.31966813079551 -0.3010033444816053 -0.08819453193901979 -0.006495193556767991 0.04629034332004629 0.009209314563873174 -0.0029334115576415383 -0.18111896786999132 -0.03984530645728349 -0.1797161172161172 -0.197912918315941 -0.20189585128647053 0.012518778167250874 -0.20087001023541454 -0.024962556165751375 -0.14278363776691533 -0.04295413606761812 -0.02776436504104297 -0.0023348120476301693 -0.08851646406231559 -0.05952380952380952 -0.010022550739163118 0.05230386052303861 0.012567550584391098 0.05338962006456419 -0.0038309283616396383 -0.06635333149018524 0.014093529788597053 0.04149869575527626 -0.09261458085965328 0.07578581190209963 0.0061988594098685845 0.08646245059288535 0.08832807570977917 0.150385441678251 0.1066350710900474 0.08016877637130801 -0.13508442776735458 -0.024841915085817522 -0.10547805375978225 -0.036275695284159616 -0.14044612297887407 0.07341436996028403 -0.15304862996790916 0.06848462208940356 -0.13311769096790246 0.00790826413602214
-0.02450980392156863 0.04273984928579462 -0.07821355701654953 0.04523837141862893 -0.01181055863942365 0.008281083638944758 0.019617459538989697 0.04735883424408015 0.04102038200230739 -0.055340343110127276 -0.05311077389984825 0.012230919765166343 -0.13537584609903808 -0.01827485380116959 -0.03546548448385054 0.043013395600344104 -0.005256241787122201 0.05377720870678617 -0.005259697567389871 -0.02357836338418862 -0.11982154238368388 -0.15272816849365686 -0.2260765550239235 -0.6058446186742693 -1.3552546744036107 -0.3353736291762305 -0.18213241159266153 -0.15111111111111114 -0.11232949986627441 -0.1976626749386813 -0.15256410256410255 -0.14044275172577958 -0.3355544978581628 -1.5954973693870058 -2.872900476309852 -0.48032635873141205 -0.1246063261673285 -0.0818157825283716 -0.09427517420412625 -0.2016878844228293 -0.11180904522613064 -0.12716233245503494 -0.32758421113554803 -0.3965348950707662 -0.334448160535117 -0.0919742975935492 -0.009093270979475187 0.042432814710042434 0.007893698197605579 -0.020533880903490762 -0.1724351817392383 -0.05625219735145903 -0.1820054945054945 -0.2099076406381192 -0.21543764618983136 0.00250375563345017 -0.21494370522006143 -0.031203195207189217 -0.15821970671469 -0.045725370652625746 -0.02293577981651376 -0.014008872285780998 -0.07789448837483771 -0.06559766763848397 -0.016286644951140065 0.06849315068493152 0.0037702651753173306 0.07201390613359822 -0.007661856723279276 -0.05667680398119988 0.03459320948110185 0.04505572682001423 -0.078366183804322 0.08199776369735372 0.0061988594098685845 0.10004940711462448 0.08580441640378549 0.16428661695943383 0.09873617693522907 0.08579465541490858 -0.1288305190744215 -0.03048780487804878 -0.08506294658046956 -0.03264812575574365 -0.14634722058302846 0.07341436996028403 -0.16168847198222663 0.06599427219524344 -0.1380940532470764 0.002636088045340713
0.0012254901960784298 0.04161511640985266 -0.053275901156200414 0.049878204384642154 -0.002362111727884733 0.013013131432627468 0.025747915644923985 0.05828779599271403 0.05768491219074477 -0.041505257332595455 -0.04552352048558422 0.0048923679060665385 -0.12350077187982425 -0.01827485380116959 -0.04306523115896137 0.04915816640039326 -0.022339027595269383 0.058898847631242 -0.011834319526627213 -0.018030513176144236 -0.12364563416188656 -0.1748983865008006 -0.26315789473684215 -0.635542884295557 -1.3539651837524178 -0.32517214996174443 -0.1714969423025791 -0.15492063492063493 -0.10430596416154052 -0.18900591545231565 -0.15897435897435896 -0.16900737919542966 -0.5152308424559734 -1.9980423345160894 -2.859112559538731 -0.4579549940781681 -0.11639052444201015 -0.0725785167590393 -0.08880994671403197 -0.1845229580889715 -0.10175879396984924 -0.13747279184328104 -0.3738858664197245 -0.45998047828208877 -0.34311903877121264 -0.09449414136323546 -0.0038971161340607906 0.03086022888003086 0.003946849098802789 -0.03520093869169845 -0.18235950874581316 -0.067971405133013 -0.1797161172161172 -0.21830394626364397 -0.21420657392588946 0.002503755633450175 -0.20726714431934493 -0.034947578632051925 -0.14921533316182145 -0.038797284190106696 -0.012071463061323031 -0.028017744571561986 -0.05310987843738936 -0.061953352769679296 0.0 0.0759651307596513 0.020108080935025762 0.07946362056121183 0.010215808964372367 -0.04008847110865359 0.04740550928891736 0.04742708086317287 -0.05936832106388031 0.08324015405640453 0.0037193156459211507 0.10128458498023715 0.08075709779179811 0.1693415897889549 0.0961032122169563 0.08720112517580872 -0.13508442776735458 -0.03726287262872629 -0.06918452988544857 -0.0471584038694075 -0.15106809866635193 0.06619328439042003 -0.17156257714144657 0.053542522724442786 -0.13684996267728292 -2.0816681711721684e-18
2.0816681711721684e-18 0.0404903835339107 -0.05440943096803445 0.03363878900359587 -0.009448446911538918 0.005915059742103395 0.028200098087297693 0.05343047965998786 0.061530573003461084 -0.041505257332595455 -0.04678806272129488 0.001223091976516634 -0.09618810117563235 -0.025584795321637422 -0.024065864471184296 0.05776084552046208 -0.014454664914586069 0.05889884763124199 0.0026298487836949394 -0.011095700416088757 -0.1376673040152964 -0.17366670772262596 -0.30622009569377995 -0.628415300546448 -1.3539651837524178 -0.3175210405508798 -0.18080297793140124 -0.1650793650793651 -0.1203530355710083 -0.18467753570913287 -0.17435897435897438 -0.19400142823137345 -0.8817229890528321 -2.3418573351278598 -2.8102281273502125 -0.4263718910382944 -0.12049842530466932 -0.08709422011084716 -0.10110670856674409 -0.19739665283936486 -0.11306532663316585 -0.14892885783022108 -0.5000578770691051 -0.5636896046852122 -0.3455964325529543 -0.08945445382386293 0.011691348402182387 0.021859328790021858 0.01447178002894356 -0.04546787914344382 -0.18856221312492247 -0.07265908824563458 -0.18887362637362637 -0.22550077965695095 -0.21913086298165702 -0.0025037556334501763 -0.20470829068577276 -0.05117324013979032 -0.14792899408284022 -0.0526534571151448 -0.01569290197971994 -0.03502218071445248 -0.050749439395727604 -0.06559766763848396 -0.006264094211976948 0.0722291407222914 0.022621591051903985 0.0608393344921778 0.014046737326012007 -0.05114735969035113 0.04996796925048046 0.05216978894949016 -0.03680835905960579 0.07454342154304884 0.012397718819737169 0.09634387351778656 0.10347003154574133 0.17566030582585618 0.11716692996313852 0.08720112517580872 -0.13883677298311442 -0.03726287262872629 -0.060111148916865156 -0.059250302297460714 -0.15106809866635193 0.06619328439042003 -0.17649962972105654 0.043581123147802256 -0.14929086837521774 -0.009226308158692501
-0.007352941176470588 0.03599145203014284 -0.052142371344366355 0.03131887252058925 -0.018896893823077833 -0.003549035845262039 0.02329573320255027 0.05221615057680632 0.05512113831560056 -0.04150525733259545 -0.05816894284269094 -0.0036692759295498993 -0.09975062344139653 -0.028021442495126704 -0.03799873337555415 0.04915816640039326 -0.030223390275952694 0.04737516005121638 -0.009204470742932278 -0.026352288488210817 -0.13256851497769281 -0.1675083138317527 -0.2978468899521532 -0.6248515086718935 -1.3036750483558994 -0.30221882172915066 -0.1635203403350173 -0.1688888888888889 -0.10698047606311849 -0.18612032895686048 -0.17692307692307693 -0.23327779100214227 -1.3053307948595907 -2.5412945063012358 -2.704938581098019 -0.411896302145019 -0.09858962070382035 -0.1134864080232251 -0.09837409482169697 -0.22886568445143754 -0.12814070351758794 -0.1752778096001833 -0.8044912605625651 -0.7015617374328941 -0.3629381890251456 -0.09701398513292177 0.0038971161340607976 0.0025716857400025716 -0.0026312327325351908 -0.06746846582575534 -0.18732167224910062 -0.07617485058010078 -0.19574175824175824 -0.23509655751469355 -0.2178997907177151 -0.016274411617426137 -0.20598771750255884 -0.06490264603095357 -0.1337792642140468 -0.07066648191769434 -0.01086431675519073 -0.044361428904973146 -0.05783075652071286 -0.07288629737609328 0.0012528188423953895 0.062266500622665 0.03393238657785597 0.045939905636950586 0.024262546290384376 -0.06220624827204867 0.032030749519538756 0.023713540431586435 -0.04274519116599382 0.053422785439184994 -0.011157946937763452 0.08275691699604744 0.0946372239747634 0.16555036016681407 0.11190100052659295 0.08720112517580872 -0.13633520950594122 -0.048554652213188804 -0.046501077463990015 -0.07980652962515115 -0.14870765962469018 0.039715970634252015 -0.182670945445569 0.01992279915328103 -0.14680268723563075 -0.02899696849874786
-0.01715686274509804 0.020245191766955346 -0.056676490591702565 0.02203920658856281 -0.03543167591827094 3.2959746043559333e-18 0.014713094654242276 0.06193078324225866 0.046147929752595816 -0.02628666297731045 -0.054375316135558925 -0.025684931506849314 -0.10925068281676761 -0.03167641325536062 -0.046865104496516784 0.04547130392036377 -0.04204993429697766 0.04353393085787452 -0.028928336620644313 -0.018030513176144233 -0.12746972594008923 -0.1773617440571499 -0.25956937799043067 -0.6272273699215966 -1.2121212121212122 -0.2818158633001785 -0.15022600372241426 -0.1765079365079365 -0.12703931532495322 -0.1962198816909537 -0.19743589743589746 -0.2844560818852654 -1.6063779152784388 -2.6318365349320936 -2.5006267234895962 -0.36057375970522443 -0.09858962070382035 -0.10952757983636843 -0.1134034704194562 -0.233156916034902 -0.13065326633165827 -0.22339328674533165 -1.3080217617779837 -0.8504148365056124 -0.34807382633469586 -0.08189492251480408 1.908195823574488e-18 0.0 -0.024996710959084328 -0.05866823115283074 -0.1935243766282099 -0.1066447908121411 -0.22321428571428573 -0.2710807244812283 -0.2265172965653084 -0.03755633450175262 -0.20854657113613104 -0.09236145781328009 -0.15564702855672752 -0.08729388942774005 -0.020521487204249157 -0.049031053000233485 -0.07081317124985247 -0.07167152575315841 -0.010022550739163116 0.06351183063511831 0.035189141636295086 0.049664762850757396 0.020431617928744737 -0.06082388719933647 0.0230621396540679 -0.01304244723737254 -0.054618855378769884 0.033544539694371975 -0.04463178775105381 0.08028656126482214 0.07823343848580441 0.16428661695943383 0.09215376513954712 0.09423347398030942 -0.14008755472170106 -0.06097560975609756 -0.04876942270613587 -0.08948004836759371 -0.15814941579133718 0.022866770971236013 -0.18513947173537398 1.3877787807814458e-18 -0.15551132122418515 -0.03822327665744036
-0.009803921568627453 0.03374198627825891 -0.05440943096803447 0.04871824614313884 -0.05078540214952167 0.017745179226310186 0.011034820990681708 0.08378870673952642 0.0410203820023074 -0.006917542888765905 -0.05184623166413758 -0.01712328767123288 -0.10925068281676761 -0.03167641325536062 -0.044331855604813175 0.05530293720044242 -0.030223390275952694 0.04609475032010243 -0.02498356344510191 -0.005547850208044375 -0.1159974506054812 -0.17613006527897526 -0.2212918660287082 -0.5963411736754572 -0.9774339136041261 -0.21295587860239737 -0.12097846317468759 -0.15238095238095234 -0.12436480342337523 -0.17024960323185687 -0.2076923076923077 -0.31540109497738633 -1.8990956687291765 -2.6330600758595373 -1.9440962647280018 -0.257928674825635 -0.08489661782828975 -0.08709422011084719 -0.1093045498018855 -0.21456157917322266 -0.1444723618090452 -0.3104593882460763 -1.808079638847089 -0.9541239629087361 -0.3195837978446674 -0.06173617235731384 -0.0012990387113535951 -0.010286742960010286 -0.04209972372056308 -0.057201525374009965 -0.20096762188314105 -0.11953591937185044 -0.2678571428571429 -0.2818759745711887 -0.22897944109319218 -0.030045067601402103 -0.19959058341862845 -0.0798801797304044 -0.14792899408284024 -0.07620895108770956 -0.020521487204249157 -0.05370067709549382 -0.07199339077068334 -0.05830903790087464 -0.0012528188423953923 0.0697384806973848 0.03895940681161242 0.0533896200645642 0.020431617928744733 -0.053912081835775505 0.014093529788597048 -0.011856770215793216 -0.0581809546426027 0.033544539694371975 -0.06322836598065956 0.07905138339920949 0.08454258675078863 0.16934158978895486 0.10400210637177462 0.10126582278481014 -0.12883051907442153 -0.05420054200542006 -0.05330611319042757 -0.08343409915356712 -0.14752744010385932 0.027680828017812013 -0.1616884719822266 0.007471049682480388 -0.13684996267728292 -0.02899696849874786
-0.00857843137254902 0.05173771229333033 -0.048741781908864204 0.06727757800719174 -0.03661273178221331 0.044954454039985804 0.033104462972045126 0.10807528840315725 0.06794000769132162 0.020752628666297734 -0.04046535154274153 -0.007338551859099808 -0.10093813086331789 0.0012183235867446434 -0.026599113362887904 0.08602679120068821 -0.002628120893561106 0.0793854033290653 0.003944773175542407 0.022191400832177532 -0.11982154238368388 -0.1514964897154822 -0.2141148325358852 -0.5595153243050606 -0.6872985170857511 -0.12369293547564397 -0.09970752459452273 -0.11174603174603173 -0.11099224391548541 -0.12840859904775645 -0.19871794871794873 -0.3130207093549155 -1.9764397905759163 -2.5914596843264404 -1.328653797944347 -0.10001315962626664 -0.035601807476379574 -0.014515703351807862 -0.079245798606367 -0.15591474753254184 -0.1620603015075377 -0.4971932638331997 -2.4539877300613497 -1.001708150317228 -0.28242289111854324 -0.02393851581201965 0.019485580670303978 0.012858428700012858 -0.026312327325351926 -0.024933998239953063 -0.22081627589629077 -0.13008320637524903 -0.31135531135531136 -0.2914717524289313 -0.24129016373261117 -0.002503755633450175 -0.1995905834186285 -0.04992511233150275 -0.1517880113197839 -0.041568518775114305 -0.010864316755190728 -0.054868083119308894 -0.07553404933317596 -0.052235179786200195 0.015033826108744675 0.0884184308841843 0.05906748774663817 0.07698038241867396 0.03830928361639637 -0.033176665745092614 -2.7755575615628915e-18 0.002371354043158645 -0.06886725243410116 0.06211951795254069 -0.05950905033473841 0.112401185770751 0.09589905362776023 0.2059901428029824 0.129015271195366 0.14345991561181431 -0.13508442776735458 -0.035004516711833786 -0.06918452988544856 -0.06771463119709795 -0.13454502537471968 0.05536165603562402 -0.15428289311281165 0.03237454862408169 -0.12814132868872857 -0.0013180440226703588
0.0012254901960784298 0.06973343830840176 -0.04987531172069825 0.08119707690523141 -0.022440061414904934 0.06388264521471668 0.050269740068661105 0.12264723740133576 0.0820407640046148 0.023519645821804096 -0.035407182599898834 0.030577299412915853 -0.09618810117563234 0.019493177387914232 -0.016466117796073466 0.11797959936094385 0.02233902759526938 0.1126760563380282 0.023668639053254437 0.03744798890429958 -0.12364563416188654 -0.12316787781746522 -0.21770334928229662 -0.48348776431456403 -0.4010315925209542 -0.038255547054322867 -0.07843658601435788 -0.08126984126984128 -0.10564322011232952 -0.10965228682729763 -0.19871794871794876 -0.2987383956200904 -1.9597810566396958 -2.5400709653737916 -0.7382802707445475 0.015791551519936838 -0.01917020402574284 0.018474531538664553 -0.08744363984150841 -0.1401802317265055 -0.18592964824120603 -0.7698476343223737 -2.971408727862021 -1.0114690092728158 -0.25145546884677317 0.0012599218848431404 0.03767212262925436 0.020573485920020573 -0.02631232732535192 -0.024933998239953063 -0.23942438903361868 -0.20508613617719443 -0.40064102564102566 -0.29267122466114914 -0.2412901637326111 0.0100150225338007 -0.19831115660184243 -0.03494757863205193 -0.15564702855672757 -0.03464043231259526 -0.01569290197971994 -0.0478636469764184 -0.06963295172902159 -0.042517006802721094 0.011275369581558507 0.099626400996264 0.05655397762975996 0.09063819220263224 0.02426254629038437 -0.024882499308819465 -0.0012812299807815556 0.002371354043158647 -0.08905248159582047 0.07330103118399801 -0.04339201586908009 0.11857707509881424 0.1085173501577287 0.2059901428029824 0.129015271195366 0.13642756680731363 -0.13883677298311445 -0.01467931345980126 -0.0827946013383237 -0.056831922611850064 -0.13572524489555055 0.07100734143699602 -0.15428289311281168 0.044826298094882325 -0.12814132868872857 0.0039541320680110716
0.02450980392156863 0.0776065684399955 -0.03173883473135343 0.08815682635425125 0.02125900555096256 0.0733467408020821 0.07111329082883766 0.1238615664845173 0.09870529419305216 0.020752628666297734 -0.03161355589276681 0.045254403131115464 -0.08312551953449707 0.02923976608187135 0.016466117796073466 0.13395600344107167 0.04073587385019711 0.12419974391805377 0.036817882971729124 0.03744798890429958 -0.0981516889738687 -0.12193619903929057 -0.1889952153110048 -0.3421240199572345 -0.1650548033526757 -0.007651109410864579 -0.049189045466631214 -0.07492063492063492 -0.08825889275207274 -0.11398066657048045 -0.17179487179487185 -0.3082599381099738 -1.9228938600666354 -2.2378563562951177 -0.26447731260967666 0.06843005658639294 0.02875530603861427 0.03299023489047242 -0.06421642300860775 -0.1315977685595766 -0.18090452261306533 -0.795050979493642 -2.979511517536752 -0.9724255734504637 -0.21181716833890746 0.00881945319390198 0.0766432839698623 0.021859328790021858 -0.013156163662675963 -0.023467292461132293 -0.25431087954348097 -0.5824446267432322 -0.6627747252747251 -0.32025908600215913 -0.2240551520374246 0.0100150225338007 -0.19063459570112595 -0.036195706440339495 -0.1517880113197839 -0.0263267285575724 -0.010864316755190728 -0.11557319635769321 -0.10739997639560958 -0.08138969873663751 0.02756201453269857 0.08468244084682443 0.08043232374010305 0.08318847777501862 0.03703230749584983 -0.020735416090682888 0.005124919923126197 -0.021342186388427793 -0.08430301591071004 0.033544539694371975 -0.007438631291842301 0.10251976284584981 0.12492113564668769 0.19840768355870084 0.1395471300684571 0.13924050632911392 -0.13258286429018135 -0.03048780487804878 -0.08392877395939662 -0.07980652962515114 -0.11802195208308745 0.07582139848357203 -0.14564305109849418 0.052297347777362724 -0.11321224185120678 0.015816528272044283
0.04044117647058824 0.04386458216173659 -0.03173883473135343 0.07423732745621157 0.0330695641903862 0.06624866911155802 0.07111329082883766 0.1153612629022465 0.09229585950519163 0.02075262866629773 -0.00885179564997471 0.042808219178082196 -0.051062819142619634 0.03411306042884991 0.04939835338822039 0.13641391176109133 0.049934296977660976 0.11779769526248399 0.04076265614727153 0.058252427184466014 -0.07010834926704908 -0.1317896292646878 -0.13516746411483255 -0.2660964599667379 -0.10315925209542232 -1.3877787807814458e-18 -0.030576974208986973 -0.08126984126984126 -0.09360791655522867 -0.10965228682729763 -0.1448717948717949 -0.31897167341109256 -1.8764873869585916 -1.7264162486235162 -0.05389822010528952 0.08422160810632978 0.05066411063946323 0.025072578516759036 -0.05465227490094275 -0.13731941067086254 -0.1620603015075377 -0.8145262916714401 -2.9540456071304546 -0.9297218155197656 -0.17589495850365416 0.00503968753937256 0.09482982592881269 0.0038575286100038576 -0.0013156163662675926 -0.041067761806981525 -0.2530703386676591 -0.957459275752959 -0.8905677655677655 -0.3406501139498621 -0.21420657392588943 0.00625938908362544 -0.18039918116683726 -0.04742885671492762 -0.16336506303061488 -0.018013024802549536 -0.018107194591984548 -0.18795236983422833 -0.21361973327038827 -0.1032555879494655 0.026309195690303176 0.07098381070983813 0.07791881362322484 0.06580581077725353 0.03320137913421019 -0.027647221454243844 0.023062139654067903 -0.042684372776855585 -0.07955355022559961 0.016151074667660578 0.017356806347632037 0.07905138339920949 0.14006309148264984 0.17313281941109568 0.1500789889415482 0.11814345991561181 -0.10756722951844903 -0.046296296296296294 -0.0748553929908132 -0.06771463119709795 -0.09323734214563908 0.07582139848357204 -0.13453468279437175 0.049806997883202586 -0.11072406071161982 0.021088704362725714
0.03799019607843137 0.03036778765043302 -0.04080707322602584 0.08699686811274795 0.04724223455769458 0.06151662131787531 0.08460029426189308 0.09836065573770493 0.09998718113062428 1.3877787807814458e-18 -0.0012645422357106736 0.03669275929549902 -0.030875192969956063 0.04264132553606238 0.06839772007599747 0.13149809512105198 0.06176084099868594 0.09603072983354674 0.042077580539118996 0.02496532593619972 -0.05991077119184194 -0.1317896292646878 -0.10287081339712915 -0.1888809693513899 -0.06834300451321727 0.003825554705432288 -0.0053177346450412125 -0.0926984126984127 -0.06953730944102701 -0.11975183956139084 -0.12307692307692306 -0.3070697452987384 -1.7848643503093764 -1.1966230270402545 0.05389822010528955 0.11843663639952624 0.0862659181158428 0.03694906307732911 -0.03415767181308922 -0.1330281790873981 -0.15326633165829145 -0.8042158322831942 -2.917004282903114 -0.8601756954612008 -0.1251083859779512 0.021418672042333376 0.11171732917640946 0.0038575286100038576 0.010524930930140775 -0.038134350249339984 -0.2729189926808088 -1.1894995898277276 -1.1080586080586081 -0.36344008636200076 -0.21913086298165702 0.007511266900350528 -0.18167860798362334 -0.056165751372940595 -0.16207872395163367 -0.027712345850076214 -0.03983582810236601 -0.2941863180014009 -0.4661867107281954 -0.14698736637512147 0.016286644951140062 0.057285180572851827 0.08168907879854218 0.048423143779488455 0.03703230749584983 -0.04561791539950234 -0.00384368994234465 -0.04387004979843491 -0.10092614580859652 0.004969561436203256 0.009918175055789735 0.066699604743083 0.1337539432176656 0.15417667130039175 0.1474460242232754 0.10126582278481014 -0.11131957473420888 -0.06210478771454382 -0.10094136327549053 -0.07617896009673518 -0.08851646406231559 0.07100734143699602 -0.12836336706985926 0.03860042335948201 -0.10947997014182634 0.011862396204033215
0.03553921568627451 0.03261725340231695 -0.06687825889820902 0.08815682635425125 0.05078540214952167 0.06151662131787532 0.0956351152525748 0.0947176684881603 0.1076785027560569 -0.0027670171555063626 2.0816681711721684e-18 0.03057729941291585 -0.04156275976724853 0.056042884990253415 0.08106396453451552 0.1278112326410225 0.07490144546649145 0.08450704225352114 0.04339250493096646 0.026352288488210817 -0.04079031230082856 -0.12563123537381454 -0.053827751196172245 -0.1496792587312901 -0.03868471953578336 0.0025503698036215237 0.013294336612603031 -0.0838095238095238 -0.05482749398234822 -0.11398066657048045 -0.10128205128205128 -0.28921685313020706 -1.6063779152784388 -0.7720543252171785 0.10904988718977186 0.13291222529280167 0.0972203204162673 0.03035101609923463 -0.028692444322994948 -0.14447146330996996 -0.15452261306532664 -0.788177339901478 -2.8568121310336845 -0.7833089311859445 -0.09661835748792272 0.03653773466045105 0.11041829046505584 0.01543011444001543 0.009209314563873177 -0.024933998239953063 -0.26175412479841215 -1.2879409351927809 -1.233974358974359 -0.39822478109631765 -0.21789979071771515 -0.015022533800701052 -0.17272262026612079 -0.08487269096355468 -0.15564702855672757 -0.05126783982264098 -0.05915016900048285 -0.41676395050198456 -0.9300129824147291 -0.20408163265306117 -0.012528188423953895 0.03985056039850561 0.0728917933894684 0.0360069530667991 0.021708594049291277 -0.05805916505391208 -0.014093529788597053 -0.07351197533791795 -0.13892187128947997 -0.013666293949558952 0.0037193156459211507 0.04817193675889328 0.14006309148264984 0.13648426639706812 0.1487625065824118 0.09423347398030943 -0.09631019387116949 -0.07678410117434506 -0.13950323239197004 -0.06771463119709795 -0.07671426885400684 0.06739679865206402 -0.10120957788200446 0.04233594820072221 -0.08957452102513062 0.019770660340055358
0.053921568627450976 0.0157462602631875 -0.08048061664021763 0.08699686811274795 0.06495807251683004 0.05560156157577192 0.10544384502206965 0.08864602307225258 0.12177925906935008 -0.017985611510791366 0.01011633788568538 0.0 -0.06531290820567628 0.04751461988304094 0.08613046231792273 0.10323214944082586 0.08541392904073587 0.06274007682458388 0.0460223537146614 0.00832177531206657 -0.039515615041427664 -0.12439955659563987 -0.02631578947368421 -0.12829650748396293 -0.024500322372662798 0.012751849018107626 0.019941504918904545 -0.06476190476190477 -0.05215298208077025 -0.10388111383638725 -0.08205128205128207 -0.27136396096167575 -1.2315564017134697 -0.4184509971858558 0.14790674354474806 0.1500197394393999 0.1040668218540326 0.05014515703351809 -0.027326137450471376 -0.14161064225432698 -0.1306532663316583 -0.7744300607171499 -2.7074892927422156 -0.6564177647632993 -0.053263966307444566 0.04913695350888244 0.12730579371265263 0.028288543140028287 0.015787396395211158 -0.01906717512466999 -0.2605135839225903 -1.307863588421423 -1.2740384615384617 -0.39342689216744636 -0.2178997907177151 -0.001251877816725086 -0.1688843398157625 -0.063654518222666 -0.1517880113197839 -0.030483580435083833 -0.07001448575567358 -0.5183282745738967 -1.5106809866635194 -0.30612244897959184 -0.03382610874467552 0.0211706102117061 0.06158099786351641 0.024832381425378688 0.0051079044821861815 -0.07741222007188278 -0.021780909673286355 -0.11145364002845626 -0.20066492519591547 -0.042241272207727665 -0.007438631291842301 0.03458498023715416 0.1362776025236593 0.1314292935675471 0.14349657714586625 0.0829817158931083 -0.10381488430268919 -0.09485094850948508 -0.16445503005557444 -0.07134220072551391 -0.08143514693733034 0.06017571308220003 -0.10120957788200444 0.0423359482007222 -0.09455088330430454 0.021088704362725714
0.05759803921568628 0.03261725340231695 -0.08614826569938788 0.11599582415033058 0.0696822959725995 0.09109192002839228 0.10176557135850908 0.1214329083181542 0.10767850275605692 0.0013835085777531841 0.024026302478502782 0.0073385518590998065 -0.05225032656454102 0.060916179337231965 0.10766307789740344 0.11183482856089469 0.11563731931668857 0.07554417413572344 0.06180144641683103 0.018030513176144243 -0.045889101338432124 -0.11208276881389334 -0.025119617224880385 -0.08909479686386317 -0.0180528691166989 0.04463147156337669 0.021270938580164846 -0.03936507936507937 -0.05482749398234823 -0.07791083537729042 -0.06282051282051282 -0.20828374196619848 -0.8008091385054735 -0.18108405726171542 0.17924291802456754 0.20923805763916303 0.11365192386690401 0.10160992346265504 -0.023227216832900667 -0.09297668430839652 -0.10552763819095476 -0.7251689769733075 -2.3845352471350854 -0.481942410932162 -0.006193484454354026 0.08063500062996094 0.1532865679397246 0.05271955767005272 0.02762794369161952 -0.001466705778820767 -0.26423520655005583 -1.3031759053088012 -1.3060897435897438 -0.4006237255607533 -0.21174442939800567 0.017526289434151226 -0.1535312180143296 -0.03744383424862706 -0.146642655003859 -0.0041568518775114294 -0.0772573635924674 -0.5615222974550548 -1.9863094535583616 -0.45310981535471334 -0.05136557253821097 0.022415940224159412 0.05278371245444263 0.023590762354109757 -0.014046737326012002 -0.07879458114459496 -0.019218449711723255 -0.11856770215793218 -0.3004037045832344 -0.07951298297925206 -0.013637490701710886 0.04199604743083005 0.14384858044164037 0.14533046884872994 0.14481305950500262 0.09282700421940929 -0.10506566604127579 -0.09033423667570009 -0.1497107859816264 -0.06771463119709795 -0.06963295172902159 0.08183896979179203 -0.07899284127375956 0.061013572406923164 -0.07713361532719581 0.04085936470278108
0.058823529411764705 0.04723878078956247 -0.08388120607571978 0.12527549008235703 0.08267391047596552 0.09937300366733703 0.10544384502206963 0.12750455373406194 0.10767850275605692 0.008301051466519091 0.017703591299949417 0.011007827788649718 -0.0629378933618335 0.0706627680311891 0.11526282457251424 0.11552169104092418 0.11957950065703023 0.07042253521126761 0.07232084155161077 0.013869625520110954 -0.04333970681963034 -0.10715605370119471 -0.05502392344497607 -0.053456878118317896 -0.007736943907156672 0.06630961489415965 0.023929805902685453 -0.027936507936507936 -0.037443166622091476 -0.06059731640455922 -0.04615384615384615 -0.15115448702689835 -0.4997620180866253 -0.07585953750152943 0.20305841062923036 0.22634557178576128 0.13829932904285908 0.11744523621008181 -0.009564148107664979 -0.08010298955800316 -0.0942211055276382 -0.6770534998281591 -1.8763745803912493 -0.317227916056613 0.02353524092654527 0.09449414136323547 0.16108080020784618 0.06172045776006172 0.04209972372056309 0.0014667057788207692 -0.25431087954348097 -1.2820813313020039 -1.2946428571428572 -0.37783375314861467 -0.20558906807829622 0.03505257886830246 -0.14713408393039917 -0.026210683974038945 -0.12348855158219704 0.0055424691700152445 -0.08450024142926123 -0.5895400420266169 -2.4524961642865573 -0.716715257531584 -0.0714106740165372 0.012453300124532997 0.04524318210380797 0.012416190712689349 -0.019154641808198185 -0.0760298589991706 -0.023062139654067903 -0.1304244723737254 -0.3977677511279981 -0.1900857249347745 -0.026035209521448055 0.01976284584980238 0.14637223974763408 0.1339567799823076 0.1487625065824118 0.07735583684950773 -0.10381488430268918 -0.0880758807588076 -0.13610071452875128 -0.07859733978234583 -0.06727251268735984 0.08063545553014803 -0.0728215255492471 0.06101357240692318 -0.06469270962926102 0.036905232634770004
0.06004901960784313 0.04611404791362052 -0.08954885513489004 0.11715578239183388 0.0933034132514468 0.09818999171891636 0.11402648357037763 0.1238615664845173 0.1256249198820664 0.0013835085777531841 0.008851795649974712 0.0036692759295499046 -0.07006293789336183 0.07309941520467836 0.1076630778974034 0.12412437016099301 0.10906701708278581 0.07810499359795135 0.07100591715976332 0.011095700416088762 -0.03696622052262588 -0.10592437492302006 -0.0861244019138756 -0.04514136374435733 0.010315925209542236 0.06375924509053812 0.03456527519276788 -0.03555555555555556 -0.002674511901577964 -0.07213966238638002 -0.023076923076923078 -0.08569388240895025 -0.2070442646358877 -0.020800195766548384 0.22436700927550762 0.25529674957231213 0.16020813364370806 0.14119820533122196 0.0013663068725235723 -0.07009011586325276 -0.0829145728643216 -0.5934242181234965 -1.3763167033221437 -0.18667642752562227 0.04087699739873653 0.10583343832682372 0.164977916341907 0.063006300630063 0.05394027101697144 -0.008800234672924612 -0.23074060290286572 -1.263330598851518 -1.2488553113553114 -0.3826316420774859 -0.1883540563831097 0.041311967951927896 -0.13050153531218014 -0.02621068397403894 -0.09647543092359144 0.005542469170015245 -0.10381458232737809 -0.6070511323838431 -2.6932609465360557 -1.0483479105928086 -0.12778752192432974 -0.002490660024906599 0.017594570818147547 0.0012416190712689359 -0.03703230749584983 -0.09400055294442908 -0.028187059577194105 -0.15888072089162913 -0.5200664925195915 -0.44974530997639456 -0.06694768162658071 0.00617588932806324 0.1274447949526814 0.12637432073802604 0.13428120063191154 0.07735583684950774 -0.11757348342714195 -0.10162601626016259 -0.1372348871498242 -0.10399032648125757 -0.08143514693733034 0.06980382717535202 -0.08269563070846704 0.05727804756568298 -0.06593680019905448 0.03163305654408857
0.05147058823529412 0.03486671915420088 -0.1020176830650646 0.1159958241503306 0.0732254635644266 0.09109192002839227 0.09563511525257479 0.10807528840315724 0.1051147288809127 -0.02213613724405091 0.0025290844714213486 -0.0012230919765166327 -0.08075050469065431 0.059697855750487326 0.09373020899303357 0.1278112326410225 0.08672798948751644 0.07170294494238157 0.04733727810650886 0.015256588072122051 -0.02804333970681963 -0.10961941125754401 -0.09210526315789473 -0.047517224994060345 0.010315925209542231 0.05610813567967356 0.03456527519276788 -0.050793650793650794 -0.017384327360256756 -0.08945318135911122 -0.014102564102564105 -0.054748869316829304 -0.11780104712041883 -0.008564786492108166 0.22311356229631488 0.2447690485590209 0.15473093249349582 0.11084718923198733 -0.004098920617570707 -0.10298955800314691 -0.05402010050251256 -0.39523427654943283 -0.7165181155226299 -0.10492923377257198 0.047070481853090554 0.11843265717525515 0.164977916341907 0.07072135785007072 0.04209972372056309 -0.00880023467292461 -0.21337303064135962 -1.2293448962850115 -1.2007783882783882 -0.3586421974331294 -0.18712298411916778 0.03380070105157736 -0.13561924257932445 -0.03494757863205192 -0.10290712631849756 -0.011084938340030482 -0.11347175277643651 -0.618725192621994 -2.778236752035878 -1.3496112730806609 -0.1941869205712854 -0.038605230386052306 -0.0012567550584391101 -0.03600695306679911 -0.04597114033967564 -0.12303013547138512 -0.037155669442664956 -0.1837799383447949 -0.6043695084303016 -0.9081873524661448 -0.14381353830895116 -0.024703557312252968 0.09337539432176659 0.09983571338304056 0.09347024749868352 0.057665260196905765 -0.133833646028768 -0.12195121951219512 -0.15651582170806397 -0.12212817412333736 -0.1203823911247492 0.049344084727404015 -0.1073808936065169 0.03611007346532188 -0.09081861159492412 0.017134572294714642
0.041666666666666664 0.024744123270723208 -0.09408297438222624 0.10439624173529753 0.0696822959725995 0.09227493197681295 0.08827856792545366 0.1044323011536126 0.10511472888091271 -0.023519645821804096 0.01011633788568538 -0.02446183953033268 -0.07956299726873292 0.04507797270955165 0.09246358454718176 0.12904018680103232 0.08015768725361366 0.07554417413572342 0.04470742932281392 0.029126213592233007 -0.020395156150414276 -0.11085109003571869 -0.07775119617224881 -0.07959135186505108 0.027079303675048357 0.05738332058148431 0.04387131082159001 -0.04952380952380953 0.00267451190157796 -0.08368200836820082 -0.005128205128205128 -0.03451559152582717 -0.10947168015230842 -0.009788327419552184 0.24191526698420657 0.257928674825635 0.16705463508147336 0.12800211137503298 0.004098920617570707 -0.08868545272493207 -0.021356783919597992 -0.10081338068507276 -0.1782613728440792 -0.06100536847242557 0.06688963210702341 0.14363109487211792 0.17407118732138221 0.08486562942008487 0.05130903828443627 0.005866823115283076 -0.18856221312492247 -1.1414508379233566 -1.0954670329670328 -0.33585222502099077 -0.17604333374369072 0.03755633450175263 -0.12410440122824976 -0.03120319520718922 -0.08747105737072294 0.004156851877511433 -0.12433606953162721 -0.6245622227410693 -2.804201581494158 -1.5075315840621963 -0.26309195690303183 -0.049813200498132 -0.020108080935025762 -0.03849019120933698 -0.047248116460222186 -0.11611833010782417 -0.04996796925048046 -0.1742945221721603 -0.648302066017573 -1.3889924214188096 -0.29010662038184976 -0.039525691699604744 0.05678233438485806 0.10489068621256162 0.07109004739336493 0.07172995780590717 -0.1375859912445278 -0.14679313459801263 -0.15991833957128274 -0.16324062877871828 -0.13926590345804318 0.03008785654110001 -0.11355220933102939 0.028639023782841493 -0.08584224931575019 0.018452616317384995
0.03063725490196078 0.02249465751883928 -0.1088188619360689 0.09163670107876115 0.057871737333175854 0.095823967822075 0.09073075036782735 0.10928961748633878 0.10639661581848481 -0.013835085777531822 0.003793626707132015 -0.026908023483365944 -0.0914380714879468 0.03533138401559453 0.06966434452184928 0.13026914096104217 0.07227332457293036 0.08194622279129321 0.032873109796186725 0.038834951456310676 -0.019120458891013385 -0.10961941125754404 -0.07775119617224881 -0.09978617248752672 0.039974210186976146 0.048457026268808975 0.04387131082159 -0.04190476190476191 0.00401176785236694 -0.07502524888183523 -0.014102564102564103 0.002380385622470847 -0.11542122798667301 -0.014682491129328276 0.24692905490097766 0.2618765627056191 0.16842393536902642 0.13196093956188967 0.0027326137450471373 -0.09154627378057503 -0.010050251256281405 -0.061862756329476465 -0.15626808658409538 -0.043923865300146414 0.07060572277963581 0.16252992314476505 0.17147310989867498 0.09258068664009259 0.05262465465070385 0.0029334115576415383 -0.148864905098623 -0.7429977733505215 -0.8035714285714286 -0.293870696893367 -0.16742582789609747 0.043815723585378066 -0.11770726714431937 -0.01872191712431353 -0.0784666838178544 3.4694469519536144e-19 -0.12312892322549492 -0.548680831193089 -2.7711554349108938 -1.500242954324587 -0.34828363818591834 -0.05977584059775841 -0.04147291692849063 -0.03849019120933697 -0.05874090154514109 -0.12026541332596077 -0.05124919923126201 -0.15769504387004982 -0.6732367608644027 -1.534352093427755 -0.9422266303000247 -0.09634387351778657 0.023974763406940068 0.08719828130923797 0.048709847288046344 0.046413502109704644 -0.14258911819887427 -0.1253387533875339 -0.1667233752977203 -0.1825876662636034 -0.18647468429127817 0.020459742447948008 -0.14194026166378673 0.03112937367700162 -0.10947997014182634 0.014498484249373925
0.03308823529411764 0.05511191092115623 -0.11108592155973702 0.09163670107876115 0.05432856974134877 0.10055601561575771 0.09686120647376165 0.11414693381906496 0.11152416356877323 -0.008301051466519094 -0.010116337885685379 -0.012230919765166343 -0.10687566797292483 0.04142300194931773 0.06586447118429387 0.13641391176109133 0.08278580814717476 0.08706786171574903 0.02761341222879684 0.047156726768377254 -0.044614404079031236 -0.09237590836309889 -0.09090909090909091 -0.09859824186267521 0.0051579626047711215 0.05865850548329508 0.033235841531507576 -0.038095238095238106 0.005349023803155923 -0.08079642187274563 -0.029487179487179487 0.034515591525827186 -0.11304140885292717 -0.009788327419552188 0.2331411381298571 0.2855638899855244 0.1561002327810489 0.14911586170493535 -3.4694469519536144e-19 -0.08153340008582464 -0.012562814070351758 -0.021766525375186162 -0.1435351313809469 -0.019521717911176184 0.0606961476526694 0.18646843895678472 0.1688750324759678 0.10672495821010672 0.056571503749506646 0.013200352009386917 -0.13273787371293883 -0.35392007500292977 -0.5517399267399268 -0.2602854743912678 -0.17111904468792316 0.04131196795192789 -0.1266632548618219 -0.013729405891163254 -0.08103936197581682 -0.008313703755022866 -0.11709319169483343 -0.4798038757879991 -2.667296117077777 -1.491739552964043 -0.4021548484089201 -0.09464508094645081 -0.07163503833102927 -0.04469828656568165 -0.08172647171497892 -0.12579485761680953 -0.06021780909673287 -0.16125207493478777 -0.6696746616005699 -1.5753509752764319 -1.6067443590379369 -0.22974308300395258 -0.01766561514195584 0.05813218753949199 0.03686150605581886 0.03375527426160337 -0.1575984990619137 -0.11856368563685638 -0.1621866848134286 -0.21765417170495768 -0.253747196978638 -0.019256228186304007 -0.15921994569242165 0.011206574523720585 -0.12192087583976115 -0.011862396204033215
0.015931372549019607 0.08660443144753122 -0.10541827250056676 0.10091636701078759 0.034250620054328565 0.11830119484206789 0.08337420304070622 0.12871888281724347 0.09485963338033584 -0.005534034311012729 -0.021497218007081438 0.009784735812133072 -0.1211257570359815 0.046296296296296294 0.06206459784673844 0.13887182008111099 0.08541392904073587 0.0998719590268886 0.03418803418803419 0.06934812760055478 -0.06373486297004462 -0.08129079935952702 -0.08851674641148326 -0.10572582561178427 -0.024500322372662798 0.07651109410864575 0.02127093858016485 -0.0292063492063492 -0.008023535704733886 -0.07646804212956283 -0.029487179487179487 0.05474886931682933 -0.12137077582103759 -0.013458950201884257 0.2206066683379293 0.2960915909988156 0.16431603450636725 0.14251781472684083 0.001366306872523569 -0.09583750536403948 -0.008793969849246231 -0.012601672585634096 -0.13774742447042482 -0.01586139580283065 0.0606961476526694 0.18520851707194158 0.1727721486100286 0.11058248682011058 0.05394027101697144 0.01760046934584922 -0.09924327006574865 -0.09844134536505333 -0.32394688644688646 -0.21350605733477274 -0.14526652714514338 0.0513269904857286 -0.10235414534288638 0.008736894658012983 -0.048880885001286345 0.012470555632534294 -0.09174311926605505 -0.35722624328741537 -2.4229906762657856 -1.4516520894071916 -0.4221999498872463 -0.13449564134495642 -0.08797285409073771 -0.04097342935187485 -0.08172647171497893 -0.1161183301078242 -0.058936579115951314 -0.16955181408584302 -0.6803609593920684 -1.58777487886694 -2.03818497396479 -0.565711462450593 -0.07949526813880126 0.03664855301402755 0.01448130595050027 0.0379746835443038 -0.16010006253908693 -0.0948509485094851 -0.1497107859816264 -0.2370012091898428 -0.31629883158267436 -0.06017571308220002 -0.182670945445569 0.009961399576640521 -0.12067678526996764 -0.009226308158692501
0.004901960784313727 0.09110336295129907 -0.0952165041940603 0.0997564087692843 0.017715837959135464 0.12303324263575062 0.0649828347229034 0.13357619914996963 0.07691321625432637 -2.7755575615628915e-18 -0.01896813353566009 0.02323874755381605 -0.1116256976606104 0.041423001949317736 0.05319822672577581 0.13641391176109133 0.076215505913272 0.10115236875800257 0.03550295857988166 0.0651872399445215 -0.0662842574888464 -0.06404729646508191 -0.09090909090909091 -0.09622238061297221 -0.0425531914893617 0.09436368273399642 0.019941504918904545 -0.03682539682539683 -0.00802353570473389 -0.07791083537729043 -0.03333333333333333 0.07141156867412521 -0.11185149928605427 -0.015906032056772303 0.20681875156680873 0.3026714041321226 0.1697932356565795 0.13987859593560306 0.0027326137450471373 -0.09297668430839652 -0.007537688442211055 -0.0034368197960820274 -0.14006250723463365 -0.02440214738897023 0.0606961476526694 0.18898828272647097 0.1740711873213822 0.1092966439501093 0.05262465465070385 0.017600469345849225 -0.09055948393499566 0.0023438415563107897 -0.18887362637362634 -0.18112030706489146 -0.14157331035331772 0.06009013520280422 -0.11514841351074719 0.026210683974038945 -0.04373552868536147 0.0263267285575724 -0.0712216320618059 -0.2171375204296054 -1.9709665997875607 -1.3751214771622935 -0.4397394136807818 -0.1793275217932752 -0.11562146537639814 -0.04718152470821953 -0.08811135231771165 -0.10229471938070225 -0.058936579115951314 -0.14465259663267727 -0.6708620280218476 -1.5865324885078893 -2.4659062732457224 -1.158596837944664 -0.15141955835962145 0.03159358018450652 -0.014481305950500265 0.04922644163150493 -0.17886178861788618 -0.08468834688346884 -0.13269819666553248 -0.23579201934703747 -0.3717691490617255 -0.10590925502467204 -0.22957294495186376 0.0012451749470800675 -0.14555859666583726 -0.011862396204033215
-0.00857843137254902 0.10909908896637048 -0.07367943776921333 0.12411553184085371 0.017715837959135467 0.1360463740683781 0.06498283472290338 0.15057680631451123 0.07819510319189847 0.023519645821804096 -0.03793626707132018 0.05381604696673189 -0.1163757273482959 0.06822612085769979 0.044331855604813175 0.15239031584121915 0.0657030223390276 0.1267605633802817 0.03813280736357659 0.08321775312066573 -0.05608667941363926 -0.05049882990516073 -0.09090909090909091 -0.08315514373960561 -0.049000644745325596 0.11476664116296864 0.030576974208986973 -0.038095238095238106 0.0013372559507889802 -0.07358245563410763 -0.03076923076923077 0.09045465365389194 -0.10352213231794385 -0.003670622782332074 0.20055151667084484 0.3276746940386893 0.18759413939476927 0.1596727368698865 0.030058751195518513 -0.07009011586325276 -0.017587939698492462 0.010310459388246075 -0.1597407107304086 -0.010980966325036604 0.050786572525702955 0.20536726722943183 0.16757599376461418 0.1182975440401183 0.05788712011577424 0.023467292461132296 -0.06947028904602406 0.04570491034806047 -0.13507326007326004 -0.1487345567950102 -0.126800443186015 0.06384576865297947 -0.11642784032753326 0.023714428357463804 -0.03730383329045538 0.027712345850076203 -0.050700144857556736 -0.1109035722624329 -1.3914788150596011 -1.2645772594752187 -0.43222250062640943 -0.21419676214196764 -0.12693226090235013 -0.034765333995530175 -0.06895671050951348 -0.07879458114459495 -0.07431133888532993 -0.11382499407161491 -0.6530515317026835 -1.5418064355820598 -2.6593106868336225 -1.9367588932806323 -0.2536277602523659 0.013901175281182862 -0.042127435492364404 0.057665260196905765 -0.17761100687929957 -0.06323396567299007 -0.1326981966655325 -0.20072551390568316 -0.4154372713324678 -0.13720062582741605 -0.2591952604295236 0.012451749470800648 -0.1492908683752177 0.0026360880453407164
-0.004901960784313726 0.10347542458666066 -0.06914531852187712 0.10903607470131076 0.024802173142789655 0.12066721873890926 0.07356547327121138 0.1408621736490589 0.09485963338033587 0.011068068622025456 -0.042994436014162876 0.0648238747553816 -0.11756323477021731 0.07309941520467836 0.03039898670044332 0.16836671992134694 0.04862023653088042 0.1498079385403329 0.02366863905325444 0.0970873786407767 -0.05353728489483748 -0.051730508683335376 -0.08612440191387559 -0.10216203373722973 -0.05544809800128949 0.09308849783218567 0.025259239563945757 -0.0419047619047619 -0.008023535704733884 -0.07358245563410763 -0.029487179487179487 0.08093311116400856 -0.10114231318419802 -0.014682491129328276 0.19052394083730256 0.30135544150546123 0.18211693824455705 0.15043547110055422 0.03415767181308922 -0.08582463166928908 -0.022613065326633163 0.0011456065986940075 -0.16205579349461746 -0.015861395802830646 0.05202526941657376 0.19654781403552982 0.158482722785139 0.12215507265012215 0.05130903828443626 0.026400704018773834 -0.05210271678451804 0.06211180124223602 -0.0744047619047619 -0.11514933429291112 -0.12187615413024747 0.056334501752628954 -0.14073694984646878 0.012481278082875687 -0.05531258039619245 0.022169876680060964 -0.03380009657170449 -0.06070511323838431 -0.90404815295645 -1.1175898931000972 -0.4272112252568279 -0.26027397260273977 -0.1621214025386452 -0.039731810280605906 -0.06640275826842038 -0.07602985899917057 -0.08327994875080078 -0.09485416172634574 -0.563999050106863 -1.4958379922971798 -2.718819737168361 -2.761857707509882 -0.39747634069400634 -0.0189561481107039 -0.0855713533438652 0.04219409282700422 -0.17510944340212636 -0.07226738934056007 -0.15651582170806394 -0.21039903264812576 -0.4508438569573941 -0.2226501384041401 -0.30116020735620835 -0.007471049682480387 -0.17790495148046775 -0.011862396204033213
-0.0196078431372549 0.0989764930828928 -0.08841532532305599 0.10903607470131076 0.0011810558639423652 0.12303324263575059 0.05762628739578224 0.14814814814814817 0.08075887706704268 0.008301051466519091 -0.03414264036418817 0.08072407045009784 -0.10450065312908205 0.07188109161793373 0.026599113362887904 0.17328253656138629 0.04599211563731931 0.1638924455825864 0.023668639053254437 0.11095700416088765 -0.0509878903760357 -0.040645399679763515 -0.0861244019138756 -0.12235685435970538 -0.07092198581560283 0.07141035450140272 0.01196490295134273 -0.03301587301587302 -0.020058839261834716 -0.07213966238638003 -0.03461538461538462 0.07974291835277314 -0.1070918610185626 -0.018353113911660345 0.176736024066182 0.2921437031188315 0.17116253594413253 0.15175508049617312 0.024593523705424235 -0.08725504219711057 -0.0037688442211055257 0.0057280329934700416 -0.14006250723463365 -0.01586139580283065 0.058218753870927786 0.180168829532569 0.16887503247596777 0.1182975440401183 0.05130903828443626 0.020533880903490762 -0.04341893065376504 0.07383100902379 -0.042353479853479856 -0.09715725080964376 -0.11202757601871231 0.053830746119178784 -0.15097236438075742 0.0199700449326011 -0.057885258554154884 0.03048358043508383 -0.02293577981651376 -0.0338547746906374 -0.4307801251032692 -0.8685617103984452 -0.42345276872964177 -0.31008717310087175 -0.21239160487620962 -0.049664762850757396 -0.07661856723279274 -0.09261819187171688 -0.08840486867392698 -0.06758359023002133 -0.485632866302541 -1.3802956889054543 -2.7535333498636247 -3.4424407114624507 -0.6208201892744479 -0.05939593074687223 -0.13164823591363878 0.04078762306610408 -0.17385866166353972 -0.06887985546522132 -0.1791992741295225 -0.20314389359129384 -0.4732680278531807 -0.2792153087014081 -0.3381881017032832 -0.01120657452372058 -0.1891017666086091 -0.010544352181362857
-0.023284313725490197 0.09447756157912494 -0.08954885513489004 0.09975640876928431 -0.0011810558639423646 0.10410505146101975 0.05272192251103482 0.14329083181542196 0.07306755544161006 0.004150525733259543 -0.015174506828528073 0.0905088062622309 -0.08193801211257569 0.074317738791423 0.03926535782140596 0.17082462824136663 0.05519053876478318 0.16645326504481434 0.036817882971729124 0.12343966712898749 -0.04079031230082855 -0.0332553270107156 -0.05382775119617224 -0.12710857685911145 -0.06447453255963895 0.056108135679673564 0.023929805902685456 -0.02412698412698413 -0.026745119015779622 -0.06781128264319723 -0.046153846153846156 0.08569388240895025 -0.09519276534983342 -0.023247277621436437 0.17297568312860365 0.26977233846558757 0.16842393536902642 0.14647664291369755 0.020494603087853527 -0.08868545272493204 0.017587939698492462 0.0274945583686562 -0.10417872438939693 -0.013421181063933623 0.08670878236095628 0.18520851707194158 0.19095869056897893 0.13372765848013374 0.0670964346796474 0.03666764447051921 -0.03969730802629946 0.08437829602718856 -0.020604395604395608 -0.06357202830754469 -0.09848578111535149 0.05257886830245369 -0.15609007164790173 0.01872191712431353 -0.06303061487007976 0.03186919772758763 -0.006035731530661515 -0.016343684333411157 -0.18883512333293992 -0.543002915451895 -0.3808569280881985 -0.34993773349937735 -0.2576347869800176 -0.07325552520486714 -0.08428042395607202 -0.10229471938070225 -0.07687379884689302 -0.05572682001422813 -0.36095939206839234 -1.1367871785314947 -2.7287379122241506 -3.943922924901186 -0.9388012618296531 -0.13269303677492733 -0.15534491837809375 0.018284106891701835 -0.1713570981863665 -0.06323396567299007 -0.17239423840308496 -0.18863361547762997 -0.4886108816239821 -0.3213383078589482 -0.37645025919526043 -0.02739384883576142 -0.2090072157253048 -0.013180440226703569
-0.020833333333333332 0.09672702733100888 -0.08954885513489005 0.10091636701078761 0.01062950277548128 0.08872589613155092 0.05762628739578225 0.14207650273224046 0.0820407640046148 0.004150525733259544 -0.011380880121396054 0.08806262230919765 -0.073625460159126 0.07797270955165693 0.04813172894236859 0.15730613248125846 0.06701708278580815 0.1549295774647887 0.06180144641683103 0.10540915395284325 -0.035691523263224986 -0.041877078457938165 -0.03947368421052632 -0.13067236873366597 -0.050290135396518366 0.04335628666156592 0.035894708854028186 -0.020317460317460317 -0.009360791655522867 -0.06492569614774203 -0.04615384615384614 0.09759581052130445 -0.09519276534983341 -0.020800195766548388 0.1717222361494109 0.25134886169232795 0.16979323565657947 0.15043547110055425 0.017761989342806393 -0.08868545272493206 0.0314070351758794 0.035513804559514264 -0.09607593471466605 -0.00854075158613958 0.0966183574879227 0.180168829532569 0.19095869056897893 0.12215507265012215 0.08683068017366137 0.02053388090349076 -0.022329735764793447 0.08789405836165474 -0.011446886446886446 -0.05157730598536644 -0.06770897451680415 0.05383074611917878 -0.1420163766632549 0.013729405891163254 -0.039876511448417806 0.029097963142580015 0.007242877836793819 -0.008171842166705579 -0.09323734214563907 -0.2441690962099125 -0.32698571786519676 -0.37982565379825656 -0.32298605001885133 -0.0893965731313633 -0.08683437619716512 -0.11611833010782417 -0.06278026905829596 -0.0545411429926488 -0.2790311090002375 -0.7031929432227606 -2.6667493181254645 -4.4392292490118574 -1.420820189274448 -0.20599014280298245 -0.1606108478146393 -0.007032348804500699 -0.1575984990619137 -0.0643631436314363 -0.14857661336055347 -0.19347037484885127 -0.46028561312404115 -0.37669996389457217 -0.38138731177487045 -0.052297347777362724 -0.19905449116695698 -0.02636088045340714
-0.014705882352941175 0.09897649308289279 -0.08388120607571978 0.0974364922862777 0.014172670367308373 0.07807878859576481 0.047817557626287394 0.1517911353976928 0.06922189462889373 0.023519645821804096 -0.015174506828528073 0.08561643835616436 -0.048687804298776866 0.07797270955165693 0.04813172894236859 0.13272704928106183 0.05781865965834428 0.13956466069142123 0.0591715976331361 0.0929264909847434 -0.03186743148502231 -0.040645399679763515 -0.031100478468899524 -0.10810168686148729 -0.05673758865248226 0.0306044376434583 0.033235841531507576 -0.022857142857142857 -0.024070607114201663 -0.06059731640455923 -0.03846153846153845 0.1011663889550107 -0.08210376011423133 -0.009788327419552186 0.16545500125344698 0.23555731017239112 0.1656853347939203 0.14779625230931642 0.021860909960377102 -0.0758117579745387 0.03894472361809045 0.03895062435559629 -0.06945248292626462 -0.0012201073694485115 0.10281184194227673 0.16882953256898076 0.18316445830085737 0.12472675839012473 0.0763057492435206 0.022000586682311526 -0.017367572261506016 0.09726942458689793 0.004578754578754579 -0.04917836152093079 -0.06032254093315278 0.046319479218828244 -0.14841351074718528 0.011233150274588117 -0.05145356315924878 0.022169876680060967 0.031385803959439885 0.004669624095260332 -0.042487902749911474 -0.09839650145772595 -0.2530694061638687 -0.4159402241594023 -0.41472916928490633 -0.12292028805562454 -0.0919422806793513 -0.12303013547138512 -0.05509288917360666 -0.066397913208442 -0.21372595582996912 -0.24599329109206117 -2.544011901810067 -4.739377470355731 -2.100946372239748 -0.3045621129786428 -0.19615587151132174 -0.035161744022503515 -0.14133833646028768 -0.05984643179765131 -0.1281615061812408 -0.17412333736396612 -0.4473031983949015 -0.42363702009868814 -0.39990125894840783 -0.07346532187772381 -0.2164717591440657 -0.034269144589429285
-0.018382352941176468 0.10347542458666066 -0.0861482656993879 0.11367590766732398 0.018896893823077833 0.08162782444102687 0.049043648847474246 0.1602914389799636 0.07947699012947058 0.0387382401770891 -0.01770359129994942 0.08194716242661447 -0.049875311720698264 0.07797270955165692 0.05573147561747942 0.12535332432100282 0.08015768725361368 0.13316261203585145 0.06969099276791584 0.0943134535367545 -0.04461440407903123 -0.03325532701071561 -0.03827751196172249 -0.08909479686386315 -0.06834300451321727 0.025503698036215255 0.030576974208986973 -0.03047619047619048 -0.008023535704733884 -0.057711729909104025 -0.03205128205128204 0.10235658176624614 -0.07615421227986673 0.0073412455646641355 0.16294810729506143 0.23950519805237533 0.1656853347939203 0.15967273686988653 0.039622899303183495 -0.05578601058503792 0.03015075376884422 0.044678657349066335 -0.07061002430836902 0.014641288433382138 0.08918617614269787 0.16882953256898076 0.18316445830085737 0.13115597274013116 0.07893698197605578 0.03080082135523614 -0.014886490509862297 0.10195710769951952 0.006868131868131869 -0.03718363919875255 -0.046780746029791945 0.05383074611917878 -0.11386898669396113 0.023714428357463808 -0.023154103421661958 0.04572537065262574 0.0350072428778368 0.011674060238150825 -0.030685707541602724 -0.06073858114674441 -0.17163618140816833 -0.40597758405977585 -0.6170667336936031 -0.1862428606903402 -0.08938832843825821 -0.11335360796239977 -0.06406149903907751 -0.07469765235949727 -0.20778912372358108 -0.08945210585165862 -1.911728242003471 -4.735671936758893 -2.6977917981072554 -0.48527739163401995 -0.2395997893628225 -0.03797468354430379 -0.13633520950594122 -0.058717253839205064 -0.12249064307587616 -0.1523579201934704 -0.4071757346866517 -0.42845107714526415 -0.39126141693409033 -0.09836882081932512 -0.19905449116695698 -0.04481349677079215
-0.022058823529411763 0.10909908896637047 -0.08841532532305599 0.1380350307388934 0.023621117278847293 0.0851768602862889 0.05026974006866112 0.1615057680631451 0.08973208563004743 0.03597122302158274 -0.02276176024279211 0.06971624266144814 -0.0558128488303052 0.08528265107212477 0.04939835338822039 0.11183482856089469 0.08804204993429698 0.1254801536491677 0.08021038790269558 0.07350901525658807 -0.03824091778202677 -0.03571868456706491 -0.04665071770334928 -0.07127583749109052 -0.03610573823339779 0.016577403723539923 0.04121244349906939 -0.03301587301587302 0.02005883926183471 -0.062040109652286825 -0.020512820512820513 0.09640561771006903 -0.0737743931461209 0.013458950201884251 0.1892704938581098 0.2276615344124227 0.18211693824455705 0.1557139086830298 0.06558272988113131 -0.06150765269632384 0.025125628140703522 0.041241837552984315 -0.08334297951151753 0.010980966325036604 0.09537966059705189 0.162529923144765 0.19355676799168617 0.1362993442201363 0.08288383107485857 0.023467292461132296 -0.008683786130753008 0.09961326614320873 0.011446886446886448 -0.019191555715485187 -0.029545734334605434 0.05758637956935404 -0.06780962128966224 0.01372940589116326 0.023154103421661944 0.05126783982264099 0.042250120714630614 0.019845902404856407 -0.022424170895786612 -0.03522837706511176 -0.11400651465798047 -0.3910336239103362 -0.8030664823425914 -0.3290290538862677 -0.07023368663006002 -0.12303013547138512 -0.06278026905829596 -0.06876926725160067 -0.2220375207789124 -0.023605416821965458 -1.2596082320852962 -4.65044466403162 -3.2782334384858047 -0.698849993681284 -0.2804107424960506 -0.060478199718706036 -0.133833646028768 -0.06210478771454381 -0.1326981966655325 -0.11970979443772671 -0.3552460757700932 -0.4128053917438922 -0.4122438903974327 -0.11829161997260615 -0.20776312515551135 -0.0461315407934625
-0.009803921568627449 0.08547969857158924 -0.07934708682838357 0.10671615821830416 0.035431675918270934 0.06269963326629599 0.04536537518391367 0.1517911353976928 0.08845019869247532 0.03873824017708911 -0.02276176024279211 0.05993150684931507 -0.06650041562759766 0.08650097465886938 0.03926535782140596 0.11797959936094385 0.07752956636005257 0.13444302176696538 0.06180144641683103 0.08044382801664354 -0.01784576163161249 -0.039413720901588865 -0.045454545454545456 -0.07483962936564505 -0.0012894906511927763 -0.002550369803621516 0.03722414251528848 -0.027936507936507943 0.016047071409467765 -0.05771172990910402 -0.021794871794871794 0.09045465365389194 -0.06068538791051879 0.008564786492108158 0.20431185760842316 0.21450190814580866 0.16157743393126114 0.166270783847981 0.06285011613608417 -0.04291231583464454 0.03768844221105527 0.04811547714514836 -0.08334297951151753 0.026842362127867253 0.11024402328750153 0.17512914199319637 0.19615484541439338 0.16844541597016843 0.08288383107485857 0.05280140803754767 -0.007443245254931149 0.09140982069612094 0.009157509157509158 -0.040782055895406025 -0.027083589806721653 0.05383074611917878 -0.0626919140225179 0.013729405891163258 -0.0025726781579624436 0.05542469170015242 0.0374215354901014 0.011674060238150829 -0.01888351233329399 -0.047376093294460644 -0.0851916812828865 -0.3735990037359901 -1.0519039839135353 -0.5587285820710206 -0.11237389860809603 -0.11750069118053637 -0.06149903907751442 -0.07232629831633863 -0.21253858940869153 -0.01366629394955895 -0.835606248450285 -4.360177865612648 -3.6681388012618292 -0.9339062302540124 -0.32912058978409686 -0.06891701828410689 -0.13133208255159476 -0.07452574525745256 -0.13950323239197007 -0.11003627569528415 -0.30449663637436564 -0.3791069924178601 -0.4270550481362626 -0.12327231976092638 -0.2289126648420005 -0.04217740872545143
-0.007352941176470587 0.08435496569564727 -0.08388120607571978 0.11135599118431735 0.043699066965867485 0.04968650183366852 0.050269740068661105 0.13600485731633272 0.09742340725548007 0.01936912008854455 -0.03667172483560951 0.0684931506849315 -0.0724379527372046 0.09624756335282651 0.046865104496516784 0.13149809512105198 0.08935611038107753 0.15620998719590268 0.0631163708086785 0.09015256588072122 -0.030592734225621414 -0.038182042123414216 -0.055023923444976086 -0.08077928248990258 -0.0012894906511927758 -0.00765110941086457 0.010635469290082425 -0.0126984126984127 -0.006686279753944907 -0.06059731640455922 -0.010256410256410256 0.08569388240895026 -0.04521656354117086 0.002447081854888048 0.22311356229631488 0.20660613238584022 0.16431603450636728 0.17814726840855105 0.06694903675365488 -0.04434272636246602 0.0364321608040201 0.04926108374384237 -0.08218543812941312 0.045143972669594926 0.12139229530533877 0.18394859518709836 0.20654715510522212 0.1915905876301916 0.09867122747006973 0.06600176004693459 -0.016127031385684155 0.11367631548107346 0.010302197802197802 -0.01439366678661389 -0.03077680659854733 0.07886830245368052 -0.05117707267144319 0.026210683974038945 -0.016722408026755852 0.0651240127476791 0.033800096571704484 1.3877787807814458e-18 -0.023604390416617486 -0.06559766763848397 -0.056376847907792536 -0.34371108343711076 -1.3032549956013573 -0.9076235410975911 -0.1494062061039459 -0.13823610727121924 -0.07303010890454838 -0.07469765235949728 -0.22085015435763475 0.0049695614362032575 -0.4264815273989585 -3.804347826086956 -3.9356466876971608 -1.194237330974346 -0.3844128488678252 -0.10829817158931083 -0.11757348342714198 -0.056458897922312554 -0.12475898831802201 -0.09915356711003628 -0.26672961170777765 -0.3237453363822361 -0.4258207849913601 -0.12451749470800647 -0.2351331176909679 -0.04744958481613286
-0.004901960784313724 0.08885389719941512 -0.08614826569938788 0.11367590766732398 0.04015589937404039 0.046137465988406484 0.04168710152035312 0.12629022465088036 0.09357774644276376 0.008301051466519091 -0.024026302478502782 0.05870841487279843 -0.06650041562759768 0.09746588693957114 0.05319822672577581 0.13149809512105198 0.1011826544021025 0.15877080665813062 0.06311637080867852 0.0957004160887656 -0.02039515615041428 -0.038182042123414216 -0.050239234449760764 -0.08790686623901164 0.020631850419084462 -0.02422851313440449 0.005317734645041213 0.00380952380952381 -0.0066862797539449115 -0.06348290290001443 -0.008974358974358974 0.08093311116400857 -0.0333174678724417 0.013458950201884253 0.23690147906743544 0.20134228187919462 0.1533616322059428 0.17946687780416998 0.054652274900942745 -0.047203547418109 0.045226130653266326 0.041241837552984315 -0.0682949415441602 0.0414836505612494 0.1350179611049176 0.18016882953256896 0.21434138737334374 0.19673395911019673 0.09603999473753454 0.06160164271047228 -0.016127031385684158 0.10547287003398571 0.017170329670329672 -0.027587861341009955 -0.023390373014895972 0.07636454682023033 -0.03198567041965199 0.016225661507738395 -0.012863390789812195 0.06373839545517528 0.022935779816513756 -0.0023348120476301658 -0.033046146583264484 -0.06438289601554907 -0.05512402906539715 -0.31008717310087175 -1.5797411084579616 -1.3980630742488205 -0.21453198825181968 -0.15067735692562897 -0.05253042921204356 -0.08655442257529049 -0.2042270244597483 0.003727171077152444 -0.23183734192908506 -3.050889328063241 -4.065615141955837 -1.4343485403765954 -0.4186413902053713 -0.12939521800281292 -0.10506566604127579 -0.06775067750677508 -0.12362481569694908 -0.11970979443772674 -0.2230614894370353 -0.2912504513178481 -0.4122438903974328 -0.15315651849084794 -0.2226922119930331 -0.06722024515618823
0.004901960784313727 0.07760656843999547 -0.0861482656993879 0.11715578239183391 0.04842329042163694 0.042588430143144444 0.04536537518391368 0.10928961748633881 0.09101397256761953 0.009684560044272275 -0.007587253414264037 0.04158512720156556 -0.06768792304951907 0.0962475633528265 0.0759974667511083 0.116750645200934 0.13272010512483573 0.14980793854033292 0.07758053911900066 0.08321775312066573 0.0012746972594008892 -0.03941372090158886 -0.03349282296650717 -0.07721549061534805 0.06318504190844616 -0.00765110941086457 0.04254187716032971 0.015238095238095236 0.02941963091735758 -0.06781128264319722 -0.008974358974358974 0.07379195429659605 -0.01903855306996669 0.019576654839104365 0.2519428428177488 0.22239768390577708 0.17390113651923872 0.19002375296912116 0.06558272988113129 -0.038621084251180084 0.06658291457286432 0.035513804559514264 -0.0671374001620558 0.0427037579306979 0.15731450514059206 0.19528789215068665 0.24681735515718367 0.20573485920020573 0.12103670569661887 0.06013493693165152 -0.008683786130753008 0.11367631548107346 0.020604395604395608 -0.01439366678661389 0.006155361319709468 0.08888332498748122 0.019191402251791206 0.007488766849725414 0.020581425263699507 0.06789524733268672 0.022935779816513756 0.009339248190520663 -0.03422636610409536 -0.04980563654033042 -0.040090202956652464 -0.2789539227895392 -1.8273218549704662 -2.038738515023591 -0.2873196271229728 -0.17141277301631186 -0.01921844971172326 -0.08418306853213185 -0.18760389456186183 0.017393465026711394 -0.13761467889908258 -2.255434782608696 -4.044164037854889 -1.6150638190319728 -0.4265402843601896 -0.15049226441631505 -0.09255784865540963 -0.056458897922312554 -0.10661222638085517 -0.10157194679564692 -0.18175380620795467 -0.22385365266578408 -0.37398173290545544 -0.18428589216784957 -0.20154267230654388 -0.0804006853828918
0.031862745098039214 0.0956022944550669 -0.05554296077986851 0.13339519777288017 0.08149285461202313 0.043771442091565124 0.0760176557135851 0.08986035215543413 0.11921548519420588 0.008301051466519091 0.0037936267071320183 0.045254403131115464 -0.04275026718916993 0.10964912280701752 0.08993033565547816 0.12289541600098317 0.15374507227332457 0.1613316261203585 0.0880999342537804 0.07212205270457697 0.003824091778202679 -0.03695036334523956 -0.01674641148325359 -0.07008790686623899 0.08381689232753063 0.0012751849018107643 0.053177346450412125 -2.7755575615628915e-18 0.03878042257288044 -0.08656759486365603 0.007692307692307693 0.09521542489883361 0.0023798191337458317 0.0428239324605408 0.2832790172975683 0.24740097381234372 0.1985485416951938 0.19134336236474006 0.09017625358655554 -0.028608210556429692 0.06281407035175879 0.043533050750372324 -0.0671374001620558 0.05490483162518302 0.1622692927040753 0.22426609550207885 0.25071447129124447 0.23788093095023788 0.12893040389422444 0.06600176004693459 0.0 0.12656744404078282 0.017170329670329672 -0.0023989444644356484 0.013541794903360826 0.09889834752128193 0.026867963152507675 -0.013729405891163251 0.015436068947774629 0.05542469170015242 0.031385803959439885 0.024515526500116742 -0.03068570754160274 -0.029154518950437323 -0.011275369581558507 -0.24408468244084677 -1.9969837878597463 -2.675689098584554 -0.3601072659941259 -0.1824716615980094 0.005124919923126201 -0.07706900640265593 -0.15791973402992163 0.03354453969437197 -0.08306471609223902 -1.5859683794466402 -3.9003154574132486 -1.771767976747125 -0.4383886255924171 -0.16736990154711676 -0.07879924953095684 -0.05420054200542005 -0.0918679823069071 -0.09673518742442563 -0.16405051339549154 -0.17210253941509207 -0.3431251542828931 -0.21666044079193125 -0.19781040059716348 -0.09621721365493609
0.036764705882352935 0.09560229445506692 -0.044207662661527994 0.13107528128987356 0.08503602220385025 0.03903939429788241 0.07969592937714566 0.07043108682452945 0.11536982438148954 -0.002767017155506367 0.0 0.036692759295499026 -0.036812730079563 0.10599415204678361 0.10006333122229258 0.11429273688091435 0.16557161629434952 0.16005121638924455 0.08284023668639053 0.049930651872399444 -2.7755575615628915e-18 -0.03695036334523956 -0.028708133971291867 -0.07602755999049655 0.08123791102514508 0.008926294312675338 0.04653017814411061 -0.013968253968253972 0.034768654720513506 -0.11109508007502526 0.008974358974358974 0.08569388240895025 0.0035697287006187517 0.03181206411354459 0.2820255703183755 0.2579286748256349 0.19307134054498154 0.18474531538664557 0.07241426424374914 -0.04005149477900157 0.06030150753768844 0.03895062435559629 -0.057877069105220516 0.05734504636408004 0.17094017094017094 0.22426609550207885 0.258508703559366 0.25716857400025717 0.13287725299302725 0.06013493693165152 0.0062027043791092916 0.1289112855970936 0.017170329670329672 0.0 0.014772867167302719 0.10140210315473211 0.01023541453428864 -0.04618072890664004 -0.01672240802675586 0.047110987945129565 0.016900048285852245 0.023348120476301654 -0.025964829458279243 -0.041302235179786206 -0.023803558005512405 -0.23661270236612703 -2.1301998240542916 -3.4504593990563697 -0.48269697356659425 -0.21011888305225326 0.012812299807815503 -0.06995494427317998 -0.14010923771075756 0.0447260529258293 -0.06818745350855443 -1.1128952569169959 -3.625236593059937 -1.8425375963604196 -0.46076882569773553 -0.18143459915611815 -0.06754221388367729 -0.055329719963866306 -0.09640467279119881 -0.09552599758162031 -0.14162634249970493 -0.13118305451919604 -0.2925203653418909 -0.23160254015689205 -0.1878576760388156 -0.10676156583629895
0.056372549019607844 0.09447756157912496 -0.032872364543187475 0.14267486370490662 0.08976024565961971 0.050869513782089204 0.07969592937714566 0.08014571948998178 0.10511472888091271 0.0013835085777531841 0.01011633788568538 0.050146771037182 -0.02612516328227052 0.12914230019493178 0.11399620012666245 0.12904018680103232 0.17871222076215504 0.18693982074263765 0.07626561472715318 0.05686546463245492 -0.0050987890376035724 -0.030791969454366297 -0.032296650717703344 -0.067712045616536 0.07607994842037397 0.015302218821729153 0.03988300983780909 -0.00761904761904762 0.03610591067130249 -0.11830904631366326 0.01282051282051282 0.07974291835277315 0.007139457401237506 0.035482686895876664 0.27951867635999 0.2829319647322016 0.18485553881966316 0.2058590657165479 0.05055335428337202 -0.028608210556429696 0.057788944723618084 0.04124183755298431 -0.04630165528417641 0.0732064421669107 0.17961104917626658 0.23938515812019653 0.27409716809560924 0.28802880288028804 0.13024602026049203 0.0748019947198592 0.0037216226274655747 0.11953591937185046 0.027472527472527476 -0.0011994722322178242 0.00984857811153515 0.08763144717075613 -0.014073694984646879 -0.14852720918622067 -0.048880885001286345 0.03186919772758764 0.0048285852245292145 0.02451552650011674 -0.04838900035406586 -0.034013605442176874 -0.04760711601102481 -0.2166874221668742 -2.2194294332034685 -4.24261236652595 -0.6461499169965521 -0.21564832734310202 0.029468289557975657 -0.05098411192791084 -0.11754927570648303 0.0720586408249472 -0.04835110339697496 -0.6299407114624505 -3.1394321766561517 -1.8766586629596866 -0.46076882569773564 -0.189873417721519 -0.06128830519074422 -0.05081300813008131 -0.09073380968583417 -0.08585247883917776 -0.1286439277705653 -0.08544951257672403 -0.2567267341397185 -0.2266218403685718 -0.16795222692211992 -0.11335178594965072
0.06495098039215687 0.10684962321448657 -0.040807073226025836 0.155434404361443 0.0862170780677926 0.07571276469892346 0.08827856792545366 0.09107468123861566 0.10896038969362905 -0.0013835085777531841 0.02023267577137076 0.06482387475538161 -0.04037525234532715 0.1425438596491228 0.13172894236858773 0.14501659088116015 0.19973718791064388 0.20230473751600514 0.08547008547008546 0.047156726768377254 -0.005098789037603572 -0.01847518167261978 -0.03588516746411483 -0.05464480874316942 0.07994842037395229 0.045906656465187455 0.0412124434990694 0.012698412698412698 0.042792190425247394 -0.11686625306593568 0.017948717948717947 0.08450368959771484 0.002379819133745836 0.05872996451731309 0.29205314615191774 0.3145150677720753 0.19307134054498148 0.23621008181578254 0.0519196611558956 -0.041481905306823066 0.057788944723618084 0.04582426394776034 -0.06482231739784697 0.08906783796974135 0.183327139848879 0.25702406450800047 0.2792933229410236 0.31374566028031375 0.13945533482436523 0.0704018773833969 -0.0012405408758218584 0.13125512715340446 0.005723443223443222 0.020391027947703012 0.0061553613197094705 0.10766149223835755 -0.056294779938587516 -0.355716425361957 -0.0913300746076666 0.03602604960509907 -0.004828585224529214 0.026850338547746905 -0.06845273220819073 -0.021865889212827987 -0.05261839138060635 -0.1905354919053549 -2.2319969837878597 -4.995033523714925 -0.7930021708594049 -0.25435443737904345 0.025624599615631006 -0.018970832345269147 -0.1282355734979815 0.09442166728786185 -0.05578973468881726 -0.3174407114624506 -2.4769716088328075 -1.858966258056363 -0.45945234333859936 -0.1758087201125176 -0.061288305190744206 -0.035004516711833786 -0.1043438811387093 -0.06408706166868197 -0.11566151304142569 -0.016849199663016005 -0.22463589237225373 -0.19798281658573028 -0.13311769096790246 -0.09358112560959535
0.06985294117647059 0.09897649308289282 -0.03287236454318749 0.14847465491242318 0.08385496633990788 0.07098071690524074 0.08460029426189308 0.09957498482088645 0.09614152031790794 -0.008301051466519091 0.02149721800708143 0.06971624266144813 -0.04037525234532715 0.1388888888888889 0.12666244458518047 0.1548482241612388 0.17214191852825228 0.22535211267605632 0.0749506903353057 0.05131761442441053 -0.006373486297004463 -0.020938539228969082 -0.03708133971291866 -0.06296032311712997 0.06963249516441007 0.052282580974241266 0.02924754054772667 0.03809523809523809 0.01604707140946777 -0.10965228682729766 0.015384615384615382 0.07855272554153772 -0.0011899095668729167 0.05872996451731309 0.27951867635998995 0.31714699302539806 0.18348623853211007 0.2573238321456849 0.019128296215329965 -0.045773136890287516 0.07537688442211055 0.03780501775690229 -0.052089362194698466 0.07808687164470474 0.1919980180849746 0.2570240645080005 0.27799428422967 0.3356049890703356 0.12235232206288646 0.06893517160457613 -0.024810817516437166 0.12070784015000584 -0.016025641025641024 0.015593139018831715 -0.024621445278837865 0.08387581372058087 -0.1816786079836233 -1.157014478282576 -0.25855415487522515 -0.013856172925038105 -0.0036214389183969104 0.02451552650011674 -0.07907470789566859 -0.01943634596695821 -0.06514657980456025 -0.1855541718555417 -2.082443131833606 -5.188726098832879 -0.9053760694675009 -0.2820016588332873 0.035874439461883414 -0.007114062129475925 -0.11398717644265019 0.10808796123742079 -0.04835110339697496 -0.23962450592885376 -1.8460567823343847 -1.675723492986225 -0.4107424960505529 -0.1322081575246132 -0.06378986866791744 -0.036133694670280034 -0.10547805375978223 -0.06408706166868199 -0.12392304968724181 0.0024070285232880018 -0.21723031350283878 -0.17556966753828912 -0.13187360039810897 -0.07512850929221035
0.08333333333333333 0.09672702733100888 -0.023804126048515076 0.14151490546340334 0.08503602220385023 0.08162782444102687 0.0784698381559588 0.12507589556769882 0.0807588770670427 0.004150525733259547 0.021497218007081435 0.07705479452054793 -0.04393777461109133 0.1267056530214425 0.11399620012666245 0.16959567408135678 0.1340341655716163 0.24583866837387963 0.0499671268902038 0.058252427184466014 -0.0012746972594008942 -0.01970686045079443 -0.04665071770334929 -0.07483962936564506 0.06189555125725339 0.04718184136699822 0.018612071257644247 0.04317460317460318 -0.014709815458678794 -0.11542345981820805 0.016666666666666666 0.08926446084265652 -0.0023798191337458335 0.06607121008197725 0.2757583354224116 0.3145150677720753 0.17390113651923866 0.2480865663763526 -0.017761989342806397 -0.05721642111285939 0.08417085427135677 0.03895062435559629 -0.05093182081259405 0.0866276232308443 0.1858045336306206 0.2557641426231574 0.2598077422707196 0.32531824611032534 0.09472437837126693 0.06013493693165152 -0.044659471529586894 0.12187976092816125 -0.04922161172161172 -0.0011994722322178242 -0.06155361319709466 0.056334501752628954 -0.3147389969293756 -1.8896655017473791 -0.45922305119629536 -0.049882222530137174 0.0024142926122646055 0.023348120476301658 -0.08261536645816121 -0.0206511175898931 -0.06765221748935105 -0.17559153175591533 -1.9002136483599348 -5.132853240625776 -0.969224875494828 -0.3068841581421067 0.05253042921204356 0.015413801280531183 -0.0973640465447637 0.10311839980121754 -0.038432928341185224 -0.18033596837944663 -1.2176656151419558 -1.4255023379249336 -0.35676671932596105 -0.10126582278481011 -0.0675422138836773 -0.024841915085817522 -0.10547805375978223 -0.06287787182587667 -0.1192021716039183 0.013238656878084005 -0.18267094544556897 -0.16809861785580876 -0.10699178900223935 -0.05931198102016607
0.08455882352941177 0.0989764930828928 -0.022670596236681023 0.16007423732745624 0.09094130152356207 0.08281083638944756 0.09318293281020108 0.11171827565270184 0.09485963338033586 -0.0069175428887659094 0.030349013657056147 0.07827788649706457 -0.023750148438427744 0.11817738791423002 0.12792906903103232 0.16222194912129778 0.1340341655716163 0.23175416133162613 0.06837606837606837 0.03744798890429958 -0.01529636711281071 -0.02217021800714374 -0.04784688995215312 -0.06296032311712996 0.05931656995486784 0.048457026268808975 0.033235841531507576 0.04063492063492064 -8.673617379884035e-19 -0.12552301255230128 0.019230769230769232 0.07736253273030232 -0.005949547834364586 0.07708307842897344 0.2745048884432188 0.30925121726542965 0.17663973709434477 0.204539456320929 -0.023227216832900677 -0.07295093691889573 0.07412060301507536 0.03436819796082026 -0.040513948373654365 0.08540751586139579 0.18704323052149138 0.25198437696862797 0.24421927773447644 0.2533110453902533 0.07893698197605578 0.03520093869169844 -0.06326758466691478 0.11953591937185046 -0.06295787545787546 0.013194194554396067 -0.07878862489228117 0.046319479218828244 -0.3876663254861822 -2.3726909635546685 -0.5904296372523798 -0.09006512401274767 0.012071463061323033 0.026850338547746898 -0.07789448837483773 -0.008503401360544217 -0.06138812327737407 -0.16687422166874222 -1.641322106321478 -4.935435808294017 -0.955178138168816 -0.3317666574509262 0.06149903907751442 0.030827602561062362 -0.08192828306815482 0.11429991303267487 -0.017356806347632037 -0.13463438735177866 -0.7482649842271293 -1.136105143434854 -0.26592943654555035 -0.07454289732770744 -0.06504065040650407 -0.019196025293586272 -0.0827946013383237 -0.053204353083434096 -0.10267909831228608 0.02166325670959201 -0.14194026166378673 -0.1830407172207695 -0.07713361532719581 -0.05272176090681428
0.10049019607843138 0.08997863007535709 -0.0011335298118340512 0.1519545296369331 0.10747608361875516 0.07689577664734414 0.10421775380088279 0.09350333940497875 0.09742340725548007 -0.0069175428887659094 0.04678806272129489 0.06727005870841485 -0.019000118750742194 0.11208576998050683 0.1355288157061431 0.15361927000122896 0.13534822601839686 0.20614596670934704 0.07363576594345825 0.029126213592233014 0.0025493945188017854 -0.027096933119842348 -0.031100478468899524 -0.070087906866239 0.07350096711798841 0.04463147156337668 0.053177346450412125 0.03428571428571429 0.008023535704733888 -0.11975183956139084 0.024358974358974356 0.06903118305165437 -0.0035697287006187517 0.07830661935641747 0.27951867635999 0.30530332938544535 0.16431603450636725 0.16627078384798102 -0.03689028555813636 -0.0743813474467172 0.09045226130653265 0.02978577156604422 -0.035883782845236724 0.08662762323084432 0.19571410875758702 0.2482046113140985 0.2338269680436477 0.18387553041018387 0.04473095645309828 0.02053388090349076 -0.053343257660339906 0.10781671159029649 -0.06410256410256411 0.005997361161089121 -0.08001969715622306 0.03254882323485227 -0.43756397134083935 -2.8432351472790818 -0.6843323900180087 -0.11500623527781625 0.022935779816513763 0.032687368666822314 -0.07907470789566859 -0.013362487852283769 -0.05512402906539713 -0.16189290161892902 -1.3686062586401913 -4.613856468835363 -0.9334695441195249 -0.3400608238871993 0.09865470852017938 0.036755987668958975 -0.039183091902161016 0.11057274195552243 0.022315893875526904 -0.09140316205533597 -0.3861198738170347 -0.8391254897004927 -0.16324381253291204 -0.03375527426160338 -0.05628517823639775 -0.028229448961156273 -0.07598956561188613 -0.053204353083434096 -0.08261536645816123 0.018052713924660006 -0.10491236731671191 -0.17806001743244929 -0.05722816621050011 -0.039541320680110716
0.10416666666666666 0.0956022944550669 0.014735887553842666 0.14731469667091984 0.10747608361875516 0.08281083638944754 0.09808729769494849 0.08986035215543411 0.08332265094218691 0.002767017155506364 0.0417298937784522 0.08806262230919763 -0.02018762617266358 0.11574074074074074 0.12286257124762509 0.16345090328130762 0.11300919842312747 0.20358514724711907 0.0499671268902038 0.030513176144244102 -0.00892288081580625 -0.029560290676191654 -0.016746411483253586 -0.06771204561653599 0.06834300451321729 0.038255547054322867 0.0425418771603297 0.013968253968253967 -0.005349023803155927 -0.12552301255230128 0.021794871794871794 0.08212330397524399 -0.0023798191337458365 0.0746359965740854 0.27826522938079723 0.30267140413212257 0.15062303163083665 0.13591976774874637 -0.05328596802841919 -0.0829638106136461 0.08668341708542712 0.048115477145148355 -0.04282903113786318 0.0854075158613958 0.1858045336306206 0.23938515812019653 0.1831644583008574 0.07843641507007844 -0.009209314563873161 0.0014667057788207692 -0.05582433941198363 0.10078518692136411 -0.05952380952380952 0.0 -0.08740613073987444 0.010015022533800707 -0.5002558853633572 -3.112830753869196 -0.761512734756882 -0.1454898157129001 0.03621438918396909 0.045528834928788224 -0.050749439395727604 -0.003644314868804662 -0.03382610874467551 -0.13574097135740973 -1.0820661053160738 -4.12714179289794 -0.882390499297663 -0.32347249101465303 0.09865470852017938 0.06758359023002133 -0.027309427689384946 0.11678469375077646 0.026035209521448055 -0.045701581027667984 -0.16277602523659304 -0.5686844433211171 -0.10926803580832016 -0.0028129395218002783 -0.06378986866791744 -0.015808491418247517 -0.06918452988544857 -0.043530834340991545 -0.0837955859789921 0.02647731375616801 -0.10120957788200444 -0.16187274312040845 -0.0709131624782284 -0.022406748385396066
0.10294117647058823 0.10684962321448654 0.012468827930174566 0.1415149054634033 0.10157080429904335 0.07807878859576482 0.0980872976949485 0.08743169398907104 0.09101397256761953 -0.0069175428887659094 0.016439049064238744 0.11007827788649704 -0.02018762617266358 0.12548732943469787 0.10512982900569981 0.17942730736143545 0.08015768725361366 0.2023047375160051 0.049967126890203814 0.033287101248266296 -0.02549394518801785 -0.02217021800714374 -0.04665071770334929 -0.06533618436683297 0.02578981302385558 0.030604437643458306 0.0039883009837809085 -0.006349206349206349 -0.03343139876972452 -0.14283653152503245 0.02307692307692307 0.08688407522018567 -0.01665873393622085 0.06607121008197722 0.2719979944848333 0.28687985261218574 0.13282212789264686 0.09633148588017945 -0.0614838092635606 -0.09726791589186096 0.07160804020100502 0.05613472333600641 -0.041671489755758774 0.08296730112249878 0.16598538337668772 0.23434547058082397 0.12730579371265263 -0.025716857400025717 -0.047362189185633466 -0.014667057788207686 -0.06947028904602406 0.09140982069612096 -0.07326007326007326 -0.005997361161089121 -0.12187615413024747 0.002503755633450172 -0.5693449334698055 -3.2538691962056916 -0.820684332390018 -0.1635028405154496 0.037421535490101396 0.03852439878589774 -0.050749439395727604 -0.007288629737609328 -0.03132047105988473 -0.11581569115815689 -0.7917556868166394 -3.481499875838094 -0.8006640275826842 -0.30826651921481896 0.08840486867392697 0.07944036044581457 -0.023747328425552126 0.11802708410982732 0.021076121993553187 0.0037055335968379567 -0.021451104100946344 -0.34500189561481104 -0.03686150605581885 0.0379746835443038 -0.07754846779237023 -0.0022583559168925004 -0.07598956561188615 -0.03143893591293834 -0.10031865927062436 0.04814057046576002 -0.1123179461861269 -0.1133109201842859 -0.06842498133864146 2.4286128663675298e-18
0.09681372549019608 0.09785176020695084 0.0011335298118340538 0.13339519777288017 0.08739813393173497 0.06743168105997871 0.07479156449239822 0.08864602307225258 0.0628124599410332 -0.0013835085777531813 0.0012645422357106723 0.10273972602739725 -0.032062700391877454 0.11817738791423005 0.08866371120962635 0.1745114907213961 0.056504599211563734 0.1907810499359795 0.03155818540433926 0.04022191400832177 -0.029318036966220522 -0.029560290676191654 -0.04665071770334928 -0.067712045616536 0.020631850419084465 0.03698036215251212 0.00930603562882212 -1.3877787807814458e-18 -0.02941963091735758 -0.12985139229548404 0.016666666666666666 0.07617233991906688 -0.02617801047120418 0.053835800807537006 0.24692905490097772 0.2724042637189103 0.09585102012871424 0.07785695434151489 -0.09564148107664983 -0.10155914747532542 0.06532663316582914 0.05155229694123038 -0.040513948373654365 0.07686676427525621 0.16474668648581692 0.22300617361723568 0.10132501948558068 -0.12086922978012087 -0.06446520194711222 -0.016133763567028454 -0.08187569780424266 0.08086253369272237 -0.08127289377289379 -0.020391027947703012 -0.14403545488120154 -0.016274411617426137 -0.6051688843398157 -3.3325012481278087 -0.8515564702855671 -0.16627407510045725 0.04345726702076291 0.03618958673826757 -0.040127463708249725 -0.00607385811467444 -0.037584565271861686 -0.10211706102117062 -0.5730803066482342 -2.842066054134591 -0.7151066275060656 -0.2889134641968482 0.08456117873158234 0.09011145364002845 -0.0189978627404417 0.12175425518697976 0.029754525167369206 0.051877470355731224 0.06561514195583598 -0.11879186149374446 0.022380200105318604 0.08720112517580872 -0.08505315822388994 0.004516711833785003 -0.07939208347510492 -0.016928657799274494 -0.10149887879145522 0.06739679865206402 -0.11231794618612687 -0.06972979703648362 -0.0709131624782284 0.03426914458942929
0.1017156862745098 0.10347542458666066 -0.0011335298118340484 0.14963461315392643 0.08385496633990787 0.08990890807997161 0.0674350171652771 0.10443230115361261 0.051275477502884234 0.020752628666297734 -0.006322711178553366 0.11374755381604695 -0.03800023750148439 0.1388888888888889 0.07473084230525649 0.19171684896153376 0.04467805519053877 0.18822023047375158 0.02761341222879684 0.058252427184466014 -0.03824091778202677 -0.019706860450794433 -0.04904306220095693 -0.05108101686861487 0.009026434558349452 0.05100739607243051 -0.0013294336612603027 0.008888888888888894 -0.034768654720513506 -0.11109508007502525 0.025641025641025633 0.08093311116400857 -0.02498810090433127 0.05750642358986907 0.24692905490097772 0.2658244505856034 0.0835273175407367 0.05806281340723145 -0.09017625358655554 -0.09726791589186094 0.061557788944723614 0.0549891167373124 -0.057877069105220516 0.08662762323084432 0.14988232379536728 0.2293057830414514 0.06365289685632629 -0.18773305902018772 -0.09077752927246416 -0.005866823115283072 -0.09180002481081753 0.08203445447087776 -0.08356227106227107 -0.019191555715485187 -0.15757724978456236 -0.021281922884326485 -0.6205220061412489 -3.3624563155267104 -0.8592745047594544 -0.16350284051544964 0.06397875422501206 0.05019845902404857 -0.038947244187418864 0.015792031098153546 -0.023803558005512405 -0.0572851805728518 -0.3795400276486113 -2.042463372237397 -0.5835780870897713 -0.23776610450649707 0.09352978859705319 0.10908228598529761 -0.014248397055331272 0.1540564045223009 0.04835110339697496 0.10746047430830039 0.14258675078864352 0.029066093769745997 0.08952080042127435 0.1420534458509142 -0.07754846779237023 0.012420957542908761 -0.06464783940115686 0.0012091898428053167 -0.08733624454148471 0.08785654110001204 -0.11478647247593185 -0.03611007346532187 -0.06593680019905448 0.06326611308817714
0.09558823529411765 0.11247328759419636 0.0034005894355021563 0.15543440436144298 0.08503602220385023 0.09227493197681297 0.07356547327121137 0.10443230115361261 0.06024868606588899 0.023519645821804096 -0.0012645422357106723 0.10885518590998045 -0.030875192969956066 0.12305068226120859 0.07726409119696011 0.1781983532014256 0.04336399474375822 0.1677336747759283 0.023668639053254437 0.05409153952843273 -0.03441682600382409 -0.011085109003571871 -0.041866028708133975 -0.04514136374435733 0.011605415860735008 0.05738332058148432 1.3877787807814458e-18 0.008888888888888894 -0.040117678523669424 -0.10243832058865965 0.024358974358974356 0.08569388240895023 -0.02617801047120419 0.06851829193686529 0.24692905490097772 0.2566127121989735 0.07531151581541833 0.03562945368171021 -0.07924579860636699 -0.09726791589186096 0.061557788944723614 0.040096230954290296 -0.06019215186942933 0.07198633479746216 0.15112102068623806 0.20662718911427488 0.03507404520654716 -0.24559598817024558 -0.09998684383633732 -0.026400704018773834 -0.10048381094157052 0.09023789991796553 -0.08585164835164837 -0.027587861341009955 -0.1661947556321556 -0.016274411617426137 -0.6256397134083931 -3.298801797304044 -0.861847182917417 -0.15380351946792298 0.07605021728633511 0.06303992528601447 -0.02006373185412487 0.026724975704567545 -2.7755575615628915e-18 -0.013698630136986292 -0.21867538016840524 -1.205612118202135 -0.4252330481419996 -0.2004423555432679 0.09481101857783474 0.12331041024424946 -0.009498931370220847 0.16523791775375823 0.06074882221671213 0.1432806324110672 0.18801261829652996 0.14406672564134967 0.14218009478672988 0.17158931082981715 -0.0762976860537836 0.030487804878048773 -0.06578201202222977 0.018137847642079805 -0.08379558597899209 0.11313034059453606 -0.11972352505554182 -0.004980699788320261 -0.07713361532719581 0.092263081586925
0.08455882352941177 0.11022382184231246 0.01586941736567672 0.15427444611993965 0.09212235738750442 0.09818999171891638 0.07479156449239824 0.11900425015179113 0.06537623381617742 0.04012174875484228 -0.0037936267071320175 0.09417808219178082 -0.028500178126113294 0.13401559454191034 0.07473084230525649 0.1855720781614846 0.039421813403416564 0.17157490396927016 0.02761341222879684 0.07628294036061026 -0.035691523263224986 -0.02463357556349304 -0.039473684210526314 -0.06414825374198146 0.014184397163120569 0.042081101759755164 -0.003988300983780909 -3.4694469519536144e-19 -0.04145493447445841 -0.09955273409320445 0.008974358974358972 0.07974291835277314 -0.027367920038077104 0.053835800807537006 0.228127350213086 0.2421371233056981 0.05887991236478161 0.007917656373713377 -0.08607733296898483 -0.0829638106136461 0.05402010050251256 0.035513804559514264 -0.0567195277231161 0.0732064421669107 0.1449275362318841 0.19654781403552982 0.01818654195895038 -0.2828854314002829 -0.10130246020260492 -0.024933998239953063 -0.10296489269321425 0.06914332591116841 -0.07326007326007328 -0.05037783375314862 -0.16127046657638805 -0.035052578868302445 -0.5974923234390994 -3.1203195207189216 -0.8219706714689993 -0.1621172232229458 0.08087880251086431 0.07237917347653514 -0.005901097604154372 0.02915451895043732 0.007516913054372337 0.02241594022415941 -0.10431066985044615 -0.41221753166128644 -0.2719959136764143 -0.15897152336190212 0.11274823830877645 0.10789660896371829 0.017810496319164093 0.1813889924214188 0.09918175055789735 0.17292490118577078 0.25236593059936907 0.2464299254391508 0.20800421274354924 0.19971870604781997 -0.07254534083802376 0.022583559168925023 -0.053306113190427586 0.022974607013301084 -0.07081317124985247 0.11674088337946806 -0.11355220933102939 0.0 -0.08210997760636973 0.09621721365493607
0.06985294117647059 0.11247328759419636 0.01700294717751077 0.15311448787843635 0.08739813393173497 0.0839938483378682 0.07111329082883766 0.09593199757134183 0.06537623381617741 0.030437188710570006 -0.0037936267071320175 0.08439334637964775 -0.032062700391877454 0.1388888888888889 0.0759974667511083 0.17328253656138629 0.04467805519053877 0.15364916773367476 0.03550295857988166 0.07212205270457697 -0.035691523263224986 -0.03325532701071561 -0.03708133971291866 -0.06652411499168448 0.015473887814313345 0.033154807447079826 -0.003988300983780908 -0.025396825396825397 -0.037443166622091476 -0.11398066657048045 -1.3877787807814458e-18 0.08212330397524398 -0.023798191337458353 0.046494555242872875 0.22311356229631488 0.22502960915909984 0.04107900862659181 -0.02903140670361573 -0.079245798606367 -0.08153340008582463 0.04396984924623116 0.04467865734906633 -0.07061002430836902 0.08418740849194731 0.13254056732317604 0.19402797026584354 0.006495193556767994 -0.3163173460203163 -0.08946191290619654 -0.0278674097975946 -0.0806351569284208 0.07851869213641158 -0.05723443223443225 -0.04797888928871297 -0.13295580450572447 -0.02503755633450174 -0.5092118730808599 -2.3739390913629554 -0.679187033702084 -0.1468754330054039 0.08570738773539352 0.08171842166705581 0.011802195208308743 0.02551020408163266 0.02881483337509396 0.03486924034869241 -0.03016212140253865 -0.14526943133846537 -0.15068318222449242 -0.14100082941664366 0.11274823830877645 0.1244960872658288 0.022559962004274518 0.19008572493477452 0.11157946937763452 0.17292490118577075 0.25993690851735013 0.266649816757235 0.22775144813059503 0.17862165963431784 -0.06378986866791744 0.025971093044263777 -0.05103776794828173 0.03264812575574365 -0.06137141508320548 0.10831628354796005 -0.10367810417180942 -0.01867762420620097 -0.08708633988554366 0.07381046526954001
0.07107843137254902 0.12934428073332585 0.03627295397868964 0.15427444611993965 0.10511397189087043 0.07807878859576481 0.09440902403138793 0.07650273224043716 0.09229585950519163 0.013835085777531819 0.011380880121396056 0.09662426614481409 -0.01187507421921387 0.15960038986354777 0.10006333122229258 0.1745114907213961 0.07490144546649145 0.1357234314980794 0.06180144641683103 0.06657420249653259 -0.014021669853409816 -0.030791969454366297 -0.0011961722488038312 -0.07483962936564505 0.041263700838168924 0.02550369803621525 0.017282637596383942 -0.04571428571428572 -0.012035303557100831 -0.12263742605684605 0.006410256410256408 0.0892644608426565 -0.008329366968110425 0.05016517802520495 0.2331411381298571 0.22634557178576126 0.05614131178967548 -0.03035101609923463 -0.049187047410848485 -0.0743813474467172 0.05402010050251257 0.05269790353992439 -0.046301655284176416 0.08784773060029286 0.1535984144679797 0.19402797026584356 0.028578851649779163 -0.3188890317603189 -0.05394027101697144 -0.019067175124669992 -0.05458379853616178 0.09258174147427634 -0.00343406593406593 -0.03118627803766343 -0.08617505847593254 0.0012518778167250875 -0.4004605936540431 -1.6662506240639043 -0.4939542063287884 -0.12331993903283914 0.10019314340898115 0.09572729395283679 0.046028561312404105 0.03644314868804665 0.06389376096216487 0.062266500622665 0.035189141636295086 -0.04221504842314379 -0.06001787766568767 -0.10505944152612663 0.11787315823190266 0.13635285748162201 0.030871526953217765 0.20375201888433345 0.1326555913711877 0.18651185770750986 0.27381703470031543 0.2641223303424744 0.24223275408109535 0.17721518987341772 -0.03627267041901189 0.036133694670280034 -0.014744244073948051 0.04594921402660218 -0.031865927062433616 0.11794439764111206 -0.08146136756356455 -0.004980699788320259 -0.07713361532719581 0.06722024515618823
0.08823529411764705 0.14284107524462938 0.041940603037859896 0.15775432084444957 0.11810558639423645 0.08162782444102686 0.10299166257969591 0.08986035215543411 0.08973208563004745 0.019369120088544547 0.0139099645928174 0.09540117416829745 -0.008312551953449706 0.16081871345029236 0.10259658011399622 0.16713776576133713 0.08147174770039421 0.13316261203585147 0.0591715976331361 0.05963938973647711 0.008922880815806245 -0.02463357556349304 0.011961722488038274 -0.0688999762413875 0.05673758865248226 0.025503698036215255 0.033235841531507576 -0.04952380952380952 -0.0013372559507889876 -0.11975183956139084 0.010256410256410253 0.09997619614377529 -0.022608281770585437 0.05261225988009299 0.23188769115066435 0.22634557178576126 0.06709571409009997 -0.006598046978094486 -0.043721819920754204 -0.07724216850236018 0.048994974874371856 0.050406690342536364 -0.047459196666280824 0.08052708638360176 0.14864362690449645 0.18142875141741216 0.03117692907248636 -0.26616947409026614 -0.047362189185633466 -0.023467292461132296 -0.03845676715047761 0.10781671159029652 0.010302197802197804 -0.017992083483267363 -0.06401575772497846 0.01377065598397596 -0.33393039918116685 -1.2131802296555168 -0.35374324671983526 -0.09699321047526674 0.11347175277643648 0.1085687602148027 0.04720878083323498 0.04494655004859087 0.09145577549486343 0.08592777085927769 0.06912152821415106 -2.7755575615628915e-18 -0.024262546290384372 -0.0912358307990047 0.12556053811659196 0.14820962769741525 0.04155782474471622 0.21990309355199406 0.14753285395487228 0.19886363636363635 0.2839116719242902 0.25401238468343235 0.2356503422854134 0.1744022503516174 -0.021263289555972488 0.041779584462511295 -0.011341726210729276 0.05441354292623942 -0.017703292812463124 0.11553736911782406 -0.07158726240434461 0.022413149047441166 -0.07962179646678277 0.059311981020166084
