-0.01715686274509804 -0.06074924063449207 -0.005674080798910577 -0.07760018531387539 0.0365911237016053 -0.07561436672967864 0.0869991422619777 -0.0714891554586211 0.06787040594186196 -0.15476025977615035 -0.046793980017705815 0.0024470818548880486 -0.03336908592539626 -0.12336631244656163 -0.0025380710659898458 -0.05043670808217493 0.16922471467926012 -0.12746972594008923 0.13545502367175172 -0.11740331491712705 -0.1517276552339666 -0.21336951159348788 -0.3557264751832712 -0.32365938134479877 -0.11556240369799693 -0.03816308357715305 -0.030556662681015017 -0.00763455910421173 0.05754047905794193 -0.04040987155433685 -0.19092772936955407 -0.5856550088915233 -1.221838121349386 -0.5774406655248349 -0.19144144144144143 -0.17379855167873604 -0.06294471811713191 -0.14251781472684086 -0.12445295404814002 -0.08310646224387448 -0.13068610203568737 -0.19892534583285698 -0.4131944444444445 -0.3816142404291636 -0.12719189923437885 -0.12156911893721019 0.10486794407042983 -0.060489060489060484 0.08755638100291856 -0.1952436876100998 -0.07084265473527218 -0.09101516919486582 -0.12708498808578236 -0.20803613884926295 -0.08900268227261643 -0.08563981630879981 0.02539360081259522 0.09204806954743033 0.07644467478621404 -0.005559416261292563 -0.08187838651414811 -0.07438400743840075 -0.03278688524590164 -0.08517274472168905 -0.03449975357318876 -0.020930805220389065 0.07222914072229139 0.09513219668890537 0.07268553940321347 0.011072664359861591 0.015357051446122344 -0.07679584120982987 0.004738213693437572 -0.14580501668108242 -0.07245486921282084 -0.1325711505716371 0.027434842249657067 -0.18620344913771553 -0.03924646781789638 -0.26183141977037244 -0.030022516887665752 -0.02482789752849566 -0.0260741412538261 -0.1038898284609809 0.03775365738555923 -0.1162651324463622 0.06422131653698901 -0.08205893323386795 0.08845147626759685 -0.1354372123602893
-0.023284313725490197 -0.043874451569355384 -0.011348161597821158 -0.07528376187167014 0.02596789423984892 -0.06498109640831759 0.08332312216640118 -0.05573730764570458 0.06018696375976438 -0.1381788033715628 -0.04679398001770582 0.006117704637220117 -0.044094863544273624 -0.11848051789422254 -0.0063451776649746175 -0.03813507196457129 0.1613537977174341 -0.11727214786488212 0.12756443976854287 -0.11049723756906076 -0.158102766798419 -0.2244696595954613 -0.3905780555221728 -0.32365938134479877 -0.1258346173600411 -0.03180256964762754 -0.018599707718878707 -0.007634559104211733 0.0642312324367724 -0.03608024245922932 -0.2203997949769349 -0.8049792531120332 -1.7856717129574442 -0.6520675311964766 -0.22897897897897895 -0.19618169848584596 -0.08347016967706623 -0.1596727368698865 -0.13812910284463892 -0.09743516263074939 -0.14702186479014828 -0.2766662855836287 -0.6215277777777779 -0.44501341136308215 -0.15559397382069645 -0.135355307682667 0.08803728638011395 -0.06435006435006435 0.07827009816927569 -0.20258367586611864 -0.07457121551081283 -0.09918319719953325 -0.1554521729263588 -0.22467902995720399 -0.09387954157522554 -0.08688097306689836 0.02666328085322498 0.09204806954743033 0.08033169214822491 0.004169562195969423 -0.09151113786875378 -0.07205950720595072 -0.05269320843091335 -0.10316698656429943 -0.04805322819122721 -0.029549372075843388 0.0772104607721046 0.1037805782060786 0.0816118337158888 0.008304498269896193 0.0012797542871768597 -0.06025519848771266 -0.018952854773750298 -0.13344865933522798 -0.08473535552007862 -0.11919241060569205 0.023693727397431103 -0.16745813546613347 -0.053636839351125065 -0.24642957154858586 -0.03127345509131849 -0.023699356731745853 -0.02267316630767487 -0.10751389224450347 0.04365266635205285 -0.11266930360781494 0.07904162035321724 -0.07957229889344772 0.10962999875420457 -0.1314924391847469
-0.028186274509803922 -0.052874339070761625 0.0034044484793463456 -0.0914987259671068 0.01534466477809254 -0.07443289224952741 0.07719642200710698 -0.06664243305464677 0.04738122678960175 -0.15061489567500347 -0.04173517136714304 -0.00489416370977609 -0.056012394231915154 -0.12825210699890072 -0.005076142131979694 -0.0344445811292902 0.16528925619834714 -0.12237093690248566 0.12493424513413993 -0.10911602209944748 -0.1606528114241999 -0.24913665515540204 -0.3857709409926691 -0.34515705243043115 -0.13225475089881872 -0.05215621422210914 -0.0252424604756211 -0.0292658098994783 0.049511575003345375 -0.05772838793476691 -0.23577652485904665 -1.052756372258447 -2.2684467755393967 -0.7107903107413751 -0.2452452452452452 -0.20934825543120478 -0.0875752599890531 -0.18738453417788334 -0.14359956236323848 -0.12179395328843674 -0.1633576275446092 -0.4058534354635876 -0.8993055555555557 -0.5242623750304803 -0.19140528525561867 -0.15540794585787693 0.06861729673744174 -0.09652509652509653 0.06102414433536748 -0.22313564298297117 -0.07954262987820034 -0.1306884480746791 -0.1815499829796891 -0.2532097004279601 -0.10119483052913922 -0.09929254064788384 0.03174200101574402 0.07414983380209665 0.09069707178025394 -0.005559416261292563 -0.0939193257074052 -0.08833100883310088 -0.058548009367681494 -0.12476007677543186 -0.054213898472153764 -0.045555281950258555 0.08343711083437111 0.08524833209785028 0.08798775822494262 -0.011072664359861591 -0.00511901714870745 -0.07206994328922493 -0.029613835583984838 -0.15816137402693686 -0.09701584182733637 -0.1228411578691316 0.018705574261129822 -0.17370657335666081 -0.07195185766614338 -0.2506300756090731 -0.030022516887665752 -0.03611330549599369 -0.022673166307674863 -0.11597004107272284 0.0412930627654554 -0.11027208438211673 0.0815116709892553 -0.08205893323386795 0.10838420331381586 -0.13280736357659434
-0.03799019607843137 -0.0427494656316796 0.012482977757603268 -0.08223303219828584 0.003541076487252126 -0.06261814744801512 0.06739370175223625 -0.06664243305464679 0.039697784607504165 -0.14232416747270968 -0.032882256228658154 -0.0159060320567723 -0.06912167798832083 -0.13313790155123978 0.0012690355329949264 -0.04059539918809203 0.16135379771743408 -0.14531548757170173 0.12230405049973699 -0.13121546961325964 -0.16830294530154277 -0.24666995559940802 -0.3701478187717822 -0.3403797921891795 -0.13225475089881872 -0.04197939193486834 -0.019928258270227185 -0.022903677312635196 0.05218787635487755 -0.06205801702987444 -0.2601230138390569 -1.2578541790160047 -2.648706639647157 -0.7389283092733058 -0.25650650650650647 -0.2027649769585254 -0.09441707717569787 -0.17814726840855108 -0.13812910284463892 -0.1131967330563118 -0.1834631817039457 -0.6047787812964446 -1.2789351851851851 -0.6108266276517922 -0.20622375895282782 -0.17295400426118562 0.05955463490419473 -0.11454311454311454 0.04643141416821437 -0.23341162654139752 -0.11061396967437236 -0.14469078179696615 -0.21899466696925002 -0.2615311459819306 -0.12679834186783712 -0.0930867568573911 0.01396648044692737 0.08309895167476349 0.08292303705623219 2.7755575615628915e-18 -0.10596026490066227 -0.10576476057647606 -0.06440281030444965 -0.12955854126679464 -0.06283883686545096 -0.05171140113272593 0.087173100871731 0.0815418828762046 0.09691405253761795 -0.01522491349480969 -0.020476068594829793 -0.07679584120982985 -0.03316749585406302 -0.1482762881502533 -0.0957877931966106 -0.12162490878131842 0.018705574261129815 -0.19120219945013744 -0.05756148613291471 -0.26883225987118453 -0.03752814610958219 -0.03498476469924387 -0.029475116199977325 -0.1050978497221551 0.02949504483246814 -0.10667625554356945 0.06545634185500804 -0.08454556757428819 0.10090943067148375 -0.13675213675213674
-0.04534313725490195 -0.0427494656316796 0.02156150703586019 -0.08802409080379894 0.011803588290840416 -0.06025519848771267 0.08209778213454233 -0.06906579425663394 0.0627481111537969 -0.14094237943899404 -0.034146958391298846 -0.01835311391166034 -0.07269693719461327 -0.12947355563698543 0.0 -0.028293763070488375 0.16004197822379643 -0.13639260675589548 0.1315097317201473 -0.12430939226519337 -0.16192783373709038 -0.22940305870744943 -0.35091936065376755 -0.31052191568135673 -0.12198253723677452 -0.019081541788576517 -0.01594260661618175 -0.007634559104211731 0.053526027030643644 -0.04040987155433684 -0.2575602255253716 -1.2661529342027267 -2.6820836810108473 -0.7230242231465623 -0.23648648648648646 -0.19618169848584596 -0.07936507936507937 -0.1728688308260755 -0.10804157549234135 -0.10316664278549936 -0.20733852726815782 -0.8722990739682178 -1.9953703703703702 -0.7193367471348452 -0.21857248703383553 -0.20052638175209925 0.04660797514241326 -0.14800514800514802 0.04510480233483683 -0.26130358191426895 -0.11434253044991301 -0.17152858809801633 -0.2950187223419948 -0.3114598193057537 -0.14996342355523043 -0.09184560009929256 -0.0025393600812595235 0.08693428790590642 0.08033169214822493 0.00972897845726199 -0.1119807344972908 -0.12552301255230128 -0.06908665105386416 -0.15834932821497122 -0.06283883686545096 -0.06032996798818026 0.07845579078455792 0.08401284902396837 0.09691405253761795 0.0 -0.03327361146659842 -0.08506616257088846 -0.04975124378109453 -0.16433955269986406 -0.09947193908878792 -0.1167599124300657 0.017458535977054497 -0.18120469882529364 -0.0444793301936159 -0.25203024362923554 -0.04003002251688766 -0.047398713463491705 -0.04307901598458225 -0.10268180719980671 0.01769702689948089 -0.09349154980222942 0.05310608867481783 -0.07584234738281735 0.095926248909929 -0.1222879684418146
-0.053921568627450976 -0.05174935313308583 0.018157058556513842 -0.08107482047718323 0.0023607176581680843 -0.04844045368620038 0.07719642200710697 -0.05573730764570458 0.048661800486618 -0.11883377089954401 -0.029088149740736056 -0.026917900403768506 -0.056012394231915154 -0.1233663124465616 0.01649746192893401 -0.025833435846967658 0.17053653417289782 -0.12874442319949014 0.1420305102577591 -0.11325966850828731 -0.1619278337370904 -0.21090281203749384 -0.31486600168249007 -0.26752657351009196 -0.1078582434514638 0.005088411143620403 -0.0013285505513484814 0.006362132586843111 0.07493643784290112 -0.036080242459229334 -0.256278831368529 -1.2803793716656788 -2.6606270115627604 -0.685099094690482 -0.22147147147147145 -0.19618169848584596 -0.06704980842911878 -0.1755080496173133 -0.07795404814004375 -0.10173377274681186 -0.233727067102287 -1.1375328684120272 -2.7094907407407405 -0.809558644233114 -0.21980735984193628 -0.2218323098132598 0.05696530295183844 -0.16859716859716858 0.06633059166887768 -0.278919553728714 -0.1267710663683818 -0.1983663943990665 -0.4016793373425621 -0.3578221588207323 -0.1658132162887101 -0.0930867568573911 0.012696800406297615 0.09076962413704935 0.09976677895827935 0.00833912439193885 -0.13365442504515354 -0.1406322640632264 -0.10070257611241218 -0.17274472168905952 -0.08132084770823064 -0.06402363949766068 0.07222914072229139 0.08277736595008649 0.10966590155572557 0.006920415224913495 -0.04479140005119017 -0.0992438563327032 -0.06633499170812603 -0.16681082416903498 -0.10069998771951369 -0.10946241790318656 0.021199650829280457 -0.16995751062234438 -0.03270538984824699 -0.22402688322598716 -0.04878658994245685 -0.054169958243990526 -0.04421267429996599 -0.09784972215510994 0.017697026899480887 -0.08989572096368212 0.06916141780906508 -0.07708566455302748 0.11336738507537063 -0.11965811965811965
-0.0551470588235294 -0.07649904376195296 0.013617793917385383 -0.07991660875608061 0.001180358829084041 -0.06261814744801512 0.07229506187967161 -0.07270083605961468 0.057625816365731844 -0.1285062871355534 -0.03794106487922094 -0.04404747338798482 -0.06912167798832083 -0.11115182606571394 0.0012690355329949235 -0.02583343584696765 0.16266561721107176 -0.1351179094964946 0.13808521830615467 -0.11878453038674033 -0.1504526329210761 -0.2084361124814998 -0.28361975724071625 -0.2328914367610176 -0.09887005649717512 0.015265233430861214 0.006642752756742393 0.005089706069474487 0.08564164324902983 -0.030307403665752637 -0.24859046642747312 -1.2697095435684649 -2.624865895815949 -0.6239295326645461 -0.2052052052052052 -0.18959842001316657 -0.06704980842911878 -0.18870414357350224 -0.06838074398249452 -0.10603238286287434 -0.25760241266649914 -1.3238824739910828 -3.386574074074074 -0.8790538892952938 -0.24450481600395163 -0.2293520491289635 0.054375970999482125 -0.18404118404118402 0.06633059166887767 -0.2935995302407516 -0.14541387024608501 -0.24854142357059508 -0.6195393169181891 -0.418449833571089 -0.19751280175566938 -0.11170410822886931 0.007618080243778566 0.07031449757095373 0.09976677895827936 2.7755575615628915e-18 -0.1420830824804335 -0.15806601580660157 -0.14285714285714285 -0.17994241842610365 -0.09733859043863972 -0.08002954937207585 0.06600249066002489 0.05806770447244873 0.11476664116296861 -0.01384083044982699 -0.048630662912720765 -0.1287807183364839 -0.10187159440890785 -0.1618682812306932 -0.10684023087314258 -0.11919241060569205 0.02494076568150642 -0.18370407398150462 -0.024856096284667714 -0.2352282273872865 -0.06755066299724793 -0.06884098860173796 -0.062351207346105886 -0.08576950954336797 -0.004719207173194903 -0.08629989212513484 0.06422131653698901 -0.0783289817232376 0.10962999875420458 -0.11439842209072978
-0.0551470588235294 -0.0911238609517381 0.018157058556513842 -0.06485985638174659 0.012983947119924458 -0.0661625708884688 0.07964710207082465 -0.08118260026656973 0.06787040594186194 -0.13403343927041592 -0.034146958391298846 -0.0648476691545332 -0.05720414730067931 -0.09649444240869672 0.0012690355329949235 -0.02337310862344692 0.1600419782237964 -0.13256851497769281 0.13545502367175172 -0.11602209944751381 -0.12240214203748567 -0.2109028120374939 -0.22593438288667228 -0.20183924519288193 -0.06805341551104262 0.015265233430861214 0.029228112129666535 -0.010179412138948976 0.10169945135822293 -0.03319382306249098 -0.2203997949769349 -1.2436277415530528 -2.5151984741923945 -0.5652067531196477 -0.17267267267267267 -0.18564845292955895 -0.0424192665571976 -0.20321984692531014 -0.04513129102844639 -0.11892821321106176 -0.2563458155315406 -1.4233451469075113 -3.875 -0.9558644233113875 -0.253148925660657 -0.23561849855871658 0.055670636975660284 -0.19562419562419558 0.07429026266914301 -0.3024075161479741 -0.13174248073576933 -0.3173862310385064 -0.9429252241007603 -0.5147408464098906 -0.2121433796634967 -0.14025071366513592 0.019045200609446415 0.04474558936333419 0.10883648613630474 -0.012508686587908265 -0.13726670680313066 -0.1801487680148768 -0.15105386416861827 -0.1991362763915547 -0.10103499260719566 -0.10219157842895839 0.0809464508094645 0.029651593773165306 0.13134404488650855 -0.040138408304498274 -0.04479140005119018 -0.1476843100189036 -0.1255626628760957 -0.14704065241566786 -0.10929632813459414 -0.12040865969350523 0.01247038284075321 -0.19120219945013744 -0.02747252747252747 -0.23802856342761136 -0.05629221916437328 -0.0925403453334838 -0.05214828250765219 -0.073689296931626 0.003539405379896177 -0.08989572096368212 0.07163146844510312 -0.08330225040407807 0.11087579419459326 -0.11308349769888233
-0.04656862745098039 -0.0798740015749803 0.02723558783477077 -0.053277739170720415 0.02124645892351275 -0.046077504725897916 0.08087244210268349 -0.06664243305464682 0.05250352157766679 -0.12436092303440652 -0.027823447578095357 -0.0648476691545332 -0.051245381956858536 -0.08794430194210331 0.011421319796954314 -0.020912781399926188 0.17184835366653547 -0.12109623964308477 0.14597580220936351 -0.10773480662983423 -0.10837689659569043 -0.18993586581154417 -0.19588991707727435 -0.17078705362474625 -0.05649717514124292 0.030530466861722422 0.03188521323236349 0.015269118208423462 0.0909942459520942 -0.011545677586953382 -0.20246027678113782 -1.212803793716657 -2.3697699368220286 -0.5187178859799364 -0.1539039039039039 -0.1764318630678078 -0.03831417624521074 -0.20190023752969122 -0.046498905908096286 -0.12322682332712423 -0.24252324704699676 -1.461072367668915 -4.177083333333334 -1.044867105584004 -0.25067918004445544 -0.24815139741822279 0.05696530295183842 -0.1994851994851995 0.06765720350225525 -0.2980035231943629 -0.14168530947054436 -0.36872812135355887 -1.3877226824009985 -0.6680932001902045 -0.2523774689100219 -0.16259153531090975 -0.0012696800406297628 0.034518026080286375 0.08421870951023583 -0.01806810284920083 -0.13726670680313066 -0.18131101813110181 -0.15807962529274006 -0.2159309021113244 -0.11828486939379004 -0.10096035459246491 0.0672478206724782 0.029651593773165306 0.11349145626115786 -0.037370242214532876 -0.03839262861530587 -0.1405954631379962 -0.14688462449656478 -0.14580501668108242 -0.1105243767653199 -0.11067866699099975 0.004988153136301285 -0.16995751062234443 -0.03924646781789639 -0.21282553906468776 -0.061295971978984246 -0.10269721250423205 -0.06348486566148961 -0.06523314810340662 6.938893903907229e-19 -0.08629989212513484 0.061751265900950966 -0.07211239587218699 0.09218886258876292 -0.10519395134779749
-0.04656862745098039 -0.08212397345033187 0.031774852473899225 -0.05675237433402826 0.020066100094428708 -0.05671077504725898 0.08087244210268349 -0.07633587786259542 0.06402868485081316 -0.1381788033715628 -0.03794106487922094 -0.057506423589869085 -0.06792992491955667 -0.08183705875167949 -0.0038071065989847717 -0.014761963341124373 0.1429883248065066 -0.11217335882727852 0.12230405049973696 -0.11187845303867403 -0.09180160652811423 -0.16156882091761224 -0.1550294435764932 -0.16600979338349459 -0.04622496147919876 0.02671415850400712 0.030556662681015014 0.006362132586843111 0.08296534189749764 -0.015875306682060903 -0.1717068170169144 -1.1321873147599288 -2.1158660150196686 -0.45265475899192553 -0.12762762762762764 -0.152732060566162 -0.025998905309250135 -0.18738453417788334 -0.03419037199124726 -0.12036108324974928 -0.24503644131691385 -1.4587858694409512 -4.443287037037038 -1.1046086320409656 -0.26055816250926156 -0.2531645569620252 0.041429311237700675 -0.20205920205920208 0.05173786150172458 -0.30974750440399296 -0.1590852597564007 -0.3932322053675612 -1.837058890275729 -0.891583452211127 -0.2974884174591563 -0.18369120019858506 -0.029202640934484502 0.025568908207619544 0.058305260430163264 -0.02918693537178596 -0.14087898856110775 -0.18712226871222687 -0.20608899297423888 -0.24952015355086377 -0.13676688023656974 -0.11081014528441271 0.0647571606475716 0.025945144551519646 0.11604182606477939 -0.041522491349480974 -0.05246992577425136 -0.14532136105860113 -0.18952854773750297 -0.16433955269986408 -0.12034876581112612 -0.10459742155193383 -0.0037411148522259637 -0.16870782304423895 -0.045787545787545784 -0.2142257070848502 -0.06379784838628973 -0.09592596772373321 -0.09749461512300192 -0.06523314810340662 -0.012977819726285986 -0.0934915498022294 0.046930962084722735 -0.07957229889344772 0.0847140899464308 -0.11308349769888233
-0.04656862745098039 -0.07312408594892564 0.01134816159782115 -0.025480657864257582 0.014164305949008499 -0.04962192816635161 0.07964710207082465 -0.07027747485762754 0.06402868485081316 -0.1285062871355534 -0.02529404325281396 -0.04404747338798483 -0.0595876534382076 -0.05862953462806889 0.006345177664974619 -0.001230163611760364 0.12855831037649218 -0.09177820267686423 0.11572856391372958 -0.1022099447513812 -0.08160142802499043 -0.1295017266896892 -0.14902055041461362 -0.12420876627254271 -0.037236774524910116 0.033074672433532626 0.022585359372924142 0.01272426517368622 0.08296534189749766 -0.008659258190215038 -0.14992311635058944 -0.947243627741553 -1.5639527953272143 -0.33643259114264745 -0.10885885885885885 -0.11981566820276499 -0.020525451559934314 -0.14911586170493535 -0.03145514223194749 -0.08167359220518698 -0.2249308871575773 -1.4050531610838 -4.422453703703704 -1.0997317727383566 -0.2506791800444554 -0.24313823787442032 0.0504919730709477 -0.17503217503217502 0.050411249668347036 -0.2818555490311216 -0.16778523489932887 -0.4177362893815636 -2.317031657778282 -1.1816452686638137 -0.3316264325774201 -0.1898969839890778 -0.04189944134078212 0.026847353618000513 0.044052863436123364 -0.030576789437109102 -0.1493076459963877 -0.18712226871222687 -0.24473067915690866 -0.2615163147792706 -0.17003449975357315 -0.11573504063038662 0.044831880448318796 0.029651593773165306 0.10073960724305024 -0.037370242214532876 -0.04223189147683645 -0.14177693761814747 -0.21321961620469082 -0.15939700976152232 -0.126489008964755 -0.09121868158598881 -0.006235191420376605 -0.14996250937265684 -0.05625327053898482 -0.20862503500420054 -0.06254691018263699 -0.0925403453334838 -0.11223217322299059 -0.03865668035757429 -0.01769702689948089 -0.08030684406088937 0.04322588613066568 -0.05967922417008579 0.08720568082720817 -0.1012491781722551
-0.04656862745098039 -0.07987400157498031 -0.00794371311847481 -0.011582117211026175 0.015344664778092543 -0.04725897920604915 0.07719642200710697 -0.07270083605961469 0.06530925854782942 -0.1271244991018378 -0.01264702162640698 -0.05750642358986906 -0.052437135025622694 -0.05007939416147551 0.02284263959390863 -0.011071472505843276 0.14823560278105732 -0.10070108349267048 0.1407154129405576 -0.11187845303867405 -0.07522631646053805 -0.12456832757770105 -0.13459920682610263 -0.12182013615191689 -0.02568053415511043 0.02544205571810202 0.014614056064833264 0.0 0.0936705473036264 -0.02020493577716842 -0.12685802152742184 -0.7125074096028453 -1.01203957563476 -0.23244433569855644 -0.07757757757757756 -0.086899275839368 -0.005473453749315818 -0.12404328318817628 -0.024617067833698027 -0.05158332139274967 -0.19854234732344808 -1.355893449182577 -4.274305555555555 -1.109485491343575 -0.2408001975796493 -0.2544178468479759 0.05955463490419473 -0.1891891891891892 0.062350756168745025 -0.2906635349383441 -0.17399950285856328 -0.43757292882147025 -2.733461931237944 -1.6048502139800285 -0.37186052182394536 -0.21472011915104877 -0.04316912138141188 0.006392227051904881 0.049235553252137874 -0.051424600416956213 -0.15171583383503912 -0.197582519758252 -0.27283372365339575 -0.29510556621880996 -0.19467718087727942 -0.1255848313223344 0.029887920298879204 0.021003212255992092 0.0918133129303749 -0.03737024221453287 -0.03583312004095214 -0.1724952741020794 -0.21440416962805017 -0.20140862473742738 -0.1326292521183839 -0.11311116516662612 -0.017458535977054497 -0.16870782304423895 -0.05232862375719518 -0.22122654718566231 -0.05754315736802603 -0.09931159011398265 -0.12696973132297923 -0.026576467745832322 -0.018876828692779613 -0.08150545367373846 0.04199086081264665 -0.054705955489245305 0.08845147626759686 -0.0933596318211703
-0.03921568627450981 -0.08099898751265609 -0.030640036314117113 0.0023164234422052383 0.016525023607176583 -0.041351606805293005 0.07842176203896581 -0.0666424330546468 0.07043155333589447 -0.10916125466353462 -0.0012647021626406942 -0.053835800807537006 -0.056012394231915154 -0.04275070233296689 0.03299492385786802 -0.013531799729364006 0.1561065197428834 -0.10070108349267048 0.15649658074697528 -0.11325966850828731 -0.0624760933316333 -0.10606808090774547 -0.12258142050234347 -0.08121342410127794 -0.003852080123266562 0.04833990586439384 0.038527965989105885 0.016541544725792084 0.11508095811588386 0.007216048491845865 -0.10891850333162481 -0.4647302904564315 -0.5304565502443676 -0.1651578174700269 -0.06131131131131131 -0.07768268597761685 -0.010946907498631636 -0.11348640802322514 -0.010940919037199123 -0.0329560108898123 -0.17718019602915308 -1.2255630501886359 -4.010416666666667 -1.0692514020970498 -0.22474685107433934 -0.23812507833061786 0.07509062661833248 -0.16602316602316605 0.07163703900238791 -0.2803875513799178 -0.18767089236887893 -0.4305717619603267 -3.011460342675593 -2.105325725154541 -0.4364789075835162 -0.21968474618344294 -0.06856272219400711 0.020455126566095626 0.02073075926405805 -0.03613620569840166 -0.15291992775436486 -0.20571827057182707 -0.3009367681498829 -0.3550863723608445 -0.22917693445046822 -0.1489780842157104 0.009962640099626403 0.01111934766493699 0.07141035450140269 -0.03460207612456748 -0.029434348605067828 -0.1713137996219282 -0.22151149016820662 -0.2100580748795255 -0.14490973842564164 -0.1143274142544393 -0.029928918817807702 -0.16370907273181706 -0.057561486132914695 -0.2226267152058247 -0.05379034275706781 -0.11059699808148064 -0.13377168121528168 -0.018120318917612944 -0.021236432279377063 -0.08869711135083301 0.03581573422255156 -0.06465249285092627 0.09343465802915162 -0.08941485864562788
-0.03431372549019608 -0.08324895938800765 -0.051066727190195185 0.00694927032661571 0.016525023607176583 -0.043714555765595464 0.07597108197524814 -0.06300739125166607 0.05378409527468305 -0.09948873842752523 0.00632351081320349 -0.04404747338798483 -0.05005362888809438 -0.02809331867594967 0.03426395939086295 -0.0024603272235207262 0.16528925619834708 -0.0841300191204589 0.1604418726985797 -0.10082872928176796 -0.04080071401249522 -0.09373458312777505 -0.12738853503184713 -0.05016123253314225 0.011556240369799691 0.05597252257982445 0.04649926929719676 0.017813971243160705 0.11641910879164993 0.021648145475537596 -0.07944643772424398 -0.23947836395969174 -0.14662057456192634 -0.11010521164668459 -0.04004004004004004 -0.05924950625411455 -0.004105090311986864 -0.09897070467141725 -0.00820568927789934 -0.0157615704255624 -0.14953505906006534 -1.0334971990396704 -3.613425925925926 -1.022921238722263 -0.21980735984193628 -0.23311191878681536 0.0867426204039358 -0.16602316602316605 0.08092332183603076 -0.2701115678214915 -0.16778523489932884 -0.42357059509918316 -3.1487575173039826 -2.736566809320019 -0.5084125822970007 -0.23830209755492118 -0.06729304215337735 0.0051137816415239064 0.01166105208603265 -0.04308547602501737 -0.148103552077062 -0.20455602045560206 -0.33138173302107726 -0.4402591170825335 -0.2686052242483982 -0.16621521792661906 0.0024906600249065985 0.004941932295527552 0.0612088752869166 -0.02906574394463668 -0.02175582288200665 -0.17013232514177695 -0.21440416962805023 -0.23724206104040527 -0.15719022473289943 -0.12040865969350525 -0.03242299538595835 -0.16745813546613347 -0.0641025641025641 -0.21842621114533745 -0.03877908431323493 -0.10833991648798105 -0.14510826436911914 -0.018120318917612944 -0.005899008966493628 -0.08869711135083302 0.0568111646288749 -0.06340917568071616 0.10215522611187242 -0.08152531229454306
-0.03799019607843137 -0.07987400157498031 -0.05901044030867 -0.0023164234422052344 0.010623229461756374 -0.04253308128544424 0.05268962136993016 -0.054525627044711 0.030733768728390322 -0.08981622219151582 0.011382319463766282 -0.03058852318610057 -0.04051960433798117 -0.03297911322828876 0.05710659898477157 0.003690490835281092 0.17447199265381083 -0.07648183556405354 0.15912677538137823 -0.10082872928176796 -0.031875557822261896 -0.09126788357178096 -0.11897608460521572 -0.05254986265376808 0.015408320493066254 0.04961200865029894 0.0504849209512422 0.015269118208423462 0.11374280744011778 0.011545677586953386 -0.08200922603792926 -0.20509780675755782 -0.06198593396113959 -0.09909469048201616 -0.023773773773773772 -0.050032916392363416 -0.008210180623973728 -0.09633148588017945 -0.027352297592997808 -0.02292592061899986 -0.12691631063081182 -0.7522579170001144 -2.886574074074074 -0.9107534747622532 -0.22351197826623861 -0.20303296152400047 0.09062661833247024 -0.12870012870012873 0.08092332183603078 -0.24515560775102757 -0.16778523489932884 -0.3990665110851808 -3.0852150232610915 -3.207322872087494 -0.8875883930748596 -0.2594017624425965 -0.08125952260030472 0.0076706724622858605 0.0064783622700181395 -0.03891591382904794 -0.15291992775436483 -0.20455602045560206 -0.3360655737704918 -0.5266314779270633 -0.39674716609167077 -0.20192070918492983 -0.012453300124533 -0.013590313812700766 0.0510073960724305 -0.035986159169550176 -0.02047606859482979 -0.15122873345935728 -0.22388059701492535 -0.22735697516372175 -0.17806705145523763 -0.12892240330819751 -0.048634493078937524 -0.1699575106223444 -0.0771847200418629 -0.23102772332679922 -0.04003002251688766 -0.09366888613023361 -0.13490533953066547 -0.02295240396230973 0.0011798017932987271 -0.07551240560949299 0.06422131653698901 -0.050976003978614945 0.10340102155226112 -0.0723208415516108
-0.03553921568627451 -0.06637417032287095 -0.05333635950975942 -0.008107482047718323 0.01652502360717658 -0.04489603024574669 0.05759098149736552 -0.05937234944868534 0.029453195031374058 -0.10087052646124087 0.00885291513848489 -0.01712957298421632 -0.045286616613037775 -0.04885794552339075 0.05203045685279188 0.01968261778816583 0.16922471467926012 -0.06373486297004462 0.15123619147816939 -0.08701657458563536 -0.051000892515619026 -0.08386778490379872 -0.1333974281937267 -0.04896691747282934 0.0012840267077555202 0.047067803078488735 0.023913909924272617 0.01272426517368622 0.08430349257326375 0.002886419396738346 -0.07560225525371604 -0.16953171310017784 -0.028608892597449042 -0.08441399559579155 -0.01126126126126126 -0.03291639236339698 -0.013683634373289543 -0.08049617313275269 -0.039660831509846825 -0.014328700386874912 -0.10932395074139231 -0.47330513318852174 -2.1574074074074074 -0.7998049256278956 -0.24326994319585085 -0.17546058403308684 0.08285862247540135 -0.09137709137709135 0.06765720350225524 -0.20845566647093366 -0.17275664926671636 -0.37339556592765455 -2.9853625326222626 -3.4985734664764623 -1.4130699829309925 -0.31277150304083406 -0.1142712036566785 -0.007670672462285857 -0.012956724540036274 -0.050034746351633075 -0.14208308248043347 -0.20223152022315208 -0.33489461358313816 -0.593809980806142 -0.5606209955643174 -0.24993843880817534 -0.0298879202988792 -0.032122559920929085 0.042081101759755164 -0.044290657439446365 -0.029434348605067828 -0.1370510396975425 -0.2238805970149254 -0.21870752502162366 -0.20876826722338207 -0.1374361469228898 -0.0536226462152388 -0.166208447888028 -0.08634222919937204 -0.23242789134696168 -0.05128846634976232 -0.07899785577248618 -0.14850923931527035 -0.03744865909640009 -0.011798017932987256 -0.0731151863837948 0.04199086081264665 -0.03978614944672386 0.08720568082720817 -0.06837606837606838
-0.04656862745098039 -0.03374957813027337 -0.055605991829323645 0.004632846884410472 0.010623229461756374 -0.014177693761814741 0.06126700159294205 -0.03513873742881376 0.021769752849276475 -0.07047118971949702 0.0037941064879220927 -0.0012235409274440202 -0.04051960433798117 -0.04885794552339075 0.0685279187817259 0.029523926682248743 0.17709563164108616 -0.04716379859783301 0.1591267753813782 -0.07044198895027626 -0.08160142802499044 -0.060434139121854955 -0.14301165725273404 -0.03224650662844859 -0.011556240369799691 0.05342831700801424 0.010628404410787828 0.01399669169105484 0.07359828716713501 0.010102467888584212 -0.07560225525371604 -0.1339656194427979 -0.009536297532483012 -0.08074382187423539 0.0 -0.021066491112574064 -0.0068418171866447735 -0.05806281340723145 -0.03145514223194748 0.0028657400773749813 -0.08419200804222166 -0.2720932891277009 -1.4606481481481484 -0.6803218727139722 -0.2272165966905409 -0.15290136608597568 0.08803728638011393 -0.06306306306306304 0.07561687450252055 -0.17909571344685848 -0.1590852597564007 -0.3185530921820303 -2.7629638034721435 -3.5948644793152638 -1.9934162399414777 -0.36241777336477593 -0.1142712036566785 0.0076706724622858605 0.0064783622700181395 -0.02918693537178596 -0.15291992775436486 -0.17782426778242677 -0.3161592505854801 -0.6417946257197696 -0.7602267126663381 -0.2868751539029796 -0.04607721046077211 -0.023474178403755867 0.03187962254526907 -0.024913494809688578 -0.030714102892244688 -0.10869565217391304 -0.1990049751243781 -0.19646608179908562 -0.21859265626918828 -0.1301386523960107 -0.05237560793116347 -0.14996250937265682 -0.07195185766614337 -0.20582469896387567 -0.045033775331498625 -0.06319828461798896 -0.1360389978460492 -0.036240637835225895 0.015337423312883436 -0.06232769986815294 0.06298629121896998 -0.029839612085042894 0.11087579419459326 -0.05391190006574622
-0.05514705882352942 -0.02587467656654292 -0.060145256468452105 -0.010423905489923557 0.009442870632672334 -0.011814744801512286 0.06126700159294204 -0.02544529262086514 0.026892047637341533 -0.053889733314909496 -0.005058808650562792 0.020800195766548388 -0.044094863544273624 -0.04397215097105167 0.07741116751269035 0.039365235576331654 0.18365472910927455 -0.04079031230082855 0.16833245660178853 -0.06353591160220995 -0.09307662884100473 -0.03576714356191416 -0.13820454272323038 -0.02030335602531948 -0.011556240369799691 0.06360513929525505 0.013285505513484782 0.030538236416846925 0.08162719122173157 0.007216048491845865 -0.07816504356740132 -0.12922347362181388 -0.01072833472404339 -0.07095669195008564 0.013763763763763764 -0.01579986833443055 -0.001368363437328953 -0.05410398522037476 -0.03145514223194748 0.01432870038687491 -0.07665242523247047 -0.1531953812735795 -0.9270833333333334 -0.5559619604974395 -0.22474685107433934 -0.13786188745456823 0.09062661833247024 -0.041184041184041176 0.07561687450252055 -0.16588373458602465 -0.1652995277156351 -0.26721120186697783 -2.424826960172472 -3.5603899191631 -2.5810777859058764 -0.45922800049646273 -0.1345860843067547 0.0 0.011661052086032653 -0.03335649756775538 -0.15773630343166767 -0.17317526731752672 -0.3091334894613583 -0.6597888675623801 -0.9573681616559883 -0.35213001723713366 -0.06849315068493152 -0.034593526068692856 0.014027033919918391 -0.023529411764705882 -0.03455336575377528 -0.09215500945179582 -0.1812366737739872 -0.1989373532682565 -0.230873142576446 -0.13865239601070298 -0.04489337822671156 -0.14496375906023493 -0.061486132914704325 -0.19882385886306356 -0.058794095571678764 -0.03272768310574427 -0.14284094773835165 -0.025368446484658125 -0.0011798017932987237 -0.04914299412681289 0.06175126590095096 -0.01367648887231133 0.115858975956148 -0.044707429322813935
-0.05269607843137255 -0.011249859376757794 -0.06468452110758056 0.0011582117211026172 0.001180358829084041 0.002362948960302458 0.07229506187967161 -0.007270083605961468 0.03969778460750416 -0.03592648887660633 -0.01264702162640698 0.031812064113544605 -0.054820641163150996 -0.021986075485525836 0.06852791878172587 0.05166687169393529 0.19021382657746294 -0.04588910133843212 0.17622304050499737 -0.07182320441988951 -0.09562667346678569 -0.020966946225949683 -0.13580098545847855 -0.007165890361877465 -0.014124293785310733 0.07632616715430605 0.029228112129666528 0.03181066293421555 0.09902315000669075 0.005772838793476692 -0.0832906201947719 -0.10788381742738588 -0.022648706639647152 -0.05872277954489845 0.013763763763763764 -0.006583278472679395 0.010946907498631636 -0.04222750065980469 -0.019146608315098467 0.024358790657687347 -0.06282985674792661 -0.08231393620669944 -0.5706018518518519 -0.4133138258961228 -0.2086935045690294 -0.11279608973555584 0.11651993785603314 -0.01801801801801802 0.09418944016980632 -0.14826776277157955 -0.15038528461347256 -0.2123687281213536 -1.9811641892658571 -3.4082263433190683 -3.1638624725676663 -0.5895494600968102 -0.13712544438801422 -0.0051137816415239064 0.03368748380409432 -0.023627519110493402 -0.15653220951234198 -0.16387726638772662 -0.30679156908665106 -0.6669865642994243 -1.1434204041399705 -0.4284658950997291 -0.07471980074719801 -0.037064492216456635 0.02932925274164754 -0.019377162629757784 -0.042231891476836446 -0.0744328922495274 -0.16939113954039328 -0.1729890028419622 -0.23824143436080072 -0.13986864509851618 -0.03367003367003367 -0.13996500874781304 -0.04447933019361591 -0.20022402688322596 -0.061295971978984246 -0.01241394876424783 -0.13830631447681668 -0.007248127567045179 -0.0011798017932987252 -0.035958288385472846 0.0827466963072743 -0.01118985453189109 0.14202068020431047 -0.04339250493096647
-0.05759803921568628 -0.004499943750703116 -0.07603268270540173 0.0011582117211026144 -0.014164305949008499 0.0059073724007561446 0.0661683617203774 -0.002423361201987154 0.033294916122422843 -0.03178112477545945 -0.010117617301125582 0.04160039153309679 -0.052437135025622694 -0.006107243190423842 0.06091370558375634 0.06765899864682003 0.20464384100747735 -0.035691523263224986 0.1972645975802209 -0.06629834254143646 -0.09690169577967615 -0.0185002466699556 -0.12618675639947122 -0.011943150603129105 -0.02953261427837699 0.07123775601068565 0.03188521323236349 0.035627942486321416 0.10169945135822293 0.007216048491845865 -0.08200922603792926 -0.0983995257854179 -0.026224818214328295 -0.05872277954489845 0.01376376376376377 0.0013166556945358788 0.019157088122605366 -0.03826867247294801 -0.006838074398249452 0.041553231121937234 -0.05780346820809248 -0.02743797873556648 -0.22222222222222224 -0.2999268471104608 -0.19387503087182018 -0.11154279984960522 0.11781460383221129 0.005148005148005144 0.09551605200318387 -0.12918379330593072 -0.13298533432761622 -0.16919486581096851 -1.5136729830931577 -3.184736091298146 -3.645452328700317 -0.8340573414422241 -0.15997968511934993 -0.015341344924571718 0.03887017362010884 -0.02640722724113968 -0.15051173991571343 -0.15341701534170152 -0.2740046838407495 -0.6381957773512477 -1.3023656973878759 -0.5318886973651811 -0.09838107098381073 -0.042006424511984185 0.026778882938026015 -0.015224913494809691 -0.044791400051190165 -0.05552930056710775 -0.13977730395640844 -0.1532188310885951 -0.241925580252978 -0.16176112867915346 -0.05611672278338944 -0.13996500874781304 -0.05625327053898484 -0.19742369084290112 -0.05629221916437328 -0.01805665274799684 -0.1156331481691418 -0.022952403962309735 -0.0035394053798961773 -0.041951336449718324 0.09262689885142644 -0.012433171702101207 0.15323283916780867 -0.04339250493096647
-0.04901960784313726 -0.011249859376757789 -0.046527462551066726 -0.02316423442205235 -0.014164305949008499 0.007088846880907373 0.0747457419433893 -0.002423361201987155 0.04353950569855296 -0.03869006494403758 -0.008852915138484884 0.028141441331212526 -0.045286616613037775 -0.02076462684744107 0.05076142131979694 0.06888916225858038 0.21513839695657877 -0.04461440407903123 0.21567596002104156 -0.07734806629834254 -0.09180160652811425 -0.01726689689195856 -0.11296719144333614 -0.01910904096500657 -0.03852080123266564 0.08014247551202137 0.0438421681944998 0.044534928107901765 0.10839020473705338 0.017318516380430075 -0.07432086109687339 -0.09365737996443389 -0.019072595064966034 -0.06483973574749205 0.00750750750750751 0.015799868334430547 0.012315270935960593 -0.038268672472948004 -0.005470459518599561 0.0315231408511248 -0.04146770545363156 -0.01829198582371099 -0.034722222222222224 -0.23408924652523772 -0.18029142998271178 -0.13159543802481516 0.12687726566545832 -0.006435006435006436 0.11276200583709206 -0.139459776864357 -0.1093711160825255 -0.14469078179696615 -1.0087370929308972 -2.8625772705658585 -3.9575713240673003 -1.2225394067270696 -0.1904520060944642 -0.03196113525952442 0.04275719098211971 -0.030576789437109102 -0.13606261288380495 -0.14528126452812645 -0.24004683840749416 -0.6250000000000001 -1.405864958107442 -0.6636296478699828 -0.13698630136986303 -0.06671608598962195 0.012751849018107626 -0.03321799307958477 -0.03327361146659841 -0.06143667296786389 -0.09594882729211085 -0.16681082416903498 -0.23087314257644603 -0.19581610313792264 -0.043646339942636246 -0.16370907273181706 -0.03139717425431711 -0.20722486698403805 -0.0537903427570678 -0.02369935673174585 -0.10316290669992063 -0.04228074414109688 -0.01061821613968853 -0.03116384993407647 0.09509694948746447 -0.012433171702101207 0.15323283916780864 -0.03813280736357659
-0.03676470588235294 -0.0011249859376757793 -0.023831139355424417 -0.026638869585360204 -0.020066100094428708 0.014177693761814747 0.0747457419433893 0.003635041802980735 0.04866180048661801 -0.0345447008428907 -0.01138231946376628 0.03670622782332068 -0.03456083899416041 -0.03175766459020399 0.043147208121827416 0.08488128921146512 0.22038567493112948 -0.035691523263224986 0.21304576538663858 -0.060773480662983416 -0.06885120489608569 -0.0024666995559940812 -0.09133517606056965 -0.003582945180938732 -0.04108885464817668 0.09667981172878769 0.05181347150259067 0.057259193281587996 0.09768499933092466 0.02886419396738346 -0.05638134290107636 -0.0877296976882039 0.0035761115746811315 -0.07462686567164178 0.0025025025025025073 0.02633311389071758 0.01231527093596059 -0.0422275006598047 0.0027352297592997824 0.024358790657687347 -0.04146770545363156 0.01829198582371099 0.02662037037037037 -0.15849792733479642 -0.1568288466287972 -0.13034214813886452 0.1294665976178146 0.015444015444015444 0.12072167683735739 -0.11743981209630065 -0.08699975142928162 -0.1120186697782964 -0.5673436968115284 -2.412030432715169 -4.11728846622775 -1.5998510611890282 -0.26409344845099036 -0.039631807721810276 0.02202643171806167 -0.0305767894371091 -0.13606261288380495 -0.12319851231985121 -0.20257611241217796 -0.5686180422264877 -1.45638245441104 -0.8076828367397193 -0.19676214196762143 -0.09019026439337782 -0.011476664116296862 -0.047058823529411764 -0.02303557716918352 -0.030718336483931945 -0.08765695332859509 -0.1149141233164463 -0.2161365590077367 -0.18730235952323035 -0.03616411023818432 -0.15371157210697325 -0.02616431187859759 -0.20862503500420054 -0.04628471353515136 -0.021442275138246245 -0.09409364017685069 -0.05677699927518724 -0.025955639452571965 -0.04075272683686923 0.08521674694331233 -0.03356956359567326 0.1370374984427557 -0.05654174884944115
-0.04044117647058823 0.0033749578130273378 -0.00567408079891057 -0.02779708130646282 -0.028328611898016998 0.011814744801512289 0.07842176203896582 -0.0036350418029807326 0.06018696375976438 -0.05803509741605638 -0.021499936764891866 0.046494555242872875 -0.019068049100226435 -0.029314767314034446 0.022842639593908632 0.09103210727026693 0.2046438410074774 -0.03951561504142766 0.19594950026301944 -0.06629834254143646 -0.06757618258319523 0.00123334977799704 -0.0877298401634419 -0.02388630120625821 -0.05778120184899845 0.08650298944154688 0.04118506709180284 0.04962463417737625 0.09902315000669075 0.015875306682060907 -0.049974372116863154 -0.0877296976882039 0.029800929789009417 -0.08441399559579152 0.002502502502502504 0.017116524028966427 0.020525451559934318 -0.05278437582475587 0.009573304157549234 0.007164350193437458 -0.03769791404875597 0.02743797873556648 0.049768518518518524 -0.09509875640087785 -0.14818473697209186 -0.1366085975686176 0.09580528223718279 0.02445302445302445 0.10878217033695939 -0.10716382853787432 -0.07332836191896594 -0.0851808634772462 -0.2655168501077953 -1.8758915834522116 -4.114850036576445 -2.140995407719995 -0.3605891315388522 -0.06775760675019175 0.02850479398807982 -0.03613620569840166 -0.13726670680313066 -0.10227801022780103 -0.16393442622950818 -0.4954414587332055 -1.4699359290290785 -0.9443486825904948 -0.25778331257783316 -0.10378057820607858 -0.011476664116296862 -0.05674740484429066 -0.023035577169183512 -0.021266540642722116 -0.08410329305851691 -0.08031632274805386 -0.20508412133120474 -0.19703235222573584 -0.044893378226711564 -0.16495876030992254 -0.018315018315018312 -0.21702604312517507 -0.042531898924193144 -0.006771244780498814 -0.07822242376147828 -0.06281710558105823 -0.029495044832468148 -0.039554117224020136 0.09386192416944547 -0.03729951510630362 0.13828329388314436 -0.06443129520052597
-0.03186274509803921 0.0056249296883788946 0.015887426236949616 -0.032429928190873286 -0.02478753541076487 0.0082703213610586 0.08699914226197772 -0.006058403004967889 0.07043155333589449 -0.06632582561835014 -0.026558745415454655 0.04282393246054081 -0.014301036825169821 -0.03786490778062783 0.012690355329949238 0.08857178004674622 0.1993965630329267 -0.052262587635436585 0.18148342977380327 -0.06767955801104972 -0.059926048705852386 0.01110014800197336 -0.07451027520730681 -0.039412396990326046 -0.0539291217257319 0.08523088665564178 0.0371994154377574 0.04962463417737626 0.09500869797939247 0.004329629095107519 -0.047411583803177865 -0.0889152341434499 0.04529741327929431 -0.08808416931734768 -0.007507507507507505 0.01579986833443055 0.010946907498631635 -0.06598046978094484 -0.005470459518599561 -0.01719444046424989 -0.031414928373963306 0.03658397164742198 0.06018518518518519 -0.05242623750304802 -0.1321313904667819 -0.15916781551572876 0.07379596064215432 0.0193050193050193 0.10480233483682674 -0.11156782149148561 -0.07829977628635347 -0.0688448074679113 -0.11119936457505959 -1.2101759391345697 -4.029504998780785 -2.8149435273675065 -0.5497714575926866 -0.09460496036819228 -5.551115123125783e-18 -0.043085476025017375 -0.1300421432871764 -0.08135750813575084 -0.13114754098360656 -0.4102687140115163 -1.4428289797930014 -1.0674710662398423 -0.33499377334993774 -0.1124289597232518 -0.02550369803621525 -0.05951557093425606 -0.016636805733299204 -0.010633270321361058 -0.08291873963515753 -0.05436797232175955 -0.18789144050104384 -0.21405983945512044 -0.04489337822671156 -0.16745813546613347 -0.017006802721088437 -0.2226267152058247 -0.045033775331498625 -0.003385622390249408 -0.07142047386917584 -0.06523314810340662 -0.03657385559226049 -0.035958288385472846 0.08151167098925528 -0.04600273529777446 0.12333374859848012 -0.07363576594345825
-0.012254901960784312 0.004499943750703116 0.022696323195642305 -0.010423905489923557 -0.02596789423984891 0.0035444234404536827 0.10782992280357799 -0.007270083605961467 0.07427327442694327 -0.0732347657869283 -0.021499936764891866 0.029364982258656545 -0.005958765343820759 -0.026871870037864908 0.010152284263959394 0.07380981670562184 0.2112029384756658 -0.06246016571064372 0.19989479221462392 -0.06215469613259668 -0.057376004080071416 0.008633448445979278 -0.06970316067780315 -0.02985787650782277 -0.05136106831022086 0.08904719501335709 0.03852796598910588 0.052169487212113494 0.09367054730362638 0.014432096983691727 -0.030753459764223473 -0.08061647895672791 0.04887352485397545 -0.05138243210178615 -0.008758758758758759 0.028966425279789338 0.021893814997263273 -0.04882554763789918 -0.006838074398249452 -0.005731480154749962 -0.01759235988941945 0.024008231393620672 0.07523148148148148 -0.035357229943916116 -0.10002469745616205 -0.15916781551572876 0.02200932159502848 -0.00900900900900901 0.09153621650305119 -0.12037580739870817 -0.07208550832711907 -0.07001166861143523 -0.09190967888346761 -0.6847360912981456 -3.613752743233358 -3.173637830457987 -1.2646013204672422 -0.2122219381232421 -0.03368748380409432 -0.07366226546212648 -0.11679711017459363 -0.06392375639237566 -0.11475409836065575 -0.29510556621881 -1.3208477082306556 -1.0748584092588032 -0.4159402241594023 -0.13466765505312578 -0.03698036215251212 -0.06643598615916955 0.0 -0.0248109640831758 -0.0544894574745321 -0.05560360805634499 -0.16087437062507676 -0.2018973485769886 -0.05237560793116349 -0.17370657335666087 -0.014390371533228677 -0.22682721926631197 -0.04503377533149863 -0.007899785577248618 -0.06688584060764086 -0.060401063058709833 -0.031854648419065594 -0.058731871029605656 0.09262689885142646 -0.05221932114882507 0.13080852124081227 -0.07232084155161078
-0.009803921568627449 0.008999887501406232 0.029505220154335 0.005791058605513088 -0.02124645892351274 0.005907372400756141 0.1115059428991545 0.0012116806009935762 0.07171212703291074 -0.06632582561835014 -0.012647021626406981 0.019576654839104365 -0.00595876534382076 -0.003664345914254305 0.00888324873096447 0.05904785336449747 0.22038567493112948 -0.07010834926704908 0.194634402945818 -0.07872928176795581 -0.031875557822261896 -0.009866798223976323 -0.05408003845691624 -0.05493849277439389 -0.035952747817154594 0.061060933723444864 0.05845622425933307 0.022903677312635196 0.1070520540612873 -0.002886419396738346 -0.026909277293695542 -0.08417308832246591 0.059601859578018834 -0.046488867139711273 -0.0037537537537537537 0.02369980250164582 0.035577449370552815 -0.05938242280285035 -0.009573304157549234 -0.0157615704255624 -0.0050263885398341285 0.022864982279638735 0.0798611111111111 -0.012192148256522798 -0.06791800444554212 -0.15540794585787693 -0.031071983428275517 -0.025740025740025742 0.07959671000265321 -0.12918379330593072 -0.06587124036788466 -0.08634772462077012 -0.08396686712810622 -0.36138849262957673 -3.057790782735918 -3.354846717140375 -1.9705434230573897 -0.3656353873689594 -0.05571391552215601 -0.11535788742182071 -0.1131848284166165 -0.03951650395165039 -0.09484777517564402 -0.20993282149712095 -1.1446525381961556 -1.0576212755478944 -0.4869240348692404 -0.16802569804793677 -0.04973221117061973 -0.07889273356401386 0.0012797542871768625 -0.030718336483931945 -0.0556740108978915 -0.06301742246385765 -0.14368168979491586 -0.1921673558744831 -0.07357525876044395 -0.18245438640339917 -0.015698587127158554 -0.24222906748809855 -0.03877908431323493 -0.022570815934996054 -0.06121754903072214 -0.05798502053636144 -0.023596035865974516 -0.08150545367373846 0.09633197480548351 -0.062165858510506024 0.13205431668120096 -0.07889546351084811
-0.00980392156862745 -0.004499943750703117 0.029505220154335 0.006949270326615705 -0.01770538243626062 -0.015359168241965978 0.12008332312216641 -0.013328486610929358 0.08067614291202459 -0.0884344341578002 -0.01264702162640698 0.0159060320567723 -0.00595876534382076 0.008550140466593381 -3.4694469519536144e-19 0.04920654447041456 0.21382657746294104 -0.0841300191204589 0.18542872172540767 -0.09806629834254144 -0.015300267754685704 -0.0185002466699556 -0.040860473500781154 -0.05493849277439389 -0.02696456086286595 0.05215621422210916 0.07174172977281787 0.01399669169105484 0.11240465676435166 -0.00865925819021504 -0.03331624807790877 -0.09010077059869591 0.061985933961139585 -0.026914607291411798 -0.010010010010010008 0.030283080974325215 0.03694581280788177 -0.06993929796780152 -0.012308533916849015 -0.02722453073506233 -0.008796179944709725 0.02057848405167486 0.07638888888888888 -0.013411363082175082 -0.0432205482835268 -0.1666875548314325 -0.09451061626100467 -0.06563706563706564 0.07031042716901034 -0.1467997651203758 -0.0695998011434253 -0.11551925320886816 -0.08964030409622151 -0.20803613884926295 -2.4311143623506455 -3.4119399280129086 -2.880904012188928 -0.5855279979544873 -0.10883648613630474 -0.16956219596942318 -0.10355207706201082 -0.049976754997675496 -0.07845433255269321 -0.15714971209213055 -0.9302612124199113 -1.0317655749815313 -0.5367372353673724 -0.2112676056338028 -0.044631471563376685 -0.10380622837370242 -0.01279754287176862 -0.03780718336483932 -0.06278133143804786 -0.06919560113678488 -0.1424536411641901 -0.1836536122597908 -0.09976306272602567 -0.19245188702824295 -0.036630036630036625 -0.26883225987118453 -0.04003002251688767 -0.027084979121995256 -0.06461852397687337 -0.04348876540227108 -0.03303445021236433 -0.09828598825362579 0.07780659503519824 -0.07086907870197687 0.11461318051575933 -0.09467455621301775
-0.0012254901960784327 -0.0067499156260546755 0.03177485247389923 0.012740328932128791 -0.027148253068932954 -0.023629489603024578 0.1017032226442838 -0.023021931418877983 0.061467537456780644 -0.0981069503938096 -0.015176425951688378 0.0061177046372201125 -0.008342271481349065 0.010993037742762918 -0.0076142131979695426 0.041825562799852375 0.21776203594385413 -0.09942638623326959 0.17753813782219888 -0.11325966850828728 -0.01785031238046666 -0.016033547113961523 -0.04807114529503665 -0.051355547593455154 -0.028248587570621476 0.053428317008014245 0.0690846286701209 0.006362132586843108 0.09902315000669075 -0.0028864193967383447 -0.028190671450538184 -0.08180201541197392 0.0655620455358207 -0.012233912405187179 -0.013763763763763759 0.034233048057932855 0.02873563218390805 -0.06993929796780153 -0.021881838074398245 -0.0315231408511248 1.3877787807814458e-18 0.009145992911855494 0.08564814814814814 -0.0121921482565228 -0.013583600889108422 -0.18799348289259304 -0.15535991714137753 -0.13256113256113258 0.053064473335102155 -0.17175572519083968 -0.06462838677603779 -0.11201866977829637 -0.07715874276636787 -0.14384213029006182 -1.7849305047549375 -3.3511232468660794 -3.82935500253936 -0.82459728969573 -0.15159367711842447 -0.18763029881862406 -0.08910295003010235 -0.048814504881450484 -0.06323185011709602 -0.11756238003838773 -0.720798422868408 -0.9775917261758187 -0.5865504358655044 -0.24586113170249568 -0.0510073960724305 -0.11764705882352941 -0.008958280010238033 -0.03780718336483932 -0.056858564321250894 -0.06795996540219944 -0.12403291170330344 -0.1775723668207249 -0.11348048385085423 -0.19995001249687577 -0.04840397697540554 -0.2758330999719966 -0.033775331498623974 -0.03385622390249408 -0.057816574084570915 -0.051944914230490455 -0.012977819726285991 -0.11147069399496583 0.06545634185500804 -0.08703220191470842 0.10962999875420458 -0.1012491781722551
-0.00857843137254902 -0.022499718753515585 0.04993191103041307 -0.0023164234422052344 -0.02596789423984891 -0.051984877126654075 0.08822448229383653 -0.04483218223676239 0.04738122678960174 -0.12021555893325964 -0.030352851903376755 -0.0024470818548880447 -0.007150518412584914 -0.003664345914254305 -0.011421319796954314 0.024603272235207283 0.19546110455201365 -0.11217335882727852 0.14729089952656496 -0.1201657458563536 -0.029325513196480933 -0.020966946225949683 -0.051676481192164406 -0.060910068075958446 -0.02696456086286596 0.03689098079124793 0.05579912315663611 -0.007634559104211733 0.08162719122173158 -0.012988887285322557 -0.03587903639159405 -0.09128630705394189 0.07033019430206221 -0.004893564962074872 -0.02002002002002002 0.027649769585253465 0.01778872468527641 -0.0791765637371338 -0.03555798687089715 -0.038687491044562254 -0.020105554159336517 -0.005716245569909684 0.08449074074074073 -0.035357229943916116 -0.008644109656705359 -0.20679283118185232 -0.26929052304505435 -0.21106821106821108 0.018572565667285757 -0.1952436876100998 -0.07954262987820035 -0.11551925320886816 -0.07261999319187565 -0.1319543509272468 -1.1424042916361865 -3.2307310413305204 -4.702894870492636 -1.1045768345691638 -0.22026431718061676 -0.21264767199444057 -0.09391932570740517 -0.05346350534635054 -0.05503512880562063 -0.08997120921305182 -0.516264169541646 -0.9061807436591971 -0.6214196762141968 -0.27798369162342473 -0.07013516959959196 -0.1301038062283737 -0.0012797542871768614 -0.04607750472589792 -0.036721156124141195 -0.07908068701346845 -0.10438413361169101 -0.17392361955728533 -0.11971567527123084 -0.21119720069982506 -0.06017791732077445 -0.28143377205264636 -0.03877908431323493 -0.04852725426024151 -0.060083890715338394 -0.06764919062575502 -0.01297781972628598 -0.13424427663909863 0.022230455724342353 -0.09697873927638939 0.08720568082720818 -0.10782380013149243
0.0024509803921568653 -0.030374620317246036 0.0658193372673627 -0.008107482047718323 0.008262511803588292 -0.06379962192816635 0.10905526283543683 -0.05089058524173028 0.07939556921500832 -0.12021555893325964 -0.024029341090173264 -0.006117704637220116 -0.0023835061375283052 6.938893903907229e-19 0.017766497461928935 0.011071472505843274 0.2072674799947527 -0.12237093690248566 0.15781167806417673 -0.11740331491712708 -0.03570062476093332 -0.017266896891958563 -0.05408003845691624 -0.042995342171264786 -0.008988186954288643 0.04579570029258363 0.04915637039989372 -0.011451838656317598 0.08028904054596549 -0.005772838793476694 -0.03587903639159405 -0.10314167160640189 0.07390630587674334 -0.0012233912405187175 -0.0025025025025025016 0.009216589861751156 0.021893814997263276 -0.08709422011084719 -0.03145514223194748 -0.04012036108324975 -0.010052777079668257 -0.02515148050760261 0.10069444444444442 -0.04389173372348208 0.018523092121511483 -0.20303296152400047 -0.3883997928534438 -0.28185328185328185 0.026532236667551067 -0.2040516735173224 -0.07954262987820035 -0.12602100350058343 -0.08623624191535233 -0.12125534950071329 -0.5827846866617896 -2.9961524140498943 -5.316150330116811 -1.3807210432114547 -0.25265612853070746 -0.22237665045170257 -0.08428657435279953 -0.06276150627615062 -0.04449648711943795 -0.08397312859884838 -0.322819122720552 -0.8101452844127062 -0.6176836861768369 -0.3076352853965901 -0.06630961489415967 -0.13840830449826988 0.005119017148707448 -0.04844045368620038 -0.02842928216062544 -0.06672432966761399 -0.0785951123664497 -0.15567988324008755 -0.07731637361266991 -0.20994751312171958 -0.02223966509680795 -0.27863343601232154 -0.043782837127845885 -0.054169958243990526 -0.07142047386917583 -0.060401063058709833 0.002359603586597452 -0.13784010547764594 -0.011115227862171177 -0.09449210493596917 0.08720568082720818 -0.10782380013149243
0.004901960784313724 -0.03374957813027338 0.06241488878801634 -0.01042390548992356 0.02950897072710104 -0.08034026465028356 0.11518196299473102 -0.05331394644371744 0.08964015879113843 -0.12021555893325964 -0.032882256228658154 -0.003670622782332068 -0.00476701227505661 -0.006107243190423843 0.030456852791878174 -0.0036904908352810933 0.20333202151383972 -0.1338432122370937 0.14334560757496054 -0.1229281767955801 -0.038250669386714266 -0.016033547113961523 -0.0360533589712775 -0.04657828735220352 0.010272213662044168 0.03307467243353263 0.0504849209512422 -0.012724265173686217 0.07493643784290112 -0.01876172607879925 -0.028190671450538184 -0.11618257261410787 0.08225056621766598 0.0 0.02252252252252252 -0.006583278472679391 0.051997810618500284 -0.08841382950646608 -0.024617067833698027 -0.0315231408511248 -0.027645136969087714 -0.03315422430547617 0.0949074074074074 -0.04023408924652524 0.023462583353914546 -0.19175335255044493 -0.5838943552563439 -0.40669240669240675 -0.007959671000265319 -0.21579565472695247 -0.09072831220482228 -0.13418903150525088 -0.08056280494723705 -0.13314312886352828 -0.1999512314069739 -2.626287700136527 -5.683087861858811 -1.706724622858604 -0.3018916817828453 -0.25156358582348853 -0.08308248043347381 -0.06508600650860065 -0.0351288056206089 -0.058781190019193866 -0.17989157220305568 -0.684560453090372 -0.5828144458281445 -0.32246108228317266 -0.05355776587605203 -0.1439446366782007 0.0025595085743537263 -0.04607750472589792 -0.0367211561241412 -0.05189670085258866 -0.06631462605919193 -0.1362198978350766 -0.06609302905599201 -0.1974506373406648 -0.028780743066457348 -0.2688322598711846 -0.04878658994245684 -0.06319828461798895 -0.07255413218455957 -0.06764919062575502 0.017697026899480887 -0.16301090734747695 -0.032110658268494505 -0.10443864229765012 0.08845147626759686 -0.12623274161735698
0.0012254901960784329 -0.053999325008437404 0.06014525646845211 -0.01042390548992356 0.04367327667610954 -0.09569943289224951 0.11640730302658986 -0.055737307645704594 0.0768344218209758 -0.1285062871355534 -0.03920576704186164 -0.018353113911660345 -0.009534024550113217 -0.00855014046659338 0.03426395939086294 -0.027063599458728015 0.20202020202020204 -0.14021669853409816 0.1262493424513414 -0.1367403314917127 -0.06375111564452378 -0.02220029600394672 -0.04686936666266074 -0.044189657231577695 0.005136106831022086 0.017809439002671415 0.04782781984854524 -0.020358824277897952 0.06958383513983676 -0.03608024245922933 -0.0371604305484367 -0.13159454653230587 0.06556204553582072 -0.0024467824810374362 0.033783783783783786 -0.023699802501645818 0.06841817186644772 -0.09897070467141725 -0.04239606126914661 -0.03868749104456226 -0.0389545111837145 -0.04572996455927747 0.07291666666666666 -0.037795659595220674 0.0 -0.19050006266449432 -0.8350595546349042 -0.6705276705276706 -0.07959671000265323 -0.25102759835584265 -0.10315684812329107 -0.1516919486581097 -0.08737092930897539 -0.1331431288635283 0.021945866861741038 -2.242770261884076 -5.8735398679532755 -2.0723600102275634 -0.3537185799429904 -0.2751911049339819 -0.07706201083684527 -0.07554625755462575 -0.03981264637002342 -0.05878119001919385 -0.102267126663381 -0.5281950258557007 -0.5292652552926527 -0.32369656535705454 -0.052282580974241266 -0.142560553633218 -0.005119017148707446 -0.05671077504725898 -0.03909026297085998 -0.06054615099468678 -0.06999877195136925 -0.12284115786913159 -0.0710811821922933 -0.18870282429392646 -0.04186289900575614 -0.2562307476897228 -0.058794095571678764 -0.080126396569236 -0.06801949892302459 -0.06885721188692921 0.03539405379896178 -0.1678053457988733 -0.041990860812646656 -0.09573542210617929 0.09468045346954031 -0.11834319526627217
0.003676470588235295 -0.06187422657216786 0.061280072628234226 -0.023164234422052354 0.05429650613786592 -0.09215500945179583 0.10905526283543683 -0.04240882103477524 0.07043155333589449 -0.10777946662981899 -0.035411660553939545 -0.01957665483910437 -0.009534024550113217 -0.0232075241236106 0.046954314720812185 -0.03198425390576947 0.22169749442476716 -0.12746972594008923 0.12493424513413993 -0.1367403314917127 -0.06885120489608568 -0.02960039467192896 -0.04807114529503666 -0.05016123253314224 0.017976373908577297 0.01780943900267142 0.05845622425933307 0.0 0.06690753378830457 -0.04329629095107519 -0.04613018964633521 -0.13159454653230587 0.056025748003337705 -0.0012233912405187181 0.04254254254254254 -0.015799868334430544 0.08757525998905309 -0.09105304829770386 -0.05880743982494528 -0.035821750967187274 -0.04146770545363157 -0.05258945924316909 0.07523148148148148 -0.057303096805657164 0.006174364040503829 -0.19175335255044496 -1.064215432418436 -1.0643500643500645 -0.13398779517113293 -0.273047563123899 -0.09942828734775043 -0.16102683780630106 -0.08056280494723704 -0.1390870185449358 0.12192148256522799 -1.690455504530222 -5.907821229050279 -2.412426489388903 -0.3964757709251101 -0.2946490618485059 -0.07706201083684526 -0.07322175732217573 -0.04098360655737705 -0.05638195777351248 -0.04928536224741252 -0.3545924649101206 -0.4595267745952678 -0.3088707684704719 -0.04718184136699821 -0.1314878892733564 0.005119017148707448 -0.06852551984877127 -0.02013740819710969 -0.077845051278883 -0.0626304801670146 -0.11311116516662612 -0.0586107993515401 -0.1837040739815046 -0.034013605442176874 -0.25203024362923554 -0.060045033775331505 -0.07899785577248616 -0.07142047386917583 -0.08335346702101958 0.050731477111845204 -0.1714011746374206 -0.06298629121897 -0.08827551908491857 0.09717204435031768 -0.12097304404996712
0.0012254901960784322 -0.06187422657216786 0.062414888788016334 -0.02316423442205235 0.05547686496694996 -0.09806238185255198 0.10415390270800144 -0.04604386283775597 0.07811499551799206 -0.11192483073096586 -0.036676362716580244 -0.004894163709776094 -0.007150518412584914 -0.020764626847441067 0.05329949238578681 -0.033214417517529835 0.23743932834841922 -0.10707456978967493 0.13282482903734877 -0.1408839779005525 -0.0726762718347571 -0.041933892451899366 -0.05287825982454032 -0.06568732831721007 0.010272213662044172 0.010176822287240808 0.06642752756742394 0.02799338338210968 0.07226013649136892 -0.04185308125270602 -0.04484879548949257 -0.11973918197984587 0.05244963642865656 0.01712747736726205 0.055055055055055056 -0.011849901250822909 0.11631089217296116 -0.0857746107152283 -0.058807439824945296 -0.018627310502937387 -0.052777079668258356 -0.05487595747113296 0.057870370370370364 -0.06217995610826628 -0.0037046184243022945 -0.16794084471738313 -1.284308648368721 -1.6203346203346203 -0.22021756434067394 -0.2980035231943629 -0.08575689783743476 -0.1516919486581097 -0.07035061840462953 -0.1343319067998098 0.1511826383808827 -0.9780315253816555 -5.804977145759269 -2.682178470979289 -0.4327545996372118 -0.29186935371785966 -0.06863335340156532 -0.07438400743840073 -0.03278688524590165 -0.039587332053742805 -0.02464268112370625 -0.20561438069441026 -0.38107098381070986 -0.31751914998764513 -0.03698036215251212 -0.13840830449826988 0.006398771435884308 -0.07206994328922496 -0.0177683013503909 -0.08155195848263934 -0.06385852879774039 -0.09243493067380197 -0.05861079935154009 -0.17495626093476627 -0.03139717425431711 -0.25063007560907313 -0.0537903427570678 -0.07899785577248618 -0.06121754903072214 -0.09180961584923895 0.057810287871637556 -0.1714011746374206 -0.0765715697171792 -0.08081561606365785 0.10340102155226112 -0.11045364891518736
-0.012254901960784315 -0.059624254696816294 0.060145256468452105 -0.023164234422052354 0.05193578847969784 -0.08152173913043477 0.08822448229383652 -0.04604386283775596 0.06787040594186196 -0.10639767859610334 -0.03288225622865815 -0.002447081854888046 0.002383506137528303 -0.01587883229510199 0.05456852791878173 -0.02583343584696765 0.23219205037386853 -0.07520713830465264 0.09994739610731194 -0.14779005524861877 -0.07395129414764759 -0.025900345337937843 -0.045667588030284825 -0.06329869819658426 0.011556240369799691 0.011448925073145913 0.08369868473495416 0.09034228273317216 0.05887862973370801 -0.05195554914129023 -0.058944131214761664 -0.1268524007113219 0.03695315293837169 0.0036701737215561526 0.03753753753753754 -0.023699802501645818 0.09852216748768475 -0.11744523621008181 -0.09573304157549234 -0.0315231408511248 -0.07413923096255341 -0.05373270835715103 0.03125000000000001 -0.07315288953913679 -0.019757964929612248 -0.17671387391903745 -1.418953909891248 -2.5444015444015444 -0.3263465110108782 -0.3185554903112155 -0.07954262987820035 -0.14235705950991834 -0.05900374446839897 -0.11768901569186876 0.16703243111436236 -0.595755243887303 -5.107922803453529 -2.7307593965737658 -0.45089401399326257 -0.2960389159138291 -0.06742925948223961 -0.07322175732217573 -0.03395784543325527 -0.03718809980806142 -0.016017742730409068 -0.1502093080522039 -0.29140722291407223 -0.30639980232270814 -0.0306044376434583 -0.13425605536332177 0.003839262861530584 -0.05907372400756143 -0.014214641080312718 -0.07166687260595576 -0.06017438290556308 -0.092434930673802 -0.043646339942636246 -0.1849537615596101 -0.030088958660387233 -0.24922990758891067 -0.04753565173880411 -0.08351201895948537 -0.06121754903072214 -0.07972940323749698 0.053091080698442664 -0.1690039554117224 -0.10127207607755959 -0.11935844834017159 0.0847140899464308 -0.1288625904010519
-0.003676470588235296 -0.07762402969962875 0.060145256468452105 -0.02316423442205235 0.055476864966949944 -0.0874291115311909 0.08332312216640117 -0.060584030049678904 0.06915097963887822 -0.1285062871355534 -0.029088149740736053 0.002447081854888046 0.01787629603146228 -0.019543178209356298 0.05837563451776649 -0.018452454176405463 0.23875114784205692 -0.04843849585723391 0.11178327196212519 -0.14088397790055246 -0.08032640571209997 -0.023433645781943763 -0.04686936666266074 -0.034635136749074404 0.011556240369799691 0.027986261289912225 0.08502723528630265 0.12978750477159945 0.05218787635487756 -0.05484196853802857 -0.06406970784213224 -0.14819205690574985 0.029800929789009424 0.0036701737215561526 0.032532532532532535 -0.0500329163923634 0.05336617405582923 -0.22961203483768805 -0.13129102844638948 -0.053016191431437175 -0.0892183965820558 -0.05716245569909684 0.01736111111111111 -0.08168739331870276 -0.03087182020251914 -0.17420729414713626 -1.4655618850336611 -3.3745173745173744 -0.45104802334836824 -0.34057545507927184 -0.0708426547352722 -0.12718786464410736 -0.04992624531941451 -0.08202567760342369 0.18410143867349427 -0.3574531463323818 -4.389283900457084 -2.6655586806443363 -0.45348535890126984 -0.2710215427380125 -0.060204695966285374 -0.09646675964667596 -0.026932084309133485 -0.02279270633397313 -0.006160670280926565 -0.11819748830337355 -0.19427148194271482 -0.2841611069928342 -0.02805406783983678 -0.1370242214532872 0.021755822882006653 -0.05671077504725898 0.005922767116796968 -0.06919560113678488 -0.04298170207540219 -0.10338117246412064 -0.017458535977054497 -0.189952511872032 -0.015698587127158558 -0.24502940352842345 -0.04128096072054041 -0.08576910055298499 -0.05668291576918718 -0.06764919062575502 0.054270882491741376 -0.15821646889608054 -0.09633197480548351 -0.13925152306353353 0.08969727170798555 -0.13938198553583167
0.007352941176470587 -0.06749915626054674 0.0669541534271448 -0.01621496409543665 0.06019830028328611 -0.06852551984877125 0.07352040191153045 -0.038773779231794495 0.058906390062748115 -0.11468840679839713 -0.016441128114329073 0.007341245564664138 0.03336908592539626 -0.012214486380847687 0.0697969543147208 0.002460327223520728 0.2610520792338974 0.014021669853409807 0.12756443976854287 -0.11325966850828728 -0.07777636108631902 -0.01726689689195856 -0.045667588030284825 -0.022691986145945302 0.017976373908577297 0.039435186363058136 0.09299853859439351 0.18704669805318744 0.05352602703064365 -0.060614807331505274 -0.058944131214761664 -0.14819205690574985 0.030992966980569803 0.0036701737215561526 0.03878878878878879 -0.059249506254114556 0.020525451559934314 -0.4420691475323304 -0.16684901531728663 -0.06734489181831207 -0.09801457652676551 -0.06287870126900652 0.006944444444444436 -0.07437210436478905 -0.04692516670782909 -0.16919413460333377 -1.5018125323666496 -4.223938223938224 -0.5784027593526134 -0.36553141514973575 -0.0646283867760378 -0.08634772462077012 -0.03857937138318394 -0.030908226343319068 0.20117044623262617 -0.20851433536055602 -3.478923311325545 -2.512145231398619 -0.4444156517232443 -0.23349548297428768 -0.05057194461167971 -0.08716875871687586 -0.023419203747072598 -0.0047984644913627635 -0.0012321340561853133 -0.08864811622753015 -0.1195516811955168 -0.253274030145787 -0.03442999234889059 -0.12318339100346024 0.03967238290248272 -0.04962192816635161 0.02606017531390666 -0.0642530581984431 -0.025789021245241312 -0.09973242520068111 0.007482229704451923 -0.17870532366908273 -0.0013082155939298803 -0.22822738728647435 -0.03502626970227672 -0.07448369258548697 -0.0521482825076522 -0.0712732544092776 0.05545068428504011 -0.139038715090495 -0.09139187353340743 -0.12433171702101205 0.0946804534695403 -0.12491781722550954
0.00980392156862745 -0.053999325008437384 0.07262823422605537 0.0 0.06491973559962227 -0.044896030245746676 0.08209778213454234 -0.015751847812916504 0.05762581636573185 -0.10363410252867208 -0.01391172378904768 0.0159060320567723 0.03336908592539626 -0.0024428972761695368 0.05583756345177665 0.01845245417640546 0.24662206480388296 0.07903123008285531 0.1065228826933193 -0.08839779005524859 -0.07395129414764759 -0.0185002466699556 -0.04206225213315707 -0.005971575301564553 0.014124293785310734 0.04706780307848875 0.09034143749169657 0.24176103830003814 0.038806369597216644 -0.059171597633136105 -0.0653511019989749 -0.14700652045050386 0.02503278102276792 0.00489356496207487 0.027527527527527525 -0.05661619486504281 -0.03147235905856597 -0.6452889944576405 -0.21881838074398247 -0.07450924201174955 -0.1168635335511435 -0.06402195038298845 -0.019675925925925923 -0.06705681541087538 -0.07656211410224747 -0.14788820654217322 -1.5561885033661316 -5.043758043758044 -0.7296365083576546 -0.3728714034057545 -0.06711409395973156 -0.05600933488914819 -0.0476568705321684 0.01426533523537803 0.1926359424530602 -0.12039220553555915 -2.5330116810563745 -2.3114293019688055 -0.4444156517232443 -0.2029186935371786 -0.046959662853702594 -0.06508600650860064 -0.010538641686182666 0.008397312859884837 0.00862493839329719 -0.052942624969219386 -0.039850560398505604 -0.2075611564121571 -0.02167814333078296 -0.09688581314878893 0.03199385717942155 -0.04844045368620038 0.017768301350390904 -0.05189670085258865 -0.04543779933685374 -0.08635368523473608 -0.007482229704451926 -0.16495876030992254 -0.030088958660387233 -0.21982637916549988 -0.030022516887665763 -0.06658390700823835 -0.04421267429996599 -0.06160908431988403 0.04837187352524776 -0.1186623516720604 -0.09880202544152156 -0.10443864229765012 0.07474772642332128 -0.11045364891518736
0.022058823529411766 -0.05174935313308583 0.05901044030866999 0.012740328932128791 0.0790840415486308 -0.03780718336483932 0.08577380223011885 -0.024233612019871557 0.06018696375976438 -0.10916125466353462 -0.0037941064879220957 0.018353113911660345 0.025026814444047207 1.7347234759768072e-19 0.06345177664974619 0.022142945011686555 0.26498753771481043 0.1019757807520714 0.10915307732772224 -0.09392265193370167 -0.058651026392961866 -0.02343364578194376 -0.03004446580939791 -0.005971575301564551 0.021828454031843865 0.04070728914896324 0.09299853859439353 0.26593714213004194 0.0307774655426201 -0.06350122672824361 -0.06406970784213224 -0.13633669235328988 0.0 0.014680694886224616 0.03378378378378378 -0.0500329163923634 -0.08347016967706625 -0.9633148588017948 -0.2817286652078774 -0.081673592205187 -0.11937672782106057 -0.06287870126900652 -0.04166666666666667 -0.04998780785174346 -0.0926154606075574 -0.13410201779671638 -1.5458311755567062 -5.751608751608751 -0.8596444680286547 -0.38901937756899585 -0.037285607755406416 -0.05250875145857642 -0.034040621808691704 0.03566333808844508 0.20970495001219214 -0.08439865955070126 -1.6556627729812092 -2.080030682689849 -0.41461518528116087 -0.1931897150799166 -0.03853100541842263 -0.056950255695025556 -0.016393442622950817 0.020393474088291747 0.01971414489896501 -0.04063038660428466 0.0236612702366127 -0.18779342723004694 -0.011476664116296862 -0.10242214532871974 0.02815459431789096 -0.04725897920604915 -0.010660980810234541 -0.04077597924131966 -0.0528060911212084 -0.09365117976161519 -0.01247038284075321 -0.19745063734066484 -0.04186289900575615 -0.23102772332679922 -0.020015011258443828 -0.06884098860173796 -0.03854438272304727 -0.06402512684223242 0.06252949504483248 -0.11746374205921133 -0.07657156971717921 -0.13676488872311326 0.07225613554254391 -0.11308349769888233
0.015931372549019607 -0.03824952188097648 0.044257830231502496 0.022006022700949736 0.0708215297450425 -0.030718336483931945 0.09435118245313075 -0.019386889615897247 0.04610065309258548 -0.10639767859610336 -0.00758821297584419 0.025694359476324487 0.021451555237754747 0.003664345914254305 0.05456852791878173 0.01845245417640546 0.2794175521448249 0.12746972594008923 0.10389268805891635 -0.10082872928176796 -0.057376004080071395 -0.030833744449926 -0.03244802307414974 -0.0071658903618774614 0.02953261427837699 0.03180256964762753 0.11824099907001462 0.2684819951647792 0.038806369597216644 -0.08947900129888874 -0.07047667862634546 -0.12922347362181386 -0.025032781022767913 0.02202104232933692 0.013763763763763762 -0.055299539170506916 -0.14915161466885607 -1.44761150699393 -0.37746170678336977 -0.10316664278549936 -0.13194269917064588 -0.05487595747113296 -0.06018518518518519 -0.03291880029261156 -0.10990367992096814 -0.12783556836696328 -1.4642672190574832 -6.256113256113256 -0.968426638365614 -0.41544333529066346 -0.04349987571464082 -0.03150525087514585 -0.034040621808691704 0.06419400855920114 0.20848573518653984 -0.044681643291547724 -1.0017775520568815 -1.8256200460240346 -0.38351904638507384 -0.18068102849200834 -0.04575556893437688 -0.04649000464900046 -0.01756440281030445 0.02279270633397313 0.016017742730409068 -0.030780595912336867 0.0697384806973848 -0.16061279960464542 -0.005100739607243052 -0.10380622837370242 0.02303557716918351 -0.04489603024574669 -0.02369106846718787 -0.03583343630297788 -0.06140243153628884 -0.09608367793724155 -0.018705574261129815 -0.213696575856036 -0.049712192569335435 -0.24502940352842342 -0.018764073054791088 -0.05755558063423992 -0.03514340777689604 -0.05919304179753564 0.06606890042472864 -0.11986096128490953 -0.04322588613066567 -0.15292801193584488 0.06851874922137784 -0.12097304404996714
0.00857843137254902 -0.03374957813027337 0.03858374943259192 0.03822098679638638 0.06373937677053823 -0.011814744801512284 0.08699914226197769 -0.013328486610929354 0.04866180048661801 -0.10501589056238772 -0.010117617301125587 0.0159060320567723 0.019068049100226442 0.003664345914254306 0.04568527918781726 0.0172222905646451 0.2741702741702742 0.1682600382409178 0.08416622830089428 -0.09944751381215469 -0.05355093714139997 -0.05180069067587567 -0.04446580939790891 -0.007165890361877469 0.02054442732408834 0.01653733621676632 0.10229839245383288 0.24685074436951263 0.012043356081894815 -0.1125703564727955 -0.08457201435161457 -0.13633669235328985 -0.047681487662415076 0.020797651088818203 -0.013763763763763764 -0.06978275181040158 -0.25862068965517243 -2.1865927685405118 -0.5073851203501094 -0.13898839375268662 -0.1331992963056044 -0.05830570481307877 -0.06944444444444445 -0.03535722994391612 -0.12719189923437885 -0.12156911893721016 -1.3477472812014502 -6.606177606177607 -1.073228973202441 -0.4271873165002935 -0.039771314939100175 -0.017502917152858812 -0.03857937138318394 0.07013789824060865 0.20970495001219214 -0.01613503785528112 -0.606907059421026 -1.540526719509077 -0.3511272350349831 -0.16539263377345378 -0.04334738109572547 -0.03951650395165039 -0.01756440281030445 0.028790786948176585 0.011089206505667816 -0.017237133710908643 0.09838107098381071 -0.132196688905362 -0.0012751849018107623 -0.09411764705882354 0.006398771435884308 -0.04725897920604915 -0.036721156124141195 -0.037069072037563336 -0.07982316099717549 -0.092434930673802 -0.054869684499314134 -0.21119720069982506 -0.07718472004186291 -0.23802856342761128 -0.013760320240180132 -0.054169958243990526 -0.037410724407663534 -0.04711282918579367 0.05899008966493628 -0.11386791322066403 -0.033345683586513526 -0.16909113514857643 0.05855238569826833 -0.11702827087442473
0.00980392156862745 -0.01912476094048824 0.03631411711302769 0.052119527449617786 0.06019830028328611 0.007088846880907373 0.08454846219826002 -0.007270083605961463 0.04866180048661801 -0.0884344341578002 -0.011382319463766286 0.04037685060565276 0.016684542962698137 0.010993037742762914 0.036802030456852784 0.043055726411612746 0.2610520792338974 0.23836838750796688 0.07233035244608102 -0.07596685082872928 -0.04080071401249522 -0.051800690675875685 -0.04446580939790891 -0.015526095784067833 0.026964560862865954 0.021625747360386728 0.09432708914574199 0.26593714213004194 -0.008028904054596553 -0.09958146918747293 -0.09354177344951307 -0.13515115589804388 -0.06079389676957921 0.01957425984829948 -0.04129129129129129 -0.09479921000658328 -0.37082649151614666 -3.108999736078121 -0.6236323851203501 -0.1590485742943115 -0.1331992963056044 -0.048016462787241344 -0.060185185185185175 -0.02316508168739332 -0.12719189923437885 -0.09900990099009901 -1.169083376488866 -6.698841698841699 -1.1448660122048289 -0.40957134468584855 -0.04225702212279393 -0.0023337222870478424 -0.021559060478838078 0.07370423204945317 0.2231163130943672 0.01365272433908403 -0.3466226510919248 -1.2004602403477371 -0.3018916817828453 -0.14315496872828354 -0.03732691149909693 -0.03254300325430033 -0.00819672131147541 0.04678502879078695 0.009857072449482505 -0.007387343018960847 0.11332503113325029 -0.11860637509266121 0.015302218821729153 -0.07612456747404846 0.0025595085743537194 -0.041351606805293005 -0.040274816394219384 -0.03459780056839244 -0.0994719390887879 -0.08635368523473608 -0.08105748846489588 -0.2174456385903524 -0.09549973835688122 -0.22822738728647435 -0.010007505629221916 -0.037241846292743484 -0.036277066092279785 -0.04711282918579367 0.05545068428504012 -0.10308042670502215 -0.025935531678399404 -0.17157776948899667 0.05107761305593621 -0.11045364891518739
0.00857843137254902 -0.014624817189785127 0.03177485247389923 0.06601806810284919 0.05901794145420207 0.007088846880907375 0.08209778213454233 -0.010905125408942196 0.037136637213471636 -0.09119801022523147 -0.01391172378904768 0.03670622782332069 0.015492789893933975 0.023207524123610605 0.020304568527918777 0.038135071964571284 0.24268660632296993 0.27915869980879543 0.042083114150447146 -0.06906077348066299 -0.04080071401249522 -0.04440059200789344 -0.04686936666266074 0.005971575301564553 0.020544427324088343 0.035618878005342844 0.07174172977281787 0.26084743606056743 -0.038806369597216644 -0.07649011401356617 -0.10891850333162481 -0.13633669235328988 -0.08344260340922637 0.03670173721556154 -0.07132132132132132 -0.1000658327847268 -0.5145046524356869 -4.096067564001055 -0.74945295404814 -0.1447198739074366 -0.13948228198039708 -0.04230021721733166 -0.06597222222222221 -0.013411363082175073 -0.14201037293158805 -0.09023687178844467 -0.9800621439668568 -6.531531531531532 -1.2019103210400635 -0.41250733998825595 -0.04474272930648769 0.005834305717619602 -0.017020310904345852 0.0927246790299572 0.22067788344306266 0.02730544867816805 -0.20695784662265107 -0.870621324469445 -0.2669085255247473 -0.11952744961779013 -0.025285972305839854 -0.032543003254300325 -0.0035128805620608895 0.05638195777351247 0.006160670280926565 -0.011081014528441272 0.1183063511830635 -0.10995799357548801 0.015302218821729153 -0.059515570934256065 -0.008958280010238035 -0.03544423440453686 -0.0544894574745321 -0.02347707895712344 -0.12034876581112612 -0.09121868158598881 -0.10724529243047762 -0.23619095226193448 -0.1282051282051282 -0.2254270512461496 -0.010007505629221916 -0.03724184629274349 -0.041945357669198505 -0.021744382701135538 0.04365266635205285 -0.0970873786407767 -0.020995430406323328 -0.17655103816983717 0.026161704248162453 -0.0880999342537804
0.006127450980392157 -0.013499831252109348 0.03290966863368135 0.0718091267083623 0.051935788479697834 0.014177693761814745 0.08577380223011885 -0.0012116806009935734 0.017928031758227686 -0.09396158629266271 -0.0050588086505627934 0.034259145968432644 0.019068049100226435 0.03175766459020398 0.010152284263959397 0.04428589002337311 0.24268660632296993 0.30847673677501597 0.026301946344029457 -0.0649171270718232 -0.0420757363253857 -0.0370004933399112 -0.04446580939790891 0.01672041084438075 0.019260400616332822 0.03943518636305814 0.054470572605287634 0.17305000636213252 -0.07226013649136893 -0.08081974310867371 -0.12557662737057917 -0.14582098399525786 -0.11085945881511505 0.018350868607780766 -0.11261261261261261 -0.1250822909809085 -0.6718664477285168 -5.07125890736342 -0.8848468271334792 -0.160481444332999 -0.14450867052023122 -0.0468732136732594 -0.06828703703703702 -0.017069007559131915 -0.14571499135589033 -0.0914901616743953 -0.7923355774210254 -6.118404118404118 -1.2058901565401963 -0.4139753376394598 -0.03107133979617201 0.0023337222870478394 0.002269374787246113 0.09629101283880172 0.2255547427456718 0.027305448678168052 -0.1142712036566785 -0.5931986704167732 -0.20601192018657682 -0.11396803335649759 -0.030102347983142687 -0.024407252440725245 -0.00468384074941452 0.06238003838771593 0.004928536224741252 -0.004924895345973897 0.1307596513075965 -0.08895478131949593 0.022953328232593728 -0.040138408304498274 -0.01791656002047607 -0.038988657844990546 -0.0544894574745321 -0.029655257630050662 -0.1326292521183839 -0.09851617611286792 -0.10724529243047762 -0.25493626593351665 -0.1360544217687075 -0.22542705124614953 -0.003752814610958216 -0.039498927886243096 -0.030608774515361065 -0.015704276395264553 0.04483246814535158 -0.09948459786647487 -0.006175126590095096 -0.2026606987442497 0.022424317926996385 -0.09467455621301775
0.008578431372549022 -0.011249859376757789 0.03631411711302769 0.07644197359277276 0.05901794145420207 0.007088846880907373 0.09312584242127189 0.004846722403974315 0.01792803175822769 -0.10501589056238772 -0.011382319463766288 0.05383580080753701 0.009534024550113217 0.03297911322828875 0.0012690355329949266 0.05289703530569565 0.2453102453102453 0.3212237093690249 0.030247238295633888 -0.05939226519337017 -0.05355093714139998 -0.06413418845584608 -0.072106717942555 0.01194315060312911 -0.0038520801232665657 0.0012721027859051049 -0.17935432443204463 -0.3181066293421555 -0.11909541014318212 -0.1024678885842113 -0.12685802152742182 -0.14700652045050386 -0.12397186792227918 0.00978712992414974 -0.12512512512512514 -0.16458196181698487 -0.8730158730158731 -5.554235946159936 -0.935448577680525 -0.18340736495199886 -0.13194269917064588 -0.035440722533440036 -0.0474537037037037 -0.0024384296513045587 -0.13213139046678196 -0.0789572628148891 -0.6576903158984981 -5.2651222651222644 -1.128946670204298 -0.3934233705226072 -0.032314193388018886 0.0011668611435239201 -0.009077499148984456 0.0939134569662387 0.2084857351865399 0.03351123246866079 -0.09903504316912139 -0.4615187931475326 -0.17232443638248252 -0.0917303683113273 -0.020469596628537028 -0.01859600185960019 0.002341920374707259 0.06957773512476008 0.009857072449482505 -0.009849790691947797 0.1444582814445828 -0.07042253521126761 0.03187962254526906 -0.03598615916955017 -0.01791656002047607 -0.03780718336483932 -0.06159677801468846 -0.027183986160879775 -0.13631339801056122 -0.09486742884942836 -0.09976306272602568 -0.24993751562109473 -0.14652014652014653 -0.21002520302436292 -0.008756567425569175 -0.02595643832524546 -0.040811699353814755 -0.01691229765643875 0.04483246814535157 -0.08989572096368212 -0.011115227862171175 -0.19022752704214846 0.022424317926996385 -0.08941485864562787
0.01715686274509804 3.4694469519536144e-19 0.037448933272809806 0.07991660875608061 0.05901794145420208 0.0035444234404536866 0.09190050238941305 -0.006058403004967886 0.008964015879113846 -0.09534337432637832 -0.005058808650562794 0.05505934173498104 0.014301036825169824 0.029314767314034446 0.0012690355329949235 0.041825562799852375 0.22694477239931787 0.30975143403441685 0.005260389268805895 -0.06215469613259668 -0.04845084788983807 -0.061667488899852 -0.07811561110443457 0.0023886301206258176 -0.0179763739085773 -0.03689098079124793 -0.5672910854258004 -0.6883827458964245 -0.16191623176769704 -0.1024678885842113 -0.12942080984110713 -0.1280379371665679 -0.12277983073071881 0.01835086860778077 -0.15265265265265265 -0.18696510862409482 -1.0714285714285714 -5.7389812615465825 -0.9682713347921224 -0.19487032526149878 -0.10681075647147523 -0.03658397164742197 -0.028935185185185182 0.0 -0.1123734255371697 -0.08522371224464217 -0.6071983428275505 -4.495495495495495 -1.018837888033961 -0.3890193775689959 -0.01615709669400945 0.021003500583430573 -0.005673436968115286 0.09629101283880173 0.20482809070958305 0.03227007571056224 -0.09395632300660234 -0.39887496803886474 -0.1386369525783882 -0.08061153578874218 -0.01926550270921132 -6.938893903907229e-19 0.00936768149882904 0.07077735124760076 0.00862493839329719 -0.022162029056882544 0.13325031133250315 -0.06671608598962195 0.03825554705432288 -0.026297577854671284 -0.01663680573329921 -0.029536862003780716 -0.06870409855484481 -0.014827628815025331 -0.13876949527201274 -0.08756993432254925 -0.11348048385085423 -0.27618095476130966 -0.16221873364730505 -0.20442453094371324 -0.0012509382036527393 -0.011285407967498023 -0.03854438272304727 -0.013288233872916163 0.046012269938650305 -0.08629989212513486 -0.032110658268494505 -0.19147084421235855 0.00622897720194344 -0.07889546351084811
0.0012254901960784311 -0.006749915626054674 0.020426690876078075 0.07412555015056752 0.04367327667610954 -0.018903591682419656 0.06249234162480087 -0.039985459832788076 -0.0064028684850813145 -0.10501589056238773 -0.010117617301125587 0.05628288266242505 0.005958765343820756 0.014657383657017225 -0.010152284263959392 0.020912781399926188 0.18496654860291223 0.27151051625239014 -0.019726459758022095 -0.08149171270718232 -0.056100981767180924 -0.07646768623581648 -0.09734406922244923 -0.02627493132688403 -0.044940934771443244 -0.09031929779926218 -1.0415836322572072 -1.094286804937015 -0.19938445068914762 -0.12267282436137972 -0.14095335725269093 -0.13515115589804388 -0.1430444629872452 0.008563738683631026 -0.18393393393393392 -0.23568136932192232 -1.237000547345375 -5.82739509105305 -0.9901531728665208 -0.2177962458804986 -0.09927117366172405 -0.02858122784954842 -0.024305555555555552 -0.004876859302609121 -0.10619906149666584 -0.07895726281488909 -0.5489383738995339 -3.6821106821106815 -0.9047492703634914 -0.3728714034057546 -0.03107133979617201 0.022170361726954496 -0.02269374787246114 0.07608178792201618 0.182882223847842 0.00620578379049274 -0.10284408329101066 -0.3720276144208642 -0.10754081368230113 -0.0875608061153579 -0.02889825406381698 -0.0011622501162250117 -0.0046838407494145225 0.0683781190019194 0.0 -0.04678650578675203 0.11955168119551685 -0.07907091672844083 0.0446314715633767 -0.037370242214532876 -0.02815459431789097 -0.02599243856332703 -0.08054963278843875 -0.02100580748795255 -0.15350607884072207 -0.09608367793724153 -0.14839755580496322 -0.31617095726068484 -0.18969126111983253 -0.2072248669840381 -0.007505629221916438 -0.018056652747996838 -0.040811699353814755 -0.018120318917612947 0.04719207173194903 -0.100683207479324 -0.04322588613066568 -0.22628372497824195 -0.001245795440388689 -0.09467455621301775
0.0036764705882352928 -0.010124873439082012 0.014752610077167503 0.061385221218438736 0.05075542965061379 -0.04017013232514177 0.05881632152922435 -0.0714891554586211 0.014086310667178897 -0.11607019483211276 -0.005058808650562792 0.05505934173498104 0.00715051841258491 0.00732869182850861 -0.0012690355329949225 -0.01107147250584328 0.18365472910927455 0.21414913957934995 -0.0013150973172014718 -0.11602209944751381 -0.05355093714139998 -0.09126788357178096 -0.09614229059007331 -0.05016123253314224 -0.05649717514124294 -0.16155705380994786 -1.220937956689252 -1.2902404886117826 -0.1806503412284223 -0.150093808630394 -0.1396719630958483 -0.1327800829875519 -0.14781261175348673 0.0012233912405187168 -0.18393393393393392 -0.2764976958525346 -1.2739463601532566 -5.7561361836896285 -0.938183807439825 -0.2177962458804986 -0.09550138225684845 -0.021721733165656797 -0.017361111111111105 -0.01706900755913192 -0.09138058779945665 -0.08397042235869157 -0.46349041947177627 -2.866151866151866 -0.7628018041920935 -0.3699354081033471 -0.02734277902063137 0.01400233372228705 -0.013616248723476684 0.05468378506894912 0.18166300902218974 -0.029787762194365148 -0.09141696292534282 -0.3375095883405778 -0.05312257061414875 -0.09589993050729674 -0.039735099337748346 -0.0023245002324500225 -0.023419203747072605 0.06238003838771593 -0.004928536224741252 -0.06402363949766068 0.11083437110834368 -0.06671608598962195 0.06375924509053812 -0.045674740484429065 -0.02303557716918352 -0.041351606805293005 -0.08054963278843875 -0.029655257630050662 -0.13385730074910968 -0.11919241060569204 -0.13218605811198403 -0.353661584603849 -0.15175300889586604 -0.23102772332679927 -0.011258443832874655 -0.029342060715494868 -0.04761364924611722 -0.028992510268180716 0.04011326097215668 -0.12105957089775861 -0.032110658268494505 -0.24742011687181398 0.017441136165441636 -0.11176857330703482
0.0012254901960784318 -0.0011249859376757788 0.012482977757603273 0.061385221218438736 0.04485363550519359 -0.034262759924385634 0.044112241146918266 -0.0605840300496789 0.01792803175822769 -0.10639767859610336 0.007588212975844189 0.0636241282270892 0.020259802168990586 0.009771589104678149 -3.4694469519536144e-19 -0.024603272235207287 0.17578381214744848 0.2077756532823455 0.01709626512361915 -0.10082872928176796 -0.051000892515619026 -0.10483473112974839 -0.09253695469294557 -0.06568732831721008 -0.07447354904982023 -0.2162574736038672 -1.2674372259864488 -1.372948212240743 -0.17262143717382578 -0.17462837350266996 -0.12942080984110715 -0.1268524007113219 -0.12516390511383957 0.0024467824810374362 -0.18518518518518517 -0.30414746543778803 -1.2876299945265461 -5.513328054895751 -0.886214442013129 -0.20633328557099867 -0.07790902236742901 -0.00685949468389162 0.008101851851851851 -0.0182882223847842 -0.06668313163744133 -0.08271713247274096 -0.38969445882962195 -2.1467181467181464 -0.6168745025205625 -0.35525543159130946 -0.037285607755406416 0.022170361726954493 -0.003404062180869172 0.05349500713266762 0.17556693489392833 -0.03599354598485789 -0.07618080243778567 -0.2978777806187675 -0.012956724540036291 -0.09034051424600417 -0.04695966285370259 0.004649000464900047 -0.009367681498829045 0.06357965451055662 -0.016017742730409068 -0.06032996798818026 0.087173100871731 -0.046948356807511735 0.05865850548329508 -0.02906574394463668 -0.012797542871768621 -0.04489603024574669 -0.048566690357735136 -0.04077597924131966 -0.11420852265749726 -0.11797616151787886 -0.11472752213492954 -0.33491627093226695 -0.12428048142333856 -0.22682721926631197 -0.0025018764073054785 -0.027084979121995263 -0.03287609114612856 -0.032616574051703304 0.049551675318546484 -0.13064844780055135 0.002470050636038035 -0.23250031082929254 0.04609443129438147 -0.12228796844181458
0.006127450980392158 -0.0011249859376757782 0.03631411711302769 0.06601806810284919 0.04721435316336166 -0.02362948960302457 0.023281460605317977 -0.04240882103477523 0.010244589576130107 -0.0994887384275252 0.01264702162640698 0.06729475100942127 0.029793826719103807 0.006107243190423842 -0.0012690355329949235 -0.01968261778816583 0.15873015873015875 0.20012746972594014 0.014466070489216203 -0.0925414364640884 -0.04080071401249522 -0.10853478046373952 -0.08292272563393824 -0.07285321867908753 -0.0963020030816641 -0.2416995293219692 -1.3298791018998273 -1.3742206387581117 -0.1819884919041884 -0.15730985712223988 -0.12557662737057923 -0.1185536455245999 -0.10966742162355467 -0.012233912405187179 -0.18393393393393392 -0.3173140223831468 -1.2985769020251776 -5.076537344945896 -0.8192013129102845 -0.19630319530018628 -0.07162603669263636 -0.004572996455927747 0.020833333333333336 -0.035357229943916116 -0.06174364040503827 -0.07895726281488909 -0.3573278094251683 -1.6267696267696266 -0.5173786150172459 -0.33176746917204936 -0.028585632612478255 0.019836639439906656 0.014750936117099735 0.04517356157869709 0.16947086076566692 -0.037234702742956434 -0.07745048247841543 -0.25696752748657625 0.006478362270018134 -0.07505211952744963 -0.048163756773028296 0.004649000464900047 -0.0046838407494145225 0.0671785028790787 -0.023410547067520947 -0.04555528195025856 0.05977584059775839 -0.01111934766493699 0.052282580974241266 -0.005536332179930795 -0.0038392628615305847 -0.04489603024574669 -0.03079838900734424 -0.039540343506734216 -0.1105243767653199 -0.10946241790318656 -0.13218605811198406 -0.3224193951512122 -0.14128728414442698 -0.21562587510501258 0.010007505629221916 -0.03159914230899447 -0.022673166307674863 -0.028992510268180716 0.046012269938650305 -0.12345679012345681 -0.00494010127207608 -0.2188238219569812 0.03737386321166065 -0.11439842209072978
-0.0012254901960784311 0.005624929688378895 0.039718565592374036 0.06138522121843872 0.04367327667610954 -0.02717391304347826 0.01592942041416493 -0.03271537622682661 -0.005122294788065052 -0.08152549398922204 0.036676362716580244 0.07341245564664138 0.044094863544273624 0.0073286918285086124 0.0076142131979695426 -0.029523926682248743 0.16922471467926012 0.17335882727852134 0.03156233561283535 -0.08701657458563536 -0.04590080326405713 -0.10360138135175137 -0.07451027520730683 -0.07643616386002627 -0.10785824345146378 -0.2544205571810202 -1.348478809618706 -1.356406667514951 -0.16593068379499532 -0.13277529224996393 -0.12942080984110715 -0.10788381742738588 -0.09536297532483015 -0.01835086860778077 -0.18518518518518517 -0.3212639894667545 -1.2671045429666117 -4.381103193454738 -0.7111597374179431 -0.16621292448774896 -0.06282985674792661 0.00685949468389162 0.03356481481481481 -0.03169958546695928 -0.051864657940232164 -0.07143752349918538 -0.31330916623511135 -1.1917631917631915 -0.4006367736800212 -0.3170874926600118 -0.01615709669400945 0.0280046674445741 0.03290593441506865 0.06062767475035663 0.18044379419653742 -0.019858508129576763 -0.054596241747079735 -0.18793147532600357 0.04146151852811609 -0.04447533009034052 -0.05900060204695967 0.017433751743375175 -0.0011709601873536308 0.07197696737044146 -0.02710694923607689 -0.04432405811376508 0.036114570361145695 0.016061279960464542 0.048457026268808975 0.01660899653979239 0.01151778858459176 -0.04844045368620038 -0.010660980810234543 -0.03583343630297788 -0.09824389045806214 -0.1143274142544393 -0.12345679012345681 -0.3286678330417395 -0.13082155939298795 -0.22682721926631194 0.021265949462096572 -0.03272768310574427 -0.006801949892302458 -0.0350326165740517 0.05781028787163757 -0.12465539973630588 0.006175126590095094 -0.19147084421235855 0.04484863585399278 -0.10782380013149243
0.0012254901960784327 0.004499943750703117 0.046527462551066726 0.04285383368079686 0.04367327667610954 -0.03544423440453686 0.026957480700894505 -0.023021931418877987 0.0025611473940325286 -0.08152549398922204 0.04552927785506514 0.057506423589869085 0.047670122750566084 0.004885794552339076 0.0063451776649746175 -0.05535736252921639 0.17447199265381083 0.11472275334608031 0.04602840610205155 -0.10773480662983423 -0.039525691699604744 -0.10113468179575728 -0.06369426751592358 -0.08121342410127792 -0.11042629686697483 -0.277318407327312 -1.3471502590673574 -1.374220638758112 -0.14585842365850393 -0.14287776013854814 -0.12173244490005126 -0.1055127445168939 -0.07390630587674335 -0.033031563494005385 -0.18143143143143142 -0.3146807109940751 -1.2096332785987955 -3.4930060702032195 -0.5921772428884027 -0.1432870038687491 -0.05152048253329981 -0.0011432491139819368 0.047453703703703706 -0.0426725188978298 -0.03457643862682144 -0.07143752349918535 -0.24987053340238216 -0.8738738738738739 -0.2759352613425311 -0.309747504403993 -0.0024857071836937627 0.028004667444574093 0.032905934415068644 0.04398478364241559 0.17312850524262374 -0.03351123246866079 -0.05205688166582021 -0.15085655842495524 0.06348795024617777 -0.04447533009034052 -0.06261288380493679 0.02789400278940028 -0.0011709601873536326 0.059980806142034535 -0.025874815179891576 -0.02585570056636296 0.04358655043586551 0.05930318754633061 0.052282580974241266 0.023529411764705882 0.029434348605067828 -0.06143667296786389 0.0035536602700781766 -0.03706907203756333 -0.07122682058209506 -0.1313549014838239 -0.0835515650330465 -0.33491627093226695 -0.09942438513867087 -0.24502940352842337 0.02501876407305479 -0.02934206071549486 0.004534633261534972 -0.035032616574051705 0.0684285040113261 -0.12585400934915497 0.022230455724342346 -0.17779435534004723 0.06104397657904572 -0.1130834976988823
0.0 0.007874901563730453 0.03404448479346346 0.03822098679638638 0.03541076487252125 -0.041351606805293005 0.0330841808601887 -0.031503695625833016 0.005122294788065057 -0.09257979825894706 0.04047046920450234 0.06484766915453322 0.048861875819330235 -0.003664345914254305 0.011421319796954313 -0.06027801697625784 0.17184835366653547 0.07520713830465264 0.06970015781167807 -0.11049723756906078 -0.0420757363253857 -0.10606808090774544 -0.06970316067780316 -0.09793383494565866 -0.12455059065228555 -0.2989441546876987 -1.348478809618706 -1.3780379183102176 -0.12043356081894818 -0.15586664742387069 -0.09866735007688364 -0.10906935388263188 -0.05006556204553582 -0.048935649620748714 -0.1664164164164164 -0.32784726793943386 -1.113847837985769 -2.5508049617313278 -0.4649890590809629 -0.15618283421693652 -0.05026388539834129 -0.0022864982279638736 0.060185185185185196 -0.04998780785174348 -0.024697456162015307 -0.07143752349918538 -0.20844122216468147 -0.694980694980695 -0.16582647917219423 -0.3009395184967705 0.004971414367387522 0.028004667444574093 0.043118120957676156 0.028530670470756053 0.16459400146305778 -0.03351123246866079 -0.050787201625190445 -0.10738941447200205 0.09069707178025396 -0.03613620569840167 -0.06622516556291391 0.025569502556950258 -0.009367681498829045 0.04918426103646833 -0.032035485460818136 -0.03447426742181729 0.041095890410958916 0.06795156906350383 0.054832950777862786 0.0027681660899653987 0.03327361146659842 -0.050803402646502835 0.018952854773750298 -0.0420116149759051 -0.06140243153628884 -0.1277061542203843 -0.06359895248784136 -0.3186703324168957 -0.07849293563579278 -0.24922990758891067 0.016262196647485613 -0.024827897528495655 -0.004534633261534973 -0.0350326165740517 0.06370929683813119 -0.1198609612849095 0.025935531678399404 -0.16163123212731564 0.0747477264233213 -0.11571334648257728
-0.0012254901960784327 0.008999887501406234 0.02723558783477077 0.03242992819087329 0.03659112370160529 -0.043714555765595464 0.03185884082832986 -0.04119714043378164 0.015366884364195161 -0.09396158629266269 0.032882256228658154 0.06851829193686529 0.04767012275056608 -0.01465738365701722 0.012690355329949238 -0.07134948948210111 0.16135379771743408 0.04843849585723391 0.08416622830089428 -0.11049723756906078 -0.05482595945429045 -0.11223482979773065 -0.07330849657493091 -0.09912815000597157 -0.13097072419106315 -0.3116651825467497 -1.3378504052079183 -1.3144165924417868 -0.08965609527632809 -0.15153701832876318 -0.08200922603792926 -0.11499703615886188 -0.02503278102276791 -0.05260582334230487 -0.13888888888888887 -0.3252139565503621 -0.9934318555008209 -1.6152019002375297 -0.313183807439825 -0.1461527439461241 -0.041467705453631556 0.01714873670972905 0.07638888888888888 -0.03779565959522068 -0.013583600889108422 -0.05138488532397545 -0.16960124287933712 -0.5637065637065637 -0.07959671000265321 -0.2803875513799179 -0.009942828734775042 0.021003500583430573 0.030636559627822534 0.02139800285306705 0.15971714216044866 -0.042199329775350625 -0.04443880142204164 -0.07414983380209664 0.1204975382223374 -0.023627519110493392 -0.05900060204695966 0.02905625290562529 -0.007025761124121783 0.04558541266794626 -0.029571217348447514 -0.027086924402856448 0.033623910336239106 0.09513219668890535 0.05865850548329508 0.0013840830449826972 0.030714102892244688 -0.03189981096408317 0.00947642738687515 -0.02594835042629433 -0.05771828564411152 -0.10824616881537338 -0.059857837635615405 -0.282429392651837 -0.06802721088435373 -0.24082889946793617 0.006254691018263696 -0.015799571154497236 -0.020405849676907378 -0.02899251026818072 0.056630486078338836 -0.1198609612849095 0.027170556996418425 -0.12806166853164241 0.07848511274448736 -0.11702827087442473
1.3877787807814458e-18 0.01237484531443357 0.029505220154334995 0.02316423442205235 0.03659112370160529 -0.050803402646502835 0.0330841808601887 -0.05089058524173027 0.026892047637341526 -0.0939615862926627 0.03414695839129886 0.058729964517313105 0.051245381956858536 -0.019543178209356294 0.016497461928934008 -0.0787304711526633 0.16266561721107173 0.022944550669216062 0.1012624934245134 -0.10635359116022099 -0.0420757363253857 -0.10483473112974839 -0.04446580939790891 -0.10032246506628448 -0.10785824345146378 -0.2874952296145528 -1.1159824631327224 -0.8856088560885611 -0.029439314866854027 -0.12122961466301056 -0.06150691952844696 -0.11381149970361588 -0.002384074383120755 -0.05260582334230487 -0.11136136136136135 -0.30414746543778803 -0.7991242474001095 -1.1599366587490103 -0.21198030634573306 -0.11033099297893682 -0.03392812264388037 0.01829198582371099 0.08217592592592592 -0.042672518897829796 -0.002469745616201531 -0.03885198646446923 -0.12040393578456758 -0.4993564993564994 -0.03449190766781641 -0.26130358191426895 0.002485707183693762 0.016336056009334892 0.04652218313854534 0.02258678078934855 0.17922457937088515 -0.04344048653344917 -0.007618080243778566 -0.05369470723600102 0.15548069448043533 -0.016678248783877685 -0.06020469596628536 0.02673175267317527 0.003512880562060887 0.028790786948176585 -0.023410547067520944 -0.03693671509480424 0.038605230386052306 0.10748702742772424 0.07268553940321347 -0.005536332179930798 0.02815459431789097 -0.0330812854442344 0.004738213693437574 -0.02594835042629433 -0.05771828564411151 -0.11067866699099975 -0.05861079935154009 -0.2624343914021494 -0.05363683935112505 -0.2366283954074489 0.017513134851138354 -0.027084979121995256 -0.004534633261534974 -0.0350326165740517 0.06370929683813119 -0.11986096128490953 0.05804618994689391 -0.10195200795722988 0.09841783979070637 -0.10519395134779748
