0.04048582995951418 -0.08547008547008547 -0.13375651779641803 -0.026635784597568036 -0.1331918906176332 -0.06379962192816635 -0.08927479515714812 -0.07750999152234468 -0.07543792353918936 0.0027670171555063613 -0.07209714141158613 -0.22599560224774 -0.20833333333333334 -0.1758241758241758 -0.18250950570342206 -0.13641391176109133 -0.13078733978550877 -0.21122280188319126 -0.1338231435318814 -0.14498757249378624 -0.15310028068384793 -0.25178968156010856 -0.7332612092799616 -0.4170151750507826 -0.3117782909930716 -0.25162028211971027 -0.11949017525225702 -0.27174603174603174 -0.07085561497326204 -0.20043258832011537 -0.12698819907644948 -0.4080180287035938 -1.060407482425831 -0.4529318153996817 -0.3375843960990248 -0.06597176408497163 -0.06858710562414268 -0.08085896076352067 0.0314766662104831 0.04303543250609669 -0.17845921829835362 -0.26045236463331045 -0.3625866050808314 -0.262099231988297 -0.3166584524396254 -0.18147684605757197 -0.19645857567532635 -0.14309655794766019 -0.17868960953011254 -0.11021307861866274 -0.1280457483838886 -0.17957089552238809 -0.13613159387407828 -0.19826665083699394 -0.24665856622114218 -0.20307082714214958 -0.07482561826252379 -0.2063431410011463 -0.10856921287320667 -0.20937326677759288 -0.033751205400192864 -0.15795586527293842 -0.18830409356725145 0.03600144005760231 -0.17967019443760768 -0.028311176760216644 -0.12680258577821982 -0.06286207321582644 -0.08781977854142801 -0.027670171555063638 -0.0473448496481126 -0.16403115411848007 -0.14672819784640873 -0.16047401555363533 -0.19134061081810375 -0.16283874103779314 -0.10464681699264981 -0.17979772755649892 -0.14375326711970726 -0.0911129800953182 -0.03254882323485228 -0.14999436111424383 -0.09179510426110607 -0.11952191235059761 -0.1684136144152632 -0.162874251497006 -0.11962017511407078 -0.2035749751737835 -0.12928891098955744 -0.2180767209668944
0.05275426328057907 -0.09221772379667116 -0.13602357742008617 -0.04748118123914302 -0.13554926921263555 -0.08152173913043478 -0.08560596795890915 -0.10052077025554076 -0.08438818565400845 -0.01936912008854455 -0.06830255502150265 -0.23698998289763012 -0.225 -0.21123321123321123 -0.19771863117870722 -0.17082462824136663 -0.1373267067747842 -0.22903677312635198 -0.1482550511676725 -0.16570008285004142 -0.18116866547588673 -0.3752159960503579 -0.9063589373722805 -0.44569243637232636 -0.3310238645111624 -0.27195323421019185 -0.13807753584705257 -0.27936507936507937 -0.08422459893048129 -0.2148521989906272 -0.155207798871216 -0.6452378128335903 -1.6311211724055759 -0.5373974782715143 -0.3725931482870718 -0.11083256366275233 -0.09327846364883402 -0.11664899257688228 -2.7755575615628915e-18 0.010041600918089224 -0.1872565037074274 -0.2912954078135709 -0.405311778290993 -0.29989028404242346 -0.32897979300147856 -0.1964956195244055 -0.19258110378699753 -0.14567487430707748 -0.17339510258107213 -0.11021307861866274 -0.14545002486325212 -0.1970615671641791 -0.16222348269994327 -0.21607503264869998 -0.2721749696233293 -0.21421495789995046 -0.10526315789473684 -0.20889058718634565 -0.13441902546206538 -0.21769273433166947 -0.0349566055930569 -0.16027874564459932 -0.1988304093567251 0.019200768030721235 -0.1932069899089343 -0.05046774987690793 -0.1330183988065639 -0.07765314926660914 -0.10309278350515463 -0.03597122302158274 -0.0473448496481126 -0.16167099362756665 -0.1538279493551059 -0.18022466362177508 -0.19624678032626025 -0.1798517438327865 -0.115858975956148 -0.196029466849794 -0.167276529012023 -0.11213905242500702 -0.04256384576865298 -0.15901657832412314 -0.10879419764279238 -0.13280212483399734 -0.186079378165116 -0.1724550898203593 -0.13935133801948454 -0.20978152929493543 -0.14669318746892093 -0.22464529689963214
0.05766163660900503 -0.09896536212325685 -0.14509181591475856 -0.05211349160393747 -0.13083451202263083 -0.08388468809073724 -0.08193714076067019 -0.09930967663800414 -0.07927375015982611 -0.020752628666297738 -0.06324310650139135 -0.22110921084778892 -0.23214285714285712 -0.20757020757020758 -0.2078580481622307 -0.16345090328130762 -0.1386345801726393 -0.22012978750477163 -0.14694305956441883 -0.1491300745650373 -0.1952028578719061 -0.48383115280177724 -1.0746483952398127 -0.461225952921496 -0.3502694380292533 -0.2795780912441225 -0.15799256505576212 -0.2857142857142857 -0.10160427807486631 -0.2148521989906272 -0.16803488968701902 -1.0141145771557347 -2.183962826164661 -0.5986044803525524 -0.39384846211552893 -0.11874917535294893 -0.11659807956104254 -0.11664899257688228 -0.020528260572054195 0.018648687419308568 -0.18977001382430564 -0.32785012565684263 -0.4515011547344111 -0.32427160794831156 -0.33760473139477576 -0.1927409261576971 -0.1796561974925682 -0.1353616088694083 -0.15486432825943083 -0.10727406318883173 -0.16036797613127796 -0.20522388059701493 -0.18377765173000565 -0.2421939926392022 -0.29040097205346294 -0.2191679049034175 -0.13189600507292326 -0.207616864093746 -0.15122140364482356 -0.2190793122573489 -0.028929604628736737 -0.15795586527293842 -0.20233918128654968 0.0012000480019200691 -0.18705390105833128 -0.05662235352043329 -0.1218299353555445 -0.08997904597559472 -0.09036527936871581 -0.04150525733259546 -0.04350607805502239 -0.1628510738730234 -0.1609277008638031 -0.19256881866436243 -0.193793695572182 -0.1798517438327865 -0.1183505668369254 -0.19103508552878012 -0.17119707266074227 -0.10793383795906926 -0.045067601402103155 -0.13646103529942483 -0.11219401631912965 -0.1231437884824339 -0.1943234012483806 -0.1664670658682635 -0.15784930324330992 -0.20978152929493543 -0.15912481352560914 -0.21413557540725173
0.051527419948472576 -0.103463787674314 -0.1586941736567672 -0.047481181239143015 -0.1261197548326261 -0.08152173913043478 -0.08071419836125718 -0.0980985830204675 -0.0728807057920982 -0.009684560044272279 -0.0607133822413357 -0.23698998289763007 -0.23809523809523808 -0.231990231990232 -0.21166032953105202 -0.18680103232149442 -0.14255820036620453 -0.2404886117826696 -0.14563106796116507 -0.15603424468378901 -0.2079612145955601 -0.5689953098000493 -1.1551869215049888 -0.4672003823634842 -0.3707980497818835 -0.2973694243232939 -0.18189060010621352 -0.30984126984126986 -0.11764705882352941 -0.23071377072819033 -0.19497178040020527 -1.5383703000830269 -2.695103062075539 -0.6255355612682091 -0.41385346336584145 -0.13326296345164268 -0.139917695473251 -0.12990455991516436 -0.031476666210483104 0.02295223066991824 -0.20610782958401405 -0.3918208818825679 -0.520785219399538 -0.37059612336949893 -0.3585510103499261 -0.21902377972465584 -0.183533669380897 -0.158566456104164 -0.15751158173395102 -0.11756061719324026 -0.1628543013426156 -0.23087686567164184 -0.20079410096426545 -0.26118959990502194 -0.3001215066828676 -0.24269440316988605 -0.13316423589093215 -0.24328111068653674 -0.14734393175649474 -0.24958402662229623 -0.04459980713596914 -0.16957026713124274 -0.21169590643274847 -0.018000720028801154 -0.18828451882845185 -0.07016248153618908 -0.11437095972153158 -0.09490940465918896 -0.08145602647320861 -0.03320420586607637 -0.05630198336532309 -0.1829124380457871 -0.18932670689859185 -0.20738180471546724 -0.2109652888507298 -0.19321910317170982 -0.13080852124081227 -0.21475839680359593 -0.1816518557239937 -0.12615643397813286 -0.0400600901352028 -0.14435547535806928 -0.12012692656391659 -0.13763129300977908 -0.1907902484984101 -0.19161676646706588 -0.15291651251695645 -0.23584905660377356 -0.1566384883142715 -0.23384130320546506
0.038032143295301184 -0.11021142600089966 -0.1745635910224439 -0.0567458019687319 -0.1390853371051391 -0.08388468809073725 -0.08927479515714809 -0.09930967663800414 -0.08694540340109962 -0.015218594355284998 -0.06577283076144701 -0.24187637429758121 -0.2488095238095238 -0.21978021978021975 -0.220532319391635 -0.19417475728155342 -0.14909756735548 -0.2506680239216186 -0.14956704277092628 -0.15327257663628832 -0.2219954069915795 -0.6183658355961491 -1.1948551508594785 -0.4707850400286772 -0.37336412625096227 -0.3011818528402592 -0.17657992565055763 -0.3174603174603175 -0.11631016042780748 -0.24224945926459984 -0.2373011800923551 -2.175305420472067 -3.121648993208626 -0.6536907822254866 -0.4363590897724431 -0.14909618683203588 -0.16186556927297668 -0.1524390243902439 -0.060216231011358964 0.010041600918089227 -0.22621591051903983 -0.47749600182773594 -0.6027713625866051 -0.3998537120565646 -0.3745687530803351 -0.2327909887359199 -0.18611865063978286 -0.17274719608095915 -0.16545334215751156 -0.1307861866274798 -0.17031327697662854 -0.24486940298507465 -0.2110039705048213 -0.2647512762673632 -0.30619684082624543 -0.26250619118375434 -0.13316423589093213 -0.27002929563112976 -0.15380638490370943 -0.27592900721020525 -0.07232401157184185 -0.16957026713124274 -0.23157894736842097 -0.03720148805952238 -0.20428254984001967 -0.08862629246676515 -0.12182993535554451 -0.10970048070997165 -0.09672903143693522 -0.04980630879911455 -0.0601407549584133 -0.20297380221855085 -0.21417583717903205 -0.22713245278360694 -0.22568379737519928 -0.2138777494227731 -0.14326647564469913 -0.23099013609689104 -0.20125457396759017 -0.14157555368657135 -0.03630445668502754 -0.1533776925679486 -0.13372620126926563 -0.14487504527345166 -0.18843481333176304 -0.20598802395209584 -0.14798372179060304 -0.25198609731876864 -0.16409746394828445 -0.24040987913820286
0.0368052999631947 -0.1270805218173639 -0.18363182951711632 -0.07411696583671107 -0.14733616218764733 -0.10042533081285446 -0.10517304634951694 -0.11142061281337048 -0.09973149213655544 -0.03458771444382955 -0.061978244371363525 -0.24676276569753233 -0.2571428571428572 -0.22466422466422467 -0.21419518377693283 -0.19171684896153374 -0.15171331415119016 -0.2532128769563558 -0.14563106796116504 -0.15051090858878763 -0.2334779280428681 -0.6319427301900765 -1.2128861642024282 -0.4552515234795077 -0.3772132409545804 -0.28847375778370815 -0.18056293149229952 -0.29714285714285715 -0.12299465240641712 -0.23215573179524157 -0.2834787070292458 -2.805123947337208 -3.4111759799833195 -0.6732770228914188 -0.44636159039759943 -0.15041562211373533 -0.17283950617283952 -0.15376458112407212 -0.06432188312576981 -0.0014345144168698934 -0.23752670604499185 -0.6294265478638337 -0.6951501154734412 -0.4217969035718639 -0.38072942336126164 -0.23404255319148937 -0.1848261600103399 -0.17790382879979375 -0.17074784910655197 -0.1366642174871418 -0.1852312282446544 -0.2646921641791045 -0.2291548496880318 -0.2730618544461593 -0.3122721749696233 -0.2686973749380882 -0.14838300570703866 -0.26875557253853016 -0.16931627245702469 -0.2773155851358846 -0.08558341369334618 -0.18583042973286878 -0.24795321637426898 -0.07080283211328453 -0.21289687423086384 -0.1083210241260463 -0.13053207359522626 -0.12079378774805867 -0.10691103474608629 -0.06917542888765911 -0.07549584133077417 -0.22185508614585792 -0.22719204827831024 -0.23824219232193555 -0.24408193303078618 -0.22359946530562644 -0.1582160209293634 -0.2384817080784118 -0.20648196549921588 -0.15138772077375945 -0.04131196795192789 -0.16127213262659296 -0.1586582048957389 -0.1424604611855608 -0.19432340124838063 -0.20239520958083834 -0.1566161055617215 -0.23709036742800396 -0.16782695176529092 -0.2312138728323699
0.05520794994479204 -0.1349527665317139 -0.17796418045794604 -0.07411696583671104 -0.13437057991513437 -0.10042533081285446 -0.08316008316008316 -0.10415405110815065 -0.08566679452755402 -0.02213613724405091 -0.05818365798128004 -0.23576838504764228 -0.2630952380952381 -0.21489621489621488 -0.20152091254752852 -0.18680103232149442 -0.13340308658121894 -0.23285405267845785 -0.1403831015481501 -0.14498757249378624 -0.2245470783363103 -0.6245371513206616 -1.1780262050727253 -0.42657426215796396 -0.34770336156017445 -0.27068242470453674 -0.16330323951141795 -0.27936507936507937 -0.10828877005347595 -0.2162941600576785 -0.30913288866085176 -3.4218953860751986 -3.593470749434052 -0.6732770228914188 -0.4326081520380095 -0.14645731626863703 -0.16049382716049385 -0.14581124072110288 -0.06705898453537704 0.0028690288337397786 -0.27145909262284784 -0.7779300891021247 -0.8498845265588914 -0.4376447641106912 -0.38072942336126164 -0.2252816020025031 -0.1770712162336823 -0.16501224700270725 -0.16545334215751162 -0.12490815576781777 -0.19766285430134262 -0.2705223880597015 -0.2314237095859331 -0.2849341089872967 -0.31591737545565 -0.2786032689450223 -0.1572606214331008 -0.26748184944593045 -0.1848261600103399 -0.2634498058790904 -0.0819672131147541 -0.1951219512195122 -0.23625730994152044 -0.0816032641305652 -0.20305193206989908 -0.1120137863121615 -0.11188463451019393 -0.1257241464316529 -0.0890925289550719 -0.06087437742114001 -0.07293666026871401 -0.24427661080953503 -0.22245888060584548 -0.2616960869028515 -0.22691033975223843 -0.2442581115566898 -0.12457954403886881 -0.2384817080784118 -0.18034500784108726 -0.15138772077375945 -0.043815723585378066 -0.16916657268523738 -0.15979147778785133 -0.15936254980079684 -0.186079378165116 -0.20958083832335328 -0.147983721790603 -0.22964250248262164 -0.16907011437095976 -0.22727272727272724
0.05398110661268555 -0.13157894736842102 -0.17116300158694173 -0.07759119861030687 -0.13437057991513437 -0.08979206049149338 -0.08560596795890914 -0.09446530216785759 -0.0946170566423731 -0.002767017155506367 -0.06324310650139135 -0.24065477644759342 -0.2642857142857143 -0.20879120879120877 -0.19391634980988592 -0.1818852156814551 -0.1164007324091028 -0.22394706705687745 -0.1298871687221202 -0.14498757249378622 -0.2130645572850217 -0.5986176252777092 -1.1335497054934487 -0.3728043971800693 -0.30921221452399283 -0.2503494726140551 -0.13940520446096655 -0.2628571428571429 -0.09491978609625669 -0.19610670511896178 -0.3399179066187789 -3.9105681413829907 -3.6935541522697486 -0.6390011017260375 -0.41385346336584145 -0.13986013986013984 -0.14540466392318246 -0.14846235418875928 -0.07663883946900232 0.0014345144168698893 -0.3167022747266558 -1.0589444825222756 -1.061200923787529 -0.4608070218212849 -0.39797930014785604 -0.22778473091364204 -0.18870363189866873 -0.16372308882299852 -0.17471872931833227 -0.1307861866274798 -0.19393336648433618 -0.26935634328358204 -0.234826999432785 -0.30274249079900273 -0.3001215066828675 -0.274888558692422 -0.1306277742549144 -0.2560183416125334 -0.15509887553315238 -0.2606766500277315 -0.09040501446480231 -0.19976771196283394 -0.23625730994152044 -0.08640345613824552 -0.19197637213881366 -0.11816838995568686 -0.10069617105917454 -0.1343522741279428 -0.07636502481863307 -0.05949086884338682 -0.08061420345489442 -0.25607741326410194 -0.23192521595077506 -0.2839155659795087 -0.23058996688335584 -0.2637015433223964 -0.12084215771770272 -0.24472468472967907 -0.18165185572399373 -0.16260162601626016 -0.03880821231847772 -0.1702943498364723 -0.16545784224841342 -0.16298442593263313 -0.1731244847485573 -0.20718562874251498 -0.1282525588851893 -0.21722939424031779 -0.16036797613127798 -0.2233315817130846
0.05030057661636609 -0.12932973459289246 -0.16322829290410337 -0.0914881297046902 -0.12965582272512965 -0.08506616257088846 -0.08805185275773511 -0.09688748940293086 -0.10356731875719219 0.005534034311012731 -0.05691879585125222 -0.24554116784754462 -0.2416666666666666 -0.20146520146520147 -0.17490494296577944 -0.17574044488140594 -0.12032435260266808 -0.21758493447003438 -0.12726318551561272 -0.1463684065175366 -0.2015820362337331 -0.5714638360898544 -1.055415314340666 -0.3190345322021747 -0.283551449833205 -0.23382894904053875 -0.13276686139139673 -0.2501587301587302 -0.09224598930481284 -0.17303532804614274 -0.3745510518214469 -4.288933697070335 -3.720957941141427 -0.6145183008936221 -0.4026006501625406 -0.13590183401504155 -0.1646090534979424 -0.14713679745493108 -0.09579854933625291 0.0071725720843494505 -0.36194545683046375 -1.4736120630568883 -1.3337182448036953 -0.48518834572717295 -0.4164613109906357 -0.2340425531914893 -0.21584593511697037 -0.1727471960809591 -0.19589675711449372 -0.1396032329169728 -0.21009448035803083 -0.2915111940298507 -0.26545660805445265 -0.3158019707942539 -0.29769137302551635 -0.27984150569588906 -0.12048192771084336 -0.2649344032607311 -0.14992891301538064 -0.26483638380476987 -0.0976374156219865 -0.22067363530778167 -0.24678362573099416 -0.10440417616704667 -0.1907457543686931 -0.13417035942885275 -0.10069617105917453 -0.1491433501787255 -0.08400152730049637 -0.07747648035417819 -0.0818937939859245 -0.2619778144913854 -0.24139155129570464 -0.28885322799654356 -0.22568379737519934 -0.2661319722931097 -0.11835056683692538 -0.2522162567111999 -0.17642446419236796 -0.1583964115503224 -0.043815723585378066 -0.16352768692906278 -0.16885766092475069 -0.1702281781963057 -0.16723589683193968 -0.19760479041916168 -0.13071895424836602 -0.20481628599801388 -0.16285430134261564 -0.21282186022070415
0.03312476996687524 -0.12820512820512817 -0.1858988891407844 -0.0903300521134916 -0.144978783592645 -0.08152173913043478 -0.10761893114834291 -0.08356545961002786 -0.12658227848101267 0.017985611510791373 -0.06956741715153049 -0.249205961397508 -0.23928571428571427 -0.18803418803418803 -0.16730038022813684 -0.16467985744131747 -0.12163222600052312 -0.21249522840055984 -0.1338231435318814 -0.13808340237503453 -0.2066853789231947 -0.5344359417427794 -0.8907320591417239 -0.2616800095590871 -0.2745701821914293 -0.23382894904053875 -0.13409453000531069 -0.25142857142857145 -0.0962566844919786 -0.1788031723143475 -0.41559774243201647 -4.497687107104733 -3.6625759561539377 -0.5643285591871711 -0.41385346336584145 -0.1253463517614461 -0.18381344307270234 -0.13255567338282076 -0.11906391131791431 0.018648687419308564 -0.41472916928490644 -2.0230751656385655 -1.645496535796767 -0.5022552724612946 -0.4324790537210449 -0.23779724655819773 -0.22877084141139975 -0.18177130333891967 -0.22634017207147586 -0.14548126377663484 -0.22874191944306319 -0.32299440298507465 -0.3108338060124788 -0.33004867624361867 -0.31470230862697446 -0.29222387320455673 -0.12682308180088775 -0.27767163418672774 -0.16026883805092412 -0.27870216306156403 -0.11692381870781099 -0.22764227642276422 -0.2748538011695906 -0.10560422416896675 -0.20920502092050208 -0.13417035942885278 -0.1218299353555445 -0.14421299149513125 -0.11582028764159347 -0.08024349750968456 -0.10492642354446577 -0.27613877743686566 -0.273340433084842 -0.29255647450931976 -0.23426959401447323 -0.26977761574917974 -0.13330011212158963 -0.26095642402297414 -0.19472033455305798 -0.16540510232688535 -0.05758637956935404 -0.15112213826547877 -0.17452402538531278 -0.16539901002052398 -0.17194676716523377 -0.19281437125748507 -0.13565174497471943 -0.20605759682224428 -0.1703132769766286 -0.21413557540725173
0.03067108330266226 -0.13157894736842102 -0.17569712083427794 -0.10422698320787491 -0.1544082979726544 -0.08152173913043478 -0.11740247034364681 -0.0811432723749546 -0.1304181051016494 0.009684560044272275 -0.07336200354161396 -0.2528707549474713 -0.2285714285714286 -0.17704517704517705 -0.1596958174904943 -0.15730613248125846 -0.12294009939837822 -0.21122280188319126 -0.13775911834164262 -0.13808340237503453 -0.2028578719060985 -0.42335225870155513 -0.6070441158793123 -0.20432548691599955 -0.25532460867333845 -0.2071419494217816 -0.1248008497079129 -0.2285714285714286 -0.08689839572192512 -0.1658255227108868 -0.41046690610569525 -4.457359743802632 -3.127606338615513 -0.5006732770228913 -0.4176044011002751 -0.11874917535294896 -0.18381344307270234 -0.1193001060445387 -0.13138086766114682 0.02582125950365801 -0.4486615558627623 -2.6228010052547406 -1.9699769053117784 -0.5132268682189444 -0.43494332183341544 -0.2277847309136421 -0.23006333204084267 -0.17145803790125047 -0.24090006618133683 -0.1351947097722263 -0.23744405768274493 -0.3603078358208955 -0.37663074305161653 -0.35379318532589343 -0.3341433778857837 -0.2934621099554235 -0.1306277742549144 -0.27257674181632907 -0.16414630993925294 -0.2773155851358846 -0.12536162005785922 -0.24506387921022066 -0.287719298245614 -0.12960518420736827 -0.21043563869062268 -0.13540128015755787 -0.12804574838388863 -0.14174781215333415 -0.10945653557337405 -0.08301051466519091 -0.12284069097888677 -0.2926599008732593 -0.27807360075730686 -0.2937908900135785 -0.2526677296700601 -0.25397982743954306 -0.15074124828703125 -0.24722187539018609 -0.20648196549921588 -0.16400336417157277 -0.055082623935903866 -0.15788880117288825 -0.17112420670897552 -0.1593625498007968 -0.17665763749852786 -0.18922155688622758 -0.130718954248366 -0.2035749751737835 -0.16534062655395326 -0.21413557540725173
0.022083179977916815 -0.1349527665317139 -0.1643618227159374 -0.08685581933989577 -0.15912305516265912 -0.06379962192816635 -0.1284089519383637 -0.06176577449436841 -0.14192558496355964 0.030437188710570006 -0.07589172780166961 -0.2455411678475446 -0.20952380952380953 -0.1428571428571429 -0.1482889733840304 -0.13518495760108148 -0.13078733978550877 -0.19340883064003053 -0.14563106796116504 -0.11046672190002763 -0.17989282980352134 -0.2986916810664033 -0.4351484553431903 -0.15772493726849088 -0.2386451116243264 -0.17283009276909386 -0.1168348380244291 -0.19555555555555554 -0.07887700534759358 -0.13987022350396539 -0.40277065161621345 -4.202348475862886 -2.5568926486357677 -0.40151793365160976 -0.4001000250062516 -0.06729119936667106 -0.1769547325102881 -0.07555673382820785 -0.12864376625153962 0.06885669200975471 -0.47882367726530095 -2.8592643363034043 -2.241339491916859 -0.497379007680117 -0.45096106456382457 -0.2077596996245307 -0.2610831071474732 -0.15212066520562073 -0.2753143613500993 -0.11609110947832477 -0.24490303331675783 -0.558535447761194 -0.5660805445263755 -0.387035498041078 -0.3377885783718104 -0.29098563645368997 -0.12935954343690553 -0.2611132339829321 -0.1654388005686959 -0.2689961175818081 -0.13862102217936356 -0.26016260162601623 -0.3017543859649122 -0.12600504020160808 -0.22397243416194929 -0.11816838995568686 -0.14172053704624565 -0.12202637741895721 -0.11963853888252511 -0.06640841173215276 -0.13307741522712732 -0.32098182676421994 -0.2863566441841202 -0.2814467349709912 -0.2563473568011775 -0.24304289707133306 -0.15198704372741995 -0.2334873267573979 -0.19733403031887087 -0.13877207737594618 -0.05758637956935403 -0.1635276869290628 -0.16432456935630096 -0.14366775322950617 -0.17547991991520434 -0.1784431137724551 -0.13071895424836605 -0.19240317775571006 -0.16409746394828445 -0.2049395691014188
0.02576370997423629 -0.13945119208277099 -0.15302652459759694 -0.08106543138390272 -0.1603017444601603 -0.051984877126654075 -0.1271860095389507 -0.0544992127891486 -0.1355325405958317 0.04288876591034864 -0.0708322792815583 -0.2589787441974102 -0.18333333333333332 -0.13431013431013433 -0.13307984790874525 -0.1278112326410225 -0.12294009939837824 -0.18831912457055608 -0.13907110994489638 -0.11322838994752833 -0.15310028068384793 -0.20488768205381386 -0.2560403894698882 -0.13980164894252597 -0.214267385168078 -0.17028847375778366 -0.09691980881571957 -0.19936507936507936 -0.06283422459893048 -0.1514059120403749 -0.3848127244740892 -3.828727315858142 -1.9802216132491364 -0.323172970987881 -0.37509377344336087 -0.044860799577780705 -0.15775034293552812 -0.05434782608695653 -0.11495825920350349 0.08607086501219338 -0.48510745255749654 -2.939227781585561 -2.4468822170900695 -0.4925027428989394 -0.45835386890093643 -0.21401752190237797 -0.2765929947007884 -0.1637230888229986 -0.29649238914626075 -0.12049963262307128 -0.2399303828940825 -0.7824160447761195 -0.8893930799773113 -0.43571174165974125 -0.33900364520048604 -0.29470034670629025 -0.114140773620799 -0.2623869570755318 -0.15768385679203825 -0.26760953965612866 -0.1446480231436837 -0.29036004645760743 -0.31695906432748533 -0.13920556822272895 -0.2288949052424317 -0.13047759724273758 -0.13674788662357035 -0.12572414643165292 -0.1158202876415935 -0.06087437742114001 -0.13307741522712732 -0.34576351191881044 -0.2993728552833984 -0.27527465744969754 -0.2588004415552557 -0.23696682464454982 -0.14077488476392178 -0.23223873142714443 -0.18426555148980658 -0.12615643397813292 -0.0513269904857286 -0.20074433291981503 -0.1529918404351768 -0.15694796571290595 -0.16252502649864564 -0.18443113772455091 -0.10605500061659885 -0.20233366434955316 -0.14793635007458975 -0.21676300578034682
0.03067108330266225 -0.13832658569500672 -0.12808886873724776 -0.08453966415749856 -0.15676567656765678 -0.053166351606805294 -0.13207777913660265 -0.0581324936417585 -0.14192558496355961 0.030437188710570006 -0.07336200354161396 -0.2650867334473491 -0.15833333333333335 -0.11721611721611722 -0.12167300380228137 -0.12043750768096351 -0.10724561862411719 -0.1832294185010816 -0.12726318551561272 -0.11322838994752833 -0.13651441694309774 -0.1444087879535917 -0.16949152542372883 -0.12904767594694705 -0.19758788811906597 -0.16520523573516327 -0.08497079129049388 -0.19301587301587297 -0.05213903743315508 -0.15428983417447728 -0.3488968701898409 -3.29498280156565 -1.4285714285714284 -0.27053494919818827 -0.347586896724181 -0.01979152922549149 -0.13443072702331962 -0.023860021208907737 -0.11222115779389626 0.09037440826280305 -0.47882367726530095 -2.934658441855152 -2.569284064665127 -0.4925027428989394 -0.45588960078856583 -0.2127659574468085 -0.26883805092413077 -0.15727729792445533 -0.2872270019854401 -0.11168258633357826 -0.24863252113376427 -0.9596548507462688 -1.4044242768009076 -0.53068977798884 -0.34264884568651277 -0.3107974244675582 -0.1192136968928345 -0.2662081263533308 -0.16802378182758176 -0.2731558513588464 -0.14946962391513982 -0.30894308943089427 -0.34853801169590637 -0.16080643225729033 -0.2362786118631553 -0.1292466765140325 -0.13550472401790153 -0.12449155676075434 -0.12218403970981291 -0.06225788599889319 -0.1343570057581574 -0.34812367240972386 -0.32067210980948996 -0.2900876435008024 -0.2575738991782166 -0.25276461295418645 -0.14451227108508785 -0.2272443501061306 -0.18687924725561944 -0.12335295766750771 -0.0701051577366049 -0.22104432164204352 -0.14165911151405258 -0.1521187975371242 -0.17430220233188082 -0.17724550898203595 -0.11592058206930571 -0.19240317775571006 -0.15415216310293384 -0.2023121387283237
0.04293951662372715 -0.14507422402159242 -0.111085921559737 -0.07411696583671107 -0.14262140499764261 -0.04725897920604914 -0.12107129754188577 -0.05207702555407532 -0.12530366960746708 0.042888765910348646 -0.05818365798128004 -0.26020034204739806 -0.15000000000000002 -0.10378510378510378 -0.1026615969581749 -0.11429273688091435 -0.07847240387130525 -0.1781397124316071 -0.11545526108632906 -0.11599005799502901 -0.09568767542740494 -0.09627252530239447 -0.11660055295107583 -0.11829370295136814 -0.16807800872466 -0.16012199771254285 -0.07169410515135421 -0.17904761904761904 -0.03475935828877005 -0.13554434030281182 -0.28476141611082606 -2.66041987901791 -0.9710473013225306 -0.22891418778308234 -0.30757689422355583 0.0013194352816994325 -0.08641975308641976 0.007953340402969248 -0.07800739017380594 0.1075885812652417 -0.456202086213397 -2.893534384281471 -2.590069284064665 -0.48153114714128986 -0.45096106456382457 -0.21151439299123903 -0.244280728964715 -0.154698981565038 -0.27134348113831896 -0.10433504775900075 -0.23247140726006962 -1.1392257462686568 -2.1123085649461144 -0.6209189125014841 -0.3511543134872418 -0.32070331847449235 -0.114140773620799 -0.26748184944593045 -0.15380638490370943 -0.271769273433167 -0.13862102217936356 -0.3344947735191637 -0.39064327485380107 -0.1800072002880115 -0.24120108294363768 -0.11816838995568686 -0.12928891098955744 -0.11216566005176876 -0.10818378515973018 -0.04012174875484227 -0.13179782469609727 -0.3469435921642672 -0.3348716128268844 -0.2888532279965436 -0.2563473568011775 -0.2576254708956131 -0.13080852124081227 -0.22349856411537022 -0.16466283324621014 -0.12335295766750771 -0.045067601402103155 -0.23683320175933237 -0.12805983680870353 -0.14728962936134252 -0.1601695913319986 -0.17485029940119762 -0.09742261684548034 -0.18867924528301888 -0.12928891098955744 -0.1931161324224908
0.057661636609005015 -0.14394961763382813 -0.09975062344139651 -0.06137811233352636 -0.12847713342762848 -0.031899810964083175 -0.1088418735477559 -0.041177182996245607 -0.11123897199846569 0.0539568345323741 -0.03921072603086263 -0.2699731248473003 -0.1416666666666667 -0.09645909645909645 -0.09759188846641317 -0.10446110360083569 -0.06408579649489929 -0.17050515332739535 -0.11545526108632906 -0.1132283899475283 -0.07527430466955856 -0.08763268328807702 -0.09376126938333935 -0.10634484406739157 -0.15268154991018731 -0.16266361672385304 -0.057089750398300575 -0.18666666666666668 -0.021390374331550797 -0.13987022350396539 -0.22190867111339146 -2.038904044597319 -0.6469677111878946 -0.19463826661770106 -0.26881720430107525 0.013194352816994326 -0.03703703703703702 0.017232237539766704 -0.05063637607773368 0.11189212451585137 -0.4436345356290058 -2.754169522503998 -2.5323325635103924 -0.4839692795318785 -0.4657466732380483 -0.2052565707133917 -0.2520356727413726 -0.1469640324867861 -0.2753143613500993 -0.09404849375459222 -0.21879661859771254 -1.2348414179104479 -2.8451503119682355 -0.7515137124539951 -0.36695018226002435 -0.34175334323922735 -0.1090678503487635 -0.2891351420201248 -0.13958898797983715 -0.2911813643926789 -0.1205400192864031 -0.3554006968641114 -0.45029239766081874 -0.2124084963398536 -0.2448929362539995 -0.11693746922698178 -0.11934361014420687 -0.11339824972266732 -0.09545628102329132 -0.030437188710570003 -0.11900191938579655 -0.35166391314609396 -0.3348716128268844 -0.30613504505616584 -0.25389427204709925 -0.26005589986632643 -0.13330011212158963 -0.22599575477587716 -0.16989022477783586 -0.12054948135688255 -0.037556334501752636 -0.2526220818766212 -0.12352674524025387 -0.1509115054931788 -0.1601695913319986 -0.17964071856287425 -0.09002343075595018 -0.2048162859980139 -0.1205867727498757 -0.20888071466106148
0.053981106612685556 -0.14507422402159242 -0.11902063024257539 -0.04979733642154026 -0.1272984441301273 -0.02835538752362949 -0.10884187354775592 -0.038754995761172334 -0.11123897199846566 0.06225788599889319 -0.03541613964077915 -0.27608111409723923 -0.14523809523809525 -0.10012210012210013 -0.08871989860583016 -0.11183482856089469 -0.056238556107768754 -0.18450184501845018 -0.10627131986355287 -0.10632421982877657 -0.05486093391171217 -0.07158726240434463 -0.09135713427094604 -0.09200621340661966 -0.13600205286117525 -0.17028847375778372 -0.027881040892193305 -0.19682539682539682 -0.0026737967914438497 -0.1384282624369142 -0.18214468958440228 -1.4067133198908786 -0.4396520910282378 -0.15668992532745746 -0.2575643910977744 0.017152658662092625 -0.021947873799725653 0.03181336161187699 -0.042425071848912 0.11476115334959117 -0.39462108834988063 -2.605665981265707 -2.3856812933025404 -0.4827502133365841 -0.45835386890093643 -0.2127659574468085 -0.23394080392917155 -0.15212066520562073 -0.26207809397749837 -0.0852314474650992 -0.20512182993535558 -1.3036380597014925 -3.4339194554736245 -0.9628398432862401 -0.38517618469015796 -0.3801386825160971 -0.09511731135066581 -0.3247993886129156 -0.11761664727930721 -0.3258458125346645 -0.12656702025072325 -0.3797909407665505 -0.5847953216374269 -0.297611904476179 -0.2744277627368939 -0.14032496307237813 -0.13053207359522628 -0.12572414643165292 -0.10818378515973018 -0.04565578306585501 -0.11772232885476648 -0.3540240736370074 -0.33368832090876815 -0.32341686211578813 -0.2600269839322949 -0.26005589986632643 -0.13703749844275573 -0.23723311274815834 -0.16989022477783586 -0.12195121951219515 -0.031296945418127185 -0.2571331904815609 -0.14052583862194018 -0.14970421344923338 -0.1613473089153221 -0.18922155688622752 -0.08755703539277346 -0.21226415094339623 -0.11312779711586277 -0.20888071466106145
0.06993006993006992 -0.15856950067476377 -0.12922239854908185 -0.05327156919513607 -0.11551155115511551 -0.050803402646502835 -0.09538950715421304 -0.06661014896451495 -0.10101010101010102 0.034587714443829555 -0.03162155325069567 -0.2650867334473492 -0.14999999999999997 -0.07814407814407812 -0.07984790874524715 -0.1007742411208062 -0.05493068270991368 -0.18195699198371293 -0.10233534505379165 -0.09665838166252416 -0.049757591222250576 -0.08516415699827203 -0.09135713427094604 -0.09439598518341497 -0.14113420579933283 -0.1855381878256449 -0.043813064259160914 -0.20825396825396822 -0.018716577540106954 -0.1499639509733237 -0.11416110826064649 -0.9002490807733363 -0.2811867032050518 -0.13832782470314606 -0.23505876469117276 0.006597176408497163 -0.010973936899862827 0.02518557794273595 -0.021896811276857803 0.11619566776646104 -0.3456076410707553 -2.309801233721727 -2.1651270207852193 -0.4669023527977568 -0.4361754558896008 -0.20275344180225283 -0.22618586015251396 -0.1392290834085342 -0.2554599602911979 -0.06612784717119766 -0.21631029338637497 -1.3421175373134329 -3.829835507657402 -1.215718865012466 -0.4459295261239369 -0.40861812778603274 -0.14204185161699429 -0.34135778881671125 -0.16414630993925292 -0.3313921242373822 -0.12656702025072325 -0.4076655052264808 -0.7543859649122806 -0.422416896675867 -0.3187300024612355 -0.16001969473165928 -0.1541521631029339 -0.13805004314063848 -0.1298205421916762 -0.06225788599889319 -0.11644273832373642 -0.3504838329006373 -0.3348716128268844 -0.3258856931243056 -0.26370661106341226 -0.2491189694981164 -0.13205431668120096 -0.23223873142714443 -0.16074228959749087 -0.11914774320156996 -0.032548823234852274 -0.2695387391451449 -0.15979147778785133 -0.16056984184474224 -0.1778353550818514 -0.20359281437125748 -0.09988901220865706 -0.2284011916583913 -0.11810044753853806 -0.21544929059379925
0.07238375659428291 -0.14507422402159242 -0.14509181591475856 -0.0347423277359583 -0.1166902404526167 -0.030718336483931952 -0.09049773755656107 -0.05086593193653869 -0.08950262114819078 0.0539568345323741 -0.04047558816089046 -0.249205961397508 -0.16428571428571428 -0.05982905982905982 -0.08618504435994931 -0.09217156200073738 -0.05493068270991368 -0.18068456546634432 -0.0970873786407767 -0.09251587959127314 -0.042102577188058175 -0.07282152554924709 -0.09616540449573266 -0.0764726968574501 -0.14113420579933283 -0.1677468547464735 -0.049123738714816775 -0.19047619047619047 -0.0213903743315508 -0.14419610670511895 -0.0538737814263725 -0.4886727553077927 -0.16918860955558207 -0.09425878320479862 -0.21130282570642658 0.03034701147908695 0.020576131687242795 0.04374337221633086 0.004105652114410841 0.13914789843637926 -0.285283398265678 -1.874571624400274 -1.8729792147806006 -0.41570157259539187 -0.41522917693445055 -0.17521902377972468 -0.19258110378699755 -0.11215676163465257 -0.21839841164791532 -0.03967670830271859 -0.195176529090005 -1.3234608208955225 -4.023823028927963 -1.5054018758162175 -0.47509113001215064 -0.4073798910351659 -0.1471147748890298 -0.3388103426315119 -0.16802378182758176 -0.32861896838602334 -0.13379942140790743 -0.4006968641114982 -0.9251461988304094 -0.6048241929677187 -0.38149150873738624 -0.1464795667159035 -0.17155643958229738 -0.11216566005176878 -0.1463662975690467 -0.031820697288323194 -0.12028150991682662 -0.34694359216426723 -0.33960478049934917 -0.33082335514134054 -0.28701091622715563 -0.23696682464454977 -0.14202068020431047 -0.2272443501061306 -0.16074228959749082 -0.11634426689094476 -0.03254882323485229 -0.26728318484267516 -0.1745240253853128 -0.1593625498007968 -0.18961253091508656 -0.20119760479041915 -0.10728819829818718 -0.2358490566037736 -0.12058677274987568 -0.2233315817130846
0.07483744325849588 -0.14282501124606387 -0.15416005440943095 -0.02316155182397221 -0.11786892975011787 -0.02717391304347826 -0.07826831356243122 -0.05934358725929514 -0.08055235903337171 0.05257332595462092 -0.027826966860612194 -0.2284387979477156 -0.17023809523809524 -0.03785103785103785 -0.08745247148288975 -0.07496620376059973 -0.05231493591420351 -0.1628705942231836 -0.09052742062450803 -0.08285004142502071 -0.017861699413115585 -0.06665020982473462 -0.09736747205192933 -0.03465169076353208 -0.12573774698486015 -0.1448722836446817 -0.03186404673393521 -0.16634920634920633 -0.009358288770053475 -0.1240086517664023 -0.0064135454079014805 -0.23959198197129639 -0.09770046467294173 -0.05263802178969275 -0.1837959489872468 0.036944187887584114 0.053497942386831275 0.04506892895015907 0.03284521691528671 0.1377133840195094 -0.21867538016840515 -1.3125428375599726 -1.5288683602771358 -0.37669145434597096 -0.39551503203548555 -0.1677096370463079 -0.16931627245702469 -0.09926517983756607 -0.1826604897418928 -0.029390154298310073 -0.17404276479363504 -1.2791511194029852 -4.206466250709019 -1.8093315920693338 -0.4993924665856623 -0.39375928677563155 -0.14711477488902983 -0.31460960387211817 -0.1654388005686959 -0.3036605657237937 -0.13018322082931533 -0.4076655052264808 -1.0912280701754384 -0.9276371054842194 -0.4257937484617278 -0.16125061546036437 -0.16409746394828445 -0.11832860840626155 -0.14000254550082727 -0.030437188710570006 -0.11004478566858604 -0.3398631106915271 -0.34433794817181396 -0.33082335514134054 -0.30908867901385995 -0.23089075221776642 -0.15074124828703128 -0.21600699213384938 -0.16204913748039726 -0.09391645640594339 -0.017526289434151222 -0.2560054133303259 -0.17225747960108792 -0.1666063020644694 -0.1907902484984101 -0.19161676646706585 -0.10852139597977555 -0.2184707050645482 -0.11934361014420687 -0.21413557540725167
0.08710587657956079 -0.13045434098065675 -0.15416005440943098 -0.01621308627678054 -0.11433286185761433 -0.02126654064272212 -0.055032407973584455 -0.05449921278914861 -0.05625879043600561 0.06087437742114001 -0.013913483430306095 -0.2137796237478622 -0.17261904761904762 -0.045177045177045176 -0.07731305449936629 -0.08111097456064889 -0.031388961548522096 -0.1577808881537091 -0.07347152978220942 -0.08837337752002208 0.0038275070170962024 -0.06418168353492963 -0.09616540449573266 -0.04062612020552037 -0.11162432640492688 -0.15376795018426737 -0.019915029208709505 -0.17523809523809525 -0.006684491978609626 -0.13266041816870944 0.02565418163160595 -0.13402917803344797 -0.06433933039437627 -0.014689680499449137 -0.1450362590647662 0.05805515239477503 0.09053497942386832 0.062301166489925765 0.07800739017380595 0.1491894993544685 -0.15709438230488879 -0.6911126342243546 -1.1709006928406462 -0.3620626600024381 -0.381961557417447 -0.1902377972465582 -0.15509887553315238 -0.11602423617377852 -0.1667769688947717 -0.049963262307127124 -0.1553953257086027 -1.244169776119403 -4.22688598979013 -2.097827377418972 -0.5212636695018226 -0.4061416542842992 -0.14711477488902983 -0.31715705005731754 -0.16285381930981002 -0.30504714364947305 -0.11571841851494695 -0.39953542392566777 -1.222222222222222 -1.4184567382695308 -0.4934777258183609 -0.1772525849335303 -0.15539532570860268 -0.12449155676075437 -0.1298205421916762 -0.031820697288323194 -0.09724888035828534 -0.34458343167335387 -0.338421488581233 -0.3616837427478089 -0.31767447565313384 -0.24911896949811646 -0.14326647564469913 -0.22849294543638407 -0.15812859383167796 -0.10653209980375666 -0.008763144717075616 -0.24698319612044656 -0.17452402538531278 -0.2112761076904503 -0.1907902484984101 -0.19999999999999998 -0.11345418670612899 -0.21474677259185698 -0.11810044753853806 -0.2180767209668944
0.08465218991534781 -0.11021142600089968 -0.15756064384493312 -0.020845396641574983 -0.11197548326261197 -0.017722117202268434 -0.04769475357710652 -0.05571030640668524 -0.044751310574095385 0.058107360265633644 -0.01770806982038958 -0.20034204739799658 -0.16904761904761906 -0.06593406593406594 -0.06590621039290241 -0.07988202040063906 -0.01961810096782631 -0.14887390253212876 -0.06166360535292574 -0.08285004142502071 0.019137535085480994 -0.048136262651197234 -0.07693232359658612 -0.06093918030828056 -0.08596356171413908 -0.17028847375778372 -0.005310674455655867 -0.18666666666666668 -0.0026737967914438523 -0.1384282624369142 0.039763981528989224 -0.132843079112798 -0.05242463958060288 -0.022034520749173704 -0.1325331332833208 0.044860799577780705 0.10150891632373113 0.046394485683987276 0.08621869440262762 0.12623726868455026 -0.11813497549327634 -0.40552890107379486 -0.8498845265588914 -0.3510910642447885 -0.3499260719566289 -0.19148936170212766 -0.1305415535737366 -0.11215676163465256 -0.14427531436135013 -0.05143277002204262 -0.13426156141223272 -1.0307835820895523 -4.030629608621667 -2.1049507301436545 -0.5759416767922235 -0.42471520554730063 -0.14584654407102093 -0.3222519424277162 -0.16156132868036707 -0.31475318912922906 -0.11330761812921888 -0.38908246225319393 -1.230409356725146 -1.8504740189607585 -0.8368200836820086 -0.2375677006400788 -0.16285430134261564 -0.1553062985332183 -0.13745704467353953 -0.06087437742114001 -0.11516314779270634 -0.3150814255369365 -0.3431546562536978 -0.40612270090112323 -0.35815037409542494 -0.2637015433223964 -0.1569702254889747 -0.23099013609689095 -0.1711970726607423 -0.11914774320156996 -0.0037556334501752642 -0.23232209315439264 -0.1779238440616501 -0.21610527586623202 -0.20727829466493936 -0.21197604790419158 -0.10728819829818721 -0.21350546176762664 -0.10566882148184983 -0.21939043615344192
0.0772911299227089 -0.10458839406207827 -0.16662888233960552 -0.027793862188766644 -0.12022630834512023 -0.028355387523629493 -0.056255350372997434 -0.05571030640668524 -0.060094617056642374 0.048422800221361376 -0.024032380470528712 -0.18323967749816758 -0.17857142857142858 -0.09157509157509157 -0.06463878326996197 -0.08602679120068822 -0.02223384776353649 -0.15014632904949737 -0.06166360535292574 -0.08699254349627175 0.0076550140341924006 -0.020982473463342376 -0.08534679648996273 -0.07527781096905246 -0.09879394405953298 -0.17791333079171434 -0.03053637812002124 -0.1803174603174603 -0.02005347593582888 -0.12833453496755587 0.04489481785531041 -0.1280986834301981 -0.0559990468247349 -0.035500061207002075 -0.1350337584396099 0.032985882042485815 0.10013717421124828 0.034464475079533395 0.08485014369782401 0.1133266389327213 -0.09174311926605505 -0.267306374228924 -0.5889145496535797 -0.34255760087772763 -0.32405125677673735 -0.17647058823529413 -0.1240791004265219 -0.08508443986077091 -0.12574454003970884 -0.030859662013225563 -0.12804574838388863 -0.7905783582089552 -3.6971072036301758 -2.0954529265107444 -0.637910085054678 -0.44081228330856864 -0.16740646797717185 -0.3171570500573175 -0.16285381930981 -0.31475318912922906 -0.10969141755062681 -0.37514518002322883 -1.2432748538011693 -2.275291011640465 -1.3819837558454346 -0.28680452978828164 -0.19144704127299855 -0.16763219524220388 -0.16163930253277334 -0.0774764803541782 -0.11900191938579655 -0.28793957989143265 -0.332505028990652 -0.45303049006295515 -0.40598552679995087 -0.2770689026613197 -0.17814874797558242 -0.22349856411537022 -0.1803450078410873 -0.12615643397813286 -0.007511266900350528 -0.20863877297845948 -0.19378966455122396 -0.2233490281299046 -0.24025438699799792 -0.22634730538922154 -0.13441854729313107 -0.20357497517378356 -0.11934361014420687 -0.21676300578034682
0.08955956324377379 -0.08434547908232118 -0.1836318295171163 -0.025477707006369428 -0.12965582272512965 -0.022448015122873345 -0.05014063837593249 -0.03754390214363571 -0.04986574606827772 0.06087437742114001 -0.0139134834303061 -0.16735890544832643 -0.18095238095238095 -0.10622710622710622 -0.06844106463878327 -0.0737372496005899 -0.0313889615485221 -0.13487721084107393 -0.06822356336919443 -0.06904170118751725 0.021689206430211792 -0.0012342631449024915 -0.06971991825940618 -0.0824471262994384 -0.07954837054144213 -0.17028847375778372 -0.014604354753053633 -0.16126984126984126 -0.010695187165775402 -0.10814708002883922 0.05259107234479221 -0.11505159530304827 -0.0714881448826403 -0.04284490145672665 -0.14003500875218805 0.032985882042485815 0.08367626886145405 0.02916224814422057 0.07390173805939512 0.12049921101707073 -0.07791881362322482 -0.2113319625314142 -0.4053117782909931 -0.3145190783859564 -0.32405125677673735 -0.16145181476846057 -0.13829649735039423 -0.06832538352455846 -0.14295168762409002 -0.022042615723732548 -0.10442565887618101 -0.5900186567164178 -3.168462847419172 -2.0206577229015794 -0.675577156743621 -0.43709757305596825 -0.1648700063411541 -0.30059864985352186 -0.15509887553315238 -0.30088740987243484 -0.09643201542912247 -0.3623693379790941 -1.2210526315789474 -2.4672986919476783 -2.067437853802609 -0.35819793205317574 -0.2312282446544008 -0.19228398866017504 -0.17945780832378772 -0.09961261759822912 -0.11644273832373642 -0.27377861694595235 -0.3218554017276062 -0.4801876311566472 -0.4758984422911811 -0.2746384736906064 -0.18562352061791457 -0.21475839680359593 -0.18949294302143233 -0.11634426689094479 0.008763144717075611 -0.19397767001240557 -0.20738893925657303 -0.22334902812990465 -0.24260982216464494 -0.23592814371257487 -0.12331976815883586 -0.21226415094339623 -0.11437095972153158 -0.23121387283236997
0.07974481658692187 -0.08547008547008547 -0.18249829970528222 -0.038216560509554146 -0.132013201320132 -0.041351606805293005 -0.05136358077534549 -0.06176577449436842 -0.04091548395345864 0.034587714443829555 -0.021502656210473058 -0.169802101148302 -0.16785714285714287 -0.12210012210012211 -0.08238276299112801 -0.08479783704067838 -0.041851948731362804 -0.15141875556686601 -0.06822356336919443 -0.08837337752002208 0.0102066853789232 2.0816681711721684e-18 -0.06370958047842289 -0.0824471262994384 -0.10007698229407236 -0.1715592832634388 -0.027881040892193308 -0.1676190476190476 -0.022727272727272728 -0.11391492429704397 0.039763981528989224 -0.10200450717589846 -0.07267961396401765 -0.04284490145672665 -0.15503875968992248 0.03562475260588468 0.06310013717421124 0.027836691410392363 0.06569043383057342 0.12767178310142016 -0.08168907879854216 -0.15878455563171126 -0.3013856812933025 -0.2901377544800683 -0.32651552488910796 -0.16270337922403003 -0.16285381930981 -0.07734949078251903 -0.15751158173395105 -0.03526818515797208 -0.11685728493286922 -0.40345149253731344 -2.457175269427113 -1.9482369702006412 -0.7168894289185906 -0.44947994056463586 -0.19403931515535827 -0.2929563112979238 -0.1654388005686959 -0.29118136439267894 -0.09281581485053036 -0.3577235772357724 -1.1742690058479532 -2.5333013320532825 -2.7639675116908693 -0.48129000492368296 -0.2610641471904525 -0.23295944779982744 -0.18327605956471937 -0.13973436635307138 -0.1253998720409469 -0.2832192589096058 -0.2993728552833984 -0.5233921738057029 -0.550717527290568 -0.32324705310487306 -0.20680204310452224 -0.24847047072043954 -0.19864087820177734 -0.15138772077375945 -0.01627441161742614 -0.17931656704635163 -0.21192203082502264 -0.21610527586623202 -0.2732304793310564 -0.2479041916167665 -0.1566161055617215 -0.21598808341608738 -0.13674788662357035 -0.24303730951129793
0.06993006993006994 -0.07872244714349977 -0.17909771026978008 -0.03705848291835553 -0.1379066478076379 -0.05434782608695652 -0.05258652317475847 -0.06539905534697835 -0.038358266206367474 0.031820697288323194 -0.027826966860612194 -0.1624725140483753 -0.15 -0.12576312576312576 -0.08618504435994931 -0.0970873786407767 -0.035312581742087366 -0.161598167705815 -0.05510364733665705 -0.09942004971002485 0.015310028068384798 0.006171315724512469 -0.04207236446688303 -0.09559087107181265 -0.09879394405953297 -0.17918414029736943 -0.026553372278279343 -0.17396825396825394 -0.014705882352941176 -0.11535688536409516 0.028219599794766542 -0.08658522120744869 -0.07744549028952699 -0.03305178112376055 -0.18379594898724683 0.03958305845098298 0.02880658436213992 0.03048780487804878 0.03695086902969756 0.12623726868455026 -0.06283775292195551 -0.12222983778843957 -0.2448036951501155 -0.25600390101182496 -0.3191227205519961 -0.16395494367959948 -0.15639136616259533 -0.077349490782519 -0.1469225678358703 -0.0426157237325496 -0.09696668324216809 -0.2845149253731343 -1.6948383437322747 -1.8188293957022441 -0.7181044957472662 -0.4618623080733036 -0.19403931515535827 -0.28531397274232584 -0.16156132868036707 -0.28840820854132004 -0.10486981677917069 -0.3495934959349594 -1.102923976608187 -2.5225009000360012 -3.370662072360325 -0.6573116691285081 -0.31079065141720535 -0.2625415999013928 -0.21127656866488484 -0.15910348644161593 -0.1253998720409469 -0.2832192589096058 -0.29108981185658495 -0.5345019133440315 -0.6378020360603459 -0.3706404180337829 -0.21552261118724308 -0.2634536146834811 -0.19864087820177734 -0.16119988786094758 -0.011266900350525789 -0.1691665726852374 -0.1960562103354488 -0.22214173608595922 -0.2626310210811448 -0.2658682634730539 -0.147983721790603 -0.22095332671300896 -0.13177523620089507 -0.24697845507094063
0.060115323273218016 -0.07759784075573549 -0.1598277034686012 -0.0451650260567458 -0.14615747289014616 -0.06025519848771266 -0.06970771676654029 -0.06176577449436843 -0.04986574606827772 0.02490315439955728 -0.043005312420946115 -0.15514292694844856 -0.14523809523809525 -0.13431013431013433 -0.1191381495564005 -0.08479783704067838 -0.0523149359142035 -0.15523603511897188 -0.06691157176594069 -0.11184755592377797 -0.002551671344730797 0.007405578869414962 -0.03606202668589975 -0.1194885888397658 -0.1180395175776238 -0.17537171178040412 -0.04115772703133298 -0.1803174603174603 -0.026737967914438505 -0.12977649603460706 0.02437147255002565 -0.08777132012809867 -0.05719051590611224 -0.04896560166483046 -0.19879969992498125 0.036944187887584114 0.010973936899862823 0.015906680805938496 0.02189681127685782 0.1233682398508105 -0.07037828327259017 -0.10966415352981493 -0.2228637413394919 -0.22918444471534802 -0.3302119270576639 -0.14893617021276595 -0.16931627245702469 -0.06832538352455847 -0.1482461945731304 -0.057310800881704635 -0.09323719542516161 -0.20289179104477612 -1.0811117413499716 -1.6158138430487952 -0.7132442284325639 -0.454432887568103 -0.20672162333544705 -0.25474461851993374 -0.16802378182758176 -0.2565169162506933 -0.1060752169720347 -0.3344947735191638 -0.9766081871345028 -2.4732989319572782 -3.755845434408073 -0.9416543574593795 -0.3791645947289906 -0.2834956243066683 -0.24182257859233808 -0.16878804648588824 -0.12795905310300704 -0.2832192589096059 -0.297006271447166 -0.5406739908653254 -0.7212069176990065 -0.4265402843601896 -0.2528964743989037 -0.2684479960044949 -0.21301620491374806 -0.183627698345949 -0.012518778167250878 -0.15901657832412316 -0.17792384406165004 -0.23662924061330443 -0.26498645624779177 -0.27904191616766466 -0.16154889628807495 -0.21350546176762664 -0.14172053704624563 -0.24435102469784553
0.04662004662004662 -0.05735492577597841 -0.14055769666742232 -0.03705848291835553 -0.15676567656765678 -0.03898865784499055 -0.0892747951571481 -0.02543296596826935 -0.06137322593018796 0.0539568345323741 -0.026562104730584367 -0.15025653554849744 -0.11785714285714284 -0.15140415140415142 -0.13181242078580482 -0.08848469952070788 -0.05362280931205858 -0.15905331467107778 -0.07609551298871688 -0.12703673018503175 0.001275835672365399 0.034559368057269814 -0.019233080899146535 -0.10156530051380093 -0.12573774698486012 -0.14233066463337143 -0.030536378120021246 -0.15873015873015872 -0.025401069518716575 -0.1110310021629416 0.01026167265264238 -0.06760763847704898 -0.048850232336470865 -0.03550006120700208 -0.2138034508627157 0.06993006993006992 -0.004115226337448558 0.04772004241781548 0.008211304228821669 0.14345144168698892 -0.06660801809727283 -0.10052547406899703 -0.2124711316397229 -0.20602218700475436 -0.34130113356333164 -0.14267834793491865 -0.1667312911981388 -0.06832538352455847 -0.14956982131039048 -0.06318883174136664 -0.07458975634012929 -0.15625 -0.6545660805445264 -1.3522497922355456 -0.6767922235722965 -0.45938583457157006 -0.18642993024730503 -0.24328111068653677 -0.1357115160915083 -0.2481974486966167 -0.10366441658630665 -0.3066202090592335 -0.8046783625730993 -2.3532941317652707 -4.123800147674133 -1.4044805514524863 -0.4301342615614122 -0.29951929002834954 -0.2558228331424207 -0.1632540121748755 -0.11644273832373639 -0.27613877743686577 -0.2875399361022364 -0.5369707443525492 -0.7898932908131975 -0.4994531534815895 -0.2778123832066775 -0.2771881633162692 -0.2208572922111866 -0.183627698345949 -0.008763144717075616 -0.14209992105559943 -0.15299184043517683 -0.2257636122177955 -0.25085384524790955 -0.2862275449101796 -0.16524848933284006 -0.19736842105263155 -0.14172053704624568 -0.23121387283236997
0.04048582995951417 -0.0697255960413855 -0.12468827930174561 -0.03821656050955414 -0.15558698727015557 -0.0661625708884688 -0.09905833435245201 -0.03269952767348916 -0.06776627029791586 0.03735473159933592 -0.016443207690361752 -0.14781333984852188 -0.09404761904761905 -0.1562881562881563 -0.13814955640050697 -0.09831633280078653 -0.04969918911849333 -0.16414302074055223 -0.08790343741800052 -0.13946423639878486 0.008930849706557794 0.034559368057269814 -0.0024041351123933164 -0.0967857569602103 -0.1308698999230177 -0.15249714067861225 -0.009293680297397775 -0.17777777777777778 -0.013368983957219254 -0.13266041816870944 -0.006413545407901488 -0.07709642984224883 -0.04050994876682949 -0.041620761415105886 -0.22505626406601653 0.03958305845098298 -0.013717421124828526 0.026511134676564158 -0.0013685507048036172 0.11476115334959114 -0.061580997863516396 -0.0936714644733836 -0.19976905311778298 -0.18651712788004388 -0.3388368654509611 -0.1451814768460576 -0.16673129119813881 -0.07477117442310172 -0.15883520847121113 -0.07935341660543717 -0.069617105917454 -0.14109141791044774 -0.42314237095859336 -1.0495073014365428 -0.654921020656136 -0.4928182268449727 -0.1927710843373494 -0.24582855687173608 -0.12407910042652188 -0.2537437603993344 -0.1012536162005786 -0.29268292682926833 -0.6280701754385963 -2.134885395415817 -4.246861924686193 -2.0642540620384047 -0.5146693187468921 -0.34389251818069766 -0.2774595901743668 -0.17847260653016053 -0.12284069097888675 -0.27495869719140903 -0.2863566441841202 -0.5295642513269968 -0.8377284435177236 -0.6148985295904726 -0.3014824965740625 -0.2984142839305781 -0.22869837950862518 -0.20185029436501262 -0.003755633450175264 -0.1420999210555994 -0.14392565729827744 -0.22093444404201373 -0.24614297491461548 -0.3149700598802395 -0.17141447774078186 -0.21350546176762658 -0.1504226752859274 -0.24566473988439305
0.03803214329530119 -0.0697255960413855 -0.11335298118340512 -0.045165026056745806 -0.15322960867515323 -0.07561436672967864 -0.10150421915127797 -0.037543902143635705 -0.06904487917146146 0.026286662977310464 -0.026562104730584367 -0.15147813339848523 -0.09166666666666667 -0.16361416361416362 -0.15082382762991128 -0.12904018680103232 -0.044467695527072984 -0.17686728591423845 -0.0970873786407767 -0.15327257663628832 -3.4694469519536144e-19 0.014811157738829916 0.00841447289337661 -0.12665790417015174 -0.1437002822684116 -0.19189223535392042 -0.014604354753053642 -0.19555555555555554 -0.029411764705882353 -0.14708002883922133 -6.938893903907229e-19 -0.0865852212074487 -0.010723221732396043 -0.053862161831313496 -0.2150537634408602 0.027708140915688084 -0.009602194787379972 0.025185577942735952 0.0 0.10041600918089225 -0.06535126303883372 -0.0936714644733836 -0.18937644341801388 -0.18651712788004388 -0.33144406111384916 -0.15769712140175218 -0.15380638490370946 -0.06445790898543251 -0.15751158173395102 -0.07935341660543718 -0.07334659373446047 -0.14808768656716417 -0.18604651162790695 -0.7313308797340612 -0.6354799513973269 -0.528727092620109 -0.2168674698795181 -0.26366068016813143 -0.13441902546206538 -0.26483638380476976 -0.09884281581485052 -0.2799070847851336 -0.45029239766081863 -1.8108724348973961 -4.237016982525228 -2.741260462826194 -0.6452013923421184 -0.38703315666214716 -0.29400534555173724 -0.1950747094631987 -0.12539987204094688 -0.2808590984186925 -0.2804401845935392 -0.5320330823355143 -0.8549000367962712 -0.763154696803986 -0.331381587143391 -0.33337495317767507 -0.23261892315734448 -0.22988505747126436 -0.017526289434151226 -0.15676102402165332 -0.1473254759746147 -0.21610527586623202 -0.25674243316452716 -0.32934131736526945 -0.18991244296460724 -0.23088381330685204 -0.1616111387369468 -0.25617446137677347
0.034351613298981724 -0.07197480881691407 -0.10428474268873274 -0.02895193977996526 -0.15322960867515323 -0.08388468809073724 -0.12351718234071174 -0.0508659319365387 -0.08566679452755402 0.01245157719977864 -0.022767518340500885 -0.16247251404837532 -0.07380952380952381 -0.1562881562881563 -0.15462610899873258 -0.1474744992011798 -0.04577556892492806 -0.18450184501845018 -0.10889530307006035 -0.15189174261253796 0.0012758356723653996 0.0037027894347074807 0.013222743118163243 -0.12426813239335643 -0.15139851167564794 -0.20841275892743677 -0.0013276686139139695 -0.20317460317460317 -0.02540106951871658 -0.15573179524152847 -0.008978963571062086 -0.10556280393784842 -0.0023829381627546763 -0.05508630187293427 -0.22380595148787194 0.00527774112679773 -0.023319615912208505 0.005302226935312832 -0.020528260572054192 0.08033280734471382 -0.06786477315571195 -0.09024445967557687 -0.18013856812933027 -0.16213580397415578 -0.32405125677673735 -0.15519399249061328 -0.13183404420317954 -0.054144643547763306 -0.15089344804765054 -0.06612784717119766 -0.06837394331178519 -0.14925373134328357 -0.08394781622234826 -0.4250267125727175 -0.5941676792223572 -0.5485388806339772 -0.22954977805960688 -0.2814928034645268 -0.11890913790875017 -0.2828618968386023 -0.09281581485053038 -0.30197444831591175 -0.304093567251462 -1.3296531861274448 -4.163179916317992 -2.861890694239291 -1.357533565390353 -0.5571305312461481 -0.3372788596156293 -0.2407304925290537 -0.11516314779270634 -0.27731885768232234 -0.2650573896580286 -0.5085791877545983 -0.8512204096651539 -0.7971807023939725 -0.41983306341098797 -0.392058933699588 -0.2613695765812859 -0.24109896271376505 -0.018778167250876315 -0.16691101838276753 -0.14392565729827744 -0.17747193045997828 -0.2543869979978801 -0.32455089820359284 -0.20224441978049082 -0.24453823237338632 -0.1628543013426156 -0.2614293221229637
0.05152741994847258 -0.08097165991902833 -0.0997506234413965 -0.020845396641574986 -0.14144271570014144 -0.08979206049149338 -0.1271860095389507 -0.05813249364175852 -0.08950262114819077 0.008301051466519093 -0.002529724260055656 -0.169802101148302 -0.0880952380952381 -0.12820512820512822 -0.15209125475285173 -0.1437876367211503 -0.03008108815066702 -0.19722611019213637 -0.10495932826029915 -0.16570008285004142 -0.002551671344730799 -0.009874105159219946 0.025243418680129824 -0.1111243876209822 -0.1552476263792661 -0.2147668064557123 -0.007966011683483803 -0.21460317460317463 -0.01737967914438503 -0.16870944484498918 0.006413545407901487 -0.11742379314434823 0.015489098057905399 -0.04039662137348513 -0.2113028257064266 0.007916611690196595 -0.02606310013717421 0.014581124072110286 -0.016422608457643352 0.08750537942906327 -0.05152695739600353 -0.0970984692711903 -0.17667436489607388 -0.13165914909179569 -0.3166584524396254 -0.1639549436795995 -0.11632415664986429 -0.058012118086889254 -0.13898080741230973 -0.07053637031594415 -0.06464445549477871 -0.1574160447761194 -0.05899035734543391 -0.3775376944081682 -0.5249088699878494 -0.5534918276374443 -0.26125554850982874 -0.3005986498535218 -0.10856921287320667 -0.28840820854132004 -0.06870781099324975 -0.31010452961672474 -0.26198830409356727 -0.9012360494419773 -3.79153334974157 -2.879123584441162 -2.2700149179512676 -0.7913225687168742 -0.374188621611302 -0.2614831211953514 -0.08445297504798463 -0.2784989379277791 -0.2520411785587504 -0.45303049006295526 -0.8082914264687844 -0.7947502734232593 -0.4933349943939205 -0.43825696091896615 -0.2731312075274438 -0.23829548640313986 -0.015022533800701052 -0.17818878989511672 -0.13485947416137806 -0.17505734637208742 -0.23554351666470383 -0.31137724550898205 -0.2158095942779628 -0.2668818272095333 -0.18025857782197913 -0.25748817656332107
0.06502269660164398 -0.07984705353126405 -0.08954885513489004 -0.011580775911986103 -0.12847713342762848 -0.08152173913043478 -0.12351718234071177 -0.05692140002422188 -0.07927375015982611 0.020752628666297727 -0.002529724260055656 -0.169802101148302 -0.09880952380952382 -0.09279609279609279 -0.1596958174904943 -0.13149809512105198 -0.044467695527072984 -0.1908639776052933 -0.12332721070585148 -0.1532725766362883 0.01403419239601939 -0.020982473463342383 0.04447649957927635 -0.0884215557414267 -0.14370028226841158 -0.2084127589274368 -0.011949017525225702 -0.22603174603174603 -0.010695187165775402 -0.17591925018024512 0.029502308876346844 -0.12098208990629819 0.032169665197188134 -0.0159138205410699 -0.1900475118779695 0.014513788098693758 -0.01783264746227709 0.01325556733828207 -0.0013685507048036116 0.09037440826280305 -0.05027020233756442 -0.10166780900159926 -0.1812933025404157 -0.09630622942825796 -0.32158698866436664 -0.15519399249061325 -0.11632415664986429 -0.05672295990718061 -0.14427531436135008 -0.07494489346069068 -0.05594231725509696 -0.15275186567164178 -0.03743618831537153 -0.3205508726107088 -0.44957472660996356 -0.544824170381377 -0.27647431832593533 -0.3273468347981149 -0.10856921287320667 -0.28840820854132004 -0.059064609450337514 -0.31823461091753774 -0.22573099415204673 -0.4728189127565104 -3.231602264336697 -2.896356474643033 -3.1452013923421185 -1.0255146061876002 -0.43146239022527677 -0.28500276701715543 -0.08189379398592452 -0.27967901817323576 -0.25204117855875047 -0.39748179237131215 -0.775174782288728 -0.7923198444525459 -0.5755574934595739 -0.4844549881383443 -0.29665446941975954 -0.2354920100925147 -0.013770655983975966 -0.1894665614074659 -0.1359927470534905 -0.1726427622841966 -0.2225886232481451 -0.29820359281437125 -0.21087680355160932 -0.28922542204568025 -0.18523122824465438 -0.25354703100367837
0.06870322659796343 -0.07984705353126405 -0.08048061664021763 -0.022003474232773598 -0.11904761904761904 -0.09451795841209829 -0.12596306713953773 -0.07024342981712486 -0.08310957678046287 0.009684560044272273 -0.008854034910194791 -0.1600293183483997 -0.11666666666666667 -0.07448107448107448 -0.16476552598225602 -0.1437876367211503 -0.05754642950562385 -0.19213640412266192 -0.1403831015481501 -0.15465341066003868 0.014034192396019394 -0.012342631449024932 0.04447649957927635 -0.06930338152706415 -0.1552476263792661 -0.2084127589274368 -0.04514073287307488 -0.22857142857142856 -0.026737967914438505 -0.1802451333813987 0.032067727039507436 -0.10793500177914839 0.03931847968545217 0.0012241400416207588 -0.17379344836209054 0.017152658662092625 0.0013717421124828544 0.013255567338282082 0.024633912686465035 0.08893989384593315 -0.03393238657785598 -0.09595613433858806 -0.15935334872979215 -0.07192490552236988 -0.30187284376540163 -0.15018773466833543 -0.10081426909654904 -0.048988010828928695 -0.1257445400397088 -0.07053637031594415 -0.0584286424664346 -0.1539179104477612 -0.024957458876914352 -0.29443191262020657 -0.3985419198055894 -0.5398712233779099 -0.30691185795814835 -0.36301108139090565 -0.11632415664986429 -0.29672767609539663 -0.06388621022179362 -0.3275261324041812 -0.21403508771929824 -0.27121084843393733 -2.5375338419886786 -2.877892663712457 -3.853804077573347 -1.3829656107481818 -0.5129184166984855 -0.30713890426120644 -0.08189379398592452 -0.2784989379277791 -0.23192521595077506 -0.35921491173929143 -0.7138476634367716 -0.788674200996476 -0.6303724928366761 -0.5306530153577225 -0.3031887088342917 -0.24390243902439018 -0.012518778167250878 -0.18269989850005638 -0.12352674524025387 -0.17143547024025116 -0.21081144741490992 -0.28622754491017965 -0.20594401282525582 -0.29543197616683214 -0.18523122824465438 -0.24435102469784548
0.07115691326217641 -0.07085020242914979 -0.08728179551122194 -0.024319629415170817 -0.12022630834512023 -0.08506616257088848 -0.1284089519383637 -0.05934358725929514 -0.09205983889528195 0.023519645821804096 -0.012648621300278273 -0.15514292694844858 -0.12142857142857144 -0.0647130647130647 -0.15969581749049427 -0.14010077424112083 -0.06147004969918911 -0.17813971243160706 -0.14825505116767254 -0.1339409003037835 0.015310028068384792 -0.008639842014317452 0.04928476980406299 -0.06213406619667822 -0.13215293815755708 -0.21095437793874697 -0.041157727031332976 -0.23111111111111113 -0.026737967914438505 -0.18601297764960345 0.03976398152898923 -0.10319060609654844 0.03812701060407483 0.00244828008324152 -0.15503875968992248 0.014513788098693758 0.010973936899862828 0.014581124072110286 0.03558231832489395 0.0832018361784536 -0.012567550584391102 -0.100525474068997 -0.1466512702078522 -0.07070583932707546 -0.2870872350911779 -0.1439299123904881 -0.09822928783766317 -0.03351811267242491 -0.12706816677696892 -0.06465833945628215 -0.04475385380407758 -0.14692164179104478 -0.009075439591605217 -0.278997981716728 -0.34264884568651277 -0.5225359088657753 -0.3170577045022194 -0.40886511272449366 -0.12020162853819312 -0.2995008319467555 -0.0626808100289296 -0.3205574912891986 -0.20584795321637425 -0.18360734429377176 -1.8200836820083688 -2.7880354505169866 -4.562406762804575 -1.884629606803895 -0.6045564464808452 -0.32235749861649143 -0.08061420345489442 -0.2596176540004721 -0.2295586321145427 -0.3184792000987533 -0.6451612903225806 -0.7461416940089927 -0.6889248785349444 -0.5518791359720314 -0.32540512284370104 -0.22848331931595176 -0.0100150225338007 -0.18157212134882147 -0.1246600181323663 -0.18713026681154177 -0.19432340124838063 -0.281437125748503 -0.1849796522382538 -0.31032770605759685 -0.17528592739930382 -0.23778244876510773
0.0736105999263894 -0.07197480881691407 -0.08501473588755384 -0.024319629415170817 -0.11904761904761904 -0.08152173913043478 -0.12596306713953775 -0.07024342981712486 -0.10228870988364662 0.017985611510791366 -0.017708069820389583 -0.1588077204984119 -0.13452380952380955 -0.07936507936507936 -0.15209125475285173 -0.13764286592110114 -0.0627779230970442 -0.17813971243160703 -0.1430070847546576 -0.13532173432753383 0.016585863740750193 -0.006171315724512465 0.03966822935448973 -0.051380093201099306 -0.12060559404670257 -0.19443385436523064 -0.03451938396176314 -0.21841269841269845 -0.02005347593582888 -0.1773612112472963 0.04361210877373012 -0.10912110069979838 0.03931847968545217 -0.002448280083241522 -0.12878219554888723 0.014513788098693758 0.03566529492455418 0.01855779427359491 0.06705898453537704 0.08893989384593316 -0.017594570818147543 -0.11994516792323506 -0.15242494226327946 -0.07802023649884189 -0.26121241991128635 -0.1451814768460576 -0.08788936280211967 -0.0232048472347557 -0.11383189940436797 -0.07641440117560618 -0.05096966683242168 -0.14342350746268656 -0.013613159387407828 -0.27306185444615927 -0.3134872417982989 -0.48786527984150585 -0.3551046290424857 -0.4725512673544771 -0.1318340442031795 -0.2856350526899612 -0.05665380906460945 -0.30778164924506385 -0.20701754385964916 -0.1548061922476899 -1.2072360324883091 -2.6267848350566227 -5.0919940328194935 -2.5329717736965365 -0.7025582283314242 -0.350027670171555 -0.07805502239283428 -0.26433797498229883 -0.22364217252396168 -0.3123071225774596 -0.5580767815528026 -0.7109004739336494 -0.7175781736638844 -0.5968285678611562 -0.33978044955567166 -0.24530417717970282 -0.011266900350525789 -0.18608322995376114 -0.13259292837715325 -0.19678860316310517 -0.19785655399835117 -0.2718562874251497 -0.17881366383031203 -0.33018867924528306 -0.17155643958229735 -0.23909616395165528
0.07483744325849588 -0.07309941520467836 -0.0861482656993879 -0.030110017371163866 -0.12376237623762376 -0.07915879017013232 -0.13207777913660268 -0.07629889790480805 -0.10740314537782894 0.020752628666297727 -0.01770806982038958 -0.15758612264842414 -0.1392857142857143 -0.07936507936507937 -0.138149556400507 -0.1474744992011798 -0.06408579649489929 -0.17559485939686983 -0.14563106796116507 -0.13532173432753383 0.010206685378923195 -0.006171315724512465 0.03245582401730977 -0.026287489544748476 -0.12060559404670257 -0.19697547337654084 -0.06107275624004249 -0.21333333333333332 -0.04010695187165776 -0.17015140591204037 0.046177526936890714 -0.10556280393784842 0.04050994876682951 0.009793120332966091 -0.10627656914228559 0.02111096450719092 0.04801097393689986 0.03181336161187699 0.07937594087860957 0.09324343709654281 -0.02639185622722131 -0.11651816312542836 -0.15819861431870672 -0.07558210410825308 -0.24765894529324792 -0.1539424280350438 -0.09176683469044848 -0.0103132654376692 -0.11250827266710788 -0.07494489346069066 -0.049726504226752864 -0.1492537313432836 -0.02041973908111174 -0.27068740353793186 -0.29890643985419196 -0.4754829123328381 -0.4121750158528852 -0.6139345306330404 -0.16543880056869587 -0.30227398779811426 -0.05785920925747349 -0.30313588850174217 -0.21871345029239767 -0.12840513620544822 -0.8023627861186314 -2.344903988183161 -5.446295375435108 -3.267595217552077 -0.8196512663866617 -0.3707802988378528 -0.08445297504798463 -0.2619778144913854 -0.22719204827831024 -0.2974941365263547 -0.4893904084386116 -0.6622918945193828 -0.7325277189485486 -0.6342864277687601 -0.35807631991636174 -0.24109896271376505 -0.0100150225338007 -0.1973610014661103 -0.13712601994560292 -0.18350839067970542 -0.20963372983158637 -0.2574850299401198 -0.17511407078554694 -0.35501489572989076 -0.17777225261064147 -0.24172359432475038
0.07115691326217641 -0.0764732343679712 -0.09748356381772841 -0.03705848291835553 -0.12376237623762376 -0.082703213610586 -0.14308426073131955 -0.08719874046263777 -0.116353407492648 0.016602102933038185 -0.031621553250695676 -0.1588077204984119 -0.1619047619047619 -0.06837606837606837 -0.12927756653992395 -0.14870345336118965 -0.08108815066701543 -0.171777579844764 -0.15743899239044873 -0.13532173432753383 0.008930849706557798 -0.0061713157245124675 0.026445486236326483 -0.026287489544748476 -0.1052091352322299 -0.20205871139916126 -0.08629845990440785 -0.2019047619047619 -0.04411764705882353 -0.16870944484498918 0.039763981528989224 -0.11149329854109832 0.029786727034433462 0.007344840249724568 -0.09377344336084022 0.011874917535294894 0.04526748971193416 0.03313891834570519 0.08485014369782401 0.09324343709654283 -0.02136483599346487 -0.12337217272104181 -0.16743648960739033 -0.07314397171766426 -0.22301626416954162 -0.16145181476846054 -0.09822928783766317 0.0051566327188346025 -0.11250827266710788 -0.08229243203526818 -0.04351069119840875 -0.14458955223880599 -0.02949517867271696 -0.2623768253591357 -0.27703523693803156 -0.45071817731550273 -0.46163601775523144 -0.8240988409119858 -0.2016285381930981 -0.30920687742651143 -0.0662970106075217 -0.29152148664343785 -0.23976608187134502 -0.11640465618624747 -0.3888752153581097 -1.8759231905465288 -5.624067628045749 -4.065080734623445 -0.9418353060964746 -0.4067515218594355 -0.08061420345489442 -0.2631578947368421 -0.23547509170512368 -0.29502530551783723 -0.415797865816264 -0.5978855267954795 -0.7362651052697148 -0.6792358596578849 -0.37767903815995824 -0.2607232968881413 -0.017526289434151222 -0.20525544152475472 -0.1473254759746147 -0.18109380659181457 -0.217877752914851 -0.23832335329341317 -0.17388087310395858 -0.37735849056603776 -0.18771755345599203 -0.24172359432475038
0.08465218991534781 -0.0641025641025641 -0.0952165041940603 -0.03705848291835553 -0.11433286185761433 -0.06970699432892248 -0.13085483673718967 -0.08235436599249123 -0.10612453650428336 0.016602102933038185 -0.03035669112066785 -0.1624725140483753 -0.1642857142857143 -0.06715506715506714 -0.10899873257287704 -0.1425586825611405 -0.08108815066701544 -0.16287059422318362 -0.14300708475465757 -0.1242750621375311 0.008930849706557798 -0.006171315724512465 0.018031013342949872 -0.03345680487513443 -0.08596356171413908 -0.19316304485957553 -0.09824747742963355 -0.17523809523809525 -0.04010695187165776 -0.14708002883922133 0.04746023601847101 -0.10319060609654847 0.03574407244132015 0.00856898029134533 -0.07626906726681669 0.03430531732418525 0.05212620027434842 0.05832449628844114 0.09716710004105653 0.11332663893272128 -0.028905366344099535 -0.12908384738405299 -0.18013856812933024 -0.08777276606119713 -0.21562345983242975 -0.17021276595744683 -0.08918185343156262 0.027072321773881657 -0.10191925876902715 -0.08376193975018367 -0.04475385380407758 -0.13759328358208955 -0.03176403857061826 -0.2528790217262258 -0.26123936816524906 -0.4234769687964339 -0.4946100190234623 -1.034263151190931 -0.24945069148248672 -0.3133666112035497 -0.053037608486017365 -0.2857142857142857 -0.2350877192982456 -0.12600504020160805 -0.19689884321929613 -1.2284588872476612 -5.663848831427151 -4.825588561567854 -1.0703830978745068 -0.45655783065855005 -0.06653870761356366 -0.2631578947368421 -0.22245888060584548 -0.2913220590050611 -0.33729915368575986 -0.4982379389962329 -0.7001370374984428 -0.7229366962167563 -0.3776790381599582 -0.2621250350434539 -0.013770655983975963 -0.19961655576858012 -0.14279238440616498 -0.16902088615236027 -0.21552231774820396 -0.20598802395209584 -0.1566161055617216 -0.36618669314796426 -0.16285430134261564 -0.21282186022070415
0.11286958655379706 -0.06072874493927124 -0.07481296758104738 -0.03474232773595831 -0.09311645450259312 -0.06734404536862003 -0.11251070074599487 -0.07993217875741795 -0.09717427438946427 0.023519645821804096 -0.012648621300278273 -0.1588077204984119 -0.1333333333333333 -0.06227106227106226 -0.08871989860583017 -0.12166646184097334 -0.07716453047345016 -0.15905331467107772 -0.13513513513513514 -0.12151339409003037 0.0051033426894616 0.0037027894347074776 0.020435148455343187 -0.02031306010276019 -0.08468052347959969 -0.15122633117295714 -0.11683483802442911 -0.16000000000000003 -0.049465240641711226 -0.13121845710165825 0.057721908671113396 -0.09963230933459852 0.03574407244132015 0.014689680499449137 -0.06626656664166042 0.048819105422879004 0.056241426611796985 0.07820784729586425 0.0930614479266457 0.12193372543394061 -0.023878346110343094 -0.12337217272104181 -0.17090069284064666 -0.08167743508472511 -0.20576638738294725 -0.16020025031289115 -0.09176683469044851 0.03996390357096816 -0.10589013898080742 -0.09551800146950772 -0.05096966683242168 -0.12476679104477613 -0.04083947816222348 -0.24338121809331587 -0.2697448359659781 -0.3925210500247647 -0.5440710209258086 -1.3475990319704496 -0.3515574512084787 -0.3272323904603439 -0.04701060752169721 -0.2787456445993032 -0.2292397660818713 -0.11760470418816753 -0.1427516613339897 -0.551452486459872 -5.621581302834412 -5.575003081474177 -1.2409316533027872 -0.4911455451023796 -0.056301983365323105 -0.25135709228227515 -0.20589279375221867 -0.2839155659795087 -0.2955967128664295 -0.3584882731802163 -0.6415846518001744 -0.7578973654638531 -0.37506534239414535 -0.2621250350434539 -0.0025037556334501763 -0.18608322995376114 -0.13032638259292836 -0.1593625498007968 -0.20610057708161583 -0.1904191616766467 -0.13441854729313113 -0.3649453823237339 -0.15663848831427152 -0.1931161324224908
0.11286958655379706 -0.057354925775978394 -0.07254590795737928 -0.03937463810075276 -0.08722300801508723 -0.0697069943289225 -0.09905833435245201 -0.06661014896451498 -0.0882240122746452 0.02628666297731046 -0.021502656210473058 -0.1465917419985341 -0.14999999999999997 -0.06593406593406592 -0.09632446134347275 -0.10323214944082586 -0.09416688464556631 -0.13996691691054844 -0.1403831015481501 -0.11460922397127866 0.0025516713447307987 0.0012342631449024934 0.021637216011539846 -0.01911817421436253 -0.08468052347959969 -0.14233066463337143 -0.13409453000531069 -0.1346031746031746 -0.057486631016042775 -0.1240086517664023 0.06413545407901487 -0.07828252876289883 0.048850232336470865 0.01713796058269066 -0.05501375343835959 0.0606940229581739 0.06584362139917696 0.1179745493107105 0.10127275215546735 0.1291062975182901 -0.027648611285660422 -0.10966415352981493 -0.18937644341801385 -0.08411556747531393 -0.2069985214391326 -0.15018773466833543 -0.10339925035543493 0.09668686347814877 -0.12045003309066842 -0.0896399706098457 -0.05345599204375932 -0.11194029850746268 -0.04424276800907544 -0.2362578653686335 -0.2806804374240583 -0.37518573551262996 -0.5859226379201014 -1.7386320213985478 -0.51053379862996 -0.34803105934553524 -0.044599807135969144 -0.24738675958188158 -0.23157894736842102 -0.08640345613824554 -0.13413733694314547 -0.430822255046775 -4.983838886126305 -6.092690743251572 -1.398752704594629 -0.49114554510237973 -0.06397952655150353 -0.24073637007316498 -0.2271920482783103 -0.2740402419454388 -0.2968232552434686 -0.31838619516344635 -0.5481499937710228 -0.7391684355100512 -0.3724516466283324 -0.25371460611157837 -0.002503755633450176 -0.17931656704635163 -0.1314596554850408 -0.16419171797657856 -0.21316688258155697 -0.19401197604790416 -0.1171537797508941 -0.37363455809334656 -0.14917951268025859 -0.18786127167630057
0.09569377990430623 -0.040485829959514164 -0.08501473588755384 -0.030110017371163873 -0.10961810466760961 -0.053166351606805294 -0.11128775834658189 -0.0884098340801744 -0.09973149213655544 0.042888765910348646 -0.03921072603086264 -0.1368189591986318 -0.1476190476190476 -0.07203907203907203 -0.1102661596958175 -0.09954528696079637 -0.12424797279623334 -0.15650846163634052 -0.15743899239044873 -0.1090858878762773 -0.017861699413115592 0.014811157738829923 -0.0060103377809832895 -0.010753972995578922 -0.11419040287400564 -0.1219977125428898 -0.15932023366967607 -0.14095238095238097 -0.0855614973262032 -0.11824080749819754 0.048742945100051296 -0.06523544063574903 0.013106159895150718 0.019586240665932182 -0.07501875468867217 0.07520781105686766 0.06035665294924555 0.14581124072110288 0.0807444915834132 0.13197532635202985 -0.03644589669473419 -0.1085218185972127 -0.18822170900692842 -0.09752529562355236 -0.220551996057171 -0.1439299123904881 -0.12020162853819309 0.14696403248678616 -0.13368630046326938 -0.09551800146950772 -0.07334659373446047 -0.08395522388059702 -0.07373794668179239 -0.22438561082749614 -0.30133657351154314 -0.3429915799900941 -0.62143310082435 -2.2022672271048274 -0.7638619620007756 -0.370216306156406 -0.06027000964320154 -0.21951219512195125 -0.26315789473684215 -0.06480259210368415 -0.15259660349495446 -0.35204332840965036 -4.127299850820487 -6.3318131394058925 -1.5705740104365533 -0.4952960708356392 -0.07165706973768396 -0.2265754071276847 -0.22837534019642644 -0.2814467349709913 -0.31031522139089895 -0.29651233442702635 -0.4547153357418711 -0.762891746784867 -0.3724516466283325 -0.2523128679562658 -0.0200300450676014 -0.16014435547535805 -0.1529918404351768 -0.16419171797657856 -0.22612177599811564 -0.18682634730538922 -0.11715377975089407 -0.435700099304866 -0.14917951268025859 -0.17603783499737255
0.0748374432584959 -0.0382366171839856 -0.09748356381772841 -0.038216560509554146 -0.1261197548326261 -0.05434782608695652 -0.1271860095389507 -0.1501756085745428 -0.11635340749264803 0.0387382401770891 -0.04174045029091829 -0.12338138284876618 -0.14285714285714285 -0.08302808302808301 -0.10773130544993663 -0.08479783704067839 -0.1255558461940884 -0.18450184501845018 -0.15481500918394125 -0.09803921568627451 -0.035723398826231184 0.020982473463342387 -0.020435148455343187 0.0 -0.12830382345393895 -0.11564366501461429 -0.15932023366967604 -0.16888888888888892 -0.09893048128342245 -0.11247296322999278 0.02437147255002565 -0.04863005574664926 -0.011914690813773382 0.015913820541069896 -0.09627406851712929 0.09104103443726085 0.043895747599451314 0.1497879109225875 0.047899274668126476 0.14345144168698898 -0.04147291692849063 -0.10623714873200822 -0.18475750577367206 -0.10727782518590759 -0.22424839822572698 -0.13642052565707136 -0.11890913790875017 0.19079541059688024 -0.13898080741230973 -0.0852314474650992 -0.07210343112879164 -0.08745335820895524 -0.07941009642654565 -0.22082393446515494 -0.3086269744835966 -0.3318474492322932 -0.6429930247305009 -2.6595338173481085 -1.0262375597776916 -0.3826955074875208 -0.06027000964320155 -0.1846689895470383 -0.2678362573099415 -0.04560182407296292 -0.15628845680531628 -0.2695716395864106 -3.288165091994032 -6.533957845433255 -1.6813032964235712 -0.5008301051466519 -0.0652591170825336 -0.2124144441822044 -0.21890900485149686 -0.2851499814837675 -0.29682325524346864 -0.26005589986632643 -0.34508533698766664 -0.8065925833437383 -0.3606900156821746 -0.23549201009251472 -0.012518778167250878 -0.13984436675312958 -0.13825929283771532 -0.15574067366896052 -0.20845601224826288 -0.17005988023952096 -0.09988901220865705 -0.506454816285998 -0.12555942317255098 -0.1484498160798739
0.06747638326585696 -0.034862798020692747 -0.10541827250056675 -0.009264620729588882 -0.1379066478076379 -0.03780718336483932 -0.13941543353308058 -0.14412014048685962 -0.12146784298683036 0.04565578306585501 -0.0328864153807235 -0.13193256779868068 -0.12976190476190477 -0.09523809523809522 -0.09505703422053233 -0.08479783704067839 -0.10724561862411719 -0.20867794884845403 -0.1338231435318814 -0.12289422811378074 -0.03189589180913498 0.018513947173537403 -0.014424810674359897 -0.010753972995578924 -0.11419040287400564 -0.1207269030372347 -0.12878385554965482 -0.19174603174603175 -0.10026737967914438 -0.1240086517664023 0.021806054386865056 -0.0533744514292492 -0.009531752651018705 0.03060350104051903 -0.10252563140785195 0.10027708140915688 0.04252400548696845 0.14448568398727465 0.031476666210483104 0.14058241285324918 -0.049013447279125294 -0.10509481379940597 -0.18475750577367206 -0.11581128855296843 -0.2193198620009857 -0.13391739674593242 -0.10727672224376375 0.2204460487301792 -0.14030443414956983 -0.09257898603967671 -0.07334659373446047 -0.09678171641791045 -0.08167895632444697 -0.2493173453638846 -0.3195625759416768 -0.3504210004952947 -0.6683576410906786 -3.0887784995541967 -1.2924906294429366 -0.4339988907376594 -0.05303760848601737 -0.15795586527293845 -0.2666666666666666 -0.014400576023040918 -0.1599803101156781 -0.22279665189561787 -2.6069119840875183 -6.4094662886725 -1.7767595774468627 -0.5201992252351963 -0.04862444017914268 -0.2041538824640076 -0.21417583717903205 -0.26786816442414524 -0.2870109162271556 -0.2321059667031231 -0.25663386072006983 -0.762891746784867 -0.3567694720334553 -0.231286795626577 -0.007511266900350528 -0.134205480996955 -0.14165911151405258 -0.16539901002052398 -0.2037451419149688 -0.16646706586826346 -0.09742261684548034 -0.5101787487586892 -0.11810044753853806 -0.14319495533368365
0.07606428659060238 -0.02474134053081421 -0.09635003400589434 0.00810654313839027 -0.13083451202263083 -0.02599243856332703 -0.13452366393542864 -0.13443139154656655 -0.11763201636619361 0.055340343110127276 -0.03162155325069567 -0.12338138284876618 -0.13214285714285715 -0.08913308913308912 -0.10392902408111533 -0.07619515792060957 -0.12163222600052317 -0.21758493447003438 -0.1403831015481501 -0.13256006628003317 -0.02934422046440418 0.027153789187854854 -0.014424810674359897 -0.015533516549169558 -0.11419040287400564 -0.1194560935315796 -0.11949017525225705 -0.19428571428571428 -0.09358288770053476 -0.1254506128334535 0.02565418163160595 -0.05693274819119913 -0.003574407244132015 0.03427592116538132 -0.1037759439859965 0.10819369309935348 0.04526748971193415 0.1299045599151644 0.020528260572054195 0.13484435518576962 -0.05027020233756441 -0.10395247886680377 -0.19053117782909929 -0.11093502377179083 -0.2180877279448004 -0.13391739674593242 -0.0956443065787773 0.2256026814490138 -0.15618795499669094 -0.10139603232916974 -0.06588761810044755 -0.09911380597014925 -0.08281338627339761 -0.2516917962721121 -0.32320777642770354 -0.3665180782565627 -0.6823081800887763 -3.2734683479811486 -1.627245702468657 -0.49916805324459235 -0.05303760848601735 -0.14285714285714285 -0.25730994152046777 -0.013200528021120844 -0.16613339896628107 -0.20925652387986213 -1.9368473396320236 -6.000246517934181 -1.8047600865470284 -0.51743220807969 -0.03838771593090211 -0.19589332074581076 -0.21180925334279962 -0.25428959387729916 -0.28455783147307734 -0.2102321059667031 -0.1594618163697521 -0.7017105756024472 -0.3332462101411396 -0.21586767591813852 0.002503755633450174 -0.11728882372843127 -0.13032638259292834 -0.1545333816250151 -0.20138970674832174 -0.155688622754491 -0.0924898261191269 -0.5139026812313803 -0.10691198408751865 -0.13925380977404098
0.07483744325849588 -0.020242914979757082 -0.10315121287689868 0.0069484655471916635 -0.13554926921263555 -0.02362948960302457 -0.15531368472544943 -0.12837592345888338 -0.13169671397519497 0.06225788599889319 -0.022767518340500885 -0.10872220864891277 -0.11785714285714285 -0.0647130647130647 -0.09885931558935361 -0.06882143296055057 -0.1268637195919435 -0.22140221402214025 -0.14563106796116507 -0.13394090030378347 -0.03189589180913498 0.020982473463342387 -0.012020675561966582 -0.0071693153303859485 -0.12060559404670261 -0.13216418858813067 -0.1248008497079129 -0.20571428571428568 -0.10427807486631016 -0.13410237923576063 0.023088763468445357 -0.04981615466729925 0.0047658763255093535 0.03550006120700208 -0.11502875718929732 0.1015965166908563 0.023319615912208498 0.11797454931071052 -0.013685507048036127 0.1276717831014202 -0.04021616187005152 -0.09938313913639481 -0.17321016166281752 -0.1048396927953188 -0.21562345983242975 -0.14643304130162701 -0.10081426909654904 0.21657857419105322 -0.21972203838517537 -0.12343864805290225 -0.06713078070611636 -0.12126865671641789 -0.07033465683494043 -0.26712572717559063 -0.33292831105710813 -0.3925210500247648 -0.6861128725428028 -3.335880779518533 -2.1119296885097585 -0.5906821963394343 -0.04942140790742526 -0.13240418118466898 -0.2514619883040935 -0.006000240009600382 -0.16613339896628107 -0.21418020679468244 -1.4358528095474887 -5.433255269320844 -1.7983963344788088 -0.5229662423907028 -0.03198976327575175 -0.18409251829124385 -0.21417583717903205 -0.2345389458091594 -0.27351895007972526 -0.19321910317170982 -0.08222249906565345 -0.6405294044200274 -0.3201777313120752 -0.20465377067563778 0.006259389083625437 -0.10826660651855194 -0.12352674524025384 -0.1340094168779428 -0.20256742433164532 -0.13892215568862276 -0.08879023307436182 -0.49528301886792453 -0.08577821979114868 -0.11297950604308984
0.08587903324745429 -0.020242914979757082 -0.09521650419406029 0.012738853503184714 -0.1166902404526167 -0.034262759924385634 -0.14308426073131955 -0.14775342133946953 -0.11123897199846566 0.045655783065855014 -0.015178345560333923 -0.10872220864891277 -0.09642857142857142 -0.05494505494505495 -0.08491761723700886 -0.07250829544058006 -0.11509285901124773 -0.2417610383000382 -0.12070322749934399 -0.1367025683512842 -0.02041337075784639 0.014811157738829916 -0.015626878230556553 -0.004779543553590634 -0.1077752117013087 -0.11818528402592451 -0.09957514604354752 -0.1942857142857143 -0.07620320855614973 -0.11824080749819754 0.03078501795792714 -0.04625785790534931 0.0023829381627546763 0.041620761415105886 -0.11127781945486373 0.10291595197255574 0.028806584362139915 0.10869565217391305 -0.009579854933625289 0.12480275426768042 -0.028905366344099532 -0.10281014393420151 -0.16397228637413394 -0.1048396927953188 -0.1983735830458354 -0.15394242803504382 -0.07625694713713327 0.20884362511280127 -0.2792852415618795 -0.14988978692138136 -0.06713078070611636 -0.13176305970149255 -0.08167895632444697 -0.2718746289920456 -0.3377885783718104 -0.3987122337790986 -0.6620164870006342 -3.3295121640555343 -2.725862737495153 -0.6655574043261231 -0.026518804243008676 -0.11962833914053428 -0.23274853801169595 0.003600144005760232 -0.15874969234555747 -0.21664204825209255 -1.072849328692193 -4.779982743744608 -1.7309405625556828 -0.5312672938572219 -0.014075495841330773 -0.1793721973094171 -0.18814341498047565 -0.22466362177508947 -0.2477615601619036 -0.17499088589135983 -0.008720568082720809 -0.583094019228368 -0.28750653423941447 -0.19764507989907484 0.006259389083625439 -0.10262772076237736 -0.11672710788757934 -0.1315948327900519 -0.18961253091508656 -0.1341317365269461 -0.06905907016894808 -0.4816285998013902 -0.04226752859273996 -0.09327377824487652
0.1091890565574776 -0.029239766081871343 -0.06801178871004307 0.00810654313839027 -0.0942951438000943 -0.04253308128544423 -0.10395010395010396 -0.16470873198498243 -0.07543792353918936 0.031820697288323194 -0.010118897040222615 -0.11849499144881506 -0.07976190476190476 -0.06715506715506717 -0.07858048162230671 -0.07988202040063905 -0.0941668846455663 -0.2506680239216185 -0.0997113618472842 -0.13117923225628278 -0.01531002806838479 0.0024685262898049886 -0.00601033778098329 -0.013143744772374238 -0.10392609699769054 -0.12581014105985514 -0.06903876792352627 -0.2196825396825397 -0.058823529411764705 -0.12833453496755587 0.046177526936890714 -0.053374451429249195 0.015489098057905399 0.029379360998898273 -0.10752688172043012 0.09236046971896028 0.04252400548696844 0.07423117709437964 -0.01779115916244697 0.10041600918089229 -0.030162121402538645 -0.11080648846241721 -0.15935334872979215 -0.11215408996708523 -0.20330211927057668 -0.16270337922403005 -0.05686958769548922 0.18821709423746294 -0.3812045003309067 -0.19691403379867745 -0.06837394331178517 -0.15275186567164178 -0.08281338627339761 -0.29443191262020657 -0.3572296476306197 -0.41728578504210007 -0.6353836398224477 -3.186855177684371 -3.3914954116582656 -0.7848031059345535 -0.002410800385728061 -0.13356562137049943 -0.20233918128654968 -0.007200288011520462 -0.16613339896628107 -0.22648941408173315 -0.8801591248135259 -4.046591889559966 -1.6456662848415422 -0.5312672938572219 -0.002559181062060141 -0.18409251829124382 -0.1680274523725003 -0.22713245278360694 -0.2293634245063167 -0.16648438449386316 0.0635355674598231 -0.5306530153577225 -0.23131207527443798 -0.1934398654331371 0.013770655983975963 -0.0992443893086726 -0.10199456029011786 -0.1315948327900519 -0.1849016605817925 -0.13532934131736524 -0.05796029103465285 -0.4704568023833168 -0.027349577324714092 -0.08013662637940094
0.11532327321801003 -0.02811515969410706 -0.058943550215370656 0.0034742327735958313 -0.09783121169259783 -0.041351606805293005 -0.09905833435245201 -0.17560857454281215 -0.08822401227464519 0.027670171555063638 -0.025297242600556536 -0.1148301978988517 -0.09404761904761903 -0.07692307692307691 -0.0988593155893536 -0.08233992872065872 -0.10593774522626209 -0.265937142130042 -0.12463920230910523 -0.13946423639878486 -0.01403419239601939 0.006171315724512466 0.010818608005769927 -0.01672840243756721 -0.10007698229407236 -0.12708095056551022 -0.05974508762612849 -0.24634920634920637 -0.061497326203208545 -0.13554434030281182 0.0525910723447922 -0.04981615466729926 0.00714881448826403 0.025706940874035987 -0.11002750687671918 0.08972159915556141 0.05212620027434842 0.0490455991516437 -0.042425071848912 0.07316023526036439 -0.0377026517531733 -0.11194882339501944 -0.16628175519630486 -0.12434475192002928 -0.21069492360768854 -0.1639549436795995 -0.06979449398991858 0.1611447724635813 -0.5718067504963601 -0.25128581925055105 -0.0634012928891099 -0.16791044776119401 -0.07600680657969369 -0.3169891962483676 -0.36938031591737547 -0.44081228330856864 -0.6201648700063412 -3.045471914405808 -3.918831588470984 -0.9276206322795341 -0.007232401157184182 -0.12543554006968644 -0.20233918128654968 -0.010800432017280691 -0.1932069899089343 -0.22033481043820777 -0.7993535554450523 -3.326759521755208 -1.552755504645539 -0.510514665190924 -0.0012795905310300716 -0.16875147510030683 -0.1715773281268489 -0.2234292062708308 -0.23304305163743408 -0.1397496658160165 0.09592624890992899 -0.4532401048820078 -0.194720334553058 -0.17661900756938603 0.02128192288432649 -0.08909439494755834 -0.09179510426110607 -0.1315948327900519 -0.1684136144152632 -0.13532934131736524 -0.03946232581082747 -0.4692154915590864 -0.036051715564395834 -0.0788229111928534
0.10182799656483868 -0.024741340530814216 -0.07141237814554523 0.011580775911986103 -0.11197548326261197 -0.031899810964083175 -0.1186254127430598 -0.16591982560251908 -0.11891062523973916 0.029053680132816822 -0.031621553250695676 -0.11727339359882727 -0.11428571428571428 -0.07814407814407814 -0.10773130544993662 -0.07619515792060957 -0.12294009939837824 -0.26720956864741063 -0.15219102597743375 -0.13256006628003314 -0.010206685378923191 0.006171315724512466 0.003606202668589978 -0.029872147209941448 -0.0949448293559148 -0.14487228364468166 -0.04115772703133298 -0.26666666666666666 -0.058823529411764705 -0.15861571737563085 0.03976398152898923 -0.041513462222749375 -0.015489098057905396 0.028155220957277516 -0.12628157039259816 0.09895764612745744 0.03292181069958848 0.03711558854718983 -0.07800739017380594 0.07029120642662459 -0.03895940681161242 -0.10281014393420151 -0.18937644341801385 -0.11581128855296843 -0.22055199605717105 -0.15644555694618273 -0.081426909654905 0.14180739976795154 -0.7346128391793515 -0.30124908155767816 -0.04475385380407757 -0.18073694029850745 -0.07487237663074306 -0.33479757806007365 -0.3596597812879708 -0.46433878157503716 -0.570703868103995 -2.7754426187746786 -4.108827710999096 -1.0343871325568497 0.0036162005785920935 -0.12775842044134728 -0.19532163742690062 -0.016800672026881076 -0.20059069652965786 -0.224027572624323 -0.7533565390353059 -2.600764205595957 -1.4127529591447117 -0.48976203652462635 -0.0025591810620601402 -0.16403115411848007 -0.1822269553898947 -0.2061473892112085 -0.2391757635226297 -0.11666059059423986 0.09468045346954031 -0.37333000374578595 -0.17903815995818084 -0.15138772077375945 0.028793189784677008 -0.08796661779632345 -0.09066183136899367 -0.13763129300977908 -0.15899187374867507 -0.13892215568862273 -0.029596744358120607 -0.45928500496524327 -0.052212829438090504 -0.08013662637940094
0.10796221322537111 -0.0258659469185785 -0.07254590795737927 0.024319629415170817 -0.11315417256011315 -0.02362948960302457 -0.12474012474012472 -0.17560857454281215 -0.14959723820483317 0.030437188710570013 -0.026562104730584367 -0.11605179574883948 -0.10595238095238095 -0.08058608058608059 -0.10899873257287704 -0.07005038712056041 -0.13078733978550877 -0.28502353989057133 -0.1744948832327473 -0.13946423639878486 -0.01531002806838479 0.01110836830412244 -0.007212405337179947 -0.034651690763532084 -0.09494482935591482 -0.14741390265599186 -0.03717472118959108 -0.29333333333333333 -0.06818181818181818 -0.17015140591204037 0.039763981528989224 -0.04981615466729925 -0.025020850708924104 0.039172481331864364 -0.1312828207051763 0.10687425781765403 0.02880658436213992 -0.001325556733828208 -0.10127275215546735 0.06598766317601493 -0.04524318210380797 -0.11766049805803062 -0.1812933025404157 -0.12068755333414605 -0.23040906850665355 -0.15644555694618273 -0.102106759725992 0.07734949078251903 -0.8391793514228988 -0.35709037472446725 -0.04972650422675286 -0.18190298507462688 -0.08621667612024957 -0.33598480351418736 -0.3657351154313487 -0.46186230807330364 -0.5440710209258085 -2.388230798624379 -4.104950239110766 -1.071824736550194 0.0024108003857280626 -0.11614401858304298 -0.18830409356725145 -0.004800192007680307 -0.2128968742308639 -0.21294928606597735 -0.7160616608652413 -1.977073832121287 -1.2612956599210894 -0.46070835639180946 -0.0051183621241202805 -0.15459051215482653 -0.16802745237250027 -0.19997531168991484 -0.23672267876855146 -0.09721715882853324 0.09717204435031768 -0.30965164190285926 -0.1594354417145844 -0.13036164844407067 0.02879318978467702 -0.07443329198150445 -0.09066183136899367 -0.12555837257032473 -0.154281003415381 -0.12574850299401197 -0.030829942039708968 -0.4369414101290963 -0.06837394331178517 -0.07225433526011561
0.12636486320696846 -0.038236617183985605 -0.05440943096803445 0.010422698320787491 -0.09900990099009901 -0.043714555765595464 -0.11495658554482084 -0.15744217027976265 -0.14704002045774198 0.009684560044272275 -0.02023779408044523 -0.11971658929880284 -0.09047619047619046 -0.07936507936507936 -0.09632446134347274 -0.06759247880054074 -0.119016479204813 -0.26339228909530477 -0.16268695880346365 -0.13256006628003314 0.008930849706557796 0.008639842014317453 0.004808270224786633 -0.025092603656350826 -0.0718501411342058 -0.14233066463337146 -0.010621348911311734 -0.2755555555555556 -0.044117647058823525 -0.15717375630857966 0.05259107234479221 -0.04981615466729925 -0.003574407244132015 0.041620761415105886 -0.1287821955488872 0.1015965166908563 0.030178326474622773 -0.046394485683987276 -0.09853565074586013 0.051642519007316035 -0.05027020233756441 -0.11537582819282614 -0.18475750577367206 -0.11581128855296843 -0.22794480039428291 -0.1539424280350438 -0.10727672224376375 0.0038674745391259644 -0.8669755129053609 -0.36149889786921385 -0.026106414719045252 -0.20055970149253727 -0.062393647192285885 -0.3431081562388698 -0.3499392466585661 -0.47052996532937097 -0.4882688649334179 -1.9156795312699018 -3.878764378958253 -1.0440931780366056 0.009643201542912245 -0.12427409988385599 -0.16491228070175437 -0.015600624024960999 -0.2128968742308639 -0.23141309699655346 -0.6862257583291894 -1.54690003697769 -1.0818378515973017 -0.4399557277255119 0.017914267434420986 -0.16521123436393675 -0.14436161401017633 -0.19997531168991484 -0.2121918312277689 -0.0984323733138899 0.11710477139653667 -0.22599575477587716 -0.12676424464192368 -0.11774600504625736 0.05007511266900351 -0.07894440058644411 -0.0657298277425204 -0.11469274417481587 -0.1283712165822636 -0.11976047904191618 0.003699593044765076 -0.34632571996027794 -0.038538040775733466 -0.06437204414083028
0.13986013986013984 -0.03486279802069275 -0.04307413284969395 0.018529241459177764 -0.08958038661008957 -0.03662570888468809 -0.10517304634951694 -0.09325420855032095 -0.14576141158419637 0.009684560044272272 -0.006324310650139135 -0.13315416564866847 -0.07738095238095237 -0.07814407814407814 -0.08871989860583016 -0.08725574536069805 -0.104629871828407 -0.24812317088688127 -0.15481500918394123 -0.15603424468378901 0.02041337075784639 0.006171315724512467 0.018031013342949875 -0.035846576651929744 -0.05517064408519373 -0.13597661710509595 0.009293680297397766 -0.24126984126984125 -0.034759358288770054 -0.16005767844268204 0.06541816316059519 -0.05100225358794923 0.02025497438341475 0.05018974170645122 -0.11252813203300824 0.10951312838105291 0.04801097393689986 -0.035790031813361614 -0.084850143697824 0.05307703342418592 -0.043986427045368856 -0.12794151245145075 -0.1789838337182448 -0.1158112885529684 -0.22548053228191228 -0.17146433041301626 -0.10986170350264961 -0.06059043444630656 -0.8762409000661814 -0.3850110213078619 -0.023620089507707602 -0.1923973880597015 -0.05899035734543393 -0.35023150896355226 -0.3511543134872418 -0.47300643883110444 -0.4527584020291693 -1.4354859253598267 -3.6318986687346517 -1.041320022185247 0.01808100289296046 -0.13240418118466898 -0.15672514619883043 -0.010800432017280693 -0.2104356386906227 -0.2338749384539635 -0.6551466931874689 -1.1339824972266732 -0.9291078019600357 -0.39845047039291637 0.021753039027511197 -0.1734717960821336 -0.13371198674713053 -0.19380323416862116 -0.20973874647369067 -0.09721715882853324 0.11710477139653667 -0.11611936571357225 -0.10324098274960795 -0.12335295766750771 0.04882323485227842 -0.08007217773767902 -0.06346328195829556 -0.12072920439454302 -0.13425980449888117 -0.125748502994012 -6.938893903907229e-19 -0.24702085402184698 -0.05096966683242169 -0.08670520231213873
0.13249907986750092 -0.04610886189833558 -0.039673543414191784 -1.3877787807814458e-18 -0.08250825082508251 -0.04253308128544423 -0.10395010395010396 -0.10052077025554076 -0.15215445595192428 0.0 -0.005059448520111309 -0.13315416564866847 -0.0738095238095238 -0.0695970695970696 -0.09252217997465145 -0.08602679120068822 -0.104629871828407 -0.24557831785214407 -0.15612700078719494 -0.15189174261253796 0.025516713447307982 6.938893903907229e-19 0.013222743118163238 -0.028677261321543794 -0.057736720554272515 -0.12708095056551022 0.014604354753053638 -0.2336507936507936 -0.010695187165775404 -0.15861571737563085 0.07054899948691637 -0.04863005574664927 0.02144644346479209 0.041620761415105886 -0.10877719429857466 0.11479086950785064 0.039780521262002745 -0.030487804878048773 -0.0957985493362529 0.05307703342418592 -0.040216161870051524 -0.13136851724925747 -0.18013856812933024 -0.1170303547482628 -0.22794480039428291 -0.19023779724655818 -0.12537159105596485 -0.12375918525203042 -0.8749172733289212 -0.40705363703159436 -0.01864743908503232 -0.18190298507462688 -0.060124787294384585 -0.32529977442716373 -0.3450789793438639 -0.4519564140663694 -0.40837032339885865 -0.9629346580053497 -3.359183145922193 -0.9733777038269553 0.021697203471552556 -0.1173054587688734 -0.1497076023391813 0.00960038401536061 -0.2190499630814669 -0.2191038897095027 -0.6464445549477873 -0.9121163564649327 -0.79292350770014 -0.33342556723851685 0.019193857965451058 -0.16521123436393675 -0.12542894332031712 -0.19997531168991484 -0.2060591193425733 -0.10329323125531657 0.11959636227731407 -0.09863903109002373 -0.0836382645060115 -0.10653209980375666 0.05633450175262894 -0.07330551483026954 -0.054397098821396206 -0.10865628395508872 -0.13425980449888117 -0.12335329341317365 0.006165988407941791 -0.22467725918570008 -0.037294878170064646 -0.07619548081975829
0.13127223653539447 -0.043859649122807015 -0.044207662661527994 -0.0023161551823972213 -0.07307873644507308 -0.04253308128544423 -0.09172067995597408 -0.0980985830204675 -0.14192558496355961 0.0013835085777531828 -0.0025297242600556546 -0.13071096994869288 -0.07142857142857142 -0.06227106227106227 -0.08111533586818757 -0.08602679120068822 -0.08501177086058069 -0.23794375874793233 -0.14563106796116504 -0.12979839823253242 0.02296504210257719 1.3877787807814458e-18 0.014424810674359901 -0.027482375433146133 -0.06286887349243006 -0.12326852204854491 0.007966011683483803 -0.22730158730158725 -0.017379679144385034 -0.1499639509733237 0.07439712673165726 -0.037955165460799425 0.01906350530203741 0.05998286203941731 -0.10502625656414107 0.11215199894445176 0.0411522633744856 -0.023860021208907737 -0.09169289722184207 0.06742217759288481 -0.047756692220686195 -0.12108750285583732 -0.17205542725173212 -0.10483969279531877 -0.21685559388861506 -0.19023779724655818 -0.11761664727930723 -0.11473507799406987 -0.840502978160159 -0.38207200587803086 -0.021133764296369963 -0.17257462686567165 -0.05104934770277936 -0.31342751988602635 -0.34021871202916154 -0.4296681525507677 -0.37539632213062774 -0.7158323780410139 -3.0192581103786997 -0.8929561841375488 0.03254580520732883 -0.09872241579558652 -0.15555555555555553 0.048001920076803074 -0.21781934531134625 -0.19079271294928607 -0.605420188960716 -0.8147417724639467 -0.7063764795723558 -0.2794687327061428 0.02687140115163148 -0.15105027141845645 -0.11241273222103894 -0.18886557215158625 -0.1803017294247516 -0.0911410864017499 0.1370374984427557 -0.08115869646647522 -0.06272869837950862 -0.07989907485281751 0.0513269904857286 -0.08232773204014886 -0.05213055303717136 -0.10624169986719786 -0.13308208691555765 -0.12455089820359282 0.007399186089530151 -0.19860973187686196 -0.04475385380407758 -0.06437204414083027
0.1398601398601399 -0.05060728744939271 -0.03854001360235774 -0.004632310364794443 -0.061291843470061294 -0.038988657844990546 -0.07093065916595329 -0.08840983408017442 -0.12274645186037589 0.0013835085777531813 -0.008854034910194791 -0.14170535059858294 -0.07738095238095237 -0.06837606837606837 -0.09378960709759188 -0.08725574536069805 -0.09809050483913158 -0.23158162616108924 -0.1613749672002099 -0.12565589616128142 0.033171727481500386 0.009874105159219946 0.019233080899146535 -0.026287489544748476 -0.05773672055427252 -0.11564366501461429 0.015932023366967602 -0.22222222222222218 -0.010695187165775406 -0.1528478731074261 0.07311441765007695 -0.04269956114339936 0.0023829381627546746 0.06120700208103806 -0.1075268817204301 0.11479086950785064 0.039780521262002745 -0.023860021208907737 -0.08621869440262761 0.0688566920097547 -0.05278371245444262 -0.12108750285583733 -0.18706697459584296 -0.09386809703766916 -0.23287333661902418 -0.18147684605757197 -0.1266640816854078 -0.10055433801727473 -0.7835870284579749 -0.3379867744305657 -0.014917951268025854 -0.16441231343283583 -0.06352807714123654 -0.30274249079900273 -0.33292831105710813 -0.4222387320455671 -0.3322764743183259 -0.5719016685772513 -2.5126017836370687 -0.8139212423738214 0.04218900675024108 -0.10104529616724742 -0.15438596491228068 0.058802352094083764 -0.2067437853802609 -0.16740521910388972 -0.5594231725509697 -0.7383212128682362 -0.6211022018582155 -0.24626452684006636 0.026871401151631474 -0.16403115411848007 -0.09821322920364453 -0.18886557215158623 -0.18030172942475162 -0.08992587191639324 0.12457954403886881 -0.07741291047571482 -0.045739675901725035 -0.06588169329969164 0.06509764646970456 -0.08232773204014886 -0.04306436990027198 -0.11227816008692501 -0.11541632316570487 -0.1305389221556886 0.01726476754223702 -0.19240317775571003 -0.05842864246643462 -0.08407777193904362
0.122684333210649 -0.05510571300044984 -0.04534119247336204 0.0034742327735958305 -0.08015087223008015 -0.029536862003780716 -0.08071419836125719 -0.07872108513988132 -0.1304181051016494 0.0069175428887659094 -0.011383759170250446 -0.1465917419985341 -0.0976190476190476 -0.07203907203907203 -0.0988593155893536 -0.09217156200073737 -0.10593774522626212 -0.23158162616108918 -0.17580687483600105 -0.12289422811378073 0.03444756315386578 0.017279684028634903 0.02764755379252314 -0.03106703309833911 -0.060302797023351305 -0.1258101410598551 0.00929368029739777 -0.23365079365079366 -0.025401069518716585 -0.1643835616438356 0.0564391995895331 -0.045071758984699326 -0.010723221732396046 0.06243114212265882 -0.12253063265816452 0.10819369309935348 0.02743484224965706 -0.027836691410392363 -0.09169289722184207 0.060249605508535364 -0.05906748774663817 -0.12222983778843959 -0.20323325635103928 -0.09874436181884678 -0.24889107934943322 -0.1864831038798498 -0.14088147860928008 -0.09410854711873148 -0.71475843812045 -0.3071271124173402 -0.027349577324714075 -0.15508395522388058 -0.06693136698808848 -0.3063041671613439 -0.34021871202916154 -0.4222387320455671 -0.3170577045022194 -0.4254235129282894 -1.8792813752100297 -0.7307265668330559 0.030135004821600773 -0.09523809523809526 -0.15204678362573099 0.07320292811712467 -0.20920502092050214 -0.15140324963072377 -0.529587270014918 -0.6680636016270184 -0.5689194348988164 -0.21167681239623687 0.012795905310300703 -0.15695067264573992 -0.11477931605727132 -0.17528700160474014 -0.1925671531951429 -0.0911410864017499 0.10589261243303849 -0.08240729179672868 -0.04573967590172503 -0.05747126436781609 0.06009013520280421 -0.07894440058644411 -0.057796917497733455 -0.11227816008692504 -0.12248262866564599 -0.12694610778443113 0.0024663953631767154 -0.18495531281032768 -0.0919940328194928 -0.09064634787178141
0.10182799656483865 -0.06185335132703553 -0.06121060983903877 -0.00463231036479444 -0.10490334747760491 -0.0330812854442344 -0.11006481594716891 -0.07872108513988132 -0.14959723820483314 0.004150525733259544 -0.011383759170250446 -0.14781333984852188 -0.09404761904761905 -0.0757020757020757 -0.10139416983523449 -0.0970873786407767 -0.11116923881768245 -0.24557831785214407 -0.17843085804250852 -0.1339409003037835 0.029344220464404186 0.009874105159219946 0.01682894578675322 -0.033456804875134416 -0.06928406466512703 -0.14995552166730206 -0.0053106744556558685 -0.25396825396825395 -0.03342245989304814 -0.18168709444844988 0.047460236018471005 -0.04863005574664926 -0.02859525795305612 0.05631044191455501 -0.137534383595899 0.1015965166908563 0.01646090534979424 -0.017232237539766698 -0.08758724510743122 0.07316023526036437 -0.06535126303883373 -0.11766049805803062 -0.21247113163972284 -0.09752529562355236 -0.26121241991128635 -0.19148936170212766 -0.15509887553315244 -0.08895191439989689 -0.599602911978822 -0.26598089639970607 -0.03356539035305818 -0.13992537313432835 -0.0760068065796937 -0.27899798171672796 -0.34021871202916154 -0.40614165428429916 -0.2980342422320862 -0.33881034263151194 -1.1787514540519581 -0.6087077093732666 0.03013500482160077 -0.08478513356562138 -0.16023391812865495 0.07680307212288492 -0.2141274920009845 -0.1415558838010832 -0.5009945300845351 -0.6199926044619747 -0.5269186712485682 -0.18262313226342003 -0.003838771593090211 -0.1628510738730234 -0.12187906756596852 -0.17899024811751635 -0.19869986508033852 -0.10329323125531657 0.07973090818487605 -0.09614184042951679 -0.06142185049660219 -0.06447995514437903 0.052578868302453674 -0.07330551483026954 -0.06912964641885766 -0.1074489919111433 -0.13072665174891063 -0.12335329341317365 -0.0024663953631767184 -0.1849553128103277 -0.08329189457981104 -0.10641093011035208
