-0.0294045577064445 0.007875787578757875 0.035195277020890106 0.01273885350318471 -0.07665094339622643 0.03309301501004609 -0.06487148102815178 0.07640067911714772 -0.07417828366798825 0.019361084220716362 -0.03161355589276682 -0.05624847150892638 0.0023840743831207534 -0.014664548454112187 0.008887760284408328 0.013540128015755784 0.09839937024403045 0.0038289725590299915 -0.007876082961407193 0.005526388505111909 0.01531589023611998 -0.08515364679748241 -0.06244746006965294 -0.09795723330545933 -0.10409973011181081 0.043350758638276164 -0.1249169435215947 0.05988023952095809 -0.1629926519706079 -0.0028868360277136246 -0.07060333761232349 -0.44035608308605345 -0.5180852333771039 -0.18983466013472142 -0.15045135406218654 -0.10169043845747491 -0.01239157372986369 0.014615997874036673 -0.12196793202686038 -0.05441787197479593 -0.16350144635894853 -0.7430269775948788 -1.3431281813975011 -0.4691117338857073 -0.22466362177508953 -0.18764073054791092 -0.07240755107318335 -0.15314730694354317 -0.096971307120085 -0.1293166789125643 -0.0012444001991040302 -0.0898797712151278 -0.23928328419142667 -0.05113568795338328 -0.18124315776669506 -0.00992678992430823 -0.1026095768938434 -0.003819223424570336 -0.08672016567434637 -0.016671297582661847 -0.05424300867888139 -0.07669068092028818 -0.055080276573303645 -0.032370219398153696 -0.18826135105204872 -0.03445305770887166 -0.09201691121611541 -0.033271719038817 -0.11590880142656985 -0.020746887966804975 -0.002560491614389965 -0.05669737774627923 -0.015406494429959705 -0.09019026439337781 -0.024588148512417012 -0.0170316301703163 -0.04987531172069826 0.027520640480360275 -0.0981675392670157 0.00981904895497265 -0.023773773773773776 -0.018064807496895104 -0.03967804103843102 -0.09784972215510994 -0.10372465818010372 -0.017994241842610365 -0.06662553979025293 0.004975743251648216 -0.06845052893590542 -0.10127581217940285
-0.04778240627297232 0.0067506750675067504 0.02384196185286104 -0.0034742327735958296 -0.0813679245283019 0.0260016546507505 -0.07466340269277846 0.07397526073247636 -0.0818518992198491 0.026275757156686487 -0.03540718259989884 -0.0586940572267058 0.004768148766241507 -0.0012220457045093469 0.013966480446927373 0.018463810930576075 0.10889530307006037 0.01659221442246331 0.014439485429246524 0.02625034539928157 -0.003828972559029995 -0.091324200913242 -0.07445658700612465 -0.1158762393979214 -0.11695154864413312 0.01657529006757618 -0.1435215946843854 0.029303095935788004 -0.1830327321309285 -0.018764434180138567 -0.0975609756097561 -0.5471810089020772 -0.5944848991285664 -0.22045315370483776 -0.160481444332999 -0.12546222926571582 -0.026159988985267797 0.002657454158915758 -0.12470878443195836 -0.05012172418731205 -0.2024902527983901 -1.1305441243712848 -1.8405830633965756 -0.5081028390398441 -0.2431798543389705 -0.19264448336252188 -0.09050943884147919 -0.15574302401038287 -0.11291179596174283 -0.12196914033798678 -0.03733200597312095 -0.1178942453601027 -0.2869131322295305 -0.07729813295278867 -0.20922028950249363 -0.01489018488646234 -0.12921205979224726 -0.017823042647994905 -0.11390111312451463 -0.030564045568213388 -0.06629701060752169 -0.09412038112944458 -0.051564514238837456 -0.04555808656036446 -0.18210901931832163 -0.04798818752307124 -0.09326038298930614 -0.04559457794208256 -0.11590880142656985 -0.016597510373443983 -0.02432467033670465 -0.05433498700685093 -0.022517184166864185 -0.09389671361502347 -0.028276370789279564 -0.0170316301703163 -0.054862842892768084 0.028771578684013015 -0.10209424083769633 0.011221770234254455 -0.033783783783783786 -0.021451958902562938 -0.03627706609227979 -0.10026576467745832 -0.10254596888260255 -0.029990403071017274 -0.06909315237507711 -0.012439358129120536 -0.07342874922215309 -0.10785216361962383
-0.050232786081842694 0.019126912691269128 0.012488646684831975 0.015055008685581933 -0.09551886792452831 0.035456801796477956 -0.09057527539779682 0.071549842347805 -0.09464125847295049 0.023509887982298437 -0.03793626707132019 -0.05135730007336757 0.0071522231493622605 0.01955273127214958 0.01015744032503809 0.035696701132447065 0.1102072946733141 0.020421186981493304 0.006563402467839328 0.026250345399281567 -0.015315890236119973 -0.08762186844378625 -0.07565749969977183 -0.12662764305339863 -0.12466263976352651 0.015300267754685704 -0.13953488372093026 0.02802904828640591 -0.17368069472277886 -0.02020785219399538 -0.11681643132220798 -0.6183976261127596 -0.6649158409931957 -0.23637477036129825 -0.16925777331995986 -0.12810353935552032 -0.026159988985267797 -0.005314908317831517 -0.13156091544470333 -0.05012172418731203 -0.23770594893724056 -1.5832190214906265 -2.3472929199444703 -0.5385646399415134 -0.26539933341562766 -0.18138603952964721 -0.10473235065942592 -0.15055158987670342 -0.1328374070138151 -0.11903012490815576 -0.05102040816326531 -0.1377378312127933 -0.3220684962576549 -0.10702818408847663 -0.22381705388638853 -0.013649336145923813 -0.13807955409171524 -0.019096117122851686 -0.12296142894123738 -0.03473186996387886 -0.07955641272902603 -0.10574018126888218 -0.056252197351459046 -0.06953602685529311 -0.18703088470530332 -0.05167958656330749 -0.09450385476249691 -0.03943314849044979 -0.11590880142656985 -0.01798063623789765 -0.03840737421584945 -0.029529884242853778 -0.033183218772220906 -0.06548060291574005 -0.03934103761986722 0.004866180048661799 -0.0685785536159601 0.046284713535151366 -0.11649214659685865 0.025248983027072524 -0.03753753753753754 -0.006774302811335668 -0.032876091146128564 -0.09301763711041315 -0.09311645450259312 -0.013195777351247601 -0.06785934608266501 -1.3877787807814458e-18 -0.06845052893590542 -0.0946994607391819
-0.04655721636853714 0.025877587758775876 -0.0022706630336058074 0.004632310364794437 -0.10377358490566038 0.04018437536934168 -0.1003671970624235 0.07518796992481203 -0.09975700217419106 0.024892822569492462 -0.02908447142134548 -0.04646612863780876 0.002384074383120754 0.015886594158621533 0.011427120365667853 0.03938946331856229 0.11545526108632906 0.020421186981493294 0.019690207403517984 0.026250345399281567 -0.024250159540523297 -0.08145131432802666 -0.08166206316800768 -0.11946004061641383 -0.11438118493766872 0.02677546857069999 -0.1249169435215947 0.029303095935787997 -0.15497661990647962 -0.012990762124711317 -0.12195121951219515 -0.6635014836795252 -0.7090843977557599 -0.2290263319044703 -0.15672016048144433 -0.11753829899630217 -0.004130524576621229 0.0013287270794578808 -0.11922707962176238 -0.037233280824860375 -0.26789083134196956 -2.0873342478280748 -2.8320222119389173 -0.5763372730595833 -0.27033699543266265 -0.18764073054791092 -0.10861132660977502 -0.16482803374432184 -0.13549415515409138 -0.1351947097722263 -0.0584868093578895 -0.178592272674215 -0.36402812429122255 -0.13437983113330954 -0.2201678627904148 -0.026057823551309096 -0.13301241449201925 -0.03437301082113303 -0.10872378980067306 -0.048624617949430404 -0.09522661523625843 -0.10457820125493841 -0.07383100902378999 -0.06713823282580025 -0.18703088470530332 -0.04429678848283499 -0.09077343944292467 -0.03820086260012323 -0.10444529359317285 -0.009681881051175654 -0.0422481116374344 -0.030711079612567915 -0.0355534486845224 -0.07659995058067705 -0.03319400049176297 0.0036496350364963494 -0.06234413965087282 0.04503377533149863 -0.10340314136125657 0.014027212792818067 -0.04004004004004004 -2.0816681711721684e-18 -0.03287609114612855 -0.10388982846098091 -0.08250825082508251 -0.010796545105566218 -0.06415792720542873 -0.001243935812912054 -0.057249533291848155 -0.08680783901091675
-0.04410683655966675 0.01575157515751575 -0.0011353315168029017 0.0011580775911986057 -0.0919811320754717 0.034274908403262014 -0.08690330477356181 0.06791171477079797 -0.08696764292108966 0.02627575715668649 -0.03414264036418817 -0.042797750061139644 -0.004768148766241506 0.019552731272149577 0.016505840528186898 0.04062038404726735 0.12332721070585148 0.014039566049776648 0.03544237332633237 0.024868748273003588 -0.026802807913209957 -0.08145131432802667 -0.08646571394259639 -0.1254330426472345 -0.1079552756715075 0.022950401632028557 -0.1142857142857143 0.021658810039495477 -0.14562458249832996 -0.017321016166281754 -0.12323491655969192 -0.7038575667655785 -0.7353467828578252 -0.22657685241886102 -0.14167502507522567 -0.11753829899630219 0.008261049153242463 0.0 -0.10552281759627244 -0.024344837462408706 -0.3056219343478807 -2.6245999085505263 -3.2936140675613146 -0.6067990739612525 -0.2814467349709912 -0.2026519889917438 -0.11507628652702355 -0.19208306294613883 -0.140807651434644 -0.15135929463629685 -0.07341961174713789 -0.2392902999883273 -0.42413245633930596 -0.17481270067784516 -0.22746624498236226 -0.04218885717830996 -0.13301241449201925 -0.047103755569700825 -0.1048407973077919 -0.05696026674076132 -0.1060752169720347 -0.12665582151986987 -0.08672213758349936 -0.08152499700275746 -0.18949181739879412 -0.056601451950289164 -0.0945038547624969 -0.051756007393715345 -0.10954018596357154 -0.01383125864453665 -0.03584688260145949 -0.047247814788566024 -0.04621948328987912 -0.07907091672844083 -0.023358741086796163 -0.002433090024330904 -0.032418952618453865 0.02626970227670754 -0.07198952879581152 0.008416327675690841 -0.046296296296296294 -0.009032403748447557 -0.031742432830744814 -0.12925827494563907 -0.07779349363507779 -0.02279270633397313 -0.057988895743368275 -0.02114690881950491 -0.05102675793403857 -0.0960147310272261
-0.04165645675079638 -0.0011251125112511251 0.006811989100817444 -0.0011580775911986113 -0.0813679245283019 0.026001654650750494 -0.07343941248470012 0.05578462284744119 -0.07417828366798822 0.031807495505462594 -0.045523520485584223 -0.04035216434336024 -0.011920371915603767 0.02199682268116828 0.012696800406297615 0.048005908419497784 0.120703227499344 0.007657945118059994 0.02231556839065371 0.0303951367781155 -0.02552648372686662 -0.08021720350487474 -0.09727392818542092 -0.11468163899175728 -0.10795527567150753 0.01785031238046666 -0.1036544850498339 0.0191107147407313 -0.13360053440213762 -0.030311778290993074 -0.11681643132220795 -0.7157270029673589 -0.723409335084159 -0.22290263319044704 -0.1328986960882648 -0.12678288431061807 0.006884207627702053 -0.013287270794578792 -0.10278196519117447 -0.027208935987397966 -0.3408376304867312 -3.133287608596251 -3.690421101341971 -0.610454490069453 -0.2888532279965436 -0.20765574180635477 -0.12542022239462117 -0.208955223880597 -0.15807651434643993 -0.15576781778104337 -0.08710801393728224 -0.36185362437259255 -0.5318666364254934 -0.20097514567725056 -0.23354823014231846 -0.05583819332423377 -0.11907778059285534 -0.04583068109484405 -0.09836914315298992 -0.06390664073353709 -0.10486981677917066 -0.15105740181268884 -0.08672213758349936 -0.09950845222395396 -0.18087855297157623 -0.07136704811123415 -0.0945038547624969 -0.06777572396796057 -0.09935040122277417 -0.026279391424619637 -0.04608884905901934 -0.0673281360737066 -0.06399620763214033 -0.08771929824561404 -0.02089992623555446 -0.010948905109489055 -0.032418952618453865 0.021265949462096582 -0.07722513089005235 0.00280544255856362 -0.05255255255255255 -0.016935757028339167 -0.04874730756150096 -0.12925827494563907 -0.08015087223008015 -0.02399232245681382 -0.05428747686613202 -0.017415101380768756 -0.04978220286247666 -0.10127581217940287
-0.03308012741975006 -0.010126012601260125 0.028383287920072664 -0.008106543138390274 -0.07547169811320754 0.020092187684670842 -0.07955936352509181 0.04123211253941306 -0.07034147589205779 0.013829345871940258 -0.025290844714213445 -0.042797750061139644 -0.0035761115746811302 0.010998411340584139 0.019045200609446422 0.034465780403742 0.11939123589609028 -0.0025526483726866613 0.043318456287739567 0.02072395689416966 -0.0076579451180599865 -0.08391953597433048 -0.0816620631680077 -0.10751403655477243 -0.10924045752473974 0.021675379319138086 -0.11295681063122924 0.040769524780226774 -0.1336005344021376 -0.018764434180138567 -0.10397946084724005 -0.6824925816023738 -0.6577533723289961 -0.20943049601959585 -0.12788365095285859 -0.12678288431061807 1.3877787807814458e-18 -0.009301089556205155 -0.10826367000137042 -0.032937133037376484 -0.33957992705320084 -3.464791952446274 -3.8072651550208234 -0.6080175459973194 -0.2765090729539563 -0.2089066800100075 -0.11119731057667444 -0.20635950681375728 -0.15409139213602546 -0.16605437178545188 -0.10204081632653061 -0.6501692541146259 -0.8414606486731685 -0.24497562135806872 -0.2542269796861696 -0.07196922695123464 -0.12541170509247532 -0.047103755569700825 -0.10872378980067306 -0.0666851903306474 -0.10728061716489874 -0.18010690216128283 -0.10195710769951952 -0.1366742596810934 -0.1907222837455395 -0.10089824043312415 -0.0969907983088784 -0.09981515711645102 -0.10317157050057317 -0.04979253112033195 -0.049929586480604284 -0.0956768249468462 -0.07703247214979854 -0.10501606127996047 -0.02212933366117531 -0.025547445255474456 -0.032418952618453865 0.010007505629221921 -0.07329842931937172 -0.015429934072099877 -0.04254254254254255 -0.007903353279891608 -0.05328194082303593 -0.12925827494563907 -0.08368694012258368 -0.021593090211132437 -0.05798889574336828 -0.0161711655678567 -0.04978220286247666 -0.09338419045113769
-0.019603038470963 -0.011251125112511251 0.054495912806539516 -0.013896931094383325 -0.05896226415094339 0.013000827325375252 -0.06731946144430846 0.04244482173174873 -0.06138892441488682 0.011063476697552208 -0.012645422357106728 -0.048911714355588165 0.0035761115746811302 0.006110228522546743 0.02666328085322499 0.024618414574101428 0.1272631855156127 -0.014039566049776648 0.04069309530060383 0.009671179883945835 0.006381620931716655 -0.08268542515117858 -0.06965293623153597 -0.10870863696093658 -0.09895900269888189 0.017850312380466655 -0.10498338870431893 0.03312523888393427 -0.13092852371409486 -0.027424942263279444 -0.08600770218228497 -0.63026706231454 -0.577772472245434 -0.18371096142069812 -0.11534603811434303 -0.13074484944532488 0.005507366102161642 -0.014615997874036672 -0.10963409620391942 -0.04725762566232279 -0.32700289271789706 -3.6431184270690453 -3.8396575659416934 -0.5958328256366516 -0.2567584248858166 -0.2176632474355767 -0.10214636669252652 -0.20376378974691756 -0.16339001062699254 -0.17487141807494488 -0.12444001991040321 -1.0295319248278276 -1.2327058289861648 -0.30086811749316206 -0.2785549203259944 -0.09926789924308227 -0.14061312389156322 -0.08020369191597708 -0.12296142894123738 -0.09308141150319534 -0.11210221793635489 -0.20334650244015803 -0.13125512715340443 -0.17144227310873997 -0.20056601451950287 -0.12427710102128706 -0.10569510072121364 -0.10967344423906347 -0.10954018596357151 -0.06639004149377593 -0.03584688260145948 -0.13701866288684147 -0.07821758710594928 -0.11984185816654311 -0.007376444553725101 -0.040145985401459854 -0.01745635910224439 -0.0012509382036527412 -0.06806282722513089 -0.03085986814419974 -0.03878878878878879 -0.020322908434007005 -0.055549257453803416 -0.1425465088185552 -0.08368694012258368 -0.041986564299424184 -0.06415792720542875 -0.03980594601318572 -0.05351586807716241 -0.10785216361962383
0.0024503798088703734 -0.027002700270027002 0.07947320617620346 -0.03242617255356109 -0.04481132075471697 -2.0816681711721684e-18 -0.06731946144430846 0.027892311423720596 -0.06522573219081725 0.00414880376158208 -0.015174506828528073 -0.06969919295671313 0.013112409107164144 -0.014664548454112183 0.03428136109700356 0.006154603643525357 0.13513513513513514 -0.037013401403956606 0.042005775794171696 -0.008289582757667866 0.0025526483726866613 -0.10119708749845735 -0.0804611504743605 -0.12184924142874212 -0.09638863899241742 0.0038250669386714247 -0.11295681063122924 0.016562619441967134 -0.1442885771543086 -0.044745958429561195 -0.05391527599486521 -0.5958456973293769 -0.49062910349767225 -0.17881200244947948 -0.09653961885656971 -0.1386687797147385 0.009637890678782872 -0.03454690406590486 -0.10415239139372345 -0.0673063153372476 -0.3307760030184882 -3.6922725194330135 -3.754049051365109 -0.5848665773120507 -0.2419454388347118 -0.22892169126845135 -0.10731833462632537 -0.208955223880597 -0.1726886291179596 -0.18368846436443792 -0.14310602289696367 -1.4462472277343292 -1.682921297346337 -0.36032821976453794 -0.28585330251794183 -0.12036232783223726 -0.14821383329110718 -0.10693825588796943 -0.12943308309603935 -0.10836343428730204 -0.10969141755062681 -0.2428538229142459 -0.15820930505097858 -0.2122047716101187 -0.19687461547926663 -0.15257782699643166 -0.10569510072121362 -0.14294516327788048 -0.10954018596357151 -0.10926694329183954 -0.0345666367942645 -0.1700921332388377 -0.07940270206210003 -0.15567086730911786 0.008605851979345956 -0.058394160583941604 -0.0037406483790523694 -0.01751313485113835 -0.05759162303664922 -0.04628980221629962 -0.031281281281281284 -0.04516201874223778 -0.06121754903072213 -0.1497946363856004 -0.07543611504007544 -0.05638195777351247 -0.06045650832819249 -0.05722104739395447 -0.05102675793403858 -0.11442851505984479
0.012251899044351875 -0.028127812781278128 0.05790190735694822 -0.015055008685581933 -0.028301886792452824 0.014182720718591182 -0.0452876376988984 0.03274314819306331 -0.05115743701240568 0.012446411284746235 -0.01896813353566009 -0.07825874296894106 0.014304446298724521 -0.010998411340584137 0.050787201625190445 0.009847365829640572 0.1482550511676725 -0.04467134652201659 0.06038330270412182 -0.023487151146725616 0.006381620931716655 -0.11230408490682461 -0.09367119010447941 -0.12423844224107036 -0.07839609304716619 -0.005100089251561903 -0.0930232558139535 0.0038221429481462613 -0.13226452905811623 -0.06495381062355658 -0.028241335044929382 -0.517507418397626 -0.37961083920257843 -0.1408450704225352 -0.07271815446339018 -0.12150026413100898 0.023406305934186977 -0.022588360350783942 -0.08222557215293956 -0.058714019762279836 -0.3106527480820023 -3.6133973479652495 -3.4567329939842666 -0.5410015840136468 -0.20738180471546724 -0.21891418563922943 -0.08145849495733128 -0.20895522388059704 -0.15010626992561105 -0.1763409257898604 -0.1605276256844201 -1.8221080891794095 -2.129734633703788 -0.42454513021762386 -0.2895024936139156 -0.1389750589403152 -0.14821383329110718 -0.11712285168682368 -0.12813875226507893 -0.1250347318699639 -0.10728061716489874 -0.27771322333255866 -0.23789991796554552 -0.22179594772809014 -0.21164021164021163 -0.14519502891595915 -0.10320815717483214 -0.13431916204559458 -0.10699273977837218 -0.0912863070539419 -0.0204839329151197 -0.19253484526340656 -0.11614126570277317 -0.1729676303434643 0.023358741086796166 -0.0681265206812652 0.02119700748129676 -0.028771578684013012 -0.034031413612565446 -0.06031701500911768 -0.03753753753753754 -0.07677543186180422 -0.07935608207686203 -0.16066682773616817 -0.07779349363507779 -0.05998080614203455 -0.05181986428130784 -0.06344072645851474 -0.05227131300560049 -0.11968959621202155
0.022053418279833373 -0.04387938793879388 0.06357856494096276 -0.034742327735958305 -0.028301886792452824 -0.0035456801796477943 -0.04283965728274173 0.01940334707737085 -0.05371530886302596 -0.008297607523164153 -0.016439049064238744 -0.07336757153338225 0.016688520681845273 0.0036661371135280436 0.04951752158456069 0.012309207287050716 0.14300708475465757 -0.0650925335035099 0.04988185875557889 -0.0428295109146173 0.015315890236119973 -0.10613353079106505 -0.08286297586165485 -0.10273563493011588 -0.08096645675363065 0.007650133877342852 -0.08903654485049833 -0.001274047649382086 -0.13092852371409486 -0.07650115473441108 -0.005134788189987159 -0.4225519287833827 -0.26023636146591855 -0.1224739742804654 -0.05767301905717154 -0.12150026413100898 0.03442103813851026 -0.026574541589157584 -0.0767438673427436 -0.06444221681225834 -0.2817255691108037 -3.337905807041609 -3.020592318371124 -0.4971365907152431 -0.19627206517713863 -0.21641230923192395 -0.07887251099043187 -0.2128487994808566 -0.15010626992561102 -0.17634092578986038 -0.1767048282727725 -2.0859110540445895 -2.6309820821047856 -0.4733024140801521 -0.28950249361391556 -0.14269760516193075 -0.14821383329110716 -0.13494589433481857 -0.12684442143411856 -0.1389274798555154 -0.10728061716489876 -0.3311643039739717 -0.3129028477674909 -0.2625584462294689 -0.2239448751076658 -0.15873015873015872 -0.1131559313603581 -0.15280345040049292 -0.1146350783339702 -0.10788381742738588 -0.019203687107924715 -0.21143397117883297 -0.13391799004503438 -0.19644180874722017 0.015982296533071056 -0.0851581508515815 0.016209476309226933 -0.05629221916437328 -0.0405759162303665 -0.09257960443259924 -0.04129129129129129 -0.08242068420458395 -0.08729169028454822 -0.13650640251268423 -0.08250825082508251 -0.04918426103646833 -0.05058605798889575 -0.06966040552307501 -0.06098319850653391 -0.12626594765224253
0.02082822837539819 -0.04950495049504951 0.061307901907356945 -0.03474232773595831 -0.027122641509433963 -0.0011818933932159312 -0.03182374541003672 0.021828765462042203 -0.052436372937715824 -0.005531738348776101 -0.01770359129994942 -0.06847640009782344 0.016688520681845277 0.00855431993156544 0.04697816150330117 0.022156573116691287 0.1403831015481501 -0.056158264199106564 0.042005775794171696 -0.04282951091461729 0.0165922144224633 -0.10243119832160927 -0.08286297586165485 -0.08959503046231036 -0.08096645675363065 0.01657529006757618 -0.07441860465116279 0.015288571792585049 -0.12024048096192386 -0.06351039260969978 0.029525032092426195 -0.3097922848664688 -0.16951175838605703 -0.08450704225352113 -0.03510531594784352 -0.10433174854727945 0.05645050254715682 -0.011958543715120912 -0.06578045772235167 -0.06157811828726908 -0.2439944661048925 -2.9435299497027887 -2.5161962054604343 -0.4325575728037042 -0.17158375509196397 -0.19389542156617462 -0.056891647271786916 -0.190785204412719 -0.12221041445270986 -0.16311535635562086 -0.17919362867098057 -2.2213143457453017 -3.1696529825357223 -0.528005708169818 -0.28706969954993306 -0.15014269760516194 -0.12921205979224726 -0.13112667091024827 -0.1139011131245146 -0.13198110586273964 -0.10728061716489876 -0.3904252846851034 -0.4652525489276925 -0.3201055029372977 -0.23871047126861084 -0.16611295681063123 -0.10942551604078588 -0.15526802218114605 -0.11972997070436886 -0.11203319502074689 -0.019203687107924722 -0.21497755728797543 -0.1445840246503911 -0.2149740548554485 0.014752889107450203 -0.10097323600973236 0.023690773067331673 -0.06254691018263697 -0.03664921465968586 -0.08977416187403563 -0.051301301301301304 -0.0914530879530315 -0.11336583153837432 -0.13529838125151003 -0.09193776520509193 -0.029990403071017274 -0.05058605798889575 -0.04229381763900983 -0.059738643434972004 -0.10916743390766803
0.02327860818426856 -0.0675067506750675 0.05903723887375113 -0.042848870874348584 -0.02358490566037736 -0.017728400898238978 -0.02937576499388005 0.003638127577007034 -0.05371530886302596 -0.027658691743880515 -0.00885179564997471 -0.08070432868672048 0.0035761115746811346 -0.009776365636074784 0.04697816150330117 -0.006154603643525355 0.13775911834164262 -0.07019783024888321 0.045943817274875294 -0.052500690798563135 0.03446075303126994 -0.10983586326052079 -0.08166206316800768 -0.08123282761916138 -0.07711091119393394 0.0012750223128904768 -0.07973421926910298 0.003822142948146262 -0.12825651302605212 -0.07650115473441108 0.0564826700898588 -0.227893175074184 -0.0859496239703951 -0.06491120636864667 -0.025075225677031087 -0.10433174854727945 0.053696819496076 -0.005314908317831514 -0.06989173632999864 -0.06014606902477445 -0.19620173563073828 -2.4782807498856876 -2.002545118000925 -0.3899110515413671 -0.1456610295025306 -0.19139354515886914 -0.03749676752004137 -0.18299805321219983 -0.10361317747077577 -0.15870683321087437 -0.1767048282727725 -2.277343294035252 -3.67090043093672 -0.5815198002140564 -0.28342050845395933 -0.1650328824916243 -0.11907778059285534 -0.1413112667091025 -0.10095780481491068 -0.1305918310641845 -0.10486981677917069 -0.4427143853125727 -0.7558889019102308 -0.3992327059105623 -0.25593700012304665 -0.17595668758459454 -0.1131559313603581 -0.16882316697473815 -0.12227741688956821 -0.12309820193637622 -0.012802458071949815 -0.23860146468225843 -0.1516947143872956 -0.2508030639980232 0.004917629702483406 -0.12408759124087591 0.022443890274314215 -0.08131098323742807 -0.032722513089005235 -0.11642586618038997 -0.051301301301301304 -0.11403409732415037 -0.1417072894229679 -0.1497946363856004 -0.10961810466760961 -0.05758157389635317 -0.06169031462060457 -0.06468466227142679 -0.07218419415059116 -0.13678810995659607
0.02817936780200931 -0.07650765076507651 0.07493188010899184 -0.03937463810075276 -0.009433962264150945 -0.024819761257534566 -0.012239902080783354 0.0012127091923356786 -0.043483821460544816 -0.03319043009265662 -0.010116337885685382 -0.09048667155783811 0.0071522231493622605 -0.014664548454112181 0.06094464195022854 -0.02831117676021664 0.14169509315140383 -0.07657945118059988 0.0420057757941717 -0.059408676429953025 0.04594767070835992 -0.10736764161421694 -0.06725111084424161 -0.08242742802532553 -0.07582572934070171 -0.015300267754685709 -0.07043189368770764 0.0038221429481462635 -0.13092852371409486 -0.08516166281755196 0.08215661103979462 -0.1578635014836795 -0.01074370299629938 -0.05388854868340478 -0.008776328986960884 -0.10961436872688853 0.04405892881729313 0.0 -0.08496642455803755 -0.06444221681225834 -0.15469752232423595 -1.9558756287151344 -1.4680703378065711 -0.33507980991836234 -0.11109739538328603 -0.1801351013259945 -0.016808895784846123 -0.1700194678780013 -0.08634431455897981 -0.14401175606171934 -0.15555002488800398 -2.2726742150110892 -4.014515763211613 -0.6647639433939826 -0.27977131735798566 -0.1799230673780866 -0.10767671649353941 -0.15531508593252705 -0.0970748123220295 -0.13892747985551543 -0.10245901639344261 -0.4984894259818732 -1.1684050158209307 -0.6174319625944131 -0.271933062630737 -0.21410114433370248 -0.10942551604078588 -0.18730745532963647 -0.12355113998216787 -0.13692946058091288 -0.007681474843169884 -0.25159461374911407 -0.14102867978193884 -0.2718062762540153 0.001229407425620848 -0.13260340632603407 0.02119700748129676 -0.08256192144108081 -0.041884816753926704 -0.1009959321082901 -0.047547547547547545 -0.11290504685559444 -0.1643804557306428 -0.15341870016912296 -0.11551155115511551 -0.05518234165067178 -0.06539173349784083 -0.060952854832690626 -0.0821406347230865 -0.1328422990924635
0.026954177897574122 -0.07313231323132313 0.06017257039055405 -0.04169079328314997 -0.02240566037735849 -0.02245597447110271 -0.028151774785801713 0.013339801115692457 -0.05371530886302596 -0.027658691743880515 0.002529084471421346 -0.0892638786989484 0.013112409107164144 -0.007332274227056091 0.06729304215337735 -0.02708025603151156 0.1311991603253739 -0.06636885768985322 0.03150433184562877 -0.05388228792484111 0.05105296745373324 -0.0839195359743305 -0.058844721988711414 -0.053757018277386215 -0.07325536563423726 0.01147520081601428 -0.07973421926910298 0.030577143585170087 -0.14428857715430862 -0.06495381062355657 0.10911424903722722 -0.09495548961424331 0.03819983287573117 -0.030618493570116357 -0.002507522567703112 -0.0977284733227681 0.041305245766212306 0.01860217911241031 -0.08085514595039056 -0.06301016754976371 -0.10564708841655138 -1.3923182441700959 -0.9740860712633042 -0.27537468015109046 -0.08640908529811134 -0.15511633725293972 -0.0038789759503491048 -0.13757300454250482 -0.0677470775770457 -0.11756061719324026 -0.13066202090592333 -2.2434924711100734 -4.159673395327739 -0.7313592579379238 -0.28098771438997694 -0.18116391611862515 -0.11147707119331138 -0.16040738383195413 -0.1022521356458711 -0.14170602945262575 -0.10366441658630665 -0.5345108064141297 -1.6688151880932849 -0.8140510730128282 -0.31869078380706284 -0.23378860588162914 -0.13180800795821934 -0.18361059765865678 -0.13246720163036557 -0.1355463347164592 -0.01920368710792472 -0.24686983227025747 -0.15643517421189854 -0.2853965900667161 -0.03565281534300467 -0.1508515815085158 -0.02119700748129676 -0.08006004503377533 -0.07068062827225133 -0.09398232571188106 -0.03628628628628629 -0.11629219826126228 -0.16891508899217778 -0.15583474269147138 -0.12022630834512023 -0.05038387715930902 -0.0740283775447255 -0.047269560890658036 -0.08711885500933415 -0.12232013678810996
0.04410683655966675 -0.06975697569756975 0.06244323342415986 -0.038216560509554146 -0.014150943396226415 -0.021274081077886774 -0.01346389228886169 0.021828765462042203 -0.037089141833994116 -0.026275757156686497 0.021497218007081438 -0.0929322572756175 0.0071522231493622605 0.006110228522546746 0.08633824276282377 -0.04062038404726735 0.1574389923904487 -0.0663688576898532 0.055132580729850354 -0.059408676429953025 0.07402680280791321 -0.0839195359743305 -0.044433769664945354 -0.04658941584040139 -0.055262819688985984 0.01785031238046666 -0.07840531561461794 0.036947381832080524 -0.14562458249833 -0.053406466512702075 0.13478818998716302 -0.06172106824925816 0.07520592097409573 -0.007348438456827926 0.01755265797392177 -0.07923930269413629 0.06608839322593969 0.03188944990698911 -0.07126216253254762 -0.05441787197479593 -0.04779273047415421 -0.8493369913123001 -0.5298472929199445 -0.22419885463628608 -0.04443895815331441 -0.14010507880910686 0.04137574347039048 -0.11940298507462685 -0.026567481402763014 -0.10874357090374724 -0.09955201592832255 -2.1314345745301737 -4.138126559310502 -0.7872517540730171 -0.2870696995499331 -0.17371882367539399 -0.11147707119331138 -0.15531508593252705 -0.09578048149106913 -0.13475965545984997 -0.10245901639344261 -0.5519405066232862 -2.0907066682292275 -1.1497422371418295 -0.375292235757352 -0.25101513473606496 -0.13180800795821934 -0.1910043130006161 -0.13374092472296523 -0.14246196403872752 -0.0051209832287799255 -0.24450744153082918 -0.18013747333491348 -0.3051643192488263 -0.04548807474797148 -0.1678832116788321 -0.0012468827930174563 -0.09382036527395546 -0.045811518324607337 -0.1009959321082901 -0.025025025025025027 -0.12306650107259795 -0.1655141140460265 -0.17516308287025853 -0.1107967939651108 -0.04678502879078695 -0.06169031462060457 -0.03980594601318571 -0.074673304293715 -0.10127581217940287
0.03798088703749081 -0.05288028802880288 0.061307901907356945 -0.038216560509554146 -0.020047169811320757 -0.017728400898238978 -0.0036719706242350054 0.02425418384671356 -0.03708914183399412 -0.020744018807910387 0.016439049064238744 -0.07825874296894106 0.008344260340922638 0.01099841134058414 0.10030472320975115 -0.03323485967503692 0.17318289162949357 -0.05488194001276323 0.05644526122341822 -0.05388228792484111 0.08168474792597319 -0.053066765395532525 -0.045634682358592527 -0.039421813403416564 -0.03727027374373475 0.02295040163202856 -0.06644518272425251 0.035673334182698434 -0.1389445557782231 -0.04330254041570438 0.14249037227214378 -0.047477744807121657 0.08594962397039513 -1.3877787807814458e-18 0.018806419257773325 -0.06735340729001585 0.0674652347514801 0.045176720701567905 -0.08085514595039058 -0.044393527137333515 -0.013834737768834102 -0.45038866026520363 -0.31004164738546974 -0.17911538930181553 -0.018516232563881 -0.12134100575431575 0.055598655288337205 -0.10123296560674885 -0.010626992561105206 -0.09110947832476121 -0.0696864111498258 -1.8186062799112874 -3.8183261510546607 -0.7646569152098942 -0.2919352876778981 -0.15386524382677752 -0.10514314669369143 -0.13749204328453218 -0.07507118819570283 -0.12225618227285359 -0.11451301832208291 -0.5333488264001859 -2.1270362123520448 -1.9050473564320825 -0.5980066445182723 -0.2756244616709733 -0.1566774434220343 -0.19470117067159579 -0.15666794038975929 -0.14384508990318118 0.0038407374215849452 -0.21852114339711787 -0.18724816307181796 -0.3916481344205584 -0.09097614949594295 -0.17396593673965938 0.007481296758104739 -0.09131848886664999 -0.05235602094240839 -0.09538504699116286 -0.027527527527527528 -0.12306650107259795 -0.16664777236141026 -0.1787871466537811 -0.1214049976426214 -0.05158349328214971 -0.0567550894509562 -0.033586266948625446 -0.07342874922215309 -0.09864527160331446
0.024503798088703746 -0.05288028802880288 0.047683923705722074 -0.04400694846554719 -0.031839622641509434 -0.01300082732537525 0.004895960832313341 0.025466893039049237 -0.0332523340580637 -0.01244641128474623 0.015174506828528073 -0.07703595011005135 0.00834426034092264 0.0012220457045093488 0.11173184357541899 -0.02954209748892171 0.18236683285226976 -0.048500319081046586 0.06563402467839327 -0.04006631666206133 0.09317166560306317 -0.04195976798716524 -0.04323285697129818 -0.05734081949587864 -0.02184809150494795 0.028050490883590462 -0.05049833887043189 0.042043572429608864 -0.1215764863059452 -0.028868360277136268 0.14505776636713735 -0.04391691394658753 0.08236838963829532 -0.014696876913655848 0.012537612838515549 -0.059429477020602216 0.05645050254715681 0.055806537337230934 -0.0945594079758805 -0.03580123156236574 0.01383473776883411 -0.20804755372656603 -0.17931513188338735 -0.17302302912148165 -2.7755575615628915e-18 -0.11133350012509384 0.07499353504008274 -0.09993510707332899 0.01859723698193411 -0.07788390889052169 -0.03359880537580885 -1.435741799929964 -3.4259469267407576 -0.7384944702104888 -0.296800875805863 -0.14269760516193078 -0.09247529769445148 -0.11457670273711015 -0.05306756406937614 -0.10280633509308143 -0.1096914175506268 -0.5194050662328608 -2.1153170045704908 -2.5284738041002277 -0.948689553340716 -0.3088470530330996 -0.1790599353394678 -0.21811460258780038 -0.17450006368615464 -0.15214384508990317 -0.015362949686339777 -0.19371604063312073 -0.20739511732638066 -0.5028416110699283 -0.18318170641750675 -0.18491484184914841 -0.012468827930174564 -0.08881661245934451 -0.05759162303664922 -0.08556599803619022 -0.03003003003003003 -0.12532460200970985 -0.1859199637229339 -0.1787871466537811 -0.14615747289014616 -0.06357965451055662 -0.06662553979025293 -0.033586266948625446 -0.07342874922215308 -0.0946994607391819
0.02450379808870375 -0.04387938793879388 0.03633060853769301 -0.0335842501447597 -0.035377358490566044 -0.010637040538943387 0.0036719706242350067 0.04123211253941305 -0.028136590356823123 0.0027658691743880507 0.02402630247850278 -0.07092198581560283 -0.007152223149362258 -0.012220457045093483 0.11300152361604873 -0.025849335302806496 0.17449488323274734 -0.029355456285896614 0.06038330270412181 -0.024868748273003588 0.0982769623484365 -0.012341108231519191 -0.044433769664945354 -0.05614621908971449 -0.01413700038555456 0.04590080326405712 -0.04651162790697674 0.058606191871575994 -0.11222444889779559 -0.0028868360277136255 0.14634146341463414 -0.020178041543026704 0.09191834785722812 0.0036742192284139595 0.01755265797392177 -0.04490227152667724 0.05920418559823763 0.08105235184693065 -0.09044812936823352 -0.021480738937419443 0.04527732360709345 -0.1005944215820759 -0.11800092549745492 -0.1705860850493481 0.007406493025552401 -0.11133350012509383 0.08533747090768037 -0.09085009733939 0.03188097768331562 -0.07494489346069068 -0.004977600796416124 -1.020193766779503 -2.963256974370605 -0.7040076108930907 -0.3126140372217492 -0.13649336145923813 -0.09374208259437547 -0.08911521323997458 -0.041418586590732595 -0.08474576271186443 -0.10366441658630665 -0.4833836858006041 -2.0918785890073837 -2.9025296727011147 -1.3042943275501415 -0.3285345145810262 -0.20890325789604577 -0.19963031423290203 -0.19742707935294868 -0.1189488243430152 -0.012802458071949813 -0.19017245452397827 -0.22517184166864182 -0.5868544600938966 -0.2753872633390706 -0.21654501216545013 -0.03491271820448878 -0.09131848886664998 -0.06413612565445026 -0.08837144059475383 -0.03878878878878879 -0.11290504685559444 -0.19839020519215506 -0.1739550616090843 -0.1709099481376709 -0.06357965451055662 -0.07526218383713756 -0.024878716258241073 -0.07218419415059117 -0.08417729843482835
0.02695417789757413 -0.04162916291629163 0.03860127157129882 -0.04632310364794441 -0.04834905660377358 -0.02245597447110271 -0.0024479804161566714 0.03395585738539898 -0.03581020590868398 -0.006914672935970129 0.0278199291856348 -0.06480802152115431 -0.0023840743831207503 -0.01588659415862153 0.11681056373793804 -0.024618414574101417 0.1876147992652847 -0.02552648372686662 0.07351010763980048 -0.016579165515335725 0.09700063816209317 0.0012341108231519204 -0.03963011889035667 -0.05614621908971449 -0.016707364092019027 0.06375111564452378 -0.05182724252491694 0.08281309720983565 -0.10420841683366733 0.020207852193995374 0.1514762516046213 -0.018991097922848664 0.10504954040826071 -0.02204531537048377 0.01755265797392177 -0.06339144215530904 0.0660883932259397 0.07307998937018337 -0.0931889817733315 -0.025776886724903338 0.0716890957112313 -0.06287151348879744 -0.04858861638130494 -0.17667844522968199 0.01604740155536354 -0.11633725293970476 0.09438841479182829 -0.08565866320571056 0.03453772582359192 -0.07494489346069069 0.014932802389248384 -0.6209875102136103 -2.4778861419823084 -0.6374122963491496 -0.336941977861574 -0.10919468916739047 -0.10007600709399544 -0.053469127943984715 -0.031063939943049446 -0.05279244234509587 -0.09884281581485052 -0.4601440855217289 -2.0239071838743703 -3.1243256204292047 -1.8001722652885441 -0.41835855789344156 -0.22879880626709775 -0.2415280345040049 -0.20634314100114634 -0.1466113416320885 -0.015362949686339777 -0.18426647767540755 -0.20739511732638066 -0.6461576476402273 -0.3737398573887386 -0.25060827250608275 -0.03865336658354115 -0.09256942707030272 -0.06544502617801048 -0.07995511291906299 -0.05005005005005005 -0.09709834029581121 -0.20179118013830627 -0.15341870016912298 -0.19566242338519566 -0.052783109404990404 -0.0962368908081431 -0.004975743251648212 -0.07093963907902925 -0.06181770353807707
0.015927468757657437 -0.047254725472547256 0.04087193460490464 -0.0567458019687319 -0.05896226415094339 -0.017728400898238978 -0.01346389228886169 0.04123211253941305 -0.038368077759304266 0.0 0.0278199291856348 -0.06480802152115431 -0.023840743831207534 -0.026885005499205666 0.11300152361604873 -0.024618414574101428 0.18892679086853845 -0.01276324186343331 0.07613546862693621 0.0013815971262779794 0.08679004467134652 0.008638775762063433 -0.0468355950522397 -0.06928682355752001 -0.023133273358180183 0.06502613795741426 -0.06910299003322258 0.0981016690024207 -0.11890447561790247 0.04763279445727482 0.15275994865211812 -0.014243323442136496 0.09788707174406111 -0.03184323331292101 0.008776328986960884 -0.07923930269413629 0.053696819496076006 0.06112144565506246 -0.10004111278607646 -0.03580123156236574 0.07797761287888316 -0.051440329218107005 -0.002313743637204997 -0.1681491409772146 0.02715714109369214 -0.11508631473605205 0.0995603827256271 -0.07397793640493186 0.049149840595111585 -0.07053637031594415 0.0348432055749129 -0.3396754990078206 -1.9380811975504648 -0.594601022713759 -0.3649191095973726 -0.12904826901600694 -0.10260957689384342 -0.047103755569700825 -0.02200362412632669 -0.045846068352320093 -0.09522661523625843 -0.43341854520102246 -1.945388491737959 -3.2022539263877237 -2.4301710348221977 -0.5426356589147286 -0.25366824173091274 -0.2686383240911891 -0.2088905871863457 -0.16320885200553248 -0.021764178722314686 -0.1984408221119773 -0.2014695425456269 -0.6906350382999753 -0.5065158593557906 -0.3077858880778589 -0.05112219451371571 -0.1013259944958719 -0.06282722513089006 -0.07153878524337215 -0.051301301301301304 -0.09371118889014338 -0.20972678834599248 -0.17033099782556171 -0.21687883074021688 -0.07077735124760076 -0.10363972856261565 2.7755575615628915e-18 -0.06098319850653392 -0.04998027094567935
0.01470227885322225 -0.05175517551755175 0.03746594005449592 -0.06601042269832078 -0.07193396226415094 -0.035456801796477956 -0.024479804161566705 0.030317729808391952 -0.04348382146054482 -0.011063476697552206 0.026555386949924133 -0.06113964294448519 -0.02860889259744904 -0.04154955395331785 0.10030472320975115 -0.033234859675036914 0.181054841249016 -0.03190810465858328 0.07088474665266474 -0.006907985631389888 0.08423739629865985 0.018511662347278787 -0.03602738080941516 -0.07287062477601243 -0.02955918262434134 0.07650133877342853 -0.07840531561461792 0.10064976430118486 -0.12157648630594522 0.04763279445727483 0.14377406931964057 -0.01543026706231454 0.09788707174406111 -0.05266380894060012 0.0012537612838515563 -0.10433174854727945 0.04681261186837395 0.04119053946319426 -0.09730026038097847 -0.05441787197479593 0.07671990944535281 -0.04000914494741655 0.01156871818602499 -0.1791153893018155 0.017281817059622267 -0.1238428821616212 0.09438841479182827 -0.08306294613887086 0.035866099893730075 -0.07788390889052167 0.05475360876057741 -0.1727559238940119 -1.3529144930823316 -0.5184920918063979 -0.3855978591412237 -0.12780742027546843 -0.12034456549277932 -0.03437301082113303 -0.027180947450168264 -0.04028896915809947 -0.08919961427193827 -0.38112944457355336 -1.801242236024845 -3.18666826519602 -3.1032361264919404 -0.7259751445797958 -0.29345933847301664 -0.30314232902033267 -0.2216278181123424 -0.18672199170124482 -0.029445653565484575 -0.21025277580911883 -0.20502488741407915 -0.7079318013343217 -0.6860093434964347 -0.3819951338199513 -0.07605985037406485 -0.11883912934701027 -0.06413612565445026 -0.08556599803619022 -0.047547547547547545 -0.09032403748447555 -0.19158825529985263 -0.1812031891761295 -0.2215935879302216 -0.09716890595009596 -0.11721159777914866 -0.011195422316208481 -0.06098319850653392 -0.060502433250032885
0.015927468757657437 -0.0405040504050405 0.049954586739327886 -0.07064273306311522 -0.07547169811320756 -0.04018437536934169 -0.030599755201958383 0.029105020616056278 -0.04604169331116511 -0.011063476697552208 0.025290844714213456 -0.05135730007336757 -0.005960185957801884 -0.0427715996578272 0.09395632300660234 -0.019694731659281144 0.18105484124901602 -0.03318442884492661 0.07351010763980047 -0.01105277701022382 0.07913209955328653 0.02468221646303838 -0.04803650774588687 -0.07406522518217656 -0.05140727412928929 0.09307662884100472 -0.06910299003322258 0.10319785959994905 -0.1175684702738811 0.05484988452655889 0.1553273427471117 -0.0142433234421365 0.11101826429509372 -0.05266380894060012 -0.0025075225677031075 -0.10036978341257263 0.05782734407269724 0.02790326866861547 -0.08770727696313553 -0.06014606902477445 0.08300842661300466 -0.0205761316872428 0.03123553910226747 -0.16327525283294747 0.014812986051104801 -0.11008256192144109 0.09956038272562709 -0.07268007787151201 0.04649309245483527 -0.07641440117560618 0.078397212543554 -0.08170888292284348 -0.800635064640508 -0.43643715067189914 -0.3880306532052062 -0.12408487405385285 -0.11401064099315936 -0.016549968173138124 -0.020709293295366298 -0.02778549597110308 -0.07352941176470587 -0.3253544039042529 -1.5012305168170632 -3.119530032370219 -3.644641319059923 -0.8957795004306632 -0.34568515294702806 -0.3290203327171904 -0.2420073875939371 -0.19502074688796678 -0.029445653565484575 -0.21143397117883297 -0.20146954254562693 -0.72646404744255 -0.8470617162527662 -0.4659367396593673 -0.10349127182044889 -0.14761070803102327 -0.07460732984293193 -0.09398232571188106 -0.03878878878878879 -0.0733882804561364 -0.16664777236141026 -0.16549891278086493 -0.2192362093352192 -0.10556621880998081 -0.12338062924120914 0.0012439358129120546 -0.06347230864965775 -0.046034460081546755
0.0098015192354815 -0.03375337533753375 0.03860127157129882 -0.06253618992472496 -0.09787735849056604 -0.03782058858290982 -0.04039167686658507 0.023041474654377885 -0.060109988489576674 -0.006914672935970129 0.021497218007081438 -0.036683785766691124 0.005960185957801886 -0.03299523402175241 0.06475368207211782 0.006154603643525357 0.1705589084229861 -0.020421186981493297 0.06825938566552903 3.469446951953614e-18 0.0663688576898532 0.03332099222510182 -0.06244746006965294 -0.06211922112053518 -0.09253309343272073 0.11857707509881424 -0.09169435215946845 0.10956809784685947 -0.134936539746159 0.0678406466512702 0.15275994865211812 -0.013056379821958458 0.10504954040826071 -0.0453153704837722 -0.025075225677031094 -0.09376650818806127 0.0660883932259397 0.019930906191868193 -0.0767438673427436 -0.06587426607475297 0.08049301974594392 -0.018289894833104715 0.02313743637204998 -0.1535274765444133 -0.016047401555363536 -0.10382787090317738 0.09697439875872771 -0.07138221933809215 0.03586609989373007 -0.08376193975018369 0.08213041314086611 -0.03851990194934048 -0.39351326831481054 -0.32227375431085736 -0.40141102055710987 -0.12160317657277578 -0.1241449201925513 0.006365372374283894 -0.027180947450168264 -0.005557099194220613 -0.05665380906460945 -0.2835231234022775 -1.074651353568499 -2.9157175398633255 -3.979328165374677 -1.2058570198105083 -0.4165630440189007 -0.3647566235366605 -0.26493440326073114 -0.20470262793914246 -0.04864934067340929 -0.20080321285140562 -0.21450580706328518 -0.7066963182604399 -0.9995082370297517 -0.5717761557177615 -0.1521197007481297 -0.17262947210407806 -0.09685863874345549 -0.10941225978398092 -0.04004004004004004 -0.07338828045613639 -0.14964289763065414 -0.1522106789079488 -0.2286657237152286 -0.1367562380038388 -0.13448488587291796 -0.004975743251648214 -0.06596141879278158 -0.04998027094567933
-1.3877787807814458e-18 -0.03037803780378038 0.05336058128973661 -0.05442964678633468 -0.10849056603773584 -0.04609384233542134 -0.042839657282741736 0.008488964346349746 -0.06778360404143753 -0.017978149633522338 0.010116337885685379 -0.030569821472242603 0.004768148766241506 -0.035439325430771114 0.040629761300152355 0.008616445100935496 0.16662293361322486 -0.024250159540523293 0.05644526122341822 -0.001381597126277976 0.0663688576898532 0.019745773170430702 -0.052840158520475564 -0.06689762274519175 -0.09895900269888189 0.11475200816014279 -0.0770764119601329 0.09427952605427443 -0.12291249164996661 0.06206697459584295 0.1424903722721438 -0.017804154302670624 0.11221200907246032 -0.04654011022657685 -0.03259779338014042 -0.10829371368198626 0.07572628390472257 -0.005314908317831518 -0.07126216253254762 -0.07876270943720463 0.07043139227770093 -0.009144947416552357 0.013882461823229986 -0.14256122821981237 -0.04073571164053821 -0.09256942707030273 0.09050943884147918 -0.06619078520441272 0.0106269925611052 -0.07788390889052167 0.078397212543554 -0.002334539512081242 -0.18711726014969385 -0.21167796408609818 -0.40384381462109237 -0.13028911775654548 -0.11781099569293137 0.026734563971992364 -0.009060315816722755 0.008335648791330924 -0.0506268081002893 -0.23123402277480826 -0.5660377358490566 -2.7059105622826998 -4.119601328903654 -1.6881998277347114 -0.49365829395672717 -0.3980283425754775 -0.2929563112979238 -0.20055325034578148 -0.069133273588529 -0.19371604063312073 -0.21095046219483288 -0.6893995552260934 -1.0843373493975903 -0.7238442822384428 -0.20074812967581046 -0.19514635976982736 -0.11780104712041886 -0.11782858745967176 -0.05630630630630631 -0.06661397764480073 -0.15757850583834032 -0.13529838125151003 -0.23691654879773685 -0.15475047984644913 -0.1443553362122147 -0.011195422316208483 -0.07093963907902925 -0.05392608180981191
-0.011026709139916688 -0.027002700270027002 0.049954586739327886 -0.052113491603937454 -0.12028301886792452 -0.040184375369341684 -0.06119951040391676 0.01576521950036381 -0.0792940273692288 -0.01106347669755221 -0.012645422357106726 -0.019564685742235265 0.016688520681845277 -0.04643773677135525 0.019045200609446415 0.011078286558345645 0.14563106796116504 -0.019144862795149965 0.03806773431346811 0.002763194252555954 0.04977664326738992 0.04689621127977293 -0.042031944277651015 -0.05017321705889381 -0.1118108212312042 0.11475200816014279 -0.07574750830564783 0.10702000254809532 -0.12692050768203073 0.07217090069284063 0.13350449293966624 -0.015430267062314543 0.1181807329592933 -0.04041641151255358 -0.03761283851554664 -0.1254622292657158 0.07434944237918215 -0.017273452032952427 -0.07537344114019459 -0.08305885722468853 0.06540057854357942 -0.010288065843621403 0.02660805182785747 -0.15596442061654683 -0.055548697691643015 -0.11508631473605205 0.07499353504008274 -0.07138221933809216 -0.015940488841657812 -0.08082292432035268 0.06844201095072175 0.017509046340609312 -0.08618734406894987 -0.11297419431561422 -0.3855978591412237 -0.1352525127186996 -0.12287813529262734 0.029280712921705927 -0.001294330830960394 0.013892747985551544 -0.04942140790742527 -0.20102254241227047 -0.13945857260049224 -2.3558326339767417 -4.074074074074074 -2.1643903039251873 -0.8455608057697092 -0.4313000616142945 -0.3197044962425169 -0.17980636237897646 -0.0832159774676738 -0.18072289156626506 -0.18013747333491348 -0.6659253768223375 -1.0978608310794198 -0.8710462287104622 -0.32668329177057365 -0.2089066800100075 -0.1649214659685864 -0.0995932108290083 -0.07007007007007007 -0.047420119679349663 -0.15077655594603787 -0.1087219135056777 -0.24280999528524277 -0.15355086372360843 -0.16286243059839606 -0.01741510138076875 -0.07093963907902925 -0.06707878469025384
-0.011026709139916688 -0.027002700270027002 0.0533605812897366 -0.04053271569195136 -0.11438679245283019 -0.03900248197612575 -0.06731946144430845 0.025466893039049237 -0.07673615551860852 -0.005531738348776106 -0.020232675771370764 -0.013450721447786746 0.009536297532483015 -0.014664548454112192 -0.001269680040629764 0.014771048744460858 0.13382314353188138 -0.0165922144224633 0.015752165922814382 0.015197568389057753 0.03828972559029994 0.03702332469455757 -0.04083103158400384 -0.03942181340341657 -0.1285181853232232 0.0994517404054571 -0.0664451827242525 0.10192381195056695 -0.11890447561790247 0.07072748267898384 0.13478818998716305 -0.021364985163204748 0.1217619672913931 -0.014696876913655852 -0.030090270812437314 -0.1294241944004226 0.08674101610904586 -0.029231995748073347 -0.06441003151980267 -0.08592295574967779 0.06540057854357943 -0.01600365797896662 0.03123553910226747 -0.1413427561837456 -0.06418960622145416 -0.1363522641981486 0.07111455908973363 -0.0843608046722907 -0.03985122210414453 -0.0896399706098457 0.06470881035340967 0.025679934632893663 -0.07257881605806304 -0.058270900225948385 -0.35883712443741633 -0.13649336145923813 -0.12161135039270335 0.022915340547422027 0.009060315816722753 0.01667129758266185 -0.033751205400192864 -0.1952126423425517 -0.08555021680534394 -1.570555089317828 -3.845207333579426 -2.431401501168943 -1.1788112409848297 -0.4805914972273567 -0.3235256655203159 -0.17704011065006914 -0.0960184355396236 -0.1700921332388377 -0.15762028916804927 -0.5559673832468495 -1.0683550528645194 -0.9489051094890509 -0.442643391521197 -0.2476857643232424 -0.1924083769633508 -0.10380137466685371 -0.07757757757757758 -0.04403296827368183 -0.15757850583834032 -0.08576950954336797 -0.23455917020273453 -0.13795585412667946 -0.175200493522517 -0.023634780445329018 -0.06845052893590542 -0.06576351440220965
-0.017152658662092625 -0.028127812781278128 0.049954586739327886 -0.041690793283149966 -0.11556603773584906 -0.04845762912185321 -0.09057527539779683 0.021828765462042203 -0.09592019439826065 -0.009680542110358186 -0.0278199291856348 -0.02323306431890438 -0.004768148766241509 -0.008554319931565444 -0.03047232097511427 -0.007385524372230429 0.11151928627656785 -0.037013401403956606 -0.014439485429246524 -0.005526388505111911 0.02935545628589662 0.03208688140194989 -0.04083103158400384 -0.021502807310954497 -0.14651073126847447 0.077776361086319 -0.07308970099667775 0.087909287807364 -0.12692050768203073 0.06351039260969978 0.141206675224647 -0.020178041543026708 0.1348931598424257 -5.551115123125783e-18 -0.01755265797392177 -0.13734812466983623 0.09087154068566708 -0.039861812383736386 -0.058928326709606696 -0.08878705427466706 0.05659665450886682 -0.01714677640603567 0.030078667283664966 -0.10844401120994271 -0.08764350080237007 -0.1463597698273705 0.046547711404189285 -0.0882543802725503 -0.07704569606801276 -0.09551800146950772 0.06719761075161772 0.02684720438893428 -0.0453617600362894 -0.01664882863598525 -0.32842719863763536 -0.14145675642139227 -0.1418799087914872 0.007638446849140676 -0.002588661661920788 0.015282022784106697 -0.03616200578592092 -0.1928886823146642 -0.05742411812961443 -0.9231507013547537 -3.482219761289529 -2.524916943521595 -1.6811738373538923 -0.5545286506469501 -0.33498917335371287 -0.17704011065006914 -0.09217769811803865 -0.17599811008740845 -0.13984356482578808 -0.45465777118853473 -1.0031964593066143 -0.9987834549878345 -0.5523690773067332 -0.3052289216912684 -0.22251308900523564 -0.12905035769392623 -0.07382382382382383 -0.04516201874223778 -0.14964289763065414 -0.08456148828219377 -0.2274870344177275 -0.1295585412667946 -0.19494139420111042 -0.038562010200273666 -0.08587429993777225 -0.07102459555438642
-0.03185493751531488 -0.023627362736273628 0.03860127157129882 -0.04632310364794441 -0.12382075471698113 -0.049639522515069145 -0.10403916768665851 0.019403347077370847 -0.11126742550198236 -0.016595215046328313 -0.03161355589276682 -0.02323306431890438 0.009536297532483013 0.01710863986313088 -0.03809040121889284 -0.020925652387986212 0.12201521910259776 -0.05871091257179324 -0.018377526909950124 -0.020723956894169664 0.03190810465858328 0.02715043810934222 -0.034826468115767985 -0.009556803249313104 -0.15422182238786786 0.07267627183475711 -0.06378737541528239 0.087909287807364 -0.1295925183700735 0.05340646651270209 0.13992297817715021 -0.022551928783382788 0.13608690461979228 0.0012247397428046501 -0.016298896690070213 -0.1386687797147385 0.09500206526228831 -0.03720435822482062 -0.05344662189941072 -0.08305885722468855 0.050308137341214934 -0.008001828989483314 0.04858861638130495 -0.07920068234434022 -0.08640908529811134 -0.13885414060545406 0.04266873545384019 -0.08955223880597016 -0.08235919234856535 -0.09257898603967671 0.07964161274265805 0.024512664876853045 -0.011340440009072344 0.013081222499702694 -0.28342050845395944 -0.14642015138354636 -0.15074740309095513 -0.01782304264799491 -0.005177323323841576 0.006946373992775772 -0.028929604628736744 -0.2114803625377643 -0.028126098675729516 -0.5442992446948807 -3.118001722652885 -2.5569090685369753 -2.3538920666500873 -0.7085643869377696 -0.3591899121131066 -0.20746887966804978 -0.08321597746767379 -0.16418615639026696 -0.11614126570277317 -0.363232023721275 -0.9269731989181214 -0.9890510948905108 -0.6334164588528678 -0.3390042531898924 -0.2486910994764398 -0.13045307897320804 -0.06131131131131131 -0.03951676639945806 -0.128103389638363 -0.09543367963276154 -0.20627062706270624 -0.13795585412667946 -0.1986428130783467 -0.05970891901977858 -0.08711885500933417 -0.08812310929896093
-0.022053418279833377 -0.023627362736273628 0.05222524977293369 -0.05211349160393747 -0.10141509433962262 -0.04963952251506914 -0.08690330477356181 0.019403347077370847 -0.08952551477170993 -0.017978149633522338 -0.030349013657056147 -0.019564685742235265 0.015496483490284896 0.013442502749602837 -0.040629761300152355 -0.029542097488921715 0.11545526108632904 -0.06764518187619656 -0.027566290364925177 -0.02625034539928157 0.04339502233567326 0.023448105639886464 -0.022817341179296263 0.0011946004061641352 -0.14908109497493893 0.06375111564452378 -0.06511627906976744 0.08026500191107147 -0.13226452905811625 0.051963048498845255 0.14249037227214378 -0.014243323442136496 0.14086188372925867 0.02327005511328843 -0.005015045135406224 -0.12414157422081351 0.09775574831336915 -0.026574541589157584 -0.04111278607646979 -0.07733066017471 0.05533895107533643 0.0022862368541380863 0.061314206385932435 -0.05604971365907152 -0.0777681767683002 -0.13385038779084316 0.04396172743728989 -0.08695652173913045 -0.07306057385759832 -0.09110947832476121 0.10079641612742658 0.012839967316446831 0.002268088001814475 0.02497324295397788 -0.23233183311032723 -0.1650328824916243 -0.16721560678996705 -0.04964990451941438 -0.0012943308309603932 -0.0027785495971103086 -0.008437801350048218 -0.21729026260748316 0.0011719207781553942 -0.3260999880110299 -2.5827488618186285 -2.5286083425618306 -3.0427754289977615 -0.9353049907578559 -0.3668322506687046 -0.2420470262793914 -0.06785302778133402 -0.15355539806283958 -0.0817729319744015 -0.2866320731405979 -0.8138677157610031 -0.9537712895377126 -0.6820448877805487 -0.3715286464848636 -0.25392670157068065 -0.14167484920746248 -0.06006006006006006 -0.038387715930902115 -0.11790046479990932 -0.09905774341628414 -0.18033946251768035 -0.14515355086372358 -0.18383713756940162 -0.09080731434257991 -0.08338518979464841 -0.10653689333157963
-0.008576329331046312 -0.021377137713771376 0.05676657584014533 -0.03705848291835552 -0.08726415094339621 -0.05200330930150101 -0.07343941248470012 0.0109143827310211 -0.08568870699577952 -0.019361084220716362 -0.03287809812847749 -0.013450721447786746 0.030992966980569796 0.021996822681168277 -0.03809040121889283 -0.022156573116691287 0.11807924429283652 -0.05360561582641991 -0.03544237332633237 -0.0303951367781155 0.05360561582641991 0.018511662347278784 -0.009607301549177374 0.01314060446780552 -0.12723300346999097 0.058651026392961866 -0.043853820598006646 0.07644285896292521 -0.10420841683366736 0.04041570438799076 0.16046213093709888 -0.010682492581602377 0.16593052405395728 0.04041641151255358 0.02382146439317953 -0.10169043845747491 0.11703152967093489 -0.017273452032952427 -0.028778950253528845 -0.07589861091221538 0.06917368884417055 0.01600365797896662 0.07519666820916243 -0.03655416108200317 -0.07406493025552399 -0.11508631473605205 0.05430566330488751 -0.07268007787151201 -0.070403825717322 -0.09110947832476121 0.11572921851667495 0.01867631609664994 0.023814924019051935 0.058270900225948385 -0.17881036370271253 -0.15014269760516194 -0.20141879908791488 -0.07638446849140675 -0.007765984985762364 0.0027785495971103086 0.0060270009643201535 -0.2126423425517081 0.024610336341263334 -0.23618271190504733 -1.9269102990033218 -2.4547803617571056 -3.6719721462322803 -1.1583487369069625 -0.42669723602088905 -0.26832641770401106 -0.04736909486621432 -0.12993149066855655 -0.06281109267598957 -0.22485791944650355 -0.6724858618146053 -0.8917274939172749 -0.7032418952618453 -0.38153615211408554 -0.2643979057591623 -0.14307757048674427 -0.0487987987987988 -0.03725866546234617 -0.11109851490760685 -0.09180961584923895 -0.15794436586515795 -0.13555662188099807 -0.17643429981492903 -0.10822241572334867 -0.08462974486621033 -0.11574378534788901
0.002450379808870376 -0.013501350135013501 0.06811989100817438 -0.017371163867979152 -0.06485849056603774 -0.03309301501004609 -0.06242350061199511 0.019403347077370847 -0.08313083514515922 -0.006914672935970129 -0.01896813353566009 -0.004891171435558816 0.03933722732149243 0.032995234021752404 -0.0228542407313357 -0.007385524372230429 0.12332721070585148 -0.028079132099553282 -0.0341296928327645 -0.019342359767891688 0.048500319081046586 0.019745773170430702 -0.016812777711060406 0.01194600406164138 -0.13237373088291993 0.05482595945429044 -0.06644518272425248 0.08153904956045355 -0.12424849699398796 0.0331986143187067 0.1566110397946085 1.3877787807814458e-18 0.15996180016712427 0.06246172688303735 0.015045135406218652 -0.07395668251452722 0.09500206526228831 0.0026574541589157613 -0.058928326709606696 -0.06014606902477444 0.08175072317947427 0.017146776406035666 0.08329477093937993 -0.01584013646886804 -0.056783113195901735 -0.09757317988491368 0.055598655288337226 -0.049318624269954585 -0.0571200850159405 -0.07935341660543718 0.11199601791936287 0.021010855608731182 0.0226808800181447 0.06778451658936853 -0.14840043790293148 -0.14021590768085374 -0.27362553838358245 -0.13494589433481857 -0.028475278281128658 -0.00972492358988608 0.013259402121504338 -0.20799442249593306 0.0339857025665065 -0.19781800743316147 -1.2366186784791435 -2.298511135720438 -4.194230290972395 -1.5292667898952557 -0.5056680677620685 -0.2752420470262794 -0.03200614517987453 -0.11575714623198677 -0.05095994311448211 -0.19273535952557447 -0.4880747479714779 -0.8163017031630171 -0.7206982543640897 -0.39404553415061294 -0.2801047120418848 -0.14167484920746248 -0.04004004004004004 -0.02822626171389861 -0.11223217322299059 -0.08456148828219377 -0.15322960867515323 -0.11156429942418425 -0.16409623689080816 -0.11817390222664512 -0.0821406347230865 -0.11048270419571223
0.0012251899044351893 -0.013501350135013501 0.05676657584014533 -0.0011580775911986107 -0.057783018867924515 -0.020092187684670842 -0.06487148102815177 0.03638127577007034 -0.09336232254764036 0.008297607523164155 -0.021497218007081438 -0.001222792858889704 0.0357611157468113 0.041549553953317844 -0.007618080243778564 -0.0036927621861152144 0.12463920230910523 -0.002552648372686664 -0.036755053819900234 -0.002763194252555952 0.048500319081046586 0.022213994816734545 -0.002401825387294345 0.020308206904790346 -0.0951034571391852 0.05355093714139997 -0.06511627906976744 0.09045738310612816 -0.11489645958583836 0.03464203233256351 0.1424903722721438 0.01543026706231454 0.15041184194819152 0.06981016533986528 0.030090270812437307 -0.06867406233491814 0.09637890678782872 0.027903268668615467 -0.05481704810195971 -0.05012172418731205 0.06414287511004906 0.018289894833104708 0.07056918093475244 -0.008529304252467406 -0.05678311319590172 -0.10007505629221916 0.034910783553141984 -0.04023361453601557 -0.07040382571732201 -0.07935341660543718 0.09955201592832255 0.025679934632893663 0.010206396008165112 0.09870376977048399 -0.12893808539107166 -0.1302891177565455 -0.36863440587788193 -0.2533418204964991 -0.05824488739321772 -0.027785495971103087 0.0048216007714561235 -0.19869858238438295 0.014063049337864762 -0.16304999400551493 -0.676756490709979 -2.148394241417497 -4.524993782641134 -2.066543438077634 -0.5973761304292446 -0.29322268326417705 -0.030725899372679555 -0.10512638790455939 -0.04503436833372836 -0.1494934519397084 -0.31718711581017955 -0.7335766423357665 -0.7331670822942643 -0.3990492869652239 -0.29581151832460734 -0.14307757048674427 -0.0462962962962963 -0.037258665462346165 -0.12016778143067679 -0.09180961584923894 -0.14969354078264968 -0.09596928982725525 -0.1381863047501542 -0.13061326035576565 -0.06969508400746734 -0.11179797448375642
-0.0012251899044351893 -0.011251125112511251 0.054495912806539516 0.0057903879559930505 -0.04834905660377359 -0.013000827325375252 -0.08445532435740515 0.047295658501091443 -0.11126742550198235 0.012446411284746231 -0.022761760242792112 -0.0293470286133529 0.033377041363690546 0.013442502749602825 0.011427120365667856 -0.028311176760216644 0.12595119391235898 -0.015315890236119978 -0.04463113678130744 -0.027631942525559543 0.04977664326738991 0.008638775762063436 0.0036027380809415164 0.02150280731095448 -0.06939982007454057 0.036975647073823795 -0.07840531561461794 0.08790928780736398 -0.12291249164996661 0.023094688221709007 0.12708600770218229 0.005934718100890206 0.1539930762802913 0.05878750765462339 0.04137412236710129 -0.07791864764923404 0.08811785763458627 0.03188944990698911 -0.06715088392490064 -0.058714019762279815 0.059112061375927574 0.0 0.06709856547894494 -0.03168027293773608 -0.0222194790766572 -0.12509382036527397 0.03749676752004137 -0.04542504866969501 -0.0544633368756642 -0.0940484937545922 0.09084121453459433 0.015174506828528075 -4.163336342344337e-18 0.09870376977048399 -0.11312492397518548 -0.13773421019977666 -0.4712439827717253 -0.46976448122215153 -0.11001812063163344 -0.05696026674076132 -0.016875602700096432 -0.18010690216128283 0.003515762334466185 -0.15106102385805056 -0.3371477790082441 -1.8297034576104345 -4.686645113155931 -2.6568083795440542 -0.7094637625780156 -0.3042876901798064 -0.026885161951094604 -0.10748877864398772 -0.02844275894761792 -0.14455151964418084 -0.1622817801819523 -0.6313868613138687 -0.7094763092269327 -0.41030773079809857 -0.28664921465968585 -0.1500911768831533 -0.05255255255255255 -0.05193632155357344 -0.12243509806144429 -0.09784972215510992 -0.14262140499764261 -0.07557581573896352 -0.12214682294879704 -0.13932081104615002 -0.06969508400746735 -0.1131132447718006
-0.006125949522175936 -0.018001800180018002 0.056766575840145314 -0.011580775911986103 -0.031839622641509434 -0.017728400898238978 -0.06487148102815177 0.05214649527043415 -0.0946412584729505 0.0027658691743880524 -0.02023267577137076 -0.03423820004891172 0.04052926451305281 0.013442502749602828 0.04697816150330116 -0.027080256031511568 0.1469430595644188 0.0012763241863433291 -0.015752165922814393 -0.029013539651837526 0.04977664326738991 0.022213994816734542 0.0 0.03583801218492414 -0.061688728955147154 0.03570062476093331 -0.09966777408637875 0.09937571665180275 -0.134936539746159 0.02453810623556582 0.11424903722721438 0.007121661721068251 0.15279933150292468 0.0612369871402327 0.04513540621865596 -0.06339144215530904 0.0812336500068842 0.055806537337230934 -0.07674386734274359 -0.05871401976227982 0.0616274682429883 -0.012574302697759488 0.08213789912077743 -0.04630193737053735 0.022219479076657205 -0.14260695521641228 0.05430566330488751 -0.044127190136275155 -0.022582359192348567 -0.11315209404849376 0.09333001493280238 0.039687171705381115 0.01020639600816512 0.12010940658817933 -0.09244617443133438 -0.11043553790792901 -0.5700532049657967 -0.8058561425843411 -0.16696867719389075 -0.0694637399277577 -0.028929604628736737 -0.18359284220311411 -0.009375366225243173 -0.16065219997602204 -0.16980435585086745 -1.3572043804601943 -4.808505346928625 -3.276648182378312 -0.792255763596994 -0.3457814661134163 0.0012802458071949827 -0.10512638790455942 -0.008295804693055225 -0.13466765505312575 -0.06269977870666339 -0.4635036496350365 -0.64214463840399 -0.4265699274455842 -0.2709424083769633 -0.1641183896759714 -0.03878878878878879 -0.03500056452523427 -0.11109851490760685 -0.07248127567045179 -0.13672795851013672 -0.04318618042226487 -0.10857495373226403 -0.12688145291702949 -0.059738643434972 -0.10390635275549127
-0.013477088948787061 -0.014626462646264627 0.05563124432334241 -0.005790387955993052 -0.036556603773584904 -0.028365441437182365 -0.07099143206854344 0.0327431481930633 -0.10231487402481136 -0.019361084220716362 -0.012645422357106726 -0.03546099290780142 0.04648945047085469 0.01955273127214957 0.062214321990858315 -0.019694731659281144 0.15087903437418 -0.007657945118059993 -1.3877787807814458e-18 -0.03177673390439347 0.05232929164007658 0.008638775762063435 0.002401825387294343 0.016724405686297933 -0.06554427451484385 0.03825066938671426 -0.11162790697674418 0.09300547840489234 -0.14161656646626583 0.02165127020785219 0.10397946084724004 0.020178041543026708 0.15160558672555807 0.056338028169014086 0.03385155466399198 -0.05282620179609086 0.0633347101748589 0.054477810257773054 -0.08496642455803753 -0.06444221681225834 0.061627468242988315 -0.005715592135345223 0.08213789912077743 -0.03168027293773608 0.029625972102209602 -0.12259194395796849 0.0465477114041893 -0.04282933160285529 -0.035866099893730075 -0.11609110947832475 0.0895968143354903 0.03968717170538112 0.005670220004536176 0.12129860863360684 -0.09974455662328184 -0.11539893287008314 -0.6359260197618444 -1.3443666454487588 -0.38959358011907846 -0.1125312586829675 -0.03495660559305689 -0.17545898210550778 -0.0035157623344661887 -0.15585661191703631 -0.1710348221976129 -0.8736311061892457 -4.521263367321562 -3.433148490449785 -0.8916061648197682 -0.38450899031811897 0.008961720650364869 -0.10276399716513111 -0.004740459824602987 -0.12601927353595258 -0.047946889599213185 -0.3004866180048662 -0.5224438902743144 -0.41531148361270953 -0.24738219895287958 -0.17814560246878947 -0.032532532532532535 -0.03161341311956644 -0.09749461512300192 -0.067649190625755 -0.1331918906176332 -0.03838771593090211 -0.10117211597779148 -0.12190570966538125 -0.05227131300560052 -0.08286202814678417
-0.029404557706444494 -0.021377137713771376 0.03746594005449591 -0.009264620729588884 -0.050707547169811316 -0.04136626876255761 -0.08812729498164014 0.010914382731021103 -0.12277784882977363 -0.03595629926704467 -0.010116337885685382 -0.04646612863780876 0.04648945047085469 -0.002444091409018697 0.06856272219400712 -0.02215657311669128 0.14694305956441878 -0.024250159540523297 0.011814124442110793 -0.04697430229345123 0.05105296745373324 0.0074046649389115145 -0.003602738080941514 0.007167602436984827 -0.06425909266161163 0.04717582557694759 -0.13156146179401995 0.09045738310612818 -0.16432865731462926 0.014434180138568129 0.09884467265725289 0.02255192878338279 0.13847439417452548 0.041641151255358236 0.028836509528585758 -0.0422609614368727 0.05645050254715683 0.05979271857560457 -0.08770727696313553 -0.0673063153372476 0.05533895107533643 -0.011431184270690445 0.07056918093475242 -0.049957353478737664 0.025922725589433405 -0.11508631473605205 0.027152831652443754 -0.04282933160285529 -0.05977683315621679 -0.1293166789125643 0.08337481333997013 0.03151628341309677 -0.010206396008165117 0.10702818408847663 -0.10704293881522928 -0.12160317657277579 -0.6891309855586523 -1.8930617441120305 -0.730002588661662 -0.17782717421505975 -0.028929604628736744 -0.1661631419939577 0.01054728700339857 -0.15465771490228988 -0.15749969238341333 -0.5733973175833641 -4.201691121611539 -3.493530499075786 -0.9629346580053497 -0.40525587828492393 0.010241966457559844 -0.09449562957713206 -0.014221379473808957 -0.12354830738818881 -0.03442340791738382 -0.19708029197080296 -0.4127182044887781 -0.3765323992994746 -0.23952879581151834 -0.1683265535138168 -0.023773773773773772 -0.021451958902562945 -0.09182632354608321 -0.067649190625755 -0.12494106553512493 -0.03238963531669866 -0.0863664404688464 -0.11568603060082099 -0.04604853764779093 -0.07497040641851901
-0.01837784856652781 -0.019126912691269128 0.046548592188919165 0.006948465547191663 -0.040094339622641514 -0.024819761257534566 -0.07711138310893512 0.02667960223138492 -0.09592019439826065 -0.024892822569492462 0.007587253414264037 -0.037906578625580827 0.07986649183454524 0.007332274227056093 0.09776536312849163 -0.002461841457410144 0.16662293361322492 0.007657945118059983 0.05644526122341822 -0.038684719535783375 0.05488194001276324 0.008638775762063433 0.0012009126936471715 0.015529805280133794 -0.06040354710191492 0.06885120489608569 -0.13953488372093026 0.11084214549624156 -0.167000668002672 0.01010392609699769 0.09884467265725289 0.016617210682492584 0.1217619672913931 0.04041641151255358 0.021313941825476423 -0.029054410987849978 0.06195786864931846 0.0651076268934361 -0.0753734411401946 -0.06873836459974222 0.05659665450886679 -0.004572473708276179 0.08560851457658492 -0.05726818569513829 0.05061103567460806 -0.11133350012509383 0.04137574347039048 -0.04412719013627515 -0.06243358129649309 -0.14548126377663484 0.07466401194624192 0.029181743901015522 -0.03061918802449535 0.098703769770484 -0.11677411507115923 -0.12160317657277578 -0.7296681023562199 -2.430299172501591 -1.1506601087237898 -0.23756599055293134 -0.013259402121504338 -0.15454334185452012 0.018750732450486342 -0.15345881788754343 -0.1464254952627046 -0.440506952134859 -3.6943546381497137 -3.52433764633395 -0.9998726276907399 -0.42047026279391425 0.02688516195109461 -0.0815024805102764 0.015406494429959705 -0.10872251050160613 -0.0012294074256208516 -0.13138686131386862 -0.2643391521197008 -0.33149862396797597 -0.19764397905759162 -0.14448029176602611 -0.016266266266266267 -0.01919385796545105 -0.08048974039224577 -0.06402512684223241 -0.10726072607260725 -0.021593090211132437 -0.048118445404071564 -0.10324667247170045 -0.012445550715619164 -0.04077337892937
-0.003675569713305557 -0.025877587758775876 0.06698455949137147 0.017371163867979156 -0.024764150943396228 -0.021274081077886774 -0.059975520195838426 0.027892311423720596 -0.0767361555186085 -0.02765869174388051 0.012645422357106728 -0.03912937148447053 0.08582667779234714 0.0024440914090186967 0.10792280345352971 0.0086164451009355 0.15743899239044873 0.048500319081046586 0.06825938566552901 -0.027631942525559543 0.05360561582641991 0.0049364432926076755 0.014410952323766064 0.01314060446780552 -0.06297391080837939 0.06885120489608568 -0.1647840531561462 0.12867881258759079 -0.177688710754843 0.018764434180138567 0.10911424903722722 0.008308605341246292 0.1289244359555927 0.033067973055725654 0.020060180541624874 -0.03829899630216588 0.06884207627702052 0.062450172734520325 -0.08359599835548856 -0.09165115279965631 0.060369764809457924 -0.008001828989483312 0.07982415548357243 -0.054831241623004755 0.04814220466609061 -0.11883912934701027 0.02068787173519524 -0.05710577547047372 -0.10626992561105206 -0.1704628949301984 0.06470881035340967 0.03151628341309677 -0.051031980040825584 0.09394696158877394 -0.1338036735190366 -0.13028911775654545 -0.7765391436534076 -3.0210057288351364 -1.6425058244887392 -0.30564045568213394 -0.003616200578592091 -0.1336277016035324 0.030469940232040315 -0.13187867162210767 -0.1402731635289775 -0.3851359665313153 -3.0166625217607566 -3.473813924830561 -1.0215259202649343 -0.42047026279391425 0.038407374215849444 -0.07323411292227736 0.0331832187722209 -0.09019026439337781 0.020899926235554464 -0.10097323600973236 -0.15835411471321698 -0.30022516887665757 -0.16884816753926704 -0.13466124281105343 -0.015015015015015018 -0.025968160776786715 -0.07822242376147828 -0.05919304179753563 -0.10136727958510136 -0.01199616122840691 -0.02961135101789019 -0.09951486503296432 -0.009956440572495335 -0.009206892016309351
-0.022053418279833373 -0.03712871287128713 0.04314259763851045 0.025477707006369428 -0.04834905660377359 -0.023637867864318637 -0.08200734394124846 0.03759398496240602 -0.09975700217419106 -0.01521228045913428 0.01011633788568538 -0.04402054292002935 0.0715222314936226 0.009776365636074789 0.09903504316912139 0.013540128015755784 0.14956704277092628 0.07913209955328653 0.07876082961407194 -0.024868748273003595 0.04467134652201659 0.009872886585215351 -0.0024018253872943414 0.008362202843148963 -0.061688728955147154 0.0675761825831952 -0.13953488372093023 0.14524143202955792 -0.15497661990647962 0.015877598152424944 0.09370988446726572 0.0023738872403560847 0.11101826429509372 0.034292712798530314 0.0025075225677031097 -0.04490227152667723 0.05645050254715682 0.06377889981397819 -0.10278196519117447 -0.10310754689961335 0.04653502704062382 -0.001143118427069044 0.04974548819990745 -0.047520409406604125 0.024688310085174667 -0.11758819114335753 -0.007757951900698215 -0.06748864373783257 -0.16073326248671627 -0.18956649522409993 0.046042807366849174 0.02801447414497491 -0.08732138806985712 0.07848733499821618 -0.1532660260308965 -0.1489018488646234 -0.7968077020521914 -3.606619987269255 -2.131762878591768 -0.3764934704084468 -0.018081002892960465 -0.10922612131071345 0.01757881167233095 -0.09830955520920752 -0.15749969238341333 -0.33345637996800787 -2.319074857000746 -3.297597042513863 -1.0584638899503247 -0.38865836791148 0.02816540775828959 -0.086227261989133 -0.00592557478075373 -0.0914257474672597 0.003688222276862553 -0.09124087591240874 -0.09600997506234414 -0.26519889917438083 -0.16230366492146597 -0.11221770234254454 -0.0025025025025025003 -0.02371005983967483 -0.0861580319691645 -0.06402512684223242 -0.0942951438000943 -0.009596928982725527 -0.011104256631708826 -0.10573454409752459 0.012445550715619166 0.006576351440220962
-0.037980887037490814 -0.034878487848784875 0.021571298819255225 0.026635784597568036 -0.06485849056603774 -0.023637867864318634 -0.09424724602203181 0.040019403347077376 -0.10231487402481135 -0.00691467293597013 -0.0037936267071320196 -0.050134507214477875 0.05960185957801885 0.0061102285225467425 0.08506856272219401 0.006154603643525358 0.12595119391235893 0.09955328653477982 0.08269887109477553 -0.015197568389057753 0.037013401403956606 0.004936443292607675 -0.022817341179296263 -0.013140604467805522 -0.0873923660197918 0.06120107101874282 -0.1514950166112957 0.16180405147152505 -0.17635270541082165 0.01010392609699769 0.05519897304236201 -0.002373887240356083 0.07281843141936253 0.03306797305572566 -0.03510531594784353 -0.04754358161648178 0.023406305934186983 0.07839489768801487 -0.14115389886254626 -0.09737934984963484 0.02012325493648598 -0.001143118427069044 0.028921795465062468 -0.052394297550871216 0.0 -0.13259944958719042 -0.059477631238686324 -0.0973393900064893 -0.2577045696068013 -0.20132255694342396 0.022399203583872575 0.011672697560406214 -0.12134270809707418 0.05589249613509335 -0.18610874589466 -0.17620052115647103 -0.8272105396503674 -4.182049649904519 -2.672793165933212 -0.4626285079188664 -0.044599807135969144 -0.08366256100395073 -0.021094574006797134 -0.06474043879630739 -0.1907222837455396 -0.280546327057955 -1.6998259139517533 -3.106592729513247 -1.061011336135524 -0.351313969571231 0.015362949686339774 -0.0933144342074179 -0.02014695425456269 -0.09636767976278726 -0.008605851979345953 -0.09124087591240874 -0.05610972568578554 -0.25268951713785337 -0.15968586387434555 -0.09678776827044468 -0.02127127127127127 -0.02258100937111889 -0.08955900691531572 -0.07368929693162599 -0.10608203677510608 -0.003598848368522073 -0.02344231955582974 -0.11444209478790897 0.006222775357809585 0.036827568065237404
-0.05023278608184269 -0.028127812781278128 0.00681198910081744 0.024319629415170817 -0.08844339622641509 -0.018910294291454906 -0.11260709914320685 -0.02910502061605627 -0.10487274587543163 -0.008297607523164153 -0.02908447142134547 -0.061139642944485206 0.04052926451305281 0.013442502749602837 0.06856272219400711 0.0024618414574101425 0.10627131986355284 0.047223994894703254 0.08269887109477553 -0.01934235976789168 0.04467134652201659 0.013575219054671111 -0.030022817341179297 0.005973002030820689 -0.08867754787302404 0.07522631646053805 -0.13820598006644516 0.13759714613326537 -0.17100868403473615 0.037528868360277134 0.026957637997432605 -0.007121661721068248 0.06088098364569653 0.015921616656460504 -0.04388164493480441 -0.05414685684099313 0.015145256780944517 0.039861812383736386 -0.1521173084829382 -0.10453959616210798 -0.01383473776883411 0.0 -0.005784359093012503 -0.04386499329840381 -0.030860387606468337 -0.13635226419814864 -0.11378329454357383 -0.16353017521090202 -0.36397449521785336 -0.21601763409257901 0.0074664011946241945 0.021010855608731182 -0.15082785212066227 0.06421691045308597 -0.20800389247050238 -0.1749596724159325 -0.8335444641499873 -4.544875875238701 -3.2125291224436965 -0.5029174770769658 -0.06870781099324977 -0.06274692075296305 -0.046876831126215865 -0.04435918954561802 -0.2165620770271933 -0.24240187030884702 -1.1924894304899278 -2.8170055452865066 -1.0559164437651254 -0.34024896265560167 -0.00896172065036487 -0.0909520434679896 -0.041479023465276134 -0.08030639980232271 -0.030735185640521266 -0.07299270072992702 -0.03865336658354115 -0.2814610958218664 -0.17146596858638743 -0.07434422780193577 -0.04379379379379379 -0.023710059839674835 -0.11676680648452556 -0.060401063058709833 -0.1272984441301273 -0.0047984644913627635 -0.05428747686613202 -0.20524940913048884 -0.019912881144990662 0.046034460081546755
-0.0771869639794168 -0.03037803780378038 -0.01475930971843778 0.018529241459177764 -0.11438679245283019 -0.013000827325375247 -0.13953488372093023 -0.08731506184816881 -0.1189410410538432 -0.006914672935970126 -0.048052604957005564 -0.061139642944485206 0.011920371915603767 0.010998411340584139 0.04316912138141188 0.006154603643525357 0.07478352138546314 0.024250159540523286 0.07482278813336835 -0.02348715114672561 0.016592214422463305 0.020979883993582627 -0.06364837276330011 0.0023892008123282743 -0.13237373088291995 0.08542649496366186 -0.1767441860465116 0.14651547967894 -0.22044088176352705 0.04041570438799076 -0.003851091142490376 -0.016617210682492577 0.03581234332099796 0.011022657685241887 -0.07898696088264794 -0.05414685684099313 -0.023406305934186966 0.03587563114536274 -0.19323009455940796 -0.12458828583703281 -0.035215696138850464 0.0 -0.03470615455807497 -0.03655416108200317 -0.053079866683125546 -0.13635226419814864 -0.15386604603051462 -0.2245295262816353 -0.4582890541976621 -0.23218221895664953 -0.007466401194624189 0.017509046340609315 -0.17350873213880696 0.03567606136282554 -0.23841381827028343 -0.1848864623402407 -0.8322776792500634 -4.845321451304901 -3.7548537406161016 -0.5515420950263963 -0.08919961427193827 -0.05577504066930049 -0.06093988046408063 -0.04196139551612516 -0.24117140396210163 -0.20917927894672078 -0.8567520517284258 -2.338878619839803 -1.0329894280983314 -0.326417704011065 -0.03328639098706952 -0.08386487124970468 -0.06755155250059255 -0.08401284902396837 -0.049176297024834024 -0.06326034063260341 -0.014962593516209478 -0.33024768576432323 -0.17408376963350786 -0.0589142937298359 -0.06506506506506507 -0.013548605622671333 -0.13490533953066547 -0.06281710558105821 -0.1544082979726544 0.003598848368522073 -0.0974706971005552 -0.26993407140191567 -0.05351586807716241 0.05392608180981192
-0.0857632933104631 -0.03712871287128713 -0.023841961852861034 0.013896931094383325 -0.1332547169811321 -0.021274081077886774 -0.15789473684210525 -0.12975988357991755 -0.1278935925310142 -0.008297607523164153 -0.07460799190692968 -0.036683785766691124 -0.01430444629872453 0.03299523402175242 0.02539360081259522 0.020925652387986216 0.061663605352925754 0.0331844288449266 0.07876082961407195 -0.008289582757667863 0.007657945118059987 0.03949154634086142 -0.07805932508706617 -0.003583801218492415 -0.14779591312170673 0.08670151727655234 -0.1926910299003322 0.15670786087399668 -0.24181696726786908 0.043302540415704395 -0.001283697047496795 -0.009495548961424332 0.02268115076996538 0.011022657685241887 -0.09027081243731194 -0.05810882197569994 -0.05094313644499517 0.05979271857560457 -0.2247498972180348 -0.12458828583703278 -0.04905043390768458 0.01600365797896662 -0.06015733456732995 -0.034117217009869624 -0.09381557832366375 -0.13134851138353765 -0.20817170933540216 -0.27255029201817005 -0.5831562167906482 -0.24099926524614257 -0.01742160278745645 0.016341776584568705 -0.18598321614878657 0.02497324295397787 -0.26030896484612576 -0.18488646234024073 -0.8145426906511275 -5.103755569700827 -4.262231426352576 -0.6001667129758266 -0.08678881388621021 -0.05693702068324426 -0.06562756357670221 -0.0431602925308716 -0.25224560108281036 -0.19687461547926663 -0.6814225317085302 -1.801601971657424 -0.9909565660425423 -0.3208852005532503 -0.03840737421584945 -0.0885896527285613 -0.10073477127281345 -0.1025450951321967 -0.0774526678141136 -0.06690997566909976 -0.014962593516209478 -0.3652739554665999 -0.19895287958115185 -0.04348435965773601 -0.08008008008008008 0.004516201874223783 -0.14510826436911914 -0.05315293549166465 -0.18033946251768035 0.007197696737044146 -0.13695249845774213 -0.3346187336733425 -0.08587429993777225 0.06444824411416546
-0.09066405292820387 -0.036003600360036005 -0.042007266121707534 0.024319629415170817 -0.14976415094339623 -0.01772840089823898 -0.17258261933904528 -0.18311908804268734 -0.14196188770942575 0.0041488037615820764 -0.08978249873545777 -0.0293470286133529 -0.04172130170461319 0.029329096908224373 -0.017775520568816667 0.017232890201871 0.02886381527158226 0.0025526483726866526 0.06038330270412182 -0.00967117988394584 -0.0025526483726866626 0.020979883993582627 -0.09967575357271527 -0.03105961056026759 -0.17092918647988692 0.07012622720897617 -0.20332225913621266 0.12613071728882658 -0.25384101536406145 0.028868360277136258 -0.007702182284980749 -0.01543026706231454 0.0023874895547331895 0.007348438456827927 -0.10155466399197592 -0.06471209720021129 -0.06195786864931846 0.054477810257773054 -0.23160202823077974 -0.12745238436202205 -0.06288517167651868 0.011431184270690443 -0.08676538639518742 -0.03168027293773608 -0.13702012097271943 -0.14761070803102327 -0.25601241272304115 -0.3621025308241402 -0.7027098831030818 -0.2733284349742836 -0.0348432055749129 -0.016341776584568694 -0.20979814016783851 -0.0047568081817100745 -0.2931516847098893 -0.20846258841047277 -0.7942741322523434 -5.175047740292807 -4.73725084131504 -0.648791330925257 -0.08799421407907425 -0.04415524052986288 -0.06562756357670221 -0.03716580745713942 -0.25101513473606496 -0.17718715393134 -0.49117135041034565 -1.2495378927911276 -0.9387339192459561 -0.30428769017980634 -0.05377032390218922 -0.08977084809827546 -0.11021569092201944 -0.10748702742772424 -0.0848291123678387 -0.06934306569343066 -0.016209476309226933 -0.3927945959469602 -0.2107329842931937 -0.02665170430635433 -0.10385385385385386 -0.004516201874223776 -0.17004874730756153 -0.08093742449867117 -0.2050919377652051 -0.007197696737044146 -0.1690314620604565 -0.44159721358377907 -0.11823273179838209 0.06444824411416547
-0.11149228130360207 -0.047254725472547256 -0.06244323342415985 0.011580775911986101 -0.17452830188679247 -0.021274081077886774 -0.204406364749082 -0.23041474654377878 -0.17905102954341987 0.015212280459134284 -0.1239251390996459 -0.036683785766691124 -0.07986649183454524 0.019552731272149584 -0.06348400203148807 0.017232890201871 -0.011807924429283651 0.02552648372686662 0.02494092937778945 -0.0027631942525559545 -0.030631780472239946 0.013575219054671114 -0.14170769785036627 -0.03344881137259587 -0.19663282354453154 0.07140124952186663 -0.22990033222591366 0.13250095553573704 -0.28991315965263864 0.025981524249422634 -0.016688061617458283 -0.03323442136498516 -0.01790617166049898 0.004898958971218616 -0.11409227683049147 -0.06867406233491812 -0.07297260085364174 0.08636726016476218 -0.25215842126901467 -0.1303164828870113 -0.09432775751477802 -0.006858710562414265 -0.1214715409532624 -0.05848665773120507 -0.1691149240834465 -0.16512384288216164 -0.3064391000775796 -0.4516547696301103 -0.8169500531349628 -0.2924320352681852 -0.05599800895968143 -0.030349013657056147 -0.24948968019959175 -0.02021643477226781 -0.31869602238170536 -0.21590768085370393 -0.8056751963516595 -5.105028644175684 -5.047890240745535 -0.6710197277021395 -0.0976374156219865 -0.06158494073901929 -0.08555021680534396 -0.04795588058985732 -0.2756244616709733 -0.18087855297157623 -0.47873663267843825 -1.139864448552064 -0.9081645650235638 -0.2863070539419087 -0.07553450262450392 -0.09922041105598865 -0.1351031050011851 -0.11984185816654311 -0.10572903860339315 -0.06934306569343066 -0.05236907730673317 -0.4453340005003753 -0.25392670157068065 -0.011221770234254453 -0.1363863863863864 -0.01241955515411539 -0.21539507992291126 -0.08939357332689055 -0.24045261669024046 -0.013195777351247601 -0.21344848858729176 -0.5125015549197662 -0.18294959551960172 0.057871892673944506
-0.09066405292820387 -0.047254725472547256 -0.052225249772933705 -0.0023161551823972213 -0.1627358490566038 -0.015364614111807113 -0.19094247246022028 -0.22192578219742903 -0.1662616702903185 0.011063476697552208 -0.1251896813353566 -0.042797750061139644 -0.082250566217666 0.00977636563607479 -0.0622143219908583 0.01600196947316593 0.00262398320650748 0.07402680280791321 0.059070622210553946 -0.0041447913788339305 -0.03190810465858328 0.0061705541157596015 -0.14170769785036627 -0.03225421096643173 -0.19406245983806705 0.07650133877342855 -0.22591362126245848 0.1821888138616384 -0.2738810955243821 0.0072170900692840574 -0.010269576379974332 -0.03323442136498516 -0.009549958218932793 -0.0024494794856093063 -0.11409227683049147 -0.07791864764923404 -0.06884207627702052 0.1368588891841616 -0.26586268329450463 -0.13747672919948445 -0.08929694378065653 -0.016003657978966624 -0.12378528459046738 -0.062142073839405385 -0.16047401555363536 -0.16512384288216161 -0.30385311611068017 -0.5788449059052563 -0.9192348565356003 -0.30418809698750915 -0.05350920856147336 -0.043188980973502974 -0.2472215921977773 -0.0130812224997027 -0.31991241941369664 -0.218389378334781 -0.8018748416518875 -5.122851686823679 -5.160497023039089 -0.6751875520978049 -0.0976374156219865 -0.06855682082268186 -0.09726942458689794 -0.05275146864884306 -0.2903900578319183 -0.18826135105204872 -0.46008455608057697 -1.093037584719655 -0.8623105336899759 -0.29183955739972334 -0.052490078094994244 -0.11930073234112923 -0.12088172552737617 -0.13590313812700766 -0.09589377919842637 -0.08759124087591241 -0.04239401496259352 -0.49286965223917945 -0.2382198952879581 -0.033665310702763365 -0.14264264264264265 -0.028226261713898616 -0.21766239655367872 -0.10147378593863252 -0.24634606317774638 -0.031190019193857964 -0.22085132634176433 -0.5622589874362484 -0.18792781580584944 0.03551229777719321
-0.09311443273707423 -0.05288028802880288 -0.05790190735694822 -0.025477707006369428 -0.1662735849056604 -0.031911121616830164 -0.1848225214198286 -0.23647829250545715 -0.16754060621562863 -0.005531738348776105 -0.13657056145675267 -0.04768892149669846 -0.10132316128263204 0.0048881828180373935 -0.06983240223463687 0.016001969473165928 -0.0013119916032537315 0.09572431397574983 0.06300866369125754 1.3877787807814458e-18 -0.024250159540523293 0.004936443292607678 -0.14290861054401344 -0.04539481543423725 -0.1876365505719059 0.07777636108631902 -0.21262458471760795 0.22550643394062936 -0.25651302605210424 0.011547344110854505 -0.03080872913992298 -0.03323442136498516 -0.013131192551032586 -0.011022657685241886 -0.12412236710130391 -0.09112519809825674 -0.08261049153242461 0.17804942864735582 -0.2891599287378375 -0.14750107403694687 -0.0905546472141869 -0.02629172382258802 -0.13419713095788988 -0.06457901791153893 -0.16788050857918776 -0.17262947210407809 -0.3180760279286269 -0.7371836469824788 -1.050743889479277 -0.31153563556208674 -0.05973120955699353 -0.05252713902182794 -0.24608754819687 -0.02497324295397788 -0.3223452134776791 -0.22087107581585802 -0.7879402077527236 -5.110120942075111 -5.152731038053327 -0.666851903306474 -0.10125361620057857 -0.07669068092028816 -0.10312902847767491 -0.06474043879630739 -0.3026947212993725 -0.20302694721299375 -0.4513802536682417 -1.0351201478743068 -0.830467456374984 -0.28769017980636236 -0.05633081551657918 -0.12402551381998583 -0.14102867978193884 -0.12849023968371634 -0.10695844602901401 -0.08637469586374695 -0.05985037406483791 -0.5053790342757069 -0.24607329842931933 -0.02665170430635433 -0.1438938938938939 -0.029355312182454553 -0.21539507992291124 -0.11234597728920029 -0.24634606317774632 -0.041986564299424184 -0.22455274521900065 -0.5921134469461375 -0.194150591163659 0.017098513744574502
-0.10414114187699094 -0.04950495049504951 -0.06925522252497729 -0.041690793283149966 -0.17570754716981132 -0.04018437536934168 -0.18482252141982863 -0.23405287412078582 -0.1662616702903185 -0.013829345871940258 -0.14036418816388468 -0.05624847150892639 -0.11085945881511503 0.0012220457045093482 -0.07998984255967495 0.013540128015755784 -2.7755575615628915e-18 0.10465858328015316 0.087949593069047 -0.01519756838905775 -0.022973835354179968 0.0012341108231519252 -0.1525159120931908 -0.053757018277386215 -0.1837810050122092 0.06502613795741427 -0.19136212624584714 0.24589119633074272 -0.23780895123580495 -0.015877598152424947 -0.05006418485237483 -0.028486646884273 -0.020293661215232187 0.0012247397428046549 -0.12788365095285856 -0.09112519809825674 -0.08398733305796502 0.21923996811055008 -0.2891599287378375 -0.15179722182443076 -0.10438938498302104 -0.036579789666209415 -0.15617769551133737 -0.06823443401973925 -0.17528700160474014 -0.18263697773329998 -0.31936901991207656 -0.9240752757949384 -1.1888947927736448 -0.31741366642174873 -0.07590841214534592 -0.06303256682619354 -0.25629394420503515 -0.03091925318111547 -0.33329278676560026 -0.22583447077801216 -0.7765391436534077 -5.045194143857417 -5.077659849857624 -0.6682411781050291 -0.11451301832208291 -0.07669068092028816 -0.11484823625922888 -0.06354154178156095 -0.310077519379845 -0.2104097452934662 -0.435215120616762 -0.9969192852741836 -0.7986243790599923 -0.28769017980636236 -0.07041351939572396 -0.13465627214741316 -0.1599905190803508 -0.14578700271806272 -0.12417014998770592 -0.09975669099756693 -0.06733167082294264 -0.5341506129597199 -0.2578534031413612 -0.036470753261326976 -0.1539039039039039 -0.0304843626510105 -0.22446434644598115 -0.11597004107272288 -0.251060820367751 -0.04678502879078695 -0.22825416409623692 -0.6232118422689389 -0.18917237087741134 -0.007891621728265158
-0.10414114187699093 -0.029252925292529253 -0.056766575840145314 -0.030110017371163866 -0.16037735849056606 -0.024819761257534566 -0.17135862913096694 -0.22798932815910739 -0.14963550326128663 -0.00968054211035818 -0.13657056145675267 -0.05502567865003669 -0.11205149600667544 -0.00977636563607479 -0.07872016251904519 0.009847365829640572 0.00918394122277617 0.1225271218889598 0.10370175899186138 -0.02072395689416966 -0.016592214422463315 0.0037023324694557573 -0.1441095232376606 -0.05973002030820691 -0.18635136871867367 0.07267627183475711 -0.20066445182724252 0.28920881640973367 -0.2511690046760187 -0.023094688221709007 -0.05134788189987162 -0.013056379821958456 -0.00954995821893279 0.0073484384568279285 -0.12036108324974923 -0.0792393026941363 -0.0688420762770205 0.27238905128886526 -0.27819651911744553 -0.15752541887440927 -0.1069047918500818 -0.038866026520347506 -0.15617769551133737 -0.08163762641647374 -0.17034933958770523 -0.18263697773329998 -0.31678303594517715 -1.1031797534068786 -1.3204038257173216 -0.3218221895664953 -0.08461921353907416 -0.06069802731411229 -0.25289181220231344 -0.04043286954453562 -0.3393747719255565 -0.2233527732969351 -0.7790727134532557 -4.987905792488862 -5.010354646647684 -0.6626840789108085 -0.12054001928640308 -0.06739484080873809 -0.11953591937185049 -0.06474043879630739 -0.3273040482342808 -0.20794881259997539 -0.41780651579209155 -0.9685767097966729 -0.7642338555598013 -0.28492392807745504 -0.08193573166047881 -0.12520670918969995 -0.1505095994311448 -0.1519644180874722 -0.13031718711581017 -0.1021897810218978 -0.08603491271820449 -0.5604203152364274 -0.2840314136125654 -0.04488708093701781 -0.1664164164164164 -0.03274246358812239 -0.22899897970751612 -0.11838608359507126 -0.2604903347477605 -0.04558541266794626 -0.24922887106724242 -0.6344072645851473 -0.21530802738021157 -0.011837432592397737
-0.10536633178142611 -0.011251125112511251 -0.04654859218891916 -0.02316155182397221 -0.15919811320754718 -0.02009218768467084 -0.17503059975520194 -0.23405287412078576 -0.15730911881314744 -0.020744018807910387 -0.13909964592817398 -0.04891171435558817 -0.10132316128263204 -0.015886594158621533 -0.0723717623158964 0.012309207287050717 0.023615848858567313 0.13146139119336314 0.1220792859018115 -0.03177673390439348 -0.022973835354179965 0.00987288658521536 -0.13089948360754172 -0.04658941584040139 -0.17606991389281582 0.08032640571209995 -0.1953488372093023 0.322334055293668 -0.24582498329993321 -0.012990762124711322 -0.034659820282413344 -0.003560830860534124 0.0035812343320998008 0.002449479485609313 -0.104062186559679 -0.07395668251452722 -0.04405892881729313 0.3348392240233856 -0.24804714266136768 -0.15322927108692536 -0.09558546094830839 -0.05372656607224509 -0.15386395187413232 -0.09869623492140854 -0.16788050857918776 -0.19514635976982736 -0.3154900439617274 -1.2667099286177808 -1.454569606801275 -0.3423952975753123 -0.08461921353907416 -0.04552352048558421 -0.24041732819233386 -0.027351647044832915 -0.31869602238170536 -0.20225834470778015 -0.7486698758550798 -4.868236791852324 -4.880921563551643 -0.6265629341483746 -0.10728061716489876 -0.06855682082268184 -0.10312902847767491 -0.07912720297326459 -0.3149993847668266 -0.2141011443337025 -0.39418055210146724 -0.9611829944547134 -0.7438542860782066 -0.2904564315352697 -0.09217769811803865 -0.11575714623198677 -0.13865844986963732 -0.16061279960464542 -0.13523481681829358 -0.09975669099756693 -0.10099750623441398 -0.5791843882912187 -0.30497382198952877 -0.05330340861270866 -0.16766766766766766 -0.021451958902562945 -0.2301326380228999 -0.11113795602802609 -0.251060820367751 -0.040786948176583494 -0.2455274521900062 -0.6530663017788282 -0.2165525824517735 -0.019729054320662895
-0.10536633178142611 -0.01575157515751575 -0.05108991825613078 -0.017371163867979156 -0.1615566037735849 -0.022455974471102706 -0.1750305997552019 -0.18554450642735876 -0.15475124696252718 -0.03042456091826857 -0.13404147698533128 -0.04524333577891905 -0.0977470497079509 -0.03421727972626176 -0.07237176231589638 0.0024618414574101447 0.02492784046182104 0.19017230376515637 0.1443948542924652 -0.0483558994197292 -0.02425015954052329 0.0037023324694557555 -0.13089948360754172 -0.04420021502807311 -0.1632180953604935 0.07905138339920949 -0.18604651162790695 0.40259905720473943 -0.22845691382765532 -0.037528868360277134 -0.01155327342747112 -0.007121661721068248 0.011937447773665993 0.00612369871402327 -0.09653961885656973 -0.07263602746962494 -0.03166735508742944 0.43183630082381075 -0.2178977662052898 -0.1646856651868824 -0.07168909571123129 -0.06058527663465936 -0.13419713095788985 -0.10844401120994274 -0.15553635353660042 -0.20390292719539654 -0.2973881561934316 -1.391304347826087 -1.567481402763018 -0.3732549595885379 -0.07341961174713789 -0.046690790241624855 -0.23361306418689046 -0.02973005113568796 -0.30896484612577546 -0.19977664722670307 -0.7144666835571319 -4.90897517504774 -4.724307533005436 -0.6251736593498193 -0.08678881388621024 -0.08250058099000697 -0.08320637524903315 -0.1007073492387004 -0.30884705303309956 -0.23624953857512 -0.3730415319572246 -0.9217498459642636 -0.7120112087632149 -0.30567081604426 -0.07169376520291895 -0.11457595086227261 -0.12917753022043138 -0.16802569804793677 -0.13154659454143103 -0.10218978102189782 -0.09351620947630923 -0.5616712534400803 -0.2958115183246074 -0.06592790012624491 -0.15765765765765766 -0.011290504685559444 -0.21539507992291124 -0.11597004107272288 -0.24163130598774166 -0.03238963531669865 -0.24059222702035782 -0.5970891901977857 -0.2065961418792782 -0.015783243456530316
-0.09311443273707423 -0.007875787578757875 -0.029518619436875566 -0.012738853503184716 -0.15683962264150947 -0.031911121616830164 -0.1529987760097919 -0.15522677661896678 -0.14579869548535618 -0.0373392338542387 -0.12139605462822456 -0.042797750061139644 -0.082250566217666 -0.023218868385677625 -0.0622143219908583 0.009847365829640572 0.03935974809761217 0.2501595405232929 0.15883433972171174 -0.03592152528322741 -2.7755575615628915e-18 -1.3877787807814458e-18 -0.10928305512189262 -0.02867040974793932 -0.14008482200231331 0.07395129414764759 -0.15946843853820597 0.453560963180023 -0.20307281229124916 -0.028868360277136258 0.01797175866495507 -0.004747774480712167 0.03819983287573117 0.014696876913655848 -0.07647943831494483 -0.07659799260433175 -0.0013768415255404082 0.4916290193994154 -0.17952583253391802 -0.15609336961191467 -0.044019620173563076 -0.06744398719707362 -0.1110596945858399 -0.11819178749847689 -0.1370201209727194 -0.2201651238428822 -0.27670028445823636 -1.515898767034393 -1.6989904357066952 -0.3791329904481998 -0.05350920856147338 -0.04202171121746236 -0.20979814016783854 -0.01664882863598525 -0.2870696995499331 -0.19357240352401045 -0.6701292120597923 -4.9369828134945895 -4.5612218483044265 -0.6071130869686024 -0.06750241080038573 -0.07204276086451314 -0.05859603890776984 -0.09111617312072892 -0.2953119232189 -0.23378860588162914 -0.3419547376274558 -0.8823166974738139 -0.6801681314482232 -0.2904564315352697 -0.05889130713096915 -0.11930073234112921 -0.11258592083432092 -0.1643192488262911 -0.12785837226456848 -0.10827250608272505 -0.09226932668329177 -0.5316487365524143 -0.30235602094240843 -0.0645251788469631 -0.13763763763763764 -0.0022581009371118845 -0.20065752182292257 -0.09180961584923895 -0.23102310231023102 -0.020393474088291747 -0.22825416409623686 -0.5734544097524569 -0.20410703173615433 -0.006576351440220962
-0.09924038225925018 0.0067506750675067504 -0.037465940054495904 -0.012738853503184721 -0.1544811320754717 -0.028365441437182358 -0.13586291309669524 -0.12975988357991755 -0.1278935925310142 -0.03457336467985065 -0.1062215477996965 -0.037906578625580827 -0.08344260340922637 -0.01099841134058414 -0.05967496190959878 0.022156573116691287 0.03411178168459722 0.3024888321633695 0.1640850616959832 -0.016579165515335732 0.014039566049776641 -0.0049364432926076755 -0.09247027741083222 -0.027475809341775174 -0.12466263976352654 0.07650133877342853 -0.13554817275747508 0.47776786851828257 -0.16967267869071478 -0.02453810623556582 0.017971758664955068 -0.009495548961424332 0.033424853766264785 0.017146356399265157 -0.07397191574724173 -0.07791864764923402 0.015145256780944508 0.5195322880680308 -0.14526517747019319 -0.1446369755119576 -0.04024650987297196 -0.0720164609053498 -0.1099028227672374 -0.10722553917387596 -0.13455128996420196 -0.21891418563922943 -0.27670028445823636 -1.5924724205061647 -1.8318278427205101 -0.3850110213078619 -0.05350920856147338 -0.03268355316913739 -0.20866409616693127 -0.015459626590557737 -0.29071889064590684 -0.1873681598213178 -0.6511274385609325 -4.8300445576066195 -4.404607817758219 -0.5876632397888304 -0.0662970106075217 -0.07204276086451314 -0.06328372202039143 -0.09950845222395396 -0.29900332225913623 -0.24363233665559245 -0.3332504352151206 -0.862600123228589 -0.669978346707426 -0.28769017980636236 -0.05120983228779925 -0.10158280179541697 -0.10073477127281345 -0.14578700271806275 -0.11802311285960168 -0.09610705596107055 -0.08354114713216958 -0.5191393545158868 -0.2918848167539267 -0.07574694908121755 -0.12887887887887886 -0.006774302811335661 -0.19045459698446887 -0.08939357332689056 -0.2215935879302216 -0.015595009596928982 -0.2146822948797039 -0.5883816395074014 -0.18419415059116365 0.0013152702880441958
-0.09311443273707425 0.013501350135013501 -0.035195277020890106 -0.006948465547191663 -0.16273584905660382 -0.023637867864318634 -0.15299877600979192 -0.1261217560029105 -0.14068295178411558 -0.045636841377402856 -0.1112797167425392 -0.037906578625580827 -0.08105852902610562 -0.004888182818037396 -0.07110208227526663 0.025849335302806496 0.02492784046182104 0.3203573707721761 0.16802310317668684 -0.012434374136501803 -0.0025526483726866613 0.004936443292607677 -0.09967575357271527 -0.015529805280133795 -0.1349440945893844 0.08415147265077139 -0.14485049833887045 0.5312778697923302 -0.16967267869071476 -0.017321016166281754 0.028241335044929393 -0.005934718100890206 0.038199832875731164 0.01837109614206981 -0.07146439317953861 -0.07923930269413629 0.011014732204323278 0.5740100983258039 -0.14389475126764423 -0.13604467993698982 -0.03521569613885046 -0.06858710562414265 -0.09949097639981488 -0.10600706713780919 -0.13084804345142576 -0.20890668001000753 -0.28187225239203517 -1.63789746917586 -1.9713071200850159 -0.3761939750183689 -0.05350920856147336 -0.019843585852690557 -0.22227262417781812 -0.013081222499702703 -0.29558447877387184 -0.18116391611862515 -0.6397263744616165 -4.788033099936346 -4.273880403831219 -0.5765490414003891 -0.06027000964320155 -0.07088078085056937 -0.05390835579514826 -0.09591176117971467 -0.3088470530330995 -0.22640580780115666 -0.3419547376274558 -0.8305606900800985 -0.6737995159852248 -0.27939142461964034 -0.049929586480604284 -0.09449562957713206 -0.10429011614126571 -0.1396095873486533 -0.12539955741332678 -0.09124087591240874 -0.10099750623441398 -0.5404053039779835 -0.30235602094240843 -0.07714967036049937 -0.1201201201201201 0.0033871514056678367 -0.19158825529985263 -0.073689296931626 -0.23455917020273453 -0.008397312859884837 -0.22208513263417645 -0.577186217191193 -0.18917237087741132 -0.0013152702880441874
-0.058809115412889 0.021377137713771376 -0.013623978201634879 0.005790387955993051 -0.12382075471698113 -0.015364614111807113 -0.10526315789473684 -0.09095318942517584 -0.08824657884639979 -0.04978564513898493 -0.07460799190692968 -0.025678650036683785 -0.040529264513052804 0.017108639863130878 -0.03047232097511427 0.027080256031511575 0.06166360535292574 0.32546266751754943 0.22315568390653717 -0.01934235976789169 0.03573707721761328 0.009872886585215351 -0.05884472198871142 -0.0035838012184924188 -0.10024418455211412 0.08925156190233328 -0.11162790697674418 0.573321442221939 -0.12692050768203073 -0.015877598152424947 0.06033376123234916 0.0011869436201780395 0.05849349409096335 0.025719534598897732 -0.04012036108324975 -0.0699947173798204 0.04818945339391436 0.6072282753122508 -0.10278196519117447 -0.13604467993698982 -0.005030813734121495 -0.060585276634659346 -0.06709856547894494 -0.09382234677714146 -0.10615973336625109 -0.211408556417313 -0.2663563485906387 -1.7573004542504864 -2.0696068012752393 -0.38060249816311537 -0.024888003982080634 -0.01050542780436559 -0.19392152415513722 -0.010702818408847663 -0.2773385232940032 -0.176200521156471 -0.6080567519635165 -4.75875238701464 -4.1004400724825265 -0.5543206446235066 -0.028929604628736737 -0.051127120613525444 -0.03164186101019571 -0.0863205850617432 -0.2768549280177187 -0.21410114433370248 -0.2934593384730167 -0.8219346888478126 -0.6177556999108393 -0.2793914246196404 -0.017923441300729738 -0.08504606661941885 -0.07584735719364778 -0.1309612058314801 -0.0897467420703221 -0.09975669099756691 -0.0773067331670823 -0.5641731298473855 -0.2630890052356021 -0.08977416187403563 -0.08383383383383383 0.00677430281133567 -0.15757850583834032 -0.06281710558105823 -0.20273455917020272 -0.003598848368522073 -0.17890191239975323 -0.5722104739395447 -0.13316739265712507 0.0026305405760883916
-0.05390835579514826 0.01575157515751575 -0.011353315168029066 0.0011580775911986085 -0.11556603773584903 -0.028365441437182365 -0.1003671970624235 -0.09580402619451857 -0.07545721959329836 -0.04010510302862675 -0.06954982296408699 -0.02323306431890438 -0.029800929789009417 0.007332274227056091 -0.03047232097511427 0.022156573116691287 0.04460771451062714 0.33056796426292284 0.2126542399579942 -0.02625034539928157 0.05488194001276325 0.004936443292607677 -0.04563468235859254 -0.010751403655477243 -0.09767382084564966 0.08415147265077139 -0.11428571428571428 0.58606191871576 -0.13226452905811623 -0.007217090069284065 0.05391527599486521 0.0011869436201780395 0.062074728423063164 0.03306797305572566 -0.027582748244734202 -0.0554675118858954 0.05920418559823763 0.649747541854903 -0.0740030149376456 -0.11886008878705427 -0.022638661803546723 -0.06515775034293553 -0.07635354002776493 -0.09504081881320825 -0.12714479693864955 -0.2176632474355767 -0.3038531161106801 -1.8572355613238156 -2.191817215727949 -0.3659074210139603 -0.028621204579392732 -0.017509046340609315 -0.20639600816511677 -0.04043286954453562 -0.2834205084539594 -0.18860900856185628 -0.6118571066632885 -4.687460216422661 -4.002070929329537 -0.540427896637955 -0.03495660559305689 -0.05228910062746921 -0.0375014649009727 -0.0935139671502218 -0.2817767934047004 -0.21533161068044787 -0.29345933847301664 -0.8046826863832409 -0.622850592281238 -0.26141078838174275 -0.024324670336704646 -0.08977084809827544 -0.07940270206210001 -0.14702248579194463 -0.09097614949594295 -0.11557177615571775 -0.0798004987531172 -0.5754315736802601 -0.27356020942408377 -0.08977416187403563 -0.08133133133133133 -0.0011290504685559422 -0.1598458224691078 -0.0761053394539744 -0.21098538425271096 -0.007197696737044146 -0.19370758790869833 -0.5784301530041049 -0.15308027380211575 0.014467973168486126
-0.05145797598627788 0.010126012601260125 -0.013623978201634879 1.3877787807814458e-18 -0.1096698113207547 -0.03309301501004609 -0.09547123623011015 -0.11278195488721805 -0.0767361555186085 -0.041488037615820775 -0.06828528072837632 -0.03301540719002201 -0.03814519012993205 -0.003666137113528049 -0.04316912138141188 0.011078286558345644 0.030175806874836 0.3165283982131462 0.19558939354161198 -0.04144791378833933 0.04850031908104659 0.009872886585215354 -0.04803650774588688 -0.0011946004061641389 -0.10024418455211412 0.0892515619023333 -0.1169435215946844 0.6026245381577271 -0.1442885771543086 0.008660508083140877 0.06418485237483953 0.007121661721068248 0.06207472842306315 0.03674219228413962 -0.018806419257773325 -0.0422609614368727 0.07159575932810133 0.6816369917618921 -0.058928326709606696 -0.10310754689961335 -0.03773110300591121 -0.06630086877000457 -0.0937066173068024 -0.10357012306567566 -0.14566102950253054 -0.2214160620465349 -0.3374709076803724 -1.927319922128488 -2.292773645058449 -0.3747244673034533 -0.02613240418118467 -0.014007237072487452 -0.21773644817418916 -0.03805446545368059 -0.2858533025179419 -0.17868221863754805 -0.6143906764631364 -4.586887332908975 -3.919233756148072 -0.5140316754654071 -0.04339440694310511 -0.048803160585637925 -0.051564514238837456 -0.0827238940175039 -0.29285099052540914 -0.20794881259997539 -0.29843322556577967 -0.8034504004929144 -0.6432301617628327 -0.24481327800829877 -0.025604916143899627 -0.0956768249468462 -0.08177293197440151 -0.1803805287867556 -0.09589377919842637 -0.13990267639902673 -0.08603491271820449 -0.6129597197898424 -0.29450261780104714 -0.12063403001823539 -0.09509509509509509 0.004516201874223779 -0.18138533046139893 -0.06160908431988403 -0.2274870344177275 0.010796545105566218 -0.20604565083281928 -0.5871377036944894 -0.17423771001866833 0.03419702748914902
-0.057583925508453815 0.01575157515751575 -0.024977293369663943 0.01852924145917776 -0.12264150943396226 -0.01654650750502305 -0.11260709914320684 -0.1370361387339316 -0.1010359380995012 -0.035956299267044675 -0.07081436519979765 -0.02323306431890438 -0.045297413279294305 -0.0012220457045093488 -0.040629761300152355 0.017232890201871 0.026239832065074787 0.3037651563497129 0.18508794959306907 -0.044211108040895265 0.03701340140395661 0.018511662347278784 -0.07085384892518314 0.003583801218492414 -0.11695154864413315 0.10327680734412852 -0.13156146179401992 0.6089947764046375 -0.15364061456245826 0.018764434180138567 0.06418485237483953 -0.003560830860534123 0.052524770204130364 0.01837109614206981 -0.030090270812437314 -0.04226096143687269 0.057827344072697226 0.6763220834440605 -0.06852131012744964 -0.11026779321208649 -0.036473399572380834 -0.06287151348879744 -0.09833410458121239 -0.11209942731814304 -0.15306752252808295 -0.2026519889917438 -0.35040082751486945 -1.954574951330305 -2.3658342189160466 -0.36443791329904485 -0.022399203583872575 -0.01517450682852807 -0.22227262417781807 -0.032108455226542994 -0.29071889064590684 -0.16875542871323984 -0.6105903217633646 -4.485041374920433 -3.8376909137975668 -0.49736037788274523 -0.04339440694310511 -0.056937020683244244 -0.0644556427985468 -0.08512168804699677 -0.30884705303309956 -0.20794881259997539 -0.3233026610295946 -0.818237831176833 -0.6687046236148261 -0.2544951590594744 -0.025604916143899627 -0.0885896527285613 -0.09006873666745674 -0.1692611811218186 -0.10204081632653061 -0.13138686131386862 -0.09975062344139651 -0.6392294220665498 -0.3089005235602095 -0.1262449151353626 -0.10260260260260261 0.010161454217003504 -0.1961228885613876 -0.05919304179753564 -0.24163130598774166 0.014395393474088292 -0.2146822948797039 -0.6070406767010822 -0.1817050404480398 0.036827568065237404
-0.06493506493506494 0.0033753375337533752 -0.03973660308810173 0.004632310364794442 -0.13797169811320753 -0.0330930150100461 -0.1248470012239902 -0.17341741450400194 -0.1099884895766722 -0.05670031807495505 -0.06702073849266563 -0.025678650036683785 -0.03814519012993205 0.006110228522546741 -0.039360081259522596 0.017232890201871 0.011807924429283653 0.27951499680918956 0.1640850616959832 -0.048355899419729204 0.029355456285896624 0.008638775762063436 -0.08286297586165485 0.016724405686297933 -0.11823673049736538 0.09690169577967615 -0.1382059800664452 0.5771435851700852 -0.16032064128256512 0.017321016166281757 0.056482670089858786 -0.028486646884273 0.04058732243046437 1.3877787807814458e-18 -0.04513540621865597 -0.06207078711040677 0.03992840424067189 0.6510762689343608 -0.07126216253254762 -0.1202921380495489 -0.04024650987297195 -0.06858710562414265 -0.09602036094400739 -0.09625929084927501 -0.16417726206641153 -0.20140105078809106 -0.3788466511507629 -1.9922128487994812 -2.4495217853347504 -0.3570903747244673 -0.026132404181184666 -0.016341776584568694 -0.23701519618961217 -0.017838030681412775 -0.301666463933828 -0.16999627745377838 -0.6143906764631366 -4.387014640356461 -3.757442402278022 -0.4918032786885245 -0.04942140790742526 -0.06623286079479433 -0.06328372202039143 -0.09950845222395396 -0.3149993847668266 -0.22148394241417496 -0.3419547376274559 -0.8330252618607517 -0.6827155776334225 -0.2669432918395574 -0.026885161951094604 -0.08740845735884714 -0.10310500118511494 -0.1581418334568816 -0.10449963117777232 -0.13990267639902676 -0.10972568578553617 -0.6755066299724792 -0.3193717277486911 -0.13886940664889885 -0.1026026026026026 0.010161454217003504 -0.20065752182292257 -0.05919304179753564 -0.24516737388024518 0.0047984644913627635 -0.2122146822948797 -0.6443587510884439 -0.17423771001866833 0.030251216625016442
-0.06248468512619456 -0.011251125112511251 -0.04654859218891917 -0.0023161551823972183 -0.12971698113207547 -0.031911121616830164 -0.11383108935128519 -0.18433179723502305 -0.10231487402481135 -0.053934448900567 -0.07207890743550835 -0.030569821472242603 -0.051257599237096205 0.013442502749602838 -0.05205688166582021 0.014771048744460858 -0.00918394122277617 0.2693044033184429 0.14833289577316883 -0.03730312240950539 0.037013401403956606 0.0074046649389115145 -0.08646571394259636 0.022697407717118624 -0.11695154864413312 0.10200178503123805 -0.13554817275747508 0.5529366798318256 -0.16432865731462926 0.012990762124711319 0.04878048780487805 -0.029673590504451036 0.04058732243046437 0.002449479485609308 -0.05015045135406219 -0.06603275224511358 0.03166735508742943 0.6005846399149614 -0.08222557215293956 -0.13604467993698982 -0.047792730474154194 -0.061728395061728406 -0.0971772327626099 -0.07920068234434019 -0.1629428465621528 -0.1963972979734801 -0.37367468321696407 -2.040233614536016 -2.4694473963868226 -0.3541513592946363 -0.019910403185664508 -0.019843585852690557 -0.2426854161941483 -0.024973242953977882 -0.31018124315776674 -0.16751457997270133 -0.6169242462629845 -4.33227243793762 -3.6590732591250315 -0.48624617949430393 -0.050626808100289286 -0.06623286079479433 -0.06445564279854682 -0.10550293729768612 -0.3149993847668266 -0.2325581395348837 -0.3320069634419299 -0.8539741219963031 -0.6750732390778245 -0.27800829875518673 -0.026885161951094604 -0.0885896527285613 -0.12443707039582838 -0.14578700271806272 -0.11064666830587658 -0.13503649635036494 -0.11097256857855362 -0.6855141356017012 -0.31937172774869116 -0.13746668536961706 -0.1076076076076076 1.734723475976807e-18 -0.20632581339984127 -0.060401063058709833 -0.256954266855257 -0.0023992322456813818 -0.2245527452190006 -0.6543102375917403 -0.18294959551960174 0.02235959489675128
-0.06738544474393532 -0.013501350135013501 -0.03973660308810172 -0.009264620729588882 -0.12028301886792452 -0.03309301501004609 -0.11995104039167688 -0.1867572156196944 -0.11126742550198235 -0.05393444890056701 -0.06575619625695497 -0.030569821472242603 -0.041721301704613176 0.01955273127214958 -0.03682072117826307 0.013540128015755784 0.00262398320650748 0.2705807275047862 0.14439485429246518 -0.022105554020447633 0.02807913209955329 -0.001234110823151919 -0.07565749969977183 0.011946004061641381 -0.11695154864413312 0.09435165115389518 -0.14883720930232558 0.513441202700981 -0.18837675350701405 0.005773672055427251 0.04749679075738126 -0.028486646884272993 0.03342485376626477 0.007348438456827926 -0.047642928786359076 -0.06735340729001585 0.02615998898526779 0.5580653733723093 -0.10826367000137042 -0.13747672919948445 -0.04653502704062382 -0.0720164609053498 -0.08445164275798242 -0.09260387474107468 -0.14566102950253054 -0.20765574180635477 -0.37238169123351433 -2.138870863075925 -2.4867162592986185 -0.3438648052902278 -0.019910403185664508 -0.039687171705381115 -0.22794284418235425 -0.038054465453680575 -0.306532052061793 -0.18240476485916365 -0.6156574613630605 -4.380649267982177 -3.5671757701268447 -0.4779105307029732 -0.04942140790742527 -0.05577504066930048 -0.055080276573303645 -0.11149742237141831 -0.301464254952627 -0.2239448751076658 -0.31708530216364095 -0.8243992606284658 -0.6559673926888295 -0.2586445366528354 -0.030725899372679555 -0.0909520434679896 -0.11614126570277317 -0.14825796886582648 -0.09835259404966805 -0.13503649635036494 -0.11471321695760599 -0.6742556917688266 -0.32460732984293195 -0.1290503576939262 -0.1076076076076076 -0.011290504685559444 -0.20632581339984127 -0.06402512684223242 -0.2581329561527581 -0.013195777351247601 -0.22331893892658852 -0.6393830078367956 -0.18419415059116365 0.011837432592397737
-0.053908355795148244 -0.012376237623762377 -0.026112624886466845 -0.017371163867979156 -0.09787735849056604 -0.026001654650750494 -0.0966952264381885 -0.16735386854232356 -0.08057296329453895 -0.051168579726178956 -0.04299443601416287 -0.025678650036683785 -0.030992966980569796 0.018330685567640226 -0.01904520060944641 0.007385524372230429 0.031487798478089746 0.2590938098276962 0.16539774218955106 -0.04144791378833932 0.03573707721761328 0.0024682216463038377 -0.06244746006965294 0.007167602436984828 -0.1040997301118108 0.10072676271834755 -0.13421926910299004 0.4956045356096318 -0.17635270541082165 0.001443418013856812 0.04878048780487804 -0.030860534124629073 0.031037364211531575 6.938893903907229e-19 -0.03635907723169508 -0.07131537242472266 0.030290513561889026 0.5022588360350785 -0.11648622721666439 -0.14750107403694684 -0.036473399572380834 -0.08116140832190215 -0.06825543729754743 -0.10235165102960886 -0.12714479693864952 -0.211408556417313 -0.3555727954486682 -2.2452952628163536 -2.452178533475027 -0.3468038207200587 -0.027376804380288704 -0.054861678533909185 -0.23701519618961214 -0.05113568795338327 -0.3186960223817054 -0.18984985730239484 -0.6194578160628325 -4.444302991725017 -3.468806626973854 -0.4723534315087525 -0.044599807135969144 -0.060422960725075525 -0.05976795968592523 -0.12708308356312195 -0.29039005783191824 -0.22886674049464745 -0.2959462820193982 -0.8170055452865064 -0.6215768691886385 -0.2614107883817428 -0.002560491614389962 -0.0885896527285613 -0.07940270206210001 -0.15319990116135407 -0.05901155642980083 -0.13017031630170317 -0.07107231920199501 -0.6629972479359519 -0.274869109947644 -0.1248421938560808 -0.1026026026026026 -0.027097211245342662 -0.20065752182292257 -0.0761053394539744 -0.24280999528524286 -0.03238963531669865 -0.20234423195558296 -0.6157482273914666 -0.16179215930304913 0.003945810864132579
-0.04410683655966675 -0.018001800180018002 0.0 -0.019687319050376375 -0.08018867924528303 -0.027183548043966436 -0.08200734394124848 -0.1540140674266311 -0.0639467962655071 -0.06361499101092519 -0.030349013657056147 -0.02690144289557349 0.003576111574681129 0.013442502749602833 -0.006348400203148798 -0.00984736582964057 0.05772763054316453 0.2297383535417996 0.17721186663166183 -0.0732246476927328 0.05105296745373326 -0.0024682216463038386 -0.049237420439534045 0.008362202843148966 -0.0912479115794885 0.09562667346678566 -0.10897009966777409 0.47267167792075426 -0.16967267869071476 -0.004330254041570439 0.0680359435173299 -0.03086053412462908 0.05491225975886356 0.003674219228413963 -0.013791374122367101 -0.062070787110406755 0.05645050254715682 0.4570821153335105 -0.10415239139372345 -0.16325361592438778 -0.02892717897119859 -0.07544581618655694 -0.041647385469689956 -0.09869623492140854 -0.1135662263918035 -0.21265949462096573 -0.3439358675976209 -2.3971447112264768 -2.410998937300744 -0.3409257898603968 -0.007466401194624189 -0.054861678533909185 -0.22227262417781807 -0.04043286954453561 -0.3040992579978105 -0.18488646234024073 -0.5991892576640486 -4.612348822406112 -3.369143152989904 -0.4584606835232009 -0.02772420443587271 -0.060422960725075525 -0.024610336341263327 -0.11389521640091116 -0.2596283991632829 -0.21902300972068414 -0.25242476995772195 -0.77634011090573 -0.5604381607438543 -0.2600276625172891 0.008961720650364869 -0.0909520434679896 -0.05570040293908509 -0.14455151964418084 -0.04794688959921318 -0.12895377128953772 -0.05610972568578554 -0.6304728546409809 -0.2486910994764398 -0.1276476364146444 -0.07882882882882883 -0.03161341311956644 -0.17344972225371272 -0.07972940323749698 -0.2251296558227251 -0.04438579654510556 -0.18260333127698952 -0.5610150516233362 -0.15308027380211572 -0.018413784032618702
-0.030629747610879686 -0.012376237623762377 0.015894641235240693 -0.0069484655471916635 -0.0589622641509434 -0.021274081077886774 -0.05997552019583844 -0.105505699733204 -0.05243637293771582 -0.056700318074955056 -0.005058168942842693 -0.031792614331132306 0.026224818214328288 0.0073322742270560915 0.02666328085322499 -0.022156573116691287 0.08527945421149305 0.22718570516911293 0.17983722761879756 -0.0856590218292346 0.08551372048500319 -0.0012341108231519195 -0.019214603098354748 0.019113606498626208 -0.05012209227605706 0.09945174040545708 -0.0637873754152824 0.4497388202318766 -0.1469605878423514 0.001443418013856812 0.06931964056482669 -0.024925816023738872 0.06923719708726275 0.012247397428046541 -0.0050150451354062184 -0.059429477020602216 0.06884207627702052 0.3893170342811586 -0.10689324379882144 -0.18187025633681797 -0.022638661803546727 -0.07544581618655692 -0.03586302637667747 -0.09382234677714145 -0.10245648685347489 -0.21641230923192395 -0.3361779156969226 -2.5438027255029203 -2.325982996811902 -0.34680382072005883 0.018666002986560477 -0.0606980273141123 -0.1803129961442504 -0.042811273635390654 -0.26639095000608204 -0.19605410100508744 -0.5611857106663288 -4.763844684914067 -3.224178099922341 -0.45429285912753536 -0.022902603664416585 -0.05926098071113177 -0.009375366225243174 -0.10430404028293967 -0.23871047126861078 -0.22148394241417496 -0.22258144740114405 -0.7221195317313617 -0.5120366832250669 -0.24619640387275238 0.02816540775828959 -0.1027639971651311 -0.039108793552974634 -0.15319990116135407 -0.025817555938037872 -0.1411192214111922 -0.032418952618453865 -0.567925944458344 -0.21335078534031413 -0.13466124281105343 -0.06006006006006006 -0.040645816868013995 -0.13263802289989796 -0.08818555206571636 -0.1768033946251768 -0.05518234165067178 -0.13201727328809373 -0.5087697474810298 -0.119477286869944 -0.024990135472839667
-0.029404557706444494 -0.0056255625562556255 0.01930063578564941 -0.0034742327735958313 -0.06485849056603774 -0.01891029429145491 -0.06609547123623012 -0.09944215377152558 -0.07289934774267809 -0.06084912183653714 -0.005058168942842689 -0.02690144289557349 0.017880557873405648 0.0024440914090186963 0.020314880650076177 -0.012309207287050717 0.08527945421149305 0.21442246330567963 0.15358361774744028 -0.08427742470295661 0.08423739629865987 0.0061705541157595955 -0.022817341179296263 0.027475809341775174 -0.05012209227605706 0.10710187428279994 -0.06644518272425248 0.4013250095553573 -0.15898463593854376 0.005773672055427253 0.05905006418485237 -0.014243323442136496 0.07401217619672915 0.014696876913655848 -0.013791374122367098 -0.0554675118858954 0.05507366102161641 0.3321817698644698 -0.12470878443195836 -0.1589574681369039 -0.03144258583825933 -0.0720164609053498 -0.04396112910689497 -0.08651151456074083 -0.11603505740032094 -0.19889917438078558 -0.34005689164727176 -2.472420506164828 -2.1971307120085015 -0.32623071271124177 0.017421602787456445 -0.05602894828994982 -0.18144704014515764 -0.03448685931739802 -0.2578761707821433 -0.18116391611862512 -0.553585001266785 -4.612348822406111 -3.0339114677711625 -0.4362322867463185 -0.024108003857280617 -0.06390890076690682 -0.00820344544708778 -0.10909962834192541 -0.23624953857512 -0.21779254337393877 -0.2113902014424273 -0.6555760936537276 -0.48783594446567324 -0.23928077455048405 0.029445653565484575 -0.09922041105598864 -0.0331832187722209 -0.14331603657029895 -0.025817555938037855 -0.12287104622871045 -0.026184538653366583 -0.46409807355516647 -0.20680628272251309 -0.12343947257679899 -0.06006006006006006 -0.03161341311956644 -0.13150436458451423 -0.07972940323749698 -0.17562470532767563 -0.04318618042226487 -0.13571869216533 -0.4702077372807564 -0.13939016801493465 -0.03156648691306063
-0.03553050722862044 0.0 0.020435967302452316 0.00810654313839027 -0.0778301886792453 -0.007091360359295591 -0.08445532435740515 -0.09216589861751152 -0.10231487402481136 -0.059466187249343105 -0.011380880121396056 -0.018341892883345562 0.015496483490284896 0.018330685567640233 0.020314880650076177 -0.004923682914820283 0.08265547100498558 0.17996171027440971 0.13258072985035443 -0.07736943907156674 0.0612635609444799 0.014809329877823029 -0.030022817341179293 0.039421813403416564 -0.05397763783575375 0.11092694122147137 -0.06378737541528239 0.3338004841381067 -0.15764863059452242 0.008660508083140877 0.056482670089858786 -0.013056379821958456 0.07162468664199594 0.015921616656460504 -0.026328986960882657 -0.06339144215530904 0.02615998898526779 0.23518469306404466 -0.1534877346854872 -0.17471001002434483 -0.02012325493648598 -0.06401463191586648 -0.025451180009254976 -0.0840745704886073 -0.09875324034069867 -0.20015011258443832 -0.312904059994828 -2.2829331602855287 -1.962008501594049 -0.3394562821454813 0.023643603782976606 -0.03151628341309677 -0.16557042413245635 -0.0130812224997027 -0.2554433767181608 -0.1662737312321628 -0.5396503673676211 -4.202418841502228 -2.756924669945638 -0.40566824117810507 -0.012054001928640307 -0.05577504066930049 0.007031524668932381 -0.09351396715022178 -0.22394487510766586 -0.20917927894672078 -0.19895548371051974 -0.6112138016019717 -0.44962425168768316 -0.22959889349930843 0.02688516195109461 -0.08740845735884716 -0.03910879355297464 -0.11737089201877933 -0.03196459306614212 -0.10948905109489049 -0.04488778054862843 -0.4328246184638479 -0.19240837696335078 -0.12203675129751719 -0.05755755755755756 -0.019193857965451054 -0.12243509806144429 -0.0724812756704518 -0.16383781235266384 -0.040786948176583494 -0.12091301665638492 -0.4266699838288345 -0.119477286869944 -0.03419702748914902
-0.03553050722862044 0.011251125112511251 0.020435967302452316 0.01968731905037637 -0.08962264150943397 0.0023637867864318624 -0.09547123623011017 -0.08125151588649043 -0.11126742550198236 -0.05255151431337298 -0.008851795649974709 -0.012227928588897041 0.016688520681845273 0.017108639863130885 0.03047232097511427 -0.004923682914820286 0.08396746260823931 0.15443522654754308 0.11682856392754004 -0.07322464769273282 0.04977664326738991 0.0012341108231519195 -0.030022817341179293 0.039421813403416564 -0.05397763783575375 0.10710187428279994 -0.079734219269103 0.2662759587208562 -0.15764863059452242 -2.7755575615628915e-18 0.05776636713735558 -0.02492581602373887 0.07998090008356214 0.011022657685241886 -0.021313941825476433 -0.07791864764923401 0.027536830510808206 0.15811852245548766 -0.1575990132931342 -0.18043820707432334 -0.002515406867060745 -0.05029721079103795 -0.010411846367422489 -0.07554526623613987 -0.07900259227255894 -0.18263697773329995 -0.2896302042927334 -2.0519143413367944 -1.7215727948990438 -0.30859662013225575 0.03359880537580886 -0.023345395120812424 -0.14175550011340438 -0.0071352122725651095 -0.24449580343023963 -0.1712371261943169 -0.5168482391689891 -3.8383195416931892 -2.4592285788247477 -0.40150041678243953 -0.002410800385728061 -0.048803160585637925 0.03281378178835111 -0.1007073492387004 -0.20794881259997539 -0.20425741355973911 -0.18154687888584925 -0.5545286506469502 -0.40631766653929435 -0.2309820193637621 0.024324670336704646 -0.07441530829199149 -0.04503436833372838 -0.09636767976278726 -0.03811163019424636 -0.0851581508515815 -0.06359102244389028 -0.3740305228921691 -0.19109947643979058 -0.1009959321082901 -0.04754754754754755 -0.019193857965451058 -0.10316290669992063 -0.073689296931626 -0.14733616218764733 -0.04798464491362764 -0.11104256631708824 -0.39308371688020893 -0.09956440572495333 -0.05392608180981191
-0.02817936780200931 0.010126012601260125 0.035195277020890106 0.015055008685581933 -0.07900943396226415 -0.0047275735728637275 -0.0869033047735618 -0.06548629638612662 -0.09719913032357079 -0.04701977596459687 -0.0012645422357106715 -0.013450721447786746 0.027416855405888663 0.02566295979469632 0.036820721178263086 -0.00984736582964057 0.09052742062450801 0.1225271218889598 0.10895248096613286 -0.06355346780878697 0.04339502233567326 0.0 -0.016812777711060406 0.04181101421574484 -0.0436961830098959 0.10582685196990946 -0.07840531561461793 0.22168429099248313 -0.16165664662658652 0.012990762124711314 0.06033376123234916 -0.00712166172106825 0.09430583741196133 0.023270055113288425 -0.012537612838515549 -0.07395668251452721 0.024783147459727383 0.12224289131012492 -0.1493764560778402 -0.15179722182443073 5.204170427930421e-19 -0.04229538180155464 -0.002313743637204996 -0.0657974899476057 -0.074064930255524 -0.18764073054791092 -0.2857512283423843 -1.8338741077222582 -1.4891073326248674 -0.29537105069801617 0.04479840716774515 -0.010505427804365596 -0.11907462009525968 -0.009513616363420145 -0.21530227466244983 -0.16255118501054722 -0.49024575627058525 -3.4500318268618715 -2.157649495210976 -0.35148652403445396 0.0012054001928640322 -0.03137346037648152 0.06093988046408063 -0.08512168804699675 -0.1858004183585579 -0.18333948566506705 -0.1517035563292713 -0.47443006777572394 -0.3502738504649089 -0.19502074688796683 0.035846882601459476 -0.07323411292227734 -0.02962787390376866 -0.09142574746725969 -0.02581755593803787 -0.08637469586374696 -0.05610972568578554 -0.31523642732049034 -0.16884816753926699 -0.09117688315331744 -0.032532532532532535 -0.020322908434007 -0.07935608207686203 -0.07731336071514859 -0.11786892975011787 -0.04918426103646833 -0.09130166563849476 -0.3395944769249907 -0.0808960796515246 -0.04734973036959095
-0.008576329331046306 0.014626462646264627 0.05108991825613078 0.023161551823972205 -0.0660377358490566 0.0023637867864318637 -0.08567931456548346 -0.03638127577007034 -0.1035938099501215 -0.03180749550546258 -0.0012645422357106697 -0.012227928588897041 0.030992966980569792 0.03543932543077111 0.038090401218892844 -0.009847365829640572 0.1036473366570454 0.0982769623484365 0.1063271199789971 -0.058027079303675046 0.05615826419910658 0.0024682216463038377 -0.006004563468235859 0.03583801218492415 -0.044981364863128134 0.10582685196990949 -0.07973421926910298 0.1936552427060772 -0.1616566466265865 0.023094688221709004 0.07060333761232349 0.011869436201780414 0.1002745612987943 0.03306797305572566 -0.0025075225677031084 -0.06471209720021132 0.028913672036348613 0.09035344140313578 -0.14663560367274223 -0.1303164828870113 0.02138095837001635 -0.04343850022862369 0.02198056455344748 -0.07554526623613989 -0.048142204666090614 -0.1938954215661746 -0.24437548487199381 -1.6158338741077223 -1.2274176408076516 -0.2865540044085232 0.07217521154803384 0.014007237072487449 -0.0873213880698571 0.003567606136282553 -0.18610874589466 -0.13152996649708404 -0.44717506967316956 -3.0451941438574157 -1.8470100957804814 -0.2945262572936927 0.022902603664416588 -0.01859168022310016 0.07500292980194538 -0.07313271789953243 -0.15257782699643163 -0.1574996923834133 -0.12061676199950262 -0.39679605668515094 -0.3044198191313209 -0.16182572614107887 0.05377032390218922 -0.06024096385542169 -0.013036264517658208 -0.09019026439337781 -0.006147037128104254 -0.07542579075425791 -0.032418952618453865 -0.26019514635976987 -0.137434554973822 -0.07574694908121755 -0.013763763763763762 -0.011290504685559444 -0.061217549030722115 -0.06644116936458082 -0.10490334747760491 -0.026391554702495202 -0.07896360271437385 -0.25998258489861925 -0.07342874922215308 -0.024990135472839667
0.003675569713305565 0.019126912691269128 0.07606721162579475 0.022003474232773594 -0.05896226415094339 -0.0011818933932159319 -0.08078335373317012 -0.01455251030802813 -0.09080445069702009 -0.02212695339510441 0.0139099645928174 -0.006113964294448521 0.05483371081177733 0.03543932543077111 0.06475368207211782 -0.003692762186115213 0.12726318551561272 0.08040842373962986 0.11289052244683644 -0.058027079303675046 0.06764518187619656 0.0049364432926076755 0.0012009126936471722 0.034643411778760014 -0.024418455211412417 0.10710187428279996 -0.06245847176079734 0.17199643266658174 -0.13092852371409483 0.0331986143187067 0.08985879332477534 0.01661721068249258 0.10982451951772712 0.03551745254133496 0.013791374122367101 -0.05414685684099314 0.041305245766212306 0.08238107892638853 -0.12744963683705632 -0.10453959616210795 0.035215696138850464 -0.03315043438500229 0.04858861638130495 -0.07798221030827342 -0.0222194790766572 -0.1838879159369527 -0.21851564520299976 -1.3913043478260871 -0.9962805526036134 -0.2571638501102131 0.09084121453459433 0.0385199019493405 -0.06917668405534134 0.01783803068141277 -0.1605644082228439 -0.11415808412954462 -0.4015708132759057 -2.6479949077021003 -1.5467253429976702 -0.2459016393442623 0.0506268081002893 -0.005809900069718798 0.1066447908121411 -0.05634815969308236 -0.11812476928756 -0.1267380337147779 -0.08828649589654317 -0.3068391866913124 -0.24073366450133737 -0.12724757952973723 0.07041351939572398 -0.050791400897708484 0.024887414079165678 -0.08401284902396836 0.024588148512417012 -0.07299270072992702 -0.013715710723192021 -0.21641230923192398 -0.10340314136125654 -0.0673306214055267 0.007507507507507507 -0.004516201874223782 -0.04421267429996599 -0.05919304179753564 -0.07897218293257897 -0.013195777351247601 -0.05305367057371992 -0.19778579425301657 -0.04355942750466709 -0.01183743259239774
