-0.009796718099436687 -0.1292134831460674 -0.062301767104666964 -0.11104684788895314 -0.040070713022981735 -0.15339233038348082 -0.015900195694716242 -0.16101694915254233 -0.0332183467484349 -0.05943331029716655 -0.018965735238336074 0.022007580388800588 -0.03334524234845778 -0.09397119843788138 0.0165016501650165 0.040625384710082486 0.005241090146750525 0.12527163492266397 -0.03672612801678909 0.11194029850746268 -0.09686464440479226 -0.16029593094944514 -0.7224288971558863 -0.3499343126716828 -0.17134759082710643 -0.16203113039040573 -0.03871312241356295 -0.048364515718467616 -0.04548494983277592 -0.0014425851125216382 -0.18060714743179196 -0.1981960598148588 -1.121962839447356 -0.508578431372549 -0.2421277129594781 -0.12306470821754664 0.004138501862325842 -0.051903114186851215 -0.04934886908841672 -0.015784187114363614 -0.1532278322029641 -0.07656267855102275 -0.24610051993067592 -0.27629016553067187 -0.13945452301616684 -0.0725816543611563 0.010345273503168242 0.04949850201901785 -0.06509032943676939 0.060302985733196056 -0.1043348652341324 -0.1188118811881188 -0.09517335146159074 0.010692645835808482 -0.12043795620437955 -0.06566720356833107 -0.09239336792811037 -0.07246376811594203 -0.09574330443783155 -0.0984606850644848 -0.11067003488511969 -0.015103985128383873 -0.0934797849964945 -0.09816832275829043 -0.08358942839582052 -0.07011932587034074 -0.04715225214046408 0.03326761951700345 -0.06874602164226606 0.016606698034874065 -0.052422963815368886 -0.03424253158578344 8.326672684688674e-18 -0.04814814814814815 -0.013506876227897837 -0.012161011796181445 0.009967605282830794 0.04127579737335835 -0.006543646119617849 0.14602639707947204 -0.04001500562711017 -0.06200676437429538 0.02833824529585128 0.16080280498125984 -0.011789672247111532 0.01797698945349951 -0.013568521031207597 0.017397787995526277 -0.002490039840637449 -0.01446226663160663
-0.009796718099436687 -0.13595505617977527 -0.06343452650657001 -0.1272411798727588 -0.03889216263995286 -0.15457227138643065 -0.017123287671232872 -0.15254237288135591 -0.030663089306247605 -0.053904630269523156 -0.02402326463522569 -0.002445286709866734 -0.05001786352268668 -0.13790578472052722 0.019040365575019043 0.020928228487012188 0.023584905660377364 0.11632366099961652 -0.0236096537250787 0.09397457158651187 -0.10960999235279123 -0.23551171393341558 -1.0812432497299893 -0.46936581870297384 -0.19453749033754186 -0.19647869354427153 -0.05339741022560407 -0.07763777523227695 -0.049498327759197325 -0.02308136180034622 -0.19725887024465222 -0.27177783052456683 -1.8044306812767985 -0.7487745098039216 -0.27474595408355285 -0.14953023686648143 -0.01517450682852807 -0.059888208677136026 -0.06854009595613433 -0.024393743722198304 -0.16704345641798546 -0.10855902182607702 -0.2703639514731369 -0.3347127555988315 -0.1542638528939899 -0.1013640345388562 0.01551791025475236 0.035169988276670575 -0.05712008501594048 0.04412413590233858 -0.11799776425288784 -0.14094350611531742 -0.10876954452753229 -0.008316502316739933 -0.1362530413625304 -0.08053524965927394 -0.10125300594861408 -0.08009153318077802 -0.09703713287618063 -0.1040077659131882 -0.11788764585588836 -0.02904612524689206 -0.11217574199579342 -0.1089428947683467 -0.09342347879532883 -0.06888916225858038 -0.048393100881002606 0.03326761951700345 -0.0725652450668364 0.015222806531967897 -0.04602991944764097 -0.043688747195654735 0.010648367250354946 -0.07777777777777778 -0.009823182711198428 -0.03161863067007175 0.0174433092449539 0.03377110694183865 -1.3877787807814458e-18 0.13338949733221006 -0.04251594347880455 -0.0834272829763247 0.02947177510768533 0.13541288840527146 -0.01532657392124499 -0.00479386385426654 -0.02096953250277538 -0.002485398285075188 0.0 -0.036813042334998686
-0.017144256674014206 -0.1258426966292135 -0.07023108291798821 -0.12492770387507231 -0.04832056570418386 -0.14513274336283186 -0.041585127201565555 -0.13801452784503632 -0.05238277756483965 -0.038700760193503804 -0.027816411682892905 -0.01344907690426703 -0.07502679528403002 -0.1440078105931169 0.008885503935008884 0.014772867167302722 0.006551362683438158 0.10993225105458264 -0.039349422875131164 0.10088446655610835 -0.1338261534539893 -0.311960542540074 -1.453258130325213 -0.5577451331661292 -0.22674568410203558 -0.2130645572850217 -0.08810572687224669 -0.09418353060964745 -0.06020066889632107 -0.030294287362954413 -0.2151914948123479 -0.36672205079515785 -2.486898523106241 -0.9436274509803921 -0.31238238614979297 -0.1640862776233955 -0.04966202234791005 -0.06787330316742081 -0.09458533241946539 -0.02152389151958674 -0.18337101230846523 -0.13941263855559366 -0.31311380704794917 -0.3882667964946446 -0.182648401826484 -0.11262670504317356 0.0012931591878960313 0.035169988276670575 -0.06110520722635493 0.04853654949257243 -0.12793441808470998 -0.151426907396622 -0.12916383412644458 -0.013068789354877037 -0.16666666666666666 -0.07805724197745015 -0.13795722060498675 -0.07246376811594203 -0.11903221632811489 -0.09568714464013313 -0.13111993263563093 -0.01626583013825956 -0.11568123393316196 -0.11373159343948284 -0.10694529809465274 -0.07134948948210111 -0.05583819332423377 0.03573188762937408 -0.07001909611712284 0.017990589537780242 -0.04986574606827772 -0.04486952414688865 -0.005915759583530525 -0.08271604938271604 -0.018418467583497054 -0.032834731849689894 0.0199352105656616 0.04127579737335835 0.00785237534354142 0.14462229710755406 -0.04001500562711017 -0.08906426155580609 0.03627295397868964 0.12694958287994199 -0.00825277057297807 -0.010786193672099719 -0.007401011471567781 -0.007456194855225548 0.013695219123505978 -0.0302392847751775
-0.011021307861866276 -0.13707865168539324 -0.07816039873130946 -0.1364950838635049 -0.05067766647024161 -0.14041297935103242 -0.03791585127201565 -0.13559322033898308 -0.04854989140155871 -0.04008293020041466 -0.03160955873056012 -0.01344907690426703 -0.08812671192092414 -0.14888943129118867 0.011424219345011423 0.034470023390373014 0.02227463312368973 0.12654991691167072 -0.027544596012591814 0.11055831951354338 -0.14274789701758855 -0.3834771886559803 -1.7940717628705147 -0.6222381464230264 -0.22932233960319506 -0.21689206430211788 -0.07742624482712587 -0.0967290314369352 -0.06153846153846154 -0.04327755337564916 -0.2113487895478417 -0.4854023261333967 -3.2039066222010484 -1.1151960784313724 -0.3186551248274997 -0.18393542411009658 -0.030349013657056147 -0.0838434921479904 -0.08773132282385196 -0.043047783039173476 -0.18965084149711126 -0.1508399040109702 -0.3535528596187175 -0.4150438169425511 -0.20609650746637048 -0.09010136403453886 0.003879477563688093 0.052103686335808266 -0.04516471838469713 0.07059861744374171 -0.1378710719165321 -0.1549213744903902 -0.13596193065941536 -0.021385291671616964 -0.17396593673965938 -0.07062321893197868 -0.13795722060498672 -0.06483600305110603 -0.11903221632811489 -0.09568714464013313 -0.14194634909178394 -0.02904612524689206 -0.12035522318298668 -0.1292948641206752 -0.11063306699446836 -0.06273834419977856 -0.053356495843156715 0.045588960078856586 -0.06110757479312541 0.015222806531967895 -0.05881600818309679 -0.040146416341953005 -0.021296734500709888 -0.0839506172839506 -0.025785854616895875 -0.017025416514654022 0.023673062546723144 0.050031269543464665 0.018322209134929983 0.15023869699522605 -0.04001500562711017 -0.07666290868094701 0.038540013602357745 0.13299480111232015 -0.0035369016741334607 0.009587727708533077 0.012335019119279634 0.013669690567913503 0.02863545816733068 -0.027609781751249018
-0.01224589762429586 -0.1561797752808989 -0.0917535115541459 -0.16888374783111626 -0.055391868002357104 -0.15575221238938056 -0.045254403131115464 -0.14285714285714288 -0.0485498914015587 -0.04146510020732551 -0.02908079403211531 -0.04768309084240128 -0.10479933309515303 -0.19404442274835243 0.005077430820005076 0.013541794903360826 0.030136268343815515 0.10737568707656908 -0.023609653725078696 0.09812050856826975 -0.15804231455518736 -0.4821208384710235 -2.090483619344774 -0.7058402006449301 -0.23834063385725326 -0.2462362847665221 -0.07609130957148577 -0.11327478681430572 -0.06421404682274248 -0.05770340450086555 -0.22415780709619573 -0.6254450510325185 -3.974511672224869 -1.2892156862745097 -0.33621879312507835 -0.21834061135371177 -0.037246516760932546 -0.10513707745541656 -0.09732693625771077 -0.05165733964700818 -0.2009545340366742 -0.20111987201462692 -0.4043905257076834 -0.5038948393378774 -0.23077872392940887 -0.11888374421223877 -0.018104228630544422 0.037775172593460984 -0.055791710945802334 0.06324459479335195 -0.14656564401937647 -0.180547466511357 -0.1495581237253569 -0.053463229179042414 -0.17639902676399027 -0.07681823813653822 -0.1493481837742058 -0.059750826341215355 -0.12032604476646395 -0.09014006379142973 -0.16720798748947432 -0.04647380039502731 -0.1378826828698294 -0.16161858015084402 -0.132759680393362 -0.06765899864682003 -0.07445092443231169 0.038196155741744696 -0.06874602164226608 0.015222806531967892 -0.06393044367727913 -0.07202739402526863 -0.03194510175106484 -0.11975308641975309 -0.03929273084479371 -0.04134744010701691 0.008721654622476946 0.03377110694183865 0.0026174584478471418 0.14181409716371804 -0.04001500562711017 -0.08568207440811723 0.03173883473135343 0.1051867972433805 -0.004715868898844616 0.008389261744966441 0.0074010114715677795 0.014912389710451099 0.02739043824701195 -0.018406521167499343
-0.017144256674014206 -0.15393258426966291 -0.11101042138649753 -0.17119722382880279 -0.06364172068355922 -0.16283185840707964 -0.04036203522504892 -0.1549636803874092 -0.05621566372812061 -0.044229440221147207 -0.03413832342900493 -0.05624159432693484 -0.12028105275693701 -0.2001464486209421 -0.0038080731150038094 0.0073864335836513586 0.027515723270440256 0.10481912309855554 -0.02623294858342078 0.09535655058043117 -0.18735661483558502 -0.55980271270037 -2.326893075723029 -0.7524184879971336 -0.2563772223653697 -0.2577188058178107 -0.08410092110532638 -0.11072928598701795 -0.0762541806020067 -0.06635891517599538 -0.24080952990905596 -0.8058390695466414 -4.727251071939019 -1.4031862745098038 -0.3550370091581984 -0.24083631070530634 -0.0400055180024831 -0.1304232100079851 -0.10281014393420151 -0.07318123116659492 -0.2110022607385079 -0.23083076219860588 -0.4540727902946274 -0.5501460564751705 -0.2468221646303838 -0.1326492303841822 -0.01551791025475236 0.028657027484694546 -0.04516471838469713 0.05736137667304014 -0.16271270649608743 -0.19685497961560863 -0.16315431679129846 -0.07603659261019366 -0.183698296836983 -0.092925288068393 -0.1658017972408556 -0.059750826341215355 -0.13714581446500193 -0.09430037442795727 -0.18765788523998558 -0.0662251655629139 -0.15424164524421596 -0.1855620735065246 -0.148740012292563 -0.08365112559970475 -0.08934110931877405 0.030803351404632823 -0.08402291534054744 0.005535566011624689 -0.07160209691855261 -0.06612350926909907 -0.04850922858495031 -0.12098765432098765 -0.050343811394891934 -0.042563541286635045 -6.938893903907229e-19 0.033771106941838644 -0.009161104567464991 0.14602639707947204 -0.05377016381142928 -0.09244644870349492 0.012468827930174564 0.08221496796034337 -0.014147606696533834 -0.009587727708533077 3.816391647148976e-18 0.013669690567913503 0.021165338645418325 -0.028924533263213252
-0.020818025961302965 -0.16404494382022472 -0.11893973719981876 -0.17466743782533256 -0.06364172068355924 -0.15811209439528023 -0.031800391389432484 -0.15980629539951574 -0.05366040628593331 -0.04008293020041465 -0.020230117587558473 -0.06969067123120185 -0.11551744670715731 -0.1977056382719063 0.0 0.011079650375477038 0.035377358490566044 0.10098427713153524 -0.02623294858342078 0.09397457158651189 -0.1911802192199847 -0.6399506781750924 -2.4492979719188765 -0.789442254866834 -0.2563772223653697 -0.25516713447307987 -0.07742624482712587 -0.10945653557337406 -0.06822742474916389 -0.06924408540103866 -0.25874215447675164 -1.046760028483266 -5.464506908051453 -1.4926470588235292 -0.3562915568937398 -0.24215958713775304 -0.03310801489860671 -0.15304764439712534 -0.10143934201507883 -0.0918352704835701 -0.22104998744034163 -0.28339618329333793 -0.511842865395725 -0.61222005842259 -0.2678020486239664 -0.15517457139281693 -0.018104228630544422 0.009118145108766452 -0.04782146652497343 0.029416090601559065 -0.17264936032790956 -0.22830518345952244 -0.16542034896895538 -0.10217417131994773 -0.18613138686131386 -0.11274934952298352 -0.15314517149727885 -0.08263412153572337 -0.13067667227325658 -0.10678130633753986 -0.19126669072536992 -0.08481468572092482 -0.1565786398691283 -0.20591404285885312 -0.14013521819299327 -0.09103210727026695 -0.06700583198908053 0.03696402168555939 -0.06874602164226606 0.013838915029061722 -0.0869454034010996 -0.08147360963513992 -0.059157595835305256 -0.1259259259259259 -0.05771119842829077 -0.038915237747780614 0.0037378519810615483 0.0375234521575985 -0.009161104567464993 0.13900589721988205 -0.06252344629235963 -0.11499436302142049 0.009068238494672412 0.0797968806673921 -0.018863475595378452 -0.010786193672099709 -0.0012335019119279634 0.003728097427612774 0.02116533864541833 -0.039442545358927175
-0.03183933382316924 -0.15280898876404495 -0.12120525600362482 -0.16541353383458646 -0.062463170300530356 -0.14041297935103245 -0.031800391389432484 -0.15012106537530265 -0.053660406285933306 -0.02626123013130615 -0.02402326463522569 -0.07824917471573542 -0.1321900678813862 -0.20258725896997803 0.008885503935008886 0.008617505847593252 0.034067085953878404 0.08820145724146747 -0.024921301154249738 0.09259259259259259 -0.1886311496303849 -0.6535141800246609 -2.4276971078843155 -0.761973008479637 -0.23705230610667355 -0.24240877774942587 -0.06007208650380456 -0.10309278350515465 -0.0508361204013378 -0.05481823427582226 -0.28436018957345965 -1.3778779966769523 -5.999285373987614 -1.4926470588235292 -0.33872788859616104 -0.22892682281328575 -0.038626017381707824 -0.14506254990684056 -0.09595613433858809 -0.0832257138757354 -0.23988947500627983 -0.3462461432979088 -0.6770652801848642 -0.6621226874391433 -0.28014315685548563 -0.17019146539857338 -0.02457002457002457 0.006512960791976037 -0.05977683315621679 0.036770113251948816 -0.18507017761768724 -0.23645894001164822 -0.19034670292318154 -0.12712367827016752 -0.18613138686131386 -0.12018337256845495 -0.14428553347677514 -0.08136282735825069 -0.12161987320481307 -0.09568714464013311 -0.21291952363767597 -0.09527129080980598 -0.17878008880579577 -0.2047168681910691 -0.15119852489244007 -0.08857178004674622 -0.07196922695123463 0.048053228191227204 -0.06874602164226608 0.023526155549404924 -0.09973149213655544 -0.09210060219624513 -0.07572172266919072 -0.14074074074074075 -0.06139489194499017 -0.04256354128663505 -0.006229753301769252 0.04002501563477173 -0.013087292239235705 0.14883459702330804 -0.0662748530699012 -0.11950394588500561 -0.0034005894355021576 0.0544069640914037 -0.009431737797689221 -0.022770853307766063 0.008634513383495745 -0.011184292282838326 0.03237051792828686 -0.0473310544307126
-0.04653441097232427 -0.15280898876404495 -0.12460353420933393 -0.15268941584731058 -0.06482027106658811 -0.1274336283185841 -0.03669275929549902 -0.14769975786924938 -0.05238277756483965 -0.017968210089841046 -0.021494499936780882 -0.08680767820026898 -0.15124449208050494 -0.1977056382719063 0.01777100787001777 0.003693216791825678 0.028825995807127885 0.06647066342835231 -0.02229800629590766 0.08706467661691542 -0.1937292888095845 -0.6658446362515412 -2.3796951878075125 -0.7297265018511884 -0.22545735635145583 -0.24240877774942587 -0.050727539714323845 -0.11327478681430572 -0.029431438127090315 -0.059145989613387184 -0.32534904572819257 -1.7422264419653455 -6.367317770366841 -1.486519607843137 -0.327436958976289 -0.22760354638083896 -0.05104152296868534 -0.16369443705083842 -0.09595613433858807 -0.09327019658487587 -0.25872896257221806 -0.444520626214147 -0.9069901790872328 -0.7229795520934762 -0.2826113785017895 -0.1952196220748342 -0.024570024570024572 -0.015631105900742476 -0.05844845908607864 0.02206206795116929 -0.20494348528133152 -0.2644146767617938 -0.22093813732155 -0.1520731852203873 -0.19829683698296835 -0.14248544170486926 -0.15694215922035187 -0.10678871090770403 -0.1242075300815112 -0.11232838718624324 -0.23938409719716108 -0.10921343092831418 -0.20098153774246322 -0.20950556686220523 -0.16717885679164107 -0.0959527617173084 -0.09058195805931256 0.04805322819122721 -0.08147676639083387 0.023526155549404924 -0.1086817542513745 -0.10981225646475382 -0.09938476100331282 -0.15432098765432095 -0.05893909626719056 -0.05594065426243464 -0.004983802641415402 0.016260162601626015 -0.00261745844784714 0.12917719741645606 -0.08128048018006752 -0.12514092446448705 -0.019270006801178872 0.03506226574779349 -0.012968639471822686 -0.03715244487056568 0.01110151720735167 -0.03231017770597739 0.0448207171314741 -0.06968183013410467
-0.06857702669605682 -0.150561797752809 -0.15971907566832802 -0.145748987854251 -0.07071302298173247 -0.12861356932153392 -0.04403131115459883 -0.15980629539951574 -0.05621566372812061 -0.029025570145127848 -0.0037931470476672115 -0.06969067123120186 -0.17029891627962368 -0.1647546985599219 0.038080731150038086 0.019697156223070295 0.044549266247379454 0.061357535472325184 -0.003934942287513116 0.09259259259259259 -0.1899056844251848 -0.6473489519112207 -2.1564862594503778 -0.6485130777499104 -0.20742076784333935 -0.22327124266394488 -0.04405286343612334 -0.11454753722794957 -0.020066889632107027 -0.056260819388343916 -0.3471243755603945 -2.0626631853785904 -6.333968556455455 -1.400735294117647 -0.3136369338853343 -0.2342199285430726 -0.062077527934887564 -0.1849880223582646 -0.09458533241946539 -0.11192423590185105 -0.2712886209495102 -0.5839332647697406 -1.1842865395725013 -0.7424537487828627 -0.28754782179439714 -0.19396821424102115 -0.02715634294581663 -0.03386739611827537 -0.06641870350690755 8.326672684688674e-18 -0.2012172400943982 -0.27140361094933024 -0.24473147518694766 -0.1568254722585244 -0.20437956204379565 -0.146202453227605 -0.15567649664599417 -0.12458682939232138 -0.12679518695820935 -0.12896962973235335 -0.2622398652712619 -0.11618450098756827 -0.24304744099088574 -0.20950556686220517 -0.19422249539028888 -0.10087341616434986 -0.11663978161062168 0.030803351404632827 -0.10184595798854232 0.0069194575145308575 -0.10356731875719219 -0.11453536426968944 -0.15380974917179366 -0.1493827160493827 -0.05771119842829077 -0.05350845190319835 -6.938893903907229e-19 0.005003126954346471 0.0013087292239235709 0.12215669755686606 -0.07377766662498436 -0.12401352874859076 -0.05440943096803445 0.04715270221254987 -0.00825277057297807 -0.029961649089165866 0.02220303441470334 -0.03231017770597739 0.06349601593625498 -0.0670523271101762
-0.07714915503306392 -0.14719101123595502 -0.17671046669687357 -0.14806246385193755 -0.08721272834413671 -0.13805309734513274 -0.0611545988258317 -0.16464891041162227 -0.07282483710233806 -0.033172080165860394 0.006321911746112024 -0.09414353832986919 -0.1726807193045135 -0.17573834513058334 0.03300330033003301 0.0073864335836513586 0.035377358490566044 0.043461587626230334 -0.003934942287513116 0.08015478164731896 -0.1809839408615855 -0.6115906288532675 -1.8192727709108365 -0.5350531470201839 -0.1868075238340634 -0.20413370757846389 -0.03070351087972233 -0.10309278350515463 -0.00936454849498328 -0.05337564916330062 -0.3663379018829256 -2.2988369333016854 -6.0266793711291085 -1.170343137254902 -0.304855099736545 -0.23951303427285953 -0.08414953786729204 -0.1943039659302635 -0.10418094585332419 -0.11909886640838 -0.2825923134890731 -0.833047651696949 -1.489312536106297 -0.7680136319376826 -0.29248426508700487 -0.21148792391440369 -0.04267425320056899 -0.057314054969389086 -0.06907545164718384 -0.01323724077070157 -0.20494348528133152 -0.28538147932440305 -0.2696578291411738 -0.18177497920874422 -0.22262773722627735 -0.14248544170486926 -0.1695987849639286 -0.11950165268243071 -0.1397334713417001 -0.12480931909582585 -0.267051605918441 -0.12199372603694666 -0.2699228791773779 -0.20830839219442118 -0.21020282728948986 -0.10579407061139132 -0.13649336145923813 0.0283390832922622 -0.11330362826225335 0.006919457514530861 -0.09973149213655542 -0.1287046876844964 -0.17628963558920968 -0.16296296296296295 -0.06139489194499018 -0.06445336251976165 -0.004983802641415401 -0.005003126954346464 -0.005234916895694282 0.11513619769727605 -0.06252344629235963 -0.12514092446448705 -0.06121060983903877 0.04110748398017169 -0.017684508370667297 -0.01558005752636625 0.01973603059084741 -0.021125885423139056 0.06723107569721117 -0.0644228240862477
-0.08204751408278228 -0.13932584269662918 -0.1801087449025827 -0.1341816078658184 -0.1025338833235121 -0.14277286135693215 -0.08317025440313111 -0.17070217917675545 -0.1047655551296793 -0.03455425017277125 0.010115058793779238 -0.08558503484533561 -0.16196260569250925 -0.14156700024408103 0.025387154100025393 0.018466083959128403 0.02227463312368973 0.04473986961523711 -0.023609653725078696 0.09535655058043116 -0.16441498852918685 -0.5277435265104808 -1.4352574102964117 -0.4072614355667025 -0.16619427982478743 -0.17478948711405973 -0.013349352556401014 -0.08527427771414024 -0.0013377926421404701 -0.0302942873629544 -0.37146150890226715 -2.4127699976263943 -5.488327775131014 -0.9448529411764708 -0.2885459791745076 -0.22231044065105196 -0.08552903848806731 -0.19563481501197763 -0.10966415352981496 -0.10331467929401636 -0.29640793770409446 -1.2032910524511486 -1.8844598497978047 -0.7765335929892891 -0.3035912624953721 -0.20648229257915154 -0.059485322643217375 -0.07164256871173635 -0.09697130712008502 -0.017649654360935428 -0.19376474972053162 -0.30052417006406523 -0.2866530704736007 -0.19484376856362123 -0.21411192214111918 -0.1437244455457812 -0.15694215922035185 -0.1284007119247394 -0.13326432914995473 -0.1275828595201775 -0.27306628172741493 -0.12199372603694666 -0.2827763496143959 -0.20351969352328508 -0.2249539028887523 -0.1131750522819535 -0.1489018488646234 0.02587481517989157 -0.12603437301082115 0.020758372543592578 -0.1086817542513745 -0.13697012634313377 -0.19285376242309513 -0.15061728395061724 -0.07367387033398821 -0.058372856621670924 -0.02118116122601545 -0.006253908692933087 -0.02879204292631854 0.12356079752878406 -0.055020632737276476 -0.11386696730552423 -0.05667649059170256 0.0544069640914037 -0.012968639471822686 -0.004793863854266539 0.03330455162205501 -0.018640487138063877 0.07345617529880479 -0.05916381803839075
-0.08082292432035268 -0.1528089887640449 -0.17671046669687357 -0.14112203585887795 -0.11549793753682971 -0.1486725663716814 -0.09907045009784735 -0.18765133171912834 -0.12137472850389677 -0.04561161022805805 -0.003793147047667214 -0.09414353832986919 -0.15600809813028466 -0.14888943129118865 0.016501650165016507 0.0184660839591284 0.011792452830188682 0.030678767736162592 -0.022298006295907658 0.08015478164731896 -0.14784603619678816 -0.44882860665844637 -1.0596423856954278 -0.3176878060432342 -0.1417160525637722 -0.15565195202857873 0.006674676278200506 -0.06618302150948199 -0.0013377926421404673 -0.017311021350259664 -0.380427821186115 -2.4056491811061003 -4.8594568842305845 -0.7561274509803921 -0.2622004767281395 -0.19584491200211723 -0.0800110360049662 -0.17966462603140804 -0.10829335161069227 -0.09327019658487588 -0.3328309469982417 -1.6912352873957262 -2.324667822068169 -0.7801850048685491 -0.319634703196347 -0.2152421474158428 -0.08405534721324195 -0.09769441187964048 -0.1248671625929862 -0.038240917782026776 -0.20866973046826484 -0.3436225975538731 -0.33537276229322455 -0.22454556255197816 -0.21289537712895382 -0.14868046090942882 -0.1379572206049867 -0.13857106534452074 -0.12808901539655843 -0.1372902510054084 -0.27908095753638873 -0.1475543162542117 -0.2991353119887824 -0.22267448820782948 -0.23847572218807622 -0.1131750522819535 -0.17744136989700957 0.023410547067520947 -0.1540420114576703 0.029061721561029617 -0.11123897199846566 -0.15822411146534418 -0.19640321817321346 -0.1592592592592592 -0.08718074656188605 -0.07296607077708865 -0.05108397707450785 -0.030018761726078796 -0.056275356628713524 0.10109519797809605 -0.06502438414405401 -0.12514092446448705 -0.07934708682838358 0.05682505138435497 -0.029474180617778824 1.3877787807814458e-18 0.00863451338349574 -0.026096681993289426 0.044820717131474105 -0.0644228240862477
-0.09306882194464854 -0.15617977528089885 -0.18690530131400093 -0.13765182186234817 -0.1296405421331762 -0.16047197640117997 -0.13454011741682975 -0.19854721549636806 -0.1507601890890507 -0.05390463026952315 0.008850676444556836 -0.0965888250397359 -0.13933547695605575 -0.15499145716377835 0.02538715410002539 0.004924289055767574 0.006551362683438156 0.025565639780135496 -0.01967471143756558 0.0732448866777225 -0.13127708386438947 -0.38224414303329224 -0.7068282731309254 -0.24841753254508542 -0.12754444730739498 -0.14416943097729013 0.009344546789480709 -0.05600101820033092 0.0013377926421404673 -0.007212925562608193 -0.3906750352247982 -2.336814621409922 -4.1460219151977125 -0.579656862745098 -0.24965499937272612 -0.17202593621807594 -0.11311905090357291 -0.16103273888741015 -0.12474297464016448 -0.08035586167312384 -0.3592062295905551 -2.2111758656153584 -2.7348353552859614 -0.8106134371957158 -0.319634703196347 -0.24903015892879493 -0.1034527350316824 -0.12244366288914943 -0.15010626992561107 -0.06177379026327401 -0.21612222084213145 -0.4321490972626675 -0.4237480172218445 -0.2649400023761435 -0.21897810218978103 -0.1647875108412836 -0.1455511960511328 -0.14874141876430208 -0.13067667227325658 -0.14977118291499097 -0.2766750872127992 -0.1614964563727199 -0.3213367609254498 -0.22267448820782948 -0.2433927473878304 -0.12301636117603643 -0.19109070604293338 0.014785608674223755 -0.17186505410566516 0.01799058953778024 -0.1214678429868303 -0.18538198134372416 -0.22243256034074776 -0.16790123456790124 -0.09823182711198428 -0.08755928493250638 -0.07600299028158485 -0.03252032520325203 -0.07459756576364351 0.10109519797809605 -0.0662748530699012 -0.13979706877113868 -0.0929494445703922 0.04594365856607424 -0.037726951190756905 -0.016778523489932886 -0.007401011471567782 -0.04100907170374053 0.041085657370517926 -0.07494083618196161
-0.08449669360764145 -0.1561797752808989 -0.17557770729497058 -0.12261422787738577 -0.12492634060106071 -0.152212389380531 -0.1320939334637965 -0.19249394673123488 -0.15714833269451897 -0.05666897028334485 0.011379441143001646 -0.07213595794106858 -0.11194474216982257 -0.1244813278008299 0.03935008885503936 0.023390373014895972 0.00917190775681342 0.0460181516042439 -0.022298006295907658 0.08844665561083472 -0.1223553403007902 -0.29839704069050554 -0.40921636865474637 -0.18034157410724952 -0.11208451430043802 -0.12120438887471294 0.014684287812041116 -0.04454626447753596 -0.009364548494983277 -0.001442585112521638 -0.38555142820545657 -2.2383099928791834 -3.3635064316341117 -0.4068627450980392 -0.22958223560406474 -0.1323276432446738 -0.10898054904124706 -0.13308490817141336 -0.12748457847840985 -0.06600660066006601 -0.3880934438583271 -2.6122728830990747 -3.072212593876372 -0.7716650438169425 -0.319634703196347 -0.2252534100863471 -0.10474589421957843 -0.12244366288914943 -0.16471838469713074 -0.055890572142962204 -0.22854303813190907 -0.6010483401281306 -0.5597099478812599 -0.28632529404776047 -0.22871046228710462 -0.17098253004584313 -0.14555119605113276 -0.16145436053902873 -0.1462026135334455 -0.16225211482457358 -0.2706604114038253 -0.16962937144184967 -0.3295162421126431 -0.22626601221118162 -0.2421634910878918 -0.1303973428465986 -0.18860900856185628 0.011089206505667816 -0.1820496499045194 0.004151674508718518 -0.12274645186037589 -0.19364742000236154 -0.23308092759110272 -0.15185185185185185 -0.09332023575638507 -0.07661437431594308 -0.0722651383005233 -0.026266416510318948 -0.0798324826593378 0.10811569783768607 -0.08128048018006752 -0.14768883878241262 -0.09635003400589434 0.05803409503083061 -0.04244282008960151 -0.013183125599232983 -0.018502528678919453 -0.03976637256120294 0.029880478087649397 -0.07494083618196161
-0.06735243693362722 -0.1606741573033708 -0.15745355686452198 -0.11336032388663966 -0.11078373600471421 -0.14277286135693218 -0.12353228962818004 -0.1828087167070218 -0.14692730292576978 -0.05390463026952315 0.03034517638133772 -0.07213595794106858 -0.0845540073835894 -0.12936294849890168 0.05712109672505712 0.017235011695186507 0.026205450733752623 0.05240956154927777 -0.01049317943336831 0.08706467661691544 -0.07774662248279378 -0.2219482120838471 -0.1644065762630505 -0.1445121222978622 -0.06956969853130637 -0.10844603215105894 0.04405286343612334 -0.038182512409316534 0.010702341137123745 0.008655510675129832 -0.3522479825797361 -2.054355566104914 -2.577417818008575 -0.278186274509804 -0.19445489900890728 -0.086012968109038 -0.09104704097116842 -0.08517434122970456 -0.10829335161069224 -0.03013344812742143 -0.38934940969605625 -3.0167980802194037 -3.2882726747544764 -0.7546251217137293 -0.306059484141676 -0.21273933174821674 -0.1125048493469546 -0.11072033346359256 -0.1806588735387885 -0.04412413590233858 -0.21984846602906466 -0.7687827606290041 -0.7727169725810107 -0.3136509445170488 -0.21532846715328469 -0.1771775492504027 -0.12783192001012528 -0.17162471395881007 -0.1345581575883038 -0.16918596588545282 -0.25983399494767234 -0.171953061461601 -0.3517176910493106 -0.23584340955345384 -0.24462200368776893 -0.12793701562307788 -0.19109070604293335 0.008624938393297189 -0.18204964990451938 0.0027677830058123465 -0.11251758087201125 -0.22316684378320936 -0.23663038334122102 -0.16049382716049382 -0.07981335952848724 -0.08755928493250638 -0.05731373037627709 -0.037523452157598496 -0.06936264886794924 0.09547879809042406 -0.05001875703388771 -0.1589627959413754 -0.06687825889820903 0.04957078950550116 -0.01532657392124499 -0.008389261744966441 0.007401011471567779 -0.03852367341866535 0.051045816733067725 -0.0709965816460689
-0.06735243693362722 -0.16966292134831465 -0.14386044404168555 -0.10294968189705031 -0.10724808485562758 -0.12389380530973453 -0.13454011741682975 -0.15980629539951577 -0.1545930752523317 -0.03593642017968209 0.015172588190668862 -0.06846802787626848 -0.09408121948314876 -0.12814254332438374 0.06346788525006347 0.017235011695186507 0.026205450733752623 0.05880097149431165 -0.005246589716684154 0.08844665561083473 -0.0611776701503951 -0.1491985203452528 -0.015600624024960999 -0.1015167801265974 -0.04766812677145065 -0.09058433273794336 0.061407021759444666 -0.03181876034109711 0.01605351170568562 0.015868436237738027 -0.3420007685410529 -1.8086873961547592 -1.799666507860886 -0.1678921568627451 -0.17061849203362184 -0.05425433373031628 -0.07863153538419092 -0.038594623369709896 -0.09732693625771074 0.0057397044052231285 -0.41321276061291135 -3.2716260998742994 -3.4211438474870013 -0.7314995131450828 -0.29618659755646065 -0.19772243774246026 -0.12026380447433078 -0.10029959619643089 -0.1899574920297556 -0.030886895131637004 -0.2322692833188424 -1.050669772859639 -1.1250849762066621 -0.34454081026494 -0.22141119221411193 -0.17965555693222648 -0.13162890773319832 -0.16526824307144672 -0.14361495665674734 -0.16502565524892526 -0.267051605918441 -0.17776228651097942 -0.3774246319233466 -0.2298575362145337 -0.2532267977873387 -0.11194488867019314 -0.20970343715101128 0.01724987678659438 -0.196053469127944 0.017990589537780242 -0.11891062523973916 -0.2597709292714606 -0.269758637008992 -0.1728395061728395 -0.08472495088408645 -0.08634318375288823 -0.06354348367804633 -0.04002501563477173 -0.07590629498756708 0.09828699803426004 -0.05251969488558209 -0.1668545659526494 -0.07027884833371117 0.03748035304074478 -0.003536901674133455 -0.014381591562799617 0.024670038238559268 -0.037280974276127754 0.06349601593625498 -0.06968183013410466
-0.061229488121479304 -0.18202247191011237 -0.14386044404168552 -0.10179294389820708 -0.11903358868591632 -0.13451327433628318 -0.1443248532289628 -0.16464891041162227 -0.1545930752523317 -0.04699378023496889 0.025287646984448096 -0.07335860129600194 -0.0678813862093605 -0.12082011227727607 0.06727595836506728 0.004924289055767572 0.03668763102725366 0.04729643359325068 0.001311647429171038 0.07048092868988393 -0.0675503441243946 -0.1282367447595561 -0.0024000960038401543 -0.08479636928221665 -0.0515331100231899 -0.09568767542740496 0.06541182752636497 -0.03181876034109711 0.024080267558528427 0.01009809578765147 -0.3189445369540156 -1.4882506527415145 -1.222010481181515 -0.09313725490196079 -0.15681846694266716 -0.042344845838295626 -0.05655952545178644 -0.027947830715996817 -0.0904729266620973 0.008609556607834693 -0.39814117056016074 -3.219060678779569 -3.27787406123628 -0.6901168451801363 -0.28507960014809336 -0.1927168064072081 -0.10474589421957843 -0.10941774130519735 -0.17800212539851218 -0.04265333137226063 -0.24841634579555336 -1.2568433313919627 -1.8354860639021076 -0.4229535463942022 -0.2420924574209246 -0.19700161070499322 -0.15567649664599417 -0.1970505975082634 -0.16819769698537973 -0.19276105949244213 -0.2694574762420306 -0.21726501684675265 -0.4860948819817715 -0.27175864958697477 -0.2827289489858636 -0.12793701562307788 -0.22459362203747366 0.0012321340561853127 -0.21387651177593886 0.004151674508718518 -0.11763201636619358 -0.2692171448813319 -0.2733080927591103 -0.19135802469135804 -0.09700392927308447 -0.10823300498601482 -0.06105158235733864 -0.061288305190744206 -0.08506739955503208 0.07441729851165405 -0.06627485306990122 -0.18489289740698986 -0.07934708682838358 0.042316527626647324 -0.017684508370667297 -0.01677852348993289 0.006167509559639813 -0.03852367341866535 0.04855577689243028 -0.0709965816460689
-0.06000489835904972 -0.18089887640449437 -0.1495242410512007 -0.09600925390399076 -0.12374779021803184 -0.1415929203539823 -0.15166340508806261 -0.16828087167070221 -0.1673693624632682 -0.048375950241879746 0.016436970539891266 -0.07091331458613523 -0.05001786352268668 -0.10129362948498903 0.066006600660066 0.023390373014895972 0.04585953878406709 0.07286207337338617 0.002623294858342082 0.0925925925925926 -0.06245220494519499 -0.09247842170160296 0.001200048001920077 -0.06449301325689717 -0.05024478227261016 -0.08037764735902017 0.061407021759444666 -0.016545755377370495 0.02006688963210702 0.02163877668782458 -0.27923658255411815 -1.1037265606456208 -0.7777513101476894 -0.01470588235294118 -0.1342366077029231 -0.0026465528648934784 -0.023451510553179736 0.013308490817141336 -0.07402330363262509 0.04304778303917348 -0.3805576488319518 -3.118500742772255 -3.0699017908723283 -0.62317429406037 -0.27890904603233374 -0.1614316105618821 -0.1047458942195784 -0.07685293734531717 -0.17933049946865035 -0.007354022650389763 -0.24965842752453118 -1.3313919627256845 -2.54022207115341 -0.521563502435547 -0.25304136253041365 -0.19576260686408128 -0.1632704720921402 -0.19323671497584538 -0.17207918230042699 -0.18305366800721118 -0.2718633465656201 -0.2474729871035204 -0.5935966347277402 -0.33999760565066445 -0.3122311001843885 -0.13531799729364008 -0.23700210944285893 -0.006160670280926565 -0.2253341820496499 0.009687240520343207 -0.1214678429868303 -0.2633132601251623 -0.28395646000946523 -0.2 -0.11787819253438114 -0.10093639790830596 -0.07600299028158483 -0.038774233896185124 -0.10731579636173276 0.09969109800617805 -0.06752532199574841 -0.1882750845546787 -0.0861482656993879 0.054406964091403706 -0.020042442820089598 -0.0023969319271332696 -2.7755575615628915e-18 -0.02236858456567666 0.04357569721115538 -0.04996055745464108
-0.04163605192260593 -0.1786516853932584 -0.15065700045310376 -0.09947946790052055 -0.11903358868591633 -0.1415929203539823 -0.14310176125244617 -0.16707021791767557 -0.16353647629998722 -0.042847270214236344 0.008850676444556834 -0.07580388800586868 -0.05954507562224605 -0.11105687088113256 0.04950495049504951 0.01231072263941893 0.028825995807127885 0.0818100472964336 -0.015739769150052464 0.08982863460475402 -0.04588325261279633 -0.08261405672009865 0.003600144005760231 -0.058521437955332614 -0.04509147127029116 -0.07527430466955856 0.05740221599252436 0.0012727504136438848 0.013377926421404677 0.037507212925562604 -0.24080952990905602 -0.761927367671493 -0.4799904716531683 0.026960784313725495 -0.10161836657884833 0.022495699351594546 0.0013795006207752854 0.042587170614852274 -0.057573680603152856 0.06313674845745444 -0.3516704345641799 -2.96537538567021 -2.72212593876372 -0.5757059396299902 -0.25175860792299154 -0.15517457139281693 -0.08922798396482605 -0.057314054969389086 -0.16339001062699254 0.022062067951169294 -0.25214259098248665 -1.365171811298777 -3.1701790165420345 -0.6748247594154686 -0.2664233576642336 -0.20691364143228846 -0.1695987849639286 -0.19832189168573608 -0.17725449605382324 -0.17473304673415616 -0.267051605918441 -0.2811664923899152 -0.8039261509698529 -0.4776726924458279 -0.3318992009834051 -0.15623077869356622 -0.23576126070232037 -0.018482010842779693 -0.23424570337364736 -0.005535566011624688 -0.12146784298683033 -0.25622859841775886 -0.2733080927591103 -0.2148148148148148 -0.12524557956777999 -0.0960719931898334 -0.0797408422626464 -0.031269543464665414 -0.10731579636173279 0.11232799775344005 -0.06127297736651245 -0.1871476888387824 -0.09975062344139651 0.045943658566074234 -0.02593727894364537 0.003595397890699904 -0.016035524855063526 -0.018640487138063884 0.02739043824701195 -0.051275308966605315
-0.036737692872887584 -0.17752808988764043 -0.17217942908926148 -0.09022556390977446 -0.11549793753682969 -0.12979351032448377 -0.13820939334637963 -0.15012106537530265 -0.15714833269451897 -0.02626123013130615 0.008850676444556834 -0.0611321677466683 -0.0690722877218054 -0.08908957773980962 0.05585173902005586 0.024621445278837868 0.034067085953878404 0.09970599514252844 -0.026232948583420772 0.1064123825317855 -0.04460871781799643 -0.07891491985203454 0.00720028801152046 -0.03821808193001314 -0.025766555011594954 -0.07144679765246237 0.05606728073688426 0.017818505791014384 0.02006688963210702 0.0591459896133872 -0.19469706673498144 -0.47709470685971994 -0.18103858980466891 0.07107843137254902 -0.07025467319031489 0.04631467513563584 0.033108014898606694 0.0758583976577056 -0.03838245373543522 0.08466063997704118 -0.3064556644059282 -2.696834647468861 -2.3639514731369156 -0.5038948393378773 -0.22090583734419358 -0.13390063821799525 -0.0698305961463856 -0.028657027484694546 -0.15541976620616366 0.035299308721870856 -0.24717426406657558 -1.3663366336633662 -3.590527985497394 -0.8696685279790899 -0.27007299270072993 -0.22178168752323132 -0.1607391469434249 -0.20213577421815407 -0.16819769698537973 -0.1733462765219803 -0.26464573559485144 -0.30556523759730453 -1.0715120355223182 -0.6943613073147372 -0.3540258143822987 -0.17345306925821133 -0.22955701699962772 -0.02957121734844751 -0.2253341820496499 -0.011071132023249379 -0.12786088735455825 -0.2574093753689927 -0.2792238523426408 -0.23209876543209879 -0.1350687622789784 -0.09485589201021526 -0.08472464490406179 -0.020012507817385863 -0.11124198403350347 0.12075259758494805 -0.07377766662498438 -0.1882750845546787 -0.12922239854908185 0.04110748398017168 -0.023579344494223064 0.0 -0.01603552485506353 -0.0037280974276127712 0.019920318725099608 -0.03286878779910597
-0.017144256674014202 -0.18539325842696627 -0.16651563207974626 -0.09253903990746097 -0.09310548025928109 -0.12507374631268436 -0.1223091976516634 -0.1416464891041162 -0.13159575827264597 -0.020732550103662754 0.008850676444556834 -0.06113216774666831 -0.07621769679647493 -0.07932633634366612 0.07235338918507236 0.027083589806721653 0.03668763102725368 0.10737568707656908 -0.01836306400839454 0.1119402985074627 -0.03823604384399694 -0.09247842170160298 -0.00720028801152046 -0.035829451809387305 -0.01030662200463798 -0.06634345496300077 0.060072086503804564 0.029273259513809345 0.022742474916387954 0.0591459896133872 -0.17164083514794415 -0.29551388559221453 -0.01071939018580276 0.09681372549019608 -0.0401455275373228 0.056900886595209754 0.0469030211063595 0.08783603939313282 -0.01644962302947224 0.08035586167312384 -0.26752072343632255 -2.2980230830762203 -1.9352975158867707 -0.44303797468354433 -0.1900530667653956 -0.12514078338130394 -0.051726367515841185 -0.014328513742347278 -0.13018065887353877 0.04412413590233858 -0.24096385542168677 -1.3523587652882934 -3.793337865397688 -1.1037186646073422 -0.29318734793187345 -0.22425969520505515 -0.16327047209214024 -0.19323671497584544 -0.16302238323198343 -0.16225211482457358 -0.26223986527126186 -0.318345532705937 -1.314559476513204 -1.0726685023344904 -0.3847572218807621 -0.1845245417640546 -0.23327956322124335 -0.03573188762937408 -0.22151495862507958 -0.023526155549404928 -0.116353407492648 -0.25740937536899283 -0.2863227638428774 -0.2444444444444444 -0.1387524557956778 -0.10215249908792412 -0.0772489409419387 -0.020012507817385863 -0.09161104567464992 0.13058129738837404 -0.07502813555083157 -0.1871476888387824 -0.14282475629109043 0.02780800386893966 -0.021221410044800756 0.003595397890699904 -0.01603552485506353 0.0062134957126879576 0.022410358565737056 -0.023665527215356297
-0.008572128337007103 -0.1651685393258427 -0.18124150430448574 -0.0821283979178716 -0.08014142604596347 -0.1144542772861357 -0.09784735812133072 -0.12953995157384987 -0.1098760700140539 -0.004146510020732552 0.04425338222278417 -0.040347230712801066 -0.055972371084911286 -0.054918232853307304 0.10281797410510282 0.028314662070663542 0.0589622641509434 0.10993225105458264 -0.010493179433368314 0.11470425649530129 -0.02039255671679836 -0.08877928483353886 0.006000240009600385 -0.019109040965006572 0.014171605256377224 -0.053585098239346776 0.07208650380456548 0.03563701158202877 0.04414715719063545 0.06203115983843047 -0.13833738952222363 -0.20769048184191785 0.04287756074321104 0.12132352941176468 -0.025090954710826747 0.06219399232499671 0.06483652917643813 0.0904977375565611 -0.006854009595613433 0.08609556607834697 -0.19467470484802812 -1.7826534110387389 -1.4523396880415944 -0.3919182083739046 -0.14439096630877452 -0.11638092854461268 -0.01034527350316824 0.0026051843167904133 -0.10228480340063761 0.05589057214296219 -0.21984846602906472 -1.3057658707047177 -3.804668026285974 -1.330640370678389 -0.31021897810218985 -0.22797670672779086 -0.16833312238957093 -0.19069412662090007 -0.15396558416353995 -0.15393149355151853 -0.25261638397690367 -0.3067270826071803 -1.488665576069175 -1.662875613552017 -0.4535955746773202 -0.20789765038750155 -0.23576126070232037 -0.046821094135041895 -0.23297262889879056 -0.03736507057846665 -0.10484592763073777 -0.25268626756405715 -0.28277330809275913 -0.2666666666666666 -0.1338408644400786 -0.1203940167821963 -0.059805631696984794 -0.02626641651031895 -0.08244994110718493 0.12215669755686605 -0.060022508440665256 -0.17700112739571588 -0.12468827930174561 0.0012090436464756381 -0.010610705022400375 -0.0071907957813998075 -0.0012335019119279686 0.00124269914253759 0.04855577689243028 -0.03155403628714173
-0.006122948812147931 -0.15393258426966291 -0.17331218849116448 -0.08559861191440139 -0.07189157336476135 -0.11091445427728615 -0.0758317025440313 -0.12106537530266344 -0.09326689663983646 -0.002764340013821699 0.04046023517511695 -0.041569874067734436 -0.07383589377158509 -0.04149377593360996 0.09900990099009901 0.025852517542779757 0.06944444444444445 0.09842771315352168 -0.017051416579223506 0.1105583195135434 -0.024216161101198057 -0.07891491985203455 0.01200048001920077 -0.01910904096500657 0.02061324400927596 -0.056136769584077574 0.07342143906020558 0.03818251240931653 0.050836120401337795 0.06203115983843047 -0.12424747021903418 -0.16615238547353428 0.06669842782277276 0.11519607843137254 -0.015054572826496046 0.06484054518989017 0.09932404469582012 0.10247537929198829 0.012337217272104177 0.09757497488879324 -0.15071590052750566 -1.2455719346360414 -1.0132871172732527 -0.33349561830574487 -0.12217697149204002 -0.10261544237266924 0.01939738781844045 0.011723329425556858 -0.07970244420828905 0.05736137667304014 -0.21239597565519808 -1.2184041933605125 -3.7423521414004077 -1.5326125697992157 -0.35523114355231145 -0.23293272209143848 -0.1746614352613593 -0.19069412662090007 -0.16172855479363438 -0.14838441270281516 -0.2634428004330567 -0.2962704775182991 -1.5447534470670718 -2.25188555010176 -0.5998770743700061 -0.2300405953991881 -0.2543739918103983 -0.0566781665845244 -0.25206874602164225 -0.03598117907556048 -0.10101010101010102 -0.23733616719801626 -0.28632276384287747 -0.2901234567901235 -0.15225933202357567 -0.14106773683570473 -0.048592075753800146 -0.03877423389618512 -0.07983248265933779 0.10249929795001403 -0.05877203951481806 -0.17700112739571588 -0.12468827930174561 -0.02176278563656148 -0.020042442820089608 -0.01558005752636625 0.004934007647711848 -0.008698893997763144 0.04482071713147411 -0.03549829082303445
-0.009796718099436687 -0.14831460674157299 -0.1835070231082918 -0.0948525159051475 -0.0824985268120212 -0.1215339233038348 -0.06849315068493152 -0.12469733656174335 -0.08176823814999361 -0.0138217000691085 0.04046023517511695 -0.03667930064800098 -0.07264499225914017 -0.043934586282645835 0.10916476263010914 0.01969715622307029 0.07730607966457023 0.08564489326345393 -0.007869884575026234 0.10088446655610836 -0.024216161101198057 -0.06658446362515416 -0.001200048001920076 -0.008360205422190374 0.023189899510435458 -0.045930084205154376 0.07075156854892538 0.05600101820033091 0.06421404682274247 0.08366993652625505 -0.10375304214166774 -0.1186802753382388 0.08456407813244401 0.12132352941176472 -0.0075272864132480246 0.07278020378457062 0.1007035453165954 0.11578387010912963 0.010966415352981495 0.11048930980054528 -0.10173323285606635 -0.7999085818763569 -0.6273830155979203 -0.30671859785783834 -0.09502653338269779 -0.11137529720936053 0.0387947756368809 0.02735443532629933 -0.047821466524973426 0.06765700838358582 -0.18879642280462056 -1.044845661036692 -3.6063902107409924 -1.6502316739931089 -0.41484184914841854 -0.24532276050055754 -0.1860523984305784 -0.18688024408848208 -0.14879027041014364 -0.13867702121758424 -0.26223986527126186 -0.2869757174392936 -1.5809768637532133 -2.8947683467017837 -0.8862937922556853 -0.25218354041087465 -0.2829135128427845 -0.05174963035978315 -0.27498408656906437 -0.019374481040686408 -0.10484592763073777 -0.2208052898807415 -0.2851396119261714 -0.3333333333333333 -0.18541257367387037 -0.16052535570959506 -0.049838026414154 -0.04127579737335835 -0.06674519042010209 0.08986239820275203 -0.04751781918219332 -0.17474633596392333 -0.12582180911357968 -0.031435134808366585 -0.04008488564017921 -0.037152444870565675 0.007401011471567775 -0.026096681993289426 0.05353585657370519 -0.04601630291874836
-0.028165564535880483 -0.1438202247191011 -0.19030357951971005 -0.1041064198958936 -0.10017678255745432 -0.12743362831858407 -0.07460861056751467 -0.13196125907990314 -0.09326689663983646 -0.016586040082930197 0.025287646984448096 -0.042792517422667806 -0.090508514945814 -0.05979985355137905 0.1078954049251079 0.017235011695186507 0.0720649895178197 0.0766969193404065 -0.010493179433368315 0.09950248756218905 -0.04460871781799643 -0.05795314426633787 -0.006000240009600384 -0.009554520482503286 0.012883277505797475 -0.04337841286042358 0.052062474969963954 0.05218276695939925 0.04682274247491639 0.07357184073860358 -0.1178429614448572 -0.11986707809162118 0.07265364459266317 0.10906862745098038 -0.015054572826496049 0.06219399232499669 0.09104704097116843 0.10380622837370243 -0.008224811514736124 0.10187975319271056 -0.09294147199196182 -0.3531025025711347 -0.3743500866551127 -0.28237585199610515 -0.0900900900900901 -0.10887248154173443 0.04138109401267296 0.028657027484694546 -0.04649309245483527 0.055890572142962204 -0.1900385045335983 -0.8736167734420504 -3.3967822343077274 -1.6941903290958773 -0.5048661800486618 -0.2601908065915004 -0.21389697506644728 -0.19577930333079074 -0.15784706947858712 -0.14145056164193595 -0.2742692168892097 -0.28000464738003955 -1.5844823556905818 -3.4059619298455646 -1.391518131530424 -0.2866281215401648 -0.3102121851346321 -0.05544603252833909 -0.3004455760661999 -0.013838915029061724 -0.12786088735455825 -0.21490140512457198 -0.2957879791765263 -0.39382716049382716 -0.2382121807465619 -0.19092788520004866 -0.07101918764016944 -0.05753595997498436 -0.0837586703311085 0.07441729851165403 -0.07752907340252595 -0.16910935738444194 -0.155293584221265 -0.024180872929512758 -0.0954963452016034 -0.04434324065196548 -0.029604045886271125 -0.02858208027836461 0.031125498007968128 -0.042072048382855644
-0.030614744060739652 -0.1382022471910112 -0.2004984141368374 -0.11104684788895317 -0.11667648791985856 -0.143952802359882 -0.06604696673189822 -0.14891041162227603 -0.09198926791874282 -0.030407740152038697 0.027816411682892905 -0.04401516077760117 -0.08574490889603431 -0.09275079326336344 0.10916476263010917 0.008617505847593254 0.07337526205450735 0.06902722740636584 -0.011804826862539353 0.09259259259259259 -0.048432322202396114 -0.04932182490752158 -0.009600384015360612 -0.03821808193001314 0.012883277505797475 -0.05741260525644297 0.04138299292484314 0.04581901489117983 0.03612040133779264 0.06347374495095212 -0.11784296144485717 -0.12105388084500357 0.060743211052882315 0.10294117647058823 -0.026345502446368085 0.05954743946010323 0.08552903848806731 0.0958211338834176 -0.02193283070596299 0.09614004878748746 -0.06656618939964833 -0.05827905382242031 -0.18139803581744657 -0.2860272638753651 -0.08145131432802669 -0.12138655987986484 0.0517263675158412 0.023446658851113716 -0.026567481402763014 0.0529489630828063 -0.17264936032790956 -0.5742574257425742 -3.0398821663267617 -1.684685755019603 -0.5802919708029197 -0.2701028373187957 -0.2316162511074547 -0.20086448004068141 -0.15267175572519084 -0.1428373318541118 -0.2730662817274149 -0.2869757174392936 -1.5844823556905818 -3.711241470130491 -2.05900430239705 -0.36658875630458854 -0.3437151011291723 -0.09857072449482504 -0.3119032463399109 -0.0498200941046222 -0.13041810510164942 -0.18420120439249027 -0.27212494084240413 -0.4419753086419752 -0.28732809430255407 -0.22741092058859297 -0.0797408422626464 -0.08005003126954346 -0.07067137809187281 0.06318449873631005 -0.08128048018006752 -0.15896279594137547 -0.155293584221265 -0.013299480111232016 -0.1332232963923603 -0.05632790028763183 -0.056741087948686306 -0.04597986827389089 0.01867529880478088 -0.04996055745464108
-0.026940974773450893 -0.11685393258426968 -0.19370185772541912 -0.10873337189126664 -0.11078373600471421 -0.143952802359882 -0.0648238747553816 -0.14769975786924938 -0.10221029768749201 -0.02626123013130615 0.024023264635225687 -0.02323022374373395 -0.08098130284625463 -0.09030998291432754 0.0913937547600914 0.030776806598547334 0.06813417190775681 0.0766969193404065 -0.007869884575026234 0.09950248756218906 -0.03951057863879683 -0.02836004932182491 -0.0024000960038401526 -0.03344082168876149 0.0025766555011594943 -0.045930084205154376 0.025363769857161926 0.03690976199567265 0.017391304347826084 0.06058857472590884 -0.10503394389650311 -0.09494422027059103 0.07503573130061933 0.09681372549019608 -0.03136369338853343 0.055577610162763004 0.08139053662574149 0.08650519031141868 -0.01919122686771762 0.10474960539532215 -0.05275056518462697 -0.033139069820591935 -0.13518197573656845 -0.2689873417721519 -0.08268542515117858 -0.10511825804029536 0.050433208327945164 0.0403803569102514 -0.027895855472901177 0.060302985733196056 -0.15153397093528756 -0.3482818870122306 -2.3068207568547474 -1.5896400142568612 -0.5985401459854013 -0.30107793334159333 -0.23414757625617008 -0.18815153826595474 -0.13973347134170008 -0.12619608930800166 -0.25983399494767234 -0.24514929708376904 -1.4676326244449636 -3.6825092781036752 -2.6465888137676705 -0.7036535859269283 -0.394589899491252 -0.11951700344997536 -0.3233609166136219 -0.04151674508718517 -0.11251758087201125 -0.17357421183138505 -0.25437766209181256 -0.4345679012345679 -0.3339882121807466 -0.24686853946248327 -0.08223274358335411 -0.07879924953095685 -0.054966627404789956 0.06318449873631005 -0.0687757909215956 -0.13190529875986473 -0.13602357742008614 -0.013299480111232016 -0.12379155859467106 -0.07909875359539789 -0.05304058221290242 -0.05343606312911644 0.026145418326693225 -0.0539048119905338
-0.029390154298310066 -0.1044943820224719 -0.18803806071590395 -0.11914401388085598 -0.11667648791985856 -0.14749262536873156 -0.07216242661448141 -0.14164648910411626 -0.11626421361952217 -0.0248790601243953 0.013908205841446447 -0.012226433549333659 -0.08336310587114447 -0.09763241396143518 0.054582381315054586 0.03570109565431491 0.03668763102725367 0.07030550939537263 -0.03410283315844701 0.09673852957435049 -0.020392556716798366 -0.029593094944512947 0.001200048001920076 -0.03344082168876149 -0.0012883277505797487 -0.038275070170961975 0.03737818715792284 0.03181876034109711 0.017391304347826084 0.057703404500865564 -0.08838222108364288 -0.09969143128412059 0.0940924249642687 0.08333333333333334 -0.03387278885961611 0.041021569405848876 0.07587253414264036 0.07852009582113388 -0.03015764222069911 0.10187975319271056 -0.04521477015825169 -0.02742543709290367 -0.0924321201617562 -0.25803310613437197 -0.09502653338269777 -0.10762107370792143 0.0387947756368809 0.024749251009508925 -0.045164718384697135 0.03971172231210473 -0.12793441808471 -0.23645894001164822 -1.5771583956492183 -1.4601401924676252 -0.6034063260340632 -0.33081402552347916 -0.23541323883052775 -0.17416730231375538 -0.13197050071160565 -0.11094161697406738 -0.24900757849151933 -0.20564656674799578 -1.3601308716989948 -3.6238477193822582 -3.0030731407498465 -1.2486160659367695 -0.47152252140464074 -0.14785608674223755 -0.3488224061107575 -0.05120398560752837 -0.11891062523973914 -0.1712126579289172 -0.25437766209181256 -0.4345679012345679 -0.39169941060903735 -0.2918642831083546 -0.11462746075255419 -0.09881175734834272 -0.07328883653971993 0.03931479921370402 -0.06627485306990119 -0.1273957158962796 -0.13829063704375427 -0.025389916575988387 -0.12261259136995992 -0.10786193672099711 -0.05797458986061428 -0.06710575369702995 0.018675298804780874 -0.05653431501446228
-0.018368846436443792 -0.09775280898876405 -0.1608518350702311 -0.11798727588201272 -0.10371243370654096 -0.1486725663716814 -0.07216242661448141 -0.13922518159806296 -0.11498658489842853 -0.024879060124395298 0.024023264635225687 -0.007335860129600194 -0.039299749910682386 -0.10007322431047108 0.06346788525006349 0.05047396282161763 0.06027253668763104 0.06263581746133198 -0.011804826862539353 0.10088446655610835 -0.0038236043843996926 -0.02219482120838471 0.03960158406336254 -0.03582945180938731 0.014171605256377224 -0.02679254911967338 0.06674676278200507 0.024182257859233804 0.03879598662207358 0.04616272360069244 -0.08197771230946586 -0.08188938998338477 0.1250595521676989 0.09191176470588236 -0.028854597917450757 0.04499139870318909 0.07311353290108981 0.08384349214799043 -0.031528444139821796 0.11048930980054528 -0.021351419241396635 -0.020569077819677754 -0.054303870595031764 -0.2409931840311587 -0.08638775762063435 -0.10136403453885623 0.05560584507952928 0.028657027484694543 -0.03852284803400638 0.030886895131637004 -0.08942988448639921 -0.18054746651135703 -0.8939496940856559 -1.294998217892361 -0.5681265206812652 -0.3679841407508363 -0.21516263764080498 -0.14874141876430208 -0.09574330443783155 -0.09568714464013313 -0.22976061590280286 -0.16614383641222263 -1.1170834307081092 -3.4897641565904456 -3.0854333128457285 -1.9805634149341862 -0.5509368407991065 -0.14908822079842285 -0.3360916613621897 -0.02075837254359258 -0.11251758087201125 -0.17475498878261894 -0.23663038334122097 -0.4382716049382716 -0.41502946954813363 -0.34780493737078927 -0.1320707699975081 -0.11507191994996872 -0.0745975657636435 0.02527379949452401 -0.055020632737276476 -0.1307779030439684 -0.08954885513489005 -0.03627130939426913 -0.08606460740391417 -0.1318312559923298 -0.0370050573578389 -0.06710575369702995 0.0398406374501992 -0.04996055745464108
-0.0036737692872887613 -0.09101123595505618 -0.11554145899410964 -0.1156737998843262 -0.0883912787271656 -0.1569321533923304 -0.051369863013698634 -0.14043583535108956 -0.09071163919764916 -0.027643400138216995 0.030345176381337713 0.0024452867098667327 6.938893903907228e-18 -0.11105687088113254 0.08123889312008123 0.0566293241413271 0.08909853249475891 0.06774894541735907 0.022298006295907658 0.1077943615257048 0.0076472087687993896 -0.02342786683107275 0.062402496099843996 -0.044189657231577695 0.028343210512754447 -0.019137535085480988 0.10412494993992791 0.028000509100165456 0.06822742474916388 0.049047893825735725 -0.07941590879979507 -0.07120816520294328 0.15840876607908527 0.09436274509803923 -0.0100363818843307 0.04896122800052931 0.10484204717892123 0.09182858663827523 0.004112405757368059 0.12196871861099154 -0.028887214267771917 -0.013712718546451836 -0.032351242056614674 -0.22517039922103216 -0.07651487103541897 -0.09260417970216495 0.06983059614638562 0.03386739611827537 -0.019925611052072266 0.036770113251948816 -0.07204074028071047 -0.14793244030285382 -0.43054611375481516 -1.0645122965427114 -0.5352798053527981 -0.398959236773634 -0.22149095051259335 -0.13221459445715739 -0.0711605641091991 -0.07627236166967133 -0.21532539396126546 -0.1289647960962008 -0.8261275999065203 -3.264695319047049 -3.0657652120467116 -2.716201254766884 -0.7023203871448069 -0.15894529324790535 -0.3411839592616168 -0.0013838915029061704 -0.09973149213655542 -0.1617664423190459 -0.21060104117368666 -0.4234567901234567 -0.41871316306483297 -0.4000972880943695 -0.14203837528033889 -0.1288305190744215 -0.06412773197225494 0.02106149957877001 -0.037514067775415785 -0.1307779030439684 -0.037406483790523685 -0.030226091161890938 -0.05659042678613535 -0.12943432406519656 -0.02096953250277538 -0.0894743382627066 0.07221115537848606 -0.06573757559821194
-0.01347048738672545 -0.08089887640449439 -0.1325328500226552 -0.10757663389242336 -0.1013553329404832 -0.1592920353982301 -0.04036203522504892 -0.13196125907990314 -0.07793535198671266 -0.0221147201105736 0.03666708812744974 0.006113216774666831 0.02381803024889842 -0.12082011227727607 0.0748921045950749 0.0381632401821987 0.10744234800838574 0.06519238143934553 0.03934942287513117 0.09673852957435046 0.008921743563599286 -0.02589395807644883 0.0672026881075243 -0.05254986265376806 0.021901571759855708 -0.052309262566981374 0.12815378454144974 0.015273004963726609 0.0882943143812709 0.049047893825735725 -0.08453951581913668 -0.06408734868264895 0.15364459266317293 0.10171568627450982 -0.01881821603312006 0.04366812227074236 0.12415505586977515 0.11179132286398723 0.021932830705962986 0.13918783182666092 -0.03265511178095956 -0.017140898183064794 -0.015020219526285383 -0.22882181110029207 -0.0715784277428113 -0.10511825804029533 0.08922798396482605 0.0403803569102514 -0.00398512221041445 0.026474481541403146 -0.058377841261955034 -0.13278974956319162 -0.18921368683435305 -0.8173933705595818 -0.49513381995133815 -0.464626440341965 -0.23921022655360083 -0.15636918382913806 -0.05563462284901022 -0.09707391485230896 -0.2117165884758811 -0.11734634599744395 -0.5912596401028278 -2.8839937746917275 -3.0325752919483713 -3.406323040964449 -1.0274227571659016 -0.20330211927057662 -0.35136855506047104 -0.006919457514530861 -0.09205983889528192 -0.15468178061164242 -0.19403691433980122 -0.41728395061728396 -0.4064341846758349 -0.4487413352790952 -0.1395464739596312 -0.13633520950594122 -0.04580552283732496 0.012636899747262004 -0.030011254220332628 -0.14092446448703494 -0.01246882793017456 -0.024180872929512747 -0.04951662343786843 -0.13662511984659637 -0.018502528678919446 -0.11184292282838323 0.09088645418326693 -0.0815145937417828
-0.03183933382316924 -0.07752808988764044 -0.12347077480743092 -0.09716599190283404 -0.1013553329404832 -0.15339233038348082 -0.05136986301369863 -0.11985472154963679 -0.0792129807078063 -0.013821700069108492 0.005057529396889621 0.003667930064800098 0.010718113612004289 -0.13302416402245545 0.04823559279004825 0.012310722639418934 0.10875262054507337 0.07030550939537263 0.028856243441762852 0.10226644555002765 -0.012745347947998975 -0.03329223181257707 0.06120244809792391 -0.062104383136271354 0.00128832775057975 -0.09186016841030875 0.13482846081965025 -0.0012727504136438874 0.08963210702341137 0.027409117137911138 -0.09734853336749072 -0.05577972940897223 0.18222963315864696 0.10784313725490198 -0.015054572826496046 0.0449913987031891 0.1338115602152021 0.1224381155177003 0.03838245373543523 0.1492323145358014 -0.06907812107510676 -0.004570906182150614 -0.039283651068746386 -0.2154333008763388 -0.0974947550290016 -0.10887248154173446 0.07629639208586576 0.05861664712778429 -0.01726886291179596 0.041182526842182675 -0.06334616817786609 -0.1386138613861386 -0.11330160888284616 -0.5714625163359865 -0.46715328467153283 -0.5228596208648246 -0.3113529932919884 -0.19705059750826343 -0.05045930909561391 -0.13590348079323256 -0.2141224587994707 -0.1138608109678169 -0.41364804860948823 -2.2770262181252248 -2.9502151198524893 -3.7766022881043186 -1.6056582702568556 -0.2686052242483982 -0.3526416295353278 -0.013838915029061722 -0.11891062523973916 -0.14641634195300507 -0.21060104117368672 -0.39012345679012345 -0.41994106090373273 -0.4742794600510763 -0.17692499377024667 -0.14634146341463414 -0.06020154430048423 0.02386969952260601 -0.05627110166312368 -0.13416009019165726 -0.02493765586034912 0.006045218232378189 -0.06720113180853571 -0.12224352828379677 -0.04934007647711854 -0.10687212625823288 0.07221115537848606 -0.06968183013410466
-0.03306392358559883 -0.07528089887640448 -0.1166742183960127 -0.07981492192018509 -0.10960518562168534 -0.1592920353982301 -0.07827788649706459 -0.13196125907990314 -0.08815638175546185 -0.02349689011748445 0.002528764698444812 0.009781146839466928 0.036917946885792544 -0.13912618989504516 0.04950495049504951 0.0024621445278837943 0.11530398322851151 0.07669691934040648 0.024921301154249738 0.10226644555002765 -0.01784348712719857 -0.0406905055487053 0.04800192007680308 -0.051355547593455154 -0.009018294254058225 -0.09696351109977035 0.12281404351888933 -4.163336342344337e-18 0.07625418060200669 0.02885170225043277 -0.10119123863199694 -0.054592926655589846 0.19056693663649354 0.12500000000000003 -0.02258185923974407 0.03572846367606193 0.10898054904124707 0.10646792653713066 0.01370801919122687 0.1334481274214378 -0.06907812107510676 -1.3877787807814458e-18 -0.021952628538417097 -0.21421616358325216 -0.0974947550290016 -0.11888374421223875 0.06336480020690546 0.0599192392861795 -0.027895855472901167 0.04412413590233858 -0.05713575953297727 -0.1258008153756552 -0.08837525492862 -0.32315551859332303 -0.4172749391727494 -0.5377276669557676 -0.45943551449183645 -0.2275616577676074 -0.06339759347910467 -0.14283733185411177 -0.20690484782870203 -0.11037527593818985 -0.3365272259873802 -1.686819106907698 -2.808850645359558 -3.8873170131627512 -2.3985606154609753 -0.3794972893050764 -0.3946530872056015 -0.0345972875726543 -0.10868175425137452 -0.13815090329436766 -0.1739233317557974 -0.3567901234567901 -0.40029469548133595 -0.4779277635899307 -0.20931971093944676 -0.16885553470919323 -0.07590629498756707 0.01825329963493401 -0.06377391521820683 -0.1262683201803833 -0.022670596236681016 0.03748035304074477 -0.06484319735911342 -0.10067114093959735 -0.06167509559639818 -0.09941593140300733 0.06598605577689243 -0.05916381803839075
-0.04163605192260593 -0.07528089887640448 -0.10874490258269146 -0.07056101792943899 -0.10842663523865645 -0.15103244837758112 -0.10273972602739727 -0.13559322033898305 -0.10604318385077297 -0.017968210089841053 6.938893903907229e-19 0.014671720259200391 0.036917946885792544 -0.12814254332438368 0.04061944656004062 0.00492428905576758 0.12447589098532494 0.08436661127444714 0.018363064008394544 0.1077943615257048 -0.012745347947998979 -0.03329223181257706 0.06480259210368414 -0.04418965723157769 -0.010306622004637972 -0.09568767542740494 0.12147910826324923 0.0012727504136438833 0.07090301003344482 0.018753606462781302 -0.11015755091584475 -0.06408734868264895 0.18937589328251547 0.11274509803921569 -0.023836406975285412 0.026465528648934766 0.1062215477996965 0.09715198296513175 0.01233721727210418 0.12340364471229733 -0.07033408691283596 0.004570906182150611 -0.024263431542461 -0.2008276533592989 -0.10119708749845738 -0.11137529720936053 0.05819216345532134 0.05080109417741306 -0.04117959617428267 0.039711722312104715 -0.0409886970562663 -0.10599883517763539 -0.06231588488556537 -0.15444932873945588 -0.327250608272506 -0.5340106554330318 -0.6467535754967726 -0.2822273073989321 -0.0672790787941519 -0.1511579531271668 -0.19848430169613857 -0.12780295108632508 -0.2816078523019397 -1.04872500897881 -2.5027658266748616 -3.9193012670685206 -3.1319022211192458 -0.5803351404632824 -0.41884150222788036 -0.06781068364240243 -0.10228870988364658 -0.12634313378202858 -0.16090866067203027 -0.3135802469135802 -0.36468565815324167 -0.46576675179374927 -0.22925492150510837 -0.18386491557223264 -0.09291977489857348 0.02106149957877001 -0.05627110166312368 -0.11612175873731681 -0.00906823849467241 0.05198887679845242 -0.03183211506720113 -0.08748801534036434 -0.03700505735783891 -0.09817323226046976 0.08217131474103585 -0.053904811990533784
-0.035513103110457994 -0.0696629213483146 -0.09401903035795198 -0.04973973395026027 -0.0883912787271656 -0.1392330383480826 -0.09540117416829746 -0.12469733656174334 -0.09837741152421106 -0.015203870076019352 0.005057529396889621 0.03667930064800098 0.04168155293557223 -0.09519160361239931 0.04188880426504189 0.014772867167302731 0.13233752620545072 0.09331458519749455 0.019674711437565575 0.10917634051962408 0.005098139179199592 -0.024660912453760793 0.07560302412096484 -0.008360205422190372 -2.7755575615628915e-18 -0.08165348303138556 0.13616339607529035 0.01781850579101438 0.09632107023411371 0.031736872475476054 -0.10631484565133853 -0.04984571564206029 0.20605050023820864 0.14338235294117646 -0.010036381884330698 0.03705174010850867 0.10484204717892123 0.10247537929198829 0.013708019191226873 0.1234036447122973 -0.06028636021100227 0.003428179636612958 -0.016175621028307337 -0.1801363193768257 -0.09996297667530543 -0.10636966587410837 0.05560584507952928 0.054708870652598676 -0.04383634431455898 0.04412413590233857 -0.01366289901875543 -0.09900990099009901 -0.032857466576025375 -0.0594035879767138 -0.22506082725060822 -0.5389666707966794 -0.8302746487786357 -0.3941011950165268 -0.06080993660240652 -0.1608653446123977 -0.18645495007819077 -0.13012664110607644 -0.24655293292825423 -0.5171794564827009 -1.9803318992009835 -3.911920285397958 -3.867725524258593 -0.8637259733859043 -0.44302991725015917 -0.08856905618599502 -0.08566679452755402 -0.1086314795135199 -0.13724562233790819 -0.23580246913580244 -0.3204813359528487 -0.4317159187644412 -0.2466982307500623 -0.1813633520950594 -0.09946342101819135 0.03089019938219601 -0.0362635988495686 -0.10372040586245772 0.018136476989344823 0.07133357514206262 0.012968639471822679 -0.06831255992329818 -0.007401011471567784 -0.09568783397539456 0.10209163346613545 -0.04470155140678412
-0.026940974773450893 -0.0550561797752809 -0.08948799275033983 -0.04973973395026026 -0.08014142604596344 -0.13569321533923304 -0.100293542074364 -0.11622276029055689 -0.09965504024530471 -0.01243953006219765 0.017701352889113668 0.047683090842401264 0.04882696201024175 -0.061020258725897 0.03935008885503934 0.02831466207066355 0.13888888888888887 0.11632366099961651 0.01967471143756558 0.11885019347705916 0.012745347947998979 -0.019728729963008635 0.07320292811712467 0.02985787650782276 0.0038649832517392417 -0.06889512630773156 0.13749833133093045 0.033091510754740996 0.12040133779264214 0.053375649163300634 -0.09478672985781991 -0.04035129361500119 0.210814673654121 0.15196078431372548 -0.0037636432066240123 0.031758634378721715 0.10484204717892125 0.11046047378227308 0.01233721727210419 0.12196871861099153 -0.057774428535543834 0.02399725745629071 -0.016175621028307337 -0.11806231742940602 -0.09502653338269779 -0.07883869353022148 0.05301952670373723 0.07555034518692197 -0.05180658873538788 0.05736137667304014 -0.0037262451869333026 -0.10133954571927781 -0.03285746657602538 -0.016633004633479866 -0.14111922141119224 -0.5464006938421508 -1.0656878876091633 -0.580981439105009 -0.07892353473929356 -0.17195950630980444 -0.18044027426921688 -0.12199372603694666 -0.22668847861649918 -0.22267448820782954 -1.311616472034419 -3.8873170131627512 -4.498076684452165 -1.2296697880729424 -0.506683640992998 -0.10794353722668142 -0.06265183480373354 -0.08737749439130948 -0.12541410317084714 -0.16790123456790124 -0.2701375245579568 -0.3903684786574243 -0.26414153999501616 -0.16760475297060662 -0.11778563015312134 0.040718899185622014 -0.02625984744279105 -0.09808342728297634 0.019270006801178872 0.06891548784911136 0.042442820089601506 -0.05153403643336529 0.0074010114715677795 -0.07953274512240587 0.11454183266932272 -0.023665527215356294
-0.030614744060739645 -0.05842696629213483 -0.10194834617127324 -0.04164256795835743 -0.07896287566293458 -0.12625368731563422 -0.10518590998043054 -0.11380145278450364 -0.10093266896639837 -0.023496890117484452 0.011379441143001642 0.04523780413253454 0.03572704537334762 -0.057359043202343175 0.05458238131505457 0.014772867167302731 0.12971698113207547 0.11888022497763007 0.00918153200419727 0.11332227750138198 0.02294162630639816 -0.02712700369913687 0.07440297611904476 0.032246506628448586 0.02576655501159495 -0.07527430466955856 0.13749833133093045 0.03436426116838488 0.12441471571906357 0.03894979803808425 -0.09222492634814909 -0.0391644908616188 0.1977131967603621 0.15808823529411764 0.0025090954710826744 0.03308191081116845 0.093806042212719 0.12110726643598616 1.3877787807814458e-18 0.10044482709140479 -0.06531022356191911 0.014855445091989484 -0.024263431542461 -0.10589094449853945 -0.0777489818585709 -0.08259291703166062 0.0517263675158412 0.061221831444574694 -0.06243358129649309 0.04706574496249448 -0.004968326915911069 -0.10483401281304601 -0.043054611375481534 -0.010692645835808484 -0.10340632603406326 -0.5166646016602651 -1.1846601695987848 -1.2178998220188153 -0.1591408979169362 -0.1941478297046179 -0.18164320943101167 -0.10805158591843848 -0.24071044636597336 -0.2047168681910691 -0.7031346035648431 -3.5477918563168904 -4.577491003846631 -1.5475603745687532 -0.5830681094844048 -0.12316634375864932 -0.07032348804500704 -0.08855827134254339 -0.13487931850449597 -0.1530864197530864 -0.2050589390962672 -0.3551015444484981 -0.2504360827311239 -0.17636022514071292 -0.13479911006412776 0.05475989890480202 -0.021257971739402276 -0.10259301014656146 0.010201768306506466 0.07616974972796518 0.038905918415468047 -0.025167785234899327 0.011101517207351674 -0.06462035541195477 0.11703187250996017 -0.006573757559821189
-0.018368846436443792 -0.06292134831460675 -0.0917535115541459 -0.035858877964141125 -0.06364172068355921 -0.12035398230088497 -0.08194716242661448 -0.10411622276029056 -0.06771432221796347 -0.016586040082930197 0.032873941079782525 0.042792517422667806 0.04406335596046206 -0.06956309494752258 0.10154861640010156 -0.004924289055767571 0.1611635220125786 0.1227150709446504 0.043284365162644285 0.11194029850746268 0.014019882742798875 -0.017262638717632554 0.08400336013440537 0.039412396990326046 0.03864983251739242 -0.07782597601428935 0.12948871979708984 0.0483645157184676 0.12575250836120405 0.05626081938834391 -0.0973485333674907 -0.03323047709470686 0.19414006669842784 0.17524509803921567 0.013800025090954713 0.03969829297340215 0.08966754035039318 0.14373170082512643 0.008224811514736124 0.10044482709140479 -0.06531022356191911 0.012569992000914177 -0.01964182553437319 -0.10223953261927946 -0.04689621127977293 -0.09510699536979099 0.05819216345532137 0.04819590986062263 -0.06110520722635494 0.048536549492572426 -0.006210408644888833 -0.10599883517763542 -0.04645365964196692 -0.01900914815254841 -0.08880778588807786 -0.49188452484202694 -1.2593342614858878 -1.8649885583524028 -0.2885237417518437 -0.22465677437248646 -0.1804402742692169 -0.09759498082955734 -0.225519981304043 -0.18436489883874058 -0.31223110018438843 -2.999138885471768 -4.579972701327708 -1.8555938886150813 -0.6314449395289624 -0.1300858012731802 -0.048587137194732136 -0.0897390482937773 -0.10884997633696165 -0.1419753086419753 -0.12401768172888017 -0.3137541043414812 -0.18813854971343136 -0.1813633520950594 -0.09553723334642063 0.07301319853973602 -0.011254220332624732 -0.09808342728297634 0.024937655860349125 0.08221496796034337 0.04126385286489036 -0.00719079578139981 0.023436536326631303 -0.05467876227165401 0.13695219123505975 0.0013147515119642434
-0.029390154298310062 -0.07303370786516852 -0.10308110557317626 -0.039329091960670914 -0.06717737183264583 -0.12153392330383483 -0.07338551859099807 -0.10411622276029057 -0.056215663728120625 -0.015203870076019348 0.02402326463522569 0.0391245873578677 0.015481719661783971 -0.08054674151818403 0.09774054328509775 -0.025852517542779757 0.14544025157232704 0.12399335293365718 0.03934942287513116 0.10917634051962408 0.010196278358399185 -0.020961775585696674 0.058802352094083764 0.033440821688761495 0.03349652151507344 -0.09313600408267415 0.0947804031504472 0.047091765304823716 0.10969899665551838 0.054818234275822275 -0.0960676316126553 -0.04628530738191313 0.18461171986660313 0.16544117647058823 0.01881821603312006 0.04631467513563583 0.10622154779969653 0.15304764439712537 0.01919122686771762 0.10044482709140479 -0.07912584777694046 0.009141812364301217 -0.03581744656268053 -0.10467380720545276 -0.049364432926076764 -0.08759854836691276 0.03362213888529678 0.050801094177413054 -0.09697130712008502 0.05147815855272834 -0.024841634579555336 -0.10949330227140361 -0.07138001359619306 -0.015444932873945588 -0.0948905109489051 -0.45223640193284603 -1.3466649791165675 -2.601067887109077 -0.5291758312847715 -0.27180696158646517 -0.1924696258871647 -0.10688974090856278 -0.2290254732414116 -0.18675924817430864 -0.19053472649047326 -2.2548899003567477 -4.551433180295321 -2.0613602759980285 -0.6912794398472311 -0.1591475228342098 -0.04730852832118655 -0.08737749439130948 -0.11476573592049218 -0.1382716049382716 -0.08595284872298625 -0.2651100571567554 -0.14203837528033889 -0.18011257035647277 -0.07983248265933776 0.07301319853973602 -0.016256096036013506 -0.09695603156708006 0.01133529811834051 0.08463305525329465 0.025937278943645357 0.005992329817833172 0.01850252867891945 -0.06834845283956753 0.14193227091633467 -0.002629503023928473
-0.0440852314474651 -0.0741573033707865 -0.11327594019030358 -0.03932909196067091 -0.07189157336476133 -0.1144542772861357 -0.09050880626223094 -0.09927360774818403 -0.07410246582343172 -0.017968210089841046 0.012643823492224048 0.03790194400293434 -0.010718113612004285 -0.06468147424945081 0.07616146230007616 -0.025852517542779764 0.10351153039832284 0.14061101879074525 0.00786988457502623 0.1091763405196241 0.0012745347947998992 -0.014796547472256477 0.04200168006720269 0.03224650662844858 0.011594949755217727 -0.10334268946159735 0.04538779869176344 0.0483645157184676 0.06153846153846154 0.03750721292556261 -0.10503394389650314 -0.05577972940897223 0.16793711291090996 0.15931372549019607 0.00501819094216535 0.03969829297340214 0.08414953786729204 0.15970188980569605 -0.016449623029472237 0.08035586167312384 -0.07786988193921127 0.01028453890983887 -0.05661467359907568 -0.09858812074001946 -0.053066765395532525 -0.0825929170316606 0.0 0.06382701576136511 -0.1594048884165781 0.047065744962494487 -0.03602037014035524 -0.11764705882352941 -0.10310446408338998 -0.014256861114411313 -0.11800486618004866 -0.4212613059100484 -1.4289330464498164 -3.386727688787185 -0.882390994954069 -0.33975870198308145 -0.1924696258871647 -0.10456605088881141 -0.2208459920542183 -0.18436489883874055 -0.15980331899200984 -1.514331406077008 -4.445961037349546 -2.2067520946278956 -0.7523870146403564 -0.20066426792139497 -0.060094617056642374 -0.08501594048884165 -0.13251301467108376 -0.11975308641975309 -0.07735756385068762 -0.1945761887389031 -0.12085721405432345 -0.17385866166353967 -0.10208087946603847 0.07722549845549002 -0.03126172314617982 -0.08680947012401352 -0.017002947177510767 0.09793253536452666 -0.007073803348266921 0.009587727708533082 -0.00986801529542371 -0.06337765626941719 0.10707171314741035 0.022350775703392056
-0.05265735978447219 -0.06516853932584268 -0.1019483461712732 -0.04048582995951418 -0.06835592221567471 -0.10619469026548671 -0.10396281800391391 -0.10774818401937045 -0.08432349559218091 -0.01796821008984105 0.005057529396889622 0.05868688103680155 -0.029772537811123018 -0.07078350012204052 0.07108403148007109 -0.002462144527883789 0.07861635220125787 0.15595040265882654 -0.005246589716684158 0.12161415146489774 -0.008921743563599285 -0.004932182490752156 0.046801872074883 0.03702376686970023 0.0 -0.06761929063536616 0.017354158323321312 0.06618302150948199 0.034782608695652174 0.037507212925562604 -0.10631484565133853 -0.04865891288867791 0.15840876607908524 0.15808823529411767 0.0037636432066240092 0.05954743946010321 0.07311353290108981 0.1863188714399787 -0.04386566141192597 0.07748600947051228 -0.09168550615423261 0.023997257456290704 -0.08203350664355864 -0.09493670886075949 -0.06911020609650746 -0.06507320735827807 -0.04138109401267296 0.0794581216621076 -0.22183846971307122 0.03824091778202676 -0.06831449509377717 -0.11298776936517181 -0.1291638341264446 -0.0071284305572056565 -0.15206812652068127 -0.3667451369099245 -1.4960131628907734 -4.12789219425375 -1.3002975805408201 -0.3993898211066427 -0.1972813665343438 -0.08830022075055188 -0.20331853236737554 -0.17359032682868428 -0.15365703749231716 -0.81067782015008 -4.159324978285147 -2.2979300147856088 -0.8033099936346277 -0.2186548574591752 -0.08438818565400844 -0.07320817097650253 -0.14552768575485092 -0.11234567901234567 -0.09454813359528488 -0.12525842150066885 -0.1121355594318465 -0.1575984990619137 -0.12432927627273918 0.07862959842740802 -0.04376641240465175 -0.07440811724915444 -0.03740648379052369 0.10155966630395356 -0.027116246168356527 0.007190795781399813 -0.016035524855063522 -0.09817323226046974 0.08839641434262949 0.03944254535892716
-0.05143277002204262 -0.06853932584269662 -0.10534662437698232 -0.0578368999421631 -0.07778432527990572 -0.11209439528023601 -0.11252446183953033 -0.14285714285714288 -0.09582215408202376 -0.030407740152038704 0.013908205841446452 0.06480009781146838 -0.0345361438609027 -0.06468147424945082 0.06854531607006854 0.033238951126431125 0.05896226415094339 0.17384635050492137 -0.0013116474291710394 0.12023217247097846 -0.007647208768799388 0.007398273736128237 0.04320172806912277 0.02627493132688404 -0.010306622004637977 -0.030620056136769585 -0.004004805766920307 0.08018327605956473 0.01605351170568562 0.060588574725908825 -0.10631484565133853 -0.05815333491573701 0.14173415912339207 0.13848039215686275 -0.00501819094216535 0.0661638216223369 0.06069802731411229 0.20628160766569067 -0.06442769019876626 0.066006600660066 -0.08414971112785732 0.018283624728602448 -0.07510109763142693 -0.10467380720545276 -0.06417376280389979 -0.05130772118633462 -0.06595111858269753 0.09899700403803569 -0.25770456960680127 0.02647448154140315 -0.08570363929946592 -0.10716365754222482 -0.1495581237253569 -0.014256861114411313 -0.1727493917274939 -0.3209019947961839 -1.512466776357423 -4.763539282990084 -1.7104411954974772 -0.4368326168353904 -0.1924696258871647 -0.07668177065179504 -0.20331853236737554 -0.18795642284209263 -0.1585740626920713 -0.4219461188338049 -3.620796624891426 -2.362000985707245 -0.8555060471037554 -0.22695820647661225 -0.06009461705664236 -0.06140040146416342 -0.1254141031708471 -0.11111111111111112 -0.0712180746561886 -0.0608050589809072 -0.06728133565910789 -0.17010631644777988 -0.11647690092919771 0.09828699803426003 -0.026259847442791046 -0.08117249154453213 -0.034005894355021535 0.09309636077862413 -0.021221410044800756 0.00479386385426654 0.006167509559639819 -0.15658009195973657 0.08715139442231076 0.04864580594267683
-0.04775900073475385 -0.06629213483146067 -0.1144086995922066 -0.06593406593406595 -0.07071302298173246 -0.10383480825958702 -0.09784735812133072 -0.12590799031476999 -0.09454452536093012 -0.019350380096751902 0.01896573523833607 0.07213595794106858 -0.04406335596046206 -0.06346106907493287 0.06092916984006093 0.05170503508555953 0.03144654088050315 0.19941199028505688 -0.005246589716684152 0.12714206744057494 -0.0076472087687993896 0.02096177558569667 0.03720148805952238 0.02985787650782277 -0.02061324400927596 -0.014034192396019395 -0.010679482045120814 0.11072928598701795 0.0026755852842809376 0.07212925562608194 -0.10247214038683232 -0.0486589128886779 0.13696998570747973 0.13112745098039216 -0.003763643206624011 0.0793965859468043 0.06759553041798869 0.26350811817939845 -0.06442769019876628 0.08035586167312384 -0.08540567696558654 0.02056907781967775 -0.07741190063547083 -0.11684518013631937 -0.06047143033444404 -0.03754223501439119 -0.08146902883744989 0.11723329425556858 -0.29888416578108395 0.02059126342109134 -0.0894298844863992 -0.11997670355270822 -0.16542034896895536 -0.024949506950219795 -0.17761557177615572 -0.30603394870524103 -1.423870396152386 -5.390287312484108 -2.101177383878898 -0.5020108168076549 -0.185252014916396 -0.06157778552341118 -0.21500350549193734 -0.16640727882198011 -0.15365703749231713 -0.2841677943166441 -2.851470405757538 -2.337358304583539 -0.8605983450031827 -0.21727096595626905 -0.05753739930955121 -0.044869524146888655 -0.12896355892096542 -0.11481481481481481 -0.060166994106090374 -0.018241517694272166 -0.026164963867430845 -0.14008755472170106 -0.1099332548095799 0.13058129738837404 -0.022508440665249468 -0.08680947012401352 -0.03627295397868964 0.08221496796034337 -0.02357934449422306 -0.015580057526366254 0.009868015295423709 -0.19510376537840188 0.0784362549800797 0.05259006047856955
-0.04286064168503551 -0.06404494382022471 -0.11780697779791574 -0.04858299595141701 -0.07424867413081909 -0.09793510324483776 -0.09662426614481408 -0.11985472154963679 -0.08432349559218091 -0.0165860400829302 0.02275888228600329 0.07091331458613523 -0.053590568060021423 -0.04637539663168172 0.05585173902005586 0.06647790225286225 0.009171907756813416 0.20452511824108396 -0.002623294858342077 0.1299060254284135 -0.01274534794799898 0.017262638717632554 0.037201488059522385 0.0334408216887615 -0.027054882762174697 -0.015310028068384796 -0.01601922306768122 0.09163802978235967 -0.004013377926421403 0.06058857472590882 -0.0999103368771615 -0.037977688108236415 0.1345878989995236 0.14583333333333331 -0.007527286413248022 0.08601296810903798 0.06069802731411228 0.2621772690976843 -0.0712816997943797 0.07605108336920649 -0.09545340366742025 0.02399725745629071 -0.07394569612940498 -0.10467380720545276 -0.06540787362705172 -0.030033788011512953 -0.09698693909220224 0.08857626677087402 -0.3506907545164718 -0.0029416090601559 -0.11923984598186561 -0.1374490390215492 -0.18468162247903921 -0.039206368064631104 -0.20802919708029197 -0.30107793334159333 -1.2909758258448298 -5.790744978387999 -2.5100271703972057 -0.5616419359312161 -0.1792373391074221 -0.034855350296270474 -0.21149801355456882 -0.13528073745959537 -0.16963736939151813 -0.22265961372862592 -2.1280555900235765 -2.1993592902907837 -0.8593252705283259 -0.2117353999446443 -0.06137322593018797 -0.04723107804935647 -0.12778040700425933 -0.09753086419753085 -0.068762278978389 0.003648303538854433 0.003737851981061556 -0.11131957473420886 -0.09291977489857348 0.13479359730412804 -0.038764536701262974 -0.08004509582863586 -0.056676490591702565 0.09309636077862411 -0.04362178731431267 -0.0023969319271332653 -0.017269026766991488 -0.2112588542313906 0.0585159362549801 0.06968183013410464
-0.035513103110457994 -0.0651685393258427 -0.12007249660172181 -0.05668016194331984 -0.07189157336476135 -0.10619469026548671 -0.10151663405088063 -0.12227602905569006 -0.08049060942889996 -0.0138217000691085 0.022758882286003288 0.05624159432693483 -0.05597237108491128 -0.06468147424945082 0.05585173902005584 0.04308752923796626 0.007861635220125793 0.18918573437300268 0.001311647429171041 0.10779436152570483 -0.02549069589599796 0.012330456226880395 0.03480139205568224 0.007165890361877464 -0.03864983251739242 -0.038275070170961975 -0.026698705112802028 0.07891052564592083 -0.026755852842809364 0.05337564916330062 -0.09991033687716151 -0.046285307381913124 0.13101476893758934 0.13848039215686275 -0.013800025090954713 0.07675003308191082 0.06069802731411228 0.259515570934256 -0.08361891706648387 0.08179078777442962 -0.08791760864104496 0.017140898183064794 -0.07163489312536107 -0.1277994157740993 -0.06047143033444404 -0.053810536853960714 -0.10603905340747447 0.01693369805913767 -0.44367693942614234 -0.035299308721870856 -0.13911315364550986 -0.1537565521258008 -0.21300702469975072 -0.06653201853391945 -0.23600973236009729 -0.30851195638706475 -1.1403619794962663 -5.99160945842868 -2.9369905550524 -0.6198862848426016 -0.16480211716588478 -0.022075055187637967 -0.20215003505491932 -0.1448581348018676 -0.1598033189920098 -0.19067535982285644 -1.369897009554535 -1.9480039428289797 -0.8249522597071927 -0.19651259341267643 -0.06520905255082472 -0.04132719329318692 -0.13606247042120206 -0.11728395061728394 -0.068762278978389 0.006080505898090721 0.049838026414154 -0.08505315822388992 -0.06936264886794921 0.14181409716371804 -0.045016881330498935 -0.09131905298759865 -0.06574472908637498 0.07858783702091646 -0.05069559066257958 -0.028763183125599234 -0.018502528678919453 -0.2423263327948304 0.06349601593625498 0.05784906652642652
-0.04286064168503551 -0.07191011235955055 -0.12007249660172181 -0.04742625795257375 -0.0742486741308191 -0.10501474926253687 -0.11130136986301369 -0.12590799031476996 -0.08049060942889998 -0.015203870076019348 0.006321911746112024 0.04401516077760117 -0.06192687864713586 -0.0732243104710764 0.039350088855039336 0.01600393943124461 -0.01834381551362684 0.1585069666368401 -0.006558237145855193 0.08015478164731896 -0.01784348712719857 0.0012330456226880393 0.05520220808832353 0.0011943150603129112 -0.02963153826333419 -0.039550905843327384 -0.026698705112802028 0.07127402316405754 -0.034782608695652174 0.040392383150605886 -0.09734853336749072 -0.054592926655589846 0.13935207241543593 0.1409313725490196 -0.01630912056203739 0.07145692735212386 0.04690302110635949 0.23689113654511576 -0.10829335161069223 0.07174630506528915 -0.08791760864104496 0.003428179636612958 -0.06585788561525131 -0.14970788704965918 -0.06787609527335556 -0.06882743085971718 -0.129315918789603 -0.06643220007815556 -0.6110520722635495 -0.07059861744374173 -0.12917649981368773 -0.15958066394874781 -0.20394289598912305 -0.07484852085065938 -0.22749391727493914 -0.29736092181885765 -0.9264650044298192 -5.982710399186372 -3.3548971406391517 -0.6725835529052836 -0.1623962468422952 -0.00464738003950273 -0.20098153774246316 -0.12211181611397101 -0.16963736939151813 -0.14884979702300408 -0.7420275468420399 -1.5980778708723506 -0.7905792488860597 -0.17852200387489622 -0.08438818565400844 -0.06140040146416342 -0.14434453383814483 -0.13209876543209875 -0.08349705304518665 -0.0036483035388544297 0.07600299028158485 -0.07754846779237023 -0.056275356628713503 0.13760179724796404 -0.03126172314617982 -0.10259301014656146 -0.06121060983903877 0.0737516624350139 -0.04362178731431267 -0.04314477468839885 -0.0135685210312076 -0.2696657139306574 0.06847609561752988 0.0539048119905338
-0.044085231447465095 -0.07640449438202247 -0.11214318078840055 -0.05668016194331984 -0.06599882144961697 -0.11209439528023597 -0.0892857142857143 -0.12711864406779658 -0.0689919509390571 -0.008293020041465102 0.0025287646984448096 0.04523780413253454 -0.06549958318447065 -0.06590187942396876 0.033003300330033 0.022159300750954077 -0.02489517819706499 0.17128978652690785 -0.0026232948583420775 0.08982863460475402 -0.01656895233239867 0.0012330456226880373 0.06000240009600385 -0.008360205422190372 -0.027054882762174694 -0.05486093391171217 -0.013349352556401014 0.06745577192312588 -0.025418060200668897 0.0447201384881708 -0.09862943512232611 -0.060526940422501785 0.15483563601715106 0.1360294117647059 -0.002509095471082677 0.07145692735212386 0.06483652917643812 0.219590098482832 -0.12063056888279644 0.07892093557181803 -0.09419743782969103 0.003428179636612959 -0.07279029462738303 -0.15579357351509251 -0.08391953597433051 -0.07383306219496934 -0.1512996249838355 -0.17454734922495768 -1.1078639744952177 -0.1058979261656126 -0.12420817289777666 -0.17239370995923126 -0.20054384772263764 -0.08197695140786504 -0.24087591240875916 -0.29240490645521 -0.829008986204278 -5.433511314518179 -3.5593220338983054 -0.7127998890583831 -0.14916396006255261 -0.005809225049378412 -0.174106099555971 -0.12570334011732312 -0.15119852489244007 -0.145159306187723 -0.6030524879017247 -1.2814194184327254 -0.6989178866963717 -0.17713811237199004 -0.09333844776882753 -0.04841185500059039 -0.14434453383814477 -0.12469135802469133 -0.09086444007858546 0.009728809436945155 0.07226513830052331 -0.04878048780487806 -0.045805522837324954 0.14040999719180008 -0.04001500562711017 -0.10259301014656146 -0.057810020403536624 0.07133357514206264 -0.048337656213157276 -0.04913710450623202 -0.014802022943135562 -0.29203429849633405 0.05976095617529881 0.03549829082303444
-0.050208180259613024 -0.09101123595505618 -0.12007249660172181 -0.062463851937536154 -0.06717737183264585 -0.11445427728613569 -0.0892857142857143 -0.13438256658595643 -0.07538009454452535 -0.019350380096751905 -0.012643823492224048 0.042792517422667806 -0.07502679528403002 -0.061020258725897 0.01904036557501904 0.025852517542779757 -0.04454926624737946 0.17768119647194175 -0.007869884575026234 0.08430071862907683 -0.014019882742798875 -0.002466091245376079 0.05280211208448338 -0.016720410844380744 -0.027054882762174694 -0.059964276601173774 -0.006674676278200507 0.057273768613974804 -0.02809364548494983 0.028851702250432775 -0.10631484565133853 -0.07239496795632566 0.14530728918532637 0.12254901960784315 -0.007527286413248027 0.0661638216223369 0.06759553041798869 0.19563481501197766 -0.1521590130226182 0.057397044052231304 -0.1092690278824416 -0.005713632727688263 -0.08665511265164645 -0.16674780915287243 -0.10736764161421697 -0.07508447002878238 -0.18104228630544422 -0.3100169336980591 -1.6923485653560042 -0.16767171642888662 -0.12545025462675444 -0.18870122306348286 -0.2016768638114661 -0.09623381252227635 -0.24087591240875916 -0.29240490645521 -0.7568662194658904 -4.869056699720315 -3.6201319705007116 -0.7516294549993067 -0.15517863587152653 -0.019751365167886607 -0.17761159149333955 -0.13408356279181133 -0.16472034419176398 -0.1377783245171608 -0.5248790172477975 -0.9610645638245441 -0.6429026098026733 -0.17160254636036537 -0.1035673187571922 -0.0495926319518243 -0.15380974917179363 -0.11481481481481481 -0.10559921414538312 0.018241517694272163 0.052329927734861705 -0.01876172607879924 -0.05234916895694282 0.14181409716371804 -0.04251594347880455 -0.11499436302142052 -0.06234413965087282 0.06528835690968444 -0.05423249233671303 -0.05752636625119847 -0.013568521031207603 -0.31191748477693554 0.049800796812749 0.02498027872732053
-0.056331129071760966 -0.07528089887640449 -0.12686905301314 -0.05899363794100637 -0.08131997642899234 -0.10265486725663715 -0.09417808219178084 -0.11864406779661019 -0.0894340104765555 -0.009675190048375953 -0.018965735238336074 0.047683090842401264 -0.07621769679647493 -0.05735904320234318 0.015232292460015229 0.03323895112643111 -0.04848008385744235 0.19302058034002303 -0.006558237145855196 0.08568269762299613 -0.025490695895997957 0.007398273736128237 0.046801872074883 -0.016720410844380744 -0.03220819376449369 -0.06379178361826997 0.009344546789480712 0.059819269441262576 -0.03210702341137122 0.018753606462781305 -0.11656205969002176 -0.05696653216235462 0.13935207241543593 0.12990196078431374 -0.017563668297578723 0.0688103744872304 0.055180024831011164 0.18764972052169288 -0.1960246744345442 0.04448270914047927 -0.11554885707108768 -0.01371271854645183 -0.10167533217793183 -0.17770204479065238 -0.11477230655312849 -0.09886121887123013 -0.18750808224492435 -0.5041031652989449 -2.318012752391073 -0.24121194293278422 -0.12172400943982113 -0.1956901572510192 -0.1937457511896669 -0.10811453011761911 -0.2372262773722628 -0.2998389295006815 -0.6821921275787874 -4.211797609966946 -3.5541467201449093 -0.7682706975454169 -0.1503668952243474 -0.006971070059254095 -0.18228558074316428 -0.1448581348018676 -0.17086662569145666 -0.12916717923483823 -0.4764859163667949 -0.755298176441597 -0.60471037555697 -0.1577636313313036 -0.1035673187571922 -0.0295194237808478 -0.15380974917179363 -0.09506172839506172 -0.10928290766208253 0.036483035388544326 0.0373785198106155 0.001250781738586619 -0.056275356628713503 0.16147149677057007 -0.04251594347880455 -0.10822998872604286 -0.06121060983903877 0.07254261878853827 -0.055411459561424195 -0.0587248322147651 -0.007401011471567786 -0.3181309804896235 0.031125498007968135 0.02498027872732054
-0.05143277002204262 -0.08426966292134831 -0.12347077480743092 -0.06477732793522266 -0.08131997642899233 -0.10619469026548674 -0.09050880626223093 -0.12711864406779663 -0.08687875303436822 -0.009675190048375953 -0.011379441143001646 0.042792517422667806 -0.061926878647135884 -0.0732243104710764 0.020309723280020307 0.019697156223070292 -0.032756813417190785 0.19685542630704334 0.026232948583420772 0.07048092868988391 -0.00892174356359928 0.02096177558569667 0.06480259210368414 -0.005971575301564553 -0.016748260757536708 -0.04465424853278897 0.034708316646642645 0.07509227440498918 -0.013377926421404684 0.031736872475476054 -0.11143845267068016 -0.05340612390220746 0.13816102906145783 0.1286764705882353 -0.016309120562037382 0.07410348021701733 0.046903021106359494 0.16502528613255257 -0.21384509938313911 0.03587315253264456 -0.12182868625973375 -0.0411381556393555 -0.10629693818601964 -0.22395326192794549 -0.12587930396149577 -0.1451633087223126 -0.1862149230570283 -0.7450827146020581 -2.9210945802337935 -0.3235769966171496 -0.11178735560799899 -0.1945253348864298 -0.16881939723544073 -0.12355946299156469 -0.22384428223844283 -0.29364391029612197 -0.6011897228198962 -3.4960589880498354 -3.378186052529435 -0.7613368464845376 -0.1503668952243474 -0.0034855350296270488 -0.1892965646179014 -0.1424637854662995 -0.18561770129071914 -0.11071472505843276 -0.43801960541010043 -0.6049778215869888 -0.56524506683641 -0.12039856075283695 -0.08950262114819077 -0.027157869878379974 -0.13369616658778988 -0.1037037037037037 -0.1006876227897839 0.026754225951599174 0.04111637179167704 0.003752345215759853 -0.030100772150242115 0.16427969671440606 -0.03376266099787421 -0.11161217587373166 -0.056676490591702565 0.05924313867730626 -0.04362178731431266 -0.06471716203259828 0.006167509559639818 -0.3156455822045483 0.03237051792828686 0.0236655272153563
-0.04775900073475386 -0.10337078651685391 -0.12007249660172178 -0.06824754193175245 -0.07542722451384797 -0.11445427728613569 -0.07827788649706457 -0.13075060532687652 -0.07154720838124443 -0.017968210089841053 -0.006321911746112024 0.03423401393813424 -0.05359056806002144 -0.053697827678789355 0.021579080985021575 0.02215930075095408 -0.027515723270440256 0.20963824619711105 0.05508919202518363 0.06495301271420674 -0.0050981391791995925 0.0036991368680641193 0.06840273610944438 -0.02030335602531948 -0.0012883277505797487 -0.059964276601173774 0.04805766920304366 0.06745577192312588 0.008026755852842807 0.01154068090017311 -0.11015755091584475 -0.06408734868264895 0.15245354930919486 0.12867647058823528 -0.013800025090954713 0.06748709805478365 0.04552352048558421 0.09981368112856001 -0.19876627827278953 0.0028698522026115642 -0.10675709620698319 -0.055993600731344996 -0.09358752166377816 -0.2349074975657254 -0.11477230655312846 -0.16018020272806907 -0.1823354454933402 -0.9860622639051713 -3.537460148777895 -0.3691719370495661 -0.08942988448639921 -0.21432731508444963 -0.15635622025832768 -0.14019246762504456 -0.20559610705596104 -0.3047949448643291 -0.520187318061005 -2.7981184846173406 -3.083193168585846 -0.7516294549993067 -0.14074341392998918 -0.015103985128383873 -0.18345407805562047 -0.16042140548306 -0.18315918869084208 -0.11809570672899497 -0.389626504529098 -0.49531789058649595 -0.5003182686187142 -0.1037918627179629 -0.07160209691855263 -0.0295194237808478 -0.12304779933743493 -0.09259259259259259 -0.08226915520628683 0.03161863067007176 0.04610017443309245 0.005003126954346468 -0.018322209134929983 0.17551249648975004 -0.02876078529448543 -0.12063134160090191 -0.048741781908864204 0.06528835690968446 -0.029474180617778827 -0.06471716203259828 0.014802022943135559 -0.2833354044985709 0.02863545816733068 0.014462266631606626
-0.029390154298310066 -0.10898876404494381 -0.1110104213864975 -0.07171775592828225 -0.06953447259870359 -0.12861356932153392 -0.06971624266144813 -0.11501210653753029 -0.0689919509390571 -0.029025570145127855 0.007586294095334428 0.02445286709866732 -0.03572704537334762 -0.06468147424945082 0.03935008885503935 0.002462144527883789 -0.009171907756813417 0.2083599642081043 0.08525708289611753 0.05666113875069099 0.010196278358399185 -0.004932182490752158 0.07680307212288492 -0.02508061626657112 0.011594949755217732 -0.06889512630773156 0.05473234548124416 0.05472826778668703 0.004013377926421408 -0.0072129255626081955 -0.09734853336749072 -0.06764775694279611 0.16079085278704147 0.1323529411764706 -0.0100363818843307 0.05690088659520973 0.04828252172713478 0.019962736225712013 -0.22344071281699796 -0.021523891519586745 -0.09294147199196183 -0.08456176436978632 -0.07972270363951472 -0.26533592989289195 -0.10736764161421694 -0.19396821424102115 -0.17845596792965213 -1.2335547740002606 -4.113974495217853 -0.44712457714369763 -0.06583033163582165 -0.20966802562609202 -0.1438930432812146 -0.137816324105976 -0.19099756690997566 -0.3085119563870648 -0.4391849133021137 -2.1751843376557334 -2.762323715875275 -0.7363749826653723 -0.12510525682665705 -0.030207970256767747 -0.1647581210563216 -0.1676044534897642 -0.17332513829133378 -0.1303973428465986 -0.3350291599454026 -0.3856579595860029 -0.4353914704010185 -0.10794353722668144 -0.06265183480373354 -0.04250797024442084 -0.10884997633696165 -0.09753086419753085 -0.074901768172888 0.0060805058980907215 0.05108397707450785 0.03252032520325203 -0.00916110456746499 0.15725919685481607 -0.021257971739402276 -0.11612175873731678 -0.037406483790523685 0.07375166243501392 -0.014147606696533834 -0.06711409395973154 0.02590354015048723 -0.22617124394184168 0.033615537848605576 0.014462266631606626
-0.023267205486162134 -0.1089887640449438 -0.09175351155414589 -0.06130711393869289 -0.06246317030053035 -0.12389380530973453 -0.059931506849315065 -0.12106537530266344 -0.0689919509390571 -0.0331720801658604 0.007586294095334431 0.011003790194400296 -0.03572704537334762 -0.057359043202343175 0.04950495049504951 0.003693216791825682 0.013102725366876311 0.19685542630704334 0.10624344176285413 0.04560530679933665 0.011470813153199083 -0.013563501849568432 0.08520340813632546 -0.028663561447509856 0.028343210512754447 -0.06761929063536617 0.07208650380456548 0.010182003309151075 0.010702341137123745 -0.030294287362954413 -0.09606763161265532 -0.07951578447661999 0.16079085278704147 0.13602941176470587 -0.0037636432066240127 0.05293105729786951 0.059318526693337 -0.10646792653713069 -0.31117203564084994 -0.07031137896398336 -0.09294147199196183 -0.10627356873500174 -0.08434430964760253 -0.26411879259980525 -0.10736764161421694 -0.21273933174821674 -0.17457649036596404 -1.4445747036602838 -4.628055260361317 -0.5118399764671275 -0.06583033163582164 -0.2050087361677344 -0.1268978019487877 -0.14375668290364738 -0.19708029197080293 -0.30727295254615294 -0.3923553980508796 -1.543351131451818 -2.427222150342865 -0.6989321869366246 -0.12630819198845183 -0.04182642035552457 -0.1507361533068474 -0.17598467616425237 -0.17332513829133375 -0.14146881535244188 -0.30524879017247797 -0.31542631838344015 -0.39210693825588794 -0.11071132023249378 -0.05625879043600564 -0.05077340890305822 -0.0946521533364884 -0.08148148148148146 -0.0699901768172888 0.0036483035388544306 0.05232992773486169 0.03627267041901189 0.00261745844784714 0.14883459702330806 -0.022508440665249468 -0.12175873731679818 -0.038540013602357745 0.08463305525329466 -0.009431737797689226 -0.052732502396931925 0.024670038238559268 -0.20380265937616504 0.031125498007968128 0.003944254535892716
-0.014695077149155028 -0.10112359550561797 -0.0883552333484368 -0.06593406593406594 -0.054213317619328225 -0.12035398230088497 -0.04403131115459882 -0.12106537530266344 -0.07921298070780632 -0.03731859018659295 -0.0012643823492224072 0.0012226433549333668 -0.04644515898535191 -0.0671222845984867 0.040619446560040615 0.0 0.007861635220125784 0.20580340023009075 0.09312696747114374 0.038695411829740185 0.024216161101198064 -0.02219482120838471 0.0984039361574463 -0.039412396990326046 0.04122648801855192 -0.06761929063536617 0.0841009211053264 0.0 0.006688963210702341 -0.040392383150605886 -0.08710131932880749 -0.08070258723000237 0.16793711291090996 0.13480392156862744 0.003763643206624011 0.05028450443297605 0.06759553041798869 -0.1823263241948363 -0.4318026045236463 -0.1076194575979337 -0.09168550615423263 -0.1165581076448406 -0.10051993067590988 -0.28724440116845185 -0.11724052819943231 -0.23526467275685142 -0.17974912711754815 -1.5357561547479484 -5.00664187035069 -0.5456684806589205 -0.043472860514221834 -0.1945253348864298 -0.12009970541581691 -0.1473208981822502 -0.20072992700729925 -0.3085119563870648 -0.33793190735349954 -1.1022120518688026 -2.054599560098331 -0.6601026209957009 -0.11548177553229881 -0.03485535029627048 -0.16592661836877776 -0.18316772417095656 -0.164720344191764 -0.1377783245171608 -0.2618190842536295 -0.259980285855101 -0.34118395926161676 -0.09133683919180738 -0.060094617056642374 -0.04368874719565475 -0.1159488878371983 -0.08765432098765431 -0.08104125736738703 -0.004864404718472579 0.037378519810615504 0.025015634771732326 -0.02879204292631854 0.15445099691098005 -0.018757033887707893 -0.12739571589627957 -0.03513942416685559 0.083424011606819 -0.005894836123555764 -0.05632790028763183 0.029604045886271125 -0.18640487138063874 0.016185258964143426 -0.01183276360767815
-0.012245897624295867 -0.09662921348314607 -0.0917535115541459 -0.0578368999421631 -0.05774896876841486 -0.11563421828908553 -0.03913894324853229 -0.12227602905569009 -0.08432349559218091 -0.04008293020041466 0.010115058793779238 0.004890573419733464 -0.04406335596046207 -0.05857944837686111 0.03681137344503681 0.011079650375477043 0.007861635220125788 0.2070816822190975 0.09050367261280168 0.04560530679933665 0.036961509049197046 -0.02342786683107275 0.1080043201728069 -0.034635136749074404 0.054109765524349394 -0.06889512630773156 0.0974502736617274 -0.025455008272877687 0.006688963210702339 -0.0591459896133872 -0.07301140002561804 -0.07595537621647283 0.16436398284897574 0.13970588235294118 -8.673617379884035e-19 0.05690088659520974 0.06345702855566285 -0.2675006654245409 -0.5455791638108293 -0.13775290572535515 -0.09796533534287868 -0.11198720146268996 -0.11207394569612941 -0.27994157740993186 -0.13081574725410341 -0.23526467275685142 -0.18233544549334024 -1.5930702097173375 -5.124867162592986 -0.5706721576702456 -0.0260837163085331 -0.1700640652300524 -0.10197144799456151 -0.137816324105976 -0.18978102189781024 -0.2862098872506505 -0.2683204657638273 -0.790744978387999 -1.6392806313882784 -0.6087921231451948 -0.11307590520870922 -0.0267224352271407 -0.1694321103061463 -0.17478750149646832 -0.17455439459127228 -0.13162750645835897 -0.24196550440501302 -0.22671266633809756 -0.305537873965627 -0.08303349017437034 -0.03835826620636747 -0.04014641634195301 -0.10056791292001895 -0.07407407407407407 -0.0675343811394892 -0.004864404718472578 0.04610017443309245 0.012507817385866168 -0.030100772150242115 0.15304689693906207 -0.013755158184319122 -0.1319052987598647 -0.03287236454318748 0.07737879337444083 -0.0011789672247111526 -0.053930968360498564 0.0271370420624152 -0.1777059773828756 -0.009960159362549799 -0.014462266631606626
-0.0012245897624295835 -0.09662921348314607 -0.07702763932940643 -0.062463851937536154 -0.040070713022981735 -0.10973451327433628 -0.024461839530332683 -0.11864406779661016 -0.08176823814999362 -0.0248790601243953 0.021494499936780882 -0.00244528670986673 -0.03096343932356793 -0.057359043202343175 0.0621985275450622 0.01231072263941894 0.03275681341719078 0.20324683625207718 0.10362014690451207 0.056661138750690995 0.029314300280397654 -0.013563501849568435 0.10680427217088684 -0.027469246387196937 0.052821437773769644 -0.06889512630773156 0.10545988519556801 -0.04327351406389207 -0.006688963210702344 -0.06058857472590884 -0.07557320353528886 -0.06527415143603134 0.1631729394949976 0.14705882352941174 0.006272738677706685 0.06748709805478365 0.06483652917643813 -0.34335906308224645 -0.616860863605209 -0.15066724063710718 -0.09419743782969105 -0.1108444749171523 -0.1097631426920855 -0.2787244401168452 -0.12834752560779958 -0.24652734326116882 -0.17069701280227595 -1.6047935391428942 -5.05844845908608 -0.5765553757905574 -0.031052043224444166 -0.16423995340710543 -0.10083843190573308 -0.1413805393845788 -0.194647201946472 -0.28497088340973853 -0.222756613086951 -0.6292906178489702 -1.2161987320481307 -0.5644154763555679 -0.10224948875255624 -0.018589520158010922 -0.15307314793175972 -0.1711959774931162 -0.15611555009219422 -0.12178619756427607 -0.2084625884104728 -0.1922129127649088 -0.27116486314449395 -0.05673955161915306 -0.014064697609001402 -0.03188097768331562 -0.0709891150023663 -0.0654320987654321 -0.027013752455795674 -3.469446951953614e-18 0.06977323697981559 0.012507817385866166 -0.02486585525454783 0.16147149677057004 -0.018757033887707893 -0.13416009019165726 -0.023804126048515072 0.0797968806673921 0.01178967224711153 -0.055129434324065196 0.03330455162205501 -0.176463278240338 -0.019920318725099598 -0.0236655272153563
-0.0036737692872887535 -0.09662921348314607 -0.08155867693701857 -0.05668016194331984 -0.049499116087212726 -0.10383480825958702 -0.04892367906066536 -0.12227602905569009 -0.09837741152421106 -0.020732550103662754 0.026552029333670502 -0.004890573419733463 -0.038108848398237465 -0.061020258725897 0.060929169840060915 0.004924289055767575 0.03144654088050315 0.17384635050492142 0.09181532004197271 0.038695411829740185 0.0050981391791995925 -0.01726263871763255 0.08760350414016561 -0.02985787650782276 0.043803143519711416 -0.06379178361826997 0.08810572687224669 -0.05981926944126257 -0.022742474916387957 -0.07212925562608194 -0.08582041757397209 -0.06764775694279611 0.140543115769414 0.14583333333333331 -0.010036381884330698 0.054254333730316275 0.031728514277831424 -0.3752994410433857 -0.612748457847841 -0.16932127995408236 -0.0904295403165034 -0.1108444749171523 -0.11900635470826111 -0.27629016553067187 -0.13822041219301495 -0.25153297459642093 -0.1758696495538601 -1.5149146802136253 -4.578905419766207 -0.5486100897190764 -0.03602037014035524 -0.16307513104251603 -0.10197144799456152 -0.14494475466318166 -0.18613138686131386 -0.27753686036426706 -0.1873180610049361 -0.5352148487159929 -0.9406132746797777 -0.5131049785050618 -0.11307590520870925 -0.023236900197513656 -0.1729376022435148 -0.16880162815754818 -0.16103257529194837 -0.11440521589371389 -0.2072217396699343 -0.17496303597831442 -0.2635264162953533 -0.048436202601716036 -0.005114435494182329 -0.035423308537017355 -0.0698059630856602 -0.07037037037037036 -0.031925343811394905 -0.006080505898090724 0.06603538499875404 0.0025015634771732367 -0.026174584478471402 0.15445099691098005 -0.018757033887707893 -0.1319052987598647 -0.030605304919519388 0.0797968806673921 0.014147606696533838 -0.04674017257909875 0.034538053533982975 -0.17149248167018766 -0.023655378486055773 -0.022350775703392063
-0.007347538574577514 -0.08089887640449439 -0.09401903035795196 -0.06015037593984962 -0.0648202710665881 -0.09321533923303835 -0.06482387475538161 -0.11622276029055692 -0.10604318385077297 -0.009675190048375948 0.032873941079782525 0.011003790194400296 -0.04525425747290699 -0.06102025872589699 0.059659812135059644 0.018466083959128403 0.030136268343815508 0.17128978652690785 0.08525708289611751 0.04422332780541736 -0.011470813153199083 -0.01849568434032059 0.07560302412096484 -0.045383972291890604 0.039938160267972166 -0.07272263332482777 0.07609130957148577 -0.06745577192312588 -0.026755852842809364 -0.0778995960761685 -0.08582041757397207 -0.06408734868264895 0.12863268222963317 0.13357843137254902 -0.015054572826496049 0.04234484583829563 0.008277003724651677 -0.3992547245142401 -0.5962988348183688 -0.17936576266322285 -0.07912584777694048 -0.09484630327962519 -0.13056036972848065 -0.2775073028237585 -0.1431568554856226 -0.25028156676260793 -0.17069701280227598 -1.3651165819981765 -4.007704569606801 -0.48683629945580237 -0.037262451869333 -0.13977868375072802 -0.10197144799456152 -0.14138053938457884 -0.18126520681265207 -0.2564737950687647 -0.17213011011264395 -0.4360539028731248 -0.7543019795575108 -0.44654000832062124 -0.1046553590761458 -0.0069710700592540975 -0.18228558074316425 -0.17718185083203639 -0.14751075599262448 -0.11194488867019314 -0.1960541010050875 -0.14908822079842285 -0.23424570337364736 -0.0345972875726543 1.3877787807814458e-18 -0.014169323414806945 -0.07690487458589682 -0.08024691358024691 -0.034381139489194495 0.004864404718472574 0.05980563169698479 0.010006253908692933 -0.03271823059808925 0.17130019657399603 -0.020007502813555084 -0.11499436302142049 -0.03173883473135344 0.07496070608148955 0.0200424428200896 -0.03475551294343241 0.03330455162205501 -0.1640362868149621 -0.028635458167330673 -0.023665527215356297
-1.0408340855860842e-18 -0.09887640449438202 -0.09515178975985503 -0.06824754193175245 -0.06246317030053035 -0.0991150442477876 -0.08561643835616436 -0.13075060532687652 -0.12520761466717772 -0.017968210089841053 0.030345176381337713 -0.00244528670986673 -0.046445158985351905 -0.06712228459848671 0.05458238131505457 0.00984857811153515 0.01179245283018868 0.14700242873577912 0.05902413431269674 0.02763957987838585 -0.016568952332398676 -0.03945745992601727 0.07560302412096484 -0.051355547593455154 0.03736150476681267 -0.07399846899719317 0.05606728073688425 -0.08527427771414027 -0.04013377926421405 -0.08078476630121179 -0.08197771230946585 -0.07120816520294328 0.11910433539780847 0.12254901960784312 -0.021327311504202733 0.03175863437872172 -0.028969513036280863 -0.40990151716795314 -0.5921864290610007 -0.18367054096714017 -0.0828937452901281 -0.09027539709747459 -0.1247833622183709 -0.27142161635832524 -0.13945452301616684 -0.24903015892879488 -0.17457649036596407 -1.19838478572359 -3.380712008501594 -0.43977055449330776 -0.045957023972177366 -0.1409435061153174 -0.11216859279401767 -0.1425686111441131 -0.19221411192214113 -0.24532276050055754 -0.1746614352613593 -0.3750317823544368 -0.6288006210376504 -0.4188046040771045 -0.09984361842896669 -0.015103985128383877 -0.18345407805562047 -0.16880162815754818 -0.1413644744929318 -0.11194488867019314 -0.20225834470778015 -0.14046328240512565 -0.21769573520050925 -0.03182950456684196 -0.010228870988364658 -0.04132719329318692 -0.08873639375295789 -0.09753086419753085 -0.04052062868369351 -0.009728809436945155 0.041116371791677035 -0.0012507817385866162 -0.06281900274833137 0.15725919685481604 -0.03376266099787421 -0.13077790304396844 -0.041940603037859896 0.0544069640914037 0.0035369016741334607 -0.04314477468839885 0.011101517207351672 -0.17149248167018763 -0.03859561752988048 -0.043386799894819875
0.002449179524859172 -0.09325842696629214 -0.0917535115541459 -0.06593406593406594 -0.06835592221567473 -0.09675516224188789 -0.09784735812133072 -0.14285714285714285 -0.13287338699373963 -0.01796821008984105 0.026552029333670495 -0.00855850348453356 -0.047636060497796825 -0.06468147424945082 0.05458238131505457 0.008617505847593259 -0.007861635220125784 0.10737568707656911 0.03672612801678908 0.02763957987838585 -0.04078511343359674 -0.05672009864364982 0.05040201608064323 -0.054938492774393874 0.01803658850811647 -0.08675682572084717 0.029368575624082228 -0.10945653557337405 -0.06153846153846154 -0.08944027697634162 -0.08197771230946586 -0.08544979824353192 0.12267746545974272 0.11887254901960784 -0.028854597917450757 0.018525870054254344 -0.04966202234791006 -0.4178866116582379 -0.58670322138451 -0.17649591046061125 -0.08038181361466969 -0.06856359273225918 -0.11785095320623917 -0.22882181110029212 -0.13328396890040725 -0.21649355524965586 -0.173283331178068 -0.9860622639051714 -2.7391073326248674 -0.36475952345933227 -0.05713575953297727 -0.14094350611531742 -0.11896668932698844 -0.12355946299156469 -0.19951338199513385 -0.2329327220914385 -0.1695987849639286 -0.30892448512585813 -0.499417777202743 -0.3785882679240051 -0.09743774810537711 -0.01742767514813524 -0.17293760224351484 -0.1580270561474919 -0.1216963736939152 -0.10702423422315169 -0.18488646234024073 -0.12937407589945787 -0.1769573520050923 -0.03182950456684196 -0.024293568597366064 -0.04605030109812257 -0.10530052058684336 -0.10123456790123457 -0.04543222003929273 -0.015809315335035875 0.01993521056566159 -0.011257035647279551 -0.07590629498756707 0.15304689693906207 -0.035013129923721395 -0.13979706877113868 -0.034005894355021535 0.06045218232378189 0.004715868898844613 -0.04554170661553212 0.008634513383495744 -0.17397787995526284 -0.0398406374501992 -0.057849066526426504
0.0048983590497183455 -0.09101123595505618 -0.08948799275033983 -0.07056101792943899 -0.07071302298173249 -0.09675516224188789 -0.10029354207436399 -0.15617433414043583 -0.14181678804139516 -0.02073255010366275 0.010115058793779238 -0.017117006969067122 -0.05716327259735619 -0.07322431047107641 0.04569687738004569 -0.007386433583651359 -0.017033542976939205 0.06774894541735907 0.007869884575026236 0.02349364289662797 -0.04078511343359674 -0.04932182490752158 0.049201968078723145 -0.04896691747282933 0.023189899510435458 -0.08420515437611636 0.03070351087972233 -0.11836578846888127 -0.07090301003344482 -0.08799769186381998 -0.07685410529012424 -0.09019700925706148 0.1083849452120057 0.11151960784313726 -0.030109145652992098 0.014556040756914124 -0.0469030211063595 -0.38993878094224116 -0.58670322138451 -0.15927679724494187 -0.07912584777694046 -0.06284996000457091 -0.1247833622183709 -0.21421616358325216 -0.13204985807725533 -0.20397947691152546 -0.15776542092331564 -0.7711345577699622 -2.086875664187035 -0.3059273422562142 -0.049683269159110664 -0.12230634828188702 -0.10876954452753229 -0.10930260187715338 -0.1861313868613139 -0.20815264527320038 -0.1404885457537021 -0.24027459954233416 -0.39461767369646794 -0.3328248509222022 -0.081799591002045 -0.0069710700592540975 -0.1624211264314092 -0.1532383574763558 -0.1094038106945298 -0.10333374338787057 -0.16999627745377838 -0.11089206505667817 -0.15658816040738383 -0.027677830058123444 -0.026850786344457228 -0.05431573975675996 -0.10884997633696167 -0.10864197530864197 -0.042976424361493126 -0.032834731849689894 0.012459506603538496 -0.020012507817385866 -0.0785237534354142 0.13479359730412807 -0.03626359884956859 -0.13077790304396847 -0.024937655860349132 0.06407931326320881 0.012968639471822686 -0.03715244487056567 0.016035524855063526 -0.1603081893873493 -0.028635458167330673 -0.057849066526426504
0.014695077149155031 -0.09213483146067415 -0.07362936112369732 -0.06824754193175246 -0.04949911608721275 -0.09321533923303835 -0.08561643835616438 -0.16101694915254236 -0.11881947106170947 -0.0221147201105736 0.010115058793779231 -0.014671720259200391 -0.0690722877218054 -0.06468147424945084 0.04188880426504189 0.0012310722639418948 -0.02489517819706499 0.04218330563722357 -0.019674711437565585 0.013819789939192926 -0.04078511343359674 -0.04808877928483354 0.04320172806912277 -0.035829451809387326 0.01803658850811647 -0.08292931870375096 0.03070351087972233 -0.11454753722794961 -0.06287625418060201 -0.0894402769763416 -0.06916869476111183 -0.08663660099691431 0.12029537875178656 0.12009803921568626 -0.01505457282649605 0.021172422919147817 -0.04000551800248311 -0.3313814213468193 -0.534612748457848 -0.13488305352274357 -0.07661391610148202 -0.039995429093817855 -0.11091854419410747 -0.18378773125608566 -0.11970874984573616 -0.17769991240145164 -0.13966119229277124 -0.5653249967435195 -1.4678533475026572 -0.23679952934255044 -0.049683269159110664 -0.11881188118811883 -0.09970541581690459 -0.0986099560413449 -0.18004866180048662 -0.1895675876595218 -0.13162890773319835 -0.1856089499110094 -0.3312200802173632 -0.2967688254056302 -0.07939372067845543 0.011618450098756826 -0.1460621640570227 -0.12091464144618695 -0.09096496619545176 -0.0688891622585804 -0.1588286387889316 -0.07762444553967472 -0.1336728198599618 0.00415167450871852 -0.019179133103183733 -0.040146416341953005 -0.10884997633696167 -0.08395061728395062 -0.03806483300589391 -0.007296607077708864 0.00872165462247694 -0.003752345215759853 -0.06543646119617849 0.13900589721988205 -0.038764536701262974 -0.12852311161217586 -0.03627295397868965 0.0640793132632088 0.0035369016741334616 -0.04314477468839885 0.004934007647711852 -0.16652168510003726 -0.03361553784860558 -0.0775703392058901
