-0.05022663236555188 -0.05954387147511516 -0.0385531239369543 -0.15162037037037038 -0.014165978042734034 -0.1452698712649108 0.020835886750827308 -0.15392073688037816 0.03459320948110186 -0.11751693626434398 -0.10364004044489383 -0.07332274227056092 -0.0665557404326123 -0.30151975683890575 -0.1252847380410023 -0.16658500734933854 -0.11946960745700405 -0.04986574606827772 -0.05781865965834428 -0.009707391485230903 -0.131327298227719 -0.08510113468179577 -0.2510208983905837 -0.6273854961832062 -0.4804110468850353 -0.20610687022900764 -0.17793121763378036 -0.11551155115511551 -0.14967259120673526 -0.05777841976021956 -0.1755734973728053 -0.15353487264936921 -0.4251518399428367 -1.1419149975574012 -0.7057057057057057 -0.24470464412577292 -0.20366320393657739 -0.07778510217534608 -0.09969953564599837 -0.024344837462408703 -0.09672151739731191 -0.17971611721611724 -0.10315252665739454 -0.4409794128395664 -0.16470588235294117 -0.22621591051903986 -0.005189413596263621 -0.07059427544602746 -0.042055460638717304 -0.08796364169476616 -0.08318847777501863 -0.023432923257176337 -0.10994044892349979 -0.16065219997602204 -0.0012327416173570104 -0.04502251125562782 0.025641025641025633 -0.05378361475922452 -0.05793742757821552 -0.0886672208367969 -0.10250844187168355 -0.0011671335200746924 -0.050731477111845204 -0.08007765105556904 -0.02374109708859178 0.03107133979617201 0.05652556211531214 -0.027281746031746035 0.061326178612495216 -0.07053941908713693 -0.019201228878648235 -0.0023693875133278045 0.00712419852766564 -0.12999876191655318 0.06556160316674912 -0.08111097456064889 0.12972292191435766 -0.05667506297229219 0.1432890758511897 -0.08695652173913042 -0.05006257822277847 -0.011290504685559444 0.011350737797956867 -0.11113795602802609 0.021269053527118043 -0.10926993275696446 0.019777503090234856 -0.11435674331883158 -0.04730486742188473 -0.08556008950901671
-0.0355261546000245 -0.059543871475115154 -0.026080054427939675 -0.1759259259259259 0.0023609963404556734 -0.14763198299279554 0.04412305429586959 -0.15513271118652283 0.044843049327354265 -0.12719480160376057 -0.09732052578361981 -0.07821092508859831 -0.06536724506774425 -0.3100303951367781 -0.12275373323209315 -0.1555609995100441 -0.10502822633582776 -0.04091548395345864 -0.049934296977660976 -0.0013867702121758425 -0.13387734285349992 -0.11346817957572768 -0.42277203939466734 -0.7049141221374047 -0.49068721901091844 -0.20229007633587787 -0.17261983800292124 -0.11678090886011679 -0.14699986636375784 -0.06211180124223602 -0.18069973087274124 -0.19995239228755057 -0.8169584375372156 -1.425256472887152 -0.7094594594594594 -0.2552295750559137 -0.18862766539092402 -0.10283454185893208 -0.09287080032777931 -0.03723328082486037 -0.11807561864087424 -0.1968864468864469 -0.15530829856281875 -0.46290656596418567 -0.17708978328173372 -0.21239160487620962 -0.0038920601971977166 -0.051341291233474515 -0.042055460638717304 -0.06597273127107463 -0.0744971442761361 -0.0351493848857645 -0.1076500229042602 -0.1726411701234864 0.007396449704142013 -0.032516258129064536 0.03461538461538462 -0.03377110694183866 -0.0437749452813184 -0.07342754225547243 -0.10974433188615533 -0.005835667600373481 -0.05191127890514393 -0.09827711720456198 -0.01624390853429964 0.03479990057171265 0.06531842733324959 -0.02976190476190476 0.07026957966015077 -0.07192254495159059 -0.01408090117767537 -0.0023693875133278045 0.023747328425552126 -0.13495109570385044 0.07050964868876794 -0.06759247880054073 0.1410579345088161 -0.03778337531486146 0.14723281188379125 -0.0785413744740533 -0.03504380475594493 -0.002258100937111888 0.03064699205448354 -0.1099299347668519 0.02954035212099728 -0.08165225744476466 0.02966625463535229 -0.09322560596643878 -0.04232540769326528 -0.06713176253784389
-0.04777655273796398 -0.059543871475115154 -0.0442227009865064 -0.20023148148148148 -0.007082989021367015 -0.14999409472068032 0.029415369530579726 -0.15634468549266756 0.032030749519538756 -0.1368726669431771 -0.10490394337714863 -0.0830991079066357 -0.06774423579748039 -0.31854103343465046 -0.12908124525436598 -0.14453699167074965 -0.10371537350662992 -0.03196522183863956 -0.038107752956636 0.006933851060879211 -0.15810276679841898 -0.14676862358164777 -0.5993274081191449 -0.7824427480916031 -0.4996788696210661 -0.1984732824427481 -0.17261983800292122 -0.11805026656511808 -0.14967259120673526 -0.0664451827242525 -0.20120466487248495 -0.24875029754820283 -1.4540907466952482 -1.7171470444553005 -0.7169669669669669 -0.28022628601499805 -0.21186440677966104 -0.1252471984179301 -0.09423654739142312 -0.06014606902477445 -0.1444542142946866 -0.2197802197802198 -0.21557719054242003 -0.5079790473870143 -0.1845201238390093 -0.21616187005152696 -0.011676180591593149 -0.04364009754845334 -0.04336969378367723 -0.06450667057616186 -0.10429600198659053 -0.04569420035149385 -0.13284470911589555 -0.18942572832993645 -0.013560157790927018 -0.02876438219109555 0.015384615384615385 -0.017510944340212643 -0.05664992918758851 -0.056802438348573014 -0.12180414857694163 -0.016339869281045756 -0.050731477111845204 -0.12375636981315215 -0.023741097088591782 0.03107133979617201 0.04773269689737471 -0.027281746031746035 0.061326178612495216 -0.07053941908713693 -0.043522785458269334 -0.017770406349958533 0.004749465685110426 -0.1621889315339854 0.05071746660069272 -0.07373724960058989 0.11838790931989926 -0.023929471032745585 0.13145786775338503 -0.08695652173913043 -0.04630788485607008 -0.013548605622671333 0.0340522133938706 -0.12442618990094223 0.01890582535743826 -0.07204610951008646 0.02348578491965389 -0.07706650093225606 -0.039835677828955564 -0.06186652626036594
-0.050226632365551874 -0.07639591057184586 -0.05782968590543145 -0.21643518518518517 -0.012985479872506195 -0.15826148576827687 0.024512807942149776 -0.16725245424796994 0.014093529788597053 -0.15069818885662936 -0.10364004044489383 -0.10998411340584138 -0.058236272878535764 -0.34772036474164125 -0.12781574284991143 -0.15066144047035765 -0.1142181961402127 -0.03707965733282188 -0.05519053876478318 -0.004160310636527528 -0.17212801224021418 -0.185002466699556 -0.6882056209464328 -0.8206106870229007 -0.5009633911368016 -0.20992366412213742 -0.18191475235692467 -0.1282051282051282 -0.1723907523720433 -0.06788964321825798 -0.2229911572472126 -0.3249226374672697 -2.2555674645706802 -1.8930141670737666 -0.7032032032032032 -0.30259176424154716 -0.213231273920175 -0.14106789716545812 -0.10516252390057364 -0.07876270943720465 -0.158271573922874 -0.2529761904761905 -0.2862772369031062 -0.5664514557193324 -0.18699690402476782 -0.22747266557747894 -0.02075765438505449 -0.04749069439096393 -0.06702589039295571 -0.0718369740507257 -0.11671219269927988 -0.06795547744581136 -0.14429683921209344 -0.21700035966910444 -0.018491124260355027 -0.04377188594297149 0.007692307692307691 -0.018761726078799244 -0.0772499034376207 -0.05126073704627321 -0.13024602026049203 -0.02334267040149393 -0.043652666352052845 -0.1322494540160155 -0.017493439960014998 0.02734277902063137 0.04773269689737471 -0.023561507936507933 0.06260380733358886 -0.06500691562932227 -0.052483358934971844 -0.034356118943253175 -0.004749465685110424 -0.18571251702364738 0.04329539831766452 -0.08848469952070788 0.1057934508816121 -0.030226700251889164 0.11042460891284342 -0.08555399719495091 -0.04630788485607008 -0.03612961499379023 0.05448354143019296 -0.14617057260207778 0.0271771239513175 -0.09125840537944285 0.016069221260815822 -0.0944686140459913 -0.05601892194696876 -0.07371330788469133
-0.052676711993139766 -0.08650713402988428 -0.06463317836489399 -0.2210648148148148 -0.017707472553417543 -0.17243415613558521 0.013482044368182376 -0.1757362743909829 -0.0012812299807815522 -0.15622839762201024 -0.09858442871587461 -0.11242820481486009 -0.06417874970287615 -0.35379939209726435 -0.12148823082763857 -0.16536011758941693 -0.10765393199422343 -0.04858713719473213 -0.051248357424441525 -0.01109416169740674 -0.1606528114241999 -0.2257030093734583 -0.7014172471775162 -0.8313454198473282 -0.46628131021194613 -0.21119592875318066 -0.15801354401805867 -0.132013201320132 -0.15100895362822397 -0.07366748519427993 -0.2422145328719723 -0.4748869316829326 -2.958199356913183 -1.9931607230092818 -0.6681681681681682 -0.3249572424680963 -0.21049753963914708 -0.17139090309822014 -0.11062551215514889 -0.11169984247458113 -0.1746011807561864 -0.28731684981684985 -0.38363467779323135 -0.610305761968571 -0.17956656346749228 -0.22747266557747897 -0.015568240788790867 -0.04364009754845334 -0.05914049152319621 -0.0718369740507257 -0.10553762105785944 -0.07264206209724663 -0.1477324782409528 -0.2301882268313152 -0.00986193293885601 -0.05627813906953477 0.023076923076923078 -0.027517198248905573 -0.06308742114072356 -0.06788584095317263 -0.13868789194404246 -0.03968253968253969 -0.046012269938650305 -0.15651540888133947 -0.023741097088591782 0.00372856077554064 0.03768370807687477 -0.034722222222222224 0.05877092117030791 -0.06915629322268327 -0.04608294930875576 -0.034356118943253175 -0.02018522916171931 -0.2018076018323635 0.040821375556655125 -0.10569005776084553 0.09949622166246852 -0.03904282115869018 0.10779545155777573 -0.09256661991584852 -0.04380475594493117 -0.041774867336569946 0.0522133938706016 -0.15100265764677454 0.029540352120997287 -0.10086455331412106 0.023485784919653897 -0.1019266625233064 -0.05228432715050417 -0.08029485323153877
-0.0379762342276124 -0.08201325693742276 -0.07143667082435651 -0.2326388888888889 -0.021248967064101055 -0.16534782095193104 0.0073538423826449316 -0.16361653132953582 -0.012812299807815505 -0.14793308447393888 -0.07962588473205258 -0.10387388488329463 -0.07012122652721656 -0.36352583586626136 -0.10377119716527461 -0.1580107790298873 -0.09715110936064067 -0.052422963815368886 -0.03810775295663601 -0.023575093606989322 -0.14790258829529518 -0.25407005426739027 -0.7350468412202739 -0.8337309160305342 -0.4303147077713551 -0.2124681933842239 -0.14871862966405522 -0.14470677837014473 -0.13497260457035948 -0.08522316914632386 -0.23836985774702035 -0.7391097357771959 -3.6596403477432418 -2.0004885197850517 -0.6068568568568569 -0.30522299697408234 -0.18726079825041006 -0.17139090309822017 -0.09696804151871075 -0.10883574394959188 -0.1746011807561864 -0.3456959706959707 -0.5540101993509504 -0.6553782433913996 -0.1647058823529412 -0.21993213522684432 -0.015568240788790868 -0.04620716211012706 -0.056512025233276385 -0.08649758099985339 -0.10305438291532158 -0.09490333919156416 -0.15345854328905176 -0.25536506414099025 -0.013560157790927018 -0.07628814407203602 0.015384615384615385 -0.047529706066291436 -0.0669499163126046 -0.085896370185647 -0.13386396526772792 -0.04318394024276377 -0.046012269938650305 -0.15408881339480712 -0.018742971385730355 0.014914243102162564 0.04773269689737471 -0.017361111111111112 0.07538009454452536 -0.058091286307053944 -0.03584229390681004 -0.03198673142992537 -0.04274519116599383 -0.22285502042837688 0.03834735279564572 -0.11060587440088485 0.08690176322418137 -0.05163727959697732 0.09990797949257263 -0.11220196353436185 -0.03754693366708385 -0.024839110308230782 0.03632236095346197 -0.15462672143029715 0.030721966205837177 -0.10446685878962539 0.02719406674907293 -0.12554381603480422 -0.038590812896800705 -0.09872318020271162
-0.039201274041406345 -0.07864284911807662 -0.06916884000453567 -0.24305555555555552 -0.009443985361822688 -0.17715837959135466 0.014707684765289863 -0.17210035147254876 0.0012812299807815493 -0.1534632932393198 -0.07962588473205257 -0.0904313821336918 -0.09270263845971001 -0.34285714285714286 -0.09238167552518348 -0.1396374326310632 -0.0866482867270579 -0.031965221838639556 -0.02365308804204994 0.006933851060879212 -0.15300267754685706 -0.2590034533793784 -0.7326447273600769 -0.7955629770992366 -0.3853564547206166 -0.18829516539440203 -0.13676802549462225 -0.13835998984513836 -0.13229987972738205 -0.08522316914632386 -0.2575932333717801 -1.1140204713163533 -4.100273907347862 -1.9785051294577432 -0.5242742742742742 -0.2973292987764768 -0.17495899398578457 -0.18061964403427816 -0.0928708003277793 -0.12172418731204353 -0.18465016957668637 -0.4819139194139194 -0.7116365322206769 -0.6724326958216591 -0.14613003095975233 -0.204851074525575 -0.011676180591593147 -0.030804774740084705 -0.04862662636351689 -0.057176367101598 -0.10926247827166627 -0.11482132396016402 -0.1591846083371507 -0.26735403428845467 -0.018491124260355027 -0.0750375187593797 0.00897435897435898 -0.042526579111944955 -0.0772499034376207 -0.0886672208367969 -0.1447178002894356 -0.054855275443510744 -0.047192071731949024 -0.16743508857073527 -0.0024990628514307113 0.0024857071836937557 0.06406230373068711 -0.027281746031746035 0.09965504024530472 -0.06224066390041494 -0.03712237583205326 -0.027247956403269758 -0.055806221800047504 -0.2265692707688498 0.039584364176150424 -0.11552169104092418 0.0906801007556675 -0.05163727959697732 0.10253713684764032 -0.11079943899018233 -0.03754693366708385 -0.010161454217003502 0.01816118047673098 -0.13529838125151 0.03663003663003663 -0.08765609990393851 0.04573547589616811 -0.11559975139838408 -0.014938379185858339 -0.08950901671712519
-0.039201274041406345 -0.06965509493315358 -0.061231432135162724 -0.24768518518518517 0.007082989021367019 -0.18778788236683597 0.02573844833925726 -0.18422009453399585 0.012812299807815503 -0.16175860638739112 -0.07962588473205258 -0.0830991079066357 -0.10577608747325887 -0.31489361702127655 -0.07466464186281954 -0.11636452719255268 -0.07614546409347513 -0.0217363508502749 -0.022339027595269387 0.011094161697406738 -0.13770240979217135 -0.2503700049333991 -0.711025702618304 -0.7526240458015266 -0.30571612074502247 -0.17557251908396945 -0.11153897224804141 -0.13962934755013964 -0.12962715488440463 -0.08666762964032934 -0.27809816737152376 -1.4437038800285646 -4.309872573538168 -1.905227161700049 -0.43668668668668664 -0.27233258781739245 -0.1722252597047567 -0.1793012524719842 -0.10243102977328597 -0.11599599026206502 -0.2060042708202487 -0.8127289377289376 -0.9515530829856281 -0.679741746863199 -0.13003095975232198 -0.19856729923337946 -0.007784120394395433 -0.03593890386343216 -0.049940859508476806 -0.06010848849142354 -0.09932952570151479 -0.12536613942589342 -0.17292716445258816 -0.279343004435919 0.0036982248520710075 -0.07378689344672337 0.03076923076923077 -0.033771106941838644 -0.060512424359469554 -0.07758381823219729 -0.15195369030390737 -0.054855275443510744 -0.04837187352524776 -0.18078136374666348 0.006247657128576782 -0.0062142679592344045 0.06406230373068711 -0.031001984126984128 0.10221029768749204 -0.053941908713692956 -0.032002048131080395 -0.027247956403269758 -0.07242935169793399 -0.22409310387520115 0.042058386937159825 -0.12043750768096351 0.08942065491183879 -0.06675062972292191 0.09202050742736953 -0.12482468443197756 -0.026282853566958697 -0.006774302811335668 0.010215664018161175 -0.1340903599903358 0.054354247902635 -0.07925072046109509 0.06180469715698393 -0.10441267868241144 0.002489729864309723 -0.07502961695406081
-0.04042631385520029 -0.058420402201999774 -0.05669577049552103 -0.2384259259259259 0.010624483532050527 -0.17243415613558521 0.02818972913347224 -0.1721003514725488 0.025624599615631006 -0.14516798009124846 -0.0922649140546006 -0.09165342783820116 -0.108153078202995 -0.2966565349544073 -0.07339913945836497 -0.11881430671239587 -0.07614546409347514 -0.03452243958573072 -0.014454664914586074 -0.0027735404243516885 -0.11857707509881424 -0.23680315737543167 -0.6978140763872207 -0.6798664122137404 -0.22479126525369303 -0.15903307888040713 -0.07303146992431284 -0.1421680629601422 -0.09354536950420954 -0.09966777408637875 -0.3152633602460592 -1.6174720304689358 -4.383708467309754 -1.8026380068392769 -0.36286286286286284 -0.24075779502697015 -0.17905959540732638 -0.17270929466051416 -0.09696804151871073 -0.10167549763711872 -0.25122472051249845 -1.388507326007326 -1.2262401483541958 -0.6919234985990986 -0.13498452012383902 -0.1960537891165012 -0.015568240788790867 -0.04620716211012706 -0.05256932579839664 -0.08503152030494063 -0.11422895455674201 -0.1616871704745167 -0.20613834173156204 -0.30332094473084764 0.007396449704142017 -0.08129064532266134 0.048717948717948725 -0.037523452157598496 -0.04119994850006438 -0.08174009420892214 -0.16280752532561504 -0.06535947712418301 -0.056630486078338836 -0.16986168405726768 0.0037485942771460683 0.016157096694009443 0.052757191307624685 -0.012400793650793652 0.10348792640858566 -0.03042876901798064 -0.0486431131592422 -0.02132448761995025 -0.08192828306815483 -0.23275968800297142 0.043295398317664525 -0.116750645200934 0.0969773299748111 -0.06675062972292192 0.10779545155777573 -0.13183730715287517 -0.021276595744680854 -0.018064807496895118 -0.0022701475595913734 -0.1461705726020778 0.06026231832683445 -0.0936599423631124 0.07045735475896168 -0.11435674331883158 0.019917838914477775 -0.09214163485586416
-0.037976234227612406 -0.05167958656330749 -0.06690100918471482 -0.24884259259259256 0.004721992680911347 -0.1688909885437581 0.025738448339257265 -0.1757362743909829 0.019218449711723255 -0.14240287570855803 -0.0910010111223458 -0.09409751924721985 -0.1176610411219396 -0.28449848024316104 -0.055682105796001004 -0.12003919647231749 -0.07089405277668373 -0.04219409282700422 -0.0026281208935611056 -0.008320621273055058 -0.10455182965701901 -0.20843611248149974 -0.6954119625270238 -0.5164599236641221 -0.14386640976236348 -0.13740458015267173 -0.05842517593945028 -0.12947448591012947 -0.08285447013229988 -0.08377870865231836 -0.3408945277457388 -1.650797429183528 -4.389662974871978 -1.5522716170004884 -0.27277277277277273 -0.20655176950401266 -0.17905959540732638 -0.15557020435069213 -0.09833378858235454 -0.09451525132464556 -0.29895741740987314 -2.0936355311355315 -1.4510894761242468 -0.6773053965160191 -0.11640866873065017 -0.19354027899962298 -0.02075765438505449 -0.06674367860351688 -0.06439742410303588 -0.09236182377950447 -0.12167866898435561 -0.21909783245459874 -0.23476866697205678 -0.30332094473084764 0.01972386587771203 -0.07378689344672337 0.048717948717948725 -0.031269543464665414 -0.030899961375048284 -0.06650041562759768 -0.1688374336710082 -0.06652661064425772 -0.06488909863142991 -0.16743508857073525 0.00499812570286143 0.03479990057171265 0.057781685717874634 0.004960317460317458 0.10348792640858566 -0.013831258644536649 -0.05888376856118791 -0.027247956403269758 -0.0949893137022085 -0.26247369072675497 0.043295398317664525 -0.11797959936094385 0.0969773299748111 -0.07808564231738034 0.10911003023530959 -0.13744740532959326 -0.011264080100125156 -0.0101614542170035 -0.011350737797956867 -0.1522106789079488 0.07207845917523337 -0.09606147934678193 0.07292954264524104 -0.12057178371659416 0.02614216357525208 -0.09345794392523364
-0.029400955531054755 -0.07751937984496124 -0.0657670937748044 -0.2303240740740741 0.011804981702278361 -0.16770993267981577 0.023287167545042283 -0.19027996606471945 0.01153106982703395 -0.1493156366652841 -0.08341759352881697 -0.08920933642918245 -0.09626812455431423 -0.26869300911854105 -0.034168564920273356 -0.11513963743263105 -0.06301693580149666 -0.040915483953458634 0.005256241787122205 -0.012480931909582585 -0.09817671809256663 -0.1973359644795264 -0.5572904155656977 -0.3661736641221375 -0.09890815671162491 -0.1094147582697201 -0.04381888195458771 -0.1078954049251079 -0.08018174528932247 -0.06211180124223602 -0.3203895937459951 -1.6079504879790527 -4.193164225318567 -1.1736687835857353 -0.20645645645645644 -0.19076437310880148 -0.15855658829961727 -0.1502966381015161 -0.08604206500956023 -0.08735500501217242 -0.33287275467906047 -2.4175824175824174 -1.4707927677329624 -0.6675599951272992 -0.11393188854489163 -0.19605378911650123 -0.046704722366372596 -0.07572840456937492 -0.09331055329215403 -0.08942970238967893 -0.1638937174074994 -0.690099589923843 -0.39967934035730646 -0.3177077089078048 0.023422090729783043 -0.0662831415707854 0.052564102564102565 -0.027517198248905566 -0.03604995493755633 -0.05126073704627321 -0.17848528702363725 -0.10387488328664798 -0.09320434167059932 -0.1868478524629944 2.0816681711721684e-18 0.024857071836937607 0.05401331491018717 -0.003720238095238098 0.09837741152421106 -0.015214384508990314 -0.06912442396313363 -0.08055917545314537 -0.11042507717881737 -0.25752135693945766 0.039584364176150424 -0.12289541600098317 0.08816120906801009 -0.08690176322418136 0.08807677139476797 -0.13604488078541374 -0.00750938673341677 -0.018064807496895114 -0.0011350737797956867 -0.1461705726020778 0.0827129859387924 -0.09726224783861671 0.07416563658838073 -0.11684275947793661 0.02489729864309722 -0.08161116230090826
-0.04410143329658215 -0.08987754184923043 -0.07483841705408775 -0.21180555555555552 0.01770747255341754 -0.15353726231250736 0.0318666503247947 -0.1721003514725488 0.029468289557975657 -0.11751693626434397 -0.09984833164812942 -0.09654161065623854 -0.10339909674352268 -0.24559270516717327 -0.027841052898000505 -0.1065654091131798 -0.061704082972298804 -0.03452243958573072 0.009198423127463861 -4.163336342344337e-18 -0.1007267627183476 -0.1874691662555501 -0.3867403314917127 -0.28864503816793896 -0.07193320488118174 -0.11068702290076335 -0.03585181250829903 -0.11170347804011171 -0.06013630896699185 -0.05922288025422505 -0.330642060745867 -1.5591525827184003 -3.7882577110872937 -0.8646800195407917 -0.17392392392392392 -0.15524273121957638 -0.15445598687807544 -0.10942649967040208 -0.06692160611854683 -0.05871401976227982 -0.34166561989699795 -2.4885531135531136 -1.4429763560500695 -0.6358874406139604 -0.0953560371517028 -0.18599974864898833 -0.05189413596263622 -0.07316134000770119 -0.08936785385727428 -0.08649758099985339 -0.22597467097094612 -1.3122437024018747 -0.6207054512139258 -0.3416856492027335 0.004930966469428009 -0.08004002001000501 0.03333333333333334 -0.05128205128205128 -0.04119994850006438 -0.06927126627874758 -0.2098408104196816 -0.1388888888888889 -0.1557338367154318 -0.18199466148992965 -0.01249531425715357 0.038528461347253296 0.04396432608968723 0.014880952380952378 0.10093266896639837 -0.001383125864453666 -0.0985663082437276 -0.10425305058642342 -0.13654713844692473 -0.2488547728116875 0.03339930727362692 -0.1278112326410225 0.08312342569269521 -0.08816120906801007 0.09333508610490338 -0.12903225806451613 -0.02127659574468085 -0.04516201874223778 -0.0170261066969353 -0.15462672143029718 0.0827129859387924 -0.1212776176753122 0.069221260815822 -0.1367308887507769 0.03734594796464583 -0.09214163485586416
-0.030625995344848705 -0.1022357038534996 -0.05329402426578976 -0.18287037037037038 0.04603942863888561 -0.1322782567615448 0.05760509866405197 -0.15513271118652283 0.057655349135169766 -0.09401354901147517 -0.08215369059656218 -0.09654161065623854 -0.08676016163536962 -0.22613981762917928 -0.011389521640091115 -0.10044096031357178 -0.05251411316791388 -0.03196522183863956 0.013140604467805517 0.008320621273055053 -0.07012622720897614 -0.1603354711396152 -0.19337016574585636 -0.2027671755725191 -0.04495825305073859 -0.09923664122137404 -0.034523967600584245 -0.10535668951510535 -0.05612722170252573 -0.047667196302181136 -0.3062924516211714 -1.5246369911925732 -3.129689174705252 -0.5642403517342452 -0.1388888888888889 -0.13024602026049203 -0.1366867140513942 -0.08569545154911008 -0.07375034143676591 -0.04439352713733352 -0.31403090064062306 -2.4690934065934065 -1.3815484469170143 -0.5895967840175418 -0.06068111455108359 -0.17091868794771897 -0.042812662169174884 -0.07701193685021178 -0.09331055329215403 -0.08649758099985339 -0.2359076235410976 -1.8160515524311656 -0.825698579935868 -0.3512768253207049 0.006163708086785009 -0.09129564782391196 0.025641025641025644 -0.07504690431519699 -0.05278743401570749 -0.08174009420892214 -0.2219006271104679 -0.22875816993464052 -0.3173666823973572 -0.190487745692793 -0.031238285642883924 0.04101416853094706 0.032659213666624796 0.01736111111111111 0.08432349559218091 0.006915629322268327 -0.07680491551459293 -0.09714488804643999 -0.1306103063405367 -0.23771202179026868 0.044532409698169226 -0.12043750768096351 0.09319899244332494 -0.09193954659949621 0.09202050742736953 -0.11781206171107991 -0.010012515644555695 -0.07564638139324828 -0.03745743473325766 -0.15341870016912298 0.09571074087203121 -0.13328530259365995 0.06798516687268233 -0.14791796146674954 0.03734594796464583 -0.09740687113334211
-0.026950875903466863 -0.11684080440399955 -0.05102619344596894 -0.18055555555555555 0.04603942863888561 -0.12991614503366009 0.05392817747272949 -0.14422494243122047 0.04740550928891736 -0.08571823586340385 -0.07709807886754297 -0.080655016497617 -0.07962918944616115 -0.19452887537993918 -0.0012655024044545677 -0.07226849583537481 -0.03807273204673756 -0.005114435494182323 0.019710906701708282 0.02912217445569269 -0.05482595945429044 -0.11223482979773063 -0.0792697573865001 -0.1490935114503817 -0.025690430314707774 -0.06997455470737914 -0.03186827778515469 -0.07743082000507742 -0.04944540959508219 -0.028889209880109783 -0.2819428424964757 -1.4686979290645086 -2.3091580326307013 -0.37738153395212504 -0.12137137137137137 -0.1052493093014077 -0.13258611262985237 -0.06855636123928807 -0.08467631794591642 -0.03580123156236575 -0.3014696646149981 -2.421016483516483 -1.3143254520166896 -0.5481788281154831 -0.043343653250773995 -0.15206736207113233 -0.04021795537104307 -0.06802721088435373 -0.09462478643711394 -0.08503152030494063 -0.247082195182518 -2.0503807850029294 -0.9539624370132845 -0.3536746193501978 -0.007396449704142013 -0.07753876938469235 0.011538461538461548 -0.07504690431519699 -0.06308742114072358 -0.07896924355777224 -0.2303424987940183 -0.45518207282913165 -0.6783860311467673 -0.24144625090997335 -0.0462326627514682 0.022371364653243846 0.04019595528199975 0.003720238095238096 0.08176823814999361 -0.008298755186721993 -0.08064516129032258 -0.07937448169648147 -0.14367133697459036 -0.23647393834344435 0.040821375556655125 -0.11060587440088485 0.10075566750629723 -0.08564231738035263 0.10516629420270802 -0.12201963534361848 -0.023779724655819776 -0.0914530879530315 -0.08740068104426787 -0.14013046629620682 0.08980267044783173 -0.12007684918347741 0.08158220024721878 -0.13548788067122436 0.05228432715050416 -0.09082532578649467
-0.024500796275878967 -0.10785305021907651 -0.05896360131534188 -0.16782407407407407 0.057844410341163964 -0.10038974843510098 0.07108714303223435 -0.1115016361653133 0.06534272901985907 -0.0594497442278446 -0.08215369059656216 -0.1002077477697666 -0.07012122652721654 -0.1775075987841945 0.002531004808909137 -0.047770700636942665 -0.035447026388341865 0.021736350850274897 0.015768725361366625 0.055470808487033695 -0.04972587020272855 -0.07646768623581648 -0.031227480182560653 -0.12166030534351144 -0.01541425818882467 -0.05089058524173028 -0.02124551852343646 -0.05204366590505205 -0.04009087264466123 -0.005777841976021958 -0.2575932333717801 -1.3151630564151393 -1.5827081100393 -0.243038593063019 -0.09009009009009009 -0.04473095645309827 -0.10934937124111536 -0.003955174686882007 -0.07238459437312209 0.027208935987397966 -0.2750910689611858 -2.386675824175824 -1.1984237366713024 -0.4884882446095749 -0.023529411764705882 -0.12567550584391102 -0.03243383497664763 -0.042356565267616476 -0.09593901958207386 -0.054244245711772464 -0.26570648125155205 -2.090216754540129 -1.0776454420522217 -0.36086800143867637 -0.017258382642998026 -0.0575287643821911 0.006410256410256413 -0.05128205128205128 -0.06308742114072356 -0.05126073704627321 -0.24119633381572606 -0.6652661064425771 -1.032326569136385 -0.3033244358165494 -0.053729851305760336 0.027342779020631362 0.05024494410249969 0.014880952380952378 0.08304586687108725 0.0013831258644536645 -0.09344598054275473 -0.10899182561307903 -0.1531702683448112 -0.2476166893648632 0.03463631865413162 -0.09462947032075704 0.0994962216624685 -0.06423173803526448 0.10516629420270804 -0.0981767180925666 -0.028785982478097622 -0.09484023935869933 -0.11464245175936436 -0.14254650881855518 0.09216589861751151 -0.1128722382324688 0.09517923362175525 -0.11932877563704163 0.06722270633636249 -0.07239699881532183
-0.015925517579321327 -0.09886529603415348 -0.05782968590543145 -0.15046296296296297 0.0684688938732145 -0.07913074288413843 0.0857948277975242 -0.08968609865470852 0.08840486867392698 -0.030416148209594922 -0.08468149646107179 -0.1075400219968227 -0.06774423579748037 -0.14589665653495437 0.0025310048089091366 -0.02939735423811856 -0.035447026388341865 0.05625879043600562 0.010512483574244417 0.09152683400360559 -0.035700624760933324 -0.04563394178589049 0.008407398510689402 -0.09661259541984733 -0.003853564547206174 -0.035623409669211195 -0.018589828708006902 -0.029195227215029197 -0.048109047173593475 0.013000144446049397 -0.22299115724721266 -1.0271363960961675 -0.8550672859354533 -0.15754763067904248 -0.06631631631631632 -0.007893698197605575 -0.1066156369600875 0.03164139749505603 -0.08057907675498496 0.05871401976227982 -0.2549930913201859 -2.3260073260073257 -1.0280482151135835 -0.42027043488853694 -0.017337461300309595 -0.10431066985044612 -0.02854177477944992 -0.016685919650879212 -0.09331055329215401 -0.026389092508429846 -0.25701514775266954 -2.0773286467486822 -1.114292258360055 -0.34288454621747994 -0.019723865877712028 -0.04252126063031516 0.002564102564102564 -0.027517198248905566 -0.06308742114072358 -0.03463563313937379 -0.24481427882296192 -0.7528011204481794 -1.6057102406795658 -0.4088813394807086 -0.08496813694864426 0.006214267959234405 0.035171460871749785 -0.004960317460317461 0.07026957966015077 -0.008298755186721992 -0.10624679979518689 -0.15637957587963514 -0.20660175730230348 -0.28228302587594406 0.009896091044037606 -0.08602679120068821 0.08690176322418135 -0.04534005037783374 0.09333508610490339 -0.06872370266479663 -0.03003754693366708 -0.101614542170035 -0.11804767309875142 -0.1485866151244262 0.0803497577691126 -0.11047070124879924 0.07663782447466007 -0.08949658172778124 0.047304867421884715 -0.05133605370541002
-0.02082567683449712 -0.11009998876530727 -0.0657670937748044 -0.13657407407407407 0.06256640302207532 -0.08739813393173498 0.09314867018016915 -0.10544176463458974 0.09352978859705319 -0.052536983271118484 -0.08594539939332659 -0.11242820481486007 -0.07962918944616115 -0.13617021276595742 -0.00759301442672741 -0.0367466927976482 -0.05382696599711172 0.025572177470911645 -0.018396846254927726 0.05131049785050616 -0.021675379319138093 -0.02713369511593488 -0.0012010569300984846 -0.0739503816793893 0.001284521515735386 -0.044529262086514 -0.017261983800292122 -0.03935008885503936 -0.04409995990912735 -0.005777841976021958 -0.18838908112264516 -0.6450845036895977 -0.38823389305704414 -0.10258915486077184 -0.04504504504504505 0.0013156163662675995 -0.08337889557135048 0.027686222808174028 -0.05736137667304014 0.04725762566232279 -0.23740736088431103 -2.1783424908424904 -0.8820120537783958 -0.3764161286392983 -0.01362229102167183 -0.10808093502576346 -0.035028541774779445 -0.03337183930175843 -0.10645288474175318 -0.057176367101598 -0.2594983858952074 -2.0749853544229646 -1.1475034356390288 -0.3524757223354513 -0.03451676528599605 -0.06128064032016008 -0.00641025641025641 -0.05878674171357098 -0.07467490665636667 -0.06511499030202272 -0.24240231548480465 -0.788982259570495 -2.1413402548371874 -0.607862169376365 -0.11995501686867424 -0.026099925428784483 0.023866348448687354 -0.03968253968253968 0.05621566372812061 -0.040110650069156296 -0.12672811059907835 -0.20139793863286343 -0.3965803847067205 -0.41351987123932155 -0.035873330034636323 -0.11306378272090452 0.06297229219143577 -0.07934508816120907 0.06835809123176022 -0.09817671809256663 -0.03504380475594493 -0.12080840013548608 -0.10442678774120318 -0.17757912539260692 0.05908070424199456 -0.13688760806916428 0.05438813349814588 -0.11311373523927906 0.021162703846632637 -0.08292747137027774
-0.025725836089672917 -0.12695202786203796 -0.07937407869372945 -0.12500000000000003 0.05312241766025262 -0.0897602456596197 0.0857948277975242 -0.1139255847776027 0.08584240871236389 -0.06221484861053504 -0.08468149646107179 -0.1160943419283881 -0.07844069408129307 -0.12644376899696047 -0.007593014426727411 -0.04532092111709946 -0.05513981882630958 0.00767165324127349 -0.01576872536136662 0.03189571488004437 -0.0076501338773428545 -0.03453379378391712 -0.0180158539514773 -0.04055343511450381 0.014129736673089274 -0.04198473282442748 -0.0013278449077147772 -0.035542015740035536 -0.0347454229587064 -0.0130001444460494 -0.1601947968729976 -0.29040704594144257 -0.16910801476717877 -0.06350757205666831 -0.0437937937937938 0.007893698197605579 -0.08201202843083652 0.04218852999340804 -0.051898388418464905 0.028640985249892604 -0.20977264162793613 -1.8372252747252744 -0.6525266573945296 -0.3386526982580095 -0.006191950464396287 -0.10556742490888524 -0.029839128178515827 -0.030804774740084705 -0.09988171901695361 -0.048380002932121385 -0.2532902905388627 -2.052724077328647 -1.14177737059093 -0.3488790312912121 -0.040680473372781065 -0.0575287643821911 -0.0012820512820512831 -0.043777360850531584 -0.07467490665636667 -0.04987531172069826 -0.24481427882296192 -0.8099906629318394 -2.4032562529495043 -0.8493084202863382 -0.17118580532300387 -0.04722843649018145 -0.0012561236025624921 -0.03968253968253968 0.038328861632809505 -0.04426002766251729 -0.14976958525345624 -0.24878568889941954 -0.6126810733792448 -0.7725640708183732 -0.08782780801583376 -0.14624554504117 0.04785894206549117 -0.10453400503778339 0.061785197844090964 -0.11921458625525946 -0.03754693366708385 -0.12758270294682172 -0.09761634506242907 -0.1896593380043489 0.04608294930875576 -0.1392891450528338 0.05067985166872683 -0.10938471100062153 0.022407568778787496 -0.08687639857838622
-0.022050716648291068 -0.1258285585889226 -0.08390974033337113 -0.11574074074074073 0.055483414000708296 -0.0826739104759655 0.08334354700330922 -0.09816991879772148 0.07943625880845613 -0.0594497442278446 -0.07077856420626896 -0.1002077477697666 -0.09032564772997385 -0.13738601823708205 -0.008858516831181978 -0.04409603135717786 -0.06170408297229881 0.007671653241273493 -0.0328515111695138 0.029122174455692686 -0.0025500446257809544 -0.044400592007893445 -0.024021138601969732 -0.025047709923664112 0.026974951830443163 -0.03435114503816794 -0.005311379630859116 -0.03681137344503681 -0.044099959909127344 -0.0130001444460494 -0.1127771369985903 -0.09521542489883361 -0.0916994164582589 -0.01831949193942354 -0.02252252252252252 0.00789369819760558 -0.07107709130672499 0.055372445616348055 -0.061458617863971596 0.015752541887440928 -0.14696646149981155 -1.2374084249084247 -0.38595271210013904 -0.29845291752954073 0.023529411764705875 -0.09551338444137239 -0.010378827192527243 -0.015402387370042353 -0.08279668813247472 -0.02638909250842985 -0.21355848025825677 -2.0140597539543057 -1.1223087494273936 -0.3488790312912121 -0.03328402366863905 -0.06503251625812907 0.0064102564102564066 -0.04627892432770481 -0.06823741470323162 -0.05126073704627321 -0.23154848046309695 -0.8123249299719888 -2.4657857479943366 -1.0859014802232467 -0.21117081094589532 -0.07084265473527218 -0.0050244944102499686 -0.0458829365079365 0.025552574421873003 -0.05947441217150762 -0.15488991295442908 -0.26892548276270584 -0.7444787461410591 -1.3668441252940446 -0.1645225136071252 -0.15607717832124862 0.02141057934508816 -0.13350125944584385 0.03812278164848165 -0.14305750350631136 -0.03879849812265332 -0.14564751044371685 -0.13393870601589103 -0.20173955061609083 0.017724211272598375 -0.15369836695485112 0.03708281829419035 -0.12678682411435677 -5.551115123125783e-18 -0.09477425299460314
-0.012250398137939485 -0.1314459049544995 -0.05669577049552103 -0.10648148148148147 0.08499586825640419 -0.06850124010865713 0.10417943375413652 -0.07635438128711672 0.10121716848174249 -0.0414765657403567 -0.06445904954499496 -0.09654161065623855 -0.06180175897314001 -0.14346504559270518 -0.002531004808909136 -0.028172464478196962 -0.051201260338716026 0.023014959723820474 -0.019710906701708282 0.04298987657745111 -0.0025500446257809527 -0.060434139121854955 -0.01201056930098487 -0.028625954198473275 0.03725112395632627 -0.04071246819338423 0.0026556898154295595 -0.0456968773800457 -0.04677268475210477 -0.020222446916076848 -0.07304882737408688 -0.04046655558200428 -0.02977253781112301 -0.012212994626282364 0.013763763763763764 0.009209314563873177 -0.047840349917987975 0.05932762030323006 -0.04643540016388965 0.027208935987397966 -0.079135786961437 -0.5208333333333333 -0.1402410755679184 -0.259471311974662 0.044582043343653247 -0.08043232374010306 0.016865594187856776 0.015402387370042358 -0.03942699434879748 -0.0014660606949127685 -0.19865905140302959 -1.949619214997071 -1.092533211177279 -0.3512768253207049 -0.054240631163708086 -0.07253626813406704 0.005128205128205128 -0.05628517823639774 -0.07596240504699368 -0.056802438348573014 -0.22551857211770376 -0.8134920634920635 -2.474044360547428 -1.2885222033487016 -0.26615019367737097 -0.09694258016405669 -0.010048988820499937 -0.0570436507936508 0.026830203142966653 -0.06639004149377595 -0.14592933947772657 -0.27484895154602534 -0.7800997387793872 -1.9586480128760677 -0.30677882236516574 -0.16099299496128797 0.013853904282115864 -0.11964735516372796 0.03812278164848165 -0.13183730715287517 -0.057571964956195244 -0.16822851981483572 -0.1441543700340522 -0.22589997583957477 -0.024813895781637715 -0.1729106628242075 0.013597033374536455 -0.14170292106898696 -0.024897298643097223 -0.10530472554955903
-0.007350238882763692 -0.10897651949219189 -0.053294024265789774 -0.10763888888888887 0.09562035178845472 -0.06732018424471477 0.11521019732810393 -0.06787056114410375 0.1063420884048687 -0.03871146135766625 -0.06572295247724975 -0.08676524502016376 -0.0570477775136677 -0.13130699088145897 0.0025310048089091375 -0.024497795198432138 -0.03807273204673756 0.021736350850274894 -0.007884362680683312 0.04437664678962695 1.0408340855860842e-18 -0.024666995559940803 -0.019216910881575785 -0.032204198473282444 0.03725112395632627 -0.03816793893129772 -0.005311379630859116 -0.0456968773800457 -0.045436322330616064 -0.01444460494005489 -0.06920415224913494 -0.030945013092120922 -0.02143622722400857 -0.006106497313141182 0.027527527527527528 0.021049861860281543 -0.03827227993439038 0.06855636123928807 -0.04233815897295821 0.03293713303737649 -0.030146966461499815 -0.16597985347985353 -0.07301808066759388 -0.22292605676696314 0.06563467492260062 -0.0728917933894684 0.03762324857291126 0.021820048774226664 -0.023656196609278486 0.007330303474563848 -0.13285324062577603 -1.457527826596368 -0.9024278515803938 -0.32130439995204413 -0.04437869822485207 -0.09379689844922462 0.006410256410256411 -0.06629143214509067 -0.0656624179219776 -0.06650041562759768 -0.21225277375783885 -0.7633053221288516 -2.4457291175082583 -1.2933753943217665 -0.31238285642883923 -0.12055679840914742 -0.023866348448687354 -0.07316468253968254 0.017886802095311103 -0.07745504840940526 -0.1497695852534562 -0.24404691387276395 -0.7800997387793873 -2.1245511947505262 -1.0279564571994064 -0.2568514194420548 -0.02015113350125945 -0.15365239294710326 0.021033258840541604 -0.14866760168302945 -0.06382978723404256 -0.1558089646607203 -0.16345062429057888 -0.2609325924136265 -0.09925558312655086 -0.2005283381364073 -0.013597033374536462 -0.1591050341827222 -0.03734594796464584 -0.11978412531262342
-0.009800318510351586 -0.10560611167284573 -0.05216010885587935 -0.125 0.08145437374572069 -0.07913074288413842 0.107856354945459 -0.0860501757362744 0.09224855861627164 -0.06221484861053504 -0.06572295247724974 -0.061102285225467436 -0.05942476824340385 -0.13009118541033432 -0.006327512022272842 -0.022048015678588922 -0.03807273204673756 0.026850786344457235 -0.014454664914586074 0.04853695742615448 0.0038250669386714273 0.016033547113961523 -0.019216910881575785 -0.019083969465648856 0.03725112395632627 -0.003816793893129769 -0.011950604169433011 -0.010154861640010148 -0.057463584124014436 0.02022244691607684 -0.0589516852492631 -0.016662699357295873 -0.014290818149339048 -0.012212994626282364 0.03753753753753754 0.03025917642415472 -0.03827227993439039 0.06723796967699407 -0.05053264135482107 0.025776886724903338 -0.01130511242306243 -0.05494505494505494 -0.05099675475197033 -0.20343525398952372 0.07182662538699691 -0.06409450798039462 0.04151530877010897 0.023103581055063528 -0.03022736233407806 0.005864242779651081 -0.06580581077725353 -0.8096074985354422 -0.6710948236371965 -0.28413859249490464 -0.02835305719921104 -0.08129064532266134 0.01923076923076923 -0.04252657911194496 -0.05664992918758852 -0.040177334441673596 -0.1929570670525808 -0.7247899159663866 -2.3890986314299196 -1.3030817762678961 -0.3586155191803074 -0.1702709420830226 -0.03768370807687477 -0.09796626984126985 0.0012776287210936488 -0.08990318118948824 -0.14848950332821303 -0.2404928326027722 -0.7872239373070528 -2.1802649498576203 -1.7503711034141518 -0.43013395600344106 -0.05415617128463477 -0.2040302267002519 0.002629157355067699 -0.1809256661991585 -0.07384230287859825 -0.1320989048210455 -0.1793416572077185 -0.28146895385358783 -0.17369727047146402 -0.23054755043227665 -0.03831891223733004 -0.15413300186451212 -0.05601892194696876 -0.10925365275766749
-0.009800318510351586 -0.09437141894169195 -0.05216010885587935 -0.1446759259259259 0.054302915830480455 -0.0862170780677926 0.0857948277975242 -0.08968609865470853 0.07046764894298527 -0.06359740080188027 -0.07077856420626896 -0.05988023952095808 -0.06180175897314 -0.13981762917933133 -0.013920526449000253 -0.04287114159725624 -0.05120126033871604 0.02557217747091165 -0.024967148488830488 0.04992372763833032 0.001275022312890476 0.025900345337937843 -0.030026423252462166 -0.026240458015267178 0.01284521515735389 0.006361323155216285 -0.011950604169433011 -0.0025387154100025414 -0.05078177201657089 0.03322259136212624 -0.0589516852492631 -0.0035705784337062576 -0.009527212099559363 -0.02076209086468002 0.026276276276276277 0.04867780555190106 -0.035538545653362494 0.07382992748846406 -0.038240917782026776 0.030073034512387232 -0.010048988820499937 -0.03663003663003663 -0.04172461752433936 -0.19856255329516387 0.06934984520123841 -0.05906748774663819 0.04411001556824078 0.03593890386343216 -0.01445656459455907 0.013194546254214928 -0.024832381425378698 -0.3022847100175747 -0.43861658268437936 -0.27214962234744033 -0.01725838264299803 -0.08504252126063032 0.02307692307692308 -0.031269543464665414 -0.04248744689069138 -0.029093931837073983 -0.16280752532561507 -0.6372549019607844 -2.2251061821613964 -1.3103615627274932 -0.371110833437461 -0.21998508575689782 -0.03391533726918729 -0.11036706349206352 0.022997316979685704 -0.09958506224066391 -0.15745007680491552 -0.267740789006042 -0.7860365708857752 -2.2124551194750524 -2.422068283028204 -0.8381467371267052 -0.1070528967254408 -0.25566750629722923 -0.005258314710135404 -0.20757363253856945 -0.07634543178973716 -0.1264536524782658 -0.1713961407491487 -0.3165015704276395 -0.2965851352948127 -0.3121998078770413 -0.069221260815822 -0.16904909881914235 -0.07593676086144655 -0.10398841648018955
0.0024500796275878974 -0.07302550275249972 -0.03741920852704388 -0.1388888888888889 0.05666391217093614 -0.08503602220385025 0.10540507415124403 -0.09332202157314265 0.09609224855861628 -0.06912760956726116 -0.07583417593528816 -0.06599046804350482 -0.07130972189208461 -0.16534954407294833 -0.027841052898000505 -0.07104360607545321 -0.06170408297229881 0.006393044367727913 -0.024967148488830488 0.03050894466786853 0.003825066938671428 0.01356684755796744 -0.044439106413644 -0.03697519083969466 0.010276172125883113 1.734723475976807e-18 0.003983534723144336 -0.0165016501650165 -0.0347454229587064 0.01733352592806587 -0.05126233499935921 0.02023327779100214 0.0023818030248898476 -0.009770395701025886 0.016266266266266267 0.06578081831337981 -0.02050300710770913 0.08437705998681608 -0.017754711827369575 0.038665330087355 -0.0050244944102499686 -0.042353479853479856 -0.03592953175707 -0.1681081739554148 0.059442724458204345 -0.05278371245444262 0.04411001556824078 0.03593890386343216 -0.00657116572479958 0.0146606069491277 0.0049664762850757365 -0.0480374926772115 -0.2885936784241868 -0.2421771969787795 -0.001232741617357 -0.08754377188594298 0.02564102564102564 -0.027517198248905562 -0.02446246942191322 -0.023552230534774177 -0.14230583695127835 -0.41199813258636786 -1.8581878244454928 -1.2666828439699098 -0.3848556791203299 -0.24235645041014164 -0.06029393292299963 -0.10168650793650795 0.017886802095311103 -0.08713692946058091 -0.15488991295442908 -0.2973581329226395 -0.7800997387793871 -2.2174074532623496 -2.8958436417615045 -1.5153004792921225 -0.1977329974811083 -0.3136020151133501 -0.04469567503615091 -0.23422159887798033 -0.07259073842302878 -0.10500169357570284 -0.1418842224744608 -0.3346218893452525 -0.38993264799716415 -0.41786743515850144 -0.11248454882571075 -0.19266625233064014 -0.10083405950454376 -0.11978412531262339
0.0012250398137939485 -0.07639591057184587 -0.028347885247760517 -0.14120370370370366 0.042497934128202096 -0.10511397189087043 0.10172815295992155 -0.11271361047145803 0.08071748878923768 -0.0898658924374395 -0.07204246713852376 -0.043993645362336554 -0.07130972189208461 -0.1653495440729483 -0.025310048089091368 -0.08451739343459087 -0.05776552448470527 -0.011507479861910237 -0.022339027595269383 0.012480931909582582 6.938893903907229e-19 0.019733596447952636 -0.07566658659620466 -0.040553435114503815 -0.01798330122029544 0.0025445292620865155 -0.017261983800292126 -0.026656511805026657 -0.058799946545503134 0.014444604940054895 -0.05510701012431116 0.022613663413472984 -0.0023818030248898363 -0.01465559355153884 -0.017517517517517518 0.04999342191816866 -0.03417167851284856 0.06460118655240606 -0.03277792952745152 0.014320492624946298 -0.01130511242306243 -0.03548534798534799 -0.041724617524339355 -0.16323547326105492 0.05077399380804953 -0.0741485484479075 0.04021795537104308 0.0102682582466949 -0.014456564594559074 -0.005864242779651075 0.028557238639185495 0.0011716461628588162 -0.14887769125057262 -0.21460256563961155 -0.0012327416173570026 -0.1013006503251626 0.014102564102564103 -0.03252032520325203 -0.03733745332818334 -0.023552230534774177 -0.12421611191509889 -0.18907563025210083 -1.506606890042473 -1.1890317884008734 -0.40609771335749095 -0.2734277902063137 -0.08792865217937444 -0.10912698412698414 0.0051105148843746005 -0.09128630705394189 -0.16257040450588836 -0.2843265015993366 -0.7753502730942767 -2.202550451900458 -3.1481939633844633 -2.386628978739093 -0.30604534005037787 -0.3828715365239294 -0.08150387800709871 -0.26647966339410945 -0.08886107634543179 -0.121937450604042 -0.13280363223609531 -0.356366272046388 -0.46555594942691714 -0.5475504322766571 -0.16563658838071693 -0.2386575512740833 -0.134445412672725 -0.15664077925496905
-0.006125199068969742 -0.08650713402988428 -0.01700873114865631 -0.14120370370370366 0.03895643961751859 -0.12164875398606352 0.09682559137149159 -0.1248333535329051 0.06790518898142217 -0.10507396654223695 -0.059403437815975735 -0.03543932543077112 -0.05585928214879961 -0.1714285714285714 -0.012655024044545687 -0.09431651151396372 -0.05382696599711172 -0.03068661296509398 -0.014454664914586074 -0.005547080848703363 -0.014025245441795231 0.024666995559940803 -0.08047081431659861 -0.041746183206106874 -0.028259473346178548 0.002544529262086515 -0.017261983800292126 -0.03935008885503934 -0.05479085928103702 0.015889065434060382 -0.05767012687427912 0.02023327779100214 0.005954507562224613 -0.03419638495359061 -0.023773773773773776 0.034206025522957505 -0.039639147074904325 0.05800922874093606 -0.031412182463807704 0.004296147787483889 -0.0025122472051249843 -0.025183150183150184 -0.03129346314325452 -0.16323547326105495 0.055727554179566575 -0.08420258891542039 0.0454073689673067 -0.003850596842510587 -0.014456564594559074 -0.011728485559302152 0.024832381425378698 0.018746338605741066 -0.09390746678882274 -0.19542021340366864 0.003698224852071006 -0.10505252626313158 0.01282051282051282 -0.03877423389618511 -0.03733745332818334 -0.022166805209199225 -0.10612638687891943 -0.09687208216619982 -0.9332232184992921 -1.0774083960203833 -0.3923528676746221 -0.30325627641063885 -0.10300213541012437 -0.10540674603174602 0.0025552574421873002 -0.07468879668049791 -0.166410650281618 -0.2523397701694112 -0.7397292804559485 -2.155503280921134 -3.2397328055418115 -3.3378394985867024 -0.4622166246851386 -0.4534005037783375 -0.1248849743657158 -0.29593267882187935 -0.09637046307884856 -0.13096985435248956 -0.12485811577752552 -0.362406378352259 -0.49273307337823463 -0.6556195965417867 -0.1891223733003708 -0.2759477936606588 -0.14191460226565417 -0.17375279715677241
0.002450079627587896 -0.08088978766430739 -0.0022678308198208407 -0.14583333333333331 0.054302915830480455 -0.12164875398606353 0.10050251256281406 -0.10786571324687917 0.07174887892376683 -0.0829531314807134 -0.053083923154701715 -0.04277159965782721 -0.01782743047302115 -0.18601823708206683 0.011389521640091115 -0.10289073983341498 -0.027569909413154785 -0.021736350850274904 0.005256241787122208 0.015254472333934269 -0.006375111564452378 0.02960039467192896 -0.05044439106413643 -0.052480916030534355 -0.015414258188824664 0.0178117048346056 -0.0013278449077147787 -0.020309723280020307 -0.03875451022317252 0.0520005777841976 -0.0525438933743432 0.030945013092120926 0.026199833273788265 -0.04763067904250122 -0.011261261261261262 0.04341534008683068 -0.025970475669764903 0.08042188529993408 -0.02458344714558864 0.032937133037376484 0.008792865217937446 -0.02747252747252747 5.551115123125783e-18 -0.17176269947618467 0.07925696594427245 -0.09048636420761594 0.07524649714582252 -0.007701193685021182 0.01839926402943883 0.0029321213898255392 0.050906381922026324 0.030462800234329235 -0.03550160329821346 -0.17743675818247212 0.03451676528599605 -0.09879939969984994 0.030769230769230764 -0.020012507817385863 -0.007724990343762073 0.002770850651149903 -0.08803666184273998 -0.049019607843137254 -0.3834355828220859 -0.8784275661247269 -0.36111458203173813 -0.30822769077802636 -0.12058786584599926 -0.07936507936507937 0.012776287210936505 -0.034578146611341634 -0.15873015873015872 -0.2250918137661415 -0.5675611493706956 -2.030456852791878 -3.2508659079663538 -4.264470935234116 -0.681360201511335 -0.49370277078085645 -0.15774944130406204 -0.2931276297335203 -0.08635794743429287 -0.1343570057581574 -0.12145289443813848 -0.3563662720463881 -0.49155145929339483 -0.7456772334293948 -0.20889987639060567 -0.28464885021752645 -0.14315946719780903 -0.15927339739370805
-0.006125199068969742 -0.06965509493315357 -0.0022678308198208403 -0.14351851851851855 0.03895643961751859 -0.11456241880240933 0.09805123176859909 -0.08362622712398496 0.08199871877001923 -0.058067192036499383 -0.060667340748230526 -0.039105462544299155 -0.011884953648680769 -0.1908814589665653 -0.006327512022272841 -0.09799118079372855 -0.0420112905343311 -0.0025572177470911655 -0.0026281208935611034 0.0360560255165719 -0.015300267754685709 0.04193389245189936 -0.04203699255344704 -0.06560114503816794 -0.026974951830443166 0.02162849872773537 -0.003983534723144337 -0.00126935770500127 -0.042763597487638645 0.07800086667629641 -0.065359477124183 0.03213520590335635 0.020245325711563657 -0.06106497313141183 -0.02002002002002002 0.0355216418892251 -0.02050300710770913 0.07778510217534607 -0.02458344714558864 0.06014606902477445 0.020097977640999874 -0.024038461538461536 0.016226240148354196 -0.1571445973931051 0.07058823529411765 -0.08797285409073771 0.068759730150493 -3.816391647148976e-18 0.013142331449599165 0.007330303474563848 0.04966476285075739 0.03397773872290569 -0.027485112230874954 -0.15705550893178277 0.02835305719921104 -0.10505252626313158 0.008974358974358974 -0.030018761726078803 -0.0038624951718810364 -0.006927126627874758 -0.09044862518089726 -0.025676937441643323 -0.1344974044360548 -0.633341421984955 -0.35736598775459205 -0.3417847377578921 -0.16832056274337398 -0.09052579365079365 0.015331544653123802 -0.03457814661134163 -0.16001024065540195 -0.1931050823362161 -0.3752077891237236 -1.673888820106475 -3.2545769421078674 -5.084183359960674 -1.0516372795969775 -0.5201511335012594 -0.19587222295254372 -0.2664796633941094 -0.0888610763454318 -0.1287117534153777 -0.12939841089670828 -0.3467021019569945 -0.5010043719721139 -0.829731027857829 -0.24103831891223731 -0.30577998756991925 -0.15187352172289306 -0.1658549427405555
-0.017150557393115277 -0.07527244129873048 0.0034017462297312624 -0.16087962962962965 0.03423444693660725 -0.1358214243533719 0.09192302978306163 -0.1005938674100109 0.07303010890454838 -0.06359740080188028 -0.053083923154701715 -0.036661371135280466 0.014261944378416925 -0.16899696048632212 0.012655024044545684 -0.07961783439490445 -0.02625705658395694 0.006393044367727913 0.006570302233902763 0.05408403827485786 -0.00892515619023333 0.04686729156388751 -0.0180158539514773 -0.06560114503816793 -0.02569043031470778 0.013994910941475827 0.00796706944628867 0.005077430820005076 -0.048109047173593475 0.08955655062834031 -0.06023324362424709 0.030945013092120926 0.045254257472906984 -0.07816316560820712 -0.013763763763763764 0.02236547822654914 0.005467468562055769 0.06855636123928807 -0.01638896476372576 0.06301016754976371 0.020097977640999874 -0.014880952380952378 0.035929531757070005 -0.1352174442684858 0.06811145510835914 -0.0741485484479075 0.058380902957965754 0.011551790527531764 -0.0026284662899198285 0.02638909250842985 0.04718152470821953 0.0421792618629174 -0.004580852038479158 -0.14027095072533272 0.03574950690335305 -0.10880440220110055 0.0012820512820512816 -0.031269543464665414 -0.0064374919531350605 -0.004156275976724855 -0.08803666184273999 -0.008169934640522876 -0.06134969325153374 -0.39553506430478047 -0.3236286392602774 -0.3877703206562267 -0.2436879788971235 -0.11284722222222224 0.017886802095311106 -0.033195020746887974 -0.1459293394777266 -0.18955100106622438 -0.24459748278318688 -1.0870372663117491 -3.196437407224147 -5.779771414526238 -1.58816120906801 -0.5831234256926952 -0.23399500460102537 -0.2538569424964937 -0.08260325406758448 -0.11290504685559444 -0.094211123723042 -0.33341386808407836 -0.48446177478435537 -0.8717579250720462 -0.2608158220024722 -0.2983219390926041 -0.16432217104444166 -0.15137554297749115
-0.02817591571726081 -0.08650713402988428 -0.005669577049552102 -0.16087962962962962 0.016526974383189705 -0.1724341561355852 0.06863586223801936 -0.1478608653496546 0.05253042921204356 -0.11198672749896307 -0.058139534883720936 -0.04277159965782721 0.0035654860946042312 -0.15683890577507595 0.0075930144267274124 -0.09921607055365016 -0.03413417355914402 -0.019179133103183733 -0.011826544021024966 0.026348634031341012 -0.0025500446257809527 0.05796743956586088 -0.008407398510689404 -0.04890267175572518 -0.026974951830443163 0.008905852417302799 0.00531137963085911 0.015232292460015229 -0.05078177201657089 0.09100101112234579 -0.05638856849929515 0.03213520590335635 0.03215434083601287 -0.07205666829506595 -0.02877877877877878 0.005262465465070388 0.002733734281027883 0.05273566249176005 -0.031412182463807704 0.045825576399828157 0.013817359628187415 -0.008012820512820512 0.03477051460361613 -0.13156291874771592 0.061919504643962855 -0.0867160990322986 0.04411001556824079 -0.002567064561673728 -0.03022736233407806 0.005864242779651077 0.06332257263471568 0.05272407732864674 0.002290426019239577 -0.10790073132717899 0.050542406311637075 -0.10380190095047523 0.014102564102564103 -0.01876172607879925 0.005149993562508046 -0.006927126627874758 -0.08080077182826821 -0.0070028011204481795 -0.038933459178857946 -0.20019412763892258 -0.28364363363738593 -0.45985582898334576 -0.3856299459866851 -0.16121031746031747 -0.005110514884374598 -0.049792531120331954 -0.15360983102918585 -0.20376732614619114 -0.2030396580384707 -0.4989476290701994 -3.0690252350321634 -6.306992749170456 -2.297229219143577 -0.7229219143576826 -0.28789273037991325 -0.3085553997194951 -0.07384230287859825 -0.10048549170147907 -0.08967082860385926 -0.3213336554723364 -0.4631927212572373 -0.9137848222862633 -0.2719406674907293 -0.31075201988812934 -0.16556703597659653 -0.16190601553244705
-0.04287639348278819 -0.08538366475676891 -0.013606984918925046 -0.14930555555555558 -3.2959746043559333e-18 -0.1736152119995276 0.049025615884299545 -0.14786086534965456 0.05253042921204356 -0.11751693626434398 -0.06445904954499494 -0.052547965293902 -0.010696458283812695 -0.16048632218844983 0.0012655024044545687 -0.1065654091131798 -0.03019561507155048 -0.023014959723820484 -0.019710906701708282 0.012480931909582587 -0.00892515619023333 0.04440059200789344 -0.01080951237088638 -0.034589694656488555 -0.026974951830443163 0.005089058524173028 0.00132784490771478 0.016501650165016507 -0.05078177201657089 0.08666762964032934 -0.06407791874919902 0.015472506546060461 0.020245325711563657 -0.06961406936980948 -0.04129129129129129 0.0013156163662675963 -0.012301804264625477 0.04482531311799605 -0.0409724119093144 0.03580123156236574 0.01130511242306243 -0.013736263736263734 0.03824756606397774 -0.13399926909489585 0.06687306501547988 -0.08294583385698127 0.05448884276076803 0.006417661404184312 -0.014456564594559074 0.0029321213898255384 0.049664762850757396 0.04686584651435267 -0.014887769125057262 -0.0935139671502218 0.041913214990138066 -0.083791895947974 0.041025641025641026 0.0 0.012874983906270118 0.00831255195344971 -0.07597684515195369 -0.022175536881419232 -0.037753657385559226 -0.18320795923319583 -0.2436586280144945 -0.49092716877951775 -0.722271071473433 -0.26413690476190477 -0.021719688258592055 -0.06500691562932227 -0.15232974910394265 -0.2013979386328634 -0.19947755877463785 -0.3441871982171598 -2.360217714002969 -6.343861373970751 -3.06926952141058 -0.906801007556675 -0.32207177599579334 -0.3478260869565218 -0.08260325406758448 -0.1117759963870385 -0.09080590238365494 -0.2935491664653298 -0.4088384733546023 -0.9077809798270893 -0.29666254635352285 -0.3231821006836545 -0.1767708203659903 -0.17375279715677244
-0.046551512924170035 -0.06965509493315358 -0.01700873114865631 -0.13078703703703703 -3.469446951953614e-18 -0.16062359749616156 0.0318666503247947 -0.1381650709004969 0.04356181934657271 -0.1078390709249274 -0.06193124368048534 -0.06476842233899549 -0.002376990729736155 -0.16170212765957445 0.013920526449000253 -0.1212640862322391 -0.01837993960876986 -0.044751310574095385 -0.019710906701708282 0.0013867702121758405 -0.002550044625780952 0.02220029600394672 1.3877787807814458e-18 -0.033396946564885496 -0.014129736673089265 -0.017811704834605598 0.005311379630859117 -0.006346788525006347 -0.045436322330616064 0.06788964321825798 -0.05638856849929513 0.00476077124494168 0.028581636298678104 -0.06595017098192477 -0.035035035035035036 -0.007893698197605577 -0.023236741388737017 0.035596572181938034 -0.05326413548210871 0.03580123156236575 0.018841854038437383 -0.030906593406593408 0.05099675475197033 -0.1388719697892557 0.07554179566563467 -0.10305391479200703 0.0713544369486248 -0.012835322808368632 -0.005256932579839662 -0.0073303034745638455 0.04966476285075739 0.03749267721148213 -0.016032982134677055 -0.08392279103225034 0.05054240631163707 -0.08754377188594298 0.09487179487179487 0.0025015634771732354 0.033474958156302304 0.013854253255749516 -0.06874095513748191 -0.03968253968253968 -0.03539405379896178 -0.1807813637466634 -0.20617268524303384 -0.5070842654735273 -1.1380479839216178 -0.4340277777777778 -0.0664366934968698 -0.08437067773167359 -0.1472094214029698 -0.20021324487619951 -0.189978627404417 -0.3008542775783088 -1.641514101929738 -6.2811847118102495 -3.751889168765744 -1.1209068010075567 -0.37334034441961356 -0.3800841514726508 -0.0788485607008761 -0.11516314779270634 -0.08399545970488083 -0.2754288475477168 -0.3462129268580882 -0.8849663784822287 -0.3189122373300371 -0.3430702299564948 -0.18672973982322916 -0.19349743319731477
-0.049001592551757935 -0.058420402201999774 -0.028347885247760517 -0.11805555555555555 0.015346476212961868 -0.16770993267981577 0.046574335090084566 -0.1514967882680887 0.04996796925048046 -0.11889948845568918 -0.059403437815975735 -0.05254796529390199 -6.938893903907229e-19 -0.14468085106382977 0.026575550493545937 -0.09186673199412052 0.003938558487593541 -0.03068661296509398 -0.022339027595269383 0.016641242546110113 -0.0038250669386714273 0.022200296003946723 -0.0048042277203939445 -0.02743320610687023 0.017983301220295435 -0.03944020356234097 0.006639224538573895 -0.019040365575019043 -0.05612722170252573 0.047667196302181136 -0.04741765987440727 0.01666269935729588 0.017863522686673815 -0.05007327796775769 -0.0025025025025025016 -0.019734245494013942 -0.005467468562055769 0.03032300593276203 -0.04916689429117728 0.031505083774881856 0.015073483230749907 -0.026327838827838825 0.0521557719054242 -0.129126568400536 0.08297213622291022 -0.09677013949981148 0.09730150492994291 0.0 -0.014456564594559074 -0.0058642427796510785 0.05338962006456419 0.056239015817223195 -0.01946862116353642 -0.06713823282580027 0.0653353057199211 -0.07753876938469235 0.16666666666666669 0.017510944340212633 0.05149993562508046 0.023552230534774177 -0.07115291847563918 -0.04551820728291317 -0.0412930627654554 -0.16258189759767044 -0.17118580532300393 -0.5257270693512304 -1.5915086044466775 -0.6721230158730159 -0.10732081257186661 -0.11479944674965421 -0.14464925755248337 -0.18481222603956876 -0.18879126098313942 -0.2736164417481738 -0.9809500247402274 -5.972717217647782 -4.342569269521411 -1.3173803526448364 -0.4495859077165768 -0.40532959326788215 -0.07884856070087609 -0.10048549170147905 -0.07491486946651534 -0.2548924861077555 -0.23277797471345862 -0.8261287223823247 -0.3312731767614338 -0.3542573026724674 -0.18548487489107432 -0.221139923654074
-0.06125199068969741 -0.048309178743961345 -0.03628529311713346 -0.11111111111111109 0.01770747255341754 -0.17361521199952756 0.0318666503247947 -0.16361653132953582 0.032030749519538756 -0.12581224941241534 -0.053083923154701715 -0.036661371135280466 0.0071309721892084624 -0.121580547112462 0.050620096178182736 -0.06981871631553159 0.04726270185112249 -0.010228870988364658 -0.011826544021024968 0.0457634170018028 -0.01147520081601428 0.028367044893931926 -0.0024021138601969727 -0.02504770992366412 0.01669877970456005 -0.05216284987277353 -0.021245518523436462 -0.01904036557501904 -0.0908726446612321 0.043333814820164664 -0.05638856849929513 0.023803856224708403 0.003572704537334764 -0.05617977528089887 0.012512512512512508 -0.032890409156689907 -0.015035538545653362 0.02109426499670402 -0.06828735318219066 0.024344837462408706 0.020097977640999874 -0.016025641025641017 0.057950857672693555 -0.12669021805335606 0.10278637770897833 -0.0879728540907377 0.1414115204981837 0.024387113335900396 2.7755575615628915e-18 0.008796364169476614 0.052148000993295265 0.070298769771529 -0.01946862116353642 -0.06474043879630739 0.07149901380670612 -0.0750375187593797 0.241025641025641 0.033771106941838644 0.05922492596884253 0.03463563313937379 -0.0759768451519537 -0.05718954248366013 -0.053091080698442664 -0.17107498180053385 -0.16118955391728104 -0.539398458861546 -2.082652933048612 -0.9598214285714285 -0.16992461990545546 -0.1479944674965422 -0.14720942140296978 -0.17888875725624925 -0.1864165281405842 -0.2612356072799306 -0.517070757050965 -5.404940395723239 -4.819899244332494 -1.5302267002518892 -0.4982253187853293 -0.4474053295932679 -0.08260325406758448 -0.101614542170035 -0.07491486946651534 -0.2536844648465813 -0.1547914451140258 -0.7492795389048992 -0.3621755253399258 -0.36793039154754503 -0.19793352421262295 -0.24220086876398578
-0.05757687124831558 -0.0393214245590383 -0.027213969837850092 -0.10069444444444442 0.03305394876637941 -0.17007204440770046 0.029415369530579726 -0.17694824869712764 0.04228058936579117 -0.13134245817779622 -0.06066734074823055 -0.030551142612733718 0.003565486094604229 -0.12279635258358663 0.039230574538091624 -0.07349338559529642 0.05251411316791388 -0.019179133103183737 -0.027595269382391596 0.03050894466786854 -0.003825066938671428 0.030833744449926002 0.02522219553206822 -0.015505725190839693 0.05266538214515093 -0.06106870229007633 -0.007967069446288671 -0.035542015740035536 -0.07216357076039022 0.018777986422071357 -0.04998077662437524 0.02023327779100214 0.014290818149339052 -0.05617977528089888 0.048798798798798795 -0.03946849098802789 -0.00683433570256971 0.005273566249176004 -0.06282436492761541 0.00859229557496778 0.026378595653812335 -0.021749084249084248 0.0637459434399629 -0.13278109392130588 0.11517027863777089 -0.09174311926605504 0.17514270887389724 0.01796945193171608 0.021027730319358656 -0.011728485559302154 0.054631239135833135 0.06678383128295254 -0.003435639028859369 -0.06953602685529311 0.09368836291913216 -0.08254127063531766 0.3358974358974359 0.016260162601626018 0.09398738251577185 0.015239678581324467 -0.06632899179932465 -0.07352941176470588 -0.04011326097215667 -0.18684785246299446 -0.12245407972010498 -0.5480984340044742 -2.572541138047984 -1.242559523809524 -0.20697585281717132 -0.17565698478561548 -0.13568868407578086 -0.18481222603956876 -0.1852291617193066 -0.26371177417357927 -0.26966848095002466 -4.646675678997174 -5.171284634760705 -1.744332493702771 -0.5389772577888787 -0.5035063113604489 -0.07133917396745934 -0.09371118889014338 -0.055618615209988655 -0.2500604010630587 -0.09452912678719129 -0.6520172910662824 -0.38813349814585907 -0.37290242386575506 -0.19419892941615835 -0.25931288666578917
-0.06370207031728532 -0.032580608920346026 -0.023812223608118833 -0.10069444444444445 0.030692952425923736 -0.165347820951931 0.012256403971074886 -0.1866440431462853 0.028187059577194112 -0.13410756256048667 -0.07709807886754297 -0.02810705120371502 0.009507962918944615 -0.13009118541033432 0.029106555302455074 -0.06859382655560999 0.06564264145989236 -0.0038358266206367482 -0.04862023653088042 0.033282485092220225 -0.0076501338773428545 0.03453379378391712 0.04203699255344703 -0.009541984732824426 0.06551059730250482 -0.05979643765903307 -0.02124551852343646 -0.031733942625031736 -0.07750902044634506 0.0130001444460494 -0.060233243624247076 0.028564627469650085 0.013099916636894129 -0.04274548119198827 0.053803803803803806 -0.032890409156689907 0.0013668671405139422 -0.001318391562294002 -0.07648183556405354 0.002864098524989253 0.02261022484612486 -0.010302197802197802 0.0846082522021326 -0.12669021805335606 0.13622291021671826 -0.08043232374010305 0.20238713025428123 0.0449236298292902 0.015770797739518994 -0.00439818208473831 0.052148000993295265 0.06795547744581136 0.008016491067338524 -0.07672940894377174 0.10355029585798817 -0.07878939469734868 0.4025641025641026 0.020012507817385866 0.09527488090639886 0.01662510390689942 -0.07477086348287505 -0.07352941176470588 -0.03303445021236432 -0.19048774569279303 -0.11995501686867424 -0.5468555804126274 -3.088807938701168 -1.58234126984127 -0.284911204803884 -0.20885200553250347 -0.13568868407578086 -0.18244283852624096 -0.15554500118736642 -0.26990219140770083 -0.18802572983671448 -3.7728892712301842 -5.352644836272041 -1.9042821158690177 -0.6007624556329697 -0.5301542776998598 -0.07384230287859825 -0.09484023935869931 -0.029511918274687854 -0.25851654989127815 -0.06380716058135413 -0.5535542747358309 -0.41779975278121134 -0.36420136730888747 -0.19793352421262295 -0.26852705015137557
-0.07717750826901874 -0.028086731827884504 -0.030615716067581355 -0.0972222222222222 0.02597095974501239 -0.152356206448565 0.00857948277975242 -0.18300812022785118 0.014093529788597053 -0.12857735379510576 -0.09479271991911022 -0.019552731272149577 0.004753981459472307 -0.12279635258358661 0.018982536066818524 -0.052670259676629104 0.07877116975187082 0.011507479861910242 -0.05519053876478318 0.029122174455692696 -0.019125334693357136 0.03206709422792304 0.03483065097285611 -0.013120229007633585 0.06422607578676943 -0.06870229007633587 -0.041163192139158145 -0.040619446560040615 -0.10557263129760792 -0.005777841976021955 -0.07689350249903881 0.02618424184717924 -0.0011909015124449192 -0.04396678065461651 0.04504504504504504 -0.02894356005788712 0.008201202843083653 0.0026367831245880007 -0.09150505326413548 -0.00143204926249463 0.0025122472051249843 -0.016025641025641024 0.07185906351414001 -0.1230356925325862 0.12507739938080495 -0.07037828327259017 0.20887389724961078 0.06931074316519059 -0.003942699434879747 -0.008796364169476618 0.032282095852992305 0.07147041593438781 0.0022904260192395756 -0.06713823282580025 0.09615384615384615 -0.07128564282141071 0.432051282051282 0.016260162601626015 0.07853740182824771 0.022166805209199225 -0.09406657018813314 -0.08520074696545285 -0.06724870221802737 -0.20747391409851978 -0.13369986255154317 -0.5530698483718618 -3.587489008918477 -2.034970238095238 -0.37690047272262683 -0.24066390041493774 -0.1382488479262673 -0.17059590095960195 -0.13773450486820232 -0.25504519004580906 -0.14720435428005937 -2.881897505223055 -5.308564231738035 -2.0151133501259446 -0.6309977652162482 -0.5483870967741936 -0.09386733416770963 -0.08806593654736368 -0.03859250851305335 -0.2597245711524523 -0.05789909015715468 -0.4574927953890489 -0.43757725587144625 -0.35922933499067744 -0.20664757873770698 -0.2737922864288535
-0.07472742864143087 -0.030333670374115256 -0.022678308198208413 -0.10185185185185183 0.050761421319796954 -0.14645092712885316 0.022061527147934794 -0.19027996606471947 0.008968609865470852 -0.14102032351721278 -0.09732052578361983 -0.019552731272149577 0.009507962918944615 -0.12401215805471125 0.03416856492027334 -0.05022048015678589 0.11553104896941054 0.015343306482546993 -0.05256241787122208 0.033282485092220225 -0.010200178503123805 0.02713369511593488 0.04684122027384098 -0.0035782442748091585 0.07578676942838793 -0.049618320610687015 -0.051785951400876384 -0.033003300330033 -0.10824535614058532 0.0 -0.06279636037421504 0.009521542489883362 0.01667262117422889 -0.04152418172936004 0.06756756756756757 -0.019734245494013945 0.03963914707490432 0.0065919578114700065 -0.06828735318219066 -0.008592295574967783 -0.008792865217937446 -0.0068681318681318645 0.0764951321279555 -0.1096357656230966 0.13622291021671826 -0.0364458966947342 0.24001037882719256 0.11295084071364395 0.006571165724799578 0.005864242779651078 0.034765333995530175 0.08201523140011716 0.021759047182776 -0.04915477760460376 0.11217948717948718 -0.04502251125562782 0.4717948717948718 0.006253908692933083 0.08239989700012876 0.040177334441673596 -0.09406657018813315 -0.10037348272642391 -0.0778669183577159 -0.2099005095850522 -0.1212045482943896 -0.5418841660452399 -3.9957291797512875 -2.6029265873015874 -0.4740002555257442 -0.27247579529737204 -0.130568356374808 -0.16704181968961024 -0.11873664212776061 -0.25628327349263336 -0.12988619495299356 -2.0683298512965465 -5.075566750629724 -2.0919395465994963 -0.6533456027343237 -0.5792426367461432 -0.09386733416770966 -0.09371118889014339 -0.029511918274687854 -0.2597245711524523 -0.04726456339359565 -0.37223823246878 -0.42645241038318904 -0.3567433188315724 -0.20166811900908752 -0.2764249045675925
-0.07717750826901874 -0.014605100550499944 -0.03741920852704388 -0.08564814814814813 0.0424979341282021 -0.12282980985000591 0.020835886750827308 -0.17452430008483819 0.003843689942344651 -0.13410756256048664 -0.11501516683518706 -0.036661371135280466 0.0011884953648680769 -0.1458966565349544 0.016451531257909387 -0.08451739343459089 0.11553104896941054 0.003835826620636751 -0.056504599211563734 0.008320621273055055 -0.01147520081601428 0.025900345337937836 0.04083593562334854 -0.011927480916030532 0.07321772639691715 -0.05089058524173028 -0.07037578010888329 -0.033003300330033 -0.1055726312976079 -0.01155568395204391 -0.06920415224913494 0.015472506546060461 0.009527212099559364 -0.0403028822667318 0.06881881881881882 0.002631232732535192 0.05057408419901586 0.026367831245880026 -0.05326413548210871 -0.007160246312473149 -0.020097977640999874 -0.004578754578754575 0.07533611497450163 -0.12181751735899624 0.13993808049535603 -0.03895940681161242 0.2724442138038402 0.14375561545372867 0.018399264029438825 0.004398182084738307 0.029798857710454436 0.08084358523725835 0.032065964269354104 -0.033569116412900134 0.11957593688362919 -0.030015007503751877 0.4987179487179487 -0.052532833020637895 0.08368739539075576 0.0429481850928235 -0.0964785335262904 -0.09803921568627451 -0.08494572911750825 -0.20504731861198738 -0.12120454829438962 -0.510812826249068 -4.251978394674036 -3.2552083333333335 -0.5749329244921426 -0.30290456431535273 -0.12160778289810548 -0.1528254946096434 -0.10448824507242935 -0.25752135693945777 -0.11875309252845126 -1.4145262381713164 -4.60831234256927 -2.120906801007557 -0.6533456027343236 -0.6044880785413745 -0.09511889862327913 -0.0937111888901434 -0.03064699205448354 -0.2693887412418459 -0.03308519437551695 -0.324207492795389 -0.4079110012360939 -0.37538844002486016 -0.17801568529814513 -0.2974858496775043
-0.07227734901384295 0.0033704078193461406 -0.03628529311713346 -0.0810185185185185 0.054302915830480455 -0.09212235738750443 0.04657433509008456 -0.14058901951278635 0.019218449711723255 -0.09954375777685608 -0.12133468149646107 -0.035439325430771114 0.0023769907297361537 -0.15927051671732523 0.017717033662363955 -0.07594316511513964 0.12209531311539976 0.020457741976729317 -0.05913272010512484 0.013867702121758436 -0.014025245441795231 0.0185002466699556 0.03963487869325007 -0.02862595419847328 0.0783558124598587 -0.05343511450381679 -0.07701500464745718 -0.04442751967504442 -0.09755445676867566 -0.01733352592806587 -0.07561194412405484 0.013092120923589624 0.01667262117422889 -0.04396678065461651 0.08133133133133133 0.023681094592816733 0.0683433570256971 0.04482531311799604 -0.04506965310024584 -0.00572819704997852 -0.023866348448687354 -0.011446886446886448 0.08692628650904034 -0.13034474357412595 0.14860681114551083 -0.030162121402538645 0.2996886351842242 0.16429213194711847 0.03154159547903798 0.013194546254214923 0.03600695306679911 0.08435852372583481 0.04008245533669262 -0.04435918954561803 0.14669625246548323 -0.03751875937968985 0.48974358974358967 -0.18636647904940587 0.08497489378138276 0.040177334441673596 -0.10130246020260492 -0.0957049486461251 -0.0955639452571968 -0.20504731861198738 -0.11620642259152818 -0.45985582898334576 -4.442909182263535 -3.934771825396825 -0.6733103360163536 -0.3236514522821577 -0.11136712749615976 -0.12557753820637363 -0.09380194728093089 -0.24514052247121457 -0.11009401286491835 -0.9143418950473148 -3.979848866498741 -2.0869017632241813 -0.6467727093466544 -0.5820476858345022 -0.08635794743429288 -0.0914530879530315 -0.03064699205448354 -0.2754288475477169 -0.01536098310291858 -0.27497598463016326 -0.3819530284301607 -0.36793039154754503 -0.1518735217228931 -0.29353692246939583
-0.06002695087590346 0.004493877092461522 -0.023812223608118833 -0.08101851851851852 0.06138590485184747 -0.08503602220385023 0.05515381786983699 -0.11513755908374743 0.008968609865470852 -0.08571823586340385 -0.10869565217391304 -0.030551142612733718 0.01663893510815308 -0.1531914893617021 0.018982536066818524 -0.041646251837334634 0.10371537350662992 0.06393044367727911 -0.076215505913272 0.038829565940923585 0.003825066938671426 0.02096694622594968 0.05164544799423494 -0.02862595419847328 0.08606294155427101 -0.05343511450381679 -0.0690479352011685 -0.035542015740035536 -0.10423626887611921 -0.020222446916076848 -0.06279636037421504 0.015472506546060461 0.036917946885792544 -0.04763067904250122 0.08633633633633633 0.024996710959084328 0.07927829414980864 0.07514831905075807 -0.05872712373668397 0.0014320492624946308 -0.008792865217937446 -0.0034340659340659297 0.09967547519703293 -0.12669021805335606 0.14613003095975233 -0.028905366344099535 0.2996886351842242 0.17841098703632396 0.018399264029438825 0.011728485559302159 0.031040476781723374 0.08084358523725835 0.04351809436555199 -0.057547056707828795 0.14176528599605523 -0.05627813906953477 0.39743589743589747 -0.8017510944340213 -0.033474958156302304 0.00831255195344971 -0.11336227689339122 -0.0968720821661998 -0.1002831524303917 -0.2135404028148508 -0.13120079970011245 -0.4374844643301018 -4.195452832558724 -4.1790674603174605 -0.8049060942889996 -0.3291839557399724 -0.09216589861751154 -0.1030683568297595 -0.08311564948943242 -0.22285502042837688 -0.11133102424542307 -0.8061939289664496 -3.206549118387909 -1.9055415617128464 -0.6336269225713159 -0.541374474053296 -0.0725907384230288 -0.08354973467313989 -0.01362088535754824 -0.2657646774583233 4.8572257327350596e-18 -0.2521613832853026 -0.33868974042027195 -0.326911124922312 -0.1282210880119507 -0.275108595498223
-0.047776552737963975 -0.0011234692731153795 -0.005669577049552099 -0.07523148148148148 0.06964939204344234 -0.09566552497933152 0.07108714303223435 -0.11513755908374743 0.020499679692504803 -0.09263099682012997 -0.09732052578361983 -0.029329096908224366 0.02852388875683385 -0.15927051671732523 0.02277904328018223 -0.037971582557569813 0.1142181961402127 0.0728807057920982 -0.07490144546649145 0.029122174455692696 0.010200178503123805 0.03330044400592008 0.057650732644727365 -0.03697519083969465 0.08092485549132947 -0.05725190839694657 -0.0570973310317355 -0.033003300330033 -0.10156354403314179 -0.02888920988010978 -0.0589516852492631 0.014282313734825044 0.04406335596046207 -0.042745481191988274 0.07507507507507508 0.017103012761478752 0.09158009841443411 0.07778510217534608 -0.06282436492761542 0.00572819704997852 -0.003768370807687477 0.01144688644688645 0.10547056096430227 -0.11450846631745645 0.14984520123839007 -0.018851325876586653 0.2996886351842242 0.17841098703632396 -0.0026284662899198315 0.013194546254214918 0.027315619567916567 0.07147041593438783 0.04008245533669262 -0.05994485073732166 0.1282051282051282 -0.07628814407203602 0.29871794871794866 -1.464665415884928 -0.18539976825028967 -0.0457190357439734 -0.1049204052098408 -0.07586367880485527 -0.0825861255309108 -0.1953409366658578 -0.11620642259152816 -0.4088988317176237 -3.790981032533601 -4.16170634920635 -0.8457902133639965 -0.3360995850622407 -0.0819252432155658 -0.07937448169648145 -0.06767988601282354 -0.20428376872601212 -0.10761999010390896 -0.7103355044856826 -2.4924433249370272 -1.677581863979849 -0.5849875115025636 -0.4964936886395511 -0.05632040050062579 -0.08129163373602802 0.00681044267877412 -0.25610050736892964 0.014179369018078697 -0.2413544668587896 -0.28182941903584674 -0.3070229956494718 -0.0933648699116146 -0.2593128866657891
-0.044101433296582136 -0.010111223458038424 0.0034017462297312616 -0.07175925925925926 0.07082989021367017 -0.09802763670721625 0.06741022184091187 -0.10544176463458974 0.015374759769378604 -0.09263099682012997 -0.11122345803842267 -0.03543932543077111 0.020204421202757308 -0.16899696048632218 0.020248038471273096 -0.052670259676629104 0.111592490481817 0.05625879043600564 -0.0657030223390276 5.551115123125783e-18 -0.005100089251561901 0.037000493339911206 0.048042277203939464 -0.038167938931297704 0.06294155427103404 -0.05089058524173028 -0.0570973310317355 -0.022848438690022847 -0.10423626887611921 -0.023111367904087826 -0.060233243624247076 0.005950964056177099 0.05835417410980113 -0.039081582804103565 0.07382382382382383 0.013156163662675963 0.10524876981957351 0.08569545154911008 -0.05326413548210872 0.017184591149935556 -0.008792865217937446 0.0068681318681318715 0.10778859527121003 -0.11694481666463638 0.15356037151702784 -0.03644589669473419 0.2828230409963674 0.14118855089205493 -0.014456564594559074 -0.0029321213898255358 0.007449714427613609 0.0562390158172232 0.03550160329821347 -0.05874595372257524 0.11094674556213016 -0.09629814907453728 0.19358974358974362 -2.127579737335835 -0.3604995493755633 -0.0942089221390967 -0.1085383502170767 -0.06069094304388421 -0.06960830580462482 -0.18199466148992963 -0.11245782831438209 -0.3666418095948297 -3.3299836703931667 -4.072420634920635 -0.8585665005749327 -0.32918395573997233 -0.07936507936507937 -0.06989693164317022 -0.06293042032771312 -0.1956171845982419 -0.09401286491835725 -0.6378272090451025 -1.8488664987405543 -1.4634760705289673 -0.4995398974628631 -0.46844319775596077 -0.0688360450563204 -0.07564638139324828 0.00340522133938706 -0.24402029475718767 0.014179369018078699 -0.2269452449567723 -0.23733003708281833 -0.28464885021752645 -0.07220216606498192 -0.23561932341713834
-0.04287639348278819 -0.015728569823615327 0.002267830819820843 -0.07291666666666666 0.07082989021367017 -0.09448446911538914 0.07844098541487927 -0.09695794449157677 0.03331197950032031 -0.08986589243743952 -0.12259858442871589 -0.039105462544299155 0.008319467554076537 -0.17142857142857143 -0.0025310048089091375 -0.06491915727584517 0.08796113955625576 0.044751310574095385 -0.07227332457293036 -0.016641242546110106 -0.015300267754685706 0.03576714356191416 0.044439106413644014 -0.0357824427480916 0.06294155427103403 -0.03689567430025446 -0.04116319213915815 -0.00888550393500889 -0.09488173192569826 -0.02744474938610429 -0.07689350249903883 0.005950964056177101 0.03929974991068239 -0.039081582804103565 0.05880880880880881 0.0065780818313379815 0.09704756697648989 0.08305866842452207 -0.051898388418464905 0.01718459114993556 -0.023866348448687354 -0.0034340659340659314 0.09272137227630971 -0.12425386770617615 0.13374613003095975 -0.04775669222068619 0.23222625843279712 0.09241432422025413 -0.057826258378236295 -0.02345697111860431 -0.022349143282840822 0.030462800234329235 -0.0011452130096197832 -0.06953602685529313 0.08999013806706115 -0.1150575287643822 0.08589743589743588 -2.790494058786742 -0.5420368224539719 -0.14824050983651982 -0.12301013024602028 -0.04318394024276377 -0.08848513449740444 -0.16258189759767047 -0.12370361114582032 -0.3243847874720358 -2.8388393417912328 -3.864087301587302 -0.8534559856905582 -0.31673582295988933 -0.08320532514080903 -0.05923468783319512 -0.06293042032771314 -0.19809335149189056 -0.09896091044037605 -0.5591741428044733 -1.2921914357682618 -1.221662468513854 -0.4206651768108321 -0.4193548387096774 -0.07133917396745933 -0.0654849271762448 -0.004540295119182747 -0.22710799710074894 0.01772421127259837 -0.20172910662824206 -0.1779975278121137 -0.25357364822871353 -0.04979459728619443 -0.2079768329603791
-0.05022663236555188 -0.03258060892034603 -0.006803492459462522 -0.08796296296296295 0.06610789753275884 -0.10038974843510098 0.0759897046206643 -0.09574597018543207 0.025624599615631006 -0.08986589243743952 -0.11248736097067744 -0.05743614811193939 0.023769907297361538 -0.18115501519756838 0.011389521640091115 -0.08329250367466928 0.07614546409347514 0.03580104845927632 -0.06438896189224705 -0.02496186381916516 -0.01657529006757618 0.03453379378391712 0.04443910641364401 -0.038167938931297704 0.05780346820809248 -0.03816793893129771 -0.03452396760058425 0.0012693577050012686 -0.1028999064546305 -0.02311136790408782 -0.0794566192490068 0.015472506546060463 0.040490651423127307 -0.029311187103077667 0.051301301301301304 0.011840547296408363 0.08474576271186439 0.08174027686222808 -0.061458617863971596 0.022912788199914075 -0.031403090064062306 0.005723443223443224 0.0961984237366713 -0.12425386770617615 0.12755417956656348 -0.05278371245444262 0.16995329527763361 0.037222436144269025 -0.13010908135103166 -0.033719395982993706 -0.032282095852992305 0.0281195079086116 -0.016032982134677045 -0.06713823282580025 0.08012820512820513 -0.11380690345172587 -0.017948717948717944 -3.322076297686054 -0.7209990987511266 -0.1662510390689942 -0.12904003859141341 -0.02801120448179272 -0.08730533270410572 -0.14923562242174232 -0.12620267399725102 -0.2870991797166294 -2.326340911945736 -3.623511904761905 -0.8368468123163408 -0.3070539419087137 -0.07680491551459294 -0.04027958772657268 -0.046307290429826654 -0.1857125170236474 -0.09401286491835727 -0.48666584736389334 -0.8450881612090679 -0.973551637279597 -0.3588799789667412 -0.37447405329593264 -0.05757196495619523 -0.06435587670768884 0.014755959137343927 -0.2126117419666586 0.04135649296939619 -0.19332372718539864 -0.10383189122373297 -0.23492852703542572 -0.02738702850740695 -0.17638541529551138
-0.047776552737963995 -0.020222446916076848 -0.021544392788297995 -0.07060185185185185 0.06964939204344234 -0.08149285461202314 0.09192302978306165 -0.08120227851169556 0.03459320948110185 -0.0829531314807134 -0.10490394337714863 -0.05377001099841135 0.021392916567625386 -0.18480243161094226 0.017717033662363955 -0.09064184223419894 0.05907837731390312 0.021736350850274908 -0.05519053876478318 -0.037442795728747744 -0.005100089251561901 0.03453379378391712 0.037232764833053086 -0.04174618320610687 0.056518946692357096 -0.044529262086514 -0.014606293984862573 -2.0816681711721684e-18 -0.09755445676867566 -0.02888920988010978 -0.07176726899910289 0.010711735301118781 0.03929974991068239 -0.035417684416218856 0.055055055055055056 0.015787396395211158 0.0847457627118644 0.07119314436387607 -0.04780114722753346 0.015752541887440928 -0.03768370807687477 1.5612511283791264e-18 0.0637459434399629 -0.13399926909489585 0.10154798761609907 -0.059067487746638184 0.11805915931499737 -0.06802721088435375 -0.19056380601918782 -0.05864242779651078 -0.02731561956791656 0.02694786174575279 -0.03550160329821346 -0.05874595372257522 0.07149901380670612 -0.11755877938969483 -0.10384615384615384 -3.7135709818636657 -0.8639114201107247 -0.20504294818509283 -0.12301013024602028 -0.00583566760037349 -0.09792354884379424 -0.12860956078621694 -0.12745220542296637 -0.23117076808351972 -1.7862077628438642 -3.28249007936508 -0.7844640347515013 -0.2766251728907331 -0.06016385048643112 -0.016585712593294635 -0.04868202327238186 -0.16961743221493128 -0.07916872835230086 -0.41292859776330343 -0.5264483627204031 -0.7329974811083124 -0.2760615222821086 -0.33099579242636745 -0.04630788485607008 -0.04967822061646156 -0.00340522133938706 -0.19086735926552306 0.043719721139075976 -0.1873198847262248 -0.05438813349814585 -0.22995649471721563 -0.01867297398232292 -0.1658549427405555
-0.037976234227612406 -0.012358162004269183 -0.01927656196847715 -0.06597222222222222 0.06138590485184747 -0.0661391283807724 0.08456918740041672 -0.07150648406253787 0.03587443946188341 -0.07604037052398728 -0.089737108190091 -0.052547965293902 0.02376990729736154 -0.18723404255319148 0.011389521640091115 -0.0857422831945125 0.03413417355914402 0.015343306482546995 -0.0657030223390276 -0.02357509360698932 -0.007650133877342853 0.030833744449926 0.037232764833053086 -0.04651717557251908 0.046242774566473986 -0.04580152671755725 -0.0185898287080069 -0.006346788525006347 -0.10022718161165309 -0.03611151235013722 -0.065359477124183 0.016662699357295883 0.03691794688579255 -0.029311187103077674 0.046296296296296294 0.01841862912774635 0.054674685620557696 0.048780487804878044 -0.06692160611854685 0.011456394099957039 -0.02763471925637483 0.017170329670329672 0.06838201205377839 -0.1193811670118163 0.09164086687306502 -0.05152695739600351 0.07265179034769069 -0.21049929405724557 -0.2536469969772638 -0.07037091335581294 -0.023590762354109757 0.01757469244288225 -0.04466330737517178 -0.07193382088478598 0.06656804733727811 -0.13881940970485246 -0.16666666666666666 -3.9712320200125086 -1.006823741470323 -0.257689110556941 -0.11215629522431261 0.008169934640522871 -0.08140632373761206 -0.10434360592089295 -0.126202673997251 -0.19139945314441958 -1.2649164677804294 -2.8410218253968256 -0.7295259997444743 -0.2600276625172891 -0.04480286738351254 -0.014216325079966832 -0.039183091902161 -0.18447443357682308 -0.08287976249381496 -0.3613125230428905 -0.3589420654911839 -0.5528967254408061 -0.22216379650322068 -0.30154277699859744 -0.03254067584480601 -0.04629106921079373 0.004540295119182747 -0.17878714665378112 0.05199101973295521 -0.18371757925072046 -0.014833127317676142 -0.23119950279676815 -0.004979459728619444 -0.16322232460181652
-0.03675119441381845 0.0022469385462307576 -0.017008731148656312 -0.04282407407407408 0.059024908511391805 -0.05550962560529112 0.08089226620909426 -0.060598715307235484 0.039718129404228066 -0.052536983271118484 -0.08594539939332659 -0.05377001099841135 0.020204421202757308 -0.17872340425531913 0.011389521640091115 -0.07961783439490445 0.01837993960876986 0.01790052422963816 -0.06964520367936924 -0.016641242546110102 -0.007650133877342852 0.040700542673902315 0.04203699255344703 -0.039360687022900756 0.047527296082209375 -0.04961832061068702 -0.015934138892577346 -0.0165016501650165 -0.09889081919016438 -0.04333381482016467 -0.06023324362424709 0.030945013092120926 0.04644515898535191 -0.02198339032730825 0.047547547547547545 0.019734245494013945 0.028704209950792793 0.010547132498352008 -0.0915050532641355 -0.0014320492624946308 -0.032659213666624796 0.013736263736263738 0.06142790913305517 -0.13034474357412593 0.08668730650154799 -0.0728917933894684 0.024649714582252197 -0.4184315235528174 -0.34170061768957816 -0.08503152030494063 -0.026074000496647626 0.016403046280023433 -0.05611543747136968 -0.07193382088478599 0.0554733727810651 -0.14882441220610304 -0.20384615384615384 -4.091307066916824 -1.127848590189262 -0.28124134109171517 -0.09889049686444765 0.023342670401493928 -0.046012269938650305 -0.08129094879883522 -0.09996251405722853 -0.16157096694009446 -0.7800527571913077 -2.2867063492063493 -0.6349814743835441 -0.2406639004149378 -0.03968253968253968 0.005923468783319509 -0.027309427689384942 -0.1559985142998638 -0.06432459178624443 -0.3084674941624677 -0.21284634760705287 -0.389168765743073 -0.15512028394899433 -0.241234221598878 -0.02377972465581978 -0.023710059839674832 0.00681044267877412 -0.1606668277361682 0.05908070424199456 -0.1681075888568684 0.00741656365883807 -0.19515226848974515 -0.0037345947964645835 -0.1316309069369488
-0.024500796275878967 -0.005617346365576906 0.0022678308198208447 -0.041666666666666664 0.08027387557549286 -0.049604346285579304 0.09437431057727663 -0.0642346382256696 0.053811659192825115 -0.042859117931701926 -0.06825075834175934 -0.04032750824880851 0.021392916567625386 -0.15683890577507595 0.020248038471273093 -0.047770700636942685 0.01312852829197847 0.042194092827004225 -0.07884362680683311 0.012480931909582582 -0.007650133877342852 0.032067094227923046 0.0540475618544319 -0.03697519083969465 0.05651894669235709 -0.04834605597964377 -0.00929491435400345 -0.031733942625031736 -0.10156354403314179 -0.043333814820164664 -0.04869921824939126 0.017852892168531302 0.05359056806002144 -0.029311187103077674 0.050050050050050046 0.007893698197605579 0.0013668671405139415 -0.034278180619644036 -0.12155148866429939 -0.011456394099957039 -0.02135410124356237 0.005723443223443222 0.07070004636068614 -0.13278109392130585 0.09287925696594426 -0.07540530350634661 -0.024649714582252204 -0.655884995507637 -0.45866736759101057 -0.11728485559302156 -0.028557238639185495 0.011716461628588169 -0.06985799358680715 -0.09950845222395395 0.05300788954635109 -0.156328164082041 -0.23717948717948723 -4.110068792995622 -1.214110982361272 -0.29925187032418954 -0.08321273516642547 0.025676937441643323 -0.038933459178857946 -0.07401116233923805 -0.08246907409721355 -0.1292567735520756 -0.4321065192814973 -1.615823412698413 -0.5404369490226139 -0.20331950207468882 -0.042242703533026116 0.0047387750266556115 -0.040370458323438614 -0.1337130122570261 -0.06061355764473033 -0.2580803736020646 -0.1297229219143577 -0.260705289672544 -0.11305376626791112 -0.18934081346423565 -0.018773466833541926 -0.023710059839674835 0.012485811577752554 -0.15462672143029718 0.05908070424199456 -0.1585014409221902 0.01606922126081582 -0.1752641392169049 -0.01120378438939375 -0.11451888903514544
-0.029400955531054755 -0.003370407819346143 0.004535661639641687 -0.046296296296296294 0.06964939204344234 -0.042518011101925116 0.0857948277975242 -0.06181068961338019 0.04868673926969892 -0.03318125259228537 -0.05561172901921133 -0.026885005499205673 0.019015925837889233 -0.14832826747720362 0.01771703366236396 -0.039196472317491425 0.01312852829197847 0.04347270170054981 -0.08147174770039421 0.029122174455692696 0.0025500446257809527 0.032067094227923046 0.06365601729521979 -0.029818702290076337 0.05523442517662171 -0.035623409669211195 -0.007967069446288673 -0.033003300330033 -0.11359080582654016 -0.04044489383215369 -0.04869921824939126 0.016662699357295883 0.04049065142312731 -0.03297508549096238 0.02877877877877878 -0.002631232732535192 -0.01913613996719519 -0.08042188529993408 -0.13247746517344988 -0.01861664041243019 -0.008792865217937446 0.004578754578754577 0.057950857672693555 -0.13278109392130588 0.08544891640866872 -0.09048636420761594 -0.06357031655422937 -0.8715184186882301 -0.5716914180575634 -0.15540243366075357 -0.03973181028060591 0.0023432923257176268 -0.06527714154832799 -0.10310514326819324 0.03328402366863905 -0.15757878939469736 -0.24230769230769234 -4.037523452157599 -1.2771984035019954 -0.3172623995566639 -0.07959479015918958 0.030345471521942113 -0.024775837659273242 -0.07401116233923806 -0.07247282269149069 -0.09942828734775044 -0.07913578696143701 -0.9077380952380952 -0.4152293343554363 -0.1798063623789765 -0.03968253968253969 0.015401018836630734 -0.033246259795772976 -0.12752259502290456 -0.058139534883720936 -0.22489861128179917 -0.042821158690176324 -0.1675062972292191 -0.06704351255422639 -0.17812061711079946 -0.020025031289111393 -0.016935757028339167 0.021566401816118047 -0.13771442377385842 0.04962779156327543 -0.14289145052833815 0.01483312731767614 -0.15786202610316966 -0.026142163575252085 -0.0974068711333421
-0.02817591571726081 -0.0067408156386922855 0.0011339154099104247 -0.05902777777777777 0.06964939204344234 -0.049604346285579304 0.09192302978306165 -0.09211004726699792 0.04868673926969892 -0.04977187888842803 -0.05687563195146613 -0.019552731272149584 0.021392916567625386 -0.13495440729483282 0.026575550493545937 -0.06491915727584516 0.01837993960876986 0.0038358266206367482 -0.08541392904073587 0.006933851060879214 -0.010200178503123807 0.028367044893931926 0.05765073264472735 -0.025047709923664126 0.04110468850353243 -0.034351145038167934 -0.01593413889257735 -0.04442751967504443 -0.11893625551249498 -0.04188935432615918 -0.04869921824939125 0.013092120923589624 0.030963439323567942 -0.03419638495359062 0.02002002002002002 -0.018418629127746347 -0.036905412793876435 -0.15425181278839814 -0.14750068287353185 -0.03580123156236575 -0.017585730435874893 -6.938893903907229e-19 0.0440426518312471 -0.13156291874771592 0.07554179566563467 -0.09677013949981149 -0.11027503892060198 -0.9896033885252213 -0.6308319095807596 -0.17006304060988126 -0.032282095852992305 0.0011716461628588156 -0.05153458543289052 -0.09591176117971464 0.03574950690335306 -0.14507253626813407 -0.18717948717948715 -3.453408380237648 -1.1896485129393588 -0.3061789969520643 -0.06150506512301014 0.04201680672268908 -0.008258612553091077 -0.05823829167677748 -0.04998125702861428 -0.07457121551081283 0.03391533726918729 -0.5555555555555554 -0.2683020314296666 -0.1590594744121715 -0.035842293906810034 0.018955100106622436 -0.023747328425552123 -0.11266559366101274 -0.039584364176150424 -0.2052353447216419 -0.00629722921914358 -0.12846347607052894 -0.03549362429341396 -0.16690042075736328 -0.017521902377972468 -0.013548605622671333 0.032917139614074914 -0.12321816863976806 0.0531726338177951 -0.13808837656099904 0.01606922126081582 -0.17650714729645745 -0.03734594796464583 -0.10003948927208109
-0.02817591571726081 -0.013481631277384564 -0.01360698491892505 -0.07175925925925926 0.057844410341163964 -0.051966458013464036 0.07844098541487929 -0.10422979032844504 0.035874439461883414 -0.04838932669708282 -0.06572295247724977 -0.023218868385677622 0.005942476824340385 -0.13130699088145897 0.01518602885345482 -0.06614404703576679 -0.006564264145989235 0.00895026211481908 -0.09198423127463863 0.023575093606989322 -0.02167537931913808 0.018500246669955596 0.03843382176315158 -0.027433206106870233 0.024405908798972382 -0.03689567430025446 -0.03585181250829903 -0.05204366590505205 -0.1403180542563143 -0.037555972844142714 -0.05638856849929515 0.015472506546060466 0.009527212099559366 -0.0403028822667318 0.005005005005005006 -0.030259176424154717 -0.08201202843083652 -0.2030323005932762 -0.1652553947009014 -0.057281970499785194 -0.03391533726918729 -0.009157509157509158 0.0278164116828929 -0.14496284565720552 0.053250773993808044 -0.10431066985044615 -0.16865594187856772 -1.0370940829161852 -0.6426600078853989 -0.17592728338953234 -0.037248572138068044 2.0816681711721684e-18 -0.06069628950984883 -0.09231507013547537 0.027120315581854036 -0.12631315657828918 -0.15897435897435894 -2.8142589118198873 -1.089223638470452 -0.26461623718481575 -0.0639170284611674 0.032679738562091505 -0.024775837659273235 -0.06187818490657606 -0.05622891415719106 -0.06462838677603779 0.061550056525562113 -0.41046626984126977 -0.1941995656062348 -0.14384508990318118 -0.024321556579621095 0.011846937566639022 -0.02255996200427452 -0.11266559366101277 -0.029688273132112815 -0.20646429888165171 -0.0025188916876574307 -0.10201511335012595 -0.023662416195609305 -0.152875175315568 -0.03504380475594492 -0.01241955515411539 0.015891032917139614 -0.12321816863976806 0.04017487888455631 -0.13688760806916428 -0.00865265760197775 -0.17029210689869484 -0.06473297647205278 -0.09214163485586416
-0.023275756462085014 -0.008987754184923043 -0.010205238689193787 -0.08680555555555555 0.050761421319796954 -0.059052793197118224 0.06741022184091186 -0.1139255847776027 0.032030749519538756 -0.04424167012304715 -0.05055611729019212 -0.019552731272149577 0.02020442120275731 -0.12887537993920972 0.01645153125790939 -0.06614404703576679 -0.015754233950374164 0.007671653241273497 -0.09986859395532194 0.04298987657745111 -0.006375111564452382 0.009866798223976318 0.05524861878453039 -0.03101145038167939 0.025690430314707774 -0.04198473282442748 -0.037179657416013805 -0.060929169840060936 -0.1376453294133369 -0.03322259136212625 -0.07048571062411893 0.01904308497976672 -0.005954507562224606 -0.04763067904250122 -0.026276276276276277 -0.04209972372056308 -0.14625478403499179 -0.24258404746209625 -0.19393608303742146 -0.07733066017471 -0.026378595653812335 -0.016025641025641028 0.03013444598980065 -0.1559264222195152 0.038390092879256967 -0.11059444514264169 -0.20368448365334718 -1.0563470671287383 -0.6321461427257196 -0.17152910130479404 -0.037248572138068044 0.010544815465729352 -0.06298671552908841 -0.09830955520920753 0.019723865877712025 -0.10630315157578792 -0.12820512820512817 -2.1738586616635396 -0.9488863138921078 -0.22720975339429206 -0.0723589001447178 0.0350140056022409 -0.04247286455875412 -0.06673137587964087 -0.07122329126577534 -0.05219985085756897 0.06029393292299963 -0.2604166666666667 -0.1584259614156126 -0.1203319502074689 -0.01536098310291858 0.02132448761995024 -0.010686297791498458 -0.11142751021418844 -0.03216229589312222 -0.19663266560157308 -0.016372795969773302 -0.07052896725440808 -0.028920730905744707 -0.1332398316970547 -0.02002503128911139 -0.011290504685559444 0.028376844494892167 -0.12321816863976806 0.04490133522391587 -0.13568683957732952 -0.007416563658838073 -0.17277812305779988 -0.06846757126851737 -0.08950901671712518
-0.02572583608967291 -0.012358162004269186 -0.0034017462297312616 -0.08217592592592593 0.048400424979341286 -0.05787173733317587 0.05515381786983699 -0.11028966185916858 0.015374759769378604 -0.044241670123047146 -0.04170879676440849 -0.01588659415862153 0.04040884240551462 -0.11793313069908813 0.03290306251581878 -0.057569818716315536 -0.024944203754759094 0.011507479861910246 -0.09461235216819973 0.047150187213978643 0.005100089251561904 0.01480019733596448 0.06245496036512131 -0.028625954198473285 0.02055234425176622 -0.04961832061068703 -0.041163192139158145 -0.06854531607006856 -0.13229987972738205 -0.02022244691607684 -0.05895168524926311 0.022613663413472984 0.008336310587114449 -0.05495847581827064 -0.027527527527527528 -0.04078410735429548 -0.17359212684527064 -0.24258404746209625 -0.1993990712919967 -0.07017041386223685 -0.02135410124356237 -0.01602564102564103 0.04867872044506258 -0.16323547326105492 0.04210526315789474 -0.12818901596078924 -0.2205500778412039 -1.0473623411628803 -0.605861479826521 -0.17006304060988126 -0.014899428855227215 0.0351493848857645 -0.0423728813559322 -0.0791272029732646 0.019723865877712028 -0.08504252126063032 -0.09615384615384616 -1.5222013758599127 -0.7956740054074933 -0.1828761429758936 -0.04703328509406657 0.038515406162464995 -0.011798017932987256 -0.07279786459597186 -0.03748594277146071 -0.04225702212279394 0.10048988820499938 -0.17981150793650794 -0.09965504024530474 -0.10650069156293222 -0.010240655401945725 0.03672550645658098 0.005936832106388032 -0.08914200817135076 -0.01484413656605641 -0.17574044488140594 -0.018891687657430732 -0.0478589420654912 -0.038122781648481666 -0.12342215988779803 -0.012515644555694618 -0.009032403748447554 0.04426787741203178 -0.11717806233389708 0.06144393241167434 -0.12367915465898176 -0.012360939431396786 -0.14916096954630206 -0.07220216606498195 -0.07239699881532183
