0.04903162539838195 -0.0797842454208338 0.08625581659289525 -0.10075275043427909 0.04605030109812257 -0.033108667376138115 0.03554792841382692 -0.04853779881082393 0.0 -0.051211072664359855 -0.04173517136714304 0.04404208465867384 0.04875148632580261 -0.06331425788384268 0.008863003291972652 -0.01226391954868776 0.02364998029168309 -0.008952551477170997 0.011834319526627215 -0.04852349923748787 0.015313935681470135 -0.03454231433506045 -0.10926993275696446 -0.17648461721917483 -0.20953850109268543 -0.4684914067472947 -0.16874833909115067 0.025419420437214034 -0.16169985300013365 -0.005781182251770487 0.038510911424903725 -0.12492563950029742 0.019074868860276584 -0.15029325513196481 -0.2018808777429467 -1.1233885819521179 -0.07398273736128239 -0.17123287671232876 -0.004102283604539858 -0.11301859799713879 -0.02890173410404624 0.042411737734983954 -0.05910987482614742 -0.06348431204981078 -0.10526315789473684 -0.09318725601309659 -0.10376134889753567 0.03981505265861803 -0.1589177830312582 0.07781529878138306 0.05839234687538826 -0.05504157395479564 -0.04009163802978236 -0.06957773512476007 0.08378511582060126 -0.09495252373813093 0.0409626216077829 -0.0475 -0.07590376945838156 -0.01941209095951192 0.06277160791887977 -0.005832944470368642 0.0825861255309108 -0.09445386292080407 0.08614232209737827 -0.07068452380952381 0.08032128514056226 -0.04463178775105381 0.060040878896269814 0.009685900096859 0.02048131080389145 0.04030346135609293 0.07360797815505164 -0.011151034568207163 0.018529956763434222 0.06767564907099792 0.031438631790744465 -0.013853904282115869 -0.07347152978220942 -0.11089275687815836 0.007512207336922499 -0.059826165481431305 0.006811215802020662 -0.10992993476685191 0.024808033077377428 -0.08046115047436052 -0.05189670085258866 -0.033577913194876255 -0.07591785936527691 -0.08292747137027776
0.04412846285854376 -0.06405214068996516 0.08058109181704687 -0.09264620729588882 0.0389656393907191 -0.01773678609435971 0.019612650159352783 -0.05096468875136513 -0.017934921854983348 -0.05674740484429066 -0.0632351081320349 0.0550526058233423 0.03567181926278241 -0.06574942164860585 -0.008863003291972649 0.029433406916850625 0.006569438969911967 -0.00383680777593043 -2.7755575615628915e-18 -0.04990988492998752 0.01914241960183767 -0.033308660251665435 -0.11527377521613832 -0.19437157166706417 -0.26738655354158636 -0.8325907065563335 -0.2046239702365134 0.003812913065582102 -0.16437257784311105 -0.0332417979476803 0.028241335044929407 -0.12135633551457467 0.001192179303767283 -0.1490713587487781 -0.28213166144200624 -1.744277821625888 -0.1602959309494451 -0.20021074815595363 -0.04239026391357856 -0.13304721030042915 -0.023875345564212114 0.04470426409903714 -0.07070004636068614 -0.09034305945549995 -0.12755417956656348 -0.1360030222893842 -0.11543450064850842 0.03210891343436938 -0.16285789335434728 0.07341065922771987 0.048453224002981736 -0.06089706054573135 -0.056128293241695305 -0.08277351247600769 0.0677673730901922 -0.10619690154922538 0.028161802355350745 -0.045 -0.09005531969638492 -0.023571824736550194 0.060357315306615165 0.003499766682221185 0.06488909863142991 -0.07144587067086461 0.07365792759051185 -0.06944444444444445 0.06526104417670683 -0.04339201586908009 0.04343382728666326 0.011069600110696 0.008960573476702507 0.05571360834518728 0.06767185088448298 -0.018585057613678603 0.02100061766522545 0.07874984619170666 0.02640845070422535 -0.005037783375314864 -0.09315140383101549 -0.11370016844469402 -0.00125203455615375 -0.06095496105655266 -0.009081621069360883 -0.12925827494563907 0.010632014176018903 -0.09487210279812656 -0.05436797232175955 -0.03482153960950131 -0.07840696950840073 -0.0987231802027116
0.03922530031870556 -0.053938644791549605 0.07263647713085915 -0.09148812970469021 0.03306175463454954 -2.7755575615628915e-18 0.012257906349595487 -0.04489746390001213 -0.0204970535485524 -0.04982698961937716 -0.054382192993550016 0.04648886713971128 0.033293697978596916 -0.07305491294289541 0.008863003291972652 0.05764042187883247 0.0026277755879647877 -0.02557871850620284 -0.006574621959237345 -0.06654651323998337 0.016590096988259317 -0.02467308166790032 -0.12968299711815562 -0.1931791080372049 -0.3689420233963235 -1.2934436664544875 -0.2577730534148286 -0.010167768174885612 -0.17907256447948683 -0.043358866888278655 0.01668806161745829 -0.11302795954788818 -0.007153075822603721 -0.15273704789833822 -0.3774294670846395 -2.2586161536437777 -0.2370187696944787 -0.21865121180189676 -0.07110624914535758 -0.13733905579399142 -0.02638853983412918 0.02063273727647868 -0.08229021789522485 -0.13429373702844588 -0.14489164086687306 -0.20148595894723584 -0.125810635538262 -0.007706139224248653 -0.1589177830312582 0.041109969167523124 0.04721083364393093 -0.05972596322754421 -0.06758304696449027 -0.08277351247600769 0.0480532281912272 -0.09995002498750624 0.003840245775729645 -0.0375 -0.10549337450147948 -0.011092623405435384 0.059150169000482866 0.012832477834811012 0.060169891458235016 -0.06902397674981835 0.06491885143570537 -0.06448412698412699 0.04643574297188756 -0.03719315645921151 0.03065917220235053 0.023522900235229006 0.005120327700972861 0.060455192034139404 0.07716965451739285 -0.01239003840911907 0.025941939468807906 0.0824412452319429 0.02640845070422535 -0.001259445843828716 -0.10102335345053792 -0.10106681639528356 -0.005008138224615 -0.06547014335703805 -0.020433647406061982 -0.1485866151244262 0.0035440047253396333 -0.11648853128377565 -0.059310515260101324 -0.04103967168262654 -0.07591785936527692 -0.10398841648018955
0.041676881588624655 -0.05730981009102147 0.07944614686187719 -0.08801389693109439 0.04723107804935648 -0.00827716684403453 0.013483696984555038 -0.03276301419730616 -0.016653856008198818 -0.037370242214532876 -0.04932338434298723 0.04404208465867385 0.027348394768133177 -0.07670765859004018 0.008863003291972652 0.10301692420897719 -0.01051110235185915 -0.011510423327791282 -0.01446416831032216 -0.05129627062248717 0.010209290454313425 -0.03577596841845547 -0.13808837656099904 -0.21822084426424998 -0.6954621416634529 -1.6626352641629534 -0.297634865798565 -0.016522623284189124 -0.19911800080181746 -0.05203064026593438 0.011553273427471126 -0.12492563950029745 -0.019074868860276588 -0.18328445747800587 -0.5216300940438872 -2.499342278347803 -0.26304973284011507 -0.23445732349841944 -0.07794338848625734 -0.1530758226037196 -0.02261874842925358 0.01834021091242549 -0.10315252665739454 -0.14039799780246615 -0.1696594427244582 -0.18889308651303363 -0.14267185473411154 0.0038530696121243215 -0.17073811400052535 0.0587285273821759 0.0360293204124736 -0.06675254713666706 -0.0859106529209622 -0.09716890595009597 0.03696402168555939 -0.09870064967516243 -0.008960573476702514 -0.027500000000000004 -0.11835842017239159 -0.00554631170271769 0.054321583775953655 0.011665888940737284 0.06252949504483246 -0.075078711552434 0.06367041198501873 -0.06572420634920635 0.048945783132530125 -0.02851475328539549 0.0370464997445069 0.03735990037359901 -0.007680491551459294 0.05571360834518728 0.06292294906802803 -0.00743402304547144 0.028412600370599138 0.07751937984496124 0.013832997987927564 0.015113350125944582 -0.11545526108632904 -0.0828186412128018 0.0 -0.05982616548143131 -0.020433647406061982 -0.1485866151244262 -0.00236266981689309 -0.11048396781553979 -0.06795996540219942 -0.033577913194876255 -0.08462974486621033 -0.10135579834145056
0.0551605785731797 -0.06180469715698393 0.0964703211894223 -0.0995946728430805 0.07793127878143818 -0.013006976469197115 0.02451581269919098 -0.023055454435141377 -0.0038431975403535714 -0.026297577854671284 -0.035411660553939545 0.047712258380229994 0.027348394768133177 -0.08036040423718496 -0.0012661433274246633 0.15697817022320332 -0.01970831690973591 0.00127893592531014 -0.0170940170940171 -0.03050048523499237 0.008933129147524246 -0.04317789291882556 -0.1404899135446686 -0.23491533508227996 -1.1749582208510092 -2.0203691915977084 -0.3361679511028435 -0.019064565327910527 -0.22317252438861424 -0.056366526954762255 0.02182284980744544 -0.1451516954193932 -0.019074868860276584 -0.21016617790811337 -0.7109717868338559 -2.7387529597474347 -0.2794903411426223 -0.2463119072708114 -0.08751538356351701 -0.17024320457796854 -0.028901734104046246 0.017193947730398895 -0.12401483541956422 -0.1416188499572702 -0.1907120743034056 -0.15867019267094823 -0.1569390402075227 0.028255843822245053 -0.1773049645390071 0.09249743062692703 0.0360293204124736 -0.08900339618222275 -0.09507445589919818 -0.10556621880998081 0.03942828979793001 -0.08745627186406796 -0.020481310803891453 -0.0125 -0.12479094300784765 0.0013865779256794248 0.06035731530661516 -0.005832944470368641 0.06606890042472865 -0.11503996124969726 0.07740324594257178 -0.08556547619047619 0.06149598393574297 -0.03471361269526407 0.04982115482881962 0.033208800332088 -0.005120327700972862 0.04978662873399715 0.06054849815980057 -0.014868046090942883 0.0420012353304509 0.06890611541774333 0.012575452716297786 0.013853904282115869 -0.11545526108632904 -0.0772038180797305 0.0037561036684612497 -0.06547014335703803 -0.020433647406061982 -0.1510026576467746 -0.01299468399291199 -0.10447940434730396 -0.07660941554429755 -0.023628901877875884 -0.08711885500933417 -0.09214163485586416
0.06619269428781563 -0.055062366558040234 0.09760526614459197 -0.11696583671105967 0.0885582713425434 -0.029561310157266173 0.022064231429271882 -0.027909234316223764 -0.003843197540353573 -0.026297577854671284 -0.029088149740736053 0.026914607291411798 0.033293697978596916 -0.09010105929623768 0.0037984299822739916 0.16678930586215354 -0.00656943896991197 -0.02174191073027242 -0.010519395134779754 -0.05406904200748648 0.010209290454313426 -0.07278559092030594 -0.15489913544668588 -0.28022895301693296 -1.7740069417662938 -2.2316995544239338 -0.3667286739303747 -0.040671072699542454 -0.23920887344647865 -0.0794912559618442 0.047496790757381266 -0.16299821534800712 -0.009537434430138296 -0.24804496578690127 -0.915360501567398 -2.888713496448303 -0.2712700369913687 -0.267386722866175 -0.08204567209079719 -0.1917024320457797 -0.027645136969087707 -0.010316368638239343 -0.12980992118683357 -0.16603589305335126 -0.18575851393188855 -0.17504092683541114 -0.14915693904020752 0.008990495761623423 -0.1773049645390071 0.07194244604316546 0.033544539694371975 -0.11359643986415272 -0.10538373424971363 -0.11996161228406907 0.04066042385411532 -0.10369815092453771 -0.03072196620583718 -0.025 -0.13636948411166858 -0.009706045479755959 0.06639304683727668 -0.02216518898740084 0.06842850401132608 -0.14046984742068297 0.08739076154806491 -0.10540674603174602 0.07028112449799198 -0.04711133151500124 0.049821154828819623 0.020755500207555 0.011520737327188937 0.03556187766714082 0.061735723613914294 -0.02230206913641432 0.055589870290302656 0.047988187523071255 0.02389336016096579 0.005037783375314862 -0.11807924429283652 -0.08702975856260528 0.015024414673844999 -0.07788689468337283 -0.0011352026336701078 -0.15583474269147135 -0.001181334908446547 -0.10688122973459831 -0.06301742246385766 -0.031090660365626167 -0.0821406347230865 -0.09609056206397262
0.06251532238293697 -0.05056747949207776 0.09193054136874361 -0.11349160393746383 0.07084661707403472 -0.02601395293839423 0.0036773719048786464 -0.023055454435141374 -0.003843197540353573 -0.02076124567474049 -0.02023523460225117 0.007340347443112305 0.039239001189060645 -0.10836478753196152 -0.002532286654849325 0.16188373804267844 -0.009197214557876749 -0.04732062923647525 -0.003944773175542411 -0.07625121308748092 -0.0025523226135783566 -0.09869232667160129 -0.17050912584053796 -0.3481993799189124 -2.441187813343617 -2.3513685550604713 -0.39596066967844806 -0.06354855109303507 -0.24989977281838835 -0.09683480271715565 0.03594351732991015 -0.17251635930993453 -0.02980448259418217 -0.2920332355816227 -1.1373040752351096 -2.9965798474085767 -0.29456089875325386 -0.28846153846153844 -0.09161766716805687 -0.2088698140200286 -0.03267152550892184 -0.042411737734983954 -0.12749188687992583 -0.1782444146013918 -0.17213622291021674 -0.18511522478277292 -0.13618677042801555 -0.005137426149499103 -0.15760441292356184 0.05872852738217589 -0.003727171077152441 -0.13818948354608268 -0.1134020618556701 -0.14275431861804222 0.02217841301133563 -0.12243878060969515 -0.06656426011264722 -0.04625 -0.14666152064839832 -0.023571824736550194 0.04949299855142442 -0.03383107792813812 0.06252949504483248 -0.15621215790748366 0.07615480649188514 -0.12276785714285714 0.06024096385542169 -0.06074882221671213 0.05365355135411344 0.0013837000138370026 0.007680491551459291 0.02844950213371266 0.04748901816454946 -0.02230206913641432 0.035824583075972825 0.03199212501538083 0.01006036217303823 0.0025188916876574263 -0.12595119391235893 -0.0884334643458731 -0.005008138224615 -0.0846596681341009 -0.011352026336701099 -0.17033099782556171 -0.024808033077377438 -0.12129218205836437 -0.08155195848263933 -0.04725780375575177 -0.07965152457996268 -0.10793734368829803
0.04167688158862466 -0.05393864479154962 0.07150153217568948 -0.10538506079907353 0.009446215609871295 -0.022466595719522295 -0.014709487619514586 -0.027909234316223757 -0.011529592621060722 -0.03183391003460208 -0.026558745415454655 0.007340347443112306 0.033293697978596916 -0.12784609765006696 -0.046847303114712587 0.17046848172675985 -0.035474970437524636 -0.03708914183399411 -0.02235371466140697 -0.07347844170248163 -0.010209290454313425 -0.12459906242289662 -0.19572526416906819 -0.4650608156451228 -3.023524874662553 -2.4201145767027374 -0.41854903002923205 -0.08896797153024912 -0.2752906588266738 -0.12285012285012284 0.015404364569961485 -0.19274241522903032 -0.06795422031473533 -0.3580156402737048 -1.3617554858934169 -3.0649828992370423 -0.3110015070557611 -0.309536354056902 -0.11349651305893613 -0.23319027181688123 -0.05780346820809248 -0.06533700137551582 -0.14719517848864164 -0.20021975338786474 -0.19814241486068113 -0.18763379926961338 -0.16601815823605706 -0.0025687130747495514 -0.1878119254005779 0.06019674056673028 -0.024847807181016274 -0.16980911113713548 -0.11798396334478807 -0.17994241842610365 -0.011089206505667817 -0.15367316341829085 -0.10240655401945724 -0.07999999999999999 -0.17753763025858743 -0.05546311702717692 0.03621438918396909 -0.03499766682221185 0.053091080698442664 -0.1586340518285299 0.04119850187265918 -0.12276785714285714 0.042670682730923705 -0.061988594098685845 0.028104241185487988 -0.022139200221392003 -0.019201228878648235 0.013039355144618302 0.020182832719933513 -0.03840911906826911 -0.032118591723285975 0.015996062507690423 -0.022635814889336015 -0.00503778337531486 -0.1574389923904487 -0.09685569904548005 -0.02003255289846 -0.09030364600970762 -0.013622431604041321 -0.16791495530321332 -0.05670407560543415 -0.13210039630118892 -0.1087359446435191 -0.062181320731252335 -0.10952084629744867 -0.12110043438199292
0.014709487619514586 -0.06854702775592762 0.06015208262399274 -0.1030689056166763 -0.04723107804935648 -0.039020929407591345 -0.03432213777886737 -0.04247057395947094 -0.025621316935690495 -0.041522491349480974 -0.03920576704186164 -0.007340347443112306 0.0011890606420927436 -0.16437355412151466 -0.09875917953912383 0.16065734608780965 -0.05124162396531336 -0.051157437012405674 -0.027613412228796846 -0.08318314154997922 -0.024247064828994382 -0.1455711818406119 -0.22694524495677232 -0.639160505604579 -3.6032909114282043 -2.4239338001273074 -0.42917884666489503 -0.10040671072699543 -0.2899906454630496 -0.13152189622777857 -0.008985879332477537 -0.21653777513384892 -0.10729613733905578 -0.4411045943304008 -1.5385579937304077 -3.079452775585372 -0.3055213042882587 -0.31743940990516334 -0.1299056474770956 -0.24749642346208867 -0.07539582809751194 -0.09055479138010088 -0.17037552155771904 -0.23074105725796606 -0.19690402476780186 -0.19267094824329428 -0.15953307392996108 -0.011559208836372977 -0.19175203572366692 0.048451035090295094 -0.04721083364393092 -0.18269118163719406 -0.13631156930126 -0.18594049904030713 -0.014785608674223757 -0.15742128935532232 -0.10240655401945724 -0.07125000000000001 -0.17239161199022257 -0.04991680532445923 0.00603573153066151 -0.044330377974801674 0.028315243039169425 -0.15621215790748366 0.021223470661672905 -0.13392857142857142 0.025100401606425703 -0.07066699727250186 0.01277465508431272 -0.037359900373599 -0.03840245775729646 -0.0023707918444760556 0.010685029087023621 -0.037170115227357206 -0.05682520074119827 -0.008613264427217918 -0.02515090543259557 -0.027707808564231738 -0.15612700078719496 -0.10948905109489052 -0.037561036684612505 -0.09594762388531436 -0.02610966057441253 -0.17274704034791008 -0.0744240992321323 -0.13810495976942475 -0.12109230198937353 -0.06591219997512747 -0.11823273179838208 -0.12373305252073188
0.008580534444716842 -0.057309810091021464 0.04653274316195665 -0.09496236247828604 -0.0779312787814382 -0.050845453470497806 -0.04658004412846285 -0.013347894672976581 -0.042275172943889314 -0.022145328719723183 -0.04426457569242443 0.008563738683631025 -0.01902497027348395 -0.17411420918056736 -0.13800962268928843 0.1729212656364974 -0.0840888188148732 -0.021741910730272408 -0.0591715976331361 -0.0623873561624844 -0.029351710056151097 -0.1381692573402418 -0.26176753121998075 -0.9503935129978535 -4.015940352230364 -2.305537873965627 -0.4092479404730268 -0.0838840874428063 -0.2980088199919818 -0.11562364503540971 -0.012836970474967912 -0.22724568709101725 -0.12994754411063422 -0.6109481915933529 -1.7115987460815045 -2.875559063404367 -0.2740101383751199 -0.3055848261327713 -0.1381102146861753 -0.2460658082975679 -0.08796179944709726 -0.10430994956442 -0.19007881316643485 -0.26736662190208765 -0.21176470588235294 -0.15237375645384713 -0.1608300907911803 -0.007706139224248651 -0.2088258471237195 0.04110996916752313 -0.058392346875388246 -0.17449350040988404 -0.15463917525773194 -0.1739443378119002 -0.02957121734844751 -0.14617691154422788 -0.11264720942140298 -0.05375 -0.18011063939276986 -0.034664448141985583 -0.0072428778367938235 -0.0454969668688754 -0.0011798017932987237 -0.15984499878905306 -0.0049937578027465625 -0.14136904761904762 -0.010040160642570278 -0.05950905033473841 -0.01660705160960654 -0.037359900373599 -0.04736303123399897 0.020151730678046466 -0.0011872254541137363 -0.01610704993185479 -0.08894379246448425 -0.03445305770887166 -0.04149899396378269 -0.003778337531486142 -0.17187090002623984 -0.0884334643458731 -0.032552898459997495 -0.08353087255897956 -0.03065047110909297 -0.17033099782556174 -0.08387477849970466 -0.14290861054401344 -0.13591993080439885 -0.038552418853376444 -0.1281891723708774 -0.09872318020271158
-0.0012257906349595498 -0.052814923025059 0.031778458744750875 -0.08338158656629995 -0.09918526390364861 -0.040203381813881986 -0.05025741603334151 0.0036403349108117935 -0.04483730463745837 -0.012456747404844296 -0.05185278866826861 0.012233912405187179 -0.0356718192627824 -0.1972482649458176 -0.15700177260065837 0.1741476575913662 -0.09197214557876758 -0.00639467962655071 -0.07232084155161078 -0.045750727852488564 -0.03190403266972945 -0.15790772267456205 -0.2881844380403458 -1.4476508466491773 -4.203625144620131 -2.092934436664545 -0.36539994685091687 -0.06736146415861717 -0.292663370306027 -0.11273305390952448 -0.019255455712451866 -0.22843545508625823 -0.16332856461611828 -0.9640762463343109 -1.8294670846394987 -2.307287555906341 -0.20961775585696668 -0.26870389884088514 -0.12306850813619581 -0.24606580829756797 -0.10178436793164111 -0.10430994956442 -0.20282800185442743 -0.2966670736173849 -0.19938080495356036 -0.11711371363808085 -0.14137483787289234 0.012843565373747753 -0.20225899658523772 0.05872852738217591 -0.05963473723443906 -0.1850333762735683 -0.15234822451317295 -0.16554702495201534 -0.028339083292262195 -0.1474262868565717 -0.10880696364567333 -0.05 -0.17110510742313134 -0.02773155851358846 -0.019314340898116854 -0.053663089127391504 -0.010618216139688533 -0.1622668927100993 -0.009987515605493134 -0.1277281746031746 -0.006275100401606425 -0.03471361269526407 -0.015329586101175269 -0.017988100179881 -0.05248335893497184 0.021337126600284494 -0.003561676362341208 0.004956015363647625 -0.10500308832612723 -0.028300725975144582 -0.033953722334004025 0.0012594458438287145 -0.1613749672002099 -0.08422234699606962 -0.032552898459997495 -0.07562930353313015 -0.023839255307072305 -0.1497946363856004 -0.07560543414057885 -0.1224930947520115 -0.13221302360064252 -0.03606516602412635 -0.1207218419415059 -0.09609056206397262
-0.0036773719048786473 -0.07079447128890888 0.02837362387924186 -0.11696583671105965 -0.11453536426968947 -0.06503488234598556 -0.04535425349350331 -0.009707559762164784 -0.04868050217781194 -0.02768166089965398 -0.05311749083090931 -0.0048935649620748724 -0.04518430439952438 -0.20211859247534397 -0.16586477589263104 0.13367672308069659 -0.10116936013664432 -0.010231487402481136 -0.07626561472715318 -0.04297795646748925 -0.043389484430832057 -0.17024426350851224 -0.3554274735830931 -1.8590507989506322 -4.244761537472683 -1.7211966900063658 -0.3348392240233856 -0.04956786985256735 -0.3073633569424028 -0.09538950715421304 -0.02695763799743261 -0.26531826293872696 -0.21101573676680968 -1.4589442815249267 -1.8733542319749215 -1.7429623783214943 -0.13700506918755992 -0.26343519494204426 -0.10802680158621633 -0.25608011444921314 -0.1281729077657703 -0.12952773956900504 -0.21673620769587387 -0.29300451715297277 -0.2018575851393189 -0.09318725601309658 -0.14007782101167313 0.011559208836372977 -0.20619910690832674 0.060196740566730286 -0.06708907938874395 -0.18854666822812977 -0.14547537227949597 -0.16074856046065258 -0.028339083292262195 -0.13993003498250872 -0.11264720942140297 -0.04375 -0.16853209828894894 -0.019412090959511925 -0.02655721873491067 -0.08399440037330844 -0.005899008966493629 -0.20101719544683944 -0.008739076154806487 -0.15625000000000003 -0.0012550200803212793 -0.05950905033473841 -0.008942258559018909 -0.038743600387436 -0.043522785458269334 0.007112375533428165 0.01187225454113736 -0.001239003840911905 -0.11488573193329214 -0.03445305770887167 -0.027665995975855128 0.007556675062972293 -0.1430070847546576 -0.06737787759685569 -0.032552898459997495 -0.07111412123264475 -0.010216823703030986 -0.13650640251268426 -0.0744240992321323 -0.10568031704095111 -0.13468429506981344 -0.02860340753637607 -0.11823273179838208 -0.08161116230090824
-0.0024515812699190983 -0.0786605236543432 0.05220746793780502 -0.1436016213086277 -0.11807769512339121 -0.06858223956485751 -0.03922530031870557 0.004853779881082393 -0.046118370484242895 -0.03598615916955018 -0.05691159731883141 -0.00611695620259359 -0.041617122473246136 -0.19603068306343602 -0.18359078247657634 0.12141280353200883 -0.10511102351859151 0.008952551477170997 -0.07232084155161078 -0.022182171079994456 -0.061255742725880545 -0.2072538860103627 -0.4995196926032661 -2.0903887431433343 -4.186913485023782 -1.2539783577339274 -0.2909912304012756 -0.05210981189628875 -0.2966724575704932 -0.1011706894059835 -0.033376123234916566 -0.30696014277215944 -0.3516928946113495 -1.88049853372434 -1.8608150470219436 -1.26019468560905 -0.08357309220441156 -0.25158061116965225 -0.09708737864077671 -0.2589413447782546 -0.14199547625031414 -0.12379642365887208 -0.23528048215113578 -0.27835429129532413 -0.21052631578947367 -0.03777861730260672 -0.12970168612191957 0.04495247880811713 -0.2075124770160231 0.09102921744237262 -0.09069449621070942 -0.20142873872818834 -0.1466208476517755 -0.1715451055662188 -0.032035485460818136 -0.1374312843578211 -0.10368663594470047 -0.0425 -0.1672455937218577 -0.0180255130338325 -0.048285852245292124 -0.10732617825478301 -0.00825861255309108 -0.21918139985468638 -0.023720349563046188 -0.15873015873015878 -0.0025100401606425655 -0.05950905033473841 -0.008942258559018906 -0.04981320049813201 -0.04608294930875576 0.005926979611190135 0.04392734180220824 -0.01610704993185479 -0.11612106238418776 -0.017226528854435832 -0.02389336016096579 0.03022670025188917 -0.13251115192862767 -0.05053340819764177 -0.0375610366846125 -0.07788689468337281 -0.002270405267340219 -0.14133848755738102 -0.06733608978145304 -0.0936711901044794 -0.12479920919312988 -0.02860340753637607 -0.11325451151213442 -0.08556008950901671
0.0012257906349595498 -0.08540285425328689 0.051072522982635336 -0.15055008685581936 -0.12870468768449642 -0.05794016790824169 -0.026967393969110076 -0.012134449702705984 -0.03843197540353575 -0.04844290657439447 -0.05691159731883141 -0.01835086860778077 -0.029726516052318668 -0.21185924753439672 -0.1785262091668777 0.07603630120186411 -0.086716594402838 -0.008952551477170992 -0.06574621959237345 -0.03743241369749063 -0.061255742725880545 -0.23809523809523814 -0.5871757925072046 -2.1249701884092533 -3.871962977246432 -0.8746021642266072 -0.23784214722296038 -0.048296898830706654 -0.2712815715622077 -0.09538950715421303 -0.044929396662387676 -0.37358715050565144 -1.1862184072484503 -2.0417888563049855 -1.7329153605015672 -1.0549855301236515 -0.04384162214001919 -0.26738672286617493 -0.08204567209079722 -0.2689556509298998 -0.1633576275446092 -0.15130674002751032 -0.2862772369031062 -0.3259675253326822 -0.18823529411764703 -0.0629643621710112 -0.10246433203631647 0.019265348060621627 -0.18387181507748884 0.05726031419762149 -0.0993912287240651 -0.2178241011828083 -0.14318442153493702 -0.17994241842610365 -0.027106949236076882 -0.14992503748125938 -0.08832565284178188 -0.05500000000000001 -0.14666152064839827 -0.02495840266222962 -0.055528730082085954 -0.1154923005132991 -0.014157621519584709 -0.22402518769677887 -0.029962546816479398 -0.1661706349206349 0.003765060240963855 -0.07810562856434417 -0.006387327542156362 -0.07195240071952402 -0.03968253968253969 -0.0059269796111901425 0.0557995963433456 -0.04088712675009292 -0.11117974058060531 -0.01722652885443584 0.0012575452716297787 0.0075566750629722955 -0.11151928627656785 -0.07439640651319483 -0.0375610366846125 -0.08353087255897955 0.011352026336701099 -0.14979463638560037 -0.05670407560543415 -0.1020775789600096 -0.11244285184727545 -0.04725780375575177 -0.10329807093963908 -0.09609056206397262
0.0 -0.0865265760197775 0.034048348655090224 -0.15286624203821655 -0.14051245719683553 -0.047298096251625864 -0.023290022064231426 -0.020628564494600172 -0.037150909556751224 -0.04567474048442907 -0.06702921461995699 -0.01223391240518718 -0.06064209274673009 -0.21916473882868628 -0.17979235249430237 0.035565366691194505 -0.08277493102089081 -0.02557871850620284 -0.06574621959237345 -0.05406904200748648 -0.06508422664624809 -0.2726375524302986 -0.6111911623439001 -2.1357023610779873 -3.405322020825299 -0.49649904519414384 -0.2112676056338028 -0.039400101677681744 -0.2659361218762529 -0.09105362046538515 -0.07445442875481387 -0.627007733491969 -1.9003338102050549 -2.0869990224828934 -1.5536050156739811 -0.847145488029466 -0.023290861761885197 -0.2726554267650158 -0.07794338848625736 -0.273247496423462 -0.1822065845689872 -0.2177900045850527 -0.4253592953175708 -0.38701013307288484 -0.19195046439628477 -0.08940939428283591 -0.0972762645914397 -0.0064217826868738755 -0.18781192540057787 0.038173542798414326 -0.11554230339172569 -0.23187726900105393 -0.140893470790378 -0.19193857965451055 -0.03696402168555939 -0.17116441779110445 -0.09344598054275474 -0.0725 -0.15824006175221922 -0.040210759844703264 -0.08087880251086432 -0.12249183387774147 -0.05427088249174139 -0.21554855897311698 -0.05617977528089887 -0.15997023809523808 -0.007530120481927717 -0.08430448797421275 -0.02043944813490036 -0.08025460080254601 -0.043522785458269334 0.003556187766714081 0.04392734180220824 -0.042126130591004826 -0.12353304508956145 0.008613264427217915 0.01006036217303823 0.018891687657430732 -0.0997113618472842 -0.058955642897248736 -0.03881307124076624 -0.0767580991082515 0.009081621069360881 -0.15583474269147138 -0.04843473124630834 -0.11648853128377565 -0.11244285184727545 -0.05969406790200223 -0.10329807093963908 -0.11056996182703697
-0.02329002206423143 -0.08765029778626812 0.019294064237884462 -0.14939200926462073 -0.15113944975794075 -0.02483150053210359 -0.015935278254474137 -0.014561339643247179 -0.037150909556751224 -0.040138408304498274 -0.06323510813203491 0.007340347443112305 -0.08561236623067778 -0.21672957506392304 -0.16586477589263104 0.029433406916850625 -0.07357771646301406 -0.024299782580892694 -0.052596975673898747 -0.05545542769998614 -0.07146503318019397 -0.2849740932642487 -0.5967819404418828 -2.1190078702599573 -2.7972747139735183 -0.2647994907702101 -0.17273452032952427 -0.01652262328418912 -0.2378725110249899 -0.06937418702124584 -0.13350449293966624 -0.8732897085068411 -2.3676680972818316 -2.1163245356793743 -1.3529780564263323 -0.7221783741120757 -0.027401013837511996 -0.2766069546891465 -0.09845480650895666 -0.28326180257510725 -0.19854234732344814 -0.2693718477762494 -0.630505331478906 -0.42241484556220243 -0.1808049535603715 -0.07807580909205389 -0.0907911802853437 0.0025687130747495484 -0.17336485421591805 0.052855674643958295 -0.12672381662318302 -0.24593043681929966 -0.15578465063001148 -0.20153550863723607 -0.04066042385411532 -0.17866066966516742 -0.07680491551459293 -0.07625 -0.14408851151421587 -0.0415973377703827 -0.09898599710284886 -0.12949136724218385 -0.061349693251533756 -0.20707193024945508 -0.0599250936329588 -0.15376984126984125 0.0 -0.09050334738408133 -0.015329586101175269 -0.08855680088556801 -0.06912442396313365 0.013039355144618302 0.02018283271993352 -0.04336513443191674 -0.13094502779493514 0.03445305770887166 0.01006036217303823 0.030226700251889164 -0.09183941222776175 -0.04351487928130265 -0.036309002128458744 -0.06998532565752344 0.0034056079010103294 -0.16187484899734236 -0.03071470761961016 -0.13089948360754172 -0.09390831582849377 -0.0721303320482527 -0.07840696950840075 -0.12504936159010133
-0.04535425349350331 -0.07753680188785257 0.012484394506866416 -0.14591777649102491 -0.14759711890423904 -0.007094714437743882 -0.00980632507967639 -0.0012134449702705997 -0.03971304125032027 -0.037370242214532876 -0.067029214619957 0.02202104232933692 -0.1141498216409037 -0.20211859247534397 -0.1468726259812611 0.04169732646553838 -0.055183287347260544 -0.012789359253101418 -0.03550295857988166 -0.051296270622487185 -0.07656967840735068 -0.2689365901801135 -0.5847742555235351 -2.0653470069162894 -2.1288083301195524 -0.10693825588796946 -0.13154398086633007 0.01779359430604982 -0.20847253775223837 -0.03902298019945079 -0.17458279845956354 -1.1731112433075548 -2.814735336194564 -2.096774193548387 -1.1322884012539185 -0.6143120231518021 -0.0095903548431292 -0.2568493150684932 -0.10392451798167646 -0.28183118741058655 -0.20733852726815782 -0.3897294818890417 -0.8321743161798796 -0.4541570015871078 -0.17089783281733745 -0.06044578768417076 -0.08041504539559015 0.012843565373747746 -0.16548463356973997 0.0557921010130671 -0.10684557087836999 -0.24593043681929969 -0.1580756013745704 -0.19793666026871398 -0.025874815179891562 -0.15992003998000998 -0.03712237583205325 -0.06375 -0.12607744757493888 -0.036051026067665005 -0.09174311926605504 -0.1236584227718152 -0.05545068428504012 -0.20343908936788568 -0.04868913857677903 -0.12524801587301587 0.008785140562248998 -0.06074882221671213 -0.014052120592744 -0.06503390065033901 -0.0819252432155658 0.024893314366998577 0.017808381811706048 -0.035931111386445294 -0.12723903644224827 0.05537098560354374 0.02012072434607646 0.037783375314861464 -0.07740750459197063 -0.04070746771476699 -0.03130086390384375 -0.050795800880460554 -0.00227040526734022 -0.16066682773616817 -0.015357353809805083 -0.12129218205836437 -0.08031632274805388 -0.05845044148737719 -0.07093963907902925 -0.1184678162432539
-0.040451090953665114 -0.06180469715698393 0.02837362387924185 -0.1470758540822235 -0.08619671744007557 -3.469446951953614e-18 0.014709487619514586 0.01334789467297658 -0.016653856008198818 -0.016608996539792385 -0.0771468319210826 0.02324443356985564 -0.12366230677764567 -0.1765493729453306 -0.12154975943276783 0.050282070149619815 -0.06043883852319012 -0.011510423327791277 -0.04339250493096647 -0.0388187993899903 -0.07529351710056151 -0.23809523809523814 -0.5631604226705091 -1.968757452897687 -1.5349016583108364 -0.008911521323997442 -0.09566834972096733 0.04702592780884596 -0.1763998396365094 -0.002890591125885244 -0.20154043645699615 -1.4312908982748365 -3.0281354315689084 -2.0405669599217986 -0.90282131661442 -0.5261773217574321 0.0054802027675023915 -0.2265542676501581 -0.09571995077259675 -0.25608011444921314 -0.22618748429253582 -0.7038055937643283 -1.1161335187760781 -0.46392381882554024 -0.1547987616099071 -0.04029719178944717 -0.06874189364461739 0.016696634985872073 -0.15497767270816917 0.06313316693583908 -0.09566405764691266 -0.23890385291017685 -0.17067583046964488 -0.18474088291746638 0.008624938393297189 -0.1336831584207896 -0.007680491551459291 -0.0325 -0.10292036536729705 -0.006932889628397114 -0.08932882665379044 -0.13299113392440504 -0.04955167531854649 -0.20949382417050133 -0.01997503121098627 -0.11904761904761904 0.021335341365461846 -0.05331019092486983 0.005109862033725087 -0.038743600387436 -0.08832565284178188 0.04504504504504504 0.01780838181170604 -0.016107049931854793 -0.0840024706609018 0.07136704811123416 0.027665995975855128 0.05289672544080605 -0.06166360535292574 -0.02807411566535654 -0.027544760235382493 -0.041765436279489775 -0.01929844477239187 -0.16308287025851653 0.009450679267572357 -0.12489492013930588 -0.07166687260595578 -0.057206815072752146 -0.059738643434972 -0.11583519810451492
-0.03677371904878647 -0.03820654006068097 0.0215639541482238 -0.14128546612623044 -0.03306175463454954 0.023649048125812935 0.036773719048786464 0.03518990413784735 -0.006405329233922624 0.008304498269896194 -0.09105855571013027 0.0342549547345241 -0.12841854934601665 -0.13028126141483015 -0.0810331729551785 0.07603630120186412 -0.047299960583366184 0.0025578718506202823 -0.03155818540433925 -0.01940939969499515 -0.06508422664624809 -0.19368369109301753 -0.548751200768492 -1.800620081087527 -0.9204267900758449 0.0547422024188415 -0.04251926654265213 0.06990340620233858 -0.13229987972738205 0.020234137881196705 -0.22079589216944803 -1.5240928019036288 -3.078206962327134 -1.9538123167155426 -0.6808777429467086 -0.4472507234938174 0.03151116591313878 -0.20547945205479454 -0.0793108163544373 -0.23748211731044347 -0.2651419954762503 -1.2677670793214122 -1.4348632359758926 -0.459040410206324 -0.1572755417956656 -0.027704319355244932 -0.07392996108949416 0.005137426149499097 -0.16417126346204364 0.05726031419762151 -0.09442166728786186 -0.25998360463754533 -0.19014891179839633 -0.1883397312859885 0.016017742730409068 -0.12868565717141428 0.0012800819252432177 -0.0325 -0.08876881512929372 -0.004159733777038271 -0.08691453404152583 -0.13765748950069995 -0.03893345917885795 -0.22281424073625575 0.004993757802746568 -0.10788690476190477 0.06275100401606426 -0.03967270022315894 0.03960143076136945 -0.017988100179881 -0.09600614439324118 0.05808440018966334 -0.007123352724682413 -0.01362904225003098 -0.07041383570105003 0.08490217792543375 0.028923541247484908 0.06171284634760704 -0.05510364733665705 -0.01965188096574958 -0.01878051834230625 -0.034992662828761706 -0.014757634237711434 -0.14858661512442617 0.034258712344949795 -0.11528761859012851 -0.04818979364883232 -0.05347593582887701 -0.031113876789047912 -0.10398841648018953
-0.034322137778867376 -0.05281492302505899 0.031778458744750875 -0.15865662999420962 1.3877787807814458e-18 0.016554333688069058 0.057612159843098795 0.018201674554058973 0.010248526774276196 0.0013840830449826983 -0.08599974705956748 0.024467824810374357 -0.11533888228299645 -0.11810544259101426 -0.04304887313243859 0.06745155751778267 -0.021022204703718305 -0.014068295178411561 -0.011834319526627224 -0.020795785387494804 -0.05870342011230221 -0.20231926967678265 -0.5235350624399617 -1.5108514190317197 -0.4653554441444915 0.056015276893698285 -0.010629816635663019 0.05592272496187086 -0.10690899371909661 -0.004335886688827865 -0.24005134788189988 -1.5585960737656157 -3.0793991416309012 -1.7949657869012707 -0.45893416927899666 -0.40515653775322286 0.06165228113440198 -0.20547945205479454 -0.06290168193627786 -0.24034334763948495 -0.3078662980648404 -1.9222833562585968 -1.7060732498840985 -0.4627029666707362 -0.15108359133126933 -0.02518574486840448 -0.07133592736705577 -0.008990495761623436 -0.17599159443131077 0.05138746145940391 -0.11057274195552243 -0.34313151422883237 -0.24971363115693013 -0.23032629558541268 0.007392804337111878 -0.14992503748125938 0.0012800819252432177 -0.051250000000000004 -0.08490930142802007 -0.024958402662229616 -0.09657170449058425 -0.1434904339710686 -0.03539405379896177 -0.23007992249939452 0.01747815230961298 -0.11904761904761904 0.08785140562248997 -0.05083064716092239 0.05237608584568217 -0.022139200221392 -0.10496671786994367 0.02252252252252252 -0.022557283628160982 -0.035931111386445294 -0.053119209388511425 0.07874984619170668 0.03646881287726358 0.04408060453400503 -0.049855680923642086 -0.02667040988208872 -0.026292725679228746 -0.039507845129247085 -0.013622431604041318 -0.15945880647499394 0.04370939161252215 -0.14170769785036627 -0.04077597924131966 -0.079592090536003 -0.031113876789047916 -0.12110043438199287
-0.025741603334150532 -0.06180469715698393 0.029508568834411532 -0.17139548349739434 0.011807769512339118 0.003547357218871941 0.0551605785731797 0.006067224851352993 -0.0025621316935690503 -0.004152249134948095 -0.07588212975844187 0.015904086126743332 -0.09988109393579074 -0.10958236941434311 -0.022790579893643963 0.06377238165317636 -0.015766653527788728 -0.019184038879652126 -0.014464168310322156 -0.024954942464993763 -0.05997958141909138 -0.1998519615099926 -0.48991354466858794 -1.0290961125685667 -0.21339503792261216 0.07256524506683641 -0.006643635397289393 0.054651753940010164 -0.10423626887611923 -0.00867177337765573 -0.23876765083440307 -1.5466983938132062 -3.0591320934668573 -1.4565004887585533 -0.2783699059561128 -0.37490134175217055 0.07809288943690916 -0.20152792413066387 -0.061534254068097906 -0.22746781115879827 -0.3543603920583061 -2.471343420449335 -1.9204914232730648 -0.4492735929678916 -0.1609907120743034 -0.02518574486840448 -0.0907911802853437 -0.023118417672745955 -0.2009456264775414 0.027896050506533543 -0.13169337805938627 -0.5562712261388921 -0.35051546391752575 -0.263915547024952 -0.002464268112370628 -0.14992503748125938 -0.005120327700972859 -0.06499999999999999 -0.09906085166602341 -0.04575707154742096 -0.10019314340898118 -0.15515632291180587 -0.04483246814535158 -0.2325018164204408 0.01622971285892634 -0.12896825396825398 0.08283132530120482 -0.07066699727250186 0.048543689320388356 -0.04151100041511 -0.11136712749615976 -0.02252252252252252 -0.04867624361866317 -0.06318919588650725 -0.048177887584928976 0.06890611541774333 0.02515090543259557 0.03400503778337531 -0.0669115717659407 -0.040707467714766986 -0.03380493301615125 -0.055310983180945926 -0.020433647406061985 -0.1739550616090843 0.04016538688718252 -0.14771226131860213 -0.04818979364883232 -0.08083571695062804 -0.04729309271935283 -0.12504936159010133
-0.026967393969110076 -0.06517586245645578 0.01815911928271478 -0.15865662999420962 0.02125398512221041 0.0023649048125812975 0.049031625398381955 0.006067224851352991 -0.006405329233922624 -0.002768166089965396 -0.0695586189452384 0.02324443356985564 -0.09393579072532701 -0.101059296237672 -0.006330716637123322 0.06867794947265146 0.0013138877939823938 -0.024299782580892694 -0.026298487836949373 -0.02772771384999307 -0.05359877488514547 -0.20478657784357268 -0.4166666666666667 -0.6212735511566898 -0.11183956806787505 0.0674729471674093 0.003986181238373634 0.045754956786985254 -0.08419083255378859 -0.015898251192368842 -0.2310654685494223 -1.516954193932183 -3.0066762041010966 -0.9787390029325514 -0.16802507836990593 -0.33017626940278877 0.08083299082066035 -0.17518440463645943 -0.06290168193627786 -0.19742489270386265 -0.38954511183714496 -3.010087116001834 -2.0503013444598985 -0.45781955805151997 -0.1523219814241486 -0.021407883138143808 -0.08690012970168612 -0.035961983046493715 -0.2127659574468085 0.01615034503009837 -0.1639955273947074 -0.7717531326853261 -0.5280641466208477 -0.28670825335892514 -0.011089206505667817 -0.16241879060469766 -0.008960573476702507 -0.09125000000000001 -0.11321240190402677 -0.06655574043261231 -0.11347175277643651 -0.16682221185254315 -0.06488909863142991 -0.23371276338096392 0.0037453183520599247 -0.11532738095238097 0.07781124497991967 -0.058269278452764695 0.04087889626980072 -0.03735990037359901 -0.13696876600102406 -0.07112375533428165 -0.10091416359966757 -0.06442819972741916 -0.05806053119209389 0.06275378368401624 0.016348088531187122 0.015113350125944586 -0.08527945421149305 -0.05755193711398091 -0.037561036684612505 -0.06772773450728073 -0.028380065841752754 -0.17274704034791008 0.04134672179562906 -0.15251591209319082 -0.04077597924131966 -0.08829747543837832 -0.04604853764779092 -0.12110043438199289
-0.028193184604069627 -0.06967074952241825 -0.0022698899103393497 -0.1343370005790388 0.0389656393907191 0.005912262031453239 0.06496690365285608 0.0012134449702705969 0.01921598770176787 0.013840830449826994 -0.06576451245731632 0.022021042329336916 -0.1046373365041617 -0.0998417143552904 6.938893903907229e-19 0.05764042187883247 0.022336092497700695 -0.021741910730272408 -0.009204470742932283 -0.023568556772494115 -0.03190403266972945 -0.1912163829262275 -0.2653698366954851 -0.404245170522299 -0.06170458927882762 0.07638446849140676 0.03321817698644699 0.058464667005592275 -0.05612722170252572 -0.011562364503540975 -0.22207958921694484 -1.4693634741225459 -2.856461611826419 -0.5620723362658847 -0.08401253918495297 -0.30123651670613 0.11234415673379913 -0.15806111696522657 -0.02734855736359907 -0.18025751072961374 -0.40336768032168885 -3.3287482806052267 -2.102457116365323 -0.459040410206324 -0.12879256965944275 -0.02392645762498426 -0.07133592736705578 -0.042383765733367586 -0.19437877593905964 0.013213918660989577 -0.17517704062616474 -1.1652418315962056 -0.7514318442153494 -0.29750479846449135 -0.006160670280926565 -0.16241879060469766 0.012800819252432158 -0.0925 -0.096487842531841 -0.07348863006100942 -0.1122646064703042 -0.1819878674755016 -0.09438414346389808 -0.2421893921046258 0.019975031210986267 -0.11904761904761904 0.10793172690763053 -0.061988594098685845 0.0740929994890138 -0.040127300401273006 -0.13568868407578086 -0.11853959222380275 -0.15315208358067198 -0.0557551728410358 -0.05435453983940704 0.056601451950289136 0.032696177062374245 3.4694469519536144e-19 -0.07084754657570193 -0.06878158338012352 -0.025040691123075 -0.07111412123264477 -0.035191281643773414 -0.16187484899734234 0.046072061429415244 -0.1489131740122493 -0.027183986160879775 -0.08207934336525308 -0.03235843186060983 -0.11188627089640649
-0.040451090953665114 -0.07753680188785259 -0.023833844058563165 -0.12044006948465547 0.03424253158578345 0.008277166844034529 0.05883795047805836 0.006067224851352991 0.015372790161414292 0.026297577854671284 -0.058176299481472106 0.01957425984829949 -0.10582639714625446 -0.07061974917813221 0.0177260065839453 0.06990434142752024 0.055183287347260544 -0.010231487402481131 0.024983563445101907 -0.004159157077498962 -0.025523226135783568 -0.156674068591167 -0.16090297790585978 -0.33985213450989743 -0.0488494665124052 0.10439210693825589 0.0451767207015679 0.0775292323335028 -0.03875451022317252 0.0028905911258852433 -0.20924261874197692 -1.4098750743604995 -2.0231282784930853 -0.3726783968719452 -0.0664576802507837 -0.26835043409629045 0.11645430880942594 -0.12644889357218123 -0.023246273759059206 -0.15307582260371957 -0.3794923347574768 -3.2920678587803756 -2.0236439499304595 -0.41386888047857406 -0.11517027863777089 -0.018889308651303362 -0.06485084306095981 -0.04752119188286669 -0.1878119254005779 0.026427837321979154 -0.18138899242141882 -1.3795526408244527 -1.066437571592211 -0.31669865642994244 -0.02094627895515032 -0.14992503748125938 0.01152073732718894 -0.095 -0.09906085166602342 -0.06794231835829173 -0.12433606953162724 -0.2881474568362109 -0.4164700330344502 -0.28820537660450474 -2.7755575615628915e-18 -0.1202876984126984 0.09914658634538151 -0.061988594098685845 0.06770567194685743 -0.026290300262903 -0.14336917562724016 -0.11616880037932668 -0.16027543630535437 -0.045843142113740555 -0.05188387893761581 0.05660145195028915 0.04652917505030181 -0.006297229219143577 -0.052479664130149574 -0.06457046603032005 -0.036309002128458744 -0.09030364600970765 -0.07946418435690772 -0.14737859386325197 0.044890726520968705 -0.13330130899483605 -0.014827628815025334 -0.06715582638975252 -0.018668326073428748 -0.09477425299460315
-0.05516057857317971 -0.06854702775592764 -0.04539779820678698 -0.09843659525188186 0.02479631597591215 0.024831500532103583 0.05148320666830105 0.01941511952432957 0.011529592621060722 0.035986159169550176 -0.04932338434298723 0.013457303645705899 -0.08323424494649226 -0.04018020211859247 0.04051658647758926 0.08952661270542064 0.06963605308106688 0.015347231103721704 0.03550295857988166 0.019409399694995146 -0.02552322613578356 -0.11843079200592152 -0.13328530259365995 -0.28976866205580726 -0.03342331919269829 0.13239974538510504 0.05182035609885729 0.09532282663955263 -0.024054523586796737 0.020234137881196705 -0.17971758664955068 -1.1433670434265317 -1.3221268478779207 -0.28714565004887577 -0.03510971786833855 -0.22757169166008945 0.13152486642005753 -0.08693361433087461 -0.008204567209079718 -0.12160228898426322 -0.3631565720030158 -3.2141219624025674 -1.8648585999072793 -0.33451349041631057 -0.08544891640866872 0.013852159677622464 -0.05447470817120622 -0.020549704597996404 -0.17599159443131077 0.03817354279841433 -0.1838737731395204 -1.4111722684155052 -1.2176403207331044 -0.32629558541266795 -0.02464268112370626 -0.1374312843578211 0.014080901177675373 -0.09125000000000001 -0.0874823105622025 -0.05823627287853578 -0.11950748430709801 -0.33247783481101256 -0.9379424256724871 -0.34996367159118436 -0.0024968789013732813 -0.11532738095238096 0.10165662650602407 -0.05702950657079098 0.07664793050587634 -0.022139200221391996 -0.16001024065540195 -0.13513513513513514 -0.17452214175471922 -0.07186222277289059 -0.06300185299567634 0.04921865386981666 0.04401408450704225 0.007556675062972293 -0.05641563893991079 -0.05755193711398091 -0.04632527857768874 -0.09594762388531437 -0.10670904756499038 -0.14617057260207778 0.03898405197873598 -0.12129218205836434 -0.021005807487952555 -0.04352692451187663 -0.024891101431238332 -0.07108068974595236
-0.03554792841382691 -0.06742330598943702 -0.034048348655090224 -0.09148812970469021 0.04368874719565473 0.023649048125812935 0.061289531747977445 0.03154956922703556 0.032026646169613114 0.047058823529411764 -0.046793980017705836 0.0048935649620748724 -0.059453032104637336 -0.02556921953001339 0.049379589769561916 0.09933774834437085 0.07094994087504927 0.0396470136846144 0.03550295857988166 0.03743241369749064 -0.007656967840735068 -0.076486553170491 -0.14048991354466858 -0.2575721440496065 -0.021853708702918112 0.1413112667091025 0.05846399149614669 0.10549059481443823 -0.021381798743819323 0.028905911258852435 -0.13093709884467264 -0.8673408685306363 -0.8571769194086787 -0.19794721407624633 5.551115123125783e-18 -0.18021573270192054 0.1698862857925743 -0.0368809272918862 0.03965540817721865 -0.07725321888412018 -0.33551143503392816 -3.133883539660706 -1.6458043579044972 -0.2588206568184593 -0.07058823529411765 0.0365193300591865 -0.04409857328145266 0.005137426149499103 -0.17205148410822171 0.04991924827484951 -0.16772269847185983 -1.4053167818245693 -1.240549828178694 -0.35148752399232247 -0.032035485460818136 -0.1374312843578211 0.0076804915514592925 -0.08625 -0.09005531969638493 -0.045757071547420966 -0.11709319169483341 -0.37680821278581433 -1.4417177914110428 -0.4989101477355292 -0.024968789013732836 -0.12896825396825395 0.09914658634538152 -0.05702950657079098 0.09070005109862035 -0.019371800193718 -0.15873015873015875 -0.1541014698909436 -0.21607503264870004 -0.09788130343204064 -0.08153180975911058 0.041835855789344165 0.03898390342052314 0.021410579345088162 -0.05641563893991079 -0.05053340819764177 -0.0425691749092275 -0.10159160176092111 -0.08627540015892836 -0.14496255134090358 0.030714707619610166 -0.10928305512189262 -0.03830470777214877 -0.01989802263400074 -0.04107031736154325 -0.04738712649730158
-0.01593527825447414 -0.07079447128890888 -0.02269889910339349 -0.089171974522293 0.06258117841539734 0.016554333688069058 0.07109585682765383 0.024268899405411964 0.05252369971816552 0.03875432525951557 -0.04426457569242444 0.0048935649620748724 -0.0356718192627824 0.0024351637647631818 0.058242593061534564 0.10792249202845228 0.07226382866903167 0.05755211663895639 0.03550295857988166 0.05961458477748509 0.010209290454313425 -0.06661732050333088 -0.14769452449567724 -0.2325304078225614 -0.010284098213137935 0.13112667091024827 0.06510762689343609 0.10040671072699543 -0.018709073900841904 0.02601532013296719 -0.08215661103979459 -0.5413444378346223 -0.39222699093943736 -0.15640273704789834 0.035109717868338566 -0.17232307287555906 0.2082477051650911 -0.03161222339304531 0.08751538356351703 -0.07582260371959944 -0.30786629806484045 -2.97111416781293 -1.4267501159017153 -0.183127823220608 -0.055727554179566555 0.04911220249338873 -0.03372243839169908 0.024402774210120732 -0.16811137378513266 0.07487887241227427 -0.16896508883091063 -1.3900925166881366 -1.2714776632302405 -0.3646833013435701 -0.048053228191227204 -0.13993003498250872 -0.0012800819252432156 -0.08249999999999999 -0.09262832883056735 -0.02773155851358846 -0.13037180106228874 -0.40830611292580504 -1.9561113732892874 -0.8367643497214822 -0.04993757802746567 -0.1636904761904762 0.10416666666666666 -0.08926357550210762 0.10475217169136433 -0.04151100041511 -0.16001024065540198 -0.17306780464675203 -0.2718746289920456 -0.1474414570685169 -0.10376775787523163 0.03199212501538083 0.04024144869215292 0.018891687657430732 -0.05379165573340331 -0.0421111734980348 -0.060097658695379995 -0.12078112653798398 -0.07492337382222727 -0.16429089151969073 0.014176018901358533 -0.11288579320283414 -0.044482886445075996 -0.018654396219375695 -0.05600497822028625 -0.04212189021982361
-0.01593527825447414 -0.0786605236543432 -0.022698899103393486 -0.08569774174869717 0.0590388475616956 0.015371881281778405 0.06741848492277518 0.01941511952432957 0.04099410709710479 0.03044982698961938 -0.04047046920450234 0.003670173721556154 -0.029726516052318665 0.004870327529526359 0.07976702962775387 0.10301692420897719 0.09328603337274996 0.06266786034019696 0.05259697567389874 0.06100097046998475 0.016590096988259313 -0.06908462867012091 -0.15970220941402496 -0.21822084426424992 0.006427561383211211 0.1387651177593889 0.07175126229072548 0.11184544992374175 -0.02271816116530803 0.030351206821795058 -0.05776636713735557 -0.26055919095776314 -0.17286599904625657 -0.12829912023460413 0.048902821316614414 -0.16574585635359115 0.22194821208384713 -0.02634351949420442 0.10392451798167646 -0.06723891273247495 -0.27645136969087714 -2.6283814763869784 -1.1265646731571626 -0.12696862409962154 -0.028482972136222896 0.061705074927590975 -0.014267185473411154 0.04366812227074236 -0.15235093249277648 0.09396564381148144 -0.17020747918996143 -1.3760393488698912 -1.2668957617411225 -0.3862763915547025 -0.06530310497782157 -0.14492753623188406 -0.019201228878648235 -0.08625 -0.1067798790685707 -0.030504714364947304 -0.1484789956542733 -0.4199720018665423 -2.2522416234072677 -1.3720029062727055 -0.11360799001248441 -0.18849206349206352 0.08910642570281124 -0.10538060996776592 0.0919775166070516 -0.055348000553480006 -0.16129032258064518 -0.19559032716927455 -0.32767422533539114 -0.27258084500061946 -0.12600370599135266 0.015996062507690412 0.033953722334004025 0.016372795969773302 -0.06691157176594069 -0.04070746771476698 -0.07762614248153249 -0.12981149113895474 -0.06357134748552618 -0.18603527422082627 -0.002362669816893087 -0.11408670589648132 -0.05066106511800321 -0.016167143390125604 -0.07093963907902925 -0.044754508358562595
-0.019612650159352783 -0.08427913248679628 -0.03745318352059925 -0.08685581933989577 0.04486952414688865 0.009459619250325173 0.061289531747977445 0.01577478461351778 0.03843197540353574 0.02491349480968858 -0.03794106487922094 0.008563738683631025 -0.04994054696789536 0.004870327529526359 0.07090402633578122 0.09933774834437084 0.08803048219682039 0.07289934774267809 0.039447731755424056 0.06377374185498405 -0.0012761613067891822 -0.08265482358746609 -0.1729106628242075 -0.21941330789410923 -0.005142049106568965 0.1413112667091025 0.05314908317831518 0.12074224707676666 -0.04142723506614994 0.03613238907356554 -0.03080872913992299 -0.12611540749553837 -0.11564139246542679 -0.12218963831867058 0.04388714733542319 -0.1696921862667719 0.2233182627757227 -0.023709167544783978 0.11076165732257622 -0.06580829756795421 -0.22995727569741145 -2.0277395690050435 -0.8240611961057024 -0.08668050299108779 -0.02105263157894736 0.07681652184863366 0.0025940337224383938 0.07192396609298742 -0.14578408195429474 0.1174570547643518 -0.16772269847185983 -1.333879845415154 -1.2542955326460479 -0.3934740882917467 -0.08994578610152784 -0.14117941029485256 -0.035842293906810034 -0.07499999999999998 -0.12093142930657404 -0.026344980587909034 -0.16417189763399326 -0.4141390573961736 -2.3820198206701275 -1.9544683942843304 -0.23720349563046192 -0.22321428571428573 0.03765060240963855 -0.12769650384329284 0.04854368932038834 -0.074719800747198 -0.1715309779825909 -0.20862968231389284 -0.3941588507657604 -0.519142609342089 -0.1951822112415071 -5.551115123125783e-18 0.015090543259557342 0.01763224181360202 -0.08659144581474679 -0.04351487928130263 -0.09265055715537748 -0.14222824246528956 -0.07378817118855717 -0.20536361439961343 -0.034258712344949795 -0.13089948360754172 -0.07537377980971209 -0.028603407536376073 -0.09831985065339141 -0.06318283532973543
-0.01225790634959549 -0.0730419148218901 -0.02837362387924186 -0.07295888824551246 0.047231078049356466 0.021284143313231633 0.0527089973032606 0.027909234316223764 0.037150909556751224 0.03044982698961938 -0.021499936764891866 0.01101052116466846 -0.04994054696789536 -0.0048703275295263635 0.08229931628260319 0.10056414029923962 0.10248324793062671 0.07289934774267808 0.044707429322813935 0.051296270622487185 0.011485451761102602 -0.07401924500370097 -0.15129682997118157 -0.21464345337467208 0.016711659596349147 0.15531508593252705 0.05580653733723094 0.13345195729537368 -0.048109047173593475 0.047694753577106515 0.010269576379974327 -0.07376561570493753 -0.0703385789222699 -0.1099706744868035 0.0702194357366771 -0.16574585635359115 0.2356487190026031 -0.0184404636459431 0.12170108026801585 -0.060085836909871224 -0.15456144759989948 -1.3571756075194865 -0.5192396847473344 -0.05127579050177024 0.009907120743034058 0.08185367082231457 0.02983138780804151 0.08348317492936039 -0.10900971893879696 0.12332990750256938 -0.12423903590508137 -1.2483897411874927 -1.172966781214204 -0.38507677543186186 -0.0763923114834894 -0.13368315842078962 -0.02816180235535074 -0.061249999999999985 -0.11578541103820919 -0.018025513033832503 -0.15210043457267022 -0.41297246850209984 -2.4032562529495047 -2.5320900944538627 -0.40074906367041196 -0.2418154761904762 0.013805220883534133 -0.13761467889908258 0.03321410321921309 -0.08025460080254601 -0.1625704045058884 -0.21337126600284498 -0.39890775258221534 -0.7954404658654443 -0.2804200123533045 -0.034453057708871665 0.0012575452716297778 0.0075566750629722955 -0.090527420624508 -0.054744525547445244 -0.07011393514460999 -0.15125860706626032 -0.07151776592121696 -0.21381976322783278 -0.04016538688718252 -0.1357031343821304 -0.06301742246385765 -0.031090660365626167 -0.08836341008089607 -0.060550217190996444
-0.004903162539838199 -0.06967074952241822 -0.029508568834411525 -0.06369426751592358 0.05549651670799386 0.026013952938394223 0.07599901936749202 0.03276301419730615 0.06021009479887266 0.02768166089965398 -0.013911723789047679 0.004893564962074871 -0.04756242568370987 -0.020698892000487034 0.10635603950367181 0.09933774834437085 0.12219156484036262 0.07289934774267808 0.0670611439842209 0.05268265631498683 0.026799387442572743 -0.06044905008635578 -0.16090297790585978 -0.22537562604340572 0.035994343745982774 0.16804583068109485 0.08105235184693063 0.14361972547025928 -0.029399973272751567 0.0607024136435901 0.02952503209242619 -0.07376561570493753 -0.05841678588459703 -0.10630498533724339 0.08025078369905955 -0.163114969744804 0.2424989724619811 -0.02766069546891465 0.13674278681799534 -0.07439198855507868 -0.09173159085197287 -0.7955066483264559 -0.2758460825220213 -0.04395067757294592 0.05077399380804955 0.0881501070394157 0.06355382619974059 0.09761109684048293 -0.07092198581560283 0.13801203934811335 -0.09690644800596346 -1.0282234453683101 -1.0756013745704465 -0.3646833013435701 -0.08378511582060129 -0.13493253373313346 -0.017921146953405014 -0.047499999999999994 -0.10034735623311464 -0.0013865779256794235 -0.14123611781747947 -0.4164722351843211 -2.418593676262388 -2.926858803584403 -0.682896379525593 -0.2802579365079365 0.0025100401606425694 -0.1475328539548723 0.02171691364333164 -0.07610350076103499 -0.16769073220686126 -0.19559032716927455 -0.40959278166923896 -1.0667823070251519 -0.4533662754786906 -0.06521471637750707 -0.01006036217303823 0.001259445843828716 -0.08921542902125426 -0.04912970241437395 -0.06385376236384124 -0.14787222034089625 -0.08286979225791805 -0.23194008214544573 -0.054341405788541054 -0.14651134862495496 -0.05066106511800321 -0.0373087924387514 -0.074673304293715 -0.05265236277477951
-1.5612511283791264e-18 -0.047196314192605913 -0.01815911928271479 -0.049797336421540245 0.06140040146416342 0.050845453470497806 0.08580534444716842 0.05460502366217692 0.06917755572636433 0.051211072664359855 -0.01391172378904768 0.012233912405187179 -0.04161712247324615 -0.029221965177158166 0.11142061281337046 0.0968849644346333 0.12481934042832743 0.0767361555186085 0.08152531229454306 0.05406904200748649 0.043389484430832057 -0.037009622501850484 -0.1452929875120077 -0.23133794419270215 0.06041907700218537 0.17823042647994908 0.09832580387988307 0.14997458057956276 -0.014699986636375787 0.07226477814713109 0.04878048780487805 -0.04997025580011897 -0.06318550309966617 -0.09530791788856305 0.09655172413793103 -0.1433833201789003 0.2534593779969859 -0.018440463645943102 0.1531519212361548 -0.06437768240343349 -0.0314149283739633 -0.22696011004126543 -0.12285581826611033 -0.026858747405689175 0.0718266253869969 0.08940939428283592 0.07263294422827497 0.10660159260210636 -0.05647491463094301 0.14535310527088535 -0.04099888184867687 -0.7986883710036301 -0.8946162657502861 -0.35388675623800386 -0.07762444553967472 -0.15117441279360322 0.002560163850486431 -0.045 -0.06689823748874309 0.009706045479755962 -0.13278609367455335 -0.38964069062062523 -2.4056158565361017 -3.110922741583919 -1.0674157303370788 -0.3149801587301587 -0.013805220883534142 -0.15125216960079343 0.021716913643331625 -0.06503390065033901 -0.1651305683563748 -0.15291607396870552 -0.40365665439867027 -1.2303308140255236 -0.7473749227918468 -0.11320290390057833 -0.04652917505030181 -0.013853904282115869 -0.11283127787982157 -0.058955642897248736 -0.05634155502691873 -0.14561462919065357 -0.07946418435690772 -0.2476443585407103 -0.06024808033077378 -0.17293142788519272 -0.04695415791424688 -0.05347593582887701 -0.06098319850653391 -0.06449914439910491
0.013483696984555038 -0.040453983593662216 2.7755575615628915e-18 -0.049797336421540245 0.06140040146416341 0.05439281068936974 0.08825692571708751 0.058245358572988716 0.06277222649244171 0.05674740484429066 0.0 0.031808172253486665 -0.021403091557669448 -0.019481310118105444 0.11395289946821978 0.10792249202845228 0.11824990145841548 0.0831308351451592 0.07889546351084811 0.049909884929987526 0.06636038795303725 -0.0037009622501850527 -0.12247838616714697 -0.23133794419270215 0.0732741997686078 0.19859961807765752 0.10098325803879885 0.1626842907981698 -0.013363624214887081 0.08816302933949992 0.06803594351732992 -0.05710886377156453 -0.054840247973295175 -0.09897360703812316 0.09529780564263321 -0.14206787687450673 0.2548294286888615 -0.0184404636459431 0.1408450704225352 -0.07296137339055794 0.01759235988941945 0.11806510774873913 -0.024339360222531296 0.0061042607740202735 0.08792569659442726 0.10955799017755949 0.07652399481193257 0.13228872334960187 -0.052534804307853955 0.1629716634855381 0.008696732513355693 -0.3864621150017567 -0.6460481099656358 -0.33949136276391556 -0.07885657959586002 -0.16491754122938534 -0.012800819252432158 -0.052500000000000005 -0.060465714653287025 0.00415973377703827 -0.11105746016417191 -0.36980867942137186 -2.3690420009438418 -3.1654153548074597 -1.5106117353308364 -0.3869047619047619 -0.0665160642570281 -0.16984874783039922 -0.020439448134900357 -0.06918500069184999 -0.14464925755248337 -0.11616880037932668 -0.3810993707705093 -1.3009540329575022 -1.1179740580605313 -0.19072228374553957 -0.07671026156941649 -0.026448362720403025 -0.12201521910259774 -0.06878158338012352 -0.05008138224615 -0.1365842645896828 -0.06584175275286638 -0.2633486349359749 -0.0767867690490254 -0.1909451182899003 -0.07166687260595578 -0.06839945280437756 -0.07093963907902924 -0.08161116230090826
0.024515812699190974 -0.028093044162265424 0.020429009193054137 -0.052113491603937454 0.06730428622033297 0.04848054865791652 0.09561166952684481 0.05945880354325931 0.06533435818601077 0.05536332179930796 0.0025294043252813954 0.04404208465867384 -0.0202140309155767 -0.03287471082430293 0.10002532286654849 0.10792249202845228 0.09854158454867953 0.09080445069702006 0.05522682445759369 0.04020518508248995 0.07401735579377233 0.011102886750555142 -0.12968299711815562 -0.2384927259718579 0.05013497878904745 0.19732654360280072 0.08105235184693063 0.1563294356888663 -0.04409995990912735 0.08671773377655731 0.08857509627727857 -0.019036287923854853 -0.034573199809251304 -0.08553274682306941 0.09529780564263322 -0.1302288871349645 0.2589395807644883 -0.015806111696522657 0.14221249829071517 -0.07725321888412016 0.018848957024377985 0.1203576341127923 -0.020862308762169685 0.026858747405689175 0.07430340557275542 0.12592872434202243 0.06355382619974059 0.15412278448497302 -0.06960861570790648 0.1629716634855381 0.0360293204124736 -0.1522426513643284 -0.3195876288659794 -0.30110364683301344 -0.07269590931493346 -0.18865567216391804 -0.02816180235535074 -0.052500000000000005 -0.07976328315965522 0.005546311702717695 -0.08812168034765813 -0.2554829678021465 -2.0469561113732895 -3.1109227415839187 -1.649188514357054 -0.8060515873015873 -0.12550200803212852 -0.18844532606000494 -0.03576903423607563 -0.07748720077487199 -0.14592933947772657 -0.12209577999051682 -0.38347382167873684 -1.307149052162062 -1.2970969734403952 -0.5549403223821828 -0.15342052313883298 -0.04785894206549118 -0.15875098399370244 -0.07580011229646265 -0.045073244021534994 -0.12868269556383338 -0.03405607901010331 -0.28267697511476203 -0.09805079740106319 -0.22817341179296263 -0.10626467317434822 -0.07710483770675289 -0.10454262601120101 -0.08950901671712519
0.014709487619514582 -0.028093044162265417 0.0397230734309386 -0.06485234510712218 0.057858070610461686 0.02837885775097553 0.08948271635204706 0.04732435384055333 0.061491160645657184 0.044290657439446365 -0.008852915138484886 0.04526547589919256 -0.022592152199762197 -0.05235602094240838 0.08356545961002786 0.08216826097620801 0.08803048219682039 0.07417828366798823 0.04207758053911901 0.026341328157493415 0.07401735579377233 0.018504811250925242 -0.13208453410182516 -0.2635344621989029 0.04370741740583624 0.17950350095480586 0.08769598724422004 0.1461616675139807 -0.052118134438059606 0.08093655152478682 0.07573812580231065 -0.007138607971445565 -0.022651406771578442 -0.09775171065493646 0.07648902821316614 -0.14601420678768745 0.24523907384573226 -0.025026343519494204 0.12990564747709557 -0.09012875536480687 0.020105554159336517 0.12608895002292528 -0.025498377375985166 0.026858747405689175 0.0693498452012384 0.10578012844729885 0.06874189364461739 0.14513228872334963 -0.07354872603099555 0.15563059756276612 0.050938004721083376 -0.0737791310457899 -0.15578465063001146 -0.2675143953934741 -0.0665352390340069 -0.19240379810094954 -0.03200204813108039 -0.052500000000000005 -0.07976328315965522 0.0027731558513588474 -0.09295026557218736 -0.19948670088660753 -1.498348277489382 -3.0394768709130537 -1.6641697877652935 -1.2797619047619047 -0.31752008032128515 -0.22439871063724276 -0.06898313745528871 -0.08163830081638299 -0.1497695852534562 -0.10431484115694642 -0.3799121453163956 -1.2848469830256477 -1.3341568869672638 -0.9511504860342068 -0.30684104627766595 -0.09571788413098237 -0.2020467069010758 -0.09264458169567658 -0.040065105796919985 -0.12642510441359067 -0.01248722897037121 -0.2850930176371104 -0.10159480212640284 -0.244986189504023 -0.11120721611269 -0.10570824524312897 -0.09956440572495333 -0.10925365275766749
0.0036773719048786473 -0.025845600629284194 0.03745318352059926 -0.06253618992472496 0.038965639390719085 0.03192621496984747 0.07845060063741113 0.035189904137847346 0.04739943633102741 0.02906574394463668 -0.012647021626406981 0.05138243210178615 -0.026159334126040434 -0.06331425788384268 0.07090402633578122 0.06254598969830757 0.086716594402838 0.0549942447883361 0.03418803418803419 0.01525024261749619 0.06763654925982646 0.014803849000740193 -0.11527377521613832 -0.2826138802766516 0.033423319192698295 0.1502227880330999 0.08769598724422004 0.12836807320793087 -0.06280903380996926 0.07081948258418845 0.07445442875481387 -0.014277215942891136 -0.014306151645207437 -0.11852394916911047 0.06520376175548591 -0.17890028939752695 0.22742841485134946 -0.055321390937829305 0.10939422945439628 -0.12160228898426322 0.01633576275446092 0.12379642365887207 -0.020862308762169685 0.02319619094127702 0.05944272445820433 0.09066868152625614 0.06874189364461736 0.13357307988697664 -0.08142894667717364 0.14828953163999412 0.06211951795254069 -0.049186087363859946 -0.09278350515463915 -0.2159309021113244 -0.05174963035978315 -0.1774112943528236 -0.03840245775729647 -0.041249999999999995 -0.0771902740254728 0.00970604547975596 -0.09295026557218736 -0.13882407839477368 -0.9886739027843324 -2.875999031242432 -1.671660424469413 -1.6158234126984126 -0.5133032128514057 -0.2566327795685594 -0.10986203372508943 -0.080254600802546 -0.15104966717869944 -0.09720246562351825 -0.346669832601211 -1.2613059100483215 -1.3638048177887587 -1.2304663467454167 -0.45523138832997984 -0.16624685138539044 -0.24665442141170296 -0.11931499157776529 -0.040065105796919985 -0.13319787786431878 -0.029515268475422858 -0.2959652089876782 -0.10750147666863559 -0.27380809415155516 -0.1173853947856172 -0.13555527919413007 -0.0958307405102676 -0.13426352507568776
-0.0012257906349595483 -0.028093044162265424 0.03745318352059926 -0.05790387955993052 0.02597709292714606 0.034291119782428756 0.06864427555773474 0.03154956922703555 0.02177811939533692 0.02491349480968858 -0.0063235108132034925 0.05260582334230487 -0.01664684898929846 -0.09131864117861928 0.07217016966320587 0.04047093451066961 0.10116936013664432 0.03453126998337384 0.02892833662064432 -0.006931928462498264 0.07146503318019398 0.011102886750555147 -0.09005763688760808 -0.3088480801335559 0.03727985602262502 0.12221514958625082 0.10098325803879882 0.11565836298932382 -0.0681544834959241 0.05781182251770486 0.08985879332477535 -0.026174895895300414 0.0023843586075345787 -0.13440860215053765 0.07523510971786836 -0.19731649565903708 0.22468831346759832 -0.06454162276080086 0.0943525229044168 -0.12589413447782544 0.027645136969087714 0.11233379183860615 -0.011590171534538713 0.00366255646441216 0.06687306501547988 0.073038660118373 0.08041504539559012 0.12201387105060366 -0.08668242710795902 0.1321391866098957 0.07454342154304883 -0.031619627591052815 -0.026345933562428397 -0.17154510556621877 -0.023410547067520944 -0.17491254372813594 -0.03712237583205326 -0.043750000000000004 -0.06689823748874309 0.005546311702717695 -0.07725736359246742 -0.1026598226784881 -0.4636621047663992 -2.52724630661177 -1.6529338327091136 -1.8080357142857142 -0.8433734939759037 -0.3062236548475081 -0.15585079202861524 -0.08578940085789402 -0.1382488479262673 -0.08534850640113797 -0.29205746171197916 -1.222896790980052 -1.3440395305744288 -1.391657438169066 -0.6564386317907445 -0.2292191435768262 -0.2886381527158226 -0.14458169567658616 -0.020032552898460003 -0.13771306016480417 -0.022704052673402197 -0.27663686880889105 -0.0874187832250443 -0.2834153957007325 -0.12356357345854443 -0.15420967541350578 -0.09085252022401992 -0.13952876135316572
0.01103211571463594 -0.025845600629284194 0.047667688117126315 -0.04748118123914303 0.03896563939071909 0.04138583422017264 0.07845060063741113 0.04004368401892974 0.04355623879067384 0.03460207612456747 -0.010117617301125585 0.053829214582823595 -0.008323424494649227 -0.08888347741385609 0.06077487971638389 0.04047093451066962 0.09722769675469714 0.03453126998337383 0.014464168310322162 -0.009704699847497573 0.071465033180194 0.013570194917345176 -0.07804995196926033 -0.3148103982828524 0.0398508805759095 0.11330362826225335 0.10629816635663034 0.11692933401118451 -0.05746358412401444 0.05781182251770486 0.11553273427471118 -0.010707911957168354 0.04291845493562232 -0.12829912023460413 0.1103448275862069 -0.19468560905024992 0.25071927661323473 -0.05927291886195997 0.11076165732257623 -0.12875536480686695 0.027645136969087714 0.11462631820265934 -0.0023180343069077397 -0.0036625564644121576 0.07058823529411765 0.056667925953910084 0.07522697795071334 0.11173901875160545 -0.09981612818492251 0.1101159888415798 0.07702820226115047 -0.012882070500058556 -0.01489117983963345 -0.11396353166986564 -0.006160670280926564 -0.16491754122938532 -0.02944188428059396 -0.039999999999999994 -0.04502765984819247 0.01663893510815308 -0.05311443746982135 -0.08166122258516098 -0.16753185464841908 -1.9847420682974086 -1.5905118601747812 -2.005208333333333 -1.3127510040160644 -0.3620133895363253 -0.16990291262135923 -0.09824270098242702 -0.12288786482334871 -0.06993835941204364 -0.20776445446990385 -1.105191426093421 -1.3082149474984561 -1.5417743324720068 -0.902917505030181 -0.2947103274559194 -0.2938861191288376 -0.16563728242560355 -0.01001627644923 -0.1467434247657749 -0.03292087637643319 -0.27180478376419426 -0.08033077377436502 -0.29422360994355706 -0.13344865933522798 -0.1629150603158811 -0.0821406347230865 -0.1316309069369488
0.022064231429271875 -0.03371165299471851 0.08625581659289525 -0.05442964678633468 0.05431573975675994 0.034291119782428756 0.07354743809757293 0.03518990413784735 0.04611837048424289 0.03183391003460208 0.0037941064879220957 0.048935649620748714 0.027348394768133177 -0.09740655059052723 0.06837173968093188 0.028207014961981847 0.10905268690053868 0.019184038879652136 0.02366863905325444 -0.024954942464993756 0.08933129147524248 0.014803849000740193 -0.05283381364073007 -0.3124254710231338 0.043707417405836224 0.09548058561425846 0.11028434759500401 0.11692933401118455 -0.057463584124014436 0.053475935828877 0.1232349165596919 -0.016656751933372994 0.07629947544110634 -0.12952101661779084 0.1304075235109718 -0.2025782688766114 0.2507192766132347 -0.06322444678609064 0.09982223437713661 -0.14020028612303287 0.045237496858507156 0.11462631820265934 0.05679184051923969 0.00732511292882432 0.10278637770897832 0.05414935146706964 0.10116731517509728 0.1091703056768559 -0.08011557656947729 0.10571134928791662 0.09690644800596349 -0.015224265136432841 0.021764032073310423 -0.0899712092130518 0.02957121734844751 -0.16616691654172916 -0.02048131080389145 -0.04375 -0.038595137012736404 0.019412090959511928 -0.01931434089811685 -0.0991600559962669 -0.021236432279377052 -1.4071203681278759 -1.4706616729088637 -2.0907738095238093 -1.9164156626506024 -0.4723530870319861 -0.1750127746550843 -0.11899820118998203 -0.10240655401945727 -0.06993835941204363 -0.11634809450314616 -0.864824680956511 -1.250154416306362 -1.6032976498092775 -1.1770623742454727 -0.3753148614609572 -0.32012595119391235 -0.17967434025828183 0.005008138224615 -0.15012981149113896 -0.022704052673402204 -0.27905291133123944 -0.07088009450679267 -0.2990272607181458 -0.1420981094773261 -0.17410769804750653 -0.0821406347230865 -0.13689614321442675
0.018386859524393232 -0.03595909652769974 0.07831120190670753 -0.0567458019687319 0.05549651670799386 0.03074376256355682 0.07599901936749202 0.03154956922703556 0.05124263387138099 0.03321799307958478 -0.012647021626406981 0.04526547589919257 0.024970273483947685 -0.09375380494338245 0.053178019751835906 0.017169487368162865 0.09459992116673235 0.021741910730272415 0.0026298487836949346 -0.02218217107999445 0.07529351710056152 0.02590673575129534 -0.07324687800192123 -0.29096112568566657 0.02056819642627587 0.10566518141311265 0.08370980600584639 0.13091001525165225 -0.07349993318187893 0.06359300476947535 0.11938382541720154 -0.02022605591909578 0.07272293752980448 -0.12096774193548387 0.12789968652037617 -0.1986319389634307 0.2411289217701055 -0.06190727081138041 0.09025023929987692 -0.1444921316165951 0.02638853983412918 0.12035763411279228 0.04636068613815485 0.017091930167256745 0.09040247678018574 0.06926079838811232 0.0894941634241245 0.12201387105060366 -0.09718938796952983 0.1101159888415798 0.08945210585165858 -0.010539875863684272 0.037800687285223365 -0.058781190019193866 0.04312469196648595 -0.15992003998001 -0.03328213005632361 -0.0475 -0.045027659848192465 0.026344980587909038 -0.0012071463061323034 -0.10499300046663555 0.02359603586597452 -0.8258658270767741 -1.2933832709113608 -2.1217757936507935 -2.6041666666666665 -0.6434416067443591 -0.20950434338272866 -0.141137401411374 -0.10240655401945724 -0.06164058795637743 -0.10447583996200879 -0.6108288935695703 -1.1785052501544164 -1.6266765103974403 -1.4336016096579476 -0.46473551637279603 -0.3726056153240619 -0.19651880965749577 -0.01878051834230625 -0.14787222034089628 -0.021568850039732097 -0.2742208262865426 -0.07560543414057884 -0.30262999879908725 -0.17422463857654763 -0.18530033577913196 -0.10454262601120098 -0.14742661576938268
0.01225790634959549 -0.04157770536015283 0.09420043127908298 -0.05790387955993052 0.06258117841539734 0.024831500532103583 0.06128953174797745 0.013347894672976581 0.04739943633102741 0.026297577854671284 -0.015176425951688378 0.061169562025935896 0.030915576694411417 -0.06696700353098746 0.045581159787287925 0.03433897473632573 0.09722769675469714 0.04604169331116511 -0.007889546351084815 -0.011091085539997225 0.071465033180194 0.02714038983469035 -0.0468299711815562 -0.2659193894586215 0.019282684149633626 0.09420751113940165 0.0704225352112676 0.11820030503304527 -0.07884538286783375 0.04914004914004914 0.1232349165596919 -0.010707911957168354 0.09656652360515021 -0.1014173998044966 0.14043887147335424 -0.19205472244146277 0.23701876969447871 -0.05795574288724974 0.07794338848625736 -0.13876967095851214 0.03392812264388037 0.13296652911508483 0.0521557719054242 0.04883408619216213 0.08792569659442726 0.08437224530915502 0.08949416342412451 0.13357307988697664 -0.09850275807722617 0.1115842020261342 0.09442166728786185 -6.938893903907229e-19 0.06529209621993128 -0.03478886756238004 0.08132084770823064 -0.1499250374812594 -0.026881720430107538 -0.06375 -0.04116814614691883 0.022185246810870772 -0.004828585224529209 -0.0991600559962669 0.051911278905143944 -0.4274642770646646 -1.013732833957553 -2.1242559523809526 -3.2680722891566263 -0.9409868584180512 -0.2899846704138988 -0.17711360177113605 -0.0819252432155658 -0.05571360834518729 -0.07123352724682416 -0.3444430677735102 -1.0018529956763438 -1.6414421065583855 -1.6121730382293762 -0.5957178841309825 -0.4119653634216741 -0.23161145423919144 -0.02003255289846 -0.14448583361553222 -0.0011352026336701084 -0.2621406136748007 -0.05670407560543413 -0.28701813378167407 -0.1902879031261584 -0.19276209426688223 -0.11325451151213439 -0.1513755429774911
0.011032115714635941 -0.04719631419260591 0.09760526614459197 -0.06022003474232773 0.0684850631715669 0.020101690906940996 0.061289531747977445 0.0012134449702705982 0.042275172943889314 0.016608996539792392 -0.012647021626406981 0.06606312698801076 0.03567181926278241 -0.047485693412882016 0.049379589769561916 0.04905567819475104 0.1077387991065563 0.06522573219081725 -0.006574621959237345 0.00693192846249827 0.06763654925982646 0.033308660251665435 -0.04442843419788665 -0.2361077987121393 0.016711659596349147 0.10057288351368554 0.0717512622907255 0.11692933401118455 -0.07750902044634506 0.04769475357710652 0.12195121951219509 -0.021415823914336708 0.11921793037672868 -0.08797653958944282 0.14294670846394983 -0.18547750591949488 0.23427866831072755 -0.05795574288724975 0.06700396554081774 -0.14163090128755362 0.04523749685850716 0.13296652911508483 0.06490496059341679 0.06836772066902698 0.1015479876160991 0.11585442639466062 0.10894941634241244 0.1618289237092217 -0.07880220646178093 0.13213918660989574 0.08324015405640453 0.007026583909122848 0.08132875143184422 0.005998080614203455 0.10596352883193691 -0.11119440279860071 -0.02560163850486432 -0.075 -0.048887173549466104 0.033277870216306155 0.00603573153066152 -0.10149323378441437 0.06252949504483248 -0.22402518769677887 -0.6092384519350811 -2.103174603174603 -3.8014558232931726 -1.3811058765187205 -0.3653551354113439 -0.19095060190950602 -0.06016385048643112 -0.04623044096728307 -0.049863469072776924 -0.16107049931854786 -0.6917850525015441 -1.6119109142364956 -1.6939134808853116 -0.7015113350125943 -0.41852532143794274 -0.24143739472206627 -0.023788656566921248 -0.1309402867140761 -0.0056760131683505485 -0.23918820971249094 -0.04725339633786178 -0.2593971418277891 -0.20140862473742743 -0.19898022634000748 -0.1257000622277536 -0.14347768856127419
0.006128953174797745 -0.042701427126643446 0.09079559641357393 -0.052113491603937454 0.07202739402526862 0.016554333688069058 0.057612159843098795 -0.003640334910811796 0.042275172943889314 0.01245674740484429 -0.017705830276969776 0.055052605823342295 0.03329369797859691 -0.047485693412882016 0.0607748797163839 0.04047093451066961 0.11693601366443304 0.06266786034019696 -0.01183431952662722 -2.7755575615628915e-18 0.051046452271567136 0.019738465334320256 -0.058837656099903934 -0.21702838063439067 0.015426147319706901 0.08911521323997454 0.05049162901939942 0.11057447890188103 -0.08819991981825473 0.050585344702991766 0.12580231065468545 -0.014277215942891136 0.12160228898426324 -0.048875855327468236 0.1542319749216301 -0.16706129965798477 0.23153856692697633 -0.05136986301369865 0.07520853274989744 -0.12589413447782544 0.03267152550892184 0.1341127922971114 0.06490496059341679 0.08179709437187158 0.11021671826625386 0.12215086261176174 0.11413748378728923 0.17081941947084514 -0.08536905700026268 0.12773454705623255 0.07330103118399803 0.015224265136432838 0.07789232531500574 0.03838771593090211 0.13799901429275505 -0.10119940029985008 -0.0166410650281618 -0.10875000000000001 -0.05017367811655732 0.034664448141985583 0.003621438918396911 -0.09799346710219317 0.06606890042472865 -0.13562605957859047 -0.1585518102372035 -2.0560515873015874 -4.327309236947791 -2.002231589387553 -0.4330608073582013 -0.21447350214473504 -0.07168458781362005 -0.02963489805595069 -0.06173572361391429 -0.06814521125015487 -0.3273625694873379 -1.5528485295927157 -1.8045774647887325 -0.7972292191435768 -0.46444502755182365 -0.2484559236384054 -0.0375610366846125 -0.13319787786431875 -0.01589283687138154 -0.21865184827252956 -0.03662138216184289 -0.2461871021976702 -0.20264426047201284 -0.21390374331550804 -0.12943372744243933 -0.13294721600631826
0.008580534444716844 -0.042701427126643446 0.09987515605493133 -0.04863925883034163 0.07675050183020427 0.020101690906940993 0.04658004412846285 0.002426889940541195 0.0307455803228286 0.01522491349480969 -0.012647021626406981 0.07095669195008564 0.03329369797859691 -0.03287471082430294 0.06710559635350723 0.046602894285013484 0.1116804624885035 0.07162041181736795 -0.01972386587771203 0.004159157077498957 0.051046452271567136 0.018504811250925242 -0.06484149855907781 -0.21464345337467203 0.04756395423576295 0.07511139401654995 0.05182035609885729 0.11311642094560245 -0.07617265802485636 0.04191357132533603 0.12708600770218226 -0.02379535990481856 0.11921793037672868 -0.05131964809384165 0.16802507836990596 -0.16837674296237834 0.23153856692697633 -0.028977871443624875 0.0711062491453576 -0.1144492131616595 0.0351847197788389 0.1421366345712976 0.06258692628650904 0.09644732022952021 0.12755417956656348 0.13852159677622464 0.12321660181582361 0.2093501155920884 -0.07223535592329919 0.14828953163999414 0.07081625046589639 0.014053167818245694 0.07560137457044674 0.05158349328214971 0.15648102513553477 -0.0849575212393803 -0.03712237583205326 -0.22875 -0.06432522835456064 0.02218524681087077 0.0036214389183969104 -0.1026598226784881 0.053091080698442664 -0.13078227173649795 -0.017478152309612974 -1.6505456349206349 -4.4879518072289155 -2.968013885445078 -0.5978538579458356 -0.255984502559845 -0.055043522785458265 -0.02370791844476055 -0.047489018164549444 -0.061950192045595334 -0.14823965410747372 -1.2058570198105083 -1.7907444668008048 -0.8564231738035264 -0.49593282602991334 -0.26951151038742277 -0.023788656566921244 -0.12755389998871203 -0.01589283687138154 -0.19811548683256827 -0.01772002362669817 -0.2197670229374325 -0.18287408871864574 -0.22385275463250842 -0.11449906658369632 -0.1316309069369488
0.01470948761951459 -0.05281492302505899 0.09079559641357395 -0.04748118123914303 0.08029283268390601 0.023649048125812932 0.0478058347634224 0.004853779881082392 0.020497053548552392 0.01522491349480969 -0.007588212975844187 0.08319060435527281 0.03923900118906064 -0.021916473882868624 0.07217016966320589 0.0662251655629139 0.11824990145841545 0.08952551477170993 -0.01314924391847469 0.009704699847497576 0.0701888718734048 0.02467308166790032 -0.05763688760806916 -0.20391128070593845 0.06813215066203883 0.07893061744112029 0.049162901939941536 0.11565836298932383 -0.06949084591741281 0.03613238907356554 0.13863928112965337 -0.027364663890541346 0.11683357176919411 -0.040322580645161296 0.180564263322884 -0.1525914233096554 0.2383888203863543 -0.013171759747102219 0.06016682619991796 -0.1044349070100143 0.049007288263382756 0.1444291609353508 0.06838201205377839 0.11109754608716885 0.14613003095975233 0.16496662888804936 0.132295719844358 0.24659645517595682 -0.05910165484633569 0.1629716634855381 0.08448254441545534 -0.001171097318187142 0.08247422680412372 0.06357965451055662 0.1700344997535732 -0.07996001999000502 -0.04992319508448541 -0.35 -0.09391483339765856 0.018025513033832496 0.00241429261226461 -0.10032664489034064 0.024775837659273235 -0.11988374909178978 -0.01248439450686641 -1.1966765873015872 -4.46285140562249 -3.9201586908008927 -0.788196218702095 -0.29334440293344405 -0.04992319508448541 -0.02963489805595069 -0.04036566543986704 -0.05451616900012389 -0.11488573193329214 -0.8219515196259379 -1.664989939637827 -0.9118387909319898 -0.4998688008396746 -0.2905670971364402 -0.020032552898459996 -0.13094028671407607 -0.01021682370303099 -0.19328340178787146 -0.011813349084465446 -0.2065569833073136 -0.16681082416903498 -0.2201218753886333 -0.10827629122588674 -0.12899828879820982
0.022064231429271882 -0.05056747949207776 0.08966065145840425 -0.042848870874348584 0.09446215609871296 0.02601395293839423 0.05393478793822014 0.008494114791894186 0.017934921854983344 0.023529411764705885 -0.0012647021626406988 0.07952043063371665 0.04637336504161712 -0.008523073176671128 0.08609774626487719 0.08094186902133922 0.12613322822230982 0.08824657884639979 -0.001314924391847469 0.002772771384999306 0.07401735579377233 0.029607698001480387 -0.05523535062439962 -0.1860243262580491 0.08098727342846125 0.11839592616168045 0.049162901939941536 0.12328418912048807 -0.0694908459174128 0.0462494580141639 0.1501925545571245 -0.01903628792385485 0.11564139246542682 -0.024437927663734114 0.20564263322884013 -0.12759800052617734 0.25619947938073706 -0.003951527924130669 0.06973882127717763 -0.09871244635193131 0.05026388539834129 0.1432828977533242 0.07765414928140937 0.12086436332560127 0.16470588235294117 0.18511522478277292 0.14656290531776914 0.2594400205497046 -0.044654583661675865 0.16003523711642934 0.07827059262020127 0.0 0.07903780068728523 0.07077735124760078 0.17249876786594381 -0.079960019990005 -0.07552483358934972 -0.54375 -0.15309404348385436 0.0041597337770382685 0.003621438918396913 -0.10149323378441437 0.009438414346389808 -0.10898522644708161 0.0024968789013732813 -0.8643353174603174 -4.390060240963855 -4.778080833126705 -0.9632089933571792 -0.33208800332088 -0.03712237583205326 -0.024893314366998577 -0.024931734536388462 -0.0359311113864453 -0.07411982705373689 -0.5463270579549648 -1.527917505030181 -0.9395465994962215 -0.49068485961689845 -0.2933745087029759 -0.020032552898459996 -0.12529630883846934 0.0022704052673402212 -0.17999516791495532 -0.002362669816893087 -0.18133781674072294 -0.14580501668108242 -0.21514736973013307 -0.10205351586807716 -0.12110043438199292
0.028193184604069627 -0.051691201258568374 0.09987515605493133 -0.04169079328314997 0.10981225646475382 0.030743762563556813 0.06006374111301789 0.01213444970270598 0.028183448629259544 0.02768166089965398 -0.0012647021626406962 0.0746268656716418 0.04637336504161712 0.0060879094119079494 0.08103317295517852 0.09811135638950208 0.11693601366443304 0.08313083514515922 -0.0026298487836949377 0.004159157077498959 0.07401735579377233 0.0308413520848754 -0.06364073006724305 -0.17052229906987837 0.0732741997686078 0.16040738383195413 0.03188944990698911 0.132180986273513 -0.07750902044634504 0.06792889145830322 0.14377406931964054 -0.01308744794765021 0.10848831664282307 -0.008553274682306941 0.2043887147335423 -0.10128913443830571 0.25345937799698587 1.3877787807814458e-18 0.06290168193627785 -0.08583690987124463 0.03392812264388038 0.14442916093535077 0.07301808066759388 0.14039799780246612 0.15975232198142414 0.20904168240775717 0.13878080415045396 0.24788081171333162 -0.052534804307853955 0.15563059756276615 0.07081625046589637 -0.018737557090994263 0.06414662084765178 0.06238003838771593 0.15771315919172008 -0.07496251874062969 -0.11136712749615976 -0.7925 -0.25215489514987777 -0.01663893510815308 0.0012071463061323062 -0.10615958936070927 -0.002359603586597454 -0.10535238556551223 0.006242197253433206 -0.6708829365079365 -4.149096385542168 -5.3570543020084305 -1.1075625958099131 -0.354227203542272 -0.04224270353302611 -0.02963489805595069 -0.02255728362816099 -0.02725808450006196 -0.06794317479925881 -0.3851359665313155 -1.3367706237424546 -0.9345088161209067 -0.49068485961689845 -0.28916339135317237 -0.017528483786152498 -0.11852353538774127 1.734723475976807e-18 -0.1739550616090843 -0.009450679267572357 -0.160922300948721 -0.13221302360064252 -0.186543962193757 -0.09831985065339141 -0.11846781624325393
0.009806325079676392 -0.044948870659624676 0.0794461468618772 -0.04053271569195136 0.0897390482937773 0.030743762563556813 0.04167688158862466 0.008494114791894188 0.003843197540353574 0.019377162629757787 -0.002529404325281398 0.059946170785417176 0.03923900118906064 -0.003652745647144772 0.08609774626487718 0.08339465293107677 0.11299435028248588 0.05627318071364625 0.0026298487836949372 -0.018023014002495494 0.07274119448698316 0.03207500616827042 -0.07084534101825167 -0.16336751729072266 0.06684663838539659 0.1833227243793762 0.011958543715120914 0.13599389933909506 -0.09755445676867565 0.08093655152478682 0.12195121951219515 -0.014277215942891136 0.0810681926561755 -0.00977517106549365 0.16802507836990593 -0.09208103130755063 0.2178380600082203 -0.007903055848261328 0.028715985231779022 -0.08726752503576538 0.02513194269917065 0.14099037138927098 0.057950857672693555 0.14650225857648638 0.14860681114551083 0.22415312932879985 0.1309987029831388 0.22733110711533527 -0.060415024954032046 0.16003523711642934 0.06584668902969312 -0.04098840613654995 0.0641466208476518 0.040786948176583494 0.15524889107934944 -0.08245877061469267 -0.14336917562724014 -1.0875 -0.3640807924868133 -0.044370493621741544 -0.015692901979719936 -0.09449370041997199 -0.015337423312883434 -0.08597723419714216 -0.018726591760299626 -0.4563492063492064 -3.749999999999999 -5.7066699727250185 -1.2416964741951966 -0.35976200359762 -0.055043522785458265 -0.03556187766714082 -0.05461237088923186 -0.029736092181885776 -0.09017912291537987 -0.23378860588162914 -1.1091549295774645 -0.9156171284634761 -0.512988716872212 -0.2961819202695115 -0.01377238011769125 -0.10497798848628512 0.005676013168350551 -0.14979463638560037 -0.005906674542232722 -0.13690404707577758 -0.12109230198937353 -0.16664593955975623 -0.0970752955818295 -0.110569961827037
-0.0024515812699190966 -0.04045398359366221 0.06809669731018046 -0.02316155182397221 0.08619671744007558 0.04138583422017263 0.04290267222358421 0.01334789467297658 0.0025621316935690503 0.022145328719723183 -0.016441128114329077 0.05749938830437974 0.026159334126040424 -1.3877787807814458e-18 0.08736388959230185 0.09443218052489574 0.10116936013664432 0.051157437012405674 -0.005259697567389876 -0.015250242617496187 0.06891271056661562 0.02220577350111029 -0.0828530259365994 -0.15859766277128545 0.06684663838539659 0.19223424570337364 0.00132872707945788 0.10803253685815964 -0.10423626887611921 0.06937418702124584 0.11810012836970477 -0.009518143961927423 0.07629947544110635 0.00855327468230694 0.1755485893416928 -0.06840305182846619 0.2356487190026031 -0.009220231822971551 0.04512511964993847 -0.07582260371959944 0.013822568484543853 0.13411279229711143 0.04288363467779323 0.137956293492858 0.14241486068111456 0.2329681400327414 0.11802853437094682 0.2042126894425893 -0.07092198581560284 0.15416238437821173 0.0546651757982358 -0.04333060077292423 0.04352806414662086 0.04918426103646832 0.1392311483489404 -0.08120939530234883 -0.17665130568356374 -1.4224999999999999 -0.4927312491959347 -0.06932889628397117 -0.037421535490101396 -0.06299580027998133 -0.0318546484190656 -0.054492613223540806 -0.029962546816479398 -0.35218253968253965 -3.1626506024096384 -5.871559633027523 -1.322176801226367 -0.352843503528435 -0.065284178187404 -0.017780938833570414 -0.0688590763385967 -0.014868046090942883 -0.07782581840642372 -0.15380829334317703 -0.818661971830986 -0.866498740554156 -0.4788769351876148 -0.291970802919708 -0.01377238011769125 -0.10384919291116379 0.012487228970371213 -0.12925827494563905 0.009450679267572357 -0.12129218205836434 -0.09020140862473743 -0.1442606640965054 -0.07965152457996266 -0.09609056206397262
-0.017161068889433684 -0.03820654006068098 0.06469186244467143 -0.010422698320787491 0.08265438658637382 0.04611564384533522 0.05148320666830105 0.01334789467297658 0.0012810658467845252 0.016608996539792385 -0.020235234602251167 0.07095669195008562 0.03091557669441141 0.02191647388286862 0.08736388959230183 0.11160166789305859 0.09985547234266193 0.0460416933111651 0.013149243918474685 -0.013863856924996532 0.08295048494129657 0.028374043918085366 -0.06604226705091257 -0.14786549010255184 0.07584522432189228 0.19859961807765752 0.014615997874036672 0.0902389425521098 -0.10022718161165307 0.06214770920653273 0.1116816431322208 0.009518143961927423 0.07153075822603719 0.03787878787878788 0.174294670846395 -0.039463299131807426 0.2507192766132347 -0.005268703898840884 0.05059483112265828 -0.06151645207439199 0.01382256848454386 0.13984410820724438 0.04751970329160872 0.15748992796972286 0.14860681114551083 0.24052386349326285 0.1245136186770428 0.16825070639609557 -0.07223535592329919 0.14094846571722214 0.04721083364393092 -0.039817308818362804 0.01489117983963344 0.06357965451055662 0.12321340561853131 -0.06996501749125437 -0.20353302611367127 -1.75625 -0.6175221922037825 -0.08735440931780367 -0.05915016900048285 -0.047830144657022865 -0.048371873525247765 -0.019375151368370057 -0.04619225967540573 -0.29513888888888895 -2.5025100401606424 -5.857922142325812 -1.379662749105774 -0.34730870347308695 -0.05888376856118791 0.00948316737790422 -0.0557995963433456 0.024780076818238135 -0.06053119209388511 -0.08244124523194293 -0.5570925553319921 -0.7745591939546598 -0.43295722907373396 -0.26670409882088714 0.00626017278076875 -0.08465966813410092 0.006811215802020661 -0.08576950954336796 0.027170702894270527 -0.0852648012489492 -0.04942542938341778 -0.1094391244870041 -0.05600497822028625 -0.08161116230090826
-0.017161068889433688 -0.019103270030340486 0.06015208262399274 0.008106543138390269 0.08265438658637383 0.05794016790824169 0.0527089973032606 0.021842009464870766 -0.006405329233922623 0.01799307958477509 -0.00885291513848489 0.07095669195008562 0.030915576694411417 0.019481310118105444 0.09369460622942516 0.09565857247976453 0.11562212587045065 0.01790510295434198 0.023668639053254437 -0.023568556772494108 0.0816743236345074 0.030841352084875408 -0.07324687800192123 -0.15382780825184833 0.06813215066203883 0.20369191597708464 0.023917087430241825 0.09786476868327403 -0.11091808098356275 0.07226477814713109 0.11681643132220795 0.008328375966686497 0.06080114449213162 0.042766373411534706 0.18432601880877747 -0.046040515653775316 0.2726400876832443 -0.021074815595363543 0.06837139340899769 -0.06866952789699571 0.0075395828097511945 0.1318202659330582 0.048678720445062586 0.1538273715053107 0.15356037151702787 0.23296814003274147 0.1297016861219196 0.13100436681222705 -0.08930916732335173 0.13067097342534134 0.037271710771524406 -0.03747511418198852 -0.004581901489117989 0.058781190019193866 0.11828486939379006 -0.06996501749125436 -0.21633384536610345 -2.0175 -0.7487456580470863 -0.10260676650027731 -0.04828585224529213 -0.01983201119925338 -0.040113260972156686 0.0024218939210462614 -0.03121098626716603 -0.2542162698412699 -1.8423694779116464 -5.628564344160674 -1.3605007664793052 -0.329320603293206 -0.06144393241167434 0.032005689900426744 -0.04748901816454945 0.04832114979556437 -0.04941321803582459 -0.0356835240556171 -0.35462776659959755 -0.6486146095717883 -0.39359748097612185 -0.24424480628860187 0.02003255289846 -0.07111412123264477 0.0034056079010103303 -0.0700652331481034 0.0425280567040756 -0.08166206316800768 -0.009885085876683561 -0.08829747543837832 -0.03360298693217176 -0.07502961695406082
-0.009806325079676393 -0.025845600629284187 0.05901713766882307 0.00231615518239722 0.0791120557326721 0.040203381813881986 0.04903162539838195 0.00485377988108239 0.0012810658467845258 0.004152249134948098 -0.008852915138484888 0.05994617078541718 0.029726516052318668 0.0012175818823815909 0.0962268928842745 0.07603630120186411 0.1064249113125739 -0.01534723110372171 0.021038790269559498 -0.05129627062248717 0.0765696784073507 0.028374043918085366 -0.09005763688760807 -0.16098259003100404 0.05399151561897416 0.2024188415022279 0.011958543715120912 0.09532282663955263 -0.12962715488440463 0.06503830033241796 0.1129653401797176 -0.007138607971445566 0.04649499284692418 0.01832844574780059 0.1730407523510972 -0.08287292817679558 0.2685299356076175 -0.06059009483667018 0.06700396554081771 -0.09298998569384835 0.002513194269917066 0.129527739569005 0.04867872044506259 0.1587107801245269 0.1498452012383901 0.2128195441380179 0.11284046692607005 0.07834574877986127 -0.12083004990806409 0.10130670973425342 0.032302149335321155 -0.04450169809111137 -0.030927835051546386 0.039587332053742805 0.09487432232626909 -0.09495252373813093 -0.2521761392729135 -2.20625 -0.8851151421587546 -0.14143094841930115 -0.039835828102366 -0.012832477834811012 -0.040113260972156686 -0.002421893921046256 -0.04119850187265918 -0.2542162698412699 -1.3027108433734942 -5.250433920158691 -1.3375063873275423 -0.358378303583783 -0.06272401433691756 0.027264106211474633 -0.037991214531639554 0.048321149795564365 -0.048177887584928976 -0.028300725975144575 -0.23893360160965793 -0.5428211586901763 -0.37129362372080826 -0.2470522178551376 0.02128458745461375 -0.08240207698385822 0.0034056079010103316 -0.08456148828219376 0.0425280567040756 -0.09126936471718505 -0.009885085876683561 -0.08705384902375328 -0.03609209707529558 -0.08687639857838621
-0.02206423142927188 -0.0202269917968311 0.05447735784814437 -0.00231615518239722 0.07438894792773645 0.04375073903275393 0.04167688158862466 0.0 -0.011529592621060722 -6.938893903907229e-19 -0.029088149740736056 0.06973330070956693 0.0178359096313912 0.006087909411907953 0.08103317295517853 0.08339465293107676 0.08014715543292603 -0.029415526282133266 0.0013149243918474662 -0.04990988492998752 0.07274119448698316 0.033308660251665435 -0.09125840537944283 -0.17290722632959696 0.048849466512405196 0.20878421387651178 0.018602179112410307 0.09023894255210982 -0.13229987972738205 0.06359300476947535 0.10783055198973042 -0.013087447947650207 0.05007153075822605 -0.010997067448680349 0.1730407523510972 -0.09208103130755065 0.2698999862994931 -0.07903055848261328 0.06016682619991796 -0.10300429184549356 0.0025131942699170634 0.12379642365887207 0.04867872044506259 0.14528140642168233 0.1461300309597523 0.2014859589472359 0.09079118028534369 0.021834061135371154 -0.14578408195429474 0.09102921744237263 0.033544539694371975 -0.039817308818362804 -0.037800687285223365 0.03598848368522073 0.0763923114834894 -0.0849575212393803 -0.2816180235535074 -2.28625 -0.9996140486298726 -0.14559068219633942 -0.03380009657170449 6.938893903907229e-19 -0.03303445021236432 -0.01210946960523129 -0.037453183520599245 -0.22445436507936506 -0.7492469879518073 -4.640466154227623 -1.2864077669902914 -0.339006503390065 -0.07424475166410649 0.027264106211474633 -0.027306185444615928 0.042126130591004826 -0.05188387893761581 -0.0073827980804725 -0.12575452716297786 -0.4382871536523929 -0.34505379165573347 -0.23441886580572707 0.025040691123075 -0.06885653008240207 0.006811215802020662 -0.08335346702101956 0.04843473124630833 -0.07445658700612465 -0.0049425429383417804 -0.05969406790200225 -0.038581207218419414 -0.07371330788469131
-0.028193184604069627 -0.017979548263849867 0.05561230280331404 -0.00810654313839027 0.07675050183020428 0.04138583422017263 0.05025741603334151 -0.01698822958378838 0.006405329233922623 -0.01384083044982699 -0.04173517136714304 0.0550526058233423 0.00713436385255648 -0.0036527456471447685 0.07723474297290454 0.07113073338238901 0.08014715543292603 -0.053715308863025966 0.010519395134779747 -0.05268265631498682 0.07401735579377236 0.025906735751295335 -0.09125840537944284 -0.18006200810875267 0.048849466512405196 0.20878421387651183 0.027903268668615467 0.08261311642094561 -0.1242817051984498 0.06648359589536058 0.10269576379974325 -0.01189767995240928 0.0453028135431569 -0.015884652981427175 0.1768025078369906 -0.09865824782951853 0.2630497328401151 -0.11327713382507905 0.07110624914535758 -0.11158798283261803 -0.002513194269917067 0.1192113709307657 0.045201668984700974 0.12941032840922964 0.13993808049535603 0.1775595013222516 0.059662775616083 -0.05908040071923966 -0.1825584449697925 0.07194244604316546 0.029817368617219526 -0.03747511418198852 -0.042382588774341354 0.02759117082533589 0.06530310497782159 -0.08120939530234883 -0.27265745007680486 -2.21 -1.0047600668982375 -0.1511369938990571 -0.037421535490101396 0.01399906672888474 -0.012977819726285988 -0.019375151368370064 -0.022471910112359553 -0.20337301587301587 -0.5308734939759037 -3.66600545499628 -1.116504854368932 -0.30164660301646606 -0.07936507936507936 0.030820293978188713 -0.026118959990502188 0.05079915747738818 -0.04817788758492896 0.0073827980804725 -0.07922535211267605 -0.3564231738035265 -0.29257412752558387 -0.20774845592363836 0.011268311005383749 -0.05869736990630997 -0.0034056079010103294 -0.08818555206571635 0.0448907265209687 -0.07085384892518314 -0.0024712714691708876 -0.05098868299962691 -0.03484754200373367 -0.08424378043964723
-0.020838440794312334 -0.012360939431396784 0.07604131199636818 -0.022003474232773594 0.08501594048884167 0.028378857750975522 0.057612159843098795 -0.036403349108117954 0.01665385600819882 -0.03044982698961938 -0.030352851903376755 0.05260582334230487 0.03567181926278241 -0.00730549129428954 0.08483160293745252 0.06254598969830757 0.08803048219682039 -0.0728993477426781 0.013149243918474685 -0.0623873561624844 0.06508422664624809 0.01973846533432026 -0.10086455331412103 -0.19437157166706415 0.034708831469340534 0.20751113940165503 0.01993090619186819 0.07371631926792069 -0.13898169183482562 0.06937418702124583 0.09499358151476252 -0.022605591909577633 0.05841678588459705 -0.031769305962854356 0.174294670846395 -0.12496711391739015 0.2520893273051103 -0.16464699683877768 0.08614795569533708 -0.13733905579399142 -0.00251319426991706 0.11577258138468591 0.06258692628650905 0.10865584177756074 0.13993808049535603 0.15741090542752803 0.03891050583657588 -0.11816080143847932 -0.19437877593905964 0.0587285273821759 0.011181513231457324 -0.03044853027286567 -0.05383734249713632 0.014395393474088292 0.045588960078856586 -0.07621189405297353 -0.2739375320020481 -2.1075 -0.9996140486298726 -0.1469772601220188 -0.022935779816513766 0.02333177788147457 0.037753657385559226 -0.023007992249939452 4.5102810375396986e-18 -0.20089285714285715 -0.3689759036144578 -2.700223158938755 -0.9108329075114971 -0.279507402795074 -0.05632360471070148 0.03556187766714082 0.011872254541137372 0.05823318052285962 -0.017294626312538607 0.027070259628399162 -0.033953722334004025 -0.2670025188916877 -0.23878247179218054 -0.18248175182481752 0.018780518342306245 -0.047409414155096516 0.010216823703030991 -0.07972940323749698 0.04607206142941524 -0.060045634682358594 -0.0037069072037563314 -0.04477055092650167 -0.04604853764779092 -0.08029485323153877
-0.015935278254474137 -0.015732104730868633 0.08285098172738622 -0.02779386218876665 0.07793127878143818 0.017736786094359705 0.05761215984309879 -0.04368401892974154 0.01921598770176787 -0.03321799307958477 -0.032882256228658154 0.04037191093711769 0.03686087990487515 -0.01582856447096067 0.07217016966320587 0.056414029923963695 0.07620549205097885 -0.0728993477426781 0.005259697567389875 -0.062387356162484406 0.06125574272588056 0.016037503084135214 -0.10086455331412103 -0.18960171714762702 0.029566782362771566 0.19732654360280075 0.011958543715120914 0.0711743772241993 -0.13096351730589334 0.06503830033241795 0.08985879332477535 -0.028554431885782272 0.05484024797329519 -0.03176930596285434 0.15548589341692792 -0.13022888713496447 0.2383888203863543 -0.16728134878819811 0.07520853274989744 -0.13304721030042918 -0.003769791404875593 0.11462631820265931 0.05447380621233194 0.10865584177756074 0.12631578947368421 0.15237375645384713 0.00518806744487679 -0.14384793218597483 -0.2088258471237195 0.06460138012039349 0.004969561436203256 -0.03630401686380137 -0.056128293241695305 0.013195777351247601 0.04189255791030064 -0.08120939530234884 -0.2560163850486431 -1.9512500000000004 -0.948153865946224 -0.15529672767609534 -0.008450024142926128 0.022165188987400837 0.06724870221802737 -0.03996124969726326 0.016229712858926344 -0.18973214285714285 -0.2510040160642571 -1.8113067195636 -0.717935615738375 -0.24214750242147504 -0.05376344086021505 0.043859649122807015 0.01780838181170604 0.06814521125015487 -0.01605929586164299 0.04798818752307125 -0.02389336016096579 -0.1801007556675063 -0.20860666491734453 -0.16142616507580013 0.021284587454613747 -0.056439778756067274 0.01475763423771143 -0.07972940323749697 0.04843473124630834 -0.06605019815059446 -0.009885085876683557 -0.04352692451187663 -0.042314872433105166 -0.08424378043964723
-0.01593527825447414 -0.023598157096302953 0.07604131199636818 -0.04400694846554719 0.06376195536663125 -0.0023649048125812936 0.05638636920813924 -0.05096468875136513 0.02434025108890597 -0.04290657439446367 -0.03920576704186164 0.033031563494005385 0.03210463733650416 -0.03409229270668453 0.06457330969865788 0.047829286239882265 0.0656943896991197 -0.06906253996674769 0.007889546351084811 -0.06516012754748371 0.051046452271567136 0.01357019491734518 -0.0984630163304515 -0.19317910803720487 0.03085229463941381 0.18586887332908975 0.007972362476747276 0.0749872902897814 -0.1202726179339837 0.056366526954762255 0.08600770218228497 -0.029744199881023198 0.04887935145445875 -0.03665689149560117 0.14169278996865203 -0.14601420678768745 0.23016851623510073 -0.17123287671232879 0.07520853274989744 -0.1444921316165951 0.0012565971349585334 0.1180651077487391 0.05563282336578581 0.0988890245391283 0.11888544891640866 0.1410401712630651 -0.01815823605706874 -0.14384793218597486 -0.20357236669293405 0.06753780648950228 0.007454342154304882 -0.033961822227427094 -0.04467353951890034 -0.003598848368522073 0.05051749630359783 -0.09245377311344329 -0.22145417306707627 -1.7112500000000002 -0.8568120416827479 -0.15113699389905708 0.00603573153066151 0.03383107792813812 0.08848513449740444 -0.043594090578832644 0.028714107365792763 -0.16493055555555555 -0.16315261044176704 -1.1653855690552937 -0.5480327031170159 -0.210322402103224 -0.03968253968253967 0.0474158368895211 0.04392734180220824 0.0557551728410358 0.002470660901791234 0.05291005291005291 -0.002515090543259553 -0.12342569269521408 -0.17318289162949357 -0.15721504772599665 0.022536622010767497 -0.062083756631674 0.018163242138721763 -0.08576950954336796 0.06024808033077378 -0.07205476161883032 -0.00617817867292722 -0.05596318865812709 -0.03360298693217175 -0.08161116230090826
-0.004903162539838197 -0.037082818294190356 0.09420043127908298 -0.07064273306311523 0.07556972487897037 -0.01537188128177841 0.06864427555773474 -0.06067224851352991 0.034588777863182166 -0.05536332179930796 -0.02782344757809536 0.05627599706386103 0.046373365041617126 -0.02556921953001339 0.07596859964547986 0.05764042187883248 0.07094994087504927 -0.05115743701240568 0.014464168310322153 -0.044364342159988905 0.04594180704441042 0.020972119417715273 -0.0936599423631124 -0.20391128070593845 0.033423319192698295 0.1769573520050923 0.011958543715120912 0.0762582613116421 -0.10958171856207402 0.050585344702991766 0.0937098844672657 -0.046400951814396185 0.05364806866952789 -0.07575757575757576 0.1517241379310345 -0.16574585635359115 0.23701876969447871 -0.17123287671232876 0.08888281143169699 -0.15164520743919882 0.013822568484543857 0.12494268684089868 0.07417709782104775 0.08668050299108777 0.12755417956656348 0.12844729882886283 -0.020752269779507133 -0.13742614949910095 -0.195692146046756 0.07047423285861107 0.017393465026711394 -0.010539875863684272 -0.0286368843069874 0.003598848368522073 0.05914243469689502 -0.07996001999000499 -0.1881720430107527 -1.4112500000000001 -0.7526051717483596 -0.12340543538546862 0.031385803959439885 0.03733084461035931 0.12151958470976876 -0.05570356018406394 0.06491885143570537 -0.14756944444444445 -0.0740461847389558 -0.7351847260104141 -0.39345937659683183 -0.181264701812647 -0.020481310803891435 0.060455192034139404 0.07479520360916538 0.06195019204559532 0.0333539221741816 0.06890611541774332 0.0352112676056338 -0.07430730478589422 -0.13644712673838888 -0.1277372262773723 0.03380493301615125 -0.062083756631674 0.03859688954478374 -0.08818555206571636 0.07442409923213232 -0.07445658700612465 0.0037069072037563427 -0.057206815072752146 -0.026135656502800246 -0.08424378043964723
0.006128953174797745 -0.03595909652769974 0.10327999092044035 -0.089171974522293 0.08619671744007557 -0.022466595719522288 0.08457955381220886 -0.0679529183351535 0.040994107097104784 -0.06228373702422145 -0.017705830276969776 0.061169562025935896 0.06420927467300833 -0.01948131011810544 0.07850088630032918 0.06254598969830757 0.07620549205097885 -0.03581020590868397 0.018408941485864562 -0.03743241369749064 0.04594180704441042 0.024673081667900318 -0.08405379442843422 -0.21106606248509419 0.024424733256202598 0.18586887332908977 0.01727345203295243 0.09659379766141331 -0.11225444340505146 0.06214770920653273 0.10012836970474967 -0.03450327186198691 0.059608965188364324 -0.06964809384164222 0.13793103448275865 -0.15785319652722968 0.22194821208384713 -0.15806111696522657 0.0793108163544373 -0.14735336194563659 0.015079165619502385 0.14099037138927098 0.07301808066759388 0.08912220730069588 0.11764705882352941 0.1309658733157033 -0.031128404669260694 -0.11687644490110456 -0.19175203572366692 0.07487887241227427 0.02609019754006709 -0.002342194636374283 -0.011454753722794959 -0.0023992322456813818 0.07146377525874816 -0.07746126936531735 -0.1625704045058884 -1.08375 -0.6393927698443329 -0.1067665002773156 0.05915016900048285 0.052496500233317776 0.1451156205757433 -0.047226931460402036 0.08988764044943819 -0.11532738095238096 -0.013805220883534128 -0.43268038680882726 -0.286152273888605 -0.15082330150823303 -0.0025601638504864333 0.06638217164532953 0.09260358542087142 0.04956015363647626 0.04323656578134651 0.0750584471514704 0.04401408450704225 -0.032745591939546605 -0.12726318551561272 -0.11229646266142619 0.04006510579692 -0.055310983180945926 0.04881371324781473 -0.09905774341628412 0.0767867690490254 -0.07565749969977183 -0.0074138144075126654 -0.06839945280437756 -0.03982576228998133 -0.08950901671712518
