-0.04712864374236343 -0.011985985616817262 -0.02475002475002475 -0.04815409309791332 0.03590341980073602 -0.00820718584716396 -0.023328938026168977 0.002092706916396358 0.026534907127825053 -0.01885547280098048 -0.05920128436684728 0.11775838502786247 -0.08852495297111873 -0.04189944134078212 0.004114803003806192 0.10026109660574414 0.015739769150052464 0.1033563014003112 -0.01665972511453561 0.1160069197110003 -0.07467603777728969 0.1073998496402105 -0.023799221116399833 0.04983388704318937 -0.09238329238329239 0.11772922278758854 -0.07395063014269346 0.08822602667786997 -0.14562138440055855 0.05221932114882506 -0.0971910712378511 -0.07958846937785109 -0.045894442781602304 -0.08415435139573069 -0.018006065200909777 -0.008948990752709557 -0.0165965921664085 -0.03000666814847744 0.06663705019991115 -0.014008872285780993 -0.0712462781794981 0.0510252291410753 -0.10682768230376219 0.03418302568610217 -0.06530850960132566 0.075 -0.04170230966638152 0.010823682216690117 -0.0413393964448119 0.05552645364064955 -0.08786488333496045 0.08632564973826799 -0.03824091778202677 -0.017861699413115592 -0.0781109714490932 0.03549080041094611 -0.04643650312941651 0.03700179723015118 -0.031705770450221944 0.03151591553734635 -0.08521674694331235 -0.08749883645164293 -0.12674148606811148 -0.10986017795532957 -0.025631289158913995 -0.009965122072745391 -0.013076168682576005 -0.016858076072068275 -0.1216519048127201 -0.033681008257279446 -0.06840736101743906 0.012426219322771045 -0.1271760658813718 -0.05376889520137973 -0.06772703950743972 -0.01622147723586028 -0.16302539647332814 -0.11364902506963788 -0.3398907103825136 -0.13220338983050847 -0.12480335605663347 -0.10569583088667059 -0.17072702858239017 -0.2302631578947368 -0.21030693444486545 -0.20702834695827582 -0.2885321582205435 -0.48543689320388345 -1.9425287356321839 -0.2848038239394543 -0.11346368149123695 -0.1970017297712858 -0.14338345116001194 -0.3046371386982741 -0.07791944950414895 -0.116126615471062 -0.09311163895486936 -0.15530455828963294 -0.04536241675513946 -0.1602714085166121
-0.03752836446151161 -0.0165959800848239 -0.016830016830016836 -0.06326125956000377 0.043084103760883216 -0.01094291446288528 -0.011157318186428643 -0.00104635345819818 0.03568487510293714 -0.01319883096068634 -0.05518763796909493 0.11250131426769003 -0.07745933384972889 -0.04727116458960036 0.01131570826046703 0.10443864229765012 0.024134312696747113 0.10446765947988441 -0.012494793835901708 0.11397171059326346 -0.0669887985943334 0.10095585866179788 -0.01730852444829078 0.04568106312292359 -0.08845208845208846 0.11673151750972761 -0.06145193209040726 0.08822602667786997 -0.14163175743068024 0.04386422976501305 -0.08757876748905265 -0.0815296515577987 -0.04788985333732415 -0.08518062397372742 -0.01042456406368461 -0.0009943323058566166 -0.003319318433281698 -0.03000666814847744 0.08218569524655708 -0.012841466261965908 -0.07975329646958741 0.04913540583955399 -0.10218300046446818 0.02636976267213595 -0.06335900185203236 0.074 -0.0320786997433704 0.008658945773352092 -0.038238941711451 0.05971712938711367 -0.08786488333496045 0.08816236569014604 -0.037371806014253425 -0.01360891383856426 -0.07541748967498653 0.04296254786588214 -0.055521905915606705 0.045459350882757155 -0.03170577045022194 0.030465385019434816 -0.07410151908114117 -0.09494554593688913 -0.1286764705882353 -0.12257127292536771 -0.023732675147142588 -0.02092675635276532 -0.014165849406124007 -0.029501633126119482 -0.13339024650517556 -0.03802694480660583 -0.07418826476539166 0.0010355182768975884 -0.13238819972896906 -0.07101552196408643 -0.08106721395587481 -0.02271006813020439 -0.20073195075967615 -0.15933147632311978 -0.45683060109289625 -0.17062146892655367 -0.13004719454640798 -0.13701311411235076 -0.1879915595626319 -0.2565789473684211 -0.22167487684729062 -0.24100222953604417 -0.3367957192319798 -0.6891093288307303 -3.032567049808429 -0.3883688508265286 -0.11143754432175057 -0.2075725542955987 -0.13940057751667828 -0.31607402786442085 -0.07994333130945151 -0.12455516014234877 -0.10641330166270786 -0.17345703912868096 -0.04922304796834283 -0.15559195133364528
-0.029673590504451043 -0.02028397565922921 -0.000990000990000988 -0.05948446794448116 0.04936720222601202 -0.018238190771475468 -0.011157318186428643 -0.015695301872972692 0.03385488150791473 -0.02545488828132365 -0.042143287176399764 0.10619282935548313 -0.06750027664047804 -0.0386764073914912 0.023660117271885613 0.09399477806788512 0.030430220356768095 0.09446543676372528 -0.015618492294877134 0.10786608324005291 -0.05271249725455744 0.09665986467618945 -0.012981393336218089 0.0529485049833887 -0.08157248157248156 0.11373840167614487 -0.05520258306426414 0.07772292826383784 -0.14562138440055855 0.035509138381201046 -0.07262629499092169 -0.0805590604678249 -0.03691509528085403 -0.08620689655172413 0.007581501137225171 -0.005965993835139705 0.005532197388802831 -0.03667481662591687 0.0888494002665482 -0.015176278309596076 -0.07762654189706507 0.0368515543796655 -0.09103576405016256 0.03418302568610216 -0.05751047860415245 0.068 -0.027801539777587682 -0.0054118411083450575 -0.050640760644894575 0.05238344683080147 -0.08884115981646001 0.08081550188263387 -0.04780114722753346 -0.012758356723653993 -0.08080445322319985 0.03362286354721211 -0.06965475469412477 0.03171582619727244 -0.05072923272035511 0.029414854501523275 -0.06298629121897 -0.10797728753606999 -0.13061145510835914 -0.13437443254040313 -0.01898614011771407 -0.037867463876432486 -0.02506265664160401 -0.05478874723422189 -0.15259844200192083 -0.05106475445458497 -0.07996916851334426 -0.008284146215180697 -0.13760033357656626 -0.0659429846809374 -0.0944073884043099 -0.04109440899751271 -0.23843850504602418 -0.21615598885793874 -0.5737704918032787 -0.21920903954802257 -0.13529103303618248 -0.1702877275396359 -0.2052560905428736 -0.28101503759398494 -0.23304281924971576 -0.28877800191103087 -0.38505928024341624 -0.9550443224989447 -4.122605363984674 -0.5038836885082653 -0.11751595583020968 -0.21622141072458198 -0.16031066414418002 -0.330630068621335 -0.08399109492005666 -0.13953923955796965 -0.1282660332541568 -0.19967728922952804 -0.05308367918154618 -0.15910154422087036
-0.029673590504451043 -0.02950396459524248 -0.0198000198000198 -0.055707676328958546 0.04936720222601202 -0.02553346708006566 -0.017243128106298813 -0.030344250287747197 0.025619910330313845 -0.03771094560196097 -0.04013646397752358 0.09567868783513826 -0.06418059090406107 -0.03223033949290933 0.02880362102664335 0.08563968668407312 0.029380902413431265 0.08001778172927318 -0.018742190753852563 0.0987076422102371 -0.042828904019327915 0.08377188271936419 -0.0075724794461272185 0.049833887043189376 -0.07272727272727272 0.10874987528684028 -0.04791167586709717 0.06616952000840248 -0.14462397765808896 0.02924281984334204 -0.06835415999145573 -0.09608851790740561 -0.046892148059463234 -0.09954844006568145 0.005686125852918876 -0.010937655364422792 -0.008851515822084531 -0.055567903978661924 0.07441137272323411 -0.02685033854774691 -0.06592939174819225 0.024567702919777 -0.09939619136089177 0.04297294657681414 -0.050687201481625886 0.05800000000000001 -0.021385799828913598 -0.02489446909838727 -0.050640760644894575 0.037716081718177065 -0.0917699892609587 0.06612177426760953 -0.05388492960194681 -0.01786169941311559 -0.07362183515891542 0.017745400205473057 -0.06561679790026247 0.007400359446030234 -0.04438807863031071 0.017859018804496272 -0.07039644312708411 -0.1154239970213162 -0.13738390092879257 -0.14436172144543308 -0.026580596164799696 -0.04484304932735426 -0.03922850604772802 -0.08745126962385416 -0.16753814961050048 -0.06844850065189048 -0.09249445996724155 -0.01863932898415657 -0.1636610028145523 -0.07203002942071625 -0.10466906105695228 -0.05407159078620094 -0.2628368637018964 -0.2718662952646239 -0.6765027322404372 -0.25649717514124293 -0.14158363922391187 -0.21237032687414364 -0.21772491847304817 -0.3270676691729323 -0.2377794619173929 -0.34610892876101496 -0.4238799706221803 -1.2631912199240185 -5.277777777777778 -0.6144194383588927 -0.12359436733866884 -0.22871420334422451 -0.1812207507716818 -0.34102724059055933 -0.10119409026512852 -0.14890428919273274 -0.15106888361045132 -0.2319483662767245 -0.06466557282115626 -0.16495086569957884
-0.02880083784255542 -0.03503595795685045 -0.02475002475002475 -0.06420545746388442 0.057445471681177626 -0.02279773846434434 -0.006085809919870169 -0.02929789682954902 0.02744990392533626 -0.03865371924200999 -0.047160345173590204 0.09673010198717275 -0.07081996237689499 -0.03867640739149119 0.0298323217775949 0.08355091383812012 0.02623294858342077 0.07334963325183375 -0.02603082049146189 0.09565482853363182 -0.05381067428069406 0.07195789925894104 -0.0292081350064907 0.042566445182724254 -0.08648648648648649 0.1097475805647012 -0.06353504843245497 0.05671673143577356 -0.16457211250748055 0.025065274151436036 -0.054469721243191285 -0.11355915752693391 -0.03591739000299312 -0.10981116584564861 0.02274450341167551 -0.021875310728845583 0.015490152688647932 -0.07001555901311403 0.0844069302532208 -0.0478636469764184 -0.05635899617184177 0.014173674761409811 -0.07710171853228054 0.04199628870006837 -0.033141631737986156 0.052000000000000005 -0.01176218990590248 -0.03463578309340838 -0.051674245556014894 0.027239392352016768 -0.10348530703895342 0.06152998438791442 -0.0782200590996002 -0.026367270562218253 -0.0879870712874843 0.014943494909872046 -0.08782556026650515 -0.00528597103287874 -0.08137814415556965 2.7755575615628915e-18 -0.0731752500926269 -0.11821651307828354 -0.15576625386996906 -0.14890139822044673 -0.03797228023542814 -0.04484304932735426 -0.04794595183611203 -0.10220208618691391 -0.17607512538683173 -0.07605388961321165 -0.09923884767318625 -0.027958993476234855 -0.17825497758782446 -0.08014608907375469 -0.11493073370959468 -0.0638044771277171 -0.29388932017300656 -0.3353760445682451 -0.7945355191256831 -0.3005649717514124 -0.16780283167278448 -0.24270894499902132 -0.27335507385382696 -0.3721804511278195 -0.2785145888594164 -0.40025480411933323 -0.5015213513797083 -1.6156606162937948 -6.476053639846744 -0.7179844652459669 -0.11548981866072335 -0.2498558523928503 -0.196156526934183 -0.36286130172593056 -0.10524185387573366 -0.16388836860835362 -0.15391923990498813 -0.2611940298507463 -0.056944310394749544 -0.17781937295273748
-0.02181881654739047 -0.03872395353125576 -0.01683001683001683 -0.07270323859881031 0.06911408311641683 -0.01550246215575415 -0.0040572066132467804 -0.02825154337135084 0.022874919937780215 -0.045253134722353164 -0.04013646397752359 0.08937020292293134 -0.052008409870532256 -0.04834550923936399 0.039090628536158835 0.08041775456919062 0.014690451206715633 0.06112469437652812 -0.0385256143273636 0.0854787829449476 -0.04063254996705469 0.06980990226613683 -0.022717438338381652 0.032184385382059796 -0.0746928746928747 0.10874987528684026 -0.061451932090407245 0.040962083814725346 -0.1685617394773589 0.011488250652741516 -0.04272134999465983 -0.12035329515675046 -0.018956400279357476 -0.12417898193760264 0.03411675511751327 -0.03380729839912498 0.014383713210887366 -0.08779728828628583 0.067747667703243 -0.06303992528601447 -0.052105487026797105 0.01039402815836719 -0.07617278216442173 0.050786209590780354 -0.037040647236572764 0.05500000000000001 -0.021385799828913605 -0.03463578309340838 -0.07131045886730054 0.026191723415400735 -0.10250903055745386 0.059693268436036374 -0.07735094733182687 -0.03487284171132092 -0.08260010773927097 0.013075558046138042 -0.09489198465576419 -0.0074003594460302375 -0.10251532445571762 -0.009454774661203907 -0.08984809188588366 -0.1238015451922182 -0.1538312693498452 -0.14617759215543855 -0.04082020125308525 -0.046836073741903336 -0.06320148196578404 -0.11273838373195659 -0.18994771102337 -0.07931334202520643 -0.10501975142113884 -0.04245624935280108 -0.16991556343166894 -0.09434919346657197 -0.11903540277065164 -0.08218881799502542 -0.31496062992125984 -0.39442896935933147 -0.8896174863387978 -0.3242937853107345 -0.17724174095437858 -0.2838128792327265 -0.280069058123921 -0.41541353383458646 -0.2917771883289124 -0.4618324662915384 -0.5749659007449376 -2.034613761080625 -7.590996168582376 -0.7946624178450507 -0.12764664167764156 -0.26138766096482796 -0.20113511898835007 -0.35766271574131836 -0.11232544019429265 -0.17044390335268775 -0.17292161520190025 -0.28136345300524407 -0.0752823086574655 -0.17898923724847918
-0.0279280851806598 -0.04241194910566108 -0.02772002772002772 -0.08025682182985552 0.06283098465128803 -0.016414371694327926 -0.012171619839740338 -0.02615883645495448 0.0018299935950224222 -0.0509097765626473 -0.04615693357415212 0.0851645463147934 -0.04426247648555937 -0.062311989686291355 0.0298323217775949 0.0731070496083551 -0.010493179433368312 0.05223382973994221 -0.05414410662224074 0.0814083647094739 -0.05600702833296728 0.06658790677693052 -0.037862397230636086 0.026993355481727578 -0.08943488943488943 0.10874987528684026 -0.07603374648474118 0.025207436193677137 -0.17853580690205467 0.004177545691906004 -0.04912955249385881 -0.12423565951664564 -0.018956400279357476 -0.13341543513957307 0.021796815769522367 -0.03579596301083822 -0.003319318433281698 -0.07446099133140696 0.037760995113282986 -0.07121176745272004 -0.06061250531688643 0.01039402815836719 -0.07524384579656293 0.044926262330305694 -0.051661955356272535 0.05 -0.04170230966638152 -0.016235523325035178 -0.10644894584539066 0.01361969617600838 -0.1064141364834521 0.05142804665258518 -0.0782200590996002 -0.036573955941141455 -0.09247620757766205 0.013075558046138042 -0.10498687664041995 0.010571942065757477 -0.14056224899598396 -0.026263262947788635 -0.09818451278251204 -0.12938657730615283 -0.15963622291021673 -0.15071726893045218 -0.052211885323713694 -0.05181863477827603 -0.09153318077803205 -0.122221051522495 -0.18994771102337 -0.08800521512385918 -0.11465459100105983 -0.05074039556798178 -0.16991556343166894 -0.10246525311961044 -0.1375064135454079 -0.0984102952308857 -0.36930242874570257 -0.45905292479108645 -0.9628415300546449 -0.3129943502824859 -0.20241216570529627 -0.3102368369543942 -0.30788413581431034 -0.443609022556391 -0.33251231527093594 -0.5202250769720778 -0.7176581680830972 -2.8271422541156612 -8.154214559386974 -0.8105954989046007 -0.14385573903353258 -0.27099750144147605 -0.21208802150751768 -0.37325847369515486 -0.13054037644201577 -0.18542798276830866 -0.19382422802850358 -0.2944735780556676 -0.09458546472348231 -0.18717828731867103
-0.04451038575667656 -0.0599299280840863 -0.05544005544005544 -0.09347559248418467 0.04398168925590162 -0.019150100310049246 -0.04158636778577949 -0.02929789682954902 -0.04666483667307164 -0.058451965683039495 -0.04515352197471403 0.08411313216275891 -0.048688724134115305 -0.07735281478298238 0.016459212015224774 0.07519582245430811 -0.019937040923399794 0.055567903978661924 -0.06663890045814244 0.07632034191513178 -0.06039973643751373 0.052625926323703144 -0.0540891389009087 0.03114617940199335 -0.09828009828009829 0.10076823306395291 -0.0906155608790751 0.0010503098414032144 -0.18352284061440255 -0.004177545691906005 -0.06942219374132222 -0.1426768902261477 -0.04988526389304599 -0.17036124794745483 0.0047384382107657315 -0.05071094759868748 -0.033193184332817 -0.08224049788841964 -0.0211017325633052 -0.09222507588139155 -0.08507018290089323 0.0075592932060852295 -0.10868555503947978 0.02148647328840707 -0.06920752509991226 0.042 -0.05453378956372969 -0.020564996211711224 -0.135386523356759 0.004190675746464119 -0.11227179537244947 0.04316282486913399 -0.09299495915174694 -0.027217827677128527 -0.09786317112587538 0.004669842159335018 -0.11811023622047245 0.026429855164393702 -0.1733248784612133 -0.03466750709108099 -0.11670989255279733 -0.13683328679139906 -0.1876934984520124 -0.15707281641547122 -0.07119802544142775 -0.06278026905829596 -0.13185136754930804 -0.14013275734906755 -0.20808878454807384 -0.11516731855714905 -0.1416321418248386 -0.05798902350626488 -0.21682476806004378 -0.10855229785938927 -0.172396100564392 -0.1092246133881259 -0.4314073416879228 -0.5470752089136491 -1.0098360655737704 -0.2847457627118644 -0.22863135815416885 -0.3278528087688393 -0.3548820257049684 -0.47368421052631576 -0.3741947707464949 -0.578617687652617 -0.9201552827615149 -3.8497256226255807 -8.38793103448276 -0.8016331408086039 -0.16209097355890995 -0.2882952142994426 -0.2389724186000199 -0.3763776252859222 -0.1477433717870876 -0.20134856714740587 -0.2175771971496437 -0.3085921742638161 -0.11967956760930414 -0.19887693027608797
-0.056728923023215215 -0.06822791812649825 -0.07623007623007623 -0.09158719667642337 0.031415492325644015 -0.0310049243115083 -0.05680089258545491 -0.03976143141153081 -0.08051971818098638 -0.0669369284434807 -0.05017057997190448 0.07990747555462097 -0.07635277193758991 -0.06660936828534594 0.002057401501903096 0.06475195822454308 -0.030430220356768102 0.04112024894420982 -0.07496876301541025 0.07428513279739493 -0.0757742148034263 0.05799591880571366 -0.060579835569017734 0.04049003322259136 -0.10221130221130222 0.09677741195250923 -0.10415581710238517 -0.0021006196828064296 -0.18352284061440255 0.006266318537859007 -0.06621809249172275 -0.1426768902261477 -0.061857727227377035 -0.15086206896551724 0.011372251705837756 -0.04872228298697425 -0.028767426421774732 -0.0755723494109802 -0.039982230119946685 -0.08638804576231612 -0.09145044661846025 0.008504204856845887 -0.13098002786809101 0.030276394179119058 -0.07700555609708548 0.04 -0.05988023952095809 -0.011906050438359128 -0.15915667631252586 0.0041906757464641176 -0.11715317777994727 0.04316282486913399 -0.10081696506170694 -0.03402228459641066 -0.10145448015801758 0.004669842159335018 -0.1292146174035938 0.04651654508933291 -0.21665609807651665 -0.034667507091081 -0.11948869951834011 -0.14427999627664526 -0.21091331269349847 -0.16433629925549303 -0.08069109550028478 -0.07075236671649228 -0.16563146997929606 -0.13802549784005902 -0.20702166257603244 -0.12277270751847022 -0.1406686578668465 -0.06109557833695765 -0.22412175544667984 -0.12681343207872575 -0.18778860954335558 -0.14815615875419055 -0.5101474991682378 -0.6674094707520892 -0.9956284153005465 -0.26101694915254237 -0.2506554798112218 -0.34057545507927184 -0.38365624400537124 -0.4849624060150375 -0.41492989768851835 -0.6497505042998195 -1.2412128842723742 -5.009497678345293 -8.362068965517242 -0.7647878908583947 -0.1651301793131395 -0.29502210263309625 -0.27282684456835604 -0.37117903930131 -0.16697024893746204 -0.21071361678216896 -0.23087885985748216 -0.31161758773699066 -0.12740083003571084 -0.19185774450163778
-0.058474428347006446 -0.06546192144569427 -0.09009009009009009 -0.09441979038806533 0.02154205188044161 -0.037388291081524715 -0.06288670250532508 -0.05650308674270168 -0.09790465733369932 -0.06128028660318657 -0.04916716837246638 0.07359899064241404 -0.09295120061967467 -0.10098839707778255 -0.009258306758563935 0.05221932114882506 -0.03777544596012592 0.023338519671038012 -0.0728862973760933 0.06919711000305281 -0.08565780803865583 0.06229191279132209 -0.07356122890523582 0.012458471760797342 -0.11400491400491401 0.08181183278459543 -0.11977918966774295 -0.006301859048419288 -0.1845202473568721 0.011488250652741516 -0.07155826124105523 -0.14752984567601668 -0.07782101167315175 -0.16625615763546797 0.0018953752843062915 -0.06065427065725365 -0.02766098694401416 -0.10224494332073794 -0.054420257663260765 -0.0957272939528368 -0.09251382390472139 0.008504204856845884 -0.12819321876451462 0.016603183904678194 -0.07798030997173214 0.028000000000000004 -0.05346449957228401 -0.03788288775841541 -0.1860272840016536 0.0 -0.12105828370594551 0.03581596106162181 -0.09473318268729358 -0.052734541124436506 -0.10414796193212425 -0.011207621182404034 -0.1292146174035938 0.026429855164393695 -0.2747833439019235 -0.04622334278810799 -0.12041496850685438 -0.14707251233361257 -0.21091331269349847 -0.16796804067550392 -0.07784317448262768 -0.08071748878923768 -0.18088700010896808 -0.1359182383310505 -0.18674634510724578 -0.12929161234245978 -0.1416321418248386 -0.06316661489075283 -0.21786719482956324 -0.1491325961245815 -0.19805028219599793 -0.18492484048880722 -0.5800155262282356 -0.8066852367688023 -0.9726775956284154 -0.223728813559322 -0.270582066072365 -0.3464474456840869 -0.40571647803568006 -0.5225563909774436 -0.4518757104964001 -0.7389319460664614 -1.7217500786905888 -6.074292950612073 -7.890804597701151 -0.7179844652459668 -0.17323472799108502 -0.2940611185854315 -0.2708354077466893 -0.4034102724059056 -0.1700060716454159 -0.23225323094212397 -0.23847980997624701 -0.32371924162968935 -0.15925103754463854 -0.187178287318671
-0.05934718100890207 -0.0599299280840863 -0.09009009009009009 -0.10575016523463318 0.019746880890404807 -0.05106693416013132 -0.061872400852013384 -0.08789369048864706 -0.13358953243663646 -0.0659941548034317 -0.06522175396347582 0.07149616233834508 -0.10291025782892553 -0.10958315427589169 -0.008229606007612387 0.04490861618798955 -0.04197271773347324 0.004445432318292958 -0.07913369429404413 0.07021471456192123 -0.08785416209092906 0.05799591880571368 -0.07680657723929034 -1.3877787807814458e-18 -0.11990171990171991 0.07283248528384714 -0.13331944589105302 -0.014704337779645 -0.17753840015958505 0.004177545691906005 -0.06728612624158924 -0.14850043676599048 -0.07782101167315175 -0.17754515599343185 0.011372251705837754 -0.07556925524510291 -0.013277273733126798 -0.14669926650366746 -0.08773878276321634 -0.10623394816717253 -0.09889408762228838 0.0075592932060852295 -0.1198327914537854 0.00781326301396621 -0.07018227897455892 0.018 -0.04277159965782721 -0.06710682974347873 -0.20669698222405955 -0.0020953378732320575 -0.11910573074294639 0.03214252915786574 -0.10690074743612028 -0.05868844092880837 -0.10684144370623092 -0.021481273932941063 -0.12012921461740358 -0.011629136272333229 -0.3244557176072712 -0.055678117449311906 -0.12597258243793996 -0.14893418970492414 -0.21768575851393188 -0.17977120029053933 -0.07784317448262768 -0.10164424514200301 -0.2026806145799281 -0.14961542513960596 -0.17927649130295592 -0.14776184267709688 -0.155120917236728 -0.06627316972144559 -0.222036901907641 -0.167393730343918 -0.20625962031811182 -0.24007786309073215 -0.6842630586669625 -0.9370473537604458 -0.9125683060109291 -0.1830508474576271 -0.28736234923964343 -0.34155412018007436 -0.43832725877613665 -0.5216165413533834 -0.486926866237211 -0.8323601231553243 -2.188647571083832 -6.804558885605741 -7.03065134099617 -0.6423023302131049 -0.17222165940634182 -0.29021718239477223 -0.25589963158418805 -0.40860885839051775 -0.16697024893746204 -0.24349129050383964 -0.2403800475059382 -0.3489310205728116 -0.17179808898754945 -0.20355638745905474
-0.05847442834700647 -0.051631938041674354 -0.09405009405009404 -0.10575016523463317 0.016156538910331208 -0.06292175816159037 -0.05071508266558474 -0.11405252694360155 -0.13633452282917008 -0.07730743848401998 -0.059201284366847275 0.06623909157817265 -0.10401681974106451 -0.10636012032660076 -0.005143503754757743 0.030287206266318534 -0.04302203567681008 -0.02667259390975772 -0.0718450645564348 0.05698585529663173 -0.0834614539863826 0.05262592632370315 -0.074643011683254 -0.0010382059800664466 -0.114004914004914 0.05686920083807243 -0.13956879491719615 -0.02310681651087071 -0.16955914621982843 -0.0031331592689295027 -0.06301399124212324 -0.14655925458604288 -0.06784395889454256 -0.16933497536945813 0.018953752843062922 -0.08352391369195586 0.0022128789555211303 -0.18337408312958436 -0.09329187027987561 -0.11090357226243289 -0.09357720119098256 -0.004724558253803272 -0.10775661867162098 -0.005859947260474654 -0.06238424797738572 0.006 -0.029940119760479045 -0.10715445394523215 -0.20359652749069865 -0.01885804085908853 -0.12593966611344332 0.01836715951878042 -0.11646097688162697 -0.06549289784809051 -0.11581971628658647 -0.03549080041094611 -0.10397738744195437 -0.054974098741938905 -0.33713802578736 -0.06408236159260428 -0.12597258243794 -0.15358838313320303 -0.20801083591331268 -0.18158707100054478 -0.086386937535599 -0.12556053811659193 -0.2157567832625041 -0.1601517226846486 -0.16220253975029347 -0.166232073011734 -0.1522304653627517 -0.08284146215180699 -0.2209944751381216 -0.17246626762706704 -0.20831195484864035 -0.3028009084027252 -0.8195630475767995 -1.0105849582172701 -0.8021857923497269 -0.14350282485875704 -0.3009963293130572 -0.35427676649050693 -0.45655093036639177 -0.5281954887218044 -0.533345964380447 -0.9587004989914003 -2.8758787115727626 -7.104263402279443 -5.9913793103448265 -0.5496912965544712 -0.17323472799108502 -0.2940611185854315 -0.2578910684058549 -0.4158868787689748 -0.17708965796397488 -0.26877692451769997 -0.23467933491686463 -0.3731343283582089 -0.17469356239745198 -0.22344408048666353
-0.057601675685110834 -0.051631938041674354 -0.10494010494010493 -0.12180152960060428 0.017951709900368006 -0.062009848623016596 -0.03651485951922101 -0.1307941822747724 -0.12260957086650195 -0.06693692844348073 -0.062211519165161544 0.05046787929765535 -0.10954962930175945 -0.12462397937258271 -0.00617220450570929 0.02193211488250653 -0.0440713536201469 -0.03556345854634363 -0.055185339441899184 0.04986262338455276 -0.09334504722161212 0.04725593384169262 -0.07464301168325399 -0.008305647840531562 -0.11695331695331694 0.04788985333732415 -0.14269346943026767 -0.018905577145257854 -0.15858767205266308 -0.0031331592689295036 -0.0715582612410552 -0.15529457439580702 -0.07482789583956899 -0.166256157635468 0.01326762699014405 -0.080540916774386 0.019915910599690202 -0.21449210935763502 -0.0866281652598845 -0.10506654214335746 -0.09464057847724372 -0.0028347349522819623 -0.117045982350209 -0.009766578767457759 -0.06530850960132567 0.007999999999999998 -0.01817792985457656 -0.12338997727026732 -0.18499379909053326 -0.022001047668936614 -0.11812945426144683 0.0174488015428414 -0.10690074743612028 -0.07144679765246237 -0.11402406177051534 -0.037358737274680115 -0.08378760347264283 -0.07294640025372662 -0.3255125766222786 -0.06723395314633888 -0.13245646535753983 -0.1498650283905799 -0.2128482972136223 -0.17795532958053387 -0.09398139358268462 -0.13751868460388642 -0.2212051868802441 -0.15909809293014435 -0.13659161242129975 -0.16623207301173404 -0.1503034974467675 -0.09837423630527078 -0.23558844991139374 -0.18666937201988434 -0.22370446382760392 -0.3785011355034066 -1.0580015526228237 -1.0206128133704735 -0.6885245901639345 -0.09943502824858755 -0.303093864708967 -0.3581914268937169 -0.4517552273163246 -0.5347744360902256 -0.5674497915877226 -1.144495169338571 -3.7435736019305423 -7.043056141831995 -4.9176245210727965 -0.4511053574985063 -0.1742477965758282 -0.2969440707284259 -0.24892960270835407 -0.4148471615720524 -0.1781015988666262 -0.26690391459074736 -0.21662707838479817 -0.36910044372730944 -0.16021619534793938 -0.2269536733738886
-0.05498341769942398 -0.05255393693527568 -0.08316008316008316 -0.12935511283164952 0.02513239386051521 -0.06109793908444283 -0.03651485951922102 -0.14335042377315058 -0.10613962851130021 -0.06693692844348072 -0.04916716837246638 0.044159394385448435 -0.08520526723470177 -0.12140094542329179 0.004114803003806193 0.016710182767624017 -0.05246589716684156 -0.03556345854634363 -0.037484381507705125 0.05189783250228961 -0.07687239182956293 0.049403930834496824 -0.061661618347035915 -0.00622923588039867 -0.113022113022113 0.042901326948019555 -0.14269346943026767 -0.01575464762104821 -0.1426291641731498 -0.00731070496083551 -0.06728612624158922 -0.14752984567601668 -0.040905916392297716 -0.1621510673234811 0.028430629264594387 -0.07755791985681615 0.0165965921664085 -0.2256056901533674 -0.067747667703243 -0.09339248190520662 -0.09783071033602722 -0.0009449116507606548 -0.11240130051091499 -0.014649868151186638 -0.06725801735061897 0.013999999999999999 -0.03421727972626176 -0.13421365948695746 -0.17982637453493178 -0.017810371922472496 -0.1015327540759543 0.02387730737441454 -0.09038762384842688 -0.07144679765246237 -0.1032501346740887 -0.032688895115345104 -0.07470220068645267 -0.08034675969975685 -0.30648911435214543 -0.05988023952095807 -0.13153019636902558 -0.13962580284836634 -0.19349845201238391 -0.16070455783548213 -0.09303208657679893 -0.14050822122571002 -0.2288329519450801 -0.15066905489411023 -0.1227190267847615 -0.16188613646240768 -0.13970517390885445 -0.10148079113596356 -0.20118836651725217 -0.19985796895607183 -0.23807080554130322 -0.48664431707580835 -1.4206498835532881 -0.9871866295264622 -0.5748633879781421 -0.05649717514124293 -0.2894598846355532 -0.3435114503816794 -0.42873585267600234 -0.5366541353383458 -0.608184918529746 -1.425841384435715 -4.710943237855419 -6.826720135078093 -3.75095785440613 -0.35550687114120694 -0.17019552223685547 -0.28252931001345377 -0.21706661356168477 -0.41068829278436264 -0.16697024893746204 -0.26690391459074736 -0.2156769596199525 -0.34288019362646227 -0.13994788147862175 -0.2234440804866636
-0.057601675685110834 -0.0433339479992624 -0.0712800712800713 -0.12368992540836561 0.022439637375460012 -0.05197884369870509 -0.06998681407850695 -0.13916500994035785 -0.09881965413121054 -0.06128028660318656 -0.048163756773028296 0.05467353590579329 -0.08409870532256279 -0.10850880962612805 0.0 0.021932114882506532 -0.06820566631689402 -0.01889308735274505 -0.0333194502290712 0.05800345985550015 -0.07687239182956292 0.05477392331650734 -0.049762007788835994 -0.009343853820598009 -0.11302211302211303 0.03791280055871496 -0.14790126028538692 -0.009452788572628929 -0.12667065629363655 -0.00835509138381201 -0.07155826124105522 -0.14170629913617389 -0.048887558615185074 -0.15701970443349755 0.018953752843062926 -0.06761459679824998 -0.016596592166408505 -0.22004889975550118 -0.05442025766326077 -0.08288582769087087 -0.11271799234368354 0.0037796466030426135 -0.13005109150023222 -0.019533157534915517 -0.08090457159567209 0.022 -0.060949529512403754 -0.13421365948695746 -0.1705250103348491 -0.01676270298585647 -0.10250903055745386 0.026632381302231604 -0.0712671649574135 -0.06209066938844944 -0.10145448015801761 -0.02708508452414309 -0.085806581869574 -0.08457553652605984 -0.2832382160219827 -0.05462758693140035 -0.13430900333456836 -0.13962580284836637 -0.17124613003095976 -0.15979662248047938 -0.09303208657679893 -0.15645241654210265 -0.2386400784570121 -0.1359182383310505 -0.10884644114822321 -0.1553672316384181 -0.13874168995086233 -0.10148079113596353 -0.19597623266965497 -0.20493050623922088 -0.280143663417137 -0.5926246350167622 -1.7866252633913717 -0.95041782729805 -0.46229508196721314 -0.012429378531073438 -0.2842160461457787 -0.33861812487766685 -0.40571647803568 -0.5432330827067668 -0.6726032588101554 -1.71143433485508 -5.482111006190326 -6.573448712536935 -2.5852490421455943 -0.2768372834096794 -0.18944382534697599 -0.2729194695368057 -0.2041222742208503 -0.39405281763360367 -0.17405383525602103 -0.2547293500655553 -0.23372921615201897 -0.3237192416296894 -0.14284335488852426 -0.2234440804866636
-0.0654564496421714 -0.04517794578646506 -0.0801900801900802 -0.12841091492776888 0.01705412440534961 -0.04924311508298378 -0.09128714879805253 -0.14335042377315058 -0.09149967975112086 -0.056566418402941444 -0.05619104956853301 0.05572495005782778 -0.10069713400464755 -0.10636012032660076 -0.015430511264273222 0.01879895561357702 -0.07135362014690452 -0.014447655034452101 -0.018742190753852563 0.06716190088531596 -0.08675598506479243 0.05047792933089893 -0.0411077455646906 0.007267441860465117 -0.12383292383292384 0.0349196847251322 -0.161441516508697 -0.006301859048419287 -0.12068621583881908 -0.008355091383812008 -0.07903449749012068 -0.13297097932640978 -0.06285543250523795 -0.14059934318555006 0.010424564063684607 -0.038778959928408074 -0.047576897543704366 -0.20560124472104913 -0.037760995113282986 -0.06187251926219939 -0.12547851977881752 0.014173674761409811 -0.13748258244310263 -0.013673210274440864 -0.08577834096890535 0.044 -0.080196749358426 -0.1288018183786124 -0.15088879702356345 -0.008381351492928232 -0.11617690129844771 0.027550739278170627 -0.07908917086737352 -0.04593008420515438 -0.11581971628658647 -0.008405715886803023 -0.10397738744195437 -0.08668992493921134 -0.2747833439019235 -0.04412228175228491 -0.13430900333456836 -0.14055664153402214 -0.18092105263157895 -0.16161249319048482 -0.11011961268274159 -0.16940707523667164 -0.23646071700991608 -0.1359182383310505 -0.09604097748372639 -0.15862668405041289 -0.1503034974467675 -0.09112560836698767 -0.21473991452100488 -0.20188698386933143 -0.3458183683940482 -0.755920839191089 -2.066097371631363 -0.8947075208913648 -0.3595628415300547 0.02598870056497175 -0.29680125852123757 -0.32883147386964184 -0.4153078841358144 -0.5422932330827067 -0.7919666540356195 -2.1732668011466183 -5.954254537823943 -6.21464753060363 -1.4923371647509576 -0.2101175064728142 -0.18741768817748963 -0.2594656928694984 -0.19615652693418298 -0.3826159284674569 -0.18113742157458004 -0.24161828057688703 -0.22992874109263658 -0.3075837031060912 -0.12354019882250747 -0.2199344875994385
-0.06196543899458893 -0.04241194910566108 -0.06930006930006931 -0.12652251912000756 0.024234808365496813 -0.06109793908444283 -0.08824424383811745 -0.1475358376059433 -0.06862475981334062 -0.05373809748279438 -0.06120810756572346 0.05677636420986226 -0.10622994356534247 -0.10636012032660076 -0.016459212015224774 0.01462140992167102 -0.0640083945435467 -0.02000444543231829 -0.0083298625572678 0.06919711000305281 -0.08126509993410938 0.047255933841692625 -0.03137170056252704 0.004152823920265782 -0.11891891891891893 0.029931158335827594 -0.15310905114050619 0.004201239365612856 -0.11370436864153204 0.0010443864229765024 -0.07796646374025419 -0.13685334368630495 -0.061857727227377035 -0.12931034482758622 0.012319939347990902 -0.05369394451625733 -0.04868333702146492 -0.22449433207379416 -0.008884940026654825 -0.058370301190754134 -0.13185878349638452 0.01700840971369177 -0.14026939154667903 -0.01464986815118664 -0.07798030997173214 0.039999999999999994 -0.08447390932420872 -0.1461197099253166 -0.12505167424555602 0.0020953378732320588 -0.11129551889094991 0.02663238130223161 -0.07822005909960021 -0.04507952709024411 -0.11133057999640868 -0.010273652750537026 -0.10902483343428224 -0.1036050322444233 -0.23673641936165715 -0.027313793465700183 -0.1417191552426825 -0.14055664153402214 -0.17414860681114552 -0.16524423461049573 -0.12151129675337005 -0.1863477827603388 -0.2146671025389561 -0.11695290274997365 -0.07576566001493971 -0.14341590612777053 -0.15415743327873593 -0.08594801698249974 -0.24184301052851037 -0.22420614791518717 -0.4751154438173423 -1.1528063155618038 -2.04391704558057 -0.8122562674094709 -0.2699453551912569 0.05649717514124295 -0.2936549554273729 -0.31513016245840675 -0.4210627277958949 -0.5808270676691729 -1.1472148541114058 -2.89202675443253 -5.857727415801071 -5.424229632756438 -0.9214559386973182 -0.16729735112527386 -0.18944382534697599 -0.26234864501249283 -0.19217365329084932 -0.37533790808899986 -0.16899413074276462 -0.2434912905038397 -0.20997624703087886 -0.2954820492133925 -0.09941125373998648 -0.2117454375292466
-0.06632920230406703 -0.02765996680803983 -0.07029007029007031 -0.12085733169672364 0.030517906830625618 -0.07477658216304943 -0.08722994218480576 -0.1370723030239615 -0.04483484307804922 -0.042424813802206085 -0.06120810756572346 0.058879192513931235 -0.11176275312603741 -0.0827245380318006 -0.010287007509515481 0.01671018276762402 -0.052465897166841545 -0.006668148477439425 0.011453561016243235 0.07835555103286862 -0.07797056885569954 0.060143915798517876 -0.016226741670272615 -0.004152823920265782 -0.11302211302211303 0.024942631946522995 -0.13956879491719615 0.022056506669467492 -0.09974067424695791 0.007310704960835512 -0.08117056498985367 -0.12617684169659324 -0.053876085004489684 -0.10467980295566504 0.015163002274450343 -0.06860892910410661 -0.043151139632662094 -0.21115803511891534 0.026654820079964458 -0.04202661685734298 -0.12547851977881752 0.02173296796749504 -0.12447747329307941 0.003906631506983105 -0.06433375572667901 0.028000000000000004 -0.080196749358426 -0.13962550059530252 -0.10128152128978918 0.01571503404924044 -0.11422434833544859 0.03489760308568279 -0.05996871197636017 -0.05443565535425704 -0.10055665289998203 -0.022415242364808068 -0.10296789824348877 -0.11734855692990802 -0.20503064891143521 -0.014707427250761634 -0.14079288625416822 -0.1377641254770548 -0.15770123839009287 -0.1715997820955148 -0.13005505980634136 -0.20029895366218234 -0.18960444589735212 -0.09798756716889687 -0.05762458649023585 -0.11842677096914382 -0.1512669814047596 -0.08284146215180697 -0.2522672782237048 -0.24551080450441312 -0.5962031811185223 -1.5021087920406617 -2.0161916380170792 -0.701949860724234 -0.20437158469945355 0.07231638418079096 -0.2852648138437336 -0.31023683695439425 -0.4162670247458277 -0.631578947368421 -1.5005683971201211 -3.457904236118484 -5.690903367957192 -4.394259181089067 -0.6465517241379312 -0.14738099980083647 -0.17222165940634182 -0.24505093215452628 -0.18022503236084836 -0.3597421501351633 -0.15887472171625178 -0.23787226072298182 -0.19192399049881234 -0.27228721258572003 -0.08107325547727051 -0.18951801591015444
-0.05061965438994589 -0.02858196570164116 -0.0594000594000594 -0.12935511283164952 0.05205995871106722 -0.09119095385737737 -0.0791155289583122 -0.1276551219001779 -0.014639948760179345 -0.03582539832186292 -0.052177403170780665 0.06308484912206919 -0.0984840101803696 -0.09454232917920069 -0.0020574015019030976 0.011488250652741516 -0.046169989506820566 0.0033340742387197144 0.01874219075385256 0.07632034191513178 -0.06589062156819679 0.05477392331650736 -0.00540891389009087 -0.01557308970099668 -0.11105651105651107 0.007981642222887358 -0.12602853869388606 0.025207436193677137 -0.09475364053461001 -0.0010443864229765002 -0.07689842999038768 -0.1290886149665146 -0.053876085004489684 -0.11083743842364532 0.022744503411675512 -0.08849557522123894 -0.04868333702146493 -0.2067126028006224 0.04220346512661039 -0.03969180480971281 -0.1105912377711612 0.0028347349522819614 -0.1226196005573618 -0.0009766578767457764 -0.051661955356272535 0.005 -0.07591958939264329 -0.15261391925533066 -0.08061182306738321 0.012572027239392353 -0.10934296592795081 0.027550739278170634 -0.05214670606640015 -0.05783788381389811 -0.08619141677141316 -0.04669842159335015 -0.09186351706036745 -0.13637805264827146 -0.16909744240118368 -0.016808488286584728 -0.13986661726565394 -0.13590244810574326 -0.15479876160990713 -0.18521881242055566 -0.14619327890639833 -0.216243148978575 -0.16672115070284413 -0.09271941839637553 -0.042684878881656174 -0.1108213820078227 -0.1464495616147991 -0.09423216319768044 -0.2699885333055353 -0.28406208785634574 -0.7655207798871216 -1.737860927868498 -1.9429965620494625 -0.566016713091922 -0.16174863387978142 0.07796610169491525 -0.26009438909281596 -0.3210021530632218 -0.40475733742566666 -0.7340225563909775 -2.007389162561576 -3.84860388576282 -5.370894974294408 -3.228155339805825 -0.5296934865900382 -0.15733917546305518 -0.1651301793131395 -0.24120699596386702 -0.16230210096584688 -0.37845705967976706 -0.13458814005262093 -0.2472373103577449 -0.1700712589073634 -0.2611940298507463 -0.06852620403435963 -0.1918577445016378
-0.04887414906615465 -0.029503964595242488 -0.05544005544005544 -0.13785289396657538 0.07270442509649044 -0.10486959693598394 -0.06897251242519525 -0.11405252694360155 0.009149967975112088 -0.03865371924200999 -0.060204695966285374 0.06308484912206919 -0.09627088635609163 -0.09346798452943705 -0.001028700750951548 0.0010443864229765024 -0.045120671563483726 0.008890864636585913 0.017700957934194086 0.07021471456192123 -0.06149791346365034 0.0440339383524863 0.009736045002163563 -0.022840531561461794 -0.10417690417690417 -0.0069839369450264395 -0.11040516612852831 0.021006196828064278 -0.08876920007979253 -0.01462140992167102 -0.08117056498985367 -0.13297097932640978 -0.04589444278160232 -0.12007389162561577 0.045489006823351025 -0.10639355672665804 -0.04425757911042266 -0.1844854412091576 0.057752110173256335 -0.029185150595377067 -0.1105912377711612 -0.004724558253803271 -0.1189038550859266 0.008789920890711983 -0.036065893361926116 -0.006000000000000004 -0.07271171941830626 -0.1385431323736335 -0.06717651922281934 0.00419067574646412 -0.10250903055745386 0.01928551749471944 -0.0365026942464801 -0.06974568342264184 -0.06554138983659544 -0.06537779023069021 -0.0807591358772461 -0.12157733375621102 -0.1500739801310505 -0.018909549322407817 -0.14264542423119675 -0.1461416736479568 -0.1635061919504644 -0.20156164881060468 -0.16138219100056955 -0.22620827105132038 -0.1449275362318841 -0.090612158887367 -0.035215025077366346 -0.10212950890916991 -0.1435591097408228 -0.11287149218183701 -0.2731158136140936 -0.3408745054276149 -0.9820420728578758 -1.8752027684654482 -1.8531662415437513 -0.407799442896936 -0.11038251366120219 0.05875706214689265 -0.2464604090194022 -0.34155412018007436 -0.4105121810857472 -0.8599624060150376 -2.6923076923076925 -4.048200445907209 -4.879865701395447 -2.1169269734065006 -0.407088122605364 -0.17327225652260508 -0.16209097355890995 -0.24120699596386702 -0.16927212984168077 -0.37533790808899986 -0.12042096741550294 -0.2388087656864581 -0.15201900237529692 -0.24102460669624853 -0.05790946819805039 -0.1918577445016378
-0.043637633094780935 -0.04425594689286373 -0.0683100683100683 -0.1397412897743367 0.07360201059150885 -0.11398869232172168 -0.06694390911857187 -0.09417181123783613 0.02744990392533626 -0.03959649288205902 -0.04214328717639976 0.05677636420986226 -0.08741839105897975 -0.09024495058014612 -0.004114803003806191 0.0031331592689295045 -0.03567681007345225 0.03334074238719716 0.022907122032486474 0.0732675282385265 -0.06808697562047003 0.0429599398560842 -0.004327131112072698 -0.01972591362126246 -0.114004914004914 -0.01197246333433104 -0.09998958441828977 0.029408675559289988 -0.09176142030720127 -0.012532637075718018 -0.0993271387375841 -0.14170629913617394 -0.07283248528384716 -0.12623152709359606 0.029378316906747536 -0.1153425474793676 -0.058641292321310025 -0.144476550344521 0.06108396268325189 -0.023348120476301654 -0.10527435133985538 -0.011338939809127847 -0.12076172782164421 0.009766578767457759 -0.036065893361926116 -0.012 -0.07485029940119761 -0.10498971750189415 -0.06614303431169906 0.008381351492928235 -0.10739041296495166 0.015612085590963354 -0.04345558838866679 -0.0680445691928213 -0.07631531693302208 -0.08499112729989726 -0.08580658186957399 -0.09197589597209006 -0.14584654407102093 -0.01575795776867318 -0.14727676917376809 -0.15451922181885877 -0.17124613003095976 -0.2179044852006537 -0.17752041010062652 -0.22321873442949677 -0.11550615669608803 -0.07270045306079444 -0.020275317468786684 -0.07931334202520643 -0.12814336641294924 -0.13254633944289115 -0.2897946419264047 -0.4078319975651821 -1.2601334017444843 -1.911971450200065 -1.7289564156593105 -0.2462395543175488 -0.07431693989071039 0.062146892655367235 -0.23911903513371788 -0.3611274221961245 -0.4306541338960292 -1.0404135338345866 -3.4965896172792723 -4.090667799129419 -4.387787220648411 -1.2695230054875475 -0.3448275862068965 -0.16729735112527386 -0.17120859082159862 -0.24889486834518548 -0.18022503236084836 -0.38573508005822416 -0.11232544019429265 -0.23693575575950554 -0.14156769596199523 -0.20572811617587736 -0.04922304796834283 -0.18249883013570428
-0.04712864374236342 -0.059007929190484976 -0.06039006039006038 -0.1359644981588141 0.07180683960147204 -0.11581251139886924 -0.07810122730500052 -0.06592026786648529 0.025619910330313845 -0.03771094560196096 -0.0381296407786474 0.04836505099358638 -0.0907380767953967 -0.09239363987967339 -0.013373109762370125 0.004177545691906005 -0.03147953830010493 0.06001333629695488 0.02811328613077884 0.08039076015060546 -0.07906874588183614 0.0418859413596821 -0.01081782778018174 -0.026993355481727578 -0.12088452088452088 -0.010974758056470118 -0.09165711905009895 0.03466022476630606 -0.09275882704967085 -0.006266318537859009 -0.1035992737370501 -0.14752984567601668 -0.07881871695101267 -0.13136288998357964 0.016110689916603485 -0.11931987670279409 -0.07191856605443682 -0.10446765947988441 0.057752110173256335 -0.022180714452486573 -0.1020842194810719 -0.0009449116507606548 -0.13283790060380862 0.020509815411661296 -0.046788185983039285 -0.013999999999999995 -0.0855431993156544 -0.06494209330014071 -0.06614303431169906 0.0178103719224725 -0.09762764814995606 0.016530443566902375 -0.047801147227533466 -0.06634345496300077 -0.0763153169330221 -0.09059493789109928 -0.09085402786190187 -0.05180251612221163 -0.14056224899598393 -0.006303183107469272 -0.15561319007039648 -0.16103509261844923 -0.19059597523219815 -0.2278917741056837 -0.18796278716536927 -0.20627802690582958 -0.09589190367222404 -0.04952059846170056 -0.023476683384910896 -0.06192959582790092 -0.1310338182869255 -0.13979496738117428 -0.31689773793391013 -0.4829055493557878 -1.5638789122626988 -1.8979128365956526 -1.5626039702783627 -0.1381615598885794 -0.0633879781420765 0.05423728813559322 -0.22338751966439432 -0.36602074770013704 -0.44408210243621715 -1.2593984962406015 -4.339712012125806 -4.017411614821106 -3.6596369740845667 -0.8104685521317012 -0.29310344827586204 -0.18123879705238 -0.17019552223685544 -0.25273880453584474 -0.19217365329084932 -0.3815762112705344 -0.10119409026512849 -0.22195167634388463 -0.12541567695961994 -0.17950786607503022 -0.04343210114853778 -0.18249883013570428
-0.043637633094780935 -0.06269592476489029 -0.04752004752004752 -0.13029931073553017 0.06552374113634324 -0.12037205909173812 -0.07708692565168881 -0.05231767290990896 0.025619910330313845 -0.04996700292259828 -0.03311258278145695 0.06413626327410367 -0.10401681974106451 -0.06875805758487322 -0.024688818022837157 0.013577023498694519 -0.02623294858342077 0.0722382751722605 0.018742190753852563 0.08547878294494758 -0.07138150669887985 0.0418859413596821 -0.0054089138900908695 -0.024916943521594685 -0.11793611793611794 -1.3877787807814458e-18 -0.08019997916883657 0.035710534607709274 -0.0907640135647317 0.0010443864229765017 -0.08757876748905265 -0.14655925458604288 -0.07283248528384714 -0.13752052545155993 0.0037907505686125818 -0.12230287362036393 -0.08077008187652135 -0.08112913980884641 0.054420257663260765 -0.029185150595377074 -0.0988940876222884 -6.938893903907229e-19 -0.13748258244310263 0.024416446918644398 -0.05556097085485915 -0.022 -0.0962360992301112 -0.0465418335317675 -0.07751136833402233 0.020953378732320588 -0.09958020111295518 0.009183579759390211 -0.04606292369198679 -0.06464234073318023 -0.07900879870712874 -0.0961987484823013 -0.09085402786190186 -0.040173379849878434 -0.13739167195096175 -0.007353713625380816 -0.1491293071507966 -0.170343479475007 -0.1828560371517028 -0.2442346104957327 -0.19555724321245488 -0.19730941704035873 -0.07191892775416803 -0.04109156042566642 -0.02240956141286949 -0.0651890482398957 -0.12332594662298872 -0.1522211867039453 -0.33461899301574066 -0.5691386831693213 -1.840944073884043 -1.8676327457553803 -1.279804813130753 -0.08690807799442896 -0.052459016393442616 0.0463276836158192 -0.2149973780807551 -0.3699354081033471 -0.4843660080567811 -1.4783834586466167 -5.184729064039409 -3.8793927168489226 -2.7405308991711257 -0.6574504010130856 -0.27586206896551724 -0.1872137024497112 -0.16310404214365312 -0.23448010763021335 -0.18022503236084833 -0.3670201705136203 -0.09714632665452336 -0.2182056564899794 -0.12351543942992874 -0.16538926986688182 -0.04825789016504199 -0.18249883013570428
-0.04800139640425903 -0.049787940254471696 -0.057420057420057416 -0.11613634217732036 0.04936720222601203 -0.11216487324457414 -0.06795821077188355 -0.0251124829967563 0.021959923140269004 -0.040539266522108035 -0.04214328717639976 0.06623909157817263 -0.12946774372026115 -0.06983240223463687 -0.04732023454377122 0.01566579634464752 -0.01783840503672613 0.08224049788841965 0.008329862557267805 0.08547878294494758 -0.09005051614320228 0.04618193534529052 -0.022717438338381652 -0.01764950166112957 -0.13857493857493858 0.010974758056470118 -0.08540777002395585 0.040962083814725346 -0.10672252144424496 0.00731070496083551 -0.08757876748905265 -0.14073570804620011 -0.09777511723037015 -0.1221264367816092 -0.018953752843062926 -0.10937655364422791 -0.06085417127683115 -0.04889975550122248 0.05219902265659707 -0.018678496381041326 -0.10102084219481071 -0.001889823301521308 -0.13748258244310263 0.02929973630237328 -0.07213178672385223 -0.018000000000000002 -0.08340461933276304 -0.023812100876718263 -0.08061182306738324 0.020953378732320588 -0.11227179537244947 0.009183579759390208 -0.061706935511906834 -0.05188398400952624 -0.10773927096426647 -0.0943308116185673 -0.09792045225116089 -0.025372660957817955 -0.1564151342210949 -0.008404244143292362 -0.14727676917376806 -0.1694126407893512 -0.20994582043343657 -0.24332667514072998 -0.20315169925954052 -0.1783756851021425 -0.05012531328320803 -0.021072595090085345 -0.0245438053569523 -0.05323772272924815 -0.12814336641294924 -0.16464740602671638 -0.39091003856979045 -0.6736329512021914 -2.099538224730631 -1.7854439277603547 -0.8971941887545747 -0.06462395543175488 -0.053551912568306013 0.04406779661016949 -0.23597273203985317 -0.3816793893129771 -0.5639746786878956 -1.7415413533834587 -5.960591133004927 -3.5991081855823337 -1.741685027804008 -0.6015196285352469 -0.2940613026819924 -0.18522206731726748 -0.16411711072839633 -0.22775321929655967 -0.196156526934183 -0.3451861093782492 -0.10119409026512852 -0.20228507211088215 -0.10546318289786223 -0.1593384429205325 -0.05983978380465207 -0.18015910154422085
-0.0558561703613196 -0.04517794578646506 -0.0683100683100683 -0.11047115475403646 0.030517906830625625 -0.10851723509027907 -0.04970078101227306 -0.010463534581981791 0.012809955165156919 -0.029225982841519747 -0.04214328717639976 0.054673535905793304 -0.14606617240234593 -0.09776536312849163 -0.06069334430614134 0.012532637075718018 -0.005246589716684158 0.08224049788841967 0.00728862973760933 0.08446117838607917 -0.08785416209092906 0.0418859413596821 -0.028126352228472522 -0.010382059800664454 -0.15036855036855037 0.025940337224383915 -0.07707530465576502 0.0451633231803382 -0.11470177538400159 0.010443864229765013 -0.10146320623731708 -0.13491216150635735 -0.1097475805647012 -0.13546798029556648 -0.04548900682335103 -0.1083822213383713 -0.04757689754370435 -0.028895310068904202 0.038871612616614835 -0.005837030119075417 -0.09889408762228838 0.0037796466030426156 -0.15420343706456105 0.012696552397695089 -0.09455112584072523 -0.029000000000000005 -0.06736526946107785 -0.014070786881697156 -0.08681273253410501 0.024096385542168676 -0.11422434833544859 0.007346863807512168 -0.06952894142186686 -0.052734541124436506 -0.11402406177051534 -0.09713271691416829 -0.07066424389259034 -0.011629136272333227 -0.15324455717607272 -5.204170427930421e-19 -0.16117080400148204 -0.1722051568463185 -0.23413312693498453 -0.25966951153077905 -0.2154926903360547 -0.15844544095665172 -0.042497548218372025 -0.01158992729954694 -0.030946537189200728 -0.044545849630595394 -0.1435591097408228 -0.1708605156881019 -0.4451162305848014 -0.780156234148321 -2.288353001539251 -1.685952200713745 -0.515692580680936 -0.03231197771587744 -0.05683060109289617 0.05084745762711864 -0.24331410592553754 -0.3944020356234097 -0.6282370995587953 -2.066729323308271 -6.555513452065176 -3.296528293874084 -0.9180568670653658 -0.5339805825242717 -0.29022988505747127 -0.17426807408882694 -0.17019552223685547 -0.22390928310590041 -0.208105147864184 -0.34310667498440417 -0.10726573568103621 -0.1901105075856902 -0.09026128266033254 -0.14118596208148448 -0.0627352572145546 -0.1602714085166121
-0.05411066503752836 -0.04148995021205974 -0.07821007821007821 -0.09347559248418469 0.011668611435239201 -0.11490060186029546 -0.03550055786590932 -0.009417181123783614 0.008234971177600876 -0.029225982841519744 -0.03511940598033313 0.05782777836189675 -0.139426800929512 -0.09131929522990975 -0.0555498405513836 0.025065274151436036 0.006295907660020986 0.08779728828628586 0.010412328196584757 0.08446117838607917 -0.08675598506479244 0.05262592632370315 -0.04110774556469061 -0.01661129568106312 -0.14545454545454545 0.03192656889154944 -0.06770128111655035 0.05671673143577355 -0.11869140235387991 0.017754569190600523 -0.10253123998718358 -0.1300592060564884 -0.1147361069540058 -0.14778325123152708 -0.05875663381349507 -0.12429153823207717 -0.019915910599690202 -0.034452100466770386 0.03665037760995112 -0.014008872285780993 -0.09038706933219906 -0.0037796466030426148 -0.15327450069670226 0.007813263013966211 -0.10137440296325177 -0.05000000000000001 -0.037425149700598806 -0.02164736443338024 -0.07854485324514263 0.009429020429544263 -0.11617690129844771 0.0064285058315731464 -0.06518338258300019 -0.048481755549885173 -0.12300233435087089 -0.1018025590735033 -0.051483949121744386 0.0010571942065757483 -0.1532445571760727 0.006303183107469271 -0.1565394590589107 -0.17220515684631854 -0.2428405572755418 -0.2696568004358089 -0.20979684830074047 -0.13652217239661185 -0.03378010242998802 -1.3877787807814458e-18 -0.02987941521715932 -0.03585397653194263 -0.14548607765680704 -0.18846432639536087 -0.49202543521317627 -0.900882621487268 -2.403283735248846 -1.5215745647236942 -0.21182211378507265 -0.027855153203342614 -0.05245901639344262 0.04293785310734464 -0.2517042475091767 -0.4061460168330398 -0.697295223479762 -2.4558270676691727 -6.970443349753694 -2.7922284743603356 -0.3882069037876403 -0.5002110595187841 -0.2825670498084291 -0.16729735112527386 -0.17019552223685547 -0.2306361714395541 -0.22005376879418498 -0.3555832813474734 -0.10321797207043108 -0.19666604233002433 -0.07220902612826605 -0.13916901976603469 -0.058874626001351224 -0.15910154422087036
-0.06894746028975388 -0.042411949105661075 -0.08712008712008712 -0.09064299877254271 -0.006283098465128804 -0.09757432062739375 -0.03448625621259763 -0.006278120749189075 0.004574983987556039 -0.023569341001225607 -0.03411599438089504 0.0620334349700347 -0.15049242005090185 -0.09239363987967339 -0.05657854130233515 0.03864229765013055 0.008394543546694647 0.10557901755945767 0.018742190753852563 0.09565482853363182 -0.08785416209092906 0.05047792933089894 -0.03569883167459974 -0.022840531561461798 -0.13759213759213756 0.040905916392297716 -0.055202583064264135 0.057767041277176766 -0.10472770795930579 0.013577023498694515 -0.11534764498558152 -0.12132388624672426 -0.11972463334331038 -0.1570197044334975 -0.07771038665655801 -0.11335388286765438 -0.012170834255366232 -0.03667481662591687 0.04109284762327854 -0.015176278309596076 -0.09357720119098258 -0.009449116507606539 -0.15977705527171387 0.009766578767457759 -0.11891997270689152 -0.03500000000000001 -0.026732249786142005 -0.02164736443338024 -0.07234394377842082 0.0073336825563122075 -0.12008200722444595 0.00918357975939021 -0.06170693551190683 -0.053585098239346776 -0.12749147064104865 -0.0924628747548333 -0.02927518675550172 -0.004228776826302993 -0.1426759670259987 0.00210106103582309 -0.16024453501296776 -0.1722051568463185 -0.2670278637770898 -0.2832758307608499 -0.20789823428896903 -0.1195814648729447 -0.02724201808870001 -0.0073754082815298706 -0.02987941521715932 -0.038026944806605824 -0.15223046536275173 -0.20399710054882467 -0.5410194933805901 -1.0672618443745563 -2.36326321190354 -1.1063047474856709 -0.1874237551292004 -0.031197771587743728 -0.04699453551912569 0.03389830508474576 -0.2569480859989512 -0.42376198864748477 -0.7845770189909841 -3.026315789473684 -6.869079196665405 -2.011890858902219 -0.3535830448011751 -0.48754748839172635 -0.27681992337164746 -0.17128062139016134 -0.17222165940634182 -0.22967518739188933 -0.2220452056158518 -0.3628613017259305 -0.10928961748633881 -0.186364487731785 -0.05985748218527315 -0.14118596208148446 -0.04246694334523695 -0.16378100140383717
-0.07243847093733637 -0.04794394246726904 -0.10296010296010297 -0.09253139458030403 -0.026927564850552012 -0.08115994893306583 -0.026371842986104066 -0.01569530187297269 0.0027449903925336207 -0.03299707740171585 -0.0381296407786474 0.06308484912206917 -0.1604514772601527 -0.11388053287494629 -0.06686554881185063 0.04177545691906005 -0.004197271773347326 0.09779951100244498 0.01249479383590171 0.08547878294494758 -0.0834614539863826 0.041885941359682086 -0.05192557334487234 -0.03114617940199336 -0.14545454545454545 0.050882969170906914 -0.0604103739193834 0.05356580191156392 -0.11470177538400159 0.011488250652741514 -0.10893944248638257 -0.1261768416965932 -0.1316970966776414 -0.17036124794745483 -0.09571645185746777 -0.09147857213880879 -0.0022128789555211333 -0.04889975550122248 0.03442914260328742 -0.018678496381041326 -0.09357720119098256 -0.0122838514598885 -0.1718532280538783 -0.015626526027932415 -0.14133931182376452 -0.024 -0.02566295979469633 -0.032471046650070355 -0.07751136833402231 -0.0010476689366160294 -0.12203456018744507 -0.002755073927817062 -0.08864940031288024 -0.06889512630773156 -0.16160890644639972 -0.08685906416363127 -0.03735110034322633 -0.013743524685484723 -0.15747199323610228 -0.008404244143292364 -0.1593182660244535 -0.18616773713115514 -0.2844427244582043 -0.3005266025059016 -0.20125308524776914 -0.10463378176382661 -0.02397297591805601 -0.010536297545042674 -0.03734926902144915 -0.04563233376792699 -0.16379227285865688 -0.2288495391943668 -0.6025226727822371 -1.2752358729836664 -2.3078501795792716 -0.7537579755596411 -0.16191638017078852 -0.05013927576601671 -0.05027322404371585 0.01694915254237288 -0.26324069218668067 -0.45997259737717755 -0.903510454632649 -3.6757518796992485 -6.666350890488824 -1.3950525533496125 -0.32420522505508337 -0.4938792739552554 -0.27394636015325674 -0.18422624975104562 -0.17830007091480096 -0.24601191620219104 -0.23001095290251916 -0.3857350800582241 -0.11738514470754909 -0.19479303240307172 -0.0503562945368171 -0.15933844292053248 -0.036675996525431916 -0.18717828731867103
-0.07418397626112759 -0.059007929190484976 -0.098010098010098 -0.10763856104239448 -0.04308410376088323 -0.07751231077877076 -0.019271731412922204 -0.03243695720414356 -3.122502256758253e-18 -0.04713868200245121 -0.0381296407786474 0.058879192513931235 -0.1593449153480137 -0.1214009454232918 -0.05863594280423825 0.04386422976501306 0.005246589716684152 0.09335407868415203 0.021865889212827987 0.07733794647400019 -0.08346145398638259 0.03866394587047577 -0.06490696668109043 -0.046719269102990034 -0.15036855036855035 0.05986231667165519 -0.0583272575773357 0.05146518222875749 -0.11370436864153202 0.005221932114882507 -0.10787140873651609 -0.13005920605648838 -0.13269480195550235 -0.17241379310344826 -0.11182714177407127 -0.07258625832753307 0.012170834255366234 -0.05001111358079573 0.03887161261661483 -0.023348120476301658 -0.1020842194810719 -0.005669469904563923 -0.15884811890385506 -0.02929973630237328 -0.15206160444487768 -0.011000000000000003 -0.01924721984602224 -0.03463578309340838 -0.07234394377842084 -0.0010476689366160294 -0.12789221907644244 -0.01193865368720727 -0.08864940031288024 -0.09015905418048822 -0.18495241515532412 -0.08405715886803027 -0.03331314354936402 -0.023258272544666454 -0.1585288522511097 -0.017859018804496272 -0.16302334197851057 -0.19454528530205717 -0.3173374613003096 -0.2968948610858907 -0.1946079362065692 -0.0866965620328849 -0.010896807235480005 -0.01580444631756401 -0.035215025077366346 -0.05215123859191656 -0.17246362848058577 -0.25473749611680646 -0.6671531324924423 -1.506543573095262 -2.1621344279117496 -0.5158429761003569 -0.13862703781745594 -0.06462395543175488 -0.04480874316939891 0.003389830508474576 -0.2863135815416885 -0.4893325504012527 -1.0656052177249185 -4.262218045112783 -6.211633194391816 -0.9417135577025162 -0.31790997796663517 -0.4696074292950613 -0.27873563218390807 -0.17625970922127068 -0.17627393374531458 -0.2565827407265039 -0.2469381658866872 -0.37741734248284464 -0.1295284355393645 -0.17887244802397453 -0.04750593824228029 -0.16236385639370715 -0.03957146993533443 -0.187178287318671
-0.07331122359923198 -0.06546192144569427 -0.09801009801009801 -0.10952695685015579 -0.05654788618615923 -0.062009848623016596 -0.02130033471954559 -0.03348331066234174 -0.001829993595022418 -0.04713868200245121 -0.03110575958258078 0.0536221217537588 -0.16930397255726456 -0.1310700472711646 -0.06377944655899599 0.04804177545691905 0.006295907660020983 0.09446543676372528 0.02394835485214494 0.07733794647400019 -0.08236327696024599 0.02577596391365052 -0.08005192557334487 -0.03426079734219269 -0.14742014742014742 0.07782101167315174 -0.059368815748359546 0.05566642159437034 -0.113704368641532 0.00835509138381201 -0.10146320623731711 -0.1290886149665146 -0.136685623066946 -0.17138752052545156 -0.13078089461713419 -0.05667694143382719 0.011064394777605666 -0.05223382973994221 0.04553531763660594 -0.023348120476301658 -0.09038706933219907 -0.006614381555324578 -0.15884811890385506 -0.050786209590780354 -0.16668291256457746 0.0010000000000000024 -0.0160393498716852 -0.03788288775841542 -0.06821000413393966 0.0020953378732320588 -0.12691594259494288 -0.01010193773532923 -0.10342430036502695 -0.08335459726120609 -0.19572634225175078 -0.06070794807135519 -0.027256208358570566 -0.02114388413151496 -0.1574719932361023 -0.004202122071646182 -0.16672841793256762 -0.19268360793074563 -0.3328173374613003 -0.28781550753586344 -0.18606417315359786 -0.0687593423019432 -0.004358722894192002 -0.013697186808555476 -0.03308078113328354 -0.044545849630595394 -0.1830619520184989 -0.27337682510096306 -0.7901594912957365 -1.711474079334483 -1.9569009748589017 -0.36552395371471824 -0.1397360541199956 -0.0690807799442897 -0.04808743169398907 0.00903954802259887 -0.30099632931305714 -0.5284791544333529 -1.2689430270477653 -4.940789473684211 -5.519136036377416 -0.6593056587748167 -0.3032210680935893 -0.45061207260447456 -0.28160919540229884 -0.16430989842660826 -0.18032620808428734 -0.27388045358447044 -0.24693816588668724 -0.3763776252859222 -0.14065978546852864 -0.16950739838921147 -0.04465558194774347 -0.1734570391286809 -0.03571083872213107 -0.1977070659803463
-0.08029324489439693 -0.0737599114881062 -0.0891000891000891 -0.12085733169672364 -0.060138228166232835 -0.04650738646726245 -0.029414747946039155 -0.04080778486972899 -0.01372495196266813 -0.049024229282549264 -0.03612281757977122 0.05257070760172432 -0.16930397255726454 -0.15363128491620112 -0.0596646435551898 0.05117493472584857 0.0010493179433368235 0.09002000444543232 0.020824656393169504 0.07733794647400019 -0.08016692290797277 0.007517989474814732 -0.08005192557334488 -0.030107973421926913 -0.14054054054054058 0.08779806445176094 -0.061451932090407245 0.0378111542905157 -0.11669658886894077 0.001044386422976501 -0.09185090248851864 -0.13102979714646218 -0.10475905417539659 -0.17036124794745483 -0.12035633055344959 -0.02784130456398528 0.0165965921664085 -0.05223382973994221 0.045535317636605954 -0.01634368433341116 -0.09038706933219906 -0.003779646603042617 -0.16627960984672546 -0.06445941986522122 -0.1754556974363973 0.03 -0.02031650983746792 -0.027059205541725296 -0.07027697395618024 0.01990570979570456 -0.12789221907644244 -0.00918357975939021 -0.0903876238484269 -0.10206685378923194 -0.19572634225175076 -0.030820958251611096 -0.030284675953967295 -0.024315466751242205 -0.17015430141619106 0.00210106103582309 -0.16858095590959615 -0.20571534952992648 -0.34345975232198145 -0.2869075721808607 -0.17752041010062652 -0.052815146985550565 -0.008717445788384005 -0.01896533558107681 -0.04481912282573898 -0.04563233376792698 -0.20618556701030927 -0.29719374546960753 -0.9360992390284583 -1.9164045855737044 -1.6900974858902 -0.2757651130096247 -0.1497172008428524 -0.06573816155988857 -0.06557377049180327 0.01016949152542373 -0.31987414787624535 -0.5549031121550205 -1.5135238826011892 -5.327067669172933 -4.695907540735128 -0.49899140036097245 -0.3053194837897387 -0.43794850147741665 -0.2940613026819923 -0.16132244572794266 -0.1742477965758282 -0.2892561983471075 -0.2449467290650204 -0.3763776252859222 -0.14065978546852864 -0.16201535868140102 -0.043705463182897863 -0.19160951996772893 -0.04053662773863527 -0.2129153018249883
-0.08203875021818816 -0.06822791812649825 -0.08613008613008613 -0.12935511283164952 -0.05565030069114083 -0.030093014772934523 -0.033471954559285935 -0.04290049178612535 -0.012809955165156922 -0.051852550202696336 -0.0481637567730283 0.05467353590579329 -0.17704990594223746 -0.14396218306832834 -0.0596646435551898 0.06684073107049608 -0.012591815320041975 0.09113136252500556 0.0010412328196584748 0.07632034191513178 -0.07467603777728968 0.005369992482010526 -0.08113370835136305 -0.02284053156146179 -0.13660933660933663 0.099770527786092 -0.0666597229455265 0.03255960508349963 -0.13066028326351486 -0.004177545691906004 -0.09505500373811812 -0.13685334368630495 -0.09977052778609198 -0.19293924466338258 -0.11372251705837758 -0.021875310728845583 0.013277273733126798 -0.06001333629695488 0.04886717014660151 -0.02101330842867149 -0.09676733304976606 -0.0122838514598885 -0.16627960984672546 -0.065436077741967 -0.17253143581245736 0.05 -0.02352437981180496 -0.025976837320056283 -0.07647788342290203 0.024096385542168676 -0.13374987796543983 -0.011938653687207274 -0.07995828263514689 -0.12248022454707834 -0.18585024241335965 -0.01774540020547306 -0.026246719160104987 -0.03171582619727244 -0.17015430141619106 -0.01575795776867318 -0.1732123008521675 -0.20943870427254957 -0.3560371517027864 -0.27601234792082807 -0.15663565597114107 -0.03587443946188341 -0.0032690421706440013 -0.022126224844589613 -0.04055063493757336 -0.05541069100391134 -0.21485692263223816 -0.3179041110075593 -1.11956635046388 -2.049305062392208 -1.3781426372498715 -0.2141234995133557 -0.135299988909837 -0.0479108635097493 -0.05573770491803278 0.0192090395480226 -0.3471421080230729 -0.5979643765903309 -1.8338768463456745 -5.514097744360902 -3.8016294050776813 -0.41405669391655164 -0.29797502885321586 -0.4062895736597721 -0.30172413793103453 -0.14837681736705838 -0.18437848242326008 -0.29598308668076106 -0.2429552922433536 -0.3846953628613018 -0.14167172637117992 -0.1573328338640195 -0.048456057007125894 -0.19060104881000403 -0.03957146993533443 -0.21408516612073
-0.08465700820387502 -0.06085192697768763 -0.09009009009009009 -0.1312435086394108 -0.04757203123597522 -0.011854824001459055 -0.029414747946039148 -0.019880715705765405 -0.009149967975112087 -0.0348826246818139 -0.0571944611679711 0.038902323625276 -0.1659842868208476 -0.15685431886549203 -0.041148030038061924 0.07101827676240208 -0.013641133263378805 0.0922427206045788 0.005206164098292377 0.07632034191513178 -0.08016692290797275 0.0032219954892063127 -0.08978797057550843 -0.03322259136212625 -0.1366093366093366 0.10775217000897934 -0.07186751380064575 0.04096208381472534 -0.13464991023339318 -0.0031331592689295014 -0.11214354373598205 -0.13588275259633117 -0.09977052778609198 -0.19909688013136287 -0.10519332827899927 0.0 0.007745076344323966 -0.034452100466770386 0.0488671701466015 -0.004669624095260333 -0.10421097405359422 -0.024567702919776998 -0.15699024616813745 -0.0771559722629163 -0.1588848815674042 0.063 -0.02031650983746793 -0.020564996211711227 -0.07131045886730053 0.029334730225248823 -0.13960753685443716 -0.0036734319037560826 -0.08430384147401357 -0.1258824530067194 -0.17956545160711082 0.0018679368637340057 -0.03230365435089844 -0.012686330478908974 -0.1701543014161911 0.0010505305179115466 -0.1908114116339385 -0.20943870427254957 -0.38506191950464397 -0.276012347920828 -0.1461932789063983 -0.014947683109118084 -0.0032690421706440013 -0.006321778527025604 -0.03948351296553195 -0.036940460669274235 -0.24376144137200115 -0.3468986227606917 -1.3739184822266237 -2.135538196205742 -1.0836326321190353 -0.15680761327998272 -0.14860818454031274 -0.031197771587743738 -0.06775956284153004 0.031638418079096044 -0.38280020975353957 -0.6576629477392836 -2.2386341837713415 -5.567669172932331 -2.924403183023873 -0.32806030364157557 -0.3053194837897388 -0.373575348248206 -0.30842911877394635 -0.12945628360884287 -0.20261371694863742 -0.3055929271574092 -0.26486109728168866 -0.4075691411935954 -0.14774337178708763 -0.1414122494849223 -0.05130641330166271 -0.17547398144413068 -0.03957146993533443 -0.20004679457182967
-0.08552976086577065 -0.06177392587128895 -0.09702009702009702 -0.14540647719762062 -0.042186518265864836 -0.0036476381542950936 -0.03550055786590932 -0.020927069163963585 -0.014639948760179336 -0.028283209201470733 -0.05719446116797111 0.04415939438544843 -0.17373022020582052 -0.16652342071336484 -0.03291842403044954 0.08146214099216709 -0.019937040923399797 0.09668815292287175 0.0031236984589754256 0.08242596926834231 -0.08126509993410937 0.007517989474814736 -0.08978797057550844 -0.053986710963455156 -0.11793611793611794 0.10775217000897937 -0.0687428392875742 0.04726394286314463 -0.12966287652104527 0.0031331592689295045 -0.11748371248531453 -0.13297097932640978 -0.09777511723037015 -0.22270114942528735 -0.0919257012888552 0.001988664611713234 0.006638636866563399 -0.025561235830184482 0.04886717014660151 -0.0023348120476301666 -0.10314759676733305 -0.023622791269016345 -0.15420343706456105 -0.08789920890711984 -0.13646554245053122 0.061 -0.017108639863130888 -0.020564996211711224 -0.06510954940057874 0.03457307490832897 -0.14156008981743629 -0.004591789879695106 -0.08343472970624022 -0.1488474951092966 -0.16160890644639972 0.006537779023069018 -0.030284675953967295 -0.006343165239454487 -0.16381314732614669 0.014707427250761634 -0.20007410151908114 -0.22898631667132086 -0.39086687306501544 -0.30415834392591246 -0.13575090184165556 -0.015944195316392625 0.0010896807235480006 -0.012643557054051208 -0.030946537189200717 -0.04019991308126901 -0.262067636573851 -0.3831417624521073 -1.6783070989263007 -2.1466977782286696 -0.8127244740892767 -0.10814318157240188 -0.14860818454031274 -0.0222841225626741 -0.07103825136612021 0.04519774011299434 -0.40692186680650233 -0.7300841651986689 -2.680798004987531 -5.466165413533835 -2.1106479727169383 -0.27179106062214675 -0.2927289896128423 -0.3493035035880118 -0.303639846743295 -0.11153156741684925 -0.205652922702867 -0.31424178358639243 -0.25988250522752165 -0.41900603035974215 -0.13357619914996963 -0.13485671474058816 -0.044655581947743474 -0.16841468334005646 -0.034745680918830235 -0.18951801591015444
-0.08029324489439692 -0.06269592476489029 -0.08514008514008513 -0.1397412897743367 -0.02602997935553362 -0.0009119095385737699 -0.0375291611725327 -0.020927069163963585 -0.005489980785067251 -0.033939851041764876 -0.05719446116797111 0.049416465145620855 -0.18147615359079342 -0.14396218306832834 -0.018516613517127866 0.08668407310704959 -0.018887722980062964 0.09668815292287175 0.004164931278633902 0.07937315559173705 -0.08126509993410938 0.017183975942433684 -0.07356122890523582 -0.05294850498338871 -0.10319410319410319 0.10675446473111842 -0.06874283928757421 0.053565801911563904 -0.13265509674845402 0.006266318537859009 -0.10787140873651609 -0.1281180238765408 -0.08280953806245633 -0.1929392446633826 -0.07581501137225172 0.018892313811275728 0.005532197388802833 -0.026672593909757725 0.04331408262994225 0.002334812047630165 -0.10421097405359422 -0.029292261173580268 -0.15606130980027866 -0.06641273561871278 -0.1208694804561848 0.076 -0.019247219846022245 -0.017317891546704187 -0.07647788342290203 0.040859088528025146 -0.13472615444693936 0.004591789879695105 -0.07822005909960021 -0.15054860933911712 -0.14993715209193753 0.018679368637340057 -0.034322632747829596 -0.002114388413151494 -0.1701543014161911 0.01996007984031936 -0.20100037050759542 -0.24015638089919017 -0.39473684210526316 -0.2869075721808607 -0.12340991076514143 -0.008968609865470852 0.004358722894192002 -0.01580444631756401 -0.023476683384910896 -0.038026944806605824 -0.27266596011176414 -0.4349176762969867 -1.9733138747003025 -2.0827838084609924 -0.5962031811185223 -0.06813020439061318 -0.14749916823777312 -0.014484679665738163 -0.07322404371584698 0.04971751412429378 -0.4310435238594651 -0.8279506752789194 -3.1162478419336272 -5.206766917293234 -1.4408866995073897 -0.24206391336659938 -0.2843353268282447 -0.33663993246095403 -0.3026819923371648 -0.1065524795857399 -0.19450916827069192 -0.3209686719200461 -0.2429552922433536 -0.42212518195050946 -0.10928961748633881 -0.14234875444839862 -0.028503562945368176 -0.17244856797095603 -0.02702441849242352 -0.1965372016846046
-0.0750567289230232 -0.06177392587128896 -0.08019008019008018 -0.14918326881314325 -0.002692756485055206 -0.0054714572314426375 -0.024343239679480676 -0.01674165533117087 0.003659987190044835 -0.030168756481568776 -0.06421834236403773 0.05046787929765535 -0.1903286488879053 -0.14611087236785564 -0.01028700750951548 0.08041775456919059 -0.02623294858342078 0.10224494332073794 0.003123698458975427 0.08039076015060546 -0.0757742148034263 0.004295993985608419 -0.0659887494591086 -0.05606312292358804 -0.09533169533169532 0.10775217000897934 -0.05416102489324028 0.05356580191156392 -0.12367843606622782 0.004177545691906007 -0.09825910498771759 -0.13588275259633115 -0.06983936945026438 -0.19088669950738918 -0.048332069749810476 0.014914984587849258 0.017703031644169066 -0.024449877750611245 0.05553087516659262 0.001167406023815084 -0.09676733304976606 -0.02740243787205896 -0.15048769159312586 -0.06641273561871276 -0.09455112584072521 0.08399999999999999 -0.010692899914456804 -0.00649420933001407 -0.07544439851178172 0.05238344683080147 -0.12593966611344332 0.007346863807512168 -0.07387450026073354 -0.156502509143489 -0.12569581612497754 0.022415242364808064 -0.026246719160104993 0.001057194206575751 -0.1585288522511097 0.019960079840319358 -0.20192663949610967 -0.25411896118402677 -0.39086687306501544 -0.2778282186308335 -0.09967723561799886 -0.00896860986547085 0.022883295194508012 -0.011589927299546937 -0.0021342439440828085 -0.033681008257279446 -0.2842277676076693 -0.514652583618101 -2.3037631606379656 -1.9904636299076803 -0.41149307337095936 -0.0519087271547529 -0.14306310302761452 -0.014484679665738168 -0.06557377049180327 0.0463276836158192 -0.4457262716308338 -0.9688784497944803 -3.588145022060234 -4.835526315789474 -0.8942781356574463 -0.22932370739993627 -0.2706956248032735 -0.3313634444913466 -0.28352490421455945 -0.10456084445329616 -0.1874176881774896 -0.32192965596771095 -0.22503236084835213 -0.4200457475566646 -0.08297915401740537 -0.13953923955796968 -0.01330166270783848 -0.1653892698668818 -0.02219862947591932 -0.1930276087973795
-0.059347181008902086 -0.07099391480730224 -0.07920007920007918 -0.15296006042866586 0.02064446638542321 -0.011854824001459052 -0.011157318186428641 -0.02825154337135084 0.012809955165156922 -0.03771094560196097 -0.06221151916516156 0.04310798023341394 -0.19696802036073918 -0.14718521701761925 0.0030861022528546446 0.07415143603133159 -0.02203567681007345 0.0866859302067126 -0.0010412328196584763 0.07123231912078966 -0.06369426751592357 -2.6020852139652106e-18 -0.07356122890523582 -0.04983388704318937 -0.08746928746928745 0.10675446473111842 -0.05520258306426414 0.05461611175296712 -0.12966287652104527 0.004177545691906007 -0.08437466623945315 -0.14170629913617389 -0.07383019056170806 -0.19191297208538588 -0.018953752843062926 0.022869643034702198 0.0365125027660987 -0.016670371193598578 0.06885828520657486 0.0035022180714452482 -0.08507018290089324 -0.027402437872058965 -0.15513237343241987 -0.06738939349545854 -0.06530850960132566 0.08399999999999999 -0.00106928999144568 -0.0054118411083450575 -0.07234394377842084 0.05552645364064955 -0.12301083666894463 0.0009183579759390215 -0.08778028854510692 -0.15224972356893768 -0.10773927096426646 0.025217147660409073 -0.027256208358570566 0.010571942065757484 -0.16169942929613187 0.025212732429877083 -0.20100037050759542 -0.27552825095410965 -0.3879643962848297 -0.2542218994007627 -0.0787924814885134 0.0009965122072745393 0.03269042170644001 -0.008429038036034136 -0.0032013659161242132 -0.029335071707953065 -0.3073513825994797 -0.664802733768251 -2.546648597935995 -1.8058232728010548 -0.29861467419189325 -0.03893154536606466 -0.12753687479205947 -0.006685236768802236 -0.06120218579234973 0.04858757062146892 -0.4824331410592554 -1.2908592679585045 -3.851908689813927 -4.2218045112781954 -0.5920803334596438 -0.23038539123049148 -0.254957507082153 -0.3355846348670325 -0.27394636015325674 -0.1095399322844055 -0.18944382534697596 -0.32577359215837015 -0.21806233197251818 -0.4106882927843626 -0.06274033596437967 -0.1320471998501592 -0.010451306413301662 -0.16236385639370712 -0.02798957629572436 -0.18717828731867106
-0.05061965438994589 -0.07099391480730224 -0.07623007623007624 -0.15012746671702387 0.043981689255901624 -0.002735728615721321 0.002028603306623391 -0.01464894841477451 0.02744990392533626 -0.029225982841519754 -0.04916716837246639 0.04310798023341394 -0.18811552506362733 -0.1364417705199828 0.02160271576998251 0.0772845953002611 -0.002098635886673664 0.0866859302067126 0.003123698458975426 0.07632034191513178 -0.061497913463650335 -0.005369992482010528 -0.06707053223712679 -0.048795681063122924 -0.07567567567567565 0.10076823306395291 -0.04895323403812103 0.05146518222875749 -0.12567324955116693 -0.0020887728459530004 -0.08437466623945317 -0.13297097932640975 -0.08380724334031726 -0.18062397372742203 -0.0018953752843062937 0.039773292234264686 0.04425757911042266 -0.001111358079573238 0.0844069302532208 0.009339248190520661 -0.07656316461080391 -0.011338939809127844 -0.15513237343241987 -0.04590292020705147 -0.03704064723657277 0.096 0.01710863986313088 0.010823682216690115 -0.05890863993385696 0.05971712938711367 -0.11031924240945035 0.0018367159518780421 -0.07995828263514689 -0.1462958237645658 -0.07631531693302208 0.02708508452414309 -0.008075913587724613 0.011629136272333227 -0.14690340308602828 0.024162201911965542 -0.20933679140422376 -0.2839057991250117 -0.38506191950464397 -0.22244416197566733 -0.058857034364913616 0.01594419531639263 0.04467690966546802 -0.0010536297545042676 0.00746985380428983 -0.021729682746631902 -0.329511513633298 -0.8045977011494253 -2.662357969352653 -1.5826316323424976 -0.20010261672652643 -0.01622147723586027 -0.10092048353110791 0.012256267409470747 -0.04043715846994535 0.05649717514124294 -0.5254326166754064 -1.5942454492072813 -3.9180893919048536 -3.5150375939849625 -0.39598332701780975 -0.22083023675549418 -0.22977651872836008 -0.33030814689742505 -0.25574712643678155 -0.10754829715196176 -0.20058757977915107 -0.3200076878723813 -0.21706661356168472 -0.387814514452069 -0.04857316332726168 -0.11238059561715677 -0.008551068883610454 -0.1532876159741831 -0.02509410288582184 -0.17313991576977072
-0.05411066503752836 -0.05531993361607966 -0.09207009207009206 -0.12274572750448491 0.05565030069114083 0.017326281232901697 0.008114413226493561 0.00209270691639636 0.03568487510293714 -0.012256057320637314 -0.04314669877583784 0.03890232362527599 -0.18590240123934934 -0.10528577567683713 0.024688818022837157 0.09399477806788512 0.004197271773347322 0.10113358524116471 0.001041232819658476 0.09158441029815813 -0.06918515264660663 -0.011813983460423156 -0.06707053223712678 -0.03529900332225914 -0.07272727272727272 0.10276364361967474 -0.05416102489324028 0.058817351118579976 -0.13265509674845402 0.004177545691906005 -0.08437466623945317 -0.1290886149665146 -0.08680035917390003 -0.1621510673234811 0.010424564063684607 0.05369394451625733 0.04425757911042266 0.007779506557012669 0.09218125277654375 0.02101330842867149 -0.07762654189706507 -0.01039402815836719 -0.1746400371574547 -0.015626526027932415 -0.036065893361926116 0.11000000000000001 0.005346449957228401 0.02922394198506332 -0.06614303431169906 0.07228915662650602 -0.11129551889094991 0.011020295711268252 -0.09299495915174691 -0.1233307816619886 -0.0682348716107021 0.044830484729616135 -0.01413284877851807 0.028544243577545193 -0.1521876981610653 0.03886962916272718 -0.2213782882549092 -0.2969375407241925 -0.35700464396284826 -0.2088251316506265 -0.039870894247199536 0.027902341803687097 0.04685627111256402 0.01580444631756401 0.010671219720414044 0.0 -0.3815396473648714 -0.9930620275447861 -2.669654956739289 -1.3107436339657093 -0.15187275525910723 0.01514004542013626 -0.10424753243872684 0.03788300835654596 -0.045901639344262286 0.07457627118644068 -0.5998951232302046 -1.940692894891368 -3.8375215806637257 -2.814849624060151 -0.29935581659719585 -0.21339844994160737 -0.21508760885531428 -0.32608695652173914 -0.25287356321839083 -0.1065524795857399 -0.21780974571978523 -0.3171247357293869 -0.19914368216668324 -0.3701393221043876 -0.03541793159279498 -0.1002060310919648 -0.01520190023752969 -0.14118596208148443 -0.023163787279220152 -0.16378100140383717
-0.05411066503752836 -0.051631938041674354 -0.09702009702009703 -0.11896893588896232 0.060138228166232835 0.015502462155754149 0.005071508266558474 0.0010463534581981807 0.030194894317869887 -0.013198830960686336 -0.04013646397752357 0.027336767952896645 -0.17041053446940357 -0.08487322733132788 0.04526283304186812 0.09712793733681462 0.013641133263378805 0.10446765947988443 0.006247396917950854 0.0946372239747634 -0.0757742148034263 -0.0010739984964021072 -0.06274340112505408 -0.047757475083056486 -0.0746928746928747 0.10076823306395291 -0.05520258306426414 0.05671673143577356 -0.14063435068821065 0.004177545691906006 -0.08757876748905266 -0.127147432786567 -0.08779806445176094 -0.14573070607553365 0.022744503411675512 0.05866560604554042 0.03983182119938039 0.004445432318292954 0.09329187027987562 0.016343684333411157 -0.08932369204593789 -0.016063498062931114 -0.17742684626103108 0.0039066315069831 -0.030217370114046203 0.11300000000000002 -0.007485029940119759 0.036800519536746394 -0.06821000413393966 0.07647983237297015 -0.11129551889094991 0.015612085590963356 -0.0947331826872936 -0.12503189589180913 -0.06374573532052433 0.04950032688895115 -0.02018978396931153 0.03383021461042393 -0.1521876981610653 0.03781909864481564 -0.23619859207113744 -0.31834683049427537 -0.33571981424148606 -0.20519339023061556 -0.01993544712359977 0.02590931738913802 0.05012531328320803 0.011589927299546944 0.01493970760857966 -0.005432420686657976 -0.4480200404663262 -1.2674743709226468 -2.5820911080996565 -1.0378411281322915 -0.1241662390969728 0.04325727262896075 -0.10424753243872684 0.061281337047353765 -0.04590163934426229 0.08926553672316384 -0.6963817514420556 -2.3057349774907023 -3.6265106464607713 -1.9915413533834585 -0.2567260325881015 -0.2080900307888311 -0.20984156961494072 -0.3250316589278176 -0.2490421455938697 -0.11153156741684925 -0.23300577449093302 -0.30463194310974434 -0.19416509011251618 -0.35662299854439594 -0.02226269985832828 -0.0992695261284885 -0.019002375296912115 -0.1290843081887858 -0.024128945082520992 -0.1520823584464202
-0.05411066503752837 -0.05070993914807302 -0.09999009999009999 -0.09064299877254273 0.06552374113634322 0.028269195695786974 0.012171619839740338 0.01674165533117087 0.04300484948302681 0.003771094560196097 -0.04515352197471402 0.032593838713069076 -0.17041053446940357 -0.06660936828534594 0.04732023454377122 0.10861618798955615 0.01888772298006296 0.12002667259390978 0.013536026655560182 0.09870764221023709 -0.08016692290797275 -2.7755575615628915e-18 -0.0584162700129814 -0.03737541528239203 -0.06683046683046684 0.10376134889753567 -0.04895323403812103 0.06616952000840248 -0.13066028326351486 0.012532637075718018 -0.08971483498878564 -0.1446180724060953 -0.1057567594532575 -0.12007389162561574 0.02558756633813495 0.06463159988068014 0.034299623810577565 0.008890864636585909 0.09773434029320302 0.028017744571561986 -0.08400680561463207 -0.03874137768118681 -0.1690664189503019 0.023439789041898623 -0.016570815868993078 0.10800000000000001 -0.01176218990590248 0.0368005195367464 -0.05787515502273666 0.06600314300680984 -0.11812945426144683 -0.010101937735329233 -0.08951851208065356 -0.09611295398486008 -0.05297180822409768 0.054170169048286164 -0.015142337976983647 0.04228776826302992 -0.13422109490593953 0.04097069019855027 -0.24360874397925159 -0.315554314437308 -0.32023993808049533 -0.17704739422553115 -0.014239605088285551 0.03388141504733433 0.05339435545385203 0.022126224844589613 0.021342439440828087 0.0 -0.503902110029868 -1.4569742155949055 -2.431981653288857 -0.7446484731662777 -0.09543355566957415 0.05947874986482103 -0.08761228790063214 0.07353760445682452 -0.034972677595628415 0.09943502824858756 -0.7792343995804928 -2.5092973184576235 -3.34931901016689 -1.4078947368421055 -0.2245168624478969 -0.19959656014438903 -0.19095582834959607 -0.3102574926129168 -0.22509578544061304 -0.10256920932085242 -0.24820180326208083 -0.29502210263309625 -0.18221646918251516 -0.3431066749844043 -0.020238818053025704 -0.09552350627458325 -0.012351543942992874 -0.11899959661153692 -0.022198629475919312 -0.1357042583060365
-0.05323791237563276 -0.05070993914807302 -0.10197010197010196 -0.06892644698328769 0.06283098465128803 0.027357286157213202 0.014200223146363728 0.01569530187297269 0.04300484948302681 0.01319883096068634 -0.04314669877583785 0.031542424561034586 -0.16930397255726456 -0.04941985388912763 0.05657854130233515 0.10861618798955615 0.02518363064008395 0.11891531451433653 0.023948354852144943 0.10379566500457922 -0.08236327696024599 -0.0021479969928042118 -0.061661618347035915 -0.043604651162790706 -0.07174447174447177 0.09278659084106555 -0.04999479220914488 0.0682701396912089 -0.12367843606622779 0.019843342036553524 -0.09078286873865213 -0.14752984567601674 -0.10675446473111842 -0.09544334975369459 0.028430629264594387 0.0686089291041066 0.033193184332817 0.014447655034452101 0.09995557529986672 0.031519962643007236 -0.08188005104210976 -0.03779646603042615 -0.17278216442173708 0.046879578083797245 -0.012671800370406472 0.10300000000000001 -0.013900769888793841 0.0357181513150774 -0.055808185200496074 0.06600314300680984 -0.12593966611344334 -0.002755073927817064 -0.08691117677733357 -0.055286212469167303 -0.0565631172562399 0.0672457270944242 -0.024227740763173834 0.053916904535363144 -0.13210737687592475 0.06723395314633891 -0.25194516487588 -0.3136926370659965 -0.30476006191950467 -0.17432358816052296 -0.018036833111828365 0.02889885401096164 0.04794595183611202 0.023179854599093885 0.020275317468786684 0.0054324206866579764 -0.5520763079294729 -1.5180697939318628 -2.222453872615449 -0.5092827432281627 -0.08722421754746025 0.05299015897047692 -0.10646556504380615 0.06239554317548747 -0.050273224043715835 0.096045197740113 -0.8222338751966438 -2.525934625171266 -3.0011509687320155 -0.9530075187969927 -0.2188328912466843 -0.1868563541777259 -0.18990662050152135 -0.3028704094554664 -0.2174329501915709 -0.0846444931288588 -0.24921487184682398 -0.2777243897751297 -0.17922931395001496 -0.313994593470576 -0.017202995345071852 -0.08147593182243866 -0.009501187648456057 -0.10588947156111335 -0.019303156066016795 -0.11347683668694433
-0.05672892302321523 -0.05531993361607966 -0.10692010692010694 -0.06609385327164573 0.05744547168117762 0.020062009848623018 0.004057206613246779 0.007324474207387255 0.0311098911153811 0.0037710945601960957 -0.04214328717639976 0.04731363684155188 -0.16266460108443068 -0.03867640739149118 0.05040633679662586 0.11697127937336813 0.01888772298006296 0.12558346299177595 0.02498958767180342 0.11091889691665817 -0.08236327696024599 0.0032219954892063135 -0.06707053223712678 -0.03426079734219269 -0.07665847665847665 0.09478200139678739 -0.04999479220914488 0.07247137905682176 -0.11569918212647119 0.02402088772845953 -0.08864680123891915 -0.15335339221585947 -0.11473610695400578 -0.08723316912972087 0.028430629264594387 0.05269961221040072 0.03761894224385926 1.3877787807814458e-18 0.10995113282985339 0.022180714452486573 -0.08719693747341557 -0.03118208447510158 -0.1746400371574547 0.060552788358238095 -0.015596061994346428 0.10300000000000001 -0.024593669803250638 0.0368005195367464 -0.05477470028937577 0.06914614981665794 -0.13960753685443716 -0.0018367159518780456 -0.09386407091952025 -0.05018286977970571 -0.06284790806248877 0.0672457270944242 -0.035332121946295175 0.04968812770906015 -0.14267596702599875 0.06093077003886963 -0.25565024082993704 -0.31648515312296377 -0.2854102167182663 -0.14980933357544943 -0.012340991076514145 0.02889885401096164 0.05230467473030402 0.017911705826572547 0.019208195496745278 0.003259452411994786 -0.5896521822911648 -1.5211763487625558 -1.9357865109976022 -0.32464238612153795 -0.07491021036428938 0.061641613496269065 -0.11090163025396474 0.0690807799442897 -0.04699453551912569 0.0983050847457627 -0.8610382800209753 -2.4760227050303385 -2.5647419911759064 -0.6447368421052632 -0.20651762031072374 -0.1666843613971759 -0.18466058126114782 -0.28704094554664417 -0.210727969348659 -0.07269468233419638 -0.2400972545841354 -0.2767634057274649 -0.14338345116001197 -0.2932002495321273 -0.011131349929164137 -0.07866641693200974 -0.006650831353919237 -0.10286405808793868 -0.022198629475919312 -0.11113710809546093
-0.0462558910804678 -0.06177392587128896 -0.09207009207009206 -0.05381928052119724 0.07180683960147202 0.010031004924311509 0.014200223146363728 0.005231767290990898 0.04208985268551561 -0.00659941548034317 -0.04013646397752358 0.049416465145620855 -0.15159898196304084 -0.023635582294800166 0.05349243904948051 0.12114882506527416 0.025183630640083943 0.13225161146921538 0.030195751770095793 0.11091889691665817 -0.07906874588183613 0.0010739984964021037 -0.04976200778883601 -0.020764119601328904 -0.07272727272727272 0.0897934750074828 -0.045828559525049474 0.06511921016699926 -0.11569918212647116 0.013577023498694519 -0.08330663248958667 -0.16208871202562364 -0.10775217000897934 -0.06876026272577997 0.03316906747536012 0.052699612210400704 0.03872538172161982 -0.002222716159146476 0.11328298533984896 0.018678496381041323 -0.08400680561463209 -0.034961731078144195 -0.17742684626103108 0.07422599863267897 -0.012671800370406472 0.10200000000000001 -0.022455089820359285 0.033553414871739365 -0.051674245556014874 0.06286013619696176 -0.12789221907644244 -0.005510147855634128 -0.08864940031288024 -0.03742451305605171 -0.052073980966062125 0.0644438217988232 -0.02018978396931153 0.04545935088275716 -0.13422109490593956 0.050425464859754174 -0.25194516487588 -0.3127617983803407 -0.2544504643962849 -0.12347920828037043 0.0037972280235428145 0.039860488290981565 0.05775307834804403 0.029501633126119486 0.0245438053569523 0.007605388961321166 -0.602177473745062 -1.5004659832246041 -1.6001250912123424 -0.1927564167596632 -0.0564391995895331 0.056234454417648974 -0.10313851613618721 0.07353760445682452 -0.03715846994535519 0.0903954802259887 -0.8631358154168852 -2.3967508318653357 -2.06215231152887 -0.43796992481203006 -0.18472906403940886 -0.1613759422443996 -0.16997167138810196 -0.2775432672013508 -0.19157088122605365 -0.06771559450308703 -0.24313646033836495 -0.2796463578704593 -0.12944339340834415 -0.2859222291536702 -0.0040477636106051405 -0.07679340700505713 -0.007600950118764843 -0.10387252924566356 -0.01833799826271595 -0.114646700982686
-0.04276488043288532 -0.0700719159137009 -0.09900009900009901 -0.05287508261731659 0.07629476707656405 0.007295276308590189 0.02535754133279237 -0.0031390603745945376 0.05032482386311647 -0.00942773640049024 -0.03612281757977122 0.04836505099358637 -0.14053336284165102 -0.02363558229480017 0.05040633679662586 0.12532637075718017 0.01888772298006296 0.13669704378750833 0.02811328613077884 0.11702452426986872 -0.07247968372501647 -0.0010739984964021094 -0.05408913890090868 -0.02387873754152824 -0.06683046683046684 0.08181183278459543 -0.04166232684095407 0.05566642159437033 -0.10373030121683624 0.006266318537859009 -0.08010253123998717 -0.16694166747549255 -0.11673151750972763 -0.08825944170771757 0.04264594389689158 0.0348016307049816 0.04757689754370436 -0.011113580795732384 0.127721012883163 0.011674060238150827 -0.07975329646958743 -0.032126996125862235 -0.1783557826288899 0.06836605137220432 -0.0077980309971732165 0.094 -0.020316509837467918 0.02489446909838727 -0.04340636626705251 0.053431115767417506 -0.13277360148394024 -0.0027550739278170673 -0.07995828263514687 -0.02806838479203878 -0.0448913629017777 0.05884001120762118 -0.009085402786190189 0.0486309335024844 -0.11836820968082859 0.050425464859754174 -0.23897739903668022 -0.3043842502094386 -0.2292956656346749 -0.12892682041038678 0.018036833111828368 0.026905829596412557 0.07082924703062003 0.025287114108102415 0.03414790310532494 -0.0076053889613211636 -0.6041044416610463 -1.458009733871803 -1.261336391118524 -0.13188596936187483 -0.031811185223191374 0.0465015680761328 -0.09426638571587001 0.06573816155988858 -0.025136612021857924 0.08587570621468928 -0.8379653906659676 -2.280289684869838 -1.5394206790715521 -0.32330827067669166 -0.15915119363395222 -0.14545068478607073 -0.15528276151505613 -0.2669902912621359 -0.16858237547892718 -0.059749053973312094 -0.23908418599939218 -0.2690755333461464 -0.13143483023001096 -0.28176336036598043 -0.005059704513256425 -0.08147593182243866 -0.014251781472684086 -0.11194029850746268 -0.015442524852813435 -0.12517547964436124
-0.044510385756676554 -0.0700719159137009 -0.08316008316008316 -0.054763478425077894 0.07898752356161924 0.010031004924311509 0.02130033471954559 -0.006278120749189075 0.05489980785067252 -0.015084378240784384 -0.031105759582580772 0.049416465145620855 -0.13610711519309507 -0.034379028792436615 0.05143503754757741 0.12637075718015667 0.024134312696747113 0.13447432762836187 0.02811328613077884 0.11295410603439504 -0.07138150669887985 0.01288798195682526 -0.04543487667676329 -0.01661129568106312 -0.06683046683046684 0.08280953806245635 -0.04166232684095407 0.05461611175296712 -0.09974067424695791 0.006266318537859009 -0.08010253123998717 -0.1611181209356498 -0.11673151750972763 -0.09236453201970443 0.04359363153904473 0.03579596301083822 0.047576897543704366 -0.00666814847743943 0.12883163038649487 0.014008872285780993 -0.0925138239047214 -0.029292261173580268 -0.1848583372039015 0.06152944623498389 -0.020469831367579683 0.08900000000000001 -0.029940119760479045 0.020564996211711224 -0.047540305911533694 0.04924044002095338 -0.13082104852094112 0.007346863807512166 -0.06865982965409351 -0.02636727056221825 -0.04309570838570659 0.050434295320818154 -0.010094891984655768 0.05180251612221165 -0.1151976326358064 0.05252652589557727 -0.24731381993330862 -0.2820441217537001 -0.21865325077399378 -0.11621572544034864 0.015188912094171256 0.035874439461883414 0.05993243979514003 0.02634074386260668 0.019208195496745278 -0.015210777922642329 -0.5944696020811253 -1.3658486072279177 -0.8745960596268114 -0.08724764127016334 -0.024628014366341714 0.06704877257488916 -0.08761228790063214 0.07910863509749305 -0.019672131147540982 0.10169491525423731 -0.8096486628211851 -2.110980622431004 -0.9668137348935355 -0.26691729323308266 -0.14020462296324362 -0.13164879498885235 -0.1384954359458609 -0.24693963697762772 -0.15996168582375478 -0.04779924317864968 -0.24212339175362171 -0.2498558523928503 -0.12346908294334362 -0.2661676024121439 -0.008095527221210283 -0.07304738715115192 -0.023752969121140145 -0.11194029850746265 -0.017372840459415118 -0.12283575105287785
-0.043637633094780935 -0.05624193250968099 -0.07425007425007424 -0.035879520347464826 0.07090925410645364 0.015502462155754149 0.013185921493052033 -0.005231767290990896 0.04391984628053802 -0.0056566418402941455 -0.027092113184828414 0.05467353590579329 -0.11840212459887131 -0.02256123764503653 0.042176730789013475 0.13159268929503917 0.02938090241343127 0.14114247610580127 0.03331945022907122 0.1210949425053424 -0.07687239182956293 0.016109977446031574 -0.037862397230636086 -0.009343853820598005 -0.07469287469287471 0.07981642222887358 -0.045828559525049474 0.05881735111857998 -0.09774586076201877 0.012532637075718018 -0.07796646374025419 -0.15335339221585945 -0.1057567594532575 -0.07081280788177341 0.041698256254738435 0.0348016307049816 0.03761894224385927 -0.007779506557012666 0.12327854286983561 0.017511090357226238 -0.09464057847724373 -0.02551261457053765 -0.1718532280538783 0.07031936712569588 -0.031192123988692855 0.089 -0.031009409751924715 0.022729732655049247 -0.052707730467135186 0.05133577789418544 -0.13277360148394024 0.011020295711268249 -0.05736137667304016 -0.02041337075784639 -0.05297180822409768 0.04669842159335015 -0.018170805572380377 0.045459350882757155 -0.11942506869583598 0.05357705641348881 -0.23712486105965175 -0.2569114772409941 -0.20027089783281732 -0.11621572544034867 0.017087526105942663 0.02989536621823618 0.05884275907159202 0.029501633126119482 0.023476683384910896 -0.015210777922642327 -0.5597841795934098 -1.2053432743087915 -0.5639528823100177 -0.0689865070508268 -0.03591585428424833 0.06813020439061317 -0.08539425529555283 0.07353760445682453 -0.010928961748633875 0.11073446327683616 -0.7435762978500262 -1.7645331767469172 -0.5860349127182045 -0.2434210526315789 -0.14020462296324365 -0.11678522136107868 -0.13324939670548736 -0.22899957788096245 -0.14846743295019155 -0.024895439155546706 -0.22591429439773072 -0.23255813953488375 -0.11251618042417603 -0.24745269286754001 -0.008095527221210281 -0.07023787226072298 -0.027553444180522562 -0.10689794271883823 -0.015442524852813439 -0.11230697239120262
-0.042764880432885316 -0.05808593029688365 -0.06534006534006534 -0.026437541308658292 0.06552374113634322 0.013678643078606603 0.005071508266558474 -0.013602594956576331 0.03842986549547077 -0.00942773640049024 -0.03411599438089504 0.05572495005782778 -0.11729556268673233 -0.030081650193382038 0.030861022528546445 0.12010443864229767 0.01573976915005247 0.14669926650366746 0.02915451895043732 0.1251653607408161 -0.0757742148034263 0.02362796692084631 -0.02812635222847252 -0.002076411960132891 -0.07174447174447177 0.0858026538960391 -0.04478700135402562 0.073521688898225 -0.08876920007979254 0.024020887728459527 -0.07796646374025419 -0.1572357565757546 -0.08779806445176094 -0.0636288998357964 0.04359363153904473 0.021875310728845583 0.0298738658995353 -0.021115803511891528 0.11994669035984007 0.016343684333411157 -0.09995746490854955 -0.034961731078144195 -0.16999535531816068 0.05176286746752614 -0.04191441660980602 0.07400000000000001 -0.04597946963216424 0.016235523325035174 -0.06097560975609756 0.05028810895756941 -0.1386312603729376 0.013775369639085312 -0.04693203545976012 -0.01105724249383346 -0.05835877177231101 0.056038105912020165 -0.024227740763173834 0.052859710328787404 -0.12470936377087297 0.06093077003886963 -0.22600963319748058 -0.2308479940426324 -0.1983359133126935 -0.10986017795532958 -0.0009493070058856995 0.032884902840059786 0.05339435545385203 0.04003793067116216 0.010671219720414044 -0.007605388961321164 -0.5212448212737257 -1.0375893134513825 -0.37110392994892105 -0.05579791011463934 -0.04822986146741918 0.06921163620633719 -0.09981146722856825 0.08245125348189417 -0.021857923497267756 0.1209039548022599 -0.6764551651809124 -1.4190643961636327 -0.37310569729522347 -0.22462406015037595 -0.1411519514967791 -0.11041511837774709 -0.13324939670548736 -0.21422541156606162 -0.14463601532567047 -0.007966540529774944 -0.2097051970418397 -0.21622141072458195 -0.1025589963158419 -0.22977750051985857 -0.005059704513256427 -0.05619029780857839 -0.030403800475059382 -0.08874546187979024 -0.016407682656114274 -0.10060832943378568
-0.043637633094780935 -0.05347593582887701 -0.06039006039006038 -0.029270135020300257 0.056547886186159226 0.013678643078606603 -0.0040572066132467804 -0.01255624149837815 0.022874919937780222 -0.008484962760441217 -0.04515352197471402 0.06623909157817265 -0.12614805798384418 -0.03545337344220026 0.02160271576998251 0.10861618798955616 0.004197271773347324 0.14003111802622803 0.02915451895043732 0.11702452426986872 -0.08126509993410937 0.03758994737407367 -0.015144958892254437 0.011420265780730897 -0.06781326781326782 0.09877282250823108 -0.04478700135402562 0.08192416762945069 -0.08178735288250548 0.035509138381201046 -0.08010253123998719 -0.14752984567601668 -0.07981642222887357 -0.07594417077175698 0.03411675511751327 0.015909316893705873 0.024341668510732467 -0.020004445432318295 0.11217236783651711 0.01634368433341116 -0.0957039557635049 -0.023622791269016345 -0.15977705527171387 0.03613634143959372 -0.03606589336192611 0.06499999999999999 -0.03635585970915312 0.014070786881697153 -0.055808185200496074 0.046097433211105286 -0.13472615444693936 0.01836715951878042 -0.032157135407613426 -0.010206685378923195 -0.05476746274016879 0.05510413748015316 -0.022208762366242685 0.05285971032878739 -0.12787994081589515 0.06723395314633891 -0.20470544646165245 -0.20292283347295909 -0.18575851393188855 -0.11076811331033229 -0.01518891209417125 0.0229197807673144 0.05012531328320802 0.035823411653145086 -0.0010671219720414043 -0.014124293785310733 -0.4528374602562867 -0.8087397742570157 -0.2699885333055353 -0.048696357918230695 -0.04720369420215495 0.07461879528495728 -0.09093933680825109 0.08802228412256267 -0.00983606557377049 0.12429378531073447 -0.5684320922915574 -1.0158543746330007 -0.2685593708037598 -0.21898496240601503 -0.12978400909435392 -0.10192164773330503 -0.12275731822474034 -0.19734065006331786 -0.12547892720306514 0.005974905397331209 -0.18944382534697599 -0.20084566596194503 -0.1035547147266753 -0.2204200457475567 -0.010119409026512852 -0.053380782918149475 -0.025653206650831355 -0.08672851956434047 -0.012547051442910916 -0.09358914365933552
