0.026724975704567545 -0.008892841262783462 0.026948124859645185 0.0011664528169835515 0.02251451593790733 -0.04233301975540922 0.041918382443595116 -0.02951303492375799 -0.05423553719008265 0.009771077610273588 -0.01030529434496973 0.08420795704173786 0.026353617632965974 0.0456452010856156 -0.0012599218848431382 0.029589446430773027 -0.026578073089700997 0.12800620636152055 -0.06630420368651373 0.04207573632538569 0.11032208977935583 -0.043646944713870026 0.025770176877123113 -0.02359046945034206 0.06839094752549116 -0.015088645794039984 0.06467793030623019 -0.0012717792191275599 -0.0626249167221852 -0.04037490987743331 0.024468770122343848 0.043683589138134596 0.07359924026590693 0.12515188335358446 0.02184200946487077 0.10235414534288638 -0.01745435016111708 0.07710402509147934 -0.09032434651703845 0.03548196333530455 0.0666415189236766 0.11225762558113164 0.017172295363480253 -0.0012014898474107896 0.012100677637947725 0.08469375230146066 -0.029173008625063418 0.19701261910893642 -0.13562026326286397 0.07904548844146161 -0.04611741243923719 -0.027923211169284468 -0.05741950011258725 -0.004694284708367562 -0.04422204119632259 0.0011960291831120678 -0.022374145431945307 0.0025338907893069787 -0.07231133315803313 -0.009841135948263743 -0.11978221415607986 -0.08874357776739841 -0.008184262831754944 0.0727489564698867 0.01817961459217065 0.10246401561356429 0.020935960591133004 0.06296296296296297 -0.22535211267605634 -0.19602429596907786 -0.2395820058621129 -0.14566556134533398 -0.17357421183138505 -0.04654011022657685 -0.05961070559610705 0.041192149260964386 -0.04395328393821424 0.051793835270338554 -0.46099290780141844 -1.078554485837868 -0.1295816364309515 -0.140176350893059 -0.07098591549295774 -0.09840393615744629 -0.021124281187654033 -0.042684372776855585 0.03323895112643112 -0.13244213392746626 -0.2711606690319311 -0.4168844746471511
0.02793974732750243 -0.00889284126278346 0.017965416573096783 -0.0069987169019013196 0.015404668799620807 -0.05526810912511759 0.03205523363333744 -0.03689129365469749 -0.07360537190082646 0.0013958682300390841 -0.015457941517454592 0.07932633634366609 0.022759942501197884 0.05181347150259068 -0.002519843769686282 0.0258907656269264 -0.0345514950166113 0.11249030256012411 -0.06630420368651373 0.004207573632538569 0.10398173979203654 -0.05455868089233753 0.016399203467260166 -0.025949516395376272 0.06590400397910967 -0.021375581541556644 0.058078141499472026 -0.003815337657382678 -0.07061958694203864 -0.04037490987743331 0.024468770122343848 0.040141676505312876 0.07597340930674262 0.11907654921020656 0.03154956922703556 0.07932446264073696 -0.012083780880773365 0.06272869837950863 -0.08895579581223485 0.028089887640449434 0.061611970325663276 0.10658804853157955 0.014882655981682891 0.004805959389643157 0.0036302032913843145 0.07732907818829018 -0.030441400304414 0.1789853206283801 -0.14625714665602976 0.08202833706189412 -0.04611741243923719 -0.03374054682955206 -0.06079711776626886 -0.02933927942729726 -0.0453857791225416 -0.010764262648008612 -0.013673088875077687 -0.0025338907893069826 -0.0709965816460689 -0.005623506256150707 -0.14277071990320628 -0.12727697337692667 -0.023383608090728404 0.07394156231365534 0.015755665979881227 0.08050744083922909 0.020935960591133007 0.04938271604938271 -0.23687580025608193 -0.2484815019326339 -0.32241621001656684 -0.2226432970156324 -0.21608218207580587 -0.05388854868340478 -0.08272506082725059 0.03392294645020596 -0.06279040562602034 0.0391611925214755 -0.5135277121092724 -1.6506209013534252 -0.16783907194866096 -0.1774813475016957 -0.10591549295774647 -0.11520460818432736 -0.036380706489848605 -0.056912497035807454 0.024621445278837868 -0.15843544993192227 -0.3079067410035479 -0.5501829587036069
0.02915451895043732 -0.006669630947087599 0.016842578037278236 -0.003499358450950657 0.013034719753525298 -0.06114769520225777 0.029589446430773027 -0.03689129365469749 -0.08651859504132231 0.006979341150195421 -0.02061058868993946 0.09030998291432756 0.025155725922376616 0.07772020725388602 0.003779765654529419 0.04561706324744175 -0.0318936877076412 0.13447116627876907 -0.067630287760244 0.019635343618513323 0.0951052498097895 -0.03758486905916585 0.01288508843856156 -0.016513328615239443 0.06839094752549117 -0.001257387149503332 0.051478352692713836 0.02034846750604095 -0.07861425716189205 -0.010093727469358327 0.0283322601416613 0.03896103896103896 0.07478632478632477 0.1166464155528554 0.03397645916757676 0.07164790174002049 -0.01342642320085929 0.056194458964976476 -0.09990420145066374 0.03548196333530455 0.056582421727649934 0.10205238689193788 0.012593016599885518 0.0048059593896431566 -0.004840271055179091 0.07610163250276177 -0.031709791983764585 0.1802729848055627 -0.15689403004919558 0.11036539895600299 -0.04611741243923719 -0.029086678301337987 -0.06417473541995047 -0.03638070648984861 -0.04654951704876062 -0.01196029183112068 -0.00497203231821007 0.0025338907893069787 -0.06968183013410464 0.04217629692113033 -0.16575922565033271 -0.15179822512844465 -0.03858295334970187 0.08467501490757305 0.013331717367591808 0.08050744083922909 0.020935960591133007 0.05432098765432099 -0.24839948783610755 -0.2829928216454997 -0.4052504141710208 -0.3244907626717196 -0.25859015232022664 -0.06368646662584201 -0.10583941605839416 0.036346014053792106 -0.08162752731382644 0.04295098534613441 -0.5660625164171263 -2.3650062787777317 -0.20609650746637045 -0.20913407189690253 -0.1408450704225352 -0.12240489619584785 -0.05163713179204319 -0.05216978894949016 0.016003939431244615 -0.15719767297932913 -0.34465281297516476 -0.6651855723993727
0.02915451895043732 -0.024455313472654516 0.025825286323826635 -0.023329056339671063 0.013034719753525298 -0.07525870178739417 0.01726051041795093 -0.04918839153959666 -0.08651859504132234 0.009771077610273588 -0.018034265103697024 0.08176714669270198 0.04312410158121706 0.06291635825314583 0.013859140733274539 0.043151276044877326 -0.026578073089700997 0.13835014222911818 -0.06895637183397427 0.015427769985974754 0.10271366979457267 -0.04000969932104753 0.015227831791027293 -0.017692852087756544 0.07212136284506343 0.0037721614485099948 0.05939809926082364 0.026707363601678746 -0.08261159227181877 -0.0014419610670511895 0.0206052801030264 0.03541912632821724 0.07003798670465336 0.11907654921020654 0.024268899405411964 0.07164790174002049 -0.029538131041890448 0.05227391531625719 -0.10948405638428904 0.04435245416913069 0.06035458317615994 0.09638280984238576 0.022896393817973672 -0.007208939084464736 -0.006050338818973866 0.07364674113170491 -0.03678335870116692 0.1828483131599279 -0.15689403004919558 0.14317673378076062 -0.041131746229589934 -0.030250145433391506 -0.059671245215041656 -0.04107499119821617 -0.03840335156522751 -0.009568233464896544 -0.0012430080795525183 0.00886861776257443 -0.07494083618196162 0.09278785322648671 -0.18874773139745918 -0.17865483418963096 -0.04209049456331111 0.08825283243887896 0.013331717367591806 0.0914857282263967 0.019704433497536946 0.06296296296296296 -0.24839948783610755 -0.3050800662617338 -0.5199439276156493 -0.4452865940312648 -0.2987365686621797 -0.09675443968156767 -0.11922141119221412 0.025442209837654474 -0.10046464900163254 0.034108135421930266 -0.6015235093249278 -3.084972791963165 -0.23324694557571268 -0.25774361293239884 -0.17577464788732394 -0.140405616224649 -0.06689355709423776 -0.06402655916528337 0.007386433583651361 -0.16709988860007427 -0.3940699442473391 -0.8207004704652379
0.032798833819241986 -0.03223654957759004 0.021333932180552434 -0.029161320424588827 0.017774617845716316 -0.08466603951081844 0.023424978424361975 -0.0602557796360059 -0.08910123966942149 0.012562814070351758 -0.025763235862424322 0.07810593116914816 0.04192620987062769 0.0604490500863558 0.012599218848431399 0.039452595241030695 -0.027906976744186053 0.13835014222911818 -0.067630287760244 0.002805049088359046 0.10271366979457267 -0.032735208535402516 0.015227831791027293 -0.017692852087756547 0.08082566525739866 -0.003772161448509996 0.07391763463569165 0.030522701259061424 -0.06395736175882745 0.0 0.0206052801030264 0.04840613931523023 0.053418803418803416 0.1166464155528554 0.013347894672976581 0.06908904810644834 -0.03625134264232009 0.04573967590172504 -0.1368550704803613 0.04435245416913069 0.052810260279139945 0.09184714820274407 0.016027475672581566 -0.022828307100805 -0.01573088092933204 0.06505462133300602 -0.043125317097919835 0.17769765645119753 -0.17151974471479853 0.16256524981357195 -0.0386389131247663 -0.03606748109365911 -0.059671245215041656 -0.038727848844032395 -0.029093448155475387 -0.015548379380456884 0.011187072715972655 0.00886861776257443 -0.07231133315803315 0.12934064389146632 -0.19963702359346644 -0.20084072863148061 -0.043259674967847536 0.08228980322003579 0.016967640286025938 0.09392534764576728 0.025862068965517244 0.06296296296296296 -0.2573623559539052 -0.3340695748205411 -0.7085510386134828 -0.6679298910468973 -0.36367930098004486 -0.11390079608083284 -0.1399026763990268 0.019384540828689123 -0.11804596257691824 0.02652854977261243 -0.6566850538481744 -3.9193525882517095 -0.25792916203875105 -0.30409224508252314 -0.21183098591549293 -0.1656066242649706 -0.07041427062551345 -0.08062603746739387 0.0073864335836513586 -0.17823988117341255 -0.4232133806386214 -0.9709879769994773
0.021865889212827987 -0.035571365051133834 0.014596900965641141 -0.044325207045375015 0.015404668799620807 -0.08701787394167451 0.01602761681666872 -0.06271519921298573 -0.09555785123966942 0.013958682300390842 -0.02833955944866675 0.07566512082011227 0.03354096789650216 0.059215396002960774 0.010079375078745118 0.04561706324744175 -0.0345514950166113 0.1383501422291182 -0.0835432966450073 -0.009817671809256662 0.08749682982500633 -0.021823472356935016 -0.0023427433524657393 -0.023590469450342065 0.08082566525739868 -0.008801710046523322 0.08051742344244983 0.02543558438255119 -0.0626249167221852 -0.014419610670511895 0.018029620090148097 0.050767414403778056 0.04154795821462488 0.10814094775212638 0.008494114791894188 0.07292732855680656 -0.034908700322234164 0.04312598013591218 -0.1464349254139866 0.05913660555884093 0.04652332453162329 0.09071323279283365 0.012593016599885518 -0.031238736032680525 -0.026621490803485 0.05768994721983552 -0.0532724505327245 0.17254699974246715 -0.1834862385321101 0.18642803877703204 -0.05359591175370809 -0.03723094822571262 -0.07318171582976807 -0.03872784884403239 -0.03956708949144653 -0.019136466929793088 0.002486016159105034 0.007601672367920939 -0.08414409676571129 0.17292281737663434 -0.23230490018148822 -0.23937412424100885 -0.06313574184496668 0.06440071556350627 0.0121197430614471 0.08172725054891439 0.02955665024630542 0.05555555555555556 -0.2676056338028169 -0.3823854224185532 -0.9455842997323817 -1.0895310279488395 -0.45341834927382213 -0.13962033067973054 -0.17396593673965938 0.018173007026896056 -0.15697601406505085 0.024002021222839818 -0.7262936695560809 -4.819310729733501 -0.30112304084906827 -0.36400633054487896 -0.27830985915492956 -0.18960758430337213 -0.10092712122990259 -0.08418306853213184 -0.023390373014895972 -0.18937987374675083 -0.4941713127217436 -1.1461055933089388
0.013362487852283772 -0.044464206313917294 0.005614192679092747 -0.0746529802869474 -0.0011849745230477562 -0.0999529633113829 -0.002465787202564418 -0.07993113625184455 -0.11363636363636362 -0.0041876046901172526 -0.023186912276181887 0.06468147424945081 0.031145184475323433 0.030841352084875394 0.005039687539372557 0.0394525952410307 -0.0345514950166113 0.13705715024566847 -0.09017371701365869 -0.014025245441795231 0.07988840984022319 -0.02061105722599418 -2.7755575615628915e-18 -0.044821891955649916 0.07958219348420792 -0.011316484345529986 0.06995776135163674 0.02289202594429607 -0.0626249167221852 -0.010093727469358327 0.00901481004507405 0.04132231404958679 0.02492877492877493 0.08505467800729041 -0.012134449702705986 0.05501535312180143 -0.06310418904403867 0.018295870360690015 -0.1806486930340769 0.04583086930810172 0.03143467873758331 0.08617757115319197 0.0022896393817973663 -0.045656614201610005 -0.04235237173281704 0.060144838590892355 -0.06849315068493152 0.18542364151429305 -0.21007844701502462 0.2431021625652498 -0.06107441106817899 -0.05002908667830134 -0.08218869623958566 -0.053984274146226974 -0.046549517048760626 -0.022724554479129293 -0.012430080795525173 0.006334726973267449 -0.09334735734946095 0.24040489245044286 -0.2540834845735027 -0.27440448388603456 -0.07599672629486728 0.04651162790697674 -0.002423948612289417 0.07196877287143208 0.006157635467980297 0.04814814814814815 -0.2868117797695262 -0.42379900607399235 -1.1711482095068178 -1.6070582662245383 -0.5301688511040263 -0.1726883037354562 -0.20924574209245744 0.012115338017930705 -0.2021851061157855 0.007579585649317833 -0.8208563173102179 -5.754150969722338 -0.34555103048253727 -0.43183359710603664 -0.3335211267605634 -0.23400936037441497 -0.12087783124046472 -0.09129713066160776 -0.049242890557675736 -0.1968065354623097 -0.5499239736441968 -1.3173026659696812
2.7755575615628915e-18 -0.03890618052467763 -0.004491354143274198 -0.06648781056806254 -0.02014456689181183 -0.09407337723424272 -0.02342497842436198 -0.0688637481554353 -0.12396694214876032 6.938893903907229e-19 -0.032204044828030395 0.06468147424945081 0.019166267369429807 0.040710584752035525 -0.011339296963588258 0.04808285045000617 -0.05049833887043189 0.13964313421256788 -0.09945630552977058 -0.025245441795231416 0.06847577986304844 -0.02061105722599418 -0.007028230057397214 -0.04953998584571833 0.06217358865953744 -0.010059097196026656 0.040918690601900724 0.03179448047818899 -0.07061958694203863 -0.012977649603460706 0.0025756600128783013 0.03305785123966943 0.015432098765432101 0.08262454434993924 -0.013347894672976581 0.05501535312180143 -0.06713211600429646 0.018295870360690015 -0.1820172437388805 0.050266114725014785 0.02011819439205332 0.08957931738292324 -0.009158557527189467 -0.04445512435419921 -0.056873184898354315 0.06750951270406284 -0.091324200913242 0.1944372907545712 -0.22470416168062757 0.28635346756152125 -0.06356724417300262 -0.05235602094240838 -0.09232154920063047 -0.05750498767750264 -0.05585942045851274 -0.0299007295778017 -0.018645121193287754 -0.0025338907893069826 -0.10123586642124638 0.28961057219176156 -0.2855414398064126 -0.3059318075665577 -0.09119607155384075 0.045319022063208106 -0.006059871530723548 0.08050744083922909 -0.0036945812807881763 0.05555555555555556 -0.2906530089628681 -0.4583103257868581 -1.39416337453804 -2.1695878730459497 -0.6352579997638446 -0.1861604409063074 -0.25547445255474455 0.014538405621516842 -0.262463895516765 0.003789792824658912 -0.9246125558182297 -6.702944049113995 -0.3998519067012218 -0.5132263169794257 -0.4 -0.25561022440897635 -0.1525642530219458 -0.11145364002845623 -0.0898682752677582 -0.22156207451417256 -0.6284845413076534 -1.5133298484056454
0.0036443148688046676 -0.03557136505113384 -0.006737031214911297 -0.07115362183599674 -0.016589643322668563 -0.09524929444967076 -0.0258907656269264 -0.07132316773241514 -0.11880165289256198 0.008375209380234509 -0.03478036841427283 0.062240663900414925 0.011978917105893628 0.0308413520848754 -0.010079375078745118 0.06041178646282826 -0.043853820598006646 0.1525730540470649 -0.09680413738231006 -0.008415147265077139 0.05706314988587371 -0.016973811833171683 -0.019913318495958766 -0.04364236848313281 0.06341706043272817 -0.001257387149503332 0.03299894403379092 0.035609818135571666 -0.07994670219853431 -0.005767844268204758 0.005151320025756601 0.03659976387249115 0.020180436847103512 0.08383961117861483 -0.0012134449702705997 0.06780962128966224 -0.07116004296455425 0.03267119707266074 -0.18064869303407688 0.06800709639266707 0.02263296869105998 0.09411497902256491 -0.009158557527189469 -0.0564700228283071 -0.055663117134559535 0.08101141524487541 -0.0900558092338914 0.20731393252639713 -0.22470416168062757 0.34451901565995524 -0.0623208276205908 -0.04886561954624782 -0.09569916685431208 -0.07276141297969721 -0.04771325497497963 -0.0334888171271379 -0.011187072715972657 -0.0012669453946534918 -0.09597686037338941 0.3500632644453817 -0.30369026013309136 -0.3246146660439047 -0.0993803343855957 0.04651162790697674 -0.007271845836868256 0.0890461088070261 -0.011083743842364532 0.0728395061728395 -0.29833546734955185 -0.4583103257868581 -1.6057091882247991 -2.810279488394126 -0.736804817569961 -0.20943049601959585 -0.2871046228710462 0.014538405621516842 -0.3101846037925405 -0.01010611419909045 -1.016548463356974 -7.615459746058323 -0.4331728989263236 -0.5855754013113272 -0.4608450704225352 -0.297611904476179 -0.1631263936157728 -0.1197533791795115 -0.10094792564323525 -0.22527540537195198 -0.6779016725798277 -1.6596968112911656
-0.006073858114674439 -0.0344597598932859 -0.019088255108915337 -0.08048524437186516 -0.02014456689181183 -0.09642521166509878 -0.03698680803846628 -0.05410723069355633 -0.11880165289256198 0.015354550530429927 -0.04379750096612135 0.05247742250427142 0.0035936751317680897 0.022205773501110287 -0.013859140733274536 0.057945999260263836 -0.0318936877076412 0.14481510214636667 -0.07956504442381648 -0.023842917251051893 0.04438244991123509 -0.0024248302618816693 -0.036312521963218936 -0.04246284501061571 0.062173588659537427 0.00502954859801333 0.035638859556494186 0.05977362329899529 -0.07195203197868087 0.011535688536409516 -0.005151320025756599 0.02243211334120425 2.7755575615628915e-18 0.07654921020656136 -0.01698822958378838 0.060133060388945746 -0.08861439312567132 0.040512284370099315 -0.18885999726289862 0.06357185097575399 0.007544322897019995 0.0884454019730128 -0.01946193474527762 -0.06367896191277182 -0.06776379477250725 0.06996440407511968 -0.10020294266869609 0.20216327581766674 -0.23135221380135623 0.3504847129008203 -0.06730649383023807 -0.04886561954624782 -0.1047061472641297 -0.06689355709423776 -0.05353194460607471 -0.02511661284535343 -0.012430080795525171 0.013936399341188394 -0.10780962398106757 0.4077042035709265 -0.3157894736842105 -0.36081270434376456 -0.116918040453642 0.026237328562909962 -0.021815537510604777 0.06830934374237618 -0.025862068965517238 0.06790123456790123 -0.31754161331626124 -0.4928216454997239 -1.8083343953103097 -3.5030791094268126 -0.8418939662297792 -0.24372320881812612 -0.3284671532846716 -0.00605766900896535 -0.3528820796182343 -0.02652854977261243 -1.1124244812188075 -8.500069764197015 -0.46525978032827353 -0.6567940312005427 -0.5160563380281691 -0.31801272050882035 -0.181903532449243 -0.1256817642874081 -0.11941400960236363 -0.23393984404010398 -0.7336543335022807 -1.8125980135912179
-0.007288629737609328 -0.025566918630502443 -0.008982708286548393 -0.07115362183599674 -0.024884464984002843 -0.08819379115710253 -0.04068548884231291 -0.04303984259714707 -0.11880165289256198 0.016750418760469014 -0.04895014813860621 0.051257017329753476 0.003593675131768092 0.02220577350111029 -0.005039687539372563 0.06411046726667488 -0.023920265780730896 0.14998707008016549 -0.08221721257127702 -0.0182328190743338 0.04057823991884352 -0.006062075654704172 -0.02108469017219164 -0.040103798065581495 0.07585177816463565 0.001257387149503332 0.05147835269271382 0.05341472720335749 -0.05996002664890073 -0.012977649603460706 -0.014166130070830651 0.02361275088547816 0.008309591642924979 0.08262454434993924 -0.018201674554058973 0.07292732855680654 -0.10069817400644468 0.05488761108207004 -0.2025455043109347 0.048787699586043766 0.0037721614485099987 0.09071323279283365 -0.014882655981682888 -0.06367896191277182 -0.05324298160696998 0.07855652387381859 -0.0837138508371385 0.21632758176667527 -0.21406727828746175 0.3355704697986577 -0.06606007727782624 -0.04072134962187318 -0.10695789236658411 -0.0610257012087783 -0.04887699290119865 -0.02152852529601722 -0.0024860161591050366 0.024071962498416317 -0.10649487246910334 0.41192183326303955 -0.31699939503932245 -0.3724894908921065 -0.12159476207178768 0.025044722719141328 -0.029087383347473034 0.05977067577457916 -0.0332512315270936 0.05679012345679012 -0.3303457106274008 -0.5066261733848703 -1.866955524404231 -4.210090004737092 -0.9812256464753807 -0.2633190447030006 -0.36496350364963503 -0.00969227041434456 -0.3880447067688057 -0.0606366851945427 -1.2989230365116888 -8.991209711176225 -0.4874737751450081 -0.7415781144019897 -0.5870422535211267 -0.3480139205568223 -0.19363924422016196 -0.13161014939530472 -0.13418687676966637 -0.24879316747122174 -0.8198175367460718 -1.9158389963408258
-0.00485908649173955 -0.022232103156958647 -0.013474062429822594 -0.0571561880321941 -0.028439388553146105 -0.07525870178739416 -0.03205523363333744 -0.031972454500737824 -0.11751033057851239 0.025125628140703515 -0.04637382455236379 0.043934586282645835 0.007187350263536181 0.009869232667160128 0.0062996094242157 0.07027493527308593 -0.01461794019933555 0.15903801396431344 -0.0729346240551651 -0.004207573632538569 0.027897539944204918 -0.013336566440349173 -0.02811292022958885 -0.034206180702995984 0.06341706043272818 0.011316484345529986 0.042238648363252376 0.058501844079867735 -0.0692871419053964 -0.0273972602739726 -0.014166130070830651 0.014167650531286897 0.003561253561253562 0.08140947752126368 -0.03761679407838855 0.08444216990788127 -0.11412459720730397 0.06403554626241506 -0.21759956206377445 0.02661147250147842 -0.003772161448509996 0.09411497902256491 -0.03319977103606182 -0.07208939084464736 -0.0568731848983543 0.08101141524487541 -0.0837138508371385 0.22791655936131855 -0.2060896157425874 0.31916480238627887 -0.07977065935435622 -0.041884816753926704 -0.1193424904300833 -0.048116418260767506 -0.061678110089607815 -0.009568233464896544 -0.009944064636420138 0.034207525655644236 -0.11306863002892453 0.41332770982707717 -0.3024803387779794 -0.3713218122372723 -0.1414708289489068 0.009540846750149077 -0.043631075021209546 0.06464991461332033 -0.046798029556650245 0.050617283950617285 -0.34955185659411014 -0.49006073992269467 -1.8338218427424493 -4.84367598294647 -1.1477151965993624 -0.2976117575015309 -0.38077858880778587 -0.01938454082868912 -0.4106492527941731 -0.10358767054067711 -1.54320987654321 -9.107018278219616 -0.49487844008391957 -0.8263621976034367 -0.6523943661971832 -0.3732149285971439 -0.20537495599108085 -0.13161014939530472 -0.1464975994090853 -0.26117093699715316 -0.8933096806893056 -1.9602718243596446
-0.009718172983479104 -0.014450867052023123 -0.01908825510891534 -0.04315875422839147 -0.041474108306671406 -0.06232361241768579 -0.0394525952410307 -0.020905066404328577 -0.12138429752066118 0.03350083752093803 -0.05023830993172743 0.0366121552355382 0.00838524197412554 0.00863557858376511 -0.012599218848431395 0.07027493527308591 -0.0345514950166113 0.16033100594776312 -0.09149980108738895 -0.0070126227208976155 0.012680699974638599 -0.03758486905916586 -0.03865526531568467 -0.044821891955649916 0.0460084556080577 0.0 0.030359028511087644 0.05087116876510237 -0.07328447701532312 -0.05767844268204758 -0.02446877012234385 0.0011806375442739061 1.734723475976807e-18 0.0753341433778858 -0.053391578691906326 0.08444216990788127 -0.11949516648764769 0.07449032932566649 -0.21075680853975637 0.007392075694855118 -0.005029548598013326 0.09298106361265449 -0.028620492272467084 -0.06848492130241499 -0.05929332042594384 0.07732907818829018 -0.07864028411973617 0.22920422353850117 -0.20077117404600453 0.27889634601044 -0.0772778262495326 -0.04537521815008726 -0.10583201981535688 -0.0387278488440324 -0.05935063423716978 -0.005980145915560339 -0.01243008079552517 0.03674141644495122 -0.11043912700499606 0.3781807957261353 -0.2928009679370841 -0.37832788416627744 -0.16134689582602596 -0.007155635062611808 -0.05575081808265665 0.05367162722615272 -0.05788177339901478 0.03827160493827161 -0.3674775928297055 -0.47763666482606293 -1.7904931821078118 -5.431075319753671 -1.3472665013578937 -0.31353337415799143 -0.40510948905109484 -0.029076811243033678 -0.44078864749466273 -0.14653865588681153 -1.8807459942211715 -9.060973908190316 -0.49981488337652724 -0.9043635541487678 -0.748169014084507 -0.3984159366374655 -0.23236709306419434 -0.13753853450320133 -0.17111904468792316 -0.27726203738086397 -0.9972123669538775 -1.9929430214323056
-0.017006802721088433 -0.014450867052023123 -0.03143947900291938 -0.033827131692523056 -0.04384405735276692 -0.06702728127939793 -0.03575391443718407 -0.025823905558288247 -0.12267561983471076 0.008375209380234505 -0.0644080896560608 0.0366121552355382 -0.02275994250119789 0.01850481125092524 -0.027718281466549078 0.0665762544692393 -0.04916943521594684 0.1551590380139643 -0.0981302214560403 -0.002805049088359046 -0.011412629977174743 -0.0569835111542192 -0.053883097106711964 -0.05543760320830384 0.02859985078338722 -0.02389035584056331 0.01979936642027455 0.026707363601678753 -0.07594936708860758 -0.10382119682768565 -0.028332260141661302 -0.004722550177095629 -0.0023741690408357074 0.07776427703523695 -0.058245358572988716 0.0831627430910952 -0.10606874328678839 0.06795608991113436 -0.19159709867250585 -0.038438793613246605 -0.025147742990066647 0.09184714820274407 -0.04693760732684603 -0.06007449237053947 -0.06655372700871248 0.07364674113170494 -0.07864028411973616 0.22791655936131855 -0.20343039489429598 0.2431021625652498 -0.08600274211641531 -0.0477021524141943 -0.1182166178788561 -0.025818565896021606 -0.07331548935179796 -0.015548379380456884 -0.019888129272840272 0.027872798682376788 -0.10912437549303182 0.3247574862927035 -0.2843315184513006 -0.3748248482017749 -0.18823804513036363 -0.016696481812760882 -0.06908253545024845 0.04513295925835569 -0.07635467980295567 0.020987654320987655 -0.3994878361075544 -0.4638321369409166 -1.706384605581751 -5.929654192325911 -1.6341953005077343 -0.3429271279853031 -0.4282238442822385 -0.056942088684274285 -0.4746954665327138 -0.21854471955533095 -2.32729183083793 -8.871215292311984 -0.5133901024311984 -0.9733212751526112 -0.8833802816901407 -0.42601704068162727 -0.2558385166060322 -0.1541380128053118 -0.19327834543887726 -0.3094442381482857 -1.1150532184490625 -1.9811813904861473
-0.01457725947521866 -0.024455313472654516 -0.03256231753873794 -0.0326606788755395 -0.04265908282971916 -0.06702728127939793 -0.03205523363333745 -0.033202164289227745 -0.11751033057851241 1.3877787807814458e-18 -0.059255442483575935 0.03417134488650232 -0.029947292764734068 0.007401924500370094 -0.031498047121078496 0.06041178646282826 -0.04651162790697675 0.13964313421256785 -0.10741280997215223 -0.012622720897615708 -0.022825259954349482 -0.06425800193986421 -0.06676818554527351 -0.04600141542816702 0.01865207659786123 -0.013831258644536654 0.0026399155227032735 0.02034846750604095 -0.09993337774816788 -0.13554434030281182 -0.0437862202189311 -0.020070838252656438 -0.007122507122507121 0.08748481166464156 -0.0655260283946123 0.09723643807574209 -0.11143931256713213 0.07710402509147936 -0.18064869303407693 -0.05174452986398581 -0.03017729158807997 0.09411497902256492 -0.04693760732684603 -0.043253634506788416 -0.06413359148112294 0.08346630661593227 -0.0684931506849315 0.2227659026525882 -0.1954527323494216 0.19388516032811334 -0.09597407453570983 -0.04072134962187318 -0.12947534339112812 -0.023471423541837812 -0.08844408239264516 -0.010764262648008612 -0.032318210068365445 0.029139744077030277 -0.11043912700499606 0.2811753128075355 -0.2710223835450695 -0.3584773470340963 -0.2092832924120192 -0.017889087656529516 -0.08241425281784026 0.04757257867772626 -0.08620689655172414 0.012345679012345678 -0.41485275288092194 -0.44036443953616783 -1.5356187077864152 -6.215063950734248 -1.9600897390482939 -0.38456827924066134 -0.43673965936739656 -0.07148049430579113 -0.48976516388295865 -0.2905507832238504 -2.8578933543472553 -8.380075345332774 -0.5022831050228311 -1.0230612706307936 -1.0264788732394365 -0.47401896075843036 -0.27578922661659433 -0.16718046004268436 -0.21297550166194754 -0.34657754672608 -1.2658388241256968 -1.9498170412963927
-1.3877787807814458e-18 -0.03334815473543797 -0.028070963395463732 -0.02449550915665461 -0.0391041592605759 -0.06467544684854186 -0.0258907656269264 -0.03074274471224791 -0.11363636363636365 -0.004187604690117252 -0.06827257503542446 0.02806931901391262 -0.04791566842357451 -0.00986923266716013 -0.04157742219982362 0.04438416964615953 -0.04916943521594684 0.13964313421256785 -0.11669539848826416 0.0 -0.026629469946741063 -0.08971871968962172 -0.06911092889773926 -0.05307855626326964 0.00994777418552599 -0.017603420093046652 -0.00791974656810982 0.020348467506040954 -0.11192538307794804 -0.13554434030281182 -0.045074050225370255 -0.044864226682408505 -0.0035612535612535613 0.07654921020656137 -0.06673947336488291 0.08955987717502559 -0.10875402792696028 0.07449032932566649 -0.16422608457643356 -0.0827912477823773 -0.03269206588708663 0.08731148656310239 -0.05266170578133944 -0.0444551243541992 -0.06413359148112294 0.08346630661593227 -0.057077625570776246 0.22662889518413593 -0.19146390107698444 0.14615958240119312 -0.07603140969712077 -0.04653868528214078 -0.12272010808376492 -0.04107499119821617 -0.08495286861398813 -0.022724554479129293 -0.031075201988812928 0.025338907893069806 -0.10123586642124638 0.22634612681006608 -0.22988505747126436 -0.34212984586641765 -0.22214427686191981 -0.020274299344066785 -0.0860501757362744 0.04635276896804098 -0.08990147783251232 0.0012345679012345679 -0.4186939820742638 -0.38652678078409713 -1.3062316808971581 -6.1830885836096625 -2.3438422481993153 -0.4482547458665033 -0.4428223844282238 -0.10661497455779016 -0.49353258822051993 -0.36887316826680144 -3.463356973995272 -7.653132412445932 -0.47636677773664077 -1.0524530861406285 -1.1808450704225353 -0.5340213608544342 -0.2781363689707781 -0.19445103153900875 -0.21666871845377322 -0.3861864092090606 -1.424227065382666 -1.8374281233664402
0.012147716229348883 -0.03557136505113384 -0.024702447788008085 -0.010498075352851978 -0.03199431212228937 -0.06232361241768579 -0.022192084823079765 -0.02459419576979833 -0.11751033057851239 0.011166945840312675 -0.06956073682854566 0.021967293141322917 -0.046717776712985146 -0.004934616333580065 -0.03023812523623536 0.04561706324744173 -0.050498338870431904 0.14093612619601759 -0.12067365070945499 0.009817671809256662 -0.017752979964494042 -0.1030552861299709 -0.0562258404591777 -0.054258079735786745 0.01865207659786123 -0.01886080724254998 0.01187961985216473 0.02289202594429607 -0.10126582278481011 -0.136986301369863 -0.034771410173857056 -0.04958677685950414 0.00593542260208927 0.07533414337788578 -0.052178133721635725 0.09979529170931423 -0.09801288936627284 0.0927861996863565 -0.14780347611879016 -0.08131283264340627 -0.025147742990066647 0.08617757115319197 -0.04579278763594734 -0.043253634506788416 -0.060503388189738626 0.07978396955934701 -0.05580923389142567 0.22276590265258817 -0.18747506980454726 0.08650260999254286 -0.06481366072541443 -0.04072134962187318 -0.1159648727764017 -0.03755427766694049 -0.08262539276155009 -0.014352350197344816 -0.02610316967060286 0.03674141644495122 -0.09334735734946095 0.17714044706874738 -0.19237749546279492 -0.3234469873890705 -0.21512919443470127 -0.028622540250447227 -0.0739304326748273 0.03659429129055867 -0.0812807881773399 -0.007407407407407407 -0.42381562099871956 -0.3313086692435119 -1.0704727921498662 -5.955708195168166 -2.7122446569842955 -0.516840171463564 -0.43917274939172757 -0.1369033196026169 -0.4998116287831219 -0.4509853461344114 -4.055686892566325 -6.786661085530906 -0.4553868937430582 -1.0592358127967443 -1.3329577464788733 -0.5904236169446777 -0.28048351132496185 -0.22290728005691252 -0.21913086298165702 -0.43569748731278624 -1.5826153066396351 -1.704129639309984
0.02308066083576288 -0.054468652734548685 -0.017965416573096787 -0.0396593957774408 -0.02014456689181183 -0.0799623706491063 -0.01972629762051535 -0.03935071323167732 -0.11363636363636365 0.0027917364600781704 -0.07471338400103053 0.01708567244325116 -0.046717776712985146 -0.014803849000740193 -0.020158750157490236 0.040685488842312906 -0.05182724252491695 0.12671321437807087 -0.11271714626707334 0.0070126227208976155 -0.012680699974638604 -0.12245392822502425 -0.04802623872554762 -0.06251474404340647 0.03606068142253171 -0.02514774299006664 0.030359028511087644 0.0038153376573826807 -0.08794137241838773 -0.15861571737563085 -0.028332260141661302 -0.06021251475796931 0.003561253561253562 0.08140947752126368 -0.05703191360271811 0.09595701125895599 -0.10741138560687433 0.09017250392054364 -0.15190912823320102 -0.08722649319929036 -0.02011819439205332 0.07370450164417733 -0.038923869490555235 -0.040850654811966834 -0.060503388189738626 0.06873695838959126 -0.060882800608828 0.20988926088076226 -0.18747506980454726 0.02237136465324386 -0.05484232830611992 -0.051192553810354854 -0.11033551002026572 -0.04694284708367562 -0.07564296520423601 -0.026312642028465495 -0.024860161591050343 0.024071962498416317 -0.07625558769392586 0.09981723604667511 -0.15245009074410162 -0.31293787949556284 -0.2104524728165556 -0.045319022063208106 -0.06908253545024846 0.012198097096852895 -0.07881773399014778 -0.04074074074074074 -0.41741357234314974 -0.29265599116510216 -0.8385370205173951 -5.570819516816674 -3.1196127051599953 -0.616044090630741 -0.42457420924574213 -0.18778773927792586 -0.48976516388295865 -0.5722587165234968 -4.680851063829787 -5.8629831170643225 -0.4245341231642602 -1.0445399050418267 -1.5053521126760565 -0.6804272170886836 -0.28987208074169696 -0.2442494664453403 -0.2240551520374246 -0.4901596732268846 -1.766345666497719 -1.5433873497124935
0.017006802721088437 -0.056691863050244554 -0.022456770716370984 -0.04549165986235857 -0.026069439507050596 -0.08584195672624648 -0.019726297620515348 -0.045499262174126906 -0.11621900826446281 -0.02233389168062535 -0.07986603117351539 0.0183060776177691 -0.061092477240057494 -0.012336540833950162 -0.02645835958170593 0.03575391443718407 -0.059800664451827246 0.11895526247737265 -0.12332581885691551 -0.009817671809256662 -0.013948769972102464 -0.13700290979631427 -0.051540353754246225 -0.0754895022410946 0.026112907237005722 -0.046523324531623285 0.02375923970432946 -0.0063588960956377965 -0.09860093271152565 -0.17015140591204037 -0.034771410173857056 -0.08028335301062575 -0.002374169040835706 0.061968408262454436 -0.07037980827569469 0.07420675537359263 -0.11143931256713213 0.06926293779404077 -0.1614889831668263 -0.11679479597871083 -0.023890355840563315 0.07483841705408775 -0.04693760732684602 -0.02042532740598342 -0.060503388189738626 0.06628206701853444 -0.05454084221207509 0.20602626834921453 -0.1834862385321101 -0.037285607755406416 -0.05608874485853173 -0.055846422338568937 -0.12272010808376492 -0.050463560614951296 -0.09077155824508322 -0.04066499222581031 -0.034804226227470474 0.020271126314455844 -0.08019984222981856 0.03655279066497962 -0.12099213551119177 -0.28724894908921067 -0.21279083362562842 -0.05605247465712582 -0.07271845836868258 -0.0036594291290558668 -0.08128078817733991 -0.06790123456790123 -0.42125480153649164 -0.2650469353948095 -0.6078756212565312 -5.028422548555186 -3.5836580469949224 -0.718922229026332 -0.4221411192214112 -0.23261448994426942 -0.48474193143287714 -0.7074279939363315 -5.321775676385606 -4.922561741314358 -0.4035542391706775 -1.009495817318562 -1.7138028169014086 -0.7596303852154087 -0.31099636192935104 -0.27744842304956135 -0.2449833805244368 -0.5792796138135907 -2.014698428788647 -1.4127025614218507
0.034013605442176874 -0.06224988883948422 -0.008982708286548395 -0.04549165986235857 -0.02014456689181183 -0.08936970837253058 -0.006164468006411046 -0.05779636005902607 -0.12267561983471076 -0.047459519821328865 -0.05410279531109108 0.024408103490358803 -0.04072831816003833 -0.013570194917345176 -0.007559531309058838 0.034521020835901854 -0.061129568106312294 0.12024825446082235 -0.14321707996286964 -0.009817671809256662 0.011412629977174741 -0.15761396702230845 -0.026941548553355982 -0.08610521349374853 0.033573737876150214 -0.05155287312963661 0.029039070749736006 -0.02543558438255119 -0.11592271818787477 -0.18168709444844988 -0.014166130070830651 -0.08264462809917354 0.027302943969610638 0.06925880923450789 -0.052178133721635725 0.07292732855680654 -0.08324382384532761 0.0757971772085729 -0.16012043246202273 -0.11827321111768185 0.006286935747516658 0.07370450164417733 -0.030910131654264456 -0.01922383755857263 -0.04235237173281704 0.06505462133300602 -0.039320142059868085 0.19958794746330158 -0.18614545938040156 -0.05965697240865027 -0.03863891312476629 -0.059336823734729496 -0.1170907453276289 -0.053984274146226974 -0.08960782031886419 -0.04305705059203445 -0.03480422622747048 0.008868617762574436 -0.08282934525374705 -0.007029382820188388 -0.07864488808227466 -0.2533862680990192 -0.19992984917572781 -0.05605247465712582 -0.061810689613380196 2.7755575615628915e-18 -0.07019704433497538 -0.08024691358024691 -0.41101152368758004 -0.20430701270016566 -0.35937300879316936 -4.3747039317858825 -4.054788050537254 -0.8413962033067974 -0.40510948905109484 -0.27380663920523385 -0.4746954665327138 -0.9007074279939363 -5.822169687417914 -3.982140365564393 -0.36282858200666424 -0.9586253673976938 -1.9245070422535213 -0.8724348973958957 -0.3215585025231781 -0.3070903485890444 -0.25975624769173955 -0.6783017700210421 -2.266852508869742 -1.2611082070047048
0.02793974732750243 -0.07447754557581149 -0.019088255108915337 -0.058322640849177654 -0.02962436307619386 -0.09172154280338665 -0.01849340401923314 -0.059026069847515975 -0.13300619834710745 -0.05862646566164155 -0.056679118897333514 0.013424456919697339 -0.04072831816003834 -0.027140389834690352 -0.013859140733274539 0.03082234003205523 -0.0691029900332226 0.1008533747090768 -0.1458692481103302 -0.014025245441795231 0.00380420999239158 -0.16488845780795344 -0.04919761040178049 -0.09907997169143665 0.01989554837105198 -0.052810260279139945 0.01187961985216473 -0.019076688286913394 -0.1412391738840773 -0.167267483777938 -0.016741790083708952 -0.09090909090909091 0.011870845204178537 0.06561360874848117 -0.047324353840553335 0.06908904810644831 -0.08861439312567133 0.07449032932566649 -0.1655946352812372 -0.11088113542282674 0.00754432289701999 0.06463317836489398 -0.04350314825414997 -0.028835756337858943 -0.05324298160697 0.05400761016325027 -0.05200405885337391 0.18799896986865822 -0.20741922616673314 -0.06263982102908279 -0.044870995886825374 -0.06864456079115765 -0.13060121594235535 -0.06689355709423778 -0.09775398580239732 -0.04903719650759479 -0.03729024238657551 0.0012669453946534941 -0.08151459374178281 -0.014058765640376775 -0.06291591046581972 -0.23120037365716958 -0.19408394715304572 -0.07513416815742396 -0.06423463822566963 0.0012198097096852907 -0.07512315270935961 -0.08395061728395062 -0.39436619718309857 -0.16289342904472665 -0.27016694278068054 -3.6250592136428232 -4.3299090801747555 -1.1071647274954075 -0.41362530413625304 -0.2980373152410952 -0.4947883963330403 -1.2329459322890348 -5.793275545048595 -3.182642667782894 -0.35295569542144883 -0.8738412841962468 -2.0743661971830987 -1.0656426257050282 -0.364980636075578 -0.3379179511501068 -0.3077680659854733 -0.9035771753929941 -2.328940699442474 -1.118661787767904
0.02429543245869777 -0.08003557136505116 -0.008982708286548395 -0.06298845211711186 -0.024884464984002843 -0.09760112888052681 -0.019726297620515348 -0.08116084604033447 -0.12396694214876033 -0.06979341150195421 -0.0631199278629396 0.021967293141322917 -0.04791566842357452 -0.03207500616827042 -0.03023812523623536 0.023424978424361975 -0.07574750830564783 0.07499353504008274 -0.1551518366264421 -0.02664796633941094 0.010144559979710883 -0.14427740058195926 -0.053883097106711964 -0.09318235432885114 0.03108679432976872 -0.05155287312963661 0.01583949313621964 -0.035609818135571666 -0.1385742838107928 -0.17159336697909156 -0.019317450096587252 -0.08028335301062574 0.004748338081671415 0.06682867557715674 -0.042470573959470945 0.06653019447287616 -0.08055853920515575 0.05619445896497647 -0.16696318598604082 -0.11235955056179776 0.020118194392053316 0.06916884000453566 -0.03205495134516314 -0.030037246185269734 -0.04598257502420135 0.057689947219835516 -0.04819888381532217 0.17640999227401494 -0.19944156362185878 -0.05965697240865027 -0.032406830362707216 -0.06980802792321117 -0.12834947083990095 -0.07510855533388101 -0.09891772372861632 -0.0598014591556034 -0.04972032318210068 -0.022805017103762825 -0.08019984222981857 -0.03514691410094194 -0.04718693284936479 -0.19967304997664642 -0.16836197825324448 -0.07513416815742398 -0.056962792388801364 0.0024396194193705796 -0.07019704433497538 -0.09382716049382715 -0.3585147247119078 -0.12009939260077307 -0.21919204791640118 -2.9263382283278068 -4.4845908607863985 -1.36313533374158 -0.42944038929440387 -0.31621032226799134 -0.5173929423584076 -1.6359272359777663 -5.5936432886787495 -2.508720524626761 -0.33197581142786625 -0.7766222021252542 -2.173521126760564 -1.2492499699988 -0.4048820560967023 -0.3723025847759071 -0.34839345069555583 -1.1325659116227258 -2.316269640141916 -0.9853633037114481
0.027939747327502436 -0.09226322810137841 -0.005614192679092747 -0.0944826781756678 -0.015404668799620807 -0.12464722483537158 -0.012328936012822094 -0.11805213969503199 -0.11621900826446283 -0.10189838079285315 -0.0644080896560608 0.024408103490358803 -0.06229036895064688 -0.041944238835430546 -0.023938515812019657 0.01726051041795093 -0.06378737541528239 0.056891647271786916 -0.135260575520488 -0.03506311360448808 0.0190210499619579 -0.1345780795344326 -0.062082698840342045 -0.10143901863647087 0.032330266102959464 -0.056582421727649934 0.018479408658922912 -0.05341472720335749 -0.14790139906728847 -0.17591925018024512 -0.0206052801030264 -0.07910271546635182 -0.002374169040835708 0.05710814094775213 -0.03518990413784735 0.044779938587512794 -0.08190118152524169 0.030057501306847884 -0.1847543451484878 -0.12566528681253697 0.017603420093046652 0.062365347545073134 -0.04350314825414998 -0.021626817253394208 -0.05203291384317521 0.05400761016325027 -0.060882800608828 0.15838269379345865 -0.20874883659087887 -0.059656972408650255 -0.04362457933441356 -0.06748109365910412 -0.15311866696689935 -0.07745569768806479 -0.11637379262190155 -0.07176175098672408 -0.06339341205717838 -0.04180919802356518 -0.0946621088614252 -0.053423309433431744 -0.030248033877797943 -0.17515179822512844 -0.1519934525897346 -0.08944543828264759 -0.05696279238880135 -0.009758477677482313 -0.08620689655172416 -0.11481481481481484 -0.34443021766965426 -0.10491441192711208 -0.19115585574104751 -2.226432970156324 -4.556618254811667 -1.6742192284139619 -0.462287104622871 -0.345287133511025 -0.5688810749717443 -2.0907023749368365 -5.292881534016286 -1.8375889493511923 -0.32457114648895463 -0.678272665611576 -2.2185915492957746 -1.453258130325213 -0.44478347611782654 -0.4031301873369695 -0.39763634125323155 -1.3999257333828443 -2.2579827673593513 -0.8363826450601148
0.023080660835762885 -0.082258781680747 -0.017965416573096787 -0.09564913099265135 -0.02132954141485958 -0.1152398871119473 -0.027123659228208606 -0.1045253320216429 -0.12784090909090912 -0.07816862088218872 -0.057967280690454724 0.024408103490358803 -0.05989458552946815 -0.04934616333580064 -0.03275796900592163 0.01849340401923314 -0.07840531561461793 0.054305663304887494 -0.14586924811033022 -0.03927068723702665 0.027897539944204925 -0.11881668283220174 -0.07028230057397213 -0.09082330738381693 0.03233026610295946 -0.036464227335596636 0.01187961985216473 -0.03815337657382679 -0.15856095936042638 -0.14708002883922133 -0.0283322601416613 -0.07319952774498228 -0.015432098765432101 0.04860267314702309 -0.03761679407838855 0.03582395087001024 -0.0966702470461869 0.0392054364871929 -0.21623101135897088 -0.09905381431105856 0.026405130139569976 0.0600975167252523 -0.04579278763594734 -0.022828307100805 -0.055663117134559535 0.0564625015343071 -0.06468797564687975 0.15709502961627608 -0.21273766786331602 -0.05667412378821775 -0.049856662096472645 -0.06399069226294357 -0.16212564737671697 -0.09036498063607559 -0.12451995810543467 -0.06817366343738787 -0.07085146053449348 -0.03547447105029773 -0.10123586642124638 -0.046393926613243354 -0.0205686630369026 -0.14479215319943953 -0.14380918975797968 -0.09183064997018485 -0.060598715307235484 -0.009758477677482313 -0.0960591133004926 -0.11234567901234567 -0.3213828425096031 -0.06488128106018774 -0.17458901491015671 -1.605873993368072 -4.507025622859842 -2.022045315370484 -0.49513381995133815 -0.3537678701235765 -0.620369207585081 -2.5341081354219304 -4.864722878907275 -1.2990093484024 -0.3134641490805874 -0.5742708568844676 -2.208450704225352 -1.6860674426977078 -0.492899894378594 -0.409058572444866 -0.4628831712421519 -1.6994677559103848 -2.1705524581855045 -0.6847882906429692
0.010932944606413999 -0.06669630947087596 -0.03143947900291938 -0.09214977254170068 -0.03199431212228937 -0.10936030103480714 -0.038219701639748485 -0.0959173635022135 -0.14204545454545456 -0.058626465661641536 -0.06054360427669715 0.03417134488650232 -0.05869669381887878 -0.05057981741919566 -0.04283734408466675 0.01849340401923314 -0.09966777408637872 0.06335660718903542 -0.16443442514255407 -0.02244039270687237 0.03296981993406036 -0.11881668283220174 -0.07379641560267072 -0.09790044821891955 0.029843322556577963 -0.03897900163460329 0.01187961985216473 -0.045784051888592144 -0.16122584943371088 -0.12256669069935111 -0.01416613007083065 -0.06729634002361275 -0.024928774928774933 0.034021871202916165 -0.03518990413784735 0.029426816786079835 -0.10606874328678842 0.02875065342394146 -0.24223347475023954 -0.08870490833826139 0.027662517289073308 0.06236534754507313 -0.05380652547223812 -0.042052144659377635 -0.058083252662149074 0.04909782742113662 -0.07990867579908675 0.16610867885655423 -0.21805610955989896 -0.025354213273676363 -0.04362457933441356 -0.05235602094240838 -0.16325151992794418 -0.08449712475061615 -0.1256836960316537 -0.053821313240043064 -0.06712243629583593 -0.021538071709109336 -0.10123586642124638 -0.01546464220441445 -0.01451905626134301 -0.13661840261560015 -0.14147082894890683 -0.11210494931425163 -0.0727184583686826 -0.025616003903391072 -0.11083743842364532 -0.12839506172839504 -0.3072983354673495 -0.04279403644395362 -0.16566840830890786 -1.0907153008053054 -4.393671035541386 -2.4017146356399266 -0.5328467153284672 -0.3755754785558517 -0.6793921888735401 -2.9648812531581608 -4.334121355397951 -0.9153062648248917 -0.31346414908058745 -0.4815735925842189 -2.169014084507042 -1.9164766590663629 -0.5433634549935453 -0.42210101968223857 -0.5232057121753046 -2.020051986632009 -2.048910288900152 -0.5436487192890749
-6.938893903907229e-19 -0.05002223210315696 -0.04266786436110487 -0.09098331972471711 -0.041474108306671406 -0.11641580432737535 -0.041918382443595116 -0.10452533202164291 -0.14462809917355374 -0.04606365159128979 -0.051526471724848644 0.031730534537466444 -0.051509343555342604 -0.055514433752775726 -0.04157742219982361 0.01972629762051535 -0.11029900332225913 0.055598655288337205 -0.15913008884763297 -0.03225806451612903 0.02536139994927721 -0.11275460717749759 -0.0784819023076022 -0.08846426043878274 0.018652076597861226 -0.04275116308311329 0.00395987328405491 -0.052142947984229936 -0.16389073950699534 -0.10814708002883922 2.7755575615628915e-18 -0.04014167650531287 -0.027302943969610638 0.041312272174969626 -0.024268899405411964 0.034544524053224154 -0.10338345864661654 0.02483010977522217 -0.2641302860270973 -0.07392075694855116 0.028919904438576637 0.06463317836489399 -0.0549513451631368 -0.03844767511714526 -0.05324298160696998 0.05400761016325027 -0.08625063419583967 0.15967035797064127 -0.2207153304081904 -0.005965697240865031 -0.05359591175370809 -0.04421175101803374 -0.16662913758162579 -0.07745569768806479 -0.1291749098103107 -0.04903719650759479 -0.06960845245494096 -0.021538071709109336 -0.10386536944517488 0.008435259384226066 -0.021778584392014515 -0.10625875758991124 -0.14147082894890683 -0.11568276684555753 -0.08605017573627438 -0.02317638448402049 -0.12684729064039407 -0.11604938271604937 -0.29449423815621 -0.013804527885146323 -0.16311966356569388 -0.6845097110374229 -4.151611760538435 -2.7715860379669324 -0.5669099756690997 -0.3767870123576448 -0.7409267863870401 -3.328701364325417 -3.6800630417651687 -0.6655504395144413 -0.319634703196347 -0.4013113271535157 -2.0856338028169015 -2.155286211448458 -0.6032155850252318 -0.43632914394119043 -0.6044564815954697 -2.3505384329743784 -1.8879878357830715 -0.45216936748562475
-0.015792031098153546 -0.045575811471765225 -0.052773411183471806 -0.099148489443602 -0.054508828060196704 -0.1246472248353716 -0.055480212057699416 -0.12297097884899166 -0.14721074380165292 -0.05583472920156337 -0.07342522220790931 0.041493775933609964 -0.06827982750359368 -0.04441154700222058 -0.061736172357313844 0.02095919122179756 -0.1395348837209302 0.047840703387638996 -0.17239092958493568 -0.04067321178120617 0.017752979964494046 -0.09699321047526674 -0.08668150404123229 -0.08610521349374853 0.017408604824670486 -0.05281026027913995 -0.010559662090813094 -0.07503497392852601 -0.1798800799467022 -0.11824080749819754 -0.011590470057952352 -0.03305785123966942 -0.04036087369420703 0.051032806804374255 -0.03276301419730615 0.029426816786079835 -0.11680988184747584 -0.002613695765812857 -0.28328999589434795 -0.09314015375517445 0.03017729158807997 0.0725705862342669 -0.0618202633085289 -0.03123873603268052 -0.05324298160696998 0.05155271879219344 -0.09893455098934549 0.14293072366726756 -0.21938571998404469 -0.007457121551081284 -0.06481366072541443 -0.04072134962187318 -0.17451024544021618 -0.08801783828189182 -0.13382986151518678 -0.06219351752182754 -0.06960845245494096 -0.03800836183960471 -0.1012358664212464 -0.00140587656403768 -0.025408348457350273 -0.08640822045773003 -0.12627148368993335 -0.11449016100178891 -0.09211004726699795 -0.020736765064649915 -0.14039408866995073 -0.11604938271604937 -0.266325224071703 -0.0041413583655438985 -0.1771377596533707 -0.3872572240644244 -3.891840831266974 -3.165952235150031 -0.6277372262773723 -0.38769081657378235 -0.8514379002888358 -3.6053562405255177 -3.044391909640136 -0.5343937491279476 -0.3307417006047143 -0.33122315170698624 -1.9740845070422535 -2.389295571822873 -0.6630677150569182 -0.452928622243301 -0.7066354795026468 -2.6562693402648843 -1.719462747085656 -0.392054364871929
-0.03158406219630709 -0.04224099599822143 -0.06063328093420165 -0.09448267817566777 -0.07109847138286526 -0.13170272812793982 -0.07150782887436814 -0.1438760452533202 -0.16012396694214875 -0.06002233389168062 -0.07857786938039418 0.04637539663168173 -0.0802587446094873 -0.04317789291882557 -0.0730754693209021 0.01849340401923314 -0.1528239202657807 0.0465477114041893 -0.17902134995358704 -0.04067321178120617 0.0063403499873192996 -0.08001939864209505 -0.09956659247979384 -0.08374616654871432 0.0012434717731907464 -0.06035458317615994 -0.02375923970432946 -0.08266564924329137 -0.19586942038640903 -0.10237923576063446 -0.029620090148100454 -0.025974025974025972 -0.060541310541310546 0.027946537059538274 -0.052178133721635725 0.019191402251791202 -0.1409774436090226 -0.030057501306847877 -0.3106610099904202 -0.09905381431105856 0.023890355840563315 0.07370450164417734 -0.06754436176302232 -0.049261083743842374 -0.05566311713455953 0.0478703817356082 -0.09639776763064434 0.12232809683234613 -0.20874883659087887 -0.0014914243102162575 -0.06107441106817899 -0.03374054682955206 -0.16099977482548977 -0.08684426710479991 -0.14197602699871986 -0.05740940078937926 -0.07582349285270354 -0.04561003420752565 -0.09992111490928215 0.02811753128075355 -0.024198427102238355 -0.06422232601588043 -0.11691804045364199 -0.13595706618962433 -0.10422979032844504 -0.026835813613076364 -0.15886699507389163 -0.12345679012345676 -0.25096030729833546 0.0027609055770292656 -0.17968650439658468 -0.19540502131691145 -3.5010036604085486 -3.5762400489895896 -0.6836982968369829 -0.3901138841773685 -0.9745070953158358 -3.7632642748863057 -2.329918571053323 -0.4409097251290638 -0.3381463655436258 -0.2747004295726882 -1.8185915492957743 -2.6341053642145686 -0.7252669874427884 -0.47308513161014937 -0.8358980672165457 -2.9063002846886987 -1.5027876330461225 -0.3397804495556718
-0.01943634596695821 -0.043352601156069356 -0.041545025825286325 -0.10031494226058554 -0.06635857329067425 -0.13758231420508 -0.07643940327949697 -0.16109198229217905 -0.16141528925619836 -0.04885538805136795 -0.07342522220790931 0.05857944837686112 -0.07786296118830857 -0.04811250925240563 -0.08063500062996093 0.01479472321538651 -0.15681063122923586 0.04137574347039048 -0.17239092958493568 -0.03225806451612903 0.00887648998224702 -0.06910766246362755 -0.09488110577486236 -0.09318235432885114 0.004973887092762993 -0.05658242172764995 -0.022439281942977823 -0.08775276611980161 -0.18654230512991338 -0.09228550829127613 -0.012878300064391496 -0.009445100354191261 -0.046296296296296294 0.02916160388821385 -0.05096468875136513 0.025588536335721602 -0.1557465091299678 -0.04312598013591218 -0.3175037635144382 -0.09166173861620344 0.03143467873758331 0.0771062478739086 -0.05724098454493417 -0.068484921302415 -0.06292352371732815 0.04541549036455138 -0.106544901065449 0.10430079835178988 -0.2100784470150246 0.0059656972408650265 -0.05858157796335535 -0.031413612565445025 -0.15649628462058096 -0.08684426710479991 -0.13964855114628186 -0.05142925487381892 -0.07706650093225606 -0.049410870391486124 -0.08940310281356825 0.053423309433431744 -0.01693889897156685 -0.05021018215787017 -0.1005495147901321 -0.15623136553369113 -0.11634953338989214 -0.0341546718711881 -0.17857142857142855 -0.1308641975308642 -0.22919334186939824 0.013804527885146328 -0.17458901491015674 -0.07105637138796779 -3.0133427795489434 -3.98162890385793 -0.7311435523114354 -0.38042161376302397 -1.1226924525932436 -3.804951995957554 -1.5957446808510636 -0.3627738244732803 -0.3418486980130816 -0.23739543296405158 -1.619154929577465 -2.8837153486139444 -0.7862926886515667 -0.4944273179985772 -0.9836267388895727 -3.0721623963361804 -1.213887480993411 -0.28358599059069517
-0.03401360544217687 -0.04001778568252557 -0.05052773411183472 -0.1014813950775691 -0.07939329304419955 -0.13758231420508 -0.09000123289360128 -0.16724053123462862 -0.15237603305785125 -0.02233389168062535 -0.08501867834600027 0.06590187942396876 -0.07666506947771921 -0.04564520108561561 -0.0793750787451178 0.01726051041795093 -0.1674418604651163 0.03878975950349108 -0.15780400477390266 -0.014025245441795231 -0.006340349987319298 -0.07032007759456838 -0.10893756588965679 -0.10733663599905638 -0.008704302412335241 -0.07167106752168992 -0.042238648363252376 -0.10428589596845987 -0.16788807461692204 -0.08795962509012256 -0.019317450096587252 0.0035419126328217255 -0.05816714150047484 0.02551640340218712 -0.06431258342434171 0.028147389969293758 -0.1799140708915145 -0.07449032932566649 -0.32708361844806355 -0.09166173861620344 0.021375581541556644 0.07030275541444607 -0.05037206639954208 -0.0817013096239337 -0.06897386253630203 0.03559592488032405 -0.12176560121765603 0.08241050733968582 -0.1994415636218588 0.010439970171513793 -0.06730649383023807 -0.031413612565445025 -0.15424453951812656 -0.0997535500528107 -0.15244966833469104 -0.06099748833871547 -0.08701056556867619 -0.05321170657544659 -0.0775703392058901 0.06185856881765781 -0.03145795523290986 -0.037365716954694074 -0.09119607155384074 -0.15146094215861658 -0.14543691673736517 -0.034154671871188105 -0.21182266009852216 -0.12469135802469133 -0.22407170294494244 0.017945886250690227 -0.19370460048426147 -0.004737091425864514 -2.4760892667375134 -4.357624004898958 -0.7956204379562043 -0.3707293433486794 -1.3248775587090293 -3.7935826174835774 -1.0007880220646177 -0.28603320775777863 -0.3455510304825373 -0.21365588966764643 -1.388169014084507 -3.11532461298452 -0.8402769627977935 -0.5252549205596395 -1.1756740120645082 -3.2330734001732884 -0.9072478459199187 -0.2522216414009409
-0.03522837706511176 -0.03890618052467763 -0.05277341118347182 -0.10264784789455268 -0.08057826756724731 -0.14463781749764817 -0.08753544569103686 -0.18445646827348747 -0.1485020661157025 -0.012562814070351761 -0.08373051655287904 0.07444471564559434 -0.07906085289889793 -0.04934616333580065 -0.0793750787451178 0.009863148810257676 -0.1647840531561462 0.03878975950349108 -0.14586924811033017 -0.02244039270687237 0.0025361399949277203 -0.06425800193986421 -0.09839522080356097 -0.10497758905402217 -0.006217358865953744 -0.06412674462466993 -0.03827877507919746 -0.10555767518758744 -0.1545636242504997 -0.07786589762076424 -0.019317450096587252 0.010625737898465172 -0.05104463437796771 0.02065613608748481 -0.07887392306758888 0.02430910951893552 -0.18125671321160045 -0.08625196027182434 -0.31613521280963464 -0.07392075694855116 0.020118194392053312 0.06690100918471482 -0.048082427017744706 -0.08650726901357683 -0.06534365924491771 0.04050570762243772 -0.12049720953830542 0.07725985063095545 -0.18614545938040156 0.0238627889634601 -0.07603140969712079 -0.027923211169284468 -0.15424453951812658 -0.10092712122990258 -0.16408704759688117 -0.0669776342542758 -0.09571162212554382 -0.06461421512732801 -0.08019984222981857 0.0688879516378462 -0.03145795523290986 -0.026856609061186358 -0.08651934993569506 -0.1383422778771616 -0.150284813961944 -0.03537448158087339 -0.21674876847290642 -0.11234567901234567 -0.2215108834827145 0.037272225289895086 -0.18860711099783356 0.003552818569398393 -2.075805880269217 -4.605021432945499 -0.8430656934306568 -0.39617155318633385 -1.5572020595253047 -3.5156644770085905 -0.8195429472025216 -0.25394167713129623 -0.3393804763667777 -0.2113949807822745 -1.2011267605633802 -3.2893315732629302 -0.8966083792982044 -0.5537111690775433 -1.4575895605072016 -3.1340512439658372 -0.7551951343132286 -0.23392577104025092
-0.03887269193391642 -0.026678523788350377 -0.06063328093420166 -0.10848011197947045 -0.09242801279772486 -0.14346190028222014 -0.10233016890642337 -0.1795376291195278 -0.16270661157024796 -0.016750418760469014 -0.08244235475975784 0.0915303880888455 -0.07786296118830857 -0.03700962250185049 -0.08315484439964722 0.014794723215386513 -0.17940199335548174 0.06464959917248514 -0.1551518366264421 0.002805049088359046 -0.0025361399949277194 -0.0678952473326867 -0.09019561906993089 -0.1179523472517103 -0.017408604824670482 -0.07041368037218661 -0.04883843717001056 -0.09283988299631184 -0.1625582944703531 -0.05623648161499639 -0.011590470057952346 0.025974025974025976 -0.04036087369420702 0.034021871202916165 -0.07766047809731827 0.028147389969293758 -0.1946831364124597 -0.08233141662310507 -0.31613521280963464 -0.05617977528089888 0.011316484345529988 0.07370450164417734 -0.04579278763594734 -0.08170130962393368 -0.08228460793804451 0.046642936050079783 -0.13444951801116184 0.08627349987123359 -0.20210078447015026 0.026845637583892613 -0.08101707590676803 -0.016288539848749273 -0.14748930421076337 -0.10444783476117828 -0.16641452344931923 -0.06817366343738787 -0.08949658172778123 -0.048143924996832635 -0.08677359978963976 0.07732321102207226 -0.03145795523290986 -0.026856609061186358 -0.08535016953115862 -0.1490757304710793 -0.16361653132953582 -0.048792388387411574 -0.23768472906403942 -0.10370370370370367 -0.2343149807938541 0.026228602981778027 -0.18988148336944055 0.009474182851729039 -1.753453772582359 -4.853643600734844 -0.9075425790754258 -0.42524836442936753 -1.8071078739168658 -3.1114199090449732 -0.7368006304176516 -0.228826566206223 -0.3467851413056892 -0.2170472529957043 -1.0490140845070421 -3.4729389175567027 -0.965849078746626 -0.5975812188759783 -1.778899421396036 -2.9842802327020674 -0.6905727318803853 -0.21955044432828022
-0.042517006802721094 -0.01778568252556692 -0.0684931506849315 -0.10031494226058554 -0.10427775802820241 -0.1317027281279398 -0.1171248921218099 -0.1647811116576488 -0.1769111570247934 -0.00558347292015634 -0.06698441324230324 0.08908957773980962 -0.0646861523718256 -0.04194423883543054 -0.08693461005417666 0.0036986808038466266 -0.1940199335548173 0.06464959917248513 -0.16443442514255402 0.012622720897615708 0.0038042099923915815 -0.06547041707080505 -0.08785287571746515 -0.12384996461429583 -0.017408604824670482 -0.07921539041870991 -0.0541182682154171 -0.09156810377718429 -0.1625582944703531 -0.05767844268204758 0.002575660012878305 0.029515938606847703 -0.0332383665716999 0.032806804374240585 -0.0764470331270477 0.03582395087001024 -0.19199785177228784 -0.08102456874019866 -0.29971260435199126 -0.039917208752217624 0.025147742990066647 0.07824016328381903 -0.03663423010875787 -0.10332812687732788 -0.0665537270087125 0.04541549036455137 -0.1293759512937595 0.09013649240278135 -0.18215662810796435 0.028337061894108874 -0.06606007727782626 -0.016288539848749273 -0.13960819635217292 -0.11853068888628096 -0.16175957174444316 -0.07056572180361201 -0.08203853325046613 -0.04687697960217914 -0.0841440967657113 0.07451145789399691 -0.02903811252268602 -0.01985053713218122 -0.08885771074476789 -0.1454979129397734 -0.17937219730941706 -0.048792388387411574 -0.23522167487684734 -0.08395061728395062 -0.22407170294494244 0.037272225289895086 -0.16821715305212184 0.01421127427759356 -1.4783327429448578 -5.04715248009798 -0.9476885644768857 -0.44342137145626354 -2.0369207585081 -2.655381505811016 -0.6619385342789597 -0.20092088740058603 -0.32580525731210663 -0.22382997965182003 -0.9126760563380281 -3.636145445817833 -1.0116183546532096 -0.6450082997391511 -2.1174442939800566 -2.7961381359079094 -0.6272174353775976 -0.2208572922111866
-0.03401360544217687 -0.01778568252556692 -0.06849315068493149 -0.10614720634550331 -0.11849745230477546 -0.1281749764816557 -0.11959067932437431 -0.1647811116576488 -0.18078512396694216 -0.0013958682300390865 -0.05152647172484866 0.0915303880888455 -0.05150934355534259 -0.0542807796693807 -0.0730754693209021 -0.0012328936012822097 -0.18205980066445182 0.06464959917248513 -0.14852141625779075 0.009817671809256662 0.010144559979710878 -0.07516973811833172 -0.08551013236499941 -0.14390186364708657 -0.017408604824670486 -0.09304664906324658 -0.05939809926082364 -0.10047055831107721 -0.1625582944703531 -0.0692141312184571 0.016741790083708956 0.03187721369539552 -0.026115859449192785 0.025516403402187127 -0.0752335881567771 0.0383828045035824 -0.18931256713211597 -0.0914793518034501 -0.2832899958943479 -0.029568302779420463 0.03897900163460329 0.07483841705408777 -0.0274756725815684 -0.11534302535143577 -0.05082284607938046 0.0405057076224377 -0.1243023845763572 0.09399948493432912 -0.16221247174577852 0.03281133482475764 -0.05110307864888447 -0.016288539848749273 -0.1317270884935825 -0.12322497359464853 -0.1571046200395671 -0.07176175098672408 -0.07458048477315102 -0.05321170657544659 -0.0815145937417828 0.07310558132995923 -0.02298850574712644 -0.023353573096683792 -0.09236525195837716 -0.16696481812760883 -0.19512786328929824 -0.05855086606489388 -0.23275862068965517 -0.07283950617283949 -0.21382842509603073 0.031750414135836555 -0.15037593984962405 0.01302700142112743 -1.2374542448931396 -5.172075933864055 -0.9902676399026763 -0.4700751150957111 -2.265477834986814 -2.1791308741788784 -0.6080903598634093 -0.1883633319380494 -0.3035912624953721 -0.23739543296405152 -0.7988732394366198 -3.7621504860194412 -1.04917263232015 -0.6983637657102206 -2.4399852271328326 -2.5386805297685355 -0.5651292448048655 -0.23784631468897016
-0.03522837706511176 -0.02556691863050245 -0.06849315068493149 -0.11547882888137173 -0.13390212110439628 -0.13640639698965193 -0.13931697694488968 -0.16847024102311856 -0.18982438016528927 -0.00977107761027359 -0.05925544248357595 0.0793263363436661 -0.06348826066123622 -0.05674808783617073 -0.07937507874511782 -0.009863148810257676 -0.1833887043189369 0.06206361520558572 -0.13526057552048798 0.001402524544179523 -2.7755575615628915e-18 -0.07880698351115423 -0.09253836242239663 -0.1533380514272234 -0.036060681422531715 -0.10184835910976989 -0.07655755015839491 -0.09283988299631182 -0.16788807461692207 -0.06777217015140591 0.006439150032195753 0.030696576151121608 -0.030864197530864203 0.02916160388821385 -0.08615459288921248 0.030706243602865918 -0.19468313641245968 -0.09278619968635651 -0.2641302860270973 -0.03252513305736251 0.04400855023261662 0.06576709377480441 -0.02518603319977104 -0.11654451519884657 -0.056873184898354315 0.028231250767153555 -0.12049720953830542 0.0811228431625032 -0.15423480920090418 0.005965697240865026 -0.044870995886825374 -0.030250145433391506 -0.12384598063499211 -0.13965497007393496 -0.16175957174444316 -0.09089821791651717 -0.08079552517091361 -0.06841505131128849 -0.08414409676571129 0.052017432869394066 -0.014519056261343014 -0.009341429238673519 -0.07716590669940372 -0.15503875968992248 -0.19149194037086412 -0.05855086606489388 -0.23029556650246302 -0.05308641975308641 -0.20102432778489115 0.028989508558807286 -0.1389065885051612 0.00710563713879678 -0.9906718620852523 -5.245560318432333 -1.0401459854014599 -0.4943057911315726 -2.5040813763656913 -1.7054067710965133 -0.5503020751247701 -0.18975861587833123 -0.30729359496482783 -0.2554827040470269 -0.7008450704225353 -3.859354374174967 -1.105504048820561 -0.7540905857244488 -2.8105379785793425 -2.244089615051368 -0.5195134313228584 -0.26267642446419237
-0.03279883381924198 -0.03223654957759005 -0.07073882775656859 -0.11547882888137176 -0.14219694276573056 -0.1317027281279398 -0.15164591295771174 -0.16847024102311853 -0.19886363636363638 -0.027917364600781692 -0.06827257503542447 0.08176714669270198 -0.06827982750359368 -0.05057981741919566 -0.07433539120574525 -0.008630255208975465 -0.17142857142857143 0.06594259115593483 -0.11404323034080359 0.002805049088359046 0.01014455997971088 -0.0739573229873909 -0.09488110577486236 -0.15687662184477472 -0.031086794329768713 -0.0980761976612599 -0.06863780359028511 -0.08393742846241893 -0.1558960692871419 -0.07209805335255948 -0.0012878300064391487 0.028335301062573797 -0.03679962013295347 0.03766707168894289 -0.09950248756218906 0.02686796315250768 -0.2094522019334049 -0.09278619968635651 -0.25591898179827566 -0.03696037847427558 0.036464227335596636 0.06236534754507315 -0.042358328563251293 -0.12976090352036523 -0.07018393030009681 0.012274456855284152 -0.11922881785895485 0.07468452227659025 -0.14492753623188406 -0.014914243102162567 -0.032406830362707216 -0.02326934264107039 -0.11596487277640169 -0.12674568712592418 -0.15361340626091008 -0.08850615955029305 -0.06463642013673089 -0.06461421512732801 -0.0709965816460689 0.04217629692113033 -0.0060496067755595895 -0.012844465203176086 -0.06313574184496669 -0.1550387596899225 -0.19149194037086412 -0.07684801171017322 -0.22290640394088673 -0.06049382716049383 -0.18565941101152367 0.00966316951960243 -0.13763221613355422 -0.008289909995262908 -0.8017475498878263 -5.312921004286588 -1.092457420924574 -0.5221710685728131 -2.71631294738164 -1.2948458817584638 -0.5109009718938796 -0.1967350355797405 -0.29865481920276443 -0.2588740673750848 -0.6061971830985917 -3.9277571102844107 -1.1418847553104094 -0.7944036044581457 -3.157700357010957 -1.9210298304245577 -0.46122655854029393 -0.2652901202300052
-0.018221574344023325 -0.026678523788350377 -0.048282057040197626 -0.11081301761343751 -0.1279772484891575 -0.12817497648165568 -0.135618296141043 -0.1574028529267093 -0.18078512396694219 -0.023729759910664432 -0.04250933917300013 0.08176714669270198 -0.023957834211787266 -0.05304712558598569 -0.04787703162403931 -0.012328936012822093 -0.1355481727574751 0.07240755107318333 -0.0888476329399284 0.005610098176718092 0.01775297996449404 -0.07759456838021339 -0.09136699074616375 -0.1556970983722576 -0.03854762496891321 -0.09933358481076324 -0.05939809926082364 -0.07376319470939843 -0.14923384410393073 -0.0692141312184571 0.005151320025756601 0.025974025974025976 -0.014245014245014249 0.031591737545565005 -0.0897949278000243 0.02175025588536336 -0.19468313641245974 -0.08102456874019866 -0.23812782263582868 -0.02661147250147842 0.05155287312963661 0.056695770495521026 -0.019461934745277625 -0.12976090352036526 -0.06534365924491772 0.014729348226340982 -0.10781329274479959 0.08756116404841616 -0.13429065283871824 -0.011931394481730053 -0.021189081391000876 -0.01861547411285631 -0.0979509119567665 -0.1114892618237296 -0.15361340626091005 -0.08491807200095683 -0.06587942821628341 -0.06208032433802104 -0.0709965816460689 0.04217629692113033 0.00483968542044767 -0.011676786548341898 -0.05027475739506607 -0.15384615384615388 -0.19149194037086412 -0.0890461088070261 -0.21182266009852216 -0.05802469135802468 -0.17157490396927016 0.0013804527885146328 -0.10067541735695171 -0.014211274277593555 -0.6010154681780611 -5.343539497856705 -1.1021897810218977 -0.5403440755997092 -2.8682657289966094 -0.9537645275391613 -0.44391909640136584 -0.18975861587833126 -0.27520671356287796 -0.2667872484738865 -0.5216901408450705 -3.984159366374654 -1.1770918906231662 -0.8276025610623666 -3.488858796011326 -1.6165367000866442 -0.4092752154080081 -0.2613695765812859
-0.013362487852283772 -0.024455313472654512 -0.047159218504379076 -0.10731365916248689 -0.11731247778172768 -0.12582314205079964 -0.12452225372950314 -0.14387604525332026 -0.1652892561983471 -0.025125628140703515 -0.05023830993172742 0.08176714669270196 -0.02036415908001917 -0.05304712558598569 -0.05795640670278442 -0.01479472321538651 -0.14219269102990034 0.07628652702353245 -0.1034345577509614 0.008415147265077139 0.01521683996956632 -0.08365664403491756 -0.10190933583225958 -0.15451757489974052 -0.0460084556080577 -0.09807619766125991 -0.06995776135163674 -0.06358896095637798 -0.14390406395736177 -0.06488824801730353 0.010302640051513202 0.024793388429752067 -0.007122507122507125 0.04131227217496962 -0.08008736803785949 0.02302968270214944 -0.18528464017185825 -0.06011500261369577 -0.21349390994936365 -0.016262566528681258 0.04778071168112662 0.0555618550856106 -0.03663423010875787 -0.1261564339781329 -0.07502420135527589 0.006137228427642075 -0.11161846778285134 0.09915014164305948 -0.13960909453530113 -0.00447427293064877 -0.042378162782001745 -0.01861547411285631 -0.11934249043008331 -0.10327426358408638 -0.16641452344931923 -0.08013395526850856 -0.08576755748912368 -0.05447865197010009 -0.08677359978963976 0.036552790664979615 -0.0036297640653357535 -0.015179822512844466 -0.05728983982228458 -0.13953488372093023 -0.19512786328929826 -0.08294706025859966 -0.21428571428571427 -0.03333333333333333 -0.16901408450704222 0.011043622308117063 -0.1006754173569517 -0.02131691141639034 -0.520722635494155 -5.350887936313533 -1.1520681265206814 -0.5609401502301914 -3.0428230566369456 -0.6998484082870136 -0.4229051746782243 -0.17999162829635834 -0.28014315685548563 -0.280352701786118 -0.4833802816901408 -4.024960998439937 -1.232249735946485 -0.8655442257529049 -3.8286347408592887 -1.3652679787102364 -0.38520020273694877 -0.2718243596445374
-0.03158406219630709 -0.01889728768341485 -0.06737031214911296 -0.10731365916248688 -0.135087095627444 -0.1317027281279398 -0.13808408334360744 -0.14018691588785048 -0.17045454545454544 -0.03908431044109436 -0.047661986345485 0.0768855259946302 -0.008385241974125546 -0.05798174191956575 -0.051656797278568735 -0.01849340401923314 -0.1475083056478405 0.07111455908973363 -0.10210847367723115 0.0 0.010144559979710878 -0.08729388942774007 -0.10776619421342393 -0.1521585279547063 -0.05595622979358369 -0.10813529485728654 -0.0791974656810982 -0.06358896095637798 -0.13990672884743505 -0.08074981975486661 -0.010302640051513202 0.020070838252656438 -0.027302943969610638 0.03402187120291616 -0.09222181774056547 0.014073694984646879 -0.19065520945220193 -0.045739675901725035 -0.2080197071301492 -0.016262566528681258 0.04526593738211995 0.052160108855879336 -0.03663423010875787 -0.1273579238255437 -0.07744433688286544 -0.004909782742113662 -0.121765601217656 0.10172546999742467 -0.13960909453530118 -0.019388516032811335 -0.04237816278200175 -0.02210587550901687 -0.10920963746903851 -0.1150099753550053 -0.1664145234493192 -0.09329027628274131 -0.09073958980733375 -0.05321170657544659 -0.088088351301604 0.009841135948263746 -0.009679370840895343 -0.017515179822512845 -0.06547410265403952 -0.1347644603458557 -0.2011877348200218 -0.0914857282263967 -0.20935960591133002 -0.023456790123456788 -0.17157490396927014 0.0041413583655438985 -0.1006754173569517 -0.03315963998105163 -0.46286456488369343 -5.3533374157991425 -1.1970802919708032 -0.6021322994911558 -3.1859851814642726 -0.5495199595755431 -0.4005778828473864 -0.19813031952002236 -0.2690361594471184 -0.28939633732760567 -0.4394366197183099 -4.06096243849754 -1.2615890153737825 -0.8999288593787054 -4.129016373261111 -1.1659858893427404 -0.363659401926001 -0.28489283847360164
-0.02793974732750243 -0.030013339261894173 -0.058387603862564565 -0.12131109296628954 -0.12442232492001422 -0.14698965192850422 -0.14794723215386513 -0.14387604525332023 -0.17691115702479338 -0.06141820212171971 -0.05410279531109108 0.06346106907493289 -0.01677048394825108 -0.08758943992104613 -0.06299609424215699 -0.03575391443718407 -0.14485049833887043 0.06723558313938452 -0.10741280997215222 -0.014025245441795231 0.00380420999239158 -0.08123181377303589 -0.1124516809183554 -0.14272234017456947 -0.05098234270082069 -0.09430403621274991 -0.0791974656810982 -0.04196871423120946 -0.14390406395736174 -0.07930785868781542 -0.014166130070830651 0.023612750885478158 -0.02849002849002849 0.03159173754556501 -0.09343526271083606 0.015353121801432956 -0.19736842105263158 -0.02613695765812859 -0.19433420008211305 -0.011827321111768188 0.03520684018609329 0.05556185508561061 -0.04922724670864338 -0.13456686291000844 -0.0871248789932236 -0.004909782742113665 -0.13064434297311012 0.11717744012361575 -0.15689403004919558 -0.022371364653243846 -0.05234949520129628 -0.027923211169284468 -0.11596487277640173 -0.11618354653209717 -0.16175957174444314 -0.09807439301518958 -0.09819763828464885 -0.055745597364753575 -0.09729161188535367 -0.0028117531280753534 0.0 -0.022185894441849603 -0.06079738103589384 -0.14311270125223616 -0.1866440431462853 -0.10124420590387899 -0.1982758620689655 -0.019753086419753086 -0.16645326504481434 -0.0027609055770292656 -0.10194978972855868 -0.05684509711037422 -0.43334514110284567 -5.343539497856706 -1.2360097323600976 -0.6433244487521202 -3.2851940223533838 -0.387822132390096 -0.39926451273969005 -0.21487372680340452 -0.2826113785017895 -0.3063531539678951 -0.428169014084507 -4.088563542541702 -1.3132261471658258 -0.931942138961347 -4.3961590545365015 -0.954326030449313 -0.363659401926001 -0.29142707788813377
-0.02793974732750243 -0.02890173410404624 -0.0595104423983831 -0.12364399860025661 -0.13153217205830076 -0.14816556914393225 -0.1565774873628406 -0.14018691588785046 -0.1885330578512397 -0.06420993858179788 -0.05410279531109108 0.061020258725897 -0.02275994250119789 -0.07895386133728102 -0.07433539120574524 -0.03205523363333744 -0.16212624584717608 0.07628652702353243 -0.12465190293064579 0.0 -0.0012680699974638616 -0.08365664403491756 -0.115965795947054 -0.14036329322953525 -0.06341706043272817 -0.09933358481076324 -0.09239704329461457 -0.036881597354699217 -0.15722851432378415 -0.08651766402307137 -0.012878300064391501 0.021251475796930343 -0.032051282051282055 0.035236938031591745 -0.09828904259191845 0.01151484135107472 -0.20945220193340494 -0.016989022477783583 -0.20391405501573834 -0.025133057362507392 0.03772161448509996 0.06123143213516271 -0.04693760732684602 -0.12976090352036526 -0.09317521781219748 -0.009819565484227324 -0.14205986808726534 0.12361576100952872 -0.16886052386650713 -0.017897091722595078 -0.04611741243923719 -0.029086678301337987 -0.10920963746903851 -0.10914211946954584 -0.16874199930175723 -0.09329027628274131 -0.10689869484151646 -0.05194476118079311 -0.1051801209571391 -0.0070293828201883875 -0.006049606775559587 -0.019850537132181222 -0.06079738103589384 -0.1443053070960048 -0.19270391467700884 -0.10856306416199073 -0.19950738916256155 -0.019753086419753086 -0.16389244558258645 -0.006902263942573164 -0.10322416210016568 -0.05329227854097583 -0.4238989254929744 -5.265156154317207 -1.278588807785888 -0.656651320571844 -3.329147306291599 -0.32844871147043964 -0.3808773312319412 -0.21208315892284083 -0.2813772676786376 -0.3097445172959529 -0.41352112676056335 -4.027361094443778 -1.3308297148222041 -0.9627697415224092 -4.542656653945587 -0.8602549820522343 -0.3661936137861125 -0.28489283847360164
-0.03522837706511176 -0.0411293908403735 -0.0617561194700202 -0.12947626268517437 -0.14219694276573056 -0.16227657572906867 -0.16397484897053385 -0.14633546483030005 -0.19111570247933884 -0.06560580681183696 -0.059255442483575935 0.043934586282645835 -0.022759942501197897 -0.1073279052553664 -0.0818949225148041 -0.05054863765257058 -0.16744186046511628 0.055598655288337205 -0.12332581885691551 -0.008415147265077139 -0.0012680699974638616 -0.0921435499515034 -0.11362305259458827 -0.14154281670205235 -0.05844317333996517 -0.1018483591097699 -0.08843717001055966 -0.04832761032684726 -0.14656895403064624 -0.10093727469358327 -0.02189311010946555 0.018890200708382526 -0.036799620132953466 0.03037667071688943 -0.10921004732435384 0.01023541453428864 -0.20542427497314714 -0.009147935180345006 -0.1888599972628986 -0.019219396806623303 0.03772161448509996 0.05216010885587935 -0.04235832856325129 -0.1441787816892947 -0.0871248789932236 -0.02086657665398306 -0.13952308472856417 0.11975276847798093 -0.15423480920090415 -0.013422818791946308 -0.03614608001994267 -0.03374054682955206 -0.0979509119567665 -0.10092712122990259 -0.16175957174444316 -0.0897021887334051 -0.10565568676196395 -0.05701254275940707 -0.09334735734946095 -0.00562350625615071 -0.01572897761645493 -0.005838393274170949 -0.06196656144043026 -0.12880143112701253 -0.20361168343231126 -0.0914857282263967 -0.19211822660098524 -0.0024691358024691358 -0.1587708066581306 0.0041413583655438985 -0.09940104498534473 -0.039081004263382284 -0.40854882512693347 -5.186772810777709 -1.3077858880778588 -0.6614974557790162 -3.359286700992088 -0.3019201616978272 -0.36380351983188863 -0.20092088740058603 -0.28014315685548563 -0.308614062853267 -0.40225352112676055 -3.9745589823592944 -1.3425654265931228 -0.9876689589755749 -4.663301735811892 -0.8268350043322193 -0.358590978205778 -0.28619968635650805
-0.02429543245869777 -0.03890618052467763 -0.05501908825510891 -0.11781173451533886 -0.1410119682426828 -0.16227657572906867 -0.16274195536925162 -0.14387604525332023 -0.1962809917355372 -0.06700167504187604 -0.06956073682854567 0.04759580180619966 -0.017968375658840446 -0.09129040217123117 -0.0856746881693335 -0.03698680803846628 -0.16744186046511628 0.06077062322213602 -0.1299562392255669 -0.009817671809256662 -0.0050722799898554405 -0.09699321047526674 -0.10190933583225958 -0.12974758197688133 -0.0484953991544392 -0.10310574625927323 -0.08051742344244983 -0.05087116876510238 -0.13724183877415053 -0.09516943042537851 -0.03219575016097875 0.02125147579693034 -0.04985754985754985 0.042527339003645206 -0.129838611818954 0.012794268167860797 -0.23093447905477982 -0.007841087297438577 -0.2093882578349528 -0.02365464222353637 0.03897900163460329 0.04875836262614809 -0.034344590726960514 -0.13696984260482997 -0.09922555663117133 -0.0159567939118694 -0.15093860984271942 0.11846510430079833 -0.16753091344236137 -0.01938851603281133 -0.03614608001994266 -0.031413612565445025 -0.09457329430308489 -0.08567069592770801 -0.16292330967066215 -0.0861141011840689 -0.11187072715972654 -0.05447865197010009 -0.08940310281356824 -0.0028117531280753556 -0.014519056261343014 0.004670714619336759 -0.05027475739506606 -0.10852713178294575 -0.2120955035753242 -0.08416686996828494 -0.2019704433497537 0.0049382716049382715 -0.17157490396927016 0.0041413583655438985 -0.1019497897285587 -0.03789673140691615 -0.38257173219978746 -5.112063686466625 -1.3309002433090023 -0.6711897261933608 -3.385658671355017 -0.2880242546740778 -0.3559232991857106 -0.19952560346030418 -0.2961865975564606 -0.3063531539678951 -0.39999999999999997 -3.90375615024601 -1.363689707780777 -1.0042684372776853 -4.744552505232057 -0.7884639188018319 -0.3661936137861125 -0.28881338212232094
-0.025510204081632654 -0.04224099599822143 -0.042667864361104875 -0.11314592324740466 -0.13982699371963506 -0.17403574788334902 -0.16890642337566267 -0.1561731431382194 -0.1885330578512397 -0.08235622557230596 -0.09145948731160633 0.041493775933609964 -0.03593675131768089 -0.08142116950407105 -0.10457351644198058 -0.03328812723461966 -0.1780730897009967 0.056891647271786916 -0.13658665959421828 -0.009817671809256662 -0.015216839969566317 -0.10063045586808923 -0.10190933583225958 -0.12267044114177868 -0.05098234270082069 -0.11190745630579654 -0.08447729672650475 -0.05977362329899529 -0.13324450366422383 -0.0966113914924297 -0.04121056020605281 0.012987012987012991 -0.04392212725546059 0.05103280680437424 -0.1383327266108482 0.00895598771750256 -0.24570354457572505 -0.013068478829064301 -0.22170521417818528 -0.03548196333530455 0.021375581541556648 0.04875836262614809 -0.04464796794504866 -0.13456686291000844 -0.11858664085188768 -0.013501902540812566 -0.16996448503297817 0.10301313417460725 -0.18215662810796435 -0.035794183445190156 -0.044870995886825374 -0.031413612565445025 -0.08444044134204008 -0.07276141297969722 -0.16292330967066218 -0.0861141011840689 -0.1218147917961467 -0.05827948815406055 -0.07888509071785431 -0.008435259384226065 -0.018148820326678767 0.012844465203176086 -0.028060329708874076 -0.09183064997018486 -0.2133074778814689 -0.07318858258111735 -0.20812807881773399 0.012345679012345678 -0.175416133162612 -0.005521811154058531 -0.10577290684337966 -0.026054002842254852 -0.3672216318337466 -5.044703000612369 -1.3564476885644767 -0.6590743881754301 -3.414542257942986 -0.2602324406265791 -0.3414762280010507 -0.18836333193804938 -0.3085277057879798 -0.29730951842640735 -0.3988732394366197 -3.8353534141365655 -1.385987560145523 -1.0113824994071614 -4.82457220238828 -0.763708379749969 -0.3699949315762798 -0.29012023000522735
-0.004859086491739553 -0.037794575366829695 -0.026948124859645185 -0.11547882888137176 -0.11849745230477544 -0.17050799623706492 -0.15041301935642953 -0.1487948844072799 -0.1652892561983471 -0.09073143495254048 -0.06827257503542446 0.05247742250427142 -5.551115123125783e-18 -0.07278559092030594 -0.06803578178152955 -0.025890765626926403 -0.1408637873754153 0.05818463925523663 -0.10608672589842197 -0.008415147265077139 -0.010144559979710881 -0.10063045586808923 -0.09605247745109523 -0.1120547298891248 -0.03606068142253171 -0.10436313340877656 -0.08051742344244985 -0.05468650642248506 -0.13057961359093936 -0.09372746935832732 -0.025756600128783003 0.01652892561983471 -0.014245014245014245 0.042527339003645206 -0.12013105205678923 0.01663254861821904 -0.2255639097744361 -0.003920543648719289 -0.2080197071301492 -0.044352454169130695 0.027662517289073308 0.05782968590543145 -0.03319977103606183 -0.12615643397813286 -0.1052758954501452 -0.0024548913710568296 -0.15854895991882292 0.1094514550605202 -0.17284935513894428 -0.03131991051454139 -0.04736382899164902 -0.025596276905177427 -0.09457329430308489 -0.06454641474005399 -0.16641452344931923 -0.07774189690228442 -0.13424487259167187 -0.051944761180793095 -0.08545884827767551 -0.0056235062561507095 -0.022988505747126436 0.018682858477347034 -0.019876066877119136 -0.08944543828264759 -0.20845958065689008 -0.05855086606489387 -0.20073891625615764 0.025925925925925925 -0.16517285531370035 0.0027609055770292656 -0.079011087039633 -0.011842728564661292 -0.34006376195536664 -4.990814451928964 -1.3394160583941606 -0.6445359825539132 -3.390681903805098 -0.23496715512885294 -0.308641975308642 -0.17580577647551276 -0.28631371097124525 -0.2916572462129776 -0.3639436619718309 -3.7777511100444023 -1.3695575636662363 -1.0125681764287406 -4.834420780499816 -0.7500928332714445 -0.34845413076533205 -0.29273392577104024
0.010932944606413994 -0.042240995998221426 -0.0033685156074556534 -0.1213110929662895 -0.09124303827467709 -0.1763875823142051 -0.1331525089384786 -0.14756517461878996 -0.13429752066115702 -0.08096035734226688 -0.06956073682854566 0.06468147424945082 -0.0035936751317680927 -0.057981741919565746 -0.0755953130905884 -0.014794723215386513 -0.15282392026578073 0.06723558313938455 -0.12199973478318527 0.004207573632538569 -0.001268069997463861 -0.11154219204655673 -0.0784819023076022 -0.11441377683415901 -0.029843322556577973 -0.11065006915629323 -0.09107708553326294 -0.057230064860740185 -0.1425716189207195 -0.09084354722422494 -0.02189311010946555 0.015348288075560806 -0.00237416904083571 0.03645200486026732 -0.11891760708651862 0.02175025588536336 -0.23093447905477976 0.006534239414532147 -0.20528260572054197 -0.03696037847427558 0.040236388784106625 0.05782968590543146 -0.021751574127074985 -0.12976090352036523 -0.09196515004840271 -0.0012274456855284153 -0.16108574327752406 0.11073911923770278 -0.17284935513894428 -0.017897091722595078 -0.05608874485853173 -0.041884816753926704 -0.08894393154694889 -0.07510855533388101 -0.1710694751541953 -0.0861141011840689 -0.15413300186451212 -0.05447865197010009 -0.0920326058374967 -0.00562350625615071 -0.029038112522686028 0.019850537132181222 -0.030398690517946924 -0.08467501490757305 -0.20603563204460068 -0.052451817516467436 -0.20935960591133002 0.03333333333333333 -0.16901408450704222 0.017945886250690227 -0.062444246208742206 -0.016579819990525813 -0.3235328846380919 -4.932026944274341 -1.3369829683698298 -0.6481705839592924 -3.3944493281426595 -0.22233451237998988 -0.30601523509324935 -0.17859634435607646 -0.28014315685548563 -0.29843997286909335 -0.3504225352112676 -3.717748709948398 -1.3695575636662363 -1.0196822385582167 -4.835651852763758 -0.7439039485084787 -0.3560567663456665 -0.29142707788813377
-0.0036443148688046685 -0.05224544241885282 -0.01796541657309679 -0.11897818733232239 -0.10427775802820241 -0.174035747883349 -0.15411170016027617 -0.14633546483030005 -0.15237603305785125 -0.08375209380234505 -0.08630684013912147 0.05979985355137907 -0.04312410158121706 -0.055514433752775705 -0.10205367267229433 -0.011096042411539884 -0.1780730897009967 0.06335660718903544 -0.13658665959421828 0.002805049088359046 -0.0126806999746386 -0.11760426770126091 -0.08433876068876654 -0.11559330030667611 -0.03606068142253171 -0.1169370049038099 -0.10691657866948256 -0.06104540251812285 -0.1465689540306462 -0.09949531362653208 -0.028332260141661302 0.009445100354191265 -0.023741690408357073 0.0376670716889429 -0.1395461715811188 0.0191914022517912 -0.25241675617615467 0.009147935180345006 -0.21349390994936362 -0.031046717918391486 0.01257387149503332 0.05782968590543145 -0.05495134516313681 -0.1273579238255437 -0.11979670861568248 -0.007364674113170494 -0.1915271435819381 0.10430079835178982 -0.1954527323494216 -0.020879940343027592 -0.0623208276205908 -0.0535194880744619 -0.0979509119567665 -0.08332355357352425 -0.18503433026882346 -0.09089821791651717 -0.17899316345556246 -0.05827948815406055 -0.11043912700499603 -0.015464642204414453 -0.050816696914700546 0.017515179822512845 -0.05728983982228457 -0.08228980322003579 -0.2266391952490608 -0.045132959258355705 -0.23645320197044334 0.03580246913580247 -0.1933418693982074 0.027609055770292656 -0.08793169364088188 -0.027238275698720983 -0.348329200614004 -4.859767299448867 -1.358880778588808 -0.6530167191664646 -3.4070074092678637 -0.2210712481051036 -0.32177567638560556 -0.18417748011720383 -0.2961865975564606 -0.3074836084105811 -0.37183098591549296 -3.646945877835114 -1.383640417791339 -1.0196822385582167 -4.8368829250277 -0.7389528406981062 -0.3775975671566143 -0.29534762153685307
-0.007288629737609328 -0.04335260115606936 -0.016842578037278243 -0.11197947043042109 -0.1149425287356322 -0.16227657572906867 -0.1664406361730983 -0.14018691588785046 -0.1652892561983471 -0.06839754327191513 -0.08244235475975784 0.05613863802782524 -0.045519885002395795 -0.07525289908709595 -0.09953382890260805 -0.013561829614104303 -0.17674418604651163 0.05689164727178693 -0.1299562392255669 0.004207573632538569 -0.010144559979710881 -0.12124151309408342 -0.07379641560267072 -0.12384996461429583 -0.0360606814225317 -0.11190745630579654 -0.10295670538542767 -0.05087116876510237 -0.15189873417721517 -0.09228550829127613 -0.02446877012234385 0.018890200708382533 -0.01780626780626781 0.053462940461725394 -0.14804028637301297 0.031985670419651994 -0.2765843179377014 0.018295870360690015 -0.21896811276857808 -0.019219396806623303 0.026405130139569976 0.052160108855879336 -0.030910131654264456 -0.1501862309263487 -0.11132623426911906 -0.009819565484227324 -0.1991374936580416 0.0952871491115117 -0.18880468022869298 -0.03877703206562267 -0.05234949520129627 -0.051192553810354854 -0.0968250394055393 -0.0891914094589837 -0.18619806819504248 -0.09329027628274131 -0.18769422001243005 -0.055745597364753575 -0.11306863002892453 -0.015464642204414453 -0.042347247428917115 0.02802428771602055 -0.04910557699052964 -0.07871198568872989 -0.22421524663677134 -0.04025372041961454 -0.23029556650246308 0.046913580246913576 -0.19974391805377723 0.037272225289895086 -0.07901108703963299 -0.03315963998105163 -0.32943676939426136 -4.783833435394978 -1.3479318734793186 -0.64332444875212 -3.3354263468542 -0.2248610409297625 -0.3244024166009982 -0.18557276405748568 -0.28754782179439714 -0.308614062853267 -0.36732394366197185 -3.5593423736949483 -1.3578218518953173 -1.0078254683424235 -4.71377569863351 -0.7265750711721749 -0.37633046122655855 -0.2848928384736017
-0.004859086491739551 -0.048910626945309024 -0.01684257803727824 -0.11197947043042107 -0.11138760516648893 -0.15404515522107243 -0.17753667858463815 -0.1340383669454009 -0.16916322314049587 -0.05164712451144613 -0.0798660311735154 0.05857944837686112 -0.04432199329180643 -0.05674808783617073 -0.0944941413632355 -0.0049315744051288395 -0.17541528239202658 0.06464959917248514 -0.13260840737302743 0.011220196353436185 -0.00760841998478316 -0.10911736178467506 -0.07028230057397213 -0.10025949516395376 -0.026112907237005722 -0.08801710046523324 -0.09767687434002112 -0.03815337657382679 -0.1425716189207195 -0.07786589762076424 -0.016741790083708952 0.029515938606847703 -0.015432098765432101 0.06075334143377886 -0.14682684140274238 0.04733879222108496 -0.3007518796992481 0.02744380554103502 -0.2258108662925961 -0.004435245416913067 0.03394945303658997 0.0555618550856106 -0.02518603319977104 -0.15138772077375948 -0.1052758954501452 -0.011047011169755738 -0.19913749365804162 0.09915014164305948 -0.1794974072596729 -0.017897091722595078 -0.051103078648884456 -0.04653868528214078 -0.10020265705922089 -0.07041427062551343 -0.1885255440474805 -0.0825260136347327 -0.20509633312616532 -0.055745597364753575 -0.1183276360767815 0.0028117531280753547 -0.03387779794313369 0.03503035964502569 -0.03975213375423828 -0.06678592725104354 -0.21088352926917947 -0.028055623322761646 -0.22536945812807888 0.05802469135802468 -0.1971830985915493 0.05383765875207068 -0.06754173569517012 -0.02250118427285646 -0.3176289998819223 -4.650336803429271 -1.3381995133819953 -0.6190937727162587 -3.2651010925530577 -0.202122283981809 -0.33228263724717627 -0.15208594949072135 -0.2727384919165741 -0.2973095184264074 -0.3515492957746479 -3.4273370934837386 -1.3167468606971013 -0.9769978657813614 -4.4170872830235135 -0.7030573090729051 -0.3674607197161682 -0.2665969681129116
0.004859086491739553 -0.04779902178746109 -0.019088255108915337 -0.10848011197947043 -0.11612750325867996 -0.14934148635936031 -0.16644063617309826 -0.1291195277914412 -0.15883264462809918 -0.04048017867113344 -0.06827257503542446 0.06346106907493287 -0.037134643028270256 -0.033308660251665435 -0.08567468816933352 0.006164468006411046 -0.16345514950166112 0.07370054305663307 -0.12067365070945497 0.021037868162692847 0.0050722799898554405 -0.09335596508244423 -0.059739955487876306 -0.09907997169143667 -0.019895548371051976 -0.08927448761473658 -0.08315733896515312 -0.039425155792954344 -0.13590939373750832 -0.07930785868781542 -0.005151320025756597 0.024793388429752067 -0.007122507122507123 0.051032806804374255 -0.1371192816405776 0.034544524053224154 -0.30075187969924805 0.022216414009409303 -0.21759956206377445 -0.0059136605558840925 0.04903809883062995 0.058963601315341875 -0.018317115054378937 -0.14538027153670552 -0.09196515004840271 -0.007364674113170491 -0.1902587519025875 0.10430079835178985 -0.16088286132163276 -0.013422818791946308 -0.03365324691511904 -0.034904013961605584 -0.09006980409817608 -0.06571998591714588 -0.18270685441638546 -0.07534983853606028 -0.2038533250466128 -0.051944761180793095 -0.11569813305285301 0.004217629692113032 -0.02298850574712643 0.044371788883699206 -0.038582953349701854 -0.0584376863446631 -0.1987637862077324 -0.028055623322761646 -0.20935960591133007 0.06543209876543209 -0.17797695262483998 0.06212037548315848 -0.05352363960749331 -0.010658455708195166 -0.3058212303695832 -4.451928965094917 -1.313868613138686 -0.5984976980857766 -3.0917995730252414 -0.19075290550783222 -0.31126871552403473 -0.1451095297893121 -0.25299271874614343 -0.27922224734343204 -0.3323943661971831 -3.248529941197648 -1.2709775847905176 -0.946170263220299 -4.1191677951495755 -0.6894417625943804 -0.3547896604156107 -0.25875588081547307
0.008503401360544218 -0.0411293908403735 -0.008982708286548395 -0.10731365916248688 -0.10901765612039342 -0.138758231420508 -0.15534459376155837 -0.11928184948352187 -0.1381714876033058 -0.0348967057509771 -0.06183176606981837 0.06346106907493287 -0.029947292764734075 -0.030841352084875394 -0.07811515686027468 0.009863148810257674 -0.15016611295681065 0.07628652702353247 -0.11139106219334308 0.012622720897615708 0.011412629977174741 -0.08850630455868089 -0.05505446878294483 -0.09790044821891955 -0.017408604824670475 -0.08550232616622658 -0.07655755015839494 -0.03306625969731654 -0.12258494337108594 -0.07498197548666186 -0.0025756600128783004 0.02243211334120425 -0.0011870845204178528 0.04131227217496962 -0.135905836670307 0.03966223132036848 -0.29538131041890436 0.016989022477783586 -0.2080197071301492 0.008870490833826137 0.05155287312963662 0.05782968590543144 -0.016027475672581566 -0.14898474107893786 -0.09559535333978701 -0.013501902540812568 -0.18011161846778284 0.10172546999742467 -0.14093870495944688 -0.02087994034302759 -0.029913997257883584 -0.03723094822571262 -0.08556631389326728 -0.07276141297969722 -0.16990573722797625 -0.07774189690228442 -0.20261031696706028 -0.03674141644495123 -0.1078096239810676 0.008435259384226065 -0.013309134906231094 0.039701074264362445 -0.03273705132701975 -0.05963029218843173 -0.1951278632892983 -0.01951695535496463 -0.21059113300492616 0.07160493827160493 -0.18181818181818182 0.06488128106018774 -0.0471517777494584 -0.016579819990525817 -0.3129058920769866 -4.051439069197796 -1.2141119221411187 -0.5645747516355707 -2.828079869395956 -0.18064679130874178 -0.30470186498555296 -0.13813311008790288 -0.24435394298407997 -0.2600045218177708 -0.3245070422535211 -2.943717748709948 -1.172397605914799 -0.8726582878823809 -3.703065369937215 -0.6436440153484343 -0.3383172833248859 -0.23784631468897022
0.017006802721088437 -0.03668297020898177 -0.011228385358185494 -0.10381430071153623 -0.09361298732077261 -0.1246472248353716 -0.14054987054617188 -0.10329562223315296 -0.1291322314049587 -0.02372975991066443 -0.06311992786293957 0.06346106907493287 -0.02994729276473408 -0.012336540833950159 -0.0730754693209021 0.01849340401923314 -0.14485049833887045 0.0930954228083786 -0.10608672589842197 0.014025245441795231 0.010144559979710881 -0.08486905916585838 -0.06911092889773926 -0.09318235432885116 -0.02362596369062422 -0.08550232616622658 -0.08447729672650475 -0.022892025944296075 -0.12924716855429713 -0.07065609228550829 -0.010302640051513202 0.011806375442739079 -0.009496676163342831 0.037667071688942885 -0.13590583667030703 0.04094165813715455 -0.3034371643394199 0.019602718243596447 -0.20391405501573834 0.007392075694855113 0.05658242172764995 0.054427939675700185 -0.018317115054378934 -0.13937282229965156 -0.0919651500484027 -0.017184239597397816 -0.18518518518518517 0.10430079835178988 -0.15556441962504985 -0.023862788963460106 -0.04237816278200175 -0.03723094822571262 -0.0990767845079937 -0.0739349841567891 -0.17456068893285231 -0.07774189690228442 -0.2137973896830329 -0.03674141644495122 -0.12095713910070997 0.0056235062561507095 -0.010889292196007264 0.02802428771602055 -0.04793639658599321 -0.06559332140727489 -0.18058417161556173 -0.025616003903391076 -0.20812807881773404 0.05802469135802468 -0.1792573623559539 0.04831584759801215 -0.04205428826303047 -0.030791094268119372 -0.3164482229306884 -3.620330679730558 -1.0961070559610704 -0.5282287375817786 -2.5467788521913852 -0.17812026275896914 -0.30076175466246385 -0.13813311008790288 -0.23571516722201658 -0.2351345240786796 -0.3323943661971831 -2.598103924156966 -1.0679497711536206 -0.7884752193502491 -3.273421149821494 -0.5891818294343361 -0.31424227065382665 -0.21301620491374806
0.00607385811467444 -0.036682970208981765 -0.011228385358185494 -0.10498075352851977 -0.08294821661334281 -0.11406396989651928 -0.13068672173591417 -0.09099852434825381 -0.11492768595041325 -0.006979341150195423 -0.06827257503542446 0.06834268977300463 -0.04312410158121707 -0.01603750308413521 -0.06551593801184327 0.009863148810257677 -0.14219269102990034 0.10214636669252652 -0.09282588516111923 0.019635343618513323 0.0012680699974638603 -0.08001939864209504 -0.07028230057397213 -0.09436187780136826 -0.02362596369062422 -0.07795800326920659 -0.08315733896515311 -0.008902454533892915 -0.1279147235176549 -0.06344628695025234 -0.0038634900193174502 0.01770956316410862 0.005935422602089265 0.042527339003645206 -0.12255794199733043 0.05373592630501536 -0.28329752953813103 0.03920543648719289 -0.1915970986725058 0.029568302779420456 0.040236388784106625 0.058963601315341875 -0.03319977103606182 -0.13456686291000838 -0.09317521781219748 -0.02209402233951148 -0.18138001014713342 0.11588977594643317 -0.15423480920090413 -0.011931394481730048 -0.049856662096472645 -0.03606748109365911 -0.0990767845079937 -0.07745569768806479 -0.1652507855231002 -0.0753498385360603 -0.2100683654443754 -0.034207525655644236 -0.12753089666053116 0.009841135948263743 -0.018148820326678767 0.01985053713218123 -0.04793639658599322 -0.07632677400119262 -0.15634468549266756 -0.021956574774335207 -0.1970443349753695 0.05432098765432099 -0.16901408450704225 0.04831584759801215 -0.049700522492672365 -0.0319753671245855 -0.3294367693942614 -3.185548071034905 -0.9756690997566911 -0.48703658832081426 -2.2428732889614467 -0.1629610914603335 -0.2836879432624113 -0.12836612250592994 -0.22213994816734547 -0.21139498078227445 -0.3109859154929577 -2.2704908196327853 -0.9376833704964206 -0.7125918899691724 -2.81546226763511 -0.5396707513306103 -0.2863659401926001 -0.18687924725561947
0.009718172983479108 -0.045575811471765225 -0.008982708286548393 -0.10264784789455265 -0.06398862424457875 -0.11641580432737535 -0.10479595610898777 -0.09099852434825381 -0.0994318181818182 0.0013958682300390841 -0.056679118897333514 0.07566512082011226 -0.02515572592237662 -0.011102886750555147 -0.0440972659695099 0.012328936012822093 -0.13023255813953488 0.11249030256012413 -0.08752154886619812 0.019635343618513323 0.011412629977174741 -0.07638215324927256 -0.05739721213541057 -0.09436187780136826 -0.014921661278288978 -0.07041368037218661 -0.06731784582893346 -0.0038153376573826794 -0.11858760826115924 -0.06777217015140591 0.0025756600128782996 0.0153482880755608 -0.001187084520417856 0.037667071688942885 -0.11285038223516564 0.05245649948822928 -0.26584317937701396 0.045739675901725035 -0.17380593951005885 0.03400354819633353 0.05909719602665662 0.06123143213516271 -0.0137378362907842 -0.13696984260482997 -0.07260406582768635 -0.023321468025039895 -0.15854895991882295 0.13005408189544168 -0.13562026326286397 -0.0029828486204325094 -0.04611741243923719 -0.04421175101803374 -0.10808376491781131 -0.09036498063607558 -0.1571046200395671 -0.08372204281784476 -0.19763828464885022 -0.03800836183960471 -0.12621614514856694 0.0028117531280753547 -0.019358741681790685 -0.0011676786548341894 -0.058459020226821 -0.07632677400119262 -0.13210519936977339 -0.031715052451817514 -0.17733990147783255 0.04197530864197531 -0.15620998719590268 0.06350082827167311 -0.03823117114820951 -0.04973945997157745 -0.308182784272051 -2.7446417636252294 -0.8381995133819953 -0.4591713108795735 -1.9138515634811 -0.1654876200101061 -0.26136065143157344 -0.13673782614762103 -0.20979883993582624 -0.20461225412615874 -0.2895774647887324 -1.9608784351374058 -0.8074169698392207 -0.6461939767607305 -2.3501169518650746 -0.49387300408466384 -0.25595539787126204 -0.15943544171458443
-0.004859086491739551 -0.05224544241885283 -0.006737031214911293 -0.1061472063455033 -0.05924872615238773 -0.12817497648165568 -0.09000123289360129 -0.0971470732907034 -0.09168388429752067 -0.005583472920156337 -0.06698441324230323 0.07566512082011227 -0.045519885002395795 0.004934616333580064 -0.06803578178152955 0.008630255208975465 -0.15813953488372096 0.11119731057667444 -0.10741280997215223 0.0182328190743338 0.02155718995688562 -0.0703200775945684 -0.046854867049314755 -0.09554140127388536 -0.014921661278288981 -0.0779580032692066 -0.062038014783526926 -0.0038153376573826807 -0.11592271818787474 -0.07209805335255948 -0.0077269800386349004 0.01062573789846517 -0.020180436847103512 0.04738760631834751 -0.12134449702705982 0.04989764585465711 -0.2738990332975295 0.04051228437009932 -0.1792801423292733 0.04139562389118865 0.046523324531623285 0.058963601315341875 -0.027475672581568404 -0.12615643397813286 -0.07986447241045498 -0.030686142138210387 -0.16869609335362762 0.11975276847798096 -0.13960909453530118 -0.002982848620432512 -0.04611741243923719 -0.04537521815008726 -0.0979509119567665 -0.08567069592770801 -0.14895845455603401 -0.09329027628274131 -0.18272218769422002 -0.04561003420752565 -0.11701288456481726 0.0014058765640376798 -0.027828191167574106 -0.014012143858010275 -0.07015082427218519 -0.05963029218843172 -0.13331717367591808 -0.0353744815808734 -0.1834975369458128 0.0345679012345679 -0.1677336747759283 0.06212037548315848 -0.07391359755320506 -0.061582188536238744 -0.3140866690282206 -2.2976117575015307 -0.7481751824817517 -0.4228252968257814 -1.6338063543890495 -0.1654876200101061 -0.2744943525085369 -0.13394725826705733 -0.20362828582006665 -0.18539452860049743 -0.2794366197183098 -1.6212648505940237 -0.7006219927238587 -0.5655679392933367 -1.905699864582051 -0.44064859512315885 -0.23948302078053726 -0.12545739675901724
-0.01943634596695821 -0.043352601156069356 -0.025825286323826635 -0.10031494226058554 -0.0782083185211518 -0.11994355597365944 -0.09000123289360128 -0.09345794392523366 -0.10072314049586777 -6.938893903907229e-19 -0.0631199278629396 0.06956309494752258 -0.039530426449448985 0.007401924500370097 -0.07055562555121583 0.007397361607693257 -0.160797342192691 0.11378329454357383 -0.11271714626707333 0.016830294530154277 0.02028911995942176 -0.05455868089233753 -0.051540353754246225 -0.08492569002123143 -0.021139020144242727 -0.06538413177417327 -0.05939809926082366 0.010174233753020474 -0.11592271818787474 -0.06488824801730353 -0.00901481004507405 0.011806375442739079 -0.027302943969610638 0.051032806804374234 -0.11891760708651863 0.05501535312180143 -0.2591299677765843 0.04443282801881861 -0.16696318598604082 0.05322294500295684 0.03772161448509997 0.05556185508561062 -0.028620492272467084 -0.12495494413072208 -0.0871248789932236 -0.03436847919479563 -0.17123287671232879 0.12361576100952872 -0.13827948411115543 1.3877787807814458e-18 -0.03739249657235448 -0.034904013961605584 -0.1002026570592209 -0.07158784180260533 -0.13732107529384385 -0.07893792608539649 -0.16532007458048478 -0.03674141644495122 -0.11569813305285304 0.002811753128075355 -0.022988505747126436 -0.010509107893507707 -0.05728983982228457 -0.042933810375670844 -0.11998545630832627 -0.017077335935594056 -0.16995073891625617 0.04567901234567901 -0.17413572343149808 0.07040309221424626 -0.07773671466802601 -0.055660824253908094 -0.2999173456134136 -1.8444580526638088 -0.635036496350365 -0.36709474194330016 -1.3248775587090291 -0.15411824153612935 -0.26530076175466244 -0.11999441886423887 -0.18388251264963595 -0.15600271309066244 -0.2535211267605634 -1.2840513620544822 -0.5785705903063021 -0.47427080863172877 -1.4612827772990273 -0.3837108553038743 -0.21920932589964526 -0.10454783063251438
-0.003644314868804665 -0.0344597598932859 -0.023579609252189538 -0.10148139507756912 -0.0651735987676265 -0.11994355597365944 -0.06534336086795708 -0.0897688145597639 -0.09297520661157026 0.006979341150195421 -0.041221177379878925 0.07566512082011227 -0.01796837565884044 0.007401924500370097 -0.051656797278568735 0.013561829614104303 -0.13421926910299004 0.12412723041117144 -0.0994563055297706 0.028050490883590462 0.035505959928988085 -0.047284190106692534 -0.03982663699191753 -0.0790280726586459 -0.0037304153195722423 -0.050295485980133295 -0.0395987328405491 0.02416380516342363 -0.10126582278481011 -0.050468637346791634 0.0025756600128783004 0.018890200708382522 -0.014245014245014245 0.04495747266099635 -0.09828904259191848 0.05885363357215967 -0.23764769065520946 0.047046523784631464 -0.16559463528123722 0.05617977528089888 0.050295485980133295 0.06576709377480441 -0.011448196908986834 -0.11774600504625735 -0.06292352371732816 -0.017184239597397823 -0.13952308472856417 0.14421838784445015 -0.12365376944555244 0.013422818791946312 -0.028667580705471773 -0.025596276905177427 -0.09344742175185769 -0.061025701208778316 -0.10706388921214942 -0.07056572180361201 -0.1280298321939093 -0.027872798682376788 -0.09466210886142519 0.01687051876845213 -0.008469449485783423 -0.014012143858010273 -0.042090494563311126 -0.03935599284436495 -0.09089807296085324 -0.019516955354964626 -0.14408866995073893 0.04197530864197531 -0.17413572343149808 0.067642186637217 -0.05862112909392124 -0.041449549976314545 -0.27394025268626754 -1.4109001837109616 -0.5133819951338199 -0.3053065180518536 -1.0184603792540499 -0.13390601313794845 -0.24691358024691362 -0.10604157946142037 -0.15179563124768602 -0.12661089758082747 -0.21070422535211267 -0.9708388335533421 -0.4436099049407347 -0.39127341712117625 -1.0119414009602365 -0.329248669389776 -0.18626457171819563 -0.08233141662310507
