0.0072859744990892514 0.053362979433018334 -0.013466502076085737 0.005830903790087463 0.016593575915609816 -0.05523563285932541 0.07772020725388602 -0.02212389380530974 0.1242075300815112 -0.05995538204127162 0.04510309278350515 -0.02071402461313513 0.023949227637408692 -0.01601576937292103 0.05418346774193548 -0.011078286558345644 0.03721919447029111 -0.016763378465506122 0.09691980881571959 -0.03365114974761637 0.06211180124223602 -0.08724100327153764 0.06444053895723492 -0.03066399339544757 0.04972032318210069 -0.1080130620447124 0.16111991547807714 -0.06729304215337735 0.05599253432875617 -0.06784064665127022 0.02704791344667697 -0.037744751120547294 0.022549252314265373 0.0048537798810823944 0.020636076717649915 -0.021714139736875714 0.0510821346955236 -0.037849125554685455 0.12342292923752056 0.004437869822485211 0.03394091766184789 0.004530524408200248 0.029765311963365775 0.03004446580939791 0.026634382566585964 0.04783515270452594 -0.010148420652036028 0.04112581930343144 -0.05987227248536455 0.10757507844016137 -0.007483162883512094 -0.19639744334689135 0.08911449520586576 -0.08327468918601924 0.11542497376705141 -0.11108456760630674 0.22902663679362703 -0.12258309111588524 0.10390635275549125 -0.011256507668495858 -0.6784589290041192 -0.5748068368063685 -0.08339206013624618 -0.04669540229885059 0.0474568021416403 -0.006111722283339447 0.13500123854347287 0.012394645513138325 -0.012878300064391496 -0.4792243767313019 -0.5379222434671765 -0.6943127962085308 -0.24869729985788727 -0.1086822279856737 -0.01482213438735178 0.036607687614399025 0.1293213828425096 0.03871966959215281 -0.25774572649572647 -1.4033149171270718 -0.09258116281940501 -0.24740171712607317 -0.10944375493625183 -0.15553412105136247 -0.03770472487333569 -0.13186029935851745 0.014860681114551078 -0.1744765702891326 -0.1617422312786551 -0.3837118245888802
0.0024286581663630824 0.0433574207893274 -0.02244417012680956 -0.011661807580174929 0.010667298802892026 -0.07286402632506757 0.07278559092030595 -0.028269419862340224 0.12032604476646398 -0.06832124930284442 0.04896907216494846 -0.009747776288534179 0.04191114836546521 -0.011087840335099176 0.06048387096774192 0.004923682914820288 0.04519473614249635 0.003868471953578334 0.11152416356877323 -0.014021312394840151 0.0671821523640512 -0.0993578092814734 0.08084358523725835 -0.031843377756810946 0.05344934742075824 -0.11178095955790002 0.14659270998415214 -0.06983240223463687 0.05332622317024397 -0.056293302540415716 0.020607934054611025 -0.047180938900684116 0.011868027533823882 1.3877787807814458e-18 0.007283321194464676 -0.01915953506194916 0.044360801182954705 -0.03262855651265988 0.12342292923752056 0.029585798816568053 0.03519798868636078 0.0011326311020500614 0.03663423010875787 0.02643912991227016 0.03026634382566586 0.05151477983564332 -0.016491183559558545 0.03855545559696697 -0.06120276742948377 0.17630360077693114 -0.018707907208780246 -0.22080185938407904 0.09024252679075015 -0.090311986863711 0.11892270024484083 -0.11466794075489728 0.22529250684590485 -0.12890180715278654 0.09733000131527027 0.04784015759110735 -0.9728616428398352 -0.7621166003277919 -0.11275546159267091 -0.07902298850574711 0.02920418593331711 -0.026891578046693555 0.12385434728758982 0.0 -0.03219575016097875 -0.6191135734072023 -0.7049075844486934 -0.9087677725118484 -0.29133112269066797 -0.12597258243794002 -0.034584980237154145 0.023184868822452718 0.0947503201024328 0.01161590087764584 -0.328525641025641 -2.1091160220994474 -0.11726947290457967 -0.2745142340713963 -0.11057204106961524 -0.1760308656860381 -0.04477436078708614 -0.14611546685673554 0.007430340557275539 -0.1931704885343968 -0.18339276617422312 -0.4581049334377448
-0.004857316332726169 0.037798777098388 -0.015710919088766692 -0.00816326530612245 0.015408320493066258 -0.06463744270772123 0.08635578583765113 -0.025811209439528034 0.13326432914995473 -0.057166759620747354 0.060567010309278344 -0.007310832216400635 0.04430607112920608 -0.011087840335099176 0.07434475806451613 -0.0024618414574101425 0.0638043333776419 -0.0025789813023855608 0.12612851832182687 -0.023836231071228266 0.06464697680314362 -0.09814612868047984 0.07381370826010544 -0.025946455949994097 0.05469235550031075 -0.1080130620447124 0.16244057052297942 -0.06602336211274759 0.06532462338354886 -0.0433025404157044 0.0025759917568263777 -0.044821891955649916 0.014241633040588658 0.002426889940541195 0.004855547462976451 -0.022991442074338994 0.040328001075413365 -0.036543983294179065 0.11930883159626988 0.05029585798816568 0.041483343808925204 0.001132631102050062 0.042358328563251293 0.02643912991227016 0.043583535108958835 0.0502882374586042 -0.0038056577445135104 0.04241100115666367 -0.047897817988291645 0.2495144180487076 -0.01870790720878024 -0.2359093550261476 0.1026508742244783 -0.08796622097114708 0.13407951498192844 -0.11466794075489728 0.24271844660194178 -0.12511057753064578 0.10390635275549123 0.12241452089489235 -1.30239883692755 -0.9377195036291266 -0.12567535823349776 -0.10057471264367815 0.02798734485276223 -0.04155971152670822 0.1300470646519693 -0.004957858205255331 -0.03992273019961365 -0.7409972299168975 -0.9012109623964308 -1.117298578199052 -0.337517764092847 -0.1395578609361492 -0.0617588932806324 0.007321537522879807 0.07554417413572342 -0.019359834796076412 -0.40731837606837606 -2.8121546961325965 -0.12961362794716702 -0.2948486217803886 -0.11508518560306893 -0.18205931999035446 -0.03534817956875222 -0.15680684248039914 0.024767801857585137 -0.19815553339980058 -0.19230769230769232 -0.5142260506395198
0.006071645415907709 0.040022234574763754 -0.004488834025361911 0.003498542274052478 0.0367429180988503 -0.05406040662827595 0.08882309400444115 -0.01843657817109145 0.12808901539655843 -0.052983825989960966 0.05283505154639175 -0.004873888144267088 0.0478984552748174 0.0036959467783663894 0.07938508064516128 0.003692762186115215 0.053170277814701586 -0.0025789813023855608 0.11152416356877322 -0.03084688726864835 0.04816833565724425 -0.08118260026656973 0.057410661980082024 -0.022408302865904 0.03977625854568055 -0.09796533534287868 0.14791336502905442 -0.05840528186896902 0.04399413411545127 -0.028868360277136258 0.0077279752704791345 -0.041283321538098605 0.022549252314265373 0.0012134449702705997 0.016994416120417577 -0.021714139736875714 0.03898373437289958 -0.036543983294179065 0.11519473395501922 0.07100591715976332 0.02137020741671905 0.007928417714350435 0.019461934745277618 0.027640908544646077 0.035108958837772396 0.05151477983564332 -0.013954078396549538 0.044981364863128134 -0.057211282597126135 0.3062901538921261 -0.04489897730107258 -0.2533410807669959 0.08798646362098139 -0.09734928454140276 0.1259181532004197 -0.12183468705207837 0.24147373661936772 -0.12511057753064578 0.08286202814678416 0.2026171380329253 -1.645262902834989 -1.1449309295247017 -0.15034061545689453 -0.11374521072796932 0.023119980530542716 -0.05256081163671923 0.1077532821402031 -0.022310361923648984 -0.08886027044430136 -0.8988919667590027 -1.098789037603569 -1.3412322274881516 -0.3908100426338229 -0.14202791157218725 -0.08028656126482213 0.01220256253813301 0.04993597951344429 -0.032266391326794014 -0.5181623931623932 -3.6491712707182318 -0.15677076904085915 -0.3117939448712156 -0.13200947760352025 -0.19411622859898725 -0.047130906091669623 -0.16155856497980514 0.009907120743034053 -0.2093718843469591 -0.23433520122261844 -0.5899243017488905
-0.003642987249544626 0.047804335742078936 -0.02244417012680957 0.011661807580174929 0.021334597605784045 -0.04700904924197909 0.07031828275351591 -0.01843657817109145 0.10480010350627507 -0.06274400446179587 0.041237113402061855 -0.004873888144267087 0.023949227637408692 -0.002463964518910927 0.06174395161290323 0.006154603643525356 0.04120696530639373 -0.005157962604771119 0.1009028146574615 -0.03505328098710039 0.024084167828622126 -0.06906579425663395 0.029291154071470416 -0.014152612336360417 0.01367308887507769 -0.0803818136146697 0.1109350237717908 -0.05332656170644997 0.01333155579256099 -0.020207852193995377 -0.005151983513652756 -0.022410945977824958 0.0011868027533823875 0.01334789467297658 -0.007283321194464676 -0.007663814024779664 0.008065600215082673 -0.027407987470634297 0.08776741634668131 0.09171597633136094 -0.002514142049025769 0.012458942122550682 0.0034344590726960527 0.027640908544646077 0.018159806295399518 0.05764749172083895 -0.03425091970062159 0.04883691042282483 -0.08116019159127195 0.3541012998655312 -0.0586181092541781 -0.2603137710633353 0.06655386350817823 -0.10086793338024864 0.11542497376705141 -0.12064022933588152 0.2327607667413493 -0.13142929356754707 0.05655662238590029 0.2631208667510905 -1.9966077053549793 -1.3509716693982674 -0.205543810194973 -0.11733716475095786 -0.018252616208323195 -0.05867253392005867 0.06688134753529848 -0.0421417947446703 -0.15969092079845462 -1.074792243767313 -1.3193116634799233 -1.5936018957345972 -0.47252486972998586 -0.1519081141163394 -0.1358695652173913 0.004881025015253206 -0.016645326504481427 -0.05937016004130098 -0.6690705128205128 -4.560773480662983 -0.1876311566473275 -0.32309082693176683 -0.1782692090714205 -0.19893899204244034 -0.08012254035583835 -0.16155856497980517 -0.019814241486068113 -0.23429710867397807 -0.29291900152827305 -0.6617071260767424
-0.001214329083181543 0.037798777098388 -0.023566378633150042 0.002332361516034988 0.02844613014104539 -0.057586085321424375 0.07155193683691093 -0.033185840707964605 0.10609393194462413 -0.0822643614054657 0.019329896907216492 -0.013403192396734492 0.015566997964315649 -0.002463964518910928 0.05544354838709677 0.012309207287050716 0.02791439585271833 -0.005157962604771119 0.09160913436006371 -0.036455412226584404 0.003802763341361387 -0.07270083605961468 0.025776215582893967 -0.0023587687227267368 0.01367308887507769 -0.07786988193921127 0.11621764395139991 -0.05713560182833925 0.010665244634048795 -0.024538106235565817 -0.018031942297784646 -0.034206180702995984 -0.004747211013529552 0.014561339643247179 -0.0024277737314882253 -0.007663814024779662 0.016131200430165346 -0.031323414252153486 0.09873834339001648 0.10059171597633136 -0.02011313639220616 0.007928417714350433 0.0011448196908986803 0.034851580338901574 0.024213075060532684 0.07113945786826933 -0.0329823671191171 0.06682945636807608 -0.0851516764236296 0.40938293739728077 -0.0873035669743078 -0.2672864613596746 0.050761421319796954 -0.09852216748768473 0.09910225020403403 -0.11347348303870045 0.2228030868807568 -0.13648426639706812 0.023674865184795477 0.3165892781764458 -2.303125757208626 -1.5780847576679935 -0.23725628376791166 -0.13409961685823754 -0.03893891457775615 -0.07456301185674122 0.04582610849640822 -0.06569162121963312 -0.20605280103026402 -1.2465373961218837 -1.5181644359464626 -1.8661137440758295 -0.5364756039791568 -0.16672841793256762 -0.16798418972332013 -0.0036607687614399003 -0.060179257362355944 -0.09034589571502323 -0.8186431623931624 -5.464088397790055 -0.21972595975805453 -0.3456845910528694 -0.20421979013877917 -0.20617313720762 -0.09661835748792272 -0.16987407935376572 -0.03715170278637771 -0.2604685942173479 -0.33876719307182884 -0.7230488123205429
-0.003642987249544627 0.010005558643690935 -0.026933004152171473 -0.013994169096209907 0.029631385563588946 -0.08461628863556235 0.07525289908709597 -0.04301868239921337 0.09574330443783152 -0.09760178471834913 0.006443298969072165 -0.020714024613135127 0.01676445934618608 0.0024639645189109263 0.05670362903225805 0.007385524372230427 0.022597368071248174 -0.007736943907156677 0.08895379713223578 -0.036455412226584404 -0.006337938902268986 -0.06906579425663395 0.04217926186291741 0.0 0.024860161591050346 -0.07535795026375283 0.12282091917591127 -0.055865921787709494 0.0053326223170243985 -0.018764434180138574 -0.030911901081916538 -0.050719509318235434 -0.007120816520294328 -0.004853779881082395 -0.010924981791697014 -0.02426874441180227 0.01613120043016535 -0.041764552336204644 0.09599561162918266 0.08431952662721894 -0.02262727844123193 -0.006795786612300377 0.009158557527189465 0.019228458118014664 0.03510895883777239 0.06500674598307371 -0.025371051630090076 0.061688728955147154 -0.08116019159127194 0.42880621544897657 -0.08480917934647045 -0.28820453224869264 0.06204173716864072 -0.10321369927281257 0.10259997668182348 -0.1230291447682752 0.22902663679362706 -0.1402754960192089 0.015783243456530312 0.3588011819333052 -2.504240368306276 -1.8379770545539684 -0.2713178294573643 -0.1772030651340996 -0.046239961061085424 -0.10756631218677422 0.03467921724052513 -0.09172037679722359 -0.2382485511912428 -1.4362880886426592 -1.6724028043339705 -2.184834123222749 -0.611084793936523 -0.17907867111275783 -0.2099802371541502 -0.02074435631482611 -0.10883482714468629 -0.12648425400103253 -0.982905982905983 -6.36878453038674 -0.22342920627083074 -0.35472209670131044 -0.20647636240550601 -0.21581866409452619 -0.08954872157417226 -0.18412924685198384 -0.040866873065015484 -0.2878863409770688 -0.3846153846153846 -0.7674236491777603
-0.014571948998178508 0.017787659811006114 -0.028055212658511953 -0.0023323615160349837 0.0225198530283276 -0.0716888000940181 0.07401924500370095 -0.030727630285152407 0.09186181912278431 -0.09202453987730061 -0.002577319587628866 -0.023150968685268673 0.009579691054963474 0.011087840335099172 0.0630040322580645 0.017232890201871 0.022597368071248174 -0.0038684719535783396 0.09426447158789165 -0.04907459338194055 -0.015211053365445565 -0.058160668847691756 0.038664323374340955 0.021228918504540627 0.02237414543194531 -0.059030394373273044 0.12282091917591124 -0.04062976130015236 0.009332089054792696 -0.007217090069284069 -0.04894384337970118 -0.0401037980655815 -0.013054830287206267 0.019415119524329567 -0.013352755523185239 -0.001277302337463275 0.01075413362011023 -0.032628556512659876 0.09051014810751509 0.09467455621301775 -0.03142677561282212 -0.002265262204100126 0.008013737836290785 0.031246244441773825 0.038740920096852295 0.0784987121305041 -0.022833946467081062 0.07325536563423724 -0.07716870675891432 0.45121769012401025 -0.09104514841606384 -0.2823939570017432 0.05978567399887198 -0.090311986863711 0.10609770315961291 -0.1122790253225036 0.24396315658451578 -0.12384683432326553 0.023674865184795477 0.39819895877304073 -2.701720377998546 -2.0849918051978458 -0.29950669485553205 -0.16762452107279693 -0.05597468970552445 -0.10512162327343846 0.018578152093138473 -0.0991571641051066 -0.2691564713457823 -1.6066481994459836 -1.830465264499681 -2.5746445497630335 -0.6975367124585505 -0.19636902556502406 -0.2556818181818182 -0.03416717510677242 -0.16389244558258642 -0.17036654620547237 -1.1444978632478633 -7.259668508287293 -0.22960128379212447 -0.35698147311342077 -0.21888750987250366 -0.20617313720761996 -0.08365735831271356 -0.16987407935376575 -0.039628482972136225 -0.2853938185443669 -0.41263372389200204 -0.7713390759592795
-0.02671523982999393 0.007782101167315175 -0.04488834025361912 -0.0069970845481049536 0.01659357591560981 -0.07756493124926547 0.059215396002960774 -0.03441494591937069 0.07633587786259541 -0.10178471834913552 -0.014175257731958763 -0.029243328865602537 0.0011974613818704267 0.016015769372921033 0.06930443548387095 0.02831117676021664 0.010634055562940323 0.005157962604771112 0.08629845990440785 -0.04907459338194055 -0.031689694511344915 -0.0666424330546468 0.032806092560046865 0.018870149781813894 0.009944064636420138 -0.0640542577241899 0.1016904384574749 -0.0393600812595226 -0.002666311158512196 -0.01732101616628176 -0.04765584750128799 -0.050719509318235434 -0.01542843579397104 0.007280669821623587 -0.014566642388929352 -0.01021841869970622 0.004032800107541336 -0.032628556512659876 0.07679648930334615 0.07544378698224852 -0.03771213073538655 -0.007928417714350437 -0.001144819690898685 0.02643912991227016 0.037530266343825655 0.07727216975346499 -0.038056577445135104 0.08096645675363064 -0.09579563597658328 0.45121769012401025 -0.09728111748565726 -0.29052876234747244 0.03948110547095318 -0.09617640159512081 0.09094088842252537 -0.12422360248447206 0.226537216828479 -0.1276380639454063 0.021044324608707088 0.38834951456310685 -2.682335837169857 -2.3612737063919456 -0.3664552501761804 -0.1903735632183908 -0.08152835239717691 -0.1246791345801247 -0.01238543472875898 -0.12766484878532475 -0.33354797166773986 -1.786703601108033 -1.8623326959847035 -3.159952606635071 -0.9012316437707248 -0.24700506360380386 -0.30755928853754944 -0.06223306894447833 -0.23687580025608193 -0.24393391843056272 -1.4262820512820513 -8.060773480662984 -0.24935193186026416 -0.3739267962042476 -0.24483809093986234 -0.2254641909814324 -0.09544008483563096 -0.16987407935376572 -0.058204334365325086 -0.2903788634097707 -0.4610290371879776 -0.7256590968415557
-0.04007285974499089 -0.010005558643690939 -0.06284367635506678 -0.0326530612244898 0.009482043380348462 -0.09754377717710658 0.05304712558598568 -0.04424778761061947 0.062103765040755585 -0.11293920803123256 -0.029639175257731954 -0.046301937370537345 -0.017961920728056528 -0.0024639645189109293 0.052923387096774174 0.020925652387986216 -0.003987770836102611 -0.0012894906511927821 0.06240042485395645 -0.058889512058328666 -0.03929522119406769 -0.09693444807948626 0.032806092560046865 0.0 0.0037290242386575495 -0.07410198442602361 0.09376650818806127 -0.04570848146267141 -0.01333155579256099 -0.04763279445727483 -0.06439979392065945 -0.07077140835102619 -0.02848326608117731 -0.0012134449702705997 -0.025491624180626365 -0.02043683739941244 -0.006721333512568895 -0.03393369877316628 0.05759736697750961 0.044378698224852076 -0.0414833438089252 -0.027183146449201494 -0.004579278763594731 0.001201778632375919 0.027845036319612583 0.06500674598307372 -0.05835341874920715 0.07325536563423725 -0.12240553485896755 0.40639474077394305 -0.09104514841606386 -0.30098779779198137 0.029328821206993795 -0.11376964578935023 0.0851113442928763 -0.14214046822742474 0.21409011700273833 -0.13395677998230762 0.011837432592397739 0.36724356268467717 -2.5442209837654475 -2.573167876375556 -0.4521963824289406 -0.20833333333333334 -0.11438306157215865 -0.13934726806013936 -0.04830319544216002 -0.1450173525037184 -0.40695428203477146 -1.9307479224376731 -1.8228170809432753 -3.704976303317536 -1.167693036475604 -0.32728170927504013 -0.3631422924901186 -0.09884075655887736 -0.3085787451984635 -0.33815178110480126 -1.733440170940171 -8.74585635359116 -0.2567584248858165 -0.39426118391323994 -0.2798149610741284 -0.280925970581143 -0.11900553788146576 -0.20432406747445947 -0.0891640866873065 -0.32776669990029916 -0.5259806418746816 -0.6917253980683894
-0.04371584699453552 -0.010005558643690937 -0.0662103018740882 -0.026822157434402333 0.008296787957804905 -0.08931719355976024 0.045645201085615594 -0.04670599803343166 0.06210376504075558 -0.11572783045175683 -0.04252577319587628 -0.060923601803338626 -0.03113399592863131 -0.01601576937292103 0.06048387096774194 0.0086164451009355 5.898059818321144e-18 -0.015473887814313348 0.06903876792352628 -0.08553000560852494 -0.04436557231588288 -0.11389797649339635 0.0281195079086116 -0.0023587687227267368 0.0012430080795525183 -0.07535795026375283 0.08716323296354991 -0.043169121381411886 -0.01599786695107319 -0.0779445727482679 -0.07727975270479134 -0.07666902571361171 -0.036790885354854024 -0.006067224851352993 -0.04127215343529983 -0.020436837399412437 -0.02419680064524802 -0.026102845210127908 0.04799780581459135 0.008875739644970413 -0.06285355122564425 -0.04870313738815268 -0.03091013165426445 -0.02043023675039058 0.026634382566585946 0.055194406966760715 -0.05962197133071166 0.06425909266161162 -0.1077700904736562 0.3152547437621395 -0.07982040409079572 -0.30796048808832077 0.021432600112803166 -0.12432559230588787 0.09094088842252536 -0.14452938365981843 0.2178242469504605 -0.13648426639706812 0.021044324608707088 0.3039257070493879 -2.401259995153865 -2.734722547412784 -0.5449847310312427 -0.24784482758620693 -0.1289851545388172 -0.15768243491015768 -0.07307406489967798 -0.16236985622211203 -0.45846748229233736 -2.03185595567867 -1.7705544933078392 -4.177725118483413 -1.505210800568451 -0.39644312708410523 -0.3989624505928854 -0.12690665039658328 -0.36363636363636365 -0.4246257098606092 -2.086004273504274 -9.205801104972377 -0.2579928403900753 -0.4021690013556259 -0.31253525894166756 -0.29780564263322884 -0.1284317190997997 -0.2150154430981231 -0.09659442724458203 -0.3489531405782652 -0.5756495160468671 -0.6369094231271208
-0.05221615057680631 -0.01111728738187882 -0.0718213444057906 -0.02332361516034985 -0.004741021690174233 -0.0869667410976613 0.033308660251665435 -0.050393313667649944 0.04657782378056669 -0.12688232013385387 -0.07345360824742267 -0.07676373827220664 -0.07304514429409652 -0.033263521005297524 0.03150201612903226 -0.007385524372230427 -0.02392662501661571 -0.034816247582205036 0.033191715347849184 -0.11918115535614134 -0.0722525034858664 -0.1332848661092936 0.0 -0.008255690529543582 -0.022374145431945307 -0.07912584777694047 0.07659799260433174 -0.04697816150330116 -0.030662578322890283 -0.12269053117782909 -0.10175167439464194 -0.08846426043878272 -0.05221932114882507 -0.012134449702705984 -0.05583879582422918 -0.017882232724485882 -0.03898373437289958 -0.027407987470634304 0.03976961053208998 -0.045857988165680486 -0.08045254556882465 -0.05889681730660325 -0.06067544361763022 -0.02643912991227016 0.010895883777239703 0.05764749172083896 -0.06342762907522517 0.07197018378100502 -0.12240553485896752 0.23009113999701175 -0.08106759790471439 -0.30679837303893087 0.0011280315848843717 -0.13136288998357964 0.06645680307799931 -0.15050167224080266 0.1991535972118496 -0.13395677998230757 0.009206892016309351 0.2223160264527931 -2.1250302883450454 -2.7756965581830952 -0.6577401926239136 -0.25981800766283525 -0.1557556583110246 -0.15523774599682194 -0.10775328214020312 -0.17352503718393655 -0.524146812620734 -2.0983379501385047 -1.644359464627151 -4.496445497630332 -1.9362861203221222 -0.4594294183030752 -0.45701581027667987 -0.1439902379499695 -0.42381562099871956 -0.5059370160041301 -2.5227029914529915 -9.372928176795583 -0.2629305024071102 -0.42250338906461826 -0.356538418142841 -0.32794791415481067 -0.15906680805938495 -0.2316464718460442 -0.12383900928792571 -0.376370887337986 -0.6418746816097809 -0.5494648916731923
-0.048573163327261686 -0.013340744858254584 -0.08528784648187633 -0.026822157434402333 -0.016593575915609816 -0.09989422963920554 0.00986923266716013 -0.05408062930186823 0.027170397205330578 -0.14361405465699945 -0.09020618556701031 -0.09016693066894114 -0.09459944916776435 -0.034495503264752994 0.0050403225806451585 -0.004923682914820287 -0.04652399308786388 -0.039974210186976146 0.002655337227827929 -0.13039820527201346 -0.07859044238813538 -0.15024839452320368 -0.0058582308142940825 -0.017690765420450526 -0.029832193909260413 -0.08038181361466967 0.0647120972002113 -0.050787201625190445 -0.03732835621917078 -0.16166281755196305 -0.09273570324574962 -0.09790044821891955 -0.07120816520294328 -0.00849411479189419 -0.07040543821315852 -0.015327628049559333 -0.05780346820809249 -0.022187418428608722 0.024684585847504107 -0.09319526627218935 -0.08548082966687619 -0.06682523502095368 -0.07899255867200917 -0.034851580338901574 -0.016949152542372885 0.05151477983564331 -0.08245591779779272 0.07325536563423725 -0.13970196913251728 0.13596294636187056 -0.07732601646295835 -0.2963393375944219 -0.0146644106034969 -0.1266713581984518 0.05246589716684156 -0.14452938365981843 0.17923823749066464 -0.126374320738026 0.006576351440220965 0.1350780920219502 -1.7918584928519512 -2.765160383985015 -0.7881136950904393 -0.2801724137931035 -0.1849598442443417 -0.16257181273682925 -0.14862521674510776 -0.19087754090233017 -0.5962652929813265 -2.146814404432133 -1.4608030592734225 -4.739336492890995 -2.4407863571766932 -0.5434111399283685 -0.49407114624505927 -0.1781574130567419 -0.4763124199743918 -0.6208053691275168 -3.047542735042735 -9.432320441988953 -0.27527465744969754 -0.4360596475372797 -0.4039264357441047 -0.3605015673981191 -0.1991280782373041 -0.2459016393442623 -0.16594427244582044 -0.40378863409770693 -0.7106469689251147 -0.46332550247977033
-0.055859137826350935 -0.014452473596442464 -0.10548759959600493 -0.03848396501457726 -0.042669195211568096 -0.11047126571865082 -0.009869232667160128 -0.05776794493608652 0.011644455945141673 -0.1519799219185722 -0.08891752577319587 -0.09991470695747533 -0.1173512154233026 -0.05051127263767402 -0.008820564516129035 -0.016001969473165928 -0.034560680579556025 -0.03610573823339781 0.00663834306956983 -0.14441951766685363 -0.08999873241221953 -0.1599418393311523 -0.01757469244288225 -0.03891968392499116 -0.037290242386575516 -0.08791760864104496 0.06603275224511358 -0.0457084814626714 -0.029329422743634183 -0.200635103926097 -0.10303967027305513 -0.1132342533616419 -0.09494422027059103 -0.023055454435141367 -0.08497208060208787 -0.025546046749265548 -0.06990186853071649 -0.01957713390759593 0.006856829402084474 -0.15976331360946744 -0.07919547454431178 -0.07588628383735417 -0.08586147681740128 -0.04206225213315707 -0.02905569007263923 0.04660861032748682 -0.07611315489027021 0.08096645675363065 -0.13970196913251728 0.058269834155087394 -0.06235969069593415 -0.27193492155723414 -0.03045685279187817 -0.12901712409101568 0.05013407951498192 -0.1361681796464405 0.1680358476474981 -0.11500063187160367 0.003945810864132579 0.033769523005487544 -1.4441482917373396 -2.6656520721142587 -0.92435987784825 -0.3041187739463602 -0.19956193721100024 -0.17235056839017232 -0.15234084716373544 -0.20575111551809616 -0.6361880231809401 -2.1468144044321327 -1.2695984703632885 -4.850710900473933 -3.0175272382756986 -0.6557984438680994 -0.5348320158102766 -0.23794996949359365 -0.5185659411011524 -0.7653588022715538 -3.6525106837606836 -9.236187845303865 -0.27280582644118007 -0.43944871215544506 -0.44792959494527806 -0.40511212925006024 -0.22858489454459763 -0.2613447374673319 -0.18823529411764706 -0.4224825523429712 -0.7743250127356088 -0.3641346906812843
-0.06193078324225865 -0.015564202334630354 -0.11670968465940972 -0.027988338192419825 -0.043854450634111655 -0.11047126571865085 -0.011102886750555143 -0.05162241887905604 0.005175313753396299 -0.14221974344673732 -0.08762886597938144 -0.09260387474107469 -0.1245359837145252 -0.04804730811876309 -0.008820564516129031 -0.023387493845396356 -0.03456068057955602 -0.032237266279819474 -0.0053106744556558755 -0.15703869882220975 -0.08873114463176573 -0.16963528413910095 -0.01757469244288225 -0.04127845264771789 -0.037290242386575516 -0.1004772670183371 0.0647120972002113 -0.05713560182833925 -0.031995733902146384 -0.24105080831408773 -0.10303967027305513 -0.13918376975701816 -0.10681224780441492 -0.020628564494600172 -0.08497208060208787 -0.0344871631115085 -0.06721333512568893 -0.020882276168102322 0.0013713658804168937 -0.21301775147928992 -0.06285355122564426 -0.07701891493940424 -0.08471665712650257 -0.03605335897127749 -0.02905569007263923 0.03924935606525205 -0.059621971330711655 0.07711091119393394 -0.13038850452368284 -0.023905572986702497 -0.04365178348715391 -0.26380011621150495 -0.031584884376762545 -0.13605442176870747 0.054797714818701174 -0.1433349259436216 0.16430171769977592 -0.11373688866422342 0.014467973168486126 -0.05346841142535528 -1.092803489217349 -2.525169749473191 -1.0453370918487197 -0.3292624521072797 -0.19956193721100024 -0.1833516685001833 -0.1535793906366113 -0.22062469013386216 -0.6748229233741145 -2.095567867036011 -1.0478011472275335 -4.830568720379147 -3.6345333964945525 -0.7830060516240583 -0.5607707509881422 -0.2977425259304454 -0.5531370038412292 -0.9202374806401652 -4.342948717948718 -8.86049723756906 -0.2530551783730404 -0.4371893357433348 -0.46372560081236597 -0.42560887388473595 -0.23918934841522327 -0.28035162746495607 -0.2043343653250774 -0.4336989032901296 -0.826541008660214 -0.26755416340381105
-0.06557377049180327 -0.014452473596442467 -0.1234429356974526 -0.022157434402332365 -0.053336494014460126 -0.1081208132565519 -0.013570194917345174 -0.03933136676499508 -0.0012938284383490744 -0.12548800892359174 -0.07345360824742267 -0.08894845863287437 -0.12214106095078434 -0.06529505975113958 -0.0126008064516129 -0.03323485967503693 -0.03323142363418848 -0.032237266279819474 -0.02389803505045141 -0.1696578799775659 -0.0659145645835974 -0.17327032594208167 -0.0140597539543058 -0.04953414317726147 -0.036047234307023 -0.09796533534287868 0.05282620179609086 -0.04697816150330116 -0.030662578322890287 -0.2482678983833718 -0.09144770736733643 -0.1474404340646379 -0.09969143128412059 -0.027909234316223757 -0.08254430687059963 -0.03831907012389833 -0.07796746874579916 -0.01696684938658314 -0.016456390565002744 -0.2529585798816568 -0.04776869893148963 -0.08154943934760449 -0.08013737836290785 -0.0660978247806754 -0.036319612590799036 0.01717159327854778 -0.05962197133071166 0.06297391080837937 -0.13704097924427888 -0.10309278350515463 -0.012471938139186836 -0.24636839047065656 -0.033840947546531296 -0.14778325123152708 0.05363180599277136 -0.148112756808409 0.15434403783918343 -0.0985719701756603 0.03551229777719321 -0.11397214014352046 -0.7596316937242549 -2.330835869819714 -1.1639652337326756 -0.3663793103448276 -0.21051350693599416 -0.18946339078352276 -0.16596482536537033 -0.2342588001983143 -0.7173213135866064 -2.0193905817174516 -0.8272785213511791 -4.710900473933649 -4.237328280435813 -0.9460293936025688 -0.5854743083003952 -0.35997559487492375 -0.586427656850192 -1.0867320598864223 -5.012019230769231 -8.371546961325965 -0.2382421923219356 -0.421373700858563 -0.4919327541464515 -0.47142512659754043 -0.26157652880876636 -0.29460679496317416 -0.23529411764705882 -0.43868394815553335 -0.8902190524707081 -0.18141477421038893
-0.05221615057680631 0.006670372429127294 -0.1133430591403883 -0.006997084548104956 -0.042669195211568096 -0.09989422963920555 -0.01480384900074019 -0.03441494591937069 0.00258765687669815 -0.1101505856107083 -0.05541237113402061 -0.08407457048860728 -0.12333852233265477 -0.06652704201059505 -0.0075604838709677396 -0.03692762186115214 -0.03190216668882094 -0.039974210186976146 -0.045140732873074886 -0.19209197980931017 -0.045633160096336674 -0.18296377075003029 -0.015231400117164617 -0.06368675551362189 -0.031075201988812935 -0.10424516453152474 0.05282620179609086 -0.049517521584560686 -0.022663644847353684 -0.269919168591224 -0.0811437403400309 -0.1509790044821892 -0.09613102302397342 -0.01334789467297658 -0.08254430687059966 -0.04215097713628816 -0.08603306896088184 -0.01957713390759593 -0.027427317608337907 -0.28698224852071 -0.0414833438089252 -0.07475365273530411 -0.08586147681740128 -0.06008893161879582 -0.039951573849878935 0.019624678032626026 -0.049473550678675635 0.06040354710191491 -0.13304949441192127 -0.1523980277902286 0.006235969069593419 -0.22777454968041838 -0.04173716864072194 -0.16654937837203845 0.054797714818701174 -0.1564739608217869 0.15434403783918343 -0.10109945659042083 0.046034460081546755 -0.1730688054031237 -0.5149018657620548 -2.088503863263872 -1.2978623443739723 -0.3879310344827586 -0.2287661231443173 -0.20046449089353374 -0.18082734703988107 -0.2702032721864155 -0.7791371538956857 -1.9459833795013854 -0.6449968132568514 -4.451421800947868 -4.902889625769778 -1.1349882672594789 -0.5953557312252964 -0.4234289200732153 -0.6107554417413572 -1.2803304078471864 -5.761217948717949 -7.785911602209945 -0.23330453030490067 -0.42024401265250794 -0.5099853322802662 -0.5124186158668917 -0.28278543655001764 -0.3159895462105013 -0.2588235294117647 -0.47482552342971085 -0.9500764136525726 -0.14878621769772904
-0.05100182149362477 -0.0011117287381878817 -0.129053978229155 -0.023323615160349857 -0.04741021690174233 -0.10577036079445293 -0.032075006168270415 -0.040560471976401176 -0.020701255013585197 -0.1101505856107083 -0.047680412371134025 -0.08041915438040696 -0.12812836786013648 -0.0887027226807934 -0.01008064516129032 -0.05416051206302315 -0.03057290974345341 -0.05544809800128949 -0.06107275624004249 -0.2019068984856983 -0.027886931169983524 -0.20477402156791472 -0.018746338605741066 -0.08727444274088927 -0.028589185829707903 -0.11680482290881689 0.0462229265715795 -0.06856272219400711 -0.03199573390214638 -0.2959006928406466 -0.054095826893353946 -0.1627742392073602 -0.09375741751720865 -0.03518990413784735 -0.0776887594076232 -0.052369395835994384 -0.07931173544831294 -0.023492560689115115 -0.037026878771256176 -0.3210059171597633 -0.030169704588309237 -0.07588628383735417 -0.09616485403548942 -0.07451027520730681 -0.039951573849878935 0.013491966147430392 -0.04439934035265762 0.05783318339545046 -0.1330494944119213 -0.18676228895861346 0.011224744325268146 -0.2324230098779779 -0.053017484489565704 -0.20408163265306117 0.04547044421126268 -0.1743908265647396 0.13940751804829474 -0.12258309111588525 0.03945810864132579 -0.226537216828479 -0.26774897019626853 -1.8215874502458438 -1.4446793516560958 -0.4501915708812261 -0.24580189827208562 -0.21268793546021264 -0.19940549913301955 -0.303668815071889 -0.8525434642627172 -1.8448753462603875 -0.4741873804971319 -4.069905213270143 -5.644244433917576 -1.405458811905644 -0.6262351778656127 -0.49786455155582665 -0.6517285531370037 -1.493288590604027 -6.617254273504274 -7.096685082872928 -0.23330453030490067 -0.42250338906461804 -0.5517319192147128 -0.5775259223535086 -0.32284670672793686 -0.3516274649560466 -0.2996904024767802 -0.5234297108673978 -1.0366785532348446 -0.13965022187418427
-0.03764420157862781 0.007782101167315177 -0.1234429356974526 -0.020991253644314867 -0.043854450634111655 -0.1116464919497003 -0.02714038983469035 -0.04916420845624385 -0.0362271962737741 -0.12269938650306748 -0.024484536082474227 -0.07554526623613987 -0.118548676805173 -0.10841443883208082 -0.001260080645161292 -0.068931560807484 -0.019938854180513093 -0.07479045776918118 -0.06372809346787042 -0.22293886707795849 -0.008873114463176578 -0.2108324245728826 -0.019917984768599885 -0.10024767071588632 -0.014916096954630207 -0.1369002763124843 0.05414685684099313 -0.09014728288471305 -0.05199306759098786 -0.3031177829099307 -0.04250386398763524 -0.15687662184477472 -0.10443864229765014 -0.04125712898920034 -0.07890264627336731 -0.057478605185847485 -0.07393466863825783 -0.03393369877316628 -0.061711464618760294 -0.3254437869822485 -0.018856065367693277 -0.072488390531204 -0.09616485403548942 -0.08292272563393822 -0.03268765133171913 0.002453084754078253 -0.029176709374603583 0.04112581930343144 -0.13304949441192124 -0.19871507545196476 0.03991020204539786 -0.21963974433468908 -0.03722504230118443 -0.20994604738447104 0.05829544129649061 -0.17319636884854275 0.15558874782175752 -0.12890180715278654 0.03419702748914901 -0.22794428028704092 -0.19869154349406348 -1.4914539920393353 -1.4916607939863753 -0.5244252873563219 -0.24580189827208568 -0.24813592470358148 -0.20188258607877135 -0.35448686167575605 -0.89375402446877 -1.7036011080332407 -0.38878266411727214 -3.415876777251185 -6.05873993368072 -1.8587131036186242 -0.6583498023715416 -0.5710799267846247 -0.6850192061459667 -1.783686112545173 -7.498664529914531 -6.183701657458563 -0.20491297370694972 -0.40781744238590145 -0.5483470608146226 -0.6233421750663131 -0.32991634264168723 -0.3848895224518888 -0.31331269349845203 -0.5807577268195414 -1.0927152317880795 -0.17880448968937615
-0.03035822707953855 0.0022234574763757642 -0.12456514420379308 -0.02565597667638484 -0.04148393978902454 -0.12222352802914563 -0.00986923266716013 -0.05776794493608652 -0.032345710958726875 -0.12130507529280536 -0.007731958762886594 -0.07554526623613987 -0.10058675607711651 -0.12196624368609092 0.013860887096774197 -0.07016248153618906 -0.0026585138907350807 -0.07865892972275952 -0.055762081784386616 -0.21873247335950646 -0.008873114463176578 -0.20235066036592753 -0.0351493848857645 -0.10732397688406652 -0.009944064636420138 -0.15197186636523488 0.06075013206550449 -0.1053834433722702 -0.07199040127982935 -0.3031177829099307 -0.03348789283874292 -0.148619957537155 -0.11986707809162118 -0.04732435384055333 -0.0776887594076232 -0.07280623323540682 -0.06049200161312004 -0.048290263638736626 -0.06034009873834338 -0.3239644970414201 -0.008799497171590197 -0.072488390531204 -0.10074413279908415 -0.08772984016344189 -0.02542372881355932 0.004906169508156507 -0.003805657744513509 0.04241100115666367 -0.12506652474720595 -0.18975048558195132 0.04365178348715391 -0.20801859384079022 -0.03722504230118443 -0.2228477597935726 0.05596362364463099 -0.17558528428093648 0.1692805576300722 -0.12384683432326551 0.03551229777719321 -0.22653721682847894 -0.16355706324206445 -1.2058066026691643 -1.53276955602537 -0.6010536398467432 -0.262837673399854 -0.27869453612027867 -0.20435967302452313 -0.41026276648487847 -0.9182227945911141 -1.5609418282548477 -0.32759719566602935 -2.802132701421801 -6.301515869256277 -2.391009015684822 -0.6916996047430831 -0.649176327028676 -0.7157490396927015 -2.0882808466701084 -8.29861111111111 -5.262430939226519 -0.18886557215158623 -0.3965205603253502 -0.5438339162811688 -0.6715698095008441 -0.3428773418168964 -0.4050843430743645 -0.32569659442724463 -0.614406779661017 -1.1436576668364746 -0.20882276168102326
-0.01335761991499696 -0.0033351862145636463 -0.09650993154528113 -0.037317784256559766 -0.032001896408676074 -0.13985192149488776 0.0037009622501850497 -0.07374631268436578 -0.03881485315047224 -0.12827663134411602 0.014175257731958763 -0.07554526623613989 -0.08142737396718956 -0.13551804854010102 0.017641129032258063 -0.07139340226489413 -0.0013292569453675408 -0.08252740167633785 -0.07434944237918216 -0.2145260796410544 -0.010140702243630378 -0.19386889615897246 -0.032806092560046865 -0.11440028305224673 -0.004972032318210069 -0.1670434564179854 0.07131537242472266 -0.12061960385982733 -0.09332089054792694 -0.3031177829099307 -0.006439979392065948 -0.14036329322953528 -0.09138381201044388 -0.05339157869190632 -0.04976936149550862 -0.08813386128496616 -0.0322624008603307 -0.06264682850430697 -0.06582556226001098 -0.3224852071005917 0.0012570710245128846 -0.07248839053120398 -0.09387521465369204 -0.09253695469294555 -0.031476997578692496 0.007359254262234759 -0.007611315489027019 0.0436961830098959 -0.1490154337413518 -0.18078589571193787 0.05737091544025941 -0.19639744334689135 -0.02368866328257191 -0.2357494722026742 0.05363180599277136 -0.17797419971333014 0.1817276574558128 -0.11879186149374447 0.026305405760883853 -0.22513015336991699 -0.11873031257572086 -0.9201592132989935 -1.4869626497533472 -0.6776819923371648 -0.2664881966415186 -0.3092531475369759 -0.20064404260589547 -0.466038671294001 -0.9349645846748229 -1.4182825484764543 -0.2753346080305928 -2.1883886255924168 -6.376125059213643 -2.923304927751019 -0.7485177865612649 -0.7272727272727273 -0.7720870678617158 -2.3928755807950437 -8.967681623931623 -4.341160220994475 -0.17281817059622268 -0.385223678264799 -0.5235247658806272 -0.719797443935375 -0.36290797690585597 -0.42527916369684016 -0.3479876160990712 -0.6480558325024924 -1.1984207845134998 -0.23884103367267034
0.008500303582270793 -0.01556420233463035 -0.06733251038042867 -0.05247813411078717 -0.013037809647979137 -0.152779410036432 0.023439427584505308 -0.09587020648967552 -0.033639539397075945 -0.1366424986056888 0.04768041237113402 -0.07554526623613989 -0.047898455274817384 -0.1564617469508439 0.046622983870967735 -0.08370260955194485 0.015951083344410474 -0.09284332688588008 -0.07036643653744026 -0.21452607964105436 0.0038027633413613925 -0.18417545135102387 -0.026947861745752782 -0.1226559735817903 0.014916096954630207 -0.17206731976890227 0.0884838880084522 -0.1345860843067547 -0.10398613518197572 -0.2915704387990762 0.019319938176197836 -0.12620901155933004 -0.08188938998338477 -0.05703191360271811 -0.013352755523185239 -0.09835227998467236 0.004032800107541331 -0.07830853563038372 -0.06856829402084477 -0.3195266272189349 0.016341923318667507 -0.06569260391890361 -0.07899255867200917 -0.10575651964908064 -0.024213075060532694 -0.009812339016313013 -3.4694469519536144e-19 0.02955918262434134 -0.15433741351782865 -0.18078589571193784 0.08231479171863307 -0.18593840790238236 -0.0045121263395375075 -0.23809523809523808 0.07461816485950798 -0.18275203057811756 0.20662185710729397 -0.12890180715278657 0.042088649217414176 -0.2195018995356691 -0.0763266295129634 -0.6977288691173026 -1.415315950199671 -0.7555076628352491 -0.2555366269165247 -0.3373670700403374 -0.18454297745850878 -0.525532969757065 -0.9414037347070187 -1.2714681440443214 -0.23326959847036335 -1.6457345971563977 -6.296778777830412 -3.5173521057181674 -0.7917490118577075 -0.799267846247712 -0.8143405889884763 -2.723283427981414 -9.445779914529915 -3.476519337016574 -0.14689544500678928 -0.3694080433800272 -0.5054721877468126 -0.7644080057873162 -0.36997761281960645 -0.4526015680684248 -0.3628482972136223 -0.7016450648055833 -1.2328069281711667 -0.2845210127903942
0.018214936247723135 -0.010005558643690939 -0.05947705083604534 -0.05597667638483965 0.010667298802892024 -0.14690327888118465 0.041944238835430546 -0.09709931170108162 -0.028464225643679647 -0.1310652537646403 0.05025773195876289 -0.06214207383940538 -0.03592384145611304 -0.15030183565356658 0.06048387096774194 -0.0775480059084195 0.011963312508307858 -0.08252740167633785 -0.0849707912904939 -0.19349411104879416 0.019013816706806946 -0.1684236035381073 -0.030462800234329235 -0.10850336124542989 0.019888129272840272 -0.17081135393117308 0.09244585314315899 -0.1345860843067547 -0.12931609118784163 -0.2641454965357967 0.025759917568263783 -0.11677282377919321 -0.07951578447662 -0.04853779881082393 0.0024277737314882253 -0.08941116362242943 0.025541067347761792 -0.0796136778908901 -0.07542512342292924 -0.2943786982248521 0.0251414204902577 -0.053233661796352916 -0.07326846021751574 -0.09614229059007331 -0.009685230024213074 -0.0024530847540782546 0.012685525815045031 0.03598509189050251 -0.16764236295902074 -0.14940983116689077 0.09977550511349464 -0.17664148750726322 0.007896221094190635 -0.24161388693408398 0.08394543546694648 -0.1815575728619207 0.22155837689818272 -0.121319347908505 0.044719189793502555 -0.19136063036442943 -0.04240368306275744 -0.512760477639897 -1.3307493540051678 -0.8045977011494253 -0.24701873935264054 -0.3361447255836695 -0.17339608620262567 -0.5676747645017353 -0.9478428847392143 -1.1218836565096955 -0.21159974506054816 -1.1694312796208535 -6.081241117953576 -4.13115968877362 -0.8473320158102766 -0.8431970713849909 -0.8693982074263765 -3.048528652555498 -9.82238247863248 -2.6988950276243098 -0.12961362794716705 -0.34342521464075915 -0.48854789574636126 -0.7716421509524958 -0.38411688464710725 -0.4597291518175338 -0.3938080495356037 -0.7328015952143568 -1.2761079979623027 -0.3093187157400157
0.027929568913175468 -0.012229016120066705 -0.05162159129166201 -0.061807580174927115 0.020149342183240486 -0.14455282641908568 0.055514433752775726 -0.11184857423795477 -0.025876568766981495 -0.12827663134411602 0.05670103092783505 -0.042646521262337034 -0.02873907316489043 -0.1490698533941111 0.06426411290322581 -0.06646971935007386 0.0013292569453675408 -0.0915538362346873 -0.09160913436006372 -0.17246214245653393 0.03422487007225251 -0.16236520053313946 -0.032806092560046865 -0.09670951763179622 0.02486016159105034 -0.17834714895754838 0.0832012678288431 -0.17140680548501777 -0.1519797360351953 -0.25837182448036955 0.03863987635239567 -0.10261854210898798 -0.07595537621647283 -0.04004368401892974 0.007283321194464676 -0.08302465193511305 0.0443608011829547 -0.09919081179848603 -0.07405375754251234 -0.26183431952662717 0.023884349465744813 -0.046437875184052554 -0.07212364052661706 -0.10094940511957698 -0.014527845036319615 0.0036796271311173787 0.005074210326018011 0.026988818917876876 -0.17296434273549757 -0.14343343792021515 0.1097530556248441 -0.1696687972109239 0.011280315848843767 -0.2498240675580577 0.07345225603357818 -0.18752986144290493 0.2091112770724421 -0.1402754960192089 0.03551229777719321 -0.18432531307161953 -0.020596074630482186 -0.3828143291969094 -1.2332628611698377 -0.8752394636015325 -0.26040399123874425 -0.3495905146070163 -0.18206589051275696 -0.6333663857213684 -0.9452672247263362 -1.0083102493074794 -0.1950286806883365 -0.7962085308056872 -5.787541449549975 -4.779547980733605 -0.9214426877470355 -0.8871262965222696 -0.9551856594110115 -3.422818791946309 -9.99732905982906 -2.058011049723757 -0.11603505740032097 -0.3219611387257117 -0.46936703147918307 -0.7981673498914879 -0.3994344291268999 -0.4751722499406035 -0.42105263157894735 -0.7876370887337985 -1.2990320937340805 -0.34064212999216914
0.032786885245901634 -0.012229016120066702 -0.03478846369655481 -0.0816326530612245 0.021334597605784045 -0.15160418380538251 0.060449050086355795 -0.12045231071779743 -0.025876568766981495 -0.12688232013385387 0.0657216494845361 -0.04873888144267089 -0.01915938210992696 -0.15646174695084392 0.055443548387096774 -0.06154603643525356 -0.013292569453675396 -0.10573823339780788 -0.10488582049920339 -0.1584408300616938 0.0380276334136139 -0.14903671392221013 -0.0351493848857645 -0.10378582379997643 0.01615910503418272 -0.1796031147952776 0.08584257791864765 -0.16886744540375825 -0.1639781362485002 -0.22084295612009242 0.04507985574446162 -0.08964378391129986 -0.07120816520294328 -0.06309913845407111 0.003641660597232338 -0.09452037297228255 0.04839360129049604 -0.11876794570608196 -0.09188151398793198 -0.2411242603550296 0.03519798868636078 -0.04303998187790237 -0.06525472238122496 -0.1177743059728398 -0.012106537530266344 -0.006132711885195634 0.0012685525815045006 0.020562909651715717 -0.1836083022884513 -0.12102196324518155 0.10601147418308807 -0.16037187681580475 0.014664410603496898 -0.25686136523574943 0.05363180599277136 -0.19350215002388915 0.20537714712471994 -0.14153923922658918 0.03551229777719322 -0.16744055156887577 -0.004846135207172279 -0.296183563568251 -1.1263800798684516 -0.9554597701149424 -0.28109028960817717 -0.37525974819704194 -0.20064404260589544 -0.6903817550818047 -0.952994204764971 -0.9210526315789476 -0.19375398342893563 -0.5225118483412323 -5.397915679772619 -5.442756576509819 -1.0066699604743081 -0.9200732153752288 -1.0384122919334189 -3.8229220443985548 -9.986645299145298 -1.505524861878453 -0.1148006418960622 -0.3174423859014912 -0.45131445334536835 -0.8476006751868821 -0.4265347001296099 -0.5072463768115942 -0.45325077399380803 -0.853688933200399 -1.3092205807437594 -0.3771861132863482
0.031572556162720096 -0.012229016120066704 -0.04488834025361912 -0.08396501457725948 0.016593575915609813 -0.15042895757433306 0.05181347150259068 -0.127826941986234 -0.049165480657264844 -0.1296709425543781 0.06056701030927836 -0.04752040940660412 -0.027541611783020004 -0.15153381791302206 0.04788306451612903 -0.06523879862136878 -0.026585138907350793 -0.12508059316569958 -0.1248008497079129 -0.15423443634324174 0.03802763341361389 -0.14782503332121652 -0.05272407732864674 -0.10496520816133978 0.009944064636420136 -0.18337101230846525 0.08584257791864766 -0.18537328593194516 -0.18797493667510998 -0.20207852193995382 0.04379185986604843 -0.08846426043878272 -0.08782340375029671 -0.0691663633054241 -0.007283321194464676 -0.10090688465959893 0.034950934265358245 -0.14356564865570348 -0.13302249040043884 -0.22781065088757396 0.03771213073538655 -0.0419073507758523 -0.07326846021751574 -0.09854584785482515 -0.018159806295399518 0.0012265423770391258 -0.013954078396549541 0.012851818532322323 -0.21554018094731237 -0.10159868519348572 0.10725866799700674 -0.168506682161534 0.015792442188381276 -0.2556884822894675 0.05712953247056081 -0.19589106545628282 0.21409011700273836 -0.14785795526349046 0.02762067604892805 -0.15196285352469396 0.007269202810758419 -0.23647857644579723 -1.012450082217524 -1.0045498084291187 -0.29447554149428085 -0.38381615939371716 -0.22789199900916518 -0.7560733763014377 -0.972311654861558 -0.847645429362881 -0.19247928616953472 -0.3270142180094788 -4.968024632875414 -6.098555020377917 -1.109189723320158 -0.9517998779743746 -1.1434058898847632 -4.277232834279815 -9.919871794871794 -1.05939226519337 -0.10615973336625109 -0.30953456845910526 -0.43551844747828056 -0.8632746563781047 -0.4477436078708613 -0.5262532668092184 -0.4792569659442725 -0.917248255234297 -1.3206826286296482 -0.3967632471939441
0.034001214329083186 -0.02001111728738188 -0.04376613174727863 -0.08746355685131196 0.014223065070522697 -0.14572805265013516 0.05057981741919566 -0.13888888888888887 -0.053046965972312066 -0.13245956497490238 0.06314432989690724 -0.05117582551480444 -0.03352891869237217 -0.16508562276703218 0.04788306451612904 -0.068931560807484 -0.019938854180513093 -0.13410702772404903 -0.10754115772703132 -0.1416152551878856 0.04309798453542908 -0.15146007512419726 -0.05506736965436439 -0.1014270550772497 0.011187072715972652 -0.18588294398392366 0.08320126782884311 -0.19426104621635348 -0.20263964804692708 -0.1818706697459584 0.04507985574446162 -0.08374616654871432 -0.09375741751720865 -0.0728066982162359 -0.012138868657441126 -0.0970749776472091 0.030918134157816912 -0.15661707126076743 -0.15633571036752605 -0.2026627218934911 0.05279698302954117 -0.0509683995922528 -0.0629650829994276 -0.1021511837519529 -0.015738498789346248 -0.0036796271311173813 -0.020296841304072055 0.010281454825857858 -0.23549760510910053 -0.07171671896010759 0.1085058618109254 -0.17431725740848344 0.022560631697687537 -0.2556884822894675 0.0478022618631223 -0.194696607740086 0.2028877271595718 -0.14406672564134965 0.010522162304353544 -0.12663571127057832 0.02665374363944754 -0.1966752516974947 -0.8679821470519146 -1.0560344827586206 -0.30542711121927474 -0.3887055372203887 -0.24275452068367595 -0.7994546355974219 -0.95428203477141 -0.763157894736842 -0.18865519439133205 -0.23222748815165878 -4.401942207484604 -6.796344325058664 -1.2265316205533598 -0.9920683343502136 -1.2496798975672214 -4.767681982447082 -9.655448717948717 -0.7030386740331492 -0.10122207134921615 -0.3084048802530502 -0.4377750197450074 -0.895828309621413 -0.47837869683044654 -0.5535756711808031 -0.5151702786377709 -0.9683449651046858 -1.323229750382068 -0.4058992430174889
0.042501517911353974 -0.01667593107281823 -0.03366625519021434 -0.09446064139941693 0.022519853028327604 -0.15512986249853095 0.06044905008635578 -0.14749262536873153 -0.05045930909561391 -0.13524818739542668 0.06056701030927837 -0.06457901791153893 -0.027541611783019997 -0.17370949858322043 0.04536290322580645 -0.07754800590841951 -0.02525588196198325 -0.1470019342359768 -0.10488582049920339 -0.13600673022994952 0.039295221194067684 -0.1466133527202229 -0.0562390158172232 -0.10378582379997643 0.011187072715972652 -0.18462697814619444 0.0977284733227681 -0.19172168613509397 -0.19197440341287828 -0.17176674364896075 0.03735188047398249 -0.0731304552960604 -0.10443864229765014 -0.08008736803785947 -0.015780529254673464 -0.10473879167198874 0.020164000537706676 -0.16836335160532498 -0.17690619857377948 -0.18934911242603553 0.05153991200502829 -0.05663155510250312 -0.05495134516313681 -0.11176541281096022 -0.014527845036319612 -0.017171593278547774 -0.017759736141063045 -0.011566636679090091 -0.2448110697179351 -0.07321081727177649 0.12097779995011224 -0.17199302730970367 0.03609701071630005 -0.24747830166549378 0.05129998834091174 -0.18991877687529862 0.21906895693303463 -0.13269303677492733 0.02762067604892805 -0.10552975939214856 0.03998061545917131 -0.17326153125731675 -0.721165139769791 -1.105124521072797 -0.3188123631053784 -0.41315242635374655 -0.25018578152093146 -0.8552305404065443 -0.9182227945911141 -0.7105263157894737 -0.18483110261312938 -0.17417061611374407 -3.712695405021317 -7.415092009386191 -1.335227272727273 -1.0250152532031724 -1.34955185659411 -5.231027361899845 -9.237446581196581 -0.4392265193370166 -0.0888779163066288 -0.3038861274288297 -0.4061830080108315 -0.9115022908126355 -0.4925179686579474 -0.5761463530529818 -0.5325077399380804 -1.014456630109671 -1.282475802343352 -0.40981466979900805
0.041287188828172436 -0.012229016120066698 -0.02581079564583099 -0.0967930029154519 0.022519853028327607 -0.1586555411916794 0.06538366641993584 -0.15732546705998032 -0.028464225643679647 -0.12688232013385387 0.04896907216494845 -0.06336054587547216 -0.0311339959286313 -0.17124553406430948 0.031502016129032265 -0.08493353028064993 -0.027914395852718328 -0.15731785944551904 -0.10223048327137545 -0.12058328659562534 0.026619343389529725 -0.13691990791227432 -0.05975395430579965 -0.11204151432952 0.002486016159105033 -0.17960311479527757 0.0977284733227681 -0.19426104621635348 -0.1799760031995734 -0.1659930715935335 0.027047913446676973 -0.07195093182354328 -0.09850462853073819 -0.0837277029486713 -0.016994416120417577 -0.10473879167198874 0.018819733835192896 -0.17358392064735056 -0.16730663741086121 -0.1863905325443787 0.04525455688246386 -0.05776418620455317 -0.048082427017744706 -0.1177743059728398 -0.018159806295399514 -0.02575738991782166 -0.013954078396549538 -0.012851818532322323 -0.238158594997339 -0.07171671896010758 0.10725866799700674 -0.17780360255665312 0.03609701071630006 -0.2650715458597232 0.04430453538533287 -0.19589106545628282 0.21782424695046054 -0.1339567799823076 0.04866500065763514 -0.09990150555790064 0.03876908165737824 -0.1603839850152189 -0.6060606060606062 -1.1135057471264367 -0.3443660257970309 -0.4241535264637575 -0.26876393361406986 -0.9110064452156668 -0.8718609143593046 -0.6828254847645429 -0.21032504780114722 -0.14454976303317535 -3.1110847939365227 -7.916512288501915 -1.5044466403162056 -1.0469798657718121 -1.4763124199743918 -5.727929788332473 -8.481570512820511 -0.3922651933701657 -0.09628440933218121 -0.29823768639855397 -0.4039264357441047 -0.922353508560405 -0.5266878755744079 -0.5904015205511999 -0.5684210526315789 -1.0493519441674974 -1.2379011716760062 -0.39676324719394407
0.038858530661809346 -0.017787659811006114 -0.01234429356974526 -0.1119533527696793 0.02370510845087116 -0.16453167234692678 0.06291635825314582 -0.18190757128810225 -0.016819769698537972 -0.15058561070831009 0.043814432989690726 -0.0523942975508712 -0.03352891869237217 -0.153997782431933 0.023941532258064523 -0.08247168882323978 -0.02791439585271833 -0.16376531270148292 -0.09824747742963355 -0.1177790241166573 0.02915451895043732 -0.1320731855083 -0.04217926186291741 -0.10968274560679328 0.004972032318210069 -0.16704345641798543 0.0977284733227681 -0.19172168613509394 -0.17197706972403679 -0.16454965357967669 0.02833590932509017 -0.08020759613116303 -0.07476857346309043 -0.09464870768110666 -0.006069434328720563 -0.10346148933452548 0.025541067347761792 -0.1918559122944401 -0.1686780032912781 -0.20857988165680474 0.03394091766184789 -0.046437875184052554 -0.0412135088723526 -0.11416897007571206 -0.01694915254237288 -0.02575738991782166 -0.021565393885576562 -0.015422182238786789 -0.23017562533262376 -0.05677573584341851 0.1010226989274133 -0.18477629285299244 0.04286520022560632 -0.2685901946985691 0.03730908242975399 -0.19827998088867654 0.20786656708986806 -0.14533046884872994 0.04998027094567933 -0.09849444209933868 0.04482675066634358 -0.1545305549051744 -0.47921071176885127 -1.1027298850574714 -0.343149184716476 -0.4229311820070897 -0.279910824869953 -0.9680218145761031 -0.8254990341274953 -0.6745152354570637 -0.2307202039515615 -0.12085308056872038 -2.578162008526765 -8.304310238359886 -1.6860177865612649 -1.0604026845637584 -1.6017925736235594 -6.257098606091895 -7.652243589743589 -0.35359116022099446 -0.09381557832366375 -0.2858111161319476 -0.3847455714769265 -0.9139136725343622 -0.5549664192294098 -0.5975291043003088 -0.5907120743034057 -1.0830009970089731 -1.1856851757514009 -0.3928478204124249
0.02428658166363084 0.002223457476375762 -0.03366625519021434 -0.0979591836734694 0.01066729880289202 -0.1433776001880362 0.045645201085615594 -0.17944936086529006 -0.02328891189028335 -0.14221974344673732 0.03221649484536082 -0.042646521262337034 -0.04071368698359478 -0.14290994209683378 0.015120967741935484 -0.08247168882323978 -0.03323142363418849 -0.17021276595744683 -0.08629845990440786 -0.11357263039820527 0.031689694511344915 -0.11147461529140916 -0.03514938488576451 -0.09199198018634275 -0.0012430080795525166 -0.1394122079879427 0.08716323296354991 -0.18410360589131539 -0.16931075856552458 -0.15155889145496534 0.014167954662545076 -0.07313045529606041 -0.09138381201044386 -0.08615459288921248 -0.020636076717649915 -0.07791544258525993 0.01613120043016534 -0.18533020099190814 -0.17416346681294567 -0.2026627218934911 0.028912633563796353 -0.03397893306150187 -0.03777904979965656 -0.10575651964908064 -0.012106537530266345 -0.026983932294860784 -0.016491183559558545 -0.026988818917876876 -0.21820117083555085 -0.05229344090841177 0.09104514841606384 -0.17547937245787334 0.03835307388606882 -0.2568613652357495 0.02681590299638568 -0.194696607740086 0.19541946726412746 -0.15417667130039175 0.0552413520978561 -0.09568031518221472 0.03634601405379209 -0.13814095059704984 -0.4228329809725159 -1.0763888888888888 -0.3711365295692382 -0.41315242635374644 -0.3083973247460986 -1.0176003966286564 -0.8010302640051513 -0.6468144044321329 -0.2549394518801785 -0.07345971563981042 -2.142349597347229 -8.585896010868222 -1.8638833992094859 -1.0640634533251982 -1.7183098591549295 -6.84047496128033 -6.908386752136752 -0.3066298342541436 -0.09751882483643995 -0.2711251694532309 -0.38361728534356315 -0.9030624547865929 -0.5903145987981618 -0.6070325492991209 -0.6266253869969041 -1.1166500498504488 -1.1449312277126846 -0.3876272513703994
0.0072859744990892514 0.018899388549193995 -0.05162159129166198 -0.082798833819242 -0.009482043380348467 -0.1269244329533435 0.019738465334320256 -0.16224188790560473 -0.032345710958726875 -0.11851645287228112 0.02319587628865979 -0.02680638479346899 -0.040713686983594774 -0.11950227916717997 0.011340725806451613 -0.068931560807484 -0.03456068057955603 -0.17923920051579628 -0.07434944237918215 -0.11076836791923725 0.0354924578527063 -0.09087604507451835 -0.023432923257176337 -0.07430121476589222 -0.002486016159105034 -0.12559658377292135 0.07659799260433175 -0.19172168613509394 -0.17464338088254897 -0.15300230946882215 0.010303967027305511 -0.07784854918612881 -0.08426299549014954 -0.09222181774056545 -0.04005826656955572 -0.07408353557287009 -0.002688533405027561 -0.17880448968937618 -0.19199122325836532 -0.1863905325443787 0.02262727844123193 -0.02265262204100125 -0.02976531196336577 -0.08172094700156231 -0.010895883777239709 -0.009812339016313013 -0.015222630978054041 -0.028274000771109108 -0.20888770622671635 -0.03585835948005379 0.08356198553255174 -0.15572341661824524 0.041737168640721946 -0.24161388693408395 0.017488632388947184 -0.18275203057811756 0.17923823749066467 -0.15164918488563123 0.042088649217414176 -0.09005206134796681 0.026653743639447537 -0.11121517209084522 -0.3570589617101245 -1.038074712643678 -0.39669019226089064 -0.40581835961373913 -0.3443150854594996 -1.0696579077838373 -0.7739858338699293 -0.6191135734072022 -0.27533460803059273 -0.04502369668246446 -1.75035528185694 -8.721748795850313 -2.062747035573122 -1.0774862721171448 -1.8450704225352115 -7.445792462570987 -6.133814102564103 -0.2569060773480663 -0.10615973336625109 -0.24288296430185272 -0.37120613787656553 -0.8813600192910537 -0.6162365971485801 -0.6058446186742693 -0.6551083591331269 -1.135343968095713 -1.099083036169129 -0.37196554424432254
-0.002428658166363084 0.02445803224013341 -0.051621591291661995 -0.07463556851311953 -0.030816640986132515 -0.12104830179809611 -0.0012336540833950166 -0.16101278269419864 -0.04528399534221762 -0.10596765197992193 0.019329896907216492 -0.03168027293773608 -0.043108609747335644 -0.13182210176173462 -0.0012600806451612914 -0.0812407680945347 -0.03190216668882095 -0.19858156028368795 -0.055762081784386616 -0.11357263039820528 0.025351755609075925 -0.08966436447352477 -0.012888107791446987 -0.09670951763179622 -0.007458048477315103 -0.13187641296156744 0.06471209720021132 -0.20822752666328084 -0.1666444474070124 -0.16166281755196305 0.0115919629057187 -0.0754895022410946 -0.07951578447661999 -0.10435626744327142 -0.04491381403253217 -0.0791927449227232 -0.01344266702513779 -0.17619420516836337 -0.20433351618211737 -0.1819526627218935 0.021370207416719043 -0.03397893306150186 -0.02289639381797367 -0.09013339742819372 -0.014527845036319612 -0.015945050901508648 -0.02156539388557656 -0.05269245598252152 -0.2022352315061203 -0.04332885103839833 0.07483162883512098 -0.15804764671702498 0.047377326565143825 -0.24395965282664783 0.008161361781508687 -0.1994744386048734 0.16554642768235 -0.17692404903323644 0.04077337892936998 -0.10693682285071057 0.012115338017930702 -0.10302036993678294 -0.2971576227390181 -1.0045498084291187 -0.43562910683864686 -0.41804180418041803 -0.3926182809016596 -1.1279127416955874 -0.7469414037347071 -0.5969529085872577 -0.284257488846399 -0.03199052132701422 -1.4057318806252956 -8.718043719896258 -2.2974308300395254 -1.1055521659548506 -1.9859154929577465 -8.048528652555499 -5.276442307692308 -0.23342541436464087 -0.10739414887050983 -0.23723452327157704 -0.35202527360938735 -0.9054738365083193 -0.6421585954989985 -0.6343549536707056 -0.6724458204334365 -1.1777168494516452 -1.0290371879775855 -0.373270686504829
-0.012143290831815421 0.028904947192884937 -0.06059925934238582 -0.0641399416909621 -0.035557662676306744 -0.11634739687389821 -0.009869232667160128 -0.15117994100294987 -0.05045930909561393 -0.0920245398773006 0.014175257731958763 -0.04630193737053734 -0.03592384145611304 -0.1392139953184674 0.0025201612903225806 -0.09847365829640571 -0.029243652798085874 -0.2140554480980013 -0.05177907594264471 -0.11637689287717332 0.015211053365445556 -0.09208772567551193 -0.016403046280023436 -0.09906828635452294 -0.016159105034182723 -0.12936448128610903 0.06339144215530904 -0.20822752666328084 -0.16531129182775628 -0.14867205542725173 0.010303967027305511 -0.06959188487850908 -0.05815333491573701 -0.10071593253245965 -0.03763049283806749 -0.07280623323540683 -0.02016400053770668 -0.1670582093448186 -0.21256171146461872 -0.17307692307692307 0.028912633563796353 -0.029448408653301623 -0.01717229536348025 -0.07691383247205864 -0.004842615012106538 -0.02207776278670428 -0.016491183559558545 -0.05783318339545046 -0.20090473656200108 -0.031376064545047065 0.0723372412072836 -0.16153399186519463 0.05301748448956571 -0.2275392915787004 0.006995452955578874 -0.20544672718585763 0.17425939756036843 -0.18197902186275747 0.05787189267394449 -0.0900520613479668 0.007269202810758421 -0.08780145165066729 -0.24782710829222454 -0.9518678160919538 -0.4575322462886346 -0.43148759320376484 -0.4235818677235571 -1.1712940009915718 -0.7044430135222151 -0.5637119113573408 -0.2944550669216061 -0.020142180094786733 -1.069398389388915 -8.57848585896011 -2.540760869565217 -1.1262965222696768 -2.1101152368758003 -8.559628291171915 -4.464476495726496 -0.17679558011049723 -0.09504999382792248 -0.23384545865341164 -0.3328444093422092 -0.8777429467084639 -0.6551195946742076 -0.6426704680446662 -0.6786377708978328 -1.1827018943170486 -0.9462557310239431 -0.3549986948577395
-0.006071645415907711 0.025569760978321292 -0.06957692739310964 -0.06530612244897958 -0.03200189640867607 -0.11517217064284876 -0.007401924500370095 -0.15855457227138642 -0.03881485315047225 -0.08644729503625206 0.019329896907216492 -0.04386499329840381 -0.022751766255538257 -0.13428606628064554 0.022681451612903226 -0.09970457902511078 -0.007975541672205239 -0.20889748549323023 -0.026553372278279343 -0.10936623667975323 0.031689694511344915 -0.09693444807948626 -0.002343292325717637 -0.10614459252270317 1.3877787807814458e-18 -0.13564431047475506 0.07263602746962494 -0.228542407313357 -0.15331289161445139 -0.16166281755196305 0.0115919629057187 -0.06723283793347487 -0.06290054592926655 -0.09586215265137724 -0.029133284777858703 -0.0625878145357006 -0.010754133620110231 -0.16314278256329945 -0.19199122325836532 -0.16568047337278108 0.028912633563796353 -0.02718314644920149 -0.009158557527189467 -0.06369426751592357 0.00847457627118644 -0.014718508524469523 -0.0038056577445135104 -0.055262819688985984 -0.18094731240021295 -0.022411474675033616 0.08979795460214517 -0.16153399186519463 0.06091370558375634 -0.21346469622331687 0.01982045004080681 -0.20425226946966077 0.1717699775952203 -0.18829773789965878 0.06181770353807707 -0.07738849022090896 0.020596074630482193 -0.07141184734254272 -0.20789288231148695 -0.8979885057471264 -0.4697006570941834 -0.43637697103043643 -0.4458756502353233 -1.2208725830441252 -0.6387636831938186 -0.5373961218836565 -0.28680688336520077 -0.02725118483412322 -0.7614874467077216 -8.357416327034706 -2.7890316205533594 -1.160463697376449 -2.2394366197183095 -8.985544656685596 -3.711271367521367 -0.14640883977900548 -0.08023700777681766 -0.22932670582919115 -0.31027868667494074 -0.8512177477694719 -0.6539413220219158 -0.6438583986695177 -0.6749226006191951 -1.1827018943170489 -0.8685685175751402 -0.3354215609501435
0.008500303582270795 0.027793218454697056 -0.040399506228257206 -0.06997084548104957 -0.011852554225435585 -0.1175226231049477 0.007401924500370097 -0.1671583087512291 -0.012938284383490753 -0.08087005019520355 0.024484536082474227 -0.06092360180333861 -0.011974613818704346 -0.13675003079955647 0.03654233870967742 -0.10216642048252092 0.005317027781470159 -0.21792392005157968 0.0013276686139139667 -0.11217049915872127 0.02788693116998352 -0.10056948988246699 0.004686584651435266 -0.11204151432952 -0.003729024238657552 -0.13062044712383822 0.07659799260433175 -0.23362112747587607 -0.13731502466337822 -0.1659930715935335 0.023183925811437404 -0.05661712668082095 -0.037977688108236415 -0.09586215265137724 -0.015780529254673464 -0.05620130284838422 0.004032800107541337 -0.16053249804228661 -0.15633571036752605 -0.16272189349112426 0.026398491514770583 -0.02831577755125155 0.0034344590726960514 -0.06249248888354765 0.014527845036319612 -0.013491966147430395 0.002537105163009007 -0.05911836524868268 -0.15566790846194783 -0.02241147467503362 0.08979795460214517 -0.16153399186519463 0.06542583192329385 -0.21229181327703497 0.006995452955578874 -0.21022455805064505 0.15932287776947968 -0.20599014280298245 0.06444824411416546 -0.09145912480652878 0.02786527744124061 -0.06672910325450712 -0.15386422363166546 -0.851293103448276 -0.4818690678997323 -0.4547121378804547 -0.46569234580133756 -1.266732771442737 -0.5666452028332261 -0.5207756232686981 -0.27660930528999367 -0.035545023696682464 -0.48436759829464726 -8.103001111522786 -3.0385375494071147 -1.1921903599755947 -2.3854033290653005 -9.346928239545688 -3.0128205128205128 -0.12154696132596683 -0.07900259227255893 -0.2304563940352463 -0.29448268080785284 -0.8307210031347964 -0.6739719571108754 -0.6545497742931813 -0.6897832817337461 -1.1901794616151546 -0.7896077432501274 -0.3328112764291308
0.009714632665452336 0.03891050583657588 -0.03029962967119291 -0.06647230320699708 -0.011852554225435585 -0.11517217064284876 0.001233654083395016 -0.1671583087512291 -0.0103506275067926 -0.08226436140546567 0.014175257731958765 -0.056049713659071534 -0.005987306909352173 -0.13428606628064557 0.022681451612903226 -0.10339734121122601 -0.009304798617572777 -0.21921341070277248 -0.011949017525225702 -0.1149747616376893 0.017746228926353146 -0.10178117048346055 0.007029876977152899 -0.11911782049770021 -0.014916096954630207 -0.1381562421502135 0.0647120972002113 -0.25393600812595224 -0.13731502466337825 -0.18042725173210164 0.02962390520350335 -0.0424628450106157 -0.02136244956088299 -0.09100837277029486 -0.0024277737314882253 -0.04981479116106782 0.01209840032262401 -0.1592273557817802 -0.143993417443774 -0.16272189349112426 0.01005656819610308 -0.019254728734851057 -0.0137378362907842 -0.0660978247806754 -0.004842615012106538 -0.0183981356555869 -0.016491183559558545 -0.07068500192777277 -0.15566790846194783 -0.02988196623337816 0.07732601646295834 -0.15572341661824518 0.077834179357022 -0.20408163265306123 0.005829544129649061 -0.21141901576684186 0.15683345780433158 -0.22115506129154555 0.08417729843482835 -0.09990150555790066 0.02180760843227526 -0.06438773121048935 -0.11745360582569883 -0.7962164750957855 -0.5062058895108299 -0.46938027136046934 -0.5053257369333662 -1.3163113534952902 -0.513844172569221 -0.5083102493074791 -0.28298279158699813 -0.026066350710900472 -0.2913311226906679 -7.780659503519821 -3.3176877470355732 -1.209273947528981 -2.577464788732395 -9.594734124935467 -2.4172008547008548 -0.09530386740331492 -0.08270583878533513 -0.22141888838680526 -0.2595058106735868 -0.8029901133349411 -0.6928243195475432 -0.6569256355428843 -0.7071207430340559 -1.1876869391824527 -0.7195618950585839 -0.31714956930305405
0.013357619914996963 0.041133963312951646 -0.021321961620469083 -0.05597667638483964 -0.011852554225435583 -0.11517217064284875 0.004934616333580064 -0.18190757128810228 0.0025876568766981492 -0.08226436140546568 0.015463917525773196 -0.04752040940660411 0.00239492276374087 -0.1096464210915363 0.016381048387096777 -0.09231905465288034 -0.009304798617572777 -0.21663442940038688 -0.011949017525225702 -0.10235558048233313 0.012675877804537961 -0.08724100327153762 0.014059753954305804 -0.10378582379997643 -0.018645121193287758 -0.13438834463702587 0.05282620179609086 -0.26409344845099036 -0.14398080255965873 -0.1688799076212471 0.025759917568263773 -0.0365652276480302 -0.007120816520294332 -0.07644703312704768 -0.004855547462976451 -0.044705581811214715 0.018819733835192903 -0.16966849386583135 -0.13576522216127263 -0.15828402366863908 0.0037712130735386555 -0.013591573224600747 -0.013737836290784197 -0.05287825982454032 -0.020581113801452784 -0.013491966147430392 -0.027908156793099076 -0.06811463822130831 -0.1516764236295902 -0.0059763932466756296 0.06984285357944624 -0.14177803602556652 0.077834179357022 -0.19469856908280553 0.0 -0.21380793119923552 0.15060990789146128 -0.22621003412106658 0.08549256872287254 -0.08583087097228084 0.024230676035861404 -0.045656754858347 -0.07517030772844725 -0.7267720306513412 -0.525675346799708 -0.4828260603838162 -0.5424820411196432 -1.3522558254833912 -0.4661944623309724 -0.48614958448753465 -0.2855321861057999 -0.020142180094786726 -0.14448128848886785 -7.465728047424972 -3.579545454545454 -1.2410006101281268 -2.775928297055058 -9.811564274651522 -1.854967948717949 -0.0649171270718232 -0.0851746697938526 -0.2044735652959783 -0.23355522960622813 -0.7607909332047263 -0.7022505007658773 -0.6509859824186267 -0.7145510835913313 -1.1739780658025922 -0.6597045338767195 -0.29235186635343247
0.015786278081360048 0.03557531962201223 -0.02132196162046908 -0.06530612244897958 -0.011852554225435578 -0.11517217064284875 0.0037009622501850492 -0.18559488692232057 0.003881485315047225 -0.08365867261572783 0.019329896907216496 -0.037772633118069936 0.01317207520057478 -0.10102254527534804 0.0264616935483871 -0.08247168882323978 -0.007975541672205237 -0.21018697614442297 -0.005310674455655868 -0.09254066180594503 0.019013816706806946 -0.08602932267054403 0.023432923257176337 -0.09435074890906946 -0.014916096954630207 -0.1281085154483798 0.06603275224511358 -0.2691721686135094 -0.13064924676709772 -0.16599307159353346 0.0347758887171561 -0.023590469450342065 -0.001186802753382389 -0.0728066982162359 -0.0024277737314882253 -0.04087367479882488 0.028229600752789352 -0.18271991647089533 -0.12616566099835436 -0.16420118343195267 0.0 -0.005663155510250313 -0.0137378362907842 -0.045667588030284825 -0.024213075060532687 -0.006132711885195634 -0.04313078777115312 -0.07711091119393394 -0.14768493879723255 0.00747049155834454 0.08106759790471439 -0.11969785008715864 0.09024252679075015 -0.17006802721088435 0.003497726477789437 -0.20783564261825133 0.15185461787403534 -0.21862757487678505 0.08812310929896093 -0.074574363303785 0.02665374363944754 -0.035120580660266916 -0.0610758750293634 -0.6812739463601533 -0.5390605986858117 -0.485270749297152 -0.5845925191974237 -1.3373822508676252 -0.42627173213135866 -0.4667590027700831 -0.2715105162523901 -0.031990521327014215 -0.09355755566082424 -6.981598122761516 -3.7166501976284585 -1.2837095790115927 -2.759282970550576 -9.6205472379969 -1.4730235042735045 -0.05386740331491713 -0.0888779163066288 -0.19317668323542703 -0.21888750987250366 -0.7306486616831445 -0.708141864027336 -0.6474221905440721 -0.7318885448916409 -1.1453140578265204 -0.6087620988283241 -0.2819107282693813
0.01700060716454159 0.05447470817120623 -0.02468858713949052 -0.033819241982507284 -0.010667298802892022 -0.09049241979080971 -0.0024673081667900337 -0.15363815142576204 0.0038814853150472236 -0.048800892359174564 0.014175257731958763 -0.04264652126233703 0.02035684349179739 -0.12812615498336824 0.025201612903225812 -0.08739537173806007 -0.015951083344410474 -0.19858156028368795 0.0 -0.08833426808749298 0.011408290024084167 -0.07027747485762752 0.01523140011716462 -0.08373628965679916 -0.028589185829707896 -0.12182868625973373 0.05546751188589542 -0.27171152869476894 -0.11998400213304891 -0.15300230946882215 0.032199896960329724 -0.01887237556027365 0.0023736055067647742 -0.0691663633054241 -0.008497208060208788 -0.03320986077404521 0.02285253394273424 -0.17358392064735056 -0.11245200219418541 -0.1346153846153846 0.007542426147077311 -0.010193679918450563 -0.0011448196908986816 -0.05768537435404399 -0.024213075060532684 -0.00735925426223476 -0.05201065584168464 -0.07839609304716617 -0.13704097924427888 0.005976393246675634 0.08106759790471439 -0.10575246949447996 0.09362662154540327 -0.14661036828524512 0.0 -0.19589106545628282 0.14189693801344286 -0.19967142676608113 0.08812310929896093 -0.052061347966793306 0.031499878846619825 -0.037461952704284714 -0.04698144233027954 -0.6501436781609196 -0.5548795327330251 -0.5048282606038382 -0.6390884320039633 -1.2989588497768965 -0.39150032195750156 -0.43628808864265933 -0.2511153601019758 -0.04028436018957345 -0.06987209853150166 -6.4616524638755095 -3.805583003952569 -1.321537522879805 -3.1382842509603073 -9.212700051626227 -1.1952457264957264 -0.042817679558011044 -0.09258116281940501 -0.184139177586986 -0.2053480762721426 -0.7101519170484687 -0.7069635913750443 -0.6402946067949631 -0.7368421052631579 -1.1016949152542375 -0.5514518593988794 -0.2584181675802662
0.025500910746812384 0.04669260700389105 -0.015710919088766692 -0.04198250728862975 -0.0059262771127177915 -0.10106945587025502 -0.0074019245003700985 -0.15732546705998032 0.003881485315047225 0.2969882877858338 0.002577319587628865 -0.03655416108200317 0.02275176625553826 -0.13428606628064554 0.015120967741935488 -0.0947808961102905 -0.031902166688820954 -0.2011605415860735 -0.006638343069569836 -0.08973639932697701 0.002535175560907592 -0.08724100327153762 0.008201523140011721 -0.11557966741361007 -0.03977625854568055 -0.15071590052750566 0.04886423666138405 -0.29456576942610463 -0.11465137981602454 -0.15444572748267898 0.02962390520350335 -0.025949516395376272 0.005934013766911938 -0.09343526271083606 -0.020636076717649915 -0.06003320986077405 0.01209840032262401 -0.19838162359697206 -0.10285244103126716 -0.14497041420118342 0.015084852294154622 0.0 0.011448196908986836 -0.06249248888354765 -0.024213075060532684 -0.006132711885195634 -0.060890523912216166 -0.07325536563423724 -0.13571048430015964 0.017929179740026894 0.08106759790471438 -0.10459035444509006 0.0970107163000564 -0.14661036828524512 -0.003497726477789437 -0.20066889632107024 0.13193925815285037 -0.18956148110703902 0.08812310929896093 -0.03939777683973548 0.0363460140537921 -0.04799812690236478 -0.032887009631195674 -0.6429597701149425 -0.5706984667802384 -0.5378315609338712 -0.6935843448105029 -1.2555775904809123 -0.3567289117836445 -0.4293628808864266 -0.23072020395156154 -0.06635071090047392 -0.04618664140217906 -5.9812276151661115 -3.8945158102766797 -1.3801098230628432 -3.517285531370039 -8.625451729478575 -0.9174679487179489 -0.05248618784530386 -0.09628440933218121 -0.18300948938093084 -0.19180864267178155 -0.6980950084398361 -0.7057853187227525 -0.6438583986695177 -0.7417956656346749 -1.0655533399800599 -0.49414161996943456 -0.24145131819368304
0.02428658166363084 0.0500277932184547 -0.026933004152171473 -0.045481049562682216 -0.014223065070522697 -0.10577036079445293 -0.008635578583765114 -0.15855457227138642 0.010350627506792599 0.29001673173452314 -0.0038659793814433004 -0.03533568904593639 0.00478984552748174 -0.14167795983737835 -0.0075604838709677396 -0.10093549975381585 -0.05449953476006912 -0.18955512572533845 -0.02124269782262347 -0.07851934941110487 -0.00380276334136139 -0.10299285108445413 1.2143064331837649e-18 -0.14270550772496757 -0.05344934742075824 -0.17332328560663152 0.047543581616481784 -0.29710512950736423 -0.09065457938941475 -0.13856812933025403 0.02704791344667697 -0.015333805142722336 -0.001186802753382389 -0.10435626744327145 -0.033988832240835154 -0.07280623323540683 0.0 -0.21273818846254242 -0.09599561162918266 -0.14792899408284022 0.025141420490257704 -0.006795786612300373 -0.002289639381797365 -0.07330849657493091 -0.036319612590799036 -0.020851220409665153 -0.0735760497272612 -0.07068500192777277 -0.13437998935604045 0.028387867921709248 0.06859565976552755 -0.11969785008715864 0.08798646362098139 -0.1559934318555008 -0.01982045004080681 -0.21858576206402294 0.11949215832710977 -0.18324276507013776 0.09996054189135868 -0.03376952300548755 0.02786527744124061 -0.0444860688363381 -0.04345783415550857 -0.6058429118773946 -0.5999026527135556 -0.5439432832172106 -0.7493188010899182 -1.1663361427863164 -0.3155183515775918 -0.4044321329639889 -0.20650095602294455 -0.09834123222748815 -0.04855518711511132 -5.5415586019513405 -3.9426877470355732 -1.4240390482001222 -3.924455825864277 -7.843314403717088 -0.7558760683760685 -0.06767955801104972 -0.09011233181088756 -0.18978761861726162 -0.18165406747151075 -0.6812153363877502 -0.6975374101567102 -0.6497980517937751 -0.7356037151702786 -1.0082253240279162 -0.4279164544065206 -0.217958757504568
0.02914389799635701 0.05113952195664258 -0.026933004152171473 -0.04314868804664723 -0.015408320493066254 -0.10929603948760136 2.2551405187698493e-18 -0.16224188790560473 0.027170397205330578 0.2802565532626882 0.01417525773195876 -0.03533568904593639 0.0023949227637408707 -0.13551804854010102 -0.0012600806451612899 -0.09354997538158542 -0.06247507643227436 -0.17408123791102512 -0.01725969198088157 -0.06870443073471677 -0.001267587780453797 -0.10299285108445415 0.0046865846514352666 -0.13444981719542398 -0.04226227470478559 -0.18085908063300676 0.0647120972002113 -0.29075672930421537 -0.06399146780429277 -0.12990762124711314 0.024471921689850594 -0.011795234725171033 -0.0035604082601471652 -0.10435626744327146 -0.043699927166788055 -0.07536083791033338 -0.0013442667025137806 -0.21534847298355522 -0.08228195282501372 -0.16124260355029582 0.03519798868636078 0.001132631102050063 -0.004579278763594735 -0.07210671794255498 -0.03631961259079903 -0.02821047467189991 -0.0748446023087657 -0.05911836524868268 -0.12107503991484833 0.03287016285671597 0.06984285357944624 -0.12085996513654851 0.09024252679075015 -0.15833919774806474 -0.015156814737087559 -0.22575250836120403 0.12073686830968385 -0.17186907620371544 0.11574378534788898 -0.022513015336991703 0.03755754785558517 -0.03629126668227582 -0.03875968992248062 -0.5842911877394635 -0.6084205402774397 -0.5500550055005501 -0.7765667574931882 -1.0820525532969758 -0.2640051513200257 -0.39473684210526316 -0.17080943275971955 -0.12322274881516589 -0.052108005684509705 -5.177226133135729 -3.91304347826087 -1.4630872483221478 -4.3085787451984645 -7.035363964894164 -0.6463675213675214 -0.07734806629834254 -0.08270583878533515 -0.18300948938093084 -0.1895520704050547 -0.654690137448758 -0.6845764109815011 -0.6402946067949632 -0.7232198142414861 -0.9484047856430708 -0.3833418237391747 -0.2062124771600104
0.031572556162720096 0.05447470817120623 -0.011222085063404783 -0.050145772594752204 -0.0011852554225435588 -0.1175226231049477 0.0037009622501850505 -0.1708456243854474 0.0465778237805667 0.2663134411600669 0.0077319587628865965 -0.030461800901669306 -0.008382229673093041 -0.13675003079955647 -0.008820564516129031 -0.08739537173806008 -0.062475076432274367 -0.16376531270148292 -0.011949017525225704 -0.06449803701626472 0.0012675877804537953 -0.10299285108445413 0.015231400117164617 -0.13680858591815076 -0.0435052827843381 -0.17960311479527757 0.06207078711040677 -0.27805992889791775 -0.04666044527396347 -0.12702078521939955 0.016743946419371457 -0.017692852087756544 -0.010681224780441492 -0.11285038223516564 -0.04976936149550862 -0.0906884659598927 -0.01209840032262401 -0.22970503784912558 -0.06308283049917718 -0.17899408284023666 0.028912633563796357 -0.0011326311020500616 -0.011448196908986836 -0.08532628289869007 -0.04479418886198547 -0.03311664418005642 -0.08626157554230625 -0.06682945636807608 -0.11309207025013306 0.03287016285671597 0.06360688450985283 -0.12085996513654851 0.09362662154540327 -0.17358667604973024 -0.011659088259298123 -0.22455805064500717 0.11700273836196166 -0.1630228737520536 0.12363540707615414 -0.022513015336991696 0.04603828446813666 -0.03980332474830251 -0.014094432699083859 -0.5687260536398467 -0.6072036991968849 -0.5586114166972254 -0.8112459747337132 -0.9940505701536935 -0.23052157115260785 -0.38227146814404434 -0.15296367112810708 -0.14573459715639808 -0.05447655139744197 -4.893170309991354 -3.842638339920949 -1.4984746796827335 -4.6952624839948784 -6.169334021683015 -0.5822649572649573 -0.09530386740331491 -0.09134674731514628 -0.17623136014460006 -0.1884237842716913 -0.649867374005305 -0.6775067750677506 -0.6414825374198146 -0.7145510835913312 -0.9060319042871386 -0.35277636271013757 -0.20360219263899765
0.03400121432908318 0.05780989438576987 0.0022444170126809564 -0.05014577259475219 0.004741021690174235 -0.11634739687389821 0.0024673081667900333 -0.15240904621435597 0.047871652218915775 0.2704963747908533 0.002577319587628865 -0.019495552577068354 -0.021554304873667822 -0.1392139953184674 -0.018901209677419355 -0.08000984736582964 -0.07576764588594975 -0.1470019342359768 -0.005310674455655867 -0.05748738081884465 -0.008873114463176573 -0.09935780928147339 0.018746338605741066 -0.13209104847269723 -0.04847731510254817 -0.1695553880934439 0.058108821975699956 -0.25266632808532247 -0.03599520063991468 -0.10825635103926098 0.020607934054611025 -0.008256664307619722 0.007120816520294329 -0.10556971241354204 -0.05219713522699685 -0.0970749776472091 -0.017475467132679123 -0.22187418428608718 -0.054854635216675815 -0.1878698224852071 0.023884349465744813 0.0033978933061501885 -0.01259301659988552 -0.0949405119576974 -0.05447941888619855 -0.02207776278670428 -0.09767854877584677 -0.04883691042282483 -0.106439595529537 0.05229344090841177 0.05737091544025942 -0.11621150493898895 0.10039481105470953 -0.17358667604973024 -0.01049317943336831 -0.21619684663162922 0.12820512820512822 -0.1478579552634905 0.14467973168486123 -0.00984944420993387 0.04240368306275745 -0.04331538281432921 -0.0035236081747709647 -0.5447796934865899 -0.6145047456802142 -0.5586114166972252 -0.8397324746098587 -0.8924144769459594 -0.21893110109465552 -0.3642659279778394 -0.13894200127469727 -0.1504739336492891 -0.05802936996684036 -4.618994689391132 -3.701828063241107 -1.5033557046979866 -5.0512163892445585 -5.273618998451213 -0.531517094017094 -0.0856353591160221 -0.09381557832366375 -0.158156348847718 -0.18052578133814734 -0.6257535567880396 -0.6562978673264992 -0.6236635780470421 -0.7021671826625387 -0.8337487537387837 -0.31329597554763117 -0.1827199164708953
0.0315725561627201 0.06003335186214563 -0.003366625519021436 -0.03965014577259475 -0.0023705108450871133 -0.11047126571865082 -0.011102886750555142 -0.13765978367748283 0.04269633846551947 0.26491912994980477 0.00902061855670103 0.004873888144267089 -0.014369536582445214 -0.12443020820500186 -0.016381048387096774 -0.07139340226489414 -0.07709690283131729 -0.12379110251450678 -0.003983005841741898 -0.040661805945036454 0.00380276334136139 -0.09693444807948623 0.03163444639718805 -0.1297322797499705 -0.04599129894344313 -0.1808590806330068 0.04226096143687269 -0.2539360081259522 -0.02133048926809759 -0.11980369515011549 0.015455950540958269 -0.010615711252653927 0.0 -0.10435626744327145 -0.06069434328720563 -0.10218418699706219 -0.037639467670385805 -0.2244844688071 -0.047997805814591336 -0.18786982248520712 0.02388434946574481 0.015856835428700873 -0.019461934745277625 -0.09494051195769738 -0.06295399515738499 -0.012265423770391266 -0.10402131168336928 -0.03727027374373475 -0.09978712080894094 0.07171671896010758 0.06235969069593415 -0.10807669959325972 0.1071630005640158 -0.16654937837203845 -0.005829544129649061 -0.2197802197802198 0.1319392581528504 -0.13901175281182865 0.1538866237011706 0.0014070634585619819 0.04724981826992973 -0.045656754858347 0.0 -0.5292145593869731 -0.6072036991968849 -0.5598337611538932 -0.8347783007183553 -0.790778383738225 -0.18544752092723762 -0.3476454293628809 -0.12746972594008926 -0.1457345971563981 -0.08053055423969682 -4.274422625663826 -3.4980237154150196 -1.4923733984136667 -5.2304737516005115 -4.346928239545688 -0.4941239316239317 -0.07458563535911603 -0.08394025428959387 -0.15137821961138725 -0.16472977547105944 -0.6124909573185435 -0.625662778366914 -0.618911855547636 -0.6922600619195046 -0.7589730807577266 -0.28655119714722366 -0.16836335160532498
0.030358227079538558 0.05558643690939411 -0.007855459544383348 -0.038483965014577265 -0.0035557662676306764 -0.11047126571865085 -0.013570194917345176 -0.12413962635201574 0.04010868158882132 0.27328499721137756 0.019329896907216496 0.0012184720360667715 -0.001197461381870435 -0.10348650979425897 -0.0025201612903225784 -0.06277695716395863 -0.07045061810447961 -0.09929078014184398 0.0026553372278279373 -0.023836231071228276 0.02028140448726074 -0.08118260026656972 0.03866432337434095 -0.11086212996815663 -0.04723430702299564 -0.16578749058025624 0.03301637612255679 -0.22346368715083798 -0.006665777896280494 -0.10392609699769054 0.01416795466254508 -0.02359046945034206 -0.00593401376691194 -0.11406382720543624 -0.07283321194464676 -0.11240260569676844 -0.0631805350181476 -0.2140433307230488 -0.04251234229292376 -0.1834319526627219 0.0251414204902577 0.01925472873485106 -0.011448196908986834 -0.07931738973681048 -0.05569007263922517 -0.007359254262234757 -0.11670683749841433 -0.01927772779848349 -0.10111761575306015 0.08964589870013447 0.06984285357944625 -0.10691458454386985 0.1026508742244783 -0.15130190007037297 -0.009327270607438497 -0.21380793119923552 0.12198157829225789 -0.12637432073802604 0.13941865053268446 0.016884761502743772 0.05209595347710201 -0.033949894638258024 0.0011745360582569892 -0.4932950191570882 -0.5901679240691167 -0.5378315609338712 -0.8223928659895963 -0.6618740704015864 -0.17643271088216356 -0.3060941828254848 -0.10834926704907588 -0.1528436018957346 -0.07816200852676457 -3.843398789675189 -3.1805830039525693 -1.4545454545454544 -5.119078104993598 -3.4447599380485285 -0.45405982905982895 -0.062154696132596686 -0.07406493025552402 -0.1446000903750565 -0.15908834480424233 -0.5714974680491921 -0.5903145987981618 -0.5880256593014968 -0.6662538699690402 -0.6630109670987038 -0.2623535404992358 -0.14748107543722264
0.035215543412264724 0.05558643690939411 -0.0011222085063404773 -0.05014577259475219 -0.0035557662676306717 -0.11399694441179926 -0.025906735751295335 -0.1007866273352999 0.03881485315047225 0.277467930842164 0.012886597938144331 -0.0024369440721335447 -0.015566997964315649 -0.12073426142663546 -0.002520161290322581 -0.06770064007877892 -0.08241393061278747 -0.07994842037395229 0.0013276686139139702 -0.03084688726864835 0.02788693116998352 -0.07633587786259542 0.04686584651435267 -0.12029720485906359 -0.050963331261653186 -0.15825169555388097 0.015847860538827255 -0.19807008633824275 -0.013331555792560993 -0.09815242494226327 0.021895929933024215 -0.030667610285444687 -0.007120816520294329 -0.12377138696760101 -0.06919155134741442 -0.11751181504662153 -0.07931173544831294 -0.19055077003393367 -0.03565551289083928 -0.1745562130177515 0.027655562539283467 0.011326311020500624 -0.0137378362907842 -0.09734406922244923 -0.04842615012106538 -0.019624678032626026 -0.13573512622098188 -0.012851818532322323 -0.106439595529537 0.07769311220678321 0.07483162883512098 -0.11040092969203949 0.1071630005640158 -0.1466103682852451 -0.01049317943336831 -0.20544672718585763 0.10331092855364699 -0.11626437507898393 0.12626594765224253 0.018291824961305752 0.05209595347710201 -0.0409740107703114 0.007047216349541932 -0.48611111111111105 -0.5767826721830129 -0.5256081163671922 -0.8162001486252167 -0.5453644025780862 -0.16870573084352866 -0.275623268698061 -0.0815806246016571 -0.1575829383886256 -0.07697773567029843 -3.3617389156477713 -2.8680830039525693 -1.3971934106162294 -4.9910371318822015 -2.567114093959732 -0.42735042735042744 -0.06353591160220995 -0.06789285273423035 -0.1333032083145052 -0.15457520027078867 -0.5594405594405595 -0.56203605514316 -0.5666429080541697 -0.6513931888544892 -0.5795114656031903 -0.24452368823229748 -0.14226050639519708
0.03885853066180935 0.05669816564758199 0.007855459544383344 -0.038483965014577265 0.00711153253526135 -0.09754377717710659 -0.023439427584505308 -0.08603736479842675 0.04399016690386855 0.2802565532626883 0.011597938144329894 -0.010966248324600952 -0.019159382109926952 -0.11827029690772453 -0.00630040322580645 -0.06523879862136878 -0.08241393061278747 -0.07221147646679561 -0.003983005841741898 -0.03224901850813237 0.021548992267714537 -0.08118260026656973 0.04100761570005858 -0.10850336124542989 -0.04847731510254815 -0.15448379804069332 0.007923930269413631 -0.18791264601320468 -0.0013331555792560998 -0.0909353348729792 0.024471921689850594 -0.0365652276480302 -0.0011868027533823897 -0.12134449702705982 -0.06919155134741442 -0.11112530335930515 -0.09141013577093696 -0.16705820934481858 -0.028798683488754796 -0.1597633136094675 0.028912633563796357 0.004530524408200251 -0.014882655981682886 -0.09133517606056965 -0.04721549636803875 -0.012265423770391262 -0.13192946847646836 -0.003855545559696696 -0.10377860564129857 0.08217540714178993 0.06360688450985283 -0.13131900058105753 0.09588268471517201 -0.15130190007037295 -0.011659088259298123 -0.20783564261825133 0.09708737864077668 -0.12890180715278657 0.1315270288044193 0.018291824961305755 0.058153622486067355 -0.05033949894638259 0.0011745360582569892 -0.4465996168582375 -0.5317595522024824 -0.49382716049382713 -0.7567500619271736 -0.4561229548834903 -0.14810045074050227 -0.24238227146814406 -0.0509878903760357 -0.15402843601895735 -0.07934628138323069 -2.849203408669878 -2.487648221343874 -1.2605247101891397 -4.820742637644046 -1.9424367578729995 -0.3712606837606837 -0.03867403314917127 -0.04814220466609061 -0.1333032083145052 -0.13765090827033735 -0.5124186158668917 -0.49369624131023926 -0.5215015443098123 -0.5708978328173374 -0.5034895314057826 -0.20249617931737135 -0.12659879926912032
0.037644201578627814 0.05113952195664258 0.01346650207608574 -0.044314868804664724 0.01303780964797914 -0.09871900340815606 -0.012336540833950159 -0.09218289085545724 0.049165480657264844 0.2649191299498048 0.010309278350515464 -0.02071402461313513 -0.022751766255538257 -0.09979056301589258 -0.00756048387096774 -0.07139340226489413 -0.07842615977668485 -0.0786589297227595 -0.003983005841741897 -0.03084688726864835 0.019013816706806946 -0.09693444807948623 0.050380785002929106 -0.11440028305224673 -0.039776258545680544 -0.15825169555388097 0.017168515583729525 -0.17902488572879632 0.006665777896280494 -0.08083140877598152 0.023183925811437404 -0.036565227648030205 -0.005934013766911941 -0.11042349229462442 -0.07283321194464676 -0.10984800102184186 -0.10082000268853342 -0.15270164447924822 -0.04388370817334064 -0.15236686390532547 0.02262727844123193 0.0011326311020500635 -0.025186033199771037 -0.06729960341305133 -0.05447941888619856 -0.012265423770391264 -0.13954078396549535 -0.001285181853232232 -0.11708355508249069 0.09113999701180338 0.047393364928909956 -0.14758861127251596 0.0767061477721376 -0.15716631480178275 -0.012824997085227935 -0.21858576206402297 0.10331092855364699 -0.14153923922658915 0.1354728396685519 0.018291824961305755 0.05694208868427429 -0.04682744088035589 -0.009396288466055908 -0.3915229885057471 -0.4806522268191774 -0.4547121378804547 -0.6688134753529847 -0.3780366881507189 -0.12749517063747587 -0.21052631578947367 -0.04079031230082855 -0.1552132701421801 -0.10303173851255329 -2.3885389650487836 -2.1405632411067197 -1.13117754728493 -4.248399487836108 -1.4571502323180174 -0.3298611111111111 -0.02209944751381216 -0.050611035674608076 -0.13782196113872572 -0.1241114746699763 -0.4678080540149507 -0.4359608813479439 -0.48467569493941554 -0.5052631578947369 -0.4436689930209372 -0.17447784004075395 -0.11224223440355
0.02671523982999393 0.04669260700389105 0.0011222085063404773 -0.03965014577259475 0.010667298802892026 -0.10341990833235397 0.007401924500370095 -0.08726647000983286 0.06727907879415189 -0.08365867261572783 0.023195876288659795 -0.04020957719020348 -0.021554304873667822 -0.09609461623752617 0.0012600806451612899 -0.0726243229935992 -0.062475076432274367 -0.07092198581560283 0.00531067445565587 -0.025238362310712283 0.0342248700722525 -0.09572276747849266 0.06912712360867017 -0.09317136454770611 -0.01740211311373524 -0.14192413966340117 0.03829899630216588 -0.15490096495683087 0.027996267164378086 -0.0678406466512702 0.0077279752704791345 -0.04010379806558151 -0.017802041300735823 -0.09100837277029487 -0.07768875940762321 -0.09835227998467237 -0.11157413630864363 -0.12920908379013313 -0.050740537575425126 -0.13313609467455623 0.023884349465744813 -0.018122097632800996 -0.030910131654264456 -0.055281817089292154 -0.05569007263922519 -0.01349196614743039 -0.12939236331345932 0.0038555455596967006 -0.106439595529537 0.097116390258479 0.046146171114991266 -0.1673445671121441 0.077834179357022 -0.15482054890921887 -0.0023318176518596244 -0.21858576206402294 0.12322628827483195 -0.14785795526349046 0.1538866237011706 0.02673420571267764 0.041192149260964386 -0.04565675485834699 -0.02231618510688278 -0.3280651340996169 -0.4344122657580919 -0.4107077374404107 -0.5883081496160515 -0.31234506693108577 -0.10688989053444946 -0.17451523545706368 -0.01784576163161249 -0.1623222748815166 -0.09592610137375651 -1.9945658886007167 -1.768774703557312 -0.9908480780964005 -3.6440460947503204 -1.0970573051109962 -0.265758547008547 0.006906077348066292 -0.033329218614985806 -0.13669227293267058 -0.09816089360261762 -0.4171690378586931 -0.36172970425356427 -0.43478260869565216 -0.42229102167182664 -0.376370887337986 -0.13372389200203771 -0.09266510049595407
0.030358227079538558 0.03668704836020011 0.013466502076085737 -0.03731778425655977 0.032001896408676074 -0.10459513456340346 0.032075006168270415 -0.07743362831858408 0.0931556475611334 -0.07808142777467932 0.02706185567010309 -0.049957353478737664 -0.011974613818704348 -0.08623875816188245 0.016381048387096774 -0.068931560807484 -0.04652399308786388 -0.06189555125725339 0.023898035050451405 -0.021031968592260235 0.030422106730891112 -0.09087604507451835 0.06678383128295254 -0.06840429295907538 -0.012430080795525173 -0.12559658377292138 0.03697834125726361 -0.12950736414423564 0.033328889481402474 -0.06928406466512702 0.020607934054611022 -0.050719509318235434 -0.004747211013529552 -0.0752335881567771 -0.05462490895848506 -0.08941116362242943 -0.08065600215082672 -0.10180109631949882 -0.012342292923752052 -0.1168639053254438 0.008799497171590199 -0.02265262204100125 -0.03205495134516313 -0.05648359572166807 -0.05569007263922517 -0.015945050901508644 -0.13827223138399086 -0.00128518185323223 -0.10377860564129857 0.097116390258479 0.05362933399850336 -0.16966879721092387 0.08573040045121263 -0.15716631480178278 0.023318176518596245 -0.21261347348303872 0.14687577794373907 -0.15670415771515228 0.17098513744574512 0.033769523005487544 0.05573055488248123 -0.05151018496839148 -0.0011745360582569892 -0.29813218390804597 -0.3467997079581406 -0.38503850385038507 -0.4718850631657171 -0.27764005949429843 -0.0643915003219575 -0.1523545706371191 -0.008922880815806245 -0.15402843601895738 -0.07934628138323069 -1.6401136223292578 -1.4167490118577075 -0.8627211714460039 -3.0128040973111396 -0.8673205988642231 -0.20833333333333331 0.0345303867403315 -0.030860387606468344 -0.12991414369633983 -0.08236488773552972 -0.3737641668676151 -0.3016377989866855 -0.3872653837015918 -0.3467492260061919 -0.32652043868394814 -0.10443199184921041 -0.09658052727747327
0.024286581663630846 0.04002223457476376 0.014588710582426218 -0.03965014577259476 0.04266919521156809 -0.10106945587025502 0.041944238835430546 -0.06391347099311702 0.10221244662957692 -0.06692693809258227 0.012886597938144331 -0.04386499329840381 -0.001197461381870435 -0.0813108291240606 0.020161290322580645 -0.06400787789266371 -0.03190216668882095 -0.04642166344294004 0.030536378120021246 -0.021031968592260235 0.019013816706806946 -0.08966436447352477 0.0562390158172232 -0.06486613987498527 -0.027346177750155375 -0.1105249937201708 0.014527205493924982 -0.11173184357541899 0.014664711371817091 -0.05918013856812933 0.019319938176197836 -0.05307855626326964 -0.002373605506764777 -0.06431258342434172 -0.03277494537509104 -0.08302465193511303 -0.06049200161312004 -0.08874967371443489 0.009599561162918267 -0.09615384615384616 -0.0012570710245128846 -0.019254728734851057 -0.028620492272467084 -0.04686936666266074 -0.0460048426150121 -0.0024530847540782516 -0.13066091589496384 0.012851818532322323 -0.09712613092070252 0.1150455699985059 0.03991020204539785 -0.17431725740848344 0.07106598984771574 -0.14426460239268118 0.017488632388947184 -0.19350215002388915 0.14438635797859095 -0.16049538733729307 0.15783243456530316 0.05065428450823132 0.05451902108068816 -0.05853430110044485 0.003523608174770964 -0.2646072796934866 -0.2835239717692869 -0.35570223689035574 -0.3827099331186524 -0.24293505205751115 -0.04764971023824856 -0.12326869806094183 -0.021669853409815167 -0.13151658767772512 -0.06631927996210327 -1.286896381375818 -1.0980731225296445 -0.7089688834655278 -2.3790012804097316 -0.6143520908621578 -0.18295940170940173 0.07596685082872928 -0.03209480311072707 -0.13217352010845007 -0.060927451201624724 -0.3255365324330841 -0.24036762106751502 -0.34093608933238295 -0.2736842105263158 -0.26669990029910273 -0.07259296994396333 -0.07830853563038372
0.020643594414086218 0.02556976097832129 0.008977668050723827 -0.03731778425655977 0.035557662676306744 -0.1081208132565519 0.04934616333580064 -0.07005899705014748 0.103506275067926 -0.08087005019520357 0.02190721649484536 -0.045083465334470565 0.004789845527481737 -0.06406307749168412 0.023941532258064516 -0.06523879862136879 -0.029243652798085867 -0.04126370083816893 0.03319171534784918 -0.029444756029164333 0.01774622892635315 -0.09087604507451834 0.05506736965436439 -0.054251680622714946 -0.019888129272840276 -0.11554885707108767 0.02113048071843634 -0.10792280345352971 0.010665244634048793 -0.05340646651270209 0.020607934054611022 -0.04953998584571833 -0.004747211013529552 -0.05217813372163573 -0.033988832240835154 -0.07791544258525993 -0.05511493480306493 -0.06917253980683895 0.00548546352166758 -0.08875739644970415 0.0037712130735386546 -0.01698946653075093 -0.02289639381797367 -0.028842687177021993 -0.03753026634382566 0.00735925426223476 -0.1319294684764684 0.02441845521141241 -0.10111761575306018 0.11504556999850593 0.03367423297580443 -0.18012783265543292 0.06880992667794698 -0.1384001876612714 0.02564999417045587 -0.20186335403726705 0.15185461787403534 -0.17060533299633515 0.16309351571747993 0.05065428450823132 0.04724981826992973 -0.06087567314446265 -0.004698144233027956 -0.2286877394636015 -0.23606716962764662 -0.3190319031903191 -0.29972752043596734 -0.21070897372335154 -0.038634900193174504 -0.11911357340720223 -0.008922880815806247 -0.11492890995260663 -0.04500236854571293 -0.9423243176485115 -0.7929841897233203 -0.5674191580231849 -1.7323943661971835 -0.45431078988125967 -0.14155982905982906 0.09806629834254145 -0.02468831008517467 -0.13556258472661545 -0.03836172853435631 -0.2688690619725102 -0.18616707906209498 -0.30292230933713465 -0.21176470588235294 -0.2230807577268195 -0.04712175241976567 -0.07439310884886453
0.014571948998178508 0.023346303501945522 0.0 -0.03032069970845482 0.02726087471850184 -0.10694558702550241 0.0468788551690106 -0.07497541789577186 0.10091861819122787 -0.08784160624651423 0.02061855670103093 -0.052394297550871216 0.005987306909352172 -0.07515091782678329 0.017641129032258063 -0.08000984736582964 -0.029243652798085867 -0.0490006447453256 0.022570366436537443 -0.04346606842400448 0.01394346558499176 -0.07997091966557615 0.04335090802577622 -0.027125840311357473 -0.019888129272840276 -0.11429289123335844 0.021130480718436352 -0.10030472320975115 0.007998933475536594 -0.04618937644341802 0.01416795466254508 -0.06251474404340646 -0.007120816520294329 -0.04853779881082394 -0.03156105850934693 -0.07663814024779665 -0.056459201505578704 -0.07178282432785174 0.0027427317608337935 -0.09615384615384615 0.002514142049025769 -0.02038735983690112 -0.030910131654264456 -0.02403557264751833 -0.0387409200968523 -0.0012265423770391264 -0.14461499429151342 0.015422182238786789 -0.11708355508249073 0.10309278350515463 0.021202294836617612 -0.18361417780360256 0.06091370558375635 -0.1290171240910157 0.03147953830010493 -0.20425226946966077 0.1468757779437391 -0.17439656261847591 0.15914770485334737 0.04643309413254537 0.0448267506663436 -0.04799812690236478 0.0011745360582569885 -0.1736111111111111 -0.1776587977610124 -0.2725828138369392 -0.21179093386177858 -0.17600396628656417 -0.019317450096587252 -0.10387811634349031 -0.008922880815806247 -0.09715639810426539 -0.03552818569398388 -0.6335679881437569 -0.5360671936758894 -0.4319707138499084 -1.0973111395646609 -0.34202374806401653 -0.11351495726495728 0.11187845303867405 -0.01728181705962227 -0.12426570266606415 -0.028207153334085522 -0.21823004581625277 -0.14846235418875928 -0.2589688762176289 -0.1609907120743034 -0.1807078763708873 -0.04202750891492615 -0.06656225528582614
