v 0.0191515258 0.0413436105 -0.0136266954 0 1 0
v 0.0187294872 0.0412027915 -0.0152135388 0 1 0
v 0.0182965015 0.0410622555 -0.0167974462 0 0.501961 1
v 0.0178541063 0.0409245139 -0.018379 0 0.501961 1
v 0.0174051075 0.0407881979 -0.0199588212 0 0.501961 1
v 0.0169538374 0.0406538544 -0.0215381633 0 0.501961 1
v 0.0165025135 0.0405209414 -0.0231176128 0 0.501961 1
v 0.0160542626 0.0403920178 -0.0246982704 0 0.501961 1
v 0.0155985546 0.0402545863 -0.0262760691 1 0.784314 0
v 0.0151392588 0.0401208248 -0.0278531436 1 0.784314 0
v 0.0146763196 0.0399854228 -0.0294290088 1 0.784314 0
v 0.0142108343 0.0398447621 -0.0310036684 1 0.784314 0
v 0.0137462462 0.0397124368 -0.0325793176 1 0.784314 0
v 0.0132785052 0.0395843666 -0.0341543841 1 0.784314 0
v 0.0128072077 0.0394543758 -0.0357282238 1 0.784314 0
v 0.0123355896 0.0393231808 -0.0373018692 1 0.784314 0
v 0.011867783 0.0391932958 -0.0388767696 1 0.784314 0
v 0.0113996894 0.039065192 -0.0404517187 1 0.784314 0
v 0.0109114478 0.0389323624 -0.0420201592 0.705882 0 1
v 0.0104230285 0.0388105287 -0.0435894324 0.705882 0 1
v 0.00993208345 0.0386867551 -0.0451577661 0.705882 0 1
v 0.00943603296 0.038568302 -0.0467248839 0.705882 0 1
v 0.008933358 0.0384522549 -0.0482900776 0.705882 0 1
v 0.00842485718 0.0383316817 -0.0498530575 0.705882 0 1
v 0.00791993236 0.0382177507 -0.0514176765 0.705882 0 1
v 0.00741265518 0.0381007919 -0.0529813229 0.705882 0 1
v 0.00689840046 0.037983853 -0.0545426574 0 0.862745 0.862745
v 0.00636979683 0.0378648934 -0.0560990665 0 0.862745 0.862745
v 0.005830618 0.0377566586 -0.0576526432 0 0.862745 0.862745
v 0.00527238598 0.0376364291 -0.0591985611 0 0.862745 0.862745
v 0.00471063194 0.037524699 -0.0607438517 0 0.862745 0.862745
v 0.00414593475 0.0374093798 -0.0622878126 0 0.862745 0.862745
v 0.00357488959 0.0372979093 -0.0638297227 0 0.862745 0.862745
v 0.00299633205 0.0371845355 -0.0653686904 0 0.862745 0.862745
v 0.00240735952 0.0370722716 -0.0669037849 1 0.470588 0
v 0.00181044336 0.0369678737 -0.0684363715 1 0.470588 0
v 0.00119682546 0.0368626809 -0.0699622799 1 0.470588 0
v 0.000571315114 0.0367646181 -0.0714838142 1 0.470588 0
v -6.27793136e-05 0.0366689414 -0.0730019617 1 0.470588 0
v -0.000702715944 0.036572875 -0.0745176385 1 0.470588 0
v -0.00134505884 0.0364807656 -0.076032542 1 0.470588 0
v -0.00199727942 0.0363892872 -0.0775432502 1 0.470588 0
v -0.0026543806 0.0362977721 -0.0790518451 0.470588 1 0
v -0.00331224748 0.0362055528 -0.080560061 0.470588 1 0
v -0.00396228956 0.0361168499 -0.0820718813 0.470588 1 0
v -0.00460493966 0.0360263155 -0.0835867516 0.470588 1 0
v -0.00525363862 0.0359455407 -0.085099593 0.470588 1 0
v -0.0059092455 0.0358703938 -0.0866097418 0.470588 1 0
v -0.00656907868 0.035797349 -0.0881181435 0.470588 1 0
v -0.00723673239 0.0357250268 -0.0896231477 0.470588 1 0
v -0.0079164495 0.0356557006 -0.0911228706 1 0 0.705882
v -0.00859611496 0.0355846426 -0.0926225472 1 0 0.705882
v -0.00927862172 0.0355139122 -0.0941209336 1 0 0.705882
v -0.00996936632 0.0354421574 -0.0956155068 1 0 0.705882
v -0.0106618766 0.0353750457 -0.0971094796 1 0 0.705882
v -0.0113689978 0.0353101652 -0.0985966797 1 0 0.705882
v -0.0120790044 0.0352483548 -0.100082635 1 0 0.705882
v -0.0127961877 0.035194942 -0.101565478 1 0 0.705882
v -0.0135154134 0.0351463298 -0.103047493 0.313725 0.313725 1
v -0.0142367958 0.0351001247 -0.104528533 0.313725 0.313725 1
v -0.0149648647 0.035057042 -0.106006399 0.313725 0.313725 1
v -0.0156953969 0.0350156862 -0.107483098 0.313725 0.313725 1
v -0.0164416084 0.0349762179 -0.10895189 0.313725 0.313725 1
v -0.0172076042 0.0349397717 -0.11041064 0.313725 0.313725 1
v -0.0179710902 0.0349060174 -0.111870766 0.313725 0.313725 1
v -0.0187313216 0.0348740177 -0.113332627 0.313725 0.313725 1
v -0.0194863988 0.0348462312 -0.114797248 0.705882 0.470588 0.156863
v -0.0202401781 0.0348221281 -0.116262602 0.705882 0.470588 0.156863
v -0.0210080107 0.0348033785 -0.11772068 0.705882 0.470588 0.156863
v -0.0217865964 0.034790202 -0.119173137 0.705882 0.470588 0.156863
v -0.0225680641 0.0347827318 -0.120624096 0.705882 0.470588 0.156863
v -0.0233520128 0.0347805509 -0.12207373 0.705882 0.470588 0.156863
v -0.0241413894 0.0347827383 -0.1235204 0.705882 0.470588 0.156863
v -0.0249398901 0.0347902314 -0.124962049 0.705882 0.470588 0.156863
v -0.0257441977 0.0348023473 -0.126400441 0.470588 0.470588 0.470588
v -0.0265509991 0.034814969 -0.12783743 0.470588 0.470588 0.470588
v -0.0273573453 0.0348296395 -0.129274656 0.470588 0.470588 0.470588
v -0.0281626439 0.0348438475 -0.130712474 0.470588 0.470588 0.470588
v -0.0289693991 0.0348586083 -0.13214946 0.470588 0.470588 0.470588
v -0.0297927348 0.0348736547 -0.133577017 0.470588 0.470588 0.470588
v -0.0306369695 0.0348940128 -0.134992205 0.470588 0.470588 0.470588
v -0.0314900581 0.0349214694 -0.13640198 0.470588 0.470588 0.470588
v -0.032346067 0.0349539546 -0.13780989 1 0 0
v -0.0332009061 0.0349937764 -0.139218316 1 0 0
v -0.034067687 0.0350386297 -0.140619283 1 0 0
v -0.0349462572 0.0350847567 -0.142012826 1 0 0
v -0.0358291964 0.0351326189 -0.143403564 1 0 0
v -0.0367151745 0.0351767951 -0.144792485 1 0 0
v -0.0376127788 0.0352242794 -0.146173816 1 0 0
v -0.0385194485 0.0352766254 -0.14754902 1 0 0
v -0.0394286717 0.0353273164 -0.148922617 0 1 0
v -0.0403369339 0.0353872656 -0.150296472 0 1 0
v -0.0412423067 0.0354555 -0.151671853 0 0.501961 1
v 0.0212028719 0.0411305603 -0.013626469 0 1 0
v 0.0207839589 0.0409975161 -0.0152184194 0 1 0
v 0.0203535629 0.0408620161 -0.0168070939 0 1 0
v 0.0199154008 0.0407269711 -0.0183936812 0 1 0
v 0.01946711 0.0405943476 -0.0199776486 0 0.501961 1
v 0.0190133057 0.0404632989 -0.0215601807 0 0.501961 1
v 0.0185602834 0.0403330024 -0.0231429989 0 0.501961 1
v 0.0181083103 0.0402013134 -0.0247260014 0 0.501961 1
v 0.0176565354 0.0400663155 -0.0263087764 0 0.501961 1
v 0.0171994883 0.0399289531 -0.0278898236 0 0.501961 1
v 0.0167380873 0.0397968545 -0.0294700627 1 0.784314 0
v 0.0162703819 0.0396606605 -0.0310481069 1 0.784314 0
v 0.0158055738 0.0395320056 -0.0326276329 1 0.784314 0
v 0.0153382335 0.0394013961 -0.0342062517 1 0.784314 0
v 0.0148684252 0.0392743092 -0.0357844264 1 0.784314 0
v 0.014393888 0.039145781 -0.0373610723 1 0.784314 0
v 0.0139257808 0.0390215548 -0.0389399843 1 0.784314 0
v 0.0134570309 0.0388967149 -0.0405186546 1 0.784314 0
v 0.01297407 0.0387706004 -0.0420929041 0.705882 0 1
v 0.0124840892 0.0386508601 -0.0436655034 0.705882 0 1
v 0.0119933155 0.0385330919 -0.0452380078 0.705882 0 1
v 0.0114987207 0.0384156488 -0.0468093346 0.705882 0 1
v 0.0109947439 0.0383045421 -0.0483781455 0.705882 0 1
v 0.0104881936 0.0381953699 -0.0499462681 0.705882 0 1
v 0.00998232084 0.0380801207 -0.0515141697 0.705882 0 1
v 0.00947663211 0.0379673445 -0.0530823092 0.705882 0 1
v 0.00896747528 0.0378588324 -0.0546496156 0 0.862745 0.862745
v 0.00844018007 0.0377392415 -0.0562101214 0 0.862745 0.862745
v 0.00790230578 0.0376347654 -0.0577680946 0 0.862745 0.862745
v 0.00734826806 0.0375243528 -0.0593199449 0 0.862745 0.862745
v 0.00678738769 0.0374188855 -0.0608697013 0 0.862745 0.862745
v 0.00622449367 0.0373081175 -0.0624183761 0 0.862745 0.862745
v 0.00565616139 0.0371991044 -0.06396517 0 0.862745 0.862745
v 0.00507821751 0.0370909583 -0.0655084703 0 0.862745 0.862745
v 0.0044906889 0.0369811154 -0.0670480288 1 0.470588 0
v 0.00389589468 0.036881335 -0.068585478 1 0.470588 0
v 0.00328755606 0.0367792893 -0.0701174422 1 0.470588 0
v 0.00266632982 0.0366806371 -0.0716444501 1 0.470588 0
v 0.0020334391 0.0365846882 -0.0731668616 1 0.470588 0
v 0.00139296978 0.0364940169 -0.074686431 1 0.470588 0
v 0.000750768429 0.0364020708 -0.076205188 1 0.470588 0
v 0.000102450796 0.0363114972 -0.0777214112 1 0.470588 0
v -0.000553529717 0.0362259216 -0.0792346432 0.470588 1 0
v -0.00121542029 0.036130798 -0.0807447336 0.470588 1 0
v -0.00186835309 0.0360416763 -0.0822590692 0.470588 1 0
v -0.00251577989 0.0359504485 -0.0837756454 0.470588 1 0
v -0.00316509803 0.0358660915 -0.0852917885 0.470588 1 0
v -0.00381895326 0.0357914249 -0.0868065171 0.470588 1 0
v -0.00447528458 0.0357167339 -0.0883201686 0.470588 1 0
v -0.00514098649 0.035650539 -0.0898301124 0.470588 1 0
v -0.00581771486 0.0355804752 -0.0913349569 1 0 0.705882
v -0.006500079 0.0355089472 -0.0928372079 1 0 0.705882
v -0.00717886177 0.0354426777 -0.0943413245 1 0 0.705882
v -0.00787125731 0.0353704764 -0.0958389529 1 0 0.705882
v -0.00856316383 0.0353045677 -0.097337094 1 0 0.705882
v -0.00926593949 0.0352370785 -0.0988300667 1 0 0.705882
v -0.00997506963 0.0351728821 -0.100320204 1 0 0.705882
v -0.0106886288 0.035115593 -0.10180849 1 0 0.705882
v -0.0114129117 0.0350637363 -0.103291811 0.313725 0.313725 1
v -0.0121353406 0.0350167519 -0.104776197 0.313725 0.313725 1
v -0.0128604315 0.0349724875 -0.106259364 0.313725 0.313725 1
v -0.0135893656 0.0349314417 -0.107740746 0.313725 0.313725 1
v -0.0143332602 0.0348928641 -0.109214698 0.313725 0.313725 1
v -0.0150926205 0.0348560624 -0.110680801 0.313725 0.313725 1
v -0.0158610754 0.034822108 -0.112142254 0.313725 0.313725 1
v -0.0166233013 0.0347909543 -0.113607027 0.313725 0.313725 1
v -0.0173819058 0.0347594244 -0.115073671 0.705882 0.470588 0.156863
v -0.0181347655 0.034730475 -0.116543317 0.705882 0.470588 0.156863
v -0.0188955319 0.034705984 -0.118008959 0.705882 0.470588 0.156863
v -0.0196759654 0.0346914749 -0.119464367 0.705882 0.470588 0.156863
v -0.0204569791 0.0346822234 -0.120919506 0.705882 0.470588 0.156863
v -0.0212392378 0.0346765342 -0.122373997 0.705882 0.470588 0.156863
v -0.0220297789 0.0346771166 -0.123824018 0.705882 0.470588 0.156863
v -0.0228266636 0.0346828885 -0.125270544 0.705882 0.470588 0.156863
v -0.0236278651 0.0346955189 -0.126714648 0.470588 0.470588 0.470588
v -0.0244366046 0.0347076833 -0.128154546 0.470588 0.470588 0.470588
v -0.0252456857 0.0347181466 -0.129594266 0.470588 0.470588 0.470588
v -0.0260520694 0.0347301617 -0.131035488 0.470588 0.470588 0.470588
v -0.0268613567 0.0347392525 -0.1324751 0.470588 0.470588 0.470588
v -0.0276799208 0.0347499379 -0.133909421 0.470588 0.470588 0.470588
v -0.0285129331 0.0347632263 -0.135335333 0.470588 0.470588 0.470588
v -0.0293642476 0.0347817724 -0.136750409 0.470588 0.470588 0.470588
v -0.0302226594 0.0348118379 -0.138160992 1 0 0
v -0.0310800475 0.0348470106 -0.139572075 1 0 0
v -0.0319428235 0.0348877003 -0.140979706 1 0 0
v -0.0328149821 0.0349312875 -0.142381452 1 0 0
v -0.0337001814 0.0349736841 -0.14377506 1 0 0
v -0.0345867173 0.0350169601 -0.145167792 1 0 0
v -0.0354814679 0.0350566243 -0.146555343 1 0 0
v -0.0363843748 0.0350989799 -0.147937537 1 0 0
v -0.0372935575 0.0351430063 -0.149315566 0 1 0
v -0.0382055632 0.0351934981 -0.150691508 0 1 0
v -0.0391146123 0.0352533434 -0.152069023 0 1 0
v -0.0400261774 0.0353268943 -0.153444184 0 1 0
v -0.0409415026 0.0354100732 -0.154816312 0 0.501961 1
v 0.023248015 0.0408814085 -0.0136264211 0 1 0
v 0.0228346384 0.0407587983 -0.0152137317 0 1 0
v 0.0224091489 0.0406315665 -0.016797475 0 1 0
v 0.021975689 0.0405029604 -0.0183789506 0 1 0
v 0.0215361768 0.0403742251 -0.0199587319 0 0.501961 1
v 0.021084809 0.0402452261 -0.0215351626 0 0.501961 1
v 0.0206335233 0.0401167774 -0.0231116598 0 0.501961 1
v 0.0201828541 0.0399861933 -0.0246881591 0 0.501961 1
v 0.0197321212 0.0398542342 -0.0262645255 0 0.501961 1
v 0.0192784119 0.0397211399 -0.0278399273 0 0.501961 1
v 0.018820912 0.039593996 -0.0294147332 1 0.784314 0
v 0.0183594356 0.0394671911 -0.030988413 1 0.784314 0
v 0.0178984006 0.0393399104 -0.0325621808 1 0.784314 0
v 0.0174332789 0.039213476 -0.034134805 1 0.784314 0
v 0.0169617591 0.0390887627 -0.0357056691 1 0.784314 0
v 0.0164927723 0.0389630718 -0.0372772152 1 0.784314 0
v 0.0160269011 0.0388406855 -0.0388499393 1 0.784314 0
v 0.0155652668 0.0387177312 -0.0404238783 1 0.784314 0
v 0.0150855548 0.0385970795 -0.0419925593 0.705882 0 1
v 0.0145994863 0.0384783887 -0.0435594489 0.705882 0 1
v 0.0141103367 0.0383629184 -0.0451256222 0.705882 0 1
v 0.0136211648 0.0382492755 -0.0466919226 0.705882 0 1
v 0.0131258154 0.0381395814 -0.0482565538 0.705882 0 1
v 0.0126232793 0.0380305178 -0.0498189395 0.705882 0 1
v 0.0121167282 0.0379208421 -0.0513799908 0.705882 0 1
v 0.0116122993 0.037813732 -0.0529419078 0.705882 0 1
v 0.0111076067 0.0377075959 -0.0545038065 0 0.862745 0.862745
v 0.0105914961 0.0375970775 -0.0560616505 0 0.862745 0.862745
v 0.0100620193 0.037493587 -0.057615478 0 0.862745 0.862745
v 0.00951855435 0.0373884867 -0.0591643478 0 0.862745 0.862745
v 0.00896429793 0.0372896205 -0.0607098339 0 0.862745 0.862745
v 0.00840486811 0.0371861369 -0.0622531511 0 0.862745 0.862745
v 0.00784261138 0.037080847 -0.0637953124 0 0.862745 0.862745
v 0.0072743816 0.0369777606 -0.0653354403 0 0.862745 0.862745
v 0.00669245795 0.0368766927 -0.0668705638 1 0.470588 0
v 0.00610541557 0.0367791742 -0.068403972 1 0.470588 0
v 0.00551050412 0.0366807988 -0.069934277 1 0.470588 0
v 0.00489850174 0.0365863763 -0.0714580991 1 0.470588 0
v 0.00427230105 0.0364939381 -0.0729762411 1 0.470588 0
v 0.00363890237 0.0364025461 -0.0744914697 1 0.470588 0
v 0.00300140583 0.0363153191 -0.0760052359 1 0.470588 0
v 0.00236155951 0.0362216638 -0.0775176292 1 0.470588 0
v 0.00171156295 0.0361366811 -0.0790261855 0.470588 1 0
v 0.00105595991 0.0360503741 -0.0805322453 0.470588 1 0
v 0.000396359717 0.0359572999 -0.082036163 0.470588 1 0
v -0.000249647742 0.0358690132 -0.0835462494 0.470588 1 0
v -0.000894226018 0.0357798871 -0.0850568981 0.470588 1 0
v -0.00154231535 0.0356998091 -0.0865665148 0.470588 1 0
v -0.00219457075 0.0356295611 -0.0880748686 0.470588 1 0
v -0.00284873618 0.0355579924 -0.0895823264 0.470588 1 0
v -0.0035136366 0.0354959452 -0.0910855111 1 0 0.705882
v -0.00419286329 0.0354241038 -0.0925818293 1 0 0.705882
v -0.00486984198 0.0353583867 -0.0940794441 1 0 0.705882
v -0.00555006621 0.0352908231 -0.0955754876 1 0 0.705882
v -0.00623980005 0.0352236383 -0.0970672108 1 0 0.705882
v -0.00692970933 0.0351575086 -0.0985588951 1 0 0.705882
v -0.0076311204 0.035094651 -0.100045336 1 0 0.705882
v -0.00833962525 0.0350352358 -0.101528556 1 0 0.705882
v -0.00905236318 0.0349766045 -0.10300978 0.313725 0.313725 1
v -0.00977100496 0.0349275781 -0.104488515 0.313725 0.313725 1
v -0.0104910285 0.0348818038 -0.105966675 0.313725 0.313725 1
v -0.0112179864 0.03484195 -0.107441616 0.313725 0.313725 1
v -0.0119449678 0.0348016133 -0.108916532 0.313725 0.313725 1
v -0.0126856796 0.0347638791 -0.110384607 0.313725 0.313725 1
v -0.013446916 0.0347291201 -0.11184228 0.313725 0.313725 1
v -0.0142116773 0.0347000881 -0.113298235 0.313725 0.313725 1
v -0.0149708455 0.0346710506 -0.11475711 0.705882 0.470588 0.156863
v -0.0157221398 0.0346416896 -0.116220048 0.705882 0.470588 0.156863
v -0.0164724719 0.0346099741 -0.11768342 0.705882 0.470588 0.156863
v -0.0172401406 0.0345891545 -0.119137985 0.705882 0.470588 0.156863
v -0.0180128753 0.0345750798 -0.12058993 0.705882 0.470588 0.156863
v -0.018789434 0.0345637526 -0.122039862 0.705882 0.470588 0.156863
v -0.0195721021 0.0345575668 -0.123486547 0.705882 0.470588 0.156863
v -0.0203607247 0.0345604399 -0.124930003 0.705882 0.470588 0.156863
v -0.0211539062 0.0345688811 -0.126370897 0.470588 0.470588 0.470588
v -0.0219522559 0.034577895 -0.12780897 0.470588 0.470588 0.470588
v -0.0227562145 0.0345908553 -0.129243887 0.470588 0.470588 0.470588
v -0.0235628352 0.0346015294 -0.130677329 0.470588 0.470588 0.470588
v -0.024369023 0.0346097983 -0.132111029 0.470588 0.470588 0.470588
v -0.0251751045 0.0346135657 -0.133544807 0.470588 0.470588 0.470588
v -0.025989729 0.0346195123 -0.134973702 0.470588 0.470588 0.470588
v -0.0268195916 0.0346319524 -0.136393735 0.470588 0.470588 0.470588
v -0.0276680089 0.0346477587 -0.137802792 1 0 0
v -0.0285230782 0.034678109 -0.139207585 1 0 0
v -0.0293773182 0.0347110819 -0.140612817 1 0 0
v -0.0302362862 0.0347479284 -0.142015054 1 0 0
v -0.0311039378 0.0347890348 -0.143411815 1 0 0
v -0.0319872117 0.0348239477 -0.144798939 1 0 0
v -0.0328705288 0.0348623671 -0.146185943 1 0 0
v -0.0337610775 0.0348987674 -0.147568343 1 0 0
v -0.034660867 0.0349346984 -0.148944766 0 1 0
v -0.0355684306 0.0349778573 -0.150315884 0 1 0
v -0.0364735936 0.035021118 -0.151688588 0 1 0
v -0.0373798142 0.0350784946 -0.153060053 0 1 0
v -0.03828784 0.0351433021 -0.154429986 0 1 0
v -0.0391999211 0.0352197122 -0.155796622 0 1 0
v -0.0401110285 0.0353086532 -0.157163179 0 0.501961 1
v 0.0252871021 0.0405912645 -0.0136265118 0 1 0
v 0.0248760743 0.0404711584 -0.0152061295 0 1 0
v 0.0244597462 0.0403550011 -0.0167846637 0 1 0
v 0.024030294 0.040236432 -0.0183594919 0 1 0
v 0.0235932351 0.0401168955 -0.0199321565 0 0.501961 1
v 0.023149731 0.0399963325 -0.021502944 0 0.501961 1
v 0.0227003357 0.0398699678 -0.0230715996 0 0.501961 1
v 0.0222518587 0.0397437885 -0.0246405232 0 0.501961 1
v 0.0218041631 0.0396181992 -0.0262097112 0 0.501961 1
v 0.0213556348 0.0394865803 -0.0277781775 0 0.501961 1
v 0.0209041611 0.0393638847 -0.0293465159 1 0.784314 0
v 0.0204444698 0.0392450017 -0.0309127641 1 0.784314 0
v 0.0199845581 0.0391259464 -0.0324789427 1 0.784314 0
v 0.0195247995 0.0390048571 -0.0340450074 1 0.784314 0
v 0.0190587046 0.0388816693 -0.0356090264 1 0.784314 0
v 0.0185928735 0.0387614391 -0.0371733648 1 0.784314 0
v 0.0181276468 0.0386436984 -0.0387380709 1 0.784314 0
v 0.0176631971 0.0385265697 -0.040303054 1 0.784314 0
v 0.0171986961 0.0384061869 -0.0418677761 0.705882 0 1
v 0.0167194621 0.0382868191 -0.0434280918 0.705882 0 1
v 0.0162330753 0.0381729484 -0.0449866238 0.705882 0 1
v 0.0157459852 0.0380602612 -0.0465450344 0.705882 0 1
v 0.0152574232 0.0379485926 -0.0481030534 0.705882 0 1
v 0.0147642317 0.037841862 -0.0496599612 0.705882 0 1
v 0.0142628495 0.0377349859 -0.0512142367 0.705882 0 1
v 0.0137593329 0.0376305539 -0.0527679957 0.705882 0 1
v 0.013253277 0.0375279075 -0.0543210483 0 0.862745 0.862745
v 0.012745968 0.0374254042 -0.0558737038 0 0.862745 0.862745
v 0.0122273374 0.0373234386 -0.0574226057 0 0.862745 0.862745
v 0.0116974291 0.0372190807 -0.0589675617 0 0.862745 0.862745
v 0.0111538727 0.0371240678 -0.0605083694 0 0.862745 0.862745
v 0.0105974165 0.03702691 -0.0620444329 0 0.862745 0.862745
v 0.0100389423 0.0369288512 -0.0635797154 0 0.862745 0.862745
v 0.00947756448 0.0368287184 -0.0651138032 0 0.862745 0.862745
v 0.00890748843 0.0367335858 -0.0666449995 1 0.470588 0
v 0.00832772953 0.0366422154 -0.0681727831 1 0.470588 0
v 0.00774056642 0.0365481336 -0.0696975596 1 0.470588 0
v 0.00714084672 0.0364557651 -0.0712175185 1 0.470588 0
v 0.00652856882 0.0363679552 -0.0727327549 1 0.470588 0
v 0.00590254212 0.0362752149 -0.0742420919 1 0.470588 0
v 0.00526987314 0.036190199 -0.0757491073 1 0.470588 0
v 0.00463525835 0.0361021433 -0.0772551288 1 0.470588 0
v 0.00399768472 0.0360112985 -0.0787597279 0.470588 1 0
v 0.0033486231 0.0359250912 -0.0802596897 0.470588 1 0
v 0.00269388788 0.0358373219 -0.0817570907 0.470588 1 0
v 0.0020410464 0.0357480285 -0.0832552103 0.470588 1 0
v 0.0013982279 0.0356610683 -0.084757814 0.470588 1 0
v 0.000758090097 0.0355779531 -0.0862617799 0.470588 1 0
v 0.000111663471 0.0355014252 -0.0877633719 0.470588 1 0
v -0.000539016874 0.0354311315 -0.0892634558 0.470588 1 0
v -0.00119060584 0.0353644578 -0.0907633207 1 0 0.705882
v -0.00185654276 0.0352991411 -0.0922568849 1 0 0.705882
v -0.0025324628 0.0352355709 -0.0937460727 1 0 0.705882
v -0.00320509005 0.0351689889 -0.0952366148 1 0 0.705882
v -0.00388524024 0.0351050559 -0.0967238353 1 0 0.705882
v -0.00457156485 0.0350444311 -0.0982083804 1 0 0.705882
v -0.00525910418 0.0349749896 -0.0996919828 1 0 0.705882
v -0.00595831578 0.0349207474 -0.101170746 1 0 0.705882
v -0.00666158516 0.0348639308 -0.102647479 0.313725 0.313725 1
v -0.00737549517 0.0348057023 -0.10411903 0.313725 0.313725 1
v -0.00809294767 0.0347554395 -0.105589171 0.313725 0.313725 1
v -0.00880797447 0.0347076115 -0.107060584 0.313725 0.313725 1
v -0.00953092465 0.0346716388 -0.108528454 0.313725 0.313725 1
v -0.0102555176 0.0346359197 -0.109995509 0.313725 0.313725 1
v -0.0109924029 0.0345938532 -0.111456218 0.313725 0.313725 1
v -0.0117523604 0.0345662173 -0.112905457 0.313725 0.313725 1
v -0.0125127688 0.0345425305 -0.114354534 0.705882 0.470588 0.156863
v -0.0132667427 0.0345191637 -0.115806968 0.705882 0.470588 0.156863
v -0.0140158258 0.0344917202 -0.117261854 0.705882 0.470588 0.156863
v -0.0147653297 0.0344623352 -0.118716497 0.705882 0.470588 0.156863
v -0.0155249582 0.0344414549 -0.120165997 0.705882 0.470588 0.156863
v -0.0162928457 0.0344227838 -0.121611172 0.705882 0.470588 0.156863
v -0.0170702089 0.03441173 -0.123051376 0.705882 0.470588 0.156863
v -0.0178493044 0.0344105397 -0.124490685 0.705882 0.470588 0.156863
v -0.0186322243 0.0344175103 -0.125927892 0.470588 0.470588 0.470588
v -0.0194219471 0.0344223002 -0.127361378 0.470588 0.470588 0.470588
v -0.020217017 0.0344296324 -0.128791886 0.470588 0.470588 0.470588
v -0.0210164434 0.0344425385 -0.130219936 0.470588 0.470588 0.470588
v -0.0218177817 0.0344514916 -0.131646955 0.470588 0.470588 0.470588
v -0.0226199029 0.0344532357 -0.133073559 0.470588 0.470588 0.470588
v -0.0234224456 0.0344557615 -0.134499923 0.470588 0.470588 0.470588
v -0.0242336931 0.0344630023 -0.135921303 0.470588 0.470588 0.470588
v -0.025058788 0.0344764902 -0.13733461 1 0 0
v -0.0259018876 0.0344893542 -0.13873733 1 0 0
v -0.0267527953 0.0345197782 -0.140135048 1 0 0
v -0.0276031041 0.0345510922 -0.141533099 1 0 0
v -0.0284569307 0.0345805692 -0.14292904 1 0 0
v -0.0293180634 0.0346153634 -0.144320381 1 0 0
v -0.0301976196 0.034645836 -0.14570024 1 0 0
v -0.0310779625 0.0346756634 -0.147079625 1 0 0
v -0.0319624099 0.0347072869 -0.148456307 0 1 0
v -0.0328565497 0.0347407901 -0.149826699 0 1 0
v -0.0337586613 0.0347842514 -0.151191577 0 1 0
v -0.0346624029 0.0348289546 -0.152555336 0 1 0
v -0.035565389 0.0348755081 -0.153919524 0 1 0
v -0.0364648698 0.0349252724 -0.15528593 0 1 0
v -0.037373275 0.0349965492 -0.156645433 0 1 0
v -0.0382815516 0.0350780071 -0.158004448 0 1 0
v -0.0391841467 0.0351656839 -0.159366887 0 0.501961 1
v 0.027319253 0.0402333147 -0.0136266781 0 1 0
v 0.026900127 0.0401239984 -0.0152316203 0 1 0
v 0.0264774541 0.0400133202 -0.0168355223 0 1 0
v 0.0260475507 0.0399012265 -0.0184374343 0 1 0
v 0.0256081876 0.039789117 -0.0200367677 0 0.501961 1
v 0.0251612292 0.039671906 -0.0216336255 0 0.501961 1
v 0.0247054433 0.0395524172 -0.0232278283 0 0.501961 1
v 0.0242496841 0.0394277389 -0.0248216374 0 0.501961 1
v 0.023797973 0.0393094267 -0.0264170448 0 0.501961 1
v 0.0233429141 0.039189084 -0.0280113877 0 0.501961 1
v 0.0228851091 0.0390733986 -0.0296052929 1 0.784314 0
v 0.0224204688 0.0389535775 -0.0311969015 1 0.784314 0
v 0.0219539816 0.0388352335 -0.032788092 1 0.784314 0
v 0.0214876512 0.0387170609 -0.0343793401 1 0.784314 0
v 0.0210140127 0.038594155 -0.0359680702 1 0.784314 0
v 0.0205425004 0.0384780185 -0.0375579402 1 0.784314 0
v 0.0200736253 0.0383728027 -0.0391493426 1 0.784314 0
v 0.0196063736 0.0382599556 -0.0407406979 1 0.784314 0
v 0.0191334236 0.0381411252 -0.0423299083 0.705882 0 1
v 0.0186424601 0.0380204464 -0.0439135419 0.705882 0 1
v 0.0181491508 0.0379023204 -0.0454966353 0.705882 0 1
v 0.0176540542 0.0377876411 -0.0470794207 0.705882 0 1
v 0.0171576625 0.0376820615 -0.0486624407 0.705882 0 1
v 0.0166539874 0.0375661738 -0.0502424277 0.705882 0 1
v 0.0161478893 0.0374592692 -0.051822254 0.705882 0 1
v 0.0156386736 0.0373583959 -0.0534015018 0.705882 0 1
v 0.0151241456 0.037258595 -0.0549790964 0 0.862745 0.862745
v 0.0146091224 0.0371566488 -0.0565563836 0 0.862745 0.862745
v 0.014081997 0.0370538836 -0.0581295948 0 0.862745 0.862745
v 0.0135424036 0.0369572854 -0.059698953 0 0.862745 0.862745
v 0.0129916646 0.0368608907 -0.0612644568 0 0.862745 0.862745
v 0.01242575 0.0367742403 -0.062825127 0 0.862745 0.862745
v 0.0118584701 0.036673419 -0.0643844638 0 0.862745 0.862745
v 0.0112890419 0.0365739792 -0.0659431063 0 0.862745 0.862745
v 0.0107089268 0.0364821255 -0.0674982461 1 0.470588 0
v 0.0101206929 0.0363967722 -0.0690507254 1 0.470588 0
v 0.00952282379 0.0363018324 -0.0705989605 1 0.470588 0
v 0.00891107698 0.0362160999 -0.0721422699 1 0.470588 0
v 0.00828667106 0.0361305591 -0.0736805127 1 0.470588 0
v 0.00765090578 0.0360411004 -0.0752139064 1 0.470588 0
v 0.00700741227 0.0359590463 -0.0767444903 1 0.470588 0
v 0.0063634354 0.0358695774 -0.0782744528 1 0.470588 0
v 0.00571589552 0.0357794753 -0.0798028714 0.470588 1 0
v 0.00505735445 0.035687473 -0.0813264677 0.470588 1 0
v 0.00438920165 0.0356036043 -0.0828463499 0.470588 1 0
v 0.00372841261 0.0355160021 -0.08436921 0.470588 1 0
v 0.00307490598 0.0354260369 -0.0858950949 0.470588 1 0
v 0.00242500348 0.0353468412 -0.0874231193 0.470588 1 0
v 0.00176859599 0.0352713549 -0.0889485259 0.470588 1 0
v 0.00110797306 0.0351984314 -0.0904722492 0.470588 1 0
v 0.000440744666 0.0351295979 -0.0919932867 1 0 0.705882
v -0.000240343301 0.0350674832 -0.0935084347 1 0 0.705882
v -0.000925407816 0.035005808 -0.0950218311 1 0 0.705882
v -0.00160880933 0.0349381092 -0.0965357279 1 0 0.705882
v -0.00230372041 0.0348783456 -0.0980447012 1 0 0.705882
v -0.00300154419 0.0348143176 -0.0995521575 1 0 0.705882
v -0.00370374169 0.0347496087 -0.101057533 1 0 0.705882
v -0.00441604376 0.0346958842 -0.102558614 1 0 0.705882
v -0.00513333445 0.0346383217 -0.104057172 0.313725 0.313725 1
v -0.00585911358 0.0345822515 -0.105551679 0.313725 0.313725 1
v -0.00658423898 0.0345308793 -0.10704668 0.313725 0.313725 1
v -0.00731628154 0.0344855873 -0.108538506 0.313725 0.313725 1
v -0.0080520633 0.0344504327 -0.110028772 0.313725 0.313725 1
v -0.00879343515 0.0344105981 -0.111516139 0.313725 0.313725 1
v -0.0095507072 0.0343784514 -0.112995544 0.313725 0.313725 1
v -0.010324906 0.0343529443 -0.114466416 0.313725 0.313725 1
v -0.0110943095 0.0343318593 -0.115939861 0.705882 0.470588 0.156863
v -0.0118582669 0.0343042633 -0.117416027 0.705882 0.470588 0.156863
v -0.0126184002 0.0342752614 -0.118894153 0.705882 0.470588 0.156863
v -0.0133800251 0.0342476376 -0.120371535 0.705882 0.470588 0.156863
v -0.0141596673 0.0342289852 -0.121839575 0.705882 0.470588 0.156863
v -0.0149472307 0.0342182415 -0.123303509 0.705882 0.470588 0.156863
v -0.0157338181 0.0342151686 -0.124768013 0.705882 0.470588 0.156863
v -0.0165276866 0.0342180335 -0.126228583 0.705882 0.470588 0.156863
v -0.0173263692 0.0342225685 -0.127686489 0.470588 0.470588 0.470588
v -0.0181318158 0.0342296734 -0.129140677 0.470588 0.470588 0.470588
v -0.0189441894 0.0342438589 -0.130590963 0.470588 0.470588 0.470588
v -0.0197574249 0.0342497017 -0.132040828 0.470588 0.470588 0.470588
v -0.020570001 0.034258046 -0.133491053 0.470588 0.470588 0.470588
v -0.0213843291 0.0342597846 -0.134940312 0.470588 0.470588 0.470588
v -0.022204013 0.0342643483 -0.136386516 0.470588 0.470588 0.470588
v -0.0230342282 0.034273114 -0.137826696 0.470588 0.470588 0.470588
v -0.0238880954 0.0342922443 -0.139252882 1 0 0
v -0.0247495485 0.0343144051 -0.140674411 1 0 0
v -0.0256148054 0.0343384291 -0.14209364 1 0 0
v -0.0264788205 0.0343662029 -0.14351355 1 0 0
v -0.0273565963 0.0343903175 -0.144925076 1 0 0
v -0.0282422715 0.0344189928 -0.146331543 1 0 0
v -0.0291364792 0.0344441313 -0.147732708 1 0 0
v -0.0300322376 0.0344695505 -0.149132877 1 0 0
v -0.0309391917 0.0345078593 -0.15052549 0 1 0
v -0.0318545602 0.034546113 -0.151912591 0 1 0
v -0.0327733899 0.0345897003 -0.153297271 0 1 0
v -0.0336866365 0.0346329673 -0.154685651 0 1 0
v -0.034601967 0.0346815811 -0.156072467 0 1 0
v -0.0355253228 0.0347356153 -0.157453744 0 1 0
v -0.0364490235 0.0348058341 -0.158834076 0 1 0
v -0.0373678084 0.0348855852 -0.16021713 0 1 0
v -0.0382803537 0.0349781187 -0.161603565 0 0.501961 1
v 0.0293241738 0.0397920859 -0.0136267 0 1 0
v 0.0289113999 0.0396966355 -0.0152271099 0 1 0
v 0.0284952983 0.0395993787 -0.0168265342 0 1 0
v 0.0280754872 0.0395003019 -0.01842488 0 1 0
v 0.027639202 0.0393909447 -0.0200181422 0 1 0
v 0.0271954024 0.039276092 -0.0216089363 0 1 0
v 0.0267459682 0.0391580017 -0.0231979146 0 0.501961 1
v 0.0262949261 0.0390532381 -0.0247873698 0 0.501961 1
v 0.0258461011 0.0389426778 -0.0263770358 0 0.501961 1
v 0.0253985594 0.0388309108 -0.0279669902 0 0.501961 1
v 0.0249435752 0.0387277758 -0.0295554251 0 0.501961 1
v 0.0244835208 0.0386136173 -0.0311416471 0 0.501961 1
v 0.0240198495 0.0385029776 -0.0327270626 1 0.784314 0
v 0.0235583547 0.0383939779 -0.0343132327 1 0.784314 0
v 0.0230924386 0.0382801632 -0.0358977295 1 0.784314 0
v 0.0226182324 0.0381645579 -0.0374796283 1 0.784314 0
v 0.0221497188 0.0380614507 -0.0390641336 1 0.784314 0
v 0.0216811783 0.0379514484 -0.040648146 1 0.784314 0
v 0.0212131872 0.0378392201 -0.0422321832 1 0.784314 0
v 0.0207396448 0.0377277872 -0.0438146011 1 0.784314 0
v 0.0202486853 0.0376202777 -0.0453920009 0.705882 0 1
v 0.0197564454 0.0375091809 -0.0469687202 0.705882 0 1
v 0.0192638199 0.0374067881 -0.0485459109 0.705882 0 1
v 0.0187648401 0.037298812 -0.0501207272 0.705882 0 1
v 0.0182615932 0.0371884029 -0.0516940407 0.705882 0 1
v 0.0177534623 0.037091316 -0.0532666754 0.705882 0 1
v 0.0172463154 0.0369937831 -0.0548396004 0.705882 0 1
v 0.0167409304 0.0368945129 -0.0564129841 0.705882 0 1
v 0.0162182507 0.0367956301 -0.0579807035 0 0.862745 0.862745
v 0.0156879315 0.036700405 -0.0595460842 0 0.862745 0.862745
v 0.0151439685 0.0366065594 -0.061106886 0 0.862745 0.862745
v 0.0145887921 0.0365212141 -0.0626641934 0 0.862745 0.862745
v 0.0140268644 0.0364309316 -0.0642188022 0 0.862745 0.862745
v 0.0134619403 0.0363339848 -0.065771944 0 0.862745 0.862745
v 0.0128906789 0.036238478 -0.0673228548 0 0.862745 0.862745
v 0.0123086326 0.0361621291 -0.0688708028 0 0.862745 0.862745
v 0.0117183073 0.0360767757 -0.0704151347 1 0.470588 0
v 0.0111193294 0.035989652 -0.0719560254 1 0.470588 0
v 0.0105059696 0.0359126292 -0.0734918025 1 0.470588 0
v 0.00987744083 0.0358321567 -0.0750212505 1 0.470588 0
v 0.00924218612 0.035753656 -0.0765480328 1 0.470588 0
v 0.00860173998 0.0356750351 -0.0780726391 1 0.470588 0
v 0.00795960814 0.0355853756 -0.0795959344 1 0.470588 0
v 0.00731133928 0.0354962864 -0.0811166589 1 0.470588 0
v 0.0066518075 0.0354107496 -0.0826327265 0.470588 1 0
v 0.0059859986 0.0353268476 -0.0841461458 0.470588 1 0
v 0.00533305766 0.0352401856 -0.0856649972 0.470588 1 0
v 0.00468371876 0.0351569263 -0.0871855793 0.470588 1 0
v 0.00403639073 0.0350777836 -0.0887072491 0.470588 1 0
v 0.00338005395 0.0350053029 -0.0902253862 0.470588 1 0
v 0.00271931834 0.0349352116 -0.0917417248 0.470588 1 0
v 0.00205218187 0.0348692881 -0.093255453 0.470588 1 0
v 0.00137066563 0.0348092017 -0.0947629909 1 0 0.705882
v 0.000689085189 0.0347469257 -0.0962704258 1 0 0.705882
v 6.98886808e-06 0.0346818889 -0.0977775014 1 0 0.705882
v -0.000685726331 0.0346236662 -0.0992800104 1 0 0.705882
v -0.00138122675 0.0345629513 -0.100781142 1 0 0.705882
v -0.00208545191 0.0345026222 -0.102278186 1 0 0.705882
v -0.00279755151 0.0344420082 -0.103771519 1 0 0.705882
v -0.00351460289 0.0343855843 -0.105262641 1 0 0.705882
v -0.00423326313 0.0343313769 -0.106753071 0.313725 0.313725 1
v -0.00495629276 0.0342811334 -0.108241522 0.313725 0.313725 1
v -0.00568732344 0.034240232 -0.109726353 0.313725 0.313725 1
v -0.00642155747 0.0341993592 -0.111209598 0.313725 0.313725 1
v -0.00715846383 0.0341633675 -0.112691645 0.313725 0.313725 1
v -0.00792137938 0.0341317691 -0.114160507 0.313725 0.313725 1
v -0.00869085362 0.0341059479 -0.115626118 0.313725 0.313725 1
v -0.00945682845 0.0340779383 -0.117093525 0.313725 0.313725 1
v -0.0102165829 0.0340500056 -0.118564164 0.705882 0.470588 0.156863
v -0.0109697935 0.0340198928 -0.120038127 0.705882 0.470588 0.156863
v -0.0117368345 0.0339964428 -0.121505033 0.705882 0.470588 0.156863
v -0.0125143618 0.0339800973 -0.122966511 0.705882 0.470588 0.156863
v -0.0132944361 0.03397092 -0.124426718 0.705882 0.470588 0.156863
v -0.0140803838 0.0339723682 -0.125883791 0.705882 0.470588 0.156863
v -0.0148715094 0.0339752183 -0.127338063 0.705882 0.470588 0.156863
v -0.0156675447 0.0339779483 -0.128789631 0.705882 0.470588 0.156863
v -0.0164687851 0.0339905092 -0.130238301 0.470588 0.470588 0.470588
v -0.0172794499 0.0339939703 -0.131681765 0.470588 0.470588 0.470588
v -0.0180905546 0.0340012922 -0.133124964 0.470588 0.470588 0.470588
v -0.0189010182 0.034012686 -0.134568501 0.470588 0.470588 0.470588
v -0.019710604 0.0340179732 -0.136012564 0.470588 0.470588 0.470588
v -0.0205257703 0.0340276241 -0.137453444 0.470588 0.470588 0.470588
v -0.0213561266 0.0340340651 -0.138885611 0.470588 0.470588 0.470588
v -0.0222030218 0.0340490852 -0.140308055 0.470588 0.470588 0.470588
v -0.0230631118 0.0340678213 -0.141722474 1 0 0
v -0.0239260454 0.0340874302 -0.143135179 1 0 0
v -0.0247862623 0.0341141009 -0.144549426 1 0 0
v -0.025660782 0.0341314268 -0.145955016 1 0 0
v -0.0265453422 0.0341498467 -0.147354292 1 0 0
v -0.0274350645 0.0341749061 -0.148750196 1 0 0
v -0.0283261786 0.0342013228 -0.150145177 1 0 0
v -0.029228462 0.0342322877 -0.15153284 1 0 0
v -0.0301417126 0.034265572 -0.152913286 0 1 0
v -0.0310550333 0.0343053226 -0.154293517 0 1 0
v -0.031966589 0.0343478188 -0.155674837 0 1 0
v -0.0328799887 0.0343889321 -0.157054988 0 1 0
v -0.033799903 0.0344379664 -0.158430525 0 1 0
v -0.0347204791 0.0344914689 -0.159805426 0 1 0
v -0.0356368165 0.0345659511 -0.161182216 0 1 0
v -0.0365467201 0.034652244 -0.162562558 0 1 0
v -0.0374468642 0.03474968 -0.163948578 0 0.501961 1
v 0.0313036594 0.0392611915 -0.0136265228 0 0.862745 0.862745
v 0.0308946748 0.0391628839 -0.0152229885 0 0.862745 0.862745
v 0.0304838185 0.0390702219 -0.0168192538 0 0.862745 0.862745
v 0.030069643 0.0389837743 -0.0184150355 0 0.862745 0.862745
v 0.0296426352 0.0388888837 -0.0200069793 0 0.862745 0.862745
v 0.0292106259 0.0387853029 -0.0215969853 0 0.862745 0.862745
v 0.0287613785 0.0386780042 -0.0231819956 1 0.470588 0
v 0.0283145323 0.0385849846 -0.0247685412 1 0.470588 0
v 0.0278683398 0.0384891033 -0.0263550803 1 0.470588 0
v 0.0274208391 0.0383835424 -0.0279406886 1 0.470588 0
v 0.0269711926 0.0382834298 -0.0295260607 1 0.470588 0
v 0.026517638 0.0381827185 -0.0311102633 1 0.470588 0
v 0.0260543489 0.0380695335 -0.032690829 0.470588 1 0
v 0.025595386 0.0379684393 -0.0342734614 0.470588 1 0
v 0.0251336799 0.0378667892 -0.0358552589 0.470588 1 0
v 0.0246661363 0.0377624659 -0.0374351728 0.470588 1 0
v 0.0242001154 0.0376674465 -0.0390161141 0.470588 1 0
v 0.0237315919 0.0375579416 -0.0405953527 0.470588 1 0
v 0.0232677052 0.0374497145 -0.0421759922 0.470588 1 0
v 0.0228006508 0.037345739 -0.0437560435 0.470588 1 0
v 0.0223163787 0.0372463867 -0.0453312371 1 0 0.705882
v 0.0218286715 0.037151366 -0.0469056186 1 0 0.705882
v 0.021340057 0.0370559365 -0.0484796825 1 0 0.705882
v 0.0208467989 0.0369470645 -0.0500514238 1 0 0.705882
v 0.0203510616 0.0368529606 -0.051623335 1 0 0.705882
v 0.0198425732 0.0367562354 -0.0531910444 1 0 0.705882
v 0.0193368807 0.0366637283 -0.054759908 1 0 0.705882
v 0.0188304195 0.036569466 -0.0563284238 1 0 0.705882
v 0.0183216131 0.0364741275 -0.057896117 0.313725 0.313725 1
v 0.017794454 0.0363721568 -0.0594572801 0.313725 0.313725 1
v 0.0172593389 0.0362857068 -0.0610166005 0.313725 0.313725 1
v 0.016713915 0.0362013761 -0.0625725374 0.313725 0.313725 1
v 0.0161572862 0.036120658 -0.0641246897 0.313725 0.313725 1
v 0.0155963295 0.0360259185 -0.0656745102 0.313725 0.313725 1
v 0.0150289778 0.0359439302 -0.0672226915 0.313725 0.313725 1
v 0.0144547205 0.0358710485 -0.0687688013 0.313725 0.313725 1
v 0.0138719839 0.0357852844 -0.0703111039 0.705882 0.470588 0.156863
v 0.0132801774 0.035709485 -0.071850463 0.705882 0.470588 0.156863
v 0.0126744903 0.0356314483 -0.0733842517 0.705882 0.470588 0.156863
v 0.0120578249 0.0355524673 -0.0749136177 0.705882 0.470588 0.156863
v 0.0114303301 0.0354853802 -0.0764391764 0.705882 0.470588 0.156863
v 0.0107951648 0.035415457 -0.0779614401 0.705882 0.470588 0.156863
v 0.0101558685 0.0353342306 -0.0794814057 0.705882 0.470588 0.156863
v 0.00951259986 0.035249457 -0.0809995097 0.705882 0.470588 0.156863
v 0.00885899875 0.0351742121 -0.0825137023 0.470588 0.470588 0.470588
v 0.00819993189 0.035092326 -0.084025154 0.470588 0.470588 0.470588
v 0.00754094725 0.0350045924 -0.0855363077 0.470588 0.470588 0.470588
v 0.00689324585 0.0349245608 -0.0870527808 0.470588 0.470588 0.470588
v 0.00624852236 0.0348517211 -0.0885708568 0.470588 0.470588 0.470588
v 0.00559750333 0.0347750848 -0.0900860823 0.470588 0.470588 0.470588
v 0.00494215786 0.0347054956 -0.0915997867 0.470588 0.470588 0.470588
v 0.00428176825 0.0346364008 -0.0931112946 0.470588 0.470588 0.470588
v 0.00361302032 0.0345757873 -0.0946195022 1 0 0
v 0.0029299263 0.0345088509 -0.0961210139 1 0 0
v 0.00224976866 0.0344504164 -0.0976242045 1 0 0
v 0.00156705748 0.0343930901 -0.0991262751 1 0 0
v 0.000876418341 0.0343330592 -0.100624624 1 0 0
v 0.000177901181 0.0342731149 -0.102119309 1 0 0
v -0.000526717315 0.0342154357 -0.103611221 1 0 0
v -0.00123516207 0.0341542874 -0.105101188 1 0 0
v -0.00195370345 0.0340991143 -0.106586537 0 1 0
v -0.00267548666 0.0340474938 -0.108070429 0 1 0
v -0.00339651838 0.0340000344 -0.10955484 0 1 0
v -0.00412577536 0.0339594217 -0.11103542 0 1 0
v -0.0048575706 0.033918801 -0.112514752 0 1 0
v -0.00559544056 0.033884171 -0.113991171 0 1 0
v -0.00636254348 0.0338494145 -0.115452671 0 1 0
v -0.00712892481 0.0338240219 -0.116914734 0 1 0
v -0.00788989802 0.0337955468 -0.118379552 0 0.501961 1
v -0.00864568477 0.033765323 -0.119847029 0 0.501961 1
v -0.00940218397 0.0337314884 -0.121314064 0 0.501961 1
v -0.01016906 0.0337088091 -0.122775878 0 0.501961 1
v -0.0109436338 0.0336967884 -0.124233792 0 0.501961 1
v -0.0117228679 0.0336896191 -0.125689255 0 0.501961 1
v -0.0125091061 0.0336961292 -0.127140943 0 0.501961 1
v -0.0132992085 0.0336969027 -0.128590543 0 0.501961 1
v -0.0140944256 0.0336954503 -0.130037324 1 0.784314 0
v -0.0148948551 0.0337013332 -0.131481236 1 0.784314 0
v -0.015704013 0.0337066517 -0.132920274 1 0.784314 0
v -0.0165131702 0.0337161667 -0.134359294 1 0.784314 0
v -0.0173223593 0.0337216205 -0.13579832 1 0.784314 0
v -0.0181306828 0.0337276449 -0.137237821 1 0.784314 0
v -0.0189434618 0.0337351909 -0.138674807 1 0.784314 0
v -0.019772081 0.0337506516 -0.140102601 1 0.784314 0
v -0.0206234739 0.0337585989 -0.141516997 0.705882 0 1
v -0.0214829946 0.0337760812 -0.142926407 0.705882 0 1
v -0.0223423142 0.0337899411 -0.144336012 0.705882 0 1
v -0.0232005779 0.0338102121 -0.145746192 0.705882 0 1
v -0.0240739436 0.0338207127 -0.147147173 0.705882 0 1
v -0.0249583929 0.0338384535 -0.148541087 0.705882 0 1
v -0.0258463477 0.0338585429 -0.149932756 0.705882 0 1
v -0.0267360375 0.0338756263 -0.151323327 0.705882 0 1
v -0.0276389221 0.0339068846 -0.152705151 0 0.862745 0.862745
v -0.028550993 0.033929259 -0.154081096 0 0.862745 0.862745
v -0.0294623596 0.0339704024 -0.155457088 0 0.862745 0.862745
v -0.0303718068 0.0340108769 -0.156834368 0 0.862745 0.862745
v -0.0312831149 0.034042444 -0.158210635 0 0.862745 0.862745
v -0.0321993648 0.0340853053 -0.159583254 0 0.862745 0.862745
v -0.0331225228 0.0341247093 -0.16095133 0 0.862745 0.862745
v -0.0340380244 0.034192231 -0.162323526 0 0.862745 0.862745
v -0.0349454367 0.0342736757 -0.163700269 1 0.470588 0
v -0.0358413532 0.0343711556 -0.165083482 1 0.470588 0
v -0.0367291512 0.0344763695 -0.16647134 0.470588 1 0
v 0.0332519011 0.0386265763 -0.013626218 0 0.862745 0.862745
v 0.0328471714 0.0385441701 -0.0152220077 0 0.862745 0.862745
v 0.0324413952 0.0384575659 -0.0168172892 0 0.862745 0.862745
v 0.032031405 0.0383798007 -0.0184120236 0 0.862745 0.862745
v 0.0316128271 0.038299498 -0.0200044208 0 0.862745 0.862745
v 0.0311818767 0.0381978027 -0.0215922557 0 0.862745 0.862745
v 0.0307453023 0.0381091271 -0.0231792986 1 0.470588 0
v 0.030301657 0.0380217403 -0.024764453 1 0.470588 0
v 0.029852303 0.0379204626 -0.0263471501 1 0.470588 0
v 0.0294094056 0.0378302915 -0.0279323886 1 0.470588 0
v 0.0289645149 0.037734593 -0.0295167824 1 0.470588 0
v 0.028514333 0.0376414977 -0.0310998184 1 0.470588 0
v 0.0280584398 0.0375388278 -0.0326806345 0.470588 1 0
v 0.027600838 0.0374538846 -0.0342620198 0.470588 1 0
v 0.0271424247 0.0373669953 -0.0358430532 0.470588 1 0
v 0.0266824612 0.0372731651 -0.0374232385 0.470588 1 0
v 0.026218447 0.0371759548 -0.0390020466 0.470588 1 0
v 0.0257508647 0.0370741652 -0.040579464 0.470588 1 0
v 0.025287837 0.0369767669 -0.042158488 0.470588 1 0
v 0.0248259518 0.0368778625 -0.0437378021 0.470588 1 0
v 0.0243489565 0.0367818088 -0.04531278 1 0 0.705882
v 0.0238646508 0.0366948825 -0.0468860648 1 0 0.705882
v 0.0233815149 0.0366160337 -0.0484601263 1 0 0.705882
v 0.0228896217 0.0365090061 -0.0500298285 1 0 0.705882
v 0.0223953641 0.0364222494 -0.051600002 1 0 0.705882
v 0.0218976016 0.0363368763 -0.0531691431 1 0 0.705882
v 0.0213923547 0.0362426314 -0.0547354245 1 0 0.705882
v 0.0208870872 0.0361543318 -0.0563020107 1 0 0.705882
v 0.0203797539 0.0360637995 -0.0578678253 0.313725 0.313725 1
v 0.0198638157 0.0359679139 -0.0594304439 0.313725 0.313725 1
v 0.019335014 0.0358806099 -0.0609893329 0.313725 0.313725 1
v 0.018796148 0.0358087819 -0.0625455544 0.313725 0.313725 1
v 0.0182441048 0.0357287351 -0.0640967087 0.313725 0.313725 1
v 0.01768688 0.0356444911 -0.0656458156 0.313725 0.313725 1
v 0.0171281486 0.0355639194 -0.067194554 0.313725 0.313725 1
v 0.0165550505 0.0354959928 -0.0687386313 0.313725 0.313725 1
v 0.015977407 0.0354273866 -0.070281005 0.705882 0.470588 0.156863
v 0.0153942774 0.0353595292 -0.0718213713 0.705882 0.470588 0.156863
v 0.0148003081 0.0352859931 -0.0733572801 0.705882 0.470588 0.156863
v 0.0141913178 0.0352048878 -0.0748869685 0.705882 0.470588 0.156863
v 0.0135680288 0.0351429383 -0.0764117682 0.705882 0.470588 0.156863
v 0.0129389136 0.0350670772 -0.0779334933 0.705882 0.470588 0.156863
v 0.0123033675 0.0349994147 -0.079452968 0.705882 0.470588 0.156863
v 0.0116617745 0.0349254462 -0.0809696187 0.705882 0.470588 0.156863
v 0.0110137992 0.0348518808 -0.082483563 0.470588 0.470588 0.470588
v 0.0103614232 0.0347865623 -0.0839960136 0.470588 0.470588 0.470588
v 0.00970116133 0.0347014077 -0.0855040577 0.470588 0.470588 0.470588
v 0.00905181297 0.0346303983 -0.0870175038 0.470588 0.470588 0.470588
v 0.00840813585 0.0345640892 -0.0885336242 0.470588 0.470588 0.470588
v 0.00776345891 0.0344851943 -0.0900487352 0.470588 0.470588 0.470588
v 0.00710977882 0.0344168986 -0.0915604961 0.470588 0.470588 0.470588
v 0.00645525595 0.0343492905 -0.0930719199 0.470588 0.470588 0.470588
v 0.00579122918 0.0342843131 -0.0945792763 0.470588 0.470588 0.470588
v 0.00511679824 0.0342219437 -0.0960821116 0.470588 0.470588 0.470588
v 0.00443479314 0.0341561889 -0.0975814061 1 0 0
v 0.00375839482 0.0340979248 -0.0990835305 1 0 0
v 0.00307304105 0.0340456701 -0.100581819 1 0 0
v 0.00238632633 0.0339899706 -0.102079373 1 0 0
v 0.00168443072 0.0339350354 -0.103569881 1 0 0
v 0.000976182264 0.0338817542 -0.105057476 1 0 0
v 0.000267806825 0.0338215646 -0.106544737 1 0 0
v -0.000454523106 0.0337718866 -0.108025669 1 0 0
v -0.00117617597 0.0337265052 -0.109506987 0 1 0
v -0.00189861828 0.0336782005 -0.110987872 0 1 0
v -0.00262773546 0.0336329486 -0.112465597 0 1 0
v -0.00336001144 0.0335961599 -0.113942007 0 1 0
v -0.00410862608 0.033560561 -0.115410078 0 1 0
v -0.00487576541 0.0335230223 -0.116868651 0 1 0
v -0.00563802826 0.0335083102 -0.118330203 0 1 0
v -0.00639649857 0.0334783717 -0.119793466 0 1 0
v -0.00715256659 0.0334452109 -0.121257927 0 0.501961 1
v -0.00790904959 0.0334045655 -0.122721948 0 0.501961 1
v -0.00867583483 0.0333864076 -0.12418101 0 0.501961 1
v -0.00945147807 0.0333792436 -0.125635501 0 0.501961 1
v -0.010232743 0.0333789061 -0.127087039 0 0.501961 1
v -0.011020553 0.0333689085 -0.128535016 0 0.501961 1
v -0.0118100638 0.033371919 -0.129982095 0 0.501961 1
v -0.0126066061 0.033370666 -0.131425304 0 0.501961 1
v -0.0134093702 0.0333719507 -0.132865057 1 0.784314 0
v -0.0142170359 0.0333766685 -0.134302047 1 0.784314 0
v -0.015026756 0.0333774021 -0.135737907 1 0.784314 0
v -0.0158348935 0.033381522 -0.137174662 1 0.784314 0
v -0.0166432169 0.0333866915 -0.138611311 1 0.784314 0
v -0.0174562928 0.0333886767 -0.140045259 1 0.784314 0
v -0.0182903673 0.0334024878 -0.141467059 1 0.784314 0
v -0.0191470355 0.0334107112 -0.142875381 1 0.784314 0
v -0.0200042247 0.033429215 -0.144283288 0.705882 0 1
v -0.0208615146 0.033442851 -0.145691195 0.705882 0 1
v -0.0217199286 0.0334501777 -0.147098464 0.705882 0 1
v -0.0225996898 0.0334542394 -0.148492488 0.705882 0 1
v -0.0234853889 0.033472285 -0.149882614 0.705882 0 1
v -0.0243714345 0.0334882358 -0.151272589 0.705882 0 1
v -0.0252590911 0.0335059648 -0.152661526 0 0.862745 0.862745
v -0.0261662397 0.0335253102 -0.154037709 0 0.862745 0.862745
v -0.0270781847 0.033550056 -0.1554107 0 0.862745 0.862745
v -0.0279902682 0.0335797757 -0.156783509 0 0.862745 0.862745
v -0.0289005202 0.0336079653 -0.158157544 0 0.862745 0.862745
v -0.0298124163 0.0336247909 -0.159530687 0 0.862745 0.862745
v -0.0307302762 0.0336597954 -0.160899426 0 0.862745 0.862745
v -0.03165076 0.0337062064 -0.162266075 0 0.862745 0.862745
v -0.0325692472 0.0337563935 -0.163634014 1 0.470588 0
v -0.0334716182 0.0338406905 -0.165010953 1 0.470588 0
v -0.0343698 0.0339179263 -0.166391059 1 0.470588 0
v -0.0352543498 0.0340303042 -0.167777482 1 0.470588 0
v -0.0361359992 0.0341529463 -0.169164938 0.470588 1 0
v 0.035157103 0.037871798 -0.0136258126 0 0.862745 0.862745
v 0.0347593501 0.0378081091 -0.0152230686 0 0.862745 0.862745
v 0.0343574824 0.0377363125 -0.0168191304 0 0.862745 0.862745
v 0.0339533312 0.0376643854 -0.0184146108 0 0.862745 0.862745
v 0.0335408162 0.0375907303 -0.0200078752 0 0.862745 0.862745
v 0.033115113 0.03750647 -0.0215971325 0 0.862745 0.862745
v 0.032680606 0.0374163275 -0.0231837202 1 0.470588 0
v 0.0322457239 0.0373443072 -0.0247711558 1 0.470588 0
v 0.0317967369 0.0372499701 -0.0263534641 1 0.470588 0
v 0.0313569279 0.0371649274 -0.0279388377 1 0.470588 0
v 0.0309179337 0.0370838016 -0.0295246739 1 0.470588 0
v 0.0304753099 0.0370116106 -0.0311099439 1 0.470588 0
v 0.0300243352 0.0369139168 -0.032691506 0.470588 1 0
v 0.0295730488 0.0368370423 -0.0342741184 0.470588 1 0
v 0.0291193701 0.0367550594 -0.0358557802 0.470588 1 0
v 0.0286630511 0.0366701666 -0.037436513 0.470588 1 0
v 0.0281992173 0.0365755412 -0.0390145247 0.470588 1 0
v 0.0277310918 0.036486123 -0.0405915115 0.470588 1 0
v 0.02726913 0.0363980017 -0.0421704512 0.470588 1 0
v 0.0268115267 0.0363105767 -0.0437507019 0.470588 1 0
v 0.0263431608 0.0362221121 -0.0453277302 1 0 0.705882
v 0.0258624777 0.0361400544 -0.0469014031 1 0 0.705882
v 0.0253781482 0.0360552443 -0.0484737342 1 0 0.705882
v 0.0248934463 0.0359738695 -0.0500461239 1 0 0.705882
v 0.0244068782 0.0358932357 -0.0516180463 1 0 0.705882
v 0.0239114504 0.0358032304 -0.0531865999 1 0 0.705882
v 0.0234125003 0.0357339306 -0.0547551862 1 0 0.705882
v 0.0229070358 0.0356495002 -0.0563208963 1 0 0.705882
v 0.0224048298 0.0355725508 -0.0578880499 0.313725 0.313725 1
v 0.0218937543 0.0354787298 -0.0594514093 0.313725 0.313725 1
v 0.0213720466 0.0354090569 -0.0610125646 0.313725 0.313725 1
v 0.0208370982 0.0353314111 -0.0625688199 0.313725 0.313725 1
v 0.0202946385 0.0352621229 -0.0641228716 0.313725 0.313725 1
v 0.0197348479 0.0351787492 -0.0656701092 0.313725 0.313725 1
v 0.0191842306 0.0351151278 -0.0672215588 0.313725 0.313725 1
v 0.0186187097 0.0350449968 -0.0687672825 0.313725 0.313725 1
v 0.0180435515 0.0349799957 -0.0703097182 0.705882 0.470588 0.156863
v 0.0174662403 0.0349215548 -0.0718516483 0.705882 0.470588 0.156863
v 0.0168846855 0.034858701 -0.0733917664 0.705882 0.470588 0.156863
v 0.0162774845 0.0347793696 -0.0749212286 0.705882 0.470588 0.156863
v 0.0156594334 0.0347209171 -0.0764471977 0.705882 0.470588 0.156863
v 0.0150314911 0.0346461054 -0.0779684956 0.705882 0.470588 0.156863
v 0.0144004811 0.0345748144 -0.0794885548 0.705882 0.470588 0.156863
v 0.0137641945 0.0345052544 -0.0810066198 0.705882 0.470588 0.156863
v 0.0131194489 0.0344336297 -0.0825210021 0.470588 0.470588 0.470588
v 0.0124694392 0.0343745416 -0.0840336895 0.470588 0.470588 0.470588
v 0.0118140082 0.0343044296 -0.0855435313 0.470588 0.470588 0.470588
v 0.0111582462 0.0342333241 -0.0870531646 0.470588 0.470588 0.470588
v 0.0105194389 0.0341885983 -0.0885711162 0.470588 0.470588 0.470588
v 0.00987459592 0.0341104909 -0.0900851342 0.470588 0.470588 0.470588
v 0.00922668688 0.0340397822 -0.0915981364 0.470588 0.470588 0.470588
v 0.00857390219 0.0339839152 -0.0931097238 0.470588 0.470588 0.470588
v 0.00791859461 0.0339130396 -0.0946196004 0.470588 0.470588 0.470588
v 0.0072483201 0.0338521932 -0.0961233008 0.470588 0.470588 0.470588
v 0.00656933768 0.0337948363 -0.0976232152 1 0 0
v 0.00589111958 0.0337368844 -0.0991234253 1 0 0
v 0.00521020987 0.0336767653 -0.100622352 1 0 0
v 0.00452298455 0.0336327312 -0.102118991 1 0 0
v 0.00383438653 0.0335758656 -0.103614579 1 0 0
v 0.00313014376 0.0335288809 -0.105103205 1 0 0
v 0.00242474129 0.0334797088 -0.106591238 1 0 0
v 0.00171165967 0.0334270881 -0.108075461 1 0 0
v 0.00098858117 0.0333799251 -0.109555048 1 0 0
v 0.000265804155 0.0333260769 -0.11103455 1 0 0
v -0.000458648157 0.0332899851 -0.112513719 0 1 0
v -0.00118761846 0.0332528155 -0.113990649 0 1 0
v -0.00192424458 0.0331923832 -0.115463052 0 1 0
v -0.00268526267 0.0331692301 -0.116923981 0 1 0
v -0.00344896899 0.0331446002 -0.118383501 0 1 0
v -0.00421300605 0.0331103772 -0.119842719 0 1 0
v -0.0049668568 0.0330934005 -0.121307515 0 1 0
v -0.00572005657 0.0330689353 -0.122772506 0 1 0
v -0.00648051945 0.033031067 -0.124233397 0 0.501961 1
v -0.00725208591 0.0330043798 -0.125688789 0 0.501961 1
v -0.00802488421 0.0330114243 -0.127143778 0 0.501961 1
v -0.00881097399 0.0330026817 -0.128591575 0 0.501961 1
v -0.00960118512 0.0329919639 -0.130037141 0 0.501961 1
v -0.0103903224 0.0329941506 -0.131483349 0 0.501961 1
v -0.0111942974 0.0329791844 -0.132921269 0 0.501961 1
v -0.011998294 0.0329824622 -0.134359246 0 0.501961 1
v -0.0128058725 0.0329857057 -0.135795189 1 0.784314 0
v -0.0136175428 0.0329782711 -0.137228839 1 0.784314 0
v -0.0144236689 0.0329863684 -0.138665618 1 0.784314 0
v -0.0152339972 0.032984805 -0.140100034 1 0.784314 0
v -0.0160570067 0.0329804585 -0.141527193 1 0.784314 0
v -0.0168974552 0.0329824312 -0.142944071 1 0.784314 0
v -0.0177559078 0.0329970564 -0.144350132 1 0.784314 0
v -0.0186109862 0.0330173417 -0.145758198 1 0.784314 0
v -0.0194677829 0.0330263468 -0.147165285 0.705882 0 1
v -0.0203329714 0.0330256867 -0.148567245 0.705882 0 1
v -0.0212170767 0.0330308198 -0.14995735 0.705882 0 1
v -0.0221005992 0.0330454713 -0.151347796 0.705882 0 1
v -0.0229868844 0.0330586513 -0.152736499 0.705882 0 1
v -0.0238812334 0.0330633843 -0.154120067 0.705882 0 1
v -0.0247919399 0.0330822051 -0.155492737 0 0.862745 0.862745
v -0.0257029765 0.0331054578 -0.156865167 0 0.862745 0.862745
v -0.0266192475 0.0331142193 -0.158234332 0 0.862745 0.862745
v -0.0275325685 0.0331287859 -0.159605379 0 0.862745 0.862745
v -0.0284467943 0.0331299911 -0.160975934 0 0.862745 0.862745
v -0.0293681173 0.0331666451 -0.162341174 0 0.862745 0.862745
v -0.0302888133 0.03320915 -0.163706631 0 0.862745 0.862745
v -0.0312058352 0.0332563506 -0.165074387 0 0.862745 0.862745
v -0.0321077432 0.03333725 -0.166450715 1 0.470588 0
v -0.0329997231 0.0334278468 -0.167832833 1 0.470588 0
v -0.0338888099 0.0335224783 -0.169216607 1 0.470588 0
v -0.0347758567 0.0336263318 -0.170601026 1 0.470588 0
v -0.0356567062 0.0337674843 -0.17198606 0.470588 1 0
v 0.037002989 0.0369879137 -0.0136252967 0 0.862745 0.862745
v 0.0366070703 0.0369327585 -0.0152236581 0 0.862745 0.862745
v 0.0362136314 0.0368838943 -0.0168229607 0 0.862745 0.862745
v 0.0358122933 0.0368186177 -0.0184196498 0 0.862745 0.862745
v 0.0354043013 0.0367486231 -0.0200143978 0 0.862745 0.862745
v 0.0349893757 0.0366846221 -0.021607671 0 0.862745 0.862745
v 0.0345653212 0.0366160053 -0.0231983972 1 0.470588 0
v 0.0341286664 0.0365399195 -0.0247853123 1 0.470588 0
v 0.0336860792 0.0364574616 -0.0263702366 1 0.470588 0
v 0.0332427752 0.0363760526 -0.0279551471 1 0.470588 0
v 0.0328122312 0.0363120057 -0.0295443782 1 0.470588 0
v 0.0323762817 0.0362409692 -0.0311318397 1 0.470588 0
v 0.031933423 0.0361681329 -0.0327172812 0.470588 1 0
v 0.0314820827 0.0360929062 -0.0343002216 0.470588 1 0
v 0.0310333356 0.0360243246 -0.0358842218 0.470588 1 0
v 0.0305778622 0.0359476097 -0.037465905 0.470588 1 0
v 0.0301179836 0.0358639206 -0.0390459601 0.470588 1 0
v 0.029654728 0.0357737263 -0.0406246784 0.470588 1 0
v 0.029196603 0.0356922714 -0.0422053388 0.470588 1 0
v 0.0287448469 0.0356225896 -0.043788248 0.470588 1 0
v 0.0282850594 0.0355433514 -0.0453685627 1 0 0.705882
v 0.0278091851 0.0354668876 -0.0469442538 1 0 0.705882
v 0.027324816 0.035384653 -0.0485170415 1 0 0.705882
v 0.0268424626 0.0353086229 -0.0500907766 1 0 0.705882
v 0.0263637736 0.0352502049 -0.0516663863 1 0 0.705882
v 0.0258703201 0.035168894 -0.0532363211 1 0 0.705882
v 0.0253721221 0.0350997859 -0.0548054141 1 0 0.705882
v 0.0248797524 0.0350438463 -0.0563768056 1 0 0.705882
v 0.0243820849 0.0349724963 -0.0579459417 0.313725 0.313725 1
v 0.0238778623 0.0348950745 -0.0595126682 0.313725 0.313725 1
v 0.0233622701 0.0348217744 -0.0610758423 0.313725 0.313725 1
v 0.0228349669 0.034764065 -0.0626358482 0.313725 0.313725 1
v 0.0222952515 0.0347063361 -0.0641915326 0.313725 0.313725 1
v 0.0217435709 0.0346355277 -0.0657425436 0.313725 0.313725 1
v 0.0211905394 0.0345700578 -0.0672933001 0.313725 0.313725 1
v 0.0206353572 0.0345064885 -0.0688433216 0.313725 0.313725 1
v 0.020062062 0.0344391664 -0.0703866717 0.705882 0.470588 0.156863
v 0.0194828739 0.0343760029 -0.0719279943 0.705882 0.470588 0.156863
v 0.0189002584 0.0343118927 -0.073467968 0.705882 0.470588 0.156863
v 0.0183043736 0.0342449252 -0.0750027173 0.705882 0.470588 0.156863
v 0.0176938477 0.0341819475 -0.076531819 0.705882 0.470588 0.156863
v 0.0170721994 0.0341151519 -0.0780563553 0.705882 0.470588 0.156863
v 0.0164454743 0.0340488209 -0.0795788216 0.705882 0.470588 0.156863
v 0.0158114273 0.0339791707 -0.0810981202 0.705882 0.470588 0.156863
v 0.0151724946 0.0339251306 -0.0826159883 0.470588 0.470588 0.470588
v 0.0145268858 0.0338668847 -0.084130868 0.470588 0.470588 0.470588
v 0.0138720426 0.0337921841 -0.0856410438 0.470588 0.470588 0.470588
v 0.0132174638 0.0337369717 -0.08715216 0.470588 0.470588 0.470588
v 0.0125726319 0.0336816753 -0.0886673733 0.470588 0.470588 0.470588
v 0.0119301983 0.0336190073 -0.0901833966 0.470588 0.470588 0.470588
v 0.0112900055 0.0335619739 -0.0917005934 0.470588 0.470588 0.470588
v 0.0106405008 0.0335144343 -0.0932140962 0.470588 0.470588 0.470588
v 0.00998702961 0.0334542986 -0.094725504 0.470588 0.470588 0.470588
v 0.00932271213 0.0333872369 -0.0962318941 0.470588 0.470588 0.470588
v 0.00864701778 0.0333226398 -0.0977332708 1 0 0
v 0.00796906505 0.0332751277 -0.0992343113 1 0 0
v 0.00728947059 0.0332087773 -0.100733938 1 0 0
v 0.00660627046 0.0331704169 -0.102232847 1 0 0
v 0.00591661908 0.0331226646 -0.10372851 1 0 0
v 0.00522048599 0.0330663735 -0.10522092 1 0 0
v 0.00451786816 0.0330327677 -0.106710997 1 0 0
v 0.00380975308 0.0329934105 -0.108198326 1 0 0
v 0.00309531282 0.032944735 -0.109682321 1 0 0
v 0.00237276644 0.032888468 -0.111161966 1 0 0
v 0.00164729525 0.0328441748 -0.112640725 0 1 0
v 0.000922280122 0.0328177477 -0.114120164 0 1 0
v 0.000187373728 0.0327641636 -0.115593951 0 1 0
v -0.000560108937 0.0327198848 -0.117061516 0 1 0
v -0.00132399918 0.0326992496 -0.118521331 0 1 0
v -0.00208830173 0.0326681012 -0.119980731 0 1 0
v -0.00284730674 0.0326463779 -0.121442949 0 1 0
v -0.00359823923 0.0326377354 -0.122909601 0 1 0
v -0.0043505667 0.0326124478 -0.124375369 0 0.501961 1
v -0.00512127283 0.0325758057 -0.125831271 0 0.501961 1
v -0.00589540296 0.0325682397 -0.127285672 0 0.501961 1
v -0.00667288356 0.0325630838 -0.128738456 0 0.501961 1
v -0.00745670493 0.0325499515 -0.130187738 0 0.501961 1
v -0.00825188356 0.0325318605 -0.131630825 0 0.501961 1
v -0.00905237352 0.0325146581 -0.133070969 0 0.501961 1
v -0.00985626857 0.0325132222 -0.134509267 0 0.501961 1
v -0.010663085 0.0325091809 -0.13594597 1 0.784314 0
v -0.0114705643 0.0325164345 -0.137382305 1 0.784314 0
v -0.0122797973 0.0325112755 -0.138817532 1 0.784314 0
v -0.0130881817 0.0325078035 -0.140253318 1 0.784314 0
v -0.0139015395 0.0325064784 -0.14168632 1 0.784314 0
v -0.0147354462 0.0324938295 -0.143107389 1 0.784314 0
v -0.0155873344 0.0324950859 -0.144517702 1 0.784314 0
v -0.0164443149 0.0325132902 -0.145924947 1 0.784314 0
v -0.0172984384 0.0325275296 -0.147333979 0.705882 0 1
v -0.0181594248 0.0325219872 -0.148738853 0.705882 0 1
v -0.0190329548 0.0325252076 -0.150135918 0.705882 0 1
v -0.01991754 0.0325296699 -0.151526041 0.705882 0 1
v -0.0208050533 0.0325313922 -0.152914311 0.705882 0 1
v -0.0216957376 0.0325388305 -0.154300474 0.705882 0 1
v -0.0226014411 0.0325351644 -0.155676922 0.705882 0 1
v -0.0235155942 0.0325438412 -0.157047709 0.705882 0 1
v -0.0244309925 0.0325574279 -0.158417733 0 0.862745 0.862745
v -0.0253493773 0.0325494034 -0.159785793 0 0.862745 0.862745
v -0.0262634465 0.032553106 -0.161156679 0 0.862745 0.862745
v -0.0271806841 0.0325594826 -0.162525398 0 0.862745 0.862745
v -0.0281099254 0.032579555 -0.163885968 0 0.862745 0.862745
v -0.0290287468 0.0326269312 -0.165252813 0 0.862745 0.862745
v -0.0299428238 0.0326762709 -0.166622558 0 0.862745 0.862745
v -0.0308462229 0.032746338 -0.167998708 0 0.862745 0.862745
v -0.0317382755 0.0328305148 -0.169381472 1 0.470588 0
v -0.0326274692 0.0329289928 -0.170765203 1 0.470588 0
v -0.0335180161 0.0330348048 -0.17214728 1 0.470588 0
v -0.0344063455 0.0331508252 -0.173530176 1 0.470588 0
v -0.0352772497 0.0333048525 -0.174920477 0.470588 1 0
v 0.0387643817 0.0359729786 -0.013624735 0 0.862745 0.862745
v 0.038371837 0.0359219169 -0.0152253463 0 0.862745 0.862745
v 0.0379976205 0.0358970962 -0.016830834 0 0.862745 0.862745
v 0.0376005407 0.0358406528 -0.018430172 0 0.862745 0.862745
v 0.0371997236 0.0357830348 -0.0200284529 0 0.862745 0.862745
v 0.0367887743 0.0357261418 -0.0216242247 0 0.862745 0.862745
v 0.0363824644 0.0356835351 -0.0232216796 1 0.470588 0
v 0.0359514255 0.0356197886 -0.0248117308 1 0.470588 0
v 0.0355090326 0.0355382743 -0.0263980777 1 0.470588 0
v 0.0350728768 0.0354704694 -0.0279867875 1 0.470588 0
v 0.0346393703 0.0354025907 -0.0295761746 1 0.470588 0
v 0.0342102911 0.0353454044 -0.0311672255 1 0.470588 0
v 0.0337709203 0.0352740364 -0.0327549034 0.470588 1 0
v 0.0333242487 0.0352031263 -0.0343405426 0.470588 1 0
v 0.0328751579 0.0351344648 -0.0359256126 0.470588 1 0
v 0.0324338284 0.0350858858 -0.037513564 0.470588 1 0
v 0.0319817242 0.0350138127 -0.0390975658 0.470588 1 0
v 0.0315198372 0.0349249686 -0.0406778861 0.470588 1 0
v 0.0310713137 0.0348643464 -0.0422634099 0.470588 1 0
v 0.0306210211 0.0348022268 -0.0438482222 0.470588 1 0
v 0.0301637237 0.0347324673 -0.0454309012 1 0 0.705882
v 0.0296974447 0.0346719137 -0.0470113019 1 0 0.705882
v 0.0292195632 0.0346048892 -0.0485879963 1 0 0.705882
v 0.0287385596 0.0345313685 -0.0501634334 1 0 0.705882
v 0.0282574352 0.0344688546 -0.0517393253 1 0 0.705882
v 0.027772377 0.0344105871 -0.053314182 1 0 0.705882
v 0.0272731946 0.0343301377 -0.0548835395 1 0 0.705882
v 0.0267953032 0.0343081982 -0.0564613986 1 0 0.705882
v 0.0263037596 0.0342554668 -0.0580342015 0.313725 0.313725 1
v 0.0258042667 0.0341881402 -0.0596039193 0.313725 0.313725 1
v 0.0252950369 0.0341217302 -0.0611708018 0.313725 0.313725 1
v 0.0247741211 0.0340681651 -0.0627342745 0.313725 0.313725 1
v 0.0242448242 0.0340199471 -0.0642950562 0.313725 0.313725 1
v 0.0236906852 0.0339523496 -0.0658465786 0.313725 0.313725 1
v 0.0231422635 0.0339025152 -0.0674007905 0.313725 0.313725 1
v 0.0225863373 0.033837349 -0.0689517091 0.313725 0.313725 1
v 0.0220250179 0.03378346 -0.0705011623 0.705882 0.470588 0.156863
v 0.0214475714 0.0337123762 -0.0720439925 0.705882 0.470588 0.156863
v 0.0208643152 0.033644439 -0.0735847489 0.705882 0.470588 0.156863
v 0.0202783809 0.0335994457 -0.0751253714 0.705882 0.470588 0.156863
v 0.0196733221 0.0335390532 -0.0766579478 0.705882 0.470588 0.156863
v 0.0190590236 0.0334784939 -0.0781868782 0.705882 0.470588 0.156863
v 0.0184365395 0.0334209732 -0.0797124934 0.705882 0.470588 0.156863
v 0.017806849 0.0333648432 -0.0812353149 0.705882 0.470588 0.156863
v 0.0171720002 0.0333129789 -0.0827562047 0.470588 0.470588 0.470588
v 0.0165321732 0.0332617615 -0.0842749695 0.470588 0.470588 0.470588
v 0.0158793424 0.0331835547 -0.085787106 0.470588 0.470588 0.470588
v 0.0152255853 0.0331350012 -0.0873000456 0.470588 0.470588 0.470588
v 0.0145748314 0.0330814616 -0.0888140346 0.470588 0.470588 0.470588
v 0.0139315868 0.033017095 -0.0903309244 0.470588 0.470588 0.470588
v 0.0132940682 0.0329716753 -0.0918508777 0.470588 0.470588 0.470588
v 0.0126511442 0.0329228621 -0.0933683864 0.470588 0.470588 0.470588
v 0.0119979981 0.0328627097 -0.0948811896 0.470588 0.470588 0.470588
v 0.0113390199 0.03280938 -0.0963916271 0.470588 0.470588 0.470588
v 0.0106630026 0.0327326279 -0.0978934826 1 0 0
v 0.00998836195 0.0326938496 -0.0993975235 1 0 0
v 0.00931099389 0.0326429052 -0.100899894 1 0 0
v 0.00863081389 0.0325964379 -0.102401132 1 0 0
v 0.00794281433 0.0325490977 -0.103898783 1 0 0
v 0.00725023259 0.0325120572 -0.105394646 1 0 0
v 0.00655329648 0.0324816998 -0.106888482 1 0 0
v 0.0058462892 0.0324406225 -0.108377542 1 0 0
v 0.00513981168 0.0324083437 -0.109867069 1 0 0
v 0.00441704305 0.0323359209 -0.111347325 1 0 0
v 0.00369668051 0.0323087757 -0.112830118 0 1 0
v 0.00296945744 0.0322728395 -0.114309482 0 1 0
v 0.0022370254 0.0322246724 -0.115785941 0 1 0
v 0.00150182545 0.0321798329 -0.117261085 0 1 0
v 0.000739559625 0.0321532973 -0.11872282 0 1 0
v -2.49024525e-05 0.0321287972 -0.120183452 0 1 0
v -0.000787116585 0.0321093905 -0.121645381 0 1 0
v -0.00154218623 0.0320868053 -0.123111016 0 1 0
v -0.00229244236 0.0320732903 -0.124579247 0 0.501961 1
v -0.00305363938 0.0320508931 -0.126041627 0 0.501961 1
v -0.00382912197 0.0320223548 -0.127496468 0 0.501961 1
v -0.00461044297 0.0320062931 -0.128948407 0 0.501961 1
v -0.00539450294 0.0319928494 -0.130398882 0 0.501961 1
v -0.00618090577 0.0319808518 -0.131848104 0 0.501961 1
v -0.0069783157 0.0319597071 -0.133291174 0 0.501961 1
v -0.00777799052 0.0319493304 -0.134733089 0 0.501961 1
v -0.00858655741 0.0319466028 -0.136170119 1 0.784314 0
v -0.00939658122 0.0319476706 -0.137606335 1 0.784314 0
v -0.0102030896 0.0319503093 -0.139044528 1 0.784314 0
v -0.0110122963 0.0319453048 -0.140481155 1 0.784314 0
v -0.0118228009 0.0319409456 -0.141917088 1 0.784314 0
v -0.0126458234 0.0319381055 -0.143345876 1 0.784314 0
v -0.0134914783 0.0319352439 -0.144761358 1 0.784314 0
v -0.0143487782 0.0319323391 -0.146169734 1 0.784314 0
v -0.0152074061 0.0319367536 -0.147577426 0.705882 0 1
v -0.0160672503 0.031934907 -0.148984336 0.705882 0 1
v -0.0169345364 0.0319201452 -0.150386569 0.705882 0 1
v -0.0178162274 0.0319212794 -0.151779874 0.705882 0 1
v -0.0187097786 0.0319096041 -0.153165427 0.705882 0 1
v -0.0195971796 0.031917772 -0.154555029 0.705882 0 1
v -0.0205001627 0.0319058401 -0.155934501 0.705882 0 1
v -0.0214119259 0.0319016819 -0.157308253 0.705882 0 1
v -0.0223281934 0.0319050011 -0.158679053 0 0.862745 0.862745
v -0.0232485753 0.0318995081 -0.160047122 0 0.862745 0.862745
v -0.0241660634 0.0318888731 -0.161417081 0 0.862745 0.862745
v -0.025082343 0.031891663 -0.162787889 0 0.862745 0.862745
v -0.0260093341 0.0318950325 -0.16415145 0 0.862745 0.862745
v -0.0269420102 0.0319051209 -0.165510991 0 0.862745 0.862745
v -0.0278601406 0.0319516773 -0.166879833 0 0.862745 0.862745
v -0.0287721102 0.0320043781 -0.168252483 0 0.862745 0.862745
v -0.0296760732 0.0320684619 -0.169629904 1 0.470588 0
v -0.0305740418 0.0321344022 -0.171011168 1 0.470588 0
v -0.0314669252 0.0322304334 -0.172394022 1 0.470588 0
v -0.0323608981 0.0323344055 -0.17377548 1 0.470588 0
v -0.0332453964 0.0324562085 -0.175161514 1 0.470588 0
v -0.0341212695 0.0325956897 -0.176551438 1 0.470588 0
v -0.0349920022 0.0327455123 -0.177943565 0.470588 1 0
v 0.040429741 0.0348095255 -0.0136240857 0 0.862745 0.862745
v 0.0400492288 0.0347820649 -0.0152295582 0 0.862745 0.862745
v 0.0396656355 0.0347419339 -0.0168338777 0 0.862745 0.862745
v 0.0392827797 0.0347027898 -0.0184385428 0 0.862745 0.862745
v 0.0389098573 0.0346826481 -0.0200459562 0 0.862745 0.862745
v 0.038494452 0.0346218678 -0.02164184 0 0.862745 0.862745
v 0.038096849 0.034584495 -0.0232430107 0 0.862745 0.862745
v 0.0376815619 0.0345402027 -0.0248394997 0 0.862745 0.862745
v 0.0372456686 0.0344773343 -0.0264299961 1 0.470588 0
v 0.0368088528 0.0344072463 -0.028019922 1 0.470588 0
v 0.0363831905 0.0343508183 -0.0296134294 1 0.470588 0
v 0.0359595026 0.0343029031 -0.031207723 1 0.470588 0
v 0.0355310973 0.034253163 -0.0328006954 1 0.470588 0
v 0.0350908122 0.0341913012 -0.0343899811 1 0.470588 0
v 0.0346385571 0.0341172715 -0.0359754112 0.470588 1 0
v 0.0342080462 0.0340739902 -0.0375678774 0.470588 1 0
v 0.0337577991 0.0340082825 -0.0391540291 0.470588 1 0
v 0.0333031535 0.0339436712 -0.0407387961 0.470588 1 0
v 0.0328567114 0.0338961121 -0.0423265244 0.470588 1 0
v 0.0324032897 0.0338278555 -0.0439117204 0.470588 1 0
v 0.0319678479 0.0337863198 -0.0455029633 0.470588 1 0
v 0.0315094152 0.033735592 -0.0470875279 0.470588 1 0
v 0.0310427551 0.0336874991 -0.0486697621 1 0 0.705882
v 0.0305666787 0.0336255453 -0.0502487337 1 0 0.705882
v 0.0300853282 0.0335618963 -0.0518260408 1 0 0.705882
v 0.0296094925 0.0335193604 -0.0534056248 1 0 0.705882
v 0.0291195793 0.0334605804 -0.0549804801 1 0 0.705882
v 0.028638507 0.0334230431 -0.0565585145 1 0 0.705882
v 0.0281497358 0.033378753 -0.0581340921 1 0 0.705882
v 0.0276624834 0.0333417002 -0.0597103145 1 0 0.705882
v 0.0271601188 0.0332835085 -0.0612812345 0.313725 0.313725 1
v 0.0266498123 0.033242013 -0.062850109 0.313725 0.313725 1
v 0.0261219309 0.0331949624 -0.0644129419 0.313725 0.313725 1
v 0.0255789367 0.0331411601 -0.0659704305 0.313725 0.313725 1
v 0.0250270474 0.03308534 -0.067524761 0.313725 0.313725 1
v 0.0244869364 0.0330545881 -0.0690838155 0.313725 0.313725 1
v 0.0239309627 0.0330069363 -0.07063668 0.313725 0.313725 1
v 0.0233564539 0.0329416283 -0.0721824141 0.313725 0.313725 1
v 0.0227721772 0.0328651836 -0.0737238649 0.705882 0.470588 0.156863
v 0.0221957067 0.0328329114 -0.0752697678 0.705882 0.470588 0.156863
v 0.0215979902 0.0327805559 -0.0768070951 0.705882 0.470588 0.156863
v 0.0209908808 0.03273191 -0.0783408653 0.705882 0.470588 0.156863
v 0.0203655904 0.0326731962 -0.079867005 0.705882 0.470588 0.156863
v 0.0197414152 0.0326334664 -0.0813941881 0.705882 0.470588 0.156863
v 0.0191125276 0.0325882737 -0.0829193388 0.705882 0.470588 0.156863
v 0.0184794202 0.0325337759 -0.0844423597 0.705882 0.470588 0.156863
v 0.0178304687 0.0324675696 -0.0859582291 0.470588 0.470588 0.470588
v 0.0171850055 0.0324230821 -0.0874762631 0.470588 0.470588 0.470588
v 0.0165290188 0.0323699002 -0.0889895202 0.470588 0.470588 0.470588
v 0.0158884576 0.0323356484 -0.0905100607 0.470588 0.470588 0.470588
v 0.0152442707 0.0322665686 -0.0920277844 0.470588 0.470588 0.470588
v 0.0146024013 0.0322084813 -0.0935469828 0.470588 0.470588 0.470588
v 0.0139512402 0.0321579739 -0.0950624978 0.470588 0.470588 0.470588
v 0.0132906993 0.0321004851 -0.0965737942 0.470588 0.470588 0.470588
v 0.0126234934 0.032033737 -0.0980817134 1 0 0
v 0.0119486624 0.0319909876 -0.0995870638 1 0 0
v 0.011272522 0.031944489 -0.101091693 1 0 0
v 0.0105999064 0.0319087079 -0.102598236 1 0 0
v 0.00991061091 0.0318613336 -0.104096915 1 0 0
v 0.00922415884 0.0318316696 -0.105597341 1 0 0
v 0.00853269584 0.0318052426 -0.107095513 1 0 0
v 0.00782458831 0.0317608173 -0.108585566 1 0 0
v 0.00712379711 0.0317460729 -0.110079629 1 0 0
v 0.00640614277 0.0316878181 -0.111564518 1 0 0
v 0.00568355359 0.031636101 -0.113046909 0 1 0
v 0.0049639448 0.0316239402 -0.114531905 0 1 0
v 0.00422656322 0.0315616989 -0.116007047 0 1 0
v 0.00349556832 0.0315292538 -0.117486265 0 1 0
v 0.00274533178 0.0314958483 -0.118955647 0 1 0
v 0.00197726071 0.031461795 -0.120415906 0 1 0
v 0.00121887502 0.0314609854 -0.121881682 0 1 0
v 0.000460218332 0.0314347453 -0.123347015 0 1 0
v -0.000292768817 0.0314161498 -0.124815337 0 0.501961 1
v -0.00104375455 0.031409156 -0.126284821 0 0.501961 1
v -0.0018198038 0.0313705047 -0.127740769 0 0.501961 1
v -0.00259477791 0.031362338 -0.129197795 0 0.501961 1
v -0.00338134963 0.0313381933 -0.130648363 0 0.501961 1
v -0.00416770769 0.0313262613 -0.132099276 0 0.501961 1
v -0.00496218852 0.0313101324 -0.133545676 0 0.501961 1
v -0.00576169261 0.0312960588 -0.134989282 0 0.501961 1
v -0.00656507746 0.0312847293 -0.13643073 1 0.784314 0
v -0.0073750371 0.0312839195 -0.137868569 1 0.784314 0
v -0.00818736243 0.0312752668 -0.139305128 1 0.784314 0
v -0.00899886107 0.0312704265 -0.140742156 1 0.784314 0
v -0.00980858517 0.0312721377 -0.142180201 1 0.784314 0
v -0.0106211 0.0312656671 -0.143616664 1 0.784314 0
v -0.0114593765 0.0312661071 -0.14503822 1 0.784314 0
v -0.0123131513 0.0312600297 -0.146450467 1 0.784314 0
v -0.0131804968 0.0312458023 -0.147854435 0.705882 0 1
v -0.0140426881 0.0312360197 -0.149261557 0.705882 0 1
v -0.0149050404 0.0312302629 -0.150668586 0.705882 0 1
v -0.0157822335 0.0312140268 -0.152066327 0.705882 0 1
v -0.0166737682 0.0311966847 -0.153454976 0.705882 0 1
v -0.017571861 0.0311795683 -0.15483924 0.705882 0 1
v -0.0184691576 0.0311663827 -0.156224217 0.705882 0 1
v -0.0193785478 0.0311561692 -0.157601253 0.705882 0 1
v -0.020293247 0.0311569924 -0.158974867 0 0.862745 0.862745
v -0.0212109601 0.0311541467 -0.160346473 0 0.862745 0.862745
v -0.0221307431 0.0311434429 -0.161716686 0 0.862745 0.862745
v -0.023054308 0.0311249748 -0.163084224 0 0.862745 0.862745
v -0.0239758452 0.0311256551 -0.164453311 0 0.862745 0.862745
v -0.0249172075 0.0311140672 -0.165808795 0 0.862745 0.862745
v -0.0258449145 0.0311374777 -0.167173417 0 0.862745 0.862745
v -0.0267694542 0.0311648355 -0.16854007 0 0.862745 0.862745
v -0.0276828335 0.0312142165 -0.169913731 1 0.470588 0
v -0.0285879977 0.0312654037 -0.171292723 1 0.470588 0
v -0.0294881655 0.0313384387 -0.172673889 1 0.470588 0
v -0.0303868506 0.0314258743 -0.174055106 1 0.470588 0
v -0.0312858497 0.0315229881 -0.175435504 1 0.470588 0
v -0.0321672697 0.0316461838 -0.176825211 1 0.470588 0
v -0.0330481389 0.0317833993 -0.178214038 1 0.470588 0
v -0.0339259552 0.0319113982 -0.179605667 1 0.470588 0
v -0.0347931379 0.0320533988 -0.181002565 0.470588 1 0
v 0.0419643314 0.0334870053 -0.0136233551 0.313725 0.313725 1
v 0.0415967654 0.0334751453 -0.0152328501 0.313725 0.313725 1
v 0.0412128393 0.033436641 -0.0168378021 0.313725 0.313725 1
v 0.0408232489 0.0333890012 -0.0184412329 0.313725 0.313725 1
v 0.0404653347 0.0333818581 -0.0200529295 0.313725 0.313725 1
v 0.0400619268 0.0333378888 -0.0216531362 0.313725 0.313725 1
v 0.0396702117 0.0333095147 -0.0232565445 0.313725 0.313725 1
v 0.0392814662 0.0332886738 -0.0248608778 0.313725 0.313725 1
v 0.0388476114 0.0332276742 -0.0264526593 0.705882 0.470588 0.156863
v 0.0384263049 0.0331814893 -0.0280482771 0.705882 0.470588 0.156863
v 0.0380056776 0.0331357609 -0.0296440803 0.705882 0.470588 0.156863
v 0.0375941465 0.0330980794 -0.0312424877 0.705882 0.470588 0.156863
v 0.037169016 0.0330493586 -0.032837044 0.705882 0.470588 0.156863
v 0.0367434869 0.0330099992 -0.0344317392 0.705882 0.470588 0.156863
v 0.036310124 0.0329651589 -0.0360241761 0.470588 0.470588 0.470588
v 0.0358760245 0.0329165015 -0.0376163161 0.470588 0.470588 0.470588
v 0.0354350212 0.0328691354 -0.0392065323 0.470588 0.470588 0.470588
v 0.0349949803 0.0328271488 -0.0407971194 0.470588 0.470588 0.470588
v 0.0345558873 0.0327865218 -0.0423879933 0.470588 0.470588 0.470588
v 0.0340975747 0.0327166512 -0.0439724968 0.470588 0.470588 0.470588
v 0.0336802678 0.0326964055 -0.0455693276 0.470588 0.470588 0.470588
v 0.0332364054 0.0326560845 -0.047158978 0.470588 0.470588 0.470588
v 0.0327760275 0.0326180795 -0.048744005 1 0 0
v 0.0323054608 0.0325689214 -0.0503256691 1 0 0
v 0.031834933 0.0325185803 -0.0519073067 1 0 0
v 0.0313707454 0.032493971 -0.0534914922 1 0 0
v 0.030893182 0.0324554668 -0.0550714074 1 0 0
v 0.030406705 0.0324075049 -0.0566482797 1 0 0
v 0.0299223408 0.0323664848 -0.0582256493 1 0 0
v 0.0294386149 0.0323366726 -0.0598034718 1 0 0
v 0.0289514956 0.0323039715 -0.0613804072 0 1 0
v 0.0284521233 0.0322800706 -0.0629537264 0 1 0
v 0.0279283775 0.0322303248 -0.0645185341 0 1 0
v 0.0273970303 0.0321895914 -0.0660811378 0 1 0
v 0.0268517035 0.0321473699 -0.0676387886 0 1 0
v 0.0263053902 0.0321081914 -0.0691958598 0 1 0
v 0.0257643961 0.0320812973 -0.0707552861 0 1 0
v 0.0251920113 0.0320196023 -0.0723025999 0 1 0
v 0.0246267714 0.0319826145 -0.0738533486 0 0.501961 1
v 0.0240472864 0.0319329521 -0.0753983514 0 0.501961 1
v 0.0234596808 0.0318880848 -0.0769403928 0 0.501961 1
v 0.0228717588 0.0318734687 -0.0784829804 0 0.501961 1
v 0.0222440911 0.0318102222 -0.0800086779 0 0.501961 1
v 0.0216178504 0.03176508 -0.0815355342 0 0.501961 1
v 0.0209872764 0.0317158604 -0.0830605386 0 0.501961 1
v 0.0203516788 0.031652965 -0.0845828572 0 0.501961 1
v 0.0197217758 0.031622615 -0.0861086147 1 0.784314 0
v 0.0190757031 0.0315728658 -0.0876269096 1 0.784314 0
v 0.0184252264 0.0315248839 -0.089143508 1 0.784314 0
v 0.017779569 0.0314889926 -0.0906625102 1 0.784314 0
v 0.0171463345 0.0314448991 -0.0921865254 1 0.784314 0
v 0.0165043942 0.0313894102 -0.0937063684 1 0.784314 0
v 0.0158568933 0.0313464709 -0.0952243175 1 0.784314 0
v 0.0151993953 0.0312845659 -0.0967372474 1 0.784314 0
v 0.0145412366 0.031235332 -0.0982504402 0.705882 0 1
v 0.0138690813 0.0311802523 -0.0997572173 0.705882 0 1
v 0.0131849057 0.0311184368 -0.101258398 0.705882 0 1
v 0.0125191966 0.031092434 -0.102768986 0.705882 0 1
v 0.0118349171 0.031052554 -0.104270856 0.705882 0 1
v 0.0111494819 0.0310195463 -0.105772373 0.705882 0 1
v 0.0104631775 0.030989501 -0.107273512 0.705882 0 1
v 0.00976132778 0.0309594597 -0.108767472 0.705882 0 1
v 0.00905859259 0.030934737 -0.110261054 0.705882 0 1
v 0.00834728721 0.0308955011 -0.111750419 0.705882 0 1
v 0.00763291728 0.0308533929 -0.113238184 0 0.862745 0.862745
v 0.00691340137 0.0308334586 -0.114723985 0 0.862745 0.862745
v 0.00617891878 0.030785813 -0.116201568 0 0.862745 0.862745
v 0.00544348204 0.030740409 -0.117678761 0 0.862745 0.862745
v 0.00470894231 0.0307072336 -0.119156764 0 0.862745 0.862745
v 0.00394403661 0.0306830708 -0.12061957 0 0.862745 0.862745
v 0.0031848514 0.0306768945 -0.122085507 0 0.862745 0.862745
v 0.00242582915 0.030662715 -0.123551448 0 0.862745 0.862745
v 0.00166673805 0.0306311619 -0.125017144 1 0.470588 0
v 0.000917732121 0.030620351 -0.126488289 1 0.470588 0
v 0.000150189669 0.0305963205 -0.127949691 1 0.470588 0
v -0.000621861307 0.0305839235 -0.129408465 1 0.470588 0
v -0.00140572096 0.0305599505 -0.130861276 1 0.470588 0
v -0.0021913462 0.0305429456 -0.132313242 1 0.470588 0
v -0.00298169237 0.030526173 -0.133762652 1 0.470588 0
v -0.00377997481 0.0305120118 -0.135207639 1 0.470588 0
v -0.00458717232 0.03049767 -0.136647573 0.470588 1 0
v -0.00539097392 0.030500534 -0.138089566 0.470588 1 0
v -0.00620371508 0.0304912717 -0.139526589 0.470588 1 0
v -0.00701328395 0.0304838494 -0.140965358 0.470588 1 0
v -0.00782364328 0.0304821621 -0.142403759 0.470588 1 0
v -0.00863731145 0.0304819533 -0.143840301 0.470588 1 0
v -0.00946460095 0.0304697886 -0.14526896 0.470588 1 0
v -0.0103072961 0.0304590889 -0.146688546 0.470588 1 0
v -0.01117288 0.0304531304 -0.148094354 1 0 0.705882
v -0.0120440228 0.0304294195 -0.149496577 1 0 0.705882
v -0.012909941 0.0304141035 -0.150902032 1 0 0.705882
v -0.013772414 0.030411568 -0.152309706 1 0 0.705882
v -0.0146597976 0.03038586 -0.153701638 1 0 0.705882
v -0.0155587835 0.0303619953 -0.155086178 1 0 0.705882
v -0.0164625373 0.0303357477 -0.15646739 1 0 0.705882
v -0.0173704221 0.0303129228 -0.157846011 1 0 0.705882
v -0.0182828264 0.0302989526 -0.159221722 0.313725 0.313725 1
v -0.0191945183 0.0303048976 -0.160598131 0.313725 0.313725 1
v -0.0201198155 0.0302899783 -0.161965323 0.313725 0.313725 1
v -0.0210447358 0.0302778239 -0.163332807 0.313725 0.313725 1
v -0.0219735137 0.0302558153 -0.164697504 0.313725 0.313725 1
v -0.0229059902 0.0302490384 -0.166059914 0.313725 0.313725 1
v -0.0238416721 0.0302460672 -0.167420016 0.313725 0.313725 1
v -0.0247793109 0.0302463214 -0.168778892 0.313725 0.313725 1
v -0.0256983223 0.0302850688 -0.17014989 0.705882 0.470588 0.156863
v -0.0266111346 0.0303255196 -0.171524843 0.705882 0.470588 0.156863
v -0.0275245625 0.0303620466 -0.172899486 0.705882 0.470588 0.156863
v -0.0284339945 0.0304216729 -0.174276102 0.705882 0.470588 0.156863
v -0.0293362535 0.0305095624 -0.175655847 0.705882 0.470588 0.156863
v -0.030234098 0.0306085973 -0.177037732 0.705882 0.470588 0.156863
v -0.0311274766 0.0307164161 -0.178421918 0.705882 0.470588 0.156863
v -0.032018231 0.0308247747 -0.17980774 0.705882 0.470588 0.156863
v -0.0329022313 0.0309406257 -0.181197181 0.470588 0.470588 0.470588
v -0.0337757058 0.0310725064 -0.182591937 0.470588 0.470588 0.470588
v -0.034659488 0.0312096136 -0.183979687 0.470588 0.470588 0.470588
v 0.043399053 0.0320627263 -0.0136226147 0.313725 0.313725 1
v 0.0429990206 0.0320165311 -0.0152222878 0.313725 0.313725 1
v 0.0426177483 0.0319814984 -0.0168266154 0.313725 0.313725 1
v 0.0422483185 0.0319541241 -0.0184342226 0.313725 0.313725 1
v 0.0418885229 0.0319434179 -0.0200444062 0.313725 0.313725 1
v 0.0414986842 0.0319106076 -0.0216469079 0.313725 0.313725 1
v 0.0410967889 0.0318733796 -0.0232463579 0.313725 0.313725 1
v 0.0407243142 0.0318677741 -0.0248536659 0.313725 0.313725 1
v 0.0403132719 0.0318307366 -0.0264511522 0.705882 0.470588 0.156863
v 0.0399121349 0.0318059368 -0.028051328 0.705882 0.470588 0.156863
v 0.0395125833 0.0317835707 -0.0296519019 0.705882 0.470588 0.156863
v 0.0391117502 0.0317548077 -0.0312520152 0.705882 0.470588 0.156863
v 0.0387023969 0.0317223937 -0.0328500446 0.705882 0.470588 0.156863
v 0.0382935778 0.0316908163 -0.0344482302 0.705882 0.470588 0.156863
v 0.037878707 0.0316654173 -0.0360449494 0.470588 0.470588 0.470588
v 0.0374554409 0.0316308808 -0.0376393027 0.470588 0.470588 0.470588
v 0.0370335333 0.0316044228 -0.0392341467 0.470588 0.470588 0.470588
v 0.036592389 0.0315726995 -0.04082349 0.470588 0.470588 0.470588
v 0.0361513847 0.0315278432 -0.0424126224 0.470588 0.470588 0.470588
v 0.035734102 0.0315111119 -0.0440088437 0.470588 0.470588 0.470588
v 0.0353006269 0.0314713494 -0.0456001832 0.470588 0.470588 0.470588
v 0.0348611059 0.0314305242 -0.0471899629 0.470588 0.470588 0.470588
v 0.0344171678 0.0314058055 -0.0487788585 1 0 0
v 0.03395907 0.0313746006 -0.0503636286 1 0 0
v 0.0335016515 0.0313422146 -0.0519485705 1 0 0
v 0.0330462598 0.0313185168 -0.0535342039 1 0 0
v 0.0325807789 0.0312869517 -0.0551168134 1 0 0
v 0.0321036995 0.0312547527 -0.0566959521 1 0 0
v 0.0316288253 0.0312305715 -0.058275728 1 0 0
v 0.031134716 0.0311952574 -0.0598495564 1 0 0
v 0.0306637745 0.0311850251 -0.0614307792 0 1 0
v 0.030167239 0.0311537431 -0.0630035793 0 1 0
v 0.0296524282 0.0311133505 -0.0645704821 0 1 0
v 0.0291424271 0.0310995454 -0.0661394285 0 1 0
v 0.0285968017 0.0310592372 -0.067695998 0 1 0
v 0.0280552623 0.031025935 -0.0692541399 0 1 0
v 0.0275102839 0.0309897036 -0.070810909 0 1 0
v 0.0269595797 0.0309589778 -0.0723658658 0 1 0
v 0.0263990954 0.0309231048 -0.073917153 0 0.501961 1
v 0.0258282366 0.0308804387 -0.0754643288 0 0.501961 1
v 0.0252452649 0.0308372109 -0.0770070618 0 0.501961 1
v 0.0246786333 0.030841255 -0.0785565053 0 0.501961 1
v 0.0240599515 0.0307887184 -0.080084915 0 0.501961 1
v 0.0234345013 0.0307374579 -0.0816108162 0 0.501961 1
v 0.0228102289 0.0306985137 -0.083137525 0 0.501961 1
v 0.0221774048 0.0306450932 -0.0846603077 0 0.501961 1
v 0.0215500383 0.0306119706 -0.0861859592 1 0.784314 0
v 0.0209099975 0.0305723293 -0.0877061206 1 0.784314 0
v 0.0202604507 0.0305292126 -0.0892221324 1 0.784314 0
v 0.019616037 0.0304916996 -0.0907402788 1 0.784314 0
v 0.0189972796 0.0304789296 -0.092269614 1 0.784314 0
v 0.0183566961 0.0304271283 -0.0937890173 1 0.784314 0
v 0.0177126799 0.0303807476 -0.0953071399 1 0.784314 0
v 0.0170667884 0.0303398579 -0.0968247198 1 0.784314 0
v 0.0164101702 0.0302797519 -0.0983370319 0.705882 0 1
v 0.0157468113 0.0302285388 -0.0998466935 0.705882 0 1
v 0.0150671586 0.0301785774 -0.101349157 0.705882 0 1
v 0.0143991303 0.0301443225 -0.102857235 0.705882 0 1
v 0.0137221476 0.0301054623 -0.104361169 0.705882 0 1
v 0.0130374962 0.0300748478 -0.105861966 0.705882 0 1
v 0.0123702146 0.0300590771 -0.107370732 0.705882 0 1
v 0.0116728356 0.0300372837 -0.108865877 0.705882 0 1
v 0.0109695053 0.0300093464 -0.11035809 0.705882 0 1
v 0.0102609108 0.029976217 -0.11184772 0.705882 0 1
v 0.00955065812 0.0299610339 -0.113336725 0 0.862745 0.862745
v 0.00883421524 0.0299288675 -0.114822616 0 0.862745 0.862745
v 0.00810515007 0.0298793989 -0.116301912 0 0.862745 0.862745
v 0.00737236176 0.0298315447 -0.117779415 0 0.862745 0.862745
v 0.00663937595 0.0297946533 -0.119257031 0 0.862745 0.862745
v 0.00589233666 0.0297757877 -0.120727811 0 0.862745 0.862745
v 0.00513042064 0.029760049 -0.122191066 0 0.862745 0.862745
v 0.00436237811 0.0297351996 -0.123651042 0 0.862745 0.862745
v 0.00361447387 0.0297302356 -0.125121652 0 0.862745 0.862745
v 0.00286006569 0.0297051371 -0.126588494 0 0.862745 0.862745
v 0.00209777176 0.0296764671 -0.128051408 1 0.470588 0
v 0.00133413364 0.0296666736 -0.129513917 1 0.470588 0
v 0.000557252724 0.029651385 -0.130969379 1 0.470588 0
v -0.000225772881 0.029630811 -0.132421519 1 0.470588 0
v -0.0010161445 0.0296193349 -0.133869796 1 0.470588 0
v -0.00181216101 0.0295976736 -0.13531485 1 0.470588 0
v -0.00261027572 0.0295785485 -0.136758743 0.470588 1 0
v -0.00342023219 0.0295701196 -0.13819618 0.470588 1 0
v -0.00423085019 0.0295696696 -0.13963325 0.470588 1 0
v -0.00504278518 0.0295614442 -0.141069554 0.470588 1 0
v -0.00584971135 0.0295582214 -0.142508713 0.470588 1 0
v -0.00665936178 0.0295520033 -0.143946328 0.470588 1 0
v -0.00747042866 0.0295667284 -0.145382995 0.470588 1 0
v -0.00830298022 0.0295598603 -0.146806971 0.470588 1 0
v -0.00915856596 0.0295448337 -0.14821749 1 0 0.705882
v -0.0100337131 0.029515217 -0.149615636 1 0 0.705882
v -0.0109077477 0.0294807763 -0.15101463 1 0 0.705882
v -0.0117677313 0.0294717594 -0.152422626 1 0 0.705882
v -0.0126419867 0.0294597402 -0.153821673 1 0 0.705882
v -0.0135385198 0.0294351649 -0.155206538 1 0 0.705882
v -0.0144458901 0.0293925117 -0.156583922 1 0 0.705882
v -0.0153445878 0.0293760249 -0.157967445 1 0 0.705882
v -0.0162555345 0.0293478412 -0.159342729 0.313725 0.313725 1
v -0.0171677693 0.0293339384 -0.160717449 0.313725 0.313725 1
v -0.0180919558 0.0293321314 -0.162084267 0.313725 0.313725 1
v -0.0190214915 0.029308922 -0.163447174 0.313725 0.313725 1
v -0.0199459456 0.0292916414 -0.164813603 0.313725 0.313725 1
v -0.0208738204 0.0292738224 -0.166177697 0.313725 0.313725 1
v -0.0218128073 0.0292482443 -0.167534021 0.313725 0.313725 1
v -0.0227448537 0.0292597619 -0.168895231 0.313725 0.313725 1
v -0.0236800847 0.0292659731 -0.170254259 0.705882 0.470588 0.156863
v -0.0246114475 0.0292766954 -0.171616101 0.705882 0.470588 0.156863
v -0.0255214884 0.0293180196 -0.172991762 0.705882 0.470588 0.156863
v -0.026438248 0.0293550483 -0.17436305 0.705882 0.470588 0.156863
v -0.0273542668 0.0294014503 -0.175734483 0.705882 0.470588 0.156863
v -0.0282662802 0.029468037 -0.17710783 0.705882 0.470588 0.156863
v -0.0291711593 0.0295558231 -0.178484683 0.705882 0.470588 0.156863
v -0.0300700622 0.0296529534 -0.179864835 0.705882 0.470588 0.156863
v -0.030968273 0.0297503565 -0.181245429 0.470588 0.470588 0.470588
v -0.0318612165 0.0298474617 -0.18262942 0.470588 0.470588 0.470588
v -0.0327519968 0.0299534797 -0.184014123 0.470588 0.470588 0.470588
v -0.0336709285 0.0300384434 -0.185381731 0.470588 0.470588 0.470588
v -0.034552167 0.0301686677 -0.186769701 0.470588 0.470588 0.470588
v 0.0446362871 0.0304718297 -0.0136219521 0.313725 0.313725 1
v 0.0442343003 0.0304229274 -0.0152171119 0.313725 0.313725 1
v 0.0438669754 0.0304002347 -0.0168208542 0.313725 0.313725 1
v 0.04351094 0.0303850699 -0.0184274305 0.313725 0.313725 1
v 0.043155891 0.0303719128 -0.0200344176 0.313725 0.313725 1
v 0.0427788258 0.0303492418 -0.0216362173 0.313725 0.313725 1
v 0.0423980489 0.0303283333 -0.0232372367 0.313725 0.313725 1
v 0.0420237862 0.0303215176 -0.0248398835 0.313725 0.313725 1
v 0.0416339561 0.0303035695 -0.0264386909 0.705882 0.470588 0.156863
v 0.0412414096 0.0302837023 -0.0280366726 0.705882 0.470588 0.156863
v 0.040867288 0.0302782983 -0.0296390827 0.705882 0.470588 0.156863
v 0.040469909 0.0302524671 -0.0312357765 0.705882 0.470588 0.156863
v 0.0400744731 0.0302343745 -0.0328332489 0.705882 0.470588 0.156863
v 0.0396867488 0.0302251504 -0.0344326803 0.705882 0.470588 0.156863
v 0.0392793761 0.0302038065 -0.0360271126 0.470588 0.470588 0.470588
v 0.0388853083 0.0302011082 -0.0376250985 0.470588 0.470588 0.470588
v 0.0384746888 0.0301846989 -0.0392187401 0.470588 0.470588 0.470588
v 0.0380628266 0.030167865 -0.0408119148 0.470588 0.470588 0.470588
v 0.0376178867 0.0301214287 -0.0423957956 0.470588 0.470588 0.470588
v 0.0372254335 0.0301241908 -0.0439941787 0.470588 0.470588 0.470588
v 0.0368005263 0.03009526 -0.0455837023 0.470588 0.470588 0.470588
v 0.0363710162 0.0300644414 -0.0471718321 0.470588 0.470588 0.470588
v 0.0359450021 0.0300610509 -0.0487613962 1 0 0
v 0.0354860148 0.0300301229 -0.0503414625 1 0 0
v 0.0350438814 0.0300108048 -0.0519267028 1 0 0
v 0.0346058164 0.0300079614 -0.0535131864 1 0 0
v 0.0341549902 0.0299950466 -0.0550959435 1 0 0
v 0.0336895355 0.0299700612 -0.0566744055 1 0 0
v 0.033213614 0.0299351333 -0.0582495226 1 0 0
v 0.0327315805 0.0299089541 -0.0598227347 1 0 0
v 0.0322727452 0.0299073817 -0.0614028955 0 1 0
v 0.0317975268 0.029891845 -0.0629781521 0 1 0
v 0.0312861811 0.029853564 -0.0645420052 0 1 0
v 0.0307899521 0.0298498874 -0.0661112029 0 1 0
v 0.0302528994 0.0298167723 -0.0676665491 0 1 0
v 0.0297285874 0.0298018997 -0.0692264375 0 1 0
v 0.0291878652 0.0297701112 -0.0707801738 0 1 0
v 0.0286337364 0.0297282043 -0.0723291052 0 1 0
v 0.0280996121 0.0297175722 -0.0738858038 0 0.501961 1
v 0.0275278926 0.0296726501 -0.0754283757 0 0.501961 1
v 0.02696298 0.0296512952 -0.0769739983 0 0.501961 1
v 0.0263839444 0.0296252208 -0.0785141682 0 0.501961 1
v 0.0257899519 0.0295979288 -0.0800488616 0 0.501961 1
v 0.0251751075 0.0295530955 -0.0815747871 0 0.501961 1
v 0.024555609 0.029514615 -0.0830990434 0 0.501961 1
v 0.0239346399 0.0294814159 -0.0846228392 0 0.501961 1
v 0.023316707 0.0294520941 -0.086147971 1 0.784314 0
v 0.0226891515 0.0294202177 -0.087669018 1 0.784314 0
v 0.0220406031 0.0293793239 -0.0891810444 1 0.784314 0
v 0.021399383 0.0293463489 -0.0906963467 1 0.784314 0
v 0.0207751247 0.0293269046 -0.0922187525 1 0.784314 0
v 0.0201576546 0.0293086077 -0.0937440996 1 0.784314 0
v 0.0195050587 0.0292380024 -0.0952533479 1 0.784314 0
v 0.0188702349 0.0292153375 -0.096771395 1 0.784314 0
v 0.0182351164 0.0291813374 -0.0982892495 0.705882 0 1
v 0.0175794621 0.0291345214 -0.0997979318 0.705882 0 1
v 0.0169136579 0.0290930842 -0.101302415 0.705882 0 1
v 0.016246186 0.0290575109 -0.102806265 0.705882 0 1
v 0.0155704311 0.0290070575 -0.104306097 0.705882 0 1
v 0.0149027523 0.0289988831 -0.105810335 0.705882 0 1
v 0.0142244555 0.0289794374 -0.107309673 0.705882 0 1
v 0.0135494291 0.0289674805 -0.108810595 0.705882 0 1
v 0.0128465906 0.0289355109 -0.110298496 0.705882 0 1
v 0.0121478448 0.0289127867 -0.111788413 0.705882 0 1
v 0.0114370949 0.0288812551 -0.113272536 0 0.862745 0.862745
v 0.010743167 0.028871287 -0.114764704 0 0.862745 0.862745
v 0.0100265331 0.028835754 -0.116245893 0 0.862745 0.862745
v 0.00929934778 0.0287930181 -0.117721767 0 0.862745 0.862745
v 0.00857359251 0.0287590963 -0.119198489 0 0.862745 0.862745
v 0.00782988268 0.0287204169 -0.120666181 0 0.862745 0.862745
v 0.00707865119 0.0287144799 -0.122130582 0 0.862745 0.862745
v 0.00631081302 0.0286873187 -0.123585985 0 0.862745 0.862745
v 0.00554498538 0.0286611959 -0.12504241 0 0.862745 0.862745
v 0.00479747278 0.0286510239 -0.126508539 0 0.862745 0.862745
v 0.00405232758 0.0286360734 -0.127975771 1 0.470588 0
v 0.00329763426 0.028612435 -0.129438112 1 0.470588 0
v 0.00251360397 0.0285869583 -0.130884999 1 0.470588 0
v 0.00173811344 0.0285745576 -0.132336602 1 0.470588 0
v 0.000962398276 0.0285648769 -0.133788154 1 0.470588 0
v 0.000169545262 0.0285441413 -0.135230302 1 0.470588 0
v -0.000630574314 0.0285158729 -0.136668268 1 0.470588 0
v -0.00143636611 0.0284983526 -0.138103238 1 0.470588 0
v -0.0022379534 0.0284984913 -0.139540636 0.470588 1 0
v -0.00304276786 0.0285010509 -0.14097627 0.470588 1 0
v -0.00384996004 0.0284960212 -0.142410485 0.470588 1 0
v -0.00465837668 0.0284861564 -0.143843983 0.470588 1 0
v -0.00547417219 0.02847866 -0.145273357 0.470588 1 0
v -0.00628222445 0.0285008449 -0.146707029 0.470588 1 0
v -0.00712601062 0.0284843784 -0.148119732 0.470588 1 0
v -0.00798992608 0.0284556261 -0.149520309 0.470588 1 0
v -0.00886423171 0.0284190726 -0.150914176 1 0 0.705882
v -0.00971909485 0.0284016426 -0.152320505 1 0 0.705882
v -0.0105907967 0.0283891183 -0.153716449 1 0 0.705882
v -0.0114761526 0.0283682083 -0.155103677 1 0 0.705882
v -0.0123717342 0.02834194 -0.156484288 1 0 0.705882
v -0.0132676355 0.028312694 -0.157864596 1 0 0.705882
v -0.0141632669 0.028291584 -0.159245246 1 0 0.705882
v -0.0150700133 0.0282724984 -0.160618596 1 0 0.705882
v -0.0159901565 0.0282497908 -0.16198292 0.313725 0.313725 1
v -0.016919324 0.0282307184 -0.163341221 0.313725 0.313725 1
v -0.0178568852 0.0281936277 -0.164693419 0.313725 0.313725 1
v -0.0187751588 0.0281836195 -0.166059166 0.313725 0.313725 1
v -0.0197006509 0.0281681909 -0.167419927 0.313725 0.313725 1
v -0.0206406809 0.0281399021 -0.168770589 0.313725 0.313725 1
v -0.0215700482 0.0281549794 -0.170128862 0.313725 0.313725 1
v -0.0225059211 0.0281567447 -0.171482672 0.313725 0.313725 1
v -0.02343484 0.0281667466 -0.172841105 0.705882 0.470588 0.156863
v -0.0243489501 0.0281967218 -0.174209401 0.705882 0.470588 0.156863
v -0.0252683538 0.0282273536 -0.175574055 0.705882 0.470588 0.156863
v -0.0261884 0.0282673717 -0.176938005 0.705882 0.470588 0.156863
v -0.0271064053 0.0283219903 -0.178302824 0.705882 0.470588 0.156863
v -0.0280134391 0.0284035583 -0.179673737 0.705882 0.470588 0.156863
v -0.0289298093 0.0284684793 -0.181039353 0.705882 0.470588 0.156863
v -0.0298404253 0.0285403697 -0.182408425 0.705882 0.470588 0.156863
v -0.0307427579 0.0286225579 -0.183782173 0.470588 0.470588 0.470588
v -0.0316628335 0.0286887212 -0.185145235 0.470588 0.470588 0.470588
v -0.0325794196 0.0287700947 -0.186509662 0.470588 0.470588 0.470588
v -0.0334921038 0.0288546996 -0.187876415 0.470588 0.470588 0.470588
v -0.0344066213 0.0289403625 -0.189241847 0.470588 0.470588 0.470588
v 0.0456626631 0.0287459557 -0.01362127 0.313725 0.313725 1
v 0.0452950648 0.028710768 -0.0152178025 0.313725 0.313725 1
v 0.0449546783 0.0286997689 -0.0168205625 0.313725 0.313725 1
v 0.0446056144 0.0286910777 -0.0184214836 0.313725 0.313725 1
v 0.0442565217 0.0286867941 -0.020022544 0.313725 0.313725 1
v 0.0439023132 0.0286776802 -0.0216225118 0.313725 0.313725 1
v 0.0435344235 0.0286652078 -0.0232193321 0.313725 0.313725 1
v 0.0431666669 0.0286592203 -0.024816211 0.313725 0.313725 1
v 0.0427762115 0.0286402666 -0.0264073042 0.705882 0.470588 0.156863
v 0.0423939698 0.028626691 -0.0280005789 0.705882 0.470588 0.156863
v 0.0420190359 0.0286188872 -0.0295955438 0.705882 0.470588 0.156863
v 0.0416504833 0.0286157714 -0.0311921728 0.705882 0.470588 0.156863
v 0.041275158 0.0286083653 -0.0327868967 0.705882 0.470588 0.156863
v 0.0409037431 0.0286046199 -0.0343829697 0.705882 0.470588 0.156863
v 0.0405147286 0.028594952 -0.0359742841 0.705882 0.470588 0.156863
v 0.0401230589 0.0285869764 -0.0375652209 0.705882 0.470588 0.156863
v 0.0397457038 0.0285908606 -0.0391598925 0.470588 0.470588 0.470588
v 0.0393399446 0.028580089 -0.0407473973 0.470588 0.470588 0.470588
v 0.0389192904 0.0285604259 -0.0423310495 0.470588 0.470588 0.470588
v 0.0385148773 0.0285476823 -0.0439183646 0.470588 0.470588 0.470588
v 0.0381195475 0.028537727 -0.0455077049 0.470588 0.470588 0.470588
v 0.0377415591 0.0285468823 -0.0471019912 0.470588 0.470588 0.470588
v 0.0373042137 0.0285364391 -0.0486811622 0.470588 0.470588 0.470588
v 0.0368822655 0.0285367416 -0.0502646404 0.470588 0.470588 0.470588
v 0.0364449356 0.0285222142 -0.0518436686 1 0 0
v 0.0360079313 0.0285076962 -0.0534229759 1 0 0
v 0.0355689419 0.0285018989 -0.0550017988 1 0 0
v 0.0351280422 0.0284992292 -0.0565800967 1 0 0
v 0.0346825464 0.0284979603 -0.058157079 1 0 0
v 0.0342052432 0.0284737314 -0.0597245732 1 0 0
v 0.033734278 0.0284562441 -0.0612939213 1 0 0
v 0.0332512509 0.0284304535 -0.0628596362 1 0 0
v 0.0327858804 0.0284348439 -0.0644307359 0 1 0
v 0.0323007262 0.0284317175 -0.0659958654 0 1 0
v 0.031790576 0.0284161864 -0.0675527737 0 1 0
v 0.0312531982 0.0283852429 -0.0691003236 0 1 0
v 0.0307543127 0.028393316 -0.0706609499 0 1 0
v 0.0301992325 0.0283474197 -0.0722020787 0 1 0
v 0.0296766483 0.0283452311 -0.0737552145 0 1 0
v 0.0291257319 0.0283189622 -0.0752975746 0 1 0
v 0.0285590351 0.0282847857 -0.0768340154 0 0.501961 1
v 0.0280041254 0.0282703824 -0.0783752251 0 0.501961 1
v 0.0274252276 0.0282586349 -0.0799080471 0 0.501961 1
v 0.0268180674 0.0282222768 -0.0814295765 0 0.501961 1
v 0.0262074741 0.0281901767 -0.0829498646 0 0.501961 1
v 0.0255898272 0.0281554735 -0.0844672632 0 0.501961 1
v 0.0249758781 0.0281229497 -0.0859862255 0 0.501961 1
v 0.0243768423 0.0281138277 -0.0875114575 0 0.501961 1
v 0.0237531942 0.0280935842 -0.0890266235 1 0.784314 0
v 0.0231127929 0.0280594639 -0.090534392 1 0.784314 0
v 0.0224700293 0.028020845 -0.0920409498 1 0.784314 0
v 0.0218610639 0.0280099235 -0.093562018 1 0.784314 0
v 0.021243907 0.0279820728 -0.0950798254 1 0.784314 0
v 0.0206059427 0.0279395966 -0.0965884214 1 0.784314 0
v 0.0199725529 0.0279117483 -0.0980985482 1 0.784314 0
v 0.019356413 0.0279030066 -0.0996161673 1 0.784314 0
v 0.0186965338 0.0278533999 -0.101115315 0.705882 0 1
v 0.0180441062 0.0278328239 -0.102618431 0.705882 0 1
v 0.0173728779 0.0277876774 -0.104112617 0.705882 0 1
v 0.0167045677 0.0277573935 -0.1056083 0.705882 0 1
v 0.0160484382 0.0277614629 -0.107109939 0.705882 0 1
v 0.0153725192 0.0277481417 -0.108602651 0.705882 0 1
v 0.0146909975 0.0277320842 -0.110092853 0.705882 0 1
v 0.0139877479 0.027695889 -0.111572559 0.705882 0 1
v 0.0132835396 0.0276659134 -0.113051888 0 0.862745 0.862745
v 0.0125687297 0.0276283896 -0.11452578 0 0.862745 0.862745
v 0.0118872114 0.0276352383 -0.116016018 0 0.862745 0.862745
v 0.0111723509 0.0276054417 -0.117490306 0 0.862745 0.862745
v 0.0104581686 0.0275780512 -0.118964891 0 0.862745 0.862745
v 0.00972928941 0.0275350919 -0.12043196 0 0.862745 0.862745
v 0.00899237476 0.0275177031 -0.121895415 0 0.862745 0.862745
v 0.00823894886 0.0274999619 -0.123350357 0 0.862745 0.862745
v 0.00747215428 0.027473389 -0.12479818 0 0.862745 0.862745
v 0.0067215397 0.0274536019 -0.126254409 0 0.862745 0.862745
v 0.00596642778 0.0274262766 -0.127708324 1 0.470588 0
v 0.00523161819 0.0274274378 -0.129173036 1 0.470588 0
v 0.00447156227 0.027404638 -0.130624604 1 0.470588 0
v 0.00369564479 0.0273807806 -0.132067771 1 0.470588 0
v 0.00291921393 0.0273657482 -0.133510811 1 0.470588 0
v 0.0021361871 0.0273490555 -0.13495022 1 0.470588 0
v 0.00134643841 0.0273260671 -0.136385903 1 0.470588 0
v 0.000563196723 0.027306701 -0.137825209 1 0.470588 0
v -0.000245754946 0.027294106 -0.139250285 0.470588 1 0
v -0.00105444002 0.0272850857 -0.140675545 0.470588 1 0
v -0.00186441824 0.0272751906 -0.142100074 0.470588 1 0
v -0.00266588642 0.0272725141 -0.143529411 0.470588 1 0
v -0.00346690889 0.0272747651 -0.144958982 0.470588 1 0
v -0.00427109123 0.027278521 -0.146386703 0.470588 1 0
v -0.00508830012 0.0272796841 -0.147807037 0.470588 1 0
v -0.0059337283 0.0272586978 -0.149210514 0.470588 1 0
v -0.00679515256 0.0272260677 -0.150604146 1 0 0.705882
v -0.00765840998 0.0272034617 -0.151996839 1 0 0.705882
v -0.00851589574 0.027194308 -0.153393267 1 0 0.705882
v -0.00938857746 0.0271706169 -0.154779999 1 0 0.705882
v -0.0102702728 0.0271447221 -0.156161041 1 0 0.705882
v -0.0111604141 0.027116974 -0.157536613 1 0 0.705882
v -0.0120431171 0.0271005938 -0.158917171 1 0 0.705882
v -0.0129376163 0.0270886419 -0.160290175 1 0 0.705882
v -0.0138405532 0.0270741433 -0.161657547 0.313725 0.313725 1
v -0.0147615802 0.0270534583 -0.16301278 0.313725 0.313725 1
v -0.0156896899 0.0270228763 -0.164362938 0.313725 0.313725 1
v -0.0166240897 0.0269807618 -0.165708507 0.313725 0.313725 1
v -0.017538678 0.0269653854 -0.1670681 0.313725 0.313725 1
v -0.0184628963 0.0269448982 -0.168421047 0.313725 0.313725 1
v -0.0193973287 0.0269231383 -0.169767057 0.313725 0.313725 1
v -0.0203243007 0.0269379636 -0.171118318 0.313725 0.313725 1
v -0.0212579525 0.026937712 -0.172464888 0.705882 0.470588 0.156863
v -0.0221877045 0.0269405372 -0.173814108 0.705882 0.470588 0.156863
v -0.0231091794 0.0269529951 -0.175169072 0.705882 0.470588 0.156863
v -0.0240254884 0.0269823512 -0.176527265 0.705882 0.470588 0.156863
v -0.0249528812 0.0270084171 -0.17787802 0.705882 0.470588 0.156863
v -0.0258781803 0.0270455256 -0.179229925 0.705882 0.470588 0.156863
v -0.0267953576 0.0270993441 -0.180586879 0.705882 0.470588 0.156863
v -0.0277148254 0.0271576404 -0.181942075 0.705882 0.470588 0.156863
v -0.0286302589 0.0272206655 -0.183299754 0.470588 0.470588 0.470588
v -0.0295529011 0.0272709477 -0.184653135 0.470588 0.470588 0.470588
v -0.0304726102 0.0273368374 -0.186007664 0.470588 0.470588 0.470588
v -0.0314006672 0.0273978841 -0.187356761 0.470588 0.470588 0.470588
v -0.0323249308 0.0274596994 -0.188708378 0.470588 0.470588 0.470588
v -0.0332501969 0.0275198086 -0.190059495 0.470588 0.470588 0.470588
v -0.0341841309 0.0275941156 -0.19140394 0.470588 0.470588 0.470588
v 0.0465267598 0.0269346042 -0.0136203323 0.313725 0.313725 1
v 0.0461817642 0.0269106229 -0.0152385943 0.313725 0.313725 1
v 0.0458574165 0.0269034005 -0.0168612439 0.313725 0.313725 1
v 0.0455125159 0.0269010334 -0.0184796474 0.313725 0.313725 1
v 0.0451556005 0.0268971881 -0.0200955299 0.313725 0.313725 1
v 0.0448023546 0.0268905408 -0.0217122199 0.313725 0.313725 1
v 0.0444430544 0.0268812338 -0.0233275709 0.313725 0.313725 1
v 0.0440726654 0.0268758639 -0.0249403283 0.313725 0.313725 1
v 0.0436892641 0.026867093 -0.0265500195 0.705882 0.470588 0.156863
v 0.0433242663 0.0268630897 -0.0281640108 0.705882 0.470588 0.156863
v 0.0429365797 0.0268523258 -0.029772672 0.705882 0.470588 0.156863
v 0.042584335 0.0268530386 -0.0313894869 0.705882 0.470588 0.156863
v 0.0422119802 0.0268517447 -0.0330017253 0.705882 0.470588 0.156863
v 0.0418369823 0.0268517378 -0.0346133977 0.705882 0.470588 0.156863
v 0.0414596153 0.0268491645 -0.0362244193 0.705882 0.470588 0.156863
v 0.0410723455 0.0268481564 -0.0378331145 0.705882 0.470588 0.156863
v 0.0406686032 0.0268307926 -0.0394374442 0.470588 0.470588 0.470588
v 0.0402929584 0.0268370146 -0.0410487382 0.470588 0.470588 0.470588
v 0.0399048169 0.0268420172 -0.042657085 0.470588 0.470588 0.470588
v 0.039480934 0.0268321363 -0.0442566999 0.470588 0.470588 0.470588
v 0.0391045872 0.0268388278 -0.0458680641 0.470588 0.470588 0.470588
v 0.038721562 0.026844516 -0.0474777301 0.470588 0.470588 0.470588
v 0.0382880475 0.0268413533 -0.0490746308 0.470588 0.470588 0.470588
v 0.0378527913 0.0268306713 -0.0506705118 0.470588 0.470588 0.470588
v 0.03746479 0.0268483093 -0.0522791405 1 0 0
v 0.03704327 0.0268554173 -0.0538792769 1 0 0
v 0.0366046467 0.0268545921 -0.0554748982 1 0 0
v 0.0361652254 0.026851848 -0.0570703429 1 0 0
v 0.0357184301 0.0268492072 -0.0586636779 1 0 0
v 0.035250972 0.0268340225 -0.0602510262 1 0 0
v 0.0347800114 0.0268184837 -0.0618373199 1 0 0
v 0.0342980439 0.0268064879 -0.0634200615 1 0 0
v 0.0338383881 0.0268179707 -0.0650094944 0 1 0
v 0.033357926 0.0268209935 -0.0665926419 0 1 0
v 0.0328375703 0.0268011857 -0.0681633137 0 1 0
v 0.0322912648 0.0267748132 -0.0697247878 0 1 0
v 0.0317986024 0.0267793263 -0.0713045629 0 1 0
v 0.0312767995 0.026776052 -0.072874891 0 1 0
v 0.030741875 0.0267661588 -0.0744408422 0 1 0
v 0.030185939 0.0267452696 -0.0759993802 0 1 0
v 0.0296589976 0.0267486563 -0.0775679153 0 0.501961 1
v 0.0290935782 0.0267354573 -0.0791229267 0 0.501961 1
v 0.0285102338 0.0267214751 -0.0806711355 0 0.501961 1
v 0.0278958246 0.0266865256 -0.0822071597 0 0.501961 1
v 0.0272939818 0.0266628148 -0.0837481791 0 0.501961 1
v 0.0266626995 0.0266285688 -0.0852774981 0 0.501961 1
v 0.0260665255 0.0266217399 -0.0868207922 0 0.501961 1
v 0.0254492512 0.0266009706 -0.0883557372 0 0.501961 1
v 0.0248405253 0.0265979973 -0.0898944683 1 0.784314 0
v 0.0242008607 0.026575842 -0.0914201641 1 0.784314 0
v 0.0235664614 0.0265522833 -0.0929478341 1 0.784314 0
v 0.0229280278 0.0265189767 -0.0944735314 1 0.784314 0
v 0.0223721641 0.0265481304 -0.0960318567 1 0.784314 0
v 0.0217148255 0.026502424 -0.097549815 1 0.784314 0
v 0.0210978933 0.0264922082 -0.0990847805 1 0.784314 0
v 0.0204737893 0.0264773722 -0.100617156 1 0.784314 0
v 0.0198074357 0.0264390497 -0.102131386 0.705882 0 1
v 0.0191375478 0.0264016762 -0.103643769 0.705882 0 1
v 0.0184702889 0.0263750116 -0.105157553 0.705882 0 1
v 0.017815245 0.0263769776 -0.106676774 0.705882 0 1
v 0.0171375225 0.0263588832 -0.108185885 0.705882 0 1
v 0.0164723681 0.0263552667 -0.10970069 0.705882 0 1
v 0.0157626727 0.0263323031 -0.111195266 0.705882 0 1
v 0.0150602241 0.0263040587 -0.112693354 0.705882 0 1
v 0.0143585624 0.0262896661 -0.114191998 0 0.862745 0.862745
v 0.0136330826 0.0262531423 -0.115678594 0 0.862745 0.862745
v 0.0129278741 0.0262393352 -0.117175602 0 0.862745 0.862745
v 0.0122127922 0.0262166765 -0.118667646 0 0.862745 0.862745
v 0.0114940447 0.0261907575 -0.120157722 0 0.862745 0.862745
v 0.0107693294 0.0261702961 -0.121645219 0 0.862745 0.862745
v 0.0100115776 0.0261506819 -0.123116081 0 0.862745 0.862745
v 0.00924825191 0.0261345652 -0.124584267 0 0.862745 0.862745
v 0.00848262838 0.0261130261 -0.126050982 0 0.862745 0.862745
v 0.00772219318 0.026090155 -0.127520593 0 0.862745 0.862745
v 0.00697548121 0.0260799345 -0.128997286 1 0.470588 0
v 0.00622478661 0.0260752095 -0.130471905 1 0.470588 0
v 0.00546378638 0.0260689024 -0.131940902 1 0.470588 0
v 0.00467215534 0.026042389 -0.133393851 1 0.470588 0
v 0.00387288916 0.0260043149 -0.134842367 1 0.470588 0
v 0.00307638526 0.0259810699 -0.136292685 1 0.470588 0
v 0.00228701028 0.0259763593 -0.137747129 1 0.470588 0
v 0.00148800701 0.0259684498 -0.139196235 1 0.470588 0
v 0.000676063361 0.0259537089 -0.140638101 0.470588 1 0
v -0.000148307855 0.025931627 -0.142072814 0.470588 1 0
v -0.000978225051 0.0259095213 -0.143504348 0.470588 1 0
v -0.00177630758 0.0259255323 -0.144953816 0.470588 1 0
v -0.00257960449 0.0259369405 -0.146400576 0.470588 1 0
v -0.0033992899 0.0259344735 -0.147838012 0.470588 1 0
v -0.00424019825 0.0259180813 -0.149263103 0.470588 1 0
v -0.0050950067 0.0258992917 -0.150679856 0.470588 1 0
v -0.0059694464 0.0258755548 -0.152084567 1 0 0.705882
v -0.00684044346 0.0258591438 -0.153491548 1 0 0.705882
v -0.00770920354 0.0258390145 -0.154899823 1 0 0.705882
v -0.0085969152 0.0258115078 -0.156296035 1 0 0.705882
v -0.00949302714 0.0257833959 -0.157686906 1 0 0.705882
v -0.0103944805 0.0257594953 -0.159074424 1 0 0.705882
v -0.011283493 0.025753501 -0.160470178 1 0 0.705882
v -0.0121886745 0.0257280643 -0.161854952 1 0 0.705882
v -0.0131122324 0.0257212628 -0.163228096 0.313725 0.313725 1
v -0.0140494553 0.0256962014 -0.164591646 0.313725 0.313725 1
v -0.0149858944 0.02566653 -0.165955682 0.313725 0.313725 1
v -0.0159103366 0.0256428695 -0.167328022 0.313725 0.313725 1
v -0.0168430382 0.0256127482 -0.168694588 0.313725 0.313725 1
v -0.0177754724 0.0256039315 -0.17006156 0.313725 0.313725 1
v -0.0187157194 0.0256064938 -0.171423148 0.313725 0.313725 1
v -0.0196566804 0.0256122656 -0.172784339 0.313725 0.313725 1
v -0.0206032356 0.0256074411 -0.174141687 0.705882 0.470588 0.156863
v -0.0215396507 0.0256105098 -0.175506073 0.705882 0.470588 0.156863
v -0.0224760215 0.0256208983 -0.176870434 0.705882 0.470588 0.156863
v -0.0234209065 0.0256329753 -0.178228876 0.705882 0.470588 0.156863
v -0.0243664451 0.0256546984 -0.179586792 0.705882 0.470588 0.156863
v -0.0253055108 0.025694139 -0.180948816 0.705882 0.470588 0.156863
v -0.0262402682 0.025742533 -0.182313489 0.705882 0.470588 0.156863
v -0.0271760243 0.0257907156 -0.183677442 0.705882 0.470588 0.156863
v -0.0281159211 0.0258320164 -0.185038769 0.470588 0.470588 0.470588
v -0.0290611499 0.0258741709 -0.1863964 0.470588 0.470588 0.470588
v -0.0300082821 0.0259267386 -0.187751998 0.470588 0.470588 0.470588
v -0.0309578226 0.0259688747 -0.189106385 0.470588 0.470588 0.470588
v -0.0319048277 0.0260191727 -0.19046241 0.470588 0.470588 0.470588
v -0.032876838 0.0260501574 -0.191801291 0.470588 0.470588 0.470588
v -0.0338415421 0.0260944453 -0.193145029 0.470588 0.470588 0.470588
v 0.0472559 0.025065888 -0.0136192022 0.313725 0.313725 1
v 0.0469244768 0.0250511496 -0.0152254656 0.313725 0.313725 1
v 0.0466096556 0.0250456967 -0.0168350615 0.313725 0.313725 1
v 0.0462768848 0.0250445421 -0.0184410489 0.313725 0.313725 1
v 0.0459394521 0.0250482977 -0.0200460456 0.313725 0.313725 1
v 0.0455917179 0.0250413297 -0.021648854 0.313725 0.313725 1
v 0.0452378829 0.0250365187 -0.0232503688 0.313725 0.313725 1
v 0.0448820198 0.0250334829 -0.0248514214 0.313725 0.313725 1
v 0.0445086577 0.0250255615 -0.0264484978 0.705882 0.470588 0.156863
v 0.0441520406 0.0250187949 -0.0280494078 0.705882 0.470588 0.156863
v 0.0437705111 0.0250123455 -0.0296445513 0.705882 0.470588 0.156863
v 0.0434179613 0.0250046472 -0.0312462778 0.705882 0.470588 0.156863
v 0.0430546126 0.0250065616 -0.0328454986 0.705882 0.470588 0.156863
v 0.0426816396 0.0250109251 -0.0344426047 0.705882 0.470588 0.156863
v 0.0423040989 0.0250044119 -0.0360386382 0.705882 0.470588 0.156863
v 0.0419388154 0.0250111486 -0.0376375536 0.705882 0.470588 0.156863
v 0.041539892 0.0250018132 -0.0392283979 0.470588 0.470588 0.470588
v 0.0411623215 0.0250099424 -0.0408243664 0.470588 0.470588 0.470588
v 0.040777468 0.0250166801 -0.0424185293 0.470588 0.470588 0.470588
v 0.0403950735 0.0250214831 -0.0440133822 0.470588 0.470588 0.470588
v 0.0400019683 0.0250195227 -0.0456057272 0.470588 0.470588 0.470588
v 0.0396102094 0.0250188984 -0.047198392 0.470588 0.470588 0.470588
v 0.0392130122 0.0250191364 -0.048789721 0.470588 0.470588 0.470588
v 0.0387943989 0.0250143881 -0.0503753307 0.470588 0.470588 0.470588
v 0.0384072366 0.0250218945 -0.0519690948 1 0 0
v 0.0379897058 0.0250252469 -0.053555221 1 0 0
v 0.0375735624 0.0250302776 -0.0551416165 1 0 0
v 0.037135484 0.0250279541 -0.0567220472 1 0 0
v 0.0367155938 0.0250497807 -0.0583073267 1 0 0
v 0.0362605783 0.0250400713 -0.0598830747 1 0 0
v 0.0358185473 0.0250377831 -0.061462471 1 0 0
v 0.0353961322 0.0250475487 -0.0630471932 1 0 0
v 0.0349035649 0.0250329098 -0.0646113704 0 1 0
v 0.0344464956 0.0250441421 -0.066186488 0 1 0
v 0.033939249 0.0250313914 -0.0677460743 0 1 0
v 0.0334389531 0.0250279726 -0.0693080238 0 1 0
v 0.0329302379 0.0250227686 -0.0708671061 0 1 0
v 0.0324269668 0.0250258023 -0.0724281485 0 1 0
v 0.0319115304 0.0250245439 -0.0739851876 0 1 0
v 0.0313918081 0.0250188457 -0.0755408054 0 1 0
v 0.0308766087 0.0250121026 -0.0770979341 0 0.501961 1
v 0.0303384852 0.025004645 -0.0786471674 0 0.501961 1
v 0.0297641519 0.0249879814 -0.0801832602 0 0.501961 1
v 0.0291839062 0.0249851276 -0.0817171509 0 0.501961 1
v 0.0286083031 0.0249697252 -0.0832525206 0 0.501961 1
v 0.028021787 0.0249553435 -0.084783961 0 0.501961 1
v 0.0274380499 0.0249514141 -0.0863158544 0 0.501961 1
v 0.0268185397 0.0249322463 -0.0878343816 0 0.501961 1
v 0.026238262 0.0249285177 -0.0893682773 1 0.784314 0
v 0.0256118852 0.0249091455 -0.090883745 1 0.784314 0
v 0.025002651 0.0249057113 -0.0924065083 1 0.784314 0
v 0.0243783147 0.024889627 -0.0939231131 1 0.784314 0
v 0.0237837291 0.0248854099 -0.0954514393 1 0.784314 0
v 0.0232102574 0.024884524 -0.0969879297 1 0.784314 0
v 0.0225876041 0.0248732952 -0.0985052332 1 0.784314 0
v 0.0219662071 0.0248629538 -0.100023075 1 0.784314 0
v 0.0213448734 0.0248502594 -0.101540944 0.705882 0 1
v 0.0206930168 0.024821484 -0.103045708 0.705882 0 1
v 0.0200535907 0.0248074918 -0.104555778 0.705882 0 1
v 0.0194309301 0.0248069606 -0.106073015 0.705882 0 1
v 0.0187410284 0.0247822585 -0.107560625 0.705882 0 1
v 0.0180844247 0.024778298 -0.109063127 0.705882 0 1
v 0.0174231094 0.0247725771 -0.110563813 0.705882 0 1
v 0.0166985538 0.0247281953 -0.112034525 0.705882 0 1
v 0.0160298009 0.0247281628 -0.113531935 0 0.862745 0.862745
v 0.0153662912 0.0247358686 -0.115031715 0 0.862745 0.862745
v 0.0146419226 0.02469349 -0.116502646 0 0.862745 0.862745
v 0.0139380073 0.0246724022 -0.117983663 0 0.862745 0.862745
v 0.0132385518 0.0246572494 -0.119467009 0 0.862745 0.862745
v 0.0125525692 0.0246639127 -0.120956817 0 0.862745 0.862745
v 0.0118336948 0.0246502912 -0.122430477 0 0.862745 0.862745
v 0.0110744962 0.0246252209 -0.123883901 0 0.862745 0.862745
v 0.0103300518 0.0246221023 -0.125345218 0 0.862745 0.862745
v 0.00958089769 0.0246133132 -0.126803969 0 0.862745 0.862745
v 0.00882728071 0.0245974148 -0.128260635 1 0.470588 0
v 0.00807734063 0.0245752752 -0.129719142 1 0.470588 0
v 0.0073363469 0.0245709698 -0.13118231 1 0.470588 0
v 0.00659647259 0.0245757963 -0.132646023 1 0.470588 0
v 0.00581325644 0.0245446638 -0.134086731 1 0.470588 0
v 0.00502760743 0.0245181306 -0.135526193 1 0.470588 0
v 0.00424191002 0.0245009914 -0.136965569 1 0.470588 0
v 0.00346412071 0.0244953906 -0.138409403 1 0.470588 0
v 0.00267518925 0.0244947036 -0.139847364 0.470588 1 0
v 0.00186276082 0.0244747645 -0.141271952 0.470588 1 0
v 0.00103562845 0.0244425467 -0.1426879 0.470588 1 0
v 0.00022495002 0.0244347996 -0.144113594 0.470588 1 0
v -0.000578676177 0.0244373736 -0.145543244 0.470588 1 0
v -0.00137647991 0.0244456702 -0.146976269 0.470588 1 0
v -0.00218851522 0.0244418629 -0.148401171 0.470588 1 0
v -0.00301705195 0.0244314715 -0.149816442 0.470588 1 0
v -0.00386165823 0.0244206986 -0.151222107 0.470588 1 0
v -0.00472812993 0.0243965071 -0.152614507 0.470588 1 0
v -0.0055760134 0.024381321 -0.154018346 1 0 0.705882
v -0.00644176919 0.0243572526 -0.155411017 1 0 0.705882
v -0.00732431144 0.0243294798 -0.156793202 1 0 0.705882
v -0.00820876436 0.0243133602 -0.158174346 1 0 0.705882
v -0.00909069596 0.0243048449 -0.159557181 1 0 0.705882
v -0.00997402438 0.0242927174 -0.160939016 1 0 0.705882
v -0.0108679504 0.0242686784 -0.162313891 1 0 0.705882
v -0.011762726 0.0242633678 -0.163688479 1 0 0.705882
v -0.0126853904 0.0242473668 -0.165044274 0.313725 0.313725 1
v -0.0136226827 0.0242188093 -0.166389867 0.313725 0.313725 1
v -0.0145281855 0.024196452 -0.16775723 0.313725 0.313725 1
v -0.015447455 0.0241756481 -0.169115296 0.313725 0.313725 1
v -0.0163775173 0.0241663938 -0.17046618 0.313725 0.313725 1
v -0.0173127554 0.0241614585 -0.171813355 0.313725 0.313725 1
v -0.0182459147 0.0241602597 -0.173162146 0.313725 0.313725 1
v -0.0191877995 0.0241497941 -0.174504763 0.313725 0.313725 1
v -0.0201132716 0.0241557604 -0.175858871 0.705882 0.470588 0.156863
v -0.0210453719 0.0241595901 -0.177208408 0.705882 0.470588 0.156863
v -0.0219824555 0.0241636069 -0.178554496 0.705882 0.470588 0.156863
v -0.0229286831 0.0241723648 -0.179894168 0.705882 0.470588 0.156863
v -0.0238667893 0.0242046562 -0.181239158 0.705882 0.470588 0.156863
v -0.024798953 0.0242440643 -0.18258799 0.705882 0.470588 0.156863
v -0.0257399806 0.0242763056 -0.183930819 0.705882 0.470588 0.156863
v -0.0266879181 0.0243012857 -0.185269024 0.705882 0.470588 0.156863
v -0.027633723 0.0243299974 -0.186608628 0.470588 0.470588 0.470588
v -0.0285830558 0.0243686487 -0.187945517 0.470588 0.470588 0.470588
v -0.0295367424 0.0243978991 -0.189279525 0.470588 0.470588 0.470588
v -0.0304947865 0.0244240501 -0.190610503 0.470588 0.470588 0.470588
v -0.031469094 0.0244497533 -0.191929663 0.470588 0.470588 0.470588
v -0.0324538142 0.0244668146 -0.193241094 0.470588 0.470588 0.470588
v -0.0334264681 0.0244981578 -0.194561345 0.470588 0.470588 0.470588
v 0.0478585727 0.0231535841 -0.0136181458 0 1 0
v 0.0475409894 0.0231480746 -0.0152370279 0 1 0
v 0.0472201469 0.0231425493 -0.0168552622 0 1 0
v 0.0468966187 0.023142984 -0.0184729677 0 1 0
v 0.0465722776 0.0231478109 -0.0200904743 0 1 0
v 0.0462249827 0.0231431961 -0.0217032829 0 1 0
v 0.0458761468 0.0231393273 -0.0233157554 0 1 0
v 0.0455205046 0.0231312786 -0.0249267168 0 1 0
v 0.0451516504 0.0231268325 -0.0265347131 0 0.501961 1
v 0.0447802449 0.0231205918 -0.0281420416 0 0.501961 1
v 0.0444155958 0.023119448 -0.0297509711 0 0.501961 1
v 0.0440558592 0.0231134505 -0.0313609731 0 0.501961 1
v 0.0436907076 0.0231156841 -0.032969785 0 0.501961 1
v 0.0433151269 0.0231167622 -0.0345761905 0 0.501961 1
v 0.0429369391 0.0231168919 -0.0361820276 0 0.501961 1
v 0.0425600187 0.0231213795 -0.0377881357 0 0.501961 1
v 0.0421629518 0.02311614 -0.0393893746 1 0.784314 0
v 0.0417747789 0.0231195261 -0.0409927785 1 0.784314 0
v 0.0413929751 0.0231244449 -0.0425977139 1 0.784314 0
v 0.0410118079 0.0231267302 -0.0442028184 1 0.784314 0
v 0.0406185356 0.0231248107 -0.0458050292 1 0.784314 0
v 0.0402211031 0.0231230819 -0.0474062243 1 0.784314 0
v 0.0398130334 0.0231214967 -0.0490047346 1 0.784314 0
v 0.0394129712 0.0231260075 -0.0506052002 1 0.784314 0
v 0.0390130047 0.0231334284 -0.052205666 0.705882 0 1
v 0.038608438 0.0231456605 -0.0538046702 0.705882 0 1
v 0.0381579089 0.0231358411 -0.0553914965 0.705882 0 1
v 0.0377307018 0.0231250617 -0.056984761 0.705882 0 1
v 0.0372952706 0.0231406622 -0.0585758208 0.705882 0 1
v 0.0368561707 0.0231483143 -0.0601658959 0.705882 0 1
v 0.0364204646 0.0231530244 -0.0617568905 0.705882 0 1
v 0.0359938786 0.0231576881 -0.0633504182 0.705882 0 1
v 0.0355186743 0.0231547614 -0.0649302528 0 0.862745 0.862745
v 0.0350522561 0.0231621348 -0.0665125519 0 0.862745 0.862745
v 0.0345446951 0.023153815 -0.0680820742 0 0.862745 0.862745
v 0.0340577315 0.023146982 -0.0696581202 0 0.862745 0.862745
v 0.0335591977 0.0231461966 -0.071230636 0 0.862745 0.862745
v 0.0330447123 0.0231464304 -0.072798135 0 0.862745 0.862745
v 0.0325189656 0.0231472658 -0.0743619034 0 0.862745 0.862745
v 0.0320070921 0.0231464097 -0.0759302679 0 0.862745 0.862745
v 0.0314897236 0.023141032 -0.0774967975 1 0.470588 0
v 0.0309586095 0.0231405512 -0.0790587519 1 0.470588 0
v 0.0303816583 0.0231243358 -0.0806035922 1 0.470588 0
v 0.0298265666 0.0231360668 -0.0821569527 1 0.470588 0
v 0.029238374 0.0231133124 -0.0836979787 1 0.470588 0
v 0.0286806007 0.0231145046 -0.0852502948 1 0.470588 0
v 0.0281148102 0.0231207385 -0.0867991898 1 0.470588 0
v 0.0275177777 0.0231165845 -0.0883370268 1 0.470588 0
v 0.0268980024 0.0230924603 -0.0898653433 0.470588 1 0
v 0.0263141232 0.0230878601 -0.0914081969 0.470588 1 0
v 0.0257049762 0.0230855359 -0.09294076 0.470588 1 0
v 0.0251162131 0.0230946971 -0.0944818548 0.470588 1 0
v 0.0245192619 0.023095064 -0.0960198524 0.470588 1 0
v 0.0239145029 0.0230887481 -0.0975547157 0.470588 1 0
v 0.0233054791 0.0230843563 -0.0990879423 0.470588 1 0
v 0.0226776125 0.0230704982 -0.100613517 0.470588 1 0
v 0.0220665954 0.0230675302 -0.10214591 1 0 0.705882
v 0.0214446904 0.0230625021 -0.10367397 1 0 0.705882
v 0.020820488 0.0230606063 -0.105201042 1 0 0.705882
v 0.0202033986 0.0230603281 -0.106730724 1 0 0.705882
v 0.0195050049 0.0230372207 -0.108225129 1 0 0.705882
v 0.0188542187 0.0230384421 -0.109741071 1 0 0.705882
v 0.0181736222 0.0230245635 -0.111243059 1 0 0.705882
v 0.0174577671 0.0229932372 -0.11272869 1 0 0.705882
v 0.0168189637 0.0230101203 -0.114249429 0.313725 0.313725 1
v 0.0161395616 0.0230039452 -0.115751722 0.313725 0.313725 1
v 0.0154459831 0.0229899308 -0.117247912 0.313725 0.313725 1
v 0.0147390685 0.022978914 -0.118738522 0.313725 0.313725 1
v 0.0140405879 0.0229698271 -0.120233082 0.313725 0.313725 1
v 0.0133747286 0.0229808951 -0.121741795 0.313725 0.313725 1
v 0.0126436511 0.0229624138 -0.123220165 0.313725 0.313725 1
v 0.0119052327 0.0229586129 -0.12469492 0.313725 0.313725 1
v 0.0111331859 0.0229392869 -0.12615195 0.313725 0.313725 1
v 0.0103822488 0.0229361699 -0.127620161 0.313725 0.313725 1
v 0.00962732354 0.0229227421 -0.129086991 0.705882 0.470588 0.156863
v 0.00889664965 0.0229187455 -0.13056613 0.705882 0.470588 0.156863
v 0.00815774204 0.0229117825 -0.132041134 0.705882 0.470588 0.156863
v 0.00739483386 0.0228937928 -0.133503588 0.705882 0.470588 0.156863
v 0.00660343577 0.0228773572 -0.134950925 0.705882 0.470588 0.156863
v 0.00582352272 0.0228697331 -0.1364045 0.705882 0.470588 0.156863
v 0.00507604692 0.0228737387 -0.137875225 0.705882 0.470588 0.156863
v 0.00428861126 0.0228604804 -0.139324743 0.705882 0.470588 0.156863
v 0.00347958262 0.0228445871 -0.140762313 0.470588 0.470588 0.470588
v 0.00266127031 0.0228301487 -0.142194655 0.470588 0.470588 0.470588
v 0.00182955153 0.0228106578 -0.143619313 0.470588 0.470588 0.470588
v 0.00102363093 0.0228083846 -0.145058682 0.470588 0.470588 0.470588
v 0.000195642725 0.0227917165 -0.146485482 0.470588 0.470588 0.470588
v -0.000593012681 0.0228096791 -0.147934363 0.470588 0.470588 0.470588
v -0.00140994948 0.0228102922 -0.149367436 0.470588 0.470588 0.470588
v -0.00225164471 0.022796024 -0.150786276 0.470588 0.470588 0.470588
v -0.00311927989 0.0227701292 -0.152188925 0.470588 0.470588 0.470588
v -0.00396730576 0.0227576356 -0.153603976 0.470588 0.470588 0.470588
v -0.00481245982 0.0227570679 -0.155020808 1 0 0
v -0.00568315321 0.0227414332 -0.156421993 1 0 0
v -0.00657151112 0.0227160126 -0.157811912 1 0 0
v -0.00745315643 0.0227093526 -0.159205992 1 0 0
v -0.00832902594 0.0227046849 -0.160603749 1 0 0
v -0.00921495971 0.0226966366 -0.161994908 1 0 0
v -0.0101184784 0.0226813076 -0.163375083 1 0 0
v -0.0110305474 0.022663584 -0.1647496 1 0 0
v -0.011940113 0.0226515553 -0.166125935 0 1 0
v -0.0128748454 0.0226311387 -0.167485209 0 1 0
v -0.0137891525 0.0226221153 -0.168858234 0 1 0
v -0.0147020916 0.0226184627 -0.170232224 0 1 0
v -0.015636731 0.022608224 -0.171591563 0 1 0
v -0.0165695484 0.0226093435 -0.172952135 0 1 0
v -0.0175315554 0.0225836351 -0.174292049 0 1 0
v -0.018462937 0.0225891922 -0.175653427 0 1 0
v -0.0193909936 0.0225991452 -0.177017332 0 0.501961 1
v -0.0203331446 0.022596724 -0.178371589 0 0.501961 1
v -0.0212892041 0.0225947187 -0.179716108 0 0.501961 1
v -0.0222413877 0.0226063686 -0.181063272 0 0.501961 1
v -0.0232060507 0.022620973 -0.182401528 0 0.501961 1
v -0.0241604096 0.0226470255 -0.183747004 0 0.501961 1
v -0.0251149107 0.0226699255 -0.185092429 0 0.501961 1
v -0.0260730964 0.022688439 -0.186435286 0 0.501961 1
v -0.0270492156 0.0226959823 -0.187765284 1 0.784314 0
v -0.0280154713 0.0227235724 -0.189102198 1 0.784314 0
v -0.028982772 0.0227518155 -0.19043828 1 0.784314 0
v -0.0299716556 0.0227667978 -0.191758761 1 0.784314 0
v -0.0309557894 0.0227840479 -0.193082627 1 0.784314 0
v -0.0319626332 0.022787889 -0.194389274 1 0.784314 0
v -0.0329623537 0.0228032629 -0.195701501 1 0.784314 0
v 0.0483701516 0.0212169874 -0.0136171018 0 1 0
v 0.048061049 0.0212175297 -0.0152445641 0 1 0
v 0.0477352847 0.0212131975 -0.0168687788 0 1 0
v 0.0474123244 0.0212115031 -0.0184935599 0 1 0
v 0.0470785821 0.0212118478 -0.0201161332 0 1 0
v 0.0467468092 0.0212113138 -0.0217391314 0 1 0
v 0.0464078619 0.0212073908 -0.0233606582 0 1 0
v 0.0460582527 0.0212017383 -0.0249799043 0 1 0
v 0.0456897951 0.021194521 -0.0265949591 0 0.501961 1
v 0.0453173635 0.021188884 -0.0282090717 0 0.501961 1
v 0.04496605 0.0211944725 -0.0298279263 0 0.501961 1
v 0.0446009613 0.021193388 -0.0314437138 0 0.501961 1
v 0.0442328177 0.0211954746 -0.0330588621 0 0.501961 1
v 0.0438529727 0.0211953746 -0.0346712849 0 0.501961 1
v 0.0434742811 0.021196173 -0.0362839896 0 0.501961 1
v 0.0430850679 0.0211960447 -0.037894159 0 0.501961 1
v 0.0426952474 0.02119676 -0.0395041641 1 0.784314 0
v 0.042291911 0.0211929247 -0.0411108864 1 0.784314 0
v 0.0419137115 0.0211911987 -0.0427236913 1 0.784314 0
v 0.041527093 0.021185462 -0.0443344749 1 0.784314 0
v 0.0411269573 0.021187543 -0.0459419827 1 0.784314 0
v 0.0407269398 0.0211914787 -0.0475495288 1 0.784314 0
v 0.040322208 0.0211909484 -0.0491558965 1 0.784314 0
v 0.0399068126 0.0211951834 -0.0507594879 1 0.784314 0
v 0.0394913925 0.021200653 -0.0523630978 0.705882 0 1
v 0.0390754114 0.0212082295 -0.0539664575 0.705882 0 1
v 0.0386265102 0.0212061603 -0.0555610268 0.705882 0 1
v 0.0382031769 0.0211985051 -0.0571625828 0.705882 0 1
v 0.0377529184 0.021196581 -0.0587567661 0.705882 0 1
v 0.0373216937 0.0212078032 -0.0603560841 0.705882 0 1
v 0.0368874355 0.0212178903 -0.0619546072 0.705882 0 1
v 0.0364351759 0.0212156392 -0.0635482138 0.705882 0 1
v 0.0359716365 0.0212185069 -0.0651385084 0 0.862745 0.862745
v 0.0354877452 0.0212206185 -0.0667227362 0 0.862745 0.862745
v 0.034999917 0.0212205451 -0.0683058124 0 0.862745 0.862745
v 0.0344961883 0.0212160867 -0.0698839283 0 0.862745 0.862745
v 0.0339919311 0.0212167606 -0.0714618913 0 0.862745 0.862745
v 0.0334790498 0.0212133812 -0.0730370695 0 0.862745 0.862745
v 0.0329665116 0.0212159918 -0.0746123394 0 0.862745 0.862745
v 0.0324523193 0.0212140637 -0.0761870918 0 0.862745 0.862745
v 0.0319290074 0.0212031169 -0.0777587822 1 0.470588 0
v 0.0313942981 0.0212003122 -0.0793266434 1 0.470588 0
v 0.030843379 0.021203873 -0.0808889126 1 0.470588 0
v 0.0302936762 0.0212079963 -0.0824515427 1 0.470588 0
v 0.0297120853 0.0211886771 -0.0840025371 1 0.470588 0
v 0.0291389714 0.0211910191 -0.0855567075 1 0.470588 0
v 0.0285703866 0.0211937482 -0.0871125247 1 0.470588 0
v 0.0279917453 0.0211915596 -0.0886645359 1 0.470588 0
v 0.0273910753 0.0211837596 -0.0902083129 0.470588 1 0
v 0.0267838989 0.0211764 -0.0917493396 0.470588 1 0
v 0.0262043915 0.0211877268 -0.0933011299 0.470588 1 0
v 0.0255934359 0.021181337 -0.0948408417 0.470588 1 0
v 0.0250062327 0.0211794462 -0.0963897731 0.470588 1 0
v 0.0244277116 0.0211776499 -0.097942038 0.470588 1 0
v 0.0238103563 0.0211814456 -0.0994792655 0.470588 1 0
v 0.0232012825 0.0211792926 -0.101019789 0.470588 1 0
v 0.0225897225 0.0211767523 -0.102559339 1 0 0.705882
v 0.0219768106 0.0211739946 -0.104098351 1 0 0.705882
v 0.021357725 0.0211742876 -0.105634897 1 0 0.705882
v 0.0207254372 0.0211686789 -0.107166037 1 0 0.705882
v 0.0200751286 0.0211700096 -0.108689593 1 0 0.705882
v 0.0194092214 0.0211668353 -0.110206425 1 0 0.705882
v 0.018740217 0.0211628537 -0.1117219 1 0 0.705882
v 0.0180794629 0.0211563082 -0.113240944 1 0 0.705882
v 0.0174069107 0.0211555394 -0.114754829 0.313725 0.313725 1
v 0.0167243698 0.0211521572 -0.11626424 0.313725 0.313725 1
v 0.0160320115 0.0211435539 -0.117769136 0.313725 0.313725 1
v 0.0153563607 0.0211427904 -0.119281604 0.313725 0.313725 1
v 0.0146810743 0.0211457786 -0.12079407 0.313725 0.313725 1
v 0.0139862133 0.021147891 -0.122297869 0.313725 0.313725 1
v 0.0132781915 0.0211429884 -0.123795463 0.313725 0.313725 1
v 0.0125218831 0.021132965 -0.125268831 0.313725 0.313725 1
v 0.0117492898 0.0211169223 -0.126734112 0.313725 0.313725 1
v 0.0109896907 0.0211068321 -0.128206208 0.313725 0.313725 1
v 0.0102546143 0.0210999192 -0.129690478 0.705882 0.470588 0.156863
v 0.00953684112 0.0211011324 -0.13118346 0.705882 0.470588 0.156863
v 0.00880627261 0.0210966286 -0.132670131 0.705882 0.470588 0.156863
v 0.00801685531 0.0210866244 -0.134126227 0.705882 0.470588 0.156863
v 0.00724532832 0.0210864192 -0.135591866 0.705882 0.470588 0.156863
v 0.00647728789 0.0210834214 -0.137059077 0.705882 0.470588 0.156863
v 0.00571364393 0.021078591 -0.138528767 0.705882 0.470588 0.156863
v 0.0049581961 0.021085696 -0.140003046 0.705882 0.470588 0.156863
v 0.00416070921 0.0210784072 -0.141454586 0.470588 0.470588 0.470588
v 0.00332469983 0.0210571035 -0.142884557 0.470588 0.470588 0.470588
v 0.00250733579 0.0210428757 -0.144325323 0.470588 0.470588 0.470588
v 0.00169487375 0.0210339133 -0.14576891 0.470588 0.470588 0.470588
v 0.000860807195 0.0210281471 -0.147199923 0.470588 0.470588 0.470588
v 7.86737163e-05 0.021046204 -0.148660126 0.470588 0.470588 0.470588
v -0.000754525654 0.0210367233 -0.150091213 0.470588 0.470588 0.470588
v -0.00161202574 0.0210147198 -0.151508398 0.470588 0.470588 0.470588
v -0.00246261701 0.0210058546 -0.152929888 0.470588 0.470588 0.470588
v -0.00329984144 0.0210122818 -0.154359249 0.470588 0.470588 0.470588
v -0.00413603759 0.0210161048 -0.155789224 1 0 0
v -0.00499840295 0.0210036256 -0.157203583 1 0 0
v -0.00587497206 0.0209899227 -0.158609151 1 0 0
v -0.00675035593 0.0209814183 -0.160015522 1 0 0
v -0.00763356255 0.0209774285 -0.161416508 1 0 0
v -0.00852395329 0.0209764064 -0.162813452 1 0 0
v -0.00942646496 0.0209639074 -0.164202325 1 0 0
v -0.010346658 0.020954662 -0.165579788 1 0 0
v -0.0112652522 0.0209393317 -0.166958218 0 1 0
v -0.0121810861 0.0209252372 -0.168338475 0 1 0
v -0.0130918865 0.0209153699 -0.169722165 0 1 0
v -0.01400889 0.0209185219 -0.171101504 0 1 0
v -0.0149339189 0.0209254619 -0.172475693 0 1 0
v -0.0158688796 0.0209266554 -0.173842904 0 1 0
v -0.0168349554 0.0209053018 -0.175188427 0 1 0
v -0.0177590663 0.020915353 -0.176563119 0 1 0
v -0.0186955859 0.0209168612 -0.177929217 0 0.501961 1
v -0.0196451409 0.0209196629 -0.179286575 0 0.501961 1
v -0.0205962248 0.0209291753 -0.180642747 0 0.501961 1
v -0.0215872735 0.0209203775 -0.181970141 0 0.501961 1
v -0.0225613648 0.0209274812 -0.183309865 0 0.501961 1
v -0.0235388123 0.0209367084 -0.184647113 0 0.501961 1
v -0.0244950521 0.0209629056 -0.185999581 0 0.501961 1
v -0.0254878046 0.0209614967 -0.187325548 0 0.501961 1
v -0.0264837472 0.0209625416 -0.188649246 1 0.784314 0
v -0.0274775712 0.0209773058 -0.189974491 1 0.784314 0
v -0.0284483486 0.0209984267 -0.191316406 1 0.784314 0
v -0.0294401542 0.0210070463 -0.192643054 1 0.784314 0
v -0.0304419199 0.0210115229 -0.193962397 1 0.784314 0
v -0.0314521074 0.0210117984 -0.195275075 1 0.784314 0
v -0.0324973622 0.0210024342 -0.196560223 1 0.784314 0
v 0.0487992785 0.0192623687 -0.0136159701 0 1 0
v 0.0484956015 0.0192609019 -0.0152226718 0 1 0
v 0.0481788637 0.0192552381 -0.0168268665 0 1 0
v 0.0478530692 0.01926021 -0.0184292298 0 1 0
v 0.047530912 0.019257025 -0.0200323338 0 1 0
v 0.047213138 0.0192562278 -0.0216363294 0 1 0
v 0.0468832017 0.0192581143 -0.0232378614 0 1 0
v 0.0465413102 0.0192531978 -0.0248368792 0 1 0
v 0.0461789436 0.0192432699 -0.0264313072 0 0.501961 1
v 0.0458248112 0.0192410823 -0.0280276266 0 0.501961 1
v 0.0454714451 0.0192480465 -0.0296241339 0 0.501961 1
v 0.0451117507 0.0192502026 -0.0312192198 0 0.501961 1
v 0.0447423732 0.0192463846 -0.0328121149 0 0.501961 1
v 0.044378395 0.0192476194 -0.0344062225 0 0.501961 1
v 0.0440062248 0.0192477576 -0.0359984827 0 0.501961 1
v 0.043619002 0.0192462345 -0.0375871477 0 0.501961 1
v 0.0432309531 0.0192455483 -0.0391755751 1 0.784314 0
v 0.0428418143 0.0192436288 -0.0407637237 1 0.784314 0
v 0.0424559839 0.0192319738 -0.0423526557 1 0.784314 0
v 0.0420691081 0.0192298633 -0.0439413799 1 0.784314 0
v 0.0416773689 0.0192363338 -0.0455288924 1 0.784314 0
v 0.0412873857 0.0192392327 -0.0471168705 1 0.784314 0
v 0.0408852839 0.0192329909 -0.0487018111 1 0.784314 0
v 0.0404768634 0.0192279048 -0.0502850963 1 0.784314 0
v 0.0400487625 0.0192412986 -0.051863181 0.705882 0 1
v 0.0396316819 0.0192472604 -0.0534442586 0.705882 0 1
v 0.0391970265 0.0192489318 -0.0550205823 0.705882 0 1
v 0.0387636711 0.0192446576 -0.0565972603 0.705882 0 1
v 0.0383320897 0.0192378611 -0.0581743989 0.705882 0 1
v 0.0378930277 0.019233365 -0.0597494762 0.705882 0 1
v 0.0374585214 0.0192522138 -0.0613257288 0.705882 0 1
v 0.0370186483 0.0192558914 -0.062900574 0.705882 0 1
v 0.0365657957 0.019257492 -0.0644717556 0 0.862745 0.862745
v 0.0360916925 0.0192573486 -0.0660366942 0 0.862745 0.862745
v 0.0356151531 0.0192567345 -0.06760089 0 0.862745 0.862745
v 0.0351237044 0.0192508493 -0.0691604306 0 0.862745 0.862745
v 0.0346272785 0.0192420408 -0.070718395 0 0.862745 0.862745
v 0.0341263207 0.0192375092 -0.0722749384 0 0.862745 0.862745
v 0.0336248439 0.0192420374 -0.0738312876 0 0.862745 0.862745
v 0.033123426 0.0192500555 -0.0753876437 0 0.862745 0.862745
v 0.0326168705 0.0192492072 -0.0769423767 1 0.470588 0
v 0.032102346 0.0192492637 -0.0784944705 1 0.470588 0
v 0.0315749143 0.0192433213 -0.0800422348 1 0.470588 0
v 0.0310338435 0.0192493598 -0.0815852446 1 0.470588 0
v 0.0304796968 0.019243481 -0.0831236384 1 0.470588 0
v 0.0299142603 0.0192380036 -0.0846579167 1 0.470588 0
v 0.029340722 0.0192401572 -0.0861892036 1 0.470588 0
v 0.0287732051 0.0192386965 -0.0877227222 1 0.470588 0
v 0.0282001238 0.0192368752 -0.0892541732 1 0.470588 0
v 0.0276168107 0.0192338948 -0.0907817511 1 0.470588 0
v 0.0270330117 0.0192322442 -0.0923091263 0.470588 1 0
v 0.026455431 0.0192340085 -0.0938388562 0.470588 1 0
v 0.0258602611 0.0192317606 -0.0953618676 0.470588 1 0
v 0.0252940586 0.0192353772 -0.0968958572 0.470588 1 0
v 0.0246948181 0.0192309763 -0.0984172578 0.470588 1 0
v 0.0241007884 0.0192326438 -0.0999407068 0.470588 1 0
v 0.0235061564 0.0192317005 -0.101463932 0.470588 1 0
v 0.0229091788 0.0192304368 -0.102986238 0.470588 1 0
v 0.0223087617 0.0192292942 -0.104507192 1 0 0.705882
v 0.0216997402 0.0192273222 -0.10602471 1 0 0.705882
v 0.0210824043 0.019224541 -0.107538845 1 0 0.705882
v 0.0204483481 0.0192277545 -0.109046082 1 0 0.705882
v 0.0198075919 0.019229292 -0.110550483 1 0 0.705882
v 0.0191609278 0.0192230562 -0.112052301 1 0 0.705882
v 0.0185120386 0.0192106602 -0.113553123 1 0 0.705882
v 0.0178402294 0.0192148742 -0.115043889 1 0 0.705882
v 0.0171696731 0.0192200026 -0.116535004 0.313725 0.313725 1
v 0.0164996394 0.0192158988 -0.118026442 0.313725 0.313725 1
v 0.0158366242 0.0192154867 -0.119521088 0.313725 0.313725 1
v 0.0151609733 0.0192152666 -0.121009825 0.313725 0.313725 1
v 0.0144677739 0.0192184713 -0.12249062 0.313725 0.313725 1
v 0.0137783319 0.0192146665 -0.123973341 0.313725 0.313725 1
v 0.0130508581 0.0192144334 -0.125437662 0.313725 0.313725 1
v 0.0123127736 0.0192076336 -0.126896763 0.313725 0.313725 1
v 0.0115865946 0.0191990178 -0.128361779 0.705882 0.470588 0.156863
v 0.0108669245 0.0191927412 -0.12982999 0.705882 0.470588 0.156863
v 0.0101308935 0.0191932548 -0.131290138 0.705882 0.470588 0.156863
v 0.00942172548 0.019197202 -0.132763505 0.705882 0.470588 0.156863
v 0.00867431021 0.0191946891 -0.134217646 0.705882 0.470588 0.156863
v 0.00792906681 0.0191951787 -0.135673007 0.705882 0.470588 0.156863
v 0.00718160356 0.0191959591 -0.137127238 0.705882 0.470588 0.156863
v 0.00640192087 0.0191878258 -0.13856454 0.705882 0.470588 0.156863
v 0.00566946105 0.0191940634 -0.140026427 0.470588 0.470588 0.470588
v 0.0048967973 0.0191905384 -0.14146746 0.470588 0.470588 0.470588
v 0.00410003109 0.0191763335 -0.142895253 0.470588 0.470588 0.470588
v 0.00330852049 0.0191646723 -0.144325932 0.470588 0.470588 0.470588
v 0.00249790333 0.0191632592 -0.145745963 0.470588 0.470588 0.470588
v 0.00171201466 0.0191734117 -0.147179867 0.470588 0.470588 0.470588
v 0.000917546138 0.0191743246 -0.148609011 0.470588 0.470588 0.470588
v 9.68909739e-05 0.019164538 -0.150023193 0.470588 0.470588 0.470588
v -0.000728669246 0.0191524533 -0.151434384 0.470588 0.470588 0.470588
v -0.0015408006 0.0191532559 -0.152853241 0.470588 0.470588 0.470588
v -0.00237764024 0.0191567552 -0.154257993 1 0 0
v -0.00319917895 0.0191503078 -0.15567169 1 0 0
v -0.00402943539 0.0191491449 -0.157080279 1 0 0
v -0.00487873141 0.0191499767 -0.158477577 1 0 0
v -0.00574023578 0.0191520606 -0.159867402 1 0 0
v -0.00661319509 0.0191440913 -0.161249705 1 0 0
v -0.00746441706 0.0191498414 -0.162645629 1 0 0
v -0.00834008765 0.0191431075 -0.16402644 1 0 0
v -0.00921844908 0.0191295789 -0.165405609 0 1 0
v -0.0101302283 0.019123833 -0.166762907 0 1 0
v -0.0110243459 0.0191238262 -0.168131758 0 1 0
v -0.0118947461 0.0191305509 -0.169516014 0 1 0
v -0.0128058038 0.0191213825 -0.170873561 0 1 0
v -0.0137256428 0.0191150677 -0.172225407 0 1 0
v -0.0146586732 0.0191134921 -0.173567941 0 1 0
v -0.0155682106 0.0191202677 -0.174926514 0 1 0
v -0.0164974689 0.0191166748 -0.176271937 0 0.501961 1
v -0.0174464565 0.0191050387 -0.177603128 0 0.501961 1
v -0.0183568673 0.0191206636 -0.178960942 0 0.501961 1
v -0.0192825022 0.0191284904 -0.180308534 0 0.501961 1
v -0.0202403352 0.0191273409 -0.181633557 0 0.501961 1
v -0.0212277153 0.0191204034 -0.182936267 0 0.501961 1
v -0.0222027635 0.0191189504 -0.18424854 0 0.501961 1
v -0.0231781644 0.0191212783 -0.185560862 0 0.501961 1
v -0.0241426904 0.0191311046 -0.186881021 0 0.501961 1
v -0.0251186168 0.0191385446 -0.188192856 0 0.501961 1
v -0.0261241492 0.0191362226 -0.189482032 1 0.784314 0
v -0.0271175442 0.0191368315 -0.190779927 1 0.784314 0
v -0.0280722994 0.0191522087 -0.192107239 1 0.784314 0
v -0.0290815998 0.0191509555 -0.193393752 1 0.784314 0
v -0.0300623438 0.0191590112 -0.194702021 1 0.784314 0
v -0.0310669639 0.0191606394 -0.195991864 1 0.784314 0
v -0.032076078 0.0191578073 -0.197278314 1 0.784314 0
v 0.0491463298 0.0172923046 -0.0136147783 0 1 0
v 0.0488359499 0.0172835778 -0.0152244237 0 1 0
v 0.0485276066 0.0172808839 -0.0168344877 0 1 0
v 0.0482118769 0.0172920497 -0.0184431136 0 1 0
v 0.0478952411 0.0172904684 -0.0200515678 0 1 0
v 0.0475709131 0.0172873718 -0.0216585161 0 1 0
v 0.0472406793 0.0172907781 -0.02326426 0 1 0
v 0.046893853 0.0172868403 -0.0248664796 0 1 0
v 0.0465331384 0.0172810575 -0.0264656355 0 0.501961 1
v 0.0461840954 0.0172835696 -0.0280673986 0 0.501961 1
v 0.045833853 0.0172848216 -0.0296689005 0 0.501961 1
v 0.0454707914 0.0172842824 -0.0312675466 0 0.501961 1
v 0.0451036519 0.0172818753 -0.0328652589 0 0.501961 1
v 0.0447475041 0.0172815085 -0.0344654526 0 0.501961 1
v 0.0443760759 0.0172819433 -0.0360621568 0 0.501961 1
v 0.0439866331 0.0172816475 -0.0376545739 0 0.501961 1
v 0.0435899591 0.0172786699 -0.0392451724 1 0.784314 0
v 0.0432127611 0.0172759188 -0.0408405298 1 0.784314 0
v 0.0428149098 0.0172578081 -0.0424307583 1 0.784314 0
v 0.0424289913 0.0172683307 -0.044023902 1 0.784314 0
v 0.0420370015 0.0172767535 -0.0456156267 1 0.784314 0
v 0.0416407841 0.0172775371 -0.047206375 1 0.784314 0
v 0.0412390798 0.0172735966 -0.0487956962 1 0.784314 0
v 0.0408161033 0.0172604143 -0.0503794449 1 0.784314 0
v 0.0403901395 0.0172725629 -0.0519624157 0.705882 0 1
v 0.0399623399 0.0172766867 -0.0535449484 0.705882 0 1
v 0.0395284245 0.0172788849 -0.0551258308 0.705882 0 1
v 0.0390862372 0.0172728384 -0.0567043836 0.705882 0 1
v 0.0386470747 0.017263236 -0.0582837741 0.705882 0 1
v 0.0382118875 0.0172590649 -0.0598642458 0.705882 0 1
v 0.0377620588 0.0172790536 -0.0614405492 0.705882 0 1
v 0.0373236346 0.0172819109 -0.0630201712 0.705882 0 1
v 0.0368691612 0.0172828836 -0.0645952594 0 0.862745 0.862745
v 0.0363950754 0.0172832271 -0.0661645198 0 0.862745 0.862745
v 0.0359072689 0.0172827051 -0.0677296167 0 0.862745 0.862745
v 0.03541614 0.017281593 -0.0692936694 0 0.862745 0.862745
v 0.0349160469 0.0172803968 -0.0708548826 0 0.862745 0.862745
v 0.0344161735 0.017278715 -0.0724161649 0 0.862745 0.862745
v 0.0339149541 0.0172733108 -0.0739770099 0 0.862745 0.862745
v 0.0334145989 0.0172726669 -0.0755381364 0 0.862745 0.862745
v 0.0329118698 0.0172710044 -0.0770985007 1 0.470588 0
v 0.032396787 0.0172739127 -0.0786548319 1 0.470588 0
v 0.0318725013 0.0172700831 -0.0802080605 1 0.470588 0
v 0.0313309564 0.0172704198 -0.0817553461 1 0.470588 0
v 0.0307743568 0.0172738271 -0.0832972967 1 0.470588 0
v 0.030208038 0.0172734845 -0.0848357106 1 0.470588 0
v 0.0296386188 0.0172729842 -0.0863729886 1 0.470588 0
v 0.0290671635 0.0172707253 -0.087909505 1 0.470588 0
v 0.028495706 0.0172700693 -0.0894460346 1 0.470588 0
v 0.0279121197 0.0172670717 -0.0909779897 1 0.470588 0
v 0.0273339094 0.0172662972 -0.0925119778 0.470588 1 0
v 0.0267515987 0.017265788 -0.0940444177 0.470588 1 0
v 0.026167933 0.0172651016 -0.0955763402 0.470588 1 0
v 0.0255821038 0.0172654292 -0.0971074443 0.470588 1 0
v 0.0249869159 0.0172605406 -0.098634923 0.470588 1 0
v 0.0243931104 0.0172564908 -0.100162936 0.470588 1 0
v 0.023801063 0.0172625741 -0.101691631 0.470588 1 0
v 0.0232049251 0.0172615389 -0.103218752 0.470588 1 0
v 0.0226018132 0.0172625259 -0.104743132 1 0 0.705882
v 0.0219948399 0.0172645251 -0.106265978 1 0 0.705882
v 0.0213768805 0.017260118 -0.10778439 1 0 0.705882
v 0.0207448994 0.017261966 -0.109297026 1 0 0.705882
v 0.0201052366 0.0172535225 -0.110806384 1 0 0.705882
v 0.0194595402 0.0172612181 -0.112313202 1 0 0.705882
v 0.0188039643 0.017255593 -0.113815734 1 0 0.705882
v 0.0181474144 0.0172529147 -0.115317848 1 0 0.705882
v 0.0174791915 0.0172592597 -0.116814797 0.313725 0.313725 1
v 0.0168185806 0.0172548115 -0.118315137 0.313725 0.313725 1
v 0.0161425869 0.0172458681 -0.119808586 0.313725 0.313725 1
v 0.0154545434 0.0172488635 -0.121296542 0.313725 0.313725 1
v 0.0147577373 0.0172533852 -0.122780425 0.313725 0.313725 1
v 0.0140516222 0.0172522311 -0.124259914 0.313725 0.313725 1
v 0.0133313468 0.0172526751 -0.125732544 0.313725 0.313725 1
v 0.0126152679 0.0172523026 -0.127207226 0.313725 0.313725 1
v 0.0118984969 0.0172475368 -0.128681571 0.705882 0.470588 0.156863
v 0.0111715924 0.0172397023 -0.130150823 0.705882 0.470588 0.156863
v 0.01044859 0.0172425712 -0.131622104 0.705882 0.470588 0.156863
v 0.00972817315 0.0172455939 -0.133094678 0.705882 0.470588 0.156863
v 0.00899656912 0.0172470039 -0.134561702 0.705882 0.470588 0.156863
v 0.00826284575 0.0172488491 -0.136027691 0.705882 0.470588 0.156863
v 0.00751225132 0.0172456197 -0.137484966 0.705882 0.470588 0.156863
v 0.00673943328 0.017243255 -0.138930721 0.705882 0.470588 0.156863
v 0.00598056795 0.0172349605 -0.140383826 0.470588 0.470588 0.470588
v 0.00521199395 0.0172303414 -0.141831808 0.470588 0.470588 0.470588
v 0.00442880872 0.0172270061 -0.143271938 0.470588 0.470588 0.470588
v 0.0036358978 0.017227088 -0.144706759 0.470588 0.470588 0.470588
v 0.00284668956 0.0172315903 -0.146143623 0.470588 0.470588 0.470588
v 0.00205605752 0.0172357419 -0.147579717 0.470588 0.470588 0.470588
v 0.00125722468 0.0172352833 -0.149011218 0.470588 0.470588 0.470588
v 0.00044780613 0.0172298799 -0.150436798 0.470588 0.470588 0.470588
v -0.000356519962 0.0172261781 -0.151865254 0.470588 0.470588 0.470588
v -0.00118557639 0.0172258824 -0.153279404 0.470588 0.470588 0.470588
v -0.00201874116 0.0172250011 -0.154691255 1 0 0
v -0.00285170655 0.0172246761 -0.156103176 1 0 0
v -0.00367966231 0.0172305628 -0.157518043 1 0 0
v -0.0045244217 0.0172240014 -0.158922972 1 0 0
v -0.00537831056 0.0172208622 -0.16032236 1 0 0
v -0.00623534671 0.0172189111 -0.161719838 1 0 0
v -0.00710110306 0.0172305915 -0.163111893 1 0 0
v -0.00797070532 0.0172307195 -0.164501587 1 0 0
v -0.00885139507 0.01722595 -0.165884232 0 1 0
v -0.00973738952 0.0172228312 -0.167263404 0 1 0
v -0.0106157274 0.0172123454 -0.168647564 0 1 0
v -0.0115001671 0.0172089673 -0.170027862 0 1 0
v -0.0124016998 0.0172112885 -0.171396903 0 1 0
v -0.0133119543 0.0172202653 -0.172760227 0 1 0
v -0.0142475272 0.0172174559 -0.174106358 0 1 0
v -0.0151613032 0.0172220798 -0.175467332 0 1 0
v -0.0160993812 0.0172185914 -0.176811704 0 0.501961 1
v -0.0170362859 0.0172192296 -0.178156902 0 0.501961 1
v -0.0179578461 0.0172288374 -0.179512676 0 0.501961 1
v -0.0189185529 0.0172230442 -0.180840853 0 0.501961 1
v -0.0198754876 0.0172233803 -0.182171789 0 0.501961 1
v -0.0208369374 0.0172272271 -0.183499071 0 0.501961 1
v -0.0218398877 0.0172171473 -0.184795707 0 0.501961 1
v -0.0228215857 0.0172208541 -0.18610834 0 0.501961 1
v -0.0237953328 0.0172258763 -0.187426877 0 0.501961 1
v -0.0247821804 0.0172279178 -0.18873565 0 0.501961 1
v -0.0257898281 0.0172276392 -0.190028733 1 0.784314 0
v -0.0267797397 0.0172334919 -0.191335037 1 0.784314 0
v -0.0277782588 0.017234237 -0.192635031 1 0.784314 0
v -0.0287874751 0.0172355451 -0.193926578 1 0.784314 0
v -0.0297851134 0.017241281 -0.195227123 1 0.784314 0
v -0.0307757052 0.0172596905 -0.196532766 1 0.784314 0
v -0.0317232155 0.0172722542 -0.197870254 1 0.784314 0
v 0.0494143286 0.0153100482 -0.0136136666 0 1 0
v 0.0491034372 0.0153060139 -0.0152289514 0 1 0
v 0.0487953534 0.0153085786 -0.0168447753 0 1 0
v 0.0484881989 0.0153105048 -0.0184607758 0 1 0
v 0.0481688474 0.0153088025 -0.0200743796 0 1 0
v 0.047839178 0.015305669 -0.0216859515 0 1 0
v 0.0475121434 0.0153094093 -0.023298054 0 1 0
v 0.0471683391 0.015306761 -0.024906655 0 1 0
v 0.0468140093 0.0153067321 -0.0265129886 0 0.501961 1
v 0.0464659306 0.0153064521 -0.0281206716 0 0.501961 1
v 0.0461170324 0.0153054373 -0.0297281787 0 0.501961 1
v 0.0457569395 0.0153056728 -0.0313332323 0 0.501961 1
v 0.0453973324 0.0153051691 -0.0329383637 0 0.501961 1
v 0.0450348046 0.0153050079 -0.0345428584 0 0.501961 1
v 0.0446612914 0.0153049524 -0.0361447694 0 0.501961 1
v 0.0442730855 0.0153040839 -0.0377432519 0 0.501961 1
v 0.0438800255 0.0153022001 -0.0393405175 1 0.784314 0
v 0.0434920832 0.0152962118 -0.0409390192 1 0.784314 0
v 0.043097852 0.0152750912 -0.042535841 1 0.784314 0
v 0.0427090857 0.0152875527 -0.044134025 1 0.784314 0
v 0.0423163218 0.0152979812 -0.0457312878 1 0.784314 0
v 0.0419152487 0.0152993459 -0.0473265803 1 0.784314 0
v 0.0415214036 0.0152999814 -0.0489236626 1 0.784314 0
v 0.0410971764 0.0152973028 -0.0505129669 1 0.784314 0
v 0.0406661398 0.0152968211 -0.0521004187 0.705882 0 1
v 0.0402266992 0.0152981305 -0.0536855857 0.705882 0 1
v 0.0397885101 0.0152994786 -0.055271099 0.705882 0 1
v 0.0393417113 0.015291557 -0.056854156 0.705882 0 1
v 0.0388974182 0.0152812775 -0.0584379054 0.705882 0 1
v 0.0384576558 0.0152804783 -0.0600229097 0.705882 0 1
v 0.038005039 0.0153001134 -0.0616042203 0.705882 0 1
v 0.0375600782 0.0152973497 -0.0631878208 0.705882 0 1
v 0.0371049081 0.0152990877 -0.0647685411 0 0.862745 0.862745
v 0.0366277399 0.0153008781 -0.0663426854 0 0.862745 0.862745
v 0.0361392734 0.0152984979 -0.0679134307 0 0.862745 0.862745
v 0.0356424124 0.015293234 -0.0694815186 0 0.862745 0.862745
v 0.0351487569 0.015290514 -0.0710506425 0 0.862745 0.862745
v 0.0346470144 0.0152909689 -0.0726172037 0 0.862745 0.862745
v 0.0341459621 0.0152904499 -0.074183974 0 0.862745 0.862745
v 0.0336414741 0.0152943338 -0.0757496493 0 0.862745 0.862745
v 0.0331321019 0.0152929614 -0.0773137416 1 0.470588 0
v 0.0326148881 0.015297482 -0.0788752365 1 0.470588 0
v 0.0320850373 0.0152978327 -0.0804325107 1 0.470588 0
v 0.0315415739 0.0152959148 -0.0819850733 1 0.470588 0
v 0.0309927371 0.015297392 -0.0835357606 1 0.470588 0
v 0.0304264296 0.015295295 -0.085080152 1 0.470588 0
v 0.0298611074 0.0152943823 -0.0866248923 1 0.470588 0
v 0.0292913425 0.0152919368 -0.088168004 1 0.470588 0
v 0.0287227327 0.0152908892 -0.0897115307 1 0.470588 0
v 0.0281430315 0.0152909557 -0.0912509497 1 0.470588 0
v 0.0275577076 0.0152895764 -0.092788236 0.470588 1 0
v 0.0269741376 0.0152883558 -0.0943261879 0.470588 1 0
v 0.0263916545 0.0152865288 -0.0958645435 0.470588 1 0
v 0.0258018394 0.0152850657 -0.0974001028 0.470588 1 0
v 0.0252096632 0.0152781128 -0.0989347425 0.470588 1 0
v 0.0246144257 0.0152779564 -0.100468176 0.470588 1 0
v 0.0240209305 0.0152866628 -0.102002305 0.470588 1 0
v 0.0234220931 0.0152884294 -0.103534374 0.470588 1 0
v 0.0228207238 0.0152894742 -0.105065455 1 0 0.705882
v 0.0222020082 0.0152886085 -0.106589608 1 0 0.705882
v 0.0215754423 0.0152889606 -0.108110536 1 0 0.705882
v 0.0209387565 0.0152878212 -0.109627265 1 0 0.705882
v 0.0202957753 0.0152831673 -0.11114132 1 0 0.705882
v 0.01964574 0.0152869174 -0.112652358 1 0 0.705882
v 0.0189982322 0.0152856629 -0.114164507 1 0 0.705882
v 0.0183397282 0.0152860341 -0.115671878 1 0 0.705882
v 0.0176772005 0.0152847959 -0.117177504 0.313725 0.313725 1
v 0.0170160497 0.0152776991 -0.118683712 0.313725 0.313725 1
v 0.0163361029 0.0152623345 -0.120181477 0.313725 0.313725 1
v 0.0156398126 0.0152670487 -0.121671762 0.313725 0.313725 1
v 0.0149355426 0.0152730707 -0.123158306 0.313725 0.313725 1
v 0.0142263297 0.0152750078 -0.124642512 0.313725 0.313725 1
v 0.0135073457 0.0152787113 -0.126122007 0.313725 0.313725 1
v 0.0127930198 0.0152779981 -0.127603758 0.313725 0.313725 1
v 0.0120774927 0.0152756309 -0.129084923 0.705882 0.470588 0.156863
v 0.0113585745 0.0152741225 -0.130564448 0.705882 0.470588 0.156863
v 0.0106387905 0.0152769286 -0.132043543 0.705882 0.470588 0.156863
v 0.0099107251 0.0152763603 -0.133518581 0.705882 0.470588 0.156863
v 0.00917818156 0.0152758121 -0.134991398 0.705882 0.470588 0.156863
v 0.00843547726 0.0152685191 -0.136459116 0.705882 0.470588 0.156863
v 0.0076844721 0.0152680954 -0.137922575 0.705882 0.470588 0.156863
v 0.0069188775 0.0152710763 -0.139378501 0.705882 0.470588 0.156863
v 0.00615005705 0.0152729983 -0.140832723 0.470588 0.470588 0.470588
v 0.00537931854 0.015274083 -0.142285935 0.470588 0.470588 0.470588
v 0.00459532368 0.0152689464 -0.143732026 0.470588 0.470588 0.470588
v 0.00380893635 0.0152658304 -0.14517682 0.470588 0.470588 0.470588
v 0.00301897436 0.0152687915 -0.14661967 0.470588 0.470588 0.470588
v 0.00222376526 0.015263517 -0.14805962 0.470588 0.470588 0.470588
v 0.00142112652 0.0152613468 -0.149495432 0.470588 0.470588 0.470588
v 0.000611002709 0.0152707426 -0.150927025 0.470588 0.470588 0.470588
v -0.000209852188 0.015268499 -0.152352525 1 0 0
v -0.00103196046 0.015270569 -0.153777289 1 0 0
v -0.00186489718 0.0152668871 -0.155195761 1 0 0
v -0.00269719698 0.015262054 -0.156614591 1 0 0
v -0.00353064735 0.0152530207 -0.158032718 1 0 0
v -0.00437641703 0.0152573113 -0.159443501 1 0 0
v -0.00523172817 0.0152680168 -0.160848536 1 0 0
v -0.00609445173 0.0152620491 -0.162249081 1 0 0
v -0.00696429637 0.0152600284 -0.163645184 1 0 0
v -0.00783905315 0.015256019 -0.165038229 1 0 0
v -0.00871159503 0.0152666311 -0.166432633 0 1 0
v -0.00958906724 0.015270529 -0.167823984 0 1 0
v -0.0104716216 0.0152728842 -0.169212115 0 1 0
v -0.0113654456 0.0152721198 -0.170593015 0 1 0
v -0.0122697591 0.0152667305 -0.171967079 0 1 0
v -0.0131829418 0.0152628792 -0.173335202 0 1 0
v -0.0141078353 0.0152643422 -0.174695457 0 0.501961 1
v -0.0150380531 0.0152708624 -0.176052104 0 0.501961 1
v -0.0159738337 0.0152671652 -0.177404918 0 0.501961 1
v -0.0169096977 0.0152723287 -0.178757688 0 0.501961 1
v -0.017849849 0.0152755161 -0.18010736 0 0.501961 1
v -0.0188141426 0.0152704777 -0.18143993 0 0.501961 1
v -0.0197786591 0.0152707519 -0.182772353 0 0.501961 1
v -0.0207532577 0.0152686208 -0.184097378 0 0.501961 1
v -0.0217397575 0.0152678931 -0.185413469 0 0.501961 1
v -0.0227430069 0.0152698936 -0.186716991 0 0.501961 1
v -0.0237291245 0.0152682089 -0.188033514 1 0.784314 0
v -0.0247213089 0.0152694825 -0.189345468 1 0.784314 0
v -0.0257225048 0.0152747317 -0.190650625 1 0.784314 0
v -0.0267368453 0.0152752997 -0.191945508 1 0.784314 0
v -0.0277444243 0.0152777219 -0.193245735 1 0.784314 0
v -0.0287560766 0.0152804177 -0.19454276 1 0.784314 0
v -0.0297658423 0.0152863764 -0.195841155 1 0.784314 0
v -0.0307704513 0.0152978597 -0.197143409 1 0.784314 0
v -0.0317812808 0.0153030349 -0.198441081 1 0.784314 0
v 0.0496154236 0.0133198427 -0.0136126493 0 1 0
v 0.0493065762 0.0133178801 -0.0152341676 0 1 0
v 0.0489961623 0.0133181617 -0.0168553831 0 1 0
v 0.0486847234 0.0133170571 -0.0184764039 0 1 0
v 0.0483653581 0.0133148439 -0.0200958865 0 1 0
v 0.0480360186 0.0133121001 -0.0217133579 0 1 0
v 0.0477042351 0.0133186277 -0.0233303263 0 1 0
v 0.0473660927 0.0133129773 -0.024945971 0 1 0
v 0.047021941 0.0133069189 -0.0265603331 0 0.501961 1
v 0.0466709117 0.013306582 -0.0281732297 0 0.501961 1
v 0.046330046 0.0133032042 -0.0297883221 0 0.501961 1
v 0.0459678666 0.0133117856 -0.0313987046 0 0.501961 1
v 0.0456123283 0.0133144859 -0.0330106106 0 0.501961 1
v 0.0452475888 0.0133152287 -0.0346204705 0 0.501961 1
v 0.0448725991 0.0133167219 -0.0362279559 0 0.501961 1
v 0.0444843832 0.0133163858 -0.0378323241 0 0.501961 1
v 0.0440967947 0.0133147415 -0.0394368238 1 0.784314 0
v 0.043696673 0.0133049877 -0.0410382142 1 0.784314 0
v 0.0433070572 0.0132846757 -0.0426420939 1 0.784314 0
v 0.0429067921 0.0133000622 -0.0442433459 1 0.784314 0
v 0.042512891 0.0133084887 -0.0458462533 1 0.784314 0
v 0.0421230078 0.0133090654 -0.047450203 1 0.784314 0
v 0.0417163742 0.0133044572 -0.0490500007 1 0.784314 0
v 0.0413003971 0.0133048067 -0.050647369 1 0.784314 0
v 0.0408716951 0.0133098451 -0.0522413828 0.705882 0 1
v 0.0404259445 0.0133107949 -0.0538307318 0.705882 0 1
v 0.0399852803 0.0133124006 -0.0554214912 0.705882 0 1
v 0.0395356053 0.0133014875 -0.0570096567 0.705882 0 1
v 0.0390873592 0.0132910558 -0.0585982162 0.705882 0 1
v 0.0386381987 0.01329325 -0.0601865265 0.705882 0 1
v 0.0381942958 0.013310724 -0.0617762481 0.705882 0 1
v 0.0377370088 0.0133047928 -0.0633623055 0.705882 0 1
v 0.0372792216 0.0133076732 -0.0649482163 0 0.862745 0.862745
v 0.0368022244 0.0133118983 -0.0665284491 0 0.862745 0.862745
v 0.0363139965 0.0133074801 -0.0681052325 0 0.862745 0.862745
v 0.0358157162 0.013296514 -0.0696788531 0 0.862745 0.862745
v 0.0353187246 0.0132930465 -0.0712528937 0 0.862745 0.862745
v 0.0348183341 0.013298581 -0.0728258746 0 0.862745 0.862745
v 0.0343206001 0.0132906078 -0.0743996987 0 0.862745 0.862745
v 0.0338176523 0.013294405 -0.0759718683 0 0.862745 0.862745
v 0.0333074622 0.0132937813 -0.0775416828 1 0.470588 0
v 0.0327786639 0.0132988912 -0.0791053535 1 0.470588 0
v 0.0322470531 0.0132980649 -0.080668062 1 0.470588 0
v 0.031703897 0.0133067041 -0.0822267704 1 0.470588 0
v 0.0311526199 0.013308527 -0.0837826396 1 0.470588 0
v 0.0305951603 0.0133020685 -0.0853363153 1 0.470588 0
v 0.0300283638 0.0132999644 -0.0868866238 1 0.470588 0
v 0.0294658405 0.013304303 -0.088438474 1 0.470588 0
v 0.0288970315 0.0133089316 -0.0899880299 1 0.470588 0
v 0.0283107785 0.0133058318 -0.0915310753 1 0.470588 0
v 0.0277300096 0.0133055984 -0.0930761896 0.470588 1 0
v 0.0271439998 0.0133030209 -0.094619332 0.470588 1 0
v 0.0265604255 0.0132967572 -0.0961633892 0.470588 1 0
v 0.0259660233 0.013293359 -0.097703324 0.470588 1 0
v 0.0253701237 0.0132978813 -0.0992426662 0.470588 1 0
v 0.0247824742 0.0133000222 -0.100785177 0.470588 1 0
v 0.0241901596 0.0133049476 -0.102325904 0.470588 1 0
v 0.0235939906 0.0133079717 -0.103865141 0.470588 1 0
v 0.0229760679 0.0133066203 -0.10539579 1 0 0.705882
v 0.0223549165 0.0133039475 -0.106925097 1 0 0.705882
v 0.0217204788 0.0133021727 -0.108448967 1 0 0.705882
v 0.0210773833 0.0132993604 -0.109969207 1 0 0.705882
v 0.0204330127 0.0132958164 -0.111488905 1 0 0.705882
v 0.019785011 0.013287618 -0.113007045 1 0 0.705882
v 0.0191312024 0.0132913662 -0.114522695 1 0 0.705882
v 0.0184788102 0.0132995836 -0.116038952 1 0 0.705882
v 0.0178180442 0.0133051786 -0.11755157 0.313725 0.313725 1
v 0.0171515757 0.0133007959 -0.11906168 0.313725 0.313725 1
v 0.0164676578 0.0132871076 -0.12056394 0.313725 0.313725 1
v 0.0157714112 0.0132897669 -0.122060559 0.313725 0.313725 1
v 0.0150674395 0.0132862961 -0.123553576 0.313725 0.313725 1
v 0.0143513131 0.0132872397 -0.1250408 0.313725 0.313725 1
v 0.0136340132 0.01329756 -0.126527421 0.313725 0.313725 1
v 0.0129259112 0.0132979262 -0.128018487 0.313725 0.313725 1
v 0.0122061207 0.0132971276 -0.129503946 0.705882 0.470588 0.156863
v 0.0114858108 0.0132984986 -0.130989159 0.705882 0.470588 0.156863
v 0.0107683278 0.0133002977 -0.132475735 0.705882 0.470588 0.156863
v 0.0100334637 0.013298163 -0.133953807 0.705882 0.470588 0.156863
v 0.00929933336 0.0132896599 -0.135432217 0.705882 0.470588 0.156863
v 0.00854840169 0.0132838432 -0.136902121 0.705882 0.470588 0.156863
v 0.00778423897 0.0132910303 -0.138365231 0.705882 0.470588 0.156863
v 0.00701611592 0.013279256 -0.139826201 0.705882 0.470588 0.156863
v 0.00625606385 0.013293294 -0.141291414 0.470588 0.470588 0.470588
v 0.00548466885 0.0132972453 -0.142750734 0.470588 0.470588 0.470588
v 0.00470492782 0.0132967422 -0.1442056 0.470588 0.470588 0.470588
v 0.00391500777 0.0132912579 -0.145654986 0.470588 0.470588 0.470588
v 0.00311855432 0.0132876958 -0.14710079 0.470588 0.470588 0.470588
v 0.00231326184 0.0132873675 -0.14854167 0.470588 0.470588 0.470588
v 0.00150069521 0.0132932857 -0.149978477 0.470588 0.470588 0.470588
v 0.000690599668 0.0132925166 -0.151416672 0.470588 0.470588 0.470588
v -0.000128066905 0.0132895933 -0.152850006 1 0 0
v -0.000955346257 0.0132858604 -0.154278402 1 0 0
v -0.00179181793 0.0132884654 -0.155701406 1 0 0
v -0.00262298848 0.0132779452 -0.157127485 1 0 0
v -0.0034621846 0.0132809049 -0.158548894 1 0 0
v -0.0043123529 0.013275208 -0.159963732 1 0 0
v -0.005181511 0.0132898034 -0.161366933 1 0 0
v -0.00605230287 0.0132917994 -0.162769198 1 0 0
v -0.00692586817 0.0132911673 -0.164169756 1 0 0
v -0.00779487982 0.0132779043 -0.165573091 1 0 0
v -0.00866734285 0.0132801238 -0.166974315 0 1 0
v -0.00954871732 0.0132830779 -0.168369942 0 1 0
v -0.0104449938 0.013289592 -0.169756071 0 1 0
v -0.0113453424 0.0132957731 -0.171139543 0 1 0
v -0.0122556306 0.013298698 -0.172516513 0 1 0
v -0.0131784992 0.0132934649 -0.173885088 0 1 0
v -0.014103099 0.0132974425 -0.175252475 0 0.501961 1
v -0.0150466828 0.0132984468 -0.176606852 0 0.501961 1
v -0.0159852968 0.0132943448 -0.177964673 0 0.501961 1
v -0.016922254 0.0132958086 -0.179323638 0 0.501961 1
v -0.0178726222 0.0132983951 -0.180673274 0 0.501961 1
v -0.0188314091 0.0132972403 -0.18201691 0 0.501961 1
v -0.0198117934 0.0132921691 -0.183344893 0 0.501961 1
v -0.0207911816 0.013289738 -0.18467357 0 0.501961 1
v -0.0217824162 0.0132958504 -0.185993372 0 0.501961 1
v -0.0227789613 0.0132954365 -0.187309202 0 0.501961 1
v -0.0237807517 0.0132940278 -0.188621037 1 0.784314 0
v -0.0247837291 0.0132967429 -0.189932014 1 0.784314 0
v -0.0257935672 0.0132980097 -0.19123772 1 0.784314 0
v -0.0268077304 0.0132983092 -0.192540019 1 0.784314 0
v -0.0278198215 0.0133009561 -0.193844003 1 0.784314 0
v -0.0288501077 0.0133027723 -0.19513359 1 0.784314 0
v -0.0298843124 0.0133082255 -0.196420096 1 0.784314 0
v -0.0309132207 0.0133145575 -0.197710715 1 0.784314 0
v -0.0319599035 0.0133146037 -0.198987108 1 0.784314 0
v 0.049768648 0.0113252775 -0.0136116773 0 0.862745 0.862745
v 0.0494560764 0.0113243044 -0.0152377551 0 0.862745 0.862745
v 0.0491481332 0.0113238467 -0.0168647138 0 0.862745 0.862745
v 0.0488329487 0.011322624 -0.0184902855 0 0.862745 0.862745
v 0.0485133337 0.0113198203 -0.0201149941 0 0.862745 0.862745
v 0.0481905433 0.0113171802 -0.0217390559 0 0.862745 0.862745
v 0.0478497511 0.011323596 -0.023359445 0 0.862745 0.862745
v 0.047513427 0.0113073682 -0.0249806567 0 0.862745 0.862745
v 0.0471689121 0.0112985904 -0.0266001416 1 0.470588 0
v 0.0468130185 0.0113060536 -0.0282172654 1 0.470588 0
v 0.0464704869 0.0112995111 -0.0298372844 1 0.470588 0
v 0.0461116887 0.0113164877 -0.0314536905 1 0.470588 0
v 0.0457552571 0.011311747 -0.0330706759 1 0.470588 0
v 0.0453905588 0.011308244 -0.0346858305 1 0.470588 0
v 0.0450172948 0.0113102639 -0.0362990605 1 0.470588 0
v 0.0446313583 0.0113167394 -0.0379092863 1 0.470588 0
v 0.0442403397 0.0113183907 -0.0395182774 0.470588 1 0
v 0.0438418864 0.0113088472 -0.041125442 0.470588 1 0
v 0.0434490517 0.0112925534 -0.0427339371 0.470588 1 0
v 0.0430489532 0.0113124685 -0.0443405919 0.470588 1 0
v 0.0426566751 0.0113149507 -0.0459492654 0.470588 1 0
v 0.0422567753 0.0113153413 -0.0475560979 0.470588 1 0
v 0.0418569986 0.0113149496 -0.0491629536 0.470588 1 0
v 0.041439478 0.011316187 -0.0507653006 0.470588 1 0
v 0.0410124073 0.0113179866 -0.0523651073 1 0 0.705882
v 0.0405684905 0.011317182 -0.0539603433 1 0 0.705882
v 0.0401184727 0.0113185738 -0.055553863 1 0 0.705882
v 0.0396703549 0.0113033253 -0.0571478262 1 0 0.705882
v 0.0392190066 0.0112933183 -0.058740904 1 0 0.705882
v 0.0387686716 0.0113003851 -0.0603342765 1 0 0.705882
v 0.0383201147 0.0113143611 -0.0619281008 1 0 0.705882
v 0.0378638325 0.0113062957 -0.0635198164 1 0 0.705882
v 0.0373980769 0.0113092574 -0.0651088035 0.313725 0.313725 1
v 0.0369235885 0.0113172301 -0.0666951933 0.313725 0.313725 1
v 0.036435119 0.0113104322 -0.0682772919 0.313725 0.313725 1
v 0.0359414234 0.0113055994 -0.0698577993 0.313725 0.313725 1
v 0.035448495 0.0113098155 -0.0714385722 0.313725 0.313725 1
v 0.0349508261 0.0113128095 -0.0730178625 0.313725 0.313725 1
v 0.0344510681 0.0113195131 -0.074596439 0.313725 0.313725 1
v 0.0339473066 0.0113174385 -0.0761737953 0.313725 0.313725 1
v 0.0334362979 0.0113083564 -0.0777487739 0.705882 0.470588 0.156863
v 0.032903849 0.011306884 -0.0793166813 0.705882 0.470588 0.156863
v 0.0323697556 0.0113091318 -0.0808840234 0.705882 0.470588 0.156863
v 0.031826052 0.0113144629 -0.0824480223 0.705882 0.470588 0.156863
v 0.0312760563 0.0113034438 -0.084009824 0.705882 0.470588 0.156863
v 0.0307161514 0.0113004997 -0.0855681126 0.705882 0.470588 0.156863
v 0.0301539678 0.0113010981 -0.0871256047 0.705882 0.470588 0.156863
v 0.02958764 0.011309103 -0.0886815707 0.705882 0.470588 0.156863
v 0.0290196849 0.0113124927 -0.0902369633 0.705882 0.470588 0.156863
v 0.0284328914 0.0113091845 -0.0917853486 0.705882 0.470588 0.156863
v 0.0278542861 0.0113128761 -0.0933368013 0.470588 0.470588 0.470588
v 0.0272687376 0.0113138248 -0.0948856423 0.470588 0.470588 0.470588
v 0.0266782229 0.0113060338 -0.0964325824 0.470588 0.470588 0.470588
v 0.0260819693 0.0113057498 -0.0979773417 0.470588 0.470588 0.470588
v 0.0254893494 0.0113027353 -0.0995234947 0.470588 0.470588 0.470588
v 0.0248966356 0.0113029489 -0.101069618 0.470588 0.470588 0.470588
v 0.0243016768 0.0113037999 -0.102614862 0.470588 0.470588 0.470588
v 0.0236949523 0.0113098313 -0.104155528 0.470588 0.470588 0.470588
v 0.023074221 0.0113148502 -0.105690609 1 0 0
v 0.0224502681 0.0113088099 -0.107224359 1 0 0
v 0.0218129519 0.0112969036 -0.108752577 1 0 0
v 0.0211749431 0.0113131768 -0.110280453 1 0 0
v 0.0205235547 0.01130883 -0.111802791 1 0 0
v 0.0198740258 0.011303387 -0.113325915 1 0 0
v 0.0192251049 0.0113074753 -0.114849301 1 0 0
v 0.0185706279 0.0113120955 -0.116370313 1 0 0
v 0.017911124 0.0113156293 -0.11788914 0 1 0
v 0.0172356034 0.0113154008 -0.119400926 0 1 0
v 0.016550093 0.0113098756 -0.120908186 0 1 0
v 0.0158592875 0.0112988343 -0.122412993 0 1 0
v 0.0151463234 0.0113033164 -0.123907457 0 1 0
v 0.0144335496 0.0113042495 -0.125402033 0 1 0
v 0.0137244501 0.0113093969 -0.126898352 0 1 0
v 0.013007522 0.0113118461 -0.128390926 0 1 0
v 0.0122932005 0.0113139062 -0.129884752 0 0.501961 1
v 0.0115742162 0.011314548 -0.131376352 0 0.501961 1
v 0.0108504896 0.0113147097 -0.132865638 0 0.501961 1
v 0.0101110019 0.0113132222 -0.134347175 0 0.501961 1
v 0.00936679758 0.0113117874 -0.135826333 0 0.501961 1
v 0.00860799188 0.0113032297 -0.137298033 0 0.501961 1
v 0.00784538497 0.0113031686 -0.13876777 0 0.501961 1
v 0.00708126035 0.011301277 -0.14023673 0 0.501961 1
v 0.00631455174 0.0113019361 -0.141704326 1 0.784314 0
v 0.00554022957 0.0112993304 -0.143167958 1 0.784314 0
v 0.00476441239 0.0113101612 -0.144630774 1 0.784314 0
v 0.00397881909 0.0113110637 -0.146088386 1 0.784314 0
v 0.00317614823 0.0113110054 -0.147536619 1 0.784314 0
v 0.00236633888 0.0113137048 -0.148980909 1 0.784314 0
v 0.00154577682 0.0113133597 -0.150419076 1 0.784314 0
v 0.000733361139 0.0113102838 -0.151861881 1 0.784314 0
v -8.10847047e-05 0.0113108575 -0.153303565 0.705882 0 1
v -0.000918307008 0.0113066842 -0.154732141 0.705882 0 1
v -0.00175407297 0.0113101275 -0.156161571 0.705882 0 1
v -0.00258569951 0.0113096645 -0.15759341 0.705882 0 1
v -0.00343570437 0.0113079927 -0.159014391 0.705882 0 1
v -0.00429660449 0.0112970229 -0.160428789 0.705882 0 1
v -0.00517153162 0.0113008964 -0.161834551 0.705882 0 1
v -0.00604542416 0.0113062516 -0.163241005 0.705882 0 1
v -0.00691383227 0.0113070898 -0.164650839 0.705882 0 1
v -0.00778968277 0.0113009545 -0.166055974 0.705882 0 1
v -0.00867218492 0.0112983096 -0.167457021 0 0.862745 0.862745
v -0.0095623715 0.0113006812 -0.16885313 0 0.862745 0.862745
v -0.0104681553 0.0113083149 -0.170239245 0 0.862745 0.862745
v -0.011366806 0.0113145848 -0.171630006 0 0.862745 0.862745
v -0.0122923073 0.0113145049 -0.173003054 0 0.862745 0.862745
v -0.0132196422 0.0113110192 -0.174374868 0 0.862745 0.862745
v -0.0141547348 0.0113099452 -0.175741384 1 0.470588 0
v -0.0150989572 0.0113124878 -0.177101621 1 0.470588 0
v -0.0160335736 0.0113133412 -0.178468491 1 0.470588 0
v -0.0169769878 0.0113114062 -0.17982929 1 0.470588 0
v -0.0179308347 0.0113119368 -0.181182801 1 0.470588 0
v -0.0189021894 0.01130766 -0.18252374 1 0.470588 0
v -0.019884982 0.0113038316 -0.18385638 1 0.470588 0
v -0.0208779452 0.0113060803 -0.185181463 1 0.470588 0
v -0.0218667863 0.0113121689 -0.186509619 1 0.470588 0
v -0.0228700769 0.0113064893 -0.187826894 1 0.470588 0
v -0.0238664075 0.0113093324 -0.18914944 0.470588 1 0
v -0.0248790974 0.0113119425 -0.190459431 0.470588 1 0
v -0.0258975563 0.0113118414 -0.191765018 0.470588 1 0
v -0.026918065 0.0113065535 -0.193068945 0.470588 1 0
v -0.0279527894 0.0112989927 -0.194361658 0.470588 1 0
v -0.0289947984 0.0113042601 -0.195648463 0.470588 1 0
v -0.0300439355 0.0113061242 -0.196929529 0.470588 1 0
v -0.0310961391 0.0113058678 -0.19820808 0.470588 1 0
v -0.0321491483 0.0113136028 -0.19948594 0.470588 1 0
v 0.0498920511 0.00932861499 -0.0136107584 0 0.862745 0.862745
v 0.0495828572 0.00932804138 -0.0152146281 0 0.862745 0.862745
v 0.0492758358 0.00932777626 -0.0168189156 0 0.862745 0.862745
v 0.0489658883 0.00932702668 -0.0184226387 0 0.862745 0.862745
v 0.0486518577 0.00932595128 -0.0200255687 0 0.862745 0.862745
v 0.0483310233 0.00932480938 -0.0216271447 0 0.862745 0.862745
v 0.0480022176 0.00932769852 -0.0232271064 0 0.862745 0.862745
v 0.0476662957 0.00931275031 -0.0248254795 0 0.862745 0.862745
v 0.0473248495 0.00929557053 -0.0264226557 1 0.470588 0
v 0.0469784649 0.00930165325 -0.0280188943 1 0.470588 0
v 0.0466342999 0.00930329587 -0.0296156246 1 0.470588 0
v 0.04628434 0.00932239344 -0.0312109702 1 0.470588 0
v 0.045931931 0.00932221491 -0.0328058744 1 0.470588 0
v 0.0455739019 0.00931953078 -0.0343995441 1 0.470588 0
v 0.0452085541 0.00932103508 -0.0359915478 1 0.470588 0
v 0.0448308165 0.00932350574 -0.0375806681 1 0.470588 0
v 0.0444443939 0.00931949736 -0.0391676845 0.470588 1 0
v 0.0440563225 0.00931461143 -0.0407543046 0.470588 1 0
v 0.0436652971 0.00931273462 -0.0423402017 0.470588 1 0
v 0.043278418 0.00932132509 -0.0439270862 0.470588 1 0
v 0.0428922888 0.00932080984 -0.0455141887 0.470588 1 0
v 0.0425047916 0.00931372069 -0.0471009435 0.470588 1 0
v 0.0421116287 0.00930804645 -0.0486862982 0.470588 1 0
v 0.0417100177 0.00929864319 -0.0502695247 0.470588 1 0
v 0.0412900929 0.00930657449 -0.0518479936 1 0 0.705882
v 0.0408572335 0.00931564253 -0.0534229589 1 0 0.705882
v 0.0404139815 0.0093215607 -0.0549950462 1 0 0.705882
v 0.0399698217 0.00930917349 -0.0565667796 1 0 0.705882
v 0.0395269012 0.00928844483 -0.0581387883 1 0 0.705882
v 0.0390810739 0.00929565391 -0.0597101528 1 0 0.705882
v 0.0386348752 0.00931334968 -0.0612813288 1 0 0.705882
v 0.0381892213 0.00930600026 -0.0628527076 1 0 0.705882
v 0.0377342526 0.00930403091 -0.0644214281 0.313725 0.313725 1
v 0.037270329 0.00931228998 -0.0659875239 0.313725 0.313725 1
v 0.0367982752 0.00931826885 -0.0675511662 0.313725 0.313725 1
v 0.0363176901 0.0093068307 -0.0691122237 0.313725 0.313725 1
v 0.03583432 0.00928528165 -0.0706722845 0.313725 0.313725 1
v 0.0353492994 0.00927645842 -0.0722319858 0.313725 0.313725 1
v 0.0348611647 0.0092906893 -0.0737905574 0.313725 0.313725 1
v 0.0343688425 0.00932257521 -0.0753476464 0.313725 0.313725 1
v 0.0338676016 0.0093205511 -0.0769022321 0.705882 0.470588 0.156863
v 0.0333563633 0.00932231666 -0.0784535502 0.705882 0.470588 0.156863
v 0.0328314633 0.00932475762 -0.0800003071 0.705882 0.470588 0.156863
v 0.03229791 0.00932124478 -0.0815440999 0.705882 0.470588 0.156863
v 0.0317572519 0.00932288526 -0.0830854227 0.705882 0.470588 0.156863
v 0.0312099448 0.00932410644 -0.0846243913 0.705882 0.470588 0.156863
v 0.0306558935 0.00932355792 -0.0861609539 0.705882 0.470588 0.156863
v 0.0300988915 0.00932094909 -0.0876964462 0.705882 0.470588 0.156863
v 0.0295401693 0.00931788744 -0.0892313156 0.705882 0.470588 0.156863
v 0.0289764689 0.00931444564 -0.0907643526 0.705882 0.470588 0.156863
v 0.0284053833 0.00930763781 -0.092294653 0.470588 0.470588 0.470588
v 0.0278318576 0.0093113942 -0.0938240512 0.470588 0.470588 0.470588
v 0.0272526731 0.00931377317 -0.0953513043 0.470588 0.470588 0.470588
v 0.0266678197 0.00931732567 -0.0968764071 0.470588 0.470588 0.470588
v 0.0260820456 0.0093195741 -0.0984011569 0.470588 0.470588 0.470588
v 0.0254972357 0.00932057005 -0.0999262768 0.470588 0.470588 0.470588
v 0.0249099838 0.00931675208 -0.101450451 0.470588 0.470588 0.470588
v 0.0243192605 0.0093046763 -0.102973226 0.470588 0.470588 0.470588
v 0.0237195473 0.0092855802 -0.104492427 0.470588 0.470588 0.470588
v 0.0231093325 0.00929789197 -0.106007512 0.470588 0.470588 0.470588
v 0.0224921297 0.00929015858 -0.107519725 1 0 0
v 0.0218651783 0.00929157486 -0.109027966 1 0 0
v 0.0212318678 0.00930482333 -0.110533533 1 0 0
v 0.0205910124 0.00931501056 -0.112035922 1 0 0
v 0.0199520231 0.00931890612 -0.113539127 1 0 0
v 0.0193105466 0.00930236313 -0.115041162 1 0 0
v 0.0186650937 0.00930985688 -0.116541606 1 0 0
v 0.0180121968 0.00931687337 -0.118038806 1 0 0
v 0.0173490449 0.00932318026 -0.119531518 0 1 0
v 0.0166750839 0.0093222029 -0.121019393 0 1 0
v 0.0159914144 0.00932304407 -0.122502826 0 1 0
v 0.0152972192 0.00932126527 -0.12398136 0 1 0
v 0.0145972183 0.00932265909 -0.125457163 0 1 0
v 0.0139022208 0.00931909369 -0.126935322 0 1 0
v 0.0131975974 0.00932069339 -0.128408916 0 1 0
v 0.0124961344 0.00932250352 -0.129884018 0 1 0
v 0.0117890833 0.00932294619 -0.131356429 0 0.501961 1
v 0.0110686902 0.00932268474 -0.132822386 0 0.501961 1
v 0.0103466915 0.00932302818 -0.134287529 0 0.501961 1
v 0.00960247952 0.00932200416 -0.135741524 0 0.501961 1
v 0.00886200885 0.0093213277 -0.137197442 0 0.501961 1
v 0.00810965135 0.00932157455 -0.138647235 0 0.501961 1
v 0.00736220493 0.00932037315 -0.140099561 0 0.501961 1
v 0.00660555609 0.00931843102 -0.141547129 0 0.501961 1
v 0.00584935804 0.00931806523 -0.142994898 1 0.784314 0
v 0.00508878543 0.009322059 -0.14444028 1 0.784314 0
v 0.0043088452 0.00932018635 -0.145875427 1 0.784314 0
v 0.00352458864 0.00932041822 -0.147308148 1 0.784314 0
v 0.00272243926 0.00932233524 -0.148731009 1 0.784314 0
v 0.00192762124 0.00932275232 -0.150157985 1 0.784314 0
v 0.00111684631 0.00932265121 -0.151575958 1 0.784314 0
v 0.000317112027 0.00932276741 -0.153000176 1 0.784314 0
v -0.000501570502 0.00932222854 -0.154413584 0.705882 0 1
v -0.00131490498 0.00932232726 -0.155830076 0.705882 0 1
v -0.00213940522 0.00932195879 -0.15724005 0.705882 0 1
v -0.00297558893 0.00932232927 -0.158643187 0.705882 0 1
v -0.00382195747 0.00932286786 -0.160040186 0.705882 0 1
v -0.00468525093 0.00931375444 -0.161426762 0.705882 0 1
v -0.00554538449 0.00931761711 -0.162815341 0.705882 0 1
v -0.00640925067 0.00931615213 -0.164201582 0.705882 0 1
v -0.00726886879 0.00931606811 -0.165590475 0.705882 0 1
v -0.00814102403 0.00931697521 -0.166971524 0.705882 0 1
v -0.00901342233 0.00931592661 -0.168352422 0 0.862745 0.862745
v -0.00990107712 0.009318951 -0.169723551 0 0.862745 0.862745
v -0.0107928576 0.00932139484 -0.171092026 0 0.862745 0.862745
v -0.0116942 0.00932317109 -0.17245421 0 0.862745 0.862745
v -0.0126108144 0.00932210295 -0.173806178 0 0.862745 0.862745
v -0.0135324393 0.00931691107 -0.175154712 0 0.862745 0.862745
v -0.0144539383 0.00931842808 -0.176503355 1 0.470588 0
v -0.0153776435 0.00931745684 -0.177850476 1 0.470588 0
v -0.0163003579 0.00931480004 -0.179198286 1 0.470588 0
v -0.0172339589 0.00931613115 -0.180538579 1 0.470588 0
v -0.0181843568 0.00931882287 -0.181866945 1 0.470588 0
v -0.0191451767 0.00932165376 -0.183187851 1 0.470588 0
v -0.020124437 0.00931792542 -0.184495144 1 0.470588 0
v -0.0211017222 0.00931802429 -0.185803918 1 0.470588 0
v -0.0220814588 0.0093178776 -0.187110856 0.470588 1 0
v -0.0230680907 0.0093128605 -0.188412589 0.470588 1 0
v -0.0240592137 0.0093146807 -0.189710912 0.470588 1 0
v -0.0250588607 0.00932107996 -0.191002655 0.470588 1 0
v -0.0260714359 0.00931356993 -0.192284266 0.470588 1 0
v -0.0270909222 0.00930261741 -0.193560396 0.470588 1 0
v -0.0281215357 0.00931289917 -0.19482752 0.470588 1 0
v -0.0291566249 0.00931541086 -0.196091054 0.470588 1 0
v -0.0301984478 0.00931142468 -0.197349061 0.470588 1 0
v -0.0312381934 0.00931225922 -0.198608793 0.470588 1 0
v -0.0322800279 0.00932006966 -0.199866772 0.470588 1 0
v 0.0499948825 0.00733078796 -0.0136098016 0 0.862745 0.862745
v 0.0496849996 0.00733041281 -0.0152160107 0 0.862745 0.862745
v 0.0493773739 0.00733040399 -0.0168226563 0 0.862745 0.862745
v 0.0490662566 0.00733019162 -0.0184286291 0 0.862745 0.862745
v 0.0487516387 0.00732999964 -0.0200339209 0 0.862745 0.862745
v 0.0484288463 0.00732938303 -0.0216375825 0 0.862745 0.862745
v 0.0480996146 0.00733013332 -0.0232399409 0 0.862745 0.862745
v 0.047762564 0.00731139035 -0.0248405189 0 0.862745 0.862745
v 0.0474212328 0.00728862887 -0.0264401448 1 0.470588 0
v 0.0470765913 0.00729352241 -0.0280392509 1 0.470588 0
v 0.0467303535 0.00730435788 -0.0296379471 1 0.470588 0
v 0.0463828624 0.00731045888 -0.0312362735 1 0.470588 0
v 0.0460324816 0.00729194759 -0.0328340173 1 0.470588 0
v 0.0456731837 0.00732468905 -0.0344294394 1 0.470588 0
v 0.0453069764 0.00730583431 -0.0360236049 1 0.470588 0
v 0.0449286522 0.00730567951 -0.0376150443 1 0.470588 0
v 0.0445442708 0.00730575813 -0.03920506 0.470588 1 0
v 0.0441573614 0.00730274801 -0.0407944733 0.470588 1 0
v 0.04377007 0.00729624117 -0.0423837717 0.470588 1 0
v 0.0433833281 0.00730452223 -0.043973147 0.470588 1 0
v 0.0429999304 0.00729882884 -0.0455633966 0.470588 1 0
v 0.0426126349 0.00731095339 -0.0471526066 0.470588 1 0
v 0.042218685 0.00731320978 -0.0487402504 0.470588 1 0
v 0.0418146602 0.00731536933 -0.0503253655 0.470588 1 0
v 0.0413980829 0.00732276545 -0.0519072451 1 0 0.705882
v 0.0409627156 0.00732098955 -0.0534840745 1 0 0.705882
v 0.040520132 0.00732027479 -0.0550588875 1 0 0.705882
v 0.040075705 0.00729370969 -0.0566327628 1 0 0.705882
v 0.0396307857 0.00727289366 -0.0582064785 1 0 0.705882
v 0.0391831397 0.00729981768 -0.0597795992 1 0 0.705882
v 0.0387365191 0.00731066424 -0.0613532404 1 0 0.705882
v 0.0382884279 0.00729151407 -0.0629263768 1 0 0.705882
v 0.0378317199 0.00729905562 -0.0644970717 0.313725 0.313725 1
v 0.0373668519 0.00731240086 -0.0660653954 0.313725 0.313725 1
v 0.0368936141 0.00731933717 -0.0676312269 0.313725 0.313725 1
v 0.0364135325 0.00731182784 -0.069194978 0.313725 0.313725 1
v 0.0359295175 0.00728373986 -0.0707573116 0.313725 0.313725 1
v 0.0354428661 0.0073001589 -0.072318962 0.313725 0.313725 1
v 0.0349531152 0.00732052018 -0.0738796197 0.313725 0.313725 1
v 0.0344604475 0.00732748751 -0.0754394635 0.313725 0.313725 1
v 0.0339577549 0.00732584271 -0.0769961312 0.705882 0.470588 0.156863
v 0.0334461779 0.00732576898 -0.0785499017 0.705882 0.470588 0.156863
v 0.0329246392 0.00732542935 -0.0801003325 0.705882 0.470588 0.156863
v 0.0323881391 0.00731852405 -0.0816456681 0.705882 0.470588 0.156863
v 0.0318477624 0.00732373727 -0.0831896588 0.705882 0.470588 0.156863
v 0.0312958559 0.00732319686 -0.0847295757 0.705882 0.470588 0.156863
v 0.0307415663 0.00732373119 -0.0862686348 0.705882 0.470588 0.156863
v 0.0301842652 0.00732614371 -0.0878066063 0.705882 0.470588 0.156863
v 0.0296246282 0.00732481673 -0.0893437298 0.705882 0.470588 0.156863
v 0.0290598503 0.00731815092 -0.0908789548 0.705882 0.470588 0.156863
v 0.0284911011 0.0073123525 -0.0924127124 0.470588 0.470588 0.470588
v 0.0279139907 0.00732009932 -0.0939433423 0.470588 0.470588 0.470588
v 0.0273338342 0.00731454298 -0.0954727974 0.470588 0.470588 0.470588
v 0.0267497102 0.00731319623 -0.09700075 0.470588 0.470588 0.470588
v 0.0261629984 0.00731898374 -0.0985277337 0.470588 0.470588 0.470588
v 0.0255759444 0.00730921393 -0.100054554 0.470588 0.470588 0.470588
v 0.0249867852 0.00731427738 -0.101580598 0.470588 0.470588 0.470588
v 0.0243939408 0.00730062791 -0.103105116 0.470588 0.470588 0.470588
v 0.0237956838 0.00729661803 -0.104627608 0.470588 0.470588 0.470588
v 0.0231868424 0.00729620489 -0.106145903 0.470588 0.470588 0.470588
v 0.0225672576 0.00729070678 -0.107659799 1 0 0
v 0.0219393869 0.00729724302 -0.109170309 1 0 0
v 0.0213025879 0.00728997415 -0.110677079 1 0 0
v 0.0206633849 0.00729618843 -0.112182814 1 0 0
v 0.0200223931 0.00729091037 -0.113687788 1 0 0
v 0.0193798667 0.00728784465 -0.115192006 1 0 0
v 0.0187319302 0.00730581194 -0.116693937 1 0 0
v 0.0180776162 0.00732061243 -0.118193112 1 0 0
v 0.0174162399 0.00731580523 -0.119689159 0 1 0
v 0.0167408158 0.00730240136 -0.121178838 0 1 0
v 0.016054359 0.0073148109 -0.122663572 0 1 0
v 0.0153603882 0.00731896334 -0.124144874 0 1 0
v 0.0146629316 0.00732577363 -0.125624548 0 1 0
v 0.0139656607 0.00732471985 -0.127104327 0 1 0
v 0.0132661491 0.00732609177 -0.128583047 0 1 0
v 0.0125636012 0.00732699732 -0.130060332 0 1 0
v 0.0118534481 0.00732717876 -0.131533966 0 0.501961 1
v 0.01113201 0.00732712798 -0.133002116 0 0.501961 1
v 0.0104021078 0.00732724031 -0.134466071 0 0.501961 1
v 0.00966010689 0.00732718047 -0.135923935 0 0.501961 1
v 0.0089137067 0.00732696924 -0.137379548 0 0.501961 1
v 0.00816481639 0.00732728884 -0.138833881 0 0.501961 1
v 0.00741506151 0.00732638234 -0.140287771 0 0.501961 1
v 0.00666028273 0.00732686955 -0.14173906 0 0.501961 1
v 0.00590585343 0.00732695345 -0.143190534 1 0.784314 0
v 0.00514210317 0.00732720933 -0.144637114 1 0.784314 0
v 0.00436296788 0.00732679853 -0.146075472 1 0.784314 0
v 0.00357072304 0.00732612723 -0.147506652 1 0.784314 0
v 0.00277132698 0.00732710521 -0.14893385 1 0.784314 0
v 0.00196575924 0.00732669181 -0.150357568 1 0.784314 0
v 0.00116222205 0.00732710741 -0.15178243 1 0.784314 0
v 0.000352513274 0.00732677259 -0.153203801 1 0.784314 0
v -0.000456539901 0.00732725725 -0.154625547 0.705882 0 1
v -0.0012745973 0.00732725023 -0.156042125 0.705882 0 1
v -0.00210057261 0.00732742688 -0.157454109 0.705882 0 1
v -0.00293912395 0.00732751413 -0.15885866 0.705882 0 1
v -0.003788134 0.00732768859 -0.160256901 0.705882 0 1
v -0.00464886072 0.00732730254 -0.161647978 0.705882 0 1
v -0.00551547409 0.00732690302 -0.163035383 0.705882 0 1
v -0.00637995646 0.00732686714 -0.164424121 0.705882 0 1
v -0.00724939143 0.00732387013 -0.165809764 0.705882 0 1
v -0.00811733824 0.00732620749 -0.16719634 0.705882 0 1
v -0.00899576717 0.00732441208 -0.168576296 0 0.862745 0.862745
v -0.00987834509 0.00732636508 -0.169953607 0 0.862745 0.862745
v -0.0107759464 0.00732701011 -0.171321163 0 0.862745 0.862745
v -0.0116827383 0.00732738357 -0.172682659 0 0.862745 0.862745
v -0.0125973895 0.0073267393 -0.174038868 0 0.862745 0.862745
v -0.0135212951 0.00732380302 -0.175388803 0 0.862745 0.862745
v -0.0144409532 0.00732287697 -0.176741631 1 0.470588 0
v -0.0153638593 0.00732224788 -0.178092244 1 0.470588 0
v -0.0162911977 0.00731767299 -0.179439814 1 0.470588 0
v -0.0172291096 0.00731994802 -0.180780032 1 0.470588 0
v -0.0181766035 0.0073277947 -0.182113475 1 0.470588 0
v -0.0191389237 0.00731554688 -0.183436239 1 0.470588 0
v -0.0201177354 0.00731960689 -0.184746852 1 0.470588 0
v -0.0211003995 0.00732200217 -0.186054618 1 0.470588 0
v -0.0220835018 0.00731909452 -0.187362067 0.470588 1 0
v -0.0230702091 0.00731476607 -0.188666777 0.470588 1 0
v -0.0240693521 0.00731683477 -0.189962018 0.470588 1 0
v -0.0250720405 0.00732639112 -0.191254485 0.470588 1 0
v -0.0260938649 0.00731653988 -0.192531784 0.470588 1 0
v -0.0271213561 0.00731183086 -0.193804593 0.470588 1 0
v -0.0281559646 0.00732224338 -0.195071611 0.470588 1 0
v -0.0291994852 0.00732391319 -0.196331373 0.470588 1 0
v -0.0302448996 0.00732728942 -0.197589548 0.470588 1 0
v -0.0312911794 0.00732730506 -0.198847023 0.470588 1 0
v -0.0323374699 0.00732864872 -0.200104489 0.470588 1 0
v 0.0500734509 0.00533185135 -0.0136088899 0 0.862745 0.862745
v 0.0497662961 0.00533171136 -0.0152169966 0 0.862745 0.862745
v 0.0494588032 0.00533169793 -0.0168250365 0 0.862745 0.862745
v 0.0491489859 0.00533170529 -0.0184326329 0 0.862745 0.862745
v 0.0488335591 0.00533145638 -0.0200391337 0 0.862745 0.862745
v 0.0485132765 0.00532560084 -0.0216446529 0 0.862745 0.862745
v 0.0481856511 0.00531422045 -0.0232486501 0 0.862745 0.862745
v 0.0478485489 0.00529781145 -0.0248506334 0 0.862745 0.862745
v 0.0475061198 0.00528743425 -0.0264514709 1 0.470588 0
v 0.0471642478 0.00530363283 -0.0280524689 1 0.470588 0
v 0.046821711 0.00529593095 -0.0296533902 1 0.470588 0
v 0.0464755059 0.0052901612 -0.031253492 1 0.470588 0
v 0.0461256645 0.00528334173 -0.0328528177 1 0.470588 0
v 0.0457671678 0.00531970362 -0.0344496999 1 0.470588 0
v 0.0454025127 0.00532519483 -0.0360456775 1 0.470588 0
v 0.0450253162 0.00532300981 -0.0376388008 1 0.470588 0
v 0.0446422725 0.00532104211 -0.0392305392 0.470588 1 0
v 0.0442568413 0.00531658428 -0.0408216953 0.470588 1 0
v 0.0438720804 0.00530621644 -0.0424129742 0.470588 1 0
v 0.043490282 0.00530037471 -0.0440050005 0.470588 1 0
v 0.0431078739 0.00530078214 -0.0455968877 0.470588 1 0
v 0.0427208603 0.00531815284 -0.0471875355 0.470588 1 0
v 0.0423279144 0.00532368812 -0.0487768428 0.470588 1 0
v 0.04192247 0.00532691065 -0.0503630081 0.470588 1 0
v 0.0415035258 0.00532836762 -0.0519456474 1 0 0.705882
v 0.0410726259 0.00532668685 -0.0535250999 1 0 0.705882
v 0.0406284938 0.0053106972 -0.055100787 1 0 0.705882
v 0.0401869503 0.0052531375 -0.0566760677 1 0 0.705882
v 0.0397398758 0.00524880188 -0.0582491071 1 0 0.705882
v 0.0392896811 0.00530879609 -0.059821653 1 0 0.705882
v 0.0388394426 0.00531139327 -0.0613956922 1 0 0.705882
v 0.0383902778 0.00529361597 -0.0629699502 1 0 0.705882
v 0.0379312813 0.00530715522 -0.0645413813 0.313725 0.313725 1
v 0.0374648653 0.00531960171 -0.0661106599 0.313725 0.313725 1
v 0.0369903457 0.00532498712 -0.0676775363 0.313725 0.313725 1
v 0.0365090662 0.00531597822 -0.0692423004 0.313725 0.313725 1
v 0.0360215867 0.00529111171 -0.0708049619 0.313725 0.313725 1
v 0.0355313506 0.00531209847 -0.0723668789 0.313725 0.313725 1
v 0.0350373369 0.00532544804 -0.0739276845 0.705882 0.470588 0.156863
v 0.0345410238 0.00532963268 -0.0754878121 0.705882 0.470588 0.156863
v 0.034038707 0.00532849288 -0.0770460222 0.705882 0.470588 0.156863
v 0.0335267448 0.0053277088 -0.0786010863 0.705882 0.470588 0.156863
v 0.0330045004 0.00532514499 -0.080152712 0.705882 0.470588 0.156863
v 0.0324711947 0.00531383482 -0.0817005508 0.705882 0.470588 0.156863
v 0.031930404 0.00530904618 -0.0832458275 0.705882 0.470588 0.156863
v 0.0313801984 0.00531987561 -0.0847877225 0.705882 0.470588 0.156863
v 0.0308274447 0.0053278597 -0.0863287324 0.705882 0.470588 0.156863
v 0.0302733897 0.0053265586 -0.0878693082 0.705882 0.470588 0.156863
v 0.0297132852 0.00532827756 -0.089407694 0.470588 0.470588 0.470588
v 0.029149402 0.00532605366 -0.0909446988 0.470588 0.470588 0.470588
v 0.0285816754 0.00532423781 -0.0924802848 0.470588 0.470588 0.470588
v 0.0280044539 0.00532818288 -0.0940123279 0.470588 0.470588 0.470588
v 0.027424314 0.00530633062 -0.0955431007 0.470588 0.470588 0.470588
v 0.0268399482 0.00530063986 -0.0970723468 0.470588 0.470588 0.470588
v 0.0262522885 0.00530957584 -0.0986003828 0.470588 0.470588 0.470588
v 0.0256646444 0.00530837476 -0.100128398 0.470588 0.470588 0.470588
v 0.0250744695 0.00532030331 -0.101655456 0.470588 0.470588 0.470588
v 0.0244829347 0.00531390926 -0.103182013 0.470588 0.470588 0.470588
v 0.0238825578 0.0053163997 -0.104705129 1 0 0
v 0.0232725539 0.00530971091 -0.106224356 1 0 0
v 0.0226538234 0.00530187163 -0.107740025 1 0 0
v 0.0220236496 0.0053181072 -0.109250976 1 0 0
v 0.0213862454 0.00531138131 -0.110758932 1 0 0
v 0.0207468554 0.00529992565 -0.112266049 1 0 0
v 0.0201057912 0.00527310458 -0.113772191 1 0 0
v 0.0194607885 0.00530152978 -0.115276691 1 0 0
v 0.0188140109 0.00530340276 -0.116780517 0 1 0
v 0.0181619161 0.00530260109 -0.11828217 0 1 0
v 0.017495802 0.00531587429 -0.119777341 0 1 0
v 0.0168186438 0.00529899986 -0.121267734 0 1 0
v 0.0161303404 0.00531215428 -0.122753118 0 1 0
v 0.0154359631 0.00532038995 -0.124235715 0 1 0
v 0.0147397072 0.00532640416 -0.125717438 0 1 0
v 0.014041362 0.00532752177 -0.127198205 0 1 0
v 0.0133425583 0.00532847481 -0.128678755 0 1 0
v 0.0126369895 0.00532903334 -0.130156088 0 1 0
v 0.0119253896 0.00532945331 -0.131630529 0 0.501961 1
v 0.011205123 0.00532965813 -0.133100741 0 0.501961 1
v 0.0104714709 0.00532963642 -0.134564334 0 0.501961 1
v 0.00973111527 0.00532971351 -0.136024546 0 0.501961 1
v 0.00898048697 0.00532963702 -0.137479507 0 0.501961 1
v 0.00823419149 0.00532968219 -0.138936696 0 0.501961 1
v 0.00748125818 0.00532925276 -0.140390465 0 0.501961 1
v 0.00673050546 0.00532934029 -0.141845362 0 0.501961 1
v 0.00597082691 0.00532927833 -0.143295606 1 0.784314 0
v 0.00520418259 0.0053293448 -0.14474219 1 0.784314 0
v 0.00442533202 0.00532913309 -0.146182195 1 0.784314 0
v 0.00363360168 0.00532886369 -0.147615203 1 0.784314 0
v 0.00283481227 0.00532922391 -0.149044274 1 0.784314 0
v 0.00202646264 0.00532935835 -0.150467975 1 0.784314 0
v 0.00122253135 0.00532961517 -0.151894176 1 0.784314 0
v 0.000410966107 0.00532941195 -0.153316047 1 0.784314 0
v -0.000397527403 0.00532956008 -0.154739667 0.705882 0 1
v -0.00121717616 0.00532969713 -0.156156884 0.705882 0 1
v -0.00204354762 0.00532991424 -0.157570198 0.705882 0 1
v -0.00288367082 0.00532998142 -0.158975337 0.705882 0 1
v -0.00373566966 0.00532997675 -0.160373353 0.705882 0 1
v -0.0045954778 0.00532978932 -0.161766562 0.705882 0 1
v -0.00546303699 0.005329413 -0.163154976 0.705882 0 1
v -0.00632865152 0.00532955982 -0.164544601 0.705882 0 1
v -0.00719939963 0.0053284285 -0.165931018 0.705882 0 1
v -0.00806755071 0.00532985445 -0.167319063 0.705882 0 1
v -0.00894690062 0.00532881171 -0.168700038 0 0.862745 0.862745
v -0.00983080458 0.00532956824 -0.170078104 0 0.862745 0.862745
v -0.0107293905 0.00532988752 -0.171446611 0 0.862745 0.862745
v -0.0116373358 0.00533003642 -0.172808954 0 0.862745 0.862745
v -0.0125532576 0.00532970505 -0.174165944 0 0.862745 0.862745
v -0.0134765322 0.00532884316 -0.175517948 0 0.862745 0.862745
v -0.0144002134 0.00532739878 -0.176869672 1 0.470588 0
v -0.0153243098 0.00532613925 -0.17822111 1 0.470588 0
v -0.016255887 0.00532512931 -0.179567405 1 0.470588 0
v -0.0171910074 0.00532229071 -0.180911242 1 0.470588 0
v -0.0181416741 0.00532588736 -0.182244085 1 0.470588 0
v -0.019103832 0.00532348674 -0.183568637 1 0.470588 0
v -0.0200788211 0.00532796561 -0.184883828 1 0.470588 0
v -0.0210647892 0.00532498002 -0.186190807 1 0.470588 0
v -0.022050672 0.00532023774 -0.187497851 0.470588 1 0
v -0.0230400489 0.0053170639 -0.18880224 0.470588 1 0
v -0.024038681 0.00531918748 -0.19009957 0.470588 1 0
v -0.0250466354 0.00532784495 -0.191389646 0.470588 1 0
v -0.0260697627 0.00531747674 -0.192667682 0.470588 1 0
v -0.0271023599 0.00531093262 -0.193938123 0.470588 1 0
v -0.028141831 0.00531361329 -0.195202972 0.470588 1 0
v -0.0291888633 0.00531484755 -0.196461472 0.470588 1 0
v -0.0302365591 0.00532828739 -0.197719416 0.470588 1 0
v -0.0312876289 0.00532958298 -0.198974644 0.470588 1 0
v -0.03233828 0.00533121608 -0.200230225 0.470588 1 0
v 0.0501250596 0.00333206408 -0.0136079064 0 0.862745 0.862745
v 0.0498230162 0.00333208484 -0.0152178807 0 0.862745 0.862745
v 0.0495148222 0.00333205065 -0.0168266872 0 0.862745 0.862745
v 0.0492066773 0.00333203353 -0.0184355069 0 0.862745 0.862745
v 0.0488926306 0.0033317891 -0.0200431722 0 0.862745 0.862745
v 0.0485708851 0.00333009751 -0.0216493268 0 0.862745 0.862745
v 0.0482477929 0.00332600932 -0.023255208 0 0.862745 0.862745
v 0.0479091344 0.00330344115 -0.0248577172 0 0.862745 0.862745
v 0.0475725446 0.0033012551 -0.0264606859 1 0.470588 0
v 0.0472300481 0.00331923874 -0.0280623598 1 0.470588 0
v 0.046895312 0.00330624757 -0.0296658043 1 0.470588 0
v 0.0465511058 0.00332096568 -0.0312672231 1 0.470588 0
v 0.0461989531 0.00331970144 -0.0328669532 1 0.470588 0
v 0.0458430046 0.00332151459 -0.0344658441 1 0.470588 0
v 0.0454811364 0.00333026985 -0.0360633767 1 0.470588 0
v 0.0451048368 0.00332995435 -0.0376576345 1 0.470588 0
v 0.0447278947 0.00327825561 -0.0392495162 0.470588 1 0
v 0.0443522549 0.00319944411 -0.0408404262 0.470588 1 0
v 0.043970725 0.00321241711 -0.042433385 0.470588 1 0
v 0.0435895874 0.00321921021 -0.0440264615 0.470588 1 0
v 0.0432082965 0.00322959333 -0.0456194827 0.470588 1 0
v 0.0428237036 0.00324082144 -0.0472117134 0.470588 1 0
v 0.0424294956 0.00324278818 -0.0488016035 0.470588 1 0
v 0.0420258903 0.00324623499 -0.050389128 0.470588 1 0
v 0.041604404 0.00324792694 -0.0519720303 0.470588 1 0
v 0.0411711449 0.00324635077 -0.0535517247 0.470588 1 0
v 0.0407311448 0.00324961075 -0.0551295775 1 0 0.705882
v 0.040288109 0.00317195732 -0.056704497 1 0 0.705882
v 0.0398409968 0.00323181295 -0.0582721999 1 0 0.705882
v 0.039388756 0.00332222849 -0.0598422716 1 0 0.705882
v 0.0389359561 0.00332101841 -0.0614164875 1 0 0.705882
v 0.0384816512 0.00330526379 -0.0629902008 1 0 0.705882
v 0.0380253168 0.00331908299 -0.0645633592 1 0 0.705882
v 0.0375538512 0.00332680715 -0.0661320754 1 0 0.705882
v 0.0370782562 0.00332961647 -0.0676995728 0.313725 0.313725 1
v 0.0365970601 0.00331900168 -0.0692652622 0.313725 0.313725 1
v 0.0361041141 0.00329877577 -0.0708271384 0.313725 0.313725 1
v 0.035609044 0.00332035566 -0.0723884495 0.313725 0.313725 1
v 0.0351130388 0.00332853941 -0.0739495881 0.313725 0.313725 1
v 0.0346125397 0.00333087825 -0.0755093114 0.313725 0.313725 1
v 0.0341103419 0.00332981018 -0.0770684944 0.705882 0.470588 0.156863
v 0.0335995915 0.0033294547 -0.0786248833 0.705882 0.470588 0.156863
v 0.0330761861 0.0033276102 -0.0801770613 0.705882 0.470588 0.156863
v 0.0325445411 0.00331682779 -0.0817264117 0.705882 0.470588 0.156863
v 0.0320053237 0.00331568912 -0.0832731823 0.705882 0.470588 0.156863
v 0.0314577273 0.00332393978 -0.0848169708 0.705882 0.470588 0.156863
v 0.030908368 0.0033286198 -0.0863601422 0.705882 0.470588 0.156863
v 0.0303588034 0.00332281728 -0.0879032552 0.705882 0.470588 0.156863
v 0.0297985996 0.00332182676 -0.089442547 0.470588 0.470588 0.470588
v 0.0292366963 0.00332516463 -0.0909812181 0.470588 0.470588 0.470588
v 0.0286682035 0.00331579586 -0.0925172959 0.470588 0.470588 0.470588
v 0.0280930386 0.00330408546 -0.0940510057 0.470588 0.470588 0.470588
v 0.0275142862 0.00329661789 -0.0955833366 0.470588 0.470588 0.470588
v 0.0269282841 0.00331935787 -0.097112819 0.470588 0.470588 0.470588
v 0.0263402969 0.00331990053 -0.0986417122 0.470588 0.470588 0.470588
v 0.0257517419 0.00332806345 -0.100170349 0.470588 0.470588 0.470588
v 0.0251629156 0.00330843947 -0.101698695 0.470588 0.470588 0.470588
v 0.0245708632 0.0033086163 -0.103225958 0.470588 0.470588 0.470588
v 0.0239716653 0.00332268053 -0.10475041 1 0 0
v 0.0233616787 0.00332599666 -0.106270631 1 0 0
v 0.0227436035 0.00332027621 -0.107787592 1 0 0
v 0.0221104684 0.00332559046 -0.109298341 1 0 0
v 0.0214725875 0.00332526607 -0.110807095 1 0 0
v 0.0208308559 0.00331401713 -0.112314123 1 0 0
v 0.0201897507 0.00328411365 -0.113821183 1 0 0
v 0.019544229 0.00330620463 -0.115326427 1 0 0
v 0.0188966833 0.0033011968 -0.116829924 0 1 0
v 0.0182498057 0.00319409089 -0.118331017 0 1 0
v 0.0175810798 0.0032169945 -0.119825922 0 1 0
v 0.016902249 0.00322546531 -0.121316606 0 1 0
v 0.0162113992 0.00326553423 -0.122801213 0 1 0
v 0.015517787 0.00330092028 -0.124284672 0 1 0
v 0.0148209525 0.00332942744 -0.125766696 0 1 0
v 0.0141196838 0.00332996651 -0.127247056 0 1 0
v 0.0134214047 0.0033290336 -0.128728829 0 1 0
v 0.0127143116 0.00332974557 -0.13020641 0 1 0
v 0.012001324 0.00333094223 -0.131681166 0 0.501961 1
v 0.0112813304 0.00333127748 -0.133152501 0 0.501961 1
v 0.0105451002 0.00333117976 -0.13461579 0 0.501961 1
v 0.00980396104 0.00333117881 -0.13607659 0 0.501961 1
v 0.00905132868 0.00333108965 -0.137531502 0 0.501961 1
v 0.00830472305 0.00333111604 -0.138989517 0 0.501961 1
v 0.00755266687 0.00333099082 -0.140444727 0 0.501961 1
v 0.00680062089 0.00333100854 -0.141899942 0 0.501961 1
v 0.00604076985 0.00333098766 -0.143351103 1 0.784314 0
v 0.00527366542 0.0033310136 -0.144798447 1 0.784314 0
v 0.00449490194 0.00333098426 -0.146239546 1 0.784314 0
v 0.00370299542 0.00333096835 -0.147673467 1 0.784314 0
v 0.00290153959 0.00333100441 -0.149102071 1 0.784314 0
v 0.00209300535 0.00333106401 -0.150526671 1 0.784314 0
v 0.00128617714 0.00333108969 -0.151952244 1 0.784314 0
v 0.000476701668 0.00333111103 -0.153376313 1 0.784314 0
v -0.000334087458 0.00333111219 -0.154799635 0.705882 0 1
v -0.00115226719 0.00333121831 -0.156218726 0.705882 0 1
v -0.00197927051 0.00333133116 -0.157632696 0.705882 0 1
v -0.00282097069 0.00333136869 -0.15903795 0.705882 0 1
v -0.00367376628 0.00333126576 -0.160436519 0.705882 0 1
v -0.00453368257 0.00333109815 -0.161830713 0.705882 0 1
v -0.00540141888 0.0033309586 -0.163220048 0.705882 0 1
v -0.00626916043 0.00333100177 -0.164609387 0.705882 0 1
v -0.00713887742 0.00333078277 -0.165997485 0.705882 0 1
v -0.00800944762 0.00333106727 -0.167385049 0.705882 0 1
v -0.00888747406 0.00333093585 -0.168767909 0 0.862745 0.862745
v -0.00977338317 0.00333122302 -0.170145734 0 0.862745 0.862745
v -0.0106706111 0.00333142594 -0.171516214 0 0.862745 0.862745
v -0.0115812341 0.00333144508 -0.172877834 0 0.862745 0.862745
v -0.01249973 0.0033313859 -0.174234161 0 0.862745 0.862745
v -0.0134225743 0.00333116845 -0.175587522 0 0.862745 0.862745
v -0.0143501439 0.00333040846 -0.176937659 1 0.470588 0
v -0.0152748412 0.00333026412 -0.178289765 1 0.470588 0
v -0.0162099733 0.00333072788 -0.179634675 1 0.470588 0
v -0.0171468656 0.00332744721 -0.180978356 1 0.470588 0
v -0.0180989234 0.00332630461 -0.1823113 1 0.470588 0
v -0.0190621999 0.00332746543 -0.183636182 1 0.470588 0
v -0.0200341127 0.00333022202 -0.184954745 1 0.470588 0
v -0.0210197291 0.00332727332 -0.186263106 1 0.470588 0
v -0.0220061858 0.00332395786 -0.187570834 0.470588 1 0
v -0.0229972303 0.00332200789 -0.188875088 0.470588 1 0
v -0.0239970556 0.00332197098 -0.190172617 0.470588 1 0
v -0.0250076044 0.00332565879 -0.191461811 0.470588 1 0
v -0.0260313614 0.00331814748 -0.192740529 0.470588 1 0
v -0.0270695919 0.00329346796 -0.194007178 0.470588 1 0
v -0.0281129484 0.00327766832 -0.19526985 0.470588 1 0
v -0.0291591319 0.00327388927 -0.19652924 0.470588 1 0
v -0.0302078844 0.00332574926 -0.197785943 0.470588 1 0
v -0.0312590739 0.00332064568 -0.199039265 0.470588 1 0
v -0.0323131191 0.00333185042 -0.200292859 0.470588 1 0
v 0.0501520242 0.00133182921 -0.013606906 0 0.862745 0.862745
v 0.0498510709 0.00133180514 -0.0152174727 0 0.862745 0.862745
v 0.0495427054 0.00133183135 -0.0168266342 0 0.862745 0.862745
v 0.0492367904 0.00133160467 -0.018436264 0 0.862745 0.862745
v 0.0489253758 0.00133136651 -0.0200448377 0 0.862745 0.862745
v 0.0486049548 0.0013313106 -0.0216516444 0 0.862745 0.862745
v 0.0482748892 0.00132892524 -0.023256488 0 0.862745 0.862745
v 0.0479456213 0.00132343803 -0.024861496 0 0.862745 0.862745
v 0.0476078682 0.00132717354 -0.0264647317 1 0.470588 0
v 0.0472704391 0.00133142809 -0.0280680369 1 0.470588 0
v 0.0469342054 0.00132611531 -0.0296715782 1 0.470588 0
v 0.0465955694 0.00132651173 -0.0312746316 1 0.470588 0
v 0.04624569 0.0013237997 -0.0328752797 1 0.470588 0
v 0.0458901363 0.00132375602 -0.0344746747 1 0.470588 0
v 0.0455245406 0.00132747867 -0.0360718035 1 0.470588 0
v 0.0451527278 0.00133057306 -0.0376674936 1 0.470588 0
v 0.0447826816 0.00126792602 -0.0392617404 0.470588 1 0
v 0.0444066961 0.00121455156 -0.0408546728 0.470588 1 0
v 0.044027499 0.00121825507 -0.0424485987 0.470588 1 0
v 0.043649225 0.00121305737 -0.0440427481 0.470588 1 0
v 0.043269296 0.0012162273 -0.0456364962 0.470588 1 0
v 0.0428856457 0.00122304668 -0.0472293321 0.470588 1 0
v 0.042493918 0.00122317893 -0.0488202487 0.470588 1 0
v 0.042085699 0.00123304056 -0.05040697 0.470588 1 0
v 0.0416658407 0.00124015158 -0.0519906719 0.470588 1 0
v 0.0412322305 0.00125083407 -0.0535706611 0.470588 1 0
v 0.0407874848 0.00126896033 -0.0551474644 1 0 0.705882
v 0.0403478371 0.00120450935 -0.0567218083 1 0 0.705882
v 0.0398968584 0.00122472367 -0.0582932811 1 0 0.705882
v 0.0394483052 0.0013291358 -0.0598614816 1 0 0.705882
v 0.0390012474 0.00132584446 -0.0614377004 1 0 0.705882
v 0.0385432849 0.00131495191 -0.063010774 1 0 0.705882
v 0.038080592 0.00132176292 -0.0645825076 1 0 0.705882
v 0.0376127555 0.0013290884 -0.0661527098 1 0 0.705882
v 0.0371371425 0.00133162617 -0.0677205976 0.313725 0.313725 1
v 0.0366524097 0.00131907917 -0.0692855829 0.313725 0.313725 1
v 0.036158101 0.00130694339 -0.0708475882 0.313725 0.313725 1
v 0.03565525 0.00132728916 -0.0724068038 0.313725 0.313725 1
v 0.0351628716 0.00133054369 -0.0739695099 0.313725 0.313725 1
v 0.0346598007 0.00133165637 -0.0755288044 0.313725 0.313725 1
v 0.0341580973 0.00133077911 -0.0770885431 0.705882 0.470588 0.156863
v 0.0336482883 0.00133027879 -0.0786456236 0.705882 0.470588 0.156863
v 0.0331256478 0.00132949262 -0.080198469 0.705882 0.470588 0.156863
v 0.0325973522 0.00132297781 -0.0817493834 0.705882 0.470588 0.156863
v 0.0320564805 0.00132225667 -0.0832959718 0.705882 0.470588 0.156863
v 0.0315122325 0.00132771601 -0.0848413648 0.705882 0.470588 0.156863
v 0.0309641705 0.00132846545 -0.0863854073 0.705882 0.470588 0.156863
v 0.0304185478 0.00131783401 -0.0879302924 0.705882 0.470588 0.156863
v 0.0298583198 0.001315478 -0.0894699797 0.470588 0.470588 0.470588
v 0.0293025615 0.00125760445 -0.0910096376 0.470588 0.470588 0.470588
v 0.0287337529 0.00127779666 -0.0925459028 0.470588 0.470588 0.470588
v 0.028158187 0.00129078036 -0.0940797976 0.470588 0.470588 0.470588
v 0.0275790974 0.00131447055 -0.0956122937 0.470588 0.470588 0.470588
v 0.0269907262 0.00132420663 -0.0971413959 0.470588 0.470588 0.470588
v 0.0264055955 0.00132772317 -0.098671787 0.470588 0.470588 0.470588
v 0.0258138052 0.00131376937 -0.100199296 0.470588 0.470588 0.470588
v 0.0252221913 0.00128131166 -0.101726804 0.470588 0.470588 0.470588
v 0.0246362539 0.00130882586 -0.103256643 0.470588 0.470588 0.470588
v 0.0240385635 0.00132291018 -0.104782095 1 0 0
v 0.0234278513 0.00132906269 -0.106302446 1 0 0
v 0.0228103438 0.00133100939 -0.107820068 1 0 0
v 0.0221705107 0.0013253857 -0.109328391 1 0 0
v 0.0215319086 0.00132152974 -0.110837248 1 0 0
v 0.0208929397 0.00132698836 -0.112345942 1 0 0
v 0.0202510334 0.0013237696 -0.113853402 1 0 0
v 0.0196020834 0.00132268112 -0.11535783 1 0 0
v 0.0189468706 0.00131742092 -0.116859235 0 1 0
v 0.0182960832 0.00124636092 -0.118360397 0 1 0
v 0.0176325358 0.00122301296 -0.11985827 0 1 0
v 0.0169538456 0.00123395985 -0.121349424 0 1 0
v 0.0162652592 0.0012488543 -0.122835908 0 1 0
v 0.0155744017 0.00126253555 -0.124321413 0 1 0
v 0.0148718232 0.00131258733 -0.125800168 0 1 0
v 0.0141770338 0.00132673606 -0.127283866 0 1 0
v 0.0134735011 0.00132893678 -0.128763529 0 1 0
v 0.0127691994 0.00132965588 -0.130242865 0 1 0
v 0.012053902 0.00133134035 -0.131716874 0 0.501961 1
v 0.0113280935 0.0013316749 -0.133185782 0 0.501961 1
v 0.0105993252 0.00133182642 -0.134653171 0 0.501961 1
v 0.00984928095 0.00133159851 -0.136109852 0 0.501961 1
v 0.00910805724 0.00133181822 -0.137571044 0 0.501961 1
v 0.00834967211 0.00133159188 -0.139023403 0 0.501961 1
v 0.00760482767 0.00133173044 -0.140482742 0 0.501961 1
v 0.00684597077 0.00133159526 -0.141934827 0 0.501961 1
v 0.00608870668 0.00133166844 -0.143387764 1 0.784314 0
v 0.00531971069 0.00133164769 -0.144834465 1 0.784314 0
v 0.00453984726 0.00133162522 -0.146275406 1 0.784314 0
v 0.00375106056 0.00133172161 -0.147711409 1 0.784314 0
v 0.00294492745 0.00133160188 -0.149137814 1 0.784314 0
v 0.00214346377 0.00133178561 -0.150566842 1 0.784314 0
v 0.00132786102 0.00133160797 -0.151987859 1 0.784314 0
v 0.000526257209 0.00133179109 -0.153416819 1 0.784314 0
v -0.000292083774 0.00133164338 -0.154836252 0.705882 0 1
v -0.00110616947 0.00133175251 -0.156258134 0.705882 0 1
v -0.00193778711 0.0013317095 -0.157669774 0.705882 0 1
v -0.00277905444 0.00133174786 -0.159075749 0.705882 0 1
v -0.00363146345 0.00133173163 -0.160474959 0.705882 0 1
v -0.00449340204 0.00133161095 -0.161868354 0.705882 0 1
v -0.00535597886 0.0013317014 -0.163261333 0.705882 0 1
v -0.00622923932 0.00133153581 -0.164647652 0.705882 0 1
v -0.00709192795 0.00133170421 -0.16604058 0.705882 0 1
v -0.0079705805 0.00133153528 -0.167423495 0.705882 0 1
v -0.00884191163 0.00133174068 -0.168811037 0 0.862745 0.862745
v -0.00973425452 0.00133170821 -0.170185114 0 0.862745 0.862745
v -0.0106306749 0.0013317866 -0.171556583 0 0.862745 0.862745
v -0.0115427977 0.00133179634 -0.172917573 0 0.862745 0.862745
v -0.0124634509 0.00133177863 -0.174272889 0 0.862745 0.862745
v -0.0133851964 0.00133173405 -0.17562745 0 0.862745 0.862745
v -0.0143158928 0.00133158747 -0.176975884 1 0.470588 0
v -0.0152444487 0.00133135353 -0.178325787 1 0.470588 0
v -0.016177463 0.00133174659 -0.179672612 1 0.470588 0
v -0.0171183328 0.00131993107 -0.181013876 1 0.470588 0
v -0.0180674855 0.00131949433 -0.182349376 1 0.470588 0
v -0.0190280134 0.00132617667 -0.183676692 1 0.470588 0
v -0.0200006672 0.00132674333 -0.184995174 1 0.470588 0
v -0.0209824586 0.0013299491 -0.186306871 1 0.470588 0
v -0.0219702971 0.00132911093 -0.187614023 0.470588 1 0
v -0.0229636774 0.00132769344 -0.188916977 0.470588 1 0
v -0.0239645949 0.00132779667 -0.190214131 0.470588 1 0
v -0.0249786528 0.00132797873 -0.191501055 0.470588 1 0
v -0.0260006254 0.00132798572 -0.192781707 0.470588 1 0
v -0.0270421374 0.00129701484 -0.194046058 0.470588 1 0
v -0.028089616 0.00127359264 -0.195305424 0.470588 1 0
v -0.0291353473 0.0012059859 -0.196564671 0.470588 1 0
v -0.0301868324 0.00117254174 -0.197820605 0.470588 1 0
v -0.0312373816 0.00121862616 -0.199074252 0.470588 1 0
v -0.0322886825 0.00133182667 -0.20032415 0.470588 1 0
v 0.0501454149 -0.000668529616 -0.0136059093 0.313725 0.313725 1
v 0.0498469056 -0.000668528449 -0.0152169847 0.313725 0.313725 1
v 0.0495408075 -0.000668283277 -0.0168266327 0.313725 0.313725 1
v 0.0492346689 -0.000668244439 -0.018436273 0.313725 0.313725 1
v 0.0489234264 -0.000668281827 -0.0200449368 0.313725 0.313725 1
v 0.0486067141 -0.000667610057 -0.0216525171 0.313725 0.313725 1
v 0.0482785421 -0.000666472086 -0.023257812 0.313725 0.313725 1
v 0.0479500372 -0.000663945878 -0.0248630309 0.313725 0.313725 1
v 0.0476166655 -0.000664378318 -0.0264672496 0.705882 0.470588 0.156863
v 0.047279114 -0.000667273954 -0.0280705936 0.705882 0.470588 0.156863
v 0.046938372 -0.000667177036 -0.029673263 0.705882 0.470588 0.156863
v 0.0466003322 -0.000666847729 -0.0312764962 0.705882 0.470588 0.156863
v 0.0462529445 -0.000664510823 -0.0328777351 0.705882 0.470588 0.156863
v 0.0458947878 -0.000664090796 -0.034476599 0.705882 0.470588 0.156863
v 0.045528999 -0.00066320106 -0.036073742 0.705882 0.470588 0.156863
v 0.0451642733 -0.000643779981 -0.0376708763 0.705882 0.470588 0.156863
v 0.0447912155 -0.000618950374 -0.0392654926 0.470588 0.470588 0.470588
v 0.0444141211 -0.000584753386 -0.040858777 0.470588 0.470588 0.470588
v 0.0440361162 -0.000574381973 -0.0424530132 0.470588 0.470588 0.470588
v 0.0436571917 -0.000572102273 -0.044047085 0.470588 0.470588 0.470588
v 0.0432778839 -0.000568537713 -0.0456410614 0.470588 0.470588 0.470588
v 0.0428945242 -0.000570958687 -0.0472340753 0.470588 0.470588 0.470588
v 0.0425017028 -0.000575257496 -0.0488247494 0.470588 0.470588 0.470588
v 0.0420954749 -0.000583590595 -0.0504120223 0.470588 0.470588 0.470588
v 0.0416751132 -0.000576305821 -0.051995643 0.470588 0.470588 0.470588
v 0.0412416674 -0.000584086304 -0.0535756502 0.470588 0.470588 0.470588
v 0.0408002282 -0.000600269838 -0.0551533345 1 0 0
v 0.0403519008 -0.000623605499 -0.0567289423 1 0 0
v 0.0399032929 -0.000631913767 -0.058304568 1 0 0
v 0.039459168 -0.00066712617 -0.0598806602 1 0 0
v 0.0390130095 -0.000662809779 -0.0614571656 1 0 0
v 0.0385564847 -0.000643763687 -0.063030583 1 0 0
v 0.0380915288 -0.000658814608 -0.0646015833 1 0 0
v 0.037627748 -0.000663180357 -0.0661730656 1 0 0
v 0.0371493484 -0.000668358041 -0.0677401101 0 1 0
v 0.0366629226 -0.000666981518 -0.0693047318 0 1 0
v 0.0361666219 -0.00065529933 -0.0708661526 0 1 0
v 0.0356678178 -0.000666818441 -0.0724267704 0 1 0
v 0.0351686693 -0.000668386005 -0.0739873705 0 1 0
v 0.0346747027 -0.000668384755 -0.0755496247 0 1 0
v 0.0341737049 -0.0006674761 -0.0771096397 0 0.501961 1
v 0.0336626338 -0.000667424418 -0.0786663921 0 0.501961 1
v 0.0331442617 -0.000668125329 -0.0802207199 0 0.501961 1
v 0.0326155323 -0.000664346267 -0.0817715592 0 0.501961 1
v 0.0320738902 -0.000662362178 -0.08331793 0 0.501961 1
v 0.0315308304 -0.000662189283 -0.0848638129 0 0.501961 1
v 0.0309830145 -0.000663440044 -0.0864080084 0 0.501961 1
v 0.0304342399 -0.000661486204 -0.0879518669 0 0.501961 1
v 0.0298768366 -0.000648698228 -0.0894925511 1 0.784314 0
v 0.0293195039 -0.000645726306 -0.091033327 1 0.784314 0
v 0.0287521817 -0.000631752264 -0.0925702931 1 0.784314 0
v 0.0281811024 -0.000655696576 -0.0941054439 1 0.784314 0
v 0.0275958369 -0.000659729187 -0.0956358152 1 0.784314 0
v 0.0270072644 -0.000656760004 -0.0971649324 1 0.784314 0
v 0.0264139318 -0.000655599067 -0.0986922234 1 0.784314 0
v 0.0258265234 -0.000598693262 -0.100220108 1 0.784314 0
v 0.0252438714 -0.000533486703 -0.101749102 1 0.784314 0
v 0.0246562126 -0.000609255909 -0.103271951 1 0.784314 0
v 0.0240575034 -0.000657342977 -0.104793635 0.705882 0 1
v 0.0234491465 -0.000668212109 -0.106314909 0.705882 0 1
v 0.0228265115 -0.00066830079 -0.107830483 0.705882 0 1
v 0.022191111 -0.00066455144 -0.109340743 0.705882 0 1
v 0.0215532096 -0.000623296288 -0.11084871 0.705882 0 1
v 0.0209169148 -0.000626795809 -0.112358577 0.705882 0 1
v 0.0202724518 -0.000660400923 -0.113864289 0.705882 0 1
v 0.0196224572 -0.000663373994 -0.115368322 0.705882 0 1
v 0.0189666875 -0.000653416179 -0.116869419 0 0.862745 0.862745
v 0.0183139027 -0.000588515205 -0.118368778 0 0.862745 0.862745
v 0.0176472852 -0.00062516329 -0.11986458 0 0.862745 0.862745
v 0.0169682775 -0.000628104526 -0.121355685 0 0.862745 0.862745
v 0.0162874512 -0.000571847118 -0.122843988 0 0.862745 0.862745
v 0.0155898194 -0.000603263612 -0.124325847 0 0.862745 0.862745
v 0.0148905712 -0.000657578865 -0.125805234 0 0.862745 0.862745
v 0.014197937 -0.000666762616 -0.127289765 0 0.862745 0.862745
v 0.013489965 -0.000660815874 -0.128767364 0 0.862745 0.862745
v 0.0127871979 -0.000668234832 -0.130247452 0 0.862745 0.862745
v 0.0120737521 -0.000668240555 -0.131722451 1 0.470588 0
v 0.0113467899 -0.000668548297 -0.133190849 1 0.470588 0
v 0.0106105666 -0.000668562249 -0.134654604 1 0.470588 0
v 0.00986983857 -0.000668495548 -0.136116075 1 0.470588 0
v 0.00911748701 -0.000668540485 -0.137571589 1 0.470588 0
v 0.00837038704 -0.000668468789 -0.139029807 1 0.470588 0
v 0.00761520247 -0.000668518912 -0.140483861 1 0.470588 0
v 0.00686527477 -0.000668489168 -0.14194063 1 0.470588 0
v 0.00610496595 -0.000668520601 -0.143392019 0.470588 1 0
v 0.00533755911 -0.000668508036 -0.144839683 0.470588 1 0
v 0.00455772717 -0.000668515596 -0.146280682 0.470588 1 0
v 0.00376216205 -0.000668524714 -0.147713065 0.470588 1 0
v 0.00296336605 -0.000668484405 -0.14914363 0.470588 1 0
v 0.00215218831 -0.000668536548 -0.150567203 0.470588 1 0
v 0.00134550345 -0.000668450119 -0.151993322 0.470588 1 0
v 0.000532310443 -0.000668542391 -0.153415747 0.470588 1 0
v -0.00027524641 -0.000668490833 -0.154841381 1 0 0.705882
v -0.00109437739 -0.000668541492 -0.156260398 1 0 0.705882
v -0.00192183764 -0.000668530831 -0.157674592 1 0 0.705882
v -0.00276564409 -0.000668512263 -0.159079106 1 0 0.705882
v -0.00361818615 -0.000668518475 -0.16047831 1 0 0.705882
v -0.0044783655 -0.000668503925 -0.161872854 1 0 0.705882
v -0.00534580683 -0.0006685084 -0.163262861 1 0 0.705882
v -0.00621362965 -0.000668429762 -0.164652628 1 0 0.705882
v -0.0070873516 -0.000668501205 -0.166038699 1 0 0.705882
v -0.00795551265 -0.000668428977 -0.167428259 1 0 0.705882
v -0.00883248556 -0.000668524729 -0.168812273 0.313725 0.313725 1
v -0.00971941746 -0.000668508084 -0.170189934 0.313725 0.313725 1
v -0.0106193837 -0.00066855819 -0.171559128 0.313725 0.313725 1
v -0.0115300389 -0.000668552975 -0.172921249 0.313725 0.313725 1
v -0.0124514688 -0.000668550493 -0.174276093 0.313725 0.313725 1
v -0.0133791469 -0.000668532181 -0.175626661 0.313725 0.313725 1
v -0.0143040972 -0.000668410257 -0.176979098 0.705882 0.470588 0.156863
v -0.0152387105 -0.000668413463 -0.178324888 0.705882 0.470588 0.156863
v -0.0161642183 -0.000668492681 -0.179676963 0.705882 0.470588 0.156863
v -0.0171111403 -0.000668454279 -0.181014113 0.705882 0.470588 0.156863
v -0.0180593407 -0.000667170486 -0.182350371 0.705882 0.470588 0.156863
v -0.0190145271 -0.000665803509 -0.183681606 0.705882 0.470588 0.156863
v -0.0199856638 -0.000662708289 -0.185001285 0.705882 0.470588 0.156863
v -0.0209655286 -0.000666153409 -0.186314485 0.705882 0.470588 0.156863
v -0.0219566923 -0.000666416896 -0.187619182 0.470588 0.470588 0.470588
v -0.0229503397 -0.000666443239 -0.188922 0.470588 0.470588 0.470588
v -0.0239521451 -0.00066685158 -0.190218498 0.470588 0.470588 0.470588
v -0.024967149 -0.000667163752 -0.191504739 0.470588 0.470588 0.470588
v -0.0259916314 -0.000666624255 -0.192783446 0.470588 0.470588 0.470588
v -0.0270311617 -0.000667786096 -0.194049945 0.470588 0.470588 0.470588
v -0.0280781408 -0.00064930002 -0.195310141 0.470588 0.470588 0.470588
v -0.0291284545 -0.000622114141 -0.19656735 0.470588 0.470588 0.470588
v -0.0301782623 -0.000607957533 -0.197825262 0.470588 0.470588 0.470588
v -0.0312276511 -0.00059799725 -0.199083577 0.470588 0.470588 0.470588
v -0.0322826222 -0.000668543171 -0.200335061 0.470588 0.470588 0.470588
v 0.0501028228 -0.00266847467 -0.013604864 0.313725 0.313725 1
v 0.049808698 -0.00266808884 -0.0152166379 0.313725 0.313725 1
v 0.0495099907 -0.00266693831 -0.0168275716 0.313725 0.313725 1
v 0.049206387 -0.00266506984 -0.0184375856 0.313725 0.313725 1
v 0.048897082 -0.0026645813 -0.0200465193 0.313725 0.313725 1
v 0.048581281 -0.00266368164 -0.0216541834 0.313725 0.313725 1
v 0.048256597 -0.00265939989 -0.0232600778 0.313725 0.313725 1
v 0.0479256151 -0.00265271314 -0.0248646769 0.313725 0.313725 1
v 0.0475947577 -0.00265870149 -0.0264693066 0.705882 0.470588 0.156863
v 0.0472558531 -0.00265445238 -0.0280722478 0.705882 0.470588 0.156863
v 0.0469128575 -0.0026577838 -0.0296743086 0.705882 0.470588 0.156863
v 0.0465711187 -0.00266794638 -0.0312766352 0.705882 0.470588 0.156863
v 0.0462184688 -0.00266299293 -0.0328766112 0.705882 0.470588 0.156863
v 0.0458629684 -0.00265677447 -0.0344759608 0.705882 0.470588 0.156863
v 0.0455016968 -0.00265718803 -0.0360740153 0.705882 0.470588 0.156863
v 0.0451336147 -0.00263093725 -0.037670192 0.705882 0.470588 0.156863
v 0.0447575761 -0.0025779418 -0.03926328 0.470588 0.470588 0.470588
v 0.044381705 -0.00251286475 -0.0408549891 0.470588 0.470588 0.470588
v 0.0440013105 -0.00252943589 -0.0424484912 0.470588 0.470588 0.470588
v 0.0436212248 -0.00254654367 -0.0440420856 0.470588 0.470588 0.470588
v 0.0432407446 -0.00254688015 -0.0456356821 0.470588 0.470588 0.470588
v 0.0428574701 -0.00254646374 -0.0472286116 0.470588 0.470588 0.470588
v 0.0424653429 -0.00253676658 -0.0488193053 0.470588 0.470588 0.470588
v 0.0420590426 -0.00254223182 -0.050406446 0.470588 0.470588 0.470588
v 0.0416385112 -0.00253514213 -0.0519899254 0.470588 0.470588 0.470588
v 0.0412074597 -0.00258402926 -0.0535695583 0.470588 0.470588 0.470588
v 0.0407629244 -0.00257326157 -0.055145767 1 0 0
v 0.0403167534 -0.00256867674 -0.0567220373 1 0 0
v 0.0398692059 -0.00260053797 -0.0582959513 1 0 0
v 0.0394236341 -0.00265185623 -0.0598711801 1 0 0
v 0.0389764425 -0.00264244935 -0.0614472906 1 0 0
v 0.038527877 -0.00260439375 -0.0630226246 1 0 0
v 0.0380705454 -0.00262617063 -0.064595671 1 0 0
v 0.0376015159 -0.00265104429 -0.0661652844 1 0 0
v 0.0371209109 -0.00266233007 -0.0677315132 0 1 0
v 0.0366323805 -0.00265170046 -0.0692952648 0 1 0
v 0.0361402802 -0.00262922019 -0.0708576191 0 1 0
v 0.0356467065 -0.00266046392 -0.0724195801 0 1 0
v 0.0351497069 -0.00266454708 -0.0739807697 0 1 0
v 0.0346576086 -0.00266800406 -0.0755435129 0 1 0
v 0.0341567545 -0.00266336807 -0.0771034582 0 0.501961 1
v 0.0336516411 -0.00265656107 -0.078662006 0 0.501961 1
v 0.0331390739 -0.00266306528 -0.0802181353 0 0.501961 1
v 0.0326078452 -0.00264583828 -0.0817679073 0 0.501961 1
v 0.0320688152 -0.00263483771 -0.0833150153 0 0.501961 1
v 0.0315208921 -0.00262989003 -0.0848590279 0 0.501961 1
v 0.030972743 -0.0026420771 -0.0864029493 0 0.501961 1
v 0.0304186074 -0.00263675178 -0.0879447692 0 0.501961 1
v 0.0298628151 -0.00261778795 -0.0894858748 1 0.784314 0
v 0.0292982192 -0.00259268636 -0.0910236694 1 0.784314 0
v 0.0287307562 -0.00256330712 -0.0925599491 1 0.784314 0
v 0.0281560629 -0.00265258746 -0.0940913605 1 0.784314 0
v 0.0275730095 -0.0026631152 -0.0956219494 1 0.784314 0
v 0.026985913 -0.00264815248 -0.0971514589 1 0.784314 0
v 0.0263975482 -0.00264678035 -0.0986805364 1 0.784314 0
v 0.0258088133 -0.00260525665 -0.100208582 1 0.784314 0
v 0.0252220174 -0.00260803993 -0.101738289 1 0.784314 0
v 0.0246296012 -0.002635429 -0.103264205 1 0.784314 0
v 0.024030119 -0.00264319298 -0.10478891 0.705882 0 1
v 0.0234229816 -0.0026680412 -0.106310435 0.705882 0 1
v 0.0227972395 -0.0026663427 -0.107824625 0.705882 0 1
v 0.0221654728 -0.00265982623 -0.109336281 0.705882 0 1
v 0.0215308589 -0.00258930639 -0.110844425 0.705882 0 1
v 0.0208878757 -0.00260673567 -0.112350397 0.705882 0 1
v 0.0202450585 -0.00265041707 -0.113856512 0.705882 0 1
v 0.0195993751 -0.00266012971 -0.115362071 0.705882 0 1
v 0.0189509689 -0.00264437236 -0.11686659 0 0.862745 0.862745
v 0.0182993818 -0.00252160858 -0.118363939 0 0.862745 0.862745
v 0.0176281289 -0.00255286258 -0.119857742 0 0.862745 0.862745
v 0.0169497482 -0.0025717889 -0.121348355 0 0.862745 0.862745
v 0.0162620572 -0.00258855746 -0.122835194 0 0.862745 0.862745
v 0.0155658705 -0.00257130823 -0.124318127 0 0.862745 0.862745
v 0.0148675422 -0.00262985567 -0.125797524 0 0.862745 0.862745
v 0.0141670776 -0.00265208546 -0.127277684 0 0.862745 0.862745
v 0.0134665554 -0.00264037296 -0.128758719 0 0.862745 0.862745
v 0.01275596 -0.00265879062 -0.130234872 0 0.862745 0.862745
v 0.0120428865 -0.00266838617 -0.131709889 1 0.470588 0
v 0.0113201518 -0.00266875132 -0.133180211 1 0.470588 0
v 0.0105821951 -0.00266863263 -0.134643001 1 0.470588 0
v 0.0098443628 -0.00266872764 -0.136105841 1 0.470588 0
v 0.00909106398 -0.00266846494 -0.137560782 1 0.470588 0
v 0.00834404519 -0.00266857334 -0.139018961 1 0.470588 0
v 0.00758639846 -0.00266836584 -0.140471635 1 0.470588 0
v 0.0068353489 -0.00266846115 -0.141927733 1 0.470588 0
v 0.00607478803 -0.0026684327 -0.14337887 0.470588 1 0
v 0.00530614943 -0.00266849866 -0.144825775 0.470588 1 0
v 0.00452569102 -0.00266855771 -0.146266285 0.470588 1 0
v 0.00373055315 -0.00266847286 -0.147698797 0.470588 1 0
v 0.00293381779 -0.00266858551 -0.149130405 0.470588 1 0
v 0.00212174681 -0.00266839555 -0.150553384 0.470588 1 0
v 0.00131638493 -0.00266856213 -0.151980164 0.470588 1 0
v 0.000500435943 -0.00266840393 -0.153400913 0.470588 1 0
v -0.000306182216 -0.00266857181 -0.154826985 1 0 0.705882
v -0.00112717422 -0.00266846338 -0.156244815 1 0 0.705882
v -0.00195460433 -0.00266855124 -0.157658921 1 0 0.705882
v -0.002799078 -0.00266852886 -0.159062816 1 0 0.705882
v -0.0036530299 -0.00266851643 -0.160461059 1 0 0.705882
v -0.00450985684 -0.00266854899 -0.1618575 1 0 0.705882
v -0.00537914127 -0.00266827168 -0.163246265 1 0 0.705882
v -0.00624350527 -0.0026684011 -0.164638094 1 0 0.705882
v -0.00712069874 -0.00266809875 -0.166021883 1 0 0.705882
v -0.00798522164 -0.00266839411 -0.167413622 1 0 0.705882
v -0.00886647003 -0.00266829781 -0.168794817 0.313725 0.313725 1
v -0.00975208997 -0.00266856681 -0.170173227 0.313725 0.313725 1
v -0.0106546359 -0.00266849472 -0.171540551 0.313725 0.313725 1
v -0.0115667284 -0.00266849962 -0.172901589 0.313725 0.313725 1
v -0.0124872 -0.00266854318 -0.174256945 0.313725 0.313725 1
v -0.0134135532 -0.00266835941 -0.175608313 0.313725 0.313725 1
v -0.0143385899 -0.00266817585 -0.176960578 0.313725 0.313725 1
v -0.0152687246 -0.00266787899 -0.178309347 0.313725 0.313725 1
v -0.0161957737 -0.00266754384 -0.179660229 0.705882 0.470588 0.156863
v -0.0171360306 -0.00266800227 -0.181001964 0.705882 0.470588 0.156863
v -0.0180809109 -0.00266174255 -0.182340412 0.705882 0.470588 0.156863
v -0.0190403727 -0.00265185107 -0.183668443 0.705882 0.470588 0.156863
v -0.0200077491 -0.00264761165 -0.184990684 0.705882 0.470588 0.156863
v -0.0209896313 -0.00266102511 -0.186302189 0.705882 0.470588 0.156863
v -0.0219812008 -0.00265887389 -0.187606453 0.705882 0.470588 0.156863
v -0.0229744967 -0.00265996262 -0.188909411 0.705882 0.470588 0.156863
v -0.0239771694 -0.00266167511 -0.190205139 0.470588 0.470588 0.470588
v -0.0249913384 -0.00266498414 -0.1914919 0.470588 0.470588 0.470588
v -0.0260167428 -0.00266798543 -0.192769731 0.470588 0.470588 0.470588
v -0.0270570764 -0.00266414253 -0.194035429 0.470588 0.470588 0.470588
v -0.0281023382 -0.00262523919 -0.195296299 0.470588 0.470588 0.470588
v -0.0291499323 -0.00258699006 -0.19655517 0.470588 0.470588 0.470588
v -0.0302023719 -0.00259104982 -0.197810835 0.470588 0.470588 0.470588
v -0.0312520205 -0.00261193364 -0.199068299 0.470588 0.470588 0.470588
v -0.0323007012 -0.00266889143 -0.200325819 0.470588 0.470588 0.470588
v 0.0500398704 -0.00466794148 -0.0136038141 0.313725 0.313725 1
v 0.0497524705 -0.00466703561 -0.0152162262 0.313725 0.313725 1
v 0.0494609284 -0.0046611026 -0.0168278868 0.313725 0.313725 1
v 0.0491614968 -0.004651539 -0.0184380777 0.313725 0.313725 1
v 0.0488538635 -0.00466258646 -0.020046682 0.313725 0.313725 1
v 0.0485376536 -0.00465872563 -0.0216536828 0.313725 0.313725 1
v 0.0482142357 -0.0046492139 -0.0232592188 0.313725 0.313725 1
v 0.0478817873 -0.00464168613 -0.0248629336 0.313725 0.313725 1
v 0.0475458118 -0.00464187436 -0.0264659326 0.705882 0.470588 0.156863
v 0.047204431 -0.00462791047 -0.0280677155 0.705882 0.470588 0.156863
v 0.046861026 -0.00463146713 -0.0296691327 0.705882 0.470588 0.156863
v 0.0465116231 -0.00465311999 -0.0312690848 0.705882 0.470588 0.156863
v 0.0461614983 -0.00465797516 -0.0328689798 0.705882 0.470588 0.156863
v 0.0458045297 -0.00466040004 -0.0344674189 0.705882 0.470588 0.156863
v 0.0454422475 -0.00466810104 -0.0360646504 0.705882 0.470588 0.156863
v 0.0450699778 -0.00466728698 -0.0376596113 0.705882 0.470588 0.156863
v 0.0446923764 -0.00466756669 -0.039253319 0.470588 0.470588 0.470588
v 0.0443111401 -0.00466706087 -0.040846161 0.470588 0.470588 0.470588
v 0.0439300081 -0.00466220518 -0.0424390109 0.470588 0.470588 0.470588
v 0.0435493494 -0.00465489126 -0.0440319579 0.470588 0.470588 0.470588
v 0.0431692684 -0.00463013333 -0.0456248412 0.470588 0.470588 0.470588
v 0.0427845969 -0.00463143745 -0.0472168487 0.470588 0.470588 0.470588
v 0.0423929652 -0.00463737145 -0.0488071302 0.470588 0.470588 0.470588
v 0.0419863763 -0.00465166218 -0.0503935936 0.470588 0.470588 0.470588
v 0.0415679578 -0.00466392644 -0.0519770121 0.470588 0.470588 0.470588
v 0.0411325234 -0.00466320758 -0.0535558967 0.470588 0.470588 0.470588
v 0.0406901289 -0.00465715543 -0.0551328287 1 0 0
v 0.0402453235 -0.00462590201 -0.0567085835 1 0 0
v 0.0398012485 -0.00459529404 -0.058284375 1 0 0
v 0.03935617 -0.00461196316 -0.0598604821 1 0 0
v 0.0389121574 -0.00464725638 -0.0614365658 1 0 0
v 0.0384681305 -0.00461586309 -0.0630126965 1 0 0
v 0.0380139941 -0.00462380548 -0.0645862027 1 0 0
v 0.0375461495 -0.00464280051 -0.0661556261 1 0 0
v 0.0370657857 -0.00466039115 -0.0677212314 0 1 0
v 0.0365777571 -0.00464480634 -0.069284546 0 1 0
v 0.036087748 -0.00460868313 -0.070846886 0 1 0
v 0.0355956324 -0.00464059754 -0.072408709 0 1 0
v 0.0351047745 -0.00465222561 -0.0739711942 0 1 0
v 0.0346119838 -0.00465795881 -0.0755331171 0 1 0
v 0.0341175301 -0.00465467231 -0.0770944822 0 0.501961 1
v 0.0336181483 -0.00463321524 -0.0786541576 0 0.501961 1
v 0.0331030125 -0.00461921421 -0.0802087993 0 0.501961 1
v 0.0325759758 -0.00461762227 -0.0817593367 0 0.501961 1
v 0.0320353181 -0.00465180267 -0.0833047866 0 0.501961 1
v 0.0314842897 -0.00461754517 -0.0848467543 0 0.501961 1
v 0.0309324888 -0.00458485621 -0.0863884856 0 0.501961 1
v 0.0303751151 -0.00460394931 -0.0879280009 0 0.501961 1
v 0.029813538 -0.00464574533 -0.0894657122 1 0.784314 0
v 0.0292483545 -0.00462543263 -0.0910027554 1 0.784314 0
v 0.0286759148 -0.00464943957 -0.0925369442 1 0.784314 0
v 0.0280996097 -0.00466539534 -0.0940698208 1 0.784314 0
v 0.0275166489 -0.00466552628 -0.0956003904 1 0.784314 0
v 0.0269320682 -0.00466754072 -0.0971303405 1 0.784314 0
v 0.0263441374 -0.00466760785 -0.0986590075 1 0.784314 0
v 0.0257553582 -0.00466710157 -0.100187347 1 0.784314 0
v 0.0251665698 -0.0046580573 -0.10171561 1 0.784314 0
v 0.0245743265 -0.0046412848 -0.103242502 1 0.784314 0
v 0.0239753522 -0.00462983983 -0.10476666 0.705882 0 1
v 0.0233657857 -0.00466199465 -0.10628649 0.705882 0 1
v 0.0227405856 -0.0046543881 -0.107800238 0.705882 0 1
v 0.0221094481 -0.00465545933 -0.10931155 0.705882 0 1
v 0.0214709385 -0.00466301694 -0.110819752 0.705882 0 1
v 0.0208293157 -0.00466194559 -0.112326666 0.705882 0 1
v 0.0201864606 -0.00466427096 -0.113833058 0.705882 0 1
v 0.019542218 -0.00466689783 -0.115338857 0.705882 0 1
v 0.018894364 -0.00465328265 -0.116842919 0 0.862745 0.862745
v 0.018238356 -0.00464053481 -0.118343185 0 0.862745 0.862745
v 0.0175694219 -0.00466769368 -0.119837841 0 0.862745 0.862745
v 0.0168927157 -0.00466189084 -0.121329292 0 0.862745 0.862745
v 0.016200661 -0.00465857906 -0.122813632 0 0.862745 0.862745
v 0.0155054451 -0.00465551528 -0.124296585 0 0.862745 0.862745
v 0.0148065543 -0.00465094208 -0.125777806 0 0.862745 0.862745
v 0.0141081158 -0.00464701496 -0.127259242 0 0.862745 0.862745
v 0.0134033658 -0.00465813616 -0.128737649 0 0.862745 0.862745
v 0.0126989041 -0.00466792571 -0.1302162 0 0.862745 0.862745
v 0.0119838173 -0.0046679111 -0.131689671 1 0.470588 0
v 0.0112583736 -0.00466816398 -0.133158075 1 0.470588 0
v 0.0105250331 -0.00466815618 -0.134622547 1 0.470588 0
v 0.00978064818 -0.00466796415 -0.136081443 1 0.470588 0
v 0.00903416042 -0.00466784838 -0.13753926 1 0.470588 0
v 0.00827975327 -0.00466772287 -0.138992996 1 0.470588 0
v 0.00752798281 -0.00466758522 -0.140448098 1 0.470588 0
v 0.00677180236 -0.00466762268 -0.141900913 1 0.470588 0
v 0.00601360609 -0.00466770766 -0.14335268 0.470588 1 0
v 0.00524406812 -0.00466771558 -0.144798447 0.470588 1 0
v 0.00446167696 -0.00466774254 -0.146237314 0.470588 1 0
v 0.00366968072 -0.00466770002 -0.147670913 0.470588 1 0
v 0.00286731596 -0.00466752854 -0.149098743 0.470588 1 0
v 0.0020614603 -0.00466750345 -0.1505246 0.470588 1 0
v 0.00124985842 -0.00466738378 -0.151947196 0.470588 1 0
v 0.000439848133 -0.00466750193 -0.153370699 0.470588 1 0
v -0.000372695901 -0.00466751493 -0.154792758 1 0 0.705882
v -0.00118902173 -0.00466760807 -0.15621265 1 0 0.705882
v -0.00201804844 -0.00466774658 -0.157625154 1 0 0.705882
v -0.00286202115 -0.00466770341 -0.159028775 1 0 0.705882
v -0.00371550135 -0.00466765903 -0.160426651 1 0 0.705882
v -0.00457413164 -0.00466764191 -0.161821368 1 0 0.705882
v -0.00544031193 -0.00466731897 -0.163211406 1 0 0.705882
v -0.00631051531 -0.00466741321 -0.164598929 1 0 0.705882
v -0.00718030521 -0.00466674147 -0.165986712 1 0 0.705882
v -0.00805094831 -0.0046675512 -0.16737396 1 0 0.705882
v -0.00892691488 -0.00466742011 -0.168757853 0.313725 0.313725 1
v -0.00981520337 -0.00466762327 -0.17013386 0.313725 0.313725 1
v -0.0107157464 -0.00466758659 -0.171501882 0.313725 0.313725 1
v -0.0116276957 -0.00466740908 -0.172862329 0.313725 0.313725 1
v -0.0125479819 -0.0046674415 -0.174217156 0.313725 0.313725 1
v -0.0134716216 -0.00466687524 -0.1755697 0.313725 0.313725 1
v -0.0143973019 -0.00466614799 -0.176920844 0.313725 0.313725 1
v -0.0153214384 -0.00466672503 -0.178273048 0.313725 0.313725 1
v -0.0162467485 -0.00466659228 -0.179624446 0.705882 0.470588 0.156863
v -0.0171764723 -0.00464481843 -0.180972612 0.705882 0.470588 0.156863
v -0.0181220901 -0.00462867863 -0.18230977 0.705882 0.470588 0.156863
v -0.0190828069 -0.00464222015 -0.183635936 0.705882 0.470588 0.156863
v -0.0200551663 -0.00466068502 -0.184953706 0.705882 0.470588 0.156863
v -0.0210356773 -0.00466518701 -0.186265564 0.705882 0.470588 0.156863
v -0.0220257335 -0.00465152441 -0.187570206 0.705882 0.470588 0.156863
v -0.0230184402 -0.0046525966 -0.188872891 0.705882 0.470588 0.156863
v -0.0240212831 -0.00465634411 -0.190167787 0.470588 0.470588 0.470588
v -0.0250337619 -0.00466218823 -0.191455149 0.470588 0.470588 0.470588
v -0.0260580356 -0.00466596557 -0.19273316 0.470588 0.470588 0.470588
v -0.0270968849 -0.00465355059 -0.193999306 0.470588 0.470588 0.470588
v -0.028140225 -0.00464347643 -0.19526176 0.470588 0.470588 0.470588
v -0.0291883158 -0.0046312464 -0.196520269 0.470588 0.470588 0.470588
v -0.0302370375 -0.00462504362 -0.197778294 0.470588 0.470588 0.470588
v -0.0312853256 -0.00463522679 -0.199036534 0.470588 0.470588 0.470588
v -0.0323332584 -0.00466885939 -0.200294766 0.470588 0.470588 0.470588
v 0.0499676865 -0.00666710251 -0.0136027936 0.313725 0.313725 1
v 0.0496860189 -0.0066672181 -0.0152153545 0.313725 0.313725 1
v 0.049399305 -0.00665050289 -0.0168269252 0.313725 0.313725 1
v 0.0491026524 -0.00664189139 -0.0184367648 0.313725 0.313725 1
v 0.048793649 -0.00665854275 -0.0200442014 0.313725 0.313725 1
v 0.0484780996 -0.00666356339 -0.0216504456 0.313725 0.313725 1
v 0.0481537011 -0.00665349119 -0.0232548864 0.313725 0.313725 1
v 0.0478200904 -0.00663886907 -0.0248574353 0.313725 0.313725 1
v 0.0474804948 -0.00663710013 -0.0264587915 0.705882 0.470588 0.156863
v 0.0471360695 -0.00663229239 -0.0280591151 0.705882 0.470588 0.156863
v 0.0467907054 -0.00662376567 -0.0296592229 0.705882 0.470588 0.156863
v 0.046440786 -0.00664345015 -0.0312581878 0.705882 0.470588 0.156863
v 0.0460883384 -0.00665429066 -0.0328566718 0.705882 0.470588 0.156863
v 0.0457307568 -0.00665604639 -0.0344540959 0.705882 0.470588 0.156863
v 0.0453662026 -0.00666403377 -0.036049941 0.705882 0.470588 0.156863
v 0.0449935105 -0.00666334809 -0.0376439289 0.705882 0.470588 0.156863
v 0.0446159788 -0.00666576834 -0.0392367758 0.470588 0.470588 0.470588
v 0.0442341692 -0.00665846091 -0.0408285832 0.470588 0.470588 0.470588
v 0.0438529082 -0.006643418 -0.0424204679 0.470588 0.470588 0.470588
v 0.0434711035 -0.00664831516 -0.0440120827 0.470588 0.470588 0.470588
v 0.0430890589 -0.00664788869 -0.0456036512 0.470588 0.470588 0.470588
v 0.0427044166 -0.00664112401 -0.0471947808 0.470588 0.470588 0.470588
v 0.0423125636 -0.00663951508 -0.0487841177 0.470588 0.470588 0.470588
v 0.0419103128 -0.00664059179 -0.0503708304 0.470588 0.470588 0.470588
v 0.0414888889 -0.00665352759 -0.0519525809 0.470588 0.470588 0.470588
v 0.0410540049 -0.00666147527 -0.053530701 0.470588 0.470588 0.470588
v 0.0406122844 -0.00666508217 -0.0551069469 1 0 0
v 0.0401696473 -0.00665500582 -0.0566828441 1 0 0
v 0.0397276099 -0.00663312198 -0.0582585525 1 0 0
v 0.0392856643 -0.00665146326 -0.0598346138 1 0 0
v 0.0388444651 -0.00665729765 -0.0614109892 1 0 0
v 0.0384012099 -0.00664884959 -0.0629867867 1 0 0
v 0.0379483941 -0.00665061645 -0.0645598602 1 0 0
v 0.0374824747 -0.00665874216 -0.0661290822 1 0 0
v 0.037003876 -0.00666245809 -0.0676944899 0 1 0
v 0.0365173313 -0.00664647031 -0.0692573936 0 1 0
v 0.0360293928 -0.00660265417 -0.0708193259 0 1 0
v 0.0355396609 -0.00660758785 -0.072381273 0 1 0
v 0.0350491715 -0.00662563636 -0.0739429331 0 1 0
v 0.0345589083 -0.00664016739 -0.075504699 0 1 0
v 0.0340646856 -0.0066412431 -0.0770652377 0 0.501961 1
v 0.0335678622 -0.00661279825 -0.0786247432 0 0.501961 1
v 0.03305114 -0.00660963734 -0.0801779342 0 0.501961 1
v 0.0325232799 -0.00662814645 -0.0817272669 0 0.501961 1
v 0.0319843974 -0.00666403508 -0.0832725459 0 0.501961 1
v 0.031430054 -0.00665390016 -0.0848127705 0 0.501961 1
v 0.0308742954 -0.00665515664 -0.086352503 0 0.501961 1
v 0.0303165368 -0.00665466071 -0.0878913762 0 0.501961 1
v 0.0297536985 -0.00666044635 -0.08942842 1 0.784314 0
v 0.0291871806 -0.00666241072 -0.0909642349 1 0.784314 0
v 0.0286148838 -0.00666028739 -0.0924979061 1 0.784314 0
v 0.0280396072 -0.00666433832 -0.0940304662 1 0.784314 0
v 0.0274559422 -0.00666574362 -0.0955598549 1 0.784314 0
v 0.0268702822 -0.00666703844 -0.0970884816 1 0.784314 0
v 0.0262821942 -0.00666747387 -0.0986161759 1 0.784314 0
v 0.0256939573 -0.00666742192 -0.100143813 1 0.784314 0
v 0.0251054417 -0.00666475879 -0.101671335 1 0.784314 0
v 0.0245133162 -0.00664826043 -0.103197342 1 0.784314 0
v 0.0239164994 -0.00661635937 -0.104721238 0.705882 0 1
v 0.0233043446 -0.00664749259 -0.106239127 0.705882 0 1
v 0.0226807599 -0.00664028981 -0.10775249 0.705882 0 1
v 0.022049295 -0.00663495152 -0.109262637 0.705882 0 1
v 0.0214112387 -0.00665031167 -0.110770067 0.705882 0 1
v 0.0207692977 -0.00666331915 -0.11227587 0.705882 0 1
v 0.0201259687 -0.00666661926 -0.113781122 0.705882 0 1
v 0.0194813171 -0.00666687691 -0.115285822 0.705882 0 1
v 0.018833047 -0.00665475796 -0.116788839 0.705882 0 1
v 0.0181770568 -0.00663911137 -0.118288263 0.705882 0 1
v 0.0175093203 -0.00666696534 -0.119782579 0 0.862745 0.862745
v 0.0168288615 -0.00666571997 -0.121271429 0 0.862745 0.862745
v 0.0161404352 -0.00666572034 -0.122756601 0 0.862745 0.862745
v 0.0154441409 -0.00666267192 -0.124238108 0 0.862745 0.862745
v 0.0147458807 -0.00666345317 -0.125718691 0 0.862745 0.862745
v 0.0140466274 -0.00666387774 -0.127198804 0 0.862745 0.862745
v 0.0133447719 -0.00666602723 -0.128677672 0 0.862745 0.862745
v 0.0126387667 -0.00666621274 -0.130154577 0 0.862745 0.862745
v 0.0119224799 -0.00666652753 -0.1316265 0 0.862745 0.862745
v 0.01119692 -0.00666657365 -0.133093898 0 0.862745 0.862745
v 0.0104644836 -0.00666684314 -0.134557869 1 0.470588 0
v 0.0097201158 -0.006666608 -0.136015817 1 0.470588 0
v 0.00897203988 -0.00666625211 -0.137471866 1 0.470588 0
v 0.00821858241 -0.00666634152 -0.138925135 1 0.470588 0
v 0.00746629084 -0.00666528651 -0.14037901 1 0.470588 0
v 0.00671002182 -0.00666559368 -0.141830817 1 0.470588 0
v 0.0059504682 -0.00666600428 -0.143280913 1 0.470588 0
v 0.00518147388 -0.00666602665 -0.144725991 1 0.470588 0
v 0.00439934654 -0.00666619864 -0.146164032 0.470588 1 0
v 0.00360839414 -0.00666615606 -0.14759723 0.470588 1 0
v 0.00280505165 -0.00666582234 -0.149023533 0.470588 1 0
v 0.00199967201 -0.00666545168 -0.150448685 0.470588 1 0
v 0.00118804879 -0.00666576476 -0.15187029 0.470588 1 0
v 0.00037955209 -0.00666555132 -0.153293678 0.470588 1 0
v -0.000434395502 -0.0066656072 -0.154713953 0.470588 1 0
v -0.00125126321 -0.0066658308 -0.156132553 0.470588 1 0
v -0.00208004598 -0.00666595377 -0.15754419 1 0 0.705882
v -0.00292150132 -0.00666598647 -0.15894833 1 0 0.705882
v -0.00377367959 -0.00666596118 -0.160346 1 0 0.705882
v -0.00463442665 -0.0066657346 -0.161738411 1 0 0.705882
v -0.00549907833 -0.00666529346 -0.1631284 1 0 0.705882
v -0.00637004438 -0.00666562846 -0.164514443 1 0 0.705882
v -0.00723639553 -0.00666407031 -0.165903376 1 0 0.705882
v -0.00810901493 -0.00666483729 -0.167288377 1 0 0.705882
v -0.00898303907 -0.00666531006 -0.168672494 0.313725 0.313725 1
v -0.00987152556 -0.00666577641 -0.170047347 0.313725 0.313725 1
v -0.0107717008 -0.00666574916 -0.171414592 0.313725 0.313725 1
v -0.0116827559 -0.00666524734 -0.172774597 0.313725 0.313725 1
v -0.0126014215 -0.00666504351 -0.174129497 0.313725 0.313725 1
v -0.0135231954 -0.00666549567 -0.175482281 0.313725 0.313725 1
v -0.0144461556 -0.00666461504 -0.17683425 0.313725 0.313725 1
v -0.0153655844 -0.00666482546 -0.178188629 0.313725 0.313725 1
v -0.016289941 -0.00666592848 -0.179539652 0.705882 0.470588 0.156863
v -0.0172208482 -0.0066667598 -0.180886168 0.705882 0.470588 0.156863
v -0.0181621491 -0.00664924183 -0.182225251 0.705882 0.470588 0.156863
v -0.0191213409 -0.00665560922 -0.183551337 0.705882 0.470588 0.156863
v -0.0200940622 -0.00666668305 -0.184867875 0.705882 0.470588 0.156863
v -0.0210745196 -0.00666248621 -0.186178716 0.705882 0.470588 0.156863
v -0.0220622777 -0.00664391446 -0.187483965 0.705882 0.470588 0.156863
v -0.0230554145 -0.00665152183 -0.188785224 0.705882 0.470588 0.156863
v -0.0240560175 -0.00665825022 -0.190080769 0.470588 0.470588 0.470588
v -0.0250650129 -0.00666226282 -0.191369768 0.470588 0.470588 0.470588
v -0.0260863631 -0.00666332617 -0.192649038 0.470588 0.470588 0.470588
v -0.0271177053 -0.00666700672 -0.193920262 0.470588 0.470588 0.470588
v -0.0281583995 -0.00666505229 -0.195183849 0.470588 0.470588 0.470588
v -0.0292019437 -0.00665826089 -0.196445064 0.470588 0.470588 0.470588
v -0.0302472052 -0.00665778562 -0.197704859 0.470588 0.470588 0.470588
v -0.0312933879 -0.0066609509 -0.198963901 0.470588 0.470588 0.470588
v -0.0323403286 -0.006668453 -0.200222294 0.470588 0.470588 0.470588
v 0.0498863863 -0.00866591905 -0.0136017455 0.313725 0.313725 1
v 0.0496034376 -0.0086661055 -0.0152123162 0.313725 0.313725 1
v 0.0493186387 -0.00866235069 -0.0168225585 0.313725 0.313725 1
v 0.0490223333 -0.00865931504 -0.018430706 0.313725 0.313725 1
v 0.0487137033 -0.00865961592 -0.0200365549 0.313725 0.313725 1
v 0.0483991682 -0.00866326106 -0.0216412521 0.313725 0.313725 1
v 0.0480746415 -0.00865793739 -0.0232439517 0.313725 0.313725 1
v 0.0477413313 -0.00864723257 -0.0248448074 0.313725 0.313725 1
v 0.0473989222 -0.00863431463 -0.0264437334 0.705882 0.470588 0.156863
v 0.0470563552 -0.00863660569 -0.0280426847 0.705882 0.470588 0.156863
v 0.0467105228 -0.00863313353 -0.0296409271 0.705882 0.470588 0.156863
v 0.0463612125 -0.008643435 -0.0312383428 0.705882 0.470588 0.156863
v 0.0460091178 -0.00864579466 -0.0328352087 0.705882 0.470588 0.156863
v 0.045653298 -0.00864311657 -0.0344312449 0.705882 0.470588 0.156863
v 0.045285158 -0.00864709225 -0.0360245009 0.705882 0.470588 0.156863
v 0.0449134135 -0.00865247583 -0.0376169151 0.705882 0.470588 0.156863
v 0.0445353802 -0.00864511418 -0.0392077439 0.470588 0.470588 0.470588
v 0.0441562637 -0.00862718323 -0.0407983234 0.470588 0.470588 0.470588
v 0.0437724165 -0.00862108522 -0.042387853 0.470588 0.470588 0.470588
v 0.0433898346 -0.00863339136 -0.0439775931 0.470588 0.470588 0.470588
v 0.043006619 -0.0086552643 -0.0455671008 0.470588 0.470588 0.470588
v 0.0426197851 -0.00866345169 -0.0471558972 0.470588 0.470588 0.470588
v 0.0422305747 -0.0086628001 -0.0487441397 0.470588 0.470588 0.470588
v 0.0418295344 -0.00864996061 -0.050329384 0.470588 0.470588 0.470588
v 0.0414106865 -0.00863992858 -0.0519100066 0.470588 0.470588 0.470588
v 0.0409777244 -0.00864940138 -0.053486795 0.470588 0.470588 0.470588
v 0.0405384925 -0.00866372653 -0.0550618323 1 0 0
v 0.0400989724 -0.00865910281 -0.0566368548 1 0 0
v 0.0396588768 -0.00864070814 -0.0582116507 1 0 0
v 0.039222707 -0.00862261344 -0.0597875244 1 0 0
v 0.0387806439 -0.00865534248 -0.0613615257 1 0 0
v 0.0383383038 -0.00866155237 -0.0629357028 1 0 0
v 0.0378859757 -0.00866219277 -0.0645071216 1 0 0
v 0.0374217965 -0.00866570607 -0.0660750714 1 0 0
v 0.0369432777 -0.00866308208 -0.067638725 0 1 0
v 0.0364559382 -0.00865658987 -0.0691996285 0 1 0
v 0.0359676602 -0.00864832304 -0.0707602406 0 1 0
v 0.035476721 -0.00863632669 -0.0723199909 0 1 0
v 0.0349863687 -0.00863124108 -0.0738799272 0 1 0
v 0.0344922013 -0.00864076978 -0.0754386518 0 1 0
v 0.0340023173 -0.00862838785 -0.0769987326 0 0.501961 1
v 0.0335001414 -0.00863771961 -0.0785548966 0 0.501961 1
v 0.0329890014 -0.00864039323 -0.0801081764 0 0.501961 1
v 0.0324580111 -0.00863617522 -0.0816547679 0 0.501961 1
v 0.0319154747 -0.0086550683 -0.0831972395 0 0.501961 1
v 0.0313650725 -0.00865920548 -0.0847370408 0 0.501961 1
v 0.030812914 -0.00865516179 -0.0862762071 0 0.501961 1
v 0.0302549021 -0.00865508288 -0.0878132766 0 0.501961 1
v 0.0296979946 -0.00866340659 -0.0893506779 1 0.784314 0
v 0.0291325039 -0.00863514045 -0.0908847271 1 0.784314 0
v 0.0285612302 -0.00864176745 -0.0924168789 1 0.784314 0
v 0.0279861818 -0.00866104316 -0.0939475504 1 0.784314 0
v 0.0274025645 -0.00866524037 -0.0954750646 1 0.784314 0
v 0.0268178538 -0.0086657741 -0.0970021927 1 0.784314 0
v 0.0262288037 -0.00866622376 -0.0985276481 1 0.784314 0
v 0.0256395724 -0.00866622993 -0.10005303 1 0.784314 0
v 0.0250525494 -0.00866525475 -0.101579265 1 0.784314 0
v 0.0244598047 -0.00865842253 -0.103103239 1 0.784314 0
v 0.0238672277 -0.00862588941 -0.104626982 0.705882 0 1
v 0.0232562076 -0.00864394506 -0.106143614 0.705882 0 1
v 0.0226344736 -0.00863098745 -0.107655783 0.705882 0 1
v 0.0220027485 -0.00862433827 -0.109163922 0.705882 0 1
v 0.0213643703 -0.00863068465 -0.110669392 0.705882 0 1
v 0.0207225014 -0.00863248843 -0.112173353 0.705882 0 1
v 0.0200781342 -0.00864385487 -0.113676237 0.705882 0 1
v 0.0194321034 -0.00865913709 -0.115178372 0.705882 0 1
v 0.0187840817 -0.00865237602 -0.116679602 0.705882 0 1
v 0.0181301298 -0.00863881516 -0.118178183 0.705882 0 1
v 0.0174646795 -0.00866551144 -0.119671651 0 0.862745 0.862745
v 0.0167811885 -0.00866400228 -0.121157194 0 0.862745 0.862745
v 0.0160926778 -0.00865737473 -0.122640396 0 0.862745 0.862745
v 0.0153970222 -0.0086504829 -0.124120257 0 0.862745 0.862745
v 0.0146999318 -0.00865787214 -0.125599439 0 0.862745 0.862745
v 0.013998292 -0.00866206223 -0.127076489 0 0.862745 0.862745
v 0.0132961274 -0.00866397588 -0.128553295 0 0.862745 0.862745
v 0.0125932544 -0.00865801826 -0.130029755 0 0.862745 0.862745
v 0.0118765887 -0.00865990796 -0.131499569 0 0.862745 0.862745
v 0.0111488341 -0.00866378379 -0.132963929 0 0.862745 0.862745
v 0.0104136659 -0.00866422107 -0.134424591 1 0.470588 0
v 0.00967620665 -0.00866459627 -0.135884092 1 0.470588 0
v 0.00892464861 -0.0086637456 -0.137336381 1 0.470588 0
v 0.0081750236 -0.00866430064 -0.138789675 1 0.470588 0
v 0.00741757218 -0.00866135715 -0.140238891 1 0.470588 0
v 0.00666219801 -0.00866102382 -0.141689192 1 0.470588 0
v 0.00590467388 -0.00866238911 -0.143138371 1 0.470588 0
v 0.00513833512 -0.00866353454 -0.144582899 1 0.470588 0
v 0.00435455508 -0.00866368627 -0.14601806 0.470588 1 0
v 0.00356101967 -0.00866343053 -0.147447849 0.470588 1 0
v 0.00276270507 -0.00866325277 -0.148874967 0.470588 1 0
v 0.00195534326 -0.00866132752 -0.150296984 0.470588 1 0
v 0.00114731132 -0.00866266134 -0.151718622 0.470588 1 0
v 0.000337213545 -0.00866103013 -0.15313908 0.470588 1 0
v -0.000474686659 -0.00866165527 -0.154558516 0.470588 1 0
v -0.00129044941 -0.0086631821 -0.155975742 0.470588 1 0
v -0.00211819285 -0.00866324077 -0.157385991 1 0 0.705882
v -0.00295970933 -0.00866311848 -0.158788076 1 0 0.705882
v -0.00380985762 -0.00866317737 -0.160184928 1 0 0.705882
v -0.00466918202 -0.00866282441 -0.161576175 1 0 0.705882
v -0.00553423457 -0.00866209831 -0.162963856 1 0 0.705882
v -0.00640356114 -0.00866249039 -0.164348859 1 0 0.705882
v -0.00727104545 -0.00865793535 -0.165735013 1 0 0.705882
v -0.00814142454 -0.00865686835 -0.167119356 1 0 0.705882
v -0.00901329055 -0.00865904781 -0.168502764 0.313725 0.313725 1
v -0.00990067246 -0.00865968922 -0.169876202 0.313725 0.313725 1
v -0.0107941877 -0.00866207189 -0.171245732 0.313725 0.313725 1
v -0.0117015894 -0.00866230597 -0.172606075 0.313725 0.313725 1
v -0.0126201407 -0.00866033902 -0.173958944 0.313725 0.313725 1
v -0.0135411315 -0.00866092583 -0.175310159 0.313725 0.313725 1
v -0.0144628085 -0.00866312664 -0.176660874 0.313725 0.313725 1
v -0.0153816859 -0.00866363259 -0.178013514 0.313725 0.313725 1
v -0.0163047854 -0.00866373446 -0.179363278 0.705882 0.470588 0.156863
v -0.0172310396 -0.00866155236 -0.180710889 0.705882 0.470588 0.156863
v -0.0181740597 -0.00865425258 -0.182046713 0.705882 0.470588 0.156863
v -0.0191308641 -0.00865619447 -0.183372735 0.705882 0.470588 0.156863
v -0.020101465 -0.0086629371 -0.184688717 0.705882 0.470588 0.156863
v -0.0210845166 -0.00865986575 -0.185995445 0.705882 0.470588 0.156863
v -0.0220633187 -0.0086415278 -0.187305252 0.705882 0.470588 0.156863
v -0.0230568904 -0.00865516517 -0.188603915 0.705882 0.470588 0.156863
v -0.0240543689 -0.00866008712 -0.189899672 0.470588 0.470588 0.470588
v -0.0250602121 -0.00866254827 -0.191188951 0.470588 0.470588 0.470588
v -0.0260708034 -0.00866194035 -0.19247453 0.470588 0.470588 0.470588
v -0.0270918988 -0.00866545358 -0.193751768 0.470588 0.470588 0.470588
v -0.0281204891 -0.0086669931 -0.195022973 0.470588 0.470588 0.470588
v -0.0291563592 -0.00866707081 -0.196288265 0.470588 0.470588 0.470588
v -0.0301935299 -0.00866259203 -0.197552477 0.470588 0.470588 0.470588
v -0.0312368183 -0.00866388164 -0.198811662 0.470588 0.470588 0.470588
v -0.0322795192 -0.00866580512 -0.200071329 0.470588 0.470588 0.470588
v 0.0497802807 -0.0106635555 -0.0136006374 0.313725 0.313725 1
v 0.0494907397 -0.0106631056 -0.0152337851 0.313725 0.313725 1
v 0.0491978067 -0.0106619907 -0.0168663508 0.313725 0.313725 1
v 0.0488953165 -0.0106584555 -0.0184971645 0.313725 0.313725 1
v 0.0485840146 -0.0106583558 -0.0201263233 0.313725 0.313725 1
v 0.0482621179 -0.0106633695 -0.0217534057 0.313725 0.313725 1
v 0.0479313753 -0.0106635039 -0.023378737 0.313725 0.313725 1
v 0.0475935973 -0.010647795 -0.025002535 0.313725 0.313725 1
v 0.0472530824 -0.0106353662 -0.0266257769 0.705882 0.470588 0.156863
v 0.0469112397 -0.0106373344 -0.0282488097 0.705882 0.470588 0.156863
v 0.0465562091 -0.0106412506 -0.0298690057 0.705882 0.470588 0.156863
v 0.0462055578 -0.0106435819 -0.0314901562 0.705882 0.470588 0.156863
v 0.0458496662 -0.0106483255 -0.0331100876 0.705882 0.470588 0.156863
v 0.0454857862 -0.0106531917 -0.0347282815 0.705882 0.470588 0.156863
v 0.0451071966 -0.0106418474 -0.0363430888 0.705882 0.470588 0.156863
v 0.0447303614 -0.0106499034 -0.0379583237 0.705882 0.470588 0.156863
v 0.0443456038 -0.0106496147 -0.0395716645 0.470588 0.470588 0.470588
v 0.0439547162 -0.010639292 -0.0411835528 0.470588 0.470588 0.470588
v 0.043568194 -0.0106284 -0.0427964807 0.470588 0.470588 0.470588
v 0.0431792953 -0.0106365845 -0.0444088158 0.470588 0.470588 0.470588
v 0.042789537 -0.0106510911 -0.0460209436 0.470588 0.470588 0.470588
v 0.0423950542 -0.010657772 -0.0476319106 0.470588 0.470588 0.470588
v 0.0420003722 -0.0106602686 -0.049242907 0.470588 0.470588 0.470588
v 0.0415879767 -0.0106606609 -0.0508494598 0.470588 0.470588 0.470588
v 0.0411612649 -0.0106355665 -0.0524520171 0.470588 0.470588 0.470588
v 0.0407204908 -0.0106538613 -0.0540508288 0.470588 0.470588 0.470588
v 0.0402782329 -0.0106621762 -0.0556493663 1 0 0
v 0.0398355378 -0.0106578838 -0.0572478158 1 0 0
v 0.0393935737 -0.0106442416 -0.058846413 1 0 0
v 0.0389487104 -0.0106382491 -0.0604440516 1 0 0
v 0.0384971744 -0.0106644133 -0.0620398069 1 0 0
v 0.0380484865 -0.0106652064 -0.0636366087 1 0 0
v 0.0375805412 -0.01066348 -0.0652278545 1 0 0
v 0.0371018069 -0.0106607671 -0.0668158865 1 0 0
v 0.0366086377 -0.0106591249 -0.0683995084 0 1 0
v 0.0361064412 -0.010663908 -0.0699802694 0 1 0
v 0.0356067907 -0.0106627371 -0.0715618649 0 1 0
v 0.0351008284 -0.0106526116 -0.0731414191 0 1 0
v 0.034600264 -0.0106589174 -0.0747226652 0 1 0
v 0.0340980819 -0.0106575683 -0.0763034487 0 1 0
v 0.033595112 -0.010654607 -0.0778839637 0 0.501961 1
v 0.0330769347 -0.0106585763 -0.0794595823 0 0.501961 1
v 0.0325453592 -0.0106577156 -0.0810307331 0 0.501961 1
v 0.031999904 -0.010657262 -0.0825971129 0 0.501961 1
v 0.031447317 -0.0106592437 -0.0841609984 0 0.501961 1
v 0.0308928746 -0.010661033 -0.0857242214 0 0.501961 1
v 0.0303313154 -0.0106506554 -0.0872848735 0 0.501961 1
v 0.0297711296 -0.0106607178 -0.0888460082 0 0.501961 1
v 0.0292015904 -0.010646233 -0.0904036356 1 0.784314 0
v 0.0286275264 -0.0106418802 -0.0919596676 1 0.784314 0
v 0.0280492477 -0.0106480711 -0.0935142016 1 0.784314 0
v 0.0274568121 -0.010656961 -0.0950634073 1 0.784314 0
v 0.0268623467 -0.0106641648 -0.0966118377 1 0.784314 0
v 0.0262636086 -0.0106642089 -0.0981586409 1 0.784314 0
v 0.0256628245 -0.0106639255 -0.099704631 1 0.784314 0
v 0.0250649047 -0.0106636691 -0.101251744 1 0.784314 0
v 0.0244672399 -0.0106624999 -0.102798961 1 0.784314 0
v 0.0238699581 -0.0106504381 -0.104346276 1 0.784314 0
v 0.0232558542 -0.0106482575 -0.105886957 0.705882 0 1
v 0.0226253157 -0.0106522365 -0.107421052 0.705882 0 1
v 0.0219822235 -0.0106578847 -0.108949923 0.705882 0 1
v 0.021333679 -0.0106616452 -0.110476495 0.705882 0 1
v 0.0206854275 -0.0106550449 -0.112003186 0.705882 0 1
v 0.020028446 -0.0106469314 -0.113526133 0.705882 0 1
v 0.01937135 -0.0106581755 -0.115049007 0.705882 0 1
v 0.0187079657 -0.0106614591 -0.116569198 0.705882 0 1
v 0.0180454303 -0.0106478506 -0.118089621 0.705882 0 1
v 0.0173657221 -0.010662082 -0.119602442 0.705882 0 1
v 0.0166801222 -0.010659468 -0.121112746 0 0.862745 0.862745
v 0.0159778603 -0.0106523994 -0.122615356 0 0.862745 0.862745
v 0.0152744884 -0.0106327834 -0.124117337 0 0.862745 0.862745
v 0.0145600428 -0.0106457262 -0.125614025 0 0.862745 0.862745
v 0.0138470278 -0.010660209 -0.12711146 0 0.862745 0.862745
v 0.0131318473 -0.0106598879 -0.128607987 0 0.862745 0.862745
v 0.01241734 -0.0106534531 -0.130104808 0 0.862745 0.862745
v 0.011684661 -0.0106471596 -0.131592838 0 0.862745 0.862745
v 0.0109454548 -0.0106535067 -0.133077623 1 0.470588 0
v 0.0101993711 -0.010660335 -0.134558967 1 0.470588 0
v 0.00945021739 -0.0106608355 -0.136038766 1 0.470588 0
v 0.00868353039 -0.0106591785 -0.137509548 1 0.470588 0
v 0.00792139855 -0.0106599757 -0.138982707 1 0.470588 0
v 0.0071499367 -0.0106532005 -0.140450967 1 0.470588 0
v 0.00638054912 -0.0106474249 -0.14192032 1 0.470588 0
v 0.00561037161 -0.010648707 -0.143389257 1 0.470588 0
v 0.00482567701 -0.010656358 -0.144850522 0.470588 1 0
v 0.00402659572 -0.0106573451 -0.146303971 0.470588 1 0
v 0.00322357123 -0.0106581638 -0.147755262 0.470588 1 0
v 0.00241508622 -0.0106578009 -0.149203479 0.470588 1 0
v 0.00158744066 -0.010652861 -0.150640847 0.470588 1 0
v 0.000774635509 -0.0106568296 -0.152086677 0.470588 1 0
v -5.59206584e-05 -0.0106480953 -0.153522359 0.470588 1 0
v -0.000879177467 -0.0106523703 -0.154962231 0.470588 1 0
v -0.00171009097 -0.0106558033 -0.156397711 1 0 0.705882
v -0.00255294746 -0.0106574495 -0.157826216 1 0 0.705882
v -0.00341537532 -0.0106575978 -0.159242963 1 0 0.705882
v -0.00427591817 -0.0106581313 -0.160660892 1 0 0.705882
v -0.00515227944 -0.010657479 -0.162069063 1 0 0.705882
v -0.00603229502 -0.0106569488 -0.163474988 1 0 0.705882
v -0.00691190939 -0.0106536465 -0.164881136 1 0 0.705882
v -0.00780240301 -0.0106429723 -0.166280417 1 0 0.705882
v -0.00868108824 -0.0106410667 -0.167687174 0.313725 0.313725 1
v -0.00957303237 -0.0106456062 -0.169085566 0.313725 0.313725 1
v -0.0104714445 -0.010650267 -0.170479802 0.313725 0.313725 1
v -0.011384626 -0.0106572756 -0.171864408 0.313725 0.313725 1
v -0.0123048735 -0.0106563762 -0.173244319 0.313725 0.313725 1
v -0.0132402233 -0.0106533855 -0.174614061 0.313725 0.313725 1
v -0.0141754769 -0.0106573394 -0.17598387 0.313725 0.313725 1
v -0.0151145778 -0.0106567291 -0.177351041 0.313725 0.313725 1
v -0.0160499216 -0.010655896 -0.178720779 0.705882 0.470588 0.156863
v -0.0169898118 -0.0106562047 -0.180087402 0.705882 0.470588 0.156863
v -0.0179373339 -0.0106583316 -0.181448744 0.705882 0.470588 0.156863
v -0.0189092077 -0.0106540705 -0.182792814 0.705882 0.470588 0.156863
v -0.0198889226 -0.0106537662 -0.184131173 0.705882 0.470588 0.156863
v -0.0208838333 -0.0106497543 -0.185458272 0.705882 0.470588 0.156863
v -0.0218774762 -0.0106482516 -0.186786342 0.705882 0.470588 0.156863
v -0.0228776303 -0.0106508003 -0.18810942 0.705882 0.470588 0.156863
v -0.023882279 -0.0106587362 -0.189429141 0.470588 0.470588 0.470588
v -0.024895232 -0.01065954 -0.19074254 0.470588 0.470588 0.470588
v -0.0259101193 -0.0106607201 -0.192054444 0.470588 0.470588 0.470588
v -0.0269292405 -0.0106522565 -0.193363026 0.470588 0.470588 0.470588
v -0.0279576784 -0.0106442547 -0.19466427 0.470588 0.470588 0.470588
v -0.0289963214 -0.0106530585 -0.195957419 0.470588 0.470588 0.470588
v -0.0300400422 -0.0106558156 -0.197246448 0.470588 0.470588 0.470588
v -0.0310900881 -0.0106515994 -0.198530358 0.470588 0.470588 0.470588
v -0.0321436607 -0.0106591654 -0.199811336 0.470588 0.470588 0.470588
v 0.0496385551 -0.0126588681 -0.013599465 0 1 0
v 0.0493441669 -0.0126580068 -0.0152275245 0 1 0
v 0.0490427783 -0.0126563732 -0.0168542929 0 1 0
v 0.0487421088 -0.0126550526 -0.0184812103 0 1 0
v 0.0484339989 -0.0126528683 -0.0201067364 0 1 0
v 0.0481192706 -0.0126526772 -0.0217309791 0 1 0
v 0.047786765 -0.0126550056 -0.0233516913 0 1 0
v 0.0474566273 -0.0126468948 -0.0249728508 0 1 0
v 0.0471183936 -0.0126389543 -0.02659234 0 0.501961 1
v 0.0467757814 -0.0126330476 -0.028210923 0 0.501961 1
v 0.0464234191 -0.0126444444 -0.0298273771 0 0.501961 1
v 0.0460760442 -0.0126370546 -0.0314448606 0 0.501961 1
v 0.0457232439 -0.012635054 -0.0330611143 0 0.501961 1
v 0.0453534949 -0.012657189 -0.0346735629 0 0.501961 1
v 0.0449825703 -0.0126540946 -0.0362859076 0 0.501961 1
v 0.0446045121 -0.0126542713 -0.0378965861 0 0.501961 1
v 0.0442207747 -0.0126528826 -0.039505934 1 0.784314 0
v 0.0438281586 -0.0126476322 -0.0411131283 1 0.784314 0
v 0.0434452555 -0.0126361522 -0.0427226403 1 0.784314 0
v 0.0430528408 -0.0126371694 -0.0443298702 1 0.784314 0
v 0.0426626669 -0.0126481601 -0.04593762 1 0.784314 0
v 0.0422739552 -0.0126526254 -0.0475457137 1 0.784314 0
v 0.0418801179 -0.0126467468 -0.0491526052 1 0.784314 0
v 0.0414776483 -0.0126422736 -0.0507573515 1 0.784314 0
v 0.0410477243 -0.0126349293 -0.0523549707 1 0.784314 0
v 0.0406170868 -0.0126506676 -0.0539523156 1 0.784314 0
v 0.0401752404 -0.0126584897 -0.0555466437 0.705882 0 1
v 0.0397388476 -0.0126573598 -0.0571424919 0.705882 0 1
v 0.0393028514 -0.0126471384 -0.058738401 0.705882 0 1
v 0.0388553642 -0.0126371241 -0.060331073 0.705882 0 1
v 0.038410522 -0.0126600217 -0.0619244433 0.705882 0 1
v 0.0379488802 -0.0126611385 -0.0635131904 0.705882 0 1
v 0.0374848071 -0.0126601057 -0.0651012417 0.705882 0 1
v 0.0370135936 -0.0126605645 -0.066687182 0.705882 0 1
v 0.0365128607 -0.0126560861 -0.0682640299 0 0.862745 0.862745
v 0.036009124 -0.0126583768 -0.0698399287 0 0.862745 0.862745
v 0.0355015065 -0.0126594159 -0.07141457 0 0.862745 0.862745
v 0.0349937384 -0.0126575319 -0.0729891846 0 0.862745 0.862745
v 0.0344902251 -0.0126578613 -0.0745651647 0 0.862745 0.862745
v 0.0339897909 -0.012658685 -0.0761421341 0 0.862745 0.862745
v 0.0334877868 -0.0126575097 -0.0777186036 1 0.470588 0
v 0.0329707077 -0.0126584964 -0.0792901904 1 0.470588 0
v 0.0324423662 -0.012658499 -0.0808580204 1 0.470588 0
v 0.0319032387 -0.0126580884 -0.0824221635 1 0.470588 0
v 0.0313547514 -0.0126576575 -0.083983072 1 0.470588 0
v 0.0308057878 -0.0126594596 -0.0855438072 1 0.470588 0
v 0.0302483366 -0.012653647 -0.0871015166 1 0.470588 0
v 0.0296913016 -0.0126533219 -0.0886593903 1 0.470588 0
v 0.0291263416 -0.0126533305 -0.0902143942 0.470588 1 0
v 0.0285530875 -0.0126525898 -0.091766377 0.470588 1 0
v 0.027976795 -0.0126528537 -0.0933172188 0.470588 1 0
v 0.0273900469 -0.0126465812 -0.0948641173 0.470588 1 0
v 0.0267973044 -0.0126519708 -0.0964087453 0.470588 1 0
v 0.0261919654 -0.0126594234 -0.0979484228 0.470588 1 0
v 0.0256001354 -0.0126595858 -0.0994934094 0.470588 1 0
v 0.0250005493 -0.0126593612 -0.101035409 0.470588 1 0
v 0.0244086866 -0.0126583314 -0.102580387 0.470588 1 0
v 0.0238081897 -0.0126586227 -0.104122028 0.470588 1 0
v 0.0232019225 -0.0126592639 -0.105661386 1 0 0.705882
v 0.0225714995 -0.0126576225 -0.107191039 1 0 0.705882
v 0.0219313466 -0.0126596757 -0.108716622 1 0 0.705882
v 0.0212805977 -0.0126589415 -0.110237736 1 0 0.705882
v 0.0206353752 -0.0126588137 -0.1117612 1 0 0.705882
v 0.0199801303 -0.0126424666 -0.113280288 1 0 0.705882
v 0.0193207918 -0.0126487221 -0.114797647 1 0 0.705882
v 0.0186593373 -0.012655957 -0.116314103 1 0 0.705882
v 0.0179956652 -0.0126423978 -0.117829538 1 0 0.705882
v 0.0173209467 -0.0126563858 -0.119340063 1 0 0.705882
v 0.0166382885 -0.012654265 -0.120847119 0.313725 0.313725 1
v 0.0159331613 -0.012649696 -0.122343751 0.313725 0.313725 1
v 0.0152276365 -0.0126387739 -0.123840197 0.313725 0.313725 1
v 0.0145157642 -0.012640518 -0.125333555 0.313725 0.313725 1
v 0.0137999486 -0.0126544224 -0.126825037 0.313725 0.313725 1
v 0.0130927172 -0.0126546821 -0.128320698 0.313725 0.313725 1
v 0.0123741883 -0.0126431737 -0.129810936 0.313725 0.313725 1
v 0.0116391341 -0.012641953 -0.131293112 0.313725 0.313725 1
v 0.0109016875 -0.0126486075 -0.132774114 0.705882 0.470588 0.156863
v 0.0101646508 -0.0126538042 -0.134255307 0.705882 0.470588 0.156863
v 0.00940551594 -0.0126526596 -0.135725337 0.705882 0.470588 0.156863
v 0.0086518069 -0.0126523266 -0.137198152 0.705882 0.470588 0.156863
v 0.00787888513 -0.0126516035 -0.138660955 0.705882 0.470588 0.156863
v 0.0071139726 -0.0126424783 -0.140127923 0.705882 0.470588 0.156863
v 0.00634952453 -0.0126357336 -0.141595134 0.705882 0.470588 0.156863
v 0.00557506712 -0.0126430618 -0.143057132 0.705882 0.470588 0.156863
v 0.00478690112 -0.0126472269 -0.144511755 0.470588 0.470588 0.470588
v 0.00399496703 -0.0126487206 -0.145964369 0.470588 0.470588 0.470588
v 0.00319656549 -0.0126474117 -0.147413392 0.470588 0.470588 0.470588
v 0.00238025656 -0.0126460538 -0.148852438 0.470588 0.470588 0.470588
v 0.00156021702 -0.0126389947 -0.150289288 0.470588 0.470588 0.470588
v 0.000742046174 -0.0126398273 -0.151727206 0.470588 0.470588 0.470588
v -7.74439385e-05 -0.012634273 -0.153164407 0.470588 0.470588 0.470588
v -0.000905655163 -0.0126315636 -0.154596608 0.470588 0.470588 0.470588
v -0.0017348758 -0.0126393003 -0.156028228 1 0 0
v -0.0025691149 -0.0126452693 -0.157456963 1 0 0
v -0.00342636771 -0.0126464166 -0.158871969 1 0 0
v -0.00428615111 -0.0126477031 -0.16028549 1 0 0
v -0.00515553805 -0.0126478835 -0.161693086 1 0 0
v -0.00603312323 -0.0126474868 -0.163095616 1 0 0
v -0.00691199386 -0.0126453584 -0.164497308 1 0 0
v -0.00779305051 -0.0126336849 -0.165897593 1 0 0
v -0.00867069713 -0.0126376929 -0.167300046 0 1 0
v -0.00955763127 -0.0126418803 -0.168696646 0 1 0
v -0.0104575107 -0.0126460781 -0.170084965 0 1 0
v -0.0113655097 -0.0126463896 -0.171467983 0 1 0
v -0.0122813306 -0.0126471483 -0.17284585 0 1 0
v -0.0132116134 -0.0126468583 -0.174214005 0 1 0
v -0.0141439714 -0.0126474883 -0.175580728 0 1 0
v -0.0150826461 -0.0126474124 -0.176943119 0 1 0
v -0.0160195811 -0.0126447014 -0.17830672 0 0.501961 1
v -0.0169514059 -0.0126412959 -0.179673804 0 0.501961 1
v -0.0179012039 -0.0126439696 -0.181028474 0 0.501961 1
v -0.0188673796 -0.0126460053 -0.18237148 0 0.501961 1
v -0.0198449237 -0.0126429279 -0.183706263 0 0.501961 1
v -0.0208267886 -0.0126332065 -0.185037849 0 0.501961 1
v -0.0218177212 -0.012640755 -0.186362676 0 0.501961 1
v -0.0228117044 -0.0126435031 -0.187685268 0 0.501961 1
v -0.0238076798 -0.0126494013 -0.189006347 1 0.784314 0
v -0.0248088981 -0.0126507063 -0.190323474 1 0.784314 0
v -0.0258190953 -0.0126517406 -0.191633723 1 0.784314 0
v -0.0268304605 -0.0126376662 -0.192942991 1 0.784314 0
v -0.0278473531 -0.0126431393 -0.194248002 1 0.784314 0
v -0.0288638714 -0.0126328655 -0.195553299 1 0.784314 0
v -0.0298914761 -0.012637602 -0.196849849 1 0.784314 0
v -0.0309175859 -0.01264898 -0.198147553 1 0.784314 0
v -0.0319657598 -0.0126584148 -0.199427599 1 0.784314 0
v 0.0494497688 -0.0146502668 -0.0135982928 0 1 0
v 0.0491470498 -0.0146485039 -0.0152196696 0 1 0
v 0.0488436008 -0.0146464078 -0.0168409082 0 1 0
v 0.0485447244 -0.0146438925 -0.0184629916 0 1 0
v 0.0482431147 -0.014644067 -0.0200845619 0 1 0
v 0.0479254867 -0.0146471872 -0.0217030808 0 1 0
v 0.0476028352 -0.0146471125 -0.0233205953 0 1 0
v 0.0472687569 -0.014644507 -0.0249357981 0 1 0
v 0.0469335956 -0.0146452098 -0.0265507697 0 0.501961 1
v 0.046586872 -0.0146394211 -0.0281632867 0 0.501961 1
v 0.0462396446 -0.0146456675 -0.0297756734 0 0.501961 1
v 0.0458893967 -0.0146445459 -0.0313874314 0 0.501961 1
v 0.0455403143 -0.0146399312 -0.0329994079 0 0.501961 1
v 0.0451684822 -0.0146492913 -0.0346063173 0 0.501961 1
v 0.0448049731 -0.0146492072 -0.0362151565 0 0.501961 1
v 0.0444251931 -0.0146485875 -0.0378202094 0 0.501961 1
v 0.0440418537 -0.0146478251 -0.0394244341 1 0.784314 0
v 0.0436585467 -0.0146446304 -0.0410286448 1 0.784314 0
v 0.0432723104 -0.0146333672 -0.0426321069 1 0.784314 0
v 0.04288499 -0.0146332338 -0.0442353358 1 0.784314 0
v 0.0424925072 -0.0146410732 -0.045837324 1 0.784314 0
v 0.0421032503 -0.0146495305 -0.0474400579 1 0.784314 0
v 0.0417105911 -0.0146473397 -0.049042024 1 0.784314 0
v 0.0413112104 -0.0146378492 -0.0506422691 1 0.784314 0
v 0.0408897033 -0.0146341064 -0.0522368649 1 0.784314 0
v 0.0404662491 -0.0146458371 -0.0538308961 1 0.784314 0
v 0.0400309951 -0.0146520397 -0.055421782 0.705882 0 1
v 0.03959811 -0.0146506956 -0.0570133152 0.705882 0 1
v 0.0391650312 -0.0146423617 -0.0586047857 0.705882 0 1
v 0.0387229308 -0.0146327511 -0.060193729 0.705882 0 1
v 0.0382826558 -0.0146544677 -0.0617831096 0.705882 0 1
v 0.037823945 -0.0146527288 -0.0633674187 0.705882 0 1
v 0.0373527938 -0.0146519035 -0.064948065 0.705882 0 1
v 0.0368794184 -0.0146534523 -0.0665280676 0.705882 0 1
v 0.0363795445 -0.0146502463 -0.0680998419 0 0.862745 0.862745
v 0.035873407 -0.014637413 -0.0696695946 0 0.862745 0.862745
v 0.0353682688 -0.0146266412 -0.0712396739 0 0.862745 0.862745
v 0.0348582384 -0.0146346717 -0.0728082037 0 0.862745 0.862745
v 0.0343570973 -0.0146443101 -0.0743795917 0 0.862745 0.862745
v 0.0338600261 -0.0146504841 -0.0759522869 0 0.862745 0.862745
v 0.0333594372 -0.0146509288 -0.0775238794 1 0.470588 0
v 0.0328451447 -0.0146508997 -0.0790910243 1 0.470588 0
v 0.0323196195 -0.0146509663 -0.0806544581 1 0.470588 0
v 0.0317859422 -0.0146512717 -0.0822151189 1 0.470588 0
v 0.0312366368 -0.0146509372 -0.0837703461 1 0.470588 0
v 0.0306874622 -0.0146513848 -0.0853256172 1 0.470588 0
v 0.0301375004 -0.0146502767 -0.0868806153 1 0.470588 0
v 0.0295774979 -0.0146493098 -0.0884320237 1 0.470588 0
v 0.0290125246 -0.0146490234 -0.0899816301 1 0.470588 0
v 0.0284478124 -0.014650006 -0.0915313181 1 0.470588 0
v 0.0278675695 -0.0146480364 -0.0930752602 0.470588 1 0
v 0.0272870874 -0.0146504033 -0.0946191283 0.470588 1 0
v 0.0266974198 -0.0146517002 -0.0961594882 0.470588 1 0
v 0.0260993257 -0.0146511812 -0.0976966221 0.470588 1 0
v 0.0254986325 -0.0146496115 -0.0992327187 0.470588 1 0
v 0.0249103611 -0.014650524 -0.1007736 0.470588 1 0
v 0.0243142824 -0.0146480922 -0.102311512 0.470588 1 0
v 0.0237203783 -0.0146489661 -0.103850265 0.470588 1 0
v 0.0231075538 -0.0146505302 -0.105381584 0.470588 1 0
v 0.0224806018 -0.0146474477 -0.10690713 0.470588 1 0
v 0.0218412689 -0.0146415106 -0.108427556 1 0 0.705882
v 0.0211976518 -0.0146483899 -0.109946158 1 0 0.705882
v 0.0205502277 -0.0146483094 -0.111463166 1 0 0.705882
v 0.0198963078 -0.0146392994 -0.112977334 1 0 0.705882
v 0.0192366389 -0.014638949 -0.114489035 1 0 0.705882
v 0.018579958 -0.0146472278 -0.116002028 1 0 0.705882
v 0.0179200974 -0.0146350543 -0.117513599 1 0 0.705882
v 0.0172485021 -0.0146441289 -0.119020003 1 0 0.705882
v 0.016560369 -0.0146455522 -0.120518958 0.313725 0.313725 1
v 0.0158603586 -0.0146422735 -0.122012425 0.313725 0.313725 1
v 0.015153198 -0.0146359426 -0.123502509 0.313725 0.313725 1
v 0.014443585 -0.0146309128 -0.124991362 0.313725 0.313725 1
v 0.0137180954 -0.0146424675 -0.126472561 0.313725 0.313725 1
v 0.0130190518 -0.0146438681 -0.127966495 0.313725 0.313725 1
v 0.0122955718 -0.0146368286 -0.129448684 0.313725 0.313725 1
v 0.011568915 -0.0146367473 -0.130929357 0.313725 0.313725 1
v 0.0108340423 -0.0146400027 -0.132405955 0.705882 0.470588 0.156863
v 0.0100967413 -0.014641072 -0.133881337 0.705882 0.470588 0.156863
v 0.00934260243 -0.014639729 -0.135348185 0.705882 0.470588 0.156863
v 0.0085859831 -0.0146395428 -0.136813789 0.705882 0.470588 0.156863
v 0.00781914126 -0.0146386935 -0.13827404 0.705882 0.470588 0.156863
v 0.0070564911 -0.0146381323 -0.139736456 0.705882 0.470588 0.156863
v 0.0062884308 -0.0146336448 -0.141196053 0.705882 0.470588 0.156863
v 0.00552129225 -0.0146370502 -0.142656063 0.705882 0.470588 0.156863
v 0.00473337623 -0.0146343793 -0.144105078 0.470588 0.470588 0.470588
v 0.00393465589 -0.014632218 -0.145548122 0.470588 0.470588 0.470588
v 0.00314471979 -0.0146282899 -0.146996045 0.470588 0.470588 0.470588
v 0.00232154743 -0.014625103 -0.148425283 0.470588 0.470588 0.470588
v 0.00150023355 -0.0146176191 -0.149855609 0.470588 0.470588 0.470588
v 0.000677458769 -0.0146138833 -0.151285071 0.470588 0.470588 0.470588
v -0.000146499974 -0.014616632 -0.152713885 0.470588 0.470588 0.470588
v -0.000961859994 -0.0146195811 -0.15414761 0.470588 0.470588 0.470588
v -0.00179596749 -0.0146182911 -0.155570546 1 0 0
v -0.0026178239 -0.0146229154 -0.157000568 1 0 0
v -0.00346413028 -0.0146263482 -0.158416264 1 0 0
v -0.00431704968 -0.0146289738 -0.159828003 1 0 0
v -0.00518203421 -0.0146300614 -0.161232363 1 0 0
v -0.00605220072 -0.0146304801 -0.162633501 1 0 0
v -0.00693438867 -0.0146297336 -0.164027107 1 0 0
v -0.0077992693 -0.014631472 -0.165431558 1 0 0
v -0.00868241078 -0.0146305229 -0.166824574 0 1 0
v -0.0095638875 -0.0146309051 -0.168218667 0 1 0
v -0.0104655789 -0.0146262017 -0.169599672 0 1 0
v -0.0113701697 -0.0146224168 -0.170978845 0 1 0
v -0.0122737726 -0.014618973 -0.172358668 0 1 0
v -0.0132039916 -0.0146239772 -0.173720637 0 1 0
v -0.0141282557 -0.0146170801 -0.175086716 0 1 0
v -0.0150677729 -0.0146233935 -0.176442352 0 1 0
v -0.0159969052 -0.0146265269 -0.177805113 0 0.501961 1
v -0.0169272788 -0.0146291238 -0.17916706 0 0.501961 1
v -0.0178690886 -0.0146282694 -0.180521055 0 0.501961 1
v -0.0188317268 -0.014620917 -0.181860368 0 0.501961 1
v -0.019803526 -0.0146243164 -0.183193051 0 0.501961 1
v -0.0207728058 -0.0146219613 -0.184527564 0 0.501961 1
v -0.0217542718 -0.0146288595 -0.185853071 0 0.501961 1
v -0.0227358788 -0.0146330178 -0.187178538 0 0.501961 1
v -0.0237266868 -0.0146345452 -0.188497173 1 0.784314 0
v -0.0247224433 -0.0146360149 -0.189812045 1 0.784314 0
v -0.0257271753 -0.0146367544 -0.191120097 1 0.784314 0
v -0.0267352683 -0.014637876 -0.1924255 1 0.784314 0
v -0.0277457417 -0.014639236 -0.193729115 1 0.784314 0
v -0.0287577371 -0.0146391101 -0.195031542 1 0.784314 0
v -0.0297757748 -0.014637886 -0.196329174 1 0.784314 0
v -0.0307890131 -0.0146514577 -0.197630536 1 0.784314 0
v -0.0318086333 -0.014655184 -0.198927011 1 0.784314 0
v 0.0492096598 -0.016636218 -0.013597177 0 1 0
v 0.0489054388 -0.0166341049 -0.0152127377 0 1 0
v 0.0486026563 -0.0166317582 -0.0168285576 0 1 0
v 0.0483045053 -0.0166298914 -0.0184452514 0 1 0
v 0.0480044674 -0.016630988 -0.0200615749 0 1 0
v 0.0476890446 -0.0166362833 -0.0216749894 0 1 0
v 0.0473630336 -0.0166340762 -0.0232863036 0 1 0
v 0.0470252414 -0.0166308439 -0.0248951533 0 1 0
v 0.0466863493 -0.0166349185 -0.0265038031 0 0.501961 1
v 0.0463384562 -0.0166330965 -0.0281105287 0 0.501961 1
v 0.0459924537 -0.0166341575 -0.0297176599 0 0.501961 1
v 0.0456466969 -0.0166338481 -0.0313248484 0 0.501961 1
v 0.0453003472 -0.0166281005 -0.0329318867 0 0.501961 1
v 0.0449329467 -0.0166347616 -0.0345342615 0 0.501961 1
v 0.0445658144 -0.0166354229 -0.0361366931 0 0.501961 1
v 0.0441920505 -0.0166357017 -0.0377376061 0 0.501961 1
v 0.0438112671 -0.0166350095 -0.0393368605 1 0.784314 0
v 0.0434296651 -0.0166327134 -0.0409359115 1 0.784314 0
v 0.0430301554 -0.0166208148 -0.0425304968 1 0.784314 0
v 0.0426535173 -0.0166268653 -0.0441306288 1 0.784314 0
v 0.0422697175 -0.0166290419 -0.045729155 1 0.784314 0
v 0.0418774944 -0.0166333566 -0.0473256003 1 0.784314 0
v 0.0414887151 -0.0166311786 -0.0489229121 1 0.784314 0
v 0.0410859144 -0.0166211224 -0.0505167265 1 0.784314 0
v 0.0406763418 -0.0166250237 -0.0521088431 1 0.784314 0
v 0.0402509997 -0.0166342051 -0.0536967818 1 0.784314 0
v 0.0398264463 -0.0166389986 -0.0552849677 0.705882 0 1
v 0.0394004078 -0.0166376848 -0.0568727462 0.705882 0 1
v 0.0389690401 -0.0166295973 -0.0584590789 0.705882 0 1
v 0.0385384714 -0.0166210401 -0.0600455748 0.705882 0 1
v 0.0380959317 -0.0166430412 -0.0616286894 0.705882 0 1
v 0.0376515209 -0.0166365097 -0.0632114076 0.705882 0 1
v 0.0371846732 -0.0166360961 -0.0647876895 0.705882 0 1
v 0.0366977957 -0.0166389711 -0.0663578818 0.705882 0 1
v 0.0362016338 -0.016637066 -0.0679251755 0 0.862745 0.862745
v 0.0356964157 -0.0166338954 -0.0694895807 0 0.862745 0.862745
v 0.0351935344 -0.0166371605 -0.0710547436 0 0.862745 0.862745
v 0.0346929898 -0.0166349106 -0.0726206522 0 0.862745 0.862745
v 0.0341952091 -0.0166363292 -0.0741874348 0 0.862745 0.862745
v 0.0337041378 -0.0166406699 -0.0757563351 0 0.862745 0.862745
v 0.0332020045 -0.0166397178 -0.0773217336 1 0.470588 0
v 0.0326892399 -0.0166392006 -0.0788836819 1 0.470588 0
v 0.0321614794 -0.0166389645 -0.0804406243 1 0.470588 0
v 0.0316236046 -0.0166387539 -0.0819941113 1 0.470588 0
v 0.031080141 -0.0166390671 -0.0835456356 1 0.470588 0
v 0.0305229383 -0.0166381512 -0.0850922859 1 0.470588 0
v 0.0299713442 -0.0166379623 -0.0866409408 1 0.470588 0
v 0.0294175988 -0.0166371356 -0.0881888125 1 0.470588 0
v 0.0288534945 -0.0166355162 -0.089732966 1 0.470588 0
v 0.0282895749 -0.0166370736 -0.0912771792 1 0.470588 0
v 0.0277167314 -0.0166361621 -0.0928181063 0.470588 1 0
v 0.0271388087 -0.0166332581 -0.0943571418 0.470588 1 0
v 0.026551341 -0.0166343076 -0.0958925553 0.470588 1 0
v 0.0259597678 -0.0166371699 -0.0974263862 0.470588 1 0
v 0.0253606898 -0.0166361631 -0.098957314 0.470588 1 0
v 0.0247662707 -0.0166345555 -0.100490051 0.470588 1 0
v 0.0241768477 -0.0166294607 -0.102024713 0.470588 1 0
v 0.0235765963 -0.0166255873 -0.10355517 0.470588 1 0
v 0.0229718417 -0.0166208885 -0.105083816 0.470588 1 0
v 0.0223482092 -0.0166167551 -0.106604902 0.470588 1 0
v 0.0217107974 -0.0166171018 -0.10812025 1 0 0.705882
v 0.0210691086 -0.0166273937 -0.109633772 1 0 0.705882
v 0.0204183123 -0.0166337917 -0.111143376 1 0 0.705882
v 0.0197638596 -0.0166333814 -0.112651455 1 0 0.705882
v 0.019109999 -0.0166330132 -0.114159769 1 0 0.705882
v 0.0184531907 -0.0166327152 -0.115666813 1 0 0.705882
v 0.0177934416 -0.0166226784 -0.117172496 1 0 0.705882
v 0.0171215376 -0.0166146651 -0.1186727 1 0 0.705882
v 0.0164274271 -0.0166219637 -0.120162905 0.313725 0.313725 1
v 0.0157243792 -0.0166206092 -0.121648955 0.313725 0.313725 1
v 0.0150207645 -0.016616476 -0.123134675 0.313725 0.313725 1
v 0.0143034446 -0.0166077109 -0.124613792 0.313725 0.313725 1
v 0.0135756897 -0.0166193338 -0.126087799 0.313725 0.313725 1
v 0.0128708691 -0.0166203266 -0.127572945 0.313725 0.313725 1
v 0.012155693 -0.0166179055 -0.129053185 0.313725 0.313725 1
v 0.0114294373 -0.0166167635 -0.130528036 0.313725 0.313725 1
v 0.0107026048 -0.0166191421 -0.132002584 0.705882 0.470588 0.156863
v 0.00996718533 -0.0166189849 -0.133472837 0.705882 0.470588 0.156863
v 0.00922344449 -0.016618315 -0.134938934 0.705882 0.470588 0.156863
v 0.00845614928 -0.0166150487 -0.136392753 0.705882 0.470588 0.156863
v 0.00769610571 -0.0166152714 -0.137850237 0.705882 0.470588 0.156863
v 0.00694022866 -0.0166159925 -0.139309978 0.705882 0.470588 0.156863
v 0.00616564178 -0.0166126548 -0.140760008 0.705882 0.470588 0.156863
v 0.00540197017 -0.0166132184 -0.142215818 0.705882 0.470588 0.156863
v 0.00460153743 -0.0166039666 -0.143651735 0.470588 0.470588 0.470588
v 0.00381530555 -0.0166038524 -0.145095466 0.470588 0.470588 0.470588
v 0.00301467616 -0.0165960446 -0.146531233 0.470588 0.470588 0.470588
v 0.00220116177 -0.0165904353 -0.147959755 0.470588 0.470588 0.470588
v 0.00136376743 -0.0165864784 -0.149374427 0.470588 0.470588 0.470588
v 0.000540623335 -0.0165799606 -0.150797431 0.470588 0.470588 0.470588
v -0.000275220756 -0.0165858834 -0.15222465 0.470588 0.470588 0.470588
v -0.00109729183 -0.0165900232 -0.153648273 0.470588 0.470588 0.470588
v -0.0019284692 -0.0165903885 -0.155066566 1 0 0
v -0.00274499208 -0.0165916739 -0.156493199 1 0 0
v -0.00357603758 -0.0165935241 -0.157911628 1 0 0
v -0.00441792419 -0.0165947494 -0.159323602 1 0 0
v -0.00528251773 -0.016595042 -0.160721803 1 0 0
v -0.00613610109 -0.0165991367 -0.162126706 1 0 0
v -0.0070281849 -0.0165965367 -0.163507581 1 0 0
v -0.00789230527 -0.0165996956 -0.164906074 1 0 0
v -0.00877568499 -0.0165972942 -0.166292381 0 1 0
v -0.00966078318 -0.0165957025 -0.167677633 0 1 0
v -0.0105510562 -0.0165923212 -0.169059578 0 1 0
v -0.0114614522 -0.0165840846 -0.170428379 0 1 0
v -0.0123509017 -0.0165831463 -0.171810871 0 1 0
v -0.0132724472 -0.0165855484 -0.173172156 0 1 0
v -0.0141964921 -0.0165912582 -0.174531758 0 1 0
v -0.0151322932 -0.0165918246 -0.175883303 0 1 0
v -0.016067423 -0.0165903675 -0.17723533 0 0.501961 1
v -0.0169712249 -0.0165965869 -0.178608543 0 0.501961 1
v -0.0178930366 -0.0165965969 -0.179969665 0 0.501961 1
v -0.0188505583 -0.016592382 -0.181305823 0 0.501961 1
v -0.0198175069 -0.0165926568 -0.182635177 0 0.501961 1
v -0.0207828781 -0.0165977664 -0.183965765 0 0.501961 1
v -0.0217599795 -0.0166004217 -0.185287842 0 0.501961 1
v -0.0227303063 -0.0166022965 -0.186614823 0 0.501961 1
v -0.0237117422 -0.0166057238 -0.187933675 1 0.784314 0
v -0.0247004949 -0.0166091846 -0.189247007 1 0.784314 0
v -0.0257052901 -0.0166090645 -0.190548083 1 0.784314 0
v -0.0267076242 -0.0166108277 -0.191851123 1 0.784314 0
v -0.0277161997 -0.0166103403 -0.193149352 1 0.784314 0
v -0.028727556 -0.0166150844 -0.194445383 1 0.784314 0
v -0.0297403064 -0.016617363 -0.195740329 1 0.784314 0
v -0.0307451383 -0.0166237937 -0.197041355 1 0.784314 0
v -0.0317425947 -0.0166287025 -0.198348139 1 0.784314 0
v 0.0489178094 -0.0186153747 -0.0135961109 0 1 0
v 0.0486112983 -0.0186125674 -0.0152057039 0 1 0
v 0.048313883 -0.0186107597 -0.0168170004 0 1 0
v 0.0480131353 -0.0186090653 -0.0184276814 0 1 0
v 0.0477111547 -0.0186103621 -0.0200381364 0 1 0
v 0.047395384 -0.0186121548 -0.021645971 0 1 0
v 0.0470644071 -0.0186142401 -0.0232507 0 1 0
v 0.0467287853 -0.0186134514 -0.0248545094 0 1 0
v 0.0463762855 -0.0186115883 -0.0264546707 0 0.501961 1
v 0.0460301466 -0.018611071 -0.0280562045 0 0.501961 1
v 0.0456830268 -0.0186057277 -0.0296575471 0 0.501961 1
v 0.0453457151 -0.0186076956 -0.0312609986 0 0.501961 1
v 0.0449995768 -0.0186089842 -0.0328625602 0 0.501961 1
v 0.0446402345 -0.0186130146 -0.0344612047 0 0.501961 1
v 0.0442693851 -0.0186124847 -0.0360572186 0 0.501961 1
v 0.0438898263 -0.0186105459 -0.0376511969 0 0.501961 1
v 0.0435183197 -0.0186050973 -0.0392470525 1 0.784314 0
v 0.0431345944 -0.0185997845 -0.0408399885 1 0.784314 0
v 0.042751187 -0.0186049292 -0.0424330001 1 0.784314 0
v 0.042358085 -0.0186095789 -0.0440236348 1 0.784314 0
v 0.0419767225 -0.018610456 -0.0456171697 1 0.784314 0
v 0.0415949212 -0.0186098553 -0.047210604 1 0.784314 0
v 0.0412077417 -0.0186052262 -0.0488026806 1 0.784314 0
v 0.0408045662 -0.0185979481 -0.0503908099 1 0.784314 0
v 0.0404019285 -0.0186092966 -0.0519790643 1 0.784314 0
v 0.039981205 -0.018614922 -0.0535626614 1 0.784314 0
v 0.0395663298 -0.018618505 -0.0551478078 0.705882 0 1
v 0.0391446095 -0.018617604 -0.0567311315 0.705882 0 1
v 0.0387206884 -0.0186114079 -0.0583138716 0.705882 0 1
v 0.0383007931 -0.0186035474 -0.0598976423 0.705882 0 1
v 0.037855427 -0.0186235472 -0.0614743755 0.705882 0 1
v 0.0374103061 -0.0186241823 -0.0630512792 0.705882 0 1
v 0.0369451693 -0.0186247126 -0.0646224132 0.705882 0 1
v 0.0364653497 -0.0186232395 -0.0661890869 0.705882 0 1
v 0.0359716952 -0.018618393 -0.0677514953 0 0.862745 0.862745
v 0.0354742346 -0.0186219589 -0.0693126955 0 0.862745 0.862745
v 0.0349783779 -0.0186238098 -0.07087441 0 0.862745 0.862745
v 0.0344811033 -0.0186237445 -0.0724356603 0 0.862745 0.862745
v 0.0339894547 -0.0186233035 -0.0739987107 0 0.862745 0.862745
v 0.0335054051 -0.0186255397 -0.0755641302 0 0.862745 0.862745
v 0.0329994141 -0.0186237212 -0.0771225254 1 0.470588 0
v 0.0324863181 -0.0186227759 -0.078678663 1 0.470588 0
v 0.0319648808 -0.0186234778 -0.0802318957 1 0.470588 0
v 0.0314096152 -0.0186199153 -0.0817734893 1 0.470588 0
v 0.0308630154 -0.0186197631 -0.0833181787 1 0.470588 0
v 0.0303041129 -0.0186180864 -0.0848584199 1 0.470588 0
v 0.029748666 -0.0186173874 -0.0863998897 1 0.470588 0
v 0.0291931317 -0.0186163194 -0.0879413579 1 0.470588 0
v 0.0286374829 -0.0186110965 -0.0894827937 1 0.470588 0
v 0.0280728572 -0.0186080417 -0.0910209766 1 0.470588 0
v 0.0275107347 -0.0186067163 -0.0925600809 0.470588 1 0
v 0.0269344015 -0.0186164067 -0.0940938771 0.470588 1 0
v 0.026350887 -0.0186153205 -0.0956250031 0.470588 1 0
v 0.0257649484 -0.0186170331 -0.0971551984 0.470588 1 0
v 0.0251693244 -0.0186171494 -0.0986816362 0.470588 1 0
v 0.0245734907 -0.0186153661 -0.100208006 0.470588 1 0
v 0.0239700485 -0.0186129492 -0.101731366 0.470588 1 0
v 0.0233695031 -0.0186111167 -0.103255895 0.470588 1 0
v 0.0227561126 -0.0186118304 -0.1047753 0.470588 1 0
v 0.0221337924 -0.0186109327 -0.106291049 0.470588 1 0
v 0.0215047271 -0.0186088191 -0.107804031 1 0 0.705882
v 0.0208662555 -0.0186089163 -0.109313071 1 0 0.705882
v 0.0202176729 -0.0186105916 -0.110817717 1 0 0.705882
v 0.0195528873 -0.018607135 -0.112315333 1 0 0.705882
v 0.0189239429 -0.018610965 -0.113828363 1 0 0.705882
v 0.018262795 -0.0186088922 -0.11532751 1 0 0.705882
v 0.0175859425 -0.0186034446 -0.116819719 1 0 0.705882
v 0.0169059161 -0.018588112 -0.118310387 1 0 0.705882
v 0.0162111683 -0.0185937183 -0.11979432 0.313725 0.313725 1
v 0.0155108698 -0.0185932169 -0.12127568 0.313725 0.313725 1
v 0.0147951616 -0.0185901681 -0.12274965 0.313725 0.313725 1
v 0.0140755482 -0.0185849587 -0.124221707 0.313725 0.313725 1
v 0.0133539782 -0.0185837265 -0.125692823 0.313725 0.313725 1
v 0.0126366863 -0.0185832838 -0.127165979 0.313725 0.313725 1
v 0.0119206004 -0.0185814714 -0.128639761 0.313725 0.313725 1
v 0.011195903 -0.0185789233 -0.130109166 0.313725 0.313725 1
v 0.0104718086 -0.0185783052 -0.131579013 0.705882 0.470588 0.156863
v 0.00973414285 -0.0185759534 -0.133042051 0.705882 0.470588 0.156863
v 0.00897924175 -0.0185702807 -0.134496311 0.705882 0.470588 0.156863
v 0.00821269426 -0.0185632286 -0.135944438 0.705882 0.470588 0.156863
v 0.00745568612 -0.0185686706 -0.137397532 0.705882 0.470588 0.156863
v 0.00669177256 -0.0185683603 -0.138846804 0.705882 0.470588 0.156863
v 0.00593370089 -0.0185651407 -0.140299166 0.705882 0.470588 0.156863
v 0.00516583039 -0.0185654692 -0.141746553 0.705882 0.470588 0.156863
v 0.00436549667 -0.0185526035 -0.143176111 0.470588 0.470588 0.470588
v 0.00357107432 -0.0185455623 -0.144608922 0.470588 0.470588 0.470588
v 0.0027843665 -0.018547029 -0.146046034 0.470588 0.470588 0.470588
v 0.00196593396 -0.0185405763 -0.147465525 0.470588 0.470588 0.470588
v 0.00112527876 -0.0185359569 -0.148871682 0.470588 0.470588 0.470588
v 0.000305321837 -0.0185388829 -0.150290209 0.470588 0.470588 0.470588
v -0.000513346965 -0.0185401247 -0.151709561 0.470588 0.470588 0.470588
v -0.00133357526 -0.0185304168 -0.153127967 0.470588 0.470588 0.470588
v -0.00216511691 -0.0185292606 -0.154539785 1 0 0
v -0.00299819542 -0.0185293869 -0.155950697 1 0 0
v -0.00383849634 -0.0185286373 -0.157357311 1 0 0
v -0.00466261979 -0.0185287067 -0.158773329 1 0 0
v -0.00552338865 -0.018525781 -0.160167332 1 0 0
v -0.00636741114 -0.0185309164 -0.161571517 1 0 0
v -0.0072501196 -0.0185322118 -0.162951701 1 0 0
v -0.00812853966 -0.0185331234 -0.16433462 1 0 0
v -0.00900577266 -0.018532749 -0.165718325 0 1 0
v -0.00988988267 -0.0185310683 -0.167097523 0 1 0
v -0.010795459 -0.0185228389 -0.168462882 0 1 0
v -0.0116749219 -0.018524694 -0.16984515 0 1 0
v -0.0125816458 -0.0185180713 -0.171209716 0 1 0
v -0.0134880788 -0.0185188492 -0.172574625 0 1 0
v -0.0144089808 -0.0185224161 -0.17392964 0 1 0
v -0.0153510288 -0.0185230047 -0.175270127 0 1 0
v -0.0162723693 -0.0185234059 -0.176624804 0 0.501961 1
v -0.0171732308 -0.0185308322 -0.17799287 0 0.501961 1
v -0.0180883835 -0.0185343125 -0.179352023 0 0.501961 1
v -0.019021448 -0.0185372685 -0.180698777 0 0.501961 1
v -0.0199965998 -0.0185283152 -0.182015372 0 0.501961 1
v -0.0209421928 -0.0185377813 -0.183353061 0 0.501961 1
v -0.0219176037 -0.0185356627 -0.18466959 0 0.501961 1
v -0.0228777652 -0.0185404119 -0.185997159 0 0.501961 1
v -0.0238476828 -0.0185443915 -0.18731777 0 0.501961 1
v -0.024836505 -0.0185476123 -0.188624284 0 0.501961 1
v -0.0258187511 -0.0185532799 -0.189935745 1 0.784314 0
v -0.0268143783 -0.0185550765 -0.191237104 1 0.784314 0
v -0.0278145926 -0.0185519848 -0.192534934 1 0.784314 0
v -0.0288272162 -0.0185564058 -0.19382311 1 0.784314 0
v -0.0298203793 -0.0185604102 -0.195126172 1 0.784314 0
v -0.0308194223 -0.0185721159 -0.196424872 1 0.784314 0
v -0.0318154738 -0.0185723907 -0.197725906 1 0.784314 0
v 0.0485527202 -0.0205826636 -0.0135952101 0 1 0
v 0.0482479772 -0.0205792167 -0.0151993663 0 1 0
v 0.0479536282 -0.0205777917 -0.0168054663 0 1 0
v 0.0476533026 -0.0205760657 -0.0184104488 0 1 0
v 0.0473442326 -0.020574501 -0.0200137847 0 1 0
v 0.0470218201 -0.020576104 -0.0216144894 0 1 0
v 0.0466917846 -0.0205790973 -0.0232136259 0 1 0
v 0.0463542001 -0.0205734782 -0.0248111731 0 1 0
v 0.0460015984 -0.0205708623 -0.0264054737 0 0.501961 1
v 0.0456470065 -0.0205682089 -0.027999268 0 0.501961 1
v 0.0453182607 -0.0205649246 -0.0295986906 0 0.501961 1
v 0.0449772563 -0.0205629109 -0.0311955284 0 0.501961 1
v 0.0446300879 -0.0205652961 -0.0327910557 0 0.501961 1
v 0.0442747306 -0.0205715078 -0.0343847499 0 0.501961 1
v 0.0439012107 -0.0205742478 -0.0359743176 0 0.501961 1
v 0.0435275601 -0.0205755188 -0.0375638527 0 0.501961 1
v 0.043162873 -0.0205753951 -0.0391554453 1 0.784314 0
v 0.0427757589 -0.0205710176 -0.0407417536 1 0.784314 0
v 0.0423933549 -0.020576089 -0.0423291776 1 0.784314 0
v 0.0420172392 -0.0205780115 -0.0439181215 1 0.784314 0
v 0.0416284686 -0.0205764885 -0.0455040297 1 0.784314 0
v 0.0412532051 -0.0205726856 -0.0470931705 1 0.784314 0
v 0.0408660409 -0.0205678092 -0.0486794377 1 0.784314 0
v 0.0404667819 -0.0205701932 -0.05026272 1 0.784314 0
v 0.0400632669 -0.0205812869 -0.0518448736 1 0.784314 0
v 0.0396557455 -0.0205852657 -0.0534260328 1 0.784314 0
v 0.0392423516 -0.0205881132 -0.0550056457 0.705882 0 1
v 0.038825918 -0.0205881961 -0.0565844657 0.705882 0 1
v 0.0384140224 -0.0205868733 -0.058164514 0.705882 0 1
v 0.0380007603 -0.0205785439 -0.0597441499 0.705882 0 1
v 0.0375508413 -0.0205937177 -0.0613137245 0.705882 0 1
v 0.0371088652 -0.0205982223 -0.0628856212 0.705882 0 1
v 0.0366518613 -0.0205973078 -0.0644532025 0.705882 0 1
v 0.0361771871 -0.0205935767 -0.0660155337 0.705882 0 1
v 0.0356806067 -0.0205909394 -0.067571044 0 0.862745 0.862745
v 0.0351953665 -0.0205958476 -0.0691301267 0 0.862745 0.862745
v 0.0347140435 -0.020598931 -0.0706903649 0 0.862745 0.862745
v 0.0342224618 -0.0205991332 -0.0722474592 0 0.862745 0.862745
v 0.0337300663 -0.0205975257 -0.0738042058 0 0.862745 0.862745
v 0.0332463367 -0.0206014102 -0.0753637244 0 0.862745 0.862745
v 0.0327369322 -0.0205991187 -0.0769150237 1 0.470588 0
v 0.0322114317 -0.0205952727 -0.0784609569 1 0.470588 0
v 0.0316859741 -0.020595172 -0.0800069198 1 0.470588 0
v 0.0311303037 -0.0205905367 -0.0815422041 1 0.470588 0
v 0.0305763367 -0.0205889796 -0.0830781135 1 0.470588 0
v 0.0300201138 -0.0205874567 -0.0846132995 1 0.470588 0
v 0.0294542838 -0.0205834366 -0.0861447661 1 0.470588 0
v 0.028887846 -0.0205796103 -0.0876762102 1 0.470588 0
v 0.0283369254 -0.0205785003 -0.0892133241 1 0.470588 0
v 0.0277790069 -0.0205789594 -0.0907479191 1 0.470588 0
v 0.0272136415 -0.0205757011 -0.0922797639 0.470588 1 0
v 0.0266360296 -0.0205809473 -0.0938070307 0.470588 1 0
v 0.0260655347 -0.0205838849 -0.0953369961 0.470588 1 0
v 0.025474838 -0.0205808441 -0.0968592612 0.470588 1 0
v 0.0248869545 -0.0205777181 -0.0983826035 0.470588 1 0
v 0.0242713455 -0.0205662239 -0.0998948931 0.470588 1 0
v 0.0236825844 -0.0205659802 -0.101417926 0.470588 1 0
v 0.0230700541 -0.0205613191 -0.102931451 0.470588 1 0
v 0.0224469158 -0.0205574054 -0.104440734 0.470588 1 0
v 0.0218158845 -0.0205595325 -0.10594669 0.470588 1 0
v 0.0211860815 -0.0205591568 -0.107453198 1 0 0.705882
v 0.0205500052 -0.0205566137 -0.10895704 1 0 0.705882
v 0.0198929609 -0.0205462744 -0.110451849 1 0 0.705882
v 0.0192305454 -0.020551796 -0.111943818 1 0 0.705882
v 0.0185912003 -0.0205577228 -0.113445625 1 0 0.705882
v 0.0179423483 -0.020557437 -0.114943791 1 0 0.705882
v 0.0172887822 -0.0205511634 -0.11643997 1 0 0.705882
v 0.0165810685 -0.0205304637 -0.117911354 1 0 0.705882
v 0.0158932607 -0.0205290105 -0.119392281 0.313725 0.313725 1
v 0.0151881498 -0.0205301192 -0.120865022 0.313725 0.313725 1
v 0.0144705387 -0.02052989 -0.12233175 0.313725 0.313725 1
v 0.0137352053 -0.0205250741 -0.123789657 0.313725 0.313725 1
v 0.0130037145 -0.0205193228 -0.1252495 0.313725 0.313725 1
v 0.012279299 -0.0205153444 -0.126712837 0.313725 0.313725 1
v 0.0115586049 -0.0205093996 -0.128177841 0.313725 0.313725 1
v 0.0108264514 -0.0205025681 -0.12963733 0.313725 0.313725 1
v 0.010083414 -0.0204945497 -0.131091312 0.705882 0.470588 0.156863
v 0.00934935899 -0.0204949302 -0.132549803 0.705882 0.470588 0.156863
v 0.00861311714 -0.0204943757 -0.134007192 0.705882 0.470588 0.156863
v 0.00783958497 -0.0204750838 -0.135444973 0.705882 0.470588 0.156863
v 0.00706546487 -0.0204695238 -0.136882537 0.705882 0.470588 0.156863
v 0.00629617983 -0.0204698289 -0.138322681 0.705882 0.470588 0.156863
v 0.0055538366 -0.0204743136 -0.139777043 0.705882 0.470588 0.156863
v 0.00476637553 -0.0204649244 -0.141207173 0.705882 0.470588 0.156863
v 0.00396909203 -0.0204515213 -0.142631828 0.470588 0.470588 0.470588
v 0.00316822415 -0.0204444977 -0.144054656 0.470588 0.470588 0.470588
v 0.00236231462 -0.0204457728 -0.145474674 0.470588 0.470588 0.470588
v 0.00155016397 -0.0204438967 -0.146891079 0.470588 0.470588 0.470588
v 0.000732962952 -0.0204421573 -0.148304697 0.470588 0.470588 0.470588
v -9.77809489e-05 -0.0204318679 -0.14971041 0.470588 0.470588 0.470588
v -0.000918930336 -0.0204283286 -0.151121607 0.470588 0.470588 0.470588
v -0.00174461997 -0.0204257564 -0.152530208 0.470588 0.470588 0.470588
v -0.00256350892 -0.0204300797 -0.153942738 1 0 0
v -0.0034153615 -0.0204171784 -0.15533557 1 0 0
v -0.0042549974 -0.0204092212 -0.156735643 1 0 0
v -0.00509320568 -0.0204019916 -0.158136773 1 0 0
v -0.00593493172 -0.0204020957 -0.159535633 1 0 0
v -0.00676630625 -0.0204126065 -0.160940556 1 0 0
v -0.00762640614 -0.0204197098 -0.162328521 1 0 0
v -0.00851499143 -0.0204144743 -0.1636983 1 0 0
v -0.00940502699 -0.0204098917 -0.165067246 0 1 0
v -0.0102912639 -0.0204075756 -0.166438516 0 1 0
v -0.0111896559 -0.0203979416 -0.167801958 0 1 0
v -0.01206386 -0.0204044172 -0.169181044 0 1 0
v -0.012982128 -0.0203898771 -0.170530838 0 1 0
v -0.0138901669 -0.0203870441 -0.171887628 0 1 0
v -0.0147975186 -0.0203928297 -0.173244729 0 1 0
v -0.0157505928 -0.0203834526 -0.174570561 0 1 0
v -0.0166459436 -0.0203963933 -0.175935888 0 1 0
v -0.0175608362 -0.0203963809 -0.177288074 0 1 0
v -0.0184886541 -0.0203908204 -0.178631645 0 0.501961 1
v -0.0194011668 -0.0204032821 -0.179985675 0 0.501961 1
v -0.0203650081 -0.0203961452 -0.18130367 0 0.501961 1
v -0.0213100432 -0.0204037213 -0.182635139 0 0.501961 1
v -0.0222541215 -0.0204135469 -0.183967166 0 0.501961 1
v -0.0232102635 -0.0204185231 -0.185290812 0 0.501961 1
v -0.0241561469 -0.0204328487 -0.186621452 0 0.501961 1
v -0.0251253113 -0.0204375606 -0.187935592 0 0.501961 1
v -0.026092388 -0.020447579 -0.189251198 0 0.501961 1
v -0.027061034 -0.0204608597 -0.190565424 0 0.501961 1
v -0.0280531177 -0.0204640605 -0.191862347 1 0.784314 0
v -0.0290469497 -0.0204681539 -0.193157936 1 0.784314 0
v -0.030033137 -0.0204670733 -0.194459268 1 0.784314 0
v -0.0310157932 -0.0204726658 -0.195763258 1 0.784314 0
v -0.0319889641 -0.0204921476 -0.197074298 1 0.784314 0
v 0.0480966716 -0.0225313259 -0.0135942872 0 1 0
v 0.0477963404 -0.0225283339 -0.0152191423 0 1 0
v 0.0475008148 -0.0225270591 -0.0168449057 0 1 0
v 0.047193047 -0.0225266316 -0.0184683643 0 1 0
v 0.0468746238 -0.0225278521 -0.0200898317 0 1 0
v 0.0465363856 -0.0225254572 -0.0217071713 0 1 0
v 0.0462057798 -0.0225278751 -0.0233262033 0 1 0
v 0.0458455588 -0.0225160196 -0.0249388362 0 1 0
v 0.0455009356 -0.0225151157 -0.0265548892 0 0.501961 1
v 0.0451559441 -0.0225178466 -0.0281708598 0 0.501961 1
v 0.0448120604 -0.0225202053 -0.0297871006 0 0.501961 1
v 0.0444582872 -0.022511738 -0.0314011443 0 0.501961 1
v 0.0441032988 -0.0225130385 -0.0330149403 0 0.501961 1
v 0.0437387271 -0.0225185462 -0.0346265633 0 0.501961 1
v 0.0433599427 -0.022517804 -0.0362349648 0 0.501961 1
v 0.0430058844 -0.0225261066 -0.0378490102 0 0.501961 1
v 0.0426344062 -0.0225292407 -0.0394590675 1 0.784314 0
v 0.0422304615 -0.0225250583 -0.0410613726 1 0.784314 0
v 0.0418583722 -0.0225282818 -0.0426713579 1 0.784314 0
v 0.0414762792 -0.0225277221 -0.0442789661 1 0.784314 0
v 0.0410872784 -0.0225222153 -0.0458849149 1 0.784314 0
v 0.0407041596 -0.0225149888 -0.0474922451 1 0.784314 0
v 0.040312157 -0.0225266822 -0.0490974368 1 0.784314 0
v 0.0399071638 -0.0225315678 -0.0506994187 1 0.784314 0
v 0.0395039298 -0.0225371032 -0.0523018689 1 0.784314 0
v 0.0390917995 -0.0225393913 -0.0539019855 1 0.784314 0
v 0.0386621148 -0.0225356021 -0.0554975603 0.705882 0 1
v 0.0382540409 -0.0225355015 -0.0570988045 0.705882 0 1
v 0.0378490364 -0.0225454436 -0.058700799 0.705882 0 1
v 0.0374177661 -0.0225501775 -0.0602958756 0.705882 0 1
v 0.0369557155 -0.0225501276 -0.0618823854 0.705882 0 1
v 0.0365033241 -0.0225532609 -0.0634716943 0.705882 0 1
v 0.0360401626 -0.0225559988 -0.0650578457 0.705882 0 1
v 0.0355507843 -0.022553889 -0.0666360597 0.705882 0 1
v 0.0350360891 -0.022547115 -0.0682059313 0 0.862745 0.862745
v 0.0345694294 -0.0225547962 -0.06979108 0 0.862745 0.862745
v 0.0340679989 -0.0225541659 -0.0713655799 0 0.862745 0.862745
v 0.0335794934 -0.0225549581 -0.0729441179 0 0.862745 0.862745
v 0.0330881365 -0.0225556887 -0.0745216917 0 0.862745 0.862745
v 0.0325617842 -0.0225530196 -0.0760880623 0 0.862745 0.862745
v 0.032017581 -0.0225450274 -0.077648027 1 0.470588 0
v 0.0314779744 -0.0225423972 -0.0792096215 1 0.470588 0
v 0.030938252 -0.0225429836 -0.0807714038 1 0.470588 0
v 0.0303690534 -0.0225372563 -0.0823224596 1 0.470588 0
v 0.0297850282 -0.0225299943 -0.0838682206 1 0.470588 0
v 0.0292070826 -0.0225258978 -0.0854160737 1 0.470588 0
v 0.0286263191 -0.0225153228 -0.0869628456 1 0.470588 0
v 0.0280606399 -0.0225174083 -0.0885152752 1 0.470588 0
v 0.0274858599 -0.0225025253 -0.0900644375 1 0.470588 0
v 0.026924937 -0.0225050895 -0.0916187441 1 0.470588 0
v 0.0263204267 -0.0225052349 -0.0931561395 0.470588 1 0
v 0.025716276 -0.0225024127 -0.094693999 0.470588 1 0
v 0.0251137441 -0.0224966656 -0.0962325984 0.470588 1 0
v 0.0245028813 -0.0224889772 -0.0977679306 0.470588 1 0
v 0.0239049179 -0.0224858 -0.09930808 0.470588 1 0
v 0.0232827364 -0.0224804464 -0.100838627 0.470588 1 0
v 0.0226627967 -0.0224761423 -0.102369904 0.470588 1 0
v 0.0220313426 -0.022465754 -0.103896451 0.470588 1 0
v 0.0213750566 -0.0224634009 -0.10541261 0.470588 1 0
v 0.0207421312 -0.0224662249 -0.106938555 0.470588 1 0
v 0.020079473 -0.0224582268 -0.108452196 1 0 0.705882
v 0.0194180108 -0.0224585194 -0.109966444 1 0 0.705882
v 0.01873706 -0.022448496 -0.111472026 1 0 0.705882
v 0.0180621273 -0.0224379789 -0.112980019 1 0 0.705882
v 0.0173950448 -0.0224279434 -0.114491364 1 0 0.705882
v 0.0167577333 -0.0224411582 -0.116015455 1 0 0.705882
v 0.0160564937 -0.0224189731 -0.117511508 1 0 0.705882
v 0.0153428871 -0.022416124 -0.119001845 1 0 0.705882
v 0.0146338606 -0.0224180719 -0.120494407 0.313725 0.313725 1
v 0.01390141 -0.0224164632 -0.121975573 0.313725 0.313725 1
v 0.0131507184 -0.0224050205 -0.123447309 0.313725 0.313725 1
v 0.0123569023 -0.0223734184 -0.124896086 0.313725 0.313725 1
v 0.0116197704 -0.0223663829 -0.126374939 0.313725 0.313725 1
v 0.0108754948 -0.0223548402 -0.127850225 0.313725 0.313725 1
v 0.0101130879 -0.0223403608 -0.12931618 0.313725 0.313725 1
v 0.00935121254 -0.0223236802 -0.130782388 0.313725 0.313725 1
v 0.00858325548 -0.0223041484 -0.132245398 0.705882 0.470588 0.156863
v 0.00784835374 -0.0223219492 -0.133725106 0.705882 0.470588 0.156863
v 0.00709578538 -0.0223297978 -0.135195347 0.705882 0.470588 0.156863
v 0.0062845439 -0.0222981663 -0.136634603 0.705882 0.470588 0.156863
v 0.00551561299 -0.0222983377 -0.138096998 0.705882 0.470588 0.156863
v 0.00474091082 -0.0222943863 -0.139556532 0.705882 0.470588 0.156863
v 0.00393639215 -0.0222825858 -0.140999415 0.705882 0.470588 0.156863
v 0.00311331753 -0.0222683878 -0.14243191 0.705882 0.470588 0.156863
v 0.0023137342 -0.0222668375 -0.14387784 0.470588 0.470588 0.470588
v 0.00147077913 -0.0222488673 -0.145298804 0.470588 0.470588 0.470588
v 0.000643292417 -0.0222477611 -0.146729131 0.470588 0.470588 0.470588
v -0.000190659949 -0.0222414714 -0.148155675 0.470588 0.470588 0.470588
v -0.00103256407 -0.0222299195 -0.149577405 0.470588 0.470588 0.470588
v -0.00186635584 -0.02222295 -0.151004049 0.470588 0.470588 0.470588
v -0.00269558602 -0.0222228986 -0.152433342 0.470588 0.470588 0.470588
v -0.00352959395 -0.0222284582 -0.153859808 0.470588 0.470588 0.470588
v -0.00439576377 -0.0222021994 -0.155266802 1 0 0
v -0.0052471349 -0.0221936732 -0.156682798 1 0 0
v -0.00610560381 -0.0221930416 -0.158094529 1 0 0
v -0.00695873474 -0.0221986376 -0.159509576 1 0 0
v -0.00782183929 -0.0222044641 -0.160918643 1 0 0
v -0.00870281157 -0.0222044606 -0.16231666 1 0 0
v -0.00958717659 -0.0222012502 -0.16371227 1 0 0
v -0.0105003203 -0.0221835646 -0.165089267 1 0 0
v -0.0113984001 -0.0221761185 -0.166476318 0 1 0
v -0.0122999843 -0.0221795288 -0.167861019 0 1 0
v -0.0132131837 -0.0221762483 -0.169238011 0 1 0
v -0.0141416499 -0.0221608274 -0.170604815 0 1 0
v -0.0150616302 -0.0221651246 -0.171977397 0 1 0
v -0.0160042964 -0.0221597562 -0.173334195 0 1 0
v -0.0169427513 -0.0221570114 -0.174693692 0 1 0
v -0.0178732828 -0.0221583513 -0.176058782 0 1 0
v -0.0187927373 -0.0221597399 -0.177431586 0 1 0
v -0.019712656 -0.0221734247 -0.17880411 0 1 0
v -0.0206557166 -0.022180779 -0.180160715 0 0.501961 1
v -0.0216136502 -0.0221841502 -0.181506952 0 0.501961 1
v -0.0225588104 -0.0222010343 -0.182861919 0 0.501961 1
v -0.0235058384 -0.0222164689 -0.184215789 0 0.501961 1
v -0.0244498463 -0.0222371012 -0.185571654 0 0.501961 1
v -0.0254049092 -0.0222540303 -0.186920001 0 0.501961 1
v -0.0263570205 -0.0222763898 -0.188270295 0 0.501961 1
v -0.0273201332 -0.0222988765 -0.189612538 0 0.501961 1
v -0.0282914292 -0.0223183842 -0.190949233 1 0.784314 0
v -0.0292706584 -0.022334857 -0.192279965 1 0.784314 0
v -0.0302637392 -0.0223398492 -0.193600454 1 0.784314 0
v -0.031246805 -0.0223520994 -0.19492849 1 0.784314 0
v -0.0322322571 -0.0223798193 -0.196254401 1 0.784314 0
v 0.0475510744 -0.0244585894 -0.01359338 0 0.862745 0.862745
v 0.0472578361 -0.0244547079 -0.0152099273 0 0.862745 0.862745
v 0.0469631961 -0.0244499981 -0.016826092 0 0.862745 0.862745
v 0.0466558534 -0.0244493998 -0.0184400374 0 0.862745 0.862745
v 0.0463309473 -0.0244561817 -0.0200505643 0 0.862745 0.862745
v 0.045998623 -0.0244541303 -0.0216595733 0 0.862745 0.862745
v 0.0456625876 -0.0244516051 -0.0232678357 0 0.862745 0.862745
v 0.0453023579 -0.0244417901 -0.0248707791 0 0.862745 0.862745
v 0.0449568294 -0.0244447623 -0.0264769892 1 0.470588 0
v 0.0446146797 -0.0244476111 -0.0280838826 1 0.470588 0
v 0.0442665004 -0.0244461196 -0.0296894772 1 0.470588 0
v 0.0439155597 -0.0244377325 -0.0312944731 1 0.470588 0
v 0.0435521815 -0.0244345134 -0.0328966815 1 0.470588 0
v 0.0431843495 -0.0244373717 -0.0344977945 1 0.470588 0
v 0.0428053826 -0.0244334984 -0.0360963602 1 0.470588 0
v 0.042463946 -0.0244450002 -0.0377034439 1 0.470588 0
v 0.0420962444 -0.0244493342 -0.0393047321 0.470588 1 0
v 0.0417072586 -0.0244477653 -0.0409009642 0.470588 1 0
v 0.0413346995 -0.024449353 -0.0425010552 0.470588 1 0
v 0.0409585796 -0.0244481581 -0.0441003302 0.470588 1 0
v 0.040570867 -0.024442331 -0.0456966845 0.470588 1 0
v 0.0401767884 -0.0244344818 -0.0472916151 0.470588 1 0
v 0.039798137 -0.0244502002 -0.0488902215 0.470588 1 0
v 0.0393923813 -0.0244477868 -0.0504822702 0.470588 1 0
v 0.0390119634 -0.0244591299 -0.0520805596 0.470588 1 0
v 0.0386020316 -0.024459904 -0.0536715376 0.470588 1 0
v 0.0381614395 -0.0244520518 -0.0552542581 1 0 0.705882
v 0.0377283191 -0.0244438533 -0.0568390097 1 0 0.705882
v 0.0373276588 -0.0244624051 -0.0584320986 1 0 0.705882
v 0.036913188 -0.0244745891 -0.0600215985 1 0 0.705882
v 0.0364518996 -0.024464622 -0.061598407 1 0 0.705882
v 0.0359911353 -0.0244631162 -0.063175391 1 0 0.705882
v 0.0355109916 -0.0244612237 -0.0647466599 1 0 0.705882
v 0.0350211317 -0.0244583186 -0.0663149267 1 0 0.705882
v 0.0345365322 -0.024459678 -0.0678848035 0.313725 0.313725 1
v 0.0340347764 -0.0244566136 -0.0694491513 0.313725 0.313725 1
v 0.0335518986 -0.0244589972 -0.0710190399 0.313725 0.313725 1
v 0.0330620922 -0.0244628681 -0.0725869216 0.313725 0.313725 1
v 0.0325682165 -0.0244673815 -0.07415359 0.313725 0.313725 1
v 0.0320482692 -0.024461966 -0.0757120846 0.313725 0.313725 1
v 0.0314988429 -0.0244468695 -0.077260412 0.705882 0.470588 0.156863
v 0.0309265271 -0.0244265392 -0.0788003411 0.705882 0.470588 0.156863
v 0.0303934159 -0.0244323404 -0.0803542168 0.705882 0.470588 0.156863
v 0.0298450521 -0.0244324663 -0.0819020997 0.705882 0.470588 0.156863
v 0.0292682858 -0.0244233662 -0.0834402065 0.705882 0.470588 0.156863
v 0.0286541812 -0.02440792 -0.0849632597 0.705882 0.470588 0.156863
v 0.0280891147 -0.0244013747 -0.0865054545 0.705882 0.470588 0.156863
v 0.0274933514 -0.024389579 -0.0880358439 0.705882 0.470588 0.156863
v 0.0269017013 -0.0243714536 -0.0895683479 0.705882 0.470588 0.156863
v 0.0263401691 -0.0243727781 -0.0911124056 0.705882 0.470588 0.156863
v 0.0257408822 -0.0243682805 -0.0926416402 0.470588 0.470588 0.470588
v 0.0251198279 -0.0243547319 -0.0941623481 0.470588 0.470588 0.470588
v 0.0244724658 -0.0243265382 -0.0956711382 0.470588 0.470588 0.470588
v 0.0238980625 -0.024333287 -0.097210118 0.470588 0.470588 0.470588
v 0.0233007037 -0.0243354875 -0.0987406668 0.470588 0.470588 0.470588
v 0.022666205 -0.0243203149 -0.100255357 0.470588 0.470588 0.470588
v 0.0220097048 -0.0242945829 -0.101760947 0.470588 0.470588 0.470588
v 0.0213992424 -0.0242910875 -0.103286085 0.470588 0.470588 0.470588
v 0.0207102445 -0.024259877 -0.104777055 0.470588 0.470588 0.470588
v 0.020046116 -0.0242421006 -0.106278798 0.470588 0.470588 0.470588
v 0.019404 -0.024235942 -0.107790576 1 0 0
v 0.0187491109 -0.0242369655 -0.109297403 1 0 0
v 0.0180632525 -0.0242263647 -0.110790005 1 0 0
v 0.0173712117 -0.0242125371 -0.112279491 1 0 0
v 0.0167086646 -0.0241968867 -0.113782038 1 0 0
v 0.0160364192 -0.0241930378 -0.115281035 1 0 0
v 0.0153494323 -0.0241873218 -0.116773426 1 0 0
v 0.0146349184 -0.0241746061 -0.118252843 1 0 0
v 0.0139158685 -0.0241647899 -0.119730092 0 1 0
v 0.0131829855 -0.0241543829 -0.121200517 0 1 0
v 0.0124452884 -0.0241483798 -0.122668411 0 1 0
v 0.0116459121 -0.0241017356 -0.124103073 0 1 0
v 0.0108914327 -0.0240833279 -0.125561914 0 1 0
v 0.0101384809 -0.0240659095 -0.127022028 0 1 0
v 0.00938024901 -0.0240484199 -0.128479462 0 1 0
v 0.00862073733 -0.0240269223 -0.12993619 0 1 0
v 0.00784628537 -0.0239969424 -0.131384533 0 0.501961 1
v 0.00710607586 -0.0240111192 -0.132850351 0 0.501961 1
v 0.00635531119 -0.0240234078 -0.134311392 0 0.501961 1
v 0.00557009111 -0.0240082693 -0.135754246 0 0.501961 1
v 0.00478891557 -0.0239964358 -0.137199345 0 0.501961 1
v 0.00401465326 -0.0239887005 -0.138648172 0 0.501961 1
v 0.00324274119 -0.0239898355 -0.140098229 0 0.501961 1
v 0.00241802657 -0.023966079 -0.141519045 0 0.501961 1
v 0.00160922509 -0.0239620263 -0.142949058 1 0.784314 0
v 0.000785870777 -0.0239430138 -0.144370727 1 0.784314 0
v -4.61102007e-05 -0.0239259787 -0.14578728 1 0.784314 0
v -0.000884327186 -0.0239228801 -0.147200332 1 0.784314 0
v -0.00171373736 -0.0239222933 -0.148618519 1 0.784314 0
v -0.00254839955 -0.023911438 -0.15003364 1 0.784314 0
v -0.0033876675 -0.0238910716 -0.151445948 1 0.784314 0
v -0.00422112444 -0.0238857612 -0.15286176 1 0.784314 0
v -0.00506804077 -0.023876856 -0.154269387 0.705882 0 1
v -0.00592387223 -0.0238666684 -0.155671806 0.705882 0 1
v -0.00677006402 -0.0238689517 -0.15708003 0.705882 0 1
v -0.00761582162 -0.02387677 -0.158488527 0.705882 0 1
v -0.00846473995 -0.0238845622 -0.159895163 0.705882 0 1
v -0.00933109515 -0.0238815558 -0.161291102 0.705882 0 1
v -0.0102172956 -0.0238720151 -0.162674573 0.705882 0 1
v -0.0111147902 -0.0238657104 -0.164050733 0.705882 0 1
v -0.0120137883 -0.0238599595 -0.165425931 0 0.862745 0.862745
v -0.0129112306 -0.0238524771 -0.166802142 0 0.862745 0.862745
v -0.0138214467 -0.0238432394 -0.168169927 0 0.862745 0.862745
v -0.0147359707 -0.023834512 -0.16953463 0 0.862745 0.862745
v -0.0156925578 -0.0238076471 -0.17087016 0 0.862745 0.862745
v -0.0166152963 -0.0238114939 -0.172229431 0 0.862745 0.862745
v -0.0175352293 -0.0238183862 -0.173590675 0 0.862745 0.862745
v -0.0184639973 -0.0238166929 -0.174945969 0 0.862745 0.862745
v -0.0193730729 -0.0238265659 -0.176314306 0 0.862745 0.862745
v -0.020276835 -0.0238399741 -0.177686238 0 0.862745 0.862745
v -0.0211861393 -0.0238665743 -0.179054259 1 0.470588 0
v -0.02211864 -0.0238836309 -0.18040684 1 0.470588 0
v -0.0230411754 -0.0239128852 -0.181765944 1 0.470588 0
v -0.0239730033 -0.0239357558 -0.183118898 1 0.470588 0
v -0.0249093721 -0.0239565225 -0.184468641 1 0.470588 0
v -0.025845477 -0.0239795365 -0.18581849 1 0.470588 0
v -0.0267510921 -0.0240300017 -0.187188435 1 0.470588 0
v -0.0276907063 -0.0240611413 -0.188535797 1 0.470588 0
v -0.0286251145 -0.0240981181 -0.189886678 0.470588 1 0
v -0.0295646216 -0.0241342612 -0.191233857 0.470588 1 0
v -0.0305326736 -0.0241550374 -0.192561193 0.470588 1 0
v -0.0314747002 -0.0241887685 -0.193906872 0.470588 1 0
v -0.0324435605 -0.0242199637 -0.19523325 0.470588 1 0
v 0.0469023186 -0.0263547659 -0.013592433 0 0.862745 0.862745
v 0.0465896103 -0.0263405595 -0.0152199296 0 0.862745 0.862745
v 0.0462883018 -0.0263394677 -0.0168494806 0 0.862745 0.862745
v 0.0459868308 -0.0263502491 -0.0184791409 0 0.862745 0.862745
v 0.0456676556 -0.0263520523 -0.0201054459 0 0.862745 0.862745
v 0.0453310036 -0.0263487973 -0.0217281728 0 0.862745 0.862745
v 0.0449854184 -0.0263450197 -0.0233489731 0 0.862745 0.862745
v 0.0446156067 -0.0263350566 -0.0249644964 0 0.862745 0.862745
v 0.0442371876 -0.0263267044 -0.0265779444 1 0.470588 0
v 0.0439047969 -0.0263324989 -0.0282015544 1 0.470588 0
v 0.0435320191 -0.0263226298 -0.0298162869 1 0.470588 0
v 0.0431715204 -0.0263184155 -0.0314337925 1 0.470588 0
v 0.0428034031 -0.0263143986 -0.0330496324 1 0.470588 0
v 0.0424152092 -0.0263083225 -0.0346608289 1 0.470588 0
v 0.0420582617 -0.0263137791 -0.0362790526 1 0.470588 0
v 0.0417052623 -0.0263219687 -0.0378982828 1 0.470588 0
v 0.0413328662 -0.0263250228 -0.0395131995 0.470588 1 0
v 0.04095064 -0.0263225136 -0.04112541 0.470588 1 0
v 0.0405667059 -0.0263160499 -0.0427374787 0.470588 1 0
v 0.0401738903 -0.0263116779 -0.0443475978 0.470588 1 0
v 0.0397728421 -0.0263062557 -0.0459555417 0.470588 1 0
v 0.0393686626 -0.0263029624 -0.0475627384 0.470588 1 0
v 0.0389806459 -0.0263052861 -0.0491736749 0.470588 1 0
v 0.0385806389 -0.0263087805 -0.0507817974 0.470588 1 0
v 0.0381713568 -0.0263157688 -0.0523873902 0.470588 1 0
v 0.0377476987 -0.0263195581 -0.0539893235 0.470588 1 0
v 0.037295743 -0.0263115866 -0.0555838312 1 0 0.705882
v 0.0368391177 -0.0262993983 -0.0571765987 1 0 0.705882
v 0.0363861626 -0.0262889564 -0.0587707127 1 0 0.705882
v 0.035957115 -0.0262955619 -0.0603715505 1 0 0.705882
v 0.0355012177 -0.0262960696 -0.061964882 1 0 0.705882
v 0.0350392468 -0.0262981121 -0.0635564676 1 0 0.705882
v 0.0345440385 -0.0262891698 -0.0651380793 1 0 0.705882
v 0.0340678788 -0.0262991589 -0.0667252725 1 0 0.705882
v 0.0335678287 -0.0262954829 -0.0683048946 0.313725 0.313725 1
v 0.0330133363 -0.026256255 -0.069866181 0.313725 0.313725 1
v 0.0325096306 -0.0262542651 -0.0714444441 0.313725 0.313725 1
v 0.0320102531 -0.0262588002 -0.0730245457 0.313725 0.313725 1
v 0.0314870831 -0.0262495142 -0.0745970165 0.313725 0.313725 1
v 0.0309686248 -0.0262424624 -0.0761711629 0.313725 0.313725 1
v 0.0304004706 -0.0262325025 -0.0777280149 0.705882 0.470588 0.156863
v 0.029822064 -0.0262186342 -0.0792809694 0.705882 0.470588 0.156863
v 0.0292051357 -0.0261816866 -0.0808187164 0.705882 0.470588 0.156863
v 0.0286654722 -0.0261898152 -0.0823854016 0.705882 0.470588 0.156863
v 0.0280557418 -0.0261701975 -0.0839260791 0.705882 0.470588 0.156863
v 0.0274541159 -0.0261586342 -0.085470232 0.705882 0.470588 0.156863
v 0.0268524729 -0.0261439704 -0.0870133032 0.705882 0.470588 0.156863
v 0.0262094028 -0.0260951362 -0.0885395231 0.705882 0.470588 0.156863
v 0.0256304359 -0.026096837 -0.0900917783 0.705882 0.470588 0.156863
v 0.0250301378 -0.0260871517 -0.0916363192 0.705882 0.470588 0.156863
v 0.0244129245 -0.026073685 -0.0931739684 0.470588 0.470588 0.470588
v 0.0237381319 -0.0260234955 -0.0946868937 0.470588 0.470588 0.470588
v 0.0231354991 -0.0260208556 -0.0962303616 0.470588 0.470588 0.470588
v 0.022527276 -0.026021333 -0.0977717601 0.470588 0.470588 0.470588
v 0.0218731577 -0.0259950122 -0.0992937076 0.470588 0.470588 0.470588
v 0.0212246807 -0.0259738039 -0.10081837 0.470588 0.470588 0.470588
v 0.0205795232 -0.025956697 -0.102344827 0.470588 0.470588 0.470588
v 0.0199063548 -0.0259292181 -0.103858639 0.470588 0.470588 0.470588
v 0.0192097793 -0.0258911339 -0.105361988 1 0 0
v 0.0185394888 -0.0258819369 -0.106877643 1 0 0
v 0.0178614601 -0.0258703639 -0.10838973 1 0 0
v 0.0171853215 -0.0258659505 -0.10990288 1 0 0
v 0.0164969753 -0.0258407941 -0.11141029 1 0 0
v 0.0158155751 -0.0258265682 -0.112920828 1 0 0
v 0.0151104983 -0.0257962114 -0.114420296 1 0 0
v 0.0144146667 -0.0257754049 -0.115924222 1 0 0
v 0.0136910704 -0.0257522133 -0.117414769 0 1 0
v 0.0129566731 -0.0257346622 -0.118900261 0 1 0
v 0.0122220417 -0.0257318535 -0.120385866 0 1 0
v 0.0114661111 -0.0257205634 -0.121860611 0 1 0
v 0.0106731144 -0.0256824263 -0.12331525 0 1 0
v 0.00990480514 -0.0256609451 -0.124783196 0 1 0
v 0.00913373285 -0.0256322985 -0.126249908 0 1 0
v 0.00836364921 -0.0256093602 -0.127717088 0 1 0
v 0.00759492688 -0.0255800863 -0.12918496 0 0.501961 1
v 0.00682701797 -0.0255667822 -0.130653508 0 0.501961 1
v 0.00605300262 -0.0255524201 -0.132118436 0 0.501961 1
v 0.00528199232 -0.0255497349 -0.13358539 0 0.501961 1
v 0.00451897039 -0.0255646709 -0.13505644 0 0.501961 1
v 0.00371652835 -0.0255381836 -0.136506236 0 0.501961 1
v 0.00294085016 -0.0255361243 -0.13797051 0 0.501961 1
v 0.00215760063 -0.0255338758 -0.139430853 0 0.501961 1
v 0.00135020874 -0.0255247129 -0.14087805 1 0.784314 0
v 0.000518270795 -0.0255043357 -0.142311271 1 0.784314 0
v -0.000307554837 -0.0255015976 -0.143748119 1 0.784314 0
v -0.00115215465 -0.0254798424 -0.145173846 1 0.784314 0
v -0.0019984054 -0.0254701621 -0.146598786 1 0.784314 0
v -0.00283737792 -0.0254675377 -0.148028055 1 0.784314 0
v -0.00367753108 -0.0254590675 -0.149456611 1 0.784314 0
v -0.00452673845 -0.025436772 -0.150879691 1 0.784314 0
v -0.00537021698 -0.0254374688 -0.152306256 0.705882 0 1
v -0.00622431102 -0.0254307357 -0.153726532 0.705882 0 1
v -0.00708074427 -0.0254203555 -0.155145314 0.705882 0 1
v -0.00793036507 -0.0254234972 -0.156568266 0.705882 0 1
v -0.00878253061 -0.0254273664 -0.157989722 0.705882 0 1
v -0.00963346297 -0.025434889 -0.15941188 0.705882 0 1
v -0.0105134473 -0.0254447799 -0.160816263 0.705882 0 1
v -0.0114065765 -0.0254393484 -0.162212295 0.705882 0 1
v -0.0123095737 -0.0254317419 -0.163602007 0 0.862745 0.862745
v -0.0132086799 -0.0254227907 -0.164994248 0 0.862745 0.862745
v -0.0141180319 -0.0254210529 -0.166379832 0 0.862745 0.862745
v -0.0150345197 -0.0254155909 -0.167760676 0 0.862745 0.862745
v -0.0159670566 -0.0254023093 -0.169130622 0 0.862745 0.862745
v -0.0169204585 -0.0253798543 -0.170486058 0 0.862745 0.862745
v -0.0178623706 -0.0253718887 -0.171849642 0 0.862745 0.862745
v -0.0188046328 -0.0253736991 -0.173213073 0 0.862745 0.862745
v -0.0197213866 -0.0253857276 -0.174593704 0 0.862745 0.862745
v -0.0206285729 -0.0254008729 -0.175980531 0 0.862745 0.862745
v -0.0215340852 -0.0254271753 -0.17736834 1 0.470588 0
v -0.022444099 -0.0254674745 -0.178752918 1 0.470588 0
v -0.0233568754 -0.0255077605 -0.180135664 1 0.470588 0
v -0.0242749293 -0.0255482148 -0.181514892 1 0.470588 0
v -0.0251962775 -0.0255885513 -0.18289194 1 0.470588 0
v -0.0261190824 -0.0256272753 -0.184268072 1 0.470588 0
v -0.0270236049 -0.0256841862 -0.185655459 1 0.470588 0
v -0.0279436976 -0.0257308721 -0.187033133 1 0.470588 0
v -0.0288544291 -0.0257905475 -0.188416527 0.470588 1 0
v -0.0297624724 -0.0258541069 -0.189801409 0.470588 1 0
v -0.0307026573 -0.0258975618 -0.191165571 0.470588 1 0
v -0.0316357138 -0.0259427279 -0.192534538 0.470588 1 0
v -0.0325779981 -0.025980956 -0.193897198 0.470588 1 0
v 0.0461141948 -0.0281977032 -0.0135914189 0 0.862745 0.862745
v 0.0457814591 -0.0281719013 -0.0151976222 0 0.862745 0.862745
v 0.0454868292 -0.0281726064 -0.0168110852 0 0.862745 0.862745
v 0.0451764878 -0.0281785162 -0.0184219338 0 0.862745 0.862745
v 0.0448494443 -0.0281762563 -0.0200295717 0 0.862745 0.862745
v 0.0445434917 -0.0281860781 -0.0216413367 0 0.862745 0.862745
v 0.0441988768 -0.028183209 -0.0232451513 0 0.862745 0.862745
v 0.0438145263 -0.0281642809 -0.0248398903 0 0.862745 0.862745
v 0.0434170801 -0.0281412653 -0.0264310212 1 0.470588 0
v 0.0430860715 -0.0281499576 -0.0280376849 1 0.470588 0
v 0.0427263089 -0.0281430642 -0.0296380114 1 0.470588 0
v 0.0423474588 -0.0281283141 -0.0312340668 1 0.470588 0
v 0.0419755985 -0.0281204674 -0.0328319128 1 0.470588 0
v 0.0415977478 -0.0281193075 -0.0344280392 1 0.470588 0
v 0.0412422857 -0.0281224077 -0.0360291322 1 0.470588 0
v 0.0408570195 -0.0281117232 -0.0376237312 1 0.470588 0
v 0.0404759169 -0.0281081902 -0.0392192 0.470588 1 0
v 0.0401081178 -0.0281169218 -0.0408178395 0.470588 1 0
v 0.039716292 -0.0281082196 -0.0424108609 0.470588 1 0
v 0.0393068003 -0.028094264 -0.0439994366 0.470588 1 0
v 0.0389111445 -0.0280892236 -0.0455913577 0.470588 1 0
v 0.0385032947 -0.028074207 -0.0471799982 0.470588 1 0
v 0.0381150578 -0.0280757384 -0.0487738933 0.470588 1 0
v 0.0376980327 -0.0280636548 -0.0503602286 0.470588 1 0
v 0.0372591861 -0.0280449793 -0.0519406547 0.470588 1 0
v 0.0368348827 -0.0280434412 -0.0535249883 0.470588 1 0
v 0.0363907303 -0.0280431825 -0.0551041455 1 0 0.705882
v 0.0359364239 -0.0280299624 -0.0566798301 1 0 0.705882
v 0.0354683852 -0.0280047269 -0.0582516149 1 0 0.705882
v 0.0350117036 -0.0279938666 -0.0598268253 1 0 0.705882
v 0.0345769446 -0.0279976423 -0.0614085542 1 0 0.705882
v 0.0341205085 -0.0279962355 -0.0629839746 1 0 0.705882
v 0.033635765 -0.0279903788 -0.064551199 1 0 0.705882
v 0.0331564363 -0.0280005526 -0.0661200509 1 0 0.705882
v 0.0326214828 -0.027968214 -0.067670582 0.313725 0.313725 1
v 0.0320883088 -0.0279382515 -0.0692214697 0.313725 0.313725 1
v 0.0315501226 -0.027910201 -0.0707707558 0.313725 0.313725 1
v 0.0310311237 -0.0278992917 -0.0723270101 0.313725 0.313725 1
v 0.030510758 -0.0278920307 -0.0738826563 0.313725 0.313725 1
v 0.0299935511 -0.0278897459 -0.0754394395 0.313725 0.313725 1
v 0.0294505606 -0.0278746402 -0.076987478 0.705882 0.470588 0.156863
v 0.0288548662 -0.0278336409 -0.078515328 0.705882 0.470588 0.156863
v 0.0282621494 -0.0278025964 -0.0800445684 0.705882 0.470588 0.156863
v 0.0276803207 -0.0277880223 -0.081578437 0.705882 0.470588 0.156863
v 0.0270817254 -0.0277670724 -0.0831055473 0.705882 0.470588 0.156863
v 0.0264676417 -0.0277395152 -0.0846266 0.705882 0.470588 0.156863
v 0.0258439055 -0.0276993493 -0.086143387 0.705882 0.470588 0.156863
v 0.0252360657 -0.0276771805 -0.087666968 0.705882 0.470588 0.156863
v 0.0246297473 -0.0276535537 -0.0891908047 0.705882 0.470588 0.156863
v 0.0240222363 -0.0276299166 -0.0907145147 0.705882 0.470588 0.156863
v 0.0234061639 -0.027611078 -0.0922348769 0.470588 0.470588 0.470588
v 0.0227533681 -0.0275697104 -0.0937393843 0.470588 0.470588 0.470588
v 0.0221274866 -0.0275444472 -0.0952555872 0.470588 0.470588 0.470588
v 0.0214998818 -0.0275194485 -0.0967711485 0.470588 0.470588 0.470588
v 0.0208499459 -0.0274861597 -0.0982770265 0.470588 0.470588 0.470588
v 0.0202059506 -0.0274648448 -0.0997857693 0.470588 0.470588 0.470588
v 0.0195598913 -0.0274457346 -0.101293654 0.470588 0.470588 0.470588
v 0.0188987034 -0.027421036 -0.102794798 0.470588 0.470588 0.470588
v 0.0182260077 -0.0273923464 -0.104290824 1 0 0
v 0.0175467881 -0.0273576204 -0.10578378 1 0 0
v 0.016857045 -0.0273244383 -0.107271822 1 0 0
v 0.0161716789 -0.0273026509 -0.108762145 1 0 0
v 0.0154941406 -0.0272947586 -0.110256257 1 0 0
v 0.0148055604 -0.0272641659 -0.111744994 1 0 0
v 0.0141153316 -0.0272336634 -0.113232917 1 0 0
v 0.013415661 -0.0271998503 -0.114716351 1 0 0
v 0.0127164151 -0.027181683 -0.116200267 0 1 0
v 0.0119902038 -0.027160304 -0.117671177 0 1 0
v 0.0112696956 -0.0271536042 -0.119144937 0 1 0
v 0.0105261233 -0.0271422715 -0.120607269 0 1 0
v 0.00976097394 -0.027123395 -0.122058226 0 1 0
v 0.00899136539 -0.0270971788 -0.123506694 0 1 0
v 0.00821706416 -0.0270552317 -0.124952396 0 1 0
v 0.00746332251 -0.0270446377 -0.126409534 0 1 0
v 0.00669834081 -0.027013903 -0.127860444 0 0.501961 1
v 0.00593287987 -0.0269891727 -0.129311225 0 0.501961 1
v 0.00516628074 -0.0269715655 -0.130761504 0 0.501961 1
v 0.00438685522 -0.0269374767 -0.132204703 0 0.501961 1
v 0.00363238085 -0.0269513726 -0.133661301 0 0.501961 1
v 0.00286090764 -0.0269521074 -0.135109056 0 0.501961 1
v 0.00208147409 -0.0269424016 -0.136552512 0 0.501961 1
v 0.00130993548 -0.0269343826 -0.138000202 0 0.501961 1
v 0.000520573908 -0.0269325508 -0.139438253 1 0.784314 0
v -0.000295409227 -0.0269110294 -0.140861343 1 0.784314 0
v -0.00110073495 -0.0269073033 -0.142290544 1 0.784314 0
v -0.00192657136 -0.0268991784 -0.143708047 1 0.784314 0
v -0.0027580308 -0.0268994998 -0.145122249 1 0.784314 0
v -0.00359262273 -0.0268923322 -0.146534621 1 0.784314 0
v -0.00442251206 -0.0268850984 -0.14794978 1 0.784314 0
v -0.00524755007 -0.026876347 -0.149367776 1 0.784314 0
v -0.00608435382 -0.0268761535 -0.15077887 0.705882 0 1
v -0.00692141512 -0.0268765315 -0.1521898 0.705882 0 1
v -0.00776261325 -0.0268690918 -0.153598244 0.705882 0 1
v -0.00860599357 -0.0268634097 -0.155005329 0.705882 0 1
v -0.00944674865 -0.0268735126 -0.156414046 0.705882 0 1
v -0.010298073 -0.0268763983 -0.15781639 0.705882 0 1
v -0.0111546124 -0.0268832492 -0.159215575 0.705882 0 1
v -0.0120249097 -0.0268815982 -0.160606272 0.705882 0 1
v -0.0129044531 -0.0268821359 -0.161991116 0.705882 0 1
v -0.0137905441 -0.0268885337 -0.16337179 0.705882 0 1
v -0.0146838191 -0.0268850859 -0.164747845 0 0.862745 0.862745
v -0.0155841335 -0.0268809831 -0.166119293 0 0.862745 0.862745
v -0.0164915114 -0.026871615 -0.167486033 0 0.862745 0.862745
v -0.0174221931 -0.0268630032 -0.168837049 0 0.862745 0.862745
v -0.0183579685 -0.0268507858 -0.17018449 0 0.862745 0.862745
v -0.0192892887 -0.0268490863 -0.171535066 0 0.862745 0.862745
v -0.0202065453 -0.0268591673 -0.172895218 0 0.862745 0.862745
v -0.0211050907 -0.026876397 -0.174267717 0 0.862745 0.862745
v -0.0219944718 -0.0269074513 -0.175645891 0 0.862745 0.862745
v -0.0228825948 -0.0269466466 -0.177024669 0 0.862745 0.862745
v -0.0237686541 -0.0269996017 -0.178404373 1 0.470588 0
v -0.0246551241 -0.0270586479 -0.179783557 1 0.470588 0
v -0.0255405986 -0.0271224945 -0.18116312 1 0.470588 0
v -0.0264342644 -0.0271796245 -0.182537742 1 0.470588 0
v -0.0273213776 -0.0272408936 -0.183916362 1 0.470588 0
v -0.0282060678 -0.0273058518 -0.185296395 1 0.470588 0
v -0.0290853726 -0.0273790767 -0.186679444 1 0.470588 0
v -0.0299559289 -0.0274656927 -0.188067278 1 0.470588 0
v -0.0308454135 -0.0275367169 -0.189443762 0.470588 1 0
v -0.0317351571 -0.027613316 -0.190819969 0.470588 1 0
v -0.0326271562 -0.027687352 -0.192194684 0.470588 1 0
v 0.0451416957 -0.0299516307 -0.0135904109 0 0.862745 0.862745
v 0.0448323477 -0.029940032 -0.0152079676 0 0.862745 0.862745
v 0.0445112093 -0.0299302034 -0.0168231616 0 0.862745 0.862745
v 0.0441847008 -0.029925273 -0.0184372702 0 0.862745 0.862745
v 0.0438540948 -0.0299214035 -0.0200503544 0 0.862745 0.862745
v 0.0435455821 -0.0299341933 -0.0216678309 0 0.862745 0.862745
v 0.0431983838 -0.0299278577 -0.0232778135 0 0.862745 0.862745
v 0.0427956932 -0.0299027141 -0.0248746477 0 0.862745 0.862745
v 0.0424153515 -0.0298877593 -0.0264760626 1 0.470588 0
v 0.0420382295 -0.0298705482 -0.0280792168 1 0.470588 0
v 0.0416877346 -0.0298729706 -0.0296885164 1 0.470588 0
v 0.0412897351 -0.0298456871 -0.0312862262 1 0.470588 0
v 0.040900615 -0.0298310362 -0.0328862151 1 0.470588 0
v 0.0405102726 -0.0298197722 -0.034486102 1 0.470588 0
v 0.0401425093 -0.0298190165 -0.0360914226 1 0.470588 0
v 0.0397333687 -0.0297933484 -0.0376865668 1 0.470588 0
v 0.039337141 -0.0297819273 -0.0392850098 0.470588 1 0
v 0.0389526967 -0.0297825998 -0.0408865067 0.470588 1 0
v 0.038541457 -0.0297639211 -0.0424812065 0.470588 1 0
v 0.0381384217 -0.0297543726 -0.044078007 0.470588 1 0
v 0.037720997 -0.0297347536 -0.0456710609 0.470588 1 0
v 0.037310079 -0.029719948 -0.047265745 0.470588 1 0
v 0.0368950848 -0.0297090081 -0.0488595548 0.470588 1 0
v 0.0364502448 -0.0296772649 -0.0504447586 0.470588 1 0
v 0.0360018973 -0.0296494776 -0.0520290004 0.470588 1 0
v 0.0355678869 -0.0296424459 -0.0536175718 0.470588 1 0
v 0.0350845509 -0.0296173806 -0.0551917831 1 0 0.705882
v 0.0346385245 -0.0296113665 -0.0567771599 1 0 0.705882
v 0.0341590677 -0.0295739596 -0.058352316 1 0 0.705882
v 0.0336918794 -0.0295546691 -0.0599311872 1 0 0.705882
v 0.0332312041 -0.0295488766 -0.0615121279 1 0 0.705882
v 0.0327583446 -0.0295429288 -0.0630896796 1 0 0.705882
v 0.0322596369 -0.029526873 -0.0646591985 1 0 0.705882
v 0.0317533065 -0.029515609 -0.0662263733 1 0 0.705882
v 0.0312043017 -0.0294741201 -0.0677786523 0.313725 0.313725 1
v 0.0306700235 -0.0294518057 -0.0693362094 0.313725 0.313725 1
v 0.0301252657 -0.0294151479 -0.0708897064 0.313725 0.313725 1
v 0.0295811536 -0.0293805907 -0.0724438068 0.313725 0.313725 1
v 0.0290539732 -0.0293683865 -0.0740041187 0.313725 0.313725 1
v 0.028512017 -0.0293516678 -0.0755591934 0.313725 0.313725 1
v 0.0279261539 -0.0293119398 -0.0770977909 0.705882 0.470588 0.156863
v 0.0273286081 -0.0292713577 -0.078631963 0.705882 0.470588 0.156863
v 0.0267400476 -0.0292498991 -0.0801700897 0.705882 0.470588 0.156863
v 0.0261365145 -0.0292116704 -0.0817020127 0.705882 0.470588 0.156863
v 0.0255273488 -0.029181161 -0.0832317952 0.705882 0.470588 0.156863
v 0.0249018326 -0.029142171 -0.084754863 0.705882 0.470588 0.156863
v 0.0242794579 -0.0291105368 -0.0862793257 0.705882 0.470588 0.156863
v 0.0236649664 -0.0290785596 -0.0878070397 0.705882 0.470588 0.156863
v 0.0230483084 -0.0290382831 -0.0893336166 0.705882 0.470588 0.156863
v 0.0224184988 -0.028991472 -0.0908546974 0.705882 0.470588 0.156863
v 0.0217670076 -0.0289572817 -0.0923670025 0.470588 0.470588 0.470588
v 0.0211154527 -0.0289170881 -0.0938791104 0.470588 0.470588 0.470588
v 0.0204728843 -0.0288815475 -0.0953951715 0.470588 0.470588 0.470588
v 0.0198234406 -0.0288377654 -0.0969080742 0.470588 0.470588 0.470588
v 0.0191732928 -0.0288158966 -0.0984211831 0.470588 0.470588 0.470588
v 0.0185209561 -0.0287893508 -0.0999332425 0.470588 0.470588 0.470588
v 0.0178595773 -0.0287590367 -0.101441196 0.470588 0.470588 0.470588
v 0.0171767097 -0.0287127367 -0.102939272 0.470588 0.470588 0.470588
v 0.0164873654 -0.0286642277 -0.104434304 1 0 0
v 0.0158007433 -0.0286307285 -0.105930994 1 0 0
v 0.0151034898 -0.028594479 -0.107422688 1 0 0
v 0.0144099751 -0.0285659099 -0.108916289 1 0 0
v 0.0137280473 -0.0285499201 -0.110415428 1 0 0
v 0.0130369634 -0.0285238893 -0.111910186 1 0 0
v 0.0123380097 -0.0284895407 -0.113401152 1 0 0
v 0.0116316576 -0.0284531804 -0.114888557 1 0 0
v 0.0109125098 -0.0284371057 -0.116370148 0 1 0
v 0.0101837929 -0.0284223899 -0.11784707 0 1 0
v 0.00943774306 -0.0283966772 -0.119315206 0 1 0
v 0.0086817112 -0.0283907616 -0.120778387 0 1 0
v 0.00792111684 -0.0283850331 -0.122239164 0 1 0
v 0.00714764283 -0.0283468565 -0.123692773 0 1 0
v 0.00639408781 -0.0283413112 -0.125157199 0 1 0
v 0.00563004579 -0.0283194981 -0.126615936 0 1 0
v 0.00485617486 -0.0282876119 -0.128069392 0 0.501961 1
v 0.00408622167 -0.0282723393 -0.129525166 0 0.501961 1
v 0.00331465554 -0.0282455403 -0.130979992 0 0.501961 1
v 0.00253372404 -0.028215914 -0.132429793 0 0.501961 1
v 0.00175482431 -0.0282079278 -0.133880718 0 0.501961 1
v 0.000980752624 -0.0282146659 -0.135334278 0 0.501961 1
v 0.000200947528 -0.0281985065 -0.136784818 0 0.501961 1
v -0.000590360559 -0.0281872436 -0.138229144 0 0.501961 1
v -0.00139625036 -0.0281825203 -0.13966542 1 0.784314 0
v -0.00220650631 -0.0281793833 -0.141099231 1 0.784314 0
v -0.00302267097 -0.0281724181 -0.142529722 1 0.784314 0
v -0.00384763792 -0.0281775841 -0.143955042 1 0.784314 0
v -0.00468097216 -0.0281795649 -0.145375647 1 0.784314 0
v -0.00552492518 -0.0281667936 -0.146789877 1 0.784314 0
v -0.00635804333 -0.0281580023 -0.148210515 1 0.784314 0
v -0.00717775886 -0.0281644656 -0.149639053 1 0.784314 0
v -0.00800913843 -0.0281795338 -0.151060737 0.705882 0 1
v -0.00884150585 -0.0281958197 -0.152481842 0.705882 0 1
v -0.00968745755 -0.028190593 -0.153894992 0.705882 0 1
v -0.0105395449 -0.0281869291 -0.155304378 0.705882 0 1
v -0.0113889294 -0.0281939181 -0.156715453 0.705882 0 1
v -0.0122422131 -0.0282038581 -0.158124102 0.705882 0 1
v -0.0131088431 -0.0282052385 -0.159524647 0.705882 0 1
v -0.013996499 -0.0282042879 -0.160912005 0.705882 0 1
v -0.0148814936 -0.0282128449 -0.162301007 0.705882 0 1
v -0.0157609186 -0.028225584 -0.163693487 0.705882 0 1
v -0.0166628239 -0.028219745 -0.1650716 0 0.862745 0.862745
v -0.017575491 -0.0282209289 -0.166442617 0 0.862745 0.862745
v -0.0184989567 -0.02822066 -0.167806362 0 0.862745 0.862745
v -0.0194266543 -0.0282210964 -0.169167268 0 0.862745 0.862745
v -0.0203535735 -0.0282293527 -0.170528659 0 0.862745 0.862745
v -0.0212680015 -0.028247198 -0.171898374 0 0.862745 0.862745
v -0.0221692959 -0.0282717504 -0.173276672 0 0.862745 0.862745
v -0.0230506698 -0.0283112133 -0.174667432 0 0.862745 0.862745
v -0.0239378436 -0.0283563518 -0.176054016 1 0.470588 0
v -0.024814701 -0.0284235582 -0.177446567 1 0.470588 0
v -0.0256939838 -0.0284931612 -0.178837488 1 0.470588 0
v -0.0265636078 -0.0285749498 -0.180233625 1 0.470588 0
v -0.0274293719 -0.0286655573 -0.181631794 1 0.470588 0
v -0.0283020663 -0.0287470091 -0.183026184 1 0.470588 0
v -0.0291688505 -0.0288313769 -0.184424042 1 0.470588 0
v -0.0300261668 -0.0289271584 -0.185827021 1 0.470588 0
v -0.030875199 -0.029040361 -0.1872336 0.470588 1 0
v -0.0317375495 -0.0291367486 -0.188633495 0.470588 1 0
v -0.0325878854 -0.0292502511 -0.190039421 0.470588 1 0
v 0.0439988444 -0.0316028225 -0.013589526 0 0.862745 0.862745
v 0.0436945565 -0.0316038864 -0.0152102601 0 0.862745 0.862745
v 0.0433482534 -0.031575679 -0.0168221112 0 0.862745 0.862745
v 0.0430214959 -0.0315685807 -0.0184380872 0 0.862745 0.862745
v 0.0426895011 -0.0315623398 -0.0200530644 0 0.862745 0.862745
v 0.0423498429 -0.0315562883 -0.0216666438 0 0.862745 0.862745
v 0.0419968818 -0.0315538192 -0.0232773155 0 0.862745 0.862745
v 0.0416055034 -0.0315318224 -0.0248790335 0 0.862745 0.862745
v 0.0412103173 -0.0315066008 -0.0264791269 1 0.470588 0
v 0.0408400429 -0.0314900334 -0.0280859441 1 0.470588 0
v 0.0404705291 -0.0314817818 -0.0296928522 1 0.470588 0
v 0.0400711203 -0.0314521222 -0.0312925286 1 0.470588 0
v 0.0396588198 -0.0314223529 -0.0328888839 1 0.470588 0
v 0.0392536174 -0.0313990296 -0.0344870513 1 0.470588 0
v 0.0388645156 -0.0313830437 -0.0360893022 1 0.470588 0
v 0.0384609896 -0.0313608781 -0.0376880664 1 0.470588 0
v 0.0380500549 -0.0313359494 -0.0392847599 0.470588 1 0
v 0.0376400161 -0.0313177525 -0.0408818178 0.470588 1 0
v 0.0372106522 -0.0312835856 -0.0424734144 0.470588 1 0
v 0.036792436 -0.0312623915 -0.0440681749 0.470588 1 0
v 0.0363703301 -0.0312360226 -0.0456619483 0.470588 1 0
v 0.0359525816 -0.0312201414 -0.0472571014 0.470588 1 0
v 0.0355206991 -0.0312004086 -0.0488484136 0.470588 1 0
v 0.0350599768 -0.0311561464 -0.0504309221 0.470588 1 0
v 0.0346010943 -0.0311185254 -0.0520142797 1 0 0.705882
v 0.0341496469 -0.0310988815 -0.0536001326 1 0 0.705882
v 0.0336563881 -0.0310626618 -0.0551731022 1 0 0.705882
v 0.0331882807 -0.0310359204 -0.0567540426 1 0 0.705882
v 0.0326969165 -0.0309801316 -0.0583270741 1 0 0.705882
v 0.032223945 -0.0309623997 -0.0599065734 1 0 0.705882
v 0.0317482245 -0.0309481135 -0.0614854397 1 0 0.705882
v 0.0312601357 -0.0309323053 -0.063060426 1 0 0.705882
v 0.0307482373 -0.0309030031 -0.0646276507 0.313725 0.313725 1
v 0.0302032439 -0.0308502668 -0.0661828768 0.313725 0.313725 1
v 0.0296666932 -0.0308262582 -0.0677418884 0.313725 0.313725 1
v 0.0291301322 -0.0308041746 -0.0693010481 0.313725 0.313725 1
v 0.0285711409 -0.0307466628 -0.070851319 0.313725 0.313725 1
v 0.0280213785 -0.0307070857 -0.0724053764 0.313725 0.313725 1
v 0.0274712519 -0.0306754055 -0.0739595668 0.313725 0.313725 1
v 0.0269097293 -0.0306403432 -0.0755095191 0.313725 0.313725 1
v 0.0263120454 -0.030591745 -0.0770455729 0.705882 0.470588 0.156863
v 0.0257247127 -0.0305743726 -0.0785863029 0.705882 0.470588 0.156863
v 0.0251311233 -0.030543904 -0.0801244898 0.705882 0.470588 0.156863
v 0.0245139605 -0.0304912621 -0.0816525641 0.705882 0.470588 0.156863
v 0.0238900229 -0.030446915 -0.0831780768 0.705882 0.470588 0.156863
v 0.0232537136 -0.0303921268 -0.0846983019 0.705882 0.470588 0.156863
v 0.0226342341 -0.0303727891 -0.0862264265 0.705882 0.470588 0.156863
v 0.0220038155 -0.0303229386 -0.0877494 0.705882 0.470588 0.156863
v 0.0213645603 -0.0302637658 -0.0892682735 0.705882 0.470588 0.156863
v 0.020711707 -0.0301924373 -0.090780909 0.705882 0.470588 0.156863
v 0.0200656649 -0.0301628463 -0.0922977208 0.470588 0.470588 0.470588
v 0.0194197516 -0.0301268402 -0.0938144421 0.470588 0.470588 0.470588
v 0.0187713249 -0.0300690492 -0.095329517 0.470588 0.470588 0.470588
v 0.0181209647 -0.030038786 -0.0968445003 0.470588 0.470588 0.470588
v 0.0174618866 -0.0300033575 -0.0983556648 0.470588 0.470588 0.470588
v 0.0168037969 -0.0299705494 -0.09986733 0.470588 0.470588 0.470588
v 0.0161292612 -0.0299207363 -0.101371277 0.470588 0.470588 0.470588
v 0.0154300468 -0.0298644828 -0.102863665 0.470588 0.470588 0.470588
v 0.0147334032 -0.0298131488 -0.104357419 1 0 0
v 0.0140399791 -0.0297835829 -0.1058533 1 0 0
v 0.0133453426 -0.0297549686 -0.107348629 1 0 0
v 0.0126478541 -0.0297227357 -0.108842542 1 0 0
v 0.0119520377 -0.0296849688 -0.110337107 1 0 0
v 0.0112619511 -0.029660065 -0.111834478 1 0 0
v 0.0105603379 -0.0296201909 -0.113326283 1 0 0
v 0.00984635157 -0.0295966342 -0.1148125 1 0 0
v 0.00912418898 -0.0295825256 -0.11629494 0 1 0
v 0.00839125483 -0.0295629724 -0.117771882 0 1 0
v 0.00763231093 -0.029528655 -0.11923527 0 1 0
v 0.00687466355 -0.0295303285 -0.120699912 0 1 0
v 0.00610968208 -0.0295125941 -0.122160566 0 1 0
v 0.00534816027 -0.0294978709 -0.123623051 0 1 0
v 0.00458225248 -0.0294754265 -0.125083115 0 1 0
v 0.00381801296 -0.0294574276 -0.126544034 0 1 0
v 0.00305116831 -0.0294477982 -0.128003695 0 0.501961 1
v 0.00227730284 -0.0294211068 -0.12945943 0 0.501961 1
v 0.00149906033 -0.0293844113 -0.130912805 0 0.501961 1
v 0.000711030131 -0.0293536209 -0.132361017 0 0.501961 1
v -7.36494774e-05 -0.02934563 -0.133811355 0 0.501961 1
v -0.000857810196 -0.0293322208 -0.135261924 0 0.501961 1
v -0.0016428898 -0.0293068812 -0.136711882 0 0.501961 1
v -0.00243875596 -0.0293161912 -0.138156105 0 0.501961 1
v -0.00324734549 -0.0293144055 -0.139593159 1 0.784314 0
v -0.0040673462 -0.0293001279 -0.141023754 1 0.784314 0
v -0.00488098744 -0.0293125496 -0.142457909 1 0.784314 0
v -0.00570575707 -0.0293248796 -0.143885773 1 0.784314 0
v -0.00654020664 -0.0293269842 -0.145307954 1 0.784314 0
v -0.0073839577 -0.0293129728 -0.146724599 1 0.784314 0
v -0.00820325339 -0.0293312381 -0.148155569 1 0.784314 0
v -0.00902753723 -0.0293448219 -0.149583712 1 0.784314 0
v -0.00985448472 -0.0293634679 -0.151010291 0.705882 0 1
v -0.0106894072 -0.0293694489 -0.152432309 0.705882 0 1
v -0.0115374664 -0.029369739 -0.153846544 0.705882 0 1
v -0.0123856163 -0.0293772909 -0.155260719 0.705882 0 1
v -0.0132305778 -0.029389306 -0.156676789 0.705882 0 1
v -0.0141047419 -0.0293916212 -0.158074956 0.705882 0 1
v -0.0149821437 -0.0294004231 -0.159471134 0.705882 0 1
v -0.0158729568 -0.0293874205 -0.160858799 0.705882 0 1
v -0.0167469155 -0.0294147494 -0.162256919 0.705882 0 1
v -0.0176324155 -0.029439016 -0.163647786 0.705882 0 1
v -0.0185367026 -0.0294448978 -0.165026769 0 0.862745 0.862745
v -0.0194437323 -0.0294543671 -0.16640393 0 0.862745 0.862745
v -0.0203614628 -0.0294662558 -0.16777392 0 0.862745 0.862745
v -0.0212843348 -0.0294862644 -0.1691404 0 0.862745 0.862745
v -0.0222001804 -0.0295094305 -0.170511552 0 0.862745 0.862745
v -0.0231012131 -0.029540205 -0.171892291 0 0.862745 0.862745
v -0.0239877116 -0.0295794332 -0.173282228 0 0.862745 0.862745
v -0.024854784 -0.0296440898 -0.174683017 0 0.862745 0.862745
v -0.0257213359 -0.0297242907 -0.176083625 1 0.470588 0
v -0.0265991644 -0.0298002621 -0.177477526 1 0.470588 0
v -0.0274474899 -0.0299092807 -0.178887143 1 0.470588 0
v -0.0282974739 -0.030018225 -0.180295953 1 0.470588 0
v -0.0291543534 -0.0301193561 -0.181700919 1 0.470588 0
v -0.0300066619 -0.0302201607 -0.183109027 1 0.470588 0
v -0.0308361856 -0.0303455348 -0.184528703 1 0.470588 0
v -0.0316600749 -0.0304837938 -0.185950223 1 0.470588 0
v -0.0324911944 -0.0306130434 -0.187368535 0.470588 1 0
v 0.0427229461 -0.033159916 -0.0135887065 0 0.862745 0.862745
v 0.0423786618 -0.0331307834 -0.0151997916 0 0.862745 0.862745
v 0.0420469127 -0.0331146015 -0.0168133689 0 0.862745 0.862745
v 0.0417054914 -0.0330946569 -0.0184249446 0 0.862745 0.862745
v 0.0413670055 -0.0330833202 -0.0200372946 0 0.862745 0.862745
v 0.0409932388 -0.0330458069 -0.021641667 0 0.862745 0.862745
v 0.0406488843 -0.0330545759 -0.0232529573 0 0.862745 0.862745
v 0.0402525786 -0.0330301336 -0.0248517053 0 0.862745 0.862745
v 0.0398637532 -0.0330083473 -0.0264518638 1 0.470588 0
v 0.0394740298 -0.0329716482 -0.0280519475 1 0.470588 0
v 0.0390851072 -0.0329499151 -0.0296529485 1 0.470588 0
v 0.0386588929 -0.0328974824 -0.031243755 1 0.470588 0
v 0.0382568493 -0.0328750103 -0.0328412085 1 0.470588 0
v 0.0378427191 -0.0328372481 -0.0344355601 1 0.470588 0
v 0.0374408559 -0.0328097024 -0.036033153 1 0.470588 0
v 0.0370242012 -0.0327708854 -0.0376267846 1 0.470588 0
v 0.0366138268 -0.0327446132 -0.0392223992 0.470588 1 0
v 0.036203631 -0.0327260371 -0.0408181493 0.470588 1 0
v 0.035754668 -0.0326761585 -0.0424026026 0.470588 1 0
v 0.0353125894 -0.0326303955 -0.043989203 0.470588 1 0
v 0.0348858589 -0.0325982609 -0.0455803829 0.470588 1 0
v 0.0344469702 -0.0325622756 -0.0471681578 0.470588 1 0
v 0.0339963971 -0.0325239 -0.0487525953 0.470588 1 0
v 0.0335316513 -0.032479677 -0.0503328273 0.470588 1 0
v 0.0330650976 -0.032434394 -0.0519125056 1 0 0.705882
v 0.0325810884 -0.0323864867 -0.0534868435 1 0 0.705882
v 0.0321207075 -0.032367732 -0.0550687541 1 0 0.705882
v 0.031639956 -0.0323222299 -0.0566441013 1 0 0.705882
v 0.0311488789 -0.032272384 -0.0582160183 1 0 0.705882
v 0.0306555988 -0.0322368473 -0.0597878007 1 0 0.705882
v 0.0301681714 -0.0322097187 -0.0613615339 1 0 0.705882
v 0.0296658125 -0.0321843624 -0.0629306325 1 0 0.705882
v 0.0291217548 -0.0321146283 -0.0644842447 0.313725 0.313725 1
v 0.0285746555 -0.0320577779 -0.0660373117 0.313725 0.313725 1
v 0.0280317022 -0.0320258084 -0.0675927126 0.313725 0.313725 1
v 0.0274822828 -0.0319862645 -0.0691456089 0.313725 0.313725 1
v 0.0269245774 -0.0319239154 -0.0706947864 0.313725 0.313725 1
v 0.026365991 -0.0318757561 -0.0722441485 0.313725 0.313725 1
v 0.0258112746 -0.0318405528 -0.0737951583 0.313725 0.313725 1
v 0.0252431647 -0.0318058675 -0.0753411965 0.313725 0.313725 1
v 0.0246440482 -0.0317540143 -0.0768752926 0.705882 0.470588 0.156863
v 0.0240330232 -0.0317020964 -0.0784046886 0.705882 0.470588 0.156863
v 0.02343341 -0.03166413 -0.0799389948 0.705882 0.470588 0.156863
v 0.0227999808 -0.0315969001 -0.0814585933 0.705882 0.470588 0.156863
v 0.022171211 -0.0315509058 -0.0829807697 0.705882 0.470588 0.156863
v 0.021542313 -0.0315063034 -0.0845029784 0.705882 0.470588 0.156863
v 0.0209075203 -0.0314551631 -0.0860226686 0.705882 0.470588 0.156863
v 0.0202750511 -0.0314046259 -0.0875433697 0.705882 0.470588 0.156863
v 0.0196282954 -0.0313359833 -0.0890571921 0.705882 0.470588 0.156863
v 0.018969496 -0.0312599613 -0.0905654034 0.705882 0.470588 0.156863
v 0.0183294759 -0.0312439184 -0.0920837039 0.470588 0.470588 0.470588
v 0.0176877309 -0.0311967373 -0.0936004767 0.470588 0.470588 0.470588
v 0.017039041 -0.0311399186 -0.0951139702 0.470588 0.470588 0.470588
v 0.0163759239 -0.0310957242 -0.0966216774 0.470588 0.470588 0.470588
v 0.015717626 -0.0310690226 -0.0981318728 0.470588 0.470588 0.470588
v 0.0150420138 -0.0310121693 -0.0996336835 0.470588 0.470588 0.470588
v 0.0143534406 -0.0309574983 -0.101129663 0.470588 0.470588 0.470588
v 0.0136627686 -0.0309056493 -0.102624784 0.470588 0.470588 0.470588
v 0.0129744902 -0.0308586289 -0.104121173 1 0 0
v 0.0122813077 -0.03082553 -0.105615652 1 0 0
v 0.0115807782 -0.0307867124 -0.107106565 1 0 0
v 0.0108738245 -0.0307399889 -0.108594232 1 0 0
v 0.0101787426 -0.03070389 -0.110087724 1 0 0
v 0.00948192178 -0.0306650993 -0.111580382 1 0 0
v 0.00878088058 -0.0306328996 -0.113071225 1 0 0
v 0.00806699753 -0.0306074758 -0.114556056 1 0 0
v 0.00734608124 -0.0305919222 -0.116037662 0 1 0
v 0.00659313021 -0.0305605567 -0.117502973 0 1 0
v 0.00584177874 -0.0305517038 -0.118969347 0 1 0
v 0.00507511725 -0.0305364745 -0.120427715 0 1 0
v 0.00430580372 -0.0305235604 -0.121884665 0 1 0
v 0.00354436422 -0.0304996977 -0.123345662 0 1 0
v 0.00278120254 -0.0304825577 -0.124805921 0 1 0
v 0.00201468478 -0.0304638853 -0.126264331 0 1 0
v 0.00124012553 -0.0304314576 -0.127718335 0 0.501961 1
v 0.000472620975 -0.0304089993 -0.12917622 0 0.501961 1
v -0.000308224062 -0.0303859805 -0.130626996 0 0.501961 1
v -0.00109495053 -0.0303688517 -0.132074671 0 0.501961 1
v -0.00188619503 -0.0303422224 -0.133519667 0 0.501961 1
v -0.00266507229 -0.0303316361 -0.134971441 0 0.501961 1
v -0.00345304149 -0.0303163737 -0.136418403 0 0.501961 1
v -0.00425650605 -0.030311112 -0.137856894 0 0.501961 1
v -0.00506813477 -0.0303102123 -0.139290817 1 0.784314 0
v -0.00588330029 -0.0303136599 -0.140722623 1 0.784314 0
v -0.00670212157 -0.0303235212 -0.142152401 1 0.784314 0
v -0.00752015458 -0.0303542436 -0.1435824 1 0.784314 0
v -0.00835353419 -0.0303507219 -0.145003855 1 0.784314 0
v -0.0091791515 -0.0303582014 -0.14642976 1 0.784314 0
v -0.0100089624 -0.0303619838 -0.14785322 1 0.784314 0
v -0.0108358694 -0.0303790363 -0.149278319 1 0.784314 0
v -0.0116578522 -0.0304097009 -0.150706088 0.705882 0 1
v -0.0124973681 -0.0304058823 -0.152123897 0.705882 0 1
v -0.0133389618 -0.0304121085 -0.15354039 0.705882 0 1
v -0.0141927423 -0.0304168658 -0.154949658 0.705882 0 1
v -0.0150474434 -0.0304310554 -0.156358262 0.705882 0 1
v -0.0159196393 -0.0304357977 -0.15775625 0.705882 0 1
v -0.0167871906 -0.0304615852 -0.159156863 0.705882 0 1
v -0.0176602229 -0.0304858484 -0.160554078 0.705882 0 1
v -0.0185456285 -0.0305088693 -0.161943543 0.705882 0 1
v -0.0194383586 -0.0305215882 -0.16332845 0.705882 0 1
v -0.0203340606 -0.0305321134 -0.164711464 0 0.862745 0.862745
v -0.0212360001 -0.030569308 -0.16608987 0 0.862745 0.862745
v -0.022149413 -0.0305994821 -0.167460731 0 0.862745 0.862745
v -0.0230681735 -0.0306144846 -0.168828294 0 0.862745 0.862745
v -0.0239612864 -0.0306670863 -0.170211939 0 0.862745 0.862745
v -0.0248433649 -0.0307184664 -0.171602761 0 0.862745 0.862745
v -0.0257161834 -0.0307771948 -0.17299892 1 0.470588 0
v -0.0265687938 -0.0308693865 -0.174405851 1 0.470588 0
v -0.0274412275 -0.0309474868 -0.17580147 1 0.470588 0
v -0.0282950463 -0.0310540029 -0.177206159 1 0.470588 0
v -0.029127206 -0.0311865929 -0.178622047 1 0.470588 0
v -0.0299588387 -0.0313218634 -0.180037728 1 0.470588 0
v -0.0307872156 -0.0314544233 -0.181455769 1 0.470588 0
v -0.0316003614 -0.031602525 -0.182881028 1 0.470588 0
v -0.0323979719 -0.0317676969 -0.184313226 0.470588 1 0
v 0.0413161573 -0.0346073908 -0.0135879552 0.313725 0.313725 1
v 0.0409437055 -0.0345473264 -0.0151878217 0.313725 0.313725 1
v 0.0406071103 -0.0345291063 -0.0167964678 0.313725 0.313725 1
v 0.0402568805 -0.0344985788 -0.0184019827 0.313725 0.313725 1
v 0.039896062 -0.034462821 -0.0200050101 0.313725 0.313725 1
v 0.0395268639 -0.0344268696 -0.0216060055 0.313725 0.313725 1
v 0.0391616392 -0.0344204771 -0.0232086149 0.313725 0.313725 1
v 0.0387579027 -0.0343844494 -0.0248013348 0.313725 0.313725 1
v 0.0383540411 -0.0343435522 -0.0263939547 0.705882 0.470588 0.156863
v 0.0379664997 -0.0343103597 -0.0279908594 0.705882 0.470588 0.156863
v 0.0375546505 -0.0342652864 -0.0295814807 0.705882 0.470588 0.156863
v 0.0371362081 -0.0342186393 -0.0311703438 0.705882 0.470588 0.156863
v 0.0367217897 -0.0341791735 -0.0327604103 0.705882 0.470588 0.156863
v 0.0363034317 -0.0341340419 -0.0343493333 0.705882 0.470588 0.156863
v 0.0358821986 -0.0340890253 -0.0359376199 0.705882 0.470588 0.156863
v 0.0354602034 -0.0340472338 -0.0375257013 0.705882 0.470588 0.156863
v 0.0350430477 -0.0340195701 -0.0391154605 0.470588 0.470588 0.470588
v 0.0346103199 -0.0339738386 -0.0407006013 0.470588 0.470588 0.470588
v 0.0341682972 -0.0339187775 -0.0422828561 0.470588 0.470588 0.470588
v 0.033718494 -0.033858197 -0.0438627693 0.470588 0.470588 0.470588
v 0.0332778709 -0.0338137582 -0.0454457358 0.470588 0.470588 0.470588
v 0.0328240449 -0.0337577352 -0.047024574 0.470588 0.470588 0.470588
v 0.0323713023 -0.0337122869 -0.0486040048 0.470588 0.470588 0.470588
v 0.0318974876 -0.0336530137 -0.0501769173 0.470588 0.470588 0.470588
v 0.0314241324 -0.033600105 -0.0517500992 1 0 0
v 0.0309415022 -0.0335485666 -0.0533205083 1 0 0
v 0.0304671629 -0.0335149762 -0.0548940326 1 0 0
v 0.0299882219 -0.0334828818 -0.0564661979 1 0 0
v 0.0294947853 -0.0334291928 -0.0580332203 1 0 0
v 0.028998532 -0.0333752905 -0.0595993979 1 0 0
v 0.0284922522 -0.0333182639 -0.0611621301 1 0 0
v 0.027979451 -0.03327615 -0.0627228285 1 0 0
v 0.0274254687 -0.0331964674 -0.064268413 0 1 0
v 0.0268703862 -0.0331273761 -0.065814121 0 1 0
v 0.0263178248 -0.0330786172 -0.0673614585 0 1 0
v 0.0257636334 -0.0330263284 -0.068908027 0 1 0
v 0.0252075147 -0.032965602 -0.0704535689 0 1 0
v 0.0246389576 -0.032897824 -0.0719943969 0 1 0
v 0.0240737624 -0.0328504872 -0.0735372536 0 1 0
v 0.0234993408 -0.0328113133 -0.0750766635 0 1 0
v 0.0228977417 -0.0327563979 -0.0766054229 0 0.501961 1
v 0.0222841022 -0.0326942167 -0.0781291312 0 0.501961 1
v 0.0216798797 -0.0326501414 -0.0796572032 0 0.501961 1
v 0.0210374635 -0.0325658452 -0.0811679045 0 0.501961 1
v 0.0204108249 -0.0325231743 -0.0826868712 0 0.501961 1
v 0.0197812348 -0.0324762054 -0.0842044982 0 0.501961 1
v 0.0191413651 -0.0324116746 -0.0857172247 0 0.501961 1
v 0.0185038649 -0.0323482399 -0.0872309339 0 0.501961 1
v 0.0178623931 -0.0322955125 -0.08874345 0 0.501961 1
v 0.0172083374 -0.0322342113 -0.0902501202 0 0.501961 1
v 0.0165484466 -0.0321735465 -0.0917543785 1 0.784314 0
v 0.0159159434 -0.0321414656 -0.0932712928 1 0.784314 0
v 0.015259147 -0.032080153 -0.0947768755 1 0.784314 0
v 0.0145977795 -0.0320250518 -0.0962807034 1 0.784314 0
v 0.013936301 -0.03198186 -0.0977848977 1 0.784314 0
v 0.0132594294 -0.0319247803 -0.099281796 1 0.784314 0
v 0.0125745333 -0.0318701723 -0.100775099 1 0.784314 0
v 0.0118790125 -0.0318192195 -0.102263646 1 0.784314 0
v 0.0111893773 -0.031786733 -0.103755399 0.705882 0 1
v 0.0104929072 -0.0317464145 -0.1052438 0.705882 0 1
v 0.00978993707 -0.0316940689 -0.106728758 0.705882 0 1
v 0.00909487913 -0.0316505504 -0.108217742 0.705882 0 1
v 0.00840205712 -0.0316120568 -0.109707862 0.705882 0 1
v 0.00770025207 -0.0315709805 -0.111193685 0.705882 0 1
v 0.00699422115 -0.0315321594 -0.112677591 0.705882 0 1
v 0.00626877751 -0.0315073534 -0.114152459 0.705882 0 1
v 0.00553489984 -0.0314784062 -0.115623029 0 0.862745 0.862745
v 0.00479104498 -0.0314480028 -0.117088515 0 0.862745 0.862745
v 0.00403174375 -0.031422193 -0.118546207 0 0.862745 0.862745
v 0.00327080099 -0.0314250971 -0.120003283 0 0.862745 0.862745
v 0.00250773256 -0.0314013362 -0.121458935 0 0.862745 0.862745
v 0.00174510144 -0.0313743547 -0.122914813 0 0.862745 0.862745
v 0.000979440072 -0.0313495658 -0.124369091 0 0.862745 0.862745
v 0.000213811384 -0.0313173044 -0.125823329 0 0.862745 0.862745
v -0.000560007901 -0.0312948855 -0.127273389 1 0.470588 0
v -0.0013299628 -0.0312818673 -0.128725624 1 0.470588 0
v -0.00210478213 -0.0312675723 -0.130175274 1 0.470588 0
v -0.00288734761 -0.0312551051 -0.131620741 1 0.470588 0
v -0.00368080075 -0.031211356 -0.133059711 1 0.470588 0
v -0.00445486388 -0.0312112391 -0.134509662 1 0.470588 0
v -0.00523752877 -0.03121777 -0.135955098 1 0.470588 0
v -0.00604292303 -0.0312086106 -0.137388032 1 0.470588 0
v -0.0068556557 -0.031205749 -0.13881683 0.470588 1 0
v -0.00767372442 -0.0312022367 -0.140242564 0.470588 1 0
v -0.00849373947 -0.0312185592 -0.141667082 0.470588 1 0
v -0.00931258305 -0.0312393944 -0.143092215 0.470588 1 0
v -0.0101339291 -0.0312505746 -0.144516009 0.470588 1 0
v -0.0109617205 -0.0312467602 -0.145936132 0.470588 1 0
v -0.0117869787 -0.0312593526 -0.147357694 0.470588 1 0
v -0.0126133125 -0.0312776778 -0.148778529 0.470588 1 0
v -0.0134441473 -0.0312906686 -0.150196776 1 0 0.705882
v -0.0142820773 -0.0312972252 -0.15161088 1 0 0.705882
v -0.0151226602 -0.0313024832 -0.153023506 1 0 0.705882
v -0.0159652245 -0.0313258922 -0.154434683 1 0 0.705882
v -0.016821869 -0.0313415634 -0.155837278 1 0 0.705882
v -0.0176866068 -0.031356588 -0.157235106 1 0 0.705882
v -0.0185446108 -0.0314128293 -0.1586361 1 0 0.705882
v -0.0194230948 -0.031431481 -0.160025353 1 0 0.705882
v -0.0203042891 -0.0314471784 -0.161412925 0.313725 0.313725 1
v -0.0211880559 -0.0314659681 -0.162798799 0.313725 0.313725 1
v -0.0220831099 -0.03149378 -0.164177261 0.313725 0.313725 1
v -0.0229832436 -0.0315403494 -0.165551913 0.313725 0.313725 1
v -0.023895331 -0.0315665749 -0.166919175 0.313725 0.313725 1
v -0.0247895656 -0.0316250459 -0.168296842 0.313725 0.313725 1
v -0.0256689737 -0.0316926261 -0.169683976 0.705882 0.470588 0.156863
v -0.0265293925 -0.0317771601 -0.171081991 0.705882 0.470588 0.156863
v -0.0273891483 -0.0318547138 -0.172480721 0.705882 0.470588 0.156863
v -0.0282585619 -0.0319180945 -0.173874298 0.705882 0.470588 0.156863
v -0.0291064857 -0.0320369817 -0.175277441 0.705882 0.470588 0.156863
v -0.0299351628 -0.0321787749 -0.17668961 0.705882 0.470588 0.156863
v -0.0307552334 -0.0323296679 -0.178106082 0.705882 0.470588 0.156863
v -0.0315730542 -0.0324811616 -0.179523945 0.705882 0.470588 0.156863
v -0.0323640928 -0.0326642017 -0.180953191 0.470588 0.470588 0.470588
v 0.0397388889 -0.0358704941 -0.0135873152 0.313725 0.313725 1
v 0.039381052 -0.0358302826 -0.0151855704 0.313725 0.313725 1
v 0.0390332881 -0.0357980499 -0.0167862287 0.313725 0.313725 1
v 0.0386691213 -0.0357477922 -0.0183825986 0.313725 0.313725 1
v 0.0382998789 -0.0357023351 -0.0199779462 0.313725 0.313725 1
v 0.0379352295 -0.0356778271 -0.0215747808 0.313725 0.313725 1
v 0.0375315211 -0.0356165641 -0.0231613623 0.313725 0.313725 1
v 0.0371363275 -0.0355914093 -0.0247509502 0.313725 0.313725 1
v 0.0367280002 -0.0355394082 -0.0263364834 0.705882 0.470588 0.156863
v 0.0363297031 -0.0354909554 -0.0279247488 0.705882 0.470588 0.156863
v 0.0359150208 -0.0354406653 -0.0295088683 0.705882 0.470588 0.156863
v 0.035500091 -0.0353989059 -0.0310931723 0.705882 0.470588 0.156863
v 0.0350758184 -0.0353513543 -0.0326748427 0.705882 0.470588 0.156863
v 0.0346511236 -0.0352911269 -0.0342557116 0.705882 0.470588 0.156863
v 0.0342323015 -0.0352456823 -0.0358388843 0.705882 0.470588 0.156863
v 0.0338008614 -0.0351821671 -0.0374180198 0.705882 0.470588 0.156863
v 0.033363377 -0.0351241666 -0.0389957471 0.470588 0.470588 0.470588
v 0.0329205376 -0.0350606019 -0.0405717386 0.470588 0.470588 0.470588
v 0.0324743861 -0.0350011394 -0.0421470175 0.470588 0.470588 0.470588
v 0.0320243862 -0.0349364452 -0.0437209519 0.470588 0.470588 0.470588
v 0.0315712919 -0.0348724202 -0.0452940402 0.470588 0.470588 0.470588
v 0.0311159733 -0.0348174091 -0.0468667491 0.470588 0.470588 0.470588
v 0.0306470397 -0.0347583412 -0.0484354078 0.470588 0.470588 0.470588
v 0.0301748609 -0.0346945474 -0.0500028228 0.470588 0.470588 0.470588
v 0.0296977972 -0.0346245751 -0.0515685829 1 0 0
v 0.0292046746 -0.0345688384 -0.053129907 1 0 0
v 0.028722117 -0.0345257235 -0.054694852 1 0 0
v 0.0282409755 -0.0344853304 -0.0562603735 1 0 0
v 0.0277478327 -0.0344226432 -0.0578214483 1 0 0
v 0.0272428122 -0.0343502762 -0.0593783058 1 0 0
v 0.0267257039 -0.0342758126 -0.0609310631 1 0 0
v 0.0261933198 -0.0342019584 -0.0624786726 1 0 0
v 0.0256449552 -0.0341299282 -0.0640206903 0 1 0
v 0.0250941981 -0.0340647127 -0.0655622277 0 1 0
v 0.0245270878 -0.0339892621 -0.0670973286 0 1 0
v 0.0239705275 -0.0339246822 -0.0686367419 0 1 0
v 0.0234136131 -0.0338611299 -0.0701760982 0 1 0
v 0.0228460963 -0.0337931058 -0.0717114737 0 1 0
v 0.0222724269 -0.0337259713 -0.0732445999 0 1 0
v 0.0216908505 -0.0336725273 -0.0747752249 0 1 0
v 0.0210872661 -0.0336206454 -0.0762973432 0 0.501961 1
v 0.020479647 -0.033568488 -0.0778179119 0 0.501961 1
v 0.0198581487 -0.0334997434 -0.0793322085 0 0.501961 1
v 0.0192308746 -0.0334343781 -0.080844248 0 0.501961 1
v 0.018595674 -0.0333674881 -0.0823529008 0 0.501961 1
v 0.0179634508 -0.0333194667 -0.0838635031 0 0.501961 1
v 0.0173271771 -0.0332561528 -0.0853717534 0 0.501961 1
v 0.0166868421 -0.03317802 -0.0868776692 0 0.501961 1
v 0.0160496416 -0.0331335368 -0.08838634 0 0.501961 1
v 0.0153882487 -0.033061724 -0.0898834047 0 0.501961 1
v 0.0147356044 -0.0330017639 -0.0913847526 1 0.784314 0
v 0.0140926387 -0.0329524938 -0.0928907749 1 0.784314 0
v 0.0134373536 -0.0328909724 -0.0943910118 1 0.784314 0
v 0.0127748254 -0.0328376434 -0.0958883718 1 0.784314 0
v 0.0121088982 -0.032785644 -0.0973841357 1 0.784314 0
v 0.0114386821 -0.0327441714 -0.0988782438 1 0.784314 0
v 0.0107475036 -0.0326755223 -0.100361993 1 0.784314 0
v 0.0100581575 -0.032626104 -0.101847404 1 0.784314 0
v 0.00937124303 -0.0325912323 -0.103334306 0.705882 0 1
v 0.0086736343 -0.0325383028 -0.104815682 0.705882 0 1
v 0.00797379894 -0.0324889095 -0.106296144 0.705882 0 1
v 0.00727786376 -0.0324466497 -0.107778677 0.705882 0 1
v 0.00658625661 -0.032402163 -0.109263114 0.705882 0 1
v 0.00588378699 -0.0323572551 -0.110742454 0.705882 0 1
v 0.00516841338 -0.0323188625 -0.112215797 0.705882 0 1
v 0.0044441343 -0.0322854533 -0.113684908 0.705882 0 1
v 0.0037131109 -0.032249316 -0.115150607 0 0.862745 0.862745
v 0.00295799355 -0.0322109736 -0.116603994 0 0.862745 0.862745
v 0.0021981514 -0.0321890475 -0.118055185 0 0.862745 0.862745
v 0.0014357746 -0.0321727148 -0.119505165 0 0.862745 0.862745
v 0.000677131907 -0.0321378333 -0.120956748 0 0.862745 0.862745
v -8.17892492e-05 -0.032118687 -0.122408529 0 0.862745 0.862745
v -0.000845689611 -0.0320872303 -0.12385748 0 0.862745 0.862745
v -0.00161456081 -0.0320621567 -0.125303958 0 0.862745 0.862745
v -0.00238332177 -0.0320450271 -0.126750599 1 0.470588 0
v -0.00314793187 -0.0320330553 -0.128199467 1 0.470588 0
v -0.00391955545 -0.0320215773 -0.129644601 1 0.470588 0
v -0.00470122803 -0.0320088697 -0.13108429 1 0.470588 0
v -0.00548739979 -0.0319751122 -0.132521216 1 0.470588 0
v -0.00626590972 -0.0319759228 -0.133962734 1 0.470588 0
v -0.00705340289 -0.0319768587 -0.135399336 1 0.470588 0
v -0.00785323704 -0.03197104 -0.136829093 1 0.470588 0
v -0.00866279262 -0.031959997 -0.138253378 0.470588 1 0
v -0.00947735512 -0.0319694629 -0.139674756 0.470588 1 0
v -0.010299529 -0.0319781119 -0.141091793 0.470588 1 0
v -0.0111216302 -0.0319940843 -0.142508807 0.470588 1 0
v -0.0119395338 -0.0320049155 -0.143928301 0.470588 1 0
v -0.0127559815 -0.0320152969 -0.145348652 0.470588 1 0
v -0.0135800489 -0.0320171971 -0.146764476 0.470588 1 0
v -0.0143998162 -0.0320473727 -0.148182521 0.470588 1 0
v -0.0152319661 -0.0320448129 -0.149593763 1 0 0.705882
v -0.0160678512 -0.0320627362 -0.151002676 1 0 0.705882
v -0.016906782 -0.0320847823 -0.152409707 1 0 0.705882
v -0.0177505406 -0.0320960447 -0.153813992 1 0 0.705882
v -0.0186003265 -0.0321216292 -0.155214436 1 0 0.705882
v -0.0194593038 -0.032152792 -0.156609165 1 0 0.705882
v -0.020321517 -0.032188763 -0.158001782 1 0 0.705882
v -0.0211942721 -0.0322195783 -0.159387907 1 0 0.705882
v -0.0220732834 -0.0322477661 -0.160770158 0.313725 0.313725 1
v -0.0229545905 -0.0322802861 -0.162150854 0.313725 0.313725 1
v -0.0238426659 -0.0323170501 -0.163527095 0.313725 0.313725 1
v -0.0247377145 -0.0323657706 -0.16489833 0.313725 0.313725 1
v -0.0256338094 -0.0324214559 -0.166268596 0.313725 0.313725 1
v -0.0265220341 -0.0324883719 -0.167643612 0.313725 0.313725 1
v -0.0273871919 -0.0325752398 -0.169032103 0.705882 0.470588 0.156863
v -0.0282389907 -0.0326709034 -0.170428265 0.705882 0.470588 0.156863
v -0.0290924789 -0.0327555442 -0.171823952 0.705882 0.470588 0.156863
v -0.0299445379 -0.0328502184 -0.173219779 0.705882 0.470588 0.156863
v -0.0307778417 -0.0329934496 -0.174623039 0.705882 0.470588 0.156863
v -0.0315874268 -0.0331638164 -0.176036825 0.705882 0.470588 0.156863
v -0.0323911564 -0.0333367516 -0.177453667 0.470588 0.470588 0.470588
v 0.0380435735 -0.0369819033 -0.0135866813 0.313725 0.313725 1
v 0.0376900152 -0.0369369525 -0.0151801447 0.313725 0.313725 1
v 0.0373355237 -0.0368972646 -0.0167735664 0.313725 0.313725 1
v 0.0369712198 -0.03685024 -0.0183643567 0.313725 0.313725 1
v 0.0365942669 -0.036797211 -0.019952222 0.313725 0.313725 1
v 0.0362021629 -0.0367350722 -0.0215358481 0.313725 0.313725 1
v 0.0358035739 -0.0366816883 -0.0231181197 0.313725 0.313725 1
v 0.0354025484 -0.0366381685 -0.0247003052 0.313725 0.313725 1
v 0.034995332 -0.0365867877 -0.0262805807 0.705882 0.470588 0.156863
v 0.0345730975 -0.036509469 -0.0278560313 0.705882 0.470588 0.156863
v 0.034168298 -0.0364737092 -0.0294374254 0.705882 0.470588 0.156863
v 0.0337544329 -0.0364395366 -0.0310166128 0.705882 0.470588 0.156863
v 0.0333192278 -0.0363631005 -0.0325884975 0.705882 0.470588 0.156863
v 0.0328852505 -0.0362879347 -0.0341608079 0.705882 0.470588 0.156863
v 0.0324550063 -0.0362291405 -0.0357348654 0.705882 0.470588 0.156863
v 0.0320180165 -0.0361613906 -0.0373066579 0.705882 0.470588 0.156863
v 0.0315724287 -0.0360821604 -0.0388755558 0.470588 0.470588 0.470588
v 0.0311298372 -0.0360153411 -0.0404458513 0.470588 0.470588 0.470588
v 0.0306761066 -0.0359394089 -0.0420124979 0.470588 0.470588 0.470588
v 0.0302276667 -0.035870458 -0.043580898 0.470588 0.470588 0.470588
v 0.0297706627 -0.0357848935 -0.0451460947 0.470588 0.470588 0.470588
v 0.0293194429 -0.0357313475 -0.0467144818 0.470588 0.470588 0.470588
v 0.0288332691 -0.0356409472 -0.048270585 0.470588 0.470588 0.470588
v 0.0283590453 -0.0355794143 -0.0498315574 0.470588 0.470588 0.470588
v 0.0278807142 -0.0355221462 -0.0513915805 1 0 0
v 0.0273850535 -0.0354494111 -0.0529456306 1 0 0
v 0.0269079388 -0.0354018346 -0.0545065236 1 0 0
v 0.026422125 -0.0353457808 -0.0560644157 1 0 0
v 0.0259199036 -0.0352697214 -0.0576162374 1 0 0
v 0.0254091419 -0.0351856276 -0.0591648841 1 0 0
v 0.024888627 -0.035107128 -0.0607105514 1 0 0
v 0.0243411854 -0.0350126679 -0.0622460192 1 0 0
v 0.0237882874 -0.0349275075 -0.0637799917 0 1 0
v 0.0232308896 -0.0348481501 -0.0653127066 0 1 0
v 0.0226663257 -0.034771595 -0.0668428803 0 1 0
v 0.0221095673 -0.0347053905 -0.0683764192 0 1 0
v 0.0215503498 -0.0346366089 -0.06990897 0 1 0
v 0.0209831353 -0.0345628929 -0.071438383 0 1 0
v 0.0204105727 -0.034493708 -0.0729660036 0 1 0
v 0.0198242074 -0.0344330253 -0.0744887207 0 1 0
v 0.0192186389 -0.0343790014 -0.0760041651 0 0.501961 1
v 0.0186067016 -0.0343155047 -0.0775166965 0 0.501961 1
v 0.0179874978 -0.0342513288 -0.0790261904 0 0.501961 1
v 0.0173566942 -0.0341919844 -0.0805311092 0 0.501961 1
v 0.0167235534 -0.0341084707 -0.0820338846 0 0.501961 1
v 0.0160857536 -0.0340481567 -0.0835358163 0 0.501961 1
v 0.0154552186 -0.0339877635 -0.085040798 0 0.501961 1
v 0.0148174314 -0.0339166013 -0.0865422493 0 0.501961 1
v 0.0141720743 -0.0338516908 -0.0880407529 1 0.784314 0
v 0.0135094235 -0.0337709102 -0.0895309268 1 0.784314 0
v 0.0128597675 -0.0337125984 -0.0910278372 1 0.784314 0
v 0.0122139016 -0.0336589695 -0.0925265291 1 0.784314 0
v 0.0115622685 -0.0336009911 -0.0940225162 1 0.784314 0
v 0.0108920659 -0.0335224863 -0.0955094493 1 0.784314 0
v 0.010227464 -0.0334754287 -0.0970001819 1 0.784314 0
v 0.00955158033 -0.0334162196 -0.0984853852 1 0.784314 0
v 0.00886522413 -0.0333554639 -0.0999657665 0.705882 0 1
v 0.00818242986 -0.0333171669 -0.101448494 0.705882 0 1
v 0.00749747172 -0.0332810234 -0.102930252 0.705882 0 1
v 0.00679850045 -0.0332218499 -0.104404783 0.705882 0 1
v 0.00609657158 -0.033174846 -0.105878274 0.705882 0 1
v 0.00539991005 -0.0331278992 -0.107354196 0.705882 0 1
v 0.00470641811 -0.0330778617 -0.108831581 0.705882 0 1
v 0.00400659306 -0.0330230657 -0.110305856 0.705882 0 1
v 0.0032966657 -0.0329766726 -0.111775565 0 0.862745 0.862745
v 0.00257035989 -0.0329440565 -0.11323766 0 0.862745 0.862745
v 0.00182751211 -0.0329032707 -0.11469113 0 0.862745 0.862745
v 0.0010728573 -0.0328616327 -0.116138535 0 0.862745 0.862745
v 0.000308099355 -0.0328288306 -0.117580876 0 0.862745 0.862745
v -0.000447440997 -0.0328124123 -0.119028316 0 0.862745 0.862745
v -0.001206195 -0.0327848664 -0.120473885 0 0.862745 0.862745
v -0.0019685396 -0.0327463008 -0.12191737 0 0.862745 0.862745
v -0.00272504253 -0.0327307232 -0.123364316 1 0.470588 0
v -0.00349211429 -0.0327042868 -0.124805546 1 0.470588 0
v -0.00425475809 -0.0326866615 -0.126249238 1 0.470588 0
v -0.00501997902 -0.0326742893 -0.12769166 1 0.470588 0
v -0.0057932336 -0.032653064 -0.129129645 1 0.470588 0
v -0.00657685393 -0.0326414859 -0.130562164 1 0.470588 0
v -0.00735146787 -0.0326313965 -0.131999577 1 0.470588 0
v -0.00813089904 -0.0326236083 -0.133434383 1 0.470588 0
v -0.00892115895 -0.0326135224 -0.134863247 0.470588 1 0
v -0.00972269843 -0.0326102069 -0.136285838 0.470588 1 0
v -0.0105287725 -0.0326112474 -0.137705876 0.470588 1 0
v -0.0113396919 -0.0326145159 -0.139123155 0.470588 1 0
v -0.0121599953 -0.0326360663 -0.140534858 0.470588 1 0
v -0.0129799199 -0.0326507244 -0.141946857 0.470588 1 0
v -0.0137977166 -0.0326558885 -0.143360181 0.470588 1 0
v -0.0146132045 -0.0326657439 -0.14477478 0.470588 1 0
v -0.0154338234 -0.032678399 -0.146186372 1 0 0.705882
v -0.0162560016 -0.0326999719 -0.147596997 1 0 0.705882
v -0.0170819374 -0.0327106387 -0.149005543 1 0 0.705882
v -0.0179113428 -0.0327260655 -0.150411982 1 0 0.705882
v -0.018751059 -0.0327405669 -0.151812329 1 0 0.705882
v -0.0195920497 -0.0327694837 -0.153211659 1 0 0.705882
v -0.0204393753 -0.0327966388 -0.154607196 1 0 0.705882
v -0.0212941213 -0.0328381117 -0.155997863 1 0 0.705882
v -0.0221603264 -0.0328719887 -0.157381627 0.313725 0.313725 1
v -0.0230312002 -0.0328993869 -0.158762566 0.313725 0.313725 1
v -0.0239003637 -0.0329283074 -0.160144581 0.313725 0.313725 1
v -0.024785379 -0.0329630605 -0.161516333 0.313725 0.313725 1
v -0.0256734696 -0.0330084393 -0.162885704 0.313725 0.313725 1
v -0.0265615622 -0.0330765899 -0.164254262 0.313725 0.313725 1
v -0.0274458089 -0.0331505414 -0.165624993 0.313725 0.313725 1
v -0.0283190275 -0.0332325802 -0.167002246 0.313725 0.313725 1
v -0.0291820162 -0.0333159678 -0.168385938 0.705882 0.470588 0.156863
v -0.0300269494 -0.033415011 -0.169779601 0.705882 0.470588 0.156863
v -0.0308661528 -0.0335314609 -0.171175188 0.705882 0.470588 0.156863
v -0.0316940437 -0.033679802 -0.172574479 0.705882 0.470588 0.156863
v -0.0325113392 -0.0338511836 -0.17397746 0.470588 0.470588 0.470588
v 0.0362477329 -0.0379274187 -0.0135861634 0.313725 0.313725 1
v 0.0358879271 -0.0378855932 -0.0152071011 0.313725 0.313725 1
v 0.0355211687 -0.0378434098 -0.0168265666 0.313725 0.313725 1
v 0.0351503103 -0.0377952351 -0.0184448896 0.313725 0.313725 1
v 0.0347547466 -0.0377200559 -0.020056546 0.313725 0.313725 1
v 0.0343477634 -0.0376527009 -0.0216655924 0.313725 0.313725 1
v 0.0339389755 -0.0376121275 -0.0232751543 0.705882 0.470588 0.156863
v 0.0335183197 -0.0375379603 -0.024880426 0.705882 0.470588 0.156863
v 0.0330991146 -0.0374734405 -0.0264864268 0.705882 0.470588 0.156863
v 0.0326684373 -0.0373903625 -0.0280885939 0.705882 0.470588 0.156863
v 0.0322471828 -0.0373466659 -0.0296949166 0.705882 0.470588 0.156863
v 0.0318111978 -0.0372794216 -0.0312964229 0.705882 0.470588 0.156863
v 0.0313675151 -0.0371983644 -0.0328952258 0.705882 0.470588 0.156863
v 0.0309252009 -0.0371215242 -0.0344946069 0.705882 0.470588 0.156863
v 0.0304716852 -0.0370287249 -0.0360900106 0.470588 0.470588 0.470588
v 0.0300219561 -0.0369537033 -0.0376873152 0.470588 0.470588 0.470588
v 0.0295672059 -0.0368772342 -0.0392831925 0.470588 0.470588 0.470588
v 0.0291104428 -0.0368052584 -0.0408786827 0.470588 0.470588 0.470588
v 0.0286403974 -0.0367088775 -0.0424691068 0.470588 0.470588 0.470588
v 0.0281843633 -0.0366417159 -0.0440650647 0.470588 0.470588 0.470588
v 0.0277156142 -0.0365576235 -0.0456564806 0.470588 0.470588 0.470588
v 0.0272362032 -0.0364736684 -0.0472446853 0.470588 0.470588 0.470588
v 0.0267446632 -0.036387841 -0.0488290435 1 0 0
v 0.0262630016 -0.0363337994 -0.050417915 1 0 0
v 0.0257524942 -0.0362430924 -0.0519960668 1 0 0
v 0.0252693992 -0.0361851434 -0.0535843409 1 0 0
v 0.0247585716 -0.0361046778 -0.0551630307 1 0 0
v 0.0242482028 -0.036022547 -0.0567417242 1 0 0
v 0.0237327287 -0.0359354981 -0.0583185513 1 0 0
v 0.0231980737 -0.035842125 -0.0598885732 1 0 0
v 0.0226479607 -0.0357480434 -0.0614532018 0 1 0
v 0.0220854606 -0.0356534202 -0.0630134329 0 1 0
v 0.0215068518 -0.0355522745 -0.0645673412 0 1 0
v 0.0209340016 -0.0354780194 -0.0661247906 0 1 0
v 0.0203605817 -0.0353978728 -0.0676817814 0 1 0
v 0.0197883946 -0.0353161257 -0.0692391435 0 1 0
v 0.0192159439 -0.0352475752 -0.0707971118 0 1 0
v 0.0186294088 -0.0351663099 -0.0723491502 0 1 0
v 0.0180289064 -0.0351029365 -0.0738966516 0 0.501961 1
v 0.0174110538 -0.0350411255 -0.0754374578 0 0.501961 1
v 0.0167834455 -0.0349657199 -0.0769736492 0 0.501961 1
v 0.0161578587 -0.0349012478 -0.0785112335 0 0.501961 1
v 0.0155149719 -0.0348242668 -0.0800410524 0 0.501961 1
v 0.0148682547 -0.0347534722 -0.0815695544 0 0.501961 1
v 0.0142170546 -0.0346802746 -0.0830960366 0 0.501961 1
v 0.0135693655 -0.034606798 -0.0846240285 0 0.501961 1
v 0.0129253968 -0.0345355885 -0.0861537013 1 0.784314 0
v 0.012257617 -0.0344549133 -0.0876726325 1 0.784314 0
v 0.0115896918 -0.0343831838 -0.0891919473 1 0.784314 0
v 0.01092535 -0.0343139315 -0.0907129501 1 0.784314 0
v 0.0102702265 -0.03425416 -0.0922383609 1 0.784314 0
v 0.00959395285 -0.0341841305 -0.0937540308 1 0.784314 0
v 0.00891282392 -0.0341088361 -0.095267272 1 0.784314 0
v 0.00822988341 -0.0340366908 -0.0967799011 1 0.784314 0
v 0.00753691265 -0.0339833216 -0.0982887476 0.705882 0 1
v 0.00683766221 -0.033924138 -0.0997944721 0.705882 0 1
v 0.00614144546 -0.0338779052 -0.101301997 0.705882 0 1
v 0.0054352864 -0.0338324589 -0.102804949 0.705882 0 1
v 0.0047227948 -0.0337811992 -0.104304742 0.705882 0 1
v 0.00401050742 -0.0337275771 -0.105804506 0.705882 0 1
v 0.00330845455 -0.0336894636 -0.107309607 0.705882 0 1
v 0.00259533354 -0.0336197142 -0.108808362 0.705882 0 1
v 0.00187713427 -0.0335645077 -0.110305232 0 0.862745 0.862745
v 0.00114204655 -0.0335330956 -0.111794641 0 0.862745 0.862745
v 0.000395465511 -0.0334915855 -0.113278048 0 0.862745 0.862745
v -0.000361487833 -0.0334471075 -0.114756066 0 0.862745 0.862745
v -0.00114113788 -0.0334052594 -0.116222378 0 0.862745 0.862745
v -0.00191687804 -0.0333772996 -0.117691074 0 0.862745 0.862745
v -0.0026868937 -0.0333534795 -0.119162867 0 0.862745 0.862745
v -0.00346165277 -0.0333163494 -0.120631898 0 0.862745 0.862745
v -0.00423325836 -0.033294996 -0.122102876 1 0.470588 0
v -0.00500768322 -0.0332732191 -0.123572359 1 0.470588 0
v -0.00578735404 -0.0332442278 -0.125038929 1 0.470588 0
v -0.00656551619 -0.0332289829 -0.126506534 1 0.470588 0
v -0.00735435706 -0.0332181194 -0.127968472 1 0.470588 0
v -0.00814415432 -0.033206637 -0.129429876 1 0.470588 0
v -0.00893183196 -0.033196644 -0.130892458 1 0.470588 0
v -0.00972862298 -0.0331831878 -0.132350052 1 0.470588 0
v -0.0105310821 -0.0331749258 -0.133804558 0.470588 1 0
v -0.0113445217 -0.0331619714 -0.1352529 0.470588 1 0
v -0.0121657658 -0.0331720095 -0.136696839 0.470588 1 0
v -0.0129911698 -0.0331813059 -0.138138436 0.470588 1 0
v -0.0138212 -0.0332003064 -0.139577314 0.470588 1 0
v -0.0146552054 -0.0332096521 -0.141013976 0.470588 1 0
v -0.0154880503 -0.0332223406 -0.142451274 0.470588 1 0
v -0.0163195262 -0.0332265468 -0.143889426 0.470588 1 0
v -0.0171534806 -0.0332433369 -0.145326061 1 0 0.705882
v -0.0179936808 -0.0332509977 -0.14675912 1 0 0.705882
v -0.0188361046 -0.033257296 -0.148190859 1 0 0.705882
v -0.0196815288 -0.0332745637 -0.149620768 1 0 0.705882
v -0.0205320369 -0.0333014107 -0.151047489 1 0 0.705882
v -0.0213890392 -0.0333319076 -0.152470258 1 0 0.705882
v -0.0222533222 -0.0333629216 -0.153888596 1 0 0.705882
v -0.0231252145 -0.0334073674 -0.15530191 1 0 0.705882
v -0.0240060759 -0.0334425807 -0.156709882 0.313725 0.313725 1
v -0.0248896141 -0.0334762487 -0.15811621 0.313725 0.313725 1
v -0.0257739276 -0.0335195385 -0.159521771 0.313725 0.313725 1
v -0.0266776144 -0.0335503603 -0.16091535 0.313725 0.313725 1
v -0.0275789913 -0.0336212328 -0.162308858 0.313725 0.313725 1
v -0.0284790185 -0.0337002812 -0.163702886 0.313725 0.313725 1
v -0.0293762144 -0.0337822416 -0.165098589 0.313725 0.313725 1
v -0.030253915 -0.0338772024 -0.166505816 0.313725 0.313725 1
v -0.0311215135 -0.0339804357 -0.167918659 0.705882 0.470588 0.156863
v -0.0319811192 -0.0340759973 -0.16933675 0.705882 0.470588 0.156863
v -0.0328155324 -0.0342530732 -0.170762261 0.470588 0.470588 0.470588
v 0.0343924196 -0.0387688279 -0.0135857337 0.313725 0.313725 1
v 0.0340270804 -0.0387066678 -0.0152057053 0.313725 0.313725 1
v 0.0336489921 -0.0386453993 -0.0168226992 0.313725 0.313725 1
v 0.0332686786 -0.0385846343 -0.0184392396 0.313725 0.313725 1
v 0.0328737273 -0.0385140928 -0.0200518728 0.313725 0.313725 1
v 0.0324666318 -0.0384529501 -0.0216618484 0.313725 0.313725 1
v 0.0320397235 -0.0383927399 -0.02326672 0.705882 0.470588 0.156863
v 0.031618533 -0.038308729 -0.0248719756 0.705882 0.470588 0.156863
v 0.0311965459 -0.0382353159 -0.0264775442 0.705882 0.470588 0.156863
v 0.0307707574 -0.0381686534 -0.0280824419 0.705882 0.470588 0.156863
v 0.0303307705 -0.038077354 -0.0296823841 0.705882 0.470588 0.156863
v 0.0298910569 -0.0380081242 -0.0312834463 0.705882 0.470588 0.156863
v 0.0294450213 -0.0379209734 -0.0328818805 0.705882 0.470588 0.156863
v 0.0289985602 -0.0378357005 -0.0344802988 0.705882 0.470588 0.156863
v 0.0285429139 -0.0377309683 -0.0360750266 0.470588 0.470588 0.470588
v 0.0280897587 -0.037655387 -0.0376720397 0.470588 0.470588 0.470588
v 0.0276298809 -0.0375735511 -0.0392668345 0.470588 0.470588 0.470588
v 0.0271668647 -0.0374890822 -0.0408605762 0.470588 0.470588 0.470588
v 0.0266967726 -0.0373899281 -0.0424514385 0.470588 0.470588 0.470588
v 0.0262350586 -0.0373158831 -0.0440461412 0.470588 0.470588 0.470588
v 0.0257599022 -0.0372190063 -0.0456356144 0.470588 0.470588 0.470588
v 0.0252786117 -0.0371387747 -0.047224118 0.470588 0.470588 0.470588
v 0.0247887949 -0.0370557606 -0.0488098391 1 0 0
v 0.0242899535 -0.0369692483 -0.0503925378 1 0 0
v 0.0237833144 -0.0368825268 -0.0519727801 1 0 0
v 0.0232838757 -0.0367985723 -0.0535555366 1 0 0
v 0.0227729768 -0.0366989369 -0.0551337616 1 0 0
v 0.0222587376 -0.0366168059 -0.0567118259 1 0 0
v 0.0217348458 -0.0365252546 -0.0582862681 1 0 0
v 0.0211943421 -0.0364258995 -0.0598545721 1 0 0
v 0.0206382982 -0.0363275133 -0.0614175209 0 1 0
v 0.0200705091 -0.0362368883 -0.0629767311 0 1 0
v 0.0194885552 -0.0361242898 -0.0645292192 0 1 0
v 0.0189145754 -0.0360482158 -0.0660869416 0 1 0
v 0.0183390803 -0.0359577239 -0.0676433073 0 1 0
v 0.0177646864 -0.0358745905 -0.0692004746 0 1 0
v 0.0171885507 -0.0358024446 -0.0707575723 0 1 0
v 0.0165947919 -0.035711435 -0.0723070307 0 1 0
v 0.0159821404 -0.0356436524 -0.0738503006 0 0.501961 1
v 0.0153599476 -0.0355729431 -0.0753896495 0 0.501961 1
v 0.014731333 -0.035494904 -0.0769259754 0 0.501961 1
v 0.0140954211 -0.0354129937 -0.0784590977 0 0.501961 1
v 0.0134489019 -0.0353447157 -0.0799884339 0 0.501961 1
v 0.0127989162 -0.0352722334 -0.0815161434 0 0.501961 1
v 0.0121477616 -0.0351913237 -0.0830429618 0 0.501961 1
v 0.0114993766 -0.0351147283 -0.084571186 0 0.501961 1
v 0.0108420988 -0.0350429642 -0.0860958169 1 0.784314 0
v 0.0101767476 -0.0349632377 -0.0876165487 1 0.784314 0
v 0.00950665011 -0.0348822874 -0.0891351481 1 0.784314 0
v 0.00884982398 -0.034805591 -0.0906597525 1 0.784314 0
v 0.00817967631 -0.0347339623 -0.0921787673 1 0.784314 0
v 0.00750267358 -0.0346656516 -0.0936949057 1 0.784314 0
v 0.00682085125 -0.0345864248 -0.0952083721 1 0.784314 0
v 0.00613291844 -0.0345211572 -0.0967197211 1 0.784314 0
v 0.00543503687 -0.034461341 -0.0982267316 0.705882 0 1
v 0.00473246385 -0.0344022668 -0.0997316022 0.705882 0 1
v 0.00402947508 -0.0343562018 -0.101236732 0.705882 0 1
v 0.00332038184 -0.0343032058 -0.102738748 0.705882 0 1
v 0.00260913159 -0.034251065 -0.104239795 0.705882 0 1
v 0.00190264877 -0.0342057708 -0.105743294 0.705882 0 1
v 0.00119331206 -0.0341496292 -0.107244996 0.705882 0 1
v 0.000478125542 -0.0340792874 -0.108743402 0.705882 0 1
v -0.000251676535 -0.0340442545 -0.110235947 0 0.862745 0.862745
v -0.000992044167 -0.0340025781 -0.111723124 0 0.862745 0.862745
v -0.00174605602 -0.0339528802 -0.113203177 0 0.862745 0.862745
v -0.00251697962 -0.0339064132 -0.114674633 0 0.862745 0.862745
v -0.00329677417 -0.0338748439 -0.116141823 0 0.862745 0.862745
v -0.00406683536 -0.0338485832 -0.117614249 0 0.862745 0.862745
v -0.00483920882 -0.0338167642 -0.119085321 0 0.862745 0.862745
v -0.00561390685 -0.0337848187 -0.120555172 0 0.862745 0.862745
v -0.00639039754 -0.0337508232 -0.122024028 1 0.470588 0
v -0.00716765188 -0.0337371207 -0.123492838 1 0.470588 0
v -0.00794515955 -0.0337081948 -0.124961284 1 0.470588 0
v -0.00872981283 -0.0336912471 -0.126426061 1 0.470588 0
v -0.00952206484 -0.0336764255 -0.127886766 1 0.470588 0
v -0.0103118045 -0.0336790308 -0.129348971 1 0.470588 0
v -0.0111043447 -0.0336653335 -0.130809589 1 0.470588 0
v -0.0119005105 -0.0336535831 -0.132268226 1 0.470588 0
v -0.0127112088 -0.0336379563 -0.133718833 0.470588 1 0
v -0.0135277399 -0.0336343479 -0.135166207 0.470588 1 0
v -0.0143550687 -0.0336362269 -0.136607434 0.470588 1 0
v -0.0151872707 -0.0336572706 -0.138045744 0.470588 1 0
v -0.0160180454 -0.0336697694 -0.139484958 0.470588 1 0
v -0.0168479747 -0.0336815994 -0.140924672 0.470588 1 0
v -0.0176815909 -0.0336888885 -0.142362298 0.470588 1 0
v -0.0185173735 -0.033702255 -0.143798611 0.470588 1 0
v -0.0193545882 -0.0337130639 -0.145234099 1 0 0.705882
v -0.0201933685 -0.0337302547 -0.146668618 1 0 0.705882
v -0.0210378236 -0.0337432993 -0.148099864 1 0 0.705882
v -0.0218869026 -0.0337681586 -0.149528197 1 0 0.705882
v -0.0227419115 -0.0337984082 -0.150952885 1 0 0.705882
v -0.0236039646 -0.0338295444 -0.152373319 1 0 0.705882
v -0.0244708515 -0.0338710894 -0.153790511 1 0 0.705882
v -0.0253485109 -0.0339176833 -0.155200893 1 0 0.705882
v -0.0262334037 -0.0339494284 -0.156607148 0.313725 0.313725 1
v -0.0271132564 -0.0340009555 -0.158015991 0.313725 0.313725 1
v -0.0280108725 -0.0340447544 -0.15941381 0.313725 0.313725 1
v -0.028913239 -0.0341020943 -0.160808034 0.313725 0.313725 1
v -0.0298183827 -0.03416584 -0.162200197 0.313725 0.313725 1
v -0.0307150449 -0.0342535054 -0.163596609 0.313725 0.313725 1
v -0.0315976657 -0.0343523866 -0.16500117 0.313725 0.313725 1
v -0.0324663789 -0.0344581122 -0.166413854 0.313725 0.313725 1
v -0.0333223643 -0.0345796165 -0.167833102 0.705882 0.470588 0.156863
v 0.0324811796 -0.0394912015 -0.013585402 0.313725 0.313725 1
v 0.0321115767 -0.039406963 -0.015173059 0.313725 0.313725 1
v 0.0317401971 -0.0393378951 -0.016760909 0.313725 0.313725 1
v 0.031360772 -0.0392624307 -0.0183466412 0.313725 0.313725 1
v 0.0309691048 -0.0391935277 -0.019929692 0.313725 0.313725 1
v 0.030568299 -0.0391353084 -0.0215108846 0.313725 0.313725 1
v 0.03014017 -0.0390511079 -0.0230837741 0.705882 0.470588 0.156863
v 0.0297284667 -0.0389778433 -0.0246615131 0.705882 0.470588 0.156863
v 0.0293097289 -0.0388925665 -0.0262367941 0.705882 0.470588 0.156863
v 0.0288859996 -0.0388127555 -0.0278110362 0.705882 0.470588 0.156863
v 0.0284520391 -0.038715523 -0.0293815524 0.705882 0.470588 0.156863
v 0.0280158974 -0.038633731 -0.030952358 0.705882 0.470588 0.156863
v 0.0275777063 -0.0385461161 -0.0325222614 0.705882 0.470588 0.156863
v 0.0271374571 -0.0384499312 -0.0340911128 0.705882 0.470588 0.156863
v 0.0266889525 -0.0383490125 -0.0356573123 0.470588 0.470588 0.470588
v 0.0262408448 -0.0382701411 -0.0372248769 0.470588 0.470588 0.470588
v 0.0257856357 -0.0381809279 -0.0387898102 0.470588 0.470588 0.470588
v 0.0253257291 -0.0380841333 -0.0403529294 0.470588 0.470588 0.470588
v 0.0248667465 -0.0379926529 -0.0419166085 0.470588 0.470588 0.470588
v 0.024407901 -0.0379080788 -0.0434807465 0.470588 0.470588 0.470588
v 0.0239427099 -0.0378179661 -0.0450426457 0.470588 0.470588 0.470588
v 0.0234680197 -0.0377236233 -0.0466014866 0.470588 0.470588 0.470588
v 0.0229862961 -0.0376341774 -0.0481584317 1 0 0
v 0.0224941239 -0.0375328458 -0.049711403 1 0 0
v 0.0219911313 -0.0374478975 -0.0512618727 1 0 0
v 0.0214950383 -0.0373505601 -0.0528138675 1 0 0
v 0.0209951807 -0.0372524412 -0.0543645637 1 0 0
v 0.0204893322 -0.0371562818 -0.0559134546 1 0 0
v 0.0199806021 -0.0370683218 -0.0574619272 1 0 0
v 0.0194525375 -0.0369689653 -0.0590032138 1 0 0
v 0.0189028142 -0.0368761098 -0.0605373229 0 1 0
v 0.0183451429 -0.0367780232 -0.0620682105 0 1 0
v 0.0177785941 -0.0366706579 -0.0635952537 0 1 0
v 0.0172119187 -0.0365863359 -0.065123671 0 1 0
v 0.0166473552 -0.0365027423 -0.0666528487 0 1 0
v 0.0160811686 -0.03640837 -0.0681808658 0 1 0
v 0.0155124121 -0.036312155 -0.0697078268 0 1 0
v 0.0149317403 -0.0362335485 -0.0712312871 0 1 0
v 0.0143324033 -0.0361498727 -0.0727471658 0 0.501961 1
v 0.0137215118 -0.0360679583 -0.0742586038 0 0.501961 1
v 0.0131058929 -0.0359896859 -0.0757682851 0 0.501961 1
v 0.0124841289 -0.0359089541 -0.0772753514 0 0.501961 1
v 0.0118501203 -0.0358410857 -0.078777929 0 0.501961 1
v 0.0112111135 -0.0357595061 -0.0802776712 0 0.501961 1
v 0.0105724864 -0.0356728126 -0.0817773185 0 0.501961 1
v 0.00993778976 -0.0355931748 -0.0832790324 0 0.501961 1
v 0.00929284537 -0.0355189001 -0.0847766445 1 0.784314 0
v 0.00864019762 -0.0354463495 -0.0862709888 1 0.784314 0
v 0.00797799023 -0.035365686 -0.0877607338 1 0.784314 0
v 0.00732984293 -0.0352836486 -0.0892565556 1 0.784314 0
v 0.00667780449 -0.0352065773 -0.0907509339 1 0.784314 0
v 0.00601590989 -0.0351315661 -0.0922410955 1 0.784314 0
v 0.00534903289 -0.0350566491 -0.0937290445 1 0.784314 0
v 0.00467682871 -0.0349836994 -0.0952146927 1 0.784314 0
v 0.00399500856 -0.0349189321 -0.0966963063 0.705882 0 1
v 0.00330707462 -0.0348619034 -0.0981754353 0.705882 0 1
v 0.00261797605 -0.0348088281 -0.0996541583 0.705882 0 1
v 0.0019243297 -0.0347584588 -0.101130855 0.705882 0 1
v 0.00122675186 -0.0347050142 -0.102605573 0.705882 0 1
v 0.00052892331 -0.0346479664 -0.104080072 0.705882 0 1
v -0.000168730902 -0.0345904047 -0.105554632 0.705882 0 1
v -0.000868049094 -0.0345331148 -0.107028415 0.705882 0 1
v -0.00157298709 -0.0344803717 -0.108499688 0 0.862745 0.862745
v -0.00229457256 -0.0344314799 -0.109962964 0 0.862745 0.862745
v -0.00302670118 -0.0343852834 -0.111421102 0 0.862745 0.862745
v -0.00377844684 -0.0343385361 -0.112869223 0 0.862745 0.862745
v -0.00453847321 -0.034301603 -0.11431329 0 0.862745 0.862745
v -0.00530431321 -0.0342699179 -0.115754409 0 0.862745 0.862745
v -0.0060641101 -0.0342384642 -0.117198711 0 0.862745 0.862745
v -0.00682039292 -0.0342116717 -0.118644961 0 0.862745 0.862745
v -0.00758384213 -0.0341721594 -0.12008715 1 0.470588 0
v -0.00834815904 -0.0341450977 -0.121529124 1 0.470588 0
v -0.00911201023 -0.0341245869 -0.122971476 1 0.470588 0
v -0.00987265011 -0.0340991626 -0.124415463 1 0.470588 0
v -0.0106479188 -0.0340792059 -0.125851733 1 0.470588 0
v -0.0114254013 -0.034072416 -0.127286877 1 0.470588 0
v -0.0122013074 -0.0340647277 -0.128722902 1 0.470588 0
v -0.0129808451 -0.0340463599 -0.130156885 1 0.470588 0
v -0.0137692448 -0.0340291917 -0.131586001 0.470588 1 0
v -0.0145642017 -0.034027521 -0.133011594 0.470588 1 0
v -0.015369443 -0.0340234473 -0.134431389 0.470588 1 0
v -0.0161818036 -0.0340202908 -0.135847149 0.470588 1 0
v -0.0170011034 -0.0340316999 -0.13725885 0.470588 1 0
v -0.0178210765 -0.0340524371 -0.138670065 0.470588 1 0
v -0.018635115 -0.0340636097 -0.140084829 0.470588 1 0
v -0.0194483268 -0.0340777749 -0.141500042 0.470588 1 0
v -0.020268639 -0.0340875561 -0.142911178 1 0 0.705882
v -0.0210917552 -0.0341082662 -0.144320581 1 0 0.705882
v -0.0219169244 -0.0341291115 -0.145728756 1 0 0.705882
v -0.0227447012 -0.0341515703 -0.147135386 1 0 0.705882
v -0.0235751236 -0.0341745806 -0.14854046 1 0 0.705882
v -0.0244158528 -0.0342081934 -0.149939163 1 0 0.705882
v -0.0252617431 -0.03424431 -0.151334697 1 0 0.705882
v -0.0261113327 -0.034282507 -0.152727925 1 0 0.705882
v -0.026976857 -0.0343244152 -0.154111198 1 0 0.705882
v -0.0278439522 -0.0343679184 -0.155493427 1 0 0.705882
v -0.0287108734 -0.0344092547 -0.156875824 0.313725 0.313725 1
v -0.0295879081 -0.0344644495 -0.158251304 0.313725 0.313725 1
v -0.0304731509 -0.0345201072 -0.159621516 0.313725 0.313725 1
v -0.031362897 -0.0345788105 -0.160988694 0.313725 0.313725 1
v -0.0322451083 -0.0346623324 -0.162359458 0.313725 0.313725 1
v -0.033116461 -0.0347500971 -0.163736882 0.313725 0.313725 1
v -0.0339720607 -0.0348555515 -0.165122953 0.705882 0.470588 0.156863
v 0.0305308517 -0.0400999733 -0.0135851674 0 1 0
v 0.0301570189 -0.0400067207 -0.0151758594 0 1 0
v 0.0297810502 -0.0399216433 -0.0167665029 0 1 0
v 0.0293946133 -0.0398425367 -0.0183549221 0 1 0
v 0.0289974577 -0.0397697419 -0.0199410162 0 1 0
v 0.0285866312 -0.0396903272 -0.0215232924 0 1 0
v 0.0281539163 -0.0395941503 -0.0230987753 0 0.501961 1
v 0.0277398354 -0.0395156585 -0.0246802665 0 0.501961 1
v 0.0273165024 -0.0394250988 -0.0262586317 0 0.501961 1
v 0.0268861913 -0.0393320369 -0.0278349726 0 0.501961 1
v 0.0264495967 -0.0392397417 -0.0294096459 0 0.501961 1
v 0.0260052616 -0.0391414598 -0.0309817862 0 0.501961 1
v 0.0255632884 -0.0390469392 -0.0325548619 0 0.501961 1
v 0.0251189167 -0.038948299 -0.0341270038 0 0.501961 1
v 0.0246719111 -0.0388515735 -0.035698516 1 0.784314 0
v 0.0242225702 -0.0387622112 -0.0372698048 1 0.784314 0
v 0.0237601576 -0.0386590439 -0.0388364024 1 0.784314 0
v 0.0232958499 -0.03855955 -0.0404026768 1 0.784314 0
v 0.0228344078 -0.0384658424 -0.0419701648 1 0.784314 0
v 0.0223692858 -0.0383614868 -0.0435359187 1 0.784314 0
v 0.0218982087 -0.0382712457 -0.0451007352 1 0.784314 0
v 0.0214166286 -0.0381743308 -0.0466619585 1 0.784314 0
v 0.0209302241 -0.038074601 -0.0482214958 0.705882 0 1
v 0.0204334521 -0.0379739377 -0.0497776925 0.705882 0 1
v 0.0199278135 -0.0378796162 -0.0513314592 0.705882 0 1
v 0.0194259937 -0.0377694846 -0.0528854391 0.705882 0 1
v 0.0189215855 -0.0376696728 -0.0544392482 0.705882 0 1
v 0.0184130861 -0.0375696334 -0.0559917044 0.705882 0 1
v 0.0178954611 -0.0374723019 -0.0575413153 0.705882 0 1
v 0.0173588154 -0.0373758361 -0.0590844987 0.705882 0 1
v 0.0167995036 -0.0372691971 -0.0606189694 0 0.862745 0.862745
v 0.0162369754 -0.0371811057 -0.0621534275 0 0.862745 0.862745
v 0.0156699171 -0.0370843721 -0.0636856873 0 0.862745 0.862745
v 0.0151019065 -0.03698439 -0.0652174175 0 0.862745 0.862745
v 0.0145355419 -0.0368966286 -0.0667504841 0 0.862745 0.862745
v 0.0139604787 -0.0367876747 -0.0682789561 0 0.862745 0.862745
v 0.013380702 -0.0366909 -0.0698064337 0 0.862745 0.862745
v 0.0127927152 -0.0366028886 -0.0713312826 0 0.862745 0.862745
v 0.0121839059 -0.0365186524 -0.0728482193 1 0.470588 0
v 0.0115671001 -0.0364311608 -0.0743617284 1 0.470588 0
v 0.0109455748 -0.0363495231 -0.0758736171 1 0.470588 0
v 0.0103086174 -0.0362676181 -0.0773790703 1 0.470588 0
v 0.00966981237 -0.0361883978 -0.0788838722 1 0.470588 0
v 0.00903221635 -0.0361041251 -0.0803889063 1 0.470588 0
v 0.00839216736 -0.0360141552 -0.0818925844 1 0.470588 0
v 0.00775417688 -0.0359322384 -0.0833975894 1 0.470588 0
v 0.00710363475 -0.0358538154 -0.0848973672 0.470588 1 0
v 0.00643966207 -0.0357770045 -0.08639137 0.470588 1 0
v 0.00578315345 -0.0356925849 -0.0878882661 0.470588 1 0
v 0.00512947152 -0.0356120015 -0.0893866063 0.470588 1 0
v 0.00447003698 -0.0355299572 -0.0908823272 0.470588 1 0
v 0.00380004657 -0.0354608417 -0.0923740295 0.470588 1 0
v 0.00312769459 -0.0353830087 -0.0938642196 0.470588 1 0
v 0.00244754445 -0.0353128832 -0.0953512251 0.470588 1 0
v 0.00176057314 -0.0352513011 -0.0968354815 1 0 0.705882
v 0.00107035996 -0.0351875795 -0.098318152 1 0 0.705882
v 0.000374026791 -0.0351255318 -0.0997980305 1 0 0.705882
v -0.000328378305 -0.0350667243 -0.101275178 1 0 0.705882
v -0.00103274773 -0.0350078129 -0.10275139 1 0 0.705882
v -0.00172868173 -0.0349473382 -0.104231538 1 0 0.705882
v -0.00242842237 -0.0348861515 -0.105709852 1 0 0.705882
v -0.00313188196 -0.0348305682 -0.107186632 1 0 0.705882
v -0.00385528844 -0.0347795779 -0.108653912 0.313725 0.313725 1
v -0.0045864345 -0.0347320604 -0.110117459 0.313725 0.313725 1
v -0.00532825113 -0.0346876537 -0.1115757 0.313725 0.313725 1
v -0.00608650082 -0.0346471542 -0.113025615 0.313725 0.313725 1
v -0.00685498228 -0.0346150963 -0.11447034 0.313725 0.313725 1
v -0.00761925111 -0.0345799505 -0.115917213 0.313725 0.313725 1
v -0.00837799242 -0.0345444495 -0.117367002 0.313725 0.313725 1
v -0.00914221189 -0.0345137889 -0.118813998 0.313725 0.313725 1
v -0.00990852758 -0.0344808573 -0.120259823 0.705882 0.470588 0.156863
v -0.0106773775 -0.034445386 -0.121704271 0.705882 0.470588 0.156863
v -0.0114403583 -0.0344341907 -0.123152212 0.705882 0.470588 0.156863
v -0.0122124212 -0.0344140539 -0.124595241 0.705882 0.470588 0.156863
v -0.0129912013 -0.0343974257 -0.126034698 0.705882 0.470588 0.156863
v -0.0137727908 -0.0343886784 -0.12747271 0.705882 0.470588 0.156863
v -0.0145500561 -0.0343720835 -0.128912995 0.705882 0.470588 0.156863
v -0.0153386836 -0.0343549467 -0.130347072 0.705882 0.470588 0.156863
v -0.0161353454 -0.0343527156 -0.131776804 0.470588 0.470588 0.470588
v -0.0169405444 -0.0343471359 -0.133201729 0.470588 0.470588 0.470588
v -0.0177534334 -0.0343440511 -0.13462229 0.470588 0.470588 0.470588
v -0.0185749627 -0.0343481884 -0.136037856 0.470588 0.470588 0.470588
v -0.0193954723 -0.0343704214 -0.137453865 0.470588 0.470588 0.470588
v -0.0202146727 -0.0343814373 -0.138870774 0.470588 0.470588 0.470588
v -0.0210325883 -0.034394643 -0.140288399 0.470588 0.470588 0.470588
v -0.0218504613 -0.0344088589 -0.141706019 0.470588 0.470588 0.470588
v -0.0226731095 -0.0344288743 -0.143120802 1 0 0
v -0.0235012925 -0.0344554812 -0.144532264 1 0 0
v -0.0243310522 -0.0344870739 -0.145942682 1 0 0
v -0.0251640679 -0.0345195014 -0.147351148 1 0 0
v -0.0260017442 -0.0345522101 -0.148756871 1 0 0
v -0.0268494941 -0.0345903236 -0.150156407 1 0 0
v -0.0277045001 -0.0346318864 -0.151551414 1 0 0
v -0.0285674102 -0.0346718104 -0.152941584 1 0 0
v -0.0294355501 -0.0347141129 -0.154328424 1 0 0
v -0.0303069517 -0.0347579758 -0.155713159 1 0 0
v -0.031185976 -0.0348102975 -0.157092743 0 1 0
v -0.0320721177 -0.0348693215 -0.158467535 0 1 0
v -0.0329644244 -0.0349248315 -0.159838461 0 1 0
v -0.0338505214 -0.0350011403 -0.161212447 0 1 0
v -0.0347234503 -0.0350943982 -0.162593791 0 0.501961 1
v 0.0285489904 -0.0405924711 -0.0135849764 0 1 0
v 0.0281717515 -0.0404984763 -0.0151813734 0 1 0
v 0.0277894602 -0.0404099647 -0.0167768694 0 1 0
v 0.0273974424 -0.0403229092 -0.0183700837 0 1 0
v 0.0269910434 -0.0402333561 -0.0199595215 0 1 0
v 0.0265684559 -0.0401317078 -0.0215439493 0 1 0
v 0.0261389517 -0.0400380244 -0.0231270575 0 0.501961 1
v 0.0257200354 -0.0399527951 -0.0247135288 0 0.501961 1
v 0.0252923391 -0.0398541498 -0.0262968462 0 0.501961 1
v 0.0248581173 -0.0397583436 -0.0278785672 0 0.501961 1
v 0.0244124254 -0.0396593686 -0.0294569179 0 0.501961 1
v 0.0239680409 -0.0395655146 -0.031035945 0 0.501961 1
v 0.0235222098 -0.0394695394 -0.0326144336 0 0.501961 1
v 0.0230722457 -0.0393619662 -0.0341910059 0 0.501961 1
v 0.0226191688 -0.0392602353 -0.0357670886 1 0.784314 0
v 0.0221701904 -0.0391568779 -0.0373442245 1 0.784314 0
v 0.0217011931 -0.0390501765 -0.0389152717 1 0.784314 0
v 0.0212343744 -0.0389500516 -0.0404874174 1 0.784314 0
v 0.020768057 -0.0388455759 -0.0420594204 1 0.784314 0
v 0.0202974469 -0.038736323 -0.0436298199 1 0.784314 0
v 0.0198191272 -0.038638916 -0.0451986822 1 0.784314 0
v 0.0193301733 -0.038530801 -0.0467635706 1 0.784314 0
v 0.0188397787 -0.0384313762 -0.0483285607 0.705882 0 1
v 0.0183363257 -0.0383296837 -0.0498892497 0.705882 0 1
v 0.0178305863 -0.0382242032 -0.0514489447 0.705882 0 1
v 0.0173241414 -0.0381150972 -0.0530081838 0.705882 0 1
v 0.0168154999 -0.0380111639 -0.0545670543 0.705882 0 1
v 0.0163014203 -0.0378991381 -0.0561236024 0.705882 0 1
v 0.0157706855 -0.0378067036 -0.0576758202 0.705882 0 1
v 0.0152196783 -0.0377043158 -0.0592202677 0.705882 0 1
v 0.0146567956 -0.0376034839 -0.0607605903 0 0.862745 0.862745
v 0.0140896235 -0.0375087973 -0.0622997335 0 0.862745 0.862745
v 0.0135157838 -0.0374009273 -0.0638355531 0 0.862745 0.862745
v 0.0129490706 -0.0373044853 -0.0653747692 0 0.862745 0.862745
v 0.0123737356 -0.0372032507 -0.0669104724 0 0.862745 0.862745
v 0.0117952411 -0.0370980585 -0.0684446699 0 0.862745 0.862745
v 0.0112098964 -0.0369963289 -0.0699765501 0 0.862745 0.862745
v 0.010605277 -0.0369130854 -0.0715020566 0 0.862745 0.862745
v 0.00998417787 -0.0368177939 -0.0730202136 1 0.470588 0
v 0.00936155193 -0.0367271778 -0.0745380315 1 0.470588 0
v 0.00872889025 -0.0366395777 -0.0760518392 1 0.470588 0
v 0.00808616623 -0.0365504012 -0.07756134 1 0.470588 0
v 0.00744557512 -0.0364703704 -0.0790722653 1 0.470588 0
v 0.00680203501 -0.0363779087 -0.0805812173 1 0.470588 0
v 0.00615962903 -0.0362895074 -0.082090895 1 0.470588 0
v 0.00551368656 -0.0362012122 -0.083599044 1 0.470588 0
v 0.00485208159 -0.0361210374 -0.085100882 0.470588 1 0
v 0.00418970456 -0.0360367505 -0.0866021442 0.470588 1 0
v 0.00353302276 -0.0359508357 -0.0881058068 0.470588 1 0
v 0.00287571128 -0.0358644514 -0.0896091535 0.470588 1 0
v 0.00220192719 -0.0357893269 -0.0911058218 0.470588 1 0
v 0.00152903783 -0.0357155896 -0.0926029552 0.470588 1 0
v 0.00085026385 -0.0356376309 -0.0940972137 0.470588 1 0
v 0.000159557123 -0.0355684124 -0.0955864016 0.470588 1 0
v -0.000534802967 -0.0355038355 -0.0970741171 1 0 0.705882
v -0.00123116671 -0.0354342036 -0.0985606673 1 0 0.705882
v -0.0019368259 -0.0353680917 -0.100042998 1 0 0.705882
v -0.00264126491 -0.0353120693 -0.101526336 1 0 0.705882
v -0.00333799339 -0.0352444128 -0.103012825 1 0 0.705882
v -0.00404088124 -0.0351824768 -0.10449666 1 0 0.705882
v -0.00475136858 -0.0351250509 -0.105977028 1 0 0.705882
v -0.00546682169 -0.0350684987 -0.107455066 1 0 0.705882
v -0.00620073505 -0.0350188781 -0.108924267 0.313725 0.313725 1
v -0.00694518525 -0.0349743845 -0.110388294 0.313725 0.313725 1
v -0.00770582666 -0.0349326718 -0.111844077 0.313725 0.313725 1
v -0.00847643692 -0.0348957465 -0.113294754 0.313725 0.313725 1
v -0.00924347914 -0.0348576393 -0.11474729 0.313725 0.313725 1
v -0.0100054722 -0.0348190151 -0.116202469 0.313725 0.313725 1
v -0.0107713023 -0.0347859306 -0.117655761 0.313725 0.313725 1
v -0.0115408878 -0.0347515974 -0.119107033 0.313725 0.313725 1
v -0.0123123163 -0.0347176233 -0.120557344 0.705882 0.470588 0.156863
v -0.013081258 -0.0347012268 -0.122009282 0.705882 0.470588 0.156863
v -0.0138506937 -0.034683854 -0.123460943 0.705882 0.470588 0.156863
v -0.0146328728 -0.0346712335 -0.124905832 0.705882 0.470588 0.156863
v -0.0154152676 -0.0346561516 -0.126350574 0.705882 0.470588 0.156863
v -0.0161976973 -0.0346409332 -0.127795289 0.705882 0.470588 0.156863
v -0.0169897671 -0.0346214516 -0.129234704 0.705882 0.470588 0.156863
v -0.0177883903 -0.0346158152 -0.130670593 0.705882 0.470588 0.156863
v -0.0185954965 -0.0346093157 -0.132101701 0.470588 0.470588 0.470588
v -0.0194122892 -0.0346011924 -0.133527307 0.470588 0.470588 0.470588
v -0.0202368262 -0.0346136359 -0.134948451 0.470588 0.470588 0.470588
v -0.0210595262 -0.034625391 -0.136370665 0.470588 0.470588 0.470588
v -0.0218817734 -0.0346394519 -0.13779312 0.470588 0.470588 0.470588
v -0.022703743 -0.0346540722 -0.139215731 0.470588 0.470588 0.470588
v -0.0235260335 -0.0346770101 -0.140638031 0.470588 0.470588 0.470588
v -0.0243505013 -0.0346979967 -0.142059101 0.470588 0.470588 0.470588
v -0.0251765619 -0.0347264978 -0.143479122 1 0 0
v -0.0260115672 -0.0347609 -0.144893771 1 0 0
v -0.0268481615 -0.0348001257 -0.146307332 1 0 0
v -0.0276886445 -0.0348386962 -0.147718628 1 0 0
v -0.028539768 -0.0348764345 -0.149123551 1 0 0
v -0.0293968389 -0.0349160251 -0.150524798 1 0 0
v -0.030260799 -0.0349636661 -0.151921568 1 0 0
v -0.0311329542 -0.0350042853 -0.153313444 1 0 0
v -0.0320088901 -0.0350553296 -0.154702587 1 0 0
v -0.0328927956 -0.0351070733 -0.156086659 1 0 0
v -0.0337827575 -0.0351566687 -0.157466896 0 1 0
v -0.0346766471 -0.0352201986 -0.158844062 0 1 0
v -0.0355638623 -0.0353021634 -0.160224536 0 0.501961 1
v 0.0265435378 -0.0409915064 -0.0135847972 0 1 0
v 0.0261627509 -0.040907454 -0.0151894814 0 1 0
v 0.0257740513 -0.0408110041 -0.0167915466 0 1 0
v 0.0253737994 -0.0407041553 -0.0183900849 0 1 0
v 0.0249585806 -0.0405958898 -0.0199847386 0 1 0
v 0.0245272988 -0.0404905295 -0.0215752751 0 1 0
v 0.0241033257 -0.0403976453 -0.023168591 0 0.501961 1
v 0.0236724579 -0.0402993488 -0.0247597274 0 0.501961 1
v 0.0232393981 -0.0401998265 -0.026350191 0 0.501961 1
v 0.0227997095 -0.0400969736 -0.0279386309 0 0.501961 1
v 0.0223536701 -0.0399986822 -0.0295255957 0 0.501961 1
v 0.0219070595 -0.039899651 -0.0311123519 0 0.501961 1
v 0.0214576556 -0.0398022276 -0.0326984178 0 0.501961 1
v 0.0210033497 -0.0396910434 -0.0342821836 0 0.501961 1
v 0.0205469203 -0.0395835468 -0.0358655915 1 0.784314 0
v 0.0200868521 -0.0394707167 -0.0374475231 1 0.784314 0
v 0.0196172074 -0.0393668391 -0.0390272894 1 0.784314 0
v 0.0191464501 -0.0392620788 -0.0406066767 1 0.784314 0
v 0.0186759111 -0.0391489264 -0.042185541 1 0.784314 0
v 0.0181977004 -0.0390407571 -0.0437624342 1 0.784314 0
v 0.017711047 -0.0389337929 -0.0453368305 1 0.784314 0
v 0.0172165545 -0.0388199781 -0.0469083146 1 0.784314 0
v 0.0167146152 -0.0387186506 -0.048478302 0.705882 0 1
v 0.0162107994 -0.0386094992 -0.0500471525 0.705882 0 1
v 0.0157048354 -0.0385014269 -0.051615395 0.705882 0 1
v 0.0151953475 -0.0383915544 -0.0531823577 0.705882 0 1
v 0.0146791026 -0.0382866871 -0.0547474652 0.705882 0 1
v 0.0141524316 -0.0381794209 -0.0563088754 0.705882 0 1
v 0.0136119254 -0.0380798016 -0.0578661045 0.705882 0 1
v 0.0130483624 -0.0379676057 -0.059414287 0.705882 0 1
v 0.0124793612 -0.0378646108 -0.0609611196 0 0.862745 0.862745
v 0.0119030772 -0.0377580322 -0.0625049917 0 0.862745 0.862745
v 0.0113281289 -0.0376523495 -0.0640494228 0 0.862745 0.862745
v 0.0107553419 -0.0375514475 -0.0655949975 0 0.862745 0.862745
v 0.0101783704 -0.037449753 -0.0671389585 0 0.862745 0.862745
v 0.00959125631 -0.0373420008 -0.0686786798 0 0.862745 0.862745
v 0.00898791348 -0.0372457573 -0.070212841 0 0.862745 0.862745
v 0.00836987161 -0.0371461132 -0.0717409195 0 0.862745 0.862745
v 0.00774350401 -0.0370446463 -0.0732655111 1 0.470588 0
v 0.0071117281 -0.0369523363 -0.0747884599 1 0.470588 0
v 0.00646859681 -0.0368623651 -0.0763067897 1 0.470588 0
v 0.00582275696 -0.0367696032 -0.0778238082 1 0.470588 0
v 0.00517658516 -0.036685144 -0.0793411585 1 0.470588 0
v 0.00453016349 -0.0365931244 -0.0808579618 1 0.470588 0
v 0.0038820331 -0.036496263 -0.0823737354 1 0.470588 0
v 0.00322092153 -0.0364082691 -0.0838844479 1 0.470588 0
v 0.00255483274 -0.0363221707 -0.0853930825 0.470588 1 0
v 0.00189412985 -0.036232314 -0.0869038456 0.470588 1 0
v 0.00123686243 -0.0361432529 -0.0884161507 0.470588 1 0
v 0.000560660759 -0.0360610867 -0.089920496 0.470588 1 0
v -0.000114325603 -0.0359871684 -0.0914258118 0.470588 1 0
v -0.000795208192 -0.0359067098 -0.0929281276 0.470588 1 0
v -0.00148859109 -0.0358302149 -0.0944248939 0.470588 1 0
v -0.00218941714 -0.0357589381 -0.0959184724 0.470588 1 0
v -0.00288804668 -0.0356895557 -0.0974131636 1 0 0.705882
v -0.00359538143 -0.0356161589 -0.0989035836 1 0 0.705882
v -0.00430377126 -0.0355582741 -0.10039419 1 0 0.705882
v -0.0050050301 -0.0354877515 -0.101887609 1 0 0.705882
v -0.00570857845 -0.0354205142 -0.103380103 1 0 0.705882
v -0.0064195372 -0.0353569863 -0.104869219 1 0 0.705882
v -0.00713774783 -0.0353039733 -0.106355267 0.313725 0.313725 1
v -0.00787445241 -0.0352504831 -0.107832245 0.313725 0.313725 1
v -0.00862219698 -0.0352013114 -0.109303802 0.313725 0.313725 1
v -0.00938382762 -0.0351596566 -0.110768425 0.313725 0.313725 1
v -0.0101593456 -0.0351171382 -0.112225756 0.313725 0.313725 1
v -0.0109316338 -0.0350748165 -0.113684801 0.313725 0.313725 1
v -0.0116968343 -0.0350347877 -0.115147653 0.313725 0.313725 1
v -0.0124676046 -0.0349987139 -0.116607682 0.313725 0.313725 1
v -0.0132408175 -0.0349665246 -0.118066502 0.705882 0.470588 0.156863
v -0.0140145552 -0.0349388224 -0.11952513 0.705882 0.470588 0.156863
v -0.0147882165 -0.0349152148 -0.120983885 0.705882 0.470588 0.156863
v -0.0155622219 -0.0348980051 -0.122442546 0.705882 0.470588 0.156863
v -0.0163467272 -0.0348781392 -0.123895516 0.705882 0.470588 0.156863
v -0.0171376238 -0.0348625882 -0.125345106 0.705882 0.470588 0.156863
v -0.0179220758 -0.0348447676 -0.126798168 0.705882 0.470588 0.156863
v -0.0187160764 -0.0348279669 -0.128246034 0.705882 0.470588 0.156863
v -0.0195201986 -0.0348168628 -0.129688358 0.470588 0.470588 0.470588
v -0.0203336 -0.0348112827 -0.131125461 0.470588 0.470588 0.470588
v -0.0211524167 -0.0348093038 -0.132559536 0.470588 0.470588 0.470588
v -0.0219800722 -0.034818586 -0.133988513 0.470588 0.470588 0.470588
v -0.022807582 -0.0348290006 -0.135417565 0.470588 0.470588 0.470588
v -0.0236340406 -0.0348438732 -0.136847187 0.470588 0.470588 0.470588
v -0.0244581608 -0.0348642004 -0.138278084 0.470588 0.470588 0.470588
v -0.0252821147 -0.0348893294 -0.139709003 0.470588 0.470588 0.470588
v -0.026114145 -0.0349194405 -0.141135146 1 0 0
v -0.0269471121 -0.0349512144 -0.142560706 1 0 0
v -0.0277836804 -0.0349857605 -0.143984091 1 0 0
v -0.0286214255 -0.0350231337 -0.145406708 1 0 0
v -0.0294685525 -0.0350679606 -0.146823532 1 0 0
v -0.0303257046 -0.0351068913 -0.148234502 1 0 0
v -0.0311870377 -0.0351503195 -0.149642773 1 0 0
v -0.0320557616 -0.0352006417 -0.151046282 1 0 0
v -0.0329335734 -0.0352458348 -0.152444299 1 0 0
v -0.0338149424 -0.0353014542 -0.153839685 1 0 0
v -0.0347019395 -0.035351652 -0.155231709 0 1 0
v -0.0355987891 -0.0354074022 -0.156617183 0 1 0
v -0.0364952505 -0.0354789739 -0.15800221 0 0.501961 1
v 0.0245207209 -0.0413242529 -0.0135845862 0 1 0
v 0.0241358605 -0.0412320854 -0.0151983677 0 1 0
v 0.0237402642 -0.0411219584 -0.0168083893 0 1 0
v 0.0233309548 -0.041006389 -0.0184146087 0 1 0
v 0.0229011031 -0.0408929186 -0.0200155698 0 1 0
v 0.0224652838 -0.0407845603 -0.0216153053 0 1 0
v 0.0220407407 -0.0406826685 -0.0232185146 0 0.501961 1
v 0.0216079516 -0.040579734 -0.0248194439 0 0.501961 1
v 0.0211702415 -0.0404820247 -0.0264193625 0 0.501961 1
v 0.0207258168 -0.0403838238 -0.0280174003 0 0.501961 1
v 0.0202763208 -0.0402813945 -0.0296137521 0 0.501961 1
v 0.0198252819 -0.0401762939 -0.0312095029 0 0.501961 1
v 0.0193720145 -0.0400662756 -0.0328042841 0 0.501961 1
v 0.0189146798 -0.0399508907 -0.0343975254 0 0.501961 1
v 0.0184514809 -0.039836242 -0.0359891301 1 0.784314 0
v 0.0179826188 -0.0397261399 -0.0375793938 1 0.784314 0
v 0.0175121024 -0.0396183753 -0.0391693291 1 0.784314 0
v 0.0170369841 -0.0395045084 -0.040757459 1 0.784314 0
v 0.0165628735 -0.0393943461 -0.0423461576 1 0.784314 0
v 0.0160760507 -0.0392837147 -0.0439309762 1 0.784314 0
v 0.0155812554 -0.0391669515 -0.0455128723 1 0.784314 0
v 0.0150794097 -0.0390546198 -0.0470928591 1 0.784314 0
v 0.0145736465 -0.0389467326 -0.0486719173 0.705882 0 1
v 0.0140681108 -0.0388335204 -0.0502506815 0.705882 0 1
v 0.0135560966 -0.0387228189 -0.0518275359 0.705882 0 1
v 0.013037442 -0.0386104364 -0.0534021003 0.705882 0 1
v 0.0125112278 -0.0384992917 -0.0549742238 0.705882 0 1
v 0.011976029 -0.0383925582 -0.0565436268 0.705882 0 1
v 0.011415547 -0.0382813041 -0.0581038785 0.705882 0 1
v 0.0108469623 -0.0381712229 -0.0596612697 0.705882 0 1
v 0.0102698754 -0.0380630645 -0.0612156525 0 0.862745 0.862745
v 0.00969053843 -0.0379564824 -0.0627693142 0 0.862745 0.862745
v 0.00911469983 -0.0378438154 -0.0643238621 0 0.862745 0.862745
v 0.00853314229 -0.0377408502 -0.0658769515 0 0.862745 0.862745
v 0.00794597475 -0.0376329273 -0.0674275793 0 0.862745 0.862745
v 0.00734531964 -0.0375275331 -0.0689731634 0 0.862745 0.862745
v 0.00672825585 -0.0374256037 -0.0705125311 1 0.470588 0
v 0.0060987592 -0.0373164916 -0.0720463847 1 0.470588 0
v 0.00546382549 -0.037216641 -0.0735786268 1 0.470588 0
v 0.00481986848 -0.0371188578 -0.0751072312 1 0.470588 0
v 0.00417000544 -0.0370247923 -0.0766335763 1 0.470588 0
v 0.00351966454 -0.0369322337 -0.0781598045 1 0.470588 0
v 0.00286895097 -0.0368418629 -0.0796860033 1 0.470588 0
v 0.00221801208 -0.0367423964 -0.0812115443 1 0.470588 0
v 0.00155515129 -0.0366468887 -0.0827321977 0.470588 1 0
v 0.000882010798 -0.0365557009 -0.0842485888 0.470588 1 0
v 0.000217348318 -0.0364661533 -0.0857687882 0.470588 1 0
v -0.000442699939 -0.0363714864 -0.087290705 0.470588 1 0
v -0.00111996742 -0.036278897 -0.0888051784 0.470588 1 0
v -0.00179845555 -0.0362038467 -0.0903200404 0.470588 1 0
v -0.00248334945 -0.0361231905 -0.0918317498 0.470588 1 0
v -0.00318018954 -0.0360429023 -0.0933379995 0.470588 1 0
v -0.0038845606 -0.0359623988 -0.0948407328 1 0 0.705882
v -0.0045867897 -0.0358936512 -0.0963450712 1 0 0.705882
v -0.00529737862 -0.035814854 -0.0978449903 1 0 0.705882
v -0.00601030259 -0.0357516286 -0.099344528 1 0 0.705882
v -0.00671814114 -0.0356822043 -0.100846197 1 0 0.705882
v -0.00742693437 -0.0356103254 -0.10234731 1 0 0.705882
v -0.00814021034 -0.0355434918 -0.103846524 0.313725 0.313725 1
v -0.00886607678 -0.0354832006 -0.105339918 0.313725 0.313725 1
v -0.00960435618 -0.0354312184 -0.106827579 0.313725 0.313725 1
v -0.0103532466 -0.0353734406 -0.108309715 0.313725 0.313725 1
v -0.0111192316 -0.0353252356 -0.109783374 0.313725 0.313725 1
v -0.0118961614 -0.0352780636 -0.111251373 0.313725 0.313725 1
v -0.0126756272 -0.0352350804 -0.112718168 0.313725 0.313725 1
v -0.0134483087 -0.0351945793 -0.114188614 0.313725 0.313725 1
v -0.0142216298 -0.0351572716 -0.115658809 0.705882 0.470588 0.156863
v -0.0149971394 -0.0351231083 -0.117127931 0.705882 0.470588 0.156863
v -0.0157761841 -0.0350992401 -0.118595375 0.705882 0.470588 0.156863
v -0.0165538343 -0.0350737222 -0.120063537 0.705882 0.470588 0.156863
v -0.017336419 -0.035052227 -0.121529121 0.705882 0.470588 0.156863
v -0.0181286115 -0.0350319697 -0.122989566 0.705882 0.470588 0.156863
v -0.018918524 -0.0350144955 -0.124451286 0.705882 0.470588 0.156863
v -0.0197105109 -0.0349959802 -0.125911866 0.705882 0.470588 0.156863
v -0.0205091013 -0.0349812974 -0.127368887 0.470588 0.470588 0.470588
v -0.0213196967 -0.0349673269 -0.128819275 0.470588 0.470588 0.470588
v -0.0221373895 -0.0349640462 -0.130265729 0.470588 0.470588 0.470588
v -0.0229640978 -0.0349668076 -0.131707027 0.470588 0.470588 0.470588
v -0.023796557 -0.0349761334 -0.13314502 0.470588 0.470588 0.470588
v -0.0246287993 -0.034989073 -0.134583111 0.470588 0.470588 0.470588
v -0.0254590506 -0.0350052148 -0.136022317 0.470588 0.470588 0.470588
v -0.0262872974 -0.0350246844 -0.137462639 0.470588 0.470588 0.470588
v -0.0271222498 -0.0350532458 -0.138898933 1 0 0
v -0.0279570385 -0.0350848817 -0.140335253 1 0 0
v -0.0287939432 -0.0351213114 -0.141770227 1 0 0
v -0.0296347735 -0.0351611396 -0.143202818 1 0 0
v -0.0304805278 -0.0352045673 -0.144632398 1 0 0
v -0.031335586 -0.035250647 -0.146056349 1 0 0
v -0.0321952768 -0.0352986349 -0.147477446 1 0 0
v -0.0330620851 -0.0353489831 -0.148894119 1 0 0
v -0.0339423606 -0.0354006336 -0.150302428 1 0 0
v -0.0348261238 -0.0354487752 -0.151708673 1 0 0
v -0.0357123485 -0.0355039619 -0.153113111 0 1 0
v -0.0366047575 -0.0355599255 -0.154513589 0 1 0
v -0.0375098988 -0.0356222766 -0.155905614 0 0.501961 1
v 0.022487057 -0.0416063511 -0.0135843519 0 1 0
v 0.022106016 -0.0414992014 -0.0151728595 0 1 0
v 0.021711081 -0.0413814751 -0.0167571926 0 1 0
v 0.02130267 -0.0412640647 -0.0183381389 0 1 0
v 0.0208803649 -0.0411474333 -0.0199154771 0 0.501961 1
v 0.0204501988 -0.0410370681 -0.0214911685 0 0.501961 1
v 0.0200300308 -0.0409346811 -0.0230700874 0 0.501961 1
v 0.0196047756 -0.0408344867 -0.0246477764 0 0.501961 1
v 0.0191715125 -0.0407400109 -0.0262236464 0 0.501961 1
v 0.0187296149 -0.0406410277 -0.0277968467 0 0.501961 1
v 0.0182856774 -0.0405384376 -0.0293692424 0 0.501961 1
v 0.0178405773 -0.0404300584 -0.0309409144 0 0.501961 1
v 0.0173905713 -0.040316355 -0.0325108142 1 0.784314 0
v 0.0169368906 -0.0401988446 -0.0340793799 1 0.784314 0
v 0.016480272 -0.0400818019 -0.0356471265 1 0.784314 0
v 0.0160182607 -0.0399675305 -0.0372134985 1 0.784314 0
v 0.0155532501 -0.0398532954 -0.0387789858 1 0.784314 0
v 0.0150884065 -0.0397407233 -0.0403446429 1 0.784314 0
v 0.0146199516 -0.0396317534 -0.0419094692 1 0.784314 0
v 0.0141403541 -0.0395160076 -0.0434704348 1 0.784314 0
v 0.0136518693 -0.0394010352 -0.0450286939 0.705882 0 1
v 0.0131571726 -0.0392882255 -0.0465851473 0.705882 0 1
v 0.012659298 -0.039175713 -0.048140609 0.705882 0 1
v 0.0121612553 -0.0390646093 -0.0496961143 0.705882 0 1
v 0.0116539714 -0.0389523409 -0.0512485564 0.705882 0 1
v 0.0111449103 -0.0388385481 -0.0528003091 0.705882 0 1
v 0.0106251213 -0.0387249643 -0.0543485142 0.705882 0 1
v 0.0100939443 -0.0386157605 -0.0558931151 0.705882 0 1
v 0.00954647419 -0.0385053101 -0.0574319732 0 0.862745 0.862745
v 0.00898437923 -0.0383926795 -0.058965398 0 0.862745 0.862745
v 0.00841688905 -0.0382833557 -0.0604970716 0 0.862745 0.862745
v 0.00784749819 -0.0381757634 -0.0620281548 0 0.862745 0.862745
v 0.00727955089 -0.0380654541 -0.0635595884 0 0.862745 0.862745
v 0.00670600187 -0.0379539351 -0.065088849 0 0.862745 0.862745
v 0.00612781122 -0.0378475114 -0.0666167097 0 0.862745 0.862745
v 0.00553721136 -0.0377414161 -0.0681398022 0 0.862745 0.862745
v 0.0049277993 -0.0376356625 -0.0696555088 1 0.470588 0
v 0.00430779899 -0.037528361 -0.0711668349 1 0.470588 0
v 0.00368575014 -0.0374205418 -0.0726772871 1 0.470588 0
v 0.003049024 -0.0373187577 -0.0741820227 1 0.470588 0
v 0.0024091604 -0.0372186955 -0.075685551 1 0.470588 0
v 0.00176857665 -0.0371247699 -0.0771891675 1 0.470588 0
v 0.00112735426 -0.0370315888 -0.0786925512 1 0.470588 0
v 0.000486442895 -0.036935253 -0.080195865 1 0.470588 0
v -0.000162752064 -0.0368401789 -0.081695699 0.470588 1 0
v -0.000827787144 -0.0367428497 -0.0831884428 0.470588 1 0
v -0.0014839661 -0.0366471313 -0.0846851967 0.470588 1 0
v -0.00213967 -0.0365519201 -0.0861821954 0.470588 1 0
v -0.00280095101 -0.0364585419 -0.0876768605 0.470588 1 0
v -0.00346974776 -0.0363716109 -0.0891685505 0.470588 1 0
v -0.00414235166 -0.0362913161 -0.0906589171 0.470588 1 0
v -0.00482699376 -0.036213051 -0.0921438864 0.470588 1 0
v -0.00551810934 -0.0361342473 -0.0936258336 1 0 0.705882
v -0.0062094174 -0.036055972 -0.0951077243 1 0 0.705882
v -0.00690809953 -0.0359797577 -0.0965862445 1 0 0.705882
v -0.00761043423 -0.0359100201 -0.0980633622 1 0 0.705882
v -0.00831126439 -0.0358413289 -0.0995412391 1 0 0.705882
v -0.00900855762 -0.0357684358 -0.101020598 1 0 0.705882
v -0.00970923358 -0.0356995955 -0.102498551 1 0 0.705882
v -0.0104205931 -0.0356345325 -0.103971537 1 0 0.705882
v -0.0111428074 -0.035572897 -0.105439403 0.313725 0.313725 1
v -0.0118785059 -0.0355221939 -0.106900979 0.313725 0.313725 1
v -0.0126264698 -0.0354681911 -0.108356131 0.313725 0.313725 1
v -0.0133880455 -0.0354161136 -0.109804338 0.313725 0.313725 1
v -0.0141580397 -0.0353727811 -0.111248383 0.313725 0.313725 1
v -0.0149185037 -0.0353315754 -0.112697519 0.313725 0.313725 1
v -0.0156817092 -0.0352937234 -0.114145308 0.313725 0.313725 1
v -0.0164448702 -0.0352578662 -0.115593177 0.313725 0.313725 1
v -0.0172098242 -0.0352285135 -0.117040221 0.705882 0.470588 0.156863
v -0.0179790521 -0.035203938 -0.118485104 0.705882 0.470588 0.156863
v -0.0187423345 -0.0351796453 -0.119933151 0.705882 0.470588 0.156863
v -0.0195230827 -0.0351579682 -0.121371896 0.705882 0.470588 0.156863
v -0.0203040442 -0.035137828 -0.122810547 0.705882 0.470588 0.156863
v -0.0210840812 -0.035121277 -0.124249748 0.705882 0.470588 0.156863
v -0.0218616545 -0.0351056085 -0.125690293 0.705882 0.470588 0.156863
v -0.0226563157 -0.0350941806 -0.127121502 0.705882 0.470588 0.156863
v -0.023460086 -0.0350881701 -0.128547653 0.470588 0.470588 0.470588
v -0.0242688681 -0.0350876979 -0.129970984 0.470588 0.470588 0.470588
v -0.0250823248 -0.0350946667 -0.131391636 0.470588 0.470588 0.470588
v -0.025906996 -0.0351074696 -0.132805775 0.470588 0.470588 0.470588
v -0.0267273044 -0.0351233613 -0.13422241 0.470588 0.470588 0.470588
v -0.0275452495 -0.0351418246 -0.135640387 0.470588 0.470588 0.470588
v -0.0283624641 -0.0351635655 -0.13705874 0.470588 0.470588 0.470588
v -0.0291834736 -0.0351918848 -0.138474781 0.470588 0.470588 0.470588
v -0.0300073902 -0.0352270191 -0.139888973 1 0 0
v -0.0308339125 -0.0352655082 -0.141301562 1 0 0
v -0.0316625177 -0.0353094389 -0.142712773 1 0 0
v -0.03249951 -0.0353554074 -0.144118956 1 0 0
v -0.0333426077 -0.0354045136 -0.145521385 1 0 0
v -0.0341929548 -0.0354560249 -0.146919326 1 0 0
v -0.0350529763 -0.0355096788 -0.148311274 1 0 0
v -0.0359201187 -0.0355642741 -0.14969876 1 0 0
v -0.0367903242 -0.0356195525 -0.151084299 1 0 0
v -0.0376640193 -0.035675763 -0.152467595 1 0 0
v -0.0385479973 -0.0357323356 -0.153844337 0 1 0
v 0.0204494696 -0.0418428606 -0.0135841778 0 1 0
v 0.0200635235 -0.041723297 -0.0151784371 0 1 0
v 0.0196615219 -0.0416007831 -0.0167684809 0 1 0
v 0.0192440682 -0.041479743 -0.0183546529 0 1 0
v 0.0188176572 -0.0413617006 -0.0199386808 0 0.501961 1
v 0.0183878194 -0.0412448013 -0.0215218597 0 0.501961 1
v 0.0179658173 -0.0411424059 -0.0231081597 0 0.501961 1
v 0.0175353992 -0.0410417073 -0.0246923015 0 0.501961 1
v 0.0170963714 -0.0409447069 -0.0262743049 0 0.501961 1
v 0.0166499852 -0.0408372006 -0.0278535697 0 0.501961 1
v 0.0162028841 -0.0407251895 -0.0294323296 0 0.501961 1
v 0.0157530578 -0.0406120236 -0.0310102341 0 0.501961 1
v 0.0152994929 -0.0404918793 -0.03258655 1 0.784314 0
v 0.0148434383 -0.0403715701 -0.0341621358 1 0.784314 0
v 0.0143832789 -0.0402497469 -0.0357364123 1 0.784314 0
v 0.0139164135 -0.0401310855 -0.0373089555 1 0.784314 0
v 0.0134500676 -0.0400127107 -0.0388816744 1 0.784314 0
v 0.0129822574 -0.0398971566 -0.0404541643 1 0.784314 0
v 0.0125034346 -0.0397798475 -0.0420232097 1 0.784314 0
v 0.0120175486 -0.0396644903 -0.0435902107 1 0.784314 0
v 0.0115254381 -0.0395499909 -0.0451553437 0.705882 0 1
v 0.0110270917 -0.0394323136 -0.046718269 0.705882 0 1
v 0.0105249028 -0.0393185466 -0.0482802549 0.705882 0 1
v 0.0100186186 -0.0392038808 -0.0498408434 0.705882 0 1
v 0.00950846057 -0.0390876997 -0.0514000669 0.705882 0 1
v 0.008993182 -0.038970955 -0.052957562 0.705882 0 1
v 0.00846668828 -0.0388542423 -0.054511296 0.705882 0 1
v 0.00792522807 -0.0387423807 -0.0560602049 0.705882 0 1
v 0.00736305427 -0.0386286425 -0.0576016172 0 0.862745 0.862745
v 0.00679319688 -0.0385147526 -0.0591401951 0 0.862745 0.862745
v 0.00622032018 -0.038401007 -0.0606776635 0 0.862745 0.862745
v 0.00564856351 -0.0382912002 -0.0622158281 0 0.862745 0.862745
v 0.00507594057 -0.0381733139 -0.0637530745 0 0.862745 0.862745
v 0.00449732966 -0.0380598501 -0.0652884072 0 0.862745 0.862745
v 0.00391374758 -0.0379494069 -0.0668220411 0 0.862745 0.862745
v 0.00330436695 -0.0378365762 -0.0683454786 0 0.862745 0.862745
v 0.00268727848 -0.0377245607 -0.0698658496 1 0.470588 0
v 0.00206285942 -0.0376124218 -0.0713832355 1 0.470588 0
v 0.00142740545 -0.037504608 -0.0728963461 1 0.470588 0
v 0.000785810783 -0.0374000057 -0.0744070883 1 0.470588 0
v 0.000142269973 -0.037298398 -0.0759172084 1 0.470588 0
v -0.000501951292 -0.0371999877 -0.0774272512 1 0.470588 0
v -0.00114530969 -0.037103482 -0.0789377825 1 0.470588 0
v -0.00179800918 -0.0370044858 -0.0804441333 1 0.470588 0
v -0.00245849251 -0.0369044748 -0.081947009 0.470588 1 0
v -0.00312191182 -0.0368066874 -0.0834487579 0.470588 1 0
v -0.00378104937 -0.0367084905 -0.0849523615 0.470588 1 0
v -0.00443886943 -0.0366097867 -0.0864565087 0.470588 1 0
v -0.00511289303 -0.0365195609 -0.0879540023 0.470588 1 0
v -0.00578845538 -0.0364320302 -0.0894509568 0.470588 1 0
v -0.00646817328 -0.0363507519 -0.0909463882 0.470588 1 0
v -0.00716248854 -0.0362695686 -0.0924350877 0.470588 1 0
v -0.0078601694 -0.036189247 -0.0939222737 1 0 0.705882
v -0.00856153124 -0.0361116301 -0.0954078728 1 0 0.705882
v -0.00926532226 -0.0360352257 -0.0968923815 1 0 0.705882
v -0.00997178464 -0.0359591141 -0.0983756399 1 0 0.705882
v -0.0106721967 -0.0358865081 -0.0998619361 1 0 0.705882
v -0.0113741086 -0.0358161861 -0.101347635 1 0 0.705882
v -0.0120842179 -0.0357513769 -0.102829674 1 0 0.705882
v -0.0128098002 -0.0356898439 -0.104304347 1 0 0.705882
v -0.0135462964 -0.0356336343 -0.105773814 0.313725 0.313725 1
v -0.0142963308 -0.0355796734 -0.107236442 0.313725 0.313725 1
v -0.0150608779 -0.0355269797 -0.108691638 0.313725 0.313725 1
v -0.0158351288 -0.0354790475 -0.11014187 0.313725 0.313725 1
v -0.0165981303 -0.0354363929 -0.111598212 0.313725 0.313725 1
v -0.017363048 -0.035396899 -0.113053637 0.313725 0.313725 1
v -0.0181298151 -0.0353609797 -0.114508183 0.313725 0.313725 1
v -0.0188993137 -0.0353310633 -0.115961424 0.313725 0.313725 1
v -0.019671191 -0.0353061187 -0.117413499 0.705882 0.470588 0.156863
v -0.0204417015 -0.0352835412 -0.118866337 0.705882 0.470588 0.156863
v -0.0212222368 -0.0352629904 -0.120313826 0.705882 0.470588 0.156863
v -0.0220066218 -0.0352447878 -0.121759283 0.705882 0.470588 0.156863
v -0.0227900054 -0.0352272642 -0.123205289 0.705882 0.470588 0.156863
v -0.0235699118 -0.0352119068 -0.1246532 0.705882 0.470588 0.156863
v -0.0243672436 -0.0352013626 -0.126091631 0.705882 0.470588 0.156863
v -0.0251754174 -0.03519681 -0.12752401 0.705882 0.470588 0.156863
v -0.025988934 -0.0351975807 -0.128953383 0.470588 0.470588 0.470588
v -0.0268096543 -0.0352070545 -0.130378593 0.470588 0.470588 0.470588
v -0.0276333526 -0.0352221861 -0.131802047 0.470588 0.470588 0.470588
v -0.0284556903 -0.0352400313 -0.133226259 0.470588 0.470588 0.470588
v -0.0292779596 -0.0352603999 -0.134650475 0.470588 0.470588 0.470588
v -0.0301009857 -0.0352825759 -0.136074227 0.470588 0.470588 0.470588
v -0.0309257958 -0.0353097461 -0.137496861 0.470588 0.470588 0.470588
v -0.031753249 -0.0353430761 -0.138917826 0.470588 0.470588 0.470588
v -0.032583103 -0.0353821084 -0.140337247 1 0 0
v -0.0334155535 -0.035425915 -0.141755001 1 0 0
v -0.0342575429 -0.0354743772 -0.143166963 1 0 0
v -0.0351034478 -0.0355257196 -0.144576482 1 0 0
v -0.0359591192 -0.0355802129 -0.145979975 1 0 0
v -0.0368236906 -0.0356352704 -0.147377979 1 0 0
v -0.0376944968 -0.0356919262 -0.148772034 1 0 0
v -0.0385691891 -0.035750291 -0.150163595 1 0 0
v -0.0394477546 -0.0358081225 -0.151552737 0 1 0
l 1 2
l 2 3
l 3 4
l 4 5
l 5 6
l 6 7
l 7 8
l 8 9
l 9 10
l 10 11
l 11 12
l 12 13
l 13 14
l 14 15
l 15 16
l 16 17
l 17 18
l 18 19
l 19 20
l 20 21
l 21 22
l 22 23
l 23 24
l 24 25
l 25 26
l 26 27
l 27 28
l 28 29
l 29 30
l 30 31
l 31 32
l 32 33
l 33 34
l 34 35
l 35 36
l 36 37
l 37 38
l 38 39
l 39 40
l 40 41
l 41 42
l 42 43
l 43 44
l 44 45
l 45 46
l 46 47
l 47 48
l 48 49
l 49 50
l 50 51
l 51 52
l 52 53
l 53 54
l 54 55
l 55 56
l 56 57
l 57 58
l 58 59
l 59 60
l 60 61
l 61 62
l 62 63
l 63 64
l 64 65
l 65 66
l 66 67
l 67 68
l 68 69
l 69 70
l 70 71
l 71 72
l 72 73
l 73 74
l 74 75
l 75 76
l 76 77
l 77 78
l 78 79
l 79 80
l 80 81
l 81 82
l 82 83
l 83 84
l 84 85
l 85 86
l 86 87
l 87 88
l 88 89
l 89 90
l 90 91
l 91 92
l 92 93
l 94 95
l 95 96
l 96 97
l 97 98
l 98 99
l 99 100
l 100 101
l 101 102
l 102 103
l 103 104
l 104 105
l 105 106
l 106 107
l 107 108
l 108 109
l 109 110
l 110 111
l 111 112
l 112 113
l 113 114
l 114 115
l 115 116
l 116 117
l 117 118
l 118 119
l 119 120
l 120 121
l 121 122
l 122 123
l 123 124
l 124 125
l 125 126
l 126 127
l 127 128
l 128 129
l 129 130
l 130 131
l 131 132
l 132 133
l 133 134
l 134 135
l 135 136
l 136 137
l 137 138
l 138 139
l 139 140
l 140 141
l 141 142
l 142 143
l 143 144
l 144 145
l 145 146
l 146 147
l 147 148
l 148 149
l 149 150
l 150 151
l 151 152
l 152 153
l 153 154
l 154 155
l 155 156
l 156 157
l 157 158
l 158 159
l 159 160
l 160 161
l 161 162
l 162 163
l 163 164
l 164 165
l 165 166
l 166 167
l 167 168
l 168 169
l 169 170
l 170 171
l 171 172
l 172 173
l 173 174
l 174 175
l 175 176
l 176 177
l 177 178
l 178 179
l 179 180
l 180 181
l 181 182
l 182 183
l 183 184
l 184 185
l 185 186
l 186 187
l 187 188
l 189 190
l 190 191
l 191 192
l 192 193
l 193 194
l 194 195
l 195 196
l 196 197
l 197 198
l 198 199
l 199 200
l 200 201
l 201 202
l 202 203
l 203 204
l 204 205
l 205 206
l 206 207
l 207 208
l 208 209
l 209 210
l 210 211
l 211 212
l 212 213
l 213 214
l 214 215
l 215 216
l 216 217
l 217 218
l 218 219
l 219 220
l 220 221
l 221 222
l 222 223
l 223 224
l 224 225
l 225 226
l 226 227
l 227 228
l 228 229
l 229 230
l 230 231
l 231 232
l 232 233
l 233 234
l 234 235
l 235 236
l 236 237
l 237 238
l 238 239
l 239 240
l 240 241
l 241 242
l 242 243
l 243 244
l 244 245
l 245 246
l 246 247
l 247 248
l 248 249
l 249 250
l 250 251
l 251 252
l 252 253
l 253 254
l 254 255
l 255 256
l 256 257
l 257 258
l 258 259
l 259 260
l 260 261
l 261 262
l 262 263
l 263 264
l 264 265
l 265 266
l 266 267
l 267 268
l 268 269
l 269 270
l 270 271
l 271 272
l 272 273
l 273 274
l 274 275
l 275 276
l 276 277
l 277 278
l 278 279
l 279 280
l 280 281
l 281 282
l 282 283
l 283 284
l 284 285
l 286 287
l 287 288
l 288 289
l 289 290
l 290 291
l 291 292
l 292 293
l 293 294
l 294 295
l 295 296
l 296 297
l 297 298
l 298 299
l 299 300
l 300 301
l 301 302
l 302 303
l 303 304
l 304 305
l 305 306
l 306 307
l 307 308
l 308 309
l 309 310
l 310 311
l 311 312
l 312 313
l 313 314
l 314 315
l 315 316
l 316 317
l 317 318
l 318 319
l 319 320
l 320 321
l 321 322
l 322 323
l 323 324
l 324 325
l 325 326
l 326 327
l 327 328
l 328 329
l 329 330
l 330 331
l 331 332
l 332 333
l 333 334
l 334 335
l 335 336
l 336 337
l 337 338
l 338 339
l 339 340
l 340 341
l 341 342
l 342 343
l 343 344
l 344 345
l 345 346
l 346 347
l 347 348
l 348 349
l 349 350
l 350 351
l 351 352
l 352 353
l 353 354
l 354 355
l 355 356
l 356 357
l 357 358
l 358 359
l 359 360
l 360 361
l 361 362
l 362 363
l 363 364
l 364 365
l 365 366
l 366 367
l 367 368
l 368 369
l 369 370
l 370 371
l 371 372
l 372 373
l 373 374
l 374 375
l 375 376
l 376 377
l 377 378
l 378 379
l 379 380
l 380 381
l 381 382
l 382 383
l 383 384
l 385 386
l 386 387
l 387 388
l 388 389
l 389 390
l 390 391
l 391 392
l 392 393
l 393 394
l 394 395
l 395 396
l 396 397
l 397 398
l 398 399
l 399 400
l 400 401
l 401 402
l 402 403
l 403 404
l 404 405
l 405 406
l 406 407
l 407 408
l 408 409
l 409 410
l 410 411
l 411 412
l 412 413
l 413 414
l 414 415
l 415 416
l 416 417
l 417 418
l 418 419
l 419 420
l 420 421
l 421 422
l 422 423
l 423 424
l 424 425
l 425 426
l 426 427
l 427 428
l 428 429
l 429 430
l 430 431
l 431 432
l 432 433
l 433 434
l 434 435
l 435 436
l 436 437
l 437 438
l 438 439
l 439 440
l 440 441
l 441 442
l 442 443
l 443 444
l 444 445
l 445 446
l 446 447
l 447 448
l 448 449
l 449 450
l 450 451
l 451 452
l 452 453
l 453 454
l 454 455
l 455 456
l 456 457
l 457 458
l 458 459
l 459 460
l 460 461
l 461 462
l 462 463
l 463 464
l 464 465
l 465 466
l 466 467
l 467 468
l 468 469
l 469 470
l 470 471
l 471 472
l 472 473
l 473 474
l 474 475
l 475 476
l 476 477
l 477 478
l 478 479
l 479 480
l 480 481
l 481 482
l 482 483
l 484 485
l 485 486
l 486 487
l 487 488
l 488 489
l 489 490
l 490 491
l 491 492
l 492 493
l 493 494
l 494 495
l 495 496
l 496 497
l 497 498
l 498 499
l 499 500
l 500 501
l 501 502
l 502 503
l 503 504
l 504 505
l 505 506
l 506 507
l 507 508
l 508 509
l 509 510
l 510 511
l 511 512
l 512 513
l 513 514
l 514 515
l 515 516
l 516 517
l 517 518
l 518 519
l 519 520
l 520 521
l 521 522
l 522 523
l 523 524
l 524 525
l 525 526
l 526 527
l 527 528
l 528 529
l 529 530
l 530 531
l 531 532
l 532 533
l 533 534
l 534 535
l 535 536
l 536 537
l 537 538
l 538 539
l 539 540
l 540 541
l 541 542
l 542 543
l 543 544
l 544 545
l 545 546
l 546 547
l 547 548
l 548 549
l 549 550
l 550 551
l 551 552
l 552 553
l 553 554
l 554 555
l 555 556
l 556 557
l 557 558
l 558 559
l 559 560
l 560 561
l 561 562
l 562 563
l 563 564
l 564 565
l 565 566
l 566 567
l 567 568
l 568 569
l 569 570
l 570 571
l 571 572
l 572 573
l 573 574
l 574 575
l 575 576
l 576 577
l 577 578
l 578 579
l 579 580
l 580 581
l 581 582
l 582 583
l 583 584
l 585 586
l 586 587
l 587 588
l 588 589
l 589 590
l 590 591
l 591 592
l 592 593
l 593 594
l 594 595
l 595 596
l 596 597
l 597 598
l 598 599
l 599 600
l 600 601
l 601 602
l 602 603
l 603 604
l 604 605
l 605 606
l 606 607
l 607 608
l 608 609
l 609 610
l 610 611
l 611 612
l 612 613
l 613 614
l 614 615
l 615 616
l 616 617
l 617 618
l 618 619
l 619 620
l 620 621
l 621 622
l 622 623
l 623 624
l 624 625
l 625 626
l 626 627
l 627 628
l 628 629
l 629 630
l 630 631
l 631 632
l 632 633
l 633 634
l 634 635
l 635 636
l 636 637
l 637 638
l 638 639
l 639 640
l 640 641
l 641 642
l 642 643
l 643 644
l 644 645
l 645 646
l 646 647
l 647 648
l 648 649
l 649 650
l 650 651
l 651 652
l 652 653
l 653 654
l 654 655
l 655 656
l 656 657
l 657 658
l 658 659
l 659 660
l 660 661
l 661 662
l 662 663
l 663 664
l 664 665
l 665 666
l 666 667
l 667 668
l 668 669
l 669 670
l 670 671
l 671 672
l 672 673
l 673 674
l 674 675
l 675 676
l 676 677
l 677 678
l 678 679
l 679 680
l 680 681
l 681 682
l 682 683
l 683 684
l 684 685
l 685 686
l 686 687
l 688 689
l 689 690
l 690 691
l 691 692
l 692 693
l 693 694
l 694 695
l 695 696
l 696 697
l 697 698
l 698 699
l 699 700
l 700 701
l 701 702
l 702 703
l 703 704
l 704 705
l 705 706
l 706 707
l 707 708
l 708 709
l 709 710
l 710 711
l 711 712
l 712 713
l 713 714
l 714 715
l 715 716
l 716 717
l 717 718
l 718 719
l 719 720
l 720 721
l 721 722
l 722 723
l 723 724
l 724 725
l 725 726
l 726 727
l 727 728
l 728 729
l 729 730
l 730 731
l 731 732
l 732 733
l 733 734
l 734 735
l 735 736
l 736 737
l 737 738
l 738 739
l 739 740
l 740 741
l 741 742
l 742 743
l 743 744
l 744 745
l 745 746
l 746 747
l 747 748
l 748 749
l 749 750
l 750 751
l 751 752
l 752 753
l 753 754
l 754 755
l 755 756
l 756 757
l 757 758
l 758 759
l 759 760
l 760 761
l 761 762
l 762 763
l 763 764
l 764 765
l 765 766
l 766 767
l 767 768
l 768 769
l 769 770
l 770 771
l 771 772
l 772 773
l 773 774
l 774 775
l 775 776
l 776 777
l 777 778
l 778 779
l 779 780
l 780 781
l 781 782
l 782 783
l 783 784
l 784 785
l 785 786
l 786 787
l 787 788
l 788 789
l 789 790
l 790 791
l 791 792
l 793 794
l 794 795
l 795 796
l 796 797
l 797 798
l 798 799
l 799 800
l 800 801
l 801 802
l 802 803
l 803 804
l 804 805
l 805 806
l 806 807
l 807 808
l 808 809
l 809 810
l 810 811
l 811 812
l 812 813
l 813 814
l 814 815
l 815 816
l 816 817
l 817 818
l 818 819
l 819 820
l 820 821
l 821 822
l 822 823
l 823 824
l 824 825
l 825 826
l 826 827
l 827 828
l 828 829
l 829 830
l 830 831
l 831 832
l 832 833
l 833 834
l 834 835
l 835 836
l 836 837
l 837 838
l 838 839
l 839 840
l 840 841
l 841 842
l 842 843
l 843 844
l 844 845
l 845 846
l 846 847
l 847 848
l 848 849
l 849 850
l 850 851
l 851 852
l 852 853
l 853 854
l 854 855
l 855 856
l 856 857
l 857 858
l 858 859
l 859 860
l 860 861
l 861 862
l 862 863
l 863 864
l 864 865
l 865 866
l 866 867
l 867 868
l 868 869
l 869 870
l 870 871
l 871 872
l 872 873
l 873 874
l 874 875
l 875 876
l 876 877
l 877 878
l 878 879
l 879 880
l 880 881
l 881 882
l 882 883
l 883 884
l 884 885
l 885 886
l 886 887
l 887 888
l 888 889
l 889 890
l 890 891
l 891 892
l 892 893
l 893 894
l 894 895
l 895 896
l 896 897
l 897 898
l 898 899
l 900 901
l 901 902
l 902 903
l 903 904
l 904 905
l 905 906
l 906 907
l 907 908
l 908 909
l 909 910
l 910 911
l 911 912
l 912 913
l 913 914
l 914 915
l 915 916
l 916 917
l 917 918
l 918 919
l 919 920
l 920 921
l 921 922
l 922 923
l 923 924
l 924 925
l 925 926
l 926 927
l 927 928
l 928 929
l 929 930
l 930 931
l 931 932
l 932 933
l 933 934
l 934 935
l 935 936
l 936 937
l 937 938
l 938 939
l 939 940
l 940 941
l 941 942
l 942 943
l 943 944
l 944 945
l 945 946
l 946 947
l 947 948
l 948 949
l 949 950
l 950 951
l 951 952
l 952 953
l 953 954
l 954 955
l 955 956
l 956 957
l 957 958
l 958 959
l 959 960
l 960 961
l 961 962
l 962 963
l 963 964
l 964 965
l 965 966
l 966 967
l 967 968
l 968 969
l 969 970
l 970 971
l 971 972
l 972 973
l 973 974
l 974 975
l 975 976
l 976 977
l 977 978
l 978 979
l 979 980
l 980 981
l 981 982
l 982 983
l 983 984
l 984 985
l 985 986
l 986 987
l 987 988
l 988 989
l 989 990
l 990 991
l 991 992
l 992 993
l 993 994
l 994 995
l 995 996
l 996 997
l 997 998
l 998 999
l 999 1000
l 1000 1001
l 1001 1002
l 1002 1003
l 1003 1004
l 1004 1005
l 1005 1006
l 1006 1007
l 1007 1008
l 1009 1010
l 1010 1011
l 1011 1012
l 1012 1013
l 1013 1014
l 1014 1015
l 1015 1016
l 1016 1017
l 1017 1018
l 1018 1019
l 1019 1020
l 1020 1021
l 1021 1022
l 1022 1023
l 1023 1024
l 1024 1025
l 1025 1026
l 1026 1027
l 1027 1028
l 1028 1029
l 1029 1030
l 1030 1031
l 1031 1032
l 1032 1033
l 1033 1034
l 1034 1035
l 1035 1036
l 1036 1037
l 1037 1038
l 1038 1039
l 1039 1040
l 1040 1041
l 1041 1042
l 1042 1043
l 1043 1044
l 1044 1045
l 1045 1046
l 1046 1047
l 1047 1048
l 1048 1049
l 1049 1050
l 1050 1051
l 1051 1052
l 1052 1053
l 1053 1054
l 1054 1055
l 1055 1056
l 1056 1057
l 1057 1058
l 1058 1059
l 1059 1060
l 1060 1061
l 1061 1062
l 1062 1063
l 1063 1064
l 1064 1065
l 1065 1066
l 1066 1067
l 1067 1068
l 1068 1069
l 1069 1070
l 1070 1071
l 1071 1072
l 1072 1073
l 1073 1074
l 1074 1075
l 1075 1076
l 1076 1077
l 1077 1078
l 1078 1079
l 1079 1080
l 1080 1081
l 1081 1082
l 1082 1083
l 1083 1084
l 1084 1085
l 1085 1086
l 1086 1087
l 1087 1088
l 1088 1089
l 1089 1090
l 1090 1091
l 1091 1092
l 1092 1093
l 1093 1094
l 1094 1095
l 1095 1096
l 1096 1097
l 1097 1098
l 1098 1099
l 1099 1100
l 1100 1101
l 1101 1102
l 1102 1103
l 1103 1104
l 1104 1105
l 1105 1106
l 1106 1107
l 1107 1108
l 1108 1109
l 1109 1110
l 1110 1111
l 1111 1112
l 1112 1113
l 1113 1114
l 1114 1115
l 1115 1116
l 1116 1117
l 1117 1118
l 1118 1119
l 1120 1121
l 1121 1122
l 1122 1123
l 1123 1124
l 1124 1125
l 1125 1126
l 1126 1127
l 1127 1128
l 1128 1129
l 1129 1130
l 1130 1131
l 1131 1132
l 1132 1133
l 1133 1134
l 1134 1135
l 1135 1136
l 1136 1137
l 1137 1138
l 1138 1139
l 1139 1140
l 1140 1141
l 1141 1142
l 1142 1143
l 1143 1144
l 1144 1145
l 1145 1146
l 1146 1147
l 1147 1148
l 1148 1149
l 1149 1150
l 1150 1151
l 1151 1152
l 1152 1153
l 1153 1154
l 1154 1155
l 1155 1156
l 1156 1157
l 1157 1158
l 1158 1159
l 1159 1160
l 1160 1161
l 1161 1162
l 1162 1163
l 1163 1164
l 1164 1165
l 1165 1166
l 1166 1167
l 1167 1168
l 1168 1169
l 1169 1170
l 1170 1171
l 1171 1172
l 1172 1173
l 1173 1174
l 1174 1175
l 1175 1176
l 1176 1177
l 1177 1178
l 1178 1179
l 1179 1180
l 1180 1181
l 1181 1182
l 1182 1183
l 1183 1184
l 1184 1185
l 1185 1186
l 1186 1187
l 1187 1188
l 1188 1189
l 1189 1190
l 1190 1191
l 1191 1192
l 1192 1193
l 1193 1194
l 1194 1195
l 1195 1196
l 1196 1197
l 1197 1198
l 1198 1199
l 1199 1200
l 1200 1201
l 1201 1202
l 1202 1203
l 1203 1204
l 1204 1205
l 1205 1206
l 1206 1207
l 1207 1208
l 1208 1209
l 1209 1210
l 1210 1211
l 1211 1212
l 1212 1213
l 1213 1214
l 1214 1215
l 1215 1216
l 1216 1217
l 1217 1218
l 1218 1219
l 1219 1220
l 1220 1221
l 1221 1222
l 1222 1223
l 1223 1224
l 1224 1225
l 1225 1226
l 1226 1227
l 1227 1228
l 1228 1229
l 1229 1230
l 1230 1231
l 1231 1232
l 1233 1234
l 1234 1235
l 1235 1236
l 1236 1237
l 1237 1238
l 1238 1239
l 1239 1240
l 1240 1241
l 1241 1242
l 1242 1243
l 1243 1244
l 1244 1245
l 1245 1246
l 1246 1247
l 1247 1248
l 1248 1249
l 1249 1250
l 1250 1251
l 1251 1252
l 1252 1253
l 1253 1254
l 1254 1255
l 1255 1256
l 1256 1257
l 1257 1258
l 1258 1259
l 1259 1260
l 1260 1261
l 1261 1262
l 1262 1263
l 1263 1264
l 1264 1265
l 1265 1266
l 1266 1267
l 1267 1268
l 1268 1269
l 1269 1270
l 1270 1271
l 1271 1272
l 1272 1273
l 1273 1274
l 1274 1275
l 1275 1276
l 1276 1277
l 1277 1278
l 1278 1279
l 1279 1280
l 1280 1281
l 1281 1282
l 1282 1283
l 1283 1284
l 1284 1285
l 1285 1286
l 1286 1287
l 1287 1288
l 1288 1289
l 1289 1290
l 1290 1291
l 1291 1292
l 1292 1293
l 1293 1294
l 1294 1295
l 1295 1296
l 1296 1297
l 1297 1298
l 1298 1299
l 1299 1300
l 1300 1301
l 1301 1302
l 1302 1303
l 1303 1304
l 1304 1305
l 1305 1306
l 1306 1307
l 1307 1308
l 1308 1309
l 1309 1310
l 1310 1311
l 1311 1312
l 1312 1313
l 1313 1314
l 1314 1315
l 1315 1316
l 1316 1317
l 1317 1318
l 1318 1319
l 1319 1320
l 1320 1321
l 1321 1322
l 1322 1323
l 1323 1324
l 1324 1325
l 1325 1326
l 1326 1327
l 1327 1328
l 1328 1329
l 1329 1330
l 1330 1331
l 1331 1332
l 1332 1333
l 1333 1334
l 1334 1335
l 1335 1336
l 1336 1337
l 1337 1338
l 1338 1339
l 1339 1340
l 1340 1341
l 1341 1342
l 1342 1343
l 1343 1344
l 1344 1345
l 1345 1346
l 1346 1347
l 1348 1349
l 1349 1350
l 1350 1351
l 1351 1352
l 1352 1353
l 1353 1354
l 1354 1355
l 1355 1356
l 1356 1357
l 1357 1358
l 1358 1359
l 1359 1360
l 1360 1361
l 1361 1362
l 1362 1363
l 1363 1364
l 1364 1365
l 1365 1366
l 1366 1367
l 1367 1368
l 1368 1369
l 1369 1370
l 1370 1371
l 1371 1372
l 1372 1373
l 1373 1374
l 1374 1375
l 1375 1376
l 1376 1377
l 1377 1378
l 1378 1379
l 1379 1380
l 1380 1381
l 1381 1382
l 1382 1383
l 1383 1384
l 1384 1385
l 1385 1386
l 1386 1387
l 1387 1388
l 1388 1389
l 1389 1390
l 1390 1391
l 1391 1392
l 1392 1393
l 1393 1394
l 1394 1395
l 1395 1396
l 1396 1397
l 1397 1398
l 1398 1399
l 1399 1400
l 1400 1401
l 1401 1402
l 1402 1403
l 1403 1404
l 1404 1405
l 1405 1406
l 1406 1407
l 1407 1408
l 1408 1409
l 1409 1410
l 1410 1411
l 1411 1412
l 1412 1413
l 1413 1414
l 1414 1415
l 1415 1416
l 1416 1417
l 1417 1418
l 1418 1419
l 1419 1420
l 1420 1421
l 1421 1422
l 1422 1423
l 1423 1424
l 1424 1425
l 1425 1426
l 1426 1427
l 1427 1428
l 1428 1429
l 1429 1430
l 1430 1431
l 1431 1432
l 1432 1433
l 1433 1434
l 1434 1435
l 1435 1436
l 1436 1437
l 1437 1438
l 1438 1439
l 1439 1440
l 1440 1441
l 1441 1442
l 1442 1443
l 1443 1444
l 1444 1445
l 1445 1446
l 1446 1447
l 1447 1448
l 1448 1449
l 1449 1450
l 1450 1451
l 1451 1452
l 1452 1453
l 1453 1454
l 1454 1455
l 1455 1456
l 1456 1457
l 1457 1458
l 1458 1459
l 1459 1460
l 1460 1461
l 1461 1462
l 1462 1463
l 1463 1464
l 1465 1466
l 1466 1467
l 1467 1468
l 1468 1469
l 1469 1470
l 1470 1471
l 1471 1472
l 1472 1473
l 1473 1474
l 1474 1475
l 1475 1476
l 1476 1477
l 1477 1478
l 1478 1479
l 1479 1480
l 1480 1481
l 1481 1482
l 1482 1483
l 1483 1484
l 1484 1485
l 1485 1486
l 1486 1487
l 1487 1488
l 1488 1489
l 1489 1490
l 1490 1491
l 1491 1492
l 1492 1493
l 1493 1494
l 1494 1495
l 1495 1496
l 1496 1497
l 1497 1498
l 1498 1499
l 1499 1500
l 1500 1501
l 1501 1502
l 1502 1503
l 1503 1504
l 1504 1505
l 1505 1506
l 1506 1507
l 1507 1508
l 1508 1509
l 1509 1510
l 1510 1511
l 1511 1512
l 1512 1513
l 1513 1514
l 1514 1515
l 1515 1516
l 1516 1517
l 1517 1518
l 1518 1519
l 1519 1520
l 1520 1521
l 1521 1522
l 1522 1523
l 1523 1524
l 1524 1525
l 1525 1526
l 1526 1527
l 1527 1528
l 1528 1529
l 1529 1530
l 1530 1531
l 1531 1532
l 1532 1533
l 1533 1534
l 1534 1535
l 1535 1536
l 1536 1537
l 1537 1538
l 1538 1539
l 1539 1540
l 1540 1541
l 1541 1542
l 1542 1543
l 1543 1544
l 1544 1545
l 1545 1546
l 1546 1547
l 1547 1548
l 1548 1549
l 1549 1550
l 1550 1551
l 1551 1552
l 1552 1553
l 1553 1554
l 1554 1555
l 1555 1556
l 1556 1557
l 1557 1558
l 1558 1559
l 1559 1560
l 1560 1561
l 1561 1562
l 1562 1563
l 1563 1564
l 1564 1565
l 1565 1566
l 1566 1567
l 1567 1568
l 1568 1569
l 1569 1570
l 1570 1571
l 1571 1572
l 1572 1573
l 1573 1574
l 1574 1575
l 1575 1576
l 1576 1577
l 1577 1578
l 1578 1579
l 1579 1580
l 1580 1581
l 1581 1582
l 1582 1583
l 1584 1585
l 1585 1586
l 1586 1587
l 1587 1588
l 1588 1589
l 1589 1590
l 1590 1591
l 1591 1592
l 1592 1593
l 1593 1594
l 1594 1595
l 1595 1596
l 1596 1597
l 1597 1598
l 1598 1599
l 1599 1600
l 1600 1601
l 1601 1602
l 1602 1603
l 1603 1604
l 1604 1605
l 1605 1606
l 1606 1607
l 1607 1608
l 1608 1609
l 1609 1610
l 1610 1611
l 1611 1612
l 1612 1613
l 1613 1614
l 1614 1615
l 1615 1616
l 1616 1617
l 1617 1618
l 1618 1619
l 1619 1620
l 1620 1621
l 1621 1622
l 1622 1623
l 1623 1624
l 1624 1625
l 1625 1626
l 1626 1627
l 1627 1628
l 1628 1629
l 1629 1630
l 1630 1631
l 1631 1632
l 1632 1633
l 1633 1634
l 1634 1635
l 1635 1636
l 1636 1637
l 1637 1638
l 1638 1639
l 1639 1640
l 1640 1641
l 1641 1642
l 1642 1643
l 1643 1644
l 1644 1645
l 1645 1646
l 1646 1647
l 1647 1648
l 1648 1649
l 1649 1650
l 1650 1651
l 1651 1652
l 1652 1653
l 1653 1654
l 1654 1655
l 1655 1656
l 1656 1657
l 1657 1658
l 1658 1659
l 1659 1660
l 1660 1661
l 1661 1662
l 1662 1663
l 1663 1664
l 1664 1665
l 1665 1666
l 1666 1667
l 1667 1668
l 1668 1669
l 1669 1670
l 1670 1671
l 1671 1672
l 1672 1673
l 1673 1674
l 1674 1675
l 1675 1676
l 1676 1677
l 1677 1678
l 1678 1679
l 1679 1680
l 1680 1681
l 1681 1682
l 1682 1683
l 1683 1684
l 1684 1685
l 1685 1686
l 1686 1687
l 1687 1688
l 1688 1689
l 1689 1690
l 1690 1691
l 1691 1692
l 1692 1693
l 1693 1694
l 1694 1695
l 1695 1696
l 1696 1697
l 1697 1698
l 1698 1699
l 1699 1700
l 1700 1701
l 1701 1702
l 1702 1703
l 1703 1704
l 1705 1706
l 1706 1707
l 1707 1708
l 1708 1709
l 1709 1710
l 1710 1711
l 1711 1712
l 1712 1713
l 1713 1714
l 1714 1715
l 1715 1716
l 1716 1717
l 1717 1718
l 1718 1719
l 1719 1720
l 1720 1721
l 1721 1722
l 1722 1723
l 1723 1724
l 1724 1725
l 1725 1726
l 1726 1727
l 1727 1728
l 1728 1729
l 1729 1730
l 1730 1731
l 1731 1732
l 1732 1733
l 1733 1734
l 1734 1735
l 1735 1736
l 1736 1737
l 1737 1738
l 1738 1739
l 1739 1740
l 1740 1741
l 1741 1742
l 1742 1743
l 1743 1744
l 1744 1745
l 1745 1746
l 1746 1747
l 1747 1748
l 1748 1749
l 1749 1750
l 1750 1751
l 1751 1752
l 1752 1753
l 1753 1754
l 1754 1755
l 1755 1756
l 1756 1757
l 1757 1758
l 1758 1759
l 1759 1760
l 1760 1761
l 1761 1762
l 1762 1763
l 1763 1764
l 1764 1765
l 1765 1766
l 1766 1767
l 1767 1768
l 1768 1769
l 1769 1770
l 1770 1771
l 1771 1772
l 1772 1773
l 1773 1774
l 1774 1775
l 1775 1776
l 1776 1777
l 1777 1778
l 1778 1779
l 1779 1780
l 1780 1781
l 1781 1782
l 1782 1783
l 1783 1784
l 1784 1785
l 1785 1786
l 1786 1787
l 1787 1788
l 1788 1789
l 1789 1790
l 1790 1791
l 1791 1792
l 1792 1793
l 1793 1794
l 1794 1795
l 1795 1796
l 1796 1797
l 1797 1798
l 1798 1799
l 1799 1800
l 1800 1801
l 1801 1802
l 1802 1803
l 1803 1804
l 1804 1805
l 1805 1806
l 1806 1807
l 1807 1808
l 1808 1809
l 1809 1810
l 1810 1811
l 1811 1812
l 1812 1813
l 1813 1814
l 1814 1815
l 1815 1816
l 1816 1817
l 1817 1818
l 1818 1819
l 1819 1820
l 1820 1821
l 1821 1822
l 1822 1823
l 1823 1824
l 1824 1825
l 1826 1827
l 1827 1828
l 1828 1829
l 1829 1830
l 1830 1831
l 1831 1832
l 1832 1833
l 1833 1834
l 1834 1835
l 1835 1836
l 1836 1837
l 1837 1838
l 1838 1839
l 1839 1840
l 1840 1841
l 1841 1842
l 1842 1843
l 1843 1844
l 1844 1845
l 1845 1846
l 1846 1847
l 1847 1848
l 1848 1849
l 1849 1850
l 1850 1851
l 1851 1852
l 1852 1853
l 1853 1854
l 1854 1855
l 1855 1856
l 1856 1857
l 1857 1858
l 1858 1859
l 1859 1860
l 1860 1861
l 1861 1862
l 1862 1863
l 1863 1864
l 1864 1865
l 1865 1866
l 1866 1867
l 1867 1868
l 1868 1869
l 1869 1870
l 1870 1871
l 1871 1872
l 1872 1873
l 1873 1874
l 1874 1875
l 1875 1876
l 1876 1877
l 1877 1878
l 1878 1879
l 1879 1880
l 1880 1881
l 1881 1882
l 1882 1883
l 1883 1884
l 1884 1885
l 1885 1886
l 1886 1887
l 1887 1888
l 1888 1889
l 1889 1890
l 1890 1891
l 1891 1892
l 1892 1893
l 1893 1894
l 1894 1895
l 1895 1896
l 1896 1897
l 1897 1898
l 1898 1899
l 1899 1900
l 1900 1901
l 1901 1902
l 1902 1903
l 1903 1904
l 1904 1905
l 1905 1906
l 1906 1907
l 1907 1908
l 1908 1909
l 1909 1910
l 1910 1911
l 1911 1912
l 1912 1913
l 1913 1914
l 1914 1915
l 1915 1916
l 1916 1917
l 1917 1918
l 1918 1919
l 1919 1920
l 1920 1921
l 1921 1922
l 1922 1923
l 1923 1924
l 1924 1925
l 1925 1926
l 1926 1927
l 1927 1928
l 1928 1929
l 1929 1930
l 1930 1931
l 1931 1932
l 1932 1933
l 1933 1934
l 1934 1935
l 1935 1936
l 1936 1937
l 1937 1938
l 1938 1939
l 1939 1940
l 1940 1941
l 1941 1942
l 1942 1943
l 1943 1944
l 1944 1945
l 1945 1946
l 1946 1947
l 1947 1948
l 1949 1950
l 1950 1951
l 1951 1952
l 1952 1953
l 1953 1954
l 1954 1955
l 1955 1956
l 1956 1957
l 1957 1958
l 1958 1959
l 1959 1960
l 1960 1961
l 1961 1962
l 1962 1963
l 1963 1964
l 1964 1965
l 1965 1966
l 1966 1967
l 1967 1968
l 1968 1969
l 1969 1970
l 1970 1971
l 1971 1972
l 1972 1973
l 1973 1974
l 1974 1975
l 1975 1976
l 1976 1977
l 1977 1978
l 1978 1979
l 1979 1980
l 1980 1981
l 1981 1982
l 1982 1983
l 1983 1984
l 1984 1985
l 1985 1986
l 1986 1987
l 1987 1988
l 1988 1989
l 1989 1990
l 1990 1991
l 1991 1992
l 1992 1993
l 1993 1994
l 1994 1995
l 1995 1996
l 1996 1997
l 1997 1998
l 1998 1999
l 1999 2000
l 2000 2001
l 2001 2002
l 2002 2003
l 2003 2004
l 2004 2005
l 2005 2006
l 2006 2007
l 2007 2008
l 2008 2009
l 2009 2010
l 2010 2011
l 2011 2012
l 2012 2013
l 2013 2014
l 2014 2015
l 2015 2016
l 2016 2017
l 2017 2018
l 2018 2019
l 2019 2020
l 2020 2021
l 2021 2022
l 2022 2023
l 2023 2024
l 2024 2025
l 2025 2026
l 2026 2027
l 2027 2028
l 2028 2029
l 2029 2030
l 2030 2031
l 2031 2032
l 2032 2033
l 2033 2034
l 2034 2035
l 2035 2036
l 2036 2037
l 2037 2038
l 2038 2039
l 2039 2040
l 2040 2041
l 2041 2042
l 2042 2043
l 2043 2044
l 2044 2045
l 2045 2046
l 2046 2047
l 2047 2048
l 2048 2049
l 2049 2050
l 2050 2051
l 2051 2052
l 2052 2053
l 2053 2054
l 2054 2055
l 2055 2056
l 2056 2057
l 2057 2058
l 2058 2059
l 2059 2060
l 2060 2061
l 2061 2062
l 2062 2063
l 2063 2064
l 2064 2065
l 2065 2066
l 2066 2067
l 2067 2068
l 2068 2069
l 2069 2070
l 2070 2071
l 2072 2073
l 2073 2074
l 2074 2075
l 2075 2076
l 2076 2077
l 2077 2078
l 2078 2079
l 2079 2080
l 2080 2081
l 2081 2082
l 2082 2083
l 2083 2084
l 2084 2085
l 2085 2086
l 2086 2087
l 2087 2088
l 2088 2089
l 2089 2090
l 2090 2091
l 2091 2092
l 2092 2093
l 2093 2094
l 2094 2095
l 2095 2096
l 2096 2097
l 2097 2098
l 2098 2099
l 2099 2100
l 2100 2101
l 2101 2102
l 2102 2103
l 2103 2104
l 2104 2105
l 2105 2106
l 2106 2107
l 2107 2108
l 2108 2109
l 2109 2110
l 2110 2111
l 2111 2112
l 2112 2113
l 2113 2114
l 2114 2115
l 2115 2116
l 2116 2117
l 2117 2118
l 2118 2119
l 2119 2120
l 2120 2121
l 2121 2122
l 2122 2123
l 2123 2124
l 2124 2125
l 2125 2126
l 2126 2127
l 2127 2128
l 2128 2129
l 2129 2130
l 2130 2131
l 2131 2132
l 2132 2133
l 2133 2134
l 2134 2135
l 2135 2136
l 2136 2137
l 2137 2138
l 2138 2139
l 2139 2140
l 2140 2141
l 2141 2142
l 2142 2143
l 2143 2144
l 2144 2145
l 2145 2146
l 2146 2147
l 2147 2148
l 2148 2149
l 2149 2150
l 2150 2151
l 2151 2152
l 2152 2153
l 2153 2154
l 2154 2155
l 2155 2156
l 2156 2157
l 2157 2158
l 2158 2159
l 2159 2160
l 2160 2161
l 2161 2162
l 2162 2163
l 2163 2164
l 2164 2165
l 2165 2166
l 2166 2167
l 2167 2168
l 2168 2169
l 2169 2170
l 2170 2171
l 2171 2172
l 2172 2173
l 2173 2174
l 2174 2175
l 2175 2176
l 2176 2177
l 2177 2178
l 2178 2179
l 2179 2180
l 2180 2181
l 2181 2182
l 2182 2183
l 2183 2184
l 2184 2185
l 2185 2186
l 2186 2187
l 2187 2188
l 2188 2189
l 2189 2190
l 2190 2191
l 2191 2192
l 2192 2193
l 2193 2194
l 2195 2196
l 2196 2197
l 2197 2198
l 2198 2199
l 2199 2200
l 2200 2201
l 2201 2202
l 2202 2203
l 2203 2204
l 2204 2205
l 2205 2206
l 2206 2207
l 2207 2208
l 2208 2209
l 2209 2210
l 2210 2211
l 2211 2212
l 2212 2213
l 2213 2214
l 2214 2215
l 2215 2216
l 2216 2217
l 2217 2218
l 2218 2219
l 2219 2220
l 2220 2221
l 2221 2222
l 2222 2223
l 2223 2224
l 2224 2225
l 2225 2226
l 2226 2227
l 2227 2228
l 2228 2229
l 2229 2230
l 2230 2231
l 2231 2232
l 2232 2233
l 2233 2234
l 2234 2235
l 2235 2236
l 2236 2237
l 2237 2238
l 2238 2239
l 2239 2240
l 2240 2241
l 2241 2242
l 2242 2243
l 2243 2244
l 2244 2245
l 2245 2246
l 2246 2247
l 2247 2248
l 2248 2249
l 2249 2250
l 2250 2251
l 2251 2252
l 2252 2253
l 2253 2254
l 2254 2255
l 2255 2256
l 2256 2257
l 2257 2258
l 2258 2259
l 2259 2260
l 2260 2261
l 2261 2262
l 2262 2263
l 2263 2264
l 2264 2265
l 2265 2266
l 2266 2267
l 2267 2268
l 2268 2269
l 2269 2270
l 2270 2271
l 2271 2272
l 2272 2273
l 2273 2274
l 2274 2275
l 2275 2276
l 2276 2277
l 2277 2278
l 2278 2279
l 2279 2280
l 2280 2281
l 2281 2282
l 2282 2283
l 2283 2284
l 2284 2285
l 2285 2286
l 2286 2287
l 2287 2288
l 2288 2289
l 2289 2290
l 2290 2291
l 2291 2292
l 2292 2293
l 2293 2294
l 2294 2295
l 2295 2296
l 2296 2297
l 2297 2298
l 2298 2299
l 2299 2300
l 2300 2301
l 2301 2302
l 2302 2303
l 2303 2304
l 2304 2305
l 2305 2306
l 2306 2307
l 2307 2308
l 2308 2309
l 2309 2310
l 2310 2311
l 2311 2312
l 2312 2313
l 2313 2314
l 2314 2315
l 2315 2316
l 2316 2317
l 2317 2318
l 2318 2319
l 2320 2321
l 2321 2322
l 2322 2323
l 2323 2324
l 2324 2325
l 2325 2326
l 2326 2327
l 2327 2328
l 2328 2329
l 2329 2330
l 2330 2331
l 2331 2332
l 2332 2333
l 2333 2334
l 2334 2335
l 2335 2336
l 2336 2337
l 2337 2338
l 2338 2339
l 2339 2340
l 2340 2341
l 2341 2342
l 2342 2343
l 2343 2344
l 2344 2345
l 2345 2346
l 2346 2347
l 2347 2348
l 2348 2349
l 2349 2350
l 2350 2351
l 2351 2352
l 2352 2353
l 2353 2354
l 2354 2355
l 2355 2356
l 2356 2357
l 2357 2358
l 2358 2359
l 2359 2360
l 2360 2361
l 2361 2362
l 2362 2363
l 2363 2364
l 2364 2365
l 2365 2366
l 2366 2367
l 2367 2368
l 2368 2369
l 2369 2370
l 2370 2371
l 2371 2372
l 2372 2373
l 2373 2374
l 2374 2375
l 2375 2376
l 2376 2377
l 2377 2378
l 2378 2379
l 2379 2380
l 2380 2381
l 2381 2382
l 2382 2383
l 2383 2384
l 2384 2385
l 2385 2386
l 2386 2387
l 2387 2388
l 2388 2389
l 2389 2390
l 2390 2391
l 2391 2392
l 2392 2393
l 2393 2394
l 2394 2395
l 2395 2396
l 2396 2397
l 2397 2398
l 2398 2399
l 2399 2400
l 2400 2401
l 2401 2402
l 2402 2403
l 2403 2404
l 2404 2405
l 2405 2406
l 2406 2407
l 2407 2408
l 2408 2409
l 2409 2410
l 2410 2411
l 2411 2412
l 2412 2413
l 2413 2414
l 2414 2415
l 2415 2416
l 2416 2417
l 2417 2418
l 2418 2419
l 2419 2420
l 2420 2421
l 2421 2422
l 2422 2423
l 2423 2424
l 2424 2425
l 2425 2426
l 2426 2427
l 2427 2428
l 2428 2429
l 2429 2430
l 2430 2431
l 2431 2432
l 2432 2433
l 2433 2434
l 2434 2435
l 2435 2436
l 2436 2437
l 2437 2438
l 2438 2439
l 2439 2440
l 2440 2441
l 2441 2442
l 2442 2443
l 2443 2444
l 2445 2446
l 2446 2447
l 2447 2448
l 2448 2449
l 2449 2450
l 2450 2451
l 2451 2452
l 2452 2453
l 2453 2454
l 2454 2455
l 2455 2456
l 2456 2457
l 2457 2458
l 2458 2459
l 2459 2460
l 2460 2461
l 2461 2462
l 2462 2463
l 2463 2464
l 2464 2465
l 2465 2466
l 2466 2467
l 2467 2468
l 2468 2469
l 2469 2470
l 2470 2471
l 2471 2472
l 2472 2473
l 2473 2474
l 2474 2475
l 2475 2476
l 2476 2477
l 2477 2478
l 2478 2479
l 2479 2480
l 2480 2481
l 2481 2482
l 2482 2483
l 2483 2484
l 2484 2485
l 2485 2486
l 2486 2487
l 2487 2488
l 2488 2489
l 2489 2490
l 2490 2491
l 2491 2492
l 2492 2493
l 2493 2494
l 2494 2495
l 2495 2496
l 2496 2497
l 2497 2498
l 2498 2499
l 2499 2500
l 2500 2501
l 2501 2502
l 2502 2503
l 2503 2504
l 2504 2505
l 2505 2506
l 2506 2507
l 2507 2508
l 2508 2509
l 2509 2510
l 2510 2511
l 2511 2512
l 2512 2513
l 2513 2514
l 2514 2515
l 2515 2516
l 2516 2517
l 2517 2518
l 2518 2519
l 2519 2520
l 2520 2521
l 2521 2522
l 2522 2523
l 2523 2524
l 2524 2525
l 2525 2526
l 2526 2527
l 2527 2528
l 2528 2529
l 2529 2530
l 2530 2531
l 2531 2532
l 2532 2533
l 2533 2534
l 2534 2535
l 2535 2536
l 2536 2537
l 2537 2538
l 2538 2539
l 2539 2540
l 2540 2541
l 2541 2542
l 2542 2543
l 2543 2544
l 2544 2545
l 2545 2546
l 2546 2547
l 2547 2548
l 2548 2549
l 2549 2550
l 2550 2551
l 2551 2552
l 2552 2553
l 2553 2554
l 2554 2555
l 2555 2556
l 2556 2557
l 2557 2558
l 2558 2559
l 2559 2560
l 2560 2561
l 2561 2562
l 2562 2563
l 2563 2564
l 2564 2565
l 2565 2566
l 2566 2567
l 2567 2568
l 2568 2569
l 2570 2571
l 2571 2572
l 2572 2573
l 2573 2574
l 2574 2575
l 2575 2576
l 2576 2577
l 2577 2578
l 2578 2579
l 2579 2580
l 2580 2581
l 2581 2582
l 2582 2583
l 2583 2584
l 2584 2585
l 2585 2586
l 2586 2587
l 2587 2588
l 2588 2589
l 2589 2590
l 2590 2591
l 2591 2592
l 2592 2593
l 2593 2594
l 2594 2595
l 2595 2596
l 2596 2597
l 2597 2598
l 2598 2599
l 2599 2600
l 2600 2601
l 2601 2602
l 2602 2603
l 2603 2604
l 2604 2605
l 2605 2606
l 2606 2607
l 2607 2608
l 2608 2609
l 2609 2610
l 2610 2611
l 2611 2612
l 2612 2613
l 2613 2614
l 2614 2615
l 2615 2616
l 2616 2617
l 2617 2618
l 2618 2619
l 2619 2620
l 2620 2621
l 2621 2622
l 2622 2623
l 2623 2624
l 2624 2625
l 2625 2626
l 2626 2627
l 2627 2628
l 2628 2629
l 2629 2630
l 2630 2631
l 2631 2632
l 2632 2633
l 2633 2634
l 2634 2635
l 2635 2636
l 2636 2637
l 2637 2638
l 2638 2639
l 2639 2640
l 2640 2641
l 2641 2642
l 2642 2643
l 2643 2644
l 2644 2645
l 2645 2646
l 2646 2647
l 2647 2648
l 2648 2649
l 2649 2650
l 2650 2651
l 2651 2652
l 2652 2653
l 2653 2654
l 2654 2655
l 2655 2656
l 2656 2657
l 2657 2658
l 2658 2659
l 2659 2660
l 2660 2661
l 2661 2662
l 2662 2663
l 2663 2664
l 2664 2665
l 2665 2666
l 2666 2667
l 2667 2668
l 2668 2669
l 2669 2670
l 2670 2671
l 2671 2672
l 2672 2673
l 2673 2674
l 2674 2675
l 2675 2676
l 2676 2677
l 2677 2678
l 2678 2679
l 2679 2680
l 2680 2681
l 2681 2682
l 2682 2683
l 2683 2684
l 2684 2685
l 2685 2686
l 2686 2687
l 2687 2688
l 2688 2689
l 2689 2690
l 2690 2691
l 2691 2692
l 2692 2693
l 2693 2694
l 2695 2696
l 2696 2697
l 2697 2698
l 2698 2699
l 2699 2700
l 2700 2701
l 2701 2702
l 2702 2703
l 2703 2704
l 2704 2705
l 2705 2706
l 2706 2707
l 2707 2708
l 2708 2709
l 2709 2710
l 2710 2711
l 2711 2712
l 2712 2713
l 2713 2714
l 2714 2715
l 2715 2716
l 2716 2717
l 2717 2718
l 2718 2719
l 2719 2720
l 2720 2721
l 2721 2722
l 2722 2723
l 2723 2724
l 2724 2725
l 2725 2726
l 2726 2727
l 2727 2728
l 2728 2729
l 2729 2730
l 2730 2731
l 2731 2732
l 2732 2733
l 2733 2734
l 2734 2735
l 2735 2736
l 2736 2737
l 2737 2738
l 2738 2739
l 2739 2740
l 2740 2741
l 2741 2742
l 2742 2743
l 2743 2744
l 2744 2745
l 2745 2746
l 2746 2747
l 2747 2748
l 2748 2749
l 2749 2750
l 2750 2751
l 2751 2752
l 2752 2753
l 2753 2754
l 2754 2755
l 2755 2756
l 2756 2757
l 2757 2758
l 2758 2759
l 2759 2760
l 2760 2761
l 2761 2762
l 2762 2763
l 2763 2764
l 2764 2765
l 2765 2766
l 2766 2767
l 2767 2768
l 2768 2769
l 2769 2770
l 2770 2771
l 2771 2772
l 2772 2773
l 2773 2774
l 2774 2775
l 2775 2776
l 2776 2777
l 2777 2778
l 2778 2779
l 2779 2780
l 2780 2781
l 2781 2782
l 2782 2783
l 2783 2784
l 2784 2785
l 2785 2786
l 2786 2787
l 2787 2788
l 2788 2789
l 2789 2790
l 2790 2791
l 2791 2792
l 2792 2793
l 2793 2794
l 2794 2795
l 2795 2796
l 2796 2797
l 2797 2798
l 2798 2799
l 2799 2800
l 2800 2801
l 2801 2802
l 2802 2803
l 2803 2804
l 2804 2805
l 2805 2806
l 2806 2807
l 2807 2808
l 2808 2809
l 2809 2810
l 2810 2811
l 2811 2812
l 2812 2813
l 2813 2814
l 2814 2815
l 2815 2816
l 2816 2817
l 2817 2818
l 2818 2819
l 2820 2821
l 2821 2822
l 2822 2823
l 2823 2824
l 2824 2825
l 2825 2826
l 2826 2827
l 2827 2828
l 2828 2829
l 2829 2830
l 2830 2831
l 2831 2832
l 2832 2833
l 2833 2834
l 2834 2835
l 2835 2836
l 2836 2837
l 2837 2838
l 2838 2839
l 2839 2840
l 2840 2841
l 2841 2842
l 2842 2843
l 2843 2844
l 2844 2845
l 2845 2846
l 2846 2847
l 2847 2848
l 2848 2849
l 2849 2850
l 2850 2851
l 2851 2852
l 2852 2853
l 2853 2854
l 2854 2855
l 2855 2856
l 2856 2857
l 2857 2858
l 2858 2859
l 2859 2860
l 2860 2861
l 2861 2862
l 2862 2863
l 2863 2864
l 2864 2865
l 2865 2866
l 2866 2867
l 2867 2868
l 2868 2869
l 2869 2870
l 2870 2871
l 2871 2872
l 2872 2873
l 2873 2874
l 2874 2875
l 2875 2876
l 2876 2877
l 2877 2878
l 2878 2879
l 2879 2880
l 2880 2881
l 2881 2882
l 2882 2883
l 2883 2884
l 2884 2885
l 2885 2886
l 2886 2887
l 2887 2888
l 2888 2889
l 2889 2890
l 2890 2891
l 2891 2892
l 2892 2893
l 2893 2894
l 2894 2895
l 2895 2896
l 2896 2897
l 2897 2898
l 2898 2899
l 2899 2900
l 2900 2901
l 2901 2902
l 2902 2903
l 2903 2904
l 2904 2905
l 2905 2906
l 2906 2907
l 2907 2908
l 2908 2909
l 2909 2910
l 2910 2911
l 2911 2912
l 2912 2913
l 2913 2914
l 2914 2915
l 2915 2916
l 2916 2917
l 2917 2918
l 2918 2919
l 2919 2920
l 2920 2921
l 2921 2922
l 2922 2923
l 2923 2924
l 2924 2925
l 2925 2926
l 2926 2927
l 2927 2928
l 2928 2929
l 2929 2930
l 2930 2931
l 2931 2932
l 2932 2933
l 2933 2934
l 2934 2935
l 2935 2936
l 2936 2937
l 2937 2938
l 2938 2939
l 2939 2940
l 2940 2941
l 2941 2942
l 2942 2943
l 2943 2944
l 2944 2945
l 2945 2946
l 2947 2948
l 2948 2949
l 2949 2950
l 2950 2951
l 2951 2952
l 2952 2953
l 2953 2954
l 2954 2955
l 2955 2956
l 2956 2957
l 2957 2958
l 2958 2959
l 2959 2960
l 2960 2961
l 2961 2962
l 2962 2963
l 2963 2964
l 2964 2965
l 2965 2966
l 2966 2967
l 2967 2968
l 2968 2969
l 2969 2970
l 2970 2971
l 2971 2972
l 2972 2973
l 2973 2974
l 2974 2975
l 2975 2976
l 2976 2977
l 2977 2978
l 2978 2979
l 2979 2980
l 2980 2981
l 2981 2982
l 2982 2983
l 2983 2984
l 2984 2985
l 2985 2986
l 2986 2987
l 2987 2988
l 2988 2989
l 2989 2990
l 2990 2991
l 2991 2992
l 2992 2993
l 2993 2994
l 2994 2995
l 2995 2996
l 2996 2997
l 2997 2998
l 2998 2999
l 2999 3000
l 3000 3001
l 3001 3002
l 3002 3003
l 3003 3004
l 3004 3005
l 3005 3006
l 3006 3007
l 3007 3008
l 3008 3009
l 3009 3010
l 3010 3011
l 3011 3012
l 3012 3013
l 3013 3014
l 3014 3015
l 3015 3016
l 3016 3017
l 3017 3018
l 3018 3019
l 3019 3020
l 3020 3021
l 3021 3022
l 3022 3023
l 3023 3024
l 3024 3025
l 3025 3026
l 3026 3027
l 3027 3028
l 3028 3029
l 3029 3030
l 3030 3031
l 3031 3032
l 3032 3033
l 3033 3034
l 3034 3035
l 3035 3036
l 3036 3037
l 3037 3038
l 3038 3039
l 3039 3040
l 3040 3041
l 3041 3042
l 3042 3043
l 3043 3044
l 3044 3045
l 3045 3046
l 3046 3047
l 3047 3048
l 3048 3049
l 3049 3050
l 3050 3051
l 3051 3052
l 3052 3053
l 3053 3054
l 3054 3055
l 3055 3056
l 3056 3057
l 3057 3058
l 3058 3059
l 3059 3060
l 3060 3061
l 3061 3062
l 3062 3063
l 3063 3064
l 3064 3065
l 3065 3066
l 3066 3067
l 3067 3068
l 3068 3069
l 3069 3070
l 3070 3071
l 3071 3072
l 3072 3073
l 3074 3075
l 3075 3076
l 3076 3077
l 3077 3078
l 3078 3079
l 3079 3080
l 3080 3081
l 3081 3082
l 3082 3083
l 3083 3084
l 3084 3085
l 3085 3086
l 3086 3087
l 3087 3088
l 3088 3089
l 3089 3090
l 3090 3091
l 3091 3092
l 3092 3093
l 3093 3094
l 3094 3095
l 3095 3096
l 3096 3097
l 3097 3098
l 3098 3099
l 3099 3100
l 3100 3101
l 3101 3102
l 3102 3103
l 3103 3104
l 3104 3105
l 3105 3106
l 3106 3107
l 3107 3108
l 3108 3109
l 3109 3110
l 3110 3111
l 3111 3112
l 3112 3113
l 3113 3114
l 3114 3115
l 3115 3116
l 3116 3117
l 3117 3118
l 3118 3119
l 3119 3120
l 3120 3121
l 3121 3122
l 3122 3123
l 3123 3124
l 3124 3125
l 3125 3126
l 3126 3127
l 3127 3128
l 3128 3129
l 3129 3130
l 3130 3131
l 3131 3132
l 3132 3133
l 3133 3134
l 3134 3135
l 3135 3136
l 3136 3137
l 3137 3138
l 3138 3139
l 3139 3140
l 3140 3141
l 3141 3142
l 3142 3143
l 3143 3144
l 3144 3145
l 3145 3146
l 3146 3147
l 3147 3148
l 3148 3149
l 3149 3150
l 3150 3151
l 3151 3152
l 3152 3153
l 3153 3154
l 3154 3155
l 3155 3156
l 3156 3157
l 3157 3158
l 3158 3159
l 3159 3160
l 3160 3161
l 3161 3162
l 3162 3163
l 3163 3164
l 3164 3165
l 3165 3166
l 3166 3167
l 3167 3168
l 3168 3169
l 3169 3170
l 3170 3171
l 3171 3172
l 3172 3173
l 3173 3174
l 3174 3175
l 3175 3176
l 3176 3177
l 3177 3178
l 3178 3179
l 3179 3180
l 3180 3181
l 3181 3182
l 3182 3183
l 3183 3184
l 3184 3185
l 3185 3186
l 3186 3187
l 3187 3188
l 3188 3189
l 3189 3190
l 3190 3191
l 3191 3192
l 3192 3193
l 3193 3194
l 3194 3195
l 3195 3196
l 3196 3197
l 3197 3198
l 3198 3199
l 3199 3200
l 3201 3202
l 3202 3203
l 3203 3204
l 3204 3205
l 3205 3206
l 3206 3207
l 3207 3208
l 3208 3209
l 3209 3210
l 3210 3211
l 3211 3212
l 3212 3213
l 3213 3214
l 3214 3215
l 3215 3216
l 3216 3217
l 3217 3218
l 3218 3219
l 3219 3220
l 3220 3221
l 3221 3222
l 3222 3223
l 3223 3224
l 3224 3225
l 3225 3226
l 3226 3227
l 3227 3228
l 3228 3229
l 3229 3230
l 3230 3231
l 3231 3232
l 3232 3233
l 3233 3234
l 3234 3235
l 3235 3236
l 3236 3237
l 3237 3238
l 3238 3239
l 3239 3240
l 3240 3241
l 3241 3242
l 3242 3243
l 3243 3244
l 3244 3245
l 3245 3246
l 3246 3247
l 3247 3248
l 3248 3249
l 3249 3250
l 3250 3251
l 3251 3252
l 3252 3253
l 3253 3254
l 3254 3255
l 3255 3256
l 3256 3257
l 3257 3258
l 3258 3259
l 3259 3260
l 3260 3261
l 3261 3262
l 3262 3263
l 3263 3264
l 3264 3265
l 3265 3266
l 3266 3267
l 3267 3268
l 3268 3269
l 3269 3270
l 3270 3271
l 3271 3272
l 3272 3273
l 3273 3274
l 3274 3275
l 3275 3276
l 3276 3277
l 3277 3278
l 3278 3279
l 3279 3280
l 3280 3281
l 3281 3282
l 3282 3283
l 3283 3284
l 3284 3285
l 3285 3286
l 3286 3287
l 3287 3288
l 3288 3289
l 3289 3290
l 3290 3291
l 3291 3292
l 3292 3293
l 3293 3294
l 3294 3295
l 3295 3296
l 3296 3297
l 3297 3298
l 3298 3299
l 3299 3300
l 3300 3301
l 3301 3302
l 3302 3303
l 3303 3304
l 3304 3305
l 3305 3306
l 3306 3307
l 3307 3308
l 3308 3309
l 3309 3310
l 3310 3311
l 3311 3312
l 3312 3313
l 3313 3314
l 3314 3315
l 3315 3316
l 3316 3317
l 3317 3318
l 3318 3319
l 3319 3320
l 3320 3321
l 3321 3322
l 3322 3323
l 3323 3324
l 3324 3325
l 3325 3326
l 3326 3327
l 3328 3329
l 3329 3330
l 3330 3331
l 3331 3332
l 3332 3333
l 3333 3334
l 3334 3335
l 3335 3336
l 3336 3337
l 3337 3338
l 3338 3339
l 3339 3340
l 3340 3341
l 3341 3342
l 3342 3343
l 3343 3344
l 3344 3345
l 3345 3346
l 3346 3347
l 3347 3348
l 3348 3349
l 3349 3350
l 3350 3351
l 3351 3352
l 3352 3353
l 3353 3354
l 3354 3355
l 3355 3356
l 3356 3357
l 3357 3358
l 3358 3359
l 3359 3360
l 3360 3361
l 3361 3362
l 3362 3363
l 3363 3364
l 3364 3365
l 3365 3366
l 3366 3367
l 3367 3368
l 3368 3369
l 3369 3370
l 3370 3371
l 3371 3372
l 3372 3373
l 3373 3374
l 3374 3375
l 3375 3376
l 3376 3377
l 3377 3378
l 3378 3379
l 3379 3380
l 3380 3381
l 3381 3382
l 3382 3383
l 3383 3384
l 3384 3385
l 3385 3386
l 3386 3387
l 3387 3388
l 3388 3389
l 3389 3390
l 3390 3391
l 3391 3392
l 3392 3393
l 3393 3394
l 3394 3395
l 3395 3396
l 3396 3397
l 3397 3398
l 3398 3399
l 3399 3400
l 3400 3401
l 3401 3402
l 3402 3403
l 3403 3404
l 3404 3405
l 3405 3406
l 3406 3407
l 3407 3408
l 3408 3409
l 3409 3410
l 3410 3411
l 3411 3412
l 3412 3413
l 3413 3414
l 3414 3415
l 3415 3416
l 3416 3417
l 3417 3418
l 3418 3419
l 3419 3420
l 3420 3421
l 3421 3422
l 3422 3423
l 3423 3424
l 3424 3425
l 3425 3426
l 3426 3427
l 3427 3428
l 3428 3429
l 3429 3430
l 3430 3431
l 3431 3432
l 3432 3433
l 3433 3434
l 3434 3435
l 3435 3436
l 3436 3437
l 3437 3438
l 3438 3439
l 3439 3440
l 3440 3441
l 3441 3442
l 3442 3443
l 3443 3444
l 3444 3445
l 3445 3446
l 3446 3447
l 3447 3448
l 3448 3449
l 3449 3450
l 3450 3451
l 3451 3452
l 3452 3453
l 3453 3454
l 3455 3456
l 3456 3457
l 3457 3458
l 3458 3459
l 3459 3460
l 3460 3461
l 3461 3462
l 3462 3463
l 3463 3464
l 3464 3465
l 3465 3466
l 3466 3467
l 3467 3468
l 3468 3469
l 3469 3470
l 3470 3471
l 3471 3472
l 3472 3473
l 3473 3474
l 3474 3475
l 3475 3476
l 3476 3477
l 3477 3478
l 3478 3479
l 3479 3480
l 3480 3481
l 3481 3482
l 3482 3483
l 3483 3484
l 3484 3485
l 3485 3486
l 3486 3487
l 3487 3488
l 3488 3489
l 3489 3490
l 3490 3491
l 3491 3492
l 3492 3493
l 3493 3494
l 3494 3495
l 3495 3496
l 3496 3497
l 3497 3498
l 3498 3499
l 3499 3500
l 3500 3501
l 3501 3502
l 3502 3503
l 3503 3504
l 3504 3505
l 3505 3506
l 3506 3507
l 3507 3508
l 3508 3509
l 3509 3510
l 3510 3511
l 3511 3512
l 3512 3513
l 3513 3514
l 3514 3515
l 3515 3516
l 3516 3517
l 3517 3518
l 3518 3519
l 3519 3520
l 3520 3521
l 3521 3522
l 3522 3523
l 3523 3524
l 3524 3525
l 3525 3526
l 3526 3527
l 3527 3528
l 3528 3529
l 3529 3530
l 3530 3531
l 3531 3532
l 3532 3533
l 3533 3534
l 3534 3535
l 3535 3536
l 3536 3537
l 3537 3538
l 3538 3539
l 3539 3540
l 3540 3541
l 3541 3542
l 3542 3543
l 3543 3544
l 3544 3545
l 3545 3546
l 3546 3547
l 3547 3548
l 3548 3549
l 3549 3550
l 3550 3551
l 3551 3552
l 3552 3553
l 3553 3554
l 3554 3555
l 3555 3556
l 3556 3557
l 3557 3558
l 3558 3559
l 3559 3560
l 3560 3561
l 3561 3562
l 3562 3563
l 3563 3564
l 3564 3565
l 3565 3566
l 3566 3567
l 3567 3568
l 3568 3569
l 3569 3570
l 3570 3571
l 3571 3572
l 3572 3573
l 3573 3574
l 3574 3575
l 3575 3576
l 3576 3577
l 3577 3578
l 3578 3579
l 3579 3580
l 3580 3581
l 3582 3583
l 3583 3584
l 3584 3585
l 3585 3586
l 3586 3587
l 3587 3588
l 3588 3589
l 3589 3590
l 3590 3591
l 3591 3592
l 3592 3593
l 3593 3594
l 3594 3595
l 3595 3596
l 3596 3597
l 3597 3598
l 3598 3599
l 3599 3600
l 3600 3601
l 3601 3602
l 3602 3603
l 3603 3604
l 3604 3605
l 3605 3606
l 3606 3607
l 3607 3608
l 3608 3609
l 3609 3610
l 3610 3611
l 3611 3612
l 3612 3613
l 3613 3614
l 3614 3615
l 3615 3616
l 3616 3617
l 3617 3618
l 3618 3619
l 3619 3620
l 3620 3621
l 3621 3622
l 3622 3623
l 3623 3624
l 3624 3625
l 3625 3626
l 3626 3627
l 3627 3628
l 3628 3629
l 3629 3630
l 3630 3631
l 3631 3632
l 3632 3633
l 3633 3634
l 3634 3635
l 3635 3636
l 3636 3637
l 3637 3638
l 3638 3639
l 3639 3640
l 3640 3641
l 3641 3642
l 3642 3643
l 3643 3644
l 3644 3645
l 3645 3646
l 3646 3647
l 3647 3648
l 3648 3649
l 3649 3650
l 3650 3651
l 3651 3652
l 3652 3653
l 3653 3654
l 3654 3655
l 3655 3656
l 3656 3657
l 3657 3658
l 3658 3659
l 3659 3660
l 3660 3661
l 3661 3662
l 3662 3663
l 3663 3664
l 3664 3665
l 3665 3666
l 3666 3667
l 3667 3668
l 3668 3669
l 3669 3670
l 3670 3671
l 3671 3672
l 3672 3673
l 3673 3674
l 3674 3675
l 3675 3676
l 3676 3677
l 3677 3678
l 3678 3679
l 3679 3680
l 3680 3681
l 3681 3682
l 3682 3683
l 3683 3684
l 3684 3685
l 3685 3686
l 3686 3687
l 3687 3688
l 3688 3689
l 3689 3690
l 3690 3691
l 3691 3692
l 3692 3693
l 3693 3694
l 3694 3695
l 3695 3696
l 3696 3697
l 3697 3698
l 3698 3699
l 3699 3700
l 3700 3701
l 3701 3702
l 3702 3703
l 3703 3704
l 3704 3705
l 3705 3706
l 3706 3707
l 3707 3708
l 3709 3710
l 3710 3711
l 3711 3712
l 3712 3713
l 3713 3714
l 3714 3715
l 3715 3716
l 3716 3717
l 3717 3718
l 3718 3719
l 3719 3720
l 3720 3721
l 3721 3722
l 3722 3723
l 3723 3724
l 3724 3725
l 3725 3726
l 3726 3727
l 3727 3728
l 3728 3729
l 3729 3730
l 3730 3731
l 3731 3732
l 3732 3733
l 3733 3734
l 3734 3735
l 3735 3736
l 3736 3737
l 3737 3738
l 3738 3739
l 3739 3740
l 3740 3741
l 3741 3742
l 3742 3743
l 3743 3744
l 3744 3745
l 3745 3746
l 3746 3747
l 3747 3748
l 3748 3749
l 3749 3750
l 3750 3751
l 3751 3752
l 3752 3753
l 3753 3754
l 3754 3755
l 3755 3756
l 3756 3757
l 3757 3758
l 3758 3759
l 3759 3760
l 3760 3761
l 3761 3762
l 3762 3763
l 3763 3764
l 3764 3765
l 3765 3766
l 3766 3767
l 3767 3768
l 3768 3769
l 3769 3770
l 3770 3771
l 3771 3772
l 3772 3773
l 3773 3774
l 3774 3775
l 3775 3776
l 3776 3777
l 3777 3778
l 3778 3779
l 3779 3780
l 3780 3781
l 3781 3782
l 3782 3783
l 3783 3784
l 3784 3785
l 3785 3786
l 3786 3787
l 3787 3788
l 3788 3789
l 3789 3790
l 3790 3791
l 3791 3792
l 3792 3793
l 3793 3794
l 3794 3795
l 3795 3796
l 3796 3797
l 3797 3798
l 3798 3799
l 3799 3800
l 3800 3801
l 3801 3802
l 3802 3803
l 3803 3804
l 3804 3805
l 3805 3806
l 3806 3807
l 3807 3808
l 3808 3809
l 3809 3810
l 3810 3811
l 3811 3812
l 3812 3813
l 3813 3814
l 3814 3815
l 3815 3816
l 3816 3817
l 3817 3818
l 3818 3819
l 3819 3820
l 3820 3821
l 3821 3822
l 3822 3823
l 3823 3824
l 3824 3825
l 3825 3826
l 3826 3827
l 3827 3828
l 3828 3829
l 3829 3830
l 3830 3831
l 3831 3832
l 3832 3833
l 3833 3834
l 3834 3835
l 3836 3837
l 3837 3838
l 3838 3839
l 3839 3840
l 3840 3841
l 3841 3842
l 3842 3843
l 3843 3844
l 3844 3845
l 3845 3846
l 3846 3847
l 3847 3848
l 3848 3849
l 3849 3850
l 3850 3851
l 3851 3852
l 3852 3853
l 3853 3854
l 3854 3855
l 3855 3856
l 3856 3857
l 3857 3858
l 3858 3859
l 3859 3860
l 3860 3861
l 3861 3862
l 3862 3863
l 3863 3864
l 3864 3865
l 3865 3866
l 3866 3867
l 3867 3868
l 3868 3869
l 3869 3870
l 3870 3871
l 3871 3872
l 3872 3873
l 3873 3874
l 3874 3875
l 3875 3876
l 3876 3877
l 3877 3878
l 3878 3879
l 3879 3880
l 3880 3881
l 3881 3882
l 3882 3883
l 3883 3884
l 3884 3885
l 3885 3886
l 3886 3887
l 3887 3888
l 3888 3889
l 3889 3890
l 3890 3891
l 3891 3892
l 3892 3893
l 3893 3894
l 3894 3895
l 3895 3896
l 3896 3897
l 3897 3898
l 3898 3899
l 3899 3900
l 3900 3901
l 3901 3902
l 3902 3903
l 3903 3904
l 3904 3905
l 3905 3906
l 3906 3907
l 3907 3908
l 3908 3909
l 3909 3910
l 3910 3911
l 3911 3912
l 3912 3913
l 3913 3914
l 3914 3915
l 3915 3916
l 3916 3917
l 3917 3918
l 3918 3919
l 3919 3920
l 3920 3921
l 3921 3922
l 3922 3923
l 3923 3924
l 3924 3925
l 3925 3926
l 3926 3927
l 3927 3928
l 3928 3929
l 3929 3930
l 3930 3931
l 3931 3932
l 3932 3933
l 3933 3934
l 3934 3935
l 3935 3936
l 3936 3937
l 3937 3938
l 3938 3939
l 3939 3940
l 3940 3941
l 3941 3942
l 3942 3943
l 3943 3944
l 3944 3945
l 3945 3946
l 3946 3947
l 3947 3948
l 3948 3949
l 3949 3950
l 3950 3951
l 3951 3952
l 3952 3953
l 3953 3954
l 3954 3955
l 3955 3956
l 3956 3957
l 3957 3958
l 3958 3959
l 3959 3960
l 3960 3961
l 3961 3962
l 3963 3964
l 3964 3965
l 3965 3966
l 3966 3967
l 3967 3968
l 3968 3969
l 3969 3970
l 3970 3971
l 3971 3972
l 3972 3973
l 3973 3974
l 3974 3975
l 3975 3976
l 3976 3977
l 3977 3978
l 3978 3979
l 3979 3980
l 3980 3981
l 3981 3982
l 3982 3983
l 3983 3984
l 3984 3985
l 3985 3986
l 3986 3987
l 3987 3988
l 3988 3989
l 3989 3990
l 3990 3991
l 3991 3992
l 3992 3993
l 3993 3994
l 3994 3995
l 3995 3996
l 3996 3997
l 3997 3998
l 3998 3999
l 3999 4000
l 4000 4001
l 4001 4002
l 4002 4003
l 4003 4004
l 4004 4005
l 4005 4006
l 4006 4007
l 4007 4008
l 4008 4009
l 4009 4010
l 4010 4011
l 4011 4012
l 4012 4013
l 4013 4014
l 4014 4015
l 4015 4016
l 4016 4017
l 4017 4018
l 4018 4019
l 4019 4020
l 4020 4021
l 4021 4022
l 4022 4023
l 4023 4024
l 4024 4025
l 4025 4026
l 4026 4027
l 4027 4028
l 4028 4029
l 4029 4030
l 4030 4031
l 4031 4032
l 4032 4033
l 4033 4034
l 4034 4035
l 4035 4036
l 4036 4037
l 4037 4038
l 4038 4039
l 4039 4040
l 4040 4041
l 4041 4042
l 4042 4043
l 4043 4044
l 4044 4045
l 4045 4046
l 4046 4047
l 4047 4048
l 4048 4049
l 4049 4050
l 4050 4051
l 4051 4052
l 4052 4053
l 4053 4054
l 4054 4055
l 4055 4056
l 4056 4057
l 4057 4058
l 4058 4059
l 4059 4060
l 4060 4061
l 4061 4062
l 4062 4063
l 4063 4064
l 4064 4065
l 4065 4066
l 4066 4067
l 4067 4068
l 4068 4069
l 4069 4070
l 4070 4071
l 4071 4072
l 4072 4073
l 4073 4074
l 4074 4075
l 4075 4076
l 4076 4077
l 4077 4078
l 4078 4079
l 4079 4080
l 4080 4081
l 4081 4082
l 4082 4083
l 4083 4084
l 4084 4085
l 4085 4086
l 4086 4087
l 4087 4088
l 4088 4089
l 4090 4091
l 4091 4092
l 4092 4093
l 4093 4094
l 4094 4095
l 4095 4096
l 4096 4097
l 4097 4098
l 4098 4099
l 4099 4100
l 4100 4101
l 4101 4102
l 4102 4103
l 4103 4104
l 4104 4105
l 4105 4106
l 4106 4107
l 4107 4108
l 4108 4109
l 4109 4110
l 4110 4111
l 4111 4112
l 4112 4113
l 4113 4114
l 4114 4115
l 4115 4116
l 4116 4117
l 4117 4118
l 4118 4119
l 4119 4120
l 4120 4121
l 4121 4122
l 4122 4123
l 4123 4124
l 4124 4125
l 4125 4126
l 4126 4127
l 4127 4128
l 4128 4129
l 4129 4130
l 4130 4131
l 4131 4132
l 4132 4133
l 4133 4134
l 4134 4135
l 4135 4136
l 4136 4137
l 4137 4138
l 4138 4139
l 4139 4140
l 4140 4141
l 4141 4142
l 4142 4143
l 4143 4144
l 4144 4145
l 4145 4146
l 4146 4147
l 4147 4148
l 4148 4149
l 4149 4150
l 4150 4151
l 4151 4152
l 4152 4153
l 4153 4154
l 4154 4155
l 4155 4156
l 4156 4157
l 4157 4158
l 4158 4159
l 4159 4160
l 4160 4161
l 4161 4162
l 4162 4163
l 4163 4164
l 4164 4165
l 4165 4166
l 4166 4167
l 4167 4168
l 4168 4169
l 4169 4170
l 4170 4171
l 4171 4172
l 4172 4173
l 4173 4174
l 4174 4175
l 4175 4176
l 4176 4177
l 4177 4178
l 4178 4179
l 4179 4180
l 4180 4181
l 4181 4182
l 4182 4183
l 4183 4184
l 4184 4185
l 4185 4186
l 4186 4187
l 4187 4188
l 4188 4189
l 4189 4190
l 4190 4191
l 4191 4192
l 4192 4193
l 4193 4194
l 4194 4195
l 4195 4196
l 4196 4197
l 4197 4198
l 4198 4199
l 4199 4200
l 4200 4201
l 4201 4202
l 4202 4203
l 4203 4204
l 4204 4205
l 4205 4206
l 4206 4207
l 4207 4208
l 4208 4209
l 4209 4210
l 4210 4211
l 4211 4212
l 4212 4213
l 4213 4214
l 4215 4216
l 4216 4217
l 4217 4218
l 4218 4219
l 4219 4220
l 4220 4221
l 4221 4222
l 4222 4223
l 4223 4224
l 4224 4225
l 4225 4226
l 4226 4227
l 4227 4228
l 4228 4229
l 4229 4230
l 4230 4231
l 4231 4232
l 4232 4233
l 4233 4234
l 4234 4235
l 4235 4236
l 4236 4237
l 4237 4238
l 4238 4239
l 4239 4240
l 4240 4241
l 4241 4242
l 4242 4243
l 4243 4244
l 4244 4245
l 4245 4246
l 4246 4247
l 4247 4248
l 4248 4249
l 4249 4250
l 4250 4251
l 4251 4252
l 4252 4253
l 4253 4254
l 4254 4255
l 4255 4256
l 4256 4257
l 4257 4258
l 4258 4259
l 4259 4260
l 4260 4261
l 4261 4262
l 4262 4263
l 4263 4264
l 4264 4265
l 4265 4266
l 4266 4267
l 4267 4268
l 4268 4269
l 4269 4270
l 4270 4271
l 4271 4272
l 4272 4273
l 4273 4274
l 4274 4275
l 4275 4276
l 4276 4277
l 4277 4278
l 4278 4279
l 4279 4280
l 4280 4281
l 4281 4282
l 4282 4283
l 4283 4284
l 4284 4285
l 4285 4286
l 4286 4287
l 4287 4288
l 4288 4289
l 4289 4290
l 4290 4291
l 4291 4292
l 4292 4293
l 4293 4294
l 4294 4295
l 4295 4296
l 4296 4297
l 4297 4298
l 4298 4299
l 4299 4300
l 4300 4301
l 4301 4302
l 4302 4303
l 4303 4304
l 4304 4305
l 4305 4306
l 4306 4307
l 4307 4308
l 4308 4309
l 4309 4310
l 4310 4311
l 4311 4312
l 4312 4313
l 4313 4314
l 4314 4315
l 4315 4316
l 4316 4317
l 4317 4318
l 4318 4319
l 4319 4320
l 4320 4321
l 4321 4322
l 4322 4323
l 4323 4324
l 4324 4325
l 4325 4326
l 4326 4327
l 4327 4328
l 4328 4329
l 4329 4330
l 4330 4331
l 4331 4332
l 4332 4333
l 4333 4334
l 4334 4335
l 4335 4336
l 4336 4337
l 4337 4338
l 4338 4339
l 4340 4341
l 4341 4342
l 4342 4343
l 4343 4344
l 4344 4345
l 4345 4346
l 4346 4347
l 4347 4348
l 4348 4349
l 4349 4350
l 4350 4351
l 4351 4352
l 4352 4353
l 4353 4354
l 4354 4355
l 4355 4356
l 4356 4357
l 4357 4358
l 4358 4359
l 4359 4360
l 4360 4361
l 4361 4362
l 4362 4363
l 4363 4364
l 4364 4365
l 4365 4366
l 4366 4367
l 4367 4368
l 4368 4369
l 4369 4370
l 4370 4371
l 4371 4372
l 4372 4373
l 4373 4374
l 4374 4375
l 4375 4376
l 4376 4377
l 4377 4378
l 4378 4379
l 4379 4380
l 4380 4381
l 4381 4382
l 4382 4383
l 4383 4384
l 4384 4385
l 4385 4386
l 4386 4387
l 4387 4388
l 4388 4389
l 4389 4390
l 4390 4391
l 4391 4392
l 4392 4393
l 4393 4394
l 4394 4395
l 4395 4396
l 4396 4397
l 4397 4398
l 4398 4399
l 4399 4400
l 4400 4401
l 4401 4402
l 4402 4403
l 4403 4404
l 4404 4405
l 4405 4406
l 4406 4407
l 4407 4408
l 4408 4409
l 4409 4410
l 4410 4411
l 4411 4412
l 4412 4413
l 4413 4414
l 4414 4415
l 4415 4416
l 4416 4417
l 4417 4418
l 4418 4419
l 4419 4420
l 4420 4421
l 4421 4422
l 4422 4423
l 4423 4424
l 4424 4425
l 4425 4426
l 4426 4427
l 4427 4428
l 4428 4429
l 4429 4430
l 4430 4431
l 4431 4432
l 4432 4433
l 4433 4434
l 4434 4435
l 4435 4436
l 4436 4437
l 4437 4438
l 4438 4439
l 4439 4440
l 4440 4441
l 4441 4442
l 4442 4443
l 4443 4444
l 4444 4445
l 4445 4446
l 4446 4447
l 4447 4448
l 4448 4449
l 4449 4450
l 4450 4451
l 4451 4452
l 4452 4453
l 4453 4454
l 4454 4455
l 4455 4456
l 4456 4457
l 4457 4458
l 4458 4459
l 4459 4460
l 4460 4461
l 4461 4462
l 4462 4463
l 4463 4464
l 4465 4466
l 4466 4467
l 4467 4468
l 4468 4469
l 4469 4470
l 4470 4471
l 4471 4472
l 4472 4473
l 4473 4474
l 4474 4475
l 4475 4476
l 4476 4477
l 4477 4478
l 4478 4479
l 4479 4480
l 4480 4481
l 4481 4482
l 4482 4483
l 4483 4484
l 4484 4485
l 4485 4486
l 4486 4487
l 4487 4488
l 4488 4489
l 4489 4490
l 4490 4491
l 4491 4492
l 4492 4493
l 4493 4494
l 4494 4495
l 4495 4496
l 4496 4497
l 4497 4498
l 4498 4499
l 4499 4500
l 4500 4501
l 4501 4502
l 4502 4503
l 4503 4504
l 4504 4505
l 4505 4506
l 4506 4507
l 4507 4508
l 4508 4509
l 4509 4510
l 4510 4511
l 4511 4512
l 4512 4513
l 4513 4514
l 4514 4515
l 4515 4516
l 4516 4517
l 4517 4518
l 4518 4519
l 4519 4520
l 4520 4521
l 4521 4522
l 4522 4523
l 4523 4524
l 4524 4525
l 4525 4526
l 4526 4527
l 4527 4528
l 4528 4529
l 4529 4530
l 4530 4531
l 4531 4532
l 4532 4533
l 4533 4534
l 4534 4535
l 4535 4536
l 4536 4537
l 4537 4538
l 4538 4539
l 4539 4540
l 4540 4541
l 4541 4542
l 4542 4543
l 4543 4544
l 4544 4545
l 4545 4546
l 4546 4547
l 4547 4548
l 4548 4549
l 4549 4550
l 4550 4551
l 4551 4552
l 4552 4553
l 4553 4554
l 4554 4555
l 4555 4556
l 4556 4557
l 4557 4558
l 4558 4559
l 4559 4560
l 4560 4561
l 4561 4562
l 4562 4563
l 4563 4564
l 4564 4565
l 4565 4566
l 4566 4567
l 4567 4568
l 4568 4569
l 4569 4570
l 4570 4571
l 4571 4572
l 4572 4573
l 4573 4574
l 4574 4575
l 4575 4576
l 4576 4577
l 4577 4578
l 4578 4579
l 4579 4580
l 4580 4581
l 4581 4582
l 4582 4583
l 4583 4584
l 4584 4585
l 4585 4586
l 4586 4587
l 4587 4588
l 4588 4589
l 4590 4591
l 4591 4592
l 4592 4593
l 4593 4594
l 4594 4595
l 4595 4596
l 4596 4597
l 4597 4598
l 4598 4599
l 4599 4600
l 4600 4601
l 4601 4602
l 4602 4603
l 4603 4604
l 4604 4605
l 4605 4606
l 4606 4607
l 4607 4608
l 4608 4609
l 4609 4610
l 4610 4611
l 4611 4612
l 4612 4613
l 4613 4614
l 4614 4615
l 4615 4616
l 4616 4617
l 4617 4618
l 4618 4619
l 4619 4620
l 4620 4621
l 4621 4622
l 4622 4623
l 4623 4624
l 4624 4625
l 4625 4626
l 4626 4627
l 4627 4628
l 4628 4629
l 4629 4630
l 4630 4631
l 4631 4632
l 4632 4633
l 4633 4634
l 4634 4635
l 4635 4636
l 4636 4637
l 4637 4638
l 4638 4639
l 4639 4640
l 4640 4641
l 4641 4642
l 4642 4643
l 4643 4644
l 4644 4645
l 4645 4646
l 4646 4647
l 4647 4648
l 4648 4649
l 4649 4650
l 4650 4651
l 4651 4652
l 4652 4653
l 4653 4654
l 4654 4655
l 4655 4656
l 4656 4657
l 4657 4658
l 4658 4659
l 4659 4660
l 4660 4661
l 4661 4662
l 4662 4663
l 4663 4664
l 4664 4665
l 4665 4666
l 4666 4667
l 4667 4668
l 4668 4669
l 4669 4670
l 4670 4671
l 4671 4672
l 4672 4673
l 4673 4674
l 4674 4675
l 4675 4676
l 4676 4677
l 4677 4678
l 4678 4679
l 4679 4680
l 4680 4681
l 4681 4682
l 4682 4683
l 4683 4684
l 4684 4685
l 4685 4686
l 4686 4687
l 4687 4688
l 4688 4689
l 4689 4690
l 4690 4691
l 4691 4692
l 4692 4693
l 4693 4694
l 4694 4695
l 4695 4696
l 4696 4697
l 4697 4698
l 4698 4699
l 4699 4700
l 4700 4701
l 4701 4702
l 4702 4703
l 4703 4704
l 4704 4705
l 4705 4706
l 4706 4707
l 4707 4708
l 4708 4709
l 4709 4710
l 4710 4711
l 4711 4712
l 4712 4713
l 4713 4714
l 4715 4716
l 4716 4717
l 4717 4718
l 4718 4719
l 4719 4720
l 4720 4721
l 4721 4722
l 4722 4723
l 4723 4724
l 4724 4725
l 4725 4726
l 4726 4727
l 4727 4728
l 4728 4729
l 4729 4730
l 4730 4731
l 4731 4732
l 4732 4733
l 4733 4734
l 4734 4735
l 4735 4736
l 4736 4737
l 4737 4738
l 4738 4739
l 4739 4740
l 4740 4741
l 4741 4742
l 4742 4743
l 4743 4744
l 4744 4745
l 4745 4746
l 4746 4747
l 4747 4748
l 4748 4749
l 4749 4750
l 4750 4751
l 4751 4752
l 4752 4753
l 4753 4754
l 4754 4755
l 4755 4756
l 4756 4757
l 4757 4758
l 4758 4759
l 4759 4760
l 4760 4761
l 4761 4762
l 4762 4763
l 4763 4764
l 4764 4765
l 4765 4766
l 4766 4767
l 4767 4768
l 4768 4769
l 4769 4770
l 4770 4771
l 4771 4772
l 4772 4773
l 4773 4774
l 4774 4775
l 4775 4776
l 4776 4777
l 4777 4778
l 4778 4779
l 4779 4780
l 4780 4781
l 4781 4782
l 4782 4783
l 4783 4784
l 4784 4785
l 4785 4786
l 4786 4787
l 4787 4788
l 4788 4789
l 4789 4790
l 4790 4791
l 4791 4792
l 4792 4793
l 4793 4794
l 4794 4795
l 4795 4796
l 4796 4797
l 4797 4798
l 4798 4799
l 4799 4800
l 4800 4801
l 4801 4802
l 4802 4803
l 4803 4804
l 4804 4805
l 4805 4806
l 4806 4807
l 4807 4808
l 4808 4809
l 4809 4810
l 4810 4811
l 4811 4812
l 4812 4813
l 4813 4814
l 4814 4815
l 4815 4816
l 4816 4817
l 4817 4818
l 4818 4819
l 4819 4820
l 4820 4821
l 4821 4822
l 4822 4823
l 4823 4824
l 4824 4825
l 4825 4826
l 4826 4827
l 4827 4828
l 4828 4829
l 4829 4830
l 4830 4831
l 4831 4832
l 4832 4833
l 4833 4834
l 4834 4835
l 4835 4836
l 4836 4837
l 4837 4838
l 4838 4839
l 4840 4841
l 4841 4842
l 4842 4843
l 4843 4844
l 4844 4845
l 4845 4846
l 4846 4847
l 4847 4848
l 4848 4849
l 4849 4850
l 4850 4851
l 4851 4852
l 4852 4853
l 4853 4854
l 4854 4855
l 4855 4856
l 4856 4857
l 4857 4858
l 4858 4859
l 4859 4860
l 4860 4861
l 4861 4862
l 4862 4863
l 4863 4864
l 4864 4865
l 4865 4866
l 4866 4867
l 4867 4868
l 4868 4869
l 4869 4870
l 4870 4871
l 4871 4872
l 4872 4873
l 4873 4874
l 4874 4875
l 4875 4876
l 4876 4877
l 4877 4878
l 4878 4879
l 4879 4880
l 4880 4881
l 4881 4882
l 4882 4883
l 4883 4884
l 4884 4885
l 4885 4886
l 4886 4887
l 4887 4888
l 4888 4889
l 4889 4890
l 4890 4891
l 4891 4892
l 4892 4893
l 4893 4894
l 4894 4895
l 4895 4896
l 4896 4897
l 4897 4898
l 4898 4899
l 4899 4900
l 4900 4901
l 4901 4902
l 4902 4903
l 4903 4904
l 4904 4905
l 4905 4906
l 4906 4907
l 4907 4908
l 4908 4909
l 4909 4910
l 4910 4911
l 4911 4912
l 4912 4913
l 4913 4914
l 4914 4915
l 4915 4916
l 4916 4917
l 4917 4918
l 4918 4919
l 4919 4920
l 4920 4921
l 4921 4922
l 4922 4923
l 4923 4924
l 4924 4925
l 4925 4926
l 4926 4927
l 4927 4928
l 4928 4929
l 4929 4930
l 4930 4931
l 4931 4932
l 4932 4933
l 4933 4934
l 4934 4935
l 4935 4936
l 4936 4937
l 4937 4938
l 4938 4939
l 4939 4940
l 4940 4941
l 4941 4942
l 4942 4943
l 4943 4944
l 4944 4945
l 4945 4946
l 4946 4947
l 4947 4948
l 4948 4949
l 4949 4950
l 4950 4951
l 4951 4952
l 4952 4953
l 4953 4954
l 4954 4955
l 4955 4956
l 4956 4957
l 4957 4958
l 4958 4959
l 4959 4960
l 4960 4961
l 4961 4962
l 4963 4964
l 4964 4965
l 4965 4966
l 4966 4967
l 4967 4968
l 4968 4969
l 4969 4970
l 4970 4971
l 4971 4972
l 4972 4973
l 4973 4974
l 4974 4975
l 4975 4976
l 4976 4977
l 4977 4978
l 4978 4979
l 4979 4980
l 4980 4981
l 4981 4982
l 4982 4983
l 4983 4984
l 4984 4985
l 4985 4986
l 4986 4987
l 4987 4988
l 4988 4989
l 4989 4990
l 4990 4991
l 4991 4992
l 4992 4993
l 4993 4994
l 4994 4995
l 4995 4996
l 4996 4997
l 4997 4998
l 4998 4999
l 4999 5000
l 5000 5001
l 5001 5002
l 5002 5003
l 5003 5004
l 5004 5005
l 5005 5006
l 5006 5007
l 5007 5008
l 5008 5009
l 5009 5010
l 5010 5011
l 5011 5012
l 5012 5013
l 5013 5014
l 5014 5015
l 5015 5016
l 5016 5017
l 5017 5018
l 5018 5019
l 5019 5020
l 5020 5021
l 5021 5022
l 5022 5023
l 5023 5024
l 5024 5025
l 5025 5026
l 5026 5027
l 5027 5028
l 5028 5029
l 5029 5030
l 5030 5031
l 5031 5032
l 5032 5033
l 5033 5034
l 5034 5035
l 5035 5036
l 5036 5037
l 5037 5038
l 5038 5039
l 5039 5040
l 5040 5041
l 5041 5042
l 5042 5043
l 5043 5044
l 5044 5045
l 5045 5046
l 5046 5047
l 5047 5048
l 5048 5049
l 5049 5050
l 5050 5051
l 5051 5052
l 5052 5053
l 5053 5054
l 5054 5055
l 5055 5056
l 5056 5057
l 5057 5058
l 5058 5059
l 5059 5060
l 5060 5061
l 5061 5062
l 5062 5063
l 5063 5064
l 5064 5065
l 5065 5066
l 5066 5067
l 5067 5068
l 5068 5069
l 5069 5070
l 5070 5071
l 5071 5072
l 5072 5073
l 5073 5074
l 5074 5075
l 5075 5076
l 5076 5077
l 5077 5078
l 5078 5079
l 5079 5080
l 5080 5081
l 5081 5082
l 5082 5083
l 5083 5084
l 5084 5085
l 5086 5087
l 5087 5088
l 5088 5089
l 5089 5090
l 5090 5091
l 5091 5092
l 5092 5093
l 5093 5094
l 5094 5095
l 5095 5096
l 5096 5097
l 5097 5098
l 5098 5099
l 5099 5100
l 5100 5101
l 5101 5102
l 5102 5103
l 5103 5104
l 5104 5105
l 5105 5106
l 5106 5107
l 5107 5108
l 5108 5109
l 5109 5110
l 5110 5111
l 5111 5112
l 5112 5113
l 5113 5114
l 5114 5115
l 5115 5116
l 5116 5117
l 5117 5118
l 5118 5119
l 5119 5120
l 5120 5121
l 5121 5122
l 5122 5123
l 5123 5124
l 5124 5125
l 5125 5126
l 5126 5127
l 5127 5128
l 5128 5129
l 5129 5130
l 5130 5131
l 5131 5132
l 5132 5133
l 5133 5134
l 5134 5135
l 5135 5136
l 5136 5137
l 5137 5138
l 5138 5139
l 5139 5140
l 5140 5141
l 5141 5142
l 5142 5143
l 5143 5144
l 5144 5145
l 5145 5146
l 5146 5147
l 5147 5148
l 5148 5149
l 5149 5150
l 5150 5151
l 5151 5152
l 5152 5153
l 5153 5154
l 5154 5155
l 5155 5156
l 5156 5157
l 5157 5158
l 5158 5159
l 5159 5160
l 5160 5161
l 5161 5162
l 5162 5163
l 5163 5164
l 5164 5165
l 5165 5166
l 5166 5167
l 5167 5168
l 5168 5169
l 5169 5170
l 5170 5171
l 5171 5172
l 5172 5173
l 5173 5174
l 5174 5175
l 5175 5176
l 5176 5177
l 5177 5178
l 5178 5179
l 5179 5180
l 5180 5181
l 5181 5182
l 5182 5183
l 5183 5184
l 5184 5185
l 5185 5186
l 5186 5187
l 5187 5188
l 5188 5189
l 5189 5190
l 5190 5191
l 5191 5192
l 5192 5193
l 5193 5194
l 5194 5195
l 5195 5196
l 5196 5197
l 5197 5198
l 5198 5199
l 5199 5200
l 5200 5201
l 5201 5202
l 5202 5203
l 5203 5204
l 5204 5205
l 5205 5206
l 5207 5208
l 5208 5209
l 5209 5210
l 5210 5211
l 5211 5212
l 5212 5213
l 5213 5214
l 5214 5215
l 5215 5216
l 5216 5217
l 5217 5218
l 5218 5219
l 5219 5220
l 5220 5221
l 5221 5222
l 5222 5223
l 5223 5224
l 5224 5225
l 5225 5226
l 5226 5227
l 5227 5228
l 5228 5229
l 5229 5230
l 5230 5231
l 5231 5232
l 5232 5233
l 5233 5234
l 5234 5235
l 5235 5236
l 5236 5237
l 5237 5238
l 5238 5239
l 5239 5240
l 5240 5241
l 5241 5242
l 5242 5243
l 5243 5244
l 5244 5245
l 5245 5246
l 5246 5247
l 5247 5248
l 5248 5249
l 5249 5250
l 5250 5251
l 5251 5252
l 5252 5253
l 5253 5254
l 5254 5255
l 5255 5256
l 5256 5257
l 5257 5258
l 5258 5259
l 5259 5260
l 5260 5261
l 5261 5262
l 5262 5263
l 5263 5264
l 5264 5265
l 5265 5266
l 5266 5267
l 5267 5268
l 5268 5269
l 5269 5270
l 5270 5271
l 5271 5272
l 5272 5273
l 5273 5274
l 5274 5275
l 5275 5276
l 5276 5277
l 5277 5278
l 5278 5279
l 5279 5280
l 5280 5281
l 5281 5282
l 5282 5283
l 5283 5284
l 5284 5285
l 5285 5286
l 5286 5287
l 5287 5288
l 5288 5289
l 5289 5290
l 5290 5291
l 5291 5292
l 5292 5293
l 5293 5294
l 5294 5295
l 5295 5296
l 5296 5297
l 5297 5298
l 5298 5299
l 5299 5300
l 5300 5301
l 5301 5302
l 5302 5303
l 5303 5304
l 5304 5305
l 5305 5306
l 5306 5307
l 5307 5308
l 5308 5309
l 5309 5310
l 5310 5311
l 5311 5312
l 5312 5313
l 5313 5314
l 5314 5315
l 5315 5316
l 5316 5317
l 5317 5318
l 5318 5319
l 5319 5320
l 5320 5321
l 5321 5322
l 5322 5323
l 5323 5324
l 5324 5325
l 5325 5326
l 5326 5327
l 5328 5329
l 5329 5330
l 5330 5331
l 5331 5332
l 5332 5333
l 5333 5334
l 5334 5335
l 5335 5336
l 5336 5337
l 5337 5338
l 5338 5339
l 5339 5340
l 5340 5341
l 5341 5342
l 5342 5343
l 5343 5344
l 5344 5345
l 5345 5346
l 5346 5347
l 5347 5348
l 5348 5349
l 5349 5350
l 5350 5351
l 5351 5352
l 5352 5353
l 5353 5354
l 5354 5355
l 5355 5356
l 5356 5357
l 5357 5358
l 5358 5359
l 5359 5360
l 5360 5361
l 5361 5362
l 5362 5363
l 5363 5364
l 5364 5365
l 5365 5366
l 5366 5367
l 5367 5368
l 5368 5369
l 5369 5370
l 5370 5371
l 5371 5372
l 5372 5373
l 5373 5374
l 5374 5375
l 5375 5376
l 5376 5377
l 5377 5378
l 5378 5379
l 5379 5380
l 5380 5381
l 5381 5382
l 5382 5383
l 5383 5384
l 5384 5385
l 5385 5386
l 5386 5387
l 5387 5388
l 5388 5389
l 5389 5390
l 5390 5391
l 5391 5392
l 5392 5393
l 5393 5394
l 5394 5395
l 5395 5396
l 5396 5397
l 5397 5398
l 5398 5399
l 5399 5400
l 5400 5401
l 5401 5402
l 5402 5403
l 5403 5404
l 5404 5405
l 5405 5406
l 5406 5407
l 5407 5408
l 5408 5409
l 5409 5410
l 5410 5411
l 5411 5412
l 5412 5413
l 5413 5414
l 5414 5415
l 5415 5416
l 5416 5417
l 5417 5418
l 5418 5419
l 5419 5420
l 5420 5421
l 5421 5422
l 5422 5423
l 5423 5424
l 5424 5425
l 5425 5426
l 5426 5427
l 5427 5428
l 5428 5429
l 5429 5430
l 5430 5431
l 5431 5432
l 5432 5433
l 5433 5434
l 5434 5435
l 5435 5436
l 5436 5437
l 5437 5438
l 5438 5439
l 5439 5440
l 5440 5441
l 5441 5442
l 5442 5443
l 5443 5444
l 5444 5445
l 5445 5446
l 5447 5448
l 5448 5449
l 5449 5450
l 5450 5451
l 5451 5452
l 5452 5453
l 5453 5454
l 5454 5455
l 5455 5456
l 5456 5457
l 5457 5458
l 5458 5459
l 5459 5460
l 5460 5461
l 5461 5462
l 5462 5463
l 5463 5464
l 5464 5465
l 5465 5466
l 5466 5467
l 5467 5468
l 5468 5469
l 5469 5470
l 5470 5471
l 5471 5472
l 5472 5473
l 5473 5474
l 5474 5475
l 5475 5476
l 5476 5477
l 5477 5478
l 5478 5479
l 5479 5480
l 5480 5481
l 5481 5482
l 5482 5483
l 5483 5484
l 5484 5485
l 5485 5486
l 5486 5487
l 5487 5488
l 5488 5489
l 5489 5490
l 5490 5491
l 5491 5492
l 5492 5493
l 5493 5494
l 5494 5495
l 5495 5496
l 5496 5497
l 5497 5498
l 5498 5499
l 5499 5500
l 5500 5501
l 5501 5502
l 5502 5503
l 5503 5504
l 5504 5505
l 5505 5506
l 5506 5507
l 5507 5508
l 5508 5509
l 5509 5510
l 5510 5511
l 5511 5512
l 5512 5513
l 5513 5514
l 5514 5515
l 5515 5516
l 5516 5517
l 5517 5518
l 5518 5519
l 5519 5520
l 5520 5521
l 5521 5522
l 5522 5523
l 5523 5524
l 5524 5525
l 5525 5526
l 5526 5527
l 5527 5528
l 5528 5529
l 5529 5530
l 5530 5531
l 5531 5532
l 5532 5533
l 5533 5534
l 5534 5535
l 5535 5536
l 5536 5537
l 5537 5538
l 5538 5539
l 5539 5540
l 5540 5541
l 5541 5542
l 5542 5543
l 5543 5544
l 5544 5545
l 5545 5546
l 5546 5547
l 5547 5548
l 5548 5549
l 5549 5550
l 5550 5551
l 5551 5552
l 5552 5553
l 5553 5554
l 5554 5555
l 5555 5556
l 5556 5557
l 5557 5558
l 5558 5559
l 5559 5560
l 5560 5561
l 5561 5562
l 5562 5563
l 5564 5565
l 5565 5566
l 5566 5567
l 5567 5568
l 5568 5569
l 5569 5570
l 5570 5571
l 5571 5572
l 5572 5573
l 5573 5574
l 5574 5575
l 5575 5576
l 5576 5577
l 5577 5578
l 5578 5579
l 5579 5580
l 5580 5581
l 5581 5582
l 5582 5583
l 5583 5584
l 5584 5585
l 5585 5586
l 5586 5587
l 5587 5588
l 5588 5589
l 5589 5590
l 5590 5591
l 5591 5592
l 5592 5593
l 5593 5594
l 5594 5595
l 5595 5596
l 5596 5597
l 5597 5598
l 5598 5599
l 5599 5600
l 5600 5601
l 5601 5602
l 5602 5603
l 5603 5604
l 5604 5605
l 5605 5606
l 5606 5607
l 5607 5608
l 5608 5609
l 5609 5610
l 5610 5611
l 5611 5612
l 5612 5613
l 5613 5614
l 5614 5615
l 5615 5616
l 5616 5617
l 5617 5618
l 5618 5619
l 5619 5620
l 5620 5621
l 5621 5622
l 5622 5623
l 5623 5624
l 5624 5625
l 5625 5626
l 5626 5627
l 5627 5628
l 5628 5629
l 5629 5630
l 5630 5631
l 5631 5632
l 5632 5633
l 5633 5634
l 5634 5635
l 5635 5636
l 5636 5637
l 5637 5638
l 5638 5639
l 5639 5640
l 5640 5641
l 5641 5642
l 5642 5643
l 5643 5644
l 5644 5645
l 5645 5646
l 5646 5647
l 5647 5648
l 5648 5649
l 5649 5650
l 5650 5651
l 5651 5652
l 5652 5653
l 5653 5654
l 5654 5655
l 5655 5656
l 5656 5657
l 5657 5658
l 5658 5659
l 5659 5660
l 5660 5661
l 5661 5662
l 5662 5663
l 5663 5664
l 5664 5665
l 5665 5666
l 5666 5667
l 5667 5668
l 5668 5669
l 5669 5670
l 5670 5671
l 5671 5672
l 5672 5673
l 5673 5674
l 5674 5675
l 5675 5676
l 5676 5677
l 5677 5678
l 5679 5680
l 5680 5681
l 5681 5682
l 5682 5683
l 5683 5684
l 5684 5685
l 5685 5686
l 5686 5687
l 5687 5688
l 5688 5689
l 5689 5690
l 5690 5691
l 5691 5692
l 5692 5693
l 5693 5694
l 5694 5695
l 5695 5696
l 5696 5697
l 5697 5698
l 5698 5699
l 5699 5700
l 5700 5701
l 5701 5702
l 5702 5703
l 5703 5704
l 5704 5705
l 5705 5706
l 5706 5707
l 5707 5708
l 5708 5709
l 5709 5710
l 5710 5711
l 5711 5712
l 5712 5713
l 5713 5714
l 5714 5715
l 5715 5716
l 5716 5717
l 5717 5718
l 5718 5719
l 5719 5720
l 5720 5721
l 5721 5722
l 5722 5723
l 5723 5724
l 5724 5725
l 5725 5726
l 5726 5727
l 5727 5728
l 5728 5729
l 5729 5730
l 5730 5731
l 5731 5732
l 5732 5733
l 5733 5734
l 5734 5735
l 5735 5736
l 5736 5737
l 5737 5738
l 5738 5739
l 5739 5740
l 5740 5741
l 5741 5742
l 5742 5743
l 5743 5744
l 5744 5745
l 5745 5746
l 5746 5747
l 5747 5748
l 5748 5749
l 5749 5750
l 5750 5751
l 5751 5752
l 5752 5753
l 5753 5754
l 5754 5755
l 5755 5756
l 5756 5757
l 5757 5758
l 5758 5759
l 5759 5760
l 5760 5761
l 5761 5762
l 5762 5763
l 5763 5764
l 5764 5765
l 5765 5766
l 5766 5767
l 5767 5768
l 5768 5769
l 5769 5770
l 5770 5771
l 5771 5772
l 5772 5773
l 5773 5774
l 5774 5775
l 5775 5776
l 5776 5777
l 5777 5778
l 5778 5779
l 5779 5780
l 5780 5781
l 5781 5782
l 5782 5783
l 5783 5784
l 5784 5785
l 5785 5786
l 5786 5787
l 5787 5788
l 5788 5789
l 5789 5790
l 5790 5791
l 5792 5793
l 5793 5794
l 5794 5795
l 5795 5796
l 5796 5797
l 5797 5798
l 5798 5799
l 5799 5800
l 5800 5801
l 5801 5802
l 5802 5803
l 5803 5804
l 5804 5805
l 5805 5806
l 5806 5807
l 5807 5808
l 5808 5809
l 5809 5810
l 5810 5811
l 5811 5812
l 5812 5813
l 5813 5814
l 5814 5815
l 5815 5816
l 5816 5817
l 5817 5818
l 5818 5819
l 5819 5820
l 5820 5821
l 5821 5822
l 5822 5823
l 5823 5824
l 5824 5825
l 5825 5826
l 5826 5827
l 5827 5828
l 5828 5829
l 5829 5830
l 5830 5831
l 5831 5832
l 5832 5833
l 5833 5834
l 5834 5835
l 5835 5836
l 5836 5837
l 5837 5838
l 5838 5839
l 5839 5840
l 5840 5841
l 5841 5842
l 5842 5843
l 5843 5844
l 5844 5845
l 5845 5846
l 5846 5847
l 5847 5848
l 5848 5849
l 5849 5850
l 5850 5851
l 5851 5852
l 5852 5853
l 5853 5854
l 5854 5855
l 5855 5856
l 5856 5857
l 5857 5858
l 5858 5859
l 5859 5860
l 5860 5861
l 5861 5862
l 5862 5863
l 5863 5864
l 5864 5865
l 5865 5866
l 5866 5867
l 5867 5868
l 5868 5869
l 5869 5870
l 5870 5871
l 5871 5872
l 5872 5873
l 5873 5874
l 5874 5875
l 5875 5876
l 5876 5877
l 5877 5878
l 5878 5879
l 5879 5880
l 5880 5881
l 5881 5882
l 5882 5883
l 5883 5884
l 5884 5885
l 5885 5886
l 5886 5887
l 5887 5888
l 5888 5889
l 5889 5890
l 5890 5891
l 5891 5892
l 5892 5893
l 5893 5894
l 5894 5895
l 5895 5896
l 5896 5897
l 5897 5898
l 5898 5899
l 5899 5900
l 5900 5901
l 5901 5902
l 5903 5904
l 5904 5905
l 5905 5906
l 5906 5907
l 5907 5908
l 5908 5909
l 5909 5910
l 5910 5911
l 5911 5912
l 5912 5913
l 5913 5914
l 5914 5915
l 5915 5916
l 5916 5917
l 5917 5918
l 5918 5919
l 5919 5920
l 5920 5921
l 5921 5922
l 5922 5923
l 5923 5924
l 5924 5925
l 5925 5926
l 5926 5927
l 5927 5928
l 5928 5929
l 5929 5930
l 5930 5931
l 5931 5932
l 5932 5933
l 5933 5934
l 5934 5935
l 5935 5936
l 5936 5937
l 5937 5938
l 5938 5939
l 5939 5940
l 5940 5941
l 5941 5942
l 5942 5943
l 5943 5944
l 5944 5945
l 5945 5946
l 5946 5947
l 5947 5948
l 5948 5949
l 5949 5950
l 5950 5951
l 5951 5952
l 5952 5953
l 5953 5954
l 5954 5955
l 5955 5956
l 5956 5957
l 5957 5958
l 5958 5959
l 5959 5960
l 5960 5961
l 5961 5962
l 5962 5963
l 5963 5964
l 5964 5965
l 5965 5966
l 5966 5967
l 5967 5968
l 5968 5969
l 5969 5970
l 5970 5971
l 5971 5972
l 5972 5973
l 5973 5974
l 5974 5975
l 5975 5976
l 5976 5977
l 5977 5978
l 5978 5979
l 5979 5980
l 5980 5981
l 5981 5982
l 5982 5983
l 5983 5984
l 5984 5985
l 5985 5986
l 5986 5987
l 5987 5988
l 5988 5989
l 5989 5990
l 5990 5991
l 5991 5992
l 5992 5993
l 5993 5994
l 5994 5995
l 5995 5996
l 5996 5997
l 5997 5998
l 5998 5999
l 5999 6000
l 6000 6001
l 6001 6002
l 6002 6003
l 6003 6004
l 6004 6005
l 6005 6006
l 6006 6007
l 6007 6008
l 6008 6009
l 6009 6010
l 6010 6011
l 6012 6013
l 6013 6014
l 6014 6015
l 6015 6016
l 6016 6017
l 6017 6018
l 6018 6019
l 6019 6020
l 6020 6021
l 6021 6022
l 6022 6023
l 6023 6024
l 6024 6025
l 6025 6026
l 6026 6027
l 6027 6028
l 6028 6029
l 6029 6030
l 6030 6031
l 6031 6032
l 6032 6033
l 6033 6034
l 6034 6035
l 6035 6036
l 6036 6037
l 6037 6038
l 6038 6039
l 6039 6040
l 6040 6041
l 6041 6042
l 6042 6043
l 6043 6044
l 6044 6045
l 6045 6046
l 6046 6047
l 6047 6048
l 6048 6049
l 6049 6050
l 6050 6051
l 6051 6052
l 6052 6053
l 6053 6054
l 6054 6055
l 6055 6056
l 6056 6057
l 6057 6058
l 6058 6059
l 6059 6060
l 6060 6061
l 6061 6062
l 6062 6063
l 6063 6064
l 6064 6065
l 6065 6066
l 6066 6067
l 6067 6068
l 6068 6069
l 6069 6070
l 6070 6071
l 6071 6072
l 6072 6073
l 6073 6074
l 6074 6075
l 6075 6076
l 6076 6077
l 6077 6078
l 6078 6079
l 6079 6080
l 6080 6081
l 6081 6082
l 6082 6083
l 6083 6084
l 6084 6085
l 6085 6086
l 6086 6087
l 6087 6088
l 6088 6089
l 6089 6090
l 6090 6091
l 6091 6092
l 6092 6093
l 6093 6094
l 6094 6095
l 6095 6096
l 6096 6097
l 6097 6098
l 6098 6099
l 6099 6100
l 6100 6101
l 6101 6102
l 6102 6103
l 6103 6104
l 6104 6105
l 6105 6106
l 6106 6107
l 6107 6108
l 6108 6109
l 6109 6110
l 6110 6111
l 6111 6112
l 6112 6113
l 6113 6114
l 6114 6115
l 6115 6116
l 6117 6118
l 6118 6119
l 6119 6120
l 6120 6121
l 6121 6122
l 6122 6123
l 6123 6124
l 6124 6125
l 6125 6126
l 6126 6127
l 6127 6128
l 6128 6129
l 6129 6130
l 6130 6131
l 6131 6132
l 6132 6133
l 6133 6134
l 6134 6135
l 6135 6136
l 6136 6137
l 6137 6138
l 6138 6139
l 6139 6140
l 6140 6141
l 6141 6142
l 6142 6143
l 6143 6144
l 6144 6145
l 6145 6146
l 6146 6147
l 6147 6148
l 6148 6149
l 6149 6150
l 6150 6151
l 6151 6152
l 6152 6153
l 6153 6154
l 6154 6155
l 6155 6156
l 6156 6157
l 6157 6158
l 6158 6159
l 6159 6160
l 6160 6161
l 6161 6162
l 6162 6163
l 6163 6164
l 6164 6165
l 6165 6166
l 6166 6167
l 6167 6168
l 6168 6169
l 6169 6170
l 6170 6171
l 6171 6172
l 6172 6173
l 6173 6174
l 6174 6175
l 6175 6176
l 6176 6177
l 6177 6178
l 6178 6179
l 6179 6180
l 6180 6181
l 6181 6182
l 6182 6183
l 6183 6184
l 6184 6185
l 6185 6186
l 6186 6187
l 6187 6188
l 6188 6189
l 6189 6190
l 6190 6191
l 6191 6192
l 6192 6193
l 6193 6194
l 6194 6195
l 6195 6196
l 6196 6197
l 6197 6198
l 6198 6199
l 6199 6200
l 6200 6201
l 6201 6202
l 6202 6203
l 6203 6204
l 6204 6205
l 6205 6206
l 6206 6207
l 6207 6208
l 6208 6209
l 6209 6210
l 6210 6211
l 6211 6212
l 6212 6213
l 6213 6214
l 6214 6215
l 6215 6216
l 6216 6217
l 6217 6218
l 6218 6219
l 6220 6221
l 6221 6222
l 6222 6223
l 6223 6224
l 6224 6225
l 6225 6226
l 6226 6227
l 6227 6228
l 6228 6229
l 6229 6230
l 6230 6231
l 6231 6232
l 6232 6233
l 6233 6234
l 6234 6235
l 6235 6236
l 6236 6237
l 6237 6238
l 6238 6239
l 6239 6240
l 6240 6241
l 6241 6242
l 6242 6243
l 6243 6244
l 6244 6245
l 6245 6246
l 6246 6247
l 6247 6248
l 6248 6249
l 6249 6250
l 6250 6251
l 6251 6252
l 6252 6253
l 6253 6254
l 6254 6255
l 6255 6256
l 6256 6257
l 6257 6258
l 6258 6259
l 6259 6260
l 6260 6261
l 6261 6262
l 6262 6263
l 6263 6264
l 6264 6265
l 6265 6266
l 6266 6267
l 6267 6268
l 6268 6269
l 6269 6270
l 6270 6271
l 6271 6272
l 6272 6273
l 6273 6274
l 6274 6275
l 6275 6276
l 6276 6277
l 6277 6278
l 6278 6279
l 6279 6280
l 6280 6281
l 6281 6282
l 6282 6283
l 6283 6284
l 6284 6285
l 6285 6286
l 6286 6287
l 6287 6288
l 6288 6289
l 6289 6290
l 6290 6291
l 6291 6292
l 6292 6293
l 6293 6294
l 6294 6295
l 6295 6296
l 6296 6297
l 6297 6298
l 6298 6299
l 6299 6300
l 6300 6301
l 6301 6302
l 6302 6303
l 6303 6304
l 6304 6305
l 6305 6306
l 6306 6307
l 6307 6308
l 6308 6309
l 6309 6310
l 6310 6311
l 6311 6312
l 6312 6313
l 6313 6314
l 6314 6315
l 6315 6316
l 6316 6317
l 6317 6318
l 6318 6319
l 6319 6320
l 6320 6321
l 6321 6322
l 6323 6324
l 6324 6325
l 6325 6326
l 6326 6327
l 6327 6328
l 6328 6329
l 6329 6330
l 6330 6331
l 6331 6332
l 6332 6333
l 6333 6334
l 6334 6335
l 6335 6336
l 6336 6337
l 6337 6338
l 6338 6339
l 6339 6340
l 6340 6341
l 6341 6342
l 6342 6343
l 6343 6344
l 6344 6345
l 6345 6346
l 6346 6347
l 6347 6348
l 6348 6349
l 6349 6350
l 6350 6351
l 6351 6352
l 6352 6353
l 6353 6354
l 6354 6355
l 6355 6356
l 6356 6357
l 6357 6358
l 6358 6359
l 6359 6360
l 6360 6361
l 6361 6362
l 6362 6363
l 6363 6364
l 6364 6365
l 6365 6366
l 6366 6367
l 6367 6368
l 6368 6369
l 6369 6370
l 6370 6371
l 6371 6372
l 6372 6373
l 6373 6374
l 6374 6375
l 6375 6376
l 6376 6377
l 6377 6378
l 6378 6379
l 6379 6380
l 6380 6381
l 6381 6382
l 6382 6383
l 6383 6384
l 6384 6385
l 6385 6386
l 6386 6387
l 6387 6388
l 6388 6389
l 6389 6390
l 6390 6391
l 6391 6392
l 6392 6393
l 6393 6394
l 6394 6395
l 6395 6396
l 6396 6397
l 6397 6398
l 6398 6399
l 6399 6400
l 6400 6401
l 6401 6402
l 6402 6403
l 6403 6404
l 6404 6405
l 6405 6406
l 6406 6407
l 6407 6408
l 6408 6409
l 6409 6410
l 6410 6411
l 6411 6412
l 6412 6413
l 6413 6414
l 6414 6415
l 6415 6416
l 6416 6417
l 6417 6418
l 6418 6419
l 6419 6420
l 6420 6421
l 6421 6422
l 6422 6423
l 6424 6425
l 6425 6426
l 6426 6427
l 6427 6428
l 6428 6429
l 6429 6430
l 6430 6431
l 6431 6432
l 6432 6433
l 6433 6434
l 6434 6435
l 6435 6436
l 6436 6437
l 6437 6438
l 6438 6439
l 6439 6440
l 6440 6441
l 6441 6442
l 6442 6443
l 6443 6444
l 6444 6445
l 6445 6446
l 6446 6447
l 6447 6448
l 6448 6449
l 6449 6450
l 6450 6451
l 6451 6452
l 6452 6453
l 6453 6454
l 6454 6455
l 6455 6456
l 6456 6457
l 6457 6458
l 6458 6459
l 6459 6460
l 6460 6461
l 6461 6462
l 6462 6463
l 6463 6464
l 6464 6465
l 6465 6466
l 6466 6467
l 6467 6468
l 6468 6469
l 6469 6470
l 6470 6471
l 6471 6472
l 6472 6473
l 6473 6474
l 6474 6475
l 6475 6476
l 6476 6477
l 6477 6478
l 6478 6479
l 6479 6480
l 6480 6481
l 6481 6482
l 6482 6483
l 6483 6484
l 6484 6485
l 6485 6486
l 6486 6487
l 6487 6488
l 6488 6489
l 6489 6490
l 6490 6491
l 6491 6492
l 6492 6493
l 6493 6494
l 6494 6495
l 6495 6496
l 6496 6497
l 6497 6498
l 6498 6499
l 6499 6500
l 6500 6501
l 6501 6502
l 6502 6503
l 6503 6504
l 6504 6505
l 6505 6506
l 6506 6507
l 6507 6508
l 6508 6509
l 6509 6510
l 6510 6511
l 6511 6512
l 6512 6513
l 6513 6514
l 6514 6515
l 6515 6516
l 6516 6517
l 6517 6518
l 6518 6519
l 6519 6520
l 6520 6521
l 6521 6522
l 6523 6524
l 6524 6525
l 6525 6526
l 6526 6527
l 6527 6528
l 6528 6529
l 6529 6530
l 6530 6531
l 6531 6532
l 6532 6533
l 6533 6534
l 6534 6535
l 6535 6536
l 6536 6537
l 6537 6538
l 6538 6539
l 6539 6540
l 6540 6541
l 6541 6542
l 6542 6543
l 6543 6544
l 6544 6545
l 6545 6546
l 6546 6547
l 6547 6548
l 6548 6549
l 6549 6550
l 6550 6551
l 6551 6552
l 6552 6553
l 6553 6554
l 6554 6555
l 6555 6556
l 6556 6557
l 6557 6558
l 6558 6559
l 6559 6560
l 6560 6561
l 6561 6562
l 6562 6563
l 6563 6564
l 6564 6565
l 6565 6566
l 6566 6567
l 6567 6568
l 6568 6569
l 6569 6570
l 6570 6571
l 6571 6572
l 6572 6573
l 6573 6574
l 6574 6575
l 6575 6576
l 6576 6577
l 6577 6578
l 6578 6579
l 6579 6580
l 6580 6581
l 6581 6582
l 6582 6583
l 6583 6584
l 6584 6585
l 6585 6586
l 6586 6587
l 6587 6588
l 6588 6589
l 6589 6590
l 6590 6591
l 6591 6592
l 6592 6593
l 6593 6594
l 6594 6595
l 6595 6596
l 6596 6597
l 6597 6598
l 6598 6599
l 6599 6600
l 6600 6601
l 6601 6602
l 6602 6603
l 6603 6604
l 6604 6605
l 6605 6606
l 6606 6607
l 6607 6608
l 6608 6609
l 6609 6610
l 6610 6611
l 6611 6612
l 6612 6613
l 6613 6614
l 6614 6615
l 6615 6616
l 6616 6617
l 6617 6618
l 6618 6619
l 6620 6621
l 6621 6622
l 6622 6623
l 6623 6624
l 6624 6625
l 6625 6626
l 6626 6627
l 6627 6628
l 6628 6629
l 6629 6630
l 6630 6631
l 6631 6632
l 6632 6633
l 6633 6634
l 6634 6635
l 6635 6636
l 6636 6637
l 6637 6638
l 6638 6639
l 6639 6640
l 6640 6641
l 6641 6642
l 6642 6643
l 6643 6644
l 6644 6645
l 6645 6646
l 6646 6647
l 6647 6648
l 6648 6649
l 6649 6650
l 6650 6651
l 6651 6652
l 6652 6653
l 6653 6654
l 6654 6655
l 6655 6656
l 6656 6657
l 6657 6658
l 6658 6659
l 6659 6660
l 6660 6661
l 6661 6662
l 6662 6663
l 6663 6664
l 6664 6665
l 6665 6666
l 6666 6667
l 6667 6668
l 6668 6669
l 6669 6670
l 6670 6671
l 6671 6672
l 6672 6673
l 6673 6674
l 6674 6675
l 6675 6676
l 6676 6677
l 6677 6678
l 6678 6679
l 6679 6680
l 6680 6681
l 6681 6682
l 6682 6683
l 6683 6684
l 6684 6685
l 6685 6686
l 6686 6687
l 6687 6688
l 6688 6689
l 6689 6690
l 6690 6691
l 6691 6692
l 6692 6693
l 6693 6694
l 6694 6695
l 6695 6696
l 6696 6697
l 6697 6698
l 6698 6699
l 6699 6700
l 6700 6701
l 6701 6702
l 6702 6703
l 6703 6704
l 6704 6705
l 6705 6706
l 6706 6707
l 6707 6708
l 6708 6709
l 6709 6710
l 6710 6711
l 6711 6712
l 6712 6713
l 6713 6714
l 6715 6716
l 6716 6717
l 6717 6718
l 6718 6719
l 6719 6720
l 6720 6721
l 6721 6722
l 6722 6723
l 6723 6724
l 6724 6725
l 6725 6726
l 6726 6727
l 6727 6728
l 6728 6729
l 6729 6730
l 6730 6731
l 6731 6732
l 6732 6733
l 6733 6734
l 6734 6735
l 6735 6736
l 6736 6737
l 6737 6738
l 6738 6739
l 6739 6740
l 6740 6741
l 6741 6742
l 6742 6743
l 6743 6744
l 6744 6745
l 6745 6746
l 6746 6747
l 6747 6748
l 6748 6749
l 6749 6750
l 6750 6751
l 6751 6752
l 6752 6753
l 6753 6754
l 6754 6755
l 6755 6756
l 6756 6757
l 6757 6758
l 6758 6759
l 6759 6760
l 6760 6761
l 6761 6762
l 6762 6763
l 6763 6764
l 6764 6765
l 6765 6766
l 6766 6767
l 6767 6768
l 6768 6769
l 6769 6770
l 6770 6771
l 6771 6772
l 6772 6773
l 6773 6774
l 6774 6775
l 6775 6776
l 6776 6777
l 6777 6778
l 6778 6779
l 6779 6780
l 6780 6781
l 6781 6782
l 6782 6783
l 6783 6784
l 6784 6785
l 6785 6786
l 6786 6787
l 6787 6788
l 6788 6789
l 6789 6790
l 6790 6791
l 6791 6792
l 6792 6793
l 6793 6794
l 6794 6795
l 6795 6796
l 6796 6797
l 6797 6798
l 6798 6799
l 6799 6800
l 6800 6801
l 6801 6802
l 6802 6803
l 6803 6804
l 6804 6805
l 6805 6806
l 6806 6807
l 6807 6808
l 6808 6809
l 6810 6811
l 6811 6812
l 6812 6813
l 6813 6814
l 6814 6815
l 6815 6816
l 6816 6817
l 6817 6818
l 6818 6819
l 6819 6820
l 6820 6821
l 6821 6822
l 6822 6823
l 6823 6824
l 6824 6825
l 6825 6826
l 6826 6827
l 6827 6828
l 6828 6829
l 6829 6830
l 6830 6831
l 6831 6832
l 6832 6833
l 6833 6834
l 6834 6835
l 6835 6836
l 6836 6837
l 6837 6838
l 6838 6839
l 6839 6840
l 6840 6841
l 6841 6842
l 6842 6843
l 6843 6844
l 6844 6845
l 6845 6846
l 6846 6847
l 6847 6848
l 6848 6849
l 6849 6850
l 6850 6851
l 6851 6852
l 6852 6853
l 6853 6854
l 6854 6855
l 6855 6856
l 6856 6857
l 6857 6858
l 6858 6859
l 6859 6860
l 6860 6861
l 6861 6862
l 6862 6863
l 6863 6864
l 6864 6865
l 6865 6866
l 6866 6867
l 6867 6868
l 6868 6869
l 6869 6870
l 6870 6871
l 6871 6872
l 6872 6873
l 6873 6874
l 6874 6875
l 6875 6876
l 6876 6877
l 6877 6878
l 6878 6879
l 6879 6880
l 6880 6881
l 6881 6882
l 6882 6883
l 6883 6884
l 6884 6885
l 6885 6886
l 6886 6887
l 6887 6888
l 6888 6889
l 6889 6890
l 6890 6891
l 6891 6892
l 6892 6893
l 6893 6894
l 6894 6895
l 6895 6896
l 6896 6897
l 6897 6898
l 6898 6899
l 6899 6900
l 6900 6901
l 6901 6902
