v 0.0157660007 0.0648006756 -0.0321074501 0 1 0
v 0.0158545531 0.0650599715 -0.0336106908 0 1 0
v 0.0160442393 0.065313222 -0.0351055097 0 1 0
v 0.0163173161 0.0655556575 -0.0365890956 0 1 0
v 0.0166636252 0.0657827588 -0.0380597623 0 0.501961 1
v 0.0170782625 0.0659887919 -0.0395158268 0 0.501961 1
v 0.017551325 0.0661775347 -0.0409562644 0 0.501961 1
v 0.0180748815 0.0663509441 -0.0423810936 0 0.501961 1
v 0.0186420418 0.0665103888 -0.0437908519 0 0.501961 1
v 0.0192450607 0.0666554877 -0.0451872786 0 0.501961 1
v 0.0198719017 0.0667870476 -0.0465745358 0 0.501961 1
v 0.0204717814 0.0669082782 -0.0479743929 0 0.501961 1
v 0.0210205675 0.0670275453 -0.0493949977 0 0.501961 1
v 0.021512821 0.0671470241 -0.0508364396 0 0.501961 1
v 0.0219541022 0.0672608608 -0.0522947684 1 0.784314 0
v 0.0223556635 0.0673709439 -0.0537648629 1 0.784314 0
v 0.0227270643 0.06747683 -0.0552432379 0.705882 0 1
v 0.0177399813 0.0647044381 -0.0321075 0 1 0
v 0.0178449459 0.0649730683 -0.0336807883 0 1 0
v 0.0180639848 0.0652362481 -0.0352432391 0 1 0
v 0.0183799448 0.0654850933 -0.0367913308 0 1 0
v 0.0187747234 0.0657168569 -0.038324063 0 0.501961 1
v 0.0192451172 0.0659247424 -0.0398388377 0 0.501961 1
v 0.0197774338 0.0661119838 -0.0413356319 0 0.501961 1
v 0.0203631843 0.0662814187 -0.0428145174 0 0.501961 1
v 0.0209903749 0.0664356803 -0.0442780056 0 0.501961 1
v 0.0216472419 0.0665731336 -0.0457301337 0 0.501961 1
v 0.0222845997 0.0666967025 -0.0471921583 0 0.501961 1
v 0.0228584498 0.0668205131 -0.0486802012 0 0.501961 1
v 0.0233728406 0.0669457574 -0.050189694 1 0.784314 0
v 0.0238367505 0.0670603212 -0.0517163123 1 0.784314 0
v 0.0242550701 0.067166265 -0.0532565526 1 0.784314 0
v 0.024640526 0.06726929 -0.0548056448 1 0.784314 0
v 0.0249922698 0.0673740061 -0.0563626481 0.705882 0 1
v 0.0197132064 0.0645938819 -0.0321064387 0 1 0
v 0.0198427492 0.064872794 -0.0337606022 0 1 0
v 0.0200990966 0.0651458085 -0.0354010115 0 1 0
v 0.0204630169 0.0654016629 -0.0370239394 0 1 0
v 0.0209180434 0.0656341125 -0.0386274201 0 0.501961 1
v 0.0214561898 0.0658382001 -0.0402089828 0 0.501961 1
v 0.0220592262 0.0660191829 -0.0417698134 0 0.501961 1
v 0.0227122767 0.0661814736 -0.043312491 0 0.501961 1
v 0.0233966842 0.0663248036 -0.0448435221 0 0.501961 1
v 0.0240667641 0.0664560001 -0.0463817726 0 0.501961 1
v 0.0246740949 0.0665847729 -0.0479458792 0 0.501961 1
v 0.0252192881 0.0667098185 -0.0495331412 0 0.501961 1
v 0.0257124892 0.0668245117 -0.0511382219 1 0.784314 0
v 0.0261535876 0.0669291049 -0.0527591253 1 0.784314 0
v 0.0265561549 0.0670303359 -0.0543902032 1 0.784314 0
v 0.0269226508 0.0671298203 -0.056029899 1 0.784314 0
v 0.0272539332 0.0672303264 -0.0576770072 0.705882 0 1
v 0.0216851232 0.0644623414 -0.0321052063 0 1 0
v 0.021814346 0.0647221353 -0.0336571424 0 1 0
v 0.0220602573 0.0649754463 -0.03519628 0 1 0
v 0.0224123012 0.0652076446 -0.0367182244 0 1 0
v 0.0228500436 0.0654242016 -0.0382201788 0 0.501961 1
v 0.0233626977 0.0656141076 -0.0397018365 0 0.501961 1
v 0.0239326083 0.0657826396 -0.0411650139 0 0.501961 1
v 0.024546086 0.0659314466 -0.042612694 0 0.501961 1
v 0.0251896344 0.0660635649 -0.0440490228 0 0.501961 1
v 0.0258182195 0.0661857251 -0.0454927154 0 0.501961 1
v 0.0263962563 0.066303606 -0.046957561 0 0.501961 1
v 0.0269240561 0.0664126214 -0.0484420162 0 0.501961 1
v 0.0274011941 0.0665152691 -0.0499441057 0 0.501961 1
v 0.0278346999 0.0666100341 -0.0514598613 0 0.501961 1
v 0.0282298487 0.0667003038 -0.0529864205 1 0.784314 0
v 0.0285975942 0.0667855857 -0.0545201041 1 0.784314 0
v 0.0289283288 0.066871243 -0.0560621827 1 0.784314 0
v 0.0292282527 0.0669569442 -0.0576105312 1 0.784314 0
v 0.0294955237 0.0670414845 -0.0591649494 0.705882 0 1
v 0.0236550938 0.064304327 -0.0321043512 0 1 0
v 0.0238001929 0.0645741294 -0.0337152643 0 1 0
v 0.0240926793 0.0648287023 -0.0353082899 0 0.501961 1
v 0.0244959745 0.0650611018 -0.0368803832 0 0.501961 1
v 0.0249903775 0.0652723011 -0.0384293344 0 0.501961 1
v 0.0255583577 0.0654580446 -0.0399562404 0 0.501961 1
v 0.026180762 0.0656165124 -0.0414650569 0 0.501961 1
v 0.0268434658 0.0657525434 -0.0429589813 0 0.501961 1
v 0.0275034771 0.0658756981 -0.0444551835 0 0.501961 1
v 0.0281155593 0.0659910201 -0.0459720134 0 0.501961 1
v 0.0286728082 0.0660987207 -0.047510498 0 0.501961 1
v 0.0291756034 0.0661982765 -0.0490682458 0 0.501961 1
v 0.0296321497 0.0662909907 -0.0506405723 1 0.784314 0
v 0.0300520691 0.0663762384 -0.0522235951 1 0.784314 0
v 0.0304373678 0.0664617581 -0.0538153851 1 0.784314 0
v 0.0307859045 0.0665425732 -0.0554158861 1 0.784314 0
v 0.0311003924 0.0666206473 -0.0570234876 1 0.784314 0
v 0.0313809761 0.0666927292 -0.0586377134 1 0.784314 0
v 0.0316348196 0.0667664428 -0.0602563187 0.705882 0 1
v 0.0256230109 0.064122458 -0.0321032103 0 1 0
v 0.0257860712 0.0643954172 -0.0337380099 0 1 0
v 0.0261120582 0.0646482611 -0.0353509929 0 0.501961 1
v 0.02655745 0.0648732119 -0.0369393977 0 0.501961 1
v 0.0270927493 0.0650742791 -0.0385031663 0 0.501961 1
v 0.0276976454 0.0652443561 -0.0400453181 0 0.501961 1
v 0.0283553857 0.0653840146 -0.0415688848 0 0.501961 1
v 0.0290359505 0.0655043452 -0.0430841023 0 0.501961 1
v 0.0296833068 0.0656150446 -0.0446143593 0 0.501961 1
v 0.030269983 0.0657194016 -0.0461693795 0 0.501961 1
v 0.0308030083 0.065819033 -0.0477439482 0 0.501961 1
v 0.0312900528 0.0659133434 -0.0493336759 0 0.501961 1
v 0.0317329811 0.065994559 -0.0509369923 1 0.784314 0
v 0.0321381006 0.0660749092 -0.0525503621 1 0.784314 0
v 0.0325102867 0.0661524368 -0.0541717231 1 0.784314 0
v 0.0328465674 0.0662256705 -0.0558010929 1 0.784314 0
v 0.0331511872 0.0662902771 -0.0574371202 1 0.784314 0
v 0.033419317 0.0663546365 -0.059079558 1 0.784314 0
v 0.0336611928 0.0664229952 -0.060725912 0.705882 0 1
v 0.0275883091 0.0639142784 -0.0321017506 0.705882 0.470588 0.156863
v 0.027774493 0.0641822412 -0.0337480381 0.705882 0.470588 0.156863
v 0.0281339567 0.0644254427 -0.0353691812 0.470588 0.470588 0.470588
v 0.0286086481 0.0646401439 -0.0369650099 0.470588 0.470588 0.470588
v 0.0291843171 0.06482102 -0.0385315488 0.470588 0.470588 0.470588
v 0.0298232007 0.0649696395 -0.040076714 0.470588 0.470588 0.470588
v 0.03050518 0.0650879733 -0.0416060303 0.470588 0.470588 0.470588
v 0.03117634 0.0651959261 -0.0431409324 0.470588 0.470588 0.470588
v 0.0317993507 0.0652966108 -0.0446963324 0.470588 0.470588 0.470588
v 0.0323631806 0.065390297 -0.0462746802 0.470588 0.470588 0.470588
v 0.0328728258 0.0654824318 -0.0478714389 0.470588 0.470588 0.470588
v 0.0333426759 0.0655673701 -0.049480616 0.470588 0.470588 0.470588
v 0.033775439 0.0656444491 -0.0511006523 1 0 0
v 0.0341729329 0.0657170526 -0.0527299381 1 0 0
v 0.0345343506 0.0657884925 -0.0543677027 1 0 0
v 0.0348627726 0.0658495104 -0.0560128449 1 0 0
v 0.0351525503 0.0659125957 -0.0576651533 1 0 0
v 0.0354130186 0.0659740742 -0.0593223694 1 0 0
v 0.0356489229 0.0660352669 -0.0609832721 0 1 0
v 0.0295492398 0.0636684729 -0.0321012071 0.705882 0.470588 0.156863
v 0.0297627633 0.0639237641 -0.0337599843 0.705882 0.470588 0.156863
v 0.0301565021 0.0641532461 -0.03539006 0.470588 0.470588 0.470588
v 0.0306866407 0.0643451233 -0.0369856165 0.470588 0.470588 0.470588
v 0.0312902693 0.0645067986 -0.0385579311 0.470588 0.470588 0.470588
v 0.0319532478 0.0646414108 -0.0401092244 0.470588 0.470588 0.470588
v 0.0326423207 0.0647373883 -0.0416521602 0.470588 0.470588 0.470588
v 0.0332949878 0.0648302448 -0.0432109529 0.470588 0.470588 0.470588
v 0.0338920749 0.0649259809 -0.0447916915 0.470588 0.470588 0.470588
v 0.0344339774 0.0650104743 -0.046392804 0.470588 0.470588 0.470588
v 0.0349305316 0.0650911626 -0.0480087594 0.470588 0.470588 0.470588
v 0.0353889947 0.0651636053 -0.0496363004 0.470588 0.470588 0.470588
v 0.0358079205 0.0652345047 -0.0512746687 1 0 0
v 0.0361939066 0.0653039057 -0.0529211822 1 0 0
v 0.0365427092 0.0653608237 -0.05457645 1 0 0
v 0.0368573293 0.0654144878 -0.0562386511 1 0 0
v 0.0371392005 0.0654731222 -0.0579065453 1 0 0
v 0.0373956482 0.0655434727 -0.0595780709 1 0 0
v 0.037623883 0.0656051379 -0.0612540287 0 1 0
v 0.0315005499 0.0633560394 -0.0321031068 0.705882 0.470588 0.156863
v 0.0317163559 0.0635903754 -0.0336069689 0.705882 0.470588 0.156863
v 0.0320909671 0.063786973 -0.0350852189 0.470588 0.470588 0.470588
v 0.0325688518 0.0639494671 -0.0365381518 0.470588 0.470588 0.470588
v 0.0331265917 0.0640859276 -0.037965314 0.470588 0.470588 0.470588
v 0.0337346317 0.0641928971 -0.0393743353 0.470588 0.470588 0.470588
v 0.0343554159 0.0642779441 -0.0407793176 0.470588 0.470588 0.470588
v 0.034952061 0.0643481543 -0.042195403 0.470588 0.470588 0.470588
v 0.0355056007 0.0644195404 -0.0436288518 0.470588 0.470588 0.470588
v 0.0360164103 0.0644938923 -0.0450779107 0.470588 0.470588 0.470588
v 0.0364899246 0.0645615928 -0.0465398994 0.470588 0.470588 0.470588
v 0.0369286225 0.0646197813 -0.0480132877 0.470588 0.470588 0.470588
v 0.0373287397 0.0646798141 -0.0494975561 1 0 0
v 0.0377036966 0.0647405608 -0.0509883126 1 0 0
v 0.0380523038 0.064798211 -0.0524855425 1 0 0
v 0.0383723704 0.0648476576 -0.0539894606 1 0 0
v 0.038663537 0.0648913699 -0.0554994152 1 0 0
v 0.0389258847 0.0649379658 -0.0570145779 1 0 0
v 0.0391640869 0.0649841638 -0.0585337094 1 0 0
v 0.0393851078 0.0650396851 -0.0600551271 1 0 0
v 0.0395838613 0.0650994989 -0.0615794854 0 1 0
v 0.0334377885 0.0629663971 -0.0321047759 0.705882 0.470588 0.156863
v 0.0336956002 0.0631946782 -0.0336239747 0.705882 0.470588 0.156863
v 0.0341153769 0.0633767773 -0.0351114138 0.470588 0.470588 0.470588
v 0.0346329551 0.0635215748 -0.0365724632 0.470588 0.470588 0.470588
v 0.0352192993 0.0636368166 -0.0380107705 0.470588 0.470588 0.470588
v 0.0358468557 0.0637254144 -0.0394337394 0.470588 0.470588 0.470588
v 0.0364659289 0.0637910304 -0.0408615911 0.470588 0.470588 0.470588
v 0.037041525 0.0638388819 -0.0423082862 0.470588 0.470588 0.470588
v 0.0375775013 0.0639077935 -0.0437692937 0.470588 0.470588 0.470588
v 0.0380736886 0.0639710859 -0.0452445227 0.470588 0.470588 0.470588
v 0.038526824 0.0640194439 -0.0467340935 0.470588 0.470588 0.470588
v 0.0389494744 0.0640722791 -0.0482324438 0.470588 0.470588 0.470588
v 0.0393417173 0.0641306976 -0.0497388145 1 0 0
v 0.039709206 0.0641841785 -0.0512516214 1 0 0
v 0.0400465362 0.0642356353 -0.0527714843 1 0 0
v 0.0403568499 0.064279245 -0.0542973337 1 0 0
v 0.0406371834 0.064317902 -0.0558291557 1 0 0
v 0.0408896968 0.0643571079 -0.0573657949 1 0 0
v 0.041120124 0.0643965577 -0.0589058841 1 0 0
v 0.0413320216 0.0644442706 -0.0604483946 1 0 0
v 0.0415191002 0.0644785003 -0.0619944217 0 1 0
v 0.0353545217 0.0624867666 -0.0321038907 0.705882 0.470588 0.156863
v 0.0356491096 0.062706833 -0.033642282 0.705882 0.470588 0.156863
v 0.0361234123 0.0628602947 -0.0351424142 0.470588 0.470588 0.470588
v 0.0366821944 0.062981674 -0.0366160607 0.470588 0.470588 0.470588
v 0.0372945549 0.0630754771 -0.0380713139 0.470588 0.470588 0.470588
v 0.0379312217 0.0631292931 -0.0395182687 0.470588 0.470588 0.470588
v 0.0385302974 0.0631723519 -0.0409815527 0.470588 0.470588 0.470588
v 0.0390921266 0.0632332383 -0.0424588252 0.470588 0.470588 0.470588
v 0.0396103419 0.063292644 -0.043952028 0.470588 0.470588 0.470588
v 0.0400854598 0.0633296643 -0.045460137 0.470588 0.470588 0.470588
v 0.0405297075 0.0633720451 -0.0469775597 0.470588 0.470588 0.470588
v 0.040939452 0.0634172352 -0.0485045924 0.470588 0.470588 0.470588
v 0.0413202264 0.063463058 -0.0500391166 1 0 0
v 0.0416760491 0.0635084617 -0.0515795871 1 0 0
v 0.0420050105 0.0635522749 -0.0531260795 1 0 0
v 0.0423069355 0.0635871277 -0.0546782927 1 0 0
v 0.0425717306 0.0636145016 -0.0562374833 1 0 0
v 0.0428139338 0.0636474263 -0.0578002276 1 0 0
v 0.043036018 0.0636855784 -0.0593658291 1 0 0
v 0.0432357609 0.0637212528 -0.0609344428 1 0 0
v 0.0434148768 0.0637432872 -0.0625058732 0 1 0
v 0.0372335754 0.0618772914 -0.0320997537 0.705882 0.470588 0.156863
v 0.0375798851 0.0620899673 -0.0336574861 0.705882 0.470588 0.156863
v 0.0380921729 0.0622191773 -0.0351788582 0.470588 0.470588 0.470588
v 0.0386903612 0.0623136201 -0.036671596 0.470588 0.470588 0.470588
v 0.0393290781 0.0623576461 -0.0381500395 0.470588 0.470588 0.470588
v 0.0399572044 0.0623982844 -0.0396330256 0.470588 0.470588 0.470588
v 0.0405387277 0.0624346228 -0.0411348725 0.470588 0.470588 0.470588
v 0.0410838879 0.0624820064 -0.04265005 0.470588 0.470588 0.470588
v 0.0415801778 0.0625066753 -0.044182488 0.470588 0.470588 0.470588
v 0.0420430282 0.0625372223 -0.0457253322 0.470588 0.470588 0.470588
v 0.0424735355 0.0625744581 -0.0472773465 1 0 0
v 0.0428753737 0.0626160552 -0.048836859 1 0 0
v 0.0432457092 0.0626472918 -0.0504044673 1 0 0
v 0.0435913005 0.062686139 -0.0519775706 1 0 0
v 0.0439059294 0.0627145756 -0.0535572594 1 0 0
v 0.0441931627 0.0627438869 -0.0551422336 1 0 0
v 0.0444455435 0.0627596114 -0.05673335 1 0 0
v 0.0446784407 0.0627792012 -0.0583273802 1 0 0
v 0.0448897221 0.0628151288 -0.0599240195 0 1 0
v 0.0450775286 0.0628393089 -0.0615239551 0 1 0
v 0.0452599081 0.0628718798 -0.0631243776 0 0.501961 1
v 0.0390375354 0.0610735914 -0.032092256 0.470588 1 0
v 0.0394510094 0.061287285 -0.0336709428 0.470588 1 0
v 0.0400073897 0.0613883421 -0.0352156483 1 0 0.705882
v 0.0406342029 0.0614423838 -0.0367362372 1 0 0.705882
v 0.0412824468 0.0614785356 -0.0382486591 1 0 0.705882
v 0.0418879883 0.0614850382 -0.0397788383 1 0 0.705882
v 0.0424594984 0.0615145021 -0.0413217958 1 0 0.705882
v 0.042975306 0.0615259732 -0.0428847286 1 0 0.705882
v 0.0434585509 0.0615441257 -0.0444579741 0.313725 0.313725 1
v 0.0439115466 0.0615713249 -0.0460399705 0.313725 0.313725 1
v 0.0443321298 0.0616006549 -0.0476306722 0.313725 0.313725 1
v 0.0447146553 0.061618385 -0.0492314294 0.313725 0.313725 1
v 0.0450720999 0.0616425369 -0.0508378344 0.313725 0.313725 1
v 0.0454046104 0.0616697354 -0.0524495764 0.313725 0.313725 1
v 0.0457084303 0.0616883127 -0.0540670594 0.313725 0.313725 1
v 0.0459832428 0.0617098725 -0.0556895672 0.313725 0.313725 1
v 0.0462304751 0.0617299223 -0.0573165915 0.705882 0.470588 0.156863
v 0.0464437218 0.0617403552 -0.0589485878 0.705882 0.470588 0.156863
v 0.046637396 0.0617556953 -0.0605829199 0.705882 0.470588 0.156863
v 0.0468217028 0.0617783651 -0.0622183315 0.705882 0.470588 0.156863
v 0.0470105353 0.0618283954 -0.0638526085 0.470588 0.470588 0.470588
v 0.0407356191 0.060066355 -0.0320838147 0.470588 1 0
v 0.0412152738 0.0602755679 -0.0336855946 0.470588 1 0
v 0.0418095956 0.0603450017 -0.0352603396 1 0 0.705882
v 0.0424643286 0.0603725998 -0.0368125273 1 0 0.705882
v 0.0431042765 0.0603845958 -0.0383710809 1 0 0.705882
v 0.0436856512 0.0603693274 -0.0399526215 1 0 0.705882
v 0.0442346336 0.0603768476 -0.0415457479 1 0 0.705882
v 0.0447439567 0.0603875724 -0.0431520066 1 0 0.705882
v 0.0452129819 0.0603938979 -0.0447704287 1 0 0.705882
v 0.0456620619 0.060419988 -0.0463941132 1 0 0.705882
v 0.0460569722 0.0604264504 -0.0480322541 0.313725 0.313725 1
v 0.0464287901 0.0604356989 -0.0496757942 0.313725 0.313725 1
v 0.0467707299 0.0604460296 -0.0513257817 0.313725 0.313725 1
v 0.047095747 0.0604663688 -0.0529790706 0.313725 0.313725 1
v 0.0473853075 0.0604830502 -0.0546390358 0.313725 0.313725 1
v 0.0476419915 0.0604932282 -0.0563043173 0.313725 0.313725 1
v 0.0478748982 0.0605022908 -0.0579731816 0.313725 0.313725 1
v 0.0480727227 0.0605000725 -0.0596466364 0.313725 0.313725 1
v 0.0482386997 0.0604945436 -0.0613235062 0.705882 0.470588 0.156863
v 0.0484191219 0.0605216438 -0.062998739 0.705882 0.470588 0.156863
v 0.0486099826 0.0605796079 -0.0646718962 0.470588 0.470588 0.470588
v 0.0422926081 0.0588545278 -0.0320786616 0.470588 1 0
v 0.0427854191 0.0590337495 -0.03355957 0.470588 1 0
v 0.0433514292 0.0590815818 -0.0350235701 1 0 0.705882
v 0.0439427772 0.0590860899 -0.0364788355 1 0 0.705882
v 0.0445231202 0.0590790181 -0.0379387225 1 0 0.705882
v 0.045070619 0.0590720331 -0.0394111278 1 0 0.705882
v 0.0455784063 0.0590653837 -0.0408978144 1 0 0.705882
v 0.0460498141 0.0590645761 -0.0423964812 1 0 0.705882
v 0.0464881492 0.0590621901 -0.0439051622 1 0 0.705882
v 0.0468841142 0.0590504579 -0.045425443 1 0 0.705882
v 0.0472557978 0.0590495423 -0.0469518116 0.313725 0.313725 1
v 0.0476193805 0.059061227 -0.0484800798 0.313725 0.313725 1
v 0.0479476857 0.0590633429 -0.0500163259 0.313725 0.313725 1
v 0.0482413589 0.0590570791 -0.0515595333 0.313725 0.313725 1
v 0.0485371399 0.059071305 -0.0531024458 0.313725 0.313725 1
v 0.0487920255 0.0590725444 -0.0546526758 0.313725 0.313725 1
v 0.0490153403 0.0590714774 -0.0562077542 0.313725 0.313725 1
v 0.0492140546 0.0590661152 -0.0577661658 0.313725 0.313725 1
v 0.0494047297 0.0590714447 -0.0593256042 0.705882 0.470588 0.156863
v 0.0495561072 0.0590599202 -0.0608891552 0.705882 0.470588 0.156863
v 0.0497229329 0.0590763915 -0.0624509564 0.705882 0.470588 0.156863
v 0.0498405695 0.0590693344 -0.0640172655 0.705882 0.470588 0.156863
v 0.0499487825 0.0590707955 -0.0655841671 0.470588 0.470588 0.470588
v 0.0436758374 0.0574469328 -0.0320784611 0.470588 1 0
v 0.0442074513 0.057592411 -0.0335944639 0.470588 1 0
v 0.0448094942 0.057618653 -0.0350903155 1 0 0.705882
v 0.0454047673 0.05761136 -0.0365896163 1 0 0.705882
v 0.0459828163 0.057597608 -0.0380954818 1 0 0.705882
v 0.0465218896 0.0575819435 -0.039615869 1 0 0.705882
v 0.0470014368 0.0575589317 -0.0411558768 1 0 0.705882
v 0.0474646176 0.0575514398 -0.0427011134 1 0 0.705882
v 0.0479019732 0.0575488713 -0.0442538814 0.313725 0.313725 1
v 0.0482907075 0.0575327593 -0.0458194942 0.313725 0.313725 1
v 0.0486315465 0.0575095123 -0.0473961138 0.313725 0.313725 1
v 0.0489792288 0.0575097524 -0.048971139 0.313725 0.313725 1
v 0.0492945297 0.0575037283 -0.0505529971 0.313725 0.313725 1
v 0.0495920884 0.0575063119 -0.0521384484 0.313725 0.313725 1
v 0.0498511877 0.0575004608 -0.0537307222 0.313725 0.313725 1
v 0.0500956169 0.0574978403 -0.0553252503 0.313725 0.313725 1
v 0.0502981512 0.0574848377 -0.056925641 0.705882 0.470588 0.156863
v 0.0504821891 0.0574736492 -0.0585282374 0.705882 0.470588 0.156863
v 0.0506655528 0.0574773094 -0.0601308935 0.705882 0.470588 0.156863
v 0.0508050531 0.0574653772 -0.0617380184 0.705882 0.470588 0.156863
v 0.0509345154 0.0574606473 -0.0633458874 0.705882 0.470588 0.156863
v 0.051037299 0.0574498017 -0.0649556117 0.705882 0.470588 0.156863
v 0.0511159394 0.0574370162 -0.0665668093 0.470588 0.470588 0.470588
v 0.0448903208 0.0558898924 -0.0320813852 0.470588 1 0
v 0.0454468724 0.0560011467 -0.0336399417 0.470588 1 0
v 0.0460840156 0.0560191871 -0.0351711256 1 0 0.705882
v 0.0466855986 0.0559962866 -0.0367167044 1 0 0.705882
v 0.0472474035 0.0559696142 -0.0382772057 1 0 0.705882
v 0.0477708193 0.0559468368 -0.0398508372 1 0 0.705882
v 0.0482417715 0.0559167221 -0.0414410443 1 0 0.705882
v 0.0486968303 0.0559039116 -0.0430359976 1 0 0.705882
v 0.0491187884 0.0558909189 -0.0446401185 0.313725 0.313725 1
v 0.0495032352 0.0558773324 -0.0462536107 0.313725 0.313725 1
v 0.0498499085 0.0558601672 -0.0478754043 0.313725 0.313725 1
v 0.050179579 0.0558493212 -0.0495010345 0.313725 0.313725 1
v 0.0504874167 0.0558400036 -0.0511309095 0.313725 0.313725 1
v 0.0507595217 0.0558298876 -0.0527671917 0.313725 0.313725 1
v 0.0510103481 0.0558215065 -0.0544068615 0.313725 0.313725 1
v 0.0512351797 0.0558103997 -0.0560501141 0.313725 0.313725 1
v 0.0514305805 0.0557959675 -0.0576972814 0.705882 0.470588 0.156863
v 0.051606518 0.0557847422 -0.0593466729 0.705882 0.470588 0.156863
v 0.0517587905 0.0557737782 -0.0609983168 0.705882 0.470588 0.156863
v 0.0518888512 0.0557614282 -0.0626519535 0.705882 0.470588 0.156863
v 0.0519965183 0.0557469713 -0.0643071351 0.705882 0.470588 0.156863
v 0.0520903286 0.055736914 -0.0659632252 0.705882 0.470588 0.156863
v 0.052163572 0.055728022 -0.0676203736 0.470588 0.470588 0.470588
v 0.0459436983 0.0542187181 -0.0320846195 0.470588 1 0
v 0.0464828515 0.0543011459 -0.0335518084 0.470588 1 0
v 0.0470690131 0.0542938256 -0.0350033473 1 0 0.705882
v 0.0476208462 0.0542681233 -0.036467986 1 0 0.705882
v 0.0481459969 0.0542420999 -0.0379424477 1 0 0.705882
v 0.0486516656 0.0542242072 -0.0394238352 1 0 0.705882
v 0.0490988635 0.0541964516 -0.0409237993 1 0 0.705882
v 0.0495167244 0.054175946 -0.0424323227 1 0 0.705882
v 0.0499099394 0.0541563651 -0.043947444 0.313725 0.313725 1
v 0.0502732094 0.0541381624 -0.0454700197 0.313725 0.313725 1
v 0.0506129602 0.054122497 -0.046998022 0.313725 0.313725 1
v 0.050934964 0.0541091186 -0.0485299255 0.313725 0.313725 1
v 0.051234231 0.0540985542 -0.0500663652 0.313725 0.313725 1
v 0.0515035002 0.0540881158 -0.0516084394 0.313725 0.313725 1
v 0.0517483544 0.0540749766 -0.053154579 0.313725 0.313725 1
v 0.0519728688 0.054063443 -0.0547037758 0.313725 0.313725 1
v 0.0521799135 0.0540532521 -0.0562554252 0.705882 0.470588 0.156863
v 0.0523616033 0.0540384598 -0.0578102348 0.705882 0.470588 0.156863
v 0.0525238059 0.0540289505 -0.0593672367 0.705882 0.470588 0.156863
v 0.0526639123 0.0540181002 -0.060926306 0.705882 0.470588 0.156863
v 0.0527844522 0.0540058998 -0.0624870578 0.705882 0.470588 0.156863
v 0.0528866071 0.0539928126 -0.0640490876 0.705882 0.470588 0.156863
v 0.0529788795 0.0539830946 -0.065611799 0.705882 0.470588 0.156863
v 0.0530465949 0.053971721 -0.0671757477 0.705882 0.470588 0.156863
v 0.0531005666 0.0539589651 -0.0687402302 0.470588 0.470588 0.470588
v 0.0468248147 0.0524504347 -0.0320864149 0.705882 0 1
v 0.0474021748 0.0525158386 -0.0335907908 0.705882 0 1
v 0.0479951787 0.0524963028 -0.0350907233 0 0.862745 0.862745
v 0.0485605623 0.0524691151 -0.036601157 0 0.862745 0.862745
v 0.0490900786 0.0524430743 -0.0381245548 0 0.862745 0.862745
v 0.0495878345 0.0524201952 -0.039658655 0 0.862745 0.862745
v 0.0500425986 0.0523973332 -0.0412060967 0 0.862745 0.862745
v 0.0504580085 0.0523725653 -0.0427645569 0 0.862745 0.862745
v 0.0508542811 0.0523542788 -0.044328068 1 0.470588 0
v 0.0512218359 0.052337279 -0.045898453 1 0.470588 0
v 0.0515641504 0.0523233575 -0.0474746965 1 0.470588 0
v 0.051877142 0.0523085018 -0.0490570277 1 0.470588 0
v 0.0521685054 0.0522958707 -0.0506434598 1 0.470588 0
v 0.0524328453 0.0522820618 -0.0522345943 1 0.470588 0
v 0.0526751962 0.0522696959 -0.0538292977 1 0.470588 0
v 0.052893503 0.0522577696 -0.0554274655 1 0.470588 0
v 0.0530943152 0.0522478271 -0.0570279179 0.470588 1 0
v 0.0532737834 0.0522375334 -0.058630886 0.470588 1 0
v 0.0534282328 0.0522254323 -0.0602364832 0.470588 1 0
v 0.0535638466 0.05221433 -0.0618437908 0.470588 1 0
v 0.0536756787 0.0522013494 -0.0634528376 0.470588 1 0
v 0.0537619946 0.0521855786 -0.0650635097 0.470588 1 0
v 0.0538385373 0.0521729308 -0.0666746841 0.470588 1 0
v 0.0538936133 0.0521593699 -0.0682867528 0.470588 1 0
v 0.0539392261 0.0521500476 -0.0698991465 1 0 0.705882
v 0.0475648306 0.0506186449 -0.0320871787 0.705882 0 1
v 0.0481753366 0.05067012 -0.0336323033 0.705882 0 1
v 0.0487922163 0.050648969 -0.0351757276 0 0.862745 0.862745
v 0.0493734495 0.0506232527 -0.0367327996 0 0.862745 0.862745
v 0.0499134338 0.0505978002 -0.0383046337 0 0.862745 0.862745
v 0.0504078847 0.0505726214 -0.0398913718 0 0.862745 0.862745
v 0.0508742346 0.0505510334 -0.0414867512 0 0.862745 0.862745
v 0.0512966601 0.0505290961 -0.043094314 0 0.862745 0.862745
v 0.0517033282 0.0505144305 -0.0447059277 1 0.470588 0
v 0.0520753968 0.0504997731 -0.0463259397 1 0.470588 0
v 0.0524152753 0.0504835599 -0.0479529604 1 0.470588 0
v 0.0527278922 0.050469302 -0.0495855132 1 0.470588 0
v 0.0530118671 0.0504559626 -0.0512232972 1 0.470588 0
v 0.0532756659 0.0504434753 -0.0528644041 1 0.470588 0
v 0.0535172842 0.0504315443 -0.0545089712 1 0.470588 0
v 0.0537375101 0.0504207737 -0.0561565601 1 0.470588 0
v 0.0539356728 0.050409605 -0.0578069335 0.470588 1 0
v 0.0541129659 0.0503998681 -0.05945966 0.470588 1 0
v 0.0542641687 0.050390842 -0.0611150222 0.470588 1 0
v 0.0543970448 0.0503820279 -0.0627719553 0.470588 1 0
v 0.0544927945 0.0503653945 -0.0644313941 0.470588 1 0
v 0.0545804407 0.0503549445 -0.0660913368 0.470588 1 0
v 0.0546393313 0.0503407627 -0.0677524964 0.470588 1 0
v 0.054688933 0.0503292947 -0.0694139997 0.470588 1 0
v 0.054723542 0.0503185501 -0.071075891 1 0 0.705882
v 0.0481973426 0.0487466554 -0.0320879384 0.705882 0 1
v 0.0488010728 0.0487891369 -0.0335481003 0.705882 0 1
v 0.049394347 0.0487685948 -0.035013229 0 0.862745 0.862745
v 0.049954993 0.0487438616 -0.036491097 0 0.862745 0.862745
v 0.0504730595 0.0487255248 -0.0379845888 0 0.862745 0.862745
v 0.0509468713 0.0487031201 -0.0394926261 0 0.862745 0.862745
v 0.0513885808 0.048682721 -0.0410103768 0 0.862745 0.862745
v 0.0518114858 0.0486654143 -0.042533524 0 0.862745 0.862745
v 0.0522102357 0.048650423 -0.0440631915 1 0.470588 0
v 0.0525826253 0.0486400288 -0.0455995542 1 0.470588 0
v 0.0529255236 0.0486283404 -0.0471427564 1 0.470588 0
v 0.0532398772 0.0486146222 -0.0486919335 1 0.470588 0
v 0.0535215199 0.0486012687 -0.0502474407 1 0.470588 0
v 0.0537858971 0.0485893907 -0.051806033 1 0.470588 0
v 0.0540326557 0.0485795911 -0.0533674793 1 0.470588 0
v 0.0542613767 0.0485716302 -0.0549316862 1 0.470588 0
v 0.054466318 0.0485631064 -0.0564992193 0.470588 1 0
v 0.0546532123 0.0485551431 -0.058069001 0.470588 1 0
v 0.0548247371 0.0485496383 -0.0596405405 0.470588 1 0
v 0.0549720315 0.0485404977 -0.0612144818 0.470588 1 0
v 0.0550967914 0.0485305334 -0.0627904203 0.470588 1 0
v 0.0551979639 0.0485183312 -0.0643679978 0.470588 1 0
v 0.0552830772 0.0485091729 -0.0659465745 0.470588 1 0
v 0.0553463943 0.0484994677 -0.0675261287 0.470588 1 0
v 0.0553954714 0.0484886774 -0.0691062172 0.470588 1 0
v 0.0554311713 0.0484785444 -0.0706866746 0.470588 1 0
v 0.0554557099 0.0484701678 -0.0722673621 1 0 0.705882
v 0.048755751 0.0468510515 -0.0320888557 0.705882 0 1
v 0.0493895467 0.0468805959 -0.0335881073 0.705882 0 1
v 0.0499989717 0.0468654623 -0.0350975576 0 0.862745 0.862745
v 0.0505703394 0.0468430304 -0.0366217396 0 0.862745 0.862745
v 0.0511060719 0.0468231081 -0.0381588319 0 0.862745 0.862745
v 0.0515995529 0.046803338 -0.0397099652 0 0.862745 0.862745
v 0.0520569558 0.0467845977 -0.0412722675 0 0.862745 0.862745
v 0.0524934569 0.0467716256 -0.0428405779 0 0.862745 0.862745
v 0.0528996708 0.0467599058 -0.0444169294 1 0.470588 0
v 0.0532698909 0.0467469062 -0.0460022279 1 0.470588 0
v 0.0536191077 0.0467361897 -0.0475923018 1 0.470588 0
v 0.0539451195 0.0467260993 -0.0491872682 1 0.470588 0
v 0.0542295554 0.0467144187 -0.0507901958 1 0.470588 0
v 0.0545079656 0.0467058175 -0.052394173 1 0.470588 0
v 0.0547537827 0.0466998405 -0.0540034911 1 0.470588 0
v 0.0549789824 0.0466922541 -0.0556158069 1 0.470588 0
v 0.0551826343 0.0466835444 -0.057230998 0.470588 1 0
v 0.0553692515 0.046676725 -0.0588482507 0.470588 1 0
v 0.0555344462 0.0466698512 -0.0604678069 0.470588 1 0
v 0.0556785194 0.046662488 -0.0620894054 0.470588 1 0
v 0.0558080343 0.0466555517 -0.0637121672 0.470588 1 0
v 0.0559028312 0.0466449541 -0.0653373817 0.470588 1 0
v 0.0559838484 0.0466393519 -0.066963351 0.470588 1 0
v 0.0560449938 0.0466297761 -0.0685901644 0.470588 1 0
v 0.0560879304 0.0466200835 -0.070217561 1 0 0.705882
v 0.056117687 0.046612307 -0.0718452705 1 0 0.705882
v 0.0561338965 0.0466047522 -0.0734731698 0.313725 0.313725 1
v 0.0492518277 0.0449381962 -0.0320898713 0.705882 0 1
v 0.0498447484 0.044955619 -0.0335280555 0.705882 0 1
v 0.0504458987 0.0449425929 -0.0349630224 0 0.862745 0.862745
v 0.0510041453 0.044924583 -0.036415158 0 0.862745 0.862745
v 0.0515308998 0.0449099109 -0.0378789572 0 0.862745 0.862745
v 0.0520191864 0.0448942486 -0.0393559837 0 0.862745 0.862745
v 0.0524704057 0.0448780536 -0.0408448417 0 0.862745 0.862745
v 0.0528974524 0.0448675514 -0.0423408716 0 0.862745 0.862745
v 0.0532949995 0.0448551063 -0.0438449759 0 0.862745 0.862745
v 0.0536585644 0.0448442464 -0.0453576931 0 0.862745 0.862745
v 0.0540027033 0.0448340964 -0.0468749788 1 0.470588 0
v 0.0543298448 0.0448270301 -0.0483960415 1 0.470588 0
v 0.0546261475 0.0448196073 -0.0499233536 1 0.470588 0
v 0.0549069274 0.0448133104 -0.0514536197 1 0.470588 0
v 0.055162968 0.0448058264 -0.0529881818 1 0.470588 0
v 0.0553943461 0.0448001066 -0.0545267109 1 0.470588 0
v 0.0556071486 0.0447933144 -0.0560679282 1 0.470588 0
v 0.0558012279 0.0447857514 -0.0576115877 1 0.470588 0
v 0.0559770111 0.0447822332 -0.0591574717 0.470588 1 0
v 0.0561389204 0.0447785066 -0.0607048773 0.470588 1 0
v 0.0562743613 0.0447745214 -0.0622548164 0.470588 1 0
v 0.0563963957 0.0447680669 -0.0638058625 0.470588 1 0
v 0.0565015563 0.0447636023 -0.0653581093 0.470588 1 0
v 0.0565857741 0.0447568201 -0.0669116716 0.470588 1 0
v 0.0566472688 0.0447497445 -0.0684662926 0.470588 1 0
v 0.0566935535 0.0447418011 -0.0700214206 0.470588 1 0
v 0.0567269744 0.0447337454 -0.0715768835 1 0 0.705882
v 0.0567434214 0.0447276035 -0.0731326458 1 0 0.705882
v 0.0567554759 0.0447242295 -0.0746884504 0.313725 0.313725 1
v 0.049678234 0.0430086686 -0.0320907492 0.705882 0 1
v 0.050293347 0.0430173098 -0.0335680013 0.705882 0 1
v 0.0509137728 0.0430071094 -0.0350429702 0 0.862745 0.862745
v 0.0515014528 0.0429931249 -0.0365312368 0 0.862745 0.862745
v 0.0520475047 0.0429783285 -0.0380353348 0 0.862745 0.862745
v 0.0525493406 0.0429643413 -0.039554618 0 0.862745 0.862745
v 0.0530236041 0.0429548846 -0.0410828776 0 0.862745 0.862745
v 0.0534622991 0.0429446132 -0.0426217475 0 0.862745 0.862745
v 0.0538635529 0.0429337202 -0.0441707573 1 0.470588 0
v 0.0542379722 0.0429244513 -0.0457265009 1 0.470588 0
v 0.0545869408 0.0429157455 -0.0472881464 1 0.470588 0
v 0.0549147897 0.0429082453 -0.0488543664 1 0.470588 0
v 0.0552233227 0.0429035068 -0.0504245417 1 0.470588 0
v 0.0555092314 0.0428986083 -0.0519989825 1 0.470588 0
v 0.0557663902 0.042891521 -0.0535783486 1 0.470588 0
v 0.0559976151 0.0428877188 -0.0551617657 1 0.470588 0
v 0.0562161108 0.0428794088 -0.056746965 0.470588 1 0
v 0.0564069079 0.0428770248 -0.0583357445 0.470588 1 0
v 0.0565870684 0.0428750236 -0.0599257881 0.470588 1 0
v 0.0567433855 0.0428706418 -0.0615183462 0.470588 1 0
v 0.0568781908 0.0428642489 -0.0631128657 0.470588 1 0
v 0.0570014458 0.0428619287 -0.0647083193 0.470588 1 0
v 0.0570964708 0.0428581058 -0.0663056998 0.470588 1 0
v 0.0571740298 0.0428499247 -0.0679040228 0.470588 1 0
v 0.0572361664 0.0428454326 -0.0695029816 1 0 0.705882
v 0.057276157 0.0428411619 -0.0711026636 1 0 0.705882
v 0.0573017883 0.042835161 -0.0727026617 1 0 0.705882
v 0.0573138839 0.042829979 -0.0743028221 1 0 0.705882
v 0.0573163759 0.0428257166 -0.0759030326 0.313725 0.313725 1
v 0.0500377959 0.0410654633 -0.0320914353 0 1 0
v 0.0506902912 0.0410694645 -0.0336037372 0 1 0
v 0.0513375389 0.0410627209 -0.0351182485 0 0.501961 1
v 0.0519430161 0.0410503271 -0.0366498843 0 0.501961 1
v 0.0525086693 0.0410375859 -0.0381966818 0 0.501961 1
v 0.0530315366 0.041027035 -0.0397584623 0 0.501961 1
v 0.0535186275 0.0410177988 -0.0413317234 0 0.501961 1
v 0.0539680235 0.041008983 -0.0429161362 0 0.501961 1
v 0.0543810183 0.041000138 -0.0445104825 1 0.784314 0
v 0.054763553 0.0409921357 -0.0461124569 1 0.784314 0
v 0.0551226421 0.0409846073 -0.0477198732 1 0.784314 0
v 0.0554599056 0.0409795835 -0.0493320277 1 0.784314 0
v 0.055768363 0.0409756831 -0.0509499324 1 0.784314 0
v 0.0560511662 0.0409708229 -0.0525725018 1 0.784314 0
v 0.0563119546 0.0409674982 -0.0541987538 1 0.784314 0
v 0.0565549747 0.0409620395 -0.0558277718 1 0.784314 0
v 0.0567706389 0.0409552837 -0.0574606134 0.705882 0 1
v 0.0569651458 0.0409554469 -0.0590961407 0.705882 0 1
v 0.0571421928 0.040952319 -0.0607336351 0.705882 0 1
v 0.0572965901 0.0409511935 -0.0623734411 0.705882 0 1
v 0.0574292746 0.0409458473 -0.0640151337 0.705882 0 1
v 0.0575405333 0.0409407642 -0.0656583697 0.705882 0 1
v 0.0576300996 0.0409384295 -0.0673029998 0.705882 0 1
v 0.0577083127 0.0409340128 -0.068948183 0.705882 0 1
v 0.0577587609 0.0409290217 -0.0705944367 0 0.862745 0.862745
v 0.057792337 0.0409237552 -0.0722411517 0 0.862745 0.862745
v 0.0578137233 0.0409193833 -0.0738880489 0 0.862745 0.862745
v 0.0578152388 0.040913734 -0.0755351057 0 0.862745 0.862745
v 0.0578151522 0.0409115518 -0.077182167 1 0.470588 0
v 0.0503450411 0.0391132239 -0.0320916847 0 1 0
v 0.0509901816 0.0391124235 -0.0335416238 0 1 0
v 0.0516195649 0.0391064093 -0.0349984559 0 0.501961 1
v 0.0522198364 0.0391008679 -0.0364674968 0 0.501961 1
v 0.0527744399 0.0390885922 -0.0379543577 0 0.501961 1
v 0.0532917785 0.0390817687 -0.0394545906 0 0.501961 1
v 0.0537743862 0.0390748359 -0.0409662895 0 0.501961 1
v 0.0542216901 0.0390681552 -0.0424888378 0 0.501961 1
v 0.0546363979 0.0390595641 -0.0440205982 1 0.784314 0
v 0.0550212537 0.0390534099 -0.045560175 1 0.784314 0
v 0.0553811904 0.039048874 -0.0471057962 1 0.784314 0
v 0.0557183989 0.0390446457 -0.0486565382 1 0.784314 0
v 0.0560299241 0.039038483 -0.050212615 1 0.784314 0
v 0.0563165553 0.0390360271 -0.0517734614 1 0.784314 0
v 0.0565848132 0.0390350738 -0.0533375754 1 0.784314 0
v 0.056833241 0.0390328169 -0.0549049948 1 0.784314 0
v 0.0570594094 0.0390275981 -0.0564757588 0.705882 0 1
v 0.0572666083 0.0390286652 -0.0580491338 0.705882 0 1
v 0.0574440422 0.039025778 -0.0596261677 0.705882 0 1
v 0.0576116164 0.0390244803 -0.0612042686 0.705882 0 1
v 0.0577616562 0.0390227571 -0.0627841303 0.705882 0 1
v 0.0578828947 0.039016834 -0.0643664655 0.705882 0 1
v 0.0579865906 0.0390126519 -0.0659500408 0.705882 0 1
v 0.0580736884 0.0390086772 -0.0675346339 0.705882 0 1
v 0.058147678 0.0390043781 -0.0691198808 0 0.862745 0.862745
v 0.058205041 0.0390028916 -0.0707057977 0 0.862745 0.862745
v 0.0582391383 0.0389968886 -0.0722923968 0 0.862745 0.862745
v 0.0582582093 0.0389939264 -0.0738792665 0 0.862745 0.862745
v 0.0582672107 0.0389893734 -0.0754662269 0 0.862745 0.862745
v 0.0582670844 0.0389866 -0.0770532051 0 0.862745 0.862745
v 0.0582480694 0.03898203 -0.0786400749 1 0.470588 0
v 0.0506114259 0.0371549668 -0.0320913771 0 1 0
v 0.0512908824 0.0371534158 -0.0335866975 0 1 0
v 0.0519467739 0.0371438074 -0.0350924616 0 0.501961 1
v 0.0525703733 0.037139038 -0.0366117763 0 0.501961 1
v 0.0531546535 0.0371352674 -0.0381466635 0 0.501961 1
v 0.0536970539 0.0371283405 -0.0396969029 0 0.501961 1
v 0.0541964219 0.0371213725 -0.041261562 0 0.501961 1
v 0.0546576128 0.0371165223 -0.0428378853 0 0.501961 1
v 0.0550848303 0.0371098031 -0.0444237392 1 0.784314 0
v 0.0554820032 0.0371037105 -0.0460173895 1 0.784314 0
v 0.0558523453 0.0371001933 -0.0476174927 1 0.784314 0
v 0.0561939554 0.0370981612 -0.0492239706 1 0.784314 0
v 0.0565098194 0.0370945572 -0.0508357213 1 0.784314 0
v 0.0568029643 0.0370931806 -0.0524517743 1 0.784314 0
v 0.0570732555 0.0370897814 -0.0540718112 1 0.784314 0
v 0.0573199916 0.03708801 -0.0556956147 1 0.784314 0
v 0.0575454521 0.0370879676 -0.0573225209 0.705882 0 1
v 0.0577456935 0.0370863767 -0.0589527168 0.705882 0 1
v 0.0579288218 0.0370837684 -0.0605849232 0.705882 0 1
v 0.0580864178 0.0370825652 -0.062219801 0.705882 0 1
v 0.0582284137 0.0370801006 -0.0638560853 0.705882 0 1
v 0.0583447282 0.0370747983 -0.0654944008 0.705882 0 1
v 0.0584428105 0.0370723344 -0.0671339039 0.705882 0 1
v 0.0585232538 0.0370648566 -0.0687743658 0.705882 0 1
v 0.0585916123 0.0370664419 -0.0704153999 0 0.862745 0.862745
v 0.0586370982 0.0370619022 -0.072057209 0 0.862745 0.862745
v 0.0586617338 0.037059961 -0.0736994752 0 0.862745 0.862745
v 0.0586753065 0.0370570112 -0.0753418727 0 0.862745 0.862745
v 0.0586747858 0.037053595 -0.0769843252 0 0.862745 0.862745
v 0.0586583405 0.0370509151 -0.0786266967 0 0.862745 0.862745
v 0.0586281222 0.0370491105 -0.0802688757 1 0.470588 0
v 0.050845992 0.035192647 -0.0320906669 0 1 0
v 0.0515230566 0.035188151 -0.033542901 0 1 0
v 0.0521768945 0.0351859759 -0.0350057415 0 0.501961 1
v 0.0527980802 0.0351816487 -0.0364827051 0 0.501961 1
v 0.0533794217 0.0351748238 -0.0379757844 0 0.501961 1
v 0.053918486 0.0351689138 -0.0394846703 0 0.501961 1
v 0.0544181994 0.0351677819 -0.0410070695 0 0.501961 1
v 0.0548806045 0.0351619897 -0.0425412094 0 0.501961 1
v 0.0553079237 0.0351575418 -0.0440854709 0 0.501961 1
v 0.0557058352 0.0351538262 -0.045637578 0 0.501961 1
v 0.0560764716 0.0351491143 -0.0471964191 1 0.784314 0
v 0.0564198358 0.0351468437 -0.0487615052 1 0.784314 0
v 0.0567381957 0.0351436018 -0.0503318646 1 0.784314 0
v 0.0570330875 0.0351427292 -0.0519068019 1 0.784314 0
v 0.0573051102 0.0351398936 -0.053485851 1 0.784314 0
v 0.0575541489 0.035139642 -0.0550686975 1 0.784314 0
v 0.0577840065 0.0351335405 -0.0566544348 1 0.784314 0
v 0.0579903586 0.0351319498 -0.0582434189 1 0.784314 0
v 0.0581771145 0.0351327996 -0.0598348128 0.705882 0 1
v 0.0583430716 0.0351338614 -0.0614284849 0.705882 0 1
v 0.0584951436 0.035134124 -0.0630235741 0.705882 0 1
v 0.058626408 0.0351309093 -0.0646204594 0.705882 0 1
v 0.0587402645 0.0351296167 -0.0662187266 0.705882 0 1
v 0.0588342051 0.0351264614 -0.0678182599 0.705882 0 1
v 0.0589073789 0.0351240013 -0.0694189007 0.705882 0 1
v 0.0589699658 0.0351213476 -0.0710200006 0.705882 0 1
v 0.0590111565 0.0351186613 -0.0726217957 0 0.862745 0.862745
v 0.0590340264 0.0351171972 -0.0742239489 0 0.862745 0.862745
v 0.0590428504 0.0351146856 -0.0758262417 0 0.862745 0.862745
v 0.0590379898 0.0351112718 -0.0774285451 0 0.862745 0.862745
v 0.0590169283 0.0351079643 -0.079030712 0 0.862745 0.862745
v 0.0589824866 0.0351071793 -0.0806326632 0 0.862745 0.862745
v 0.0589419583 0.0351078344 -0.0822344783 1 0.470588 0
v 0.0510511551 0.0332270366 -0.0320898393 0 1 0
v 0.0517348755 0.0332257568 -0.0335278284 0 1 0
v 0.0523923338 0.033219829 -0.034977967 0 0.501961 1
v 0.0530180113 0.0332170453 -0.0364419757 0 0.501961 1
v 0.0536036643 0.0332146212 -0.0379224059 0 0.501961 1
v 0.054147423 0.0332096776 -0.039418759 0 0.501961 1
v 0.0546509412 0.0332052758 -0.0409291882 0 0.501961 1
v 0.0551177077 0.0332023772 -0.0424514255 0 0.501961 1
v 0.0555508074 0.0331989004 -0.0439836112 1 0.784314 0
v 0.0559536416 0.0331962628 -0.0455240535 1 0.784314 0
v 0.0563267317 0.033191009 -0.0470719584 1 0.784314 0
v 0.0566728147 0.033190026 -0.0486261347 1 0.784314 0
v 0.0569942692 0.0331880563 -0.0501855792 1 0.784314 0
v 0.0572915263 0.0331872403 -0.0517498036 1 0.784314 0
v 0.0575650184 0.033186394 -0.0533183536 1 0.784314 0
v 0.0578161773 0.0331849339 -0.0548906329 1 0.784314 0
v 0.0580456215 0.0331836391 -0.0564662258 0.705882 0 1
v 0.0582542435 0.0331824946 -0.0580447352 0.705882 0 1
v 0.0584454489 0.0331819601 -0.0596254614 0.705882 0 1
v 0.0586171152 0.0331814428 -0.0612084265 0.705882 0 1
v 0.0587705406 0.0331803389 -0.0627932699 0.705882 0 1
v 0.0589092051 0.0331789675 -0.064379446 0.705882 0 1
v 0.0590289211 0.0331775212 -0.0659671853 0.705882 0 1
v 0.059132414 0.0331745931 -0.0675560539 0.705882 0 1
v 0.0592148423 0.0331705939 -0.0691461418 0 0.862745 0.862745
v 0.059276383 0.033171701 -0.0707371992 0 0.862745 0.862745
v 0.0593230301 0.0331697202 -0.0723287595 0 0.862745 0.862745
v 0.0593541445 0.0331672432 -0.0739207047 0 0.862745 0.862745
v 0.05937005 0.0331653138 -0.0755128823 0 0.862745 0.862745
v 0.0593696825 0.0331596178 -0.0771051187 0 0.862745 0.862745
v 0.0593512731 0.0331569271 -0.0786972548 0 0.862745 0.862745
v 0.0593170544 0.0331563846 -0.0802891374 0 0.862745 0.862745
v 0.0592714753 0.0331554425 -0.0818807414 0 0.862745 0.862745
v 0.0592139636 0.0331560405 -0.0834719538 0 0.862745 0.862745
v 0.0591418701 0.0331561488 -0.0850625552 1 0.470588 0
v 0.0512296437 0.0312588137 -0.0320890683 0 1 0
v 0.0519371365 0.0312535669 -0.0335481182 0 1 0
v 0.0526174057 0.0312532896 -0.0350200576 0 0.501961 1
v 0.0532605939 0.0312513705 -0.0365085677 0 0.501961 1
v 0.0538601263 0.0312479191 -0.0380151582 0 0.501961 1
v 0.0544154865 0.0312433116 -0.0395385574 0 0.501961 1
v 0.0549293449 0.03124061 -0.0410764446 0 0.501961 1
v 0.0554055197 0.0312383646 -0.0426264254 0 0.501961 1
v 0.0558472617 0.0312354286 -0.0441865671 1 0.784314 0
v 0.0562565913 0.0312327696 -0.045755526 1 0.784314 0
v 0.0566358492 0.0312276854 -0.0473320343 1 0.784314 0
v 0.056987852 0.0312272472 -0.0489148617 1 0.784314 0
v 0.0573136482 0.03122757 -0.0505032963 1 0.784314 0
v 0.0576132043 0.0312246306 -0.0520968923 1 0.784314 0
v 0.0578875595 0.0312238199 -0.0536950445 1 0.784314 0
v 0.0581400332 0.0312235296 -0.0552968141 1 0.784314 0
v 0.0583675504 0.0312193812 -0.0569023134 0.705882 0 1
v 0.0585726171 0.0312208249 -0.0585108388 0.705882 0 1
v 0.0587610365 0.0312203701 -0.0601214081 0.705882 0 1
v 0.0589301743 0.0312200269 -0.0617341094 0.705882 0 1
v 0.0590850281 0.0312209351 -0.0633482513 0.705882 0 1
v 0.0592231355 0.0312206163 -0.0649638931 0.705882 0 1
v 0.0593408881 0.0312192428 -0.0665811401 0.705882 0 1
v 0.0594373187 0.0312170908 -0.0681998081 0.705882 0 1
v 0.0595148344 0.0312148026 -0.0698194706 0 0.862745 0.862745
v 0.0595777152 0.0312125389 -0.0714397859 0 0.862745 0.862745
v 0.0596182728 0.0312128085 -0.0730608232 0 0.862745 0.862745
v 0.0596493878 0.0312115439 -0.0746820772 0 0.862745 0.862745
v 0.0596601787 0.0312099967 -0.0763035904 0 0.862745 0.862745
v 0.0596548056 0.0312080351 -0.0779251142 0 0.862745 0.862745
v 0.0596288317 0.0312061203 -0.0795464509 0 0.862745 0.862745
v 0.0595852927 0.0312042043 -0.0811674116 0 0.862745 0.862745
v 0.0595293835 0.0312023203 -0.0827879956 0 0.862745 0.862745
v 0.0594614311 0.0312014874 -0.0844081218 0 0.862745 0.862745
v 0.0593783223 0.0312012443 -0.0860275409 1 0.470588 0
v 0.0592756344 0.0312005029 -0.0876458278 1 0.470588 0
v 0.0591565124 0.0312012169 -0.0892629986 0.470588 1 0
v 0.051385854 0.0292886855 -0.0320884469 0.705882 0.470588 0.156863
v 0.052086323 0.0292825004 -0.0335193156 0.705882 0.470588 0.156863
v 0.0527659527 0.0292823139 -0.0349601839 0.470588 0.470588 0.470588
v 0.053409882 0.029282022 -0.0364173421 0.470588 0.470588 0.470588
v 0.0540102926 0.0292802307 -0.0378929933 0.470588 0.470588 0.470588
v 0.0545676275 0.0292774729 -0.0393854794 0.470588 0.470588 0.470588
v 0.0550811539 0.0292758506 -0.0408936015 0.470588 0.470588 0.470588
v 0.0555575772 0.0292741102 -0.0424138161 0.470588 0.470588 0.470588
v 0.0559986496 0.0292712994 -0.0439446502 1 0 0
v 0.0564082439 0.0292697294 -0.0454842193 1 0 0
v 0.0567890461 0.0292664737 -0.0470311657 1 0 0
v 0.0571429689 0.0292639967 -0.0485844886 1 0 0
v 0.0574701771 0.0292643469 -0.050143661 1 0 0
v 0.0577715315 0.0292613197 -0.0517080298 1 0 0
v 0.0580481629 0.0292603676 -0.0532769717 1 0 0
v 0.0583023298 0.0292598785 -0.0548497195 1 0 0
v 0.0585334791 0.0292597117 -0.0564260157 0 1 0
v 0.0587413553 0.0292588099 -0.0580055418 0 1 0
v 0.0589316136 0.0292591685 -0.0595872948 0 1 0
v 0.0591064703 0.0292585349 -0.0611708215 0 1 0
v 0.0592668448 0.0292589862 -0.0627558923 0 1 0
v 0.0594122572 0.0292593986 -0.0643423817 0 1 0
v 0.0595361392 0.029258277 -0.0659307098 0 1 0
v 0.0596406209 0.0292563316 -0.0675204365 0 1 0
v 0.0597245505 0.0292543863 -0.069111393 0 0.501961 1
v 0.0597984256 0.0292536477 -0.0707028335 0 0.501961 1
v 0.0598512568 0.0292529108 -0.0722951182 0 0.501961 1
v 0.0598919104 0.029252258 -0.0738877631 0 0.501961 1
v 0.0599147975 0.0292503574 -0.0754807384 0 0.501961 1
v 0.0599248582 0.0292487595 -0.0770738689 0 0.501961 1
v 0.0599101223 0.0292466183 -0.0786669465 0 0.501961 1
v 0.0598777838 0.0292453933 -0.0802597593 0 0.501961 1
v 0.0598316091 0.0292450555 -0.0818522568 0 0.501961 1
v 0.0597713189 0.029243862 -0.083444271 0 0.501961 1
v 0.0596988384 0.029242687 -0.0850357748 1 0.784314 0
v 0.059612179 0.0292411629 -0.0866265855 1 0.784314 0
v 0.0595019083 0.0292428494 -0.0882159289 1 0.784314 0
v 0.0593766289 0.0292434889 -0.0898041557 1 0.784314 0
v 0.0592380012 0.0292440646 -0.0913912734 1 0.784314 0
v 0.0590838888 0.0292457323 -0.0929769503 1 0.784314 0
v 0.0589100431 0.0292468448 -0.0945605806 0.705882 0 1
v 0.0515194818 0.0273168959 -0.0320880792 0.705882 0.470588 0.156863
v 0.052223368 0.0273162476 -0.0335084408 0.705882 0.470588 0.156863
v 0.0529085583 0.0273127371 -0.0349378797 0.470588 0.470588 0.470588
v 0.05355597 0.027311714 -0.0363846595 0.470588 0.470588 0.470588
v 0.0541596384 0.0273106809 -0.0378501975 0.470588 0.470588 0.470588
v 0.0547195436 0.0273067949 -0.0393330586 0.470588 0.470588 0.470588
v 0.0552379111 0.0273044203 -0.0408310057 0.470588 0.470588 0.470588
v 0.0557183331 0.0273049547 -0.0423416072 0.470588 0.470588 0.470588
v 0.0561642173 0.0273018111 -0.043862789 1 0 0
v 0.0565770537 0.0273021877 -0.0453932884 1 0 0
v 0.0569602726 0.0272993868 -0.0469314587 1 0 0
v 0.0573158048 0.0272974089 -0.0484762515 1 0 0
v 0.057643445 0.027297974 -0.0500271901 1 0 0
v 0.0579455613 0.0272956852 -0.0515833103 1 0 0
v 0.0582241549 0.0272952945 -0.0531438204 1 0 0
v 0.0584810407 0.0272951149 -0.0547080556 1 0 0
v 0.0587170004 0.0272935449 -0.0562755984 0 1 0
v 0.0589284304 0.0272887532 -0.0578466425 0 1 0
v 0.0591205523 0.0272888055 -0.0594201502 0 1 0
v 0.0592986422 0.027291416 -0.0609953161 0 1 0
v 0.0594587139 0.0272932522 -0.0625724155 0 1 0
v 0.0596068296 0.0272937589 -0.0641506728 0 1 0
v 0.0597330251 0.0272918041 -0.0657308572 0 1 0
v 0.0598428834 0.0272924054 -0.0673122469 0 1 0
v 0.0599377921 0.0272920107 -0.0688946083 0 0.501961 1
v 0.0600159674 0.0272895768 -0.0704778775 0 0.501961 1
v 0.0600749325 0.027288556 -0.0720619547 0 0.501961 1
v 0.0601185213 0.0272892154 -0.073646561 0 0.501961 1
v 0.0601454141 0.0272868737 -0.0752315382 0 0.501961 1
v 0.0601597785 0.0272817665 -0.0768166768 0 0.501961 1
v 0.0601519261 0.0272791736 -0.0784018272 0 0.501961 1
v 0.0601255666 0.0272795731 -0.0799867996 0 0.501961 1
v 0.0600851889 0.0272821396 -0.0815714874 0 0.501961 1
v 0.0600324344 0.027281478 -0.083155821 0 0.501961 1
v 0.0599634064 0.0272816701 -0.0847395157 1 0.784314 0
v 0.0598744518 0.0272819938 -0.0863222185 1 0.784314 0
v 0.0597678999 0.0272812382 -0.0879038392 1 0.784314 0
v 0.0596445542 0.0272811268 -0.0894842386 1 0.784314 0
v 0.0595056014 0.027281461 -0.0910633439 1 0.784314 0
v 0.0593475377 0.027282356 -0.0926406522 1 0.784314 0
v 0.0591747643 0.027282875 -0.0942164237 1 0.784314 0
v 0.0589858501 0.0272813931 -0.0957903289 1 0.784314 0
v 0.0587791229 0.0272861037 -0.0973619845 0.705882 0 1
v 0.0585566975 0.0272880226 -0.0989315096 0.705882 0 1
v 0.0583181594 0.0272906771 -0.100498646 0 0.862745 0.862745
v 0.0516308457 0.0253437206 -0.0320878364 0.705882 0.470588 0.156863
v 0.0523718686 0.0253376451 -0.0335524507 0.705882 0.470588 0.156863
v 0.0530891558 0.0253379174 -0.0350287744 0.470588 0.470588 0.470588
v 0.0537629069 0.025339769 -0.0365255125 0.470588 0.470588 0.470588
v 0.0543871849 0.0253383969 -0.0380435873 0.470588 0.470588 0.470588
v 0.0549633738 0.0253344677 -0.0395805144 0.470588 0.470588 0.470588
v 0.0554961363 0.0253346406 -0.041133013 0.470588 0.470588 0.470588
v 0.0559894354 0.0253325845 -0.0426985017 0.470588 0.470588 0.470588
v 0.05644556 0.0253312757 -0.0442752133 1 0 0
v 0.0568677985 0.0253314776 -0.0458613617 1 0 0
v 0.0572587716 0.0253286287 -0.0474555012 1 0 0
v 0.0576173184 0.0253273652 -0.0490572326 1 0 0
v 0.0579446254 0.0253265854 -0.0506656675 1 0 0
v 0.0582466538 0.0253233106 -0.0522790693 1 0 0
v 0.0585275513 0.0253200069 -0.053896281 1 0 0
v 0.0587863312 0.025323581 -0.0555171941 1 0 0
v 0.0590212955 0.0253246179 -0.0571417383 0 1 0
v 0.0592280265 0.0253242371 -0.0587701293 0 1 0
v 0.0594170894 0.0253204109 -0.0604006569 0 1 0
v 0.0595907044 0.0253182844 -0.0620328841 0 1 0
v 0.0597437757 0.0253179198 -0.0636671717 0 1 0
v 0.0598836381 0.0253186464 -0.0653026558 0 1 0
v 0.060009719 0.0253247866 -0.0669392424 0 1 0
v 0.0601121142 0.0253237224 -0.0685774986 0 1 0
v 0.0602014268 0.0253221194 -0.0702164996 0 0.501961 1
v 0.0602706336 0.0253238337 -0.0718564969 0 0.501961 1
v 0.0603186951 0.025323957 -0.0734972496 0 0.501961 1
v 0.0603463523 0.0253230608 -0.0751384764 0 0.501961 1
v 0.060363151 0.0253226452 -0.0767798378 0 0.501961 1
v 0.0603618178 0.0253212635 -0.0784212848 0 0.501961 1
v 0.0603416882 0.0253213525 -0.0800626188 0 0.501961 1
v 0.0603018636 0.0253202038 -0.0817035992 0 0.501961 1
v 0.0602447007 0.0253193381 -0.0833440655 0 0.501961 1
v 0.0601691615 0.0253175182 -0.0849837787 0 0.501961 1
v 0.0600751445 0.0253151427 -0.0866225338 1 0.784314 0
v 0.0599598876 0.025314719 -0.0882599216 1 0.784314 0
v 0.0598250301 0.025315487 -0.0898958205 1 0.784314 0
v 0.0596727593 0.0253164325 -0.0915301955 1 0.784314 0
v 0.0595004414 0.025315789 -0.0931625782 1 0.784314 0
v 0.0593108509 0.0253163813 -0.0947930481 1 0.784314 0
v 0.0591075006 0.0253184921 -0.0964218489 1 0.784314 0
v 0.0588823135 0.0253204371 -0.0980477748 1 0.784314 0
v 0.0586397843 0.025321819 -0.0996712018 0.705882 0 1
v 0.058379213 0.0253238241 -0.101291835 0.705882 0 1
v 0.0580936629 0.025325365 -0.102908253 0.705882 0 1
v 0.0577967434 0.0253283621 -0.104522637 0.705882 0 1
v 0.0574796005 0.0253311601 -0.106133165 0 0.862745 0.862745
v 0.0517269168 0.0233697363 -0.032087593 0.705882 0.470588 0.156863
v 0.0524608562 0.0233685111 -0.0335237774 0.705882 0.470588 0.156863
v 0.0531683957 0.023366224 -0.0349730149 0.470588 0.470588 0.470588
v 0.0538373487 0.0233667509 -0.036440443 0.470588 0.470588 0.470588
v 0.0544680392 0.0233652183 -0.0379247193 0.470588 0.470588 0.470588
v 0.0550458723 0.0233643188 -0.0394304937 0.470588 0.470588 0.470588
v 0.0555782739 0.0233646228 -0.040952938 0.470588 0.470588 0.470588
v 0.0560722633 0.0233638691 -0.0424882525 0.470588 0.470588 0.470588
v 0.0565300484 0.0233613474 -0.0440347296 1 0 0
v 0.0569536598 0.023361377 -0.0455909143 1 0 0
v 0.0573455974 0.0233606407 -0.0471553832 1 0 0
v 0.0577053921 0.0233590662 -0.0487275521 1 0 0
v 0.0580305897 0.0233592266 -0.0503072192 1 0 0
v 0.0583301422 0.023358122 -0.0518919579 1 0 0
v 0.0586100457 0.0233571812 -0.0534803093 1 0 0
v 0.0588736127 0.0233572061 -0.0550714752 1 0 0
v 0.0591147209 0.0233563401 -0.0566661518 0 1 0
v 0.059327936 0.0233566653 -0.058264796 0 1 0
v 0.0595172415 0.0233552806 -0.0598664792 0 1 0
v 0.0596910226 0.0233551549 -0.061469937 0 1 0
v 0.0598477248 0.0233558495 -0.0630751487 0 1 0
v 0.0599911243 0.0233555442 -0.0646815897 0 1 0
v 0.0601216354 0.0233547093 -0.0662891487 0 1 0
v 0.0602378013 0.0233559506 -0.0678977992 0 1 0
v 0.060338064 0.0233563721 -0.0695075249 0 0.501961 1
v 0.0604146636 0.0233557349 -0.0711185514 0 0.501961 1
v 0.0604706772 0.0233541283 -0.0727304215 0 0.501961 1
v 0.0605096948 0.0233535191 -0.074342788 0 0.501961 1
v 0.0605358739 0.0233539337 -0.0759554221 0 0.501961 1
v 0.0605463327 0.02335167 -0.0775682259 0 0.501961 1
v 0.0605399735 0.0233498708 -0.0791810542 0 0.501961 1
v 0.06051035 0.0233481823 -0.0807936355 0 0.501961 1
v 0.0604658563 0.0233500199 -0.0824058719 0 0.501961 1
v 0.0604049674 0.0233475362 -0.0840175622 0 0.501961 1
v 0.0603232791 0.0233471864 -0.0856283406 1 0.784314 0
v 0.0602202721 0.0233475733 -0.0872378771 1 0.784314 0
v 0.0600994274 0.0233471474 -0.0888461738 1 0.784314 0
v 0.0599622216 0.0233469755 -0.0904531651 1 0.784314 0
v 0.0598050281 0.0233472456 -0.0920583099 1 0.784314 0
v 0.0596302971 0.0233462246 -0.0936616675 1 0.784314 0
v 0.059437047 0.0233465734 -0.0952628921 1 0.784314 0
v 0.0592269453 0.0233497051 -0.0968619862 1 0.784314 0
v 0.0589958381 0.0233516182 -0.0984581788 0.705882 0 1
v 0.058747384 0.0233519665 -0.100051752 0.705882 0 1
v 0.0584805431 0.0233527699 -0.101642349 0.705882 0 1
v 0.0581933555 0.0233546029 -0.10322941 0.705882 0 1
v 0.0578889663 0.023356977 -0.104813277 0.705882 0 1
v 0.0575662263 0.0233593658 -0.106393496 0.705882 0 1
v 0.057227308 0.0233614834 -0.107970303 0.705882 0 1
v 0.0568720497 0.0233635865 -0.109543535 0.705882 0 1
v 0.0564978132 0.023360368 -0.111112361 0 0.862745 0.862745
v 0.0518128429 0.0213952822 -0.0320873505 0.705882 0.470588 0.156863
v 0.052561938 0.0213939433 -0.0335268408 0.705882 0.470588 0.156863
v 0.0532820906 0.021388265 -0.0349810177 0.470588 0.470588 0.470588
v 0.0539556691 0.0213915312 -0.0364572444 0.470588 0.470588 0.470588
v 0.0545847961 0.0213920384 -0.0379529146 0.470588 0.470588 0.470588
v 0.0551664483 0.0213893311 -0.039467628 0.470588 0.470588 0.470588
v 0.0557049974 0.0213892294 -0.0409982779 0.470588 0.470588 0.470588
v 0.056206865 0.0213885333 -0.0425413777 0.470588 0.470588 0.470588
v 0.0566736449 0.0213861278 -0.0440954608 1 0 0
v 0.0571047323 0.0213885939 -0.0456598515 1 0 0
v 0.0575011041 0.0213885693 -0.0472334182 1 0 0
v 0.0578621997 0.0213875219 -0.0488154439 1 0 0
v 0.0581888811 0.0213875532 -0.05040489 1 0 0
v 0.0584872578 0.0213862417 -0.0519999091 1 0 0
v 0.0587664723 0.0213857177 -0.0535984384 1 0 0
v 0.0590325911 0.0213858606 -0.0551991899 1 0 0
v 0.0592777388 0.0213861018 -0.0568032799 0 1 0
v 0.0594904617 0.0213859231 -0.0584119259 0 1 0
v 0.0596786395 0.0213846003 -0.0600236979 0 1 0
v 0.0598505999 0.0213848326 -0.0616372911 0 1 0
v 0.0600095684 0.0213850256 -0.063252217 0 1 0
v 0.0601522394 0.021384988 -0.0648686551 0 1 0
v 0.0602815855 0.0213832066 -0.0664862196 0 1 0
v 0.0603955948 0.021381758 -0.0681049311 0 1 0
v 0.0604925778 0.0213834632 -0.0697247476 0 0.501961 1
v 0.0605704058 0.0213847999 -0.0713455865 0 0.501961 1
v 0.0606310538 0.0213845649 -0.0729671631 0 0.501961 1
v 0.0606723568 0.0213841634 -0.074589367 0 0.501961 1
v 0.0606984715 0.0213836643 -0.0762118871 0 0.501961 1
v 0.0607087044 0.0213804916 -0.0778345849 0 0.501961 1
v 0.0606985597 0.0213782807 -0.0794572876 0 0.501961 1
v 0.0606672917 0.0213791175 -0.0810797231 0 0.501961 1
v 0.0606201534 0.0213809169 -0.0827017714 0 0.501961 1
v 0.0605549583 0.0213816928 -0.0843232006 0 0.501961 1
v 0.0604691139 0.0213797443 -0.0859436378 1 0.784314 0
v 0.0603626322 0.0213775692 -0.0875628176 1 0.784314 0
v 0.0602380112 0.0213767779 -0.0891807477 1 0.784314 0
v 0.0600962708 0.021379766 -0.0907972739 1 0.784314 0
v 0.059932478 0.0213779448 -0.0924117213 1 0.784314 0
v 0.0597536987 0.0213764425 -0.0940245809 1 0.784314 0
v 0.0595555993 0.0213722553 -0.0956351706 1 0.784314 0
v 0.0593376736 0.0213777909 -0.0972431854 1 0.784314 0
v 0.0590990223 0.0213822978 -0.0988482459 0.705882 0 1
v 0.0588374277 0.0213831338 -0.100449744 0.705882 0 1
v 0.0585582633 0.0213829902 -0.102048266 0.705882 0 1
v 0.0582590026 0.0213809445 -0.103643146 0.705882 0 1
v 0.0579415799 0.0213817201 -0.10523453 0.705882 0 1
v 0.0576026201 0.0213863686 -0.106821444 0.705882 0 1
v 0.0572460371 0.0213866812 -0.108404481 0.705882 0 1
v 0.0568739527 0.0213883938 -0.109983973 0.705882 0 1
v 0.0564831586 0.0213828082 -0.111558931 0 0.862745 0.862745
v 0.0560699667 0.0213877583 -0.113128162 0 0.862745 0.862745
v 0.0556353654 0.0213955476 -0.114691585 0 0.862745 0.862745
v 0.0518875724 0.0194203737 -0.0320872081 0.705882 0.470588 0.156863
v 0.0526349437 0.0194143241 -0.0335124327 0.705882 0.470588 0.156863
v 0.0533556639 0.019414566 -0.0349513222 0.470588 0.470588 0.470588
v 0.0540331367 0.0194168278 -0.0364110348 0.470588 0.470588 0.470588
v 0.0546594186 0.0194172345 -0.0378933538 0.470588 0.470588 0.470588
v 0.0552368067 0.0194151882 -0.0393954056 0.470588 0.470588 0.470588
v 0.0557731875 0.0194149999 -0.0409126432 0.470588 0.470588 0.470588
v 0.0562761573 0.0194142385 -0.0424412844 0.470588 0.470588 0.470588
v 0.0567467009 0.0194095975 -0.0439801769 1 0 0
v 0.0571821316 0.019415095 -0.0455293839 1 0 0
v 0.057582815 0.0194153668 -0.0470879613 1 0 0
v 0.0579494377 0.0194140388 -0.0486549116 1 0 0
v 0.0582804783 0.0194095681 -0.050229822 1 0 0
v 0.0585780389 0.0194124341 -0.0518113579 1 0 0
v 0.0588585216 0.019409613 -0.0533960335 1 0 0
v 0.0591233125 0.0194113847 -0.0549834202 1 0 0
v 0.0593686581 0.0194122631 -0.0565739197 0 1 0
v 0.0595858534 0.0194129836 -0.0581684446 0 1 0
v 0.0597792539 0.019412489 -0.0597660852 0 1 0
v 0.059952514 0.0194124419 -0.0613660511 0 1 0
v 0.0601132105 0.0194129429 -0.0629673319 0 1 0
v 0.0602586535 0.0194128864 -0.0645700573 0 1 0
v 0.0603886367 0.0194122964 -0.0661741229 0 1 0
v 0.0605041227 0.0194085854 -0.0677792811 0 1 0
v 0.06060384 0.0194095074 -0.0693854804 0 0.501961 1
v 0.0606863597 0.0194123362 -0.0709926711 0 0.501961 1
v 0.060750644 0.019412371 -0.0726006908 0 0.501961 1
v 0.0607969837 0.019411555 -0.074209344 0 0.501961 1
v 0.0608288788 0.0194115584 -0.0758183407 0 0.501961 1
v 0.0608443654 0.0194100063 -0.077427571 0 0.501961 1
v 0.0608422873 0.0194034838 -0.0790368806 0 0.501961 1
v 0.0608170075 0.0194043679 -0.0806459862 0 0.501961 1
v 0.0607777523 0.0194047762 -0.0822548303 0 0.501961 1
v 0.0607226261 0.0194078913 -0.0838632099 0 0.501961 1
v 0.0606484071 0.01940803 -0.0854707972 1 0.784314 0
v 0.060550921 0.0194086371 -0.0870771422 1 0.784314 0
v 0.0604325715 0.0194096109 -0.0886820984 1 0.784314 0
v 0.0602960273 0.0194086299 -0.0902856063 1 0.784314 0
v 0.0601396629 0.019407144 -0.0918872968 1 0.784314 0
v 0.0599666206 0.0194078948 -0.0934872864 1 0.784314 0
v 0.0597769041 0.0194089076 -0.095085369 1 0.784314 0
v 0.0595677423 0.0194082218 -0.0966810059 1 0.784314 0
v 0.0593316492 0.0194088754 -0.0982729021 0.705882 0 1
v 0.0590798111 0.0194107049 -0.0998624036 0.705882 0 1
v 0.0588052699 0.0194119291 -0.101448144 0.705882 0 1
v 0.0585124905 0.0194122572 -0.103030605 0.705882 0 1
v 0.0581974674 0.0194103333 -0.104608783 0.705882 0 1
v 0.0578640737 0.0194053383 -0.106183179 0.705882 0 1
v 0.0575134827 0.0194147044 -0.107753818 0.705882 0 1
v 0.0571377095 0.019414352 -0.109318662 0.705882 0 1
v 0.0567457224 0.019415997 -0.110879489 0 0.862745 0.862745
v 0.0563381718 0.0194192322 -0.112436359 0 0.862745 0.862745
v 0.0559056234 0.0194200056 -0.113986464 0 0.862745 0.862745
v 0.0554575857 0.0194164081 -0.11553213 0 0.862745 0.862745
v 0.0549938355 0.0194172087 -0.117073151 0 0.862745 0.862745
v 0.0519487832 0.0174449982 -0.0320873053 0.470588 1 0
v 0.0527157803 0.0174393685 -0.0335368238 0.470588 1 0
v 0.0534549348 0.0174304502 -0.0350006335 1 0 0.705882
v 0.0541506827 0.017436071 -0.0364855479 1 0 0.705882
v 0.0547895135 0.0174433966 -0.0379958681 1 0 0.705882
v 0.0553750285 0.0174426401 -0.0395277189 1 0 0.705882
v 0.0559189312 0.0174423935 -0.0410748542 1 0 0.705882
v 0.0564308555 0.0174417513 -0.0426328669 1 0 0.705882
v 0.056909825 0.0174403622 -0.0442013161 0.313725 0.313725 1
v 0.057351188 0.0174409395 -0.0457807507 0.313725 0.313725 1
v 0.057755083 0.01744172 -0.0473701723 0.313725 0.313725 1
v 0.0581227732 0.0174407363 -0.0489683514 0.313725 0.313725 1
v 0.0584550989 0.0174375769 -0.0505742511 0.313725 0.313725 1
v 0.0587558882 0.0174360057 -0.0521863704 0.313725 0.313725 1
v 0.0590375433 0.0174350979 -0.0538019425 0.313725 0.313725 1
v 0.0593007991 0.0174358946 -0.0554205899 0.313725 0.313725 1
v 0.0595438684 0.0174326495 -0.0570423932 0.705882 0.470588 0.156863
v 0.0597605849 0.0174391565 -0.05866796 0.705882 0.470588 0.156863
v 0.059952463 0.0174383707 -0.0602966521 0.705882 0.470588 0.156863
v 0.0601252799 0.0174397332 -0.0619274759 0.705882 0.470588 0.156863
v 0.0602837774 0.0174399482 -0.0635597546 0.705882 0.470588 0.156863
v 0.0604248088 0.0174398447 -0.0651936296 0.705882 0.470588 0.156863
v 0.0605527653 0.0174389094 -0.0668285875 0.470588 0.470588 0.470588
v 0.0606625821 0.0174266502 -0.068464811 0.470588 0.470588 0.470588
v 0.0607566541 0.017439192 -0.0701020107 0.470588 0.470588 0.470588
v 0.0608296614 0.017440082 -0.0717403374 0.470588 0.470588 0.470588
v 0.0608850559 0.017440022 -0.0733793578 0.470588 0.470588 0.470588
v 0.0609238017 0.0174397609 -0.0750188495 0.470588 0.470588 0.470588
v 0.0609471668 0.0174338171 -0.0766586233 0.470588 0.470588 0.470588
v 0.060954094 0.0174278802 -0.0782985434 0.470588 0.470588 0.470588
v 0.060944998 0.0174286517 -0.0799384568 0.470588 0.470588 0.470588
v 0.0609161492 0.0174310372 -0.0815781434 0.470588 0.470588 0.470588
v 0.0608699798 0.0174342156 -0.0832174288 1 0 0
v 0.0608051967 0.0174361796 -0.0848560665 1 0 0
v 0.0607183199 0.0174361801 -0.0864937015 1 0 0
v 0.0606112522 0.0174372119 -0.0881301504 1 0 0
v 0.0604823405 0.0174343515 -0.089765029 1 0 0
v 0.0603278694 0.0174372593 -0.0913976974 1 0 0
v 0.060156608 0.0174367278 -0.0930286866 1 0 0
v 0.0599679827 0.0174364344 -0.0946577407 1 0 0
v 0.0597548263 0.0174373788 -0.0962837766 0 1 0
v 0.0595194496 0.0174381157 -0.0979067291 0 1 0
v 0.0592635023 0.0174387585 -0.0995265626 0 1 0
v 0.0589836671 0.0174391349 -0.101142452 0 1 0
v 0.0586834148 0.0174382465 -0.102754677 0 1 0
v 0.0583607041 0.0174392065 -0.104362527 0 1 0
v 0.0580206975 0.0174384817 -0.105966832 0 1 0
v 0.0576561203 0.0174376673 -0.107565746 0 1 0
v 0.0572687192 0.0174409056 -0.109159246 0 0.501961 1
v 0.0568643527 0.0174403081 -0.110748551 0 0.501961 1
v 0.0564429439 0.0174411574 -0.112333427 0 0.501961 1
v 0.0559955694 0.0174424162 -0.113911174 0 0.501961 1
v 0.0555287786 0.017442984 -0.115483297 0 0.501961 1
v 0.0550458301 0.0174453125 -0.11705053 0 0.501961 1
v 0.0545471691 0.0174456197 -0.118612833 0 0.501961 1
v 0.0520005448 0.01546935 -0.0320875212 0.470588 1 0
v 0.0527506297 0.0154693319 -0.0335022031 0.470588 1 0
v 0.0534775743 0.0154688297 -0.0349288192 1 0 0.705882
v 0.0541663813 0.0154667306 -0.0363740831 1 0 0.705882
v 0.0547981911 0.0154663302 -0.0378450807 1 0 0.705882
v 0.0553785586 0.0154642265 -0.0393372923 1 0 0.705882
v 0.055919396 0.0154649314 -0.0408443354 1 0 0.705882
v 0.0564253229 0.0154649708 -0.0423634783 1 0 0.705882
v 0.0568995074 0.0154600549 -0.0438928122 0.313725 0.313725 1
v 0.0573395658 0.0154660812 -0.0454323403 0.313725 0.313725 1
v 0.0577437863 0.0154669043 -0.046981692 0.313725 0.313725 1
v 0.0581131576 0.0154657769 -0.0485397098 0.313725 0.313725 1
v 0.0584484642 0.015465939 -0.0501054014 0.313725 0.313725 1
v 0.0587543769 0.0154642446 -0.0516771053 0.313725 0.313725 1
v 0.0590383799 0.015465617 -0.0532529306 0.313725 0.313725 1
v 0.0593055689 0.0154660641 -0.0548316978 0.313725 0.313725 1
v 0.0595506531 0.015465409 -0.0564140272 0.313725 0.313725 1
v 0.0597692039 0.015465073 -0.058000244 0.313725 0.313725 1
v 0.0599653615 0.0154644282 -0.0595893948 0.705882 0.470588 0.156863
v 0.0601428589 0.015464681 -0.061180746 0.705882 0.470588 0.156863
v 0.0603023654 0.0154655607 -0.0627740056 0.705882 0.470588 0.156863
v 0.0604478485 0.0154653333 -0.0643686181 0.705882 0.470588 0.156863
v 0.0605793134 0.0154613532 -0.0659644405 0.705882 0.470588 0.156863
v 0.0606943034 0.0154599569 -0.0675615242 0.705882 0.470588 0.156863
v 0.0607944036 0.0154590652 -0.069159595 0.470588 0.470588 0.470588
v 0.0608772456 0.0154645415 -0.0707586427 0.470588 0.470588 0.470588
v 0.0609412318 0.0154656365 -0.0723585825 0.470588 0.470588 0.470588
v 0.0609895612 0.0154654603 -0.0739590731 0.470588 0.470588 0.470588
v 0.0610243713 0.0154650215 -0.075559932 0.470588 0.470588 0.470588
v 0.0610448422 0.0154620126 -0.0771610195 0.470588 0.470588 0.470588
v 0.0610487505 0.0154613273 -0.07876223 0.470588 0.470588 0.470588
v 0.061034611 0.0154587427 -0.080363388 0.470588 0.470588 0.470588
v 0.0610072003 0.0154608442 -0.0819643768 1 0 0
v 0.0609639983 0.0154609348 -0.0835650189 1 0 0
v 0.0608981056 0.0154629943 -0.0851648473 1 0 0
v 0.0608121346 0.0154637933 -0.0867637637 1 0 0
v 0.0607047216 0.015464706 -0.0883613812 1 0 0
v 0.0605765437 0.0154639712 -0.0899574714 1 0 0
v 0.0604267654 0.0154609521 -0.0915516753 1 0 0
v 0.0602601997 0.0154633171 -0.09314419 1 0 0
v 0.0600695551 0.015460218 -0.0947340167 0 1 0
v 0.0598572538 0.0154610206 -0.0963210995 0 1 0
v 0.0596263542 0.01546514 -0.0979055808 0 1 0
v 0.0593756914 0.0154651426 -0.0994870343 0 1 0
v 0.0590986871 0.0154639767 -0.10106411 0 1 0
v 0.0588024743 0.0154637953 -0.102637691 0 1 0
v 0.0584888803 0.0154659972 -0.104207892 0 1 0
v 0.0581526128 0.0154666974 -0.10577341 0 1 0
v 0.0577924984 0.0154668086 -0.107333607 0 0.501961 1
v 0.0574135397 0.0154672712 -0.108889324 0 0.501961 1
v 0.0570161491 0.015462562 -0.110440443 0 0.501961 1
v 0.0566002731 0.0154548668 -0.11198661 0 0.501961 1
v 0.0561608134 0.0154651385 -0.113526301 0 0.501961 1
v 0.0557027632 0.015468567 -0.115060616 0 0.501961 1
v 0.0552298158 0.0154604862 -0.116590398 0 0.501961 1
v 0.0547394678 0.0154630542 -0.118114708 0 0.501961 1
v 0.0542351645 0.0154689056 -0.119634443 0 0.501961 1
v 0.0520472592 0.0134935772 -0.0320877746 0.470588 1 0
v 0.0528044966 0.0134830386 -0.033514768 0.470588 1 0
v 0.0535418082 0.0134818032 -0.0349522469 1 0 0.705882
v 0.054239421 0.0134894196 -0.0364093624 1 0 0.705882
v 0.0548794346 0.013492666 -0.0378924728 1 0 0.705882
v 0.0554687341 0.0134886231 -0.039396593 1 0 0.705882
v 0.0560170464 0.0134893357 -0.0409161364 1 0 0.705882
v 0.0565270187 0.0134899111 -0.0424489861 1 0 0.705882
v 0.0570017631 0.0134849832 -0.043993105 0.313725 0.313725 1
v 0.0574406834 0.0134903394 -0.045547809 0.313725 0.313725 1
v 0.0578454476 0.0134911101 -0.0471117643 0.313725 0.313725 1
v 0.0582169001 0.013488447 -0.048683968 0.313725 0.313725 1
v 0.0585568581 0.0134837628 -0.0502632883 0.313725 0.313725 1
v 0.0588686516 0.0134863579 -0.0518484499 0.313725 0.313725 1
v 0.0591562342 0.0134803945 -0.0534381807 0.313725 0.313725 1
v 0.0594243867 0.0134896431 -0.0550312823 0.313725 0.313725 1
v 0.0596663989 0.0134908158 -0.0566285547 0.313725 0.313725 1
v 0.0598820797 0.0134914726 -0.0582295779 0.313725 0.313725 1
v 0.060074716 0.0134883247 -0.0598335744 0.705882 0.470588 0.156863
v 0.060249103 0.0134887144 -0.0614396622 0.705882 0.470588 0.156863
v 0.0604075195 0.0134892933 -0.0630474078 0.705882 0.470588 0.156863
v 0.0605513673 0.0134871057 -0.0646565279 0.705882 0.470588 0.156863
v 0.0606781823 0.0134842714 -0.0662670664 0.705882 0.470588 0.156863
v 0.0607899817 0.0134858322 -0.0678787338 0.705882 0.470588 0.156863
v 0.0608903203 0.0134881827 -0.069491153 0.470588 0.470588 0.470588
v 0.0609701058 0.013488225 -0.0711047087 0.470588 0.470588 0.470588
v 0.0610308275 0.0134883679 -0.0727191044 0.470588 0.470588 0.470588
v 0.0610756103 0.0134901801 -0.0743340207 0.470588 0.470588 0.470588
v 0.0611101135 0.0134853011 -0.0759491823 0.470588 0.470588 0.470588
v 0.0611266297 0.0134800459 -0.0775646366 0.470588 0.470588 0.470588
v 0.0611233557 0.0134814358 -0.0791801758 0.470588 0.470588 0.470588
v 0.0611067504 0.013485005 -0.0807956243 0.470588 0.470588 0.470588
v 0.0610769851 0.0134879226 -0.0824108883 1 0 0
v 0.0610308811 0.0134881911 -0.0840257627 1 0 0
v 0.060959854 0.013490399 -0.0856397207 1 0 0
v 0.0608686639 0.0134885621 -0.0872526611 1 0 0
v 0.0607540707 0.013488687 -0.0888641039 1 0 0
v 0.0606171704 0.0134876599 -0.0904738188 1 0 0
v 0.0604603908 0.0134880273 -0.092081702 1 0 0
v 0.060283224 0.0134900185 -0.0936874784 1 0 0
v 0.0600851623 0.013486711 -0.095290788 0 1 0
v 0.0598655197 0.013485275 -0.0968912991 0 1 0
v 0.0596222749 0.0134873432 -0.0984883983 0 1 0
v 0.0593565951 0.0134895256 -0.100081896 0 1 0
v 0.0590695595 0.0134900312 -0.101671712 0 1 0
v 0.0587611846 0.0134878658 -0.103257518 0 1 0
v 0.0584320949 0.0134887005 -0.104839139 0 1 0
v 0.0580784195 0.013491136 -0.106415469 0 1 0
v 0.057702459 0.0134920339 -0.107986644 0 0.501961 1
v 0.0573078597 0.0134907342 -0.109553227 0 0.501961 1
v 0.0568946245 0.0134782406 -0.11111494 0 0.501961 1
v 0.0564563325 0.0134750982 -0.112669851 0 0.501961 1
v 0.0559989801 0.0134866405 -0.114219227 0 0.501961 1
v 0.0555230802 0.0134832289 -0.115762992 0 0.501961 1
v 0.0550312638 0.0134807828 -0.117301781 0 0.501961 1
v 0.0545240216 0.0134905888 -0.118835582 0 0.501961 1
v 0.0540041283 0.0134913053 -0.120365176 0 0.501961 1
v 0.0520843989 0.0115176085 -0.0320881468 0.470588 1 0
v 0.0528505839 0.0115172914 -0.033522329 0.470588 1 0
v 0.0535869867 0.0115079853 -0.0349718361 1 0 0.705882
v 0.0542842506 0.0115112129 -0.0364404118 1 0 0.705882
v 0.0549335507 0.011508187 -0.0379308685 1 0 0.705882
v 0.0555357643 0.0115068175 -0.0394410499 1 0 0.705882
v 0.056090535 0.0115147998 -0.0409694116 1 0 0.705882
v 0.0566084065 0.0115169614 -0.042510724 1 0 0.705882
v 0.0570835046 0.011511935 -0.0440657255 0.313725 0.313725 1
v 0.057521918 0.0115131748 -0.0456314562 0.313725 0.313725 1
v 0.0579255547 0.0115160573 -0.0472065268 0.313725 0.313725 1
v 0.0582961273 0.0115162431 -0.0487896976 0.313725 0.313725 1
v 0.0586367899 0.011512676 -0.0503795575 0.313725 0.313725 1
v 0.0589530742 0.0115144689 -0.0519744559 0.313725 0.313725 1
v 0.0592465001 0.0115148129 -0.0535737449 0.313725 0.313725 1
v 0.0595160562 0.0115160707 -0.0551772353 0.313725 0.313725 1
v 0.0597567246 0.0115161482 -0.056785281 0.313725 0.313725 1
v 0.0599688501 0.0115163054 -0.0583973518 0.313725 0.313725 1
v 0.0601630356 0.0115096425 -0.0600116943 0.705882 0.470588 0.156863
v 0.0603373556 0.0115076176 -0.0616283161 0.705882 0.470588 0.156863
v 0.060496819 0.011503595 -0.063246464 0.705882 0.470588 0.156863
v 0.0606377709 0.01150831 -0.0648663288 0.705882 0.470588 0.156863
v 0.0607617546 0.0115130431 -0.0664875895 0.705882 0.470588 0.156863
v 0.06087388 0.0115146053 -0.068109725 0.705882 0.470588 0.156863
v 0.0609699179 0.01151036 -0.0697328802 0.470588 0.470588 0.470588
v 0.061050903 0.0115124751 -0.0713568592 0.470588 0.470588 0.470588
v 0.0611087284 0.0115144032 -0.0729818421 0.470588 0.470588 0.470588
v 0.0611523685 0.0115145437 -0.0746072676 0.470588 0.470588 0.470588
v 0.0611824105 0.0115148896 -0.0762329967 0.470588 0.470588 0.470588
v 0.0611957475 0.011509348 -0.0778589412 0.470588 0.470588 0.470588
v 0.0611907996 0.0115063587 -0.0794849429 0.470588 0.470588 0.470588
v 0.0611694599 0.0115114288 -0.0811108071 0.470588 0.470588 0.470588
v 0.0611361326 0.0115147246 -0.0827364746 1 0 0
v 0.0610845387 0.0115153789 -0.0843616637 1 0 0
v 0.0610130687 0.0115142205 -0.0859860887 1 0 0
v 0.0609169586 0.0115127676 -0.087609237 1 0 0
v 0.0607981918 0.0115149688 -0.0892308814 1 0 0
v 0.0606578309 0.0115137311 -0.090850813 1 0 0
v 0.0604942129 0.0115118874 -0.0924685588 1 0 0
v 0.0603108997 0.0115122019 -0.0940841656 1 0 0
v 0.0601083086 0.0115146786 -0.0956974575 0 1 0
v 0.059879274 0.0115095565 -0.0973071924 0 1 0
v 0.0596278977 0.0115090499 -0.0989136239 0 1 0
v 0.0593551299 0.0115144444 -0.100516556 0 1 0
v 0.0590568853 0.0115115136 -0.102114953 0 1 0
v 0.0587370062 0.0115102341 -0.103709155 0 1 0
v 0.0583951322 0.0115139519 -0.105298778 0 1 0
v 0.0580289333 0.011516433 -0.10688301 0 1 0
v 0.0576417159 0.0115117132 -0.108462231 0 0.501961 1
v 0.057235153 0.0115109681 -0.11003656 0 0.501961 1
v 0.0568059855 0.011506598 -0.111604875 0 0.501961 1
v 0.0563551775 0.0115052809 -0.113167134 0 0.501961 1
v 0.0558840322 0.0115140924 -0.114723334 0 0.501961 1
v 0.0553948753 0.0114970158 -0.116273892 0 0.501961 1
v 0.0548864623 0.0115067098 -0.117818297 0 0.501961 1
v 0.0543647701 0.0115168796 -0.119358309 0 0.501961 1
v 0.0538311938 0.0115169937 -0.12089428 0 0.501961 1
v 0.0521076192 0.00954142595 -0.0320886309 0.470588 1 0
v 0.052882098 0.00954066312 -0.0335268372 0.470588 1 0
v 0.0536293112 0.00951767238 -0.034979134 1 0 0.705882
v 0.0543300029 0.00953166956 -0.0364545172 1 0 0.705882
v 0.0549839313 0.0095410455 -0.0379512563 1 0 0.705882
v 0.055588589 0.00953972987 -0.0394686544 1 0 0.705882
v 0.0561455046 0.00954037572 -0.0410042528 1 0 0.705882
v 0.0566598441 0.00953892281 -0.0425545766 1 0 0.705882
v 0.0571376735 0.00953841992 -0.044116503 0.313725 0.313725 1
v 0.0575737907 0.00953751985 -0.045690653 0.313725 0.313725 1
v 0.0579790933 0.00953813896 -0.0472729849 0.313725 0.313725 1
v 0.0583532803 0.00953643798 -0.0488629686 0.313725 0.313725 1
v 0.0586977082 0.00952472374 -0.0504596653 0.313725 0.313725 1
v 0.0590171967 0.00953120222 -0.0520615332 0.313725 0.313725 1
v 0.0593123687 0.00953145801 -0.0536681098 0.313725 0.313725 1
v 0.0595829819 0.00953920139 -0.0552789879 0.313725 0.313725 1
v 0.059822414 0.00953804329 -0.0568948021 0.313725 0.313725 1
v 0.0600351848 0.00953861244 -0.0585143284 0.313725 0.313725 1
v 0.0602304801 0.00953808421 -0.0601360769 0.705882 0.470588 0.156863
v 0.0604077086 0.0095378403 -0.0617598989 0.705882 0.470588 0.156863
v 0.0605666919 0.00953084226 -0.0633855837 0.705882 0.470588 0.156863
v 0.0607098438 0.00952841472 -0.0650127061 0.705882 0.470588 0.156863
v 0.0608354921 0.00953877412 -0.066641308 0.705882 0.470588 0.156863
v 0.0609450774 0.00952396246 -0.0682710323 0.705882 0.470588 0.156863
v 0.0610388633 0.00953246555 -0.0699017565 0.470588 0.470588 0.470588
v 0.0611170758 0.00953898518 -0.0715333343 0.470588 0.470588 0.470588
v 0.0611766938 0.00953838435 -0.0731657135 0.470588 0.470588 0.470588
v 0.0612201416 0.00953360895 -0.074798604 0.470588 0.470588 0.470588
v 0.0612440638 0.00953871634 -0.076431885 0.470588 0.470588 0.470588
v 0.0612569573 0.00953531709 -0.0780652977 0.470588 0.470588 0.470588
v 0.0612491077 0.00953339631 -0.0796987506 0.470588 0.470588 0.470588
v 0.0612246849 0.00953756985 -0.0813320408 0.470588 0.470588 0.470588
v 0.0611898328 0.00953958407 -0.0829651418 1 0 0
v 0.0611377644 0.00953810588 -0.0845977804 1 0 0
v 0.0610641838 0.00953264012 -0.0862295654 1 0 0
v 0.0609628403 0.00953973139 -0.0878598697 1 0 0
v 0.0608403153 0.00953898198 -0.0894887328 1 0 0
v 0.0606966818 0.00953876711 -0.0911158551 1 0 0
v 0.0605307753 0.00953656367 -0.0927408664 1 0 0
v 0.0603441878 0.00953548625 -0.0943636433 1 0 0
v 0.0601345529 0.00952841123 -0.095983581 0 1 0
v 0.0598974215 0.0095351645 -0.0975997273 0 1 0
v 0.0596412623 0.0095351558 -0.0992129889 0 1 0
v 0.0593602617 0.00953358777 -0.10082208 0 1 0
v 0.0590558997 0.00952829292 -0.102426918 0 1 0
v 0.058726676 0.00952787501 -0.104026833 0 1 0
v 0.0583750579 0.00953019815 -0.105621998 0 1 0
v 0.0580016172 0.00953617635 -0.107212194 0 1 0
v 0.0576036696 0.00953795057 -0.108796421 0 0.501961 1
v 0.0571857191 0.00953706626 -0.110375491 0 0.501961 1
v 0.0567473759 0.00953961535 -0.111949036 0 0.501961 1
v 0.0562884332 0.00953611381 -0.113516707 0 0.501961 1
v 0.0558038406 0.00953558905 -0.115076592 0 0.501961 1
v 0.0553022758 0.00951374777 -0.116630835 0 0.501961 1
v 0.054782049 0.00953470201 -0.118179085 0 0.501961 1
v 0.0542497858 0.00953779421 -0.119723406 0 0.501961 1
v 0.053706066 0.00953965724 -0.121263736 0 0.501961 1
v 0.0521232007 0.00756516208 -0.0320892747 0.470588 1 0
v 0.0529008766 0.00756510689 -0.0335309442 0.470588 1 0
v 0.0536534952 0.0075555344 -0.0349858 1 0 0.705882
v 0.0543606897 0.00756065554 -0.0364632133 1 0 0.705882
v 0.0550189077 0.00756403556 -0.0379630615 1 0 0.705882
v 0.0556257859 0.00756092106 -0.0394844448 1 0 0.705882
v 0.0561824144 0.00755998486 -0.0410249222 1 0 0.705882
v 0.0566982762 0.00756409772 -0.0425795798 1 0 0.705882
v 0.0571738181 0.00756321365 -0.0441470684 0.313725 0.313725 1
v 0.0576120566 0.0075610381 -0.0457253998 0.313725 0.313725 1
v 0.0580193256 0.00756111321 -0.047312004 0.313725 0.313725 1
v 0.0583929507 0.00756271953 -0.0489068475 0.313725 0.313725 1
v 0.0587412044 0.00756109667 -0.0505073888 0.313725 0.313725 1
v 0.0590623316 0.00755509958 -0.0521135974 0.313725 0.313725 1
v 0.0593572937 0.00755650887 -0.0537248542 0.313725 0.313725 1
v 0.0596278995 0.00755297277 -0.0553403686 0.313725 0.313725 1
v 0.0598685487 0.00754481039 -0.0569605814 0.313725 0.313725 1
v 0.0600847647 0.00754429544 -0.0585842459 0.313725 0.313725 1
v 0.0602811119 0.00754649781 -0.0602104602 0.705882 0.470588 0.156863
v 0.0604605104 0.00755506986 -0.061838614 0.705882 0.470588 0.156863
v 0.0606232984 0.0075631964 -0.0634685294 0.705882 0.470588 0.156863
v 0.06076281 0.00756362262 -0.0651006217 0.705882 0.470588 0.156863
v 0.0608874199 0.00756323752 -0.0667339042 0.705882 0.470588 0.156863
v 0.0609977488 0.00756084414 -0.0683682006 0.705882 0.470588 0.156863
v 0.0610921226 0.00756115912 -0.070003483 0.470588 0.470588 0.470588
v 0.0611690246 0.0075594043 -0.0716396947 0.470588 0.470588 0.470588
v 0.0612252398 0.00756140893 -0.0732767632 0.470588 0.470588 0.470588
v 0.0612662889 0.00755978624 -0.0749142791 0.470588 0.470588 0.470588
v 0.0612927103 0.00756318696 -0.076552089 0.470588 0.470588 0.470588
v 0.0613047514 0.00756363788 -0.078190082 0.470588 0.470588 0.470588
v 0.0612974144 0.00756236232 -0.0798281068 0.470588 0.470588 0.470588
v 0.0612732156 0.00756365132 -0.0814659705 0.470588 0.470588 0.470588
v 0.0612378071 0.00756371731 -0.0831036266 1 0 0
v 0.061183381 0.00756065552 -0.0847407355 1 0 0
v 0.0611030961 0.0075596845 -0.0863767641 1 0 0
v 0.0609991757 0.00756012406 -0.0880114664 1 0 0
v 0.0608757719 0.00756164793 -0.0896448368 1 0 0
v 0.0607297336 0.00756407572 -0.091276326 1 0 0
v 0.060559245 0.00756341115 -0.0929054544 1 0 0
v 0.0603689539 0.00756258907 -0.0945323791 1 0 0
v 0.0601571201 0.00756029479 -0.0961566434 0 1 0
v 0.0599163454 0.00755870997 -0.097776876 0 1 0
v 0.0596594393 0.00755202138 -0.0993946103 0 1 0
v 0.0593695396 0.00756276974 -0.101006694 0 1 0
v 0.0590583657 0.00756325797 -0.10261488 0 1 0
v 0.0587242283 0.00756026171 -0.104218433 0 1 0
v 0.0583689373 0.00755243132 -0.105817438 0 1 0
v 0.0579893598 0.00755301228 -0.107410861 0 1 0
v 0.0575875299 0.00756056587 -0.108998786 0 0.501961 1
v 0.0571615528 0.00756116161 -0.110580409 0 0.501961 1
v 0.0567132344 0.00756151301 -0.112155879 0 0.501961 1
v 0.0562460204 0.00756237937 -0.113725842 0 0.501961 1
v 0.0557571879 0.00756180801 -0.115289176 0 0.501961 1
v 0.0552465028 0.00754202112 -0.116845152 0 0.501961 1
v 0.0547190016 0.00756360505 -0.118395623 0 0.501961 1
v 0.0541789796 0.00756456113 -0.119942079 0 0.501961 1
v 0.0536280043 0.00755797646 -0.121484655 0 0.501961 1
v 0.0521360709 0.00558887783 -0.0320899333 0.705882 0 1
v 0.0528860871 0.00558871123 -0.0334857257 0.705882 0 1
v 0.0536156575 0.00558157081 -0.0348920601 0 0.862745 0.862745
v 0.054313637 0.00557781874 -0.0363144178 0 0.862745 0.862745
v 0.0549585134 0.00558711805 -0.0377615058 0 0.862745 0.862745
v 0.0555512294 0.00558091028 -0.039230886 0 0.862745 0.862745
v 0.056095918 0.00558039372 -0.0407186261 0 0.862745 0.862745
v 0.0566018091 0.00558407933 -0.0422201011 0 0.862745 0.862745
v 0.0570696397 0.00557998307 -0.0437339082 1 0.470588 0
v 0.0575052314 0.00556949602 -0.0452572182 1 0.470588 0
v 0.0579112084 0.00556428713 -0.0467887369 1 0.470588 0
v 0.0582869253 0.00557165613 -0.0483279869 1 0.470588 0
v 0.0586348986 0.00558158761 -0.0498737564 1 0.470588 0
v 0.0589566439 0.00557832556 -0.0514252345 1 0.470588 0
v 0.0592536581 0.00558176439 -0.0529816628 1 0.470588 0
v 0.0595239906 0.00558651939 -0.0545429393 1 0.470588 0
v 0.059774067 0.00557799785 -0.0561075822 1 0.470588 0
v 0.0599973232 0.00557088848 -0.0576762501 1 0.470588 0
v 0.0601986822 0.00558149477 -0.0592478866 0.470588 1 0
v 0.0603806989 0.00558011535 -0.0608219203 0.470588 1 0
v 0.0605504754 0.00557497854 -0.0623973231 0.470588 1 0
v 0.0607025753 0.00556916688 -0.0639745082 0.470588 1 0
v 0.0608339258 0.00556643223 -0.0655535071 0.470588 1 0
v 0.0609516743 0.00556933007 -0.0671336398 0.470588 1 0
v 0.0610556647 0.00557469037 -0.0687147161 1 0 0.705882
v 0.0611438989 0.00558630399 -0.0702967221 1 0 0.705882
v 0.0612130809 0.00558659475 -0.0718797291 1 0 0.705882
v 0.0612661181 0.00558549582 -0.0734633418 1 0 0.705882
v 0.0613050051 0.00558292214 -0.0750473861 1 0 0.705882
v 0.0613300922 0.00558354736 -0.0766316943 1 0 0.705882
v 0.0613404841 0.00558614953 -0.078216183 1 0 0.705882
v 0.0613343949 0.00558681595 -0.0798006884 1 0 0.705882
v 0.0613137281 0.00558809933 -0.0813850798 1 0 0.705882
v 0.061278367 0.00558190411 -0.0829692013 1 0 0.705882
v 0.0612233123 0.00558138205 -0.0845527625 0.313725 0.313725 1
v 0.0611500126 0.00557908123 -0.0861355531 0.313725 0.313725 1
v 0.0610526943 0.00557676554 -0.0877170618 0.313725 0.313725 1
v 0.0609368276 0.00557869028 -0.0892972985 0.313725 0.313725 1
v 0.0607990669 0.00558024524 -0.0908757635 0.313725 0.313725 1
v 0.0606380375 0.0055811308 -0.0924520842 0.313725 0.313725 1
v 0.0604573008 0.00558543715 -0.0940262377 0.313725 0.313725 1
v 0.0602580825 0.00558435274 -0.0955981572 0.313725 0.313725 1
v 0.0600366927 0.00558036181 -0.0971671112 0.705882 0.470588 0.156863
v 0.0597950299 0.00557094714 -0.098733045 0.705882 0.470588 0.156863
v 0.0595269712 0.00557388907 -0.10029459 0.705882 0.470588 0.156863
v 0.0592343487 0.00558334186 -0.101851807 0.705882 0.470588 0.156863
v 0.0589226831 0.0055866682 -0.103405375 0.705882 0.470588 0.156863
v 0.058588984 0.00558813823 -0.104954322 0.705882 0.470588 0.156863
v 0.0582340772 0.00558661204 -0.106498568 0.705882 0.470588 0.156863
v 0.0578550713 0.005583034 -0.108037078 0.705882 0.470588 0.156863
v 0.0574559388 0.00558125966 -0.109570475 0.470588 0.470588 0.470588
v 0.0570384086 0.00556226839 -0.111098776 0.470588 0.470588 0.470588
v 0.056596804 0.00556235518 -0.112620509 0.470588 0.470588 0.470588
v 0.0561365892 0.00557605277 -0.114136547 0.470588 0.470588 0.470588
v 0.05565515 0.00557259282 -0.115645868 0.470588 0.470588 0.470588
v 0.055155664 0.00558423233 -0.11714946 0.470588 0.470588 0.470588
v 0.0546401834 0.00558532078 -0.118647749 0.470588 0.470588 0.470588
v 0.0541114096 0.00558776244 -0.12014144 0.470588 0.470588 0.470588
v 0.0535744989 0.00558618471 -0.121632236 0.470588 0.470588 0.470588
v 0.0521466204 0.00361258004 -0.032090423 0.705882 0 1
v 0.0529029037 0.00360260743 -0.0334851729 0.705882 0 1
v 0.0536346619 0.00355215607 -0.0348905995 0 0.862745 0.862745
v 0.0543290892 0.00359454901 -0.0363160311 0 0.862745 0.862745
v 0.0549753107 0.00359068362 -0.0377649887 0 0.862745 0.862745
v 0.0555747491 0.00359050353 -0.0392340268 0 0.862745 0.862745
v 0.0561213852 0.0036082269 -0.0407234515 0 0.862745 0.862745
v 0.056625605 0.00360027703 -0.042227699 0 0.862745 0.862745
v 0.0570960179 0.00357292592 -0.0437420965 1 0.470588 0
v 0.0575334476 0.00359363285 -0.0452662295 1 0.470588 0
v 0.0579398289 0.00357099524 -0.0467995062 1 0.470588 0
v 0.058318629 0.00359368076 -0.0483401769 1 0.470588 0
v 0.0586681623 0.00358721558 -0.0498877694 1 0.470588 0
v 0.0589894279 0.00358143249 -0.0514415458 1 0.470588 0
v 0.059283481 0.00353686635 -0.0529999259 1 0.470588 0
v 0.0595529978 0.00357345503 -0.0545628527 1 0.470588 0
v 0.0597998893 0.00359237284 -0.056129989 1 0.470588 0
v 0.0600221861 0.00360630247 -0.0577010063 1 0.470588 0
v 0.0602247254 0.00361120676 -0.0592747657 0.470588 1 0
v 0.0604107219 0.0036072055 -0.0608504171 0.470588 1 0
v 0.0605792003 0.00360429415 -0.0624282087 0.470588 1 0
v 0.0607293651 0.0035969418 -0.0640078073 0.470588 1 0
v 0.0608626549 0.00358794402 -0.0655885229 0.470588 1 0
v 0.060981851 0.00358935788 -0.0671708033 0.470588 1 0
v 0.0610850984 0.00359716935 -0.0687541777 1 0 0.705882
v 0.0611701976 0.00360081182 -0.0703386562 1 0 0.705882
v 0.0612377776 0.00360721308 -0.0719238997 1 0 0.705882
v 0.0612909812 0.00360831272 -0.073509769 1 0 0.705882
v 0.0613297137 0.00359672934 -0.0750959588 1 0 0.705882
v 0.0613555784 0.00358387908 -0.0766824488 1 0 0.705882
v 0.0613668689 0.00357353108 -0.078269136 1 0 0.705882
v 0.0613614271 0.00356246232 -0.0798558325 1 0 0.705882
v 0.0613397353 0.0035722955 -0.0814422934 1 0 0.705882
v 0.0613018566 0.0036041159 -0.0830282319 1 0 0.705882
v 0.0612462812 0.00360776403 -0.0846140182 0.313725 0.313725 1
v 0.0611720095 0.00361052547 -0.0861990324 0.313725 0.313725 1
v 0.0610754402 0.00360993419 -0.087782844 0.313725 0.313725 1
v 0.0609559156 0.00360302892 -0.0893650973 0.313725 0.313725 1
v 0.0608146553 0.00360514373 -0.0909455381 0.313725 0.313725 1
v 0.0606546982 0.00360009493 -0.0925241703 0.313725 0.313725 1
v 0.0604727238 0.00360588688 -0.0941002964 0.313725 0.313725 1
v 0.0602688839 0.00360962209 -0.0956738611 0.313725 0.313725 1
v 0.0600475426 0.00360667692 -0.0972450891 0.705882 0.470588 0.156863
v 0.0598049977 0.00358803769 -0.0988129386 0.705882 0.470588 0.156863
v 0.0595333942 0.00357338632 -0.100375984 0.705882 0.470588 0.156863
v 0.0592389626 0.00358406127 -0.101935134 0.705882 0.470588 0.156863
v 0.0589253859 0.00358787848 -0.103490538 0.705882 0.470588 0.156863
v 0.0585898601 0.00357673625 -0.105041328 0.705882 0.470588 0.156863
v 0.0582318235 0.00357675552 -0.106587094 0.705882 0.470588 0.156863
v 0.0578511602 0.00360563464 -0.108127085 0.705882 0.470588 0.156863
v 0.0574484413 0.00360848404 -0.109661882 0.470588 0.470588 0.470588
v 0.0570253394 0.0035832679 -0.111190924 0.470588 0.470588 0.470588
v 0.0565827733 0.00356362666 -0.112714556 0.470588 0.470588 0.470588
v 0.0561169661 0.0035951654 -0.114230898 0.470588 0.470588 0.470588
v 0.0556337073 0.0035613016 -0.115740817 0.470588 0.470588 0.470588
v 0.0551335003 0.00359893131 -0.117245073 0.470588 0.470588 0.470588
v 0.0546142008 0.00360760502 -0.118744097 0.470588 0.470588 0.470588
v 0.0540794583 0.00360891984 -0.12023804 0.470588 0.470588 0.470588
v 0.0535386133 0.00361189953 -0.121729792 0.470588 0.470588 0.470588
v 0.0521536529 0.00163626731 -0.0320907624 0.705882 0 1
v 0.0529120633 0.00163025818 -0.0334865142 0.705882 0 1
v 0.053648765 0.00152340314 -0.0348897389 0 0.862745 0.862745
v 0.0543383746 0.00162001642 -0.0363172147 0 0.862745 0.862745
v 0.0549817157 0.00162203485 -0.0377688993 0 0.862745 0.862745
v 0.0555855455 0.00162003669 -0.0392378641 0 0.862745 0.862745
v 0.0561390605 0.00161355196 -0.0407265219 0 0.862745 0.862745
v 0.0566462496 0.0015958474 -0.0422317071 0 0.862745 0.862745
v 0.057118364 0.00159002044 -0.043748189 1 0.470588 0
v 0.0575576763 0.00160442907 -0.0452739425 1 0.470588 0
v 0.0579647728 0.00158696054 -0.0468074736 1 0.470588 0
v 0.058342133 0.00162691917 -0.0483493123 1 0.470588 0
v 0.0586908407 0.00161847581 -0.0498989218 1 0.470588 0
v 0.0590116171 0.00162960762 -0.0514544628 1 0.470588 0
v 0.0593068897 0.00160070736 -0.0530148433 1 0.470588 0
v 0.0595793514 0.00153964585 -0.0545782483 1 0.470588 0
v 0.0598248581 0.00149448 -0.0561469567 1 0.470588 0
v 0.0600449421 0.00148862289 -0.0577200298 1 0.470588 0
v 0.0602453334 0.0015317682 -0.0592950045 0.470588 1 0
v 0.0604315638 0.00153458432 -0.0608714434 0.470588 1 0
v 0.0606002633 0.0015274604 -0.0624507323 0.470588 1 0
v 0.0607501616 0.00151673497 -0.0640319567 0.470588 1 0
v 0.0608826205 0.00157449201 -0.0656136271 0.470588 1 0
v 0.0609992835 0.00160065819 -0.0671971492 0.470588 1 0
v 0.0611026374 0.00160236601 -0.0687822711 1 0 0.705882
v 0.0611883265 0.0016168524 -0.0703683833 1 0 0.705882
v 0.0612561399 0.00162989648 -0.071955362 1 0 0.705882
v 0.0613096676 0.00163474861 -0.073542937 1 0 0.705882
v 0.0613481821 0.00161279499 -0.0751307387 1 0 0.705882
v 0.061373122 0.00159620352 -0.0767189377 1 0 0.705882
v 0.0613851522 0.00158264507 -0.0783072827 1 0 0.705882
v 0.0613809958 0.00153807575 -0.0798946955 1 0 0.705882
v 0.061357225 0.00154645646 -0.08147838 1 0 0.705882
v 0.0613173587 0.00159586761 -0.0830640457 1 0 0.705882
v 0.0612612052 0.00157823167 -0.0846511953 0.313725 0.313725 1
v 0.0611842688 0.00155756175 -0.0862376056 0.313725 0.313725 1
v 0.0610893232 0.00156951086 -0.0878223659 0.313725 0.313725 1
v 0.060973326 0.00161357145 -0.0894058313 0.313725 0.313725 1
v 0.0608333404 0.00161876492 -0.0909879928 0.313725 0.313725 1
v 0.0606719707 0.00159635481 -0.0925680952 0.313725 0.313725 1
v 0.0604898342 0.00158535621 -0.0941459592 0.313725 0.313725 1
v 0.0602840604 0.00156677994 -0.0957209651 0.313725 0.313725 1
v 0.060058816 0.00157862021 -0.0972933274 0.705882 0.470588 0.156863
v 0.0598126878 0.00160939892 -0.0988622832 0.705882 0.470588 0.156863
v 0.0595416904 0.00158955357 -0.100427025 0.705882 0.470588 0.156863
v 0.0592472278 0.00158817744 -0.101987908 0.705882 0.470588 0.156863
v 0.0589337873 0.00160662917 -0.103545033 0.705882 0.470588 0.156863
v 0.0585978589 0.00160936962 -0.105097564 0.705882 0.470588 0.156863
v 0.0582369526 0.00158789293 -0.106644234 0.705882 0.470588 0.156863
v 0.0578528383 0.00161357118 -0.108185336 0.705882 0.470588 0.156863
v 0.0574468057 0.00161623625 -0.109720981 0.470588 0.470588 0.470588
v 0.0570217293 0.00161935939 -0.111251273 0.470588 0.470588 0.470588
v 0.0565763688 0.00162638628 -0.11277581 0.470588 0.470588 0.470588
v 0.056107997 0.00161869839 -0.114293257 0.470588 0.470588 0.470588
v 0.0556231116 0.00153018556 -0.11579953 0.470588 0.470588 0.470588
v 0.0551217498 0.00161038616 -0.117296591 0.470588 0.470588 0.470588
v 0.0545987271 0.00162702603 -0.118794673 0.470588 0.470588 0.470588
v 0.0540623303 0.00163199001 -0.120289848 0.470588 0.470588 0.470588
v 0.0535190707 0.00163620075 -0.12178256 0.470588 0.470588 0.470588
v 0.0521559 -0.000340056342 -0.0320909 0.705882 0 1
v 0.0529130289 -0.000338937053 -0.0334868605 0.705882 0 1
v 0.0536481983 -0.000302594659 -0.0348915457 0 0.862745 0.862745
v 0.0543502801 -0.000332114495 -0.0363148537 0 0.862745 0.862745
v 0.0549987449 -0.000338789845 -0.0377641903 0 0.862745 0.862745
v 0.0555938814 -0.000340052025 -0.0392364496 0 0.862745 0.862745
v 0.0561420793 -0.000328298191 -0.0407266737 0 0.862745 0.862745
v 0.0566502773 -0.00032873239 -0.0422311681 0 0.862745 0.862745
v 0.0571211594 -0.000327198171 -0.043747701 1 0.470588 0
v 0.0575607093 -0.000320732161 -0.0452736233 1 0.470588 0
v 0.0579692788 -0.000326475065 -0.0468081182 1 0.470588 0
v 0.0583478278 -0.000333388399 -0.0483502975 1 0.470588 0
v 0.0586961088 -0.000335493021 -0.0498995434 1 0.470588 0
v 0.059016967 -0.000335493021 -0.0514548229 1 0.470588 0
v 0.0593137949 -0.000321151887 -0.0530146676 1 0.470588 0
v 0.0595851179 -0.000331009656 -0.0545791637 1 0.470588 0
v 0.0598304892 -0.000311103486 -0.0561476221 1 0.470588 0
v 0.0600515542 -0.000313662871 -0.0577201922 1 0.470588 0
v 0.0602532278 -0.000315941491 -0.0592953847 0.470588 1 0
v 0.0604377339 -0.000313879355 -0.0608726757 0.470588 1 0
v 0.0606050782 -0.000317625855 -0.0624516897 0.470588 1 0
v 0.0607549643 -0.000316143162 -0.0640325245 0.470588 1 0
v 0.0608900126 -0.00032857174 -0.0656143519 0.470588 1 0
v 0.061005146 -0.000336548688 -0.0671980995 0.470588 1 0
v 0.0611086021 -0.000334244155 -0.0687827317 1 0 0.705882
v 0.0611943402 -0.000336899857 -0.0703684654 1 0 0.705882
v 0.0612619663 -0.000339822648 -0.0719550753 1 0 0.705882
v 0.0613162788 -0.000339796717 -0.0735421996 1 0 0.705882
v 0.0613554626 -0.000334199758 -0.0751297496 1 0 0.705882
v 0.0613804556 -0.000326137732 -0.0767175371 1 0 0.705882
v 0.0613916574 -0.000319177233 -0.0783054889 1 0 0.705882
v 0.0613846375 -0.00031737841 -0.0798935214 1 0 0.705882
v 0.0613614762 -0.000312675156 -0.0814813793 1 0 0.705882
v 0.0613226031 -0.000309249597 -0.0830689456 1 0 0.705882
v 0.0612655219 -0.000305523725 -0.0846559553 0.313725 0.313725 1
v 0.0611906419 -0.000299869125 -0.0862422148 0.313725 0.313725 1
v 0.0610950195 -0.000310471065 -0.0878273248 0.313725 0.313725 1
v 0.060980083 -0.000309037797 -0.089411217 0.313725 0.313725 1
v 0.0608433155 -0.000324732852 -0.0909931592 0.313725 0.313725 1
v 0.0606812974 -0.000314240319 -0.0925728477 0.313725 0.313725 1
v 0.0604997509 -0.00031674138 -0.0941504664 0.313725 0.313725 1
v 0.0602953249 -0.000322263675 -0.0957252431 0.313725 0.313725 1
v 0.0600704052 -0.000327301125 -0.0972972531 0.705882 0.470588 0.156863
v 0.0598243026 -0.000329630685 -0.0988657786 0.705882 0.470588 0.156863
v 0.0595533225 -0.000302018394 -0.100429899 0.705882 0.470588 0.156863
v 0.0592569677 -0.000313357799 -0.101989877 0.705882 0.470588 0.156863
v 0.0589422997 -0.000316644818 -0.103546412 0.705882 0.470588 0.156863
v 0.0586051962 -0.000320840462 -0.105098244 0.705882 0.470588 0.156863
v 0.0582422718 -0.000326655114 -0.10664415 0.705882 0.470588 0.156863
v 0.0578565069 -0.000323991303 -0.108184606 0.705882 0.470588 0.156863
v 0.0574499441 -0.000332837079 -0.109719632 0.470588 0.470588 0.470588
v 0.0570234052 -0.000336574772 -0.111249279 0.470588 0.470588 0.470588
v 0.0565788397 -0.000337419234 -0.112773814 0.470588 0.470588 0.470588
v 0.0561111298 -0.000332892872 -0.114291412 0.470588 0.470588 0.470588
v 0.0556222687 -0.000331807078 -0.115802342 0.470588 0.470588 0.470588
v 0.05511755 -0.000339897201 -0.117307987 0.470588 0.470588 0.470588
v 0.0545932028 -0.000339366461 -0.118806987 0.470588 0.470588 0.470588
v 0.0540581323 -0.000339585091 -0.120302187 0.470588 0.470588 0.470588
v 0.0535146876 -0.000340056221 -0.121794372 0.470588 0.470588 0.470588
v 0.0521525341 -0.00231637826 -0.0320906939 0.705882 0 1
v 0.0529106327 -0.00231343568 -0.033486125 0.705882 0 1
v 0.0536456075 -0.00219119345 -0.0348873715 0 0.862745 0.862745
v 0.0543410092 -0.00226551695 -0.0363124333 0 0.862745 0.862745
v 0.0549864794 -0.00230616053 -0.0377618653 0 0.862745 0.862745
v 0.055581226 -0.00230105279 -0.0392341808 0 0.862745 0.862745
v 0.0561325306 -0.00227644276 -0.0407230148 0 0.862745 0.862745
v 0.0566373361 -0.00229319833 -0.0422285374 0 0.862745 0.862745
v 0.0571064233 -0.00230257965 -0.0437454314 1 0.470588 0
v 0.0575467328 -0.00230086445 -0.0452709471 1 0.470588 0
v 0.0579589429 -0.0022844038 -0.0468043327 1 0.470588 0
v 0.0583399582 -0.00229593238 -0.0483458997 1 0.470588 0
v 0.0586906321 -0.00229127904 -0.0498943719 1 0.470588 0
v 0.0590085282 -0.00230574644 -0.0514498948 1 0.470588 0
v 0.0593037871 -0.00226971681 -0.053009529 1 0.470588 0
v 0.0595742694 -0.00229176615 -0.0545740147 1 0.470588 0
v 0.0598210746 -0.00221495723 -0.0561397619 1 0.470588 0
v 0.0600427215 -0.00222010515 -0.0577122384 1 0.470588 0
v 0.0602422002 -0.002227639 -0.0592875998 0.470588 1 0
v 0.0604263637 -0.00225116681 -0.0608647645 0.470588 1 0
v 0.0605946951 -0.00226929815 -0.0624437721 0.470588 1 0
v 0.0607449758 -0.00219810497 -0.0640227621 0.470588 1 0
v 0.0608782762 -0.00224176076 -0.0656010488 0.470588 1 0
v 0.0609958714 -0.00228751645 -0.0671820919 0.470588 1 0
v 0.0610990288 -0.00228066722 -0.0687665614 1 0 0.705882
v 0.061184943 -0.00230716542 -0.0703520519 1 0 0.705882
v 0.0612537183 -0.00231470479 -0.0719385193 1 0 0.705882
v 0.0613064028 -0.00231447829 -0.073525698 1 0 0.705882
v 0.0613442369 -0.00230259298 -0.0751132375 1 0 0.705882
v 0.0613699468 -0.00227240725 -0.0767007497 1 0 0.705882
v 0.0613791854 -0.00222561854 -0.0782880309 1 0 0.705882
v 0.0613732364 -0.00222420306 -0.0798753776 1 0 0.705882
v 0.0613525602 -0.002283443 -0.0814618742 1 0 0.705882
v 0.0613131992 -0.00228475721 -0.0830489055 1 0 0.705882
v 0.0612565847 -0.00226931456 -0.0846358049 0.313725 0.313725 1
v 0.0611815109 -0.00225734536 -0.0862220042 0.313725 0.313725 1
v 0.0610871288 -0.00226837459 -0.087807064 0.313725 0.313725 1
v 0.0609729969 -0.00228645737 -0.0893907886 0.313725 0.313725 1
v 0.0608373202 -0.0023043487 -0.0909728523 0.313725 0.313725 1
v 0.0606810668 -0.00229335083 -0.0925531594 0.313725 0.313725 1
v 0.0605003336 -0.00229527943 -0.0941309027 0.313725 0.313725 1
v 0.0603012065 -0.00223395446 -0.0957045374 0.313725 0.313725 1
v 0.0600748454 -0.00230925221 -0.0972732972 0.705882 0.470588 0.156863
v 0.0598262274 -0.00231286751 -0.0988417587 0.705882 0.470588 0.156863
v 0.0595535101 -0.00231611299 -0.100406197 0.705882 0.470588 0.156863
v 0.059257836 -0.00229499495 -0.10196626 0.705882 0.470588 0.156863
v 0.0589410456 -0.00228607929 -0.103522371 0.705882 0.470588 0.156863
v 0.0586044828 -0.00227717535 -0.105074302 0.705882 0.470588 0.156863
v 0.0582429202 -0.00227639871 -0.106619795 0.705882 0.470588 0.156863
v 0.057857272 -0.00231194705 -0.108159523 0.705882 0.470588 0.156863
v 0.0574521101 -0.00230985478 -0.109694927 0.470588 0.470588 0.470588
v 0.0570250774 -0.00229692892 -0.111224341 0.470588 0.470588 0.470588
v 0.0565805613 -0.00230225619 -0.112748898 0.470588 0.470588 0.470588
v 0.0561142644 -0.00230521723 -0.114266943 0.470588 0.470588 0.470588
v 0.0556290921 -0.00228226657 -0.115778873 0.470588 0.470588 0.470588
v 0.0551235028 -0.00231458367 -0.117283849 0.470588 0.470588 0.470588
v 0.054600694 -0.00231267302 -0.118783385 0.470588 0.470588 0.470588
v 0.0540654547 -0.00230927082 -0.120278528 0.470588 0.470588 0.470588
v 0.0535232688 -0.00231625302 -0.121771155 0.470588 0.470588 0.470588
v 0.0521438254 -0.00429268439 -0.0320903101 0.705882 0 1
v 0.0528993616 -0.00427751587 -0.0334848737 0.705882 0 1
v 0.0536311985 -0.00424120005 -0.0348915165 0 0.862745 0.862745
v 0.0543270961 -0.00426245373 -0.0363167398 0 0.862745 0.862745
v 0.0549705382 -0.00429062364 -0.0377662291 0 0.862745 0.862745
v 0.0555667711 -0.00429078407 -0.0392360694 0 0.862745 0.862745
v 0.0561184211 -0.00429025821 -0.0407231971 0 0.862745 0.862745
v 0.0566195099 -0.00428120818 -0.0422280205 0 0.862745 0.862745
v 0.0570871528 -0.0042642282 -0.0437434825 1 0.470588 0
v 0.0575274262 -0.00427451666 -0.0452673106 1 0.470588 0
v 0.0579370178 -0.00428778111 -0.0467996601 1 0.470588 0
v 0.0583180274 -0.00428964963 -0.0483394189 1 0.470588 0
v 0.0586715031 -0.00428178402 -0.0498856402 1 0.470588 0
v 0.0589890666 -0.00428437231 -0.0514395577 1 0.470588 0
v 0.0592813276 -0.00428431191 -0.0529985798 1 0.470588 0
v 0.0595501195 -0.00428989242 -0.0545618252 1 0.470588 0
v 0.0597975286 -0.00427870839 -0.0561285231 1 0.470588 0
v 0.0600215284 -0.00428428137 -0.0576988016 1 0.470588 0
v 0.0602193966 -0.00429228653 -0.0592725745 0.470588 1 0
v 0.0604020691 -0.00428901539 -0.0608482166 0.470588 1 0
v 0.0605716614 -0.00429125137 -0.0624253177 0.470588 1 0
v 0.0607251236 -0.00428588895 -0.0640040622 0.470588 1 0
v 0.0608582888 -0.004285617 -0.065584634 0.470588 1 0
v 0.0609756596 -0.00428506415 -0.0671664269 0.470588 1 0
v 0.0610779892 -0.00428967884 -0.0687493199 1 0 0.705882
v 0.0611642711 -0.00429111353 -0.0703331728 1 0 0.705882
v 0.0612326893 -0.00428686203 -0.0719178855 1 0 0.705882
v 0.0612850879 -0.00428201918 -0.0735032132 1 0 0.705882
v 0.0613243027 -0.00428130898 -0.0750889235 1 0 0.705882
v 0.0613485121 -0.00427774977 -0.0766748315 1 0 0.705882
v 0.0613578748 -0.00425600184 -0.078260833 1 0 0.705882
v 0.061351471 -0.00426113002 -0.0798466509 1 0 0.705882
v 0.0613264261 -0.00427690123 -0.0814323958 1 0 0.705882
v 0.0612881302 -0.00427253872 -0.0830181123 1 0 0.705882
v 0.0612363631 -0.00426768475 -0.0846034339 0.313725 0.313725 1
v 0.0611657524 -0.00427157504 -0.0861880489 0.313725 0.313725 1
v 0.0610716284 -0.00428388167 -0.0877714163 0.313725 0.313725 1
v 0.0609558884 -0.00427780999 -0.0893533676 0.313725 0.313725 1
v 0.0608211447 -0.00428320451 -0.0909337883 0.313725 0.313725 1
v 0.0606651968 -0.0042827915 -0.0925122542 0.313725 0.313725 1
v 0.0604872531 -0.00428344255 -0.0940884042 0.313725 0.313725 1
v 0.0602888964 -0.00426235863 -0.0956618332 0.313725 0.313725 1
v 0.060063583 -0.00427238257 -0.0972317293 0.705882 0.470588 0.156863
v 0.0598167856 -0.00428965152 -0.0987984744 0.705882 0.470588 0.156863
v 0.059543898 -0.00429069412 -0.100361007 0.705882 0.470588 0.156863
v 0.0592483033 -0.00428823429 -0.101919409 0.705882 0.470588 0.156863
v 0.0589336342 -0.0042747548 -0.103473935 0.705882 0.470588 0.156863
v 0.0585997582 -0.00425000569 -0.105024355 0.705882 0.470588 0.156863
v 0.0582402027 -0.0042553833 -0.106569201 0.705882 0.470588 0.156863
v 0.057859456 -0.00427570487 -0.108108889 0.705882 0.470588 0.156863
v 0.0574566398 -0.00429047388 -0.109643024 0.470588 0.470588 0.470588
v 0.0570307926 -0.00426743245 -0.111170723 0.470588 0.470588 0.470588
v 0.056584212 -0.00424691954 -0.112692602 0.470588 0.470588 0.470588
v 0.0561202576 -0.00426452179 -0.114209151 0.470588 0.470588 0.470588
v 0.0556409543 -0.00427711598 -0.115720781 0.470588 0.470588 0.470588
v 0.0551388932 -0.00427400113 -0.117225402 0.470588 0.470588 0.470588
v 0.0546173272 -0.0042735498 -0.118723386 0.470588 0.470588 0.470588
v 0.0540851721 -0.00427664203 -0.120217634 0.470588 0.470588 0.470588
v 0.053546272 -0.00429172839 -0.121709418 0.470588 0.470588 0.470588
v 0.052131678 -0.00626897305 -0.0320897186 0 1 0
v 0.052908648 -0.00626002874 -0.0335343833 0 1 0
v 0.0536625551 -0.00625634213 -0.0349910871 0 0.501961 1
v 0.0543712478 -0.00625740267 -0.0364700556 0 0.501961 1
v 0.0550303172 -0.00624532102 -0.0379719925 0 0.501961 1
v 0.0556396793 -0.00624859756 -0.03949468 0 0.501961 1
v 0.0561977435 -0.0062632536 -0.0410369676 0 0.501961 1
v 0.0567139519 -0.00625633326 -0.0425939747 0 0.501961 1
v 0.0571889568 -0.00626491798 -0.0441640521 1 0.784314 0
v 0.0576303633 -0.0062680041 -0.045743897 1 0.784314 0
v 0.0580421071 -0.00626798872 -0.0473317615 1 0.784314 0
v 0.0584250005 -0.00626047921 -0.0489267974 1 0.784314 0
v 0.0587765551 -0.00624714725 -0.0505288786 1 0.784314 0
v 0.059093669 -0.00625071546 -0.0521382113 1 0.784314 0
v 0.0593841877 -0.00623715698 -0.0537525496 1 0.784314 0
v 0.0596509495 -0.00624717406 -0.055371048 1 0.784314 0
v 0.0598945537 -0.00626140408 -0.0569932192 1 0.784314 0
v 0.0601099441 -0.00626755602 -0.058619421 1 0.784314 0
v 0.0603061023 -0.00626528356 -0.0602480548 0.705882 0 1
v 0.0604868547 -0.00626081345 -0.0618784746 0.705882 0 1
v 0.0606503437 -0.00625300556 -0.0635107007 0.705882 0 1
v 0.0607947868 -0.00624402295 -0.0651447097 0.705882 0 1
v 0.0609193477 -0.00626536001 -0.066780192 0.705882 0 1
v 0.061028364 -0.00626820884 -0.0684169766 0.705882 0 1
v 0.0611222229 -0.00626628846 -0.0700547049 0 0.862745 0.862745
v 0.0611961579 -0.00625844843 -0.0716934252 0 0.862745 0.862745
v 0.0612521678 -0.00626215366 -0.0733328716 0 0.862745 0.862745
v 0.0612932284 -0.00625824274 -0.0749727694 0 0.862745 0.862745
v 0.0613193115 -0.00626722462 -0.076612952 0 0.862745 0.862745
v 0.0613284521 -0.0062681339 -0.0782533479 0 0.862745 0.862745
v 0.0613217721 -0.00626666808 -0.0798937596 0 0.862745 0.862745
v 0.0612980546 -0.00626704325 -0.0815340142 0 0.862745 0.862745
v 0.061259325 -0.00626498254 -0.0831739806 0 0.862745 0.862745
v 0.0612048186 -0.00625501001 -0.0848134576 0 0.862745 0.862745
v 0.0611243024 -0.0062571668 -0.0864518972 1 0.470588 0
v 0.0610217497 -0.00626377128 -0.0880890745 1 0.470588 0
v 0.0608976472 -0.00626528504 -0.0897247661 1 0.470588 0
v 0.060753081 -0.00625959432 -0.0913587589 1 0.470588 0
v 0.0605864696 -0.00625582864 -0.0929906423 1 0.470588 0
v 0.0603954664 -0.0062611218 -0.0946198578 1 0.470588 0
v 0.0601798778 -0.00626357672 -0.0962459925 1 0.470588 0
v 0.0599385482 -0.00626550789 -0.0978685329 1 0.470588 0
v 0.0596727547 -0.00626766585 -0.0994872402 0.470588 1 0
v 0.0593826983 -0.00626776785 -0.101101784 0.470588 1 0
v 0.0590704716 -0.00626595123 -0.102712181 0.470588 1 0
v 0.0587316338 -0.00626221548 -0.104317162 0.470588 1 0
v 0.0583687087 -0.00626380916 -0.105916877 0.470588 1 0
v 0.0579830112 -0.00626487492 -0.107511277 0.470588 1 0
v 0.0575795789 -0.00626458537 -0.109101267 0.470588 1 0
v 0.0571539158 -0.00624858639 -0.110685375 0.470588 1 0
v 0.056699586 -0.00625133499 -0.112261321 1 0 0.705882
v 0.0562244392 -0.00626689577 -0.11383124 1 0 0.705882
v 0.0557323366 -0.00625213157 -0.115395926 1 0 0.705882
v 0.0552219068 -0.00624896452 -0.116954308 1 0 0.705882
v 0.0546892581 -0.00625914809 -0.118505628 1 0 0.705882
v 0.0541424005 -0.00626128013 -0.120052192 1 0 0.705882
v 0.0535879714 -0.00626537176 -0.121596055 1 0 0.705882
v 0.0521167919 -0.00824524289 -0.0320890632 0 1 0
v 0.0528963959 -0.00824498166 -0.0335278707 0 1 0
v 0.0536483184 -0.00824055997 -0.0349813135 0 0.501961 1
v 0.0543539118 -0.00824245202 -0.0364576678 0 0.501961 1
v 0.0550110216 -0.00824451962 -0.0379562296 0 0.501961 1
v 0.0556185808 -0.00824004795 -0.0394755697 0 0.501961 1
v 0.056170783 -0.00824179146 -0.0410159882 0 0.501961 1
v 0.0566852053 -0.00823981907 -0.0425694468 0 0.501961 1
v 0.0571586618 -0.00824290072 -0.0441358777 1 0.784314 0
v 0.0575996348 -0.0082404079 -0.0457117638 1 0.784314 0
v 0.0580065082 -0.0082397782 -0.047296804 1 0.784314 0
v 0.0583865294 -0.00824164577 -0.0488884663 1 0.784314 0
v 0.0587353666 -0.00824003969 -0.050487254 1 0.784314 0
v 0.0590504325 -0.00824215716 -0.0520930784 1 0.784314 0
v 0.0593373925 -0.00824342414 -0.0537041392 1 0.784314 0
v 0.0596057679 -0.00824212617 -0.0553184165 1 0.784314 0
v 0.0598474402 -0.00824200934 -0.0569369096 1 0.784314 0
v 0.0600633409 -0.00824376235 -0.058559034 1 0.784314 0
v 0.0602602769 -0.00823806439 -0.0601835671 0.705882 0 1
v 0.0604405528 -0.00823722423 -0.0618100475 0.705882 0 1
v 0.0606037373 -0.00823483973 -0.0634383321 0.705882 0 1
v 0.0607459705 -0.00823913547 -0.0650685511 0.705882 0 1
v 0.0608710571 -0.00823869468 -0.0667001937 0.705882 0 1
v 0.0609804405 -0.00823994218 -0.0683329707 0.705882 0 1
v 0.0610762823 -0.00824054039 -0.0699665957 0 0.862745 0.862745
v 0.0611521865 -0.00823639758 -0.0716012568 0 0.862745 0.862745
v 0.06120997 -0.00824132677 -0.0732366579 0 0.862745 0.862745
v 0.0612525206 -0.00823577257 -0.0748725329 0 0.862745 0.862745
v 0.0612808535 -0.0082435126 -0.0765087092 0 0.862745 0.862745
v 0.0612911107 -0.00824259215 -0.0781451182 0 0.862745 0.862745
v 0.0612846149 -0.00823998627 -0.0797815436 0 0.862745 0.862745
v 0.0612630257 -0.00824341291 -0.081417841 0 0.862745 0.862745
v 0.0612248137 -0.00824439553 -0.0830538368 0 0.862745 0.862745
v 0.0611699695 -0.00824300091 -0.0846893485 0 0.862745 0.862745
v 0.061090104 -0.00824345542 -0.0863238376 1 0.470588 0
v 0.0609938116 -0.00824290634 -0.0879574421 1 0.470588 0
v 0.0608695758 -0.00824194274 -0.089589153 1 0.470588 0
v 0.060728253 -0.00823239814 -0.091219458 1 0.470588 0
v 0.0605636843 -0.00823561428 -0.092847601 1 0.470588 0
v 0.0603730196 -0.00824229427 -0.094472864 1 0.470588 0
v 0.0601593681 -0.00823900285 -0.0960952843 1 0.470588 0
v 0.0599241315 -0.00823244565 -0.0977146855 1 0.470588 0
v 0.0596598211 -0.00823514902 -0.099329631 0.470588 1 0
v 0.0593730104 -0.00823889937 -0.100940737 0.470588 1 0
v 0.0590657911 -0.00824442001 -0.102548046 0.470588 1 0
v 0.0587306083 -0.00824395853 -0.10414977 0.470588 1 0
v 0.0583726217 -0.00824439295 -0.105746554 0.470588 1 0
v 0.057994649 -0.00824459352 -0.107338732 0.470588 1 0
v 0.0575967158 -0.00824473042 -0.108926022 0.470588 1 0
v 0.0571728749 -0.00824468803 -0.110506587 0.470588 1 0
v 0.0567260525 -0.00823922407 -0.112080747 1 0 0.705882
v 0.0562598807 -0.00824216511 -0.11364931 1 0 0.705882
v 0.0557738739 -0.00823454909 -0.115211858 1 0 0.705882
v 0.0552671812 -0.00822853668 -0.116767798 1 0 0.705882
v 0.0547446033 -0.00823868875 -0.118318509 1 0 0.705882
v 0.0542058776 -0.00824331968 -0.119863717 1 0 0.705882
v 0.0536561465 -0.008240794 -0.121405059 1 0 0.705882
v 0.0520973683 -0.0102214717 -0.0320884462 0 1 0
v 0.0528737064 -0.0102180096 -0.0335223856 0 1 0
v 0.053622803 -0.0101985768 -0.0349704889 0 0.501961 1
v 0.0543214536 -0.010214163 -0.0364436891 0 0.501961 1
v 0.0549740445 -0.0102204309 -0.0379379502 0 0.501961 1
v 0.0555788895 -0.0102187502 -0.0394522537 0 0.501961 1
v 0.0561301778 -0.0102197605 -0.0409867629 0 0.501961 1
v 0.05664267 -0.0102119919 -0.0425345276 0 0.501961 1
v 0.057114947 -0.0102120725 -0.0440950849 1 0.784314 0
v 0.0575533466 -0.0102197779 -0.0456655389 1 0.784314 0
v 0.057959804 -0.0102203643 -0.0472445959 1 0.784314 0
v 0.0583382544 -0.0102189042 -0.0488306892 1 0.784314 0
v 0.0586811718 -0.0102180369 -0.0504248554 1 0.784314 0
v 0.0589938951 -0.0102194372 -0.0520251886 1 0.784314 0
v 0.0592794609 -0.0102184259 -0.0536305942 1 0.784314 0
v 0.0595460735 -0.0102192219 -0.055239268 1 0.784314 0
v 0.0597880989 -0.0102192119 -0.0568518154 1 0.784314 0
v 0.0600028655 -0.0102195497 -0.0584682086 1 0.784314 0
v 0.0601978913 -0.0102133882 -0.0600871081 0.705882 0 1
v 0.0603778533 -0.0102141492 -0.0617077731 0.705882 0 1
v 0.060540264 -0.0102116006 -0.0633302884 0.705882 0 1
v 0.0606821925 -0.0102160618 -0.0649547159 0.705882 0 1
v 0.0608071236 -0.0102157752 -0.0665805412 0.705882 0 1
v 0.0609178698 -0.0102137237 -0.0682073944 0.705882 0 1
v 0.0610133164 -0.0102152315 -0.0698352075 0 0.862745 0.862745
v 0.0610915268 -0.0102140217 -0.071463939 0 0.862745 0.862745
v 0.0611522784 -0.0102154741 -0.0730934214 0 0.862745 0.862745
v 0.0611960099 -0.0102141422 -0.0747234527 0 0.862745 0.862745
v 0.0612272567 -0.010219488 -0.0763537698 0 0.862745 0.862745
v 0.0612394601 -0.0102172604 -0.0779843494 0 0.862745 0.862745
v 0.0612344485 -0.0102122441 -0.0796149591 0 0.862745 0.862745
v 0.0612139117 -0.0102163072 -0.0812454522 0 0.862745 0.862745
v 0.0611773909 -0.0102198646 -0.0828756698 0 0.862745 0.862745
v 0.0611234278 -0.0102201736 -0.084505408 0 0.862745 0.862745
v 0.0610447301 -0.010219935 -0.086134132 1 0.470588 0
v 0.0609478158 -0.0102145924 -0.0877618541 1 0.470588 0
v 0.0608280567 -0.0102135259 -0.0893880465 1 0.470588 0
v 0.0606887654 -0.0102114506 -0.0910127026 1 0.470588 0
v 0.060527634 -0.0102186988 -0.0926353154 1 0.470588 0
v 0.0603382902 -0.0102157651 -0.0942548959 1 0.470588 0
v 0.0601286795 -0.0102110647 -0.09587198 1 0.470588 0
v 0.0598974904 -0.0102174588 -0.0974861078 1 0.470588 0
v 0.0596378992 -0.010218614 -0.0990959146 0.470588 1 0
v 0.0593580128 -0.0102183885 -0.100702334 0.470588 1 0
v 0.0590582407 -0.0102201064 -0.10230517 0.470588 1 0
v 0.0587325284 -0.0102198349 -0.103902935 0.470588 1 0
v 0.0583833007 -0.0102205163 -0.105495723 0.470588 1 0
v 0.0580109799 -0.010220514 -0.107083273 0.470588 1 0
v 0.0576188962 -0.0102204703 -0.108666046 0.470588 1 0
v 0.05720243 -0.0102196065 -0.110242569 0.470588 1 0
v 0.0567662942 -0.0102076108 -0.111813737 1 0 0.705882
v 0.0563092642 -0.0102107315 -0.113378997 1 0 0.705882
v 0.0558318474 -0.0102147898 -0.114938153 1 0 0.705882
v 0.0553359498 -0.0102094994 -0.116491527 1 0 0.705882
v 0.0548233959 -0.0102118322 -0.118039492 1 0 0.705882
v 0.0542962635 -0.010209143 -0.119582546 1 0 0.705882
v 0.0537547464 -0.0102207524 -0.121120563 1 0 0.705882
v 0.052070179 -0.0121976059 -0.0320879466 0 1 0
v 0.0528392605 -0.0121959338 -0.0335168635 0 1 0
v 0.0535821715 -0.0121824089 -0.034959438 0 0.501961 1
v 0.0542753747 -0.0121945601 -0.0364265007 0 0.501961 1
v 0.0549204418 -0.0121932592 -0.0379153806 0 0.501961 1
v 0.0555216865 -0.0121918973 -0.039422475 0 0.501961 1
v 0.0560808436 -0.012193648 -0.0409457588 0 0.501961 1
v 0.0565902743 -0.0121947873 -0.0424864002 0 0.501961 1
v 0.0570598771 -0.0121927874 -0.0440396561 1 0.784314 0
v 0.0574960626 -0.0121952066 -0.0456026448 1 0.784314 0
v 0.0578998004 -0.0121957272 -0.0471743502 1 0.784314 0
v 0.0582728502 -0.0121960517 -0.0487536137 1 0.784314 0
v 0.0586132229 -0.0121911394 -0.0503402199 1 0.784314 0
v 0.0589229815 -0.0121948548 -0.051933115 1 0.784314 0
v 0.0592066499 -0.0121947827 -0.0535308521 1 0.784314 0
v 0.0594715182 -0.0121954178 -0.0551318226 1 0.784314 0
v 0.0597144718 -0.0121957046 -0.0567362568 1 0.784314 0
v 0.0599300841 -0.0121956997 -0.0583445629 1 0.784314 0
v 0.0601229277 -0.0121933491 -0.0599557891 0.705882 0 1
v 0.060299423 -0.0121947054 -0.0615689056 0.705882 0 1
v 0.0604610399 -0.0121952733 -0.0631835736 0.705882 0 1
v 0.0606053929 -0.0121947021 -0.0647998721 0.705882 0 1
v 0.0607325549 -0.0121944213 -0.0664176206 0.705882 0 1
v 0.0608436367 -0.0121901071 -0.0680365464 0.705882 0 1
v 0.0609401176 -0.0121901365 -0.0696563973 0 0.862745 0.862745
v 0.0610191719 -0.0121928316 -0.0712771883 0 0.862745 0.862745
v 0.0610805174 -0.0121931985 -0.072898768 0 0.862745 0.862745
v 0.0611263688 -0.012191674 -0.0745208552 0 0.862745 0.862745
v 0.0611580189 -0.0121947917 -0.0761432896 0 0.862745 0.862745
v 0.0611732131 -0.0121921825 -0.0777659596 0 0.862745 0.862745
v 0.0611719585 -0.0121860034 -0.0793886957 0 0.862745 0.862745
v 0.0611538026 -0.0121875967 -0.0810113436 0 0.862745 0.862745
v 0.0611200841 -0.0121901709 -0.0826337343 0 0.862745 0.862745
v 0.0610690375 -0.0121952635 -0.084255661 0 0.862745 0.862745
v 0.0609974188 -0.0121948083 -0.0858768179 1 0.470588 0
v 0.060899588 -0.0121914239 -0.0874965898 1 0.470588 0
v 0.0607805325 -0.0121889997 -0.0891149229 1 0.470588 0
v 0.0606410625 -0.0121899569 -0.0907316469 1 0.470588 0
v 0.0604821749 -0.012190625 -0.0923465669 1 0.470588 0
v 0.0603011328 -0.0121914249 -0.0939591468 1 0.470588 0
v 0.0600971455 -0.0121890691 -0.095568993 1 0.470588 0
v 0.0598706799 -0.0121876468 -0.0971758305 1 0.470588 0
v 0.0596210855 -0.0121893845 -0.0987792305 0.470588 1 0
v 0.0593483932 -0.0121916018 -0.100378878 0.470588 1 0
v 0.059053772 -0.0121944743 -0.10197463 0.470588 1 0
v 0.0587375029 -0.0121951158 -0.10356623 0.470588 1 0
v 0.0583975908 -0.0121958556 -0.105152948 0.470588 1 0
v 0.0580346978 -0.0121950514 -0.106734578 0.470588 1 0
v 0.0576505163 -0.012193807 -0.108311171 0.470588 1 0
v 0.0572461989 -0.012188786 -0.109882705 0.470588 1 0
v 0.0568216455 -0.0121893512 -0.111448893 1 0 0.705882
v 0.056376419 -0.0121925011 -0.113009327 1 0 0.705882
v 0.0559101547 -0.0121932053 -0.114563623 1 0 0.705882
v 0.0554266424 -0.012194357 -0.116112647 1 0 0.705882
v 0.054928006 -0.0121964976 -0.117656858 1 0 0.705882
v 0.0544148967 -0.0121913736 -0.119196309 1 0 0.705882
v 0.0538861817 -0.012194723 -0.120730429 1 0 0.705882
v 0.0520337252 -0.0141735923 -0.0320875653 0 1 0
v 0.0527942833 -0.0141735155 -0.0335085482 0 1 0
v 0.0535282533 -0.0141702146 -0.0349434184 0 0.501961 1
v 0.0542234353 -0.0141654315 -0.0363973435 0 0.501961 1
v 0.0548596491 -0.014172619 -0.0378781253 0 0.501961 1
v 0.0554510062 -0.0141718441 -0.039377435 0 0.501961 1
v 0.0559988482 -0.0141714715 -0.0408931625 0 0.501961 1
v 0.056506465 -0.014171559 -0.0424228232 0 0.501961 1
v 0.0569771793 -0.0141673783 -0.0439642214 1 0.784314 0
v 0.0574128665 -0.0141712316 -0.0455158946 1 0.784314 0
v 0.0578138201 -0.0141714755 -0.047076916 1 0.784314 0
v 0.0581826479 -0.0141708831 -0.0486458219 1 0.784314 0
v 0.0585225839 -0.0141686902 -0.0502212384 1 0.784314 0
v 0.0588328904 -0.0141706513 -0.0518027598 1 0.784314 0
v 0.0591141823 -0.0141706478 -0.0533897115 1 0.784314 0
v 0.0593771924 -0.0141708084 -0.0549798051 1 0.784314 0
v 0.0596226002 -0.0141707923 -0.0565727025 1 0.784314 0
v 0.0598433552 -0.0141710284 -0.0581691562 1 0.784314 0
v 0.0600359606 -0.0141704522 -0.0597692892 0.705882 0 1
v 0.0602110013 -0.0141702882 -0.0613714677 0.705882 0 1
v 0.0603722555 -0.0141704982 -0.0629750782 0.705882 0 1
v 0.0605169256 -0.0141703918 -0.0645802674 0.705882 0 1
v 0.0606459443 -0.0141697614 -0.0661867971 0.705882 0 1
v 0.0607595794 -0.0141692629 -0.0677945018 0.705882 0 1
v 0.0608589905 -0.0141634938 -0.0694031363 0 0.862745 0.862745
v 0.0609388977 -0.0141695187 -0.0710128549 0 0.862745 0.862745
v 0.0610012965 -0.0141690646 -0.0726233514 0 0.862745 0.862745
v 0.0610472142 -0.014170229 -0.0742344054 0 0.862745 0.862745
v 0.0610792566 -0.0141703887 -0.0758457995 0 0.862745 0.862745
v 0.0610972579 -0.0141668597 -0.0774574044 0 0.862745 0.862745
v 0.0610996788 -0.0141617017 -0.0790691019 0 0.862745 0.862745
v 0.0610844548 -0.0141616361 -0.0806807328 0 0.862745 0.862745
v 0.0610549019 -0.014165633 -0.0822921689 0 0.862745 0.862745
v 0.0610075888 -0.0141695443 -0.0839031698 0 0.862745 0.862745
v 0.0609403762 -0.0141702926 -0.0855134395 1 0.470588 0
v 0.0608491842 -0.0141678699 -0.087122541 1 0.470588 0
v 0.0607349015 -0.0141654644 -0.088730162 1 0.470588 0
v 0.0605980727 -0.0141654617 -0.0903360417 1 0.470588 0
v 0.0604460314 -0.0141691232 -0.0919405581 1 0.470588 0
v 0.0602727053 -0.0141687114 -0.0935429267 1 0.470588 0
v 0.0600746972 -0.0141685044 -0.095142429 1 0.470588 0
v 0.0598582875 -0.0141698981 -0.0967395405 1 0.470588 0
v 0.0596193691 -0.0141680426 -0.0983334371 0.470588 1 0
v 0.0593555423 -0.0141638359 -0.0999233971 0.470588 1 0
v 0.0590719442 -0.0141630686 -0.10150995 0.470588 1 0
v 0.058766757 -0.0141642666 -0.10309249 0.470588 1 0
v 0.0584391421 -0.0141671302 -0.104670539 0.470588 1 0
v 0.0580885301 -0.0141669643 -0.106243617 0.470588 1 0
v 0.0577150276 -0.0141685316 -0.107811434 0.470588 1 0
v 0.0573251968 -0.0141694532 -0.109375293 0.470588 1 0
v 0.0569152091 -0.0141706334 -0.110933983 1 0 0.705882
v 0.0564831009 -0.0141727182 -0.112486679 1 0 0.705882
v 0.0560301342 -0.0141708713 -0.114033418 1 0 0.705882
v 0.0555631725 -0.0141732714 -0.115575998 1 0 0.705882
v 0.0550788995 -0.0141734385 -0.117113243 1 0 0.705882
v 0.0545789829 -0.0141712999 -0.118645462 1 0 0.705882
v 0.0540670014 -0.0141727603 -0.120173688 1 0 0.705882
v 0.0519905362 -0.0161494456 -0.0320872889 0 1 0
v 0.0527407574 -0.0161377398 -0.0334949787 0 1 0
v 0.0534618624 -0.0161456764 -0.0349177898 0 0.501961 1
v 0.0541374696 -0.0161478776 -0.0363627011 0 0.501961 1
v 0.0547637113 -0.0161454378 -0.037829806 0 0.501961 1
v 0.0553476797 -0.0161441438 -0.0393141553 0 0.501961 1
v 0.055889503 -0.0161436426 -0.0408144422 0 0.501961 1
v 0.0563945573 -0.0161432088 -0.0423275328 0 0.501961 1
v 0.0568653483 -0.0161371467 -0.043851591 1 0.784314 0
v 0.0573007267 -0.0161462284 -0.0453861744 1 0.784314 0
v 0.0577019796 -0.0161461224 -0.0469300994 1 0.784314 0
v 0.0580708937 -0.0161459268 -0.0484821197 1 0.784314 0
v 0.0584059607 -0.0161432066 -0.0500417967 1 0.784314 0
v 0.0587126344 -0.016144037 -0.0516072266 1 0.784314 0
v 0.0589950174 -0.0161452349 -0.053177258 1 0.784314 0
v 0.0592574748 -0.01614515 -0.0547507638 1 0.784314 0
v 0.0595047123 -0.0161451714 -0.0563267391 1 0.784314 0
v 0.059729866 -0.0161449915 -0.0579059792 1 0.784314 0
v 0.0599249336 -0.0161456646 -0.0594892424 0.705882 0 1
v 0.0600991554 -0.01614535 -0.0610749618 0.705882 0 1
v 0.0602608742 -0.0161447664 -0.0626619946 0.705882 0 1
v 0.0604072787 -0.0161431652 -0.0642505285 0.705882 0 1
v 0.0605406314 -0.0161418881 -0.0658402054 0.705882 0 1
v 0.060654771 -0.0161420997 -0.0674313824 0.705882 0 1
v 0.0607574043 -0.0161413515 -0.0690233379 0 0.862745 0.862745
v 0.0608412752 -0.0161446786 -0.0706163766 0 0.862745 0.862745
v 0.0609089595 -0.0161435658 -0.0722102021 0 0.862745 0.862745
v 0.0609536973 -0.0161442931 -0.0738048378 0 0.862745 0.862745
v 0.0609883534 -0.0161439999 -0.0753997253 0 0.862745 0.862745
v 0.0610094868 -0.0161412573 -0.0769948354 0 0.862745 0.862745
v 0.0610155254 -0.0161375249 -0.0785900719 0 0.862745 0.862745
v 0.0610045863 -0.0161366541 -0.080185272 0 0.862745 0.862745
v 0.0609800208 -0.0161377274 -0.0817803471 0 0.862745 0.862745
v 0.0609368307 -0.0161426032 -0.0833749964 0 0.862745 0.862745
v 0.0608710813 -0.0161436784 -0.0849688781 1 0.470588 0
v 0.0607879447 -0.0161437383 -0.0865619408 1 0.470588 0
v 0.0606838594 -0.0161441515 -0.0881537761 1 0.470588 0
v 0.060556832 -0.0161432262 -0.0897439571 1 0.470588 0
v 0.0604101493 -0.0161410677 -0.0913324559 1 0.470588 0
v 0.0602447647 -0.0161392928 -0.0929190969 1 0.470588 0
v 0.0600586081 -0.0161388882 -0.0945034345 1 0.470588 0
v 0.0598523812 -0.016141598 -0.0960853046 1 0.470588 0
v 0.0596271333 -0.0161438117 -0.0976645615 0.470588 1 0
v 0.0593798241 -0.0161439464 -0.0992405051 0.470588 1 0
v 0.0591119066 -0.016143754 -0.1008131 0.470588 1 0
v 0.058822953 -0.016139022 -0.102381939 0.470588 1 0
v 0.0585111818 -0.0161394335 -0.103946388 0.470588 1 0
v 0.058180968 -0.0161411303 -0.10550708 0.470588 1 0
v 0.0578280502 -0.0161418132 -0.107062793 0.470588 1 0
v 0.0574530617 -0.0161419318 -0.108613349 0.470588 1 0
v 0.0570608457 -0.0161468669 -0.110159641 1 0 0.705882
v 0.0566506808 -0.0161386895 -0.111701225 1 0 0.705882
v 0.0562180806 -0.0161460117 -0.113236677 1 0 0.705882
v 0.0557698589 -0.0161471646 -0.114767661 1 0 0.705882
v 0.0553044199 -0.0161457437 -0.116293504 1 0 0.705882
v 0.0548230886 -0.0161444674 -0.11781439 1 0 0.705882
v 0.0543289292 -0.0161473501 -0.119331181 1 0 0.705882
v 0.0519371859 -0.0181250447 -0.0320870549 0.705882 0.470588 0.156863
v 0.0526954393 -0.0181207505 -0.0335294065 0.705882 0.470588 0.156863
v 0.0534212197 -0.0181210943 -0.0349881981 0.470588 0.470588 0.470588
v 0.0541063823 -0.0181208729 -0.0364663729 0.470588 0.470588 0.470588
v 0.054740164 -0.0181186403 -0.0379674236 0.470588 0.470588 0.470588
v 0.0553307685 -0.0181193825 -0.039486024 0.470588 0.470588 0.470588
v 0.055876217 -0.0181207173 -0.0410214875 0.470588 0.470588 0.470588
v 0.0563854453 -0.0181199279 -0.0425693617 0.470588 0.470588 0.470588
v 0.0568601342 -0.0181186694 -0.0441281751 1 0 0
v 0.0572976739 -0.0181206056 -0.0456978386 1 0 0
v 0.0576970877 -0.0181211307 -0.0472776443 1 0 0
v 0.0580618408 -0.0181205674 -0.0488657967 1 0 0
v 0.0583954435 -0.018119598 -0.0504607628 1 0 0
v 0.0587011512 -0.0181196295 -0.0520613324 1 0 0
v 0.0589820532 -0.0181179936 -0.053666467 1 0 0
v 0.0592440814 -0.0181190438 -0.0552747868 1 0 0
v 0.0594894612 -0.0181195687 -0.0568857245 1 0 0
v 0.0597051805 -0.0181196536 -0.0585008712 1 0 0
v 0.0598956387 -0.0181190965 -0.060119206 0 1 0
v 0.0600688314 -0.0181191357 -0.0617395004 0 1 0
v 0.0602243636 -0.0181181382 -0.0633615762 0 1 0
v 0.0603669655 -0.0181177391 -0.0649848487 0 1 0
v 0.0604947925 -0.0181177634 -0.0666093451 0 1 0
v 0.0606077784 -0.0181189743 -0.0682349393 0 1 0
v 0.0607033399 -0.0181189733 -0.0698616405 0 0.501961 1
v 0.0607792076 -0.0181187978 -0.0714893935 0 0.501961 1
v 0.0608373423 -0.0181186871 -0.0731178453 0 0.501961 1
v 0.0608768498 -0.0181177303 -0.0747468961 0 0.501961 1
v 0.0609050535 -0.0181158494 -0.0763761669 0 0.501961 1
v 0.0609148001 -0.0181128143 -0.0780056588 0 0.501961 1
v 0.06090824 -0.0181120389 -0.0796351638 0 0.501961 1
v 0.0608817285 -0.0181149989 -0.0812644771 0 0.501961 1
v 0.0608404971 -0.0181157532 -0.0828934766 0 0.501961 1
v 0.060783091 -0.0181175486 -0.0845219944 0 0.501961 1
v 0.0607009524 -0.0181141292 -0.0861494435 1 0.784314 0
v 0.0605952341 -0.018115743 -0.0877755342 1 0.784314 0
v 0.0604691272 -0.018116387 -0.0894001508 1 0.784314 0
v 0.0603231959 -0.0181156056 -0.0910231203 1 0.784314 0
v 0.060155325 -0.0181162001 -0.0926439536 1 0.784314 0
v 0.0599694653 -0.0181149954 -0.0942628524 1 0.784314 0
v 0.0597619068 -0.0181084152 -0.0958790932 1 0.784314 0
v 0.0595342497 -0.0181156739 -0.0974926091 1 0.784314 0
v 0.0592853541 -0.018116759 -0.0991030155 0.705882 0 1
v 0.0590184631 -0.0181177451 -0.100710535 0.705882 0 1
v 0.0587262117 -0.0181171342 -0.10231364 0.705882 0 1
v 0.0584137142 -0.0181182942 -0.103912916 0.705882 0 1
v 0.058082732 -0.0181186004 -0.105508459 0.705882 0 1
v 0.05772908 -0.0181191267 -0.107099112 0.705882 0 1
v 0.0573526493 -0.0181194142 -0.108684542 0.705882 0 1
v 0.0569581152 -0.0181213743 -0.110265565 0.705882 0 1
v 0.0565447229 -0.0181131687 -0.11184174 0 0.862745 0.862745
v 0.0561114846 -0.018117469 -0.113412609 0 0.862745 0.862745
v 0.055659187 -0.0181211228 -0.114978109 0 0.862745 0.862745
v 0.0551869212 -0.0181167955 -0.1165377 0 0.862745 0.862745
v 0.0546981013 -0.0181234607 -0.118092158 0 0.862745 0.862745
v 0.0518692787 -0.0201001961 -0.032087 0.705882 0.470588 0.156863
v 0.0526034395 -0.0200951483 -0.033501815 0.705882 0.470588 0.156863
v 0.0533157326 -0.0200852851 -0.0349277134 0.470588 0.470588 0.470588
v 0.0539880677 -0.0200908255 -0.036372913 0.470588 0.470588 0.470588
v 0.0546102207 -0.020097531 -0.0378404256 0.470588 0.470588 0.470588
v 0.0551853803 -0.0200966637 -0.0393269947 0.470588 0.470588 0.470588
v 0.0557190842 -0.0200951314 -0.0408289348 0.470588 0.470588 0.470588
v 0.0562169361 -0.0200959431 -0.0423431266 0.470588 0.470588 0.470588
v 0.0566815106 -0.0200914435 -0.0438678338 1 0 0
v 0.0571115843 -0.0200944947 -0.0454026308 1 0 0
v 0.057507436 -0.0200945686 -0.0469466156 1 0 0
v 0.0578702672 -0.0200938236 -0.0484986947 1 0 0
v 0.058202496 -0.0200905079 -0.0500576227 1 0 0
v 0.0585066991 -0.0200931301 -0.0516222619 1 0 0
v 0.0587854871 -0.0200909929 -0.0531916469 1 0 0
v 0.0590475072 -0.0200909056 -0.0547639121 1 0 0
v 0.0592920859 -0.0200917032 -0.0563389861 1 0 0
v 0.0595122894 -0.0200919951 -0.057917599 1 0 0
v 0.0597061577 -0.0200917227 -0.0594997061 0 1 0
v 0.0598806171 -0.0200912989 -0.0610840918 0 1 0
v 0.0600401167 -0.0200917486 -0.0626700536 0 1 0
v 0.0601845048 -0.0200911332 -0.0642574675 0 1 0
v 0.0603146318 -0.0200902911 -0.0658461108 0 1 0
v 0.0604313026 -0.0200894519 -0.0674358034 0 1 0
v 0.0605363347 -0.0200882778 -0.0690263058 0 0.501961 1
v 0.0606221125 -0.0200915175 -0.0706179625 0 0.501961 1
v 0.0606891794 -0.0200896097 -0.0722105139 0 0.501961 1
v 0.0607382094 -0.0200902825 -0.0738037126 0 0.501961 1
v 0.0607742094 -0.0200907075 -0.0753972761 0 0.501961 1
v 0.0607898202 -0.0200869579 -0.0769911423 0 0.501961 1
v 0.0607901473 -0.0200856561 -0.0785851051 0 0.501961 1
v 0.0607735538 -0.0200876578 -0.0801789557 0 0.501961 1
v 0.0607389733 -0.0200892507 -0.0817725463 0 0.501961 1
v 0.0606917297 -0.0200879519 -0.0833658141 0 0.501961 1
v 0.0606262421 -0.020088527 -0.0849584438 1 0.784314 0
v 0.0605385223 -0.0200861702 -0.0865499738 1 0.784314 0
v 0.0604259164 -0.0200847808 -0.0881399428 1 0.784314 0
v 0.0602954217 -0.0200859266 -0.089728533 1 0.784314 0
v 0.0601486141 -0.0200872088 -0.0913157047 1 0.784314 0
v 0.0599812262 -0.0200868882 -0.0929008641 1 0.784314 0
v 0.0597977512 -0.0200873896 -0.0944842434 1 0.784314 0
v 0.0595965118 -0.0200825725 -0.0960654488 1 0.784314 0
v 0.0593702236 -0.0200870156 -0.0976432676 0.705882 0 1
v 0.0591274275 -0.0200884491 -0.0992186249 0.705882 0 1
v 0.0588666947 -0.0200889175 -0.100791108 0.705882 0 1
v 0.0585885577 -0.0200869583 -0.102360619 0.705882 0 1
v 0.0582903414 -0.020089781 -0.10392643 0.705882 0 1
v 0.05797167 -0.020090088 -0.10548822 0.705882 0 1
v 0.0576330072 -0.020093653 -0.107045782 0.705882 0 1
v 0.0572738626 -0.0200954929 -0.108598746 0.705882 0 1
v 0.0568967883 -0.0200966144 -0.11014745 0 0.862745 0.862745
v 0.0565023842 -0.0200976314 -0.111691823 0 0.862745 0.862745
v 0.0560898967 -0.0200985964 -0.11323147 0 0.862745 0.862745
v 0.0556595125 -0.0200997505 -0.114766227 0 0.862745 0.862745
v 0.0552070824 -0.0200963753 -0.116294644 0 0.862745 0.862745
v 0.0517893791 -0.022074903 -0.0320870894 0.705882 0.470588 0.156863
v 0.0525169702 -0.0220652534 -0.0335120608 0.705882 0.470588 0.156863
v 0.0532294005 -0.0220675805 -0.034944717 0.470588 0.470588 0.470588
v 0.0538973488 -0.0220703935 -0.0363985869 0.470588 0.470588 0.470588
v 0.0545183148 -0.0220708927 -0.0378730797 0.470588 0.470588 0.470588
v 0.0550943037 -0.0220681646 -0.0393657158 0.470588 0.470588 0.470588
v 0.0556282219 -0.0220675351 -0.0408739191 0.470588 0.470588 0.470588
v 0.0561236317 -0.0220669734 -0.0423952326 0.470588 0.470588 0.470588
v 0.0565842368 -0.0220627546 -0.0439274302 1 0 0
v 0.0570104729 -0.022067822 -0.0454695764 1 0 0
v 0.0574036254 -0.0220667954 -0.0470205223 1 0 0
v 0.0577646711 -0.0220658977 -0.0485793005 1 0 0
v 0.0580934377 -0.0220626213 -0.0501452117 1 0 0
v 0.0583951442 -0.0220643969 -0.0517165135 1 0 0
v 0.058675233 -0.0220634493 -0.0532918251 1 0 0
v 0.0589357845 -0.022062765 -0.054870503 1 0 0
v 0.0591780242 -0.0220628541 -0.0564520891 1 0 0
v 0.0593940246 -0.0220631003 -0.0580374273 1 0 0
v 0.0595865438 -0.0220624767 -0.0596258271 0 1 0
v 0.0597602979 -0.0220626697 -0.0612163999 0 1 0
v 0.0599186098 -0.0220635359 -0.0628085853 0 1 0
v 0.0600631607 -0.0220598782 -0.0644020794 0 1 0
v 0.060189838 -0.0220606017 -0.065997089 0 1 0
v 0.0603034021 -0.0220604633 -0.0675931046 0 1 0
v 0.0604074688 -0.0220616024 -0.0691897625 0 0.501961 1
v 0.0604930203 -0.0220628622 -0.0707875115 0 0.501961 1
v 0.060557317 -0.0220627982 -0.0723862452 0 0.501961 1
v 0.0606035815 -0.0220625417 -0.0739856228 0 0.501961 1
v 0.0606359436 -0.0220612284 -0.0755853326 0 0.501961 1
v 0.0606484254 -0.0220595008 -0.0771853138 0 0.501961 1
v 0.0606432447 -0.0220600082 -0.0787853488 0 0.501961 1
v 0.0606217367 -0.0220608279 -0.0803852259 0 0.501961 1
v 0.060583316 -0.0220607641 -0.0819848122 0 0.501961 1
v 0.0605298526 -0.022059674 -0.0835839555 0 0.501961 1
v 0.0604580351 -0.0220585182 -0.0851823706 1 0.784314 0
v 0.0603649591 -0.0220577961 -0.0867796829 1 0.784314 0
v 0.0602524051 -0.0220571705 -0.088375757 1 0.784314 0
v 0.0601172103 -0.0220575416 -0.0899700896 1 0.784314 0
v 0.0599662811 -0.0220556764 -0.0915630027 1 0.784314 0
v 0.0597966211 -0.0220570232 -0.0931540181 1 0.784314 0
v 0.0596077424 -0.0220556851 -0.0947428761 1 0.784314 0
v 0.05940025 -0.0220564004 -0.0963293973 1 0.784314 0
v 0.059176051 -0.022058702 -0.0979136437 0.705882 0 1
v 0.0589340295 -0.0220596913 -0.0994952613 0.705882 0 1
v 0.0586714287 -0.0220603828 -0.101073597 0.705882 0 1
v 0.0583926189 -0.0220611823 -0.102649157 0.705882 0 1
v 0.0580952378 -0.0220635335 -0.104221307 0.705882 0 1
v 0.0577799358 -0.0220659851 -0.10578995 0.705882 0 1
v 0.0574452409 -0.02206776 -0.107354567 0.705882 0 1
v 0.0570897249 -0.0220688721 -0.108914597 0.705882 0 1
v 0.0567210547 -0.0220686639 -0.110471598 0 0.862745 0.862745
v 0.056331482 -0.0220715595 -0.112023496 0 0.862745 0.862745
v 0.055918463 -0.0220742132 -0.113569321 0 0.862745 0.862745
v 0.0516966021 -0.0240490449 -0.0320873217 0.705882 0.470588 0.156863
v 0.0524420125 -0.0240488603 -0.0335530856 0.705882 0.470588 0.156863
v 0.0531636236 -0.024045348 -0.0350306611 0.470588 0.470588 0.470588
v 0.0538426579 -0.0240450007 -0.0365281561 0.470588 0.470588 0.470588
v 0.0544730659 -0.0240448303 -0.0380467695 0.470588 0.470588 0.470588
v 0.0550556275 -0.0240410922 -0.0395844026 0.470588 0.470588 0.470588
v 0.0555934258 -0.0240417635 -0.0411382998 0.470588 0.470588 0.470588
v 0.0560912285 -0.0240406489 -0.0427055012 0.470588 0.470588 0.470588
v 0.0565523124 -0.0240404807 -0.0442839121 1 0 0
v 0.0569785003 -0.0240395552 -0.0458721167 1 0 0
v 0.0573706422 -0.0240385494 -0.0474690795 1 0 0
v 0.0577290479 -0.0240377317 -0.0490739563 1 0 0
v 0.0580574041 -0.0240374198 -0.0506852382 1 0 0
v 0.0583603834 -0.0240362338 -0.052301472 1 0 0
v 0.0586355166 -0.0240323971 -0.0539226894 1 0 0
v 0.0588943378 -0.0240326579 -0.0555466017 1 0 0
v 0.0591323157 -0.0240322112 -0.0571736878 0 1 0
v 0.0593411435 -0.0240328127 -0.0588047847 0 1 0
v 0.0595315911 -0.0240313752 -0.0604381304 0 1 0
v 0.059704019 -0.0240336734 -0.0620734809 0 1 0
v 0.0598588122 -0.0240293785 -0.0637105613 0 1 0
v 0.0599924003 -0.0240276313 -0.0653495238 0 1 0
v 0.0601106252 -0.0240333237 -0.0669896694 0 1 0
v 0.060219021 -0.0240304844 -0.0686305106 0 1 0
v 0.0603141179 -0.0240321757 -0.0702721677 0 0.501961 1
v 0.0603833326 -0.0240306322 -0.0719151136 0 0.501961 1
v 0.0604330432 -0.0240322545 -0.0735587721 0 0.501961 1
v 0.0604673808 -0.0240320415 -0.0752028305 0 0.501961 1
v 0.0604838086 -0.0240309259 -0.0768471688 0 0.501961 1
v 0.060481161 -0.0240297585 -0.0784915796 0 0.501961 1
v 0.0604601105 -0.0240293557 -0.0801358557 0 0.501961 1
v 0.060419601 -0.0240292784 -0.0817797749 0 0.501961 1
v 0.0603653631 -0.0240288963 -0.0834232957 0 0.501961 1
v 0.0602918629 -0.0240281329 -0.0850660654 0 0.501961 1
v 0.0601970687 -0.0240277781 -0.086707713 1 0.784314 0
v 0.0600789543 -0.0240267056 -0.0883478343 1 0.784314 0
v 0.059940399 -0.0240262205 -0.0899863952 1 0.784314 0
v 0.0597849505 -0.0240256384 -0.0916234413 1 0.784314 0
v 0.0596130135 -0.0240263142 -0.0932588072 1 0.784314 0
v 0.0594188049 -0.024024556 -0.0948917076 1 0.784314 0
v 0.0592085168 -0.0240239369 -0.0965226016 1 0.784314 0
v 0.0589783517 -0.0240263844 -0.0981508082 1 0.784314 0
v 0.0587297666 -0.0240289104 -0.0997763023 0.705882 0 1
v 0.0584623038 -0.0240301989 -0.101398798 0.705882 0 1
v 0.0581773822 -0.0240308182 -0.103018332 0.705882 0 1
v 0.0578743137 -0.0240350046 -0.104634573 0.705882 0 1
v 0.0575491912 -0.0240380217 -0.106246523 0.705882 0 1
v 0.0572079083 -0.0240408484 -0.107855112 0.705882 0 1
v 0.0568466132 -0.0240420105 -0.109459346 0 0.862745 0.862745
v 0.0515869779 -0.02602232 -0.0320876716 0.705882 0.470588 0.156863
v 0.0523093731 -0.0260135529 -0.0335132778 0.705882 0.470588 0.156863
v 0.0530067493 -0.0260152326 -0.0349513022 0.470588 0.470588 0.470588
v 0.0536653198 -0.0260169792 -0.036407506 0.470588 0.470588 0.470588
v 0.054278355 -0.0260172221 -0.0378835091 0.470588 0.470588 0.470588
v 0.0548438852 -0.0260148125 -0.0393783841 0.470588 0.470588 0.470588
v 0.0553663219 -0.026013357 -0.0408888461 0.470588 0.470588 0.470588
v 0.0558511206 -0.0260129497 -0.0424117954 0.470588 0.470588 0.470588
v 0.0563015028 -0.0260103638 -0.0439452681 1 0 0
v 0.0567192348 -0.0260106208 -0.0454879575 1 0 0
v 0.0571063951 -0.0260075234 -0.0470386017 1 0 0
v 0.0574636136 -0.026005282 -0.0485964243 1 0 0
v 0.0577914883 -0.0260059102 -0.050160691 1 0 0
v 0.0580927618 -0.0260023404 -0.0517302962 1 0 0
v 0.058368705 -0.0260005523 -0.053304562 1 0 0
v 0.0586247589 -0.0260012438 -0.0548821834 1 0 0
v 0.0588640831 -0.0260013026 -0.0564624168 0 1 0
v 0.0590766563 -0.0260015226 -0.0580464529 0 1 0
v 0.0592700796 -0.0260008394 -0.0596329598 0 1 0
v 0.0594466904 -0.0260020008 -0.0612214215 0 1 0
v 0.0596085923 -0.0260036651 -0.0628114608 0 1 0
v 0.0597483574 -0.026002534 -0.0644035498 0 1 0
v 0.0598702785 -0.0260027341 -0.0659971502 0 1 0
v 0.0599816398 -0.0260021205 -0.0675915371 0 1 0
v 0.0600741741 -0.0260001311 -0.0691871268 0 0.501961 1
v 0.060153817 -0.0260010818 -0.0707833975 0 0.501961 1
v 0.0602120294 -0.0259996178 -0.0723806121 0 0.501961 1
v 0.0602553242 -0.0260001993 -0.0739782891 0 0.501961 1
v 0.0602834759 -0.0259988857 -0.0755762976 0 0.501961 1
v 0.0602954402 -0.0259912762 -0.077174497 0 0.501961 1
v 0.06028492 -0.0259902166 -0.0787727141 0 0.501961 1
v 0.0602596583 -0.0259894467 -0.0803707781 0 0.501961 1
v 0.0602164602 -0.0259933735 -0.0819684579 0 0.501961 1
v 0.0601629772 -0.025995504 -0.0835658251 0 0.501961 1
v 0.0600944043 -0.0259939005 -0.0851626019 1 0.784314 0
v 0.059999562 -0.0259923085 -0.0867579917 1 0.784314 0
v 0.0598803691 -0.025993056 -0.0883517955 1 0.784314 0
v 0.059745018 -0.0259927299 -0.0899443181 1 0.784314 0
v 0.0595964594 -0.0259920308 -0.0915356655 1 0.784314 0
v 0.0594350236 -0.0259928296 -0.0931257502 1 0.784314 0
v 0.0592547218 -0.0259939597 -0.0947138123 1 0.784314 0
v 0.0590530767 -0.0259937914 -0.096299313 1 0.784314 0
v 0.0588362612 -0.0259941305 -0.0978828064 0.705882 0 1
v 0.0586018647 -0.0259948502 -0.0994638004 0.705882 0 1
v 0.0583516614 -0.0259994912 -0.101042361 0.705882 0 1
v 0.0580841259 -0.0259971826 -0.102618064 0.705882 0 1
v 0.0577981286 -0.0260021146 -0.104190525 0 0.862745 0.862745
v 0.0514616388 -0.0279946555 -0.0320880614 0.705882 0.470588 0.156863
v 0.0521856358 -0.027991007 -0.0335278574 0.705882 0.470588 0.156863
v 0.0528821458 -0.0279888134 -0.0349811454 0.470588 0.470588 0.470588
v 0.0535360701 -0.0279898865 -0.0364540422 0.470588 0.470588 0.470588
v 0.0541437613 -0.0279883327 -0.0379465482 0.470588 0.470588 0.470588
v 0.0547059943 -0.0279841379 -0.0394567481 0.470588 0.470588 0.470588
v 0.0552266784 -0.0279823359 -0.0409817788 0.470588 0.470588 0.470588
v 0.0557098955 -0.0279811093 -0.042519109 0.470588 0.470588 0.470588
v 0.0561585109 -0.0279796295 -0.0440668933 1 0 0
v 0.0565744805 -0.0279775758 -0.0456237809 1 0 0
v 0.0569598151 -0.0279736263 -0.0471885458 1 0 0
v 0.0573155252 -0.02797344 -0.0487603299 1 0 0
v 0.0576429358 -0.027974443 -0.0503382701 1 0 0
v 0.0579443244 -0.027970534 -0.0519213981 1 0 0
v 0.0582201318 -0.0279698871 -0.0535091967 1 0 0
v 0.0584760073 -0.0279689069 -0.055100329 1 0 0
v 0.0587113855 -0.0279688005 -0.0566946233 0 1 0
v 0.0589183743 -0.0279695798 -0.0582928351 0 1 0
v 0.059108801 -0.0279690415 -0.0598931173 0 1 0
v 0.0592820858 -0.0279700671 -0.0614953389 0 1 0
v 0.0594410735 -0.0279707513 -0.0630990479 0 1 0
v 0.0595792286 -0.0279702884 -0.0647046533 0 1 0
v 0.0596981331 -0.0279692059 -0.0663118363 0 1 0
v 0.0598006954 -0.0279678091 -0.0679201333 0 1 0
v 0.0598880158 -0.0279671705 -0.0695293442 0 0.501961 1
v 0.059960936 -0.0279664956 -0.0711392625 0 0.501961 1
v 0.0600152397 -0.0279654421 -0.0727499247 0 0.501961 1
v 0.0600512521 -0.0279643606 -0.0743611019 0 0.501961 1
v 0.0600721127 -0.0279618507 -0.0759725485 0 0.501961 1
v 0.0600748503 -0.027957761 -0.0775841245 0 0.501961 1
v 0.0600582715 -0.0279555638 -0.0791956207 0 0.501961 1
v 0.0600263702 -0.0279582052 -0.0808068777 0 0.501961 1
v 0.0599776798 -0.0279585724 -0.0824177196 0 0.501961 1
v 0.0599191018 -0.0279581888 -0.0840282333 0 0.501961 1
v 0.05984172 -0.0279571767 -0.0856379183 1 0.784314 0
v 0.0597356753 -0.0279558559 -0.0872459897 1 0.784314 0
v 0.0596119282 -0.0279549435 -0.0888527921 1 0.784314 0
v 0.0594748647 -0.0279551124 -0.0904585309 1 0.784314 0
v 0.0593237564 -0.0279561309 -0.0920629983 1 0.784314 0
v 0.0591562212 -0.0279571046 -0.0936658285 1 0.784314 0
v 0.0589704947 -0.0279588733 -0.0952666436 1 0.784314 0
v 0.0587655153 -0.0279606754 -0.0968651354 1 0.784314 0
v 0.0585437595 -0.0279630775 -0.0984613861 0.705882 0 1
v 0.0513202304 -0.0299659023 -0.0320885994 0.470588 1 0
v 0.0520359155 -0.0299654886 -0.0335451736 0.470588 1 0
v 0.0527263492 -0.0299622808 -0.0350138162 1 0 0.705882
v 0.0533788448 -0.0299598253 -0.036499596 1 0 0.705882
v 0.0539854689 -0.0299577322 -0.0380046778 1 0 0.705882
v 0.0545459854 -0.0299533114 -0.0395275743 1 0 0.705882
v 0.0550644689 -0.0299513661 -0.0410653433 1 0 0.705882
v 0.0555454381 -0.0299490833 -0.0426152844 1 0 0.705882
v 0.0559917018 -0.0299474118 -0.0441755929 0.313725 0.313725 1
v 0.0564056813 -0.0299449503 -0.0457447881 0.313725 0.313725 1
v 0.0567891033 -0.0299423306 -0.0473217398 0.313725 0.313725 1
v 0.057143175 -0.0299419493 -0.0489055522 0.313725 0.313725 1
v 0.0574684265 -0.0299402955 -0.0504955248 0.313725 0.313725 1
v 0.057767855 -0.0299396284 -0.0520905417 0.313725 0.313725 1
v 0.0580459067 -0.0299392341 -0.0536894273 0.313725 0.313725 1
v 0.0582952311 -0.0299347926 -0.0552930173 0.313725 0.313725 1
v 0.0585267756 -0.029934921 -0.0568993233 0.705882 0.470588 0.156863
v 0.0587313614 -0.0299351768 -0.0585092742 0.705882 0.470588 0.156863
v 0.0589201483 -0.0299347915 -0.0601211593 0.705882 0.470588 0.156863
v 0.0590901 -0.0299351098 -0.0617351329 0.705882 0.470588 0.156863
v 0.0592488922 -0.0299354883 -0.0633502504 0.705882 0.470588 0.156863
v 0.0593845052 -0.029934868 -0.0649674316 0.705882 0.470588 0.156863
v 0.0594989057 -0.0299329088 -0.0665862907 0.705882 0.470588 0.156863
v 0.0595959249 -0.0299311103 -0.0682062903 0.705882 0.470588 0.156863
v 0.0596772033 -0.0299301091 -0.0698271547 0.470588 0.470588 0.470588
v 0.0597443625 -0.0299287792 -0.0714486603 0.470588 0.470588 0.470588
v 0.0597954419 -0.0299278254 -0.0730707268 0.470588 0.470588 0.470588
v 0.0598201241 -0.0299263464 -0.0746934441 0.470588 0.470588 0.470588
v 0.0598307629 -0.0299233029 -0.0763162981 0.470588 0.470588 0.470588
v 0.0598281543 -0.0299208546 -0.0779391895 0.470588 0.470588 0.470588
v 0.0598062754 -0.0299206578 -0.079561954 0.470588 0.470588 0.470588
v 0.0597675178 -0.0299182268 -0.081184391 0.470588 0.470588 0.470588
v 0.059714284 -0.0299179538 -0.08280642 0.470588 0.470588 0.470588
v 0.0596485938 -0.0299179782 -0.0844279944 0.470588 0.470588 0.470588
v 0.0595599213 -0.0299176472 -0.0860484821 1 0 0
v 0.0594506187 -0.0299169122 -0.087667678 1 0 0
v 0.0593267753 -0.0299168123 -0.089285839 1 0 0
v 0.0591895879 -0.0299174364 -0.0909029315 1 0 0
v 0.059038964 -0.0299186346 -0.0925188133 0 1 0
v 0.0511609563 -0.0319357819 -0.0320892429 0.470588 1 0
v 0.0518410028 -0.0319327992 -0.0335090933 0.470588 1 0
v 0.0525048856 -0.0319294289 -0.0349365521 1 0 0.705882
v 0.0531354473 -0.0319284734 -0.0363790352 1 0 0.705882
v 0.0537237536 -0.0319238959 -0.0378392815 1 0 0.705882
v 0.0542663536 -0.0319190329 -0.0393171403 1 0 0.705882
v 0.0547680731 -0.0319185064 -0.0408093491 1 0 0.705882
v 0.0552352945 -0.0319143944 -0.0423127083 1 0 0.705882
v 0.0556698966 -0.031911817 -0.0438258231 0.313725 0.313725 1
v 0.0560740679 -0.0319097347 -0.0453473512 0.313725 0.313725 1
v 0.0564496857 -0.0319049328 -0.0468761726 0.313725 0.313725 1
v 0.056798246 -0.0319036713 -0.0484114045 0.313725 0.313725 1
v 0.0571212286 -0.031903861 -0.0499522277 0.313725 0.313725 1
v 0.0574213848 -0.0318986382 -0.0514976629 0.313725 0.313725 1
v 0.0576958527 -0.0318973477 -0.0530478756 0.313725 0.313725 1
v 0.0579477699 -0.0318966801 -0.0546018629 0.313725 0.313725 1
v 0.0581791814 -0.0318975882 -0.0561590738 0.705882 0.470588 0.156863
v 0.0583923712 -0.0318975331 -0.057718884 0.705882 0.470588 0.156863
v 0.0585845955 -0.0318972884 -0.0592814258 0.705882 0.470588 0.156863
v 0.0587616015 -0.0318960587 -0.0608457641 0.705882 0.470588 0.156863
v 0.0589197469 -0.0318963906 -0.0624121285 0.705882 0.470588 0.156863
v 0.0590649354 -0.0318961733 -0.0639797255 0.705882 0.470588 0.156863
v 0.0591846367 -0.031893751 -0.065549481 0.705882 0.470588 0.156863
v 0.0592849478 -0.0318914655 -0.0671206128 0.705882 0.470588 0.156863
v 0.059375284 -0.0318908169 -0.0686923516 0.470588 0.470588 0.470588
v 0.0594462436 -0.0318896328 -0.0702650717 0.470588 0.470588 0.470588
v 0.0594994339 -0.0318878418 -0.0718385045 0.470588 0.470588 0.470588
v 0.0595388517 -0.0318871211 -0.0734123357 0.470588 0.470588 0.470588
v 0.0595585297 -0.0318838124 -0.0749865393 0.470588 0.470588 0.470588
v 0.0595664745 -0.0318829149 -0.0765608513 0.470588 0.470588 0.470588
v 0.0595557762 -0.0318800517 -0.0781351196 0.470588 0.470588 0.470588
v 0.0595269309 -0.0318749271 -0.0797091587 0.470588 0.470588 0.470588
v 0.0594861544 -0.0318725171 -0.0812829529 0.470588 0.470588 0.470588
v 0.0594327424 -0.0318743006 -0.0828563626 0.470588 0.470588 0.470588
v 0.0593638904 -0.0318744457 -0.084429175 1 0 0
v 0.0592823382 -0.0318735602 -0.0860013826 1 0 0
v 0.0591855218 -0.0318742947 -0.0875727346 0 1 0
v 0.050977593 -0.0339035531 -0.0320900623 0.470588 1 0
v 0.0516823018 -0.0339027907 -0.0335900227 0.470588 1 0
v 0.052367971 -0.0338977067 -0.0350987579 1 0 0.705882
v 0.0530174086 -0.0338944862 -0.036623454 1 0 0.705882
v 0.0536169985 -0.0338880992 -0.0381684116 1 0 0.705882
v 0.054170095 -0.0338827384 -0.0397306025 1 0 0.705882
v 0.0546823946 -0.0338788568 -0.0413066431 1 0 0.705882
v 0.0551575297 -0.0338759075 -0.0428942755 1 0 0.705882
v 0.0555980742 -0.0338725206 -0.0444918507 0.313725 0.313725 1
v 0.0560053728 -0.0338663748 -0.046098212 0.313725 0.313725 1
v 0.0563814883 -0.0338641234 -0.0477121797 0.313725 0.313725 1
v 0.0567293249 -0.0338637662 -0.0493324941 0.313725 0.313725 1
v 0.0570509824 -0.0338603072 -0.0509582105 0.313725 0.313725 1
v 0.0573482369 -0.0338589252 -0.0525885783 0.313725 0.313725 1
v 0.0576201871 -0.0338573613 -0.0542233378 0.313725 0.313725 1
v 0.0578633464 -0.0338547916 -0.0558626513 0.313725 0.313725 1
v 0.058089684 -0.0338551516 -0.0575043808 0.705882 0.470588 0.156863
v 0.0582976619 -0.0338557197 -0.0591485512 0.705882 0.470588 0.156863
v 0.0584876382 -0.0338536937 -0.0607948906 0.705882 0.470588 0.156863
v 0.0586559538 -0.0338519672 -0.0624435797 0.705882 0.470588 0.156863
v 0.0587985469 -0.0338499618 -0.0640946468 0.705882 0.470588 0.156863
v 0.0589152693 -0.0338481998 -0.0657477818 0.705882 0.470588 0.156863
v 0.0590156045 -0.033847048 -0.067402005 0.705882 0.470588 0.156863
v 0.0591032591 -0.0338458236 -0.0690569505 0.705882 0.470588 0.156863
v 0.0591736064 -0.0338445241 -0.0707127007 0.470588 0.470588 0.470588
v 0.0592181083 -0.0338417716 -0.0723693664 0.470588 0.470588 0.470588
v 0.059248696 -0.0338396428 -0.0740262987 0.470588 0.470588 0.470588
v 0.0592583679 -0.033836828 -0.0756835409 0.470588 0.470588 0.470588
v 0.0592554507 -0.0338349404 -0.0773407913 0.470588 0.470588 0.470588
v 0.0592325238 -0.0338309632 -0.0789978797 0.470588 0.470588 0.470588
v 0.0591921764 -0.0338291494 -0.080654658 0.470588 0.470588 0.470588
v 0.0591434053 -0.0338280663 -0.0823112102 0.470588 0.470588 0.470588
v 0.0590841154 -0.0338278281 -0.083967392 1 0 0
v 0.0507612787 -0.0358679751 -0.0320908439 0.470588 1 0
v 0.0514265787 -0.0358685002 -0.0335255937 0.470588 1 0
v 0.0520711394 -0.0358609549 -0.0349696933 1 0 0.705882
v 0.0526825097 -0.0358556419 -0.0364280613 1 0 0.705882
v 0.0532548695 -0.0358513797 -0.0379021755 1 0 0.705882
v 0.0537833157 -0.0358442742 -0.0393926348 1 0 0.705882
v 0.0542754667 -0.0358401873 -0.0408955421 1 0 0.705882
v 0.0547353511 -0.0358355186 -0.0424086296 1 0 0.705882
v 0.0551637624 -0.0358302751 -0.0439309539 1 0 0.705882
v 0.0555616199 -0.0358262953 -0.0454615715 1 0 0.705882
v 0.0559287245 -0.0358233953 -0.0469998526 0.313725 0.313725 1
v 0.0562695454 -0.0358208627 -0.0485441542 0.313725 0.313725 1
v 0.0565861295 -0.0358171086 -0.0500935899 0.313725 0.313725 1
v 0.0568795329 -0.035815048 -0.0516475755 0.313725 0.313725 1
v 0.0571524324 -0.0358138898 -0.0532053179 0.313725 0.313725 1
v 0.0574000886 -0.0358099927 -0.0547672348 0.313725 0.313725 1
v 0.0576258643 -0.0358081396 -0.0563325246 0.313725 0.313725 1
v 0.0578340643 -0.0358079429 -0.0579002202 0.313725 0.313725 1
v 0.0580233047 -0.0358077354 -0.0594703451 0.705882 0.470588 0.156863
v 0.0581994255 -0.0358074682 -0.0610419918 0.705882 0.470588 0.156863
v 0.0583515445 -0.0358056074 -0.06261615 0.705882 0.470588 0.156863
v 0.0584832101 -0.0358032756 -0.0641921524 0.705882 0.470588 0.156863
v 0.0585922743 -0.0357990007 -0.065769878 0.705882 0.470588 0.156863
v 0.0586863745 -0.0357961025 -0.067348563 0.705882 0.470588 0.156863
v 0.0587681422 -0.0357949884 -0.0689279339 0.705882 0.470588 0.156863
v 0.0588373217 -0.0357939978 -0.0705079045 0.705882 0.470588 0.156863
v 0.05887814 -0.03578897 -0.0720888661 0.470588 0.470588 0.470588
v 0.0589059261 -0.0357860752 -0.0736701128 0.470588 0.470588 0.470588
v 0.0589147002 -0.0357839776 -0.0752515835 0.470588 0.470588 0.470588
v 0.0589135756 -0.0357808713 -0.0768330707 0.470588 0.470588 0.470588
v 0.0588962782 -0.0357778237 -0.0784144679 0.470588 0.470588 0.470588
v 0.0588647779 -0.0357746899 -0.0799956448 0.470588 0.470588 0.470588
v 0.0588274665 -0.0357736976 -0.0815767023 1 0 0
v 0.0505112181 -0.0378284007 -0.0320914518 0.470588 1 0
v 0.0511826278 -0.0378287407 -0.0335695492 0.470588 1 0
v 0.0518341163 -0.0378236427 -0.0350564972 1 0 0.705882
v 0.0524516389 -0.0378162659 -0.036557846 1 0 0.705882
v 0.0530243068 -0.0378085015 -0.0380769122 1 0 0.705882
v 0.0535492611 -0.0378003907 -0.0396130691 1 0 0.705882
v 0.0540443035 -0.0377935438 -0.0411590336 1 0 0.705882
v 0.0545061635 -0.0377869845 -0.0427153162 1 0 0.705882
v 0.0549357435 -0.0377784363 -0.0442808634 0.313725 0.313725 1
v 0.055330478 -0.0377758953 -0.0458555861 0.313725 0.313725 1
v 0.0556959553 -0.0377720365 -0.0474373383 0.313725 0.313725 1
v 0.0560344481 -0.0377684616 -0.0490250764 0.313725 0.313725 1
v 0.0563484707 -0.0377636526 -0.0506178296 0.313725 0.313725 1
v 0.0566387263 -0.0377598517 -0.0522150837 0.313725 0.313725 1
v 0.0569092798 -0.0377538303 -0.0538158163 0.313725 0.313725 1
v 0.057154269 -0.0377547972 -0.0554206804 0.313725 0.313725 1
v 0.0573808553 -0.037754 -0.0570282398 0.705882 0.470588 0.156863
v 0.0575795972 -0.0377528806 -0.0586394714 0.705882 0.470588 0.156863
v 0.0577623096 -0.0377510171 -0.060252607 0.705882 0.470588 0.156863
v 0.0579205423 -0.0377495357 -0.0618683058 0.705882 0.470588 0.156863
v 0.0580622655 -0.0377475548 -0.0634855488 0.705882 0.470588 0.156863
v 0.0581864627 -0.0377443371 -0.0651042369 0.705882 0.470588 0.156863
v 0.05828282 -0.0377397254 -0.0667247888 0.705882 0.470588 0.156863
v 0.0583694592 -0.0377379965 -0.0683459273 0.705882 0.470588 0.156863
v 0.0584430608 -0.037735991 -0.069967668 0.470588 0.470588 0.470588
v 0.0584921895 -0.0377319288 -0.0715903564 0.470588 0.470588 0.470588
v 0.0585206409 -0.0377279952 -0.0732135503 0.470588 0.470588 0.470588
v 0.0585328022 -0.0377241548 -0.0748369527 0.470588 0.470588 0.470588
v 0.0585327006 -0.0377198306 -0.0764603983 0.470588 0.470588 0.470588
v 0.0585199949 -0.0377152745 -0.0780837975 0.470588 0.470588 0.470588
v 0.0584948125 -0.0377116008 -0.0797070527 1 0 0
v 0.050228578 -0.0397843911 -0.0320917732 0.470588 1 0
v 0.0508640532 -0.0397848499 -0.0335256353 0.470588 1 0
v 0.0514818315 -0.0397776607 -0.0349671776 1 0 0.705882
v 0.0520764399 -0.0397692359 -0.036418334 1 0 0.705882
v 0.0526308922 -0.0397615451 -0.0378853235 1 0 0.705882
v 0.0531407812 -0.0397518223 -0.0393683839 1 0 0.705882
v 0.0536155168 -0.0397448231 -0.0408631715 1 0 0.705882
v 0.054056592 -0.039737705 -0.0423681412 1 0 0.705882
v 0.0544731094 -0.0397310343 -0.043880098 0.313725 0.313725 1
v 0.0548590117 -0.0397246124 -0.045400145 0.313725 0.313725 1
v 0.0552152515 -0.0397185192 -0.046927468 0.313725 0.313725 1
v 0.0555475672 -0.0397133254 -0.0484602069 0.313725 0.313725 1
v 0.055857201 -0.0397078677 -0.0499977005 0.313725 0.313725 1
v 0.0561427038 -0.039703833 -0.0515398494 0.313725 0.313725 1
v 0.0564074361 -0.039701076 -0.0530857018 0.313725 0.313725 1
v 0.0566546506 -0.0396972949 -0.0546344442 0.313725 0.313725 1
v 0.0568790604 -0.0396938345 -0.0561866751 0.705882 0.470588 0.156863
v 0.0570856528 -0.0396910331 -0.057741348 0.705882 0.470588 0.156863
v 0.0572682594 -0.0396878763 -0.0592990431 0.705882 0.470588 0.156863
v 0.057429923 -0.0396845262 -0.0608590053 0.705882 0.470588 0.156863
v 0.0575721648 -0.0396837827 -0.0624209166 0.705882 0.470588 0.156863
v 0.0577009316 -0.0396814143 -0.0639839755 0.705882 0.470588 0.156863
v 0.0578091031 -0.0396773425 -0.0655486008 0.705882 0.470588 0.156863
v 0.0578969286 -0.0396741005 -0.0671145112 0.705882 0.470588 0.156863
v 0.0579786557 -0.0396701885 -0.0686807539 0.705882 0.470588 0.156863
v 0.0580363247 -0.0396666096 -0.0702480544 0.705882 0.470588 0.156863
v 0.0580810403 -0.0396631081 -0.0718157829 0.470588 0.470588 0.470588
v 0.058103473 -0.0396588811 -0.073383971 0.470588 0.470588 0.470588
v 0.0581155116 -0.0396556047 -0.0749522991 0.470588 0.470588 0.470588
v 0.0581112604 -0.0396507109 -0.0765206501 0.470588 0.470588 0.470588
v 0.0581056801 -0.0396507314 -0.0780890017 1 0 0
v 0.0499081473 -0.0417345361 -0.0320915093 0.705882 0 1
v 0.0505589795 -0.0417393915 -0.0335861346 0.705882 0 1
v 0.0511880912 -0.0417306533 -0.0350900039 0 0.862745 0.862745
v 0.0517901028 -0.0417189575 -0.036604918 0 0.862745 0.862745
v 0.0523493591 -0.0417051079 -0.0381360988 0 0.862745 0.862745
v 0.0528650477 -0.0416933004 -0.039682499 0 0.862745 0.862745
v 0.0533480349 -0.0416832305 -0.0412393958 0 0.862745 0.862745
v 0.0537895202 -0.0416749447 -0.0428086207 0 0.862745 0.862745
v 0.0542064169 -0.0416649423 -0.0443845134 1 0.470588 0
v 0.0545888764 -0.0416578706 -0.0459691466 1 0.470588 0
v 0.0549459774 -0.0416497695 -0.0475596742 1 0.470588 0
v 0.0552778378 -0.0416437063 -0.0491556715 1 0.470588 0
v 0.0555854423 -0.0416381236 -0.0507565636 1 0.470588 0
v 0.0558657394 -0.0416354453 -0.0523624728 1 0.470588 0
v 0.0561282922 -0.0416317501 -0.0539713698 1 0.470588 0
v 0.0563714727 -0.0416288493 -0.0555833026 1 0.470588 0
v 0.0565880526 -0.0416221261 -0.0571989691 0.470588 1 0
v 0.0567839272 -0.0416188565 -0.0588173346 0.470588 1 0
v 0.0569516775 -0.0416146321 -0.0604388501 0.470588 1 0
v 0.0571013612 -0.041609812 -0.0620621362 0.470588 1 0
v 0.0572379261 -0.0416078883 -0.0636865802 0.470588 1 0
v 0.0573508777 -0.0416025203 -0.0653128324 0.470588 1 0
v 0.0574408608 -0.041600258 -0.0669405304 0.470588 1 0
v 0.0575207016 -0.0415918538 -0.0685687335 0.470588 1 0
v 0.0575750678 -0.0415886917 -0.0701980012 0.470588 1 0
v 0.0576166167 -0.0415828973 -0.0718276472 0.470588 1 0
v 0.057634229 -0.0415773964 -0.0734577044 1 0 0.705882
v 0.0576484294 -0.0415756258 -0.0750878313 1 0 0.705882
v 0.0576454651 -0.0415712696 -0.076718009 0.313725 0.313725 1
v 0.0495355119 -0.0436753378 -0.0320907882 0.705882 0 1
v 0.0501545962 -0.0436897426 -0.0335491387 0.705882 0 1
v 0.050752556 -0.0436738278 -0.0350165047 0 0.862745 0.862745
v 0.0513277358 -0.043657186 -0.0364929021 0 0.862745 0.862745
v 0.0518696365 -0.0436440868 -0.0379819191 0 0.862745 0.862745
v 0.052366263 -0.0436286549 -0.0394866374 0 0.862745 0.862745
v 0.0528372413 -0.043617941 -0.0409995733 0 0.862745 0.862745
v 0.0532693182 -0.0436063518 -0.0425241014 0 0.862745 0.862745
v 0.05366978 -0.0435951879 -0.0440572053 0 0.862745 0.862745
v 0.0540462456 -0.0435862145 -0.0455964329 0 0.862745 0.862745
v 0.0543958414 -0.0435781128 -0.0471419928 1 0.470588 0
v 0.0547210701 -0.0435709275 -0.0486928345 1 0.470588 0
v 0.0550217578 -0.0435645578 -0.0502486223 1 0.470588 0
v 0.0553018258 -0.0435590564 -0.0518082826 1 0.470588 0
v 0.0555649383 -0.0435544007 -0.0533709167 1 0.470588 0
v 0.0558016233 -0.0435483799 -0.0549377554 1 0.470588 0
v 0.0560149379 -0.0435425231 -0.0565078514 1 0.470588 0
v 0.0562087998 -0.0435381032 -0.0580805764 1 0.470588 0
v 0.0563864562 -0.0435337379 -0.059655168 0.470588 1 0
v 0.0565421618 -0.0435287051 -0.061232116 0.470588 1 0
v 0.0566788132 -0.0435244269 -0.0628108303 0.470588 1 0
v 0.0567985733 -0.0435195869 -0.0643909215 0.470588 1 0
v 0.0568932279 -0.0435148381 -0.0659726694 0.470588 1 0
v 0.0569706067 -0.0435083465 -0.0675554007 0.470588 1 0
v 0.0570341725 -0.0435000342 -0.069138694 0.470588 1 0
v 0.0570743823 -0.0434957931 -0.0707228106 0.470588 1 0
v 0.0571019551 -0.043488942 -0.0723071699 1 0 0.705882
v 0.0571132998 -0.0434824066 -0.0738917505 1 0 0.705882
v 0.0571247441 -0.0434802004 -0.0754763406 0.313725 0.313725 1
v 0.0491028182 -0.0456035518 -0.0320896508 0.705882 0 1
v 0.049738437 -0.0456240281 -0.0336213503 0.705882 0 1
v 0.050354778 -0.0456014121 -0.0351609081 0 0.862745 0.862745
v 0.0509317163 -0.0455791632 -0.0367155023 0 0.862745 0.862745
v 0.0514766743 -0.0455618981 -0.0382818427 0 0.862745 0.862745
v 0.051990738 -0.045547239 -0.0398586028 0 0.862745 0.862745
v 0.0524677311 -0.0455340782 -0.0414468756 0 0.862745 0.862745
v 0.0529073644 -0.0455206336 -0.0430459231 0 0.862745 0.862745
v 0.0533125329 -0.0455078813 -0.04465409 1 0.470588 0
v 0.0536901618 -0.0454961722 -0.0462690019 1 0.470588 0
v 0.0540414302 -0.0454861279 -0.0478898792 1 0.470588 0
v 0.0543675296 -0.0454782004 -0.0495159986 1 0.470588 0
v 0.0546680603 -0.0454703486 -0.0511470349 1 0.470588 0
v 0.0549431228 -0.0454626525 -0.0527825455 1 0.470588 0
v 0.0551948644 -0.0454551853 -0.0544218305 1 0.470588 0
v 0.0554204126 -0.0454492161 -0.0560649478 1 0.470588 0
v 0.0556221698 -0.0454417413 -0.057711148 0.470588 1 0
v 0.0558111345 -0.0454377905 -0.0593588637 0.470588 1 0
v 0.0559794446 -0.045433567 -0.061008819 0.470588 1 0
v 0.0561232548 -0.0454283954 -0.0626610858 0.470588 1 0
v 0.0562472675 -0.0454213467 -0.0643149661 0.470588 1 0
v 0.0563380455 -0.0454132854 -0.0659709832 0.470588 1 0
v 0.0564096004 -0.0454034867 -0.0676279453 0.470588 1 0
v 0.0564641196 -0.0453912612 -0.0692854878 0.470588 1 0
v 0.056502064 -0.0453851471 -0.0709435802 1 0 0.705882
v 0.0565281185 -0.0453773296 -0.0726018798 1 0 0.705882
v 0.0565408271 -0.0453720232 -0.074260351 0.313725 0.313725 1
v 0.0486000035 -0.047514558 -0.0320885235 0.705882 0 1
v 0.0492061446 -0.0475437544 -0.0335805271 0.705882 0 1
v 0.0498003001 -0.0475219146 -0.035077718 0 0.862745 0.862745
v 0.050356104 -0.0474969137 -0.0365894049 0 0.862745 0.862745
v 0.0508759936 -0.0474754262 -0.0381139443 0 0.862745 0.862745
v 0.0513713667 -0.047455909 -0.0396466246 0 0.862745 0.862745
v 0.051844488 -0.0474405951 -0.0411864009 0 0.862745 0.862745
v 0.0522693232 -0.0474261774 -0.0427402322 0 0.862745 0.862745
v 0.052665904 -0.0474118627 -0.0443014635 1 0.470588 0
v 0.0530344012 -0.0473985536 -0.0458695161 1 0.470588 0
v 0.0533780111 -0.0473868234 -0.0474432893 1 0.470588 0
v 0.0537002128 -0.0473770253 -0.0490215837 1 0.470588 0
v 0.0539970846 -0.0473674205 -0.0506048856 1 0.470588 0
v 0.0542650702 -0.0473555514 -0.0521933134 1 0.470588 0
v 0.0545137103 -0.0473488433 -0.0537849136 1 0.470588 0
v 0.0547377179 -0.0473414702 -0.0553801512 1 0.470588 0
v 0.0549448022 -0.0473343009 -0.0569776679 0.470588 1 0
v 0.0551311003 -0.0473269185 -0.058577765 0.470588 1 0
v 0.055296202 -0.0473202448 -0.0601801868 0.470588 1 0
v 0.0554438016 -0.047313033 -0.0617842953 0.470588 1 0
v 0.0555710123 -0.0473055236 -0.0633901302 0.470588 1 0
v 0.0556731475 -0.0472958634 -0.0649977514 0.470588 1 0
v 0.0557489115 -0.0472844022 -0.0666068538 0.470588 1 0
v 0.0558065232 -0.0472745908 -0.0682167196 0.470588 1 0
v 0.0558450534 -0.0472624185 -0.06982713 1 0 0.705882
v 0.0558795799 -0.0472550681 -0.0714376524 1 0 0.705882
v 0.0559016523 -0.047248122 -0.0730483969 0.313725 0.313725 1
v 0.0480183495 -0.0494030641 -0.0320876247 0.705882 0 1
v 0.0485975372 -0.0494408262 -0.0335395659 0.705882 0 1
v 0.0491623618 -0.0494212522 -0.0349980169 0 0.862745 0.862745
v 0.0497046748 -0.0493958222 -0.0364648854 0 0.862745 0.862745
v 0.0502153747 -0.0493720616 -0.0379431338 0 0.862745 0.862745
v 0.0506948464 -0.0493491954 -0.039431824 0 0.862745 0.862745
v 0.0511409242 -0.0493291559 -0.0409308619 0 0.862745 0.862745
v 0.0515605209 -0.0493121139 -0.0424375495 0 0.862745 0.862745
v 0.0519587767 -0.0492981022 -0.0439501232 1 0.470588 0
v 0.0523183884 -0.0492832286 -0.045472308 1 0.470588 0
v 0.0526570465 -0.0492681522 -0.0469992613 1 0.470588 0
v 0.0529712492 -0.0492558569 -0.0485314947 1 0.470588 0
v 0.0532592757 -0.0492443446 -0.0500688061 1 0.470588 0
v 0.0535272837 -0.0492327801 -0.0516098063 1 0.470588 0
v 0.0537731143 -0.0492239753 -0.0531545287 1 0.470588 0
v 0.0539976188 -0.0492140116 -0.0547024745 1 0.470588 0
v 0.0542089276 -0.0492071768 -0.0562522861 0.470588 1 0
v 0.0543985233 -0.049198936 -0.0578049027 0.470588 1 0
v 0.0545637247 -0.0491902403 -0.0593602726 0.470588 1 0
v 0.0547116789 -0.0491797614 -0.060917407 0.470588 1 0
v 0.0548367161 -0.0491707494 -0.0624765481 0.470588 1 0
v 0.0549423403 -0.0491596842 -0.0640370829 0.470588 1 0
v 0.0550261604 -0.0491479456 -0.0655989492 0.470588 1 0
v 0.0550904564 -0.0491392636 -0.0671617887 0.470588 1 0
v 0.0551434107 -0.0491260097 -0.0687250196 0.470588 1 0
v 0.0551754448 -0.0491156834 -0.0702888224 0.470588 1 0
v 0.0552045121 -0.0491076329 -0.0718527152 1 0 0.705882
v 0.0473468209 -0.0512614435 -0.0320871702 0.705882 0 1
v 0.0479333439 -0.0513118842 -0.033622775 0.705882 0 1
v 0.0485337169 -0.0512897122 -0.0351539282 0 0.862745 0.862745
v 0.0490983014 -0.0512592122 -0.0366984816 0 0.862745 0.862745
v 0.0496305738 -0.051235168 -0.0382545722 0 0.862745 0.862745
v 0.0501320724 -0.0512122731 -0.0398208515 0 0.862745 0.862745
v 0.0505788236 -0.051183321 -0.0414034498 0 0.862745 0.862745
v 0.0510142988 -0.0511660499 -0.042989448 0 0.862745 0.862745
v 0.0514199792 -0.0511507529 -0.0445833084 1 0.470588 0
v 0.0517837802 -0.0511329061 -0.0461872658 1 0.470588 0
v 0.0521225207 -0.0511169686 -0.0477966962 1 0.470588 0
v 0.0524360571 -0.051103247 -0.049411233 1 0.470588 0
v 0.0527281422 -0.0510906504 -0.0510297964 1 0.470588 0
v 0.0529908733 -0.0510760065 -0.0526534187 1 0.470588 0
v 0.0532325603 -0.0510643395 -0.0542803206 1 0.470588 0
v 0.0534575567 -0.0510558789 -0.0559096327 1 0.470588 0
v 0.0536629958 -0.0510477197 -0.0575415276 0.470588 1 0
v 0.0538367718 -0.0510382917 -0.0591770939 0.470588 1 0
v 0.0539870533 -0.051026216 -0.0608149511 0.470588 1 0
v 0.0541121733 -0.0510129314 -0.0624549076 0.470588 1 0
v 0.0542172422 -0.050999439 -0.0640962776 0.470588 1 0
v 0.0543018112 -0.0509864229 -0.0657388481 0.470588 1 0
v 0.0543701432 -0.0509754244 -0.0673821798 0.470588 1 0
v 0.0544151957 -0.0509588676 -0.0690262791 0.470588 1 0
v 0.0544519944 -0.0509497761 -0.0706706394 1 0 0.705882
v 0.0465455212 -0.0530672658 -0.0320863648 0 1 0
v 0.0471066436 -0.0531384587 -0.033578785 0 1 0
v 0.0476903731 -0.053123364 -0.0350643124 0 0.501961 1
v 0.0482432875 -0.0530945588 -0.036561411 0 0.501961 1
v 0.0487736232 -0.0530686391 -0.038066764 0 0.501961 1
v 0.0492557633 -0.0530400464 -0.0395881351 0 0.501961 1
v 0.0497030968 -0.0530127894 -0.0411200791 0 0.501961 1
v 0.0501337791 -0.0529942852 -0.0426569951 0 0.501961 1
v 0.0505342316 -0.0529772851 -0.0442020581 0 0.501961 1
v 0.0509078182 -0.0529633984 -0.0457538931 0 0.501961 1
v 0.0512491783 -0.0529489612 -0.0473130312 1 0.784314 0
v 0.0515614637 -0.0529338061 -0.0488782941 1 0.784314 0
v 0.051853832 -0.0529204599 -0.0504474554 1 0.784314 0
v 0.0521185736 -0.0529056161 -0.0520215284 1 0.784314 0
v 0.0523579611 -0.0528920388 -0.0535996603 1 0.784314 0
v 0.0525869083 -0.0528834517 -0.0551793624 1 0.784314 0
v 0.0527956723 -0.052874711 -0.0567618767 1 0.784314 0
v 0.0529765103 -0.0528629806 -0.0583477421 1 0.784314 0
v 0.0531306175 -0.052851337 -0.059936467 0.705882 0 1
v 0.0532661285 -0.0528395741 -0.0615269024 0.705882 0 1
v 0.0533716891 -0.0528218151 -0.063119558 0.705882 0 1
v 0.0534617814 -0.0528051768 -0.0647131598 0.705882 0 1
v 0.0535385791 -0.0527950751 -0.0663075253 0.705882 0 1
v 0.0535990972 -0.0527840833 -0.0679025846 0.705882 0 1
v 0.0536550906 -0.0527770234 -0.0694978305 0 0.862745 0.862745
v 0.0456110829 -0.054807594 -0.0320843609 0 1 0
v 0.0461437228 -0.0549034812 -0.0335361133 0 1 0
v 0.0467015491 -0.0548919412 -0.0349814635 0 0.501961 1
v 0.0472652786 -0.0548762722 -0.036424354 0 0.501961 1
v 0.0477941964 -0.0548539868 -0.0378803963 0 0.501961 1
v 0.0482693589 -0.0548205823 -0.0393546401 0 0.501961 1
v 0.0487157657 -0.0547939024 -0.0408379795 0 0.501961 1
v 0.0491416118 -0.0547751064 -0.0423275185 0 0.501961 1
v 0.0495410857 -0.054758771 -0.0438243749 0 0.501961 1
v 0.0499203564 -0.0547471559 -0.0453264877 0 0.501961 1
v 0.0502629823 -0.054731235 -0.0468373096 1 0.784314 0
v 0.0505778996 -0.0547161364 -0.0483542314 1 0.784314 0
v 0.0508797534 -0.0547076798 -0.0498738508 1 0.784314 0
v 0.0511530719 -0.0546962391 -0.0513987571 1 0.784314 0
v 0.0513993334 -0.0546841472 -0.0529283269 1 0.784314 0
v 0.0516307695 -0.0546745547 -0.0544602536 1 0.784314 0
v 0.0518404381 -0.0546653317 -0.0559951996 1 0.784314 0
v 0.0520283937 -0.0546548051 -0.0575330458 1 0.784314 0
v 0.052194244 -0.0546423423 -0.059073408 0.705882 0 1
v 0.0523336543 -0.0546291334 -0.0606164118 0.705882 0 1
v 0.0524571721 -0.0546161743 -0.0621607153 0.705882 0 1
v 0.0525493916 -0.0545949717 -0.0637071638 0.705882 0 1
v 0.0526336912 -0.0545834259 -0.0652541661 0.705882 0 1
v 0.0527101711 -0.0545771625 -0.0668016115 0.705882 0 1
v 0.0527801937 -0.0545711869 -0.0683493624 0 0.862745 0.862745
v 0.0445293706 -0.0564601007 -0.032080764 0 1 0
v 0.0450621769 -0.0565745102 -0.0336291098 0 1 0
v 0.0456583037 -0.0565779433 -0.0351585302 0 0.501961 1
v 0.0462570932 -0.0565597563 -0.0366868348 0 0.501961 1
v 0.0468323982 -0.0565451412 -0.0382241339 0 0.501961 1
v 0.0473485345 -0.0565203592 -0.0397821608 0 0.501961 1
v 0.0478255796 -0.0564960764 -0.0413526395 0 0.501961 1
v 0.0482726112 -0.0564768326 -0.042931999 0 0.501961 1
v 0.0486932252 -0.0564608956 -0.0445186627 1 0.784314 0
v 0.0490768902 -0.0564426684 -0.0461146217 1 0.784314 0
v 0.0494447491 -0.0564374568 -0.0477143098 1 0.784314 0
v 0.049769973 -0.0564233907 -0.0493232185 1 0.784314 0
v 0.0500978994 -0.056427728 -0.0509317217 1 0.784314 0
v 0.0503722726 -0.0564154318 -0.0525501567 1 0.784314 0
v 0.0506234919 -0.0564044431 -0.0541723522 1 0.784314 0
v 0.0508506388 -0.0563949761 -0.0557981154 1 0.784314 0
v 0.0510658047 -0.056387778 -0.0574255398 0.705882 0 1
v 0.05125463 -0.0563828612 -0.0590562289 0.705882 0 1
v 0.0514016583 -0.0563687605 -0.0606911227 0.705882 0 1
v 0.0515332773 -0.0563573363 -0.0623273767 0.705882 0 1
v 0.0516307811 -0.0563380723 -0.0639659202 0.705882 0 1
v 0.0517219609 -0.0563268735 -0.0656049451 0.705882 0 1
v 0.0518096657 -0.0563235801 -0.0672442023 0 0.862745 0.862745
v 0.0432316139 -0.0579473434 -0.0320784577 0 1 0
v 0.0437279841 -0.0580973469 -0.0335892452 0 1 0
v 0.0443164593 -0.058136438 -0.0350736442 0 0.501961 1
v 0.0449137651 -0.0581293338 -0.0365550677 0 0.501961 1
v 0.045491372 -0.0581208256 -0.0380443735 0 0.501961 1
v 0.0460334241 -0.0581153526 -0.0395469207 0 0.501961 1
v 0.0465332258 -0.0581057481 -0.0410640066 0 0.501961 1
v 0.0469932301 -0.0580950469 -0.0425935991 0 0.501961 1
v 0.0474206082 -0.0580850733 -0.0441327165 1 0.784314 0
v 0.0478127083 -0.0580706156 -0.0456810605 1 0.784314 0
v 0.0481903227 -0.0580703378 -0.0472330872 1 0.784314 0
v 0.0485343535 -0.0580672898 -0.048792993 1 0.784314 0
v 0.0488556346 -0.0580637139 -0.0503576266 1 0.784314 0
v 0.0491617724 -0.0580669575 -0.0519253445 1 0.784314 0
v 0.0494252415 -0.0580624673 -0.0535008347 1 0.784314 0
v 0.0496555983 -0.0580495276 -0.055081511 1 0.784314 0
v 0.0498789306 -0.0580476956 -0.0566632766 0.705882 0 1
v 0.0500828572 -0.058046168 -0.058247586 0.705882 0 1
v 0.0502620317 -0.058043467 -0.0598349476 0.705882 0 1
v 0.0504055742 -0.0580335559 -0.0614256968 0.705882 0 1
v 0.0505362238 -0.0580304937 -0.0630176402 0.705882 0 1
v 0.0506359662 -0.0580200684 -0.0646119317 0.705882 0 1
v 0.0507327839 -0.0580172304 -0.0662064555 0 0.862745 0.862745
v 0.0417550172 -0.0592580615 -0.0320807552 0 1 0
v 0.0422086617 -0.0594376465 -0.0335595074 0 1 0
v 0.0427872021 -0.0595310947 -0.0350016606 0 0.501961 1
v 0.0433653933 -0.0595258397 -0.0364475899 0 0.501961 1
v 0.0439570226 -0.0595384438 -0.0378879634 0 0.501961 1
v 0.0445112359 -0.0595399493 -0.0393428512 0 0.501961 1
v 0.0450274958 -0.0595440001 -0.0408119649 0 0.501961 1
v 0.0455051704 -0.0595478641 -0.0422940558 0 0.501961 1
v 0.0459458333 -0.0595467497 -0.0437874755 0 0.501961 1
v 0.0463605503 -0.0595490131 -0.0452883371 0 0.501961 1
v 0.0467420768 -0.0595482031 -0.046798045 1 0.784314 0
v 0.0471052139 -0.0595584995 -0.0483121029 1 0.784314 0
v 0.0474329259 -0.0595576991 -0.0498343285 1 0.784314 0
v 0.0477395875 -0.0595598823 -0.0513609365 1 0.784314 0
v 0.0480186549 -0.0595617291 -0.0528928673 1 0.784314 0
v 0.0482815392 -0.0595708117 -0.0544275776 1 0.784314 0
v 0.048527788 -0.0595844864 -0.0559651716 1 0.784314 0
v 0.0487543874 -0.0595934073 -0.0575057443 1 0.784314 0
v 0.0489260497 -0.0595756248 -0.059052994 0.705882 0 1
v 0.0490940147 -0.059579498 -0.0606010631 0.705882 0 1
v 0.0492346493 -0.0595806381 -0.0621519002 0.705882 0 1
v 0.0493739645 -0.059593128 -0.0637025942 0.705882 0 1
v 0.0495087596 -0.0596089798 -0.0652539308 0 0.862745 0.862745
v 0.0401493449 -0.060406488 -0.032087065 0 1 0
v 0.0406028665 -0.0606181652 -0.0336796181 0 1 0
v 0.0411950184 -0.0607192893 -0.0352384435 0 0.501961 1
v 0.0418203115 -0.060734378 -0.0367879311 0 0.501961 1
v 0.0424636408 -0.0607632604 -0.0383301199 0 0.501961 1
v 0.0430650189 -0.0607719421 -0.0398892229 0 0.501961 1
v 0.0436320399 -0.0607936195 -0.0414610936 0 0.501961 1
v 0.0441448517 -0.0608050138 -0.0430517373 0 0.501961 1
v 0.0446271978 -0.0608250147 -0.0446518247 0 0.501961 1
v 0.0450595965 -0.0608239191 -0.0462662005 0 0.501961 1
v 0.0454725943 -0.0608458024 -0.0478854127 1 0.784314 0
v 0.0458447972 -0.0608534097 -0.0495146985 1 0.784314 0
v 0.0461953917 -0.0608694514 -0.0511485248 1 0.784314 0
v 0.0465146697 -0.0608839775 -0.0527888574 1 0.784314 0
v 0.0468171123 -0.060915876 -0.0544318499 1 0.784314 0
v 0.0470974436 -0.0609431578 -0.0560791703 1 0.784314 0
v 0.0473301907 -0.0609456033 -0.0577342266 1 0.784314 0
v 0.0475344999 -0.0609499629 -0.0593929714 1 0.784314 0
v 0.0477177753 -0.060960121 -0.0610540509 0.705882 0 1
v 0.0478947822 -0.0609857717 -0.0627157668 0.705882 0 1
v 0.0480676715 -0.0610277037 -0.0643775723 0 0.862745 0.862745
v 0.0384203338 -0.0613578586 -0.0320950629 0 1 0
v 0.038805252 -0.0615703014 -0.033666161 0 1 0
v 0.0393470973 -0.0616855543 -0.0352014064 0 0.501961 1
v 0.0399660857 -0.0617604398 -0.0367102467 0 0.501961 1
v 0.0405924138 -0.0617800915 -0.0382179987 0 0.501961 1
v 0.0412094612 -0.0618104583 -0.0397292773 0 0.501961 1
v 0.0417881132 -0.0618363239 -0.0412557905 0 0.501961 1
v 0.0423211021 -0.0618655726 -0.0427986706 0 0.501961 1
v 0.0428140885 -0.0618913321 -0.0443550502 0 0.501961 1
v 0.0432640888 -0.0619079533 -0.0459242838 0 0.501961 1
v 0.0436892007 -0.0619404341 -0.0475004277 0 0.501961 1
v 0.0440801399 -0.0619723325 -0.0490853629 0 0.501961 1
v 0.0444478334 -0.0620062924 -0.0506758573 1 0.784314 0
v 0.0447784558 -0.0620263459 -0.0522746497 1 0.784314 0
v 0.0450869882 -0.0620537693 -0.0538777155 1 0.784314 0
v 0.045382089 -0.062095105 -0.0554830293 1 0.784314 0
v 0.0456370689 -0.0621137991 -0.0570956552 1 0.784314 0
v 0.045861447 -0.0621258173 -0.058712907 1 0.784314 0
v 0.0460609305 -0.0621504114 -0.060333298 0.705882 0 1
v 0.0462481359 -0.0621848022 -0.0619550252 0.705882 0 1
v 0.0464219405 -0.0622206825 -0.0635782003 0 0.862745 0.862745
v 0.0365859344 -0.0620886765 -0.0321013627 0 1 0
v 0.0369078212 -0.0623017871 -0.0336535252 0 1 0
v 0.037405675 -0.0624450299 -0.0351661823 0 0.501961 1
v 0.0379955806 -0.0625557461 -0.0366482821 0 0.501961 1
v 0.0386206045 -0.0626178911 -0.0381190238 0 0.501961 1
v 0.0392444346 -0.062666233 -0.0395910329 0 0.501961 1
v 0.0398352649 -0.0626925753 -0.041077113 0 0.501961 1
v 0.0403893639 -0.0627435624 -0.0425765997 0 0.501961 1
v 0.0408925764 -0.0627752363 -0.0440944672 0 0.501961 1
v 0.041360723 -0.0628154315 -0.0456231742 0 0.501961 1
v 0.0417977471 -0.0628571101 -0.0471611666 0 0.501961 1
v 0.0422001855 -0.0628931268 -0.0487086531 0 0.501961 1
v 0.0425778437 -0.0629361586 -0.0502622164 1 0.784314 0
v 0.0429198241 -0.0629636749 -0.0518244178 1 0.784314 0
v 0.0432394687 -0.0630000698 -0.0533911754 1 0.784314 0
v 0.0435368032 -0.0630378908 -0.0549623117 1 0.784314 0
v 0.0438102 -0.063073941 -0.0565377881 1 0.784314 0
v 0.0440513208 -0.0631024786 -0.0581187201 1 0.784314 0
v 0.0442658291 -0.0631313228 -0.0597034906 0.705882 0 1
v 0.0444556031 -0.0631605795 -0.0612914102 0.705882 0 1
v 0.0446338414 -0.0631970127 -0.0628805084 0 0.862745 0.862745
v 0.0346911954 -0.0626494048 -0.0321042024 0 1 0
v 0.0349724561 -0.0628698169 -0.0336350211 0 1 0
v 0.0354206073 -0.063040181 -0.0351307114 0 0.501961 1
v 0.0359629125 -0.0631760504 -0.0365993419 0 0.501961 1
v 0.0365699892 -0.063272129 -0.0380460806 0 0.501961 1
v 0.0371984784 -0.0633446318 -0.0394850681 0 0.501961 1
v 0.0378025735 -0.0633953858 -0.0409353862 0 0.501961 1
v 0.0383729649 -0.0634505471 -0.0423990803 0 0.501961 1
v 0.0388991018 -0.0635071176 -0.0438790825 0 0.501961 1
v 0.0393796723 -0.0635506294 -0.0453750171 0 0.501961 1
v 0.0398252978 -0.0635955114 -0.0468816381 0 0.501961 1
v 0.0402411434 -0.0636436981 -0.0483966377 0 0.501961 1
v 0.040630253 -0.0636944254 -0.0499187811 1 0.784314 0
v 0.0409861513 -0.0637343064 -0.051449353 1 0.784314 0
v 0.0413150261 -0.0637780963 -0.0529858521 1 0.784314 0
v 0.0416201355 -0.0638219429 -0.0545272838 1 0.784314 0
v 0.0419008356 -0.0638583234 -0.0560735448 1 0.784314 0
v 0.0421542744 -0.063892795 -0.0576245499 1 0.784314 0
v 0.042383513 -0.063933357 -0.059179161 0.705882 0 1
v 0.0425854532 -0.0639753044 -0.0607375023 0.705882 0 1
v 0.0427688551 -0.0640123915 -0.0622983049 0 0.862745 0.862745
v 0.0327662519 -0.0630965294 -0.0321041438 0 1 0
v 0.0330051984 -0.0633208091 -0.0336189331 0 1 0
v 0.0334063308 -0.0635081914 -0.0351030676 0 0.501961 1
v 0.0339154855 -0.0636597826 -0.0365583896 0 0.501961 1
v 0.0344896221 -0.0637785054 -0.0379926306 0 0.501961 1
v 0.0351009311 -0.0638714255 -0.0394137334 0 0.501961 1
v 0.0357172375 -0.0639489308 -0.040833573 0 0.501961 1
v 0.0363065755 -0.0640144724 -0.0422654424 0 0.501961 1
v 0.0368504667 -0.0640788991 -0.0437152069 0 0.501961 1
v 0.0373505909 -0.0641407551 -0.0451807582 0 0.501961 1
v 0.0378097992 -0.0641936036 -0.0466600391 0 0.501961 1
v 0.0382381339 -0.0642558633 -0.048148187 0 0.501961 1
v 0.0386321876 -0.0643082082 -0.0496461395 1 0.784314 0
v 0.0390042505 -0.0643638693 -0.0511495615 1 0.784314 0
v 0.0393456383 -0.0644131758 -0.0526605288 1 0.784314 0
v 0.0396574529 -0.0644633967 -0.0541778535 1 0.784314 0
v 0.0399463183 -0.0645084133 -0.0556998794 1 0.784314 0
v 0.0402086819 -0.064549492 -0.0572267386 1 0.784314 0
v 0.0404469988 -0.0645963793 -0.0587573847 0.705882 0 1
v 0.040663294 -0.0646481667 -0.060291158 0.705882 0 1
v 0.0408562581 -0.0646967623 -0.0618281905 0 0.862745 0.862745
v 0.0308230672 -0.0634559417 -0.0321023142 0 1 0
v 0.0310255034 -0.0636849451 -0.0336040493 0 1 0
v 0.0313840796 -0.0638854824 -0.0350797959 0 1 0
v 0.0318515423 -0.0640583123 -0.0365286877 0 1 0
v 0.0323974395 -0.0641950109 -0.0379539148 0 0.501961 1
v 0.0329895049 -0.0643081391 -0.0393627708 0 0.501961 1
v 0.0336018734 -0.0644015579 -0.040764545 0 0.501961 1
v 0.0342022509 -0.0644854439 -0.0421720071 0 0.501961 1
v 0.034771059 -0.0645582397 -0.0435930386 0 0.501961 1
v 0.0352911072 -0.0646289096 -0.0450328671 0 0.501961 1
v 0.0357679021 -0.0646998705 -0.0464875896 0 0.501961 1
v 0.0362077664 -0.064767072 -0.047954044 0 0.501961 1
v 0.0366157499 -0.0648315965 -0.0494297796 0 0.501961 1
v 0.0369942527 -0.064890793 -0.0509136043 0 0.501961 1
v 0.0373460487 -0.0649487214 -0.0524040678 1 0.784314 0
v 0.0376704653 -0.0650002442 -0.0539010093 1 0.784314 0
v 0.037962612 -0.0650517629 -0.0554045713 1 0.784314 0
v 0.038234812 -0.065102878 -0.0569118355 1 0.784314 0
v 0.0384852351 -0.0651517209 -0.0584229258 0.705882 0 1
v 0.0387085932 -0.0652036713 -0.0599381878 0.705882 0 1
v 0.0389101208 -0.0652667302 -0.0614561247 0 0.862745 0.862745
v 0.0288680307 -0.0637442052 -0.0321013483 0 1 0
v 0.0290702137 -0.0640060477 -0.0337555978 0 1 0
v 0.0294513825 -0.0642401145 -0.0353822916 0 1 0
v 0.0299595497 -0.0644397935 -0.0369784807 0 1 0
v 0.0305557332 -0.0646079057 -0.0385476568 0 0.501961 1
v 0.0312068006 -0.0647405179 -0.0400986255 0 0.501961 1
v 0.0318824829 -0.0648489979 -0.0416410586 0 0.501961 1
v 0.0325400934 -0.0649488023 -0.0431917294 0 0.501961 1
v 0.0331525992 -0.0650367785 -0.0447613197 0 0.501961 1
v 0.0337062851 -0.0651235373 -0.0463528111 0 0.501961 1
v 0.0342087321 -0.0652127636 -0.0479611299 0 0.501961 1
v 0.0346675913 -0.0652922617 -0.0495828974 0 0.501961 1
v 0.0350924686 -0.0653641532 -0.0512142582 1 0.784314 0
v 0.0354821416 -0.0654307413 -0.0528546695 1 0.784314 0
v 0.0358329571 -0.0654954793 -0.0545038737 1 0.784314 0
v 0.0361558489 -0.0655560566 -0.0561589204 1 0.784314 0
v 0.0364511379 -0.0656136853 -0.0578192803 1 0.784314 0
v 0.0367134269 -0.0656714518 -0.0594851828 1 0.784314 0
v 0.0369446138 -0.0657413979 -0.0611552358 0.705882 0 1
v 0.0269058194 -0.0639791741 -0.0321023874 0 1 0
v 0.0270836863 -0.0642506559 -0.0337443969 0 1 0
v 0.0274273126 -0.0644933228 -0.0353645744 0 1 0
v 0.0278951845 -0.0647104361 -0.0369570689 0 1 0
v 0.0284583972 -0.0649001111 -0.038521879 0 0.501961 1
v 0.0290845031 -0.0650568912 -0.0400662131 0 0.501961 1
v 0.0297498611 -0.0651822686 -0.0415971913 0 0.501961 1
v 0.0304182415 -0.0652920077 -0.0431281653 0 0.501961 1
v 0.0310487574 -0.0653950152 -0.0446754076 0 0.501961 1
v 0.0316262994 -0.0654898638 -0.0462436042 0 0.501961 1
v 0.0321493843 -0.0655837752 -0.0478309735 0 0.501961 1
v 0.032626069 -0.0656727681 -0.0494332753 0 0.501961 1
v 0.033059822 -0.0657545246 -0.0510480824 1 0.784314 0
v 0.0334590257 -0.0658294501 -0.0526721127 1 0.784314 0
v 0.0338243857 -0.0659032302 -0.054304161 1 0.784314 0
v 0.0341572139 -0.0659738409 -0.055943328 1 0.784314 0
v 0.0344584146 -0.0660295315 -0.0575891651 1 0.784314 0
v 0.0347270833 -0.0660905896 -0.0592404528 1 0.784314 0
v 0.0349670523 -0.0661567689 -0.0608959719 0.705882 0 1
v 0.0249392781 -0.0641750715 -0.0321036183 0 1 0
v 0.0250951859 -0.0644498327 -0.0337311061 0 1 0
v 0.0254076038 -0.064703558 -0.0353393291 0 1 0
v 0.025834244 -0.0649334956 -0.0369248225 0 1 0
v 0.0263550097 -0.0651362848 -0.0384857954 0 0.501961 1
v 0.0269493267 -0.0653140869 -0.0400233928 0 0.501961 1
v 0.0275955142 -0.0654613417 -0.0415432116 0 0.501961 1
v 0.0282693163 -0.0655828964 -0.0430532892 0 0.501961 1
v 0.0289234661 -0.0656972038 -0.0445725444 0 0.501961 1
v 0.0295223419 -0.0658044227 -0.0461149126 0 0.501961 1
v 0.0300625762 -0.0659036198 -0.0476792619 0 0.501961 1
v 0.0305532633 -0.0659994334 -0.0492600523 0 0.501961 1
v 0.0310029921 -0.0660897987 -0.0508533404 1 0.784314 0
v 0.0314140554 -0.0661742952 -0.0524573763 1 0.784314 0
v 0.0317895349 -0.0662531541 -0.0540703781 1 0.784314 0
v 0.0321302737 -0.0663296499 -0.0556911852 1 0.784314 0
v 0.0324415923 -0.0663969838 -0.0573183153 1 0.784314 0
v 0.0327211379 -0.0664646784 -0.0589511809 1 0.784314 0
v 0.032968298 -0.0665277938 -0.0605894544 0.705882 0 1
v 0.0229701987 -0.0643438289 -0.0321045554 0 1 0
v 0.0231054218 -0.0646185718 -0.0336988721 0 1 0
v 0.0233822886 -0.064874031 -0.0352780093 0 1 0
v 0.0237685698 -0.0651107481 -0.0368369248 0 1 0
v 0.0242462641 -0.0653216353 -0.0383739337 0 0.501961 1
v 0.024798636 -0.0655037835 -0.0398893838 0 0.501961 1
v 0.0254039454 -0.0656678382 -0.0413866676 0 0.501961 1
v 0.0260481023 -0.0658100576 -0.0428700503 0 0.501961 1
v 0.0267034535 -0.0659352289 -0.0443500865 0 0.501961 1
v 0.0273253937 -0.0660556126 -0.0458446621 0 0.501961 1
v 0.0278960557 -0.0661640349 -0.0473605961 0 0.501961 1
v 0.0284063618 -0.0662704886 -0.0488981312 0 0.501961 1
v 0.0288695564 -0.0663678084 -0.0504510439 1 0.784314 0
v 0.0292949793 -0.0664586652 -0.0520151494 1 0.784314 0
v 0.0296831819 -0.0665456923 -0.0535891368 1 0.784314 0
v 0.0300363581 -0.0666284356 -0.0551715818 1 0.784314 0
v 0.0303569412 -0.0667061128 -0.0567611676 1 0.784314 0
v 0.0306499725 -0.0667809488 -0.0583562285 1 0.784314 0
v 0.0309126418 -0.0668517677 -0.0599567486 0.705882 0 1
v 0.0209994521 -0.0644919517 -0.0321056023 0 1 0
v 0.0211163632 -0.06475637 -0.0336298194 0 1 0
v 0.021353847 -0.0650067327 -0.0351420894 0 1 0
v 0.0216865172 -0.0652430604 -0.0366385906 0 1 0
v 0.0221019984 -0.0654553161 -0.0381179515 0 0.501961 1
v 0.0225874714 -0.0656453654 -0.0395789473 0 0.501961 1
v 0.0231366592 -0.0658125188 -0.0410200714 0 0.501961 1
v 0.0237267029 -0.0659652007 -0.0424465725 0 0.501961 1
v 0.0243459763 -0.0661014884 -0.0438624272 0 0.501961 1
v 0.0249711005 -0.0662239548 -0.0452769659 0 0.501961 1
v 0.0255627189 -0.0663423049 -0.0467060352 0 0.501961 1
v 0.0261000303 -0.0664545375 -0.0481568963 0 0.501961 1
v 0.0265833889 -0.0665661916 -0.0496266267 1 0.784314 0
v 0.0270228874 -0.066665426 -0.0511110421 1 0.784314 0
v 0.0274283216 -0.0667583154 -0.0526055864 1 0.784314 0
v 0.0277968339 -0.0668473844 -0.0541098873 1 0.784314 0
v 0.0281330412 -0.0669345696 -0.0556218211 1 0.784314 0
v 0.028441459 -0.0670192103 -0.0571398426 1 0.784314 0
v 0.0287262954 -0.0670995514 -0.058662706 0.705882 0 1
v 0.0190272803 -0.064619719 -0.0321067239 0 1 0
v 0.0191417445 -0.0649001332 -0.0337261528 0 1 0
v 0.0193868547 -0.065167036 -0.0353332929 0 1 0
v 0.0197290021 -0.065421699 -0.0369244187 0 1 0
v 0.0201633716 -0.0656483717 -0.0384972164 0 0.501961 1
v 0.0206714549 -0.0658512192 -0.0400511518 0 0.501961 1
v 0.02124456 -0.0660375989 -0.0415844774 0 0.501961 1
v 0.0218701925 -0.0662041234 -0.043099407 0 0.501961 1
v 0.0225292723 -0.0663520964 -0.0446020687 0 0.501961 1
v 0.0231936789 -0.0664808145 -0.0461041612 0 0.501961 1
v 0.0238174659 -0.0666048015 -0.0476238511 0 0.501961 1
v 0.0243693627 -0.0667291973 -0.0491709314 0 0.501961 1
v 0.0248679866 -0.0668510893 -0.0507361125 1 0.784314 0
v 0.0253224911 -0.0669642059 -0.0523154488 1 0.784314 0
v 0.0257341319 -0.0670677074 -0.0539072591 1 0.784314 0
v 0.026107118 -0.067167878 -0.0555088009 1 0.784314 0
v 0.0264438779 -0.0672675206 -0.0571184064 0.705882 0 1
v 0.0170538658 -0.064726746 -0.0321075965 0 1 0
v 0.0171495573 -0.0649860306 -0.0336082395 0 1 0
v 0.017350194 -0.0652370435 -0.0350996492 0 1 0
v 0.0176314375 -0.0654772757 -0.036579677 0 1 0
v 0.0179896028 -0.0656995443 -0.0380459562 0 1 0
v 0.0184158002 -0.0659027103 -0.0394967921 0 1 0
v 0.0189039205 -0.0660874193 -0.0409304868 0 0.501961 1
v 0.0194399577 -0.0662592054 -0.042348506 0 0.501961 1
v 0.020016772 -0.0664155877 -0.0437523212 0 0.501961 1
v 0.0206238902 -0.0665547922 -0.0451452266 0 0.501961 1
v 0.0212420329 -0.0666811614 -0.0465345167 0 0.501961 1
v 0.0218339596 -0.0667977217 -0.0479360703 0 0.501961 1
v 0.0223606428 -0.0669165387 -0.049363169 0 0.501961 1
v 0.0228364287 -0.0670342417 -0.0508078816 0 0.501961 1
v 0.0232708506 -0.0671475005 -0.0522660367 1 0.784314 0
v 0.0236642208 -0.0672537183 -0.0537363863 1 0.784314 0
v 0.0240284221 -0.0673538248 -0.055214698 0.705882 0 1
l 1 2
l 2 3
l 3 4
l 4 5
l 5 6
l 6 7
l 7 8
l 8 9
l 9 10
l 10 11
l 11 12
l 12 13
l 13 14
l 14 15
l 15 16
l 16 17
l 18 19
l 19 20
l 20 21
l 21 22
l 22 23
l 23 24
l 24 25
l 25 26
l 26 27
l 27 28
l 28 29
l 29 30
l 30 31
l 31 32
l 32 33
l 33 34
l 35 36
l 36 37
l 37 38
l 38 39
l 39 40
l 40 41
l 41 42
l 42 43
l 43 44
l 44 45
l 45 46
l 46 47
l 47 48
l 48 49
l 49 50
l 50 51
l 52 53
l 53 54
l 54 55
l 55 56
l 56 57
l 57 58
l 58 59
l 59 60
l 60 61
l 61 62
l 62 63
l 63 64
l 64 65
l 65 66
l 66 67
l 67 68
l 68 69
l 69 70
l 71 72
l 72 73
l 73 74
l 74 75
l 75 76
l 76 77
l 77 78
l 78 79
l 79 80
l 80 81
l 81 82
l 82 83
l 83 84
l 84 85
l 85 86
l 86 87
l 87 88
l 88 89
l 90 91
l 91 92
l 92 93
l 93 94
l 94 95
l 95 96
l 96 97
l 97 98
l 98 99
l 99 100
l 100 101
l 101 102
l 102 103
l 103 104
l 104 105
l 105 106
l 106 107
l 107 108
l 109 110
l 110 111
l 111 112
l 112 113
l 113 114
l 114 115
l 115 116
l 116 117
l 117 118
l 118 119
l 119 120
l 120 121
l 121 122
l 122 123
l 123 124
l 124 125
l 125 126
l 126 127
l 128 129
l 129 130
l 130 131
l 131 132
l 132 133
l 133 134
l 134 135
l 135 136
l 136 137
l 137 138
l 138 139
l 139 140
l 140 141
l 141 142
l 142 143
l 143 144
l 144 145
l 145 146
l 147 148
l 148 149
l 149 150
l 150 151
l 151 152
l 152 153
l 153 154
l 154 155
l 155 156
l 156 157
l 157 158
l 158 159
l 159 160
l 160 161
l 161 162
l 162 163
l 163 164
l 164 165
l 165 166
l 166 167
l 168 169
l 169 170
l 170 171
l 171 172
l 172 173
l 173 174
l 174 175
l 175 176
l 176 177
l 177 178
l 178 179
l 179 180
l 180 181
l 181 182
l 182 183
l 183 184
l 184 185
l 185 186
l 186 187
l 187 188
l 189 190
l 190 191
l 191 192
l 192 193
l 193 194
l 194 195
l 195 196
l 196 197
l 197 198
l 198 199
l 199 200
l 200 201
l 201 202
l 202 203
l 203 204
l 204 205
l 205 206
l 206 207
l 207 208
l 208 209
l 210 211
l 211 212
l 212 213
l 213 214
l 214 215
l 215 216
l 216 217
l 217 218
l 218 219
l 219 220
l 220 221
l 221 222
l 222 223
l 223 224
l 224 225
l 225 226
l 226 227
l 227 228
l 228 229
l 229 230
l 231 232
l 232 233
l 233 234
l 234 235
l 235 236
l 236 237
l 237 238
l 238 239
l 239 240
l 240 241
l 241 242
l 242 243
l 243 244
l 244 245
l 245 246
l 246 247
l 247 248
l 248 249
l 249 250
l 250 251
l 252 253
l 253 254
l 254 255
l 255 256
l 256 257
l 257 258
l 258 259
l 259 260
l 260 261
l 261 262
l 262 263
l 263 264
l 264 265
l 265 266
l 266 267
l 267 268
l 268 269
l 269 270
l 270 271
l 271 272
l 273 274
l 274 275
l 275 276
l 276 277
l 277 278
l 278 279
l 279 280
l 280 281
l 281 282
l 282 283
l 283 284
l 284 285
l 285 286
l 286 287
l 287 288
l 288 289
l 289 290
l 290 291
l 291 292
l 292 293
l 293 294
l 294 295
l 296 297
l 297 298
l 298 299
l 299 300
l 300 301
l 301 302
l 302 303
l 303 304
l 304 305
l 305 306
l 306 307
l 307 308
l 308 309
l 309 310
l 310 311
l 311 312
l 312 313
l 313 314
l 314 315
l 315 316
l 316 317
l 317 318
l 319 320
l 320 321
l 321 322
l 322 323
l 323 324
l 324 325
l 325 326
l 326 327
l 327 328
l 328 329
l 329 330
l 330 331
l 331 332
l 332 333
l 333 334
l 334 335
l 335 336
l 336 337
l 337 338
l 338 339
l 339 340
l 340 341
l 342 343
l 343 344
l 344 345
l 345 346
l 346 347
l 347 348
l 348 349
l 349 350
l 350 351
l 351 352
l 352 353
l 353 354
l 354 355
l 355 356
l 356 357
l 357 358
l 358 359
l 359 360
l 360 361
l 361 362
l 362 363
l 363 364
l 364 365
l 365 366
l 367 368
l 368 369
l 369 370
l 370 371
l 371 372
l 372 373
l 373 374
l 374 375
l 375 376
l 376 377
l 377 378
l 378 379
l 379 380
l 380 381
l 381 382
l 382 383
l 383 384
l 384 385
l 385 386
l 386 387
l 387 388
l 388 389
l 389 390
l 390 391
l 392 393
l 393 394
l 394 395
l 395 396
l 396 397
l 397 398
l 398 399
l 399 400
l 400 401
l 401 402
l 402 403
l 403 404
l 404 405
l 405 406
l 406 407
l 407 408
l 408 409
l 409 410
l 410 411
l 411 412
l 412 413
l 413 414
l 414 415
l 415 416
l 417 418
l 418 419
l 419 420
l 420 421
l 421 422
l 422 423
l 423 424
l 424 425
l 425 426
l 426 427
l 427 428
l 428 429
l 429 430
l 430 431
l 431 432
l 432 433
l 433 434
l 434 435
l 435 436
l 436 437
l 437 438
l 438 439
l 439 440
l 440 441
l 441 442
l 442 443
l 444 445
l 445 446
l 446 447
l 447 448
l 448 449
l 449 450
l 450 451
l 451 452
l 452 453
l 453 454
l 454 455
l 455 456
l 456 457
l 457 458
l 458 459
l 459 460
l 460 461
l 461 462
l 462 463
l 463 464
l 464 465
l 465 466
l 466 467
l 467 468
l 468 469
l 469 470
l 471 472
l 472 473
l 473 474
l 474 475
l 475 476
l 476 477
l 477 478
l 478 479
l 479 480
l 480 481
l 481 482
l 482 483
l 483 484
l 484 485
l 485 486
l 486 487
l 487 488
l 488 489
l 489 490
l 490 491
l 491 492
l 492 493
l 493 494
l 494 495
l 495 496
l 496 497
l 497 498
l 498 499
l 500 501
l 501 502
l 502 503
l 503 504
l 504 505
l 505 506
l 506 507
l 507 508
l 508 509
l 509 510
l 510 511
l 511 512
l 512 513
l 513 514
l 514 515
l 515 516
l 516 517
l 517 518
l 518 519
l 519 520
l 520 521
l 521 522
l 522 523
l 523 524
l 524 525
l 525 526
l 526 527
l 527 528
l 529 530
l 530 531
l 531 532
l 532 533
l 533 534
l 534 535
l 535 536
l 536 537
l 537 538
l 538 539
l 539 540
l 540 541
l 541 542
l 542 543
l 543 544
l 544 545
l 545 546
l 546 547
l 547 548
l 548 549
l 549 550
l 550 551
l 551 552
l 552 553
l 553 554
l 554 555
l 555 556
l 556 557
l 558 559
l 559 560
l 560 561
l 561 562
l 562 563
l 563 564
l 564 565
l 565 566
l 566 567
l 567 568
l 568 569
l 569 570
l 570 571
l 571 572
l 572 573
l 573 574
l 574 575
l 575 576
l 576 577
l 577 578
l 578 579
l 579 580
l 580 581
l 581 582
l 582 583
l 583 584
l 584 585
l 585 586
l 586 587
l 587 588
l 589 590
l 590 591
l 591 592
l 592 593
l 593 594
l 594 595
l 595 596
l 596 597
l 597 598
l 598 599
l 599 600
l 600 601
l 601 602
l 602 603
l 603 604
l 604 605
l 605 606
l 606 607
l 607 608
l 608 609
l 609 610
l 610 611
l 611 612
l 612 613
l 613 614
l 614 615
l 615 616
l 616 617
l 617 618
l 618 619
l 620 621
l 621 622
l 622 623
l 623 624
l 624 625
l 625 626
l 626 627
l 627 628
l 628 629
l 629 630
l 630 631
l 631 632
l 632 633
l 633 634
l 634 635
l 635 636
l 636 637
l 637 638
l 638 639
l 639 640
l 640 641
l 641 642
l 642 643
l 643 644
l 644 645
l 645 646
l 646 647
l 647 648
l 648 649
l 649 650
l 650 651
l 651 652
l 653 654
l 654 655
l 655 656
l 656 657
l 657 658
l 658 659
l 659 660
l 660 661
l 661 662
l 662 663
l 663 664
l 664 665
l 665 666
l 666 667
l 667 668
l 668 669
l 669 670
l 670 671
l 671 672
l 672 673
l 673 674
l 674 675
l 675 676
l 676 677
l 677 678
l 678 679
l 679 680
l 680 681
l 681 682
l 682 683
l 683 684
l 684 685
l 685 686
l 686 687
l 688 689
l 689 690
l 690 691
l 691 692
l 692 693
l 693 694
l 694 695
l 695 696
l 696 697
l 697 698
l 698 699
l 699 700
l 700 701
l 701 702
l 702 703
l 703 704
l 704 705
l 705 706
l 706 707
l 707 708
l 708 709
l 709 710
l 710 711
l 711 712
l 712 713
l 713 714
l 714 715
l 715 716
l 716 717
l 717 718
l 718 719
l 719 720
l 720 721
l 721 722
l 722 723
l 723 724
l 725 726
l 726 727
l 727 728
l 728 729
l 729 730
l 730 731
l 731 732
l 732 733
l 733 734
l 734 735
l 735 736
l 736 737
l 737 738
l 738 739
l 739 740
l 740 741
l 741 742
l 742 743
l 743 744
l 744 745
l 745 746
l 746 747
l 747 748
l 748 749
l 749 750
l 750 751
l 751 752
l 752 753
l 753 754
l 754 755
l 755 756
l 756 757
l 757 758
l 758 759
l 759 760
l 760 761
l 761 762
l 762 763
l 763 764
l 764 765
l 766 767
l 767 768
l 768 769
l 769 770
l 770 771
l 771 772
l 772 773
l 773 774
l 774 775
l 775 776
l 776 777
l 777 778
l 778 779
l 779 780
l 780 781
l 781 782
l 782 783
l 783 784
l 784 785
l 785 786
l 786 787
l 787 788
l 788 789
l 789 790
l 790 791
l 791 792
l 792 793
l 793 794
l 794 795
l 795 796
l 796 797
l 797 798
l 798 799
l 799 800
l 800 801
l 801 802
l 802 803
l 803 804
l 804 805
l 805 806
l 806 807
l 807 808
l 808 809
l 809 810
l 811 812
l 812 813
l 813 814
l 814 815
l 815 816
l 816 817
l 817 818
l 818 819
l 819 820
l 820 821
l 821 822
l 822 823
l 823 824
l 824 825
l 825 826
l 826 827
l 827 828
l 828 829
l 829 830
l 830 831
l 831 832
l 832 833
l 833 834
l 834 835
l 835 836
l 836 837
l 837 838
l 838 839
l 839 840
l 840 841
l 841 842
l 842 843
l 843 844
l 844 845
l 845 846
l 846 847
l 847 848
l 848 849
l 849 850
l 850 851
l 851 852
l 852 853
l 853 854
l 854 855
l 855 856
l 856 857
l 858 859
l 859 860
l 860 861
l 861 862
l 862 863
l 863 864
l 864 865
l 865 866
l 866 867
l 867 868
l 868 869
l 869 870
l 870 871
l 871 872
l 872 873
l 873 874
l 874 875
l 875 876
l 876 877
l 877 878
l 878 879
l 879 880
l 880 881
l 881 882
l 882 883
l 883 884
l 884 885
l 885 886
l 886 887
l 887 888
l 888 889
l 889 890
l 890 891
l 891 892
l 892 893
l 893 894
l 894 895
l 895 896
l 896 897
l 897 898
l 898 899
l 899 900
l 900 901
l 901 902
l 902 903
l 903 904
l 904 905
l 905 906
l 906 907
l 907 908
l 909 910
l 910 911
l 911 912
l 912 913
l 913 914
l 914 915
l 915 916
l 916 917
l 917 918
l 918 919
l 919 920
l 920 921
l 921 922
l 922 923
l 923 924
l 924 925
l 925 926
l 926 927
l 927 928
l 928 929
l 929 930
l 930 931
l 931 932
l 932 933
l 933 934
l 934 935
l 935 936
l 936 937
l 937 938
l 938 939
l 939 940
l 940 941
l 941 942
l 942 943
l 943 944
l 944 945
l 945 946
l 946 947
l 947 948
l 948 949
l 949 950
l 950 951
l 951 952
l 952 953
l 953 954
l 954 955
l 955 956
l 956 957
l 957 958
l 958 959
l 959 960
l 960 961
l 962 963
l 963 964
l 964 965
l 965 966
l 966 967
l 967 968
l 968 969
l 969 970
l 970 971
l 971 972
l 972 973
l 973 974
l 974 975
l 975 976
l 976 977
l 977 978
l 978 979
l 979 980
l 980 981
l 981 982
l 982 983
l 983 984
l 984 985
l 985 986
l 986 987
l 987 988
l 988 989
l 989 990
l 990 991
l 991 992
l 992 993
l 993 994
l 994 995
l 995 996
l 996 997
l 997 998
l 998 999
l 999 1000
l 1000 1001
l 1001 1002
l 1002 1003
l 1003 1004
l 1004 1005
l 1005 1006
l 1006 1007
l 1007 1008
l 1008 1009
l 1009 1010
l 1010 1011
l 1011 1012
l 1012 1013
l 1013 1014
l 1014 1015
l 1015 1016
l 1017 1018
l 1018 1019
l 1019 1020
l 1020 1021
l 1021 1022
l 1022 1023
l 1023 1024
l 1024 1025
l 1025 1026
l 1026 1027
l 1027 1028
l 1028 1029
l 1029 1030
l 1030 1031
l 1031 1032
l 1032 1033
l 1033 1034
l 1034 1035
l 1035 1036
l 1036 1037
l 1037 1038
l 1038 1039
l 1039 1040
l 1040 1041
l 1041 1042
l 1042 1043
l 1043 1044
l 1044 1045
l 1045 1046
l 1046 1047
l 1047 1048
l 1048 1049
l 1049 1050
l 1050 1051
l 1051 1052
l 1052 1053
l 1053 1054
l 1054 1055
l 1055 1056
l 1056 1057
l 1057 1058
l 1058 1059
l 1059 1060
l 1060 1061
l 1061 1062
l 1062 1063
l 1063 1064
l 1064 1065
l 1065 1066
l 1066 1067
l 1067 1068
l 1068 1069
l 1069 1070
l 1070 1071
l 1072 1073
l 1073 1074
l 1074 1075
l 1075 1076
l 1076 1077
l 1077 1078
l 1078 1079
l 1079 1080
l 1080 1081
l 1081 1082
l 1082 1083
l 1083 1084
l 1084 1085
l 1085 1086
l 1086 1087
l 1087 1088
l 1088 1089
l 1089 1090
l 1090 1091
l 1091 1092
l 1092 1093
l 1093 1094
l 1094 1095
l 1095 1096
l 1096 1097
l 1097 1098
l 1098 1099
l 1099 1100
l 1100 1101
l 1101 1102
l 1102 1103
l 1103 1104
l 1104 1105
l 1105 1106
l 1106 1107
l 1107 1108
l 1108 1109
l 1109 1110
l 1110 1111
l 1111 1112
l 1112 1113
l 1113 1114
l 1114 1115
l 1115 1116
l 1116 1117
l 1117 1118
l 1118 1119
l 1119 1120
l 1120 1121
l 1121 1122
l 1122 1123
l 1123 1124
l 1124 1125
l 1125 1126
l 1126 1127
l 1127 1128
l 1129 1130
l 1130 1131
l 1131 1132
l 1132 1133
l 1133 1134
l 1134 1135
l 1135 1136
l 1136 1137
l 1137 1138
l 1138 1139
l 1139 1140
l 1140 1141
l 1141 1142
l 1142 1143
l 1143 1144
l 1144 1145
l 1145 1146
l 1146 1147
l 1147 1148
l 1148 1149
l 1149 1150
l 1150 1151
l 1151 1152
l 1152 1153
l 1153 1154
l 1154 1155
l 1155 1156
l 1156 1157
l 1157 1158
l 1158 1159
l 1159 1160
l 1160 1161
l 1161 1162
l 1162 1163
l 1163 1164
l 1164 1165
l 1165 1166
l 1166 1167
l 1167 1168
l 1168 1169
l 1169 1170
l 1170 1171
l 1171 1172
l 1172 1173
l 1173 1174
l 1174 1175
l 1175 1176
l 1176 1177
l 1177 1178
l 1178 1179
l 1179 1180
l 1180 1181
l 1181 1182
l 1182 1183
l 1183 1184
l 1184 1185
l 1186 1187
l 1187 1188
l 1188 1189
l 1189 1190
l 1190 1191
l 1191 1192
l 1192 1193
l 1193 1194
l 1194 1195
l 1195 1196
l 1196 1197
l 1197 1198
l 1198 1199
l 1199 1200
l 1200 1201
l 1201 1202
l 1202 1203
l 1203 1204
l 1204 1205
l 1205 1206
l 1206 1207
l 1207 1208
l 1208 1209
l 1209 1210
l 1210 1211
l 1211 1212
l 1212 1213
l 1213 1214
l 1214 1215
l 1215 1216
l 1216 1217
l 1217 1218
l 1218 1219
l 1219 1220
l 1220 1221
l 1221 1222
l 1222 1223
l 1223 1224
l 1224 1225
l 1225 1226
l 1226 1227
l 1227 1228
l 1228 1229
l 1229 1230
l 1230 1231
l 1231 1232
l 1232 1233
l 1233 1234
l 1234 1235
l 1235 1236
l 1236 1237
l 1237 1238
l 1238 1239
l 1239 1240
l 1240 1241
l 1241 1242
l 1243 1244
l 1244 1245
l 1245 1246
l 1246 1247
l 1247 1248
l 1248 1249
l 1249 1250
l 1250 1251
l 1251 1252
l 1252 1253
l 1253 1254
l 1254 1255
l 1255 1256
l 1256 1257
l 1257 1258
l 1258 1259
l 1259 1260
l 1260 1261
l 1261 1262
l 1262 1263
l 1263 1264
l 1264 1265
l 1265 1266
l 1266 1267
l 1267 1268
l 1268 1269
l 1269 1270
l 1270 1271
l 1271 1272
l 1272 1273
l 1273 1274
l 1274 1275
l 1275 1276
l 1276 1277
l 1277 1278
l 1278 1279
l 1279 1280
l 1280 1281
l 1281 1282
l 1282 1283
l 1283 1284
l 1284 1285
l 1285 1286
l 1286 1287
l 1287 1288
l 1288 1289
l 1289 1290
l 1290 1291
l 1291 1292
l 1292 1293
l 1293 1294
l 1294 1295
l 1295 1296
l 1296 1297
l 1297 1298
l 1298 1299
l 1300 1301
l 1301 1302
l 1302 1303
l 1303 1304
l 1304 1305
l 1305 1306
l 1306 1307
l 1307 1308
l 1308 1309
l 1309 1310
l 1310 1311
l 1311 1312
l 1312 1313
l 1313 1314
l 1314 1315
l 1315 1316
l 1316 1317
l 1317 1318
l 1318 1319
l 1319 1320
l 1320 1321
l 1321 1322
l 1322 1323
l 1323 1324
l 1324 1325
l 1325 1326
l 1326 1327
l 1327 1328
l 1328 1329
l 1329 1330
l 1330 1331
l 1331 1332
l 1332 1333
l 1333 1334
l 1334 1335
l 1335 1336
l 1336 1337
l 1337 1338
l 1338 1339
l 1339 1340
l 1340 1341
l 1341 1342
l 1342 1343
l 1343 1344
l 1344 1345
l 1345 1346
l 1346 1347
l 1347 1348
l 1348 1349
l 1349 1350
l 1350 1351
l 1351 1352
l 1352 1353
l 1353 1354
l 1354 1355
l 1355 1356
l 1357 1358
l 1358 1359
l 1359 1360
l 1360 1361
l 1361 1362
l 1362 1363
l 1363 1364
l 1364 1365
l 1365 1366
l 1366 1367
l 1367 1368
l 1368 1369
l 1369 1370
l 1370 1371
l 1371 1372
l 1372 1373
l 1373 1374
l 1374 1375
l 1375 1376
l 1376 1377
l 1377 1378
l 1378 1379
l 1379 1380
l 1380 1381
l 1381 1382
l 1382 1383
l 1383 1384
l 1384 1385
l 1385 1386
l 1386 1387
l 1387 1388
l 1388 1389
l 1389 1390
l 1390 1391
l 1391 1392
l 1392 1393
l 1393 1394
l 1394 1395
l 1395 1396
l 1396 1397
l 1397 1398
l 1398 1399
l 1399 1400
l 1400 1401
l 1401 1402
l 1402 1403
l 1403 1404
l 1404 1405
l 1405 1406
l 1406 1407
l 1407 1408
l 1408 1409
l 1409 1410
l 1410 1411
l 1411 1412
l 1412 1413
l 1413 1414
l 1414 1415
l 1416 1417
l 1417 1418
l 1418 1419
l 1419 1420
l 1420 1421
l 1421 1422
l 1422 1423
l 1423 1424
l 1424 1425
l 1425 1426
l 1426 1427
l 1427 1428
l 1428 1429
l 1429 1430
l 1430 1431
l 1431 1432
l 1432 1433
l 1433 1434
l 1434 1435
l 1435 1436
l 1436 1437
l 1437 1438
l 1438 1439
l 1439 1440
l 1440 1441
l 1441 1442
l 1442 1443
l 1443 1444
l 1444 1445
l 1445 1446
l 1446 1447
l 1447 1448
l 1448 1449
l 1449 1450
l 1450 1451
l 1451 1452
l 1452 1453
l 1453 1454
l 1454 1455
l 1455 1456
l 1456 1457
l 1457 1458
l 1458 1459
l 1459 1460
l 1460 1461
l 1461 1462
l 1462 1463
l 1463 1464
l 1464 1465
l 1465 1466
l 1466 1467
l 1467 1468
l 1468 1469
l 1469 1470
l 1470 1471
l 1471 1472
l 1472 1473
l 1473 1474
l 1475 1476
l 1476 1477
l 1477 1478
l 1478 1479
l 1479 1480
l 1480 1481
l 1481 1482
l 1482 1483
l 1483 1484
l 1484 1485
l 1485 1486
l 1486 1487
l 1487 1488
l 1488 1489
l 1489 1490
l 1490 1491
l 1491 1492
l 1492 1493
l 1493 1494
l 1494 1495
l 1495 1496
l 1496 1497
l 1497 1498
l 1498 1499
l 1499 1500
l 1500 1501
l 1501 1502
l 1502 1503
l 1503 1504
l 1504 1505
l 1505 1506
l 1506 1507
l 1507 1508
l 1508 1509
l 1509 1510
l 1510 1511
l 1511 1512
l 1512 1513
l 1513 1514
l 1514 1515
l 1515 1516
l 1516 1517
l 1517 1518
l 1518 1519
l 1519 1520
l 1520 1521
l 1521 1522
l 1522 1523
l 1523 1524
l 1524 1525
l 1525 1526
l 1526 1527
l 1527 1528
l 1528 1529
l 1529 1530
l 1530 1531
l 1531 1532
l 1532 1533
l 1534 1535
l 1535 1536
l 1536 1537
l 1537 1538
l 1538 1539
l 1539 1540
l 1540 1541
l 1541 1542
l 1542 1543
l 1543 1544
l 1544 1545
l 1545 1546
l 1546 1547
l 1547 1548
l 1548 1549
l 1549 1550
l 1550 1551
l 1551 1552
l 1552 1553
l 1553 1554
l 1554 1555
l 1555 1556
l 1556 1557
l 1557 1558
l 1558 1559
l 1559 1560
l 1560 1561
l 1561 1562
l 1562 1563
l 1563 1564
l 1564 1565
l 1565 1566
l 1566 1567
l 1567 1568
l 1568 1569
l 1569 1570
l 1570 1571
l 1571 1572
l 1572 1573
l 1573 1574
l 1574 1575
l 1575 1576
l 1576 1577
l 1577 1578
l 1578 1579
l 1579 1580
l 1580 1581
l 1581 1582
l 1582 1583
l 1583 1584
l 1584 1585
l 1585 1586
l 1586 1587
l 1587 1588
l 1588 1589
l 1589 1590
l 1590 1591
l 1591 1592
l 1593 1594
l 1594 1595
l 1595 1596
l 1596 1597
l 1597 1598
l 1598 1599
l 1599 1600
l 1600 1601
l 1601 1602
l 1602 1603
l 1603 1604
l 1604 1605
l 1605 1606
l 1606 1607
l 1607 1608
l 1608 1609
l 1609 1610
l 1610 1611
l 1611 1612
l 1612 1613
l 1613 1614
l 1614 1615
l 1615 1616
l 1616 1617
l 1617 1618
l 1618 1619
l 1619 1620
l 1620 1621
l 1621 1622
l 1622 1623
l 1623 1624
l 1624 1625
l 1625 1626
l 1626 1627
l 1627 1628
l 1628 1629
l 1629 1630
l 1630 1631
l 1631 1632
l 1632 1633
l 1633 1634
l 1634 1635
l 1635 1636
l 1636 1637
l 1637 1638
l 1638 1639
l 1639 1640
l 1640 1641
l 1641 1642
l 1642 1643
l 1643 1644
l 1644 1645
l 1645 1646
l 1646 1647
l 1647 1648
l 1648 1649
l 1649 1650
l 1650 1651
l 1652 1653
l 1653 1654
l 1654 1655
l 1655 1656
l 1656 1657
l 1657 1658
l 1658 1659
l 1659 1660
l 1660 1661
l 1661 1662
l 1662 1663
l 1663 1664
l 1664 1665
l 1665 1666
l 1666 1667
l 1667 1668
l 1668 1669
l 1669 1670
l 1670 1671
l 1671 1672
l 1672 1673
l 1673 1674
l 1674 1675
l 1675 1676
l 1676 1677
l 1677 1678
l 1678 1679
l 1679 1680
l 1680 1681
l 1681 1682
l 1682 1683
l 1683 1684
l 1684 1685
l 1685 1686
l 1686 1687
l 1687 1688
l 1688 1689
l 1689 1690
l 1690 1691
l 1691 1692
l 1692 1693
l 1693 1694
l 1694 1695
l 1695 1696
l 1696 1697
l 1697 1698
l 1698 1699
l 1699 1700
l 1700 1701
l 1701 1702
l 1702 1703
l 1703 1704
l 1704 1705
l 1705 1706
l 1706 1707
l 1707 1708
l 1708 1709
l 1709 1710
l 1711 1712
l 1712 1713
l 1713 1714
l 1714 1715
l 1715 1716
l 1716 1717
l 1717 1718
l 1718 1719
l 1719 1720
l 1720 1721
l 1721 1722
l 1722 1723
l 1723 1724
l 1724 1725
l 1725 1726
l 1726 1727
l 1727 1728
l 1728 1729
l 1729 1730
l 1730 1731
l 1731 1732
l 1732 1733
l 1733 1734
l 1734 1735
l 1735 1736
l 1736 1737
l 1737 1738
l 1738 1739
l 1739 1740
l 1740 1741
l 1741 1742
l 1742 1743
l 1743 1744
l 1744 1745
l 1745 1746
l 1746 1747
l 1747 1748
l 1748 1749
l 1749 1750
l 1750 1751
l 1751 1752
l 1752 1753
l 1753 1754
l 1754 1755
l 1755 1756
l 1756 1757
l 1757 1758
l 1758 1759
l 1759 1760
l 1760 1761
l 1761 1762
l 1762 1763
l 1763 1764
l 1764 1765
l 1765 1766
l 1766 1767
l 1768 1769
l 1769 1770
l 1770 1771
l 1771 1772
l 1772 1773
l 1773 1774
l 1774 1775
l 1775 1776
l 1776 1777
l 1777 1778
l 1778 1779
l 1779 1780
l 1780 1781
l 1781 1782
l 1782 1783
l 1783 1784
l 1784 1785
l 1785 1786
l 1786 1787
l 1787 1788
l 1788 1789
l 1789 1790
l 1790 1791
l 1791 1792
l 1792 1793
l 1793 1794
l 1794 1795
l 1795 1796
l 1796 1797
l 1797 1798
l 1798 1799
l 1799 1800
l 1800 1801
l 1801 1802
l 1802 1803
l 1803 1804
l 1804 1805
l 1805 1806
l 1806 1807
l 1807 1808
l 1808 1809
l 1809 1810
l 1810 1811
l 1811 1812
l 1812 1813
l 1813 1814
l 1814 1815
l 1815 1816
l 1816 1817
l 1817 1818
l 1818 1819
l 1819 1820
l 1820 1821
l 1821 1822
l 1822 1823
l 1823 1824
l 1825 1826
l 1826 1827
l 1827 1828
l 1828 1829
l 1829 1830
l 1830 1831
l 1831 1832
l 1832 1833
l 1833 1834
l 1834 1835
l 1835 1836
l 1836 1837
l 1837 1838
l 1838 1839
l 1839 1840
l 1840 1841
l 1841 1842
l 1842 1843
l 1843 1844
l 1844 1845
l 1845 1846
l 1846 1847
l 1847 1848
l 1848 1849
l 1849 1850
l 1850 1851
l 1851 1852
l 1852 1853
l 1853 1854
l 1854 1855
l 1855 1856
l 1856 1857
l 1857 1858
l 1858 1859
l 1859 1860
l 1860 1861
l 1861 1862
l 1862 1863
l 1863 1864
l 1864 1865
l 1865 1866
l 1866 1867
l 1867 1868
l 1868 1869
l 1869 1870
l 1870 1871
l 1871 1872
l 1872 1873
l 1873 1874
l 1874 1875
l 1875 1876
l 1876 1877
l 1877 1878
l 1878 1879
l 1879 1880
l 1880 1881
l 1882 1883
l 1883 1884
l 1884 1885
l 1885 1886
l 1886 1887
l 1887 1888
l 1888 1889
l 1889 1890
l 1890 1891
l 1891 1892
l 1892 1893
l 1893 1894
l 1894 1895
l 1895 1896
l 1896 1897
l 1897 1898
l 1898 1899
l 1899 1900
l 1900 1901
l 1901 1902
l 1902 1903
l 1903 1904
l 1904 1905
l 1905 1906
l 1906 1907
l 1907 1908
l 1908 1909
l 1909 1910
l 1910 1911
l 1911 1912
l 1912 1913
l 1913 1914
l 1914 1915
l 1915 1916
l 1916 1917
l 1917 1918
l 1918 1919
l 1919 1920
l 1920 1921
l 1921 1922
l 1922 1923
l 1923 1924
l 1924 1925
l 1925 1926
l 1926 1927
l 1927 1928
l 1928 1929
l 1929 1930
l 1930 1931
l 1931 1932
l 1932 1933
l 1933 1934
l 1934 1935
l 1935 1936
l 1936 1937
l 1937 1938
l 1939 1940
l 1940 1941
l 1941 1942
l 1942 1943
l 1943 1944
l 1944 1945
l 1945 1946
l 1946 1947
l 1947 1948
l 1948 1949
l 1949 1950
l 1950 1951
l 1951 1952
l 1952 1953
l 1953 1954
l 1954 1955
l 1955 1956
l 1956 1957
l 1957 1958
l 1958 1959
l 1959 1960
l 1960 1961
l 1961 1962
l 1962 1963
l 1963 1964
l 1964 1965
l 1965 1966
l 1966 1967
l 1967 1968
l 1968 1969
l 1969 1970
l 1970 1971
l 1971 1972
l 1972 1973
l 1973 1974
l 1974 1975
l 1975 1976
l 1976 1977
l 1977 1978
l 1978 1979
l 1979 1980
l 1980 1981
l 1981 1982
l 1982 1983
l 1983 1984
l 1984 1985
l 1985 1986
l 1986 1987
l 1987 1988
l 1988 1989
l 1989 1990
l 1990 1991
l 1991 1992
l 1992 1993
l 1993 1994
l 1994 1995
l 1996 1997
l 1997 1998
l 1998 1999
l 1999 2000
l 2000 2001
l 2001 2002
l 2002 2003
l 2003 2004
l 2004 2005
l 2005 2006
l 2006 2007
l 2007 2008
l 2008 2009
l 2009 2010
l 2010 2011
l 2011 2012
l 2012 2013
l 2013 2014
l 2014 2015
l 2015 2016
l 2016 2017
l 2017 2018
l 2018 2019
l 2019 2020
l 2020 2021
l 2021 2022
l 2022 2023
l 2023 2024
l 2024 2025
l 2025 2026
l 2026 2027
l 2027 2028
l 2028 2029
l 2029 2030
l 2030 2031
l 2031 2032
l 2032 2033
l 2033 2034
l 2034 2035
l 2035 2036
l 2036 2037
l 2037 2038
l 2038 2039
l 2039 2040
l 2040 2041
l 2041 2042
l 2042 2043
l 2043 2044
l 2044 2045
l 2045 2046
l 2046 2047
l 2047 2048
l 2048 2049
l 2049 2050
l 2050 2051
l 2051 2052
l 2053 2054
l 2054 2055
l 2055 2056
l 2056 2057
l 2057 2058
l 2058 2059
l 2059 2060
l 2060 2061
l 2061 2062
l 2062 2063
l 2063 2064
l 2064 2065
l 2065 2066
l 2066 2067
l 2067 2068
l 2068 2069
l 2069 2070
l 2070 2071
l 2071 2072
l 2072 2073
l 2073 2074
l 2074 2075
l 2075 2076
l 2076 2077
l 2077 2078
l 2078 2079
l 2079 2080
l 2080 2081
l 2081 2082
l 2082 2083
l 2083 2084
l 2084 2085
l 2085 2086
l 2086 2087
l 2087 2088
l 2088 2089
l 2089 2090
l 2090 2091
l 2091 2092
l 2092 2093
l 2093 2094
l 2094 2095
l 2095 2096
l 2096 2097
l 2097 2098
l 2098 2099
l 2099 2100
l 2100 2101
l 2101 2102
l 2102 2103
l 2103 2104
l 2104 2105
l 2105 2106
l 2106 2107
l 2108 2109
l 2109 2110
l 2110 2111
l 2111 2112
l 2112 2113
l 2113 2114
l 2114 2115
l 2115 2116
l 2116 2117
l 2117 2118
l 2118 2119
l 2119 2120
l 2120 2121
l 2121 2122
l 2122 2123
l 2123 2124
l 2124 2125
l 2125 2126
l 2126 2127
l 2127 2128
l 2128 2129
l 2129 2130
l 2130 2131
l 2131 2132
l 2132 2133
l 2133 2134
l 2134 2135
l 2135 2136
l 2136 2137
l 2137 2138
l 2138 2139
l 2139 2140
l 2140 2141
l 2141 2142
l 2142 2143
l 2143 2144
l 2144 2145
l 2145 2146
l 2146 2147
l 2147 2148
l 2148 2149
l 2149 2150
l 2150 2151
l 2151 2152
l 2152 2153
l 2153 2154
l 2154 2155
l 2155 2156
l 2156 2157
l 2157 2158
l 2158 2159
l 2159 2160
l 2160 2161
l 2161 2162
l 2163 2164
l 2164 2165
l 2165 2166
l 2166 2167
l 2167 2168
l 2168 2169
l 2169 2170
l 2170 2171
l 2171 2172
l 2172 2173
l 2173 2174
l 2174 2175
l 2175 2176
l 2176 2177
l 2177 2178
l 2178 2179
l 2179 2180
l 2180 2181
l 2181 2182
l 2182 2183
l 2183 2184
l 2184 2185
l 2185 2186
l 2186 2187
l 2187 2188
l 2188 2189
l 2189 2190
l 2190 2191
l 2191 2192
l 2192 2193
l 2193 2194
l 2194 2195
l 2195 2196
l 2196 2197
l 2197 2198
l 2198 2199
l 2199 2200
l 2200 2201
l 2201 2202
l 2202 2203
l 2203 2204
l 2204 2205
l 2205 2206
l 2206 2207
l 2207 2208
l 2208 2209
l 2209 2210
l 2210 2211
l 2211 2212
l 2212 2213
l 2213 2214
l 2214 2215
l 2216 2217
l 2217 2218
l 2218 2219
l 2219 2220
l 2220 2221
l 2221 2222
l 2222 2223
l 2223 2224
l 2224 2225
l 2225 2226
l 2226 2227
l 2227 2228
l 2228 2229
l 2229 2230
l 2230 2231
l 2231 2232
l 2232 2233
l 2233 2234
l 2234 2235
l 2235 2236
l 2236 2237
l 2237 2238
l 2238 2239
l 2239 2240
l 2240 2241
l 2241 2242
l 2242 2243
l 2243 2244
l 2244 2245
l 2245 2246
l 2246 2247
l 2247 2248
l 2248 2249
l 2249 2250
l 2250 2251
l 2251 2252
l 2252 2253
l 2253 2254
l 2254 2255
l 2255 2256
l 2256 2257
l 2257 2258
l 2258 2259
l 2259 2260
l 2260 2261
l 2261 2262
l 2262 2263
l 2263 2264
l 2265 2266
l 2266 2267
l 2267 2268
l 2268 2269
l 2269 2270
l 2270 2271
l 2271 2272
l 2272 2273
l 2273 2274
l 2274 2275
l 2275 2276
l 2276 2277
l 2277 2278
l 2278 2279
l 2279 2280
l 2280 2281
l 2281 2282
l 2282 2283
l 2283 2284
l 2284 2285
l 2285 2286
l 2286 2287
l 2287 2288
l 2288 2289
l 2289 2290
l 2290 2291
l 2291 2292
l 2292 2293
l 2293 2294
l 2294 2295
l 2295 2296
l 2296 2297
l 2297 2298
l 2298 2299
l 2299 2300
l 2300 2301
l 2301 2302
l 2302 2303
l 2303 2304
l 2304 2305
l 2305 2306
l 2306 2307
l 2307 2308
l 2308 2309
l 2309 2310
l 2310 2311
l 2312 2313
l 2313 2314
l 2314 2315
l 2315 2316
l 2316 2317
l 2317 2318
l 2318 2319
l 2319 2320
l 2320 2321
l 2321 2322
l 2322 2323
l 2323 2324
l 2324 2325
l 2325 2326
l 2326 2327
l 2327 2328
l 2328 2329
l 2329 2330
l 2330 2331
l 2331 2332
l 2332 2333
l 2333 2334
l 2334 2335
l 2335 2336
l 2336 2337
l 2337 2338
l 2338 2339
l 2339 2340
l 2340 2341
l 2341 2342
l 2342 2343
l 2343 2344
l 2344 2345
l 2345 2346
l 2346 2347
l 2347 2348
l 2348 2349
l 2349 2350
l 2350 2351
l 2351 2352
l 2352 2353
l 2353 2354
l 2355 2356
l 2356 2357
l 2357 2358
l 2358 2359
l 2359 2360
l 2360 2361
l 2361 2362
l 2362 2363
l 2363 2364
l 2364 2365
l 2365 2366
l 2366 2367
l 2367 2368
l 2368 2369
l 2369 2370
l 2370 2371
l 2371 2372
l 2372 2373
l 2373 2374
l 2374 2375
l 2375 2376
l 2376 2377
l 2377 2378
l 2378 2379
l 2379 2380
l 2380 2381
l 2381 2382
l 2382 2383
l 2383 2384
l 2384 2385
l 2385 2386
l 2386 2387
l 2387 2388
l 2388 2389
l 2389 2390
l 2390 2391
l 2391 2392
l 2392 2393
l 2394 2395
l 2395 2396
l 2396 2397
l 2397 2398
l 2398 2399
l 2399 2400
l 2400 2401
l 2401 2402
l 2402 2403
l 2403 2404
l 2404 2405
l 2405 2406
l 2406 2407
l 2407 2408
l 2408 2409
l 2409 2410
l 2410 2411
l 2411 2412
l 2412 2413
l 2413 2414
l 2414 2415
l 2415 2416
l 2416 2417
l 2417 2418
l 2418 2419
l 2419 2420
l 2420 2421
l 2421 2422
l 2422 2423
l 2423 2424
l 2424 2425
l 2425 2426
l 2426 2427
l 2427 2428
l 2428 2429
l 2429 2430
l 2431 2432
l 2432 2433
l 2433 2434
l 2434 2435
l 2435 2436
l 2436 2437
l 2437 2438
l 2438 2439
l 2439 2440
l 2440 2441
l 2441 2442
l 2442 2443
l 2443 2444
l 2444 2445
l 2445 2446
l 2446 2447
l 2447 2448
l 2448 2449
l 2449 2450
l 2450 2451
l 2451 2452
l 2452 2453
l 2453 2454
l 2454 2455
l 2455 2456
l 2456 2457
l 2457 2458
l 2458 2459
l 2459 2460
l 2460 2461
l 2461 2462
l 2462 2463
l 2464 2465
l 2465 2466
l 2466 2467
l 2467 2468
l 2468 2469
l 2469 2470
l 2470 2471
l 2471 2472
l 2472 2473
l 2473 2474
l 2474 2475
l 2475 2476
l 2476 2477
l 2477 2478
l 2478 2479
l 2479 2480
l 2480 2481
l 2481 2482
l 2482 2483
l 2483 2484
l 2484 2485
l 2485 2486
l 2486 2487
l 2487 2488
l 2488 2489
l 2489 2490
l 2490 2491
l 2491 2492
l 2492 2493
l 2493 2494
l 2494 2495
l 2495 2496
l 2497 2498
l 2498 2499
l 2499 2500
l 2500 2501
l 2501 2502
l 2502 2503
l 2503 2504
l 2504 2505
l 2505 2506
l 2506 2507
l 2507 2508
l 2508 2509
l 2509 2510
l 2510 2511
l 2511 2512
l 2512 2513
l 2513 2514
l 2514 2515
l 2515 2516
l 2516 2517
l 2517 2518
l 2518 2519
l 2519 2520
l 2520 2521
l 2521 2522
l 2522 2523
l 2523 2524
l 2524 2525
l 2525 2526
l 2526 2527
l 2528 2529
l 2529 2530
l 2530 2531
l 2531 2532
l 2532 2533
l 2533 2534
l 2534 2535
l 2535 2536
l 2536 2537
l 2537 2538
l 2538 2539
l 2539 2540
l 2540 2541
l 2541 2542
l 2542 2543
l 2543 2544
l 2544 2545
l 2545 2546
l 2546 2547
l 2547 2548
l 2548 2549
l 2549 2550
l 2550 2551
l 2551 2552
l 2552 2553
l 2553 2554
l 2554 2555
l 2555 2556
l 2556 2557
l 2557 2558
l 2559 2560
l 2560 2561
l 2561 2562
l 2562 2563
l 2563 2564
l 2564 2565
l 2565 2566
l 2566 2567
l 2567 2568
l 2568 2569
l 2569 2570
l 2570 2571
l 2571 2572
l 2572 2573
l 2573 2574
l 2574 2575
l 2575 2576
l 2576 2577
l 2577 2578
l 2578 2579
l 2579 2580
l 2580 2581
l 2581 2582
l 2582 2583
l 2583 2584
l 2584 2585
l 2585 2586
l 2586 2587
l 2588 2589
l 2589 2590
l 2590 2591
l 2591 2592
l 2592 2593
l 2593 2594
l 2594 2595
l 2595 2596
l 2596 2597
l 2597 2598
l 2598 2599
l 2599 2600
l 2600 2601
l 2601 2602
l 2602 2603
l 2603 2604
l 2604 2605
l 2605 2606
l 2606 2607
l 2607 2608
l 2608 2609
l 2609 2610
l 2610 2611
l 2611 2612
l 2612 2613
l 2613 2614
l 2614 2615
l 2615 2616
l 2617 2618
l 2618 2619
l 2619 2620
l 2620 2621
l 2621 2622
l 2622 2623
l 2623 2624
l 2624 2625
l 2625 2626
l 2626 2627
l 2627 2628
l 2628 2629
l 2629 2630
l 2630 2631
l 2631 2632
l 2632 2633
l 2633 2634
l 2634 2635
l 2635 2636
l 2636 2637
l 2637 2638
l 2638 2639
l 2639 2640
l 2640 2641
l 2641 2642
l 2642 2643
l 2644 2645
l 2645 2646
l 2646 2647
l 2647 2648
l 2648 2649
l 2649 2650
l 2650 2651
l 2651 2652
l 2652 2653
l 2653 2654
l 2654 2655
l 2655 2656
l 2656 2657
l 2657 2658
l 2658 2659
l 2659 2660
l 2660 2661
l 2661 2662
l 2662 2663
l 2663 2664
l 2664 2665
l 2665 2666
l 2666 2667
l 2667 2668
l 2668 2669
l 2669 2670
l 2671 2672
l 2672 2673
l 2673 2674
l 2674 2675
l 2675 2676
l 2676 2677
l 2677 2678
l 2678 2679
l 2679 2680
l 2680 2681
l 2681 2682
l 2682 2683
l 2683 2684
l 2684 2685
l 2685 2686
l 2686 2687
l 2687 2688
l 2688 2689
l 2689 2690
l 2690 2691
l 2691 2692
l 2692 2693
l 2693 2694
l 2694 2695
l 2695 2696
l 2696 2697
l 2698 2699
l 2699 2700
l 2700 2701
l 2701 2702
l 2702 2703
l 2703 2704
l 2704 2705
l 2705 2706
l 2706 2707
l 2707 2708
l 2708 2709
l 2709 2710
l 2710 2711
l 2711 2712
l 2712 2713
l 2713 2714
l 2714 2715
l 2715 2716
l 2716 2717
l 2717 2718
l 2718 2719
l 2719 2720
l 2720 2721
l 2721 2722
l 2723 2724
l 2724 2725
l 2725 2726
l 2726 2727
l 2727 2728
l 2728 2729
l 2729 2730
l 2730 2731
l 2731 2732
l 2732 2733
l 2733 2734
l 2734 2735
l 2735 2736
l 2736 2737
l 2737 2738
l 2738 2739
l 2739 2740
l 2740 2741
l 2741 2742
l 2742 2743
l 2743 2744
l 2744 2745
l 2745 2746
l 2746 2747
l 2748 2749
l 2749 2750
l 2750 2751
l 2751 2752
l 2752 2753
l 2753 2754
l 2754 2755
l 2755 2756
l 2756 2757
l 2757 2758
l 2758 2759
l 2759 2760
l 2760 2761
l 2761 2762
l 2762 2763
l 2763 2764
l 2764 2765
l 2765 2766
l 2766 2767
l 2767 2768
l 2768 2769
l 2769 2770
l 2770 2771
l 2771 2772
l 2773 2774
l 2774 2775
l 2775 2776
l 2776 2777
l 2777 2778
l 2778 2779
l 2779 2780
l 2780 2781
l 2781 2782
l 2782 2783
l 2783 2784
l 2784 2785
l 2785 2786
l 2786 2787
l 2787 2788
l 2788 2789
l 2789 2790
l 2790 2791
l 2791 2792
l 2792 2793
l 2793 2794
l 2794 2795
l 2796 2797
l 2797 2798
l 2798 2799
l 2799 2800
l 2800 2801
l 2801 2802
l 2802 2803
l 2803 2804
l 2804 2805
l 2805 2806
l 2806 2807
l 2807 2808
l 2808 2809
l 2809 2810
l 2810 2811
l 2811 2812
l 2812 2813
l 2813 2814
l 2814 2815
l 2815 2816
l 2816 2817
l 2817 2818
l 2819 2820
l 2820 2821
l 2821 2822
l 2822 2823
l 2823 2824
l 2824 2825
l 2825 2826
l 2826 2827
l 2827 2828
l 2828 2829
l 2829 2830
l 2830 2831
l 2831 2832
l 2832 2833
l 2833 2834
l 2834 2835
l 2835 2836
l 2836 2837
l 2837 2838
l 2838 2839
l 2839 2840
l 2840 2841
l 2842 2843
l 2843 2844
l 2844 2845
l 2845 2846
l 2846 2847
l 2847 2848
l 2848 2849
l 2849 2850
l 2850 2851
l 2851 2852
l 2852 2853
l 2853 2854
l 2854 2855
l 2855 2856
l 2856 2857
l 2857 2858
l 2858 2859
l 2859 2860
l 2860 2861
l 2861 2862
l 2863 2864
l 2864 2865
l 2865 2866
l 2866 2867
l 2867 2868
l 2868 2869
l 2869 2870
l 2870 2871
l 2871 2872
l 2872 2873
l 2873 2874
l 2874 2875
l 2875 2876
l 2876 2877
l 2877 2878
l 2878 2879
l 2879 2880
l 2880 2881
l 2881 2882
l 2882 2883
l 2884 2885
l 2885 2886
l 2886 2887
l 2887 2888
l 2888 2889
l 2889 2890
l 2890 2891
l 2891 2892
l 2892 2893
l 2893 2894
l 2894 2895
l 2895 2896
l 2896 2897
l 2897 2898
l 2898 2899
l 2899 2900
l 2900 2901
l 2901 2902
l 2902 2903
l 2903 2904
l 2905 2906
l 2906 2907
l 2907 2908
l 2908 2909
l 2909 2910
l 2910 2911
l 2911 2912
l 2912 2913
l 2913 2914
l 2914 2915
l 2915 2916
l 2916 2917
l 2917 2918
l 2918 2919
l 2919 2920
l 2920 2921
l 2921 2922
l 2922 2923
l 2923 2924
l 2924 2925
l 2926 2927
l 2927 2928
l 2928 2929
l 2929 2930
l 2930 2931
l 2931 2932
l 2932 2933
l 2933 2934
l 2934 2935
l 2935 2936
l 2936 2937
l 2937 2938
l 2938 2939
l 2939 2940
l 2940 2941
l 2941 2942
l 2942 2943
l 2943 2944
l 2944 2945
l 2945 2946
l 2947 2948
l 2948 2949
l 2949 2950
l 2950 2951
l 2951 2952
l 2952 2953
l 2953 2954
l 2954 2955
l 2955 2956
l 2956 2957
l 2957 2958
l 2958 2959
l 2959 2960
l 2960 2961
l 2961 2962
l 2962 2963
l 2963 2964
l 2964 2965
l 2965 2966
l 2966 2967
l 2968 2969
l 2969 2970
l 2970 2971
l 2971 2972
l 2972 2973
l 2973 2974
l 2974 2975
l 2975 2976
l 2976 2977
l 2977 2978
l 2978 2979
l 2979 2980
l 2980 2981
l 2981 2982
l 2982 2983
l 2983 2984
l 2984 2985
l 2985 2986
l 2987 2988
l 2988 2989
l 2989 2990
l 2990 2991
l 2991 2992
l 2992 2993
l 2993 2994
l 2994 2995
l 2995 2996
l 2996 2997
l 2997 2998
l 2998 2999
l 2999 3000
l 3000 3001
l 3001 3002
l 3002 3003
l 3003 3004
l 3004 3005
l 3006 3007
l 3007 3008
l 3008 3009
l 3009 3010
l 3010 3011
l 3011 3012
l 3012 3013
l 3013 3014
l 3014 3015
l 3015 3016
l 3016 3017
l 3017 3018
l 3018 3019
l 3019 3020
l 3020 3021
l 3021 3022
l 3022 3023
l 3023 3024
l 3025 3026
l 3026 3027
l 3027 3028
l 3028 3029
l 3029 3030
l 3030 3031
l 3031 3032
l 3032 3033
l 3033 3034
l 3034 3035
l 3035 3036
l 3036 3037
l 3037 3038
l 3038 3039
l 3039 3040
l 3040 3041
l 3041 3042
l 3042 3043
l 3044 3045
l 3045 3046
l 3046 3047
l 3047 3048
l 3048 3049
l 3049 3050
l 3050 3051
l 3051 3052
l 3052 3053
l 3053 3054
l 3054 3055
l 3055 3056
l 3056 3057
l 3057 3058
l 3058 3059
l 3059 3060
l 3060 3061
l 3061 3062
l 3063 3064
l 3064 3065
l 3065 3066
l 3066 3067
l 3067 3068
l 3068 3069
l 3069 3070
l 3070 3071
l 3071 3072
l 3072 3073
l 3073 3074
l 3074 3075
l 3075 3076
l 3076 3077
l 3077 3078
l 3078 3079
l 3080 3081
l 3081 3082
l 3082 3083
l 3083 3084
l 3084 3085
l 3085 3086
l 3086 3087
l 3087 3088
l 3088 3089
l 3089 3090
l 3090 3091
l 3091 3092
l 3092 3093
l 3093 3094
l 3094 3095
l 3095 3096
