v 0.036987021 -0.0446821258 -0.11717864 0 1 0
v 0.037256424 -0.0447999556 -0.115439081 0 1 0
v 0.0375306677 -0.0449194579 -0.113700382 0 1 0
v 0.0378080987 -0.04504528 -0.111962634 0 1 0
v 0.0380818066 -0.0451733084 -0.110224462 0 0.501961 1
v 0.0383407729 -0.0453006047 -0.108483995 0 0.501961 1
v 0.0385854021 -0.0454280318 -0.106741456 0 0.501961 1
v 0.0388211213 -0.0455538606 -0.104997562 0 0.501961 1
v 0.0390510078 -0.0456772876 -0.103252721 0 0.501961 1
v 0.0392667699 -0.045796983 -0.101505838 0 0.501961 1
v 0.0394575001 -0.0459180316 -0.0997561764 1 0.784314 0
v 0.039627202 -0.0460405179 -0.0980044046 1 0.784314 0
v 0.039785884 -0.0461639633 -0.0962516526 1 0.784314 0
v 0.0399402044 -0.0462877429 -0.0944985313 1 0.784314 0
v 0.0400947052 -0.0464113767 -0.0927454157 1 0.784314 0
v 0.0402489513 -0.0465352162 -0.0909922921 1 0.784314 0
v 0.0404027826 -0.0466592318 -0.0892391446 0.705882 0 1
v 0.0405564501 -0.0467833561 -0.087485991 0.705882 0 1
v 0.0407091132 -0.046907266 -0.0857327365 0.705882 0 1
v 0.0408559592 -0.0470309958 -0.0839789742 0.705882 0 1
v 0.0409918998 -0.0471525552 -0.0822242007 0.705882 0 1
v 0.041107538 -0.0472702149 -0.0804677067 0.705882 0 1
v 0.0411936788 -0.0473816951 -0.0787090933 0.705882 0 1
v 0.0412678097 -0.0474847247 -0.0769494221 0.705882 0 1
v 0.0413349843 -0.047581589 -0.0751891223 0 0.862745 0.862745
v 0.0414012226 -0.0476763198 -0.0734286659 0 0.862745 0.862745
v 0.0414697415 -0.0477689149 -0.071668183 0 0.862745 0.862745
v 0.041541609 -0.0478605324 -0.069907783 0 0.862745 0.862745
v 0.0416135114 -0.0479520794 -0.0681473827 1 0.470588 0
v 0.0416790625 -0.0480449228 -0.0663868007 1 0.470588 0
v 0.0417377013 -0.0481340376 -0.0646257813 1 0.470588 0
v 0.0417909204 -0.0482260193 -0.0628647407 1 0.470588 0
v 0.0418281182 -0.0483161957 -0.0611032038 1 0.470588 0
v 0.0418374306 -0.0483980018 -0.0593409133 1 0.470588 0
v 0.0418274772 -0.0484687116 -0.0575781492 0.470588 1 0
v 0.0418105414 -0.048527922 -0.0558149874 0.470588 1 0
v 0.0417921294 -0.048574624 -0.0540514583 0.470588 1 0
v 0.0417705794 -0.0486148121 -0.0522878007 0.470588 1 0
v 0.0417486928 -0.0486493707 -0.0505240299 0.470588 1 0
v 0.0417252887 -0.048683342 -0.0487602674 0.470588 1 0
v 0.0416996488 -0.0487124157 -0.046996448 1 0 0.705882
v 0.0416684843 -0.0487460779 -0.0452327986 1 0 0.705882
v 0.0416226493 -0.0487796614 -0.043469466 1 0 0.705882
v 0.0415601652 -0.0488110035 -0.0417066068 1 0 0.705882
v 0.0414759357 -0.0488431506 -0.03994467 1 0 0.705882
v 0.0413759103 -0.0488685267 -0.0381834525 1 0 0.705882
v 0.0412660445 -0.0488783428 -0.0364226658 0.313725 0.313725 1
v 0.0411476046 -0.048879456 -0.0346623985 0.313725 0.313725 1
v 0.0410236705 -0.0488616549 -0.0329026036 0.313725 0.313725 1
v 0.0408926101 -0.0488424794 -0.0311433452 0.313725 0.313725 1
v 0.0407540639 -0.0488258122 -0.0293846327 0.313725 0.313725 1
v 0.0406145646 -0.0488100089 -0.0276259808 0.313725 0.313725 1
v 0.0404681756 -0.0487939516 -0.0258679081 0.705882 0.470588 0.156863
v 0.0403051514 -0.0487747144 -0.0241113445 0.705882 0.470588 0.156863
v 0.0401263286 -0.0487452062 -0.0223564458 0.705882 0.470588 0.156863
v 0.0399357839 -0.0487001759 -0.0206031233 0.705882 0.470588 0.156863
v 0.0397354724 -0.0486426605 -0.0188512397 0.705882 0.470588 0.156863
v 0.039525223 -0.0485604987 -0.0171015109 0.705882 0.470588 0.156863
v 0.0392887806 -0.0484505852 -0.0153567129 0.470588 0.470588 0.470588
v 0.0390339665 -0.0483183873 -0.0136160226 0.470588 0.470588 0.470588
v 0.0387582005 -0.0481749135 -0.0118794178 0.470588 0.470588 0.470588
v 0.038447127 -0.0480093539 -0.010150773 0.470588 0.470588 0.470588
v 0.0381019765 -0.0478298642 -0.00843001945 0.470588 0.470588 0.470588
v 0.0377052556 -0.0476346462 -0.00672225949 0.470588 0.470588 0.470588
v 0.0372365141 -0.0474271201 -0.00503440532 1 0 0
v 0.0364515565 -0.0472559463 -0.00354139332 1 0 0
v 0.0349744249 -0.0472144903 -0.00259201275 0 1 0
v 0.038571701 -0.0441987385 -0.122097733 0 1 0
v 0.0387354713 -0.0443302077 -0.120325681 0 1 0
v 0.0389688857 -0.0444571278 -0.118560868 0 1 0
v 0.0392370266 -0.0445830139 -0.116800921 0 1 0
v 0.0395121279 -0.044708784 -0.115042038 0 1 0
v 0.0397914296 -0.04483586 -0.113283909 0 1 0
v 0.0400694359 -0.0449644338 -0.111525686 0 0.501961 1
v 0.0403415386 -0.0450945356 -0.109766652 0 0.501961 1
v 0.0405981139 -0.0452239364 -0.108005258 0 0.501961 1
v 0.0408413987 -0.0453525205 -0.106241893 0 0.501961 1
v 0.0410780162 -0.0454761409 -0.104477268 0 0.501961 1
v 0.0413056609 -0.0455950923 -0.102711147 0 0.501961 1
v 0.0415137737 -0.0457136981 -0.100942604 1 0.784314 0
v 0.0416953198 -0.0458357723 -0.0991713554 1 0.784314 0
v 0.0418601768 -0.045958381 -0.0973985121 1 0.784314 0
v 0.0420164355 -0.046083548 -0.0956250707 1 0.784314 0
v 0.0421725332 -0.0462078977 -0.093851556 1 0.784314 0
v 0.0423290205 -0.0463325942 -0.0920780999 1 0.784314 0
v 0.0424852382 -0.0464577237 -0.0903046507 0.705882 0 1
v 0.042640449 -0.0465832211 -0.088531139 0.705882 0 1
v 0.0427951266 -0.0467077816 -0.0867575148 0.705882 0 1
v 0.0429461783 -0.0468328058 -0.0849836121 0.705882 0 1
v 0.0430912469 -0.0469563313 -0.0832091135 0.705882 0 1
v 0.0432193342 -0.0470764247 -0.0814331017 0.705882 0 1
v 0.0433184487 -0.0471906603 -0.079654856 0.705882 0 1
v 0.0433978316 -0.0472967298 -0.0778750826 0.705882 0 1
v 0.0434691908 -0.0473949641 -0.0760945196 0 0.862745 0.862745
v 0.0435356013 -0.0474890318 -0.0743135321 0 0.862745 0.862745
v 0.0436030098 -0.0475824614 -0.0725325476 0 0.862745 0.862745
v 0.0436739566 -0.0476763493 -0.0707517253 0 0.862745 0.862745
v 0.0437473151 -0.0477684178 -0.0689709076 0 0.862745 0.862745
v 0.043818242 -0.0478601812 -0.0671899807 0 0.862745 0.862745
v 0.0438797572 -0.0479511176 -0.0654086583 1 0.470588 0
v 0.0439351886 -0.0480444141 -0.0636272658 1 0.470588 0
v 0.0439798739 -0.0481340918 -0.061845385 1 0.470588 0
v 0.0440032133 -0.0482162731 -0.0600627559 1 0.470588 0
v 0.0440016472 -0.0482916719 -0.0582796976 1 0.470588 0
v 0.0439840043 -0.0483547983 -0.0564962026 1 0.470588 0
v 0.04396744 -0.0484033096 -0.0547122351 0.470588 1 0
v 0.0439458812 -0.0484417584 -0.0529280796 0.470588 1 0
v 0.0439227611 -0.0484780082 -0.0511438918 0.470588 1 0
v 0.0439000526 -0.0485165304 -0.0493597445 0.470588 1 0
v 0.0438765221 -0.0485484797 -0.0475754836 0.470588 1 0
v 0.0438458721 -0.0485831353 -0.0457913794 0.470588 1 0
v 0.0438041244 -0.0486195589 -0.0440075403 1 0 0.705882
v 0.043747555 -0.048656039 -0.0422241193 1 0 0.705882
v 0.0436695956 -0.0486929048 -0.0404415269 1 0 0.705882
v 0.043572653 -0.0487244699 -0.0386597558 1 0 0.705882
v 0.0434647219 -0.0487400213 -0.0368783977 1 0 0.705882
v 0.0433497162 -0.0487466952 -0.0350974161 1 0 0.705882
v 0.0432255914 -0.0487434746 -0.0333170356 0.313725 0.313725 1
v 0.0430966284 -0.0487291048 -0.0315370727 0.313725 0.313725 1
v 0.0429589767 -0.0487162817 -0.0297577464 0.313725 0.313725 1
v 0.0428186223 -0.0487027546 -0.0279786258 0.313725 0.313725 1
v 0.0426754812 -0.0486897636 -0.0261997228 0.313725 0.313725 1
v 0.0425155222 -0.0486690359 -0.0244223674 0.313725 0.313725 1
v 0.0423400218 -0.0486483838 -0.0226464343 0.705882 0.470588 0.156863
v 0.0421500597 -0.048611441 -0.0208722754 0.705882 0.470588 0.156863
v 0.041947897 -0.0485602459 -0.0190998352 0.705882 0.470588 0.156863
v 0.0417388653 -0.0484853332 -0.0173290269 0.705882 0.470588 0.156863
v 0.0415089675 -0.048379082 -0.0155623958 0.705882 0.470588 0.156863
v 0.0412569059 -0.048243427 -0.0138008064 0.705882 0.470588 0.156863
v 0.0409815258 -0.0480867002 -0.0120445199 0.470588 0.470588 0.470588
v 0.0406760123 -0.0479140739 -0.0102947019 0.470588 0.470588 0.470588
v 0.0403353258 -0.0477144912 -0.00855429815 0.470588 0.470588 0.470588
v 0.0399517437 -0.0475064774 -0.00682404324 0.470588 0.470588 0.470588
v 0.0395075791 -0.0472819802 -0.00511044026 0.470588 0.470588 0.470588
v 0.0389846696 -0.0470447802 -0.00342098444 0.470588 0.470588 0.470588
v 0.0380500852 -0.0468646926 -0.00195526641 1 0 0
v 0.0365852093 -0.0468159786 -0.000992980475 1 0 0
v 0.0349727964 -0.046822692 -0.000227979977 0 1 0
v 0.0406797519 -0.0439218658 -0.123198612 0 1 0
v 0.0407959789 -0.0440720602 -0.121408812 0 1 0
v 0.0410046687 -0.0442115289 -0.119626574 0 1 0
v 0.041269493 -0.0443488364 -0.117851414 0 1 0
v 0.0415420557 -0.0444797835 -0.116076945 0 1 0
v 0.0418209597 -0.0446133104 -0.114303659 0 1 0
v 0.0421031621 -0.0447449682 -0.112530752 0 0.501961 1
v 0.0423820134 -0.0448806673 -0.110757622 0 0.501961 1
v 0.0426478983 -0.0450134569 -0.10898229 0 0.501961 1
v 0.0428972848 -0.0451462102 -0.10720456 0 0.501961 1
v 0.0431377307 -0.0452754012 -0.105425344 0 0.501961 1
v 0.0433718043 -0.04539932 -0.103644888 0 0.501961 1
v 0.0435888107 -0.0455181594 -0.101861937 1 0.784314 0
v 0.0437815431 -0.0456421754 -0.100076559 1 0.784314 0
v 0.0439556482 -0.0457634265 -0.0982890749 1 0.784314 0
v 0.044117205 -0.0458880542 -0.0965006337 1 0.784314 0
v 0.0442726948 -0.0460143135 -0.0947117623 1 0.784314 0
v 0.0444300567 -0.0461364863 -0.0929227715 1 0.784314 0
v 0.0445873386 -0.0462602502 -0.0911338839 0.705882 0 1
v 0.044743426 -0.0463862307 -0.0893450441 0.705882 0 1
v 0.0449006394 -0.0465102115 -0.0875561626 0.705882 0 1
v 0.045057405 -0.0466338382 -0.0857672173 0.705882 0 1
v 0.045203402 -0.0467562955 -0.0839772905 0.705882 0 1
v 0.0453371323 -0.0468768662 -0.0821863053 0.705882 0 1
v 0.0454498127 -0.0469919334 -0.0803935199 0.705882 0 1
v 0.0455354085 -0.0470981103 -0.0785986634 0.705882 0 1
v 0.0456098838 -0.0471924656 -0.076802636 0 0.862745 0.862745
v 0.0456772574 -0.0472822109 -0.0750060973 0 0.862745 0.862745
v 0.0457432962 -0.0473786376 -0.0732098467 0 0.862745 0.862745
v 0.0458129106 -0.0474676151 -0.0714133458 0 0.862745 0.862745
v 0.0458865842 -0.0475579679 -0.0696170885 0 0.862745 0.862745
v 0.0459590847 -0.0476464713 -0.0678206833 0 0.862745 0.862745
v 0.0460238307 -0.0477341585 -0.0660239467 1 0.470588 0
v 0.0460842521 -0.0478264259 -0.0642272844 1 0.470588 0
v 0.0461319043 -0.0479138179 -0.0624299912 1 0.470588 0
v 0.0461612517 -0.0479944503 -0.060632004 1 0.470588 0
v 0.0461664868 -0.0480739235 -0.0588337571 1 0.470588 0
v 0.0461527222 -0.0481419744 -0.0570350634 1 0.470588 0
v 0.0461335978 -0.0481949847 -0.0552358969 0.470588 1 0
v 0.0461149271 -0.0482351998 -0.0534364006 0.470588 1 0
v 0.0460922744 -0.0482703605 -0.0516368363 0.470588 1 0
v 0.0460692698 -0.0483072407 -0.049837312 0.470588 1 0
v 0.0460460157 -0.0483430842 -0.0480377707 0.470588 1 0
v 0.0460185637 -0.0483770507 -0.0462382521 0.470588 1 0
v 0.045979477 -0.0484172337 -0.0444390806 1 0 0.705882
v 0.045930395 -0.0484560599 -0.0426401242 1 0 0.705882
v 0.0458561142 -0.048490465 -0.0408419612 1 0 0.705882
v 0.0457623659 -0.0485270442 -0.0390447413 1 0 0.705882
v 0.0456557464 -0.0485513134 -0.0372480355 1 0 0.705882
v 0.0455417515 -0.0485651019 -0.0354516587 1 0 0.705882
v 0.0454202752 -0.0485699292 -0.0336557175 0.313725 0.313725 1
v 0.0452908208 -0.0485585077 -0.0318603848 0.313725 0.313725 1
v 0.0451546165 -0.0485514061 -0.0300655243 0.313725 0.313725 1
v 0.0450150471 -0.0485412989 -0.0282709453 0.313725 0.313725 1
v 0.0448730819 -0.0485325026 -0.0264765364 0.313725 0.313725 1
v 0.0447145081 -0.0485166935 -0.0246835888 0.313725 0.313725 1
v 0.0445406473 -0.0485015534 -0.0228920331 0.705882 0.470588 0.156863
v 0.0443560879 -0.0484774055 -0.0211016477 0.705882 0.470588 0.156863
v 0.0441554798 -0.0484388993 -0.0193132864 0.705882 0.470588 0.156863
v 0.043946091 -0.0483724391 -0.0175267454 0.705882 0.470588 0.156863
v 0.0437213118 -0.0482784876 -0.0157434148 0.705882 0.470588 0.156863
v 0.0434705138 -0.0481537627 -0.0139653503 0.705882 0.470588 0.156863
v 0.0432008976 -0.0479937996 -0.0121928352 0.470588 0.470588 0.470588
v 0.0429050865 -0.0478078852 -0.0104270499 0.470588 0.470588 0.470588
v 0.042569949 -0.047600127 -0.00867081283 0.470588 0.470588 0.470588
v 0.0421954421 -0.0473722683 -0.00692513283 0.470588 0.470588 0.470588
v 0.041765914 -0.0471280001 -0.00519473339 0.470588 0.470588 0.470588
v 0.0412744387 -0.0468695875 -0.00348267725 0.470588 0.470588 0.470588
v 0.0407026379 -0.0466130735 -0.00179531521 1 0 0
v 0.0397556217 -0.0464066833 -0.000298825178 1 0 0
v 0.0382223985 -0.0463735457 0.000584260097 1 0 0
v 0.0365959931 -0.046379457 0.00135558618 1 0 0
v 0.0349699403 -0.0463948419 0.00212747896 0 1 0
v 0.042837375 -0.0437021928 -0.123417486 0 1 0
v 0.0429445299 -0.0438568566 -0.121625932 0 1 0
v 0.0431524133 -0.0440010037 -0.119842361 0 1 0
v 0.0434226481 -0.0441399323 -0.118066654 0 1 0
v 0.0436951515 -0.0442758949 -0.116291067 0 1 0
v 0.0439759056 -0.0444140673 -0.114516936 0 1 0
v 0.0442581121 -0.0445488408 -0.112742774 0 0.501961 1
v 0.0445357427 -0.0446852301 -0.11096802 0 0.501961 1
v 0.0448018779 -0.04481724 -0.109191189 0 0.501961 1
v 0.0450524165 -0.0449517462 -0.10741228 0 0.501961 1
v 0.0452909431 -0.0450860234 -0.105631688 0 0.501961 1
v 0.0455276638 -0.0452177779 -0.103850673 0 0.501961 1
v 0.045744706 -0.0453392358 -0.102066437 1 0.784314 0
v 0.0459370874 -0.0454655292 -0.100279685 1 0.784314 0
v 0.0461123657 -0.0455864359 -0.0984907998 1 0.784314 0
v 0.0462743888 -0.0457123694 -0.0967010105 1 0.784314 0
v 0.046427972 -0.0458283136 -0.0949098046 1 0.784314 0
v 0.0465852927 -0.0459497741 -0.093119287 1 0.784314 0
v 0.0467415525 -0.0460715571 -0.0913286967 0.705882 0 1
v 0.0468975066 -0.0461927384 -0.0895380401 0.705882 0 1
v 0.047054553 -0.0463170935 -0.087747696 0.705882 0 1
v 0.0472086589 -0.0464360331 -0.0859567368 0.705882 0 1
v 0.0473582268 -0.0465571835 -0.0841655344 0.705882 0 1
v 0.0474955077 -0.0466768715 -0.082373259 0.705882 0 1
v 0.0476057341 -0.0467846083 -0.0805783726 0.705882 0 1
v 0.0476933991 -0.0468893972 -0.0787820567 0.705882 0 1
v 0.0477663684 -0.0469760389 -0.0769841106 0 0.862745 0.862745
v 0.047833577 -0.0470630917 -0.0751859658 0 0.862745 0.862745
v 0.0479004212 -0.0471545998 -0.0733880235 0 0.862745 0.862745
v 0.047968957 -0.0472413389 -0.0715899076 0 0.862745 0.862745
v 0.0480417739 -0.0473289812 -0.0697920133 0 0.862745 0.862745
v 0.0481133943 -0.0474139934 -0.0679939455 0 0.862745 0.862745
v 0.0481780646 -0.047501096 -0.0661957174 1 0.470588 0
v 0.0482373223 -0.0475853439 -0.0643971594 1 0.470588 0
v 0.0482861735 -0.047666008 -0.0625981266 1 0.470588 0
v 0.0483209528 -0.0477466124 -0.0607987568 1 0.470588 0
v 0.0483253783 -0.0478244224 -0.0589989348 1 0.470588 0
v 0.048313418 -0.0478972036 -0.0571989494 1 0.470588 0
v 0.0482943638 -0.0479420744 -0.0553980951 0.470588 1 0
v 0.0482757384 -0.0479796033 -0.0535970771 0.470588 1 0
v 0.0482507227 -0.0480195908 -0.0517961798 0.470588 1 0
v 0.0482292516 -0.0480599886 -0.0499952437 0.470588 1 0
v 0.0482057471 -0.0480978708 -0.0481942845 0.470588 1 0
v 0.0481775442 -0.048129338 -0.0463932814 0.470588 1 0
v 0.0481422238 -0.0481706104 -0.0445925954 1 0 0.705882
v 0.0480932906 -0.0482142113 -0.0427922818 1 0 0.705882
v 0.0480244596 -0.0482524279 -0.0409924918 1 0 0.705882
v 0.0479341179 -0.0482864654 -0.0391935651 1 0 0.705882
v 0.0478287222 -0.0483079829 -0.0373952903 1 0 0.705882
v 0.0477140373 -0.0483166326 -0.0355974698 1 0 0.705882
v 0.0475925187 -0.048319235 -0.0338000663 0.313725 0.313725 1
v 0.047465116 -0.0483185305 -0.0320030828 0.313725 0.313725 1
v 0.0473311813 -0.048315564 -0.0302065648 0.313725 0.313725 1
v 0.0471917675 -0.0483119712 -0.0284104706 0.313725 0.313725 1
v 0.0470502966 -0.0483108338 -0.0266145243 0.313725 0.313725 1
v 0.0468973977 -0.0483036151 -0.024819561 0.313725 0.313725 1
v 0.0467267481 -0.0482981588 -0.0230261625 0.705882 0.470588 0.156863
v 0.046545098 -0.0482806234 -0.0212339322 0.705882 0.470588 0.156863
v 0.0463467589 -0.0482555076 -0.0194435462 0.705882 0.470588 0.156863
v 0.0461408643 -0.0482062718 -0.0176545223 0.705882 0.470588 0.156863
v 0.045918048 -0.0481338214 -0.0158683742 0.705882 0.470588 0.156863
v 0.0456747001 -0.0480235227 -0.0140869999 0.705882 0.470588 0.156863
v 0.0454114746 -0.047874713 -0.0123111291 0.470588 0.470588 0.470588
v 0.0451213647 -0.0476864456 -0.0105432217 0.470588 0.470588 0.470588
v 0.0448003559 -0.0474679401 -0.00878417195 0.470588 0.470588 0.470588
v 0.0444373595 -0.0472295556 -0.00703594936 0.470588 0.470588 0.470588
v 0.0440236813 -0.0469684654 -0.00530246222 0.470588 0.470588 0.470588
v 0.0435566341 -0.0466937784 -0.00358455101 0.470588 0.470588 0.470588
v 0.0430164185 -0.0464177126 -0.00188845844 1 0 0
v 0.0423933417 -0.0461369975 -0.000221750766 1 0 0
v 0.0413407297 -0.0459444561 0.00116034845 1 0 0
v 0.0398495679 -0.0458861476 0.00215619856 1 0 0
v 0.0382214512 -0.0458868384 0.002927358 1 0 0
v 0.0365929024 -0.0458927551 0.00369758785 1 0 0
v 0.0349657591 -0.045902697 0.00447071363 0 1 0
v 0.0449988777 -0.0434929165 -0.123446112 0 1 0
v 0.0451122105 -0.043647673 -0.121655409 0 1 0
v 0.045328944 -0.0437884493 -0.119873053 0 1 0
v 0.0456023746 -0.0439265304 -0.118098183 0 1 0
v 0.0458755634 -0.0440623791 -0.116323107 0 1 0
v 0.0461566045 -0.0441973121 -0.114549187 0 1 0
v 0.0464379493 -0.0443304854 -0.112775181 0 0.501961 1
v 0.0467137852 -0.0444642213 -0.111000355 0 0.501961 1
v 0.0469777685 -0.0445981414 -0.109223759 0 0.501961 1
v 0.0472253843 -0.0447341659 -0.107444973 0 0.501961 1
v 0.0474649969 -0.044868073 -0.105664903 0 0.501961 1
v 0.0476990084 -0.0450009416 -0.103884036 0 0.501961 1
v 0.0479125833 -0.0451304961 -0.102100381 1 0.784314 0
v 0.0481036676 -0.0452542952 -0.100313746 1 0.784314 0
v 0.0482761786 -0.0453761062 -0.0985250767 1 0.784314 0
v 0.0484357622 -0.0454930783 -0.0967348786 1 0.784314 0
v 0.0485909968 -0.0456027286 -0.094943825 1 0.784314 0
v 0.0487486224 -0.045720263 -0.0931534825 1 0.784314 0
v 0.0489054823 -0.0458373083 -0.0913630408 0.705882 0 1
v 0.0490623857 -0.0459563853 -0.089572736 0.705882 0 1
v 0.049218573 -0.0460756405 -0.08778238 0.705882 0 1
v 0.0493726238 -0.0461915293 -0.0859916255 0.705882 0 1
v 0.0495180012 -0.0463081636 -0.084200188 0.705882 0 1
v 0.0496522185 -0.046422322 -0.0824077384 0.705882 0 1
v 0.0497617264 -0.0465281152 -0.0806131158 0.705882 0 1
v 0.0498491012 -0.0466301847 -0.0788170407 0.705882 0 1
v 0.0499208047 -0.0467158688 -0.0770194155 0 0.862745 0.862745
v 0.0499880696 -0.0468018729 -0.0752216186 0 0.862745 0.862745
v 0.0500557801 -0.0468899793 -0.0734239396 0 0.862745 0.862745
v 0.0501247178 -0.0469701111 -0.0716259355 0 0.862745 0.862745
v 0.0501952891 -0.0470490802 -0.069827954 0 0.862745 0.862745
v 0.0502661212 -0.0471290428 -0.0680300226 0 0.862745 0.862745
v 0.0503316882 -0.0472199312 -0.0662324167 1 0.470588 0
v 0.0503924185 -0.0473008257 -0.0644341588 1 0.470588 0
v 0.0504416837 -0.047381742 -0.0626355535 1 0.470588 0
v 0.0504720669 -0.0474662875 -0.0608366993 1 0.470588 0
v 0.0504778916 -0.0475350518 -0.0590369717 1 0.470588 0
v 0.0504642675 -0.0476010945 -0.0572371402 1 0.470588 0
v 0.0504461872 -0.0476441723 -0.0554366432 0.470588 1 0
v 0.050428674 -0.0476794488 -0.0536359734 0.470588 1 0
v 0.0504042972 -0.0477164151 -0.0518354176 0.470588 1 0
v 0.0503812439 -0.047756945 -0.0500349125 0.470588 1 0
v 0.0503580755 -0.0477960505 -0.0482343776 0.470588 1 0
v 0.0503302043 -0.0478334924 -0.0464338757 0.470588 1 0
v 0.0502951696 -0.0478744764 -0.0446336008 1 0 0.705882
v 0.0502461997 -0.0479177807 -0.042833691 1 0 0.705882
v 0.0501791441 -0.0479588834 -0.0410343401 1 0 0.705882
v 0.0500914027 -0.0479954967 -0.0392357742 1 0 0.705882
v 0.0499873977 -0.0480176563 -0.0374378199 1 0 0.705882
v 0.0498735829 -0.0480232506 -0.0356403183 1 0 0.705882
v 0.0497528109 -0.0480272474 -0.0338432687 0.313725 0.313725 1
v 0.0496262384 -0.0480269688 -0.0320466216 0.313725 0.313725 1
v 0.049493017 -0.0480294746 -0.0302504563 0.313725 0.313725 1
v 0.0493547084 -0.0480326445 -0.0284546776 0.313725 0.313725 1
v 0.0492144542 -0.0480369048 -0.0266590483 0.313725 0.313725 1
v 0.0490645496 -0.0480355999 -0.0248642255 0.313725 0.313725 1
v 0.0488974508 -0.0480366866 -0.0230708881 0.705882 0.470588 0.156863
v 0.0487173662 -0.0480278532 -0.0212788253 0.705882 0.470588 0.156863
v 0.048523461 -0.0480124407 -0.0194882769 0.705882 0.470588 0.156863
v 0.0483192598 -0.0479784258 -0.0176991113 0.705882 0.470588 0.156863
v 0.0481029476 -0.0479239912 -0.0159119241 0.705882 0.470588 0.156863
v 0.0478636076 -0.0478350467 -0.0141292148 0.705882 0.470588 0.156863
v 0.0476042357 -0.0477028571 -0.0123518774 0.470588 0.470588 0.470588
v 0.0473203119 -0.0475244016 -0.0105824114 0.470588 0.470588 0.470588
v 0.0470059273 -0.0473108577 -0.00882199575 0.470588 0.470588 0.470588
v 0.0466544438 -0.0470651626 -0.00707286974 0.470588 0.470588 0.470588
v 0.0462555062 -0.0467916568 -0.00533809048 0.470588 0.470588 0.470588
v 0.04580229 -0.0465015436 -0.00361954403 0.470588 0.470588 0.470588
v 0.0452853016 -0.0462040146 -0.00192046391 1 0 0
v 0.0446953332 -0.0459043088 -0.000245744516 1 0 0
v 0.0440415837 -0.0455967755 0.00140389189 1 0 0
v 0.0430771942 -0.0453469915 0.00289912215 1 0 0
v 0.0414719443 -0.0453340321 0.00371407808 1 0 0
v 0.0398437628 -0.0453417636 0.00448410002 1 0 0
v 0.0382166918 -0.0453482264 0.00525648276 0 1 0
v 0.0365885543 -0.0453522769 0.00602664176 0 1 0
v 0.0349611711 -0.0453574548 0.00679838538 0 0.501961 1
v 0.0471590768 -0.0432697999 -0.123448219 0 1 0
v 0.047281255 -0.0434246179 -0.121659916 0 1 0
v 0.0475066836 -0.043558714 -0.119879871 0 1 0
v 0.0477793346 -0.0436920931 -0.118106323 0 1 0
v 0.0480574114 -0.0438263383 -0.116333677 0 1 0
v 0.0483378372 -0.0439532292 -0.114560861 0 1 0
v 0.0486176492 -0.0440849342 -0.112788301 0 0.501961 1
v 0.0488915139 -0.0442134276 -0.11101458 0 0.501961 1
v 0.0491517692 -0.0443451662 -0.109239065 0 0.501961 1
v 0.0493961852 -0.0444766291 -0.10746128 0 0.501961 1
v 0.04963603 -0.0446101965 -0.105683011 0 0.501961 1
v 0.0498672542 -0.044740498 -0.103903375 0 0.501961 1
v 0.0500774221 -0.0448668961 -0.102120883 1 0.784314 0
v 0.0502652302 -0.0449862747 -0.100335381 1 0.784314 0
v 0.0504354942 -0.0451030963 -0.0985479593 1 0.784314 0
v 0.0505933255 -0.0452121658 -0.0967588785 1 0.784314 0
v 0.0507488561 -0.0453224116 -0.0949696666 1 0.784314 0
v 0.0509051195 -0.0454330272 -0.0931805415 1 0.784314 0
v 0.0510611425 -0.0455459846 -0.0913915426 0.705882 0 1
v 0.0512182033 -0.0456627648 -0.0896028848 0.705882 0 1
v 0.0513713594 -0.0457758613 -0.0878136603 0.705882 0 1
v 0.0515247423 -0.0458923474 -0.086024671 0.705882 0 1
v 0.0516705394 -0.0459993096 -0.0842344424 0.705882 0 1
v 0.0518052059 -0.0461075467 -0.0824434279 0.705882 0 1
v 0.051910975 -0.0462095137 -0.0806501076 0.705882 0 1
v 0.0519957011 -0.0463001157 -0.078855061 0.705882 0 1
v 0.0520678135 -0.0463943358 -0.0770596398 0 0.862745 0.862745
v 0.0521337632 -0.0464767676 -0.0752634079 0 0.862745 0.862745
v 0.0521992019 -0.0465546427 -0.0734669488 0 0.862745 0.862745
v 0.0522669424 -0.0466303279 -0.0716704841 0 0.862745 0.862745
v 0.0523400447 -0.046710592 -0.0698744249 0 0.862745 0.862745
v 0.0524110121 -0.0467886686 -0.0680781859 0 0.862745 0.862745
v 0.0524758572 -0.0468755366 -0.0662821194 1 0.470588 0
v 0.0525342591 -0.0469570762 -0.0644855842 1 0.470588 0
v 0.0525828284 -0.0470440528 -0.0626890187 1 0.470588 0
v 0.0526142223 -0.0471217975 -0.0608916625 1 0.470588 0
v 0.052621389 -0.0471882237 -0.0590937053 1 0.470588 0
v 0.0526077534 -0.0472436737 -0.0572952866 1 0.470588 0
v 0.0525883649 -0.0472907723 -0.0554966822 0.470588 1 0
v 0.0525679793 -0.0473280457 -0.0536978505 0.470588 1 0
v 0.0525458821 -0.0473644227 -0.0518990409 0.470588 1 0
v 0.0525247309 -0.0474050558 -0.0501002916 0.470588 1 0
v 0.0525021546 -0.0474456657 -0.0483015545 0.470588 1 0
v 0.052478022 -0.0474842616 -0.0465027933 0.470588 1 0
v 0.0524411646 -0.0475235314 -0.0447042628 1 0 0.705882
v 0.0523942178 -0.0475652542 -0.0429060279 1 0 0.705882
v 0.0523287309 -0.0476120114 -0.0411085019 1 0 0.705882
v 0.0522418956 -0.0476474767 -0.0393116488 1 0 0.705882
v 0.0521397396 -0.0476753235 -0.0375154422 1 0 0.705882
v 0.0520274434 -0.0476841667 -0.0357196732 1 0 0.705882
v 0.0519100248 -0.0476925415 -0.0339241996 0.313725 0.313725 1
v 0.0517843013 -0.047695063 -0.0321292864 0.313725 0.313725 1
v 0.0516523639 -0.0477022162 -0.0303348379 0.313725 0.313725 1
v 0.0515150966 -0.0477102536 -0.0285407742 0.313725 0.313725 1
v 0.0513746048 -0.0477143309 -0.0267469471 0.313725 0.313725 1
v 0.0512284798 -0.0477167366 -0.024953573 0.313725 0.313725 1
v 0.0510644006 -0.0477207976 -0.02316177 0.705882 0.470588 0.156863
v 0.0508848262 -0.0477173447 -0.021371422 0.705882 0.470588 0.156863
v 0.0506960102 -0.0477055159 -0.0195820659 0.705882 0.470588 0.156863
v 0.0504967559 -0.0476851029 -0.0177939146 0.705882 0.470588 0.156863
v 0.0502837471 -0.0476492621 -0.0160075952 0.705882 0.470588 0.156863
v 0.0500522398 -0.0475848042 -0.0142246198 0.705882 0.470588 0.156863
v 0.0497989763 -0.0474793795 -0.0124464248 0.470588 0.470588 0.470588
v 0.0495222051 -0.0473187579 -0.0106759111 0.470588 0.470588 0.470588
v 0.0492194517 -0.0471236353 -0.00891313561 0.470588 0.470588 0.470588
v 0.0488804012 -0.0468851693 -0.00716230459 0.470588 0.470588 0.470588
v 0.0484964258 -0.0466055342 -0.00542688238 0.470588 0.470588 0.470588
v 0.0480613885 -0.0463068354 -0.00370679685 0.470588 0.470588 0.470588
v 0.0475706752 -0.0459948116 -0.00200401603 1 0 0
v 0.047004175 -0.045670498 -0.000327312274 1 0 0
v 0.0463740309 -0.0453486194 0.00132677919 1 0 0
v 0.0456757244 -0.0450103373 0.00294970195 1 0 0
v 0.0446167668 -0.0447688016 0.00434320944 1 0 0
v 0.04308524 -0.0447200295 0.00525513546 1 0 0
v 0.0414585626 -0.0447263069 0.00602421907 0 1 0
v 0.0398329814 -0.0447354735 0.00679558424 0 1 0
v 0.0382077976 -0.0447472105 0.00756776125 0 1 0
v 0.036581895 -0.0447525712 0.00833849469 0 1 0
v 0.0349568169 -0.0447599768 0.00911095174 0 0.501961 1
v 0.0493157521 -0.0430152518 -0.123449274 0 0.862745 0.862745
v 0.0494476733 -0.0431674099 -0.121662349 0 0.862745 0.862745
v 0.0496822567 -0.0432947926 -0.119883847 0 0.862745 0.862745
v 0.0499536814 -0.0434211874 -0.118110501 0 0.862745 0.862745
v 0.0502335085 -0.0435515975 -0.116338745 0 0.862745 0.862745
v 0.0505139294 -0.043672726 -0.114566426 0 0.862745 0.862745
v 0.0507943905 -0.0438037913 -0.112794816 1 0.470588 0
v 0.0510654515 -0.0439217205 -0.111020819 1 0.470588 0
v 0.0513214916 -0.0440501524 -0.109245326 1 0.470588 0
v 0.051563951 -0.0441743556 -0.107467649 1 0.470588 0
v 0.0518025798 -0.0443027412 -0.105689743 1 0.470588 0
v 0.0520302224 -0.0444277527 -0.103910144 1 0.470588 0
v 0.0522357858 -0.0445444679 -0.102127361 0.470588 1 0
v 0.0524196944 -0.0446569877 -0.100341891 0.470588 1 0
v 0.0525870463 -0.0447657232 -0.0985545698 0.470588 1 0
v 0.0527439464 -0.0448729752 -0.0967661853 0.470588 1 0
v 0.0528982613 -0.0449747734 -0.0949772676 0.470588 1 0
v 0.0530535582 -0.0450801483 -0.0931886449 0.470588 1 0
v 0.0532097241 -0.0451942139 -0.0914006231 1 0 0.705882
v 0.0533658626 -0.0453010444 -0.0896121474 1 0 0.705882
v 0.053520089 -0.0454151295 -0.0878239516 1 0 0.705882
v 0.0536717019 -0.0455279968 -0.0860354747 1 0 0.705882
v 0.0538151572 -0.0456318046 -0.0842457593 1 0 0.705882
v 0.0539448089 -0.0457332547 -0.0824548719 1 0 0.705882
v 0.0540481326 -0.0458216288 -0.0806616405 1 0 0.705882
v 0.0541322446 -0.0459152694 -0.0788676215 1 0 0.705882
v 0.0542057025 -0.046008573 -0.0770731138 0.313725 0.313725 1
v 0.0542733422 -0.0460878567 -0.0752776802 0.313725 0.313725 1
v 0.0543387064 -0.0461559272 -0.0734816994 0.313725 0.313725 1
v 0.0544040657 -0.0462302639 -0.0716859726 0.313725 0.313725 1
v 0.0544761336 -0.0463090492 -0.0698907001 0.313725 0.313725 1
v 0.0545464247 -0.0463912627 -0.0680955088 0.313725 0.313725 1
v 0.0546078671 -0.0464640267 -0.066299585 0.705882 0.470588 0.156863
v 0.0546641361 -0.0465460272 -0.064503886 0.705882 0.470588 0.156863
v 0.0547121148 -0.046623498 -0.0627077723 0.705882 0.470588 0.156863
v 0.0547450848 -0.0466967036 -0.0609111436 0.705882 0.470588 0.156863
v 0.0547533221 -0.0467666567 -0.059114157 0.705882 0.470588 0.156863
v 0.0547387199 -0.0468216803 -0.0573166122 0.705882 0.470588 0.156863
v 0.0547194144 -0.0468709558 -0.0555189351 0.705882 0.470588 0.156863
v 0.0547005031 -0.0469134232 -0.0537210972 0.705882 0.470588 0.156863
v 0.0546787582 -0.0469513571 -0.0519231966 0.470588 0.470588 0.470588
v 0.0546576422 -0.0469924645 -0.0501253543 0.470588 0.470588 0.470588
v 0.0546362691 -0.0470376893 -0.048327604 0.470588 0.470588 0.470588
v 0.0546102423 -0.0470785339 -0.0465297996 0.470588 0.470588 0.470588
v 0.0545763119 -0.0471191089 -0.0447321349 0.470588 0.470588 0.470588
v 0.0545300757 -0.0471587157 -0.0429347248 0.470588 0.470588 0.470588
v 0.0544660856 -0.0471980638 -0.0411378943 1 0 0
v 0.0543803083 -0.0472327987 -0.0393419021 1 0 0
v 0.0542784482 -0.0472593172 -0.0375465402 1 0 0
v 0.0541679942 -0.047281355 -0.0357516527 1 0 0
v 0.0540520626 -0.0472959143 -0.0339570076 1 0 0
v 0.0539286196 -0.047303122 -0.0321628604 1 0 0
v 0.0537987125 -0.0473145008 -0.0303692014 0 1 0
v 0.0536621916 -0.0473269546 -0.0285759928 0 1 0
v 0.0535212843 -0.0473293134 -0.0267830963 0 1 0
v 0.0533795262 -0.0473381709 -0.0249903543 0 1 0
v 0.0532160063 -0.0473371096 -0.0231994142 0 1 0
v 0.0530390105 -0.0473335711 -0.0214097003 0 1 0
v 0.0528548471 -0.0473391053 -0.0196207171 0 0.501961 1
v 0.0526549801 -0.0473186789 -0.0178335376 0 0.501961 1
v 0.0524507956 -0.0473023838 -0.0160467898 0 0.501961 1
v 0.0522247379 -0.0472603175 -0.0142633064 0 0.501961 1
v 0.0519798252 -0.0471939504 -0.0124828642 0 0.501961 1
v 0.0517104073 -0.0470566807 -0.0107100392 0 0.501961 1
v 0.0514133351 -0.0468753567 -0.00894562788 1 0.784314 0
v 0.0510830328 -0.0466557321 -0.00719152283 1 0.784314 0
v 0.0507099735 -0.0463836676 -0.00545356065 1 0.784314 0
v 0.0502872724 -0.0460830703 -0.0037317428 1 0.784314 0
v 0.0498082649 -0.0457540778 -0.00202999639 1 0.784314 0
v 0.0492702008 -0.0454143457 -0.00034844666 1 0.784314 0
v 0.0486670989 -0.0450636589 0.0013088357 0.705882 0 1
v 0.0480010428 -0.0447006466 0.002939049 0.705882 0 1
v 0.0472559712 -0.0443383064 0.00453457766 0.705882 0 1
v 0.0463254961 -0.0440257304 0.00600691373 0.705882 0 1
v 0.0446977157 -0.0440314898 0.0067715852 0.705882 0 1
v 0.0430727346 -0.0440437831 0.00754212671 0.705882 0 1
v 0.0414488693 -0.0440571396 0.00831499577 0 0.862745 0.862745
v 0.0398236453 -0.0440659847 0.00908506279 0 0.862745 0.862745
v 0.0381991411 -0.0440798517 0.00985656223 0 0.862745 0.862745
v 0.0365752449 -0.0440923569 0.0106293496 0 0.862745 0.862745
v 0.0349529273 -0.0441111595 0.0114053555 1 0.470588 0
v 0.0514665355 -0.0427153988 -0.123449969 0 0.862745 0.862745
v 0.0516084974 -0.0428607461 -0.121666407 0 0.862745 0.862745
v 0.0518518433 -0.0429788868 -0.119891564 0 0.862745 0.862745
v 0.0521226093 -0.0431011446 -0.118120975 0 0.862745 0.862745
v 0.0524006675 -0.043223992 -0.116351544 0 0.862745 0.862745
v 0.0526798543 -0.0433371513 -0.114581655 0 0.862745 0.862745
v 0.0529583727 -0.0434576156 -0.112812142 1 0.470588 0
v 0.0532246819 -0.0435728198 -0.111040398 1 0.470588 0
v 0.05347754 -0.0436917311 -0.109266929 1 0.470588 0
v 0.05371716 -0.0438155632 -0.107491943 1 0.470588 0
v 0.053953647 -0.0439337927 -0.105716155 1 0.470588 0
v 0.0541777729 -0.0440486662 -0.103938552 1 0.470588 0
v 0.0543778983 -0.0441554719 -0.102157651 0.470588 1 0
v 0.0545601463 -0.044262278 -0.100374788 0.470588 1 0
v 0.0547258252 -0.0443668714 -0.0985901851 0.470588 1 0
v 0.0548811394 -0.0444667711 -0.0968043521 0.470588 1 0
v 0.0550342507 -0.0445699093 -0.0950185063 0.470588 1 0
v 0.0551886338 -0.0446744421 -0.0932328505 0.470588 1 0
v 0.0553412715 -0.0447689391 -0.0914464912 1 0 0.705882
v 0.0554945609 -0.0448712797 -0.0896606573 1 0 0.705882
v 0.0556481496 -0.0449828772 -0.0878753651 1 0 0.705882
v 0.0557988034 -0.0450886121 -0.086089466 1 0 0.705882
v 0.0559417412 -0.0451893529 -0.0843026491 1 0 0.705882
v 0.0560672704 -0.0452813567 -0.0825140446 1 0 0.705882
v 0.0561680903 -0.0453653619 -0.0807235739 1 0 0.705882
v 0.0562536537 -0.0454574287 -0.0789326978 1 0 0.705882
v 0.0563247499 -0.0455408395 -0.0771407384 0.313725 0.313725 1
v 0.0563898393 -0.0456163661 -0.0753481478 0.313725 0.313725 1
v 0.056453837 -0.0456894892 -0.0735554203 0.313725 0.313725 1
v 0.0565203596 -0.0457568823 -0.0717625567 0.313725 0.313725 1
v 0.0565912324 -0.0458256095 -0.0699699111 0.313725 0.313725 1
v 0.0566615483 -0.0459082332 -0.0681778406 0.313725 0.313725 1
v 0.0567230448 -0.0459803858 -0.0663850118 0.705882 0.470588 0.156863
v 0.0567799885 -0.0460604974 -0.0645923682 0.705882 0.470588 0.156863
v 0.0568258609 -0.046130622 -0.0627990337 0.705882 0.470588 0.156863
v 0.0568574859 -0.0461938402 -0.0610051004 0.705882 0.470588 0.156863
v 0.0568687815 -0.0462647082 -0.0592111825 0.705882 0.470588 0.156863
v 0.0568538422 -0.0463171767 -0.0574166585 0.705882 0.470588 0.156863
v 0.0568372711 -0.0463727093 -0.0556222394 0.705882 0.470588 0.156863
v 0.0568188027 -0.046419972 -0.0538276148 0.705882 0.470588 0.156863
v 0.0567959801 -0.0464577334 -0.0520328195 0.470588 0.470588 0.470588
v 0.0567737037 -0.0464962593 -0.0502380267 0.470588 0.470588 0.470588
v 0.0567501612 -0.0465316957 -0.0484431964 0.470588 0.470588 0.470588
v 0.0567277998 -0.0465774141 -0.0466485575 0.470588 0.470588 0.470588
v 0.0566932715 -0.0466214783 -0.0448540728 0.470588 0.470588 0.470588
v 0.0566498036 -0.0466643995 -0.0430597746 0.470588 0.470588 0.470588
v 0.0565897182 -0.0467002089 -0.0412658236 1 0 0
v 0.0565080672 -0.0467336849 -0.0394726597 1 0 0
v 0.0564083311 -0.0467606271 -0.0376802745 1 0 0
v 0.0562976207 -0.0467867734 -0.0358885604 1 0 0
v 0.0561807257 -0.0468022897 -0.0340971036 1 0 0
v 0.0560602906 -0.0468186642 -0.0323059205 1 0 0
v 0.0559350415 -0.0468340448 -0.0305150521 0 1 0
v 0.0557999842 -0.0468487055 -0.0287248656 0 1 0
v 0.0556606937 -0.0468596854 -0.0269350037 0 1 0
v 0.0555164095 -0.0468627785 -0.0251455091 0 1 0
v 0.0553625719 -0.0468718419 -0.0233568284 0 1 0
v 0.0551860408 -0.0468673389 -0.0215701989 0 1 0
v 0.0550029274 -0.0468718518 -0.0197842106 0 0.501961 1
v 0.0548093003 -0.0468676824 -0.0179993537 0 0.501961 1
v 0.0546101859 -0.0468582966 -0.0162150918 0 0.501961 1
v 0.0543942409 -0.0468344094 -0.014433055 0 0.501961 1
v 0.0541558123 -0.0467902995 -0.0126541483 0 0.501961 1
v 0.0538987544 -0.0467045715 -0.0108798959 0 0.501961 1
v 0.0536118896 -0.0465543435 -0.00911413106 1 0.784314 0
v 0.0532930049 -0.0463630141 -0.00735787869 1 0.784314 0
v 0.0529390971 -0.046125694 -0.00561415865 1 0.784314 0
v 0.052539701 -0.0458425242 -0.00388706246 1 0.784314 0
v 0.0520858479 -0.0455241492 -0.00217968351 1 0.784314 0
v 0.0515796881 -0.0451632512 -0.000495417128 1 0.784314 0
v 0.0509948309 -0.0447885819 0.00116010439 0.705882 0 1
v 0.0503543837 -0.0444053159 0.0027927828 0.705882 0 1
v 0.0496481293 -0.0440111576 0.00439518199 0.705882 0 1
v 0.048884409 -0.0436290074 0.0059739635 0.705882 0 1
v 0.0478147175 -0.0433472411 0.00734768233 0.705882 0 1
v 0.0462968237 -0.0432866022 0.00827610322 0.705882 0 1
v 0.0446733186 -0.0432996505 0.00904244915 0 0.862745 0.862745
v 0.0430521201 -0.0433153976 0.00981366497 0 0.862745 0.862745
v 0.0414306034 -0.0433258672 0.0105842879 0 0.862745 0.862745
v 0.0398093827 -0.0433380581 0.0113554934 0 0.862745 0.862745
v 0.0381889591 -0.0433546634 0.0121283035 0 0.862745 0.862745
v 0.0365698757 -0.0433778295 0.0129037748 0 0.862745 0.862745
v 0.0349499299 -0.0434035805 0.0136773498 1 0.470588 0
v 0.0536076981 -0.0423535817 -0.123450666 0 0.862745 0.862745
v 0.0537624191 -0.0424880858 -0.121670009 0 0.862745 0.862745
v 0.0540121779 -0.0425963307 -0.119897913 0 0.862745 0.862745
v 0.054280559 -0.0427141991 -0.118129175 0 0.862745 0.862745
v 0.0545567601 -0.042824396 -0.116361135 0 0.862745 0.862745
v 0.0548363345 -0.0429343777 -0.114593611 0 0.862745 0.862745
v 0.0551112095 -0.0430455672 -0.112825431 1 0.470588 0
v 0.0553753894 -0.0431574538 -0.111055701 1 0.470588 0
v 0.0556213305 -0.0432693714 -0.109283337 1 0.470588 0
v 0.055859384 -0.0433830282 -0.107509984 1 0.470588 0
v 0.0560910541 -0.0434907481 -0.105735396 1 0.470588 0
v 0.0563087274 -0.0435934436 -0.103958776 1 0.470588 0
v 0.0565075711 -0.0436926189 -0.102179779 0.470588 1 0
v 0.0566855467 -0.0437854871 -0.10039819 0.470588 1 0
v 0.0568503984 -0.0438849785 -0.0986157101 0.470588 1 0
v 0.0570051787 -0.0439868379 -0.096832431 0.470588 1 0
v 0.0571532196 -0.0440810601 -0.0950481495 0.470588 1 0
v 0.0573079117 -0.0441812154 -0.0932647823 0.470588 1 0
v 0.0574591401 -0.044274972 -0.0914807547 1 0 0.705882
v 0.0576101229 -0.0443765595 -0.089697138 1 0 0.705882
v 0.0577614212 -0.0444733904 -0.0879132821 1 0 0.705882
v 0.057907445 -0.0445644605 -0.0861286778 1 0 0.705882
v 0.0580472795 -0.0446559969 -0.0843436042 1 0 0.705882
v 0.0581736375 -0.0447478283 -0.0825575747 1 0 0.705882
v 0.0582774136 -0.0448339601 -0.0807697756 1 0 0.705882
v 0.0583553233 -0.0449116373 -0.0789802872 1 0 0.705882
v 0.0584242362 -0.0449860051 -0.0771903035 0.313725 0.313725 1
v 0.0584901421 -0.0450622524 -0.0754002638 0.313725 0.313725 1
v 0.0585546076 -0.0451407903 -0.0736102644 0.313725 0.313725 1
v 0.0586181909 -0.0452026025 -0.0718196065 0.313725 0.313725 1
v 0.058688106 -0.0452639493 -0.0700291555 0.313725 0.313725 1
v 0.0587579885 -0.0453370728 -0.0682391677 0.313725 0.313725 1
v 0.0588194374 -0.0454130978 -0.0664489834 0.705882 0.470588 0.156863
v 0.0588764496 -0.0454888763 -0.0646586332 0.705882 0.470588 0.156863
v 0.0589196103 -0.0455550415 -0.0628674913 0.705882 0.470588 0.156863
v 0.0589513523 -0.0456251423 -0.0610763063 0.705882 0.470588 0.156863
v 0.058959222 -0.0456809734 -0.059284369 0.705882 0.470588 0.156863
v 0.0589453844 -0.0457302869 -0.0574922179 0.705882 0.470588 0.156863
v 0.0589317247 -0.0457870449 -0.0557002967 0.705882 0.470588 0.156863
v 0.0589164177 -0.0458290015 -0.0539080099 0.705882 0.470588 0.156863
v 0.0588903783 -0.0458675729 -0.0521157349 0.470588 0.470588 0.470588
v 0.0588699561 -0.0459190437 -0.0503237547 0.470588 0.470588 0.470588
v 0.0588456326 -0.0459505799 -0.0485313285 0.470588 0.470588 0.470588
v 0.0588224022 -0.0459913051 -0.0467391305 0.470588 0.470588 0.470588
v 0.0587891521 -0.0460321904 -0.0449471085 0.470588 0.470588 0.470588
v 0.0587459966 -0.0460847767 -0.0431555317 0.470588 0.470588 0.470588
v 0.0586832499 -0.0461116727 -0.0413639408 1 0 0
v 0.0586000789 -0.0461413126 -0.0395732626 1 0 0
v 0.0585058043 -0.0461728785 -0.0377831562 1 0 0
v 0.0584005309 -0.0461923866 -0.0359934651 1 0 0
v 0.0582814759 -0.046206594 -0.0342045942 1 0 0
v 0.0581610853 -0.0462257813 -0.032415867 1 0 0
v 0.0580382103 -0.0462500813 -0.0306273863 0 1 0
v 0.0579063194 -0.0462690386 -0.0288394856 0 1 0
v 0.0577687877 -0.0462811036 -0.0270519746 0 1 0
v 0.0576292143 -0.0462903077 -0.0252646385 0 1 0
v 0.0574847049 -0.0463195419 -0.0234779086 0 1 0
v 0.0573078054 -0.0463112199 -0.0216937906 0 1 0
v 0.0571286583 -0.0463098023 -0.0199099007 0 0.501961 1
v 0.0569364194 -0.046321132 -0.0181273941 0 0.501961 1
v 0.0567396307 -0.0463085229 -0.0163454037 0 0.501961 1
v 0.0565322364 -0.0462985812 -0.0145647314 0 0.501961 1
v 0.0562954512 -0.0462564932 -0.0127880536 0 0.501961 1
v 0.0560563512 -0.0462219448 -0.0110116085 0 0.501961 1
v 0.055781061 -0.0461068144 -0.009243745 1 0.784314 0
v 0.0554770591 -0.045959645 -0.00748296313 1 0.784314 0
v 0.0551378482 -0.0457651791 -0.00573332908 1 0.784314 0
v 0.0547576552 -0.0455216184 -0.0039983508 1 0.784314 0
v 0.0543273077 -0.0452304887 -0.00228303403 1 0.784314 0
v 0.0538347615 -0.0448759865 -0.000596238466 1 0.784314 0
v 0.053277576 -0.0444893561 0.00106295417 0.705882 0 1
v 0.052668611 -0.0440813942 0.00269886245 0.705882 0 1
v 0.0519977884 -0.0436679878 0.0043091447 0.705882 0 1
v 0.0512586926 -0.0432535066 0.00588897554 0.705882 0 1
v 0.0504555029 -0.042846985 0.00743913595 0.705882 0 1
v 0.0494161719 -0.0425320203 0.0088130103 0.705882 0 1
v 0.0478932045 -0.0424708214 0.0097487656 0 0.862745 0.862745
v 0.0462721573 -0.0424856962 0.0105144896 0 0.862745 0.862745
v 0.0446546697 -0.0425075423 0.0112875517 0 0.862745 0.862745
v 0.0430352483 -0.0425199408 0.0120568184 0 0.862745 0.862745
v 0.0414166522 -0.0425351348 0.012827729 0 0.862745 0.862745
v 0.0397984858 -0.0425534659 0.0135994542 0 0.862745 0.862745
v 0.0381817175 -0.0425778736 0.0143740006 0 0.862745 0.862745
v 0.0365633911 -0.0425974676 0.0151454241 0 0.862745 0.862745
v 0.0349481319 -0.0426258717 0.0159229517 1 0.470588 0
v 0.0557335929 -0.0419108431 -0.12345193 0 0.862745 0.862745
v 0.0558930402 -0.0420283528 -0.121673202 0 0.862745 0.862745
v 0.0561512542 -0.0421299314 -0.119905195 0 0.862745 0.862745
v 0.0564209966 -0.0422378862 -0.118139234 0 0.862745 0.862745
v 0.0566947383 -0.0423423709 -0.116373663 0 0.862745 0.862745
v 0.0569706893 -0.0424484682 -0.114608551 0 0.862745 0.862745
v 0.0572401883 -0.0425495842 -0.112842145 1 0.470588 0
v 0.0574991447 -0.042651037 -0.111074203 1 0.470588 0
v 0.0577435656 -0.0427588052 -0.109304553 1 0.470588 0
v 0.057976111 -0.0428556085 -0.1075327 1 0.470588 0
v 0.0582027263 -0.0429488684 -0.105759895 1 0.470588 0
v 0.0584203933 -0.0430497233 -0.103986395 1 0.470588 0
v 0.0586169224 -0.0431395402 -0.102209808 0.470588 1 0
v 0.0587860514 -0.0432232572 -0.100430107 0.470588 1 0
v 0.0589479634 -0.0433210597 -0.0986504263 0.470588 1 0
v 0.0590993138 -0.0434174551 -0.0968697199 0.470588 1 0
v 0.0592475679 -0.043499121 -0.095088056 0.470588 1 0
v 0.0593998751 -0.0435937124 -0.0933073795 0.470588 1 0
v 0.059550379 -0.043681568 -0.0915261711 1 0 0.705882
v 0.0597018695 -0.0437713564 -0.0897451365 1 0 0.705882
v 0.0598456404 -0.043846601 -0.0879627888 1 0 0.705882
v 0.0599875495 -0.0439286243 -0.0861805855 1 0 0.705882
v 0.0601253721 -0.0440176537 -0.0843984 1 0 0.705882
v 0.06025135 -0.0441164435 -0.0826158723 1 0 0.705882
v 0.0603497801 -0.0442007413 -0.0808309406 1 0 0.705882
v 0.0604279918 -0.0442702372 -0.0790443234 1 0 0.705882
v 0.0604954119 -0.0443383843 -0.0772571768 0.313725 0.313725 1
v 0.0605565881 -0.0443983788 -0.0754695135 0.313725 0.313725 1
v 0.0606145787 -0.0444570179 -0.0736817016 0.313725 0.313725 1
v 0.0606805779 -0.0445247066 -0.0718944896 0.313725 0.313725 1
v 0.0607511552 -0.0445950358 -0.0701075519 0.313725 0.313725 1
v 0.0608205513 -0.0446654209 -0.068320573 0.313725 0.313725 1
v 0.060879241 -0.044730405 -0.0665330566 0.705882 0.470588 0.156863
v 0.0609333371 -0.0448024309 -0.0647456272 0.705882 0.470588 0.156863
v 0.0609791006 -0.0448640823 -0.062957562 0.705882 0.470588 0.156863
v 0.0610106207 -0.0449278151 -0.0611693169 0.705882 0.470588 0.156863
v 0.0610236172 -0.0449961503 -0.0593809568 0.705882 0.470588 0.156863
v 0.0610103742 -0.0450375317 -0.0575917606 0.705882 0.470588 0.156863
v 0.0609938534 -0.0450904389 -0.0558028997 0.705882 0.470588 0.156863
v 0.0609742529 -0.0451314006 -0.0540137734 0.705882 0.470588 0.156863
v 0.0609530948 -0.0451735104 -0.0522246993 0.470588 0.470588 0.470588
v 0.0609276962 -0.0452087719 -0.0504356737 0.470588 0.470588 0.470588
v 0.060905953 -0.0452541434 -0.0486467296 0.470588 0.470588 0.470588
v 0.0608753294 -0.0452853084 -0.0468575616 0.470588 0.470588 0.470588
v 0.0608456006 -0.0453249799 -0.0450685988 0.470588 0.470588 0.470588
v 0.0608016092 -0.0453701829 -0.0432800176 0.470588 0.470588 0.470588
v 0.0607452767 -0.0454117725 -0.0414917173 1 0 0
v 0.0606693899 -0.0454491214 -0.039704018 1 0 0
v 0.0605727618 -0.045476067 -0.0379171831 1 0 0
v 0.0604635692 -0.0454901238 -0.0361308534 1 0 0
v 0.0603490871 -0.0455012293 -0.0343448447 1 0 0
v 0.060230317 -0.0455148452 -0.0325591248 1 0 0
v 0.0601077531 -0.0455400566 -0.0307737906 0 1 0
v 0.0599798065 -0.0455684468 -0.0289889628 0 1 0
v 0.0598435676 -0.0455838042 -0.0272045547 0 1 0
v 0.059705865 -0.0455947346 -0.0254202058 0 1 0
v 0.0595655004 -0.0456277869 -0.0236363267 0 1 0
v 0.0593938377 -0.0456288987 -0.0218548883 0 1 0
v 0.0592128631 -0.0456176826 -0.0200744427 0 0.501961 1
v 0.0590267857 -0.0456353358 -0.0182945727 0 0.501961 1
v 0.0588276597 -0.0456185289 -0.0165161009 0 0.501961 1
v 0.0586297673 -0.0456233416 -0.0147374533 0 0.501961 1
v 0.0583981315 -0.0455909193 -0.0129631332 0 0.501961 1
v 0.0581604626 -0.0455568506 -0.0111895995 0 0.501961 1
v 0.0579014145 -0.0454839663 -0.00942045771 0 0.501961 1
v 0.0576199184 -0.0453919471 -0.00765543289 0 0.501961 1
v 0.0573111561 -0.0452667807 -0.00589758429 1 0.784314 0
v 0.0569558373 -0.0450881051 -0.00415268691 1 0.784314 0
v 0.0565459511 -0.0448439963 -0.0024289546 1 0.784314 0
v 0.0560865103 -0.0445397037 -0.000726629071 1 0.784314 0
v 0.055563894 -0.04416747 0.000943683959 1 0.784314 0
v 0.0549716031 -0.0437447267 0.00257856068 1 0.784314 0
v 0.0543243405 -0.0433161315 0.00419088063 0.705882 0 1
v 0.0536147435 -0.0428747762 0.00577328121 0.705882 0 1
v 0.0528471424 -0.0424367238 0.00732918893 0.705882 0 1
v 0.0520142479 -0.0420067214 0.00885296045 0.705882 0 1
v 0.0509961773 -0.0416517563 0.0102439335 0.705882 0 1
v 0.0494793506 -0.0415765375 0.011188269 0.705882 0 1
v 0.0478638106 -0.0415984123 0.0119580433 0 0.862745 0.862745
v 0.0462498196 -0.0416189446 0.0127311649 0 0.862745 0.862745
v 0.0446321588 -0.041636589 0.0134966399 0 0.862745 0.862745
v 0.043017226 -0.0416539784 0.0142678737 0 0.862745 0.862745
v 0.041402976 -0.0416827014 0.0150401487 0 0.862745 0.862745
v 0.03978794 -0.0417017973 0.0158111277 0 0.862745 0.862745
v 0.0381737907 -0.0417222225 0.0165838819 1 0.470588 0
v 0.0365607016 -0.0417542301 0.0173584066 1 0.470588 0
v 0.0349473785 -0.0417800778 0.0181327664 0.470588 1 0
v 0.0578338106 -0.0413593179 -0.123453912 0 0.862745 0.862745
v 0.0580192783 -0.0414655939 -0.121680923 0 0.862745 0.862745
v 0.0582635346 -0.0415647034 -0.119915046 0 0.862745 0.862745
v 0.0585316145 -0.0416619627 -0.118152117 0 0.862745 0.862745
v 0.0588037255 -0.0417600714 -0.116389854 0 0.862745 0.862745
v 0.0590763809 -0.0418579191 -0.114627668 0 0.862745 0.862745
v 0.0593414541 -0.0419447889 -0.112863753 1 0.470588 0
v 0.0595951215 -0.0420381578 -0.111098504 1 0.470588 0
v 0.059834405 -0.0421336846 -0.10933137 1 0.470588 0
v 0.0600611911 -0.0422173108 -0.107562001 1 0.470588 0
v 0.0602840188 -0.0423043699 -0.10579232 1 0.470588 0
v 0.0604981171 -0.0423983456 -0.104021921 1 0.470588 0
v 0.060689706 -0.0424831488 -0.102248418 0.470588 1 0
v 0.0608584266 -0.0425637259 -0.10047241 0.470588 1 0
v 0.0610161434 -0.042649097 -0.0986956319 0.470588 1 0
v 0.0611600488 -0.0427204101 -0.0969170399 0.470588 1 0
v 0.0613052224 -0.0428030601 -0.0951390446 0.470588 1 0
v 0.061457398 -0.0428933516 -0.0933619834 0.470588 1 0
v 0.0616040435 -0.0429778163 -0.0915841795 1 0 0.705882
v 0.0617433512 -0.0430410813 -0.0898049088 1 0 0.705882
v 0.0618824437 -0.0431028374 -0.0880255583 1 0 0.705882
v 0.0620221501 -0.0431737237 -0.0862466542 1 0 0.705882
v 0.0621661189 -0.0432704005 -0.0844692562 1 0 0.705882
v 0.0622852674 -0.04335275 -0.0826893005 1 0 0.705882
v 0.0623838029 -0.0434348984 -0.080908189 1 0 0.705882
v 0.0624588452 -0.0435028285 -0.0791252261 1 0 0.705882
v 0.0625218851 -0.0435632829 -0.0773415295 0.313725 0.313725 1
v 0.0625814917 -0.0436205945 -0.0755576145 0.313725 0.313725 1
v 0.0626372446 -0.0436731204 -0.0737734141 0.313725 0.313725 1
v 0.0626978134 -0.0437269591 -0.071989547 0.313725 0.313725 1
v 0.0627716944 -0.0438071788 -0.0702070633 0.313725 0.313725 1
v 0.0628385702 -0.0438720129 -0.0684236736 0.313725 0.313725 1
v 0.0628893949 -0.0439152975 -0.0666391861 0.705882 0.470588 0.156863
v 0.0629470852 -0.0439868207 -0.064855715 0.705882 0.470588 0.156863
v 0.0629903895 -0.0440436333 -0.0630713257 0.705882 0.470588 0.156863
v 0.0630201052 -0.0441041836 -0.0612868149 0.705882 0.470588 0.156863
v 0.0630270732 -0.0441615251 -0.059501924 0.705882 0.470588 0.156863
v 0.0630181244 -0.0442156149 -0.0577169838 0.705882 0.470588 0.156863
v 0.0629967782 -0.0442623086 -0.0559318777 0.705882 0.470588 0.156863
v 0.062977919 -0.0443014838 -0.0541465628 0.705882 0.470588 0.156863
v 0.0629574584 -0.0443332378 -0.0523611696 0.470588 0.470588 0.470588
v 0.0629233815 -0.0443497292 -0.0505758707 0.470588 0.470588 0.470588
v 0.0629004766 -0.0443921722 -0.0487907519 0.470588 0.470588 0.470588
v 0.0628703462 -0.0444239104 -0.0470054766 0.470588 0.470588 0.470588
v 0.0628534292 -0.0444829142 -0.0452206824 0.470588 0.470588 0.470588
v 0.0627983083 -0.0444978437 -0.0434357694 0.470588 0.470588 0.470588
v 0.0627522998 -0.0445483521 -0.0416512838 1 0 0
v 0.0626801498 -0.0445915184 -0.0398674188 1 0 0
v 0.0625841546 -0.0446157034 -0.0380843275 1 0 0
v 0.0624794909 -0.0446357438 -0.0363016721 1 0 0
v 0.0623681213 -0.0446571936 -0.0345194335 1 0 0
v 0.062249294 -0.0446764666 -0.0327376573 1 0 0
v 0.0621250321 -0.044693128 -0.0309562295 0 1 0
v 0.0619983245 -0.0447149974 -0.0291751787 0 1 0
v 0.0618601412 -0.0447306611 -0.0273948777 0 1 0
v 0.0617226339 -0.0447410321 -0.0256143681 0 1 0
v 0.0615834801 -0.0447629259 -0.0238340976 0 1 0
v 0.0614191135 -0.0447753848 -0.0220558863 0 1 0
v 0.0612383373 -0.0447599272 -0.0202793456 0 0.501961 1
v 0.0610563039 -0.0447763815 -0.0185029759 0 0.501961 1
v 0.0608610989 -0.0447707693 -0.0167279723 0 0.501961 1
v 0.0606589616 -0.0447593437 -0.0149536474 0 0.501961 1
v 0.0604415821 -0.0447521694 -0.0131811097 0 0.501961 1
v 0.0602095702 -0.044727726 -0.0114106019 0 0.501961 1
v 0.0599685356 -0.0446906958 -0.00964151923 0 0.501961 1
v 0.0597126676 -0.0446424012 -0.0078747551 0 0.501961 1
v 0.0594258624 -0.0445672449 -0.00611375663 1 0.784314 0
v 0.0590949955 -0.0444369823 -0.00436373157 1 0.784314 0
v 0.0587227995 -0.0442774041 -0.00262477465 1 0.784314 0
v 0.0583006887 -0.0440618748 -0.000904254444 1 0.784314 0
v 0.0578147197 -0.0437593356 0.00078728206 1 0.784314 0
v 0.0572572178 -0.04336568 0.00243726311 1 0.784314 0
v 0.0566349073 -0.0429339791 0.00405431689 0.705882 0 1
v 0.0559568207 -0.0424811142 0.0056428658 0.705882 0 1
v 0.0552174156 -0.0420198282 0.00720146574 0.705882 0 1
v 0.0544170651 -0.0415588382 0.00872936349 0.705882 0 1
v 0.053552291 -0.0411101957 0.0102250629 0.705882 0 1
v 0.0525524594 -0.040705356 0.0116328943 0.705882 0 1
v 0.0510535466 -0.0406062837 0.0125963337 0 0.862745 0.862745
v 0.0494423581 -0.0406350103 0.0133660658 0 0.862745 0.862745
v 0.047830725 -0.0406559726 0.014135113 0 0.862745 0.862745
v 0.0462182501 -0.0406756864 0.0149024344 0 0.862745 0.862745
v 0.0446071583 -0.0406965598 0.0156726038 0 0.862745 0.862745
v 0.0429981676 -0.0407255514 0.016446917 0 0.862745 0.862745
v 0.0413879929 -0.0407510412 0.0172188585 1 0.470588 0
v 0.0397769233 -0.0407729672 0.0179890222 1 0.470588 0
v 0.038165096 -0.0407942794 0.0187576196 1 0.470588 0
v 0.0365564578 -0.0408275894 0.0195324687 1 0.470588 0
v 0.0349471045 -0.0408589708 0.0203059318 0.470588 1 0
v 0.0599047941 -0.0407071055 -0.123455663 0 0.862745 0.862745
v 0.0600839167 -0.0407971119 -0.121685907 0 0.862745 0.862745
v 0.0603438147 -0.0408946558 -0.119926664 0 0.862745 0.862745
v 0.0606074461 -0.0409757252 -0.118167092 0 0.862745 0.862745
v 0.0608727606 -0.0410548614 -0.116407668 0 0.862745 0.862745
v 0.06114211 -0.0411464269 -0.114649474 0 0.862745 0.862745
v 0.0614033564 -0.0412281244 -0.112889559 1 0.470588 0
v 0.0616530847 -0.0413118136 -0.111128087 1 0.470588 0
v 0.0618813001 -0.0413836101 -0.109363147 1 0.470588 0
v 0.0621048036 -0.0414602177 -0.107597876 1 0.470588 0
v 0.0623279573 -0.0415476671 -0.105833071 1 0.470588 0
v 0.062533854 -0.0416278654 -0.104065827 1 0.470588 0
v 0.0627150986 -0.0416994983 -0.102295495 0.470588 1 0
v 0.0628837499 -0.0417767015 -0.100524132 0.470588 1 0
v 0.0630362422 -0.0418410931 -0.0987508058 0.470588 1 0
v 0.0631768924 -0.0419081805 -0.0969766098 0.470588 1 0
v 0.0633196194 -0.0419865591 -0.095203003 0.470588 1 0
v 0.0634608831 -0.0420582651 -0.0934289823 0.470588 1 0
v 0.0636013617 -0.0421273341 -0.0916548038 1 0 0.705882
v 0.0637354494 -0.0421782195 -0.0898795116 1 0 0.705882
v 0.0638709231 -0.0422320314 -0.0881044147 1 0 0.705882
v 0.0640082346 -0.0423016556 -0.0863300021 1 0 0.705882
v 0.0641426577 -0.0423822402 -0.0845560147 1 0 0.705882
v 0.0642606166 -0.0424600065 -0.0827807151 1 0 0.705882
v 0.0643538484 -0.042529624 -0.0810034528 1 0 0.705882
v 0.0644239857 -0.0425854857 -0.0792247015 1 0 0.705882
v 0.0644884982 -0.0426458008 -0.0774458307 0.313725 0.313725 1
v 0.0645454515 -0.0426937023 -0.0756663043 0.313725 0.313725 1
v 0.0646094494 -0.0427555894 -0.0738874593 0.313725 0.313725 1
v 0.0646621488 -0.0428022554 -0.0721078311 0.313725 0.313725 1
v 0.0647296544 -0.0428703357 -0.0703294944 0.313725 0.313725 1
v 0.0647908513 -0.0429274496 -0.0685504182 0.313725 0.313725 1
v 0.0648403988 -0.0429692424 -0.0667705602 0.705882 0.470588 0.156863
v 0.0648921131 -0.0430260794 -0.0649912452 0.705882 0.470588 0.156863
v 0.064937886 -0.0430903595 -0.0632120199 0.705882 0.470588 0.156863
v 0.0649672222 -0.0431482777 -0.0614321658 0.705882 0.470588 0.156863
v 0.0649721253 -0.0431897159 -0.0596516403 0.705882 0.470588 0.156863
v 0.0649620547 -0.043236812 -0.0578713946 0.705882 0.470588 0.156863
v 0.064934687 -0.0432713453 -0.0560908802 0.705882 0.470588 0.156863
v 0.0649141852 -0.0433028049 -0.0543102106 0.705882 0.470588 0.156863
v 0.0648939375 -0.0433344526 -0.0525295826 0.470588 0.470588 0.470588
v 0.0648565983 -0.0433555588 -0.0507490877 0.470588 0.470588 0.470588
v 0.0648282791 -0.04338593 -0.0489685395 0.470588 0.470588 0.470588
v 0.0647919836 -0.0434049065 -0.0471880478 0.470588 0.470588 0.470588
v 0.0647694183 -0.0434490329 -0.0454078125 0.470588 0.470588 0.470588
v 0.0647190845 -0.043473461 -0.0436276308 0.470588 0.470588 0.470588
v 0.064664139 -0.0435108972 -0.0418478084 1 0 0
v 0.0645930756 -0.0435439588 -0.0400685297 1 0 0
v 0.0645096918 -0.0435838839 -0.0382898762 1 0 0
v 0.0644073257 -0.0436111445 -0.0365119831 1 0 0
v 0.0643035744 -0.0436419246 -0.0347342199 1 0 0
v 0.0641897962 -0.0436633109 -0.0329569065 1 0 0
v 0.0640680317 -0.0436773065 -0.0311800781 0 1 0
v 0.0639335142 -0.0436851495 -0.0294041314 0 1 0
v 0.0637940947 -0.0436968439 -0.0276285912 0 1 0
v 0.063654709 -0.0437054853 -0.025853027 0 1 0
v 0.0635265092 -0.0437363887 -0.0240768831 0 1 0
v 0.0633615158 -0.0437438174 -0.0223034845 0 1 0
v 0.0631848088 -0.0437352185 -0.0205312844 0 0.501961 1
v 0.0630014139 -0.0437342622 -0.018759799 0 0.501961 1
v 0.0628109249 -0.0437442498 -0.0169890461 0 0.501961 1
v 0.0626072615 -0.0437262493 -0.0152197482 0 0.501961 1
v 0.0623947653 -0.043712236 -0.0134514478 0 0.501961 1
v 0.0621779118 -0.0437075165 -0.0116837034 0 0.501961 1
v 0.061958732 -0.0437064356 -0.00991630783 0 0.501961 1
v 0.0617116269 -0.0436785454 -0.00815267993 0 0.501961 1
v 0.0614402588 -0.043625102 -0.00639338126 1 0.784314 0
v 0.0611537397 -0.0435722097 -0.00463629588 1 0.784314 0
v 0.060824527 -0.0434794714 -0.00288882025 1 0.784314 0
v 0.0604455211 -0.0433405389 -0.00115496651 1 0.784314 0
v 0.0600070423 -0.043143327 0.000559960624 1 0.784314 0
v 0.0595017976 -0.0428514245 0.0022414669 1 0.784314 0
v 0.0589185637 -0.0424847372 0.0038831346 0.705882 0 1
v 0.0582790928 -0.0420557187 0.00548906135 0.705882 0 1
v 0.0575659406 -0.041574205 0.00704848783 0.705882 0 1
v 0.0568004079 -0.0410895615 0.00858175064 0.705882 0 1
v 0.055975869 -0.040606706 0.0100845043 0.705882 0 1
v 0.0550689071 -0.040140979 0.011544201 0.705882 0 1
v 0.0540064679 -0.0397422917 0.0129092847 0 0.862745 0.862745
v 0.0526148873 -0.0395693597 0.0139734215 0 0.862745 0.862745
v 0.0510080539 -0.039594695 0.0147413351 0 0.862745 0.862745
v 0.0494007347 -0.0396235402 0.0155081072 0 0.862745 0.862745
v 0.0477941944 -0.0396512018 0.0162765478 0 0.862745 0.862745
v 0.0461863614 -0.0396680011 0.0170425716 0 0.862745 0.862745
v 0.0445815163 -0.039694244 0.0178145677 1 0.470588 0
v 0.0429771472 -0.0397228242 0.0185875051 1 0.470588 0
v 0.0413719901 -0.0397507822 0.0193588145 1 0.470588 0
v 0.0397651768 -0.039775591 0.0201267779 1 0.470588 0
v 0.0381563057 -0.0397939174 0.0208905447 1 0.470588 0
v 0.0365518618 -0.0398235026 0.021663271 1 0.470588 0
v 0.034947 -0.0398493883 0.0224352676 0.470588 1 0
v 0.0619367925 -0.0399426972 -0.123457061 0.313725 0.313725 1
v 0.0621196517 -0.0400122306 -0.121692494 0.313725 0.313725 1
v 0.0623787424 -0.0400987785 -0.119938108 0.313725 0.313725 1
v 0.0626336133 -0.0401550446 -0.118181853 0.313725 0.313725 1
v 0.062894279 -0.0402248125 -0.116427055 0.313725 0.313725 1
v 0.0631549033 -0.0403001477 -0.114672468 0.313725 0.313725 1
v 0.0634187612 -0.0403900948 -0.112918983 0.705882 0.470588 0.156863
v 0.0636567 -0.0404552165 -0.111160705 0.705882 0.470588 0.156863
v 0.0638784119 -0.0405145193 -0.109400035 0.705882 0.470588 0.156863
v 0.0640927499 -0.0405681206 -0.107638351 0.705882 0.470588 0.156863
v 0.0643063371 -0.0406393264 -0.105877163 0.705882 0.470588 0.156863
v 0.0645027829 -0.040703499 -0.104113779 0.705882 0.470588 0.156863
v 0.0646761561 -0.040763182 -0.102347795 0.470588 0.470588 0.470588
v 0.0648412655 -0.0408353574 -0.100581457 0.470588 0.470588 0.470588
v 0.0649858695 -0.0408882299 -0.098812628 0.470588 0.470588 0.470588
v 0.0651231485 -0.0409485099 -0.0970434628 0.470588 0.470588 0.470588
v 0.0652581984 -0.0410161253 -0.0952744009 0.470588 0.470588 0.470588
v 0.0653947015 -0.0410754264 -0.0935050799 0.470588 0.470588 0.470588
v 0.0655339211 -0.0411380041 -0.0917360768 1 0 0
v 0.0656647264 -0.0411867026 -0.0899660143 1 0 0
v 0.0658051131 -0.0412491671 -0.0881971691 1 0 0
v 0.0659269283 -0.0412876791 -0.0864264225 1 0 0
v 0.0660524346 -0.0413543249 -0.0846565925 1 0 0
v 0.0661783313 -0.0414416068 -0.0828876855 1 0 0
v 0.0662555563 -0.04148117 -0.0811142388 1 0 0
v 0.0663215628 -0.041530732 -0.0793407098 1 0 0
v 0.0663824543 -0.0415855142 -0.0775670466 0 1 0
v 0.0664320297 -0.0416268306 -0.0757927043 0 1 0
v 0.0664908351 -0.0416805656 -0.0740190349 0 1 0
v 0.0665449275 -0.0417261523 -0.0722450165 0 1 0
v 0.0666019134 -0.0417735411 -0.0704711269 0 1 0
v 0.0666596048 -0.0418190004 -0.0686971534 0 1 0
v 0.0667121007 -0.0418678278 -0.0669231604 0 0.501961 1
v 0.0667501156 -0.041907361 -0.0651485101 0 0.501961 1
v 0.0667897328 -0.0419607584 -0.0633743099 0 0.501961 1
v 0.0668219935 -0.0420185417 -0.0616000254 0 0.501961 1
v 0.0668306562 -0.0420631623 -0.0598251134 0 0.501961 1
v 0.0668103883 -0.0420890045 -0.0580498421 0 0.501961 1
v 0.0667762826 -0.0421142557 -0.0562747782 0 0.501961 1
v 0.0667560544 -0.0421530464 -0.0544998162 0 0.501961 1
v 0.0667280219 -0.0421788448 -0.0527247946 1 0.784314 0
v 0.066694495 -0.0421963709 -0.0509497509 1 0.784314 0
v 0.0666693322 -0.0422267692 -0.0491746611 1 0.784314 0
v 0.0666317475 -0.0422432435 -0.0473997348 1 0.784314 0
v 0.0665932179 -0.0422630919 -0.0456248157 1 0.784314 0
v 0.0665509838 -0.0422947113 -0.0438500353 1 0.784314 0
v 0.0664956252 -0.0423239134 -0.0420755734 0.705882 0 1
v 0.0664238335 -0.0423505333 -0.0403016535 0.705882 0 1
v 0.0663388236 -0.0423801553 -0.0385284635 0.705882 0 1
v 0.0662410855 -0.042411031 -0.0367559487 0.705882 0 1
v 0.0661252288 -0.0424240207 -0.0349843166 0.705882 0 1
v 0.0660121761 -0.0424481901 -0.0332125572 0.705882 0 1
v 0.0658942272 -0.0424683726 -0.0314410503 0 0.862745 0.862745
v 0.0657724656 -0.0424887609 -0.0296697764 0 0.862745 0.862745
v 0.0656320362 -0.0424978186 -0.0278998004 0 0.862745 0.862745
v 0.0654869924 -0.0425007984 -0.0261304415 0 0.862745 0.862745
v 0.0653653881 -0.0425384211 -0.0243595443 0 0.862745 0.862745
v 0.0652175378 -0.042557424 -0.0225903909 0 0.862745 0.862745
v 0.0650329519 -0.0425363481 -0.0208248232 1 0.470588 0
v 0.0648549976 -0.0425368446 -0.0190582088 1 0.470588 0
v 0.0646564349 -0.0425319292 -0.0172939152 1 0.470588 0
v 0.0644496723 -0.0425087895 -0.0155306462 1 0.470588 0
v 0.064256534 -0.0425208983 -0.0137656694 1 0.470588 0
v 0.0640386801 -0.0425125094 -0.0120035588 1 0.470588 0
v 0.0638212706 -0.0425124754 -0.0102413819 1 0.470588 0
v 0.063592456 -0.0424987277 -0.00848066703 1 0.470588 0
v 0.0633479891 -0.0424798872 -0.00672244005 0.470588 1 0
v 0.0630979862 -0.0424750034 -0.00496466892 0.470588 1 0
v 0.0628073142 -0.0424387672 -0.00321386147 0.470588 1 0
v 0.0624762135 -0.0423717248 -0.00147144755 0.470588 1 0
v 0.0620904929 -0.042250796 0.000257490622 0.470588 1 0
v 0.0616520726 -0.0420871718 0.00196959316 0.470588 1 0
v 0.0611459224 -0.041856564 0.00365551915 0.470588 1 0
v 0.0605401366 -0.0414853581 0.00528261072 0.470588 1 0
v 0.0598635968 -0.0410502445 0.00686497845 1 0 0.705882
v 0.0591377864 -0.0405876483 0.00841746499 1 0 0.705882
v 0.0583521331 -0.0400943604 0.00993101076 1 0 0.705882
v 0.057503203 -0.0396036123 0.0114106118 1 0 0.705882
v 0.0565738667 -0.0391235317 0.0128445906 1 0 0.705882
v 0.0555192403 -0.038705428 0.0142059684 1 0 0.705882
v 0.0541641613 -0.0384900931 0.0153151785 0.313725 0.313725 1
v 0.0525668795 -0.0385082488 0.0160894282 0.313725 0.313725 1
v 0.0509647442 -0.0385283564 0.0168545309 0.313725 0.313725 1
v 0.0493631407 -0.0385521077 0.0176206737 0.313725 0.313725 1
v 0.047759496 -0.0385775747 0.0183824028 0.313725 0.313725 1
v 0.0461579929 -0.0386054699 0.0191485914 0.313725 0.313725 1
v 0.0445574868 -0.0386342427 0.0199168158 0.705882 0.470588 0.156863
v 0.0429559948 -0.0386594555 0.0206831336 0.705882 0.470588 0.156863
v 0.0413554328 -0.0386835719 0.0214514364 0.705882 0.470588 0.156863
v 0.0397518414 -0.0386981945 0.022213568 0.705882 0.470588 0.156863
v 0.0381508951 -0.0387198884 0.0229809949 0.470588 0.470588 0.470588
v 0.0365482687 -0.0387453102 0.0237449101 0.470588 0.470588 0.470588
v 0.034947 -0.0387666038 0.0245117897 0.470588 0.470588 0.470588
v 0.0639058466 -0.0390289482 -0.123458783 0.313725 0.313725 1
v 0.0640962983 -0.0390861213 -0.12170113 0.313725 0.313725 1
v 0.0643491743 -0.0391575966 -0.119951908 0.313725 0.313725 1
v 0.0645912751 -0.0391919171 -0.118199972 0.313725 0.313725 1
v 0.0648485826 -0.0392525136 -0.116450999 0.313725 0.313725 1
v 0.0650906774 -0.0392958126 -0.114699269 0.313725 0.313725 1
v 0.065339078 -0.0393601533 -0.112949101 0.705882 0.470588 0.156863
v 0.0655708287 -0.0394146003 -0.111196243 0.705882 0.470588 0.156863
v 0.0657911716 -0.0394712038 -0.109442018 0.705882 0.470588 0.156863
v 0.0660009547 -0.0395245317 -0.107686373 0.705882 0.470588 0.156863
v 0.0662103678 -0.0395894126 -0.105931111 0.705882 0.470588 0.156863
v 0.0663978292 -0.0396394428 -0.104172903 0.705882 0.470588 0.156863
v 0.0665659298 -0.0396923994 -0.102412802 0.470588 0.470588 0.470588
v 0.0667242537 -0.0397551347 -0.100652046 0.470588 0.470588 0.470588
v 0.0668664609 -0.0398047804 -0.0988895548 0.470588 0.470588 0.470588
v 0.067000784 -0.0398605463 -0.0971266217 0.470588 0.470588 0.470588
v 0.0671257761 -0.0399115716 -0.0953628557 0.470588 0.470588 0.470588
v 0.0672574405 -0.0399653777 -0.0935996406 0.470588 0.470588 0.470588
v 0.0673926278 -0.0400198882 -0.0918367321 1 0 0
v 0.067524012 -0.0400641214 -0.090073205 1 0 0
v 0.067650503 -0.040105185 -0.0883092918 1 0 0
v 0.06776146 -0.0401342638 -0.086544109 1 0 0
v 0.0678831325 -0.0401924891 -0.0847802969 1 0 0
v 0.0679927439 -0.0402548475 -0.0830158737 1 0 0
v 0.0680666501 -0.0402940755 -0.081249043 1 0 0
v 0.0681288196 -0.0403350294 -0.0794816868 1 0 0
v 0.0681798357 -0.0403733388 -0.0777139448 0 1 0
v 0.0682319652 -0.0404183515 -0.0759464063 0 1 0
v 0.0682719803 -0.0404473501 -0.0741782364 0 1 0
v 0.0683204658 -0.0404838221 -0.0724104498 0 1 0
v 0.0683746954 -0.0405246785 -0.0706428822 0 1 0
v 0.0684125008 -0.0405458908 -0.0688746074 0 1 0
v 0.0684739706 -0.0406027183 -0.0671076398 0 0.501961 1
v 0.068504876 -0.0406312254 -0.0653391871 0 0.501961 1
v 0.0685369145 -0.0406712051 -0.0635710697 0 0.501961 1
v 0.0685708742 -0.0407279156 -0.0618033955 0 0.501961 1
v 0.0685732941 -0.0407652714 -0.0600348966 0 0.501961 1
v 0.0685498518 -0.0407847329 -0.0582662152 0 0.501961 1
v 0.0685126419 -0.0408038618 -0.0564978067 0 0.501961 1
v 0.0684763501 -0.0408236303 -0.0547295865 0 0.501961 1
v 0.0684453461 -0.0408397444 -0.0529610458 1 0.784314 0
v 0.0684171152 -0.0408638871 -0.0511925696 1 0.784314 0
v 0.0683952236 -0.0408965997 -0.0494241592 1 0.784314 0
v 0.0683533969 -0.0409094518 -0.0476559836 1 0.784314 0
v 0.0683302297 -0.040936863 -0.0458878124 1 0.784314 0
v 0.0682637531 -0.0409462438 -0.0441202373 1 0.784314 0
v 0.0682066732 -0.0409711685 -0.042352369 0.705882 0 1
v 0.0681423134 -0.0410028871 -0.0405848551 0.705882 0 1
v 0.0680488331 -0.0410192625 -0.0388186411 0.705882 0 1
v 0.067950793 -0.0410399963 -0.037052581 0.705882 0 1
v 0.067823936 -0.0410401189 -0.0352882386 0.705882 0 1
v 0.0677106797 -0.0410621203 -0.0335231411 0.705882 0 1
v 0.0675953958 -0.041084265 -0.0317580682 0 0.862745 0.862745
v 0.067470044 -0.0410984539 -0.0299937139 0 0.862745 0.862745
v 0.0673339109 -0.0411070185 -0.0282300372 0 0.862745 0.862745
v 0.0671948119 -0.0411214062 -0.0264669222 0 0.862745 0.862745
v 0.0670790344 -0.0411596229 -0.0247023658 0 0.862745 0.862745
v 0.0669232396 -0.0411634619 -0.0229404297 0 0.862745 0.862745
v 0.0667588356 -0.0411697134 -0.0211794101 1 0.470588 0
v 0.0666017692 -0.0411860708 -0.0194175914 1 0.470588 0
v 0.0663933949 -0.0411655876 -0.0176610996 1 0.470588 0
v 0.0661912158 -0.0411508541 -0.0159039169 1 0.470588 0
v 0.0660272482 -0.0411830856 -0.0141428989 1 0.470588 0
v 0.0657946443 -0.0411527687 -0.0123896314 1 0.470588 0
v 0.0655681312 -0.0411424181 -0.0106353976 1 0.470588 0
v 0.065362468 -0.0411574402 -0.00887858295 1 0.470588 0
v 0.0651325796 -0.0411497681 -0.00712470967 0.470588 1 0
v 0.0648995141 -0.0411495842 -0.00537135553 0.470588 1 0
v 0.0646372106 -0.0411442012 -0.00362199893 0.470588 1 0
v 0.0643478019 -0.0411271044 -0.00187715753 0.470588 1 0
v 0.0640124457 -0.0410747449 -0.000141084858 0.470588 1 0
v 0.0636418166 -0.0409994611 0.00158662406 0.470588 1 0
v 0.0631872657 -0.040833879 0.0032876234 0.470588 1 0
v 0.0626774563 -0.0406251179 0.00496840803 0.470588 1 0
v 0.0621024006 -0.0403483996 0.00661657334 1 0 0.705882
v 0.0614290557 -0.0399642672 0.00820647341 1 0 0.705882
v 0.0606933813 -0.0395260399 0.00975392405 1 0 0.705882
v 0.059888077 -0.0390461715 0.0112540831 1 0 0.705882
v 0.0590151721 -0.03854836 0.012709593 1 0 0.705882
v 0.0580505602 -0.0380717373 0.0141126895 1 0 0.705882
v 0.056986427 -0.037637742 0.01545604 0.313725 0.313725 1
v 0.0556606227 -0.0374017858 0.0165604505 0.313725 0.313725 1
v 0.0541093383 -0.037366903 0.0174044312 0.313725 0.313725 1
v 0.0525120052 -0.0373861106 0.0181642997 0.313725 0.313725 1
v 0.0509143712 -0.0374019697 0.0189235674 0.313725 0.313725 1
v 0.0493193549 -0.0374241206 0.0196881362 0.313725 0.313725 1
v 0.0477210442 -0.0374479614 0.0204457782 0.705882 0.470588 0.156863
v 0.0461263889 -0.0374729237 0.0212110474 0.705882 0.470588 0.156863
v 0.0445301128 -0.0374947051 0.0219730384 0.705882 0.470588 0.156863
v 0.0429334852 -0.0375122166 0.0227344049 0.705882 0.470588 0.156863
v 0.0413367314 -0.0375291573 0.0234954732 0.705882 0.470588 0.156863
v 0.0397374458 -0.0375437075 0.0242511835 0.705882 0.470588 0.156863
v 0.0381434126 -0.0375695629 0.0250176312 0.470588 0.470588 0.470588
v 0.0365432468 -0.0375790072 0.0257716182 0.470588 0.470588 0.470588
v 0.034947 -0.0375998617 0.0265337066 0.470588 0.470588 0.470588
v 0.0657761646 -0.037927071 -0.123461091 0.313725 0.313725 1
v 0.0659871922 -0.0379917755 -0.121676062 0.313725 0.313725 1
v 0.0662349354 -0.0380445634 -0.119895415 0.313725 0.313725 1
v 0.0664730008 -0.0380676006 -0.118112786 0.313725 0.313725 1
v 0.0667294637 -0.038118457 -0.116333284 0.313725 0.313725 1
v 0.0669669464 -0.0381481482 -0.114550499 0.313725 0.313725 1
v 0.0672111835 -0.0382024688 -0.1127693 0.705882 0.470588 0.156863
v 0.0674362023 -0.0382497017 -0.110985379 0.705882 0.470588 0.156863
v 0.0676446248 -0.0382919727 -0.109199306 0.705882 0.470588 0.156863
v 0.0678599465 -0.0383458994 -0.107414446 0.705882 0.470588 0.156863
v 0.0680616626 -0.0383992927 -0.105627956 0.705882 0.470588 0.156863
v 0.068242481 -0.0384447903 -0.103838955 0.705882 0.470588 0.156863
v 0.0684041896 -0.0384926101 -0.102048149 0.470588 0.470588 0.470588
v 0.0685542493 -0.0385462541 -0.100256511 0.470588 0.470588 0.470588
v 0.0686771518 -0.0385778991 -0.0984622157 0.470588 0.470588 0.470588
v 0.0688003854 -0.0386161794 -0.0966680892 0.470588 0.470588 0.470588
v 0.068926818 -0.0386598263 -0.094874296 0.470588 0.470588 0.470588
v 0.0690529195 -0.038702772 -0.0930804956 0.470588 0.470588 0.470588
v 0.0691798965 -0.0387446093 -0.0912867891 1 0 0
v 0.0693060828 -0.0387836553 -0.0894928982 1 0 0
v 0.0694151687 -0.0388012509 -0.0876975479 1 0 0
v 0.0695279449 -0.0388350596 -0.0859026564 1 0 0
v 0.0696388626 -0.0388820083 -0.0841079481 1 0 0
v 0.0697263783 -0.0389249771 -0.0823118248 1 0 0
v 0.0697921062 -0.0389586826 -0.0805146916 1 0 0
v 0.0698408351 -0.0389863865 -0.0787168644 1 0 0
v 0.069885628 -0.0390202033 -0.0769190837 0 1 0
v 0.0699295685 -0.0390566439 -0.0751213038 0 1 0
v 0.0699715485 -0.0390877514 -0.0733235416 0 1 0
v 0.0700129077 -0.0391139453 -0.0715256555 0 1 0
v 0.0700500866 -0.0391347425 -0.0697275907 0 1 0
v 0.0700933743 -0.0391654314 -0.0679297028 0 1 0
v 0.0701401932 -0.0392063342 -0.0661322053 0 0.501961 1
v 0.0701606816 -0.0392266609 -0.0643337727 0 0.501961 1
v 0.0701752711 -0.0392511974 -0.0625354186 0 0.501961 1
v 0.0701917062 -0.0392937068 -0.0607372799 0 0.501961 1
v 0.0701695479 -0.0393117427 -0.0589387433 0 0.501961 1
v 0.0701209121 -0.0393236371 -0.0571407559 0 0.501961 1
v 0.0700730351 -0.0393323384 -0.0553426548 0 0.501961 1
v 0.0700428804 -0.0393461402 -0.053544241 0 0.501961 1
v 0.0700138548 -0.039366293 -0.051745858 1 0.784314 0
v 0.0699768877 -0.0393864104 -0.0499475918 1 0.784314 0
v 0.0699334781 -0.0394011869 -0.0481494469 1 0.784314 0
v 0.0698964397 -0.0394231781 -0.0463513169 1 0.784314 0
v 0.0698608558 -0.0394533289 -0.0445532538 1 0.784314 0
v 0.0697924526 -0.0394667656 -0.0427558481 1 0.784314 0
v 0.0697151426 -0.0394824052 -0.0409587981 0.705882 0 1
v 0.0696198924 -0.0394987647 -0.0391627556 0.705882 0 1
v 0.0695153287 -0.0395130717 -0.0373671087 0.705882 0 1
v 0.0693911517 -0.0395172948 -0.0355727797 0.705882 0 1
v 0.0692664718 -0.0395263841 -0.033778547 0.705882 0 1
v 0.0691524478 -0.0395491157 -0.0319835699 0.705882 0 1
v 0.0690241707 -0.039562898 -0.0301895029 0 0.862745 0.862745
v 0.0688823119 -0.0395697422 -0.0283963644 0 0.862745 0.862745
v 0.0687415814 -0.0395828301 -0.0266035152 0 0.862745 0.862745
v 0.068618892 -0.0396134046 -0.0248093013 0 0.862745 0.862745
v 0.0684721199 -0.0396305221 -0.0230167038 0 0.862745 0.862745
v 0.068309822 -0.0396417189 -0.021225417 0 0.862745 0.862745
v 0.0681331804 -0.0396401238 -0.0194353848 1 0.470588 0
v 0.067945717 -0.0396424557 -0.0176464107 1 0.470588 0
v 0.0677486114 -0.0396402156 -0.0158586779 1 0.470588 0
v 0.0675688291 -0.0396585246 -0.014069142 1 0.470588 0
v 0.0673577784 -0.0396552763 -0.0122829003 1 0.470588 0
v 0.0671462063 -0.0396585044 -0.010496851 1 0.470588 0
v 0.0669323212 -0.0396667334 -0.00871095952 1 0.470588 0
v 0.0667004969 -0.039664222 -0.00692728597 1 0.470588 0
v 0.066457442 -0.039665462 -0.00514502984 0.470588 1 0
v 0.0662040301 -0.0396668008 -0.00336424513 0.470588 1 0
v 0.0659289562 -0.0396652432 -0.00158677077 0.470588 1 0
v 0.0655977828 -0.0396273948 0.000180853245 0.470588 1 0
v 0.0652508603 -0.0395828696 0.00194514448 0.470588 1 0
v 0.0648328472 -0.0394769246 0.00369135874 0.470588 1 0
v 0.0643863587 -0.0393654949 0.00543014872 0.470588 1 0
v 0.0638832577 -0.039219018 0.00715024903 0.470588 1 0
v 0.0632355904 -0.038917868 0.00880093615 1 0 0.705882
v 0.062511706 -0.0385451171 0.0104035206 1 0 0.705882
v 0.0617163397 -0.0381134044 0.0119575583 1 0 0.705882
v 0.0608395978 -0.0376232986 0.0134496281 1 0 0.705882
v 0.0598688287 -0.037139737 0.0148841918 1 0 0.705882
v 0.0587885824 -0.0366627612 0.0162398994 1 0 0.705882
v 0.0575393926 -0.0363098796 0.0174651274 0.313725 0.313725 1
v 0.0560683805 -0.0361370184 0.0184561237 0.313725 0.313725 1
v 0.0544473407 -0.0361548682 0.0192355234 0.313725 0.313725 1
v 0.0528210903 -0.0361716469 0.0200039458 0.313725 0.313725 1
v 0.051195315 -0.0361847124 0.020773454 0.313725 0.313725 1
v 0.0495718987 -0.0362040729 0.0215478414 0.313725 0.313725 1
v 0.0479465478 -0.0362222476 0.0223181682 0.705882 0.470588 0.156863
v 0.0463213201 -0.0362352709 0.023088914 0.705882 0.470588 0.156863
v 0.0446950502 -0.0362448915 0.0238575132 0.705882 0.470588 0.156863
v 0.0430737813 -0.0362679474 0.0246362935 0.705882 0.470588 0.156863
v 0.0414482278 -0.0362874385 0.0254061394 0.705882 0.470588 0.156863
v 0.0398259316 -0.0363070865 0.0261828426 0.705882 0.470588 0.156863
v 0.03819761 -0.0363141407 0.0269471172 0.470588 0.470588 0.470588
v 0.0365720093 -0.0363261843 0.0277170757 0.470588 0.470588 0.470588
v 0.034947 -0.0363395647 0.0284882365 0.470588 0.470588 0.470588
v 0.0675372482 -0.0366581431 -0.123463439 0.313725 0.313725 1
v 0.0677569219 -0.0367208546 -0.121688874 0.313725 0.313725 1
v 0.0679790125 -0.0367362175 -0.119913798 0.313725 0.313725 1
v 0.068216537 -0.0367620454 -0.118140682 0.313725 0.313725 1
v 0.0684618306 -0.0368016148 -0.116368863 0.313725 0.313725 1
v 0.0686894241 -0.0368233861 -0.114594252 0.313725 0.313725 1
v 0.068926252 -0.0368693369 -0.112821249 0.705882 0.470588 0.156863
v 0.0691421436 -0.0369076208 -0.111045544 0.705882 0.470588 0.156863
v 0.0693397708 -0.03693719 -0.109267486 0.705882 0.470588 0.156863
v 0.0695515828 -0.0369886782 -0.1074915 0.705882 0.470588 0.156863
v 0.0697365453 -0.0370231338 -0.105712216 0.705882 0.470588 0.156863
v 0.0699067758 -0.0370548872 -0.103931356 0.705882 0.470588 0.156863
v 0.0700673314 -0.0370997491 -0.102149822 0.470588 0.470588 0.470588
v 0.0701939159 -0.0371232731 -0.100365247 0.470588 0.470588 0.470588
v 0.0703061101 -0.037143781 -0.0985795737 0.470588 0.470588 0.470588
v 0.0704197622 -0.0371747476 -0.0967941527 0.470588 0.470588 0.470588
v 0.0705466075 -0.0372196414 -0.0950098845 0.470588 0.470588 0.470588
v 0.0706438357 -0.0372345527 -0.0932235312 0.470588 0.470588 0.470588
v 0.0707624705 -0.0372656502 -0.0914384483 1 0 0
v 0.0708892936 -0.0373042506 -0.089654074 1 0 0
v 0.0709931728 -0.0373183704 -0.0878678203 1 0 0
v 0.0710944661 -0.0373384614 -0.0860815016 1 0 0
v 0.0711947095 -0.0373747894 -0.0842953696 1 0 0
v 0.0712721235 -0.0374055542 -0.0825079656 1 0 0
v 0.0713429092 -0.0374408776 -0.0807205137 1 0 0
v 0.0713812292 -0.0374586777 -0.0789317365 1 0 0
v 0.0713967777 -0.0374641323 -0.0771425072 0 1 0
v 0.0714438061 -0.0375024716 -0.0753542129 0 1 0
v 0.0714789943 -0.0375266499 -0.073565507 0 1 0
v 0.0715120869 -0.0375460198 -0.0717767307 0 1 0
v 0.0715501965 -0.0375687737 -0.0699880734 0 1 0
v 0.0716001451 -0.0376044266 -0.0681997966 0 1 0
v 0.0716420087 -0.0376367821 -0.0664112908 0 0.501961 1
v 0.0716425143 -0.0376347081 -0.0646219465 0 0.501961 1
v 0.0716498876 -0.0376525159 -0.0628328431 0 0.501961 1
v 0.0716478803 -0.0376827764 -0.0610438025 0 0.501961 1
v 0.0716298887 -0.0377069803 -0.0592548047 0 0.501961 1
v 0.0715846155 -0.0377136555 -0.0574660638 0 0.501961 1
v 0.0715175899 -0.0377064574 -0.0556781326 0 0.501961 1
v 0.0714863637 -0.0377197443 -0.0538891116 0 0.501961 1
v 0.0714588494 -0.0377417386 -0.0521001215 1 0.784314 0
v 0.0714242389 -0.0377621881 -0.0503112843 1 0.784314 0
v 0.0713809532 -0.037775189 -0.0485226069 1 0.784314 0
v 0.0713294934 -0.037782025 -0.0467340147 1 0.784314 0
v 0.0712971035 -0.0378126009 -0.0449452722 1 0.784314 0
v 0.0712295812 -0.0378215726 -0.0431572258 1 0.784314 0
v 0.0711402865 -0.0378250343 -0.0413702253 0.705882 0 1
v 0.0710439118 -0.0378348668 -0.039583618 0.705882 0 1
v 0.0709367064 -0.0378446143 -0.0377975224 0.705882 0 1
v 0.070824668 -0.0378550411 -0.0360117981 0.705882 0 1
v 0.0706936461 -0.0378562974 -0.0342273265 0.705882 0 1
v 0.0705778254 -0.0378748994 -0.0324418816 0.705882 0 1
v 0.0704393644 -0.0378812528 -0.030658016 0 0.862745 0.862745
v 0.070306961 -0.0378924998 -0.028873727 0 0.862745 0.862745
v 0.0701675967 -0.0379066222 -0.0270900248 0 0.862745 0.862745
v 0.0700377957 -0.0379279809 -0.0253056624 0 0.862745 0.862745
v 0.0699090706 -0.0379583964 -0.0235213884 0 0.862745 0.862745
v 0.0697589014 -0.0379753973 -0.0217385309 0 0.862745 0.862745
v 0.0695835011 -0.037974285 -0.0199578709 1 0.470588 0
v 0.0694009175 -0.0379753847 -0.0181778694 1 0.470588 0
v 0.0692094744 -0.0379770175 -0.0163988086 1 0.470588 0
v 0.0690421532 -0.0380000458 -0.0146174545 1 0.470588 0
v 0.0688329808 -0.0379963276 -0.0128403927 1 0.470588 0
v 0.0686419253 -0.0380153257 -0.0110614058 1 0.470588 0
v 0.0684343897 -0.0380242349 -0.00928419117 1 0.470588 0
v 0.0682233451 -0.0380346493 -0.00750738378 1 0.470588 0
v 0.0679955919 -0.0380386265 -0.00573263511 0.470588 1 0
v 0.0677517251 -0.0380424139 -0.00396000491 0.470588 1 0
v 0.0674884843 -0.038048383 -0.00219013993 0.470588 1 0
v 0.0671889245 -0.0380314734 -0.000426405547 0.470588 1 0
v 0.0668822214 -0.0380188197 0.00133631991 0.470588 1 0
v 0.0665223137 -0.0379661938 0.00308793627 0.470588 1 0
v 0.0661594443 -0.037925611 0.00483929198 0.470588 1 0
v 0.065736245 -0.0378476014 0.006576003 0.470588 1 0
v 0.0652497236 -0.0377362159 0.00829319295 1 0 0.705882
v 0.0646663882 -0.0375402444 0.00997251301 1 0 0.705882
v 0.0639799281 -0.0372606606 0.0116009697 1 0 0.705882
v 0.0631850672 -0.0368793499 0.0131554211 1 0 0.705882
v 0.0623038461 -0.036453476 0.014652756 1 0 0.705882
v 0.0613150014 -0.0359663144 0.0160610629 1 0 0.705882
v 0.0602273558 -0.0354845884 0.0173964077 1 0 0.705882
v 0.0590165391 -0.0350588732 0.0186385975 1 0 0.705882
v 0.0575887698 -0.0348406229 0.0196529729 0.313725 0.313725 1
v 0.0559736112 -0.0348315351 0.020422868 0.313725 0.313725 1
v 0.0543566497 -0.0348480561 0.0211889435 0.313725 0.313725 1
v 0.0527372906 -0.0348594889 0.0219500098 0.313725 0.313725 1
v 0.0511218279 -0.0348787767 0.0227191715 0.313725 0.313725 1
v 0.0495021907 -0.0348842569 0.0234796259 0.313725 0.313725 1
v 0.0478866997 -0.0349008019 0.0242486449 0.705882 0.470588 0.156863
v 0.0462697648 -0.0349151264 0.0250148068 0.705882 0.470588 0.156863
v 0.0446531161 -0.0349263937 0.0257815034 0.705882 0.470588 0.156863
v 0.0430379597 -0.0349443301 0.0265512396 0.705882 0.470588 0.156863
v 0.0414205783 -0.0349627244 0.0273163285 0.705882 0.470588 0.156863
v 0.0398022283 -0.0349684792 0.0280796533 0.705882 0.470588 0.156863
v 0.0381833424 -0.0349777254 0.028841799 0.470588 0.470588 0.470588
v 0.0365660569 -0.0349870288 0.0296073408 0.470588 0.470588 0.470588
v 0.034947 -0.0349910508 0.0303691367 0.470588 0.470588 0.470588
v 0.06916795 -0.0352270284 -0.123465623 0.313725 0.313725 1
v 0.0693640295 -0.0352402189 -0.121698341 0.313725 0.313725 1
v 0.0695770317 -0.0352518738 -0.119933228 0.313725 0.313725 1
v 0.0698090658 -0.035278344 -0.11817053 0.313725 0.313725 1
v 0.0700394275 -0.0353040826 -0.116407654 0.313725 0.313725 1
v 0.0702555779 -0.035319998 -0.114642857 0.313725 0.313725 1
v 0.070496313 -0.0353684369 -0.112881698 0.705882 0.470588 0.156863
v 0.0706993275 -0.03539593 -0.111115406 0.705882 0.470588 0.156863
v 0.0708972699 -0.035426495 -0.109348599 0.705882 0.470588 0.156863
v 0.0710892901 -0.0354589274 -0.107581126 0.705882 0.470588 0.156863
v 0.0712554043 -0.0354766756 -0.105810779 0.705882 0.470588 0.156863
v 0.0714118399 -0.0354979199 -0.104039657 0.705882 0.470588 0.156863
v 0.0715561243 -0.0355262457 -0.10226755 0.470588 0.470588 0.470588
v 0.0716752679 -0.0355427228 -0.100493389 0.470588 0.470588 0.470588
v 0.0717816966 -0.035559607 -0.0987184837 0.470588 0.470588 0.470588
v 0.07188801 -0.0355840955 -0.0969436067 0.470588 0.470588 0.470588
v 0.0719917354 -0.0356055347 -0.0951685268 0.470588 0.470588 0.470588
v 0.0720893116 -0.035620006 -0.0933930462 0.470588 0.470588 0.470588
v 0.0721929078 -0.0356369027 -0.0916179573 1 0 0
v 0.0723043817 -0.035661301 -0.0898434045 1 0 0
v 0.0724164567 -0.0356845973 -0.0880688747 1 0 0
v 0.0725130714 -0.0357042194 -0.0862933808 1 0 0
v 0.0726049454 -0.0357309849 -0.0845177457 1 0 0
v 0.0726679528 -0.0357461502 -0.0827407552 1 0 0
v 0.0727137581 -0.0357614349 -0.0809633642 1 0 0
v 0.0727575521 -0.0357830432 -0.0791858558 1 0 0
v 0.0727728228 -0.0357878983 -0.077407843 0 1 0
v 0.0728025721 -0.035807847 -0.0756300597 0 1 0
v 0.0728318595 -0.0358255948 -0.073852253 0 1 0
v 0.0728589949 -0.0358433751 -0.07207444 0 1 0
v 0.0728964739 -0.0358619623 -0.0702967691 0 1 0
v 0.0729368559 -0.0358856509 -0.0685191721 0 1 0
v 0.0729502678 -0.0359007251 -0.0667410887 0 0.501961 1
v 0.0729651242 -0.0359162479 -0.0649630338 0 0.501961 1
v 0.0729704311 -0.0359302266 -0.063184992 0 0.501961 1
v 0.0729638753 -0.035950006 -0.0614069514 0 0.501961 1
v 0.0729419675 -0.0359675093 -0.0596290486 0 0.501961 1
v 0.0728904917 -0.035968279 -0.0578516467 0 0.501961 1
v 0.0728145149 -0.0359579727 -0.0560751127 0 0.501961 1
v 0.0727873493 -0.0359779435 -0.0542972417 0 0.501961 1
v 0.0727497862 -0.035991199 -0.0525194582 1 0.784314 0
v 0.0727022794 -0.035999887 -0.0507419237 1 0.784314 0
v 0.0726578932 -0.0360095824 -0.0489643051 1 0.784314 0
v 0.0726183591 -0.0360230042 -0.0471866137 1 0.784314 0
v 0.0725623595 -0.0360290989 -0.0454092985 1 0.784314 0
v 0.0724970329 -0.03604245 -0.0436324032 1 0.784314 0
v 0.0724303513 -0.0360560374 -0.0418554688 0.705882 0 1
v 0.0723393247 -0.0360669644 -0.0400796729 0.705882 0 1
v 0.0722272353 -0.0360721632 -0.0383050611 0.705882 0 1
v 0.0721126571 -0.0360792713 -0.0365305462 0.705882 0 1
v 0.0719867923 -0.0360825579 -0.0347568371 0.705882 0 1
v 0.0718661652 -0.0360928456 -0.0329827372 0.705882 0 1
v 0.0717176609 -0.0360917965 -0.0312107601 0.705882 0 1
v 0.0715847137 -0.0361012298 -0.0294375961 0.705882 0 1
v 0.0714546397 -0.0361184088 -0.0276643075 0 0.862745 0.862745
v 0.0713133635 -0.0361312159 -0.0258918761 0 0.862745 0.862745
v 0.0711734462 -0.0361492502 -0.0241193776 0 0.862745 0.862745
v 0.0710288462 -0.036169229 -0.0223472503 0 0.862745 0.862745
v 0.070859042 -0.0361735193 -0.0205772113 0 0.862745 0.862745
v 0.0707004672 -0.0361862157 -0.0188061335 0 0.862745 0.862745
v 0.0705291679 -0.0361974257 -0.017036216 1 0.470588 0
v 0.0703450072 -0.0362052595 -0.0152675846 1 0.470588 0
v 0.0701616284 -0.0362135675 -0.0134989224 1 0.470588 0
v 0.0699706216 -0.0362278005 -0.0117310649 1 0.470588 0
v 0.0697741566 -0.0362434636 -0.00996389719 1 0.470588 0
v 0.0695758445 -0.0362639042 -0.00819691142 1 0.470588 0
v 0.0693577617 -0.0362760028 -0.00643217228 0.470588 1 0
v 0.069124227 -0.0362800086 -0.00466934115 0.470588 1 0
v 0.0688732579 -0.0362800715 -0.00290898984 0.470588 1 0
v 0.0686004062 -0.0362781108 -0.00115185504 0.470588 1 0
v 0.0683056794 -0.0362712396 0.000601754374 0.470588 1 0
v 0.0679975379 -0.0362567051 0.00235283243 0.470588 1 0
v 0.0676745392 -0.0362380141 0.00410116863 0.470588 1 0
v 0.0673215554 -0.0362051149 0.00584295558 0.470588 1 0
v 0.0669076729 -0.0361448498 0.0075712092 1 0 0.705882
v 0.0664647732 -0.0360776417 0.00929162551 1 0 0.705882
v 0.0659341601 -0.0359481311 0.0109839023 1 0 0.705882
v 0.0653113835 -0.0357618441 0.0126368351 1 0 0.705882
v 0.0645816242 -0.035493284 0.0142359641 1 0 0.705882
v 0.0637157437 -0.0351221179 0.0157410498 1 0 0.705882
v 0.0627315792 -0.0346748322 0.0171514808 1 0 0.705882
v 0.0616342027 -0.0342101002 0.0184701579 1 0 0.705882
v 0.0604302483 -0.0337632435 0.0196972343 0.313725 0.313725 1
v 0.0590486085 -0.0334830979 0.0207453412 0.313725 0.313725 1
v 0.0574701762 -0.0334466208 0.0215613803 0.313725 0.313725 1
v 0.0558615517 -0.033446694 0.0223192258 0.313725 0.313725 1
v 0.05425237 -0.0334577087 0.0230757382 0.313725 0.313725 1
v 0.0526423852 -0.0334666195 0.0238306687 0.313725 0.313725 1
v 0.0510354896 -0.0334798063 0.0245920684 0.705882 0.470588 0.156863
v 0.0494288796 -0.0334928234 0.0253541327 0.705882 0.470588 0.156863
v 0.0478212771 -0.0335058631 0.0261140666 0.705882 0.470588 0.156863
v 0.0462114342 -0.0335126688 0.0268692967 0.705882 0.470588 0.156863
v 0.0446027276 -0.0335197192 0.0276268866 0.705882 0.470588 0.156863
v 0.0429942179 -0.0335274747 0.0283849609 0.705882 0.470588 0.156863
v 0.041385179 -0.0335371689 0.0291419213 0.705882 0.470588 0.156863
v 0.0397751121 -0.0335447202 0.0298967242 0.705882 0.470588 0.156863
v 0.0381678928 -0.0335546889 0.0306575553 0.470588 0.470588 0.470588
v 0.0365580368 -0.033559521 0.0314128116 0.470588 0.470588 0.470588
v 0.034947 -0.0335656041 0.0321655581 0.470588 0.470588 0.470588
v 0.070621689 -0.0336174503 -0.123467749 0.313725 0.313725 1
v 0.0708229198 -0.0336241543 -0.121677169 0.313725 0.313725 1
v 0.0710235718 -0.0336197738 -0.11988654 0.313725 0.313725 1
v 0.0712574181 -0.0336453134 -0.118100281 0.313725 0.313725 1
v 0.0714770297 -0.0336607806 -0.116312107 0.313725 0.313725 1
v 0.0716923908 -0.0336765187 -0.114523386 0.313725 0.313725 1
v 0.071914423 -0.0337075345 -0.11273563 0.705882 0.470588 0.156863
v 0.0721005109 -0.0337219617 -0.110943401 0.705882 0.470588 0.156863
v 0.0722849794 -0.0337400463 -0.109151069 0.705882 0.470588 0.156863
v 0.0724668556 -0.0337630647 -0.107358576 0.705882 0.470588 0.156863
v 0.0726364968 -0.0337799162 -0.105564732 0.705882 0.470588 0.156863
v 0.0727838925 -0.0337991913 -0.103768976 0.705882 0.470588 0.156863
v 0.0729048117 -0.033811385 -0.101971207 0.470588 0.470588 0.470588
v 0.073019287 -0.0338267594 -0.100173019 0.470588 0.470588 0.470588
v 0.0731192174 -0.0338394663 -0.0983739268 0.470588 0.470588 0.470588
v 0.073217337 -0.0338544668 -0.0965747553 0.470588 0.470588 0.470588
v 0.0733120719 -0.0338691487 -0.0947754066 0.470588 0.470588 0.470588
v 0.0734146125 -0.0338863467 -0.0929764906 0.470588 0.470588 0.470588
v 0.0735130702 -0.0338942849 -0.0911772717 1 0 0
v 0.0736174339 -0.0339157882 -0.089378504 1 0 0
v 0.0737166682 -0.0339330239 -0.0875793973 1 0 0
v 0.0738077365 -0.0339485404 -0.0857798523 1 0 0
v 0.0738595216 -0.0339463803 -0.0839787366 1 0 0
v 0.0739167013 -0.033961794 -0.0821778589 1 0 0
v 0.0739385738 -0.0339678253 -0.0803762344 1 0 0
v 0.0739875652 -0.033991873 -0.0785752319 1 0 0
v 0.0740022005 -0.0339977859 -0.076773439 0 1 0
v 0.0740247136 -0.034009185 -0.0749717834 0 1 0
v 0.0740359559 -0.0340142752 -0.0731700488 0 1 0
v 0.0740518584 -0.0340299042 -0.0713683184 0 1 0
v 0.0740826516 -0.0340472808 -0.069566836 0 1 0
v 0.0740918962 -0.0340566956 -0.0677649663 0 1 0
v 0.0740984596 -0.0340635553 -0.0659631247 0 0.501961 1
v 0.0741216836 -0.0340769379 -0.0641615033 0 0.501961 1
v 0.0741081957 -0.0340880978 -0.0623597755 0 0.501961 1
v 0.0740856711 -0.0341059016 -0.0605581619 0 0.501961 1
v 0.0740486562 -0.0341127132 -0.0587566932 0 0.501961 1
v 0.0739925918 -0.0341169997 -0.0569556473 0 0.501961 1
v 0.0739403022 -0.0341216585 -0.0551545298 0 0.501961 1
v 0.0738951223 -0.0341299269 -0.0533532225 0 0.501961 1
v 0.0738396721 -0.0341332236 -0.051552171 1 0.784314 0
v 0.0737900535 -0.0341412409 -0.0497509562 1 0.784314 0
v 0.0737405509 -0.0341428548 -0.0479497075 1 0.784314 0
v 0.0736769019 -0.0341472543 -0.0461489514 1 0.784314 0
v 0.0736069135 -0.0341558822 -0.0443484061 1 0.784314 0
v 0.0735397812 -0.0341662645 -0.0425477829 1 0.784314 0
v 0.073472786 -0.034180307 -0.040747256 0.705882 0 1
v 0.0733734492 -0.034192233 -0.0389481413 0.705882 0 1
v 0.0732477235 -0.0341962109 -0.0371506068 0.705882 0 1
v 0.0731214907 -0.0341986927 -0.0353531054 0.705882 0 1
v 0.0729859779 -0.0342049654 -0.0335562978 0.705882 0 1
v 0.0728473432 -0.0342098549 -0.031759773 0.705882 0 1
v 0.0727127385 -0.0342172141 -0.0299629572 0.705882 0 1
v 0.0725719088 -0.0342266726 -0.0281665938 0.705882 0 1
v 0.0724242651 -0.0342373885 -0.0263708019 0 0.862745 0.862745
v 0.0722652772 -0.0342449654 -0.024575925 0 0.862745 0.862745
v 0.0721182687 -0.0342634736 -0.0227801707 0 0.862745 0.862745
v 0.0719493851 -0.0342706197 -0.0209862344 0 0.862745 0.862745
v 0.0718045472 -0.0342899456 -0.0191902899 0 0.862745 0.862745
v 0.0716322149 -0.0343010363 -0.0173967537 0 0.862745 0.862745
v 0.0714552123 -0.0343140141 -0.0156036008 1 0.470588 0
v 0.0712767182 -0.0343278282 -0.0138105897 1 0.470588 0
v 0.0710852884 -0.0343403948 -0.0120189361 1 0.470588 0
v 0.0708974729 -0.0343615823 -0.0102269865 1 0.470588 0
v 0.0706843762 -0.0343739409 -0.00843774933 1 0.470588 0
v 0.0704613423 -0.0343835265 -0.00664972215 1 0.470588 0
v 0.0702299581 -0.034390723 -0.00486272735 0.470588 1 0
v 0.0699911193 -0.0343993647 -0.00307672363 0.470588 1 0
v 0.0697247865 -0.0344023868 -0.00129460566 0.470588 1 0
v 0.0694346255 -0.0343960721 0.000483757461 0.470588 1 0
v 0.0691324043 -0.0343872079 0.00226011384 0.470588 1 0
v 0.0688241008 -0.0343808256 0.00403540026 0.470588 1 0
v 0.0684965012 -0.0343665834 0.00580677034 0.470588 1 0
v 0.0681193664 -0.0343322196 0.00756841497 0.470588 1 0
v 0.0677257993 -0.0342992458 0.0093260573 1 0 0.705882
v 0.0672842392 -0.0342391332 0.0110717107 1 0 0.705882
v 0.0667408336 -0.0341271155 0.0127860845 1 0 0.705882
v 0.0661538085 -0.0339972095 0.0144844507 1 0 0.705882
v 0.0654055294 -0.0337578652 0.0161043164 1 0 0.705882
v 0.064458548 -0.0333923189 0.017591317 1 0 0.705882
v 0.0634106654 -0.0329982201 0.0190003998 1 0 0.705882
v 0.0622333939 -0.0325421911 0.0202854002 1 0 0.705882
v 0.0609284414 -0.0321335896 0.0214554726 0.313725 0.313725 1
v 0.0594031387 -0.0319849249 0.0223775802 0.313725 0.313725 1
v 0.0577836969 -0.0319615464 0.0231661951 0.313725 0.313725 1
v 0.0561549382 -0.0319689295 0.023936826 0.313725 0.313725 1
v 0.0545209211 -0.0319723105 0.0246961634 0.313725 0.313725 1
v 0.0528910317 -0.0319807554 0.0254642112 0.313725 0.313725 1
v 0.0512593368 -0.0319866478 0.0262285109 0.705882 0.470588 0.156863
v 0.0496289014 -0.0319965431 0.0269955437 0.705882 0.470588 0.156863
v 0.047998315 -0.0320069215 0.0277623169 0.705882 0.470588 0.156863
v 0.0463648177 -0.0320090276 0.0285229464 0.705882 0.470588 0.156863
v 0.0447346188 -0.0320160798 0.0292905027 0.705882 0.470588 0.156863
v 0.0431034206 -0.0320221175 0.0300560497 0.705882 0.470588 0.156863
v 0.0414732322 -0.0320314317 0.0308237132 0.705882 0.470588 0.156863
v 0.0398441985 -0.0320423681 0.0315938195 0.705882 0.470588 0.156863
v 0.0382154314 -0.0320507143 0.0323644952 0.470588 0.470588 0.470588
v 0.036580062 -0.0320461483 0.0331210282 0.470588 0.470588 0.470588
v 0.034947 -0.032050914 0.0338825688 0.470588 0.470588 0.470588
v 0.0718773265 -0.0318477812 -0.123469622 0 1 0
v 0.0720860807 -0.0318518067 -0.12169448 0 1 0
v 0.0722797182 -0.0318453085 -0.119917626 0 1 0
v 0.0725183885 -0.0318755858 -0.118146543 0 1 0
v 0.0727281595 -0.0318837135 -0.116371632 0 1 0
v 0.0729304356 -0.0318932226 -0.11459577 0 1 0
v 0.0731259533 -0.031906956 -0.11281932 0 0.501961 1
v 0.0732997701 -0.0319149638 -0.111040442 0 0.501961 1
v 0.0734663003 -0.0319224908 -0.109260941 0 0.501961 1
v 0.073648448 -0.0319444816 -0.107483003 0 0.501961 1
v 0.0738022649 -0.0319562649 -0.105702257 0 0.501961 1
v 0.0739309531 -0.031958293 -0.10391951 0 0.501961 1
v 0.0740366901 -0.0319632912 -0.102135264 1 0.784314 0
v 0.0741544406 -0.0319742293 -0.100351856 1 0.784314 0
v 0.0742477872 -0.0319818881 -0.0985668972 1 0.784314 0
v 0.0743312936 -0.0319939618 -0.0967816605 1 0.784314 0
v 0.0744094536 -0.0320019288 -0.0949959945 1 0.784314 0
v 0.0744991458 -0.0320110607 -0.0932108731 1 0.784314 0
v 0.0745906353 -0.032021496 -0.091425848 0.705882 0 1
v 0.0746828677 -0.0320325937 -0.0896408894 0.705882 0 1
v 0.0747793879 -0.0320462627 -0.0878561497 0.705882 0 1
v 0.0748677945 -0.0320580307 -0.0860710457 0.705882 0 1
v 0.0749228725 -0.0320597085 -0.0842846586 0.705882 0 1
v 0.074972143 -0.0320675758 -0.0824980297 0.705882 0 1
v 0.0749921739 -0.0320716408 -0.0807108405 0.705882 0 1
v 0.0750213184 -0.0320837998 -0.078923846 0.705882 0 1
v 0.0750357905 -0.0320913071 -0.077136532 0 0.862745 0.862745
v 0.0750479858 -0.0320988101 -0.0753492907 0 0.862745 0.862745
v 0.0750605928 -0.0321070508 -0.073562037 0 0.862745 0.862745
v 0.0750733557 -0.0321163721 -0.071774711 0 0.862745 0.862745
v 0.0750897408 -0.0321249907 -0.0699873969 0 0.862745 0.862745
v 0.0750955957 -0.0321301968 -0.0682000072 0 0.862745 0.862745
v 0.0750950398 -0.0321345953 -0.0664126149 1 0.470588 0
v 0.075111201 -0.0321428312 -0.0646253236 1 0.470588 0
v 0.0750993137 -0.0321485252 -0.0628380161 1 0.470588 0
v 0.07508272 -0.0321605248 -0.0610507536 1 0.470588 0
v 0.0750410966 -0.0321716651 -0.0592638595 1 0.470588 0
v 0.0749898767 -0.0321761926 -0.0574772006 1 0.470588 0
v 0.0749367737 -0.0321809448 -0.0556905943 1 0.470588 0
v 0.0748847241 -0.0321809723 -0.053903961 1 0.470588 0
v 0.0748321911 -0.0321839157 -0.0521173438 0.470588 1 0
v 0.0747800697 -0.0321923077 -0.0503307315 0.470588 1 0
v 0.0747223795 -0.0322014139 -0.0485442702 0.470588 1 0
v 0.074665217 -0.0322067982 -0.0467577785 0.470588 1 0
v 0.074596674 -0.0322102508 -0.0449717029 0.470588 1 0
v 0.0745247632 -0.0322167403 -0.043185767 0.470588 1 0
v 0.0744507247 -0.0322292758 -0.0413999326 1 0 0.705882
v 0.0743456881 -0.0322344959 -0.0396156821 1 0 0.705882
v 0.0742289485 -0.0322380786 -0.0378320971 1 0 0.705882
v 0.0740998629 -0.0322382234 -0.0360493525 1 0 0.705882
v 0.0739734851 -0.032240758 -0.0342664193 1 0 0.705882
v 0.0738350212 -0.0322453641 -0.0324844708 1 0 0.705882
v 0.0736973646 -0.032249975 -0.0307024028 1 0 0.705882
v 0.0735685192 -0.0322620541 -0.0289197284 1 0 0.705882
v 0.0734121908 -0.0322659335 -0.0271391834 0.313725 0.313725 1
v 0.0732621175 -0.0322761156 -0.0253581304 0.313725 0.313725 1
v 0.0731003456 -0.0322852954 -0.0235781288 0.313725 0.313725 1
v 0.0729399038 -0.0322958338 -0.0217979835 0.313725 0.313725 1
v 0.0727942859 -0.0323140657 -0.0200167888 0.313725 0.313725 1
v 0.0726301697 -0.0323260185 -0.0182370129 0.313725 0.313725 1
v 0.0724580372 -0.0323377377 -0.01645805 0.705882 0.470588 0.156863
v 0.0722934391 -0.0323551574 -0.0146783577 0.705882 0.470588 0.156863
v 0.0721143207 -0.0323672344 -0.0128999958 0.705882 0.470588 0.156863
v 0.0719211203 -0.0323800136 -0.0111231149 0.705882 0.470588 0.156863
v 0.0717184315 -0.0323982174 -0.00934734361 0.705882 0.470588 0.156863
v 0.0715037468 -0.0324117753 -0.00757293258 0.705882 0.470588 0.156863
v 0.0712849365 -0.0324198328 -0.00579899674 0.470588 0.470588 0.470588
v 0.0710635009 -0.0324319866 -0.0040254095 0.470588 0.470588 0.470588
v 0.0708221297 -0.0324412635 -0.0022544222 0.470588 0.470588 0.470588
v 0.070547477 -0.0324403994 -0.000488274421 0.470588 0.470588 0.470588
v 0.0702488338 -0.0324331817 0.00127395608 0.470588 0.470588 0.470588
v 0.0699565995 -0.0324298186 0.00303728052 0.470588 0.470588 0.470588
v 0.0696555005 -0.0324267481 0.00479914065 0.470588 0.470588 0.470588
v 0.069316932 -0.0324098339 0.00655390184 0.470588 0.470588 0.470588
v 0.0689540258 -0.0323857548 0.00830391473 1 0 0
v 0.0685919022 -0.0323632897 0.0100540382 1 0 0
v 0.0681897813 -0.0323263965 0.0117951811 1 0 0
v 0.0677431357 -0.0322762054 0.0135249457 1 0 0
v 0.0672307867 -0.0322069081 0.0152349322 1 0 0
v 0.0665185871 -0.032025102 0.0168578035 1 0 0
v 0.0657229766 -0.031822592 0.0184442819 1 0 0
v 0.0647150798 -0.0314821102 0.0198763398 1 0 0
v 0.0635843301 -0.0310988645 0.0212035142 0 1 0
v 0.0622967088 -0.0306918634 0.0223714339 0 1 0
v 0.0608255059 -0.0304371398 0.0233362689 0 1 0
v 0.0592308948 -0.0303959051 0.0241418033 0 1 0
v 0.0576122743 -0.0303870025 0.0248999086 0 1 0
v 0.0559934482 -0.0303928911 0.0256575999 0 1 0
v 0.0543695772 -0.0303905813 0.0264043791 0 0.501961 1
v 0.0527561306 -0.030404346 0.0271733303 0 0.501961 1
v 0.05113365 -0.0304027664 0.0279232112 0 0.501961 1
v 0.0495163273 -0.030408244 0.0286840904 0 0.501961 1
v 0.0478987503 -0.0304135926 0.0294444767 0 0.501961 1
v 0.0462776244 -0.0304140745 0.0301973135 0 0.501961 1
v 0.0446605532 -0.0304235581 0.0309587107 0 0.501961 1
v 0.0430401101 -0.0304290445 0.0317129354 0 0.501961 1
v 0.0414235592 -0.0304387164 0.0324754923 1 0.784314 0
v 0.0398053358 -0.0304427592 0.0332345653 1 0.784314 0
v 0.0381862663 -0.0304449473 0.0339918226 1 0.784314 0
v 0.0365678994 -0.0304514258 0.0347505614 1 0.784314 0
v 0.034947 -0.0304522262 0.0355038957 1 0.784314 0
v 0.0729603545 -0.0299656926 -0.123465339 0 1 0
v 0.0731666233 -0.0299671704 -0.121706077 0 1 0
v 0.0733672246 -0.029965987 -0.119946173 0 1 0
v 0.0735963585 -0.0299899005 -0.118189905 0 1 0
v 0.0737895415 -0.0299882951 -0.116429254 0 1 0
v 0.0739848544 -0.0299962034 -0.114668788 0 1 0
v 0.0741645765 -0.0300015822 -0.112906769 0 0.501961 1
v 0.0743286839 -0.0300050039 -0.111143257 0 0.501961 1
v 0.0744832752 -0.0300080173 -0.109378721 0 0.501961 1
v 0.0746312167 -0.0300117346 -0.107613624 0 0.501961 1
v 0.0747732911 -0.0300181316 -0.105848032 0 0.501961 1
v 0.0749070149 -0.0300237664 -0.104081796 0 0.501961 1
v 0.0750142047 -0.0300295155 -0.102313742 1 0.784314 0
v 0.0751097913 -0.0300361131 -0.100545039 1 0.784314 0
v 0.0751982755 -0.0300426032 -0.0987760119 1 0.784314 0
v 0.0752724505 -0.0300450515 -0.0970062861 1 0.784314 0
v 0.07534646 -0.0300473458 -0.0952365449 1 0.784314 0
v 0.0754281325 -0.0300531465 -0.0934671622 1 0.784314 0
v 0.0755192525 -0.0300619919 -0.0916982274 0.705882 0 1
v 0.0756022412 -0.0300670732 -0.0899289132 0.705882 0 1
v 0.0756854733 -0.0300778081 -0.0881597206 0.705882 0 1
v 0.0757787145 -0.030092289 -0.0863909688 0.705882 0 1
v 0.0758292312 -0.0300918319 -0.0846203784 0.705882 0 1
v 0.0758710205 -0.0300939548 -0.0828495835 0.705882 0 1
v 0.0758988201 -0.0300987959 -0.0810785376 0.705882 0 1
v 0.0759153569 -0.0301056633 -0.079307329 0.705882 0 1
v 0.075926225 -0.030111355 -0.0775361202 0 0.862745 0.862745
v 0.0759246093 -0.0301128739 -0.0757648707 0 0.862745 0.862745
v 0.0759392801 -0.0301194996 -0.0739937343 0 0.862745 0.862745
v 0.0759549316 -0.0301280975 -0.0722225471 0 0.862745 0.862745
v 0.0759587999 -0.0301297682 -0.0704512556 0 0.862745 0.862745
v 0.0759690149 -0.0301360264 -0.0686800013 0 0.862745 0.862745
v 0.0759822029 -0.0301474756 -0.0669087849 1 0.470588 0
v 0.0759792845 -0.0301515126 -0.0651375316 1 0.470588 0
v 0.0759684286 -0.0301528233 -0.0633663268 1 0.470588 0
v 0.0759402752 -0.0301622861 -0.0615952791 1 0.470588 0
v 0.0759040237 -0.0301745474 -0.0598244127 1 0.470588 0
v 0.0758552509 -0.0301791867 -0.0580537777 1 0.470588 0
v 0.0758011234 -0.0301824593 -0.0562832971 1 0.470588 0
v 0.0757437856 -0.0301814055 -0.054512925 1 0.470588 0
v 0.0756891664 -0.0301828757 -0.0527424765 0.470588 1 0
v 0.0756337153 -0.0301870022 -0.0509720383 0.470588 1 0
v 0.0755677101 -0.0301909988 -0.0492019765 0.470588 1 0
v 0.075515542 -0.0301902894 -0.0474314418 0.470588 1 0
v 0.0754564136 -0.0301988749 -0.0456611445 0.470588 1 0
v 0.0753900158 -0.0302066999 -0.0438911043 0.470588 1 0
v 0.0753068901 -0.0302122019 -0.0421218027 1 0 0.705882
v 0.075204857 -0.0302173172 -0.040353473 1 0 0.705882
v 0.0750933377 -0.0302219096 -0.0385857009 1 0 0.705882
v 0.074962217 -0.0302181844 -0.0368193023 1 0 0.705882
v 0.0748380257 -0.0302186082 -0.035052376 1 0 0.705882
v 0.0746977928 -0.0302251538 -0.0332866749 1 0 0.705882
v 0.0745512004 -0.0302237374 -0.031521478 1 0 0.705882
v 0.0744131839 -0.0302298952 -0.0297555869 1 0 0.705882
v 0.0742545861 -0.0302311347 -0.0279914613 0.313725 0.313725 1
v 0.0741028123 -0.0302371907 -0.0262267347 0.313725 0.313725 1
v 0.0739519319 -0.0302469412 -0.0244619051 0.313725 0.313725 1
v 0.0737913902 -0.0302559984 -0.0226979248 0.313725 0.313725 1
v 0.0736329147 -0.0302690978 -0.0209337839 0.313725 0.313725 1
v 0.0734844853 -0.0302873904 -0.0191688428 0.313725 0.313725 1
v 0.0733258977 -0.0303021788 -0.0174047524 0.705882 0.470588 0.156863
v 0.0731582489 -0.0303178132 -0.0156414733 0.705882 0.470588 0.156863
v 0.0729909423 -0.0303355435 -0.0138782127 0.705882 0.470588 0.156863
v 0.0728107923 -0.0303493051 -0.0121161501 0.705882 0.470588 0.156863
v 0.0726213066 -0.0303657036 -0.0103551081 0.705882 0.470588 0.156863
v 0.0724086086 -0.0303749054 -0.00859663948 0.705882 0.470588 0.156863
v 0.0721854698 -0.0303838398 -0.00683948682 0.470588 0.470588 0.470588
v 0.071955775 -0.0303876724 -0.00508322183 0.470588 0.470588 0.470588
v 0.0717426981 -0.0303998166 -0.00332483107 0.470588 0.470588 0.470588
v 0.0714866433 -0.0304104771 -0.00157230143 0.470588 0.470588 0.470588
v 0.0712083976 -0.0304055097 0.000176946653 0.470588 0.470588 0.470588
v 0.0709083879 -0.0304007714 0.00192265036 0.470588 0.470588 0.470588
v 0.0706320226 -0.0304016794 0.00367216248 0.470588 0.470588 0.470588
v 0.0703386831 -0.0303990489 0.00541899964 0.470588 0.470588 0.470588
v 0.0699968419 -0.0303794363 0.00715684781 1 0 0
v 0.0696513048 -0.0303654458 0.0088940395 1 0 0
v 0.0693096621 -0.030349686 0.0106318939 1 0 0
v 0.0689471626 -0.030327396 0.0123653108 1 0 0
v 0.0685513715 -0.030299798 0.0140916129 1 0 0
v 0.0680782225 -0.0302512214 0.0157969192 1 0 0
v 0.0675023149 -0.0301681598 0.0174694144 1 0 0
v 0.0668384407 -0.0300585591 0.0191057312 1 0 0
v 0.0659189254 -0.0298174609 0.0205990107 1 0 0
v 0.0648061781 -0.0294766688 0.0219261202 1 0 0
v 0.0635787644 -0.0291225821 0.0231476431 0 1 0
v 0.0621863383 -0.0288130782 0.0241977402 0 1 0
v 0.0606240778 -0.0287493918 0.0250272325 0 1 0
v 0.0590229683 -0.0287279773 0.0257842301 0 1 0
v 0.0574221557 -0.0287350674 0.0265423326 0 1 0
v 0.0558162496 -0.0287391248 0.0272896101 0 1 0
v 0.0542097499 -0.0287403781 0.0280356213 0 0.501961 1
v 0.0526044294 -0.0287449724 0.0287842109 0 0.501961 1
v 0.0509972547 -0.0287419799 0.0295288583 0 0.501961 1
v 0.0493905242 -0.0287441348 0.0302743973 0 0.501961 1
v 0.0477887849 -0.028751204 0.0310306183 0 0.501961 1
v 0.0461811316 -0.0287461131 0.0317741867 0 0.501961 1
v 0.0445771936 -0.0287539211 0.0325256783 0 0.501961 1
v 0.0429725863 -0.0287602341 0.0332757299 0 0.501961 1
v 0.0413684749 -0.0287642552 0.0340267985 1 0.784314 0
v 0.0397621245 -0.0287629129 0.0347732438 1 0.784314 0
v 0.0381629022 -0.0287752175 0.0355346858 1 0.784314 0
v 0.0365545653 -0.0287772114 0.0362768233 1 0.784314 0
v 0.034947 -0.0287761157 0.0370206111 1 0.784314 0
v 0.0738793361 -0.0279987431 -0.12347209 0 1 0
v 0.0740798122 -0.0279993369 -0.121695179 0 1 0
v 0.0742888074 -0.0279994661 -0.119919306 0 1 0
v 0.0745017977 -0.0280124625 -0.118143878 0 1 0
v 0.0746864255 -0.0280076419 -0.116365292 0 1 0
v 0.0748852721 -0.0280155364 -0.114588259 0 1 0
v 0.0750538988 -0.0280154581 -0.112808195 0 0.501961 1
v 0.0752169958 -0.0280183709 -0.111027482 0 0.501961 1
v 0.075375915 -0.0280197513 -0.109246424 0 0.501961 1
v 0.0755075589 -0.0280189404 -0.107463068 0 0.501961 1
v 0.0756440175 -0.0280226233 -0.105680094 0 0.501961 1
v 0.0757673387 -0.0280264107 -0.103896184 0 0.501961 1
v 0.0758787784 -0.0280329897 -0.10211146 1 0.784314 0
v 0.0759615515 -0.0280320781 -0.100325205 1 0.784314 0
v 0.0760381315 -0.0280300188 -0.0985386396 1 0.784314 0
v 0.0761069616 -0.0280350241 -0.0967517706 1 0.784314 0
v 0.0761797803 -0.0280384776 -0.0949650664 1 0.784314 0
v 0.0762595917 -0.0280435159 -0.0931786546 1 0.784314 0
v 0.076345099 -0.0280463224 -0.091392501 0.705882 0 1
v 0.0764153296 -0.0280471542 -0.0896057144 0.705882 0 1
v 0.0764932718 -0.0280520969 -0.0878192852 0.705882 0 1
v 0.076572153 -0.0280621765 -0.0860328533 0.705882 0 1
v 0.0766378823 -0.0280720384 -0.0842459063 0.705882 0 1
v 0.0766740624 -0.028075078 -0.0824581003 0.705882 0 1
v 0.0766913421 -0.0280776714 -0.0806700107 0.705882 0 1
v 0.0766992708 -0.0280810508 -0.0788818158 0.705882 0 1
v 0.0766993505 -0.028082525 -0.0770936424 0 0.862745 0.862745
v 0.0766961493 -0.0280805117 -0.0753054566 0 0.862745 0.862745
v 0.0767028649 -0.0280783685 -0.0735172857 0 0.862745 0.862745
v 0.0767082427 -0.0280934333 -0.0717291435 0 0.862745 0.862745
v 0.076712539 -0.0280914455 -0.0699409866 0 0.862745 0.862745
v 0.0767273872 -0.0281030938 -0.0681529253 0 0.862745 0.862745
v 0.0767205739 -0.0281109219 -0.0663647892 1 0.470588 0
v 0.0767182162 -0.0281126056 -0.0645765859 1 0.470588 0
v 0.0766984904 -0.0281112418 -0.0627885104 1 0.470588 0
v 0.076662172 -0.0281157734 -0.0610006794 1 0.470588 0
v 0.0766111372 -0.0281218053 -0.0592132255 1 0.470588 0
v 0.0765585066 -0.0281230232 -0.0574257939 1 0.470588 0
v 0.0765039927 -0.0281318152 -0.0556384346 1 0.470588 0
v 0.0764474547 -0.0281314634 -0.0538511327 1 0.470588 0
v 0.0763975279 -0.0281404958 -0.0520636813 0.470588 1 0
v 0.0763330894 -0.0281426562 -0.05027669 0.470588 1 0
v 0.0762642764 -0.028142014 -0.0484898089 0.470588 1 0
v 0.076202608 -0.0281442042 -0.0467026765 0.470588 1 0
v 0.0761244844 -0.0281477748 -0.044916186 0.470588 1 0
v 0.0760473091 -0.0281526079 -0.0431296484 0.470588 1 0
v 0.0759447118 -0.0281534048 -0.0413443874 1 0 0.705882
v 0.0758353848 -0.0281564986 -0.0395595253 1 0 0.705882
v 0.0757120036 -0.0281554635 -0.0377755983 1 0 0.705882
v 0.0755791395 -0.0281565525 -0.0359923561 1 0 0.705882
v 0.0754461164 -0.0281597054 -0.0342091219 1 0 0.705882
v 0.0753008811 -0.0281583727 -0.0324268227 1 0 0.705882
v 0.0751505884 -0.028157562 -0.0306449516 1 0 0.705882
v 0.0749997594 -0.0281627124 -0.0288631489 1 0 0.705882
v 0.0748333215 -0.028162105 -0.0270827013 0.313725 0.313725 1
v 0.0746801571 -0.0281703776 -0.0253010734 0.313725 0.313725 1
v 0.0745192671 -0.0281809809 -0.0235201973 0.313725 0.313725 1
v 0.0743590189 -0.0281933616 -0.021739241 0.313725 0.313725 1
v 0.0742044955 -0.0282077903 -0.0199577967 0.313725 0.313725 1
v 0.0740474048 -0.0282185683 -0.0181765398 0.313725 0.313725 1
v 0.0738847107 -0.0282348566 -0.0163958294 0.705882 0.470588 0.156863
v 0.0737088886 -0.0282502445 -0.0146163835 0.705882 0.470588 0.156863
v 0.0735251859 -0.0282636982 -0.0128376828 0.705882 0.470588 0.156863
v 0.073324549 -0.0282774821 -0.011060906 0.705882 0.470588 0.156863
v 0.0731194323 -0.0282910882 -0.00928458785 0.705882 0.470588 0.156863
v 0.072892049 -0.0282967898 -0.00751092221 0.705882 0.470588 0.156863
v 0.0726443691 -0.028298046 -0.00573995889 0.470588 0.470588 0.470588
v 0.072385602 -0.0282996076 -0.00397066383 0.470588 0.470588 0.470588
v 0.072147145 -0.0283082695 -0.00219848677 0.470588 0.470588 0.470588
v 0.0718753165 -0.0283124943 -0.000431086792 0.470588 0.470588 0.470588
v 0.0715915261 -0.0283107978 0.00133440188 0.470588 0.470588 0.470588
v 0.0713074561 -0.0283090245 0.00309985796 0.470588 0.470588 0.470588
v 0.0710131428 -0.0283055642 0.00486365121 0.470588 0.470588 0.470588
v 0.0707088713 -0.0282985634 0.00662567869 0.470588 0.470588 0.470588
v 0.0703792265 -0.0282878943 0.00838319952 1 0 0
v 0.0700537991 -0.0282801687 0.0101414771 1 0 0
v 0.069725574 -0.0282714118 0.0118989845 1 0 0
v 0.0693495557 -0.0282496686 0.0136470844 1 0 0
v 0.0689597771 -0.0282265195 0.0153919403 1 0 0
v 0.0684958635 -0.0281862817 0.0171183278 1 0 0
v 0.0679657323 -0.0281386735 0.0188237192 1 0 0
v 0.0672688258 -0.0280249568 0.0204664665 1 0 0
v 0.0663214498 -0.027801266 0.0219656307 1 0 0
v 0.0652385028 -0.0275425007 0.0233536424 1 0 0
v 0.0639440618 -0.0272593681 0.0245460686 0 1 0
v 0.0624754822 -0.0270500018 0.0255397804 0 1 0
v 0.0608802752 -0.0270021908 0.0263460562 0 1 0
v 0.0592644691 -0.0269883917 0.0271120087 0 1 0
v 0.057649984 -0.0270010062 0.0278807278 0 1 0
v 0.0560240933 -0.0269951219 0.0286251245 0 1 0
v 0.0544018682 -0.0269891708 0.0293774351 0 0.501961 1
v 0.0527833141 -0.0270064967 0.0301374224 0 0.501961 1
v 0.0511580772 -0.0270010619 0.0308832725 0 0.501961 1
v 0.0495356551 -0.0270012485 0.0316351351 0 0.501961 1
v 0.0479145772 -0.0270052297 0.0323899692 0 0.501961 1
v 0.0462959479 -0.0270088203 0.0331500634 0 0.501961 1
v 0.0446764902 -0.0270147757 0.0339083384 1 0.784314 0
v 0.0430546618 -0.0270157645 0.034661555 1 0.784314 0
v 0.0414315164 -0.0270136892 0.0354119035 1 0.784314 0
v 0.039809447 -0.0270114451 0.0361645379 1 0.784314 0
v 0.0381928977 -0.0270158531 0.0369289138 1 0.784314 0
v 0.0365702463 -0.0270238116 0.0376802874 1 0.784314 0
v 0.034947 -0.0270208704 0.0384304499 1 0.784314 0
v 0.0746479897 -0.0259683383 -0.123473059 0 1 0
v 0.0748539412 -0.0259708272 -0.121681369 0 1 0
v 0.0750468782 -0.0259649636 -0.119888257 0 1 0
v 0.0752579171 -0.0259739954 -0.118097172 0 1 0
v 0.0754452317 -0.0259678602 -0.116303454 0 1 0
v 0.0756348424 -0.0259726002 -0.114509949 0 1 0
v 0.0757988957 -0.0259706806 -0.11271396 0 0.501961 1
v 0.0759677577 -0.0259747554 -0.1109184 0 0.501961 1
v 0.0761147756 -0.0259752968 -0.109120891 0 0.501961 1
v 0.0762483786 -0.0259754655 -0.107322379 0 0.501961 1
v 0.0763800377 -0.025977016 -0.105523674 0 0.501961 1
v 0.0764998156 -0.0259788447 -0.103724173 0 0.501961 1
v 0.0766103978 -0.0259832831 -0.101924063 1 0.784314 0
v 0.0766861203 -0.02598232 -0.100122196 1 0.784314 0
v 0.0767649264 -0.025983233 -0.0983204288 1 0.784314 0
v 0.0768288464 -0.0259836384 -0.0965180998 1 0.784314 0
v 0.076895528 -0.0259853491 -0.0947158664 1 0.784314 0
v 0.0769702096 -0.0259880065 -0.0929139044 1 0.784314 0
v 0.077042795 -0.0259877854 -0.0911118476 0.705882 0 1
v 0.0771161576 -0.0259867975 -0.0893098228 0.705882 0 1
v 0.0771874008 -0.025986786 -0.0875077435 0.705882 0 1
v 0.0772641977 -0.0260020077 -0.0857059434 0.705882 0 1
v 0.0773107303 -0.0260066936 -0.0839030969 0.705882 0 1
v 0.0773421438 -0.02600917 -0.082099869 0.705882 0 1
v 0.0773585888 -0.0260103039 -0.08029644 0.705882 0 1
v 0.0773676054 -0.0260107865 -0.0784929549 0.705882 0 1
v 0.0773621514 -0.0260114227 -0.0766894662 0 0.862745 0.862745
v 0.0773543335 -0.0260121492 -0.0748860212 0 0.862745 0.862745
v 0.0773543216 -0.0260146851 -0.0730825275 0 0.862745 0.862745
v 0.0773477936 -0.0260175027 -0.0712790414 0 0.862745 0.862745
v 0.0773519051 -0.0260192013 -0.0694755576 0 0.862745 0.862745
v 0.0773611752 -0.0260305179 -0.0676721277 0 0.862745 0.862745
v 0.0773455933 -0.0260340876 -0.0658686976 1 0.470588 0
v 0.0773467934 -0.0260415794 -0.0640651954 1 0.470588 0
v 0.0773146826 -0.0260437548 -0.0622620282 1 0.470588 0
v 0.0772633384 -0.0260446934 -0.0604592595 1 0.470588 0
v 0.0772087319 -0.0260466827 -0.0586565806 1 0.470588 0
v 0.0771507659 -0.0260461398 -0.0568539983 1 0.470588 0
v 0.0770970016 -0.0260459006 -0.0550513014 1 0.470588 0
v 0.0770412696 -0.0260398848 -0.05324868 1 0.470588 0
v 0.0769780126 -0.0260495747 -0.0514463347 0.470588 1 0
v 0.0769143664 -0.0260555852 -0.0496439606 0.470588 1 0
v 0.0768400477 -0.0260525646 -0.0478419962 0.470588 1 0
v 0.0767667489 -0.0260545132 -0.0460399813 0.470588 1 0
v 0.0766830943 -0.0260575934 -0.0442384512 0.470588 1 0
v 0.0765876665 -0.0260593225 -0.0424374845 0.470588 1 0
v 0.0764876295 -0.0260578423 -0.0406367571 1 0 0.705882
v 0.0763591024 -0.026053063 -0.0388378528 1 0 0.705882
v 0.0762249219 -0.0260600319 -0.0370393625 1 0 0.705882
v 0.0760979544 -0.0260646 -0.0352403383 1 0 0.705882
v 0.0759556977 -0.0260639124 -0.0334424535 1 0 0.705882
v 0.0758009402 -0.0260607362 -0.0316456014 1 0 0.705882
v 0.0756548076 -0.0260627953 -0.0298480209 1 0 0.705882
v 0.0754878587 -0.0260625645 -0.0280522518 1 0 0.705882
v 0.0753214512 -0.0260666971 -0.0262564351 0.313725 0.313725 1
v 0.0751533724 -0.0260738925 -0.0244607856 0.313725 0.313725 1
v 0.0749865186 -0.0260841097 -0.0226650492 0.313725 0.313725 1
v 0.0748286418 -0.0260963301 -0.020868508 0.313725 0.313725 1
v 0.0746736129 -0.0261065699 -0.0190717182 0.313725 0.313725 1
v 0.0745074957 -0.0261245766 -0.0172759669 0.313725 0.313725 1
v 0.0743261287 -0.0261387939 -0.0154817293 0.705882 0.470588 0.156863
v 0.0741306753 -0.0261473166 -0.013688958 0.705882 0.470588 0.156863
v 0.0739160416 -0.0261548481 -0.0118983012 0.705882 0.470588 0.156863
v 0.0736835003 -0.0261590949 -0.0101099208 0.705882 0.470588 0.156863
v 0.073443557 -0.0261638355 -0.00832255174 0.705882 0.470588 0.156863
v 0.0731936109 -0.0261696989 -0.00653647961 0.705882 0.470588 0.156863
v 0.0729263665 -0.026165189 -0.00475294616 0.470588 0.470588 0.470588
v 0.0726415664 -0.0261661444 -0.00297210684 0.470588 0.470588 0.470588
v 0.0723727808 -0.0261726837 -0.00118874963 0.470588 0.470588 0.470588
v 0.072101202 -0.026175166 0.000594195221 0.470588 0.470588 0.470588
v 0.0718109439 -0.0261707265 0.00237415791 0.470588 0.470588 0.470588
v 0.0715350262 -0.0261703898 0.00415638693 0.470588 0.470588 0.470588
v 0.0712515176 -0.0261719136 0.00593748097 0.470588 0.470588 0.470588
v 0.0709446561 -0.026166996 0.00771465156 0.470588 0.470588 0.470588
v 0.0706417722 -0.026162264 0.00949253227 1 0 0
v 0.0703416681 -0.0261608196 0.0112709009 1 0 0
v 0.0700049552 -0.0261474114 0.0130425296 1 0 0
v 0.0696457028 -0.0261341118 0.0148098531 1 0 0
v 0.0692508915 -0.026113793 0.0165695008 1 0 0
v 0.0688211261 -0.0260936961 0.0183207453 1 0 0
v 0.0683264308 -0.0260550648 0.0200536075 1 0 0
v 0.067620655 -0.0259554088 0.021709263 1 0 0
v 0.0667604376 -0.0258119604 0.0232810193 1 0 0
v 0.0655953942 -0.0255670039 0.024628929 1 0 0
v 0.0642397632 -0.0253560827 0.0257847382 0 1 0
v 0.0627210535 -0.0252141966 0.0267422187 0 1 0
v 0.0611101309 -0.0251795105 0.0275522302 0 1 0
v 0.0594846272 -0.0251758751 0.028333472 0 1 0
v 0.0578477994 -0.0251741778 0.0290907248 0 1 0
v 0.0562099502 -0.0251733919 0.0298457852 0 1 0
v 0.0545734918 -0.025174461 0.030603802 0 0.501961 1
v 0.052943988 -0.0251897505 0.0313765642 0 0.501961 1
v 0.051307349 -0.0251881986 0.0321342219 0 0.501961 1
v 0.0496697659 -0.0251851837 0.0328898332 0 0.501961 1
v 0.0480379794 -0.0251888828 0.0336577494 0 0.501961 1
v 0.0464027152 -0.0251926702 0.0344182777 0 0.501961 1
v 0.0447642438 -0.0251909857 0.0351719717 1 0.784314 0
v 0.043126806 -0.0251863399 0.0359278072 1 0.784314 0
v 0.0414913791 -0.0251906634 0.036687963 1 0.784314 0
v 0.0398582202 -0.0251929276 0.0374530945 1 0.784314 0
v 0.0382214418 -0.0251838847 0.0382101372 1 0.784314 0
v 0.0365855217 -0.0251922653 0.0389692357 1 0.784314 0
v 0.034947 -0.0251908877 0.0397228421 1 0.784314 0
v 0.0752784092 -0.0238907913 -0.123473695 0 1 0
v 0.0754824569 -0.0238930136 -0.121703252 0 1 0
v 0.0756723742 -0.023887113 -0.119931257 0 1 0
v 0.0758815499 -0.0238949132 -0.118161446 0 1 0
v 0.0760623976 -0.0238879854 -0.116388514 0 1 0
v 0.0762555261 -0.0238945142 -0.114616884 0 1 0
v 0.0764114749 -0.0238920821 -0.112841698 0 0.501961 1
v 0.0765723079 -0.0238949967 -0.111066866 0 0.501961 1
v 0.0767168877 -0.0238934172 -0.109290612 0 0.501961 1
v 0.0768490156 -0.0238920727 -0.107513365 0 0.501961 1
v 0.0769777108 -0.0238934396 -0.105735861 0 0.501961 1
v 0.0770953463 -0.0238950345 -0.103957656 0 0.501961 1
v 0.077187187 -0.0238950312 -0.10217786 1 0.784314 0
v 0.0772687633 -0.0238959451 -0.100397612 1 0.784314 0
v 0.0773365678 -0.0238948194 -0.0986167563 1 0.784314 0
v 0.0774157051 -0.0238976958 -0.0968363672 1 0.784314 0
v 0.0774793804 -0.0238964036 -0.095055339 1 0.784314 0
v 0.0775480888 -0.023898206 -0.0932744989 1 0.784314 0
v 0.0776174703 -0.0238997302 -0.0914936868 0.705882 0 1
v 0.0776834105 -0.0238971955 -0.0897127417 0.705882 0 1
v 0.07774916 -0.0238990343 -0.0879318128 0.705882 0 1
v 0.0778131729 -0.0239058139 -0.0861508226 0.705882 0 1
v 0.0778611537 -0.0239089567 -0.0843693189 0.705882 0 1
v 0.0778973548 -0.0239099355 -0.0825875305 0.705882 0 1
v 0.0779127963 -0.0239109259 -0.0808054312 0.705882 0 1
v 0.0779161256 -0.0239118793 -0.0790233068 0.705882 0 1
v 0.0779099723 -0.0239116132 -0.0772411602 0 0.862745 0.862745
v 0.0779032417 -0.0239130679 -0.0754590275 0 0.862745 0.862745
v 0.0779014495 -0.0239148545 -0.0736768736 0 0.862745 0.862745
v 0.0778885178 -0.0239146484 -0.0718947551 0 0.862745 0.862745
v 0.0778874669 -0.0239168163 -0.0701126022 0 0.862745 0.862745
v 0.0778866301 -0.0239232034 -0.0683304789 0 0.862745 0.862745
v 0.0778745764 -0.0239260041 -0.0665483618 1 0.470588 0
v 0.0778666324 -0.023925688 -0.0647662205 1 0.470588 0
v 0.0778448701 -0.0239290175 -0.0629842293 1 0.470588 0
v 0.0777990136 -0.0239331405 -0.0612026798 1 0.470588 0
v 0.0777457902 -0.0239329266 -0.0594213192 1 0.470588 0
v 0.0776880776 -0.0239337582 -0.0576401024 1 0.470588 0
v 0.0776300684 -0.0239366901 -0.0558589036 1 0.470588 0
v 0.0775626349 -0.0239312458 -0.0540780579 1 0.470588 0
v 0.0775108854 -0.0239295457 -0.0522966701 0.470588 1 0
v 0.0774397908 -0.0239335626 -0.0505159304 0.470588 1 0
v 0.077377193 -0.0239349947 -0.0487348661 0.470588 1 0
v 0.0772904734 -0.0239374442 -0.0469548102 0.470588 1 0
v 0.0772165716 -0.0239401216 -0.0451741805 0.470588 1 0
v 0.0771221134 -0.0239411325 -0.0433945325 0.470588 1 0
v 0.0770251935 -0.0239363265 -0.0416150146 1 0 0.705882
v 0.0769103136 -0.0239385244 -0.0398366268 1 0 0.705882
v 0.0767778921 -0.0239427489 -0.0380593993 1 0 0.705882
v 0.076649316 -0.0239446227 -0.0362818955 1 0 0.705882
v 0.0765208508 -0.0239464275 -0.0345043975 1 0 0.705882
v 0.0763758629 -0.0239469655 -0.0327281422 1 0 0.705882
v 0.0762210342 -0.0239432108 -0.0309527238 1 0 0.705882
v 0.0760688931 -0.0239411108 -0.0291770903 1 0 0.705882
v 0.0759049628 -0.0239451195 -0.0274024873 0.313725 0.313725 1
v 0.075738625 -0.0239502528 -0.025628118 0.313725 0.313725 1
v 0.0755705549 -0.0239555569 -0.0238539103 0.313725 0.313725 1
v 0.0754005952 -0.0239651987 -0.0220798916 0.313725 0.313725 1
v 0.0752360717 -0.023976444 -0.0203053714 0.313725 0.313725 1
v 0.0750732007 -0.0239911966 -0.0185307591 0.313725 0.313725 1
v 0.0748798474 -0.0239995157 -0.0167591328 0.313725 0.313725 1
v 0.0746659878 -0.024006355 -0.0149899489 0.313725 0.313725 1
v 0.0744479454 -0.0240130518 -0.0132212263 0.705882 0.470588 0.156863
v 0.0742050246 -0.0240123586 -0.0114556976 0.705882 0.470588 0.156863
v 0.0739497742 -0.0240166591 -0.00969198516 0.705882 0.470588 0.156863
v 0.073686366 -0.0240196187 -0.00792943523 0.705882 0.470588 0.156863
v 0.073416124 -0.0240181115 -0.00616788282 0.705882 0.470588 0.156863
v 0.0731417478 -0.0240158163 -0.00440696595 0.705882 0.470588 0.156863
v 0.0728695791 -0.0240146103 -0.00264570377 0.470588 0.470588 0.470588
v 0.0725951129 -0.0240170685 -0.000884802111 0.470588 0.470588 0.470588
v 0.0723207847 -0.024017186 0.000876124084 0.470588 0.470588 0.470588
v 0.0720416851 -0.024015602 0.0026362861 0.470588 0.470588 0.470588
v 0.0717709656 -0.0240124782 0.00439774904 0.470588 0.470588 0.470588
v 0.0714977391 -0.0240162075 0.00615883333 0.470588 0.470588 0.470588
v 0.0712183413 -0.0240167838 0.00791895203 1 0 0
v 0.0709358142 -0.0240152439 0.00967858181 1 0 0
v 0.0706486639 -0.0240136773 0.0114374635 1 0 0
v 0.0703483927 -0.0240107682 0.0131941334 1 0 0
v 0.0700244331 -0.0240045299 0.0149465317 1 0 0
v 0.0696771892 -0.02399478 0.0166944906 1 0 0
v 0.069311392 -0.0239830758 0.0184385573 1 0 0
v 0.0688954989 -0.0239622961 0.0201710722 1 0 0
v 0.0683408067 -0.0239157507 0.0218639931 1 0 0
v 0.0676428017 -0.023836132 0.0234953658 1 0 0
v 0.0666489447 -0.0236804117 0.0249607133 0 1 0
v 0.0654190918 -0.0234894669 0.0262216346 0 1 0
v 0.0639738077 -0.0233568257 0.0272487589 0 1 0
v 0.0624125734 -0.0233064237 0.0281038146 0 1 0
v 0.0608140681 -0.023292069 0.0288912998 0 1 0
v 0.05920162 -0.0232927592 0.0296502968 0 1 0
v 0.0575856927 -0.0232945536 0.0304018879 0 1 0
v 0.0559674999 -0.0232969837 0.0311485832 0 1 0
v 0.0543507458 -0.023298987 0.0318983875 0 0.501961 1
v 0.0527373417 -0.0233028313 0.0326553717 0 0.501961 1
v 0.0511203403 -0.0233035905 0.033404617 0 0.501961 1
v 0.0495033612 -0.0233023719 0.0341539228 0 0.501961 1
v 0.0478902648 -0.0233059628 0.0349114323 0 0.501961 1
v 0.0462683999 -0.0233020209 0.0356500732 0 0.501961 1
v 0.0446497265 -0.023297982 0.036395675 1 0.784314 0
v 0.0430349784 -0.0233021706 0.0371497528 1 0.784314 0
v 0.0414190577 -0.0233005498 0.0379013369 1 0.784314 0
v 0.0398002172 -0.02329296 0.0386465778 1 0.784314 0
v 0.038182477 -0.0232926973 0.0393941697 1 0.784314 0
v 0.0365665018 -0.0232991335 0.0401455934 1 0.784314 0
v 0.034947 -0.0232985037 0.0408894609 1 0.784314 0
v 0.0757954073 -0.0217819687 -0.123474043 0 1 0
v 0.0759934895 -0.0217824407 -0.121691114 0 1 0
v 0.0761886348 -0.0217789374 -0.119907859 0 1 0
v 0.0763857686 -0.0217810196 -0.118124827 0 1 0
v 0.0765743462 -0.0217776105 -0.116340835 0 1 0
v 0.076759286 -0.0217813549 -0.114556468 0 1 0
v 0.0769254083 -0.0217820431 -0.11277028 0 0.501961 1
v 0.0770871204 -0.0217829752 -0.110983658 0 0.501961 1
v 0.0772379694 -0.0217844162 -0.1091961 0 0.501961 1
v 0.0773720089 -0.0217830054 -0.107407214 0 0.501961 1
v 0.0774940852 -0.0217814429 -0.10561744 0 0.501961 1
v 0.0775984587 -0.0217786324 -0.103826589 0 0.501961 1
v 0.0776859026 -0.0217780873 -0.102034793 1 0.784314 0
v 0.0777650698 -0.0217771161 -0.10024262 1 0.784314 0
v 0.0778379505 -0.0217767855 -0.0984501799 1 0.784314 0
v 0.0779087695 -0.0217799703 -0.0966576785 1 0.784314 0
v 0.0779753721 -0.0217808864 -0.0948649913 1 0.784314 0
v 0.0780367609 -0.0217814673 -0.0930721149 1 0.784314 0
v 0.0781080663 -0.0217767058 -0.0912796083 0.705882 0 1
v 0.078172598 -0.0217773345 -0.0894868655 0.705882 0 1
v 0.0782282616 -0.0217826693 -0.0876938259 0.705882 0 1
v 0.0782885317 -0.021786612 -0.0859009317 0.705882 0 1
v 0.0783389076 -0.0217889618 -0.0841077237 0.705882 0 1
v 0.0783781144 -0.0217898586 -0.0823142275 0.705882 0 1
v 0.078385401 -0.021791499 -0.0805203223 0.705882 0 1
v 0.0783775593 -0.0217896272 -0.0787264105 0.705882 0 1
v 0.0783722018 -0.0217923222 -0.0769324996 0 0.862745 0.862745
v 0.0783661927 -0.0217937845 -0.0751385865 0 0.862745 0.862745
v 0.0783485721 -0.0217931486 -0.0733447412 0 0.862745 0.862745
v 0.0783356931 -0.0217929776 -0.0715508859 0 0.862745 0.862745
v 0.0783307181 -0.0217947918 -0.0697569854 0 0.862745 0.862745
v 0.0783201691 -0.0217973847 -0.0679631053 0 0.862745 0.862745
v 0.0783011646 -0.021795726 -0.0661692856 1 0.470588 0
v 0.0782876347 -0.0217917692 -0.0643754088 1 0.470588 0
v 0.0782516143 -0.0217904862 -0.0625818451 1 0.470588 0
v 0.0781952306 -0.0217917589 -0.0607888254 1 0.470588 0
v 0.0781429854 -0.0217971515 -0.0589956729 1 0.470588 0
v 0.078082368 -0.021796685 -0.0572027636 1 0.470588 0
v 0.0780131791 -0.0217990434 -0.0554101788 1 0.470588 0
v 0.0779478313 -0.0217974078 -0.0536174745 1 0.470588 0
v 0.0778914891 -0.0218031348 -0.0518244347 0.470588 1 0
v 0.077823726 -0.0218010742 -0.0500317935 0.470588 1 0
v 0.0777549639 -0.021803889 -0.0482391922 0.470588 1 0
v 0.0776723247 -0.0218061592 -0.0464471654 0.470588 1 0
v 0.0775964121 -0.0218071739 -0.0446548406 0.470588 1 0
v 0.077490012 -0.021806856 -0.0428640642 0.470588 1 0
v 0.0773917424 -0.0217972353 -0.0410728533 1 0 0.705882
v 0.0772651308 -0.0218064985 -0.0392834522 1 0 0.705882
v 0.0771292324 -0.0218081657 -0.0374946865 1 0 0.705882
v 0.0769996031 -0.0218103864 -0.0357054682 1 0 0.705882
v 0.0768622416 -0.0218104823 -0.0339168295 1 0 0.705882
v 0.0767172485 -0.021807835 -0.0321287732 1 0 0.705882
v 0.0765653707 -0.0218098108 -0.0303412803 1 0 0.705882
v 0.0764117699 -0.0218104926 -0.0285539351 1 0 0.705882
v 0.0762496835 -0.0218122614 -0.0267673515 0.313725 0.313725 1
v 0.0760845493 -0.0218142554 -0.0249810456 0.313725 0.313725 1
v 0.0759097694 -0.0218235277 -0.0231956762 0.313725 0.313725 1
v 0.0757273523 -0.0218332437 -0.021411067 0.313725 0.313725 1
v 0.0755377204 -0.0218422674 -0.0196272086 0.313725 0.313725 1
v 0.0753388003 -0.021848246 -0.0178443732 0.313725 0.313725 1
v 0.0751188873 -0.0218523496 -0.0160640141 0.313725 0.313725 1
v 0.0748673902 -0.0218519801 -0.0142878218 0.313725 0.313725 1
v 0.0746171892 -0.0218459633 -0.0125114431 0.705882 0.470588 0.156863
v 0.0743494493 -0.0218573941 -0.0107376378 0.705882 0.470588 0.156863
v 0.0740776384 -0.0218588429 -0.00896443028 0.705882 0.470588 0.156863
v 0.0737995981 -0.0218597459 -0.00719217527 0.705882 0.470588 0.156863
v 0.0735218207 -0.0218544211 -0.00541989162 0.705882 0.470588 0.156863
v 0.073246184 -0.0218541304 -0.00364725972 0.705882 0.470588 0.156863
v 0.0729698146 -0.0218561291 -0.00187474678 0.470588 0.470588 0.470588
v 0.072693008 -0.0218559621 -0.000102297981 0.470588 0.470588 0.470588
v 0.0724163131 -0.0218572804 0.00167016854 0.470588 0.470588 0.470588
v 0.0721415865 -0.0218572913 0.00344293989 0.470588 0.470588 0.470588
v 0.0718709207 -0.0218521198 0.00521632563 0.470588 0.470588 0.470588
v 0.0715998518 -0.0218522477 0.0069896625 0.470588 0.470588 0.470588
v 0.0713239055 -0.0218556801 0.00876223253 1 0 0
v 0.0710466779 -0.0218544984 0.0105346142 1 0 0
v 0.0707646417 -0.0218528307 0.0123062377 1 0 0
v 0.0704719365 -0.0218503467 0.01407612 1 0 0
v 0.0701684267 -0.0218480531 0.015844178 1 0 0
v 0.0698409399 -0.0218449321 0.0176079369 1 0 0
v 0.0694890377 -0.0218380846 0.0193667479 1 0 0
v 0.0690842306 -0.021819495 0.0211136676 1 0 0
v 0.0685988163 -0.0217930705 0.0228401983 1 0 0
v 0.0678955975 -0.021730557 0.0244865129 1 0 0
v 0.0669628034 -0.0216326088 0.0260138728 0 1 0
v 0.065668684 -0.0214622658 0.0272430466 0 1 0
v 0.064188506 -0.0213888004 0.0282494533 0 1 0
v 0.0626095493 -0.0213537255 0.029098725 0 1 0
v 0.0609926569 -0.0213391721 0.0298756293 0 1 0
v 0.0593639558 -0.0213444491 0.0306276065 0 1 0
v 0.0577366197 -0.0213433269 0.0313825456 0 1 0
v 0.0561087678 -0.0213429723 0.032136381 0 1 0
v 0.0544820804 -0.0213473663 0.0328927149 0 0.501961 1
v 0.0528559156 -0.0213520937 0.0336501823 0 0.501961 1
v 0.0512273656 -0.021352709 0.0344025066 0 0.501961 1
v 0.0495976504 -0.021349788 0.0351521594 0 0.501961 1
v 0.0479699153 -0.0213471881 0.035906263 0 0.501961 1
v 0.046340392 -0.0213477826 0.0366564998 0 0.501961 1
v 0.0447156085 -0.0213494503 0.0374169221 1 0.784314 0
v 0.0430879831 -0.0213485402 0.0381712156 1 0.784314 0
v 0.0414575788 -0.0213454822 0.0389194264 1 0.784314 0
v 0.0398279191 -0.0213437316 0.0396693418 1 0.784314 0
v 0.0382003221 -0.0213447899 0.0404236587 1 0.784314 0
v 0.0365775118 -0.0213500592 0.0411882767 1 0.784314 0
v 0.034947 -0.0213457895 0.0419363512 1 0.784314 0
v 0.0762129986 -0.0196510653 -0.123474463 0 0.862745 0.862745
v 0.0763951183 -0.0196488451 -0.121713699 0 0.862745 0.862745
v 0.0765937617 -0.0196477885 -0.119954734 0 0.862745 0.862745
v 0.076784176 -0.0196464224 -0.118194857 0 0.862745 0.862745
v 0.0769650859 -0.0196397646 -0.116433988 0 0.862745 0.862745
v 0.077139896 -0.019642137 -0.11467251 0 0.862745 0.862745
v 0.0773178525 -0.019646674 -0.112911357 1 0.470588 0
v 0.0774708462 -0.019642297 -0.111147824 1 0.470588 0
v 0.0776199782 -0.0196476212 -0.109383975 1 0.470588 0
v 0.0777669401 -0.0196429045 -0.107619937 1 0.470588 0
v 0.077888552 -0.0196475714 -0.105853959 1 0.470588 0
v 0.0779942177 -0.0196426352 -0.10408696 1 0.470588 0
v 0.0780828437 -0.0196442908 -0.102319019 0.470588 1 0
v 0.0781693428 -0.0196367907 -0.100550986 0.470588 1 0
v 0.0782301749 -0.0196355882 -0.0987818891 0.470588 1 0
v 0.0782969252 -0.0196415227 -0.0970130105 0.470588 1 0
v 0.078360823 -0.0196477666 -0.0952440101 0.470588 1 0
v 0.0784200439 -0.0196472191 -0.0934748414 0.470588 1 0
v 0.0784845427 -0.0196460772 -0.0917058569 1 0 0.705882
v 0.0785545206 -0.0196480168 -0.0899370788 1 0 0.705882
v 0.0786048265 -0.0196484144 -0.0881676292 1 0 0.705882
v 0.0786643825 -0.0196494483 -0.0863984763 1 0 0.705882
v 0.0787228474 -0.0196534277 -0.0846292875 1 0 0.705882
v 0.0787548753 -0.0196529301 -0.0828594547 1 0 0.705882
v 0.0787644725 -0.0196526228 -0.0810893174 1 0 0.705882
v 0.0787614036 -0.0196481123 -0.0793191738 1 0 0.705882
v 0.0787512024 -0.019650642 -0.0775490429 0.313725 0.313725 1
v 0.0787394548 -0.0196521358 -0.0757789147 0.313725 0.313725 1
v 0.078721951 -0.0196514951 -0.0740088392 0.313725 0.313725 1
v 0.0787008876 -0.0196504457 -0.0722387985 0.313725 0.313725 1
v 0.0786920786 -0.0196506549 -0.0704686621 0.313725 0.313725 1
v 0.0786786838 -0.0196530707 -0.0686985708 0.313725 0.313725 1
v 0.0786606485 -0.0196531077 -0.0669285016 0.705882 0.470588 0.156863
v 0.0786342452 -0.019652865 -0.0651585316 0.705882 0.470588 0.156863
v 0.0785962044 -0.0196501877 -0.0633887862 0.705882 0.470588 0.156863
v 0.0785490728 -0.0196474735 -0.0616192526 0.705882 0.470588 0.156863
v 0.0784929677 -0.0196544894 -0.0598500064 0.705882 0.470588 0.156863
v 0.0784291594 -0.0196544292 -0.058081 0.705882 0.470588 0.156863
v 0.0783661539 -0.0196523562 -0.0563119649 0.705882 0.470588 0.156863
v 0.0783003281 -0.0196495866 -0.0545430275 0.705882 0.470588 0.156863
v 0.0782372509 -0.0196423556 -0.0527739993 0.470588 0.470588 0.470588
v 0.0781738135 -0.019646255 -0.0510049866 0.470588 0.470588 0.470588
v 0.0781183014 -0.019653266 -0.0492357142 0.470588 0.470588 0.470588
v 0.07805072 -0.0196584619 -0.0474668742 0.470588 0.470588 0.470588
v 0.0779735956 -0.0196615303 -0.0456983894 0.470588 0.470588 0.470588
v 0.0778874858 -0.0196624831 -0.0439303372 0.470588 0.470588 0.470588
v 0.0777837193 -0.0196601313 -0.0421632152 1 0 0
v 0.077672317 -0.0196544157 -0.0403965815 1 0 0
v 0.0775388702 -0.0196490889 -0.038631464 1 0 0
v 0.0774024797 -0.0196573298 -0.0368665965 1 0 0
v 0.0772594793 -0.0196585626 -0.0351022186 1 0 0
v 0.0771165411 -0.0196596411 -0.0333378415 1 0 0
v 0.0769797589 -0.0196595826 -0.0315729679 1 0 0
v 0.0768428552 -0.0196535444 -0.0298081142 1 0 0
v 0.0766972566 -0.0196626942 -0.0280439702 0 1 0
v 0.0765407026 -0.0196688409 -0.0262807712 0 1 0
v 0.076374792 -0.0196751202 -0.0245184132 0 1 0
v 0.0761911331 -0.0196787258 -0.0227578256 0 1 0
v 0.0759920528 -0.0196821206 -0.0209989052 0 1 0
v 0.0757821084 -0.0196854623 -0.0192412439 0 1 0
v 0.075552607 -0.0196900321 -0.0174860352 0 1 0
v 0.0753042225 -0.0196924363 -0.0157333994 0 1 0
v 0.075041734 -0.0196940614 -0.0139828036 0 0.501961 1
v 0.0747753706 -0.0196932057 -0.0122327937 0 0.501961 1
v 0.0745055841 -0.0196955426 -0.0104833117 0 0.501961 1
v 0.0742338044 -0.0196961177 -0.00873413154 0 0.501961 1
v 0.0739605874 -0.0196952642 -0.00698518031 0 0.501961 1
v 0.0736880164 -0.019683022 -0.00523617168 0 0.501961 1
v 0.0734150609 -0.0196901726 -0.00348719069 1 0.784314 0
v 0.0731435535 -0.01969037 -0.001737969 1 0.784314 0
v 0.0728710506 -0.019692532 1.10960491e-05 1 0.784314 0
v 0.0725993791 -0.0196945389 0.00176029133 1 0.784314 0
v 0.0723300166 -0.0196954983 0.00350984527 1 0.784314 0
v 0.072061892 -0.0196919897 0.00525958462 1 0.784314 0
v 0.0717938909 -0.0196846236 0.00700932751 0.705882 0 1
v 0.0715236535 -0.0196870561 0.00875872504 0.705882 0 1
v 0.0712527101 -0.0196917875 0.0105080203 0.705882 0 1
v 0.0709806368 -0.0196917733 0.012257154 0.705882 0 1
v 0.0707044591 -0.0196897468 0.0140056417 0.705882 0 1
v 0.0704239269 -0.0196846097 0.0157534226 0.705882 0 1
v 0.070130613 -0.0196783807 0.0174990119 0.705882 0 1
v 0.069815638 -0.0196877012 0.0192408886 0.705882 0 1
v 0.069475951 -0.0196808242 0.0209779118 0.705882 0 1
v 0.0690862456 -0.0196673927 0.0227039747 0.705882 0 1
v 0.0685530172 -0.019641976 0.0243917009 0 0.862745 0.862745
v 0.0677709397 -0.0195883189 0.0259756617 0 0.862745 0.862745
v 0.0666860711 -0.0194844819 0.0273573525 0 0.862745 0.862745
v 0.0653328287 -0.0194073176 0.0284858048 0 0.862745 0.862745
v 0.063820267 -0.0193666463 0.0293949158 0 0.862745 0.862745
v 0.0622441819 -0.0193449619 0.0301995453 0 0.862745 0.862745
v 0.0606423811 -0.0193407786 0.0309529828 0 0.862745 0.862745
v 0.0590338361 -0.0193386167 0.0316919512 0 0.862745 0.862745
v 0.0574263786 -0.0193392683 0.0324332777 0 0.862745 0.862745
v 0.0558202981 -0.0193377473 0.0331775807 0 0.862745 0.862745
v 0.0542156113 -0.0193403605 0.0339248668 1 0.470588 0
v 0.0526120761 -0.0193422241 0.0346746298 1 0.470588 0
v 0.0510028145 -0.0193425055 0.0354118603 1 0.470588 0
v 0.049396262 -0.0193421808 0.0361551523 1 0.470588 0
v 0.047791245 -0.0193424851 0.0369017562 1 0.470588 0
v 0.0461833722 -0.0193393332 0.0376421779 1 0.470588 0
v 0.0445788327 -0.019338378 0.0383897587 0.470588 1 0
v 0.0429730055 -0.0193370387 0.0391345477 0.470588 1 0
v 0.0413646891 -0.0193377932 0.0398739618 0.470588 1 0
v 0.0397632791 -0.0193336032 0.0406281293 0.470588 1 0
v 0.0381531378 -0.0193397249 0.0413632622 0.470588 1 0
v 0.036552785 -0.0193432199 0.0421197612 0.470588 1 0
v 0.034947 -0.019335277 0.0428646232 0.470588 1 0
v 0.0765419847 -0.0175045279 -0.123475231 0 0.862745 0.862745
v 0.0767270076 -0.0175024554 -0.121706209 0 0.862745 0.862745
v 0.076923339 -0.0175001593 -0.119938412 0 0.862745 0.862745
v 0.0771120104 -0.017499889 -0.118169787 0 0.862745 0.862745
v 0.0772922931 -0.0174908214 -0.116400309 0 0.862745 0.862745
v 0.0774693534 -0.0174891921 -0.11463049 0 0.862745 0.862745
v 0.0776407099 -0.0174873942 -0.112860089 1 0.470588 0
v 0.0777930531 -0.0174956304 -0.111087979 1 0.470588 0
v 0.0779443468 -0.0174955761 -0.109315767 1 0.470588 0
v 0.078094784 -0.0174985674 -0.10754347 1 0.470588 0
v 0.078224149 -0.017498451 -0.105769528 1 0.470588 0
v 0.0783338863 -0.0174987935 -0.103994272 1 0.470588 0
v 0.0784261763 -0.0175018746 -0.102218005 0.470588 1 0
v 0.0785048065 -0.0174978706 -0.100441077 0.470588 1 0
v 0.0785646399 -0.0174876344 -0.0986634667 0.470588 1 0
v 0.0786293007 -0.017495476 -0.0968859974 0.470588 1 0
v 0.0786909251 -0.0174994737 -0.0951083968 0.470588 1 0
v 0.0787543819 -0.0174981413 -0.0933308683 0.470588 1 0
v 0.0788180303 -0.0174992041 -0.0915533401 1 0 0.705882
v 0.0788785572 -0.0174999976 -0.0897757014 1 0 0.705882
v 0.0789354524 -0.0175000323 -0.0879979396 1 0 0.705882
v 0.0789895086 -0.0175009704 -0.0862200915 1 0 0.705882
v 0.0790438517 -0.0175022802 -0.0844422506 1 0 0.705882
v 0.079065918 -0.0175015977 -0.0826637282 1 0 0.705882
v 0.0790753169 -0.0175025141 -0.0808850876 1 0 0.705882
v 0.0790671263 -0.0175031373 -0.0791064409 1 0 0.705882
v 0.0790539719 -0.017501914 -0.0773278175 0.313725 0.313725 1
v 0.0790363212 -0.0174988173 -0.0755492366 0.313725 0.313725 1
v 0.0790169646 -0.0174961333 -0.07377067 0.313725 0.313725 1
v 0.0789994639 -0.0174936142 -0.0719920843 0.313725 0.313725 1
v 0.0789820479 -0.0174871288 -0.0702135251 0.313725 0.313725 1
v 0.0789597113 -0.0174935259 -0.0684350256 0.313725 0.313725 1
v 0.0789334753 -0.0174974071 -0.0666565594 0.705882 0.470588 0.156863
v 0.0789028102 -0.0174973841 -0.0648781563 0.705882 0.470588 0.156863
v 0.0788614019 -0.0174983398 -0.0630999641 0.705882 0.470588 0.156863
v 0.078807045 -0.0174958285 -0.0613221228 0.705882 0.470588 0.156863
v 0.0787421063 -0.0174986492 -0.0595446399 0.705882 0.470588 0.156863
v 0.0786747541 -0.0174952081 -0.0577672463 0.705882 0.470588 0.156863
v 0.0786109224 -0.0174974079 -0.0559897284 0.705882 0.470588 0.156863
v 0.0785453745 -0.017499858 -0.0542122697 0.705882 0.470588 0.156863
v 0.078481859 -0.0174975841 -0.052434732 0.470588 0.470588 0.470588
v 0.0784206267 -0.0174980848 -0.0506571132 0.470588 0.470588 0.470588
v 0.0783652512 -0.0175012668 -0.0488793042 0.470588 0.470588 0.470588
v 0.0783040026 -0.0175043819 -0.0471016941 0.470588 0.470588 0.470588
v 0.0782459885 -0.0174891742 -0.0453240703 0.470588 0.470588 0.470588
v 0.0781523582 -0.0175097175 -0.043548033 0.470588 0.470588 0.470588
v 0.0780403466 -0.0175071411 -0.0417729098 1 0 0
v 0.0779170091 -0.0175080317 -0.0399985209 1 0 0
v 0.077779058 -0.0174966693 -0.0382252453 1 0 0
v 0.0776360009 -0.0174939504 -0.036452345 1 0 0
v 0.0774882337 -0.0174965008 -0.0346798232 1 0 0
v 0.0773430054 -0.0175030657 -0.0329071024 1 0 0
v 0.0772029922 -0.0175027611 -0.0311339519 1 0 0
v 0.0770663081 -0.0175061135 -0.0293605418 1 0 0
v 0.0769239449 -0.0175101133 -0.0275875805 0 1 0
v 0.0767699785 -0.0175145586 -0.0258156014 0 1 0
v 0.076595161 -0.0175196151 -0.0240455702 0 1 0
v 0.076386711 -0.0175224866 -0.02227916 0 1 0
v 0.0761664654 -0.0175252658 -0.0205141843 0 1 0
v 0.0759187372 -0.0175166531 -0.0187528663 0 1 0
v 0.075664663 -0.0175230809 -0.0169924739 0 1 0
v 0.0754028564 -0.0175276364 -0.0152332063 0 1 0
v 0.0751324426 -0.0175226777 -0.0134752175 0 0.501961 1
v 0.074860373 -0.0175245769 -0.0117174822 0 0.501961 1
v 0.0745881386 -0.0175275559 -0.009959771 0 0.501961 1
v 0.0743164369 -0.0175279226 -0.0082019711 0 0.501961 1
v 0.0740447883 -0.0175297834 -0.00644416814 0 0.501961 1
v 0.0737735233 -0.0175293403 -0.00468630766 0 0.501961 1
v 0.073498098 -0.0175283416 -0.00292909565 1 0.784314 0
v 0.0732295635 -0.0175270798 -0.00117081848 1 0.784314 0
v 0.0729557296 -0.0175299637 0.000586645202 1 0.784314 0
v 0.072684394 -0.0175299006 0.00234450084 1 0.784314 0
v 0.0724142122 -0.0175245234 0.0041025237 1 0.784314 0
v 0.0721435011 -0.0175239778 0.00586046781 1 0.784314 0
v 0.071870789 -0.0175271907 0.00761810521 0.705882 0 1
v 0.0715996753 -0.0175281657 0.00937599544 0.705882 0 1
v 0.071327663 -0.0175291238 0.0111337443 0.705882 0 1
v 0.0710537049 -0.0175272525 0.0128911926 0.705882 0 1
v 0.0707813016 -0.0175201171 0.0146488628 0.705882 0 1
v 0.0705033391 -0.0175208542 0.0164056837 0.705882 0 1
v 0.0702150021 -0.017518542 0.0181607826 0.705882 0 1
v 0.0699224028 -0.017518301 0.0199152182 0.705882 0 1
v 0.0695980501 -0.017521892 0.0216640646 0.705882 0 1
v 0.0692314997 -0.017513403 0.0234042748 0.705882 0 1
v 0.068724905 -0.0174961409 0.0251091665 0 0.862745 0.862745
v 0.0679438719 -0.0174554173 0.0267030539 0 0.862745 0.862745
v 0.0668271387 -0.0173874279 0.0280678849 0 0.862745 0.862745
v 0.0654821868 -0.017330142 0.0292137045 0 0.862745 0.862745
v 0.0639576889 -0.0172983083 0.0301287658 0 0.862745 0.862745
v 0.0623638575 -0.0172847198 0.0309181968 0 0.862745 0.862745
v 0.060753765 -0.017282845 0.0316738917 0 0.862745 0.862745
v 0.0591407679 -0.0172766797 0.0324234661 0 0.862745 0.862745
v 0.0575269336 -0.0172692237 0.0331712338 0 0.862745 0.862745
v 0.0559131406 -0.0172698387 0.0339190262 0 0.862745 0.862745
v 0.0542976501 -0.0172871686 0.0346629853 1 0.470588 0
v 0.0526852132 -0.0172851176 0.0354138033 1 0.470588 0
v 0.0510726835 -0.0172844909 0.0361644127 1 0.470588 0
v 0.0494594227 -0.0172866744 0.0369134543 1 0.470588 0
v 0.0478467836 -0.0172894361 0.0376638254 1 0.470588 0
v 0.046232633 -0.0172903088 0.0384108339 1 0.470588 0
v 0.044620797 -0.0172923 0.0391627396 0.470588 1 0
v 0.0430067694 -0.0172906376 0.0399100437 0.470588 1 0
v 0.041394956 -0.0172879965 0.0406621481 0.470588 1 0
v 0.0397806398 -0.017287477 0.0414087345 0.470588 1 0
v 0.0381636689 -0.0172909761 0.0421494671 0.470588 1 0
v 0.0365556319 -0.0172905055 0.0429095736 0.470588 1 0
v 0.034947 -0.0172726889 0.0436682704 0.470588 1 0
v 0.0768038612 -0.0153487051 -0.123476132 0 0.862745 0.862745
v 0.0769931535 -0.0153463552 -0.121700453 0 0.862745 0.862745
v 0.0771919804 -0.0153440915 -0.119925817 0 0.862745 0.862745
v 0.0773778866 -0.0153445859 -0.118149779 0 0.862745 0.862745
v 0.0775611609 -0.0153298889 -0.116373536 0 0.862745 0.862745
v 0.0777352653 -0.0153382897 -0.114596327 0 0.862745 0.862745
v 0.0779024682 -0.0153405407 -0.112818431 1 0.470588 0
v 0.078063448 -0.0153445313 -0.111039968 1 0.470588 0
v 0.0782157697 -0.0153360663 -0.109260757 1 0.470588 0
v 0.0783653321 -0.0153442662 -0.107481326 1 0.470588 0
v 0.0784935339 -0.0153460332 -0.105700247 1 0.470588 0
v 0.0786058883 -0.0153462488 -0.103918058 1 0.470588 0
v 0.0786988451 -0.0153450625 -0.102134746 0.470588 1 0
v 0.0787757365 -0.0153422359 -0.100350665 0.470588 1 0
v 0.0788410037 -0.0153384813 -0.0985661284 0.470588 1 0
v 0.0789051875 -0.0153449237 -0.0967815534 0.470588 1 0
v 0.0789658312 -0.0153459847 -0.0949968415 0.470588 1 0
v 0.0790272623 -0.0153448903 -0.0932121585 0.470588 1 0
v 0.0790886103 -0.0153367686 -0.0914274862 1 0 0.705882
v 0.07914833 -0.0153353967 -0.089642752 1 0 0.705882
v 0.0792089549 -0.015330911 -0.0878580504 1 0 0.705882
v 0.0792613384 -0.0153397175 -0.0860731081 1 0 0.705882
v 0.0793076332 -0.0153489878 -0.0842880246 1 0 0.705882
v 0.0793259203 -0.0153485 -0.0825023734 1 0 0.705882
v 0.0793318218 -0.0153446408 -0.0807166461 1 0 0.705882
v 0.0793209772 -0.0153461584 -0.0789309413 1 0 0.705882
v 0.0793052126 -0.0153458293 -0.07714527 0.313725 0.313725 1
v 0.0792873708 -0.0153420003 -0.0753596212 0.313725 0.313725 1
v 0.0792683886 -0.0153398634 -0.0735739785 0.313725 0.313725 1
v 0.0792481271 -0.0153426818 -0.071788356 0.313725 0.313725 1
v 0.0792285711 -0.0153366636 -0.0700027504 0.313725 0.313725 1
v 0.0792050801 -0.015339586 -0.0682172085 0.313725 0.313725 1
v 0.079180842 -0.0153416483 -0.0664316367 0.705882 0.470588 0.156863
v 0.079150403 -0.0153285231 -0.0646462161 0.705882 0.470588 0.156863
v 0.0791022353 -0.0153352955 -0.0628611754 0.705882 0.470588 0.156863
v 0.0790454477 -0.0153301097 -0.0610763412 0.705882 0.470588 0.156863
v 0.0789761806 -0.0153372781 -0.0592919595 0.705882 0.470588 0.156863
v 0.0789056324 -0.0153332316 -0.0575076214 0.705882 0.470588 0.156863
v 0.078835167 -0.0153381551 -0.0557232844 0.705882 0.470588 0.156863
v 0.078767275 -0.0153348803 -0.0539388535 0.705882 0.470588 0.156863
v 0.0787030556 -0.0153321452 -0.0521542672 0.470588 0.470588 0.470588
v 0.0786404133 -0.0153319242 -0.0503696295 0.470588 0.470588 0.470588
v 0.0785801302 -0.0153428609 -0.048584936 0.470588 0.470588 0.470588
v 0.0785179692 -0.0153465911 -0.0468002817 0.470588 0.470588 0.470588
v 0.0784525632 -0.0153442115 -0.0450157429 0.470588 0.470588 0.470588
v 0.078366145 -0.0153442458 -0.0432321031 0.470588 0.470588 0.470588
v 0.0782525603 -0.0153427127 -0.0414500029 1 0 0
v 0.0781271394 -0.0153425497 -0.0396686772 1 0 0
v 0.0779902078 -0.0153355625 -0.037888216 1 0 0
v 0.0778465231 -0.0153287766 -0.0361082801 1 0 0
v 0.0776996273 -0.0153332933 -0.0343285997 1 0 0
v 0.0775543191 -0.015345343 -0.0325488227 1 0 0
v 0.0774111283 -0.015344534 -0.0307688294 1 0 0
v 0.0772695814 -0.0153480211 -0.0289887131 1 0 0
v 0.0771218637 -0.0153519989 -0.0272090933 0 1 0
v 0.076949802 -0.0153542549 -0.0254317068 0 1 0
v 0.0767510153 -0.0153586775 -0.0236570807 0 1 0
v 0.0765227836 -0.0153614334 -0.0218859842 0 1 0
v 0.0762776482 -0.0153619232 -0.0201171568 0 1 0
v 0.0760185615 -0.0153631686 -0.0183503212 0 1 0
v 0.075752487 -0.0153636434 -0.0165845198 0 1 0
v 0.0754808499 -0.0153626774 -0.0148195561 0 1 0
v 0.0752065777 -0.0153588607 -0.0130550056 0 0.501961 1
v 0.0749346955 -0.015352635 -0.0112900987 0 0.501961 1
v 0.0746612302 -0.0153567009 -0.00952542272 0 0.501961 1
v 0.0743895256 -0.0153570314 -0.00776047341 0 0.501961 1
v 0.0741187094 -0.0153493898 -0.00599546077 0 0.501961 1
v 0.0738467083 -0.0153499467 -0.00423057243 0 0.501961 1
v 0.0735741777 -0.0153546236 -0.00246575741 1 0.784314 0
v 0.0733022954 -0.015361081 -0.000700846263 1 0.784314 0
v 0.0730285043 -0.015357598 0.00106375711 1 0.784314 0
v 0.0727577064 -0.0153580395 0.00282883116 1 0.784314 0
v 0.0724861002 -0.0153629964 0.0045937872 1 0.784314 0
v 0.0722114196 -0.0153602813 0.00635826939 1 0.784314 0
v 0.0719400073 -0.015353222 0.00812323358 0.705882 0 1
v 0.0716658146 -0.0153584735 0.00988777833 0.705882 0 1
v 0.0713918456 -0.0153581873 0.0116523805 0.705882 0 1
v 0.0711189281 -0.0153610421 0.0134171417 0.705882 0 1
v 0.0708452712 -0.015360407 0.0151817872 0.705882 0 1
v 0.0705663156 -0.0153603386 0.0169456053 0.705882 0 1
v 0.0702847475 -0.0153605974 0.0187090095 0.705882 0 1
v 0.0699944656 -0.0153562603 0.0204709804 0.705882 0 1
v 0.0696852408 -0.01535595 0.0222296636 0 0.862745 0.862745
v 0.0693325321 -0.0153539005 0.0239796856 0 0.862745 0.862745
v 0.0688397437 -0.0153424432 0.0256960103 0 0.862745 0.862745
v 0.0681003686 -0.0153069172 0.0273194984 0 0.862745 0.862745
v 0.0670254124 -0.0152730579 0.0287440544 0 0.862745 0.862745
v 0.06559535 -0.0152349338 0.0298128635 0 0.862745 0.862745
v 0.0640632849 -0.0152131664 0.0307220233 0 0.862745 0.862745
v 0.0624734135 -0.015200602 0.0315340571 0 0.862745 0.862745
v 0.0608559489 -0.0151958056 0.0322907832 0 0.862745 0.862745
v 0.0592351569 -0.0151948189 0.0330403702 0 0.862745 0.862745
v 0.0576156796 -0.0152006676 0.0337927816 1 0.470588 0
v 0.0559955229 -0.015202727 0.0345437629 1 0.470588 0
v 0.0543756988 -0.0152000021 0.0352954484 1 0.470588 0
v 0.0527559548 -0.015199393 0.03604731 1 0.470588 0
v 0.0511365018 -0.0151993042 0.0367997979 1 0.470588 0
v 0.0495182976 -0.0151995956 0.0375549654 1 0.470588 0
v 0.0478993247 -0.0152007592 0.038308473 1 0.470588 0
v 0.0462788219 -0.0152036673 0.0390586497 1 0.470588 0
v 0.0446622343 -0.0152083858 0.0398172326 0.470588 1 0
v 0.043042645 -0.0152079472 0.0405694038 0.470588 1 0
v 0.0414263847 -0.0152098771 0.0413287124 0.470588 1 0
v 0.039804326 -0.0152095756 0.042075533 0.470588 1 0
v 0.038182932 -0.0152060489 0.0428237999 0.470588 1 0
v 0.0365642095 -0.0152028353 0.0435778182 0.470588 1 0
v 0.0349492963 -0.015195379 0.044339976 0.470588 1 0
v 0.0770163729 -0.0131874816 -0.123477023 0 0.862745 0.862745
v 0.0772118775 -0.0131831134 -0.121696095 0 0.862745 0.862745
v 0.0774120934 -0.0131850752 -0.119915689 0 0.862745 0.862745
v 0.0776061625 -0.0131826862 -0.118134603 0 0.862745 0.862745
v 0.0777931628 -0.0131742365 -0.116352794 0 0.862745 0.862745
v 0.0779729614 -0.0131691494 -0.114570221 0 0.862745 0.862745
v 0.0781344452 -0.0131730957 -0.112785885 1 0.470588 0
v 0.0783004428 -0.0131841691 -0.111001998 1 0.470588 0
v 0.0784493499 -0.0131783277 -0.109216594 1 0.470588 0
v 0.0785928904 -0.0131833616 -0.107430741 1 0.470588 0
v 0.0787165092 -0.0131861386 -0.105643442 1 0.470588 0
v 0.0788280554 -0.0131860247 -0.103855286 1 0.470588 0
v 0.078919692 -0.0131851796 -0.102066043 0.470588 1 0
v 0.0789956731 -0.0131833195 -0.100276027 0.470588 1 0
v 0.0790640181 -0.0131823497 -0.0984857054 0.470588 1 0
v 0.079125254 -0.0131772604 -0.0966951365 0.470588 1 0
v 0.0791865861 -0.013184568 -0.0949045726 0.470588 1 0
v 0.0792469319 -0.0131841493 -0.0931139564 0.470588 1 0
v 0.0793070431 -0.0131845965 -0.0913233323 1 0 0.705882
v 0.0793676387 -0.0131809092 -0.0895327364 1 0 0.705882
v 0.0794273616 -0.013181318 -0.0877421025 1 0 0.705882
v 0.0794853772 -0.0131851655 -0.0859514154 1 0 0.705882
v 0.0795206741 -0.0131853833 -0.0841601445 1 0 0.705882
v 0.0795388929 -0.0131872913 -0.0823686193 1 0 0.705882
v 0.079540987 -0.013183649 -0.0805769932 1 0 0.705882
v 0.0795321194 -0.0131846208 -0.0787853842 1 0 0.705882
v 0.0795175259 -0.0131824432 -0.0769938196 0.313725 0.313725 1
v 0.0795017951 -0.0131779045 -0.075202266 0.313725 0.313725 1
v 0.0794855087 -0.0131680425 -0.0734107402 0.313725 0.313725 1
v 0.0794665222 -0.0131824661 -0.0716192854 0.313725 0.313725 1
v 0.079448579 -0.013182156 -0.0698277507 0.313725 0.313725 1
v 0.0794298855 -0.0131835133 -0.0680362184 0.313725 0.313725 1
v 0.0794078454 -0.0131830829 -0.0662447325 0.705882 0.470588 0.156863
v 0.0793746 -0.0131777088 -0.0644534222 0.705882 0.470588 0.156863
v 0.0793269408 -0.0131708144 -0.0626624373 0.705882 0.470588 0.156863
v 0.079269134 -0.0131637003 -0.0608717636 0.705882 0.470588 0.156863
v 0.0791978204 -0.0131745473 -0.0590815872 0.705882 0.470588 0.156863
v 0.0791272682 -0.0131695943 -0.0572913611 0.705882 0.470588 0.156863
v 0.0790532421 -0.0131776423 -0.0555012902 0.705882 0.470588 0.156863
v 0.0789810625 -0.013178001 -0.0537111277 0.705882 0.470588 0.156863
v 0.0789083956 -0.0131793931 -0.0519209728 0.470588 0.470588 0.470588
v 0.078840902 -0.0131805912 -0.0501306135 0.470588 0.470588 0.470588
v 0.0787768082 -0.0131789262 -0.048340153 0.470588 0.470588 0.470588
v 0.0787080623 -0.0131812625 -0.0465498834 0.470588 0.470588 0.470588
v 0.078635644 -0.0131862437 -0.0447597356 0.470588 0.470588 0.470588
v 0.0785461331 -0.0131875568 -0.0429703454 0.470588 0.470588 0.470588
v 0.0784335204 -0.0131786143 -0.041182311 1 0 0
v 0.0783116942 -0.0131663172 -0.0393948678 1 0 0
v 0.0781781898 -0.0131636939 -0.0376082478 1 0 0
v 0.0780367852 -0.0131668251 -0.0358222199 1 0 0
v 0.0778908583 -0.013171378 -0.0340365613 1 0 0
v 0.0777490096 -0.013183822 -0.0322506072 1 0 0
v 0.0776000307 -0.013184288 -0.0304651791 1 0 0
v 0.0774485308 -0.0131837258 -0.0286799866 1 0 0
v 0.0772804032 -0.0131864353 -0.0268962627 0 1 0
v 0.0770887563 -0.0131858432 -0.0251149186 0 1 0
v 0.0768631813 -0.0131915207 -0.0233375518 0 1 0
v 0.0766189449 -0.0131901285 -0.021562702 0 1 0
v 0.0763616612 -0.0131906612 -0.0197896485 0 1 0
v 0.0760935254 -0.013192057 -0.0180182003 0 1 0
v 0.0758211891 -0.0131929391 -0.0162473886 0 1 0
v 0.0755486754 -0.0131895571 -0.0144766054 0 1 0
v 0.0752753012 -0.0131888762 -0.0127059524 0 0.501961 1
v 0.0750015777 -0.0131877397 -0.0109353582 0 0.501961 1
v 0.0747267331 -0.0131822416 -0.00916494494 0 0.501961 1
v 0.0744537075 -0.0131898765 -0.00739426994 0 0.501961 1
v 0.0741819499 -0.0131778003 -0.0056235216 0 0.501961 1
v 0.0739091921 -0.0131786095 -0.00385277339 0 0.501961 1
v 0.0736368779 -0.0131904679 -0.0020820617 1 0.784314 0
v 0.0733631959 -0.0131933365 -0.000311489738 1 0.784314 0
v 0.0730880132 -0.0131882371 0.00145887443 1 0.784314 0
v 0.0728168012 -0.0131939668 0.00322984743 1 0.784314 0
v 0.0725425907 -0.0131877888 0.00500035132 1 0.784314 0
v 0.0722710158 -0.0131817909 0.00677126972 1 0.784314 0
v 0.0719968964 -0.0131853705 0.00854176983 0.705882 0 1
v 0.0717239311 -0.01318545 0.0103124643 0.705882 0 1
v 0.0714492351 -0.0131845318 0.0120829078 0.705882 0 1
v 0.0711757875 -0.0131881726 0.0138535447 0.705882 0 1
v 0.0709014178 -0.0131911216 0.0156240412 0.705882 0 1
v 0.070625316 -0.0131926025 0.0173942702 0.705882 0 1
v 0.0703471741 -0.0131912044 0.019164178 0.705882 0 1
v 0.0700634014 -0.0131860891 0.0209331772 0.705882 0 1
v 0.0697659503 -0.0131916468 0.0226999295 0 0.862745 0.862745
v 0.0694123781 -0.0131890784 0.0244562996 0 0.862745 0.862745
v 0.0689122175 -0.0131789165 0.0261757971 0 0.862745 0.862745
v 0.0681422575 -0.0131502878 0.0277880971 0 0.862745 0.862745
v 0.0670682039 -0.0131231218 0.0292059265 0 0.862745 0.862745
v 0.0657162326 -0.0131121212 0.030368495 0 0.862745 0.862745
v 0.0641744707 -0.0131024939 0.03127681 0 0.862745 0.862745
v 0.0625758612 -0.013083637 0.0320850296 0 0.862745 0.862745
v 0.0609504577 -0.0130913786 0.0328385087 0 0.862745 0.862745
v 0.0593238052 -0.0130819189 0.0335893388 0 0.862745 0.862745
v 0.05769786 -0.0130827868 0.0343417821 1 0.470588 0
v 0.0560711803 -0.0130870122 0.035092546 1 0.470588 0
v 0.054446366 -0.0130949688 0.0358473757 1 0.470588 0
v 0.0528202425 -0.0130904512 0.0365994702 1 0.470588 0
v 0.0511942207 -0.0130884929 0.0373517831 1 0.470588 0
v 0.0495705281 -0.0130923481 0.0381091076 1 0.470588 0
v 0.0479489878 -0.0130984798 0.0388709796 1 0.470588 0
v 0.0463215188 -0.0130988836 0.0396201307 1 0.470588 0
v 0.0446984552 -0.0131004276 0.0403787497 0.470588 1 0
v 0.0430748265 -0.0130990304 0.0411361844 0.470588 1 0
v 0.0414514073 -0.0131030008 0.0418940711 0.470588 1 0
v 0.0398252726 -0.0131034849 0.0426461454 0.470588 1 0
v 0.038197851 -0.0130997647 0.0433954173 0.470588 1 0
v 0.0365715641 -0.0131008638 0.0441471685 0.470588 1 0
v 0.034947 -0.0130932599 0.0449025891 0.470588 1 0
v 0.0771801387 -0.0110220429 -0.12347763 0 0.862745 0.862745
v 0.077383895 -0.0110099304 -0.121692659 0 0.862745 0.862745
v 0.0775913989 -0.0110069211 -0.119908051 0 0.862745 0.862745
v 0.0777938649 -0.011002086 -0.118122873 0 0.862745 0.862745
v 0.0779872401 -0.0110059716 -0.116336689 0 0.862745 0.862745
v 0.0781638074 -0.0110114162 -0.114548807 0 0.862745 0.862745
v 0.0783267209 -0.0110104817 -0.112759601 1 0.470588 0
v 0.0784862822 -0.0110204963 -0.110970093 1 0.470588 0
v 0.0786300615 -0.0110159253 -0.109179255 1 0.470588 0
v 0.078768425 -0.0110186649 -0.107387961 1 0.470588 0
v 0.0788907418 -0.0110211773 -0.105595522 1 0.470588 0
v 0.0789980988 -0.0110216043 -0.1038021 1 0.470588 0
v 0.0790906569 -0.0110171507 -0.102007885 0.470588 1 0
v 0.079171206 -0.0110041138 -0.100213103 0.470588 1 0
v 0.0792382512 -0.0110085287 -0.0984177196 0.470588 1 0
v 0.0792991048 -0.0110131274 -0.096622125 0.470588 1 0
v 0.0793598084 -0.0110184499 -0.0948265197 0.470588 1 0
v 0.0794208981 -0.0110157316 -0.0930309392 0.470588 1 0
v 0.0794824963 -0.0110009234 -0.0912354276 1 0 0.705882
v 0.079544017 -0.011005718 -0.0894398462 1 0 0.705882
v 0.0796011135 -0.011012814 -0.0876441301 1 0 0.705882
v 0.0796467164 -0.0110161465 -0.085848106 1 0 0.705882
v 0.079680832 -0.0110145559 -0.0840517938 1 0 0.705882
v 0.0796992148 -0.0110198979 -0.0822552574 1 0 0.705882
v 0.0797051243 -0.0110130459 -0.0804586797 1 0 0.705882
v 0.0797015672 -0.0110076923 -0.0786620953 1 0 0.705882
v 0.0796909021 -0.0110200851 -0.0768655299 0.313725 0.313725 1
v 0.0796776785 -0.0110188779 -0.0750689379 0.313725 0.313725 1
v 0.0796638937 -0.0110166801 -0.0732723538 0.313725 0.313725 1
v 0.0796491708 -0.011014901 -0.0714757957 0.313725 0.313725 1
v 0.0796340388 -0.0110053692 -0.069679246 0.313725 0.313725 1
v 0.079617028 -0.0110007727 -0.067882691 0.313725 0.313725 1
v 0.0795912683 -0.0110120936 -0.0660862948 0.705882 0.470588 0.156863
v 0.0795575956 -0.0110183606 -0.0642900182 0.705882 0.470588 0.156863
v 0.0795126404 -0.0110106412 -0.0624939712 0.705882 0.470588 0.156863
v 0.0794526161 -0.0109999395 -0.0606983882 0.705882 0.470588 0.156863
v 0.0793854225 -0.0110037041 -0.0589030335 0.705882 0.470588 0.156863
v 0.0793157392 -0.0110070618 -0.0571077594 0.705882 0.470588 0.156863
v 0.0792423494 -0.0110150438 -0.0553126385 0.705882 0.470588 0.156863
v 0.0791712976 -0.01098807 -0.0535176515 0.705882 0.470588 0.156863
v 0.0790918368 -0.0109944914 -0.0517229831 0.470588 0.470588 0.470588
v 0.0790130692 -0.0110146779 -0.0499282587 0.470588 0.470588 0.470588
v 0.0789423207 -0.0110185361 -0.0481330222 0.470588 0.470588 0.470588
v 0.0788674802 -0.0110197871 -0.0463379443 0.470588 0.470588 0.470588
v 0.0787902376 -0.0110209554 -0.0445429726 0.470588 0.470588 0.470588
v 0.0786955749 -0.0110207689 -0.0427488314 0.470588 0.470588 0.470588
v 0.0785829581 -0.0110146901 -0.0409557509 1 0 0
v 0.0784646987 -0.0110103261 -0.0391630118 1 0 0
v 0.0783309875 -0.0110106129 -0.0373713651 1 0 0
v 0.0781927634 -0.0110081679 -0.0355800591 1 0 0
v 0.0780497324 -0.011010118 -0.0337891397 1 0 0
v 0.0779063128 -0.0110187445 -0.0319982647 1 0 0
v 0.0777550381 -0.011019099 -0.0302080038 1 0 0
v 0.077591307 -0.0110178701 -0.0284188418 1 0 0
v 0.0773998273 -0.0110184785 -0.0266324507 0 1 0
v 0.0771847543 -0.011018131 -0.0248488051 0 1 0
v 0.0769462781 -0.0110229721 -0.0230681176 0 1 0
v 0.0766895225 -0.0110201246 -0.0212899303 0 1 0
v 0.0764212238 -0.0110136168 -0.0195134493 0 1 0
v 0.0761505932 -0.0110106793 -0.0177373471 0 1 0
v 0.0758754307 -0.0110236487 -0.015961978 0 1 0
v 0.0756027255 -0.0110155919 -0.0141861907 0 1 0
v 0.0753282795 -0.0110178121 -0.0124106435 0 0.501961 1
v 0.0750539579 -0.0110182215 -0.0106350847 0 0.501961 1
v 0.0747795093 -0.0110247877 -0.00885954852 0 0.501961 1
v 0.0745059696 -0.0110255956 -0.00708385395 0 0.501961 1
v 0.0742318341 -0.0110171061 -0.00530829514 0 0.501961 1
v 0.0739571058 -0.0110171518 -0.00353279213 0 0.501961 1
v 0.0736844172 -0.0110222266 -0.00175698978 1 0.784314 0
v 0.0734096922 -0.0110248519 1.85189281e-05 1 0.784314 0
v 0.0731355752 -0.0110234882 0.00179412212 1 0.784314 0
v 0.0728628295 -0.0110216796 0.00356993041 1 0.784314 0
v 0.0725884861 -0.0110120739 0.00534547476 1 0.784314 0
v 0.0723175199 -0.0109963865 0.00712148441 1 0.784314 0
v 0.0720423629 -0.0110156282 0.00889676606 0.705882 0 1
v 0.0717703096 -0.0110118629 0.0106725671 0.705882 0 1
v 0.0714963446 -0.0110024122 0.0124481656 0.705882 0 1
v 0.071221339 -0.0110026628 0.0142236305 0.705882 0 1
v 0.0709474795 -0.0109993674 0.0159992604 0.705882 0 1
v 0.070673346 -0.0109990916 0.0177748335 0.705882 0 1
v 0.0703960009 -0.0110116523 0.0195498939 0.705882 0 1
v 0.0701161737 -0.0110218991 0.0213245803 0.705882 0 1
v 0.0698214681 -0.0110144241 0.0230968291 0 0.862745 0.862745
v 0.0694737525 -0.0110156954 0.0248591369 0 0.862745 0.862745
v 0.0689936414 -0.011016145 0.026588372 0 0.862745 0.862745
v 0.0682654723 -0.0109980265 0.028226041 0 0.862745 0.862745
v 0.0671730198 -0.0109756953 0.0296372624 0 0.862745 0.862745
v 0.065791102 -0.0109695236 0.0307796599 0 0.862745 0.862745
v 0.0642552035 -0.0109703672 0.0317069812 0 0.862745 0.862745
v 0.0626613916 -0.0109689391 0.0325352153 0 0.862745 0.862745
v 0.0610376886 -0.0109677933 0.033304011 1 0.470588 0
v 0.0594014305 -0.0109658687 0.0340459636 1 0.470588 0
v 0.0577678533 -0.0109583441 0.0347936987 1 0.470588 0
v 0.0561365675 -0.0109558561 0.0355464106 1 0.470588 0
v 0.0545073847 -0.0109660929 0.0363036576 1 0.470588 0
v 0.0528749553 -0.010962344 0.0370540421 1 0.470588 0
v 0.0512449864 -0.0109480863 0.0378096121 1 0.470588 0
v 0.0496206139 -0.0109474602 0.0385772584 1 0.470588 0
v 0.0479908662 -0.0109683444 0.0393330068 0.470588 1 0
v 0.0463586405 -0.010969923 0.0400837071 0.470588 1 0
v 0.044727191 -0.0109721658 0.0408361905 0.470588 1 0
v 0.0430992693 -0.0109718053 0.0415962975 0.470588 1 0
v 0.0414697727 -0.0109685861 0.0423530056 0.470588 1 0
v 0.0398375292 -0.0109729613 0.0431037436 0.470588 1 0
v 0.0382068614 -0.0109731277 0.0438579448 0.470588 1 0
v 0.0365772811 -0.0109726811 0.0446144864 0.470588 1 0
v 0.034947 -0.0109693005 0.0453695045 0.470588 1 0
v 0.077299758 -0.00885368874 -0.123477924 0 0.862745 0.862745
v 0.0775096759 -0.00884018884 -0.121689808 0 0.862745 0.862745
v 0.0777248201 -0.00883546562 -0.119902257 0 0.862745 0.862745
v 0.0779294874 -0.00884700428 -0.118113539 0 0.862745 0.862745
v 0.078123405 -0.00882308023 -0.116323759 0 0.862745 0.862745
v 0.0783023029 -0.00883996098 -0.114532301 0 0.862745 0.862745
v 0.0784676792 -0.00884688689 -0.112739458 1 0.470588 0
v 0.0786167963 -0.00884990276 -0.110945177 1 0.470588 0
v 0.0787556645 -0.00884939316 -0.109150075 1 0.470588 0
v 0.0788927978 -0.00885045195 -0.107354831 1 0.470588 0
v 0.0790180959 -0.00885152981 -0.105558736 1 0.470588 0
v 0.079126847 -0.00885347549 -0.103761562 1 0.470588 0
v 0.0792174425 -0.00885355461 -0.101963366 0.470588 1 0
v 0.0792981281 -0.00884967507 -0.100164722 0.470588 1 0
v 0.0793678206 -0.00884385329 -0.0983656095 0.470588 1 0
v 0.0794296532 -0.00884012043 -0.0965662039 0.470588 1 0
v 0.0794912537 -0.00885179312 -0.0947668184 0.470588 1 0
v 0.0795538344 -0.00884948586 -0.0929674312 0.470588 1 0
v 0.0796148993 -0.00884702422 -0.0911679915 1 0 0.705882
v 0.0796735769 -0.00884587036 -0.0893684769 1 0 0.705882
v 0.0797278761 -0.00884122568 -0.0875688296 1 0 0.705882
v 0.0797702414 -0.00884474443 -0.0857688549 1 0 0.705882
v 0.0798028985 -0.00884742396 -0.0839686863 1 0 0.705882
v 0.0798247895 -0.00885125986 -0.0821683556 1 0 0.705882
v 0.0798323757 -0.00884555304 -0.0803679311 1 0 0.705882
v 0.0798285029 -0.00884286446 -0.0785674888 1 0 0.705882
v 0.0798184861 -0.00884813635 -0.0767670969 0.313725 0.313725 1
v 0.079807281 -0.00884243363 -0.0749666728 0.313725 0.313725 1
v 0.0797955532 -0.00883144239 -0.0731662787 0.313725 0.313725 1
v 0.0797815056 -0.00884952168 -0.0713659615 0.313725 0.313725 1
v 0.0797654531 -0.00884859052 -0.0695655748 0.313725 0.313725 1
v 0.079746816 -0.00885025947 -0.0677651963 0.313725 0.313725 1
v 0.0797261695 -0.00885273699 -0.0659648413 0.705882 0.470588 0.156863
v 0.0796947446 -0.00884438294 -0.0641646653 0.705882 0.470588 0.156863
v 0.0796478939 -0.00883927907 -0.0623648492 0.705882 0.470588 0.156863
v 0.0795850601 -0.00884173017 -0.0605655349 0.705882 0.470588 0.156863
v 0.07951741 -0.00883350523 -0.0587663699 0.705882 0.470588 0.156863
v 0.0794450124 -0.00884507018 -0.0569674197 0.705882 0.470588 0.156863
v 0.0793745694 -0.0088475773 -0.0551683447 0.705882 0.470588 0.156863
v 0.0793038397 -0.00884512472 -0.0533692627 0.705882 0.470588 0.156863
v 0.0792252409 -0.00884493494 -0.0515705387 0.470588 0.470588 0.470588
v 0.0791440799 -0.00884900351 -0.0497719056 0.470588 0.470588 0.470588
v 0.0790713394 -0.00885209544 -0.047972909 0.470588 0.470588 0.470588
v 0.0789905673 -0.00885285625 -0.0461742462 0.470588 0.470588 0.470588
v 0.0789078633 -0.00885176436 -0.0443756695 0.470588 0.470588 0.470588
v 0.0788075997 -0.00885195583 -0.0425780115 0.470588 0.470588 0.470588
v 0.0786952788 -0.00885118668 -0.0407810598 1 0 0
v 0.0785726734 -0.00884860315 -0.0389847649 1 0 0
v 0.0784441228 -0.00884226698 -0.0371888978 1 0 0
v 0.0783126482 -0.00883867673 -0.0353932522 1 0 0
v 0.0781738026 -0.00884801502 -0.033598165 1 0 0
v 0.0780278918 -0.00885226901 -0.0318036146 1 0 0
v 0.0778728089 -0.00884624777 -0.0300098586 1 0 0
v 0.0776984571 -0.0088514107 -0.0282179073 1 0 0
v 0.0774918096 -0.00885201711 -0.0264293613 0 1 0
v 0.0772614351 -0.00885063417 -0.0246437037 0 1 0
v 0.0770097369 -0.00884770832 -0.0228609186 0 1 0
v 0.0767426211 -0.0088547011 -0.0210803867 0 1 0
v 0.0764672971 -0.0088481769 -0.019301099 0 1 0
v 0.0761939128 -0.00884505395 -0.0175215052 0 1 0
v 0.0759180484 -0.00885304359 -0.0157423059 0 1 0
v 0.075643567 -0.00884920207 -0.0139628874 0 1 0
v 0.0753691246 -0.00884421622 -0.0121834836 0 0.501961 1
v 0.0750943095 -0.00884136841 -0.0104041472 0 0.501961 1
v 0.0748187098 -0.00883884157 -0.00862489055 0 0.501961 1
v 0.0745458588 -0.00884869057 -0.00684524219 0 0.501961 1
v 0.0742686732 -0.00885360056 -0.00506624769 0 0.501961 1
v 0.0739938181 -0.00885424527 -0.00328687489 0 0.501961 1
v 0.0737184425 -0.00885277715 -0.00150758316 1 0.784314 0
v 0.0734446979 -0.00885522379 0.000271951409 1 0.784314 0
v 0.073172723 -0.00884925849 0.00205174276 1 0.784314 0
v 0.072899727 -0.00884688407 0.00383135821 1 0.784314 0
v 0.0726255546 -0.00885343029 0.00561082065 1 0.784314 0
v 0.0723541005 -0.00884188677 0.00739063474 1 0.784314 0
v 0.0720787722 -0.00884825437 0.00916982251 0.705882 0 1
v 0.0718059014 -0.00884936754 0.0109494733 0.705882 0 1
v 0.0715324422 -0.00883602035 0.0127289834 0.705882 0 1
v 0.0712571073 -0.00884033115 0.0145082305 0.705882 0 1
v 0.0709835429 -0.00884985935 0.0162877779 0.705882 0 1
v 0.0707092457 -0.00885427037 0.0180672315 0.705882 0 1
v 0.0704352371 -0.00885484125 0.0198467362 0.705882 0 1
v 0.0701572458 -0.00884357576 0.0216255674 0.705882 0 1
v 0.0698692096 -0.00884262426 0.0234027599 0 0.862745 0.862745
v 0.069539297 -0.00885062329 0.0251722407 0 0.862745 0.862745
v 0.0690568256 -0.00884325634 0.0269030929 0 0.862745 0.862745
v 0.0682960903 -0.00884086805 0.0285241501 0 0.862745 0.862745
v 0.0672388186 -0.0088276926 0.0299794254 0 0.862745 0.862745
v 0.0658550656 -0.00882466992 0.0311247233 0 0.862745 0.862745
v 0.0643219641 -0.00882637713 0.0320612929 0 0.862745 0.862745
v 0.0627232086 -0.00882739518 0.0328881881 0 0.862745 0.862745
v 0.0610962374 -0.00882699927 0.0336591449 1 0.470588 0
v 0.059457341 -0.00882643853 0.0344045435 1 0.470588 0
v 0.0578190785 -0.00882436815 0.0351512947 1 0.470588 0
v 0.056184942 -0.00882241036 0.0359071264 1 0.470588 0
v 0.0545512834 -0.00882578442 0.0366639981 1 0.470588 0
v 0.052913691 -0.00881939921 0.0374123088 1 0.470588 0
v 0.0512800634 -0.00882044834 0.0381691368 1 0.470588 0
v 0.0496471565 -0.00882645313 0.0389275639 1 0.470588 0
v 0.0480134221 -0.00882030011 0.0396842362 0.470588 1 0
v 0.0463843014 -0.00882351499 0.0404508167 0.470588 1 0
v 0.0447483443 -0.00882753613 0.0412027115 0.470588 1 0
v 0.0431175912 -0.00882065288 0.0419657868 0.470588 1 0
v 0.041484134 -0.00882009087 0.042723105 0.470588 1 0
v 0.0398467284 -0.00882661005 0.0434717881 0.470588 1 0
v 0.0382137689 -0.00882408342 0.0442301632 0.470588 1 0
v 0.0365762825 -0.00882493314 0.0449786748 0.470588 1 0
v 0.034947 -0.00882814128 0.0457448896 0.470588 1 0
v 0.0773881633 -0.00668381124 -0.123478163 0.313725 0.313725 1
v 0.0776048828 -0.00668330626 -0.121687592 0.313725 0.313725 1
v 0.0778147036 -0.00667320113 -0.119896249 0.313725 0.313725 1
v 0.0780202951 -0.00666787303 -0.118104412 0.313725 0.313725 1
v 0.0782135771 -0.00666817849 -0.116311164 0.313725 0.313725 1
v 0.0783944444 -0.00668071525 -0.114516714 0.313725 0.313725 1
v 0.0785593372 -0.00668270723 -0.112720641 0.705882 0.470588 0.156863
v 0.0787056849 -0.00668287113 -0.110922952 0.705882 0.470588 0.156863
v 0.0788447745 -0.00668159952 -0.109124686 0.705882 0.470588 0.156863
v 0.0789785761 -0.0066826186 -0.107326018 0.705882 0.470588 0.156863
v 0.079103953 -0.0066750885 -0.105526799 0.705882 0.470588 0.156863
v 0.0792146407 -0.00665954288 -0.103726682 0.705882 0.470588 0.156863
v 0.0793083116 -0.0066796428 -0.101925589 0.470588 0.470588 0.470588
v 0.079386907 -0.00667673774 -0.100123691 0.470588 0.470588 0.470588
v 0.0794587374 -0.00666418929 -0.0983215359 0.470588 0.470588 0.470588
v 0.0795244288 -0.00666928959 -0.0965191185 0.470588 0.470588 0.470588
v 0.0795878306 -0.00667833904 -0.0947166562 0.470588 0.470588 0.470588
v 0.0796505095 -0.0066790173 -0.0929141064 0.470588 0.470588 0.470588
v 0.0797115505 -0.00667214989 -0.0911115259 1 0 0
v 0.0797697333 -0.00666987893 -0.0893088712 1 0 0
v 0.0798194916 -0.00665474862 -0.0875060344 1 0 0
v 0.0798603594 -0.00667500058 -0.0857030626 1 0 0
v 0.079892179 -0.0066782932 -0.0838997375 1 0 0
v 0.0799130539 -0.00668236443 -0.0820962335 1 0 0
v 0.0799228546 -0.00667650358 -0.0802926489 1 0 0
v 0.0799213735 -0.00667896412 -0.0784890202 1 0 0
v 0.0799126852 -0.00667874397 -0.0766854278 0 1 0
v 0.0799019914 -0.00666349829 -0.074881932 0 1 0
v 0.0798896433 -0.00664953255 -0.0730785529 0 1 0
v 0.0798735748 -0.00667958484 -0.0712753437 0 1 0
v 0.0798568857 -0.00666485513 -0.0694718434 0 1 0
v 0.0798378537 -0.00666228692 -0.0676683171 0 1 0
v 0.0798141757 -0.00667268483 -0.0658648636 0 0.501961 1
v 0.0797811239 -0.00667671401 -0.0640615541 0 0.501961 1
v 0.0797351704 -0.0066739844 -0.0622585277 0 0.501961 1
v 0.0796758934 -0.00667667567 -0.060455912 0 0.501961 1
v 0.0796082756 -0.0066795962 -0.0586535454 0 0.501961 1
v 0.0795370841 -0.00666317933 -0.0568514733 0 0.501961 1
v 0.0794641578 -0.00666818052 -0.0550493193 0 0.501961 1
v 0.0793912658 -0.00666624068 -0.053247161 0 0.501961 1
v 0.0793168338 -0.00668118867 -0.051445121 1 0.784314 0
v 0.0792370938 -0.00667819803 -0.0496432609 1 0.784314 0
v 0.0791599359 -0.0066791721 -0.0478412753 1 0.784314 0
v 0.0790780643 -0.00667454268 -0.0460395696 1 0.784314 0
v 0.0789904234 -0.00666481967 -0.0442383228 1 0.784314 0
v 0.0788878893 -0.00667394764 -0.0424377508 1 0.784314 0
v 0.0787741252 -0.00666499206 -0.0406377601 0.705882 0 1
v 0.0786492786 -0.00667394946 -0.0388384729 0.705882 0 1
v 0.0785228712 -0.00667449857 -0.0370392689 0.705882 0 1
v 0.0783944817 -0.0066759065 -0.0352402166 0.705882 0 1
v 0.0782612287 -0.00667144527 -0.0334415128 0.705882 0 1
v 0.0781159082 -0.0066715537 -0.0316437586 0.705882 0 1
v 0.0779534794 -0.00667238195 -0.0298474978 0.705882 0 1
v 0.0777683703 -0.00668088648 -0.0280534301 0.705882 0 1
v 0.0775485651 -0.00668297731 -0.0262632379 0 0.862745 0.862745
v 0.0773077166 -0.00668397518 -0.0244757747 0 0.862745 0.862745
v 0.0770482131 -0.00668164219 -0.0226909343 0 0.862745 0.862745
v 0.0767763053 -0.00667754686 -0.0209079176 0 0.862745 0.862745
v 0.0764989342 -0.00667881896 -0.0191257366 0 0.862745 0.862745
v 0.0762241048 -0.00668227465 -0.0173431621 0 0.862745 0.862745
v 0.0759476707 -0.00666377311 -0.0155609361 0 0.862745 0.862745
v 0.0756719146 -0.00666149767 -0.0137785687 0 0.862745 0.862745
v 0.0753966006 -0.00666974213 -0.0119961549 1 0.470588 0
v 0.0751210358 -0.00667938661 -0.0102137461 1 0.470588 0
v 0.0748442804 -0.00666040104 -0.00843162206 1 0.470588 0
v 0.0745701815 -0.00667306092 -0.00664897768 1 0.470588 0
v 0.0742923955 -0.0066813481 -0.00486687844 1 0.470588 0
v 0.0740177282 -0.00666807624 -0.00308435858 1 0.470588 0
v 0.0737411996 -0.00667283276 -0.00130205621 1 0.470588 0
v 0.073467024 -0.00668026279 0.000480604604 1 0.470588 0
v 0.0731944446 -0.00667378861 0.00226345716 0.470588 1 0
v 0.0729210036 -0.00665763335 0.00404616291 0.470588 1 0
v 0.0726479748 -0.00666623593 0.00582894648 0.470588 1 0
v 0.0723756188 -0.0066806785 0.00761169039 0.470588 1 0
v 0.0721013297 -0.00667615473 0.00939434411 0.470588 1 0
v 0.0718275616 -0.0066777516 0.0111770808 0.470588 1 0
v 0.0715543806 -0.00668191596 0.0129598971 1 0 0.705882
v 0.0712808107 -0.00668185914 0.0147426676 1 0 0.705882
v 0.0710083929 -0.00668409447 0.0165256134 1 0 0.705882
v 0.0707339037 -0.00668236593 0.0183082381 1 0 0.705882
v 0.0704616793 -0.00667082485 0.0200911534 1 0 0.705882
v 0.070183166 -0.0066843085 0.0218731024 1 0 0.705882
v 0.0699017392 -0.00668202494 0.0236546478 1 0 0.705882
v 0.0695788049 -0.0066745686 0.0254290255 1 0 0.705882
v 0.069110597 -0.00667405689 0.0271705028 0.313725 0.313725 1
v 0.0683499909 -0.0066667646 0.0288030617 0.313725 0.313725 1
v 0.0672972997 -0.00667293337 0.0302585214 0.313725 0.313725 1
v 0.0659347033 -0.00667117434 0.0314303558 0.313725 0.313725 1
v 0.0643851135 -0.00667010114 0.0323497268 0.313725 0.313725 1
v 0.0627747933 -0.00666206323 0.0331611505 0.313725 0.313725 1
v 0.0611423679 -0.00666784398 0.0339280309 0.313725 0.313725 1
v 0.0595027163 -0.00664486779 0.0346786416 0.313725 0.313725 1
v 0.057863516 -0.00664996046 0.0354307921 0.705882 0.470588 0.156863
v 0.0562257614 -0.00666571486 0.0361859839 0.705882 0.470588 0.156863
v 0.0545890114 -0.00666702907 0.0369435862 0.705882 0.470588 0.156863
v 0.0529499228 -0.00666651232 0.0376962267 0.705882 0.470588 0.156863
v 0.0513124756 -0.0066675967 0.0384524412 0.705882 0.470588 0.156863
v 0.0496739428 -0.00666105862 0.0392062708 0.705882 0.470588 0.156863
v 0.0480379139 -0.00666460726 0.0399653708 0.470588 0.470588 0.470588
v 0.0464061757 -0.00664894811 0.040733676 0.470588 0.470588 0.470588
v 0.0447695087 -0.00667176966 0.0414911802 0.470588 0.470588 0.470588
v 0.0431336664 -0.0066669352 0.0422507521 0.470588 0.470588 0.470588
v 0.0414988238 -0.00665612958 0.0430124422 0.470588 0.470588 0.470588
v 0.0398572838 -0.00667160715 0.0437595278 0.470588 0.470588 0.470588
v 0.0382188491 -0.0066700005 0.044513605 0.470588 0.470588 0.470588
v 0.03657834 -0.00666690607 0.045263118 0.470588 0.470588 0.470588
v 0.034947 -0.00667403514 0.0460323436 0.470588 0.470588 0.470588
v 0.0774524722 -0.00451308075 -0.123478474 0.313725 0.313725 1
v 0.077666101 -0.00451313868 -0.121719003 0.313725 0.313725 1
v 0.0778716648 -0.00450601443 -0.119958588 0.313725 0.313725 1
v 0.078073682 -0.00451119625 -0.118197777 0.313725 0.313725 1
v 0.0782653803 -0.00451150455 -0.116435787 0.313725 0.313725 1
v 0.0784418388 -0.00451117941 -0.114672218 0.313725 0.313725 1
v 0.0786025859 -0.00451226015 -0.112907156 0.705882 0.470588 0.156863
v 0.0787490787 -0.00451182533 -0.111140832 0.705882 0.470588 0.156863
v 0.0788873194 -0.00451061819 -0.10937384 0.705882 0.470588 0.156863
v 0.079021925 -0.00451141529 -0.10760657 0.705882 0.470588 0.156863
v 0.0791485681 -0.00449218562 -0.105838889 0.705882 0.470588 0.156863
v 0.0792616575 -0.00449036035 -0.104070246 0.705882 0.470588 0.156863
v 0.0793572912 -0.00450711346 -0.102300527 0.470588 0.470588 0.470588
v 0.0794369877 -0.00448020142 -0.100530161 0.470588 0.470588 0.470588
v 0.0795123118 -0.00444934508 -0.0987596516 0.470588 0.470588 0.470588
v 0.0795814186 -0.00448916104 -0.0969892515 0.470588 0.470588 0.470588
v 0.0796472914 -0.00450273689 -0.0952182424 0.470588 0.470588 0.470588
v 0.0797140823 -0.00450115645 -0.0934471111 0.470588 0.470588 0.470588
v 0.0797737646 -0.00449238631 -0.0916757531 1 0 0
v 0.0798285509 -0.00448807257 -0.0899043428 1 0 0
v 0.0798765951 -0.00449124929 -0.0881327488 1 0 0
v 0.079915352 -0.00449061641 -0.0863607892 1 0 0
v 0.0799457705 -0.00450873937 -0.0845888139 1 0 0
v 0.07996872 -0.00451248155 -0.0828165846 1 0 0
v 0.0799845237 -0.00450729613 -0.0810443029 1 0 0
v 0.0799929986 -0.00448192825 -0.0792721388 1 0 0
v 0.0799915196 -0.00450408202 -0.077499913 0 1 0
v 0.079984241 -0.00450942418 -0.0757275643 0 1 0
v 0.0799725965 -0.00450807578 -0.0739552214 0 1 0
v 0.079957943 -0.00450866682 -0.0721828934 0 1 0
v 0.0799412791 -0.0045106268 -0.0704105912 0 1 0
v 0.0799203258 -0.00450650274 -0.0686383318 0 1 0
v 0.0798970594 -0.00450677538 -0.0668661498 0 0.501961 1
v 0.0798702587 -0.0044898158 -0.0650940699 0 0.501961 1
v 0.0798342864 -0.00445090404 -0.0633225492 0 0.501961 1
v 0.0797859994 -0.00445542893 -0.0615514839 0 0.501961 1
v 0.0797258232 -0.00447983231 -0.0597805805 0 0.501961 1
v 0.0796581907 -0.00445500245 -0.0580096559 0 0.501961 1
v 0.0795859972 -0.00448433737 -0.0562391924 0 0.501961 1
v 0.079511971 -0.00447516793 -0.0544683755 0 0.501961 1
v 0.07943814 -0.00447279485 -0.0526975237 1 0.784314 0
v 0.0793617626 -0.00448941166 -0.0509269467 1 0.784314 0
v 0.0792849342 -0.00450435252 -0.0491563469 1 0.784314 0
v 0.0792049941 -0.00450836213 -0.0473857641 1 0.784314 0
v 0.0791209667 -0.00450774846 -0.0456153763 1 0.784314 0
v 0.0790281489 -0.00450637825 -0.0438454378 1 0.784314 0
v 0.0789274574 -0.00450059199 -0.0420760526 0.705882 0 1
v 0.0788156617 -0.00446915096 -0.040307474 0.705882 0 1
v 0.0786960497 -0.00444721941 -0.038539272 0.705882 0 1
v 0.0785725349 -0.00445068621 -0.0367711953 0.705882 0 1
v 0.078446101 -0.00445844682 -0.0350033838 0.705882 0 1
v 0.0783137199 -0.00449186283 -0.0332362609 0.705882 0 1
v 0.0781706559 -0.00451198937 -0.0314698232 0.705882 0 1
v 0.0780079762 -0.00451145943 -0.0297049638 0.705882 0 1
v 0.0778149198 -0.0045094684 -0.0279431855 0 0.862745 0.862745
v 0.0775934374 -0.00449662816 -0.0261848694 0 0.862745 0.862745
v 0.0773552308 -0.00446418631 -0.0244289355 0 0.862745 0.862745
v 0.0770907216 -0.00449903072 -0.0226767383 0 0.862745 0.862745
v 0.0768211884 -0.00450722853 -0.0209250322 0 0.862745 0.862745
v 0.0765495818 -0.00449332512 -0.0191737664 0 0.862745 0.862745
v 0.0762786634 -0.00447526662 -0.0174224561 0 0.862745 0.862745
v 0.0760078926 -0.00448390975 -0.0156711447 0 0.862745 0.862745
v 0.0757361552 -0.00448281594 -0.0139197121 1 0.470588 0
v 0.0754651729 -0.00448638203 -0.0121681723 1 0.470588 0
v 0.0751940448 -0.00448486047 -0.0104166433 1 0.470588 0
v 0.0749209947 -0.00448859779 -0.00866541339 1 0.470588 0
v 0.0746503794 -0.0044916982 -0.00691380453 1 0.470588 0
v 0.0743786528 -0.00446890657 -0.0051626225 1 0.470588 0
v 0.0741073703 -0.00444847638 -0.00341131341 1 0.470588 0
v 0.0738355919 -0.0044930417 -0.00166070775 1 0.470588 0
v 0.0735661793 -0.00450661816 9.10198398e-05 0.470588 1 0
v 0.0732979137 -0.00450313921 0.00184288505 0.470588 1 0
v 0.0730303538 -0.00448730295 0.00359485976 0.470588 1 0
v 0.072761729 -0.00448870598 0.00534670366 0.470588 1 0
v 0.0724941557 -0.00451027514 0.00709856564 0.470588 1 0
v 0.0722260329 -0.00450506298 0.00885053769 0.470588 1 0
v 0.071957792 -0.00450519559 0.0106024944 1 0 0.705882
v 0.0716902057 -0.00451147514 0.0123545534 1 0 0.705882
v 0.0714213058 -0.00450864813 0.0141064259 1 0 0.705882
v 0.0711542092 -0.0045102376 0.0158585768 1 0 0.705882
v 0.0708854483 -0.00451202267 0.0176104727 1 0 0.705882
v 0.0706178004 -0.00447334562 0.0193619643 1 0 0.705882
v 0.0703461231 -0.00449388328 0.0211130167 1 0 0.705882
v 0.070074817 -0.00451128074 0.0228643641 1 0 0.705882
v 0.069788481 -0.00450325501 0.0246134094 0.313725 0.313725 1
v 0.0694178739 -0.00450273943 0.0263462097 0.313725 0.313725 1
v 0.0688323978 -0.00448398849 0.0280165137 0.313725 0.313725 1
v 0.0679836608 -0.00448012872 0.0295576466 0.313725 0.313725 1
v 0.066858054 -0.0044961581 0.030911785 0.313725 0.313725 1
v 0.0654409922 -0.00450018999 0.0319684047 0.313725 0.313725 1
v 0.0638882657 -0.00450141838 0.0328217252 0.313725 0.313725 1
v 0.0622940152 -0.00449030616 0.0335957998 0.313725 0.313725 1
v 0.0606878366 -0.00450310303 0.0343447413 0.313725 0.313725 1
v 0.0590791912 -0.00448175963 0.0350878311 0.313725 0.313725 1
v 0.0574702797 -0.00448077883 0.0358309615 0.705882 0.470588 0.156863
v 0.0558591098 -0.00449994832 0.036568868 0.705882 0.470588 0.156863
v 0.0542512755 -0.00450251358 0.0373146119 0.705882 0.470588 0.156863
v 0.0526425201 -0.00449585433 0.0380583159 0.705882 0.470588 0.156863
v 0.0510319347 -0.004484142 0.0387980509 0.705882 0.470588 0.156863
v 0.0494208396 -0.00447066929 0.0395366425 0.705882 0.470588 0.156863
v 0.0478121661 -0.00449046516 0.0402802875 0.470588 0.470588 0.470588
v 0.0462051078 -0.00447430149 0.0410275663 0.470588 0.470588 0.470588
v 0.0445988192 -0.00450853735 0.0417758248 0.470588 0.470588 0.470588
v 0.0429874 -0.00450438866 0.042513786 0.470588 0.470588 0.470588
v 0.0413846909 -0.00443793902 0.0432676326 0.470588 0.470588 0.470588
v 0.0397747432 -0.00446219389 0.0440076326 0.470588 0.470588 0.470588
v 0.0381633783 -0.00448927981 0.0447451278 0.470588 0.470588 0.470588
v 0.0365527874 -0.00450391267 0.0454845199 0.470588 0.470588 0.470588
v 0.034947 -0.00451066322 0.0462346634 0.470588 0.470588 0.470588
v 0.0774931036 -0.00234177614 -0.123478772 0.313725 0.313725 1
v 0.0777072404 -0.00234081326 -0.121717659 0.313725 0.313725 1
v 0.077915949 -0.00232147183 -0.119956007 0.313725 0.313725 1
v 0.0781221217 -0.0023217505 -0.118194335 0.313725 0.313725 1
v 0.0783145971 -0.00219298572 -0.116436833 0.313725 0.313725 1
v 0.0784848014 -0.00231995884 -0.114675503 0.313725 0.313725 1
v 0.0786429013 -0.00233913895 -0.112909065 0.705882 0.470588 0.156863
v 0.0787910154 -0.00234098905 -0.111141181 0.705882 0.470588 0.156863
v 0.0789303948 -0.00233916812 -0.109372584 0.705882 0.470588 0.156863
v 0.0790649141 -0.002339399 -0.107603607 0.705882 0.470588 0.156863
v 0.0791942921 -0.00232492182 -0.105834436 0.705882 0.470588 0.156863
v 0.0793127182 -0.00229372248 -0.1040648 0.705882 0.470588 0.156863
v 0.0794049418 -0.00232104654 -0.102293332 0.470588 0.470588 0.470588
v 0.0794836531 -0.00231038822 -0.100521051 0.470588 0.470588 0.470588
v 0.0795587294 -0.00229731265 -0.0987486113 0.470588 0.470588 0.470588
v 0.0796315678 -0.00229793688 -0.0969760264 0.470588 0.470588 0.470588
v 0.0797026059 -0.00232318169 -0.0952035787 0.470588 0.470588 0.470588
v 0.0797764756 -0.0023189563 -0.093431046 0.470588 0.470588 0.470588
v 0.0798367586 -0.00229776227 -0.091658143 1 0 0
v 0.0798892865 -0.00218549506 -0.0898888864 1 0 0
v 0.0799296627 -0.00225145258 -0.0881169859 1 0 0
v 0.0799651347 -0.0022989291 -0.0863445959 1 0 0
v 0.0799949408 -0.00233065765 -0.0845710823 1 0 0
v 0.0800145511 -0.00230343182 -0.082797327 1 0 0
v 0.0800293725 -0.00231404631 -0.0810234958 1 0 0
v 0.0800415599 -0.00229350412 -0.0792496472 1 0 0
v 0.0800463779 -0.00231794393 -0.0774758961 0 1 0
v 0.0800412047 -0.00226913213 -0.0757031225 0 1 0
v 0.0800294419 -0.00223364635 -0.073929628 0 1 0
v 0.0800144149 -0.00227263628 -0.0721575434 0 1 0
v 0.079996246 -0.00229112122 -0.070384629 0 1 0
v 0.0799727129 -0.00229406757 -0.0686107308 0 1 0
v 0.0799481548 -0.00230729697 -0.0668369127 0 0.501961 1
v 0.0799219331 -0.00232984519 -0.0650631791 0 0.501961 1
v 0.0798895628 -0.00234134416 -0.06328944 0 0.501961 1
v 0.079841165 -0.00234140812 -0.0615160172 0 0.501961 1
v 0.0797809701 -0.00233751407 -0.0597429862 0 0.501961 1
v 0.0797076904 -0.00231962618 -0.0579705056 0 0.501961 1
v 0.079637214 -0.00233893292 -0.0561980696 0 0.501961 1
v 0.0795614795 -0.00233363659 -0.0544256222 0 0.501961 1
v 0.0794865672 -0.00232238282 -0.0526531621 1 0.784314 0
v 0.0794098834 -0.00232827082 -0.0508808108 1 0.784314 0
v 0.0793312357 -0.00233868147 -0.0491085218 1 0.784314 0
v 0.0792512647 -0.00233906007 -0.047336242 1 0.784314 0
v 0.0791657846 -0.00233589349 -0.0455642441 1 0.784314 0
v 0.0790726586 -0.00231216226 -0.0437927695 1 0.784314 0
v 0.0789699818 -0.00229200471 -0.0420221118 0.705882 0 1
v 0.0788568082 -0.00230239986 -0.0402519856 0.705882 0 1
v 0.0787374003 -0.00233174674 -0.0384822143 0.705882 0 1
v 0.0786149488 -0.00231983381 -0.0367124974 0.705882 0 1
v 0.078486853 -0.00229818756 -0.0349433582 0.705882 0 1
v 0.0783511972 -0.0023036285 -0.0331744952 0.705882 0 1
v 0.0782050632 -0.00231626056 -0.0314065206 0.705882 0 1
v 0.0780404437 -0.00232895748 -0.0296403085 0.705882 0 1
v 0.0778486973 -0.00229170487 -0.0278770127 0 0.862745 0.862745
v 0.0776206352 -0.00231270012 -0.0261177816 0 0.862745 0.862745
v 0.0773715766 -0.00231061168 -0.024361308 0 0.862745 0.862745
v 0.0771072652 -0.00230022784 -0.0226073314 0 0.862745 0.862745
v 0.0768378776 -0.00232708592 -0.0208547339 0 0.862745 0.862745
v 0.0765662453 -0.00227414613 -0.019102398 0 0.862745 0.862745
v 0.0762934495 -0.00229681951 -0.0173497804 0 0.862745 0.862745
v 0.0760228147 -0.00233717924 -0.0155971421 0 0.862745 0.862745
v 0.0757518191 -0.00233656104 -0.0138438849 1 0.470588 0
v 0.075480032 -0.00233824023 -0.0120907461 1 0.470588 0
v 0.0752088458 -0.00234054701 -0.010337514 1 0.470588 0
v 0.0749349049 -0.00232664723 -0.00858476654 1 0.470588 0
v 0.0746646315 -0.0023197378 -0.00683140953 1 0.470588 0
v 0.0743931312 -0.00230979991 -0.00507826497 1 0.470588 0
v 0.0741201066 -0.00228688604 -0.0033254833 1 0.470588 0
v 0.0738485549 -0.00230899696 -0.00157268113 1 0.470588 0
v 0.0735800373 -0.00232448618 0.000180806936 0.470588 1 0
v 0.0733126932 -0.0023289794 0.00193441256 0.470588 1 0
v 0.0730436342 -0.00231885484 0.00368791952 0.470588 1 0
v 0.0727745097 -0.00232957631 0.00544140941 0.470588 1 0
v 0.0725066466 -0.00232934784 0.00719498797 0.470588 1 0
v 0.0722397216 -0.00232939947 0.00894853183 0.470588 1 0
v 0.0719718107 -0.00233074824 0.0107021339 1 0 0.705882
v 0.0717037139 -0.00229727687 0.0124554048 1 0 0.705882
v 0.0714363909 -0.00223883391 0.0142081293 1 0 0.705882
v 0.071168229 -0.00219453578 0.0159609096 1 0 0.705882
v 0.0708974059 -0.00223712297 0.0177129759 1 0 0.705882
v 0.0706271403 -0.00233373672 0.0194628049 1 0 0.705882
v 0.0703567875 -0.00232118924 0.0212161075 1 0 0.705882
v 0.0700870524 -0.0023091759 0.0229694311 1 0 0.705882
v 0.0698069275 -0.00233510966 0.0247208078 0.313725 0.313725 1
v 0.0694410391 -0.00230994264 0.0264554532 0.313725 0.313725 1
v 0.0688816847 -0.00232728626 0.0281340918 0.313725 0.313725 1
v 0.0680497964 -0.00233683537 0.0296895089 0.313725 0.313725 1
v 0.0668864138 -0.00232854084 0.0310181429 0.313725 0.313725 1
v 0.0654616994 -0.00232779807 0.0320691791 0.313725 0.313725 1
v 0.0639103277 -0.00232724542 0.032928709 0.313725 0.313725 1
v 0.0623161291 -0.00232153934 0.0337069577 0.313725 0.313725 1
v 0.0607135622 -0.00231050818 0.0344649329 0.313725 0.313725 1
v 0.0591070956 -0.002202928 0.0352083856 0.313725 0.313725 1
v 0.0574955175 -0.00220379124 0.0359501199 0.705882 0.470588 0.156863
v 0.0558826064 -0.00230569521 0.0366817472 0.705882 0.470588 0.156863
v 0.0542714198 -0.00231404631 0.0374232962 0.705882 0.470588 0.156863
v 0.0526617153 -0.00233618197 0.038168632 0.705882 0.470588 0.156863
v 0.051052485 -0.00233905169 0.0389154567 0.705882 0.470588 0.156863
v 0.049439931 -0.00232721002 0.0396548888 0.705882 0.470588 0.156863
v 0.0478289416 -0.00231844327 0.0403977432 0.470588 0.470588 0.470588
v 0.0462191832 -0.00231993179 0.0411433434 0.470588 0.470588 0.470588
v 0.0446106059 -0.00233371194 0.0418913781 0.470588 0.470588 0.470588
v 0.0429971038 -0.00233463665 0.0426289275 0.470588 0.470588 0.470588
v 0.0413886863 -0.00231139808 0.0433770933 0.470588 0.470588 0.470588
v 0.0397778588 -0.00230741903 0.044120231 0.470588 0.470588 0.470588
v 0.0381666897 -0.00232423021 0.0448626032 0.470588 0.470588 0.470588
v 0.0365537632 -0.00233804531 0.0456012067 0.470588 0.470588 0.470588
v 0.034947 -0.00234159761 0.0463533127 0.470588 0.470588 0.470588
v 0.0775081631 -0.00017013805 -0.123478864 0.313725 0.313725 1
v 0.0777217589 -0.000170102541 -0.121717506 0.313725 0.313725 1
v 0.0779293708 -0.00016757414 -0.119955445 0.313725 0.313725 1
v 0.078135445 -0.000162471618 -0.118193265 0.313725 0.313725 1
v 0.0783273497 -0.000155591004 -0.116429524 0.313725 0.313725 1
v 0.0785050089 -0.000156705189 -0.114664246 0.313725 0.313725 1
v 0.0786627132 -0.00017001981 -0.112897127 0.705882 0.470588 0.156863
v 0.0788071035 -0.00017001981 -0.111128751 0.705882 0.470588 0.156863
v 0.0789467551 -0.000169965644 -0.109359998 0.705882 0.470588 0.156863
v 0.0790841071 -0.000169965644 -0.107591061 0.705882 0.470588 0.156863
v 0.0792159289 -0.000165849405 -0.105821739 0.705882 0.470588 0.156863
v 0.0793271841 -0.000165345377 -0.104050987 0.705882 0.470588 0.156863
v 0.0794237696 -0.000159687476 -0.102279395 0.470588 0.470588 0.470588
v 0.079500042 -0.000168727198 -0.100506842 0.470588 0.470588 0.470588
v 0.0795714809 -0.000164908806 -0.0987340446 0.470588 0.470588 0.470588
v 0.0796448506 -0.000166487011 -0.0969613051 0.470588 0.470588 0.470588
v 0.0797187608 -0.00016815199 -0.0951885928 0.470588 0.470588 0.470588
v 0.079794168 -0.000169946365 -0.0934159485 0.470588 0.470588 0.470588
v 0.0798595479 -0.000163255906 -0.0916429394 1 0 0
v 0.0799105505 -0.000151832519 -0.0898696834 1 0 0
v 0.0799524181 -0.000162164884 -0.0880961804 1 0 0
v 0.0799862798 -0.000164231791 -0.0863222931 1 0 0
v 0.0800123358 -0.000152360235 -0.0845485247 1 0 0
v 0.080030902 -0.000150618691 -0.0827743628 1 0 0
v 0.0800462215 -0.000162001112 -0.0810003809 1 0 0
v 0.0800601743 -0.000159563954 -0.0792261954 1 0 0
v 0.0800648035 -0.000163758728 -0.07745198 0 1 0
v 0.0800579865 -0.000153702664 -0.0756779671 0 1 0
v 0.0800445712 -0.000151475611 -0.073903768 0 1 0
v 0.0800296524 -0.000162721364 -0.072129918 0 1 0
v 0.0800116925 -0.000161146027 -0.070355769 0 1 0
v 0.0799871939 -0.000161215166 -0.0685816803 0 1 0
v 0.0799619585 -0.000162049263 -0.0668075988 0 0.501961 1
v 0.0799366949 -0.000167441456 -0.0650335545 0 0.501961 1
v 0.079905831 -0.000170062431 -0.0632595822 0 0.501961 1
v 0.0798568617 -0.000170002514 -0.0614859989 0 0.501961 1
v 0.0798001288 -0.000170062796 -0.0597126427 0 0.501961 1
v 0.0797244793 -0.00017002997 -0.0579399935 0 0.501961 1
v 0.0796557221 -0.000170023902 -0.0561670657 0 0.501961 1
v 0.0795782635 -0.000170117248 -0.0543945044 0 0.501961 1
v 0.0795019119 -0.000170133848 -0.0526218885 1 0.784314 0
v 0.0794264014 -0.000169774425 -0.0508492454 1 0.784314 0
v 0.0793499368 -0.000170091836 -0.0490766313 1 0.784314 0
v 0.0792687953 -0.000170091836 -0.0473042252 1 0.784314 0
v 0.0791836494 -0.000166106398 -0.0455320507 1 0.784314 0
v 0.0790886239 -0.000166106398 -0.0437603337 1 0.784314 0
v 0.0789839928 -0.00014332026 -0.0419901958 0.705882 0 1
v 0.0788709154 -0.000165553643 -0.0402202583 0.705882 0 1
v 0.0787523771 -0.000161175136 -0.0384500752 0.705882 0 1
v 0.0786283875 -0.000161175136 -0.0366801507 0.705882 0 1
v 0.0784978099 -0.00016672591 -0.0349107305 0.705882 0 1
v 0.0783576878 -0.000166778188 -0.0331420099 0.705882 0 1
v 0.0782153522 -0.000165887546 -0.0313734731 0.705882 0 1
v 0.0780501518 -0.000150192005 -0.0296073906 0.705882 0 1
v 0.0778497623 -0.000153660296 -0.0278445387 0 0.862745 0.862745
v 0.077623748 -0.000154325716 -0.0260847536 0 0.862745 0.862745
v 0.0773740641 -0.000156755257 -0.024328164 0 0.862745 0.862745
v 0.077110806 -0.000162670629 -0.0225736135 0 0.862745 0.862745
v 0.0768420777 -0.000157084765 -0.0208198436 0 0.862745 0.862745
v 0.0765690777 -0.000164710308 -0.0190667305 0 0.862745 0.862745
v 0.0762954084 -0.000164641121 -0.0173137005 0 0.862745 0.862745
v 0.0760268622 -0.000163315483 -0.0155598806 0 0.862745 0.862745
v 0.0757573495 -0.000165922155 -0.0138062259 1 0.470588 0
v 0.0754834691 -0.000169532352 -0.0120532593 1 0.470588 0
v 0.0752121562 -0.00016942058 -0.0102998639 1 0.470588 0
v 0.0749371232 -0.000168747302 -0.00854704968 1 0.470588 0
v 0.0746667258 -0.000168736589 -0.00679351629 1 0.470588 0
v 0.0743957357 -0.000168736589 -0.00504006994 1 0.470588 0
v 0.0741218708 -0.000167483942 -0.00328707227 1 0.470588 0
v 0.073851315 -0.000166660462 -0.00153356712 1 0.470588 0
v 0.073582765 -0.000164755397 0.000220241589 0.470588 1 0
v 0.0733151925 -0.000156485905 0.0019736288 0.470588 1 0
v 0.07304574 -0.000166004875 0.00372722775 0.470588 1 0
v 0.0727769938 -0.000167281255 0.00548101574 0.470588 1 0
v 0.0725090251 -0.000164154177 0.00723483934 0.470588 1 0
v 0.0722400428 -0.000164154177 0.00898859292 0.470588 1 0
v 0.0719732569 -0.000159050911 0.0107426475 1 0 0.705882
v 0.0717053231 -0.000156729543 0.0124965588 1 0 0.705882
v 0.0714371875 -0.000152747351 0.0142504338 1 0 0.705882
v 0.0711672028 -0.000154148847 0.0160040346 1 0 0.705882
v 0.0708965078 -0.000160477339 0.0177574743 1 0 0.705882
v 0.0706259642 -0.000168682603 0.0195109213 1 0 0.705882
v 0.0703577672 -0.000167815582 0.0212647944 1 0 0.705882
v 0.0700862455 -0.000163414176 0.0230181242 1 0 0.705882
v 0.0698081836 -0.000163975626 0.0247704584 0.313725 0.313725 1
v 0.0694682787 -0.000165542388 0.0265117885 0.313725 0.313725 1
v 0.0689512961 -0.000165705637 0.0282077542 0.313725 0.313725 1
v 0.0681049657 -0.000169832417 0.0297622613 0.313725 0.313725 1
v 0.0669210125 -0.000169134389 0.0310781196 0.313725 0.313725 1
v 0.0654832163 -0.000169666916 0.0321149915 0.313725 0.313725 1
v 0.063927383 -0.000169019685 0.0329676543 0.313725 0.313725 1
v 0.0623295283 -0.000167225924 0.0337388084 0.313725 0.313725 1
v 0.0607234438 -0.000161544323 0.0344926877 0.313725 0.313725 1
v 0.059111929 -0.000163638136 0.035234976 0.313725 0.313725 1
v 0.0574985408 -0.000166497595 0.0359731314 0.705882 0.470588 0.156863
v 0.0558864973 -0.000163494418 0.0367142587 0.705882 0.470588 0.156863
v 0.0542735266 -0.000160010843 0.0374533622 0.705882 0.470588 0.156863
v 0.0526660504 -0.00016642299 0.0382042484 0.705882 0.470588 0.156863
v 0.0510568861 -0.00016642299 0.038951622 0.705882 0.470588 0.156863
v 0.049446501 -0.000168507982 0.0396962895 0.705882 0.470588 0.156863
v 0.0478346742 -0.000168507982 0.0404379189 0.470588 0.470588 0.470588
v 0.0462238909 -0.000168792214 0.0411817642 0.470588 0.470588 0.470588
v 0.0446144831 -0.000169127206 0.0419286016 0.470588 0.470588 0.470588
v 0.0430029985 -0.00016802178 0.0426709715 0.470588 0.470588 0.470588
v 0.0413914932 -0.000165129018 0.0434132468 0.470588 0.470588 0.470588
v 0.0397803723 -0.000164536228 0.0441563721 0.470588 0.470588 0.470588
v 0.0381676116 -0.000167814175 0.0448959368 0.470588 0.470588 0.470588
v 0.036555292 -0.00016956578 0.0456364422 0.470588 0.470588 0.470588
v 0.034947 -0.0001701091 0.0463856898 0.470588 0.470588 0.470588
v 0.0774973234 0.00200152675 -0.123478676 0.313725 0.313725 1
v 0.0777066633 0.00200147439 -0.121716802 0.313725 0.313725 1
v 0.0779125895 0.00197914213 -0.119954689 0.313725 0.313725 1
v 0.0781131249 0.00195404657 -0.118193024 0.313725 0.313725 1
v 0.0783068523 0.00189318693 -0.116431117 0.313725 0.313725 1
v 0.0784844665 0.0019267018 -0.114666109 0.313725 0.313725 1
v 0.0786379509 0.00198390752 -0.112899541 0.705882 0.470588 0.156863
v 0.078783884 0.00199719401 -0.111131682 0.705882 0.470588 0.156863
v 0.0789248669 0.00199594124 -0.109363029 0.705882 0.470588 0.156863
v 0.0790621367 0.00200028397 -0.107594087 0.705882 0.470588 0.156863
v 0.0791915586 0.001986189 -0.105824709 0.705882 0.470588 0.156863
v 0.0793052956 0.00196866104 -0.104054275 0.705882 0.470588 0.156863
v 0.0793983451 0.00198278462 -0.102282511 0.470588 0.470588 0.470588
v 0.0794728233 0.00193924976 -0.100510447 0.470588 0.470588 0.470588
v 0.0795416501 0.00196047308 -0.0987379608 0.470588 0.470588 0.470588
v 0.0796109963 0.00197411795 -0.0969651983 0.470588 0.470588 0.470588
v 0.0796826793 0.0019853038 -0.0951924238 0.470588 0.470588 0.470588
v 0.0797523962 0.00199065505 -0.0934197365 0.470588 0.470588 0.470588
v 0.0798255821 0.00191437547 -0.0916486212 1 0 0
v 0.0798861305 0.00185337527 -0.0898764548 1 0 0
v 0.0799310902 0.0019035513 -0.0881043141 1 0 0
v 0.0799645085 0.00196266379 -0.0863314765 1 0 0
v 0.0799898467 0.00194521198 -0.0845586262 1 0 0
v 0.0800107865 0.00195528154 -0.0827848536 1 0 0
v 0.0800287474 0.00198437689 -0.081010923 1 0 0
v 0.0800382895 0.00199496042 -0.0792368571 1 0 0
v 0.0800369075 0.00198714876 -0.0774626302 0 1 0
v 0.0800300304 0.001943305 -0.0756889988 0 1 0
v 0.080017435 0.0018769064 -0.0739162545 0 1 0
v 0.0799992651 0.00193761407 -0.0721449921 0 1 0
v 0.0799789138 0.00195994305 -0.0703738014 0 1 0
v 0.0799587651 0.00192581664 -0.0686006964 0 1 0
v 0.0799367654 0.00195362979 -0.0668268023 0 0.501961 1
v 0.0799100997 0.00199241174 -0.0650532763 0 0.501961 1
v 0.0798796115 0.00200128446 -0.0632793047 0 0.501961 1
v 0.0798352726 0.0019952118 -0.061505608 0 0.501961 1
v 0.0797757462 0.00200024459 -0.0597323504 0 0.501961 1
v 0.0797057042 0.00200104794 -0.057959469 0 0.501961 1
v 0.0796357947 0.00200090104 -0.0561865797 0 0.501961 1
v 0.0795582086 0.00200065357 -0.0544140148 0 0.501961 1
v 0.0794823358 0.0019926456 -0.0526414003 1 0.784314 0
v 0.0794064775 0.00199416575 -0.050868783 1 0.784314 0
v 0.0793273119 0.00200049105 -0.0490963004 1 0.784314 0
v 0.0792462384 0.00200051705 -0.047323887 1 0.784314 0
v 0.0791619503 0.00199556078 -0.0455516588 1 0.784314 0
v 0.0790684083 0.00198605013 -0.0437798988 1 0.784314 0
v 0.0789641394 0.00199098917 -0.0420087116 0.705882 0 1
v 0.078852343 0.00198066067 -0.0402380085 0.705882 0 1
v 0.0787332557 0.00192271429 -0.0384687877 0.705882 0 1
v 0.0786063495 0.00188281212 -0.0367001939 0.705882 0 1
v 0.0784727594 0.00197829753 -0.0349344554 0.705882 0 1
v 0.0783317558 0.00199384166 -0.0331658721 0.705882 0 1
v 0.0781911216 0.0019861003 -0.0313972413 0.705882 0 1
v 0.078031647 0.00192427191 -0.0296320371 0.705882 0 1
v 0.0778384001 0.00194582224 -0.0278685745 0 0.862745 0.862745
v 0.0776166099 0.00197091032 -0.0261085653 0 0.862745 0.862745
v 0.0773684184 0.00196259773 -0.0243518876 0 0.862745 0.862745
v 0.0771049433 0.00199318295 -0.0225975655 0 0.862745 0.862745
v 0.0768348818 0.00197741221 -0.0208441776 0 0.862745 0.862745
v 0.0765627043 0.00199849548 -0.0190911858 0 0.862745 0.862745
v 0.076288433 0.00198120981 -0.0173383744 0 0.862745 0.862745
v 0.0760175242 0.00197868104 -0.0155849319 0 0.862745 0.862745
v 0.0757472501 0.00199214579 -0.0138314563 1 0.470588 0
v 0.0754726264 0.00199677186 -0.0120787099 1 0.470588 0
v 0.0752005431 0.00199746859 -0.0103254373 1 0.470588 0
v 0.0749270945 0.00199038353 -0.00857240769 1 0.470588 0
v 0.0746550202 0.00198407557 -0.00681915608 1 0.470588 0
v 0.0743825295 0.00198929187 -0.00506595421 1 0.470588 0
v 0.074109802 0.00198813569 -0.00331277886 1 0.470588 0
v 0.0738380792 0.00197477278 -0.00155953946 1 0.470588 0
v 0.0735689637 0.00195223715 0.000194017492 0.470588 1 0
v 0.0732995793 0.00196391205 0.00194763759 0.470588 1 0
v 0.0730306648 0.00198410421 0.00370128675 0.470588 1 0
v 0.0727649095 0.00188703348 0.00545230176 0.470588 1 0
v 0.0724936784 0.00196614303 0.00720367579 0.470588 1 0
v 0.0722247943 0.00198124014 0.00895727942 0.470588 1 0
v 0.07195877 0.00195209474 0.0107109765 1 0 0.705882
v 0.0716927807 0.00192820652 0.0124648569 1 0 0.705882
v 0.0714256767 0.00188089456 0.014218265 1 0 0.705882
v 0.0711586917 0.00188676973 0.0159720425 1 0 0.705882
v 0.0708904351 0.0019199025 0.0177243203 1 0 0.705882
v 0.0706198785 0.00199039843 0.0194756683 1 0 0.705882
v 0.0703521411 0.00199891942 0.0212295919 1 0 0.705882
v 0.0700827193 0.00197210562 0.022982862 1 0 0.705882
v 0.0697954383 0.00195440261 0.0247334067 0.313725 0.313725 1
v 0.0694229187 0.00195779524 0.0264667932 0.313725 0.313725 1
v 0.0689089163 0.00196704915 0.0281587288 0.313725 0.313725 1
v 0.0681060041 0.00199874798 0.0297389126 0.313725 0.313725 1
v 0.066939396 0.00197946642 0.031075539 0.313725 0.313725 1
v 0.0655003506 0.00199845269 0.032105223 0.313725 0.313725 1
v 0.0639318138 0.00200026483 0.0329343668 0.313725 0.313725 1
v 0.0623294494 0.00198584164 0.0336960197 0.313725 0.313725 1
v 0.0607225429 0.00197446596 0.0344479745 0.313725 0.313725 1
v 0.0591129806 0.00198822806 0.0351939928 0.313725 0.313725 1
v 0.0574993208 0.00195934896 0.035929457 0.705882 0.470588 0.156863
v 0.0558887512 0.00196941882 0.036672086 0.705882 0.470588 0.156863
v 0.0542781715 0.00197018443 0.0374157818 0.705882 0.470588 0.156863
v 0.0526695303 0.00196985539 0.0381641418 0.705882 0.470588 0.156863
v 0.0510608528 0.00198412402 0.0389121394 0.705882 0.470588 0.156863
v 0.0494508822 0.00198778443 0.0396572637 0.705882 0.470588 0.156863
v 0.0478385304 0.00197572586 0.0403975194 0.470588 0.470588 0.470588
v 0.0462261219 0.00198634575 0.0411377539 0.470588 0.470588 0.470588
v 0.0446177549 0.00199190235 0.0418867978 0.470588 0.470588 0.470588
v 0.0430068099 0.00197888636 0.0426301332 0.470588 0.470588 0.470588
v 0.0413952955 0.00196247746 0.0433720067 0.470588 0.470588 0.470588
v 0.0397842139 0.00200023626 0.0441141799 0.470588 0.470588 0.470588
v 0.0381717754 0.0019954142 0.0448544204 0.470588 0.470588 0.470588
v 0.0365591677 0.00199744487 0.045594328 0.470588 0.470588 0.470588
v 0.034947 0.002000934 0.0463351949 0.470588 0.470588 0.470588
v 0.0774604465 0.00417290226 -0.123478304 0.313725 0.313725 1
v 0.0776650246 0.00417234395 -0.121717469 0.313725 0.313725 1
v 0.0778658921 0.00415437758 -0.119956309 0.313725 0.313725 1
v 0.0780660951 0.00417107973 -0.118195199 0.313725 0.313725 1
v 0.0782590575 0.00416861927 -0.116433058 0.313725 0.313725 1
v 0.0784347144 0.00416723439 -0.114669132 0.313725 0.313725 1
v 0.0785939718 0.00415168372 -0.112903798 0.705882 0.470588 0.156863
v 0.0787403169 0.00412308725 -0.111137566 0.705882 0.470588 0.156863
v 0.0788771887 0.00415505739 -0.10937047 0.705882 0.470588 0.156863
v 0.0790104498 0.00416950387 -0.10760287 0.705882 0.470588 0.156863
v 0.0791363834 0.0041724354 -0.105834686 0.705882 0.470588 0.156863
v 0.0792464114 0.00417110042 -0.104065462 0.705882 0.470588 0.156863
v 0.0793365809 0.00416970556 -0.102295103 0.470588 0.470588 0.470588
v 0.0794125984 0.00416656521 -0.100524083 0.470588 0.470588 0.470588
v 0.0794799097 0.00415398653 -0.0987527395 0.470588 0.470588 0.470588
v 0.0795448294 0.00416107234 -0.0969812657 0.470588 0.470588 0.470588
v 0.079612296 0.00415671033 -0.0952098758 0.470588 0.470588 0.470588
v 0.0796801377 0.0041541255 -0.0934385004 0.470588 0.470588 0.470588
v 0.0797475707 0.00416032657 -0.0916671288 1 0 0
v 0.0798119449 0.00416518105 -0.0898956939 1 0 0
v 0.079867387 0.00415391421 -0.0881239369 1 0 0
v 0.0799086487 0.0041539905 -0.0863519504 1 0 0
v 0.0799408904 0.00416540042 -0.0845796463 1 0 0
v 0.0799635234 0.00414753448 -0.082807202 1 0 0
v 0.0799788498 0.00416422064 -0.0810347356 1 0 0
v 0.0799824833 0.00417059286 -0.0792621093 1 0 0
v 0.0799756976 0.00416806642 -0.0774894483 0 1 0
v 0.0799649535 0.00415390277 -0.075717038 0 1 0
v 0.0799494768 0.00416220555 -0.0739445803 0 1 0
v 0.079930939 0.00416615021 -0.0721720349 0 1 0
v 0.0799136611 0.00415705628 -0.0703994703 0 1 0
v 0.0798967582 0.00416099047 -0.0686268851 0 1 0
v 0.0798795559 0.00416228121 -0.066854299 0 0.501961 1
v 0.0798587968 0.00413880032 -0.0650820486 0 0.501961 1
v 0.0798261222 0.00413720508 -0.0633097855 0 0.501961 1
v 0.0797812226 0.00415005317 -0.0615377609 0 0.501961 1
v 0.0797243106 0.00417158352 -0.059766126 0 0.501961 1
v 0.07965484 0.00417162294 -0.0579948127 0 0.501961 1
v 0.079583863 0.00417198388 -0.0562235547 0 0.501961 1
v 0.0795085068 0.00417084849 -0.0544524796 0 0.501961 1
v 0.0794341958 0.00415452058 -0.052681461 1 0.784314 0
v 0.0793578632 0.00415511616 -0.0509104807 1 0.784314 0
v 0.0792802944 0.00416194483 -0.0491395144 1 0.784314 0
v 0.0792003323 0.0041675089 -0.04736865 1 0.784314 0
v 0.0791166303 0.00417079502 -0.045597963 1 0.784314 0
v 0.0790235776 0.00416986516 -0.0438277407 1 0.784314 0
v 0.0789185808 0.00415873133 -0.0420583014 1 0.784314 0
v 0.0788051758 0.00411594265 -0.0402897811 1 0.784314 0
v 0.0786802698 0.00409960262 -0.038521604 0.705882 0 1
v 0.078548593 0.00413127138 -0.036754188 0.705882 0 1
v 0.0784164538 0.00414726124 -0.0349865527 0.705882 0 1
v 0.0782825512 0.00416257782 -0.0332190475 0.705882 0 1
v 0.0781471869 0.00416718612 -0.0314515578 0.705882 0 1
v 0.0779960915 0.00416044598 -0.0296853535 0.705882 0 1
v 0.0778085622 0.0041685358 -0.0279226764 0.705882 0 1
v 0.0775894897 0.00416949984 -0.0261636655 0.705882 0 1
v 0.0773456202 0.00415768079 -0.024407972 0 0.862745 0.862745
v 0.077084933 0.00413452563 -0.0226547474 0 0.862745 0.862745
v 0.0768128831 0.00414507172 -0.0209030993 0 0.862745 0.862745
v 0.0765409903 0.00417027629 -0.0191515813 0 0.862745 0.862745
v 0.0762663977 0.0041636131 -0.0174003453 0 0.862745 0.862745
v 0.0759926101 0.00417039929 -0.0156489853 0 0.862745 0.862745
v 0.0757194057 0.00416665199 -0.0138974933 0 0.862745 0.862745
v 0.0754474511 0.00416267007 -0.0121458047 0 0.862745 0.862745
v 0.075174953 0.00416079588 -0.0103942034 1 0.470588 0
v 0.074902798 0.00415663573 -0.00864255541 1 0.470588 0
v 0.0746305309 0.00416018318 -0.00689091319 1 0.470588 0
v 0.0743585528 0.00415923794 -0.00513923521 1 0.470588 0
v 0.074086601 0.00415599993 -0.00338754749 1 0.470588 0
v 0.0738156401 0.00415588229 -0.00163572454 1 0.470588 0
v 0.0735452814 0.00416454572 0.00011610214 0.470588 1 0
v 0.0732753534 0.00414259984 0.001867892 0.470588 1 0
v 0.0730055864 0.00416805378 0.00361972348 0.470588 1 0
v 0.0727368611 0.00413561122 0.00537161361 0.470588 1 0
v 0.0724686063 0.00411499127 0.00712373848 0.470588 1 0
v 0.0721996917 0.00415187291 0.00887535924 0.470588 1 0
v 0.0719323479 0.00416293168 0.0106274197 1 0 0.705882
v 0.0716661275 0.00415680997 0.0123799792 1 0 0.705882
v 0.0713997778 0.00414252524 0.0141324731 1 0 0.705882
v 0.0711341521 0.00414133875 0.0158851256 1 0 0.705882
v 0.0708689226 0.00412899922 0.0176371608 1 0 0.705882
v 0.0706018761 0.00416897476 0.0193889565 1 0 0.705882
v 0.0703342879 0.00416922469 0.0211413031 1 0 0.705882
v 0.0700656162 0.00415644199 0.0228934348 1 0 0.705882
v 0.0697806701 0.0041549913 0.0246428051 0.313725 0.313725 1
v 0.0694338503 0.00416568891 0.0263800447 0.313725 0.313725 1
v 0.0688954796 0.00414968054 0.0280633715 0.313725 0.313725 1
v 0.0680577638 0.00416482727 0.0296132909 0.313725 0.313725 1
v 0.066909971 0.00416640591 0.0309537036 0.313725 0.313725 1
v 0.0654698806 0.00416616597 0.0319839326 0.313725 0.313725 1
v 0.0639073942 0.00416647199 0.0328206496 0.313725 0.313725 1
v 0.0623064927 0.00416289359 0.0335818497 0.313725 0.313725 1
v 0.0606990498 0.00416466844 0.0343290854 0.313725 0.313725 1
v 0.0590881571 0.00414619028 0.0350686477 0.313725 0.313725 1
v 0.0574806959 0.00409940832 0.0358143987 0.705882 0.470588 0.156863
v 0.0558694978 0.00415336989 0.036550657 0.705882 0.470588 0.156863
v 0.0542619686 0.00416338585 0.0372972124 0.705882 0.470588 0.156863
v 0.052656401 0.00414606797 0.0380483265 0.705882 0.470588 0.156863
v 0.0510485043 0.00413378826 0.0387944921 0.705882 0.470588 0.156863
v 0.04944016 0.00413044989 0.0395396825 0.705882 0.470588 0.156863
v 0.0478272838 0.00415536789 0.04027463 0.470588 0.470588 0.470588
v 0.0462174425 0.00413606135 0.0410162136 0.470588 0.470588 0.470588
v 0.0446094625 0.00415076097 0.0417622485 0.470588 0.470588 0.470588
v 0.0430015244 0.00415955401 0.0425084429 0.470588 0.470588 0.470588
v 0.0413924784 0.0041600043 0.0432522411 0.470588 0.470588 0.470588
v 0.0397821125 0.00416646533 0.0439932034 0.470588 0.470588 0.470588
v 0.0381718201 0.00416799858 0.0447343029 0.470588 0.470588 0.470588
v 0.0365637939 0.00416624498 0.0454803424 0.470588 0.470588 0.470588
v 0.034947 0.00416936087 0.0462071954 0.470588 0.470588 0.470588
v 0.077396518 0.00634364657 -0.123477873 0 1 0
v 0.077603418 0.00634275159 -0.121685909 0 1 0
v 0.0778088528 0.0063347889 -0.119893797 0 1 0
v 0.0780141175 0.00633892057 -0.118101661 0 1 0
v 0.07820961 0.00631978407 -0.11630855 0 1 0
v 0.0783917656 0.00633137671 -0.114514062 0 1 0
v 0.0785532478 0.00631347972 -0.112717549 0 0.501961 1
v 0.0786988251 0.00634178737 -0.110919802 0 0.501961 1
v 0.0788372609 0.00633835694 -0.109121276 0 0.501961 1
v 0.0789694611 0.00634122882 -0.107322277 0 0.501961 1
v 0.0790924298 0.0063427883 -0.10552261 0 0.501961 1
v 0.0791974002 0.00634271028 -0.103721826 0 0.501961 1
v 0.0792859635 0.00634046284 -0.101920148 1 0.784314 0
v 0.0793612816 0.00633159594 -0.100117893 1 0.784314 0
v 0.0794270333 0.00632381137 -0.0983152787 1 0.784314 0
v 0.0794900293 0.00633263586 -0.0965125326 1 0.784314 0
v 0.0795547599 0.00632867893 -0.0947098471 1 0.784314 0
v 0.0796197773 0.00633578781 -0.0929071788 1 0.784314 0
v 0.0796862693 0.00634022747 -0.0911045571 0.705882 0 1
v 0.0797511115 0.00633994729 -0.0893018556 0.705882 0 1
v 0.0798085874 0.00634115027 -0.0874989116 0.705882 0 1
v 0.0798535306 0.00634049033 -0.0856956475 0.705882 0 1
v 0.0798876164 0.00634271822 -0.0838921039 0.705882 0 1
v 0.079905888 0.00633233205 -0.0820883703 0.705882 0 1
v 0.0799147809 0.00634147168 -0.0802845865 0.705882 0 1
v 0.0799065803 0.00633481286 -0.078480758 0.705882 0 1
v 0.0798929273 0.00633975719 -0.0766769511 0 0.862745 0.862745
v 0.0798789792 0.00633939067 -0.0748731358 0 0.862745 0.862745
v 0.0798623222 0.00632445171 -0.0730694055 0 0.862745 0.862745
v 0.0798458782 0.00633686804 -0.0712656601 0 0.862745 0.862745
v 0.0798310661 0.00634151602 -0.0694618615 0 0.862745 0.862745
v 0.0798170762 0.00634146678 -0.0676580489 0 0.862745 0.862745
v 0.0797997288 0.00634002237 -0.0658542678 1 0.470588 0
v 0.0797734579 0.00632743714 -0.0640506981 1 0.470588 0
v 0.0797335153 0.00631529477 -0.062247417 1 0.470588 0
v 0.0796772747 0.00629868108 -0.0604446413 1 0.470588 0
v 0.0796087545 0.00633334337 -0.0586424943 1 0.470588 0
v 0.0795371504 0.00634030187 -0.0568400675 1 0.470588 0
v 0.0794635572 0.00634265252 -0.0550377031 1 0.470588 0
v 0.079389136 0.00632748631 -0.0532355158 1 0.470588 0
v 0.0793137397 0.00631196405 -0.051433427 0.470588 1 0
v 0.0792370006 0.0063145047 -0.0496312024 0.470588 1 0
v 0.0791578981 0.00632339862 -0.0478290935 0.470588 1 0
v 0.0790762316 0.00632470227 -0.0460271686 0.470588 1 0
v 0.078982067 0.00632844203 -0.0442260051 0.470588 1 0
v 0.0788746759 0.00632978958 -0.0424254943 0.470588 1 0
v 0.0787593102 0.00630183965 -0.0406256604 0.470588 1 0
v 0.0786308194 0.00633171719 -0.0388266313 0.470588 1 0
v 0.0784978036 0.00633089568 -0.037027725 1 0 0.705882
v 0.0783641045 0.00630530773 -0.035229001 1 0 0.705882
v 0.0782311987 0.00631561206 -0.0334302123 1 0 0.705882
v 0.078094948 0.00633782588 -0.0316316915 1 0 0.705882
v 0.0779447963 0.00634207543 -0.0298341406 1 0 0.705882
v 0.0777675813 0.00634175587 -0.0280390464 1 0 0.705882
v 0.0775501511 0.00633782567 -0.0262483331 1 0 0.705882
v 0.0773058564 0.00634131402 -0.0244611304 1 0 0.705882
v 0.0770416203 0.0063416973 -0.0226767397 0.313725 0.313725 1
v 0.0767657547 0.00633487108 -0.0208941057 0.313725 0.313725 1
v 0.0764876315 0.00634306092 -0.0191118251 0.313725 0.313725 1
v 0.0762084338 0.00633729924 -0.0173297044 0.313725 0.313725 1
v 0.0759299353 0.00634328539 -0.0155474881 0.313725 0.313725 1
v 0.0756518784 0.00634056127 -0.0137651834 0.313725 0.313725 1
v 0.0753753208 0.00633376531 -0.0119826603 0.705882 0.470588 0.156863
v 0.0750985423 0.00633408907 -0.0102001545 0.705882 0.470588 0.156863
v 0.0748226329 0.0063276013 -0.00841752844 0.705882 0.470588 0.156863
v 0.0745458369 0.00634037104 -0.00663506793 0.705882 0.470588 0.156863
v 0.0742698338 0.00633716844 -0.00485245508 0.705882 0.470588 0.156863
v 0.0739940495 0.0063384879 -0.00306980362 0.705882 0.470588 0.156863
v 0.073718318 0.0063381402 -0.00128713522 0.470588 0.470588 0.470588
v 0.0734428815 0.00633993298 0.000495579158 0.470588 0.470588 0.470588
v 0.0731679455 0.00634208457 0.00227837168 0.470588 0.470588 0.470588
v 0.0728933556 0.00633855326 0.00406119863 0.470588 0.470588 0.470588
v 0.0726189328 0.00632806267 0.00584399855 0.470588 0.470588 0.470588
v 0.0723457766 0.00629470135 0.00762675374 0.470588 0.470588 0.470588
v 0.0720706141 0.00633621995 0.00940890227 1 0 0
v 0.0717987066 0.00631708518 0.0111920583 1 0 0
v 0.0715264018 0.00630285039 0.0129751819 1 0 0
v 0.071254585 0.00632459549 0.0147582378 1 0 0
v 0.0709831923 0.00632731919 0.0165415588 1 0 0
v 0.0707125367 0.00634372815 0.0183249028 1 0 0
v 0.0704415619 0.00634300259 0.020108303 1 0 0
v 0.0701711146 0.00633233343 0.0218917483 1 0 0
v 0.0698850839 0.0063354052 0.0236727459 0 1 0
v 0.0695640027 0.00633505103 0.0254476337 0 1 0
v 0.0690785054 0.00633093787 0.0271806606 0 1 0
v 0.068383783 0.00632528311 0.028834209 0 1 0
v 0.0673725198 0.00630713766 0.0303255481 0 1 0
v 0.0659715709 0.00632856431 0.0314615937 0 1 0
v 0.0644055421 0.00633150469 0.0323551186 0 1 0
v 0.0627832543 0.00632320683 0.0331431451 0 1 0
v 0.0611497903 0.00632340305 0.0339084524 0 1 0
v 0.0595104968 0.00632367856 0.0346611638 0 1 0
v 0.0578733961 0.00629905239 0.0354177086 0 0.501961 1
v 0.0562323039 0.0063266663 0.0361646712 0 0.501961 1
v 0.0546006199 0.00632147036 0.0369334485 0 0.501961 1
v 0.0529626971 0.00632540854 0.0376891224 0 0.501961 1
v 0.0513220367 0.00632799417 0.0384388778 0 0.501961 1
v 0.0496861412 0.00631339592 0.0391987212 0 0.501961 1
v 0.0480486192 0.00632611265 0.0399549487 1 0.784314 0
v 0.0464123483 0.00630079655 0.0407134516 1 0.784314 0
v 0.0447784109 0.0063265247 0.0414771786 1 0.784314 0
v 0.0431433586 0.00633081382 0.042238971 1 0.784314 0
v 0.0415064071 0.0063188264 0.0429966942 1 0.784314 0
v 0.0398695078 0.00632214903 0.0437545399 1 0.784314 0
v 0.0382314244 0.00632164186 0.0445097838 1 0.784314 0
v 0.0365947053 0.00632141538 0.0452679932 1 0.784314 0
v 0.034947 0.00633202747 0.0460020391 1 0.784314 0
v 0.0773034579 0.00851333112 -0.123477506 0 1 0
v 0.0775126851 0.00851095848 -0.121688647 0 1 0
v 0.0777203689 0.00849667149 -0.11989968 0 1 0
v 0.0779278005 0.00850448371 -0.118110666 0 1 0
v 0.0781177421 0.00848831569 -0.116319756 0 1 0
v 0.0783000962 0.00850874775 -0.114528111 0 1 0
v 0.0784669062 0.0085114672 -0.112734821 0 0.501961 1
v 0.0786147639 0.00850769751 -0.110939854 0 0.501961 1
v 0.0787561701 0.00850944667 -0.109144357 0 0.501961 1
v 0.0788892972 0.0085122725 -0.107348239 0 0.501961 1
v 0.0790104264 0.00851287212 -0.105551259 0 0.501961 1
v 0.0791130663 0.00851312013 -0.10375317 0 0.501961 1
v 0.0792016616 0.00851018262 -0.101954297 1 0.784314 0
v 0.0792797227 0.00850236074 -0.100154965 1 0.784314 0
v 0.0793443859 0.00849231854 -0.0983551035 1 0.784314 0
v 0.0794075373 0.00849439123 -0.0965551571 1 0.784314 0
v 0.0794688805 0.00850441866 -0.0947551732 1 0.784314 0
v 0.0795293983 0.0085081954 -0.0929551503 1 0.784314 0
v 0.0795957357 0.0084992464 -0.0911553542 0.705882 0 1
v 0.0796592595 0.00850377228 -0.0893554226 0.705882 0 1
v 0.0797189726 0.00851022639 -0.0875553878 0.705882 0 1
v 0.0797683654 0.00850846377 -0.0857550313 0.705882 0 1
v 0.079800711 0.00851088027 -0.0839542807 0.705882 0 1
v 0.0798208432 0.00851143125 -0.0821533374 0.705882 0 1
v 0.0798248044 0.00850573714 -0.0803522988 0.705882 0 1
v 0.0798179783 0.00850503078 -0.0785512663 0.705882 0 1
v 0.0798046015 0.00850154492 -0.0767503368 0 0.862745 0.862745
v 0.0797916686 0.00848839364 -0.074949393 0 0.862745 0.862745
v 0.0797753908 0.00848614463 -0.0731484087 0 0.862745 0.862745
v 0.0797589156 0.00850494146 -0.0713475496 0 0.862745 0.862745
v 0.0797462808 0.00850168628 -0.0695465783 0 0.862745 0.862745
v 0.0797334491 0.008510554 -0.0677455914 0 0.862745 0.862745
v 0.0797186392 0.0085126762 -0.0659445985 1 0.470588 0
v 0.0796875233 0.00851145796 -0.0641438068 1 0.470588 0
v 0.0796448801 0.00850997921 -0.062343271 1 0.470588 0
v 0.0795873001 0.0085100598 -0.0605431523 1 0.470588 0
v 0.0795214344 0.00851187705 -0.0587432996 1 0.470588 0
v 0.0794548576 0.00851172713 -0.0569434749 1 0.470588 0
v 0.0793812207 0.0085120143 -0.0551439206 1 0.470588 0
v 0.0793071667 0.00849191037 -0.0533447203 1 0.470588 0
v 0.0792313454 0.00848895332 -0.0515456374 0.470588 1 0
v 0.0791545724 0.00849362387 -0.0497462745 0.470588 1 0
v 0.0790785785 0.00849677963 -0.0479468227 0.470588 1 0
v 0.0790000073 0.00849677773 -0.0461474832 0.470588 1 0
v 0.0789070594 0.00849953398 -0.0443490422 0.470588 1 0
v 0.0787981339 0.00850290775 -0.0425513139 0.470588 1 0
v 0.0786844622 0.0084932487 -0.0407539229 0.470588 1 0
v 0.078555997 0.00851145293 -0.038957554 0.470588 1 0
v 0.078425627 0.00850827278 -0.0371612407 1 0 0.705882
v 0.0782869619 0.0085014349 -0.0353655793 1 0 0.705882
v 0.0781541453 0.00851128466 -0.0335694604 1 0 0.705882
v 0.078018888 0.00850470718 -0.0317734995 1 0 0.705882
v 0.0778714489 0.00850849316 -0.0299785199 1 0 0.705882
v 0.0776961682 0.00851238373 -0.0281860694 1 0 0.705882
v 0.0774942141 0.00851396651 -0.0263964346 1 0 0.705882
v 0.0772580895 0.00851426365 -0.0246109902 1 0 0.705882
v 0.0769969632 0.00851450245 -0.0228289658 0.313725 0.313725 1
v 0.076727949 0.00851479582 -0.021048116 0.313725 0.313725 1
v 0.0764533661 0.008498524 -0.0192682679 0.313725 0.313725 1
v 0.0761768131 0.00848594598 -0.0174888355 0.313725 0.313725 1
v 0.0758990013 0.00850994744 -0.015709506 0.313725 0.313725 1
v 0.0756220423 0.00851397876 -0.0139298723 0.313725 0.313725 1
v 0.0753465373 0.00850076131 -0.0121500819 0.705882 0.470588 0.156863
v 0.0750705508 0.0085017246 -0.010370309 0.705882 0.470588 0.156863
v 0.0747972691 0.00849997211 -0.0085901169 0.705882 0.470588 0.156863
v 0.074520689 0.00850712154 -0.00681049827 0.705882 0.470588 0.156863
v 0.0742446751 0.00848261492 -0.00503092774 0.705882 0.470588 0.156863
v 0.0739676615 0.00847619028 -0.00325131684 0.705882 0.470588 0.156863
v 0.0736924296 0.00851167267 -0.00147176676 0.470588 0.470588 0.470588
v 0.073419672 0.00850440117 0.000308477075 0.470588 0.470588 0.470588
v 0.0731452339 0.00850729107 0.0020885027 0.470588 0.470588 0.470588
v 0.0728712198 0.00850293818 0.00386857098 0.470588 0.470588 0.470588
v 0.0725958999 0.00850435258 0.00564841067 0.470588 0.470588 0.470588
v 0.0723216058 0.00850904741 0.00742839218 0.470588 0.470588 0.470588
v 0.0720470685 0.00850563964 0.00920836485 0.470588 0.470588 0.470588
v 0.0717758749 0.0084895398 0.0109887938 0.470588 0.470588 0.470588
v 0.0715010429 0.00849310686 0.0127687517 1 0 0
v 0.071229616 0.0085042418 0.0145492067 1 0 0
v 0.0709558288 0.00851335357 0.0163293126 1 0 0
v 0.0706845726 0.00851377407 0.0181098271 1 0 0
v 0.0704127801 0.00851042216 0.0198902575 1 0 0
v 0.0701401471 0.0085148909 0.0216705511 1 0 0
v 0.0698516267 0.008513375 0.0234483434 1 0 0
v 0.0695078682 0.00850999587 0.0252159816 1 0 0
v 0.0690528485 0.00850683569 0.0269567603 0 1 0
v 0.0683688237 0.00849242935 0.028619966 0 1 0
v 0.0673320837 0.00849734763 0.0300856522 0 1 0
v 0.0659335075 0.00849155612 0.0312132505 0 1 0
v 0.0643658474 0.00848555772 0.0320990219 0 1 0
v 0.0627416207 0.00848139507 0.0328772712 0 1 0
v 0.0611092779 0.00848258 0.0336383092 0 1 0
v 0.0594727433 0.00848556984 0.0343903364 0 1 0
v 0.0578348088 0.00848634409 0.0351393256 0 0.501961 1
v 0.0561965559 0.00848650196 0.0358876058 0 0.501961 1
v 0.0545623755 0.00848511071 0.0366447425 0 0.501961 1
v 0.0529269597 0.00848248921 0.0373991838 0 0.501961 1
v 0.0512919994 0.00848177071 0.0381545827 0 0.501961 1
v 0.0496575007 0.00848391781 0.03891099 0 0.501961 1
v 0.0480247261 0.00848352928 0.0396711266 1 0.784314 0
v 0.0463888602 0.00847580053 0.0404245773 1 0.784314 0
v 0.0447578457 0.00848309398 0.0411884437 1 0.784314 0
v 0.0431283489 0.00848050922 0.0419555123 1 0.784314 0
v 0.0414952598 0.00847964175 0.0427149684 1 0.784314 0
v 0.0398612153 0.00848816476 0.0434723527 1 0.784314 0
v 0.038227948 0.00848627987 0.0442314496 1 0.784314 0
v 0.0365935405 0.00848631752 0.0449880887 1 0.784314 0
v 0.034947 0.00848595112 0.045717886 1 0.784314 0
v 0.0771746109 0.0106811612 -0.123477186 0 1 0
v 0.0773785441 0.0106794373 -0.121691574 0 1 0
v 0.0775808817 0.0106683819 -0.119905807 0 1 0
v 0.0777853552 0.0106708814 -0.118120266 0 1 0
v 0.0779762393 0.0106761654 -0.116333207 0 1 0
v 0.0781569673 0.0106771689 -0.114545087 0 1 0
v 0.0783280534 0.0106783647 -0.112756027 0 0.501961 1
v 0.0784837311 0.0106708584 -0.110965584 0 0.501961 1
v 0.0786316876 0.0106630347 -0.109174476 0 0.501961 1
v 0.0787676538 0.0106770335 -0.107382497 0 0.501961 1
v 0.0788951456 0.0106789556 -0.105589813 0 0.501961 1
v 0.078998381 0.0106779979 -0.103795601 0 0.501961 1
v 0.0790876851 0.0106781962 -0.102000612 1 0.784314 0
v 0.0791664504 0.0106670743 -0.100205156 1 0.784314 0
v 0.0792297165 0.0106634257 -0.098409045 1 0.784314 0
v 0.07929015 0.0106683456 -0.0966128426 1 0.784314 0
v 0.0793491348 0.010677793 -0.0948166094 1 0.784314 0
v 0.0794083176 0.0106790592 -0.0930203574 1 0.784314 0
v 0.0794723791 0.0106673825 -0.091224349 0.705882 0 1
v 0.0795345154 0.0106722029 -0.0894282117 0.705882 0 1
v 0.0795895924 0.0106781141 -0.0876318344 0.705882 0 1
v 0.0796437597 0.0106787442 -0.0858354324 0.705882 0 1
v 0.0796798574 0.0106750573 -0.0840385698 0.705882 0 1
v 0.0796947192 0.0106801042 -0.0822414072 0.705882 0 1
v 0.0797027768 0.0106729812 -0.0804442205 0.705882 0 1
v 0.0796986724 0.0106681585 -0.0786470247 0.705882 0 1
v 0.0796875973 0.0106702346 -0.0768498428 0 0.862745 0.862745
v 0.0796687364 0.0106747995 -0.0750527235 0 0.862745 0.862745
v 0.0796520789 0.0106688762 -0.0732555792 0 0.862745 0.862745
v 0.0796341213 0.0106752814 -0.0714584813 0 0.862745 0.862745
v 0.0796249208 0.0106602038 -0.0696613671 0 0.862745 0.862745
v 0.0796110268 0.0106667191 -0.0678642051 0 0.862745 0.862745
v 0.0795914961 0.0106749456 -0.0660671157 1 0.470588 0
v 0.0795660424 0.0106791379 -0.0642700965 1 0.470588 0
v 0.0795247477 0.0106769769 -0.0624733529 1 0.470588 0
v 0.079465146 0.0106720422 -0.0606771246 1 0.470588 0
v 0.0793982917 0.0106756425 -0.0588811515 1 0.470588 0
v 0.0793400058 0.0106760053 -0.0570848704 1 0.470588 0
v 0.0792685865 0.0106800552 -0.0552890629 1 0.470588 0
v 0.0791900589 0.0106647702 -0.053493629 1 0.470588 0
v 0.079116033 0.0106700176 -0.0516979362 0.470588 1 0
v 0.0790400936 0.0106700472 -0.0499023294 0.470588 1 0
v 0.0789636666 0.0106760589 -0.0481067382 0.470588 1 0
v 0.0788873993 0.0106771821 -0.0463111294 0.470588 1 0
v 0.0787996348 0.0106763814 -0.0445160471 0.470588 1 0
v 0.0786950705 0.0106755175 -0.0427218626 0.470588 1 0
v 0.0785846284 0.010662251 -0.0409280803 0.470588 1 0
v 0.0784515968 0.0106806514 -0.0391358758 0.470588 1 0
v 0.0783226856 0.0106792295 -0.0373432769 1 0 0.705882
v 0.0781804845 0.0106738531 -0.0355516885 1 0 0.705882
v 0.0780461251 0.0106721427 -0.0337594896 1 0 0.705882
v 0.0779056869 0.0106788666 -0.0319677661 1 0 0.705882
v 0.0777613022 0.0106799718 -0.0301763441 1 0 0.705882
v 0.0775976752 0.0106806723 -0.0283865794 1 0 0.705882
v 0.077409029 0.0106817382 -0.0265993227 1 0 0.705882
v 0.0771853148 0.0106840544 -0.0248161643 1 0 0.705882
v 0.0769414991 0.0106797714 -0.0230355828 0.313725 0.313725 1
v 0.0766809099 0.0106821696 -0.0212573441 0.313725 0.313725 1
v 0.0764104188 0.0106829392 -0.0194805837 0.313725 0.313725 1
v 0.0761372124 0.0106851423 -0.0177042397 0.313725 0.313725 1
v 0.0758630524 0.0106854326 -0.0159280428 0.313725 0.313725 1
v 0.0755860952 0.0106844174 -0.0141522787 0.313725 0.313725 1
v 0.0753097508 0.01067996 -0.0123764261 0.705882 0.470588 0.156863
v 0.0750345587 0.0106777644 -0.0106004108 0.705882 0.470588 0.156863
v 0.0747637156 0.0106828825 -0.00882371786 0.705882 0.470588 0.156863
v 0.0744866847 0.0106782242 -0.00704798092 0.705882 0.470588 0.156863
v 0.0742093159 0.0106587656 -0.00527244944 0.705882 0.470588 0.156863
v 0.0739320723 0.0106675263 -0.00349677707 0.705882 0.470588 0.156863
v 0.0736571477 0.0106820407 -0.0017207679 0.470588 0.470588 0.470588
v 0.0733839099 0.0106774786 5.55503377e-05 0.470588 0.470588 0.470588
v 0.0731102182 0.0106797995 0.00183180629 0.470588 0.470588 0.470588
v 0.0728375123 0.0106818221 0.0036082274 0.470588 0.470588 0.470588
v 0.0725628211 0.0106759258 0.00538430889 0.470588 0.470588 0.470588
v 0.0722888029 0.0106772516 0.00716049329 0.470588 0.470588 0.470588
v 0.0720178628 0.0106782422 0.00893716835 0.470588 0.470588 0.470588
v 0.0717468831 0.0106668186 0.0107137613 0.470588 0.470588 0.470588
v 0.0714716406 0.0106708618 0.0124897724 1 0 0
v 0.0712005215 0.0106768852 0.0142664263 1 0 0
v 0.0709256117 0.0106829739 0.0160424975 1 0 0
v 0.0706543411 0.0106842512 0.0178191354 1 0 0
v 0.0703801241 0.0106804682 0.0195953202 1 0 0
v 0.0701021932 0.010683024 0.0213709212 1 0 0
v 0.069803818 0.0106788237 0.023143193 1 0 0
v 0.0694504017 0.0106778822 0.0249050434 1 0 0
v 0.0689918606 0.010675599 0.0266421926 0 1 0
v 0.0682773201 0.010663441 0.0282882816 0 1 0
v 0.0672484222 0.0106564845 0.0297456288 0 1 0
v 0.0658616005 0.0106448579 0.0308708735 0 1 0
v 0.0643026177 0.0106398653 0.0317600395 0 1 0
v 0.0626867193 0.0106321256 0.0325463442 0 1 0
v 0.0610560519 0.0106177982 0.0333018144 0 1 0
v 0.0594227849 0.010602083 0.0340516224 0 1 0
v 0.057786242 0.0106071326 0.0347943731 0 0.501961 1
v 0.0561522354 0.0106168551 0.0355426487 0 0.501961 1
v 0.0545198731 0.0106263309 0.0362944278 0 0.501961 1
v 0.0528850751 0.0106185067 0.0370409507 0 0.501961 1
v 0.0512552932 0.0106284755 0.0377983884 0 0.501961 1
v 0.049624139 0.0106309531 0.0385529437 0 0.501961 1
v 0.0479933038 0.0106304906 0.0393081381 1 0.784314 0
v 0.046359653 0.010629321 0.0400572224 1 0.784314 0
v 0.0447292509 0.0106297155 0.0408133675 1 0.784314 0
v 0.0431067661 0.0106264961 0.041586374 1 0.784314 0
v 0.0414812791 0.0106110061 0.0423528968 1 0.784314 0
v 0.0398524011 0.0106149434 0.0431122011 1 0.784314 0
v 0.0382223257 0.0106245285 0.043869028 1 0.784314 0
v 0.0365910049 0.0106284742 0.0446231889 1 0.784314 0
v 0.034947 0.0106274912 0.0453493402 1 0.784314 0
v 0.0770029179 0.0128460047 -0.123476649 0 1 0
v 0.0771972522 0.0128445375 -0.121695306 0 1 0
v 0.0773906214 0.0128397311 -0.119913854 0 1 0
v 0.0775858757 0.0128414423 -0.118132614 0 1 0
v 0.0777804199 0.0128329357 -0.11635131 0 1 0
v 0.07795964 0.0128370001 -0.114568377 0 1 0
v 0.0781385089 0.0128356894 -0.112785403 0 0.501961 1
v 0.0782941104 0.0128430496 -0.111000273 0 0.501961 1
v 0.078452287 0.0128336481 -0.109215386 0 0.501961 1
v 0.078590423 0.0128439019 -0.107428845 0 0.501961 1
v 0.0787205346 0.0128396068 -0.105641674 0 0.501961 1
v 0.0788335795 0.0128437998 -0.103853339 0 0.501961 1
v 0.0789239478 0.0128472692 -0.102063725 1 0.784314 0
v 0.0790002379 0.0128374352 -0.100273485 1 0.784314 0
v 0.0790639921 0.0128372935 -0.0984827003 1 0.784314 0
v 0.0791229641 0.0128396692 -0.0966917543 1 0.784314 0
v 0.079184898 0.0128459828 -0.0949009254 1 0.784314 0
v 0.0792435982 0.0128450957 -0.0931099638 1 0.784314 0
v 0.079301316 0.0128432932 -0.0913189762 0.705882 0 1
v 0.0793640139 0.0128412151 -0.0895281541 0.705882 0 1
v 0.0794206285 0.01284191 -0.0877371258 0.705882 0 1
v 0.0794769916 0.0128450921 -0.0859460986 0.705882 0 1
v 0.0795143745 0.0128467402 -0.0841545681 0.705882 0 1
v 0.0795322326 0.0128465712 -0.0823627504 0.705882 0 1
v 0.0795408302 0.0128460932 -0.0805708467 0.705882 0 1
v 0.0795355907 0.0128440223 -0.0787789586 0.705882 0 1
v 0.0795180926 0.0128421572 -0.0769871243 0 0.862745 0.862745
v 0.0795007118 0.0128405378 -0.0751952926 0 0.862745 0.862745
v 0.0794815126 0.0128407191 -0.0734034803 0 0.862745 0.862745
v 0.0794610004 0.0128439635 -0.0716116975 0 0.862745 0.862745
v 0.0794465775 0.0128427392 -0.0698198333 0 0.862745 0.862745
v 0.0794286081 0.0128434984 -0.0680279998 0 0.862745 0.862745
v 0.0794062258 0.0128434824 -0.0662362185 1 0.470588 0
v 0.0793822779 0.0128336805 -0.0644444861 1 0.470588 0
v 0.0793457176 0.0128205804 -0.0626529851 1 0.470588 0
v 0.0792868863 0.0128326964 -0.0608621001 1 0.470588 0
v 0.0792243883 0.0128348034 -0.0590712814 1 0.470588 0
v 0.0791655335 0.012825336 -0.0572803531 1 0.470588 0
v 0.0791007957 0.0128262256 -0.0554896184 1 0.470588 0
v 0.0790295872 0.0128221773 -0.0536991512 1 0.470588 0
v 0.0789586307 0.012833554 -0.0519087063 0.470588 1 0
v 0.0788854512 0.0128435905 -0.0501183153 0.470588 1 0
v 0.0788113732 0.0128457462 -0.04832793 0.470588 1 0
v 0.0787365797 0.0128474375 -0.0465375691 0.470588 1 0
v 0.0786514347 0.012847547 -0.044747671 0.470588 1 0
v 0.0785537282 0.0128472213 -0.042958418 0.470588 1 0
v 0.0784401757 0.0128338633 -0.0411701744 0.470588 1 0
v 0.0783081867 0.0128458736 -0.0393831892 0.470588 1 0
v 0.078175756 0.0128457593 -0.0375961711 1 0 0.705882
v 0.0780308179 0.0128403317 -0.0358101263 1 0 0.705882
v 0.0778978786 0.0128271569 -0.0340232745 1 0 0.705882
v 0.0777546399 0.0128417145 -0.0322372144 1 0 0.705882
v 0.0776088194 0.012839737 -0.0304512405 1 0 0.705882
v 0.0774604859 0.0128447864 -0.0286654985 1 0 0.705882
v 0.0772940508 0.0128468538 -0.0268813418 0.313725 0.313725 1
v 0.0770933064 0.0128504949 -0.0251007008 0.313725 0.313725 1
v 0.0768648364 0.0128455426 -0.0233234804 0.313725 0.313725 1
v 0.0766166008 0.0128471308 -0.0215488638 0.313725 0.313725 1
v 0.0763567993 0.0128494396 -0.0197758872 0.313725 0.313725 1
v 0.0760879767 0.0128472988 -0.0180042561 0.313725 0.313725 1
v 0.0758147509 0.0128444354 -0.0162333008 0.705882 0.470588 0.156863
v 0.0755412345 0.0128417136 -0.0144623786 0.705882 0.470588 0.156863
v 0.075265422 0.0128470388 -0.0126918283 0.705882 0.470588 0.156863
v 0.0749873865 0.0128460065 -0.0109216089 0.705882 0.470588 0.156863
v 0.0747146902 0.0128522245 -0.00915056716 0.705882 0.470588 0.156863
v 0.074438747 0.0128525717 -0.00738001772 0.705882 0.470588 0.156863
v 0.0741629781 0.012850371 -0.00560944813 0.705882 0.470588 0.156863
v 0.07388713 0.0128427655 -0.00383889985 0.705882 0.470588 0.156863
v 0.0736123358 0.012848603 -0.00206821971 0.470588 0.470588 0.470588
v 0.0733388667 0.0128526266 -0.000297305329 0.470588 0.470588 0.470588
v 0.0730657513 0.0128527153 0.00147368078 0.470588 0.470588 0.470588
v 0.0727919952 0.0128530429 0.00324456842 0.470588 0.470588 0.470588
v 0.0725197531 0.0128402867 0.00501563132 0.470588 0.470588 0.470588
v 0.0722455196 0.0128512599 0.00678639878 0.470588 0.470588 0.470588
v 0.071974778 0.0128515339 0.00855775198 0.470588 0.470588 0.470588
v 0.0717060322 0.0128485474 0.010329404 0.470588 0.470588 0.470588
v 0.0714333381 0.0128482363 0.0121004552 1 0 0
v 0.0711617874 0.0128505034 0.0138716818 1 0 0
v 0.0708887398 0.0128532723 0.0156426774 1 0 0
v 0.0706177374 0.0128546977 0.0174139871 1 0 0
v 0.0703426294 0.0128515516 0.0191846613 1 0 0
v 0.0700609912 0.0128517387 0.0209543069 1 0 0
v 0.0697477053 0.0128460647 0.0227185625 1 0 0
v 0.0693895986 0.0128394039 0.0244737668 1 0 0
v 0.0688986811 0.0128347651 0.0261955656 0 1 0
v 0.0681733505 0.0128130651 0.0278244433 0 1 0
v 0.067138508 0.0127958755 0.0292780415 0 1 0
v 0.0657449282 0.012771761 0.0304042522 0 1 0
v 0.0642043413 0.012766915 0.0313144134 0 1 0
v 0.0626027919 0.0127607623 0.0321169678 0 1 0
v 0.0609754014 0.0127596807 0.0328667351 0 1 0
v 0.0593463116 0.012756355 0.0336130292 0 1 0
v 0.0577156563 0.0127401759 0.034355695 0 0.501961 1
v 0.0560863065 0.0127402231 0.0351010533 0 0.501961 1
v 0.0544594764 0.0127574273 0.0358519544 0 0.501961 1
v 0.0528299124 0.0127536063 0.0365971825 0 0.501961 1
v 0.0512072104 0.0127588647 0.0373572396 0 0.501961 1
v 0.0495792634 0.0127603658 0.0381060235 0 0.501961 1
v 0.0479541814 0.0127611891 0.0388610029 1 0.784314 0
v 0.0463224277 0.0127576536 0.0396014865 1 0.784314 0
v 0.0446938046 0.0127574675 0.040348816 1 0.784314 0
v 0.0430757828 0.0127600399 0.0411188627 1 0.784314 0
v 0.041452331 0.0127607816 0.0418773689 1 0.784314 0
v 0.0398297537 0.0127627672 0.042637787 1 0.784314 0
v 0.0382048347 0.0127629173 0.0433931553 1 0.784314 0
v 0.0365813786 0.0127624487 0.0441516329 1 0.784314 0
v 0.034947 0.0127513974 0.0448861704 1 0.784314 0
v 0.0767889519 0.0150070922 -0.123475721 0 1 0
v 0.0769744875 0.0150052258 -0.121699568 0 1 0
v 0.0771636974 0.0150017695 -0.1199238 0 1 0
v 0.0773522946 0.0150012174 -0.118147964 0 1 0
v 0.077542739 0.0149973504 -0.116372325 0 1 0
v 0.0777247747 0.0149966987 -0.114595805 0 1 0
v 0.0779019697 0.0149920757 -0.112818797 0 0.501961 1
v 0.0780594424 0.0150021445 -0.111039968 0 0.501961 1
v 0.0782199658 0.0149954464 -0.109261391 0 0.501961 1
v 0.0783622262 0.0150032914 -0.107481296 0 0.501961 1
v 0.0784967086 0.0150050347 -0.105700553 0 0.501961 1
v 0.0786139657 0.015006185 -0.103918588 0 0.501961 1
v 0.0787055433 0.0150076568 -0.102135168 1 0.784314 0
v 0.0787782046 0.0150061982 -0.100350824 1 0.784314 0
v 0.0788440904 0.0150018951 -0.0985662223 1 0.784314 0
v 0.0789025858 0.0149993778 -0.0967813594 1 0.784314 0
v 0.0789667373 0.0150048518 -0.0949967004 1 0.784314 0
v 0.0790305841 0.0150044568 -0.0932120207 1 0.784314 0
v 0.0790897318 0.0150032092 -0.0914271762 0.705882 0 1
v 0.0791514646 0.0150055841 -0.0896424244 0.705882 0 1
v 0.0792064884 0.0150062541 -0.0878574522 0.705882 0 1
v 0.0792630179 0.0150034922 -0.0860725341 0.705882 0 1
v 0.0793023828 0.0150026901 -0.0842871447 0.705882 0 1
v 0.0793267123 0.015006169 -0.0825015163 0.705882 0 1
v 0.0793340149 0.0150085754 -0.0807157109 0.705882 0 1
v 0.0793249471 0.0150078612 -0.0789299222 0.705882 0 1
v 0.0793071102 0.0150062455 -0.077144187 0 0.862745 0.862745
v 0.0792872113 0.0150042297 -0.0753584724 0 0.862745 0.862745
v 0.0792680246 0.0150026285 -0.0735727501 0 0.862745 0.862745
v 0.0792464903 0.0150037393 -0.0717870525 0 0.862745 0.862745
v 0.0792269937 0.0149990678 -0.0700013402 0 0.862745 0.862745
v 0.0792062864 0.0149987327 -0.0682156401 0 0.862745 0.862745
v 0.0791823683 0.0150019149 -0.0664299767 1 0.470588 0
v 0.0791538003 0.0150012172 -0.0646443825 1 0.470588 0
v 0.0791146063 0.0150012752 -0.0628589927 1 0.470588 0
v 0.07906517 0.0150026026 -0.0610738589 1 0.470588 0
v 0.0790075625 0.0150003308 -0.0592889652 1 0.470588 0
v 0.0789470398 0.0149998302 -0.0575041726 1 0.470588 0
v 0.0788876624 0.0150042378 -0.055719347 1 0.470588 0
v 0.0788241985 0.0149992186 -0.0539346557 1 0.470588 0
v 0.0787567447 0.015000222 -0.0521501158 0.470588 1 0
v 0.0786919632 0.0150073947 -0.0503654871 0.470588 1 0
v 0.0786218029 0.0150094839 -0.0485810458 0.470588 1 0
v 0.07854763 0.0150062643 -0.0467967634 0.470588 1 0
v 0.0784644667 0.0150052263 -0.0450129097 0.470588 1 0
v 0.078367668 0.0150098407 -0.0432297149 0.470588 1 0
v 0.0782546586 0.0150058781 -0.0414474711 0.470588 1 0
v 0.0781255114 0.0150084895 -0.0396663306 0.470588 1 0
v 0.0779885645 0.0150082633 -0.0378857635 1 0 0.705882
v 0.077843548 0.0150042457 -0.0361058398 1 0 0.705882
v 0.0777044436 0.0150060268 -0.034325446 1 0 0.705882
v 0.077563975 0.0150044939 -0.0325451592 1 0 0.705882
v 0.0774268347 0.0149995133 -0.0307646163 1 0 0.705882
v 0.0772852972 0.0150046131 -0.0289844231 1 0 0.705882
v 0.0771310595 0.0150080218 -0.0272053092 0.313725 0.313725 1
v 0.0769575513 0.0150156241 -0.0254279928 0.313725 0.313725 1
v 0.0767559776 0.0150167498 -0.0236535785 0.313725 0.313725 1
v 0.0765256928 0.0150198807 -0.0218826804 0.313725 0.313725 1
v 0.0762782049 0.0150210986 -0.0201141153 0.313725 0.313725 1
v 0.0760165485 0.0150157588 -0.0183475821 0.313725 0.313725 1
v 0.0757457166 0.0150212593 -0.0165824327 0.705882 0.470588 0.156863
v 0.0754717996 0.0150214363 -0.0148177423 0.705882 0.470588 0.156863
v 0.07519673 0.0150194977 -0.0130532284 0.705882 0.470588 0.156863
v 0.0749207362 0.0150194756 -0.0112888565 0.705882 0.470588 0.156863
v 0.0746458561 0.0150204207 -0.00952431158 0.705882 0.470588 0.156863
v 0.0743720137 0.015021208 -0.00775960556 0.705882 0.470588 0.156863
v 0.0740983365 0.0150226464 -0.00599487789 0.705882 0.470588 0.156863
v 0.0738236858 0.0150211048 -0.00423029741 0.705882 0.470588 0.156863
v 0.0735501645 0.0150222453 -0.00246554237 0.470588 0.470588 0.470588
v 0.0732775694 0.0150169475 -0.000700658952 0.470588 0.470588 0.470588
v 0.0730043654 0.0150224514 0.00106413619 0.470588 0.470588 0.470588
v 0.0727327971 0.0150222232 0.00282919212 0.470588 0.470588 0.470588
v 0.0724611149 0.0150191706 0.00459422943 0.470588 0.470588 0.470588
v 0.0721899042 0.0150143454 0.00635933275 0.470588 0.470588 0.470588
v 0.0719190571 0.0150123894 0.00812447846 0.470588 0.470588 0.470588
v 0.0716485868 0.0150192046 0.00988967022 0.470588 0.470588 0.470588
v 0.0713777655 0.0150194288 0.0116548422 1 0 0
v 0.0711066148 0.0150209469 0.0134199633 1 0 0
v 0.0708352553 0.0150222151 0.0151850524 1 0 0
v 0.0705631179 0.0150231229 0.0169500222 1 0 0
v 0.0702851384 0.0150207646 0.01871407 1 0 0
v 0.0699942574 0.0150175588 0.0204760204 1 0 0
v 0.0696659851 0.0150173198 0.0222311766 1 0 0
v 0.0692959998 0.0150056621 0.0239781379 1 0 0
v 0.0688007599 0.0149972911 0.0256932868 0 1 0
v 0.0680914059 0.0149727216 0.027328928 0 1 0
v 0.0669715756 0.0149145871 0.0287103184 0 1 0
v 0.0656365047 0.0148838462 0.029880014 0 1 0
v 0.0641093439 0.0148782498 0.0307985296 0 1 0
v 0.0625049198 0.014866204 0.0315822619 0 1 0
v 0.0608812487 0.0148652736 0.0323255383 0 1 0
v 0.0592567947 0.0148634552 0.0330672749 0 1 0
v 0.0576339235 0.0148507055 0.0338123586 0 0.501961 1
v 0.0560104821 0.0148480389 0.0345560971 0 0.501961 1
v 0.054388913 0.0148659969 0.0353038684 0 0.501961 1
v 0.0527658661 0.0148622454 0.0360487549 0 0.501961 1
v 0.0511477376 0.0148644689 0.0368042649 0 0.501961 1
v 0.0495242369 0.0148657856 0.0375481593 0 0.501961 1
v 0.0479063877 0.0148665459 0.038304288 1 0.784314 0
v 0.0462820784 0.0148646876 0.0390464331 1 0.784314 0
v 0.0446558283 0.014863501 0.0397843109 1 0.784314 0
v 0.0430425617 0.0148665892 0.0405501591 1 0.784314 0
v 0.0414210895 0.0148644097 0.0412984548 1 0.784314 0
v 0.0398038806 0.0148654502 0.0420559213 1 0.784314 0
v 0.0381868334 0.0148676113 0.0428135967 1 0.784314 0
v 0.0365716525 0.0148705005 0.0435753872 1 0.784314 0
v 0.034947 0.0148506177 0.0443164062 1 0.784314 0
v 0.0765300066 0.0171632422 -0.123474832 0 1 0
v 0.0767107153 0.0171610287 -0.121705564 0 1 0
v 0.0769011169 0.0171589166 -0.119937316 0 1 0
v 0.0770869591 0.0171572777 -0.118168582 0 1 0
v 0.0772789742 0.0171575055 -0.11640051 0 1 0
v 0.0774642991 0.0171580638 -0.114631728 0 1 0
v 0.0776377342 0.0171499208 -0.112861772 0 0.501961 1
v 0.0777881399 0.0171587199 -0.111089713 0 0.501961 1
v 0.0779403667 0.017158794 -0.109317778 0 0.501961 1
v 0.0780857835 0.0171604975 -0.107545279 0 0.501961 1
v 0.0782209923 0.0171625429 -0.105771946 0 0.501961 1
v 0.0783359179 0.0171625445 -0.103997195 0 0.501961 1
v 0.0784324114 0.0171629406 -0.102221403 1 0.784314 0
v 0.0785044385 0.0171595123 -0.100444384 1 0.784314 0
v 0.0785711582 0.0171548579 -0.0986671675 1 0.784314 0
v 0.0786282493 0.017156393 -0.0968896111 1 0.784314 0
v 0.0786927109 0.0171601737 -0.0951123121 1 0.784314 0
v 0.078758017 0.0171608009 -0.0933350335 1 0.784314 0
v 0.0788207242 0.0171618431 -0.0915576619 0.705882 0 1
v 0.0788796039 0.0171622872 -0.0897801569 0.705882 0 1
v 0.078939551 0.0171620653 -0.0880026858 0.705882 0 1
v 0.0789961729 0.0171609121 -0.08622513 0.705882 0 1
v 0.0790350716 0.0171616747 -0.0844470748 0.705882 0 1
v 0.0790670269 0.0171638788 -0.0826688928 0.705882 0 1
v 0.0790714677 0.0171619437 -0.0808904181 0.705882 0 1
v 0.0790649107 0.0171622316 -0.0791119564 0.705882 0 1
v 0.079053047 0.0171630383 -0.0773335218 0 0.862745 0.862745
v 0.0790372303 0.0171630272 -0.0755551139 0 0.862745 0.862745
v 0.0790203549 0.01716342 -0.0737767153 0 0.862745 0.862745
v 0.0789996156 0.0171628441 -0.0719983614 0 0.862745 0.862745
v 0.0789804681 0.0171617505 -0.0702199829 0 0.862745 0.862745
v 0.0789593923 0.0171616761 -0.0684416265 0 0.862745 0.862745
v 0.0789371256 0.0171589681 -0.0666632883 1 0.470588 0
v 0.0789105989 0.0171601623 -0.0648850084 1 0.470588 0
v 0.0788728542 0.0171585463 -0.0631069297 1 0.470588 0
v 0.0788250281 0.0171585245 -0.0613290923 1 0.470588 0
v 0.0787689418 0.0171621127 -0.0595514998 1 0.470588 0
v 0.0787086008 0.0171623284 -0.0577740431 1 0.470588 0
v 0.0786500284 0.0171636369 -0.0559965276 1 0.470588 0
v 0.078589214 0.0171645147 -0.0542190869 1 0.470588 0
v 0.0785268165 0.0171609762 -0.0524417077 0.470588 1 0
v 0.0784638658 0.0171629853 -0.0506643464 0.470588 1 0
v 0.0783954092 0.0171647404 -0.0488871857 0.470588 1 0
v 0.0783281931 0.0171683385 -0.0471099797 0.470588 1 0
v 0.0782493852 0.0171694348 -0.0453332676 0.470588 1 0
v 0.0781554478 0.0171678741 -0.0435572797 0.470588 1 0
v 0.0780437888 0.0171685861 -0.0417823203 0.470588 1 0
v 0.0779131023 0.0171678172 -0.0400086492 0.470588 1 0
v 0.0777775636 0.0171673753 -0.0382353397 1 0 0.705882
v 0.0776357359 0.0171633017 -0.0364625317 1 0 0.705882
v 0.0774937028 0.0171613305 -0.0346897345 1 0 0.705882
v 0.0773527362 0.0171613639 -0.0329168494 1 0 0.705882
v 0.0772162151 0.0171651038 -0.0311436253 1 0 0.705882
v 0.0770797726 0.0171652012 -0.0293703871 1 0 0.705882
v 0.0769342086 0.0171687967 -0.0275978824 0.313725 0.313725 1
v 0.0767760981 0.0171743871 -0.0258264727 0.313725 0.313725 1
v 0.0766023994 0.0171784788 -0.0240565595 0.313725 0.313725 1
v 0.0764027847 0.0171848668 -0.0222893265 0.313725 0.313725 1
v 0.0761762598 0.0171881994 -0.0205253345 0.313725 0.313725 1
v 0.0759246101 0.0171880287 -0.0187647592 0.313725 0.313725 1
v 0.0756631936 0.0171896691 -0.0170055963 0.705882 0.470588 0.156863
v 0.0753939298 0.0171891119 -0.0152476226 0.705882 0.470588 0.156863
v 0.0751219842 0.0171863025 -0.0134900593 0.705882 0.470588 0.156863
v 0.0748498849 0.0171850219 -0.0117325168 0.705882 0.470588 0.156863
v 0.0745756606 0.017182651 -0.00997530688 0.705882 0.470588 0.156863
v 0.0743028405 0.0171847829 -0.00821787946 0.705882 0.470588 0.156863
v 0.0740304236 0.0171861475 -0.00646040966 0.705882 0.470588 0.156863
v 0.0737587624 0.0171773826 -0.00470283476 0.705882 0.470588 0.156863
v 0.0734862032 0.0171810959 -0.00294536593 0.470588 0.470588 0.470588
v 0.073213366 0.0171876577 -0.00118795024 0.470588 0.470588 0.470588
v 0.0729408728 0.0171892923 0.00056953069 0.470588 0.470588 0.470588
v 0.0726713691 0.0171896486 0.00232747255 0.470588 0.470588 0.470588
v 0.0724009614 0.0171860688 0.00408527247 0.470588 0.470588 0.470588
v 0.072130926 0.0171879238 0.00584312264 0.470588 0.470588 0.470588
v 0.0718596626 0.0171894255 0.00760078976 0.470588 0.470588 0.470588
v 0.0715885705 0.0171892083 0.00935847675 0.470588 0.470588 0.470588
v 0.071317123 0.0171879891 0.0111161198 1 0 0
v 0.071046729 0.0171889598 0.0128739259 1 0 0
v 0.0707736085 0.0171894553 0.0146313085 1 0 0
v 0.070497591 0.0171896425 0.0163882411 1 0 0
v 0.0702164777 0.0171885822 0.0181443483 1 0 0
v 0.0699191185 0.0171827077 0.0198977851 1 0 0
v 0.0695900823 0.0171825593 0.0216455173 1 0 0
v 0.0692077469 0.017173749 0.0233823619 1 0 0
v 0.0686887087 0.0171545873 0.0250831426 0 1 0
v 0.0679216673 0.017104929 0.0266784214 0 1 0
v 0.0668666545 0.0170316677 0.0281052188 0 1 0
v 0.06550429 0.0169863261 0.0292473912 0 1 0
v 0.0639876791 0.0169613268 0.0301650005 0 1 0
v 0.0623929837 0.0169442781 0.0309516673 0 1 0
v 0.0607746603 0.01694354 0.0316888533 0 1 0
v 0.0591574414 0.0169440083 0.0324286369 0 1 0
v 0.0575419075 0.016934097 0.0331721245 0 0.501961 1
v 0.0559247134 0.0169289193 0.0339119259 0 0.501961 1
v 0.0543120843 0.0169489753 0.0346615358 0 0.501961 1
v 0.0526937546 0.016942598 0.0353990707 0 0.501961 1
v 0.0510840954 0.0169449688 0.0361553584 0 0.501961 1
v 0.049466896 0.0169451134 0.0368953609 0 0.501961 1
v 0.0478550998 0.0169454242 0.0376470373 1 0.784314 0
v 0.0462404349 0.0169453816 0.0383925027 1 0.784314 0
v 0.044624082 0.0169470696 0.0391343594 1 0.784314 0
v 0.0430121868 0.0169489688 0.0398857996 1 0.784314 0
v 0.0413976251 0.0169468874 0.040631513 1 0.784314 0
v 0.0397862153 0.0169465501 0.0413840114 1 0.784314 0
v 0.038171982 0.0169374789 0.0421304123 1 0.784314 0
v 0.0365603447 0.0169407008 0.042882431 1 0.784314 0
v 0.034947 0.0169239374 0.0436305493 1 0.784314 0
v 0.0762054948 0.0193104481 -0.123474223 0 0.862745 0.862745
v 0.0763904736 0.0193080439 -0.12168003 0 0.862745 0.862745
v 0.0765877245 0.0193067135 -0.119887163 0 0.862745 0.862745
v 0.0767805379 0.0193068739 -0.118093805 0 0.862745 0.862745
v 0.0769751404 0.0193075078 -0.116300634 0 0.862745 0.862745
v 0.0771607475 0.0193081239 -0.114506532 0 0.862745 0.862745
v 0.0773269237 0.019306109 -0.112710516 1 0.470588 0
v 0.0774804601 0.0193030701 -0.110913365 1 0.470588 0
v 0.0776294927 0.0193061214 -0.109115858 1 0.470588 0
v 0.0777782405 0.0193071109 -0.107318352 1 0.470588 0
v 0.0779068656 0.0193079934 -0.105519234 1 0.470588 0
v 0.0780143544 0.0193040855 -0.103718775 1 0.470588 0
v 0.0781097915 0.0193058648 -0.10191765 0.470588 1 0
v 0.0781834105 0.0193012537 -0.100115449 0.470588 1 0
v 0.0782539674 0.0192999378 -0.0983131506 0.470588 1 0
v 0.0783201046 0.0193075626 -0.0965106893 0.470588 1 0
v 0.078383455 0.0193071239 -0.094708117 0.470588 1 0
v 0.0784450586 0.0193050074 -0.0929054933 0.470588 1 0
v 0.0785116682 0.0193045567 -0.0911030212 1 0 0.705882
v 0.0785796463 0.0193011985 -0.0893005954 1 0 0.705882
v 0.0786375141 0.0193015805 -0.0874978165 1 0 0.705882
v 0.0786816662 0.0193049344 -0.0856946701 1 0 0.705882
v 0.0787224442 0.0193061375 -0.0838914247 1 0 0.705882
v 0.0787460763 0.0193058378 -0.0820878897 1 0 0.705882
v 0.0787539017 0.0193071603 -0.0802842101 1 0 0.705882
v 0.0787529318 0.0193073415 -0.0784805022 1 0 0.705882
v 0.0787442478 0.0193056851 -0.0766768284 0.313725 0.313725 1
v 0.0787346479 0.0193039983 -0.0748731624 0.313725 0.313725 1
v 0.0787146533 0.0193035015 -0.0730695738 0.313725 0.313725 1
v 0.0786974248 0.0193130602 -0.0712659816 0.313725 0.313725 1
v 0.0786842763 0.0193115398 -0.0694623241 0.313725 0.313725 1
v 0.0786661451 0.019313423 -0.0676587064 0.313725 0.313725 1
v 0.078648571 0.0193121309 -0.0658550877 0.705882 0.470588 0.156863
v 0.078624912 0.0193055525 -0.0640515743 0.705882 0.470588 0.156863
v 0.0785802982 0.0193026592 -0.0622484198 0.705882 0.470588 0.156863
v 0.0785259938 0.0193101066 -0.0604455644 0.705882 0.470588 0.156863
v 0.0784686801 0.0193164403 -0.0586428154 0.705882 0.470588 0.156863
v 0.078404905 0.0193176308 -0.0568402426 0.705882 0.470588 0.156863
v 0.0783422619 0.0193186374 -0.055037627 0.705882 0.470588 0.156863
v 0.0782781481 0.0193183612 -0.053235063 0.705882 0.470588 0.156863
v 0.0782147743 0.0193145158 -0.0514324801 0.470588 0.470588 0.470588
v 0.0781466297 0.0193163477 -0.049630064 0.470588 0.470588 0.470588
v 0.0780771317 0.0193190364 -0.0478277012 0.470588 0.470588 0.470588
v 0.0780069854 0.019322788 -0.0460253703 0.470588 0.470588 0.470588
v 0.0779224087 0.0193213999 -0.0442236496 0.470588 0.470588 0.470588
v 0.0778172272 0.019321668 -0.0424230456 0.470588 0.470588 0.470588
v 0.0776896632 0.0193222284 -0.040623864 0.470588 0.470588 0.470588
v 0.0775513913 0.0193224491 -0.038825469 0.470588 0.470588 0.470588
v 0.0774131757 0.0193194379 -0.037027079 1 0 0
v 0.0772711553 0.0193148714 -0.0352289908 1 0 0
v 0.0771327885 0.0193162482 -0.0334306072 1 0 0
v 0.076987536 0.0193185551 -0.0316327583 1 0 0
v 0.07684521 0.0193215922 -0.0298346771 1 0 0
v 0.0767009274 0.0193223889 -0.0280367469 1 0 0
v 0.0765464583 0.0193289565 -0.0262396852 0 1 0
v 0.0763806924 0.0193344689 -0.0244436336 0 1 0
v 0.0762020229 0.0193384199 -0.0226488411 0 1 0
v 0.075994705 0.0193450466 -0.0208570992 0 1 0
v 0.0757631762 0.0193491516 -0.0190683696 0 1 0
v 0.07552207 0.0193539597 -0.0172809327 0 1 0
v 0.0752648305 0.019350588 -0.0154956716 0 0.501961 1
v 0.074994374 0.0193483315 -0.0137123635 0 0.501961 1
v 0.0747239192 0.0193474621 -0.0119290553 0 0.501961 1
v 0.0744449424 0.0193518225 -0.0101470633 0 0.501961 1
v 0.0741677807 0.0193504073 -0.00836478349 0 0.501961 1
v 0.0738928678 0.0193557578 -0.006582158 0 0.501961 1
v 0.0736170745 0.0193543099 -0.00479966114 0 0.501961 1
v 0.0733403401 0.019354712 -0.00301730859 0 0.501961 1
v 0.0730632756 0.0193561953 -0.00123500722 1 0.784314 0
v 0.0727877337 0.0193550639 0.000547531004 1 0.784314 0
v 0.0725140072 0.0193519561 0.00233034708 1 0.784314 0
v 0.0722377386 0.0193487876 0.00411276747 1 0.784314 0
v 0.071963512 0.0193528502 0.00589549669 1 0.784314 0
v 0.0716883052 0.0193558712 0.00767807352 1 0.784314 0
v 0.0714127174 0.0193549867 0.00946060334 1 0.784314 0
v 0.0711342959 0.0193550246 0.0112426927 1 0.784314 0
v 0.0708568234 0.0193552731 0.0130249319 0.705882 0 1
v 0.0705700482 0.0193544799 0.0148056924 0.705882 0 1
v 0.0702783322 0.0193531524 0.0165856561 0.705882 0 1
v 0.0699770538 0.0193503 0.0183639722 0.705882 0 1
v 0.0696513021 0.0193456658 0.0201380134 0.705882 0 1
v 0.0692689137 0.0193365509 0.0219003476 0.705882 0 1
v 0.0688039001 0.0193124798 0.0236428603 0.705882 0 1
v 0.0680886043 0.0192601318 0.0252959007 0.705882 0 1
v 0.0671042818 0.0191696901 0.026794254 0 0.862745 0.862745
v 0.0658470799 0.0190722967 0.0280717682 0 0.862745 0.862745
v 0.0643816789 0.0190166772 0.029109818 0 0.862745 0.862745
v 0.0627895084 0.0190027727 0.0299556536 0 0.862745 0.862745
v 0.0611600519 0.0190011022 0.0307286774 0 0.862745 0.862745
v 0.0595180708 0.0189958938 0.0314750787 0 0.862745 0.862745
v 0.0578788193 0.0189920765 0.0322274394 0 0.862745 0.862745
v 0.0562385861 0.0189782209 0.03297749 0 0.862745 0.862745
v 0.0546021038 0.0189920166 0.0337357105 1 0.470588 0
v 0.0529619694 0.018991901 0.0344861224 1 0.470588 0
v 0.0513261144 0.0189900432 0.0352458381 1 0.470588 0
v 0.0496911942 0.0189921926 0.036007614 1 0.470588 0
v 0.0480543485 0.018996069 0.0367652288 1 0.470588 0
v 0.0464227507 0.0190038927 0.0375340842 1 0.470588 0
v 0.0447874579 0.0189958078 0.0382950534 0.470588 1 0
v 0.0431462413 0.0190010843 0.0390429303 0.470588 1 0
v 0.0415127218 0.0190000132 0.0398075373 0.470588 1 0
v 0.0398709656 0.0189948098 0.0405544049 0.470588 1 0
v 0.038232405 0.0189956371 0.0413083405 0.470588 1 0
v 0.0365930733 0.0189894616 0.0420605565 0.470588 1 0
v 0.034947 0.0189740189 0.0427977962 0.470588 1 0
v 0.075782544 0.0214403767 -0.123473991 0 0.862745 0.862745
v 0.0759830736 0.0214379313 -0.121692039 0 0.862745 0.862745
v 0.0761797353 0.0214368847 -0.119909653 0 0.862745 0.862745
v 0.0763857907 0.0214425431 -0.118128347 0 0.862745 0.862745
v 0.0765753463 0.0214375726 -0.1163452 0 0.862745 0.862745
v 0.0767479604 0.0214393205 -0.114560316 0 0.862745 0.862745
v 0.0769092596 0.0214382352 -0.112774362 1 0.470588 0
v 0.0770656946 0.0214329744 -0.110988033 1 0.470588 0
v 0.077213013 0.021437636 -0.109200882 1 0.470588 0
v 0.0773661962 0.0214410421 -0.107414224 1 0.470588 0
v 0.07748816 0.0214374868 -0.105625214 1 0.470588 0
v 0.0775951109 0.0214327714 -0.103835237 1 0.470588 0
v 0.0776923933 0.0214403482 -0.102044673 0.470588 1 0
v 0.0777736146 0.0214297212 -0.100253326 0.470588 1 0
v 0.0778426365 0.0214278167 -0.098461448 0.470588 1 0
v 0.0779118566 0.021440088 -0.0966696124 0.470588 1 0
v 0.0779752946 0.0214420049 -0.0948775257 0.470588 1 0
v 0.0780390967 0.0214422889 -0.0930854508 0.470588 1 0
v 0.0781112192 0.0214419758 -0.0912936921 1 0 0.705882
v 0.0781781778 0.0214407565 -0.0895017274 1 0 0.705882
v 0.0782347416 0.0214410435 -0.0877093953 1 0 0.705882
v 0.0782827848 0.0214430562 -0.0859168369 1 0 0.705882
v 0.0783173153 0.0214428929 -0.0841239773 1 0 0.705882
v 0.0783461601 0.0214460932 -0.0823310006 1 0 0.705882
v 0.0783663816 0.0214485092 -0.0805379256 1 0 0.705882
v 0.0783748227 0.0214500428 -0.0787447252 1 0 0.705882
v 0.0783731739 0.0214527403 -0.0769515159 0.313725 0.313725 1
v 0.0783628971 0.0214527332 -0.0751583358 0.313725 0.313725 1
v 0.0783532478 0.0214533431 -0.0733651527 0.313725 0.313725 1
v 0.0783459021 0.021454675 -0.0715719763 0.313725 0.313725 1
v 0.0783368586 0.0214540311 -0.069778797 0.313725 0.313725 1
v 0.0783235129 0.0214564155 -0.0679856264 0.313725 0.313725 1
v 0.0783142162 0.0214590568 -0.066192432 0.705882 0.470588 0.156863
v 0.0782911594 0.0214564261 -0.0643993728 0.705882 0.470588 0.156863
v 0.0782620436 0.0214513944 -0.0626064612 0.705882 0.470588 0.156863
v 0.0782092089 0.0214551491 -0.0608140401 0.705882 0.470588 0.156863
v 0.0781508397 0.0214581191 -0.0590217701 0.705882 0.470588 0.156863
v 0.0780927669 0.0214570498 -0.0572294884 0.705882 0.470588 0.156863
v 0.0780251586 0.0214593273 -0.0554375401 0.705882 0.470588 0.156863
v 0.0779593891 0.0214616514 -0.0536455273 0.705882 0.470588 0.156863
v 0.0778883565 0.0214640619 -0.0518537187 0.470588 0.470588 0.470588
v 0.077822725 0.0214657648 -0.0500616997 0.470588 0.470588 0.470588
v 0.0777584508 0.0214658375 -0.048269635 0.470588 0.470588 0.470588
v 0.0776935822 0.0214673975 -0.0464775949 0.470588 0.470588 0.470588
v 0.0776103052 0.0214618526 -0.0446863589 0.470588 0.470588 0.470588
v 0.0775152568 0.0214697119 -0.0428957297 0.470588 0.470588 0.470588
v 0.0773987021 0.021466707 -0.0411063071 0.470588 0.470588 0.470588
v 0.0772657038 0.0214677312 -0.0393180314 0.470588 0.470588 0.470588
v 0.0771315986 0.0214697205 -0.0375298318 1 0 0
v 0.0769926425 0.0214657265 -0.035742009 1 0 0
v 0.0768593703 0.0214696257 -0.0339537539 1 0 0
v 0.0767225816 0.0214709105 -0.0321657571 1 0 0
v 0.0765747903 0.0214699716 -0.0303786351 1 0 0
v 0.0764277287 0.0214722786 -0.0285914624 1 0 0
v 0.076267522 0.0214749797 -0.0268054111 0 1 0
v 0.0761064572 0.0214791471 -0.0250194432 0 1 0
v 0.0759412766 0.0214879266 -0.0232338737 0 1 0
v 0.0757669049 0.0214963782 -0.0214491693 0 1 0
v 0.0755677885 0.0215016503 -0.0196670713 0 1 0
v 0.0753512241 0.0215065714 -0.0178870629 0 1 0
v 0.0751172265 0.0215117186 -0.0161092435 0 0.501961 1
v 0.0748765601 0.0215107285 -0.0143322601 0 0.501961 1
v 0.0746277473 0.0215088741 -0.0125564051 0 0.501961 1
v 0.0743562494 0.0215139863 -0.0107838665 0 0.501961 1
v 0.0740825084 0.0215134723 -0.0090116735 0 0.501961 1
v 0.073813145 0.0215161866 -0.00723880161 0 0.501961 1
v 0.0735387612 0.0215184665 -0.00546669982 0 0.501961 1
v 0.0732643262 0.0215179873 -0.00369460376 0 0.501961 1
v 0.0729883801 0.0215175742 -0.00192273866 1 0.784314 0
v 0.0727139142 0.0215187029 -0.000150646709 1 0.784314 0
v 0.0724409454 0.0215199401 0.0016216752 1 0.784314 0
v 0.0721646285 0.021515837 0.00339347452 1 0.784314 0
v 0.0718889593 0.0215134952 0.00516536877 1 0.784314 0
v 0.0716139365 0.0215197631 0.00693735618 1 0.784314 0
v 0.0713352708 0.0215162752 0.00870878989 1 0.784314 0
v 0.0710598847 0.0215162768 0.0104807298 1 0.784314 0
v 0.0707759845 0.0215182597 0.0122513347 0.705882 0 1
v 0.0704816072 0.0215161588 0.0140202066 0.705882 0 1
v 0.0701829094 0.0215106767 0.0157883517 0.705882 0 1
v 0.0698686922 0.0215043739 0.0175537924 0.705882 0 1
v 0.0695149701 0.0214983983 0.0193113688 0.705882 0 1
v 0.0691257476 0.0214844 0.0210617806 0.705882 0 1
v 0.0686367351 0.0214636629 0.0227866738 0.705882 0 1
v 0.0679427558 0.0214030912 0.0244367459 0.705882 0 1
v 0.0669343452 0.0212730185 0.0259057331 0 0.862745 0.862745
v 0.0656872464 0.0211284254 0.027177771 0 0.862745 0.862745
v 0.0642396074 0.021031863 0.0282194544 0 0.862745 0.862745
v 0.0626696517 0.0210100786 0.0290825875 0 0.862745 0.862745
v 0.0610537543 0.021008285 0.0298596637 0 0.862745 0.862745
v 0.0594237841 0.0210038202 0.0306071875 0 0.862745 0.862745
v 0.0577986988 0.0210065427 0.0313652948 0 0.862745 0.862745
v 0.056165367 0.0209949849 0.0321053308 0 0.862745 0.862745
v 0.0545373315 0.0210002036 0.0328569919 1 0.470588 0
v 0.0529073489 0.0210031858 0.0336043914 1 0.470588 0
v 0.0512786547 0.0209973328 0.0343545721 1 0.470588 0
v 0.0496568155 0.0209997074 0.0351195512 1 0.470588 0
v 0.0480274686 0.0210018214 0.0358684462 1 0.470588 0
v 0.0464031542 0.0210116099 0.0366280732 1 0.470588 0
v 0.0447729744 0.021003878 0.0373749592 0.470588 1 0
v 0.0431439191 0.0210056645 0.0381245048 0.470588 1 0
v 0.0415220601 0.0210080134 0.0388894754 0.470588 1 0
v 0.0398893304 0.0209998321 0.0396308856 0.470588 1 0
v 0.0382568943 0.0209985401 0.0403729502 0.470588 1 0
v 0.0366099543 0.0209775944 0.0410819814 0.470588 1 0
v 0.034947 0.020931121 0.0417507758 0.470588 1 0
v 0.0752639997 0.0235490006 -0.123473796 0 0.862745 0.862745
v 0.0754725156 0.0235531827 -0.121705103 0 0.862745 0.862745
v 0.0756705721 0.0235520676 -0.119935163 0 0.862745 0.862745
v 0.0758765394 0.0235550854 -0.118166157 0 0.862745 0.862745
v 0.0760706075 0.023553273 -0.116395834 0 0.862745 0.862745
v 0.0762445129 0.0235540628 -0.114623366 0 0.862745 0.862745
v 0.0764172922 0.0235545006 -0.112850803 1 0.470588 0
v 0.0765597437 0.0235492342 -0.111075574 1 0.470588 0
v 0.0767031646 0.0235526647 -0.109300395 1 0.470588 0
v 0.0768448952 0.023552565 -0.107525076 1 0.470588 0
v 0.0769869746 0.0235536036 -0.105749798 1 0.470588 0
v 0.0770998233 0.0235549916 -0.103972411 1 0.470588 0
v 0.0771922765 0.0235559842 -0.102193829 0.470588 1 0
v 0.0772728984 0.0235556409 -0.100414691 0.470588 1 0
v 0.0773436674 0.0235569593 -0.0986351134 0.470588 1 0
v 0.0774124286 0.0235557965 -0.0968554691 0.470588 1 0
v 0.0774809779 0.0235563812 -0.0950758222 0.470588 1 0
v 0.0775466557 0.0235588134 -0.0932960504 0.470588 1 0
v 0.0776174525 0.0235619829 -0.0915164788 1 0 0.705882
v 0.0776877972 0.0235635898 -0.0897368892 1 0 0.705882
v 0.0777527877 0.0235631386 -0.0879570887 1 0 0.705882
v 0.0778098881 0.0235646872 -0.0861770352 1 0 0.705882
v 0.0778540954 0.0235667814 -0.0843966714 1 0 0.705882
v 0.0778811307 0.023567081 -0.0826158905 1 0 0.705882
v 0.0779035505 0.0235658592 -0.0808350833 1 0 0.705882
v 0.0779143147 0.023573078 -0.079054145 1 0 0.705882
v 0.077913894 0.0235744608 -0.0772731708 0.313725 0.313725 1
v 0.0779090588 0.0235745943 -0.0754922053 0.313725 0.313725 1
v 0.0779062907 0.0235753017 -0.0737112315 0.313725 0.313725 1
v 0.0778992804 0.0235785015 -0.0719302747 0.313725 0.313725 1
v 0.0778961082 0.0235820508 -0.0701492991 0.313725 0.313725 1
v 0.0778922924 0.023584923 -0.0683683181 0.313725 0.313725 1
v 0.0778844678 0.0235881663 -0.0665873535 0.705882 0.470588 0.156863
v 0.0778694802 0.0235824518 -0.0648064394 0.705882 0.470588 0.156863
v 0.0778482347 0.0235868916 -0.0630256067 0.705882 0.470588 0.156863
v 0.0778117432 0.0235921553 -0.0612450449 0.705882 0.470588 0.156863
v 0.0777541122 0.0235942712 -0.0594650002 0.705882 0.470588 0.156863
v 0.0776919532 0.023593971 -0.0576850976 0.705882 0.470588 0.156863
v 0.0776332614 0.0235945443 -0.0559050785 0.705882 0.470588 0.156863
v 0.0775681028 0.0235879096 -0.0541253162 0.705882 0.470588 0.156863
v 0.0775008605 0.0235820217 -0.0523456385 0.470588 0.470588 0.470588
v 0.0774333038 0.0235900816 -0.0505659605 0.470588 0.470588 0.470588
v 0.0773618123 0.0235923012 -0.0487864279 0.470588 0.470588 0.470588
v 0.0772947556 0.0235951163 -0.0470067254 0.470588 0.470588 0.470588
v 0.0772197113 0.023593574 -0.0452273259 0.470588 0.470588 0.470588
v 0.077133353 0.0236010372 -0.0434484861 0.470588 0.470588 0.470588
v 0.0770349375 0.0236032534 -0.041670249 0.470588 0.470588 0.470588
v 0.0769182198 0.023603774 -0.0398930912 0.470588 0.470588 0.470588
v 0.0767923654 0.023602506 -0.0381165653 1 0 0
v 0.076657677 0.0235980947 -0.0363406875 1 0 0
v 0.076518256 0.0236027172 -0.0345651803 1 0 0
v 0.0763782779 0.0236048862 -0.0327897169 1 0 0
v 0.0762358622 0.0236026385 -0.0310144402 1 0 0
v 0.0760829814 0.0236054804 -0.0292400293 1 0 0
v 0.0759227484 0.0236049339 -0.0274662679 0 1 0
v 0.0757636816 0.0236094948 -0.0256924083 0 1 0
v 0.0756037416 0.023618339 -0.0239186439 0 1 0
v 0.0754425091 0.0236298149 -0.0221450083 0 1 0
v 0.0752745912 0.0236409838 -0.0203719974 0 1 0
v 0.0750917336 0.0236499124 -0.0186004872 0 1 0
v 0.074888597 0.0236601021 -0.0168312335 0 0.501961 1
v 0.0746724736 0.0236660859 -0.0150634334 0 0.501961 1
v 0.0744481135 0.0236713026 -0.0132966577 0 0.501961 1
v 0.0742166239 0.0236752361 -0.0115308095 0 0.501961 1
v 0.0739648391 0.0236765285 -0.00976776527 0 0.501961 1
v 0.0737004091 0.0236755383 -0.00800657544 0 0.501961 1
v 0.0734381133 0.0236781107 -0.00624504073 0 0.501961 1
v 0.0731692434 0.02367245 -0.00448448969 0 0.501961 1
v 0.0728975147 0.0236751482 -0.00272439651 1 0.784314 0
v 0.0726249304 0.023680282 -0.0009644203 1 0.784314 0
v 0.0723508343 0.0236782194 0.000795341128 1 0.784314 0
v 0.0720741434 0.0236795727 0.00255470287 1 0.784314 0
v 0.071799582 0.0236750728 0.00431438466 1 0.784314 0
v 0.0715263101 0.0236793657 0.00607426557 1 0.784314 0
v 0.0712401022 0.0236778302 0.00783209895 1 0.784314 0
v 0.0709551465 0.0236760404 0.00959013945 1 0.784314 0
v 0.0706675864 0.0236748713 0.0113477419 0.705882 0 1
v 0.0703576742 0.0236713836 0.0131014858 0.705882 0 1
v 0.0700453948 0.0236666556 0.014854846 0.705882 0 1
v 0.0697158126 0.0236530123 0.0166048851 0.705882 0 1
v 0.0693671702 0.0236490592 0.018351376 0.705882 0 1
v 0.0689240026 0.0236236905 0.0200759088 0.705882 0 1
v 0.0683943989 0.0235828534 0.021775156 0.705882 0 1
v 0.0677126798 0.0235126727 0.0234138512 0.705882 0 1
v 0.0667707471 0.0233777803 0.0249137192 0 0.862745 0.862745
v 0.0655452814 0.0231845354 0.0261875106 0 0.862745 0.862745
v 0.0641175399 0.0230257561 0.0272309772 0 0.862745 0.862745
v 0.062557371 0.022967967 0.0280837658 0 0.862745 0.862745
v 0.0609509575 0.0229592181 0.0288524166 0 0.862745 0.862745
v 0.059331849 0.022952563 0.0295940536 0 0.862745 0.862745
v 0.057715886 0.0229539324 0.0303427666 0 0.862745 0.862745
v 0.0560991637 0.0229575569 0.0310898173 0 0.862745 0.862745
v 0.0544828702 0.0229591003 0.0318377974 1 0.470588 0
v 0.0528638387 0.0229598536 0.0325796688 1 0.470588 0
v 0.0512471808 0.022957189 0.033326783 1 0.470588 0
v 0.049636984 0.0229554415 0.0340878076 1 0.470588 0
v 0.0480172054 0.0229542762 0.0348281702 1 0.470588 0
v 0.04640416 0.022963448 0.0355830161 1 0.470588 0
v 0.0447851183 0.0229578496 0.0363248498 0.470588 1 0
v 0.0431677143 0.0229557965 0.037070259 0.470588 1 0
v 0.0415511719 0.0229562975 0.0378177156 0.470588 1 0
v 0.0399327962 0.0229531208 0.0385611233 0.470588 1 0
v 0.038301315 0.0229335089 0.0392741492 0.470588 1 0
v 0.036634957 0.0228618233 0.0398971643 0.470588 1 0
v 0.034947 0.0227408267 0.0404472209 0.470588 1 0
v 0.0746462219 0.0256304367 -0.123473133 0 0.862745 0.862745
v 0.0748545981 0.0256198172 -0.121683297 0 0.862745 0.862745
v 0.075039043 0.0256204854 -0.119890768 0 0.862745 0.862745
v 0.0752631118 0.025636493 -0.118102773 0 0.862745 0.862745
v 0.0754646649 0.0256386587 -0.116312075 0 0.862745 0.862745
v 0.0756524352 0.0256387497 -0.114519838 0 0.862745 0.862745
v 0.0758222509 0.025633123 -0.112725882 1 0.470588 0
v 0.0759532818 0.0256318214 -0.110928634 1 0.470588 0
v 0.0761106096 0.0256370337 -0.109133487 1 0.470588 0
v 0.0762493075 0.0256352574 -0.107336844 1 0.470588 0
v 0.0763890985 0.0256343499 -0.105540273 1 0.470588 0
v 0.07651553 0.025638299 -0.103742727 1 0.470588 0
v 0.0766089238 0.0256430151 -0.101943103 0.470588 1 0
v 0.0766833046 0.025640234 -0.1001426 0.470588 1 0
v 0.0767569317 0.0256437882 -0.0983420564 0.470588 1 0
v 0.076832112 0.0256467404 -0.0965415776 0.470588 1 0
v 0.0769074562 0.0256501981 -0.0947411074 0.470588 1 0
v 0.0769824939 0.0256534275 -0.0929406263 0.470588 1 0
v 0.0770624084 0.0256565959 -0.0911403743 1 0 0.705882
v 0.0771329845 0.0256551234 -0.0893397545 1 0 0.705882
v 0.0771984785 0.0256547027 -0.0875389296 1 0 0.705882
v 0.0772667599 0.0256645828 -0.085738223 1 0 0.705882
v 0.0772971988 0.0256641576 -0.0839364752 1 0 0.705882
v 0.0773320229 0.025667467 -0.0821348026 1 0 0.705882
v 0.0773535725 0.0256663275 -0.0803328777 1 0 0.705882
v 0.0773654154 0.0256685737 -0.0785309042 1 0 0.705882
v 0.0773669044 0.0256730674 -0.0767288705 0.313725 0.313725 1
v 0.0773646589 0.0256762218 -0.0749268314 0.313725 0.313725 1
v 0.0773627271 0.0256782628 -0.0731247952 0.313725 0.313725 1
v 0.077362367 0.0256799354 -0.0713227546 0.313725 0.313725 1
v 0.0773660564 0.0256790859 -0.0695207058 0.313725 0.313725 1
v 0.0773639838 0.0256872219 -0.0677186702 0.313725 0.313725 1
v 0.077363208 0.0256952797 -0.0659166349 0.705882 0.470588 0.156863
v 0.0773524183 0.0257013129 -0.0641146227 0.705882 0.470588 0.156863
v 0.0773189311 0.0256987664 -0.0623129091 0.705882 0.470588 0.156863
v 0.0772767761 0.0256944987 -0.0605113754 0.705882 0.470588 0.156863
v 0.0772173179 0.0256950481 -0.0587103002 0.705882 0.470588 0.156863
v 0.0771535405 0.0257021205 -0.0569093933 0.705882 0.470588 0.156863
v 0.0770879372 0.0257055 -0.0551085404 0.705882 0.470588 0.156863
v 0.0770246575 0.0257076081 -0.053307612 0.705882 0.470588 0.156863
v 0.0769572216 0.0257077586 -0.0515068185 0.470588 0.470588 0.470588
v 0.0768887247 0.0257063426 -0.049706092 0.470588 0.470588 0.470588
v 0.0768267633 0.0257009607 -0.0479051236 0.470588 0.470588 0.470588
v 0.0767552993 0.0257066091 -0.0461044952 0.470588 0.470588 0.470588
v 0.076677566 0.0257099982 -0.0443041351 0.470588 0.470588 0.470588
v 0.0765918077 0.0257175867 -0.0425041364 0.470588 0.470588 0.470588
v 0.0764899633 0.0257195113 -0.0407049811 0.470588 0.470588 0.470588
v 0.0763752987 0.0257262218 -0.038906604 0.470588 0.470588 0.470588
v 0.0762446848 0.0257249122 -0.0371093115 1 0 0
v 0.0761059365 0.0257236996 -0.0353126118 1 0 0
v 0.0759599235 0.0257222948 -0.0335164893 1 0 0
v 0.0758115456 0.0257209848 -0.0317205627 1 0 0
v 0.0756567373 0.0257205394 -0.0299251706 1 0 0
v 0.0754961254 0.0257211703 -0.0281302917 1 0 0
v 0.0753450031 0.0257284293 -0.0263346112 0 1 0
v 0.0751858084 0.0257299925 -0.0245396098 0 1 0
v 0.0750234176 0.0257456649 -0.0227449542 0 1 0
v 0.0748603708 0.0257576828 -0.0209503292 0 1 0
v 0.0746952323 0.0257711294 -0.019155906 0 1 0
v 0.0745198079 0.0257813593 -0.0173624449 0 1 0
v 0.0743274167 0.0257926476 -0.0155707451 0 0.501961 1
v 0.0741236168 0.0258016442 -0.0137802854 0 0.501961 1
v 0.073913656 0.0258093226 -0.0119905292 0 0.501961 1
v 0.0736822388 0.0258174333 -0.0102034357 0 0.501961 1
v 0.0734461573 0.0258233904 -0.00841694507 0 0.501961 1
v 0.0731924686 0.0258289754 -0.00663301951 0 0.501961 1
v 0.0729335168 0.0258304969 -0.00484969331 0 0.501961 1
v 0.0726760275 0.0258350531 -0.00306615907 0 0.501961 1
v 0.0723938904 0.0258352393 -0.00128635277 1 0.784314 0
v 0.0721114866 0.025833029 0.000493406147 1 0.784314 0
v 0.0718365609 0.02583323 0.00227432916 1 0.784314 0
v 0.0715666471 0.0258318893 0.00405603546 1 0.784314 0
v 0.0712742946 0.0258323847 0.00583414983 1 0.784314 0
v 0.0709691945 0.0258239136 0.00761015392 1 0.784314 0
v 0.0706659331 0.0258257543 0.00938649833 1 0.784314 0
v 0.0703605536 0.0258217859 0.0111624868 1 0.784314 0
v 0.0700184969 0.0258110628 0.0129316999 0.705882 0 1
v 0.0696699931 0.0258006484 0.0146996867 0.705882 0 1
v 0.0693077349 0.0257887775 0.0164646892 0.705882 0 1
v 0.0688993587 0.0257679149 0.0182195271 0.705882 0 1
v 0.0683936365 0.025724056 0.0199474834 0.705882 0 1
v 0.0677020138 0.0256325394 0.0216088394 0.705882 0 1
v 0.0668328983 0.025489118 0.0231759367 0.705882 0 1
v 0.0657517719 0.0252843597 0.0245966822 0.705882 0 1
v 0.0644316622 0.0250435324 0.0257882865 0 0.862745 0.862745
v 0.0629080663 0.0249015849 0.0267330514 0 0.862745 0.862745
v 0.0612922576 0.0248575524 0.0275280542 0 0.862745 0.862745
v 0.0596557888 0.0248452773 0.0282822203 0 0.862745 0.862745
v 0.0580208766 0.0248478745 0.0290400953 0 0.862745 0.862745
v 0.0563840383 0.0248469846 0.0297938353 0 0.862745 0.862745
v 0.0547474923 0.024848633 0.0305482132 0 0.862745 0.862745
v 0.053109721 0.024855439 0.0312998723 0 0.862745 0.862745
v 0.051474287 0.0248560941 0.0320566805 1 0.470588 0
v 0.0498384271 0.0248520669 0.0328125496 1 0.470588 0
v 0.0482024338 0.0248496999 0.0335680792 1 0.470588 0
v 0.0465671522 0.0248502245 0.0343252041 1 0.470588 0
v 0.0449336289 0.024849767 0.0350860095 1 0.470588 0
v 0.0432992263 0.0248487295 0.0358449362 1 0.470588 0
v 0.041662375 0.0248521096 0.0365985589 0.470588 1 0
v 0.040027737 0.0248494597 0.0373568994 0.470588 1 0
v 0.038377352 0.0248209456 0.0380782122 0.470588 1 0
v 0.0366781043 0.0247325574 0.0386676939 0.470588 1 0
v 0.034947 0.0245402402 0.0391285444 0.470588 1 0
v 0.0739065271 0.0276714071 -0.123472012 0 0.862745 0.862745
v 0.0740889524 0.0276639985 -0.121694005 0 0.862745 0.862745
v 0.0742825202 0.0276596014 -0.119917194 0 0.862745 0.862745
v 0.0744937972 0.0276667696 -0.118142442 0 0.862745 0.862745
v 0.0747014245 0.0276726865 -0.116367066 0 0.862745 0.862745
v 0.0748892951 0.0276737247 -0.114589502 0 0.862745 0.862745
v 0.0750716454 0.0276780012 -0.112811355 1 0.470588 0
v 0.0752053314 0.0276750987 -0.111028991 1 0.470588 0
v 0.0753691103 0.027678419 -0.109249191 1 0.470588 0
v 0.0755178053 0.0276830063 -0.107467954 1 0.470588 0
v 0.0756629508 0.0276857839 -0.105686505 1 0.470588 0
v 0.0757791414 0.0276882624 -0.103902892 1 0.470588 0
v 0.0758757657 0.0276913155 -0.102118071 0.470588 1 0
v 0.075966871 0.0276936883 -0.100332924 0.470588 1 0
v 0.0760554217 0.0276936281 -0.0985476693 0.470588 1 0
v 0.0761206706 0.0276990415 -0.0967614601 0.470588 1 0
v 0.0762062264 0.0277057963 -0.0949760367 0.470588 1 0
v 0.076284615 0.027711783 -0.0931902993 0.470588 1 0
v 0.0763580123 0.0277127572 -0.0914043358 1 0 0.705882
v 0.0764311354 0.0277128394 -0.0896183515 1 0 0.705882
v 0.0764988543 0.0277164887 -0.0878321555 1 0 0.705882
v 0.0765787291 0.0277274135 -0.0860464884 1 0 0.705882
v 0.0766200088 0.0277290719 -0.0842595062 1 0 0.705882
v 0.0766633079 0.0277349433 -0.082472627 1 0 0.705882
v 0.0766901938 0.0277392218 -0.0806853615 1 0 0.705882
v 0.0767051317 0.0277433034 -0.0788979959 1 0 0.705882
v 0.0767104056 0.0277466219 -0.0771105288 0.313725 0.313725 1
v 0.0767178942 0.0277519325 -0.0753230902 0.313725 0.313725 1
v 0.0767202103 0.0277558318 -0.0735356238 0.313725 0.313725 1
v 0.076723619 0.0277605796 -0.0717481494 0.313725 0.313725 1
v 0.076727946 0.0277653082 -0.0699606787 0.313725 0.313725 1
v 0.0767341917 0.0277703295 -0.0681732122 0.313725 0.313725 1
v 0.0767373867 0.027773858 -0.0663857351 0.705882 0.470588 0.156863
v 0.0767266375 0.0277729833 -0.0645982817 0.705882 0.470588 0.156863
v 0.0766978975 0.0277763659 -0.0628110693 0.705882 0.470588 0.156863
v 0.0766535067 0.0277793092 -0.0610241505 0.705882 0.470588 0.156863
v 0.076595026 0.0277798527 -0.0592376259 0.705882 0.470588 0.156863
v 0.0765361997 0.0277768273 -0.0574511137 0.705882 0.470588 0.156863
v 0.0764812524 0.0277807916 -0.0556644913 0.705882 0.470588 0.156863
v 0.0764256394 0.0277783992 -0.0538779424 0.705882 0.470588 0.156863
v 0.076364155 0.0277832686 -0.0520915385 0.470588 0.470588 0.470588
v 0.0762943263 0.0277858862 -0.0503054264 0.470588 0.470588 0.470588
v 0.0762407761 0.0277944509 -0.0485187914 0.470588 0.470588 0.470588
v 0.0761866225 0.027798681 -0.0467322057 0.470588 0.470588 0.470588
v 0.0761241383 0.027805164 -0.044945895 0.470588 0.470588 0.470588
v 0.0760435444 0.027808896 -0.0431602403 0.470588 0.470588 0.470588
v 0.0759527111 0.0278089952 -0.0413750805 0.470588 0.470588 0.470588
v 0.0758460774 0.0278156687 -0.0395907953 0.470588 0.470588 0.470588
v 0.0757242402 0.0278191004 -0.0378074867 1 0 0
v 0.0755918103 0.0278207926 -0.0360249406 1 0 0
v 0.0754486317 0.0278196259 -0.0342432107 1 0 0
v 0.0752963078 0.0278168462 -0.0324622353 1 0 0
v 0.0751485618 0.0278154556 -0.0306808675 1 0 0
v 0.0749926274 0.0278164044 -0.0289001979 1 0 0
v 0.0748435571 0.0278213258 -0.0271189565 0 1 0
v 0.0746870679 0.0278296566 -0.0253383625 0 1 0
v 0.0745270064 0.0278388059 -0.0235580944 0 1 0
v 0.0743640502 0.0278490824 -0.0217780881 0 1 0
v 0.0741999637 0.0278599064 -0.0199981857 0 1 0
v 0.0740437237 0.0278712519 -0.0182176023 0 1 0
v 0.0738761927 0.0278959477 -0.0164381565 0 0.501961 1
v 0.0736932902 0.0279056513 -0.0146600912 0 0.501961 1
v 0.0734958045 0.0279142234 -0.0128835931 0 0.501961 1
v 0.0732984715 0.0279301627 -0.0111071114 0 0.501961 1
v 0.0730945396 0.0279426122 -0.00933135326 0 0.501961 1
v 0.0728729553 0.0279524026 -0.00755778189 0 0.501961 1
v 0.0726428832 0.0279603935 -0.00578527986 0 0.501961 1
v 0.0724144411 0.0279685803 -0.0040125491 0 0.501961 1
v 0.0721458694 0.0279697452 -0.00224541656 1 0.784314 0
v 0.0718647886 0.027969069 -0.000480289183 1 0.784314 0
v 0.0715759207 0.0279650743 0.00128369448 1 0.784314 0
v 0.0713038373 0.0279650566 0.0030503274 1 0.784314 0
v 0.0710172152 0.0279614695 0.00481467107 1 0.784314 0
v 0.0707132262 0.0279563248 0.00657608025 1 0.784314 0
v 0.0704080072 0.0279491687 0.00833728861 1 0.784314 0
v 0.0700908345 0.027943877 0.0100963833 1 0.784314 0
v 0.0697418607 0.0279317162 0.0118494106 0.705882 0 1
v 0.0693876275 0.0279202038 0.013601402 0.705882 0 1
v 0.0689902551 0.0278952663 0.0153438125 0.705882 0 1
v 0.0685524184 0.0278634046 0.0170761474 0.705882 0 1
v 0.0680387807 0.0278144899 0.0187856637 0.705882 0 1
v 0.0673730786 0.0277180603 0.0204382283 0.705882 0 1
v 0.0664708191 0.0275293959 0.0219690977 0.705882 0 1
v 0.0653792141 0.0272605726 0.0233518089 0.705882 0 1
v 0.0641090801 0.0269698093 0.0245727902 0 0.862745 0.862745
v 0.062636163 0.0267523167 0.025560192 0 0.862745 0.862745
v 0.0610369939 0.0266955739 0.0263542505 0 0.862745 0.862745
v 0.0594177599 0.0266829691 0.0271110956 0 0.862745 0.862745
v 0.0577980206 0.0266856452 0.0278670651 0 0.862745 0.862745
v 0.0561752752 0.0266846256 0.0286165434 0 0.862745 0.862745
v 0.054549683 0.0266879318 0.0293598215 0 0.862745 0.862745
v 0.0529262316 0.0266906426 0.0301078057 0 0.862745 0.862745
v 0.0513049594 0.0266929928 0.0308605123 1 0.470588 0
v 0.0496833191 0.0266942752 0.0316124237 1 0.470588 0
v 0.0480602627 0.0266887069 0.0323612351 1 0.470588 0
v 0.0464365298 0.0266844295 0.0331086088 1 0.470588 0
v 0.0448112943 0.0266811298 0.0338527219 1 0.470588 0
v 0.0431895975 0.0266804736 0.0346044425 1 0.470588 0
v 0.0415674366 0.0266845148 0.0353550932 0.470588 1 0
v 0.0399490726 0.0266872583 0.0361139355 0.470588 1 0
v 0.0383178929 0.0266743551 0.0368440989 0.470588 1 0
v 0.0366616532 0.026633721 0.0375147758 0.470588 1 0
v 0.034947 0.0264619906 0.0379897275 0.470588 1 0
v 0.0729864526 0.029636253 -0.123470658 0 0.862745 0.862745
v 0.0731764053 0.0296373453 -0.121709286 0 0.862745 0.862745
v 0.073370302 0.0296377556 -0.119948375 0 0.862745 0.862745
v 0.0735748571 0.0296426424 -0.118188613 0 0.862745 0.862745
v 0.073793559 0.0296488856 -0.116430625 0 0.862745 0.862745
v 0.0739912758 0.0296543669 -0.114669964 0 0.862745 0.862745
v 0.0741727307 0.0296576995 -0.112907566 1 0.470588 0
v 0.0743177671 0.0296578744 -0.111141861 1 0.470588 0
v 0.07447965 0.0296685927 -0.109377649 1 0.470588 0
v 0.074636183 0.0296735071 -0.107612925 1 0.470588 0
v 0.0747820743 0.0296771 -0.105847295 1 0.470588 0
v 0.0749107605 0.0296812599 -0.104080275 1 0.470588 0
v 0.0750143277 0.0296875547 -0.102311624 0.470588 1 0
v 0.0751166999 0.0296962385 -0.100542917 0.470588 1 0
v 0.075221801 0.0297077324 -0.0987743368 0.470588 1 0
v 0.07529128 0.0297100944 -0.0970039737 0.470588 1 0
v 0.0753786089 0.0297192789 -0.0952344365 0.470588 1 0
v 0.0754623078 0.029727101 -0.0934646909 0.470588 1 0
v 0.0755366069 0.0297292929 -0.0916945475 1 0 0.705882
v 0.0756113707 0.02973231 -0.089924387 1 0 0.705882
v 0.0756861574 0.0297364153 -0.0881542294 1 0 0.705882
v 0.0757645082 0.0297459928 -0.0863842655 1 0 0.705882
v 0.0758221313 0.0297493274 -0.0846134642 1 0 0.705882
v 0.07587384 0.0297578626 -0.0828425367 1 0 0.705882
v 0.0759071678 0.0297648811 -0.0810711253 1 0 0.705882
v 0.075927598 0.029770722 -0.0792995596 1 0 0.705882
v 0.075929473 0.0297706911 -0.0775278243 0.313725 0.313725 1
v 0.0759602005 0.0297801415 -0.0757563817 0.313725 0.313725 1
v 0.0759697097 0.0297861323 -0.0739846952 0.313725 0.313725 1
v 0.0759674456 0.0297912551 -0.0722129659 0.313725 0.313725 1
v 0.0759711527 0.0297929523 -0.0704412354 0.313725 0.313725 1
v 0.0759802125 0.0297990398 -0.0686695334 0.313725 0.313725 1
v 0.0759868832 0.0298075803 -0.0668978316 0.705882 0.470588 0.156863
v 0.0759866013 0.0298160534 -0.0651261133 0.705882 0.470588 0.156863
v 0.0759715951 0.0298218421 -0.063354451 0.705882 0.470588 0.156863
v 0.0759351199 0.0298222856 -0.0615830912 0.705882 0.470588 0.156863
v 0.0758858249 0.0298255192 -0.05981204 0.705882 0.470588 0.156863
v 0.0758199448 0.0298218446 -0.0580415777 0.705882 0.470588 0.156863
v 0.075772084 0.0298299913 -0.0562705255 0.705882 0.470588 0.156863
v 0.0757124057 0.0298311314 -0.0544998141 0.705882 0.470588 0.156863
v 0.075666262 0.0298380719 -0.0527287254 0.470588 0.470588 0.470588
v 0.0756074133 0.0298399482 -0.0509579789 0.470588 0.470588 0.470588
v 0.0755511556 0.0298456363 -0.0491871573 0.470588 0.470588 0.470588
v 0.0754914629 0.0298440607 -0.0474164642 0.470588 0.470588 0.470588
v 0.075448538 0.0298525877 -0.0456452907 0.470588 0.470588 0.470588
v 0.0753947646 0.0298698761 -0.043874456 0.470588 0.470588 0.470588
v 0.0753121216 0.0298758643 -0.042104661 0.470588 0.470588 0.470588
v 0.0752091518 0.0298797201 -0.0403359689 0.470588 0.470588 0.470588
v 0.0750923949 0.0298800804 -0.0385681124 1 0 0
v 0.0749711965 0.0298766494 -0.0368005359 1 0 0
v 0.0748446017 0.0298799794 -0.03503334 1 0 0
v 0.0746936392 0.0298822831 -0.0332680698 1 0 0
v 0.0745551387 0.0298838547 -0.0315018027 1 0 0
v 0.0743940389 0.0298820976 -0.0297374394 1 0 0
v 0.0742371171 0.0298814768 -0.0279726847 0 1 0
v 0.0740844818 0.0298887195 -0.0262075666 0 1 0
v 0.0739265451 0.0298969246 -0.0244429017 0 1 0
v 0.0737763054 0.0299109396 -0.0226776391 0 1 0
v 0.0736154801 0.0299223773 -0.0209132876 0 1 0
v 0.0734513876 0.0299348419 -0.0191492159 0 1 0
v 0.0732828558 0.0299486312 -0.0173855975 0 0.501961 1
v 0.073114225 0.0299656451 -0.0156219991 0 0.501961 1
v 0.0729305668 0.0299797386 -0.0138598751 0 0.501961 1
v 0.0727352311 0.0299896394 -0.0120989711 0 0.501961 1
v 0.0725675916 0.0300135472 -0.0103353402 0 0.501961 1
v 0.0723741419 0.0300297678 -0.00857430678 0 0.501961 1
v 0.0721492186 0.0300370119 -0.00681701844 0 0.501961 1
v 0.0719403222 0.0300485071 -0.00505775552 0 0.501961 1
v 0.0717073045 0.0300541493 -0.00330159003 1 0.784314 0
v 0.0714694515 0.0300669128 -0.00154603296 1 0.784314 0
v 0.0711866685 0.0300635051 0.000202830761 1 0.784314 0
v 0.0709126397 0.0300624806 0.00195315033 1 0.784314 0
v 0.0706181532 0.0300573821 0.00370019013 1 0.784314 0
v 0.0703091386 0.0300492004 0.00544473888 1 0.784314 0
v 0.0700043661 0.0300460626 0.00719005684 1 0.784314 0
v 0.0696839156 0.0300375504 0.00893243864 1 0.784314 0
v 0.0693331048 0.0300206687 0.0106689401 0.705882 0 1
v 0.0689558732 0.0299972534 0.0123998176 0.705882 0 1
v 0.0685506012 0.0299665614 0.0141241221 0.705882 0 1
v 0.068105844 0.0299245076 0.0158386099 0.705882 0 1
v 0.0675524033 0.0298441439 0.0175187785 0.705882 0 1
v 0.0668839279 0.0297249225 0.0191504986 0.705882 0 1
v 0.0660139638 0.0295227434 0.0206726805 0.705882 0 1
v 0.064922074 0.029207601 0.0220291543 0.705882 0 1
v 0.0636660207 0.028839871 0.0232207772 0 0.862745 0.862745
v 0.0622614724 0.0285702675 0.0242541665 0 0.862745 0.862745
v 0.0607176277 0.0284583808 0.0251083501 0 0.862745 0.862745
v 0.0591122464 0.0284456895 0.0258575869 0 0.862745 0.862745
v 0.0575030625 0.0284463782 0.0265988841 0 0.862745 0.862745
v 0.0558945188 0.0284483798 0.0273416117 0 0.862745 0.862745
v 0.0542886147 0.0284503364 0.0280898432 0 0.862745 0.862745
v 0.0526802569 0.0284526147 0.0288328255 0 0.862745 0.862745
v 0.0510714206 0.0284555133 0.0295747024 1 0.470588 0
v 0.049463528 0.0284564416 0.0303188389 1 0.470588 0
v 0.0478551574 0.0284556496 0.0310619287 1 0.470588 0
v 0.0462465 0.0284541619 0.0318044102 1 0.470588 0
v 0.0446362874 0.0284496 0.032543489 1 0.470588 0
v 0.0430257559 0.0284457834 0.0332818694 1 0.470588 0
v 0.0414159796 0.0284436511 0.0340218218 0.470588 1 0
v 0.039816438 0.0284546959 0.0347835705 0.470588 1 0
v 0.0382087338 0.0284577209 0.0355279468 0.470588 1 0
v 0.036589496 0.0284513175 0.0362470146 0.470588 1 0
v 0.034947 0.028403242 0.0369093874 0.470588 1 0
v 0.0718905301 0.0315076597 -0.1234692 0.313725 0.313725 1
v 0.0720906352 0.0315121697 -0.121692277 0.313725 0.313725 1
v 0.0722925034 0.0315227632 -0.119915409 0.313725 0.313725 1
v 0.0725101061 0.0315362846 -0.118140488 0.313725 0.313725 1
v 0.0727116864 0.0315367267 -0.116363644 0.313725 0.313725 1
v 0.0729210556 0.0315489555 -0.114587687 0.313725 0.313725 1
v 0.0731157319 0.0315598468 -0.112810017 0.705882 0.470588 0.156863
v 0.0732858736 0.0315650996 -0.11102991 0.705882 0.470588 0.156863
v 0.0734626926 0.0315837883 -0.109250614 0.705882 0.470588 0.156863
v 0.0736364222 0.0315929132 -0.107470871 0.705882 0.470588 0.156863
v 0.0737785314 0.031598284 -0.105688441 0.705882 0.470588 0.156863
v 0.0739244104 0.0316085847 -0.103906182 0.705882 0.470588 0.156863
v 0.0740415948 0.0316240264 -0.102121767 0.470588 0.470588 0.470588
v 0.0741620914 0.0316443939 -0.100337676 0.470588 0.470588 0.470588
v 0.0742612836 0.0316532754 -0.0985522404 0.470588 0.470588 0.470588
v 0.0743510047 0.0316634635 -0.0967662518 0.470588 0.470588 0.470588
v 0.0744352766 0.0316697202 -0.0949799601 0.470588 0.470588 0.470588
v 0.0745217719 0.0316773623 -0.0931937795 0.470588 0.470588 0.470588
v 0.0746130725 0.0316884388 -0.091407812 1 0 0
v 0.0746887843 0.0316865104 -0.0896210829 1 0 0
v 0.0747783104 0.0316994839 -0.0878350564 1 0 0
v 0.0748564026 0.031712589 -0.0860485157 1 0 0
v 0.0749243949 0.0317252309 -0.0842615224 1 0 0
v 0.0749732661 0.0317310363 -0.0824739456 1 0 0
v 0.075006421 0.0317392879 -0.0806859549 1 0 0
v 0.0750250264 0.0317452691 -0.0788978241 1 0 0
v 0.0750414319 0.0317521727 -0.0771097545 0 1 0
v 0.0750719299 0.0317678059 -0.0753218314 0 1 0
v 0.0750817573 0.0317747324 -0.0735335387 0 1 0
v 0.0750814034 0.031777396 -0.0717452159 0 1 0
v 0.0750930217 0.0317834684 -0.0699569368 0 1 0
v 0.0751057479 0.0317930113 -0.068168682 0 1 0
v 0.0751143938 0.0318012472 -0.0663803883 0 0.501961 1
v 0.0751214071 0.0318092433 -0.0645921117 0 0.501961 1
v 0.0751141285 0.0318116683 -0.0628037938 0 0.501961 1
v 0.0750690758 0.0318198005 -0.0610160919 0 0.501961 1
v 0.0750140969 0.0318220561 -0.0592286294 0 0.501961 1
v 0.0749664068 0.0318279748 -0.0574410409 0 0.501961 1
v 0.0749174275 0.0318357823 -0.0556534652 0 0.501961 1
v 0.0748602298 0.0318361756 -0.0538660711 0 0.501961 1
v 0.0748164788 0.0318457515 -0.0520783005 1 0.784314 0
v 0.0747704865 0.0318540823 -0.050290586 1 0.784314 0
v 0.0747098714 0.0318527598 -0.0485033315 1 0.784314 0
v 0.0746468845 0.0318504567 -0.0467162919 1 0.784314 0
v 0.0746051588 0.031865458 -0.0449285228 1 0.784314 0
v 0.0745514374 0.0318856755 -0.0431411089 1 0.784314 0
v 0.0744704575 0.0318901384 -0.0413546326 1 0.784314 0
v 0.0743350732 0.0318897047 -0.0395715381 1 0.784314 0
v 0.0742198155 0.0318952069 -0.0377869343 0.705882 0 1
v 0.0741020131 0.0319007454 -0.0360025058 0.705882 0 1
v 0.0739736792 0.0319034045 -0.034218786 0.705882 0 1
v 0.0738273099 0.0319045327 -0.0324365459 0.705882 0 1
v 0.0736756221 0.0319027496 -0.0306547152 0.705882 0 1
v 0.0735245634 0.0319052908 -0.0288728289 0.705882 0 1
v 0.0733595218 0.0319035435 -0.0270921585 0 0.862745 0.862745
v 0.0732081611 0.0319113947 -0.0253103128 0 0.862745 0.862745
v 0.0730686197 0.0319301017 -0.0235275465 0 0.862745 0.862745
v 0.0729103583 0.0319428217 -0.0217462863 0 0.862745 0.862745
v 0.0727397581 0.0319531048 -0.0199661572 0 0.862745 0.862745
v 0.0725675192 0.0319651497 -0.0181862006 0 0.862745 0.862745
v 0.072391 0.0319787797 -0.0164066846 1 0.470588 0
v 0.0722117185 0.0319941881 -0.0146274587 1 0.470588 0
v 0.0720174052 0.0320058909 -0.0128498515 1 0.470588 0
v 0.0718433473 0.032026908 -0.0110704379 1 0.470588 0
v 0.0716642322 0.0320487134 -0.00929133678 1 0.470588 0
v 0.0714623567 0.0320646388 -0.00751454564 1 0.470588 0
v 0.0712497171 0.0320749405 -0.00573908248 1 0.470588 0
v 0.0710220996 0.0320800928 -0.00396535809 1 0.470588 0
v 0.0707937262 0.0320987951 -0.00219189126 0.470588 1 0
v 0.0705364317 0.0321014778 -0.000422306166 0.470588 1 0
v 0.0702621016 0.0321053683 0.00134485493 0.470588 1 0
v 0.0699567156 0.0320972784 0.00310688198 0.470588 1 0
v 0.0696474392 0.0320890273 0.0048682294 0.470588 1 0
v 0.0693391929 0.0320807261 0.00662967704 0.470588 1 0
v 0.068990222 0.0320613774 0.0083829476 0.470588 1 0
v 0.0685990994 0.0320297737 0.0101275843 0.470588 1 0
v 0.0682081812 0.0320021073 0.0118721186 1 0 0.705882
v 0.0677331055 0.0319404192 0.013595093 1 0 0.705882
v 0.0672406368 0.0318749972 0.0153127627 1 0 0.705882
v 0.0666274936 0.0317583774 0.0169872714 1 0 0.705882
v 0.065817131 0.0315371359 0.0185646416 1 0 0.705882
v 0.0648157468 0.0312164213 0.0200039695 1 0 0.705882
v 0.0636603749 0.0308256564 0.0213076903 1 0 0.705882
v 0.0623638148 0.03041683 0.022466273 1 0 0.705882
v 0.0608963185 0.0301833767 0.0234417055 0.313725 0.313725 1
v 0.0593047834 0.0301270068 0.0242523061 0.313725 0.313725 1
v 0.0576819317 0.0301249006 0.0250036039 0.313725 0.313725 1
v 0.0560575344 0.0301236451 0.0257515774 0.313725 0.313725 1
v 0.054431405 0.0301251152 0.0264957769 0.313725 0.313725 1
v 0.0528098175 0.0301279471 0.0272496052 0.313725 0.313725 1
v 0.0511844756 0.0301294124 0.0279953279 0.313725 0.313725 1
v 0.0495626175 0.0301293719 0.0287485499 0.313725 0.313725 1
v 0.0479411952 0.0301275069 0.0295029162 0.705882 0.470588 0.156863
v 0.0463180998 0.0301274855 0.0302537081 0.705882 0.470588 0.156863
v 0.0446933244 0.0301275861 0.0310008542 0.705882 0.470588 0.156863
v 0.0430707226 0.0301293522 0.0317526325 0.705882 0.470588 0.156863
v 0.041447666 0.0301274695 0.0325034411 0.705882 0.470588 0.156863
v 0.03982568 0.0301301799 0.0332565615 0.705882 0.470588 0.156863
v 0.0382041808 0.0301309469 0.0340107243 0.470588 0.470588 0.470588
v 0.036579884 0.030136677 0.0347588729 0.470588 0.470588 0.470588
v 0.034947 0.0301412338 0.0354880889 0.470588 0.470588 0.470588
v 0.0706286396 0.0332717812 -0.123467352 0.313725 0.313725 1
v 0.0708427569 0.0332994823 -0.121677079 0.313725 0.313725 1
v 0.0710597573 0.0333158655 -0.119886928 0.313725 0.313725 1
v 0.0712689627 0.0333184844 -0.118095747 0.313725 0.313725 1
v 0.0714643053 0.033313141 -0.116303325 0.313725 0.313725 1
v 0.0716870921 0.0333345416 -0.114514099 0.313725 0.313725 1
v 0.0718801 0.0333392277 -0.112721105 0.705882 0.470588 0.156863
v 0.0720747971 0.0333656874 -0.110928581 0.705882 0.470588 0.156863
v 0.0722728457 0.0333962291 -0.10913656 0.705882 0.470588 0.156863
v 0.07246521 0.0334230064 -0.107343846 0.705882 0.470588 0.156863
v 0.0726210817 0.0334311674 -0.105547359 0.705882 0.470588 0.156863
v 0.0727828638 0.0334570389 -0.103751775 0.705882 0.470588 0.156863
v 0.0729115805 0.0334729261 -0.101953096 0.470588 0.470588 0.470588
v 0.073039047 0.0334907479 -0.100154331 0.470588 0.470588 0.470588
v 0.0731368644 0.0334966428 -0.0983536398 0.470588 0.470588 0.470588
v 0.0732437959 0.0335228297 -0.0965537211 0.470588 0.470588 0.470588
v 0.0733253834 0.0335288987 -0.094752212 0.470588 0.470588 0.470588
v 0.0734192979 0.0335424465 -0.0929514433 0.470588 0.470588 0.470588
v 0.0735312581 0.0335604553 -0.0911516851 1 0 0
v 0.0736122795 0.0335620403 -0.089350147 1 0 0
v 0.0737266272 0.0335937623 -0.0875508163 1 0 0
v 0.0738013022 0.0336050755 -0.085749045 1 0 0
v 0.073871778 0.0336192849 -0.0839471126 1 0 0
v 0.0739200181 0.0336259413 -0.0821444435 1 0 0
v 0.073965807 0.0336420635 -0.0803417519 1 0 0
v 0.0739954368 0.0336549444 -0.0785387945 1 0 0
v 0.0740159476 0.0336653986 -0.0767356731 0 1 0
v 0.0740357165 0.0336760677 -0.0749325791 0 1 0
v 0.0740530937 0.0336868522 -0.0731293824 0 1 0
v 0.0740703504 0.0336989258 -0.0713262696 0 1 0
v 0.0740806221 0.0337022788 -0.0695229326 0 1 0
v 0.0741013881 0.0337166395 -0.0677197629 0 1 0
v 0.0741185619 0.0337312221 -0.065916599 0 0.501961 1
v 0.0741157119 0.0337390803 -0.0641132536 0 0.501961 1
v 0.0740988598 0.0337473991 -0.0623099871 0 0.501961 1
v 0.0740742489 0.0337602253 -0.0605068371 0 0.501961 1
v 0.0740152278 0.0337551927 -0.0587046131 0 0.501961 1
v 0.0739698708 0.0337663969 -0.0569019265 0 0.501961 1
v 0.0739311752 0.0337745485 -0.0550991368 0 0.501961 1
v 0.0738821947 0.0337780461 -0.0532964391 0 0.501961 1
v 0.0738303597 0.0337865742 -0.0514938469 1 0.784314 0
v 0.0737855388 0.0337991755 -0.0496911018 1 0.784314 0
v 0.0737358485 0.0338078155 -0.0478884375 1 0.784314 0
v 0.0736792699 0.0338110026 -0.0460859703 1 0.784314 0
v 0.0736258197 0.0338206308 -0.0442834351 1 0.784314 0
v 0.0735517663 0.033832379 -0.0424816432 1 0.784314 0
v 0.0734536376 0.0338382592 -0.0406811491 1 0.784314 0
v 0.0733382096 0.0338415829 -0.038881508 1 0.784314 0
v 0.0732280543 0.0338467082 -0.0370815155 0.705882 0 1
v 0.0730936698 0.033846924 -0.0352832759 0.705882 0 1
v 0.0729637413 0.0338580728 -0.0334847398 0.705882 0 1
v 0.0728169016 0.0338592358 -0.0316874117 0.705882 0 1
v 0.0726730417 0.0338640261 -0.0298898924 0.705882 0 1
v 0.0725218816 0.0338676975 -0.0280929534 0.705882 0 1
v 0.0723717288 0.0338737472 -0.026295937 0 0.862745 0.862745
v 0.0722231692 0.0338863392 -0.0244988178 0 0.862745 0.862745
v 0.0720665257 0.033902423 -0.0227023848 0 0.862745 0.862745
v 0.0718978931 0.033911437 -0.0209069671 0 0.862745 0.862745
v 0.0717246486 0.0339168785 -0.0191120114 0 0.862745 0.862745
v 0.071552774 0.0339350604 -0.0173169745 0 0.862745 0.862745
v 0.0713758809 0.0339514504 -0.0155223855 1 0.470588 0
v 0.0711840564 0.0339616464 -0.0137295011 1 0.470588 0
v 0.0709987142 0.0339805732 -0.0119359356 1 0.470588 0
v 0.0708252282 0.0340054607 -0.0101411922 1 0.470588 0
v 0.0706211068 0.034018371 -0.008349476 1 0.470588 0
v 0.0704165988 0.0340347183 -0.00655798934 1 0.470588 0
v 0.0701998802 0.0340418037 -0.00476771545 1 0.470588 0
v 0.06996873 0.0340561514 -0.00297937722 1 0.470588 0
v 0.0697147059 0.0340687929 -0.00119405182 0.470588 1 0
v 0.0694492713 0.0340739818 0.000589595248 0.470588 1 0
v 0.0691549385 0.0340669588 0.00236876966 0.470588 1 0
v 0.0688337395 0.0340449915 0.0041431329 0.470588 1 0
v 0.0685006767 0.0340322481 0.00591526413 0.470588 1 0
v 0.0681440297 0.0340108658 0.00768279502 0.470588 1 0
v 0.0677465997 0.0339740187 0.00944141986 0.470588 1 0
v 0.0673020041 0.0339146489 0.0111880007 0.470588 1 0
v 0.0667825957 0.0338175249 0.0129101212 1 0 0.705882
v 0.0661776773 0.0336819377 0.014603395 1 0 0.705882
v 0.0654819695 0.0334924705 0.0162521569 1 0 0.705882
v 0.0646132153 0.0331977673 0.0178019156 1 0 0.705882
v 0.0635551843 0.0327953112 0.019205641 1 0 0.705882
v 0.0623524986 0.0323385962 0.0204686926 1 0 0.705882
v 0.061023047 0.0319116401 0.0216077661 0.313725 0.313725 1
v 0.0594970798 0.0317410669 0.0225246774 0.313725 0.313725 1
v 0.0578692413 0.0317211517 0.0233002412 0.313725 0.313725 1
v 0.056230952 0.0317243883 0.024053977 0.313725 0.313725 1
v 0.0545922017 0.0317231613 0.0248067281 0.313725 0.313725 1
v 0.0529546677 0.0317268918 0.0255621058 0.313725 0.313725 1
v 0.051317294 0.0317282616 0.0263178341 0.313725 0.313725 1
v 0.0496798381 0.0317279943 0.0270733713 0.313725 0.313725 1
v 0.0480439215 0.0317288057 0.027832207 0.705882 0.470588 0.156863
v 0.046409509 0.0317296765 0.0285943039 0.705882 0.470588 0.156863
v 0.0447715836 0.031730304 0.029348802 0.705882 0.470588 0.156863
v 0.0431319405 0.0317238102 0.0300994711 0.705882 0.470588 0.156863
v 0.0414970486 0.0317299336 0.0308604821 0.705882 0.470588 0.156863
v 0.0398610648 0.0317273381 0.0316191813 0.705882 0.470588 0.156863
v 0.0382256589 0.0317268683 0.0323791214 0.470588 0.470588 0.470588
v 0.0365881338 0.0317275274 0.0331345017 0.470588 0.470588 0.470588
v 0.034947 0.031741769 0.0338819034 0.470588 0.470588 0.470588
v 0.0691738856 0.0348815366 -0.12346519 0.313725 0.313725 1
v 0.0693837435 0.0349120203 -0.12169819 0.313725 0.313725 1
v 0.0696029956 0.0349345458 -0.119932174 0.313725 0.313725 1
v 0.0698223216 0.0349523934 -0.118166134 0.313725 0.313725 1
v 0.070036743 0.0349611499 -0.116399459 0.313725 0.313725 1
v 0.0702471134 0.0349762 -0.114632261 0.313725 0.313725 1
v 0.0704557007 0.034994942 -0.112864897 0.705882 0.470588 0.156863
v 0.0706700525 0.0350346905 -0.111098547 0.705882 0.470588 0.156863
v 0.0708782082 0.0350728987 -0.109331495 0.705882 0.470588 0.156863
v 0.0710723561 0.035102995 -0.107562673 0.705882 0.470588 0.156863
v 0.0712524281 0.0351303942 -0.105792241 0.705882 0.470588 0.156863
v 0.0714282854 0.0351627706 -0.104021464 0.705882 0.470588 0.156863
v 0.0715652311 0.0351902718 -0.102247221 0.470588 0.470588 0.470588
v 0.071696077 0.0352181346 -0.100472494 0.470588 0.470588 0.470588
v 0.0718140353 0.0352336788 -0.0986967225 0.470588 0.470588 0.470588
v 0.0719229256 0.0352560728 -0.0969205358 0.470588 0.470588 0.470588
v 0.0720099022 0.0352691168 -0.0951432011 0.470588 0.470588 0.470588
v 0.0721086849 0.0352871271 -0.0933665928 0.470588 0.470588 0.470588
v 0.0722197923 0.0353111934 -0.0915904834 1 0 0
v 0.0723279629 0.035332653 -0.0898142177 1 0 0
v 0.0724292332 0.0353473303 -0.088037449 1 0 0
v 0.0725245158 0.0353663088 -0.0862603696 1 0 0
v 0.0726077544 0.0353902665 -0.0844827387 1 0 0
v 0.0726775058 0.0354099403 -0.0827044378 1 0 0
v 0.0727294904 0.0354293016 -0.0809255549 1 0 0
v 0.0727810457 0.0354579485 -0.0791467479 1 0 0
v 0.0728022915 0.0354667136 -0.077367176 0 1 0
v 0.0728302235 0.0354821786 -0.0755877821 0 1 0
v 0.0728452666 0.0354901786 -0.0738083331 0 1 0
v 0.0728831798 0.0355164084 -0.0720292133 0 1 0
v 0.0729068702 0.035532752 -0.0702497663 0 1 0
v 0.0729093213 0.0355320401 -0.0684700743 0 1 0
v 0.0729509871 0.0355596896 -0.0666910207 0 0.501961 1
v 0.0729488949 0.0355599974 -0.0649112598 0 0.501961 1
v 0.072949832 0.0355754434 -0.0631315627 0 0.501961 1
v 0.072936422 0.0355902494 -0.0613519311 0 0.501961 1
v 0.0729015682 0.0356019736 -0.059572538 0 0.501961 1
v 0.072856575 0.0356109818 -0.0577933768 0 0.501961 1
v 0.0728096951 0.0356187046 -0.056014268 0 0.501961 1
v 0.072769647 0.0356288672 -0.0542349762 0 0.501961 1
v 0.0727330542 0.0356417144 -0.0524556439 1 0.784314 0
v 0.0726935565 0.0356582655 -0.0506763943 1 0.784314 0
v 0.0726472027 0.0356628755 -0.0488972283 1 0.784314 0
v 0.0725981944 0.0356707704 -0.0471182026 1 0.784314 0
v 0.0725350594 0.0356723461 -0.0453395693 1 0.784314 0
v 0.0724801772 0.0356890886 -0.0435607725 1 0.784314 0
v 0.0724146457 0.0357016739 -0.0417823508 1 0.784314 0
v 0.0723204966 0.0357158143 -0.0400051538 1 0.784314 0
v 0.0722151507 0.0357288614 -0.0382285716 0.705882 0 1
v 0.072100242 0.0357357084 -0.0364525242 0.705882 0 1
v 0.0719614743 0.0357309267 -0.0346782474 0.705882 0 1
v 0.071816485 0.0357313943 -0.03290447 0.705882 0 1
v 0.0716807856 0.0357381725 -0.0311299576 0.705882 0 1
v 0.071550162 0.0357517907 -0.0293550954 0.705882 0 1
v 0.071399162 0.0357553086 -0.027581827 0 0.862745 0.862745
v 0.0712558879 0.0357670705 -0.0258079617 0 0.862745 0.862745
v 0.0711177151 0.0357872913 -0.0240337046 0 0.862745 0.862745
v 0.0709608373 0.0357996235 -0.0222610307 0 0.862745 0.862745
v 0.0707915126 0.0358076905 -0.0204894801 0 0.862745 0.862745
v 0.0706132821 0.0358125248 -0.0187187626 0 0.862745 0.862745
v 0.0704520367 0.0358332881 -0.0169464587 1 0.470588 0
v 0.0702553573 0.0358333057 -0.0151776302 1 0.470588 0
v 0.0700715949 0.03584899 -0.0134074758 1 0.470588 0
v 0.0699074676 0.0358793421 -0.0116355634 1 0.470588 0
v 0.0697081503 0.0358882201 -0.00986714714 1 0.470588 0
v 0.0695014498 0.0359029145 -0.00809953628 1 0.470588 0
v 0.0692895077 0.0359147833 -0.00633273216 1 0.470588 0
v 0.0690687714 0.0359248936 -0.00456675871 1 0.470588 0
v 0.068832418 0.035933938 -0.00280295544 0.470588 1 0
v 0.0685701168 0.0359336831 -0.00104261054 0.470588 1 0
v 0.0682905011 0.0359261763 0.000715048821 0.470588 1 0
v 0.0679893693 0.0359184494 0.00246913293 0.470588 1 0
v 0.067665931 0.0359010383 0.00421910933 0.470588 1 0
v 0.0673052618 0.0358633841 0.00596142408 0.470588 1 0
v 0.066929629 0.0358244181 0.0077006294 0.470588 1 0
v 0.0665164104 0.0357783622 0.00943087511 0.470588 1 0
v 0.0659968366 0.0356613038 0.0111289455 1 0 0.705882
v 0.065373841 0.035482402 0.0127840674 1 0 0.705882
v 0.064663866 0.0352363193 0.0143974395 1 0 0.705882
v 0.0638520045 0.0349160956 0.0159435338 1 0 0.705882
v 0.0628865865 0.0345004887 0.0173771345 1 0 0.705882
v 0.0617829872 0.0340536852 0.0186966224 1 0 0.705882
v 0.060565246 0.0335951175 0.019908883 0.313725 0.313725 1
v 0.0591586561 0.0332826317 0.0209330034 0.313725 0.313725 1
v 0.057566476 0.033237014 0.0217229559 0.313725 0.313725 1
v 0.0559512844 0.0332376188 0.0224704445 0.313725 0.313725 1
v 0.0543363618 0.033238287 0.023218523 0.313725 0.313725 1
v 0.0527206807 0.0332448068 0.0239649577 0.313725 0.313725 1
v 0.0511036074 0.0332478914 0.0247083901 0.313725 0.313725 1
v 0.0494873634 0.0332482192 0.025453628 0.313725 0.313725 1
v 0.0478729965 0.0332501058 0.0262028704 0.705882 0.470588 0.156863
v 0.0462578264 0.033246259 0.0269504207 0.705882 0.470588 0.156863
v 0.0446408023 0.0332444464 0.0276939399 0.705882 0.470588 0.156863
v 0.0430229458 0.0332389223 0.0284356231 0.705882 0.470588 0.156863
v 0.0414093332 0.0332436824 0.0291863891 0.705882 0.470588 0.156863
v 0.0397966804 0.0332516469 0.0299392794 0.705882 0.470588 0.156863
v 0.0381804269 0.033240894 0.0306844041 0.470588 0.470588 0.470588
v 0.0365657319 0.033242312 0.0314329952 0.470588 0.470588 0.470588
v 0.034947 0.0332530128 0.0321727186 0.470588 0.470588 0.470588
v 0.0675452485 0.0363157723 -0.123463053 0.313725 0.313725 1
v 0.0677548527 0.0363610915 -0.121685005 0.313725 0.313725 1
v 0.0679848571 0.0363888655 -0.119909097 0.313725 0.313725 1
v 0.0682194165 0.0364195142 -0.118133879 0.313725 0.313725 1
v 0.0684656016 0.0364614238 -0.116360613 0.313725 0.313725 1
v 0.0687002435 0.0364969819 -0.114585484 0.313725 0.313725 1
v 0.0689198893 0.0365329521 -0.112808651 0.705882 0.470588 0.156863
v 0.0691371551 0.0365768751 -0.111031491 0.705882 0.470588 0.156863
v 0.0693437972 0.0366142387 -0.109252928 0.705882 0.470588 0.156863
v 0.0695493339 0.0366465334 -0.107474118 0.705882 0.470588 0.156863
v 0.0697410225 0.0366823883 -0.105693868 0.705882 0.470588 0.156863
v 0.0699134661 0.0367170332 -0.103911616 0.705882 0.470588 0.156863
v 0.0700685457 0.0367586906 -0.1021279 0.470588 0.470588 0.470588
v 0.0702086336 0.036794824 -0.100342837 0.470588 0.470588 0.470588
v 0.0703381382 0.0368285443 -0.0985569229 0.470588 0.470588 0.470588
v 0.0704435299 0.036842655 -0.0967691327 0.470588 0.470588 0.470588
v 0.0705468561 0.036867621 -0.0949815632 0.470588 0.470588 0.470588
v 0.0706803731 0.0369156563 -0.093196314 0.470588 0.470588 0.470588
v 0.0707902981 0.0369384449 -0.0914089589 1 0 0
v 0.0709120621 0.0369751147 -0.0896225907 1 0 0
v 0.0710172477 0.0369968218 -0.0878349484 1 0 0
v 0.0711119337 0.0370143944 -0.0860466579 1 0 0
v 0.071207177 0.0370470256 -0.0842585355 1 0 0
v 0.071294562 0.0370814776 -0.0824701169 1 0 0
v 0.0713494787 0.0371006678 -0.0806802158 1 0 0
v 0.0714007295 0.0371295947 -0.0788904757 1 0 0
v 0.0714292055 0.0371453593 -0.0770999969 0 1 0
v 0.0714590062 0.0371622408 -0.075309577 0 1 0
v 0.0715091749 0.0371926791 -0.073519793 0 1 0
v 0.0715404702 0.0372194111 -0.0717293662 0 1 0
v 0.0715734977 0.0372423636 -0.069938974 0 1 0
v 0.0715864413 0.0372487235 -0.0681480936 0 1 0
v 0.0716121169 0.037267732 -0.0663574333 0 0.501961 1
v 0.0716261882 0.0372800227 -0.064566633 0 0.501961 1
v 0.0716600588 0.0373242719 -0.06277667 0 0.501961 1
v 0.0716386196 0.0373368345 -0.0609858924 0 0.501961 1
v 0.0716048102 0.037348354 -0.0591952936 0 0.501961 1
v 0.0715608573 0.0373605705 -0.0574049246 0 0.501961 1
v 0.0715191791 0.0373724893 -0.0556144963 0 0.501961 1
v 0.0714811551 0.0373825274 -0.0538239798 0 0.501961 1
v 0.0714425866 0.0373987801 -0.0520335692 1 0.784314 0
v 0.0714017973 0.0374135045 -0.0502431958 1 0.784314 0
v 0.0713654971 0.0374308588 -0.0484527183 1 0.784314 0
v 0.071312524 0.0374341002 -0.0466625574 1 0.784314 0
v 0.0712587347 0.037445221 -0.0448724533 1 0.784314 0
v 0.0712039871 0.0374623304 -0.0430824289 1 0.784314 0
v 0.0711321824 0.0374712618 -0.0412929498 1 0.784314 0
v 0.0710463782 0.037497764 -0.039504315 1 0.784314 0
v 0.0709314287 0.0375064642 -0.0377171643 0.705882 0 1
v 0.0708168141 0.0375182417 -0.0359300089 0.705882 0 1
v 0.0706833364 0.0375205722 -0.0341441587 0.705882 0 1
v 0.070551296 0.0375267472 -0.0323582011 0.705882 0 1
v 0.0704039821 0.0375277281 -0.03057345 0.705882 0 1
v 0.0702757227 0.0375459418 -0.0287872969 0.705882 0 1
v 0.0701219192 0.0375491287 -0.0270029758 0 0.862745 0.862745
v 0.0699807586 0.0375655364 -0.0252176738 0 0.862745 0.862745
v 0.0698335267 0.0375842289 -0.0234328938 0 0.862745 0.862745
v 0.0696759923 0.0375976304 -0.0216489333 0 0.862745 0.862745
v 0.0694986574 0.0376033802 -0.0198668297 0 0.862745 0.862745
v 0.0693362474 0.0376234413 -0.0180833714 0 0.862745 0.862745
v 0.0691390962 0.0376236416 -0.0163033744 1 0.470588 0
v 0.0689485186 0.0376315992 -0.0145226928 1 0.470588 0
v 0.0687648861 0.0376427039 -0.0127412854 1 0.470588 0
v 0.0685754357 0.0376552012 -0.010960551 1 0.470588 0
v 0.0683706627 0.0376677522 -0.00918150916 1 0.470588 0
v 0.0681500209 0.0376757222 -0.00740435708 1 0.470588 0
v 0.0679331192 0.0376853035 -0.00562669558 1 0.470588 0
v 0.0676950773 0.0376884543 -0.00385164905 1 0.470588 0
v 0.0674343734 0.03768846 -0.00207987689 0.470588 1 0
v 0.067142692 0.0376706133 -0.000312957983 0.470588 1 0
v 0.066831618 0.0376524277 0.00145047503 0.470588 1 0
v 0.0664989488 0.0376227787 0.00320999993 0.470588 1 0
v 0.0661465545 0.0375890312 0.00496553295 0.470588 1 0
v 0.0657317507 0.0375105805 0.00670595486 0.470588 1 0
v 0.0652784089 0.0374259692 0.00843646442 1 0 0.705882
v 0.0647228837 0.0372586458 0.0101277478 1 0 0.705882
v 0.064083681 0.037036598 0.0117855672 1 0 0.705882
v 0.0633056865 0.0366885934 0.0133584451 1 0 0.705882
v 0.0624591311 0.0362757423 0.0148815663 1 0 0.705882
v 0.0614760305 0.0358046304 0.0163022344 1 0 0.705882
v 0.0603746227 0.0353269976 0.0176282604 0.313725 0.313725 1
v 0.0591611469 0.0348857968 0.0188674523 0.313725 0.313725 1
v 0.057685746 0.0346797356 0.0198216285 0.313725 0.313725 1
v 0.0560737557 0.0346520595 0.0206003566 0.313725 0.313725 1
v 0.0544497215 0.0346614488 0.0213552869 0.313725 0.313725 1
v 0.0528237631 0.0346654374 0.0221061091 0.313725 0.313725 1
v 0.0511967655 0.0346634925 0.0228547005 0.313725 0.313725 1
v 0.0495711562 0.0346685053 0.0236062765 0.313725 0.313725 1
v 0.0479477528 0.0346738079 0.0243624824 0.705882 0.470588 0.156863
v 0.0463234266 0.0346721235 0.0251168329 0.705882 0.470588 0.156863
v 0.044697193 0.0346676685 0.0258670597 0.705882 0.470588 0.156863
v 0.0430724253 0.0346714874 0.026620346 0.705882 0.470588 0.156863
v 0.0414443749 0.0346669468 0.0273665332 0.705882 0.470588 0.156863
v 0.0398209672 0.0346701923 0.0281228677 0.705882 0.470588 0.156863
v 0.0381967408 0.0346752531 0.0288774211 0.470588 0.470588 0.470588
v 0.036571228 0.0346712507 0.0296292007 0.470588 0.470588 0.470588
v 0.034947 0.0346760264 0.0303837361 0.470588 0.470588 0.470588
v 0.0657663524 0.0375603864 -0.123460866 0.313725 0.313725 1
v 0.0659776479 0.0376272209 -0.121673688 0.313725 0.313725 1
v 0.0662230241 0.0376765983 -0.119890228 0.313725 0.313725 1
v 0.0664771165 0.0377274945 -0.118108024 0.313725 0.313725 1
v 0.066731227 0.0377820738 -0.116326102 0.313725 0.313725 1
v 0.0669763059 0.0378329477 -0.114542659 0.313725 0.313725 1
v 0.0672131596 0.0378793549 -0.112758028 0.705882 0.470588 0.156863
v 0.0674387492 0.0379296336 -0.110972035 0.705882 0.470588 0.156863
v 0.0676554353 0.0379802223 -0.109184908 0.705882 0.470588 0.156863
v 0.0678656315 0.0380200611 -0.107396726 0.705882 0.470588 0.156863
v 0.0680645072 0.038061834 -0.105607313 0.705882 0.470588 0.156863
v 0.0682489954 0.0381061274 -0.103816514 0.705882 0.470588 0.156863
v 0.0684022847 0.038141829 -0.102022464 0.470588 0.470588 0.470588
v 0.0685591761 0.0381988522 -0.10022928 0.470588 0.470588 0.470588
v 0.0687052365 0.0382531563 -0.0984350914 0.470588 0.470588 0.470588
v 0.0688224147 0.0382824077 -0.0966383242 0.470588 0.470588 0.470588
v 0.0689412981 0.0383190466 -0.0948418256 0.470588 0.470588 0.470588
v 0.0690731652 0.038368905 -0.0930464588 0.470588 0.470588 0.470588
v 0.0691917615 0.0383959853 -0.0912496403 1 0 0
v 0.0693189207 0.0384381743 -0.0894537842 1 0 0
v 0.0694532979 0.0384955636 -0.0876588302 1 0 0
v 0.0695522677 0.038515538 -0.0858607764 1 0 0
v 0.0696532524 0.0385558786 -0.0840631855 1 0 0
v 0.0697356142 0.0385876068 -0.0822644506 1 0 0
v 0.069806057 0.0386254297 -0.0804653114 1 0 0
v 0.069859311 0.0386556788 -0.0786655326 1 0 0
v 0.069910912 0.0386914198 -0.0768657913 0 1 0
v 0.069944843 0.0387106047 -0.0750653484 0 1 0
v 0.0699968873 0.0387444976 -0.0732655523 0 1 0
v 0.0700358805 0.0387810307 -0.0714654075 0 1 0
v 0.0700727038 0.0388069884 -0.0696650335 0 1 0
v 0.0700998614 0.038828348 -0.0678644564 0 1 0
v 0.070142271 0.0388651761 -0.066064399 0 0.501961 1
v 0.0701649471 0.0388897895 -0.0642637965 0 0.501961 1
v 0.0701901697 0.0389306133 -0.0624634929 0 0.501961 1
v 0.0701803717 0.0389599087 -0.060662857 0 0.501961 1
v 0.0701544324 0.0389805535 -0.0588622428 0 0.501961 1
v 0.0701225314 0.0389997113 -0.0570617254 0 0.501961 1
v 0.0700769577 0.0390048249 -0.0552614117 0 0.501961 1
v 0.0700271964 0.0390051614 -0.0534611842 0 0.501961 1
v 0.0700031525 0.039030399 -0.0516606025 1 0.784314 0
v 0.0699654675 0.0390482812 -0.0498601599 1 0.784314 0
v 0.0699178956 0.0390593252 -0.0480599178 1 0.784314 0
v 0.0698681221 0.0390703256 -0.0462599617 1 0.784314 0
v 0.0698434958 0.0391067341 -0.0444596131 1 0.784314 0
v 0.0697915163 0.0391280547 -0.0426595733 1 0.784314 0
v 0.069704528 0.0391355332 -0.0408607755 0.705882 0 1
v 0.0696243267 0.039162513 -0.0390619001 0.705882 0 1
v 0.0695243956 0.0391900302 -0.0372640627 0.705882 0 1
v 0.0693892707 0.039188037 -0.0354682358 0.705882 0 1
v 0.06925126 0.0391859901 -0.0336726822 0.705882 0 1
v 0.0691298146 0.0392052121 -0.0318760286 0.705882 0 1
v 0.0689812399 0.0392043319 -0.0300812865 0 0.862745 0.862745
v 0.068852349 0.0392255652 -0.0282851248 0 0.862745 0.862745
v 0.0687013293 0.0392300376 -0.0264905812 0 0.862745 0.862745
v 0.0685603954 0.0392504938 -0.0246952854 0 0.862745 0.862745
v 0.068411023 0.039270416 -0.0229006612 0 0.862745 0.862745
v 0.0682518896 0.0392864519 -0.0211068378 0 0.862745 0.862745
v 0.06806635 0.0392889022 -0.019315568 1 0.470588 0
v 0.0678672659 0.0392836454 -0.0175257613 1 0.470588 0
v 0.0676685194 0.0392853662 -0.0157359268 1 0.470588 0
v 0.0674711044 0.0392894342 -0.0139458958 1 0.470588 0
v 0.067282051 0.0393010044 -0.0121549857 1 0.470588 0
v 0.0670693655 0.0392970641 -0.0103667205 1 0.470588 0
v 0.0668663115 0.0393175915 -0.00857741939 1 0.470588 0
v 0.066639794 0.0393135683 -0.00679086254 1 0.470588 0
v 0.0664206136 0.0393242717 -0.00500340045 0.470588 1 0
v 0.0661802949 0.0393404485 -0.00321870155 0.470588 1 0
v 0.0658852079 0.0393160231 -0.00144247237 0.470588 1 0
v 0.0655671323 0.0392861084 0.000329873063 0.470588 1 0
v 0.0652037908 0.0392239696 0.00209253744 0.470588 1 0
v 0.0648266798 0.0391610667 0.00385240514 0.470588 1 0
v 0.0643964024 0.0390553944 0.00559751183 1 0 0.705882
v 0.0639188891 0.0389267167 0.00732911339 1 0 0.705882
v 0.0633212965 0.038686534 0.00901059106 1 0 0.705882
v 0.0626255957 0.0383660188 0.0106389277 1 0 0.705882
v 0.0618484783 0.0379761842 0.0122140267 1 0 0.705882
v 0.0609805942 0.0375042395 0.0137185533 1 0 0.705882
v 0.0600317165 0.0369883691 0.0151596824 1 0 0.705882
v 0.0589324764 0.0365082154 0.0165029491 1 0 0.705882
v 0.0577234629 0.0360893976 0.0177684429 0.313725 0.313725 1
v 0.0561843542 0.0359734721 0.0186465341 0.313725 0.313725 1
v 0.0545528496 0.0359816653 0.0194089345 0.313725 0.313725 1
v 0.0529197553 0.035977382 0.0201681223 0.313725 0.313725 1
v 0.0512819188 0.0359789947 0.020917033 0.313725 0.313725 1
v 0.0496453232 0.0359828155 0.0216686419 0.313725 0.313725 1
v 0.0480118849 0.0359867029 0.0224270657 0.313725 0.313725 1
v 0.0463796913 0.0359917704 0.0231881442 0.313725 0.313725 1
v 0.0447489673 0.0360030771 0.0239523212 0.705882 0.470588 0.156863
v 0.0431145171 0.0359958697 0.0247084034 0.705882 0.470588 0.156863
v 0.0414799257 0.0360031608 0.0254642133 0.705882 0.470588 0.156863
v 0.0398459436 0.0360082122 0.0262214664 0.705882 0.470588 0.156863
v 0.03821174 0.0360078652 0.0269782625 0.470588 0.470588 0.470588
v 0.0365787042 0.0360070692 0.0277375677 0.470588 0.470588 0.470588
v 0.034947 0.0360129785 0.0284997354 0.470588 0.470588 0.470588
v 0.0638872997 0.0386479763 -0.123458779 0.313725 0.313725 1
v 0.0640886942 0.038722068 -0.121701107 0.313725 0.313725 1
v 0.0643420357 0.0387890425 -0.119949773 0.313725 0.313725 1
v 0.0645988709 0.0388548944 -0.118198901 0.313725 0.313725 1
v 0.0648578283 0.0389232386 -0.116448439 0.313725 0.313725 1
v 0.0651150914 0.0389912457 -0.114697753 0.313725 0.313725 1
v 0.0653477518 0.0390431015 -0.112943034 0.705882 0.470588 0.156863
v 0.0655766749 0.0390976018 -0.111187944 0.705882 0.470588 0.156863
v 0.0657968487 0.0391562316 -0.10943197 0.705882 0.470588 0.156863
v 0.0660150378 0.0392126148 -0.107675622 0.705882 0.470588 0.156863
v 0.0662174822 0.0392579757 -0.105917056 0.705882 0.470588 0.156863
v 0.0664130167 0.0393156548 -0.104158124 0.705882 0.470588 0.156863
v 0.0665676735 0.0393498545 -0.102394446 0.470588 0.470588 0.470588
v 0.0667321835 0.0394160905 -0.100632692 0.470588 0.470588 0.470588
v 0.0668851796 0.0394778621 -0.0988695755 0.470588 0.470588 0.470588
v 0.0670197336 0.0395264823 -0.0971045836 0.470588 0.470588 0.470588
v 0.0671461352 0.0395763312 -0.0953390791 0.470588 0.470588 0.470588
v 0.0672817975 0.0396401504 -0.0935746933 0.470588 0.470588 0.470588
v 0.0674144528 0.0396881512 -0.091809631 1 0 0
v 0.0675345635 0.0397163971 -0.0900433302 1 0 0
v 0.0676670067 0.0397676893 -0.0882783303 1 0 0
v 0.0677893848 0.0398175946 -0.0865124422 1 0 0
v 0.0679018937 0.0398709752 -0.0847460887 1 0 0
v 0.0680029336 0.0399198336 -0.08297889 1 0 0
v 0.0680836289 0.0399618377 -0.0812104057 1 0 0
v 0.068142959 0.039998953 -0.0794409585 1 0 0
v 0.068204578 0.0400472792 -0.0776718946 0 1 0
v 0.068246051 0.0400736362 -0.0759018166 0 1 0
v 0.0683198113 0.0401444234 -0.074134099 0 1 0
v 0.0683680949 0.0401818853 -0.0723643191 0 1 0
v 0.0684106942 0.0402141242 -0.0705942948 0 1 0
v 0.0684518226 0.0402454699 -0.0688242163 0 1 0
v 0.0684980227 0.0402831841 -0.0670544044 0 0.501961 1
v 0.0685481872 0.0403371589 -0.0652851357 0 0.501961 1
v 0.0685620461 0.0403568002 -0.0635144908 0 0.501961 1
v 0.0685709854 0.0403883343 -0.06174397 0 0.501961 1
v 0.0685582279 0.0404206369 -0.0599735963 0 0.501961 1
v 0.0685393943 0.0404496958 -0.0582032426 0 0.501961 1
v 0.0685150725 0.0404772591 -0.0564328214 0 0.501961 1
v 0.0684714549 0.0404827453 -0.0546627063 0 0.501961 1
v 0.0684291609 0.0404903565 -0.0528928332 1 0.784314 0
v 0.0684087227 0.0405260818 -0.0511225872 1 0.784314 0
v 0.0683709431 0.0405417434 -0.0493523076 1 0.784314 0
v 0.0683320305 0.0405599163 -0.0475820794 1 0.784314 0
v 0.0682997926 0.0405854525 -0.0458118093 1 0.784314 0
v 0.0682686594 0.0406179623 -0.0440416249 1 0.784314 0
v 0.0682208733 0.0406491532 -0.0422717622 0.705882 0 1
v 0.0681353626 0.0406630155 -0.0405030472 0.705882 0 1
v 0.0680459855 0.0406845628 -0.0387347066 0.705882 0 1
v 0.0679427127 0.0407004922 -0.0369669668 0.705882 0 1
v 0.0678227899 0.0407141826 -0.035200359 0.705882 0 1
v 0.0677055055 0.0407338769 -0.0334335405 0.705882 0 1
v 0.0675807685 0.0407480737 -0.0316672658 0 0.862745 0.862745
v 0.0674468291 0.040756628 -0.0299016604 0 0.862745 0.862745
v 0.0673139332 0.0407747595 -0.0281359971 0 0.862745 0.862745
v 0.0671651638 0.0407811253 -0.0263715212 0 0.862745 0.862745
v 0.0670213041 0.0407970036 -0.0246066174 0 0.862745 0.862745
v 0.066866932 0.0408082524 -0.0228425675 0 0.862745 0.862745
v 0.0666936994 0.0408084446 -0.021080233 0 0.862745 0.862745
v 0.0665152762 0.0408100234 -0.0193185353 0 0.862745 0.862745
v 0.0663124106 0.0408032598 -0.0175593781 1 0.470588 0
v 0.0661230881 0.0408107853 -0.0157988647 1 0.470588 0
v 0.0659304495 0.0408151891 -0.0140385783 1 0.470588 0
v 0.0657322234 0.0408154736 -0.0122788813 1 0.470588 0
v 0.0655166281 0.0408047663 -0.0105213565 1 0.470588 0
v 0.0653042856 0.0408145707 -0.00876338514 1 0.470588 0
v 0.0650817383 0.0408059943 -0.00700672085 1 0.470588 0
v 0.0648662268 0.0408172229 -0.00524917332 1 0.470588 0
v 0.0646190798 0.0408214658 -0.00349599757 0.470588 1 0
v 0.0643222242 0.0407900388 -0.00175060814 0.470588 1 0
v 0.0639905323 0.0407404751 -1.18616936e-05 0.470588 1 0
v 0.0635968349 0.040632459 0.00171094416 0.470588 1 0
v 0.0631777467 0.0405103754 0.00342707956 0.470588 1 0
v 0.0626996985 0.0403257767 0.00512133261 0.470588 1 0
v 0.0621740417 0.0401096763 0.00679802993 1 0 0.705882
v 0.0615371341 0.0397669054 0.00841410753 1 0 0.705882
v 0.0608209043 0.0393525706 0.00997865055 1 0 0.705882
v 0.0600358588 0.0389269935 0.0115077624 1 0 0.705882
v 0.0591702667 0.0384368887 0.0129727277 1 0 0.705882
v 0.0582007683 0.0379520992 0.014370509 1 0 0.705882
v 0.0571335121 0.0375019011 0.0157061234 1 0 0.705882
v 0.055826576 0.0372079484 0.0168424192 1 0 0.705882
v 0.0542194676 0.0372047365 0.0175860367 0.313725 0.313725 1
v 0.0526129362 0.0372079313 0.0183309287 0.313725 0.313725 1
v 0.051005041 0.0372092709 0.0190728996 0.313725 0.313725 1
v 0.049397514 0.0372095969 0.0198156606 0.313725 0.313725 1
v 0.0477894122 0.037214966 0.0205571477 0.313725 0.313725 1
v 0.0461857305 0.037223237 0.021308124 0.313725 0.313725 1
v 0.0445825143 0.0372326969 0.0220600814 0.313725 0.313725 1
v 0.0429766811 0.0372349944 0.0228064598 0.313725 0.313725 1
v 0.041369633 0.0372395077 0.023550112 0.705882 0.470588 0.156863
v 0.0397635598 0.0372471326 0.024295968 0.705882 0.470588 0.156863
v 0.0381562204 0.0372470828 0.0250391432 0.470588 0.470588 0.470588
v 0.0365503644 0.0372467793 0.0257854717 0.470588 0.470588 0.470588
v 0.034947 0.0372536985 0.0265371146 0.470588 0.470588 0.470588
v 0.0619271216 0.0395809716 -0.12345689 0 1 0
v 0.0621272438 0.0396799908 -0.121693783 0 1 0
v 0.0623793975 0.0397521235 -0.119935903 0 1 0
v 0.0626410621 0.0398256285 -0.118179459 0 1 0
v 0.0629050659 0.0399012503 -0.116423453 0 1 0
v 0.0631621065 0.0399759447 -0.114666377 0 1 0
v 0.0634099063 0.040043357 -0.112907747 0 0.501961 1
v 0.0636446012 0.0400971052 -0.111146814 0 0.501961 1
v 0.0638740307 0.0401754423 -0.109386148 0 0.501961 1
v 0.0641050933 0.0402490269 -0.107625441 0 0.501961 1
v 0.0643115048 0.0403005628 -0.105860892 0 0.501961 1
v 0.0645124652 0.0403674248 -0.104096394 0 0.501961 1
v 0.0646856889 0.0404301533 -0.102328682 1 0.784314 0
v 0.0648497082 0.040496718 -0.100560271 1 0.784314 0
v 0.0650071929 0.0405661205 -0.0987913149 1 0.784314 0
v 0.0651481446 0.0406233984 -0.0970205929 1 0.784314 0
v 0.0652857768 0.0406905623 -0.0952499678 1 0.784314 0
v 0.0654240426 0.0407584312 -0.0934793952 1 0.784314 0
v 0.0655565935 0.0408072906 -0.0917077049 0.705882 0 1
v 0.065688957 0.0408532539 -0.0899360857 0.705882 0 1
v 0.0658325217 0.0409246588 -0.0881660441 0.705882 0 1
v 0.0659604016 0.0409840669 -0.0863943011 0.705882 0 1
v 0.0660824037 0.0410502481 -0.0846224382 0.705882 0 1
v 0.0661934339 0.0411167345 -0.0828498968 0.705882 0 1
v 0.0662773686 0.0411675325 -0.0810752963 0.705882 0 1
v 0.0663465599 0.0412159427 -0.079299959 0.705882 0 1
v 0.0664096528 0.0412673272 -0.077524501 0 0.862745 0.862745
v 0.0664644071 0.0413092353 -0.0757486775 0 0.862745 0.862745
v 0.0665316497 0.0413671721 -0.073973543 0 0.862745 0.862745
v 0.0665850054 0.04141641 -0.0721976792 0 0.862745 0.862745
v 0.066636161 0.041460815 -0.0704216494 0 0.862745 0.862745
v 0.0666911361 0.0415094503 -0.06864585 0 0.862745 0.862745
v 0.0667384344 0.0415507864 -0.0668697184 1 0.470588 0
v 0.0667780435 0.0415918275 -0.0650933711 1 0.470588 0
v 0.066798903 0.0416214666 -0.063316475 1 0.470588 0
v 0.0668171081 0.0416753615 -0.0615402036 1 0.470588 0
v 0.0668252155 0.0417288955 -0.0597637292 1 0.470588 0
v 0.0668094779 0.0417616171 -0.0579870169 1 0.470588 0
v 0.0667844738 0.0417944976 -0.0562103008 1 0.470588 0
v 0.0667428665 0.041802841 -0.0544336597 1 0.470588 0
v 0.066704721 0.0418161777 -0.0526571273 0.470588 1 0
v 0.0666732946 0.0418402944 -0.0508803547 0.470588 1 0
v 0.0666422067 0.041863806 -0.0491036527 0.470588 1 0
v 0.066622832 0.0419038333 -0.0473269399 0.470588 1 0
v 0.0665926804 0.0419304246 -0.0455500811 0.470588 1 0
v 0.0665578877 0.0419662813 -0.0437734746 0.470588 1 0
v 0.0665149618 0.0420095382 -0.0419971876 1 0 0.705882
v 0.0664380642 0.042040189 -0.0402218335 1 0 0.705882
v 0.0663359169 0.0420487667 -0.0384475835 1 0 0.705882
v 0.0662477075 0.0420887533 -0.0366731194 1 0 0.705882
v 0.0661222237 0.0420936588 -0.0349002524 1 0 0.705882
v 0.0660081181 0.0421216294 -0.0331267958 1 0 0.705882
v 0.0658768303 0.0421296793 -0.0313544498 0.313725 0.313725 1
v 0.0657578063 0.0421598781 -0.0295816002 0.313725 0.313725 1
v 0.0656259068 0.0421820237 -0.0278094446 0.313725 0.313725 1
v 0.0654797169 0.0421893106 -0.0260381535 0.313725 0.313725 1
v 0.0653288378 0.042197169 -0.0242672484 0.313725 0.313725 1
v 0.0651608285 0.04219894 -0.0224978599 0.313725 0.313725 1
v 0.0649743522 0.0421902088 -0.0207303519 0.313725 0.313725 1
v 0.0647837977 0.0421863893 -0.0189632874 0.313725 0.313725 1
v 0.0645851814 0.042181338 -0.0171970888 0.705882 0.470588 0.156863
v 0.0643765906 0.0421666588 -0.0154321563 0.705882 0.470588 0.156863
v 0.0641698301 0.0421564428 -0.013666934 0.705882 0.470588 0.156863
v 0.0639691936 0.0421567049 -0.0119009771 0.705882 0.470588 0.156863
v 0.0637544569 0.0421550759 -0.0101367217 0.705882 0.470588 0.156863
v 0.0635346431 0.0421544576 -0.00837317036 0.705882 0.470588 0.156863
v 0.0633127459 0.0421484795 -0.00660974209 0.705882 0.470588 0.156863
v 0.0630772239 0.0421464979 -0.00484815524 0.705882 0.470588 0.156863
v 0.0627746277 0.0420860202 -0.00309793912 0.470588 0.470588 0.470588
v 0.0624490246 0.0420210503 -0.0013519849 0.470588 0.470588 0.470588
v 0.062078489 0.0419335312 0.000383686423 0.470588 0.470588 0.470588
v 0.0616163148 0.0417282099 0.00208730838 0.470588 0.470588 0.470588
v 0.0611321952 0.0415148182 0.00378353957 0.470588 0.470588 0.470588
v 0.0605779827 0.041208549 0.00544417962 0.470588 0.470588 0.470588
v 0.0599591248 0.0408413032 0.00706697112 1 0 0
v 0.0592612826 0.0404004067 0.00864058113 1 0 0
v 0.0584850847 0.0399298467 0.0101682523 1 0 0
v 0.0576512254 0.0394593978 0.0116654887 1 0 0
v 0.0567303517 0.0389763625 0.013106894 1 0 0
v 0.0556670418 0.0385473817 0.0144628144 1 0 0
v 0.0542718203 0.0383634289 0.0154897609 0 1 0
v 0.0526751674 0.0383513269 0.0162687395 0 1 0
v 0.0510624199 0.0383552369 0.0170157209 0 1 0
v 0.0494492257 0.0383592322 0.0177617353 0 1 0
v 0.0478358109 0.0383653273 0.0185072648 0 1 0
v 0.0462226994 0.0383669772 0.0192534857 0 1 0
v 0.0446134964 0.0383793826 0.0200078752 0 1 0
v 0.0430042309 0.038391221 0.0207622614 0 1 0
v 0.0413911343 0.0383889612 0.0215084445 0 0.501961 1
v 0.0397792572 0.0383951019 0.0222571969 0 0.501961 1
v 0.0381675367 0.0384004977 0.0230063819 1 0.784314 0
v 0.0365558922 0.0384035624 0.0237557446 1 0.784314 0
v 0.034947 0.0384104567 0.0245109829 1 0.784314 0
v 0.0599016334 0.040362012 -0.123455262 0 1 0
v 0.0600951798 0.0404598103 -0.121685823 0 1 0
v 0.0603478494 0.0405528313 -0.119923643 0 1 0
v 0.0606165914 0.0406447095 -0.118163681 0 1 0
v 0.0608870234 0.04073696 -0.11640398 0 1 0
v 0.0611509524 0.0408193329 -0.114642839 0 1 0
v 0.0614040322 0.0408989448 -0.112880034 0 0.501961 1
v 0.0616493374 0.0409693548 -0.111115706 0 0.501961 1
v 0.0618825963 0.0410578188 -0.109350577 0 0.501961 1
v 0.0621088207 0.0411260023 -0.107583577 0 0.501961 1
v 0.0623293414 0.0411957351 -0.105815886 0 0.501961 1
v 0.0625389878 0.0412813995 -0.104047644 0 0.501961 1
v 0.0627204258 0.0413553516 -0.102275726 1 0.784314 0
v 0.0628884162 0.0414300995 -0.10050254 1 0.784314 0
v 0.0630521714 0.041513875 -0.0987293343 1 0.784314 0
v 0.06319991 0.0415824831 -0.096954107 1 0.784314 0
v 0.0633444528 0.0416601628 -0.0951789799 1 0.784314 0
v 0.0634861707 0.0417334442 -0.0934034415 1 0.784314 0
v 0.0636264657 0.0418007225 -0.0916275549 0.705882 0 1
v 0.0637612092 0.0418536868 -0.0898508635 0.705882 0 1
v 0.0639111222 0.0419346151 -0.0880763094 0.705882 0 1
v 0.064053254 0.0420088747 -0.0863008469 0.705882 0 1
v 0.0641677962 0.0420668567 -0.0845227334 0.705882 0 1
v 0.0642759637 0.0421288367 -0.0827443791 0.705882 0 1
v 0.0643687882 0.042194187 -0.0809652573 0.705882 0 1
v 0.0644495515 0.0422570545 -0.0791854301 0.705882 0 1
v 0.064510948 0.0423142952 -0.0774046407 0 0.862745 0.862745
v 0.0645746985 0.04237243 -0.0756239815 0 0.862745 0.862745
v 0.0646383492 0.0424251142 -0.0738431512 0 0.862745 0.862745
v 0.0646977129 0.042485933 -0.0720624678 0 0.862745 0.862745
v 0.0647547143 0.0425360638 -0.070281423 0 0.862745 0.862745
v 0.0648127763 0.0425931466 -0.0685005936 0 0.862745 0.862745
v 0.0648636295 0.0426453845 -0.0667193766 1 0.470588 0
v 0.0649069 0.0426927201 -0.0649378566 1 0.470588 0
v 0.0649348956 0.0427373967 -0.0631559893 1 0.470588 0
v 0.0649671842 0.042809708 -0.0613749958 1 0.470588 0
v 0.0649658426 0.0428580197 -0.059592895 1 0.470588 0
v 0.0649506842 0.0428959152 -0.057810725 1 0.470588 0
v 0.0649339947 0.0429414499 -0.0560286573 1 0.470588 0
v 0.0649023648 0.0429617876 -0.0542463494 1 0.470588 0
v 0.0648691696 0.0429807992 -0.0524640504 0.470588 1 0
v 0.0648356052 0.0430019748 -0.0506817463 0.470588 1 0
v 0.0648115775 0.043037486 -0.0488995898 0.470588 1 0
v 0.0647922566 0.0430773257 -0.0471174577 0.470588 1 0
v 0.0647679383 0.0431165363 -0.0453352913 0.470588 1 0
v 0.0647323856 0.0431519885 -0.0435532877 0.470588 1 0
v 0.0646869026 0.0431965816 -0.0417717211 1 0 0.705882
v 0.064606854 0.0432290923 -0.0399910678 1 0 0.705882
v 0.0645029078 0.0432373326 -0.0382114795 1 0 0.705882
v 0.0644080115 0.0432749641 -0.0364317489 1 0 0.705882
v 0.0642784229 0.0432736858 -0.0346537084 1 0 0.705882
v 0.0641691064 0.0433134651 -0.0328747869 1 0 0.705882
v 0.0640398325 0.0433242623 -0.0310968244 0.313725 0.313725 1
v 0.0639273005 0.0433650631 -0.0293182278 0.313725 0.313725 1
v 0.0637958186 0.0433902419 -0.0275405482 0.313725 0.313725 1
v 0.0636473287 0.0433998312 -0.0257640066 0.313725 0.313725 1
v 0.0634943623 0.0434129663 -0.0239879189 0.313725 0.313725 1
v 0.063327047 0.0434189136 -0.0222130747 0.313725 0.313725 1
v 0.0631406756 0.0434113891 -0.0204401657 0.313725 0.313725 1
v 0.0629446747 0.043401143 -0.0186682682 0.313725 0.313725 1
v 0.0627390449 0.043391156 -0.0168974285 0.705882 0.470588 0.156863
v 0.0625259851 0.0433732743 -0.0151275352 0.705882 0.470588 0.156863
v 0.0623082005 0.0433498853 -0.0133583755 0.705882 0.470588 0.156863
v 0.0620993243 0.0433420961 -0.0115879702 0.705882 0.470588 0.156863
v 0.0618832788 0.0433396024 -0.00981844396 0.705882 0.470588 0.156863
v 0.0616538357 0.0433269149 -0.00805058361 0.705882 0.470588 0.156863
v 0.0614155934 0.0433081988 -0.00628390627 0.705882 0.470588 0.156863
v 0.0611334575 0.0432485854 -0.00452481392 0.705882 0.470588 0.156863
v 0.0608025597 0.0431462103 -0.00277639279 0.470588 0.470588 0.470588
v 0.0604360009 0.0430298683 -0.00103568 0.470588 0.470588 0.470588
v 0.0600024279 0.0428400532 0.00068248846 0.470588 0.470588 0.470588
v 0.0594992206 0.0425561474 0.00236814505 0.470588 0.470588 0.470588
v 0.0589552336 0.0422224954 0.00403203362 0.470588 0.470588 0.470588
v 0.0583496346 0.0418151303 0.00565841668 0.470588 0.470588 0.470588
v 0.0576665067 0.0413566473 0.00723962597 1 0 0
v 0.0569171486 0.0408881813 0.00878742418 1 0 0
v 0.0561022501 0.0404116256 0.0102993056 1 0 0
v 0.0552156812 0.0399521538 0.0117747505 1 0 0
v 0.0542064768 0.03952774 0.0131810279 1 0 0
v 0.0526967283 0.0394387823 0.0141028225 1 0 0
v 0.0511083627 0.0394151377 0.0149068515 0 1 0
v 0.0494917533 0.0394236924 0.0156583591 0 1 0
v 0.0478752396 0.0394318127 0.0164100746 0 1 0
v 0.0462566719 0.0394398135 0.017157364 0 1 0
v 0.0446404647 0.039442876 0.0179097789 0 1 0
v 0.0430247429 0.0394505714 0.0186631202 0 1 0
v 0.0414110539 0.0394655308 0.0194207108 0 0.501961 1
v 0.039793136 0.039466203 0.0201694292 0 0.501961 1
v 0.0381776039 0.0394744017 0.020923246 1 0.784314 0
v 0.03656093 0.039481691 0.0216746237 1 0.784314 0
v 0.0349470009 0.039487971 0.0224318934 1 0.784314 0
v 0.0578298206 0.0410109234 -0.12345361 0 1 0
v 0.0580043595 0.0411186293 -0.12167813 0 1 0
v 0.0582660634 0.0412163583 -0.119912603 0 1 0
v 0.0585393837 0.0413304957 -0.118149819 0 1 0
v 0.0588125174 0.0414274541 -0.116385928 0 1 0
v 0.0590834947 0.0415206773 -0.11462153 0 1 0
v 0.0593390349 0.0416064104 -0.112854514 0 0.501961 1
v 0.059593734 0.0416985853 -0.111087643 0 0.501961 1
v 0.0598312817 0.0417983883 -0.109318821 0 0.501961 1
v 0.0600617762 0.0418725825 -0.107547773 0 0.501961 1
v 0.0602897151 0.0419651812 -0.105777306 0 0.501961 1
v 0.0605091406 0.0420701226 -0.104006395 0 0.501961 1
v 0.0606962965 0.0421461693 -0.102230475 1 0.784314 0
v 0.0608654716 0.0422226868 -0.100452671 1 0.784314 0
v 0.0610322274 0.0423151576 -0.098675392 1 0.784314 0
v 0.0611862842 0.0423976467 -0.0968964698 1 0.784314 0
v 0.0613348003 0.0424860164 -0.0951173367 1 0.784314 0
v 0.0614818745 0.0425694187 -0.0933378656 1 0.784314 0
v 0.0616277289 0.0426462758 -0.0915580022 0.705882 0 1
v 0.0617708173 0.0427157879 -0.089777589 0.705882 0 1
v 0.0619195101 0.0428001818 -0.0879982395 0.705882 0 1
v 0.0620638429 0.0428817192 -0.086218399 0.705882 0 1
v 0.062184543 0.0429454578 -0.0844362117 0.705882 0 1
v 0.0622991995 0.0430207599 -0.082653951 0.705882 0 1
v 0.0623933212 0.0430916338 -0.0808703064 0.705882 0 1
v 0.0624675325 0.0431518097 -0.0790853541 0.705882 0 1
v 0.062537254 0.0432184151 -0.0773004241 0 0.862745 0.862745
v 0.0626048696 0.0432824875 -0.0755153109 0 0.862745 0.862745
v 0.0626721329 0.0433396232 -0.0737299606 0 0.862745 0.862745
v 0.0627361491 0.0434135655 -0.0719450955 0 0.862745 0.862745
v 0.0627967655 0.0434694077 -0.0701595101 0 0.862745 0.862745
v 0.062856443 0.043535625 -0.0683742545 0 0.862745 0.862745
v 0.0629105528 0.0435923469 -0.0665884956 1 0.470588 0
v 0.0629586932 0.0436496086 -0.0648025856 1 0.470588 0
v 0.0629924942 0.0437065599 -0.0630163838 1 0.470588 0
v 0.0630157766 0.0437735782 -0.0612303521 1 0.470588 0
v 0.0630195513 0.0438295469 -0.0594437046 1 0.470588 0
v 0.0630097929 0.0438789444 -0.0576569093 1 0.470588 0
v 0.0629947635 0.0439300446 -0.0558702188 1 0.470588 0
v 0.0629689115 0.0439655763 -0.0540832447 1 0.470588 0
v 0.06293883 0.0439874169 -0.0522960912 0.470588 1 0
v 0.062907646 0.0440098515 -0.05050899 0.470588 1 0
v 0.062876437 0.0440332175 -0.0487219294 0.470588 1 0
v 0.0628641362 0.0440956041 -0.0469357039 0.470588 1 0
v 0.062844246 0.044138203 -0.0451487959 0.470588 1 0
v 0.0628066156 0.0441719424 -0.0433620002 0.470588 1 0
v 0.0627479814 0.0442047795 -0.0415757708 1 0 0.705882
v 0.0626625934 0.0442276248 -0.03979043 1 0 0.705882
v 0.0625672014 0.0442537994 -0.0380056887 1 0 0.705882
v 0.0624658453 0.0442856666 -0.036221392 1 0 0.705882
v 0.0623449059 0.0442984614 -0.0344380217 1 0 0.705882
v 0.0622299052 0.0443313288 -0.0326545513 1 0 0.705882
v 0.0620986318 0.0443402959 -0.0308719122 0.313725 0.313725 1
v 0.0619794214 0.0443797689 -0.029088811 0.313725 0.313725 1
v 0.0618473803 0.044403925 -0.0273063647 0.313725 0.313725 1
v 0.0617059835 0.0444260806 -0.0255245941 0.313725 0.313725 1
v 0.0615463261 0.0444322217 -0.0237443142 0.313725 0.313725 1
v 0.0613714288 0.0444306952 -0.0219654221 0.313725 0.313725 1
v 0.0611917589 0.0444414293 -0.0201869818 0.313725 0.313725 1
v 0.0610017023 0.0444457465 -0.0184095784 0.313725 0.313725 1
v 0.0607986266 0.044446168 -0.0166336175 0.705882 0.470588 0.156863
v 0.060577408 0.0444134535 -0.0148602263 0.705882 0.470588 0.156863
v 0.0603658928 0.0444014386 -0.0130853278 0.705882 0.470588 0.156863
v 0.060140513 0.0443690569 -0.0113125621 0.705882 0.470588 0.156863
v 0.0599132836 0.044352506 -0.00953982724 0.705882 0.470588 0.156863
v 0.0596760077 0.0443250211 -0.00776846282 0.705882 0.470588 0.156863
v 0.0594079063 0.0442455868 -0.00600340031 0.470588 0.470588 0.470588
v 0.0590822557 0.0441234429 -0.0042501846 0.470588 0.470588 0.470588
v 0.0587113875 0.0439571933 -0.00250969742 0.470588 0.470588 0.470588
v 0.0582970853 0.0437550332 -0.000783222902 0.470588 0.470588 0.470588
v 0.0578110055 0.0434636758 0.000911789143 0.470588 0.470588 0.470588
v 0.0572682 0.0430921328 0.00257302678 0.470588 0.470588 0.470588
v 0.0566833895 0.0426794102 0.00421052161 1 0 0
v 0.0560418829 0.0422322097 0.00581761229 1 0 0
v 0.0553289038 0.0417706864 0.00739032181 1 0 0
v 0.054537473 0.0413067762 0.00892451291 1 0 0
v 0.0536842429 0.0408630425 0.0104308805 1 0 0
v 0.0526286439 0.0404893797 0.0118156752 1 0 0
v 0.0511500573 0.0403931412 0.012751348 0 1 0
v 0.0495292216 0.0404034842 0.013505073 0 1 0
v 0.047908507 0.0404160306 0.0142590125 0 1 0
v 0.0462872718 0.0404254943 0.0150118835 0 1 0
v 0.0446661219 0.0404297656 0.0157649936 0 1 0
v 0.0430472367 0.0404406602 0.0165228898 0 1 0
v 0.0414288118 0.0404557344 0.0172816363 0 0.501961 1
v 0.039809088 0.0404646498 0.0180377074 0 0.501961 1
v 0.0381887344 0.0404720742 0.018792487 0 0.501961 1
v 0.0365686936 0.0404796357 0.0195479508 0 0.501961 1
v 0.034947207 0.0404861541 0.020300314 1 0.784314 0
v 0.0557266521 0.0415504507 -0.123451988 0 1 0
v 0.0558892628 0.0416742774 -0.1216725 0 1 0
v 0.0561525165 0.0417739855 -0.11990359 0 1 0
v 0.0564255218 0.0418958164 -0.118137512 0 1 0
v 0.056700155 0.0419976649 -0.116370438 0 1 0
v 0.0569749164 0.042104497 -0.114603666 0 1 0
v 0.0572371177 0.0422051585 -0.11283466 0 0.501961 1
v 0.0574944268 0.042308244 -0.111065066 0 0.501961 1
v 0.0577380204 0.0424152388 -0.109293769 0 0.501961 1
v 0.0579728536 0.0425073127 -0.107520415 0 0.501961 1
v 0.0582065179 0.0426086165 -0.10574748 0 0.501961 1
v 0.0584274842 0.0427120187 -0.103972974 0 0.501961 1
v 0.0586238893 0.0428073229 -0.102195149 1 0.784314 0
v 0.0588005406 0.0428997067 -0.100415149 1 0.784314 0
v 0.0589672953 0.0429891011 -0.0986340141 1 0.784314 0
v 0.0591258071 0.0430869939 -0.0968525571 1 0.784314 0
v 0.059274239 0.0431772489 -0.0950697896 1 0.784314 0
v 0.0594224051 0.0432633218 -0.0932868017 1 0.784314 0
v 0.0595724141 0.0433516362 -0.0915040928 0.705882 0 1
v 0.0597215371 0.0434413078 -0.0897213648 0.705882 0 1
v 0.0598708724 0.0435197488 -0.0879381088 0.705882 0 1
v 0.0600154127 0.0436068264 -0.0861548855 0.705882 0 1
v 0.0601456869 0.043694711 -0.0843706439 0.705882 0 1
v 0.0602666897 0.0437848658 -0.0825858181 0.705882 0 1
v 0.0603652683 0.0438624596 -0.0807990134 0.705882 0 1
v 0.0604404592 0.0439214719 -0.0790103525 0.705882 0 1
v 0.0605105321 0.0439906015 -0.0772218568 0 0.862745 0.862745
v 0.0605819792 0.044060696 -0.0754334555 0 0.862745 0.862745
v 0.0606515847 0.0441296291 -0.0736449282 0 0.862745 0.862745
v 0.0607138426 0.0442001156 -0.0718561868 0 0.862745 0.862745
v 0.0607743751 0.0442573919 -0.0700669462 0 0.862745 0.862745
v 0.060836336 0.0443318387 -0.0682784473 0 0.862745 0.862745
v 0.0608938 0.0443911867 -0.0664891832 1 0.470588 0
v 0.0609443327 0.0444545868 -0.064699813 1 0.470588 0
v 0.0609857071 0.0445287295 -0.0629106265 1 0.470588 0
v 0.0610064317 0.0445902134 -0.0611206803 1 0.470588 0
v 0.0610112334 0.0446465587 -0.0593303756 1 0.470588 0
v 0.0610029523 0.0447063418 -0.057540199 1 0.470588 0
v 0.0609870202 0.0447568963 -0.0557497914 1 0.470588 0
v 0.0609640659 0.0447971174 -0.0539591908 1 0.470588 0
v 0.0609388669 0.0448344682 -0.0521685672 0.470588 1 0
v 0.0609096575 0.0448632208 -0.0503778567 0.470588 1 0
v 0.0608853838 0.0448995567 -0.0485873656 0.470588 1 0
v 0.0608710213 0.0449513043 -0.0467970124 0.470588 1 0
v 0.0608451576 0.0449906435 -0.0450064537 0.470588 1 0
v 0.0608035293 0.045024614 -0.0432161034 0.470588 1 0
v 0.0607445172 0.0450621865 -0.0414263878 1 0 0.705882
v 0.0606613691 0.0450967075 -0.0396374779 1 0 0.705882
v 0.0605648843 0.0451256639 -0.0378491275 1 0 0.705882
v 0.0604551414 0.0451430603 -0.0360614874 1 0 0.705882
v 0.0603404126 0.0451684245 -0.0342741346 1 0 0.705882
v 0.0602168076 0.045187693 -0.0324873781 1 0 0.705882
v 0.0600857233 0.045196557 -0.0307010856 0.313725 0.313725 1
v 0.0599669567 0.0452395916 -0.028914366 0.313725 0.313725 1
v 0.0598286942 0.0452526155 -0.0271285592 0.313725 0.313725 1
v 0.0596877669 0.0452847582 -0.0253432309 0.313725 0.313725 1
v 0.0595228598 0.0452837672 -0.0235596916 0.313725 0.313725 1
v 0.0593464688 0.0452805331 -0.0217772525 0.313725 0.313725 1
v 0.0591659945 0.0452883681 -0.019995171 0.313725 0.313725 1
v 0.0589674743 0.0452937412 -0.0182150007 0.313725 0.313725 1
v 0.0587605467 0.0452840862 -0.0164358614 0.705882 0.470588 0.156863
v 0.0585530822 0.0452770076 -0.0146567284 0.705882 0.470588 0.156863
v 0.0583349055 0.0452607229 -0.0128789601 0.705882 0.470588 0.156863
v 0.0580997168 0.0452136332 -0.0111040899 0.705882 0.470588 0.156863
v 0.0578536962 0.0451559679 -0.00933085169 0.705882 0.470588 0.156863
v 0.057593971 0.0450801401 -0.00756078177 0.705882 0.470588 0.156863
v 0.057296395 0.0449348822 -0.00580050574 0.470588 0.470588 0.470588
v 0.0569440277 0.0447734546 -0.0040517237 0.470588 0.470588 0.470588
v 0.0565459775 0.0445621773 -0.00231834069 0.470588 0.470588 0.470588
v 0.0560924751 0.0442569304 -0.000613688004 0.470588 0.470588 0.470588
v 0.0555740447 0.0438983582 0.00106287471 0.470588 0.470588 0.470588
v 0.0550074784 0.0434831451 0.00271046002 0.470588 0.470588 0.470588
v 0.0543933868 0.0430495028 0.00433607796 1 0 0
v 0.0537134572 0.0426121135 0.00593392137 1 0 0
v 0.0529609054 0.0421639782 0.00749567355 1 0 0
v 0.0521386351 0.0417329054 0.00902708033 1 0 0
v 0.0510649521 0.0414011741 0.0103890949 1 0 0
v 0.0495583226 0.0413145357 0.0113210931 1 0 0
v 0.0479343221 0.0413256585 0.0120766869 0 1 0
v 0.046310998 0.0413368048 0.0128337522 0 1 0
v 0.044685037 0.0413454837 0.0135851637 0 1 0
v 0.0430623027 0.0413532263 0.0143435244 0 1 0
v 0.0414402311 0.0413666297 0.0151031944 0 1 0
v 0.0398169683 0.041373349 0.0158604003 0 1 0
v 0.0381951334 0.0413912337 0.0166205092 0 0.501961 1
v 0.0365721476 0.0414029881 0.0173782907 0 0.501961 1
v 0.0349474699 0.0414067088 0.0181325231 1 0.784314 0
v 0.0536011335 0.0419945792 -0.123450602 0 1 0
v 0.0537562768 0.0421233187 -0.121667844 0 1 0
v 0.0540147484 0.0422437725 -0.11989678 0 1 0
v 0.0542873959 0.0423682735 -0.118127878 0 1 0
v 0.0545649431 0.0424852391 -0.11635923 0 1 0
v 0.0548419952 0.0426015615 -0.11459045 0 1 0
v 0.0551083876 0.0427115622 -0.112819659 0 0.501961 1
v 0.0553663946 0.0428200329 -0.111047502 0 0.501961 1
v 0.0556157267 0.0429323061 -0.109274358 0 0.501961 1
v 0.0558566352 0.0430416511 -0.107499869 0 0.501961 1
v 0.056091748 0.043146379 -0.105724355 0 0.501961 1
v 0.0563154394 0.0432559082 -0.103947639 0 0.501961 1
v 0.0565178668 0.0433570503 -0.102167885 1 0.784314 0
v 0.0566984121 0.0434635939 -0.100386078 1 0.784314 0
v 0.0568682775 0.0435538875 -0.0986023071 1 0.784314 0
v 0.0570321697 0.0436563826 -0.0968186457 1 0.784314 0
v 0.0571799868 0.0437595037 -0.0950335994 1 0.784314 0
v 0.0573299394 0.0438495004 -0.0932480231 1 0.784314 0
v 0.0574816199 0.0439429479 -0.0914627819 0.705882 0 1
v 0.0576314679 0.0440372056 -0.089677411 0.705882 0 1
v 0.0577819765 0.0441274677 -0.0878918973 0.705882 0 1
v 0.05793204 0.0442291573 -0.0861069875 0.705882 0 1
v 0.0580692492 0.0443296157 -0.0843209908 0.705882 0 1
v 0.0581884306 0.0444157829 -0.082532935 0.705882 0 1
v 0.0582890015 0.0444997744 -0.0807436537 0.705882 0 1
v 0.0583695154 0.0445752029 -0.0789529206 0.705882 0 1
v 0.0584413126 0.0446452023 -0.0771616012 0 0.862745 0.862745
v 0.0585117585 0.0447171778 -0.075370304 0 0.862745 0.862745
v 0.0585811812 0.0447885855 -0.073578945 0 0.862745 0.862745
v 0.0586457549 0.0448565394 -0.071787278 0 0.862745 0.862745
v 0.0587073724 0.0449195984 -0.0699953466 0 0.862745 0.862745
v 0.0587721841 0.044998211 -0.0682041567 0 0.862745 0.862745
v 0.0588342916 0.0450769727 -0.0664128409 1 0.470588 0
v 0.0588877925 0.0451430934 -0.0646207652 1 0.470588 0
v 0.0589254442 0.0452149132 -0.0628284882 1 0.470588 0
v 0.0589459563 0.0452838582 -0.0610358263 1 0.470588 0
v 0.0589518264 0.0453482449 -0.059242894 1 0.470588 0
v 0.0589407928 0.0453921036 -0.0574493485 1 0.470588 0
v 0.058924963 0.0454478486 -0.0556561562 1 0.470588 0
v 0.0589027782 0.0454925582 -0.0538627256 1 0.470588 0
v 0.0588799485 0.0455358493 -0.0520692674 0.470588 1 0
v 0.0588547469 0.045573744 -0.0502757366 0.470588 1 0
v 0.0588311437 0.0456155418 -0.0484822545 0.470588 1 0
v 0.0588067537 0.0456414668 -0.0466885079 0.470588 1 0
v 0.0587822359 0.0456811196 -0.0448950525 0.470588 1 0
v 0.058745772 0.0457338275 -0.043102145 0.470588 1 0
v 0.0586841573 0.0457761795 -0.0413096659 1 0 0.705882
v 0.0586033537 0.0458184433 -0.0395178818 1 0 0.705882
v 0.0585045784 0.0458424131 -0.0377266708 1 0 0.705882
v 0.0583917269 0.0458580283 -0.0359362349 1 0 0.705882
v 0.0582712465 0.045872604 -0.0341462425 1 0 0.705882
v 0.0581453664 0.0458860149 -0.0323565958 1 0 0.705882
v 0.058017312 0.0459004507 -0.0305671854 0.313725 0.313725 1
v 0.0578911003 0.0459301829 -0.0287777852 0.313725 0.313725 1
v 0.0577514442 0.045940783 -0.0269891385 0.313725 0.313725 1
v 0.0576050178 0.0459653045 -0.0252011773 0.313725 0.313725 1
v 0.057441233 0.0459718598 -0.0234145601 0.313725 0.313725 1
v 0.0572625519 0.0459751596 -0.0216293603 0.313725 0.313725 1
v 0.0570777544 0.0459837191 -0.0198447941 0.313725 0.313725 1
v 0.0568786498 0.0459836684 -0.018061765 0.313725 0.313725 1
v 0.0566727538 0.0459807298 -0.0162794936 0.705882 0.470588 0.156863
v 0.0564614868 0.0459685078 -0.0144978861 0.705882 0.470588 0.156863
v 0.0562382043 0.0459418268 -0.0127179396 0.705882 0.470588 0.156863
v 0.0559947749 0.0458730453 -0.0109422563 0.705882 0.470588 0.156863
v 0.055732609 0.0457704292 -0.00917040273 0.705882 0.470588 0.156863
v 0.0554482106 0.0456299767 -0.00740482792 0.705882 0.470588 0.156863
v 0.0551231836 0.045449968 -0.00564980348 0.470588 0.470588 0.470588
v 0.0547503476 0.0452271516 -0.00390959656 0.470588 0.470588 0.470588
v 0.0543276989 0.0449404997 -0.00219021368 0.470588 0.470588 0.470588
v 0.0538454359 0.0445980598 -0.00049662784 0.470588 0.470588 0.470588
v 0.0533109162 0.0442290621 0.00117560407 0.470588 0.470588 0.470588
v 0.0527281044 0.0438124393 0.00282038776 0.470588 0.470588 0.470588
v 0.0520937844 0.0433973058 0.00444639352 1 0 0
v 0.0513820163 0.0429752265 0.00603826986 1 0 0
v 0.0505836574 0.0425591991 0.00759011682 1 0 0
v 0.0494467254 0.0422639241 0.0089350083 1 0 0
v 0.0479565582 0.0421842638 0.00986772142 1 0 0
v 0.0463299703 0.0421948528 0.0106246698 1 0 0
v 0.04470309 0.0422058458 0.0113809909 0 1 0
v 0.0430756638 0.0422117124 0.012136197 0 1 0
v 0.04144975 0.0422159845 0.0128946531 0 1 0
v 0.0398250382 0.0422252067 0.013655651 0 1 0
v 0.0382005088 0.0422368877 0.0144170179 0 1 0
v 0.0365733476 0.042249516 0.0151727286 0 1 0
v 0.0349483557 0.0422556575 0.0159331672 0 0.501961 1
v 0.0514598273 0.0423557511 -0.123449621 0 1 0
v 0.0516088079 0.0424979198 -0.121664206 0 1 0
v 0.0518592852 0.0426312865 -0.11988991 0 1 0
v 0.0521328081 0.042766154 -0.118118741 0 1 0
v 0.0524121812 0.0428958809 -0.116348091 0 1 0
v 0.0526905044 0.043017498 -0.114576695 0 1 0
v 0.052959937 0.0431320696 -0.112803467 0 0.501961 1
v 0.0532234198 0.0432527892 -0.111029772 0 0.501961 1
v 0.0534755116 0.0433664398 -0.109253926 0 0.501961 1
v 0.0537180019 0.0434796668 -0.107476715 0 0.501961 1
v 0.0539563438 0.0435967642 -0.105699201 0 0.501961 1
v 0.0541841664 0.0437124058 -0.103920224 0 0.501961 1
v 0.0543917605 0.0438153755 -0.102137989 1 0.784314 0
v 0.0545720423 0.0439306746 -0.100353519 1 0.784314 0
v 0.0547424568 0.0440274665 -0.0985669886 1 0.784314 0
v 0.0549062361 0.0441354944 -0.0967804921 1 0.784314 0
v 0.0550604851 0.0442414056 -0.094993027 1 0.784314 0
v 0.0552126882 0.0443450116 -0.0932052483 1 0.784314 0
v 0.0553665773 0.0444436662 -0.0914173299 0.705882 0 1
v 0.055519006 0.0445484803 -0.0896296314 0.705882 0 1
v 0.0556775825 0.044653678 -0.0878424874 0.705882 0 1
v 0.055823413 0.0447461053 -0.0860535654 0.705882 0 1
v 0.055960973 0.0448480345 -0.0842645029 0.705882 0 1
v 0.0560840104 0.0449432932 -0.0824740068 0.705882 0 1
v 0.0561881789 0.0450440558 -0.0806826375 0.705882 0 1
v 0.0562708277 0.0451199181 -0.0788889067 0.705882 0 1
v 0.0563429701 0.0452021085 -0.0770949946 0 0.862745 0.862745
v 0.0564143683 0.0452786482 -0.0753007967 0 0.862745 0.862745
v 0.0564823837 0.0453500368 -0.0735062503 0 0.862745 0.862745
v 0.0565477323 0.0454206595 -0.0717115766 0 0.862745 0.862745
v 0.0566108995 0.0454879125 -0.0699166927 0 0.862745 0.862745
v 0.0566748803 0.0455643197 -0.0681222143 0 0.862745 0.862745
v 0.0567380344 0.0456413139 -0.0663277224 1 0.470588 0
v 0.0567912582 0.0457181013 -0.0645329234 1 0.470588 0
v 0.056833612 0.0457988551 -0.062737998 1 0.470588 0
v 0.0568612534 0.0458768161 -0.060942666 1 0.470588 0
v 0.056861396 0.0459409264 -0.059146554 1 0.470588 0
v 0.0568485696 0.0459848607 -0.0573499226 1 0.470588 0
v 0.0568301725 0.0460290687 -0.0555533238 1 0.470588 0
v 0.0568112438 0.0460785744 -0.0537568505 1 0.470588 0
v 0.0567912486 0.0461288574 -0.0519604116 0.470588 1 0
v 0.0567643654 0.0461671003 -0.050163779 0.470588 1 0
v 0.056737081 0.0462021451 -0.0483670915 0.470588 1 0
v 0.0567124762 0.0462315488 -0.0465702726 0.470588 1 0
v 0.0566904402 0.0462732671 -0.0447736739 0.470588 1 0
v 0.056652149 0.0463256446 -0.0429776255 0.470588 1 0
v 0.0565871104 0.0463679165 -0.0411820934 1 0 0.705882
v 0.0565043662 0.0464147514 -0.0393873753 1 0 0.705882
v 0.0564054815 0.0464419552 -0.0375931666 1 0 0.705882
v 0.0562933206 0.0464523157 -0.0357994507 1 0 0.705882
v 0.0561664928 0.0464572118 -0.034006684 1 0 0.705882
v 0.0560372697 0.0464676975 -0.0322141117 1 0 0.705882
v 0.0559091577 0.0464838927 -0.0304215109 0.313725 0.313725 1
v 0.0557785277 0.0465023507 -0.0286291494 0.313725 0.313725 1
v 0.0556357242 0.0465100751 -0.0268376419 0.313725 0.313725 1
v 0.0554843807 0.0465276893 -0.0250469052 0.313725 0.313725 1
v 0.0553177079 0.0465320213 -0.0232574113 0.313725 0.313725 1
v 0.0551380436 0.0465379442 -0.021469171 0.313725 0.313725 1
v 0.0549503976 0.0465412631 -0.019681745 0.313725 0.313725 1
v 0.0547472809 0.0465362296 -0.0178960155 0.313725 0.313725 1
v 0.0545392094 0.0465287948 -0.0161108619 0.705882 0.470588 0.156863
v 0.0543244536 0.046511575 -0.014326614 0.705882 0.470588 0.156863
v 0.0540941488 0.0464619037 -0.0125449492 0.705882 0.470588 0.156863
v 0.0538385468 0.0463565074 -0.0107691091 0.705882 0.470588 0.156863
v 0.053564367 0.0462176129 -0.00899832955 0.470588 0.470588 0.470588
v 0.0532645972 0.0460364336 -0.00723561188 0.470588 0.470588 0.470588
v 0.0529202074 0.0458117269 -0.00548619935 0.470588 0.470588 0.470588
v 0.0525253184 0.045532777 -0.00375526335 0.470588 0.470588 0.470588
v 0.0520755528 0.0452081133 -0.00204581629 0.470588 0.470588 0.470588
v 0.0515701809 0.0448641003 -0.000355927246 0.470588 0.470588 0.470588
v 0.0510180669 0.0444964258 0.00131420876 1 0 0
v 0.0504088008 0.0441038337 0.00295861985 1 0 0
v 0.0497378383 0.0437192156 0.00458030331 1 0 0
v 0.0489782165 0.0433214898 0.00615872521 1 0 0
v 0.0479548359 0.0429982011 0.00759028671 1 0 0
v 0.0463562799 0.0429929011 0.00838650239 1 0 0
v 0.0447263868 0.0430039713 0.00914374002 0 1 0
v 0.0430962552 0.043010007 0.00990051555 0 1 0
v 0.0414661081 0.0430096563 0.0106572924 0 1 0
v 0.0398376309 0.0430159107 0.0114176405 0 1 0
v 0.0382087696 0.0430209241 0.0121771651 0 1 0
v 0.0365800292 0.0430297941 0.0129369183 0 1 0
v 0.0349502028 0.0430362066 0.0136943825 0 0.501961 1
v 0.0493085899 0.0426526108 -0.123448831 0 0.862745 0.862745
v 0.0494491327 0.0428123182 -0.121661727 0 0.862745 0.862745
v 0.0496883985 0.0429479774 -0.119883563 0 0.862745 0.862745
v 0.0499604818 0.0430859571 -0.118109905 0 0.862745 0.862745
v 0.0502447662 0.0432236673 -0.116338117 0 0.862745 0.862745
v 0.0505236001 0.0433527489 -0.114564831 0 0.862745 0.862745
v 0.0507981792 0.0434763542 -0.112790492 1 0.470588 0
v 0.0510620464 0.0436007741 -0.111014575 1 0.470588 0
v 0.0513182083 0.0437255461 -0.109237549 1 0.470588 0
v 0.0515630154 0.0438483802 -0.10745879 1 0.470588 0
v 0.0518042742 0.0439721519 -0.105679612 1 0.470588 0
v 0.0520358678 0.0440912076 -0.103898845 1 0.470588 0
v 0.0522437588 0.0442037626 -0.10211472 0.470588 1 0
v 0.0524297029 0.0443206112 -0.100328473 0.470588 1 0
v 0.0526021576 0.0444280762 -0.0985402789 0.470588 1 0
v 0.0527664621 0.0445375775 -0.0967514279 0.470588 1 0
v 0.0529234193 0.0446503134 -0.0949621337 0.470588 1 0
v 0.0530778763 0.0447628293 -0.0931725934 0.470588 1 0
v 0.0532334354 0.0448687301 -0.0913827341 1 0 0.705882
v 0.0533886748 0.0449724499 -0.0895927191 1 0 0.705882
v 0.0535436952 0.0450767337 -0.0878027233 1 0 0.705882
v 0.053693686 0.0451808068 -0.0860123051 1 0 0.705882
v 0.0538332996 0.0452923493 -0.084221481 1 0 0.705882
v 0.0539583276 0.0453865328 -0.0824285805 1 0 0.705882
v 0.0540643593 0.0454933403 -0.0806351676 1 0 0.705882
v 0.0541493143 0.0455758418 -0.0788393411 1 0 0.705882
v 0.0542241717 0.0456680236 -0.077043537 0.313725 0.313725 1
v 0.0542965726 0.0457438822 -0.075246871 0.313725 0.313725 1
v 0.0543652229 0.0458182019 -0.0734499947 0.313725 0.313725 1
v 0.0544303497 0.0458985923 -0.0716532453 0.313725 0.313725 1
v 0.0544939697 0.0459706798 -0.0698561049 0.313725 0.313725 1
v 0.054558249 0.0460475755 -0.0680591939 0.313725 0.313725 1
v 0.0546237663 0.046130547 -0.0662625801 0.705882 0.470588 0.156863
v 0.0546808342 0.0462063024 -0.0644653537 0.705882 0.470588 0.156863
v 0.054722676 0.0462882733 -0.062667999 0.705882 0.470588 0.156863
v 0.0547414042 0.0463699016 -0.0608702299 0.705882 0.470588 0.156863
v 0.0547425965 0.0464332578 -0.0590716459 0.705882 0.470588 0.156863
v 0.0547336273 0.0464850172 -0.0572727276 0.705882 0.470588 0.156863
v 0.0547145853 0.0465251279 -0.0554735657 0.705882 0.470588 0.156863
v 0.0546920475 0.0465733769 -0.0536746356 0.705882 0.470588 0.156863
v 0.0546701969 0.0466192787 -0.0518756308 0.470588 0.470588 0.470588
v 0.0546457896 0.0466587605 -0.0500765059 0.470588 0.470588 0.470588
v 0.0546199118 0.0466968307 -0.0482773726 0.470588 0.470588 0.470588
v 0.054597263 0.0467328989 -0.0464781714 0.470588 0.470588 0.470588
v 0.0545728066 0.0467729399 -0.0446790839 0.470588 0.470588 0.470588
v 0.0545338876 0.0468202966 -0.0428804371 0.470588 0.470588 0.470588
v 0.0544670241 0.0468612088 -0.0410824291 1 0 0
v 0.0543827297 0.0469127928 -0.0392854201 1 0 0
v 0.0542785965 0.0469318166 -0.0374888283 1 0 0
v 0.0541615593 0.0469430635 -0.0356929697 1 0 0
v 0.0540373658 0.0469500652 -0.0338975501 1 0 0
v 0.0539064657 0.0469544656 -0.0321025971 1 0 0
v 0.0537767271 0.0469653115 -0.0303075887 0 1 0
v 0.0536435142 0.0469739958 -0.0285128279 0 1 0
v 0.0534981773 0.0469766537 -0.0267190407 0 1 0
v 0.0533439629 0.0469920245 -0.0249260392 0 1 0
v 0.0531731349 0.0469909132 -0.02313444 0 1 0
v 0.0529906765 0.0469947071 -0.0213440031 0 1 0
v 0.0527969954 0.0469891769 -0.0195547567 0 0.501961 1
v 0.0525913709 0.0469801437 -0.0177668404 0 0.501961 1
v 0.0523804225 0.0469664677 -0.0159795839 0 0.501961 1
v 0.052162874 0.0469259734 -0.0141935124 0 0.501961 1
v 0.0519214007 0.0468404353 -0.012412274 1 0.784314 0
v 0.0516562263 0.0467160567 -0.0106366822 1 0.784314 0
v 0.0513713668 0.0465289871 -0.00886974304 1 0.784314 0
v 0.0510562493 0.0463108707 -0.00711151698 1 0.784314 0
v 0.0506964204 0.0460570368 -0.00536673434 1 0.784314 0
v 0.0502846382 0.0457589381 -0.00364044344 1 0.784314 0
v 0.0498133417 0.0454395436 -0.00193336193 0.705882 0 1
v 0.0492909906 0.0451059489 -0.000243814302 0.705882 0 1
v 0.0487201942 0.0447496749 0.00142534111 0.705882 0 1
v 0.0480916614 0.0443878304 0.0030722298 0.705882 0 1
v 0.0473800666 0.0440289349 0.00468557983 0.705882 0 1
v 0.0463779291 0.0437226726 0.00612604236 0.705882 0 1
v 0.0447451473 0.0437298931 0.00688296534 0 0.862745 0.862745
v 0.0431121149 0.0437378459 0.00763936694 0 0.862745 0.862745
v 0.0414794315 0.0437385888 0.00839656676 0 0.862745 0.862745
v 0.0398479001 0.0437445467 0.00915622376 0 0.862745 0.862745
v 0.0382163529 0.0437452603 0.00991587087 0 0.862745 0.862745
v 0.0365849801 0.0437494721 0.010675863 0 0.862745 0.862745
v 0.0349529978 0.0437521146 0.0114345728 1 0.470588 0
v 0.0471515501 0.0429041517 -0.12344783 0 0.862745 0.862745
v 0.0472810692 0.0430663908 -0.121658748 0 0.862745 0.862745
v 0.0475078972 0.0432078356 -0.119877397 0 0.862745 0.862745
v 0.0477808831 0.043348386 -0.118102275 0 0.862745 0.862745
v 0.0480640525 0.0434899696 -0.116328831 0 0.862745 0.862745
v 0.0483473527 0.0436286725 -0.11455518 0 0.862745 0.862745
v 0.0486243166 0.0437627859 -0.11278018 1 0.470588 0
v 0.0488917751 0.0438927794 -0.111003417 1 0.470588 0
v 0.0491500619 0.044027528 -0.109225654 1 0.470588 0
v 0.0493976915 0.0441574982 -0.107446016 1 0.470588 0
v 0.0496414371 0.0442856603 -0.105665706 1 0.470588 0
v 0.0498750327 0.0444103725 -0.10388381 1 0.470588 0
v 0.0500870129 0.0445288239 -0.102098834 0.470588 1 0
v 0.0502745842 0.0446460959 -0.100311017 0.470588 1 0
v 0.0504501459 0.0447611413 -0.0985218401 0.470588 1 0
v 0.0506163016 0.0448730384 -0.0967315465 0.470588 1 0
v 0.0507769703 0.0449914638 -0.0949411646 0.470588 1 0
v 0.0509292833 0.0451047136 -0.0931497078 0.470588 1 0
v 0.0510855088 0.0452174579 -0.0913585612 1 0 0.705882
v 0.0512413462 0.0453299297 -0.0895673725 1 0 0.705882
v 0.051395119 0.0454394367 -0.0877758198 1 0 0.705882
v 0.0515484737 0.0455486625 -0.0859842194 1 0 0.705882
v 0.0516906778 0.0456634192 -0.0841920437 1 0 0.705882
v 0.0518178673 0.0457593956 -0.0823976207 1 0 0.705882
v 0.0519256774 0.0458738352 -0.0806030114 1 0 0.705882
v 0.0520107431 0.0459633353 -0.0788057895 1 0 0.705882
v 0.0520859425 0.0460530264 -0.0770081186 0.313725 0.313725 1
v 0.05215972 0.046131868 -0.0752098829 0.313725 0.313725 1
v 0.0522306962 0.0462100488 -0.0734115034 0.313725 0.313725 1
v 0.0522956402 0.0462909752 -0.0716130321 0.313725 0.313725 1
v 0.0523620785 0.0463725132 -0.0698146291 0.313725 0.313725 1
v 0.0524281115 0.0464547207 -0.0680162453 0.313725 0.313725 1
v 0.0524906487 0.0465358479 -0.066217685 0.705882 0.470588 0.156863
v 0.0525456422 0.0466179331 -0.0644189324 0.705882 0.470588 0.156863
v 0.0525884383 0.0467010214 -0.0626198961 0.705882 0.470588 0.156863
v 0.0526131311 0.0467845148 -0.0608205541 0.705882 0.470588 0.156863
v 0.0526172035 0.0468565711 -0.0590205397 0.705882 0.470588 0.156863
v 0.0526046257 0.0469094744 -0.0572198784 0.705882 0.470588 0.156863
v 0.0525844769 0.0469491219 -0.0554189455 0.705882 0.470588 0.156863
v 0.0525617779 0.0469908241 -0.0536180953 0.705882 0.470588 0.156863
v 0.0525392769 0.0470311115 -0.0518172055 0.470588 0.470588 0.470588
v 0.0525140384 0.0470730883 -0.0500163933 0.470588 0.470588 0.470588
v 0.0524887477 0.0471128573 -0.0482155316 0.470588 0.470588 0.470588
v 0.0524661143 0.0471528189 -0.0464146459 0.470588 0.470588 0.470588
v 0.0524397931 0.0471949718 -0.0446138732 0.470588 0.470588 0.470588
v 0.0523948935 0.0472351106 -0.0428134519 0.470588 0.470588 0.470588
v 0.0523289819 0.0472743082 -0.0410136135 1 0 0
v 0.0522411202 0.0473120224 -0.0392147082 1 0 0
v 0.052139316 0.0473339241 -0.0374162428 1 0 0
v 0.0520193528 0.0473442169 -0.035618794 1 0 0
v 0.0518922563 0.047348055 -0.0338218117 1 0 0
v 0.0517602107 0.0473528854 -0.0320251813 1 0 0
v 0.0516295926 0.0473550218 -0.030228449 0 1 0
v 0.0514934766 0.0473530319 -0.0284321379 0 1 0
v 0.0513466104 0.0473549743 -0.0266366773 0 1 0
v 0.0511891501 0.0473672471 -0.02484215 0 1 0
v 0.0510159468 0.0473688897 -0.0230490154 0 1 0
v 0.0508300055 0.0473699028 -0.0212571711 0 1 0
v 0.050634331 0.0473544483 -0.0194664151 0 0.501961 1
v 0.0504254382 0.0473373775 -0.0176771691 0 0.501961 1
v 0.0502092594 0.0473006745 -0.0158891111 0 0.501961 1
v 0.0499820393 0.0472376842 -0.01410325 0 0.501961 1
v 0.0497376055 0.0471348151 -0.0123215542 1 0.784314 0
v 0.0494641645 0.0469719209 -0.0105484802 1 0.784314 0
v 0.0491699756 0.0467648042 -0.00878349677 1 0.784314 0
v 0.0488446501 0.0465257026 -0.00702810352 1 0.784314 0
v 0.0484709456 0.0462565797 -0.00528660508 1 0.784314 0
v 0.04803988 0.0459592112 -0.0035631887 1 0.784314 0
v 0.047549314 0.0456537932 -0.00185699733 0.705882 0 1
v 0.0470107044 0.0453333771 -0.00016825323 0.705882 0 1
v 0.0464210697 0.0450009781 0.00150103117 0.705882 0 1
v 0.045717714 0.0446690858 0.00312352734 0.705882 0 1
v 0.0447591054 0.0443887253 0.00459683234 0.705882 0 1
v 0.0431252731 0.0443926087 0.00535572294 0.705882 0 1
v 0.041489512 0.0443968912 0.00611044774 0 0.862745 0.862745
v 0.0398555801 0.0443957649 0.00686912682 0 0.862745 0.862745
v 0.038222494 0.0443954303 0.00762963313 0 0.862745 0.862745
v 0.036589602 0.0444024042 0.00839050072 0 0.862745 0.862745
v 0.0349566129 0.0444103237 0.00915116138 1 0.470588 0
v 0.0449913431 0.0431272265 -0.123446077 0 0.862745 0.862745
v 0.0451173025 0.0432820759 -0.121654766 0 0.862745 0.862745
v 0.04533373 0.0434287649 -0.119871983 0 0.862745 0.862745
v 0.0455990907 0.0435743906 -0.11809519 0 0.862745 0.862745
v 0.0458797217 0.0437199227 -0.116320688 0 0.862745 0.862745
v 0.0461644588 0.0438629207 -0.114546629 0 0.862745 0.862745
v 0.0464452141 0.0440021542 -0.112771641 1 0.470588 0
v 0.0467145456 0.0441383026 -0.110994643 1 0.470588 0
v 0.0469776503 0.0442760377 -0.109216841 1 0.470588 0
v 0.047223999 0.0444153243 -0.107436756 1 0.470588 0
v 0.0474690057 0.0445451929 -0.105655768 1 0.470588 0
v 0.0477040386 0.0446755201 -0.103873476 1 0.470588 0
v 0.0479182195 0.0447939072 -0.102087781 0.470588 1 0
v 0.0481112547 0.0449123991 -0.100299659 0.470588 1 0
v 0.0482886105 0.0450316438 -0.0985099447 0.470588 1 0
v 0.0484557596 0.0451458858 -0.0967189291 0.470588 1 0
v 0.0486154648 0.0452688448 -0.0949278091 0.470588 1 0
v 0.0487705223 0.0453874426 -0.093135968 0.470588 1 0
v 0.0489275336 0.045503112 -0.0913441072 1 0 0.705882
v 0.0490856971 0.0456257687 -0.08955282 1 0 0.705882
v 0.0492412731 0.0457417642 -0.0877608614 1 0 0.705882
v 0.0493941118 0.0458591215 -0.0859687666 1 0 0.705882
v 0.0495370511 0.0459679493 -0.0841753172 1 0 0.705882
v 0.0496655581 0.0460761566 -0.0823807238 1 0 0.705882
v 0.0497747311 0.0461886705 -0.0805851166 1 0 0.705882
v 0.0498615813 0.0462834422 -0.0787873135 1 0 0.705882
v 0.0499368843 0.0463749207 -0.0769887712 0.313725 0.313725 1
v 0.0500120416 0.046464305 -0.075190114 0.313725 0.313725 1
v 0.050085769 0.0465423037 -0.073390873 0.313725 0.313725 1
v 0.0501505949 0.0466248088 -0.0715915048 0.313725 0.313725 1
v 0.0502170029 0.0467112571 -0.0697923648 0.313725 0.313725 1
v 0.0502823185 0.0467942992 -0.0679930262 0.313725 0.313725 1
v 0.0503458114 0.0468743199 -0.0661934817 0.705882 0.470588 0.156863
v 0.0504022153 0.0469612982 -0.0643940382 0.705882 0.470588 0.156863
v 0.0504425433 0.0470494767 -0.062594221 0.705882 0.470588 0.156863
v 0.0504655597 0.0471317296 -0.0607938405 0.705882 0.470588 0.156863
v 0.0504689111 0.0472031558 -0.058992831 0.705882 0.470588 0.156863
v 0.0504587073 0.0472610988 -0.0571913517 0.705882 0.470588 0.156863
v 0.0504400202 0.047310628 -0.0553896977 0.705882 0.470588 0.156863
v 0.0504171499 0.0473500221 -0.0535878291 0.705882 0.470588 0.156863
v 0.0503940531 0.0473886525 -0.0517859503 0.470588 0.470588 0.470588
v 0.0503687132 0.0474266974 -0.0499840947 0.470588 0.470588 0.470588
v 0.0503437731 0.0474666857 -0.0481822768 0.470588 0.470588 0.470588
v 0.0503211295 0.0475015115 -0.0463803147 0.470588 0.470588 0.470588
v 0.0502942449 0.0475406772 -0.0445785167 0.470588 0.470588 0.470588
v 0.0502507936 0.0475814062 -0.0427770948 0.470588 0.470588 0.470588
v 0.0501805059 0.0476163009 -0.0409763665 1 0 0
v 0.0500898481 0.0476492459 -0.0391765071 1 0 0
v 0.0499839659 0.0476697388 -0.0373773104 1 0 0
v 0.0498661349 0.0476809368 -0.0355787746 1 0 0
v 0.0497363777 0.0476810772 -0.0337810102 1 0 0
v 0.0496038912 0.0476741923 -0.0319834594 1 0 0
v 0.0494704146 0.0476643463 -0.0301859953 0 1 0
v 0.0493338471 0.0476636722 -0.0283887415 0 1 0
v 0.0491861009 0.0476667587 -0.0265923854 0 1 0
v 0.0490253795 0.0476789219 -0.0247971757 0 1 0
v 0.0488507731 0.0476798299 -0.0230032109 0 1 0
v 0.0486650188 0.0476743769 -0.0212103843 0 1 0
v 0.0484641308 0.0476601745 -0.0194192312 0 0.501961 1
v 0.0482537529 0.0476274644 -0.0176294279 0 0.501961 1
v 0.0480341728 0.0475705987 -0.0158413465 0 0.501961 1
v 0.047802207 0.0474864984 -0.0140559753 0 0.501961 1
v 0.0475488785 0.0473568364 -0.0122761853 1 0.784314 0
v 0.0472719889 0.04717486 -0.0105045284 1 0.784314 0
v 0.046975434 0.0469583919 -0.00874004254 1 0.784314 0
v 0.0466397099 0.046710609 -0.00698677443 1 0.784314 0
v 0.0462418949 0.0464371767 -0.00525035216 1 0.784314 0
v 0.045794898 0.0461600327 -0.00352676471 1 0.784314 0
v 0.0452958242 0.0458658468 -0.00182000916 0.705882 0 1
v 0.0447392939 0.0455620732 -0.000132761413 0.705882 0 1
v 0.0441223456 0.0452485711 0.00153147329 0.705882 0 1
v 0.0430459643 0.0450337755 0.00291046008 0.705882 0 1
v 0.0414991369 0.0449935914 0.00380579864 0.705882 0 1
v 0.0398630056 0.0449934649 0.00456201428 0.705882 0 1
v 0.038228037 0.0449876654 0.00532073456 0 0.862745 0.862745
v 0.0365941237 0.0449854656 0.0060817395 0 0.862745 0.862745
v 0.0349610838 0.0449940299 0.00684456081 1 0.470588 0
v 0.0428302247 0.0433415578 -0.123442959 0 0.862745 0.862745
v 0.0429394633 0.0434848937 -0.121648488 0 0.862745 0.862745
v 0.0431441432 0.0436235985 -0.119861724 0 0.862745 0.862745
v 0.0434157185 0.043765405 -0.118084118 0 0.862745 0.862745
v 0.043698814 0.0439115793 -0.116308667 0 0.862745 0.862745
v 0.0439806995 0.0440586194 -0.114533091 0 0.862745 0.862745
v 0.0442628736 0.0441994665 -0.112757064 1 0.470588 0
v 0.0445330718 0.0443408625 -0.110979224 1 0.470588 0
v 0.0447985854 0.0444819328 -0.109200655 1 0.470588 0
v 0.0450483115 0.0446171328 -0.107419339 1 0.470588 0
v 0.0452906859 0.0447504498 -0.105636861 1 0.470588 0
v 0.0455298392 0.0448821771 -0.103853831 1 0.470588 0
v 0.0457515497 0.0450044848 -0.102067888 0.470588 1 0
v 0.0459431278 0.045121241 -0.100278092 0.470588 1 0
v 0.0461220412 0.0452421974 -0.0984872593 0.470588 1 0
v 0.0462909453 0.0453633769 -0.0966954722 0.470588 1 0
v 0.046451155 0.045493741 -0.0949035326 0.470588 1 0
v 0.0466056724 0.04561429 -0.0931103958 0.470588 1 0
v 0.0467626338 0.0457336688 -0.0913173927 0.470588 1 0
v 0.0469205898 0.0458549734 -0.0895246108 0.470588 1 0
v 0.0470793053 0.0459769965 -0.0877319464 1 0 0.705882
v 0.0472335128 0.0460959638 -0.0859386824 1 0 0.705882
v 0.0473764978 0.0462136975 -0.0841444226 1 0 0.705882
v 0.0475059535 0.0463294755 -0.0823489973 1 0 0.705882
v 0.0476154606 0.0464416171 -0.080552025 1 0 0.705882
v 0.0477041975 0.0465423642 -0.0787532277 1 0 0.705882
v 0.0477817311 0.0466403724 -0.0769537488 1 0 0.705882
v 0.0478562969 0.0467303275 -0.0751537249 1 0 0.705882
v 0.0479286887 0.046815666 -0.073353384 0.313725 0.313725 1
v 0.0479959835 0.0469032391 -0.0715529645 0.313725 0.313725 1
v 0.0480615343 0.046990374 -0.0697524475 0.313725 0.313725 1
v 0.0481272033 0.0470730989 -0.0679517271 0.313725 0.313725 1
v 0.0481925151 0.0471551514 -0.0661509687 0.313725 0.313725 1
v 0.0482519999 0.0472435335 -0.0643503077 0.313725 0.313725 1
v 0.0482915173 0.0473331388 -0.0625491706 0.705882 0.470588 0.156863
v 0.0483128339 0.047419656 -0.0607475877 0.705882 0.470588 0.156863
v 0.04831574 0.0474953761 -0.0589453836 0.705882 0.470588 0.156863
v 0.0483072748 0.0475571035 -0.057142665 0.705882 0.470588 0.156863
v 0.0482913403 0.0476050703 -0.0553395619 0.705882 0.470588 0.156863
v 0.0482705255 0.0476486532 -0.0535363927 0.705882 0.470588 0.156863
v 0.0482449413 0.0476847125 -0.0517331177 0.470588 0.470588 0.470588
v 0.048218005 0.0477218654 -0.049929887 0.470588 0.470588 0.470588
v 0.0481913219 0.047760928 -0.0481266934 0.470588 0.470588 0.470588
v 0.0481683596 0.0477958516 -0.0463233759 0.470588 0.470588 0.470588
v 0.0481409665 0.0478337204 -0.044520195 0.470588 0.470588 0.470588
v 0.0480956225 0.0478717536 -0.0427173794 0.470588 0.470588 0.470588
v 0.0480232549 0.0479052552 -0.0409153325 1 0 0
v 0.0479316536 0.047942228 -0.0391142223 1 0 0
v 0.0478234397 0.047963693 -0.0373137932 1 0 0
v 0.0477033419 0.0479742383 -0.0355140244 1 0 0
v 0.0475746939 0.0479731798 -0.0337148029 1 0 0
v 0.0474412077 0.0479598157 -0.0319159862 1 0 0
v 0.0473060153 0.0479471483 -0.0301172962 0 1 0
v 0.0471662605 0.0479401867 -0.0283189252 0 1 0
v 0.0470156383 0.0479364024 -0.0265214331 0 1 0
v 0.0468523664 0.0479387436 -0.0247250435 0 1 0
v 0.0466760722 0.0479364798 -0.0229298666 0 1 0
v 0.0464885451 0.0479258685 -0.0211358742 0 1 0
v 0.0462835019 0.0479084214 -0.019343838 0 0.501961 1
v 0.0460704666 0.0478577638 -0.0175533665 0 0.501961 1
v 0.0458493548 0.047788219 -0.0157645115 0 0.501961 1
v 0.0456131443 0.0476782911 -0.0139796977 0 0.501961 1
v 0.0453527869 0.0475232804 -0.012201556 1 0.784314 0
v 0.0450698799 0.0473309418 -0.0104305123 1 0.784314 0
v 0.0447695659 0.0471137067 -0.00866522277 1 0.784314 0
v 0.0444132694 0.0468691382 -0.00691407823 1 0.784314 0
v 0.0440048301 0.0466094168 -0.00517661943 1 0.784314 0
v 0.0435406867 0.0463487555 -0.00345345429 1 0.784314 0
v 0.043010041 0.0460672754 -0.00175284396 0.705882 0 1
v 0.04235136 0.0457970717 -0.000104060398 0.705882 0 1
v 0.0414874266 0.0455468688 0.00145019027 0.705882 0 1
v 0.0398724403 0.0455342959 0.00223957808 0.705882 0 1
v 0.0382365633 0.0455332805 0.00299960213 0.705882 0 1
v 0.036600904 0.0455307765 0.00376009832 0.705882 0 1
v 0.0349657506 0.0455335705 0.00452168806 0 0.862745 0.862745
v 0.0406701488 0.0435653815 -0.123414915 0 0.862745 0.862745
v 0.0407697594 0.0436952565 -0.121617285 0 0.862745 0.862745
v 0.0409691132 0.043816786 -0.119827469 0 0.862745 0.862745
v 0.0412351001 0.043944746 -0.118046772 0 0.862745 0.862745
v 0.0415117483 0.0440768048 -0.116267934 0 0.862745 0.862745
v 0.0417957459 0.044218096 -0.114490959 0 0.862745 0.862745
v 0.0420782622 0.0443589841 -0.112713714 1 0.470588 0
v 0.0423507811 0.044505354 -0.11093536 1 0.470588 0
v 0.0426175178 0.0446472571 -0.109155764 1 0.470588 0
v 0.0428693263 0.0447883774 -0.10737394 1 0.470588 0
v 0.0431137796 0.0449178175 -0.105590203 1 0.470588 0
v 0.0433545843 0.0450490747 -0.103806099 1 0.470588 0
v 0.0435796264 0.0451714069 -0.102019304 1 0.470588 0
v 0.0437719768 0.0452889972 -0.100228375 1 0.470588 0
v 0.043952255 0.0454121345 -0.0984365644 0.470588 1 0
v 0.0441241962 0.0455343841 -0.0966438766 0.470588 1 0
v 0.0442834448 0.0456638891 -0.0948505265 0.470588 1 0
v 0.0444382685 0.0457874463 -0.0930563632 0.470588 1 0
v 0.0445957177 0.0459124811 -0.09126253 0.470588 1 0
v 0.0447529649 0.0460359845 -0.0894685785 0.470588 1 0
v 0.0449087421 0.0461593911 -0.0876744878 1 0 0.705882
v 0.0450662141 0.0462817591 -0.0858804745 1 0 0.705882
v 0.0452125184 0.0464046783 -0.0840855567 1 0 0.705882
v 0.0453442444 0.0465268003 -0.082289461 1 0 0.705882
v 0.0454539426 0.0466429569 -0.0804914956 1 0 0.705882
v 0.04554387 0.0467507264 -0.0786919015 1 0 0.705882
v 0.0456213336 0.0468524833 -0.076891373 1 0 0.705882
v 0.0456970731 0.0469456091 -0.0750903058 1 0 0.705882
v 0.0457686812 0.0470335297 -0.073288805 0.313725 0.313725 1
v 0.0458361147 0.04712238 -0.0714871894 0.313725 0.313725 1
v 0.045902544 0.0472121708 -0.0696855822 0.313725 0.313725 1
v 0.0459697648 0.0473014927 -0.0678839821 0.313725 0.313725 1
v 0.0460342066 0.0473882746 -0.0660821668 0.313725 0.313725 1
v 0.0460913696 0.0474800059 -0.0642803608 0.313725 0.313725 1
v 0.0461352827 0.0475712701 -0.062478141 0.705882 0.470588 0.156863
v 0.0461549483 0.047659056 -0.0606753379 0.705882 0.470588 0.156863
v 0.0461593992 0.047738827 -0.0588720553 0.705882 0.470588 0.156863
v 0.0461481242 0.0478025589 -0.0570681731 0.705882 0.470588 0.156863
v 0.0461292806 0.0478514946 -0.0552638735 0.705882 0.470588 0.156863
v 0.0461074931 0.047894523 -0.0534594509 0.705882 0.470588 0.156863
v 0.0460833588 0.04793173 -0.051654932 0.470588 0.470588 0.470588
v 0.0460575389 0.0479684306 -0.0498504249 0.470588 0.470588 0.470588
v 0.0460317905 0.0480048983 -0.0480459133 0.470588 0.470588 0.470588
v 0.046009586 0.0480382137 -0.0462412984 0.470588 0.470588 0.470588
v 0.0459819331 0.0480751973 -0.0444368487 0.470588 0.470588 0.470588
v 0.0459340779 0.0481128915 -0.0426328323 0.470588 0.470588 0.470588
v 0.0458583118 0.0481490439 -0.0408297263 1 0 0
v 0.0457649493 0.0481856913 -0.0390274537 1 0 0
v 0.0456559272 0.0482124091 -0.037225883 1 0 0
v 0.0455354378 0.0482237679 -0.0354248968 1 0 0
v 0.0454062687 0.0482186317 -0.033624481 1 0 0
v 0.0452703357 0.0482030055 -0.0318246191 1 0 0
v 0.0451361752 0.0481860863 -0.0300246444 0 1 0
v 0.0449933633 0.0481758759 -0.0282252812 0 1 0
v 0.0448391757 0.048165489 -0.0264268944 0 1 0
v 0.0446731791 0.0481605478 -0.0246295125 0 1 0
v 0.0444938655 0.0481461698 -0.0228334411 0 1 0
v 0.0443004521 0.0481234864 -0.0210389274 0 1 0
v 0.044093536 0.048089947 -0.0192460884 0 0.501961 1
v 0.0438763373 0.0480273975 -0.0174552308 0 0.501961 1
v 0.0436505983 0.0479291025 -0.0156671254 0 0.501961 1
v 0.0434084023 0.04780244 -0.0138830715 0 0.501961 1
v 0.0431452046 0.0476464154 -0.0121041654 1 0.784314 0
v 0.0428625791 0.0474580194 -0.0103313437 1 0.784314 0
v 0.0425432327 0.0472441817 -0.00856779567 1 0.784314 0
v 0.0421773911 0.0470163386 -0.00681514194 1 0.784314 0
v 0.0417543651 0.0467732469 -0.00507762513 1 0.784314 0
v 0.0412640669 0.0465197346 -0.00335932429 1 0.784314 0
v 0.0406828238 0.0462637455 -0.00167417423 0.705882 0 1
v 0.0398414558 0.0460440193 -0.000169803319 0.705882 0 1
v 0.0382417967 0.0460241488 0.000663073512 0.705882 0 1
v 0.0366052152 0.0460252199 0.00142453488 0.705882 0 1
v 0.034969802 0.046031917 0.00218850148 0 0.862745 0.862745
v 0.0385148919 0.0438143226 -0.123202351 0 0.862745 0.862745
v 0.0386203365 0.0439321569 -0.121407594 0 0.862745 0.862745
v 0.0388159239 0.044039901 -0.119619827 0 0.862745 0.862745
v 0.0390790036 0.0441494543 -0.117840805 0 0.862745 0.862745
v 0.0393516968 0.0442634969 -0.116063525 0 0.862745 0.862745
v 0.0396342117 0.0443876597 -0.114288442 0 0.862745 0.862745
v 0.0399163541 0.0445152354 -0.112513549 1 0.470588 0
v 0.0401891885 0.0446542808 -0.110738058 1 0.470588 0
v 0.0404558933 0.044793312 -0.108961631 1 0.470588 0
v 0.040708284 0.0449341707 -0.107183264 1 0.470588 0
v 0.0409535087 0.0450662423 -0.105403217 1 0.470588 0
v 0.0411927247 0.0451947017 -0.103622087 1 0.470588 0
v 0.0414161932 0.0453159186 -0.101838418 1 0.470588 0
v 0.0416115827 0.0454361061 -0.100051412 1 0.470588 0
v 0.041792512 0.0455585124 -0.0982629973 0.470588 1 0
v 0.041965013 0.045681943 -0.0964738204 0.470588 1 0
v 0.0421226772 0.0458091493 -0.0946835511 0.470588 1 0
v 0.0422774012 0.0459352957 -0.0928929352 0.470588 1 0
v 0.0424353968 0.0460622327 -0.0911026622 0.470588 1 0
v 0.042592012 0.0461878258 -0.0893121721 0.470588 1 0
v 0.0427491168 0.0463122644 -0.0875216443 1 0 0.705882
v 0.0429052881 0.0464373773 -0.0857310825 1 0 0.705882
v 0.0430509856 0.0465634969 -0.0839397248 1 0 0.705882
v 0.0431814598 0.0466889795 -0.0821471439 1 0 0.705882
v 0.0432915203 0.0468055756 -0.0803526311 1 0 0.705882
v 0.04338124 0.0469140096 -0.0785564445 1 0 0.705882
v 0.0434595059 0.0470185117 -0.0767594741 1 0 0.705882
v 0.0435353868 0.0471164046 -0.0749620283 1 0 0.705882
v 0.0436070476 0.047209243 -0.0731641397 0.313725 0.313725 1
v 0.0436745984 0.0473007166 -0.0713660228 0.313725 0.313725 1
v 0.0437419337 0.0473930101 -0.0695679388 0.313725 0.313725 1
v 0.0438088775 0.0474848415 -0.0677698164 0.313725 0.313725 1
v 0.0438741743 0.0475788289 -0.0659717481 0.313725 0.313725 1
v 0.0439297574 0.047673388 -0.0641733946 0.313725 0.313725 1
v 0.04397123 0.0477641904 -0.0623744649 0.705882 0.470588 0.156863
v 0.0439947962 0.0478507969 -0.0605750309 0.705882 0.470588 0.156863
v 0.0439972958 0.0479324056 -0.0587751815 0.705882 0.470588 0.156863
v 0.0439843793 0.0479979489 -0.0569747353 0.705882 0.470588 0.156863
v 0.0439644635 0.0480495252 -0.0551738795 0.705882 0.470588 0.156863
v 0.0439418808 0.0480914183 -0.053372798 0.705882 0.470588 0.156863
v 0.0439181775 0.0481310911 -0.0515716816 0.470588 0.470588 0.470588
v 0.0438934175 0.0481675117 -0.0497705169 0.470588 0.470588 0.470588
v 0.0438692895 0.0481989359 -0.0479692465 0.470588 0.470588 0.470588
v 0.0438475403 0.0482304296 -0.0461679464 0.470588 0.470588 0.470588
v 0.043817032 0.0482678079 -0.0443668892 1 0 0
v 0.0437693156 0.0483063994 -0.0425662398 1 0 0
v 0.0436886573 0.0483433899 -0.0407667307 1 0 0
v 0.0435937534 0.0483805532 -0.0389679355 1 0 0
v 0.0434834238 0.0484016586 -0.0371697393 1 0 0
v 0.0433618071 0.0484104898 -0.0353721804 1 0 0
v 0.0432321018 0.0484017183 -0.0335751794 0 1 0
v 0.0430956044 0.048378949 -0.0317787989 0 1 0
v 0.0429609599 0.04836189 -0.0299822123 0 1 0
v 0.0428181571 0.0483460296 -0.0281862454 0 1 0
v 0.0426623726 0.0483358415 -0.0263913344 0 1 0
v 0.0424944314 0.0483259281 -0.0245975296 0 1 0
v 0.0423118771 0.0483035658 -0.0228052385 0 0.501961 1
v 0.0421175465 0.0482698452 -0.0210143646 0 0.501961 1
v 0.0419090115 0.0482228448 -0.0192253814 0 0.501961 1
v 0.0416897791 0.0481448846 -0.017438826 0 0.501961 1
v 0.0414624595 0.0480463824 -0.0156543125 0 0.501961 1
v 0.041220508 0.0479178622 -0.0138735556 0 0.501961 1
v 0.0409486021 0.0477581023 -0.0120996794 1 0.784314 0
v 0.0406587328 0.047578095 -0.0103306679 1 0.784314 0
v 0.0403350265 0.0473794255 -0.00856978437 1 0.784314 0
v 0.0399609826 0.0471649119 -0.00682059304 1 0.784314 0
v 0.039530369 0.0469387828 -0.00508577392 1 0.784314 0
v 0.0390187813 0.0466987297 -0.00337506413 1 0.784314 0
v 0.0380849134 0.0465075286 -0.00185718492 0.705882 0 1
v 0.0366058035 0.0464665005 -0.000921708889 0.705882 0 1
v 0.0349726901 0.0464670045 -0.000160723193 0 0.862745 0.862745
l 1 2
l 2 3
l 3 4
l 4 5
l 5 6
l 6 7
l 7 8
l 8 9
l 9 10
l 10 11
l 11 12
l 12 13
l 13 14
l 14 15
l 15 16
l 16 17
l 17 18
l 18 19
l 19 20
l 20 21
l 21 22
l 22 23
l 23 24
l 24 25
l 25 26
l 26 27
l 27 28
l 28 29
l 29 30
l 30 31
l 31 32
l 32 33
l 33 34
l 34 35
l 35 36
l 36 37
l 37 38
l 38 39
l 39 40
l 40 41
l 41 42
l 42 43
l 43 44
l 44 45
l 45 46
l 46 47
l 47 48
l 48 49
l 49 50
l 50 51
l 51 52
l 52 53
l 53 54
l 54 55
l 55 56
l 56 57
l 57 58
l 58 59
l 59 60
l 60 61
l 61 62
l 62 63
l 63 64
l 64 65
l 65 66
l 66 67
l 68 69
l 69 70
l 70 71
l 71 72
l 72 73
l 73 74
l 74 75
l 75 76
l 76 77
l 77 78
l 78 79
l 79 80
l 80 81
l 81 82
l 82 83
l 83 84
l 84 85
l 85 86
l 86 87
l 87 88
l 88 89
l 89 90
l 90 91
l 91 92
l 92 93
l 93 94
l 94 95
l 95 96
l 96 97
l 97 98
l 98 99
l 99 100
l 100 101
l 101 102
l 102 103
l 103 104
l 104 105
l 105 106
l 106 107
l 107 108
l 108 109
l 109 110
l 110 111
l 111 112
l 112 113
l 113 114
l 114 115
l 115 116
l 116 117
l 117 118
l 118 119
l 119 120
l 120 121
l 121 122
l 122 123
l 123 124
l 124 125
l 125 126
l 126 127
l 127 128
l 128 129
l 129 130
l 130 131
l 131 132
l 132 133
l 133 134
l 134 135
l 135 136
l 136 137
l 137 138
l 139 140
l 140 141
l 141 142
l 142 143
l 143 144
l 144 145
l 145 146
l 146 147
l 147 148
l 148 149
l 149 150
l 150 151
l 151 152
l 152 153
l 153 154
l 154 155
l 155 156
l 156 157
l 157 158
l 158 159
l 159 160
l 160 161
l 161 162
l 162 163
l 163 164
l 164 165
l 165 166
l 166 167
l 167 168
l 168 169
l 169 170
l 170 171
l 171 172
l 172 173
l 173 174
l 174 175
l 175 176
l 176 177
l 177 178
l 178 179
l 179 180
l 180 181
l 181 182
l 182 183
l 183 184
l 184 185
l 185 186
l 186 187
l 187 188
l 188 189
l 189 190
l 190 191
l 191 192
l 192 193
l 193 194
l 194 195
l 195 196
l 196 197
l 197 198
l 198 199
l 199 200
l 200 201
l 201 202
l 202 203
l 203 204
l 204 205
l 205 206
l 206 207
l 207 208
l 208 209
l 209 210
l 210 211
l 212 213
l 213 214
l 214 215
l 215 216
l 216 217
l 217 218
l 218 219
l 219 220
l 220 221
l 221 222
l 222 223
l 223 224
l 224 225
l 225 226
l 226 227
l 227 228
l 228 229
l 229 230
l 230 231
l 231 232
l 232 233
l 233 234
l 234 235
l 235 236
l 236 237
l 237 238
l 238 239
l 239 240
l 240 241
l 241 242
l 242 243
l 243 244
l 244 245
l 245 246
l 246 247
l 247 248
l 248 249
l 249 250
l 250 251
l 251 252
l 252 253
l 253 254
l 254 255
l 255 256
l 256 257
l 257 258
l 258 259
l 259 260
l 260 261
l 261 262
l 262 263
l 263 264
l 264 265
l 265 266
l 266 267
l 267 268
l 268 269
l 269 270
l 270 271
l 271 272
l 272 273
l 273 274
l 274 275
l 275 276
l 276 277
l 277 278
l 278 279
l 279 280
l 280 281
l 281 282
l 282 283
l 283 284
l 284 285
l 285 286
l 287 288
l 288 289
l 289 290
l 290 291
l 291 292
l 292 293
l 293 294
l 294 295
l 295 296
l 296 297
l 297 298
l 298 299
l 299 300
l 300 301
l 301 302
l 302 303
l 303 304
l 304 305
l 305 306
l 306 307
l 307 308
l 308 309
l 309 310
l 310 311
l 311 312
l 312 313
l 313 314
l 314 315
l 315 316
l 316 317
l 317 318
l 318 319
l 319 320
l 320 321
l 321 322
l 322 323
l 323 324
l 324 325
l 325 326
l 326 327
l 327 328
l 328 329
l 329 330
l 330 331
l 331 332
l 332 333
l 333 334
l 334 335
l 335 336
l 336 337
l 337 338
l 338 339
l 339 340
l 340 341
l 341 342
l 342 343
l 343 344
l 344 345
l 345 346
l 346 347
l 347 348
l 348 349
l 349 350
l 350 351
l 351 352
l 352 353
l 353 354
l 354 355
l 355 356
l 356 357
l 357 358
l 358 359
l 359 360
l 360 361
l 361 362
l 362 363
l 364 365
l 365 366
l 366 367
l 367 368
l 368 369
l 369 370
l 370 371
l 371 372
l 372 373
l 373 374
l 374 375
l 375 376
l 376 377
l 377 378
l 378 379
l 379 380
l 380 381
l 381 382
l 382 383
l 383 384
l 384 385
l 385 386
l 386 387
l 387 388
l 388 389
l 389 390
l 390 391
l 391 392
l 392 393
l 393 394
l 394 395
l 395 396
l 396 397
l 397 398
l 398 399
l 399 400
l 400 401
l 401 402
l 402 403
l 403 404
l 404 405
l 405 406
l 406 407
l 407 408
l 408 409
l 409 410
l 410 411
l 411 412
l 412 413
l 413 414
l 414 415
l 415 416
l 416 417
l 417 418
l 418 419
l 419 420
l 420 421
l 421 422
l 422 423
l 423 424
l 424 425
l 425 426
l 426 427
l 427 428
l 428 429
l 429 430
l 430 431
l 431 432
l 432 433
l 433 434
l 434 435
l 435 436
l 436 437
l 437 438
l 438 439
l 439 440
l 440 441
l 441 442
l 443 444
l 444 445
l 445 446
l 446 447
l 447 448
l 448 449
l 449 450
l 450 451
l 451 452
l 452 453
l 453 454
l 454 455
l 455 456
l 456 457
l 457 458
l 458 459
l 459 460
l 460 461
l 461 462
l 462 463
l 463 464
l 464 465
l 465 466
l 466 467
l 467 468
l 468 469
l 469 470
l 470 471
l 471 472
l 472 473
l 473 474
l 474 475
l 475 476
l 476 477
l 477 478
l 478 479
l 479 480
l 480 481
l 481 482
l 482 483
l 483 484
l 484 485
l 485 486
l 486 487
l 487 488
l 488 489
l 489 490
l 490 491
l 491 492
l 492 493
l 493 494
l 494 495
l 495 496
l 496 497
l 497 498
l 498 499
l 499 500
l 500 501
l 501 502
l 502 503
l 503 504
l 504 505
l 505 506
l 506 507
l 507 508
l 508 509
l 509 510
l 510 511
l 511 512
l 512 513
l 513 514
l 514 515
l 515 516
l 516 517
l 517 518
l 518 519
l 519 520
l 520 521
l 521 522
l 522 523
l 524 525
l 525 526
l 526 527
l 527 528
l 528 529
l 529 530
l 530 531
l 531 532
l 532 533
l 533 534
l 534 535
l 535 536
l 536 537
l 537 538
l 538 539
l 539 540
l 540 541
l 541 542
l 542 543
l 543 544
l 544 545
l 545 546
l 546 547
l 547 548
l 548 549
l 549 550
l 550 551
l 551 552
l 552 553
l 553 554
l 554 555
l 555 556
l 556 557
l 557 558
l 558 559
l 559 560
l 560 561
l 561 562
l 562 563
l 563 564
l 564 565
l 565 566
l 566 567
l 567 568
l 568 569
l 569 570
l 570 571
l 571 572
l 572 573
l 573 574
l 574 575
l 575 576
l 576 577
l 577 578
l 578 579
l 579 580
l 580 581
l 581 582
l 582 583
l 583 584
l 584 585
l 585 586
l 586 587
l 587 588
l 588 589
l 589 590
l 590 591
l 591 592
l 592 593
l 593 594
l 594 595
l 595 596
l 596 597
l 597 598
l 598 599
l 599 600
l 600 601
l 601 602
l 602 603
l 603 604
l 604 605
l 605 606
l 607 608
l 608 609
l 609 610
l 610 611
l 611 612
l 612 613
l 613 614
l 614 615
l 615 616
l 616 617
l 617 618
l 618 619
l 619 620
l 620 621
l 621 622
l 622 623
l 623 624
l 624 625
l 625 626
l 626 627
l 627 628
l 628 629
l 629 630
l 630 631
l 631 632
l 632 633
l 633 634
l 634 635
l 635 636
l 636 637
l 637 638
l 638 639
l 639 640
l 640 641
l 641 642
l 642 643
l 643 644
l 644 645
l 645 646
l 646 647
l 647 648
l 648 649
l 649 650
l 650 651
l 651 652
l 652 653
l 653 654
l 654 655
l 655 656
l 656 657
l 657 658
l 658 659
l 659 660
l 660 661
l 661 662
l 662 663
l 663 664
l 664 665
l 665 666
l 666 667
l 667 668
l 668 669
l 669 670
l 670 671
l 671 672
l 672 673
l 673 674
l 674 675
l 675 676
l 676 677
l 677 678
l 678 679
l 679 680
l 680 681
l 681 682
l 682 683
l 683 684
l 684 685
l 685 686
l 686 687
l 687 688
l 688 689
l 689 690
l 690 691
l 692 693
l 693 694
l 694 695
l 695 696
l 696 697
l 697 698
l 698 699
l 699 700
l 700 701
l 701 702
l 702 703
l 703 704
l 704 705
l 705 706
l 706 707
l 707 708
l 708 709
l 709 710
l 710 711
l 711 712
l 712 713
l 713 714
l 714 715
l 715 716
l 716 717
l 717 718
l 718 719
l 719 720
l 720 721
l 721 722
l 722 723
l 723 724
l 724 725
l 725 726
l 726 727
l 727 728
l 728 729
l 729 730
l 730 731
l 731 732
l 732 733
l 733 734
l 734 735
l 735 736
l 736 737
l 737 738
l 738 739
l 739 740
l 740 741
l 741 742
l 742 743
l 743 744
l 744 745
l 745 746
l 746 747
l 747 748
l 748 749
l 749 750
l 750 751
l 751 752
l 752 753
l 753 754
l 754 755
l 755 756
l 756 757
l 757 758
l 758 759
l 759 760
l 760 761
l 761 762
l 762 763
l 763 764
l 764 765
l 765 766
l 766 767
l 767 768
l 768 769
l 769 770
l 770 771
l 771 772
l 772 773
l 773 774
l 774 775
l 775 776
l 776 777
l 777 778
l 779 780
l 780 781
l 781 782
l 782 783
l 783 784
l 784 785
l 785 786
l 786 787
l 787 788
l 788 789
l 789 790
l 790 791
l 791 792
l 792 793
l 793 794
l 794 795
l 795 796
l 796 797
l 797 798
l 798 799
l 799 800
l 800 801
l 801 802
l 802 803
l 803 804
l 804 805
l 805 806
l 806 807
l 807 808
l 808 809
l 809 810
l 810 811
l 811 812
l 812 813
l 813 814
l 814 815
l 815 816
l 816 817
l 817 818
l 818 819
l 819 820
l 820 821
l 821 822
l 822 823
l 823 824
l 824 825
l 825 826
l 826 827
l 827 828
l 828 829
l 829 830
l 830 831
l 831 832
l 832 833
l 833 834
l 834 835
l 835 836
l 836 837
l 837 838
l 838 839
l 839 840
l 840 841
l 841 842
l 842 843
l 843 844
l 844 845
l 845 846
l 846 847
l 847 848
l 848 849
l 849 850
l 850 851
l 851 852
l 852 853
l 853 854
l 854 855
l 855 856
l 856 857
l 857 858
l 858 859
l 859 860
l 860 861
l 861 862
l 862 863
l 863 864
l 864 865
l 865 866
l 866 867
l 868 869
l 869 870
l 870 871
l 871 872
l 872 873
l 873 874
l 874 875
l 875 876
l 876 877
l 877 878
l 878 879
l 879 880
l 880 881
l 881 882
l 882 883
l 883 884
l 884 885
l 885 886
l 886 887
l 887 888
l 888 889
l 889 890
l 890 891
l 891 892
l 892 893
l 893 894
l 894 895
l 895 896
l 896 897
l 897 898
l 898 899
l 899 900
l 900 901
l 901 902
l 902 903
l 903 904
l 904 905
l 905 906
l 906 907
l 907 908
l 908 909
l 909 910
l 910 911
l 911 912
l 912 913
l 913 914
l 914 915
l 915 916
l 916 917
l 917 918
l 918 919
l 919 920
l 920 921
l 921 922
l 922 923
l 923 924
l 924 925
l 925 926
l 926 927
l 927 928
l 928 929
l 929 930
l 930 931
l 931 932
l 932 933
l 933 934
l 934 935
l 935 936
l 936 937
l 937 938
l 938 939
l 939 940
l 940 941
l 941 942
l 942 943
l 943 944
l 944 945
l 945 946
l 946 947
l 947 948
l 948 949
l 949 950
l 950 951
l 951 952
l 952 953
l 953 954
l 954 955
l 955 956
l 956 957
l 957 958
l 959 960
l 960 961
l 961 962
l 962 963
l 963 964
l 964 965
l 965 966
l 966 967
l 967 968
l 968 969
l 969 970
l 970 971
l 971 972
l 972 973
l 973 974
l 974 975
l 975 976
l 976 977
l 977 978
l 978 979
l 979 980
l 980 981
l 981 982
l 982 983
l 983 984
l 984 985
l 985 986
l 986 987
l 987 988
l 988 989
l 989 990
l 990 991
l 991 992
l 992 993
l 993 994
l 994 995
l 995 996
l 996 997
l 997 998
l 998 999
l 999 1000
l 1000 1001
l 1001 1002
l 1002 1003
l 1003 1004
l 1004 1005
l 1005 1006
l 1006 1007
l 1007 1008
l 1008 1009
l 1009 1010
l 1010 1011
l 1011 1012
l 1012 1013
l 1013 1014
l 1014 1015
l 1015 1016
l 1016 1017
l 1017 1018
l 1018 1019
l 1019 1020
l 1020 1021
l 1021 1022
l 1022 1023
l 1023 1024
l 1024 1025
l 1025 1026
l 1026 1027
l 1027 1028
l 1028 1029
l 1029 1030
l 1030 1031
l 1031 1032
l 1032 1033
l 1033 1034
l 1034 1035
l 1035 1036
l 1036 1037
l 1037 1038
l 1038 1039
l 1039 1040
l 1040 1041
l 1041 1042
l 1042 1043
l 1043 1044
l 1044 1045
l 1045 1046
l 1046 1047
l 1047 1048
l 1048 1049
l 1049 1050
l 1050 1051
l 1052 1053
l 1053 1054
l 1054 1055
l 1055 1056
l 1056 1057
l 1057 1058
l 1058 1059
l 1059 1060
l 1060 1061
l 1061 1062
l 1062 1063
l 1063 1064
l 1064 1065
l 1065 1066
l 1066 1067
l 1067 1068
l 1068 1069
l 1069 1070
l 1070 1071
l 1071 1072
l 1072 1073
l 1073 1074
l 1074 1075
l 1075 1076
l 1076 1077
l 1077 1078
l 1078 1079
l 1079 1080
l 1080 1081
l 1081 1082
l 1082 1083
l 1083 1084
l 1084 1085
l 1085 1086
l 1086 1087
l 1087 1088
l 1088 1089
l 1089 1090
l 1090 1091
l 1091 1092
l 1092 1093
l 1093 1094
l 1094 1095
l 1095 1096
l 1096 1097
l 1097 1098
l 1098 1099
l 1099 1100
l 1100 1101
l 1101 1102
l 1102 1103
l 1103 1104
l 1104 1105
l 1105 1106
l 1106 1107
l 1107 1108
l 1108 1109
l 1109 1110
l 1110 1111
l 1111 1112
l 1112 1113
l 1113 1114
l 1114 1115
l 1115 1116
l 1116 1117
l 1117 1118
l 1118 1119
l 1119 1120
l 1120 1121
l 1121 1122
l 1122 1123
l 1123 1124
l 1124 1125
l 1125 1126
l 1126 1127
l 1127 1128
l 1128 1129
l 1129 1130
l 1130 1131
l 1131 1132
l 1132 1133
l 1133 1134
l 1134 1135
l 1135 1136
l 1136 1137
l 1137 1138
l 1138 1139
l 1139 1140
l 1140 1141
l 1141 1142
l 1142 1143
l 1143 1144
l 1144 1145
l 1145 1146
l 1147 1148
l 1148 1149
l 1149 1150
l 1150 1151
l 1151 1152
l 1152 1153
l 1153 1154
l 1154 1155
l 1155 1156
l 1156 1157
l 1157 1158
l 1158 1159
l 1159 1160
l 1160 1161
l 1161 1162
l 1162 1163
l 1163 1164
l 1164 1165
l 1165 1166
l 1166 1167
l 1167 1168
l 1168 1169
l 1169 1170
l 1170 1171
l 1171 1172
l 1172 1173
l 1173 1174
l 1174 1175
l 1175 1176
l 1176 1177
l 1177 1178
l 1178 1179
l 1179 1180
l 1180 1181
l 1181 1182
l 1182 1183
l 1183 1184
l 1184 1185
l 1185 1186
l 1186 1187
l 1187 1188
l 1188 1189
l 1189 1190
l 1190 1191
l 1191 1192
l 1192 1193
l 1193 1194
l 1194 1195
l 1195 1196
l 1196 1197
l 1197 1198
l 1198 1199
l 1199 1200
l 1200 1201
l 1201 1202
l 1202 1203
l 1203 1204
l 1204 1205
l 1205 1206
l 1206 1207
l 1207 1208
l 1208 1209
l 1209 1210
l 1210 1211
l 1211 1212
l 1212 1213
l 1213 1214
l 1214 1215
l 1215 1216
l 1216 1217
l 1217 1218
l 1218 1219
l 1219 1220
l 1220 1221
l 1221 1222
l 1222 1223
l 1223 1224
l 1224 1225
l 1225 1226
l 1226 1227
l 1227 1228
l 1228 1229
l 1229 1230
l 1230 1231
l 1231 1232
l 1232 1233
l 1233 1234
l 1234 1235
l 1235 1236
l 1236 1237
l 1237 1238
l 1238 1239
l 1239 1240
l 1240 1241
l 1242 1243
l 1243 1244
l 1244 1245
l 1245 1246
l 1246 1247
l 1247 1248
l 1248 1249
l 1249 1250
l 1250 1251
l 1251 1252
l 1252 1253
l 1253 1254
l 1254 1255
l 1255 1256
l 1256 1257
l 1257 1258
l 1258 1259
l 1259 1260
l 1260 1261
l 1261 1262
l 1262 1263
l 1263 1264
l 1264 1265
l 1265 1266
l 1266 1267
l 1267 1268
l 1268 1269
l 1269 1270
l 1270 1271
l 1271 1272
l 1272 1273
l 1273 1274
l 1274 1275
l 1275 1276
l 1276 1277
l 1277 1278
l 1278 1279
l 1279 1280
l 1280 1281
l 1281 1282
l 1282 1283
l 1283 1284
l 1284 1285
l 1285 1286
l 1286 1287
l 1287 1288
l 1288 1289
l 1289 1290
l 1290 1291
l 1291 1292
l 1292 1293
l 1293 1294
l 1294 1295
l 1295 1296
l 1296 1297
l 1297 1298
l 1298 1299
l 1299 1300
l 1300 1301
l 1301 1302
l 1302 1303
l 1303 1304
l 1304 1305
l 1305 1306
l 1306 1307
l 1307 1308
l 1308 1309
l 1309 1310
l 1310 1311
l 1311 1312
l 1312 1313
l 1313 1314
l 1314 1315
l 1315 1316
l 1316 1317
l 1317 1318
l 1318 1319
l 1319 1320
l 1320 1321
l 1321 1322
l 1322 1323
l 1323 1324
l 1324 1325
l 1325 1326
l 1326 1327
l 1327 1328
l 1328 1329
l 1329 1330
l 1330 1331
l 1331 1332
l 1332 1333
l 1333 1334
l 1334 1335
l 1335 1336
l 1336 1337
l 1337 1338
l 1339 1340
l 1340 1341
l 1341 1342
l 1342 1343
l 1343 1344
l 1344 1345
l 1345 1346
l 1346 1347
l 1347 1348
l 1348 1349
l 1349 1350
l 1350 1351
l 1351 1352
l 1352 1353
l 1353 1354
l 1354 1355
l 1355 1356
l 1356 1357
l 1357 1358
l 1358 1359
l 1359 1360
l 1360 1361
l 1361 1362
l 1362 1363
l 1363 1364
l 1364 1365
l 1365 1366
l 1366 1367
l 1367 1368
l 1368 1369
l 1369 1370
l 1370 1371
l 1371 1372
l 1372 1373
l 1373 1374
l 1374 1375
l 1375 1376
l 1376 1377
l 1377 1378
l 1378 1379
l 1379 1380
l 1380 1381
l 1381 1382
l 1382 1383
l 1383 1384
l 1384 1385
l 1385 1386
l 1386 1387
l 1387 1388
l 1388 1389
l 1389 1390
l 1390 1391
l 1391 1392
l 1392 1393
l 1393 1394
l 1394 1395
l 1395 1396
l 1396 1397
l 1397 1398
l 1398 1399
l 1399 1400
l 1400 1401
l 1401 1402
l 1402 1403
l 1403 1404
l 1404 1405
l 1405 1406
l 1406 1407
l 1407 1408
l 1408 1409
l 1409 1410
l 1410 1411
l 1411 1412
l 1412 1413
l 1413 1414
l 1414 1415
l 1415 1416
l 1416 1417
l 1417 1418
l 1418 1419
l 1419 1420
l 1420 1421
l 1421 1422
l 1422 1423
l 1423 1424
l 1424 1425
l 1425 1426
l 1426 1427
l 1427 1428
l 1428 1429
l 1429 1430
l 1430 1431
l 1431 1432
l 1432 1433
l 1433 1434
l 1434 1435
l 1435 1436
l 1436 1437
l 1438 1439
l 1439 1440
l 1440 1441
l 1441 1442
l 1442 1443
l 1443 1444
l 1444 1445
l 1445 1446
l 1446 1447
l 1447 1448
l 1448 1449
l 1449 1450
l 1450 1451
l 1451 1452
l 1452 1453
l 1453 1454
l 1454 1455
l 1455 1456
l 1456 1457
l 1457 1458
l 1458 1459
l 1459 1460
l 1460 1461
l 1461 1462
l 1462 1463
l 1463 1464
l 1464 1465
l 1465 1466
l 1466 1467
l 1467 1468
l 1468 1469
l 1469 1470
l 1470 1471
l 1471 1472
l 1472 1473
l 1473 1474
l 1474 1475
l 1475 1476
l 1476 1477
l 1477 1478
l 1478 1479
l 1479 1480
l 1480 1481
l 1481 1482
l 1482 1483
l 1483 1484
l 1484 1485
l 1485 1486
l 1486 1487
l 1487 1488
l 1488 1489
l 1489 1490
l 1490 1491
l 1491 1492
l 1492 1493
l 1493 1494
l 1494 1495
l 1495 1496
l 1496 1497
l 1497 1498
l 1498 1499
l 1499 1500
l 1500 1501
l 1501 1502
l 1502 1503
l 1503 1504
l 1504 1505
l 1505 1506
l 1506 1507
l 1507 1508
l 1508 1509
l 1509 1510
l 1510 1511
l 1511 1512
l 1512 1513
l 1513 1514
l 1514 1515
l 1515 1516
l 1516 1517
l 1517 1518
l 1518 1519
l 1519 1520
l 1520 1521
l 1521 1522
l 1522 1523
l 1523 1524
l 1524 1525
l 1525 1526
l 1526 1527
l 1527 1528
l 1528 1529
l 1529 1530
l 1530 1531
l 1531 1532
l 1532 1533
l 1533 1534
l 1534 1535
l 1535 1536
l 1537 1538
l 1538 1539
l 1539 1540
l 1540 1541
l 1541 1542
l 1542 1543
l 1543 1544
l 1544 1545
l 1545 1546
l 1546 1547
l 1547 1548
l 1548 1549
l 1549 1550
l 1550 1551
l 1551 1552
l 1552 1553
l 1553 1554
l 1554 1555
l 1555 1556
l 1556 1557
l 1557 1558
l 1558 1559
l 1559 1560
l 1560 1561
l 1561 1562
l 1562 1563
l 1563 1564
l 1564 1565
l 1565 1566
l 1566 1567
l 1567 1568
l 1568 1569
l 1569 1570
l 1570 1571
l 1571 1572
l 1572 1573
l 1573 1574
l 1574 1575
l 1575 1576
l 1576 1577
l 1577 1578
l 1578 1579
l 1579 1580
l 1580 1581
l 1581 1582
l 1582 1583
l 1583 1584
l 1584 1585
l 1585 1586
l 1586 1587
l 1587 1588
l 1588 1589
l 1589 1590
l 1590 1591
l 1591 1592
l 1592 1593
l 1593 1594
l 1594 1595
l 1595 1596
l 1596 1597
l 1597 1598
l 1598 1599
l 1599 1600
l 1600 1601
l 1601 1602
l 1602 1603
l 1603 1604
l 1604 1605
l 1605 1606
l 1606 1607
l 1607 1608
l 1608 1609
l 1609 1610
l 1610 1611
l 1611 1612
l 1612 1613
l 1613 1614
l 1614 1615
l 1615 1616
l 1616 1617
l 1617 1618
l 1618 1619
l 1619 1620
l 1620 1621
l 1621 1622
l 1622 1623
l 1623 1624
l 1624 1625
l 1625 1626
l 1626 1627
l 1627 1628
l 1628 1629
l 1629 1630
l 1630 1631
l 1631 1632
l 1632 1633
l 1633 1634
l 1634 1635
l 1635 1636
l 1636 1637
l 1638 1639
l 1639 1640
l 1640 1641
l 1641 1642
l 1642 1643
l 1643 1644
l 1644 1645
l 1645 1646
l 1646 1647
l 1647 1648
l 1648 1649
l 1649 1650
l 1650 1651
l 1651 1652
l 1652 1653
l 1653 1654
l 1654 1655
l 1655 1656
l 1656 1657
l 1657 1658
l 1658 1659
l 1659 1660
l 1660 1661
l 1661 1662
l 1662 1663
l 1663 1664
l 1664 1665
l 1665 1666
l 1666 1667
l 1667 1668
l 1668 1669
l 1669 1670
l 1670 1671
l 1671 1672
l 1672 1673
l 1673 1674
l 1674 1675
l 1675 1676
l 1676 1677
l 1677 1678
l 1678 1679
l 1679 1680
l 1680 1681
l 1681 1682
l 1682 1683
l 1683 1684
l 1684 1685
l 1685 1686
l 1686 1687
l 1687 1688
l 1688 1689
l 1689 1690
l 1690 1691
l 1691 1692
l 1692 1693
l 1693 1694
l 1694 1695
l 1695 1696
l 1696 1697
l 1697 1698
l 1698 1699
l 1699 1700
l 1700 1701
l 1701 1702
l 1702 1703
l 1703 1704
l 1704 1705
l 1705 1706
l 1706 1707
l 1707 1708
l 1708 1709
l 1709 1710
l 1710 1711
l 1711 1712
l 1712 1713
l 1713 1714
l 1714 1715
l 1715 1716
l 1716 1717
l 1717 1718
l 1718 1719
l 1719 1720
l 1720 1721
l 1721 1722
l 1722 1723
l 1723 1724
l 1724 1725
l 1725 1726
l 1726 1727
l 1727 1728
l 1728 1729
l 1729 1730
l 1730 1731
l 1731 1732
l 1732 1733
l 1733 1734
l 1734 1735
l 1735 1736
l 1736 1737
l 1737 1738
l 1738 1739
l 1739 1740
l 1741 1742
l 1742 1743
l 1743 1744
l 1744 1745
l 1745 1746
l 1746 1747
l 1747 1748
l 1748 1749
l 1749 1750
l 1750 1751
l 1751 1752
l 1752 1753
l 1753 1754
l 1754 1755
l 1755 1756
l 1756 1757
l 1757 1758
l 1758 1759
l 1759 1760
l 1760 1761
l 1761 1762
l 1762 1763
l 1763 1764
l 1764 1765
l 1765 1766
l 1766 1767
l 1767 1768
l 1768 1769
l 1769 1770
l 1770 1771
l 1771 1772
l 1772 1773
l 1773 1774
l 1774 1775
l 1775 1776
l 1776 1777
l 1777 1778
l 1778 1779
l 1779 1780
l 1780 1781
l 1781 1782
l 1782 1783
l 1783 1784
l 1784 1785
l 1785 1786
l 1786 1787
l 1787 1788
l 1788 1789
l 1789 1790
l 1790 1791
l 1791 1792
l 1792 1793
l 1793 1794
l 1794 1795
l 1795 1796
l 1796 1797
l 1797 1798
l 1798 1799
l 1799 1800
l 1800 1801
l 1801 1802
l 1802 1803
l 1803 1804
l 1804 1805
l 1805 1806
l 1806 1807
l 1807 1808
l 1808 1809
l 1809 1810
l 1810 1811
l 1811 1812
l 1812 1813
l 1813 1814
l 1814 1815
l 1815 1816
l 1816 1817
l 1817 1818
l 1818 1819
l 1819 1820
l 1820 1821
l 1821 1822
l 1822 1823
l 1823 1824
l 1824 1825
l 1825 1826
l 1826 1827
l 1827 1828
l 1828 1829
l 1829 1830
l 1830 1831
l 1831 1832
l 1832 1833
l 1833 1834
l 1834 1835
l 1835 1836
l 1836 1837
l 1837 1838
l 1838 1839
l 1839 1840
l 1840 1841
l 1841 1842
l 1842 1843
l 1844 1845
l 1845 1846
l 1846 1847
l 1847 1848
l 1848 1849
l 1849 1850
l 1850 1851
l 1851 1852
l 1852 1853
l 1853 1854
l 1854 1855
l 1855 1856
l 1856 1857
l 1857 1858
l 1858 1859
l 1859 1860
l 1860 1861
l 1861 1862
l 1862 1863
l 1863 1864
l 1864 1865
l 1865 1866
l 1866 1867
l 1867 1868
l 1868 1869
l 1869 1870
l 1870 1871
l 1871 1872
l 1872 1873
l 1873 1874
l 1874 1875
l 1875 1876
l 1876 1877
l 1877 1878
l 1878 1879
l 1879 1880
l 1880 1881
l 1881 1882
l 1882 1883
l 1883 1884
l 1884 1885
l 1885 1886
l 1886 1887
l 1887 1888
l 1888 1889
l 1889 1890
l 1890 1891
l 1891 1892
l 1892 1893
l 1893 1894
l 1894 1895
l 1895 1896
l 1896 1897
l 1897 1898
l 1898 1899
l 1899 1900
l 1900 1901
l 1901 1902
l 1902 1903
l 1903 1904
l 1904 1905
l 1905 1906
l 1906 1907
l 1907 1908
l 1908 1909
l 1909 1910
l 1910 1911
l 1911 1912
l 1912 1913
l 1913 1914
l 1914 1915
l 1915 1916
l 1916 1917
l 1917 1918
l 1918 1919
l 1919 1920
l 1920 1921
l 1921 1922
l 1922 1923
l 1923 1924
l 1924 1925
l 1925 1926
l 1926 1927
l 1927 1928
l 1928 1929
l 1929 1930
l 1930 1931
l 1931 1932
l 1932 1933
l 1933 1934
l 1934 1935
l 1935 1936
l 1936 1937
l 1937 1938
l 1938 1939
l 1939 1940
l 1940 1941
l 1941 1942
l 1942 1943
l 1943 1944
l 1944 1945
l 1945 1946
l 1947 1948
l 1948 1949
l 1949 1950
l 1950 1951
l 1951 1952
l 1952 1953
l 1953 1954
l 1954 1955
l 1955 1956
l 1956 1957
l 1957 1958
l 1958 1959
l 1959 1960
l 1960 1961
l 1961 1962
l 1962 1963
l 1963 1964
l 1964 1965
l 1965 1966
l 1966 1967
l 1967 1968
l 1968 1969
l 1969 1970
l 1970 1971
l 1971 1972
l 1972 1973
l 1973 1974
l 1974 1975
l 1975 1976
l 1976 1977
l 1977 1978
l 1978 1979
l 1979 1980
l 1980 1981
l 1981 1982
l 1982 1983
l 1983 1984
l 1984 1985
l 1985 1986
l 1986 1987
l 1987 1988
l 1988 1989
l 1989 1990
l 1990 1991
l 1991 1992
l 1992 1993
l 1993 1994
l 1994 1995
l 1995 1996
l 1996 1997
l 1997 1998
l 1998 1999
l 1999 2000
l 2000 2001
l 2001 2002
l 2002 2003
l 2003 2004
l 2004 2005
l 2005 2006
l 2006 2007
l 2007 2008
l 2008 2009
l 2009 2010
l 2010 2011
l 2011 2012
l 2012 2013
l 2013 2014
l 2014 2015
l 2015 2016
l 2016 2017
l 2017 2018
l 2018 2019
l 2019 2020
l 2020 2021
l 2021 2022
l 2022 2023
l 2023 2024
l 2024 2025
l 2025 2026
l 2026 2027
l 2027 2028
l 2028 2029
l 2029 2030
l 2030 2031
l 2031 2032
l 2032 2033
l 2033 2034
l 2034 2035
l 2035 2036
l 2036 2037
l 2037 2038
l 2038 2039
l 2039 2040
l 2040 2041
l 2041 2042
l 2042 2043
l 2043 2044
l 2044 2045
l 2045 2046
l 2046 2047
l 2047 2048
l 2048 2049
l 2049 2050
l 2050 2051
l 2052 2053
l 2053 2054
l 2054 2055
l 2055 2056
l 2056 2057
l 2057 2058
l 2058 2059
l 2059 2060
l 2060 2061
l 2061 2062
l 2062 2063
l 2063 2064
l 2064 2065
l 2065 2066
l 2066 2067
l 2067 2068
l 2068 2069
l 2069 2070
l 2070 2071
l 2071 2072
l 2072 2073
l 2073 2074
l 2074 2075
l 2075 2076
l 2076 2077
l 2077 2078
l 2078 2079
l 2079 2080
l 2080 2081
l 2081 2082
l 2082 2083
l 2083 2084
l 2084 2085
l 2085 2086
l 2086 2087
l 2087 2088
l 2088 2089
l 2089 2090
l 2090 2091
l 2091 2092
l 2092 2093
l 2093 2094
l 2094 2095
l 2095 2096
l 2096 2097
l 2097 2098
l 2098 2099
l 2099 2100
l 2100 2101
l 2101 2102
l 2102 2103
l 2103 2104
l 2104 2105
l 2105 2106
l 2106 2107
l 2107 2108
l 2108 2109
l 2109 2110
l 2110 2111
l 2111 2112
l 2112 2113
l 2113 2114
l 2114 2115
l 2115 2116
l 2116 2117
l 2117 2118
l 2118 2119
l 2119 2120
l 2120 2121
l 2121 2122
l 2122 2123
l 2123 2124
l 2124 2125
l 2125 2126
l 2126 2127
l 2127 2128
l 2128 2129
l 2129 2130
l 2130 2131
l 2131 2132
l 2132 2133
l 2133 2134
l 2134 2135
l 2135 2136
l 2136 2137
l 2137 2138
l 2138 2139
l 2139 2140
l 2140 2141
l 2141 2142
l 2142 2143
l 2143 2144
l 2144 2145
l 2145 2146
l 2146 2147
l 2147 2148
l 2148 2149
l 2149 2150
l 2150 2151
l 2151 2152
l 2152 2153
l 2153 2154
l 2154 2155
l 2155 2156
l 2157 2158
l 2158 2159
l 2159 2160
l 2160 2161
l 2161 2162
l 2162 2163
l 2163 2164
l 2164 2165
l 2165 2166
l 2166 2167
l 2167 2168
l 2168 2169
l 2169 2170
l 2170 2171
l 2171 2172
l 2172 2173
l 2173 2174
l 2174 2175
l 2175 2176
l 2176 2177
l 2177 2178
l 2178 2179
l 2179 2180
l 2180 2181
l 2181 2182
l 2182 2183
l 2183 2184
l 2184 2185
l 2185 2186
l 2186 2187
l 2187 2188
l 2188 2189
l 2189 2190
l 2190 2191
l 2191 2192
l 2192 2193
l 2193 2194
l 2194 2195
l 2195 2196
l 2196 2197
l 2197 2198
l 2198 2199
l 2199 2200
l 2200 2201
l 2201 2202
l 2202 2203
l 2203 2204
l 2204 2205
l 2205 2206
l 2206 2207
l 2207 2208
l 2208 2209
l 2209 2210
l 2210 2211
l 2211 2212
l 2212 2213
l 2213 2214
l 2214 2215
l 2215 2216
l 2216 2217
l 2217 2218
l 2218 2219
l 2219 2220
l 2220 2221
l 2221 2222
l 2222 2223
l 2223 2224
l 2224 2225
l 2225 2226
l 2226 2227
l 2227 2228
l 2228 2229
l 2229 2230
l 2230 2231
l 2231 2232
l 2232 2233
l 2233 2234
l 2234 2235
l 2235 2236
l 2236 2237
l 2237 2238
l 2238 2239
l 2239 2240
l 2240 2241
l 2241 2242
l 2242 2243
l 2243 2244
l 2244 2245
l 2245 2246
l 2246 2247
l 2247 2248
l 2248 2249
l 2249 2250
l 2250 2251
l 2251 2252
l 2252 2253
l 2253 2254
l 2254 2255
l 2255 2256
l 2256 2257
l 2257 2258
l 2258 2259
l 2259 2260
l 2260 2261
l 2261 2262
l 2262 2263
l 2264 2265
l 2265 2266
l 2266 2267
l 2267 2268
l 2268 2269
l 2269 2270
l 2270 2271
l 2271 2272
l 2272 2273
l 2273 2274
l 2274 2275
l 2275 2276
l 2276 2277
l 2277 2278
l 2278 2279
l 2279 2280
l 2280 2281
l 2281 2282
l 2282 2283
l 2283 2284
l 2284 2285
l 2285 2286
l 2286 2287
l 2287 2288
l 2288 2289
l 2289 2290
l 2290 2291
l 2291 2292
l 2292 2293
l 2293 2294
l 2294 2295
l 2295 2296
l 2296 2297
l 2297 2298
l 2298 2299
l 2299 2300
l 2300 2301
l 2301 2302
l 2302 2303
l 2303 2304
l 2304 2305
l 2305 2306
l 2306 2307
l 2307 2308
l 2308 2309
l 2309 2310
l 2310 2311
l 2311 2312
l 2312 2313
l 2313 2314
l 2314 2315
l 2315 2316
l 2316 2317
l 2317 2318
l 2318 2319
l 2319 2320
l 2320 2321
l 2321 2322
l 2322 2323
l 2323 2324
l 2324 2325
l 2325 2326
l 2326 2327
l 2327 2328
l 2328 2329
l 2329 2330
l 2330 2331
l 2331 2332
l 2332 2333
l 2333 2334
l 2334 2335
l 2335 2336
l 2336 2337
l 2337 2338
l 2338 2339
l 2339 2340
l 2340 2341
l 2341 2342
l 2342 2343
l 2343 2344
l 2344 2345
l 2345 2346
l 2346 2347
l 2347 2348
l 2348 2349
l 2349 2350
l 2350 2351
l 2351 2352
l 2352 2353
l 2353 2354
l 2354 2355
l 2355 2356
l 2356 2357
l 2357 2358
l 2358 2359
l 2359 2360
l 2360 2361
l 2361 2362
l 2362 2363
l 2363 2364
l 2364 2365
l 2365 2366
l 2366 2367
l 2367 2368
l 2368 2369
l 2369 2370
l 2371 2372
l 2372 2373
l 2373 2374
l 2374 2375
l 2375 2376
l 2376 2377
l 2377 2378
l 2378 2379
l 2379 2380
l 2380 2381
l 2381 2382
l 2382 2383
l 2383 2384
l 2384 2385
l 2385 2386
l 2386 2387
l 2387 2388
l 2388 2389
l 2389 2390
l 2390 2391
l 2391 2392
l 2392 2393
l 2393 2394
l 2394 2395
l 2395 2396
l 2396 2397
l 2397 2398
l 2398 2399
l 2399 2400
l 2400 2401
l 2401 2402
l 2402 2403
l 2403 2404
l 2404 2405
l 2405 2406
l 2406 2407
l 2407 2408
l 2408 2409
l 2409 2410
l 2410 2411
l 2411 2412
l 2412 2413
l 2413 2414
l 2414 2415
l 2415 2416
l 2416 2417
l 2417 2418
l 2418 2419
l 2419 2420
l 2420 2421
l 2421 2422
l 2422 2423
l 2423 2424
l 2424 2425
l 2425 2426
l 2426 2427
l 2427 2428
l 2428 2429
l 2429 2430
l 2430 2431
l 2431 2432
l 2432 2433
l 2433 2434
l 2434 2435
l 2435 2436
l 2436 2437
l 2437 2438
l 2438 2439
l 2439 2440
l 2440 2441
l 2441 2442
l 2442 2443
l 2443 2444
l 2444 2445
l 2445 2446
l 2446 2447
l 2447 2448
l 2448 2449
l 2449 2450
l 2450 2451
l 2451 2452
l 2452 2453
l 2453 2454
l 2454 2455
l 2455 2456
l 2456 2457
l 2457 2458
l 2458 2459
l 2459 2460
l 2460 2461
l 2461 2462
l 2462 2463
l 2463 2464
l 2464 2465
l 2465 2466
l 2466 2467
l 2467 2468
l 2468 2469
l 2469 2470
l 2470 2471
l 2471 2472
l 2472 2473
l 2473 2474
l 2474 2475
l 2475 2476
l 2476 2477
l 2478 2479
l 2479 2480
l 2480 2481
l 2481 2482
l 2482 2483
l 2483 2484
l 2484 2485
l 2485 2486
l 2486 2487
l 2487 2488
l 2488 2489
l 2489 2490
l 2490 2491
l 2491 2492
l 2492 2493
l 2493 2494
l 2494 2495
l 2495 2496
l 2496 2497
l 2497 2498
l 2498 2499
l 2499 2500
l 2500 2501
l 2501 2502
l 2502 2503
l 2503 2504
l 2504 2505
l 2505 2506
l 2506 2507
l 2507 2508
l 2508 2509
l 2509 2510
l 2510 2511
l 2511 2512
l 2512 2513
l 2513 2514
l 2514 2515
l 2515 2516
l 2516 2517
l 2517 2518
l 2518 2519
l 2519 2520
l 2520 2521
l 2521 2522
l 2522 2523
l 2523 2524
l 2524 2525
l 2525 2526
l 2526 2527
l 2527 2528
l 2528 2529
l 2529 2530
l 2530 2531
l 2531 2532
l 2532 2533
l 2533 2534
l 2534 2535
l 2535 2536
l 2536 2537
l 2537 2538
l 2538 2539
l 2539 2540
l 2540 2541
l 2541 2542
l 2542 2543
l 2543 2544
l 2544 2545
l 2545 2546
l 2546 2547
l 2547 2548
l 2548 2549
l 2549 2550
l 2550 2551
l 2551 2552
l 2552 2553
l 2553 2554
l 2554 2555
l 2555 2556
l 2556 2557
l 2557 2558
l 2558 2559
l 2559 2560
l 2560 2561
l 2561 2562
l 2562 2563
l 2563 2564
l 2564 2565
l 2565 2566
l 2566 2567
l 2567 2568
l 2568 2569
l 2569 2570
l 2570 2571
l 2571 2572
l 2572 2573
l 2573 2574
l 2574 2575
l 2575 2576
l 2576 2577
l 2577 2578
l 2578 2579
l 2579 2580
l 2580 2581
l 2581 2582
l 2582 2583
l 2583 2584
l 2585 2586
l 2586 2587
l 2587 2588
l 2588 2589
l 2589 2590
l 2590 2591
l 2591 2592
l 2592 2593
l 2593 2594
l 2594 2595
l 2595 2596
l 2596 2597
l 2597 2598
l 2598 2599
l 2599 2600
l 2600 2601
l 2601 2602
l 2602 2603
l 2603 2604
l 2604 2605
l 2605 2606
l 2606 2607
l 2607 2608
l 2608 2609
l 2609 2610
l 2610 2611
l 2611 2612
l 2612 2613
l 2613 2614
l 2614 2615
l 2615 2616
l 2616 2617
l 2617 2618
l 2618 2619
l 2619 2620
l 2620 2621
l 2621 2622
l 2622 2623
l 2623 2624
l 2624 2625
l 2625 2626
l 2626 2627
l 2627 2628
l 2628 2629
l 2629 2630
l 2630 2631
l 2631 2632
l 2632 2633
l 2633 2634
l 2634 2635
l 2635 2636
l 2636 2637
l 2637 2638
l 2638 2639
l 2639 2640
l 2640 2641
l 2641 2642
l 2642 2643
l 2643 2644
l 2644 2645
l 2645 2646
l 2646 2647
l 2647 2648
l 2648 2649
l 2649 2650
l 2650 2651
l 2651 2652
l 2652 2653
l 2653 2654
l 2654 2655
l 2655 2656
l 2656 2657
l 2657 2658
l 2658 2659
l 2659 2660
l 2660 2661
l 2661 2662
l 2662 2663
l 2663 2664
l 2664 2665
l 2665 2666
l 2666 2667
l 2667 2668
l 2668 2669
l 2669 2670
l 2670 2671
l 2671 2672
l 2672 2673
l 2673 2674
l 2674 2675
l 2675 2676
l 2676 2677
l 2677 2678
l 2678 2679
l 2679 2680
l 2680 2681
l 2681 2682
l 2682 2683
l 2683 2684
l 2684 2685
l 2685 2686
l 2686 2687
l 2687 2688
l 2688 2689
l 2689 2690
l 2690 2691
l 2692 2693
l 2693 2694
l 2694 2695
l 2695 2696
l 2696 2697
l 2697 2698
l 2698 2699
l 2699 2700
l 2700 2701
l 2701 2702
l 2702 2703
l 2703 2704
l 2704 2705
l 2705 2706
l 2706 2707
l 2707 2708
l 2708 2709
l 2709 2710
l 2710 2711
l 2711 2712
l 2712 2713
l 2713 2714
l 2714 2715
l 2715 2716
l 2716 2717
l 2717 2718
l 2718 2719
l 2719 2720
l 2720 2721
l 2721 2722
l 2722 2723
l 2723 2724
l 2724 2725
l 2725 2726
l 2726 2727
l 2727 2728
l 2728 2729
l 2729 2730
l 2730 2731
l 2731 2732
l 2732 2733
l 2733 2734
l 2734 2735
l 2735 2736
l 2736 2737
l 2737 2738
l 2738 2739
l 2739 2740
l 2740 2741
l 2741 2742
l 2742 2743
l 2743 2744
l 2744 2745
l 2745 2746
l 2746 2747
l 2747 2748
l 2748 2749
l 2749 2750
l 2750 2751
l 2751 2752
l 2752 2753
l 2753 2754
l 2754 2755
l 2755 2756
l 2756 2757
l 2757 2758
l 2758 2759
l 2759 2760
l 2760 2761
l 2761 2762
l 2762 2763
l 2763 2764
l 2764 2765
l 2765 2766
l 2766 2767
l 2767 2768
l 2768 2769
l 2769 2770
l 2770 2771
l 2771 2772
l 2772 2773
l 2773 2774
l 2774 2775
l 2775 2776
l 2776 2777
l 2777 2778
l 2778 2779
l 2779 2780
l 2780 2781
l 2781 2782
l 2782 2783
l 2783 2784
l 2784 2785
l 2785 2786
l 2786 2787
l 2787 2788
l 2788 2789
l 2789 2790
l 2790 2791
l 2791 2792
l 2792 2793
l 2793 2794
l 2794 2795
l 2795 2796
l 2796 2797
l 2797 2798
l 2799 2800
l 2800 2801
l 2801 2802
l 2802 2803
l 2803 2804
l 2804 2805
l 2805 2806
l 2806 2807
l 2807 2808
l 2808 2809
l 2809 2810
l 2810 2811
l 2811 2812
l 2812 2813
l 2813 2814
l 2814 2815
l 2815 2816
l 2816 2817
l 2817 2818
l 2818 2819
l 2819 2820
l 2820 2821
l 2821 2822
l 2822 2823
l 2823 2824
l 2824 2825
l 2825 2826
l 2826 2827
l 2827 2828
l 2828 2829
l 2829 2830
l 2830 2831
l 2831 2832
l 2832 2833
l 2833 2834
l 2834 2835
l 2835 2836
l 2836 2837
l 2837 2838
l 2838 2839
l 2839 2840
l 2840 2841
l 2841 2842
l 2842 2843
l 2843 2844
l 2844 2845
l 2845 2846
l 2846 2847
l 2847 2848
l 2848 2849
l 2849 2850
l 2850 2851
l 2851 2852
l 2852 2853
l 2853 2854
l 2854 2855
l 2855 2856
l 2856 2857
l 2857 2858
l 2858 2859
l 2859 2860
l 2860 2861
l 2861 2862
l 2862 2863
l 2863 2864
l 2864 2865
l 2865 2866
l 2866 2867
l 2867 2868
l 2868 2869
l 2869 2870
l 2870 2871
l 2871 2872
l 2872 2873
l 2873 2874
l 2874 2875
l 2875 2876
l 2876 2877
l 2877 2878
l 2878 2879
l 2879 2880
l 2880 2881
l 2881 2882
l 2882 2883
l 2883 2884
l 2884 2885
l 2885 2886
l 2886 2887
l 2887 2888
l 2888 2889
l 2889 2890
l 2890 2891
l 2891 2892
l 2892 2893
l 2893 2894
l 2894 2895
l 2895 2896
l 2896 2897
l 2897 2898
l 2898 2899
l 2899 2900
l 2900 2901
l 2901 2902
l 2902 2903
l 2903 2904
l 2904 2905
l 2906 2907
l 2907 2908
l 2908 2909
l 2909 2910
l 2910 2911
l 2911 2912
l 2912 2913
l 2913 2914
l 2914 2915
l 2915 2916
l 2916 2917
l 2917 2918
l 2918 2919
l 2919 2920
l 2920 2921
l 2921 2922
l 2922 2923
l 2923 2924
l 2924 2925
l 2925 2926
l 2926 2927
l 2927 2928
l 2928 2929
l 2929 2930
l 2930 2931
l 2931 2932
l 2932 2933
l 2933 2934
l 2934 2935
l 2935 2936
l 2936 2937
l 2937 2938
l 2938 2939
l 2939 2940
l 2940 2941
l 2941 2942
l 2942 2943
l 2943 2944
l 2944 2945
l 2945 2946
l 2946 2947
l 2947 2948
l 2948 2949
l 2949 2950
l 2950 2951
l 2951 2952
l 2952 2953
l 2953 2954
l 2954 2955
l 2955 2956
l 2956 2957
l 2957 2958
l 2958 2959
l 2959 2960
l 2960 2961
l 2961 2962
l 2962 2963
l 2963 2964
l 2964 2965
l 2965 2966
l 2966 2967
l 2967 2968
l 2968 2969
l 2969 2970
l 2970 2971
l 2971 2972
l 2972 2973
l 2973 2974
l 2974 2975
l 2975 2976
l 2976 2977
l 2977 2978
l 2978 2979
l 2979 2980
l 2980 2981
l 2981 2982
l 2982 2983
l 2983 2984
l 2984 2985
l 2985 2986
l 2986 2987
l 2987 2988
l 2988 2989
l 2989 2990
l 2990 2991
l 2991 2992
l 2992 2993
l 2993 2994
l 2994 2995
l 2995 2996
l 2996 2997
l 2997 2998
l 2998 2999
l 2999 3000
l 3000 3001
l 3001 3002
l 3002 3003
l 3003 3004
l 3004 3005
l 3005 3006
l 3006 3007
l 3007 3008
l 3008 3009
l 3009 3010
l 3010 3011
l 3011 3012
l 3012 3013
l 3013 3014
l 3015 3016
l 3016 3017
l 3017 3018
l 3018 3019
l 3019 3020
l 3020 3021
l 3021 3022
l 3022 3023
l 3023 3024
l 3024 3025
l 3025 3026
l 3026 3027
l 3027 3028
l 3028 3029
l 3029 3030
l 3030 3031
l 3031 3032
l 3032 3033
l 3033 3034
l 3034 3035
l 3035 3036
l 3036 3037
l 3037 3038
l 3038 3039
l 3039 3040
l 3040 3041
l 3041 3042
l 3042 3043
l 3043 3044
l 3044 3045
l 3045 3046
l 3046 3047
l 3047 3048
l 3048 3049
l 3049 3050
l 3050 3051
l 3051 3052
l 3052 3053
l 3053 3054
l 3054 3055
l 3055 3056
l 3056 3057
l 3057 3058
l 3058 3059
l 3059 3060
l 3060 3061
l 3061 3062
l 3062 3063
l 3063 3064
l 3064 3065
l 3065 3066
l 3066 3067
l 3067 3068
l 3068 3069
l 3069 3070
l 3070 3071
l 3071 3072
l 3072 3073
l 3073 3074
l 3074 3075
l 3075 3076
l 3076 3077
l 3077 3078
l 3078 3079
l 3079 3080
l 3080 3081
l 3081 3082
l 3082 3083
l 3083 3084
l 3084 3085
l 3085 3086
l 3086 3087
l 3087 3088
l 3088 3089
l 3089 3090
l 3090 3091
l 3091 3092
l 3092 3093
l 3093 3094
l 3094 3095
l 3095 3096
l 3096 3097
l 3097 3098
l 3098 3099
l 3099 3100
l 3100 3101
l 3101 3102
l 3102 3103
l 3103 3104
l 3104 3105
l 3105 3106
l 3106 3107
l 3107 3108
l 3108 3109
l 3109 3110
l 3110 3111
l 3111 3112
l 3112 3113
l 3113 3114
l 3114 3115
l 3115 3116
l 3116 3117
l 3117 3118
l 3118 3119
l 3119 3120
l 3120 3121
l 3121 3122
l 3122 3123
l 3124 3125
l 3125 3126
l 3126 3127
l 3127 3128
l 3128 3129
l 3129 3130
l 3130 3131
l 3131 3132
l 3132 3133
l 3133 3134
l 3134 3135
l 3135 3136
l 3136 3137
l 3137 3138
l 3138 3139
l 3139 3140
l 3140 3141
l 3141 3142
l 3142 3143
l 3143 3144
l 3144 3145
l 3145 3146
l 3146 3147
l 3147 3148
l 3148 3149
l 3149 3150
l 3150 3151
l 3151 3152
l 3152 3153
l 3153 3154
l 3154 3155
l 3155 3156
l 3156 3157
l 3157 3158
l 3158 3159
l 3159 3160
l 3160 3161
l 3161 3162
l 3162 3163
l 3163 3164
l 3164 3165
l 3165 3166
l 3166 3167
l 3167 3168
l 3168 3169
l 3169 3170
l 3170 3171
l 3171 3172
l 3172 3173
l 3173 3174
l 3174 3175
l 3175 3176
l 3176 3177
l 3177 3178
l 3178 3179
l 3179 3180
l 3180 3181
l 3181 3182
l 3182 3183
l 3183 3184
l 3184 3185
l 3185 3186
l 3186 3187
l 3187 3188
l 3188 3189
l 3189 3190
l 3190 3191
l 3191 3192
l 3192 3193
l 3193 3194
l 3194 3195
l 3195 3196
l 3196 3197
l 3197 3198
l 3198 3199
l 3199 3200
l 3200 3201
l 3201 3202
l 3202 3203
l 3203 3204
l 3204 3205
l 3205 3206
l 3206 3207
l 3207 3208
l 3208 3209
l 3209 3210
l 3210 3211
l 3211 3212
l 3212 3213
l 3213 3214
l 3214 3215
l 3215 3216
l 3216 3217
l 3217 3218
l 3218 3219
l 3219 3220
l 3220 3221
l 3221 3222
l 3222 3223
l 3223 3224
l 3224 3225
l 3225 3226
l 3226 3227
l 3227 3228
l 3228 3229
l 3229 3230
l 3230 3231
l 3231 3232
l 3233 3234
l 3234 3235
l 3235 3236
l 3236 3237
l 3237 3238
l 3238 3239
l 3239 3240
l 3240 3241
l 3241 3242
l 3242 3243
l 3243 3244
l 3244 3245
l 3245 3246
l 3246 3247
l 3247 3248
l 3248 3249
l 3249 3250
l 3250 3251
l 3251 3252
l 3252 3253
l 3253 3254
l 3254 3255
l 3255 3256
l 3256 3257
l 3257 3258
l 3258 3259
l 3259 3260
l 3260 3261
l 3261 3262
l 3262 3263
l 3263 3264
l 3264 3265
l 3265 3266
l 3266 3267
l 3267 3268
l 3268 3269
l 3269 3270
l 3270 3271
l 3271 3272
l 3272 3273
l 3273 3274
l 3274 3275
l 3275 3276
l 3276 3277
l 3277 3278
l 3278 3279
l 3279 3280
l 3280 3281
l 3281 3282
l 3282 3283
l 3283 3284
l 3284 3285
l 3285 3286
l 3286 3287
l 3287 3288
l 3288 3289
l 3289 3290
l 3290 3291
l 3291 3292
l 3292 3293
l 3293 3294
l 3294 3295
l 3295 3296
l 3296 3297
l 3297 3298
l 3298 3299
l 3299 3300
l 3300 3301
l 3301 3302
l 3302 3303
l 3303 3304
l 3304 3305
l 3305 3306
l 3306 3307
l 3307 3308
l 3308 3309
l 3309 3310
l 3310 3311
l 3311 3312
l 3312 3313
l 3313 3314
l 3314 3315
l 3315 3316
l 3316 3317
l 3317 3318
l 3318 3319
l 3319 3320
l 3320 3321
l 3321 3322
l 3322 3323
l 3323 3324
l 3324 3325
l 3325 3326
l 3326 3327
l 3327 3328
l 3328 3329
l 3329 3330
l 3330 3331
l 3331 3332
l 3332 3333
l 3333 3334
l 3334 3335
l 3335 3336
l 3336 3337
l 3337 3338
l 3338 3339
l 3339 3340
l 3340 3341
l 3342 3343
l 3343 3344
l 3344 3345
l 3345 3346
l 3346 3347
l 3347 3348
l 3348 3349
l 3349 3350
l 3350 3351
l 3351 3352
l 3352 3353
l 3353 3354
l 3354 3355
l 3355 3356
l 3356 3357
l 3357 3358
l 3358 3359
l 3359 3360
l 3360 3361
l 3361 3362
l 3362 3363
l 3363 3364
l 3364 3365
l 3365 3366
l 3366 3367
l 3367 3368
l 3368 3369
l 3369 3370
l 3370 3371
l 3371 3372
l 3372 3373
l 3373 3374
l 3374 3375
l 3375 3376
l 3376 3377
l 3377 3378
l 3378 3379
l 3379 3380
l 3380 3381
l 3381 3382
l 3382 3383
l 3383 3384
l 3384 3385
l 3385 3386
l 3386 3387
l 3387 3388
l 3388 3389
l 3389 3390
l 3390 3391
l 3391 3392
l 3392 3393
l 3393 3394
l 3394 3395
l 3395 3396
l 3396 3397
l 3397 3398
l 3398 3399
l 3399 3400
l 3400 3401
l 3401 3402
l 3402 3403
l 3403 3404
l 3404 3405
l 3405 3406
l 3406 3407
l 3407 3408
l 3408 3409
l 3409 3410
l 3410 3411
l 3411 3412
l 3412 3413
l 3413 3414
l 3414 3415
l 3415 3416
l 3416 3417
l 3417 3418
l 3418 3419
l 3419 3420
l 3420 3421
l 3421 3422
l 3422 3423
l 3423 3424
l 3424 3425
l 3425 3426
l 3426 3427
l 3427 3428
l 3428 3429
l 3429 3430
l 3430 3431
l 3431 3432
l 3432 3433
l 3433 3434
l 3434 3435
l 3435 3436
l 3436 3437
l 3437 3438
l 3438 3439
l 3439 3440
l 3440 3441
l 3441 3442
l 3442 3443
l 3443 3444
l 3444 3445
l 3445 3446
l 3446 3447
l 3447 3448
l 3448 3449
l 3449 3450
l 3451 3452
l 3452 3453
l 3453 3454
l 3454 3455
l 3455 3456
l 3456 3457
l 3457 3458
l 3458 3459
l 3459 3460
l 3460 3461
l 3461 3462
l 3462 3463
l 3463 3464
l 3464 3465
l 3465 3466
l 3466 3467
l 3467 3468
l 3468 3469
l 3469 3470
l 3470 3471
l 3471 3472
l 3472 3473
l 3473 3474
l 3474 3475
l 3475 3476
l 3476 3477
l 3477 3478
l 3478 3479
l 3479 3480
l 3480 3481
l 3481 3482
l 3482 3483
l 3483 3484
l 3484 3485
l 3485 3486
l 3486 3487
l 3487 3488
l 3488 3489
l 3489 3490
l 3490 3491
l 3491 3492
l 3492 3493
l 3493 3494
l 3494 3495
l 3495 3496
l 3496 3497
l 3497 3498
l 3498 3499
l 3499 3500
l 3500 3501
l 3501 3502
l 3502 3503
l 3503 3504
l 3504 3505
l 3505 3506
l 3506 3507
l 3507 3508
l 3508 3509
l 3509 3510
l 3510 3511
l 3511 3512
l 3512 3513
l 3513 3514
l 3514 3515
l 3515 3516
l 3516 3517
l 3517 3518
l 3518 3519
l 3519 3520
l 3520 3521
l 3521 3522
l 3522 3523
l 3523 3524
l 3524 3525
l 3525 3526
l 3526 3527
l 3527 3528
l 3528 3529
l 3529 3530
l 3530 3531
l 3531 3532
l 3532 3533
l 3533 3534
l 3534 3535
l 3535 3536
l 3536 3537
l 3537 3538
l 3538 3539
l 3539 3540
l 3540 3541
l 3541 3542
l 3542 3543
l 3543 3544
l 3544 3545
l 3545 3546
l 3546 3547
l 3547 3548
l 3548 3549
l 3549 3550
l 3550 3551
l 3551 3552
l 3552 3553
l 3553 3554
l 3554 3555
l 3555 3556
l 3556 3557
l 3558 3559
l 3559 3560
l 3560 3561
l 3561 3562
l 3562 3563
l 3563 3564
l 3564 3565
l 3565 3566
l 3566 3567
l 3567 3568
l 3568 3569
l 3569 3570
l 3570 3571
l 3571 3572
l 3572 3573
l 3573 3574
l 3574 3575
l 3575 3576
l 3576 3577
l 3577 3578
l 3578 3579
l 3579 3580
l 3580 3581
l 3581 3582
l 3582 3583
l 3583 3584
l 3584 3585
l 3585 3586
l 3586 3587
l 3587 3588
l 3588 3589
l 3589 3590
l 3590 3591
l 3591 3592
l 3592 3593
l 3593 3594
l 3594 3595
l 3595 3596
l 3596 3597
l 3597 3598
l 3598 3599
l 3599 3600
l 3600 3601
l 3601 3602
l 3602 3603
l 3603 3604
l 3604 3605
l 3605 3606
l 3606 3607
l 3607 3608
l 3608 3609
l 3609 3610
l 3610 3611
l 3611 3612
l 3612 3613
l 3613 3614
l 3614 3615
l 3615 3616
l 3616 3617
l 3617 3618
l 3618 3619
l 3619 3620
l 3620 3621
l 3621 3622
l 3622 3623
l 3623 3624
l 3624 3625
l 3625 3626
l 3626 3627
l 3627 3628
l 3628 3629
l 3629 3630
l 3630 3631
l 3631 3632
l 3632 3633
l 3633 3634
l 3634 3635
l 3635 3636
l 3636 3637
l 3637 3638
l 3638 3639
l 3639 3640
l 3640 3641
l 3641 3642
l 3642 3643
l 3643 3644
l 3644 3645
l 3645 3646
l 3646 3647
l 3647 3648
l 3648 3649
l 3649 3650
l 3650 3651
l 3651 3652
l 3652 3653
l 3653 3654
l 3654 3655
l 3655 3656
l 3656 3657
l 3657 3658
l 3658 3659
l 3659 3660
l 3660 3661
l 3661 3662
l 3662 3663
l 3663 3664
l 3665 3666
l 3666 3667
l 3667 3668
l 3668 3669
l 3669 3670
l 3670 3671
l 3671 3672
l 3672 3673
l 3673 3674
l 3674 3675
l 3675 3676
l 3676 3677
l 3677 3678
l 3678 3679
l 3679 3680
l 3680 3681
l 3681 3682
l 3682 3683
l 3683 3684
l 3684 3685
l 3685 3686
l 3686 3687
l 3687 3688
l 3688 3689
l 3689 3690
l 3690 3691
l 3691 3692
l 3692 3693
l 3693 3694
l 3694 3695
l 3695 3696
l 3696 3697
l 3697 3698
l 3698 3699
l 3699 3700
l 3700 3701
l 3701 3702
l 3702 3703
l 3703 3704
l 3704 3705
l 3705 3706
l 3706 3707
l 3707 3708
l 3708 3709
l 3709 3710
l 3710 3711
l 3711 3712
l 3712 3713
l 3713 3714
l 3714 3715
l 3715 3716
l 3716 3717
l 3717 3718
l 3718 3719
l 3719 3720
l 3720 3721
l 3721 3722
l 3722 3723
l 3723 3724
l 3724 3725
l 3725 3726
l 3726 3727
l 3727 3728
l 3728 3729
l 3729 3730
l 3730 3731
l 3731 3732
l 3732 3733
l 3733 3734
l 3734 3735
l 3735 3736
l 3736 3737
l 3737 3738
l 3738 3739
l 3739 3740
l 3740 3741
l 3741 3742
l 3742 3743
l 3743 3744
l 3744 3745
l 3745 3746
l 3746 3747
l 3747 3748
l 3748 3749
l 3749 3750
l 3750 3751
l 3751 3752
l 3752 3753
l 3753 3754
l 3754 3755
l 3755 3756
l 3756 3757
l 3757 3758
l 3758 3759
l 3759 3760
l 3760 3761
l 3761 3762
l 3762 3763
l 3763 3764
l 3764 3765
l 3765 3766
l 3766 3767
l 3767 3768
l 3768 3769
l 3769 3770
l 3770 3771
l 3772 3773
l 3773 3774
l 3774 3775
l 3775 3776
l 3776 3777
l 3777 3778
l 3778 3779
l 3779 3780
l 3780 3781
l 3781 3782
l 3782 3783
l 3783 3784
l 3784 3785
l 3785 3786
l 3786 3787
l 3787 3788
l 3788 3789
l 3789 3790
l 3790 3791
l 3791 3792
l 3792 3793
l 3793 3794
l 3794 3795
l 3795 3796
l 3796 3797
l 3797 3798
l 3798 3799
l 3799 3800
l 3800 3801
l 3801 3802
l 3802 3803
l 3803 3804
l 3804 3805
l 3805 3806
l 3806 3807
l 3807 3808
l 3808 3809
l 3809 3810
l 3810 3811
l 3811 3812
l 3812 3813
l 3813 3814
l 3814 3815
l 3815 3816
l 3816 3817
l 3817 3818
l 3818 3819
l 3819 3820
l 3820 3821
l 3821 3822
l 3822 3823
l 3823 3824
l 3824 3825
l 3825 3826
l 3826 3827
l 3827 3828
l 3828 3829
l 3829 3830
l 3830 3831
l 3831 3832
l 3832 3833
l 3833 3834
l 3834 3835
l 3835 3836
l 3836 3837
l 3837 3838
l 3838 3839
l 3839 3840
l 3840 3841
l 3841 3842
l 3842 3843
l 3843 3844
l 3844 3845
l 3845 3846
l 3846 3847
l 3847 3848
l 3848 3849
l 3849 3850
l 3850 3851
l 3851 3852
l 3852 3853
l 3853 3854
l 3854 3855
l 3855 3856
l 3856 3857
l 3857 3858
l 3858 3859
l 3859 3860
l 3860 3861
l 3861 3862
l 3862 3863
l 3863 3864
l 3864 3865
l 3865 3866
l 3866 3867
l 3867 3868
l 3868 3869
l 3869 3870
l 3870 3871
l 3871 3872
l 3872 3873
l 3873 3874
l 3874 3875
l 3875 3876
l 3876 3877
l 3877 3878
l 3879 3880
l 3880 3881
l 3881 3882
l 3882 3883
l 3883 3884
l 3884 3885
l 3885 3886
l 3886 3887
l 3887 3888
l 3888 3889
l 3889 3890
l 3890 3891
l 3891 3892
l 3892 3893
l 3893 3894
l 3894 3895
l 3895 3896
l 3896 3897
l 3897 3898
l 3898 3899
l 3899 3900
l 3900 3901
l 3901 3902
l 3902 3903
l 3903 3904
l 3904 3905
l 3905 3906
l 3906 3907
l 3907 3908
l 3908 3909
l 3909 3910
l 3910 3911
l 3911 3912
l 3912 3913
l 3913 3914
l 3914 3915
l 3915 3916
l 3916 3917
l 3917 3918
l 3918 3919
l 3919 3920
l 3920 3921
l 3921 3922
l 3922 3923
l 3923 3924
l 3924 3925
l 3925 3926
l 3926 3927
l 3927 3928
l 3928 3929
l 3929 3930
l 3930 3931
l 3931 3932
l 3932 3933
l 3933 3934
l 3934 3935
l 3935 3936
l 3936 3937
l 3937 3938
l 3938 3939
l 3939 3940
l 3940 3941
l 3941 3942
l 3942 3943
l 3943 3944
l 3944 3945
l 3945 3946
l 3946 3947
l 3947 3948
l 3948 3949
l 3949 3950
l 3950 3951
l 3951 3952
l 3952 3953
l 3953 3954
l 3954 3955
l 3955 3956
l 3956 3957
l 3957 3958
l 3958 3959
l 3959 3960
l 3960 3961
l 3961 3962
l 3962 3963
l 3963 3964
l 3964 3965
l 3965 3966
l 3966 3967
l 3967 3968
l 3968 3969
l 3969 3970
l 3970 3971
l 3971 3972
l 3972 3973
l 3973 3974
l 3974 3975
l 3975 3976
l 3976 3977
l 3977 3978
l 3978 3979
l 3979 3980
l 3980 3981
l 3981 3982
l 3982 3983
l 3983 3984
l 3984 3985
l 3986 3987
l 3987 3988
l 3988 3989
l 3989 3990
l 3990 3991
l 3991 3992
l 3992 3993
l 3993 3994
l 3994 3995
l 3995 3996
l 3996 3997
l 3997 3998
l 3998 3999
l 3999 4000
l 4000 4001
l 4001 4002
l 4002 4003
l 4003 4004
l 4004 4005
l 4005 4006
l 4006 4007
l 4007 4008
l 4008 4009
l 4009 4010
l 4010 4011
l 4011 4012
l 4012 4013
l 4013 4014
l 4014 4015
l 4015 4016
l 4016 4017
l 4017 4018
l 4018 4019
l 4019 4020
l 4020 4021
l 4021 4022
l 4022 4023
l 4023 4024
l 4024 4025
l 4025 4026
l 4026 4027
l 4027 4028
l 4028 4029
l 4029 4030
l 4030 4031
l 4031 4032
l 4032 4033
l 4033 4034
l 4034 4035
l 4035 4036
l 4036 4037
l 4037 4038
l 4038 4039
l 4039 4040
l 4040 4041
l 4041 4042
l 4042 4043
l 4043 4044
l 4044 4045
l 4045 4046
l 4046 4047
l 4047 4048
l 4048 4049
l 4049 4050
l 4050 4051
l 4051 4052
l 4052 4053
l 4053 4054
l 4054 4055
l 4055 4056
l 4056 4057
l 4057 4058
l 4058 4059
l 4059 4060
l 4060 4061
l 4061 4062
l 4062 4063
l 4063 4064
l 4064 4065
l 4065 4066
l 4066 4067
l 4067 4068
l 4068 4069
l 4069 4070
l 4070 4071
l 4071 4072
l 4072 4073
l 4073 4074
l 4074 4075
l 4075 4076
l 4076 4077
l 4077 4078
l 4078 4079
l 4079 4080
l 4080 4081
l 4081 4082
l 4082 4083
l 4083 4084
l 4084 4085
l 4085 4086
l 4086 4087
l 4087 4088
l 4088 4089
l 4089 4090
l 4090 4091
l 4091 4092
l 4093 4094
l 4094 4095
l 4095 4096
l 4096 4097
l 4097 4098
l 4098 4099
l 4099 4100
l 4100 4101
l 4101 4102
l 4102 4103
l 4103 4104
l 4104 4105
l 4105 4106
l 4106 4107
l 4107 4108
l 4108 4109
l 4109 4110
l 4110 4111
l 4111 4112
l 4112 4113
l 4113 4114
l 4114 4115
l 4115 4116
l 4116 4117
l 4117 4118
l 4118 4119
l 4119 4120
l 4120 4121
l 4121 4122
l 4122 4123
l 4123 4124
l 4124 4125
l 4125 4126
l 4126 4127
l 4127 4128
l 4128 4129
l 4129 4130
l 4130 4131
l 4131 4132
l 4132 4133
l 4133 4134
l 4134 4135
l 4135 4136
l 4136 4137
l 4137 4138
l 4138 4139
l 4139 4140
l 4140 4141
l 4141 4142
l 4142 4143
l 4143 4144
l 4144 4145
l 4145 4146
l 4146 4147
l 4147 4148
l 4148 4149
l 4149 4150
l 4150 4151
l 4151 4152
l 4152 4153
l 4153 4154
l 4154 4155
l 4155 4156
l 4156 4157
l 4157 4158
l 4158 4159
l 4159 4160
l 4160 4161
l 4161 4162
l 4162 4163
l 4163 4164
l 4164 4165
l 4165 4166
l 4166 4167
l 4167 4168
l 4168 4169
l 4169 4170
l 4170 4171
l 4171 4172
l 4172 4173
l 4173 4174
l 4174 4175
l 4175 4176
l 4176 4177
l 4177 4178
l 4178 4179
l 4179 4180
l 4180 4181
l 4181 4182
l 4182 4183
l 4183 4184
l 4184 4185
l 4185 4186
l 4186 4187
l 4187 4188
l 4188 4189
l 4189 4190
l 4190 4191
l 4191 4192
l 4192 4193
l 4193 4194
l 4194 4195
l 4195 4196
l 4196 4197
l 4198 4199
l 4199 4200
l 4200 4201
l 4201 4202
l 4202 4203
l 4203 4204
l 4204 4205
l 4205 4206
l 4206 4207
l 4207 4208
l 4208 4209
l 4209 4210
l 4210 4211
l 4211 4212
l 4212 4213
l 4213 4214
l 4214 4215
l 4215 4216
l 4216 4217
l 4217 4218
l 4218 4219
l 4219 4220
l 4220 4221
l 4221 4222
l 4222 4223
l 4223 4224
l 4224 4225
l 4225 4226
l 4226 4227
l 4227 4228
l 4228 4229
l 4229 4230
l 4230 4231
l 4231 4232
l 4232 4233
l 4233 4234
l 4234 4235
l 4235 4236
l 4236 4237
l 4237 4238
l 4238 4239
l 4239 4240
l 4240 4241
l 4241 4242
l 4242 4243
l 4243 4244
l 4244 4245
l 4245 4246
l 4246 4247
l 4247 4248
l 4248 4249
l 4249 4250
l 4250 4251
l 4251 4252
l 4252 4253
l 4253 4254
l 4254 4255
l 4255 4256
l 4256 4257
l 4257 4258
l 4258 4259
l 4259 4260
l 4260 4261
l 4261 4262
l 4262 4263
l 4263 4264
l 4264 4265
l 4265 4266
l 4266 4267
l 4267 4268
l 4268 4269
l 4269 4270
l 4270 4271
l 4271 4272
l 4272 4273
l 4273 4274
l 4274 4275
l 4275 4276
l 4276 4277
l 4277 4278
l 4278 4279
l 4279 4280
l 4280 4281
l 4281 4282
l 4282 4283
l 4283 4284
l 4284 4285
l 4285 4286
l 4286 4287
l 4287 4288
l 4288 4289
l 4289 4290
l 4290 4291
l 4291 4292
l 4292 4293
l 4293 4294
l 4294 4295
l 4295 4296
l 4296 4297
l 4297 4298
l 4298 4299
l 4299 4300
l 4300 4301
l 4301 4302
l 4303 4304
l 4304 4305
l 4305 4306
l 4306 4307
l 4307 4308
l 4308 4309
l 4309 4310
l 4310 4311
l 4311 4312
l 4312 4313
l 4313 4314
l 4314 4315
l 4315 4316
l 4316 4317
l 4317 4318
l 4318 4319
l 4319 4320
l 4320 4321
l 4321 4322
l 4322 4323
l 4323 4324
l 4324 4325
l 4325 4326
l 4326 4327
l 4327 4328
l 4328 4329
l 4329 4330
l 4330 4331
l 4331 4332
l 4332 4333
l 4333 4334
l 4334 4335
l 4335 4336
l 4336 4337
l 4337 4338
l 4338 4339
l 4339 4340
l 4340 4341
l 4341 4342
l 4342 4343
l 4343 4344
l 4344 4345
l 4345 4346
l 4346 4347
l 4347 4348
l 4348 4349
l 4349 4350
l 4350 4351
l 4351 4352
l 4352 4353
l 4353 4354
l 4354 4355
l 4355 4356
l 4356 4357
l 4357 4358
l 4358 4359
l 4359 4360
l 4360 4361
l 4361 4362
l 4362 4363
l 4363 4364
l 4364 4365
l 4365 4366
l 4366 4367
l 4367 4368
l 4368 4369
l 4369 4370
l 4370 4371
l 4371 4372
l 4372 4373
l 4373 4374
l 4374 4375
l 4375 4376
l 4376 4377
l 4377 4378
l 4378 4379
l 4379 4380
l 4380 4381
l 4381 4382
l 4382 4383
l 4383 4384
l 4384 4385
l 4385 4386
l 4386 4387
l 4387 4388
l 4388 4389
l 4389 4390
l 4390 4391
l 4391 4392
l 4392 4393
l 4393 4394
l 4394 4395
l 4395 4396
l 4396 4397
l 4397 4398
l 4398 4399
l 4399 4400
l 4400 4401
l 4401 4402
l 4402 4403
l 4403 4404
l 4404 4405
l 4405 4406
l 4406 4407
l 4408 4409
l 4409 4410
l 4410 4411
l 4411 4412
l 4412 4413
l 4413 4414
l 4414 4415
l 4415 4416
l 4416 4417
l 4417 4418
l 4418 4419
l 4419 4420
l 4420 4421
l 4421 4422
l 4422 4423
l 4423 4424
l 4424 4425
l 4425 4426
l 4426 4427
l 4427 4428
l 4428 4429
l 4429 4430
l 4430 4431
l 4431 4432
l 4432 4433
l 4433 4434
l 4434 4435
l 4435 4436
l 4436 4437
l 4437 4438
l 4438 4439
l 4439 4440
l 4440 4441
l 4441 4442
l 4442 4443
l 4443 4444
l 4444 4445
l 4445 4446
l 4446 4447
l 4447 4448
l 4448 4449
l 4449 4450
l 4450 4451
l 4451 4452
l 4452 4453
l 4453 4454
l 4454 4455
l 4455 4456
l 4456 4457
l 4457 4458
l 4458 4459
l 4459 4460
l 4460 4461
l 4461 4462
l 4462 4463
l 4463 4464
l 4464 4465
l 4465 4466
l 4466 4467
l 4467 4468
l 4468 4469
l 4469 4470
l 4470 4471
l 4471 4472
l 4472 4473
l 4473 4474
l 4474 4475
l 4475 4476
l 4476 4477
l 4477 4478
l 4478 4479
l 4479 4480
l 4480 4481
l 4481 4482
l 4482 4483
l 4483 4484
l 4484 4485
l 4485 4486
l 4486 4487
l 4487 4488
l 4488 4489
l 4489 4490
l 4490 4491
l 4491 4492
l 4492 4493
l 4493 4494
l 4494 4495
l 4495 4496
l 4496 4497
l 4497 4498
l 4498 4499
l 4499 4500
l 4500 4501
l 4501 4502
l 4502 4503
l 4503 4504
l 4504 4505
l 4505 4506
l 4506 4507
l 4507 4508
l 4508 4509
l 4509 4510
l 4511 4512
l 4512 4513
l 4513 4514
l 4514 4515
l 4515 4516
l 4516 4517
l 4517 4518
l 4518 4519
l 4519 4520
l 4520 4521
l 4521 4522
l 4522 4523
l 4523 4524
l 4524 4525
l 4525 4526
l 4526 4527
l 4527 4528
l 4528 4529
l 4529 4530
l 4530 4531
l 4531 4532
l 4532 4533
l 4533 4534
l 4534 4535
l 4535 4536
l 4536 4537
l 4537 4538
l 4538 4539
l 4539 4540
l 4540 4541
l 4541 4542
l 4542 4543
l 4543 4544
l 4544 4545
l 4545 4546
l 4546 4547
l 4547 4548
l 4548 4549
l 4549 4550
l 4550 4551
l 4551 4552
l 4552 4553
l 4553 4554
l 4554 4555
l 4555 4556
l 4556 4557
l 4557 4558
l 4558 4559
l 4559 4560
l 4560 4561
l 4561 4562
l 4562 4563
l 4563 4564
l 4564 4565
l 4565 4566
l 4566 4567
l 4567 4568
l 4568 4569
l 4569 4570
l 4570 4571
l 4571 4572
l 4572 4573
l 4573 4574
l 4574 4575
l 4575 4576
l 4576 4577
l 4577 4578
l 4578 4579
l 4579 4580
l 4580 4581
l 4581 4582
l 4582 4583
l 4583 4584
l 4584 4585
l 4585 4586
l 4586 4587
l 4587 4588
l 4588 4589
l 4589 4590
l 4590 4591
l 4591 4592
l 4592 4593
l 4593 4594
l 4594 4595
l 4595 4596
l 4596 4597
l 4597 4598
l 4598 4599
l 4599 4600
l 4600 4601
l 4601 4602
l 4602 4603
l 4603 4604
l 4604 4605
l 4605 4606
l 4606 4607
l 4607 4608
l 4608 4609
l 4609 4610
l 4610 4611
l 4611 4612
l 4612 4613
l 4614 4615
l 4615 4616
l 4616 4617
l 4617 4618
l 4618 4619
l 4619 4620
l 4620 4621
l 4621 4622
l 4622 4623
l 4623 4624
l 4624 4625
l 4625 4626
l 4626 4627
l 4627 4628
l 4628 4629
l 4629 4630
l 4630 4631
l 4631 4632
l 4632 4633
l 4633 4634
l 4634 4635
l 4635 4636
l 4636 4637
l 4637 4638
l 4638 4639
l 4639 4640
l 4640 4641
l 4641 4642
l 4642 4643
l 4643 4644
l 4644 4645
l 4645 4646
l 4646 4647
l 4647 4648
l 4648 4649
l 4649 4650
l 4650 4651
l 4651 4652
l 4652 4653
l 4653 4654
l 4654 4655
l 4655 4656
l 4656 4657
l 4657 4658
l 4658 4659
l 4659 4660
l 4660 4661
l 4661 4662
l 4662 4663
l 4663 4664
l 4664 4665
l 4665 4666
l 4666 4667
l 4667 4668
l 4668 4669
l 4669 4670
l 4670 4671
l 4671 4672
l 4672 4673
l 4673 4674
l 4674 4675
l 4675 4676
l 4676 4677
l 4677 4678
l 4678 4679
l 4679 4680
l 4680 4681
l 4681 4682
l 4682 4683
l 4683 4684
l 4684 4685
l 4685 4686
l 4686 4687
l 4687 4688
l 4688 4689
l 4689 4690
l 4690 4691
l 4691 4692
l 4692 4693
l 4693 4694
l 4694 4695
l 4695 4696
l 4696 4697
l 4697 4698
l 4698 4699
l 4699 4700
l 4700 4701
l 4701 4702
l 4702 4703
l 4703 4704
l 4704 4705
l 4705 4706
l 4706 4707
l 4707 4708
l 4708 4709
l 4709 4710
l 4710 4711
l 4711 4712
l 4712 4713
l 4713 4714
l 4714 4715
l 4715 4716
l 4717 4718
l 4718 4719
l 4719 4720
l 4720 4721
l 4721 4722
l 4722 4723
l 4723 4724
l 4724 4725
l 4725 4726
l 4726 4727
l 4727 4728
l 4728 4729
l 4729 4730
l 4730 4731
l 4731 4732
l 4732 4733
l 4733 4734
l 4734 4735
l 4735 4736
l 4736 4737
l 4737 4738
l 4738 4739
l 4739 4740
l 4740 4741
l 4741 4742
l 4742 4743
l 4743 4744
l 4744 4745
l 4745 4746
l 4746 4747
l 4747 4748
l 4748 4749
l 4749 4750
l 4750 4751
l 4751 4752
l 4752 4753
l 4753 4754
l 4754 4755
l 4755 4756
l 4756 4757
l 4757 4758
l 4758 4759
l 4759 4760
l 4760 4761
l 4761 4762
l 4762 4763
l 4763 4764
l 4764 4765
l 4765 4766
l 4766 4767
l 4767 4768
l 4768 4769
l 4769 4770
l 4770 4771
l 4771 4772
l 4772 4773
l 4773 4774
l 4774 4775
l 4775 4776
l 4776 4777
l 4777 4778
l 4778 4779
l 4779 4780
l 4780 4781
l 4781 4782
l 4782 4783
l 4783 4784
l 4784 4785
l 4785 4786
l 4786 4787
l 4787 4788
l 4788 4789
l 4789 4790
l 4790 4791
l 4791 4792
l 4792 4793
l 4793 4794
l 4794 4795
l 4795 4796
l 4796 4797
l 4797 4798
l 4798 4799
l 4799 4800
l 4800 4801
l 4801 4802
l 4802 4803
l 4803 4804
l 4804 4805
l 4805 4806
l 4806 4807
l 4807 4808
l 4808 4809
l 4809 4810
l 4810 4811
l 4811 4812
l 4812 4813
l 4813 4814
l 4814 4815
l 4815 4816
l 4816 4817
l 4818 4819
l 4819 4820
l 4820 4821
l 4821 4822
l 4822 4823
l 4823 4824
l 4824 4825
l 4825 4826
l 4826 4827
l 4827 4828
l 4828 4829
l 4829 4830
l 4830 4831
l 4831 4832
l 4832 4833
l 4833 4834
l 4834 4835
l 4835 4836
l 4836 4837
l 4837 4838
l 4838 4839
l 4839 4840
l 4840 4841
l 4841 4842
l 4842 4843
l 4843 4844
l 4844 4845
l 4845 4846
l 4846 4847
l 4847 4848
l 4848 4849
l 4849 4850
l 4850 4851
l 4851 4852
l 4852 4853
l 4853 4854
l 4854 4855
l 4855 4856
l 4856 4857
l 4857 4858
l 4858 4859
l 4859 4860
l 4860 4861
l 4861 4862
l 4862 4863
l 4863 4864
l 4864 4865
l 4865 4866
l 4866 4867
l 4867 4868
l 4868 4869
l 4869 4870
l 4870 4871
l 4871 4872
l 4872 4873
l 4873 4874
l 4874 4875
l 4875 4876
l 4876 4877
l 4877 4878
l 4878 4879
l 4879 4880
l 4880 4881
l 4881 4882
l 4882 4883
l 4883 4884
l 4884 4885
l 4885 4886
l 4886 4887
l 4887 4888
l 4888 4889
l 4889 4890
l 4890 4891
l 4891 4892
l 4892 4893
l 4893 4894
l 4894 4895
l 4895 4896
l 4896 4897
l 4897 4898
l 4898 4899
l 4899 4900
l 4900 4901
l 4901 4902
l 4902 4903
l 4903 4904
l 4904 4905
l 4905 4906
l 4906 4907
l 4907 4908
l 4908 4909
l 4909 4910
l 4910 4911
l 4911 4912
l 4912 4913
l 4913 4914
l 4914 4915
l 4915 4916
l 4917 4918
l 4918 4919
l 4919 4920
l 4920 4921
l 4921 4922
l 4922 4923
l 4923 4924
l 4924 4925
l 4925 4926
l 4926 4927
l 4927 4928
l 4928 4929
l 4929 4930
l 4930 4931
l 4931 4932
l 4932 4933
l 4933 4934
l 4934 4935
l 4935 4936
l 4936 4937
l 4937 4938
l 4938 4939
l 4939 4940
l 4940 4941
l 4941 4942
l 4942 4943
l 4943 4944
l 4944 4945
l 4945 4946
l 4946 4947
l 4947 4948
l 4948 4949
l 4949 4950
l 4950 4951
l 4951 4952
l 4952 4953
l 4953 4954
l 4954 4955
l 4955 4956
l 4956 4957
l 4957 4958
l 4958 4959
l 4959 4960
l 4960 4961
l 4961 4962
l 4962 4963
l 4963 4964
l 4964 4965
l 4965 4966
l 4966 4967
l 4967 4968
l 4968 4969
l 4969 4970
l 4970 4971
l 4971 4972
l 4972 4973
l 4973 4974
l 4974 4975
l 4975 4976
l 4976 4977
l 4977 4978
l 4978 4979
l 4979 4980
l 4980 4981
l 4981 4982
l 4982 4983
l 4983 4984
l 4984 4985
l 4985 4986
l 4986 4987
l 4987 4988
l 4988 4989
l 4989 4990
l 4990 4991
l 4991 4992
l 4992 4993
l 4993 4994
l 4994 4995
l 4995 4996
l 4996 4997
l 4997 4998
l 4998 4999
l 4999 5000
l 5000 5001
l 5001 5002
l 5002 5003
l 5003 5004
l 5004 5005
l 5005 5006
l 5006 5007
l 5007 5008
l 5008 5009
l 5009 5010
l 5010 5011
l 5011 5012
l 5012 5013
l 5013 5014
l 5014 5015
l 5016 5017
l 5017 5018
l 5018 5019
l 5019 5020
l 5020 5021
l 5021 5022
l 5022 5023
l 5023 5024
l 5024 5025
l 5025 5026
l 5026 5027
l 5027 5028
l 5028 5029
l 5029 5030
l 5030 5031
l 5031 5032
l 5032 5033
l 5033 5034
l 5034 5035
l 5035 5036
l 5036 5037
l 5037 5038
l 5038 5039
l 5039 5040
l 5040 5041
l 5041 5042
l 5042 5043
l 5043 5044
l 5044 5045
l 5045 5046
l 5046 5047
l 5047 5048
l 5048 5049
l 5049 5050
l 5050 5051
l 5051 5052
l 5052 5053
l 5053 5054
l 5054 5055
l 5055 5056
l 5056 5057
l 5057 5058
l 5058 5059
l 5059 5060
l 5060 5061
l 5061 5062
l 5062 5063
l 5063 5064
l 5064 5065
l 5065 5066
l 5066 5067
l 5067 5068
l 5068 5069
l 5069 5070
l 5070 5071
l 5071 5072
l 5072 5073
l 5073 5074
l 5074 5075
l 5075 5076
l 5076 5077
l 5077 5078
l 5078 5079
l 5079 5080
l 5080 5081
l 5081 5082
l 5082 5083
l 5083 5084
l 5084 5085
l 5085 5086
l 5086 5087
l 5087 5088
l 5088 5089
l 5089 5090
l 5090 5091
l 5091 5092
l 5092 5093
l 5093 5094
l 5094 5095
l 5095 5096
l 5096 5097
l 5097 5098
l 5098 5099
l 5099 5100
l 5100 5101
l 5101 5102
l 5102 5103
l 5103 5104
l 5104 5105
l 5105 5106
l 5106 5107
l 5107 5108
l 5108 5109
l 5109 5110
l 5110 5111
l 5111 5112
l 5113 5114
l 5114 5115
l 5115 5116
l 5116 5117
l 5117 5118
l 5118 5119
l 5119 5120
l 5120 5121
l 5121 5122
l 5122 5123
l 5123 5124
l 5124 5125
l 5125 5126
l 5126 5127
l 5127 5128
l 5128 5129
l 5129 5130
l 5130 5131
l 5131 5132
l 5132 5133
l 5133 5134
l 5134 5135
l 5135 5136
l 5136 5137
l 5137 5138
l 5138 5139
l 5139 5140
l 5140 5141
l 5141 5142
l 5142 5143
l 5143 5144
l 5144 5145
l 5145 5146
l 5146 5147
l 5147 5148
l 5148 5149
l 5149 5150
l 5150 5151
l 5151 5152
l 5152 5153
l 5153 5154
l 5154 5155
l 5155 5156
l 5156 5157
l 5157 5158
l 5158 5159
l 5159 5160
l 5160 5161
l 5161 5162
l 5162 5163
l 5163 5164
l 5164 5165
l 5165 5166
l 5166 5167
l 5167 5168
l 5168 5169
l 5169 5170
l 5170 5171
l 5171 5172
l 5172 5173
l 5173 5174
l 5174 5175
l 5175 5176
l 5176 5177
l 5177 5178
l 5178 5179
l 5179 5180
l 5180 5181
l 5181 5182
l 5182 5183
l 5183 5184
l 5184 5185
l 5185 5186
l 5186 5187
l 5187 5188
l 5188 5189
l 5189 5190
l 5190 5191
l 5191 5192
l 5192 5193
l 5193 5194
l 5194 5195
l 5195 5196
l 5196 5197
l 5197 5198
l 5198 5199
l 5199 5200
l 5200 5201
l 5201 5202
l 5202 5203
l 5203 5204
l 5204 5205
l 5205 5206
l 5206 5207
l 5208 5209
l 5209 5210
l 5210 5211
l 5211 5212
l 5212 5213
l 5213 5214
l 5214 5215
l 5215 5216
l 5216 5217
l 5217 5218
l 5218 5219
l 5219 5220
l 5220 5221
l 5221 5222
l 5222 5223
l 5223 5224
l 5224 5225
l 5225 5226
l 5226 5227
l 5227 5228
l 5228 5229
l 5229 5230
l 5230 5231
l 5231 5232
l 5232 5233
l 5233 5234
l 5234 5235
l 5235 5236
l 5236 5237
l 5237 5238
l 5238 5239
l 5239 5240
l 5240 5241
l 5241 5242
l 5242 5243
l 5243 5244
l 5244 5245
l 5245 5246
l 5246 5247
l 5247 5248
l 5248 5249
l 5249 5250
l 5250 5251
l 5251 5252
l 5252 5253
l 5253 5254
l 5254 5255
l 5255 5256
l 5256 5257
l 5257 5258
l 5258 5259
l 5259 5260
l 5260 5261
l 5261 5262
l 5262 5263
l 5263 5264
l 5264 5265
l 5265 5266
l 5266 5267
l 5267 5268
l 5268 5269
l 5269 5270
l 5270 5271
l 5271 5272
l 5272 5273
l 5273 5274
l 5274 5275
l 5275 5276
l 5276 5277
l 5277 5278
l 5278 5279
l 5279 5280
l 5280 5281
l 5281 5282
l 5282 5283
l 5283 5284
l 5284 5285
l 5285 5286
l 5286 5287
l 5287 5288
l 5288 5289
l 5289 5290
l 5290 5291
l 5291 5292
l 5292 5293
l 5293 5294
l 5294 5295
l 5295 5296
l 5296 5297
l 5297 5298
l 5298 5299
l 5299 5300
l 5300 5301
l 5301 5302
l 5303 5304
l 5304 5305
l 5305 5306
l 5306 5307
l 5307 5308
l 5308 5309
l 5309 5310
l 5310 5311
l 5311 5312
l 5312 5313
l 5313 5314
l 5314 5315
l 5315 5316
l 5316 5317
l 5317 5318
l 5318 5319
l 5319 5320
l 5320 5321
l 5321 5322
l 5322 5323
l 5323 5324
l 5324 5325
l 5325 5326
l 5326 5327
l 5327 5328
l 5328 5329
l 5329 5330
l 5330 5331
l 5331 5332
l 5332 5333
l 5333 5334
l 5334 5335
l 5335 5336
l 5336 5337
l 5337 5338
l 5338 5339
l 5339 5340
l 5340 5341
l 5341 5342
l 5342 5343
l 5343 5344
l 5344 5345
l 5345 5346
l 5346 5347
l 5347 5348
l 5348 5349
l 5349 5350
l 5350 5351
l 5351 5352
l 5352 5353
l 5353 5354
l 5354 5355
l 5355 5356
l 5356 5357
l 5357 5358
l 5358 5359
l 5359 5360
l 5360 5361
l 5361 5362
l 5362 5363
l 5363 5364
l 5364 5365
l 5365 5366
l 5366 5367
l 5367 5368
l 5368 5369
l 5369 5370
l 5370 5371
l 5371 5372
l 5372 5373
l 5373 5374
l 5374 5375
l 5375 5376
l 5376 5377
l 5377 5378
l 5378 5379
l 5379 5380
l 5380 5381
l 5381 5382
l 5382 5383
l 5383 5384
l 5384 5385
l 5385 5386
l 5386 5387
l 5387 5388
l 5388 5389
l 5389 5390
l 5390 5391
l 5391 5392
l 5392 5393
l 5393 5394
l 5394 5395
l 5396 5397
l 5397 5398
l 5398 5399
l 5399 5400
l 5400 5401
l 5401 5402
l 5402 5403
l 5403 5404
l 5404 5405
l 5405 5406
l 5406 5407
l 5407 5408
l 5408 5409
l 5409 5410
l 5410 5411
l 5411 5412
l 5412 5413
l 5413 5414
l 5414 5415
l 5415 5416
l 5416 5417
l 5417 5418
l 5418 5419
l 5419 5420
l 5420 5421
l 5421 5422
l 5422 5423
l 5423 5424
l 5424 5425
l 5425 5426
l 5426 5427
l 5427 5428
l 5428 5429
l 5429 5430
l 5430 5431
l 5431 5432
l 5432 5433
l 5433 5434
l 5434 5435
l 5435 5436
l 5436 5437
l 5437 5438
l 5438 5439
l 5439 5440
l 5440 5441
l 5441 5442
l 5442 5443
l 5443 5444
l 5444 5445
l 5445 5446
l 5446 5447
l 5447 5448
l 5448 5449
l 5449 5450
l 5450 5451
l 5451 5452
l 5452 5453
l 5453 5454
l 5454 5455
l 5455 5456
l 5456 5457
l 5457 5458
l 5458 5459
l 5459 5460
l 5460 5461
l 5461 5462
l 5462 5463
l 5463 5464
l 5464 5465
l 5465 5466
l 5466 5467
l 5467 5468
l 5468 5469
l 5469 5470
l 5470 5471
l 5471 5472
l 5472 5473
l 5473 5474
l 5474 5475
l 5475 5476
l 5476 5477
l 5477 5478
l 5478 5479
l 5479 5480
l 5480 5481
l 5481 5482
l 5482 5483
l 5483 5484
l 5484 5485
l 5485 5486
l 5487 5488
l 5488 5489
l 5489 5490
l 5490 5491
l 5491 5492
l 5492 5493
l 5493 5494
l 5494 5495
l 5495 5496
l 5496 5497
l 5497 5498
l 5498 5499
l 5499 5500
l 5500 5501
l 5501 5502
l 5502 5503
l 5503 5504
l 5504 5505
l 5505 5506
l 5506 5507
l 5507 5508
l 5508 5509
l 5509 5510
l 5510 5511
l 5511 5512
l 5512 5513
l 5513 5514
l 5514 5515
l 5515 5516
l 5516 5517
l 5517 5518
l 5518 5519
l 5519 5520
l 5520 5521
l 5521 5522
l 5522 5523
l 5523 5524
l 5524 5525
l 5525 5526
l 5526 5527
l 5527 5528
l 5528 5529
l 5529 5530
l 5530 5531
l 5531 5532
l 5532 5533
l 5533 5534
l 5534 5535
l 5535 5536
l 5536 5537
l 5537 5538
l 5538 5539
l 5539 5540
l 5540 5541
l 5541 5542
l 5542 5543
l 5543 5544
l 5544 5545
l 5545 5546
l 5546 5547
l 5547 5548
l 5548 5549
l 5549 5550
l 5550 5551
l 5551 5552
l 5552 5553
l 5553 5554
l 5554 5555
l 5555 5556
l 5556 5557
l 5557 5558
l 5558 5559
l 5559 5560
l 5560 5561
l 5561 5562
l 5562 5563
l 5563 5564
l 5564 5565
l 5565 5566
l 5566 5567
l 5567 5568
l 5568 5569
l 5569 5570
l 5570 5571
l 5571 5572
l 5572 5573
l 5573 5574
l 5574 5575
l 5576 5577
l 5577 5578
l 5578 5579
l 5579 5580
l 5580 5581
l 5581 5582
l 5582 5583
l 5583 5584
l 5584 5585
l 5585 5586
l 5586 5587
l 5587 5588
l 5588 5589
l 5589 5590
l 5590 5591
l 5591 5592
l 5592 5593
l 5593 5594
l 5594 5595
l 5595 5596
l 5596 5597
l 5597 5598
l 5598 5599
l 5599 5600
l 5600 5601
l 5601 5602
l 5602 5603
l 5603 5604
l 5604 5605
l 5605 5606
l 5606 5607
l 5607 5608
l 5608 5609
l 5609 5610
l 5610 5611
l 5611 5612
l 5612 5613
l 5613 5614
l 5614 5615
l 5615 5616
l 5616 5617
l 5617 5618
l 5618 5619
l 5619 5620
l 5620 5621
l 5621 5622
l 5622 5623
l 5623 5624
l 5624 5625
l 5625 5626
l 5626 5627
l 5627 5628
l 5628 5629
l 5629 5630
l 5630 5631
l 5631 5632
l 5632 5633
l 5633 5634
l 5634 5635
l 5635 5636
l 5636 5637
l 5637 5638
l 5638 5639
l 5639 5640
l 5640 5641
l 5641 5642
l 5642 5643
l 5643 5644
l 5644 5645
l 5645 5646
l 5646 5647
l 5647 5648
l 5648 5649
l 5649 5650
l 5650 5651
l 5651 5652
l 5652 5653
l 5653 5654
l 5654 5655
l 5655 5656
l 5656 5657
l 5657 5658
l 5658 5659
l 5659 5660
l 5660 5661
l 5661 5662
l 5663 5664
l 5664 5665
l 5665 5666
l 5666 5667
l 5667 5668
l 5668 5669
l 5669 5670
l 5670 5671
l 5671 5672
l 5672 5673
l 5673 5674
l 5674 5675
l 5675 5676
l 5676 5677
l 5677 5678
l 5678 5679
l 5679 5680
l 5680 5681
l 5681 5682
l 5682 5683
l 5683 5684
l 5684 5685
l 5685 5686
l 5686 5687
l 5687 5688
l 5688 5689
l 5689 5690
l 5690 5691
l 5691 5692
l 5692 5693
l 5693 5694
l 5694 5695
l 5695 5696
l 5696 5697
l 5697 5698
l 5698 5699
l 5699 5700
l 5700 5701
l 5701 5702
l 5702 5703
l 5703 5704
l 5704 5705
l 5705 5706
l 5706 5707
l 5707 5708
l 5708 5709
l 5709 5710
l 5710 5711
l 5711 5712
l 5712 5713
l 5713 5714
l 5714 5715
l 5715 5716
l 5716 5717
l 5717 5718
l 5718 5719
l 5719 5720
l 5720 5721
l 5721 5722
l 5722 5723
l 5723 5724
l 5724 5725
l 5725 5726
l 5726 5727
l 5727 5728
l 5728 5729
l 5729 5730
l 5730 5731
l 5731 5732
l 5732 5733
l 5733 5734
l 5734 5735
l 5735 5736
l 5736 5737
l 5737 5738
l 5738 5739
l 5739 5740
l 5740 5741
l 5741 5742
l 5742 5743
l 5743 5744
l 5744 5745
l 5745 5746
l 5746 5747
l 5748 5749
l 5749 5750
l 5750 5751
l 5751 5752
l 5752 5753
l 5753 5754
l 5754 5755
l 5755 5756
l 5756 5757
l 5757 5758
l 5758 5759
l 5759 5760
l 5760 5761
l 5761 5762
l 5762 5763
l 5763 5764
l 5764 5765
l 5765 5766
l 5766 5767
l 5767 5768
l 5768 5769
l 5769 5770
l 5770 5771
l 5771 5772
l 5772 5773
l 5773 5774
l 5774 5775
l 5775 5776
l 5776 5777
l 5777 5778
l 5778 5779
l 5779 5780
l 5780 5781
l 5781 5782
l 5782 5783
l 5783 5784
l 5784 5785
l 5785 5786
l 5786 5787
l 5787 5788
l 5788 5789
l 5789 5790
l 5790 5791
l 5791 5792
l 5792 5793
l 5793 5794
l 5794 5795
l 5795 5796
l 5796 5797
l 5797 5798
l 5798 5799
l 5799 5800
l 5800 5801
l 5801 5802
l 5802 5803
l 5803 5804
l 5804 5805
l 5805 5806
l 5806 5807
l 5807 5808
l 5808 5809
l 5809 5810
l 5810 5811
l 5811 5812
l 5812 5813
l 5813 5814
l 5814 5815
l 5815 5816
l 5816 5817
l 5817 5818
l 5818 5819
l 5819 5820
l 5820 5821
l 5821 5822
l 5822 5823
l 5823 5824
l 5824 5825
l 5825 5826
l 5826 5827
l 5827 5828
l 5828 5829
l 5829 5830
l 5831 5832
l 5832 5833
l 5833 5834
l 5834 5835
l 5835 5836
l 5836 5837
l 5837 5838
l 5838 5839
l 5839 5840
l 5840 5841
l 5841 5842
l 5842 5843
l 5843 5844
l 5844 5845
l 5845 5846
l 5846 5847
l 5847 5848
l 5848 5849
l 5849 5850
l 5850 5851
l 5851 5852
l 5852 5853
l 5853 5854
l 5854 5855
l 5855 5856
l 5856 5857
l 5857 5858
l 5858 5859
l 5859 5860
l 5860 5861
l 5861 5862
l 5862 5863
l 5863 5864
l 5864 5865
l 5865 5866
l 5866 5867
l 5867 5868
l 5868 5869
l 5869 5870
l 5870 5871
l 5871 5872
l 5872 5873
l 5873 5874
l 5874 5875
l 5875 5876
l 5876 5877
l 5877 5878
l 5878 5879
l 5879 5880
l 5880 5881
l 5881 5882
l 5882 5883
l 5883 5884
l 5884 5885
l 5885 5886
l 5886 5887
l 5887 5888
l 5888 5889
l 5889 5890
l 5890 5891
l 5891 5892
l 5892 5893
l 5893 5894
l 5894 5895
l 5895 5896
l 5896 5897
l 5897 5898
l 5898 5899
l 5899 5900
l 5900 5901
l 5901 5902
l 5902 5903
l 5903 5904
l 5904 5905
l 5905 5906
l 5906 5907
l 5907 5908
l 5908 5909
l 5909 5910
l 5910 5911
l 5912 5913
l 5913 5914
l 5914 5915
l 5915 5916
l 5916 5917
l 5917 5918
l 5918 5919
l 5919 5920
l 5920 5921
l 5921 5922
l 5922 5923
l 5923 5924
l 5924 5925
l 5925 5926
l 5926 5927
l 5927 5928
l 5928 5929
l 5929 5930
l 5930 5931
l 5931 5932
l 5932 5933
l 5933 5934
l 5934 5935
l 5935 5936
l 5936 5937
l 5937 5938
l 5938 5939
l 5939 5940
l 5940 5941
l 5941 5942
l 5942 5943
l 5943 5944
l 5944 5945
l 5945 5946
l 5946 5947
l 5947 5948
l 5948 5949
l 5949 5950
l 5950 5951
l 5951 5952
l 5952 5953
l 5953 5954
l 5954 5955
l 5955 5956
l 5956 5957
l 5957 5958
l 5958 5959
l 5959 5960
l 5960 5961
l 5961 5962
l 5962 5963
l 5963 5964
l 5964 5965
l 5965 5966
l 5966 5967
l 5967 5968
l 5968 5969
l 5969 5970
l 5970 5971
l 5971 5972
l 5972 5973
l 5973 5974
l 5974 5975
l 5975 5976
l 5976 5977
l 5977 5978
l 5978 5979
l 5979 5980
l 5980 5981
l 5981 5982
l 5982 5983
l 5983 5984
l 5984 5985
l 5985 5986
l 5986 5987
l 5987 5988
l 5988 5989
l 5989 5990
l 5991 5992
l 5992 5993
l 5993 5994
l 5994 5995
l 5995 5996
l 5996 5997
l 5997 5998
l 5998 5999
l 5999 6000
l 6000 6001
l 6001 6002
l 6002 6003
l 6003 6004
l 6004 6005
l 6005 6006
l 6006 6007
l 6007 6008
l 6008 6009
l 6009 6010
l 6010 6011
l 6011 6012
l 6012 6013
l 6013 6014
l 6014 6015
l 6015 6016
l 6016 6017
l 6017 6018
l 6018 6019
l 6019 6020
l 6020 6021
l 6021 6022
l 6022 6023
l 6023 6024
l 6024 6025
l 6025 6026
l 6026 6027
l 6027 6028
l 6028 6029
l 6029 6030
l 6030 6031
l 6031 6032
l 6032 6033
l 6033 6034
l 6034 6035
l 6035 6036
l 6036 6037
l 6037 6038
l 6038 6039
l 6039 6040
l 6040 6041
l 6041 6042
l 6042 6043
l 6043 6044
l 6044 6045
l 6045 6046
l 6046 6047
l 6047 6048
l 6048 6049
l 6049 6050
l 6050 6051
l 6051 6052
l 6052 6053
l 6053 6054
l 6054 6055
l 6055 6056
l 6056 6057
l 6057 6058
l 6058 6059
l 6059 6060
l 6060 6061
l 6061 6062
l 6062 6063
l 6063 6064
l 6064 6065
l 6065 6066
l 6066 6067
l 6068 6069
l 6069 6070
l 6070 6071
l 6071 6072
l 6072 6073
l 6073 6074
l 6074 6075
l 6075 6076
l 6076 6077
l 6077 6078
l 6078 6079
l 6079 6080
l 6080 6081
l 6081 6082
l 6082 6083
l 6083 6084
l 6084 6085
l 6085 6086
l 6086 6087
l 6087 6088
l 6088 6089
l 6089 6090
l 6090 6091
l 6091 6092
l 6092 6093
l 6093 6094
l 6094 6095
l 6095 6096
l 6096 6097
l 6097 6098
l 6098 6099
l 6099 6100
l 6100 6101
l 6101 6102
l 6102 6103
l 6103 6104
l 6104 6105
l 6105 6106
l 6106 6107
l 6107 6108
l 6108 6109
l 6109 6110
l 6110 6111
l 6111 6112
l 6112 6113
l 6113 6114
l 6114 6115
l 6115 6116
l 6116 6117
l 6117 6118
l 6118 6119
l 6119 6120
l 6120 6121
l 6121 6122
l 6122 6123
l 6123 6124
l 6124 6125
l 6125 6126
l 6126 6127
l 6127 6128
l 6128 6129
l 6129 6130
l 6130 6131
l 6131 6132
l 6132 6133
l 6133 6134
l 6134 6135
l 6135 6136
l 6136 6137
l 6137 6138
l 6138 6139
l 6139 6140
l 6140 6141
l 6141 6142
l 6143 6144
l 6144 6145
l 6145 6146
l 6146 6147
l 6147 6148
l 6148 6149
l 6149 6150
l 6150 6151
l 6151 6152
l 6152 6153
l 6153 6154
l 6154 6155
l 6155 6156
l 6156 6157
l 6157 6158
l 6158 6159
l 6159 6160
l 6160 6161
l 6161 6162
l 6162 6163
l 6163 6164
l 6164 6165
l 6165 6166
l 6166 6167
l 6167 6168
l 6168 6169
l 6169 6170
l 6170 6171
l 6171 6172
l 6172 6173
l 6173 6174
l 6174 6175
l 6175 6176
l 6176 6177
l 6177 6178
l 6178 6179
l 6179 6180
l 6180 6181
l 6181 6182
l 6182 6183
l 6183 6184
l 6184 6185
l 6185 6186
l 6186 6187
l 6187 6188
l 6188 6189
l 6189 6190
l 6190 6191
l 6191 6192
l 6192 6193
l 6193 6194
l 6194 6195
l 6195 6196
l 6196 6197
l 6197 6198
l 6198 6199
l 6199 6200
l 6200 6201
l 6201 6202
l 6202 6203
l 6203 6204
l 6204 6205
l 6205 6206
l 6206 6207
l 6207 6208
l 6208 6209
l 6209 6210
l 6210 6211
l 6211 6212
l 6212 6213
l 6213 6214
l 6214 6215
l 6216 6217
l 6217 6218
l 6218 6219
l 6219 6220
l 6220 6221
l 6221 6222
l 6222 6223
l 6223 6224
l 6224 6225
l 6225 6226
l 6226 6227
l 6227 6228
l 6228 6229
l 6229 6230
l 6230 6231
l 6231 6232
l 6232 6233
l 6233 6234
l 6234 6235
l 6235 6236
l 6236 6237
l 6237 6238
l 6238 6239
l 6239 6240
l 6240 6241
l 6241 6242
l 6242 6243
l 6243 6244
l 6244 6245
l 6245 6246
l 6246 6247
l 6247 6248
l 6248 6249
l 6249 6250
l 6250 6251
l 6251 6252
l 6252 6253
l 6253 6254
l 6254 6255
l 6255 6256
l 6256 6257
l 6257 6258
l 6258 6259
l 6259 6260
l 6260 6261
l 6261 6262
l 6262 6263
l 6263 6264
l 6264 6265
l 6265 6266
l 6266 6267
l 6267 6268
l 6268 6269
l 6269 6270
l 6270 6271
l 6271 6272
l 6272 6273
l 6273 6274
l 6274 6275
l 6275 6276
l 6276 6277
l 6277 6278
l 6278 6279
l 6279 6280
l 6280 6281
l 6281 6282
l 6282 6283
l 6283 6284
l 6284 6285
l 6285 6286
