v 0.0584800144 -0.0482143832 0.488294809 0 1 0
v 0.0570228529 -0.0481704243 0.489453976 0 1 0
v 0.055548483 -0.0481115311 0.49059051 0 0.501961 1
v 0.0540550098 -0.0480532332 0.491701473 0 0.501961 1
v 0.0525283251 -0.0479694621 0.492764926 0 0.501961 1
v 0.0509797242 -0.0478967701 0.493796994 0 0.501961 1
v 0.0494077464 -0.0478141423 0.494792354 1 0.784314 0
v 0.0478166231 -0.0477503211 0.495758153 1 0.784314 0
v 0.0462005355 -0.0476824291 0.496681189 1 0.784314 0
v 0.0445628573 -0.0476076999 0.497565085 1 0.784314 0
v 0.0429038244 -0.0475326431 0.498408261 1 0.784314 0
v 0.0412263412 -0.0474590347 0.499214226 1 0.784314 0
v 0.0395315695 -0.047397001 0.499984197 0.705882 0 1
v 0.0378220932 -0.0473338052 0.500720822 0.705882 0 1
v 0.0360940531 -0.0472705105 0.50141269 0.705882 0 1
v 0.0343566061 -0.0472143588 0.502081334 0.705882 0 1
v 0.0326062903 -0.0471456522 0.50271419 0.705882 0 1
v 0.0308436026 -0.0470837198 0.5033125 0.705882 0 1
v 0.0290670275 -0.0470164772 0.503867466 0 0.862745 0.862745
v 0.0272806188 -0.046964009 0.504391647 0 0.862745 0.862745
v 0.0254818364 -0.046902154 0.504870676 0 0.862745 0.862745
v 0.0236758948 -0.0468501119 0.505323002 0 0.862745 0.862745
v 0.0218592609 -0.0467877311 0.505729018 0 0.862745 0.862745
v 0.0200353699 -0.0467377067 0.506102932 0 0.862745 0.862745
v 0.0182037762 -0.0466852401 0.506436579 1 0.470588 0
v 0.0163654667 -0.0466303839 0.506730273 1 0.470588 0
v 0.0145214115 -0.0465758476 0.50698536 1 0.470588 0
v 0.0126726565 -0.0465192704 0.507203737 1 0.470588 0
v 0.010819563 -0.046466369 0.507382847 1 0.470588 0
v 0.00896286413 -0.0464199743 0.507522255 1 0.470588 0
v 0.00710380947 -0.046388383 0.507630671 0.470588 1 0
v 0.00524275025 -0.0463562062 0.507696195 0.470588 1 0
v 0.0033807612 -0.0463193407 0.507715053 0.470588 1 0
v 0.00151856635 -0.0462913754 0.507698729 0.470588 1 0
v -0.000342538594 -0.0462596783 0.507636859 0.470588 1 0
v -0.00220139195 -0.0462273924 0.507526696 0.470588 1 0
v -0.0040569583 -0.046194594 0.507371873 1 0 0.705882
v -0.00590782125 -0.0461586823 0.50716778 1 0 0.705882
v -0.00775412516 -0.0461350007 0.506924368 1 0 0.705882
v -0.00959285856 -0.0461101749 0.506628961 1 0 0.705882
v -0.0114219898 -0.0460870803 0.50627902 1 0 0.705882
v -0.0132426151 -0.0460771029 0.505887214 1 0 0.705882
v -0.015048773 -0.0460588576 0.505433276 0.313725 0.313725 1
v -0.016843321 -0.0460491126 0.504935106 0.313725 0.313725 1
v -0.0186212448 -0.0460465022 0.504380161 0.313725 0.313725 1
v -0.0203798743 -0.0460473013 0.503766998 0.313725 0.313725 1
v -0.0221125442 -0.0460385232 0.50308408 0.313725 0.313725 1
v -0.0238260782 -0.0460443879 0.502354666 0.313725 0.313725 1
v -0.0255105282 -0.0460579577 0.501560526 0.705882 0.470588 0.156863
v -0.0271647716 -0.0460652169 0.500704877 0.705882 0.470588 0.156863
v -0.0287803181 -0.0460841433 0.499778325 0.705882 0.470588 0.156863
v -0.0303579617 -0.0461073297 0.498788701 0.705882 0.470588 0.156863
v -0.0318903803 -0.0461473948 0.497731371 0.705882 0.470588 0.156863
v -0.0333687354 -0.0461730082 0.496599407 0.705882 0.470588 0.156863
v -0.034796809 -0.0462064252 0.495404714 0.470588 0.470588 0.470588
v -0.0361712937 -0.0462561282 0.494149851 0.470588 0.470588 0.470588
v -0.0374778612 -0.0463021897 0.49282377 0.470588 0.470588 0.470588
v -0.0387128806 -0.0463532127 0.491430822 0.470588 0.470588 0.470588
v -0.0398705928 -0.0464104746 0.48997335 0.470588 0.470588 0.470588
v -0.0409525112 -0.0464765765 0.488459502 0.470588 0.470588 0.470588
v -0.0419469867 -0.0465347918 0.486886348 1 0 0
v -0.0428580872 -0.0466017112 0.485263581 1 0 0
v -0.0436762748 -0.0466640717 0.483591991 1 0 0
v -0.0444091567 -0.0467182679 0.481881341 1 0 0
v -0.0450582269 -0.046774172 0.480137089 1 0 0
v -0.0456151927 -0.0468380857 0.478361275 1 0 0
v -0.0460833271 -0.0468908644 0.476559966 0 1 0
v -0.0464789683 -0.0469398899 0.474740854 0 1 0
v -0.0468250352 -0.0470019065 0.472911926 0 0.501961 1
v 0.0596665629 -0.047066408 0.489487125 0 1 0
v 0.058199375 -0.0470016285 0.490637775 0 1 0
v 0.0567240505 -0.0469440204 0.491778366 0 0.501961 1
v 0.0552346465 -0.0468944454 0.492900736 0 0.501961 1
v 0.0537104903 -0.0468140925 0.493973673 0 0.501961 1
v 0.0521617028 -0.0467414954 0.495011399 0 0.501961 1
v 0.0505905706 -0.0466640098 0.496014535 1 0.784314 0
v 0.0490026623 -0.0466035863 0.496991949 1 0.784314 0
v 0.04739045 -0.0465389168 0.497928147 1 0.784314 0
v 0.0457534309 -0.0464634307 0.498819825 1 0.784314 0
v 0.0440959172 -0.0463882594 0.499672916 1 0.784314 0
v 0.0424207094 -0.0463139724 0.500490795 1 0.784314 0
v 0.0407276296 -0.046249429 0.5012719 0.705882 0 1
v 0.0390196899 -0.0461885511 0.5020202 0.705882 0 1
v 0.0372958285 -0.0461279073 0.502731168 0.705882 0 1
v 0.035558728 -0.0460662809 0.503409117 0.705882 0 1
v 0.0338095596 -0.0460082846 0.504055398 0.705882 0 1
v 0.0320477888 -0.045940423 0.504665589 0.705882 0 1
v 0.0302744775 -0.0458832578 0.505242625 0 0.862745 0.862745
v 0.0284881679 -0.0458280026 0.505778127 0 0.862745 0.862745
v 0.0266915875 -0.04577014 0.506277569 0 0.862745 0.862745
v 0.0248850931 -0.0457157659 0.50674054 0 0.862745 0.862745
v 0.0230708227 -0.0456652744 0.507172216 0 0.862745 0.862745
v 0.0212484531 -0.0456170142 0.507568677 0 0.862745 0.862745
v 0.0194175883 -0.0455641985 0.507923592 1 0.470588 0
v 0.0175796554 -0.0455141809 0.508240156 1 0.470588 0
v 0.0157349947 -0.0454567028 0.508513351 1 0.470588 0
v 0.0138854982 -0.0454059418 0.508752829 1 0.470588 0
v 0.0120319083 -0.0453551131 0.508958414 1 0.470588 0
v 0.0101743793 -0.0453149591 0.509127256 1 0.470588 0
v 0.0083133685 -0.0452688143 0.509250559 0.470588 1 0
v 0.00645009463 -0.045235511 0.50933928 0.470588 1 0
v 0.00458541816 -0.0452049869 0.509392007 0.470588 1 0
v 0.00272019259 -0.0451684687 0.509397149 0.470588 1 0
v 0.000854855221 -0.0451442338 0.509370472 0.470588 1 0
v -0.00100871372 -0.0451086624 0.509289829 0.470588 1 0
v -0.00286980228 -0.045076678 0.509163347 1 0 0.705882
v -0.00472764708 -0.0450461331 0.508996491 1 0 0.705882
v -0.00658105283 -0.0450178685 0.508784894 1 0 0.705882
v -0.00842787641 -0.0449893536 0.508522128 1 0 0.705882
v -0.0102678742 -0.044967614 0.5082149 1 0 0.705882
v -0.012098119 -0.044945554 0.507854165 1 0 0.705882
v -0.0139195472 -0.0449342798 0.507451593 0.313725 0.313725 1
v -0.0157290018 -0.0449212905 0.506997305 0.313725 0.313725 1
v -0.0175244604 -0.0449150473 0.506490844 0.313725 0.313725 1
v -0.0193023435 -0.0449108247 0.505925459 0.313725 0.313725 1
v -0.0210630562 -0.0449092582 0.505308719 0.313725 0.313725 1
v -0.0228003339 -0.0449113745 0.504628668 0.313725 0.313725 1
v -0.0245158062 -0.0449182774 0.503895405 0.705882 0.470588 0.156863
v -0.0262033664 -0.0449258032 0.503100023 0.705882 0.470588 0.156863
v -0.0278598323 -0.0449474262 0.502242624 0.705882 0.470588 0.156863
v -0.0294850754 -0.0449729347 0.501327837 0.705882 0.470588 0.156863
v -0.0310707831 -0.0449983556 0.500345729 0.705882 0.470588 0.156863
v -0.0326154908 -0.0450272062 0.499300209 0.705882 0.470588 0.156863
v -0.034112666 -0.0450604816 0.498187736 0.470588 0.470588 0.470588
v -0.0355564958 -0.0451009445 0.497007212 0.470588 0.470588 0.470588
v -0.0369511936 -0.0451461963 0.495769586 0.470588 0.470588 0.470588
v -0.0382852861 -0.0452015809 0.494467203 0.470588 0.470588 0.470588
v -0.0395495677 -0.0452561614 0.493096634 0.470588 0.470588 0.470588
v -0.0407472809 -0.0453182348 0.491667929 0.470588 0.470588 0.470588
v -0.0418756366 -0.0453870155 0.490183948 1 0 0
v -0.0429148263 -0.0454463326 0.488635813 1 0 0
v -0.043870201 -0.0455087772 0.487034803 1 0 0
v -0.0447517978 -0.0455856259 0.485392945 1 0 0
v -0.0455558307 -0.045661187 0.483711269 1 0 0
v -0.0462742676 -0.0457329496 0.481991312 1 0 0
v -0.0468962429 -0.04579472 0.480233802 0 1 0
v -0.0474316762 -0.0458508086 0.47844776 0 1 0
v -0.0478899144 -0.0459067992 0.476640377 0 0.501961 1
v -0.0482753949 -0.0459607087 0.474815705 0 0.501961 1
v -0.0486215589 -0.0460304871 0.472983785 0 0.501961 1
v 0.0607920256 -0.0458013455 0.490616898 0 1 0
v 0.0593286813 -0.0457445885 0.491774811 0 1 0
v 0.0578528055 -0.0456848473 0.492916489 0 0.501961 1
v 0.0563659917 -0.0456394108 0.494044489 0 0.501961 1
v 0.0548468054 -0.0455710564 0.495127226 0 0.501961 1
v 0.0533005436 -0.0454979943 0.496170755 0 0.501961 1
v 0.0517349303 -0.0454262918 0.497184879 1 0.784314 0
v 0.0501501545 -0.0453608769 0.49816939 1 0.784314 0
v 0.0485405616 -0.0452986526 0.49911251 1 0.784314 0
v 0.0469069408 -0.0452261831 0.50001314 1 0.784314 0
v 0.0452544657 -0.0451551279 0.500878766 1 0.784314 0
v 0.0435833979 -0.0450851071 0.501708134 1 0.784314 0
v 0.0418945027 -0.0450193126 0.502500949 0.705882 0 1
v 0.040190138 -0.0449543158 0.503260021 0.705882 0 1
v 0.0384719371 -0.044906876 0.503988627 0.705882 0 1
v 0.0367360194 -0.0448421796 0.50467239 0.705882 0 1
v 0.0349926715 -0.044791674 0.505338324 0.705882 0 1
v 0.033234987 -0.044726724 0.505964113 0.705882 0 1
v 0.0314657052 -0.0446720492 0.506557331 0 0.862745 0.862745
v 0.0296850232 -0.044622937 0.507115844 0 0.862745 0.862745
v 0.0278898611 -0.0445519414 0.507623464 0 0.862745 0.862745
v 0.0260868549 -0.0445029515 0.508105153 0 0.862745 0.862745
v 0.0242759567 -0.044456596 0.508556535 0 0.862745 0.862745
v 0.0224548975 -0.044401589 0.508963805 0 0.862745 0.862745
v 0.0206258872 -0.044351721 0.509334406 1 0.470588 0
v 0.0187908712 -0.0443028265 0.509674591 1 0.470588 0
v 0.0169483595 -0.0442548524 0.509971637 1 0.470588 0
v 0.0151011369 -0.04421234 0.510238529 1 0.470588 0
v 0.0132489974 -0.0441633885 0.510467299 1 0.470588 0
v 0.0113927484 -0.0441249673 0.510662501 1 0.470588 0
v 0.00953213551 -0.0440827904 0.510809466 0.470588 1 0
v 0.00766892852 -0.0440488082 0.510920319 0.470588 1 0
v 0.00580372322 -0.0440115857 0.510989426 0.470588 1 0
v 0.00393753287 -0.0439783659 0.511025556 0.470588 1 0
v 0.00207108449 -0.0439396836 0.511014792 0.470588 1 0
v 0.000204968266 -0.0439152166 0.510971149 0.470588 1 0
v -0.00165938132 -0.0438837659 0.510879557 0.470588 1 0
v -0.00352078446 -0.0438525972 0.510740537 0.470588 1 0
v -0.00537885554 -0.0438258103 0.510562531 1 0 0.705882
v -0.00723250429 -0.0438010445 0.51034252 1 0 0.705882
v -0.00908005621 -0.0437798285 0.510075449 1 0 0.705882
v -0.0109191344 -0.0437586683 0.509755825 1 0 0.705882
v -0.0127502078 -0.043742293 0.509392781 1 0 0.705882
v -0.0145706047 -0.0437277192 0.50897973 1 0 0.705882
v -0.0163783961 -0.0437122063 0.508514049 0.313725 0.313725 1
v -0.0181730076 -0.0437080984 0.507999872 0.313725 0.313725 1
v -0.0199513392 -0.0437083131 0.507432164 0.313725 0.313725 1
v -0.0217121651 -0.0437124695 0.506812413 0.313725 0.313725 1
v -0.0234524892 -0.0437195128 0.506137195 0.313725 0.313725 1
v -0.0251709056 -0.0437241135 0.505407924 0.313725 0.313725 1
v -0.0268579656 -0.0437251264 0.50460848 0.705882 0.470588 0.156863
v -0.0285208583 -0.0437469147 0.503760454 0.705882 0.470588 0.156863
v -0.0301528292 -0.0437804274 0.502854692 0.705882 0.470588 0.156863
v -0.0317463572 -0.0438060509 0.501882609 0.705882 0.470588 0.156863
v -0.0332935959 -0.0438358311 0.500838572 0.705882 0.470588 0.156863
v -0.0348042327 -0.0438767558 0.499742882 0.705882 0.470588 0.156863
v -0.0362703897 -0.0439227908 0.498588387 0.470588 0.470588 0.470588
v -0.0376858443 -0.0439692634 0.497372252 0.470588 0.470588 0.470588
v -0.0390310209 -0.0440122149 0.496078681 0.470588 0.470588 0.470588
v -0.0403226447 -0.044076478 0.494732622 0.470588 0.470588 0.470588
v -0.0415496214 -0.0441406762 0.493327517 0.470588 0.470588 0.470588
v -0.0427107316 -0.0442058705 0.491867371 0.470588 0.470588 0.470588
v -0.0437955898 -0.0442711932 0.490349794 1 0 0
v -0.0448027846 -0.0443335566 0.488779339 1 0 0
v -0.0457319456 -0.044404744 0.487161855 1 0 0
v -0.0465846281 -0.0444815028 0.485503004 1 0 0
v -0.0473721929 -0.044575483 0.483813027 1 0 0
v -0.0480677094 -0.0446543708 0.482082476 1 0 0
v -0.0486705845 -0.0447189921 0.480316915 0 1 0
v -0.0491909874 -0.0447743923 0.478524996 0 1 0
v -0.0496379795 -0.0448349532 0.476713474 0 0.501961 1
v -0.0500250854 -0.0449014845 0.474888372 0 0.501961 1
v -0.0503642589 -0.0449663227 0.473053739 0 0.501961 1
v 0.0618531426 -0.0444310984 0.491681084 0 1 0
v 0.0604012436 -0.0443905227 0.492852626 0 1 0
v 0.0589312444 -0.0443409397 0.494000901 0 0.501961 1
v 0.0574428838 -0.0442878964 0.495125103 0 0.501961 1
v 0.0559274405 -0.0442199367 0.496211684 0 0.501961 1
v 0.0543901557 -0.0441551655 0.497267468 0 0.501961 1
v 0.0528358373 -0.0441019617 0.498298483 1 0.784314 0
v 0.0512506175 -0.0440257791 0.49927995 1 0.784314 0
v 0.0496439153 -0.0439566494 0.500226241 1 0.784314 0
v 0.0480182434 -0.0438863529 0.501139713 1 0.784314 0
v 0.0463726768 -0.0438278472 0.502017646 1 0.784314 0
v 0.0447102576 -0.0437714248 0.502863289 1 0.784314 0
v 0.0430285546 -0.0437101887 0.503669531 0.705882 0 1
v 0.0413295676 -0.0436439419 0.504438257 0.705882 0 1
v 0.0396160505 -0.0435931481 0.505175307 0.705882 0 1
v 0.0378864483 -0.0435368224 0.505873164 0.705882 0 1
v 0.0361469816 -0.0434848144 0.506546767 0.705882 0 1
v 0.0343954938 -0.0434298202 0.507188124 0.705882 0 1
v 0.0326346669 -0.0433831481 0.507804034 0 0.862745 0.862745
v 0.0308600738 -0.0433339769 0.508378895 0 0.862745 0.862745
v 0.0290726364 -0.0432791737 0.508911479 0 0.862745 0.862745
v 0.027272822 -0.0432202 0.509400628 0 0.862745 0.862745
v 0.0254663918 -0.0431700269 0.509865741 0 0.862745 0.862745
v 0.0236514177 -0.0431204621 0.510296004 0 0.862745 0.862745
v 0.0218258562 -0.0430676463 0.510679045 1 0.470588 0
v 0.0199943021 -0.0430209091 0.511032977 1 0.470588 0
v 0.0181571507 -0.0429796109 0.511357087 1 0.470588 0
v 0.0163138077 -0.0429370616 0.51164415 1 0.470588 0
v 0.0144659132 -0.0429019163 0.511901395 1 0.470588 0
v 0.0126129947 -0.0428618864 0.512118204 1 0.470588 0
v 0.0107553334 -0.0428174938 0.512288693 0.470588 1 0
v 0.0088944157 -0.042778444 0.51242116 0.470588 1 0
v 0.00703127667 -0.0427454563 0.512518198 0.470588 1 0
v 0.00516662025 -0.0427122683 0.512579374 0.470588 1 0
v 0.00330102883 -0.0426770776 0.512598956 0.470588 1 0
v 0.00143542714 -0.0426437065 0.512576193 0.470588 1 0
v -0.000429496928 -0.0426206164 0.512521222 0.470588 1 0
v -0.00229240026 -0.0425921063 0.512417273 0.470588 1 0
v -0.00415251245 -0.0425628855 0.512271336 1 0 0.705882
v -0.00600887198 -0.0425363992 0.512083867 1 0 0.705882
v -0.00786025397 -0.0425164003 0.511851642 1 0 0.705882
v -0.00970560184 -0.0425000895 0.511575561 1 0 0.705882
v -0.0115430751 -0.0424786851 0.511250975 1 0 0.705882
v -0.0133712097 -0.042464281 0.510877037 1 0 0.705882
v -0.0151887892 -0.0424512524 0.510455163 0.313725 0.313725 1
v -0.0169942688 -0.0424384962 0.509984172 0.313725 0.313725 1
v -0.018787552 -0.0424325011 0.509468476 0.313725 0.313725 1
v -0.0205661778 -0.0424368077 0.508903949 0.313725 0.313725 1
v -0.022326793 -0.0424445338 0.508285534 0.313725 0.313725 1
v -0.0240644693 -0.0424559877 0.507605705 0.313725 0.313725 1
v -0.0257811692 -0.042465894 0.506874532 0.705882 0.470588 0.156863
v -0.027471797 -0.0424686333 0.506084997 0.705882 0.470588 0.156863
v -0.0291359057 -0.0424857662 0.50524095 0.705882 0.470588 0.156863
v -0.0307684217 -0.042513021 0.504337433 0.705882 0.470588 0.156863
v -0.0323661266 -0.0425433072 0.503373965 0.705882 0.470588 0.156863
v -0.0339236564 -0.0425709903 0.502346571 0.705882 0.470588 0.156863
v -0.0354440144 -0.0426163956 0.50126559 0.470588 0.470588 0.470588
v -0.0369168245 -0.0426587023 0.50012084 0.470588 0.470588 0.470588
v -0.0383436382 -0.0427020448 0.498919329 0.470588 0.470588 0.470588
v -0.0397161647 -0.0427488518 0.497656366 0.470588 0.470588 0.470588
v -0.0410307736 -0.0428083204 0.496333559 0.470588 0.470588 0.470588
v -0.0422845406 -0.04286856 0.494952871 0.470588 0.470588 0.470588
v -0.0434743012 -0.0429353018 0.493516972 1 0 0
v -0.0445981544 -0.0430128934 0.492029569 1 0 0
v -0.0456492626 -0.0430804195 0.490489444 1 0 0
v -0.0466266301 -0.0431528843 0.488901658 1 0 0
v -0.047527097 -0.0432327239 0.487269589 1 0 0
v -0.0483496194 -0.0433080621 0.485596457 1 0 0
v -0.0491056097 -0.0433893307 0.483892595 0 1 0
v -0.0497824232 -0.0434729938 0.482155803 0 1 0
v -0.0503739313 -0.0435430641 0.480387534 0 1 0
v -0.0508799398 -0.0436016928 0.478592464 0 1 0
v -0.0513120206 -0.0436606942 0.47677817 0 0.501961 1
v -0.0516925305 -0.0437292001 0.474952653 0 0.501961 1
v -0.0520409791 -0.0438049701 0.473121006 0 0.501961 1
v 0.0628577538 -0.0429785235 0.492687534 0 1 0
v 0.0614096496 -0.0429388167 0.493859262 0 1 0
v 0.059949599 -0.0428989943 0.495016109 0 0.501961 1
v 0.0584625907 -0.0428410669 0.496137267 0 0.501961 1
v 0.0569570687 -0.0427815904 0.497233367 0 0.501961 1
v 0.0554265894 -0.0427205542 0.498294015 0 0.501961 1
v 0.053878888 -0.0426689652 0.499330105 1 0.784314 0
v 0.0523062635 -0.0426078058 0.500327441 1 0.784314 0
v 0.050704899 -0.0425351586 0.501277113 1 0.784314 0
v 0.0490813633 -0.0424641143 0.502188455 1 0.784314 0
v 0.0474475133 -0.042411371 0.503082524 1 0.784314 0
v 0.0457972263 -0.0423643143 0.503946205 1 0.784314 0
v 0.0441280988 -0.0423126117 0.504772567 0.705882 0 1
v 0.0424395057 -0.042261995 0.505558318 0.705882 0 1
v 0.0407308622 -0.0422046989 0.506298979 0.705882 0 1
v 0.0390102222 -0.0421557452 0.507011651 0.705882 0 1
v 0.0372781688 -0.042107927 0.507696673 0.705882 0 1
v 0.0355361625 -0.0420614939 0.508356038 0.705882 0 1
v 0.0337801257 -0.0420055749 0.508975972 0 0.862745 0.862745
v 0.0320138769 -0.0419591694 0.509567348 0 0.862745 0.862745
v 0.0302367316 -0.0419158407 0.510125346 0 0.862745 0.862745
v 0.028445341 -0.0418653467 0.510634658 0 0.862745 0.862745
v 0.0266437396 -0.0418121552 0.511106854 0 0.862745 0.862745
v 0.0248352061 -0.0417654155 0.511552345 0 0.862745 0.862745
v 0.0230177472 -0.0417159613 0.511959017 1 0.470588 0
v 0.0211926702 -0.0416676652 0.512330745 1 0.470588 0
v 0.0193612849 -0.0416280804 0.512671256 1 0.470588 0
v 0.0175237037 -0.041587887 0.512975832 1 0.470588 0
v 0.0156811272 -0.0415516531 0.513249755 1 0.470588 0
v 0.0138348634 -0.0415208815 0.513498675 1 0.470588 0
v 0.011982227 -0.041477177 0.513691176 0.470588 1 0
v 0.0101259836 -0.0414395207 0.513846865 0.470588 1 0
v 0.00826705133 -0.0414066524 0.513967906 0.470588 1 0
v 0.00640617391 -0.0413750785 0.514054463 0.470588 1 0
v 0.00454386215 -0.0413444785 0.514103092 0.470588 1 0
v 0.00268099294 -0.0413126366 0.51410943 0.470588 1 0
v 0.000818382667 -0.0412816062 0.514075883 0.470588 1 0
v -0.00104308141 -0.0412560043 0.514004812 0.470588 1 0
v -0.0029024925 -0.0412274923 0.513889869 1 0 0.705882
v -0.00475918902 -0.0412052031 0.513736524 1 0 0.705882
v -0.00661228905 -0.041186055 0.513543889 1 0 0.705882
v -0.00846025753 -0.041171649 0.513306487 1 0 0.705882
v -0.0103006333 -0.0411485857 0.513017037 1 0 0.705882
v -0.0121336622 -0.0411293995 0.512683849 1 0 0.705882
v -0.0139600191 -0.0411229173 0.512315448 0.313725 0.313725 1
v -0.0157744103 -0.0411109361 0.511891878 0.313725 0.313725 1
v -0.0175754764 -0.0410993331 0.511414771 0.313725 0.313725 1
v -0.0193622578 -0.0410982755 0.510886942 0.313725 0.313725 1
v -0.0211363828 -0.0411041421 0.510318359 0.313725 0.313725 1
v -0.022893828 -0.0411099639 0.509700183 0.313725 0.313725 1
v -0.0246307045 -0.0411186195 0.509026103 0.705882 0.470588 0.156863
v -0.0263482255 -0.0411312047 0.508304113 0.705882 0.470588 0.156863
v -0.0280408124 -0.0411508185 0.507525616 0.705882 0.470588 0.156863
v -0.0297018594 -0.0411611295 0.506681836 0.705882 0.470588 0.156863
v -0.0313338117 -0.041179083 0.505783216 0.705882 0.470588 0.156863
v -0.0329316775 -0.0412095536 0.504825592 0.705882 0.470588 0.156863
v -0.0344981486 -0.0412409111 0.503817582 0.470588 0.470588 0.470588
v -0.0360230609 -0.0412766413 0.502747626 0.470588 0.470588 0.470588
v -0.0375065121 -0.0413225188 0.501621432 0.470588 0.470588 0.470588
v -0.0389417299 -0.0413634272 0.500434221 0.470588 0.470588 0.470588
v -0.0403328793 -0.0414154985 0.499196409 0.470588 0.470588 0.470588
v -0.0416686237 -0.0414738525 0.497899152 0.470588 0.470588 0.470588
v -0.0429417352 -0.0415351555 0.496540489 1 0 0
v -0.0441548492 -0.0415904727 0.495127743 1 0 0
v -0.0453263455 -0.0416728541 0.493681497 1 0 0
v -0.0464094445 -0.0417468031 0.492167444 1 0 0
v -0.0474258381 -0.0418144899 0.490607438 1 0 0
v -0.0483715975 -0.0418900297 0.48900398 1 0 0
v -0.0492439769 -0.0419682251 0.487359607 0 1 0
v -0.0500416956 -0.0420407264 0.485677504 0 1 0
v -0.0507629926 -0.042106755 0.483960912 0 1 0
v -0.0514132359 -0.0421865296 0.482216744 0 1 0
v -0.0519973898 -0.0422637904 0.480449186 0 1 0
v -0.0524864026 -0.042324903 0.47865234 0 1 0
v -0.0529107486 -0.0423820783 0.476839027 0 0.501961 1
v -0.0532787969 -0.0424455707 0.475013688 0 0.501961 1
v -0.0536233351 -0.0425268313 0.473184435 0 0.501961 1
v 0.0638063858 -0.0414516039 0.493636085 0 1 0
v 0.0623641893 -0.0414142029 0.494807451 0 1 0
v 0.0609044386 -0.0413672791 0.495956521 0 0.501961 1
v 0.059430322 -0.0413211872 0.497087009 0 0.501961 1
v 0.0579395636 -0.0412734527 0.498195408 0 0.501961 1
v 0.0564172923 -0.0412152799 0.499259142 0 0.501961 1
v 0.054867583 -0.041153355 0.500282838 0 0.501961 1
v 0.0533060739 -0.0410976328 0.501288732 0 0.501961 1
v 0.0517238752 -0.041045601 0.502262003 1 0.784314 0
v 0.050111618 -0.0409794305 0.503183536 1 0.784314 0
v 0.0484837832 -0.0409238343 0.504078188 1 0.784314 0
v 0.0468422727 -0.040876764 0.504947958 1 0.784314 0
v 0.0451837882 -0.0408312165 0.505784938 1 0.784314 0
v 0.0435064769 -0.0407849333 0.506583572 1 0.784314 0
v 0.0418114941 -0.0407352218 0.507343778 0.705882 0 1
v 0.0401044906 -0.0406944093 0.508077125 0.705882 0 1
v 0.0383818814 -0.0406489871 0.508772813 0.705882 0 1
v 0.0366481113 -0.040608964 0.509440382 0.705882 0 1
v 0.0349007876 -0.040559012 0.510070823 0.705882 0 1
v 0.0331442142 -0.040512056 0.510675455 0.705882 0 1
v 0.0313742991 -0.0404626745 0.51123961 0 0.862745 0.862745
v 0.0295954189 -0.0404242824 0.511775765 0 0.862745 0.862745
v 0.0278047225 -0.0403796642 0.512270144 0 0.862745 0.862745
v 0.0260048657 -0.0403324007 0.512730118 0 0.862745 0.862745
v 0.0241981915 -0.0402925194 0.513163398 0 0.862745 0.862745
v 0.0223815456 -0.0402445403 0.513551742 0 0.862745 0.862745
v 0.0205578869 -0.0401981501 0.51390584 1 0.470588 0
v 0.0187295352 -0.0401651034 0.51423672 1 0.470588 0
v 0.0168933919 -0.040123323 0.514519775 1 0.470588 0
v 0.0150535009 -0.0400939623 0.514779096 1 0.470588 0
v 0.0132093789 -0.0400620277 0.515005878 1 0.470588 0
v 0.0113614328 -0.0400374953 0.515200407 1 0.470588 0
v 0.00950937032 -0.0399987009 0.515347504 0.470588 1 0
v 0.00765425621 -0.0399632408 0.515451056 0.470588 1 0
v 0.00579750913 -0.0399334788 0.515521773 0.470588 1 0
v 0.00393973669 -0.0399052299 0.515557074 0.470588 1 0
v 0.0020816469 -0.0398776957 0.515553054 0.470588 1 0
v 0.000223858003 -0.0398559219 0.515515249 0.470588 1 0
v -0.00163215554 -0.0398283752 0.515429844 0.470588 1 0
v -0.00348611785 -0.0398035097 0.515305411 0.470588 1 0
v -0.0053369909 -0.0397829097 0.5151408 1 0 0.705882
v -0.007184058 -0.0397672656 0.514937733 1 0 0.705882
v -0.00902644491 -0.0397537401 0.514696273 1 0 0.705882
v -0.0108625176 -0.0397421036 0.514410342 1 0 0.705882
v -0.0126893733 -0.0397228734 0.514070721 1 0 0.705882
v -0.0145091026 -0.0397178673 0.513694422 1 0 0.705882
v -0.0163169871 -0.0397082665 0.51326484 0.313725 0.313725 1
v -0.0181137358 -0.0397060484 0.51279076 0.313725 0.313725 1
v -0.0198988856 -0.0397111518 0.512275049 0.313725 0.313725 1
v -0.0216678233 -0.0397129519 0.51170609 0.313725 0.313725 1
v -0.0234183594 -0.0397134526 0.511082517 0.313725 0.313725 1
v -0.0251492007 -0.0397158995 0.510406176 0.313725 0.313725 1
v -0.0268612628 -0.0397285598 0.509683693 0.705882 0.470588 0.156863
v -0.028551476 -0.0397477033 0.508911614 0.705882 0.470588 0.156863
v -0.0302114301 -0.0397637853 0.50807646 0.705882 0.470588 0.156863
v -0.0318414553 -0.0397840932 0.507184884 0.705882 0.470588 0.156863
v -0.0334432296 -0.0398087104 0.5062435 0.705882 0.470588 0.156863
v -0.0350112512 -0.0398391308 0.505247314 0.705882 0.470588 0.156863
v -0.0365408854 -0.039872133 0.504192832 0.470588 0.470588 0.470588
v -0.0380303443 -0.0399078069 0.50308226 0.470588 0.470588 0.470588
v -0.0394786116 -0.0399569298 0.501919045 0.470588 0.470588 0.470588
v -0.0408840653 -0.0400085303 0.500704703 0.470588 0.470588 0.470588
v -0.0422343729 -0.0400632458 0.499429351 0.470588 0.470588 0.470588
v -0.0435289105 -0.0401224926 0.498098039 0.470588 0.470588 0.470588
v -0.0447602756 -0.0401762772 0.496707673 1 0 0
v -0.0459444554 -0.0402342704 0.495276894 1 0 0
v -0.0470740961 -0.0403207469 0.493803905 1 0 0
v -0.0481332601 -0.0403942837 0.492278726 1 0 0
v -0.0491136635 -0.0404680297 0.490701917 1 0 0
v -0.0500240146 -0.0405391417 0.489083608 1 0 0
v -0.0508629864 -0.0406082652 0.487427114 0 1 0
v -0.0516322564 -0.0406750311 0.485736975 0 1 0
v -0.0523283492 -0.0407395375 0.484015363 0 1 0
v -0.0529546752 -0.0408070783 0.482267214 0 1 0
v -0.0535172168 -0.0408803411 0.480497635 0 1 0
v -0.0540027861 -0.0409453464 0.478705204 0 1 0
v -0.054414445 -0.0410055648 0.476894299 0 0.501961 1
v -0.0547721813 -0.0410671218 0.475071922 0 0.501961 1
v -0.0550967109 -0.041125856 0.473243156 0 0.501961 1
v 0.0646886391 -0.0398455554 0.494514868 0.705882 0 1
v 0.0632494192 -0.0398030068 0.495678863 0.705882 0 1
v 0.0618044306 -0.0397663511 0.496835861 0 0.862745 0.862745
v 0.0603383094 -0.0397232149 0.497965404 0 0.862745 0.862745
v 0.0588532639 -0.0396764396 0.499070134 0 0.862745 0.862745
v 0.0573467456 -0.0396261405 0.500145063 0 0.862745 0.862745
v 0.0558046988 -0.0395641219 0.50116798 0 0.862745 0.862745
v 0.0542546358 -0.0395138336 0.502179191 0 0.862745 0.862745
v 0.0526878258 -0.039470628 0.503164603 1 0.470588 0
v 0.0510935497 -0.0394203838 0.504104351 1 0.470588 0
v 0.049476575 -0.0393651893 0.505004512 1 0.470588 0
v 0.0478462824 -0.0393193429 0.505880826 1 0.470588 0
v 0.04619788 -0.0392734358 0.506722687 1 0.470588 0
v 0.0445355139 -0.0392376495 0.507537055 1 0.470588 0
v 0.0428561186 -0.039197973 0.508315531 0.470588 1 0
v 0.0411597083 -0.039159114 0.50905633 0.470588 1 0
v 0.0394508639 -0.0391252532 0.509768211 0.470588 1 0
v 0.0377282091 -0.0390833331 0.510445394 0.470588 1 0
v 0.0359929019 -0.0390369397 0.511088967 0.470588 1 0
v 0.0342472407 -0.038994063 0.511704493 0.470588 1 0
v 0.0324891927 -0.0389498696 0.512283157 1 0 0.705882
v 0.030723038 -0.0389136346 0.512837527 1 0 0.705882
v 0.0289453982 -0.038877474 0.513353777 1 0 0.705882
v 0.0271570995 -0.038835244 0.513831438 1 0 0.705882
v 0.0253592972 -0.0387909276 0.514271931 1 0 0.705882
v 0.0235554128 -0.0387525478 0.514687207 1 0 0.705882
v 0.0217431065 -0.0387149777 0.515063965 0.313725 0.313725 1
v 0.0199239151 -0.0386768761 0.515406222 0.313725 0.313725 1
v 0.018099578 -0.038644005 0.515719937 0.313725 0.313725 1
v 0.0162682021 -0.038608002 0.515989822 0.313725 0.313725 1
v 0.0144336189 -0.0385794416 0.516237747 0.313725 0.313725 1
v 0.0125946787 -0.0385492537 0.516450389 0.313725 0.313725 1
v 0.0107516192 -0.0385189041 0.516624397 0.705882 0.470588 0.156863
v 0.00890528082 -0.0384895658 0.516759152 0.705882 0.470588 0.156863
v 0.00705657704 -0.0384616614 0.516856645 0.705882 0.470588 0.156863
v 0.00520629039 -0.0384357664 0.516918164 0.705882 0.470588 0.156863
v 0.00335513065 -0.0384111919 0.516942835 0.705882 0.470588 0.156863
v 0.00150375123 -0.0383915027 0.516934773 0.705882 0.470588 0.156863
v -0.00034707014 -0.0383715006 0.516888964 0.705882 0.470588 0.156863
v -0.0021960448 -0.0383472235 0.516797116 0.705882 0.470588 0.156863
v -0.00404260978 -0.0383240972 0.5166643 0.470588 0.470588 0.470588
v -0.0058859253 -0.0383019074 0.516492237 0.470588 0.470588 0.470588
v -0.00772643229 -0.038292934 0.516291005 0.470588 0.470588 0.470588
v -0.00956036733 -0.0382802925 0.51603699 0.470588 0.470588 0.470588
v -0.0113886859 -0.0382718937 0.515745287 0.470588 0.470588 0.470588
v -0.0132080793 -0.0382561958 0.515402608 0.470588 0.470588 0.470588
v -0.0150196843 -0.038252165 0.515020976 1 0 0
v -0.0168207157 -0.0382477696 0.514591926 1 0 0
v -0.0186123138 -0.0382489103 0.514125178 1 0 0
v -0.0203898008 -0.0382502618 0.51360718 1 0 0
v -0.0221512331 -0.0382548323 0.513037012 1 0 0
v -0.0238918958 -0.0382513052 0.512406161 1 0 0
v -0.0256163347 -0.0382534954 0.511732349 0 1 0
v -0.0273225921 -0.038264109 0.511013926 0 1 0
v -0.02900808 -0.0382798167 0.510248136 0 1 0
v -0.0306691614 -0.0382967076 0.509430487 0 1 0
v -0.0323007988 -0.0383191493 0.508555627 0 1 0
v -0.0338989909 -0.0383445127 0.50762134 0 1 0
v -0.0354696515 -0.0383760913 0.50664171 0 1 0
v -0.0370054322 -0.0384124746 0.505608385 0 1 0
v -0.0384965067 -0.0384394847 0.50451132 0 0.501961 1
v -0.0399518555 -0.0384813608 0.503367594 0 0.501961 1
v -0.041362068 -0.0385266853 0.502168756 0 0.501961 1
v -0.0427228534 -0.038572562 0.500914084 0 0.501961 1
v -0.044042938 -0.0386333909 0.499617367 0 0.501961 1
v -0.0452928545 -0.0386897116 0.498252813 0 0.501961 1
v -0.0464918213 -0.038744738 0.496843174 1 0.784314 0
v -0.0476392157 -0.0388103529 0.495391696 1 0.784314 0
v -0.0487262409 -0.0388840822 0.493894753 1 0.784314 0
v -0.0497459911 -0.0389569402 0.49235112 1 0.784314 0
v -0.0506998157 -0.0390324979 0.490766213 1 0.784314 0
v -0.0515860069 -0.0391039283 0.489142537 1 0.784314 0
v -0.0523927593 -0.0391645378 0.487477526 0.705882 0 1
v -0.0531313058 -0.0392208872 0.485780905 0.705882 0 1
v -0.0537981034 -0.0392779554 0.484054996 0.705882 0 1
v -0.0544019015 -0.0393396936 0.482305931 0.705882 0 1
v -0.0549403865 -0.0394049924 0.480535799 0.705882 0 1
v -0.0554084314 -0.0394676414 0.478745772 0.705882 0 1
v -0.0558141344 -0.0395266676 0.476940641 0 0.862745 0.862745
v -0.056158044 -0.0395780931 0.475122269 0 0.862745 0.862745
v -0.0564691621 -0.0396265979 0.473297752 0 0.862745 0.862745
v 0.065491782 -0.0381570002 0.495310657 0.705882 0 1
v 0.064023526 -0.0381127817 0.496498108 0.705882 0 1
v 0.062550112 -0.038074006 0.497679337 0 0.862745 0.862745
v 0.0610618839 -0.038039879 0.498841891 0 0.862745 0.862745
v 0.0595496625 -0.0379938851 0.499972779 0 0.862745 0.862745
v 0.0580163635 -0.0379490657 0.501074586 0 0.862745 0.862745
v 0.0564575876 -0.0379052502 0.502140465 0 0.862745 0.862745
v 0.0548807285 -0.0378597759 0.503179287 0 0.862745 0.862745
v 0.053286095 -0.037822552 0.5041907 1 0.470588 0
v 0.05166252 -0.0377760227 0.505154682 1 0.470588 0
v 0.0500218666 -0.037733999 0.506089688 1 0.470588 0
v 0.0483557702 -0.037684469 0.506977922 1 0.470588 0
v 0.0466779263 -0.0376478285 0.507844691 1 0.470588 0
v 0.0449850256 -0.0376157584 0.508681609 1 0.470588 0
v 0.0432737255 -0.0375824484 0.509480226 0.470588 1 0
v 0.0415400308 -0.0375371718 0.510228206 0.470588 1 0
v 0.0398005735 -0.0375132189 0.51096403 0.470588 1 0
v 0.0380458472 -0.0374782764 0.511662225 0.470588 1 0
v 0.0362765352 -0.037437217 0.512321841 0.470588 1 0
v 0.0344967411 -0.0373972751 0.512953121 0.470588 1 0
v 0.0327037432 -0.0373569767 0.513545484 1 0 0.705882
v 0.0309012854 -0.0373225639 0.514109135 1 0 0.705882
v 0.0290856422 -0.0372854579 0.514628555 1 0 0.705882
v 0.027261884 -0.0372484386 0.515118501 1 0 0.705882
v 0.0254278856 -0.0372083551 0.515568554 1 0 0.705882
v 0.0235871776 -0.0371735179 0.515990667 1 0 0.705882
v 0.0217388645 -0.0371394916 0.516378485 0.313725 0.313725 1
v 0.0198822743 -0.0371031386 0.516724226 0.313725 0.313725 1
v 0.0180213907 -0.0370743709 0.517046719 0.313725 0.313725 1
v 0.0161526202 -0.0370385709 0.517319206 0.313725 0.313725 1
v 0.0142807187 -0.0370141109 0.517570196 0.313725 0.313725 1
v 0.0124031602 -0.0369820105 0.517773932 0.313725 0.313725 1
v 0.010522718 -0.0369574707 0.517950346 0.705882 0.470588 0.156863
v 0.00863889789 -0.0369310969 0.518085193 0.705882 0.470588 0.156863
v 0.00675301981 -0.0369119261 0.518189551 0.705882 0.470588 0.156863
v 0.00486515692 -0.0368855707 0.518244392 0.705882 0.470588 0.156863
v 0.00297655437 -0.0368632826 0.518263738 0.705882 0.470588 0.156863
v 0.00108781046 -0.0368480793 0.518253647 0.705882 0.470588 0.156863
v -0.000800155557 -0.0368302199 0.518202532 0.705882 0.470588 0.156863
v -0.00268626548 -0.036810054 0.518103404 0.705882 0.470588 0.156863
v -0.00456985876 -0.0367926932 0.517963771 0.470588 0.470588 0.470588
v -0.00644981501 -0.036776146 0.517782061 0.470588 0.470588 0.470588
v -0.00832538517 -0.0367653903 0.517559977 0.470588 0.470588 0.470588
v -0.010195299 -0.0367520835 0.517293537 0.470588 0.470588 0.470588
v -0.0120587804 -0.0367419701 0.516985905 0.470588 0.470588 0.470588
v -0.0139148553 -0.0367354631 0.516635983 0.470588 0.470588 0.470588
v -0.0157607053 -0.0367305763 0.516236323 1 0 0
v -0.0175969028 -0.0367281611 0.515793444 1 0 0
v -0.0194196615 -0.0367283327 0.515298447 1 0 0
v -0.0212276261 -0.0367267463 0.514751885 1 0 0
v -0.0230198763 -0.0367304579 0.514155948 1 0 0
v -0.024794001 -0.036726606 0.513507762 1 0 0
v -0.0265504841 -0.0367399897 0.512813204 0 1 0
v -0.0282838561 -0.0367478853 0.51206281 0 1 0
v -0.029995328 -0.0367584993 0.511263948 0 1 0
v -0.0316825119 -0.0367789271 0.510415363 0 1 0
v -0.0333398575 -0.0368038113 0.509510123 0 1 0
v -0.0349672423 -0.0368294923 0.508552 0 1 0
v -0.0365576122 -0.0368586327 0.507533653 0 1 0
v -0.0381164086 -0.0368980588 0.506467884 0 1 0
v -0.0396303333 -0.0369310077 0.505339021 0 0.501961 1
v -0.0411020617 -0.0369696516 0.504156005 0 0.501961 1
v -0.0425285232 -0.0370084649 0.50291886 0 0.501961 1
v -0.0439062259 -0.0370565306 0.501627911 0 0.501961 1
v -0.0452374667 -0.0371122207 0.50028947 0 0.501961 1
v -0.0465063188 -0.0371677196 0.498891572 0 0.501961 1
v -0.0477217932 -0.0372176312 0.497446602 1 0.784314 0
v -0.0488751429 -0.0372828044 0.495952312 1 0.784314 0
v -0.0499649945 -0.0373473488 0.494411194 1 0.784314 0
v -0.0509916414 -0.0374171016 0.492827677 1 0.784314 0
v -0.0519570257 -0.0374886909 0.491206211 1 0.784314 0
v -0.052852438 -0.0375580594 0.489544822 1 0.784314 0
v -0.0536641896 -0.0376164534 0.487840564 0.705882 0 1
v -0.0544058618 -0.0376711 0.486104728 0.705882 0 1
v -0.0550728604 -0.0377186061 0.484338571 0.705882 0 1
v -0.055679041 -0.0377738116 0.482550546 0.705882 0 1
v -0.0562165351 -0.0378358063 0.480741169 0.705882 0 1
v -0.0566854146 -0.0378908354 0.478912506 0.705882 0 1
v -0.057085541 -0.0379401649 0.477067247 0 0.862745 0.862745
v -0.0574249047 -0.0379886083 0.475209967 0 0.862745 0.862745
v -0.0577405361 -0.0380414151 0.473348467 0 0.862745 0.862745
v 0.0662075369 -0.0363932191 0.496021427 0.705882 0 1
v 0.0647647126 -0.0363639009 0.497221458 0.705882 0 1
v 0.0633057945 -0.0363279673 0.498401715 0 0.862745 0.862745
v 0.0618333973 -0.036299769 0.499565131 0 0.862745 0.862745
v 0.0603383532 -0.0362607952 0.500699187 0 0.862745 0.862745
v 0.0588239434 -0.0362258301 0.50180721 0 0.862745 0.862745
v 0.0572868033 -0.0361890169 0.50288345 0 0.862745 0.862745
v 0.0557274287 -0.0361496486 0.503927242 0 0.862745 0.862745
v 0.0541525527 -0.0361207168 0.50494761 1 0.470588 0
v 0.0525481202 -0.0360820025 0.505920593 1 0.470588 0
v 0.0509225016 -0.0360433537 0.50685792 1 0.470588 0
v 0.04928062 -0.036007236 0.507766264 1 0.470588 0
v 0.0476208874 -0.0359746483 0.508642009 1 0.470588 0
v 0.0459426641 -0.0359446505 0.509481643 1 0.470588 0
v 0.0442452946 -0.0359052201 0.510281535 0.470588 1 0
v 0.0425347021 -0.0358708723 0.511052987 0.470588 1 0
v 0.040809142 -0.0358469208 0.511790984 0.470588 1 0
v 0.0390699766 -0.0358150373 0.512495981 0.470588 1 0
v 0.0373262867 -0.0357955832 0.513190153 0.470588 1 0
v 0.0355635435 -0.0357599934 0.513833776 0.470588 1 0
v 0.0337906858 -0.0357281752 0.514448759 1 0 0.705882
v 0.0320011566 -0.0356884645 0.515013229 1 0 0.705882
v 0.0302020073 -0.0356535774 0.515546618 1 0 0.705882
v 0.0283960948 -0.0356240961 0.51605707 1 0 0.705882
v 0.0265800328 -0.0355885771 0.516529306 1 0 0.705882
v 0.0247568435 -0.0355578386 0.516973903 1 0 0.705882
v 0.0229233945 -0.0355255857 0.51737416 0.313725 0.313725 1
v 0.0210832324 -0.035492169 0.517742176 0.313725 0.313725 1
v 0.0192372901 -0.0354649867 0.518080545 0.313725 0.313725 1
v 0.017384326 -0.0354377764 0.518377983 0.313725 0.313725 1
v 0.0155250989 -0.0354022407 0.518632343 0.313725 0.313725 1
v 0.0136640849 -0.0353802131 0.518874818 0.313725 0.313725 1
v 0.0117980838 -0.0353599808 0.51907535 0.705882 0.470588 0.156863
v 0.00992929735 -0.0353417303 0.519248517 0.705882 0.470588 0.156863
v 0.00805642377 -0.0353208539 0.519369583 0.705882 0.470588 0.156863
v 0.00618200154 -0.0353063214 0.519461021 0.705882 0.470588 0.156863
v 0.00430579317 -0.0352795339 0.51950073 0.705882 0.470588 0.156863
v 0.00242906628 -0.0352590666 0.519512798 0.705882 0.470588 0.156863
v 0.00055227258 -0.0352488056 0.519500628 0.705882 0.470588 0.156863
v -0.00132341407 -0.0352302766 0.519436538 0.705882 0.470588 0.156863
v -0.0031974526 -0.03521755 0.519335106 0.470588 0.470588 0.470588
v -0.00506898624 -0.0352051839 0.51919409 0.470588 0.470588 0.470588
v -0.00693675862 -0.0351934164 0.519010073 0.470588 0.470588 0.470588
v -0.00879881733 -0.0351775337 0.518776067 0.470588 0.470588 0.470588
v -0.0106573578 -0.0351677199 0.518514465 0.470588 0.470588 0.470588
v -0.0125086498 -0.0351622644 0.518205878 0.470588 0.470588 0.470588
v -0.0143527709 -0.0351599191 0.517857085 1 0 0
v -0.0161851161 -0.0351536474 0.517451034 1 0 0
v -0.0180083669 -0.0351497445 0.517005614 1 0 0
v -0.0198187929 -0.0351486471 0.516510843 1 0 0
v -0.0216159238 -0.0351490645 0.515969729 1 0 0
v -0.0233999599 -0.0351548394 0.515386716 1 0 0
v -0.0251626684 -0.035153711 0.514742205 0 1 0
v -0.0269105031 -0.0351635066 0.514058728 0 1 0
v -0.0286351669 -0.0351706462 0.513318633 0 1 0
v -0.0303375097 -0.0351839349 0.512528319 0 1 0
v -0.0320175525 -0.0352008138 0.51169169 0 1 0
v -0.0336705873 -0.0352264591 0.510803435 0 1 0
v -0.0352891032 -0.0352478277 0.50985341 0 1 0
v -0.0368786062 -0.0352753818 0.508855963 0 1 0
v -0.0384329753 -0.0353089794 0.507804928 0 0.501961 1
v -0.039948462 -0.0353426593 0.506698596 0 0.501961 1
v -0.041420643 -0.0353721911 0.50553511 0 0.501961 1
v -0.0428552079 -0.0354072229 0.504325502 0 0.501961 1
v -0.0442456035 -0.0354543229 0.503065932 0 0.501961 1
v -0.0455845843 -0.0354982123 0.501751691 0 0.501961 1
v -0.0468719796 -0.0355536633 0.500387269 1 0.784314 0
v -0.0480926134 -0.0355941953 0.498962294 1 0.784314 0
v -0.0492689392 -0.0356471874 0.497500877 1 0.784314 0
v -0.0503825266 -0.035704303 0.495991349 1 0.784314 0
v -0.0514346303 -0.035763913 0.494438413 1 0.784314 0
v -0.0524301055 -0.035830886 0.492849111 1 0.784314 0
v -0.0533442063 -0.0358872418 0.491211465 0.705882 0 1
v -0.0541969866 -0.0359426489 0.489540535 0.705882 0 1
v -0.0549833508 -0.0359946151 0.487837329 0.705882 0 1
v -0.055697806 -0.0360437009 0.486102819 0.705882 0 1
v -0.0563412672 -0.036088009 0.484340669 0.705882 0 1
v -0.0569167219 -0.0361342487 0.482554799 0.705882 0 1
v -0.057447489 -0.0361958861 0.480755841 0.705882 0 1
v -0.0578862059 -0.0362388408 0.478931754 0.705882 0 1
v -0.0582555749 -0.0362740793 0.477091925 0 0.862745 0.862745
v -0.0585857777 -0.0363168874 0.475244979 0 0.862745 0.862745
v -0.0588962395 -0.0363709379 0.473394802 0 0.862745 0.862745
v 0.0668470887 -0.0345760632 0.496665961 0.705882 0 1
v 0.0654319746 -0.0345610752 0.497877813 0.705882 0 1
v 0.0639922416 -0.0345322639 0.499060062 0.705882 0 1
v 0.0625424024 -0.0345115544 0.500229949 0.705882 0 1
v 0.0610708351 -0.0344850203 0.501372426 0 0.862745 0.862745
v 0.0595767622 -0.0344558045 0.502485126 0 0.862745 0.862745
v 0.0580600272 -0.0344244783 0.503566537 0 0.862745 0.862745
v 0.0565216669 -0.0343931233 0.504617199 0 0.862745 0.862745
v 0.054965967 -0.0343698825 0.505642132 0 0.862745 0.862745
v 0.0533792352 -0.0343341627 0.506617984 0 0.862745 0.862745
v 0.0517699965 -0.0342971964 0.507556289 1 0.470588 0
v 0.0501522553 -0.0342727959 0.508480176 1 0.470588 0
v 0.0485141516 -0.034244863 0.50936747 1 0.470588 0
v 0.0468531213 -0.0342151334 0.510210838 1 0.470588 0
v 0.0451745711 -0.0341847264 0.511018743 1 0.470588 0
v 0.0434855129 -0.0341578306 0.511804768 1 0.470588 0
v 0.0417791747 -0.0341303018 0.51255238 0.470588 1 0
v 0.0400568543 -0.0341040887 0.513262477 0.470588 1 0
v 0.038329725 -0.0340855137 0.513961156 0.470588 1 0
v 0.0365905298 -0.0340626686 0.514628669 0.470588 1 0
v 0.0348377483 -0.0340364819 0.515259948 0.470588 1 0
v 0.0330712248 -0.0340077408 0.515851505 0.470588 1 0
v 0.0312883742 -0.033968552 0.516391318 1 0 0.705882
v 0.0294992217 -0.0339391852 0.516910415 1 0 0.705882
v 0.0277038456 -0.0339135855 0.517407681 1 0 0.705882
v 0.025897044 -0.0338803931 0.517861299 1 0 0.705882
v 0.0240822111 -0.0338562012 0.518282338 1 0 0.705882
v 0.0222606388 -0.0338274982 0.518672365 1 0 0.705882
v 0.0204312209 -0.0338003568 0.519024334 0.313725 0.313725 1
v 0.0185969775 -0.0337765008 0.519350542 0.313725 0.313725 1
v 0.0167559709 -0.0337519912 0.519635995 0.313725 0.313725 1
v 0.0149104415 -0.0337276673 0.519890575 0.313725 0.313725 1
v 0.0130611403 -0.0337073679 0.520116467 0.313725 0.313725 1
v 0.0112078644 -0.0336917253 0.520307474 0.313725 0.313725 1
v 0.00935128917 -0.0336746072 0.520462452 0.705882 0.470588 0.156863
v 0.00749170521 -0.0336560949 0.520576671 0.705882 0.470588 0.156863
v 0.00563014276 -0.0336380644 0.520651406 0.705882 0.470588 0.156863
v 0.00376756199 -0.0336194245 0.52068816 0.705882 0.470588 0.156863
v 0.00190445302 -0.0336052757 0.520695375 0.705882 0.470588 0.156863
v 4.15353892e-05 -0.0335924017 0.520671257 0.705882 0.470588 0.156863
v -0.00182016519 -0.0335784592 0.520600083 0.705882 0.470588 0.156863
v -0.00368004965 -0.0335664317 0.520490665 0.705882 0.470588 0.156863
v -0.0055381264 -0.0335595846 0.520353295 0.470588 0.470588 0.470588
v -0.00739177552 -0.033551666 0.520166493 0.470588 0.470588 0.470588
v -0.00923982025 -0.0335372214 0.519930503 0.470588 0.470588 0.470588
v -0.0110840136 -0.0335285555 0.519665471 0.470588 0.470588 0.470588
v -0.0129210909 -0.0335253633 0.519354896 0.470588 0.470588 0.470588
v -0.014750506 -0.0335241723 0.519002158 0.470588 0.470588 0.470588
v -0.0165697647 -0.0335194381 0.518600287 1 0 0
v -0.0183789586 -0.0335162579 0.518155201 1 0 0
v -0.0201751812 -0.0335120804 0.51766063 1 0 0
v -0.021960562 -0.0335189218 0.517128115 1 0 0
v -0.0237316358 -0.0335275364 0.516549714 1 0 0
v -0.0254854516 -0.033533959 0.515921553 1 0 0
v -0.027219834 -0.0335388868 0.515241196 0 1 0
v -0.0289393714 -0.0335455034 0.514523921 0 1 0
v -0.0306332251 -0.0335643866 0.513748035 0 1 0
v -0.0323011879 -0.0335730364 0.512917956 0 1 0
v -0.0339459756 -0.0335953145 0.512043079 0 1 0
v -0.0355577917 -0.0336153836 0.511108757 0 1 0
v -0.0371453469 -0.0336452766 0.51013422 0 1 0
v -0.0386957596 -0.0336718974 0.509102005 0 1 0
v -0.0402043994 -0.0336916104 0.508009145 0 0.501961 1
v -0.0416780921 -0.0337186992 0.506869799 0 0.501961 1
v -0.0431158644 -0.0337501922 0.505685351 0 0.501961 1
v -0.044512776 -0.0337863741 0.504453105 0 0.501961 1
v -0.0458597807 -0.0338342203 0.503166897 0 0.501961 1
v -0.0471547159 -0.0338742508 0.501828166 0 0.501961 1
v -0.0483922732 -0.0339149981 0.500436517 1 0.784314 0
v -0.0495815247 -0.0339597312 0.499003089 1 0.784314 0
v -0.0507161599 -0.0340077089 0.497526253 1 0.784314 0
v -0.0517792249 -0.0340524381 0.495997022 1 0.784314 0
v -0.0527922719 -0.0341061349 0.494434339 1 0.784314 0
v -0.0537508707 -0.0341677807 0.492838136 1 0.784314 0
v -0.0546264845 -0.0342125884 0.491194566 0.705882 0 1
v -0.0554549308 -0.0342651464 0.489526603 0.705882 0 1
v -0.0562004166 -0.0343045646 0.487819692 0.705882 0 1
v -0.0568968812 -0.0343518846 0.486092438 0.705882 0 1
v -0.0575100539 -0.0343928819 0.484333798 0.705882 0 1
v -0.0580544173 -0.0344297823 0.482552339 0.705882 0 1
v -0.058550236 -0.0344760732 0.480757426 0.705882 0 1
v -0.0589566916 -0.0345043323 0.478939432 0.705882 0 1
v -0.0593179322 -0.0345391548 0.477111955 0 0.862745 0.862745
v -0.0596318347 -0.0345751825 0.475276052 0 0.862745 0.862745
v -0.0599209673 -0.0346174927 0.47343593 0 0.862745 0.862745
v 0.0674235703 -0.0327197879 0.497255886 0.705882 0 1
v 0.0660342573 -0.0327146083 0.498474081 0.705882 0 1
v 0.0646180706 -0.0326951674 0.499660873 0.705882 0 1
v 0.0631897095 -0.0326803535 0.500832961 0.705882 0 1
v 0.061739976 -0.0326608524 0.50197853 0 0.862745 0.862745
v 0.0602701002 -0.0326426886 0.503098039 0 0.862745 0.862745
v 0.0587740574 -0.0326187824 0.504182138 0 0.862745 0.862745
v 0.0572577336 -0.0325935551 0.505237822 0 0.862745 0.862745
v 0.0557192608 -0.032567102 0.506260891 0 0.862745 0.862745
v 0.0541539351 -0.0325371451 0.507242146 0 0.862745 0.862745
v 0.0525680496 -0.0325049992 0.508189947 1 0.470588 0
v 0.0509680466 -0.0324813693 0.509113958 1 0.470588 0
v 0.0493495136 -0.0324588863 0.510005148 1 0.470588 0
v 0.0477148473 -0.0324354235 0.510866408 1 0.470588 0
v 0.0460599973 -0.032414529 0.511688256 1 0.470588 0
v 0.044389729 -0.0323908205 0.512478113 1 0.470588 0
v 0.042703566 -0.0323701068 0.513233679 0.470588 1 0
v 0.0410049437 -0.0323485286 0.513960666 0.470588 1 0
v 0.039295246 -0.0323285758 0.514661249 0.470588 1 0
v 0.0375784349 -0.0323117602 0.515344334 0.470588 1 0
v 0.0358498818 -0.0322891785 0.515997085 0.470588 1 0
v 0.0341017021 -0.0322633289 0.516594905 0.470588 1 0
v 0.0323431132 -0.0322382043 0.517161445 1 0 0.705882
v 0.0305734859 -0.0322093174 0.517692445 1 0 0.705882
v 0.0287955038 -0.0321829687 0.518194999 1 0 0.705882
v 0.0270102445 -0.0321569813 0.518670665 1 0 0.705882
v 0.0252151141 -0.0321351767 0.519107701 1 0 0.705882
v 0.0234133292 -0.0321080731 0.519516749 1 0 0.705882
v 0.0216042248 -0.0320878123 0.51989233 0.313725 0.313725 1
v 0.0197877046 -0.032064443 0.520230016 0.313725 0.313725 1
v 0.0179663708 -0.0320435554 0.520540873 0.313725 0.313725 1
v 0.0161394977 -0.0320241155 0.520817061 0.313725 0.313725 1
v 0.0143090203 -0.0320076938 0.521069053 0.313725 0.313725 1
v 0.0124726632 -0.031987236 0.521273286 0.313725 0.313725 1
v 0.0106338915 -0.0319764053 0.521455372 0.705882 0.470588 0.156863
v 0.00879181812 -0.0319591041 0.521598875 0.705882 0.470588 0.156863
v 0.00694705903 -0.0319427718 0.521703275 0.705882 0.470588 0.156863
v 0.00510069052 -0.0319302914 0.521775178 0.705882 0.470588 0.156863
v 0.00325343471 -0.0319179036 0.521812724 0.705882 0.470588 0.156863
v 0.00140567671 -0.0319064825 0.52181105 0.705882 0.470588 0.156863
v -0.000441666771 -0.0318955556 0.52177215 0.705882 0.470588 0.156863
v -0.00228794273 -0.0318850363 0.521700308 0.705882 0.470588 0.156863
v -0.00413227213 -0.0318727251 0.521588503 0.470588 0.470588 0.470588
v -0.00597444944 -0.0318663951 0.521444563 0.470588 0.470588 0.470588
v -0.00781219556 -0.031859189 0.521252678 0.470588 0.470588 0.470588
v -0.00964505568 -0.0318496759 0.521018506 0.470588 0.470588 0.470588
v -0.0114739068 -0.0318449742 0.520754754 0.470588 0.470588 0.470588
v -0.0132951365 -0.0318432195 0.520442641 0.470588 0.470588 0.470588
v -0.0151085486 -0.031841209 0.520088095 1 0 0
v -0.0169129838 -0.0318378222 0.519690258 1 0 0
v -0.0187083322 -0.0318378447 0.519253193 1 0 0
v -0.020491314 -0.0318369856 0.518768442 1 0 0
v -0.0222585877 -0.0318380259 0.518228991 1 0 0
v -0.0240164555 -0.0318463403 0.517659918 1 0 0
v -0.0257583493 -0.0318570464 0.517043834 0 1 0
v -0.0274781615 -0.0318606005 0.5163683 0 1 0
v -0.0291825388 -0.0318685096 0.51565465 0 1 0
v -0.0308695971 -0.0318865063 0.514901249 0 1 0
v -0.0325304246 -0.0319004266 0.514091878 0 1 0
v -0.034164699 -0.0319140288 0.513229841 0 1 0
v -0.0357698416 -0.0319306851 0.51231478 0 1 0
v -0.0373500457 -0.0319572571 0.511357416 0 1 0
v -0.0388937366 -0.0319777595 0.51034247 0 0.501961 1
v -0.0403965441 -0.0319956102 0.509267673 0 0.501961 1
v -0.0418680567 -0.03201649 0.508150437 0 0.501961 1
v -0.0433017495 -0.0320428801 0.506985234 0 0.501961 1
v -0.0447033298 -0.0320746677 0.505781589 0 0.501961 1
v -0.0460576231 -0.0321159357 0.504525578 0 0.501961 1
v -0.0473688454 -0.0321461506 0.503224101 1 0.784314 0
v -0.048619514 -0.0321907796 0.501864858 1 0.784314 0
v -0.0498080352 -0.032222176 0.500450443 1 0.784314 0
v -0.0509609592 -0.0322646718 0.499007046 1 0.784314 0
v -0.0520453409 -0.0323026517 0.497511533 1 0.784314 0
v -0.0530693826 -0.0323425063 0.495973996 1 0.784314 0
v -0.0540394042 -0.0323847164 0.494401987 0.705882 0 1
v -0.0549567053 -0.0324339242 0.492798956 0.705882 0 1
v -0.0557998608 -0.032473928 0.491155313 0.705882 0 1
v -0.0565880915 -0.0325184948 0.489485048 0.705882 0 1
v -0.0573086756 -0.03255353 0.487783953 0.705882 0 1
v -0.057979513 -0.0325936476 0.486063035 0.705882 0 1
v -0.0585615534 -0.0326280915 0.484309733 0.705882 0 1
v -0.059087465 -0.0326621178 0.482538725 0.705882 0 1
v -0.0595292859 -0.0326849179 0.480744784 0 0.862745 0.862745
v -0.0599174774 -0.0327095116 0.478938487 0 0.862745 0.862745
v -0.0602682252 -0.0327408682 0.477124593 0 0.862745 0.862745
v -0.0605621441 -0.0327695366 0.475300718 0 0.862745 0.862745
v -0.0608272768 -0.0327997202 0.473472263 0 0.862745 0.862745
v 0.067952534 -0.0308360049 0.497801441 0.705882 0 1
v 0.0665481596 -0.0308326961 0.499041697 0.705882 0 1
v 0.0651228588 -0.0308172693 0.50025775 0.705882 0 1
v 0.063682241 -0.030811183 0.501455622 0.705882 0 1
v 0.0622174305 -0.0307936038 0.502623711 0 0.862745 0.862745
v 0.0607292009 -0.0307736683 0.50376171 0 0.862745 0.862745
v 0.0592192527 -0.0307529077 0.504870782 0 0.862745 0.862745
v 0.0576881933 -0.0307354531 0.505950563 0 0.862745 0.862745
v 0.0561300812 -0.0307136783 0.506990782 0 0.862745 0.862745
v 0.0545514735 -0.0306914375 0.507999696 0 0.862745 0.862745
v 0.0529511761 -0.0306665379 0.508973694 1 0.470588 0
v 0.0513328394 -0.0306469877 0.509917602 1 0.470588 0
v 0.0496941856 -0.0306290651 0.510825839 1 0.470588 0
v 0.0480353019 -0.0306049244 0.511696481 1 0.470588 0
v 0.0463629413 -0.030594931 0.512540933 1 0.470588 0
v 0.0446706408 -0.0305737712 0.513344757 1 0.470588 0
v 0.0429678798 -0.0305580526 0.514126338 0.470588 1 0
v 0.0412478213 -0.0305427216 0.514869007 0.470588 1 0
v 0.039515972 -0.0305263451 0.515583821 0.470588 1 0
v 0.0377763809 -0.0305087457 0.516279455 0.470588 1 0
v 0.0360263355 -0.0304918252 0.516948472 0.470588 1 0
v 0.0342527955 -0.0304656736 0.517552028 0.470588 1 0
v 0.0324704513 -0.0304400755 0.518129147 0.470588 1 0
v 0.0306776977 -0.030421925 0.51867309 0.470588 1 0
v 0.0288757868 -0.0304007027 0.519186102 1 0 0.705882
v 0.0270655236 -0.0303750932 0.5196686 1 0 0.705882
v 0.0252446302 -0.0303533639 0.520109246 1 0 0.705882
v 0.0234192367 -0.0303364841 0.520531234 1 0 0.705882
v 0.0215855113 -0.0303184747 0.52091521 1 0 0.705882
v 0.019744627 -0.0302983671 0.521263181 1 0 0.705882
v 0.0178974469 -0.0302775559 0.52157614 0.313725 0.313725 1
v 0.0160454484 -0.0302637696 0.521859505 0.313725 0.313725 1
v 0.014189683 -0.0302525244 0.522117393 0.313725 0.313725 1
v 0.0123276887 -0.0302331443 0.5223242 0.313725 0.313725 1
v 0.01046212 -0.0302193584 0.522497413 0.313725 0.313725 1
v 0.00859399394 -0.0302038589 0.522639248 0.313725 0.313725 1
v 0.00672373211 -0.0301930557 0.522750776 0.705882 0.470588 0.156863
v 0.00485169874 -0.0301840333 0.522825143 0.705882 0.470588 0.156863
v 0.00297855315 -0.0301746915 0.522863934 0.705882 0.470588 0.156863
v 0.00110498088 -0.0301621909 0.522860317 0.705882 0.470588 0.156863
v -0.000768168721 -0.0301538393 0.522818676 0.705882 0.470588 0.156863
v -0.00264002978 -0.0301454612 0.522738152 0.705882 0.470588 0.156863
v -0.00450988395 -0.030135548 0.522620907 0.705882 0.470588 0.156863
v -0.00637739194 -0.0301318752 0.522470035 0.705882 0.470588 0.156863
v -0.00824012246 -0.0301220162 0.522268882 0.470588 0.470588 0.470588
v -0.0100991002 -0.0301213753 0.522035073 0.470588 0.470588 0.470588
v -0.0119524325 -0.0301163911 0.521760368 0.470588 0.470588 0.470588
v -0.0137974525 -0.0301150099 0.521434202 0.470588 0.470588 0.470588
v -0.0156345579 -0.0301118264 0.521066292 0.470588 0.470588 0.470588
v -0.0174631032 -0.0301088056 0.52065789 0.470588 0.470588 0.470588
v -0.0192828738 -0.0301081925 0.520212017 1 0 0
v -0.0210887816 -0.0301157517 0.519713252 1 0 0
v -0.0228789038 -0.0301149551 0.519160174 1 0 0
v -0.0246567754 -0.0301205211 0.518569357 1 0 0
v -0.026424254 -0.0301338219 0.517947783 1 0 0
v -0.0281646445 -0.0301328985 0.517254039 1 0 0
v -0.0298862635 -0.0301402066 0.516514806 0 1 0
v -0.0315950282 -0.0301623303 0.515746683 0 1 0
v -0.0332734824 -0.0301719557 0.514914301 0 1 0
v -0.034925095 -0.0301869054 0.514029903 0 1 0
v -0.0365418922 -0.0302002856 0.513083415 0 1 0
v -0.0381318576 -0.0302170955 0.512092386 0 1 0
v -0.0396955009 -0.0302374662 0.511060541 0 1 0
v -0.041215703 -0.030256819 0.509965697 0 1 0
v -0.0427035322 -0.0302786488 0.508827202 0 0.501961 1
v -0.0441455568 -0.0303005108 0.507631345 0 0.501961 1
v -0.045561789 -0.0303336631 0.506405106 0 0.501961 1
v -0.0469245202 -0.0303665926 0.505119796 0 0.501961 1
v -0.0482370422 -0.0303952661 0.503783341 0 0.501961 1
v -0.0494877266 -0.0304309647 0.502389167 0 0.501961 1
v -0.050693287 -0.0304642911 0.500955312 1 0.784314 0
v -0.0518496276 -0.0305007229 0.499481576 1 0.784314 0
v -0.0529429459 -0.0305333535 0.497960568 1 0.784314 0
v -0.0539695797 -0.0305686138 0.496393779 1 0.784314 0
v -0.0549320701 -0.0306003589 0.494786655 1 0.784314 0
v -0.0558426273 -0.0306370603 0.493149804 1 0.784314 0
v -0.056686678 -0.03067111 0.491477555 0.705882 0 1
v -0.057474817 -0.0307132367 0.489778775 0.705882 0 1
v -0.0581879152 -0.0307426506 0.488046734 0.705882 0 1
v -0.0588414239 -0.0307705223 0.486291213 0.705882 0 1
v -0.05942219 -0.0307993675 0.484510332 0.705882 0 1
v -0.0599406257 -0.0308265925 0.48271022 0.705882 0 1
v -0.0603814962 -0.03084545 0.480889321 0 0.862745 0.862745
v -0.0607763686 -0.0308704138 0.479058147 0 0.862745 0.862745
v -0.0611061869 -0.0308930076 0.477214021 0 0.862745 0.862745
v -0.0613874483 -0.0309141515 0.475361838 0 0.862745 0.862745
v -0.0616337878 -0.0309353915 0.473504625 0 0.862745 0.862745
v 0.068441165 -0.0289301665 0.498306244 0.470588 1 0
v 0.0670481825 -0.0289248063 0.499530188 0.470588 1 0
v 0.0656432017 -0.0289131768 0.500740297 0.470588 1 0
v 0.0642226189 -0.0289088905 0.501932085 0.470588 1 0
v 0.0627839426 -0.0288984768 0.50310195 1 0 0.705882
v 0.0613210267 -0.0288817272 0.504241227 1 0 0.705882
v 0.0598320026 -0.0288704317 0.505346221 1 0 0.705882
v 0.0583253427 -0.0288543798 0.506427044 1 0 0.705882
v 0.0567939866 -0.0288381625 0.507472525 1 0 0.705882
v 0.0552414932 -0.0288205614 0.50848637 1 0 0.705882
v 0.0536687105 -0.0288028936 0.509468417 0.313725 0.313725 1
v 0.0520732511 -0.0287845755 0.510413183 0.313725 0.313725 1
v 0.050461534 -0.0287728542 0.511330045 0.313725 0.313725 1
v 0.0488269953 -0.0287537089 0.512205314 0.313725 0.313725 1
v 0.0471769434 -0.0287397325 0.513051233 0.313725 0.313725 1
v 0.0455121809 -0.0287225499 0.513867781 0.313725 0.313725 1
v 0.0438343468 -0.0287092165 0.514657139 0.705882 0.470588 0.156863
v 0.0421412576 -0.0286980121 0.515413087 0.705882 0.470588 0.156863
v 0.0404347328 -0.0286907163 0.51613851 0.705882 0.470588 0.156863
v 0.0387195004 -0.0286795744 0.516842803 0.705882 0.470588 0.156863
v 0.0369915594 -0.0286644736 0.517515404 0.705882 0.470588 0.156863
v 0.0352476527 -0.0286482965 0.518144796 0.705882 0.470588 0.156863
v 0.0334887683 -0.0286294694 0.518731626 0.705882 0.470588 0.156863
v 0.031721753 -0.0286120447 0.519293467 0.705882 0.470588 0.156863
v 0.029946438 -0.028596235 0.519828708 0.470588 0.470588 0.470588
v 0.0281600967 -0.0285760591 0.520325492 0.470588 0.470588 0.470588
v 0.0263638464 -0.0285535841 0.520784982 0.470588 0.470588 0.470588
v 0.0245619513 -0.0285373094 0.521222366 0.470588 0.470588 0.470588
v 0.0227529853 -0.028523806 0.52162957 0.470588 0.470588 0.470588
v 0.0209356329 -0.0285075225 0.521997438 0.470588 0.470588 0.470588
v 0.0191114845 -0.0284912589 0.522329814 1 0 0
v 0.0172826515 -0.0284764277 0.522635504 1 0 0
v 0.0154484506 -0.028463024 0.522907546 1 0 0
v 0.0136103549 -0.0284555681 0.523151913 1 0 0
v 0.0117665444 -0.028437394 0.523347251 1 0 0
v 0.00991980177 -0.028428767 0.523514399 1 0 0
v 0.00807023723 -0.0284120828 0.523645632 0 1 0
v 0.00621926023 -0.0284124536 0.523756738 0 1 0
v 0.00436588549 -0.028399353 0.523814206 0 1 0
v 0.00251177984 -0.0283898874 0.523841174 0 1 0
v 0.000657557804 -0.028381372 0.523831212 0 1 0
v -0.00119617135 -0.0283734635 0.523787744 0 1 0
v -0.00304852443 -0.0283694415 0.52370264 0 1 0
v -0.00489893965 -0.0283589214 0.523584662 0 1 0
v -0.0067470082 -0.0283598166 0.523433221 0 0.501961 1
v -0.00858984343 -0.0283509681 0.523227849 0 0.501961 1
v -0.010429512 -0.0283516212 0.522995966 0 0.501961 1
v -0.0122620429 -0.0283434675 0.522712929 0 0.501961 1
v -0.0140879953 -0.0283429562 0.522390045 0 0.501961 1
v -0.0159063203 -0.0283411811 0.522026666 0 0.501961 1
v -0.0177161693 -0.0283395868 0.521623249 1 0.784314 0
v -0.0195163824 -0.0283374361 0.52117878 1 0.784314 0
v -0.0213038858 -0.0283445266 0.520685951 1 0.784314 0
v -0.023075709 -0.0283426202 0.520139128 1 0.784314 0
v -0.0248354195 -0.0283464932 0.519554972 1 0.784314 0
v -0.0265824936 -0.0283565281 0.518933642 1 0.784314 0
v -0.0283126553 -0.0283674371 0.518267071 0.705882 0 1
v -0.0300193629 -0.0283673812 0.517542334 0.705882 0 1
v -0.0317141624 -0.0283843795 0.516790163 0.705882 0 1
v -0.0333807115 -0.0283941656 0.515977453 0.705882 0 1
v -0.0350202597 -0.028407208 0.515111502 0.705882 0 1
v -0.0366246233 -0.0284167141 0.514181871 0.705882 0 1
v -0.0381986978 -0.0284270269 0.51320183 0.705882 0 1
v -0.039755894 -0.0284463723 0.512195415 0.705882 0 1
v -0.0412739095 -0.0284664003 0.511130807 0 0.862745 0.862745
v -0.0427502144 -0.0284845787 0.510009044 0 0.862745 0.862745
v -0.0441971715 -0.0285065651 0.508849993 0 0.862745 0.862745
v -0.0456056872 -0.0285309256 0.507644277 0 0.862745 0.862745
v -0.0469730564 -0.0285572115 0.506392538 0 0.862745 0.862745
v -0.0482856883 -0.0285788804 0.505083233 0 0.862745 0.862745
v -0.0495475514 -0.0286081935 0.50372495 1 0.470588 0
v -0.0507460035 -0.0286282186 0.502310181 1 0.470588 0
v -0.0519187939 -0.0286626084 0.500874341 1 0.470588 0
v -0.0530408491 -0.0286968483 0.499398685 1 0.470588 0
v -0.054085626 -0.0287249971 0.49786754 1 0.470588 0
v -0.0550640993 -0.0287513174 0.496292972 1 0.470588 0
v -0.0559957595 -0.0287823217 0.494690183 0.470588 1 0
v -0.0568684503 -0.0288144012 0.493054774 0.470588 1 0
v -0.0576832328 -0.0288475424 0.491389817 0.470588 1 0
v -0.0584289991 -0.0288738893 0.489692514 0.470588 1 0
v -0.0591127102 -0.0288950849 0.487969108 0.470588 1 0
v -0.0597372855 -0.0289186038 0.486223314 0.470588 1 0
v -0.0602899339 -0.0289397713 0.484453431 1 0 0.705882
v -0.0607637939 -0.0289532761 0.482660791 1 0 0.705882
v -0.0611810412 -0.0289682358 0.480854235 1 0 0.705882
v -0.0615527374 -0.0289837947 0.479037882 1 0 0.705882
v -0.0618608301 -0.0290034071 0.477209631 1 0 0.705882
v -0.0621187267 -0.0290191142 0.475373482 1 0 0.705882
v -0.0623452923 -0.0290328867 0.473533115 1 0 0.705882
v 0.0688906856 -0.0270045196 0.498769974 0.470588 1 0
v 0.0674783622 -0.0269969632 0.500004179 0.470588 1 0
v 0.0660618897 -0.0269871585 0.5012336 0.470588 1 0
v 0.0646269798 -0.0269848435 0.50244148 0.470588 1 0
v 0.0631795182 -0.0269790978 0.503634146 1 0 0.705882
v 0.06170515 -0.0269702837 0.504793481 1 0 0.705882
v 0.0602072219 -0.0269557867 0.50592206 1 0 0.705882
v 0.058686775 -0.0269461922 0.507020243 1 0 0.705882
v 0.0571433581 -0.0269313762 0.508085653 1 0 0.705882
v 0.0555772827 -0.0269176521 0.509117629 1 0 0.705882
v 0.0539903685 -0.0269048575 0.51011735 0.313725 0.313725 1
v 0.0523813344 -0.0268911944 0.511081012 0.313725 0.313725 1
v 0.050751822 -0.026877761 0.512009667 0.313725 0.313725 1
v 0.04910067 -0.026861054 0.5128992 0.313725 0.313725 1
v 0.0474344392 -0.0268493631 0.513760261 0.313725 0.313725 1
v 0.04575414 -0.0268323121 0.514593502 0.313725 0.313725 1
v 0.0440601074 -0.0268254501 0.515398569 0.705882 0.470588 0.156863
v 0.0423518581 -0.0268212925 0.516172774 0.705882 0.470588 0.156863
v 0.0406278217 -0.0268160123 0.51691148 0.705882 0.470588 0.156863
v 0.0388944283 -0.0268086229 0.517627612 0.705882 0.470588 0.156863
v 0.0371491927 -0.0267986364 0.518314627 0.705882 0.470588 0.156863
v 0.0353874867 -0.0267862785 0.518957521 0.705882 0.470588 0.156863
v 0.033612126 -0.0267708593 0.519562341 0.705882 0.470588 0.156863
v 0.0318247863 -0.0267555168 0.520130455 0.705882 0.470588 0.156863
v 0.0300299988 -0.0267397353 0.520674932 0.470588 0.470588 0.470588
v 0.028224178 -0.0267246046 0.52118161 0.470588 0.470588 0.470588
v 0.0264094819 -0.0267048128 0.521655289 0.470588 0.470588 0.470588
v 0.0245862215 -0.0266926544 0.522095111 0.470588 0.470588 0.470588
v 0.0227575217 -0.0266848023 0.522511808 0.470588 0.470588 0.470588
v 0.0209195773 -0.0266682798 0.522885393 0.470588 0.470588 0.470588
v 0.0190756343 -0.0266591916 0.523228577 1 0 0
v 0.0172251344 -0.0266420478 0.52353285 1 0 0
v 0.0153704057 -0.0266337785 0.523811577 1 0 0
v 0.0135110045 -0.0266267598 0.524057515 1 0 0
v 0.0116459529 -0.0266092878 0.524254921 1 0 0
v 0.0097787289 -0.026608376 0.524432194 1 0 0
v 0.00790755642 -0.0265909651 0.524559958 0 1 0
v 0.00603469196 -0.0265890149 0.524660912 0 1 0
v 0.00416009736 -0.0265803538 0.524721011 0 1 0
v 0.0022846979 -0.0265727006 0.524747968 0 1 0
v 0.000409145767 -0.0265662313 0.524739124 0 1 0
v -0.00146581457 -0.0265587303 0.52469117 0 1 0
v -0.00333960817 -0.0265572049 0.524608492 0 1 0
v -0.00521096 -0.0265455689 0.524483668 0 1 0
v -0.007079751 -0.0265485421 0.524324501 0 0.501961 1
v -0.00894397376 -0.0265431249 0.524117954 0 0.501961 1
v -0.0108040303 -0.0265421434 0.523877463 0 0.501961 1
v -0.0126567502 -0.0265371035 0.523585726 0 0.501961 1
v -0.0145022233 -0.0265324156 0.523251154 0 0.501961 1
v -0.0163419178 -0.0265349077 0.522885746 0 0.501961 1
v -0.0181719171 -0.0265339481 0.522474687 1 0.784314 0
v -0.0199894949 -0.0265335478 0.522011953 1 0.784314 0
v -0.0217947783 -0.0265352924 0.521503919 1 0.784314 0
v -0.0235856719 -0.0265346624 0.520946638 1 0.784314 0
v -0.0253626277 -0.0265377474 0.520346785 1 0.784314 0
v -0.0271269347 -0.0265462724 0.519710386 1 0.784314 0
v -0.0288767875 -0.0265587195 0.519035406 0.705882 0 1
v -0.0306021933 -0.0265558262 0.518300196 0.705882 0 1
v -0.0323115143 -0.026578993 0.517528609 0.705882 0 1
v -0.0339902041 -0.0265831738 0.51669219 0.705882 0 1
v -0.0356403596 -0.0265972232 0.515801059 0.705882 0 1
v -0.0372594887 -0.0265998357 0.51485448 0.705882 0 1
v -0.0388517314 -0.0266097736 0.513863265 0.705882 0 1
v -0.0404204653 -0.0266269462 0.512835481 0.705882 0 1
v -0.0419479574 -0.0266452181 0.511747409 0 0.862745 0.862745
v -0.0434370916 -0.0266618055 0.51060727 0 0.862745 0.862745
v -0.0448934722 -0.0266817809 0.509426091 0 0.862745 0.862745
v -0.0463111922 -0.0267027255 0.508198282 0 0.862745 0.862745
v -0.0476805844 -0.0267185033 0.506917036 0 0.862745 0.862745
v -0.0489962924 -0.0267409975 0.505580923 0 0.862745 0.862745
v -0.0502569011 -0.0267609158 0.504192309 1 0.470588 0
v -0.0514698727 -0.026780951 0.502761826 1 0.470588 0
v -0.0526372329 -0.0268060026 0.501294081 1 0.470588 0
v -0.0537541454 -0.0268358272 0.499787948 1 0.470588 0
v -0.0548021971 -0.0268610275 0.49823296 1 0.470588 0
v -0.0557879025 -0.0268834464 0.49663766 1 0.470588 0
v -0.0567203317 -0.0269059242 0.495010454 0.470588 1 0
v -0.0575796164 -0.0269257063 0.493343492 0.470588 1 0
v -0.0583856575 -0.0269516881 0.491650116 0.470588 1 0
v -0.0591297378 -0.0269798395 0.489928724 0.470588 1 0
v -0.0598165285 -0.0270026499 0.488183732 0.470588 1 0
v -0.0604421797 -0.0270251055 0.486416007 0.470588 1 0
v -0.0609864582 -0.0270411816 0.484621489 1 0 0.705882
v -0.0614512383 -0.0270487794 0.482804691 1 0 0.705882
v -0.0618605058 -0.0270592621 0.480974433 1 0 0.705882
v -0.0622202849 -0.0270711555 0.479133744 1 0 0.705882
v -0.0625171673 -0.0270820941 0.477281861 1 0 0.705882
v -0.0627616807 -0.0270899541 0.475422269 1 0 0.705882
v -0.062967035 -0.0270992763 0.473557994 1 0 0.705882
v 0.0693017354 -0.0250609829 0.499193227 0.470588 1 0
v 0.0679044146 -0.0250521707 0.500410118 0.470588 1 0
v 0.066508719 -0.0250419004 0.501628856 0.470588 1 0
v 0.0650960438 -0.0250440642 0.502827917 0.470588 1 0
v 0.0636735824 -0.025041351 0.504015232 1 0 0.705882
v 0.0622248633 -0.0250352448 0.505170447 1 0 0.705882
v 0.0607547159 -0.0250252757 0.506298222 1 0 0.705882
v 0.0592581748 -0.0250131497 0.507390636 1 0 0.705882
v 0.0577422142 -0.0250075953 0.508456043 1 0 0.705882
v 0.0562022026 -0.0249938237 0.50948633 1 0 0.705882
v 0.0546416364 -0.0249820402 0.510485212 0.313725 0.313725 1
v 0.0530608494 -0.0249688024 0.511451658 0.313725 0.313725 1
v 0.0514587547 -0.0249645249 0.512382445 0.313725 0.313725 1
v 0.0498360681 -0.0249510607 0.513276887 0.313725 0.313725 1
v 0.048195963 -0.0249361587 0.514138925 0.313725 0.313725 1
v 0.0465404261 -0.0249259212 0.51497089 0.313725 0.313725 1
v 0.0448733123 -0.0249212026 0.515779638 0.705882 0.470588 0.156863
v 0.0431967037 -0.0249207465 0.516568549 0.705882 0.470588 0.156863
v 0.0415003821 -0.0249172337 0.51731394 0.705882 0.470588 0.156863
v 0.0397955368 -0.0249129973 0.518039718 0.705882 0.470588 0.156863
v 0.0380785147 -0.0249079041 0.51873628 0.705882 0.470588 0.156863
v 0.0363510909 -0.0249007212 0.519406322 0.705882 0.470588 0.156863
v 0.034603798 -0.0248886944 0.520022922 0.705882 0.470588 0.156863
v 0.0328466621 -0.0248745791 0.520610431 0.705882 0.470588 0.156863
v 0.0310763282 -0.0248647124 0.521157438 0.470588 0.470588 0.470588
v 0.0292986463 -0.02484759 0.521679707 0.470588 0.470588 0.470588
v 0.0275121848 -0.0248311853 0.522171158 0.470588 0.470588 0.470588
v 0.025718215 -0.0248270056 0.522634709 0.470588 0.470588 0.470588
v 0.0239140971 -0.0248150504 0.523057055 0.470588 0.470588 0.470588
v 0.02210537 -0.0248049313 0.523459276 0.470588 0.470588 0.470588
v 0.020287327 -0.0247954476 0.523816812 1 0 0
v 0.0184652117 -0.0247904708 0.524152935 1 0 0
v 0.0166359968 -0.0247774832 0.524448094 1 0 0
v 0.0148019358 -0.0247721881 0.52471184 1 0 0
v 0.0129635349 -0.0247602732 0.524942792 1 0 0
v 0.0111208332 -0.0247515607 0.525136718 1 0 0
v 0.00927491695 -0.024747456 0.525297242 0 1 0
v 0.00742587495 -0.0247354503 0.52541584 0 1 0
v 0.00557514729 -0.0247300088 0.52550572 0 1 0
v 0.00372326026 -0.0247270621 0.525566374 0 1 0
v 0.00187051193 -0.024722731 0.525587058 0 1 0
v 1.77288877e-05 -0.0247136933 0.525569589 0 1 0
v -0.00183461808 -0.0247106794 0.525524142 0 1 0
v -0.00368512384 -0.0247073316 0.525430373 0 1 0
v -0.00553404094 -0.0246983868 0.52530908 0 0.501961 1
v -0.00737933546 -0.0247000194 0.525141769 0 0.501961 1
v -0.00922125477 -0.0246984881 0.524940047 0 0.501961 1
v -0.0110585175 -0.0246928336 0.524699781 0 0.501961 1
v -0.0128888554 -0.0246942003 0.524411605 0 0.501961 1
v -0.0147127469 -0.0246914164 0.524084952 0 0.501961 1
v -0.0165301932 -0.0246931626 0.523724311 1 0.784314 0
v -0.0183367132 -0.0246928414 0.523312251 1 0.784314 0
v -0.0201336784 -0.024693045 0.522860357 1 0.784314 0
v -0.0219185793 -0.0246930256 0.522364037 1 0.784314 0
v -0.0236892495 -0.0246953506 0.521818095 1 0.784314 0
v -0.0254463723 -0.0246979116 0.521230328 1 0.784314 0
v -0.027186876 -0.0247002429 0.520594886 0.705882 0 1
v -0.028916052 -0.024708149 0.519929123 0.705882 0 1
v -0.0306250663 -0.0247047413 0.519213551 0.705882 0 1
v -0.0323164254 -0.0247295291 0.518457409 0.705882 0 1
v -0.0339793746 -0.0247355327 0.517640256 0.705882 0 1
v -0.0356162603 -0.0247435374 0.516772314 0.705882 0 1
v -0.037222534 -0.0247460775 0.515848738 0.705882 0 1
v -0.038799726 -0.0247532514 0.51487634 0.705882 0 1
v -0.0403519933 -0.0247657029 0.513864859 0 0.862745 0.862745
v -0.0418720176 -0.024777314 0.51280546 0 0.862745 0.862745
v -0.0433585779 -0.0247924831 0.511699621 0 0.862745 0.862745
v -0.0448181607 -0.0248141605 0.510558492 0 0.862745 0.862745
v -0.0462182764 -0.0248224436 0.50934505 0 0.862745 0.862745
v -0.0475855915 -0.0248368374 0.508094748 0 0.862745 0.862745
v -0.0489199628 -0.0248657973 0.506809568 0 0.862745 0.862745
v -0.0501884945 -0.0248687791 0.505459258 0 0.862745 0.862745
v -0.0513972701 -0.0248826493 0.504054947 1 0.470588 0
v -0.0525651312 -0.0248971183 0.502616485 1 0.470588 0
v -0.0536857647 -0.0249184656 0.501141146 1 0.470588 0
v -0.0547494305 -0.0249412111 0.499624346 1 0.470588 0
v -0.0557560893 -0.0249635966 0.498069101 1 0.470588 0
v -0.0567031973 -0.0249829711 0.496477106 1 0.470588 0
v -0.0575839567 -0.0250026167 0.494847278 0.470588 1 0
v -0.0584032535 -0.0250198512 0.493185569 0.470588 1 0
v -0.0591780947 -0.025039136 0.491502524 0.470588 1 0
v -0.0598966229 -0.025060141 0.489794739 0.470588 1 0
v -0.060554037 -0.025082455 0.488062591 0.470588 1 0
v -0.0611460931 -0.0250980547 0.486307038 0.470588 1 0
v -0.0616567849 -0.02510795 0.484526037 1 0 0.705882
v -0.06209892 -0.0251143921 0.482726912 1 0 0.705882
v -0.0624939662 -0.0251216442 0.480916631 1 0 0.705882
v -0.0628323642 -0.0251295329 0.479094929 1 0 0.705882
v -0.0631114119 -0.025135087 0.477263313 1 0 0.705882
v -0.0633328942 -0.0251368293 0.475423724 1 0 0.705882
v -0.0635162524 -0.0251437185 0.473579972 1 0 0.705882
v 0.0696767503 -0.0231025464 0.499579667 0.470588 1 0
v 0.0682673337 -0.0230936184 0.500808909 0.470588 1 0
v 0.0668600207 -0.0230833475 0.502040542 0.470588 1 0
v 0.0654350651 -0.0230864771 0.503251768 0.470588 1 0
v 0.0640020822 -0.0230815213 0.504453426 1 0 0.705882
v 0.0625455942 -0.023078594 0.505626477 1 0 0.705882
v 0.0610665939 -0.0230747037 0.506771075 1 0 0.705882
v 0.059561173 -0.0230618444 0.507880628 1 0 0.705882
v 0.0580354084 -0.0230598746 0.508962081 1 0 0.705882
v 0.0564808087 -0.023050028 0.510001617 1 0 0.705882
v 0.0549097982 -0.0230411281 0.511016182 0.313725 0.313725 1
v 0.0533167026 -0.0230323856 0.51199557 0.313725 0.313725 1
v 0.051701653 -0.0230239689 0.512938391 0.313725 0.313725 1
v 0.050066297 -0.0230113722 0.513845537 0.313725 0.313725 1
v 0.0484145212 -0.0230000153 0.514722396 0.313725 0.313725 1
v 0.0467452444 -0.022994661 0.515565359 0.313725 0.313725 1
v 0.0450629887 -0.0229933088 0.516382423 0.705882 0.470588 0.156863
v 0.0433714309 -0.0229944106 0.517179984 0.705882 0.470588 0.156863
v 0.041666767 -0.0229950225 0.517949215 0.705882 0.470588 0.156863
v 0.0399478857 -0.0229933064 0.5186858 0.705882 0.470588 0.156863
v 0.0382169068 -0.0229904143 0.519393773 0.705882 0.470588 0.156863
v 0.0364743403 -0.0229832881 0.520072443 0.705882 0.470588 0.156863
v 0.0347150396 -0.022976598 0.520706742 0.705882 0.470588 0.156863
v 0.032941229 -0.0229617692 0.521298888 0.705882 0.470588 0.156863
v 0.0311570222 -0.0229555165 0.521859379 0.470588 0.470588 0.470588
v 0.0293634032 -0.0229422744 0.52238883 0.470588 0.470588 0.470588
v 0.0275617709 -0.0229285491 0.522890014 0.470588 0.470588 0.470588
v 0.0257516952 -0.0229255401 0.52336011 0.470588 0.470588 0.470588
v 0.0239322377 -0.0229168226 0.523792567 0.470588 0.470588 0.470588
v 0.0221059327 -0.0229094503 0.52419486 0.470588 0.470588 0.470588
v 0.0202722953 -0.0228997717 0.524562387 1 0 0
v 0.0184329275 -0.0228914783 0.524900359 1 0 0
v 0.0165871422 -0.0228876045 0.525201231 1 0 0
v 0.014736539 -0.0228815154 0.525470991 1 0 0
v 0.0128808372 -0.0228719174 0.525702483 1 0 0
v 0.0110211483 -0.0228649664 0.525899503 1 0 0
v 0.00915826667 -0.0228600055 0.526063612 0 1 0
v 0.00729203169 -0.0228516339 0.526183841 0 1 0
v 0.00542408674 -0.0228461349 0.526274377 0 1 0
v 0.00355489986 -0.0228436058 0.526333596 0 1 0
v 0.00168496542 -0.0228426351 0.52635528 0 1 0
v -0.000185085037 -0.0228349562 0.526341087 0 1 0
v -0.00205451452 -0.0228305283 0.526289718 0 1 0
v -0.00392247576 -0.022831977 0.526199111 0 1 0
v -0.00578798015 -0.0228216572 0.526067857 0 0.501961 1
v -0.00765022504 -0.0228220536 0.525896652 0 0.501961 1
v -0.00950855125 -0.0228208704 0.525687001 0 0.501961 1
v -0.011362291 -0.0228208673 0.525440016 0 0.501961 1
v -0.0132104931 -0.0228189145 0.525154349 0 0.501961 1
v -0.0150508651 -0.0228200148 0.524822192 0 0.501961 1
v -0.0168829816 -0.0228193257 0.524447129 1 0.784314 0
v -0.0187052983 -0.0228158315 0.524027045 1 0.784314 0
v -0.0205183553 -0.0228173619 0.523568419 1 0.784314 0
v -0.0223186543 -0.0228195094 0.523062435 1 0.784314 0
v -0.0241074328 -0.022825033 0.522516971 1 0.784314 0
v -0.0258784941 -0.0228269288 0.521916402 1 0.784314 0
v -0.0276279564 -0.0228243254 0.521255696 0.705882 0 1
v -0.0293728416 -0.0228294908 0.520582808 0.705882 0 1
v -0.0310955629 -0.0228227487 0.519855143 0.705882 0 1
v -0.032797073 -0.0228509177 0.519079643 0.705882 0 1
v -0.0344731439 -0.0228585507 0.518250202 0.705882 0 1
v -0.0361184213 -0.0228611366 0.51736155 0.705882 0 1
v -0.0377362448 -0.0228634716 0.51642353 0.705882 0 1
v -0.0393299965 -0.0228735233 0.515445177 0.705882 0 1
v -0.0408884936 -0.0228798905 0.514411631 0 0.862745 0.862745
v -0.0424187465 -0.0228901203 0.513336762 0 0.862745 0.862745
v -0.0439140838 -0.022902792 0.512214052 0 0.862745 0.862745
v -0.0453707211 -0.0229158853 0.511041339 0 0.862745 0.862745
v -0.0467851805 -0.0229272 0.509818333 0 0.862745 0.862745
v -0.0481620953 -0.0229434512 0.508552873 0 0.862745 0.862745
v -0.0494851077 -0.0229581525 0.507231594 0 0.862745 0.862745
v -0.0507552847 -0.022970522 0.50585945 0 0.862745 0.862745
v -0.0519700273 -0.0229807595 0.504437885 1 0.470588 0
v -0.0531405822 -0.0229917311 0.502979583 1 0.470588 0
v -0.0542619127 -0.0230039558 0.501483186 1 0.470588 0
v -0.0553269773 -0.0230176945 0.499946175 1 0.470588 0
v -0.0563333953 -0.0230373029 0.498370181 1 0.470588 0
v -0.0572838495 -0.0230508907 0.496759784 1 0.470588 0
v -0.0581662418 -0.0230662509 0.495111035 0.470588 1 0
v -0.0589829484 -0.0230752152 0.493428672 0.470588 1 0
v -0.0597340926 -0.0230937081 0.491716229 0.470588 1 0
v -0.0604403911 -0.0231124223 0.489984702 0.470588 1 0
v -0.0610836375 -0.0231293411 0.488228842 0.470588 1 0
v -0.0616669329 -0.023141417 0.486452168 0.470588 1 0
v -0.0621777376 -0.0231497594 0.484653254 1 0 0.705882
v -0.0626268843 -0.023156107 0.482838041 1 0 0.705882
v -0.063018552 -0.0231627404 0.481009479 1 0 0.705882
v -0.0633578178 -0.0231694259 0.479170547 1 0 0.705882
v -0.0636276114 -0.0231707001 0.477319997 1 0 0.705882
v -0.0638321715 -0.0231718815 0.475461262 1 0 0.705882
v -0.0640117595 -0.0231738267 0.473599725 1 0 0.705882
v 0.0700170609 -0.0211312309 0.499930907 0.470588 1 0
v 0.0685995352 -0.0211229158 0.501174456 0.470588 1 0
v 0.0671820511 -0.0211124343 0.502418033 0.470588 1 0
v 0.0657448535 -0.0211167066 0.503638825 0.470588 1 0
v 0.0642988489 -0.0211126144 0.504849134 1 0 0.705882
v 0.0628351737 -0.0211134372 0.506038051 1 0 0.705882
v 0.0613444222 -0.0211091627 0.507192587 1 0 0.705882
v 0.059832319 -0.0211028216 0.508319187 1 0 0.705882
v 0.0582973756 -0.0210979163 0.509414473 1 0 0.705882
v 0.0567354785 -0.0210904074 0.510470883 1 0 0.705882
v 0.0551566698 -0.0210795923 0.511501875 0.313725 0.313725 1
v 0.0535512335 -0.0210692408 0.512490785 0.313725 0.313725 1
v 0.0519222973 -0.0210660945 0.513440677 0.313725 0.313725 1
v 0.0502732099 -0.0210546694 0.514355138 0.313725 0.313725 1
v 0.0486091615 -0.021049588 0.515242054 0.313725 0.313725 1
v 0.0469306951 -0.0210462707 0.51610141 0.313725 0.313725 1
v 0.0452384478 -0.0210447953 0.516933331 0.705882 0.470588 0.156863
v 0.0435309291 -0.0210449855 0.517733344 0.705882 0.470588 0.156863
v 0.0418125569 -0.0210473768 0.518509922 0.705882 0.470588 0.156863
v 0.04008408 -0.0210438309 0.519263576 0.705882 0.470588 0.156863
v 0.0383413415 -0.0210402114 0.519983515 0.705882 0.470588 0.156863
v 0.0365836685 -0.0210392754 0.520666302 0.705882 0.470588 0.156863
v 0.0348118627 -0.0210352967 0.521311488 0.705882 0.470588 0.156863
v 0.0330251782 -0.0210270429 0.521914063 0.705882 0.470588 0.156863
v 0.0312274727 -0.0210211686 0.522483289 0.470588 0.470588 0.470588
v 0.0294230968 -0.0210151165 0.523031045 0.470588 0.470588 0.470588
v 0.0276083274 -0.0210055599 0.523543126 0.470588 0.470588 0.470588
v 0.0257834793 -0.0210002975 0.524018066 0.470588 0.470588 0.470588
v 0.0239501359 -0.0209942482 0.524459245 0.470588 0.470588 0.470588
v 0.0221085709 -0.0209866228 0.524864541 0.470588 0.470588 0.470588
v 0.0202603005 -0.0209790914 0.525238103 1 0 0
v 0.018405673 -0.0209740723 0.525578746 1 0 0
v 0.0165451463 -0.0209697433 0.525885537 1 0 0
v 0.0146794408 -0.020965214 0.526159341 1 0 0
v 0.0128083635 -0.0209580511 0.526393238 1 0 0
v 0.0109334164 -0.0209513597 0.526593725 1 0 0
v 0.00905505082 -0.0209473313 0.526758878 0 1 0
v 0.00717352802 -0.020938666 0.526883279 0 1 0
v 0.00529020092 -0.0209390332 0.526977996 0 1 0
v 0.00340536076 -0.0209367791 0.527034522 0 1 0
v 0.00151985799 -0.0209306467 0.527056353 0 1 0
v -0.000365707071 -0.0209275117 0.527040315 0 1 0
v -0.00225056637 -0.0209249076 0.526985824 0 1 0
v -0.00413393384 -0.0209231605 0.526892805 0 1 0
v -0.00601484102 -0.0209183952 0.526759328 0 0.501961 1
v -0.00789262731 -0.0209162742 0.526587383 0 0.501961 1
v -0.00976639864 -0.0209145713 0.526375971 0 0.501961 1
v -0.0116349116 -0.0209151138 0.526122359 0 0.501961 1
v -0.0134973923 -0.0209135391 0.525827714 0 0.501961 1
v -0.0153528421 -0.0209172484 0.525491712 0 0.501961 1
v -0.0171993117 -0.0209182085 0.525109327 1 0.784314 0
v -0.0190351957 -0.0209132254 0.524679114 1 0.784314 0
v -0.0208625274 -0.0209137384 0.524213896 1 0.784314 0
v -0.0226780496 -0.0209187951 0.523704716 1 0.784314 0
v -0.0244785083 -0.0209221402 0.523144403 1 0.784314 0
v -0.0262657933 -0.0209248846 0.522543208 1 0.784314 0
v -0.0280267105 -0.020919548 0.521868777 0.705882 0 1
v -0.0297793506 -0.0209165768 0.521173096 0.705882 0 1
v -0.0315202131 -0.0209249175 0.520448557 0.705882 0 1
v -0.0332324028 -0.0209443782 0.519658729 0.705882 0 1
v -0.0349173218 -0.0209424396 0.518812021 0.705882 0 1
v -0.0365722102 -0.0209465393 0.51790809 0.705882 0 1
v -0.0382012323 -0.0209534234 0.516958405 0.705882 0 1
v -0.039802788 -0.0209626565 0.515963108 0.705882 0 1
v -0.0413726495 -0.0209648452 0.51491854 0 0.862745 0.862745
v -0.0429072268 -0.0209733139 0.513822807 0 0.862745 0.862745
v -0.0444063167 -0.0209839157 0.512679125 0 0.862745 0.862745
v -0.0458669671 -0.0209953291 0.51148677 0 0.862745 0.862745
v -0.0472865117 -0.0210066606 0.510245888 0 0.862745 0.862745
v -0.0486621126 -0.0210183837 0.508956463 0 0.862745 0.862745
v -0.0499881929 -0.0210245817 0.507616145 0 0.862745 0.862745
v -0.0512676337 -0.0210245506 0.506231215 0 0.862745 0.862745
v -0.0524910631 -0.0210408071 0.504796603 1 0.470588 0
v -0.0536635024 -0.0210534973 0.50331993 1 0.470588 0
v -0.054783069 -0.0210687903 0.501802806 1 0.470588 0
v -0.0558440722 -0.0210814566 0.500244049 1 0.470588 0
v -0.0568426055 -0.021092407 0.498644488 1 0.470588 0
v -0.0577815051 -0.0211036987 0.497009282 1 0.470588 0
v -0.0586578844 -0.0211174908 0.495339879 0.470588 1 0
v -0.0594695409 -0.0211284312 0.49363826 0.470588 1 0
v -0.0602159825 -0.0211360195 0.491907084 0.470588 1 0
v -0.0609054409 -0.0211460816 0.490152075 0.470588 1 0
v -0.061543939 -0.0211567906 0.488377931 0.470588 1 0
v -0.0621237782 -0.0211668871 0.48658379 0.470588 1 0
v -0.0626304328 -0.0211735947 0.484767535 1 0 0.705882
v -0.0630832512 -0.0211792509 0.482937245 1 0 0.705882
v -0.0634722257 -0.0211821487 0.481092296 1 0 0.705882
v -0.0638024059 -0.0211879277 0.479235851 1 0 0.705882
v -0.0640595242 -0.0211835194 0.4773679 1 0 0.705882
v -0.0642695183 -0.0211790352 0.475494045 1 0 0.705882
v -0.0644503003 -0.0211906899 0.473617142 1 0 0.705882
v 0.0703203712 -0.01914761 0.500244468 0.470588 1 0
v 0.068931149 -0.0191430894 0.501478707 0.470588 1 0
v 0.0675360496 -0.0191379357 0.502706309 0.470588 1 0
v 0.0661239954 -0.0191364531 0.503914405 0.470588 1 0
v 0.0647031834 -0.0191341022 0.505112175 1 0 0.705882
v 0.0632611651 -0.0191297557 0.506284268 1 0 0.705882
v 0.0617970998 -0.0191290415 0.50742871 1 0 0.705882
v 0.0603112837 -0.0191280885 0.508544779 1 0 0.705882
v 0.0588039075 -0.0191214272 0.509631521 1 0 0.705882
v 0.0572753148 -0.019117263 0.510688146 1 0 0.705882
v 0.055723377 -0.0191110137 0.511710199 0.313725 0.313725 1
v 0.0541485858 -0.0191057909 0.512696704 0.313725 0.313725 1
v 0.052549384 -0.0190984555 0.513642964 0.313725 0.313725 1
v 0.0509321088 -0.0190889642 0.514558103 0.313725 0.313725 1
v 0.0492997989 -0.0190842595 0.515446216 0.313725 0.313725 1
v 0.0476567718 -0.01908363 0.516314464 0.313725 0.313725 1
v 0.0459935727 -0.0190803572 0.517143283 0.705882 0.470588 0.156863
v 0.0443173605 -0.0190815085 0.517945445 0.705882 0.470588 0.156863
v 0.0426261051 -0.0190808737 0.518715551 0.705882 0.470588 0.156863
v 0.0409284358 -0.0190834488 0.519471249 0.705882 0.470588 0.156863
v 0.0392190003 -0.0190866006 0.52020007 0.705882 0.470588 0.156863
v 0.0374929871 -0.0190851453 0.520888477 0.705882 0.470588 0.156863
v 0.0357546006 -0.0190822517 0.521545139 0.705882 0.470588 0.156863
v 0.0340052148 -0.0190768829 0.522171719 0.705882 0.470588 0.156863
v 0.0322402416 -0.0190706155 0.522752813 0.470588 0.470588 0.470588
v 0.0304670602 -0.0190671079 0.523308838 0.470588 0.470588 0.470588
v 0.0286843463 -0.0190608056 0.523833354 0.470588 0.470588 0.470588
v 0.0268936177 -0.0190563329 0.524329806 0.470588 0.470588 0.470588
v 0.0250924444 -0.0190499535 0.524786932 0.470588 0.470588 0.470588
v 0.0232833337 -0.0190463166 0.525211494 0.470588 0.470588 0.470588
v 0.0214661874 -0.019041235 0.52560014 1 0 0
v 0.019643904 -0.0190377474 0.525964122 1 0 0
v 0.017814425 -0.0190319251 0.526289947 1 0 0
v 0.0159793784 -0.01902753 0.526582711 1 0 0
v 0.0141395586 -0.0190249144 0.526843844 1 0 0
v 0.0122947756 -0.0190208955 0.527067255 1 0 0
v 0.0104464475 -0.0190169695 0.527259224 0 1 0
v 0.00859478738 -0.0190111536 0.527415678 0 1 0
v 0.00674034285 -0.019009377 0.527534933 0 1 0
v 0.00488405187 -0.0190080449 0.527621103 0 1 0
v 0.00302643866 -0.0190049045 0.527670665 0 1 0
v 0.00116825157 -0.0190010397 0.527687636 0 1 0
v -0.000689901999 -0.0189967133 0.527668043 0 1 0
v -0.00254720516 -0.018995621 0.527608698 0 1 0
v -0.0044028996 -0.0189936089 0.527511481 0 0.501961 1
v -0.00625654593 -0.0189917505 0.527381145 0 0.501961 1
v -0.00810690954 -0.0189880624 0.527210164 0 0.501961 1
v -0.00995333242 -0.0189867978 0.527000776 0 0.501961 1
v -0.0117943385 -0.0189875007 0.526748289 0 0.501961 1
v -0.0136288802 -0.0189842897 0.526452895 0 0.501961 1
v -0.015458256 -0.0189868817 0.526127162 0 0.501961 1
v -0.0172789171 -0.0189903355 0.525755235 0 0.501961 1
v -0.0190883323 -0.0189902352 0.525331865 1 0.784314 0
v -0.0208903932 -0.0189895274 0.524878467 1 0.784314 0
v -0.0226785933 -0.0189876715 0.524373478 1 0.784314 0
v -0.0244530266 -0.0189928484 0.523821723 1 0.784314 0
v -0.0262201746 -0.018996665 0.52324691 1 0.784314 0
v -0.0279619396 -0.0189924332 0.522599183 1 0.784314 0
v -0.029686427 -0.0189880975 0.521907184 0.705882 0 1
v -0.0314049841 -0.0190036014 0.521200548 0.705882 0 1
v -0.0330910751 -0.0190131739 0.520419388 0.705882 0 1
v -0.0347579379 -0.0190147287 0.519597953 0.705882 0 1
v -0.0363983222 -0.0190154767 0.518725257 0.705882 0 1
v -0.0380103223 -0.0190203757 0.517800848 0.705882 0 1
v -0.0395943324 -0.0190258954 0.516829227 0.705882 0 1
v -0.0411507462 -0.0190284889 0.51581406 0.705882 0 1
v -0.0426735457 -0.019035482 0.514749228 0 0.862745 0.862745
v -0.0441597531 -0.0190406311 0.513633952 0 0.862745 0.862745
v -0.0456088837 -0.019048599 0.512470851 0 0.862745 0.862745
v -0.0470243878 -0.0190567978 0.51126699 0 0.862745 0.862745
v -0.0484001509 -0.0190659687 0.510018159 0 0.862745 0.862745
v -0.0497323919 -0.0190766754 0.508722713 0 0.862745 0.862745
v -0.0510066798 -0.0190817246 0.507370198 0 0.862745 0.862745
v -0.0522345452 -0.0190896678 0.50597543 0 0.862745 0.862745
v -0.0534151543 -0.019100457 0.504540537 1 0.470588 0
v -0.0545424047 -0.0191062509 0.503063293 1 0.470588 0
v -0.0556128854 -0.0191121183 0.501544318 1 0.470588 0
v -0.0566239717 -0.0191184049 0.499985163 1 0.470588 0
v -0.0575794533 -0.0191238737 0.49839139 1 0.470588 0
v -0.058474752 -0.0191271798 0.49676316 1 0.470588 0
v -0.0593054915 -0.0191333795 0.495101211 0.470588 1 0
v -0.0600764438 -0.0191402404 0.493410762 0.470588 1 0
v -0.0607889822 -0.0191482731 0.491694716 0.470588 1 0
v -0.0614462735 -0.0191644123 0.489956602 0.470588 1 0
v -0.0620607147 -0.0191737619 0.488202952 0.470588 1 0
v -0.0626051398 -0.0191797553 0.486426681 0.470588 1 0
v -0.0630826436 -0.0191826721 0.484630875 1 0 0.705882
v -0.0635129209 -0.0191865595 0.482823363 1 0 0.705882
v -0.0638829085 -0.019188343 0.48100232 1 0 0.705882
v -0.0641983621 -0.019194145 0.479171 1 0 0.705882
v -0.0644462408 -0.0191937031 0.477329312 1 0 0.705882
v -0.0646490295 -0.0191923582 0.475482077 1 0 0.705882
v -0.064822097 -0.0191940741 0.473631876 1 0 0.705882
v 0.0705875958 -0.0171532786 0.500520721 0.705882 0.470588 0.156863
v 0.0691962245 -0.0171520461 0.501770637 0.705882 0.470588 0.156863
v 0.0677934069 -0.0171498365 0.5030077 0.705882 0.470588 0.156863
v 0.0663788022 -0.0171456401 0.504231276 0.705882 0.470588 0.156863
v 0.0649487307 -0.0171458488 0.505436721 0.705882 0.470588 0.156863
v 0.0634978942 -0.0171395613 0.50661703 0.705882 0.470588 0.156863
v 0.0620278319 -0.0171383808 0.507773346 0.470588 0.470588 0.470588
v 0.0605383846 -0.0171314022 0.508904597 0.470588 0.470588 0.470588
v 0.0590215353 -0.0171338344 0.509998833 0.470588 0.470588 0.470588
v 0.057485754 -0.0171252268 0.51106623 0.470588 0.470588 0.470588
v 0.0559268233 -0.0171269613 0.512099533 0.470588 0.470588 0.470588
v 0.0543439339 -0.017114584 0.51309564 0.470588 0.470588 0.470588
v 0.0527372802 -0.0171167236 0.514053046 1 0 0
v 0.051111195 -0.0171104682 0.514977178 1 0 0
v 0.0494701606 -0.017106422 0.515874396 1 0 0
v 0.0478169593 -0.0171048623 0.516749141 1 0 0
v 0.0461436583 -0.0171027369 0.517584649 1 0 0
v 0.0444566302 -0.0171038888 0.518392015 1 0 0
v 0.042755641 -0.0171001811 0.519169765 0 1 0
v 0.0410450465 -0.0171037249 0.519925988 0 1 0
v 0.0393260558 -0.0171060864 0.520662947 0 1 0
v 0.0375930354 -0.0171129264 0.52136622 0 1 0
v 0.0358447658 -0.0171108235 0.522030825 0 1 0
v 0.0340827769 -0.0171072373 0.522658137 0 1 0
v 0.0323079153 -0.0171020198 0.523247663 0 1 0
v 0.030526301 -0.0170991538 0.523816972 0 1 0
v 0.0287322366 -0.0170937634 0.524345493 0 0.501961 1
v 0.026931018 -0.0170906859 0.5248488 0 0.501961 1
v 0.0251198393 -0.017086432 0.525315375 0 0.501961 1
v 0.0232994744 -0.0170835378 0.525744626 0 0.501961 1
v 0.0214704694 -0.0170789392 0.526135183 0 0.501961 1
v 0.0196365657 -0.0170760575 0.526501749 0 0.501961 1
v 0.0177968312 -0.0170733998 0.526838359 1 0.784314 0
v 0.0159502081 -0.0170696133 0.527134876 1 0.784314 0
v 0.0140984587 -0.017067484 0.527397469 1 0.784314 0
v 0.0122414121 -0.0170634963 0.52761902 1 0.784314 0
v 0.0103817114 -0.0170618379 0.527817048 1 0.784314 0
v 0.00851834182 -0.0170586811 0.527977618 1 0.784314 0
v 0.00665200578 -0.0170563247 0.528098988 0.705882 0 1
v 0.00478366012 -0.0170546483 0.528183971 0.705882 0 1
v 0.00291404483 -0.017051487 0.528229794 0.705882 0 1
v 0.00104395124 -0.0170505201 0.528251775 0.705882 0 1
v -0.000826223454 -0.017047549 0.528232671 0.705882 0 1
v -0.00269552947 -0.0170463269 0.528172624 0.705882 0 1
v -0.00456299851 -0.0170441505 0.528070708 0 0.862745 0.862745
v -0.00642804147 -0.017042214 0.527933513 0 0.862745 0.862745
v -0.00829074004 -0.0170416556 0.52776624 0 0.862745 0.862745
v -0.0101492551 -0.0170396887 0.527556798 0 0.862745 0.862745
v -0.0120016747 -0.0170392705 0.527298983 0 0.862745 0.862745
v -0.0138473626 -0.0170370165 0.526997428 0 0.862745 0.862745
v -0.0156870885 -0.0170362142 0.526662522 0 0.862745 0.862745
v -0.0175200417 -0.017038012 0.526291402 0 0.862745 0.862745
v -0.0193431065 -0.0170397184 0.525873595 1 0.470588 0
v -0.0211530835 -0.0170361506 0.525402564 1 0.470588 0
v -0.0229519567 -0.0170372355 0.524891147 1 0.470588 0
v -0.0247370954 -0.0170452689 0.524333551 1 0.470588 0
v -0.0265131625 -0.0170504212 0.523747571 1 0.470588 0
v -0.0282659556 -0.0170509235 0.523094916 1 0.470588 0
v -0.0300006623 -0.0170423663 0.522395907 0.470588 1 0
v -0.0317261325 -0.0170473127 0.521674328 0.470588 1 0
v -0.0334184126 -0.0170586113 0.520878005 0.470588 1 0
v -0.035091576 -0.0170633926 0.520042236 0.470588 1 0
v -0.0367426617 -0.0170662035 0.519163635 0.470588 1 0
v -0.0383637916 -0.0170664497 0.518231151 0.470588 1 0
v -0.0399538152 -0.0170661991 0.5172464 0.470588 1 0
v -0.0415193476 -0.0170719029 0.516223131 0.470588 1 0
v -0.0430485223 -0.0170787127 0.515146207 1 0 0.705882
v -0.0445411834 -0.0170804918 0.514019254 1 0 0.705882
v -0.0459927911 -0.0170874918 0.512839897 1 0 0.705882
v -0.047414634 -0.0170962266 0.511624807 1 0 0.705882
v -0.0487898915 -0.0171016455 0.510357332 1 0 0.705882
v -0.0501172263 -0.0171059257 0.509039785 1 0 0.705882
v -0.0513946312 -0.0171062605 0.507673816 1 0 0.705882
v -0.0526228876 -0.0171098415 0.506263603 1 0 0.705882
v -0.0538015594 -0.0171098398 0.504811667 0.313725 0.313725 1
v -0.054925087 -0.0171201662 0.503316751 0.313725 0.313725 1
v -0.0559928304 -0.0171283862 0.501781466 0.313725 0.313725 1
v -0.0570047563 -0.017133333 0.500208754 0.313725 0.313725 1
v -0.0579621488 -0.0171382817 0.49860224 0.313725 0.313725 1
v -0.0588540174 -0.0171442292 0.496958587 0.313725 0.313725 1
v -0.0596790693 -0.0171534982 0.495280236 0.705882 0.470588 0.156863
v -0.0604390083 -0.0171579522 0.493571258 0.705882 0.470588 0.156863
v -0.0611474316 -0.0171643558 0.491840274 0.705882 0.470588 0.156863
v -0.0618056527 -0.0171666953 0.490089674 0.705882 0.470588 0.156863
v -0.0624131489 -0.0171705954 0.488320864 0.705882 0.470588 0.156863
v -0.0629540547 -0.0171777103 0.48653057 0.705882 0.470588 0.156863
v -0.0634301065 -0.0171787267 0.484721867 0.470588 0.470588 0.470588
v -0.0638544865 -0.0171852416 0.482900367 0.470588 0.470588 0.470588
v -0.0642171049 -0.0171833784 0.481065604 0.470588 0.470588 0.470588
v -0.0645193969 -0.0171817459 0.479220108 0.470588 0.470588 0.470588
v -0.0647647634 -0.0171832803 0.477366043 0.470588 0.470588 0.470588
v -0.0649714277 -0.01717801 0.475507187 0.470588 0.470588 0.470588
v -0.06514064 -0.0171881705 0.473644601 0.470588 0.470588 0.470588
v 0.0708230318 -0.0151506316 0.500763957 0.705882 0.470588 0.156863
v 0.0694308059 -0.0151468107 0.502028628 0.705882 0.470588 0.156863
v 0.0680244779 -0.0151412734 0.503277582 0.705882 0.470588 0.156863
v 0.0666010583 -0.0151475246 0.504507021 0.705882 0.470588 0.156863
v 0.0651638002 -0.0151466073 0.505720229 0.705882 0.470588 0.156863
v 0.0637077382 -0.0151459632 0.506910732 0.705882 0.470588 0.156863
v 0.0622316188 -0.0151447381 0.508076354 0.470588 0.470588 0.470588
v 0.0607340239 -0.0151421728 0.509214254 0.470588 0.470588 0.470588
v 0.0592133779 -0.0151400365 0.51032103 0.470588 0.470588 0.470588
v 0.0576710769 -0.0151366308 0.511397509 0.470588 0.470588 0.470588
v 0.0561081344 -0.0151325545 0.512443836 0.470588 0.470588 0.470588
v 0.0545152543 -0.0151287532 0.513443945 0.470588 0.470588 0.470588
v 0.0529050055 -0.0151237632 0.514415714 1 0 0
v 0.0512740761 -0.0151200177 0.515352524 1 0 0
v 0.0496244686 -0.0151169025 0.516255954 1 0 0
v 0.0479636252 -0.0151162558 0.517138731 1 0 0
v 0.046280788 -0.0151144724 0.517978758 1 0 0
v 0.0445841646 -0.0151150029 0.518790455 1 0 0
v 0.0428745101 -0.0151043795 0.519574437 0 1 0
v 0.0411531023 -0.0151091328 0.520332193 0 1 0
v 0.0394233345 -0.0151071287 0.521070728 0 1 0
v 0.0376778835 -0.0151144426 0.521771346 0 1 0
v 0.0359215973 -0.0151154104 0.522444321 0 1 0
v 0.0341534972 -0.0151093199 0.52308559 0 1 0
v 0.0323707462 -0.0151102894 0.523684569 0 1 0
v 0.0305802505 -0.0151154615 0.524260542 0 1 0
v 0.028777122 -0.0151120621 0.524795313 0 0.501961 1
v 0.0269663756 -0.0151096786 0.525303114 0 0.501961 1
v 0.0251471211 -0.0151077024 0.525780415 0 0.501961 1
v 0.0233163178 -0.0151046528 0.526211213 0 0.501961 1
v 0.0214775989 -0.0151011901 0.526606197 0 0.501961 1
v 0.0196335084 -0.0150987422 0.526974766 0 0.501961 1
v 0.0177843651 -0.0150975371 0.527317609 1 0.784314 0
v 0.0159284914 -0.0150954785 0.527622765 1 0.784314 0
v 0.0140659659 -0.0150932068 0.527884213 1 0.784314 0
v 0.0121986836 -0.0150902232 0.528107873 1 0.784314 0
v 0.0103284614 -0.0150886246 0.528304756 1 0.784314 0
v 0.00845526482 -0.0150878302 0.528472637 1 0.784314 0
v 0.0065786766 -0.0150860391 0.528598238 0.705882 0 1
v 0.00469969157 -0.0150840704 0.528680375 0.705882 0 1
v 0.00281964391 -0.0150815919 0.528725268 0.705882 0 1
v 0.000939200293 -0.0150806998 0.528744176 0.705882 0 1
v -0.000941472176 -0.0150802733 0.528731247 0.705882 0 1
v -0.00282133927 -0.0150790575 0.528672437 0.705882 0 1
v -0.00469909871 -0.0150769487 0.52856629 0 0.862745 0.862745
v -0.00657412583 -0.0150750597 0.528423268 0 0.862745 0.862745
v -0.00844685074 -0.0150748158 0.528252669 0 0.862745 0.862745
v -0.0103160899 -0.0150747407 0.528045533 0 0.862745 0.862745
v -0.0121789725 -0.0150737618 0.527786545 0 0.862745 0.862745
v -0.014034594 -0.0150722448 0.527480805 0 0.862745 0.862745
v -0.0158832868 -0.0150712049 0.527136938 0 0.862745 0.862745
v -0.0177257993 -0.0150711048 0.526760757 0 0.862745 0.862745
v -0.0195595584 -0.0150713337 0.526342806 1 0.470588 0
v -0.0213800725 -0.0150730405 0.525870327 1 0.470588 0
v -0.0231875228 -0.0150772419 0.525350277 1 0.470588 0
v -0.0249823497 -0.015079642 0.524788605 1 0.470588 0
v -0.0267646356 -0.015082528 0.524188057 1 0.470588 0
v -0.0285257159 -0.0150800849 0.523527613 1 0.470588 0
v -0.0302689857 -0.0150733603 0.522821605 0.470588 1 0
v -0.0320003501 -0.0150696172 0.522086948 0.470588 1 0
v -0.03370071 -0.0150884507 0.521283434 0.470588 1 0
v -0.0353804799 -0.0150902897 0.520437455 0.470588 1 0
v -0.0370385115 -0.0150903693 0.51954953 0.470588 1 0
v -0.0386675993 -0.0150918231 0.518609831 0.470588 1 0
v -0.0402671321 -0.0150974845 0.517620597 0.470588 1 0
v -0.0418332553 -0.0151017016 0.516579489 0.470588 1 0
v -0.043364801 -0.0151044319 0.515488104 1 0 0.705882
v -0.0448590814 -0.0151061483 0.514346286 1 0 0.705882
v -0.0463162649 -0.0151058965 0.513157298 1 0 0.705882
v -0.0477395039 -0.015104945 0.511928014 1 0 0.705882
v -0.0491171014 -0.0151028321 0.510647722 1 0 0.705882
v -0.0504444379 -0.0151155334 0.509315411 1 0 0.705882
v -0.0517279647 -0.0151154201 0.507940981 1 0 0.705882
v -0.0529580292 -0.0151264468 0.506518666 1 0 0.705882
v -0.0541350817 -0.0151353074 0.505051764 0.313725 0.313725 1
v -0.055256185 -0.0151388652 0.503541572 0.313725 0.313725 1
v -0.0563272272 -0.0151418163 0.501995442 0.313725 0.313725 1
v -0.0573347973 -0.0151441835 0.500407208 0.313725 0.313725 1
v -0.0582867682 -0.0151458348 0.498785075 0.313725 0.313725 1
v -0.0591756448 -0.0151469113 0.497127669 0.313725 0.313725 1
v -0.0599906462 -0.0151500726 0.495432718 0.705882 0.470588 0.156863
v -0.0607457135 -0.0151505611 0.493710233 0.705882 0.470588 0.156863
v -0.0614521701 -0.0151575304 0.491967247 0.705882 0.470588 0.156863
v -0.0621081367 -0.0151637425 0.490204739 0.705882 0.470588 0.156863
v -0.0627078233 -0.0151668188 0.488422249 0.705882 0.470588 0.156863
v -0.0632444998 -0.0151719595 0.486619751 0.705882 0.470588 0.156863
v -0.0637201945 -0.0151749687 0.484800129 0.470588 0.470588 0.470588
v -0.0641406078 -0.0151754019 0.482966885 0.470588 0.470588 0.470588
v -0.0644962331 -0.015177523 0.481119999 0.470588 0.470588 0.470588
v -0.0647960623 -0.015176039 0.479263221 0.470588 0.470588 0.470588
v -0.0650386483 -0.0151747554 0.477398071 0.470588 0.470588 0.470588
v -0.0652411802 -0.0151720664 0.475528184 0.470588 0.470588 0.470588
v -0.065420167 -0.0151764351 0.473655863 0.470588 0.470588 0.470588
v 0.0710303637 -0.0131415258 0.500978002 0.705882 0.470588 0.156863
v 0.0696634727 -0.0131424117 0.502224217 0.705882 0.470588 0.156863
v 0.0682830856 -0.0131403332 0.50345547 0.705882 0.470588 0.156863
v 0.0668867228 -0.0131386557 0.504668545 0.705882 0.470588 0.156863
v 0.065475771 -0.0131349983 0.505864621 0.705882 0.470588 0.156863
v 0.0640491312 -0.0131339642 0.507041964 0.705882 0.470588 0.156863
v 0.0626013782 -0.0131245291 0.508193199 0.470588 0.470588 0.470588
v 0.0611310723 -0.0131341111 0.509315453 0.470588 0.470588 0.470588
v 0.0596433429 -0.0131314426 0.510414525 0.470588 0.470588 0.470588
v 0.0581347513 -0.0131257253 0.511484776 0.470588 0.470588 0.470588
v 0.0566014281 -0.0131313245 0.512519292 0.470588 0.470588 0.470588
v 0.0550482767 -0.0131237852 0.513523654 0.470588 0.470588 0.470588
v 0.0534728128 -0.0131257247 0.514492662 1 0 0
v 0.0518761379 -0.0131205875 0.515426464 1 0 0
v 0.0502601269 -0.0131174393 0.516326143 1 0 0
v 0.0486301784 -0.0131182615 0.517200631 1 0 0
v 0.0469829391 -0.0131173056 0.518041971 1 0 0
v 0.0453204154 -0.013116415 0.518852736 1 0 0
v 0.0436404706 -0.0131096313 0.519626733 0 1 0
v 0.0419519964 -0.0131036267 0.520381724 0 1 0
v 0.0402516148 -0.0131085222 0.521109766 0 1 0
v 0.0385405035 -0.0131050624 0.521812204 0 1 0
v 0.0368197322 -0.0131137882 0.522490556 0 1 0
v 0.0350873444 -0.01312099 0.523138643 0 1 0
v 0.0333431744 -0.0131169909 0.523754157 0 1 0
v 0.031587779 -0.0131202569 0.524337124 0 1 0
v 0.0298223323 -0.013118545 0.524888799 0 0.501961 1
v 0.0280482221 -0.0131178514 0.525412239 0 0.501961 1
v 0.0262611324 -0.0131147769 0.525889053 0 0.501961 1
v 0.0244675972 -0.0131130503 0.526340353 0 0.501961 1
v 0.0226678836 -0.0131121876 0.526766824 0 0.501961 1
v 0.0208595707 -0.0131108629 0.527155661 0 0.501961 1
v 0.0190427002 -0.0131084487 0.527502152 1 0.784314 0
v 0.0172206275 -0.0131062643 0.527818732 1 0.784314 0
v 0.0153947881 -0.0131057885 0.528113106 1 0.784314 0
v 0.0135641006 -0.0131052595 0.528377165 1 0.784314 0
v 0.0117266756 -0.0131034026 0.528589389 1 0.784314 0
v 0.00988581323 -0.0131012756 0.528767423 1 0.784314 0
v 0.00804281212 -0.0131003518 0.528920003 0.705882 0 1
v 0.00619745563 -0.0131000925 0.529043892 0.705882 0 1
v 0.00434977008 -0.013099274 0.529128749 0.705882 0 1
v 0.0025005612 -0.0130974719 0.529165521 0.705882 0 1
v 0.000651214162 -0.0130959027 0.529171382 0.705882 0 1
v -0.00119807513 -0.0130959093 0.529153776 0.705882 0 1
v -0.00304691749 -0.0130954897 0.529099724 0 0.862745 0.862745
v -0.00489362826 -0.0130944939 0.528995699 0 0.862745 0.862745
v -0.00673745381 -0.0130931393 0.528851407 0 0.862745 0.862745
v -0.00857867531 -0.0130926315 0.528678005 0 0.862745 0.862745
v -0.0104168685 -0.0130928076 0.528473332 0 0.862745 0.862745
v -0.0122492418 -0.0130920123 0.528221112 0 0.862745 0.862745
v -0.0140745633 -0.0130913902 0.527922207 0 0.862745 0.862745
v -0.0158928673 -0.0130906902 0.527584325 0 0.862745 0.862745
v -0.0177054336 -0.0130909231 0.527216523 1 0.470588 0
v -0.0195087212 -0.0130900465 0.526805032 1 0.470588 0
v -0.0213002207 -0.0130922016 0.526344829 1 0.470588 0
v -0.0230795682 -0.0130953159 0.525839821 1 0.470588 0
v -0.0248473953 -0.0130971297 0.525296088 1 0.470588 0
v -0.0266002498 -0.0130973853 0.52470555 1 0.470588 0
v -0.0283366562 -0.0130898665 0.524068303 0.470588 1 0
v -0.0300540664 -0.0130840517 0.523381505 0.470588 1 0
v -0.0317526328 -0.0130959915 0.522649344 0.470588 1 0
v -0.0334343697 -0.0131014683 0.521879397 0.470588 1 0
v -0.0350938139 -0.0130970321 0.521062422 0.470588 1 0
v -0.0367281378 -0.0130943605 0.52019633 0.470588 1 0
v -0.0383383983 -0.0131007009 0.519286419 0.470588 1 0
v -0.0399197476 -0.0130945635 0.51832719 0.470588 1 0
v -0.0414688048 -0.0130964852 0.517316647 0.470588 1 0
v -0.0429838483 -0.013106423 0.516255852 0.470588 1 0
v -0.0444655333 -0.013105758 0.515149155 1 0 0.705882
v -0.0459128877 -0.0130978282 0.513997502 1 0 0.705882
v -0.0473236794 -0.0130981556 0.512801433 1 0 0.705882
v -0.0486985132 -0.013108068 0.511564138 1 0 0.705882
v -0.0500281377 -0.0131100312 0.510278299 1 0 0.705882
v -0.0513065456 -0.0131275255 0.50894171 1 0 0.705882
v -0.0525387638 -0.0131228737 0.507562503 1 0 0.705882
v -0.0537187924 -0.0131296478 0.506138343 1 0 0.705882
v -0.0548494805 -0.0131197286 0.504674724 0.313725 0.313725 1
v -0.0559284497 -0.0131104487 0.503172531 0.313725 0.313725 1
v -0.0569533668 -0.013113272 0.501632975 0.313725 0.313725 1
v -0.0579164768 -0.0131287073 0.500054162 0.313725 0.313725 1
v -0.0588248658 -0.0131299772 0.498443103 0.313725 0.313725 1
v -0.0596782278 -0.013129558 0.496802222 0.313725 0.313725 1
v -0.0604618131 -0.013142038 0.495127053 0.705882 0.470588 0.156863
v -0.0611807585 -0.0131424384 0.493422905 0.705882 0.470588 0.156863
v -0.0618574823 -0.0131445177 0.491701571 0.705882 0.470588 0.156863
v -0.0624816878 -0.0131515614 0.489960556 0.705882 0.470588 0.156863
v -0.0630524725 -0.0131550266 0.488201299 0.705882 0.470588 0.156863
v -0.063565704 -0.0131555977 0.486424344 0.705882 0.470588 0.156863
v -0.0640204202 -0.0131539547 0.484631444 0.470588 0.470588 0.470588
v -0.0644158664 -0.0131588559 0.482824569 0.470588 0.470588 0.470588
v -0.0647581886 -0.0131532035 0.481006937 0.470588 0.470588 0.470588
v -0.0650437157 -0.0131510242 0.479179548 0.470588 0.470588 0.470588
v -0.0652831807 -0.0131501043 0.477345436 0.470588 0.470588 0.470588
v -0.0654836247 -0.0131586393 0.4755067 0.470588 0.470588 0.470588
v -0.0656632226 -0.0131599725 0.473665725 0.470588 0.470588 0.470588
v 0.0712109517 -0.0111270665 0.501164299 0.705882 0.470588 0.156863
v 0.0698370915 -0.0111263674 0.502413964 0.705882 0.470588 0.156863
v 0.0684517183 -0.011125995 0.503650842 0.705882 0.470588 0.156863
v 0.0670528241 -0.0111261024 0.504872362 0.705882 0.470588 0.156863
v 0.0656363067 -0.0111248949 0.506073418 0.705882 0.470588 0.156863
v 0.0642049636 -0.0111110939 0.507256684 0.705882 0.470588 0.156863
v 0.0627519203 -0.0111173287 0.508413207 0.470588 0.470588 0.470588
v 0.0612777334 -0.0111175165 0.509542676 0.470588 0.470588 0.470588
v 0.0597860512 -0.0111216785 0.510648983 0.470588 0.470588 0.470588
v 0.0582749509 -0.011119573 0.511728618 0.470588 0.470588 0.470588
v 0.0567406816 -0.0111168376 0.512775001 0.470588 0.470588 0.470588
v 0.0551851752 -0.0111061304 0.513789477 0.470588 0.470588 0.470588
v 0.0536071636 -0.011114072 0.514768606 1 0 0
v 0.0520081375 -0.011113415 0.515713144 1 0 0
v 0.0503870592 -0.0111102341 0.516619312 1 0 0
v 0.0487497466 -0.0111113083 0.517495728 1 0 0
v 0.0470979042 -0.0111116595 0.518344525 1 0 0
v 0.0454266118 -0.0111093239 0.519154309 1 0 0
v 0.0437398949 -0.0110999691 0.51993139 0 1 0
v 0.0420410701 -0.01109328 0.520681442 0 1 0
v 0.0403324105 -0.0111000649 0.521409052 0 1 0
v 0.0386146679 -0.0110934026 0.522115019 0 1 0
v 0.0368887294 -0.0110955314 0.522800714 0 1 0
v 0.0351492863 -0.0111090931 0.52345124 0 1 0
v 0.0333981297 -0.0111042483 0.52406972 0 1 0
v 0.0316354358 -0.0111147239 0.524654398 0 1 0
v 0.0298633142 -0.0111131911 0.525209826 0 0.501961 1
v 0.0280830312 -0.0111124713 0.525738673 0 0.501961 1
v 0.0262907818 -0.0111111739 0.526225294 0 0.501961 1
v 0.0244903229 -0.0111099593 0.526680209 0 0.501961 1
v 0.022683329 -0.0111092667 0.52710869 0 0.501961 1
v 0.0208677975 -0.0111079927 0.527499533 0 0.501961 1
v 0.0190450829 -0.0111072748 0.527855371 1 0.784314 0
v 0.017215563 -0.0111056117 0.528173756 1 0.784314 0
v 0.0153823674 -0.0111054107 0.528470197 1 0.784314 0
v 0.0135437533 -0.0111044712 0.528731606 1 0.784314 0
v 0.0116998944 -0.0111040849 0.528953149 1 0.784314 0
v 0.00985160059 -0.0111027549 0.529133795 1 0.784314 0
v 0.00800086484 -0.0111019741 0.529285554 0.705882 0 1
v 0.00614793525 -0.011101914 0.529409736 0.705882 0 1
v 0.00429270553 -0.0111006695 0.529493366 0.705882 0 1
v 0.00243609662 -0.0111005137 0.529536689 0.705882 0 1
v 0.000579076015 -0.0110993012 0.529541303 0.705882 0 1
v -0.00127779589 -0.0110993526 0.529521694 0.705882 0 1
v -0.00313396298 -0.0110985107 0.529462737 0 0.862745 0.862745
v -0.00498843666 -0.0110982795 0.529363674 0 0.862745 0.862745
v -0.0068400443 -0.0110979418 0.529220996 0 0.862745 0.862745
v -0.00868849441 -0.0110973838 0.529042987 0 0.862745 0.862745
v -0.0105337567 -0.0110973764 0.528833855 0 0.862745 0.862745
v -0.0123732537 -0.0110959384 0.528578576 0 0.862745 0.862745
v -0.0142067445 -0.0110967634 0.528283217 0 0.862745 0.862745
v -0.0160323527 -0.0110965749 0.52794273 0 0.862745 0.862745
v -0.0178513642 -0.0110966616 0.527568664 1 0.470588 0
v -0.0196607703 -0.011095757 0.527150439 1 0.470588 0
v -0.0214592471 -0.0110969658 0.526687433 1 0.470588 0
v -0.0232465674 -0.0110995497 0.526183055 1 0.470588 0
v -0.025020265 -0.0110999285 0.525632683 1 0.470588 0
v -0.0267773402 -0.011098811 0.525031441 1 0.470588 0
v -0.0285202872 -0.01109531 0.524390495 0.470588 1 0
v -0.0302450016 -0.0110980433 0.523701743 0.470588 1 0
v -0.0319482164 -0.0110983949 0.522961413 0.470588 1 0
v -0.0336352344 -0.0110931709 0.522185153 0.470588 1 0
v -0.0352959845 -0.0110815338 0.521354328 0.470588 1 0
v -0.0369363456 -0.0110962435 0.52048402 0.470588 1 0
v -0.0385510108 -0.0111002247 0.519566771 0.470588 1 0
v -0.040134387 -0.0110890642 0.518596566 0.470588 1 0
v -0.0416905217 -0.0111009925 0.517583182 0.470588 1 0
v -0.0432128688 -0.011099697 0.516519508 0.470588 1 0
v -0.0446954169 -0.011101663 0.515401179 1 0 0.705882
v -0.0461384126 -0.0111026717 0.51423211 1 0 0.705882
v -0.0475554439 -0.0111046144 0.513031659 1 0 0.705882
v -0.0489301583 -0.0111088101 0.511783012 1 0 0.705882
v -0.0502595147 -0.0111105186 0.510486242 1 0 0.705882
v -0.0515402142 -0.0111160169 0.50914148 1 0 0.705882
v -0.0527715582 -0.01111784 0.507751437 1 0 0.705882
v -0.0539548013 -0.0111080302 0.506320257 1 0 0.705882
v -0.0550848618 -0.0111048893 0.50484671 0.313725 0.313725 1
v -0.0561549841 -0.0111203265 0.503329043 0.313725 0.313725 1
v -0.0571778244 -0.0111240655 0.501779066 0.313725 0.313725 1
v -0.0581470268 -0.0111239326 0.500195022 0.313725 0.313725 1
v -0.0590522563 -0.0111209925 0.498573482 0.313725 0.313725 1
v -0.0598996684 -0.0111225615 0.496920925 0.313725 0.313725 1
v -0.060678984 -0.0111264495 0.495235154 0.705882 0.470588 0.156863
v -0.0613948834 -0.0111274595 0.493521705 0.705882 0.470588 0.156863
v -0.0620694655 -0.0111293355 0.491791486 0.705882 0.470588 0.156863
v -0.0626896489 -0.011125111 0.490041027 0.705882 0.470588 0.156863
v -0.063256018 -0.011124783 0.488272344 0.705882 0.470588 0.156863
v -0.0637652614 -0.0111316409 0.486486381 0.705882 0.470588 0.156863
v -0.0642125011 -0.0111360652 0.484683966 0.470588 0.470588 0.470588
v -0.0646087998 -0.0111332749 0.482869616 0.470588 0.470588 0.470588
v -0.0649528452 -0.0111362368 0.481044623 0.470588 0.470588 0.470588
v -0.0652382865 -0.0111381616 0.479209558 0.470588 0.470588 0.470588
v -0.0654734464 -0.0111285464 0.477367378 0.470588 0.470588 0.470588
v -0.0656790233 -0.0111254725 0.475521608 0.470588 0.470588 0.470588
v -0.0658645362 -0.011138923 0.47367384 0.470588 0.470588 0.470588
v 0.0713623834 -0.00910767437 0.501320519 0.705882 0.470588 0.156863
v 0.0699789025 -0.00910163362 0.50256877 0.705882 0.470588 0.156863
v 0.0685915988 -0.00909914316 0.503812775 0.705882 0.470588 0.156863
v 0.0671903879 -0.00910319631 0.505041062 0.705882 0.470588 0.156863
v 0.0657704426 -0.00910636308 0.506247632 0.705882 0.470588 0.156863
v 0.0643326133 -0.00910332668 0.507432853 0.705882 0.470588 0.156863
v 0.0628761024 -0.00910455123 0.508595029 0.470588 0.470588 0.470588
v 0.0613992233 -0.00909610606 0.509731127 0.470588 0.470588 0.470588
v 0.0599074144 -0.00910291181 0.510847437 0.470588 0.470588 0.470588
v 0.0583914437 -0.00909727485 0.511930815 0.470588 0.470588 0.470588
v 0.0568546977 -0.00910405207 0.512984502 0.470588 0.470588 0.470588
v 0.0552966197 -0.00910254024 0.514006339 0.470588 0.470588 0.470588
v 0.0537163152 -0.00909662164 0.514993499 1 0 0
v 0.0521137252 -0.00909685453 0.51594411 1 0 0
v 0.0504931468 -0.00909794854 0.516863721 1 0 0
v 0.048851683 -0.00909879727 0.517745371 1 0 0
v 0.0471960966 -0.00909873511 0.518600475 1 0 0
v 0.0455170667 -0.0090946429 0.519408439 1 0 0
v 0.0438236329 -0.00908292223 0.520185595 0 1 0
v 0.0421166153 -0.00907812854 0.520932368 0 1 0
v 0.0404020431 -0.00909140233 0.521661777 0 1 0
v 0.0386771647 -0.00907716914 0.522366243 0 1 0
v 0.0369427003 -0.0090776695 0.523047039 0 1 0
v 0.0351996267 -0.00909242021 0.523705472 0 1 0
v 0.0334434483 -0.00909827162 0.524328121 0 1 0
v 0.0316755253 -0.00909994996 0.524916734 0 1 0
v 0.0298980649 -0.00909808656 0.52547578 0 0.501961 1
v 0.0281119091 -0.00909828406 0.526006503 0 0.501961 1
v 0.0263162442 -0.00909888735 0.526504169 0 0.501961 1
v 0.024510122 -0.00909811747 0.526962442 0 0.501961 1
v 0.022696498 -0.00909724171 0.527389923 0 0.501961 1
v 0.0208753324 -0.0090963151 0.527784045 0 0.501961 1
v 0.0190475044 -0.00909635947 0.528146035 1 0.784314 0
v 0.0172126182 -0.00909568323 0.528470273 1 0.784314 0
v 0.0153730784 -0.00909545429 0.528766979 1 0.784314 0
v 0.0135279092 -0.00909441642 0.5290264 1 0.784314 0
v 0.0116780427 -0.00909409301 0.529249885 1 0.784314 0
v 0.00982438952 -0.00909420121 0.529439485 1 0.784314 0
v 0.00796723258 -0.00909357919 0.529590721 0.705882 0 1
v 0.0061078175 -0.00909310264 0.529711128 0.705882 0 1
v 0.00424642015 -0.00909202095 0.52979571 0.705882 0 1
v 0.00238367595 -0.00909242186 0.529842027 0.705882 0 1
v 0.000520383064 -0.00909227545 0.529851495 0.705882 0 1
v -0.00134279591 -0.00909224914 0.529829248 0.705882 0 1
v -0.00320502522 -0.0090911714 0.529765512 0 0.862745 0.862745
v -0.00506569133 -0.00909077469 0.529666237 0 0.862745 0.862745
v -0.00692385061 -0.00909140044 0.529527722 0 0.862745 0.862745
v -0.00877851157 -0.00909119029 0.529348245 0 0.862745 0.862745
v -0.0106293737 -0.00909078015 0.529133273 0 0.862745 0.862745
v -0.0124748297 -0.00908965549 0.528875931 0 0.862745 0.862745
v -0.0143143111 -0.00909007911 0.528578888 0 0.862745 0.862745
v -0.0161469116 -0.00909095412 0.528241924 0 0.862745 0.862745
v -0.0179710742 -0.00909081959 0.527861718 1 0.470588 0
v -0.0197856517 -0.0090900023 0.527438335 1 0.470588 0
v -0.021589713 -0.00909034983 0.526972256 1 0.470588 0
v -0.0233824059 -0.00909105201 0.526464178 1 0.470588 0
v -0.0251621334 -0.00909027263 0.525912295 1 0.470588 0
v -0.0269238318 -0.00909183028 0.525305351 1 0.470588 0
v -0.0286710737 -0.00909243129 0.524658245 0.470588 1 0
v -0.0304017435 -0.00909026885 0.523967882 0.470588 1 0
v -0.0321124715 -0.00907284491 0.523229701 0.470588 1 0
v -0.0337994148 -0.00908495877 0.522439272 0.470588 1 0
v -0.0354613717 -0.00907806408 0.521597174 0.470588 1 0
v -0.0371022684 -0.00907408484 0.520714419 0.470588 1 0
v -0.0387235687 -0.00908310233 0.519796376 0.470588 1 0
v -0.0403146987 -0.00908189381 0.51882707 0.470588 1 0
v -0.0418738074 -0.00909564142 0.517806864 0.470588 1 0
v -0.0433969845 -0.00909493489 0.516733572 0.470588 1 0
v -0.0448858229 -0.00909667724 0.515613273 1 0 0.705882
v -0.0463313827 -0.0090980339 0.514437816 1 0 0.705882
v -0.0477414962 -0.00909911091 0.513220036 1 0 0.705882
v -0.0491170131 -0.00910083095 0.511963256 1 0 0.705882
v -0.0504478572 -0.00909972544 0.510659237 1 0 0.705882
v -0.0517280825 -0.00910158426 0.509305531 1 0 0.705882
v -0.0529589319 -0.00910124797 0.507906777 1 0 0.705882
v -0.0541398871 -0.0090844983 0.506465758 1 0 0.705882
v -0.0552671292 -0.00909858134 0.50498235 0.313725 0.313725 1
v -0.0563389628 -0.00909729143 0.503458429 0.313725 0.313725 1
v -0.0573550965 -0.00909427791 0.501896749 0.313725 0.313725 1
v -0.0583186707 -0.00910075585 0.500302148 0.313725 0.313725 1
v -0.0592264074 -0.00910431932 0.49867521 0.313725 0.313725 1
v -0.0600705599 -0.00910291991 0.497014389 0.313725 0.313725 1
v -0.0608516809 -0.00909810224 0.495323074 0.705882 0.470588 0.156863
v -0.0615748321 -0.00908497058 0.493606118 0.705882 0.470588 0.156863
v -0.0622453733 -0.00909460598 0.491867751 0.705882 0.470588 0.156863
v -0.062859221 -0.00910935533 0.490108551 0.705882 0.470588 0.156863
v -0.0634141769 -0.00911212858 0.488329815 0.705882 0.470588 0.156863
v -0.0639144893 -0.00911156523 0.486535021 0.705882 0.470588 0.156863
v -0.0643615585 -0.00911114284 0.484726243 0.470588 0.470588 0.470588
v -0.0647558544 -0.00911236117 0.482905253 0.470588 0.470588 0.470588
v -0.0650992247 -0.00910166471 0.481074004 0.470588 0.470588 0.470588
v -0.0653888641 -0.00909945185 0.479233517 0.470588 0.470588 0.470588
v -0.0656297434 -0.00909333483 0.477385968 0.470588 0.470588 0.470588
v -0.0658360985 -0.00909002334 0.475534057 0.470588 0.470588 0.470588
v -0.0660199196 -0.0091138 0.473679992 0.470588 0.470588 0.470588
v 0.0714797153 -0.00708364311 0.50144185 0.705882 0.470588 0.156863
v 0.0700919799 -0.00707983431 0.502692775 0.705882 0.470588 0.156863
v 0.0687005572 -0.0070787141 0.503939602 0.705882 0.470588 0.156863
v 0.0672961655 -0.00708121787 0.505171755 0.705882 0.470588 0.156863
v 0.065873793 -0.007083103 0.506383111 0.705882 0.470588 0.156863
v 0.0644327324 -0.00708212767 0.507572181 0.705882 0.470588 0.156863
v 0.0629729347 -0.00707978047 0.508738157 0.470588 0.470588 0.470588
v 0.061496004 -0.00706661965 0.509882296 0.470588 0.470588 0.470588
v 0.0600035212 -0.00707935795 0.51100597 0.470588 0.470588 0.470588
v 0.0584852487 -0.0070703577 0.51209461 0.470588 0.470588 0.470588
v 0.0569470141 -0.00707384043 0.513154943 0.470588 0.470588 0.470588
v 0.0553884999 -0.0070576519 0.514185066 0.470588 0.470588 0.470588
v 0.0538053335 -0.00707443426 0.515176926 1 0 0
v 0.052200102 -0.00707614756 0.516132882 1 0 0
v 0.0505785579 -0.00707957854 0.5170607 1 0 0
v 0.0489334105 -0.00707938143 0.517946102 1 0 0
v 0.0472739633 -0.0070791256 0.518804512 1 0 0
v 0.0455900105 -0.00707357456 0.519613672 1 0 0
v 0.0438915357 -0.00705913507 0.52039165 0 1 0
v 0.0421796842 -0.00706487188 0.521139511 0 1 0
v 0.0404587296 -0.00704520304 0.521865859 0 1 0
v 0.0387255846 -0.00706178556 0.522563014 0 1 0
v 0.0369848862 -0.00706541115 0.523241643 0 1 0
v 0.0352384684 -0.00706657759 0.523905474 0 1 0
v 0.0334804852 -0.00704169107 0.524537576 0 1 0
v 0.0317070943 -0.00707520707 0.5251245 0 1 0
v 0.0299260455 -0.00706962807 0.525688735 0 0.501961 1
v 0.028134873 -0.00707706389 0.526219823 0 0.501961 1
v 0.0263352606 -0.00707914845 0.5267216 0 0.501961 1
v 0.0245255146 -0.00707898586 0.527185769 0 0.501961 1
v 0.0227070402 -0.00707831885 0.527614339 0 0.501961 1
v 0.0208814142 -0.00707769515 0.528011274 0 0.501961 1
v 0.0190489757 -0.00707783471 0.528375472 1 0.784314 0
v 0.0172104423 -0.00707801446 0.528707667 1 0.784314 0
v 0.0153653734 -0.00707752227 0.529001528 1 0.784314 0
v 0.0135154005 -0.00707686116 0.529262397 1 0.784314 0
v 0.0116607383 -0.00707662076 0.529487484 1 0.784314 0
v 0.00980231486 -0.00707686051 0.529679127 1 0.784314 0
v 0.00794060439 -0.00707698264 0.529836126 0.705882 0 1
v 0.00607593834 -0.00707632578 0.529952738 0.705882 0 1
v 0.00420959498 -0.00707562653 0.530037591 0.705882 0 1
v 0.00234191505 -0.00707584149 0.53008446 0.705882 0 1
v 0.000473674119 -0.00707624065 0.530098196 0.705882 0 1
v -0.00139447118 -0.00707606829 0.530072894 0.705882 0 1
v -0.00326163615 -0.0070753752 0.530008378 0 0.862745 0.862745
v -0.00512725064 -0.00707496553 0.529908928 0 0.862745 0.862745
v -0.00699027578 -0.0070754626 0.529769198 0 0.862745 0.862745
v -0.00885035958 -0.00707598724 0.52959401 0 0.862745 0.862745
v -0.010705624 -0.00707538358 0.529373577 0 0.862745 0.862745
v -0.012555797 -0.0070746368 0.529114269 0 0.862745 0.862745
v -0.0144000747 -0.00707473359 0.528815935 0 0.862745 0.862745
v -0.0162372311 -0.00707539672 0.528476479 0 0.862745 0.862745
v -0.0180663369 -0.00707563267 0.528095719 1 0.470588 0
v -0.0198852249 -0.00707502058 0.527668969 1 0.470588 0
v -0.0216935629 -0.00707464684 0.527199672 1 0.470588 0
v -0.0234901288 -0.00707084325 0.526687069 1 0.470588 0
v -0.0252739059 -0.0070632837 0.526131617 1 0.470588 0
v -0.0270410749 -0.00707254675 0.525525412 1 0.470588 0
v -0.0287927305 -0.00707446648 0.524875787 0.470588 1 0
v -0.0305277071 -0.00705903124 0.524183076 0.470588 1 0
v -0.0322430952 -0.00703162421 0.523443449 0.470588 1 0
v -0.0339298441 -0.00706280429 0.522641978 0.470588 1 0
v -0.0355966561 -0.00705662573 0.521798688 0.470588 1 0
v -0.0372424378 -0.00706671579 0.520914777 0.470588 1 0
v -0.0388718395 -0.00706864358 0.520000738 0.470588 1 0
v -0.0404606932 -0.00706897621 0.519017937 0.470588 1 0
v -0.0420168096 -0.00707851952 0.517984057 0.470588 1 0
v -0.0435400434 -0.00707630969 0.516902288 0.470588 1 0
v -0.0450318603 -0.00707340758 0.515777841 1 0 0.705882
v -0.0464810244 -0.00707699442 0.51459882 1 0 0.705882
v -0.047890117 -0.00707722236 0.513372189 1 0 0.705882
v -0.0492632346 -0.00708015495 0.512105629 1 0 0.705882
v -0.0505951515 -0.00708050678 0.51079571 1 0 0.705882
v -0.0518762831 -0.00707963928 0.509436075 1 0 0.705882
v -0.0531030652 -0.00707735186 0.508027229 1 0 0.705882
v -0.0542784544 -0.0070747649 0.506575191 1 0 0.705882
v -0.0554105822 -0.00706072568 0.505089417 0.313725 0.313725 1
v -0.0564858059 -0.00705180065 0.503561938 0.313725 0.313725 1
v -0.0575034052 -0.00704548066 0.501995447 0.313725 0.313725 1
v -0.0584624429 -0.007054202 0.500392189 0.313725 0.313725 1
v -0.0593663514 -0.00704713831 0.498757202 0.313725 0.313725 1
v -0.0602097793 -0.00704419937 0.49709027 0.313725 0.313725 1
v -0.0609928003 -0.00707818981 0.495394655 0.705882 0.470588 0.156863
v -0.0617203731 -0.0070829449 0.493673966 0.705882 0.470588 0.156863
v -0.062393405 -0.00708307844 0.49193113 0.705882 0.470588 0.156863
v -0.0629977605 -0.00708155848 0.490163314 0.705882 0.470588 0.156863
v -0.0635400029 -0.00706873051 0.488375581 0.705882 0.470588 0.156863
v -0.0640370957 -0.00707842423 0.486574715 0.705882 0.470588 0.156863
v -0.0644816648 -0.00707749358 0.484760115 0.470588 0.470588 0.470588
v -0.0648759481 -0.00708270002 0.48293395 0.470588 0.470588 0.470588
v -0.0652171481 -0.00708226774 0.481097156 0.470588 0.470588 0.470588
v -0.065510753 -0.00707962719 0.479252154 0.470588 0.470588 0.470588
v -0.0657543327 -0.00707761652 0.47739986 0.470588 0.470588 0.470588
v -0.0659557317 -0.00705510156 0.475542674 0.470588 0.470588 0.470588
v -0.0661370527 -0.00708605238 0.473684533 0.470588 0.470588 0.470588
v 0.0715630218 -0.00505611892 0.501528233 0 1 0
v 0.0701752913 -0.00505487429 0.502784634 0 1 0
v 0.0687802787 -0.00505445617 0.504032939 0 1 0
v 0.0673736625 -0.00504197514 0.505268043 0 1 0
v 0.0659500718 -0.00504874338 0.506483466 0 1 0
v 0.0645065274 -0.00504280892 0.507675054 0 1 0
v 0.0630452361 -0.00504646473 0.508844905 0 0.501961 1
v 0.0615672407 -0.0050496651 0.509993609 0 0.501961 1
v 0.0600688412 -0.00504922131 0.511115662 0 0.501961 1
v 0.0585507564 -0.00505280679 0.512210819 0 0.501961 1
v 0.0570111671 -0.00505063015 0.513275581 0 0.501961 1
v 0.0554518174 -0.00504633395 0.514311204 0 0.501961 1
v 0.0538706781 -0.00505440775 0.515313226 1 0.784314 0
v 0.0522644657 -0.00504774659 0.516274586 1 0.784314 0
v 0.0506429318 -0.00505391478 0.517209697 1 0.784314 0
v 0.0489944889 -0.00505469854 0.51809675 1 0.784314 0
v 0.0473303848 -0.0050542341 0.51895405 1 0.784314 0
v 0.0456443122 -0.00504872248 0.519767209 1 0.784314 0
v 0.0439423187 -0.00502896251 0.520546102 0.705882 0 1
v 0.0422270465 -0.00504293412 0.521292406 0.705882 0 1
v 0.0404996876 -0.00504219371 0.522013053 0.705882 0 1
v 0.0387614742 -0.00505264639 0.522707873 0.705882 0 1
v 0.0370177823 -0.00505442022 0.523388896 0.705882 0 1
v 0.0352655779 -0.00503910977 0.524047157 0.705882 0 1
v 0.0335034279 -0.00504227083 0.524678448 0.705882 0 1
v 0.0317300142 -0.00505215665 0.5252772 0.705882 0 1
v 0.0299455628 -0.00505296316 0.525842782 0 0.862745 0.862745
v 0.0281528646 -0.00505365513 0.52638168 0 0.862745 0.862745
v 0.0263497529 -0.00505440825 0.526884645 0 0.862745 0.862745
v 0.0245365051 -0.00505429499 0.527349773 0 0.862745 0.862745
v 0.02271532 -0.00505408803 0.527782716 0 0.862745 0.862745
v 0.0208864552 -0.00505372027 0.52818196 0 0.862745 0.862745
v 0.0190506478 -0.00505387612 0.528547944 1 0.470588 0
v 0.0172083315 -0.00505390132 0.528879601 1 0.470588 0
v 0.0153602982 -0.00505386039 0.529177916 1 0.470588 0
v 0.0135068018 -0.00505348787 0.52943998 1 0.470588 0
v 0.0116486185 -0.00505333703 0.52966638 1 0.470588 0
v 0.00978662294 -0.00505354246 0.529858951 1 0.470588 0
v 0.00792110021 -0.00505342301 0.530013708 0.470588 1 0
v 0.00605308588 -0.00505334586 0.530134839 0.470588 1 0
v 0.00418309999 -0.00505296295 0.530220001 0.470588 1 0
v 0.00231177855 -0.00505305563 0.530267373 0.470588 1 0
v 0.000439892 -0.0050532985 0.530281098 0.470588 1 0
v -0.00143189623 -0.00505322122 0.530255744 0.470588 1 0
v -0.00330273618 -0.00505295491 0.53019168 1 0 0.705882
v -0.00517200427 -0.00505266788 0.530092082 1 0 0.705882
v -0.00703863511 -0.00505295643 0.529951497 1 0 0.705882
v -0.00890188573 -0.00505299713 0.529771531 1 0 0.705882
v -0.0107612466 -0.00505305724 0.529555019 1 0 0.705882
v -0.0126149299 -0.00505267778 0.529294321 1 0 0.705882
v -0.0144627558 -0.00505263816 0.528994979 1 0 0.705882
v -0.0163032855 -0.00505301221 0.528653614 1 0 0.705882
v -0.0181348678 -0.00505289595 0.528267129 0.313725 0.313725 1
v -0.0199581065 -0.00505292612 0.527843098 0.313725 0.313725 1
v -0.0217695677 -0.00505224438 0.527371162 0.313725 0.313725 1
v -0.0235676455 -0.00504876474 0.526850547 0.313725 0.313725 1
v -0.0253545588 -0.00504299244 0.526293048 0.313725 0.313725 1
v -0.0271264107 -0.00504798523 0.525689302 0.313725 0.313725 1
v -0.0288813253 -0.00504472072 0.525037988 0.705882 0.470588 0.156863
v -0.0306196943 -0.00499916151 0.524345318 0.705882 0.470588 0.156863
v -0.0323344522 -0.0050492489 0.523597563 0.705882 0.470588 0.156863
v -0.0340244398 -0.00505253943 0.522792825 0.705882 0.470588 0.156863
v -0.0356940377 -0.00503960152 0.52194656 0.705882 0.470588 0.156863
v -0.0373457008 -0.00504656047 0.521065701 0.705882 0.470588 0.156863
v -0.0389770406 -0.0050488773 0.520147624 0.705882 0.470588 0.156863
v -0.0405641723 -0.00505154232 0.519155322 0.705882 0.470588 0.156863
v -0.0421210622 -0.00505397137 0.518116094 0.705882 0.470588 0.156863
v -0.0436443765 -0.00504755265 0.517028173 0.705882 0.470588 0.156863
v -0.0451354854 -0.00504416516 0.515896818 0.470588 0.470588 0.470588
v -0.0465838401 -0.00505121982 0.514711142 0.470588 0.470588 0.470588
v -0.0479971962 -0.00504972579 0.51348384 0.470588 0.470588 0.470588
v -0.0493707564 -0.00504592513 0.512212393 0.470588 0.470588 0.470588
v -0.0507017045 -0.0050451695 0.510896276 0.470588 0.470588 0.470588
v -0.0519838736 -0.00504939023 0.509532617 0.470588 0.470588 0.470588
v -0.0532140383 -0.00501127967 0.508122761 0.470588 0.470588 0.470588
v -0.0543888713 -0.0050381391 0.506666152 0.470588 0.470588 0.470588
v -0.0555145827 -0.00501516088 0.505170904 1 0 0
v -0.0565856654 -0.00502751456 0.503635756 1 0 0
v -0.0576049718 -0.00504500168 0.502065944 1 0 0
v -0.0585627007 -0.00505101071 0.500457666 1 0 0
v -0.0594624705 -0.00504521378 0.498816279 1 0 0
v -0.0603088512 -0.00504072637 0.497146696 1 0 0
v -0.0610934536 -0.00502605137 0.495447364 0 1 0
v -0.061827245 -0.00503453952 0.493725623 0 1 0
v -0.0624936463 -0.00505509787 0.491976568 0 1 0
v -0.0630966529 -0.00503122279 0.490204857 0 1 0
v -0.0636336961 -0.00503407888 0.488411744 0 1 0
v -0.0641262829 -0.00504217806 0.486605881 0 1 0
v -0.0645673796 -0.00504894555 0.484786681 0 0.501961 1
v -0.064966454 -0.00504895411 0.48295779 0 0.501961 1
v -0.0653112777 -0.00505650285 0.481117881 0 0.501961 1
v -0.0656032697 -0.00505433872 0.479268836 0 0.501961 1
v -0.0658385061 -0.00505613874 0.477411745 0 0.501961 1
v -0.0660392772 -0.00505432542 0.475550573 0 0.501961 1
v -0.0662252183 -0.00505681656 0.473687945 0 0.501961 1
v 0.0716158403 -0.00302645123 0.501582946 0 1 0
v 0.0702292739 -0.0030000378 0.502844147 0 1 0
v 0.0688346508 -0.00296020247 0.504096057 0 1 0
v 0.0674232241 -0.00301734874 0.505328265 0 1 0
v 0.0659972934 -0.00300910121 0.506544942 0 1 0
v 0.0645550401 -0.00302311307 0.507742152 0 1 0
v 0.0630930836 -0.0030235844 0.508915438 0 0.501961 1
v 0.0616120553 -0.0030259679 0.510064524 0 0.501961 1
v 0.0601127581 -0.00301589995 0.51118964 0 0.501961 1
v 0.0585932892 -0.00300012545 0.512287159 0 0.501961 1
v 0.057054308 -0.00300753569 0.513357116 0 0.501961 1
v 0.0554929411 -0.00299083029 0.514394112 0 0.501961 1
v 0.0539088863 -0.00302027537 0.515395848 1 0.784314 0
v 0.0523065106 -0.00302177575 0.516368547 1 0.784314 0
v 0.0506808846 -0.00302511094 0.517301758 1 0.784314 0
v 0.0490326766 -0.00302626405 0.518194723 1 0.784314 0
v 0.047365017 -0.00302593423 0.519050697 1 0.784314 0
v 0.0456776473 -0.00302282752 0.519867082 1 0.784314 0
v 0.0439721662 -0.00300107563 0.520643997 0.705882 0 1
v 0.0422514807 -0.00298617003 0.521385428 0.705882 0 1
v 0.0405211706 -0.00302242501 0.522105074 0.705882 0 1
v 0.0387815488 -0.00302454735 0.522803421 0.705882 0 1
v 0.0370356355 -0.00301707532 0.523485668 0.705882 0 1
v 0.0352814038 -0.0029843064 0.524144936 0.705882 0 1
v 0.0335171832 -0.00300593309 0.524777768 0.705882 0 1
v 0.0317422146 -0.00302480657 0.525379718 0.705882 0 1
v 0.0299573003 -0.00302365716 0.525952123 0 0.862745 0.862745
v 0.0281622505 -0.00302598814 0.526492225 0 0.862745 0.862745
v 0.0263554515 -0.0030260071 0.526991505 0 0.862745 0.862745
v 0.0245397073 -0.00302591047 0.527456864 0 0.862745 0.862745
v 0.0227175343 -0.00302605932 0.527896607 0 0.862745 0.862745
v 0.0208864047 -0.00302590484 0.52829756 0 0.862745 0.862745
v 0.0190482235 -0.00302600134 0.528664809 1 0.470588 0
v 0.017202625 -0.00302581885 0.528992546 1 0.470588 0
v 0.0153524153 -0.00302587041 0.529292831 1 0.470588 0
v 0.0134970976 -0.00302590323 0.529560199 1 0.470588 0
v 0.0116364366 -0.00302583374 0.529787562 1 0.470588 0
v 0.00977173875 -0.00302588028 0.529978955 1 0.470588 0
v 0.00790341457 -0.00302563434 0.530130056 0.470588 1 0
v 0.00603323589 -0.00302585432 0.530256441 0.470588 1 0
v 0.00416076242 -0.00302575875 0.530343422 0.470588 1 0
v 0.00228687308 -0.00302579884 0.530391141 0.470588 1 0
v 0.000412411388 -0.00302570491 0.530399737 0.470588 1 0
v -0.00146178825 -0.00302562797 0.530373188 0.470588 1 0
v -0.0033353674 -0.0030258089 0.530315219 1 0 0.705882
v -0.00520721323 -0.00302565998 0.530215457 1 0 0.705882
v -0.00707638131 -0.00302580437 0.530074134 1 0 0.705882
v -0.00894167166 -0.00302557775 0.529888882 1 0 0.705882
v -0.0108034383 -0.00302566459 0.529671879 1 0 0.705882
v -0.0126602396 -0.00302572591 0.529415019 1 0 0.705882
v -0.0145105588 -0.00302568235 0.529114877 1 0 0.705882
v -0.0163528691 -0.00302570308 0.528769037 1 0 0.705882
v -0.0181863224 -0.00302550223 0.528379413 0.313725 0.313725 1
v -0.0200124108 -0.00302570266 0.52795665 0.313725 0.313725 1
v -0.0218265862 -0.00302535548 0.527484848 0.313725 0.313725 1
v -0.0236259012 -0.00302248469 0.526959183 0.313725 0.313725 1
v -0.0254150188 -0.00301669415 0.526400399 0.313725 0.313725 1
v -0.0271887789 -0.00302186699 0.525794197 0.313725 0.313725 1
v -0.0289461953 -0.00298958241 0.525143834 0.705882 0.470588 0.156863
v -0.0306843551 -0.00292697932 0.524444994 0.705882 0.470588 0.156863
v -0.0323992863 -0.00294960408 0.523689701 0.705882 0.470588 0.156863
v -0.0340939985 -0.0030027002 0.522890528 0.705882 0.470588 0.156863
v -0.0357705489 -0.0030069024 0.522052261 0.705882 0.470588 0.156863
v -0.0374211332 -0.00302291877 0.521163983 0.705882 0.470588 0.156863
v -0.0390451969 -0.00302324633 0.520228075 0.705882 0.470588 0.156863
v -0.0406338307 -0.00302339005 0.519233413 0.705882 0.470588 0.156863
v -0.0421925934 -0.0030210301 0.518192475 0.705882 0.470588 0.156863
v -0.0437215748 -0.00301219819 0.517108143 0.705882 0.470588 0.156863
v -0.0452154171 -0.00300853168 0.515976084 0.470588 0.470588 0.470588
v -0.0466643071 -0.00297651469 0.514787571 0.470588 0.470588 0.470588
v -0.0480739936 -0.00296948324 0.513552305 0.470588 0.470588 0.470588
v -0.0494461371 -0.00296921724 0.512275811 0.470588 0.470588 0.470588
v -0.0507757336 -0.0029559834 0.510954755 0.470588 0.470588 0.470588
v -0.0520575278 -0.00302029665 0.509590071 0.470588 0.470588 0.470588
v -0.0532851548 -0.00295734767 0.508174997 0.470588 0.470588 0.470588
v -0.0544583709 -0.00298280895 0.506713619 0.470588 0.470588 0.470588
v -0.0555802 -0.00292036328 0.505216918 1 0 0
v -0.0566483888 -0.00296382161 0.503677815 1 0 0
v -0.0576683547 -0.00294504996 0.502105352 1 0 0
v -0.0586300229 -0.00295632511 0.500496641 1 0 0
v -0.0595302047 -0.0029580791 0.49885263 1 0 0
v -0.060370406 -0.00297183322 0.497177504 1 0 0
v -0.0611580345 -0.00299110783 0.495477946 0 1 0
v -0.0618832419 -0.00295461945 0.493751044 0 1 0
v -0.0625444637 -0.00298477131 0.491997563 0 1 0
v -0.0631494622 -0.00301599116 0.490223975 0 1 0
v -0.0636924399 -0.00301367451 0.488430008 0 1 0
v -0.0641844653 -0.00299789225 0.486621485 0 1 0
v -0.0646307736 -0.00300296588 0.48480089 0 0.501961 1
v -0.0650251793 -0.00301569849 0.482968445 0 0.501961 1
v -0.0653690644 -0.00298523353 0.481126413 0 0.501961 1
v -0.0656563891 -0.00299586106 0.479274983 0 0.501961 1
v -0.0658913539 -0.00298625135 0.477415654 0 0.501961 1
v -0.0660948699 -0.0029702934 0.475552728 0 0.501961 1
v -0.0662862268 -0.00302657911 0.473690276 0 0.501961 1
v 0.07163988 -0.000995641202 0.501607615 0 1 0
v 0.0702532644 -0.000982863473 0.502871377 0 1 0
v 0.0688536833 -0.000978059143 0.504120818 0 1 0
v 0.0674427169 -0.000976396292 0.505357407 0 1 0
v 0.0660176177 -0.000988309747 0.506577473 0 1 0
v 0.0645705825 -0.000987952432 0.507771577 0 1 0
v 0.0631064348 -0.000987874421 0.50894464 0 0.501961 1
v 0.0616268419 -0.000989547776 0.51009815 0 0.501961 1
v 0.0601283029 -0.000967861408 0.511226477 0 0.501961 1
v 0.0586068403 -0.000962151559 0.512323977 0 0.501961 1
v 0.0570674592 -0.000969146878 0.513396395 0 0.501961 1
v 0.0555179173 -0.000784366672 0.514428123 0 0.501961 1
v 0.053947961 -0.000986118143 0.515422106 1 0.784314 0
v 0.052346182 -0.000992981079 0.516398815 1 0.784314 0
v 0.0507191972 -0.00099497583 0.517332794 1 0.784314 0
v 0.0490673845 -0.000995483568 0.518222422 1 0.784314 0
v 0.0474001391 -0.000995539484 0.519082738 1 0.784314 0
v 0.0457130981 -0.000995267998 0.519903497 1 0.784314 0
v 0.044002484 -0.000991489807 0.520673986 0.705882 0 1
v 0.0422819038 -0.000976874883 0.521421513 0.705882 0 1
v 0.0405504152 -0.000995554452 0.522143459 0.705882 0 1
v 0.0388075745 -0.000994574145 0.522838092 0.705882 0 1
v 0.0370606736 -0.00099376881 0.523522313 0.705882 0 1
v 0.0353039948 -0.000994997467 0.524181077 0.705882 0 1
v 0.0335399882 -0.00097251389 0.524819171 0.705882 0 1
v 0.0317636493 -0.000972048021 0.525422916 0.705882 0 1
v 0.0299775886 -0.000990596989 0.525996512 0 0.862745 0.862745
v 0.0281829702 -0.000995655749 0.526543588 0 0.862745 0.862745
v 0.0263736633 -0.000995605523 0.527039741 0 0.862745 0.862745
v 0.0245566632 -0.000995574538 0.527506219 0 0.862745 0.862745
v 0.0227333514 -0.000995640061 0.527947608 0 0.862745 0.862745
v 0.020901829 -0.000995680255 0.528354201 0 0.862745 0.862745
v 0.0190614124 -0.000995640338 0.528718415 1 0.470588 0
v 0.0172142563 -0.000995562125 0.529045922 1 0.470588 0
v 0.0153626751 -0.000995585425 0.529346962 1 0.470588 0
v 0.0135064801 -0.000995663431 0.529619057 1 0.470588 0
v 0.011644515 -0.00099567917 0.529848943 1 0.470588 0
v 0.00977772302 -0.000995607033 0.530035462 1 0.470588 0
v 0.00790796807 -0.000995519572 0.530186994 0.470588 1 0
v 0.00603635835 -0.000995604029 0.530313872 0.470588 1 0
v 0.00416260028 -0.000995679988 0.530407216 0.470588 1 0
v 0.00228707388 -0.000995660582 0.530453643 0.470588 1 0
v 0.000411048946 -0.000995568278 0.530458818 0.470588 1 0
v -0.00146460373 -0.000995538429 0.530432108 0.470588 1 0
v -0.00333971052 -0.000995630168 0.530375525 1 0 0.705882
v -0.00521340206 -0.000995679785 0.530280424 1 0 0.705882
v -0.00708379939 -0.000995627318 0.530134187 1 0 0.705882
v -0.00895052978 -0.000995533289 0.529948431 1 0 0.705882
v -0.0108137085 -0.000995563518 0.529730942 1 0 0.705882
v -0.0126725254 -0.000995657334 0.529477413 1 0 0.705882
v -0.0145247453 -0.000995678684 0.529178913 1 0 0.705882
v -0.0163677156 -0.000995594351 0.528827944 1 0 0.705882
v -0.0182025566 -0.000995500455 0.528437708 0.313725 0.313725 1
v -0.0200299861 -0.000995591143 0.52801423 0.313725 0.313725 1
v -0.0218467732 -0.000995609236 0.527546119 0.313725 0.313725 1
v -0.0236459876 -0.000994338931 0.527014353 0.313725 0.313725 1
v -0.0254357843 -0.000991133399 0.526452185 0.313725 0.313725 1
v -0.0272113126 -0.000979447436 0.525846384 0.313725 0.313725 1
v -0.028969655 -0.000936975325 0.525195148 0.705882 0.470588 0.156863
v -0.0307080218 -0.000924076191 0.52449043 0.705882 0.470588 0.156863
v -0.0324243506 -0.000919000461 0.523733184 0.705882 0.470588 0.156863
v -0.034120735 -0.00094396053 0.522932335 0.705882 0.470588 0.156863
v -0.0357970951 -0.000925235327 0.522091044 0.705882 0.470588 0.156863
v -0.0374529449 -0.000908474926 0.521209908 0.705882 0.470588 0.156863
v -0.0390802903 -0.000925018658 0.520277214 0.705882 0.470588 0.156863
v -0.040670466 -0.000972500185 0.519283501 0.705882 0.470588 0.156863
v -0.0422264034 -0.000991186935 0.51823561 0.705882 0.470588 0.156863
v -0.0437552706 -0.000981689031 0.517148559 0.705882 0.470588 0.156863
v -0.0452527941 -0.000943216718 0.516019416 0.470588 0.470588 0.470588
v -0.0467027996 -0.000932764367 0.514829324 0.470588 0.470588 0.470588
v -0.0481104676 -0.000934867586 0.513589135 0.470588 0.470588 0.470588
v -0.0494790951 -0.000933539447 0.512306029 0.470588 0.470588 0.470588
v -0.0508080806 -0.000936150909 0.510981876 0.470588 0.470588 0.470588
v -0.052089428 -0.00099747915 0.509614555 0.470588 0.470588 0.470588
v -0.0533157164 -0.000965568757 0.508195391 0.470588 0.470588 0.470588
v -0.0544901372 -0.000959953753 0.506732533 0.470588 0.470588 0.470588
v -0.0556141177 -0.000865721757 0.505236531 1 0 0
v -0.0566868583 -0.000897773983 0.503698138 1 0 0
v -0.0577023756 -0.000908677957 0.50212074 1 0 0
v -0.0586621605 -0.000923208139 0.500508882 1 0 0
v -0.05956335 -0.000931216554 0.498863558 1 0 0
v -0.0603985318 -0.000952759935 0.497184202 1 0 0
v -0.0611800505 -0.000948336169 0.495479378 0 1 0
v -0.0619100263 -0.000957662369 0.493751527 0 1 0
v -0.0625731349 -0.000958973413 0.491996599 0 1 0
v -0.0631772089 -0.000988320819 0.490220809 0 1 0
v -0.0637245213 -0.000984638539 0.488426438 0 1 0
v -0.0642172261 -0.000927719349 0.486617264 0 1 0
v -0.0646615931 -0.000916429896 0.484794742 0 0.501961 1
v -0.0650576345 -0.000960460037 0.482961616 0 0.501961 1
v -0.06539433 -0.00097028099 0.481116632 0 0.501961 1
v -0.0656840256 -0.000891508287 0.47926581 0 0.501961 1
v -0.0659200252 -0.000932090638 0.477411826 0 0.501961 1
v -0.0661268225 -0.000898202476 0.475549205 0 0.501961 1
v -0.0663169524 -0.000995669617 0.473691472 0 0.501961 1
v 0.0716372012 0.00103547565 0.501604577 0 1 0
v 0.0702489604 0.00102179401 0.502865941 0 1 0
v 0.0688485953 0.0010251866 0.504113889 0 1 0
v 0.0674373052 0.00100971846 0.505349218 0 1 0
v 0.0660139488 0.000996295205 0.506570818 0 1 0
v 0.0645676916 0.00102665011 0.507764473 0 1 0
v 0.0631056088 0.0010289068 0.508939415 0 0.501961 1
v 0.0616230938 0.00103146578 0.510088587 0 0.501961 1
v 0.0601255084 0.00100749066 0.511217408 0 0.501961 1
v 0.0586062301 0.000985355646 0.512316396 0 0.501961 1
v 0.0570661052 0.00101496307 0.513386193 0 0.501961 1
v 0.055502544 0.000994157875 0.514421707 0 0.501961 1
v 0.0539208971 0.00102824309 0.515429035 1 0.784314 0
v 0.0523200891 0.00103129944 0.516406547 1 0.784314 0
v 0.0506913494 0.00103483848 0.517336278 1 0.784314 0
v 0.0490407032 0.00103516264 0.518227277 1 0.784314 0
v 0.0473736681 0.00103527085 0.519087183 1 0.784314 0
v 0.045688233 0.00103506688 0.519910421 1 0.784314 0
v 0.0439775796 0.00103230855 0.520679843 0.705882 0 1
v 0.0422590162 0.00100968769 0.521430322 0.705882 0 1
v 0.0405258666 0.00103540718 0.522147069 0.705882 0 1
v 0.0387836618 0.00103445911 0.522842253 0.705882 0 1
v 0.0370381065 0.00103320907 0.523528879 0.705882 0 1
v 0.0352840815 0.00102571982 0.524193468 0.705882 0 1
v 0.033519158 0.00102545045 0.524828082 0.705882 0 1
v 0.0317422805 0.00102972922 0.525428733 0.705882 0 1
v 0.0299552454 0.00103140465 0.525998518 0 0.862745 0.862745
v 0.0281621708 0.00103545661 0.526549337 0 0.862745 0.862745
v 0.0263530906 0.00103541908 0.527044845 0 0.862745 0.862745
v 0.0245362958 0.00103539142 0.527510392 0 0.862745 0.862745
v 0.0227133062 0.00103544374 0.527951207 0 0.862745 0.862745
v 0.0208826145 0.00103549171 0.528359744 0 0.862745 0.862745
v 0.0190421596 0.00103544867 0.528721773 1 0.470588 0
v 0.0171953378 0.00103538994 0.529048672 1 0.470588 0
v 0.0153440879 0.00103539964 0.529348964 1 0.470588 0
v 0.0134882757 0.00103546012 0.529620516 1 0.470588 0
v 0.0116268789 0.0010354851 0.529851838 1 0.470588 0
v 0.0097603482 0.00103542258 0.53003687 1 0.470588 0
v 0.0078909936 0.0010353596 0.530187817 0.470588 1 0
v 0.00601979613 0.00103541493 0.530314123 0.470588 1 0
v 0.00414650856 0.00103548009 0.530408322 0.470588 1 0
v 0.00227134768 0.00103546203 0.530453835 0.470588 1 0
v 0.000395763118 0.00103539529 0.530458679 0.470588 1 0
v -0.00147942577 0.00103536828 0.530431263 0.470588 1 0
v -0.00335406805 0.00103543458 0.530374503 1 0 0.705882
v -0.0052274959 0.00103549126 0.530281846 1 0 0.705882
v -0.00709729875 0.00103543814 0.530132939 1 0 0.705882
v -0.00896355821 0.00103537068 0.529946938 1 0 0.705882
v -0.0108262125 0.00103538738 0.529728907 1 0 0.705882
v -0.0126845485 0.0010354544 0.529475247 1 0 0.705882
v -0.0145365856 0.00103548089 0.529178038 1 0 0.705882
v -0.0163788748 0.00103541575 0.528825743 1 0 0.705882
v -0.0182132167 0.00103534979 0.528435316 0.313725 0.313725 1
v -0.0200401049 0.00103541767 0.528011538 0.313725 0.313725 1
v -0.0218570047 0.00103541247 0.527545478 0.313725 0.313725 1
v -0.023656094 0.00103367186 0.5270146 0.313725 0.313725 1
v -0.0254442983 0.00103268006 0.526448658 0.313725 0.313725 1
v -0.0272180582 0.000993110838 0.525841065 0.313725 0.313725 1
v -0.0289747496 0.000893283481 0.525195493 0.705882 0.470588 0.156863
v -0.0307135479 0.000900159522 0.52449209 0.705882 0.470588 0.156863
v -0.0324268811 0.000919147438 0.523728958 0.705882 0.470588 0.156863
v -0.0341178933 0.00103480728 0.522929266 0.705882 0.470588 0.156863
v -0.0357930396 0.000978874473 0.522087912 0.705882 0.470588 0.156863
v -0.0374500843 0.000990926385 0.521209809 0.705882 0.470588 0.156863
v -0.0390785423 0.000976198918 0.520279217 0.705882 0.470588 0.156863
v -0.0406736779 0.00100583168 0.519292909 0.705882 0.470588 0.156863
v -0.0422249676 0.00103218758 0.518239179 0.705882 0.470588 0.156863
v -0.0437535125 0.00101885709 0.517152403 0.705882 0.470588 0.156863
v -0.0452479374 0.000964690623 0.516020092 0.470588 0.470588 0.470588
v -0.0467017939 0.00092046193 0.51483612 0.470588 0.470588 0.470588
v -0.0481114409 0.000919319318 0.513598743 0.470588 0.470588 0.470588
v -0.049478622 0.000938631655 0.512314869 0.470588 0.470588 0.470588
v -0.0508055363 0.000963309282 0.510989657 0.470588 0.470588 0.470588
v -0.0520843937 0.00103116694 0.509621342 0.470588 0.470588 0.470588
v -0.0533122379 0.000986952613 0.508205068 0.470588 0.470588 0.470588
v -0.054485224 0.00102874988 0.506743338 0.470588 0.470588 0.470588
v -0.0556088323 0.000978107761 0.505243862 1 0 0
v -0.0566825628 0.000947847617 0.503706546 1 0 0
v -0.0576980119 0.000941606846 0.50212954 1 0 0
v -0.0586575377 0.000978978527 0.500518716 1 0 0
v -0.0595561229 0.000953922506 0.498872722 1 0 0
v -0.0603911725 0.000932429582 0.497193415 1 0 0
v -0.0611713226 0.000934122825 0.495487689 0 1 0
v -0.0619002308 0.000964329439 0.493760269 0 1 0
v -0.0625668641 0.00099283551 0.492007677 0 1 0
v -0.0631708101 0.00102495295 0.49023232 0 1 0
v -0.0637084792 0.00102529764 0.488435571 0 1 0
v -0.0642032537 0.000971842657 0.486627512 0 1 0
v -0.0646537586 0.000930747642 0.484808134 0 0.501961 1
v -0.0650480356 0.000975004639 0.482975082 0 0.501961 1
v -0.0653892819 0.00100093 0.481132107 0 0.501961 1
v -0.0656803689 0.000993527176 0.479279168 0 0.501961 1
v -0.0659224124 0.000978826023 0.477419438 0 0.501961 1
v -0.0661299158 0.000961377466 0.475555282 0 0.501961 1
v -0.0663168325 0.00103545484 0.473691412 0 0.501961 1
v 0.0716106492 0.00306625367 0.501576696 0 1 0
v 0.0702205244 0.00306025609 0.502834145 0 1 0
v 0.0688194166 0.00305807518 0.504079335 0 1 0
v 0.0674052309 0.0030488843 0.505309605 0 1 0
v 0.0659827326 0.00303497841 0.506530242 0 1 0
v 0.064536649 0.00305616224 0.507722617 0 1 0
v 0.0630769809 0.00305381712 0.508898475 0 0.501961 1
v 0.0615942806 0.00306320704 0.51004528 0 0.501961 1
v 0.0600960645 0.0030568132 0.511171545 0 0.501961 1
v 0.0585776226 0.0030432083 0.512270518 0 0.501961 1
v 0.0570376686 0.00304145852 0.513339234 0 0.501961 1
v 0.0554757116 0.00301545987 0.514375036 0 0.501961 1
v 0.0538942338 0.0030503601 0.515380389 1 0.784314 0
v 0.0522917445 0.00305807187 0.516352655 1 0.784314 0
v 0.0506669007 0.00298974528 0.517284466 1 0.784314 0
v 0.0490148007 0.00305877259 0.51816708 1 0.784314 0
v 0.0473505414 0.00306374597 0.519029488 1 0.784314 0
v 0.0456659534 0.00306503119 0.519851437 1 0.784314 0
v 0.0439605663 0.00305648081 0.520628859 0.705882 0 1
v 0.04224595 0.0030110261 0.521381494 0.705882 0 1
v 0.0405136047 0.00303580755 0.522096274 0.705882 0 1
v 0.0387745001 0.00304415973 0.522795471 0.705882 0 1
v 0.0370316346 0.00302506952 0.523485115 0.705882 0 1
v 0.0352761283 0.00303497619 0.524142188 0.705882 0 1
v 0.0335111923 0.00304424098 0.524773333 0.705882 0 1
v 0.0317369269 0.00306452832 0.525377456 0.705882 0 1
v 0.0299511449 0.00306274464 0.525946961 0 0.862745 0.862745
v 0.0281577319 0.00306547542 0.526492167 0 0.862745 0.862745
v 0.0263508867 0.00306577243 0.526990961 0 0.862745 0.862745
v 0.0245351654 0.0030656772 0.527455892 0 0.862745 0.862745
v 0.0227132385 0.00306583329 0.527896116 0 0.862745 0.862745
v 0.0208825333 0.00306573738 0.528298592 0 0.862745 0.862745
v 0.0190442475 0.00306579964 0.528664881 1 0.470588 0
v 0.0171985153 0.00306558311 0.528991194 1 0.470588 0
v 0.0153484522 0.00306562863 0.529291495 1 0.470588 0
v 0.0134935665 0.00306574873 0.529561193 1 0.470588 0
v 0.0116329956 0.00306567964 0.529788587 1 0.470588 0
v 0.00976816784 0.0030656418 0.529977815 1 0.470588 0
v 0.00789996515 0.00306541192 0.530128601 0.470588 1 0
v 0.00602995757 0.00306561886 0.530255343 0.470588 1 0
v 0.00415769324 0.00306562413 0.530344823 0.470588 1 0
v 0.00228388851 0.00306566463 0.530392559 0.470588 1 0
v 0.000409509655 0.00306548911 0.530398898 0.470588 1 0
v -0.00146453345 0.00306541089 0.530372021 0.470588 1 0
v -0.00333803811 0.00306563261 0.530315638 1 0 0.705882
v -0.00520986339 0.00306553393 0.530217087 1 0 0.705882
v -0.00707878403 0.00306559813 0.530073656 1 0 0.705882
v -0.0089438935 0.00306537075 0.529887963 1 0 0.705882
v -0.010805481 0.00306544506 0.529670749 1 0 0.705882
v -0.0126625763 0.00306561458 0.529416699 1 0 0.705882
v -0.0145128247 0.00306556945 0.529116597 1 0 0.705882
v -0.0163545685 0.00306549516 0.528768224 1 0 0.705882
v -0.0181878998 0.0030653164 0.528378737 0.313725 0.313725 1
v -0.0200138477 0.00306552372 0.527956058 0.313725 0.313725 1
v -0.0218287965 0.00306557993 0.527487629 0.313725 0.313725 1
v -0.0236288411 0.00306242734 0.526964731 0.313725 0.313725 1
v -0.0254147338 0.00306239271 0.52639573 0.313725 0.313725 1
v -0.0271877483 0.00303729519 0.525788702 0.313725 0.313725 1
v -0.0289449246 0.00305599153 0.525136997 0.705882 0.470588 0.156863
v -0.0306831332 0.00305982334 0.524436026 0.705882 0.470588 0.156863
v -0.0323981995 0.00306060084 0.523680108 0.705882 0.470588 0.156863
v -0.0340912737 0.00305274239 0.522877123 0.705882 0.470588 0.156863
v -0.0357655894 0.00301629283 0.522036328 0.705882 0.470588 0.156863
v -0.0374206908 0.00303670589 0.521157354 0.705882 0.470588 0.156863
v -0.039047695 0.00303594155 0.520226726 0.705882 0.470588 0.156863
v -0.0406446501 0.00304582698 0.519245984 0.705882 0.470588 0.156863
v -0.0422014681 0.00303950111 0.518203034 0.705882 0.470588 0.156863
v -0.0437233103 0.00303395014 0.517109769 0.705882 0.470588 0.156863
v -0.045213991 0.00305352792 0.515973977 0.470588 0.470588 0.470588
v -0.0466698167 0.00305054705 0.514794001 0.470588 0.470588 0.470588
v -0.0480814314 0.00304839482 0.513561038 0.470588 0.470588 0.470588
v -0.049449349 0.00302843676 0.512280928 0.470588 0.470588 0.470588
v -0.0507768897 0.00299700478 0.510958968 0.470588 0.470588 0.470588
v -0.0520569481 0.00304616502 0.509593048 0.470588 0.470588 0.470588
v -0.0532852705 0.0030016698 0.508179581 0.470588 0.470588 0.470588
v -0.0544591935 0.00305117947 0.506719779 0.470588 0.470588 0.470588
v -0.0555826011 0.0029927228 0.50522261 1 0 0
v -0.0566512936 0.00297571629 0.503683347 1 0 0
v -0.0576684647 0.00297169092 0.502109028 1 0 0
v -0.0586278151 0.00301578611 0.500500099 1 0 0
v -0.0595247828 0.00299711622 0.498854605 1 0 0
v -0.0603644307 0.00299158235 0.497178807 1 0 0
v -0.0611461029 0.00304903921 0.495477205 0 1 0
v -0.0618688849 0.00301876978 0.49374936 0 1 0
v -0.0625334398 0.00304031099 0.491996868 0 1 0
v -0.0631340946 0.00302607191 0.490221804 0 1 0
v -0.0636794551 0.00304579486 0.488428794 0 1 0
v -0.0641758313 0.00304864728 0.48662137 0 1 0
v -0.064626801 0.00304240517 0.484802148 0 0.501961 1
v -0.0650190804 0.00304522795 0.482969359 0 0.501961 1
v -0.0653582147 0.00301903926 0.481126406 0 0.501961 1
v -0.0656480674 0.00302647985 0.479274744 0 0.501961 1
v -0.0658930905 0.00301399402 0.477416719 0 0.501961 1
v -0.0661019245 0.00301259316 0.475554066 0 0.501961 1
v -0.0662869541 0.00306635959 0.473690131 0 0.501961 1
v 0.0715558731 0.00509585473 0.501519982 0 1 0
v 0.0701662205 0.00509291752 0.502774028 0 1 0
v 0.0687664142 0.00509513389 0.504016733 0 1 0
v 0.0673499677 0.00509124783 0.505240414 0 1 0
v 0.0659275446 0.00507311668 0.506457028 0 1 0
v 0.0644823534 0.00508673852 0.507646502 0 1 0
v 0.0630228456 0.00508175352 0.508818429 0 0.501961 1
v 0.0615397909 0.00509064262 0.509960454 0 0.501961 1
v 0.0600442789 0.00508859441 0.511085975 0 0.501961 1
v 0.0585257703 0.00508859148 0.512180423 0 0.501961 1
v 0.0569851549 0.00509212767 0.513243519 0 0.501961 1
v 0.0554248875 0.00508981627 0.514277385 0 0.501961 1
v 0.0538442243 0.00508700786 0.515279863 1 0.784314 0
v 0.0522431288 0.00507105858 0.516249303 1 0.784314 0
v 0.0506166169 0.00508385897 0.517175352 1 0.784314 0
v 0.0489690401 0.00509007737 0.518063413 1 0.784314 0
v 0.0473067931 0.00509267477 0.51892396 1 0.784314 0
v 0.0456230083 0.00508929871 0.519741572 1 0.784314 0
v 0.0439220624 0.00509287964 0.52052288 0.705882 0 1
v 0.0422105281 0.00509369788 0.521280783 0.705882 0 1
v 0.0404844891 0.00505708444 0.522003789 0.705882 0 1
v 0.0387483494 0.00504406894 0.522703367 0.705882 0 1
v 0.0370058221 0.00506432029 0.523386211 0.705882 0 1
v 0.0352541539 0.00507110046 0.524045458 0.705882 0 1
v 0.0334909126 0.00506604781 0.524673532 0.705882 0 1
v 0.0317177577 0.00508720541 0.525272707 0.705882 0 1
v 0.0299350534 0.00508499013 0.525843445 0 0.862745 0.862745
v 0.0281427861 0.00509261428 0.526383225 0 0.862745 0.862745
v 0.0263396205 0.00509414929 0.526885402 0 0.862745 0.862745
v 0.024526143 0.00509395206 0.527348896 0 0.862745 0.862745
v 0.0227055871 0.00509389165 0.527783773 0 0.862745 0.862745
v 0.0208768829 0.00509351941 0.528183065 0 0.862745 0.862745
v 0.0190411777 0.00509367691 0.528548808 1 0.470588 0
v 0.0171985651 0.00509354571 0.528877862 1 0.470588 0
v 0.0153509883 0.00509362607 0.529177854 1 0.470588 0
v 0.0134977459 0.00509331733 0.529440617 1 0.470588 0
v 0.0116397101 0.00509316269 0.529667012 1 0.470588 0
v 0.00977785636 0.00509337304 0.529859501 1 0.470588 0
v 0.00791228745 0.00509307575 0.530011569 0.470588 1 0
v 0.00604464672 0.00509321977 0.530135813 0.470588 1 0
v 0.00417480869 0.00509284471 0.530220961 0.470588 1 0
v 0.00230363229 0.0050929303 0.530268249 0.470588 1 0
v 0.000431895157 0.00509300884 0.530279651 0.470588 1 0
v -0.00143966896 0.00509290497 0.5302536 0.470588 1 0
v -0.00331043793 0.00509282552 0.530192389 1 0 0.705882
v -0.00517955616 0.00509254494 0.5300927 1 0 0.705882
v -0.00704602932 0.00509282458 0.52995194 1 0 0.705882
v -0.00890888936 0.00509269522 0.529769672 1 0 0.705882
v -0.0107681526 0.00509283261 0.529554017 1 0 0.705882
v -0.0126218918 0.00509259085 0.529294814 1 0 0.705882
v -0.0144695745 0.00509254665 0.52899547 1 0 0.705882
v -0.0163096449 0.0050927897 0.528652462 1 0 0.705882
v -0.0181408528 0.00509261781 0.528265144 0.313725 0.313725 1
v -0.0199645345 0.00509282792 0.527843751 0.313725 0.313725 1
v -0.0217761325 0.00509279663 0.527372887 0.313725 0.313725 1
v -0.0235750415 0.0050911638 0.526855644 0.313725 0.313725 1
v -0.0253589811 0.00509231337 0.526289067 0.313725 0.313725 1
v -0.0271291019 0.00507935403 0.525680737 0.313725 0.313725 1
v -0.0288852921 0.00505970166 0.525033694 0.705882 0.470588 0.156863
v -0.0306249574 0.00506587179 0.524342939 0.705882 0.470588 0.156863
v -0.0323399832 0.00506487324 0.523594126 0.705882 0.470588 0.156863
v -0.0340301236 0.00508551938 0.522790276 0.705882 0.470588 0.156863
v -0.0357010109 0.0050912229 0.521946574 0.705882 0.470588 0.156863
v -0.03735033 0.00508543387 0.521061481 0.705882 0.470588 0.156863
v -0.0389780731 0.00508539416 0.520137435 0.705882 0.470588 0.156863
v -0.0405757559 0.00508568491 0.519162709 0.705882 0.470588 0.156863
v -0.0421348846 0.00507504805 0.51812728 0.705882 0.470588 0.156863
v -0.0436537712 0.00506746259 0.517033538 0.705882 0.470588 0.156863
v -0.0451429846 0.00506366544 0.515899581 0.470588 0.470588 0.470588
v -0.0465983605 0.00505592744 0.514722695 0.470588 0.470588 0.470588
v -0.0480062646 0.00507416562 0.513490009 0.470588 0.470588 0.470588
v -0.0493749917 0.00508933421 0.51221369 0.470588 0.470588 0.470588
v -0.05070392 0.00508802632 0.510895698 0.470588 0.470588 0.470588
v -0.0519858378 0.00508295805 0.509531981 0.470588 0.470588 0.470588
v -0.0532153998 0.00506827271 0.508121005 0.470588 0.470588 0.470588
v -0.0543920841 0.0050726435 0.506665498 0.470588 0.470588 0.470588
v -0.0555171145 0.00505516719 0.50516998 1 0 0
v -0.0565892545 0.0050657628 0.503635701 1 0 0
v -0.0576048987 0.00507822078 0.502063561 1 0 0
v -0.0585639612 0.00507375784 0.5004562 1 0 0
v -0.0594659412 0.00506269799 0.498816132 1 0 0
v -0.0603049401 0.00507601815 0.497143016 1 0 0
v -0.0610865269 0.00508481138 0.495442473 0 1 0
v -0.0618101773 0.00505622848 0.493716808 0 1 0
v -0.0624771727 0.00507679673 0.491968164 0 1 0
v -0.0630803197 0.00507120778 0.490196652 0 1 0
v -0.06363215 0.00505491866 0.488408104 0 1 0
v -0.0641165494 0.00509099375 0.486600633 0 1 0
v -0.0645672146 0.00507251113 0.48478427 0 0.501961 1
v -0.0649604536 0.00508982672 0.482954406 0 0.501961 1
v -0.0653030836 0.0050798305 0.481114418 0 0.501961 1
v -0.0655931318 0.00507921284 0.479265425 0 0.501961 1
v -0.0658363162 0.00508181858 0.477409562 0 0.501961 1
v -0.0660450053 0.00506177386 0.47554958 0 0.501961 1
v -0.0662299069 0.00509669276 0.473687791 0 0.501961 1
v 0.0714724953 0.00712343976 0.501433956 0.705882 0 1
v 0.070082336 0.00712094878 0.502681915 0.705882 0 1
v 0.0686814004 0.0071165842 0.503917759 0.705882 0 1
v 0.0672679528 0.00711667316 0.505139257 0.705882 0 1
v 0.0658486901 0.00710716534 0.506353967 0.705882 0 1
v 0.0644035275 0.00711644913 0.507537705 0.705882 0 1
v 0.062942159 0.00711167198 0.508701401 0 0.862745 0.862745
v 0.0614646994 0.00711962883 0.509844617 0 0.862745 0.862745
v 0.0599706274 0.00711968825 0.51096607 0 0.862745 0.862745
v 0.0584525426 0.00710536951 0.512054717 0 0.862745 0.862745
v 0.0569121798 0.0071112614 0.513111639 0 0.862745 0.862745
v 0.0553537093 0.00710193394 0.514141575 0 0.862745 0.862745
v 0.0537741028 0.00711181987 0.515138832 1 0.470588 0
v 0.0521720768 0.00711612229 0.51609973 1 0.470588 0
v 0.050547909 0.00711763319 0.517022614 1 0.470588 0
v 0.0489037708 0.00711701474 0.517909434 1 0.470588 0
v 0.0472429452 0.00711341502 0.5187647 1 0.470588 0
v 0.0455635704 0.00710455167 0.519582787 1 0.470588 0
v 0.0438679634 0.00711091006 0.520366719 0.470588 1 0
v 0.042161672 0.00711742061 0.521127267 0.470588 1 0
v 0.0404415204 0.00710885946 0.521855844 0.470588 1 0
v 0.0387093575 0.00711807785 0.522555439 0.470588 1 0
v 0.0369702186 0.00711788131 0.52323755 0.470588 1 0
v 0.0352237871 0.00711821276 0.523900621 0.470588 1 0
v 0.0334656283 0.0071176814 0.52453197 0.470588 1 0
v 0.0316937115 0.00711902003 0.525123747 0.470588 1 0
v 0.0299128721 0.00711860691 0.525688081 1 0 0.705882
v 0.0281229722 0.007118567 0.526222805 1 0 0.705882
v 0.0263229765 0.00711883847 0.526722557 1 0 0.705882
v 0.0245133535 0.00711871679 0.527186424 1 0 0.705882
v 0.0226950154 0.00711804766 0.527614744 1 0 0.705882
v 0.0208696012 0.0071174173 0.528011787 1 0 0.705882
v 0.0190372734 0.00711754603 0.528375572 0.313725 0.313725 1
v 0.017198807 0.00711770571 0.528707027 0.313725 0.313725 1
v 0.0153540404 0.00711727937 0.529001551 0.313725 0.313725 1
v 0.013504243 0.00711662597 0.529262308 0.313725 0.313725 1
v 0.011649759 0.00711636941 0.529487329 0.313725 0.313725 1
v 0.0097915221 0.00711660411 0.529678914 0.313725 0.313725 1
v 0.00793001175 0.00711674624 0.529835983 0.705882 0.470588 0.156863
v 0.00606556686 0.00711614224 0.529953084 0.705882 0.470588 0.156863
v 0.00419941514 0.00711547917 0.530037994 0.705882 0.470588 0.156863
v 0.00233191559 0.00711564877 0.53008462 0.705882 0.470588 0.156863
v 0.000463868939 0.00711603772 0.530098236 0.705882 0.470588 0.156863
v -0.00140408099 0.00711588152 0.530072734 0.705882 0.470588 0.156863
v -0.00327105642 0.00711520721 0.530008183 0.470588 0.470588 0.470588
v -0.00513647603 0.00711478962 0.529908644 0.470588 0.470588 0.470588
v -0.00699929443 0.00711527875 0.52976866 0.470588 0.470588 0.470588
v -0.00885899183 0.00711560023 0.529591674 0.470588 0.470588 0.470588
v -0.0107142618 0.00711525109 0.529373111 0.470588 0.470588 0.470588
v -0.0125642702 0.00711454839 0.529113954 0.470588 0.470588 0.470588
v -0.0144083528 0.00711462129 0.528815586 0.470588 0.470588 0.470588
v -0.0162452758 0.0071152669 0.52847588 0.470588 0.470588 0.470588
v -0.0180738572 0.00711533448 0.528093656 1 0 0
v -0.0198929707 0.00711496289 0.527668766 1 0 0
v -0.0217014283 0.00711496166 0.527200608 1 0 0
v -0.0234971998 0.00711515922 0.526685974 1 0 0
v -0.0252791079 0.00711503834 0.526125106 1 0 0
v -0.027044426 0.00710845558 0.525514018 1 0 0
v -0.0287988543 0.00710803504 0.524872336 0 1 0
v -0.0305320829 0.00711439588 0.524175592 0 1 0
v -0.0322459914 0.00708904908 0.523433612 0 1 0
v -0.033936016 0.00711247915 0.522638878 0 1 0
v -0.0356063288 0.00709921581 0.521802506 0 1 0
v -0.0372534724 0.00711199661 0.520921539 0 1 0
v -0.0388772851 0.00711652438 0.519998093 0 1 0
v -0.0404742516 0.00710807891 0.519029127 0 1 0
v -0.04202484 0.00708187658 0.517987814 0 1 0
v -0.0435422585 0.00709245348 0.516898676 0 1 0
v -0.0450315306 0.00711070859 0.515771355 0 0.501961 1
v -0.0464918457 0.0071125165 0.514606478 0 0.501961 1
v -0.0479037702 0.00711494222 0.513383424 0 0.501961 1
v -0.0492724541 0.00711809344 0.512112126 0 0.501961 1
v -0.0505992268 0.00711788282 0.510797104 0 0.501961 1
v -0.0518780418 0.0071172186 0.5094355 0 0.501961 1
v -0.0531038454 0.00711622654 0.50802602 0 0.501961 1
v -0.054281736 0.00711672376 0.506576252 0 0.501961 1
v -0.0554107763 0.00710229533 0.505088354 1 0.784314 0
v -0.056485235 0.00710038228 0.503560451 1 0.784314 0
v -0.0575003994 0.007101858 0.501992501 1 0.784314 0
v -0.0584604617 0.00710693927 0.500390191 1 0.784314 0
v -0.059363641 0.00710265167 0.498755263 1 0.784314 0
v -0.0602052115 0.00708667413 0.49708791 1 0.784314 0
v -0.060983903 0.00712428351 0.495390896 0.705882 0 1
v -0.0617099406 0.00712084325 0.493669649 0.705882 0 1
v -0.0623796403 0.00712406915 0.491925688 0.705882 0 1
v -0.0629909912 0.00711438311 0.490160588 0.705882 0 1
v -0.0635434047 0.007108726 0.488376029 0.705882 0 1
v -0.0640348614 0.00712033255 0.486573771 0.705882 0 1
v -0.0644796797 0.00711837252 0.484759396 0 0.862745 0.862745
v -0.0648730408 0.0071251803 0.482933177 0 0.862745 0.862745
v -0.0652169427 0.00712204448 0.481097011 0 0.862745 0.862745
v -0.06551041 0.00712021555 0.479252139 0 0.862745 0.862745
v -0.0657540669 0.00711854687 0.477399996 0 0.862745 0.862745
v -0.0659598891 0.00711434721 0.47554324 0 0.862745 0.862745
v -0.0661459958 0.00712610225 0.473684508 0 0.862745 0.862745
v 0.0713611493 0.00914824542 0.501319356 0.705882 0 1
v 0.0699706685 0.00914418064 0.502559546 0.705882 0 1
v 0.0685719808 0.00914520638 0.503790478 0.705882 0 1
v 0.0671611 0.00914313671 0.505007372 0.705882 0 1
v 0.0657409479 0.0091388609 0.506213451 0.705882 0 1
v 0.0642984516 0.00914181136 0.507392667 0.705882 0 1
v 0.0628385359 0.0091396729 0.508550299 0 0.862745 0.862745
v 0.0613652267 0.00914273165 0.509690779 0 0.862745 0.862745
v 0.0598700785 0.00913999097 0.510802526 0 0.862745 0.862745
v 0.0583528791 0.00914013922 0.511883966 0 0.862745 0.862745
v 0.0568155853 0.00913920224 0.512936499 0 0.862745 0.862745
v 0.0552585798 0.00913114851 0.51395971 0 0.862745 0.862745
v 0.0536804322 0.0091388584 0.514950018 1 0.470588 0
v 0.0520798304 0.00913653771 0.515903692 1 0.470588 0
v 0.0504602724 0.00913662409 0.516824668 1 0.470588 0
v 0.0488190431 0.00913583181 0.517706575 1 0.470588 0
v 0.047161872 0.00912732449 0.518558102 1 0.470588 0
v 0.0454875823 0.00912082367 0.519375341 1 0.470588 0
v 0.0437994041 0.0091232406 0.520163626 0.470588 1 0
v 0.0420996775 0.00912574913 0.520926713 0.470588 1 0
v 0.0403880489 0.00911280673 0.521662325 0.470588 1 0
v 0.0386607789 0.00913603506 0.522360037 0.470588 1 0
v 0.0369280183 0.00912990984 0.523044887 0.470588 1 0
v 0.0351864196 0.00912826501 0.523706987 0.470588 1 0
v 0.0334291841 0.00912914612 0.524326377 0.470588 1 0
v 0.0316638194 0.00914028522 0.524922043 0.470588 1 0
v 0.0298858806 0.00913878762 0.52547916 1 0 0.705882
v 0.028099525 0.00913862617 0.526008564 1 0 0.705882
v 0.0263034672 0.00913846023 0.526504106 1 0 0.705882
v 0.0244978731 0.00913793527 0.526963806 1 0 0.705882
v 0.022683981 0.00913685823 0.527389431 1 0 0.705882
v 0.0208630133 0.00913591668 0.527783671 1 0 0.705882
v 0.0190352569 0.00913593227 0.528145129 0.313725 0.313725 1
v 0.0172008909 0.00913559066 0.528471371 0.313725 0.313725 1
v 0.0153611866 0.00913508347 0.528766073 0.313725 0.313725 1
v 0.013516184 0.00913405754 0.529025429 0.313725 0.313725 1
v 0.0116664692 0.00913369686 0.52924875 0.313725 0.313725 1
v 0.00981308426 0.00913393335 0.52943928 0.313725 0.313725 1
v 0.0079562026 0.009133568 0.529592165 0.705882 0.470588 0.156863
v 0.00609682676 0.00913282977 0.529710701 0.705882 0.470588 0.156863
v 0.00423560992 0.00913180053 0.52979549 0.705882 0.470588 0.156863
v 0.00237302747 0.00913212288 0.529841379 0.705882 0.470588 0.156863
v 0.000509909023 0.00913232689 0.529853317 0.705882 0.470588 0.156863
v -0.00135308985 0.00913198952 0.52982838 0.705882 0.470588 0.156863
v -0.00321514258 0.00913092317 0.529764529 0.470588 0.470588 0.470588
v -0.00507563167 0.00913050855 0.529665199 0.470588 0.470588 0.470588
v -0.00693358751 0.00913112031 0.529526331 0.470588 0.470588 0.470588
v -0.00878833567 0.00913129294 0.529349392 0.470588 0.470588 0.470588
v -0.0106387721 0.00913059849 0.529132097 0.470588 0.470588 0.470588
v -0.0124840714 0.0091295252 0.528874909 0.470588 0.470588 0.470588
v -0.0143233654 0.00912990897 0.528577832 0.470588 0.470588 0.470588
v -0.0161557406 0.00913077786 0.528240654 0.470588 0.470588 0.470588
v -0.0179798119 0.00913069365 0.527860874 1 0 0
v -0.0197941952 0.00912983829 0.527437456 1 0 0
v -0.0215981632 0.00913016985 0.526971744 1 0 0
v -0.023389963 0.00913192293 0.526461309 1 0 0
v -0.0251675249 0.0091310556 0.525903031 1 0 0
v -0.02692807 0.00912579572 0.525293461 1 0 0
v -0.0286782398 0.00911445843 0.524654646 0 1 0
v -0.030410796 0.00911901874 0.523969457 0 1 0
v -0.032119992 0.00913022652 0.523227988 0 1 0
v -0.0338051853 0.00912590707 0.522433334 0 1 0
v -0.0354733981 0.00912208368 0.521603725 0 1 0
v -0.0371215951 0.0091199277 0.520735103 0 1 0
v -0.0387375467 0.00912712738 0.519808259 0 1 0
v -0.0403257322 0.0091262203 0.518834118 0 1 0
v -0.0418815145 0.00913478475 0.517809041 0 1 0
v -0.0434003109 0.00913478489 0.516729888 0 1 0
v -0.0448890146 0.00913247152 0.515609812 0 0.501961 1
v -0.0463432166 0.00912808126 0.514445173 0 0.501961 1
v -0.0477552224 0.0091173339 0.513229882 0 0.501961 1
v -0.0491267877 0.00912533819 0.511968919 0 0.501961 1
v -0.0504530699 0.00912586843 0.510660358 0 0.501961 1
v -0.0517312772 0.00913437432 0.509304901 0 0.501961 1
v -0.0529601894 0.00911982035 0.5079047 0 0.501961 1
v -0.0541409514 0.00912960837 0.506463555 0 0.501961 1
v -0.0552703278 0.00913361782 0.504981771 1 0.784314 0
v -0.0563435849 0.00913522904 0.503458831 1 0.784314 0
v -0.0573645238 0.00913714776 0.50190031 1 0.784314 0
v -0.0583275151 0.00914561832 0.500305448 1 0.784314 0
v -0.0592257118 0.00914640673 0.498673287 1 0.784314 0
v -0.0600666623 0.00913964357 0.497010949 1 0.784314 0
v -0.0608453627 0.00914912672 0.49531839 0.705882 0 1
v -0.0615694339 0.00914803594 0.493601697 0.705882 0 1
v -0.06224328 0.00914930156 0.491864663 0.705882 0 1
v -0.0628582608 0.00914929791 0.490105972 0.705882 0 1
v -0.0634172557 0.00914910562 0.488328657 0.705882 0 1
v -0.0639158752 0.00915017723 0.486533529 0.705882 0 1
v -0.0643597078 0.00915059091 0.484724074 0 0.862745 0.862745
v -0.0647548798 0.00915150512 0.482903475 0 0.862745 0.862745
v -0.0650968772 0.00914884505 0.481072117 0 0.862745 0.862745
v -0.0653861212 0.00914666954 0.479231681 0 0.862745 0.862745
v -0.065629859 0.00915215539 0.477384631 0 0.862745 0.862745
v -0.0658379165 0.00915149245 0.475533103 0 0.862745 0.862745
v -0.0660307034 0.00915396121 0.473679932 0 0.862745 0.862745
v 0.0712158775 0.0111686027 0.50116982 0.705882 0 1
v 0.0698289976 0.0111668662 0.502404749 0.705882 0 1
v 0.0684309089 0.0111657073 0.503626931 0.705882 0 1
v 0.0670231775 0.0111645095 0.504838019 0.705882 0 1
v 0.065606919 0.0111637315 0.506039108 0.705882 0 1
v 0.0641665365 0.0111599163 0.507211165 0.705882 0 1
v 0.0627098081 0.0111548733 0.508362824 0 0.862745 0.862745
v 0.0612395197 0.0111588276 0.509497104 0 0.862745 0.862745
v 0.0597467535 0.0111577447 0.510601679 0 0.862745 0.862745
v 0.0582327067 0.0111520317 0.511676836 0 0.862745 0.862745
v 0.056699532 0.0111525413 0.512724497 0 0.862745 0.862745
v 0.0551452511 0.0111442743 0.513740625 0 0.862745 0.862745
v 0.0535652713 0.0111524122 0.514716327 1 0.470588 0
v 0.0519669432 0.0111504441 0.515661657 1 0.470588 0
v 0.0503511888 0.0111453972 0.51657681 1 0.470588 0
v 0.0487161051 0.0111492812 0.517457022 1 0.470588 0
v 0.0470651921 0.0111478315 0.518307176 1 0.470588 0
v 0.045398867 0.0111507567 0.519126773 1 0.470588 0
v 0.0437166924 0.0111449962 0.519913338 0.470588 1 0
v 0.0420237858 0.0111465635 0.520676489 0.470588 1 0
v 0.0403188538 0.0111410763 0.521412341 0.470588 1 0
v 0.0386007183 0.0111536179 0.522116713 0.470588 1 0
v 0.0368737612 0.0111535875 0.522799371 0.470588 1 0
v 0.0351369509 0.0111465992 0.523456295 0.470588 1 0
v 0.0333836116 0.0111384816 0.524067505 0.470588 1 0
v 0.031623357 0.0111547961 0.524658826 0.470588 1 0
v 0.0298513913 0.0111512074 0.525214237 1 0 0.705882
v 0.0280700544 0.0111520108 0.525738782 1 0 0.705882
v 0.0262781954 0.0111508952 0.526226135 1 0 0.705882
v 0.0244777991 0.0111496863 0.52668069 1 0 0.705882
v 0.022670573 0.0111487361 0.527107392 1 0 0.705882
v 0.0208552466 0.0111474324 0.527498305 1 0 0.705882
v 0.0190331122 0.0111470955 0.527856163 0.313725 0.313725 1
v 0.0172035897 0.0111454271 0.528173776 0.313725 0.313725 1
v 0.0153705431 0.0111451774 0.528470246 0.313725 0.313725 1
v 0.013531837 0.0111439371 0.52872971 0.313725 0.313725 1
v 0.0116881352 0.0111434911 0.528950998 0.313725 0.313725 1
v 0.00984029009 0.0111426317 0.52913439 0.313725 0.313725 1
v 0.00798969166 0.0111419229 0.529286428 0.705882 0.470588 0.156863
v 0.00613675971 0.0111414412 0.529407968 0.705882 0.470588 0.156863
v 0.00428173857 0.0111402736 0.529492261 0.705882 0.470588 0.156863
v 0.00242536904 0.0111405716 0.529538124 0.705882 0.470588 0.156863
v 0.00056846612 0.0111393139 0.529542321 0.705882 0.470588 0.156863
v -0.00128827035 0.0111393213 0.529522044 0.705882 0.470588 0.156863
v -0.00314419317 0.0111381443 0.529461083 0.470588 0.470588 0.470588
v -0.00499848308 0.0111378883 0.529362021 0.470588 0.470588 0.470588
v -0.00685009488 0.011138031 0.529221684 0.470588 0.470588 0.470588
v -0.00869841309 0.0111374885 0.529043576 0.470588 0.470588 0.470588
v -0.0105432279 0.0111370975 0.528832042 0.470588 0.470588 0.470588
v -0.0123825853 0.0111356684 0.528577104 0.470588 0.470588 0.470588
v -0.0142158789 0.0111365103 0.52828169 0.470588 0.470588 0.470588
v -0.0160417941 0.0111368297 0.52794376 0.470588 0.470588 0.470588
v -0.0178604443 0.0111366678 0.527568614 1 0 0
v -0.0196693893 0.0111353864 0.527149179 1 0 0
v -0.0214676909 0.0111362785 0.526686285 1 0 0
v -0.0232545436 0.0111393761 0.526181011 1 0 0
v -0.025026695 0.0111393633 0.525626186 1 0 0
v -0.0267825906 0.011135374 0.525022102 1 0 0
v -0.0285246107 0.0111302413 0.52437896 0 1 0
v -0.0302533029 0.0111399498 0.523701143 0 1 0
v -0.03196005 0.01114207 0.522969761 0 1 0
v -0.0336446525 0.0111417595 0.52218837 0 1 0
v -0.0353071396 0.0111413993 0.521361296 0 1 0
v -0.0369451621 0.01114249 0.520486475 0 1 0
v -0.0385562107 0.0111376179 0.519562966 0 1 0
v -0.0401405852 0.0111434814 0.51859476 0 1 0
v -0.0416908464 0.0111452354 0.51757269 0 1 0
v -0.0432139128 0.0111464786 0.51651034 0 1 0
v -0.0447052338 0.0111468853 0.515404235 0 0.501961 1
v -0.0461584358 0.0111389486 0.514248266 0 0.501961 1
v -0.0475654729 0.0111294511 0.513036653 0 0.501961 1
v -0.0489310818 0.0111270154 0.511778401 0 0.501961 1
v -0.050257303 0.011141077 0.510478782 0 0.501961 1
v -0.051540173 0.0111539381 0.50913649 0 0.501961 1
v -0.0527719974 0.0111533585 0.507747221 0 0.501961 1
v -0.053952515 0.0111575748 0.50631402 0 0.501961 1
v -0.0550807643 0.0111556946 0.504839321 1 0.784314 0
v -0.0561579481 0.0111553675 0.503326938 1 0.784314 0
v -0.0571813294 0.0111528506 0.501777748 1 0.784314 0
v -0.0581448649 0.0111447185 0.500190564 1 0.784314 0
v -0.0590548381 0.0111600781 0.498572039 1 0.784314 0
v -0.0598950853 0.0111709223 0.496916251 1 0.784314 0
v -0.0606762427 0.0111693187 0.495231684 0.705882 0 1
v -0.0613974262 0.011165146 0.493520614 0.705882 0 1
v -0.0620663142 0.0111682967 0.491788382 0.705882 0 1
v -0.0626879316 0.0111700704 0.490038537 0.705882 0 1
v -0.0632526581 0.0111685716 0.488269571 0.705882 0 1
v -0.0637609374 0.0111769576 0.486483525 0.705882 0 1
v -0.0642149944 0.0111771731 0.484682882 0 0.862745 0.862745
v -0.0646078502 0.0111733825 0.48286798 0 0.862745 0.862745
v -0.0649417446 0.0111778428 0.481041305 0 0.862745 0.862745
v -0.0652302741 0.0111768113 0.479206863 0 0.862745 0.862745
v -0.0654731609 0.0111691566 0.47736583 0 0.862745 0.862745
v -0.0656779933 0.0111601547 0.475520245 0 0.862745 0.862745
v -0.0658731137 0.0111789372 0.47367376 0 0.862745 0.862745
v 0.0710347446 0.013183016 0.500983067 0.705882 0 1
v 0.069655258 0.013179364 0.502215033 0.705882 0 1
v 0.0682641742 0.0131771809 0.503433886 0.705882 0 1
v 0.0668637128 0.0131802506 0.504641962 0.705882 0 1
v 0.0654493541 0.0131787922 0.50583373 0.705882 0 1
v 0.0640124645 0.0131700705 0.506998102 0.705882 0 1
v 0.0625588566 0.0131666289 0.508141588 0 0.862745 0.862745
v 0.0610903 0.0131596658 0.509265866 0 0.862745 0.862745
v 0.0595988482 0.0131647733 0.510359518 0 0.862745 0.862745
v 0.0580893468 0.0131646553 0.511428101 0 0.862745 0.862745
v 0.0565611658 0.0131638644 0.512469865 0 0.862745 0.862745
v 0.055009435 0.0131610086 0.513476235 0 0.862745 0.862745
v 0.0534351687 0.013157194 0.514446787 1 0.470588 0
v 0.0518409313 0.0131558218 0.515384266 1 0.470588 0
v 0.0502295637 0.0131455854 0.516291979 1 0.470588 0
v 0.0485989679 0.0131533564 0.517164804 1 0.470588 0
v 0.0469527796 0.0131552753 0.518007794 1 0.470588 0
v 0.0452954214 0.0131575659 0.518828669 1 0.470588 0
v 0.0436195438 0.0131561794 0.519611011 0.470588 1 0
v 0.0419376221 0.0131460923 0.520379657 0.470588 1 0
v 0.0402385438 0.013153407 0.521110093 0.470588 1 0
v 0.0385293943 0.0131577321 0.521816739 0.470588 1 0
v 0.0368099824 0.0131605743 0.522498098 0.470588 1 0
v 0.035079415 0.0131514028 0.523150428 0.470588 1 0
v 0.0333318451 0.0131444134 0.523755667 0.470588 1 0
v 0.0315758273 0.0131596685 0.524336027 0.470588 1 0
v 0.0298099769 0.0131570052 0.52488594 1 0 0.705882
v 0.0280364907 0.0131571142 0.525410773 1 0 0.705882
v 0.0262498173 0.0131543755 0.525888512 1 0 0.705882
v 0.0244564154 0.0131526545 0.52633964 1 0 0.705882
v 0.0226569162 0.0131518329 0.526766306 1 0 0.705882
v 0.0208486354 0.0131502955 0.527154294 1 0 0.705882
v 0.0190321453 0.0131481652 0.527501824 0.313725 0.313725 1
v 0.0172100517 0.0131459141 0.527817384 0.313725 0.313725 1
v 0.0153844362 0.0131454305 0.528112126 0.313725 0.313725 1
v 0.0135536686 0.0131444905 0.528374195 0.313725 0.313725 1
v 0.0117167325 0.0131431326 0.528588883 0.313725 0.313725 1
v 0.0098759751 0.0131409052 0.528766642 0.313725 0.313725 1
v 0.00803316166 0.0131401297 0.528920603 0.705882 0.470588 0.156863
v 0.00618771453 0.0131397238 0.529041974 0.705882 0.470588 0.156863
v 0.00434024195 0.0131389345 0.529127489 0.705882 0.470588 0.156863
v 0.00249121494 0.0131375329 0.529166141 0.705882 0.470588 0.156863
v 0.00064199519 0.0131357887 0.529171258 0.705882 0.470588 0.156863
v -0.0012071479 0.0131357848 0.529153393 0.705882 0.470588 0.156863
v -0.00305572807 0.0131349362 0.529097352 0.470588 0.470588 0.470588
v -0.00490240606 0.0131345195 0.528996236 0.470588 0.470588 0.470588
v -0.00674608745 0.0131332106 0.528851675 0.470588 0.470588 0.470588
v -0.00858717144 0.0131327141 0.528678278 0.470588 0.470588 0.470588
v -0.0104251317 0.0131327792 0.528472893 0.470588 0.470588 0.470588
v -0.0122571229 0.0131316203 0.528219359 0.470588 0.470588 0.470588
v -0.0140827109 0.0131316311 0.52792326 0.470588 0.470588 0.470588
v -0.0159008683 0.01313097 0.527585236 0.470588 0.470588 0.470588
v -0.0177133438 0.0131311278 0.527217636 1 0 0
v -0.0195158779 0.0131293987 0.526803676 1 0 0
v -0.0213073393 0.0131310617 0.526344141 1 0 0
v -0.0230871708 0.0131340098 0.525841486 1 0 0
v -0.0248532821 0.0131367806 0.52529254 1 0 0
v -0.0266027293 0.0131368298 0.52469292 1 0 0
v -0.0283385154 0.0131368387 0.524054408 0 1 0
v -0.0300602794 0.013139052 0.523379476 0 1 0
v -0.031761039 0.0131366687 0.522653132 0 1 0
v -0.0334431801 0.0131368713 0.521884479 0 1 0
v -0.0351007149 0.0131333858 0.52106441 0 1 0
v -0.0367336008 0.0131410191 0.520196109 0 1 0
v -0.0383371 0.0131378015 0.519274783 0 1 0
v -0.0399145981 0.0131404914 0.518309387 0 1 0
v -0.0414634752 0.0131440718 0.517298641 0 1 0
v -0.0429887046 0.0131486763 0.516252587 0 1 0
v -0.0444801265 0.0131506523 0.515159278 0 0.501961 1
v -0.0459304828 0.0131404223 0.514011807 0 0.501961 1
v -0.0473359942 0.0131416648 0.512809862 0 0.501961 1
v -0.0486972824 0.0131510426 0.511558073 0 0.501961 1
v -0.0500204558 0.0131591528 0.510265978 0 0.501961 1
v -0.0513037539 0.0131577893 0.508934325 0 0.501961 1
v -0.0525381822 0.0131527713 0.507557322 0 0.501961 1
v -0.0537192862 0.0131630684 0.506134231 0 0.501961 1
v -0.0548543194 0.0131644939 0.504674108 1 0.784314 0
v -0.0559334361 0.0131723896 0.503172217 1 0.784314 0
v -0.0569520721 0.0131748284 0.501628573 1 0.784314 0
v -0.0579176763 0.0131706019 0.500051157 1 0.784314 0
v -0.0588332799 0.0131607537 0.498444285 1 0.784314 0
v -0.0596838688 0.0131680045 0.496802156 1 0.784314 0
v -0.0604652628 0.0131846501 0.495126088 0.705882 0 1
v -0.0611851078 0.0131863484 0.493422539 0.705882 0 1
v -0.0618551949 0.0131910442 0.491698745 0.705882 0 1
v -0.0624808075 0.0131898474 0.489958318 0.705882 0 1
v -0.0630545242 0.0131859074 0.488200156 0.705882 0 1
v -0.0635717149 0.0131946513 0.486424504 0.705882 0 1
v -0.0640266479 0.0131965911 0.484631881 0 0.862745 0.862745
v -0.0644115351 0.013198736 0.482822904 0 0.862745 0.862745
v -0.0647457017 0.0131986372 0.48100399 0 0.862745 0.862745
v -0.0650338316 0.0131965819 0.479177214 0 0.862745 0.862745
v -0.0652788921 0.0131963055 0.477344043 0 0.862745 0.862745
v -0.0654842441 0.0131896553 0.47550598 0 0.862745 0.862745
v -0.0656688619 0.0131997334 0.473665812 0 0.862745 0.862745
v 0.070825534 0.0151918058 0.500766986 0.705882 0 1
v 0.0694202876 0.0151859718 0.502016936 0.705882 0 1
v 0.068008957 0.0151769546 0.503259987 0.705882 0 1
v 0.066583415 0.0151885306 0.504486683 0.705882 0 1
v 0.0651423852 0.015187492 0.505695166 0.705882 0 1
v 0.0636786732 0.0151835016 0.506875943 0.705882 0 1
v 0.0621949381 0.0151831955 0.508031584 0 0.862745 0.862745
v 0.0606936745 0.0151792896 0.509164399 0 0.862745 0.862745
v 0.0591713148 0.0151756791 0.510268578 0 0.862745 0.862745
v 0.05763023 0.0151737995 0.511346478 0 0.862745 0.862745
v 0.0560684011 0.0151708797 0.51239418 0 0.862745 0.862745
v 0.0544819791 0.0151637519 0.513404203 0 0.862745 0.862745
v 0.0528741805 0.0151638953 0.514379783 1 0.470588 0
v 0.0512450451 0.0151570309 0.515319243 1 0.470588 0
v 0.0495974735 0.0151569124 0.516226169 1 0.470588 0
v 0.0479359131 0.015155615 0.517107241 1 0.470588 0
v 0.046255805 0.0151543316 0.517952372 1 0.470588 0
v 0.0445640569 0.0151565649 0.518773767 1 0.470588 0
v 0.042857069 0.0151555793 0.519563274 0.470588 1 0
v 0.0411411662 0.0151597482 0.52033305 0.470588 1 0
v 0.039408476 0.0151604772 0.521064102 0.470588 1 0
v 0.0376654512 0.0151548996 0.521770409 0.470588 1 0
v 0.0359127252 0.0151467648 0.522452008 0.470588 1 0
v 0.0341418765 0.01514799 0.523085239 0.470588 1 0
v 0.032359896 0.0151508495 0.523686538 0.470588 1 0
v 0.0305677129 0.0151544617 0.524256598 0.470588 1 0
v 0.0287645351 0.0151509138 0.524790968 1 0 0.705882
v 0.0269546792 0.0151489463 0.525301207 1 0 0.705882
v 0.0251361089 0.0151473414 0.525780305 1 0 0.705882
v 0.0233054178 0.0151442575 0.526210807 1 0 0.705882
v 0.0214667921 0.0151408038 0.526605125 1 0 0.705882
v 0.0196228241 0.0151382237 0.526973063 1 0 0.705882
v 0.0177739544 0.0151370498 0.527316001 0.313725 0.313725 1
v 0.0159187555 0.0151355529 0.527624184 0.313725 0.313725 1
v 0.0140560337 0.0151327865 0.527883033 0.313725 0.313725 1
v 0.01218892 0.0151297562 0.528106179 0.313725 0.313725 1
v 0.0103189791 0.0151279263 0.528303573 0.313725 0.313725 1
v 0.00844599013 0.0151259717 0.528472096 0.313725 0.313725 1
v 0.0065689099 0.0151235717 0.528588559 0.705882 0.470588 0.156863
v 0.00469047228 0.0151240145 0.528680556 0.705882 0.470588 0.156863
v 0.00281057528 0.0151218345 0.528725372 0.705882 0.470588 0.156863
v 0.000930346971 0.0151205168 0.528743163 0.705882 0.470588 0.156863
v -0.000950079383 0.0151201001 0.528730505 0.705882 0.470588 0.156863
v -0.00282980558 0.0151190001 0.528672615 0.705882 0.470588 0.156863
v -0.00470733808 0.0151169136 0.528566349 0.470588 0.470588 0.470588
v -0.00658212167 0.0151151081 0.528423174 0.470588 0.470588 0.470588
v -0.00845464326 0.0151148781 0.528252674 0.470588 0.470588 0.470588
v -0.0103237499 0.0151148994 0.528045846 0.470588 0.470588 0.470588
v -0.0121865802 0.0151140171 0.527787674 0.470588 0.470588 0.470588
v -0.0140420931 0.0151125191 0.527481841 0.470588 0.470588 0.470588
v -0.0158906679 0.0151115219 0.527137788 0.470588 0.470588 0.470588
v -0.0177330473 0.015111433 0.526761426 0.470588 0.470588 0.470588
v -0.0195662626 0.0151106949 0.526341771 1 0 0
v -0.0213869057 0.0151113446 0.525870396 1 0 0
v -0.0231945713 0.0151137474 0.525351633 1 0 0
v -0.0249882556 0.015117265 0.524786467 1 0 0
v -0.0267647479 0.0151195553 0.524169532 1 0 0
v -0.0285325211 0.015114847 0.523527642 1 0 0
v -0.0302811092 0.0151146735 0.522835175 0 1 0
v -0.032004851 0.0151188933 0.522083165 0 1 0
v -0.0337080929 0.0151198675 0.521285789 0 1 0
v -0.0353869603 0.015112616 0.520438508 0 1 0
v -0.0370419902 0.0151290808 0.519545504 0 1 0
v -0.0386617107 0.0151251479 0.518589711 0 1 0
v -0.0402629204 0.0151312069 0.517603392 0 1 0
v -0.0418298297 0.015137418 0.516563327 0 1 0
v -0.0433718396 0.0151403068 0.515486643 0 1 0
v -0.0448742165 0.0151436914 0.514355597 0 1 0
v -0.0463338344 0.0151414895 0.513170051 0 0.501961 1
v -0.0477464907 0.0151422009 0.511928725 0 0.501961 1
v -0.0491166024 0.015142003 0.510640703 0 0.501961 1
v -0.0504420065 0.0151520588 0.509306686 0 0.501961 1
v -0.0517215111 0.0151608602 0.507928568 0 0.501961 1
v -0.0529544407 0.0151693539 0.50650864 0 0.501961 1
v -0.0541377286 0.0151732551 0.50504717 1 0.784314 0
v -0.0552600253 0.0151714583 0.503538359 1 0.784314 0
v -0.0563253888 0.0151734233 0.501988686 1 0.784314 0
v -0.0573391036 0.0151804432 0.500404764 1 0.784314 0
v -0.0582921007 0.0151882289 0.498783442 1 0.784314 0
v -0.0591831165 0.0151936514 0.497127312 1 0.784314 0
v -0.060001516 0.0151915736 0.495434154 0.705882 0 1
v -0.0607561114 0.015182459 0.493711694 0.705882 0 1
v -0.061456944 0.0151922656 0.491966557 0.705882 0 1
v -0.0621146106 0.0152012595 0.490204733 0.705882 0 1
v -0.0627176059 0.0152101803 0.488423569 0.705882 0 1
v -0.0632498094 0.0152096639 0.486619837 0.705882 0 1
v -0.0637237838 0.0152135022 0.484799981 0 0.862745 0.862745
v -0.0641410028 0.0152139037 0.482966307 0 0.862745 0.862745
v -0.0644892236 0.0152097744 0.481118194 0 0.862745 0.862745
v -0.0647851535 0.0152093472 0.479261146 0 0.862745 0.862745
v -0.0650346934 0.0152075042 0.477397161 0 0.862745 0.862745
v -0.0652448929 0.0152077657 0.475528247 0 0.862745 0.862745
v -0.0654238483 0.015215986 0.473656118 0 0.862745 0.862745
v 0.0705904724 0.0171946093 0.500523692 0.705882 0 1
v 0.069188928 0.0171912842 0.501762016 0.705882 0 1
v 0.0677823199 0.0171802517 0.502994521 0.705882 0 1
v 0.066363198 0.0171888994 0.504212624 0.705882 0 1
v 0.0649268515 0.0171851228 0.505410381 0.705882 0 1
v 0.0634753584 0.0171852208 0.506589631 0.705882 0 1
v 0.0620006313 0.0171802301 0.507739791 0 0.862745 0.862745
v 0.0605042827 0.0171797694 0.508861695 0 0.862745 0.862745
v 0.058989517 0.017175726 0.509958413 0 0.862745 0.862745
v 0.057452937 0.0171717515 0.511024531 0 0.862745 0.862745
v 0.0558946332 0.0171654124 0.512058631 0 0.862745 0.862745
v 0.0543131304 0.0171552116 0.513056804 0 0.862745 0.862745
v 0.0527106944 0.017155438 0.51402106 1 0.470588 0
v 0.0510888572 0.0171503906 0.514952213 1 0.470588 0
v 0.0494505151 0.0171483293 0.515854205 1 0.470588 0
v 0.0477949498 0.0171458347 0.516724147 1 0.470588 0
v 0.0461239631 0.017143767 0.517564048 1 0.470588 0
v 0.0444415386 0.0171460174 0.518380811 1 0.470588 0
v 0.0427413871 0.0171461242 0.51916009 0.470588 1 0
v 0.0410348217 0.0171465089 0.519925132 0.470588 1 0
v 0.0393148 0.0171437603 0.520659255 0.470588 1 0
v 0.0375807049 0.0171472762 0.521359754 0.470588 1 0
v 0.0358358112 0.0171478979 0.522032296 0.470588 1 0
v 0.0340738569 0.0171456404 0.522659275 0.470588 1 0
v 0.0322999762 0.0171398529 0.523251737 0.470588 1 0
v 0.0305168938 0.0171388046 0.523815959 0.470588 1 0
v 0.0287217585 0.017132489 0.524340506 1 0 0.705882
v 0.0269215877 0.0171300727 0.524846757 1 0 0.705882
v 0.0251113061 0.0171264677 0.525316315 1 0 0.705882
v 0.0232903938 0.0171227417 0.525742554 1 0 0.705882
v 0.0214615752 0.0171183965 0.526133076 1 0 0.705882
v 0.0196277447 0.0171153274 0.52649896 1 0 0.705882
v 0.0177887196 0.0171134113 0.526838567 0.313725 0.313725 1
v 0.0159422923 0.0171096369 0.527135386 0.313725 0.313725 1
v 0.0140902941 0.0171068316 0.527395136 0.313725 0.313725 1
v 0.0122333982 0.0171026962 0.527616248 0.313725 0.313725 1
v 0.0103739384 0.0171002176 0.527814777 0.313725 0.313725 1
v 0.00851109306 0.0170946586 0.527980342 0.313725 0.313725 1
v 0.00664409885 0.0170924287 0.528090259 0.705882 0.470588 0.156863
v 0.00477605691 0.0170935916 0.528180582 0.705882 0.470588 0.156863
v 0.00290662309 0.0170913721 0.52822797 0.705882 0.470588 0.156863
v 0.00103673018 0.0170902921 0.528249453 0.705882 0.470588 0.156863
v -0.000833342427 0.0170881128 0.52823446 0.705882 0.470588 0.156863
v -0.00270251078 0.0170868011 0.528174531 0.705882 0.470588 0.156863
v -0.00456970455 0.0170840129 0.528070352 0.470588 0.470588 0.470588
v -0.00643453826 0.0170821959 0.527933164 0.470588 0.470588 0.470588
v -0.00829705885 0.017081764 0.527766273 0.470588 0.470588 0.470588
v -0.0101557534 0.017080544 0.527559754 0.470588 0.470588 0.470588
v -0.0120077745 0.0170794448 0.527300054 0.470588 0.470588 0.470588
v -0.0138532312 0.0170772166 0.526998317 0.470588 0.470588 0.470588
v -0.0156927849 0.0170762263 0.526663619 0.470588 0.470588 0.470588
v -0.0175253743 0.0170766816 0.526291669 0.470588 0.470588 0.470588
v -0.0193488444 0.0170775801 0.525876335 1 0 0
v -0.0211584836 0.0170751322 0.525404344 1 0 0
v -0.0229576297 0.0170751915 0.52489448 1 0 0
v -0.0247419806 0.0170811287 0.524334705 1 0 0
v -0.026510277 0.0170865842 0.523725869 1 0 0
v -0.0282677031 0.0170817961 0.523086437 1 0 0
v -0.0300082893 0.0170894039 0.522402361 0 1 0
v -0.0317295992 0.0170965358 0.521671179 0 1 0
v -0.0334235286 0.0170973477 0.520878894 0 1 0
v -0.0350930323 0.017088139 0.520036308 0 1 0
v -0.0367392043 0.0170952497 0.519148919 0 1 0
v -0.0383572008 0.0171002344 0.51821106 0 1 0
v -0.0399536247 0.0171015753 0.517236986 0 1 0
v -0.041515923 0.017113004 0.516209008 0 1 0
v -0.0430493191 0.0171198844 0.51513851 0 1 0
v -0.044543062 0.0171230501 0.514013451 0 1 0
v -0.0460005399 0.0171268394 0.512841588 0 0.501961 1
v -0.047420214 0.0171353754 0.511624198 0 0.501961 1
v -0.0487889346 0.0171411417 0.510349789 0 0.501961 1
v -0.0501147508 0.0171444515 0.509030814 0 0.501961 1
v -0.0513972189 0.0171456339 0.507669676 0 0.501961 1
v -0.0526291694 0.0171558537 0.506262766 0 0.501961 1
v -0.0538053457 0.0171607911 0.504808954 1 0.784314 0
v -0.0549263783 0.0171665833 0.503312212 1 0.784314 0
v -0.0559955456 0.017171539 0.501777964 1 0.784314 0
v -0.0570114817 0.0171768046 0.500207979 1 0.784314 0
v -0.0579688231 0.0171838063 0.498601552 1 0.784314 0
v -0.0588578931 0.0171853704 0.496956382 1 0.784314 0
v -0.0596796623 0.0171890565 0.495276653 0.705882 0 1
v -0.0604418916 0.0171975053 0.493569026 0.705882 0 1
v -0.061153946 0.0172030297 0.491839775 0.705882 0 1
v -0.0618176909 0.0172112164 0.490091556 0.705882 0 1
v -0.0624224263 0.0172118177 0.488322003 0.705882 0 1
v -0.0629661399 0.0172211205 0.486532658 0.705882 0 1
v -0.0634412034 0.0172234809 0.48472392 0 0.862745 0.862745
v -0.0638601094 0.0172258525 0.482901306 0 0.862745 0.862745
v -0.0642273132 0.0172288894 0.481067483 0 0.862745 0.862745
v -0.0645235078 0.0172279502 0.479220852 0 0.862745 0.862745
v -0.0647614181 0.0172252807 0.477365893 0 0.862745 0.862745
v -0.0649676638 0.0172252437 0.475507101 0 0.862745 0.862745
v -0.0651394392 0.0172270372 0.473644789 0 0.862745 0.862745
v 0.0703241968 0.0191892482 0.500247895 0.470588 1 0
v 0.0689232732 0.0191826637 0.50146875 0.470588 1 0
v 0.0675247603 0.0191708234 0.502692295 0.470588 1 0
v 0.0661129062 0.0191802186 0.503900456 0.470588 1 0
v 0.0646863457 0.0191735735 0.505091241 0.470588 1 0
v 0.0632458978 0.0191720908 0.506265214 0.470588 1 0
v 0.0617787328 0.0191710665 0.507405631 1 0 0.705882
v 0.0602908199 0.0191646019 0.508518768 1 0 0.705882
v 0.0587831336 0.0191612536 0.509604929 1 0 0.705882
v 0.0572532198 0.0191524162 0.510659591 1 0 0.705882
v 0.0556975382 0.0191529416 0.51167591 1 0 0.705882
v 0.054123522 0.0191464994 0.512663421 1 0 0.705882
v 0.0525286776 0.0191395503 0.513616923 0.313725 0.313725 1
v 0.0509152855 0.0191313214 0.514538732 0.313725 0.313725 1
v 0.0492852882 0.0191273472 0.515430991 0.313725 0.313725 1
v 0.0476395564 0.0191253127 0.516293855 0.313725 0.313725 1
v 0.0459798025 0.0191232302 0.517129446 0.313725 0.313725 1
v 0.0443053018 0.0191240926 0.517935072 0.313725 0.313725 1
v 0.0426162754 0.0191211892 0.51870984 0.705882 0.470588 0.156863
v 0.040918821 0.0191207488 0.519465803 0.705882 0.470588 0.156863
v 0.0392108087 0.019117374 0.520197793 0.705882 0.470588 0.156863
v 0.0374860669 0.0191172478 0.520889422 0.705882 0.470588 0.156863
v 0.0357502216 0.0191205165 0.521552643 0.705882 0.470588 0.156863
v 0.0340012749 0.01911477 0.522180499 0.705882 0.470588 0.156863
v 0.0322362085 0.0191103341 0.52276147 0.705882 0.470588 0.156863
v 0.0304615503 0.0191040688 0.523312538 0.705882 0.470588 0.156863
v 0.0286768001 0.0191000456 0.523829861 0.470588 0.470588 0.470588
v 0.026887141 0.0190965744 0.524329779 0.470588 0.470588 0.470588
v 0.0250856913 0.019090348 0.524785646 0.470588 0.470588 0.470588
v 0.023275545 0.0190810502 0.525205542 0.470588 0.470588 0.470588
v 0.0214591869 0.0190805882 0.52559762 0.470588 0.470588 0.470588
v 0.0196369962 0.0190771198 0.525961499 0.470588 0.470588 0.470588
v 0.0178080257 0.0190718746 0.526289626 1 0 0
v 0.0159730526 0.0190674665 0.526582349 1 0 0
v 0.0141331424 0.0190645266 0.526842234 1 0 0
v 0.0122883177 0.019059794 0.527064483 1 0 0
v 0.0104401433 0.0190540533 0.527257174 1 0 0
v 0.00858848149 0.0190507744 0.527413167 1 0 0
v 0.00673360782 0.0190449389 0.527523737 0 1 0
v 0.00487755096 0.0190438734 0.527612591 0 1 0
v 0.00302008556 0.0190438234 0.527666639 0 1 0
v 0.00116200299 0.0190416332 0.527687297 0 1 0
v -0.000696093859 0.0190372175 0.527669649 0 1 0
v -0.00255332242 0.0190362758 0.527610467 0 1 0
v -0.00440877871 0.0190332357 0.527510706 0 0.501961 1
v -0.00626234875 0.0190317448 0.527381358 0 0.501961 1
v -0.00811282873 0.0190290234 0.527212577 0 0.501961 1
v -0.00995919996 0.0190275197 0.52700358 0 0.501961 1
v -0.0117999316 0.0190277171 0.526749719 0 0.501961 1
v -0.0136340884 0.0190242177 0.52645283 0 0.501961 1
v -0.0154634122 0.0190268662 0.526127713 0 0.501961 1
v -0.0172844469 0.0190324358 0.525757806 0 0.501961 1
v -0.0190954672 0.0190268873 0.525341499 1 0.784314 0
v -0.0208946038 0.0190257082 0.524876585 1 0.784314 0
v -0.0226841483 0.0190249723 0.524377241 1 0.784314 0
v -0.0244609033 0.0190348934 0.52383326 1 0.784314 0
v -0.0262177926 0.0190382841 0.523227974 1 0.784314 0
v -0.0279645446 0.019041339 0.522594653 1 0.784314 0
v -0.0296945601 0.0190425915 0.521916415 0.705882 0 1
v -0.0314089216 0.0190433516 0.521199531 0.705882 0 1
v -0.0330968558 0.0190507921 0.520422694 0.705882 0 1
v -0.0347572581 0.0190488611 0.519588711 0.705882 0 1
v -0.0363976991 0.0190499504 0.518715884 0.705882 0 1
v -0.0380043482 0.019055731 0.517782729 0.705882 0 1
v -0.039594775 0.0190532848 0.516821732 0.705882 0 1
v -0.0411500468 0.0190678231 0.515804912 0.705882 0 1
v -0.0426784933 0.0190774372 0.514748359 0.705882 0 1
v -0.0441659546 0.0190839271 0.513634914 0.705882 0 1
v -0.0456170351 0.0190898796 0.512474228 0 0.862745 0.862745
v -0.047029621 0.0190970141 0.511267144 0 0.862745 0.862745
v -0.0484006383 0.019102202 0.510013318 0 0.862745 0.862745
v -0.0497255589 0.0191058584 0.508710736 0 0.862745 0.862745
v -0.0510060961 0.0191158819 0.507364477 0 0.862745 0.862745
v -0.0522350654 0.0191285749 0.505971313 0 0.862745 0.862745
v -0.0534113356 0.0191369799 0.504532993 1 0.470588 0
v -0.0545420309 0.0191433743 0.503058589 1 0.470588 0
v -0.0556161346 0.0191510776 0.501542238 1 0.470588 0
v -0.0566305686 0.0191575787 0.499985449 1 0.470588 0
v -0.0575782227 0.0191641389 0.498387291 1 0.470588 0
v -0.0584678927 0.0191683615 0.496756195 1 0.470588 0
v -0.0593026509 0.0191823675 0.495096277 0.470588 1 0
v -0.0600775123 0.0191904241 0.493407366 0.470588 1 0
v -0.0607994604 0.0192018225 0.491695118 0.470588 1 0
v -0.0614705445 0.019207047 0.489962457 0.470588 1 0
v -0.0620788525 0.0192119964 0.488206742 0.470588 1 0
v -0.0626248444 0.0192216018 0.48643059 0.470588 1 0
v -0.0631024159 0.0192224357 0.484634801 1 0 0.705882
v -0.0635246236 0.019228357 0.48282531 1 0 0.705882
v -0.063894036 0.0192286459 0.481004239 1 0 0.705882
v -0.0642034162 0.0192328373 0.479172123 1 0 0.705882
v -0.0644428483 0.0192328029 0.477329594 1 0 0.705882
v -0.0646423846 0.0192321412 0.475482095 1 0 0.705882
v -0.0648132216 0.0192317158 0.473631707 1 0 0.705882
v 0.0700190283 0.0211723543 0.499932158 0.470588 1 0
v 0.0685966992 0.0211644104 0.501170251 0.470588 1 0
v 0.0671726941 0.0211543584 0.502406379 0.470588 1 0
v 0.065739693 0.0211617934 0.503632093 0.470588 1 0
v 0.0642916642 0.0211550248 0.50483998 0.470588 1 0
v 0.0628244501 0.0211571691 0.506024496 0.470588 1 0
v 0.0613326046 0.0211546239 0.507177858 1 0 0.705882
v 0.0598167641 0.0211452253 0.508299342 1 0 0.705882
v 0.058278795 0.0211417665 0.509390373 1 0 0.705882
v 0.0567204646 0.0211351391 0.510452192 1 0 0.705882
v 0.0551346984 0.021123374 0.511472543 1 0 0.705882
v 0.0535297791 0.0211105345 0.51246226 1 0 0.705882
v 0.0519023668 0.0211094331 0.513414603 0.313725 0.313725 1
v 0.0502554033 0.021097443 0.514332898 0.313725 0.313725 1
v 0.0485969567 0.0210946118 0.515230286 0.313725 0.313725 1
v 0.0469200338 0.0210907778 0.516092702 0.313725 0.313725 1
v 0.0452315914 0.021090874 0.516932292 0.313725 0.313725 1
v 0.0435251442 0.0210902008 0.517734768 0.313725 0.313725 1
v 0.0418051936 0.0210833706 0.518507836 0.705882 0.470588 0.156863
v 0.0400731499 0.0210844167 0.519253343 0.705882 0.470588 0.156863
v 0.0383318554 0.0210861213 0.519976955 0.705882 0.470588 0.156863
v 0.0365742538 0.0210811586 0.52066009 0.705882 0.470588 0.156863
v 0.0348032469 0.0210774901 0.521307572 0.705882 0.470588 0.156863
v 0.0330213649 0.0210723764 0.52192436 0.705882 0.470588 0.156863
v 0.0312233433 0.0210631109 0.522492483 0.470588 0.470588 0.470588
v 0.0294162489 0.0210552504 0.52303126 0.470588 0.470588 0.470588
v 0.0276013457 0.021047344 0.523542938 0.470588 0.470588 0.470588
v 0.0257745331 0.0210382496 0.524010219 0.470588 0.470588 0.470588
v 0.0239415751 0.0210278545 0.524452725 0.470588 0.470588 0.470588
v 0.0221006749 0.0210245939 0.524861321 0.470588 0.470588 0.470588
v 0.0202529462 0.0210190487 0.525237531 1 0 0
v 0.0183982847 0.0210140426 0.52557802 1 0 0
v 0.0165377811 0.0210097232 0.525884966 1 0 0
v 0.014671726 0.0210043275 0.526156408 1 0 0
v 0.0128007278 0.0209967101 0.526391085 1 0 0
v 0.0109254311 0.0209872267 0.526588017 1 0 0
v 0.00904666671 0.0209815254 0.526748797 0 1 0
v 0.00716521925 0.0209814588 0.526874723 0 1 0
v 0.00528187919 0.0209720959 0.52696875 0 1 0
v 0.00339719789 0.0209756307 0.527030906 0 1 0
v 0.00151173108 0.020970798 0.527054964 0 1 0
v -0.000373859477 0.0209677753 0.527040999 0 1 0
v -0.00225873268 0.0209660678 0.526987123 0 0.501961 1
v -0.0041421055 0.020962857 0.52689387 0 0.501961 1
v -0.0060231325 0.0209587871 0.526761939 0 0.501961 1
v -0.0079007938 0.0209583876 0.526588402 0 0.501961 1
v -0.00977425172 0.0209546499 0.526373828 0 0.501961 1
v -0.0116433835 0.0209554572 0.526124672 0 0.501961 1
v -0.0135052467 0.0209533274 0.525826361 0 0.501961 1
v -0.0153611615 0.0209579583 0.525493058 0 0.501961 1
v -0.0172063247 0.0209566973 0.525104117 1 0.784314 0
v -0.019045388 0.0209520482 0.524687514 1 0.784314 0
v -0.0208711496 0.0209556156 0.524216041 1 0.784314 0
v -0.0226840395 0.0209515602 0.523698739 1 0.784314 0
v -0.0244883805 0.0209645844 0.523152117 1 0.784314 0
v -0.0262714142 0.0209677464 0.52253833 1 0.784314 0
v -0.0280413751 0.0209673591 0.521888027 0.705882 0 1
v -0.0297963709 0.0209672119 0.521198483 0.705882 0 1
v -0.0315297639 0.0209759613 0.520456455 0.705882 0 1
v -0.0332379682 0.0209871102 0.519658022 0.705882 0 1
v -0.0349212389 0.0209869182 0.518808339 0.705882 0 1
v -0.0365730917 0.0209874073 0.5178991 0.705882 0 1
v -0.0382008425 0.0209916175 0.516947186 0.705882 0 1
v -0.0398056913 0.0209967127 0.515957417 0.705882 0 1
v -0.0413792706 0.0210067262 0.514918422 0.705882 0 1
v -0.0429161291 0.0210158596 0.513826233 0.705882 0 1
v -0.0444134469 0.0210226571 0.512680161 0 0.862745 0.862745
v -0.0458738044 0.0210275384 0.511487391 0 0.862745 0.862745
v -0.0472971714 0.0210422108 0.510250743 0 0.862745 0.862745
v -0.0486709433 0.0210569389 0.50895954 0 0.862745 0.862745
v -0.0499982532 0.0210709555 0.507620396 0 0.862745 0.862745
v -0.0512774003 0.0210829799 0.506235273 0 0.862745 0.862745
v -0.0524934916 0.0210902359 0.504794625 1 0.470588 0
v -0.0536732292 0.021090807 0.503323629 1 0.470588 0
v -0.0547915803 0.0211096254 0.501805533 1 0.470588 0
v -0.0558520116 0.0211222849 0.500246393 1 0.470588 0
v -0.056843581 0.0211307574 0.498642535 1 0.470588 0
v -0.0577737099 0.0211423239 0.497002441 1 0.470588 0
v -0.0586498644 0.0211552146 0.49533308 0.470588 1 0
v -0.0594673499 0.0211687218 0.493634107 0.470588 1 0
v -0.0602299787 0.0211779495 0.491909645 0.470588 1 0
v -0.0609319055 0.0211897013 0.490159623 0.470588 1 0
v -0.0615697499 0.0212011962 0.488385229 0.470588 1 0
v -0.0621441362 0.0212085838 0.4865892 0.470588 1 0
v -0.062649896 0.0212153574 0.484772652 1 0 0.705882
v -0.0630923586 0.0212214625 0.482939878 1 0 0.705882
v -0.0634738881 0.0212231013 0.481093237 1 0 0.705882
v -0.0638046988 0.02123 0.479236862 1 0 0.705882
v -0.0640590461 0.0212301015 0.477368669 1 0 0.705882
v -0.0642650145 0.0212295933 0.475494252 1 0 0.705882
v -0.0644401725 0.0212281694 0.473616693 1 0 0.705882
v 0.0696794791 0.0231440455 0.4995817 0.470588 1 0
v 0.0682710409 0.0231376662 0.500812115 0.470588 1 0
v 0.0668591407 0.0231291189 0.502038524 0.470588 1 0
v 0.0654326782 0.0231331748 0.503247996 0.470588 1 0
v 0.0639925091 0.0231243553 0.504441061 1 0 0.705882
v 0.0625369441 0.0231225419 0.50561533 1 0 0.705882
v 0.0610526691 0.0231175349 0.506753075 1 0 0.705882
v 0.0595479542 0.0231144896 0.507863541 1 0 0.705882
v 0.0580192327 0.0231047094 0.508940724 1 0 0.705882
v 0.0564682242 0.0230960462 0.509985659 1 0 0.705882
v 0.0548944259 0.0230873216 0.510995799 0.313725 0.313725 1
v 0.0532994776 0.0230770838 0.511972206 0.313725 0.313725 1
v 0.0516845953 0.0230642159 0.512915347 0.313725 0.313725 1
v 0.0500518413 0.0230559058 0.513827299 0.313725 0.313725 1
v 0.0484012733 0.0230506873 0.51470665 0.313725 0.313725 1
v 0.0467359332 0.0230427214 0.515557638 0.313725 0.313725 1
v 0.045060684 0.0230417344 0.516388799 0.705882 0.470588 0.156863
v 0.0433648168 0.0230383613 0.517177258 0.705882 0.470588 0.156863
v 0.0416558286 0.0230331833 0.517936708 0.705882 0.470588 0.156863
v 0.0399375289 0.0230317222 0.51867491 0.705882 0.470588 0.156863
v 0.0382083388 0.0230310879 0.519387334 0.705882 0.470588 0.156863
v 0.0364612668 0.0230223388 0.520054502 0.705882 0.470588 0.156863
v 0.0347046002 0.0230153843 0.520696041 0.470588 0.470588 0.470588
v 0.0329337746 0.0230036741 0.521297392 0.470588 0.470588 0.470588
v 0.0311518111 0.0229978239 0.52186485 0.470588 0.470588 0.470588
v 0.0293560775 0.0229848254 0.522387171 0.470588 0.470588 0.470588
v 0.0275549239 0.0229736391 0.522890266 0.470588 0.470588 0.470588
v 0.025742955 0.022964146 0.523353202 0.470588 0.470588 0.470588
v 0.0239248754 0.0229542369 0.523791353 0.470588 0.470588 0.470588
v 0.0220981608 0.0229469837 0.524192126 0.470588 0.470588 0.470588
v 0.0202650713 0.0229395921 0.524562346 1 0 0
v 0.018425102 0.0229335417 0.524896867 1 0 0
v 0.0165794469 0.0229270854 0.52519858 1 0 0
v 0.0147285018 0.0229197918 0.525465956 1 0 0
v 0.012872844 0.0229094167 0.52569799 1 0 0
v 0.0110127403 0.0229016017 0.525890658 1 0 0
v 0.00914924215 0.022895227 0.526048452 0 1 0
v 0.00728345583 0.022891518 0.526176577 0 1 0
v 0.00541551973 0.0228842054 0.526267739 0 1 0
v 0.00354637472 0.0228838027 0.526329889 0 1 0
v 0.0016764556 0.0228774845 0.526356755 0 1 0
v -0.000193626828 0.0228742951 0.526342922 0 1 0
v -0.00206308 0.0228718386 0.526291956 0 0.501961 1
v -0.00393092822 0.0228663898 0.526198891 0 0.501961 1
v -0.00579659236 0.0228633084 0.52606965 0 0.501961 1
v -0.00765868498 0.0228638659 0.525896632 0 0.501961 1
v -0.00951704417 0.0228584788 0.525686844 0 0.501961 1
v -0.0113716888 0.0228588219 0.525446619 0 0.501961 1
v -0.013218447 0.0228591624 0.525151643 0 0.501961 1
v -0.0150592828 0.0228594687 0.524821811 0 0.501961 1
v -0.0168900371 0.0228562755 0.524440003 1 0.784314 0
v -0.0187151123 0.0228552592 0.524031893 1 0.784314 0
v -0.0205277152 0.0228597614 0.52357166 1 0.784314 0
v -0.0223286806 0.0228576693 0.523067522 1 0.784314 0
v -0.0241186518 0.0228676378 0.522525999 1 0.784314 0
v -0.0258864031 0.0228674687 0.521915546 1 0.784314 0
v -0.0276442157 0.0228659117 0.521277209 0.705882 0 1
v -0.0293874581 0.022874316 0.520600223 0.705882 0 1
v -0.0311074892 0.0228859384 0.519866433 0.705882 0 1
v -0.0328060253 0.0228934262 0.519084118 0.705882 0 1
v -0.034477307 0.0228927106 0.518245273 0.705882 0 1
v -0.0361222494 0.0228960016 0.517355594 0.705882 0 1
v -0.0377442061 0.0229052851 0.516424793 0.705882 0 1
v -0.0393379163 0.0229132231 0.515446393 0.705882 0 1
v -0.0408995463 0.0229221618 0.514417465 0.705882 0 1
v -0.0424361707 0.0229341968 0.513351927 0.705882 0 1
v -0.0439270954 0.0229394486 0.512223202 0 0.862745 0.862745
v -0.0453739196 0.0229518454 0.511038521 0 0.862745 0.862745
v -0.0467907081 0.0229708996 0.50981821 0 0.862745 0.862745
v -0.0481670317 0.0229869049 0.508552451 0 0.862745 0.862745
v -0.0494919594 0.0229984543 0.507232839 0 0.862745 0.862745
v -0.0507656852 0.0230113197 0.505864094 0 0.862745 0.862745
v -0.0519768343 0.0230218385 0.50443943 1 0.470588 0
v -0.0531441408 0.0230334249 0.502978406 1 0.470588 0
v -0.0542671623 0.023048989 0.50148329 1 0.470588 0
v -0.055328174 0.0230614706 0.499943607 1 0.470588 0
v -0.0563297144 0.0230733616 0.498364484 1 0.470588 0
v -0.0572765236 0.0230920305 0.49675185 1 0.470588 0
v -0.0581607253 0.023111543 0.495103984 0.470588 1 0
v -0.0589844762 0.0231208326 0.493425097 0.470588 1 0
v -0.0597496548 0.0231382407 0.491718821 0.470588 1 0
v -0.0604567243 0.0231578874 0.489987742 0.470588 1 0
v -0.0611035136 0.0231729503 0.48823332 0.470588 1 0
v -0.0616833263 0.0231833898 0.486455459 0.470588 1 0
v -0.0621954041 0.023192094 0.484656867 1 0 0.705882
v -0.0626409302 0.0231970153 0.482840739 1 0 0.705882
v -0.0630276527 0.0232035797 0.481011138 1 0 0.705882
v -0.063357407 0.0232112199 0.479170317 1 0 0.705882
v -0.0636236891 0.0232142258 0.47731933 1 0 0.705882
v -0.0638356209 0.0232152396 0.475461224 1 0 0.705882
v -0.0640127611 0.0232137861 0.47359945 1 0 0.705882
v 0.0693129363 0.0251058593 0.499203979 0.470588 1 0
v 0.0679143914 0.0250990258 0.50041955 0.470588 1 0
v 0.0665132779 0.0250905583 0.501632137 0.470588 1 0
v 0.0650931631 0.0250895027 0.502822457 0.470588 1 0
v 0.0636645279 0.0250846619 0.504002472 1 0 0.705882
v 0.0622175306 0.0250747682 0.505159914 1 0 0.705882
v 0.0607421695 0.0250691615 0.506280916 1 0 0.705882
v 0.0592483409 0.0250607471 0.507377167 1 0 0.705882
v 0.0577310117 0.0250537373 0.508440747 1 0 0.705882
v 0.0561894394 0.0250402097 0.509468778 1 0 0.705882
v 0.0546297177 0.0250289145 0.510468989 0.313725 0.313725 1
v 0.0530495833 0.0250132878 0.511436433 0.313725 0.313725 1
v 0.0514472054 0.0250097264 0.512366991 0.313725 0.313725 1
v 0.0498268948 0.0249983744 0.513265852 0.313725 0.313725 1
v 0.0481887175 0.0249889201 0.514131594 0.313725 0.313725 1
v 0.0465350427 0.024977654 0.514967422 0.313725 0.313725 1
v 0.0448733005 0.0249740525 0.515787173 0.705882 0.470588 0.156863
v 0.0431893653 0.0249675151 0.516560408 0.705882 0.470588 0.156863
v 0.0414953605 0.0249632158 0.517311151 0.705882 0.470588 0.156863
v 0.0397914017 0.0249582221 0.518039219 0.705882 0.470588 0.156863
v 0.0380724185 0.024950728 0.518730845 0.705882 0.470588 0.156863
v 0.036340744 0.0249421618 0.519390009 0.705882 0.470588 0.156863
v 0.034597378 0.0249319538 0.520017769 0.470588 0.470588 0.470588
v 0.032837561 0.0249150898 0.520597653 0.470588 0.470588 0.470588
v 0.031071645 0.0249053076 0.521158911 0.470588 0.470588 0.470588
v 0.029292125 0.0248913159 0.521675342 0.470588 0.470588 0.470588
v 0.0275077803 0.0248806996 0.522174764 0.470588 0.470588 0.470588
v 0.0257108483 0.0248655611 0.522626851 0.470588 0.470588 0.470588
v 0.0239094467 0.0248564965 0.523060874 0.470588 0.470588 0.470588
v 0.0220988048 0.0248456656 0.523454445 0.470588 0.470588 0.470588
v 0.0202818759 0.0248365363 0.523817749 1 0 0
v 0.0184585206 0.0248289181 0.52414749 1 0 0
v 0.0166290184 0.0248162942 0.524441044 1 0 0
v 0.0147949984 0.0248099055 0.524705169 1 0 0
v 0.0129562396 0.0247962924 0.524933459 1 0 0
v 0.0111133942 0.0247879528 0.525126296 1 0 0
v 0.00926663328 0.0247812281 0.525278056 0 1 0
v 0.00741839373 0.0247739426 0.525410024 0 1 0
v 0.0055678376 0.0247701518 0.525503153 0 1 0
v 0.0037160122 0.0247676852 0.525567212 0 1 0
v 0.00186327481 0.0247601923 0.525591604 0 1 0
v 1.03911159e-05 0.0247550759 0.525577284 0 1 0
v -0.00184177537 0.0247486486 0.525522964 0 0.501961 1
v -0.00369263797 0.0247438563 0.525435071 0 0.501961 1
v -0.00554134505 0.0247420837 0.525310098 0 0.501961 1
v -0.00738689997 0.0247421377 0.525145002 0 0.501961 1
v -0.00922850679 0.0247368294 0.524940107 0 0.501961 1
v -0.0110659437 0.0247368207 0.52470088 0 0.501961 1
v -0.0128960033 0.0247322478 0.524410827 0 0.501961 1
v -0.0147207093 0.0247334826 0.524088416 0 0.501961 1
v -0.0165358989 0.0247322567 0.523716282 1 0.784314 0
v -0.0183441949 0.0247306126 0.523311871 1 0.784314 0
v -0.020142996 0.024735515 0.52286747 1 0.784314 0
v -0.0219292685 0.0247371162 0.522374918 1 0.784314 0
v -0.023701981 0.0247391325 0.521835479 1 0.784314 0
v -0.0254564039 0.0247400488 0.521239224 1 0.784314 0
v -0.0271995399 0.0247366133 0.52061081 0.705882 0 1
v -0.0289254777 0.0247418673 0.519936564 0.705882 0 1
v -0.0306340606 0.0247555681 0.519219682 0.705882 0 1
v -0.0323223331 0.0247699654 0.518456491 0.705882 0 1
v -0.0339822757 0.0247762948 0.517633473 0.705882 0 1
v -0.0356176576 0.0247810737 0.516762415 0.705882 0 1
v -0.0372279831 0.0247873728 0.515845795 0.705882 0 1
v -0.0388079508 0.0247935175 0.514877932 0.705882 0 1
v -0.0403607019 0.0248053317 0.513866935 0.705882 0 1
v -0.0418902733 0.0248254437 0.512821506 0.705882 0 1
v -0.0433787483 0.0248344962 0.51171819 0 0.862745 0.862745
v -0.0448290641 0.0248494248 0.510565066 0 0.862745 0.862745
v -0.0462334386 0.0248660305 0.509356781 0 0.862745 0.862745
v -0.0475997244 0.0248812076 0.508105288 0 0.862745 0.862745
v -0.0489195698 0.0248944902 0.506804843 0 0.862745 0.862745
v -0.0501909981 0.0249088102 0.505457031 0 0.862745 0.862745
v -0.0514059651 0.0249237798 0.504058093 1 0.470588 0
v -0.0525686008 0.0249327898 0.502615292 1 0.470588 0
v -0.0536789278 0.0249559414 0.50113205 1 0.470588 0
v -0.0547426029 0.0249811285 0.499615026 1 0.470588 0
v -0.0557466556 0.0250014881 0.498058088 1 0.470588 0
v -0.0566957635 0.0250204156 0.496467207 1 0.470588 0
v -0.0575869582 0.0250404957 0.494843054 0.470588 1 0
v -0.0584206556 0.0250647285 0.493188521 0.470588 1 0
v -0.0591938293 0.0250875473 0.49150472 0.470588 1 0
v -0.0599119939 0.0251051425 0.489796895 0.470588 1 0
v -0.0605630995 0.0251191338 0.488062589 0.470588 1 0
v -0.0611530612 0.0251370217 0.486306307 0.470588 1 0
v -0.0616792248 0.0251504365 0.484529708 1 0 0.705882
v -0.0621201738 0.0251591509 0.482730027 1 0 0.705882
v -0.0625033411 0.0251652739 0.480917249 1 0 0.705882
v -0.0628398245 0.0251735528 0.479095174 1 0 0.705882
v -0.0631115137 0.0251789983 0.477262338 1 0 0.705882
v -0.0633391953 0.0251846693 0.475423417 1 0 0.705882
v -0.0635258913 0.0251857598 0.473579906 1 0 0.705882
v 0.0689112587 0.0270534871 0.498790398 0.470588 1 0
v 0.0674947974 0.0270474998 0.500019974 0.470588 1 0
v 0.0660691193 0.0270348231 0.501238765 0.470588 1 0
v 0.0646257347 0.027030071 0.502436609 0.470588 1 0
v 0.0631725028 0.0270238674 0.503622495 1 0 0.705882
v 0.0616974036 0.0270161106 0.504781033 1 0 0.705882
v 0.0602010008 0.0270066355 0.505911833 1 0 0.705882
v 0.0586805287 0.0269872126 0.507009853 1 0 0.705882
v 0.057134202 0.026978308 0.508071464 1 0 0.705882
v 0.0555669781 0.0269651028 0.50910186 1 0 0.705882
v 0.0539789701 0.0269501782 0.510099845 0.313725 0.313725 1
v 0.0523730748 0.0269380813 0.51106878 0.313725 0.313725 1
v 0.0507447493 0.0269230969 0.511999665 0.313725 0.313725 1
v 0.0490963652 0.0269092451 0.51289455 0.313725 0.313725 1
v 0.0474313203 0.0269005161 0.513757953 0.313725 0.313725 1
v 0.0457503334 0.0268868308 0.51458993 0.313725 0.313725 1
v 0.0440578515 0.026878813 0.515398186 0.705882 0.470588 0.156863
v 0.04234955 0.0268732115 0.516172707 0.705882 0.470588 0.156863
v 0.0406259471 0.0268635767 0.516912237 0.705882 0.470588 0.156863
v 0.0388912507 0.02685228 0.51762548 0.705882 0.470588 0.156863
v 0.0371437134 0.0268425512 0.518306803 0.705882 0.470588 0.156863
v 0.0353831399 0.0268300672 0.518953543 0.705882 0.470588 0.156863
v 0.0336077811 0.0268133298 0.5195579 0.470588 0.470588 0.470588
v 0.0318198861 0.0267941722 0.520124704 0.470588 0.470588 0.470588
v 0.0300236923 0.0267788527 0.520664426 0.470588 0.470588 0.470588
v 0.0282199678 0.0267657111 0.521178862 0.470588 0.470588 0.470588
v 0.02640518 0.0267487668 0.521652041 0.470588 0.470588 0.470588
v 0.0245821345 0.0267339445 0.522093046 0.470588 0.470588 0.470588
v 0.0227525544 0.026719446 0.522505948 0.470588 0.470588 0.470588
v 0.0209161554 0.0267136696 0.522887676 0.470588 0.470588 0.470588
v 0.019071558 0.0266961335 0.523227186 1 0 0
v 0.0172218017 0.0266866577 0.523537475 1 0 0
v 0.0153656023 0.0266743431 0.523806098 1 0 0
v 0.0135050744 0.0266611203 0.52404367 1 0 0
v 0.0116403081 0.0266493334 0.524245165 1 0 0
v 0.00977167743 0.0266368318 0.524406536 1 0 0
v 0.0079012209 0.026631815 0.524546425 0 1 0
v 0.00602850386 0.0266267972 0.524651149 0 1 0
v 0.00415435951 0.0266213635 0.524725861 0 1 0
v 0.00227900614 0.0266126941 0.524758793 0 1 0
v 0.000403502823 0.0266053567 0.52473477 0 1 0
v -0.0014716471 0.026600101 0.524692458 0 1 0
v -0.00334531829 0.0265927891 0.524606307 0 0.501961 1
v -0.00521689783 0.0265899924 0.524483749 0 0.501961 1
v -0.00708606996 0.0265892644 0.524327563 0 0.501961 1
v -0.00895085052 0.0265849988 0.52412571 0 0.501961 1
v -0.0108096288 0.0265810593 0.523874476 0 0.501961 1
v -0.0126623661 0.0265753158 0.523583219 0 0.501961 1
v -0.0145094431 0.0265758429 0.523257158 0 0.501961 1
v -0.0163482574 0.0265779926 0.522887319 0 0.501961 1
v -0.0181774518 0.0265753563 0.522472759 1 0.784314 0
v -0.0199978771 0.0265780858 0.522021148 1 0.784314 0
v -0.0218073376 0.0265786318 0.521527144 1 0.784314 0
v -0.0235981068 0.0265839716 0.520969607 1 0.784314 0
v -0.02537319 0.0265837023 0.520363795 1 0.784314 0
v -0.0271348375 0.0265867511 0.519719777 1 0.784314 0
v -0.0288825043 0.026589759 0.519038773 0.705882 0 1
v -0.0306064193 0.0265997039 0.518299824 0.705882 0 1
v -0.0323123351 0.0266162248 0.517520614 0.705882 0 1
v -0.0339920487 0.0266251464 0.516686547 0.705882 0 1
v -0.0356419188 0.0266332317 0.515794606 0.705882 0 1
v -0.0372635216 0.0266399191 0.514852061 0.705882 0 1
v -0.0388559572 0.0266499856 0.513861096 0.705882 0 1
v -0.0404240064 0.0266679965 0.512832128 0.705882 0 1
v -0.0419609587 0.0266906086 0.511757671 0 0.862745 0.862745
v -0.0434556547 0.0267058626 0.510624963 0 0.862745 0.862745
v -0.0449169884 0.0267238814 0.509449225 0 0.862745 0.862745
v -0.0463224359 0.0267369696 0.508207411 0 0.862745 0.862745
v -0.047682555 0.0267572557 0.506916204 0 0.862745 0.862745
v -0.048993854 0.0267789042 0.505575568 0 0.862745 0.862745
v -0.0502612339 0.0268026568 0.504193313 1 0.470588 0
v -0.0514769156 0.0268212604 0.502765164 1 0.470588 0
v -0.0526326152 0.0268363613 0.501288412 1 0.470588 0
v -0.0537460758 0.0268591231 0.499779179 1 0.470588 0
v -0.0547945226 0.0268928408 0.498224337 1 0.470588 0
v -0.0557843468 0.0269217216 0.496631851 1 0.470588 0
v -0.0567139522 0.0269458833 0.495003273 0.470588 1 0
v -0.0575834232 0.0269694778 0.493341671 0.470588 1 0
v -0.0583975129 0.0269901034 0.491651982 0.470588 1 0
v -0.0591493716 0.0270231478 0.489934132 0.470588 1 0
v -0.0598224871 0.0270420766 0.48818382 0.470588 1 0
v -0.0604403668 0.027058955 0.486413067 0.470588 1 0
v -0.0610015266 0.0270780914 0.484623411 1 0 0.705882
v -0.061472534 0.027093908 0.482807966 1 0 0.705882
v -0.0618842439 0.0271049966 0.480978361 1 0 0.705882
v -0.0622312968 0.0271148168 0.479135178 1 0 0.705882
v -0.0625139258 0.0271222503 0.477281059 1 0 0.705882
v -0.0627569605 0.0271316538 0.475421194 1 0 0.705882
v -0.0629709825 0.0271396331 0.473557812 1 0 0.705882
v 0.0684621371 0.0289794877 0.498327062 0.470588 1 0
v 0.0670616074 0.0289732866 0.499542445 0.470588 1 0
v 0.0656490118 0.0289651846 0.500743759 0.470588 1 0
v 0.0642209762 0.0289541508 0.501926663 0.470588 1 0
v 0.0627762704 0.028943376 0.503089103 1 0 0.705882
v 0.0613155553 0.0289268577 0.5042313 1 0 0.705882
v 0.0598303627 0.028919519 0.505341605 1 0 0.705882
v 0.0583197702 0.0288988991 0.506416916 1 0 0.705882
v 0.0567850833 0.0288851779 0.507457636 1 0 0.705882
v 0.0552357179 0.0288701707 0.508476292 1 0 0.705882
v 0.0536593115 0.0288505152 0.50945257 0.313725 0.313725 1
v 0.0520664 0.0288348167 0.510401815 0.313725 0.313725 1
v 0.0504513676 0.0288154167 0.511312828 0.313725 0.313725 1
v 0.0488191958 0.0287998938 0.512192754 0.313725 0.313725 1
v 0.0471720422 0.0287875706 0.513044429 0.313725 0.313725 1
v 0.0455077831 0.0287705806 0.513862046 0.313725 0.313725 1
v 0.0438333629 0.0287591934 0.514658763 0.705882 0.470588 0.156863
v 0.0421404299 0.0287470966 0.515415342 0.705882 0.470588 0.156863
v 0.0404329778 0.0287361979 0.516138238 0.705882 0.470588 0.156863
v 0.0387171379 0.028719231 0.516841309 0.705882 0.470588 0.156863
v 0.0369877824 0.0287039974 0.517510264 0.705882 0.470588 0.156863
v 0.0352457884 0.0286929014 0.518145738 0.705882 0.470588 0.156863
v 0.0334890579 0.0286745023 0.518738318 0.470588 0.470588 0.470588
v 0.0317198498 0.0286522452 0.519293337 0.470588 0.470588 0.470588
v 0.0299427212 0.0286337829 0.519822248 0.470588 0.470588 0.470588
v 0.0281554768 0.0286122731 0.520316163 0.470588 0.470588 0.470588
v 0.0263616977 0.0285947261 0.520785838 0.470588 0.470588 0.470588
v 0.0245586136 0.0285769653 0.521218461 0.470588 0.470588 0.470588
v 0.0227490622 0.0285604811 0.521623218 0.470588 0.470588 0.470588
v 0.0209334788 0.028551364 0.522000306 0.470588 0.470588 0.470588
v 0.0191090435 0.028530643 0.522331092 1 0 0
v 0.0172803401 0.0285172378 0.522637835 1 0 0
v 0.0154458897 0.0285037573 0.522907955 1 0 0
v 0.0136056345 0.0284899547 0.523135931 1 0 0
v 0.0117624027 0.0284755117 0.523337426 1 0 0
v 0.00991547395 0.0284629414 0.523502345 1 0 0
v 0.00806632283 0.028456578 0.523641093 0 1 0
v 0.00621465371 0.0284459187 0.523739651 0 1 0
v 0.00436166109 0.0284392871 0.52381061 0 1 0
v 0.00250770702 0.0284306156 0.523840617 0 1 0
v 0.000653596222 0.0284186341 0.52382252 0 1 0
v -0.00120048059 0.028416053 0.523794606 0 1 0
v -0.00305262324 0.028407574 0.523704425 0 0.501961 1
v -0.00490310035 0.0284031014 0.523585983 0 0.501961 1
v -0.00675046451 0.0283983148 0.52342525 0 0.501961 1
v -0.00859401677 0.0283935724 0.523227449 0 0.501961 1
v -0.0104329006 0.0283872345 0.522988737 0 0.501961 1
v -0.0122662403 0.0283815239 0.5227106 0 0.501961 1
v -0.0140921958 0.0283806551 0.522387627 0 0.501961 1
v -0.0159109 0.0283820926 0.522025921 0 0.501961 1
v -0.0177204041 0.0283816627 0.521621683 1 0.784314 0
v -0.0195204918 0.0283795897 0.521176432 1 0.784314 0
v -0.0213098432 0.0283831758 0.520690049 1 0.784314 0
v -0.0230867375 0.0283928317 0.520160319 1 0.784314 0
v -0.0248444719 0.0283959887 0.519570016 1 0.784314 0
v -0.0265865137 0.0283972657 0.518934697 1 0.784314 0
v -0.0283156396 0.0284030866 0.518265051 0.705882 0 1
v -0.0300271106 0.0284101054 0.517551345 0.705882 0 1
v -0.0317167398 0.0284245481 0.516787652 0.705882 0 1
v -0.0333855494 0.0284381732 0.51597923 0.705882 0 1
v -0.0350206859 0.0284509695 0.515104914 0.705882 0 1
v -0.0366252052 0.0284583231 0.514175585 0.705882 0 1
v -0.0382055487 0.0284714265 0.513205655 0.705882 0 1
v -0.0397645501 0.0284911491 0.512201842 0.705882 0 1
v -0.0412894318 0.0285133737 0.511147222 0 0.862745 0.862745
v -0.0427707172 0.028532126 0.51003241 0 0.862745 0.862745
v -0.0442099883 0.028547673 0.50886342 0 0.862745 0.862745
v -0.0456169979 0.0285716321 0.507655879 0 0.862745 0.862745
v -0.0469752365 0.0285933768 0.506393993 0 0.862745 0.862745
v -0.0482852092 0.0286203494 0.505081849 0 0.862745 0.862745
v -0.0495496097 0.0286482503 0.503725818 1 0.470588 0
v -0.0507637882 0.0286711393 0.502324449 1 0.470588 0
v -0.0519186167 0.0286962927 0.500874407 1 0.470588 0
v -0.0530282574 0.028727715 0.499389243 1 0.470588 0
v -0.0540906675 0.0287635429 0.497869833 1 0.470588 0
v -0.0550768131 0.0287849924 0.496299573 1 0.470588 0
v -0.0560036095 0.0288178528 0.494693903 0.470588 1 0
v -0.0568719934 0.0288504085 0.493056039 0.470588 1 0
v -0.0576913957 0.0288870634 0.491393105 0.470588 1 0
v -0.0584384395 0.0289118286 0.489696201 0.470588 1 0
v -0.0591080118 0.0289291979 0.487967191 0.470588 1 0
v -0.0597318864 0.028954815 0.486221279 0.470588 1 0
v -0.0602955729 0.0289801655 0.484454953 1 0 0.705882
v -0.0607749289 0.0289974317 0.482663846 1 0 0.705882
v -0.0611986932 0.0290162571 0.4808589 1 0 0.705882
v -0.0615665761 0.0290315234 0.479041473 1 0 0.705882
v -0.0618610921 0.0290440475 0.47721071 1 0 0.705882
v -0.0621075431 0.0290554478 0.475372822 1 0 0.705882
v -0.0623354227 0.0290687773 0.47353259 1 0 0.705882
v 0.0679717478 0.0308845179 0.497819974 0.705882 0.470588 0.156863
v 0.0665531038 0.0308760363 0.499043862 0.705882 0.470588 0.156863
v 0.0651254191 0.0308683749 0.500257181 0.705882 0.470588 0.156863
v 0.0636761504 0.0308557179 0.501444584 0.705882 0.470588 0.156863
v 0.0622077788 0.0308401745 0.502608198 0.470588 0.470588 0.470588
v 0.0607207776 0.0308214891 0.503747735 0.470588 0.470588 0.470588
v 0.0592093455 0.0308017171 0.50485468 0.470588 0.470588 0.470588
v 0.0576769172 0.0307837139 0.505932506 0.470588 0.470588 0.470588
v 0.0561255065 0.0307646111 0.506982856 0.470588 0.470588 0.470588
v 0.05454943 0.0307457275 0.507995533 0.470588 0.470588 0.470588
v 0.0529452164 0.0307187054 0.508962988 1 0 0
v 0.0513246201 0.0306972447 0.50990295 1 0 0
v 0.0496843419 0.0306753169 0.510808189 1 0 0
v 0.048029574 0.0306579223 0.511686658 1 0 0
v 0.0463578303 0.0306416683 0.512532447 1 0 0
v 0.0446678251 0.0306184495 0.513341033 1 0 0
v 0.0429676128 0.0305998235 0.51412803 0 1 0
v 0.0412502011 0.0305895165 0.514876939 0 1 0
v 0.0395159618 0.0305702538 0.515585681 0 1 0
v 0.0377790581 0.0305504236 0.516288002 0 1 0
v 0.0360212375 0.0305287497 0.516936151 0 1 0
v 0.0342519163 0.0305126538 0.51755236 0 1 0
v 0.0324689013 0.030487884 0.518127391 0 0.501961 1
v 0.0306772298 0.0304666815 0.51867503 0 0.501961 1
v 0.0288730732 0.0304396208 0.519179616 0 0.501961 1
v 0.0270618035 0.0304133691 0.51965823 0 0.501961 1
v 0.0252430982 0.0303929773 0.520107922 0 0.501961 1
v 0.0234165651 0.030373149 0.520524816 0 0.501961 1
v 0.0215834374 0.0303563554 0.520911673 0 0.501961 1
v 0.0197436242 0.0303424034 0.521265223 0 0.501961 1
v 0.0178968795 0.0303233223 0.521580919 1 0.784314 0
v 0.0160449732 0.0303060698 0.521864672 1 0.784314 0
v 0.0141873534 0.0302889398 0.52210758 1 0.784314 0
v 0.0123259966 0.0302756665 0.522321031 1 0.784314 0
v 0.0104605568 0.0302618182 0.522495402 1 0.784314 0
v 0.00859262227 0.0302493034 0.52264021 1 0.784314 0
v 0.00672239351 0.0302372447 0.52275103 0.705882 0 1
v 0.00485021511 0.030224966 0.522822862 0.705882 0 1
v 0.0029769949 0.0302106991 0.522854738 0.705882 0 1
v 0.00110352011 0.0301963117 0.522843219 0.705882 0 1
v -0.000769846156 0.030188979 0.52281448 0.705882 0 1
v -0.00264172518 0.0301834476 0.52273514 0.705882 0 1
v -0.0045116602 0.0301760805 0.52261864 0 0.862745 0.862745
v -0.00637867583 0.0301681628 0.522462394 0 0.862745 0.862745
v -0.0082416367 0.0301594885 0.522263442 0 0.862745 0.862745
v -0.010099704 0.0301531781 0.522023004 0 0.862745 0.862745
v -0.0119519748 0.0301494348 0.521741173 0 0.862745 0.862745
v -0.0137973443 0.0301463462 0.521417488 0 0.862745 0.862745
v -0.0156347697 0.0301435716 0.521051569 0 0.862745 0.862745
v -0.017463115 0.0301418844 0.520642658 0 0.862745 0.862745
v -0.0192812911 0.0301402363 0.520190335 1 0.470588 0
v -0.0210908636 0.0301469881 0.519704893 1 0.470588 0
v -0.0228861462 0.030157413 0.519169406 1 0.470588 0
v -0.0246621882 0.0301621827 0.518572787 1 0.470588 0
v -0.0264254214 0.0301651768 0.517939138 1 0.470588 0
v -0.0281690856 0.0301709307 0.517253573 1 0.470588 0
v -0.0298970721 0.0301830627 0.516529474 0.470588 1 0
v -0.0315992297 0.0301993911 0.515746601 0.470588 1 0
v -0.0332791279 0.0302193714 0.514917224 0.470588 1 0
v -0.0349277217 0.0302305471 0.514027409 0.470588 1 0
v -0.036542468 0.0302388692 0.513077555 0.470588 1 0
v -0.038134197 0.0302565406 0.512089506 0.470588 1 0
v -0.0396986052 0.0302799845 0.511059229 0.470588 1 0
v -0.0412237495 0.0302966531 0.509971415 0.470588 1 0
v -0.0427119197 0.0303140071 0.508833342 1 0 0.705882
v -0.0441538552 0.0303380658 0.507637382 1 0 0.705882
v -0.0455643576 0.0303746339 0.50640513 1 0 0.705882
v -0.0469233323 0.0304064152 0.505115907 1 0 0.705882
v -0.0482346422 0.0304403099 0.503778321 1 0 0.705882
v -0.0494923254 0.030473386 0.502390366 1 0 0.705882
v -0.0506960115 0.0305056061 0.500955136 0.313725 0.313725 1
v -0.0518490291 0.0305389214 0.499478884 0.313725 0.313725 1
v -0.0529507077 0.030579395 0.497963941 0.313725 0.313725 1
v -0.0539752548 0.0306108892 0.49639562 0.313725 0.313725 1
v -0.0549467621 0.030648187 0.494794167 0.313725 0.313725 1
v -0.0558624405 0.0306861757 0.493160221 0.313725 0.313725 1
v -0.0567175337 0.030723826 0.49149385 0.705882 0.470588 0.156863
v -0.0574796344 0.0307503774 0.489783192 0.705882 0.470588 0.156863
v -0.0581800336 0.0307738756 0.488045567 0.705882 0.470588 0.156863
v -0.0588405668 0.0308073293 0.486292682 0.705882 0.470588 0.156863
v -0.0594321738 0.0308387887 0.48451532 0.705882 0.470588 0.156863
v -0.0599381975 0.030861066 0.48271153 0.705882 0.470588 0.156863
v -0.0603867506 0.0308839094 0.480892751 0.470588 0.470588 0.470588
v -0.0607748948 0.030907255 0.47906009 0.470588 0.470588 0.470588
v -0.0611050833 0.0309322096 0.477215973 0.470588 0.470588 0.470588
v -0.0613725335 0.0309496624 0.475361757 0.470588 0.470588 0.470588
v -0.0616168888 0.0309686969 0.473504274 0.470588 0.470588 0.470588
v 0.0674361299 0.0327646282 0.497268016 0.705882 0.470588 0.156863
v 0.0660427425 0.0327590266 0.498481515 0.705882 0.470588 0.156863
v 0.0646288707 0.0327468247 0.499671082 0.705882 0.470588 0.156863
v 0.0631945633 0.0327324976 0.500835937 0.705882 0.470588 0.156863
v 0.0617393853 0.0327101448 0.501974539 0.470588 0.470588 0.470588
v 0.0602632275 0.0326868225 0.503085778 0.470588 0.470588 0.470588
v 0.0587670334 0.0326638978 0.504169842 0.470588 0.470588 0.470588
v 0.0572475152 0.032637547 0.505220872 0.470588 0.470588 0.470588
v 0.0557148561 0.0326186478 0.506252857 0.470588 0.470588 0.470588
v 0.0541538705 0.0325911746 0.507241143 0.470588 0.470588 0.470588
v 0.0525639511 0.032557182 0.508182039 1 0 0
v 0.0509651732 0.0325345056 0.509108227 1 0 0
v 0.0493404656 0.0325033601 0.509987866 1 0 0
v 0.0477080721 0.0324838613 0.510853374 1 0 0
v 0.0460571551 0.0324657369 0.5116829 1 0 0
v 0.0443870194 0.0324402929 0.512473047 1 0 0
v 0.0427053673 0.0324160137 0.51323843 0 1 0
v 0.041011099 0.032400889 0.513975595 0 1 0
v 0.0393027722 0.0323805274 0.514679539 0 1 0
v 0.0375857724 0.0323577522 0.515362052 0 1 0
v 0.0358483776 0.0323273503 0.515990326 0 1 0
v 0.0341015313 0.0323061374 0.51659236 0 1 0
v 0.0323437059 0.0322816833 0.517161227 0 0.501961 1
v 0.0305747365 0.0322542449 0.517694439 0 0.501961 1
v 0.0287952626 0.0322244418 0.518191285 0 0.501961 1
v 0.0270049728 0.0321887424 0.518647289 0 0.501961 1
v 0.0252130721 0.0321705902 0.519098054 0 0.501961 1
v 0.023410547 0.0321428804 0.51950361 0 0.501961 1
v 0.0216030924 0.0321252118 0.5198871 0 0.501961 1
v 0.0197890915 0.0321087005 0.520238494 0 0.501961 1
v 0.0179667309 0.0320868222 0.520543414 1 0.784314 0
v 0.0161403766 0.0320655345 0.520822994 1 0.784314 0
v 0.0143091755 0.032049545 0.521068831 1 0.784314 0
v 0.0124731716 0.0320311264 0.521276398 1 0.784314 0
v 0.0106337131 0.0320166545 0.521450932 1 0.784314 0
v 0.00879203847 0.0320053063 0.521600158 1 0.784314 0
v 0.00694766546 0.0319906812 0.521712057 0.705882 0 1
v 0.00510110809 0.0319732385 0.521777778 0.705882 0 1
v 0.0032535909 0.0319572862 0.521806314 0.705882 0 1
v 0.00140597158 0.031938638 0.52179754 0.705882 0 1
v -0.000441500812 0.0319267451 0.521764618 0.705882 0 1
v -0.00228797011 0.0319185941 0.521696195 0.705882 0 1
v -0.00413241194 0.0319091837 0.521585845 0 0.862745 0.862745
v -0.00597419553 0.0319035419 0.521438257 0 0.862745 0.862745
v -0.00781174398 0.0318948115 0.521244695 0 0.862745 0.862745
v -0.00964499319 0.0318868051 0.521013753 0 0.862745 0.862745
v -0.0114732269 0.0318828219 0.520745722 0 0.862745 0.862745
v -0.0132933242 0.0318711826 0.520427524 0 0.862745 0.862745
v -0.0151076661 0.0318717158 0.520077845 0 0.862745 0.862745
v -0.0169122573 0.0318726017 0.519680826 0 0.862745 0.862745
v -0.0187062054 0.0318667502 0.519237977 1 0.470588 0
v -0.0204931666 0.0318729221 0.518767852 1 0.470588 0
v -0.02226458 0.0318822054 0.518242178 1 0.470588 0
v -0.0240190652 0.0318869728 0.517662599 1 0.470588 0
v -0.0257605928 0.0318933677 0.517045023 1 0.470588 0
v -0.0274853754 0.0319015346 0.516382354 1 0.470588 0
v -0.0291907425 0.031912992 0.51567139 0.470588 1 0
v -0.0308709216 0.0319240934 0.514902504 0.470588 1 0
v -0.0325300737 0.0319375808 0.514089455 0.470588 1 0
v -0.0341662523 0.031958919 0.513231598 0.470588 1 0
v -0.0357719032 0.0319749167 0.512317548 0.470588 1 0
v -0.037347684 0.031990142 0.511352666 0.470588 1 0
v -0.0388949335 0.0320140664 0.510343425 0.470588 1 0
v -0.0404002953 0.0320320383 0.509272406 0.470588 1 0
v -0.0418694662 0.0320517733 0.508152215 1 0 0.705882
v -0.0433072557 0.0320773279 0.506991938 1 0 0.705882
v -0.0447119587 0.0321225705 0.505792382 1 0 0.705882
v -0.0460577888 0.0321532258 0.504526698 1 0 0.705882
v -0.0473587961 0.0321860905 0.50321515 1 0 0.705882
v -0.0486154916 0.0322295622 0.501861543 1 0 0.705882
v -0.0498162379 0.0322668195 0.50045771 0.313725 0.313725 1
v -0.0509588945 0.0323021426 0.499006205 0.313725 0.313725 1
v -0.0520535394 0.0323435672 0.497518598 0.313725 0.313725 1
v -0.0530825897 0.032388129 0.495984527 0.313725 0.313725 1
v -0.0540599764 0.0324321214 0.494417142 0.313725 0.313725 1
v -0.054969317 0.0324801963 0.492809603 0.313725 0.313725 1
v -0.05581214 0.0325186067 0.491165825 0.705882 0.470588 0.156863
v -0.0565783936 0.0325464585 0.489484967 0.705882 0.470588 0.156863
v -0.0572918479 0.0325822248 0.487781021 0.705882 0.470588 0.156863
v -0.0579590758 0.0326242911 0.486058549 0.705882 0.470588 0.156863
v -0.0585513794 0.0326600007 0.48430902 0.705882 0.470588 0.156863
v -0.0590779845 0.0326944983 0.482538304 0.705882 0.470588 0.156863
v -0.0595333942 0.0327251423 0.480748032 0.470588 0.470588 0.470588
v -0.0599224829 0.0327495129 0.478942008 0.470588 0.470588 0.470588
v -0.0602728225 0.0327836534 0.477128048 0.470588 0.470588 0.470588
v -0.0605528875 0.0328073214 0.47530178 0.470588 0.470588 0.470588
v -0.0608117805 0.0328336414 0.473472413 0.470588 0.470588 0.470588
v 0.0668426548 0.0346107406 0.49666306 0.705882 0.470588 0.156863
v 0.0654348414 0.0346041665 0.497883498 0.705882 0.470588 0.156863
v 0.0639984951 0.0345864071 0.499070099 0.705882 0.470588 0.156863
v 0.0625438808 0.0345646996 0.500234088 0.705882 0.470588 0.156863
v 0.0610710474 0.0345394772 0.501374878 0.470588 0.470588 0.470588
v 0.0595792412 0.0345130477 0.502490632 0.470588 0.470588 0.470588
v 0.0580653403 0.03448575 0.503576332 0.470588 0.470588 0.470588
v 0.0565198932 0.0344493764 0.504616226 0.470588 0.470588 0.470588
v 0.0549631616 0.0344235076 0.505639625 0.470588 0.470588 0.470588
v 0.0533738301 0.0343856855 0.506611187 0.470588 0.470588 0.470588
v 0.0517659856 0.0343502218 0.507551898 1 0 0
v 0.0501496609 0.0343262552 0.508478242 1 0 0
v 0.0485018467 0.0342873641 0.509346947 1 0 0
v 0.0468494783 0.034263185 0.510207267 1 0 0
v 0.0451744037 0.0342351553 0.511022613 1 0 0
v 0.0434854733 0.0342086137 0.511808841 1 0 0
v 0.0417797985 0.0341827171 0.512557719 0 1 0
v 0.0400618605 0.0341582308 0.513278465 0 1 0
v 0.0383348851 0.034135773 0.513977343 0 1 0
v 0.0365933364 0.0341067132 0.51463853 0 1 0
v 0.0348369212 0.03407503 0.515259391 0 1 0
v 0.03306928 0.0340454838 0.51584756 0 1 0
v 0.0312902971 0.0340139747 0.516400172 0 0.501961 1
v 0.0295006683 0.0339850869 0.516917512 0 0.501961 1
v 0.0276979914 0.0339444947 0.517386712 0 0.501961 1
v 0.0258897317 0.0339108592 0.517834413 0 0.501961 1
v 0.0240773447 0.0338888798 0.518265485 0 0.501961 1
v 0.0222560672 0.0338616501 0.518657455 0 0.501961 1
v 0.0204294774 0.0338402479 0.519024048 0 0.501961 1
v 0.0185950224 0.0338175705 0.519348169 0 0.501961 1
v 0.0167545009 0.0337940292 0.519636849 1 0.784314 0
v 0.0149097548 0.03377283 0.519897473 1 0.784314 0
v 0.0130599884 0.0337519469 0.52011908 1 0.784314 0
v 0.0112063919 0.0337315914 0.520306235 1 0.784314 0
v 0.00934963344 0.0337190645 0.520460165 1 0.784314 0
v 0.00748997468 0.0336943436 0.520571463 1 0.784314 0
v 0.00562866816 0.0336814076 0.520653316 0.705882 0 1
v 0.00376606405 0.0336623233 0.520692205 0.705882 0 1
v 0.00190301858 0.0336428473 0.520693561 0.705882 0 1
v 4.00663852e-05 0.033631318 0.520668613 0.705882 0 1
v -0.00182195616 0.033619498 0.520604574 0.705882 0 1
v -0.00368189177 0.0336071131 0.520495919 0.705882 0 1
v -0.00553912172 0.0335955463 0.520348434 0 0.862745 0.862745
v -0.00739212886 0.0335838264 0.520155442 0 0.862745 0.862745
v -0.00924155769 0.0335770141 0.519929923 0 0.862745 0.862745
v -0.0110853629 0.0335664808 0.519662323 0 0.862745 0.862745
v -0.0129199688 0.0335545179 0.519337772 0 0.862745 0.862745
v -0.0147502343 0.0335552635 0.518989321 0 0.862745 0.862745
v -0.0165713616 0.0335594376 0.518596098 1 0.470588 0
v -0.0183828665 0.0335591902 0.518160448 1 0.470588 0
v -0.0201821948 0.0335590889 0.517677258 1 0.470588 0
v -0.0219668431 0.0335650469 0.517142245 1 0.470588 0
v -0.0237364729 0.0335729528 0.516559566 1 0.470588 0
v -0.0254899677 0.0335795012 0.515930059 1 0.470588 0
v -0.0272246225 0.0335835482 0.515250474 0.470588 1 0
v -0.0289377185 0.0335876781 0.514518289 0.470588 1 0
v -0.0306306626 0.0335997743 0.513740618 0.470588 1 0
v -0.0323008618 0.0336164754 0.512915163 0.470588 1 0
v -0.0339475567 0.0336400853 0.512044051 0.470588 1 0
v -0.0355658541 0.0336613001 0.511121352 0.470588 1 0
v -0.0371543377 0.0336873198 0.510148056 0.470588 1 0
v -0.0386997957 0.0337074469 0.509107757 0.470588 1 0
v -0.0402067063 0.0337258976 0.50801232 1 0 0.705882
v -0.0416838137 0.0337554417 0.506877109 1 0 0.705882
v -0.043119302 0.0337922495 0.505689966 1 0 0.705882
v -0.0445171207 0.0338353845 0.504459089 1 0 0.705882
v -0.0458554459 0.0338674903 0.503163335 1 0 0.705882
v -0.0471518121 0.0339118484 0.501826367 1 0 0.705882
v -0.0483961013 0.0339618104 0.500440939 0.313725 0.313725 1
v -0.0495825292 0.0340078901 0.499005478 0.313725 0.313725 1
v -0.0507179859 0.0340567112 0.497529422 0.313725 0.313725 1
v -0.0517912729 0.0340998145 0.496007131 0.313725 0.313725 1
v -0.05280036 0.0341483357 0.494442034 0.313725 0.313725 1
v -0.0537475206 0.0341954972 0.492838456 0.313725 0.313725 1
v -0.0546291518 0.034245013 0.491197847 0.705882 0.470588 0.156863
v -0.0554392337 0.0342907773 0.489520711 0.705882 0.470588 0.156863
v -0.0561951125 0.0343402994 0.487818776 0.705882 0.470588 0.156863
v -0.0568984008 0.0343951286 0.486094678 0.705882 0.470588 0.156863
v -0.0575147126 0.0344311391 0.484337166 0.705882 0.470588 0.156863
v -0.058064462 0.0344723686 0.482557503 0.705882 0.470588 0.156863
v -0.0585453673 0.0345119664 0.480758274 0.470588 0.470588 0.470588
v -0.0589571966 0.034543421 0.478941667 0.470588 0.470588 0.470588
v -0.0593267223 0.0345847893 0.477116009 0.470588 0.470588 0.470588
v -0.0596310563 0.0346175696 0.475278193 0.470588 0.470588 0.470588
v -0.0599043089 0.0346510609 0.473436335 0.470588 0.470588 0.470588
v 0.0661855954 0.0364158593 0.496002174 0.705882 0.470588 0.156863
v 0.0647592876 0.0364017552 0.497221984 0.705882 0.470588 0.156863
v 0.0633046659 0.0363755284 0.498407774 0.470588 0.470588 0.470588
v 0.061832334 0.036351115 0.499571519 0.470588 0.470588 0.470588
v 0.0603458693 0.0363236035 0.500717118 0.470588 0.470588 0.470588
v 0.0588286101 0.0362877318 0.501821395 0.470588 0.470588 0.470588
v 0.0572926876 0.0362522189 0.502899539 0.470588 0.470588 0.470588
v 0.055727803 0.0362103634 0.503934916 0.470588 0.470588 0.470588
v 0.0541472152 0.0361741281 0.504946271 1 0 0
v 0.0525387948 0.0361295557 0.50591258 1 0 0
v 0.0509157859 0.0360951015 0.506854499 1 0 0
v 0.0492744116 0.0360593497 0.50776404 1 0 0
v 0.0476121278 0.0360213798 0.508634721 1 0 0
v 0.0459362253 0.0359925424 0.509479109 1 0 0
v 0.0442440673 0.0359618784 0.510290559 0 1 0
v 0.0425358865 0.035927963 0.511067499 0 1 0
v 0.0408077743 0.0358924133 0.511798895 0 1 0
v 0.0390707706 0.0358626613 0.512509358 0 1 0
v 0.0373215284 0.0358345184 0.513189109 0 1 0
v 0.0355597179 0.035803013 0.513835448 0 1 0
v 0.0337861586 0.0357706288 0.514448579 0 0.501961 1
v 0.0320000303 0.035735761 0.515024043 0 0.501961 1
v 0.0302014559 0.0356972402 0.51555916 0 0.501961 1
v 0.0283919332 0.0356631698 0.51605607 0 0.501961 1
v 0.0265737808 0.0356217772 0.516520097 0 0.501961 1
v 0.0247495353 0.0355951522 0.516960617 0 0.501961 1
v 0.0229175832 0.0355650324 0.517367414 0 0.501961 1
v 0.0210786383 0.0355346443 0.517741699 0 0.501961 1
v 0.0192331143 0.0355076397 0.518082323 1 0.784314 0
v 0.0173810621 0.0354786267 0.518385278 1 0.784314 0
v 0.0155221827 0.0354493534 0.518642541 1 0.784314 0
v 0.013660927 0.0354280951 0.518883253 1 0.784314 0
v 0.0117948467 0.0354044363 0.519081713 1 0.784314 0
v 0.0099244885 0.0353813234 0.519236406 1 0.784314 0
v 0.00805183343 0.0353587974 0.519358712 0.705882 0 1
v 0.00617739013 0.035338881 0.519452379 0.705882 0 1
v 0.00430129699 0.0353182307 0.519502422 0.705882 0 1
v 0.00242453884 0.035298748 0.519514704 0.705882 0 1
v 0.000547766407 0.0352876444 0.519498712 0.705882 0 1
v -0.00132835989 0.0352779857 0.51944561 0.705882 0 1
v -0.00320217651 0.0352610341 0.51933932 0 0.862745 0.862745
v -0.00507290623 0.0352419646 0.519188493 0 0.862745 0.862745
v -0.00693993462 0.0352241348 0.518997597 0 0.862745 0.862745
v -0.00880400659 0.0352154366 0.518779016 0 0.862745 0.862745
v -0.0106619927 0.0352084929 0.518513579 0 0.862745 0.862745
v -0.0125112067 0.0351934306 0.518192999 0 0.862745 0.862745
v -0.0143543394 0.0351907947 0.517838905 1 0.470588 0
v -0.0161889074 0.0351904273 0.517443 1 0.470588 0
v -0.0180135647 0.0351873342 0.517003454 1 0.470588 0
v -0.0198267908 0.0351898402 0.516519506 1 0.470588 0
v -0.0216239405 0.0351948245 0.515978466 1 0.470588 0
v -0.0234075803 0.03520434 0.515394489 1 0.470588 0
v -0.0251720764 0.0352048196 0.51475509 0.470588 1 0
v -0.0269188366 0.0352058657 0.51406847 0.470588 1 0
v -0.0286413643 0.0352147039 0.513323146 0.470588 1 0
v -0.030344041 0.0352285858 0.512533734 0.470588 1 0
v -0.0320257481 0.0352538805 0.511700843 0.470588 1 0
v -0.0336750676 0.0352712958 0.510805348 0.470588 1 0
v -0.035296049 0.0352929187 0.50985966 0.470588 1 0
v -0.036888101 0.0353216115 0.508866406 0.470588 1 0
v -0.0384363193 0.0353440403 0.507805815 1 0 0.705882
v -0.0399522737 0.0353733909 0.506699692 1 0 0.705882
v -0.0414286399 0.0354104175 0.505541756 1 0 0.705882
v -0.0428599818 0.0354478841 0.504328447 1 0 0.705882
v -0.0442492101 0.0354915388 0.503067477 1 0 0.705882
v -0.0455947552 0.0355480314 0.501760735 1 0 0.705882
v -0.0468738161 0.0355929634 0.500388082 0.313725 0.313725 1
v -0.0481012472 0.0356421847 0.498969342 0.313725 0.313725 1
v -0.0492713476 0.0356941492 0.497503282 0.313725 0.313725 1
v -0.050388989 0.0357480738 0.495996557 0.313725 0.313725 1
v -0.0514415557 0.0358079548 0.494444032 0.313725 0.313725 1
v -0.0524313784 0.0358699142 0.49285091 0.313725 0.313725 1
v -0.0533435786 0.0359189254 0.491211486 0.705882 0.470588 0.156863
v -0.0541945963 0.0359753489 0.48953961 0.705882 0.470588 0.156863
v -0.0549891191 0.0360368884 0.487840554 0.705882 0.470588 0.156863
v -0.055714854 0.0360939756 0.486111364 0.705882 0.470588 0.156863
v -0.0563564579 0.0361363769 0.484348394 0.705882 0.470588 0.156863
v -0.0569243612 0.0361786351 0.482560107 0.705882 0.470588 0.156863
v -0.057434801 0.0362281255 0.480754835 0.470588 0.470588 0.470588
v -0.0578860337 0.0362766489 0.478933924 0.470588 0.470588 0.470588
v -0.0582671301 0.0363214889 0.477096802 0.470588 0.470588 0.470588
v -0.0585826424 0.036359021 0.475247067 0.470588 0.470588 0.470588
v -0.0588849193 0.0364082435 0.473395303 0.470588 0.470588 0.470588
v 0.0654640733 0.038173851 0.495283436 0.705882 0.470588 0.156863
v 0.0640169211 0.038151971 0.496497207 0.705882 0.470588 0.156863
v 0.062549194 0.0381219756 0.497685732 0.470588 0.470588 0.470588
v 0.0610536678 0.0380827084 0.498838882 0.470588 0.470588 0.470588
v 0.0595521826 0.0380531628 0.499984502 0.470588 0.470588 0.470588
v 0.0580133375 0.0380036465 0.50107871 0.470588 0.470588 0.470588
v 0.0564554954 0.0379597325 0.502145948 0.470588 0.470588 0.470588
v 0.0548722698 0.0379102905 0.503174939 0.470588 0.470588 0.470588
v 0.05327499 0.0378694146 0.504182093 1 0 0
v 0.0516512188 0.0378222632 0.505145969 1 0 0
v 0.0500096677 0.0377803958 0.50607937 1 0 0
v 0.0483446997 0.0377337388 0.506970129 1 0 0
v 0.0466677714 0.0376950494 0.507838609 1 0 0
v 0.0449732877 0.0376621494 0.50867239 1 0 0
v 0.0432652084 0.0376312594 0.509478214 0 1 0
v 0.0415390779 0.0375926886 0.510244205 0 1 0
v 0.0397927547 0.0375500993 0.510962657 0 1 0
v 0.038037474 0.0375163281 0.511659593 0 1 0
v 0.0362696536 0.037477647 0.512323728 0 1 0
v 0.0344925858 0.0374444867 0.512963144 0 1 0
v 0.0327022711 0.0374073879 0.513564087 0 0.501961 1
v 0.0308983364 0.0373688612 0.514122597 0 0.501961 1
v 0.0290812719 0.0373300921 0.514637077 0 0.501961 1
v 0.0272550141 0.037285208 0.515117245 0 0.501961 1
v 0.0254214798 0.0372477785 0.515569374 0 0.501961 1
v 0.0235824276 0.0372199921 0.515999487 0 0.501961 1
v 0.0217330342 0.0371835749 0.516381855 0 0.501961 1
v 0.0198768418 0.0371500658 0.516730259 0 0.501961 1
v 0.0180143476 0.0371160541 0.517042905 1 0.784314 0
v 0.0161460101 0.0370804955 0.51731813 1 0.784314 0
v 0.0142733078 0.0370507384 0.517562886 1 0.784314 0
v 0.0123965717 0.0370227056 0.517774211 1 0.784314 0
v 0.0105156343 0.036993783 0.517944724 1 0.784314 0
v 0.00863212825 0.0369765118 0.518085832 1 0.784314 0
v 0.00674590576 0.0369518394 0.518183115 0.705882 0 1
v 0.00485831541 0.036932829 0.518249771 0.705882 0 1
v 0.00296978227 0.0369082837 0.518268549 0.705882 0 1
v 0.00108110132 0.0368886623 0.518250004 0.705882 0 1
v -0.00080716484 0.0368715494 0.518205884 0.705882 0 1
v -0.0026934123 0.0368548353 0.51810777 0.705882 0 1
v -0.00457658826 0.0368331552 0.517962663 0 0.862745 0.862745
v -0.00645643395 0.0368137756 0.51777967 0 0.862745 0.862745
v -0.00833284929 0.0368053675 0.517563366 0 0.862745 0.862745
v -0.0102033489 0.0367955358 0.517300887 0 0.862745 0.862745
v -0.0120658428 0.0367819529 0.516986596 0 0.862745 0.862745
v -0.0139205944 0.0367743394 0.516629366 0 0.862745 0.862745
v -0.0157668767 0.0367717745 0.51623087 1 0.470588 0
v -0.0176031791 0.0367653426 0.515788549 1 0.470588 0
v -0.019426028 0.0367635316 0.515293863 1 0.470588 0
v -0.0212342423 0.0367658873 0.514748073 1 0.470588 0
v -0.0230300723 0.0367765955 0.514162919 1 0.470588 0
v -0.0248045298 0.0367797103 0.51351587 1 0.470588 0
v -0.0265597935 0.0367834743 0.512818301 0.470588 1 0
v -0.0282974112 0.0367972616 0.51207813 0.470588 1 0
v -0.0300083346 0.0368127116 0.511278124 0.470588 1 0
v -0.031696038 0.0368377885 0.510430907 0.470588 1 0
v -0.0333491812 0.0368526656 0.509517478 0.470588 1 0
v -0.0349707218 0.0368689661 0.508549054 0.470588 1 0
v -0.0365631299 0.0368966564 0.507534121 0.470588 1 0
v -0.0381181929 0.0369295175 0.506462595 0.470588 1 0
v -0.0396342305 0.0369672682 0.505336797 1 0 0.705882
v -0.0411078826 0.0370083772 0.504156481 1 0 0.705882
v -0.0425403955 0.0370543002 0.502926406 1 0 0.705882
v -0.0439298298 0.0371169625 0.501648652 1 0 0.705882
v -0.0452472136 0.0371583865 0.500296071 1 0 0.705882
v -0.0465126758 0.0372065845 0.498894742 1 0 0.705882
v -0.0477229396 0.0372615056 0.497446028 0.313725 0.313725 1
v -0.0488750404 0.0373108074 0.495950214 0.313725 0.313725 1
v -0.0499720238 0.037387542 0.494414513 0.313725 0.313725 1
v -0.0510016848 0.0374590579 0.492832707 0.313725 0.313725 1
v -0.0519518436 0.0375195738 0.491201673 0.313725 0.313725 1
v -0.0528442307 0.0375851711 0.48953835 0.313725 0.313725 1
v -0.0536660449 0.0376535428 0.487839172 0.705882 0.470588 0.156863
v -0.0544145933 0.0377121885 0.486106573 0.705882 0.470588 0.156863
v -0.055086064 0.0377631022 0.48434212 0.705882 0.470588 0.156863
v -0.0556885805 0.0378180394 0.482552828 0.705882 0.470588 0.156863
v -0.0562155043 0.0378716906 0.480739767 0.705882 0.470588 0.156863
v -0.0566893253 0.0379335794 0.4789125 0.705882 0.470588 0.156863
v -0.057087121 0.0379849323 0.477067085 0.470588 0.470588 0.470588
v -0.0574167227 0.0380251047 0.475207837 0.470588 0.470588 0.470588
v -0.0577476512 0.0380915016 0.473349448 0.470588 0.470588 0.470588
v 0.0646743 0.0398737668 0.494499384 0.705882 0.470588 0.156863
v 0.0632453735 0.0398418411 0.495676429 0.705882 0.470588 0.156863
v 0.0617961946 0.0398022969 0.496828154 0.470588 0.470588 0.470588
v 0.0603199074 0.0397524796 0.497944573 0.470588 0.470588 0.470588
v 0.0588418736 0.0397162563 0.499059128 0.470588 0.470588 0.470588
v 0.0573302707 0.0396624992 0.500127027 0.470588 0.470588 0.470588
v 0.0558017195 0.0396174103 0.501170922 0.470588 0.470588 0.470588
v 0.0542456954 0.0395614833 0.502172891 0.470588 0.470588 0.470588
v 0.0526804045 0.0395200931 0.503160962 1 0 0
v 0.0510867432 0.0394717932 0.504102354 1 0 0
v 0.0494742699 0.0394244654 0.505011089 1 0 0
v 0.0478406103 0.0393751248 0.50588114 1 0 0
v 0.0461922185 0.0393246187 0.506722945 1 0 0
v 0.0445281384 0.0392865812 0.507533999 1 0 0
v 0.0428488479 0.0392415519 0.508312638 0 1 0
v 0.0411503033 0.0391919876 0.509047928 0 1 0
v 0.0394432558 0.0391577631 0.509764117 0 1 0
v 0.0377219043 0.039119048 0.510445166 0 1 0
v 0.0359886108 0.0390800272 0.511095177 0 1 0
v 0.0342436341 0.0390336663 0.511712635 0 1 0
v 0.0324867574 0.0389970674 0.51229586 0 0.501961 1
v 0.0307199248 0.0389615915 0.512848457 0 0.501961 1
v 0.0289394235 0.0389187387 0.513354277 0 0.501961 1
v 0.027149552 0.0388731441 0.513825836 0 0.501961 1
v 0.0253529918 0.0388351028 0.514272187 0 0.501961 1
v 0.0235482884 0.0387970729 0.514684062 0 0.501961 1
v 0.0217364271 0.038757946 0.515063235 0 0.501961 1
v 0.0199185644 0.0387212585 0.515412849 0 0.501961 1
v 0.0180936947 0.0386850004 0.515724152 1 0.784314 0
v 0.0162630703 0.0386492155 0.515999627 1 0.784314 0
v 0.0144276152 0.0386173934 0.51624131 1 0.784314 0
v 0.0125879535 0.0385872789 0.516448724 1 0.784314 0
v 0.0107441179 0.0385533698 0.516614058 1 0.784314 0
v 0.00889791431 0.0385291452 0.516752844 1 0.784314 0
v 0.00704965272 0.038509956 0.516861849 0.705882 0 1
v 0.00519942676 0.0384869358 0.516927949 0.705882 0 1
v 0.00334824579 0.0384634016 0.51695264 0.705882 0 1
v 0.00149692725 0.0384387722 0.516938614 0.705882 0 1
v -0.000353924411 0.0384194987 0.516891961 0.705882 0 1
v -0.0022030917 0.0383954415 0.516801705 0.705882 0 1
v -0.00404991181 0.038373858 0.516671171 0 0.862745 0.862745
v -0.0058936839 0.038355761 0.516503303 0 0.862745 0.862745
v -0.00773377806 0.0383443427 0.516298077 0 0.862745 0.862745
v -0.00956747391 0.0383266804 0.516042818 0 0.862745 0.862745
v -0.0113949894 0.0383156725 0.515745591 0 0.862745 0.862745
v -0.0132143608 0.038301153 0.515402316 0 0.862745 0.862745
v -0.015026517 0.038297547 0.515022694 1 0.470588 0
v -0.0168274551 0.0382873185 0.514593193 1 0.470588 0
v -0.0186172681 0.0382834407 0.514119294 1 0.470588 0
v -0.0203941296 0.0382843285 0.513599215 1 0.470588 0
v -0.0221579255 0.0382934687 0.51303625 1 0.470588 0
v -0.0239024842 0.0382995985 0.51241624 1 0.470588 0
v -0.0256275881 0.038301231 0.511743981 0.470588 1 0
v -0.0273352319 0.0383136597 0.511028541 0.470588 1 0
v -0.0290188812 0.0383282599 0.510258532 0.470588 1 0
v -0.0306816789 0.0383529569 0.509444516 0.470588 1 0
v -0.0323093617 0.0383651236 0.508562171 0.470588 1 0
v -0.0339075212 0.0383838 0.50762746 0.470588 1 0
v -0.0354784522 0.0384174065 0.506647952 0.470588 1 0
v -0.037007975 0.0384425109 0.505604714 0.470588 1 0
v -0.03850516 0.0384787111 0.504515975 1 0 0.705882
v -0.0399609246 0.0385296647 0.503372924 1 0 0.705882
v -0.04137306 0.038576775 0.502176386 1 0 0.705882
v -0.0427370257 0.0386267083 0.500925822 1 0 0.705882
v -0.0440399032 0.0386712316 0.499611429 1 0 0.705882
v -0.0452923147 0.038724359 0.498248897 1 0 0.705882
v -0.0464943076 0.0387844326 0.496842132 0.313725 0.313725 1
v -0.0476377996 0.038848738 0.495387447 0.313725 0.313725 1
v -0.0487349047 0.0389314499 0.4938987 0.313725 0.313725 1
v -0.0497557149 0.0389976418 0.49235552 0.313725 0.313725 1
v -0.0506996504 0.0390615967 0.490764119 0.313725 0.313725 1
v -0.0515786174 0.0391311663 0.489136241 0.313725 0.313725 1
v -0.0523988884 0.0392028849 0.487477916 0.705882 0.470588 0.156863
v -0.053138419 0.0392602786 0.485781636 0.705882 0.470588 0.156863
v -0.0538087605 0.0393162014 0.484056707 0.705882 0.470588 0.156863
v -0.0544035205 0.0393712652 0.482304189 0.705882 0.470588 0.156863
v -0.0549449849 0.0394402608 0.480534969 0.705882 0.470588 0.156863
v -0.055427414 0.0395073981 0.478748591 0.705882 0.470588 0.156863
v -0.0558157159 0.0395624894 0.476939103 0.470588 0.470588 0.470588
v -0.0561450774 0.0396078629 0.475117734 0.470588 0.470588 0.470588
v -0.0564823504 0.0396807989 0.47329865 0.470588 0.470588 0.470588
v 0.0638104348 0.0414995044 0.493639757 0 1 0
v 0.0623695936 0.0414593368 0.494812505 0 1 0
v 0.06090434 0.0414091589 0.495954545 0 0.501961 1
v 0.0594201043 0.0413572688 0.497071746 0 0.501961 1
v 0.0579268931 0.0413114462 0.498177103 0 0.501961 1
v 0.0564041367 0.0412532596 0.499240785 0 0.501961 1
v 0.0548640617 0.0412032386 0.50027966 0 0.501961 1
v 0.0532970172 0.0411421305 0.501276846 0 0.501961 1
v 0.0517205197 0.0410948159 0.502259778 1 0.784314 0
v 0.0501150236 0.0410465782 0.503194623 1 0.784314 0
v 0.0484889055 0.040993773 0.504092762 1 0.784314 0
v 0.0468422829 0.0409377112 0.504952482 1 0.784314 0
v 0.0451807134 0.0408824161 0.505783059 1 0.784314 0
v 0.0434988736 0.0408307168 0.506571836 1 0.784314 0
v 0.0418029895 0.0407760299 0.507329741 0.705882 0 1
v 0.0400952917 0.0407268705 0.508061141 0.705882 0 1
v 0.038374974 0.0406888391 0.508762988 0.705882 0 1
v 0.0366437794 0.0406485129 0.509437412 0.705882 0 1
v 0.0348993973 0.040599289 0.510076531 0.705882 0 1
v 0.0331402251 0.040548342 0.510673655 0.705882 0 1
v 0.0313713705 0.0405049572 0.511241912 0 0.862745 0.862745
v 0.0295939966 0.0404660804 0.511783448 0 0.862745 0.862745
v 0.0278007545 0.0404188868 0.512268976 0 0.862745 0.862745
v 0.0259998693 0.0403735079 0.512725478 0 0.862745 0.862745
v 0.0241945322 0.040337978 0.513165155 0 0.862745 0.862745
v 0.0223791885 0.0402977264 0.51356078 0 0.862745 0.862745
v 0.0205552731 0.0402467128 0.513913554 0 0.862745 0.862745
v 0.0187251633 0.0402043746 0.514234096 0 0.862745 0.862745
v 0.0168899181 0.0401666346 0.514524404 1 0.470588 0
v 0.0150497396 0.0401324907 0.514782053 1 0.470588 0
v 0.0132053668 0.0401032272 0.515008339 1 0.470588 0
v 0.011356322 0.0400698483 0.515191649 1 0.470588 0
v 0.00950369486 0.0400357441 0.51533456 1 0.470588 0
v 0.00764910881 0.0400084753 0.515451011 1 0.470588 0
v 0.00579267585 0.0399857467 0.515534113 0.470588 1 0
v 0.00393478948 0.0399537515 0.515564567 0.470588 1 0
v 0.00207653293 0.0399335788 0.515565405 0.470588 1 0
v 0.000218881492 0.0399052266 0.515520323 0.470588 1 0
v -0.00163750639 0.0398785993 0.515439393 0.470588 1 0
v -0.00349144349 0.0398509113 0.515313464 0.470588 1 0
v -0.00534300218 0.0398343069 0.515156031 1 0 0.705882
v -0.00719015324 0.0398179127 0.514952407 1 0 0.705882
v -0.00903101677 0.0397971033 0.514699687 1 0 0.705882
v -0.0108661071 0.0397813722 0.514406856 1 0 0.705882
v -0.0126947184 0.0397717657 0.514075494 1 0 0.705882
v -0.0145132608 0.039761642 0.513693025 1 0 0.705882
v -0.0163221787 0.0397517307 0.513267882 0.313725 0.313725 1
v -0.0181201896 0.0397486293 0.512798121 0.313725 0.313725 1
v -0.0199040114 0.0397457726 0.512277321 0.313725 0.313725 1
v -0.021673311 0.0397514577 0.511709001 0.313725 0.313725 1
v -0.0234236202 0.0397525485 0.5110846 0.313725 0.313725 1
v -0.0251560537 0.0397575941 0.510412198 0.313725 0.313725 1
v -0.0268718844 0.0397791124 0.509698655 0.705882 0.470588 0.156863
v -0.0285579239 0.0397906932 0.508917242 0.705882 0.470588 0.156863
v -0.030221692 0.0398126643 0.508089621 0.705882 0.470588 0.156863
v -0.0318533422 0.0398347614 0.507200556 0.705882 0.470588 0.156863
v -0.0334533459 0.0398581264 0.506255674 0.705882 0.470588 0.156863
v -0.0350220687 0.0398873121 0.50525965 0.705882 0.470588 0.156863
v -0.0365520017 0.039914105 0.504204963 0.470588 0.470588 0.470588
v -0.0380431677 0.0399559558 0.503096743 0.470588 0.470588 0.470588
v -0.0394896378 0.0400043675 0.501931272 0.470588 0.470588 0.470588
v -0.0408906217 0.040053016 0.500711458 0.470588 0.470588 0.470588
v -0.0422399438 0.0401048362 0.499435398 0.470588 0.470588 0.470588
v -0.0435305669 0.040151967 0.498099121 0.470588 0.470588 0.470588
v -0.0447701561 0.0402141032 0.496715943 1 0 0
v -0.0459508755 0.0402836973 0.495282759 1 0 0
v -0.0470744297 0.0403627547 0.493804711 1 0 0
v -0.0481302033 0.0404332283 0.492277042 1 0 0
v -0.0491104277 0.0404999962 0.490699891 1 0 0
v -0.0500232244 0.0405780511 0.489083283 1 0 0
v -0.0508791258 0.0406594951 0.487435659 0 1 0
v -0.0516397513 0.0407177109 0.485741082 0 1 0
v -0.0523363748 0.0407814511 0.484019581 0 1 0
v -0.0529525052 0.0408398537 0.482267315 0 1 0
v -0.053513054 0.0409146416 0.480497112 0 1 0
v -0.0540049818 0.0409879674 0.478706638 0 1 0
v -0.0544186438 0.0410469971 0.476895804 0 0.501961 1
v -0.0547696877 0.0411044104 0.475071812 0 0.501961 1
v -0.0550950722 0.0411656858 0.473243112 0 0.501961 1
v 0.0628701594 0.0430364431 0.492700313 0 1 0
v 0.0614226126 0.0429976201 0.493872836 0 1 0
v 0.0599466046 0.0429388427 0.495008585 0 0.501961 1
v 0.0584601437 0.0428880236 0.496130947 0 0.501961 1
v 0.0569547389 0.0428335171 0.497227605 0 0.501961 1
v 0.055421601 0.0427694542 0.498284555 0 0.501961 1
v 0.0538721464 0.0427142322 0.499317992 1 0.784314 0
v 0.0522974494 0.0426512496 0.500312128 1 0.784314 0
v 0.050707118 0.0426005403 0.501281302 1 0.784314 0
v 0.0490890788 0.0425380039 0.502203214 1 0.784314 0
v 0.0474518085 0.0424761651 0.503090488 1 0.784314 0
v 0.0457940747 0.0424141304 0.503938984 1 0.784314 0
v 0.0441189209 0.0423556241 0.504752806 0.705882 0 1
v 0.0424276513 0.0422951529 0.505532466 0.705882 0 1
v 0.0407231983 0.0422376346 0.506282939 0.705882 0 1
v 0.0390035846 0.0421879667 0.506998811 0.705882 0 1
v 0.0372737678 0.042142583 0.507689862 0.705882 0 1
v 0.0355328179 0.0420991862 0.508352338 0.705882 0 1
v 0.0337769627 0.0420482888 0.508973975 0 0.862745 0.862745
v 0.0320098923 0.0419954159 0.509562842 0 0.862745 0.862745
v 0.0302314725 0.0419452494 0.510116611 0 0.862745 0.862745
v 0.0284412354 0.0419018468 0.510631563 0 0.862745 0.862745
v 0.0266413246 0.0418587364 0.511111628 0 0.862745 0.862745
v 0.0248324843 0.0418133109 0.511556483 0 0.862745 0.862745
v 0.0230158113 0.0417681698 0.511968492 0 0.862745 0.862745
v 0.0211901652 0.041717561 0.512337999 0 0.862745 0.862745
v 0.0193579209 0.041667802 0.512673267 1 0.470588 0
v 0.0175199097 0.0416224249 0.512976171 1 0.470588 0
v 0.0156764265 0.0415795163 0.513244202 1 0.470588 0
v 0.0138301744 0.0415560968 0.5134945 1 0.470588 0
v 0.0119776027 0.041517867 0.513690714 1 0.470588 0
v 0.0101211151 0.0414797993 0.513845935 1 0.470588 0
v 0.00826211903 0.0414490718 0.513969595 0.470588 1 0
v 0.00640108877 0.0414140538 0.514053998 0.470588 1 0
v 0.00453876896 0.0413818008 0.514104998 0.470588 1 0
v 0.00267564282 0.0413601351 0.514119626 0.470588 1 0
v 0.00081283466 0.0413316287 0.514086901 0.470588 1 0
v -0.00104882108 0.0413007894 0.514014694 0.470588 1 0
v -0.00290794917 0.0412677339 0.513894115 1 0 0.705882
v -0.00476505524 0.0412488847 0.513743655 1 0 0.705882
v -0.0066182187 0.0412333461 0.513549905 1 0 0.705882
v -0.00846522571 0.0412117382 0.513305687 1 0 0.705882
v -0.0103065328 0.0411965309 0.513020854 1 0 0.705882
v -0.012141484 0.0411826545 0.512697247 1 0 0.705882
v -0.0139668985 0.0411739415 0.512323304 0.313725 0.313725 1
v -0.0157799493 0.0411587607 0.511893771 0.313725 0.313725 1
v -0.0175824221 0.0411487272 0.511421696 0.313725 0.313725 1
v -0.0193718664 0.0411453958 0.510902539 0.313725 0.313725 1
v -0.0211455386 0.0411490829 0.510331689 0.313725 0.313725 1
v -0.0229013538 0.0411466888 0.509707965 0.313725 0.313725 1
v -0.0246393866 0.041153361 0.509036335 0.705882 0.470588 0.156863
v -0.0263576727 0.0411756066 0.508316138 0.705882 0.470588 0.156863
v -0.0280469981 0.041191621 0.507530124 0.705882 0.470588 0.156863
v -0.0297094116 0.0412117008 0.506689053 0.705882 0.470588 0.156863
v -0.0313415954 0.0412331164 0.505790838 0.705882 0.470588 0.156863
v -0.0329417741 0.0412590717 0.504836675 0.705882 0.470588 0.156863
v -0.0345089291 0.0412885585 0.503829171 0.470588 0.470588 0.470588
v -0.0360352571 0.0413218368 0.502760925 0.470588 0.470588 0.470588
v -0.0375186896 0.0413664054 0.501634317 0.470588 0.470588 0.470588
v -0.0389513339 0.0414053469 0.500443638 0.470588 0.470588 0.470588
v -0.0403479237 0.0414631716 0.499211563 0.470588 0.470588 0.470588
v -0.041683106 0.0415237756 0.497913491 0.470588 0.470588 0.470588
v -0.0429537265 0.0415806884 0.496551988 1 0 0
v -0.0441669991 0.0416469708 0.495139555 1 0 0
v -0.0453213521 0.0417158808 0.493678791 1 0 0
v -0.0464066875 0.0417784684 0.492165423 1 0 0
v -0.0474233645 0.0418528716 0.490605704 1 0 0
v -0.0483835934 0.0419448466 0.489011774 1 0 0
v -0.0492586513 0.0420251465 0.487368935 0 1 0
v -0.0500505261 0.0420891145 0.485683713 0 1 0
v -0.0507749196 0.0421625403 0.483968965 0 1 0
v -0.0514135678 0.0422271108 0.482219859 0 1 0
v -0.051988346 0.0423001517 0.480449267 0 1 0
v -0.0524853573 0.0423622968 0.478654636 0 1 0
v -0.0529175761 0.0424326395 0.476843623 0 0.501961 1
v -0.0532839222 0.0425015503 0.475017998 0 0.501961 1
v -0.0536073769 0.0425509035 0.473183627 0 0.501961 1
v 0.0618595136 0.0444800339 0.491687822 0 1 0
v 0.0604081303 0.0444415015 0.492860332 0 1 0
v 0.0589298871 0.0443858939 0.493998114 0 0.501961 1
v 0.0574415283 0.044336509 0.495122784 0 0.501961 1
v 0.0559278685 0.0442776313 0.496212621 0 0.501961 1
v 0.0543871859 0.0442087244 0.497263449 0 0.501961 1
v 0.0528287513 0.0441472976 0.498288031 1 0.784314 0
v 0.0512439814 0.0440731157 0.499270817 1 0.784314 0
v 0.0496418416 0.0440112197 0.500225839 1 0.784314 0
v 0.0480163815 0.0439473467 0.501140442 1 0.784314 0
v 0.0463700263 0.0438826113 0.502016857 1 0.784314 0
v 0.0447028234 0.0438128228 0.502852273 1 0.784314 0
v 0.0430176825 0.0437466238 0.503651424 0.705882 0 1
v 0.0413183184 0.0436846955 0.504420076 0.705882 0 1
v 0.0396057748 0.0436259418 0.505159213 0.705882 0 1
v 0.0378787563 0.0435669036 0.505863997 0.705882 0 1
v 0.0361421419 0.0435212051 0.506545678 0.705882 0 1
v 0.0343930484 0.0434763846 0.507194876 0.705882 0 1
v 0.0326323494 0.0434285528 0.50781166 0 0.862745 0.862745
v 0.030856735 0.0433719827 0.508383407 0 0.862745 0.862745
v 0.0290684177 0.0433178643 0.508914155 0 0.862745 0.862745
v 0.0272703411 0.0432732036 0.509411717 0 0.862745 0.862745
v 0.0254630868 0.0432230957 0.509874192 0 0.862745 0.862745
v 0.023646262 0.0431664094 0.510297014 0 0.862745 0.862745
v 0.0218222859 0.043117911 0.510688747 0 0.862745 0.862745
v 0.0199910404 0.0430713519 0.511045384 0 0.862745 0.862745
v 0.0181526791 0.0430219329 0.511362787 1 0.470588 0
v 0.0163083184 0.0429729043 0.511643517 1 0.470588 0
v 0.0144592587 0.0429307407 0.511892533 1 0.470588 0
v 0.0126064944 0.0428988971 0.512113511 1 0.470588 0
v 0.0107493361 0.0428661907 0.512293091 1 0.470588 0
v 0.00888834367 0.0428303506 0.512428016 1 0.470588 0
v 0.0070249003 0.0427912426 0.512521051 0.470588 1 0
v 0.00516006188 0.042752331 0.512579829 0.470588 1 0
v 0.0032942565 0.0427260623 0.512607678 0.470588 1 0
v 0.00142845141 0.0426978457 0.512588161 0.470588 1 0
v -0.000436606559 0.0426681953 0.51252904 0.470588 1 0
v -0.00229909404 0.0426288018 0.512418609 0.470588 1 0
v -0.00415940109 0.0425997471 0.51227317 1 0 0.705882
v -0.00601587816 0.0425766969 0.512084028 1 0 0.705882
v -0.00786725695 0.0425534074 0.511850507 1 0 0.705882
v -0.00971336272 0.04254133 0.511577845 1 0 0.705882
v -0.0115514692 0.0425285395 0.511255822 1 0 0.705882
v -0.0133801788 0.0425125706 0.51088425 1 0 0.705882
v -0.0151984273 0.0424993637 0.510464303 0.313725 0.313725 1
v -0.0170057684 0.0424879489 0.509999231 0.313725 0.313725 1
v -0.018798775 0.0424823705 0.509481532 0.313725 0.313725 1
v -0.0205747284 0.042483118 0.508908165 0.313725 0.313725 1
v -0.0223365558 0.0424903097 0.508292759 0.313725 0.313725 1
v -0.0240755979 0.0424963006 0.507615802 0.313725 0.313725 1
v -0.0257924424 0.0425047672 0.506884661 0.705882 0.470588 0.156863
v -0.0274858093 0.0425251902 0.506100541 0.705882 0.470588 0.156863
v -0.0291464048 0.0425403498 0.505249618 0.705882 0.470588 0.156863
v -0.0307751972 0.0425603643 0.504339152 0.705882 0.470588 0.156863
v -0.0323764346 0.0425930186 0.503381435 0.705882 0.470588 0.156863
v -0.0339382236 0.0426281252 0.502360549 0.705882 0.470588 0.156863
v -0.035457924 0.042663128 0.501278142 0.470588 0.470588 0.470588
v -0.0369321938 0.0427029322 0.500134812 0.470588 0.470588 0.470588
v -0.0383529435 0.0427420533 0.498925405 0.470588 0.470588 0.470588
v -0.0397311555 0.0427966261 0.497668294 0.470588 0.470588 0.470588
v -0.0410444473 0.0428636162 0.496344302 0.470588 0.470588 0.470588
v -0.0422944144 0.0429243641 0.494959947 0.470588 0.470588 0.470588
v -0.0434863504 0.042985907 0.493525405 1 0 0
v -0.0446050547 0.0430610285 0.49203375 1 0 0
v -0.045655669 0.0431344598 0.490493705 1 0 0
v -0.0466339555 0.0432066158 0.488906437 1 0 0
v -0.0475439222 0.0432954597 0.487280341 1 0 0
v -0.0483652777 0.0433631359 0.485606134 1 0 0
v -0.0491106817 0.0434306198 0.483896761 0 1 0
v -0.0497746329 0.0434991861 0.482154119 0 1 0
v -0.0503700141 0.043578217 0.480387525 0 1 0
v -0.0508860066 0.0436479882 0.478595755 0 1 0
v -0.0513242882 0.0437087408 0.476782898 0 0.501961 1
v -0.0517003133 0.0437826804 0.474956472 0 0.501961 1
v -0.0520308243 0.0438362424 0.473120544 0 0.501961 1
v 0.0607870604 0.0458326659 0.490612107 0 1 0
v 0.0593317687 0.0457915703 0.491780976 0 1 0
v 0.0578511172 0.0457344752 0.492916894 0 0.501961 1
v 0.056362558 0.0456891644 0.494042869 0 0.501961 1
v 0.0548414222 0.0456145392 0.495122954 0 0.501961 1
v 0.0532976948 0.0455491743 0.496171093 0 0.501961 1
v 0.0517288748 0.045474048 0.497180596 1 0.784314 0
v 0.0501426601 0.0454077837 0.498163079 1 0.784314 0
v 0.0485335833 0.0453404059 0.49910763 1 0.784314 0
v 0.046902775 0.0452710629 0.500014007 1 0.784314 0
v 0.0452463112 0.0452013037 0.500872544 1 0.784314 0
v 0.0435713432 0.0451251515 0.501693643 1 0.784314 0
v 0.0418832921 0.0450599832 0.502488622 0.705882 0 1
v 0.0401786458 0.0449985151 0.503247476 0.705882 0 1
v 0.0384601724 0.0449392701 0.503974912 0.705882 0 1
v 0.0367271559 0.0448771248 0.504666654 0.705882 0 1
v 0.0349840555 0.0448265974 0.505333624 0.705882 0 1
v 0.0332294007 0.0447758994 0.505969628 0.705882 0 1
v 0.0314606771 0.0447226379 0.506564947 0 0.862745 0.862745
v 0.0296781891 0.0446624571 0.507117024 0 0.862745 0.862745
v 0.0278853955 0.0446082829 0.507635456 0 0.862745 0.862745
v 0.026080763 0.0445521086 0.508110785 0 0.862745 0.862745
v 0.0242675118 0.0444944051 0.508551771 0 0.862745 0.862745
v 0.0224473277 0.0444470591 0.508964703 0 0.862745 0.862745
v 0.0206195227 0.0443997496 0.509342229 0 0.862745 0.862745
v 0.0187835152 0.0443506101 0.509677686 0 0.862745 0.862745
v 0.0169415629 0.0443017072 0.509978043 1 0.470588 0
v 0.0150935158 0.0442515602 0.510238872 1 0.470588 0
v 0.0132409815 0.0442088909 0.510467258 1 0.470588 0
v 0.0113844048 0.0441735928 0.510661415 1 0.470588 0
v 0.00952415197 0.0441393605 0.510816244 1 0.470588 0
v 0.00766093934 0.0441002794 0.510928535 1 0.470588 0
v 0.00579580996 0.0440664179 0.511005648 0.470588 1 0
v 0.00392950798 0.0440321082 0.511042726 0.470588 1 0
v 0.00206289599 0.0439967627 0.511031468 0.470588 1 0
v 0.000197018016 0.043960004 0.510976853 0.470588 1 0
v -0.00166736322 0.0439273461 0.510884941 0.470588 1 0
v -0.00352917885 0.0438961286 0.510749119 0.470588 1 0
v -0.00538717153 0.043866757 0.510568407 1 0 0.705882
v -0.0072406283 0.0438411637 0.510345189 1 0 0.705882
v -0.00908764888 0.0438183633 0.510073628 1 0 0.705882
v -0.0109276929 0.0437997621 0.509758278 1 0 0.705882
v -0.0127594204 0.0437857119 0.50939746 1 0 0.705882
v -0.0145804979 0.0437740669 0.508986178 1 0 0.705882
v -0.0163897417 0.0437630961 0.508525533 0.313725 0.313725 1
v -0.0181841809 0.0437556699 0.508010195 0.313725 0.313725 1
v -0.0199624497 0.0437556964 0.507441679 0.313725 0.313725 1
v -0.0217245969 0.0437653495 0.50682509 0.313725 0.313725 1
v -0.02346439 0.0437688811 0.506148214 0.313725 0.313725 1
v -0.025179851 0.0437706158 0.505411708 0.313725 0.313725 1
v -0.0268714798 0.0437852592 0.504621978 0.705882 0.470588 0.156863
v -0.0285315175 0.04380375 0.503768334 0.705882 0.470588 0.156863
v -0.030158736 0.0438236671 0.502853582 0.705882 0.470588 0.156863
v -0.0317535342 0.0438541777 0.501883517 0.705882 0.470588 0.156863
v -0.0333080779 0.0438869852 0.500850216 0.705882 0.470588 0.156863
v -0.0348217233 0.0439250267 0.499758211 0.705882 0.470588 0.156863
v -0.0362797598 0.0439635104 0.498593091 0.470588 0.470588 0.470588
v -0.0376883698 0.0440095308 0.497368826 0.470588 0.470588 0.470588
v -0.0390408916 0.0440618907 0.496083327 0.470588 0.470588 0.470588
v -0.0403357649 0.0441254586 0.494740119 0.470588 0.470588 0.470588
v -0.041561629 0.0441849964 0.493333283 0.470588 0.470588 0.470588
v -0.0427172534 0.0442438141 0.491868113 0.470588 0.470588 0.470588
v -0.043801732 0.0443166774 0.490350219 1 0 0
v -0.044817311 0.0443860944 0.488785325 1 0 0
v -0.0457636976 0.0444785866 0.487178694 1 0 0
v -0.0466045097 0.0445404459 0.485512882 1 0 0
v -0.0473764025 0.0446119209 0.483814389 1 0 0
v -0.0480611591 0.0446791044 0.482078792 1 0 0
v -0.0486738716 0.0447566175 0.480316891 0 1 0
v -0.0491979667 0.0448231152 0.478526259 0 1 0
v -0.0496472754 0.0448843668 0.476715315 0 0.501961 1
v -0.050033565 0.0449557348 0.474890142 0 0.501961 1
v -0.0503664522 0.0450126986 0.473053928 0 0.501961 1
v 0.0596589684 0.0470928859 0.489479566 0 1 0
v 0.0582023623 0.0470506049 0.490644837 0 1 0
v 0.0567206869 0.0469902956 0.491777281 0 0.501961 1
v 0.0552259933 0.0469361059 0.492892527 0 0.501961 1
v 0.0537034931 0.0468642745 0.493968684 0 0.501961 1
v 0.0521564483 0.0467930449 0.495009261 0 0.501961 1
v 0.0505874849 0.0467232626 0.496016665 1 0.784314 0
v 0.0489968956 0.0466572614 0.496989704 1 0.784314 0
v 0.0473827639 0.0465871708 0.497922813 1 0.784314 0
v 0.045746143 0.0465128766 0.498815454 1 0.784314 0
v 0.0440865627 0.0464348229 0.499664429 1 0.784314 0
v 0.0424079378 0.0463544995 0.500474962 1 0.784314 0
v 0.0407157793 0.0462926137 0.501258542 0.705882 0 1
v 0.039008659 0.0462284801 0.502008657 0.705882 0 1
v 0.037288422 0.0461701938 0.502728734 0.705882 0 1
v 0.0355510772 0.0461071791 0.503406242 0.705882 0 1
v 0.033802235 0.0460477937 0.504053853 0.705882 0 1
v 0.0320421808 0.0459878828 0.504670339 0.705882 0 1
v 0.0302689645 0.0459249299 0.505247491 0 0.862745 0.862745
v 0.0284850359 0.0458727032 0.505791914 0 0.862745 0.862745
v 0.0266866902 0.0458158124 0.506286077 0 0.862745 0.862745
v 0.0248791656 0.0457606798 0.506745641 0 0.862745 0.862745
v 0.0230642768 0.0457049148 0.507174975 0 0.862745 0.862745
v 0.0212412032 0.0456520103 0.507568415 0 0.862745 0.862745
v 0.0194104804 0.0456053919 0.50792571 0 0.862745 0.862745
v 0.01757223 0.045553538 0.508240751 0 0.862745 0.862745
v 0.0157279062 0.0454981175 0.508517389 1 0.470588 0
v 0.0138783304 0.0454447899 0.50875711 1 0.470588 0
v 0.0120244091 0.0453985464 0.508962423 1 0.470588 0
v 0.0101666479 0.0453600086 0.509131537 1 0.470588 0
v 0.00830571213 0.0453266612 0.509262803 0.470588 1 0
v 0.00644252666 0.045296186 0.509357764 0.470588 1 0
v 0.00457768562 0.0452639399 0.509410346 0.470588 1 0
v 0.00271225923 0.0452243328 0.509412587 0.470588 1 0
v 0.000847376058 0.0451823473 0.509370341 0.470588 1 0
v -0.0010167086 0.0451533853 0.509295583 0.470588 1 0
v -0.0028778489 0.0451180549 0.509168179 1 0 0.705882
v -0.00473603351 0.0450907937 0.509002205 1 0 0.705882
v -0.00658967575 0.0450663186 0.508791589 1 0 0.705882
v -0.00843605119 0.0450334061 0.508525255 1 0 0.705882
v -0.0102759646 0.045010102 0.508216164 1 0 0.705882
v -0.0121083892 0.0449942162 0.507865132 1 0 0.705882
v -0.0139298643 0.0449826279 0.507461083 0.313725 0.313725 1
v -0.0157393951 0.0449714968 0.507006433 0.313725 0.313725 1
v -0.017534568 0.0449629015 0.506498192 0.313725 0.313725 1
v -0.0193135219 0.0449633046 0.505935811 0.313725 0.313725 1
v -0.0210739224 0.0449629459 0.505317933 0.313725 0.313725 1
v -0.0228130044 0.0449605262 0.504642349 0.313725 0.313725 1
v -0.0245284741 0.0449656094 0.50390877 0.705882 0.470588 0.156863
v -0.0262136683 0.0449762277 0.503108158 0.705882 0.470588 0.156863
v -0.0278705404 0.0449954608 0.502251053 0.705882 0.470588 0.156863
v -0.0294929719 0.0450134346 0.501330356 0.705882 0.470588 0.156863
v -0.0310800407 0.0450385813 0.500349799 0.705882 0.470588 0.156863
v -0.0326219496 0.0450651807 0.499300021 0.705882 0.470588 0.156863
v -0.0341232611 0.0451052852 0.498193366 0.470588 0.470588 0.470588
v -0.0355720504 0.0451488978 0.497018991 0.470588 0.470588 0.470588
v -0.0369621109 0.04518742 0.495775329 0.470588 0.470588 0.470588
v -0.0382947468 0.0452446098 0.494471167 0.470588 0.470588 0.470588
v -0.0395621219 0.045304954 0.493103476 0.470588 0.470588 0.470588
v -0.0407550801 0.0453608697 0.491670199 0.470588 0.470588 0.470588
v -0.0418758728 0.045426704 0.490180212 1 0 0
v -0.0429265577 0.0454967024 0.488640151 1 0 0
v -0.043893971 0.0455764374 0.487046963 1 0 0
v -0.0447706206 0.0456428313 0.48540194 1 0 0
v -0.0455601284 0.0456967608 0.483712555 1 0 0
v -0.0462746805 0.0457664971 0.481990573 1 0 0
v -0.0469018468 0.0458314593 0.480234698 0 1 0
v -0.0474418187 0.0458999 0.478450117 0 1 0
v -0.0478932319 0.0459476071 0.476640525 0 0.501961 1
v -0.0482887636 0.0460200024 0.474818669 0 0.501961 1
v -0.0486243177 0.0460772132 0.472984179 0 0.501961 1
v 0.0584802544 0.0482561079 0.488295035 0 1 0
v 0.0570238396 0.0482123819 0.489455323 0 1 0
v 0.0555431404 0.0481503872 0.490583646 0 0.501961 1
v 0.0540464225 0.0480909657 0.491690364 0 0.501961 1
v 0.0525227093 0.0480159241 0.492758997 0 0.501961 1
v 0.050975582 0.047946254 0.493793746 0 0.501961 1
v 0.0494062563 0.0478793215 0.494794748 1 0.784314 0
v 0.0478155159 0.0478091931 0.495761072 1 0.784314 0
v 0.0461979973 0.0477306317 0.496681365 1 0.784314 0
v 0.0445564774 0.0476512986 0.497558017 1 0.784314 0
v 0.0428931057 0.0475750464 0.498392722 1 0.784314 0
v 0.0412140091 0.0474997885 0.499195294 1 0.784314 0
v 0.0395211636 0.0474356335 0.499969592 0.705882 0 1
v 0.0378110012 0.0473695904 0.500704329 0.705882 0 1
v 0.0360879901 0.0473109296 0.501409343 0.705882 0 1
v 0.03435313 0.0472568347 0.502085086 0.705882 0 1
v 0.0326022664 0.0471882862 0.502716982 0.705882 0 1
v 0.0308386919 0.0471231426 0.503312839 0.705882 0 1
v 0.0290633784 0.0470656428 0.503873549 0 0.862745 0.862745
v 0.0272768252 0.0470081904 0.504397188 0 0.862745 0.862745
v 0.025479035 0.0469545119 0.504881214 0 0.862745 0.862745
v 0.0236701641 0.0468911224 0.505320946 0 0.862745 0.862745
v 0.0218532882 0.046829237 0.505726594 0 0.862745 0.862745
v 0.0200283715 0.0467685509 0.506094508 0 0.862745 0.862745
v 0.0181973005 0.0467219963 0.50643279 1 0.470588 0
v 0.0163589036 0.0466683848 0.50672696 1 0.470588 0
v 0.0145150102 0.0466175817 0.506985327 1 0.470588 0
v 0.0126661788 0.0465570153 0.507202972 1 0.470588 0
v 0.0108130662 0.0465071937 0.50738437 0.470588 1 0
v 0.00895652371 0.0464761435 0.507531912 0.470588 1 0
v 0.00709750572 0.0464468543 0.507643872 0.470588 1 0
v 0.00523646305 0.0464136456 0.507713021 0.470588 1 0
v 0.00337436197 0.0463759351 0.507734118 0.470588 1 0
v 0.00151232987 0.0463363906 0.507709403 0.470588 1 0
v -0.000348944622 0.0463031368 0.50764601 1 0 0.705882
v -0.00220808678 0.0462689503 0.507537998 1 0 0.705882
v -0.0040640132 0.0462398206 0.507382592 1 0 0.705882
v -0.00591600728 0.0462161432 0.50718513 1 0 0.705882
v -0.00776040021 0.0461817231 0.506927882 1 0 0.705882
v -0.00959852445 0.0461552609 0.506628354 1 0 0.705882
v -0.0114288975 0.0461374851 0.506284058 0.313725 0.313725 1
v -0.0132497184 0.0461251282 0.505892295 0.313725 0.313725 1
v -0.0150585483 0.0461106215 0.505448001 0.313725 0.313725 1
v -0.0168530512 0.0460996437 0.504948855 0.313725 0.313725 1
v -0.0186293521 0.0460910532 0.50438836 0.313725 0.313725 1
v -0.0203862632 0.0460870403 0.503769774 0.313725 0.313725 1
v -0.0221235157 0.0460848657 0.503098158 0.705882 0.470588 0.156863
v -0.0238359857 0.046089715 0.502365819 0.705882 0.470588 0.156863
v -0.0255178528 0.0460962023 0.501565669 0.705882 0.470588 0.156863
v -0.0271690824 0.0461123011 0.500704384 0.705882 0.470588 0.156863
v -0.0287860083 0.0461325642 0.499780414 0.705882 0.470588 0.156863
v -0.0303601016 0.0461469887 0.49878499 0.705882 0.470588 0.156863
v -0.0318927042 0.0461713001 0.497727239 0.470588 0.470588 0.470588
v -0.0333792356 0.0462103583 0.496606145 0.470588 0.470588 0.470588
v -0.0348135231 0.0462476521 0.495418341 0.470588 0.470588 0.470588
v -0.0361844299 0.0462858509 0.494157942 0.470588 0.470588 0.470588
v -0.0374870485 0.046342214 0.492828018 0.470588 0.470588 0.470588
v -0.0387214995 0.0464011607 0.491434776 0.470588 0.470588 0.470588
v -0.0398743934 0.0464554177 0.489973158 1 0 0
v -0.0409512256 0.0465163248 0.488455325 1 0 0
v -0.0419550904 0.0465841689 0.486888429 1 0 0
v -0.0428733854 0.046649424 0.485269786 1 0 0
v -0.043690202 0.0467079692 0.483597214 1 0 0
v -0.044422222 0.0467689015 0.481886017 1 0 0
v -0.0450667585 0.0468259284 0.480139916 0 1 0
v -0.045621096 0.046880056 0.478362854 0 1 0
v -0.0460900525 0.0469285654 0.476561279 0 0.501961 1
v -0.0464881084 0.0469873772 0.474742792 0 0.501961 1
v -0.0468272231 0.0470473821 0.47291231 0 0.501961 1
l 1 2
l 2 3
l 3 4
l 4 5
l 5 6
l 6 7
l 7 8
l 8 9
l 9 10
l 10 11
l 11 12
l 12 13
l 13 14
l 14 15
l 15 16
l 16 17
l 17 18
l 18 19
l 19 20
l 20 21
l 21 22
l 22 23
l 23 24
l 24 25
l 25 26
l 26 27
l 27 28
l 28 29
l 29 30
l 30 31
l 31 32
l 32 33
l 33 34
l 34 35
l 35 36
l 36 37
l 37 38
l 38 39
l 39 40
l 40 41
l 41 42
l 42 43
l 43 44
l 44 45
l 45 46
l 46 47
l 47 48
l 48 49
l 49 50
l 50 51
l 51 52
l 52 53
l 53 54
l 54 55
l 55 56
l 56 57
l 57 58
l 58 59
l 59 60
l 60 61
l 61 62
l 62 63
l 63 64
l 64 65
l 65 66
l 66 67
l 67 68
l 68 69
l 70 71
l 71 72
l 72 73
l 73 74
l 74 75
l 75 76
l 76 77
l 77 78
l 78 79
l 79 80
l 80 81
l 81 82
l 82 83
l 83 84
l 84 85
l 85 86
l 86 87
l 87 88
l 88 89
l 89 90
l 90 91
l 91 92
l 92 93
l 93 94
l 94 95
l 95 96
l 96 97
l 97 98
l 98 99
l 99 100
l 100 101
l 101 102
l 102 103
l 103 104
l 104 105
l 105 106
l 106 107
l 107 108
l 108 109
l 109 110
l 110 111
l 111 112
l 112 113
l 113 114
l 114 115
l 115 116
l 116 117
l 117 118
l 118 119
l 119 120
l 120 121
l 121 122
l 122 123
l 123 124
l 124 125
l 125 126
l 126 127
l 127 128
l 128 129
l 129 130
l 130 131
l 131 132
l 132 133
l 133 134
l 134 135
l 135 136
l 136 137
l 137 138
l 138 139
l 139 140
l 141 142
l 142 143
l 143 144
l 144 145
l 145 146
l 146 147
l 147 148
l 148 149
l 149 150
l 150 151
l 151 152
l 152 153
l 153 154
l 154 155
l 155 156
l 156 157
l 157 158
l 158 159
l 159 160
l 160 161
l 161 162
l 162 163
l 163 164
l 164 165
l 165 166
l 166 167
l 167 168
l 168 169
l 169 170
l 170 171
l 171 172
l 172 173
l 173 174
l 174 175
l 175 176
l 176 177
l 177 178
l 178 179
l 179 180
l 180 181
l 181 182
l 182 183
l 183 184
l 184 185
l 185 186
l 186 187
l 187 188
l 188 189
l 189 190
l 190 191
l 191 192
l 192 193
l 193 194
l 194 195
l 195 196
l 196 197
l 197 198
l 198 199
l 199 200
l 200 201
l 201 202
l 202 203
l 203 204
l 204 205
l 205 206
l 206 207
l 207 208
l 208 209
l 209 210
l 210 211
l 211 212
l 212 213
l 214 215
l 215 216
l 216 217
l 217 218
l 218 219
l 219 220
l 220 221
l 221 222
l 222 223
l 223 224
l 224 225
l 225 226
l 226 227
l 227 228
l 228 229
l 229 230
l 230 231
l 231 232
l 232 233
l 233 234
l 234 235
l 235 236
l 236 237
l 237 238
l 238 239
l 239 240
l 240 241
l 241 242
l 242 243
l 243 244
l 244 245
l 245 246
l 246 247
l 247 248
l 248 249
l 249 250
l 250 251
l 251 252
l 252 253
l 253 254
l 254 255
l 255 256
l 256 257
l 257 258
l 258 259
l 259 260
l 260 261
l 261 262
l 262 263
l 263 264
l 264 265
l 265 266
l 266 267
l 267 268
l 268 269
l 269 270
l 270 271
l 271 272
l 272 273
l 273 274
l 274 275
l 275 276
l 276 277
l 277 278
l 278 279
l 279 280
l 280 281
l 281 282
l 282 283
l 283 284
l 284 285
l 285 286
l 286 287
l 287 288
l 289 290
l 290 291
l 291 292
l 292 293
l 293 294
l 294 295
l 295 296
l 296 297
l 297 298
l 298 299
l 299 300
l 300 301
l 301 302
l 302 303
l 303 304
l 304 305
l 305 306
l 306 307
l 307 308
l 308 309
l 309 310
l 310 311
l 311 312
l 312 313
l 313 314
l 314 315
l 315 316
l 316 317
l 317 318
l 318 319
l 319 320
l 320 321
l 321 322
l 322 323
l 323 324
l 324 325
l 325 326
l 326 327
l 327 328
l 328 329
l 329 330
l 330 331
l 331 332
l 332 333
l 333 334
l 334 335
l 335 336
l 336 337
l 337 338
l 338 339
l 339 340
l 340 341
l 341 342
l 342 343
l 343 344
l 344 345
l 345 346
l 346 347
l 347 348
l 348 349
l 349 350
l 350 351
l 351 352
l 352 353
l 353 354
l 354 355
l 355 356
l 356 357
l 357 358
l 358 359
l 359 360
l 360 361
l 361 362
l 362 363
l 363 364
l 364 365
l 366 367
l 367 368
l 368 369
l 369 370
l 370 371
l 371 372
l 372 373
l 373 374
l 374 375
l 375 376
l 376 377
l 377 378
l 378 379
l 379 380
l 380 381
l 381 382
l 382 383
l 383 384
l 384 385
l 385 386
l 386 387
l 387 388
l 388 389
l 389 390
l 390 391
l 391 392
l 392 393
l 393 394
l 394 395
l 395 396
l 396 397
l 397 398
l 398 399
l 399 400
l 400 401
l 401 402
l 402 403
l 403 404
l 404 405
l 405 406
l 406 407
l 407 408
l 408 409
l 409 410
l 410 411
l 411 412
l 412 413
l 413 414
l 414 415
l 415 416
l 416 417
l 417 418
l 418 419
l 419 420
l 420 421
l 421 422
l 422 423
l 423 424
l 424 425
l 425 426
l 426 427
l 427 428
l 428 429
l 429 430
l 430 431
l 431 432
l 432 433
l 433 434
l 434 435
l 435 436
l 436 437
l 437 438
l 438 439
l 439 440
l 440 441
l 441 442
l 442 443
l 443 444
l 445 446
l 446 447
l 447 448
l 448 449
l 449 450
l 450 451
l 451 452
l 452 453
l 453 454
l 454 455
l 455 456
l 456 457
l 457 458
l 458 459
l 459 460
l 460 461
l 461 462
l 462 463
l 463 464
l 464 465
l 465 466
l 466 467
l 467 468
l 468 469
l 469 470
l 470 471
l 471 472
l 472 473
l 473 474
l 474 475
l 475 476
l 476 477
l 477 478
l 478 479
l 479 480
l 480 481
l 481 482
l 482 483
l 483 484
l 484 485
l 485 486
l 486 487
l 487 488
l 488 489
l 489 490
l 490 491
l 491 492
l 492 493
l 493 494
l 494 495
l 495 496
l 496 497
l 497 498
l 498 499
l 499 500
l 500 501
l 501 502
l 502 503
l 503 504
l 504 505
l 505 506
l 506 507
l 507 508
l 508 509
l 509 510
l 510 511
l 511 512
l 512 513
l 513 514
l 514 515
l 515 516
l 516 517
l 517 518
l 518 519
l 519 520
l 520 521
l 521 522
l 522 523
l 523 524
l 524 525
l 526 527
l 527 528
l 528 529
l 529 530
l 530 531
l 531 532
l 532 533
l 533 534
l 534 535
l 535 536
l 536 537
l 537 538
l 538 539
l 539 540
l 540 541
l 541 542
l 542 543
l 543 544
l 544 545
l 545 546
l 546 547
l 547 548
l 548 549
l 549 550
l 550 551
l 551 552
l 552 553
l 553 554
l 554 555
l 555 556
l 556 557
l 557 558
l 558 559
l 559 560
l 560 561
l 561 562
l 562 563
l 563 564
l 564 565
l 565 566
l 566 567
l 567 568
l 568 569
l 569 570
l 570 571
l 571 572
l 572 573
l 573 574
l 574 575
l 575 576
l 576 577
l 577 578
l 578 579
l 579 580
l 580 581
l 581 582
l 582 583
l 583 584
l 584 585
l 585 586
l 586 587
l 587 588
l 588 589
l 589 590
l 590 591
l 591 592
l 592 593
l 593 594
l 594 595
l 595 596
l 596 597
l 597 598
l 598 599
l 599 600
l 600 601
l 601 602
l 602 603
l 603 604
l 604 605
l 605 606
l 607 608
l 608 609
l 609 610
l 610 611
l 611 612
l 612 613
l 613 614
l 614 615
l 615 616
l 616 617
l 617 618
l 618 619
l 619 620
l 620 621
l 621 622
l 622 623
l 623 624
l 624 625
l 625 626
l 626 627
l 627 628
l 628 629
l 629 630
l 630 631
l 631 632
l 632 633
l 633 634
l 634 635
l 635 636
l 636 637
l 637 638
l 638 639
l 639 640
l 640 641
l 641 642
l 642 643
l 643 644
l 644 645
l 645 646
l 646 647
l 647 648
l 648 649
l 649 650
l 650 651
l 651 652
l 652 653
l 653 654
l 654 655
l 655 656
l 656 657
l 657 658
l 658 659
l 659 660
l 660 661
l 661 662
l 662 663
l 663 664
l 664 665
l 665 666
l 666 667
l 667 668
l 668 669
l 669 670
l 670 671
l 671 672
l 672 673
l 673 674
l 674 675
l 675 676
l 676 677
l 677 678
l 678 679
l 679 680
l 680 681
l 681 682
l 682 683
l 683 684
l 684 685
l 685 686
l 686 687
l 687 688
l 688 689
l 690 691
l 691 692
l 692 693
l 693 694
l 694 695
l 695 696
l 696 697
l 697 698
l 698 699
l 699 700
l 700 701
l 701 702
l 702 703
l 703 704
l 704 705
l 705 706
l 706 707
l 707 708
l 708 709
l 709 710
l 710 711
l 711 712
l 712 713
l 713 714
l 714 715
l 715 716
l 716 717
l 717 718
l 718 719
l 719 720
l 720 721
l 721 722
l 722 723
l 723 724
l 724 725
l 725 726
l 726 727
l 727 728
l 728 729
l 729 730
l 730 731
l 731 732
l 732 733
l 733 734
l 734 735
l 735 736
l 736 737
l 737 738
l 738 739
l 739 740
l 740 741
l 741 742
l 742 743
l 743 744
l 744 745
l 745 746
l 746 747
l 747 748
l 748 749
l 749 750
l 750 751
l 751 752
l 752 753
l 753 754
l 754 755
l 755 756
l 756 757
l 757 758
l 758 759
l 759 760
l 760 761
l 761 762
l 762 763
l 763 764
l 764 765
l 765 766
l 766 767
l 767 768
l 768 769
l 769 770
l 770 771
l 771 772
l 772 773
l 773 774
l 775 776
l 776 777
l 777 778
l 778 779
l 779 780
l 780 781
l 781 782
l 782 783
l 783 784
l 784 785
l 785 786
l 786 787
l 787 788
l 788 789
l 789 790
l 790 791
l 791 792
l 792 793
l 793 794
l 794 795
l 795 796
l 796 797
l 797 798
l 798 799
l 799 800
l 800 801
l 801 802
l 802 803
l 803 804
l 804 805
l 805 806
l 806 807
l 807 808
l 808 809
l 809 810
l 810 811
l 811 812
l 812 813
l 813 814
l 814 815
l 815 816
l 816 817
l 817 818
l 818 819
l 819 820
l 820 821
l 821 822
l 822 823
l 823 824
l 824 825
l 825 826
l 826 827
l 827 828
l 828 829
l 829 830
l 830 831
l 831 832
l 832 833
l 833 834
l 834 835
l 835 836
l 836 837
l 837 838
l 838 839
l 839 840
l 840 841
l 841 842
l 842 843
l 843 844
l 844 845
l 845 846
l 846 847
l 847 848
l 848 849
l 849 850
l 850 851
l 851 852
l 852 853
l 853 854
l 854 855
l 855 856
l 856 857
l 857 858
l 858 859
l 859 860
l 860 861
l 862 863
l 863 864
l 864 865
l 865 866
l 866 867
l 867 868
l 868 869
l 869 870
l 870 871
l 871 872
l 872 873
l 873 874
l 874 875
l 875 876
l 876 877
l 877 878
l 878 879
l 879 880
l 880 881
l 881 882
l 882 883
l 883 884
l 884 885
l 885 886
l 886 887
l 887 888
l 888 889
l 889 890
l 890 891
l 891 892
l 892 893
l 893 894
l 894 895
l 895 896
l 896 897
l 897 898
l 898 899
l 899 900
l 900 901
l 901 902
l 902 903
l 903 904
l 904 905
l 905 906
l 906 907
l 907 908
l 908 909
l 909 910
l 910 911
l 911 912
l 912 913
l 913 914
l 914 915
l 915 916
l 916 917
l 917 918
l 918 919
l 919 920
l 920 921
l 921 922
l 922 923
l 923 924
l 924 925
l 925 926
l 926 927
l 927 928
l 928 929
l 929 930
l 930 931
l 931 932
l 932 933
l 933 934
l 934 935
l 935 936
l 936 937
l 937 938
l 938 939
l 939 940
l 940 941
l 941 942
l 942 943
l 943 944
l 944 945
l 945 946
l 946 947
l 947 948
l 949 950
l 950 951
l 951 952
l 952 953
l 953 954
l 954 955
l 955 956
l 956 957
l 957 958
l 958 959
l 959 960
l 960 961
l 961 962
l 962 963
l 963 964
l 964 965
l 965 966
l 966 967
l 967 968
l 968 969
l 969 970
l 970 971
l 971 972
l 972 973
l 973 974
l 974 975
l 975 976
l 976 977
l 977 978
l 978 979
l 979 980
l 980 981
l 981 982
l 982 983
l 983 984
l 984 985
l 985 986
l 986 987
l 987 988
l 988 989
l 989 990
l 990 991
l 991 992
l 992 993
l 993 994
l 994 995
l 995 996
l 996 997
l 997 998
l 998 999
l 999 1000
l 1000 1001
l 1001 1002
l 1002 1003
l 1003 1004
l 1004 1005
l 1005 1006
l 1006 1007
l 1007 1008
l 1008 1009
l 1009 1010
l 1010 1011
l 1011 1012
l 1012 1013
l 1013 1014
l 1014 1015
l 1015 1016
l 1016 1017
l 1017 1018
l 1018 1019
l 1019 1020
l 1020 1021
l 1021 1022
l 1022 1023
l 1023 1024
l 1024 1025
l 1025 1026
l 1026 1027
l 1027 1028
l 1028 1029
l 1029 1030
l 1030 1031
l 1031 1032
l 1032 1033
l 1033 1034
l 1034 1035
l 1035 1036
l 1036 1037
l 1038 1039
l 1039 1040
l 1040 1041
l 1041 1042
l 1042 1043
l 1043 1044
l 1044 1045
l 1045 1046
l 1046 1047
l 1047 1048
l 1048 1049
l 1049 1050
l 1050 1051
l 1051 1052
l 1052 1053
l 1053 1054
l 1054 1055
l 1055 1056
l 1056 1057
l 1057 1058
l 1058 1059
l 1059 1060
l 1060 1061
l 1061 1062
l 1062 1063
l 1063 1064
l 1064 1065
l 1065 1066
l 1066 1067
l 1067 1068
l 1068 1069
l 1069 1070
l 1070 1071
l 1071 1072
l 1072 1073
l 1073 1074
l 1074 1075
l 1075 1076
l 1076 1077
l 1077 1078
l 1078 1079
l 1079 1080
l 1080 1081
l 1081 1082
l 1082 1083
l 1083 1084
l 1084 1085
l 1085 1086
l 1086 1087
l 1087 1088
l 1088 1089
l 1089 1090
l 1090 1091
l 1091 1092
l 1092 1093
l 1093 1094
l 1094 1095
l 1095 1096
l 1096 1097
l 1097 1098
l 1098 1099
l 1099 1100
l 1100 1101
l 1101 1102
l 1102 1103
l 1103 1104
l 1104 1105
l 1105 1106
l 1106 1107
l 1107 1108
l 1108 1109
l 1109 1110
l 1110 1111
l 1111 1112
l 1112 1113
l 1113 1114
l 1114 1115
l 1115 1116
l 1116 1117
l 1117 1118
l 1118 1119
l 1119 1120
l 1120 1121
l 1121 1122
l 1122 1123
l 1123 1124
l 1124 1125
l 1125 1126
l 1127 1128
l 1128 1129
l 1129 1130
l 1130 1131
l 1131 1132
l 1132 1133
l 1133 1134
l 1134 1135
l 1135 1136
l 1136 1137
l 1137 1138
l 1138 1139
l 1139 1140
l 1140 1141
l 1141 1142
l 1142 1143
l 1143 1144
l 1144 1145
l 1145 1146
l 1146 1147
l 1147 1148
l 1148 1149
l 1149 1150
l 1150 1151
l 1151 1152
l 1152 1153
l 1153 1154
l 1154 1155
l 1155 1156
l 1156 1157
l 1157 1158
l 1158 1159
l 1159 1160
l 1160 1161
l 1161 1162
l 1162 1163
l 1163 1164
l 1164 1165
l 1165 1166
l 1166 1167
l 1167 1168
l 1168 1169
l 1169 1170
l 1170 1171
l 1171 1172
l 1172 1173
l 1173 1174
l 1174 1175
l 1175 1176
l 1176 1177
l 1177 1178
l 1178 1179
l 1179 1180
l 1180 1181
l 1181 1182
l 1182 1183
l 1183 1184
l 1184 1185
l 1185 1186
l 1186 1187
l 1187 1188
l 1188 1189
l 1189 1190
l 1190 1191
l 1191 1192
l 1192 1193
l 1193 1194
l 1194 1195
l 1195 1196
l 1196 1197
l 1197 1198
l 1198 1199
l 1199 1200
l 1200 1201
l 1201 1202
l 1202 1203
l 1203 1204
l 1204 1205
l 1205 1206
l 1206 1207
l 1207 1208
l 1208 1209
l 1209 1210
l 1210 1211
l 1211 1212
l 1212 1213
l 1213 1214
l 1214 1215
l 1215 1216
l 1216 1217
l 1218 1219
l 1219 1220
l 1220 1221
l 1221 1222
l 1222 1223
l 1223 1224
l 1224 1225
l 1225 1226
l 1226 1227
l 1227 1228
l 1228 1229
l 1229 1230
l 1230 1231
l 1231 1232
l 1232 1233
l 1233 1234
l 1234 1235
l 1235 1236
l 1236 1237
l 1237 1238
l 1238 1239
l 1239 1240
l 1240 1241
l 1241 1242
l 1242 1243
l 1243 1244
l 1244 1245
l 1245 1246
l 1246 1247
l 1247 1248
l 1248 1249
l 1249 1250
l 1250 1251
l 1251 1252
l 1252 1253
l 1253 1254
l 1254 1255
l 1255 1256
l 1256 1257
l 1257 1258
l 1258 1259
l 1259 1260
l 1260 1261
l 1261 1262
l 1262 1263
l 1263 1264
l 1264 1265
l 1265 1266
l 1266 1267
l 1267 1268
l 1268 1269
l 1269 1270
l 1270 1271
l 1271 1272
l 1272 1273
l 1273 1274
l 1274 1275
l 1275 1276
l 1276 1277
l 1277 1278
l 1278 1279
l 1279 1280
l 1280 1281
l 1281 1282
l 1282 1283
l 1283 1284
l 1284 1285
l 1285 1286
l 1286 1287
l 1287 1288
l 1288 1289
l 1289 1290
l 1290 1291
l 1291 1292
l 1292 1293
l 1293 1294
l 1294 1295
l 1295 1296
l 1296 1297
l 1297 1298
l 1298 1299
l 1299 1300
l 1300 1301
l 1301 1302
l 1302 1303
l 1303 1304
l 1304 1305
l 1305 1306
l 1306 1307
l 1307 1308
l 1309 1310
l 1310 1311
l 1311 1312
l 1312 1313
l 1313 1314
l 1314 1315
l 1315 1316
l 1316 1317
l 1317 1318
l 1318 1319
l 1319 1320
l 1320 1321
l 1321 1322
l 1322 1323
l 1323 1324
l 1324 1325
l 1325 1326
l 1326 1327
l 1327 1328
l 1328 1329
l 1329 1330
l 1330 1331
l 1331 1332
l 1332 1333
l 1333 1334
l 1334 1335
l 1335 1336
l 1336 1337
l 1337 1338
l 1338 1339
l 1339 1340
l 1340 1341
l 1341 1342
l 1342 1343
l 1343 1344
l 1344 1345
l 1345 1346
l 1346 1347
l 1347 1348
l 1348 1349
l 1349 1350
l 1350 1351
l 1351 1352
l 1352 1353
l 1353 1354
l 1354 1355
l 1355 1356
l 1356 1357
l 1357 1358
l 1358 1359
l 1359 1360
l 1360 1361
l 1361 1362
l 1362 1363
l 1363 1364
l 1364 1365
l 1365 1366
l 1366 1367
l 1367 1368
l 1368 1369
l 1369 1370
l 1370 1371
l 1371 1372
l 1372 1373
l 1373 1374
l 1374 1375
l 1375 1376
l 1376 1377
l 1377 1378
l 1378 1379
l 1379 1380
l 1380 1381
l 1381 1382
l 1382 1383
l 1383 1384
l 1384 1385
l 1385 1386
l 1386 1387
l 1387 1388
l 1388 1389
l 1389 1390
l 1390 1391
l 1391 1392
l 1392 1393
l 1393 1394
l 1394 1395
l 1395 1396
l 1396 1397
l 1397 1398
l 1398 1399
l 1400 1401
l 1401 1402
l 1402 1403
l 1403 1404
l 1404 1405
l 1405 1406
l 1406 1407
l 1407 1408
l 1408 1409
l 1409 1410
l 1410 1411
l 1411 1412
l 1412 1413
l 1413 1414
l 1414 1415
l 1415 1416
l 1416 1417
l 1417 1418
l 1418 1419
l 1419 1420
l 1420 1421
l 1421 1422
l 1422 1423
l 1423 1424
l 1424 1425
l 1425 1426
l 1426 1427
l 1427 1428
l 1428 1429
l 1429 1430
l 1430 1431
l 1431 1432
l 1432 1433
l 1433 1434
l 1434 1435
l 1435 1436
l 1436 1437
l 1437 1438
l 1438 1439
l 1439 1440
l 1440 1441
l 1441 1442
l 1442 1443
l 1443 1444
l 1444 1445
l 1445 1446
l 1446 1447
l 1447 1448
l 1448 1449
l 1449 1450
l 1450 1451
l 1451 1452
l 1452 1453
l 1453 1454
l 1454 1455
l 1455 1456
l 1456 1457
l 1457 1458
l 1458 1459
l 1459 1460
l 1460 1461
l 1461 1462
l 1462 1463
l 1463 1464
l 1464 1465
l 1465 1466
l 1466 1467
l 1467 1468
l 1468 1469
l 1469 1470
l 1470 1471
l 1471 1472
l 1472 1473
l 1473 1474
l 1474 1475
l 1475 1476
l 1476 1477
l 1477 1478
l 1478 1479
l 1479 1480
l 1480 1481
l 1481 1482
l 1482 1483
l 1483 1484
l 1484 1485
l 1485 1486
l 1486 1487
l 1487 1488
l 1488 1489
l 1489 1490
l 1490 1491
l 1491 1492
l 1493 1494
l 1494 1495
l 1495 1496
l 1496 1497
l 1497 1498
l 1498 1499
l 1499 1500
l 1500 1501
l 1501 1502
l 1502 1503
l 1503 1504
l 1504 1505
l 1505 1506
l 1506 1507
l 1507 1508
l 1508 1509
l 1509 1510
l 1510 1511
l 1511 1512
l 1512 1513
l 1513 1514
l 1514 1515
l 1515 1516
l 1516 1517
l 1517 1518
l 1518 1519
l 1519 1520
l 1520 1521
l 1521 1522
l 1522 1523
l 1523 1524
l 1524 1525
l 1525 1526
l 1526 1527
l 1527 1528
l 1528 1529
l 1529 1530
l 1530 1531
l 1531 1532
l 1532 1533
l 1533 1534
l 1534 1535
l 1535 1536
l 1536 1537
l 1537 1538
l 1538 1539
l 1539 1540
l 1540 1541
l 1541 1542
l 1542 1543
l 1543 1544
l 1544 1545
l 1545 1546
l 1546 1547
l 1547 1548
l 1548 1549
l 1549 1550
l 1550 1551
l 1551 1552
l 1552 1553
l 1553 1554
l 1554 1555
l 1555 1556
l 1556 1557
l 1557 1558
l 1558 1559
l 1559 1560
l 1560 1561
l 1561 1562
l 1562 1563
l 1563 1564
l 1564 1565
l 1565 1566
l 1566 1567
l 1567 1568
l 1568 1569
l 1569 1570
l 1570 1571
l 1571 1572
l 1572 1573
l 1573 1574
l 1574 1575
l 1575 1576
l 1576 1577
l 1577 1578
l 1578 1579
l 1579 1580
l 1580 1581
l 1581 1582
l 1582 1583
l 1583 1584
l 1584 1585
l 1586 1587
l 1587 1588
l 1588 1589
l 1589 1590
l 1590 1591
l 1591 1592
l 1592 1593
l 1593 1594
l 1594 1595
l 1595 1596
l 1596 1597
l 1597 1598
l 1598 1599
l 1599 1600
l 1600 1601
l 1601 1602
l 1602 1603
l 1603 1604
l 1604 1605
l 1605 1606
l 1606 1607
l 1607 1608
l 1608 1609
l 1609 1610
l 1610 1611
l 1611 1612
l 1612 1613
l 1613 1614
l 1614 1615
l 1615 1616
l 1616 1617
l 1617 1618
l 1618 1619
l 1619 1620
l 1620 1621
l 1621 1622
l 1622 1623
l 1623 1624
l 1624 1625
l 1625 1626
l 1626 1627
l 1627 1628
l 1628 1629
l 1629 1630
l 1630 1631
l 1631 1632
l 1632 1633
l 1633 1634
l 1634 1635
l 1635 1636
l 1636 1637
l 1637 1638
l 1638 1639
l 1639 1640
l 1640 1641
l 1641 1642
l 1642 1643
l 1643 1644
l 1644 1645
l 1645 1646
l 1646 1647
l 1647 1648
l 1648 1649
l 1649 1650
l 1650 1651
l 1651 1652
l 1652 1653
l 1653 1654
l 1654 1655
l 1655 1656
l 1656 1657
l 1657 1658
l 1658 1659
l 1659 1660
l 1660 1661
l 1661 1662
l 1662 1663
l 1663 1664
l 1664 1665
l 1665 1666
l 1666 1667
l 1667 1668
l 1668 1669
l 1669 1670
l 1670 1671
l 1671 1672
l 1672 1673
l 1673 1674
l 1674 1675
l 1675 1676
l 1676 1677
l 1677 1678
l 1679 1680
l 1680 1681
l 1681 1682
l 1682 1683
l 1683 1684
l 1684 1685
l 1685 1686
l 1686 1687
l 1687 1688
l 1688 1689
l 1689 1690
l 1690 1691
l 1691 1692
l 1692 1693
l 1693 1694
l 1694 1695
l 1695 1696
l 1696 1697
l 1697 1698
l 1698 1699
l 1699 1700
l 1700 1701
l 1701 1702
l 1702 1703
l 1703 1704
l 1704 1705
l 1705 1706
l 1706 1707
l 1707 1708
l 1708 1709
l 1709 1710
l 1710 1711
l 1711 1712
l 1712 1713
l 1713 1714
l 1714 1715
l 1715 1716
l 1716 1717
l 1717 1718
l 1718 1719
l 1719 1720
l 1720 1721
l 1721 1722
l 1722 1723
l 1723 1724
l 1724 1725
l 1725 1726
l 1726 1727
l 1727 1728
l 1728 1729
l 1729 1730
l 1730 1731
l 1731 1732
l 1732 1733
l 1733 1734
l 1734 1735
l 1735 1736
l 1736 1737
l 1737 1738
l 1738 1739
l 1739 1740
l 1740 1741
l 1741 1742
l 1742 1743
l 1743 1744
l 1744 1745
l 1745 1746
l 1746 1747
l 1747 1748
l 1748 1749
l 1749 1750
l 1750 1751
l 1751 1752
l 1752 1753
l 1753 1754
l 1754 1755
l 1755 1756
l 1756 1757
l 1757 1758
l 1758 1759
l 1759 1760
l 1760 1761
l 1761 1762
l 1762 1763
l 1763 1764
l 1764 1765
l 1765 1766
l 1766 1767
l 1767 1768
l 1768 1769
l 1769 1770
l 1770 1771
l 1771 1772
l 1772 1773
l 1774 1775
l 1775 1776
l 1776 1777
l 1777 1778
l 1778 1779
l 1779 1780
l 1780 1781
l 1781 1782
l 1782 1783
l 1783 1784
l 1784 1785
l 1785 1786
l 1786 1787
l 1787 1788
l 1788 1789
l 1789 1790
l 1790 1791
l 1791 1792
l 1792 1793
l 1793 1794
l 1794 1795
l 1795 1796
l 1796 1797
l 1797 1798
l 1798 1799
l 1799 1800
l 1800 1801
l 1801 1802
l 1802 1803
l 1803 1804
l 1804 1805
l 1805 1806
l 1806 1807
l 1807 1808
l 1808 1809
l 1809 1810
l 1810 1811
l 1811 1812
l 1812 1813
l 1813 1814
l 1814 1815
l 1815 1816
l 1816 1817
l 1817 1818
l 1818 1819
l 1819 1820
l 1820 1821
l 1821 1822
l 1822 1823
l 1823 1824
l 1824 1825
l 1825 1826
l 1826 1827
l 1827 1828
l 1828 1829
l 1829 1830
l 1830 1831
l 1831 1832
l 1832 1833
l 1833 1834
l 1834 1835
l 1835 1836
l 1836 1837
l 1837 1838
l 1838 1839
l 1839 1840
l 1840 1841
l 1841 1842
l 1842 1843
l 1843 1844
l 1844 1845
l 1845 1846
l 1846 1847
l 1847 1848
l 1848 1849
l 1849 1850
l 1850 1851
l 1851 1852
l 1852 1853
l 1853 1854
l 1854 1855
l 1855 1856
l 1856 1857
l 1857 1858
l 1858 1859
l 1859 1860
l 1860 1861
l 1861 1862
l 1862 1863
l 1863 1864
l 1864 1865
l 1865 1866
l 1866 1867
l 1867 1868
l 1869 1870
l 1870 1871
l 1871 1872
l 1872 1873
l 1873 1874
l 1874 1875
l 1875 1876
l 1876 1877
l 1877 1878
l 1878 1879
l 1879 1880
l 1880 1881
l 1881 1882
l 1882 1883
l 1883 1884
l 1884 1885
l 1885 1886
l 1886 1887
l 1887 1888
l 1888 1889
l 1889 1890
l 1890 1891
l 1891 1892
l 1892 1893
l 1893 1894
l 1894 1895
l 1895 1896
l 1896 1897
l 1897 1898
l 1898 1899
l 1899 1900
l 1900 1901
l 1901 1902
l 1902 1903
l 1903 1904
l 1904 1905
l 1905 1906
l 1906 1907
l 1907 1908
l 1908 1909
l 1909 1910
l 1910 1911
l 1911 1912
l 1912 1913
l 1913 1914
l 1914 1915
l 1915 1916
l 1916 1917
l 1917 1918
l 1918 1919
l 1919 1920
l 1920 1921
l 1921 1922
l 1922 1923
l 1923 1924
l 1924 1925
l 1925 1926
l 1926 1927
l 1927 1928
l 1928 1929
l 1929 1930
l 1930 1931
l 1931 1932
l 1932 1933
l 1933 1934
l 1934 1935
l 1935 1936
l 1936 1937
l 1937 1938
l 1938 1939
l 1939 1940
l 1940 1941
l 1941 1942
l 1942 1943
l 1943 1944
l 1944 1945
l 1945 1946
l 1946 1947
l 1947 1948
l 1948 1949
l 1949 1950
l 1950 1951
l 1951 1952
l 1952 1953
l 1953 1954
l 1954 1955
l 1955 1956
l 1956 1957
l 1957 1958
l 1958 1959
l 1959 1960
l 1960 1961
l 1961 1962
l 1962 1963
l 1964 1965
l 1965 1966
l 1966 1967
l 1967 1968
l 1968 1969
l 1969 1970
l 1970 1971
l 1971 1972
l 1972 1973
l 1973 1974
l 1974 1975
l 1975 1976
l 1976 1977
l 1977 1978
l 1978 1979
l 1979 1980
l 1980 1981
l 1981 1982
l 1982 1983
l 1983 1984
l 1984 1985
l 1985 1986
l 1986 1987
l 1987 1988
l 1988 1989
l 1989 1990
l 1990 1991
l 1991 1992
l 1992 1993
l 1993 1994
l 1994 1995
l 1995 1996
l 1996 1997
l 1997 1998
l 1998 1999
l 1999 2000
l 2000 2001
l 2001 2002
l 2002 2003
l 2003 2004
l 2004 2005
l 2005 2006
l 2006 2007
l 2007 2008
l 2008 2009
l 2009 2010
l 2010 2011
l 2011 2012
l 2012 2013
l 2013 2014
l 2014 2015
l 2015 2016
l 2016 2017
l 2017 2018
l 2018 2019
l 2019 2020
l 2020 2021
l 2021 2022
l 2022 2023
l 2023 2024
l 2024 2025
l 2025 2026
l 2026 2027
l 2027 2028
l 2028 2029
l 2029 2030
l 2030 2031
l 2031 2032
l 2032 2033
l 2033 2034
l 2034 2035
l 2035 2036
l 2036 2037
l 2037 2038
l 2038 2039
l 2039 2040
l 2040 2041
l 2041 2042
l 2042 2043
l 2043 2044
l 2044 2045
l 2045 2046
l 2046 2047
l 2047 2048
l 2048 2049
l 2049 2050
l 2050 2051
l 2051 2052
l 2052 2053
l 2053 2054
l 2054 2055
l 2055 2056
l 2056 2057
l 2057 2058
l 2059 2060
l 2060 2061
l 2061 2062
l 2062 2063
l 2063 2064
l 2064 2065
l 2065 2066
l 2066 2067
l 2067 2068
l 2068 2069
l 2069 2070
l 2070 2071
l 2071 2072
l 2072 2073
l 2073 2074
l 2074 2075
l 2075 2076
l 2076 2077
l 2077 2078
l 2078 2079
l 2079 2080
l 2080 2081
l 2081 2082
l 2082 2083
l 2083 2084
l 2084 2085
l 2085 2086
l 2086 2087
l 2087 2088
l 2088 2089
l 2089 2090
l 2090 2091
l 2091 2092
l 2092 2093
l 2093 2094
l 2094 2095
l 2095 2096
l 2096 2097
l 2097 2098
l 2098 2099
l 2099 2100
l 2100 2101
l 2101 2102
l 2102 2103
l 2103 2104
l 2104 2105
l 2105 2106
l 2106 2107
l 2107 2108
l 2108 2109
l 2109 2110
l 2110 2111
l 2111 2112
l 2112 2113
l 2113 2114
l 2114 2115
l 2115 2116
l 2116 2117
l 2117 2118
l 2118 2119
l 2119 2120
l 2120 2121
l 2121 2122
l 2122 2123
l 2123 2124
l 2124 2125
l 2125 2126
l 2126 2127
l 2127 2128
l 2128 2129
l 2129 2130
l 2130 2131
l 2131 2132
l 2132 2133
l 2133 2134
l 2134 2135
l 2135 2136
l 2136 2137
l 2137 2138
l 2138 2139
l 2139 2140
l 2140 2141
l 2141 2142
l 2142 2143
l 2143 2144
l 2144 2145
l 2145 2146
l 2146 2147
l 2147 2148
l 2148 2149
l 2149 2150
l 2150 2151
l 2151 2152
l 2152 2153
l 2154 2155
l 2155 2156
l 2156 2157
l 2157 2158
l 2158 2159
l 2159 2160
l 2160 2161
l 2161 2162
l 2162 2163
l 2163 2164
l 2164 2165
l 2165 2166
l 2166 2167
l 2167 2168
l 2168 2169
l 2169 2170
l 2170 2171
l 2171 2172
l 2172 2173
l 2173 2174
l 2174 2175
l 2175 2176
l 2176 2177
l 2177 2178
l 2178 2179
l 2179 2180
l 2180 2181
l 2181 2182
l 2182 2183
l 2183 2184
l 2184 2185
l 2185 2186
l 2186 2187
l 2187 2188
l 2188 2189
l 2189 2190
l 2190 2191
l 2191 2192
l 2192 2193
l 2193 2194
l 2194 2195
l 2195 2196
l 2196 2197
l 2197 2198
l 2198 2199
l 2199 2200
l 2200 2201
l 2201 2202
l 2202 2203
l 2203 2204
l 2204 2205
l 2205 2206
l 2206 2207
l 2207 2208
l 2208 2209
l 2209 2210
l 2210 2211
l 2211 2212
l 2212 2213
l 2213 2214
l 2214 2215
l 2215 2216
l 2216 2217
l 2217 2218
l 2218 2219
l 2219 2220
l 2220 2221
l 2221 2222
l 2222 2223
l 2223 2224
l 2224 2225
l 2225 2226
l 2226 2227
l 2227 2228
l 2228 2229
l 2229 2230
l 2230 2231
l 2231 2232
l 2232 2233
l 2233 2234
l 2234 2235
l 2235 2236
l 2236 2237
l 2237 2238
l 2238 2239
l 2239 2240
l 2240 2241
l 2241 2242
l 2242 2243
l 2243 2244
l 2244 2245
l 2245 2246
l 2246 2247
l 2247 2248
l 2249 2250
l 2250 2251
l 2251 2252
l 2252 2253
l 2253 2254
l 2254 2255
l 2255 2256
l 2256 2257
l 2257 2258
l 2258 2259
l 2259 2260
l 2260 2261
l 2261 2262
l 2262 2263
l 2263 2264
l 2264 2265
l 2265 2266
l 2266 2267
l 2267 2268
l 2268 2269
l 2269 2270
l 2270 2271
l 2271 2272
l 2272 2273
l 2273 2274
l 2274 2275
l 2275 2276
l 2276 2277
l 2277 2278
l 2278 2279
l 2279 2280
l 2280 2281
l 2281 2282
l 2282 2283
l 2283 2284
l 2284 2285
l 2285 2286
l 2286 2287
l 2287 2288
l 2288 2289
l 2289 2290
l 2290 2291
l 2291 2292
l 2292 2293
l 2293 2294
l 2294 2295
l 2295 2296
l 2296 2297
l 2297 2298
l 2298 2299
l 2299 2300
l 2300 2301
l 2301 2302
l 2302 2303
l 2303 2304
l 2304 2305
l 2305 2306
l 2306 2307
l 2307 2308
l 2308 2309
l 2309 2310
l 2310 2311
l 2311 2312
l 2312 2313
l 2313 2314
l 2314 2315
l 2315 2316
l 2316 2317
l 2317 2318
l 2318 2319
l 2319 2320
l 2320 2321
l 2321 2322
l 2322 2323
l 2323 2324
l 2324 2325
l 2325 2326
l 2326 2327
l 2327 2328
l 2328 2329
l 2329 2330
l 2330 2331
l 2331 2332
l 2332 2333
l 2333 2334
l 2334 2335
l 2335 2336
l 2336 2337
l 2337 2338
l 2338 2339
l 2339 2340
l 2340 2341
l 2341 2342
l 2342 2343
l 2344 2345
l 2345 2346
l 2346 2347
l 2347 2348
l 2348 2349
l 2349 2350
l 2350 2351
l 2351 2352
l 2352 2353
l 2353 2354
l 2354 2355
l 2355 2356
l 2356 2357
l 2357 2358
l 2358 2359
l 2359 2360
l 2360 2361
l 2361 2362
l 2362 2363
l 2363 2364
l 2364 2365
l 2365 2366
l 2366 2367
l 2367 2368
l 2368 2369
l 2369 2370
l 2370 2371
l 2371 2372
l 2372 2373
l 2373 2374
l 2374 2375
l 2375 2376
l 2376 2377
l 2377 2378
l 2378 2379
l 2379 2380
l 2380 2381
l 2381 2382
l 2382 2383
l 2383 2384
l 2384 2385
l 2385 2386
l 2386 2387
l 2387 2388
l 2388 2389
l 2389 2390
l 2390 2391
l 2391 2392
l 2392 2393
l 2393 2394
l 2394 2395
l 2395 2396
l 2396 2397
l 2397 2398
l 2398 2399
l 2399 2400
l 2400 2401
l 2401 2402
l 2402 2403
l 2403 2404
l 2404 2405
l 2405 2406
l 2406 2407
l 2407 2408
l 2408 2409
l 2409 2410
l 2410 2411
l 2411 2412
l 2412 2413
l 2413 2414
l 2414 2415
l 2415 2416
l 2416 2417
l 2417 2418
l 2418 2419
l 2419 2420
l 2420 2421
l 2421 2422
l 2422 2423
l 2423 2424
l 2424 2425
l 2425 2426
l 2426 2427
l 2427 2428
l 2428 2429
l 2429 2430
l 2430 2431
l 2431 2432
l 2432 2433
l 2433 2434
l 2434 2435
l 2435 2436
l 2436 2437
l 2437 2438
l 2439 2440
l 2440 2441
l 2441 2442
l 2442 2443
l 2443 2444
l 2444 2445
l 2445 2446
l 2446 2447
l 2447 2448
l 2448 2449
l 2449 2450
l 2450 2451
l 2451 2452
l 2452 2453
l 2453 2454
l 2454 2455
l 2455 2456
l 2456 2457
l 2457 2458
l 2458 2459
l 2459 2460
l 2460 2461
l 2461 2462
l 2462 2463
l 2463 2464
l 2464 2465
l 2465 2466
l 2466 2467
l 2467 2468
l 2468 2469
l 2469 2470
l 2470 2471
l 2471 2472
l 2472 2473
l 2473 2474
l 2474 2475
l 2475 2476
l 2476 2477
l 2477 2478
l 2478 2479
l 2479 2480
l 2480 2481
l 2481 2482
l 2482 2483
l 2483 2484
l 2484 2485
l 2485 2486
l 2486 2487
l 2487 2488
l 2488 2489
l 2489 2490
l 2490 2491
l 2491 2492
l 2492 2493
l 2493 2494
l 2494 2495
l 2495 2496
l 2496 2497
l 2497 2498
l 2498 2499
l 2499 2500
l 2500 2501
l 2501 2502
l 2502 2503
l 2503 2504
l 2504 2505
l 2505 2506
l 2506 2507
l 2507 2508
l 2508 2509
l 2509 2510
l 2510 2511
l 2511 2512
l 2512 2513
l 2513 2514
l 2514 2515
l 2515 2516
l 2516 2517
l 2517 2518
l 2518 2519
l 2519 2520
l 2520 2521
l 2521 2522
l 2522 2523
l 2523 2524
l 2524 2525
l 2525 2526
l 2526 2527
l 2527 2528
l 2528 2529
l 2529 2530
l 2530 2531
l 2531 2532
l 2532 2533
l 2534 2535
l 2535 2536
l 2536 2537
l 2537 2538
l 2538 2539
l 2539 2540
l 2540 2541
l 2541 2542
l 2542 2543
l 2543 2544
l 2544 2545
l 2545 2546
l 2546 2547
l 2547 2548
l 2548 2549
l 2549 2550
l 2550 2551
l 2551 2552
l 2552 2553
l 2553 2554
l 2554 2555
l 2555 2556
l 2556 2557
l 2557 2558
l 2558 2559
l 2559 2560
l 2560 2561
l 2561 2562
l 2562 2563
l 2563 2564
l 2564 2565
l 2565 2566
l 2566 2567
l 2567 2568
l 2568 2569
l 2569 2570
l 2570 2571
l 2571 2572
l 2572 2573
l 2573 2574
l 2574 2575
l 2575 2576
l 2576 2577
l 2577 2578
l 2578 2579
l 2579 2580
l 2580 2581
l 2581 2582
l 2582 2583
l 2583 2584
l 2584 2585
l 2585 2586
l 2586 2587
l 2587 2588
l 2588 2589
l 2589 2590
l 2590 2591
l 2591 2592
l 2592 2593
l 2593 2594
l 2594 2595
l 2595 2596
l 2596 2597
l 2597 2598
l 2598 2599
l 2599 2600
l 2600 2601
l 2601 2602
l 2602 2603
l 2603 2604
l 2604 2605
l 2605 2606
l 2606 2607
l 2607 2608
l 2608 2609
l 2609 2610
l 2610 2611
l 2611 2612
l 2612 2613
l 2613 2614
l 2614 2615
l 2615 2616
l 2616 2617
l 2617 2618
l 2618 2619
l 2619 2620
l 2620 2621
l 2621 2622
l 2622 2623
l 2623 2624
l 2624 2625
l 2625 2626
l 2626 2627
l 2627 2628
l 2629 2630
l 2630 2631
l 2631 2632
l 2632 2633
l 2633 2634
l 2634 2635
l 2635 2636
l 2636 2637
l 2637 2638
l 2638 2639
l 2639 2640
l 2640 2641
l 2641 2642
l 2642 2643
l 2643 2644
l 2644 2645
l 2645 2646
l 2646 2647
l 2647 2648
l 2648 2649
l 2649 2650
l 2650 2651
l 2651 2652
l 2652 2653
l 2653 2654
l 2654 2655
l 2655 2656
l 2656 2657
l 2657 2658
l 2658 2659
l 2659 2660
l 2660 2661
l 2661 2662
l 2662 2663
l 2663 2664
l 2664 2665
l 2665 2666
l 2666 2667
l 2667 2668
l 2668 2669
l 2669 2670
l 2670 2671
l 2671 2672
l 2672 2673
l 2673 2674
l 2674 2675
l 2675 2676
l 2676 2677
l 2677 2678
l 2678 2679
l 2679 2680
l 2680 2681
l 2681 2682
l 2682 2683
l 2683 2684
l 2684 2685
l 2685 2686
l 2686 2687
l 2687 2688
l 2688 2689
l 2689 2690
l 2690 2691
l 2691 2692
l 2692 2693
l 2693 2694
l 2694 2695
l 2695 2696
l 2696 2697
l 2697 2698
l 2698 2699
l 2699 2700
l 2700 2701
l 2701 2702
l 2702 2703
l 2703 2704
l 2704 2705
l 2705 2706
l 2706 2707
l 2707 2708
l 2708 2709
l 2709 2710
l 2710 2711
l 2711 2712
l 2712 2713
l 2713 2714
l 2714 2715
l 2715 2716
l 2716 2717
l 2717 2718
l 2718 2719
l 2719 2720
l 2720 2721
l 2721 2722
l 2722 2723
l 2724 2725
l 2725 2726
l 2726 2727
l 2727 2728
l 2728 2729
l 2729 2730
l 2730 2731
l 2731 2732
l 2732 2733
l 2733 2734
l 2734 2735
l 2735 2736
l 2736 2737
l 2737 2738
l 2738 2739
l 2739 2740
l 2740 2741
l 2741 2742
l 2742 2743
l 2743 2744
l 2744 2745
l 2745 2746
l 2746 2747
l 2747 2748
l 2748 2749
l 2749 2750
l 2750 2751
l 2751 2752
l 2752 2753
l 2753 2754
l 2754 2755
l 2755 2756
l 2756 2757
l 2757 2758
l 2758 2759
l 2759 2760
l 2760 2761
l 2761 2762
l 2762 2763
l 2763 2764
l 2764 2765
l 2765 2766
l 2766 2767
l 2767 2768
l 2768 2769
l 2769 2770
l 2770 2771
l 2771 2772
l 2772 2773
l 2773 2774
l 2774 2775
l 2775 2776
l 2776 2777
l 2777 2778
l 2778 2779
l 2779 2780
l 2780 2781
l 2781 2782
l 2782 2783
l 2783 2784
l 2784 2785
l 2785 2786
l 2786 2787
l 2787 2788
l 2788 2789
l 2789 2790
l 2790 2791
l 2791 2792
l 2792 2793
l 2793 2794
l 2794 2795
l 2795 2796
l 2796 2797
l 2797 2798
l 2798 2799
l 2799 2800
l 2800 2801
l 2801 2802
l 2802 2803
l 2803 2804
l 2804 2805
l 2805 2806
l 2806 2807
l 2807 2808
l 2808 2809
l 2809 2810
l 2810 2811
l 2811 2812
l 2812 2813
l 2813 2814
l 2814 2815
l 2815 2816
l 2816 2817
l 2817 2818
l 2819 2820
l 2820 2821
l 2821 2822
l 2822 2823
l 2823 2824
l 2824 2825
l 2825 2826
l 2826 2827
l 2827 2828
l 2828 2829
l 2829 2830
l 2830 2831
l 2831 2832
l 2832 2833
l 2833 2834
l 2834 2835
l 2835 2836
l 2836 2837
l 2837 2838
l 2838 2839
l 2839 2840
l 2840 2841
l 2841 2842
l 2842 2843
l 2843 2844
l 2844 2845
l 2845 2846
l 2846 2847
l 2847 2848
l 2848 2849
l 2849 2850
l 2850 2851
l 2851 2852
l 2852 2853
l 2853 2854
l 2854 2855
l 2855 2856
l 2856 2857
l 2857 2858
l 2858 2859
l 2859 2860
l 2860 2861
l 2861 2862
l 2862 2863
l 2863 2864
l 2864 2865
l 2865 2866
l 2866 2867
l 2867 2868
l 2868 2869
l 2869 2870
l 2870 2871
l 2871 2872
l 2872 2873
l 2873 2874
l 2874 2875
l 2875 2876
l 2876 2877
l 2877 2878
l 2878 2879
l 2879 2880
l 2880 2881
l 2881 2882
l 2882 2883
l 2883 2884
l 2884 2885
l 2885 2886
l 2886 2887
l 2887 2888
l 2888 2889
l 2889 2890
l 2890 2891
l 2891 2892
l 2892 2893
l 2893 2894
l 2894 2895
l 2895 2896
l 2896 2897
l 2897 2898
l 2898 2899
l 2899 2900
l 2900 2901
l 2901 2902
l 2902 2903
l 2903 2904
l 2904 2905
l 2905 2906
l 2906 2907
l 2907 2908
l 2908 2909
l 2909 2910
l 2910 2911
l 2911 2912
l 2912 2913
l 2914 2915
l 2915 2916
l 2916 2917
l 2917 2918
l 2918 2919
l 2919 2920
l 2920 2921
l 2921 2922
l 2922 2923
l 2923 2924
l 2924 2925
l 2925 2926
l 2926 2927
l 2927 2928
l 2928 2929
l 2929 2930
l 2930 2931
l 2931 2932
l 2932 2933
l 2933 2934
l 2934 2935
l 2935 2936
l 2936 2937
l 2937 2938
l 2938 2939
l 2939 2940
l 2940 2941
l 2941 2942
l 2942 2943
l 2943 2944
l 2944 2945
l 2945 2946
l 2946 2947
l 2947 2948
l 2948 2949
l 2949 2950
l 2950 2951
l 2951 2952
l 2952 2953
l 2953 2954
l 2954 2955
l 2955 2956
l 2956 2957
l 2957 2958
l 2958 2959
l 2959 2960
l 2960 2961
l 2961 2962
l 2962 2963
l 2963 2964
l 2964 2965
l 2965 2966
l 2966 2967
l 2967 2968
l 2968 2969
l 2969 2970
l 2970 2971
l 2971 2972
l 2972 2973
l 2973 2974
l 2974 2975
l 2975 2976
l 2976 2977
l 2977 2978
l 2978 2979
l 2979 2980
l 2980 2981
l 2981 2982
l 2982 2983
l 2983 2984
l 2984 2985
l 2985 2986
l 2986 2987
l 2987 2988
l 2988 2989
l 2989 2990
l 2990 2991
l 2991 2992
l 2992 2993
l 2993 2994
l 2994 2995
l 2995 2996
l 2996 2997
l 2997 2998
l 2998 2999
l 2999 3000
l 3000 3001
l 3001 3002
l 3002 3003
l 3003 3004
l 3004 3005
l 3005 3006
l 3006 3007
l 3007 3008
l 3009 3010
l 3010 3011
l 3011 3012
l 3012 3013
l 3013 3014
l 3014 3015
l 3015 3016
l 3016 3017
l 3017 3018
l 3018 3019
l 3019 3020
l 3020 3021
l 3021 3022
l 3022 3023
l 3023 3024
l 3024 3025
l 3025 3026
l 3026 3027
l 3027 3028
l 3028 3029
l 3029 3030
l 3030 3031
l 3031 3032
l 3032 3033
l 3033 3034
l 3034 3035
l 3035 3036
l 3036 3037
l 3037 3038
l 3038 3039
l 3039 3040
l 3040 3041
l 3041 3042
l 3042 3043
l 3043 3044
l 3044 3045
l 3045 3046
l 3046 3047
l 3047 3048
l 3048 3049
l 3049 3050
l 3050 3051
l 3051 3052
l 3052 3053
l 3053 3054
l 3054 3055
l 3055 3056
l 3056 3057
l 3057 3058
l 3058 3059
l 3059 3060
l 3060 3061
l 3061 3062
l 3062 3063
l 3063 3064
l 3064 3065
l 3065 3066
l 3066 3067
l 3067 3068
l 3068 3069
l 3069 3070
l 3070 3071
l 3071 3072
l 3072 3073
l 3073 3074
l 3074 3075
l 3075 3076
l 3076 3077
l 3077 3078
l 3078 3079
l 3079 3080
l 3080 3081
l 3081 3082
l 3082 3083
l 3083 3084
l 3084 3085
l 3085 3086
l 3086 3087
l 3087 3088
l 3088 3089
l 3089 3090
l 3090 3091
l 3091 3092
l 3092 3093
l 3093 3094
l 3094 3095
l 3095 3096
l 3096 3097
l 3097 3098
l 3098 3099
l 3099 3100
l 3100 3101
l 3102 3103
l 3103 3104
l 3104 3105
l 3105 3106
l 3106 3107
l 3107 3108
l 3108 3109
l 3109 3110
l 3110 3111
l 3111 3112
l 3112 3113
l 3113 3114
l 3114 3115
l 3115 3116
l 3116 3117
l 3117 3118
l 3118 3119
l 3119 3120
l 3120 3121
l 3121 3122
l 3122 3123
l 3123 3124
l 3124 3125
l 3125 3126
l 3126 3127
l 3127 3128
l 3128 3129
l 3129 3130
l 3130 3131
l 3131 3132
l 3132 3133
l 3133 3134
l 3134 3135
l 3135 3136
l 3136 3137
l 3137 3138
l 3138 3139
l 3139 3140
l 3140 3141
l 3141 3142
l 3142 3143
l 3143 3144
l 3144 3145
l 3145 3146
l 3146 3147
l 3147 3148
l 3148 3149
l 3149 3150
l 3150 3151
l 3151 3152
l 3152 3153
l 3153 3154
l 3154 3155
l 3155 3156
l 3156 3157
l 3157 3158
l 3158 3159
l 3159 3160
l 3160 3161
l 3161 3162
l 3162 3163
l 3163 3164
l 3164 3165
l 3165 3166
l 3166 3167
l 3167 3168
l 3168 3169
l 3169 3170
l 3170 3171
l 3171 3172
l 3172 3173
l 3173 3174
l 3174 3175
l 3175 3176
l 3176 3177
l 3177 3178
l 3178 3179
l 3179 3180
l 3180 3181
l 3181 3182
l 3182 3183
l 3183 3184
l 3184 3185
l 3185 3186
l 3186 3187
l 3187 3188
l 3188 3189
l 3189 3190
l 3190 3191
l 3191 3192
l 3192 3193
l 3193 3194
l 3195 3196
l 3196 3197
l 3197 3198
l 3198 3199
l 3199 3200
l 3200 3201
l 3201 3202
l 3202 3203
l 3203 3204
l 3204 3205
l 3205 3206
l 3206 3207
l 3207 3208
l 3208 3209
l 3209 3210
l 3210 3211
l 3211 3212
l 3212 3213
l 3213 3214
l 3214 3215
l 3215 3216
l 3216 3217
l 3217 3218
l 3218 3219
l 3219 3220
l 3220 3221
l 3221 3222
l 3222 3223
l 3223 3224
l 3224 3225
l 3225 3226
l 3226 3227
l 3227 3228
l 3228 3229
l 3229 3230
l 3230 3231
l 3231 3232
l 3232 3233
l 3233 3234
l 3234 3235
l 3235 3236
l 3236 3237
l 3237 3238
l 3238 3239
l 3239 3240
l 3240 3241
l 3241 3242
l 3242 3243
l 3243 3244
l 3244 3245
l 3245 3246
l 3246 3247
l 3247 3248
l 3248 3249
l 3249 3250
l 3250 3251
l 3251 3252
l 3252 3253
l 3253 3254
l 3254 3255
l 3255 3256
l 3256 3257
l 3257 3258
l 3258 3259
l 3259 3260
l 3260 3261
l 3261 3262
l 3262 3263
l 3263 3264
l 3264 3265
l 3265 3266
l 3266 3267
l 3267 3268
l 3268 3269
l 3269 3270
l 3270 3271
l 3271 3272
l 3272 3273
l 3273 3274
l 3274 3275
l 3275 3276
l 3276 3277
l 3277 3278
l 3278 3279
l 3279 3280
l 3280 3281
l 3281 3282
l 3282 3283
l 3283 3284
l 3284 3285
l 3285 3286
l 3286 3287
l 3288 3289
l 3289 3290
l 3290 3291
l 3291 3292
l 3292 3293
l 3293 3294
l 3294 3295
l 3295 3296
l 3296 3297
l 3297 3298
l 3298 3299
l 3299 3300
l 3300 3301
l 3301 3302
l 3302 3303
l 3303 3304
l 3304 3305
l 3305 3306
l 3306 3307
l 3307 3308
l 3308 3309
l 3309 3310
l 3310 3311
l 3311 3312
l 3312 3313
l 3313 3314
l 3314 3315
l 3315 3316
l 3316 3317
l 3317 3318
l 3318 3319
l 3319 3320
l 3320 3321
l 3321 3322
l 3322 3323
l 3323 3324
l 3324 3325
l 3325 3326
l 3326 3327
l 3327 3328
l 3328 3329
l 3329 3330
l 3330 3331
l 3331 3332
l 3332 3333
l 3333 3334
l 3334 3335
l 3335 3336
l 3336 3337
l 3337 3338
l 3338 3339
l 3339 3340
l 3340 3341
l 3341 3342
l 3342 3343
l 3343 3344
l 3344 3345
l 3345 3346
l 3346 3347
l 3347 3348
l 3348 3349
l 3349 3350
l 3350 3351
l 3351 3352
l 3352 3353
l 3353 3354
l 3354 3355
l 3355 3356
l 3356 3357
l 3357 3358
l 3358 3359
l 3359 3360
l 3360 3361
l 3361 3362
l 3362 3363
l 3363 3364
l 3364 3365
l 3365 3366
l 3366 3367
l 3367 3368
l 3368 3369
l 3369 3370
l 3370 3371
l 3371 3372
l 3372 3373
l 3373 3374
l 3374 3375
l 3375 3376
l 3376 3377
l 3377 3378
l 3379 3380
l 3380 3381
l 3381 3382
l 3382 3383
l 3383 3384
l 3384 3385
l 3385 3386
l 3386 3387
l 3387 3388
l 3388 3389
l 3389 3390
l 3390 3391
l 3391 3392
l 3392 3393
l 3393 3394
l 3394 3395
l 3395 3396
l 3396 3397
l 3397 3398
l 3398 3399
l 3399 3400
l 3400 3401
l 3401 3402
l 3402 3403
l 3403 3404
l 3404 3405
l 3405 3406
l 3406 3407
l 3407 3408
l 3408 3409
l 3409 3410
l 3410 3411
l 3411 3412
l 3412 3413
l 3413 3414
l 3414 3415
l 3415 3416
l 3416 3417
l 3417 3418
l 3418 3419
l 3419 3420
l 3420 3421
l 3421 3422
l 3422 3423
l 3423 3424
l 3424 3425
l 3425 3426
l 3426 3427
l 3427 3428
l 3428 3429
l 3429 3430
l 3430 3431
l 3431 3432
l 3432 3433
l 3433 3434
l 3434 3435
l 3435 3436
l 3436 3437
l 3437 3438
l 3438 3439
l 3439 3440
l 3440 3441
l 3441 3442
l 3442 3443
l 3443 3444
l 3444 3445
l 3445 3446
l 3446 3447
l 3447 3448
l 3448 3449
l 3449 3450
l 3450 3451
l 3451 3452
l 3452 3453
l 3453 3454
l 3454 3455
l 3455 3456
l 3456 3457
l 3457 3458
l 3458 3459
l 3459 3460
l 3460 3461
l 3461 3462
l 3462 3463
l 3463 3464
l 3464 3465
l 3465 3466
l 3466 3467
l 3467 3468
l 3468 3469
l 3470 3471
l 3471 3472
l 3472 3473
l 3473 3474
l 3474 3475
l 3475 3476
l 3476 3477
l 3477 3478
l 3478 3479
l 3479 3480
l 3480 3481
l 3481 3482
l 3482 3483
l 3483 3484
l 3484 3485
l 3485 3486
l 3486 3487
l 3487 3488
l 3488 3489
l 3489 3490
l 3490 3491
l 3491 3492
l 3492 3493
l 3493 3494
l 3494 3495
l 3495 3496
l 3496 3497
l 3497 3498
l 3498 3499
l 3499 3500
l 3500 3501
l 3501 3502
l 3502 3503
l 3503 3504
l 3504 3505
l 3505 3506
l 3506 3507
l 3507 3508
l 3508 3509
l 3509 3510
l 3510 3511
l 3511 3512
l 3512 3513
l 3513 3514
l 3514 3515
l 3515 3516
l 3516 3517
l 3517 3518
l 3518 3519
l 3519 3520
l 3520 3521
l 3521 3522
l 3522 3523
l 3523 3524
l 3524 3525
l 3525 3526
l 3526 3527
l 3527 3528
l 3528 3529
l 3529 3530
l 3530 3531
l 3531 3532
l 3532 3533
l 3533 3534
l 3534 3535
l 3535 3536
l 3536 3537
l 3537 3538
l 3538 3539
l 3539 3540
l 3540 3541
l 3541 3542
l 3542 3543
l 3543 3544
l 3544 3545
l 3545 3546
l 3546 3547
l 3547 3548
l 3548 3549
l 3549 3550
l 3550 3551
l 3551 3552
l 3552 3553
l 3553 3554
l 3554 3555
l 3555 3556
l 3556 3557
l 3557 3558
l 3558 3559
l 3559 3560
l 3561 3562
l 3562 3563
l 3563 3564
l 3564 3565
l 3565 3566
l 3566 3567
l 3567 3568
l 3568 3569
l 3569 3570
l 3570 3571
l 3571 3572
l 3572 3573
l 3573 3574
l 3574 3575
l 3575 3576
l 3576 3577
l 3577 3578
l 3578 3579
l 3579 3580
l 3580 3581
l 3581 3582
l 3582 3583
l 3583 3584
l 3584 3585
l 3585 3586
l 3586 3587
l 3587 3588
l 3588 3589
l 3589 3590
l 3590 3591
l 3591 3592
l 3592 3593
l 3593 3594
l 3594 3595
l 3595 3596
l 3596 3597
l 3597 3598
l 3598 3599
l 3599 3600
l 3600 3601
l 3601 3602
l 3602 3603
l 3603 3604
l 3604 3605
l 3605 3606
l 3606 3607
l 3607 3608
l 3608 3609
l 3609 3610
l 3610 3611
l 3611 3612
l 3612 3613
l 3613 3614
l 3614 3615
l 3615 3616
l 3616 3617
l 3617 3618
l 3618 3619
l 3619 3620
l 3620 3621
l 3621 3622
l 3622 3623
l 3623 3624
l 3624 3625
l 3625 3626
l 3626 3627
l 3627 3628
l 3628 3629
l 3629 3630
l 3630 3631
l 3631 3632
l 3632 3633
l 3633 3634
l 3634 3635
l 3635 3636
l 3636 3637
l 3637 3638
l 3638 3639
l 3639 3640
l 3640 3641
l 3641 3642
l 3642 3643
l 3643 3644
l 3644 3645
l 3645 3646
l 3646 3647
l 3647 3648
l 3648 3649
l 3650 3651
l 3651 3652
l 3652 3653
l 3653 3654
l 3654 3655
l 3655 3656
l 3656 3657
l 3657 3658
l 3658 3659
l 3659 3660
l 3660 3661
l 3661 3662
l 3662 3663
l 3663 3664
l 3664 3665
l 3665 3666
l 3666 3667
l 3667 3668
l 3668 3669
l 3669 3670
l 3670 3671
l 3671 3672
l 3672 3673
l 3673 3674
l 3674 3675
l 3675 3676
l 3676 3677
l 3677 3678
l 3678 3679
l 3679 3680
l 3680 3681
l 3681 3682
l 3682 3683
l 3683 3684
l 3684 3685
l 3685 3686
l 3686 3687
l 3687 3688
l 3688 3689
l 3689 3690
l 3690 3691
l 3691 3692
l 3692 3693
l 3693 3694
l 3694 3695
l 3695 3696
l 3696 3697
l 3697 3698
l 3698 3699
l 3699 3700
l 3700 3701
l 3701 3702
l 3702 3703
l 3703 3704
l 3704 3705
l 3705 3706
l 3706 3707
l 3707 3708
l 3708 3709
l 3709 3710
l 3710 3711
l 3711 3712
l 3712 3713
l 3713 3714
l 3714 3715
l 3715 3716
l 3716 3717
l 3717 3718
l 3718 3719
l 3719 3720
l 3720 3721
l 3721 3722
l 3722 3723
l 3723 3724
l 3724 3725
l 3725 3726
l 3726 3727
l 3727 3728
l 3728 3729
l 3729 3730
l 3730 3731
l 3731 3732
l 3732 3733
l 3733 3734
l 3734 3735
l 3735 3736
l 3736 3737
l 3737 3738
l 3739 3740
l 3740 3741
l 3741 3742
l 3742 3743
l 3743 3744
l 3744 3745
l 3745 3746
l 3746 3747
l 3747 3748
l 3748 3749
l 3749 3750
l 3750 3751
l 3751 3752
l 3752 3753
l 3753 3754
l 3754 3755
l 3755 3756
l 3756 3757
l 3757 3758
l 3758 3759
l 3759 3760
l 3760 3761
l 3761 3762
l 3762 3763
l 3763 3764
l 3764 3765
l 3765 3766
l 3766 3767
l 3767 3768
l 3768 3769
l 3769 3770
l 3770 3771
l 3771 3772
l 3772 3773
l 3773 3774
l 3774 3775
l 3775 3776
l 3776 3777
l 3777 3778
l 3778 3779
l 3779 3780
l 3780 3781
l 3781 3782
l 3782 3783
l 3783 3784
l 3784 3785
l 3785 3786
l 3786 3787
l 3787 3788
l 3788 3789
l 3789 3790
l 3790 3791
l 3791 3792
l 3792 3793
l 3793 3794
l 3794 3795
l 3795 3796
l 3796 3797
l 3797 3798
l 3798 3799
l 3799 3800
l 3800 3801
l 3801 3802
l 3802 3803
l 3803 3804
l 3804 3805
l 3805 3806
l 3806 3807
l 3807 3808
l 3808 3809
l 3809 3810
l 3810 3811
l 3811 3812
l 3812 3813
l 3813 3814
l 3814 3815
l 3815 3816
l 3816 3817
l 3817 3818
l 3818 3819
l 3819 3820
l 3820 3821
l 3821 3822
l 3822 3823
l 3823 3824
l 3824 3825
l 3826 3827
l 3827 3828
l 3828 3829
l 3829 3830
l 3830 3831
l 3831 3832
l 3832 3833
l 3833 3834
l 3834 3835
l 3835 3836
l 3836 3837
l 3837 3838
l 3838 3839
l 3839 3840
l 3840 3841
l 3841 3842
l 3842 3843
l 3843 3844
l 3844 3845
l 3845 3846
l 3846 3847
l 3847 3848
l 3848 3849
l 3849 3850
l 3850 3851
l 3851 3852
l 3852 3853
l 3853 3854
l 3854 3855
l 3855 3856
l 3856 3857
l 3857 3858
l 3858 3859
l 3859 3860
l 3860 3861
l 3861 3862
l 3862 3863
l 3863 3864
l 3864 3865
l 3865 3866
l 3866 3867
l 3867 3868
l 3868 3869
l 3869 3870
l 3870 3871
l 3871 3872
l 3872 3873
l 3873 3874
l 3874 3875
l 3875 3876
l 3876 3877
l 3877 3878
l 3878 3879
l 3879 3880
l 3880 3881
l 3881 3882
l 3882 3883
l 3883 3884
l 3884 3885
l 3885 3886
l 3886 3887
l 3887 3888
l 3888 3889
l 3889 3890
l 3890 3891
l 3891 3892
l 3892 3893
l 3893 3894
l 3894 3895
l 3895 3896
l 3896 3897
l 3897 3898
l 3898 3899
l 3899 3900
l 3900 3901
l 3901 3902
l 3902 3903
l 3903 3904
l 3904 3905
l 3905 3906
l 3906 3907
l 3907 3908
l 3908 3909
l 3909 3910
l 3910 3911
l 3911 3912
l 3913 3914
l 3914 3915
l 3915 3916
l 3916 3917
l 3917 3918
l 3918 3919
l 3919 3920
l 3920 3921
l 3921 3922
l 3922 3923
l 3923 3924
l 3924 3925
l 3925 3926
l 3926 3927
l 3927 3928
l 3928 3929
l 3929 3930
l 3930 3931
l 3931 3932
l 3932 3933
l 3933 3934
l 3934 3935
l 3935 3936
l 3936 3937
l 3937 3938
l 3938 3939
l 3939 3940
l 3940 3941
l 3941 3942
l 3942 3943
l 3943 3944
l 3944 3945
l 3945 3946
l 3946 3947
l 3947 3948
l 3948 3949
l 3949 3950
l 3950 3951
l 3951 3952
l 3952 3953
l 3953 3954
l 3954 3955
l 3955 3956
l 3956 3957
l 3957 3958
l 3958 3959
l 3959 3960
l 3960 3961
l 3961 3962
l 3962 3963
l 3963 3964
l 3964 3965
l 3965 3966
l 3966 3967
l 3967 3968
l 3968 3969
l 3969 3970
l 3970 3971
l 3971 3972
l 3972 3973
l 3973 3974
l 3974 3975
l 3975 3976
l 3976 3977
l 3977 3978
l 3978 3979
l 3979 3980
l 3980 3981
l 3981 3982
l 3982 3983
l 3983 3984
l 3984 3985
l 3985 3986
l 3986 3987
l 3987 3988
l 3988 3989
l 3989 3990
l 3990 3991
l 3991 3992
l 3992 3993
l 3993 3994
l 3994 3995
l 3995 3996
l 3996 3997
l 3998 3999
l 3999 4000
l 4000 4001
l 4001 4002
l 4002 4003
l 4003 4004
l 4004 4005
l 4005 4006
l 4006 4007
l 4007 4008
l 4008 4009
l 4009 4010
l 4010 4011
l 4011 4012
l 4012 4013
l 4013 4014
l 4014 4015
l 4015 4016
l 4016 4017
l 4017 4018
l 4018 4019
l 4019 4020
l 4020 4021
l 4021 4022
l 4022 4023
l 4023 4024
l 4024 4025
l 4025 4026
l 4026 4027
l 4027 4028
l 4028 4029
l 4029 4030
l 4030 4031
l 4031 4032
l 4032 4033
l 4033 4034
l 4034 4035
l 4035 4036
l 4036 4037
l 4037 4038
l 4038 4039
l 4039 4040
l 4040 4041
l 4041 4042
l 4042 4043
l 4043 4044
l 4044 4045
l 4045 4046
l 4046 4047
l 4047 4048
l 4048 4049
l 4049 4050
l 4050 4051
l 4051 4052
l 4052 4053
l 4053 4054
l 4054 4055
l 4055 4056
l 4056 4057
l 4057 4058
l 4058 4059
l 4059 4060
l 4060 4061
l 4061 4062
l 4062 4063
l 4063 4064
l 4064 4065
l 4065 4066
l 4066 4067
l 4067 4068
l 4068 4069
l 4069 4070
l 4070 4071
l 4071 4072
l 4072 4073
l 4073 4074
l 4074 4075
l 4075 4076
l 4076 4077
l 4077 4078
l 4078 4079
l 4079 4080
l 4081 4082
l 4082 4083
l 4083 4084
l 4084 4085
l 4085 4086
l 4086 4087
l 4087 4088
l 4088 4089
l 4089 4090
l 4090 4091
l 4091 4092
l 4092 4093
l 4093 4094
l 4094 4095
l 4095 4096
l 4096 4097
l 4097 4098
l 4098 4099
l 4099 4100
l 4100 4101
l 4101 4102
l 4102 4103
l 4103 4104
l 4104 4105
l 4105 4106
l 4106 4107
l 4107 4108
l 4108 4109
l 4109 4110
l 4110 4111
l 4111 4112
l 4112 4113
l 4113 4114
l 4114 4115
l 4115 4116
l 4116 4117
l 4117 4118
l 4118 4119
l 4119 4120
l 4120 4121
l 4121 4122
l 4122 4123
l 4123 4124
l 4124 4125
l 4125 4126
l 4126 4127
l 4127 4128
l 4128 4129
l 4129 4130
l 4130 4131
l 4131 4132
l 4132 4133
l 4133 4134
l 4134 4135
l 4135 4136
l 4136 4137
l 4137 4138
l 4138 4139
l 4139 4140
l 4140 4141
l 4141 4142
l 4142 4143
l 4143 4144
l 4144 4145
l 4145 4146
l 4146 4147
l 4147 4148
l 4148 4149
l 4149 4150
l 4150 4151
l 4151 4152
l 4152 4153
l 4153 4154
l 4154 4155
l 4155 4156
l 4156 4157
l 4157 4158
l 4158 4159
l 4159 4160
l 4160 4161
l 4162 4163
l 4163 4164
l 4164 4165
l 4165 4166
l 4166 4167
l 4167 4168
l 4168 4169
l 4169 4170
l 4170 4171
l 4171 4172
l 4172 4173
l 4173 4174
l 4174 4175
l 4175 4176
l 4176 4177
l 4177 4178
l 4178 4179
l 4179 4180
l 4180 4181
l 4181 4182
l 4182 4183
l 4183 4184
l 4184 4185
l 4185 4186
l 4186 4187
l 4187 4188
l 4188 4189
l 4189 4190
l 4190 4191
l 4191 4192
l 4192 4193
l 4193 4194
l 4194 4195
l 4195 4196
l 4196 4197
l 4197 4198
l 4198 4199
l 4199 4200
l 4200 4201
l 4201 4202
l 4202 4203
l 4203 4204
l 4204 4205
l 4205 4206
l 4206 4207
l 4207 4208
l 4208 4209
l 4209 4210
l 4210 4211
l 4211 4212
l 4212 4213
l 4213 4214
l 4214 4215
l 4215 4216
l 4216 4217
l 4217 4218
l 4218 4219
l 4219 4220
l 4220 4221
l 4221 4222
l 4222 4223
l 4223 4224
l 4224 4225
l 4225 4226
l 4226 4227
l 4227 4228
l 4228 4229
l 4229 4230
l 4230 4231
l 4231 4232
l 4232 4233
l 4233 4234
l 4234 4235
l 4235 4236
l 4236 4237
l 4237 4238
l 4238 4239
l 4239 4240
l 4240 4241
l 4241 4242
l 4243 4244
l 4244 4245
l 4245 4246
l 4246 4247
l 4247 4248
l 4248 4249
l 4249 4250
l 4250 4251
l 4251 4252
l 4252 4253
l 4253 4254
l 4254 4255
l 4255 4256
l 4256 4257
l 4257 4258
l 4258 4259
l 4259 4260
l 4260 4261
l 4261 4262
l 4262 4263
l 4263 4264
l 4264 4265
l 4265 4266
l 4266 4267
l 4267 4268
l 4268 4269
l 4269 4270
l 4270 4271
l 4271 4272
l 4272 4273
l 4273 4274
l 4274 4275
l 4275 4276
l 4276 4277
l 4277 4278
l 4278 4279
l 4279 4280
l 4280 4281
l 4281 4282
l 4282 4283
l 4283 4284
l 4284 4285
l 4285 4286
l 4286 4287
l 4287 4288
l 4288 4289
l 4289 4290
l 4290 4291
l 4291 4292
l 4292 4293
l 4293 4294
l 4294 4295
l 4295 4296
l 4296 4297
l 4297 4298
l 4298 4299
l 4299 4300
l 4300 4301
l 4301 4302
l 4302 4303
l 4303 4304
l 4304 4305
l 4305 4306
l 4306 4307
l 4307 4308
l 4308 4309
l 4309 4310
l 4310 4311
l 4311 4312
l 4312 4313
l 4313 4314
l 4314 4315
l 4315 4316
l 4316 4317
l 4317 4318
l 4318 4319
l 4319 4320
l 4320 4321
l 4322 4323
l 4323 4324
l 4324 4325
l 4325 4326
l 4326 4327
l 4327 4328
l 4328 4329
l 4329 4330
l 4330 4331
l 4331 4332
l 4332 4333
l 4333 4334
l 4334 4335
l 4335 4336
l 4336 4337
l 4337 4338
l 4338 4339
l 4339 4340
l 4340 4341
l 4341 4342
l 4342 4343
l 4343 4344
l 4344 4345
l 4345 4346
l 4346 4347
l 4347 4348
l 4348 4349
l 4349 4350
l 4350 4351
l 4351 4352
l 4352 4353
l 4353 4354
l 4354 4355
l 4355 4356
l 4356 4357
l 4357 4358
l 4358 4359
l 4359 4360
l 4360 4361
l 4361 4362
l 4362 4363
l 4363 4364
l 4364 4365
l 4365 4366
l 4366 4367
l 4367 4368
l 4368 4369
l 4369 4370
l 4370 4371
l 4371 4372
l 4372 4373
l 4373 4374
l 4374 4375
l 4375 4376
l 4376 4377
l 4377 4378
l 4378 4379
l 4379 4380
l 4380 4381
l 4381 4382
l 4382 4383
l 4383 4384
l 4384 4385
l 4385 4386
l 4386 4387
l 4387 4388
l 4388 4389
l 4389 4390
l 4390 4391
l 4391 4392
l 4392 4393
l 4393 4394
l 4394 4395
l 4395 4396
l 4396 4397
l 4397 4398
l 4399 4400
l 4400 4401
l 4401 4402
l 4402 4403
l 4403 4404
l 4404 4405
l 4405 4406
l 4406 4407
l 4407 4408
l 4408 4409
l 4409 4410
l 4410 4411
l 4411 4412
l 4412 4413
l 4413 4414
l 4414 4415
l 4415 4416
l 4416 4417
l 4417 4418
l 4418 4419
l 4419 4420
l 4420 4421
l 4421 4422
l 4422 4423
l 4423 4424
l 4424 4425
l 4425 4426
l 4426 4427
l 4427 4428
l 4428 4429
l 4429 4430
l 4430 4431
l 4431 4432
l 4432 4433
l 4433 4434
l 4434 4435
l 4435 4436
l 4436 4437
l 4437 4438
l 4438 4439
l 4439 4440
l 4440 4441
l 4441 4442
l 4442 4443
l 4443 4444
l 4444 4445
l 4445 4446
l 4446 4447
l 4447 4448
l 4448 4449
l 4449 4450
l 4450 4451
l 4451 4452
l 4452 4453
l 4453 4454
l 4454 4455
l 4455 4456
l 4456 4457
l 4457 4458
l 4458 4459
l 4459 4460
l 4460 4461
l 4461 4462
l 4462 4463
l 4463 4464
l 4464 4465
l 4465 4466
l 4466 4467
l 4467 4468
l 4468 4469
l 4469 4470
l 4470 4471
l 4471 4472
l 4472 4473
l 4474 4475
l 4475 4476
l 4476 4477
l 4477 4478
l 4478 4479
l 4479 4480
l 4480 4481
l 4481 4482
l 4482 4483
l 4483 4484
l 4484 4485
l 4485 4486
l 4486 4487
l 4487 4488
l 4488 4489
l 4489 4490
l 4490 4491
l 4491 4492
l 4492 4493
l 4493 4494
l 4494 4495
l 4495 4496
l 4496 4497
l 4497 4498
l 4498 4499
l 4499 4500
l 4500 4501
l 4501 4502
l 4502 4503
l 4503 4504
l 4504 4505
l 4505 4506
l 4506 4507
l 4507 4508
l 4508 4509
l 4509 4510
l 4510 4511
l 4511 4512
l 4512 4513
l 4513 4514
l 4514 4515
l 4515 4516
l 4516 4517
l 4517 4518
l 4518 4519
l 4519 4520
l 4520 4521
l 4521 4522
l 4522 4523
l 4523 4524
l 4524 4525
l 4525 4526
l 4526 4527
l 4527 4528
l 4528 4529
l 4529 4530
l 4530 4531
l 4531 4532
l 4532 4533
l 4533 4534
l 4534 4535
l 4535 4536
l 4536 4537
l 4537 4538
l 4538 4539
l 4539 4540
l 4540 4541
l 4541 4542
l 4542 4543
l 4543 4544
l 4544 4545
l 4545 4546
l 4547 4548
l 4548 4549
l 4549 4550
l 4550 4551
l 4551 4552
l 4552 4553
l 4553 4554
l 4554 4555
l 4555 4556
l 4556 4557
l 4557 4558
l 4558 4559
l 4559 4560
l 4560 4561
l 4561 4562
l 4562 4563
l 4563 4564
l 4564 4565
l 4565 4566
l 4566 4567
l 4567 4568
l 4568 4569
l 4569 4570
l 4570 4571
l 4571 4572
l 4572 4573
l 4573 4574
l 4574 4575
l 4575 4576
l 4576 4577
l 4577 4578
l 4578 4579
l 4579 4580
l 4580 4581
l 4581 4582
l 4582 4583
l 4583 4584
l 4584 4585
l 4585 4586
l 4586 4587
l 4587 4588
l 4588 4589
l 4589 4590
l 4590 4591
l 4591 4592
l 4592 4593
l 4593 4594
l 4594 4595
l 4595 4596
l 4596 4597
l 4597 4598
l 4598 4599
l 4599 4600
l 4600 4601
l 4601 4602
l 4602 4603
l 4603 4604
l 4604 4605
l 4605 4606
l 4606 4607
l 4607 4608
l 4608 4609
l 4609 4610
l 4610 4611
l 4611 4612
l 4612 4613
l 4613 4614
l 4614 4615
l 4615 4616
l 4616 4617
l 4618 4619
l 4619 4620
l 4620 4621
l 4621 4622
l 4622 4623
l 4623 4624
l 4624 4625
l 4625 4626
l 4626 4627
l 4627 4628
l 4628 4629
l 4629 4630
l 4630 4631
l 4631 4632
l 4632 4633
l 4633 4634
l 4634 4635
l 4635 4636
l 4636 4637
l 4637 4638
l 4638 4639
l 4639 4640
l 4640 4641
l 4641 4642
l 4642 4643
l 4643 4644
l 4644 4645
l 4645 4646
l 4646 4647
l 4647 4648
l 4648 4649
l 4649 4650
l 4650 4651
l 4651 4652
l 4652 4653
l 4653 4654
l 4654 4655
l 4655 4656
l 4656 4657
l 4657 4658
l 4658 4659
l 4659 4660
l 4660 4661
l 4661 4662
l 4662 4663
l 4663 4664
l 4664 4665
l 4665 4666
l 4666 4667
l 4667 4668
l 4668 4669
l 4669 4670
l 4670 4671
l 4671 4672
l 4672 4673
l 4673 4674
l 4674 4675
l 4675 4676
l 4676 4677
l 4677 4678
l 4678 4679
l 4679 4680
l 4680 4681
l 4681 4682
l 4682 4683
l 4683 4684
l 4684 4685
l 4685 4686
