v 0.0424751401 0.0894667111 0.274663463 0 1 0
v 0.0436624478 0.0895067328 0.273449964 0 1 0
v 0.0447737753 0.0895310125 0.272166163 0 1 0
v 0.0458608259 0.0895504993 0.270862001 0 1 0
v 0.0468755285 0.0895557486 0.269500427 0 0.501961 1
v 0.0478413367 0.0895523755 0.268104028 0 0.501961 1
v 0.0487542945 0.0895416343 0.266672374 0 0.501961 1
v 0.0496425271 0.0895317802 0.265225073 0 0.501961 1
v 0.0504625338 0.0895134485 0.263738028 0 0.501961 1
v 0.0512676781 0.0894994221 0.262243024 0 0.501961 1
v 0.0520238293 0.0894817341 0.260722522 0 0.501961 1
v 0.0527570056 0.089462735 0.259191046 0 0.501961 1
v 0.0534076927 0.0894300377 0.257622879 1 0.784314 0
v 0.0540464661 0.0893971588 0.256049673 1 0.784314 0
v 0.0546291354 0.0893561125 0.25445555 1 0.784314 0
v 0.0551736262 0.089306093 0.252847719 1 0.784314 0
v 0.0556964266 0.0892610397 0.25123272 1 0.784314 0
v 0.0561957813 0.0892198267 0.249610058 1 0.784314 0
v 0.0566699154 0.0891801853 0.247979923 1 0.784314 0
v 0.0571215253 0.0891371917 0.246343436 1 0.784314 0
v 0.0575257126 0.0890790079 0.244695115 1 0.784314 0
v 0.0579111746 0.0890154908 0.243042397 1 0.784314 0
v 0.0582555344 0.0889543582 0.241380609 0.705882 0 1
v 0.0585849144 0.088892154 0.239715856 0.705882 0 1
v 0.0588624548 0.0888166956 0.238042152 0.705882 0 1
v 0.0591159955 0.0887356541 0.236365002 0.705882 0 1
v 0.05934461 0.0886567556 0.234684049 0.705882 0 1
v 0.0595529143 0.0885701374 0.233000941 0.705882 0 1
v 0.0597575728 0.0884851044 0.231317202 0.705882 0 1
v 0.0599278807 0.0883896044 0.229630304 0.705882 0 1
v 0.0600900142 0.0882958641 0.227942404 0.705882 0 1
v 0.06025256 0.0882075967 0.226254245 0.705882 0 1
v 0.0604085859 0.0881255512 0.224565171 0 0.862745 0.862745
v 0.0605491663 0.0880401251 0.222874922 0 0.862745 0.862745
v 0.0606722466 0.0879517851 0.221183466 0 0.862745 0.862745
v 0.0607984266 0.0878673582 0.219492004 0 0.862745 0.862745
v 0.0609219017 0.0877865695 0.217800166 0 0.862745 0.862745
v 0.0610458648 0.0877085359 0.216108235 0 0.862745 0.862745
v 0.061175278 0.0876341415 0.214416547 0 0.862745 0.862745
v 0.0613176967 0.0875740538 0.212725361 0 0.862745 0.862745
v 0.0614663691 0.0875253559 0.21103432 0 0.862745 0.862745
v 0.0616096957 0.0874791035 0.209342768 0 0.862745 0.862745
v 0.0617441803 0.0874367443 0.207650397 1 0.470588 0
v 0.0618666249 0.0873898141 0.205957213 1 0.470588 0
v 0.061979155 0.087343702 0.204263311 1 0.470588 0
v 0.0620911687 0.0873050088 0.202569197 1 0.470588 0
v 0.0621899135 0.0872615945 0.200874402 1 0.470588 0
v 0.062276286 0.0872150629 0.199179044 1 0.470588 0
v 0.0623631874 0.0871693814 0.197483702 1 0.470588 0
v 0.062460772 0.08713291 0.195788678 1 0.470588 0
v 0.0625457878 0.0871036893 0.194092813 0.470588 1 0
v 0.0626304722 0.0870774938 0.19239687 0.470588 1 0
v 0.0627129285 0.0870577656 0.190700726 0.470588 1 0
v 0.0627900025 0.087034618 0.189004379 0.470588 1 0
v 0.0628021433 0.0869920765 0.187306709 0.470588 1 0
v 0.0628133042 0.086949193 0.185609025 0.470588 1 0
v 0.0627785227 0.0868942829 0.183912395 0.470588 1 0
v 0.0626991596 0.0868308369 0.1822172 0.470588 1 0
v 0.0625975909 0.0867691513 0.180523447 0.470588 1 0
v 0.0624139801 0.0867199117 0.178835977 0.470588 1 0
v 0.0621913904 0.0866785278 0.177153117 1 0 0.705882
v 0.0619320205 0.0866726255 0.175474916 1 0 0.705882
v 0.0616621997 0.0866818995 0.173798267 1 0 0.705882
v 0.0613868187 0.0867033054 0.172122665 1 0 0.705882
v 0.0611152899 0.0867302877 0.170446473 1 0 0.705882
v 0.0608483913 0.0867519126 0.168769478 1 0 0.705882
v 0.060585003 0.0867744693 0.167091917 1 0 0.705882
v 0.0603470827 0.0867988123 0.16541061 1 0 0.705882
v 0.0601150786 0.0868202768 0.163728408 1 0 0.705882
v 0.0599116761 0.0868515937 0.162042699 1 0 0.705882
v 0.0597122493 0.0868719734 0.160356312 0.313725 0.313725 1
v 0.0595315082 0.0868919238 0.158667825 0.313725 0.313725 1
v 0.0593555509 0.0869088131 0.156978808 0.313725 0.313725 1
v 0.05916945 0.0869132614 0.155290869 0.313725 0.313725 1
v 0.0590219853 0.0869412321 0.153599253 0.313725 0.313725 1
v 0.0588674297 0.0869599671 0.151908223 0.313725 0.313725 1
v 0.0586981455 0.0869592941 0.150218485 0.313725 0.313725 1
v 0.0585373332 0.0869645329 0.148528042 0.313725 0.313725 1
v 0.0583752385 0.0869664599 0.146837636 0.313725 0.313725 1
v 0.0581977809 0.086954967 0.14514874 0.313725 0.313725 1
v 0.0580452731 0.0869651453 0.14345757 0.705882 0.470588 0.156863
v 0.0578982223 0.0869808627 0.141765832 0.705882 0.470588 0.156863
v 0.0577511706 0.0869952096 0.140074147 0.705882 0.470588 0.156863
v 0.0575888179 0.0869959024 0.138383711 0.705882 0.470588 0.156863
v 0.0574406866 0.0870052363 0.136691999 0.705882 0.470588 0.156863
v 0.0572788915 0.0870028922 0.135001468 0.705882 0.470588 0.156863
v 0.0571201329 0.0869998272 0.133310646 0.705882 0.470588 0.156863
v 0.0569545303 0.0869906692 0.131620512 0.705882 0.470588 0.156863
v 0.0568183233 0.087002557 0.129927763 0.705882 0.470588 0.156863
v 0.0566710357 0.0870059888 0.128235982 0.705882 0.470588 0.156863
v 0.0565145557 0.0869991709 0.126545007 0.470588 0.470588 0.470588
v 0.0563612032 0.086993868 0.124853785 0.470588 0.470588 0.470588
v 0.0562282979 0.0870015987 0.123160845 0.470588 0.470588 0.470588
v 0.0560755814 0.0869960305 0.121469599 0.470588 0.470588 0.470588
v 0.0559309728 0.0869985143 0.119777535 0.470588 0.470588 0.470588
v 0.0557789818 0.0869901103 0.118086121 0.470588 0.470588 0.470588
v 0.05562708 0.0869819316 0.116394697 0.470588 0.470588 0.470588
v 0.0554857311 0.0869809855 0.114702382 0.470588 0.470588 0.470588
v 0.0553340364 0.0869735776 0.113010942 0.470588 0.470588 0.470588
v 0.0551814634 0.0869771564 0.111319551 0.470588 0.470588 0.470588
v 0.0550152399 0.0869657126 0.109629579 0.470588 0.470588 0.470588
v 0.0548426611 0.0869456969 0.107940228 0.470588 0.470588 0.470588
v 0.0546740628 0.0869298895 0.106250453 1 0 0
v 0.0545039362 0.0869131972 0.104560874 1 0 0
v 0.0543349754 0.0868976393 0.102871204 1 0 0
v 0.0541813881 0.0868972418 0.101179902 1 0 0
v 0.0540139734 0.0868858612 0.0994900377 1 0 0
v 0.0538332799 0.0868642223 0.0978015549 1 0 0
v 0.053678358 0.0868605715 0.0961104097 1 0 0
v 0.0535132092 0.0868470952 0.0944202903 1 0 0
v 0.0533672723 0.0868474226 0.0927283107 1 0 0
v 0.053220857 0.0868464074 0.0910363745 1 0 0
v 0.0530710427 0.0868398833 0.0893447464 0 1 0
v 0.0529168334 0.0868295701 0.0876535374 0 1 0
v 0.0527549582 0.0868115064 0.0859631072 0 1 0
v 0.0525927657 0.0867929826 0.0842727107 0 1 0
v 0.052436666 0.0867785598 0.0825817004 0 1 0
v 0.0522902671 0.0867688143 0.080889837 0 1 0
v 0.0521524052 0.0867628027 0.0791972179 0 0.501961 1
v 0.0382538359 0.087036826 0.279334234 0 1 0
v 0.0395387862 0.0872160557 0.278209985 0 1 0
v 0.0407981158 0.0873218174 0.277048105 0 1 0
v 0.0420508576 0.0874138751 0.27587867 0 1 0
v 0.043269749 0.0874592792 0.274670648 0 1 0
v 0.0444456833 0.0874961366 0.273420914 0 1 0
v 0.0455863867 0.0875267046 0.272138884 0 1 0
v 0.0466489031 0.0875408467 0.270790546 0 1 0
v 0.0476785038 0.0875498761 0.269418006 0 0.501961 1
v 0.0486440329 0.0875471603 0.267998534 0 0.501961 1
v 0.0495697195 0.0875406765 0.266553223 0 0.501961 1
v 0.0504666527 0.0875337018 0.265089504 0 0.501961 1
v 0.0512951816 0.087523806 0.263585975 0 0.501961 1
v 0.052119837 0.0875142341 0.262080379 0 0.501961 1
v 0.0528796393 0.0874991616 0.260541054 0 0.501961 1
v 0.0536205961 0.0874824544 0.258992771 0 0.501961 1
v 0.0542972303 0.0874569577 0.257415577 1 0.784314 0
v 0.0549259017 0.0874238218 0.255818529 1 0.784314 0
v 0.0555217128 0.0873876799 0.25420913 1 0.784314 0
v 0.0560785632 0.0873431311 0.252585861 1 0.784314 0
v 0.0566129328 0.0873045711 0.250954906 1 0.784314 0
v 0.0571305884 0.0872664731 0.249318583 1 0.784314 0
v 0.0576010959 0.0872265222 0.247668199 1 0.784314 0
v 0.0580525445 0.0871865029 0.246012377 1 0.784314 0
v 0.0584693932 0.0871345391 0.244347901 1 0.784314 0
v 0.0588771947 0.0870810663 0.242681211 1 0.784314 0
v 0.059213659 0.0870214492 0.240998857 0.705882 0 1
v 0.0595372779 0.0869579362 0.239314183 0.705882 0 1
v 0.0598259958 0.0868900911 0.237623272 0.705882 0 1
v 0.0600967452 0.0868209849 0.235929611 0.705882 0 1
v 0.0603355554 0.086746135 0.234231236 0.705882 0 1
v 0.0605739202 0.0866741502 0.232532773 0.705882 0 1
v 0.0607760355 0.0865883006 0.230830151 0.705882 0 1
v 0.0609739936 0.0865074934 0.22912679 0.705882 0 1
v 0.0611664974 0.0864297989 0.22742268 0.705882 0 1
v 0.0613313966 0.0863430467 0.225716097 0.705882 0 1
v 0.0614886446 0.0862639079 0.224008434 0 0.862745 0.862745
v 0.0616475019 0.0861920298 0.222300584 0 0.862745 0.862745
v 0.0617929719 0.0861168138 0.220591685 0 0.862745 0.862745
v 0.0619457474 0.0860486952 0.218883137 0 0.862745 0.862745
v 0.0620873701 0.0859794337 0.217173663 0 0.862745 0.862745
v 0.0622352436 0.085915399 0.21546454 0 0.862745 0.862745
v 0.062384343 0.0858559563 0.21375535 0 0.862745 0.862745
v 0.062528998 0.0857974371 0.212045745 0 0.862745 0.862745
v 0.0626678156 0.0857438928 0.210335476 0 0.862745 0.862745
v 0.0628080921 0.0856968327 0.208625154 0 0.862745 0.862745
v 0.0629465497 0.0856578406 0.206914464 1 0.470588 0
v 0.063078832 0.0856187579 0.205203297 1 0.470588 0
v 0.0632020443 0.0855829221 0.203491375 1 0.470588 0
v 0.0633168385 0.0855462173 0.201778943 1 0.470588 0
v 0.0634168275 0.0855067632 0.2000656 1 0.470588 0
v 0.0634978478 0.0854557866 0.198351548 1 0.470588 0
v 0.0635993114 0.0854269968 0.196638094 1 0.470588 0
v 0.0636793085 0.0853825737 0.194923823 1 0.470588 0
v 0.063761131 0.0853533965 0.1932093 0.470588 1 0
v 0.063840014 0.0853235242 0.191494648 0.470588 1 0
v 0.0639156124 0.0853014474 0.189779751 0.470588 1 0
v 0.0639784545 0.0852758285 0.188064408 0.470588 1 0
v 0.063995085 0.0852369942 0.1863482 0.470588 1 0
v 0.0639973504 0.0851920424 0.184632065 0.470588 1 0
v 0.0639472176 0.0851453437 0.182916838 0.470588 1 0
v 0.0638796027 0.0850910224 0.181202376 0.470588 1 0
v 0.0637214454 0.0850415516 0.179493983 0.470588 1 0
v 0.0635247926 0.0849986741 0.177789352 0.470588 1 0
v 0.0632843454 0.084983354 0.176089616 1 0 0.705882
v 0.0630161261 0.0849864584 0.174394116 1 0 0.705882
v 0.0627257829 0.0849921911 0.172702128 1 0 0.705882
v 0.0624465469 0.0850138727 0.171008432 1 0 0.705882
v 0.0621654361 0.0850352873 0.169315011 1 0 0.705882
v 0.0619110351 0.0850681997 0.167617574 1 0 0.705882
v 0.0616561898 0.0850924572 0.165920041 1 0 0.705882
v 0.0614359727 0.0851253328 0.16421782 1 0 0.705882
v 0.0612146019 0.0851526288 0.16251565 1 0 0.705882
v 0.061025575 0.08518115 0.160809601 1 0 0.705882
v 0.0608379919 0.0852083928 0.159103372 0.313725 0.313725 1
v 0.0606555604 0.085222298 0.157396423 0.313725 0.313725 1
v 0.0604771421 0.0852373945 0.155689092 0.313725 0.313725 1
v 0.0603109093 0.0852532013 0.153980564 0.313725 0.313725 1
v 0.0601409988 0.0852643094 0.152272354 0.313725 0.313725 1
v 0.0599954909 0.0852860414 0.150561942 0.313725 0.313725 1
v 0.0598424954 0.0852992416 0.148852257 0.313725 0.313725 1
v 0.059681605 0.0853046323 0.147143144 0.313725 0.313725 1
v 0.0595300634 0.0853141365 0.145433154 0.313725 0.313725 1
v 0.0593621243 0.0853117724 0.143724882 0.313725 0.313725 1
v 0.0591871476 0.0853066261 0.142017182 0.705882 0.470588 0.156863
v 0.0590224177 0.0853077587 0.140308511 0.705882 0.470588 0.156863
v 0.0588783635 0.0853227873 0.138597904 0.705882 0.470588 0.156863
v 0.0587202951 0.0853265015 0.136888539 0.705882 0.470588 0.156863
v 0.0585514732 0.0853217865 0.135180139 0.705882 0.470588 0.156863
v 0.0583963421 0.0853227784 0.133470439 0.705882 0.470588 0.156863
v 0.0582319175 0.085317058 0.131761642 0.705882 0.470588 0.156863
v 0.0580931304 0.0853259835 0.130050637 0.705882 0.470588 0.156863
v 0.0579292799 0.0853180995 0.128341768 0.470588 0.470588 0.470588
v 0.0577900282 0.0853259216 0.126630715 0.470588 0.470588 0.470588
v 0.057647296 0.0853288023 0.124920104 0.470588 0.470588 0.470588
v 0.0575003888 0.0853255679 0.123209676 0.470588 0.470588 0.470588
v 0.0573614175 0.0853337146 0.121498616 0.470588 0.470588 0.470588
v 0.0572080491 0.0853287823 0.119788814 0.470588 0.470588 0.470588
v 0.0570705115 0.0853276638 0.118077605 0.470588 0.470588 0.470588
v 0.0569296072 0.0853275407 0.116366699 0.470588 0.470588 0.470588
v 0.0567788045 0.085326364 0.114656675 0.470588 0.470588 0.470588
v 0.0566267403 0.0853255138 0.112946786 0.470588 0.470588 0.470588
v 0.0564486005 0.0853104741 0.111239391 0.470588 0.470588 0.470588
v 0.056289472 0.0853051889 0.109530152 0.470588 0.470588 0.470588
v 0.056133161 0.0853001553 0.10782058 1 0 0
v 0.0559518186 0.085278772 0.106113684 1 0 0
v 0.0558025511 0.0852778656 0.104403458 1 0 0
v 0.0556438215 0.0852706593 0.1026942 1 0 0
v 0.0554599494 0.0852468107 0.100987514 1 0 0
v 0.0552903995 0.0852348058 0.0992793109 1 0 0
v 0.055121945 0.0852243358 0.0975709854 1 0 0
v 0.054969029 0.0852222532 0.0958611968 1 0 0
v 0.0548043453 0.0852103584 0.0941524941 1 0 0
v 0.0546522203 0.0852064008 0.0924425614 1 0 0
v 0.054504092 0.0852035034 0.0907322384 0 1 0
v 0.0543539412 0.08519835 0.0890220989 0 1 0
v 0.0541937955 0.0851853641 0.0873129069 0 1 0
v 0.0540370368 0.0851734594 0.0856033946 0 1 0
v 0.0538789939 0.0851596482 0.0838940147 0 1 0
v 0.0537336896 0.085155213 0.0821834795 0 1 0
v 0.0535869972 0.0851475257 0.0804730744 0 1 0
v 0.0534440974 0.0851434783 0.0787623106 0 1 0
v 0.0533008154 0.0851398731 0.0770515772 0 0.501961 1
v 0.037528036 0.0848131867 0.280643153 0 1 0
v 0.0388172282 0.0850096181 0.279521577 0 1 0
v 0.0401036713 0.0851972181 0.278395833 0 1 0
v 0.0413781901 0.085312752 0.277246571 0 1 0
v 0.0426255349 0.0853935919 0.276065888 0 1 0
v 0.043846865 0.0854384557 0.274855558 0 1 0
v 0.0450174838 0.0854752544 0.273596383 0 1 0
v 0.0461594826 0.0855060475 0.272311163 0 1 0
v 0.0472259669 0.0855225849 0.270961758 0 0.501961 1
v 0.0482636548 0.0855352295 0.269590969 0 0.501961 1
v 0.0492462101 0.0855396043 0.268179188 0 0.501961 1
v 0.0501829224 0.0855409041 0.266737294 0 0.501961 1
v 0.05108472 0.0855364413 0.265272616 0 0.501961 1
v 0.051924771 0.08552754 0.263771992 0 0.501961 1
v 0.0527520773 0.0855184404 0.262264 0 0.501961 1
v 0.053535655 0.0855108517 0.260732838 0 0.501961 1
v 0.0542733623 0.0854966813 0.259179528 0 0.501961 1
v 0.0549749689 0.0854776922 0.257609208 0 0.501961 1
v 0.0556137056 0.085450996 0.256012681 1 0.784314 0
v 0.0562167908 0.0854186116 0.254402231 1 0.784314 0
v 0.0567860275 0.0853846575 0.252779545 1 0.784314 0
v 0.0573239205 0.085344644 0.251146291 1 0.784314 0
v 0.0578446524 0.085308402 0.249507372 1 0.784314 0
v 0.0583385244 0.0852733195 0.247860294 1 0.784314 0
v 0.0588111332 0.0852396132 0.246206794 1 0.784314 0
v 0.0592387487 0.0851948282 0.244541671 1 0.784314 0
v 0.0596409069 0.0851425765 0.242870115 1 0.784314 0
v 0.0600000984 0.0850884902 0.241188994 1 0.784314 0
v 0.0603446563 0.0850333719 0.239504714 0.705882 0 1
v 0.0606464505 0.0849734377 0.237812489 0.705882 0 1
v 0.0609429428 0.0849136599 0.236119247 0.705882 0 1
v 0.061203866 0.0848493391 0.234420472 0.705882 0 1
v 0.0614532257 0.0847820872 0.232719926 0.705882 0 1
v 0.0616954719 0.084717697 0.231018316 0.705882 0 1
v 0.0619000335 0.0846402044 0.22931225 0.705882 0 1
v 0.0620964741 0.0845624182 0.227605251 0.705882 0 1
v 0.0622875783 0.0844904762 0.225897377 0.705882 0 1
v 0.0624717254 0.0844243132 0.224188528 0.705882 0 1
v 0.0626471443 0.0843611328 0.222478618 0 0.862745 0.862745
v 0.0628223945 0.0843029933 0.220768518 0 0.862745 0.862745
v 0.0629846068 0.0842394755 0.219057339 0 0.862745 0.862745
v 0.0631360927 0.0841741246 0.217345235 0 0.862745 0.862745
v 0.0632905444 0.0841110337 0.2156333 0 0.862745 0.862745
v 0.0634459785 0.0840554229 0.213921196 0 0.862745 0.862745
v 0.0635978626 0.0839993897 0.212208785 0 0.862745 0.862745
v 0.0637474092 0.0839532028 0.210495875 0 0.862745 0.862745
v 0.0638916226 0.0839093825 0.208782449 0 0.862745 0.862745
v 0.0640396473 0.0838768648 0.207069093 0 0.862745 0.862745
v 0.0641861703 0.0838439303 0.205355618 1 0.470588 0
v 0.0643091877 0.0838065624 0.203640433 1 0.470588 0
v 0.064420097 0.0837650867 0.201924468 1 0.470588 0
v 0.0645226342 0.0837281882 0.200207878 1 0.470588 0
v 0.064608571 0.0836811598 0.198490671 1 0.470588 0
v 0.0647122495 0.0836541265 0.196773972 1 0.470588 0
v 0.0647961058 0.0836148838 0.195056429 1 0.470588 0
v 0.0648941124 0.0835929677 0.19333942 1 0.470588 0
v 0.0649685382 0.0835613484 0.191621283 0.470588 1 0
v 0.0650367347 0.0835359543 0.189902788 0.470588 1 0
v 0.0651071322 0.0835152399 0.188184315 0.470588 1 0
v 0.065139462 0.0834831517 0.186464927 0.470588 1 0
v 0.0651549369 0.083447006 0.184745354 0.470588 1 0
v 0.0651201421 0.08339976 0.183026679 0.470588 1 0
v 0.0650345684 0.0833466878 0.181309583 0.470588 1 0
v 0.0648972971 0.0833035942 0.179596096 0.470588 1 0
v 0.0647262236 0.0832670249 0.177884969 0.470588 1 0
v 0.0644749055 0.0832507639 0.176183706 0.470588 1 0
v 0.0642092485 0.0832391857 0.174484374 1 0 0.705882
v 0.0639286681 0.0832542324 0.172787459 1 0 0.705882
v 0.0636419456 0.083268859 0.171091606 1 0 0.705882
v 0.0633748733 0.0832993793 0.169392695 1 0 0.705882
v 0.0631117246 0.0833252956 0.167693158 1 0 0.705882
v 0.0628684866 0.0833563484 0.165990681 1 0 0.705882
v 0.0626361849 0.0833863251 0.164286728 1 0 0.705882
v 0.0624160195 0.0834115235 0.162581025 1 0 0.705882
v 0.0622032388 0.0834366711 0.160874449 1 0 0.705882
v 0.0620190477 0.0834600423 0.159164453 1 0 0.705882
v 0.0618349369 0.0834828752 0.157454442 0.313725 0.313725 1
v 0.0616652324 0.0835017467 0.155742964 0.313725 0.313725 1
v 0.061511638 0.0835272802 0.15402998 0.313725 0.313725 1
v 0.0613461127 0.0835418428 0.152318055 0.313725 0.313725 1
v 0.0611745865 0.0835463058 0.150606589 0.313725 0.313725 1
v 0.0610189922 0.0835584075 0.148893729 0.313725 0.313725 1
v 0.0608781598 0.0835773425 0.147179575 0.313725 0.313725 1
v 0.0607108614 0.0835766546 0.145467721 0.313725 0.313725 1
v 0.0605406281 0.0835738601 0.14375615 0.313725 0.313725 1
v 0.0603902885 0.0835851297 0.142042724 0.313725 0.313725 1
v 0.0602326826 0.0835913208 0.140329975 0.705882 0.470588 0.156863
v 0.06005915 0.0835864089 0.138618711 0.705882 0.470588 0.156863
v 0.0598977508 0.083588455 0.136906317 0.705882 0.470588 0.156863
v 0.0597482001 0.0835972024 0.135192818 0.705882 0.470588 0.156863
v 0.0595913709 0.0835982187 0.133480012 0.705882 0.470588 0.156863
v 0.0594205244 0.083588278 0.1317685 0.705882 0.470588 0.156863
v 0.0592819869 0.0835979944 0.130054159 0.705882 0.470588 0.156863
v 0.0591278217 0.0835959116 0.128341086 0.705882 0.470588 0.156863
v 0.0589784929 0.0835965802 0.126627611 0.470588 0.470588 0.470588
v 0.0588248905 0.0835922942 0.124914678 0.470588 0.470588 0.470588
v 0.0586993577 0.0836036748 0.123199351 0.470588 0.470588 0.470588
v 0.0585527069 0.0836075785 0.121485573 0.470588 0.470588 0.470588
v 0.0584019326 0.0836063137 0.119772157 0.470588 0.470588 0.470588
v 0.0582436589 0.0835932112 0.118059465 0.470588 0.470588 0.470588
v 0.0580988769 0.0835933359 0.116345606 0.470588 0.470588 0.470588
v 0.0579562722 0.0835983745 0.114631548 0.470588 0.470588 0.470588
v 0.0578123885 0.0836029936 0.112917605 0.470588 0.470588 0.470588
v 0.0576734041 0.0836107102 0.111203227 0.470588 0.470588 0.470588
v 0.0575130339 0.0836023391 0.109490751 1 0 0
v 0.057347097 0.0835908292 0.107778772 1 0 0
v 0.0571818494 0.0835810776 0.106066767 1 0 0
v 0.0570138716 0.083567667 0.104355093 1 0 0
v 0.0568488824 0.0835559875 0.102643029 1 0 0
v 0.0566954398 0.0835551116 0.100929841 1 0 0
v 0.0565270132 0.0835440226 0.0992181725 1 0 0
v 0.0563587242 0.0835326722 0.0975065252 1 0 0
v 0.056199994 0.0835269606 0.0957939821 1 0 0
v 0.0560273747 0.0835109838 0.0940827222 1 0 0
v 0.0558846008 0.0835143796 0.092368786 0 1 0
v 0.0557395793 0.083513956 0.0906548708 0 1 0
v 0.0555852823 0.0835063678 0.088941786 0 1 0
v 0.0554399087 0.083503998 0.0872278955 0 1 0
v 0.0552897696 0.0834971781 0.0855144472 0 1 0
v 0.0551483457 0.0834954296 0.0838002256 0 1 0
v 0.0550065912 0.0834918989 0.0820860364 0 1 0
v 0.0548536094 0.0834767887 0.0803728788 0 1 0
v 0.0547028555 0.0834646863 0.0786595111 0 1 0
v 0.0545536524 0.0834628211 0.0769459492 0 1 0
v 0.0544044493 0.0834609558 0.0752323873 0 0.501961 1
v 0.0375805771 0.0827044396 0.28126944 0 1 0
v 0.0388638906 0.0829179353 0.280153056 0 1 0
v 0.0401477911 0.0831243435 0.279036031 0 1 0
v 0.041420217 0.0832442579 0.277893621 0 1 0
v 0.0426850495 0.0833512748 0.27674216 0 1 0
v 0.0439067651 0.0833965108 0.275540431 0 1 0
v 0.0450868021 0.0834349482 0.274298501 0 1 0
v 0.0462335696 0.0834676237 0.273024671 0 1 0
v 0.047324559 0.0834917704 0.271703117 0 0.501961 1
v 0.0484008125 0.0835137544 0.270368957 0 0.501961 1
v 0.0493937078 0.0835234269 0.268972037 0 0.501961 1
v 0.0503698261 0.0835294449 0.267562907 0 0.501961 1
v 0.0512689648 0.0835271621 0.266103348 0 0.501961 1
v 0.0521500536 0.0835244401 0.264633098 0 0.501961 1
v 0.0529856387 0.0835207096 0.263136245 0 0.501961 1
v 0.0537868784 0.0835150438 0.261621256 0 0.501961 1
v 0.0545439556 0.0835042874 0.260083237 0 0.501961 1
v 0.055268119 0.0834889138 0.258529901 0 0.501961 1
v 0.0559339463 0.0834695108 0.256950317 1 0.784314 0
v 0.0565912556 0.0834488999 0.255367418 1 0.784314 0
v 0.0571653922 0.0834163965 0.253752457 1 0.784314 0
v 0.0577375356 0.0833861438 0.252136764 1 0.784314 0
v 0.0582735426 0.0833595495 0.25050878 1 0.784314 0
v 0.0587953914 0.0833269269 0.248876175 1 0.784314 0
v 0.0592759571 0.0832907055 0.247231163 1 0.784314 0
v 0.0597445972 0.0832531481 0.245582602 1 0.784314 0
v 0.0601610883 0.0832106939 0.243920224 1 0.784314 0
v 0.0605693002 0.0831700386 0.242255853 1 0.784314 0
v 0.0609270141 0.0831222956 0.24057998 0.705882 0 1
v 0.0612708518 0.0830681617 0.238901421 0.705882 0 1
v 0.0615688839 0.0830116554 0.237214188 0.705882 0 1
v 0.0618690298 0.0829577132 0.235527241 0.705882 0 1
v 0.0621363365 0.0828961461 0.233835219 0.705882 0 1
v 0.0623993669 0.0828389048 0.232142197 0.705882 0 1
v 0.0626411372 0.0827771134 0.230446277 0.705882 0 1
v 0.0628711086 0.0827152574 0.228748623 0.705882 0 1
v 0.0630927312 0.0826570705 0.227049762 0.705882 0 1
v 0.0633037066 0.0825982813 0.225349521 0.705882 0 1
v 0.0634994754 0.0825416256 0.223647453 0 0.862745 0.862745
v 0.0636809707 0.0824816176 0.221943854 0 0.862745 0.862745
v 0.0638545933 0.0824238454 0.220239363 0 0.862745 0.862745
v 0.0640274566 0.082365826 0.218534798 0 0.862745 0.862745
v 0.0641967068 0.0823119234 0.216829737 0 0.862745 0.862745
v 0.0643681831 0.0822616394 0.21512479 0 0.862745 0.862745
v 0.0645294384 0.0822111033 0.213418857 0 0.862745 0.862745
v 0.0646922865 0.0821628496 0.211713014 0 0.862745 0.862745
v 0.0648440783 0.0821254039 0.210005874 0 0.862745 0.862745
v 0.0649898194 0.0820847282 0.208298285 0 0.862745 0.862745
v 0.0651303079 0.082050365 0.20659011 1 0.470588 0
v 0.0652694612 0.0820159411 0.204881825 1 0.470588 0
v 0.065401233 0.081982988 0.203172937 1 0.470588 0
v 0.0655087143 0.0819442361 0.201462472 1 0.470588 0
v 0.0656082592 0.0819062929 0.199751496 1 0.470588 0
v 0.0657092348 0.0818709756 0.198040581 1 0.470588 0
v 0.0658078326 0.0818389497 0.196329497 1 0.470588 0
v 0.0659032256 0.0818099881 0.19461821 1 0.470588 0
v 0.0659924678 0.081781888 0.192906549 1 0.470588 0
v 0.0660721908 0.0817605278 0.191194249 1 0.470588 0
v 0.0661442298 0.0817389376 0.189481637 0.470588 1 0
v 0.0661916941 0.0817089522 0.18776827 0.470588 1 0
v 0.0662261957 0.0816772068 0.186054676 0.470588 1 0
v 0.0662273324 0.0816393397 0.184340822 0.470588 1 0
v 0.0661940319 0.081601398 0.182627582 0.470588 1 0
v 0.0661275243 0.0815641276 0.180914989 0.470588 1 0
v 0.0659893305 0.0815290956 0.179207533 0.470588 1 0
v 0.0657977534 0.0814879185 0.17750448 0.470588 1 0
v 0.0655597955 0.0814777256 0.175807107 0.470588 1 0
v 0.0652822962 0.0814686174 0.174115514 0.470588 1 0
v 0.0650048753 0.0814871917 0.172423942 1 0 0.705882
v 0.0647279637 0.0815078053 0.170732291 1 0 0.705882
v 0.0644549348 0.0815291736 0.169040021 1 0 0.705882
v 0.0641817338 0.0815503658 0.167347774 1 0 0.705882
v 0.0639367921 0.0815774687 0.165651311 1 0 0.705882
v 0.0636936014 0.0816027151 0.163954546 1 0 0.705882
v 0.0634801882 0.0816310598 0.162253857 1 0 0.705882
v 0.0632691679 0.0816531247 0.160552748 1 0 0.705882
v 0.0630935957 0.081682129 0.158847766 1 0 0.705882
v 0.0629160349 0.0817065596 0.157142903 1 0 0.705882
v 0.0627537987 0.081729016 0.155436552 0.313725 0.313725 1
v 0.0625815236 0.081741775 0.153731033 0.313725 0.313725 1
v 0.0624222037 0.0817580206 0.152024329 0.313725 0.313725 1
v 0.0622773028 0.0817792879 0.150316311 0.313725 0.313725 1
v 0.0621163588 0.0817868792 0.148609643 0.313725 0.313725 1
v 0.061950708 0.0817901062 0.146903379 0.313725 0.313725 1
v 0.0618042834 0.0818020487 0.145195403 0.313725 0.313725 1
v 0.0616525824 0.0818108235 0.143487891 0.313725 0.313725 1
v 0.061481243 0.0818081092 0.141782207 0.313725 0.313725 1
v 0.0613160559 0.0818090175 0.140075946 0.313725 0.313725 1
v 0.0611642944 0.0818178223 0.138368425 0.705882 0.470588 0.156863
v 0.0610034878 0.0818196952 0.136661766 0.705882 0.470588 0.156863
v 0.0608360248 0.0818161375 0.134955711 0.705882 0.470588 0.156863
v 0.0606825149 0.0818192013 0.133248381 0.705882 0.470588 0.156863
v 0.0605206653 0.0818159401 0.131541803 0.705882 0.470588 0.156863
v 0.0603767756 0.0818201618 0.129833656 0.705882 0.470588 0.156863
v 0.0602383659 0.0818266799 0.128125004 0.705882 0.470588 0.156863
v 0.0600843301 0.08182415 0.126417654 0.705882 0.470588 0.156863
v 0.0599355761 0.081825729 0.124709848 0.470588 0.470588 0.470588
v 0.0598005274 0.0818342139 0.123000907 0.470588 0.470588 0.470588
v 0.0596610492 0.0818392254 0.121292329 0.470588 0.470588 0.470588
v 0.0595133665 0.0818370309 0.119584414 0.470588 0.470588 0.470588
v 0.0593643805 0.0818339529 0.117876616 0.470588 0.470588 0.470588
v 0.059210845 0.0818306484 0.116169227 0.470588 0.470588 0.470588
v 0.059056427 0.0818267813 0.114461911 0.470588 0.470588 0.470588
v 0.0589249217 0.0818364221 0.112752718 0.470588 0.470588 0.470588
v 0.0587730061 0.0818340271 0.111045185 0.470588 0.470588 0.470588
v 0.058638099 0.0818407869 0.109336226 0.470588 0.470588 0.470588
v 0.0584866815 0.0818377806 0.107628841 1 0 0
v 0.0583000629 0.0818136819 0.10592491 1 0 0
v 0.0581481852 0.0818108586 0.104217604 1 0 0
v 0.0580067518 0.0818144488 0.102509192 1 0 0
v 0.0578456264 0.0818075146 0.100802543 1 0 0
v 0.0576760209 0.0817952883 0.0990967803 1 0 0
v 0.0575001218 0.0817794376 0.0973916564 1 0 0
v 0.0573434787 0.0817746522 0.0956846879 1 0 0
v 0.0571940095 0.0817735196 0.0939770114 1 0 0
v 0.0570453627 0.0817725726 0.0922693161 1 0 0
v 0.0568915427 0.0817673058 0.09056199 0 1 0
v 0.0567550819 0.0817715492 0.0888531459 0 1 0
v 0.0566089062 0.0817674806 0.0871451522 0 1 0
v 0.0564526423 0.081755582 0.0854380413 0 1 0
v 0.0563060397 0.0817498841 0.0837300587 0 1 0
v 0.0561600296 0.0817440139 0.0820220088 0 1 0
v 0.0560176784 0.0817369069 0.0803136563 0 1 0
v 0.0558771621 0.0817339231 0.0786051386 0 1 0
v 0.0557332989 0.0817338498 0.076896898 0 1 0
v 0.0555855282 0.0817307962 0.0751889974 0 1 0
v 0.0554565209 0.0817307612 0.0734796148 0 0.501961 1
v 0.0378466441 0.0806322472 0.281704661 0 1 0
v 0.0391214464 0.0808577882 0.280593237 0 1 0
v 0.0403966915 0.0810616044 0.279478289 0 1 0
v 0.0416674723 0.081202181 0.278348549 0 1 0
v 0.0429297387 0.0813078266 0.277205763 0 1 0
v 0.0441484338 0.0813573432 0.276012699 0 1 0
v 0.0453208404 0.0813949362 0.2747741 0 1 0
v 0.0464747506 0.081429884 0.273517641 0 1 0
v 0.04757212 0.0814560165 0.272212069 0 0.501961 1
v 0.0486433716 0.0814792333 0.27088417 0 0.501961 1
v 0.0496729832 0.0814962881 0.26952481 0 0.501961 1
v 0.0506507551 0.0815064734 0.268126501 0 0.501961 1
v 0.0515778898 0.0815110938 0.266694766 0 0.501961 1
v 0.0524754105 0.0815119396 0.265243596 0 0.501961 1
v 0.0533135907 0.0815091045 0.263757786 0 0.501961 1
v 0.054135691 0.081505177 0.262262603 0 0.501961 1
v 0.0548945555 0.0814971496 0.26073444 0 0.501961 1
v 0.0556416779 0.0814886326 0.259200497 0 0.501961 1
v 0.0563252195 0.0814747775 0.257637226 1 0.784314 0
v 0.0569860711 0.0814545085 0.256064265 1 0.784314 0
v 0.0576012415 0.0814284703 0.254472938 1 0.784314 0
v 0.0581856562 0.0814015245 0.252870282 1 0.784314 0
v 0.0587435096 0.0813854202 0.251257837 1 0.784314 0
v 0.0592683424 0.0813583543 0.249634659 1 0.784314 0
v 0.0597694023 0.0813252131 0.248003979 1 0.784314 0
v 0.0602493772 0.081291454 0.246366933 1 0.784314 0
v 0.0607045877 0.0812580166 0.244723003 1 0.784314 0
v 0.061129615 0.0812233791 0.243070881 1 0.784314 0
v 0.0615073256 0.0811790116 0.24140775 0.705882 0 1
v 0.0618692595 0.08113145 0.239740963 0.705882 0 1
v 0.0622120178 0.081088974 0.238070036 0.705882 0 1
v 0.0625151281 0.0810369392 0.236391731 0.705882 0 1
v 0.0628184747 0.0809868256 0.234713373 0.705882 0 1
v 0.0630988112 0.0809355551 0.233031139 0.705882 0 1
v 0.0633653703 0.0808835066 0.231346603 0.705882 0 1
v 0.0636198272 0.0808344208 0.229660107 0.705882 0 1
v 0.0638649417 0.0807819414 0.227972357 0.705882 0 1
v 0.0640844695 0.0807280979 0.22628112 0.705882 0 1
v 0.0643038008 0.0806765254 0.224589768 0 0.862745 0.862745
v 0.0645016806 0.0806254756 0.222895767 0 0.862745 0.862745
v 0.0646960687 0.0805752874 0.221201326 0 0.862745 0.862745
v 0.0648903789 0.0805278993 0.219506795 0 0.862745 0.862745
v 0.0650807873 0.0804797448 0.217811867 0 0.862745 0.862745
v 0.0652531858 0.0804319253 0.216114979 0 0.862745 0.862745
v 0.0654255843 0.0803841059 0.214418091 0 0.862745 0.862745
v 0.0655947551 0.0803404369 0.212720772 0 0.862745 0.862745
v 0.0657643933 0.0802983558 0.211023454 0 0.862745 0.862745
v 0.0658992014 0.0802569619 0.209323009 0 0.862745 0.862745
v 0.0660402272 0.0802215477 0.207622977 1 0.470588 0
v 0.0661949576 0.0801968795 0.205923893 1 0.470588 0
v 0.0663311732 0.0801670551 0.20422334 1 0.470588 0
v 0.0664513012 0.0801342274 0.202521597 1 0.470588 0
v 0.0665615448 0.0800984481 0.200819293 1 0.470588 0
v 0.0666554114 0.0800569891 0.199116088 1 0.470588 0
v 0.0667591187 0.0800249611 0.197413285 1 0.470588 0
v 0.0668520569 0.0799894031 0.195709927 1 0.470588 0
v 0.0669493105 0.0799628141 0.194006628 1 0.470588 0
v 0.0670380713 0.0799372868 0.192302873 1 0.470588 0
v 0.0671126516 0.079914683 0.190598361 0.470588 1 0
v 0.0671799433 0.0798924038 0.188893559 0.470588 1 0
v 0.0672327948 0.079869045 0.187188252 0.470588 1 0
v 0.0672611694 0.079842301 0.185482521 0.470588 1 0
v 0.0672700315 0.0798133235 0.183776497 0.470588 1 0
v 0.0672333243 0.0797835011 0.18207129 0.470588 1 0
v 0.0671547682 0.0797463736 0.18036721 0.470588 1 0
v 0.0670133345 0.0797148603 0.178667782 0.470588 1 0
v 0.0668199252 0.079681757 0.176972851 0.470588 1 0
v 0.0665617239 0.0796755062 0.175286471 0.470588 1 0
v 0.0662802799 0.0796657373 0.173603591 1 0 0.705882
v 0.0660010699 0.0796826363 0.171920415 1 0 0.705882
v 0.065715421 0.0797015585 0.170238308 1 0 0.705882
v 0.0654447164 0.0797249844 0.168553827 1 0 0.705882
v 0.0651784501 0.0797473911 0.166868589 1 0 0.705882
v 0.0649309584 0.0797732727 0.165180633 1 0 0.705882
v 0.0646998278 0.0798002657 0.163490286 1 0 0.705882
v 0.0644892023 0.0798260174 0.161797312 1 0 0.705882
v 0.0642919629 0.0798540619 0.160102689 1 0 0.705882
v 0.0641076965 0.0798766482 0.15840658 1 0 0.705882
v 0.0639213853 0.0798926528 0.156710564 0.313725 0.313725 1
v 0.0637595237 0.0799149068 0.155012209 0.313725 0.313725 1
v 0.063599797 0.0799340354 0.153313552 0.313725 0.313725 1
v 0.0634472869 0.0799514813 0.151614212 0.313725 0.313725 1
v 0.0632811337 0.0799597135 0.149916048 0.313725 0.313725 1
v 0.0631354383 0.0799748114 0.148216068 0.313725 0.313725 1
v 0.0629805817 0.0799839159 0.146516883 0.313725 0.313725 1
v 0.0628246014 0.0799895804 0.144817784 0.313725 0.313725 1
v 0.0626637403 0.0799925922 0.143119112 0.313725 0.313725 1
v 0.0625084956 0.0799990056 0.141419939 0.313725 0.313725 1
v 0.0623445053 0.0800001123 0.139721572 0.705882 0.470588 0.156863
v 0.062179201 0.0800001148 0.13802334 0.705882 0.470588 0.156863
v 0.06202133 0.0800030391 0.136324437 0.705882 0.470588 0.156863
v 0.0618595168 0.0800027555 0.134625862 0.705882 0.470588 0.156863
v 0.0617074302 0.0800053981 0.132926397 0.705882 0.470588 0.156863
v 0.061553763 0.0800059689 0.131227083 0.705882 0.470588 0.156863
v 0.0614053313 0.0800071059 0.12952735 0.705882 0.470588 0.156863
v 0.0612659589 0.0800101154 0.127826761 0.705882 0.470588 0.156863
v 0.0611212366 0.0800118553 0.126126631 0.705882 0.470588 0.156863
v 0.0609758108 0.0800163482 0.124426552 0.705882 0.470588 0.156863
v 0.0608324295 0.0800199147 0.122726314 0.470588 0.470588 0.470588
v 0.0606826871 0.0800172887 0.121026606 0.470588 0.470588 0.470588
v 0.0605343885 0.0800144823 0.119326775 0.470588 0.470588 0.470588
v 0.060378828 0.0800058484 0.117627609 0.470588 0.470588 0.470588
v 0.0602488777 0.0800198605 0.11592635 0.470588 0.470588 0.470588
v 0.0601147167 0.0800300502 0.11422542 0.470588 0.470588 0.470588
v 0.0599691866 0.0800304627 0.112525376 0.470588 0.470588 0.470588
v 0.0598245482 0.0800309357 0.110825244 0.470588 0.470588 0.470588
v 0.0596726803 0.0800265792 0.109125769 0.470588 0.470588 0.470588
v 0.0595235643 0.0800240736 0.107426031 0.470588 0.470588 0.470588
v 0.0593813779 0.080025842 0.105725673 1 0 0
v 0.0592278695 0.0800214024 0.104026409 1 0 0
v 0.0590762022 0.0800182406 0.102326872 1 0 0
v 0.0589046789 0.0800051081 0.100629339 1 0 0
v 0.0587355188 0.0799934119 0.0989315766 1 0 0
v 0.0585846118 0.0799918679 0.0972319704 1 0 0
v 0.0584227048 0.0799834367 0.0955334457 1 0 0
v 0.0582552379 0.079971487 0.0938354325 1 0 0
v 0.0581158355 0.0799746639 0.0921348972 1 0 0
v 0.0579773387 0.0799778966 0.0904342688 1 0 0
v 0.0578169853 0.0799671669 0.088735561 0 1 0
v 0.0576660519 0.0799608293 0.0870360197 0 1 0
v 0.0575298984 0.0799604224 0.0853351684 0 1 0
v 0.057393408 0.0799583799 0.0836343457 0 1 0
v 0.0572587609 0.0799596971 0.0819333739 0 1 0
v 0.0571252597 0.0799628047 0.0802323147 0 1 0
v 0.0569941385 0.0799663064 0.0785310706 0 1 0
v 0.0568623916 0.0799690841 0.0768298759 0 1 0
v 0.0567306808 0.0799755133 0.0751286859 0 1 0
v 0.0565869325 0.079966912 0.0734285036 0 1 0
v 0.0564526816 0.0799668906 0.0717275838 0 0.501961 1
v 0.0382321481 0.0785819802 0.282028988 0 1 0
v 0.0394978486 0.0788241499 0.280923923 0 1 0
v 0.0407632786 0.0790068353 0.279807752 0 1 0
v 0.0420280661 0.0791673392 0.278686876 0 1 0
v 0.0432646842 0.0792514012 0.277527622 0 1 0
v 0.044495375 0.079319092 0.276360305 0 1 0
v 0.0456612065 0.0793569584 0.275127266 0 1 0
v 0.0468130551 0.0793921432 0.273880743 0 1 0
v 0.0479207515 0.079418798 0.27259488 0 0.501961 1
v 0.0489866524 0.0794432996 0.27127387 0 0.501961 1
v 0.0500330037 0.07946461 0.269937679 0 0.501961 1
v 0.0510037617 0.0794782266 0.268545107 0 0.501961 1
v 0.051953086 0.0794867763 0.267138402 0 0.501961 1
v 0.0528337846 0.079483544 0.265687136 0 0.501961 1
v 0.0536910657 0.0794823146 0.264222238 0 0.501961 1
v 0.0545173876 0.0794842304 0.262739336 0 0.501961 1
v 0.0553013699 0.079484686 0.261234077 0 0.501961 1
v 0.0560501398 0.0794781467 0.259710571 0 0.501961 1
v 0.0567432759 0.0794668909 0.25816109 1 0.784314 0
v 0.0574235362 0.079453318 0.256605868 1 0.784314 0
v 0.058041294 0.0794301609 0.255024923 1 0.784314 0
v 0.0586426438 0.0794067553 0.253437673 1 0.784314 0
v 0.0592142821 0.0793921258 0.251839316 1 0.784314 0
v 0.0597491939 0.0793703273 0.250228416 1 0.784314 0
v 0.060269697 0.0793442295 0.248612803 1 0.784314 0
v 0.060765427 0.0793173242 0.246989458 1 0.784314 0
v 0.0612421905 0.0792857999 0.245360595 1 0.784314 0
v 0.0616694733 0.0792526118 0.243717993 1 0.784314 0
v 0.0620873355 0.0792179031 0.242073083 0.705882 0 1
v 0.0624770641 0.0791794827 0.240421282 0.705882 0 1
v 0.0628245013 0.0791387272 0.238760329 0.705882 0 1
v 0.063154322 0.0790969636 0.237095611 0.705882 0 1
v 0.0634716195 0.0790537243 0.235428655 0.705882 0 1
v 0.06377244 0.0790063614 0.233758609 0.705882 0 1
v 0.064053155 0.0789622744 0.232085038 0.705882 0 1
v 0.0643112015 0.0789124437 0.23040792 0.705882 0 1
v 0.0645684691 0.0788662898 0.228730582 0.705882 0 1
v 0.0648281113 0.0788222397 0.227053563 0.705882 0 1
v 0.0650593621 0.078778127 0.225372376 0 0.862745 0.862745
v 0.0652902878 0.0787398538 0.223691041 0 0.862745 0.862745
v 0.065501015 0.0786984775 0.222007089 0 0.862745 0.862745
v 0.0656950024 0.0786513612 0.220321347 0 0.862745 0.862745
v 0.0658761649 0.0785999373 0.218634234 0 0.862745 0.862745
v 0.0660725726 0.0785614648 0.216948494 0 0.862745 0.862745
v 0.0662514168 0.0785169204 0.215260977 0 0.862745 0.862745
v 0.0664381803 0.0784806323 0.213574082 0 0.862745 0.862745
v 0.0666154687 0.0784416211 0.211886252 0 0.862745 0.862745
v 0.0667758702 0.0784092447 0.210196566 0 0.862745 0.862745
v 0.0669356101 0.0783764446 0.208506829 1 0.470588 0
v 0.0670830117 0.0783479014 0.20681591 1 0.470588 0
v 0.0672242397 0.0783192158 0.205124448 1 0.470588 0
v 0.0673555429 0.0782886597 0.203432263 1 0.470588 0
v 0.0674676553 0.0782541972 0.201738729 1 0.470588 0
v 0.0675768404 0.0782209727 0.200044982 1 0.470588 0
v 0.0676677139 0.0781806209 0.198350317 1 0.470588 0
v 0.0677734171 0.0781525924 0.196656253 1 0.470588 0
v 0.067869708 0.0781211227 0.194961717 1 0.470588 0
v 0.0679542312 0.0780909087 0.193266502 1 0.470588 0
v 0.0680401768 0.0780681749 0.191571257 0.470588 1 0
v 0.0681250334 0.0780512596 0.189875879 0.470588 1 0
v 0.0681916845 0.0780330079 0.188179718 0.470588 1 0
v 0.0682521574 0.0780152076 0.186483299 0.470588 1 0
v 0.0682693261 0.0779888253 0.184786232 0.470588 1 0
v 0.0682661031 0.0779593688 0.1830889 0.470588 1 0
v 0.0682207371 0.0779324362 0.181392393 0.470588 1 0
v 0.0681335001 0.0779015514 0.179697407 0.470588 1 0
v 0.0679704665 0.0778737976 0.178008336 0.470588 1 0
v 0.067778256 0.0778485887 0.176321969 0.470588 1 0
v 0.0674993298 0.0778420984 0.174647466 1 0 0.705882
v 0.0672177105 0.0778418565 0.172973423 1 0 0.705882
v 0.0669359639 0.0778599575 0.171299483 1 0 0.705882
v 0.0666559557 0.0778812853 0.169625281 1 0 0.705882
v 0.066380401 0.0778987982 0.167950336 1 0 0.705882
v 0.0661183958 0.0779226623 0.166273256 1 0 0.705882
v 0.0658711974 0.0779463652 0.164594006 1 0 0.705882
v 0.0656500452 0.0779729838 0.162911093 1 0 0.705882
v 0.0654365978 0.0779981213 0.161227206 1 0 0.705882
v 0.0652376213 0.0780184823 0.15954144 1 0 0.705882
v 0.0650546115 0.0780408683 0.157853958 0.313725 0.313725 1
v 0.0648742898 0.0780576658 0.156166086 0.313725 0.313725 1
v 0.0647147557 0.0780783134 0.154476223 0.313725 0.313725 1
v 0.0645522902 0.0780948964 0.152786531 0.313725 0.313725 1
v 0.0644044349 0.078113298 0.151095509 0.313725 0.313725 1
v 0.0642423868 0.0781229631 0.149405706 0.313725 0.313725 1
v 0.0640913266 0.0781333773 0.147714898 0.313725 0.313725 1
v 0.0639330025 0.0781395198 0.146024745 0.313725 0.313725 1
v 0.0637805252 0.0781470705 0.144334068 0.313725 0.313725 1
v 0.0636218196 0.078150983 0.142643927 0.313725 0.313725 1
v 0.063463756 0.0781547275 0.14095374 0.705882 0.470588 0.156863
v 0.063302581 0.0781568565 0.139263846 0.705882 0.470588 0.156863
v 0.0631313023 0.0781535122 0.137574922 0.705882 0.470588 0.156863
v 0.0629771541 0.0781573504 0.135884386 0.705882 0.470588 0.156863
v 0.0628232979 0.0781606563 0.134193813 0.705882 0.470588 0.156863
v 0.0626703782 0.07816207 0.132503155 0.705882 0.470588 0.156863
v 0.0625094531 0.0781588444 0.130813213 0.705882 0.470588 0.156863
v 0.0623697539 0.0781648477 0.129121433 0.705882 0.470588 0.156863
v 0.0622278735 0.0781666803 0.127429788 0.705882 0.470588 0.156863
v 0.0620927251 0.0781736784 0.125737606 0.705882 0.470588 0.156863
v 0.0619468221 0.0781755421 0.124046325 0.470588 0.470588 0.470588
v 0.0617963362 0.0781721159 0.122355442 0.470588 0.470588 0.470588
v 0.0616515168 0.0781724921 0.120664062 0.470588 0.470588 0.470588
v 0.0615009019 0.0781686015 0.118973189 0.470588 0.470588 0.470588
v 0.0613592683 0.078167038 0.117281523 0.470588 0.470588 0.470588
v 0.0612132827 0.0781729837 0.115590244 0.470588 0.470588 0.470588
v 0.0610751211 0.0781797167 0.113898333 0.470588 0.470588 0.470588
v 0.0609421468 0.078185289 0.112205993 0.470588 0.470588 0.470588
v 0.0608038675 0.078188758 0.110514064 0.470588 0.470588 0.470588
v 0.0606590727 0.0781889378 0.108822684 0.470588 0.470588 0.470588
v 0.0605039496 0.0781834246 0.107132248 1 0 0
v 0.0603403795 0.0781732543 0.105442587 1 0 0
v 0.0602025814 0.0781769236 0.103750607 1 0 0
v 0.0600529763 0.0781745697 0.102059634 1 0 0
v 0.0599000541 0.0781711583 0.100368949 1 0 0
v 0.0597371948 0.0781623352 0.0986792439 1 0 0
v 0.0595642362 0.0781481449 0.0969905472 1 0 0
v 0.0594151374 0.078146329 0.0952995992 1 0 0
v 0.0592710694 0.0781471244 0.0936081602 1 0 0
v 0.0591229973 0.0781446735 0.0919170893 1 0 0
v 0.0589718408 0.0781401724 0.0902262729 0 1 0
v 0.0588359904 0.0781425985 0.0885341288 0 1 0
v 0.0586935968 0.0781407194 0.0868425564 0 1 0
v 0.0585625943 0.0781401879 0.0851500285 0 1 0
v 0.0584315918 0.0781396565 0.0834575005 0 1 0
v 0.0583008547 0.0781432775 0.081764959 0 1 0
v 0.058167444 0.0781465741 0.0800726222 0 1 0
v 0.0580355199 0.0781475886 0.0783801674 0 1 0
v 0.0579038961 0.0781471044 0.0766876876 0 1 0
v 0.0577686117 0.0781525398 0.0749955098 0 1 0
v 0.0576304353 0.0781578633 0.0733035676 0 0.501961 1
v 0.0575064436 0.0781672811 0.0716105672 0 0.501961 1
v 0.0573792142 0.0781754679 0.0699177891 1 0.784314 0
v 0.0386630006 0.076539335 0.282301352 1 0.470588 0
v 0.0399388749 0.0767730566 0.281178333 1 0.470588 0
v 0.0412122109 0.0769870301 0.280048626 1 0.470588 0
v 0.0424806991 0.0771239595 0.278901904 1 0.470588 0
v 0.0437369955 0.077227857 0.277738058 1 0.470588 0
v 0.0449584314 0.0772813191 0.276534677 1 0.470588 0
v 0.0461634885 0.0773238602 0.275314081 1 0.470588 0
v 0.0473079901 0.0773547417 0.274036682 1 0.470588 0
v 0.048434893 0.0773818558 0.272743167 0.470588 1 0
v 0.0495110637 0.0774043442 0.271407767 0.470588 1 0
v 0.0505596723 0.0774234971 0.270049871 0.470588 1 0
v 0.051551194 0.0774398542 0.268650232 0.470588 1 0
v 0.0525086745 0.0774546845 0.26722692 0.470588 1 0
v 0.0534039625 0.0774524196 0.265763266 0.470588 1 0
v 0.0542744 0.0774528827 0.264284931 0.470588 1 0
v 0.0551104029 0.0774569386 0.262786628 0.470588 1 0
v 0.0559022011 0.0774572332 0.261265205 0.470588 1 0
v 0.0566496296 0.0774534059 0.259720862 0.470588 1 0
v 0.0573647376 0.0774441976 0.25816133 1 0 0.705882
v 0.0580367894 0.0774301518 0.256582876 1 0 0.705882
v 0.0586865893 0.0774167739 0.254994981 1 0 0.705882
v 0.0592887863 0.077399684 0.253388937 1 0 0.705882
v 0.0598619202 0.0773804313 0.251771849 1 0 0.705882
v 0.0604163553 0.0773615006 0.250148283 1 0 0.705882
v 0.0609551431 0.0773391995 0.248519522 1 0 0.705882
v 0.061451601 0.0773121778 0.246877381 1 0 0.705882
v 0.0619389818 0.0772850566 0.245232634 1 0 0.705882
v 0.0623871336 0.0772567595 0.243576679 1 0 0.705882
v 0.0628131791 0.0772259585 0.241915161 0.313725 0.313725 1
v 0.0631953481 0.0771879972 0.240242945 0.313725 0.313725 1
v 0.0635553399 0.0771474962 0.238566033 0.313725 0.313725 1
v 0.0639053639 0.0771135246 0.236886709 0.313725 0.313725 1
v 0.0642566891 0.0770801961 0.235207636 0.313725 0.313725 1
v 0.0645534782 0.0770366964 0.233518365 0.313725 0.313725 1
v 0.0648427504 0.076991583 0.23182777 0.313725 0.313725 1
v 0.0651352156 0.0769527929 0.230137591 0.313725 0.313725 1
v 0.0654042263 0.0769100765 0.228443591 0.313725 0.313725 1
v 0.0656727236 0.0768698754 0.226749454 0.313725 0.313725 1
v 0.0659216078 0.076834415 0.225052239 0.705882 0.470588 0.156863
v 0.0661619463 0.0767992026 0.22335377 0.705882 0.470588 0.156863
v 0.0663622187 0.076753686 0.221650386 0.705882 0.470588 0.156863
v 0.0665707618 0.0767135719 0.219947836 0.705882 0.470588 0.156863
v 0.0667832196 0.0766771715 0.218245684 0.705882 0.470588 0.156863
v 0.0669780538 0.0766367518 0.216541503 0.705882 0.470588 0.156863
v 0.0671792255 0.0766023929 0.214837942 0.705882 0.470588 0.156863
v 0.0673648246 0.0765639379 0.213132685 0.705882 0.470588 0.156863
v 0.0675409968 0.0765297357 0.211426339 0.705882 0.470588 0.156863
v 0.0676952343 0.0764910171 0.209717981 0.705882 0.470588 0.156863
v 0.067860616 0.0764623165 0.208010473 0.470588 0.470588 0.470588
v 0.0680219681 0.0764365237 0.206302538 0.470588 0.470588 0.470588
v 0.0681677454 0.0764111029 0.204593179 0.470588 0.470588 0.470588
v 0.0683054801 0.0763843833 0.202883183 0.470588 0.470588 0.470588
v 0.0684220814 0.0763535591 0.201171672 0.470588 0.470588 0.470588
v 0.0685343156 0.0763243018 0.199459838 0.470588 0.470588 0.470588
v 0.0686335237 0.0762892905 0.197747346 0.470588 0.470588 0.470588
v 0.0687337812 0.0762595709 0.196034779 0.470588 0.470588 0.470588
v 0.0688334748 0.0762325303 0.194322137 0.470588 0.470588 0.470588
v 0.0689332046 0.0762100041 0.192609428 0.470588 0.470588 0.470588
v 0.0690220537 0.076192002 0.190896082 1 0 0
v 0.0691017956 0.0761726505 0.189182286 1 0 0
v 0.0691600766 0.0761532818 0.18746766 1 0 0
v 0.0692071647 0.0761320659 0.185752679 1 0 0
v 0.0692247622 0.0761105502 0.184037212 1 0 0
v 0.0692244437 0.0760862163 0.182321648 1 0 0
v 0.0691433712 0.076061026 0.180608195 1 0 0
v 0.0690453264 0.0760290263 0.17889555 1 0 0
v 0.0688507673 0.0760090112 0.177191332 1 0 0
v 0.068631581 0.0759971414 0.175489673 1 0 0
v 0.0683675772 0.0759944275 0.173794667 0 1 0
v 0.0680791828 0.0760059794 0.172103359 0 1 0
v 0.0677921121 0.0760196997 0.170411848 0 1 0
v 0.0675053665 0.0760327578 0.16872027 0 1 0
v 0.0672222546 0.0760475165 0.167028122 0 1 0
v 0.0669698676 0.0760693576 0.165331169 0 1 0
v 0.0667200915 0.0760916567 0.163633856 0 1 0
v 0.0664996 0.0761202437 0.161932565 0 1 0
v 0.0662910902 0.0761482239 0.160229822 0 1 0
v 0.0660878263 0.0761670986 0.158526263 0 1 0
v 0.0659118185 0.076186642 0.156819702 0 0.501961 1
v 0.0657352324 0.0762038555 0.155113193 0 0.501961 1
v 0.0655727189 0.0762221118 0.153405262 0 0.501961 1
v 0.0654124718 0.0762385544 0.151697099 0 0.501961 1
v 0.0652584059 0.0762538932 0.149988352 0 0.501961 1
v 0.0651023064 0.0762647449 0.148279764 0 0.501961 1
v 0.0649327317 0.0762666047 0.146572407 0 0.501961 1
v 0.0647794171 0.0762748151 0.144863552 0 0.501961 1
v 0.0646233144 0.0762812242 0.143154943 0 0.501961 1
v 0.0644573876 0.076281934 0.141447251 0 0.501961 1
v 0.0642890396 0.0762812966 0.139739787 1 0.784314 0
v 0.0641340023 0.07628695 0.138031057 1 0.784314 0
v 0.063974946 0.0762898966 0.13632271 1 0.784314 0
v 0.0638098387 0.0762885256 0.134614915 1 0.784314 0
v 0.0636558938 0.0762914 0.132906121 1 0.784314 0
v 0.0635116214 0.076297763 0.13119646 1 0.784314 0
v 0.0633663511 0.0763020583 0.129486927 1 0.784314 0
v 0.0632132749 0.0763016614 0.127778016 1 0.784314 0
v 0.063070173 0.076304903 0.126068252 1 0.784314 0
v 0.0629237083 0.0763054712 0.12435876 1 0.784314 0
v 0.0627782363 0.0763053177 0.122649192 0.705882 0 1
v 0.0626308913 0.0763063947 0.12093978 0.705882 0 1
v 0.062475144 0.0763037309 0.119231122 0.705882 0 1
v 0.0623317832 0.0763059853 0.117521389 0.705882 0 1
v 0.062188024 0.0763088484 0.115811678 0.705882 0 1
v 0.0620443832 0.0763078776 0.114101951 0.705882 0 1
v 0.0619000717 0.076306299 0.112392273 0.705882 0 1
v 0.0617611705 0.0763136241 0.110682167 0.705882 0 1
v 0.0616111338 0.0763125464 0.108972995 0.705882 0 1
v 0.0614693311 0.0763151471 0.107263109 0.705882 0 1
v 0.0613252236 0.076316447 0.105553436 0 0.862745 0.862745
v 0.0611697652 0.0763114024 0.103844755 0 0.862745 0.862745
v 0.0610149569 0.0763069398 0.102136008 0 0.862745 0.862745
v 0.0608565056 0.0763011363 0.100427632 0 0.862745 0.862745
v 0.0606959357 0.0762943611 0.0987194453 0 0.862745 0.862745
v 0.0605396812 0.0762901229 0.0970108381 0 0.862745 0.862745
v 0.0603828914 0.0762853225 0.0953023051 0 0.862745 0.862745
v 0.0602190827 0.0762766979 0.093594406 0 0.862745 0.862745
v 0.0600745662 0.0762771711 0.091884808 0 0.862745 0.862745
v 0.0599364792 0.0762779146 0.0901746175 0 0.862745 0.862745
v 0.0597867727 0.0762724707 0.088465428 1 0.470588 0
v 0.0596485072 0.0762754725 0.086755276 1 0.470588 0
v 0.0595146718 0.0762785866 0.0850447509 1 0.470588 0
v 0.0593831357 0.0762795816 0.0833340429 1 0.470588 0
v 0.0592525059 0.0762824614 0.0816232677 1 0.470588 0
v 0.0591233832 0.076287856 0.0799123835 1 0.470588 0
v 0.0589947765 0.0762919035 0.0782014571 1 0.470588 0
v 0.0588634108 0.0762945531 0.0764907405 1 0.470588 0
v 0.0587264985 0.0762992134 0.0747804624 1 0.470588 0
v 0.0585906272 0.0763049594 0.0730701094 1 0.470588 0
v 0.0584586881 0.0763106153 0.0713594412 0.470588 1 0
v 0.0583373886 0.0763235242 0.069648055 0.470588 1 0
v 0.0582221135 0.0763402609 0.0679362552 1 0 0.705882
v 0.0391025973 0.074497632 0.282560084 1 0.470588 0
v 0.040367321 0.0747322857 0.281435549 1 0.470588 0
v 0.0416333475 0.0749499344 0.280309172 1 0.470588 0
v 0.0428887455 0.0750834928 0.279158148 1 0.470588 0
v 0.0441379732 0.0751864031 0.277997295 1 0.470588 0
v 0.0453525864 0.075235185 0.276796684 1 0.470588 0
v 0.0465455986 0.0752760503 0.275574481 1 0.470588 0
v 0.0476962888 0.0753123215 0.274312102 1 0.470588 0
v 0.0488106163 0.075339055 0.273017315 0.470588 1 0
v 0.0498900665 0.075364314 0.271693207 0.470588 1 0
v 0.0509279449 0.0753828033 0.270336197 0.470588 1 0
v 0.0519275892 0.0754003965 0.268950783 0.470588 1 0
v 0.0528792948 0.0754149183 0.267532067 0.470588 1 0
v 0.0537856458 0.0754180664 0.266083884 0.470588 1 0
v 0.0546474004 0.0754212619 0.264608588 0.470588 1 0
v 0.0554961273 0.0754261128 0.263125741 0.470588 1 0
v 0.0562837214 0.0754259317 0.261609526 0.470588 1 0
v 0.0570529025 0.0754234658 0.260084169 0.470588 1 0
v 0.0577693402 0.0754150253 0.258533048 1 0 0.705882
v 0.0584650642 0.0754081002 0.256972637 1 0 0.705882
v 0.0591140665 0.0753954157 0.255392208 1 0 0.705882
v 0.0597232996 0.0753811861 0.2537961 1 0 0.705882
v 0.0603173988 0.075365999 0.252194222 1 0 0.705882
v 0.0608701693 0.0753469602 0.250577658 1 0 0.705882
v 0.0614138319 0.0753274377 0.248957972 1 0 0.705882
v 0.0619337653 0.0753071059 0.247330593 1 0 0.705882
v 0.062443688 0.0752862584 0.24569999 1 0 0.705882
v 0.0628980455 0.0752592534 0.244053235 1 0 0.705882
v 0.0633341377 0.0752285363 0.242401554 0.313725 0.313725 1
v 0.0637228445 0.0751949738 0.240738091 0.313725 0.313725 1
v 0.0641083316 0.0751612633 0.239073885 0.313725 0.313725 1
v 0.0644773533 0.0751321465 0.237405991 0.313725 0.313725 1
v 0.0648217242 0.075096883 0.235732823 0.313725 0.313725 1
v 0.065160482 0.0750665722 0.234058411 0.313725 0.313725 1
v 0.065468526 0.0750274066 0.232378464 0.313725 0.313725 1
v 0.0657640216 0.074992058 0.230695978 0.313725 0.313725 1
v 0.0660597813 0.0749571365 0.229013529 0.313725 0.313725 1
v 0.0663262422 0.074921596 0.227326208 0.313725 0.313725 1
v 0.0665922752 0.0748881517 0.225638772 0.705882 0.470588 0.156863
v 0.0668332068 0.0748533524 0.22394767 0.705882 0.470588 0.156863
v 0.0670625595 0.0748171595 0.222254915 0.705882 0.470588 0.156863
v 0.0672945131 0.0747857846 0.220562453 0.705882 0.470588 0.156863
v 0.0675130295 0.0747524334 0.218868207 0.705882 0.470588 0.156863
v 0.0677310732 0.0747199237 0.2171739 0.705882 0.470588 0.156863
v 0.0679327449 0.0746856579 0.215477585 0.705882 0.470588 0.156863
v 0.0681336324 0.0746518105 0.213781168 0.705882 0.470588 0.156863
v 0.0683070161 0.074616379 0.212081758 0.705882 0.470588 0.156863
v 0.0684800871 0.0745823613 0.210382285 0.705882 0.470588 0.156863
v 0.0686492929 0.0745558 0.208682294 0.470588 0.470588 0.470588
v 0.0688148125 0.0745284371 0.206981945 0.470588 0.470588 0.470588
v 0.0689709153 0.0745069412 0.205280653 0.470588 0.470588 0.470588
v 0.0691105963 0.0744809449 0.203577965 0.470588 0.470588 0.470588
v 0.0692497263 0.0744570409 0.201875203 0.470588 0.470588 0.470588
v 0.0693582878 0.0744263727 0.20017034 0.470588 0.470588 0.470588
v 0.0694700676 0.0743958716 0.198465675 0.470588 0.470588 0.470588
v 0.0695823951 0.0743679536 0.196761006 0.470588 0.470588 0.470588
v 0.0696875813 0.0743440043 0.195055812 0.470588 0.470588 0.470588
v 0.0697891093 0.0743269217 0.193350334 0.470588 0.470588 0.470588
v 0.0698782841 0.0743031002 0.191644233 1 0 0
v 0.0699663113 0.074288491 0.189937971 1 0 0
v 0.0700414277 0.0742699439 0.188231132 1 0 0
v 0.0700955902 0.0742534744 0.186523465 1 0 0
v 0.070140618 0.0742340114 0.184815593 1 0 0
v 0.0701397121 0.0742126995 0.183107128 1 0 0
v 0.0701142839 0.07418913 0.181399382 1 0 0
v 0.0700162105 0.0741584276 0.17969387 1 0 0
v 0.069879244 0.0741354054 0.177991211 1 0 0
v 0.0696761037 0.0741207267 0.176294985 1 0 0
v 0.0694400223 0.0741145779 0.174602956 0 1 0
v 0.0691658939 0.0741212827 0.172916549 0 1 0
v 0.0688728756 0.0741311925 0.171233288 0 1 0
v 0.0685790369 0.0741448569 0.169550196 0 1 0
v 0.0682951904 0.0741593711 0.167865407 0 1 0
v 0.0680211082 0.0741805445 0.166179061 0 1 0
v 0.0677694724 0.0742024639 0.164489266 0 1 0
v 0.067534824 0.0742248291 0.162796998 0 1 0
v 0.0673171342 0.0742512231 0.161102574 0 1 0
v 0.0671212322 0.0742734251 0.159405382 0 1 0
v 0.066928733 0.074294043 0.157707823 0 0.501961 1
v 0.066746388 0.0743060408 0.156009021 0 0.501961 1
v 0.0665755435 0.0743224781 0.154309142 0 0.501961 1
v 0.066424636 0.0743469597 0.15260739 0 0.501961 1
v 0.066257052 0.074357527 0.150907104 0 0.501961 1
v 0.066083446 0.0743631808 0.149207351 0 0.501961 1
v 0.0659315534 0.0743733781 0.147505549 0 0.501961 1
v 0.0657783218 0.074382459 0.145803868 0 0.501961 1
v 0.06561172 0.0743834702 0.144103408 0 0.501961 1
v 0.0654487205 0.0743858559 0.142402609 0 0.501961 1
v 0.0652942123 0.074391573 0.140701013 1 0.784314 0
v 0.0651336787 0.0743942178 0.138999987 1 0.784314 0
v 0.0649656392 0.0743931237 0.137299665 1 0.784314 0
v 0.0648117837 0.0743975713 0.13559804 1 0.784314 0
v 0.0646645526 0.0744046 0.133895805 1 0.784314 0
v 0.0645089622 0.0744055759 0.132194308 1 0.784314 0
v 0.064352859 0.0744058171 0.130492852 1 0.784314 0
v 0.0642100725 0.0744099656 0.128790229 1 0.784314 0
v 0.0640642936 0.074412356 0.127087872 0.705882 0 1
v 0.0639168966 0.0744133182 0.125385654 0.705882 0 1
v 0.0637731472 0.0744154039 0.12368312 0.705882 0 1
v 0.0636224068 0.0744132348 0.121981193 0.705882 0 1
v 0.0634740008 0.074413704 0.120279058 0.705882 0 1
v 0.063320151 0.0744105625 0.118577417 0.705882 0 1
v 0.0631869685 0.0744140679 0.116874019 0.705882 0 1
v 0.0630412129 0.0744131706 0.11517165 0.705882 0 1
v 0.0629054347 0.0744130298 0.113468448 0.705882 0 1
v 0.0627616187 0.0744148718 0.111765922 0.705882 0 1
v 0.0626137638 0.0744202937 0.110063735 0 0.862745 0.862745
v 0.0624674872 0.074420448 0.108361409 0 0.862745 0.862745
v 0.0623115694 0.0744153538 0.10665994 0 0.862745 0.862745
v 0.0621688505 0.0744166928 0.104957335 0 0.862745 0.862745
v 0.0620287628 0.074419216 0.103254506 0 0.862745 0.862745
v 0.0618765207 0.074416293 0.101552711 0 0.862745 0.862745
v 0.0617136601 0.0744085836 0.099851903 0 0.862745 0.862745
v 0.0615618973 0.0744066249 0.0981500688 0 0.862745 0.862745
v 0.0613950399 0.0743968696 0.0964496678 0 0.862745 0.862745
v 0.0612494124 0.0743972018 0.0947472799 0 0.862745 0.862745
v 0.0610956332 0.074393796 0.0930456404 1 0.470588 0
v 0.0609533366 0.0743932337 0.0913429924 1 0.470588 0
v 0.060812349 0.0743917941 0.0896402146 1 0.470588 0
v 0.0606753262 0.0743915893 0.0879371176 1 0.470588 0
v 0.0605364375 0.0743945762 0.0862341692 1 0.470588 0
v 0.0604047554 0.0743988966 0.0845306672 1 0.470588 0
v 0.0602754576 0.0744016415 0.0828269644 1 0.470588 0
v 0.0601465282 0.0744061247 0.0811232386 1 0.470588 0
v 0.0600198081 0.0744119876 0.0794193493 1 0.470588 0
v 0.0598921084 0.0744156107 0.0777155291 1 0.470588 0
v 0.059758378 0.0744192165 0.0760121707 1 0.470588 0
v 0.0596237854 0.074423834 0.0743088812 1 0.470588 0
v 0.0594888409 0.0744275044 0.0726056172 0.470588 1 0
v 0.0593554847 0.0744326075 0.0709022342 0.470588 1 0
v 0.0592258517 0.0744409367 0.0691985745 0.470588 1 0
v 0.0591047008 0.0744523338 0.0674943435 0.470588 1 0
v 0.0589975867 0.074468606 0.0657891767 1 0 0.705882
v 0.039548906 0.072456046 0.282804198 1 0.470588 0
v 0.0408051782 0.0727042108 0.281682514 1 0.470588 0
v 0.0420584471 0.072897759 0.280547797 1 0.470588 0
v 0.0433116544 0.0730531465 0.279406172 1 0.470588 0
v 0.0445391467 0.0731295527 0.278229998 1 0.470588 0
v 0.0457559419 0.0731843796 0.277040718 1 0.470588 0
v 0.0469300284 0.0732267675 0.275809354 1 0.470588 0
v 0.0480830112 0.0732651368 0.274557498 1 0.470588 0
v 0.0491850307 0.0732925103 0.27326073 0.470588 1 0
v 0.0502643792 0.0733181392 0.271944547 0.470588 1 0
v 0.0512901946 0.0733367411 0.270586461 0.470588 1 0
v 0.0522935596 0.0733538929 0.269211342 0.470588 1 0
v 0.0532348986 0.0733646795 0.267793183 0.470588 1 0
v 0.0541494992 0.0733720606 0.266357517 0.470588 1 0
v 0.0550191671 0.0733782433 0.264894209 0.470588 1 0
v 0.0558555177 0.0733814271 0.263411611 0.470588 1 0
v 0.0566613757 0.0733835613 0.261912166 0.470588 1 0
v 0.0574257603 0.0733826372 0.260391177 0.470588 1 0
v 0.0581765677 0.0733823691 0.258863353 1 0 0.705882
v 0.0588616913 0.0733757528 0.257305053 1 0 0.705882
v 0.059536963 0.073367304 0.255742387 1 0 0.705882
v 0.0601473784 0.0733514248 0.254153509 1 0 0.705882
v 0.0607406932 0.0733335994 0.252558002 1 0 0.705882
v 0.061315404 0.0733190692 0.250955746 1 0 0.705882
v 0.0618661616 0.0733055017 0.249345011 1 0 0.705882
v 0.0623967653 0.0732906709 0.247727619 1 0 0.705882
v 0.0628994474 0.0732690575 0.246101325 1 0 0.705882
v 0.0633710218 0.0732450622 0.244465951 1 0 0.705882
v 0.0638270297 0.0732198923 0.242826009 0.313725 0.313725 1
v 0.0642434601 0.0731923614 0.241175664 0.313725 0.313725 1
v 0.0646317792 0.0731599577 0.239518552 0.313725 0.313725 1
v 0.065015616 0.073135311 0.237860225 0.313725 0.313725 1
v 0.0653854912 0.0731080111 0.23619883 0.313725 0.313725 1
v 0.0657171494 0.0730749499 0.23452943 0.313725 0.313725 1
v 0.0660491648 0.0730440146 0.232860066 0.313725 0.313725 1
v 0.0663682538 0.073016073 0.231188264 0.313725 0.313725 1
v 0.0666581813 0.072979584 0.229511184 0.313725 0.313725 1
v 0.0669497495 0.0729452962 0.227834343 0.313725 0.313725 1
v 0.0672161037 0.0729112005 0.226153336 0.705882 0.470588 0.156863
v 0.067476669 0.0728861597 0.224471235 0.705882 0.470588 0.156863
v 0.0677192242 0.0728549271 0.222786631 0.705882 0.470588 0.156863
v 0.0679613244 0.0728295662 0.221101778 0.705882 0.470588 0.156863
v 0.0681976925 0.0728023969 0.219416176 0.705882 0.470588 0.156863
v 0.068422265 0.0727730451 0.217728965 0.705882 0.470588 0.156863
v 0.0686468364 0.0727442237 0.216041753 0.705882 0.470588 0.156863
v 0.0688458906 0.0727110859 0.214351409 0.705882 0.470588 0.156863
v 0.0690441751 0.0726783588 0.212660966 0.705882 0.470588 0.156863
v 0.0692226866 0.0726494321 0.210968284 0.705882 0.470588 0.156863
v 0.0693975402 0.0726243313 0.209275126 0.470588 0.470588 0.470588
v 0.0695661338 0.0726013116 0.207581321 0.470588 0.470588 0.470588
v 0.0697267052 0.0725826034 0.205886667 0.470588 0.470588 0.470588
v 0.0698847589 0.0725634098 0.204191797 0.470588 0.470588 0.470588
v 0.0700213324 0.0725396018 0.202495104 0.470588 0.470588 0.470588
v 0.070157906 0.0725157939 0.200798411 0.470588 0.470588 0.470588
v 0.0702800633 0.0724885436 0.199100713 0.470588 0.470588 0.470588
v 0.0703948466 0.0724581966 0.197402511 0.470588 0.470588 0.470588
v 0.0705085179 0.0724337299 0.19570416 0.470588 0.470588 0.470588
v 0.0706112701 0.0724188297 0.194004982 0.470588 0.470588 0.470588
v 0.0707138758 0.0724038857 0.192305796 1 0 0
v 0.0708027128 0.0723882133 0.190605853 1 0 0
v 0.0708865489 0.0723730359 0.188905639 1 0 0
v 0.0709548799 0.0723549192 0.187204875 1 0 0
v 0.0709900418 0.0723323485 0.18550304 1 0 0
v 0.0710218453 0.0723099024 0.183801171 1 0 0
v 0.0709943939 0.0722901179 0.182099234 1 0 0
v 0.0709572234 0.0722708683 0.180397401 1 0 0
v 0.0708272563 0.0722494371 0.178700727 1 0 0
v 0.070665639 0.0722303763 0.177006177 1 0 0
v 0.0704555193 0.0722210613 0.17531759 0 1 0
v 0.0701888186 0.072224372 0.173636267 0 1 0
v 0.0699128949 0.0722312976 0.171956481 0 1 0
v 0.0696156838 0.072242943 0.17028032 0 1 0
v 0.069322954 0.0722549947 0.168603381 0 1 0
v 0.0690446962 0.0722728274 0.166924034 0 1 0
v 0.0687755108 0.0722908938 0.165243222 0 1 0
v 0.0685291179 0.0723093922 0.163558945 0 1 0
v 0.0682977341 0.0723318938 0.161872558 0 1 0
v 0.0680821216 0.0723553314 0.160184114 0 1 0
v 0.0678833612 0.0723739341 0.158493524 0 1 0
v 0.0676962836 0.0723906568 0.156801575 0 1 0
v 0.0675249529 0.0724057764 0.15510794 0 0.501961 1
v 0.0673580424 0.0724226841 0.153413879 0 0.501961 1
v 0.067195489 0.072438546 0.151719392 0 0.501961 1
v 0.0670373858 0.0724509066 0.150024448 0 0.501961 1
v 0.0668774221 0.0724605109 0.148329682 0 0.501961 1
v 0.0667148091 0.07246502 0.146635125 0 0.501961 1
v 0.0665553967 0.0724701998 0.144940271 0 0.501961 1
v 0.066399333 0.072475684 0.14324511 0 0.501961 1
v 0.0662385642 0.0724783995 0.141550399 0 0.501961 1
v 0.0660716135 0.0724781803 0.139856258 0 0.501961 1
v 0.0659185819 0.0724836939 0.138160821 1 0.784314 0
v 0.0657625907 0.0724876564 0.13646565 1 0.784314 0
v 0.0656103495 0.0724921967 0.134770147 1 0.784314 0
v 0.0654564628 0.072495214 0.133074793 1 0.784314 0
v 0.0653149727 0.072502062 0.131378349 1 0.784314 0
v 0.0651653468 0.0725039135 0.129682607 1 0.784314 0
v 0.0650098913 0.0725019769 0.127987373 1 0.784314 0
v 0.0648648048 0.0725039922 0.126291231 1 0.784314 0
v 0.0647194179 0.0725055646 0.124595113 0.705882 0 1
v 0.0645724412 0.0725055491 0.122899135 0.705882 0 1
v 0.0644266168 0.0725062086 0.121203061 0.705882 0 1
v 0.0642852282 0.0725091531 0.119506619 0.705882 0 1
v 0.0641437464 0.0725098104 0.117810209 0.705882 0 1
v 0.0639961695 0.0725061062 0.116114286 0.705882 0 1
v 0.0638582103 0.072505967 0.114417554 0.705882 0 1
v 0.0637110704 0.0725036847 0.11272159 0.705882 0 1
v 0.0635638322 0.072509603 0.111025632 0.705882 0 1
v 0.0634181462 0.0725113527 0.109329536 0.705882 0 1
v 0.063274001 0.0725093764 0.107633304 0 0.862745 0.862745
v 0.0631291402 0.0725081431 0.105937141 0 0.862745 0.862745
v 0.0629788189 0.0725066141 0.104241444 0 0.862745 0.862745
v 0.0628293579 0.0725052219 0.102545671 0 0.862745 0.862745
v 0.0626824041 0.0725042284 0.100849679 0 0.862745 0.862745
v 0.0625276467 0.0725003343 0.0991544039 0 0.862745 0.862745
v 0.0623694967 0.0724960976 0.0974594383 0 0.862745 0.862745
v 0.0622157546 0.0724929418 0.0957640718 0 0.862745 0.862745
v 0.0620557612 0.072486338 0.0940692858 0 0.862745 0.862745
v 0.0619068701 0.0724847317 0.092373525 0 0.862745 0.862745
v 0.0617705537 0.0724887139 0.0906766489 1 0.470588 0
v 0.0616340254 0.0724881896 0.0889797904 1 0.470588 0
v 0.0615017206 0.0724881585 0.0872825921 1 0.470588 0
v 0.0613716215 0.0724911606 0.0855852373 1 0.470588 0
v 0.0612475686 0.0724967877 0.0838874252 1 0.470588 0
v 0.0611217609 0.0725028622 0.0821897455 1 0.470588 0
v 0.0609946255 0.072510349 0.0804921687 1 0.470588 0
v 0.0608667985 0.0725148898 0.078794637 1 0.470588 0
v 0.0607375631 0.0725152786 0.0770972023 1 0.470588 0
v 0.0606058171 0.0725179726 0.0753999661 1 0.470588 0
v 0.0604715708 0.0725232024 0.0737029283 1 0.470588 0
v 0.0603383655 0.072528876 0.0720058114 1 0.470588 0
v 0.0602078911 0.0725365205 0.0703084887 0.470588 1 0
v 0.0600774166 0.0725441651 0.0686111659 0.470588 1 0
v 0.059952987 0.0725536195 0.0669133988 0.470588 1 0
v 0.0598294908 0.0725634603 0.0652155675 0.470588 1 0
v 0.0597140111 0.0725768038 0.0635171939 1 0 0.705882
v 0.0399964662 0.0704128171 0.2830331 1 0.470588 0
v 0.0412628526 0.0706642005 0.281893465 1 0.470588 0
v 0.0425284983 0.0708681588 0.28074469 1 0.470588 0
v 0.043783517 0.0710164457 0.279574803 1 0.470588 0
v 0.0450227666 0.0710957393 0.278382093 1 0.470588 0
v 0.0462431287 0.0711486521 0.277168532 1 0.470588 0
v 0.0474341719 0.0711852917 0.275925242 1 0.470588 0
v 0.0485781504 0.0712164606 0.274638844 1 0.470588 0
v 0.0496999515 0.0712417596 0.273332469 0.470588 1 0
v 0.0507663798 0.0712628185 0.271980995 0.470588 1 0
v 0.0518103655 0.0712810464 0.270611522 0.470588 1 0
v 0.0527957354 0.0712959128 0.26919979 0.470588 1 0
v 0.0537618141 0.0713100261 0.267774241 0.470588 1 0
v 0.0546691494 0.0713185738 0.266310895 0.470588 1 0
v 0.05556151 0.0713263816 0.264838041 0.470588 1 0
v 0.0563960985 0.0713301406 0.26333178 0.470588 1 0
v 0.0572126843 0.071332736 0.261815639 0.470588 1 0
v 0.0579895071 0.0713335896 0.260278787 0.470588 1 0
v 0.0587336047 0.0713317002 0.25872586 1 0 0.705882
v 0.0594478583 0.0713285689 0.257158925 1 0 0.705882
v 0.0601085325 0.0713175122 0.255568751 1 0 0.705882
v 0.060753022 0.0713046454 0.253971828 1 0 0.705882
v 0.0613501992 0.0712898705 0.252356788 1 0 0.705882
v 0.0619317448 0.0712756044 0.250735926 1 0 0.705882
v 0.0624767678 0.0712643851 0.249102394 1 0 0.705882
v 0.0630066518 0.071249662 0.247463913 1 0 0.705882
v 0.0635261409 0.071231646 0.245822117 1 0 0.705882
v 0.0640148619 0.0712115657 0.244171052 1 0 0.705882
v 0.0644776647 0.0711900631 0.242512561 0.313725 0.313725 1
v 0.0648869681 0.0711597008 0.240840064 0.313725 0.313725 1
v 0.0652987234 0.0711359439 0.239168065 0.313725 0.313725 1
v 0.0656772124 0.0711077234 0.237488322 0.313725 0.313725 1
v 0.0660588053 0.0710837445 0.235809184 0.313725 0.313725 1
v 0.0664290499 0.0710575637 0.23412767 0.313725 0.313725 1
v 0.066764845 0.0710332239 0.232438783 0.313725 0.313725 1
v 0.0670965231 0.0710076889 0.230749099 0.313725 0.313725 1
v 0.0674022817 0.0709769078 0.229054743 0.313725 0.313725 1
v 0.0676935733 0.07094143 0.227357809 0.313725 0.313725 1
v 0.0679727388 0.0709164495 0.225658699 0.705882 0.470588 0.156863
v 0.0682335414 0.0708905083 0.22395664 0.705882 0.470588 0.156863
v 0.068498841 0.0708678518 0.222255238 0.705882 0.470588 0.156863
v 0.0687418286 0.0708415228 0.220550551 0.705882 0.470588 0.156863
v 0.0689897321 0.0708186981 0.218846522 0.705882 0.470588 0.156863
v 0.0692200802 0.0707903622 0.21714013 0.705882 0.470588 0.156863
v 0.0694482916 0.0707652787 0.215433384 0.705882 0.470588 0.156863
v 0.069656293 0.0707345833 0.213724211 0.705882 0.470588 0.156863
v 0.0698555901 0.0707077381 0.212013877 0.705882 0.470588 0.156863
v 0.0700454749 0.0706825401 0.210302487 0.705882 0.470588 0.156863
v 0.0702214791 0.0706579683 0.208589562 0.470588 0.470588 0.470588
v 0.0703972563 0.070634532 0.206876601 0.470588 0.470588 0.470588
v 0.0705582104 0.0706163004 0.205162117 0.470588 0.470588 0.470588
v 0.0707187961 0.0706002342 0.203447577 0.470588 0.470588 0.470588
v 0.0708640197 0.070579487 0.20173175 0.470588 0.470588 0.470588
v 0.071005342 0.0705620382 0.200015528 0.470588 0.470588 0.470588
v 0.0711388505 0.0705404817 0.198298777 0.470588 0.470588 0.470588
v 0.0712583499 0.0705186528 0.196580953 0.470588 0.470588 0.470588
v 0.0713785617 0.0704986918 0.19486315 0.470588 0.470588 0.470588
v 0.0714813093 0.0704825831 0.193144183 0.470588 0.470588 0.470588
v 0.0715797884 0.0704658768 0.191424963 1 0 0
v 0.0716698969 0.0704499987 0.189705289 1 0 0
v 0.0717410932 0.0704326492 0.187984738 1 0 0
v 0.0717990723 0.0704137722 0.186263757 1 0 0
v 0.0718302476 0.0703924595 0.184542102 1 0 0
v 0.0718361287 0.0703703151 0.182820204 1 0 0
v 0.0717973691 0.0703499616 0.181098641 1 0 0
v 0.0717162176 0.0703338146 0.179378622 1 0 0
v 0.0715862609 0.0703148941 0.177661938 1 0 0
v 0.0713853969 0.070307208 0.175951813 1 0 0
v 0.0711624648 0.0703073657 0.174244236 0 1 0
v 0.0708800083 0.0703158357 0.172545491 0 1 0
v 0.0705904987 0.0703271592 0.170847919 0 1 0
v 0.0702994104 0.0703394947 0.169150626 0 1 0
v 0.070004195 0.0703506689 0.167454036 0 1 0
v 0.06972686 0.070365168 0.165754512 0 1 0
v 0.0694611526 0.0703807031 0.164053085 0 1 0
v 0.0692141332 0.0704000047 0.162348963 0 1 0
v 0.0689861081 0.0704255446 0.160642197 0 1 0
v 0.068772989 0.070445633 0.158933489 0 1 0
v 0.0685809168 0.0704620994 0.157222193 0 1 0
v 0.0683964032 0.0704770793 0.155510067 0 1 0
v 0.0682239417 0.0704919658 0.15379667 0 0.501961 1
v 0.0680556588 0.0705039762 0.15208284 0 0.501961 1
v 0.0678887079 0.0705126518 0.150368854 0 0.501961 1
v 0.0677244754 0.0705232551 0.148654619 0 0.501961 1
v 0.0675654456 0.0705336775 0.146939894 0 0.501961 1
v 0.0674079997 0.0705409184 0.145225004 0 0.501961 1
v 0.0672430225 0.0705439847 0.143510819 0 0.501961 1
v 0.0670822847 0.0705477038 0.141796251 0 0.501961 1
v 0.0669270517 0.0705530074 0.140081156 0 0.501961 1
v 0.0667740607 0.0705590622 0.138365868 0 0.501961 1
v 0.0666149956 0.0705624997 0.136651127 1 0.784314 0
v 0.0664656772 0.070569448 0.134935518 1 0.784314 0
v 0.0663093058 0.070573098 0.133220527 1 0.784314 0
v 0.066161384 0.0705776865 0.131504793 1 0.784314 0
v 0.066011385 0.0705803354 0.129789231 1 0.784314 0
v 0.0658676931 0.0705843668 0.128073121 1 0.784314 0
v 0.0657126538 0.0705829576 0.126358008 1 0.784314 0
v 0.0655542837 0.0705798699 0.124643189 1 0.784314 0
v 0.0654147766 0.0705833465 0.122926733 0.705882 0 1
v 0.0652706685 0.0705853882 0.121210669 0.705882 0 1
v 0.0651181285 0.0705846836 0.119495318 0.705882 0 1
v 0.0649767961 0.0705853946 0.117779023 0.705882 0 1
v 0.0648322453 0.0705835146 0.116062999 0.705882 0 1
v 0.0646903845 0.0705831752 0.114346752 0.705882 0 1
v 0.0645395645 0.0705827131 0.112631249 0.705882 0 1
v 0.0643874725 0.0705861746 0.110915864 0.705882 0 1
v 0.0642382656 0.0705865256 0.10920022 0.705882 0 1
v 0.0640898523 0.0705838926 0.10748451 0.705882 0 1
v 0.0639428266 0.070584313 0.10576868 0 0.862745 0.862745
v 0.0638018481 0.0705849462 0.10405234 0 0.862745 0.862745
v 0.063653816 0.0705831219 0.102336618 0 0.862745 0.862745
v 0.0634954016 0.0705782009 0.100621807 0 0.862745 0.862745
v 0.0633380322 0.070575455 0.0989068955 0 0.862745 0.862745
v 0.0631766626 0.0705710988 0.0971923635 0 0.862745 0.862745
v 0.0630259405 0.0705694142 0.0954768654 0 0.862745 0.862745
v 0.0628725642 0.0705659324 0.0937615998 0 0.862745 0.862745
v 0.0627247969 0.0705655673 0.0920458343 1 0.470588 0
v 0.0625782274 0.0705656334 0.090329967 1 0.470588 0
v 0.0624423094 0.0705685293 0.0886132238 1 0.470588 0
v 0.062305687 0.0705676545 0.0868965394 1 0.470588 0
v 0.0621793363 0.0705731416 0.08517907 1 0.470588 0
v 0.0620524205 0.0705785203 0.0834616431 1 0.470588 0
v 0.0619292421 0.0705853839 0.0817439483 1 0.470588 0
v 0.0618002973 0.0705918147 0.0800266766 1 0.470588 0
v 0.0616696411 0.070594788 0.0783095234 1 0.470588 0
v 0.0615384442 0.0705968709 0.0765924124 1 0.470588 0
v 0.0614036498 0.0706018451 0.0748755837 1 0.470588 0
v 0.0612673952 0.0706068414 0.0731588701 1 0.470588 0
v 0.0611314378 0.0706113839 0.0714421318 0.470588 1 0
v 0.0609966635 0.0706181519 0.0697253075 0.470588 1 0
v 0.0608623317 0.0706251178 0.0680084492 0.470588 1 0
v 0.0607441256 0.0706366529 0.0662904464 0.470588 1 0
v 0.060615286 0.0706463275 0.0645731915 0.470588 1 0
v 0.060491602 0.0706576986 0.0628555595 0.470588 1 0
v 0.0603736843 0.0706694254 0.0611375218 1 0 0.705882
v 0.0404444459 0.0683688792 0.283255741 1 0.470588 0
v 0.0416965229 0.0686207775 0.282108227 1 0.470588 0
v 0.0429480311 0.0688241378 0.28095169 1 0.470588 0
v 0.0441982153 0.0689728194 0.279784266 1 0.470588 0
v 0.0454212385 0.0690418411 0.278581811 1 0.470588 0
v 0.0466325801 0.0690926566 0.277366213 1 0.470588 0
v 0.0478099124 0.0691294593 0.27611723 1 0.470588 0
v 0.0489539369 0.0691640903 0.27483752 1 0.470588 0
v 0.0500622398 0.06918886 0.273526658 0.470588 1 0
v 0.0511306132 0.0692114367 0.272182806 0.470588 1 0
v 0.0521578854 0.0692287879 0.270807462 0.470588 1 0
v 0.0531474698 0.0692425194 0.269404437 0.470588 1 0
v 0.0540976176 0.0692535966 0.267974619 0.470588 1 0
v 0.0550216472 0.0692596762 0.266527526 0.470588 1 0
v 0.0558989922 0.0692661734 0.265052022 0.470588 1 0
v 0.0567510744 0.0692720019 0.263561429 0.470588 1 0
v 0.0575622234 0.0692760094 0.262048548 0.470588 1 0
v 0.0583496658 0.0692792675 0.260522812 0.470588 1 0
v 0.059093969 0.0692796044 0.258975893 1 0 0.705882
v 0.0598097621 0.069277541 0.257415258 1 0 0.705882
v 0.0604858861 0.0692676233 0.255837144 1 0 0.705882
v 0.0611218084 0.069254659 0.254242378 1 0 0.705882
v 0.0617307282 0.0692491837 0.252637033 1 0 0.705882
v 0.062313512 0.0692388037 0.251022198 1 0 0.705882
v 0.0628729466 0.0692258308 0.249398988 1 0 0.705882
v 0.0634254942 0.0692098656 0.247773504 1 0 0.705882
v 0.0639424471 0.0691926641 0.246136308 1 0 0.705882
v 0.0644416147 0.0691760776 0.244493779 1 0 0.705882
v 0.0649017964 0.0691569105 0.24283975 0.313725 0.313725 1
v 0.065347027 0.0691364138 0.241181826 0.313725 0.313725 1
v 0.0657557018 0.0691126826 0.239514382 0.313725 0.313725 1
v 0.066164612 0.069090249 0.237846981 0.313725 0.313725 1
v 0.0665418475 0.0690652808 0.23617221 0.313725 0.313725 1
v 0.0669148411 0.0690418551 0.234496425 0.313725 0.313725 1
v 0.0672883934 0.0690250691 0.232820679 0.313725 0.313725 1
v 0.0676230248 0.0690014663 0.231136864 0.313725 0.313725 1
v 0.0679530994 0.0689791991 0.229452079 0.313725 0.313725 1
v 0.0682629065 0.0689548792 0.227763619 0.313725 0.313725 1
v 0.0685477614 0.0689289442 0.226070655 0.705882 0.470588 0.156863
v 0.0688283182 0.0689050266 0.224376972 0.705882 0.470588 0.156863
v 0.0690924665 0.0688819605 0.222680611 0.705882 0.470588 0.156863
v 0.0693566542 0.0688598211 0.220984247 0.705882 0.470588 0.156863
v 0.0696030226 0.0688369337 0.219285211 0.705882 0.470588 0.156863
v 0.0698501985 0.0688146151 0.217586285 0.705882 0.470588 0.156863
v 0.0700780522 0.0687897913 0.215884709 0.705882 0.470588 0.156863
v 0.0703051854 0.068765298 0.21418302 0.705882 0.470588 0.156863
v 0.0705142755 0.068740319 0.212479105 0.705882 0.470588 0.156863
v 0.0707111502 0.0687155678 0.210773654 0.705882 0.470588 0.156863
v 0.0709006169 0.0686958103 0.209067326 0.470588 0.470588 0.470588
v 0.0710754041 0.0686714439 0.207359461 0.470588 0.470588 0.470588
v 0.0712479249 0.068657037 0.205651253 0.470588 0.470588 0.470588
v 0.0714076275 0.0686408332 0.203941817 0.470588 0.470588 0.470588
v 0.0715678814 0.0686254859 0.202232423 0.470588 0.470588 0.470588
v 0.071716074 0.0686087895 0.200521984 0.470588 0.470588 0.470588
v 0.0718571182 0.0685902688 0.198810929 0.470588 0.470588 0.470588
v 0.0719934312 0.0685708508 0.197099528 0.470588 0.470588 0.470588
v 0.0721135452 0.0685516991 0.195386884 0.470588 0.470588 0.470588
v 0.0722306995 0.0685353465 0.193674006 0.470588 0.470588 0.470588
v 0.07233243 0.0685209762 0.191960125 1 0 0
v 0.0724301329 0.0685096652 0.19024599 1 0 0
v 0.0725072024 0.0684955014 0.188530843 1 0 0
v 0.0725798081 0.0684805069 0.186815487 1 0 0
v 0.0726123691 0.0684631536 0.185099112 1 0 0
v 0.0726258398 0.0684434249 0.18338232 1 0 0
v 0.0726211516 0.0684234496 0.181665869 1 0 0
v 0.072533352 0.0684054083 0.179951252 1 0 0
v 0.0724457711 0.0683870695 0.178236627 1 0 0
v 0.072283683 0.0683800043 0.176527909 1 0 0
v 0.0720637531 0.0683758147 0.1748251 0 1 0
v 0.0718083422 0.0683825431 0.173127378 0 1 0
v 0.0715220879 0.0683915578 0.171434516 0 1 0
v 0.0712249496 0.0684041634 0.169743514 0 1 0
v 0.0709286003 0.0684164605 0.16805237 0 1 0
v 0.0706437467 0.0684327711 0.166359289 0 1 0
v 0.0703651633 0.0684493673 0.164665184 0 1 0
v 0.0701145877 0.0684651454 0.162966685 0 1 0
v 0.069868174 0.0684824266 0.161267612 0 1 0
v 0.0696585366 0.0685000094 0.1595636 0 1 0
v 0.0694503977 0.0685169252 0.157859388 0 1 0
v 0.0692689348 0.0685312355 0.156152125 0 1 0
v 0.0690906932 0.0685447775 0.154444498 0 0.501961 1
v 0.0689184499 0.0685552274 0.152736244 0 0.501961 1
v 0.0687501764 0.0685645388 0.151027577 0 0.501961 1
v 0.0685857644 0.0685750949 0.149318544 0 0.501961 1
v 0.0684234033 0.0685871446 0.147609322 0 0.501961 1
v 0.0682633807 0.0685956444 0.145899863 0 0.501961 1
v 0.0681021476 0.0686005548 0.144190499 0 0.501961 1
v 0.0679427708 0.0686035531 0.14248096 0 0.501961 1
v 0.0677945086 0.0686129282 0.140770443 0 0.501961 1
v 0.0676351309 0.068615787 0.139060903 0 0.501961 1
v 0.0674820216 0.0686219138 0.137350806 1 0.784314 0
v 0.0673276521 0.0686274425 0.135640824 1 0.784314 0
v 0.0671816415 0.0686360194 0.13393011 1 0.784314 0
v 0.0670326044 0.068640745 0.132219656 1 0.784314 0
v 0.0668815088 0.0686430288 0.13050936 1 0.784314 0
v 0.0667292544 0.0686437978 0.128799171 1 0.784314 0
v 0.0665767488 0.0686436447 0.127089011 1 0.784314 0
v 0.0664329443 0.0686467775 0.125378088 1 0.784314 0
v 0.0662876799 0.0686477311 0.123667304 0.705882 0 1
v 0.0661392411 0.0686463402 0.121956774 0.705882 0 1
v 0.0659959611 0.0686504326 0.12024581 0.705882 0 1
v 0.0658522958 0.0686516994 0.118534883 0.705882 0 1
v 0.0657038228 0.0686474263 0.116824362 0.705882 0 1
v 0.0655575364 0.068647652 0.115113653 0.705882 0 1
v 0.0654104875 0.0686490095 0.113403004 0.705882 0 1
v 0.0652628795 0.0686499871 0.111692402 0.705882 0 1
v 0.0651141118 0.0686505845 0.109981901 0.705882 0 1
v 0.0649669196 0.0686496436 0.108271266 0.705882 0 1
v 0.0648216394 0.0686505965 0.106560466 0 0.862745 0.862745
v 0.0646757491 0.0686517417 0.104849718 0 0.862745 0.862745
v 0.0645212832 0.068644592 0.103139738 0 0.862745 0.862745
v 0.0643756772 0.068644055 0.10142897 0 0.862745 0.862745
v 0.0642239339 0.0686432149 0.0997187379 0 0.862745 0.862745
v 0.0640642816 0.0686401794 0.0980092209 0 0.862745 0.862745
v 0.0639094254 0.0686364324 0.0962992679 0 0.862745 0.862745
v 0.0637607043 0.0686341151 0.0945887641 0 0.862745 0.862745
v 0.0636106718 0.0686323112 0.0928783842 1 0.470588 0
v 0.0634627815 0.06863204 0.0911678078 1 0.470588 0
v 0.0633239217 0.0686343293 0.0894564766 1 0.470588 0
v 0.0631870525 0.0686371381 0.0877449881 1 0.470588 0
v 0.0630587709 0.0686410681 0.0860328332 1 0.470588 0
v 0.062931639 0.0686457408 0.0843205973 1 0.470588 0
v 0.0628082422 0.0686523004 0.082608092 1 0.470588 0
v 0.0626844692 0.0686590522 0.0808956144 1 0.470588 0
v 0.0625572493 0.0686640697 0.0791833862 1 0.470588 0
v 0.0624218244 0.068665162 0.0774717912 1 0.470588 0
v 0.0622900222 0.0686714456 0.0757599107 1 0.470588 0
v 0.0621554177 0.0686755495 0.0740482479 1 0.470588 0
v 0.0620190057 0.0686794541 0.0723367217 0.470588 1 0
v 0.0618824282 0.0686828428 0.0706252079 0.470588 1 0
v 0.0617485081 0.0686890363 0.0689134947 0.470588 1 0
v 0.0616147171 0.0686965038 0.0672017748 0.470588 1 0
v 0.0614799388 0.0687040592 0.065490134 0.470588 1 0
v 0.061346178 0.0687125957 0.0637784166 0.470588 1 0
v 0.0612163887 0.0687216307 0.0620664049 0.470588 1 0
v 0.0610916248 0.0687315511 0.0603540179 0.470588 1 0
v 0.0609690257 0.0687468519 0.0586415104 1 0 0.705882
v 0.0408924392 0.0663222475 0.283458603 1 0.470588 0
v 0.0421360972 0.0665771798 0.282308113 1 0.470588 0
v 0.0433742882 0.0667813589 0.281142956 1 0.470588 0
v 0.0446148622 0.0669304352 0.279970756 1 0.470588 0
v 0.0458253113 0.0669843421 0.278759724 1 0.470588 0
v 0.0470331344 0.0670341621 0.27754565 1 0.470588 0
v 0.0481824378 0.0670704089 0.276275581 1 0.470588 0
v 0.0493307382 0.0671074129 0.275004621 1 0.470588 0
v 0.0504241382 0.0671332061 0.273686493 0.470588 1 0
v 0.0514924817 0.0671553324 0.272347294 0.470588 1 0
v 0.0525107606 0.0671719664 0.270969969 0.470588 1 0
v 0.0534986749 0.0671848794 0.269570268 0.470588 1 0
v 0.0544499771 0.0671964484 0.268145511 0.470588 1 0
v 0.0553713096 0.0672025944 0.266701096 0.470588 1 0
v 0.0562501138 0.0672099116 0.265230398 0.470588 1 0
v 0.0570973323 0.0672160505 0.263741369 0.470588 1 0
v 0.0579138116 0.0672209986 0.262235168 0.470588 1 0
v 0.0586992633 0.0672242483 0.260712778 0.470588 1 0
v 0.0594449964 0.0672253671 0.259170318 1 0 0.705882
v 0.0601671085 0.0672229202 0.257617069 1 0 0.705882
v 0.0608400847 0.0672131131 0.256041535 1 0 0.705882
v 0.0614962583 0.0672055132 0.254459055 1 0 0.705882
v 0.0621054031 0.067199991 0.252857764 1 0 0.705882
v 0.0626988212 0.0671913307 0.251250603 1 0 0.705882
v 0.0632749147 0.0671796942 0.249637194 1 0 0.705882
v 0.0638283997 0.0671623808 0.248015883 1 0 0.705882
v 0.0643628598 0.067147051 0.246388341 1 0 0.705882
v 0.0648632124 0.0671349994 0.244749804 1 0 0.705882
v 0.0653298464 0.0671175147 0.243101518 0.313725 0.313725 1
v 0.0657788854 0.0670983186 0.241448249 0.313725 0.313725 1
v 0.0662061247 0.0670767522 0.23978938 0.313725 0.313725 1
v 0.0666149462 0.0670587189 0.238125697 0.313725 0.313725 1
v 0.0670238704 0.0670412525 0.236462033 0.313725 0.313725 1
v 0.06740104 0.0670214572 0.234790964 0.313725 0.313725 1
v 0.0677723119 0.0670013099 0.233118524 0.313725 0.313725 1
v 0.0681358672 0.0669827517 0.231444384 0.313725 0.313725 1
v 0.0684731459 0.0669609097 0.229764858 0.313725 0.313725 1
v 0.0687917842 0.0669395568 0.228081618 0.313725 0.313725 1
v 0.0690952877 0.0669166923 0.22639568 0.705882 0.470588 0.156863
v 0.0693835497 0.0668989841 0.224706932 0.705882 0.470588 0.156863
v 0.0696684687 0.066882106 0.223017633 0.705882 0.470588 0.156863
v 0.0699331718 0.0668613619 0.22132506 0.705882 0.470588 0.156863
v 0.0701970284 0.0668411589 0.219632355 0.705882 0.470588 0.156863
v 0.0704449042 0.0668197551 0.217937244 0.705882 0.470588 0.156863
v 0.0706932954 0.0667988956 0.216242204 0.705882 0.470588 0.156863
v 0.0709231993 0.0667759737 0.214544584 0.705882 0.470588 0.156863
v 0.0711516155 0.0667533184 0.212846759 0.705882 0.470588 0.156863
v 0.0713567713 0.0667348459 0.211145991 0.705882 0.470588 0.156863
v 0.0715499258 0.0667167541 0.209443738 0.470588 0.470588 0.470588
v 0.0717367809 0.0666994123 0.207740799 0.470588 0.470588 0.470588
v 0.0719079534 0.0666844311 0.206036164 0.470588 0.470588 0.470588
v 0.0720799603 0.0666708175 0.204331604 0.470588 0.470588 0.470588
v 0.072241028 0.0666558775 0.202625989 0.470588 0.470588 0.470588
v 0.07240068 0.0666412574 0.200920235 0.470588 0.470588 0.470588
v 0.0725496289 0.0666253444 0.199213547 0.470588 0.470588 0.470588
v 0.0726920753 0.0666060874 0.197506316 0.470588 0.470588 0.470588
v 0.0728252284 0.0665910756 0.195798324 0.470588 0.470588 0.470588
v 0.0729451613 0.0665750986 0.194089329 0.470588 0.470588 0.470588
v 0.0730599022 0.0665617318 0.192379978 1 0 0
v 0.0731605025 0.0665532032 0.190669683 1 0 0
v 0.0732531192 0.0665429111 0.18895897 1 0 0
v 0.073318633 0.0665297043 0.187247001 1 0 0
v 0.0733806169 0.0665160582 0.185534956 1 0 0
v 0.0733920605 0.0664960731 0.183821841 1 0 0
v 0.0733995918 0.066475503 0.182108708 1 0 0
v 0.0733405443 0.0664602839 0.180396566 1 0 0
v 0.0732666254 0.0664436712 0.17868502 1 0 0
v 0.0731031501 0.066438419 0.176979763 1 0 0
v 0.0729306752 0.066432552 0.175275206 0 1 0
v 0.0726704536 0.066438677 0.173581984 0 1 0
v 0.0724009449 0.0664454209 0.171890055 0 1 0
v 0.0721040799 0.0664568685 0.170202749 0 1 0
v 0.0718013141 0.0664674977 0.168516476 0 1 0
v 0.0715100517 0.0664769062 0.166828171 0 1 0
v 0.0712255253 0.0664902 0.165138768 0 1 0
v 0.0709638231 0.066502179 0.163445644 0 1 0
v 0.0707143613 0.0665191766 0.161750717 0 1 0
v 0.0704730596 0.066538393 0.160054699 0 1 0
v 0.0702664199 0.0665548736 0.158354024 0 1 0
v 0.0700757858 0.0665710192 0.156651468 0 1 0
v 0.0698916109 0.066584753 0.154948185 0 0.501961 1
v 0.0697201955 0.0665980481 0.153243562 0 0.501961 1
v 0.0695504946 0.0666095294 0.151538755 0 0.501961 1
v 0.0693874978 0.0666188877 0.14983328 0 0.501961 1
v 0.0692249338 0.0666291284 0.148127769 0 0.501961 1
v 0.0690692981 0.0666368846 0.146421599 0 0.501961 1
v 0.068912618 0.0666436347 0.144715522 0 0.501961 1
v 0.0687552648 0.0666442304 0.143009493 0 0.501961 1
v 0.0686008843 0.0666463301 0.141303201 0 0.501961 1
v 0.0684505575 0.0666559764 0.139596567 0 0.501961 1
v 0.0683005461 0.0666660607 0.137889909 1 0.784314 0
v 0.0681545012 0.0666766818 0.136182906 1 0.784314 0
v 0.0679972056 0.0666810539 0.134476879 1 0.784314 0
v 0.0678445594 0.0666857508 0.132770456 1 0.784314 0
v 0.0677076075 0.0666926738 0.131062686 1 0.784314 0
v 0.0675560919 0.0666944991 0.129356128 1 0.784314 0
v 0.0674052169 0.0666959713 0.127649513 1 0.784314 0
v 0.0672600957 0.066698903 0.125942426 1 0.784314 0
v 0.0671060427 0.066698249 0.124236094 0.705882 0 1
v 0.0669664446 0.0666996628 0.122528531 0.705882 0 1
v 0.0668186918 0.0666992302 0.120821644 0.705882 0 1
v 0.0666717065 0.0666988475 0.119114698 0.705882 0 1
v 0.0665297765 0.0666972631 0.117407317 0.705882 0 1
v 0.0663841165 0.066698131 0.115700254 0.705882 0 1
v 0.066240016 0.0667022078 0.113993057 0.705882 0 1
v 0.06609311 0.0667037527 0.112286096 0.705882 0 1
v 0.0659453525 0.0667045707 0.110579208 0.705882 0 1
v 0.0658000277 0.0667024197 0.108872113 0.705882 0 1
v 0.0656557407 0.0666991588 0.10716493 0 0.862745 0.862745
v 0.0655092111 0.0666989775 0.105457938 0 0.862745 0.862745
v 0.0653569429 0.0666987573 0.103751446 0 0.862745 0.862745
v 0.0652093807 0.0666994928 0.102044545 0 0.862745 0.862745
v 0.065062999 0.0667009926 0.100337538 0 0.862745 0.862745
v 0.064913061 0.0667005317 0.0986308453 0 0.862745 0.862745
v 0.0647582932 0.0666961418 0.0969245833 0 0.862745 0.862745
v 0.0646055282 0.0666924538 0.0952181419 0 0.862745 0.862745
v 0.0644551547 0.0666906167 0.0935114824 1 0.470588 0
v 0.0643064399 0.0666894874 0.0918046788 1 0.470588 0
v 0.0641636669 0.0666894278 0.0900973657 1 0.470588 0
v 0.0640263207 0.0666913319 0.0883896196 1 0.470588 0
v 0.0638991283 0.0666953644 0.0866810798 1 0.470588 0
v 0.0637734638 0.0667004598 0.084972433 1 0.470588 0
v 0.0636519784 0.0667080891 0.0832634902 1 0.470588 0
v 0.0635261254 0.0667146181 0.0815548604 1 0.470588 0
v 0.0633986792 0.0667210377 0.0798463468 1 0.470588 0
v 0.0632686119 0.0667243382 0.0781380275 1 0.470588 0
v 0.063129192 0.066724171 0.0764304442 1 0.470588 0
v 0.0629923757 0.0667263209 0.0747226505 1 0.470588 0
v 0.0628532673 0.0667266881 0.0730150349 0.470588 1 0
v 0.0627162117 0.0667288024 0.0713072557 0.470588 1 0
v 0.0625788502 0.0667297054 0.0695994989 0.470588 1 0
v 0.0624421045 0.0667347191 0.0678917045 0.470588 1 0
v 0.0623026334 0.0667412027 0.0661841308 0.470588 1 0
v 0.0621649881 0.0667496723 0.0644764205 0.470588 1 0
v 0.0620241324 0.0667598105 0.0627689818 0.470588 1 0
v 0.0618816339 0.0667670747 0.0610616682 0.470588 1 0
v 0.0617460175 0.0667746385 0.0593537884 0.470588 1 0
v 0.0616084275 0.0667831434 0.057646073 0.470588 1 0
v 0.0614842868 0.0667989471 0.0559374166 1 0 0.705882
v 0.0413409798 0.0642750603 0.283657798 0.470588 0.470588 0.470588
v 0.0425684631 0.0645374241 0.282493055 0.470588 0.470588 0.470588
v 0.0438028313 0.0647332711 0.28132368 0.470588 0.470588 0.470588
v 0.0450328016 0.0648796722 0.280141831 0.470588 0.470588 0.470588
v 0.0462376459 0.0649388829 0.278926531 0.470588 0.470588 0.470588
v 0.0474245563 0.0649843942 0.27769358 0.470588 0.470588 0.470588
v 0.0485785707 0.0650164157 0.276428899 0.470588 0.470588 0.470588
v 0.0497086324 0.0650486215 0.275143312 0.470588 0.470588 0.470588
v 0.0507976515 0.065071879 0.273822066 1 0 0
v 0.0518562825 0.0650924917 0.272477016 1 0 0
v 0.0528679956 0.0651084322 0.271095577 1 0 0
v 0.053856385 0.0651224306 0.269697823 1 0 0
v 0.0548040328 0.0651333144 0.268271626 1 0 0
v 0.0557253184 0.0651397693 0.266828539 1 0 0
v 0.0566042401 0.0651459934 0.265358964 1 0 0
v 0.0574536243 0.0651542311 0.2638723 1 0 0
v 0.0582697622 0.0651583215 0.262366945 1 0 0
v 0.0590536662 0.0651635019 0.260844717 1 0 0
v 0.0598037125 0.0651646771 0.25930541 0 1 0
v 0.0605212275 0.0651640207 0.257750746 0 1 0
v 0.0612180923 0.065160663 0.256186685 0 1 0
v 0.0618602622 0.0651548369 0.254599399 0 1 0
v 0.0624948511 0.0651486768 0.253008974 0 1 0
v 0.0630891483 0.0651366858 0.251403166 0 1 0
v 0.0636724037 0.0651238904 0.249793256 0 1 0
v 0.0642403831 0.0651117439 0.248177878 0 1 0
v 0.0647765405 0.0650979218 0.246551902 0 1 0
v 0.0652851787 0.0650880254 0.244916854 0 1 0
v 0.0657722279 0.0650755046 0.243275368 0 0.501961 1
v 0.0662273322 0.0650576375 0.241624724 0 0.501961 1
v 0.0666683595 0.0650401202 0.23997023 0 0.501961 1
v 0.0670821669 0.0650224352 0.238308756 0 0.501961 1
v 0.0674896528 0.0650046407 0.236645678 0 0.501961 1
v 0.067888412 0.0649871521 0.234980525 0 0.501961 1
v 0.0682685033 0.0649696676 0.233310969 0 0.501961 1
v 0.0686328017 0.0649542239 0.231637905 0 0.501961 1
v 0.0689891272 0.0649371281 0.229963114 0 0.501961 1
v 0.069319504 0.0649183951 0.228283128 0 0.501961 1
v 0.0696343662 0.064899072 0.226600073 1 0.784314 0
v 0.069938429 0.0648832292 0.224915042 1 0.784314 0
v 0.0702248429 0.0648674123 0.223226877 1 0.784314 0
v 0.0705023079 0.0648514988 0.221537231 1 0.784314 0
v 0.0707674661 0.0648322923 0.219845632 1 0.784314 0
v 0.0710316269 0.0648170243 0.218153861 1 0.784314 0
v 0.0712786131 0.0647973187 0.216459518 1 0.784314 0
v 0.0715257122 0.0647811744 0.214765158 1 0.784314 0
v 0.0717518141 0.064761575 0.213067904 1 0.784314 0
v 0.0719769115 0.0647466553 0.211370465 1 0.784314 0
v 0.0721810961 0.0647297286 0.20967048 0.705882 0 1
v 0.0723720946 0.0647115948 0.207968897 0.705882 0 1
v 0.0725579011 0.0646950101 0.206266746 0.705882 0 1
v 0.0727309054 0.0646831877 0.204563185 0.705882 0 1
v 0.0729039096 0.0646713653 0.202859623 0.705882 0 1
v 0.0730630023 0.064660162 0.201154704 0.705882 0 1
v 0.0732215587 0.0646492388 0.199449731 0.705882 0 1
v 0.0733671279 0.0646364485 0.197743632 0.705882 0 1
v 0.0735079166 0.0646234459 0.196037114 0.705882 0 1
v 0.0736337855 0.064609836 0.194329468 0.705882 0 1
v 0.0737521194 0.0645966927 0.192621247 0 0.862745 0.862745
v 0.073857053 0.0645863785 0.190912157 0 0.862745 0.862745
v 0.073950395 0.0645739607 0.189202383 0 0.862745 0.862745
v 0.0740289404 0.0645628919 0.187491885 0 0.862745 0.862745
v 0.0741011244 0.0645527131 0.185781073 0 0.862745 0.862745
v 0.0741396666 0.0645394798 0.184069377 0 0.862745 0.862745
v 0.0741597331 0.0645243719 0.182357197 0 0.862745 0.862745
v 0.0740994703 0.0645041735 0.180646266 0 0.862745 0.862745
v 0.0740259612 0.0644836926 0.178935649 0 0.862745 0.862745
v 0.0738848041 0.0644753983 0.177229133 0 0.862745 0.862745
v 0.0737030843 0.0644691386 0.175526637 1 0.470588 0
v 0.0734614463 0.0644773016 0.173831427 1 0.470588 0
v 0.073200481 0.0644858671 0.172139209 1 0.470588 0
v 0.0729088534 0.0644979654 0.170451903 1 0.470588 0
v 0.0726115131 0.0645073025 0.168765587 1 0.470588 0
v 0.0723077124 0.0645123794 0.167080395 1 0.470588 0
v 0.0720169001 0.0645207745 0.165393026 1 0.470588 0
v 0.0717442551 0.0645321874 0.163702549 1 0.470588 0
v 0.0714924262 0.0645491737 0.162009018 1 0.470588 0
v 0.0712579774 0.0645712621 0.160312923 1 0.470588 0
v 0.071033493 0.0645857876 0.1586157 1 0.470588 0
v 0.0708319523 0.0645979521 0.15691528 1 0.470588 0
v 0.0706386486 0.0646117279 0.155213984 0.470588 1 0
v 0.0704684426 0.0646276254 0.153510181 0.470588 1 0
v 0.0702928548 0.0646355468 0.151806867 0.470588 1 0
v 0.0701225985 0.0646417214 0.150103012 0.470588 1 0
v 0.0699633425 0.0646526736 0.14839812 0.470588 1 0
v 0.0698111694 0.0646650828 0.14669258 0.470588 1 0
v 0.0696524172 0.0646703477 0.144987605 0.470588 1 0
v 0.0694969159 0.0646725008 0.143282331 0.470588 1 0
v 0.069347239 0.0646760453 0.141576528 0.470588 1 0
v 0.0691996337 0.0646863475 0.139870571 0.470588 1 0
v 0.0690524809 0.0646954942 0.13816457 1 0 0.705882
v 0.0688859547 0.0647002956 0.136460346 1 0 0.705882
v 0.0687411404 0.0647101978 0.134754219 1 0 0.705882
v 0.0685977774 0.06471897 0.133047921 1 0 0.705882
v 0.0684570069 0.0647258644 0.131341373 1 0 0.705882
v 0.0683032082 0.0647273598 0.12963593 1 0 0.705882
v 0.0681526984 0.0647267965 0.127930193 1 0 0.705882
v 0.0680073276 0.0647286684 0.126224029 1 0 0.705882
v 0.0678671156 0.0647334067 0.124517445 1 0 0.705882
v 0.06771598 0.0647316911 0.122811784 1 0 0.705882
v 0.0675750871 0.0647332269 0.121105226 0.313725 0.313725 1
v 0.0674341167 0.0647371379 0.1193987 0.313725 0.313725 1
v 0.0672820558 0.0647331501 0.117693105 0.313725 0.313725 1
v 0.0671411828 0.0647366126 0.115986557 0.313725 0.313725 1
v 0.0669917623 0.0647389843 0.114280732 0.313725 0.313725 1
v 0.066855552 0.0647390599 0.112573794 0.313725 0.313725 1
v 0.0667068408 0.0647384742 0.110867922 0.313725 0.313725 1
v 0.0665498138 0.0647358648 0.10916278 0.313725 0.313725 1
v 0.0664066572 0.0647339595 0.107456414 0.705882 0.470588 0.156863
v 0.0662672725 0.0647382329 0.105749737 0.705882 0.470588 0.156863
v 0.0661180902 0.0647390653 0.104043893 0.705882 0.470588 0.156863
v 0.0659757602 0.0647402094 0.102337454 0.705882 0.470588 0.156863
v 0.0658315325 0.064741523 0.100631176 0.705882 0.470588 0.156863
v 0.0656858381 0.0647399991 0.0989250221 0.705882 0.470588 0.156863
v 0.0655379783 0.0647375195 0.097219057 0.705882 0.470588 0.156863
v 0.0653888801 0.0647367057 0.095513197 0.705882 0.470588 0.156863
v 0.0652409839 0.0647364309 0.0938072313 0.470588 0.470588 0.470588
v 0.0650917078 0.0647354647 0.0921013864 0.470588 0.470588 0.470588
v 0.0649453775 0.0647346999 0.0903952885 0.470588 0.470588 0.470588
v 0.0648054957 0.0647357587 0.0886886511 0.470588 0.470588 0.470588
v 0.0646721059 0.0647383802 0.0869814948 0.470588 0.470588 0.470588
v 0.0645467261 0.0647437735 0.0852737416 0.470588 0.470588 0.470588
v 0.0644233454 0.0647504856 0.083565842 0.470588 0.470588 0.470588
v 0.0643013802 0.0647579935 0.0818578454 0.470588 0.470588 0.470588
v 0.0641808689 0.0647660007 0.0801497462 0.470588 0.470588 0.470588
v 0.064043858 0.0647667345 0.0784429003 0.470588 0.470588 0.470588
v 0.0638971804 0.064763562 0.0767368322 0.470588 0.470588 0.470588
v 0.0637574939 0.0647655114 0.0750301772 0.470588 0.470588 0.470588
v 0.0636153627 0.0647650119 0.0733237215 1 0 0
v 0.0634716794 0.0647661289 0.0716173963 1 0 0
v 0.063331234 0.0647666254 0.0699108014 1 0 0
v 0.0631874117 0.0647693363 0.0682044908 1 0 0
v 0.0630439212 0.0647746363 0.0664981577 1 0 0
v 0.0628975429 0.0647777291 0.0647920652 1 0 0
v 0.0627518306 0.0647832903 0.0630859249 1 0 0
v 0.0626068011 0.0647857482 0.0613797182 1 0 0
v 0.0624628719 0.0647874689 0.059673419 1 0 0
v 0.0623235349 0.0647968371 0.05796676 1 0 0
v 0.062183072 0.0648067422 0.0562601948 1 0 0
v 0.0620442763 0.0648184716 0.0545535878 1 0 0
v 0.0618932019 0.0648265705 0.0528479197 0 1 0
v 0.0417913579 0.0622260079 0.283844686 0.470588 0.470588 0.470588
v 0.0430165851 0.0624762243 0.282670211 0.470588 0.470588 0.470588
v 0.0442365623 0.0626983852 0.281484477 0.470588 0.470588 0.470588
v 0.0454570159 0.0628141368 0.280285355 0.470588 0.470588 0.470588
v 0.0466655228 0.0628887651 0.279069793 0.470588 0.470588 0.470588
v 0.0478387152 0.0629330956 0.277819249 0.470588 0.470588 0.470588
v 0.0489958046 0.0629639187 0.276552813 0.470588 0.470588 0.470588
v 0.0501082441 0.0629872439 0.27524713 0.470588 0.470588 0.470588
v 0.0512014046 0.0630104561 0.273924965 1 0 0
v 0.0522445808 0.0630235619 0.272563117 1 0 0
v 0.0532677309 0.063037331 0.271185987 1 0 0
v 0.0542358848 0.0630524053 0.269769729 1 0 0
v 0.055194855 0.0630662283 0.268347164 1 0 0
v 0.056100446 0.0630688519 0.266889919 1 0 0
v 0.0569835921 0.0630743543 0.265419334 1 0 0
v 0.0578333966 0.0630836075 0.263928894 1 0 0
v 0.0586487447 0.0630907613 0.262419807 1 0 0
v 0.0594235877 0.0630962259 0.260889039 1 0 0
v 0.0601927623 0.0631010061 0.259355526 0 1 0
v 0.0609066561 0.0631000466 0.257795419 0 1 0
v 0.0616073313 0.0630980517 0.256229434 0 1 0
v 0.0622670898 0.0630943696 0.25464568 0 1 0
v 0.0628953064 0.0630860024 0.253049204 0 1 0
v 0.0635022696 0.0630749121 0.25144448 0 1 0
v 0.0640954757 0.0630643534 0.249834728 0 1 0
v 0.0646618336 0.0630537633 0.248215224 0 1 0
v 0.065209276 0.0630452792 0.246589337 0 1 0
v 0.0657384244 0.063038832 0.244957275 0 1 0
v 0.0662291132 0.0630266955 0.243313459 0 0.501961 1
v 0.0667037547 0.0630123663 0.241664782 0 0.501961 1
v 0.0671453999 0.0629981363 0.240006949 0 0.501961 1
v 0.0675816041 0.0629828865 0.238347727 0 0.501961 1
v 0.06798852 0.0629654987 0.23668106 0 0.501961 1
v 0.068395436 0.0629481109 0.235014392 0 0.501961 1
v 0.0687766601 0.0629357327 0.233341643 0 0.501961 1
v 0.0691545711 0.0629241777 0.23166811 0 0.501961 1
v 0.069510763 0.0629086625 0.229989877 0 0.501961 1
v 0.0698628381 0.0628923591 0.228310758 0 0.501961 1
v 0.0701852709 0.0628767075 0.226625764 1 0.784314 0
v 0.0704980317 0.0628605597 0.224938878 1 0.784314 0
v 0.0707911392 0.0628459727 0.223248499 1 0.784314 0
v 0.0710723587 0.0628311167 0.221556057 1 0.784314 0
v 0.0713508845 0.0628169775 0.219863184 1 0.784314 0
v 0.0716188713 0.0628027819 0.218168591 1 0.784314 0
v 0.0718788583 0.0627853964 0.216472824 1 0.784314 0
v 0.0721237924 0.0627664646 0.214774792 1 0.784314 0
v 0.07236771 0.0627492617 0.213076602 1 0.784314 0
v 0.0725903586 0.0627319382 0.211375491 1 0.784314 0
v 0.0728052264 0.062722616 0.209673314 0.705882 0 1
v 0.0730009141 0.0627066266 0.207968914 0.705882 0 1
v 0.0731875439 0.0626974611 0.206263408 0.705882 0 1
v 0.0733677367 0.0626869983 0.204557232 0.705882 0 1
v 0.0735401892 0.0626744309 0.202850256 0.705882 0 1
v 0.0737100296 0.0626620216 0.201143025 0.705882 0 1
v 0.0738706281 0.0626520444 0.199434879 0.705882 0 1
v 0.0740356595 0.0626445294 0.19772714 0.705882 0 1
v 0.0741747402 0.062633784 0.196017113 0.705882 0 1
v 0.0743076982 0.0626239752 0.194306599 0.705882 0 1
v 0.0744291682 0.0626133884 0.192595228 0 0.862745 0.862745
v 0.0745407874 0.062603769 0.190883195 0 0.862745 0.862745
v 0.0746444837 0.0625962912 0.189170637 0 0.862745 0.862745
v 0.0747312224 0.0625868692 0.187457202 0 0.862745 0.862745
v 0.0748006418 0.062575905 0.185742931 0 0.862745 0.862745
v 0.074847307 0.0625631523 0.184028058 0 0.862745 0.862745
v 0.074847979 0.0625425968 0.182312495 0 0.862745 0.862745
v 0.0748054741 0.0625283418 0.18059737 0 0.862745 0.862745
v 0.0747329675 0.0625144434 0.178883873 0 0.862745 0.862745
v 0.0745853896 0.0625017913 0.177174568 0 0.862745 0.862745
v 0.0744013238 0.0624944827 0.175469218 1 0.470588 0
v 0.0741593373 0.0624972494 0.173770692 1 0.470588 0
v 0.0738845783 0.06250364 0.172077304 1 0.470588 0
v 0.0735874902 0.0625118605 0.170387532 1 0.470588 0
v 0.0732872679 0.062521506 0.168698321 1 0.470588 0
v 0.0729872345 0.0625320086 0.16700908 1 0.470588 0
v 0.0727064054 0.0625433764 0.165316643 1 0.470588 0
v 0.0724253159 0.0625546794 0.163624163 1 0.470588 0
v 0.0721648422 0.0625669267 0.161928458 1 0.470588 0
v 0.071906032 0.0625795987 0.160232427 1 0.470588 0
v 0.0716871513 0.0625943535 0.15853116 1 0.470588 0
v 0.0714984314 0.0626106817 0.156825938 1 0.470588 0
v 0.071311235 0.062625562 0.15512054 0.470588 1 0
v 0.071125486 0.0626395289 0.15341497 0.470588 1 0
v 0.0709595878 0.0626475885 0.151707335 0.470588 1 0
v 0.070793645 0.0626539789 0.149999692 0.470588 1 0
v 0.0706308883 0.0626653307 0.148291775 0.470588 1 0
v 0.0704658633 0.0626761422 0.146584055 0.470588 1 0
v 0.0703220522 0.0626858217 0.14487441 0.470588 1 0
v 0.0701737649 0.0626936652 0.143165156 0.470588 1 0
v 0.0700227925 0.0627033812 0.141456128 0.470588 1 0
v 0.069869557 0.0627119237 0.139747296 0.470588 1 0
v 0.0697126813 0.0627151549 0.138038775 1 0 0.705882
v 0.0695556014 0.0627181798 0.136330273 1 0 0.705882
v 0.0694100828 0.0627267564 0.134620797 1 0 0.705882
v 0.069254497 0.0627309522 0.13291216 1 0 0.705882
v 0.0691084782 0.062736659 0.131202702 1 0 0.705882
v 0.0689551851 0.0627388088 0.129493854 1 0 0.705882
v 0.0688231399 0.0627444595 0.127783251 1 0 0.705882
v 0.0686852922 0.0627475759 0.126073111 1 0 0.705882
v 0.0685449706 0.0627485294 0.124363173 1 0 0.705882
v 0.0683875691 0.0627449153 0.122654701 1 0 0.705882
v 0.0682481653 0.062749653 0.120944679 0.313725 0.313725 1
v 0.0681119872 0.0627580335 0.119234402 0.313725 0.313725 1
v 0.0679684313 0.0627620104 0.117524749 0.313725 0.313725 1
v 0.0678120274 0.06275816 0.115816186 0.313725 0.313725 1
v 0.0676662171 0.0627564761 0.114106724 0.313725 0.313725 1
v 0.0675196733 0.0627518106 0.11239731 0.313725 0.313725 1
v 0.0673778992 0.0627539012 0.110687485 0.313725 0.313725 1
v 0.0672323895 0.0627579535 0.108977992 0.313725 0.313725 1
v 0.0670906816 0.062760603 0.107268206 0.705882 0.470588 0.156863
v 0.0669434505 0.0627617063 0.105558824 0.705882 0.470588 0.156863
v 0.0668024344 0.0627641107 0.103848927 0.705882 0.470588 0.156863
v 0.0666575063 0.0627643155 0.102139348 0.705882 0.470588 0.156863
v 0.0665161152 0.062766245 0.100429477 0.705882 0.470588 0.156863
v 0.0663740275 0.0627655037 0.0987196611 0.705882 0.470588 0.156863
v 0.0662339844 0.0627658734 0.097009678 0.705882 0.470588 0.156863
v 0.0660907293 0.06276756 0.0952999603 0.705882 0.470588 0.156863
v 0.0659454051 0.0627682043 0.093590416 0.470588 0.470588 0.470588
v 0.0657989539 0.0627685354 0.0918809669 0.470588 0.470588 0.470588
v 0.0656498793 0.0627668304 0.0901717536 0.470588 0.470588 0.470588
v 0.0655102659 0.0627680422 0.0884617328 0.470588 0.470588 0.470588
v 0.0653737855 0.062770933 0.0867514743 0.470588 0.470588 0.470588
v 0.0652435574 0.0627753255 0.085040721 0.470588 0.470588 0.470588
v 0.0651132058 0.0627788917 0.0833299733 0.470588 0.470588 0.470588
v 0.0649823869 0.0627820952 0.0816192635 0.470588 0.470588 0.470588
v 0.0648520267 0.0627859945 0.0799085278 0.470588 0.470588 0.470588
v 0.0647303398 0.0627928959 0.0781971514 0.470588 0.470588 0.470588
v 0.0645880551 0.0627927693 0.0764873653 1 0 0
v 0.0644490238 0.0627956144 0.074777299 1 0 0
v 0.0643009207 0.0627940954 0.0730680153 1 0 0
v 0.0641519578 0.0627927932 0.0713587837 1 0 0
v 0.0640003298 0.0627918626 0.069649792 1 0 0
v 0.0638514128 0.0627927205 0.067940556 1 0 0
v 0.0637022418 0.0627948533 0.0662313445 1 0 0
v 0.0635479028 0.0627935814 0.0645225899 1 0 0
v 0.063391869 0.0627953826 0.0628139928 1 0 0
v 0.0632386947 0.0627960089 0.0611051363 1 0 0
v 0.063086275 0.0627971917 0.0593962103 1 0 0
v 0.0629404914 0.0628038785 0.0576867353 1 0 0
v 0.0627965806 0.0628105198 0.0559770993 0 1 0
v 0.0626453753 0.0628144608 0.0542680721 0 1 0
v 0.0624921815 0.0628219909 0.0525592388 0 1 0
v 0.0623265975 0.0628262523 0.0508515427 0 1 0
v 0.0621621852 0.0628324344 0.0491437386 0 0.501961 1
v 0.0422466887 0.0601770467 0.284024418 0.470588 0.470588 0.470588
v 0.0434465432 0.0604202269 0.282843691 0.470588 0.470588 0.470588
v 0.0446534975 0.060651671 0.281667746 0.470588 0.470588 0.470588
v 0.0458503157 0.0607681224 0.280465343 0.470588 0.470588 0.470588
v 0.0470430715 0.0608451127 0.279255478 0.470588 0.470588 0.470588
v 0.0481959881 0.060875776 0.27800528 0.470588 0.470588 0.470588
v 0.0493339034 0.0609042221 0.276741817 0.470588 0.470588 0.470588
v 0.0504281272 0.0609256561 0.275439754 0.470588 0.470588 0.470588
v 0.0515073011 0.0609463868 0.27412552 1 0 0
v 0.0525371754 0.0609597161 0.272771892 1 0 0
v 0.0535471209 0.0609724344 0.271403714 1 0 0
v 0.0545112154 0.0609870807 0.270002513 1 0 0
v 0.0554536231 0.0609997168 0.268586879 1 0 0
v 0.0563575998 0.0610015959 0.267146055 1 0 0
v 0.0572368666 0.0610064401 0.265690421 1 0 0
v 0.0580788784 0.0610155214 0.264212556 1 0 0
v 0.0588931034 0.0610221719 0.262719567 1 0 0
v 0.0596728774 0.0610264313 0.261207931 1 0 0
v 0.0604251298 0.0610304381 0.2596826 0 1 0
v 0.0611489986 0.0610324261 0.258143392 0 1 0
v 0.0618450777 0.0610313838 0.256591823 0 1 0
v 0.0625016807 0.0610252069 0.255022751 0 1 0
v 0.0631435022 0.061018787 0.253447682 0 1 0
v 0.063749899 0.061007395 0.251858608 0 1 0
v 0.0643412459 0.0609975937 0.250263858 0 1 0
v 0.0649195222 0.0609942395 0.248664253 0 1 0
v 0.0654844844 0.0609915476 0.247060027 0 1 0
v 0.0660124836 0.0609855859 0.245443137 0 1 0
v 0.0665235332 0.0609772284 0.243820951 0 0.501961 1
v 0.0670122908 0.0609657149 0.2421918 0 0.501961 1
v 0.0674788624 0.0609535541 0.2405563 0 0.501961 1
v 0.0679191138 0.060939573 0.238913401 0 0.501961 1
v 0.0683380172 0.0609300731 0.237264892 0 0.501961 1
v 0.0687405346 0.0609133286 0.235612367 0 0.501961 1
v 0.0691372389 0.0608988978 0.233958412 0 0.501961 1
v 0.0695156073 0.0608871793 0.232300169 0 0.501961 1
v 0.0698875402 0.060878392 0.230640428 0 0.501961 1
v 0.0702425861 0.060864698 0.22897707 0 0.501961 1
v 0.0705786939 0.0608526347 0.227309726 1 0.784314 0
v 0.0709028319 0.060838758 0.225640081 1 0.784314 0
v 0.0711988517 0.0608255349 0.223965164 1 0.784314 0
v 0.0714921322 0.0608121123 0.222289778 1 0.784314 0
v 0.0717759683 0.0607985793 0.220612757 1 0.784314 0
v 0.0720595813 0.0607852124 0.218935701 1 0.784314 0
v 0.072326597 0.0607685289 0.217255947 1 0.784314 0
v 0.0725910189 0.0607518733 0.215575783 1 0.784314 0
v 0.0728332853 0.060737349 0.213892282 1 0.784314 0
v 0.0730713562 0.0607237312 0.212208158 1 0.784314 0
v 0.0732941559 0.0607157175 0.210521944 0.705882 0 1
v 0.0735005062 0.0607044776 0.208833631 0.705882 0 1
v 0.0736925263 0.0606929598 0.207143636 0.705882 0 1
v 0.0738774697 0.0606835481 0.20545282 0.705882 0 1
v 0.0740611627 0.0606728291 0.203761879 0.705882 0 1
v 0.0742358744 0.0606623364 0.202069982 0.705882 0 1
v 0.0744071071 0.0606526588 0.200377726 0.705882 0 1
v 0.0745715913 0.0606448641 0.198684803 0.705882 0 1
v 0.0747258206 0.0606353367 0.196990917 0.705882 0 1
v 0.0748682754 0.0606288356 0.195295982 0.705882 0 1
v 0.0749996062 0.0606194027 0.19360017 0 0.862745 0.862745
v 0.0751218255 0.06061067 0.191903662 0 0.862745 0.862745
v 0.0752255925 0.0606033869 0.19020597 0 0.862745 0.862745
v 0.07531309 0.0605925676 0.188507331 0 0.862745 0.862745
v 0.075397295 0.060585206 0.186808506 0 0.862745 0.862745
v 0.0754629365 0.0605755125 0.185109008 0 0.862745 0.862745
v 0.0754951115 0.0605619473 0.18340844 0 0.862745 0.862745
v 0.0755002374 0.0605494763 0.181707734 0 0.862745 0.862745
v 0.0754590169 0.0605332304 0.18000743 0 0.862745 0.862745
v 0.0753511384 0.0605224839 0.178310178 0 0.862745 0.862745
v 0.0752190953 0.060513167 0.176614644 1 0.470588 0
v 0.0749946252 0.0605103428 0.174928599 1 0.470588 0
v 0.0747556768 0.0605073736 0.173244727 1 0.470588 0
v 0.0744580351 0.0605130337 0.171570058 1 0.470588 0
v 0.0741574062 0.0605197919 0.169895928 1 0.470588 0
v 0.0738497132 0.0605294177 0.168223091 1 0.470588 0
v 0.0735470177 0.060538722 0.166549371 1 0.470588 0
v 0.0732658887 0.0605520676 0.164871891 1 0.470588 0
v 0.0729907617 0.0605636965 0.163193458 1 0.470588 0
v 0.0727451511 0.0605765788 0.161510407 1 0.470588 0
v 0.0724971941 0.0605887106 0.159827703 1 0.470588 0
v 0.0722801579 0.0605981986 0.158140806 1 0.470588 0
v 0.0720680145 0.0606071742 0.156453185 0.470588 1 0
v 0.071885899 0.0606225809 0.154762201 0.470588 1 0
v 0.0717080055 0.0606374179 0.153070701 0.470588 1 0
v 0.071533944 0.0606411603 0.151378735 0.470588 1 0
v 0.071360974 0.0606454476 0.149686683 0.470588 1 0
v 0.0712141316 0.0606606634 0.147992175 0.470588 1 0
v 0.0710631425 0.0606726436 0.14629803 0.470588 1 0
v 0.0708999443 0.0606749553 0.144604952 0.470588 1 0
v 0.0707441708 0.0606789027 0.142911208 0.470588 1 0
v 0.0705992763 0.0606858817 0.141216483 0.470588 1 0
v 0.0704473564 0.0606923221 0.139522368 1 0 0.705882
v 0.0702942084 0.060697046 0.137828358 1 0 0.705882
v 0.0701382201 0.0607056907 0.136134624 1 0 0.705882
v 0.0699890012 0.0607160541 0.134440316 1 0 0.705882
v 0.0698487631 0.0607237201 0.132745217 1 0 0.705882
v 0.069705051 0.0607286334 0.131050408 1 0 0.705882
v 0.0695724078 0.0607374454 0.129354684 1 0 0.705882
v 0.0694377657 0.0607427241 0.127659145 1 0 0.705882
v 0.0692917291 0.0607426488 0.125964499 1 0 0.705882
v 0.0691562186 0.0607446247 0.124268983 1 0 0.705882
v 0.0689918567 0.0607388671 0.122576088 0.313725 0.313725 1
v 0.068856989 0.0607459789 0.120880642 0.313725 0.313725 1
v 0.0687072562 0.0607500036 0.119186337 0.313725 0.313725 1
v 0.0685681655 0.0607507476 0.117491136 0.313725 0.313725 1
v 0.0684353353 0.060749669 0.115795413 0.313725 0.313725 1
v 0.0682950092 0.0607487764 0.114100326 0.313725 0.313725 1
v 0.0681362278 0.0607432116 0.112406835 0.313725 0.313725 1
v 0.0680034637 0.0607533661 0.11071126 0.313725 0.313725 1
v 0.0678443651 0.0607551687 0.109017791 0.313725 0.313725 1
v 0.0677223838 0.0607607122 0.10732127 0.313725 0.313725 1
v 0.0675940253 0.0607650023 0.105625239 0.705882 0.470588 0.156863
v 0.0674581697 0.0607682696 0.10392975 0.705882 0.470588 0.156863
v 0.0673219736 0.0607714616 0.102234288 0.705882 0.470588 0.156863
v 0.0671844641 0.0607746732 0.100538932 0.705882 0.470588 0.156863
v 0.0670469405 0.0607777567 0.0988435775 0.705882 0.470588 0.156863
v 0.0669108548 0.0607799444 0.0971481049 0.705882 0.470588 0.156863
v 0.0667741686 0.0607820164 0.095452682 0.705882 0.470588 0.156863
v 0.0666283911 0.060781357 0.0937580139 0.705882 0.470588 0.156863
v 0.0664827353 0.060780902 0.0920633354 0.470588 0.470588 0.470588
v 0.0663288358 0.0607747766 0.0903693969 0.470588 0.470588 0.470588
v 0.0661778536 0.0607700156 0.0886752048 0.470588 0.470588 0.470588
v 0.0660478558 0.0607757252 0.0869792811 0.470588 0.470588 0.470588
v 0.0659235495 0.060784485 0.0852829254 0.470588 0.470588 0.470588
v 0.0657970717 0.0607896995 0.0835867184 0.470588 0.470588 0.470588
v 0.0656603047 0.0607902176 0.0818913214 0.470588 0.470588 0.470588
v 0.0655211845 0.0607884757 0.0801961085 0.470588 0.470588 0.470588
v 0.0653773164 0.0607863579 0.0785012784 0.470588 0.470588 0.470588
v 0.0652437791 0.0607889974 0.076805636 0.470588 0.470588 0.470588
v 0.0651025444 0.060789749 0.0751106639 1 0 0
v 0.0649633402 0.0607876492 0.0734154912 1 0 0
v 0.0648290979 0.0607866919 0.0717198946 1 0 0
v 0.0646720165 0.0607843789 0.0700262384 1 0 0
v 0.064519264 0.0607835155 0.0683321922 1 0 0
v 0.064371668 0.0607868964 0.066637685 1 0 0
v 0.0642240755 0.0607905144 0.0649431778 1 0 0
v 0.0640651567 0.0607934801 0.0632497019 1 0 0
v 0.0639031383 0.0607960838 0.0615565113 1 0 0
v 0.0637464781 0.0607972241 0.0598628277 1 0 0
v 0.0635939999 0.0607996134 0.0581687509 1 0 0
v 0.0634405001 0.0608021284 0.0564747718 1 0 0
v 0.0632898639 0.0608030174 0.0547805289 0 1 0
v 0.0631305159 0.0608051217 0.0530871013 0 1 0
v 0.0629683596 0.0608088038 0.0513939259 0 1 0
v 0.0627940525 0.0608119051 0.0497019885 0 1 0
v 0.0626125392 0.0608139951 0.0480107865 0 1 0
v 0.062440719 0.0608149411 0.0463185607 0 1 0
v 0.062266581 0.0608153946 0.0446265802 0 0.501961 1
v 0.0427123727 0.0581282762 0.284189192 0.470588 0.470588 0.470588
v 0.0439177048 0.0583881469 0.282989157 0.470588 0.470588 0.470588
v 0.0451200297 0.0586074481 0.281779872 0.470588 0.470588 0.470588
v 0.0463279808 0.0587210137 0.280559871 0.470588 0.470588 0.470588
v 0.0475153441 0.0587866734 0.279317209 0.470588 0.470588 0.470588
v 0.048683925 0.0588174253 0.278054711 0.470588 0.470588 0.470588
v 0.0498102378 0.0588434591 0.276754572 0.470588 0.470588 0.470588
v 0.0509217681 0.058866935 0.275441422 0.470588 0.470588 0.470588
v 0.0519839956 0.0588865785 0.274088178 1 0 0
v 0.053039018 0.0589055232 0.272729139 1 0 0
v 0.0540234925 0.0589179528 0.2713181 1 0 0
v 0.0550085082 0.0589296879 0.269907409 1 0 0
v 0.0559407346 0.0589332837 0.26846166 1 0 0
v 0.0568556469 0.0589337747 0.267004478 1 0 0
v 0.0577330694 0.0589404344 0.265524822 1 0 0
v 0.0585884479 0.0589507213 0.26403195 1 0 0
v 0.0593906181 0.0589563002 0.262510037 1 0 0
v 0.0601815941 0.0589613381 0.26098204 1 0 0
v 0.060924188 0.0589634583 0.259430009 0 1 0
v 0.0616548023 0.0589664214 0.257872242 0 1 0
v 0.0623416724 0.0589536526 0.256294762 0 1 0
v 0.0630149503 0.0589436902 0.254711501 0 1 0
v 0.0636447928 0.0589368769 0.253110346 0 1 0
v 0.0642748518 0.0589326227 0.25150927 0 1 0
v 0.0648713417 0.0589297224 0.249895459 0 1 0
v 0.0654571872 0.05892864 0.248277674 0 1 0
v 0.0660200196 0.0589270008 0.246651856 0 1 0
v 0.0665685427 0.0589255619 0.245021039 0 1 0
v 0.0670905436 0.0589183453 0.243381656 0 0.501961 1
v 0.0675873909 0.0589062969 0.241734406 0 0.501961 1
v 0.0680576697 0.0588960702 0.240079379 0 0.501961 1
v 0.068504102 0.058887203 0.238417847 0 0.501961 1
v 0.0689284171 0.0588774965 0.236750425 0 0.501961 1
v 0.0693431046 0.0588648903 0.235080676 0 0.501961 1
v 0.0697435383 0.0588506357 0.233407389 0 0.501961 1
v 0.0701315306 0.0588415496 0.231731179 0 0.501961 1
v 0.0705062228 0.0588319572 0.230051909 0 0.501961 1
v 0.070863842 0.0588163514 0.228369011 0 0.501961 1
v 0.0712025082 0.0588028821 0.22668213 1 0.784314 0
v 0.0715251173 0.0587972663 0.224992062 1 0.784314 0
v 0.0718229768 0.0587831593 0.223297505 1 0.784314 0
v 0.0721236157 0.0587731865 0.221603411 1 0.784314 0
v 0.0724151942 0.0587608514 0.219907761 1 0.784314 0
v 0.0727034768 0.0587499502 0.218211525 1 0.784314 0
v 0.0729810984 0.0587361272 0.216513572 1 0.784314 0
v 0.0732468928 0.0587265866 0.214813659 1 0.784314 0
v 0.0735078922 0.0587170288 0.213113041 1 0.784314 0
v 0.073739009 0.0587051754 0.211408081 1 0.784314 0
v 0.0739598321 0.0586933718 0.209701793 0.705882 0 1
v 0.0741689367 0.0586816249 0.207993993 0.705882 0 1
v 0.0743674553 0.0586705361 0.206284964 0.705882 0 1
v 0.0745504183 0.0586591534 0.204574163 0.705882 0 1
v 0.074734879 0.0586487953 0.202863519 0.705882 0 1
v 0.0749162871 0.058640068 0.201152557 0.705882 0 1
v 0.0750878711 0.0586322441 0.199440559 0.705882 0 1
v 0.0752552075 0.0586253738 0.19772814 0.705882 0 1
v 0.0754081683 0.0586172146 0.196014395 0.705882 0 1
v 0.075551947 0.0586081831 0.19429985 0.705882 0 1
v 0.0756794478 0.0585999535 0.192584038 0 0.862745 0.862745
v 0.0757898461 0.0585957864 0.190866997 0 0.862745 0.862745
v 0.0758936913 0.058590085 0.189149552 0 0.862745 0.862745
v 0.0759762965 0.0585808576 0.187430994 0 0.862745 0.862745
v 0.0760476255 0.0585704641 0.185711931 0 0.862745 0.862745
v 0.0761018085 0.0585630809 0.183992206 0 0.862745 0.862745
v 0.0761217002 0.0585522141 0.182272039 0 0.862745 0.862745
v 0.0761036641 0.0585387356 0.180551592 0 0.862745 0.862745
v 0.0760303684 0.0585250282 0.178833052 0 0.862745 0.862745
v 0.075896643 0.0585128213 0.177117977 0 0.862745 0.862745
v 0.0756929546 0.0585089609 0.175409486 1 0.470588 0
v 0.0754505905 0.0585062114 0.173706273 1 0.470588 0
v 0.0751579415 0.0585098579 0.172010753 1 0.470588 0
v 0.0748590296 0.0585146797 0.170316363 1 0.470588 0
v 0.074540776 0.0585215895 0.168625473 1 0.470588 0
v 0.0742241143 0.0585293033 0.16693429 1 0.470588 0
v 0.0739248565 0.0585394037 0.165239971 1 0.470588 0
v 0.0736373867 0.0585499071 0.163543625 1 0.470588 0
v 0.0733691503 0.0585604435 0.161844109 1 0.470588 0
v 0.0731121155 0.0585691505 0.160142871 1 0.470588 0
v 0.0728749424 0.0585772651 0.158438722 0.470588 1 0
v 0.0726691128 0.05858872 0.15673056 0.470588 1 0
v 0.0724714117 0.058596183 0.155021379 0.470588 1 0
v 0.0722807818 0.0586072291 0.153311437 0.470588 1 0
v 0.0721220714 0.0586179366 0.151598212 0.470588 1 0
v 0.0719562743 0.058627914 0.149885675 0.470588 1 0
v 0.0717941834 0.0586379713 0.148172783 0.470588 1 0
v 0.0716302631 0.0586464595 0.146460057 0.470588 1 0
v 0.0714829515 0.0586530025 0.144745793 0.470588 1 0
v 0.0713273981 0.05865913 0.143032279 0.470588 1 0
v 0.0711613846 0.0586639969 0.14131972 1 0 0.705882
v 0.0710089257 0.0586698092 0.139605931 1 0 0.705882
v 0.0708565618 0.0586761208 0.137892121 1 0 0.705882
v 0.0707054284 0.0586867598 0.136178217 1 0 0.705882
v 0.07055489 0.0586969403 0.134464258 1 0 0.705882
v 0.0704102628 0.0587010012 0.132749769 1 0 0.705882
v 0.0702687283 0.058705173 0.131035011 1 0 0.705882
v 0.0701245228 0.0587144423 0.1293205 1 0 0.705882
v 0.0699885158 0.0587225877 0.127605347 1 0 0.705882
v 0.0698430816 0.0587214821 0.125890968 1 0 0.705882
v 0.0697032629 0.0587237265 0.124176076 0.313725 0.313725 1
v 0.0695310539 0.0587163451 0.122464144 0.313725 0.313725 1
v 0.0693984353 0.0587250843 0.120748762 0.313725 0.313725 1
v 0.0692558265 0.058731853 0.119034178 0.313725 0.313725 1
v 0.0691120211 0.0587225754 0.117319685 0.313725 0.313725 1
v 0.0689582198 0.0587143653 0.115606004 0.313725 0.313725 1
v 0.0688067315 0.0587165743 0.113892094 0.313725 0.313725 1
v 0.0686542762 0.0587155166 0.112178363 0.313725 0.313725 1
v 0.0685343175 0.0587318833 0.110462033 0.313725 0.313725 1
v 0.068395995 0.0587405412 0.108747092 0.313725 0.313725 1
v 0.0682613501 0.0587398561 0.107031842 0.705882 0.470588 0.156863
v 0.0681190091 0.0587425882 0.105317154 0.705882 0.470588 0.156863
v 0.0679751635 0.0587460144 0.103602592 0.705882 0.470588 0.156863
v 0.067836403 0.0587475035 0.101887607 0.705882 0.470588 0.156863
v 0.0676983075 0.0587499131 0.100172566 0.705882 0.470588 0.156863
v 0.0675608955 0.0587531434 0.0984574708 0.705882 0.470588 0.156863
v 0.0674240203 0.0587560358 0.0967423322 0.705882 0.470588 0.156863
v 0.0673034159 0.0587629229 0.0950260106 0.705882 0.470588 0.156863
v 0.0671719015 0.0587664774 0.0933105518 0.470588 0.470588 0.470588
v 0.0670110967 0.0587600538 0.0915975025 0.470588 0.470588 0.470588
v 0.0668725912 0.0587588947 0.0898824928 0.470588 0.470588 0.470588
v 0.0667195741 0.058755489 0.088168776 0.470588 0.470588 0.470588
v 0.0665966011 0.0587620409 0.0864526422 0.470588 0.470588 0.470588
v 0.0664536331 0.0587652602 0.0847380042 0.470588 0.470588 0.470588
v 0.0663058644 0.0587663886 0.083023768 0.470588 0.470588 0.470588
v 0.066164084 0.0587647737 0.0813090372 0.470588 0.470588 0.470588
v 0.0660342769 0.0587629289 0.0795933478 0.470588 0.470588 0.470588
v 0.0659031365 0.0587629049 0.0778777719 0.470588 0.470588 0.470588
v 0.0657564787 0.0587653342 0.0761634414 1 0 0
v 0.065615509 0.0587683406 0.0744486532 1 0 0
v 0.0654729112 0.0587678145 0.0727340349 1 0 0
v 0.0653258871 0.0587659146 0.0710197552 1 0 0
v 0.065170113 0.058762851 0.0693062716 1 0 0
v 0.0650182399 0.0587663203 0.0675924328 1 0 0
v 0.064855967 0.0587688885 0.065879537 1 0 0
v 0.0647041498 0.0587707497 0.0641656975 1 0 0
v 0.0645562369 0.0587727098 0.0624515035 1 0 0
v 0.0643875484 0.0587692671 0.0607392022 1 0 0
v 0.0642263903 0.0587688786 0.0590261902 1 0 0
v 0.0640657799 0.058774117 0.0573131183 1 0 0
v 0.0639060138 0.058778864 0.0555999687 0 1 0
v 0.0637405712 0.0587807318 0.0538873663 0 1 0
v 0.063570469 0.0587829452 0.0521752028 0 1 0
v 0.0634025644 0.0587865581 0.0504628263 0 1 0
v 0.0632240111 0.0587861828 0.0487515247 0 1 0
v 0.0630412415 0.0587842611 0.0470406945 0 1 0
v 0.0628509338 0.0587805319 0.045330665 0 1 0
v 0.0626721476 0.0587836728 0.0436193882 0 1 0
v 0.0624939439 0.0587837396 0.0419080514 0 1 0
v 0.0622970376 0.0587816564 0.0401987722 0 1 0
v 0.0621050577 0.0587825432 0.0384889224 0 0.501961 1
v 0.0432011183 0.0560847355 0.284324674 0.470588 0.470588 0.470588
v 0.0443860566 0.0563666201 0.283119771 0.470588 0.470588 0.470588
v 0.0455780214 0.0565568966 0.281905666 0.470588 0.470588 0.470588
v 0.0467679297 0.0566867827 0.28068016 0.470588 0.470588 0.470588
v 0.0479375661 0.0567234542 0.27942878 0.470588 0.470588 0.470588
v 0.0490924856 0.0567561486 0.278164081 0.470588 0.470588 0.470588
v 0.0502040553 0.0567813163 0.276860581 0.470588 0.470588 0.470588
v 0.0512972091 0.0568038681 0.275541963 0.470588 0.470588 0.470588
v 0.0523514778 0.0568211866 0.274191572 1 0 0
v 0.053386905 0.0568364772 0.272826861 1 0 0
v 0.0543950212 0.0568475434 0.27144169 1 0 0
v 0.0553471 0.0568592201 0.27001743 1 0 0
v 0.056274747 0.056864545 0.268577169 1 0 0
v 0.0571871491 0.0568646903 0.267127041 1 0 0
v 0.0580515166 0.0568731315 0.265648028 1 0 0
v 0.0588969809 0.0568847155 0.264157926 1 0 0
v 0.0596985808 0.0568919293 0.262643752 1 0 0
v 0.0604800224 0.0568970037 0.261119312 1 0 0
v 0.0612185118 0.0568981203 0.259573357 0 1 0
v 0.0619440801 0.0568961035 0.258021421 0 1 0
v 0.0626277638 0.0568846992 0.256450507 0 1 0
v 0.0633000262 0.0568798506 0.254874731 0 1 0
v 0.0639462039 0.0568852697 0.253288041 0 1 0
v 0.064565545 0.0568773359 0.251690651 0 1 0
v 0.0651710135 0.0568704054 0.250087981 0 1 0
v 0.0657639222 0.0568670035 0.248480563 0 1 0
v 0.0663391912 0.0568640931 0.246866831 0 1 0
v 0.0668917555 0.0568643867 0.245245112 0 1 0
v 0.067416518 0.0568584555 0.243614302 0 0.501961 1
v 0.0679240677 0.0568472394 0.24197796 0 0.501961 1
v 0.0684005913 0.0568420672 0.240332364 0 0.501961 1
v 0.0688664021 0.0568368323 0.238683633 0 0.501961 1
v 0.0692962641 0.0568270806 0.237025199 0 0.501961 1
v 0.0697259889 0.0568171916 0.23536671 0 0.501961 1
v 0.0701316528 0.0568071219 0.233702239 0 0.501961 1
v 0.070528577 0.0567980541 0.23203559 0 0.501961 1
v 0.0709064751 0.0567848734 0.230364636 0 0.501961 1
v 0.0712698464 0.0567684874 0.228690408 0 0.501961 1
v 0.0716159819 0.0567566787 0.22701263 1 0.784314 0
v 0.0719357001 0.0567512629 0.225329449 1 0.784314 0
v 0.0722544295 0.0567445243 0.223646088 1 0.784314 0
v 0.0725522867 0.0567341702 0.22195893 1 0.784314 0
v 0.0728497792 0.0567246676 0.220271698 1 0.784314 0
v 0.0731414662 0.0567160503 0.218583469 1 0.784314 0
v 0.0734251124 0.0567056877 0.21689386 1 0.784314 0
v 0.0737012617 0.0566973504 0.215203021 1 0.784314 0
v 0.0739583767 0.056686426 0.213509179 1 0.784314 0
v 0.0742070082 0.0566780645 0.211814051 1 0.784314 0
v 0.07444679 0.0566695383 0.21011769 0.705882 0 1
v 0.0746529056 0.0566578711 0.208416888 0.705882 0 1
v 0.0748542619 0.0566474008 0.206715519 0.705882 0 1
v 0.0750481352 0.0566388623 0.20501326 0.705882 0 1
v 0.0752366079 0.0566299897 0.203310408 0.705882 0 1
v 0.0754161932 0.0566206835 0.201606586 0.705882 0 1
v 0.075597002 0.0566132507 0.199902886 0.705882 0 1
v 0.0757773745 0.0566080812 0.19819914 0.705882 0 1
v 0.0759336423 0.0566002683 0.196493032 0.705882 0 1
v 0.076074752 0.0565914422 0.194785595 0.705882 0 1
v 0.0762085368 0.0565832616 0.193077582 0.705882 0 1
v 0.076327387 0.0565773586 0.191368435 0.705882 0 1
v 0.0764310113 0.0565716918 0.189658297 0 0.862745 0.862745
v 0.0765252199 0.0565655802 0.187947614 0 0.862745 0.862745
v 0.0766141235 0.0565592169 0.186236661 0 0.862745 0.862745
v 0.0766700434 0.0565518081 0.184524327 0 0.862745 0.862745
v 0.0767114713 0.0565432782 0.182811677 0 0.862745 0.862745
v 0.0767121426 0.0565342001 0.181098416 0 0.862745 0.862745
v 0.0766633942 0.0565225516 0.179386668 0 0.862745 0.862745
v 0.0765536139 0.0565085277 0.177676961 0 0.862745 0.862745
v 0.0763657255 0.0565036934 0.175974346 0 0.862745 0.862745
v 0.0761476495 0.0564969882 0.174275075 0 0.862745 0.862745
v 0.0758515133 0.0564967075 0.172587578 1 0.470588 0
v 0.0755517951 0.0564958182 0.170900713 1 0.470588 0
v 0.0752352138 0.0564992757 0.169216934 1 0.470588 0
v 0.0749193825 0.0565041175 0.167533023 1 0.470588 0
v 0.0746071555 0.0565135143 0.165848454 1 0.470588 0
v 0.0743033981 0.0565226527 0.164162404 1 0.470588 0
v 0.0740299937 0.0565329797 0.162471106 1 0.470588 0
v 0.0737607447 0.0565441728 0.160779159 1 0.470588 0
v 0.0735199446 0.0565518149 0.159082904 1 0.470588 0
v 0.0732848683 0.0565587967 0.157385861 1 0.470588 0
v 0.0730831661 0.0565658652 0.155684532 0.470588 1 0
v 0.0728871644 0.0565735878 0.153982512 0.470588 1 0
v 0.0727116556 0.0565824265 0.152278315 0.470588 1 0
v 0.0725385106 0.0565914364 0.150573825 0.470588 1 0
v 0.0723806069 0.056602496 0.148867903 0.470588 1 0
v 0.0722256893 0.0566130838 0.147161679 0.470588 1 0
v 0.0720670283 0.0566191716 0.145455773 0.470588 1 0
v 0.0719034975 0.0566229477 0.143750317 0.470588 1 0
v 0.0717513885 0.0566333483 0.142043829 0.470588 1 0
v 0.0715985713 0.0566434243 0.140337404 0.470588 1 0
v 0.0714417468 0.0566501571 0.138631325 1 0 0.705882
v 0.0712841492 0.0566564509 0.136925315 1 0 0.705882
v 0.0711292857 0.0566623059 0.135219059 1 0 0.705882
v 0.0709733816 0.0566659234 0.133512886 1 0 0.705882
v 0.0708257308 0.0566695361 0.131805989 1 0 0.705882
v 0.0706746459 0.0566724343 0.130099381 1 0 0.705882
v 0.0705381197 0.0566800369 0.128391582 1 0 0.705882
v 0.0703958514 0.0566801586 0.126684215 1 0 0.705882
v 0.0702503286 0.0566796319 0.124977141 0.313725 0.313725 1
v 0.0701072253 0.0566820677 0.123269862 0.313725 0.313725 1
v 0.0699585688 0.0566849451 0.121563048 0.313725 0.313725 1
v 0.0698057303 0.0566883005 0.119856612 0.313725 0.313725 1
v 0.0696593633 0.0566855212 0.118149668 0.313725 0.313725 1
v 0.0695225473 0.0566763725 0.116441923 0.313725 0.313725 1
v 0.069368937 0.0566761286 0.114735541 0.313725 0.313725 1
v 0.0692156539 0.0566767373 0.11302913 0.313725 0.313725 1
v 0.0690796069 0.0566839826 0.111321324 0.313725 0.313725 1
v 0.0689394989 0.0566950605 0.109613831 0.313725 0.313725 1
v 0.0688172303 0.0567004968 0.107905001 0.705882 0.470588 0.156863
v 0.0686747257 0.0567001493 0.106197666 0.705882 0.470588 0.156863
v 0.0685316752 0.0567060237 0.104490373 0.705882 0.470588 0.156863
v 0.0683950692 0.0567094122 0.102782551 0.705882 0.470588 0.156863
v 0.0682535406 0.0567097596 0.101075121 0.705882 0.470588 0.156863
v 0.0681249885 0.0567141048 0.0993666782 0.705882 0.470588 0.156863
v 0.067995852 0.0567189695 0.0976582732 0.705882 0.470588 0.156863
v 0.0678603054 0.0567217034 0.0959504068 0.705882 0.470588 0.156863
v 0.0677266731 0.05672495 0.0942423625 0.470588 0.470588 0.470588
v 0.0675942333 0.0567259502 0.092534209 0.470588 0.470588 0.470588
v 0.0674564386 0.056725973 0.0908264903 0.470588 0.470588 0.470588
v 0.067323135 0.0567261427 0.0891184698 0.470588 0.470588 0.470588
v 0.0671814307 0.056726099 0.0874112087 0.470588 0.470588 0.470588
v 0.067040839 0.0567294948 0.0857037795 0.470588 0.470588 0.470588
v 0.0668975489 0.0567316344 0.0839965021 0.470588 0.470588 0.470588
v 0.0667552749 0.0567329808 0.0822891361 0.470588 0.470588 0.470588
v 0.0666215887 0.0567346895 0.080581104 0.470588 0.470588 0.470588
v 0.0664727221 0.0567308535 0.0788743024 0.470588 0.470588 0.470588
v 0.0663353052 0.0567272641 0.0771665419 1 0 0
v 0.0661932786 0.05672704 0.0754591619 1 0 0
v 0.0660600494 0.056730598 0.0737510924 1 0 0
v 0.0659059875 0.0567311244 0.0720447505 1 0 0
v 0.065770889 0.0567327512 0.0703368008 1 0 0
v 0.0656097298 0.0567293717 0.0686311338 1 0 0
v 0.065461346 0.056736391 0.066924325 1 0 0
v 0.0652981945 0.0567375571 0.0652188656 1 0 0
v 0.0651459702 0.0567353856 0.0635123875 1 0 0
v 0.0649891554 0.0567331574 0.0618063057 1 0 0
v 0.0648284754 0.0567298629 0.0601006004 1 0 0
v 0.0646696158 0.0567349175 0.0583947435 1 0 0
v 0.0645040538 0.05674011 0.0566894907 0 1 0
v 0.0643303893 0.0567394339 0.054985038 0 1 0
v 0.0641566358 0.0567395633 0.0532805871 0 1 0
v 0.0639880617 0.0567412574 0.0515756199 0 1 0
v 0.0638194142 0.0567427571 0.0498706656 0 1 0
v 0.0636453979 0.0567431102 0.048166245 0 1 0
v 0.0634738841 0.0567439325 0.0464615704 0 1 0
v 0.0632863021 0.056744204 0.0447585997 0 1 0
v 0.0630954932 0.0567444357 0.0430559735 0 1 0
v 0.0629089481 0.0567440821 0.0413528814 0 1 0
v 0.0627126277 0.0567422263 0.0396508943 0 0.501961 1
v 0.0625021929 0.0567379915 0.0379505864 0 0.501961 1
v 0.0622949761 0.0567337756 0.0362498845 0 0.501961 1
v 0.0620785214 0.0567316338 0.0345503328 0 0.501961 1
v 0.0618482167 0.0567288389 0.0328526187 0 0.501961 1
v 0.0616018463 0.0567206913 0.0311571592 0 0.501961 1
v 0.0613565621 0.0567123885 0.0294615435 0 0.501961 1
v 0.0610981788 0.0567029649 0.0277679007 0 0.501961 1
v 0.0608299015 0.0566906994 0.0260757942 0 0.501961 1
v 0.0605584276 0.0566767635 0.0243842105 0 0.501961 1
v 0.0602943311 0.0566650915 0.022691461 0 0.501961 1
v 0.0437148628 0.054046864 0.284428402 0.470588 0.470588 0.470588
v 0.0448845097 0.0543013193 0.283216636 0.470588 0.470588 0.470588
v 0.0460542095 0.0545300737 0.282000311 0.470588 0.470588 0.470588
v 0.0472228521 0.0546174179 0.280764751 0.470588 0.470588 0.470588
v 0.0483849299 0.0546736114 0.279520645 0.470588 0.470588 0.470588
v 0.0495035664 0.0546981159 0.278236463 0.470588 0.470588 0.470588
v 0.0506160668 0.05472141 0.276946773 0.470588 0.470588 0.470588
v 0.0516793453 0.0547400127 0.275616481 0.470588 0.470588 0.470588
v 0.0527275373 0.0547549615 0.274273878 1 0 0
v 0.0537404457 0.0547657494 0.272904634 1 0 0
v 0.0547394914 0.0547763071 0.271525229 1 0 0
v 0.0556833021 0.0547883372 0.270107276 1 0 0
v 0.0565985539 0.0547961755 0.268670961 1 0 0
v 0.0574878745 0.0547971587 0.267218164 1 0 0
v 0.0583534663 0.0548046569 0.265751343 1 0 0
v 0.0591827735 0.0548139741 0.264263563 1 0 0
v 0.0599837599 0.0548203558 0.262760331 1 0 0
v 0.0607532833 0.0548221925 0.261240765 1 0 0
v 0.061499371 0.0548219897 0.259709555 0 1 0
v 0.0622103622 0.054818828 0.25816181 0 1 0
v 0.0629029184 0.0548136127 0.25660558 0 1 0
v 0.0635685736 0.054813862 0.255037807 0 1 0
v 0.0642143027 0.0548176612 0.253461567 0 1 0
v 0.0648370825 0.0548128999 0.251876154 0 1 0
v 0.0654515757 0.0548079333 0.250287502 0 1 0
v 0.0660452663 0.0548029853 0.248690946 0 1 0
v 0.0666229394 0.0547986189 0.247088584 0 1 0
v 0.0671772096 0.0547985066 0.245477903 0 1 0
v 0.0677154146 0.0547939279 0.243861894 0 0.501961 1
v 0.0682339076 0.0547843662 0.24223937 0 0.501961 1
v 0.0687166176 0.0547784594 0.240605994 0 0.501961 1
v 0.0691834087 0.0547748145 0.238967824 0 0.501961 1
v 0.0696296652 0.0547700382 0.237323959 0 0.501961 1
v 0.0700554442 0.0547601087 0.23567468 0 0.501961 1
v 0.0704757706 0.0547516275 0.234023993 0 0.501961 1
v 0.0708716787 0.0547423574 0.232367306 0 0.501961 1
v 0.0712639299 0.054736903 0.230709711 0 0.501961 1
v 0.0716345502 0.0547239122 0.229047259 0 0.501961 1
v 0.0719815673 0.0547141733 0.227379629 1 0.784314 0
v 0.0723154377 0.054706474 0.22570937 1 0.784314 0
v 0.0726310373 0.0546980521 0.224035503 1 0.784314 0
v 0.0729451856 0.0546876886 0.222361372 1 0.784314 0
v 0.0732471328 0.0546796173 0.220685004 1 0.784314 0
v 0.0735447096 0.0546739927 0.219007826 1 0.784314 0
v 0.0738362659 0.0546661279 0.217329627 1 0.784314 0
v 0.0741146539 0.0546575825 0.215649169 1 0.784314 0
v 0.0743874685 0.0546516838 0.213967804 1 0.784314 0
v 0.0746387964 0.0546438111 0.212283095 1 0.784314 0
v 0.0748818608 0.054633736 0.210597182 0.705882 0 1
v 0.0751025378 0.0546269673 0.208908168 0.705882 0 1
v 0.0753137273 0.054619645 0.207217956 0.705882 0 1
v 0.0755044821 0.0546107603 0.205525329 0.705882 0 1
v 0.0756915792 0.0546022686 0.203832277 0.705882 0 1
v 0.0758812697 0.0545966442 0.202139499 0.705882 0 1
v 0.0760653983 0.0545903887 0.20044612 0.705882 0 1
v 0.076239271 0.0545828158 0.198751652 0.705882 0 1
v 0.0764101051 0.054576191 0.197056881 0.705882 0 1
v 0.0765706574 0.0545727746 0.195361085 0.705882 0 1
v 0.0767133454 0.0545656275 0.19366375 0.705882 0 1
v 0.0768288318 0.0545587726 0.191964308 0.705882 0 1
v 0.0769359995 0.0545491397 0.190264327 0 0.862745 0.862745
v 0.077041883 0.0545457048 0.188564244 0 0.862745 0.862745
v 0.0771291716 0.0545388159 0.186863113 0 0.862745 0.862745
v 0.0772024414 0.0545341025 0.185161324 0 0.862745 0.862745
v 0.077269426 0.0545284944 0.183459276 0 0.862745 0.862745
v 0.0772785689 0.05452013 0.181756068 0 0.862745 0.862745
v 0.0772699454 0.0545092459 0.180052795 0 0.862745 0.862745
v 0.0771688341 0.0545003347 0.178352439 0 0.862745 0.862745
v 0.0770295165 0.0544906747 0.176655381 0 0.862745 0.862745
v 0.0768074029 0.0544827854 0.174966573 0 0.862745 0.862745
v 0.0765498001 0.0544780508 0.173283139 1 0.470588 0
v 0.0762515116 0.0544768048 0.171606095 1 0.470588 0
v 0.0759356782 0.0544771412 0.169932262 1 0.470588 0
v 0.0756115292 0.0544783272 0.168260007 1 0.470588 0
v 0.0752976379 0.0544793477 0.166585798 1 0.470588 0
v 0.0749886799 0.0544829113 0.164910685 1 0.470588 0
v 0.0746839634 0.0544896022 0.163234793 1 0.470588 0
v 0.0744139592 0.054500451 0.161553017 1 0.470588 0
v 0.0741560636 0.0545136215 0.159869322 1 0.470588 0
v 0.0739109526 0.0545238299 0.158183776 1 0.470588 0
v 0.0736938149 0.0545293314 0.1564943 1 0.470588 0
v 0.0734875641 0.054537212 0.15480353 1 0.470588 0
v 0.0732928016 0.0545464368 0.153111343 0.470588 1 0
v 0.0731266221 0.0545550429 0.151416111 0.470588 1 0
v 0.0729532603 0.0545589781 0.149721594 0.470588 1 0
v 0.0727968081 0.0545684864 0.148025439 0.470588 1 0
v 0.0726383496 0.0545764086 0.146329465 0.470588 1 0
v 0.0724811342 0.0545837385 0.144633374 0.470588 1 0
v 0.0723197989 0.0545893468 0.14293766 0.470588 1 0
v 0.0721575113 0.0545967137 0.141242041 0.470588 1 0
v 0.0719977515 0.0545991073 0.139546171 0.470588 1 0
v 0.0718421909 0.0546048745 0.137849921 0.470588 1 0
v 0.071681807 0.0546109585 0.136154124 1 0 0.705882
v 0.0715255515 0.0546162019 0.134457944 1 0 0.705882
v 0.0713723548 0.0546193143 0.13276147 1 0 0.705882
v 0.0712223463 0.0546227417 0.131064716 1 0 0.705882
v 0.0710738089 0.0546292548 0.129367838 1 0 0.705882
v 0.0709293808 0.0546321279 0.127670604 1 0 0.705882
v 0.0707865392 0.054633046 0.125973223 1 0 0.705882
v 0.0706427384 0.0546344019 0.124275924 1 0 0.705882
v 0.0704924063 0.0546355301 0.122579192 0.313725 0.313725 1
v 0.0703488545 0.0546400438 0.120881879 0.313725 0.313725 1
v 0.0702003152 0.0546424875 0.119184998 0.313725 0.313725 1
v 0.0700504911 0.0546412229 0.11748822 0.313725 0.313725 1
v 0.0699013049 0.0546387247 0.115791384 0.313725 0.313725 1
v 0.0697520253 0.0546350477 0.114094562 0.313725 0.313725 1
v 0.0696019803 0.0546301255 0.112397807 0.313725 0.313725 1
v 0.0694686649 0.0546389244 0.110699718 0.313725 0.313725 1
v 0.069321154 0.0546465108 0.109002754 0.313725 0.313725 1
v 0.0691843198 0.0546495495 0.107304881 0.313725 0.313725 1
v 0.0690453477 0.0546508734 0.105607182 0.705882 0.470588 0.156863
v 0.0689098349 0.0546544938 0.103909208 0.705882 0.470588 0.156863
v 0.0687745489 0.0546573327 0.102211211 0.705882 0.470588 0.156863
v 0.068638711 0.0546599383 0.100513256 0.705882 0.470588 0.156863
v 0.0685047866 0.0546627658 0.0988151496 0.705882 0.470588 0.156863
v 0.0683718535 0.0546661061 0.0971169858 0.705882 0.470588 0.156863
v 0.0682391593 0.0546691858 0.0954188309 0.705882 0.470588 0.156863
v 0.0681028671 0.0546715205 0.0937209262 0.705882 0.470588 0.156863
v 0.0679767142 0.054675441 0.0920222344 0.470588 0.470588 0.470588
v 0.067843315 0.0546767338 0.0903241106 0.470588 0.470588 0.470588
v 0.0677042558 0.0546757635 0.0886264328 0.470588 0.470588 0.470588
v 0.0675683232 0.0546782721 0.0869285036 0.470588 0.470588 0.470588
v 0.0674390588 0.0546847502 0.0852300451 0.470588 0.470588 0.470588
v 0.067301636 0.0546866135 0.0835322352 0.470588 0.470588 0.470588
v 0.0671572601 0.0546857714 0.0818349824 0.470588 0.470588 0.470588
v 0.0670260988 0.0546878025 0.0801366811 0.470588 0.470588 0.470588
v 0.0668814111 0.0546821729 0.0784394648 0.470588 0.470588 0.470588
v 0.0667415256 0.0546772354 0.076741843 0.470588 0.470588 0.470588
v 0.0665970956 0.0546773622 0.0750446039 1 0 0
v 0.0664619933 0.0546827248 0.073346596 1 0 0
v 0.0663160697 0.0546840116 0.0716495027 1 0 0
v 0.0661665492 0.0546826042 0.0699527177 1 0 0
v 0.0660154836 0.0546836835 0.0682560557 1 0 0
v 0.065863571 0.0546883637 0.0665594926 1 0 0
v 0.0657092178 0.0546889474 0.0648631721 1 0 0
v 0.0655520494 0.0546852201 0.0631670813 1 0 0
v 0.0654013378 0.0546818331 0.0614703998 1 0 0
v 0.065243325 0.0546773721 0.0597744055 1 0 0
v 0.0650853594 0.0546857819 0.0580784212 1 0 0
v 0.064913437 0.0546911238 0.0563837534 1 0 0
v 0.0647494704 0.0546910659 0.0546882808 0 1 0
v 0.0645820178 0.0546902687 0.0529931605 0 1 0
v 0.0644034526 0.0546882342 0.0512991645 0 1 0
v 0.0642251724 0.0546861696 0.0496051392 0 1 0
v 0.0640541194 0.0546829651 0.0479103778 0 1 0
v 0.0638699502 0.0546799345 0.0462169932 0 1 0
v 0.0636952032 0.0546894795 0.0445226247 0 1 0
v 0.063513603 0.054694767 0.0428289923 0 1 0
v 0.0633189115 0.0546924327 0.0411367742 0 1 0
v 0.063123831 0.0546913824 0.0394445999 0 1 0
v 0.0629236376 0.0546896065 0.0377530375 0 0.501961 1
v 0.0627143319 0.0546840779 0.0360625816 0 0.501961 1
v 0.0624956246 0.0546791731 0.0343733126 0 0.501961 1
v 0.0622720507 0.0546789171 0.0326846673 0 0.501961 1
v 0.0620321052 0.0546720517 0.0309982945 0 0.501961 1
v 0.0617895129 0.0546636148 0.0293122962 0 0.501961 1
v 0.0615399004 0.0546559556 0.0276273219 0 0.501961 1
v 0.0612916453 0.0546489592 0.0259421434 0 0.501961 1
v 0.0610416083 0.0546416494 0.0242572329 0 0.501961 1
v 0.0607817306 0.0546290411 0.0225738452 0 0.501961 1
v 0.0605364276 0.0546223109 0.0208883655 0 0.501961 1
v 0.0442947263 0.0520303415 0.28443727 0.705882 0 1
v 0.0454495105 0.0522949051 0.283209717 0.705882 0 1
v 0.0466145178 0.052489084 0.28197987 0.705882 0 1
v 0.0477734294 0.0525756016 0.280730855 0.705882 0 1
v 0.0489188832 0.0526155371 0.279467237 0.705882 0 1
v 0.0500394682 0.0526386014 0.278180826 0.705882 0 1
v 0.0511295211 0.052658896 0.276868445 0 0.862745 0.862745
v 0.0521811774 0.0526731295 0.275524947 0 0.862745 0.862745
v 0.0532278323 0.0526873816 0.274177619 0 0.862745 0.862745
v 0.0542269078 0.0526960713 0.27279453 0 0.862745 0.862745
v 0.055199898 0.0527050598 0.271393269 0 0.862745 0.862745
v 0.0561382315 0.0527167683 0.269968273 0 0.862745 0.862745
v 0.0570448485 0.0527229528 0.268523091 0 0.862745 0.862745
v 0.0579339677 0.052725714 0.267066837 0 0.862745 0.862745
v 0.0587755905 0.0527322692 0.265582899 0 0.862745 0.862745
v 0.0595980014 0.0527399442 0.264087973 0 0.862745 0.862745
v 0.0603956568 0.0527442112 0.262579934 1 0.470588 0
v 0.0611581581 0.0527446499 0.261053562 1 0.470588 0
v 0.0619165049 0.0527450586 0.259525159 1 0.470588 0
v 0.062613058 0.0527397895 0.257967694 1 0.470588 0
v 0.0632999977 0.0527341374 0.256405867 1 0.470588 0
v 0.0639629594 0.0527369693 0.254833785 1 0.470588 0
v 0.0646150337 0.0527422405 0.253257084 1 0.470588 0
v 0.0652395022 0.0527398289 0.251669242 1 0.470588 0
v 0.0658531214 0.0527353389 0.250077202 1 0.470588 0
v 0.0664486159 0.0527309049 0.24847827 1 0.470588 0
v 0.0670320085 0.0527282586 0.246874944 0.470588 1 0
v 0.067597898 0.0527288435 0.245265289 0.470588 1 0
v 0.0681362604 0.0527232918 0.243646451 0.470588 1 0
v 0.0686517607 0.0527126229 0.242019993 0.470588 1 0
v 0.0691469449 0.0527101082 0.240387243 0.470588 1 0
v 0.0696181009 0.0527086317 0.238747442 0.470588 1 0
v 0.0700668897 0.0527044129 0.237101298 0.470588 1 0
v 0.0704990532 0.0526967228 0.235450792 0.470588 1 0
v 0.0709186021 0.0526878781 0.233796972 0.470588 1 0
v 0.0713296631 0.0526814559 0.232141079 0.470588 1 0
v 0.07172011 0.0526751933 0.230480136 1 0 0.705882
v 0.0721022793 0.0526682262 0.22881735 1 0 0.705882
v 0.0724508693 0.0526601263 0.227147129 1 0 0.705882
v 0.0727939463 0.0526548432 0.225475768 1 0 0.705882
v 0.0731124256 0.0526460833 0.223799577 1 0 0.705882
v 0.0734229757 0.0526351457 0.222121883 1 0 0.705882
v 0.0737329151 0.0526279784 0.220444055 1 0 0.705882
v 0.0740335728 0.0526211913 0.218764551 1 0 0.705882
v 0.0743374736 0.0526098075 0.217085642 1 0 0.705882
v 0.0746226842 0.0526040474 0.215403505 1 0 0.705882
v 0.074891122 0.0526023103 0.213718526 0.313725 0.313725 1
v 0.0751479443 0.052596177 0.212031748 0.313725 0.313725 1
v 0.0753885896 0.0525899469 0.210342591 0.313725 0.313725 1
v 0.0756168177 0.0525852764 0.2086517 0.313725 0.313725 1
v 0.0758246147 0.0525784974 0.206958228 0.313725 0.313725 1
v 0.0760187289 0.0525703587 0.205263095 0.313725 0.313725 1
v 0.0762122497 0.0525647905 0.203567899 0.313725 0.313725 1
v 0.0763945798 0.0525566818 0.201871459 0.313725 0.313725 1
v 0.0765836342 0.0525530853 0.20017574 0.313725 0.313725 1
v 0.0767713727 0.0525492867 0.198479882 0.313725 0.313725 1
v 0.0769377453 0.0525441321 0.196781804 0.313725 0.313725 1
v 0.0770927742 0.0525382749 0.195082643 0.313725 0.313725 1
v 0.077235935 0.0525324499 0.193382499 0.705882 0.470588 0.156863
v 0.0773586079 0.0525262889 0.191680709 0.705882 0.470588 0.156863
v 0.0774656092 0.0525184251 0.189977859 0.705882 0.470588 0.156863
v 0.0775708281 0.0525150837 0.188274881 0.705882 0.470588 0.156863
v 0.0776659518 0.0525091085 0.186571335 0.705882 0.470588 0.156863
v 0.0777356022 0.0525035458 0.184866547 0.705882 0.470588 0.156863
v 0.0777943972 0.0524958612 0.183161372 0.705882 0.470588 0.156863
v 0.0778059038 0.0524900472 0.181455191 0.705882 0.470588 0.156863
v 0.0777916903 0.0524819 0.179749455 0.705882 0.470588 0.156863
v 0.0776771187 0.0524707909 0.178047118 0.705882 0.470588 0.156863
v 0.0775223191 0.0524608993 0.176348547 0.470588 0.470588 0.470588
v 0.0773036569 0.0524548681 0.174656417 0.470588 0.470588 0.470588
v 0.0770409363 0.0524519774 0.172970852 0.470588 0.470588 0.470588
v 0.0767389799 0.0524502566 0.171291578 0.470588 0.470588 0.470588
v 0.0764210852 0.0524512596 0.169615235 0.470588 0.470588 0.470588
v 0.0760933847 0.0524516151 0.167940772 0.470588 0.470588 0.470588
v 0.0757697252 0.0524481303 0.166265525 0.470588 0.470588 0.470588
v 0.0754618679 0.0524506572 0.16458735 0.470588 0.470588 0.470588
v 0.075154732 0.0524571947 0.162909014 0.470588 0.470588 0.470588
v 0.0748763845 0.052465211 0.161225759 0.470588 0.470588 0.470588
v 0.0746124028 0.0524783622 0.159540125 0.470588 0.470588 0.470588
v 0.0743722118 0.0524858688 0.157851009 0.470588 0.470588 0.470588
v 0.0741477782 0.0524901033 0.156159611 1 0 0
v 0.0739490198 0.0525007224 0.154465076 1 0 0
v 0.0737457887 0.0525116835 0.152771032 1 0 0
v 0.0735720044 0.052513815 0.151073677 1 0 0
v 0.0733989043 0.0525176424 0.149376276 1 0 0
v 0.0732359838 0.0525274962 0.147677883 1 0 0
v 0.0730727977 0.0525376835 0.145979519 1 0 0
v 0.0729176472 0.0525479559 0.14428039 1 0 0
v 0.0727528992 0.0525499531 0.142582134 1 0 0
v 0.0725870788 0.0525525725 0.140883985 1 0 0
v 0.0724239297 0.0525540341 0.139185574 0 1 0
v 0.0722602193 0.0525573611 0.13748722 0 1 0
v 0.0720979716 0.0525622157 0.135788729 0 1 0
v 0.0719359848 0.0525649164 0.134090214 0 1 0
v 0.071783049 0.0525654081 0.132390852 0 1 0
v 0.0716301236 0.0525676554 0.130691494 0 1 0
v 0.0714792705 0.0525766443 0.12899197 0 1 0
v 0.0713292751 0.0525840294 0.127292364 0 1 0
v 0.071181964 0.0525868188 0.125592508 0 1 0
v 0.0710342093 0.0525871493 0.123892694 0 1 0
v 0.0708821569 0.0525840965 0.122193256 0 0.501961 1
v 0.0707317175 0.0525812802 0.120493676 0 0.501961 1
v 0.0705793682 0.052581511 0.118794263 0 0.501961 1
v 0.0704304817 0.0525815799 0.117094542 0 0.501961 1
v 0.0702771596 0.0525837507 0.115395219 0 0.501961 1
v 0.070127665 0.052584291 0.113695566 0 0.501961 1
v 0.0699809631 0.0525800081 0.111995663 0 0.501961 1
v 0.0698347354 0.0525826648 0.110295719 0 0.501961 1
v 0.0696890279 0.0525885303 0.108595736 0 0.501961 1
v 0.0695461319 0.0525898943 0.106895506 0 0.501961 1
v 0.0694011548 0.0525907329 0.105195447 1 0.784314 0
v 0.069259481 0.0525920287 0.10349511 1 0.784314 0
v 0.0691208644 0.0525942238 0.101794522 1 0.784314 0
v 0.0689858102 0.0525977477 0.100093649 1 0.784314 0
v 0.0688517419 0.0526012611 0.0983926999 1 0.784314 0
v 0.0687154048 0.052604355 0.0966919284 1 0.784314 0
v 0.0685825449 0.0526077189 0.0949908842 1 0.784314 0
v 0.0684505822 0.0526110272 0.0932897704 1 0.784314 0
v 0.0683175738 0.0526139233 0.0915887395 0.705882 0 1
v 0.0681847728 0.0526164087 0.0898876881 0.705882 0 1
v 0.0680540559 0.0526184653 0.0881864738 0.705882 0 1
v 0.0679180537 0.0526206596 0.086485684 0.705882 0 1
v 0.0677812157 0.0526231074 0.0847849517 0.705882 0 1
v 0.0676496386 0.0526260123 0.08308381 0.705882 0 1
v 0.0675147246 0.0526281455 0.0813829293 0.705882 0 1
v 0.0673783517 0.0526243919 0.0796821648 0.705882 0 1
v 0.0672413903 0.0526195977 0.0779814495 0.705882 0 1
v 0.0670982681 0.0526190376 0.0762812329 0.705882 0 1
v 0.066954027 0.0526196126 0.0745811134 0 0.862745 0.862745
v 0.0668062463 0.0526240632 0.072881301 0 0.862745 0.862745
v 0.0666625159 0.0526256327 0.07118114 0 0.862745 0.862745
v 0.0665194105 0.0526254519 0.0694809269 0 0.862745 0.862745
v 0.0663659612 0.052628018 0.0677816238 0 0.862745 0.862745
v 0.0662068812 0.0526304586 0.0660828276 0 0.862745 0.862745
v 0.0660561159 0.0526288492 0.0643832766 0 0.862745 0.862745
v 0.0659014683 0.0526255326 0.0626840844 0 0.862745 0.862745
v 0.0657461768 0.0526211591 0.0609849617 0 0.862745 0.862745
v 0.0655841069 0.0526171462 0.0592864568 0 0.862745 0.862745
v 0.0654230536 0.052625409 0.0575878648 0 0.862745 0.862745
v 0.0652556475 0.0526291917 0.0558898956 0 0.862745 0.862745
v 0.0650792233 0.0526257206 0.0541928147 1 0.470588 0
v 0.0649103988 0.0526229254 0.05249497 1 0.470588 0
v 0.0647460923 0.0526205321 0.0507966712 1 0.470588 0
v 0.0645734523 0.0526178786 0.0490992063 1 0.470588 0
v 0.0643930166 0.0526181469 0.0474025444 1 0.470588 0
v 0.0642195806 0.0526206497 0.0457051618 1 0.470588 0
v 0.0640333655 0.0526296571 0.0440091486 1 0.470588 0
v 0.0638563599 0.0526339903 0.0423121364 1 0.470588 0
v 0.0636794895 0.0526370873 0.040615113 1 0.470588 0
v 0.0634730977 0.052634731 0.0389214135 1 0.470588 0
v 0.0632671375 0.052631084 0.0372276651 0.470588 1 0
v 0.0630622255 0.0526243025 0.0355337979 0.470588 1 0
v 0.0628421791 0.0526207228 0.0338418378 0.470588 1 0
v 0.0626152329 0.0526197579 0.0321507685 0.470588 1 0
v 0.0623851131 0.0526153152 0.0304601355 0.470588 1 0
v 0.0621547733 0.0526093491 0.0287695356 0.470588 1 0
v 0.0619222758 0.0526068085 0.027079224 0.470588 1 0
v 0.0616756575 0.0526002357 0.0253909242 0.470588 1 0
v 0.0614362994 0.0525915296 0.0237015948 0.470588 1 0
v 0.0611918508 0.0525821545 0.022013066 0.470588 1 0
v 0.0609659846 0.0525855533 0.0203218552 0.470588 1 0
v 0.0449030518 0.0500242981 0.28439536 0.705882 0 1
v 0.0460474975 0.0503059959 0.2831613 0.705882 0 1
v 0.0471956118 0.0504406373 0.281906572 0.705882 0 1
v 0.0483397064 0.0505289643 0.280644175 0.705882 0 1
v 0.0494711166 0.0505505429 0.279366794 0.705882 0 1
v 0.050572706 0.0505729334 0.278063896 0.705882 0 1
v 0.0516556875 0.0505935783 0.276745256 0 0.862745 0.862745
v 0.0526959327 0.0506058487 0.27539252 0 0.862745 0.862745
v 0.0537162807 0.0506155427 0.274024884 0 0.862745 0.862745
v 0.0547070467 0.0506219429 0.272635422 0 0.862745 0.862745
v 0.0556661687 0.0506319899 0.271224319 0 0.862745 0.862745
v 0.0565993271 0.0506435855 0.269795562 0 0.862745 0.862745
v 0.0574973833 0.0506463316 0.268344509 0 0.862745 0.862745
v 0.0583659259 0.0506507197 0.266875831 0 0.862745 0.862745
v 0.0592050045 0.0506582542 0.265389845 0 0.862745 0.862745
v 0.0600114336 0.0506630526 0.263886017 0 0.862745 0.862745
v 0.0608023938 0.0506655599 0.262373854 1 0.470588 0
v 0.0615623094 0.0506662844 0.260845981 1 0.470588 0
v 0.0622985819 0.0506665328 0.259306447 1 0.470588 0
v 0.0630023177 0.0506618166 0.257751923 1 0.470588 0
v 0.0636905913 0.0506515053 0.256190386 1 0.470588 0
v 0.0643492118 0.0506578638 0.254616143 1 0.470588 0
v 0.0649973801 0.0506626477 0.253037521 1 0.470588 0
v 0.0656213032 0.0506609878 0.251449133 1 0.470588 0
v 0.0662372959 0.050659247 0.249857682 1 0.470588 0
v 0.0668391447 0.0506565978 0.2482608 1 0.470588 0
v 0.0674232016 0.050654697 0.246657453 0.470588 1 0
v 0.0679861046 0.0506536269 0.245046428 0.470588 1 0
v 0.0685257961 0.0506474807 0.243427597 0.470588 1 0
v 0.0690509459 0.0506397497 0.241803892 0.470588 1 0
v 0.0695389638 0.0506395929 0.240168674 0.470588 1 0
v 0.0700146719 0.05063899 0.238529837 0.470588 1 0
v 0.0704636339 0.0506326856 0.23688343 0.470588 1 0
v 0.0709062945 0.0506258352 0.235235367 0.470588 1 0
v 0.0713274509 0.0506188793 0.233581632 0.470588 1 0
v 0.0717495842 0.0506131288 0.231928141 0.470588 1 0
v 0.0721490278 0.050606847 0.230269107 1 0 0.705882
v 0.0725343584 0.0506006537 0.228606655 1 0 0.705882
v 0.0728935507 0.0505980903 0.226938417 1 0 0.705882
v 0.0732321556 0.0505942897 0.225265826 1 0 0.705882
v 0.0735622386 0.0505886995 0.223591527 1 0 0.705882
v 0.0738832868 0.0505807181 0.221915509 1 0 0.705882
v 0.0741871712 0.0505700985 0.220236282 1 0 0.705882
v 0.0744930478 0.050561914 0.218557406 1 0 0.705882
v 0.0747969698 0.0505540731 0.216878181 1 0 0.705882
v 0.0750838311 0.0505512159 0.215195947 1 0 0.705882
v 0.0753618621 0.050548827 0.213512222 0.313725 0.313725 1
v 0.0756176936 0.050546366 0.211824973 0.313725 0.313725 1
v 0.0758596437 0.0505400286 0.210135691 0.313725 0.313725 1
v 0.0760818467 0.0505348398 0.208443702 0.313725 0.313725 1
v 0.0762985614 0.0505291828 0.206750992 0.313725 0.313725 1
v 0.0764985947 0.050523547 0.205056248 0.313725 0.313725 1
v 0.0766932487 0.0505168468 0.203360866 0.313725 0.313725 1
v 0.0768891128 0.0505118908 0.201665628 0.313725 0.313725 1
v 0.0770743116 0.0505058917 0.199969182 0.313725 0.313725 1
v 0.0772575014 0.0505016699 0.198272517 0.313725 0.313725 1
v 0.0774294337 0.0505001678 0.196574687 0.313725 0.313725 1
v 0.0775910811 0.0504969576 0.194875828 0.313725 0.313725 1
v 0.0777279069 0.0504917362 0.193174868 0.705882 0.470588 0.156863
v 0.0778501204 0.0504848119 0.191472728 0.705882 0.470588 0.156863
v 0.0779680396 0.0504795731 0.189770292 0.705882 0.470588 0.156863
v 0.0780750931 0.0504767852 0.188067122 0.705882 0.470588 0.156863
v 0.0781658128 0.0504710831 0.186363047 0.705882 0.470588 0.156863
v 0.0782381954 0.0504647856 0.184658061 0.705882 0.470588 0.156863
v 0.0782956376 0.0504575357 0.182952615 0.705882 0.470588 0.156863
v 0.0782982908 0.0504518752 0.181246115 0.705882 0.470588 0.156863
v 0.0782839226 0.0504449111 0.179540039 0.705882 0.470588 0.156863
v 0.0781596774 0.0504312428 0.177838089 0.705882 0.470588 0.156863
v 0.0779909815 0.0504230589 0.176140448 0.470588 0.470588 0.470588
v 0.0777758656 0.0504179609 0.174447562 0.470588 0.470588 0.470588
v 0.0775102367 0.0504154809 0.172762135 0.470588 0.470588 0.470588
v 0.0772135287 0.0504159875 0.171081592 0.470588 0.470588 0.470588
v 0.0769018363 0.0504189593 0.169403795 0.470588 0.470588 0.470588
v 0.0765787919 0.0504217345 0.167728137 0.470588 0.470588 0.470588
v 0.0762418625 0.0504173007 0.166055198 0.470588 0.470588 0.470588
v 0.075924651 0.0504207188 0.164378434 0.470588 0.470588 0.470588
v 0.075614329 0.0504270561 0.162700374 0.470588 0.470588 0.470588
v 0.0753451753 0.0504347745 0.161015215 0.470588 0.470588 0.470588
v 0.0750751029 0.0504422402 0.159330206 0.470588 0.470588 0.470588
v 0.0748360227 0.0504453357 0.157640519 0.470588 0.470588 0.470588
v 0.0745982487 0.0504483577 0.155950632 1 0 0
v 0.0743983198 0.0504595658 0.154255908 1 0 0
v 0.0741966588 0.0504706511 0.152561371 1 0 0
v 0.0740160282 0.0504722178 0.150864448 1 0 0
v 0.073826669 0.0504739082 0.149168483 1 0 0
v 0.0736652213 0.0504848803 0.147469637 1 0 0
v 0.0735018862 0.050493376 0.145770963 1 0 0
v 0.0733344074 0.0504965902 0.144072669 1 0 0
v 0.0731672518 0.050499784 0.142374344 1 0 0
v 0.0729979682 0.0505048316 0.140676233 1 0 0
v 0.0728319129 0.0505081257 0.138977802 0 1 0
v 0.0726674338 0.0505135006 0.13727922 0 1 0
v 0.0725023166 0.0505169161 0.135580702 0 1 0
v 0.0723368957 0.050517395 0.133882203 0 1 0
v 0.0721803332 0.0505179998 0.132182873 0 1 0
v 0.072023897 0.0505194523 0.130483523 0 1 0
v 0.0718709316 0.0505256135 0.128783874 0 1 0
v 0.0717181268 0.0505255065 0.127084194 0 1 0
v 0.0715695926 0.0505278192 0.125384141 0 1 0
v 0.0714192807 0.0505305943 0.12368424 0 1 0
v 0.0712691519 0.0505291216 0.121984325 0 0.501961 1
v 0.0711152351 0.0505242814 0.120284752 0 0.501961 1
v 0.0709644464 0.0505202658 0.118584898 0 0.501961 1
v 0.0708102867 0.0505201763 0.11688534 0 0.501961 1
v 0.0706587628 0.0505253781 0.115185553 0 0.501961 1
v 0.0705068863 0.05052552 0.113485791 0 0.501961 1
v 0.0703578007 0.0505239479 0.111785781 0 0.501961 1
v 0.070207546 0.0505271436 0.110085879 0 0.501961 1
v 0.0700588882 0.0505288943 0.108385832 0 0.501961 1
v 0.0699114388 0.0505275497 0.106685679 0 0.501961 1
v 0.0697667815 0.0505279751 0.104985288 1 0.784314 0
v 0.0696226643 0.0505290576 0.10328485 1 0.784314 0
v 0.0694777578 0.0505296922 0.101584478 1 0.784314 0
v 0.0693374332 0.0505318288 0.0998837238 1 0.784314 0
v 0.0691986581 0.0505352692 0.0981828439 1 0.784314 0
v 0.0690603466 0.0505393058 0.0964819274 1 0.784314 0
v 0.0689255489 0.0505424295 0.0947807289 1 0.784314 0
v 0.0687887875 0.0505451829 0.0930796845 1 0.784314 0
v 0.06865642 0.0505484933 0.0913782961 0.705882 0 1
v 0.0685225168 0.0505508342 0.0896770242 0.705882 0 1
v 0.0683884502 0.0505515951 0.0879757639 0.705882 0 1
v 0.0682568328 0.0505507695 0.0862743132 0.705882 0 1
v 0.0681250677 0.0505555206 0.0845728798 0.705882 0 1
v 0.0679906647 0.0505605316 0.0828716549 0.705882 0 1
v 0.0678576371 0.0505627644 0.0811703137 0.705882 0 1
v 0.0677188729 0.0505621812 0.0794694346 0.705882 0 1
v 0.0675765774 0.050560355 0.0777688429 0.705882 0 1
v 0.0674338404 0.0505591846 0.0760682879 0.705882 0 1
v 0.0672942666 0.0505613678 0.0743674722 0 0.862745 0.862745
v 0.0671550903 0.0505638988 0.0726666239 0 0.862745 0.862745
v 0.0670060319 0.0505624853 0.0709666135 0 0.862745 0.862745
v 0.0668554806 0.0505607287 0.0692667327 0 0.862745 0.862745
v 0.0667059038 0.050563977 0.0675667685 0 0.862745 0.862745
v 0.0665545334 0.0505672847 0.0658669671 0 0.862745 0.862745
v 0.066397101 0.0505630779 0.064167719 0 0.862745 0.862745
v 0.0662378935 0.0505584568 0.0624686327 0 0.862745 0.862745
v 0.0660822385 0.0505547903 0.0607692147 0 0.862745 0.862745
v 0.0659240409 0.0505530197 0.0590700397 0 0.862745 0.862745
v 0.0657540852 0.050559775 0.0573720017 0 0.862745 0.862745
v 0.0655872485 0.0505615435 0.055673652 0 0.862745 0.862745
v 0.065422332 0.050558698 0.0539751075 1 0.470588 0
v 0.0652501882 0.0505586808 0.0522772795 1 0.470588 0
v 0.0650756738 0.0505583681 0.0505796906 1 0.470588 0
v 0.0649055955 0.0505612464 0.048881654 1 0.470588 0
v 0.0647298139 0.0505627946 0.0471842053 1 0.470588 0
v 0.0645589782 0.0505659298 0.0454862466 1 0.470588 0
v 0.0643836303 0.0505664921 0.0437887441 1 0.470588 0
v 0.0642036313 0.0505683512 0.042091739 1 0.470588 0
v 0.064018639 0.0505707961 0.0403952618 1 0.470588 0
v 0.0638326282 0.0505733242 0.038698896 1 0.470588 0
v 0.0636320482 0.0505701194 0.0370042576 0.470588 1 0
v 0.0634156655 0.0505604675 0.0353115235 0.470588 1 0
v 0.0632015518 0.0505571633 0.033618487 0.470588 1 0
v 0.0629891955 0.0505587755 0.0319252163 0.470588 1 0
v 0.0627692259 0.0505552284 0.0302329387 0.470588 1 0
v 0.0625398055 0.0505483835 0.0285419086 0.470588 1 0
v 0.0623081701 0.050544959 0.0268511722 0.470588 1 0
v 0.0620744979 0.0505467338 0.0251607114 0.470588 1 0
v 0.0618400682 0.0505397688 0.0234703741 0.470588 1 0
v 0.0616171586 0.050536524 0.0217784822 0.470588 1 0
v 0.061393694 0.0505394301 0.0200866458 0.470588 1 0
v 0.0455430281 0.0480312908 0.284286314 0.705882 0 1
v 0.0466720911 0.0482583132 0.283029536 0.705882 0 1
v 0.0478062575 0.0484166497 0.281768178 0.705882 0 1
v 0.0489307207 0.0484503118 0.280487052 0.705882 0 1
v 0.050050171 0.0484797624 0.279201598 0.705882 0 1
v 0.0511290883 0.048503212 0.277881672 0.705882 0 1
v 0.0521930133 0.0485232265 0.276549856 0 0.862745 0.862745
v 0.0532237813 0.0485346446 0.275191835 0 0.862745 0.862745
v 0.0542275387 0.048542438 0.273814061 0 0.862745 0.862745
v 0.055206083 0.0485468788 0.272417899 0 0.862745 0.862745
v 0.0561477523 0.0485577897 0.27099677 0 0.862745 0.862745
v 0.0570721999 0.0485672823 0.269564501 0 0.862745 0.862745
v 0.0579479244 0.0485648218 0.26810165 0 0.862745 0.862745
v 0.0588046464 0.0485676452 0.266627754 0 0.862745 0.862745
v 0.0596272564 0.0485755531 0.265134469 0 0.862745 0.862745
v 0.0604287735 0.0485807477 0.263629743 0 0.862745 0.862745
v 0.0612099736 0.0485836888 0.262114363 1 0.470588 0
v 0.061960868 0.048585732 0.26058377 1 0.470588 0
v 0.0626976478 0.0485867053 0.259046243 1 0.470588 0
v 0.0633968221 0.0485756859 0.257491404 1 0.470588 0
v 0.0640808159 0.0485606265 0.255929753 1 0.470588 0
v 0.064735441 0.0485685052 0.254355593 1 0.470588 0
v 0.0653765118 0.0485798819 0.252775827 1 0.470588 0
v 0.0660049252 0.0485809804 0.25119092 1 0.470588 0
v 0.0666212132 0.0485807757 0.249601336 1 0.470588 0
v 0.0672196705 0.048578345 0.248004878 1 0.470588 0
v 0.0678019711 0.0485771059 0.246402523 0.470588 1 0
v 0.0683717393 0.0485763182 0.244795601 0.470588 1 0
v 0.068911096 0.0485728218 0.243178317 0.470588 1 0
v 0.0694364351 0.0485668796 0.241556341 0.470588 1 0
v 0.0699204284 0.0485651719 0.239921554 0.470588 1 0
v 0.0703972677 0.0485618133 0.238284695 0.470588 1 0
v 0.0708504309 0.0485567345 0.236641086 0.470588 1 0
v 0.0713031362 0.0485531848 0.234997366 0.470588 1 0
v 0.071730385 0.0485502656 0.233346847 0.470588 1 0
v 0.0721478761 0.0485446578 0.231693824 0.470588 1 0
v 0.0725495896 0.0485412278 0.230036885 1 0 0.705882
v 0.0729355487 0.0485375886 0.228376274 1 0 0.705882
v 0.0733002356 0.0485337155 0.226710795 1 0 0.705882
v 0.0736547377 0.04852974 0.225043141 1 0 0.705882
v 0.073983955 0.0485233784 0.223370328 1 0 0.705882
v 0.0743052816 0.0485141435 0.221695964 1 0 0.705882
v 0.0746256844 0.0485040636 0.220021427 1 0 0.705882
v 0.0749297706 0.0484988237 0.218343845 1 0 0.705882
v 0.075230462 0.0484945423 0.216665631 1 0 0.705882
v 0.0755247063 0.0484927984 0.21498627 1 0 0.705882
v 0.0758024995 0.0484905323 0.213304156 0.313725 0.313725 1
v 0.0760558618 0.0484874295 0.211618147 0.313725 0.313725 1
v 0.0763024924 0.0484827529 0.209931153 0.313725 0.313725 1
v 0.07652776 0.048475953 0.208241199 0.313725 0.313725 1
v 0.0767415771 0.0484687888 0.206549732 0.313725 0.313725 1
v 0.0769500321 0.0484603888 0.2048576 0.313725 0.313725 1
v 0.0771484002 0.048453687 0.203164263 0.313725 0.313725 1
v 0.0773503151 0.048452308 0.201471318 0.313725 0.313725 1
v 0.0775469332 0.0484513523 0.199777773 0.313725 0.313725 1
v 0.0777260853 0.048451003 0.198082267 0.313725 0.313725 1
v 0.077905178 0.0484506527 0.196386755 0.313725 0.313725 1
v 0.0780516315 0.0484470625 0.194688121 0.313725 0.313725 1
v 0.0781976298 0.0484434265 0.192989443 0.705882 0.470588 0.156863
v 0.0783227382 0.0484376136 0.191289127 0.705882 0.470588 0.156863
v 0.0784442515 0.0484315533 0.189588529 0.705882 0.470588 0.156863
v 0.0785427742 0.0484284298 0.187886445 0.705882 0.470588 0.156863
v 0.0786366707 0.0484220331 0.186184108 0.705882 0.470588 0.156863
v 0.0787261964 0.0484112959 0.184481554 0.705882 0.470588 0.156863
v 0.0787587611 0.0484071303 0.182776954 0.705882 0.470588 0.156863
v 0.07877951 0.0484026675 0.1810722 0.705882 0.470588 0.156863
v 0.0787016692 0.0483932755 0.179369078 0.705882 0.470588 0.156863
v 0.0786163824 0.0483832207 0.177666375 0.705882 0.470588 0.156863
v 0.0784301948 0.0483773331 0.175972028 0.470588 0.470588 0.470588
v 0.0782268068 0.048374886 0.17427926 0.470588 0.470588 0.470588
v 0.0779695672 0.048375725 0.172594354 0.470588 0.470588 0.470588
v 0.0776786392 0.0483779484 0.17091442 0.470588 0.470588 0.470588
v 0.0773679485 0.0483802536 0.169238082 0.470588 0.470588 0.470588
v 0.0770368567 0.0483839961 0.167565599 0.470588 0.470588 0.470588
v 0.0767068912 0.0483871358 0.165892897 0.470588 0.470588 0.470588
v 0.0763797007 0.0483875297 0.164219642 0.470588 0.470588 0.470588
v 0.0760658419 0.0483891784 0.162543949 0.470588 0.470588 0.470588
v 0.0757823727 0.0483935306 0.160862744 0.470588 0.470588 0.470588
v 0.0755165096 0.048397753 0.159178783 0.470588 0.470588 0.470588
v 0.0752776846 0.0484014942 0.157490652 0.470588 0.470588 0.470588
v 0.0750431443 0.0484054333 0.155801961 1 0 0
v 0.0748408204 0.0484157202 0.154109119 1 0 0
v 0.0746225884 0.0484213145 0.152418208 1 0 0
v 0.0744346421 0.0484256587 0.150723686 1 0 0
v 0.074247464 0.0484288874 0.149029054 1 0 0
v 0.0740706019 0.0484343775 0.147333338 1 0 0
v 0.0738905961 0.04843874 0.145637928 1 0 0
v 0.0737280792 0.0484423437 0.143940751 1 0 0
v 0.0735650158 0.0484453253 0.142243626 1 0 0
v 0.0733976794 0.0484508383 0.140546923 1 0 0
v 0.0732231959 0.0484538838 0.138850943 0 1 0
v 0.0730576683 0.0484569658 0.137154058 0 1 0
v 0.072891882 0.0484596724 0.135457207 0 1 0
v 0.072727182 0.0484620884 0.133760249 0 1 0
v 0.072568774 0.0484620632 0.132062709 0 1 0
v 0.0724122013 0.0484633353 0.13036497 0 1 0
v 0.0722503011 0.048465341 0.128667737 0 1 0
v 0.0720973953 0.0484650641 0.126969663 0 1 0
v 0.0719457101 0.0484670524 0.125271482 0 1 0
v 0.0717915785 0.0484699656 0.123573522 0 1 0
v 0.071642694 0.0484701236 0.121875095 0 0.501961 1
v 0.0714928469 0.048467666 0.120176755 0 0.501961 1
v 0.071343411 0.0484639657 0.118478377 0 0.501961 1
v 0.0711904802 0.0484602616 0.116780311 0 0.501961 1
v 0.0710408818 0.0484583424 0.115081944 0 0.501961 1
v 0.0708911251 0.048456742 0.11338359 0 0.501961 1
v 0.0707391848 0.048460483 0.111685438 0 0.501961 1
v 0.0705865738 0.0484667303 0.109987349 0 0.501961 1
v 0.0704349739 0.0484679495 0.108289167 0 0.501961 1
v 0.0702841341 0.0484629626 0.106590916 0 0.501961 1
v 0.0701344537 0.0484629658 0.104892561 1 0.784314 0
v 0.0699874929 0.0484654421 0.103193966 1 0.784314 0
v 0.0698427739 0.0484659214 0.101495175 1 0.784314 0
v 0.0696971888 0.0484659256 0.0997964582 1 0.784314 0
v 0.0695534257 0.048468274 0.0980975914 1 0.784314 0
v 0.0694131091 0.0484721752 0.0963984356 1 0.784314 0
v 0.0692712469 0.0484760889 0.0946994104 1 0.784314 0
v 0.0691348209 0.0484788265 0.0929999354 1 0.784314 0
v 0.0689964012 0.048480603 0.0913006228 0.705882 0 1
v 0.0688623413 0.0484828877 0.0896009588 0.705882 0 1
v 0.0687269033 0.0484841708 0.0879014053 0.705882 0 1
v 0.0685944405 0.0484826595 0.0862016153 0.705882 0 1
v 0.0684611656 0.0484876255 0.0845018957 0.705882 0 1
v 0.0683270889 0.0484929096 0.0828022414 0.705882 0 1
v 0.0681892179 0.0484938882 0.0811028814 0.705882 0 1
v 0.0680510922 0.0484946227 0.0794035417 0.705882 0 1
v 0.0679128561 0.0484949956 0.0777042108 0 0.862745 0.862745
v 0.0677710745 0.0484947624 0.0760051732 0 0.862745 0.862745
v 0.0676293224 0.0484959554 0.074306134 0 0.862745 0.862745
v 0.0674848161 0.0484959359 0.0726073248 0 0.862745 0.862745
v 0.0673410593 0.0484952495 0.0709084521 0 0.862745 0.862745
v 0.0671959002 0.0484943483 0.0692097008 0 0.862745 0.862745
v 0.0670407743 0.0484962978 0.0675118308 0 0.862745 0.862745
v 0.0668848292 0.0484979117 0.0658140347 0 0.862745 0.862745
v 0.0667317846 0.0484937153 0.0641159785 0 0.862745 0.862745
v 0.0665780838 0.048489635 0.062417983 0 0.862745 0.862745
v 0.0664138215 0.0484894859 0.0607209706 0 0.862745 0.862745
v 0.0662493101 0.048489101 0.0590239818 0 0.862745 0.862745
v 0.0660844043 0.0484945131 0.0573270408 1 0.470588 0
v 0.0659189855 0.0484959841 0.0556301409 1 0.470588 0
v 0.0657508974 0.0484950837 0.053933504 1 0.470588 0
v 0.0655828165 0.0484967469 0.0522368659 1 0.470588 0
v 0.0654127855 0.0484977677 0.0505404233 1 0.470588 0
v 0.0652384092 0.0484982832 0.0488444199 1 0.470588 0
v 0.0650664101 0.0484993022 0.0471481773 1 0.470588 0
v 0.0648979489 0.048501099 0.0454515791 1 0.470588 0
v 0.0647236112 0.0485017844 0.0437555727 1 0.470588 0
v 0.0645496352 0.0485024515 0.0420595301 1 0.470588 0
v 0.0643678711 0.0485027482 0.0403643089 0.470588 1 0
v 0.0641743792 0.0485043145 0.0386703805 0.470588 1 0
v 0.0639784997 0.0485010863 0.0369767344 0.470588 1 0
v 0.0637810774 0.0484947597 0.0352832707 0.470588 1 0
v 0.0635689389 0.0484904925 0.0335916009 0.470588 1 0
v 0.0633514687 0.0484906188 0.031900583 0.470588 1 0
v 0.063134461 0.048489428 0.0302095079 0.470588 1 0
v 0.0629176048 0.0484852684 0.0285184197 0.470588 1 0
v 0.0626966477 0.0484863637 0.0268278559 0.470588 1 0
v 0.0624786826 0.048488875 0.0251369036 0.470588 1 0
v 0.0622563607 0.0484897868 0.0234465341 0.470588 1 0
v 0.062036723 0.0484882641 0.0217557987 0.470588 1 0
v 0.0618144132 0.0484861985 0.0200654154 0.470588 1 0
v 0.0461623538 0.0460328388 0.28416021 0.705882 0 1
v 0.0472864841 0.0462430548 0.282898127 0.705882 0 1
v 0.0483987515 0.0463709692 0.281614857 0.705882 0 1
v 0.0495159856 0.0464016595 0.280329807 0.705882 0 1
v 0.0506033204 0.0464161861 0.279019048 0.705882 0 1
v 0.0516731141 0.0464358133 0.277693906 0.705882 0 1
v 0.0527170066 0.0464510766 0.276348665 0 0.862745 0.862745
v 0.0537316983 0.0464610185 0.274980765 0 0.862745 0.862745
v 0.054717864 0.0464664464 0.273592283 0 0.862745 0.862745
v 0.0556870891 0.0464704975 0.272191896 0 0.862745 0.862745
v 0.0566089727 0.0464801935 0.270759806 0 0.862745 0.862745
v 0.0575107017 0.0464844881 0.269315207 0 0.862745 0.862745
v 0.0583839528 0.0464810074 0.267852926 0 0.862745 0.862745
v 0.0592230676 0.0464847665 0.266371139 0 0.862745 0.862745
v 0.0600358654 0.0464925155 0.264874427 0 0.862745 0.862745
v 0.0608314126 0.0464975665 0.26336863 0 0.862745 0.862745
v 0.0615969187 0.0465006559 0.261847171 1 0.470588 0
v 0.0623507416 0.0465031126 0.260320055 1 0.470588 0
v 0.0630684859 0.0465036016 0.258775487 1 0.470588 0
v 0.0637722627 0.0464957659 0.257224642 1 0.470588 0
v 0.064451203 0.0464856118 0.255662675 1 0.470588 0
v 0.0651051194 0.0464897378 0.254090103 1 0.470588 0
v 0.0657467258 0.0464956892 0.252512436 1 0.470588 0
v 0.0663753087 0.0464984769 0.250929488 1 0.470588 0
v 0.0669903022 0.0464993166 0.249341274 1 0.470588 0
v 0.0675919255 0.0464985528 0.247747883 1 0.470588 0
v 0.0681730746 0.0464977294 0.246146972 0.470588 1 0
v 0.0687426832 0.0464964784 0.244541859 0.470588 1 0
v 0.0692773249 0.0464932922 0.242924821 0.470588 1 0
v 0.0698047431 0.0464907969 0.241305391 0.470588 1 0
v 0.0702925851 0.0464875235 0.239673568 0.470588 1 0
v 0.0707759417 0.0464842833 0.238040442 0.470588 1 0
v 0.0712334856 0.0464805611 0.236399871 0.470588 1 0
v 0.0716809655 0.0464780649 0.234756558 0.470588 1 0
v 0.072115091 0.046477556 0.233109627 0.470588 1 0
v 0.0725344885 0.0464754805 0.231458941 0.470588 1 0
v 0.0729337418 0.0464704933 0.229803218 1 0 0.705882
v 0.0733179302 0.0464663454 0.228143969 1 0 0.705882
v 0.0736915363 0.0464624625 0.226482277 1 0 0.705882
v 0.0740398363 0.0464586497 0.224815099 1 0 0.705882
v 0.0743841606 0.0464546881 0.223147085 1 0 0.705882
v 0.0747121792 0.0464489093 0.221475819 1 0 0.705882
v 0.0750271622 0.0464404263 0.219802034 1 0 0.705882
v 0.0753415825 0.0464377612 0.218128123 1 0 0.705882
v 0.0756481313 0.0464350311 0.216452786 1 0 0.705882
v 0.0759361902 0.0464320475 0.214774138 1 0 0.705882
v 0.076217034 0.0464286652 0.213094289 0.313725 0.313725 1
v 0.0764803117 0.046424635 0.211411613 0.313725 0.313725 1
v 0.076721515 0.046419154 0.209725618 0.313725 0.313725 1
v 0.076955559 0.0464125529 0.208038601 0.313725 0.313725 1
v 0.0771717007 0.0464078298 0.206349229 0.313725 0.313725 1
v 0.0773746855 0.0464022141 0.20465819 0.313725 0.313725 1
v 0.0775806444 0.0464028854 0.202967508 0.313725 0.313725 1
v 0.077781078 0.0464043054 0.201276166 0.313725 0.313725 1
v 0.0779708582 0.0464009903 0.199583589 0.313725 0.313725 1
v 0.0781530136 0.0463995513 0.197890181 0.313725 0.313725 1
v 0.0783208253 0.0463959241 0.196195285 0.313725 0.313725 1
v 0.0784788706 0.0463923738 0.194499482 0.313725 0.313725 1
v 0.0786182832 0.0463873755 0.192802025 0.705882 0.470588 0.156863
v 0.0787525881 0.0463816563 0.191104159 0.705882 0.470588 0.156863
v 0.0788698395 0.0463776387 0.189405024 0.705882 0.470588 0.156863
v 0.0789814372 0.0463766572 0.187705498 0.705882 0.470588 0.156863
v 0.0790729816 0.0463720304 0.186004834 0.705882 0.470588 0.156863
v 0.0791479095 0.0463631152 0.184303321 0.705882 0.470588 0.156863
v 0.0791837632 0.0463565863 0.182600722 0.705882 0.470588 0.156863
v 0.0791825213 0.0463475222 0.180897559 0.705882 0.470588 0.156863
v 0.0791138082 0.0463382862 0.179195983 0.705882 0.470588 0.156863
v 0.0790306437 0.0463318868 0.177494845 0.705882 0.470588 0.156863
v 0.0788714648 0.0463311597 0.175799858 0.470588 0.470588 0.470588
v 0.0786750684 0.0463311312 0.174108039 0.470588 0.470588 0.470588
v 0.0784139442 0.0463320026 0.1724255 0.470588 0.470588 0.470588
v 0.0781070442 0.0463308296 0.170750191 0.470588 0.470588 0.470588
v 0.0777872719 0.0463319748 0.169077324 0.470588 0.470588 0.470588
v 0.0774527869 0.046334145 0.167407311 0.470588 0.470588 0.470588
v 0.0771222984 0.0463377595 0.16573651 0.470588 0.470588 0.470588
v 0.0767963745 0.0463421801 0.164064804 0.470588 0.470588 0.470588
v 0.0764983681 0.0463452888 0.162387997 0.470588 0.470588 0.470588
v 0.0762026147 0.0463467147 0.160710699 0.470588 0.470588 0.470588
v 0.075936868 0.0463493033 0.159028511 0.470588 0.470588 0.470588
v 0.0756888996 0.0463513573 0.157343473 0.470588 0.470588 0.470588
v 0.07544752 0.0463542222 0.155657491 1 0 0
v 0.0752414462 0.0463609757 0.153966844 1 0 0
v 0.0750307225 0.0463672836 0.152276768 1 0 0
v 0.0748309643 0.0463707978 0.150585389 1 0 0
v 0.0746270647 0.0463724846 0.148894451 1 0 0
v 0.0744495893 0.0463773362 0.147200583 1 0 0
v 0.0742758553 0.0463824686 0.145506295 1 0 0
v 0.0741024594 0.0463845444 0.143811989 1 0 0
v 0.0739337268 0.0463863296 0.142117181 1 0 0
v 0.0737699845 0.0463903955 0.14042189 1 0 0
v 0.0735990587 0.0463938249 0.138727319 0 1 0
v 0.0734254116 0.0463954212 0.137033022 0 1 0
v 0.0732556358 0.0463972115 0.135338342 0 1 0
v 0.0730909702 0.0463994352 0.133643141 0 1 0
v 0.0729358137 0.046399032 0.13194706 0 1 0
v 0.0727766325 0.0463980706 0.130251338 0 1 0
v 0.0726183592 0.046400834 0.128555528 0 1 0
v 0.0724591562 0.046402677 0.126859811 0 1 0
v 0.0723083535 0.0464060108 0.125163317 0 1 0
v 0.0721526049 0.0464080487 0.12346727 0 1 0
v 0.0719998073 0.0464068191 0.121770953 0 0.501961 1
v 0.0718474689 0.0464056443 0.120074599 0 0.501961 1
v 0.0717051224 0.0464072895 0.118377377 0 0.501961 1
v 0.0715537951 0.0464040357 0.116680931 0 0.501961 1
v 0.0714047232 0.0464013693 0.114984282 0 0.501961 1
v 0.0712519243 0.0463994774 0.113287967 0 0.501961 1
v 0.0710961873 0.0463979948 0.111591917 0 0.501961 1
v 0.0709443057 0.0464025187 0.109895523 0 0.501961 1
v 0.070794134 0.0464027165 0.108198972 0 0.501961 1
v 0.0706477006 0.0463966748 0.106502104 0 0.501961 1
v 0.0704971566 0.0463991514 0.104805586 1 0.784314 0
v 0.0703473511 0.0464025785 0.103109004 1 0.784314 0
v 0.0702020806 0.0464011808 0.101412028 1 0.784314 0
v 0.0700552433 0.0464005929 0.0997151831 1 0.784314 0
v 0.0699094499 0.0464024278 0.0980182487 1 0.784314 0
v 0.0697605959 0.0464055703 0.09632159 1 0.784314 0
v 0.0696184736 0.0464095159 0.0946243473 1 0.784314 0
v 0.0694771984 0.0464114077 0.092927034 1 0.784314 0
v 0.0693372194 0.0464128156 0.0912296093 1 0.784314 0
v 0.0691991278 0.0464147672 0.0895320316 1 0.784314 0
v 0.0690618306 0.046417047 0.0878343888 0.705882 0 1
v 0.0689262309 0.0464194553 0.0861366122 0.705882 0 1
v 0.0687879085 0.0464202315 0.0844390513 0.705882 0 1
v 0.0686500463 0.0464211658 0.0827414533 0.705882 0 1
v 0.0685147074 0.0464229822 0.0810436526 0.705882 0 1
v 0.0683764448 0.0464243926 0.0793460906 0.705882 0 1
v 0.068235393 0.0464236643 0.077648756 0.705882 0 1
v 0.0680930246 0.0464231905 0.0759515299 0.705882 0 1
v 0.0679530598 0.0464251047 0.0742541044 0 0.862745 0.862745
v 0.0678078685 0.0464263557 0.07255712 0 0.862745 0.862745
v 0.067660933 0.0464249911 0.0708602847 0 0.862745 0.862745
v 0.0675114676 0.0464233932 0.0691636695 0 0.862745 0.862745
v 0.0673611838 0.0464258211 0.0674671271 0 0.862745 0.862745
v 0.0672087856 0.0464273685 0.0657707749 0 0.862745 0.862745
v 0.0670518442 0.0464223097 0.0640748428 0 0.862745 0.862745
v 0.0668933701 0.0464173561 0.0623790522 0 0.862745 0.862745
v 0.0667327207 0.0464204652 0.0606834611 0 0.862745 0.862745
v 0.066571129 0.046423038 0.0589879601 0 0.862745 0.862745
v 0.066404361 0.0464240478 0.0572929579 1 0.470588 0
v 0.0662364745 0.0464244699 0.0555980653 1 0.470588 0
v 0.066069694 0.046425973 0.0539030648 1 0.470588 0
v 0.06590073 0.0464268889 0.0522082826 1 0.470588 0
v 0.0657306211 0.0464279292 0.0505136128 1 0.470588 0
v 0.0655616644 0.0464301202 0.0488188279 1 0.470588 0
v 0.0653903157 0.0464311184 0.0471242833 1 0.470588 0
v 0.0652176573 0.0464314323 0.0454298701 1 0.470588 0
v 0.0650474606 0.0464333257 0.0437352101 1 0.470588 0
v 0.0648732537 0.0464343365 0.0420409616 1 0.470588 0
v 0.0646913371 0.0464346491 0.0403475193 0.470588 1 0
v 0.0645074046 0.0464349283 0.0386542936 0.470588 1 0
v 0.0643096367 0.0464316979 0.0369626441 0.470588 1 0
v 0.0641068601 0.0464266606 0.0352715784 0.470588 1 0
v 0.063902865 0.0464252145 0.0335806545 0.470588 1 0
v 0.0636933972 0.0464247252 0.0318903988 0.470588 1 0
v 0.0634803937 0.0464233997 0.0302005894 0.470588 1 0
v 0.0632670265 0.0464247806 0.0285108259 0.470588 1 0
v 0.0630495646 0.0464261748 0.0268215878 0.470588 1 0
v 0.0628291222 0.0464241429 0.0251327327 0.470588 1 0
v 0.0626074202 0.0464190283 0.0234440441 0.470588 1 0
v 0.062384848 0.0464156944 0.021755466 0.470588 1 0
v 0.06217236 0.0464209109 0.0200655973 0.470588 1 0
v 0.0467744369 0.0440324773 0.284028124 0.705882 0 1
v 0.047879175 0.0441772454 0.282742396 0.705882 0 1
v 0.0489820764 0.0443205839 0.281454835 0.705882 0 1
v 0.0500751682 0.044338918 0.280151372 0.705882 0 1
v 0.0511515139 0.0443523726 0.27883405 0.705882 0 1
v 0.0522009979 0.044364502 0.277494951 0.705882 0 1
v 0.0532232912 0.044375607 0.276135179 0 0.862745 0.862745
v 0.0542285292 0.044385978 0.274762572 0 0.862745 0.862745
v 0.0551907028 0.0443890504 0.273359414 0 0.862745 0.862745
v 0.0561412651 0.0443933341 0.271948511 0 0.862745 0.862745
v 0.057060274 0.0444011873 0.270516692 0 0.862745 0.862745
v 0.0579499151 0.0444033574 0.269066631 0 0.862745 0.862745
v 0.0588143195 0.044402952 0.267601342 0 0.862745 0.862745
v 0.0596370778 0.0444102364 0.266112125 0 0.862745 0.862745
v 0.060437676 0.044415021 0.264611023 0 0.862745 0.862745
v 0.0612168368 0.0444160007 0.263098523 0 0.862745 0.862745
v 0.0619790747 0.0444175279 0.261577474 1 0.470588 0
v 0.0627268121 0.044417395 0.260049214 1 0.470588 0
v 0.0634417762 0.0444184526 0.258505336 1 0.470588 0
v 0.0641364786 0.0444178674 0.256952291 1 0.470588 0
v 0.0648125279 0.0444174796 0.255390975 1 0.470588 0
v 0.0654720607 0.0444080028 0.253822732 1 0.470588 0
v 0.0661186057 0.0443941033 0.252249077 1 0.470588 0
v 0.0667436342 0.0444093737 0.250666733 1 0.470588 0
v 0.0673544399 0.0444176898 0.249078834 1 0.470588 0
v 0.0679568802 0.0444178582 0.247487668 1 0.470588 0
v 0.0685332437 0.0444169811 0.245886912 0.470588 1 0
v 0.069103709 0.0444160552 0.244284003 0.470588 1 0
v 0.0696391173 0.0444149549 0.242669051 0.470588 1 0
v 0.0701680041 0.0444137709 0.241052011 0.470588 1 0
v 0.0706580274 0.0444107731 0.239422711 0.470588 1 0
v 0.0711389588 0.0444076141 0.237790753 0.470588 1 0
v 0.0716044859 0.0444030452 0.23615429 0.470588 1 0
v 0.072054761 0.0444029098 0.234513607 0.470588 1 0
v 0.0724858195 0.0444023802 0.232867721 0.470588 1 0
v 0.0729007891 0.0443999974 0.231217728 0.470588 1 0
v 0.0733112195 0.0443970698 0.229566581 1 0 0.705882
v 0.0736887308 0.0443931702 0.227907611 1 0 0.705882
v 0.074059306 0.0443891307 0.226247082 1 0 0.705882
v 0.0744160271 0.0443863281 0.224583504 1 0 0.705882
v 0.0747590969 0.0443825535 0.22291708 1 0 0.705882
v 0.0750906067 0.0443784974 0.221248299 1 0 0.705882
v 0.0754185704 0.0443757683 0.219578815 1 0 0.705882
v 0.0757290877 0.044372047 0.217906008 1 0 0.705882
v 0.0760344261 0.0443698937 0.216232239 1 0 0.705882
v 0.0763374366 0.0443690712 0.214558043 1 0 0.705882
v 0.0766115898 0.0443650966 0.21287891 0.313725 0.313725 1
v 0.0768776842 0.0443600569 0.211198458 0.313725 0.313725 1
v 0.0771269216 0.044357731 0.209515437 0.313725 0.313725 1
v 0.0773548841 0.0443520488 0.207829391 0.313725 0.313725 1
v 0.0775727549 0.0443505085 0.206142003 0.313725 0.313725 1
v 0.0777872928 0.0443482329 0.204454196 0.313725 0.313725 1
v 0.0779830979 0.0443447801 0.202764109 0.313725 0.313725 1
v 0.0781776732 0.044341756 0.201073879 0.313725 0.313725 1
v 0.0783694786 0.0443382685 0.199383335 0.313725 0.313725 1
v 0.0785550818 0.0443302938 0.197692135 0.313725 0.313725 1
v 0.078723852 0.0443278554 0.195999132 0.313725 0.313725 1
v 0.0788867636 0.0443296393 0.194305559 0.313725 0.313725 1
v 0.0790241668 0.044324636 0.192609731 0.705882 0.470588 0.156863
v 0.0791594244 0.0443202994 0.19091373 0.705882 0.470588 0.156863
v 0.0792777058 0.0443182337 0.189216468 0.705882 0.470588 0.156863
v 0.0793867839 0.044314729 0.187518579 0.705882 0.470588 0.156863
v 0.0794790117 0.0443101582 0.185819745 0.705882 0.470588 0.156863
v 0.0795492512 0.0443063163 0.184119806 0.705882 0.470588 0.156863
v 0.0795744421 0.0442997119 0.182419004 0.705882 0.470588 0.156863
v 0.0795693139 0.0442910685 0.180717637 0.705882 0.470588 0.156863
v 0.0795169981 0.0442845545 0.179017426 0.705882 0.470588 0.156863
v 0.0794341893 0.0442812837 0.17731805 0.705882 0.470588 0.156863
v 0.0792881625 0.0442783051 0.175624154 0.470588 0.470588 0.470588
v 0.0790728841 0.0442758083 0.173936434 0.470588 0.470588 0.470588
v 0.0788037727 0.0442773397 0.172256702 0.470588 0.470588 0.470588
v 0.078508655 0.0442781172 0.170581137 0.470588 0.470588 0.470588
v 0.0781847023 0.0442800745 0.168910885 0.470588 0.470588 0.470588
v 0.0778460186 0.0442796349 0.167243555 0.470588 0.470588 0.470588
v 0.0775078604 0.0442790405 0.165576105 0.470588 0.470588 0.470588
v 0.0771704785 0.0442795152 0.163908523 0.470588 0.470588 0.470588
v 0.0768663514 0.044282423 0.162234531 0.470588 0.470588 0.470588
v 0.0765741944 0.0442839648 0.160558473 0.470588 0.470588 0.470588
v 0.076307811 0.0442898226 0.15887807 0.470588 0.470588 0.470588
v 0.076057497 0.0442935735 0.157195239 0.470588 0.470588 0.470588
v 0.075822089 0.044297139 0.155510211 1 0 0
v 0.0756043165 0.0443026028 0.15382289 1 0 0
v 0.075388336 0.0443055853 0.152135274 1 0 0
v 0.0751845332 0.0443087652 0.150446186 1 0 0
v 0.0749923928 0.0443129535 0.148755679 1 0 0
v 0.0748010336 0.0443145837 0.147065091 1 0 0
v 0.0746104788 0.044315479 0.1453744 1 0 0
v 0.0744420588 0.0443188137 0.143681382 1 0 0
v 0.074276317 0.0443223436 0.141988082 1 0 0
v 0.0741034811 0.0443243022 0.14029549 1 0 0
v 0.0739328843 0.0443264934 0.138602676 0 1 0
v 0.0737690604 0.0443296323 0.136909188 0 1 0
v 0.0735997804 0.0443314267 0.135216254 0 1 0
v 0.0734251759 0.0443320789 0.133523841 0 1 0
v 0.0732662735 0.0443323463 0.131829894 0 1 0
v 0.07310659 0.0443317468 0.130136014 0 1 0
v 0.0729455442 0.0443327781 0.128442263 0 1 0
v 0.0727869188 0.0443341233 0.126748298 0 1 0
v 0.072636524 0.0443375356 0.12505357 0 1 0
v 0.0724835453 0.0443391696 0.123359074 0 1 0
v 0.0723371084 0.0443402145 0.121663991 0 0.501961 1
v 0.0721902796 0.044340856 0.119968951 0 0.501961 1
v 0.0720402079 0.0443382787 0.118274189 0 0.501961 1
v 0.07189165 0.0443360451 0.116579293 0 0.501961 1
v 0.0717432156 0.0443342116 0.114884387 0 0.501961 1
v 0.0715901383 0.0443323721 0.113189893 0 0.501961 1
v 0.0714363298 0.0443314687 0.111495466 0 0.501961 1
v 0.0712888034 0.04433453 0.109800481 0 0.501961 1
v 0.0711403426 0.0443361135 0.108105575 0 0.501961 1
v 0.0709932191 0.0443386406 0.106410555 0 0.501961 1
v 0.070846042 0.0443407461 0.104715539 1 0.784314 0
v 0.0706957779 0.0443395621 0.103020791 1 0.784314 0
v 0.0705486317 0.0443382494 0.101325775 1 0.784314 0
v 0.0704007782 0.0443353515 0.0996308218 1 0.784314 0
v 0.0702511877 0.0443378266 0.0979360188 1 0.784314 0
v 0.0701003117 0.044340978 0.0962413327 1 0.784314 0
v 0.0699533245 0.0443421479 0.0945463023 1 0.784314 0
v 0.0698050525 0.044342233 0.0928513815 1 0.784314 0
v 0.0696643521 0.0443437031 0.0911558145 1 0.784314 0
v 0.0695218404 0.0443452396 0.0894603988 1 0.784314 0
v 0.0693836816 0.0443461691 0.0877646266 0.705882 0 1
v 0.0692396939 0.0443410797 0.0860693442 0.705882 0 1
v 0.0691045206 0.0443444422 0.0843733294 0.705882 0 1
v 0.0689666107 0.0443479876 0.0826775418 0.705882 0 1
v 0.0688256972 0.0443504909 0.0809819949 0.705882 0 1
v 0.0686836722 0.0443520861 0.0792865382 0.705882 0 1
v 0.0685463115 0.0443515584 0.0775906959 0.705882 0 1
v 0.0684026113 0.0443497608 0.0758953815 0.705882 0 1
v 0.0682602143 0.0443521982 0.0741999573 0 0.862745 0.862745
v 0.0681136462 0.0443532445 0.0725048864 0 0.862745 0.862745
v 0.0679688207 0.0443522931 0.0708096654 0 0.862745 0.862745
v 0.0678184736 0.0443510122 0.0691149259 0 0.862745 0.862745
v 0.0676669438 0.0443528741 0.0674202936 0 0.862745 0.862745
v 0.0675121826 0.0443536522 0.0657259518 0 0.862745 0.862745
v 0.0673590096 0.0443490351 0.0640314707 0 0.862745 0.862745
v 0.0672021568 0.0443444997 0.062337328 0 0.862745 0.862745
v 0.0670399535 0.0443436925 0.0606436853 0 0.862745 0.862745
v 0.0668746837 0.0443440728 0.0589503349 0 0.862745 0.862745
v 0.0667087958 0.0443463477 0.0572570466 1 0.470588 0
v 0.0665427631 0.0443486385 0.0555637725 1 0.470588 0
v 0.066375515 0.0443509172 0.053870619 1 0.470588 0
v 0.0662063786 0.0443536489 0.0521776527 1 0.470588 0
v 0.0660373231 0.0443548598 0.0504846769 1 0.470588 0
v 0.0658640071 0.044355697 0.0487921314 1 0.470588 0
v 0.0656951062 0.0443571556 0.0470991408 1 0.470588 0
v 0.0655265853 0.0443586291 0.0454061119 1 0.470588 0
v 0.0653534299 0.0443601228 0.0437135522 1 0.470588 0
v 0.0651787992 0.0443613482 0.042021142 1 0.470588 0
v 0.0650002832 0.0443625038 0.0403291428 0.470588 1 0
v 0.0648120844 0.0443613894 0.0386381876 0.470588 1 0
v 0.0646198127 0.0443620068 0.0369476904 0.470588 1 0
v 0.0644237094 0.0443605238 0.0352576436 0.470588 1 0
v 0.0642193131 0.0443608941 0.0335685695 0.470588 1 0
v 0.0640142035 0.0443610106 0.0318795825 0.470588 1 0
v 0.0637943236 0.0443578588 0.0301924573 0.470588 1 0
v 0.0635759796 0.0443553191 0.0285051345 0.470588 1 0
v 0.0633630873 0.044355 0.0268171101 0.470588 1 0
v 0.0631486437 0.0443513578 0.0251292873 0.470588 1 0
v 0.0629324687 0.0443467628 0.0234416886 0.470588 1 0
v 0.0627178709 0.044346025 0.0217539006 0.470588 1 0
v 0.0625060389 0.0443517532 0.0200657525 0.470588 1 0
v 0.0473188871 0.042011759 0.2839116 0.705882 0 1
v 0.0484144344 0.0421460198 0.282618738 0.705882 0 1
v 0.0495059597 0.0422565982 0.281321142 0.705882 0 1
v 0.0505852201 0.042268337 0.280007825 0.705882 0 1
v 0.0516417323 0.0422789759 0.278676332 0.705882 0 1
v 0.0526837989 0.0422889164 0.277333298 0.705882 0 1
v 0.0536833739 0.042298443 0.275958575 0 0.862745 0.862745
v 0.0546732632 0.0423079256 0.27457663 0 0.862745 0.862745
v 0.0556289621 0.0423105557 0.273170819 0 0.862745 0.862745
v 0.0565629372 0.0423133329 0.271750647 0 0.862745 0.862745
v 0.057476431 0.0423176238 0.270317033 0 0.862745 0.862745
v 0.0583523804 0.0423189676 0.268860453 0 0.862745 0.862745
v 0.0592017859 0.0423197151 0.267388012 0 0.862745 0.862745
v 0.060014027 0.0423245945 0.265894761 0 0.862745 0.862745
v 0.0608055389 0.0423264887 0.26439039 0 0.862745 0.862745
v 0.0615784285 0.0423275479 0.262876347 0 0.862745 0.862745
v 0.062333639 0.0423282991 0.261353423 1 0.470588 0
v 0.0630741769 0.0423319146 0.259823302 1 0.470588 0
v 0.0637788436 0.04233036 0.258276336 1 0.470588 0
v 0.0644768309 0.0423294334 0.256726358 1 0.470588 0
v 0.0651479817 0.0423307275 0.255164535 1 0.470588 0
v 0.0658130234 0.0423266053 0.253600162 1 0.470588 0
v 0.0664536914 0.042320039 0.252025703 1 0.470588 0
v 0.067083893 0.0423285659 0.250446934 1 0.470588 0
v 0.0676907753 0.042334188 0.248859087 1 0.470588 0
v 0.0682925009 0.0423351509 0.247269222 1 0.470588 0
v 0.0688694637 0.042335378 0.245670218 0.470588 1 0
v 0.0694415972 0.0423354639 0.244069511 0.470588 1 0
v 0.0699748294 0.0423344936 0.242455384 0.470588 1 0
v 0.0705005738 0.0423333847 0.240838876 0.470588 1 0
v 0.0709969742 0.0423317574 0.239213046 0.470588 1 0
v 0.071482475 0.0423276944 0.237583958 0.470588 1 0
v 0.0719561023 0.0423201043 0.235951369 0.470588 1 0
v 0.072397769 0.0423232801 0.234309839 0.470588 1 0
v 0.0728343332 0.042324233 0.232666944 0.470588 1 0
v 0.0732498951 0.0423236181 0.231018605 0.470588 1 0
v 0.0736538294 0.0423205254 0.2293674 1 0 0.705882
v 0.0740378214 0.0423175261 0.227711416 1 0 0.705882
v 0.0744060574 0.0423147355 0.226051906 1 0 0.705882
v 0.0747573764 0.0423112265 0.224388684 1 0 0.705882
v 0.0751031452 0.0423090224 0.222724303 1 0 0.705882
v 0.0754410068 0.0423066473 0.221058309 1 0 0.705882
v 0.0757679757 0.0423047449 0.219390128 1 0 0.705882
v 0.0760905488 0.0423027515 0.217721093 1 0 0.705882
v 0.0763983957 0.042301076 0.216049308 1 0 0.705882
v 0.0766947502 0.0422985117 0.214375419 1 0 0.705882
v 0.0769794815 0.0422971213 0.212699511 0.313725 0.313725 1
v 0.0772479989 0.0422940233 0.211020987 0.313725 0.313725 1
v 0.0774923677 0.0422912398 0.209338728 0.313725 0.313725 1
v 0.0777274838 0.0422878671 0.207655154 0.313725 0.313725 1
v 0.0779424681 0.0422844494 0.205968908 0.313725 0.313725 1
v 0.0781495517 0.0422803553 0.20428165 0.313725 0.313725 1
v 0.0783547402 0.0422770105 0.202594158 0.313725 0.313725 1
v 0.0785533341 0.0422725829 0.200905889 0.313725 0.313725 1
v 0.0787440311 0.0422628716 0.199216723 0.313725 0.313725 1
v 0.078934728 0.0422531602 0.197527556 0.313725 0.313725 1
v 0.0791041235 0.0422531516 0.195836133 0.313725 0.313725 1
v 0.0792660674 0.0422558559 0.194143943 0.313725 0.313725 1
v 0.0794110922 0.0422567611 0.192450295 0.705882 0.470588 0.156863
v 0.0795381704 0.042256522 0.190755127 0.705882 0.470588 0.156863
v 0.0796600339 0.0422552136 0.189059593 0.705882 0.470588 0.156863
v 0.0797650646 0.0422517456 0.18736293 0.705882 0.470588 0.156863
v 0.079856926 0.0422486252 0.185665536 0.705882 0.470588 0.156863
v 0.0799314663 0.0422463938 0.183967248 0.705882 0.470588 0.156863
v 0.0799642526 0.0422393163 0.182268149 0.705882 0.470588 0.156863
v 0.0799478072 0.042227204 0.180568347 0.705882 0.470588 0.156863
v 0.0798870418 0.0422210603 0.178869737 0.705882 0.470588 0.156863
v 0.0798276719 0.0422149986 0.177170861 0.705882 0.470588 0.156863
v 0.0796435994 0.042215821 0.175481091 0.470588 0.470588 0.470588
v 0.0794496586 0.0422161373 0.173792302 0.470588 0.470588 0.470588
v 0.0791680404 0.0422171973 0.17211601 0.470588 0.470588 0.470588
v 0.0788750561 0.0422173086 0.170441524 0.470588 0.470588 0.470588
v 0.078538107 0.0422156206 0.168775342 0.470588 0.470588 0.470588
v 0.0781974763 0.0422140559 0.167109899 0.470588 0.470588 0.470588
v 0.0778630526 0.0422122061 0.165443196 0.470588 0.470588 0.470588
v 0.0775351281 0.0422106258 0.163775238 0.470588 0.470588 0.470588
v 0.077219542 0.0422106948 0.162104865 0.470588 0.470588 0.470588
v 0.0769265197 0.0422156538 0.160430495 0.470588 0.470588 0.470588
v 0.0766542381 0.0422207977 0.15875253 0.470588 0.470588 0.470588
v 0.0764009765 0.0422301702 0.15707163 0.470588 0.470588 0.470588
v 0.0761710172 0.0422347086 0.155387338 1 0 0
v 0.0759409867 0.042232255 0.153703082 1 0 0
v 0.0757284038 0.0422374877 0.15201651 1 0 0
v 0.0755194527 0.0422420952 0.150329496 1 0 0
v 0.0753165319 0.0422437925 0.148641727 1 0 0
v 0.0751272103 0.0422458099 0.146952406 1 0 0
v 0.0749404046 0.0422469693 0.145262783 1 0 0
v 0.0747613183 0.0422486532 0.14357232 1 0 0
v 0.0745847071 0.0422503385 0.141881605 1 0 0
v 0.0744192414 0.0422535518 0.140189756 1 0 0
v 0.0742499818 0.0422559879 0.138498288 0 1 0
v 0.0740747054 0.0422572205 0.136807424 0 1 0
v 0.0739072308 0.0422593564 0.135115781 0 1 0
v 0.0737424426 0.0422617124 0.133423869 0 1 0
v 0.0735771766 0.0422605689 0.131732008 0 1 0
v 0.0734123063 0.0422593448 0.130040108 0 1 0
v 0.0732595545 0.0422609639 0.128347061 0 1 0
v 0.0731037323 0.0422628014 0.126654314 0 1 0
v 0.0729489024 0.0422661297 0.124961464 0 0.501961 1
v 0.072800516 0.0422627797 0.123268055 0 0.501961 1
v 0.0726494188 0.0422613899 0.12157486 0 0.501961 1
v 0.0724975239 0.0422654435 0.119881742 0 0.501961 1
v 0.0723543277 0.0422632648 0.118187861 0 0.501961 1
v 0.0722085565 0.042257662 0.116494217 0 0.501961 1
v 0.0720624035 0.0422585011 0.114800588 0 0.501961 1
v 0.0719125348 0.042257159 0.113107285 0 0.501961 1
v 0.0717623834 0.0422600848 0.111414013 0 0.501961 1
v 0.0716090029 0.0422643556 0.109721028 0 0.501961 1
v 0.071465129 0.0422677204 0.108027207 1 0.784314 0
v 0.0713156993 0.0422692653 0.106333866 1 0.784314 0
v 0.0711635382 0.0422681475 0.104640766 1 0.784314 0
v 0.0710189431 0.0422687554 0.102947008 1 0.784314 0
v 0.070870881 0.0422701405 0.101253547 1 0.784314 0
v 0.0707293321 0.0422680743 0.0995595273 1 0.784314 0
v 0.0705746109 0.0422674311 0.0978666691 1 0.784314 0
v 0.0704169842 0.0422688991 0.0961740695 1 0.784314 0
v 0.0702666414 0.0422699054 0.0944808134 1 0.784314 0
v 0.0701197848 0.0422701758 0.0927872445 1 0.784314 0
v 0.0699755477 0.0422707515 0.091093452 0.705882 0 1
v 0.0698335891 0.0422716755 0.0893994674 0.705882 0 1
v 0.0696927215 0.0422663133 0.0877053987 0.705882 0 1
v 0.0695516314 0.042261966 0.0860113451 0.705882 0 1
v 0.0694059377 0.0422649476 0.0843176845 0.705882 0 1
v 0.0692595697 0.0422689001 0.0826240778 0.705882 0 1
v 0.0691221444 0.0422729895 0.0809297234 0.705882 0 1
v 0.068978436 0.042277443 0.0792358936 0.705882 0 1
v 0.0688404596 0.0422755992 0.077541579 0.705882 0 1
v 0.0686969679 0.0422736091 0.0758477245 0.705882 0 1
v 0.0685531746 0.04227612 0.0741538973 0 0.862745 0.862745
v 0.0684055728 0.042278032 0.0724603948 0 0.862745 0.862745
v 0.0682605849 0.042277202 0.0707666651 0 0.862745 0.862745
v 0.0681109192 0.042276123 0.0690733438 0 0.862745 0.862745
v 0.067959642 0.0422779427 0.0673801668 0 0.862745 0.862745
v 0.0678047777 0.0422785021 0.0656873123 0 0.862745 0.862745
v 0.0676507451 0.0422751232 0.0639943858 0 0.862745 0.862745
v 0.0674923285 0.0422707502 0.0623018649 0 0.862745 0.862745
v 0.0673340451 0.04226848 0.0606093272 0 0.862745 0.862745
v 0.0671716851 0.0422643673 0.0589171826 0 0.862745 0.862745
v 0.0670040268 0.0422662059 0.0572255514 1 0.470588 0
v 0.0668339441 0.0422681203 0.0555341589 1 0.470588 0
v 0.0666675786 0.0422746057 0.0538424074 1 0.470588 0
v 0.066499884 0.0422790177 0.0521507822 1 0.470588 0
v 0.066329732 0.0422791215 0.0504593973 1 0.470588 0
v 0.0661560483 0.042277201 0.0487683712 1 0.470588 0
v 0.0659848688 0.0422759588 0.0470770898 1 0.470588 0
v 0.0658117958 0.0422759277 0.0453860013 1 0.470588 0
v 0.0656410906 0.0422812281 0.043694678 1 0.470588 0
v 0.0654675726 0.0422841138 0.042003638 1 0.470588 0
v 0.0652892297 0.0422855718 0.0403130971 0.470588 1 0
v 0.0651063788 0.0422859346 0.0386230373 0.470588 1 0
v 0.0649104243 0.0422846198 0.0369344505 0.470588 1 0
v 0.0647121548 0.0422842487 0.0352461291 0.470588 1 0
v 0.0645112714 0.0422854231 0.0335581191 0.470588 1 0
v 0.0643026026 0.042284148 0.0318710517 0.470588 1 0
v 0.0640919498 0.0422826739 0.0301842305 0.470588 1 0
v 0.0638784572 0.0422812531 0.0284977726 0.470588 1 0
v 0.0636662425 0.0422806619 0.0268111486 0.470588 1 0
v 0.0634488615 0.042278722 0.0251251885 0.470588 1 0
v 0.0632268839 0.0422748999 0.0234398239 0.470588 1 0
v 0.0630156885 0.0422749979 0.0217530872 0.470588 1 0
v 0.0628082331 0.0422775744 0.0200658731 0.470588 1 0
v 0.0478603293 0.0399901354 0.283795768 0.313725 0.313725 1
v 0.0489516442 0.0400955036 0.282470646 0.313725 0.313725 1
v 0.0500421555 0.0401859371 0.281144153 0.313725 0.313725 1
v 0.0511212154 0.0401955967 0.279804994 0.313725 0.313725 1
v 0.052179658 0.0402034579 0.278449393 0.313725 0.313725 1
v 0.0532075611 0.0402090603 0.277070673 0.313725 0.313725 1
v 0.0542150062 0.0402153271 0.275676753 0.705882 0.470588 0.156863
v 0.0551930615 0.040224764 0.274262205 0.705882 0.470588 0.156863
v 0.0561565432 0.0402314869 0.272837522 0.705882 0.470588 0.156863
v 0.0570875589 0.0402348121 0.271391593 0.705882 0.470588 0.156863
v 0.0579915254 0.0402389826 0.269928411 0.705882 0.470588 0.156863
v 0.0588607883 0.0402384445 0.268444478 0.705882 0.470588 0.156863
v 0.0597028286 0.0402369926 0.266944887 0.705882 0.470588 0.156863
v 0.060510108 0.0402384272 0.265426212 0.705882 0.470588 0.156863
v 0.0613043146 0.0402394081 0.263900719 0.705882 0.470588 0.156863
v 0.0620776016 0.0402402919 0.262364457 0.705882 0.470588 0.156863
v 0.0628294424 0.0402436903 0.260817653 0.470588 0.470588 0.470588
v 0.0635647206 0.0402484034 0.25926292 0.470588 0.470588 0.470588
v 0.0642743034 0.0402416563 0.257696232 0.470588 0.470588 0.470588
v 0.0649715925 0.0402378814 0.256124119 0.470588 0.470588 0.470588
v 0.0656496052 0.0402419652 0.254543501 0.470588 0.470588 0.470588
v 0.0663161314 0.0402468992 0.252958084 0.470588 0.470588 0.470588
v 0.066953983 0.040248032 0.251360832 0.470588 0.470588 0.470588
v 0.0675858908 0.0402491141 0.249761252 0.470588 0.470588 0.470588
v 0.0682006182 0.0402507771 0.248154957 0.470588 0.470588 0.470588
v 0.0688017861 0.0402517134 0.246543637 0.470588 0.470588 0.470588
v 0.0693801231 0.0402514005 0.244923884 1 0 0
v 0.0699427186 0.0402514839 0.243298683 1 0 0
v 0.0704874139 0.0402514435 0.241667315 1 0 0
v 0.0710055328 0.0402508923 0.240027381 1 0 0
v 0.0715085934 0.0402509333 0.238382696 1 0 0
v 0.0719893848 0.0402479247 0.236731401 1 0 0
v 0.0724619367 0.0402460707 0.235077689 1 0 0
v 0.0729013236 0.0402427984 0.23341489 1 0 0
v 0.0733351632 0.0402344022 0.231750624 1 0 0
v 0.0737505956 0.0402345059 0.230081658 1 0 0
v 0.0741560596 0.0402333449 0.228410251 0 1 0
v 0.0745331939 0.0402312578 0.226732231 0 1 0
v 0.0749008577 0.0402332415 0.225052084 0 1 0
v 0.0752560733 0.04023347 0.223369305 0 1 0
v 0.0755963784 0.0402308232 0.221683405 0 1 0
v 0.0759361063 0.0402293849 0.219997387 0 1 0
v 0.0762696807 0.0402282091 0.218310157 0 1 0
v 0.0765906349 0.0402271227 0.216620467 0 1 0
v 0.0769061 0.0402259677 0.214929746 0 1 0
v 0.0771930304 0.0402217218 0.213233981 0 1 0
v 0.077469583 0.0402182381 0.211536472 0 0.501961 1
v 0.0777330542 0.0402180371 0.209836867 0 0.501961 1
v 0.0779728886 0.0402146605 0.208133788 0 0.501961 1
v 0.0782009898 0.0402131782 0.206429081 0 0.501961 1
v 0.0784210539 0.040211098 0.204723314 0 0.501961 1
v 0.078627696 0.0402080314 0.203015897 0 0.501961 1
v 0.0788264932 0.0402049018 0.201307523 0 0.501961 1
v 0.0790237118 0.0402018353 0.199598968 0 0.501961 1
v 0.0792126244 0.0401958625 0.197889489 0 0.501961 1
v 0.0793976704 0.0401935899 0.196179569 0 0.501961 1
v 0.0795630107 0.0401942123 0.194467647 0 0.501961 1
v 0.0797207369 0.0401910854 0.192754992 0 0.501961 1
v 0.0798590126 0.0401906196 0.191040682 1 0.784314 0
v 0.0799835066 0.0401875578 0.189325298 1 0.784314 0
v 0.0800937977 0.0401856849 0.187608942 1 0.784314 0
v 0.0802002306 0.0401838267 0.185892338 1 0.784314 0
v 0.0802701646 0.0401800806 0.184173887 1 0.784314 0
v 0.0803308702 0.0401748414 0.182455124 1 0.784314 0
v 0.0803147769 0.0401652718 0.180735324 1 0.784314 0
v 0.0802830226 0.0401578423 0.17901584 1 0.784314 0
v 0.0801893376 0.0401519716 0.177298744 1 0.784314 0
v 0.0800326816 0.0401498779 0.175586358 1 0.784314 0
v 0.0798155438 0.0401500418 0.173880475 0.705882 0 1
v 0.0795458915 0.0401503678 0.172181989 0.705882 0 1
v 0.0792505656 0.0401518233 0.170487655 0.705882 0 1
v 0.0789048655 0.040149919 0.168802862 0.705882 0 1
v 0.078557643 0.040143884 0.167118387 0.705882 0 1
v 0.0782101643 0.0401366135 0.165433967 0.705882 0 1
v 0.0778792923 0.0401337236 0.163746253 0.705882 0 1
v 0.0775600364 0.0401324683 0.162056239 0.705882 0 1
v 0.0772669764 0.0401415322 0.160361547 0.705882 0 1
v 0.0769886049 0.0401521978 0.158664438 0.705882 0 1
v 0.076733513 0.0401620234 0.156963585 0 0.862745 0.862745
v 0.0764931582 0.0401590547 0.155260606 0 0.862745 0.862745
v 0.0762569396 0.0401536856 0.153557009 0 0.862745 0.862745
v 0.0760361956 0.0401587199 0.15185135 0 0.862745 0.862745
v 0.0758167427 0.0401650742 0.150145519 0 0.862745 0.862745
v 0.0756161641 0.0401688163 0.148437354 0 0.862745 0.862745
v 0.0754171956 0.0401715687 0.146729002 0 0.862745 0.862745
v 0.07522909 0.0401726865 0.145019427 0 0.862745 0.862745
v 0.0750484552 0.0401751934 0.143309035 0 0.862745 0.862745
v 0.0748673011 0.0401774227 0.141598705 0 0.862745 0.862745
v 0.0746906119 0.0401794626 0.139887901 0 0.862745 0.862745
v 0.0745169211 0.0401814219 0.138176792 0 0.862745 0.862745
v 0.0743450234 0.0401833331 0.136465499 1 0.470588 0
v 0.0741717714 0.040185006 0.134754344 1 0.470588 0
v 0.0740001182 0.0401862584 0.133043031 1 0.470588 0
v 0.0738372051 0.0401850526 0.131330859 1 0.470588 0
v 0.0736747834 0.0401846802 0.129618645 1 0.470588 0
v 0.0735123536 0.0401853391 0.127906428 1 0.470588 0
v 0.0733570831 0.0401887847 0.126193558 1 0.470588 0
v 0.0732028443 0.0401930296 0.124480591 1 0.470588 0
v 0.0730544608 0.040185849 0.122767121 0.470588 1 0
v 0.0729045845 0.0401836904 0.12105377 0.470588 1 0
v 0.0727568583 0.0401878683 0.119340226 0.470588 1 0
v 0.0726073218 0.0401771804 0.117626883 0.470588 1 0
v 0.0724563449 0.0401655763 0.115913658 0.470588 1 0
v 0.0723069317 0.0401674345 0.114200259 0.470588 1 0
v 0.0721541635 0.0401722154 0.11248716 0.470588 1 0
v 0.0720082298 0.0401850039 0.110773505 0.470588 1 0
v 0.0718595961 0.040192674 0.109060066 0.470588 1 0
v 0.0717056711 0.0401893922 0.107347066 0.470588 1 0
v 0.071556351 0.0401889866 0.105633661 1 0 0.705882
v 0.0714064833 0.0401911764 0.103920305 1 0 0.705882
v 0.0712593252 0.0401943371 0.102206715 1 0 0.705882
v 0.0711132575 0.0401965274 0.100493028 1 0 0.705882
v 0.070962553 0.0401926434 0.0987797425 1 0 0.705882
v 0.0708085411 0.0401909647 0.0970667543 1 0 0.705882
v 0.0706500097 0.0401932452 0.0953541726 1 0 0.705882
v 0.0704960402 0.0401945487 0.0936411816 1 0 0.705882
v 0.0703483263 0.0401942165 0.0919276314 0.313725 0.313725 1
v 0.070197958 0.0401929503 0.0902143174 0.313725 0.313725 1
v 0.0700535094 0.0401870871 0.0885004989 0.313725 0.313725 1
v 0.0699050644 0.0401826961 0.0867870239 0.313725 0.313725 1
v 0.0697536935 0.0401832512 0.0850738048 0.313725 0.313725 1
v 0.0696089233 0.0401871393 0.0833600136 0.313725 0.313725 1
v 0.0694618236 0.0401914143 0.0816464285 0.313725 0.313725 1
v 0.0693202784 0.0401974147 0.0799323713 0.313725 0.313725 1
v 0.0691770338 0.0401987858 0.0782184495 0.313725 0.313725 1
v 0.0690307868 0.0401955831 0.0765047766 0.313725 0.313725 1
v 0.0688864328 0.0401968664 0.0747909445 0.705882 0.470588 0.156863
v 0.0687429148 0.0402005611 0.0730770422 0.705882 0.470588 0.156863
v 0.0685928256 0.0402002334 0.0713637011 0.705882 0.470588 0.156863
v 0.0684401236 0.0401987038 0.0696505889 0.705882 0.470588 0.156863
v 0.0682885223 0.0401998748 0.0679373792 0.705882 0.470588 0.156863
v 0.068135325 0.040201491 0.0662243134 0.705882 0.470588 0.156863
v 0.0679783673 0.0401989534 0.0645115902 0.705882 0.470588 0.156863
v 0.0678169317 0.0401956329 0.0627992815 0.705882 0.470588 0.156863
v 0.0676583656 0.0401876573 0.0610867209 0.705882 0.470588 0.156863
v 0.0674936296 0.0401815741 0.059374736 0.705882 0.470588 0.156863
v 0.0673290812 0.0401835134 0.0576627223 0.470588 0.470588 0.470588
v 0.0671611857 0.0401872773 0.0559510398 0.470588 0.470588 0.470588
v 0.0669871124 0.040192884 0.054239979 0.470588 0.470588 0.470588
v 0.0668116126 0.0401990281 0.0525290645 0.470588 0.470588 0.470588
v 0.0666409196 0.0401950246 0.0508176552 0.470588 0.470588 0.470588
v 0.066466954 0.0401925132 0.0491065754 0.470588 0.470588 0.470588
v 0.0662956265 0.0401912369 0.0473952264 0.470588 0.470588 0.470588
v 0.0661190679 0.0401925516 0.0456844164 0.470588 0.470588 0.470588
v 0.0659407243 0.0401997083 0.0439737989 0.470588 0.470588 0.470588
v 0.0657622908 0.0402046115 0.0422631831 0.470588 0.470588 0.470588
v 0.0655835942 0.0402065226 0.0405525892 1 0 0
v 0.0653978107 0.0402063189 0.0388427499 1 0 0
v 0.0652094295 0.0402042225 0.0371331939 1 0 0
v 0.0650124598 0.0402038455 0.0354246246 1 0 0
v 0.0648048894 0.040205089 0.0337172914 1 0 0
v 0.0645985417 0.04019892 0.0320098362 1 0 0
v 0.0643854538 0.0401920858 0.0303032059 1 0 0
v 0.0641693814 0.0401988991 0.0285969493 1 0 0
v 0.0639518712 0.0402008645 0.0268908618 1 0 0
v 0.063737322 0.0402011993 0.0251843918 1 0 0
v 0.0635228954 0.0402017775 0.0234779063 1 0 0
v 0.0633048225 0.040201076 0.0217718832 1 0 0
v 0.0630860606 0.0402000334 0.0200659477 1 0 0
v 0.0483168987 0.0379465451 0.28370276 0.313725 0.313725 1
v 0.0494094374 0.0380398304 0.282379217 0.313725 0.313725 1
v 0.0504919194 0.038107728 0.281046107 0.313725 0.313725 1
v 0.0515559034 0.0381181955 0.279696374 0.313725 0.313725 1
v 0.0526052408 0.0381261736 0.27833534 0.313725 0.313725 1
v 0.0536182964 0.0381304397 0.276946893 0.313725 0.313725 1
v 0.0546186664 0.0381343424 0.275549414 0.705882 0.470588 0.156863
v 0.0555843561 0.0381428847 0.274127642 0.705882 0.470588 0.156863
v 0.056537663 0.0381507925 0.272697667 0.705882 0.470588 0.156863
v 0.0574484424 0.0381549542 0.271240138 0.705882 0.470588 0.156863
v 0.0583494287 0.0381598219 0.269776475 0.705882 0.470588 0.156863
v 0.0592004427 0.0381601487 0.268283513 0.705882 0.470588 0.156863
v 0.060032906 0.0381597383 0.266779814 0.705882 0.470588 0.156863
v 0.0608347974 0.0381598755 0.265259772 0.705882 0.470588 0.156863
v 0.0616205727 0.038160473 0.263731156 0.705882 0.470588 0.156863
v 0.0623910705 0.0381621701 0.262194906 0.705882 0.470588 0.156863
v 0.0631340655 0.0381632346 0.260645047 0.470588 0.470588 0.470588
v 0.0638675014 0.0381602394 0.259090731 0.470588 0.470588 0.470588
v 0.06457892 0.0381493441 0.257526163 0.470588 0.470588 0.470588
v 0.0652756181 0.0381448544 0.25595511 0.470588 0.470588 0.470588
v 0.0659464088 0.0381521862 0.254372676 0.470588 0.470588 0.470588
v 0.0666074419 0.0381580626 0.252786205 0.470588 0.470588 0.470588
v 0.067249598 0.0381611237 0.251191923 0.470588 0.470588 0.470588
v 0.0678788113 0.0381637974 0.24959253 0.470588 0.470588 0.470588
v 0.0684878974 0.0381646701 0.24798532 0.470588 0.470588 0.470588
v 0.0690857245 0.0381654398 0.246373938 0.470588 0.470588 0.470588
v 0.0696706893 0.0381660562 0.244757794 1 0 0
v 0.0702285095 0.0381642514 0.243132188 1 0 0
v 0.0707640179 0.0381615921 0.241498991 1 0 0
v 0.0712843061 0.0381607392 0.239860955 1 0 0
v 0.0717861791 0.0381640885 0.238217114 1 0 0
v 0.0722749824 0.0381660886 0.236569396 1 0 0
v 0.0727407973 0.0381646838 0.234914987 1 0 0
v 0.073186921 0.0381590024 0.233255202 1 0 0
v 0.0736176864 0.0381531556 0.231591327 1 0 0
v 0.0740332013 0.0381513634 0.229923576 1 0 0
v 0.0744415484 0.0381494844 0.22825404 0 1 0
v 0.0748231111 0.0381481471 0.226578256 0 1 0
v 0.0751850024 0.0381500639 0.224898039 0 1 0
v 0.0755393143 0.0381507064 0.223216208 0 1 0
v 0.0758912643 0.0381507877 0.221533876 0 1 0
v 0.0762253721 0.0381493464 0.219847936 0 1 0
v 0.0765541546 0.0381474841 0.218160924 0 1 0
v 0.0768817239 0.0381470468 0.216473676 0 1 0
v 0.0771953389 0.0381450446 0.214783824 0 1 0
v 0.0774913993 0.0381399419 0.213090771 0 1 0
v 0.0777673905 0.0381375331 0.211394408 0 0.501961 1
v 0.0780248455 0.0381369628 0.209695048 0 0.501961 1
v 0.0782715176 0.0381365572 0.207994106 0 0.501961 1
v 0.078501642 0.03813494 0.206290863 0 0.501961 1
v 0.0787213527 0.0381332571 0.204586213 0 0.501961 1
v 0.0789339473 0.0381305586 0.202880671 0 0.501961 1
v 0.0791353521 0.0381271774 0.201173776 0 0.501961 1
v 0.0793306863 0.0381229197 0.199466165 0 0.501961 1
v 0.0795213713 0.0381187643 0.197758037 0 0.501961 1
v 0.0797045675 0.0381172717 0.196049082 0 0.501961 1
v 0.0798748331 0.0381163194 0.194338797 0 0.501961 1
v 0.0800351088 0.0381148245 0.192627535 0 0.501961 1
v 0.0801778877 0.0381176937 0.190914761 1 0.784314 0
v 0.0803070488 0.0381148331 0.189200871 1 0.784314 0
v 0.0804201565 0.0381112542 0.187485896 1 0.784314 0
v 0.080517707 0.0381070712 0.18576992 1 0.784314 0
v 0.0805970721 0.0381036203 0.184053063 1 0.784314 0
v 0.0806543669 0.0380985768 0.182335275 1 0.784314 0
v 0.0806602304 0.0380932245 0.180616849 1 0.784314 0
v 0.0806305204 0.0380884659 0.178898414 1 0.784314 0
v 0.0805217544 0.0380841508 0.177183331 1 0.784314 0
v 0.0803817948 0.0380812694 0.175470533 1 0.784314 0
v 0.0801377939 0.0380814609 0.173769269 0.705882 0 1
v 0.0798866582 0.0380815983 0.17206902 0.705882 0 1
v 0.0795566468 0.0380822583 0.170382248 0.705882 0 1
v 0.0792247778 0.0380826102 0.168695849 0.705882 0 1
v 0.0788781921 0.0380737737 0.167012431 0.705882 0 1
v 0.0785268591 0.0380635745 0.165330003 0.705882 0 1
v 0.0781946642 0.0380629686 0.163643696 0.705882 0 1
v 0.0778674196 0.0380652177 0.161956391 0.705882 0 1
v 0.0775816644 0.0380744953 0.160261585 0.705882 0 1
v 0.0773029711 0.0380815036 0.158565668 0.705882 0 1
v 0.0770441136 0.0380859994 0.156866527 0 0.862745 0.862745
v 0.0767976318 0.03808552 0.155165598 0 0.862745 0.862745
v 0.0765610461 0.0380867334 0.15346321 0 0.862745 0.862745
v 0.0763365392 0.038089851 0.151759217 0 0.862745 0.862745
v 0.0761195552 0.0380904807 0.15005422 0 0.862745 0.862745
v 0.0759156425 0.0380918336 0.148347633 0 0.862745 0.862745
v 0.0757172658 0.0380951057 0.146640371 0 0.862745 0.862745
v 0.0755253381 0.0380975269 0.144932389 0 0.862745 0.862745
v 0.0753374939 0.0380994942 0.143223934 0 0.862745 0.862745
v 0.0751554368 0.038101698 0.141514861 0 0.862745 0.862745
v 0.0749785814 0.0381041052 0.139805234 0 0.862745 0.862745
v 0.0747994048 0.0381052515 0.13809585 0 0.862745 0.862745
v 0.0746216703 0.0381061499 0.136386312 1 0.470588 0
v 0.0744512915 0.0381084223 0.134676028 1 0.470588 0
v 0.0742809398 0.0381098219 0.132965743 1 0.470588 0
v 0.0741120503 0.0381076704 0.13125531 1 0.470588 0
v 0.0739480213 0.0381070442 0.129544412 1 0.470588 0
v 0.0737900831 0.0381083293 0.127832932 1 0.470588 0
v 0.0736324713 0.0381114077 0.126121425 1 0.470588 0
v 0.0734750119 0.0381152622 0.124409905 1 0.470588 0
v 0.0733274087 0.0381102527 0.122697512 0.470588 1 0
v 0.0731788438 0.0381078765 0.120985202 0.470588 1 0
v 0.0730266324 0.0381125163 0.119273209 0.470588 1 0
v 0.0728790213 0.0381045707 0.117560862 0.470588 1 0
v 0.0727311952 0.0380907704 0.115848538 0.470588 1 0
v 0.0725853384 0.0380856045 0.114135999 0.470588 1 0
v 0.0724391676 0.0380839453 0.11242348 0.470588 1 0
v 0.0722849977 0.0381002332 0.110711744 0.470588 1 0
v 0.0721301975 0.0381155859 0.109000069 0.470588 1 0
v 0.0719846258 0.0381099512 0.107287502 0.470588 1 0
v 0.0718349124 0.0381065006 0.105575295 1 0 0.705882
v 0.0716827124 0.0381090557 0.1038633 1 0 0.705882
v 0.0715315612 0.0381120691 0.102151217 1 0 0.705882
v 0.0713820479 0.0381109244 0.100438981 1 0 0.705882
v 0.0712292498 0.038110313 0.0987270421 1 0 0.705882
v 0.0710694231 0.0381133958 0.09701574 1 0 0.705882
v 0.070914856 0.0381155037 0.0953039541 1 0 0.705882
v 0.0707592807 0.0381165137 0.0935922632 1 0 0.705882
v 0.0706123569 0.0381171577 0.0918798028 0.313725 0.313725 1
v 0.0704631171 0.0381171473 0.0901675442 0.313725 0.313725 1
v 0.0703159541 0.0381164076 0.0884551055 0.313725 0.313725 1
v 0.0701638171 0.0381097203 0.0867431132 0.313725 0.313725 1
v 0.0700141658 0.0381048362 0.0850309 0.313725 0.313725 1
v 0.0698665138 0.0381041713 0.083318506 0.313725 0.313725 1
v 0.0697187049 0.0381082079 0.0816061378 0.313725 0.313725 1
v 0.0695768341 0.0381136307 0.0798932606 0.313725 0.313725 1
v 0.0694342877 0.0381160828 0.0781804345 0.313725 0.313725 1
v 0.0692934563 0.0381145572 0.0764674624 0.313725 0.313725 1
v 0.0691477342 0.0381164809 0.0747549052 0.705882 0.470588 0.156863
v 0.0689989617 0.0381202211 0.0730426079 0.705882 0.470588 0.156863
v 0.0688516278 0.0381205691 0.0713301835 0.705882 0.470588 0.156863
v 0.0687047543 0.0381198315 0.0696177183 0.705882 0.470588 0.156863
v 0.0685487388 0.0381203495 0.0679060649 0.705882 0.470588 0.156863
v 0.0683910338 0.0381211615 0.0661945633 0.705882 0.470588 0.156863
v 0.068234843 0.0381196846 0.0644829235 0.705882 0.470588 0.156863
v 0.068077607 0.0381175857 0.0627713814 0.705882 0.470588 0.156863
v 0.0679153938 0.0381095646 0.0610603225 0.705882 0.470588 0.156863
v 0.0677510059 0.0381029753 0.0593494675 0.705882 0.470588 0.156863
v 0.0675853498 0.0381093849 0.0576387303 0.470588 0.470588 0.470588
v 0.0674146482 0.0381140256 0.0559284827 0.470588 0.470588 0.470588
v 0.0672454382 0.0381164909 0.0542180819 0.470588 0.470588 0.470588
v 0.0670741182 0.0381158438 0.0525078976 0.470588 0.470588 0.470588
v 0.0668976909 0.0381086336 0.0507982395 0.470588 0.470588 0.470588
v 0.0667224606 0.0381040235 0.0490884544 0.470588 0.470588 0.470588
v 0.0665491437 0.038104484 0.0473784639 0.470588 0.470588 0.470588
v 0.0663731073 0.0381089137 0.045668767 0.470588 0.470588 0.470588
v 0.0661976399 0.0381193301 0.0439590268 0.470588 0.470588 0.470588
v 0.0660185836 0.0381233948 0.0422496399 0.470588 0.470588 0.470588
v 0.0658383807 0.0381242856 0.0405403607 1 0 0
v 0.0656537176 0.0381273694 0.0388315629 1 0 0
v 0.0654622619 0.03812558 0.0371235082 1 0 0
v 0.0652642086 0.0381239771 0.0354162081 1 0 0
v 0.0650619276 0.0381234575 0.0337094059 1 0 0
v 0.0648561204 0.0381140284 0.0320030574 1 0 0
v 0.064647126 0.0381079858 0.0302970696 1 0 0
v 0.0644332585 0.0381151188 0.0285916931 1 0 0
v 0.0642186456 0.0381208739 0.0268864035 1 0 0
v 0.0640040232 0.03812159 0.0251811063 1 0 0
v 0.0637854826 0.0381220975 0.0234763045 1 0 0
v 0.0635703547 0.0381217772 0.0217710692 1 0 0
v 0.0633539244 0.0381211547 0.020066 1 0 0
v 0.0487716964 0.0359024963 0.283610228 0.313725 0.313725 1
v 0.0498490324 0.0359593179 0.282273921 0.313725 0.313725 1
v 0.0509241341 0.0360104992 0.280935488 0.313725 0.313725 1
v 0.0519839715 0.0360399655 0.279584704 0.313725 0.313725 1
v 0.0530084772 0.0360495441 0.27820624 0.313725 0.313725 1
v 0.0540254962 0.0360570388 0.276822328 0.313725 0.313725 1
v 0.0550016714 0.0360612638 0.2754092 0.705882 0.470588 0.156863
v 0.0559733988 0.0360663062 0.27399308 0.705882 0.470588 0.156863
v 0.0568967482 0.0360695115 0.272544881 0.705882 0.470588 0.156863
v 0.0578157282 0.0360730319 0.271093945 0.705882 0.470588 0.156863
v 0.0586864669 0.0360696772 0.269613528 0.705882 0.470588 0.156863
v 0.0595421491 0.036067639 0.268124502 0.705882 0.470588 0.156863
v 0.0603575372 0.0360703495 0.266612906 0.705882 0.470588 0.156863
v 0.0611551684 0.0360725625 0.265091915 0.705882 0.470588 0.156863
v 0.0619328148 0.0360736066 0.263560564 0.705882 0.470588 0.156863
v 0.0626906036 0.0360746885 0.262019309 0.705882 0.470588 0.156863
v 0.0634351581 0.0360763357 0.260471568 0.470588 0.470588 0.470588
v 0.0641638783 0.0360708678 0.258916488 0.470588 0.470588 0.470588
v 0.0648676734 0.0360538048 0.257349885 0.470588 0.470588 0.470588
v 0.0655597948 0.0360479546 0.255778145 0.470588 0.470588 0.470588
v 0.0662344176 0.0360588835 0.254198705 0.470588 0.470588 0.470588
v 0.0668886139 0.0360694894 0.252610756 0.470588 0.470588 0.470588
v 0.0675236202 0.036074536 0.251014949 0.470588 0.470588 0.470588
v 0.0681487706 0.036077158 0.249415278 0.470588 0.470588 0.470588
v 0.0687626911 0.0360776892 0.247811235 0.470588 0.470588 0.470588
v 0.0693569245 0.036077699 0.246199848 0.470588 0.470588 0.470588
v 0.0699345057 0.0360775475 0.244582362 1 0 0
v 0.0704887038 0.0360754854 0.242956815 1 0 0
v 0.0710285793 0.0360729541 0.241326359 1 0 0
v 0.0715523772 0.0360745045 0.239690719 1 0 0
v 0.0720529373 0.0360786981 0.238047768 1 0 0
v 0.0725395541 0.0360797208 0.236400694 1 0 0
v 0.0730002468 0.0360781621 0.234746117 1 0 0
v 0.0734525651 0.036076473 0.233089273 1 0 0
v 0.0738791923 0.0360749863 0.231425587 1 0 0
v 0.0743006347 0.0360723277 0.229760604 1 0 0
v 0.0747056505 0.0360709436 0.228091526 0 1 0
v 0.0750861858 0.036067433 0.226416815 0 1 0
v 0.0754470144 0.0360624353 0.224737638 0 1 0
v 0.0757963956 0.0360620975 0.223056037 0 1 0
v 0.0761393678 0.0360608624 0.221373114 0 1 0
v 0.0764800999 0.0360627375 0.219689735 0 1 0
v 0.0768177003 0.0360636524 0.218005735 0 1 0
v 0.077137921 0.0360600589 0.216318348 0 1 0
v 0.0774538499 0.0360546022 0.214630147 0 1 0
v 0.077748661 0.0360508556 0.212938175 0 1 0
v 0.0780303868 0.0360535346 0.211243923 0 1 0
v 0.0783008133 0.0360550242 0.209547901 0 1 0
v 0.0785401461 0.0360538985 0.207847143 0 0.501961 1
v 0.0787769604 0.036051581 0.206146032 0 0.501961 1
v 0.0789979341 0.0360507068 0.204442815 0 0.501961 1
v 0.0792087212 0.0360467106 0.202738286 0 0.501961 1
v 0.0794175021 0.0360441858 0.201033513 0 0.501961 1
v 0.0796122452 0.036038002 0.199327083 0 0.501961 1
v 0.0798062234 0.0360323585 0.197620567 0 0.501961 1
v 0.0799834657 0.0360315076 0.195912229 0 0.501961 1
v 0.0801577777 0.0360308698 0.194203581 0 0.501961 1
v 0.0803128996 0.0360337469 0.192493103 0 0.501961 1
v 0.0804607202 0.0360388862 0.190781982 0 0.501961 1
v 0.0805811511 0.0360353592 0.189068709 0 0.501961 1
v 0.0806933766 0.036031231 0.18735487 1 0.784314 0
v 0.0808004249 0.036028431 0.185640696 1 0.784314 0
v 0.0808923139 0.0360254209 0.183925754 1 0.784314 0
v 0.0809544972 0.0360196353 0.182209373 1 0.784314 0
v 0.0809774966 0.0360152874 0.180492638 1 0.784314 0
v 0.0809367949 0.036009951 0.178775612 1 0.784314 0
v 0.0808504321 0.0360067794 0.177061327 1 0.784314 0
v 0.0806691664 0.0360069221 0.175353402 1 0.784314 0
v 0.0804585106 0.0360070876 0.173649181 0.705882 0 1
v 0.0801739506 0.0360059071 0.171955417 0.705882 0 1
v 0.0798623842 0.036006383 0.170266541 0.705882 0 1
v 0.0795239921 0.0360099454 0.168582708 0.705882 0 1
v 0.0791758742 0.0360058102 0.166900854 0.705882 0 1
v 0.0788242595 0.0359966896 0.16521974 0.705882 0 1
v 0.078496889 0.0359978274 0.163533713 0.705882 0 1
v 0.0781688898 0.035998671 0.161847906 0.705882 0 1
v 0.0778769045 0.0360040289 0.160155401 0.705882 0 1
v 0.0775926107 0.0360095737 0.158461673 0.705882 0 1
v 0.0773379973 0.0360127816 0.156763137 0 0.862745 0.862745
v 0.0770859139 0.0360151711 0.155064255 0 0.862745 0.862745
v 0.0768528585 0.0360190732 0.153362628 0 0.862745 0.862745
v 0.0766252415 0.0360199228 0.151660293 0 0.862745 0.862745
v 0.0764109236 0.0360168929 0.149956204 0 0.862745 0.862745
v 0.076200854 0.0360163963 0.14825161 0 0.862745 0.862745
v 0.0759990024 0.0360206439 0.146546001 0 0.862745 0.862745
v 0.0758055957 0.0360233531 0.144839433 0 0.862745 0.862745
v 0.0756209247 0.036024442 0.143131874 0 0.862745 0.862745
v 0.0754357194 0.0360252899 0.141424383 0 0.862745 0.862745
v 0.0752526137 0.0360271423 0.139716656 0 0.862745 0.862745
v 0.0750741151 0.0360281888 0.138008442 0 0.862745 0.862745
v 0.0748934767 0.0360284952 0.136300455 1 0.470588 0
v 0.0747192794 0.0360304471 0.134591797 1 0.470588 0
v 0.0745459726 0.0360313727 0.132883051 1 0.470588 0
v 0.0743797585 0.0360294308 0.131173597 1 0.470588 0
v 0.0742136346 0.0360286191 0.129464144 1 0.470588 0
v 0.074050054 0.0360293379 0.127754435 1 0.470588 0
v 0.0738934183 0.0360323475 0.126044085 1 0.470588 0
v 0.0737386416 0.0360360744 0.124333562 1 0.470588 0
v 0.0735865349 0.036034263 0.122622798 0.470588 1 0
v 0.0734345142 0.0360322479 0.120912027 0.470588 1 0
v 0.0732867903 0.0360366998 0.119200881 0.470588 1 0
v 0.0731373492 0.0360350596 0.117489885 0.470588 1 0
v 0.0729909719 0.0360273935 0.115778636 0.470588 1 0
v 0.0728428121 0.0360190925 0.114067549 0.470588 1 0
v 0.072691593 0.0360096996 0.112356728 0.470588 1 0
v 0.0725419256 0.0360211964 0.110645824 0.470588 1 0
v 0.0723907743 0.0360382802 0.108935061 0.470588 1 0
v 0.072238924 0.0360325265 0.107224284 0.470588 1 0
v 0.0720859093 0.0360272369 0.105513611 1 0 0.705882
v 0.0719369328 0.0360288118 0.10380257 1 0 0.705882
v 0.0717831561 0.036028287 0.102091952 1 0 0.705882
v 0.071632164 0.0360273348 0.100381086 1 0 0.705882
v 0.0714776425 0.0360285054 0.0986705369 1 0 0.705882
v 0.0713197027 0.0360337647 0.0969603063 1 0 0.705882
v 0.0711651586 0.0360361271 0.0952497609 1 0 0.705882
v 0.0710115201 0.0360374337 0.0935391316 1 0 0.705882
v 0.070858111 0.0360371185 0.0918284801 0.313725 0.313725 1
v 0.0707058244 0.0360368504 0.0901177289 0.313725 0.313725 1
v 0.0705558877 0.0360359064 0.0884067694 0.313725 0.313725 1
v 0.0704056789 0.0360345545 0.0866958339 0.313725 0.313725 1
v 0.0702575289 0.0360311716 0.0849847253 0.313725 0.313725 1
v 0.0701077503 0.0360276673 0.0832737551 0.313725 0.313725 1
v 0.0699617587 0.0360280215 0.0815624605 0.313725 0.313725 1
v 0.0698198337 0.0360318294 0.0798508217 0.313725 0.313725 1
v 0.0696780181 0.0360336989 0.0781391719 0.313725 0.313725 1
v 0.0695325044 0.0360340263 0.0764278313 0.313725 0.313725 1
v 0.0693890232 0.0360366566 0.0747163214 0.705882 0.470588 0.156863
v 0.0692456586 0.0360395944 0.0730048019 0.705882 0.470588 0.156863
v 0.0690969274 0.0360393066 0.0712937384 0.705882 0.470588 0.156863
v 0.0689446446 0.0360379752 0.0695829862 0.705882 0.470588 0.156863
v 0.0687914429 0.036038718 0.0678723159 0.705882 0.470588 0.156863
v 0.0686358707 0.036039482 0.0661618616 0.705882 0.470588 0.156863
v 0.0684756401 0.0360380536 0.0644518367 0.705882 0.470588 0.156863
v 0.0683139572 0.0360359692 0.0627419482 0.705882 0.470588 0.156863
v 0.068154333 0.0360307327 0.0610318729 0.705882 0.470588 0.156863
v 0.0679928683 0.0360279111 0.059321974 0.705882 0.470588 0.156863
v 0.0678252027 0.0360332062 0.0576126686 0.470588 0.470588 0.470588
v 0.067656238 0.0360335723 0.0559034907 0.470588 0.470588 0.470588
v 0.0674832876 0.0360315246 0.0541947063 0.470588 0.470588 0.470588
v 0.0673112021 0.0360263558 0.0524858452 0.470588 0.470588 0.470588
v 0.0671408154 0.0360173182 0.0507768246 0.470588 0.470588 0.470588
v 0.0669672084 0.0360166209 0.0490681276 0.470588 0.470588 0.470588
v 0.0667903818 0.0360247332 0.0473597566 0.470588 0.470588 0.470588
v 0.0666156099 0.0360301073 0.0456511645 0.470588 0.470588 0.470588
v 0.0664383138 0.0360394376 0.0439428531 0.470588 0.470588 0.470588
v 0.0662617982 0.0360386355 0.0422344309 0.470588 0.470588 0.470588
v 0.0660827833 0.0360391297 0.0405262731 1 0 0
v 0.0658969666 0.0360432447 0.0388188424 1 0 0
v 0.0657088121 0.0360466747 0.0371116689 1 0 0
v 0.0655087029 0.0360446391 0.0354058503 1 0 0
v 0.065307406 0.0360430312 0.0337001725 1 0 0
v 0.0651015229 0.0360401344 0.0319950439 1 0 0
v 0.0648951787 0.0360355212 0.0302899733 1 0 0
v 0.0646834205 0.0360368936 0.0285855687 1 0 0
v 0.0644684281 0.0360404451 0.0268815645 1 0 0
v 0.0642555278 0.0360415176 0.0251772946 1 0 0
v 0.0640395102 0.0360414701 0.0234734183 1 0 0
v 0.0638243413 0.0360411249 0.0217694337 1 0 0
v 0.0636048477 0.036040151 0.020066 1 0 0
v 0.0491530891 0.033842918 0.283536019 0.313725 0.313725 1
v 0.0502320229 0.0339022618 0.282202251 0.313725 0.313725 1
v 0.0513067688 0.0339510369 0.280864686 0.313725 0.313725 1
v 0.0523473679 0.0339598836 0.279499533 0.313725 0.313725 1
v 0.0533714448 0.0339694707 0.278121949 0.313725 0.313725 1
v 0.0543673237 0.0339746408 0.276723965 0.313725 0.313725 1
v 0.05534642 0.0339782972 0.275314042 0.705882 0.470588 0.156863
v 0.0562885305 0.0339740546 0.273879304 0.705882 0.470588 0.156863
v 0.0572123806 0.0339764869 0.272432568 0.705882 0.470588 0.156863
v 0.0581153519 0.0339787922 0.270972746 0.705882 0.470588 0.156863
v 0.0589901217 0.0339761848 0.269495904 0.705882 0.470588 0.156863
v 0.0598348054 0.0339697691 0.268001707 0.705882 0.470588 0.156863
v 0.0606467524 0.0339756442 0.266489333 0.705882 0.470588 0.156863
v 0.0614379408 0.0339815257 0.264966126 0.705882 0.470588 0.156863
v 0.0622055982 0.0339839511 0.263430788 0.470588 0.470588 0.470588
v 0.0629637941 0.0339849823 0.261890803 0.470588 0.470588 0.470588
v 0.0636951427 0.0339859071 0.26033784 0.470588 0.470588 0.470588
v 0.0644174292 0.0339790244 0.258780739 0.470588 0.470588 0.470588
v 0.0651249971 0.0339594608 0.257216919 0.470588 0.470588 0.470588
v 0.065811539 0.0339528729 0.255643793 0.470588 0.470588 0.470588
v 0.066477475 0.0339643727 0.254061719 0.470588 0.470588 0.470588
v 0.0671304987 0.0339748256 0.252474325 0.470588 0.470588 0.470588
v 0.0677662943 0.0339838978 0.250879886 0.470588 0.470588 0.470588
v 0.0683885415 0.0339882948 0.249280129 0.470588 0.470588 0.470588
v 0.0689990006 0.0339874383 0.247675791 1 0 0
v 0.0695912395 0.0339875266 0.24606469 1 0 0
v 0.070170294 0.0339878932 0.244448752 1 0 0
v 0.070724507 0.0339888414 0.242824197 1 0 0
v 0.0712625034 0.0339876728 0.241194131 1 0 0
v 0.0717820674 0.0339905985 0.239558122 1 0 0
v 0.0722828622 0.0339919159 0.237916311 1 0 0
v 0.0727604866 0.0339902763 0.236267542 1 0 0
v 0.0732210724 0.0339883945 0.234613981 1 0 0
v 0.0736697138 0.0339864131 0.232957091 1 0 0
v 0.0741019318 0.0339826418 0.231295897 0 1 0
v 0.0745211351 0.033973867 0.229631337 0 1 0
v 0.074925261 0.0339697983 0.227963116 0 1 0
v 0.0753065131 0.0339692368 0.226289433 0 1 0
v 0.0756724962 0.0339693636 0.224612423 0 1 0
v 0.0760204101 0.0339716773 0.222931495 0 1 0
v 0.0763655775 0.0339721019 0.221250002 0 1 0
v 0.076701489 0.0339743388 0.219566635 0 1 0
v 0.0770362291 0.0339751757 0.217883034 0 1 0
v 0.0773631152 0.0339721837 0.216197913 0 1 0
v 0.0776792645 0.0339668046 0.214510733 0 1 0
v 0.0779821463 0.0339674888 0.212821122 0 1 0
v 0.0782618115 0.0339704691 0.211127503 0 0.501961 1
v 0.0785291131 0.0339670672 0.20943191 0 0.501961 1
v 0.0787845349 0.033962257 0.207734512 0 0.501961 1
v 0.0790142864 0.033961931 0.206033415 0 0.501961 1
v 0.0792370515 0.0339636112 0.204331375 0 0.501961 1
v 0.0794512429 0.0339627504 0.202628251 0 0.501961 1
v 0.0796566188 0.0339636994 0.200924024 0 0.501961 1
v 0.0798588227 0.0339625431 0.199219429 0 0.501961 1
v 0.08004749 0.033960577 0.197513274 0 0.501961 1
v 0.0802355432 0.033958933 0.19580705 0 0.501961 1
v 0.0804008937 0.0339571512 0.194098485 0 0.501961 1
v 0.0805630251 0.0339549539 0.192389604 0 0.501961 1
v 0.0807019238 0.0339536104 0.19067875 1 0.784314 0
v 0.0808288985 0.0339519482 0.188966896 1 0.784314 0
v 0.080952948 0.0339513742 0.187254837 1 0.784314 0
v 0.081060182 0.0339499891 0.185541633 1 0.784314 0
v 0.081167416 0.033948604 0.18382843 1 0.784314 0
v 0.081222038 0.0339468037 0.182112802 1 0.784314 0
v 0.0812725343 0.0339448306 0.180396989 1 0.784314 0
v 0.0812241746 0.0339397309 0.178681321 1 0.784314 0
v 0.0811299989 0.0339351904 0.176967356 1 0.784314 0
v 0.0809623859 0.0339343485 0.175259307 1 0.784314 0
v 0.0807418217 0.0339279269 0.173557071 0.705882 0 1
v 0.0804609913 0.0339270634 0.171863714 0.705882 0 1
v 0.0801535016 0.033929098 0.170175021 0.705882 0 1
v 0.0798153174 0.0339351455 0.168492118 0.705882 0 1
v 0.0794634725 0.0339338759 0.166812046 0.705882 0 1
v 0.0791092738 0.0339289554 0.165132469 0.705882 0 1
v 0.0787726941 0.0339295089 0.163449234 0.705882 0 1
v 0.0784538088 0.0339309912 0.161762731 0.705882 0 1
v 0.0781652139 0.0339348269 0.160070612 0.705882 0 1
v 0.0778753938 0.0339363468 0.158378791 0.705882 0 1
v 0.0776211467 0.0339384874 0.156681169 0 0.862745 0.862745
v 0.0773668996 0.0339406279 0.154983546 0 0.862745 0.862745
v 0.0771305758 0.0339422137 0.153283342 0 0.862745 0.862745
v 0.0768967272 0.0339433891 0.151582802 0 0.862745 0.862745
v 0.0766805908 0.0339413983 0.149879911 0 0.862745 0.862745
v 0.0764675897 0.0339416729 0.148176656 0 0.862745 0.862745
v 0.076273351 0.0339460556 0.14647113 0 0.862745 0.862745
v 0.0760811826 0.0339477069 0.144765389 0 0.862745 0.862745
v 0.075889535 0.0339469251 0.143059566 0 0.862745 0.862745
v 0.075704698 0.0339477773 0.141353002 0 0.862745 0.862745
v 0.0755208488 0.0339492459 0.139646329 0 0.862745 0.862745
v 0.0753388132 0.033949616 0.137939459 0 0.862745 0.862745
v 0.0751540733 0.0339493723 0.136232872 1 0.470588 0
v 0.074981691 0.0339515669 0.134524994 1 0.470588 0
v 0.0748043407 0.0339520572 0.132817636 1 0.470588 0
v 0.0746326887 0.0339498181 0.131109687 1 0.470588 0
v 0.0744657067 0.0339489012 0.129401287 1 0.470588 0
v 0.0743044461 0.03394977 0.127692326 1 0.470588 0
v 0.0741456101 0.0339512718 0.12598315 1 0.470588 0
v 0.0739859138 0.0339537593 0.12427404 1 0.470588 0
v 0.0738355736 0.0339539426 0.122564084 0.470588 1 0
v 0.0736820765 0.0339542703 0.120854406 0.470588 1 0
v 0.0735359244 0.0339555738 0.119144083 0.470588 1 0
v 0.0733855598 0.0339552946 0.117434129 0.470588 1 0
v 0.0732344835 0.0339502206 0.115724245 0.470588 1 0
v 0.0730839668 0.0339440636 0.114014317 0.470588 1 0
v 0.0729381804 0.0339350754 0.112303985 0.470588 1 0
v 0.0727860335 0.0339387917 0.110594228 0.470588 1 0
v 0.0726292617 0.0339525326 0.1088849 0.470588 1 0
v 0.0724797014 0.0339503622 0.107174887 0.470588 1 0
v 0.0723257855 0.0339469115 0.105465251 1 0 0.705882
v 0.0721772889 0.033945493 0.103755131 1 0 0.705882
v 0.072023577 0.0339449709 0.102045471 1 0 0.705882
v 0.0718702568 0.0339443353 0.100335778 1 0 0.705882
v 0.0717145114 0.0339467456 0.098626307 1 0 0.705882
v 0.0715602344 0.0339530829 0.0969167089 1 0 0.705882
v 0.0714031117 0.0339545871 0.0952073632 1 0 0.705882
v 0.0712454612 0.033952982 0.0934980617 1 0 0.705882
v 0.0710939582 0.0339535544 0.0917882049 0.313725 0.313725 1
v 0.0709398007 0.0339537088 0.0900785861 0.313725 0.313725 1
v 0.0707877452 0.0339503172 0.0883687806 0.313725 0.313725 1
v 0.0706355812 0.0339484399 0.0866589837 0.313725 0.313725 1
v 0.0704865971 0.0339511214 0.0849489063 0.313725 0.313725 1
v 0.0703375287 0.0339496651 0.0832388382 0.313725 0.313725 1
v 0.070194442 0.0339528958 0.0815282583 0.313725 0.313725 1
v 0.0700514047 0.0339558426 0.0798176741 0.313725 0.313725 1
v 0.0699086397 0.0339526784 0.0781070672 0.313725 0.313725 1
v 0.0697658746 0.0339495143 0.0763964603 0.313725 0.313725 1
v 0.0696219639 0.0339539086 0.0746859715 0.705882 0.470588 0.156863
v 0.0694758242 0.0339559519 0.0729756491 0.705882 0.470588 0.156863
v 0.0693281602 0.0339558772 0.0712654556 0.705882 0.470588 0.156863
v 0.0691755809 0.0339551531 0.0695556943 0.705882 0.470588 0.156863
v 0.0690203634 0.0339552662 0.0678461695 0.705882 0.470588 0.156863
v 0.0688616905 0.0339555352 0.0661369621 0.705882 0.470588 0.156863
v 0.0687036154 0.033954619 0.0644276992 0.705882 0.470588 0.156863
v 0.0685423207 0.033953174 0.0627187386 0.705882 0.470588 0.156863
v 0.0683808472 0.033947981 0.0610098021 0.705882 0.470588 0.156863
v 0.0682175842 0.0339458407 0.0593010372 0.705882 0.470588 0.156863
v 0.0680543288 0.0339524939 0.0575922745 0.470588 0.470588 0.470588
v 0.0678855853 0.0339503766 0.0558840395 0.470588 0.470588 0.470588
v 0.0677157499 0.0339457073 0.0541759113 0.470588 0.470588 0.470588
v 0.0675435904 0.0339400933 0.0524680198 0.470588 0.470588 0.470588
v 0.0673694368 0.0339338946 0.0507603313 0.470588 0.470588 0.470588
v 0.0671958418 0.0339365245 0.0490526071 0.470588 0.470588 0.470588
v 0.0670228468 0.0339488703 0.0473448375 0.470588 0.470588 0.470588
v 0.0668479857 0.0339517504 0.0456372141 0.470588 0.470588 0.470588
v 0.0666730498 0.0339552049 0.0439295986 0.470588 0.470588 0.470588
v 0.0664959441 0.0339562047 0.0422222052 0.470588 0.470588 0.470588
v 0.0663160208 0.0339577999 0.0405151056 1 0 0
v 0.0661327145 0.0339611532 0.0388083699 1 0 0
v 0.0659421617 0.0339629271 0.037102425 1 0 0
v 0.0657495655 0.0339636341 0.0353967093 1 0 0
v 0.0655452265 0.033963163 0.033692359 1 0 0
v 0.0653385897 0.0339614393 0.0319882873 1 0 0
v 0.0651297566 0.0339549654 0.0302844937 1 0 0
v 0.0649201698 0.0339555542 0.0285807869 1 0 0
v 0.0647068983 0.0339585339 0.0268775348 1 0 0
v 0.0644942834 0.0339591116 0.0251741968 1 0 0
v 0.0642779015 0.0339587845 0.0234713344 1 0 0
v 0.0640627391 0.0339584549 0.021768317 1 0 0
v 0.0638420946 0.0339575865 0.020066 1 0 0
v 0.0495257591 0.0317814944 0.283463988 0.313725 0.313725 1
v 0.0505995243 0.0318342625 0.282127085 0.313725 0.313725 1
v 0.0516558103 0.0318648996 0.280775798 0.313725 0.313725 1
v 0.0526965349 0.0318777878 0.279412014 0.313725 0.313725 1
v 0.0537126313 0.0318856459 0.278030183 0.313725 0.313725 1
v 0.0546930101 0.0318873398 0.276622334 0.313725 0.313725 1
v 0.0556589613 0.031886732 0.275204766 0.705882 0.470588 0.156863
v 0.0565959353 0.0318815011 0.273767673 0.705882 0.470588 0.156863
v 0.0575048989 0.0318836703 0.272312901 0.705882 0.470588 0.156863
v 0.0583976252 0.0318908033 0.270847919 0.705882 0.470588 0.156863
v 0.0592630304 0.0318798809 0.269366744 0.705882 0.470588 0.156863
v 0.0601142526 0.0318684849 0.267877477 0.705882 0.470588 0.156863
v 0.0609135891 0.0318754852 0.266359522 0.705882 0.470588 0.156863
v 0.0617031789 0.0318822312 0.264836552 0.705882 0.470588 0.156863
v 0.0624624754 0.0318856317 0.263298181 0.470588 0.470588 0.470588
v 0.0632096287 0.0318891194 0.261753898 0.470588 0.470588 0.470588
v 0.0639424574 0.0318922239 0.260202726 0.470588 0.470588 0.470588
v 0.0646602952 0.0318891753 0.258644661 0.470588 0.470588 0.470588
v 0.065358566 0.031872339 0.257077717 0.470588 0.470588 0.470588
v 0.0660444112 0.0318656988 0.255505356 0.470588 0.470588 0.470588
v 0.066709264 0.0318717791 0.253923872 0.470588 0.470588 0.470588
v 0.0673584837 0.0318806021 0.252335992 0.470588 0.470588 0.470588
v 0.0679925601 0.0318950536 0.250741968 0.470588 0.470588 0.470588
v 0.068613667 0.0318989665 0.249142825 0.470588 0.470588 0.470588
v 0.0692232582 0.0318962712 0.247539213 1 0 0
v 0.0698123125 0.0318963283 0.245928008 1 0 0
v 0.0703907084 0.0318971525 0.24431288 1 0 0
v 0.070941163 0.0318980745 0.242688077 1 0 0
v 0.0714781647 0.0318979602 0.241058718 1 0 0
v 0.0719834206 0.0318993547 0.239419263 1 0 0
v 0.0724824603 0.0319000383 0.237777907 1 0 0
v 0.0729523383 0.0318952375 0.236127951 1 0 0
v 0.0734157922 0.0318907086 0.234476194 1 0 0
v 0.0738636144 0.0318907246 0.23282011 1 0 0
v 0.0743044646 0.0318954363 0.231162156 0 1 0
v 0.0747229188 0.0318874496 0.22949843 0 1 0
v 0.0751239665 0.0318874192 0.227830394 0 1 0
v 0.0755094716 0.0318885792 0.226158728 0 1 0
v 0.0758707929 0.0318887458 0.224481639 0 1 0
v 0.0762268942 0.0318896543 0.222803448 0 1 0
v 0.0765694564 0.0318884232 0.221122427 0 1 0
v 0.0769110501 0.0318863388 0.21944121 0 1 0
v 0.0772442507 0.0318854057 0.21775831 0 1 0
v 0.0775769104 0.031884269 0.216075301 0 1 0
v 0.0778868984 0.0318854487 0.214387996 0 1 0
v 0.0781919889 0.0318864076 0.212699771 0 1 0
v 0.0784826233 0.0318857207 0.211009118 0 0.501961 1
v 0.0787455061 0.0318816269 0.209313813 0 0.501961 1
v 0.0790053846 0.0318778978 0.207618067 0 0.501961 1
v 0.079237166 0.0318779173 0.205918238 0 0.501961 1
v 0.079458198 0.0318800692 0.204216968 0 0.501961 1
v 0.0796742662 0.0318740271 0.202515069 0 0.501961 1
v 0.0798810696 0.0318737048 0.200812016 0 0.501961 1
v 0.0800820181 0.0318664156 0.199108278 0 0.501961 1
v 0.0802754742 0.0318604688 0.197403674 0 0.501961 1
v 0.0804563884 0.0318619647 0.195697688 0 0.501961 1
v 0.0806284468 0.031865684 0.193990783 0 0.501961 1
v 0.0807847255 0.0318645167 0.192282363 0 0.501961 1
v 0.0809309334 0.0318682046 0.190573038 1 0.784314 0
v 0.0810620551 0.0318682882 0.188862508 1 0.784314 0
v 0.0811867002 0.0318690329 0.187151472 1 0.784314 0
v 0.0813039257 0.0318688735 0.185439934 1 0.784314 0
v 0.0814038468 0.0318673407 0.183727277 1 0.784314 0
v 0.0814765836 0.0318672994 0.182013398 1 0.784314 0
v 0.0815261199 0.0318646562 0.180298549 1 0.784314 0
v 0.0814818367 0.0318619809 0.178584206 1 0.784314 0
v 0.0813864503 0.0318583825 0.176871293 1 0.784314 0
v 0.0812253147 0.0318539953 0.175164107 1 0.784314 0
v 0.0809972558 0.031847734 0.173463775 0.705882 0 1
v 0.0807270953 0.0318467847 0.171770123 0.705882 0 1
v 0.0804104023 0.0318496732 0.170084039 0.705882 0 1
v 0.080076171 0.0318535189 0.168401424 0.705882 0 1
v 0.0797243732 0.0318574428 0.166722315 0.705882 0 1
v 0.0793751455 0.0318581358 0.165042673 0.705882 0 1
v 0.0790276665 0.0318558435 0.163362663 0.705882 0 1
v 0.0787095655 0.0318568506 0.161676972 0.705882 0 1
v 0.0784071909 0.0318581485 0.15998826 0.705882 0 1
v 0.0781327719 0.0318600277 0.158294868 0.705882 0 1
v 0.0778713883 0.0318620338 0.156599334 0 0.862745 0.862745
v 0.0776183438 0.0318626984 0.154902528 0 0.862745 0.862745
v 0.0773820864 0.0318641175 0.153203337 0 0.862745 0.862745
v 0.0771450041 0.0318640599 0.151504228 0 0.862745 0.862745
v 0.0769329384 0.0318649502 0.149801831 0 0.862745 0.862745
v 0.0767237751 0.0318657867 0.148099075 0 0.862745 0.862745
v 0.0765219483 0.031866258 0.146395422 0 0.862745 0.862745
v 0.0763261338 0.0318667425 0.144691093 0 0.862745 0.862745
v 0.0761417581 0.0318671863 0.142985466 0 0.862745 0.862745
v 0.0759563521 0.0318679029 0.14127996 0 0.862745 0.862745
v 0.0757683369 0.0318686151 0.13957473 0 0.862745 0.862745
v 0.0755874353 0.0318691015 0.137868731 0 0.862745 0.862745
v 0.0753997552 0.0318686784 0.136163465 1 0.470588 0
v 0.0752232917 0.0318700371 0.134456998 1 0.470588 0
v 0.075044433 0.0318703386 0.132750788 1 0.470588 0
v 0.074874063 0.0318686252 0.131043707 1 0.470588 0
v 0.0747026425 0.0318679109 0.12933675 1 0.470588 0
v 0.0745364974 0.0318684963 0.127629248 1 0.470588 0
v 0.0743778991 0.0318698945 0.125921043 1 0.470588 0
v 0.0742191176 0.0318711805 0.124212843 1 0.470588 0
v 0.0740693818 0.0318725805 0.122503832 0.470588 1 0
v 0.0739163281 0.0318733036 0.120795107 0.470588 1 0
v 0.0737666673 0.0318739014 0.119086083 0.470588 1 0
v 0.0736122527 0.0318731835 0.117377477 0.470588 1 0
v 0.0734652004 0.0318717324 0.115668222 0.470588 1 0
v 0.0733162612 0.031868328 0.113959139 0.470588 1 0
v 0.07316147 0.0318585002 0.112250594 0.470588 1 0
v 0.0730090851 0.0318590527 0.110541839 0.470588 1 0
v 0.072856299 0.031867678 0.108833113 0.470588 1 0
v 0.0727052261 0.0318687691 0.107124213 0.470588 1 0
v 0.0725506644 0.0318660413 0.105415623 1 0 0.705882
v 0.0724004847 0.0318637109 0.103706643 1 0 0.705882
v 0.0722468592 0.0318607903 0.10199797 1 0 0.705882
v 0.0720958076 0.0318619306 0.100289062 1 0 0.705882
v 0.0719408973 0.0318643329 0.098580506 1 0 0.705882
v 0.0717824255 0.0318690456 0.096872277 1 0 0.705882
v 0.0716266533 0.0318701933 0.0951637983 1 0 0.705882
v 0.0714724484 0.0318688612 0.0934551732 1 0 0.705882
v 0.0713184472 0.0318683386 0.0917465292 0.313725 0.313725 1
v 0.0711644357 0.0318673934 0.0900378879 0.313725 0.313725 1
v 0.0710112791 0.031864011 0.0883291715 0.313725 0.313725 1
v 0.0708592324 0.0318614246 0.0866203584 0.313725 0.313725 1
v 0.0707081608 0.0318634399 0.0849114537 0.313725 0.313725 1
v 0.070561483 0.0318633637 0.0832021679 0.313725 0.313725 1
v 0.0704161878 0.0318631906 0.0814927614 0.313725 0.313725 1
v 0.070273679 0.0318583816 0.0797831296 0.313725 0.313725 1
v 0.0701317825 0.0318528389 0.0780734469 0.313725 0.313725 1
v 0.0699884842 0.031846304 0.0763638853 0.313725 0.313725 1
v 0.0698448555 0.0318434999 0.074654358 0.705882 0.470588 0.156863
v 0.0696951083 0.0318666148 0.0729454963 0.705882 0.470588 0.156863
v 0.0695450554 0.0318717795 0.0712365391 0.705882 0.470588 0.156863
v 0.0693938719 0.0318712754 0.069527644 0.705882 0.470588 0.156863
v 0.0692367353 0.0318712141 0.0678192867 0.705882 0.470588 0.156863
v 0.0690772114 0.0318709246 0.0661111492 0.705882 0.470588 0.156863
v 0.0689189879 0.0318701249 0.0644028909 0.705882 0.470588 0.156863
v 0.0687577565 0.0318685783 0.0626949153 0.705882 0.470588 0.156863
v 0.0685973885 0.0318630987 0.0609868661 0.705882 0.470588 0.156863
v 0.0684352788 0.0318599851 0.0592789854 0.705882 0.470588 0.156863
v 0.0682719043 0.0318666019 0.0575712247 0.470588 0.470588 0.470588
v 0.0681041518 0.0318667839 0.0558638851 0.470588 0.470588 0.470588
v 0.0679334676 0.0318610655 0.0541568362 0.470588 0.470588 0.470588
v 0.0677629914 0.0318558139 0.052449765 0.470588 0.470588 0.470588
v 0.0675926659 0.0318509006 0.0507426778 0.470588 0.470588 0.470588
v 0.0674206653 0.0318508355 0.0490357596 0.470588 0.470588 0.470588
v 0.0672474829 0.0318573829 0.0473289653 0.470588 0.470588 0.470588
v 0.0670742365 0.031862801 0.0456221766 0.470588 0.470588 0.470588
v 0.0668981962 0.0318674141 0.0439156683 0.470588 0.470588 0.470588
v 0.0667217176 0.031872638 0.0422092078 0.470588 0.470588 0.470588
v 0.066540112 0.031875961 0.0405032824 1 0 0
v 0.0663558737 0.0318768743 0.0387976365 1 0 0
v 0.0661650225 0.0318763077 0.0370927177 1 0 0
v 0.0659677753 0.0318772163 0.0353885302 1 0 0
v 0.0657646415 0.0318783692 0.03368503 1 0 0
v 0.0655588543 0.0318757177 0.031981851 1 0 0
v 0.0653527582 0.0318714667 0.0302787121 1 0 0
v 0.0651436369 0.0318717329 0.0285759383 1 0 0
v 0.0649315155 0.0318744192 0.0268735364 1 0 0
v 0.0647176919 0.0318749238 0.0251713458 1 0 0
v 0.0644991483 0.031874279 0.0234697524 1 0 0
v 0.0642838204 0.0318740373 0.0217677493 1 0 0
v 0.0640665121 0.0318735578 0.020066 1 0 0
v 0.0498553912 0.0297125695 0.283402145 0.313725 0.313725 1
v 0.0509234891 0.0297379042 0.28206094 0.313725 0.313725 1
v 0.0519819145 0.0297662133 0.280712313 0.313725 0.313725 1
v 0.0530004263 0.0297867995 0.279333018 0.313725 0.313725 1
v 0.0539984948 0.0297954877 0.277938956 0.313725 0.313725 1
v 0.0549780176 0.0297919883 0.276531536 0.313725 0.313725 1
v 0.0559275484 0.0297892294 0.275103985 0.705882 0.470588 0.156863
v 0.0568554552 0.0297838865 0.273662018 0.705882 0.470588 0.156863
v 0.0577579168 0.0297951727 0.272204107 0.705882 0.470588 0.156863
v 0.058647279 0.0298058333 0.270738196 0.705882 0.470588 0.156863
v 0.0595038312 0.0297943606 0.26925277 0.705882 0.470588 0.156863
v 0.0603517455 0.0297842599 0.26776257 0.705882 0.470588 0.156863
v 0.0611511953 0.0297877362 0.266245613 0.705882 0.470588 0.156863
v 0.0619363577 0.0297896304 0.264721308 0.705882 0.470588 0.156863
v 0.0626922397 0.0297902654 0.263182168 0.470588 0.470588 0.470588
v 0.0634387309 0.0297910828 0.261638529 0.470588 0.470588 0.470588
v 0.064162291 0.0297945862 0.260083938 0.470588 0.470588 0.470588
v 0.0648779621 0.0297923253 0.258525768 0.470588 0.470588 0.470588
v 0.0655750635 0.0297807462 0.256959179 0.470588 0.470588 0.470588
v 0.0662567821 0.0297749765 0.255385875 0.470588 0.470588 0.470588
v 0.0669202621 0.029770764 0.253804709 0.470588 0.470588 0.470588
v 0.0675690857 0.0297797038 0.252217575 0.470588 0.470588 0.470588
v 0.0682004003 0.0298003547 0.250623422 0.470588 0.470588 0.470588
v 0.0688200029 0.0298066469 0.249024639 0.470588 0.470588 0.470588
v 0.0694311998 0.0298031196 0.247422536 1 0 0
v 0.0700170274 0.0298038569 0.245811054 1 0 0
v 0.0705910815 0.0298068371 0.24419527 1 0 0
v 0.07113344 0.0298056201 0.242568633 1 0 0
v 0.0716701181 0.0298042946 0.24094005 1 0 0
v 0.0721690759 0.0298062532 0.23929955 1 0 0
v 0.0726614486 0.029808139 0.237657041 1 0 0
v 0.0731297697 0.0298009669 0.236007517 1 0 0
v 0.0735977171 0.0297945475 0.234357883 1 0 0
v 0.0740440525 0.0297953549 0.232702284 1 0 0
v 0.074485434 0.0297996594 0.231045338 0 1 0
v 0.0749088832 0.0298001109 0.229383762 0 1 0
v 0.0753108643 0.0297983003 0.227716814 0 1 0
v 0.0756937526 0.0298013256 0.226045446 0 1 0
v 0.0760576243 0.0298018988 0.224369775 0 1 0
v 0.0764124897 0.0297985188 0.222692179 0 1 0
v 0.0767595678 0.0297940187 0.221012951 0 1 0
v 0.0770994893 0.0297933251 0.219332251 0 1 0
v 0.0774380033 0.0297944537 0.217651265 0 1 0
v 0.0777654167 0.0297961306 0.215968084 0 1 0
v 0.0780828992 0.029797752 0.214283035 0 1 0
v 0.0783843081 0.0297967751 0.212595003 0 1 0
v 0.0786781651 0.0297954687 0.210905675 0 0.501961 1
v 0.078951064 0.029796875 0.209212798 0 0.501961 1
v 0.0792044259 0.0297960108 0.207516963 0 0.501961 1
v 0.0794397669 0.0297944689 0.205818458 0 0.501961 1
v 0.0796646922 0.0297928892 0.20411856 0 0.501961 1
v 0.079880463 0.029786876 0.202417468 0 0.501961 1
v 0.0800929963 0.0297847268 0.200715966 0 0.501961 1
v 0.0802926313 0.0297750816 0.199012922 0 0.501961 1
v 0.0804890182 0.0297673485 0.197309498 0 0.501961 1
v 0.0806668526 0.0297712226 0.195604035 0 0.501961 1
v 0.0808409627 0.0297773321 0.193898176 0 0.501961 1
v 0.0809977933 0.0297795273 0.192190648 0 0.501961 1
v 0.0811437876 0.0297840204 0.190482147 1 0.784314 0
v 0.0812805579 0.0297843201 0.188772884 1 0.784314 0
v 0.0814058755 0.0297847908 0.187062742 1 0.784314 0
v 0.0815249283 0.0297801521 0.185352158 1 0.784314 0
v 0.0816307621 0.0297774928 0.183640717 1 0.784314 0
v 0.0817070798 0.0297742633 0.181927704 1 0.784314 0
v 0.0817455118 0.029770944 0.180213767 1 0.784314 0
v 0.0817255263 0.0297693797 0.178499152 1 0.784314 0
v 0.0816363568 0.0297666728 0.176788024 1 0.784314 0
v 0.0814715928 0.0297630444 0.175081229 1 0.784314 0
v 0.0812408939 0.0297629812 0.173382747 0.705882 0 1
v 0.0809635724 0.0297695703 0.171690601 0.705882 0 1
v 0.0806450942 0.0297712817 0.170005794 0.705882 0 1
v 0.0803037081 0.029768578 0.168325391 0.705882 0 1
v 0.079951521 0.0297715596 0.166647224 0.705882 0 1
v 0.0796040253 0.0297739279 0.164968073 0.705882 0 1
v 0.0792580234 0.0297750557 0.163288632 0.705882 0 1
v 0.0789489353 0.0297762393 0.161601997 0.705882 0 1
v 0.0786383515 0.0297763149 0.159915676 0.705882 0 1
v 0.0783642779 0.0297793787 0.158222992 0.705882 0 1
v 0.0780982249 0.0297802194 0.156529084 0 0.862745 0.862745
v 0.0778474729 0.0297807583 0.154832792 0 0.862745 0.862745
v 0.077608074 0.0297813964 0.153134903 0 0.862745 0.862745
v 0.0773794934 0.0297827705 0.151435475 0 0.862745 0.862745
v 0.0771579486 0.0297827098 0.14973512 0 0.862745 0.862745
v 0.0769394018 0.0297823694 0.148034381 0 0.862745 0.862745
v 0.0767486814 0.029783709 0.146330288 0 0.862745 0.862745
v 0.0765544451 0.0297840564 0.144626613 0 0.862745 0.862745
v 0.0763671166 0.0297843861 0.142922154 0 0.862745 0.862745
v 0.0761814232 0.0297850519 0.141217523 0 0.862745 0.862745
v 0.07599409 0.0297855285 0.139513062 0 0.862745 0.862745
v 0.075813176 0.029786152 0.137807908 0 0.862745 0.862745
v 0.0756256348 0.029785778 0.136103469 1 0.470588 0
v 0.0754485599 0.0297869445 0.134397913 1 0.470588 0
v 0.0752643489 0.0297865801 0.132693117 1 0.470588 0
v 0.0750903776 0.0297854376 0.130987237 1 0.470588 0
v 0.0749184456 0.029784615 0.129281173 1 0.470588 0
v 0.0747511782 0.0297851642 0.127574628 1 0.470588 0
v 0.0745905001 0.0297862219 0.125867467 1 0.470588 0
v 0.0744332059 0.0297875434 0.124159971 1 0.470588 0
v 0.0742814325 0.0297886961 0.122451983 0.470588 1 0
v 0.0741250292 0.029788605 0.120744398 0.470588 1 0
v 0.0739776306 0.029788788 0.119036016 0.470588 1 0
v 0.0738305514 0.0297889134 0.117327605 0.470588 1 0
v 0.0736748 0.0297874962 0.115619963 0.470588 1 0
v 0.0735199352 0.0297850182 0.113912245 0.470588 1 0
v 0.0733724572 0.0297778259 0.112203882 0.470588 1 0
v 0.0732201126 0.029774772 0.110495946 0.470588 1 0
v 0.073066779 0.0297792594 0.108788094 0.470588 1 0
v 0.072914912 0.0297807446 0.107080106 0.470588 1 0
v 0.072758755 0.0297818632 0.1053725 1 0 0.705882
v 0.0726116465 0.0297783135 0.103664094 1 0 0.705882
v 0.0724611226 0.029775419 0.101955987 1 0 0.705882
v 0.0723043143 0.0297772778 0.100248443 1 0 0.705882
v 0.07214819 0.0297800346 0.098540837 1 0 0.705882
v 0.0719957735 0.0297843956 0.0968328973 1 0 0.705882
v 0.071842687 0.0297864716 0.0951250156 1 0 0.705882
v 0.0716889897 0.029786413 0.0934171866 1 0 0.705882
v 0.0715340123 0.0297858933 0.0917094722 0.313725 0.313725 1
v 0.0713782992 0.0297852539 0.0900018246 0.313725 0.313725 1
v 0.0712248234 0.0297817007 0.0882939807 0.313725 0.313725 1
v 0.0710737728 0.0297750602 0.086585927 0.313725 0.313725 1
v 0.070925443 0.0297722487 0.0848776303 0.313725 0.313725 1
v 0.0707758737 0.0297733889 0.0831694338 0.313725 0.313725 1
v 0.0706302264 0.0297758051 0.0814609058 0.313725 0.313725 1
v 0.0704850902 0.0297740827 0.0797523279 0.313725 0.313725 1
v 0.0703407955 0.0297732485 0.0780436783 0.313725 0.313725 1
v 0.0701972796 0.029772344 0.0763349643 0.313725 0.313725 1
v 0.0700516345 0.0297762684 0.0746264503 0.705882 0.470588 0.156863
v 0.0699051918 0.029786776 0.0729180155 0.705882 0.470588 0.156863
v 0.0697515793 0.0297867158 0.0712101791 0.705882 0.470588 0.156863
v 0.0695966874 0.0297860007 0.0695024568 0.705882 0.470588 0.156863
v 0.0694415624 0.0297859805 0.0677947555 0.705882 0.470588 0.156863
v 0.0692849123 0.0297858064 0.0660871945 0.705882 0.470588 0.156863
v 0.0691246485 0.0297846937 0.0643799685 0.705882 0.470588 0.156863
v 0.0689643288 0.0297824981 0.0626727507 0.705882 0.470588 0.156863
v 0.0688072519 0.0297746369 0.0609652459 0.705882 0.470588 0.156863
v 0.0686468617 0.0297703502 0.0592580477 0.705882 0.470588 0.156863
v 0.0684811623 0.0297764867 0.0575513513 0.470588 0.470588 0.470588
v 0.0683146949 0.0297790632 0.0558447273 0.470588 0.470588 0.470588
v 0.0681475163 0.0297747891 0.0541381691 0.470588 0.470588 0.470588
v 0.0679775371 0.0297736397 0.0524318855 0.470588 0.470588 0.470588
v 0.0678036413 0.0297719377 0.0507259942 0.470588 0.470588 0.470588
v 0.0676308251 0.0297747793 0.0490199977 0.470588 0.470588 0.470588
v 0.0674581774 0.0297803646 0.0473139882 0.470588 0.470588 0.470588
v 0.0672849007 0.0297792774 0.0456080394 0.470588 0.470588 0.470588
v 0.0671111748 0.029776741 0.0439021348 0.470588 0.470588 0.470588
v 0.066933579 0.0297836394 0.0421966386 0.470588 0.470588 0.470588
v 0.0667554239 0.0297913172 0.0404912034 1 0 0
v 0.0665664106 0.0297910086 0.0387869285 1 0 0
v 0.0663757103 0.0297893957 0.0370828339 1 0 0
v 0.0661739939 0.0297899413 0.0353800127 1 0 0
v 0.0659694765 0.0297914516 0.033677521 1 0 0
v 0.0657672121 0.0297903826 0.0319747613 1 0 0
v 0.0655638333 0.029786831 0.0302721386 1 0 0
v 0.0653538534 0.029786664 0.0285703172 1 0 0
v 0.0651362229 0.0297884366 0.0268694523 1 0 0
v 0.0649228585 0.0297888311 0.025168048 1 0 0
v 0.0647099555 0.0297886767 0.0234665856 1 0 0
v 0.0644892383 0.0297879543 0.0217661218 1 0 0
v 0.0642658717 0.029787017 0.020066 1 0 0
v 0.0501720454 0.0276413827 0.283343375 0 0.501961 1
v 0.0512312719 0.0276632563 0.281996201 0 0.501961 1
v 0.0522697494 0.0276816706 0.28063302 0 0.501961 1
v 0.053283961 0.0277012693 0.279251553 0 0.501961 1
v 0.0542746322 0.0277074783 0.277853304 0 0.501961 1
v 0.0552417035 0.0277020788 0.276438311 0 0.501961 1
v 0.0561780441 0.0276943379 0.275002934 1 0.784314 0
v 0.0571055521 0.0276867014 0.273561723 1 0.784314 0
v 0.057995197 0.0276995339 0.27209686 1 0.784314 0
v 0.0588807431 0.0277097501 0.270629563 1 0.784314 0
v 0.0597371512 0.0277009683 0.269144993 1 0.784314 0
v 0.0605758652 0.0276999744 0.267650467 1 0.784314 0
v 0.0613701736 0.02770117 0.26613174 1 0.784314 0
v 0.0621568003 0.0277025809 0.26460912 1 0.784314 0
v 0.0629059205 0.0277037565 0.263067602 0.705882 0 1
v 0.0636492727 0.0277046724 0.261523338 0.705882 0 1
v 0.0643730854 0.0277046733 0.259969777 0.705882 0 1
v 0.0650846949 0.0277026866 0.258410643 0.705882 0 1
v 0.0657781606 0.0276972172 0.256843309 0.705882 0 1
v 0.0664601393 0.0276914457 0.255271021 0.705882 0 1
v 0.06712042 0.0276757663 0.253689491 0.705882 0 1
v 0.0677677131 0.0276801884 0.252102744 0.705882 0 1
v 0.0684006238 0.0277075375 0.250510219 0.705882 0 1
v 0.0690182787 0.0277140646 0.248911614 0.705882 0 1
v 0.0696256456 0.027708225 0.24730895 0 0.862745 0.862745
v 0.0702080351 0.0277114344 0.245697113 0 0.862745 0.862745
v 0.0707823588 0.0277174119 0.244082314 0 0.862745 0.862745
v 0.0713174515 0.0277143874 0.242454168 0 0.862745 0.862745
v 0.0718450166 0.0277099792 0.240823488 0 0.862745 0.862745
v 0.0723418509 0.027712533 0.239183223 0 0.862745 0.862745
v 0.0728326871 0.0277153742 0.237541115 0 0.862745 0.862745
v 0.0733027912 0.0277126803 0.235892958 0 0.862745 0.862745
v 0.0737676088 0.0277070546 0.234243305 0 0.862745 0.862745
v 0.0742245797 0.0277002012 0.232591461 0 0.862745 0.862745
v 0.0746645197 0.0276970501 0.230935085 1 0.470588 0
v 0.0750867553 0.0276977117 0.229274008 1 0.470588 0
v 0.0754966854 0.0276989902 0.227609971 1 0.470588 0
v 0.0758697868 0.0277051512 0.225937184 1 0.470588 0
v 0.0762407713 0.0277101749 0.224263933 1 0.470588 0
v 0.0765931841 0.0277058903 0.222586664 1 0.470588 0
v 0.076943054 0.0277010588 0.220908861 1 0.470588 0
v 0.0772855969 0.0277029827 0.219229541 1 0.470588 0
v 0.0776232763 0.0277051971 0.217549238 1 0.470588 0
v 0.0779504168 0.0277074672 0.215866849 1 0.470588 0
v 0.0782750212 0.0276978095 0.214184013 1 0.470588 0
v 0.0785736733 0.0276985674 0.212496333 1 0.470588 0
v 0.0788685677 0.0277024901 0.210808009 0.470588 1 0
v 0.079133293 0.0277017889 0.209114678 0.470588 1 0
v 0.0793975911 0.0277008973 0.207421278 0.470588 1 0
v 0.0796316221 0.0277019473 0.205723482 0.470588 1 0
v 0.0798595886 0.0277031681 0.204024809 0.470588 1 0
v 0.0800787197 0.027704047 0.202324993 0.470588 1 0
v 0.0802902587 0.0277049828 0.200624196 0.470588 1 0
v 0.0804952263 0.0277043184 0.198922625 0.470588 1 0
v 0.0806856448 0.0277000462 0.197219339 0.470588 1 0
v 0.0808739161 0.0276971542 0.195515825 0.470588 1 0
v 0.0810386379 0.0276996682 0.193809869 0.470588 1 0
v 0.0812000008 0.0277008851 0.192103581 0.470588 1 0
v 0.0813502684 0.0277005593 0.190396329 1 0 0.705882
v 0.0814849763 0.0276995548 0.188687729 1 0 0.705882
v 0.0816154057 0.0276988494 0.186978805 1 0 0.705882
v 0.0817326171 0.0276931757 0.185268925 1 0 0.705882
v 0.0818389807 0.0276910424 0.18355836 1 0 0.705882
v 0.0819160222 0.0276900893 0.181846206 1 0 0.705882
v 0.0819501696 0.0276898955 0.180132822 1 0 0.705882
v 0.0819409605 0.0276902083 0.178419031 1 0 0.705882
v 0.0818529462 0.0276912212 0.176707519 1 0 0.705882
v 0.0816868058 0.0276875258 0.175002155 1 0 0.705882
v 0.081456475 0.0276861141 0.173304111 0.313725 0.313725 1
v 0.0811750957 0.0276903663 0.171613497 0.313725 0.313725 1
v 0.0808567634 0.0276885242 0.169929565 0.313725 0.313725 1
v 0.080516797 0.0276861068 0.168249721 0.313725 0.313725 1
v 0.0801686492 0.0276790291 0.166571582 0.313725 0.313725 1
v 0.0798146996 0.027674529 0.164894638 0.313725 0.313725 1
v 0.0794742378 0.0276771629 0.163214986 0.313725 0.313725 1
v 0.079152525 0.027686298 0.161531577 0.313725 0.313725 1
v 0.0788548563 0.0276876305 0.159843849 0.705882 0.470588 0.156863
v 0.0785728465 0.0276917823 0.158153326 0.705882 0.470588 0.156863
v 0.0782999962 0.027694528 0.156461394 0.705882 0.470588 0.156863
v 0.0780517642 0.0276943909 0.154765563 0.705882 0.470588 0.156863
v 0.0778098165 0.0276947185 0.153068843 0.705882 0.470588 0.156863
v 0.0775737725 0.0276954276 0.151371273 0.705882 0.470588 0.156863
v 0.0773572105 0.027696457 0.149671147 0.705882 0.470588 0.156863
v 0.0771431021 0.0276973485 0.147970676 0.705882 0.470588 0.156863
v 0.0769495743 0.027698113 0.146267743 0.705882 0.470588 0.156863
v 0.0767537224 0.0276982813 0.144565087 0.705882 0.470588 0.156863
v 0.0765671589 0.0276987622 0.142861377 0.705882 0.470588 0.156863
v 0.0763814323 0.0276992333 0.141157579 0.705882 0.470588 0.156863
v 0.0761973809 0.0276998372 0.139453596 0.470588 0.470588 0.470588
v 0.0760147142 0.0277003158 0.137749467 0.470588 0.470588 0.470588
v 0.0758248796 0.0277001352 0.13604611 0.470588 0.470588 0.470588
v 0.0756472078 0.0277004984 0.134341443 0.470588 0.470588 0.470588
v 0.0754640915 0.0277002444 0.132637364 0.470588 0.470588 0.470588
v 0.0752866079 0.0276993297 0.130932686 0.470588 0.470588 0.470588
v 0.0751107216 0.0276989432 0.129227857 0.470588 0.470588 0.470588
v 0.0749448299 0.0276995635 0.127522005 0.470588 0.470588 0.470588
v 0.0747834553 0.0277005503 0.125815744 0.470588 0.470588 0.470588
v 0.0746210548 0.0277010021 0.124109553 0.470588 0.470588 0.470588
v 0.0744686637 0.0277014691 0.122402452 1 0 0
v 0.0743202095 0.0277019295 0.120694992 1 0 0
v 0.0741665313 0.0277012578 0.118987997 1 0 0
v 0.0740118698 0.0277002361 0.117281088 1 0 0
v 0.0738638658 0.0277005132 0.115573589 1 0 0
v 0.0737133986 0.0276999967 0.113866309 1 0 0
v 0.0735624136 0.0276928931 0.11215909 1 0 0
v 0.0734096382 0.0276893633 0.110452028 1 0 0
v 0.0732566541 0.0276911233 0.108744971 1 0 0
v 0.0731065698 0.0276933878 0.107037659 1 0 0
v 0.0729570589 0.0276959484 0.105330297 0 1 0
v 0.072804286 0.0276915306 0.103623227 0 1 0
v 0.072651128 0.02768869 0.10191619 0 1 0
v 0.0725022778 0.0276926836 0.100208769 0 1 0
v 0.0723494336 0.0276960713 0.0985017038 0 1 0
v 0.0721928748 0.0276979384 0.0967949684 0 1 0
v 0.0720370196 0.0276996203 0.0950881694 0 1 0
v 0.0718844832 0.0276998542 0.0933810696 0 1 0
v 0.071729897 0.0276997154 0.0916741534 0 0.501961 1
v 0.0715746453 0.027696975 0.0899673051 0 0.501961 1
v 0.0714182596 0.0276869049 0.088260583 0 0.501961 1
v 0.0712656929 0.0276820803 0.0865535063 0 0.501961 1
v 0.0711176273 0.0276910266 0.0848460356 0 0.501961 1
v 0.070968507 0.0276930525 0.0831386366 0 0.501961 1
v 0.0708276789 0.0276970125 0.0814305349 0 0.501961 1
v 0.0706854979 0.0277001761 0.0797225472 0 0.501961 1
v 0.070538716 0.0276977914 0.0780149443 0 0.501961 1
v 0.0703917208 0.0276953542 0.0763073593 0 0.501961 1
v 0.0702460432 0.0276974431 0.074599662 1 0.784314 0
v 0.0700955484 0.0277002095 0.0728923825 1 0.784314 0
v 0.0699453599 0.0277002304 0.0711850737 1 0.784314 0
v 0.0697933445 0.0276999757 0.0694779281 1 0.784314 0
v 0.0696358856 0.0276994344 0.067771276 1 0.784314 0
v 0.0694784977 0.0276988016 0.0660646166 1 0.784314 0
v 0.0693235507 0.0276983095 0.0643577331 1 0.784314 0
v 0.0691651964 0.0276962092 0.0626511677 1 0.784314 0
v 0.0690063421 0.0276851415 0.0609446817 1 0.784314 0
v 0.0688461743 0.0276740512 0.0592383277 1 0.784314 0
v 0.0686840249 0.0276829985 0.0575321368 0.705882 0 1
v 0.0685197972 0.0276913223 0.0558261448 0.705882 0 1
v 0.0683476901 0.0276921931 0.0541209067 0.705882 0 1
v 0.0681763936 0.027692673 0.0524155871 0.705882 0 1
v 0.0680042538 0.027689608 0.0507103601 0.705882 0 1
v 0.0678301913 0.0276897286 0.0490053275 0.705882 0 1
v 0.0676533777 0.0276949824 0.0473005834 0.705882 0 1
v 0.0674756479 0.0276950288 0.0455959311 0.705882 0 1
v 0.0672996596 0.0276935017 0.043891094 0.705882 0 1
v 0.0671222421 0.0276993134 0.0421864111 0.705882 0 1
v 0.0669392386 0.027704997 0.0404823215 0 0.862745 0.862745
v 0.0667542944 0.0277056659 0.0387784275 0 0.862745 0.862745
v 0.066560349 0.027704309 0.0370755382 0 0.862745 0.862745
v 0.066363782 0.0277029983 0.0353729461 0 0.862745 0.862745
v 0.0661613463 0.0277036961 0.0336710428 0 0.862745 0.862745
v 0.0659590885 0.0277039804 0.0319691173 0 0.862745 0.862745
v 0.0657511597 0.0276997795 0.0302678835 0 0.862745 0.862745
v 0.0655412097 0.0276990428 0.0285668929 0 0.862745 0.862745
v 0.065331007 0.0277013859 0.0268659317 0 0.862745 0.862745
v 0.0651141874 0.0277014873 0.0251658041 0 0.862745 0.862745
v 0.0648948943 0.0277007036 0.0234659894 0 0.862745 0.862745
v 0.0646770019 0.027700267 0.0217659946 0 0.862745 0.862745
v 0.0644591102 0.0276998691 0.020066 0 0.862745 0.862745
v 0.0504671764 0.0255669582 0.283289219 0 0.501961 1
v 0.0515111474 0.0255815943 0.281930984 0 0.501961 1
v 0.0525471147 0.0255987098 0.280566815 0 0.501961 1
v 0.05354556 0.0256139732 0.279174778 0 0.501961 1
v 0.0545235969 0.0256168484 0.277768436 0 0.501961 1
v 0.0554875923 0.0256112001 0.276352253 0 0.501961 1
v 0.0564092437 0.0256037293 0.274908233 1 0.784314 0
v 0.0573249221 0.0255975486 0.273460378 1 0.784314 0
v 0.0582161014 0.0256077942 0.271997303 1 0.784314 0
v 0.0591004901 0.0256174288 0.270530156 1 0.784314 0
v 0.05994493 0.0256173781 0.269039581 1 0.784314 0
v 0.0607859138 0.0256165413 0.267547138 1 0.784314 0
v 0.0615743797 0.0256167745 0.266026217 1 0.784314 0
v 0.0623561668 0.0256168151 0.264501909 1 0.784314 0
v 0.0631065129 0.025617853 0.26296182 0.705882 0 1
v 0.0638490246 0.0256178816 0.261417985 0.705882 0 1
v 0.0645686008 0.0256175034 0.259863282 0.705882 0 1
v 0.0652807132 0.0256156737 0.258305196 0.705882 0 1
v 0.0659708777 0.0256101249 0.256737225 0.705882 0 1
v 0.0666501534 0.0255980528 0.255164633 0.705882 0 1
v 0.0673117301 0.0255745472 0.253584551 0.705882 0 1
v 0.0679577277 0.0255775704 0.251998215 0.705882 0 1
v 0.0685865199 0.0256109123 0.250404979 0.705882 0 1
v 0.0692030521 0.0256192344 0.248806784 0.705882 0 1
v 0.0698121403 0.0256123651 0.247205579 0 0.862745 0.862745
v 0.07038739 0.0256173501 0.245592006 0 0.862745 0.862745
v 0.0709539111 0.0256255461 0.243975256 0 0.862745 0.862745
v 0.0714848641 0.025621103 0.242346508 0 0.862745 0.862745
v 0.0720125544 0.0256155004 0.24071666 0 0.862745 0.862745
v 0.072506099 0.0256154364 0.239076238 0 0.862745 0.862745
v 0.0729910221 0.0256166395 0.237433149 0 0.862745 0.862745
v 0.0734666138 0.0256170115 0.235787358 0 0.862745 0.862745
v 0.0739351335 0.0256211223 0.234139521 0 0.862745 0.862745
v 0.0743933038 0.025618913 0.2324888 0 0.862745 0.862745
v 0.0748381885 0.0256186308 0.230834421 1 0.470588 0
v 0.0752675235 0.0256188041 0.229176004 1 0.470588 0
v 0.0756638753 0.0256156342 0.227509334 1 0.470588 0
v 0.0760545151 0.0256147401 0.22584135 1 0.470588 0
v 0.07641489 0.0256141493 0.224166539 1 0.470588 0
v 0.0767733644 0.0256125376 0.222491311 1 0.470588 0
v 0.0771208859 0.0256125395 0.22081379 1 0.470588 0
v 0.0774641807 0.025614032 0.219135386 1 0.470588 0
v 0.0778052886 0.0256145885 0.217456548 1 0.470588 0
v 0.0781317366 0.0256011654 0.215774839 1 0.470588 0
v 0.078458169 0.0255900973 0.21409311 1 0.470588 0
v 0.0787589862 0.0255922901 0.212406681 1 0.470588 0
v 0.0790469077 0.0256019753 0.210717923 0.470588 1 0
v 0.0793248401 0.0256072102 0.209027524 0.470588 1 0
v 0.0795726301 0.0256120932 0.207332399 0.470588 1 0
v 0.0798178838 0.0256171395 0.205636907 0.470588 1 0
v 0.080044457 0.0256153735 0.203938807 0.470588 1 0
v 0.0802698261 0.025610828 0.202240548 0.470588 1 0
v 0.080484063 0.0256109562 0.200540858 0.470588 1 0
v 0.0806935385 0.0256135379 0.198840562 0.470588 1 0
v 0.0808853186 0.0256136347 0.1971382 0.470588 1 0
v 0.0810688227 0.0256143011 0.195434909 0.470588 1 0
v 0.0812411789 0.0256141217 0.19373045 0.470588 1 0
v 0.0814033896 0.0256140594 0.192024993 0.470588 1 0
v 0.0815474864 0.0256128181 0.190317915 1 0 0.705882
v 0.0816875264 0.0256116719 0.188610504 1 0 0.705882
v 0.0818127277 0.025611498 0.186901932 1 0 0.705882
v 0.08193265 0.0256112433 0.185193015 1 0 0.705882
v 0.0820297278 0.025610998 0.183482615 1 0 0.705882
v 0.0821170478 0.0256115389 0.181771772 1 0 0.705882
v 0.0821398376 0.0256103234 0.180058771 1 0 0.705882
v 0.0821236055 0.0256088227 0.178346316 1 0 0.705882
v 0.0820365471 0.0256075236 0.176635405 1 0 0.705882
v 0.0818664498 0.0256067693 0.174931456 1 0 0.705882
v 0.081660469 0.0256051369 0.173230793 1 0 0.705882
v 0.0813661937 0.0256054157 0.171543103 1 0 0.705882
v 0.0810627364 0.0256043594 0.16985713 0.313725 0.313725 1
v 0.0807101486 0.0255997348 0.168180661 0.313725 0.313725 1
v 0.0803579975 0.0255931408 0.166504109 0.313725 0.313725 1
v 0.0800068085 0.0255840177 0.164827378 0.313725 0.313725 1
v 0.0796667626 0.0255903363 0.163148401 0.313725 0.313725 1
v 0.0793426823 0.0256002436 0.161466217 0.313725 0.313725 1
v 0.0790385004 0.0256019128 0.159780395 0.313725 0.313725 1
v 0.0787568908 0.025605233 0.158090549 0.313725 0.313725 1
v 0.0784849999 0.0256070204 0.156399176 0.705882 0.470588 0.156863
v 0.078229633 0.0256055132 0.154705163 0.705882 0.470588 0.156863
v 0.0779878332 0.025605548 0.153009214 0.705882 0.470588 0.156863
v 0.0777577262 0.0256070667 0.151311587 0.705882 0.470588 0.156863
v 0.07754003 0.0256084042 0.149612352 0.705882 0.470588 0.156863
v 0.0773226404 0.0256090927 0.147913048 0.705882 0.470588 0.156863
v 0.0771290057 0.0256099794 0.146210887 0.705882 0.470588 0.156863
v 0.0769336838 0.0256104503 0.144508913 0.705882 0.470588 0.156863
v 0.0767492226 0.0256112241 0.14280572 0.705882 0.470588 0.156863
v 0.0765632108 0.0256116669 0.141102705 0.705882 0.470588 0.156863
v 0.0763750256 0.0256117769 0.139399919 0.705882 0.470588 0.156863
v 0.0761911681 0.0256122734 0.137696663 0.705882 0.470588 0.156863
v 0.0760056856 0.0256125603 0.135993584 0.470588 0.470588 0.470588
v 0.0758236289 0.0256125906 0.134290139 0.470588 0.470588 0.470588
v 0.075639064 0.0256122992 0.132586962 0.470588 0.470588 0.470588
v 0.0754638994 0.0256121554 0.130882787 0.470588 0.470588 0.470588
v 0.0752887308 0.0256118642 0.129178633 0.470588 0.470588 0.470588
v 0.0751159396 0.0256116675 0.127474219 0.470588 0.470588 0.470588
v 0.0749516053 0.0256119829 0.125768989 0.470588 0.470588 0.470588
v 0.0747956525 0.025612854 0.12406295 0.470588 0.470588 0.470588
v 0.0746401475 0.0256129123 0.122356874 1 0 0
v 0.0744850954 0.0256124962 0.120650752 1 0 0
v 0.0743357129 0.0256118493 0.118944127 1 0 0
v 0.0741860833 0.0256110689 0.117237523 1 0 0
v 0.0740355149 0.0256116967 0.115531002 1 0 0
v 0.0738825103 0.0256112585 0.113824698 1 0 0
v 0.0737333941 0.0256044495 0.112118062 1 0 0
v 0.0735825203 0.0255999789 0.110411578 1 0 0
v 0.0734351369 0.0256009503 0.108704777 1 0 0
v 0.0732823003 0.0256033032 0.10699846 1 0 0
v 0.0731276848 0.025606539 0.105292302 0 1 0
v 0.0729810807 0.0256025734 0.103585439 0 1 0
v 0.0728317601 0.0256015795 0.101878817 0 1 0
v 0.0726760434 0.0256066857 0.100172763 0 1 0
v 0.0725231025 0.0256005943 0.0984664826 0 1 0
v 0.0723708354 0.0256014137 0.096760122 0 1 0
v 0.0722168442 0.0256087016 0.0950539239 0 1 0
v 0.0720642621 0.0256113809 0.0933475883 0 1 0
v 0.0719118836 0.0256114384 0.091641226 0 0.501961 1
v 0.071755532 0.0256031759 0.0899352474 0 0.501961 1
v 0.0715988572 0.0255928252 0.088229305 0 0.501961 1
v 0.0714472146 0.0255976137 0.0865228944 0 0.501961 1
v 0.071298778 0.0256066154 0.0848162078 0 0.501961 1
v 0.0711532278 0.0256095773 0.0831092616 0 0.501961 1
v 0.0710044492 0.0256104476 0.0814025827 0 0.501961 1
v 0.0708585533 0.0256106361 0.0796956593 0 0.501961 1
v 0.0707184367 0.0256098768 0.077988246 0 0.501961 1
v 0.0705741198 0.0256092958 0.0762811861 0 0.501961 1
v 0.0704259863 0.0256110504 0.0745744535 1 0.784314 0
v 0.0702757597 0.0256117563 0.0728679018 1 0.784314 0
v 0.0701255035 0.0256109845 0.0711613572 1 0.784314 0
v 0.069971495 0.0256103807 0.0694551416 1 0.784314 0
v 0.0698201618 0.0256109487 0.0677486858 1 0.784314 0
v 0.0696674176 0.0256049607 0.066042397 1 0.784314 0
v 0.0695105788 0.0255981326 0.064336452 1 0.784314 0
v 0.0693516187 0.0256000105 0.0626307074 1 0.784314 0
v 0.0691959768 0.0255896663 0.0609246854 1 0.784314 0
v 0.0690408728 0.0255769049 0.0592186168 1 0.784314 0
v 0.0688708755 0.0255838192 0.0575139377 0.705882 0 1
v 0.0687000376 0.0255920321 0.0558093441 0.705882 0 1
v 0.0685335121 0.0255982987 0.0541043152 0.705882 0 1
v 0.068358682 0.0256071852 0.0524001382 0.705882 0 1
v 0.0681875191 0.0256006936 0.0506955695 0.705882 0 1
v 0.0680132511 0.0255970629 0.0489913198 0.705882 0 1
v 0.0678358579 0.0256026261 0.047287385 0.705882 0 1
v 0.0676549517 0.0256092968 0.0455838235 0.705882 0 1
v 0.0674747651 0.0256120423 0.0438801844 0.705882 0 1
v 0.0672886071 0.0256137343 0.0421771765 0.705882 0 1
v 0.067106291 0.0256144206 0.0404737549 0 0.862745 0.862745
v 0.0669157558 0.0256139995 0.038771233 0 0.862745 0.862745
v 0.0667191003 0.0256126487 0.0370694052 0 0.862745 0.862745
v 0.0665215075 0.0256123985 0.0353676861 0 0.862745 0.862745
v 0.0663227767 0.0256139128 0.0336661007 0 0.862745 0.862745
v 0.0661215104 0.0256134528 0.031964814 0 0.862745 0.862745
v 0.0659238893 0.0256108191 0.0302630994 0 0.862745 0.862745
v 0.0657166584 0.0256104381 0.0285625527 0 0.862745 0.862745
v 0.0655000276 0.0256121246 0.0268631523 0 0.862745 0.862745
v 0.0652862496 0.0256124826 0.0251633913 0 0.862745 0.862745
v 0.0650737907 0.0256122265 0.0234634634 0 0.862745 0.862745
v 0.0648529369 0.0256115584 0.0217646087 0 0.862745 0.862745
v 0.0646301781 0.0256107845 0.020066 0 0.862745 0.862745
v 0.0507507139 0.0234907897 0.283237551 0 0.501961 1
v 0.0517835043 0.0235033775 0.281871775 0 0.501961 1
v 0.0527974424 0.0235141733 0.28049192 0 0.501961 1
v 0.0537938865 0.0235262745 0.279099326 0 0.501961 1
v 0.0547619405 0.0235231921 0.277686963 0 0.501961 1
v 0.0557141787 0.0235141245 0.276263798 0 0.501961 1
v 0.0566286982 0.0235101588 0.274816039 1 0.784314 0
v 0.0575376887 0.0235088272 0.273364852 1 0.784314 0
v 0.0584212829 0.0235186801 0.271898043 1 0.784314 0
v 0.0593047486 0.0235287757 0.270431157 1 0.784314 0
v 0.0601481501 0.0235294743 0.268940914 1 0.784314 0
v 0.0609808622 0.0235293721 0.267444623 1 0.784314 0
v 0.061767382 0.0235299802 0.26592352 1 0.784314 0
v 0.0625482746 0.0235299639 0.26439956 1 0.784314 0
v 0.0632960863 0.0235303449 0.262859059 0.705882 0 1
v 0.0640389198 0.0235301035 0.261316183 0.705882 0 1
v 0.0647562626 0.0235291288 0.259761261 0.705882 0 1
v 0.0654653704 0.0235268127 0.258202614 0.705882 0 1
v 0.0661557841 0.0235222193 0.256635555 0.705882 0 1
v 0.0668340455 0.0235094221 0.255063365 0.705882 0 1
v 0.0674913453 0.0234826053 0.253482351 0.705882 0 1
v 0.0681354619 0.0234854015 0.251896038 0.705882 0 1
v 0.0687663515 0.0235179084 0.250304407 0.705882 0 1
v 0.0693753717 0.023521295 0.248704132 0.705882 0 1
v 0.0699750741 0.0235103276 0.247100198 0 0.862745 0.862745
v 0.0705509866 0.0235180966 0.245487643 0 0.862745 0.862745
v 0.0711162424 0.0235328754 0.243871287 0 0.862745 0.862745
v 0.0716498197 0.0235318852 0.242244154 0 0.862745 0.862745
v 0.0721696917 0.0235291065 0.240612621 0 0.862745 0.862745
v 0.0726655064 0.0235295412 0.238973558 0 0.862745 0.862745
v 0.0731488715 0.0235287989 0.237330781 0 0.862745 0.862745
v 0.0736280152 0.0235260592 0.235686767 0 0.862745 0.862745
v 0.0740962736 0.023530124 0.234039623 0 0.862745 0.862745
v 0.0745579331 0.023527052 0.232390615 0 0.862745 0.862745
v 0.0750035002 0.0235262527 0.230737187 1 0.470588 0
v 0.075430478 0.0235281112 0.229078875 1 0.470588 0
v 0.0758342624 0.0235260353 0.227414796 1 0.470588 0
v 0.0762186071 0.0235239321 0.225746096 1 0.470588 0
v 0.0765892116 0.0235225966 0.224074294 1 0.470588 0
v 0.0769449067 0.023520911 0.222399232 1 0.470588 0
v 0.077296994 0.0235187533 0.220723404 1 0.470588 0
v 0.0776399868 0.0235201356 0.219045693 1 0.470588 0
v 0.0779790257 0.0235233002 0.217367179 1 0.470588 0
v 0.0783119484 0.0235184989 0.215687478 1 0.470588 0
v 0.078630161 0.0235134439 0.214004924 1 0.470588 0
v 0.0789388568 0.0235152394 0.212320591 1 0.470588 0
v 0.0792261559 0.023522702 0.210632468 0.470588 1 0
v 0.0794949479 0.0235152928 0.208941296 0.470588 1 0
v 0.0797464353 0.0235177918 0.207247484 0.470588 1 0
v 0.079988536 0.023523004 0.205552286 0.470588 1 0
v 0.08022184 0.0235260021 0.20385585 0.470588 1 0
v 0.0804462644 0.0235228699 0.20215821 0.470588 1 0
v 0.0806687699 0.0235248583 0.200460313 0.470588 1 0
v 0.0808761262 0.0235268839 0.198760515 0.470588 1 0
v 0.0810736266 0.023527247 0.197059527 0.470588 1 0
v 0.0812585021 0.0235270809 0.195357162 0.470588 1 0
v 0.081428724 0.0235227291 0.193653233 0.470588 1 0
v 0.0815924262 0.0235210413 0.19194868 0.470588 1 0
v 0.0817384849 0.0235192865 0.190242517 1 0 0.705882
v 0.0818759396 0.0235191788 0.188535637 1 0 0.705882
v 0.0820061403 0.0235210334 0.186828184 1 0 0.705882
v 0.0821153516 0.0235192311 0.185119257 1 0 0.705882
v 0.0822174947 0.023518293 0.183409901 1 0 0.705882
v 0.0822859193 0.0235209121 0.181698876 1 0 0.705882
v 0.0823489916 0.023523517 0.179987658 1 0 0.705882
v 0.082286722 0.0235215377 0.17827654 1 0 0.705882
v 0.0822229 0.0235191411 0.176565316 1 0 0.705882
v 0.0820342538 0.0235164407 0.174863758 1 0 0.705882
v 0.0818294916 0.0235137455 0.17316363 1 0 0.705882
v 0.0815454928 0.0235144103 0.17147529 1 0 0.705882
v 0.081239719 0.0235172972 0.169790398 0.313725 0.313725 1
v 0.0808911786 0.0235127727 0.168113847 0.313725 0.313725 1
v 0.0805350788 0.023510436 0.166438875 0.313725 0.313725 1
v 0.080183685 0.023513877 0.164762904 0.313725 0.313725 1
v 0.0798364082 0.0235157654 0.163086101 0.313725 0.313725 1
v 0.079518793 0.023517628 0.1614034 0.313725 0.313725 1
v 0.0792060464 0.0235186604 0.159719854 0.313725 0.313725 1
v 0.0789224611 0.0235177779 0.158031084 0.313725 0.313725 1
v 0.0786491656 0.0235166542 0.156340687 0.705882 0.470588 0.156863
v 0.0783976037 0.0235154779 0.154646851 0.705882 0.470588 0.156863
v 0.0781555956 0.0235158878 0.152951665 0.705882 0.470588 0.156863
v 0.077922912 0.0235174842 0.151255133 0.705882 0.470588 0.156863
v 0.0777054799 0.0235188291 0.149556608 0.705882 0.470588 0.156863
v 0.0774892472 0.0235190742 0.147857901 0.705882 0.470588 0.156863
v 0.0772943856 0.0235203601 0.146156627 0.705882 0.470588 0.156863
v 0.0771005625 0.0235212002 0.144455222 0.705882 0.470588 0.156863
v 0.0769115224 0.0235216041 0.142753275 0.705882 0.470588 0.156863
v 0.0767244307 0.023522032 0.141051114 0.705882 0.470588 0.156863
v 0.0765412993 0.0235226156 0.139348519 0.705882 0.470588 0.156863
v 0.0763546173 0.0235228792 0.137646313 0.705882 0.470588 0.156863
v 0.0761657605 0.0235229816 0.135944343 0.470588 0.470588 0.470588
v 0.0759841519 0.0235233033 0.134241586 0.470588 0.470588 0.470588
v 0.0758020458 0.0235233572 0.132538885 0.470588 0.470588 0.470588
v 0.075621469 0.0235227842 0.130836019 0.470588 0.470588 0.470588
v 0.0754437363 0.0235223553 0.129132864 0.470588 0.470588 0.470588
v 0.0752751087 0.0235224751 0.127428772 0.470588 0.470588 0.470588
v 0.0751101189 0.0235226465 0.125724333 0.470588 0.470588 0.470588
v 0.0749487974 0.0235228084 0.124019533 0.470588 0.470588 0.470588
v 0.0747950067 0.023522753 0.122314045 1 0 0
v 0.0746441563 0.0235225647 0.120608288 1 0 0
v 0.0744927002 0.0235218166 0.118902585 1 0 0
v 0.0743396705 0.0235208549 0.117197022 1 0 0
v 0.0741915188 0.023521724 0.115491027 1 0 0
v 0.0740400511 0.0235209982 0.113785327 1 0 0
v 0.0738925554 0.023513792 0.11207929 1 0 0
v 0.0737423063 0.0235093961 0.110373492 1 0 0
v 0.0735895367 0.0235096393 0.108667904 1 0 0
v 0.0734399671 0.023512386 0.106962038 1 0 0
v 0.0732906676 0.0235165233 0.10525615 0 1 0
v 0.0731390322 0.0235130937 0.103550467 0 1 0
v 0.0729871805 0.023513332 0.101844808 0 1 0
v 0.072835747 0.0235173799 0.100139113 0 1 0
v 0.0726862505 0.0235063927 0.0984332729 0 1 0
v 0.0725350141 0.0235038012 0.0967275812 0 1 0
v 0.0723817014 0.0235138566 0.0950220729 0 1 0
v 0.0722267867 0.0235211318 0.0933167034 0 1 0
v 0.0720716917 0.0235205605 0.0916113259 0 0.501961 1
v 0.0719161537 0.02351715 0.0899059981 0 0.501961 1
v 0.0717603008 0.0235163804 0.0882006898 0 0.501961 1
v 0.0716050356 0.0235163782 0.0864953309 0 0.501961 1
v 0.0714562027 0.0235181285 0.084789405 0 0.501961 1
v 0.071310152 0.0235176325 0.0830832355 0 0.501961 1
v 0.0711690226 0.0235201593 0.0813766482 0 0.501961 1
v 0.0710240026 0.0235132983 0.0796704142 0 0.501961 1
v 0.0708778703 0.0235063751 0.0779642593 0 0.501961 1
v 0.0707330216 0.0235120615 0.0762580191 0 0.501961 1
v 0.0705861196 0.0235207184 0.0745519526 1 0.784314 0
v 0.070436976 0.0235211409 0.0728460469 1 0.784314 0
v 0.0702908562 0.0235206379 0.0711398775 1 0.784314 0
v 0.0701411887 0.0235208435 0.0694340156 1 0.784314 0
v 0.0699885106 0.0235216319 0.0677284245 1 0.784314 0
v 0.0698370096 0.0235115678 0.0660227982 1 0.784314 0
v 0.0696855192 0.023493562 0.0643172042 1 0.784314 0
v 0.0695313547 0.0234962362 0.0626117451 1 0.784314 0
v 0.0693717743 0.0234975107 0.0609068003 1 0.784314 0
v 0.0692078556 0.02349596 0.0592022489 1 0.784314 0
v 0.0690432403 0.023495704 0.0574977641 0.705882 0 1
v 0.0688757724 0.0234962801 0.0557935628 0.705882 0 1
v 0.0687016916 0.0235032213 0.0540900474 0.705882 0 1
v 0.0685254843 0.023513506 0.0523867534 0.705882 0 1
v 0.0683464524 0.0235162832 0.0506837425 0.705882 0 1
v 0.0681628189 0.023516774 0.0489812016 0.705882 0 1
v 0.067984033 0.0235210941 0.0472781538 0.705882 0 1
v 0.0677956795 0.0235207384 0.0455761321 0.705882 0 1
v 0.0676126664 0.023520307 0.043873529 0.705882 0 1
v 0.067431456 0.0235202683 0.0421707295 0.705882 0 1
v 0.0672430719 0.023519305 0.0404687151 0 0.862745 0.862745
v 0.0670508352 0.02351777 0.038767125 0 0.862745 0.862745
v 0.0668568302 0.0235181036 0.0370657358 0 0.862745 0.862745
v 0.0666621887 0.0235203692 0.0353644198 0 0.862745 0.862745
v 0.0664679038 0.0235224237 0.0336630626 0 0.862745 0.862745
v 0.0662722805 0.0235221266 0.031961865 0 0.862745 0.862745
v 0.066068647 0.0235194504 0.0302616023 0 0.862745 0.862745
v 0.0658644059 0.0235194039 0.0285614126 0 0.862745 0.862745
v 0.0656595444 0.0235220428 0.0268612973 0 0.862745 0.862745
v 0.0654493976 0.023522756 0.0251618334 0 0.862745 0.862745
v 0.0652333119 0.0235221782 0.0234631063 0 0.862745 0.862745
v 0.0650164554 0.0235218369 0.0217644775 0 0.862745 0.862745
v 0.0647984216 0.0235214809 0.020066 0 0.862745 0.862745
v 0.0510080357 0.0214112015 0.283190671 0 0.501961 1
v 0.0520254671 0.0214212323 0.281814129 0 0.501961 1
v 0.0530319622 0.0214290902 0.280429731 0 0.501961 1
v 0.0540084966 0.0214319521 0.279023848 0 0.501961 1
v 0.0549755721 0.0214286533 0.277611512 0 0.501961 1
v 0.0559125383 0.0214294434 0.27617898 0 0.501961 1
v 0.0568288948 0.0214300459 0.274733196 1 0.784314 0
v 0.057724272 0.021429303 0.273274281 1 0.784314 0
v 0.0586118149 0.0214350544 0.271810619 1 0.784314 0
v 0.0594860797 0.0214391242 0.270338986 1 0.784314 0
v 0.0603295624 0.0214400858 0.268849573 1 0.784314 0
v 0.0611616803 0.0214402282 0.267353679 1 0.784314 0
v 0.0619429956 0.0214399177 0.265830639 1 0.784314 0
v 0.0627214613 0.0214388873 0.264306134 1 0.784314 0
v 0.0634697708 0.0214395523 0.262766599 0.705882 0 1
v 0.0642144785 0.0214380557 0.261225324 0.705882 0 1
v 0.0649313014 0.0214380397 0.259670878 0.705882 0 1
v 0.0656395867 0.0214365965 0.258112596 0.705882 0 1
v 0.0663236773 0.0214306351 0.256543481 0.705882 0 1
v 0.0669981457 0.0214160431 0.254970345 0.705882 0 1
v 0.0676589332 0.0213892514 0.253391492 0.705882 0 1
v 0.068298158 0.0213910745 0.251803908 0.705882 0 1
v 0.0689207134 0.0214214892 0.250209657 0.705882 0 1
v 0.0695293446 0.0214233703 0.248609924 0.705882 0 1
v 0.0701256789 0.0214123673 0.24700545 0 0.862745 0.862745
v 0.070695573 0.0214205627 0.24539142 0 0.862745 0.862745
v 0.0712550264 0.0214374475 0.243773749 0 0.862745 0.862745
v 0.0717921486 0.0214390705 0.242148486 0 0.862745 0.862745
v 0.0723111819 0.0214374907 0.240517354 0 0.862745 0.862745
v 0.072806834 0.0214378368 0.238878922 0 0.862745 0.862745
v 0.07329359 0.0214363672 0.237237834 0 0.862745 0.862745
v 0.0737733987 0.0214343893 0.235594692 0 0.862745 0.862745
v 0.0742439136 0.0214351398 0.23394888 0 0.862745 0.862745
v 0.0747057065 0.0214318469 0.232300586 0 0.862745 0.862745
v 0.0751561441 0.0214299133 0.230649209 1 0.470588 0
v 0.0755802384 0.02143226 0.228990814 1 0.470588 0
v 0.0759933905 0.0214309456 0.227329708 1 0.470588 0
v 0.0763733511 0.0214288283 0.225660662 1 0.470588 0
v 0.0767480272 0.0214287861 0.223990419 1 0.470588 0
v 0.0771057351 0.0214299404 0.222316466 1 0.470588 0
v 0.0774572933 0.0214278035 0.220641194 1 0.470588 0
v 0.0778044015 0.0214305851 0.218964999 1 0.470588 0
v 0.0781434931 0.0214336608 0.21728716 1 0.470588 0
v 0.0784761753 0.0214317987 0.215608049 1 0.470588 0
v 0.0787912935 0.0214332754 0.213925553 0.470588 1 0
v 0.079102313 0.0214361982 0.212242292 0.470588 1 0
v 0.0793828458 0.0214342331 0.210553744 0.470588 1 0
v 0.0796519891 0.0214268531 0.208863287 0.470588 1 0
v 0.0799163515 0.021420289 0.207172097 0.470588 1 0
v 0.080151097 0.0214246337 0.205476512 0.470588 1 0
v 0.0803856082 0.0214291469 0.203780894 0.470588 1 0
v 0.0806107147 0.0214294063 0.202083999 0.470588 1 0
v 0.0808317895 0.0214296236 0.200386572 0.470588 1 0
v 0.0810440773 0.0214213198 0.198688044 0.470588 1 0
v 0.0812395803 0.0214175696 0.196987487 0.470588 1 0
v 0.0814274451 0.0214186317 0.195286063 0.470588 1 0
v 0.0816066895 0.021417059 0.193583736 1 0 0.705882
v 0.0817642859 0.0214178413 0.191879253 1 0 0.705882
v 0.0819141572 0.0214198379 0.190174068 1 0 0.705882
v 0.0820494576 0.021427799 0.188467693 1 0 0.705882
v 0.0821732641 0.0214310156 0.186760426 1 0 0.705882
v 0.0822840985 0.0214276474 0.18505226 1 0 0.705882
v 0.0823827365 0.021420331 0.183343393 1 0 0.705882
v 0.0824566546 0.0214179573 0.181633248 1 0 0.705882
v 0.0825022369 0.0214211701 0.17992236 1 0 0.705882
v 0.0825011983 0.0214305383 0.178210711 1 0 0.705882
v 0.0823869208 0.0214270702 0.176502926 1 0 0.705882
v 0.082219289 0.0214240301 0.174799922 1 0 0.705882
v 0.0819931495 0.021418648 0.173103209 0.313725 0.313725 1
v 0.0817109823 0.0214205452 0.171415197 0.313725 0.313725 1
v 0.0814051917 0.0214265593 0.169730987 0.313725 0.313725 1
v 0.0810576641 0.0214292446 0.168054921 0.313725 0.313725 1
v 0.0806987823 0.0214277393 0.166381201 0.313725 0.313725 1
v 0.0803475228 0.0214277466 0.164705879 0.313725 0.313725 1
v 0.0800044382 0.0214236997 0.163028854 0.313725 0.313725 1
v 0.0796762123 0.0214241855 0.161348905 0.313725 0.313725 1
v 0.0793607209 0.0214279095 0.159666499 0.313725 0.313725 1
v 0.0790805148 0.0214269637 0.157977825 0.313725 0.313725 1
v 0.0788074364 0.0214259906 0.156288038 0.705882 0.470588 0.156863
v 0.0785555921 0.0214254583 0.154594902 0.705882 0.470588 0.156863
v 0.0783141286 0.0214259187 0.152900297 0.705882 0.470588 0.156863
v 0.0780787709 0.0214280913 0.151204793 0.705882 0.470588 0.156863
v 0.077860715 0.0214276089 0.149506999 0.705882 0.470588 0.156863
v 0.0776447217 0.0214273702 0.147808918 0.705882 0.470588 0.156863
v 0.077448133 0.0214286199 0.146108504 0.705882 0.470588 0.156863
v 0.0772529423 0.0214302328 0.144407907 0.705882 0.470588 0.156863
v 0.0770663689 0.0214311488 0.142706341 0.705882 0.470588 0.156863
v 0.0768784074 0.0214317961 0.14100493 0.705882 0.470588 0.156863
v 0.0766889802 0.021432051 0.139303679 0.705882 0.470588 0.156863
v 0.0765037057 0.0214323996 0.137601973 0.705882 0.470588 0.156863
v 0.0763194123 0.0214327549 0.13590016 0.470588 0.470588 0.470588
v 0.0761322949 0.0214327189 0.134198657 0.470588 0.470588 0.470588
v 0.0759452124 0.02143258 0.132497151 0.470588 0.470588 0.470588
v 0.075768534 0.0214324652 0.130794529 0.470588 0.470588 0.470588
v 0.0755928644 0.0214322487 0.129091807 0.470588 0.470588 0.470588
v 0.0754200283 0.0214318303 0.127388791 0.470588 0.470588 0.470588
v 0.0752549571 0.0214318378 0.125685022 0.470588 0.470588 0.470588
v 0.0750973018 0.021432252 0.123980534 0.470588 0.470588 0.470588
v 0.0749413606 0.0214321144 0.122275893 1 0 0
v 0.0747862977 0.0214316972 0.120571167 1 0 0
v 0.074636784 0.0214310343 0.118865947 1 0 0
v 0.0744855289 0.0214304098 0.11716088 1 0 0
v 0.0743372545 0.0214305381 0.11545555 1 0 0
v 0.0741868301 0.0214294803 0.113750412 1 0 0
v 0.0740362018 0.0214211151 0.11204531 1 0 0
v 0.0738860612 0.02141629 0.110340157 1 0 0
v 0.0737379332 0.0214173442 0.108634815 1 0 0
v 0.0735866721 0.0214210252 0.106929754 1 0 0
v 0.0734332972 0.0214254186 0.105224881 0 1 0
v 0.0732841223 0.0214219518 0.103519636 0 1 0
v 0.0731315271 0.0214167529 0.101814698 0 1 0
v 0.0729809268 0.0214153672 0.100109572 0 1 0
v 0.0728266934 0.0214165674 0.0984047835 0 1 0
v 0.0726711548 0.0214218279 0.0967001089 0 1 0
v 0.0725184983 0.0214305049 0.0949951903 0 1 0
v 0.072365751 0.0214285662 0.0932902563 0 1 0
v 0.0722120717 0.0214276399 0.0915854055 0 0.501961 1
v 0.0720567633 0.0214236184 0.0898807076 0 0.501961 1
v 0.0719018463 0.0214219432 0.0881759712 0 0.501961 1
v 0.0717484103 0.0214216112 0.0864710987 0 0.501961 1
v 0.0716001569 0.0214204775 0.0847657698 0 0.501961 1
v 0.0714543803 0.0214224902 0.0830602274 0 0.501961 1
v 0.0713064794 0.0214239974 0.0813548665 0 0.501961 1
v 0.0711667503 0.0214089201 0.0796488861 0 0.501961 1
v 0.071027402 0.0213931412 0.0779428766 0 0.501961 1
v 0.0708811712 0.0214077306 0.0762374425 0 0.501961 1
v 0.0707346498 0.0214234984 0.074532034 1 0.784314 0
v 0.0705895439 0.021430841 0.0728264591 1 0.784314 0
v 0.0704419263 0.0214309157 0.0711210757 1 0.784314 0
v 0.0702921984 0.0214310722 0.0694158733 1 0.784314 0
v 0.070141633 0.0214315686 0.0677107483 1 0.784314 0
v 0.069987891 0.0214281745 0.0660059107 1 0.784314 0
v 0.0698349022 0.021418942 0.0643010266 1 0.784314 0
v 0.0696766393 0.0214178737 0.0625966112 1 0.784314 0
v 0.0695152638 0.0214194862 0.0608924729 1 0.784314 0
v 0.0693571119 0.0214175568 0.0591880352 1 0.784314 0
v 0.0691885833 0.0214189746 0.0574845921 0.705882 0 1
v 0.069014892 0.021416675 0.0557816735 0.705882 0 1
v 0.068841743 0.0214084469 0.0540787148 0.705882 0 1
v 0.0686651288 0.0214175714 0.0523761163 0.705882 0 1
v 0.0684830144 0.021423428 0.0506740781 0.705882 0 1
v 0.0683002139 0.0214279058 0.0489721142 0.705882 0 1
v 0.0681133439 0.0214309718 0.0472705879 0.705882 0 1
v 0.0679285923 0.0214311542 0.0455688235 0.705882 0 1
v 0.0677403134 0.0214304466 0.0438674522 0.705882 0 1
v 0.0675477869 0.0214295649 0.0421665501 0.705882 0 1
v 0.0673583586 0.0214255814 0.0404653062 0 0.862745 0.862745
v 0.0671668547 0.0214224857 0.0387642947 0 0.862745 0.862745
v 0.0669748227 0.0214237039 0.0370633375 0 0.862745 0.862745
v 0.0667798067 0.0214262374 0.0353627207 0 0.862745 0.862745
v 0.0665851634 0.021428665 0.033662061 0 0.862745 0.862745
v 0.0663916876 0.0214293351 0.0319612685 0 0.862745 0.862745
v 0.0661999435 0.0214273979 0.0302602788 0 0.862745 0.862745
v 0.0660047002 0.0214278107 0.028559693 0 0.862745 0.862745
v 0.0657978506 0.0214303196 0.0268604749 0 0.862745 0.862745
v 0.065591777 0.0214314292 0.0251611615 0 0.862745 0.862745
v 0.0653858367 0.0214316251 0.0234618312 0 0.862745 0.862745
v 0.0651717226 0.0214315065 0.02176352 0 0.862745 0.862745
v 0.0649513572 0.0214309907 0.020066 0 0.862745 0.862745
v 0.0512493998 0.0193295317 0.283146707 0 0.501961 1
v 0.0522484977 0.0193365138 0.281757677 0 0.501961 1
v 0.053238453 0.0193416999 0.280362047 0 0.501961 1
v 0.0542103371 0.0193415078 0.278953784 0 0.501961 1
v 0.0551608211 0.0193391783 0.277530999 0 0.501961 1
v 0.0560946628 0.0193427968 0.276097197 0 0.501961 1
v 0.0570052333 0.0193345936 0.2746486 1 0.784314 0
v 0.0579003594 0.0193349484 0.27319031 1 0.784314 0
v 0.0587821006 0.0193399974 0.271723939 1 0.784314 0
v 0.0596512308 0.0193420184 0.27025001 1 0.784314 0
v 0.0604951419 0.0193458027 0.2687616 1 0.784314 0
v 0.061314512 0.0193443853 0.26725953 1 0.784314 0
v 0.0620991205 0.0193453659 0.265738922 1 0.784314 0
v 0.0628826367 0.0193419826 0.264217779 1 0.784314 0
v 0.0636322971 0.0193413418 0.26267966 0.705882 0 1
v 0.0643759658 0.0193406382 0.26113863 0.705882 0 1
v 0.0650887625 0.0193415353 0.259583077 0.705882 0 1
v 0.0657894184 0.0193391017 0.258022047 0.705882 0 1
v 0.0664784204 0.0193355296 0.256455802 0.705882 0 1
v 0.067149599 0.0193200624 0.254882036 0.705882 0 1
v 0.0678034129 0.0192899876 0.253301062 0.705882 0 1
v 0.0684408785 0.0192952029 0.251713485 0.705882 0 1
v 0.0690632283 0.0193260846 0.250119885 0.705882 0 1
v 0.0696606678 0.0193351488 0.248516631 0.705882 0 1
v 0.0702473956 0.019328684 0.246909283 0 0.862745 0.862745
v 0.0708192125 0.0193350207 0.245296641 0 0.862745 0.862745
v 0.071373815 0.0193409628 0.243677952 0 0.862745 0.862745
v 0.0719096786 0.0193407672 0.242052974 0 0.862745 0.862745
v 0.072433719 0.0193400359 0.240424104 0 0.862745 0.862745
v 0.0729322429 0.0193399921 0.238787269 0 0.862745 0.862745
v 0.0734244544 0.0193378146 0.237148494 0 0.862745 0.862745
v 0.073903775 0.0193396758 0.235505922 0 0.862745 0.862745
v 0.0743775548 0.0193431882 0.233861726 0 0.862745 0.862745
v 0.0748392733 0.0193426686 0.232214132 0 0.862745 0.862745
v 0.0752918928 0.0193400196 0.230563984 1 0.470588 0
v 0.0757267322 0.0193375394 0.228909223 1 0.470588 0
v 0.07612695 0.0193319517 0.227245596 1 0.470588 0
v 0.0765243818 0.0193271792 0.225581328 1 0.470588 0
v 0.0768889044 0.019332603 0.223909517 1 0.470588 0
v 0.0772533783 0.019338056 0.222237695 1 0.470588 0
v 0.0776053216 0.0193400254 0.220563196 1 0.470588 0
v 0.077953927 0.0193427399 0.218887986 1 0.470588 0
v 0.0782926897 0.0193416402 0.217210786 1 0.470588 0
v 0.0786217284 0.0193370659 0.215531627 1 0.470588 0
v 0.0789435708 0.0193350544 0.213851126 0.470588 1 0
v 0.0792405979 0.0193409837 0.212166015 0.470588 1 0
v 0.0795348016 0.0193455706 0.210480431 0.470588 1 0
v 0.0797968344 0.0193390412 0.208789531 0.470588 1 0
v 0.0800552926 0.0193331051 0.207098082 0.470588 1 0
v 0.0802997905 0.0193303675 0.205404543 0.470588 1 0
v 0.0805307129 0.0193277228 0.203709113 0.470588 1 0
v 0.0807560562 0.0193279098 0.202012918 0.470588 1 0
v 0.0809735947 0.0193288374 0.200315729 0.470588 1 0
v 0.0811838807 0.019323174 0.19861761 0.470588 1 0
v 0.0813857345 0.0193231734 0.19691848 0.470588 1 0
v 0.0815716517 0.0193267358 0.195217515 0.470588 1 0
v 0.0817537147 0.019326787 0.193516136 1 0 0.705882
v 0.0819132455 0.0193185116 0.191812522 1 0 0.705882
v 0.0820631381 0.0193179014 0.190108018 1 0 0.705882
v 0.0821957722 0.019330379 0.188402118 1 0 0.705882
v 0.0823215766 0.0193375228 0.18669572 1 0 0.705882
v 0.0824365298 0.0193258412 0.184988537 1 0 0.705882
v 0.082531245 0.0193191204 0.183280116 1 0 0.705882
v 0.0826090838 0.0193159171 0.181570799 1 0 0.705882
v 0.0826396723 0.0193240256 0.179860282 1 0 0.705882
v 0.082637536 0.0193382369 0.178149243 1 0 0.705882
v 0.0825236295 0.0193340886 0.176442019 1 0 0.705882
v 0.0823690114 0.0193259968 0.174738699 1 0 0.705882
v 0.082141899 0.0193199891 0.173042749 0.313725 0.313725 1
v 0.0818623448 0.0193216569 0.171355353 0.313725 0.313725 1
v 0.0815389845 0.0193297602 0.169675106 0.313725 0.313725 1
v 0.0811949306 0.0193333015 0.167999015 0.313725 0.313725 1
v 0.0808368711 0.0193371848 0.166325806 0.313725 0.313725 1
v 0.0804868414 0.0193387744 0.164650907 0.313725 0.313725 1
v 0.0801398888 0.0193371896 0.162975354 0.313725 0.313725 1
v 0.0798200793 0.0193377652 0.161294475 0.313725 0.313725 1
v 0.0795055325 0.0193367228 0.159612546 0.313725 0.313725 1
v 0.0792301323 0.0193354561 0.157923755 0.313725 0.313725 1
v 0.0789570493 0.0193344148 0.156234633 0.705882 0.470588 0.156863
v 0.0787009901 0.0193353829 0.154542803 0.705882 0.470588 0.156863
v 0.0784584602 0.0193370892 0.152849021 0.705882 0.470588 0.156863
v 0.0782244497 0.0193392169 0.151154001 0.705882 0.470588 0.156863
v 0.078007247 0.0193366996 0.149456755 0.705882 0.470588 0.156863
v 0.0777858464 0.0193313207 0.147760052 0.705882 0.470588 0.156863
v 0.0775890815 0.0193377592 0.146060323 0.705882 0.470588 0.156863
v 0.0773960739 0.01933914 0.144360145 0.705882 0.470588 0.156863
v 0.0772053188 0.0193395355 0.142659713 0.705882 0.470588 0.156863
v 0.0770169152 0.0193403382 0.140959022 0.705882 0.470588 0.156863
v 0.0768316988 0.0193411452 0.139257977 0.705882 0.470588 0.156863
v 0.0766410874 0.0193411952 0.13755753 0.705882 0.470588 0.156863
v 0.0764493712 0.0193410407 0.135857205 0.470588 0.470588 0.470588
v 0.0762662853 0.0193412383 0.134155931 0.470588 0.470588 0.470588
v 0.076083707 0.0193413708 0.132454601 0.470588 0.470588 0.470588
v 0.0759020585 0.0193408549 0.130753171 0.470588 0.470588 0.470588
v 0.0757250124 0.0193405059 0.129051269 0.470588 0.470588 0.470588
v 0.0755578186 0.0193405142 0.127348358 0.470588 0.470588 0.470588
v 0.0753937479 0.0193405483 0.125645157 0.470588 0.470588 0.470588
v 0.0752315597 0.0193405547 0.123941762 0.470588 0.470588 0.470588
v 0.0750767991 0.019340502 0.122237682 1 0 0
v 0.074922006 0.0193403374 0.1205336 1 0 0
v 0.0747729873 0.0193402072 0.118829004 1 0 0
v 0.0746221489 0.0193397452 0.117124567 1 0 0
v 0.0744709981 0.0193389255 0.115420159 1 0 0
v 0.0743192241 0.0193357633 0.113715812 1 0 0
v 0.0741723246 0.0193271011 0.112011052 1 0 0
v 0.0740232059 0.0193222408 0.110306478 1 0 0
v 0.0738701515 0.0193227754 0.108602238 1 0 0
v 0.07371973 0.0193267896 0.106897771 1 0 0
v 0.0735666878 0.0193343234 0.105193548 0 1 0
v 0.0734165994 0.0193249936 0.103489074 0 1 0
v 0.0732648658 0.0193185052 0.101784733 0 1 0
v 0.0731103656 0.0193177585 0.100080623 0 1 0
v 0.0729569496 0.0193237324 0.0983764349 0 1 0
v 0.0728035867 0.0193339024 0.0966722532 0 1 0
v 0.0726494541 0.0193384594 0.094968124 0 1 0
v 0.0724963729 0.0193365462 0.0932638873 0 1 0
v 0.0723425531 0.0193357259 0.0915597168 0 0.501961 1
v 0.0721883645 0.0193299348 0.089855589 0 0.501961 1
v 0.0720343444 0.0193243628 0.0881514453 0 0.501961 1
v 0.071884109 0.0193207387 0.0864469584 0 0.501961 1
v 0.0717342353 0.0193191898 0.0847424397 0 0.501961 1
v 0.0715860188 0.0193240084 0.083037779 0 0.501961 1
v 0.0714389131 0.0193284743 0.0813330227 0 0.501961 1
v 0.0712954864 0.0193254072 0.0796279581 0 0.501961 1
v 0.0711524036 0.0193193504 0.0779228694 0 0.501961 1
v 0.0710122296 0.0193214331 0.0762175228 0 0.501961 1
v 0.0708675166 0.0193305184 0.0745125859 1 0.784314 0
v 0.0707217042 0.0193397578 0.0728077388 1 0.784314 0
v 0.0705781996 0.0193400947 0.0711026683 1 0.784314 0
v 0.0704279196 0.0193387803 0.0693981821 1 0.784314 0
v 0.0702786164 0.0193395388 0.0676936094 1 0.784314 0
v 0.0701246084 0.0193370322 0.0659894614 1 0.784314 0
v 0.0699672879 0.0193335046 0.064285615 1 0.784314 0
v 0.0698096909 0.0193350491 0.0625817937 1 0.784314 0
v 0.0696523427 0.0193395493 0.0608779505 1 0.784314 0
v 0.0694864098 0.0193389189 0.0591749184 1 0.784314 0
v 0.0693191575 0.0193382168 0.0574720132 0.705882 0 1
v 0.0691457841 0.0193340888 0.0557697344 0.705882 0 1
v 0.0689705328 0.0193241962 0.0540676624 0.705882 0 1
v 0.0687899068 0.0193265025 0.0523661311 0.705882 0 1
v 0.0686064252 0.0193324708 0.0506649097 0.705882 0 1
v 0.0684194946 0.0193345337 0.0489640532 0.705882 0 1
v 0.0682322088 0.0193382573 0.0472632425 0.705882 0 1
v 0.0680409509 0.0193357828 0.0455628713 0.705882 0 1
v 0.0678489221 0.01933461 0.043862584 0.705882 0 1
v 0.0676581241 0.0193363993 0.0421621567 0.705882 0 1
v 0.0674638533 0.0193379004 0.0404621228 0 0.862745 0.862745
v 0.0672692886 0.019335659 0.038762123 0 0.862745 0.862745
v 0.0670770447 0.019335592 0.0370618584 0 0.862745 0.862745
v 0.0668847005 0.0193347194 0.0353616051 0 0.862745 0.862745
v 0.0666955083 0.0193361833 0.033660998 0 0.862745 0.862745
v 0.066506552 0.01933688 0.0319603645 0 0.862745 0.862745
v 0.066313307 0.0193361196 0.0302602137 0 0.862745 0.862745
v 0.0661192181 0.0193364827 0.0285601587 0 0.862745 0.862745
v 0.0659247472 0.0193387424 0.0268601481 0 0.862745 0.862745
v 0.0657276602 0.0193396776 0.0251604422 0 0.862745 0.862745
v 0.0655200879 0.0193397924 0.02346198 0 0.862745 0.862745
v 0.0653100763 0.0193399635 0.0217638181 0 0.862745 0.862745
v 0.065097311 0.0193400346 0.020066 0 0.862745 0.862745
v 0.0514353737 0.0172422007 0.283112547 0 0.501961 1
v 0.0524275667 0.0172480847 0.2817191 0 0.501961 1
v 0.0534082507 0.0172499519 0.280317561 0 0.501961 1
v 0.054365899 0.0172470877 0.278900163 0 0.501961 1
v 0.0553210833 0.0172438594 0.277481082 0 0.501961 1
v 0.0562384085 0.0172305778 0.276037351 0 0.501961 1
v 0.0571517517 0.0172168197 0.274591048 1 0.784314 0
v 0.0580398957 0.0172194197 0.273129196 1 0.784314 0
v 0.0589186107 0.0172277091 0.271661555 1 0.784314 0
v 0.0597819617 0.0172334275 0.270184963 1 0.784314 0
v 0.060620439 0.0172377062 0.268693952 1 0.784314 0
v 0.0614457114 0.0172388265 0.267195741 1 0.784314 0
v 0.0622384303 0.0172342811 0.265679928 1 0.784314 0
v 0.063011659 0.0172317577 0.264154127 1 0.784314 0
v 0.0637715389 0.0172319073 0.262621561 0.705882 0 1
v 0.0645021445 0.0172348507 0.261074953 0.705882 0 1
v 0.065220694 0.0172413363 0.259522593 0.705882 0 1
v 0.0659181819 0.0172430988 0.257960733 0.705882 0 1
v 0.0666002991 0.0172415232 0.25639201 0.705882 0 1
v 0.067270254 0.0172251438 0.254818266 0.705882 0 1
v 0.0679235023 0.0171895704 0.253237716 0.705882 0 1
v 0.0685540692 0.01720025 0.251648127 0.705882 0 1
v 0.0691715566 0.0172342123 0.250053222 0.705882 0 1
v 0.069766532 0.0172405269 0.248449539 0.705882 0 1
v 0.0703546119 0.0172383341 0.246843198 0 0.862745 0.862745
v 0.070920745 0.0172409936 0.245229092 0 0.862745 0.862745
v 0.0714690921 0.0172411515 0.243608755 0 0.862745 0.862745
v 0.0720117541 0.0172412161 0.241986562 0 0.862745 0.862745
v 0.072524083 0.0172464493 0.240354487 0 0.862745 0.862745
v 0.0730345675 0.0172504967 0.238721845 0 0.862745 0.862745
v 0.0735226479 0.0172473214 0.237082351 0 0.862745 0.862745
v 0.0740087008 0.0172442202 0.235442257 0 0.862745 0.862745
v 0.074481682 0.0172470062 0.233798344 0 0.862745 0.862745
v 0.0749507507 0.0172480627 0.232153306 0 0.862745 0.862745
v 0.0754048109 0.017245777 0.230504071 1 0.470588 0
v 0.0758350914 0.0172484507 0.22884847 1 0.470588 0
v 0.0762468572 0.0172466384 0.227188235 1 0.470588 0
v 0.076632775 0.0172442504 0.225521749 1 0.470588 0
v 0.0770106596 0.0172441833 0.223853421 1 0.470588 0
v 0.0773711731 0.0172423699 0.222181247 1 0.470588 0
v 0.077729609 0.0172366418 0.220508624 1 0.470588 0
v 0.0780753471 0.0172370985 0.218833328 1 0.470588 0
v 0.0784171089 0.0172362935 0.217157209 1 0.470588 0
v 0.0787450165 0.0172339046 0.215478363 1 0.470588 0
v 0.0790561849 0.0172346075 0.213796296 0.470588 1 0
v 0.0793593325 0.0172389533 0.212112784 0.470588 1 0
v 0.0796452899 0.0172361005 0.210426256 0.470588 1 0
v 0.0799162321 0.0172352585 0.208737265 0.470588 1 0
v 0.0801727762 0.017242229 0.207046042 0.470588 1 0
v 0.0804116662 0.0172379873 0.205352203 0.470588 1 0
v 0.0806446828 0.0172334278 0.203657552 0.470588 1 0
v 0.0808678781 0.0172405589 0.201961586 0.470588 1 0
v 0.0810906618 0.0172490616 0.20026557 0.470588 1 0
v 0.0813002707 0.0172515978 0.198567883 0.470588 1 0
v 0.0815036431 0.0172525937 0.196869408 0.470588 1 0
v 0.0816948569 0.0172516827 0.195169567 0.470588 1 0
v 0.081873706 0.0172488536 0.193468337 1 0 0.705882
v 0.0820325534 0.0172390151 0.191765209 1 0 0.705882
v 0.0821803264 0.0172313008 0.190061048 1 0 0.705882
v 0.0823218841 0.017243013 0.188356348 1 0 0.705882
v 0.0824482597 0.0172443105 0.1866505 1 0 0.705882
v 0.0825599482 0.017226775 0.184943633 1 0 0.705882
v 0.0826521851 0.0172231173 0.1832356 1 0 0.705882
v 0.0827298956 0.0172238455 0.181526768 1 0 0.705882
v 0.0827490831 0.0172343788 0.179816486 1 0 0.705882
v 0.0827480249 0.0172449014 0.178105933 1 0 0.705882
v 0.0826383454 0.0172341531 0.17639888 1 0 0.705882
v 0.082497845 0.017225376 0.174694774 1 0 0.705882
v 0.0822537616 0.0172283019 0.173001673 0.313725 0.313725 1
v 0.0819767501 0.0172324393 0.171314042 0.313725 0.313725 1
v 0.0816575496 0.017235164 0.169633491 0.313725 0.313725 1
v 0.0813167556 0.0172392418 0.167957237 0.313725 0.313725 1
v 0.0809635616 0.0172461698 0.16628351 0.313725 0.313725 1
v 0.0806120382 0.0172459597 0.164609421 0.313725 0.313725 1
v 0.0802605393 0.0172435793 0.162935338 0.313725 0.313725 1
v 0.079951825 0.0172455754 0.161252819 0.313725 0.313725 1
v 0.0796400421 0.0172453154 0.159570887 0.313725 0.313725 1
v 0.0793626803 0.017244748 0.157882917 0.313725 0.313725 1
v 0.0790843572 0.0172449006 0.156195112 0.705882 0.470588 0.156863
v 0.0788329494 0.017245655 0.154503081 0.705882 0.470588 0.156863
v 0.0785862595 0.0172421852 0.15281037 0.705882 0.470588 0.156863
v 0.0783533526 0.0172394994 0.151115724 0.705882 0.470588 0.156863
v 0.0781333081 0.0172339115 0.149419338 0.705882 0.470588 0.156863
v 0.0779207324 0.0172344807 0.147722044 0.705882 0.470588 0.156863
v 0.0777217001 0.0172442422 0.146023083 0.705882 0.470588 0.156863
v 0.0775263908 0.0172459575 0.144323683 0.705882 0.470588 0.156863
v 0.0773324349 0.0172392965 0.14262412 0.705882 0.470588 0.156863
v 0.0771406212 0.0172474685 0.140924355 0.705882 0.470588 0.156863
v 0.0769467307 0.0172475436 0.139224771 0.705882 0.470588 0.156863
v 0.0767615849 0.0172482847 0.137524215 0.705882 0.470588 0.156863
v 0.076576589 0.017249075 0.135823642 0.470588 0.470588 0.470588
v 0.0763875644 0.0172488702 0.134123512 0.470588 0.470588 0.470588
v 0.0762000196 0.0172486379 0.132423225 0.470588 0.470588 0.470588
v 0.0760256562 0.0172485364 0.130721527 0.470588 0.470588 0.470588
v 0.0758520316 0.0172482049 0.129019768 0.470588 0.470588 0.470588
v 0.0756784696 0.0172475409 0.127317989 0.470588 0.470588 0.470588
v 0.0755148452 0.0172475779 0.125615248 0.470588 0.470588 0.470588
v 0.0753562687 0.0172479833 0.12391201 0.470588 0.470588 0.470588
v 0.0752041598 0.0172484248 0.122208189 1 0 0
v 0.0750493233 0.0172483623 0.120504606 1 0 0
v 0.0748980205 0.0172481197 0.118800707 1 0 0
v 0.074743752 0.0172474941 0.117097072 1 0 0
v 0.0745955626 0.0172456025 0.115392897 1 0 0
v 0.0744461567 0.0172417609 0.113688835 1 0 0
v 0.0742936514 0.0172330358 0.111985062 1 0 0
v 0.0741429871 0.0172281097 0.110281117 1 0 0
v 0.0739929854 0.0172289067 0.108577101 1 0 0
v 0.0738421195 0.0172349283 0.106873174 1 0 0
v 0.0736906788 0.0172433569 0.105169306 0 1 0
v 0.0735376309 0.0172364964 0.103465581 0 1 0
v 0.0733839519 0.0172295239 0.101761907 0 1 0
v 0.073233142 0.0172253229 0.100057965 0 1 0
v 0.0730803661 0.0172262184 0.0983541979 0 1 0
v 0.0729258139 0.0172346324 0.0966506103 0 1 0
v 0.072771787 0.0172417477 0.0949469665 0 1 0
v 0.0726179331 0.0172454922 0.0932433011 0 1 0
v 0.0724634589 0.0172457058 0.0915396829 0 0.501961 1
v 0.072309044 0.0172448394 0.0898360611 0 0.501961 1
v 0.0721561115 0.0172417336 0.088132307 0 0.501961 1
v 0.0720041454 0.0172387285 0.0864284664 0 0.501961 1
v 0.0718551514 0.0172333934 0.084724369 0 0.501961 1
v 0.0717066146 0.0172292751 0.083020233 0 0.501961 1
v 0.0715610414 0.0172332638 0.0813158384 0 0.501961 1
v 0.071417324 0.0172365692 0.0796112829 0 0.501961 1
v 0.0712738992 0.0172352536 0.0779067132 0 0.501961 1
v 0.0711324111 0.0172282855 0.0762019822 0 0.501961 1
v 0.0709903721 0.0172333635 0.0744973114 1 0.784314 0
v 0.0708448449 0.0172452083 0.0727929484 1 0.784314 0
v 0.0706988983 0.0172456688 0.0710885838 1 0.784314 0
v 0.0705491472 0.01724405 0.0693845455 1 0.784314 0
v 0.0703979493 0.0172451977 0.0676806357 1 0.784314 0
v 0.0702437624 0.0172467917 0.0659769924 1 0.784314 0
v 0.0700905571 0.0172463092 0.0642732597 1 0.784314 0
v 0.0699339703 0.0172455257 0.062569838 1 0.784314 0
v 0.0697721808 0.0172448475 0.0608668991 1 0.784314 0
v 0.0696057952 0.0172433742 0.0591644041 1 0.784314 0
v 0.0694368359 0.0172426376 0.0574621648 0.705882 0 1
v 0.0692626135 0.0172427483 0.0557604527 0.705882 0 1
v 0.0690859109 0.0172421001 0.0540590044 0.705882 0 1
v 0.0689046156 0.0172435557 0.0523580323 0.705882 0 1
v 0.0687205428 0.0172356827 0.0506574158 0.705882 0 1
v 0.0685324895 0.0172299566 0.0489571863 0.705882 0 1
v 0.0683406258 0.0172266159 0.0472573794 0.705882 0 1
v 0.0681480729 0.017230456 0.0455576483 0.705882 0 1
v 0.0679543522 0.0172358978 0.0438580661 0.705882 0 1
v 0.0677586011 0.0172367757 0.0421586962 0.705882 0 1
v 0.0675636883 0.0172380287 0.0404592305 0 0.862745 0.862745
v 0.0673688719 0.0172397907 0.0387597541 0 0.862745 0.862745
v 0.0671760508 0.0172416074 0.037060051 0 0.862745 0.862745
v 0.0669845227 0.0172434636 0.0353602007 0 0.862745 0.862745
v 0.0667952315 0.0172439866 0.0336600999 0 0.862745 0.862745
v 0.0666060984 0.0172438848 0.0319599805 0 0.862745 0.862745
v 0.0664180755 0.0172438878 0.030259738 0 0.862745 0.862745
v 0.0662299155 0.0172442183 0.0285595107 0 0.862745 0.862745
v 0.0660366388 0.0172453516 0.0268598601 0 0.862745 0.862745
v 0.065841013 0.0172463911 0.025160476 0 0.862745 0.862745
v 0.0656436765 0.0172472916 0.0234612902 0 0.862745 0.862745
v 0.0654383948 0.0172478097 0.0217630531 0 0.862745 0.862745
v 0.0652234806 0.0172477583 0.020066 0 0.862745 0.862745
v 0.0515948997 0.0151525741 0.283083076 0.470588 1 0
v 0.0525701524 0.0151509172 0.281678249 0.470588 1 0
v 0.0535442725 0.0151506484 0.280272623 0.470588 1 0
v 0.0545059768 0.0151492113 0.278858572 0.470588 1 0
v 0.0554411344 0.015148621 0.277426729 0.470588 1 0
v 0.0563669808 0.0151417396 0.275988939 0.470588 1 0
v 0.0572682016 0.0151371283 0.274535552 1 0 0.705882
v 0.0581578284 0.0151394228 0.273075019 1 0 0.705882
v 0.0590348911 0.0151422547 0.271606887 1 0 0.705882
v 0.0598970191 0.0151354976 0.270130011 1 0 0.705882
v 0.0607425867 0.01512599 0.268643535 1 0 0.705882
v 0.0615569989 0.0151255751 0.267139888 1 0 0.705882
v 0.0623566077 0.0151297981 0.265628166 1 0 0.705882
v 0.0631286893 0.0151401099 0.264102296 1 0 0.705882
v 0.0638847438 0.0151464991 0.26256835 0.313725 0.313725 1
v 0.0646234786 0.0151438662 0.261025962 0.313725 0.313725 1
v 0.0653321235 0.0151500103 0.259469601 0.313725 0.313725 1
v 0.0660262832 0.015153657 0.257906675 0.313725 0.313725 1
v 0.0667084479 0.0151495462 0.256338457 0.313725 0.313725 1
v 0.0673714026 0.0151223378 0.254762419 0.313725 0.313725 1
v 0.0680217015 0.0150790177 0.253181306 0.313725 0.313725 1
v 0.0686502523 0.0150948322 0.251591377 0.313725 0.313725 1
v 0.0692657069 0.0151428177 0.249996508 0.313725 0.313725 1
v 0.0698633974 0.0151396401 0.248394305 0.313725 0.313725 1
v 0.0704498265 0.0151361005 0.246787828 0.705882 0.470588 0.156863
v 0.0710127392 0.0151475824 0.245172993 0.705882 0.470588 0.156863
v 0.0715677367 0.0151529699 0.243555417 0.705882 0.470588 0.156863
v 0.0720958409 0.0151408754 0.24192887 0.705882 0.470588 0.156863
v 0.0726158612 0.0151380437 0.240299728 0.705882 0.470588 0.156863
v 0.0731178469 0.0151477571 0.238664928 0.705882 0.470588 0.156863
v 0.0736109856 0.0151519751 0.237027426 0.705882 0.470588 0.156863
v 0.0740970033 0.0151503449 0.235387771 0.705882 0.470588 0.156863
v 0.0745733681 0.0151518949 0.233745292 0.705882 0.470588 0.156863
v 0.07504295 0.0151526009 0.232100851 0.705882 0.470588 0.156863
v 0.07549558 0.0151428596 0.230451768 0.470588 0.470588 0.470588
v 0.0759250163 0.0151444626 0.22879639 0.470588 0.470588 0.470588
v 0.0763433179 0.0151496948 0.227138235 0.470588 0.470588 0.470588
v 0.0767306864 0.0151507166 0.225472554 0.470588 0.470588 0.470588
v 0.0771072833 0.0151501154 0.223804377 0.470588 0.470588 0.470588
v 0.0774717075 0.0151524364 0.222133498 0.470588 0.470588 0.470588
v 0.0778259788 0.0151488952 0.220460435 0.470588 0.470588 0.470588
v 0.0781714833 0.0151492716 0.218785527 0.470588 0.470588 0.470588
v 0.0785116149 0.015147889 0.217109526 0.470588 0.470588 0.470588
v 0.0788387111 0.0151464343 0.215430932 0.470588 0.470588 0.470588
v 0.0791509103 0.0151462184 0.213749496 1 0 0
v 0.0794492125 0.0151453634 0.212065545 1 0 0
v 0.0797348643 0.0151412632 0.210379403 1 0 0
v 0.080002355 0.0151419121 0.208690298 1 0 0
v 0.0802606997 0.0151455625 0.206999781 1 0 0
v 0.0804960369 0.0151394039 0.205305889 1 0 0
v 0.0807280588 0.0151360745 0.20361154 1 0 0
v 0.0809538695 0.0151400533 0.201916347 1 0 0
v 0.0811721463 0.015142755 0.200220174 1 0 0
v 0.0813867869 0.0151389016 0.198523528 1 0 0
v 0.0815858019 0.0151390959 0.196824982 0 1 0
v 0.0817782847 0.0151402614 0.195125675 0 1 0
v 0.0819569078 0.0151393343 0.193424873 0 1 0
v 0.0821247899 0.015141138 0.191722959 0 1 0
v 0.0822816097 0.0151453936 0.190020047 0 1 0
v 0.0824169857 0.0151506491 0.188315247 0 1 0
v 0.0825455748 0.0151410097 0.186609987 0 1 0
v 0.08266979 0.0151228495 0.184904428 0 1 0
v 0.0827543846 0.0151277536 0.183196419 0 1 0
v 0.0828308417 0.0151382574 0.181488041 0 1 0
v 0.0828370862 0.0151407712 0.17977788 0 1 0
v 0.0828369167 0.015149452 0.178067773 0 1 0
v 0.0827250183 0.0151317909 0.176361377 0 0.501961 1
v 0.0826023107 0.0151067045 0.174656097 0 0.501961 1
v 0.0823582405 0.0151211318 0.172963491 0 0.501961 1
v 0.0820760973 0.0151386474 0.171277192 0 0.501961 1
v 0.081756104 0.0151354937 0.169597226 0 0.501961 1
v 0.0814159519 0.0151397649 0.167921296 0 0.501961 1
v 0.0810618556 0.0151505782 0.166248216 0 0.501961 1
v 0.0807159358 0.0151481718 0.164573401 0 0.501961 1
v 0.0803780493 0.0151433071 0.162896994 0 0.501961 1
v 0.0800595008 0.0151369914 0.161216761 0 0.501961 1
v 0.0797522167 0.0151422487 0.159534562 1 0.784314 0
v 0.0794724056 0.0151528439 0.157847523 1 0.784314 0
v 0.0791992528 0.0151504571 0.156159312 1 0.784314 0
v 0.0789481529 0.0151457553 0.154467708 1 0.784314 0
v 0.0787016422 0.0151418782 0.152775398 1 0.784314 0
v 0.0784698889 0.0151386773 0.15108102 1 0.784314 0
v 0.0782415622 0.0151352741 0.149386159 1 0.784314 0
v 0.0780311215 0.0151253754 0.147689044 1 0.784314 0
v 0.0778250756 0.0151299091 0.14599134 1 0.784314 0
v 0.0776328347 0.015123424 0.144292029 1 0.784314 0
v 0.077441107 0.0151195833 0.142592663 1 0.784314 0
v 0.0772510731 0.0151371029 0.14089317 1 0.784314 0
v 0.077060588 0.0151538953 0.139193727 0.705882 0 1
v 0.0768674548 0.0151546548 0.137494494 0.705882 0 1
v 0.0766743216 0.0151554144 0.13579526 0.705882 0 1
v 0.0764930861 0.0151555877 0.134094717 0.705882 0 1
v 0.0763104559 0.0151554468 0.132394328 0.705882 0 1
v 0.0761282311 0.0151544528 0.130693893 0.705882 0 1
v 0.0759518368 0.0151537923 0.128992865 0.705882 0 1
v 0.0757861037 0.0151535751 0.127290742 0.705882 0 1
v 0.0756250047 0.0151537817 0.125588193 0.705882 0 1
v 0.0754643943 0.0151541059 0.123885581 0.705882 0 1
v 0.0753118412 0.015154544 0.122182234 0 0.862745 0.862745
v 0.0751557302 0.0151549345 0.1204792 0 0.862745 0.862745
v 0.0750077085 0.0151551395 0.118775443 0 0.862745 0.862745
v 0.074857803 0.0151544782 0.117071857 0 0.862745 0.862745
v 0.0747012159 0.0151505728 0.115368871 0 0.862745 0.862745
v 0.0745481296 0.0151453716 0.113665578 0 0.862745 0.862745
v 0.0744021867 0.0151375259 0.111961661 0 0.862745 0.862745
v 0.074253311 0.0151368589 0.11025798 0 0.862745 0.862745
v 0.0741042071 0.0151366996 0.10855432 0 0.862745 0.862745
v 0.0739521558 0.0151423411 0.106850933 0 0.862745 0.862745
v 0.0737977506 0.0151512184 0.105147767 1 0.470588 0
v 0.0736470603 0.0151478344 0.103444259 1 0.470588 0
v 0.0734956451 0.0151433414 0.101740809 1 0.470588 0
v 0.0733445782 0.0151418365 0.100037321 1 0.470588 0
v 0.0731913303 0.0151418782 0.0983340301 1 0.470588 0
v 0.0730370217 0.0151442599 0.0966308334 1 0.470588 0
v 0.0728822253 0.0151503975 0.0949276923 1 0.470588 0
v 0.0727287083 0.0151492043 0.0932244234 1 0.470588 0
v 0.0725746893 0.0151491016 0.0915211991 0.470588 1 0
v 0.0724217455 0.015148882 0.0898178779 0.470588 1 0
v 0.0722702572 0.015148658 0.0881144266 0.470588 1 0
v 0.0721190188 0.0151468943 0.0864109551 0.470588 1 0
v 0.071969369 0.0151414261 0.0847073509 0.470588 1 0
v 0.0718207948 0.0151366406 0.0830036536 0.470588 1 0
v 0.071674575 0.0151407582 0.0812997497 0.470588 1 0
v 0.0715305544 0.015143368 0.0795956531 0.470588 1 0
v 0.0713872773 0.0151418445 0.0778915059 0.470588 1 0
v 0.0712437879 0.0151328279 0.0761873869 0.470588 1 0
v 0.0710998607 0.0151363961 0.0744833108 1 0 0.705882
v 0.0709544623 0.0151478259 0.072779368 1 0 0.705882
v 0.0708079819 0.0151490925 0.0710754922 1 0 0.705882
v 0.0706558763 0.015137333 0.0693721363 1 0 0.705882
v 0.0705061725 0.0151430119 0.0676685621 1 0 0.705882
v 0.0703571416 0.0151535765 0.0659649266 1 0 0.705882
v 0.0702009251 0.0151516944 0.0642619069 1 0 0.705882
v 0.0700440181 0.015149444 0.0625589478 1 0 0.705882
v 0.0698837972 0.0151431624 0.0608563192 1 0 0.705882
v 0.0697172729 0.0151369195 0.0591542893 1 0 0.705882
v 0.0695456436 0.0151432975 0.0574527693 0.313725 0.313725 1
v 0.0693709987 0.0151444823 0.0557515397 0.313725 0.313725 1
v 0.0691923618 0.0151488922 0.0540507281 0.313725 0.313725 1
v 0.0690117023 0.0151514163 0.0523501266 0.313725 0.313725 1
v 0.0688274757 0.0151309306 0.0506500653 0.313725 0.313725 1
v 0.0686397376 0.0151127999 0.0489503408 0.313725 0.313725 1
v 0.0684472502 0.0151033331 0.0472510641 0.313725 0.313725 1
v 0.0682521532 0.0151124136 0.0455521195 0.313725 0.313725 1
v 0.0680545107 0.0151340016 0.0438535416 0.313725 0.313725 1
v 0.0678586351 0.0151371819 0.0421546375 0.313725 0.313725 1
v 0.0676614083 0.0151418275 0.0404558827 0.705882 0.470588 0.156863
v 0.0674662441 0.0151410265 0.0387568812 0.705882 0.470588 0.156863
v 0.0672725718 0.015140839 0.0370577099 0.705882 0.470588 0.156863
v 0.0670807766 0.0151407647 0.0353583247 0.705882 0.470588 0.156863
v 0.0668918068 0.015143288 0.0336586267 0.705882 0.470588 0.156863
v 0.0667036358 0.0151503224 0.031958853 0.705882 0.470588 0.156863
v 0.0665176958 0.0151509554 0.0302588184 0.705882 0.470588 0.156863
v 0.0663296251 0.0151512413 0.028559017 0.705882 0.470588 0.156863
v 0.0661401702 0.0151520627 0.02685937 0.705882 0.470588 0.156863
v 0.0659477824 0.0151529088 0.0251600522 0.705882 0.470588 0.156863
v 0.0657494354 0.0151538383 0.0234614212 0.705882 0.470588 0.156863
v 0.0655463989 0.0151544849 0.0217633437 0.705882 0.470588 0.156863
v 0.0653373312 0.0151548397 0.020066 0.705882 0.470588 0.156863
v 0.0516994479 0.0130591988 0.283063373 0.470588 1 0
v 0.0526718464 0.0130443665 0.281656898 0.470588 1 0
v 0.053644533 0.0130463001 0.280250569 0.470588 1 0
v 0.0545998352 0.013055153 0.278832375 0.470588 1 0
v 0.0555357151 0.0130543755 0.277401258 0.470588 1 0
v 0.0564582054 0.0130555578 0.27596151 0.470588 1 0
v 0.0573551166 0.0130574895 0.274505657 1 0 0.705882
v 0.0582482015 0.0130582154 0.273047462 1 0 0.705882
v 0.0591223164 0.0130541558 0.271577816 1 0 0.705882
v 0.0599865053 0.0130397247 0.270102502 1 0 0.705882
v 0.0608278294 0.0130141711 0.26861405 1 0 0.705882
v 0.0616447138 0.0130308269 0.267112013 1 0 0.705882
v 0.0624442662 0.0130428534 0.265600663 1 0 0.705882
v 0.0632138295 0.0130540517 0.264073702 1 0 0.705882
v 0.0639687026 0.0130562171 0.26253948 0.313725 0.313725 1
v 0.064702787 0.0130484739 0.260995128 0.313725 0.313725 1
v 0.0654121583 0.0130552789 0.259439312 0.313725 0.313725 1
v 0.0661103458 0.0130609605 0.257878461 0.313725 0.313725 1
v 0.0667877864 0.0130545934 0.25630843 0.313725 0.313725 1
v 0.0674505287 0.0130271707 0.254732537 0.313725 0.313725 1
v 0.0680972194 0.0129665011 0.253150746 0.313725 0.313725 1
v 0.0687223741 0.0130003965 0.251560502 0.313725 0.313725 1
v 0.069339134 0.0130568129 0.249966671 0.313725 0.313725 1
v 0.0699353732 0.0130478334 0.248364053 0.313725 0.313725 1
v 0.0705261801 0.0130435186 0.246759434 0.313725 0.313725 1
v 0.0710915351 0.0130542047 0.245145687 0.313725 0.313725 1
v 0.0716423903 0.0130546254 0.243526979 0.705882 0.470588 0.156863
v 0.0721726708 0.0130427148 0.241901371 0.705882 0.470588 0.156863
v 0.0726900265 0.0130381923 0.240271583 0.705882 0.470588 0.156863
v 0.0731892894 0.0130461051 0.238636158 0.705882 0.470588 0.156863
v 0.0736856567 0.0130545926 0.23699985 0.705882 0.470588 0.156863
v 0.0741677457 0.0130572549 0.235359259 0.705882 0.470588 0.156863
v 0.07464861 0.0130592923 0.233718304 0.705882 0.470588 0.156863
v 0.0751107626 0.0130499329 0.232072089 0.705882 0.470588 0.156863
v 0.0755621696 0.0130325279 0.230422878 0.705882 0.470588 0.156863
v 0.0760052423 0.0130223157 0.228771411 0.705882 0.470588 0.156863
v 0.0764079515 0.0130326125 0.227109587 0.470588 0.470588 0.470588
v 0.0768095464 0.0130452646 0.225447502 0.470588 0.470588 0.470588
v 0.0771839361 0.0130519337 0.223779094 0.470588 0.470588 0.470588
v 0.0775503011 0.0130572741 0.22210885 0.470588 0.470588 0.470588
v 0.0779023199 0.0130551366 0.22043553 0.470588 0.470588 0.470588
v 0.0782479509 0.0130548911 0.218760874 0.470588 0.470588 0.470588
v 0.078580118 0.0130465986 0.217083547 0.470588 0.470588 0.470588
v 0.0789094072 0.013048985 0.215405593 0.470588 0.470588 0.470588
v 0.0792201612 0.0130459339 0.2137242 0.470588 0.470588 0.470588
v 0.0795171013 0.0130519506 0.212040229 0.470588 0.470588 0.470588
v 0.079803142 0.0130601547 0.210354556 1 0 0
v 0.08006371 0.0130550104 0.208664572 1 0 0
v 0.0803219342 0.0130494212 0.206974242 1 0 0
v 0.0805626213 0.0130406166 0.205281328 1 0 0
v 0.0807939104 0.0130451955 0.203587094 1 0 0
v 0.081018345 0.013049882 0.201891933 1 0 0
v 0.0812371987 0.0130503265 0.200196039 1 0 0
v 0.0814502228 0.0130460209 0.198499409 1 0 0
v 0.0816540969 0.0130384752 0.196801687 1 0 0
v 0.0818461478 0.0130372735 0.195102547 1 0 0
v 0.082026039 0.0130430141 0.193402125 0 1 0
v 0.0821939902 0.0130536065 0.191700471 0 1 0
v 0.0823494782 0.0130565294 0.189997624 0 1 0
v 0.0824976908 0.013053191 0.188294106 0 1 0
v 0.0826283386 0.0130474874 0.186589197 0 1 0
v 0.0827494696 0.0130375293 0.184883575 0 1 0
v 0.0828410558 0.0130484311 0.183176103 0 1 0
v 0.0829085431 0.0130571745 0.181467882 0 1 0
v 0.0829210696 0.0130562483 0.179757968 0 1 0
v 0.0829128899 0.0130557502 0.178048358 0 1 0
v 0.0828207483 0.0130395169 0.176341247 0 0.501961 1
v 0.0826797626 0.0130161674 0.174638007 0 0.501961 1
v 0.0824389515 0.0130254011 0.172945187 0 0.501961 1
v 0.0821577068 0.0130437289 0.171258954 0 0.501961 1
v 0.0818339849 0.0130452657 0.169579925 0 0.501961 1
v 0.0815005308 0.0130509803 0.167902837 0 0.501961 1
v 0.0811508114 0.0130416707 0.166229208 0 0.501961 1
v 0.0808011486 0.0130118427 0.164555671 0 0.501961 1
v 0.0804709428 0.0130079322 0.162877982 0 0.501961 1
v 0.080148723 0.0130105336 0.161198656 0 0.501961 1
v 0.079851658 0.0130330854 0.159514918 1 0.784314 0
v 0.0795615492 0.0130548513 0.157829992 1 0.784314 0
v 0.0792964083 0.0130447918 0.156140742 1 0.784314 0
v 0.0790385588 0.0130390941 0.154450376 1 0.784314 0
v 0.0787879674 0.0130358681 0.152758879 1 0.784314 0
v 0.0785596923 0.0130401742 0.151064247 1 0.784314 0
v 0.0783352759 0.013040596 0.1493691 1 0.784314 0
v 0.0781271139 0.0130296158 0.147671897 1 0.784314 0
v 0.0779184664 0.0130248157 0.145974759 1 0.784314 0
v 0.0777214578 0.0130295835 0.144276193 1 0.784314 0
v 0.0775291949 0.0130347582 0.142577093 1 0.784314 0
v 0.0773393392 0.0130490021 0.140877781 1 0.784314 0
v 0.0771431305 0.0130592183 0.139179147 0.705882 0 1
v 0.0769561749 0.0130610207 0.137479444 0.705882 0 1
v 0.0767683293 0.0130615284 0.135779836 0.705882 0 1
v 0.0765815531 0.0130612504 0.13408011 0.705882 0 1
v 0.0763946363 0.013060805 0.132380403 0.705882 0 1
v 0.0762187094 0.0130598813 0.130679516 0.705882 0 1
v 0.0760434444 0.013058412 0.128978593 0.705882 0 1
v 0.0758748203 0.0130577196 0.127276971 0.705882 0 1
v 0.0757143861 0.013057995 0.125574572 0.705882 0 1
v 0.0755526924 0.013059212 0.123872276 0.705882 0 1
v 0.0754024186 0.0130601009 0.12216894 0 0.862745 0.862745
v 0.0752532881 0.0130608262 0.120465497 0 0.862745 0.862745
v 0.0750997611 0.0130589469 0.118762443 0 0.862745 0.862745
v 0.0749471497 0.0130565755 0.117059308 0 0.862745 0.862745
v 0.0747970108 0.0130535103 0.115355954 0 0.862745 0.862745
v 0.0746474278 0.0130522819 0.113652572 0 0.862745 0.862745
v 0.0744976467 0.013052197 0.111949184 0 0.862745 0.862745
v 0.0743483185 0.0130519668 0.110245755 0 0.862745 0.862745
v 0.0741968992 0.013049954 0.108542514 0 0.862745 0.862745
v 0.0740459834 0.0130522351 0.106839235 0 0.862745 0.862745
v 0.0738968757 0.0130597165 0.105135805 1 0.470588 0
v 0.0737470434 0.0130601752 0.103432424 1 0.470588 0
v 0.0735936247 0.0130570837 0.101729362 1 0.470588 0
v 0.0734417007 0.0130555911 0.100026164 1 0.470588 0
v 0.0732883072 0.013054722 0.0983230979 1 0.470588 0
v 0.0731365318 0.0130572179 0.0966198874 1 0.470588 0
v 0.0729830301 0.0130497752 0.0949168508 1 0.470588 0
v 0.072830558 0.0130488439 0.093213701 1 0.470588 0
v 0.0726792631 0.0130487378 0.0915104463 0.470588 1 0
v 0.0725280454 0.0130487015 0.0898071844 0.470588 1 0
v 0.0723767207 0.0130502391 0.0881039359 0.470588 1 0
v 0.0722265567 0.0130452455 0.0864005881 0.470588 1 0
v 0.0720766281 0.0130411632 0.0846972198 0.470588 1 0
v 0.0719282708 0.0130469055 0.0829937162 0.470588 1 0
v 0.0717801652 0.0130522865 0.0812901905 0.470588 1 0
v 0.0716347168 0.0130484219 0.0795864374 0.470588 1 0
v 0.0714893964 0.013041977 0.0778826756 0.470588 1 0
v 0.071346301 0.0130369905 0.0761787194 0.470588 1 0
v 0.0711999995 0.0130419582 0.0744750631 1 0 0.705882
v 0.0710498554 0.013053966 0.0727717486 1 0 0.705882
v 0.0709025638 0.0130405055 0.0710682573 1 0 0.705882
v 0.0707542938 0.0130221771 0.0693648433 1 0 0.705882
v 0.0706038425 0.0130230521 0.0676615505 1 0 0.705882
v 0.0704520896 0.0130341483 0.0659583723 1 0 0.705882
v 0.0702997695 0.0130409962 0.0642552274 1 0 0.705882
v 0.0701427567 0.0130385776 0.0625524973 1 0 0.705882
v 0.0699825341 0.0130293877 0.0608500844 1 0 0.705882
v 0.0698197229 0.0130343136 0.059147996 1 0 0.705882
v 0.0696469522 0.0130437682 0.0574468115 0.313725 0.313725 1
v 0.0694739599 0.0130495496 0.0557456399 0.313725 0.313725 1
v 0.0692945751 0.0130548051 0.0540451219 0.313725 0.313725 1
v 0.0691145581 0.0130586757 0.0523446691 0.313725 0.313725 1
v 0.0689278365 0.0130538314 0.0506449425 0.313725 0.313725 1
v 0.0687395212 0.0130424793 0.0489454217 0.313725 0.313725 1
v 0.068546146 0.0130273451 0.0472465006 0.313725 0.313725 1
v 0.0683508914 0.0130190919 0.0455478161 0.313725 0.313725 1
v 0.0681535815 0.0130366864 0.0438493679 0.313725 0.313725 1
v 0.0679558154 0.0130458553 0.042150923 0.313725 0.313725 1
v 0.0677583677 0.0130498291 0.0404524046 0.705882 0.470588 0.156863
v 0.0675626126 0.013051175 0.0387536865 0.705882 0.470588 0.156863
v 0.0673678309 0.013051197 0.0370548581 0.705882 0.470588 0.156863
v 0.0671764888 0.013043054 0.0353556764 0.705882 0.470588 0.156863
v 0.0669866991 0.0130391603 0.0336565008 0.705882 0.470588 0.156863
v 0.0667980195 0.0130555642 0.0319570751 0.705882 0.470588 0.156863
v 0.0666117128 0.0130569056 0.030257298 0.705882 0.470588 0.156863
v 0.066424023 0.0130566516 0.0285576698 0.705882 0.470588 0.156863
v 0.0662333223 0.0130580141 0.0268583763 0.705882 0.470588 0.156863
v 0.066040961 0.0130588591 0.0251592696 0.705882 0.470588 0.156863
v 0.0658441477 0.0130591922 0.0234606764 0.705882 0.470588 0.156863
v 0.0656403689 0.0130604472 0.0217629032 0.705882 0.470588 0.156863
v 0.0654294532 0.013060788 0.020066 0.705882 0.470588 0.156863
v 0.0517833758 0.0109649122 0.283047307 0.470588 1 0
v 0.0527567378 0.0109498828 0.281641658 0.470588 1 0
v 0.0537183569 0.0109472518 0.280227916 0.470588 1 0
v 0.0546742558 0.0109565303 0.278810277 0.470588 1 0
v 0.0556063644 0.0109610394 0.277377022 0.470588 1 0
v 0.0565232319 0.0109647182 0.275933809 0.470588 1 0
v 0.0574253406 0.0109655144 0.274481409 1 0 0.705882
v 0.0583116848 0.0109640267 0.273019246 1 0 0.705882
v 0.059191677 0.0109612104 0.271553274 1 0 0.705882
v 0.060047538 0.010926651 0.270073479 1 0 0.705882
v 0.0608983379 0.010906363 0.268590757 1 0 0.705882
v 0.0617140254 0.0109407572 0.267088429 1 0 0.705882
v 0.0625095292 0.0109529313 0.265575234 1 0 0.705882
v 0.0632827551 0.0109549578 0.264050258 1 0 0.705882
v 0.0640299261 0.0109532867 0.262512392 0.313725 0.313725 1
v 0.0647698503 0.0109489838 0.260970957 0.313725 0.313725 1
v 0.0654796505 0.0109595155 0.259415478 0.313725 0.313725 1
v 0.0661774765 0.0109650969 0.257854607 0.313725 0.313725 1
v 0.06685384 0.010957641 0.256284256 0.313725 0.313725 1
v 0.067514561 0.0109151353 0.25470819 0.313725 0.313725 1
v 0.0681631244 0.0108441354 0.253127731 0.313725 0.313725 1
v 0.0687865473 0.010890742 0.251537246 0.313725 0.313725 1
v 0.0694031455 0.0109621685 0.249944168 0.313725 0.313725 1
v 0.0700038231 0.0109635777 0.24834332 0.313725 0.313725 1
v 0.0705909184 0.0109629637 0.246737481 0.313725 0.313725 1
v 0.0711686077 0.0109637183 0.245128199 0.313725 0.313725 1
v 0.0717106743 0.0109579639 0.243506624 0.705882 0.470588 0.156863
v 0.0722437461 0.010952448 0.241882062 0.705882 0.470588 0.156863
v 0.0727539122 0.0109503902 0.240250113 0.705882 0.470588 0.156863
v 0.0732580403 0.010952332 0.238616326 0.705882 0.470588 0.156863
v 0.0737476978 0.010959476 0.236978122 0.705882 0.470588 0.156863
v 0.0742346192 0.0109650074 0.235339103 0.705882 0.470588 0.156863
v 0.0747082433 0.0109570588 0.233696231 0.705882 0.470588 0.156863
v 0.0751738093 0.0109414221 0.232051089 0.705882 0.470588 0.156863
v 0.0756249702 0.0109241417 0.230401943 0.705882 0.470588 0.156863
v 0.0760603931 0.0108984166 0.228748751 0.705882 0.470588 0.156863
v 0.0764685632 0.0109320642 0.227088693 0.470588 0.470588 0.470588
v 0.076866066 0.0109450819 0.225425789 0.470588 0.470588 0.470588
v 0.07724395 0.0109503592 0.223758245 0.470588 0.470588 0.470588
v 0.0776116264 0.0109507897 0.222088473 0.470588 0.470588 0.470588
v 0.0779639508 0.0109441587 0.220415346 0.470588 0.470588 0.470588
v 0.0783049296 0.0109229472 0.218740023 0.470588 0.470588 0.470588
v 0.0786410304 0.0109008906 0.217063696 0.470588 0.470588 0.470588
v 0.0789635572 0.0108891406 0.215384635 0.470588 0.470588 0.470588
v 0.0792826736 0.0108707204 0.213704946 0.470588 0.470588 0.470588
v 0.0795741686 0.010918939 0.212021164 0.470588 0.470588 0.470588
v 0.0798543291 0.0109656154 0.210335373 1 0 0
v 0.0801169346 0.010960089 0.208645836 1 0 0
v 0.0803758978 0.0109539663 0.20695577 1 0 0
v 0.0806108857 0.0109575736 0.205262166 1 0 0
v 0.0808457203 0.0109611221 0.20356854 1 0 0
v 0.0810688038 0.0109545193 0.201873361 1 0 0
v 0.0812894788 0.0109530763 0.200177829 1 0 0
v 0.0815007043 0.0109393655 0.198481153 1 0 0
v 0.0817068515 0.0109299233 0.196783867 1 0 0
v 0.0819010071 0.0109401574 0.195085146 1 0 0
v 0.0820802782 0.0109467055 0.19338479 0 1 0
v 0.0822519313 0.0109621938 0.191683666 0 1 0
v 0.0824118434 0.0109519282 0.189981447 0 1 0
v 0.0825602944 0.0109398562 0.188278118 0 1 0
v 0.0826942646 0.0109445963 0.186573556 0 1 0
v 0.0828212406 0.0109534207 0.184868508 0 1 0
v 0.082916956 0.0109568007 0.183161368 0 1 0
v 0.0829836556 0.0109603429 0.181452995 0 1 0
v 0.0830220195 0.0109624178 0.179743655 0 1 0
v 0.0829772056 0.0109631301 0.178034692 0 1 0
v 0.0829157209 0.0109643968 0.176325966 0 0.501961 1
v 0.0827331615 0.0109591905 0.174627361 0 0.501961 1
v 0.0825105166 0.0109517594 0.172932102 0 0.501961 1
v 0.082238233 0.0109518174 0.171244546 0 0.501961 1
v 0.0819104338 0.0109571233 0.169566437 0 0.501961 1
v 0.0815768952 0.0109612572 0.167889489 0 0.501961 1
v 0.081226791 0.0109325594 0.16621618 0 0.501961 1
v 0.080879755 0.0109037015 0.164542223 0 0.501961 1
v 0.0805463605 0.0109049276 0.162865264 0 0.501961 1
v 0.0802223971 0.0109204804 0.161186517 0 0.501961 1
v 0.0799266736 0.0109413951 0.159502582 1 0.784314 0
v 0.0796378632 0.0109551108 0.157817474 1 0.784314 0
v 0.0793692148 0.0109449551 0.156128908 1 0.784314 0
v 0.0791102613 0.0109369238 0.154438862 1 0.784314 0
v 0.0788665408 0.0109394441 0.152746508 1 0.784314 0
v 0.0786312543 0.010950176 0.151052983 1 0.784314 0
v 0.078408621 0.0109508306 0.149357758 1 0.784314 0
v 0.0781947347 0.0109419434 0.147661379 1 0.784314 0
v 0.0779917031 0.0109429857 0.145963695 1 0.784314 0
v 0.0777949506 0.0109522201 0.144265248 1 0.784314 0
v 0.0776012108 0.010954285 0.142566435 1 0.784314 0
v 0.0774094723 0.0109573899 0.140867393 1 0.784314 0
v 0.0772211098 0.0109651165 0.139167985 0.705882 0 1
v 0.0770298873 0.0109666276 0.137468883 0.705882 0 1
v 0.0768361482 0.0109665382 0.135770061 0.705882 0 1
v 0.0766543198 0.010966372 0.134069924 0.705882 0 1
v 0.0764698049 0.0109652404 0.132370082 0.705882 0 1
v 0.0762885048 0.0109626854 0.130669892 0.705882 0 1
v 0.0761137432 0.0109612418 0.128969048 0.705882 0 1
v 0.0759470367 0.0109605469 0.127267364 0.705882 0 1
v 0.0757862096 0.0109618815 0.125565124 0.705882 0 1
v 0.0756275807 0.0109639711 0.123862669 0.705882 0 1
v 0.0754741213 0.0109639541 0.122159744 0 0.862745 0.862745
v 0.0753201254 0.0109630826 0.12045686 0 0.862745 0.862745
v 0.0751721287 0.0109611218 0.118753447 0 0.862745 0.862745
v 0.0750250894 0.0109289517 0.117050293 0 0.862745 0.862745
v 0.0748705191 0.0109132536 0.115347545 0 0.862745 0.862745
v 0.0747228503 0.0109263152 0.113644151 0 0.862745 0.862745
v 0.0745760283 0.0109341768 0.111940654 0 0.862745 0.862745
v 0.0744274616 0.0109599273 0.110237495 0 0.862745 0.862745
v 0.0742790764 0.0109603653 0.108534123 0 0.862745 0.862745
v 0.0741285159 0.0109607757 0.106830935 0 0.862745 0.862745
v 0.0739752599 0.0109640959 0.105127988 1 0.470588 0
v 0.0738248159 0.0109651663 0.103424792 1 0.470588 0
v 0.0736748685 0.0109636507 0.101721547 1 0.470588 0
v 0.0735254498 0.0109640456 0.100018256 1 0.470588 0
v 0.073375433 0.0109634206 0.0983150203 1 0.470588 0
v 0.0732258326 0.0109548962 0.0966117665 1 0.470588 0
v 0.0730729782 0.0109453377 0.0949088076 1 0.470588 0
v 0.0729212869 0.0109434585 0.0932057227 1 0.470588 0
v 0.072770837 0.0109439333 0.0915025218 0.470588 1 0
v 0.0726198036 0.0109462751 0.0897993763 0.470588 1 0
v 0.0724680418 0.0109522616 0.0880963023 0.470588 1 0
v 0.0723169736 0.0109532109 0.086393164 0.470588 1 0
v 0.0721657479 0.0109533889 0.0846900318 0.470588 1 0
v 0.0720173361 0.0109566329 0.0829866594 0.470588 1 0
v 0.0718689466 0.0109596697 0.0812832811 0.470588 1 0
v 0.0717241168 0.0109538655 0.0795796179 0.470588 1 0
v 0.0715772175 0.010950719 0.0778761198 0.470588 1 0
v 0.0714270704 0.0109530606 0.0761728939 0.470588 1 0
v 0.0712813969 0.0109570431 0.0744692833 1 0 0.705882
v 0.0711356811 0.0109621184 0.072765681 1 0 0.705882
v 0.0709867867 0.0109487308 0.0710624429 1 0 0.705882
v 0.0708345868 0.0109335971 0.0693594647 1 0 0.705882
v 0.0706851446 0.0109316941 0.0676562066 1 0 0.705882
v 0.0705347064 0.0109404654 0.0659530282 1 0 0.705882
v 0.0703832228 0.0109336668 0.0642500172 1 0 0.705882
v 0.0702300351 0.010912332 0.0625472119 1 0 0.705882
v 0.0700694505 0.0109133734 0.0608450051 1 0 0.705882
v 0.0699050066 0.0109423468 0.0591433449 1 0 0.705882
v 0.0697375088 0.0109634513 0.0574419033 0.313725 0.313725 1
v 0.069565616 0.0109633724 0.0557407327 0.313725 0.313725 1
v 0.0693906451 0.0109650062 0.054039883 0.313725 0.313725 1
v 0.0692087199 0.0109646667 0.052339756 0.313725 0.313725 1
v 0.0690243092 0.0109619862 0.0506399034 0.313725 0.313725 1
v 0.0688336404 0.0109589889 0.0489407397 0.313725 0.313725 1
v 0.0686407249 0.0109481904 0.0472418759 0.313725 0.313725 1
v 0.0684464919 0.0109364242 0.0455431665 0.313725 0.313725 1
v 0.0682497214 0.010949617 0.0438447507 0.313725 0.313725 1
v 0.068051835 0.0109619528 0.0421464707 0.313725 0.313725 1
v 0.0678542533 0.0109594533 0.0404480939 0.705882 0.470588 0.156863
v 0.0676581252 0.0109604577 0.0387495488 0.705882 0.470588 0.156863
v 0.0674625916 0.0109561894 0.0370509511 0.705882 0.470588 0.156863
v 0.0672725765 0.0109203121 0.03535209 0.705882 0.470588 0.156863
v 0.067082462 0.0109043983 0.0336531097 0.705882 0.470588 0.156863
v 0.0668915721 0.0109393241 0.0319543285 0.705882 0.470588 0.156863
v 0.0667030988 0.0109551198 0.0302550611 0.705882 0.470588 0.156863
v 0.0665140299 0.0109533175 0.0285557258 0.705882 0.470588 0.156863
v 0.0663232842 0.0109508855 0.0268565675 0.705882 0.470588 0.156863
v 0.066124175 0.0109498863 0.0251583936 0.705882 0.470588 0.156863
v 0.0659250147 0.0109620068 0.0234602426 0.705882 0.470588 0.156863
v 0.0657201328 0.0109635438 0.0217627375 0.705882 0.470588 0.156863
v 0.065508938 0.0109662629 0.020066 0.705882 0.470588 0.156863
v 0.0518560369 0.00887014486 0.283033237 0.470588 1 0
v 0.0528206214 0.00885654414 0.28162211 0.470588 1 0
v 0.0537862873 0.00884809733 0.280211233 0.470588 1 0
v 0.0547318445 0.00884453202 0.278786818 0.470588 1 0
v 0.0556697297 0.00883858057 0.277357338 0.470588 1 0
v 0.0565840321 0.00883785044 0.275912644 0.470588 1 0
v 0.0574887108 0.00882971888 0.274461968 1 0 0.705882
v 0.0583742444 0.008836455 0.272999445 1 0 0.705882
v 0.0592484895 0.00886113184 0.271530666 1 0 0.705882
v 0.0601036199 0.00883920532 0.270050324 1 0 0.705882
v 0.0609491801 0.00883392256 0.268564723 1 0 0.705882
v 0.0617747266 0.00886400231 0.26706786 1 0 0.705882
v 0.0625641343 0.0088591791 0.265551428 1 0 0.705882
v 0.0633426571 0.00885679828 0.264029263 1 0 0.705882
v 0.064089033 0.00885336842 0.262491143 0.313725 0.313725 1
v 0.0648290549 0.00884928959 0.260949865 0.313725 0.313725 1
v 0.0655376697 0.00886131043 0.259393953 0.313725 0.313725 1
v 0.0662358135 0.00886833209 0.257833377 0.313725 0.313725 1
v 0.0669130894 0.00885888949 0.256263537 0.313725 0.313725 1
v 0.0675730921 0.00880696967 0.254687716 0.313725 0.313725 1
v 0.0682211472 0.00871378324 0.253108308 0.313725 0.313725 1
v 0.0688455264 0.0087775631 0.251519642 0.313725 0.313725 1
v 0.0694631815 0.00886520579 0.249928098 0.313725 0.313725 1
v 0.0700642864 0.00885561459 0.248327545 0.313725 0.313725 1
v 0.070655066 0.00885110861 0.246723186 0.313725 0.313725 1
v 0.0712291429 0.00886209276 0.245112761 0.313725 0.313725 1
v 0.0717753575 0.00886829311 0.243492711 0.705882 0.470588 0.156863
v 0.0723138968 0.00886917464 0.241870016 0.705882 0.470588 0.156863
v 0.0728202223 0.00886192681 0.240237012 0.705882 0.470588 0.156863
v 0.0733227224 0.00885192776 0.23860282 0.705882 0.470588 0.156863
v 0.0738115342 0.00885996544 0.236964473 0.705882 0.470588 0.156863
v 0.0742932093 0.008867392 0.23532402 0.705882 0.470588 0.156863
v 0.0747631086 0.00885607498 0.233680206 0.705882 0.470588 0.156863
v 0.0752298029 0.00883912609 0.232035496 0.705882 0.470588 0.156863
v 0.0756698707 0.00881706367 0.230383619 0.705882 0.470588 0.156863
v 0.0761054974 0.00877975577 0.228730735 0.705882 0.470588 0.156863
v 0.0765131103 0.00882459315 0.227071044 0.470588 0.470588 0.470588
v 0.0769096718 0.00885692912 0.225408459 0.470588 0.470588 0.470588
v 0.0772905242 0.00886394493 0.223741705 0.470588 0.470588 0.470588
v 0.0776551966 0.00885342 0.222071433 0.470588 0.470588 0.470588
v 0.0780135333 0.00883255075 0.220399802 0.470588 0.470588 0.470588
v 0.0783524749 0.00881164932 0.21872415 0.470588 0.470588 0.470588
v 0.078688473 0.00879053972 0.21704789 0.470588 0.470588 0.470588
v 0.0790093824 0.00879015432 0.215368546 0.470588 0.470588 0.470588
v 0.0793279302 0.00878268927 0.21368879 0.470588 0.470588 0.470588
v 0.079618002 0.00883544819 0.212004669 0.470588 0.470588 0.470588
v 0.0799023667 0.00886749192 0.210319287 1 0 0
v 0.0801666396 0.00885122349 0.208630185 1 0 0
v 0.0804179756 0.00884690498 0.206939096 1 0 0
v 0.0806579105 0.0088524194 0.205246291 1 0 0
v 0.0808868808 0.00884155964 0.203552036 1 0 0
v 0.0811123928 0.0088222036 0.201857351 1 0 0
v 0.0813294792 0.00880856639 0.200161527 1 0 0
v 0.0815420113 0.0088018951 0.19846507 1 0 0
v 0.0817455176 0.00881313441 0.196767617 1 0 0
v 0.0819416532 0.00884196853 0.195069416 1 0 0
v 0.0821251172 0.00885713651 0.193369666 0 1 0
v 0.0823007147 0.0088687472 0.191669019 0 1 0
v 0.0824591368 0.00885632849 0.189966749 0 1 0
v 0.0826130762 0.00884372061 0.188264024 0 1 0
v 0.0827513552 0.00885060507 0.186559911 0 1 0
v 0.0828761374 0.00886042587 0.184854814 0 1 0
v 0.0829782709 0.00885411915 0.18314817 0 1 0
v 0.0830542599 0.00884486331 0.181440353 0 1 0
v 0.0830838483 0.00884263424 0.179731026 0 1 0
v 0.0830683345 0.00883872393 0.178021589 0 1 0
v 0.082980845 0.00884082757 0.17631465 0 0.501961 1
v 0.0828333061 0.00885439897 0.174611348 0 0.501961 1
v 0.0826041676 0.00885278372 0.172917689 0 0.501961 1
v 0.0823065754 0.00885704617 0.171234059 0 0.501961 1
v 0.0819957532 0.00886154204 0.169552906 0 0.501961 1
v 0.0816451283 0.00886218288 0.167879511 0 0.501961 1
v 0.0812945633 0.00885957581 0.166206137 0 0.501961 1
v 0.0809554068 0.0088456195 0.164530461 0 0.501961 1
v 0.0806178303 0.00883465878 0.162854421 0 0.501961 1
v 0.080295357 0.00883480435 0.16117561 0 0.501961 1
v 0.0799943031 0.00885199782 0.159492678 1 0.784314 0
v 0.0796984247 0.00886478366 0.157808872 1 0.784314 0
v 0.0794333383 0.00885134542 0.156119867 1 0.784314 0
v 0.0791725318 0.00884793234 0.154430202 1 0.784314 0
v 0.0789330513 0.00885887922 0.152737359 1 0.784314 0
v 0.0786925044 0.00886977583 0.151044669 1 0.784314 0
v 0.0784737099 0.00886292819 0.149349016 1 0.784314 0
v 0.0782540882 0.00885538504 0.147653464 1 0.784314 0
v 0.0780503184 0.00885869349 0.145955951 1 0.784314 0
v 0.0778499931 0.00886682339 0.144258014 1 0.784314 0
v 0.0776592619 0.00886590013 0.142558953 0.705882 0 1
v 0.0774673405 0.00886509495 0.14086003 0.705882 0 1
v 0.0772759813 0.00886981007 0.139161046 0.705882 0 1
v 0.0770871822 0.00887126596 0.137461772 0.705882 0 1
v 0.0768971944 0.00887135761 0.135762628 0.705882 0 1
v 0.0767125131 0.00887021431 0.1340629 0.705882 0 1
v 0.0765270032 0.00886888255 0.132363266 0.705882 0 1
v 0.0763472731 0.00886549378 0.13066301 0.705882 0 1
v 0.0761729058 0.00886287423 0.128962214 0.705882 0 1
v 0.076006228 0.00886217832 0.127260625 0.705882 0 1
v 0.0758448361 0.00886372725 0.125558536 0 0.862745 0.862745
v 0.0756845928 0.00886673101 0.123856331 0 0.862745 0.862745
v 0.0755334517 0.00886625751 0.122153296 0 0.862745 0.862745
v 0.0753837747 0.00886522468 0.120450127 0 0.862745 0.862745
v 0.0752343992 0.00884488758 0.118747104 0 0.862745 0.862745
v 0.0750854937 0.00881616159 0.117044109 0 0.862745 0.862745
v 0.074937531 0.00880935528 0.115340895 0 0.862745 0.862745
v 0.074788294 0.00882676802 0.113637776 0 0.862745 0.862745
v 0.0746411482 0.00882657 0.111934446 0 0.862745 0.862745
v 0.0744929836 0.00885477115 0.110231378 0 0.862745 0.862745
v 0.0743434896 0.00886636517 0.108528242 1 0.470588 0
v 0.0741911459 0.008866463 0.106825311 1 0.470588 0
v 0.0740403614 0.00886726021 0.105122242 1 0.470588 0
v 0.073890743 0.00886627594 0.103419072 1 0.470588 0
v 0.0737452782 0.00886603974 0.101715538 1 0.470588 0
v 0.0735966785 0.00886234632 0.100012288 1 0.470588 0
v 0.0734440947 0.00885665094 0.0983093859 1 0.470588 0
v 0.073293914 0.00884868385 0.096606281 1 0.470588 0
v 0.0731415602 0.00884795301 0.0949033496 1 0.470588 0
v 0.0729946744 0.00885549311 0.0931999628 1 0.470588 0
v 0.0728447349 0.00885924788 0.0914968286 0.470588 1 0
v 0.0726916305 0.00885830004 0.0897939643 0.470588 1 0
v 0.0725410816 0.00885876839 0.0880908945 0.470588 1 0
v 0.0723899251 0.00884159291 0.0863879425 0.470588 1 0
v 0.0722407801 0.00884455265 0.0846847311 0.470588 1 0
v 0.0720911084 0.00883952721 0.0829815705 0.470588 1 0
v 0.071944188 0.00884625274 0.081278175 0.470588 1 0
v 0.0717958204 0.00886813333 0.079575094 0.470588 1 0
v 0.0716483632 0.0088699564 0.0778717321 0.470588 1 0
v 0.0714995075 0.00887125423 0.0761684943 0.470588 1 0
v 0.0713501094 0.0088708614 0.0744653017 1 0 0.705882
v 0.0711998097 0.00887030617 0.0727621873 1 0 0.705882
v 0.0710530812 0.00886884375 0.0710587623 1 0 0.705882
v 0.0709031586 0.00885921052 0.0693556573 1 0 0.705882
v 0.0707548361 0.00886263829 0.0676523855 1 0 0.705882
v 0.0706069746 0.00886827781 0.065949067 1 0 0.705882
v 0.0704521712 0.00885021931 0.0642465158 1 0 0.705882
v 0.0702945506 0.00882369212 0.06254427 1 0 0.705882
v 0.070139516 0.0088051423 0.0608416939 1 0 0.705882
v 0.0699782629 0.00881942239 0.059139759 1 0 0.705882
v 0.0698147575 0.00883984752 0.0574380008 0.313725 0.313725 1
v 0.0696480126 0.00884632964 0.0557364505 0.313725 0.313725 1
v 0.0694745745 0.00883482734 0.0540355805 0.313725 0.313725 1
v 0.0692952902 0.00883872191 0.0523352931 0.313725 0.313725 1
v 0.0691114206 0.0088263368 0.0506355492 0.313725 0.313725 1
v 0.0689216615 0.00884304866 0.0489364628 0.313725 0.313725 1
v 0.0687309792 0.00886101761 0.0472375035 0.313725 0.313725 1
v 0.0685362558 0.00886646056 0.0455389035 0.313725 0.313725 1
v 0.0683403602 0.00886726932 0.0438404364 0.313725 0.313725 1
v 0.0681436572 0.00886470291 0.0421420583 0.313725 0.313725 1
v 0.0679477231 0.00886487602 0.0404435888 0.705882 0.470588 0.156863
v 0.0677524907 0.00885534277 0.0387450668 0.705882 0.470588 0.156863
v 0.0675577071 0.00884565204 0.0370464933 0.705882 0.470588 0.156863
v 0.0673652618 0.00882426377 0.0353478157 0.705882 0.470588 0.156863
v 0.0671716411 0.00881759409 0.0336491021 0.705882 0.470588 0.156863
v 0.0669820352 0.0088404265 0.031950068 0.705882 0.470588 0.156863
v 0.0667910011 0.00883054028 0.0302512437 0.705882 0.470588 0.156863
v 0.0666004136 0.00882687635 0.0285521701 0.705882 0.470588 0.156863
v 0.066403328 0.00881901273 0.0268538615 0.705882 0.470588 0.156863
v 0.0662016239 0.00881148411 0.0251560843 0.705882 0.470588 0.156863
v 0.065997272 0.00882453217 0.0234587335 0.705882 0.470588 0.156863
v 0.0657853297 0.00885504404 0.0217624616 0.705882 0.470588 0.156863
v 0.0655737803 0.00887118906 0.020066 0.705882 0.470588 0.156863
v 0.0519228976 0.00677517499 0.283020213 0.470588 1 0
v 0.0528858294 0.00669826544 0.281610107 0.470588 1 0
v 0.0538426651 0.00673558705 0.280194023 0.470588 1 0
v 0.0547871029 0.00675521642 0.278769484 0.470588 1 0
v 0.055723698 0.0067376612 0.277339213 0.470588 1 0
v 0.0566389205 0.00671563393 0.275895267 0.470588 1 0
v 0.0575476813 0.00669066795 0.274447269 1 0 0.705882
v 0.058431431 0.00673507424 0.272984531 1 0 0.705882
v 0.0593034135 0.00675892505 0.271514416 1 0 0.705882
v 0.060157788 0.00674275481 0.270033541 1 0 0.705882
v 0.0609943001 0.00673570935 0.268542635 1 0 0.705882
v 0.0618151783 0.00674383705 0.267042867 1 0 0.705882
v 0.0626165482 0.00674716249 0.265532788 1 0 0.705882
v 0.0633913303 0.00676182782 0.264008739 1 0 0.705882
v 0.0641452168 0.00676318011 0.262474331 0.313725 0.313725 1
v 0.064882372 0.0067472594 0.260931752 0.313725 0.313725 1
v 0.0655918442 0.0067643731 0.259376299 0.313725 0.313725 1
v 0.0662889895 0.00677224313 0.257815293 0.313725 0.313725 1
v 0.0669633989 0.00675942365 0.256244232 0.313725 0.313725 1
v 0.0676242457 0.0066908202 0.254669595 0.313725 0.313725 1
v 0.068275555 0.0065793658 0.2530928 0.313725 0.313725 1
v 0.0688997088 0.00665148001 0.251507117 0.313725 0.313725 1
v 0.0695181614 0.00675400602 0.249916539 0.313725 0.313725 1
v 0.0701205626 0.0067434162 0.248316469 0.313725 0.313725 1
v 0.0707122247 0.0067168526 0.246713296 0.313725 0.313725 1
v 0.0712858386 0.00675851704 0.245103222 0.313725 0.313725 1
v 0.0718360825 0.00676656647 0.24348457 0.705882 0.470588 0.156863
v 0.072371086 0.00677175155 0.241860695 0.705882 0.470588 0.156863
v 0.0728784196 0.00676519529 0.240228018 0.705882 0.470588 0.156863
v 0.0733811748 0.00675669625 0.238593886 0.705882 0.470588 0.156863
v 0.0738678872 0.00675764164 0.236954945 0.705882 0.470588 0.156863
v 0.0743449384 0.0067645399 0.235313117 0.705882 0.470588 0.156863
v 0.0748201875 0.00676744139 0.233670785 0.705882 0.470588 0.156863
v 0.0752663255 0.00676620715 0.232020275 0.705882 0.470588 0.156863
v 0.0757124635 0.0067649729 0.230369765 0.705882 0.470588 0.156863
v 0.0761366187 0.00675616946 0.228713735 0.705882 0.470588 0.156863
v 0.0765493818 0.00677102968 0.22705463 0.470588 0.470588 0.470588
v 0.0769439387 0.00677088904 0.225391111 0.470588 0.470588 0.470588
v 0.0773290783 0.00676616142 0.223725317 0.470588 0.470588 0.470588
v 0.0776955455 0.00674271412 0.222055504 0.470588 0.470588 0.470588
v 0.0780529464 0.00671517528 0.220383765 0.470588 0.470588 0.470588
v 0.0783937248 0.0067022823 0.218708376 0.470588 0.470588 0.470588
v 0.0787310184 0.00668991626 0.217032302 0.470588 0.470588 0.470588
v 0.0790494199 0.00669560285 0.215352479 0.470588 0.470588 0.470588
v 0.079362244 0.00670637452 0.213671684 0.470588 0.470588 0.470588
v 0.0796528903 0.00673797271 0.211987137 0.470588 0.470588 0.470588
v 0.0799378607 0.00677142357 0.21030181 1 0 0
v 0.0802032822 0.00675697573 0.208612888 1 0 0
v 0.0804579758 0.00675922651 0.206922249 1 0 0
v 0.0806950581 0.0067658758 0.205229043 1 0 0
v 0.0809253544 0.00676491347 0.203534891 1 0 0
v 0.0811487366 0.00675281325 0.20183986 1 0 0
v 0.0813663385 0.00675113653 0.200144021 1 0 0
v 0.081577739 0.00674796291 0.198447409 1 0 0
v 0.0817800589 0.00675256315 0.196749684 1 0 0
v 0.0819805429 0.00676435899 0.195051814 1 0 0
v 0.082160446 0.00677263258 0.193351617 0 1 0
v 0.0823373333 0.00677060485 0.191651049 0 1 0
v 0.0825016893 0.00676450497 0.189949252 0 1 0
v 0.0826567675 0.00676228332 0.188246587 0 1 0
v 0.0827959685 0.00676702121 0.186542525 0 1 0
v 0.0829263902 0.00676205941 0.184837812 0 1 0
v 0.0830252209 0.00674320359 0.183131031 0 1 0
v 0.0831193321 0.00672806124 0.181424002 0 1 0
v 0.0831333232 0.00672854177 0.179714484 0 1 0
v 0.0831369157 0.00672825883 0.178004743 0 1 0
v 0.0830474239 0.00672978574 0.176298083 0 0.501961 1
v 0.0829064412 0.00674602827 0.174594239 0 0.501961 1
v 0.0826872837 0.00675673972 0.172899114 0 0.501961 1
v 0.0823917488 0.00676084511 0.171215111 0 0.501961 1
v 0.0820602286 0.00676327279 0.169537983 0 0.501961 1
v 0.0817109115 0.00676430878 0.167864306 0 0.501961 1
v 0.081356904 0.00671276879 0.166193034 0 0.501961 1
v 0.0810055116 0.00664220339 0.164521601 0 0.501961 1
v 0.0806697614 0.00665073806 0.162845646 0 0.501961 1
v 0.0803411583 0.00670954094 0.161168824 0 0.501961 1
v 0.0800458985 0.00673768944 0.159485003 1 0.784314 0
v 0.0797522959 0.0067715982 0.157801009 1 0.784314 0
v 0.0794896235 0.00677318003 0.156111564 1 0.784314 0
v 0.0792232673 0.0067669238 0.154422713 1 0.784314 0
v 0.0789823403 0.00677382388 0.15273005 1 0.784314 0
v 0.078739592 0.00677562298 0.151037627 1 0.784314 0
v 0.078521793 0.00677462961 0.149341819 1 0.784314 0
v 0.0783036924 0.00677073304 0.147646051 1 0.784314 0
v 0.0781018731 0.00677459101 0.145948275 1 0.784314 0
v 0.0778996335 0.00677529285 0.144250539 1 0.784314 0
v 0.0777074649 0.00677387008 0.14255163 0.705882 0 1
v 0.0775155867 0.00677332468 0.140852692 0.705882 0 1
v 0.0773250544 0.00677535068 0.1391536 0.705882 0 1
v 0.0771360518 0.00677574372 0.137454336 0.705882 0 1
v 0.0769451592 0.00677579845 0.135755283 0.705882 0 1
v 0.0767607265 0.0067743649 0.134055517 0.705882 0 1
v 0.0765756698 0.00677141884 0.132355825 0.705882 0 1
v 0.0763975258 0.00676616583 0.130655396 0.705882 0 1
v 0.0762234277 0.00676361255 0.128954562 0.705882 0 1
v 0.0760537607 0.0067629939 0.127253257 0.705882 0 1
v 0.0758934482 0.00676546119 0.12555106 0 0.862745 0.862745
v 0.0757372468 0.00676928464 0.12384847 0 0.862745 0.862745
v 0.0755833623 0.00676803685 0.122145668 0 0.862745 0.862745
v 0.0754298359 0.0067661198 0.120442831 0 0.862745 0.862745
v 0.075282046 0.00677017653 0.118739492 0 0.862745 0.862745
v 0.0751339334 0.00675821626 0.117036291 0 0.862745 0.862745
v 0.0749872724 0.00675854807 0.115332849 0 0.862745 0.862745
v 0.0748405965 0.00675669287 0.113629424 0 0.862745 0.862745
v 0.074693266 0.00672524866 0.111926341 0 0.862745 0.862745
v 0.0745444738 0.00674624459 0.110224612 0 0.862745 0.862745
v 0.07439346 0.00676456169 0.108521648 1 0.470588 0
v 0.0742444311 0.00672614678 0.106819544 1 0.470588 0
v 0.0740951258 0.0067488952 0.105116484 1 0.470588 0
v 0.0739452666 0.00676527343 0.103413426 1 0.470588 0
v 0.0737936343 0.00677018884 0.101710426 1 0.470588 0
v 0.0736437153 0.00676982048 0.100007283 1 0.470588 0
v 0.0734969314 0.00674573362 0.0983042055 1 0.470588 0
v 0.0733503384 0.00672593973 0.0966014865 1 0.470588 0
v 0.0732033566 0.00675081492 0.0948982535 1 0.470588 0
v 0.0730521422 0.00676373907 0.0931952699 1 0.470588 0
v 0.0729002902 0.00677210417 0.0914923078 0.470588 1 0
v 0.0727492069 0.00676282392 0.0897893241 0.470588 1 0
v 0.0725985298 0.00674056627 0.0880863879 0.470588 1 0
v 0.0724494536 0.00672556347 0.0863832271 0.470588 1 0
v 0.0722994208 0.00673258533 0.0846801752 0.470588 1 0
v 0.0721518763 0.00672128536 0.0829768467 0.470588 1 0
v 0.0720031516 0.00672907316 0.0812737343 0.470588 1 0
v 0.0718542772 0.00676330493 0.0795708281 0.470588 1 0
v 0.0717034199 0.00677487024 0.0778678592 0.470588 1 0
v 0.0715499235 0.00677517843 0.0761650212 0.470588 1 0
v 0.0714044937 0.00677550062 0.0744614734 0.470588 1 0
v 0.0712575183 0.00677252197 0.0727580901 0.470588 1 0
v 0.0711067018 0.00676120044 0.0710550534 1 0 0.705882
v 0.0709557104 0.0067587757 0.0693520551 1 0 0.705882
v 0.0708042853 0.00677368044 0.0676491338 1 0 0.705882
v 0.07065214 0.00677384598 0.0659461783 1 0 0.705882
v 0.0705023474 0.00675652854 0.0642430966 1 0 0.705882
v 0.0703493303 0.00673541787 0.0625403548 1 0 0.705882
v 0.0701951782 0.00671959323 0.0608376554 1 0 0.705882
v 0.0700397012 0.0066913591 0.0591352795 1 0 0.705882
v 0.0698794153 0.00669597187 0.0574332473 1 0 0.705882
v 0.0697136621 0.00670410181 0.0557315836 1 0 0.705882
v 0.0695441864 0.00669358533 0.0540302933 0.313725 0.313725 1
v 0.0693663324 0.00670338604 0.0523303844 0.313725 0.313725 1
v 0.0691863905 0.00666252223 0.0506306267 0.313725 0.313725 1
v 0.0690002337 0.00665941076 0.0489313442 0.313725 0.313725 1
v 0.0688094474 0.00668614448 0.0472324885 0.313725 0.313725 1
v 0.0686170982 0.00670442887 0.04553373 0.313725 0.313725 1
v 0.0684240072 0.00672718982 0.0438350822 0.313725 0.313725 1
v 0.0682283431 0.00675942608 0.0421369158 0.313725 0.313725 1
v 0.0680364738 0.00674724945 0.0404380163 0.313725 0.313725 1
v 0.0678405724 0.00673714426 0.0387395635 0.313725 0.313725 1
v 0.0676440196 0.00673729232 0.0370411616 0.705882 0.470588 0.156863
v 0.067449792 0.00674022452 0.0353424907 0.705882 0.470588 0.156863
v 0.0672583376 0.00674368004 0.0336435041 0.705882 0.470588 0.156863
v 0.0670667193 0.00670655422 0.0319452043 0.705882 0.470588 0.156863
v 0.0668742926 0.00666862898 0.0302467465 0.705882 0.470588 0.156863
v 0.0666776483 0.00669670972 0.0285488252 0.705882 0.470588 0.156863
v 0.066476498 0.00673734543 0.0268516271 0.705882 0.470588 0.156863
v 0.0662714516 0.00672986012 0.0251542703 0.705882 0.470588 0.156863
v 0.0660581425 0.00674037004 0.0234579423 0.705882 0.470588 0.156863
v 0.0658466572 0.00676657053 0.0217615306 0.705882 0.470588 0.156863
v 0.0656270814 0.00677581438 0.020066 0.705882 0.470588 0.156863
v 0.0519784885 0.00467987078 0.28300939 0.470588 1 0
v 0.0529398846 0.00460863875 0.28159731 0.470588 1 0
v 0.0538927952 0.00464337525 0.280178189 0.470588 1 0
v 0.0548400208 0.00467346725 0.278755105 0.470588 1 0
v 0.0557723105 0.00465429268 0.277321649 0.470588 1 0
v 0.0566939542 0.00462937245 0.275881495 0.470588 1 0
v 0.05759725 0.00458785741 0.274430056 1 0 0.705882
v 0.0584860926 0.00460506506 0.272969959 1 0 0.705882
v 0.0593592601 0.0046206639 0.271499699 1 0 0.705882
v 0.06020941 0.00459886041 0.270016109 1 0 0.705882
v 0.0610476357 0.00458231219 0.268525681 1 0 0.705882
v 0.0618649157 0.00459371177 0.267023611 1 0 0.705882
v 0.062662329 0.00460264885 0.265510914 1 0 0.705882
v 0.0634378699 0.00462907488 0.263987044 1 0 0.705882
v 0.0641938713 0.00463546565 0.262453254 0.313725 0.313725 1
v 0.0649325676 0.00463269571 0.260910963 0.313725 0.313725 1
v 0.0656373066 0.00465847975 0.259353165 0.313725 0.313725 1
v 0.066328968 0.0046651449 0.257789328 0.313725 0.313725 1
v 0.0670102989 0.00465626995 0.256220873 0.313725 0.313725 1
v 0.0676728857 0.00453834185 0.254651426 0.313725 0.313725 1
v 0.0683234527 0.00434424325 0.253081894 0.313725 0.313725 1
v 0.0689476809 0.00446142462 0.251498701 0.313725 0.313725 1
v 0.0695663357 0.00464070901 0.249914756 0.313725 0.313725 1
v 0.0701650674 0.00458714802 0.248314276 0.313725 0.313725 1
v 0.0707605797 0.00452844186 0.246712524 0.313725 0.313725 1
v 0.0713270281 0.00462580297 0.245101986 0.313725 0.313725 1
v 0.071878126 0.00466645782 0.243484362 0.705882 0.470588 0.156863
v 0.0724202467 0.00467166277 0.241862506 0.705882 0.470588 0.156863
v 0.0729286937 0.00467168314 0.240229876 0.705882 0.470588 0.156863
v 0.0734270983 0.00466953329 0.238594049 0.705882 0.470588 0.156863
v 0.0739156953 0.00467117175 0.236955273 0.705882 0.470588 0.156863
v 0.0743969956 0.00467563767 0.235314345 0.705882 0.470588 0.156863
v 0.0748549472 0.004658686 0.233666833 0.705882 0.470588 0.156863
v 0.0753043413 0.00465573037 0.232016913 0.705882 0.470588 0.156863
v 0.0757434834 0.00463167379 0.230364758 0.705882 0.470588 0.156863
v 0.0761623822 0.0046462009 0.228708782 0.705882 0.470588 0.156863
v 0.0765735292 0.0046793736 0.227049772 0.470588 0.470588 0.470588
v 0.0769704924 0.00466403875 0.225386535 0.470588 0.470588 0.470588
v 0.0773592788 0.00464596706 0.223721372 0.470588 0.470588 0.470588
v 0.0777232266 0.00462695561 0.222050596 0.470588 0.470588 0.470588
v 0.0780828489 0.00461514414 0.220378834 0.470588 0.470588 0.470588
v 0.0784242671 0.00461363289 0.218703196 0.470588 0.470588 0.470588
v 0.0787579403 0.00461423717 0.217026018 0.470588 0.470588 0.470588
v 0.0790796109 0.00461942323 0.215346482 0.470588 0.470588 0.470588
v 0.0793884652 0.00463351864 0.213664675 0.470588 0.470588 0.470588
v 0.0796802812 0.00465829842 0.211979875 0.470588 0.470588 0.470588
v 0.0799674144 0.00466310015 0.210294277 1 0 0
v 0.0802288288 0.0046575664 0.208604387 1 0 0
v 0.0804883451 0.00465906702 0.206914124 1 0 0
v 0.0807262867 0.0046342051 0.205221035 1 0 0
v 0.0809572856 0.00462738039 0.203526652 1 0 0
v 0.0811795927 0.00457533887 0.201832181 1 0 0
v 0.0813971249 0.00456053028 0.200136067 1 0 0
v 0.0816082715 0.00457566818 0.198439223 1 0 0
v 0.0818106047 0.00456425829 0.196741203 1 0 0
v 0.082007672 0.00458488142 0.19504292 1 0 0
v 0.0821910736 0.00461869395 0.193343103 0 1 0
v 0.0823688857 0.00464348306 0.191642482 0 1 0
v 0.0825334276 0.0046671023 0.189940567 0 1 0
v 0.0826897343 0.00467678414 0.188237691 0 1 0
v 0.0828303931 0.00467524481 0.186533479 0 1 0
v 0.0829584954 0.00466569618 0.18482824 0 1 0
v 0.0830691751 0.00465422927 0.183121926 0 1 0
v 0.0831383006 0.00465875772 0.181413259 0 1 0
v 0.0831955102 0.00466241128 0.179704337 0 1 0
v 0.0831685317 0.00465650119 0.177994777 0 1 0
v 0.0831104548 0.00464486706 0.176285733 0 1 0
v 0.0829749959 0.0046463106 0.174582903 0 1 0
v 0.0827364547 0.0046556838 0.172889578 0 0.501961 1
v 0.0824685464 0.00466447219 0.171201283 0 0.501961 1
v 0.0821213308 0.00466705346 0.169526834 0 0.501961 1
v 0.0817694614 0.00466864707 0.16785338 0 0.501961 1
v 0.0814093661 0.00459829427 0.166183287 0 0.501961 1
v 0.0810512519 0.00453465006 0.164512769 0 0.501961 1
v 0.0807144184 0.00457481833 0.162836724 0 0.501961 1
v 0.0803880897 0.00461561988 0.161158627 0 0.501961 1
v 0.0800912679 0.00462309246 0.159474731 0 0.501961 1
v 0.0797994413 0.00465916319 0.157790142 0 0.501961 1
v 0.0795305168 0.0046691153 0.156101481 1 0.784314 0
v 0.0792655876 0.00467695709 0.154412075 1 0.784314 0
v 0.0790243372 0.00467867125 0.152719127 1 0.784314 0
v 0.0787843944 0.00467995302 0.151025975 1 0.784314 0
v 0.0785627089 0.00467929278 0.149330344 1 0.784314 0
v 0.0783409796 0.00467867849 0.147634714 1 0.784314 0
v 0.0781416195 0.00467864788 0.145936303 1 0.784314 0
v 0.0779416988 0.00467893533 0.144237966 1 0.784314 0
v 0.0777470628 0.00467860966 0.14253901 1 0.784314 0
v 0.0775548454 0.00467888467 0.140839782 1 0.784314 0
v 0.0773649102 0.00467972776 0.139140294 0.705882 0 1
v 0.077175501 0.00468005651 0.137440747 0.705882 0 1
v 0.0769827451 0.00467987291 0.135741576 0.705882 0 1
v 0.0767997177 0.00467721963 0.13404133 0.705882 0 1
v 0.0766154907 0.0046741527 0.13234122 0.705882 0 1
v 0.076434321 0.00466880046 0.130640783 0.705882 0 1
v 0.0762601741 0.0046652785 0.128939629 0.705882 0 1
v 0.076095111 0.00466385525 0.127237543 0.705882 0 1
v 0.0759336153 0.00466578858 0.125535121 0 0.862745 0.862745
v 0.0757738737 0.00466907864 0.123832531 0 0.862745 0.862745
v 0.0756234183 0.00466821152 0.122129096 0 0.862745 0.862745
v 0.075473424 0.00466716215 0.12042562 0 0.862745 0.862745
v 0.0753228833 0.0046698009 0.118722191 0 0.862745 0.862745
v 0.0751769478 0.00451724296 0.117029905 0 0.862745 0.862745
v 0.0750314669 0.00438421098 0.11533436 0 0.862745 0.862745
v 0.0748834347 0.0044267487 0.113631419 0 0.862745 0.862745
v 0.0747355946 0.00444344491 0.111928334 1 0.470588 0
v 0.0745858842 0.00457496158 0.110229913 1 0.470588 0
v 0.0744362663 0.00467117594 0.108530608 1 0.470588 0
v 0.0742869845 0.00459739561 0.106828671 1 0.470588 0
v 0.0741374102 0.00459242291 0.105126351 1 0.470588 0
v 0.0739849552 0.00466371827 0.103424725 1 0.470588 0
v 0.0738373062 0.00467228199 0.101721062 1 0.470588 0
v 0.0736886604 0.00467061743 0.100017607 1 0.470588 0
v 0.0735415718 0.00460746244 0.0983150448 1 0.470588 0
v 0.0733942387 0.0045636963 0.0966120971 1 0.470588 0
v 0.0732411853 0.00460034015 0.0949092836 0.470588 1 0
v 0.0730920615 0.00463063453 0.0932060034 0.470588 1 0
v 0.0729423987 0.00464980557 0.0915026164 0.470588 1 0
v 0.0727929359 0.00463309365 0.0897992243 0.470588 1 0
v 0.0726430548 0.00461739575 0.0880958749 0.470588 1 0
v 0.0724934651 0.00464168865 0.0863925342 0.470588 1 0
v 0.0723413663 0.00466371258 0.0846893834 0.470588 1 0
v 0.0721918691 0.00465795449 0.0829858895 0.470588 1 0
v 0.0720418133 0.0046514669 0.0812824274 0.470588 1 0
v 0.0718926772 0.00466816775 0.0795790606 0.470588 1 0
v 0.0717448399 0.00467249783 0.0778753977 0.470588 1 0
v 0.0715917332 0.00467930348 0.0761722105 0.470588 1 0
v 0.0714422335 0.0046793788 0.0744686892 1 0 0.705882
v 0.0712906897 0.00467500154 0.0727653901 1 0 0.705882
v 0.0711451443 0.00464435808 0.0710617999 1 0 0.705882
v 0.0709959909 0.00464592481 0.0693583579 1 0 0.705882
v 0.0708471222 0.0046658828 0.0676548962 1 0 0.705882
v 0.0706959799 0.00467423195 0.0659516331 1 0 0.705882
v 0.0705420857 0.00466301547 0.0642485381 1 0 0.705882
v 0.0703882423 0.00465090192 0.0625454666 1 0 0.705882
v 0.0702391121 0.00455560768 0.0608445783 1 0 0.705882
v 0.0700827846 0.00451047926 0.0591423479 1 0 0.705882
v 0.0699249272 0.00452250149 0.0574397838 1 0 0.705882
v 0.0697625227 0.00457051538 0.0557382522 1 0 0.705882
v 0.0695921606 0.00462456242 0.0540375534 0.313725 0.313725 1
v 0.0694164036 0.00466602171 0.0523371726 0.313725 0.313725 1
v 0.0692355605 0.00463189523 0.0506370401 0.313725 0.313725 1
v 0.0690536279 0.0046056269 0.0489369233 0.313725 0.313725 1
v 0.0688668608 0.00461249662 0.047237096 0.313725 0.313725 1
v 0.068677992 0.00460559683 0.0455375032 0.313725 0.313725 1
v 0.0684922993 0.00461915819 0.0438376009 0.313725 0.313725 1
v 0.0683012906 0.00464412919 0.0421384558 0.313725 0.313725 1
v 0.0681071218 0.00464200176 0.040439483 0.313725 0.313725 1
v 0.0679112376 0.00464488961 0.0387406732 0.313725 0.313725 1
v 0.0677204263 0.0046412113 0.0370412853 0.705882 0.470588 0.156863
v 0.0675277078 0.00464367995 0.0353421321 0.705882 0.470588 0.156863
v 0.06732884 0.00465978207 0.0336437404 0.705882 0.470588 0.156863
v 0.0671351037 0.00463908785 0.0319452126 0.705882 0.470588 0.156863
v 0.0669380502 0.00460725496 0.03024693 0.705882 0.470588 0.156863
v 0.0667388226 0.0046253689 0.0285488845 0.705882 0.470588 0.156863
v 0.0665394746 0.00466040383 0.0268509138 0.705882 0.470588 0.156863
v 0.0663291071 0.00466657037 0.0251538496 0.705882 0.470588 0.156863
v 0.066114368 0.00467298223 0.0234573354 0.705882 0.470588 0.156863
v 0.0658934391 0.00467584954 0.0217616005 0.705882 0.470588 0.156863
v 0.0656714894 0.00468020786 0.020066 0.705882 0.470588 0.156863
v 0.0520228056 0.00258429632 0.282998281 1 0 0
v 0.0529838798 0.00256780322 0.281584235 1 0 0
v 0.0539353891 0.00255986644 0.280164055 1 0 0
v 0.0548796581 0.00254820522 0.278738681 1 0 0
v 0.0558129395 0.00253685088 0.277306123 1 0 0
v 0.0567371012 0.00254490424 0.275867737 1 0 0
v 0.0576407701 0.0025001445 0.274416926 0 1 0
v 0.0585293716 0.00250580995 0.272956222 0 1 0
v 0.05940218 0.00251161931 0.271485971 0 1 0
v 0.0602508767 0.00249902429 0.270001819 0 1 0
v 0.061089781 0.00247452605 0.268512155 0 1 0
v 0.0618964672 0.00246635913 0.267004665 0 1 0
v 0.0626973582 0.00245272476 0.265494082 0 1 0
v 0.0634665667 0.00244749098 0.263967183 0 1 0
v 0.0642286478 0.00245575378 0.262436616 0 0.501961 1
v 0.0649521125 0.00249499052 0.26088814 0 0.501961 1
v 0.0656679622 0.00254734183 0.259336273 0 0.501961 1
v 0.0663582271 0.00255928792 0.257772251 0 0.501961 1
v 0.0670345117 0.00256530899 0.256201877 0 0.501961 1
v 0.067701363 0.00247304652 0.254634704 0 0.501961 1
v 0.0683513598 0.00232074253 0.253065071 0 0.501961 1
v 0.068983686 0.0024147393 0.251482355 0 0.501961 1
v 0.0695965796 0.00254624435 0.249895003 0 0.501961 1
v 0.0702064589 0.00254846636 0.248297657 0 0.501961 1
v 0.0707927628 0.00253107519 0.246692461 0 0.501961 1
v 0.0713642375 0.00256246718 0.24508132 0 0.501961 1
v 0.0719145578 0.00257068823 0.243462569 1 0.784314 0
v 0.0724524539 0.0025798956 0.241839592 1 0.784314 0
v 0.0729648087 0.00258215643 0.24020838 1 0.784314 0
v 0.0734720733 0.00258302671 0.238575545 1 0.784314 0
v 0.0739541133 0.00258100593 0.236935089 1 0.784314 0
v 0.0744295964 0.00257468949 0.235292775 1 0.784314 0
v 0.0748892407 0.00255299169 0.233646042 1 0.784314 0
v 0.0753408092 0.00253602871 0.23199716 1 0.784314 0
v 0.0757700688 0.00246851555 0.230343482 1 0.784314 0
v 0.0761930984 0.00243094804 0.228688003 1 0.784314 0
v 0.0766000308 0.00255593982 0.227032027 0.705882 0 1
v 0.0769937489 0.00256797918 0.225368722 0.705882 0 1
v 0.0773795023 0.00255163183 0.223703115 0.705882 0 1
v 0.0777482716 0.0025480842 0.222033543 0.705882 0 1
v 0.078104881 0.00253965826 0.220361388 0.705882 0 1
v 0.0784503345 0.00253833318 0.218686834 0.705882 0 1
v 0.0787827984 0.00254153588 0.217009693 0.705882 0 1
v 0.0791019295 0.00254823774 0.215329936 0.705882 0 1
v 0.0794123195 0.00254406634 0.213648573 0.705882 0 1
v 0.0797093039 0.00255007283 0.211964828 0.705882 0 1
v 0.0799883299 0.00253435213 0.210278262 0 0.862745 0.862745
v 0.080258521 0.00249614962 0.208590361 0 0.862745 0.862745
v 0.0805096019 0.00246658195 0.206899547 0 0.862745 0.862745
v 0.0807522894 0.00241612407 0.205207794 0 0.862745 0.862745
v 0.0809830546 0.00235529775 0.203514845 0 0.862745 0.862745
v 0.0812052594 0.0023083947 0.201820177 0 0.862745 0.862745
v 0.0814212669 0.0022960879 0.200124386 0 0.862745 0.862745
v 0.0816316953 0.00231476551 0.19842767 0 0.862745 0.862745
v 0.0818363357 0.00233121287 0.196730255 0 0.862745 0.862745
v 0.0820296535 0.00235961371 0.195031682 0 0.862745 0.862745
v 0.0822197857 0.0024043306 0.193333089 1 0.470588 0
v 0.0823909736 0.00244720131 0.191632405 1 0.470588 0
v 0.0825604822 0.00248725632 0.18993151 1 0.470588 0
v 0.0827116119 0.00251090175 0.18822857 1 0.470588 0
v 0.0828564975 0.00253686972 0.186525147 1 0.470588 0
v 0.0829824666 0.00253541629 0.18482002 1 0.470588 0
v 0.0830977912 0.00255668037 0.183114237 1 0.470588 0
v 0.0831652261 0.0025660699 0.181405776 1 0.470588 0
v 0.0832210859 0.00257959443 0.17969698 1 0.470588 0
v 0.0831930134 0.00257264173 0.177987836 1 0.470588 0
v 0.0831343057 0.00255781366 0.176279092 1 0.470588 0
v 0.0830009044 0.00255238781 0.174575277 1 0.470588 0
v 0.0827899104 0.00255796157 0.17287889 0.470588 1 0
v 0.0824975141 0.00257069795 0.171194629 0.470588 1 0
v 0.082173961 0.00258073453 0.16951583 0.470588 1 0
v 0.0818110633 0.00257997634 0.167844989 0.470588 1 0
v 0.0814447576 0.00257201361 0.166175024 0.470588 1 0
v 0.0810920292 0.00256899275 0.16450287 0.470588 1 0
v 0.0807398835 0.00258418964 0.162829862 0.470588 1 0
v 0.0804239218 0.00256918571 0.161149591 0.470588 1 0
v 0.0801194946 0.0025648805 0.159467323 0.470588 1 0
v 0.0798307665 0.00257270142 0.157782091 0.470588 1 0
v 0.0795616845 0.00257760537 0.156093651 1 0 0.705882
v 0.0793028601 0.00258253998 0.154403545 1 0 0.705882
v 0.079054774 0.00258407461 0.152711847 1 0 0.705882
v 0.0788087758 0.00258400947 0.151019819 1 0 0.705882
v 0.0785912982 0.00258416041 0.149323901 1 0 0.705882
v 0.0783748352 0.0025840976 0.147627851 1 0 0.705882
v 0.0781701591 0.00258380153 0.145930332 1 0 0.705882
v 0.0779685399 0.00258362985 0.14423246 1 0 0.705882
v 0.077778736 0.00258397267 0.142533211 1 0 0.705882
v 0.0775865967 0.00258424275 0.14083423 1 0 0.705882
v 0.0773918853 0.00258418542 0.139135536 0.313725 0.313725 1
v 0.0772034287 0.0025840139 0.13743614 0.313725 0.313725 1
v 0.0770137148 0.00258376249 0.135736884 0.313725 0.313725 1
v 0.0768267213 0.00258174128 0.134037328 0.313725 0.313725 1
v 0.0766402687 0.00257896871 0.132337721 0.313725 0.313725 1
v 0.0764643874 0.00257223328 0.130636988 0.313725 0.313725 1
v 0.0762911365 0.00256884975 0.128935985 0.313725 0.313725 1
v 0.0761220005 0.00257008298 0.127234555 0.313725 0.313725 1
v 0.0759619357 0.0025706719 0.125532262 0.313725 0.313725 1
v 0.075805524 0.00257187921 0.123829619 0.313725 0.313725 1
v 0.0756538956 0.00256540057 0.122126568 0.705882 0.470588 0.156863
v 0.0755008609 0.00256315534 0.12042362 0.705882 0.470588 0.156863
v 0.0753531652 0.00256631002 0.1187202 0.705882 0.470588 0.156863
v 0.0752054594 0.00240891559 0.117027365 0.705882 0.470588 0.156863
v 0.0750569853 0.00230972672 0.115329917 0.705882 0.470588 0.156863
v 0.0749072508 0.00236847159 0.113628124 0.705882 0.470588 0.156863
v 0.0747587553 0.00241930954 0.111925754 0.705882 0.470588 0.156863
v 0.0746096747 0.00249473166 0.110225204 0.705882 0.470588 0.156863
v 0.0744605275 0.0025529822 0.108524968 0.470588 0.470588 0.470588
v 0.0743133484 0.00252636409 0.106821753 0.470588 0.470588 0.470588
v 0.0741651865 0.00254056954 0.105119028 0.470588 0.470588 0.470588
v 0.0740138031 0.00256714311 0.103416165 0.470588 0.470588 0.470588
v 0.0738623602 0.0025655467 0.101713111 0.470588 0.470588 0.470588
v 0.0737117527 0.00256277177 0.100009979 0.470588 0.470588 0.470588
v 0.0735658161 0.00254322085 0.0983065781 0.470588 0.470588 0.470588
v 0.0734185537 0.00251126686 0.0966035758 0.470588 0.470588 0.470588
v 0.0732685331 0.00250044925 0.094900393 0.470588 0.470588 0.470588
v 0.0731194134 0.00249863189 0.0931971125 0.470588 0.470588 0.470588
v 0.0729707435 0.00249384295 0.0914937784 1 0 0
v 0.072820024 0.00249901831 0.0897906641 1 0 0
v 0.072666701 0.00251685032 0.0880878291 1 0 0
v 0.0725156864 0.00253852207 0.0863848374 1 0 0
v 0.0723640371 0.00255639063 0.0846818562 1 0 0
v 0.0722141529 0.00256366768 0.0829786627 1 0 0
v 0.072066021 0.00256326251 0.0812752799 1 0 0
v 0.0719144754 0.00257289934 0.0795722274 1 0 0
v 0.0717652509 0.00257748673 0.0778689426 1 0 0
v 0.0716124442 0.00258394714 0.0761659833 1 0 0
v 0.0714645387 0.00258386144 0.0744625766 0 1 0
v 0.0713134041 0.00258339409 0.0727594548 0 1 0
v 0.071167231 0.00257895454 0.0710559094 0 1 0
v 0.0710173446 0.00257452133 0.0693527563 0 1 0
v 0.0708657719 0.00258151573 0.067649705 0 1 0
v 0.0707149257 0.00258255508 0.0659465588 0 1 0
v 0.0705683272 0.00258096313 0.0642430391 0 1 0
v 0.070417849 0.00255741449 0.0625403744 0 1 0
v 0.0702673883 0.00246874264 0.0608395384 0 1 0
v 0.0701128651 0.00240310181 0.059138068 0 1 0
v 0.0699535607 0.0024210428 0.0574358494 0 1 0
v 0.0697899929 0.00247496913 0.0557348097 0 1 0
v 0.0696209941 0.00253141359 0.054034327 0 0.501961 1
v 0.0694455421 0.0025592352 0.0523337637 0 0.501961 1
v 0.0692693778 0.00255777157 0.0506331511 0 0.501961 1
v 0.0690911355 0.0025524101 0.0489327051 0 0.501961 1
v 0.0689097259 0.00255222014 0.047232556 0 0.501961 1
v 0.0687245294 0.00254619723 0.0455328144 0 0.501961 1
v 0.0685357811 0.00255253329 0.0438334824 0 0.501961 1
v 0.0683434798 0.00255938924 0.042134528 0 0.501961 1
v 0.0681562168 0.00256141999 0.0404350017 0 0.501961 1
v 0.0679695827 0.00256221167 0.038735403 0 0.501961 1
v 0.0677732073 0.00256451742 0.0370369084 1 0.784314 0
v 0.0675752002 0.0025678984 0.0353386046 1 0.784314 0
v 0.0673835902 0.00258100329 0.0336396106 1 0.784314 0
v 0.067183398 0.0025822274 0.0319415593 1 0.784314 0
v 0.0669897081 0.00258318505 0.0302427491 1 0.784314 0
v 0.066790611 0.00258006341 0.0285447573 1 0.784314 0
v 0.0665866328 0.0025838192 0.0268471649 1 0.784314 0
v 0.0663759769 0.00258406433 0.0251503799 1 0.784314 0
v 0.0661506565 0.00258230182 0.0234554767 1 0.784314 0
v 0.065929535 0.00258431641 0.0217600233 1 0.784314 0
v 0.0656976774 0.0025843341 0.020066 1 0.784314 0
v 0.0520409735 0.000488319481 0.282997238 1 0 0
v 0.0529965595 0.000483147674 0.281580071 1 0 0
v 0.0539475923 0.000483147674 0.280159811 1 0 0
v 0.0548952118 0.000466586549 0.278737465 1 0 0
v 0.0558307789 0.000466586549 0.277307005 1 0 0
v 0.0567586743 0.000465159401 0.27587152 1 0 0
v 0.0576625465 0.000466191571 0.27442086 0 1 0
v 0.0585588267 0.00047182138 0.272965436 0 1 0
v 0.0594220447 0.000473800662 0.27149017 0 1 0
v 0.0602783946 0.000472799152 0.270010939 0 1 0
v 0.0611014662 0.00046757768 0.268512959 0 1 0
v 0.061914269 0.00046757768 0.267009341 0 1 0
v 0.0627028118 0.000463080308 0.265492884 0 1 0
v 0.0634766079 0.000463080308 0.263968832 0 1 0
v 0.0642313924 0.000458104836 0.262435283 0 0.501961 1
v 0.0649630139 0.000458104836 0.260890601 0 0.501961 1
v 0.0656753855 0.000482276519 0.259337241 0 0.501961 1
v 0.0663677888 0.000482276519 0.257774565 0 0.501961 1
v 0.0670455641 0.000482276519 0.256205415 0 0.501961 1
v 0.0677173957 0.000455177119 0.254636107 0 0.501961 1
v 0.0683609911 0.000468887849 0.253052696 0 0.501961 1
v 0.0690043016 0.000465249752 0.251469109 0 0.501961 1
v 0.0696203147 0.000464504279 0.249874778 0 0.501961 1
v 0.0702263462 0.00047541575 0.248276589 0 0.501961 1
v 0.0708120982 0.000478229062 0.246670873 0 0.501961 1
v 0.0713839032 0.000483035753 0.245060109 0 0.501961 1
v 0.0719323671 0.000486533714 0.243441256 1 0.784314 0
v 0.0724740961 0.000488080784 0.241820107 1 0.784314 0
v 0.0729838845 0.000488080784 0.240188644 1 0.784314 0
v 0.0734869385 0.00048807958 0.238555081 1 0.784314 0
v 0.0739727782 0.000486446094 0.236916312 1 0.784314 0
v 0.0744510319 0.000485813733 0.235275326 1 0.784314 0
v 0.0749123633 0.00048356209 0.233629498 1 0.784314 0
v 0.0753600268 0.000480635535 0.231979922 1 0.784314 0
v 0.0757986396 0.000466757764 0.230328064 1 0.784314 0
v 0.0762133036 0.000456159004 0.228670117 1 0.784314 0
v 0.0766222718 0.000458135375 0.227010501 0.705882 0 1
v 0.077012144 0.000467739832 0.225346327 0.705882 0 1
v 0.0773943081 0.000475373367 0.223680381 0.705882 0 1
v 0.0777606235 0.000477200915 0.222010826 0.705882 0 1
v 0.0781171497 0.000478683449 0.220339169 0.705882 0 1
v 0.0784627111 0.000479262903 0.218665197 0.705882 0 1
v 0.0787937919 0.000479855839 0.216988312 0.705882 0 1
v 0.0791201433 0.000479796396 0.215310489 0.705882 0 1
v 0.0794261631 0.000473669321 0.213628869 0.705882 0 1
v 0.0797286031 0.00047303878 0.211946567 0.705882 0 1
v 0.0800056627 0.00047300527 0.210259924 0 0.862745 0.862745
v 0.0802743964 0.000462577348 0.208571952 0 0.862745 0.862745
v 0.0805246846 0.000462577348 0.206881106 0 0.862745 0.862745
v 0.080765873 0.000450697129 0.205189027 0 0.862745 0.862745
v 0.0809950367 0.000450697129 0.203495187 0 0.862745 0.862745
v 0.0812169063 0.00043242967 0.201800634 0 0.862745 0.862745
v 0.0814315133 0.00043242967 0.200104888 0 0.862745 0.862745
v 0.0816416291 0.000439490435 0.198408623 0 0.862745 0.862745
v 0.0818440049 0.000439490435 0.196711374 0 0.862745 0.862745
v 0.0820396664 0.000446093173 0.195013383 0 0.862745 0.862745
v 0.0822269196 0.000448379575 0.193314415 1 0.470588 0
v 0.0824037856 0.000449804536 0.191614337 1 0.470588 0
v 0.0825701057 0.000455038171 0.189913204 1 0.470588 0
v 0.082722674 0.000455038171 0.188210769 1 0.470588 0
v 0.082868561 0.000461799668 0.186507759 1 0.470588 0
v 0.0829935285 0.000461799668 0.184803106 1 0.470588 0
v 0.0831095192 0.000466527974 0.183097784 1 0.470588 0
v 0.0831754508 0.000467630574 0.181390192 1 0.470588 0
v 0.08321696 0.000483917096 0.179681513 1 0.470588 0
v 0.083195958 0.000482140322 0.177972757 1 0.470588 0
v 0.0831556929 0.000466898566 0.176264061 1 0.470588 0
v 0.0829875387 0.000472307081 0.174563092 1 0.470588 0
v 0.0828056103 0.000477571975 0.172863985 0.470588 1 0
v 0.0825041349 0.000477571975 0.171181552 0.470588 1 0
v 0.0821884362 0.000488341197 0.169501741 0.470588 1 0
v 0.0818275189 0.000488341197 0.167831012 0.470588 1 0
v 0.0814596691 0.000487705893 0.166161792 0.470588 1 0
v 0.0811097092 0.000487325431 0.164488759 0.470588 1 0
v 0.0807608053 0.000488231105 0.162815483 0.470588 1 0
v 0.0804428663 0.000484411532 0.161136071 0.470588 1 0
v 0.0801326612 0.000484411532 0.159455262 0.470588 1 0
v 0.0798505895 0.000486040582 0.157769427 0.470588 1 0
v 0.0795774787 0.000487903843 0.156082146 1 0 0.705882
v 0.0793116729 0.000488230121 0.154393668 1 0 0.705882
v 0.0790681685 0.000488283194 0.15270186 1 0 0.705882
v 0.0788287959 0.000487908802 0.151009433 1 0 0.705882
v 0.0786041927 0.000488117737 0.149314989 1 0 0.705882
v 0.0783824386 0.000488318345 0.147620182 1 0 0.705882
v 0.0781849461 0.000488318345 0.145922358 1 0 0.705882
v 0.0779873703 0.000488321093 0.144224554 1 0 0.705882
v 0.0777890158 0.00048832082 0.14252683 1 0 0.705882
v 0.0775975011 0.000488320701 0.140828332 1 0 0.705882
v 0.0774100054 0.000488314806 0.139129378 0.313725 0.313725 1
v 0.077217676 0.000488231635 0.137430966 0.313725 0.313725 1
v 0.0770229556 0.00048821488 0.135732823 0.313725 0.313725 1
v 0.0768408181 0.00048821488 0.134033283 0.313725 0.313725 1
v 0.0766582781 0.0004852355 0.132333795 0.313725 0.313725 1
v 0.0764763625 0.000485236441 0.130634232 0.313725 0.313725 1
v 0.0763004062 0.000485237107 0.128934067 0.313725 0.313725 1
v 0.0761388575 0.000483130094 0.127232449 0.313725 0.313725 1
v 0.0759781349 0.000482968628 0.125530767 0.313725 0.313725 1
v 0.0758179553 0.000485133097 0.123829022 0.313725 0.313725 1
v 0.0756668132 0.000480661081 0.122126476 0.705882 0.470588 0.156863
v 0.0755123908 0.000480651241 0.120424195 0.705882 0.470588 0.156863
v 0.0753667035 0.000478945976 0.118721151 0.705882 0.470588 0.156863
v 0.0752201822 0.000469619959 0.117018213 0.705882 0.470588 0.156863
v 0.0750710457 0.000454776936 0.115315548 0.705882 0.470588 0.156863
v 0.0749212591 0.000454286842 0.113613284 0.705882 0.470588 0.156863
v 0.0747730599 0.000475001282 0.111910636 0.705882 0.470588 0.156863
v 0.0746203491 0.000474473588 0.1102082 0.705882 0.470588 0.156863
v 0.0744703345 0.000474413505 0.108505527 0.470588 0.470588 0.470588
v 0.0743186036 0.000473614524 0.106803004 0.470588 0.470588 0.470588
v 0.0741728512 0.000473614524 0.105099958 0.470588 0.470588 0.470588
v 0.0740234701 0.000485085239 0.103397332 0.470588 0.470588 0.470588
v 0.0738776455 0.000470394526 0.10169437 0.470588 0.470588 0.470588
v 0.0737267037 0.000470738578 0.0999917785 0.470588 0.470588 0.470588
v 0.0735744175 0.000475547968 0.0982893112 0.470588 0.470588 0.470588
v 0.0734272115 0.000475935953 0.0965863915 0.470588 0.470588 0.470588
v 0.0732755322 0.000472081905 0.0948838728 0.470588 0.470588 0.470588
v 0.073128867 0.000476542053 0.0931809289 0.470588 0.470588 0.470588
v 0.0729782024 0.000478026292 0.0914783592 1 0 0
v 0.0728248963 0.000470719708 0.0897759951 1 0 0
v 0.072674896 0.000471653835 0.0880733195 1 0 0
v 0.0725219614 0.000471653835 0.0863709051 1 0 0
v 0.0723739053 0.000471765151 0.084668058 1 0 0
v 0.0722255875 0.000472194649 0.0829652337 1 0 0
v 0.0720748493 0.000475649289 0.0812626359 1 0 0
v 0.0719228674 0.000486045295 0.0795601736 1 0 0
v 0.0717730205 0.00048830298 0.0778574876 1 0 0
v 0.0716200241 0.00048830298 0.0761550789 1 0 0
v 0.0714730176 0.00048830298 0.0744521408 0 1 0
v 0.0713222688 0.000488213922 0.072749532 0 1 0
v 0.0711740198 0.000486838606 0.0710467051 0 1 0
v 0.071023708 0.000486838606 0.0693440565 0 1 0
v 0.0708775242 0.000486838606 0.0676410476 0 1 0
v 0.0707298789 0.00048643853 0.0659381673 0 1 0
v 0.0705768401 0.00048690902 0.0642357607 0 1 0
v 0.0704250818 0.000487241367 0.0625332407 0 1 0
v 0.070275705 0.000478969255 0.0608306799 0 1 0
v 0.0701190232 0.000454081609 0.0591291172 0 1 0
v 0.0699605578 0.000454081609 0.0574272072 0 1 0
v 0.0697985041 0.000468274729 0.0557257654 0 1 0
v 0.0696305949 0.000468274729 0.0540247617 0 0.501961 1
v 0.0694604512 0.000468502834 0.0523239795 0 0.501961 1
v 0.0692860195 0.000468742586 0.0506236348 0 0.501961 1
v 0.0691056787 0.000475727073 0.048923932 0 0.501961 1
v 0.0689239785 0.000481184422 0.0472243753 0 0.501961 1
v 0.068737686 0.000480901222 0.045525287 0 0.501961 1
v 0.068553115 0.000480901222 0.0438260109 0 0.501961 1
v 0.0683702411 0.00048372791 0.0421265542 0 0.501961 1
v 0.0681817236 0.000484375152 0.0404277195 0 0.501961 1
v 0.0679881414 0.000484186748 0.0387294453 0 0.501961 1
v 0.0677988176 0.000485368664 0.0370306945 1 0.784314 0
v 0.0676030873 0.000486907396 0.0353326768 1 0.784314 0
v 0.0674121882 0.000486907396 0.0336341009 1 0.784314 0
v 0.0672105849 0.000487891428 0.031936763 1 0.784314 0
v 0.0670110041 0.000488324155 0.0302391976 1 0.784314 0
v 0.0668041969 0.000488324155 0.0285424841 1 0.784314 0
v 0.066601747 0.000488324155 0.0268452442 1 0.784314 0
v 0.0663900727 0.00048829209 0.0251491363 1 0.784314 0
v 0.0661659919 0.000488317281 0.0234546214 1 0.784314 0
v 0.0659422526 0.000488317306 0.0217600573 1 0.784314 0
v 0.0657147481 0.000488326621 0.020066 1 0.784314 0
v 0.0520289678 -0.0016076412 0.282999572 1 0 0
v 0.0529888567 -0.00159663094 0.281585195 1 0 0
v 0.0539445708 -0.00158990889 0.280167996 1 0 0
v 0.0548895941 -0.00155441262 0.278744043 1 0 0
v 0.0558314577 -0.00153610766 0.277317808 1 0 0
v 0.0567549558 -0.00153269702 0.275879375 1 0 0
v 0.0576671607 -0.0015303927 0.274433812 0 1 0
v 0.0585583856 -0.00157799318 0.272976426 0 1 0
v 0.0594294203 -0.00159900589 0.27150636 0 1 0
v 0.0602798514 -0.00157355582 0.270023878 0 1 0
v 0.0611030568 -0.00156293869 0.268525892 0 1 0
v 0.061913718 -0.00156803788 0.267021067 0 1 0
v 0.0626967582 -0.00155660912 0.265501647 0 1 0
v 0.0634755564 -0.00154575506 0.263980048 0 1 0
v 0.0642234301 -0.00153254847 0.262443016 0 0.501961 1
v 0.0649663481 -0.00152781117 0.260903699 0 0.501961 1
v 0.0656724248 -0.00156857221 0.259347572 0 0.501961 1
v 0.0663703066 -0.00158776257 0.257787516 0 0.501961 1
v 0.0670436607 -0.00159672797 0.256216396 0 0.501961 1
v 0.0677091312 -0.0015855273 0.25464245 0 0.501961 1
v 0.0683586106 -0.00152925236 0.253062653 0 0.501961 1
v 0.0689973783 -0.00153453792 0.251477201 0 0.501961 1
v 0.0696134061 -0.00156605833 0.249882997 0 0.501961 1
v 0.0702240898 -0.00157444228 0.24828652 0 0.501961 1
v 0.0708030137 -0.00158023965 0.246678181 0 0.501961 1
v 0.0713779226 -0.00160277142 0.245068541 0 0.501961 1
v 0.0719262967 -0.00160509456 0.243449547 1 0.784314 0
v 0.0724673053 -0.00160687151 0.241828045 1 0.784314 0
v 0.072977738 -0.00160690598 0.24019666 1 0.784314 0
v 0.0734834996 -0.00160696905 0.238563831 1 0.784314 0
v 0.0739660966 -0.00160081198 0.236924005 1 0.784314 0
v 0.0744451617 -0.00159928454 0.235283136 1 0.784314 0
v 0.0749070775 -0.00158428137 0.233637514 1 0.784314 0
v 0.0753590331 -0.00155391176 0.231989311 1 0.784314 0
v 0.0757914172 -0.00153756879 0.230335707 1 0.784314 0
v 0.0762118831 -0.0015082845 0.228679197 1 0.784314 0
v 0.0766137862 -0.00153037402 0.227018044 0.705882 0 1
v 0.0770080295 -0.00156503584 0.225355205 0.705882 0 1
v 0.0773861224 -0.00156951781 0.223688192 0.705882 0 1
v 0.0777598272 -0.00157567065 0.222020176 0.705882 0 1
v 0.078111618 -0.00158405251 0.220347434 0.705882 0 1
v 0.0784601937 -0.00159518709 0.218674013 0.705882 0 1
v 0.0787895874 -0.00159531309 0.216996694 0.705882 0 1
v 0.0791127629 -0.00159600264 0.215318206 0.705882 0 1
v 0.079426587 -0.00155824431 0.213638308 0.705882 0 1
v 0.0797248345 -0.00155233943 0.211955218 0.705882 0 1
v 0.080007282 -0.00153245428 0.210269455 0 0.862745 0.862745
v 0.0802761615 -0.00151874506 0.208581506 0 0.862745 0.862745
v 0.0805241312 -0.00152967587 0.206890246 0 0.862745 0.862745
v 0.0807646076 -0.00152815816 0.205197957 0 0.862745 0.862745
v 0.0809919136 -0.00153487283 0.203503774 0 0.862745 0.862745
v 0.0812158228 -0.00145148945 0.20181279 0 0.862745 0.862745
v 0.0814304376 -0.00144539771 0.20011695 0 0.862745 0.862745
v 0.0816360158 -0.00148896292 0.198420861 0 0.862745 0.862745
v 0.0818391994 -0.00149243431 0.196723606 0 0.862745 0.862745
v 0.0820352247 -0.00150285037 0.19502556 0 0.862745 0.862745
v 0.0822224075 -0.00150522062 0.193326464 1 0.470588 0
v 0.0824019774 -0.0015374656 0.191627319 1 0.470588 0
v 0.0825653781 -0.0015268332 0.189925803 1 0.470588 0
v 0.082723364 -0.00151568924 0.1882238 1 0.470588 0
v 0.0828657935 -0.0015136657 0.186520411 1 0.470588 0
v 0.0830011505 -0.00152037097 0.18481646 1 0.470588 0
v 0.0831073001 -0.0015329111 0.183110428 1 0.470588 0
v 0.0831973222 -0.00154053998 0.181403711 1 0.470588 0
v 0.0832112473 -0.00154559696 0.179694532 1 0.470588 0
v 0.0831932034 -0.00154552781 0.177985336 1 0.470588 0
v 0.0831166669 -0.00155316217 0.176278422 1 0.470588 0
v 0.0829754239 -0.00157227415 0.174575009 1 0.470588 0
v 0.0827635797 -0.00157668837 0.172879914 0.470588 1 0
v 0.0824717476 -0.00158894799 0.171195677 0.470588 1 0
v 0.0821821864 -0.00160572377 0.169511212 0.470588 1 0
v 0.0818257496 -0.00160548187 0.16783943 0.470588 1 0
v 0.0814666842 -0.00160438472 0.166168191 0.470588 1 0
v 0.0811133149 -0.00160260719 0.164495762 0.470588 1 0
v 0.0807621104 -0.00159800395 0.162822859 0.470588 1 0
v 0.080445528 -0.00159620895 0.161143126 0.470588 1 0
v 0.0801371065 -0.00159415792 0.159461837 0.470588 1 0
v 0.0798505043 -0.00160345147 0.157776691 0.470588 1 0
v 0.0795762936 -0.00160635436 0.156089519 1 0 0.705882
v 0.0793143219 -0.00160109138 0.154400363 1 0 0.705882
v 0.0790650687 -0.001606584 0.152709324 1 0 0.705882
v 0.0788171467 -0.00160607623 0.151018027 1 0 0.705882
v 0.0786014498 -0.00160693446 0.149322313 1 0 0.705882
v 0.0783867991 -0.00160765404 0.147626474 1 0 0.705882
v 0.0781806674 -0.00160766081 0.145929571 1 0 0.705882
v 0.0779795337 -0.00160766406 0.144232086 1 0 0.705882
v 0.0777898365 -0.00160766195 0.142533268 1 0 0.705882
v 0.0775974693 -0.00160767293 0.140834753 1 0 0.705882
v 0.077403155 -0.00160769988 0.139136457 0.313725 0.313725 1
v 0.0772148565 -0.00160750854 0.137437485 0.313725 0.313725 1
v 0.0770265666 -0.00160731298 0.135738513 0.313725 0.313725 1
v 0.076837264 -0.00160583773 0.134039654 0.313725 0.313725 1
v 0.0766472858 -0.00160434531 0.13234087 0.313725 0.313725 1
v 0.0764735906 -0.00160168951 0.130640343 0.313725 0.313725 1
v 0.0762994954 -0.0015963358 0.128939873 0.313725 0.313725 1
v 0.0761339956 -0.0015915997 0.127238536 0.313725 0.313725 1
v 0.0759701539 -0.00159053731 0.125537047 0.313725 0.313725 1
v 0.0758131796 -0.00160021951 0.123834933 0.313725 0.313725 1
v 0.075660918 -0.00159672606 0.122132425 0.705882 0.470588 0.156863
v 0.0755122835 -0.00158244568 0.120429586 0.705882 0.470588 0.156863
v 0.0753613022 -0.00156700249 0.118727003 0.705882 0.470588 0.156863
v 0.0752099457 -0.00154609433 0.117024491 0.705882 0.470588 0.156863
v 0.0750630654 -0.00154609433 0.115321437 0.705882 0.470588 0.156863
v 0.074913073 -0.00160633536 0.113619814 0.705882 0.470588 0.156863
v 0.0747665104 -0.00156450159 0.111917246 0.705882 0.470588 0.156863
v 0.0746151698 -0.00156163956 0.110214615 0.705882 0.470588 0.156863
v 0.0744678363 -0.00156027767 0.1085116 0.470588 0.470588 0.470588
v 0.0743181252 -0.00156645804 0.106808842 0.470588 0.470588 0.470588
v 0.0741662529 -0.00158033098 0.105106281 0.470588 0.470588 0.470588
v 0.0740185521 -0.00155556982 0.103403683 0.470588 0.470588 0.470588
v 0.0738670147 -0.00154865426 0.10170109 0.470588 0.470588 0.470588
v 0.0737220299 -0.00156043053 0.0999979133 0.470588 0.470588 0.470588
v 0.0735753495 -0.00156606583 0.0982948669 0.470588 0.470588 0.470588
v 0.0734235262 -0.00157777323 0.0965923097 0.470588 0.470588 0.470588
v 0.0732722854 -0.00159107231 0.0948896965 0.470588 0.470588 0.470588
v 0.0731227641 -0.00160401973 0.0931869354 0.470588 0.470588 0.470588
v 0.0729723851 -0.00159840299 0.091484251 1 0 0
v 0.0728203035 -0.00158375548 0.0897817171 1 0 0
v 0.0726710256 -0.00156172741 0.0880790165 1 0 0
v 0.0725191441 -0.0015527903 0.0863764668 1 0 0
v 0.072369833 -0.00155338279 0.0846736247 1 0 0
v 0.0722208806 -0.00155455535 0.0829707503 1 0 0
v 0.0720712612 -0.00156701269 0.0812680574 1 0 0
v 0.0719174826 -0.00160637961 0.0795661351 1 0 0
v 0.071769845 -0.00160689336 0.0778631459 1 0 0
v 0.0716182943 -0.00160760056 0.0761605039 1 0 0
v 0.0714686271 -0.00160750488 0.0744576935 0 1 0
v 0.0713177124 -0.00160690595 0.0727549931 0 1 0
v 0.0711714959 -0.0016039183 0.0710518838 0 1 0
v 0.0710222592 -0.00160278198 0.0693490365 0 1 0
v 0.0708731026 -0.00160162348 0.067646182 0 1 0
v 0.0707221909 -0.00160023515 0.0659434809 0 1 0
v 0.0705739708 -0.00160238081 0.0642405435 0 1 0
v 0.0704231053 -0.00160147701 0.0625378456 0 1 0
v 0.0702683233 -0.00159623022 0.0608354989 0 1 0
v 0.0701139826 -0.00157728493 0.0591332378 0 1 0
v 0.0699559425 -0.00156715236 0.0574312727 0 1 0
v 0.0697938479 -0.00155358406 0.0557296638 0 1 0
v 0.0696309964 -0.00154166553 0.05402814 0 0.501961 1
v 0.0694557558 -0.00154249505 0.0523277717 0 0.501961 1
v 0.0692795009 -0.00154321319 0.0506275062 0 0.501961 1
v 0.0691005268 -0.00155050922 0.0489275776 0 0.501961 1
v 0.0689175809 -0.00157258393 0.0472281764 0 0.501961 1
v 0.0687368255 -0.00157744833 0.0455283902 0 0.501961 1
v 0.0685518817 -0.00158782143 0.0438291254 0 0.501961 1
v 0.0683596011 -0.00159352872 0.042130608 0 0.501961 1
v 0.0681719006 -0.0015946189 0.0404315774 0 0.501961 1
v 0.0679870782 -0.00159268228 0.0387322272 0 0.501961 1
v 0.0677971623 -0.00159704777 0.0370334566 1 0.784314 0
v 0.067601455 -0.00160300845 0.0353353411 1 0.784314 0
v 0.0674068062 -0.00160268523 0.0336370929 1 0.784314 0
v 0.0672037538 -0.0016040048 0.0319398198 1 0.784314 0
v 0.0670102667 -0.00160613055 0.0302414301 1 0.784314 0
v 0.0668094016 -0.00160756308 0.0285439101 1 0.784314 0
v 0.0665958105 -0.00160652552 0.0268479407 1 0.784314 0
v 0.0663796576 -0.00160638995 0.0251522858 1 0.784314 0
v 0.0661624449 -0.00160765011 0.0234567712 1 0.784314 0
v 0.0659360947 -0.00160765821 0.0217624499 1 0.784314 0
v 0.0657059393 -0.00160768086 0.0200686382 1 0.784314 0
v 0.0520018077 -0.00370350214 0.283004855 1 0 0
v 0.0529613164 -0.00368449137 0.281590018 1 0 0
v 0.0539191836 -0.00368214084 0.280174029 1 0 0
v 0.0548701495 -0.00365809443 0.278753865 1 0 0
v 0.0558144845 -0.0036293823 0.277329202 1 0 0
v 0.0567419526 -0.00361165392 0.275893204 1 0 0
v 0.0576607129 -0.00358333848 0.274451729 0 1 0
v 0.0585497126 -0.00364957167 0.272993093 0 1 0
v 0.0594225993 -0.00368026008 0.271524404 0 1 0
v 0.0602665405 -0.00363858284 0.270038189 0 1 0
v 0.0610919269 -0.00362452662 0.268541441 0 1 0
v 0.0618917478 -0.00364299852 0.267030559 0 1 0
v 0.062681635 -0.00364364836 0.265514457 0 1 0
v 0.0634501392 -0.00363795711 0.263987314 0 1 0
v 0.0642094517 -0.0036294506 0.262455631 0 0.501961 1
v 0.0649436212 -0.00367029246 0.260912321 0 0.501961 1
v 0.0656580558 -0.003692566 0.259359483 0 0.501961 1
v 0.0663526831 -0.00368420979 0.257797401 0 0.501961 1
v 0.0670320731 -0.00369130658 0.256228581 0 0.501961 1
v 0.067695372 -0.00367033083 0.254653676 0 0.501961 1
v 0.0683451934 -0.00358953815 0.253074435 0 0.501961 1
v 0.0689805283 -0.00359731595 0.251490361 0 0.501961 1
v 0.0695959401 -0.00365071525 0.249896236 0 0.501961 1
v 0.0702018505 -0.00366606307 0.248298012 0 0.501961 1
v 0.0707802789 -0.00368042199 0.246689297 0 0.501961 1
v 0.0713560937 -0.00370054276 0.245079688 0 0.501961 1
v 0.0719038174 -0.00370291596 0.243460221 1 0.784314 0
v 0.0724457665 -0.00370249097 0.241838768 1 0.784314 0
v 0.072959429 -0.00370307989 0.240208145 1 0.784314 0
v 0.0734671062 -0.00370322904 0.238575653 1 0.784314 0
v 0.0739486227 -0.00369545957 0.236935259 1 0.784314 0
v 0.0744245784 -0.00368819565 0.235293268 1 0.784314 0
v 0.0748828288 -0.00367082608 0.233646519 1 0.784314 0
v 0.0753386966 -0.00362920417 0.231999318 1 0.784314 0
v 0.0757732695 -0.00361341373 0.230346 1 0.784314 0
v 0.0761961348 -0.0035844654 0.228689759 1 0.784314 0
v 0.0765984855 -0.00361140624 0.227028569 0.705882 0 1
v 0.0769895077 -0.0036662739 0.225365347 0.705882 0 1
v 0.0773682016 -0.00366886442 0.223698204 0.705882 0 1
v 0.0777363091 -0.00368296621 0.222028755 0.705882 0 1
v 0.078093508 -0.00369206253 0.220356887 0.705882 0 1
v 0.078438782 -0.00369737369 0.218682537 0.705882 0 1
v 0.0787733164 -0.00369084862 0.217005975 0.705882 0 1
v 0.0790990962 -0.00366917539 0.215327962 0.705882 0 1
v 0.0794100534 -0.00362308439 0.213647486 0.705882 0 1
v 0.0797086124 -0.00363612935 0.211965217 0.705882 0 1
v 0.0799896714 -0.00365718564 0.210279199 0 0.862745 0.862745
v 0.0802531968 -0.00366376938 0.208590043 0 0.862745 0.862745
v 0.0805072724 -0.00367225251 0.206899434 0 0.862745 0.862745
v 0.0807440974 -0.00365324728 0.205206426 0 0.862745 0.862745
v 0.0809785658 -0.00362304151 0.203513566 0 0.862745 0.862745
v 0.0811994983 -0.00350211018 0.201822609 0 0.862745 0.862745
v 0.0814144636 -0.00344603855 0.20012892 0 0.862745 0.862745
v 0.0816212565 -0.00348170451 0.198432365 0 0.862745 0.862745
v 0.0818212717 -0.00351456033 0.196735032 0 0.862745 0.862745
v 0.0820147576 -0.00354490025 0.195036695 0 0.862745 0.862745
v 0.0822015729 -0.00360089595 0.193338333 1 0.470588 0
v 0.0823820194 -0.00367445724 0.191639849 1 0.470588 0
v 0.0825472397 -0.00368971314 0.18993875 1 0.470588 0
v 0.0827056971 -0.00367900707 0.188236518 1 0.470588 0
v 0.0828482125 -0.00365871624 0.186533032 1 0.470588 0
v 0.08298002 -0.00361993323 0.184828937 1 0.470588 0
v 0.0830922205 -0.00360768813 0.183123091 1 0.470588 0
v 0.0831861149 -0.00361261453 0.181416108 1 0.470588 0
v 0.083190008 -0.00359573708 0.179706935 1 0.470588 0
v 0.083180426 -0.00357433467 0.17799747 1 0.470588 0
v 0.0830789832 -0.00358530633 0.176292098 1 0.470588 0
v 0.0829392178 -0.00361662576 0.174588484 1 0.470588 0
v 0.0827424704 -0.00365896236 0.172891448 0.470588 1 0
v 0.0824712206 -0.00368960918 0.171203879 0.470588 1 0
v 0.082158157 -0.00369021895 0.169523558 0.470588 1 0
v 0.0818149275 -0.0036767947 0.167848841 0.470588 1 0
v 0.081447661 -0.00368478322 0.16617915 0.470588 1 0
v 0.0810943483 -0.00368576 0.164506494 0.470588 1 0
v 0.0807523382 -0.00368102263 0.162831434 0.470588 1 0
v 0.0804308318 -0.00366895993 0.161152428 0.470588 1 0
v 0.0801180152 -0.00365451593 0.159471728 0.470588 1 0
v 0.0798288706 -0.00366406356 0.157786869 0.470588 1 0
v 0.0795578352 -0.00366240682 0.156098871 1 0 0.705882
v 0.0792946857 -0.00365708205 0.15440971 1 0 0.705882
v 0.0790492033 -0.00368094823 0.152717969 1 0 0.705882
v 0.0788053343 -0.00370001822 0.151025979 1 0 0.705882
v 0.0785822807 -0.00370099047 0.149330969 1 0 0.705882
v 0.0783595462 -0.00370197304 0.147635923 1 0 0.705882
v 0.0781617381 -0.00370291437 0.14593778 1 0 0.705882
v 0.0779641488 -0.0037036392 0.144239614 1 0 0.705882
v 0.0777669012 -0.00370360649 0.142541405 1 0 0.705882
v 0.0775757796 -0.0037036397 0.140842505 1 0 0.705882
v 0.0773894305 -0.00370372426 0.139143067 0.313725 0.313725 1
v 0.0771967344 -0.00370359018 0.137444338 0.313725 0.313725 1
v 0.0770026396 -0.00370340521 0.135745767 0.313725 0.313725 1
v 0.0768189293 -0.0036998125 0.134046045 0.313725 0.313725 1
v 0.0766345885 -0.0036963862 0.132346392 0.313725 0.313725 1
v 0.0764555709 -0.00368867961 0.130646191 0.313725 0.313725 1
v 0.0762771389 -0.00367914307 0.128945929 0.313725 0.313725 1
v 0.0761109284 -0.00367171899 0.127244436 0.313725 0.313725 1
v 0.0759478473 -0.00365872813 0.125542726 0.313725 0.313725 1
v 0.0757940299 -0.00368837064 0.123840293 0.313725 0.313725 1
v 0.0756401343 -0.00368974446 0.122137835 0.705882 0.470588 0.156863
v 0.0754863679 -0.00365527303 0.120435487 0.705882 0.470588 0.156863
v 0.0753370525 -0.00362185521 0.118732728 0.705882 0.470588 0.156863
v 0.075190789 -0.00358963183 0.117029676 0.705882 0.470588 0.156863
v 0.0750431008 -0.00361679057 0.115327457 0.705882 0.470588 0.156863
v 0.0748957394 -0.00368379301 0.113625752 0.705882 0.470588 0.156863
v 0.0747454307 -0.00361301462 0.111924267 0.705882 0.470588 0.156863
v 0.0745962065 -0.00362731123 0.11022351 0.705882 0.470588 0.156863
v 0.0744450226 -0.00367055958 0.108521532 0.470588 0.470588 0.470588
v 0.0742964022 -0.00366243647 0.106818503 0.470588 0.470588 0.470588
v 0.0741475559 -0.0036553605 0.105115473 0.470588 0.470588 0.470588
v 0.0740008504 -0.00361807168 0.10341261 0.470588 0.470588 0.470588
v 0.0738509181 -0.0036131085 0.101709585 0.470588 0.470588 0.470588
v 0.0737012747 -0.00364453501 0.100006871 0.470588 0.470588 0.470588
v 0.0735520197 -0.00367130046 0.098304012 0.470588 0.470588 0.470588
v 0.0734029751 -0.00368922035 0.0966009912 0.470588 0.470588 0.470588
v 0.0732528096 -0.00370089928 0.0948980228 0.470588 0.470588 0.470588
v 0.0731015846 -0.00370240702 0.0931951063 0.470588 0.470588 0.470588
v 0.0729514311 -0.00369508362 0.0914921153 1 0 0
v 0.0728023329 -0.00368211733 0.0897890553 1 0 0
v 0.0726513298 -0.00366791278 0.0880861969 1 0 0
v 0.0724990192 -0.00366616151 0.0863833709 1 0 0
v 0.0723502509 -0.00365983869 0.084680243 1 0 0
v 0.0722015626 -0.00366062797 0.0829771026 1 0 0
v 0.0720522966 -0.00367579825 0.0812740736 1 0 0
v 0.0719006345 -0.00370325834 0.0795715067 1 0 0
v 0.0717507181 -0.00370290777 0.0778684687 1 0 0
v 0.0715994033 -0.00370199238 0.0761655539 1 0 0
v 0.0714530578 -0.00370261771 0.074462204 0 1 0
v 0.0713057687 -0.0037024461 0.0727589372 0 1 0
v 0.0711559664 -0.00367859172 0.0710560568 0 1 0
v 0.0710054355 -0.00366631836 0.0693531982 0 1 0
v 0.0708552011 -0.00367256646 0.067650205 0 1 0
v 0.0707050943 -0.00367968637 0.065947215 0 1 0
v 0.0705512383 -0.00369010691 0.0642445768 0 1 0
v 0.0703990406 -0.00368789799 0.062541752 0 1 0
v 0.0702491582 -0.00367955085 0.0608387318 0 1 0
v 0.0700924803 -0.00367955168 0.0591363808 0 1 0
v 0.0699334087 -0.00368940541 0.0574342176 0 1 0
v 0.069770746 -0.00368094294 0.0557323995 0 1 0
v 0.0696012128 -0.00365955906 0.0540313353 0 0.501961 1
v 0.0694305087 -0.00363849022 0.0523303847 0 0.501961 1
v 0.0692553037 -0.00361088203 0.0506300014 0 0.501961 1
v 0.0690764779 -0.00360947525 0.048929936 0 0.501961 1
v 0.0688967268 -0.00362474255 0.0472298684 0 0.501961 1
v 0.0687125327 -0.00365391803 0.0455305203 0 0.501961 1
v 0.0685252619 -0.00367661338 0.0438313825 0 0.501961 1
v 0.0683340801 -0.00368115579 0.042132492 0 0.501961 1
v 0.0681440121 -0.00367394306 0.0404335317 0 0.501961 1
v 0.0679588458 -0.00366669101 0.0387339791 0 0.501961 1
v 0.0677678672 -0.00367231179 0.0370351335 1 0.784314 0
v 0.0675679771 -0.00369410134 0.035337374 1 0.784314 0
v 0.0673747499 -0.00369689707 0.0336387083 1 0.784314 0
v 0.0671753497 -0.00369861525 0.0319407595 1 0.784314 0
v 0.0669781926 -0.0037000385 0.0302425473 1 0.784314 0
v 0.0667753256 -0.00370035556 0.0285450018 1 0.784314 0
v 0.0665670846 -0.00370092664 0.0268481065 1 0.784314 0
v 0.066352038 -0.0037014187 0.0251520722 1 0.784314 0
v 0.0661299214 -0.00370204296 0.0234569374 1 0.784314 0
v 0.0659102916 -0.00370294641 0.0217614792 1 0.784314 0
v 0.0656885508 -0.00370368834 0.0200663024 1 0.784314 0
v 0.0519477385 -0.00579885514 0.283015395 1 0 0
v 0.0529138995 -0.00577317917 0.281604995 1 0 0
v 0.0538762228 -0.00577383075 0.280191856 1 0 0
v 0.054835245 -0.00578869643 0.278776446 1 0 0
v 0.0557768993 -0.00579261094 0.277349341 1 0 0
v 0.056714412 -0.0057893792 0.275919606 1 0 0
v 0.0576281928 -0.00575426203 0.274474915 0 1 0
v 0.0585238426 -0.00575080766 0.273019097 0 1 0
v 0.0593984278 -0.00578348381 0.271550333 0 1 0
v 0.0602397784 -0.00573866115 0.270062571 0 1 0
v 0.0610642055 -0.00570232604 0.268565362 0 1 0
v 0.0618636985 -0.00571997139 0.267054117 0 1 0
v 0.062648436 -0.00575280674 0.265535624 0 1 0
v 0.0634161142 -0.00575250603 0.264007873 0 1 0
v 0.0641708132 -0.00575095678 0.262473748 0 0.501961 1
v 0.0649053202 -0.0057778479 0.260930167 0 0.501961 1
v 0.0656190819 -0.00579116192 0.259376666 0 0.501961 1
v 0.0663189754 -0.00579241404 0.257816767 0 0.501961 1
v 0.0669958683 -0.00579217283 0.256246681 0 0.501961 1
v 0.0676618051 -0.00574310396 0.254673559 0 0.501961 1
v 0.0683126503 -0.00564727164 0.253095433 0 0.501961 1
v 0.0689450009 -0.00570398471 0.251510922 0 0.501961 1
v 0.0695628762 -0.0057972791 0.249920276 0 0.501961 1
v 0.0701631578 -0.0057883767 0.248319363 0 0.501961 1
v 0.0707471568 -0.00579393593 0.246712511 0 0.501961 1
v 0.0713173199 -0.00579629988 0.245100596 0 0.501961 1
v 0.071867018 -0.00579772025 0.243481624 1 0.784314 0
v 0.0724109638 -0.00579857577 0.241860673 1 0.784314 0
v 0.0729226237 -0.00579849738 0.240229293 1 0.784314 0
v 0.0734270512 -0.0057981119 0.238595612 1 0.784314 0
v 0.0739123214 -0.00578341747 0.236956208 1 0.784314 0
v 0.074385987 -0.00578099242 0.235313436 1 0.784314 0
v 0.074847251 -0.00579386287 0.233667097 1 0.784314 0
v 0.0752964576 -0.0057929909 0.232017442 1 0.784314 0
v 0.0757388318 -0.00578442506 0.2303659 1 0.784314 0
v 0.0761617847 -0.00578214972 0.228709352 1 0.784314 0
v 0.0765685415 -0.0057855218 0.22704866 0.705882 0 1
v 0.0769599472 -0.00578832761 0.225384324 0.705882 0 1
v 0.0773397058 -0.00578723889 0.223717248 0.705882 0 1
v 0.0777063483 -0.00578267835 0.222047279 0.705882 0 1
v 0.078063171 -0.00578924575 0.220375156 0.705882 0 1
v 0.0784081068 -0.00576936749 0.218700731 0.705882 0 1
v 0.078741911 -0.00575185155 0.217023947 0.705882 0 1
v 0.0790662702 -0.005716227 0.215345681 0.705882 0 1
v 0.0793844198 -0.00566781178 0.213666457 0.705882 0 1
v 0.0796774531 -0.00570909009 0.211983306 0.705882 0 1
v 0.0799620436 -0.00578660791 0.210299404 0 0.862745 0.862745
v 0.0802229368 -0.00578534848 0.208609646 0 0.862745 0.862745
v 0.0804744965 -0.00577500295 0.206918573 0 0.862745 0.862745
v 0.0807118672 -0.0057472984 0.205225575 0 0.862745 0.862745
v 0.0809428615 -0.00571275978 0.203531845 0 0.862745 0.862745
v 0.0811673135 -0.00566603953 0.201837502 0 0.862745 0.862745
v 0.081383507 -0.0056348008 0.200142218 0 0.862745 0.862745
v 0.0815908105 -0.00563055442 0.198445053 0 0.862745 0.862745
v 0.0817923383 -0.00564731073 0.196747416 0 0.862745 0.862745
v 0.0819878383 -0.00568598583 0.195049286 0 0.862745 0.862745
v 0.0821741461 -0.0057156344 0.193350004 1 0.470588 0
v 0.0823498005 -0.00573816299 0.191649416 1 0.470588 0
v 0.0825191135 -0.0057540682 0.189948148 1 0.470588 0
v 0.0826726293 -0.00577005962 0.188245365 1 0.470588 0
v 0.0828154092 -0.00576757852 0.18654178 1 0.470588 0
v 0.0829480414 -0.00573649518 0.184837443 1 0.470588 0
v 0.0830521234 -0.00574432568 0.18313097 1 0.470588 0
v 0.0831354272 -0.00575597152 0.181423256 1 0.470588 0
v 0.0831703251 -0.00574840826 0.179714754 1 0.470588 0
v 0.0831481046 -0.00571897813 0.178005368 1 0.470588 0
v 0.0830479632 -0.00569602359 0.17629963 1 0.470588 0
v 0.0829067016 -0.00568708508 0.17459584 1 0.470588 0
v 0.0826893583 -0.00573340419 0.172901023 0.470588 1 0
v 0.0824544842 -0.00579204138 0.171208464 0.470588 1 0
v 0.0821222199 -0.00578356915 0.169531514 0.470588 1 0
v 0.0817752206 -0.00577251854 0.167857368 0.470588 1 0
v 0.0814161098 -0.00577167924 0.166185722 0.470588 1 0
v 0.0810628079 -0.00576848341 0.16451286 0.470588 1 0
v 0.0807174719 -0.00576247572 0.162838325 0.470588 1 0
v 0.0803940507 -0.00574799873 0.161159617 0.470588 1 0
v 0.0800894495 -0.00572666201 0.159477323 0.470588 1 0
v 0.0797985167 -0.00573772758 0.157792659 0.470588 1 0
v 0.0795244363 -0.00574680951 0.15610501 1 0 0.705882
v 0.0792612259 -0.00573268641 0.154415835 1 0 0.705882
v 0.0790101967 -0.00574878189 0.1527248 1 0 0.705882
v 0.078768344 -0.00578077108 0.151032534 1 0 0.705882
v 0.0785454434 -0.00579371615 0.14933749 1 0 0.705882
v 0.0783282492 -0.00579614179 0.147641559 1 0 0.705882
v 0.0781259939 -0.00579781964 0.145943784 1 0 0.705882
v 0.0779260452 -0.0057990227 0.144245741 1 0 0.705882
v 0.0777352333 -0.00579932587 0.142546638 1 0 0.705882
v 0.0775440001 -0.00579948698 0.140847584 1 0 0.705882
v 0.0773522056 -0.00579946437 0.139148591 0.313725 0.313725 1
v 0.077163434 -0.00579949633 0.137449261 0.313725 0.313725 1
v 0.0769749924 -0.00579948569 0.135749894 0.313725 0.313725 1
v 0.0767862354 -0.00579673683 0.134050564 0.313725 0.313725 1
v 0.0765981541 -0.00579206756 0.132351175 0.313725 0.313725 1
v 0.0764198106 -0.00577065164 0.130650858 0.313725 0.313725 1
v 0.0762444839 -0.00576479027 0.128950112 0.313725 0.313725 1
v 0.076075134 -0.00576026924 0.127248846 0.313725 0.313725 1
v 0.0759144747 -0.00573558848 0.125546855 0.313725 0.313725 1
v 0.075756317 -0.00577164548 0.123844864 0.313725 0.313725 1
v 0.0756028192 -0.0057729426 0.122142665 0.705882 0.470588 0.156863
v 0.0754543119 -0.00572666013 0.120439972 0.705882 0.470588 0.156863
v 0.0753053223 -0.00568751908 0.118737159 0.705882 0.470588 0.156863
v 0.0751572108 -0.00565775752 0.117034062 0.705882 0.470588 0.156863
v 0.0750091352 -0.00563298154 0.115331029 0.705882 0.470588 0.156863
v 0.0748615889 -0.00561965545 0.113628259 0.705882 0.470588 0.156863
v 0.0747138064 -0.00558136843 0.111925331 0.705882 0.470588 0.156863
v 0.0745648807 -0.00566763838 0.110225243 0.705882 0.470588 0.156863
v 0.0744134672 -0.00578631547 0.108526664 0.470588 0.470588 0.470588
v 0.0742628182 -0.00576538476 0.106823662 0.470588 0.470588 0.470588
v 0.0741129363 -0.0057587406 0.105120648 0.470588 0.470588 0.470588
v 0.073965909 -0.00577945598 0.103417405 0.470588 0.470588 0.470588
v 0.0738180268 -0.00577728791 0.101714035 0.470588 0.470588 0.470588
v 0.0736682476 -0.00576775657 0.100010865 0.470588 0.470588 0.470588
v 0.0735182226 -0.00577586079 0.0983077281 0.470588 0.470588 0.470588
v 0.0733669536 -0.00579186946 0.0966047246 0.470588 0.470588 0.470588
v 0.0732162893 -0.00579637355 0.0949016051 0.470588 0.470588 0.470588
v 0.0730683812 -0.00579515276 0.0931982312 0.470588 0.470588 0.470588
v 0.0729170969 -0.00579043123 0.0914951697 1 0 0
v 0.0727620827 -0.00578687576 0.089792431 1 0 0
v 0.0726134616 -0.00579227854 0.0880891504 1 0 0
v 0.0724678508 -0.0057887195 0.0863856944 1 0 0
v 0.0723165079 -0.0057711562 0.0846827134 1 0 0
v 0.0721682119 -0.00577024682 0.0829794184 1 0 0
v 0.0720170742 -0.00577684422 0.0812763403 1 0 0
v 0.0718686059 -0.00579230878 0.0795730988 1 0 0
v 0.0717212745 -0.00579536772 0.0778696908 1 0 0
v 0.0715738178 -0.00579572999 0.0761662774 1 0 0
v 0.0714228125 -0.00579762346 0.0744631759 1 0 0
v 0.0712731003 -0.00578995681 0.0727601149 1 0 0
v 0.071129942 -0.00573383918 0.0710572592 0 1 0
v 0.0709794344 -0.00573166837 0.0693542189 0 1 0
v 0.0708277146 -0.00574094654 0.0676512083 0 1 0
v 0.0706743206 -0.00575764187 0.0659484213 0 1 0
v 0.0705209603 -0.00577750723 0.064245645 0 1 0
v 0.0703676795 -0.0057675552 0.0625428777 0 1 0
v 0.070211628 -0.00575132327 0.0608403076 0 1 0
v 0.0700551811 -0.00574480411 0.0591377749 0 1 0
v 0.0698933786 -0.00576008198 0.0574357404 0 1 0
v 0.0697265553 -0.00576825092 0.0557341653 0 1 0
v 0.0695606014 -0.00575659229 0.0540324943 0 1 0
v 0.0693888316 -0.00575903941 0.0523315219 0 1 0
v 0.0692131949 -0.00572044621 0.0506312209 0 0.501961 1
v 0.0690354121 -0.00568798884 0.0489310537 0 0.501961 1
v 0.0688491046 -0.00568513941 0.0472314531 0 0.501961 1
v 0.0686637078 -0.00569631782 0.0455318951 0 0.501961 1
v 0.0684727384 -0.00575719262 0.0438339005 0 0.501961 1
v 0.0682812106 -0.00579223648 0.0421355127 0 0.501961 1
v 0.0680931116 -0.00577151161 0.0404362334 0 0.501961 1
v 0.0679052623 -0.00575650468 0.0387369019 0 0.501961 1
v 0.0677130028 -0.00577352096 0.0370380471 1 0.784314 0
v 0.0675188375 -0.00578598277 0.0353393989 1 0.784314 0
v 0.0673208204 -0.00578627556 0.0336411203 1 0.784314 0
v 0.0671233776 -0.00578143991 0.0319428067 1 0.784314 0
v 0.0669259695 -0.00577413665 0.0302445287 1 0.784314 0
v 0.0667258521 -0.00578372863 0.0285465409 1 0.784314 0
v 0.0665151497 -0.00579355961 0.0268498649 1 0.784314 0
v 0.0663023011 -0.00579479723 0.0251533821 1 0.784314 0
v 0.0660901705 -0.00579615716 0.0234568091 1 0.784314 0
v 0.0658693174 -0.00579765077 0.0217613514 1 0.784314 0
v 0.0656476383 -0.00579934672 0.020066 1 0.784314 0
v 0.0518864676 -0.00789399227 0.283027298 1 0 0
v 0.052856567 -0.0078828029 0.281619366 1 0 0
v 0.0538220602 -0.00786788838 0.280208353 1 0 0
v 0.0547795789 -0.00787345605 0.278791836 1 0 0
v 0.0557306124 -0.00787290657 0.277370939 1 0 0
v 0.0566660649 -0.00785506822 0.275939932 1 0 0
v 0.0575933725 -0.00782248444 0.274503812 0 1 0
v 0.058480921 -0.00783712429 0.273042877 0 1 0
v 0.0593595733 -0.007874541 0.271576573 0 1 0
v 0.0601972809 -0.00784807385 0.270086587 0 1 0
v 0.0610261271 -0.00780275246 0.268591816 0 1 0
v 0.0618226381 -0.00784844938 0.267079565 0 1 0
v 0.0626044174 -0.00787848765 0.265559454 0 1 0
v 0.0633765243 -0.00788536717 0.264033906 0 1 0
v 0.0641201296 -0.00787972355 0.26249432 0 0.501961 1
v 0.0648558918 -0.00787403502 0.260950938 0 0.501961 1
v 0.0655665925 -0.00788307504 0.259395851 0 0.501961 1
v 0.066267045 -0.00788837445 0.257836165 0 0.501961 1
v 0.0669518487 -0.00788317848 0.256269477 0 0.501961 1
v 0.0676172059 -0.00782761976 0.254696251 0 0.501961 1
v 0.0682676548 -0.00773955193 0.253117437 0 0.501961 1
v 0.0688960017 -0.00779780565 0.251530259 0 0.501961 1
v 0.0695139416 -0.00789204057 0.249939384 0 0.501961 1
v 0.0701125558 -0.00788539626 0.248337792 0 0.501961 1
v 0.0706981932 -0.00788354342 0.246731452 0 0.501961 1
v 0.0712719074 -0.00788806747 0.245120762 0 0.501961 1
v 0.0718217783 -0.00788965129 0.243501863 1 0.784314 0
v 0.072357683 -0.00789015989 0.241878195 1 0.784314 0
v 0.0728710993 -0.00789090464 0.240247331 1 0.784314 0
v 0.0733773359 -0.00789172477 0.238614169 1 0.784314 0
v 0.0738610123 -0.00788043212 0.23697425 1 0.784314 0
v 0.0743415521 -0.00786708952 0.235333398 1 0.784314 0
v 0.0748015272 -0.00787889954 0.233686657 1 0.784314 0
v 0.0752571888 -0.00788973504 0.232038705 1 0.784314 0
v 0.075700426 -0.00788796062 0.23038739 1 0.784314 0
v 0.0761257417 -0.00788362106 0.228731317 1 0.784314 0
v 0.0765353196 -0.00788451724 0.227071358 0.705882 0 1
v 0.0769247298 -0.00789088055 0.225406482 0.705882 0 1
v 0.0773038769 -0.00789014922 0.223739285 0.705882 0 1
v 0.0776683348 -0.00787961883 0.222068791 0.705882 0 1
v 0.0780259462 -0.00786619784 0.220396902 0.705882 0 1
v 0.0783668664 -0.00783736824 0.21872166 0.705882 0 1
v 0.0787077866 -0.00780853864 0.217046419 0.705882 0 1
v 0.0790278391 -0.00779056005 0.215366992 0.705882 0 1
v 0.0793439246 -0.00778063108 0.21368667 0.705882 0 1
v 0.0796428714 -0.00783926844 0.212004727 0.705882 0 1
v 0.0799242643 -0.00788388339 0.210319356 0 0.862745 0.862745
v 0.0801898817 -0.00788175796 0.208630292 0 0.862745 0.862745
v 0.0804347337 -0.00786402673 0.206938265 0 0.862745 0.862745
v 0.0806742017 -0.00783820569 0.205245492 0 0.862745 0.862745
v 0.0809057348 -0.00782014843 0.203551545 0 0.862745 0.862745
v 0.0811296582 -0.00779973308 0.201856572 0 0.862745 0.862745
v 0.0813464934 -0.00778484974 0.200160642 0 0.862745 0.862745
v 0.0815569441 -0.00777497547 0.19846385 0 0.862745 0.862745
v 0.0817592397 -0.00778646592 0.196766231 0 0.862745 0.862745
v 0.0819513671 -0.00781907518 0.195067551 0 0.862745 0.862745
v 0.0821419193 -0.00784902328 0.193368671 1 0.470588 0
v 0.0823159691 -0.007852646 0.191667738 1 0.470588 0
v 0.082480547 -0.00785403999 0.189965858 1 0.470588 0
v 0.0826307909 -0.00786398099 0.188262679 1 0.470588 0
v 0.0827764816 -0.00786992404 0.186559112 1 0.470588 0
v 0.0828993602 -0.00787918686 0.184853737 1 0.470588 0
v 0.0830198788 -0.00788399983 0.183148207 1 0.470588 0
v 0.0830776091 -0.0078846334 0.181439461 1 0.470588 0
v 0.0831190101 -0.00787872917 0.179730243 1 0.470588 0
v 0.0830978992 -0.00785505595 0.178020773 1 0.470588 0
v 0.0830134714 -0.00784141021 0.176313493 1 0.470588 0
v 0.0828614701 -0.00782706414 0.174610716 1 0.470588 0
v 0.0826402971 -0.00784628166 0.172915368 0.470588 1 0
v 0.0823967993 -0.00788895252 0.171224013 0.470588 1 0
v 0.0820662208 -0.00787903191 0.169546482 0.470588 1 0
v 0.0817297527 -0.00786888115 0.167870155 0.470588 1 0
v 0.0813677897 -0.00786255859 0.166199098 0.470588 1 0
v 0.0810125855 -0.00785549437 0.164526632 0.470588 1 0
v 0.0806742616 -0.00784678284 0.162850639 0.470588 1 0
v 0.0803472846 -0.00784472604 0.161172467 0.470588 1 0
v 0.0800381398 -0.00784513803 0.159490834 0.470588 1 0
v 0.0797500039 -0.00786382514 0.157805714 0.470588 1 0
v 0.0794733581 -0.00789269314 0.156118672 1 0 0.705882
v 0.0792177042 -0.0078600106 0.154428404 1 0 0.705882
v 0.0789637489 -0.00783017191 0.152737842 1 0 0.705882
v 0.0787265931 -0.0078650764 0.151044949 1 0 0.705882
v 0.0784991826 -0.00788672333 0.149350595 1 0 0.705882
v 0.0782811998 -0.00789054135 0.14765473 1 0 0.705882
v 0.0780817473 -0.00789260771 0.145956589 1 0 0.705882
v 0.0778837115 -0.00789434326 0.144258282 1 0 0.705882
v 0.0776894056 -0.00789474661 0.142559537 1 0 0.705882
v 0.0774988712 -0.00789498797 0.14086037 1 0 0.705882
v 0.0773118004 -0.00789510756 0.139160813 0.313725 0.313725 1
v 0.0771205579 -0.00789469405 0.137461721 0.313725 0.313725 1
v 0.0769282176 -0.00789424082 0.135762752 0.313725 0.313725 1
v 0.0767438189 -0.00789332359 0.134062903 0.313725 0.313725 1
v 0.0765599981 -0.00788642452 0.132363028 0.313725 0.313725 1
v 0.0763775186 -0.00786628588 0.130663091 0.313725 0.313725 1
v 0.076203467 -0.00786473795 0.128962209 0.313725 0.313725 1
v 0.0760328708 -0.00787214947 0.127260935 0.313725 0.313725 1
v 0.0758721033 -0.00788006911 0.125558775 0.313725 0.313725 1
v 0.0757123132 -0.00788751 0.123856452 0.313725 0.313725 1
v 0.0755576019 -0.00788496573 0.122153714 0.705882 0.470588 0.156863
v 0.075405459 -0.00785341849 0.120450967 0.705882 0.470588 0.156863
v 0.0752562067 -0.00784187542 0.11874779 0.705882 0.470588 0.156863
v 0.0751089235 -0.00782719954 0.117044487 0.705882 0.470588 0.156863
v 0.0749608509 -0.00781389998 0.115341308 0.705882 0.470588 0.156863
v 0.0748120693 -0.00781424085 0.113638064 0.705882 0.470588 0.156863
v 0.0746636608 -0.00780423555 0.111934794 0.705882 0.470588 0.156863
v 0.0745143132 -0.0078388647 0.11023268 0.705882 0.470588 0.156863
v 0.0743651145 -0.00788024315 0.108531351 0.470588 0.470588 0.470588
v 0.0742175794 -0.00786365235 0.106827986 0.470588 0.470588 0.470588
v 0.0740691386 -0.00787138068 0.105124825 0.470588 0.470588 0.470588
v 0.0739156452 -0.00789142016 0.103422024 0.470588 0.470588 0.470588
v 0.0737678118 -0.00789356209 0.101718617 0.470588 0.470588 0.470588
v 0.0736179612 -0.00788429635 0.100015411 0.470588 0.470588 0.470588
v 0.073469397 -0.00788005382 0.0983120654 0.470588 0.470588 0.470588
v 0.0733201366 -0.00788181067 0.0966087987 0.470588 0.470588 0.470588
v 0.0731681393 -0.00788957982 0.0949057648 0.470588 0.470588 0.470588
v 0.0730151889 -0.00788858824 0.0932028017 0.470588 0.470588 0.470588
v 0.0728616418 -0.00788920496 0.0914998921 1 0 0
v 0.0727125019 -0.0078928614 0.0897965906 1 0 0
v 0.0725641286 -0.00788125361 0.0880933418 1 0 0
v 0.0724165372 -0.00785187485 0.0863901548 1 0 0
v 0.0722690507 -0.00783191476 0.0846868964 1 0 0
v 0.0721210351 -0.00784395211 0.0829835368 1 0 0
v 0.0719735322 -0.00785666945 0.0812801449 1 0 0
v 0.0718257679 -0.00787789052 0.0795768518 1 0 0
v 0.0716770201 -0.00788733388 0.0778735715 1 0 0
v 0.0715225289 -0.00789087793 0.0761707468 1 0 0
v 0.0713778346 -0.00789318806 0.0744670598 1 0 0
v 0.0712309972 -0.00789488868 0.0727635564 1 0 0
v 0.071084595 -0.00789429833 0.0710600145 0 1 0
v 0.0709343093 -0.00788426187 0.0693568841 0 1 0
v 0.0707806801 -0.00787925818 0.0676539851 0 1 0
v 0.0706271436 -0.007882933 0.0659511155 0 1 0
v 0.0704718275 -0.00788170578 0.064248426 0 1 0
v 0.0703163176 -0.00786802224 0.0625457536 0 1 0
v 0.0701643505 -0.00784333221 0.060842877 0 1 0
v 0.0700044253 -0.00782581423 0.0591406561 0 1 0
v 0.0698411078 -0.00782690119 0.0574386519 0 1 0
v 0.0696758425 -0.00783445827 0.0557368645 0 1 0
v 0.0695042113 -0.0078476704 0.0540358012 0 0.501961 1
v 0.0693293163 -0.007871202 0.0523351101 0 0.501961 1
v 0.0691507104 -0.00786852599 0.0506348268 0 0.501961 1
v 0.0689659326 -0.00786367113 0.0489350252 0 0.501961 1
v 0.0687819696 -0.00784790169 0.047235216 0 0.501961 1
v 0.0685915302 -0.0078287732 0.0455361401 0 0.501961 1
v 0.0684005234 -0.00787257412 0.0438379123 0 0.501961 1
v 0.0682104108 -0.00788592928 0.0421390021 0 0.501961 1
v 0.0680208546 -0.0078727896 0.0404397888 1 0.784314 0
v 0.0678304705 -0.00786981529 0.0387406519 1 0.784314 0
v 0.0676385143 -0.00787983728 0.0370416765 1 0.784314 0
v 0.0674456557 -0.00787876301 0.0353428104 1 0.784314 0
v 0.0672532504 -0.00786987179 0.0336438726 1 0.784314 0
v 0.0670569693 -0.00785462241 0.0319454498 1 0.784314 0
v 0.0668613528 -0.00783343927 0.0302469865 1 0.784314 0
v 0.0666585028 -0.00784872487 0.0285494219 1 0.784314 0
v 0.0664527681 -0.00787584802 0.026852239 1 0.784314 0
v 0.0662433957 -0.00788476418 0.0251553429 1 0.784314 0
v 0.0660288825 -0.00788411008 0.0234590305 1 0.784314 0
v 0.0658162629 -0.00788953035 0.0217624887 1 0.784314 0
v 0.065603228 -0.00789495319 0.020066 1 0.784314 0
v 0.0518196573 -0.00998895571 0.283039914 0 0.862745 0.862745
v 0.0527906318 -0.00998072953 0.281632525 0 0.862745 0.862745
v 0.0537616062 -0.00997250335 0.280225135 0 0.862745 0.862745
v 0.0547251606 -0.00996987586 0.278812658 0 0.862745 0.862745
v 0.0556810356 -0.00996624231 0.277394951 0 0.862745 0.862745
v 0.0566158411 -0.00995465052 0.275963353 0 0.862745 0.862745
v 0.0575466131 -0.0099332297 0.274529243 1 0.470588 0
v 0.0584344613 -0.00994619951 0.273068069 1 0.470588 0
v 0.0593063723 -0.00997725638 0.271597799 1 0.470588 0
v 0.0601457555 -0.0099627622 0.270108225 1 0.470588 0
v 0.0609707786 -0.0099563089 0.268611073 1 0.470588 0
v 0.0617688372 -0.00997957592 0.267099087 1 0.470588 0
v 0.0625559238 -0.00998892869 0.265581247 1 0.470588 0
v 0.0633240677 -0.00998753324 0.26405369 1 0.470588 0
v 0.0640682676 -0.00997961932 0.262514304 1 0.470588 0
v 0.0647955474 -0.00997886749 0.260966907 1 0.470588 0
v 0.0655108749 -0.00998434472 0.259413884 0.470588 1 0
v 0.0662105155 -0.00998539662 0.257853818 0.470588 1 0
v 0.0668945912 -0.00998062484 0.256286776 0.470588 1 0
v 0.067562053 -0.00993900195 0.254713593 0.470588 1 0
v 0.068214668 -0.00986331494 0.253135003 0.470588 1 0
v 0.0688409466 -0.00991521213 0.251546484 0.470588 1 0
v 0.0694574966 -0.00998601076 0.249953457 0.470588 1 0
v 0.0700557172 -0.00997517089 0.248351702 0.470588 1 0
v 0.070643939 -0.00997101181 0.2467463 0.470588 1 0
v 0.071211864 -0.00997939847 0.24513354 0.470588 1 0
v 0.0717634044 -0.00998284446 0.243515173 1 0 0.705882
v 0.0723005238 -0.00998194182 0.241891872 1 0 0.705882
v 0.0728152044 -0.00998140946 0.240261396 1 0 0.705882
v 0.0733178271 -0.00998167689 0.238627084 1 0 0.705882
v 0.0738047673 -0.0099734023 0.236988088 1 0 0.705882
v 0.074286255 -0.0099644254 0.235347453 1 0 0.705882
v 0.0747559447 -0.00995882169 0.233703427 1 0 0.705882
v 0.0752121657 -0.00996814187 0.232055586 1 0 0.705882
v 0.0756599559 -0.00996286847 0.230405486 1 0 0.705882
v 0.0760921665 -0.00995112271 0.228751222 1 0 0.705882
v 0.0765000502 -0.00997505675 0.227090932 0.313725 0.313725 1
v 0.076891695 -0.00998459627 0.225426608 0.313725 0.313725 1
v 0.077264083 -0.00998270134 0.223757797 0.313725 0.313725 1
v 0.0776303254 -0.00997401425 0.222087656 0.313725 0.313725 1
v 0.0779814135 -0.00997948157 0.220414245 0.313725 0.313725 1
v 0.078325459 -0.00996153182 0.218739538 0.313725 0.313725 1
v 0.0786614748 -0.00994703789 0.217063119 0.313725 0.313725 1
v 0.0789862074 -0.0099370429 0.215384441 0.313725 0.313725 1
v 0.0793015819 -0.00992475879 0.213703967 0.313725 0.313725 1
v 0.0795978448 -0.00993518838 0.212020134 0.313725 0.313725 1
v 0.0798865126 -0.0099712516 0.210335211 0.705882 0.470588 0.156863
v 0.0801453304 -0.00997921126 0.208645138 0.705882 0.470588 0.156863
v 0.0803967193 -0.00998636085 0.2069539 0.705882 0.470588 0.156863
v 0.0806323318 -0.00997134169 0.205260461 0.705882 0.470588 0.156863
v 0.0808641285 -0.00996700055 0.203566396 0.705882 0.470588 0.156863
v 0.0810886981 -0.0099506987 0.201871441 0.705882 0.470588 0.156863
v 0.0813069412 -0.00994591627 0.200175581 0.705882 0.470588 0.156863
v 0.0815165439 -0.00993789943 0.198478642 0.705882 0.470588 0.156863
v 0.0817192948 -0.00992913324 0.196780873 0.705882 0.470588 0.156863
v 0.0819128097 -0.00995554689 0.195082259 0.705882 0.470588 0.156863
v 0.0821002844 -0.00997330793 0.193382894 0.705882 0.470588 0.156863
v 0.0822700161 -0.00997810798 0.191681514 0.705882 0.470588 0.156863
v 0.0824347117 -0.00998638529 0.189979629 0.470588 0.470588 0.470588
v 0.0825840549 -0.00998781621 0.188276354 0.470588 0.470588 0.470588
v 0.0827247406 -0.0099845318 0.1865723 0.470588 0.470588 0.470588
v 0.0828543299 -0.00998968548 0.184867405 0.470588 0.470588 0.470588
v 0.0829595685 -0.00998846725 0.183160796 0.470588 0.470588 0.470588
v 0.0830223025 -0.00998807513 0.181452396 0.470588 0.470588 0.470588
v 0.0830545446 -0.00998874149 0.179742867 0.470588 0.470588 0.470588
v 0.0830114803 -0.00998612195 0.178034139 0.470588 0.470588 0.470588
v 0.0829365784 -0.0099814165 0.176325931 0.470588 0.470588 0.470588
v 0.0827955844 -0.00997921349 0.17462345 0.470588 0.470588 0.470588
v 0.0825748946 -0.00998019372 0.172927897 0.470588 0.470588 0.470588
v 0.0823273361 -0.00997781359 0.171236679 0.470588 0.470588 0.470588
v 0.0820019469 -0.0099659181 0.169558117 1 0 0
v 0.081663047 -0.0099559275 0.167882253 1 0 0
v 0.0813095064 -0.00995000291 0.166209358 1 0 0
v 0.0809587034 -0.00994361726 0.164535901 1 0 0
v 0.0806207852 -0.00993547956 0.16285979 1 0 0
v 0.0802842171 -0.00992810327 0.16118342 1 0 0
v 0.0799810758 -0.00994470405 0.15950076 1 0 0
v 0.0796868798 -0.00997180696 0.15781664 1 0 0
v 0.0794137782 -0.00998929061 0.156128901 1 0 0
v 0.0791548031 -0.00998996632 0.154438772 1 0 0
v 0.0789088019 -0.00997694014 0.152746807 0 1 0
v 0.0786677865 -0.0099773541 0.151054113 0 1 0
v 0.0784469915 -0.00998721924 0.149358709 0 1 0
v 0.0782262292 -0.00998595239 0.147663168 0 1 0
v 0.0780262571 -0.00998751471 0.145965063 0 1 0
v 0.0778264716 -0.00998937091 0.144266929 0 1 0
v 0.0776368328 -0.00998997396 0.142567623 0 1 0
v 0.0774463232 -0.00999034992 0.140868422 0 1 0
v 0.0772548658 -0.00999039506 0.13916932 0 1 0
v 0.077066438 -0.00998982458 0.13746988 0 1 0
v 0.076876475 -0.00998918823 0.135770617 0 0.501961 1
v 0.0766895581 -0.00998941314 0.134071014 0 0.501961 1
v 0.076504522 -0.00998344691 0.132371235 0 0.501961 1
v 0.0763259415 -0.00996769757 0.130670804 0 0.501961 1
v 0.076149985 -0.00996758272 0.128970063 0 0.501961 1
v 0.0759753217 -0.00997456039 0.127269167 0 0.501961 1
v 0.0758157015 -0.00997813205 0.125566789 0 0.501961 1
v 0.0756565007 -0.00998409398 0.123864374 0 0.501961 1
v 0.0755040626 -0.00998713296 0.122161333 0 0.501961 1
v 0.075352154 -0.00998946394 0.120458241 0 0.501961 1
v 0.0752006284 -0.00998337513 0.118755128 1 0.784314 0
v 0.0750495405 -0.00997583764 0.11705198 1 0.784314 0
v 0.0749021475 -0.00995747893 0.115348745 1 0.784314 0
v 0.0747514208 -0.00995945994 0.113645558 1 0.784314 0
v 0.0746006614 -0.00995645603 0.111942369 1 0.784314 0
v 0.074451116 -0.00996569984 0.11023919 1 0.784314 0
v 0.0743007034 -0.00997777604 0.108536268 1 0.784314 0
v 0.0741509402 -0.00996425324 0.106833049 1 0.784314 0
v 0.0740010537 -0.00997126936 0.10512981 0.705882 0 1
v 0.0738527066 -0.00998634818 0.103426478 0.705882 0 1
v 0.0736984712 -0.00998748936 0.101723593 0.705882 0 1
v 0.0735477064 -0.0099818018 0.100020422 0.705882 0 1
v 0.0733979993 -0.0099705778 0.0983171728 0.705882 0 1
v 0.0732481432 -0.00997069061 0.0966139269 0.705882 0 1
v 0.0730949459 -0.00998179037 0.0949109863 0.705882 0 1
v 0.0729428486 -0.00998535265 0.0932079266 0.705882 0 1
v 0.07279159 -0.00998377815 0.0915047758 0.705882 0 1
v 0.0726367715 -0.00998718932 0.089801949 0.705882 0 1
v 0.0724881004 -0.00998879118 0.0880985722 0 0.862745 0.862745
v 0.0723406981 -0.00997105357 0.0863952461 0 0.862745 0.862745
v 0.0721949425 -0.00997000702 0.0846916581 0 0.862745 0.862745
v 0.0720481896 -0.00997776304 0.0829881365 0 0.862745 0.862745
v 0.0719042306 -0.00998202111 0.0812843601 0 0.862745 0.862745
v 0.0717596497 -0.00998898989 0.0795806596 0 0.862745 0.862745
v 0.0716135314 -0.00998688132 0.0778770634 0 0.862745 0.862745
v 0.0714661934 -0.00997724827 0.0761735986 0 0.862745 0.862745
v 0.0713210881 -0.00998751942 0.074469987 0 0.862745 0.862745
v 0.0711726058 -0.00998917397 0.0727665919 0 0.862745 0.862745
v 0.0710229634 -0.00998626668 0.0710633083 1 0.470588 0
v 0.0708684699 -0.00997869636 0.0693604639 1 0.470588 0
v 0.0707178051 -0.0099806443 0.0676572609 1 0.470588 0
v 0.0705649013 -0.00998022776 0.0659542581 1 0.470588 0
v 0.0704122058 -0.00997210067 0.0642512562 1 0.470588 0
v 0.0702588863 -0.00996360328 0.0625483125 1 0.470588 0
v 0.0701015596 -0.00995182404 0.0608457566 1 0.470588 0
v 0.0699401275 -0.00993383772 0.0591436342 1 0.470588 0
v 0.0697754326 -0.00993194685 0.0574417457 1 0.470588 0
v 0.0696033622 -0.00993022821 0.0557405716 1 0.470588 0
v 0.0694324479 -0.00994345016 0.054039344 0.470588 1 0
v 0.0692564022 -0.009962013 0.0523386979 0.470588 1 0
v 0.0690723175 -0.00996677834 0.0506387879 0.470588 1 0
v 0.0688880008 -0.00997442478 0.0489389153 0.470588 1 0
v 0.0686987453 -0.00998138964 0.0472395888 0.470588 1 0
v 0.068510088 -0.00998003049 0.0455401739 0.470588 1 0
v 0.0683201826 -0.00998160686 0.0438409029 0.470588 1 0
v 0.068129104 -0.00997829193 0.0421417612 0.470588 1 0
v 0.0679380882 -0.00997565992 0.040442612 1 0 0.705882
v 0.0677466276 -0.00997904177 0.0387435149 1 0 0.705882
v 0.067554861 -0.00998240623 0.0370444551 1 0 0.705882
v 0.0673631301 -0.00997668849 0.035345395 1 0 0.705882
v 0.0671696678 -0.00997142981 0.0336465361 1 0 0.705882
v 0.0669759717 -0.00997180133 0.031947704 1 0 0.705882
v 0.0667793095 -0.00995245721 0.0302493089 1 0 0.705882
v 0.0665830504 -0.00992848423 0.0285509237 1 0 0.705882
v 0.0663785688 -0.00994692625 0.0268535082 1 0 0.705882
v 0.0661739847 -0.00996135775 0.0251559978 1 0 0.705882
v 0.0659667158 -0.00997202409 0.0234588017 1 0 0.705882
v 0.0657529527 -0.00998072456 0.0217623843 1 0 0.705882
v 0.0655389476 -0.00999004163 0.020066 1 0 0.705882
v 0.051744866 -0.0120836571 0.283054777 0 0.862745 0.862745
v 0.0527213799 -0.0120853268 0.281651015 0 0.862745 0.862745
v 0.0536955942 -0.0120844296 0.280245665 0 0.862745 0.862745
v 0.0546647837 -0.0120833984 0.278836835 0 0.862745 0.862745
v 0.055625288 -0.0120819989 0.277422147 0 0.862745 0.862745
v 0.0565625942 -0.0120820036 0.275991906 0 0.862745 0.862745
v 0.0574833711 -0.0120816996 0.274551226 1 0.470588 0
v 0.0583714999 -0.0120810414 0.27308994 1 0.470588 0
v 0.0592420725 -0.0120810288 0.271618295 1 0.470588 0
v 0.0600806009 -0.0120709741 0.270128034 1 0.470588 0
v 0.0609000501 -0.0120688262 0.268627283 1 0.470588 0
v 0.0617035735 -0.0120776221 0.267117866 1 0.470588 0
v 0.0624903349 -0.0120865967 0.26559968 1 0.470588 0
v 0.0632578369 -0.0120866077 0.264071587 1 0.470588 0
v 0.0640031913 -0.012079852 0.262532612 1 0.470588 0
v 0.0647331475 -0.0120793232 0.260986237 1 0.470588 0
v 0.0654476908 -0.0120828072 0.259432685 0.470588 1 0
v 0.0661519523 -0.0120757356 0.257874485 0.470588 1 0
v 0.0668356167 -0.0120755717 0.256307088 0.470588 1 0
v 0.0675010973 -0.0120428587 0.254732648 0.470588 1 0
v 0.068150499 -0.011976277 0.25315215 0.470588 1 0
v 0.0687772248 -0.0120153522 0.251562616 0.470588 1 0
v 0.0693970075 -0.0120809932 0.249970295 0.470588 1 0
v 0.0699912535 -0.012069298 0.248366903 0.470588 1 0
v 0.0705787897 -0.01206302 0.246761081 0.470588 1 0
v 0.0711472905 -0.0120721104 0.245148364 0.470588 1 0
v 0.0717000812 -0.0120760708 0.243530285 1 0 0.705882
v 0.0722324925 -0.0120732584 0.241905273 1 0 0.705882
v 0.0727501667 -0.0120719372 0.24027557 1 0 0.705882
v 0.0732547448 -0.0120723876 0.2386417 1 0 0.705882
v 0.0737462326 -0.012073962 0.23700387 1 0 0.705882
v 0.0742273111 -0.0120705808 0.23536293 1 0 0.705882
v 0.0746980082 -0.0120609494 0.233719025 1 0 0.705882
v 0.0751647531 -0.012048951 0.232073991 1 0 0.705882
v 0.075607675 -0.0120413945 0.230422396 1 0 0.705882
v 0.0760443181 -0.0120358061 0.228769089 1 0 0.705882
v 0.0764515553 -0.0120611426 0.227108473 0.313725 0.313725 1
v 0.0768425152 -0.0120804291 0.225443896 0.313725 0.313725 1
v 0.0772151699 -0.0120781765 0.223774988 0.313725 0.313725 1
v 0.0775775484 -0.01207717 0.222103831 0.313725 0.313725 1
v 0.0779291008 -0.012083133 0.22043036 0.313725 0.313725 1
v 0.0782761964 -0.0120847114 0.218755959 0.313725 0.313725 1
v 0.0786117831 -0.0120858679 0.217079203 0.313725 0.313725 1
v 0.078944372 -0.0120860112 0.215401875 0.313725 0.313725 1
v 0.079251741 -0.0120741116 0.213719759 0.313725 0.313725 1
v 0.0795548649 -0.0120700262 0.212036921 0.313725 0.313725 1
v 0.0798336187 -0.0120787025 0.210349869 0.705882 0.470588 0.156863
v 0.0800982542 -0.0120813251 0.208660502 0.705882 0.470588 0.156863
v 0.0803465683 -0.0120862693 0.206968639 0.705882 0.470588 0.156863
v 0.0805842771 -0.012085436 0.20527524 0.705882 0.470588 0.156863
v 0.0808159456 -0.0120844319 0.203580998 0.705882 0.470588 0.156863
v 0.0810395803 -0.0120815349 0.201885686 0.705882 0.470588 0.156863
v 0.081259287 -0.0120827226 0.20018985 0.705882 0.470588 0.156863
v 0.0814693231 -0.0120797884 0.198492804 0.705882 0.470588 0.156863
v 0.0816726233 -0.0120781382 0.196794924 0.705882 0.470588 0.156863
v 0.0818676222 -0.0120780856 0.195096098 0.705882 0.470588 0.156863
v 0.0820481433 -0.0120773998 0.193395646 0.705882 0.470588 0.156863
v 0.0822254272 -0.0120769961 0.191694867 0.705882 0.470588 0.156863
v 0.0823783609 -0.0120776453 0.189991724 0.470588 0.470588 0.470588
v 0.0825271728 -0.0120769183 0.188288206 0.470588 0.470588 0.470588
v 0.0826665057 -0.0120773562 0.186583895 0.470588 0.470588 0.470588
v 0.082790535 -0.0120704213 0.18487843 0.470588 0.470588 0.470588
v 0.0828941528 -0.0120733904 0.183171566 0.470588 0.470588 0.470588
v 0.082974963 -0.0120795041 0.181463748 0.470588 0.470588 0.470588
v 0.0829926442 -0.0120836738 0.179753835 0.470588 0.470588 0.470588
v 0.0829887352 -0.0120836777 0.17804431 0.470588 0.470588 0.470588
v 0.082880735 -0.012074579 0.176337751 0.470588 0.470588 0.470588
v 0.0827314851 -0.0120684693 0.174635134 0.470588 0.470588 0.470588
v 0.082510689 -0.0120679662 0.172939439 0.470588 0.470588 0.470588
v 0.0822500494 -0.0120635505 0.171250175 0.470588 0.470588 0.470588
v 0.0819258787 -0.0120566056 0.16957119 1 0 0
v 0.0815889866 -0.0120586569 0.167894767 1 0 0
v 0.0812325177 -0.0120626122 0.166222333 1 0 0
v 0.0808809261 -0.0120664947 0.164548873 1 0 0
v 0.0805414364 -0.01206114 0.162872964 1 0 0
v 0.0802117305 -0.0120439232 0.16119513 1 0 0
v 0.0799094828 -0.0120564662 0.159512274 1 0 0
v 0.0796174693 -0.0120805599 0.157827555 1 0 0
v 0.0793469173 -0.0120815514 0.156139177 1 0 0
v 0.0790821164 -0.0120804363 0.154449795 1 0 0
v 0.0788346909 -0.012080302 0.152757828 0 1 0
v 0.0785931761 -0.0120831296 0.151064965 0 1 0
v 0.0783768018 -0.0120832503 0.149368754 0 1 0
v 0.0781574333 -0.01208184 0.147672882 0 1 0
v 0.0779595404 -0.0120832645 0.145974377 0 1 0
v 0.0777597999 -0.0120842746 0.144276088 0 1 0
v 0.0775682777 -0.0120847839 0.142576844 0 1 0
v 0.0773781331 -0.0120851849 0.140877448 0 1 0
v 0.0771902887 -0.0120854058 0.139177792 0 1 0
v 0.0769982054 -0.0120847082 0.137478609 0 1 0
v 0.076803937 -0.012083934 0.135779678 0 0.501961 1
v 0.0766234952 -0.0120849864 0.134079216 0 0.501961 1
v 0.0764424306 -0.0120765042 0.132378883 0 0.501961 1
v 0.0762587184 -0.0120579855 0.130678872 0 0.501961 1
v 0.0760853511 -0.01206384 0.128977749 0 0.501961 1
v 0.0759155143 -0.0120768503 0.127276247 0 0.501961 1
v 0.075749458 -0.0120778276 0.12557432 0 0.501961 1
v 0.0755854148 -0.0120781249 0.123872205 0 0.501961 1
v 0.0754315707 -0.0120756402 0.122169135 1 0.784314 0
v 0.075275314 -0.0120762759 0.120466284 1 0.784314 0
v 0.0751266728 -0.0120790543 0.11876275 1 0.784314 0
v 0.074978689 -0.0120640576 0.117059336 1 0.784314 0
v 0.0748287301 -0.0120235842 0.115356397 1 0.784314 0
v 0.0746799786 -0.0119978792 0.113653078 1 0.784314 0
v 0.0745279613 -0.0119880432 0.111949885 1 0.784314 0
v 0.0743766763 -0.0120282424 0.110247096 1 0.784314 0
v 0.0742252037 -0.0120718057 0.108544366 0.705882 0 1
v 0.0740738908 -0.0120765352 0.106841124 0.705882 0 1
v 0.0739225392 -0.0120773433 0.105137826 0.705882 0 1
v 0.0737693502 -0.0120803588 0.1034347 0.705882 0 1
v 0.0736156581 -0.0120824745 0.101731612 0.705882 0 1
v 0.0734639606 -0.0120744775 0.100028372 0.705882 0 1
v 0.0733100834 -0.0120656897 0.0983253234 0.705882 0 1
v 0.0731579211 -0.0120659388 0.09662211 0.705882 0 1
v 0.0730067596 -0.012076604 0.0949188286 0.705882 0 1
v 0.0728554498 -0.0120834015 0.0932155473 0.705882 0 1
v 0.072703313 -0.0120819922 0.0915123199 0 0.862745 0.862745
v 0.0725528723 -0.0120773599 0.0898089544 0 0.862745 0.862745
v 0.0724025964 -0.0120767659 0.0881055628 0 0.862745 0.862745
v 0.0722540978 -0.01207857 0.0864020175 0 0.862745 0.862745
v 0.072107187 -0.0120793201 0.0846983325 0 0.862745 0.862745
v 0.0719621026 -0.0120805875 0.0829944921 0 0.862745 0.862745
v 0.0718177385 -0.0120820965 0.0812905895 0 0.862745 0.862745
v 0.0716760338 -0.0120619451 0.0795866649 0 0.862745 0.862745
v 0.0715337608 -0.012037045 0.0778828133 0 0.862745 0.862745
v 0.071391447 -0.012022257 0.0761788094 0 0.862745 0.862745
v 0.0712496647 -0.0120180024 0.0744747799 1 0.470588 0
v 0.0710967211 -0.0120731082 0.0727725871 1 0.470588 0
v 0.0709467832 -0.012074392 0.0710693836 1 0.470588 0
v 0.070797729 -0.0120633102 0.0693659191 1 0.470588 0
v 0.0706443593 -0.0120597678 0.0676628105 1 0.470588 0
v 0.0704901542 -0.0120579794 0.0659597694 1 0.470588 0
v 0.0703353341 -0.0120543152 0.0642567909 1 0.470588 0
v 0.0701763109 -0.0120502845 0.0625541968 1 0.470588 0
v 0.0700187466 -0.0120417085 0.0608514897 1 0.470588 0
v 0.0698563074 -0.0120433592 0.0591492432 1 0.470588 0
v 0.0696905998 -0.0120396732 0.057447303 0.470588 1 0
v 0.0695244023 -0.0120310005 0.0557454122 0.470588 1 0
v 0.0693465062 -0.0120492212 0.0540448008 0.470588 1 0
v 0.0691662014 -0.0120649517 0.0523444285 0.470588 1 0
v 0.0689834694 -0.0120566287 0.0506442577 0.470588 1 0
v 0.0687969143 -0.0120548597 0.0489445269 0.470588 1 0
v 0.0686094381 -0.0120640099 0.047244855 0.470588 1 0
v 0.0684191744 -0.0120739468 0.0455455195 0.470588 1 0
v 0.0682281854 -0.0120794764 0.0438462209 0.470588 1 0
v 0.068037647 -0.0120810378 0.0421468611 0.470588 1 0
v 0.0678468845 -0.0120811455 0.0404475265 1 0 0.705882
v 0.0676554635 -0.0120806513 0.0387482658 1 0 0.705882
v 0.0674642693 -0.0120756069 0.0370489887 1 0 0.705882
v 0.0672727003 -0.0120695828 0.0353497546 1 0 0.705882
v 0.0670789738 -0.0120747651 0.0336507744 1 0 0.705882
v 0.0668851076 -0.0120776092 0.0319517926 1 0 0.705882
v 0.066690689 -0.0120685355 0.030252932 1 0 0.705882
v 0.0664934943 -0.0120437624 0.0285545116 1 0 0.705882
v 0.066297555 -0.0120460653 0.0268558175 1 0 0.705882
v 0.0660914345 -0.0120669681 0.0251584051 1 0 0.705882
v 0.0658888345 -0.0120710032 0.0234604873 1 0 0.705882
v 0.0656817786 -0.0120767705 0.021763081 1 0 0.705882
v 0.0654720837 -0.0120850397 0.020066 1 0 0.705882
v 0.0516519858 -0.0141775344 0.283072451 0 0.862745 0.862745
v 0.0526341966 -0.0141615912 0.2816726 0 0.862745 0.862745
v 0.0536074126 -0.0141687798 0.280266371 0 0.862745 0.862745
v 0.054578068 -0.0141790462 0.278858381 0 0.862745 0.862745
v 0.0555372119 -0.0141804915 0.277442501 0 0.862745 0.862745
v 0.056483348 -0.0141815511 0.276017892 0 0.862745 0.862745
v 0.0573964932 -0.0141812464 0.274571994 1 0.470588 0
v 0.0582963556 -0.0141813613 0.273117696 1 0.470588 0
v 0.0591548892 -0.0141817949 0.271638726 1 0.470588 0
v 0.0600046561 -0.0141825509 0.270154584 1 0.470588 0
v 0.0608156135 -0.0141810068 0.268649 1 0.470588 0
v 0.0616189569 -0.0141793292 0.267139225 1 0.470588 0
v 0.0624017563 -0.0141805752 0.265618754 1 0.470588 0
v 0.0631697936 -0.0141807598 0.264090716 1 0.470588 0
v 0.0639197626 -0.0141809011 0.262553818 1 0.470588 0
v 0.0646504025 -0.0141797424 0.261007549 1 0.470588 0
v 0.0653704802 -0.0141771178 0.259456365 0.470588 1 0
v 0.0660782936 -0.0141686919 0.257899544 0.470588 1 0
v 0.0667590105 -0.0141676682 0.256330673 0.470588 1 0
v 0.0674228802 -0.0141403903 0.254755105 0.470588 1 0
v 0.0680777963 -0.0140870715 0.253176173 0.470588 1 0
v 0.068705284 -0.0141186923 0.251586258 0.470588 1 0
v 0.0693236373 -0.0141760261 0.249992792 0.470588 1 0
v 0.0699191389 -0.0141640012 0.248389684 0.470588 1 0
v 0.0705077575 -0.0141558748 0.246784075 0.470588 1 0
v 0.07107026 -0.0141683056 0.245169076 0.470588 1 0
v 0.0716236887 -0.0141745751 0.243550994 1 0 0.705882
v 0.0721582623 -0.0141682122 0.241926502 1 0 0.705882
v 0.0726790334 -0.0141652379 0.240297604 1 0 0.705882
v 0.0731819673 -0.014168921 0.238663032 1 0 0.705882
v 0.073674953 -0.0141709218 0.237025453 1 0 0.705882
v 0.0741581111 -0.0141724859 0.235384925 1 0 0.705882
v 0.0746315375 -0.0141651024 0.23374159 1 0 0.705882
v 0.0750961176 -0.014152287 0.232095752 1 0 0.705882
v 0.0755393468 -0.0141440612 0.230444022 1 0 0.705882
v 0.07598018 -0.0141364214 0.228791633 1 0 0.705882
v 0.0763834309 -0.0141494984 0.227129852 0.313725 0.313725 1
v 0.0767747289 -0.0141703845 0.22546515 0.313725 0.313725 1
v 0.0771514634 -0.0141813469 0.223797091 0.313725 0.313725 1
v 0.0775119231 -0.0141804221 0.22212531 0.313725 0.313725 1
v 0.0778655173 -0.014179033 0.22045208 0.313725 0.313725 1
v 0.0782108668 -0.0141770077 0.218777113 0.313725 0.313725 1
v 0.0785492075 -0.0141764398 0.21710073 0.313725 0.313725 1
v 0.0788765167 -0.0141753154 0.215422145 0.313725 0.313725 1
v 0.0791921239 -0.0141756567 0.213741342 0.313725 0.313725 1
v 0.0794923646 -0.0141796162 0.212057723 0.313725 0.313725 1
v 0.0797714358 -0.0141814396 0.210370475 0.705882 0.470588 0.156863
v 0.0800409671 -0.014180343 0.208681664 0.705882 0.470588 0.156863
v 0.080286714 -0.014179084 0.206989224 0.705882 0.470588 0.156863
v 0.080529776 -0.0141785474 0.205296386 0.705882 0.470588 0.156863
v 0.0807589332 -0.0141730836 0.203601619 0.705882 0.470588 0.156863
v 0.0809860467 -0.0141669899 0.201906578 0.705882 0.470588 0.156863
v 0.0812018164 -0.0141622455 0.200210061 0.705882 0.470588 0.156863
v 0.0814146755 -0.0141567586 0.198513168 0.705882 0.470588 0.156863
v 0.081615444 -0.0141559609 0.196814816 0.705882 0.470588 0.156863
v 0.081806395 -0.014158781 0.195115312 0.705882 0.470588 0.156863
v 0.0819898577 -0.0141604411 0.193414988 0.705882 0.470588 0.156863
v 0.0821539132 -0.0141636617 0.191712696 0.705882 0.470588 0.156863
v 0.0823087382 -0.0141642423 0.190009525 0.470588 0.470588 0.470588
v 0.0824569046 -0.0141644875 0.188305771 0.470588 0.470588 0.470588
v 0.08258913 -0.0141574218 0.186600725 0.470588 0.470588 0.470588
v 0.0827190621 -0.0141448233 0.184895514 0.470588 0.470588 0.470588
v 0.0828173085 -0.0141470385 0.183188304 0.470588 0.470588 0.470588
v 0.0828999477 -0.0141575351 0.181480135 0.470588 0.470588 0.470588
v 0.0829327999 -0.0141634538 0.179770644 0.470588 0.470588 0.470588
v 0.0829211678 -0.0141661455 0.178060486 0.470588 0.470588 0.470588
v 0.0828139116 -0.0141611454 0.176353891 0.470588 0.470588 0.470588
v 0.0826604392 -0.0141583372 0.17465128 0.470588 0.470588 0.470588
v 0.0824294891 -0.0141577764 0.172956746 0.470588 0.470588 0.470588
v 0.082158205 -0.0141605357 0.17126875 0.470588 0.470588 0.470588
v 0.0818409474 -0.0141648729 0.16958825 1 0 0
v 0.0815001673 -0.0141692975 0.167912419 1 0 0
v 0.0811468568 -0.0141774703 0.166239138 1 0 0
v 0.0807953311 -0.0141783001 0.164565462 1 0 0
v 0.0804462272 -0.0141772941 0.162891296 1 0 0
v 0.0801249811 -0.0141768702 0.161211539 1 0 0
v 0.079813653 -0.0141763019 0.159530054 1 0 0
v 0.0795255483 -0.0141750665 0.157844297 1 0 0
v 0.0792507272 -0.014173431 0.156156401 1 0 0
v 0.0789947602 -0.0141709668 0.154465468 1 0 0
v 0.0787475958 -0.0141719436 0.152773299 0 1 0
v 0.0785071538 -0.0141771956 0.1510801 0 1 0
v 0.0782869177 -0.0141778838 0.149384214 0 1 0
v 0.0780720163 -0.0141760856 0.147687572 0 1 0
v 0.0778763114 -0.0141780148 0.145988623 0 1 0
v 0.0776758058 -0.0141790042 0.144290231 0 1 0
v 0.0774873037 -0.0141793899 0.142590456 0 1 0
v 0.0772974285 -0.0141795831 0.140890842 0 1 0
v 0.0771055512 -0.0141797142 0.139191445 0 1 0
v 0.0769155553 -0.0141790981 0.137491833 0 1 0
v 0.0767227587 -0.0141784842 0.135792549 0 0.501961 1
v 0.0765414045 -0.014179408 0.134091998 0 0.501961 1
v 0.0763597648 -0.0141706748 0.132391537 0 0.501961 1
v 0.0761798625 -0.0141506099 0.13069095 0 0.501961 1
v 0.0760045447 -0.0141636267 0.128989889 0 0.501961 1
v 0.0758294657 -0.0141746528 0.127288746 0 0.501961 1
v 0.07566017 -0.0141709021 0.125586951 0 0.501961 1
v 0.0754996355 -0.0141700081 0.123884318 0 0.501961 1
v 0.075346443 -0.0141659086 0.122181001 1 0.784314 0
v 0.0751893897 -0.0141667078 0.120478057 1 0.784314 0
v 0.0750337029 -0.014173624 0.118774975 1 0.784314 0
v 0.0748833031 -0.0141536865 0.117071682 1 0.784314 0
v 0.0747373683 -0.0141132883 0.115368199 1 0.784314 0
v 0.074582382 -0.0141045894 0.113665115 1 0.784314 0
v 0.0744268907 -0.0141127109 0.111962115 1 0.784314 0
v 0.0742763612 -0.0141564072 0.110259116 1 0.784314 0
v 0.0741202453 -0.0141747258 0.108556336 0.705882 0 1
v 0.0739653159 -0.014174316 0.106853172 0.705882 0 1
v 0.0738136141 -0.0141732452 0.105149715 0.705882 0 1
v 0.0736609502 -0.0141723398 0.103446345 0.705882 0 1
v 0.0735050337 -0.0141754865 0.101743271 0.705882 0 1
v 0.0733546119 -0.0141733559 0.100039707 0.705882 0 1
v 0.0732046532 -0.014169743 0.0983361019 0.705882 0 1
v 0.0730529112 -0.0141705895 0.0966326476 0.705882 0 1
v 0.0729013955 -0.0141747163 0.0949291842 0.705882 0 1
v 0.0727499338 -0.0141759042 0.0932257052 0.705882 0 1
v 0.0725982506 -0.0141762611 0.0915222459 0 0.862745 0.862745
v 0.0724505437 -0.0141664015 0.0898184668 0 0.862745 0.862745
v 0.0723028421 -0.0141568977 0.0881146862 0 0.862745 0.862745
v 0.0721562618 -0.014161414 0.0864107866 0 0.862745 0.862745
v 0.0720085788 -0.0141672772 0.0847069858 0 0.862745 0.862745
v 0.0718638687 -0.0141708364 0.0830029233 0 0.862745 0.862745
v 0.0717196161 -0.0141743483 0.0812988223 0 0.862745 0.862745
v 0.0715780002 -0.0141566215 0.0795946526 0 0.862745 0.862745
v 0.0714370321 -0.0141350022 0.0778904538 0 0.862745 0.862745
v 0.0712965019 -0.0141325221 0.0761860439 0 0.862745 0.862745
v 0.0711526396 -0.0141445341 0.0744820554 1 0.470588 0
v 0.0710078998 -0.0141757235 0.0727782771 1 0.470588 0
v 0.0708557184 -0.0141729485 0.0710748838 1 0.470588 0
v 0.0707013546 -0.0141662744 0.069371678 1 0.470588 0
v 0.0705510914 -0.0141685484 0.0676680947 1 0.470588 0
v 0.0703980633 -0.0141669852 0.0659647579 1 0.470588 0
v 0.070241116 -0.0141637224 0.0642617785 1 0.470588 0
v 0.0700840355 -0.0141551168 0.0625588323 1 0.470588 0
v 0.0699215142 -0.0141504686 0.0608564073 1 0.470588 0
v 0.0697595978 -0.0141603799 0.0591539187 1 0.470588 0
v 0.0695924691 -0.0141601238 0.0574519329 1 0.470588 0
v 0.0694201908 -0.0141514252 0.055750455 1 0.470588 0
v 0.0692443868 -0.0141633545 0.054049414 0.470588 1 0
v 0.0690647248 -0.0141733105 0.0523487327 0.470588 1 0
v 0.0688817339 -0.0141511731 0.0506485004 0.470588 1 0
v 0.0686968776 -0.0141330665 0.0489484438 0.470588 1 0
v 0.0685079798 -0.0141215309 0.0472487476 0.470588 1 0
v 0.0683190798 -0.0141280754 0.0455491102 0.470588 1 0
v 0.0681264159 -0.0141682854 0.0438502734 0.470588 1 0
v 0.0679344624 -0.0141722056 0.0421509365 0.470588 1 0
v 0.0677438746 -0.0141662033 0.0404514003 0.470588 1 0
v 0.0675522315 -0.0141636238 0.0387519756 0.470588 1 0
v 0.0673641484 -0.0141547838 0.0370521729 1 0 0.705882
v 0.0671730444 -0.0141563509 0.0353527099 1 0 0.705882
v 0.0669789327 -0.0141680156 0.0336536023 1 0 0.705882
v 0.0667854362 -0.0141703575 0.0319543982 1 0 0.705882
v 0.066592445 -0.0141678862 0.0302551245 1 0 0.705882
v 0.0663980492 -0.0141676116 0.0285560366 1 0 0.705882
v 0.066202203 -0.0141732775 0.0268570985 1 0 0.705882
v 0.0660044651 -0.0141766936 0.0251583799 1 0 0.705882
v 0.0658025607 -0.0141723821 0.0234601459 1 0 0.705882
v 0.0655966323 -0.0141726138 0.0217624061 1 0 0.705882
v 0.0653799593 -0.0141790912 0.020066 1 0 0.705882
v 0.0515313875 -0.016269827 0.283094998 0 0.862745 0.862745
v 0.0525157472 -0.0162422496 0.281696468 0 0.862745 0.862745
v 0.053497257 -0.0162532258 0.280295819 0 0.862745 0.862745
v 0.0544659879 -0.0162689395 0.27888626 0 0.862745 0.862745
v 0.0554235034 -0.0162649538 0.277468975 0 0.862745 0.862745
v 0.0563722519 -0.0162659701 0.276045833 0 0.862745 0.862745
v 0.0572843029 -0.0162593095 0.274598895 1 0.470588 0
v 0.0581807117 -0.0162581766 0.273142233 1 0.470588 0
v 0.0590464967 -0.016266766 0.271667159 1 0.470588 0
v 0.0598886429 -0.0162656774 0.270178451 1 0.470588 0
v 0.0607098095 -0.0162691709 0.268678021 1 0.470588 0
v 0.0615121533 -0.0162693125 0.267167501 1 0.470588 0
v 0.0622947876 -0.0162720278 0.265646615 1 0.470588 0
v 0.0630659389 -0.0162735908 0.264119952 1 0.470588 0
v 0.0638111601 -0.0162745141 0.262580387 1 0.470588 0
v 0.0645473653 -0.0162747775 0.261036534 1 0.470588 0
v 0.0652681825 -0.0162746847 0.259485393 0.470588 1 0
v 0.0659749846 -0.016270231 0.257927944 0.470588 1 0
v 0.0666604992 -0.0162594771 0.256360918 0.470588 1 0
v 0.0673316756 -0.0162356169 0.254787922 0.470588 1 0
v 0.0679859793 -0.0161884637 0.253208295 0.470588 1 0
v 0.0686163498 -0.0162192868 0.251619137 0.470588 1 0
v 0.0692398962 -0.016269654 0.2500272 0.470588 1 0
v 0.0698361377 -0.0162609907 0.248424138 0.470588 1 0
v 0.0704245173 -0.016251942 0.246818158 0.470588 1 0
v 0.0709867009 -0.0162649129 0.245202795 0.470588 1 0
v 0.0715406603 -0.0162719005 0.243584636 1 0 0.705882
v 0.0720730354 -0.0162625536 0.241959181 1 0 0.705882
v 0.0725980062 -0.0162570535 0.240331364 1 0 0.705882
v 0.0731007959 -0.0162631998 0.238696505 1 0 0.705882
v 0.0735909814 -0.0162699086 0.237057841 1 0 0.705882
v 0.0740733252 -0.0162712066 0.235416817 1 0 0.705882
v 0.0745463623 -0.0162639534 0.233773115 1 0 0.705882
v 0.0750130378 -0.0162571278 0.232127586 1 0 0.705882
v 0.0754548019 -0.0162531756 0.230475185 1 0 0.705882
v 0.0758896646 -0.0162482164 0.228820966 1 0 0.705882
v 0.0763032709 -0.0162492552 0.227161283 0.313725 0.313725 1
v 0.0767050299 -0.0162608623 0.225498803 0.313725 0.313725 1
v 0.0770741877 -0.0162681834 0.223828688 0.313725 0.313725 1
v 0.0774336035 -0.0162694567 0.222156486 0.313725 0.313725 1
v 0.0777798351 -0.0162627824 0.220481465 0.313725 0.313725 1
v 0.0781254928 -0.0162600512 0.218806321 0.313725 0.313725 1
v 0.0784646254 -0.0162543461 0.21712985 0.313725 0.313725 1
v 0.0787955717 -0.0162563033 0.21545173 0.313725 0.313725 1
v 0.0791128285 -0.0162608546 0.213771009 0.313725 0.313725 1
v 0.0794112461 -0.0162693188 0.21208682 0.313725 0.313725 1
v 0.0797003256 -0.016274579 0.210401083 0.705882 0.470588 0.156863
v 0.0799596233 -0.0162692358 0.208710416 0.705882 0.470588 0.156863
v 0.0802146791 -0.0162651744 0.207019118 0.705882 0.470588 0.156863
v 0.080449911 -0.0162633585 0.20532493 0.705882 0.470588 0.156863
v 0.0806827765 -0.0162602715 0.203630418 0.705882 0.470588 0.156863
v 0.0809055403 -0.0162604885 0.201934554 0.705882 0.470588 0.156863
v 0.0811239522 -0.0162603685 0.200238123 0.705882 0.470588 0.156863
v 0.0813354311 -0.0162546315 0.198540828 0.705882 0.470588 0.156863
v 0.0815351604 -0.0162543027 0.19684209 0.705882 0.470588 0.156863
v 0.0817296274 -0.0162529748 0.195142738 0.705882 0.470588 0.156863
v 0.0819050503 -0.0162521188 0.193441347 0.705882 0.470588 0.156863
v 0.0820692326 -0.0162518842 0.191738802 0.705882 0.470588 0.156863
v 0.0822271489 -0.0162516698 0.190035694 0.470588 0.470588 0.470588
v 0.0823647001 -0.0162541881 0.188330794 0.470588 0.470588 0.470588
v 0.0825004304 -0.0162555317 0.186625754 0.470588 0.470588 0.470588
v 0.0826168814 -0.0162553187 0.184919307 0.470588 0.470588 0.470588
v 0.0827269957 -0.0162587498 0.183212435 0.470588 0.470588 0.470588
v 0.0828004582 -0.0162617882 0.181503652 0.470588 0.470588 0.470588
v 0.0828447873 -0.016259836 0.179793829 0.470588 0.470588 0.470588
v 0.0828318098 -0.0162591501 0.178083467 0.470588 0.470588 0.470588
v 0.0827275136 -0.016258953 0.176376208 0.470588 0.470588 0.470588
v 0.0825629305 -0.0162587187 0.174674333 0.470588 0.470588 0.470588
v 0.0823353321 -0.0162517849 0.172979115 0.470588 0.470588 0.470588
v 0.0820552038 -0.016253271 0.171292287 0.470588 0.470588 0.470588
v 0.0817344343 -0.0162622525 0.169612215 1 0 0
v 0.0813902392 -0.0162646015 0.167936827 1 0 0
v 0.0810346231 -0.0162681709 0.166263767 1 0 0
v 0.0806867698 -0.0162694348 0.164589072 1 0 0
v 0.0803414311 -0.0162704087 0.162913888 1 0 0
v 0.0800139235 -0.0162699988 0.161235093 1 0 0
v 0.0796975079 -0.0162693005 0.159554304 1 0 0
v 0.0794198865 -0.0162675934 0.157866542 1 0 0
v 0.0791464362 -0.0162642646 0.156178158 1 0 0
v 0.0788891312 -0.0162562653 0.154487208 1 0 0
v 0.0786378519 -0.0162550312 0.152795393 0 1 0
v 0.0784015828 -0.0162661664 0.151101388 0 1 0
v 0.0781829196 -0.0162706735 0.149405091 0 1 0
v 0.0779717542 -0.0162687054 0.147707743 0 1 0
v 0.0777744768 -0.016270496 0.146008736 0 1 0
v 0.0775740325 -0.0162726686 0.144310093 0 1 0
v 0.0773853121 -0.0162728054 0.1426101 0 1 0
v 0.0771951912 -0.0162729863 0.140910268 0 1 0
v 0.0770068606 -0.0162732789 0.139210232 0 1 0
v 0.0768186325 -0.0162733532 0.13751018 0 1 0
v 0.0766228533 -0.0162726728 0.135810988 0 0.501961 1
v 0.0764436081 -0.01627343 0.134109967 0 0.501961 1
v 0.0762609416 -0.0162664967 0.132409347 0 0.501961 1
v 0.0760810215 -0.0162489009 0.130708489 0 0.501961 1
v 0.0759040828 -0.0162600143 0.129007334 0 0.501961 1
v 0.0757277547 -0.0162693566 0.127306058 0 0.501961 1
v 0.0755587857 -0.016266078 0.125603985 0 0.501961 1
v 0.0753947982 -0.0162606905 0.123901467 0 0.501961 1
v 0.0752378961 -0.0162510079 0.12219827 1 0.784314 0
v 0.0750817436 -0.0162539068 0.120495003 1 0.784314 0
v 0.0749273281 -0.0162672719 0.118791601 1 0.784314 0
v 0.0747746143 -0.0162346513 0.117088561 1 0.784314 0
v 0.0746216861 -0.0161901523 0.115385595 1 0.784314 0
v 0.0744697246 -0.0162179893 0.113682143 1 0.784314 0
v 0.0743149597 -0.0162444718 0.111978941 1 0.784314 0
v 0.0741575021 -0.0162668051 0.110275907 1 0.784314 0
v 0.0740036846 -0.0162701714 0.108572418 0.705882 0 1
v 0.073849023 -0.0162699299 0.106868982 0.705882 0 1
v 0.0736945972 -0.0162684748 0.105165526 0.705882 0 1
v 0.073539837 -0.0162672309 0.103462101 0.705882 0 1
v 0.0733880781 -0.0162693911 0.101758405 0.705882 0 1
v 0.0732368669 -0.0162668631 0.100054662 0.705882 0 1
v 0.0730848284 -0.0162625727 0.0983509951 0.705882 0 1
v 0.0729341749 -0.0162639676 0.0966472018 0.705882 0 1
v 0.0727835813 -0.0162674836 0.0949434045 0.705882 0 1
v 0.0726325832 -0.0162689708 0.0932396403 0.705882 0 1
v 0.0724835702 -0.0162684535 0.0915357021 0 0.862745 0.862745
v 0.072335484 -0.0162632491 0.0898316937 0 0.862745 0.862745
v 0.0721882196 -0.0162578579 0.0881276174 0 0.862745 0.862745
v 0.0720426887 -0.0162582569 0.0864233781 0 0.862745 0.862745
v 0.0718967015 -0.0162624359 0.0847191829 0 0.862745 0.862745
v 0.0717520585 -0.0162652956 0.0830148689 0 0.862745 0.862745
v 0.0716094718 -0.0162681929 0.0813103823 0 0.862745 0.862745
v 0.0714676926 -0.0162708177 0.0796058273 0 0.862745 0.862745
v 0.0713260718 -0.0162661817 0.077901271 0 0.862745 0.862745
v 0.0711843348 -0.0162592474 0.0761967246 0 0.862745 0.862745
v 0.0710420564 -0.0162623514 0.0744922203 1 0.470588 0
v 0.0708946595 -0.0162717193 0.0727881667 1 0.470588 0
v 0.0707489081 -0.0162717918 0.0710839448 1 0.470588 0
v 0.0706013412 -0.0162698829 0.0693798838 1 0.470588 0
v 0.0704483403 -0.0162675976 0.0676762989 1 0.470588 0
v 0.0702942711 -0.0162613352 0.0659728258 1 0.470588 0
v 0.0701365325 -0.0162538057 0.0642696895 1 0.470588 0
v 0.0699768208 -0.0162570306 0.0625667308 1 0.470588 0
v 0.0698159199 -0.0162605244 0.0608638918 1 0.470588 0
v 0.0696484703 -0.0162636183 0.0591616678 1 0.470588 0
v 0.0694802752 -0.0162648856 0.0574595168 1 0.470588 0
v 0.0693107483 -0.0162628424 0.0557574968 1 0.470588 0
v 0.069134772 -0.0162614835 0.054056134 0.470588 1 0
v 0.0689547227 -0.0162622663 0.0523551945 0.470588 1 0
v 0.0687708097 -0.0162554224 0.0506547177 0.470588 1 0
v 0.0685835928 -0.0162538147 0.048954552 0.470588 1 0
v 0.068396866 -0.016232866 0.0472544821 0.470588 1 0
v 0.0682067665 -0.0162285088 0.0455546832 0.470588 1 0
v 0.0680149779 -0.0162639185 0.0438553953 0.470588 1 0
v 0.0678242454 -0.0162649627 0.0421556443 0.470588 1 0
v 0.0676340122 -0.0162585958 0.0404558247 0.470588 1 0
v 0.0674425279 -0.0162548928 0.0387561412 0.470588 1 0
v 0.0672524853 -0.0162613245 0.0370563005 1 0 0.705882
v 0.067060505 -0.0162652596 0.0353566722 1 0 0.705882
v 0.0668654707 -0.0162672573 0.033657394 1 0 0.705882
v 0.0666701215 -0.0162660783 0.0319581434 1 0 0.705882
v 0.0664773182 -0.0162620095 0.0302586099 1 0 0.705882
v 0.0662856298 -0.0162506678 0.0285589797 1 0 0.705882
v 0.066090807 -0.0162491977 0.0268596852 1 0 0.705882
v 0.0658924964 -0.0162605003 0.0251608163 1 0 0.705882
v 0.0656932583 -0.0162689035 0.0234620515 1 0 0.705882
v 0.0654891484 -0.0162708121 0.021763834 1 0 0.705882
v 0.0652818616 -0.0162728313 0.020066 1 0 0.705882
v 0.0513519096 -0.018357945 0.283128007 0 0.862745 0.862745
v 0.052345027 -0.0183531503 0.281734943 0 0.862745 0.862745
v 0.0533408207 -0.0183555286 0.280343714 0 0.862745 0.862745
v 0.0543138203 -0.0183530333 0.278936594 0 0.862745 0.862745
v 0.0552762745 -0.0183437466 0.277522124 0 0.862745 0.862745
v 0.0562140157 -0.0183365271 0.276091368 0 0.862745 0.862745
v 0.0571325966 -0.0183299677 0.274648005 1 0.470588 0
v 0.0580271432 -0.0183323182 0.273189892 1 0.470588 0
v 0.0588963256 -0.0183465327 0.271716308 1 0.470588 0
v 0.0597450281 -0.0183502603 0.270230966 1 0.470588 0
v 0.060564579 -0.0183540081 0.268729149 1 0.470588 0
v 0.0613678612 -0.0183558603 0.267218648 1 0.470588 0
v 0.0621499 -0.0183576465 0.265696964 1 0.470588 0
v 0.0629179925 -0.0183603188 0.26416823 1 0.470588 0
v 0.0636678971 -0.0183617902 0.262630471 1 0.470588 0
v 0.0644072888 -0.0183637218 0.261087614 1 0.470588 0
v 0.0651360753 -0.0183648396 0.259539741 0.470588 1 0
v 0.065842573 -0.0183510087 0.25798164 0.470588 1 0
v 0.066542619 -0.0183341378 0.256420635 0.470588 1 0
v 0.0672101922 -0.0183071601 0.254845654 0.470588 1 0
v 0.0678714745 -0.0182895057 0.253267832 0.470588 1 0
v 0.0685083649 -0.0183161437 0.251680329 0.470588 1 0
v 0.0691313669 -0.0183641375 0.250087631 0.470588 1 0
v 0.0697310334 -0.0183575483 0.248485393 0.470588 1 0
v 0.0703250471 -0.0183484346 0.246880988 0.470588 1 0
v 0.0708896606 -0.0183593387 0.245265993 0.470588 1 0
v 0.0714442834 -0.0183669146 0.243647585 1 0 0.705882
v 0.0719771115 -0.0183572858 0.242021814 1 0 0.705882
v 0.072501242 -0.0183513148 0.24039325 1 0 0.705882
v 0.0729979564 -0.0183616519 0.238756091 1 0 0.705882
v 0.073490153 -0.0183701873 0.237117579 1 0 0.705882
v 0.073967098 -0.0183688003 0.235474517 1 0 0.705882
v 0.0744392607 -0.0183679787 0.233830076 1 0 0.705882
v 0.0749045386 -0.0183649598 0.232183709 1 0 0.705882
v 0.0753476329 -0.0183610777 0.230531202 1 0 0.705882
v 0.0757801722 -0.0183587228 0.228875951 1 0 0.705882
v 0.0761914784 -0.0183588322 0.227215242 0.313725 0.313725 1
v 0.0765875064 -0.0183581871 0.225550944 0.313725 0.313725 1
v 0.0769565776 -0.0183574757 0.223880344 0.313725 0.313725 1
v 0.0773161805 -0.0183606649 0.222207704 0.313725 0.313725 1
v 0.0776672035 -0.0183586591 0.220533225 0.313725 0.313725 1
v 0.0780148131 -0.0183533929 0.218858058 0.313725 0.313725 1
v 0.0783600045 -0.0183381678 0.217182426 0.313725 0.313725 1
v 0.0786865313 -0.0183314532 0.215503019 0.313725 0.313725 1
v 0.0790046991 -0.0183351038 0.213821984 0.313725 0.313725 1
v 0.079304876 -0.0183437778 0.212137716 0.313725 0.313725 1
v 0.0795888392 -0.0183573081 0.210450614 0.313725 0.313725 1
v 0.079858558 -0.0183588989 0.208761184 0.313725 0.313725 1
v 0.0801080206 -0.0183611833 0.207068594 0.705882 0.470588 0.156863
v 0.0803489866 -0.0183601058 0.205374773 0.705882 0.470588 0.156863
v 0.080580134 -0.0183583618 0.203679582 0.705882 0.470588 0.156863
v 0.0808047597 -0.0183600351 0.201983509 0.705882 0.470588 0.156863
v 0.0810260264 -0.0183614854 0.200286998 0.705882 0.470588 0.156863
v 0.0812341752 -0.0183628843 0.198588825 0.705882 0.470588 0.156863
v 0.08144034 -0.0183648067 0.196890408 0.705882 0.470588 0.156863
v 0.0816208886 -0.0183640427 0.19518912 0.705882 0.470588 0.156863
v 0.0817939588 -0.0183630969 0.19348701 0.705882 0.470588 0.156863
v 0.0819569755 -0.0183622156 0.191783934 0.705882 0.470588 0.156863
v 0.082103832 -0.0183598611 0.190079364 0.705882 0.470588 0.156863
v 0.0822465046 -0.0183595438 0.188374442 0.705882 0.470588 0.156863
v 0.0823779245 -0.0183563404 0.186668622 0.470588 0.470588 0.470588
v 0.0824991347 -0.0183574455 0.184962059 0.470588 0.470588 0.470588
v 0.0826064347 -0.0183609976 0.183254586 0.470588 0.470588 0.470588
v 0.0826735791 -0.0183606656 0.181545157 0.470588 0.470588 0.470588
v 0.0827199919 -0.0183621277 0.179834902 0.470588 0.470588 0.470588
v 0.0826975885 -0.0183632073 0.178125623 0.470588 0.470588 0.470588
v 0.0825915735 -0.0183606348 0.176418027 0.470588 0.470588 0.470588
v 0.0824374956 -0.0183561863 0.174715046 0.470588 0.470588 0.470588
v 0.0822099358 -0.0183487193 0.173019397 0.470588 0.470588 0.470588
v 0.0819279516 -0.0183516733 0.171332308 0.470588 0.470588 0.470588
v 0.0816188046 -0.0183611817 0.169649611 1 0 0
v 0.0812665669 -0.0183596658 0.167975485 1 0 0
v 0.0809066013 -0.0183564787 0.1663029 1 0 0
v 0.0805543166 -0.0183577307 0.164628678 1 0 0
v 0.0802068966 -0.0183584636 0.162953517 1 0 0
v 0.0798902372 -0.018360812 0.161272192 1 0 0
v 0.079576068 -0.0183626432 0.159590439 1 0 0
v 0.0792929037 -0.0183619287 0.157903149 1 0 0
v 0.0790097394 -0.0183612143 0.156215859 1 0 0
v 0.0787603072 -0.0183501936 0.154523292 1 0 0
v 0.0785141246 -0.0183413364 0.152830324 0 1 0
v 0.0782844325 -0.0183574529 0.151135012 0 1 0
v 0.0780627813 -0.0183632988 0.149438664 0 1 0
v 0.0778496975 -0.0183606266 0.147741105 0 1 0
v 0.0776533212 -0.0183629363 0.146041551 0 1 0
v 0.0774545451 -0.0183653397 0.144342268 0 1 0
v 0.0772661055 -0.0183654075 0.142641796 0 1 0
v 0.077077296 -0.0183655004 0.140941368 0 1 0
v 0.0768882102 -0.0183657337 0.13924097 0 1 0
v 0.0767003158 -0.0183658554 0.137540435 0 1 0
v 0.0765085139 -0.018365473 0.135840336 0 0.501961 1
v 0.0763289299 -0.0183659431 0.134138902 0 0.501961 1
v 0.0761459628 -0.0183601463 0.132437863 0 0.501961 1
v 0.0759615151 -0.0183485833 0.13073699 0 0.501961 1
v 0.075785051 -0.0183529574 0.12903527 0 0.501961 1
v 0.0756111524 -0.0183615453 0.12733327 0 0.501961 1
v 0.0754413308 -0.0183628729 0.125630837 0 0.501961 1
v 0.0752744954 -0.0183596112 0.12392814 0 0.501961 1
v 0.0751173451 -0.0183448699 0.122224555 1 0.784314 0
v 0.0749592707 -0.0183443963 0.120521058 1 0.784314 0
v 0.0748013286 -0.0183585543 0.118817538 1 0.784314 0
v 0.0746510364 -0.0183166429 0.117113975 1 0.784314 0
v 0.0744973183 -0.0182850824 0.115410547 1 0.784314 0
v 0.0743393519 -0.0183229719 0.113707393 1 0.784314 0
v 0.0741829425 -0.0183499316 0.112003936 1 0.784314 0
v 0.0740284558 -0.0183616586 0.110300083 1 0.784314 0
v 0.0738738939 -0.0183624039 0.108596196 0.705882 0 1
v 0.0737181697 -0.0183620491 0.106892412 0.705882 0 1
v 0.0735654415 -0.0183618328 0.105188357 0.705882 0 1
v 0.0734126722 -0.0183611974 0.103484307 0.705882 0 1
v 0.0732607294 -0.018360457 0.101780182 0.705882 0 1
v 0.0731094239 -0.0183583067 0.100076002 0.705882 0 1
v 0.0729599409 -0.0183512293 0.0983716763 0.705882 0 1
v 0.0728106966 -0.0183507409 0.0966673323 0.705882 0 1
v 0.0726615275 -0.0183577697 0.0949629763 0.705882 0 1
v 0.0725121365 -0.0183617168 0.0932586335 0.705882 0 1
v 0.0723636562 -0.0183598521 0.091554204 0 0.862745 0.862745
v 0.0722148582 -0.0183579726 0.0898498021 0 0.862745 0.862745
v 0.0720686062 -0.0183576799 0.0881451799 0 0.862745 0.862745
v 0.0719218428 -0.0183560852 0.0864406013 0 0.862745 0.862745
v 0.0717762871 -0.0183598619 0.0847359226 0 0.862745 0.862745
v 0.0716307259 -0.0183615038 0.083031242 0 0.862745 0.862745
v 0.0714861709 -0.0183618564 0.0813264749 0 0.862745 0.862745
v 0.0713439573 -0.0183637975 0.0796215118 0 0.862745 0.862745
v 0.0712036406 -0.0183641724 0.0779163897 0 0.862745 0.862745
v 0.0710623542 -0.0183602929 0.0762113568 0 0.862745 0.862745
v 0.07092018 -0.0183647679 0.0745063955 1 0.470588 0
v 0.0707772847 -0.0183635794 0.0728014925 1 0.470588 0
v 0.0706347104 -0.018352087 0.071096599 1 0.470588 0
v 0.0704858829 -0.0183493476 0.0693922039 1 0.470588 0
v 0.0703352017 -0.0183486821 0.0676879665 1 0.470588 0
v 0.0701789518 -0.0183419839 0.0659842467 1 0.470588 0
v 0.0700214486 -0.018336438 0.0642806354 1 0.470588 0
v 0.0698588886 -0.018342298 0.0625775169 1 0.470588 0
v 0.0696945562 -0.0183527622 0.0608745751 1 0.470588 0
v 0.0695300863 -0.0183587627 0.0591716236 1 0.470588 0
v 0.0693634137 -0.0183634362 0.0574688851 1 0.470588 0
v 0.0691914281 -0.0183620853 0.0557666669 1 0.470588 0
v 0.0690170572 -0.0183601482 0.0540646934 0.470588 1 0
v 0.0688346809 -0.0183579138 0.0523635599 0.470588 1 0
v 0.0686499747 -0.0183567415 0.0506626776 0.470588 1 0
v 0.0684643999 -0.0183601585 0.0489618901 0.470588 1 0
v 0.0682767271 -0.0183590618 0.0472613298 0.470588 1 0
v 0.0680873624 -0.0183587142 0.0455609559 0.470588 1 0
v 0.0678968855 -0.018358546 0.0438607111 0.470588 1 0
v 0.0677072815 -0.0183612356 0.042160366 0.470588 1 0
v 0.0675156055 -0.0183595528 0.0404602545 0.470588 1 0
v 0.0673230541 -0.0183561581 0.038760242 0.470588 1 0
v 0.0671319054 -0.0183587497 0.0370600778 1 0 0.705882
v 0.066937013 -0.0183523814 0.0353603406 1 0 0.705882
v 0.0667432173 -0.0183522497 0.0336604704 1 0 0.705882
v 0.0665485538 -0.0183565012 0.0319607065 1 0 0.705882
v 0.0663536843 -0.0183572348 0.0302609766 1 0 0.705882
v 0.0661605453 -0.0183469515 0.0285610584 1 0 0.705882
v 0.0659657797 -0.0183383966 0.026861318 1 0 0.705882
v 0.0657668823 -0.0183435349 0.0251620666 1 0 0.705882
v 0.065566066 -0.0183547884 0.0234630453 1 0 0.705882
v 0.0653640597 -0.0183634489 0.021764149 1 0 0.705882
v 0.0651556952 -0.0183651078 0.020066 1 0 0.705882
v 0.0511266753 -0.0204412397 0.283169102 0 0.862745 0.862745
v 0.0521466215 -0.0204508169 0.281794855 0 0.862745 0.862745
v 0.0531417589 -0.020451609 0.280402468 0 0.862745 0.862745
v 0.0541255964 -0.0204560276 0.27900208 0 0.862745 0.862745
v 0.0550919805 -0.0204517554 0.277589677 0 0.862745 0.862745
v 0.0560260466 -0.0204538965 0.276155607 0 0.862745 0.862745
v 0.0569496896 -0.0204509373 0.274714859 1 0.470588 0
v 0.0578411992 -0.0204475696 0.273253954 1 0.470588 0
v 0.058722385 -0.0204524386 0.271786886 1 0.470588 0
v 0.0595622894 -0.0204450148 0.270295735 1 0.470588 0
v 0.0603976712 -0.0204398256 0.268802067 1 0.470588 0
v 0.0611911776 -0.0204405089 0.267285714 1 0.470588 0
v 0.061982861 -0.0204415628 0.265768388 1 0.470588 0
v 0.0627450614 -0.0204459135 0.264236066 1 0.470588 0
v 0.063504725 -0.0204504951 0.262702468 1 0.470588 0
v 0.0642438846 -0.0204534804 0.261158882 1 0.470588 0
v 0.0649793268 -0.0204554812 0.259613537 0.470588 1 0
v 0.0656915683 -0.0204314176 0.25805754 0.470588 1 0
v 0.0663940453 -0.0204128106 0.256497021 0.470588 1 0
v 0.0670675137 -0.0204125466 0.254923675 0.470588 1 0
v 0.0677354736 -0.0204060491 0.25334801 0.470588 1 0
v 0.0683715144 -0.0204328311 0.251759542 0.470588 1 0
v 0.0690011436 -0.0204603945 0.250168363 0.470588 1 0
v 0.0696084201 -0.0204562474 0.248568348 0.470588 1 0
v 0.0702044563 -0.020446797 0.246964087 0.470588 1 0
v 0.0707719532 -0.0204566948 0.2453495 0.470588 1 0
v 0.0713293756 -0.0204627052 0.243731428 1 0 0.705882
v 0.0718599368 -0.0204594549 0.242104311 1 0 0.705882
v 0.0723777061 -0.0204559741 0.240473133 1 0 0.705882
v 0.0728769006 -0.0204583119 0.238836111 1 0 0.705882
v 0.073365761 -0.0204627688 0.237196007 1 0 0.705882
v 0.0738419038 -0.0204638354 0.235552133 1 0 0.705882
v 0.0743129237 -0.0204636607 0.233906785 1 0 0.705882
v 0.0747734594 -0.0204631441 0.23225849 1 0 0.705882
v 0.0752226106 -0.0204636511 0.230607035 1 0 0.705882
v 0.0756473449 -0.0204630684 0.228949185 1 0 0.705882
v 0.0760627232 -0.0204640285 0.227288914 0.313725 0.313725 1
v 0.0764477081 -0.0204620821 0.22562147 0.313725 0.313725 1
v 0.0768157874 -0.020458533 0.22395008 0.313725 0.313725 1
v 0.0771776474 -0.0204520949 0.222277356 0.313725 0.313725 1
v 0.0775295589 -0.0204533479 0.220602495 0.313725 0.313725 1
v 0.0778772992 -0.0204579086 0.218926765 0.313725 0.313725 1
v 0.0782144342 -0.0204546957 0.217248885 0.313725 0.313725 1
v 0.0785444774 -0.0204446848 0.215569614 0.313725 0.313725 1
v 0.0788626272 -0.0204427552 0.21388801 0.313725 0.313725 1
v 0.0791738089 -0.0204429135 0.212205112 0.313725 0.313725 1
v 0.0794594326 -0.0204532964 0.210517702 0.313725 0.313725 1
v 0.0797306234 -0.0204488338 0.208827915 0.313725 0.313725 1
v 0.0799808352 -0.0204527747 0.207134872 0.705882 0.470588 0.156863
v 0.0802234326 -0.02045663 0.205440725 0.705882 0.470588 0.156863
v 0.0804542397 -0.0204596469 0.203744918 0.705882 0.470588 0.156863
v 0.0806818158 -0.0204626358 0.202048681 0.705882 0.470588 0.156863
v 0.0808967312 -0.020461416 0.200350786 0.705882 0.470588 0.156863
v 0.0811084822 -0.020461316 0.198652496 0.705882 0.470588 0.156863
v 0.0812995156 -0.0204607004 0.196951766 0.705882 0.470588 0.156863
v 0.0814830215 -0.0204603217 0.195250196 0.705882 0.470588 0.156863
v 0.0816587339 -0.0204615479 0.193547801 0.705882 0.470588 0.156863
v 0.0818161198 -0.0204596166 0.191843612 0.705882 0.470588 0.156863
v 0.0819650007 -0.0204587943 0.190138656 0.705882 0.470588 0.156863
v 0.0821063596 -0.0204586139 0.188433068 0.705882 0.470588 0.156863
v 0.0822378795 -0.0204551023 0.186726689 0.470588 0.470588 0.470588
v 0.0823646872 -0.0204519726 0.185019967 0.470588 0.470588 0.470588
v 0.0824571707 -0.0204485194 0.183311039 0.470588 0.470588 0.470588
v 0.0825475152 -0.0204454833 0.181601983 0.470588 0.470588 0.470588
v 0.0825669052 -0.0204512442 0.179890748 0.470588 0.470588 0.470588
v 0.0825554522 -0.0204564209 0.178180005 0.470588 0.470588 0.470588
v 0.0824507827 -0.0204555495 0.176471764 0.470588 0.470588 0.470588
v 0.0822858793 -0.0204515134 0.174769326 0.470588 0.470588 0.470588
v 0.082062219 -0.0204443459 0.173072574 0.470588 0.470588 0.470588
v 0.0817821455 -0.0204458228 0.171384629 0.470588 0.470588 0.470588
v 0.0814683445 -0.0204532761 0.16970222 1 0 0
v 0.0811178832 -0.0204475303 0.16802709 1 0 0
v 0.0807633738 -0.0204424976 0.166352777 1 0 0
v 0.0804072435 -0.0204430003 0.164678799 1 0 0
v 0.0800597916 -0.0204428777 0.163003066 1 0 0
v 0.0797347133 -0.0204428462 0.161322779 1 0 0
v 0.079422757 -0.0204468487 0.159640089 1 0 0
v 0.079136984 -0.0204526166 0.157952715 1 0 0
v 0.0788666113 -0.0204523732 0.156262768 1 0 0
v 0.0786186934 -0.0204387832 0.154569464 1 0 0
v 0.0783712073 -0.0204262569 0.152876109 0 1 0
v 0.0781420479 -0.0204445079 0.151180176 0 1 0
v 0.0779221993 -0.0204542162 0.149483018 0 1 0
v 0.0777134799 -0.0204518588 0.147784354 0 1 0
v 0.0775150076 -0.0204538894 0.146084482 0 1 0
v 0.0773185968 -0.0204567299 0.144384353 0 1 0
v 0.0771320842 -0.0204570691 0.142683104 0 1 0
v 0.0769431205 -0.020457155 0.140982131 0 1 0
v 0.0767560493 -0.020457413 0.139280943 0 1 0
v 0.0765706248 -0.0204572884 0.137579574 0 1 0
v 0.076378984 -0.0204568485 0.135878896 0 0.501961 1
v 0.0761969333 -0.0204572285 0.134177167 0 0.501961 1
v 0.0760124807 -0.0204563831 0.132475695 0 0.501961 1
v 0.0758318659 -0.0204488952 0.130773824 0 0.501961 1
v 0.0756531072 -0.0204480303 0.129071754 0 0.501961 1
v 0.075475089 -0.020451455 0.127369597 0 0.501961 1
v 0.0753076474 -0.0204542238 0.12566637 0 0.501961 1
v 0.0751418148 -0.0204539539 0.123962989 0 0.501961 1
v 0.074983806 -0.020437407 0.122258934 1 0.784314 0
v 0.0748252402 -0.0204368472 0.120554918 1 0.784314 0
v 0.0746656947 -0.0204482179 0.118850964 1 0.784314 0
v 0.074512941 -0.0204255797 0.117146526 1 0.784314 0
v 0.0743583002 -0.020405215 0.115442532 1 0.784314 0
v 0.0742015431 -0.0204347225 0.113738544 1 0.784314 0
v 0.074046837 -0.0204469202 0.112034179 1 0.784314 0
v 0.0738916121 -0.0204537447 0.110329802 1 0.784314 0
v 0.0737382107 -0.0204537965 0.108625247 0.705882 0 1
v 0.0735844032 -0.020452806 0.106920729 0.705882 0 1
v 0.073431535 -0.0204531162 0.105216126 0.705882 0 1
v 0.0732783471 -0.0204524399 0.103511552 0.705882 0 1
v 0.0731279214 -0.0204518606 0.101806731 0.705882 0 1
v 0.0729784526 -0.0204476049 0.100101845 0.705882 0 1
v 0.072832277 -0.0204331197 0.0983967164 0.705882 0 1
v 0.0726836299 -0.0204280482 0.0966917698 0.705882 0 1
v 0.0725319249 -0.0204425042 0.0949871238 0.705882 0 1
v 0.0723818852 -0.0204524856 0.093282316 0.705882 0 1
v 0.072236145 -0.020450879 0.0915770888 0 0.862745 0.862745
v 0.0720881346 -0.0204495887 0.0898720581 0 0.862745 0.862745
v 0.0719429733 -0.0204509168 0.0881667814 0 0.862745 0.862745
v 0.0717959377 -0.0204524326 0.086461669 0 0.862745 0.862745
v 0.0716474781 -0.0204545008 0.084756677 0 0.862745 0.862745
v 0.0715028758 -0.0204553517 0.0830513545 0 0.862745 0.862745
v 0.0713594422 -0.020455585 0.0813459318 0 0.862745 0.862745
v 0.0712170233 -0.0204503117 0.0796404452 0 0.862745 0.862745
v 0.0710747602 -0.0204476356 0.0779349258 0 0.862745 0.862745
v 0.070934389 -0.0204407993 0.0762292696 0 0.862745 0.862745
v 0.0707941404 -0.0204475926 0.0745236186 1 0.470588 0
v 0.0706530833 -0.0204571952 0.0728180278 1 0.470588 0
v 0.0705052172 -0.0204512924 0.071112995 1 0.470588 0
v 0.0703560617 -0.0204472095 0.0694080705 1 0.470588 0
v 0.0702035968 -0.0204492505 0.067703432 1 0.470588 0
v 0.0700512065 -0.0204516013 0.0659987872 1 0.470588 0
v 0.0698929269 -0.0204476952 0.0642946844 1 0.470588 0
v 0.0697331573 -0.0204442759 0.0625907172 1 0.470588 0
v 0.0695714139 -0.0204435769 0.0608869419 1 0.470588 0
v 0.0694036961 -0.0204487641 0.0591837431 1 0.470588 0
v 0.0692359783 -0.0204539514 0.0574805443 1 0.470588 0
v 0.0690653275 -0.0204541726 0.0557776296 1 0.470588 0
v 0.0688900093 -0.0204471435 0.0540752037 0.470588 1 0
v 0.068707889 -0.0204469569 0.0523734786 0.470588 1 0
v 0.0685242357 -0.020447587 0.0506719191 0.470588 1 0
v 0.068339646 -0.0204463095 0.0489704594 0.470588 1 0
v 0.0681532147 -0.0204446356 0.0472692002 0.470588 1 0
v 0.0679611242 -0.0204398631 0.0455685787 0.470588 1 0
v 0.0677685229 -0.0204346451 0.0438680159 0.470588 1 0
v 0.0675756464 -0.020442371 0.0421674974 0.470588 1 0
v 0.0673821621 -0.0204500712 0.0404670502 0.470588 1 0
v 0.0671904977 -0.0204490815 0.0387663742 0.470588 1 0
v 0.0669957717 -0.0204464861 0.0370660508 1 0 0.705882
v 0.0668040702 -0.0204376645 0.0353653994 1 0 0.705882
v 0.0666085602 -0.0204381519 0.0336651778 1 0 0.705882
v 0.0664116308 -0.0204490703 0.031965137 1 0 0.705882
v 0.0662169399 -0.0204515651 0.030264816 1 0 0.705882
v 0.0660226984 -0.0204497886 0.0285644317 1 0 0.705882
v 0.0658250236 -0.0204444526 0.026864456 1 0 0.705882
v 0.0656274195 -0.0204374343 0.025164472 1 0 0.705882
v 0.0654273489 -0.0204417009 0.0234647791 1 0 0.705882
v 0.0652249035 -0.0204507888 0.0217653746 1 0 0.705882
v 0.0650221333 -0.0204568908 0.020066 1 0 0.705882
v 0.0508804138 -0.0225223178 0.283213912 0.705882 0.470588 0.156863
v 0.0519050732 -0.0225309153 0.281842387 0.705882 0.470588 0.156863
v 0.0529237686 -0.0225435584 0.280466527 0.705882 0.470588 0.156863
v 0.0539101592 -0.0225500195 0.279067254 0.705882 0.470588 0.156863
v 0.0548825595 -0.0225490078 0.277658239 0.705882 0.470588 0.156863
v 0.0558231618 -0.0225484141 0.276227799 0.705882 0.470588 0.156863
v 0.0567464364 -0.0225484083 0.274786096 0.470588 0.470588 0.470588
v 0.0576450834 -0.0225453584 0.273328919 0.470588 0.470588 0.470588
v 0.0585239164 -0.0225470598 0.271859742 0.470588 0.470588 0.470588
v 0.0593748503 -0.0225456255 0.270374235 0.470588 0.470588 0.470588
v 0.0602049964 -0.0225412826 0.268877037 0.470588 0.470588 0.470588
v 0.0610097841 -0.0225435787 0.267365959 0.470588 0.470588 0.470588
v 0.0617960755 -0.0225454041 0.265845197 0.470588 0.470588 0.470588
v 0.062567785 -0.022544505 0.264316946 0.470588 0.470588 0.470588
v 0.0633234136 -0.022547601 0.262780714 0.470588 0.470588 0.470588
v 0.0640688619 -0.0225492126 0.261239483 0.470588 0.470588 0.470588
v 0.0648029105 -0.0225445061 0.2596929 1 0 0
v 0.065518765 -0.022518554 0.258137919 1 0 0
v 0.0662318751 -0.0225013311 0.256581639 1 0 0
v 0.0669054227 -0.0225082816 0.255007675 1 0 0
v 0.0675774679 -0.0225159705 0.25343307 1 0 0
v 0.0682197373 -0.022533318 0.2518462 1 0 0
v 0.0688558583 -0.0225546652 0.250256879 1 0 0
v 0.069462205 -0.0225514028 0.248655884 1 0 0
v 0.0700624928 -0.0225440402 0.247052548 1 0 0
v 0.070634408 -0.0225489894 0.245438872 1 0 0
v 0.0711934003 -0.0225549017 0.243820712 0 1 0
v 0.071726843 -0.0225555118 0.2421939 0 1 0
v 0.0722404182 -0.0225551991 0.240560793 0 1 0
v 0.0727342917 -0.0225546581 0.238921533 0 1 0
v 0.0732161457 -0.022555271 0.237278716 0 1 0
v 0.0736925139 -0.0225563171 0.235634284 0 1 0
v 0.0741643597 -0.0225557131 0.233988556 0 1 0
v 0.0746256248 -0.0225492788 0.232339835 0 1 0
v 0.075070631 -0.022547857 0.230686661 0 1 0
v 0.0754955212 -0.0225470284 0.229028182 0 1 0
v 0.0759063178 -0.0225461697 0.227366194 0 0.501961 1
v 0.0762892685 -0.0225516322 0.225697541 0 0.501961 1
v 0.0766657422 -0.022553135 0.224027428 0 0.501961 1
v 0.0770217471 -0.0225439161 0.222352839 0 0.501961 1
v 0.0773769318 -0.0225343161 0.220678073 0 0.501961 1
v 0.077719535 -0.0225372659 0.219000701 0 0.501961 1
v 0.0780571521 -0.0225451249 0.217322297 0 0.501961 1
v 0.0783901011 -0.022544185 0.215642976 0 0.501961 1
v 0.0787061211 -0.0225445667 0.213960371 0 0.501961 1
v 0.0790196445 -0.0225473372 0.212277283 0 0.501961 1
v 0.0793071634 -0.0225475113 0.210589661 0 0.501961 1
v 0.0795754309 -0.0225398366 0.208898786 0 0.501961 1
v 0.0798339724 -0.0225372254 0.207206441 1 0.784314 0
v 0.0800710053 -0.0225405585 0.20551089 1 0.784314 0
v 0.080301101 -0.0225436213 0.2038144 1 0.784314 0
v 0.0805217567 -0.0225508905 0.202116653 1 0.784314 0
v 0.0807427335 -0.0225523039 0.200418933 1 0.784314 0
v 0.0809549545 -0.0225510265 0.198720098 1 0.784314 0
v 0.0811471835 -0.0225524626 0.197018886 1 0.784314 0
v 0.0813387698 -0.0225539935 0.195317599 1 0.784314 0
v 0.0815011372 -0.0225522677 0.193613305 1 0.784314 0
v 0.0816593458 -0.0225502106 0.191908591 1 0.784314 0
v 0.081808768 -0.0225491173 0.190203111 1 0.784314 0
v 0.0819461396 -0.0225492815 0.18849659 1 0.784314 0
v 0.0820789627 -0.0225486222 0.186789729 0.705882 0 1
v 0.082194233 -0.0225467656 0.185081573 0.705882 0 1
v 0.0823021384 -0.0225443919 0.183372974 0.705882 0 1
v 0.0823678904 -0.0225432042 0.181662238 0.705882 0 1
v 0.0824101992 -0.0225449273 0.179950892 0.705882 0 1
v 0.0823740993 -0.0225468038 0.178239742 0.705882 0 1
v 0.0822803769 -0.0225450509 0.176530384 0.705882 0 1
v 0.082107773 -0.022542222 0.174827698 0.705882 0 1
v 0.0818991458 -0.0225388442 0.173128418 0.705882 0 1
v 0.0816138029 -0.0225404559 0.171440761 0.705882 0 1
v 0.0813068691 -0.0225431704 0.169756469 0 0.862745 0.862745
v 0.0809527536 -0.0225342772 0.168081476 0 0.862745 0.862745
v 0.0805953938 -0.0225271651 0.166407163 0 0.862745 0.862745
v 0.080239227 -0.0225241635 0.164732582 0 0.862745 0.862745
v 0.0798966191 -0.0225235545 0.16305525 0 0.862745 0.862745
v 0.0795693108 -0.0225226093 0.161374788 0 0.862745 0.862745
v 0.0792642999 -0.0225313737 0.159690238 0 0.862745 0.862745
v 0.0789725499 -0.0225400895 0.158003308 0 0.862745 0.862745
v 0.0787104158 -0.0225391275 0.156311454 0 0.862745 0.862745
v 0.0784588916 -0.0225286712 0.154618067 0 0.862745 0.862745
v 0.0782153291 -0.0225168218 0.152923503 1 0.470588 0
v 0.0779907935 -0.0225342349 0.151226338 1 0.470588 0
v 0.0777711321 -0.0225443785 0.149528545 1 0.470588 0
v 0.0775607168 -0.0225424965 0.147829484 1 0.470588 0
v 0.0773650732 -0.0225444519 0.146128679 1 0.470588 0
v 0.0771714158 -0.0225472585 0.144427633 1 0.470588 0
v 0.0769829831 -0.0225475568 0.142725994 1 0.470588 0
v 0.0767964037 -0.0225479477 0.141024154 1 0.470588 0
v 0.0766111478 -0.0225483337 0.139322168 1 0.470588 0
v 0.0764257273 -0.0225482037 0.137620198 1 0.470588 0
v 0.0762384556 -0.0225472373 0.135918431 0.470588 1 0
v 0.0760544789 -0.0225481572 0.134216304 0.470588 1 0
v 0.0758705174 -0.0225474823 0.132514178 0.470588 1 0
v 0.0756875579 -0.0225377105 0.13081197 0.470588 1 0
v 0.0755103342 -0.0225370777 0.129109146 0.470588 1 0
v 0.0753356626 -0.0225413549 0.127406044 0.470588 1 0
v 0.0751663319 -0.0225434606 0.125702409 0.470588 1 0
v 0.0749998372 -0.0225444294 0.123998482 0.470588 1 0
v 0.0748393347 -0.0225295936 0.12229405 1 0 0.705882
v 0.0746807507 -0.0225279744 0.120589408 1 0 0.705882
v 0.0745231071 -0.0225350552 0.118884665 1 0 0.705882
v 0.0743686291 -0.0225153823 0.117179725 1 0 0.705882
v 0.0742139361 -0.0225115786 0.11547479 1 0 0.705882
v 0.074059439 -0.0225333175 0.113769874 1 0 0.705882
v 0.0739047602 -0.022543259 0.11206489 1 0 0.705882
v 0.073749799 -0.0225438025 0.110359876 1 0 0.705882
v 0.0735990621 -0.0225418053 0.108654484 0.313725 0.313725 1
v 0.0734455103 -0.0225411224 0.106949344 0.313725 0.313725 1
v 0.0732919604 -0.0225422821 0.105244203 0.313725 0.313725 1
v 0.0731391784 -0.0225406214 0.103538999 0.313725 0.313725 1
v 0.0729906041 -0.0225425534 0.101833418 0.313725 0.313725 1
v 0.0728419339 -0.0225432628 0.10012785 0.313725 0.313725 1
v 0.0726928425 -0.0225289202 0.0984223726 0.313725 0.313725 1
v 0.0725444545 -0.0225218062 0.0967168313 0.313725 0.313725 1
v 0.0723980128 -0.0225346941 0.0950111128 0.313725 0.313725 1
v 0.0722502282 -0.0225431479 0.0933054999 0.313725 0.313725 1
v 0.0720984292 -0.0225406421 0.0916002038 0.705882 0.470588 0.156863
v 0.0719498713 -0.0225371919 0.0898946296 0.705882 0.470588 0.156863
v 0.0718037819 -0.0225341421 0.0881888387 0.705882 0.470588 0.156863
v 0.0716568214 -0.0225369851 0.0864831245 0.705882 0.470588 0.156863
v 0.0715110698 -0.0225438257 0.0847773135 0.705882 0.470588 0.156863
v 0.0713635641 -0.0225456463 0.0830716482 0.705882 0.470588 0.156863
v 0.0712149905 -0.0225447808 0.0813660657 0.705882 0.470588 0.156863
v 0.0710766723 -0.0225310802 0.0796596847 0.705882 0.470588 0.156863
v 0.0709382619 -0.022518974 0.0779532999 0.705882 0.470588 0.156863
v 0.0708000303 -0.0225073229 0.0762468903 0.705882 0.470588 0.156863
v 0.0706572181 -0.0225085283 0.0745408725 0.470588 0.470588 0.470588
v 0.0705062087 -0.0225398701 0.0728357916 0.470588 0.470588 0.470588
v 0.0703600994 -0.022544909 0.0711300549 0.470588 0.470588 0.470588
v 0.0702117094 -0.0225445213 0.0694244576 0.470588 0.470588 0.470588
v 0.0700646004 -0.0225466102 0.0677187538 0.470588 0.470588 0.470588
v 0.0699102891 -0.0225473225 0.0660136819 0.470588 0.470588 0.470588
v 0.069752448 -0.0225429785 0.0643089379 0.470588 0.470588 0.470588
v 0.0695908404 -0.0225379981 0.0626045489 0.470588 0.470588 0.470588
v 0.0694258819 -0.0225374691 0.0609004728 0.470588 0.470588 0.470588
v 0.0692624008 -0.0225410429 0.059196259 0.470588 0.470588 0.470588
v 0.0690983195 -0.0225439966 0.0574921025 0.470588 0.470588 0.470588
v 0.0689283815 -0.0225373703 0.0557885366 0.470588 0.470588 0.470588
v 0.0687560606 -0.0225279671 0.0540852159 1 0 0
v 0.0685722566 -0.0225268241 0.052383089 1 0 0
v 0.0683816855 -0.0225297079 0.0506816893 1 0 0
v 0.0681948321 -0.022530099 0.0489798791 1 0 0
v 0.0680091985 -0.0225295063 0.0472779319 1 0 0
v 0.0678207444 -0.0225274784 0.0455762995 1 0 0
v 0.0676253722 -0.0225306645 0.0438754587 1 0 0
v 0.0674318438 -0.0225378439 0.0421744073 1 0 0
v 0.0672372244 -0.0225397697 0.040473476 1 0 0
v 0.0670437321 -0.0225389182 0.0387724057 1 0 0
v 0.0668512735 -0.0225387772 0.037071216 0 1 0
v 0.0666541843 -0.0225382135 0.0353705579 0 1 0
v 0.0664560376 -0.022537257 0.0336700216 0 1 0
v 0.0662600272 -0.0225381933 0.0319692534 0 1 0
v 0.0660644989 -0.0225328525 0.0302684221 0 1 0
v 0.0658677153 -0.0225354389 0.0285677374 0 1 0
v 0.0656694404 -0.0225427356 0.0268672314 0 1 0
v 0.0654716644 -0.0225429781 0.0251666603 0 1 0
v 0.065274019 -0.0225453605 0.023466067 0 1 0
v 0.0650725962 -0.0225462991 0.0217659174 0 1 0
v 0.0648692091 -0.0225473819 0.020066 0 1 0
v 0.0505995658 -0.0245988328 0.283265089 0.705882 0.470588 0.156863
v 0.0516461229 -0.0246020456 0.281909281 0.705882 0.470588 0.156863
v 0.052668367 -0.0246172047 0.280535391 0.705882 0.470588 0.156863
v 0.0536734882 -0.0246417487 0.2791488 0.705882 0.470588 0.156863
v 0.0546411236 -0.0246382006 0.277735672 0.705882 0.470588 0.156863
v 0.0556022406 -0.0246330971 0.276318033 0.705882 0.470588 0.156863
v 0.056521888 -0.0246326218 0.274873182 0.470588 0.470588 0.470588
v 0.0574351448 -0.0246322166 0.27342424 0.470588 0.470588 0.470588
v 0.0583053498 -0.0246377291 0.271949094 0.470588 0.470588 0.470588
v 0.0591711623 -0.0246441471 0.270471314 0.470588 0.470588 0.470588
v 0.0599968329 -0.0246458849 0.268971004 0.470588 0.470588 0.470588
v 0.0608066791 -0.0246454927 0.267461813 0.470588 0.470588 0.470588
v 0.0616005333 -0.0246420311 0.265944249 0.470588 0.470588 0.470588
v 0.0623733419 -0.0246392356 0.264415763 0.470588 0.470588 0.470588
v 0.0631319981 -0.0246348882 0.262880235 0.470588 0.470588 0.470588
v 0.0638777607 -0.0246360851 0.261338371 0.470588 0.470588 0.470588
v 0.0646169773 -0.024640166 0.25979337 1 0 0
v 0.0653388761 -0.0246291975 0.258240228 1 0 0
v 0.0660500989 -0.0246189925 0.256682304 1 0 0
v 0.0667285097 -0.0246236923 0.255109649 1 0 0
v 0.0674062517 -0.0246287208 0.253536708 1 0 0
v 0.0680455382 -0.0246397991 0.25194779 1 0 0
v 0.0686839491 -0.0246493102 0.250358498 1 0 0
v 0.0692956907 -0.0246466262 0.248758797 1 0 0
v 0.0698998939 -0.0246406084 0.247156173 1 0 0
v 0.0704687887 -0.024644206 0.245540708 1 0 0
v 0.0710302893 -0.0246481747 0.243922627 0 1 0
v 0.0715679667 -0.0246503758 0.242296464 0 1 0
v 0.0720808124 -0.0246498771 0.240662413 0 1 0
v 0.0725752125 -0.02464695 0.239022575 0 1 0
v 0.0730530631 -0.0246459961 0.237377844 0 1 0
v 0.0735284936 -0.0246460126 0.235732404 0 1 0
v 0.0739948944 -0.0246460618 0.234084391 0 1 0
v 0.0744563008 -0.0246386189 0.23243498 0 1 0
v 0.0749010409 -0.0246359867 0.230781036 0 1 0
v 0.0753261301 -0.0246362627 0.229121878 0 1 0
v 0.0757344871 -0.0246358066 0.227458576 0 0.501961 1
v 0.0761183471 -0.024641706 0.225789411 0 0.501961 1
v 0.0764921301 -0.0246436067 0.224117979 0 0.501961 1
v 0.076852156 -0.0246382914 0.222443519 0 0.501961 1
v 0.0772038454 -0.0246318035 0.220767292 0 0.501961 1
v 0.0775478246 -0.0246356224 0.219089445 0 0.501961 1
v 0.0778883587 -0.0246403852 0.217410908 0 0.501961 1
v 0.0782162083 -0.0246295739 0.215729864 0 0.501961 1
v 0.078544058 -0.0246187626 0.214048821 0 0.501961 1
v 0.0788442584 -0.0246221708 0.212362658 0 0.501961 1
v 0.0791332106 -0.0246280876 0.21067447 0 0.501961 1
v 0.0794094449 -0.0246296212 0.208984225 0 0.501961 1
v 0.0796570063 -0.0246364847 0.207289476 1 0.784314 0
v 0.0799034935 -0.0246429847 0.205594572 1 0.784314 0
v 0.0801286791 -0.0246423337 0.203896693 1 0.784314 0
v 0.0803526898 -0.0246404801 0.202198658 1 0.784314 0
v 0.0805663896 -0.024639962 0.200499297 1 0.784314 0
v 0.0807794963 -0.0246378973 0.198799859 1 0.784314 0
v 0.0809734914 -0.0246390332 0.197098184 1 0.784314 0
v 0.0811557258 -0.0246425728 0.195395163 1 0.784314 0
v 0.081325528 -0.0246421135 0.193690852 1 0.784314 0
v 0.0814861717 -0.0246403905 0.191985662 1 0.784314 0
v 0.0816296246 -0.0246394088 0.190278936 1 0.784314 0
v 0.0817695638 -0.0246391488 0.188571915 1 0.784314 0
v 0.0818962022 -0.0246383373 0.186863858 0.705882 0 1
v 0.0820159954 -0.0246372061 0.18515531 0.705882 0 1
v 0.0821171813 -0.0246359624 0.183445582 0.705882 0 1
v 0.0821879617 -0.0246360368 0.18173438 0.705882 0 1
v 0.0822288364 -0.0246359502 0.180022282 0.705882 0 1
v 0.0821759269 -0.0246345281 0.178310803 0.705882 0 1
v 0.0820984422 -0.0246331198 0.176599809 0.705882 0 1
v 0.0819284581 -0.0246313918 0.174896131 0.705882 0 1
v 0.0817231249 -0.0246283144 0.173195738 0.705882 0 1
v 0.0814403657 -0.0246285463 0.171507005 0.705882 0 1
v 0.0811297792 -0.0246289992 0.169822725 0 0.862745 0.862745
v 0.0807767328 -0.0246206479 0.168146779 0 0.862745 0.862745
v 0.0804231977 -0.0246114555 0.166470942 0 0.862745 0.862745
v 0.0800653356 -0.0246064266 0.164796007 0 0.862745 0.862745
v 0.0797249043 -0.0246029271 0.163117507 0 0.862745 0.862745
v 0.0793968241 -0.0246007084 0.161436476 0 0.862745 0.862745
v 0.0790969359 -0.0246136426 0.159750287 0 0.862745 0.862745
v 0.0788079008 -0.024627193 0.158062228 0 0.862745 0.862745
v 0.0785429278 -0.0246278892 0.1563701 0 0.862745 0.862745
v 0.0782941687 -0.0246208448 0.154675581 0 0.862745 0.862745
v 0.0780541287 -0.0246098833 0.152979779 1 0.470588 0
v 0.0778261585 -0.0246253033 0.15128234 1 0.470588 0
v 0.0776073814 -0.024634133 0.149583705 1 0.470588 0
v 0.0774032785 -0.0246331828 0.147883161 1 0.470588 0
v 0.0772048849 -0.0246347169 0.146181958 1 0.470588 0
v 0.0770102565 -0.0246368153 0.144480311 1 0.470588 0
v 0.0768273921 -0.024637669 0.142777353 1 0.470588 0
v 0.0766415875 -0.0246381273 0.141074717 1 0.470588 0
v 0.0764548695 -0.0246382905 0.139372176 1 0.470588 0
v 0.0762731417 -0.0246371814 0.137669099 1 0.470588 0
v 0.0760862523 -0.0246362652 0.135966579 0.470588 1 0
v 0.0759034617 -0.0246378979 0.134263613 0.470588 1 0
v 0.0757204782 -0.0246344579 0.13256068 0.470588 1 0
v 0.0755348891 -0.0246254184 0.13085804 0.470588 1 0
v 0.0753585351 -0.0246291586 0.129154421 0.470588 1 0
v 0.075179645 -0.0246351941 0.127451051 0.470588 1 0
v 0.0750132099 -0.0246359922 0.125746412 0.470588 1 0
v 0.0748494092 -0.0246328535 0.124041531 0.470588 1 0
v 0.0746892886 -0.0246223037 0.122336318 1 0 0.705882
v 0.0745289373 -0.0246200278 0.120631108 1 0 0.705882
v 0.0743694224 -0.0246226905 0.118925819 1 0 0.705882
v 0.0742188762 -0.0246145692 0.117219718 1 0 0.705882
v 0.0740651557 -0.0246155594 0.115513965 1 0 0.705882
v 0.0739069482 -0.0246293774 0.113808595 1 0 0.705882
v 0.0737555991 -0.024632801 0.112102566 1 0 0.705882
v 0.073604501 -0.0246325587 0.110396498 1 0 0.705882
v 0.0734497666 -0.0246299 0.108690756 0.313725 0.313725 1
v 0.0732966657 -0.0246299324 0.106984868 0.313725 0.313725 1
v 0.0731442622 -0.0246322623 0.105278917 0.313725 0.313725 1
v 0.0729936165 -0.0246278675 0.103572816 0.313725 0.313725 1
v 0.0728423487 -0.0246265313 0.101866768 0.313725 0.313725 1
v 0.0726900931 -0.0246331296 0.100160813 0.313725 0.313725 1
v 0.0725460115 -0.0246220693 0.0984541724 0.313725 0.313725 1
v 0.072398618 -0.0246154626 0.0967478168 0.313725 0.313725 1
v 0.0722434433 -0.0246253565 0.0950421406 0.313725 0.313725 1
v 0.0720927944 -0.0246303404 0.0933360557 0.313725 0.313725 1
v 0.0719481064 -0.0246284605 0.0916294311 0.705882 0.470588 0.156863
v 0.0718008458 -0.0246246871 0.0899230358 0.705882 0.470588 0.156863
v 0.0716514676 -0.0246206011 0.0882168224 0.705882 0.470588 0.156863
v 0.0715053512 -0.0246237099 0.0865103308 0.705882 0.470588 0.156863
v 0.0713532658 -0.0246319908 0.0848043683 0.705882 0.470588 0.156863
v 0.0712102926 -0.024633343 0.0830976041 0.705882 0.470588 0.156863
v 0.0710652976 -0.0246329662 0.0813910097 0.705882 0.470588 0.156863
v 0.0709213507 -0.0246252236 0.0796843472 0.705882 0.470588 0.156863
v 0.0707768026 -0.0246152723 0.0779777407 0.705882 0.470588 0.156863
v 0.0706374963 -0.0246104645 0.0762706734 0.705882 0.470588 0.156863
v 0.0704945348 -0.0246159261 0.0745639653 0.470588 0.470588 0.470588
v 0.0703449465 -0.0246309845 0.0728578307 0.470588 0.470588 0.470588
v 0.0702000215 -0.0246357235 0.0711512447 0.470588 0.470588 0.470588
v 0.0700536527 -0.0246361811 0.0694447654 0.470588 0.470588 0.470588
v 0.0699063272 -0.0246380797 0.067738368 0.470588 0.470588 0.470588
v 0.0697544679 -0.0246375786 0.066032369 0.470588 0.470588 0.470588
v 0.0695984745 -0.0246336133 0.0643267439 0.470588 0.470588 0.470588
v 0.0694379415 -0.0246326993 0.0626215359 0.470588 0.470588 0.470588
v 0.0692763338 -0.0246325752 0.0609164286 0.470588 0.470588 0.470588
v 0.0691135511 -0.0246321936 0.0592114354 0.470588 0.470588 0.470588
v 0.068947344 -0.0246319573 0.0575067703 0.470588 0.470588 0.470588
v 0.0687791299 -0.0246283458 0.0558023141 0.470588 0.470588 0.470588
v 0.0686015058 -0.0246231547 0.0540988117 1 0 0
v 0.0684195475 -0.0246196515 0.0523957628 1 0 0
v 0.0682342711 -0.0246169797 0.0506930668 1 0 0
v 0.0680470916 -0.0246155422 0.048990582 1 0 0
v 0.0678548915 -0.0246188945 0.0472886548 1 0 0
v 0.0676626915 -0.0246222468 0.0455867276 1 0 0
v 0.0674693984 -0.0246313019 0.0438849451 1 0 0
v 0.0672734741 -0.024633393 0.0421834479 1 0 0
v 0.0670784738 -0.0246303098 0.0404818398 1 0 0
v 0.0668823986 -0.0246282691 0.038780356 1 0 0
v 0.066684355 -0.0246300321 0.0370790965 0 1 0
v 0.0664871035 -0.0246312765 0.035377745 0 1 0
v 0.0662916709 -0.0246311753 0.0336761831 0 1 0
v 0.0660972451 -0.0246292814 0.0319745073 0 1 0
v 0.065901909 -0.0246226322 0.0302729488 0 1 0
v 0.0657059368 -0.0246111608 0.0285714942 0 1 0
v 0.0655070763 -0.0246180408 0.0268703435 0 1 0
v 0.0653084308 -0.0246291029 0.0251691892 0 1 0
v 0.0651097347 -0.0246318709 0.023468014 0 1 0
v 0.0649107681 -0.0246341825 0.021766863 0 1 0
v 0.0647093679 -0.0246373368 0.020066 0 1 0
v 0.0503151524 -0.0266748774 0.283316922 0.705882 0.470588 0.156863
v 0.0513581414 -0.0266954922 0.281957675 0.705882 0.470588 0.156863
v 0.0524004446 -0.0267190998 0.28059793 0.705882 0.470588 0.156863
v 0.0534054289 -0.0267328775 0.279210442 0.705882 0.470588 0.156863
v 0.0543983313 -0.026735315 0.277814018 0.705882 0.470588 0.156863
v 0.0553537998 -0.0267337331 0.276391846 0.705882 0.470588 0.156863
v 0.0562976331 -0.0267337828 0.274961797 0.470588 0.470588 0.470588
v 0.0572036646 -0.0267346936 0.273507621 0.470588 0.470588 0.470588
v 0.0580963712 -0.0267368338 0.27204516 0.470588 0.470588 0.470588
v 0.0589562933 -0.0267368625 0.270563137 0.470588 0.470588 0.470588
v 0.0597908743 -0.0267372315 0.269066858 0.470588 0.470588 0.470588
v 0.0606088983 -0.0267376378 0.26756131 0.470588 0.470588 0.470588
v 0.0613993819 -0.0267331071 0.266041198 0.470588 0.470588 0.470588
v 0.0621772862 -0.0267283711 0.264514553 0.470588 0.470588 0.470588
v 0.0629340921 -0.0267209946 0.262977331 0.470588 0.470588 0.470588
v 0.0636826993 -0.0267186483 0.261436131 0.470588 0.470588 0.470588
v 0.0644203038 -0.0267237029 0.259889595 1 0 0
v 0.0651479663 -0.026722116 0.258338411 1 0 0
v 0.0658568988 -0.0267198448 0.256778517 1 0 0
v 0.0665468639 -0.0267217512 0.255210226 1 0 0
v 0.0672170595 -0.0267111592 0.253633353 1 0 0
v 0.067868284 -0.0267167913 0.252048661 1 0 0
v 0.068507669 -0.0267353608 0.250459101 1 0 0
v 0.0691182822 -0.0267410905 0.248858315 1 0 0
v 0.0697201309 -0.0267369945 0.247254064 1 0 0
v 0.0702864246 -0.0267386898 0.245636941 1 0 0
v 0.0708501941 -0.0267413863 0.244018913 0 1 0
v 0.0713824077 -0.0267420142 0.242390311 0 1 0
v 0.0719014899 -0.0267405031 0.240757396 0 1 0
v 0.0723968083 -0.0267376479 0.239117179 0 1 0
v 0.0728790398 -0.0267341565 0.237473007 0 1 0
v 0.0733543205 -0.0267338567 0.235826824 0 1 0
v 0.0738221111 -0.0267366432 0.234178484 0 1 0
v 0.0742814864 -0.0267374755 0.23252783 0 1 0
v 0.074721155 -0.0267370287 0.230871765 0 1 0
v 0.075152155 -0.0267365425 0.229213506 0 1 0
v 0.0755505846 -0.0267356433 0.227547038 0 0.501961 1
v 0.0759452472 -0.0267343931 0.225879711 0 0.501961 1
v 0.0763109806 -0.0267323579 0.224205765 0 0.501961 1
v 0.0766767139 -0.0267303227 0.222531819 0 0.501961 1
v 0.0770268762 -0.0267308231 0.220854574 0 0.501961 1
v 0.0773703345 -0.0267326927 0.219175916 0 0.501961 1
v 0.07770922 -0.0267332541 0.217496333 0 0.501961 1
v 0.0780420603 -0.0267291159 0.215815553 0 0.501961 1
v 0.0783607729 -0.026722401 0.214132068 0 0.501961 1
v 0.0786687055 -0.026720033 0.212446534 0 0.501961 1
v 0.0789577003 -0.0267256699 0.210757656 0 0.501961 1
v 0.0792252547 -0.0267244455 0.209065264 0 0.501961 1
v 0.0794828877 -0.0267255985 0.207371333 1 0.784314 0
v 0.0797189736 -0.0267290748 0.205674276 1 0.784314 0
v 0.0799467317 -0.0267305524 0.203976046 1 0.784314 0
v 0.0801660197 -0.0267300799 0.202276713 1 0.784314 0
v 0.0803781777 -0.0267314384 0.200576464 1 0.784314 0
v 0.0805870873 -0.0267313276 0.19887583 1 0.784314 0
v 0.0807803867 -0.0267313302 0.197173333 1 0.784314 0
v 0.0809688715 -0.0267306759 0.195470325 1 0.784314 0
v 0.0811366182 -0.0267294891 0.193765121 1 0.784314 0
v 0.0812997564 -0.0267256774 0.192059496 1 0.784314 0
v 0.0814449712 -0.0267208659 0.190352243 1 0.784314 0
v 0.0815796257 -0.0267255283 0.188644137 1 0.784314 0
v 0.081706188 -0.0267266008 0.186935388 0.705882 0 1
v 0.0818253453 -0.0267217856 0.185226124 0.705882 0 1
v 0.0819201359 -0.0267219413 0.183515316 0.705882 0 1
v 0.0820037618 -0.0267228423 0.181804062 0.705882 0 1
v 0.0820089775 -0.0267220675 0.180090635 0.705882 0 1
v 0.0820123846 -0.0267206133 0.178377361 0.705882 0 1
v 0.0818934235 -0.0267100698 0.176668186 0.705882 0 1
v 0.0817599967 -0.026699432 0.174960151 0.705882 0 1
v 0.0815337411 -0.0267063016 0.173261968 0.705882 0 1
v 0.08125247 -0.0267136495 0.171571906 0.705882 0 1
v 0.0809324705 -0.0267137046 0.169888703 0 0.862745 0.862745
v 0.0805895954 -0.0267138577 0.168209924 0 0.862745 0.862745
v 0.0802364384 -0.0267041816 0.166533311 0 0.862745 0.862745
v 0.0798833667 -0.0266907731 0.164856702 0 0.862745 0.862745
v 0.0795453419 -0.0266858625 0.163177007 0 0.862745 0.862745
v 0.0792136177 -0.0266849111 0.16149599 0 0.862745 0.862745
v 0.0789209953 -0.0266996668 0.15980781 0 0.862745 0.862745
v 0.0786341983 -0.0267125463 0.158118683 0 0.862745 0.862745
v 0.0783694702 -0.0267161061 0.156425829 0 0.862745 0.862745
v 0.0781193561 -0.0267099434 0.154730848 0 0.862745 0.862745
v 0.0778756432 -0.0266985599 0.153034879 1 0.470588 0
v 0.0776534829 -0.0267140561 0.151335978 1 0.470588 0
v 0.0774358822 -0.0267231362 0.149636472 1 0.470588 0
v 0.0772255145 -0.0267220669 0.147936001 1 0.470588 0
v 0.0770320129 -0.0267237648 0.146233552 1 0.470588 0
v 0.0768428624 -0.0267259464 0.144530596 1 0.470588 0
v 0.07665262 -0.0267259886 0.142827755 1 0.470588 0
v 0.0764693159 -0.0267266108 0.141124169 1 0.470588 0
v 0.076290363 -0.0267275594 0.139420111 1 0.470588 0
v 0.0761063595 -0.0267259795 0.13771659 1 0.470588 0
v 0.0759204412 -0.0267219379 0.136013287 0.470588 1 0
v 0.0757391653 -0.0267167116 0.134309489 0.470588 1 0
v 0.075552177 -0.0267180484 0.132606289 0.470588 1 0
v 0.0753659985 -0.0267130861 0.130903015 0.470588 1 0
v 0.0751937863 -0.0267207808 0.129198274 0.470588 1 0
v 0.0750177498 -0.0267268184 0.127493929 0.470588 1 0
v 0.0748483073 -0.0267247594 0.125788899 0.470588 1 0
v 0.0746832521 -0.0267245661 0.124083454 0.470588 1 0
v 0.0745275261 -0.0267246075 0.122377117 1 0 0.705882
v 0.0743693307 -0.0267164516 0.12067102 1 0 0.705882
v 0.0742121202 -0.0267102533 0.118964833 1 0 0.705882
v 0.0740526063 -0.0267039793 0.11725885 1 0 0.705882
v 0.0738977845 -0.0267065745 0.115552464 1 0 0.705882
v 0.0737488845 -0.0267203629 0.113845566 1 0 0.705882
v 0.073592495 -0.0267225325 0.112139303 1 0 0.705882
v 0.0734362207 -0.0267201121 0.11043302 1 0 0.705882
v 0.0732914028 -0.0267170166 0.108725719 0.313725 0.313725 1
v 0.0731368479 -0.0267168594 0.107019281 0.313725 0.313725 1
v 0.072976972 -0.0267178565 0.105313322 0.313725 0.313725 1
v 0.0728308313 -0.0267218341 0.103606135 0.313725 0.313725 1
v 0.0726810827 -0.0267220832 0.101899263 0.313725 0.313725 1
v 0.0725236769 -0.0267222481 0.100193077 0.313725 0.313725 1
v 0.0723741999 -0.0267129374 0.0984862055 0.313725 0.313725 1
v 0.0722222807 -0.0267075838 0.0967795501 0.313725 0.313725 1
v 0.0720758936 -0.0267144625 0.0950723936 0.313725 0.313725 1
v 0.0719260081 -0.0267180049 0.0933655386 0.313725 0.313725 1
v 0.0717723193 -0.0267182392 0.0916590101 0.705882 0.470588 0.156863
v 0.0716260726 -0.0267150129 0.0899518403 0.705882 0.470588 0.156863
v 0.0714786942 -0.0267106694 0.0882447667 0.705882 0.470588 0.156863
v 0.0713336457 -0.0267152436 0.0865374948 0.705882 0.470588 0.156863
v 0.0711825676 -0.0267179959 0.084830739 0.705882 0.470588 0.156863
v 0.0710373743 -0.0267174213 0.0831234717 0.705882 0.470588 0.156863
v 0.070888399 -0.0267162623 0.0814165299 0.705882 0.470588 0.156863
v 0.0707482816 -0.0267165621 0.0797088335 0.705882 0.470588 0.156863
v 0.070604562 -0.0267157426 0.0780014454 0.705882 0.470588 0.156863
v 0.0704570934 -0.0267083294 0.0762943842 0.705882 0.470588 0.156863
v 0.0703118907 -0.0267101441 0.0745871395 0.470588 0.470588 0.470588
v 0.0701688975 -0.0267209562 0.0728797158 0.470588 0.470588 0.470588
v 0.0700228123 -0.0267245315 0.0711725337 0.470588 0.470588 0.470588
v 0.0698761806 -0.0267246141 0.0694653844 0.470588 0.470588 0.470588
v 0.0697307212 -0.0267263232 0.0677581357 0.470588 0.470588 0.470588
v 0.0695824921 -0.0267276764 0.0660511286 0.470588 0.470588 0.470588
v 0.0694255741 -0.0267265848 0.0643448959 0.470588 0.470588 0.470588
v 0.0692657164 -0.0267251268 0.0626389353 0.470588 0.470588 0.470588
v 0.0691008456 -0.0267191157 0.0609334651 0.470588 0.470588 0.470588
v 0.0689354898 -0.0267123811 0.0592280435 0.470588 0.470588 0.470588
v 0.0687735972 -0.026713405 0.057522274 0.470588 0.470588 0.470588
v 0.0686031669 -0.0267202898 0.0558173515 0.470588 0.470588 0.470588
v 0.0684287483 -0.0267180976 0.0541128218 1 0 0
v 0.0682467186 -0.0267178381 0.0524090902 1 0 0
v 0.0680536195 -0.0267151019 0.050706573 1 0 0
v 0.0678630762 -0.0267141085 0.0490037661 1 0 0
v 0.0676765234 -0.0267162465 0.0473005202 1 0 0
v 0.0674894478 -0.0267182992 0.0455973338 1 0 0
v 0.0672964876 -0.026718072 0.0438947995 1 0 0
v 0.0670980877 -0.0267195779 0.0421928908 1 0 0
v 0.0669018741 -0.0267181526 0.04049073 1 0 0
v 0.0667044125 -0.026718542 0.0387887121 1 0 0
v 0.0665102022 -0.0267207745 0.0370863205 0 1 0
v 0.0663155605 -0.0267226037 0.0353839783 0 1 0
v 0.0661217045 -0.026721794 0.0336815465 0 1 0
v 0.0659268137 -0.026720587 0.0319792317 0 1 0
v 0.0657307072 -0.0267147585 0.0302770753 0 1 0
v 0.06553452 -0.0267022345 0.028574955 0 1 0
v 0.0653379996 -0.0267033747 0.026872857 0 1 0
v 0.0651388288 -0.0267154511 0.02517108 0 1 0
v 0.0649391866 -0.0267206164 0.0234693344 0 1 0
v 0.0647402592 -0.0267231191 0.0217674885 0 1 0
v 0.0645383044 -0.0267264218 0.020066 0 1 0
v 0.0500021542 -0.0287466151 0.283374906 0.705882 0.470588 0.156863
v 0.0510636854 -0.0287748108 0.282029199 0.705882 0.470588 0.156863
v 0.0521055968 -0.0288005893 0.280668179 0.705882 0.470588 0.156863
v 0.0531288252 -0.0288202526 0.27929299 0.705882 0.470588 0.156863
v 0.0541245399 -0.0288238949 0.277897619 0.705882 0.470588 0.156863
v 0.0550994739 -0.0288261149 0.276487622 0.705882 0.470588 0.156863
v 0.0560463778 -0.028826084 0.275058721 0.470588 0.470588 0.470588
v 0.0569620005 -0.028826132 0.273609495 0.470588 0.470588 0.470588
v 0.0578551905 -0.028826723 0.272146474 0.470588 0.470588 0.470588
v 0.0587238374 -0.0288271611 0.270668613 0.470588 0.470588 0.470588
v 0.0595674522 -0.0288268487 0.269176548 0.470588 0.470588 0.470588
v 0.0603880084 -0.028826388 0.267671454 0.470588 0.470588 0.470588
v 0.0611813143 -0.0288275428 0.26615193 0.470588 0.470588 0.470588
v 0.0619636499 -0.028827028 0.264626624 0.470588 0.470588 0.470588
v 0.0627239554 -0.0288229537 0.263090262 0.470588 0.470588 0.470588
v 0.0634776232 -0.0288226526 0.261550585 0.470588 0.470588 0.470588
v 0.0642174915 -0.0288245318 0.26000425 1 0 0
v 0.0649452971 -0.0288238181 0.258452181 1 0 0
v 0.0656543537 -0.0288214609 0.256891469 1 0 0
v 0.0663508466 -0.0288207542 0.255325113 1 0 0
v 0.0670195109 -0.0288016772 0.253746777 1 0 0
v 0.0676791978 -0.0287925593 0.25216471 1 0 0
v 0.0683136424 -0.0288222633 0.250572475 1 0 0
v 0.0689282038 -0.0288340862 0.248972393 1 0 0
v 0.0695287346 -0.0288319006 0.247366794 1 0 0
v 0.07009519 -0.0288329317 0.245748857 1 0 0
v 0.0706593156 -0.0288332474 0.244130098 0 1 0
v 0.0711926694 -0.028832869 0.24250095 0 1 0
v 0.0717115968 -0.0288313136 0.240867141 0 1 0
v 0.0722100209 -0.0288285718 0.239227005 0 1 0
v 0.0726942629 -0.0288251804 0.23758259 0 1 0
v 0.0731713468 -0.0288219668 0.235936081 0 1 0
v 0.0736422604 -0.0288223251 0.234287798 0 1 0
v 0.0740992055 -0.0288245805 0.232635594 0 1 0
v 0.0745458614 -0.0288253077 0.230980581 0 1 0
v 0.0749673341 -0.0288230622 0.229318995 0 1 0
v 0.075375158 -0.0288209742 0.227653997 0 0.501961 1
v 0.0757626889 -0.028823846 0.225984154 0 0.501961 1
v 0.0761391121 -0.0288256539 0.22431178 0 0.501961 1
v 0.0764960415 -0.0288239108 0.222635131 0 0.501961 1
v 0.0768446048 -0.0288231781 0.220956705 0 0.501961 1
v 0.0771867532 -0.0288236978 0.21927696 0 0.501961 1
v 0.0775246584 -0.028822079 0.217596355 0 0.501961 1
v 0.0778573191 -0.0288221742 0.215914708 0 0.501961 1
v 0.0781740156 -0.028822649 0.214230005 0 0.501961 1
v 0.0784807785 -0.028822399 0.212543436 0 0.501961 1
v 0.0787703444 -0.028822928 0.210853883 0 0.501961 1
v 0.079037099 -0.0288210429 0.209160528 0 0.501961 1
v 0.0792971907 -0.0288187873 0.207466178 1 0.784314 0
v 0.0795300317 -0.0288184985 0.205767828 1 0.784314 0
v 0.0797570873 -0.0288198905 0.204068696 1 0.784314 0
v 0.0799724608 -0.0288129932 0.202368053 1 0.784314 0
v 0.0801845355 -0.0288137691 0.200666982 1 0.784314 0
v 0.0803862098 -0.0288138666 0.198964655 1 0.784314 0
v 0.0805820266 -0.0288127107 0.197261638 1 0.784314 0
v 0.0807655298 -0.0288123711 0.195557281 1 0.784314 0
v 0.0809380689 -0.0288137585 0.193851746 1 0.784314 0
v 0.0810998605 -0.0288091047 0.192145199 1 0.784314 0
v 0.0812466251 -0.0288031807 0.190437264 1 0.784314 0
v 0.0813800875 -0.0288086055 0.18872826 1 0.784314 0
v 0.0815062058 -0.0288123196 0.18701869 0.705882 0 1
v 0.081619933 -0.0288032991 0.18530825 0.705882 0 1
v 0.081720722 -0.0287988218 0.18359709 0.705882 0 1
v 0.081789284 -0.0288017274 0.181884224 0.705882 0 1
v 0.081826651 -0.0288028504 0.180170688 0.705882 0 1
v 0.0817928667 -0.0288044489 0.178456901 0.705882 0 1
v 0.081705221 -0.0287979838 0.176745492 0.705882 0 1
v 0.0815543028 -0.0287854987 0.175038252 0.705882 0 1
v 0.0813125981 -0.0287875382 0.173341498 0.705882 0 1
v 0.0810418859 -0.0287948871 0.171648784 0.705882 0 1
v 0.0807289787 -0.0287977682 0.169963692 0 0.862745 0.862745
v 0.0803836283 -0.0287990299 0.168284599 0 0.862745 0.862745
v 0.0800374293 -0.0287896061 0.166605734 0 0.862745 0.862745
v 0.0796861105 -0.0287730604 0.164927967 0 0.862745 0.862745
v 0.0793527495 -0.028770901 0.163246512 0 0.862745 0.862745
v 0.0790259822 -0.02877323 0.161563735 0 0.862745 0.862745
v 0.0787269842 -0.0287860103 0.159875822 0 0.862745 0.862745
v 0.0784410403 -0.0287972716 0.158185727 0 0.862745 0.862745
v 0.0781741963 -0.0288039675 0.156492402 0 0.862745 0.862745
v 0.0779282995 -0.0287974494 0.154796001 0 0.862745 0.862745
v 0.0776881673 -0.0287861187 0.153098712 1 0.470588 0
v 0.0774613604 -0.0288002575 0.151399612 1 0.470588 0
v 0.0772410077 -0.0288096325 0.149699699 1 0.470588 0
v 0.0770414919 -0.0288102618 0.147997109 1 0.470588 0
v 0.0768415471 -0.0288110941 0.146294583 1 0.470588 0
v 0.0766461467 -0.0288120324 0.144591537 1 0.470588 0
v 0.0764670279 -0.0288130917 0.14288668 1 0.470588 0
v 0.0762834362 -0.0288137082 0.141182308 1 0.470588 0
v 0.0760954404 -0.0288139044 0.139478407 1 0.470588 0
v 0.0759182743 -0.0288120777 0.137773353 1 0.470588 0
v 0.0757390487 -0.0288080981 0.136068526 0.470588 1 0
v 0.07555308 -0.0288044937 0.134364409 0.470588 1 0
v 0.0753679842 -0.0288044955 0.132660191 0.470588 1 0
v 0.0751816404 -0.0288000096 0.130956131 0.470588 1 0
v 0.0750101924 -0.0288092622 0.129250522 0.470588 1 0
v 0.0748318182 -0.0288146799 0.127545608 0.470588 1 0
v 0.0746686925 -0.0288118481 0.125839149 0.470588 1 0
v 0.0745053565 -0.0288090312 0.124132733 0.470588 1 0
v 0.0743431327 -0.0288086108 0.122426187 1 0 0.705882
v 0.0741831595 -0.0288023495 0.120719443 1 0 0.705882
v 0.0740234562 -0.0287975677 0.119012679 1 0 0.705882
v 0.0738749833 -0.0287942291 0.117304884 1 0 0.705882
v 0.0737205868 -0.0287960512 0.115597641 1 0 0.705882
v 0.0735579485 -0.0288027066 0.113891146 1 0 0.705882
v 0.0734033375 -0.0288057741 0.112183912 1 0 0.705882
v 0.0732526522 -0.028808355 0.110476312 1 0 0.705882
v 0.073097048 -0.0288073967 0.10876915 0.313725 0.313725 1
v 0.0729485686 -0.0288044769 0.107061359 0.313725 0.313725 1
v 0.0728001578 -0.028802332 0.105353564 0.313725 0.313725 1
v 0.072640132 -0.0288085683 0.103646821 0.313725 0.313725 1
v 0.072487067 -0.0288113941 0.10193944 0.313725 0.313725 1
v 0.0723342938 -0.0288107004 0.100232032 0.313725 0.313725 1
v 0.0721857357 -0.0288022425 0.0985242664 0.313725 0.313725 1
v 0.0720336449 -0.0287981555 0.096816803 0.313725 0.313725 1
v 0.0718777173 -0.0288030621 0.0951096775 0.313725 0.313725 1
v 0.0717293766 -0.0288071996 0.0934018843 0.313725 0.313725 1
v 0.0715852585 -0.0288105258 0.0916937182 0.705882 0.470588 0.156863
v 0.0714368279 -0.0288065704 0.0899859287 0.705882 0.470588 0.156863
v 0.0712849972 -0.0288014486 0.0882784331 0.705882 0.470588 0.156863
v 0.0711419391 -0.0287971929 0.0865701783 0.705882 0.470588 0.156863
v 0.0709909292 -0.028798931 0.0848626072 0.705882 0.470588 0.156863
v 0.0708485763 -0.0287988278 0.0831542878 0.705882 0.470588 0.156863
v 0.0706999058 -0.0288016926 0.0814465129 0.705882 0.470588 0.156863
v 0.0705521817 -0.0288061342 0.079738658 0.705882 0.470588 0.156863
v 0.0704056277 -0.0288060309 0.0780307024 0.705882 0.470588 0.156863
v 0.0702633326 -0.0288012072 0.0763223848 0.705882 0.470588 0.156863
v 0.0701194001 -0.0288029352 0.07461421 0.470588 0.470588 0.470588
v 0.069973491 -0.0288100182 0.0729062052 0.470588 0.470588 0.470588
v 0.0698310936 -0.0288119047 0.0711978942 0.470588 0.470588 0.470588
v 0.0696889845 -0.028811793 0.0694895548 0.470588 0.470588 0.470588
v 0.069541463 -0.0288130295 0.0677816754 0.470588 0.470588 0.470588
v 0.069391048 -0.0288142924 0.0660740474 0.470588 0.470588 0.470588
v 0.0692348264 -0.0288133658 0.0643669416 0.470588 0.470588 0.470588
v 0.0690756395 -0.0288108617 0.0626601108 0.470588 0.470588 0.470588
v 0.0689147927 -0.0288027777 0.0609534523 0.470588 0.470588 0.470588
v 0.0687536634 -0.0287945552 0.0592468216 0.470588 0.470588 0.470588
v 0.0685837145 -0.028800441 0.0575410572 0.470588 0.470588 0.470588
v 0.0684121173 -0.0288079277 0.0558354433 0.470588 0.470588 0.470588
v 0.068234213 -0.0288080723 0.0541304772 1 0 0
v 0.0680513976 -0.0288090838 0.0524260131 1 0 0
v 0.0678655828 -0.0288090905 0.0507218758 1 0 0
v 0.0676770346 -0.0288104518 0.0490180366 1 0 0
v 0.0674872541 -0.028811832 0.0473143355 1 0 0
v 0.0672936321 -0.0288100903 0.0456110658 1 0 0
v 0.0671006279 -0.0288092535 0.0439077256 1 0 0
v 0.0669067723 -0.0288083138 0.0422044818 1 0 0
v 0.0667137959 -0.0288081847 0.0405011381 1 0 0
v 0.0665209964 -0.0288080948 0.0387977743 1 0 0
v 0.066325272 -0.0288091134 0.0370947452 0 1 0
v 0.0661296042 -0.0288100969 0.0353917097 0 1 0
v 0.0659398766 -0.0288109067 0.0336880011 0 1 0
v 0.0657466517 -0.0288107011 0.0319846892 0 1 0
v 0.0655499368 -0.0288095341 0.0302817734 0 1 0
v 0.0653536071 -0.0288055946 0.0285788351 0 1 0
v 0.0651574589 -0.0288116073 0.0268758653 0 1 0
v 0.064960163 -0.0288128099 0.025173017 0 1 0
v 0.0647599296 -0.0288123125 0.023470511 0 1 0
v 0.0645612111 -0.0288142965 0.0217678291 0 1 0
v 0.0643555427 -0.0288144847 0.0200659713 0 1 0
v 0.0496855 -0.0308178019 0.283433677 0.705882 0.470588 0.156863
v 0.0507490621 -0.0308462007 0.282088555 0.705882 0.470588 0.156863
v 0.0518081331 -0.0308748251 0.280739969 0.705882 0.470588 0.156863
v 0.052829043 -0.0308946241 0.279362045 0.705882 0.470588 0.156863
v 0.0538433267 -0.0309083582 0.277979258 0.705882 0.470588 0.156863
v 0.0548203593 -0.030909342 0.276569771 0.705882 0.470588 0.156863
v 0.0557815575 -0.0309083096 0.275149548 0.470588 0.470588 0.470588
v 0.0567035213 -0.0309057051 0.273703472 0.470588 0.470588 0.470588
v 0.0576042699 -0.030908595 0.27224414 0.470588 0.470588 0.470588
v 0.0584827939 -0.0309119923 0.270771255 0.470588 0.470588 0.470588
v 0.0593280287 -0.0309123657 0.269279101 0.470588 0.470588 0.470588
v 0.0601615956 -0.0309133067 0.267780272 0.470588 0.470588 0.470588
v 0.0609583411 -0.0309133557 0.26626172 0.470588 0.470588 0.470588
v 0.0617440829 -0.0309131382 0.264737275 0.470588 0.470588 0.470588
v 0.0625149602 -0.0309173805 0.263205293 0.470588 0.470588 0.470588
v 0.0632685231 -0.0309184814 0.261664688 0.470588 0.470588 0.470588
v 0.064008351 -0.0309216696 0.260117466 1 0 0
v 0.0647360695 -0.030922067 0.258564485 1 0 0
v 0.0654473501 -0.0309178951 0.257004013 1 0 0
v 0.0661401779 -0.0309222565 0.255435162 1 0 0
v 0.066815774 -0.0309222618 0.253858954 1 0 0
v 0.0674699013 -0.0309149744 0.252273587 1 0 0
v 0.068109049 -0.0309204949 0.250682263 1 0 0
v 0.0687288696 -0.0309181381 0.249083157 1 0 0
v 0.0693229452 -0.030918175 0.247474409 1 0 0
v 0.0698989741 -0.0309220662 0.245859014 1 0 0
v 0.0704596907 -0.030923384 0.244238327 0 1 0
v 0.0709934821 -0.0309230563 0.242608483 0 1 0
v 0.0715227568 -0.0309223634 0.240977231 0 1 0
v 0.0720154382 -0.0309192203 0.239334496 0 1 0
v 0.0725060164 -0.0309167931 0.237691139 0 1 0
v 0.0729822831 -0.0309151908 0.23604357 0 1 0
v 0.073455999 -0.0309134179 0.234395268 0 1 0
v 0.0739152346 -0.0309158084 0.232742883 0 1 0
v 0.0743615283 -0.0309166684 0.23108697 0 1 0
v 0.0747823786 -0.0309140502 0.229424403 0 1 0
v 0.0751918247 -0.0309116496 0.22775899 0 0.501961 1
v 0.0755793023 -0.0309145601 0.226088325 0 0.501961 1
v 0.0759565803 -0.0309171247 0.224415342 0 0.501961 1
v 0.0763103922 -0.0309155826 0.222737217 0 0.501961 1
v 0.0766585066 -0.0309144559 0.221057894 0 0.501961 1
v 0.0769993553 -0.0309126942 0.219377079 0 0.501961 1
v 0.0773377479 -0.0309102222 0.217695771 0 0.501961 1
v 0.0776655433 -0.0309107615 0.216012361 0 0.501961 1
v 0.0779872357 -0.0309115831 0.214327801 0 0.501961 1
v 0.0782876458 -0.0309110509 0.212639289 0 0.501961 1
v 0.0785781466 -0.0309115974 0.210949082 0 0.501961 1
v 0.0788479161 -0.0309117603 0.20925541 0 0.501961 1
v 0.0791002175 -0.0309091746 0.207559088 1 0.784314 0
v 0.0793354235 -0.030908352 0.205860265 1 0.784314 0
v 0.079557186 -0.0309060795 0.204159649 1 0.784314 0
v 0.079772806 -0.0308992192 0.202458243 1 0.784314 0
v 0.0799829087 -0.0308961794 0.20075615 1 0.784314 0
v 0.0801819503 -0.0308954726 0.199052711 1 0.784314 0
v 0.0803809919 -0.0308947658 0.197349271 1 0.784314 0
v 0.0805572798 -0.0308947405 0.195643365 1 0.784314 0
v 0.0807261676 -0.0308969855 0.193936674 1 0.784314 0
v 0.080884999 -0.0308985558 0.19222905 1 0.784314 0
v 0.0810325616 -0.0308993702 0.190520382 1 0.784314 0
v 0.0811710658 -0.030899243 0.188810994 1 0.784314 0
v 0.0812944459 -0.0308973628 0.18710041 0.705882 0 1
v 0.0814066122 -0.0308942577 0.185389113 0.705882 0 1
v 0.0815001913 -0.0308905278 0.183676643 0.705882 0 1
v 0.0815708287 -0.0308904002 0.181963083 0.705882 0 1
v 0.0816128477 -0.030887359 0.180248596 0.705882 0 1
v 0.081570214 -0.030888937 0.178534199 0.705882 0 1
v 0.0815068767 -0.0308891176 0.176820621 0.705882 0 1
v 0.0813064197 -0.0308882126 0.175117545 0.705882 0 1
v 0.0811005235 -0.0308840287 0.173414995 0.705882 0 1
v 0.0808133054 -0.0308825862 0.171724219 0.705882 0 1
v 0.0805057988 -0.0308812744 0.170037126 0 0.862745 0.862745
v 0.0801692589 -0.0308851757 0.168355445 0 0.862745 0.862745
v 0.079819916 -0.030875875 0.166676448 0 0.862745 0.862745
v 0.0794642957 -0.0308596138 0.164998773 0 0.862745 0.862745
v 0.0791316901 -0.0308615026 0.16331634 0 0.862745 0.862745
v 0.0788021555 -0.0308658698 0.161633359 0 0.862745 0.862745
v 0.0785118574 -0.0308717174 0.159943088 0 0.862745 0.862745
v 0.0782293089 -0.0308790392 0.158251536 0 0.862745 0.862745
v 0.0779557448 -0.0308879105 0.156558489 0 0.862745 0.862745
v 0.077710773 -0.0308825878 0.154861154 0 0.862745 0.862745
v 0.0774678107 -0.0308710016 0.153163466 1 0.470588 0
v 0.0772488547 -0.0308852615 0.151462533 1 0.470588 0
v 0.0770291625 -0.0308929832 0.149761704 1 0.470588 0
v 0.0768207158 -0.0308944966 0.148059405 1 0.470588 0
v 0.0766282754 -0.0308959243 0.146355236 1 0.470588 0
v 0.0764385465 -0.0308969211 0.144650749 1 0.470588 0
v 0.0762456954 -0.0308962573 0.142946597 1 0.470588 0
v 0.0760631873 -0.0308971146 0.141241331 1 0.470588 0
v 0.0758883437 -0.030899099 0.13953524 1 0.470588 0
v 0.0757027916 -0.0308972346 0.137830285 1 0.470588 0
v 0.0755178088 -0.0308956025 0.13612527 0.470588 1 0
v 0.0753426917 -0.0308975122 0.134419206 0.470588 1 0
v 0.0751623542 -0.0308927031 0.132713712 0.470588 1 0
v 0.0749732978 -0.0308831762 0.131009162 0.470588 1 0
v 0.0748029921 -0.0308912058 0.129302655 0.470588 1 0
v 0.0746294222 -0.0309006872 0.12759647 0.470588 1 0
v 0.0744646077 -0.0308993169 0.125889388 0.470588 1 0
v 0.0742992826 -0.0308964544 0.124182372 0.470588 1 0
v 0.0741390307 -0.0308919518 0.12247486 1 0 0.705882
v 0.0739842368 -0.0308875767 0.120766844 1 0 0.705882
v 0.0738281496 -0.0308831719 0.11905895 1 0 0.705882
v 0.0736660625 -0.0308809432 0.117351607 1 0 0.705882
v 0.0735081455 -0.030880886 0.115643878 1 0 0.705882
v 0.0733573828 -0.0308832766 0.11393549 1 0 0.705882
v 0.0732027789 -0.0308873277 0.112227459 1 0 0.705882
v 0.0730496739 -0.0308926009 0.110519286 1 0 0.705882
v 0.0728956725 -0.0308979032 0.108811195 0.313725 0.313725 1
v 0.0727383566 -0.0308944088 0.107103402 0.313725 0.313725 1
v 0.0725803544 -0.0308902694 0.105395673 0.313725 0.313725 1
v 0.0724266333 -0.0308960322 0.103687559 0.313725 0.313725 1
v 0.0722702816 -0.0308963164 0.101979673 0.313725 0.313725 1
v 0.0721181509 -0.0308959549 0.100271408 0.313725 0.313725 1
v 0.0719669836 -0.0308934053 0.0985630632 0.313725 0.313725 1
v 0.0718165048 -0.0308909672 0.0968546625 0.313725 0.313725 1
v 0.0716696164 -0.0308921583 0.0951459364 0.313725 0.313725 1
v 0.0715195844 -0.0308936729 0.0934374852 0.313725 0.313725 1
v 0.0713686657 -0.0308962654 0.0917291116 0.705882 0.470588 0.156863
v 0.0712241546 -0.0308957856 0.0900201833 0.705882 0.470588 0.156863
v 0.071076535 -0.0308926017 0.0883115286 0.705882 0.470588 0.156863
v 0.0709314703 -0.0308870768 0.0866026574 0.705882 0.470588 0.156863
v 0.0707842618 -0.0308821374 0.0848939699 0.705882 0.470588 0.156863
v 0.0706371175 -0.0308835112 0.0831852676 0.705882 0.470588 0.156863
v 0.0704891456 -0.0308869646 0.0814766426 0.705882 0.470588 0.156863
v 0.0703442204 -0.0308935371 0.0797677615 0.705882 0.470588 0.156863
v 0.0701999654 -0.0308949882 0.0780588215 0.705882 0.470588 0.156863
v 0.0700551415 -0.0308901412 0.0763499268 0.705882 0.470588 0.156863
v 0.0699125033 -0.030892248 0.0746408518 0.470588 0.470588 0.470588
v 0.0697708633 -0.0308974596 0.0729316903 0.470588 0.470588 0.470588
v 0.0696300835 -0.030898144 0.0712224509 0.470588 0.470588 0.470588
v 0.0694866107 -0.0308975731 0.0695134344 0.470588 0.470588 0.470588
v 0.0693395429 -0.0308988126 0.0678047245 0.470588 0.470588 0.470588
v 0.0691883106 -0.0309003881 0.0660963774 0.470588 0.470588 0.470588
v 0.069033041 -0.0308978877 0.0643883942 0.470588 0.470588 0.470588
v 0.0688774636 -0.0308951234 0.0626804388 0.470588 0.470588 0.470588
v 0.0687127032 -0.0308854456 0.0609733719 0.470588 0.470588 0.470588
v 0.0685474085 -0.0308752128 0.059266358 0.470588 0.470588 0.470588
v 0.0683788411 -0.0308884911 0.0575597008 0.470588 0.470588 0.470588
v 0.0682059396 -0.0308945756 0.0558534621 0.470588 0.470588 0.470588
v 0.0680271305 -0.0308865568 0.054147799 1 0 0
v 0.0678435544 -0.0308834191 0.0524426322 1 0 0
v 0.0676573083 -0.0308807811 0.0507377483 1 0 0
v 0.0674689079 -0.0308812894 0.0490331003 1 0 0
v 0.0672795217 -0.0308824107 0.0473285607 1 0 0
v 0.0670884614 -0.0308854473 0.0456242112 1 0 0
v 0.0668973204 -0.0308919849 0.0439198805 1 0 0
v 0.0667063138 -0.0308954932 0.0422155249 1 0 0
v 0.0665144252 -0.0308966166 0.0405112707 1 0 0
v 0.0663209997 -0.0308951433 0.0388071851 1 0 0
v 0.0661307248 -0.0308963474 0.0371027446 0 1 0
v 0.0659396286 -0.0308973456 0.0353983961 0 1 0
v 0.0657473303 -0.0308979081 0.0336941832 0 1 0
v 0.065553205 -0.0308980152 0.0319901766 0 1 0
v 0.0653574849 -0.0308975263 0.0302863527 0 1 0
v 0.0651616164 -0.0308978927 0.028582546 0 1 0
v 0.0649669739 -0.03089919 0.0268785991 0 1 0
v 0.0647696718 -0.0309003754 0.0251749579 0 1 0
v 0.0645672762 -0.0309006295 0.0234719144 0 1 0
v 0.0643656992 -0.0309012085 0.0217687733 0 1 0
v 0.0641617541 -0.0309015843 0.0200659156 0 1 0
v 0.049324895 -0.0328813122 0.283502917 0.705882 0.470588 0.156863
v 0.0504038362 -0.032943299 0.282170016 0.705882 0.470588 0.156863
v 0.0514621459 -0.0329707717 0.280819568 0.705882 0.470588 0.156863
v 0.0525070838 -0.0329796598 0.279458419 0.705882 0.470588 0.156863
v 0.0535198216 -0.0329873615 0.278073323 0.705882 0.470588 0.156863
v 0.0545178361 -0.0329856795 0.276677378 0.705882 0.470588 0.156863
v 0.0554753713 -0.0329823624 0.275253652 0.470588 0.470588 0.470588
v 0.0564177351 -0.032980313 0.273819551 0.470588 0.470588 0.470588
v 0.0573208178 -0.0329868196 0.272360675 0.470588 0.470588 0.470588
v 0.0582071229 -0.0329977338 0.270891306 0.470588 0.470588 0.470588
v 0.0590701372 -0.0329942404 0.269408188 0.470588 0.470588 0.470588
v 0.0599052098 -0.0329938413 0.267909071 0.470588 0.470588 0.470588
v 0.060712089 -0.0329940262 0.266394661 0.470588 0.470588 0.470588
v 0.0615109248 -0.0329942464 0.264875937 0.470588 0.470588 0.470588
v 0.0622790135 -0.0329999349 0.263341441 0.470588 0.470588 0.470588
v 0.0630385557 -0.0330060193 0.261802729 0.470588 0.470588 0.470588
v 0.0637822095 -0.0330113225 0.260256233 1 0 0
v 0.0645087665 -0.0330040118 0.258701743 1 0 0
v 0.0652244953 -0.0329889677 0.25714219 1 0 0
v 0.0659175555 -0.0329905552 0.2555725 1 0 0
v 0.0665919708 -0.0330026828 0.253994616 1 0 0
v 0.0672481612 -0.0330048254 0.252409074 1 0 0
v 0.0678833259 -0.03301164 0.250814954 1 0 0
v 0.0685051391 -0.0330099621 0.249215576 1 0 0
v 0.0691116221 -0.0330072915 0.24761032 1 0 0
v 0.0696903262 -0.033010594 0.24599486 1 0 0
v 0.0702520496 -0.0330134652 0.244373408 0 1 0
v 0.0707958178 -0.0330105151 0.242745832 0 1 0
v 0.0713170958 -0.0330097976 0.241111023 0 1 0
v 0.0718162383 -0.0330093305 0.239469208 0 1 0
v 0.0723024899 -0.03300882 0.237823549 0 1 0
v 0.072781787 -0.0330103264 0.236175832 0 1 0
v 0.073253743 -0.0330113183 0.234526012 0 1 0
v 0.0737174624 -0.0330114142 0.232873842 0 1 0
v 0.0741595476 -0.0330109364 0.231215791 0 1 0
v 0.0745929626 -0.0330097746 0.229555445 0 1 0
v 0.07499273 -0.0330089673 0.227886647 0 0.501961 1
v 0.075391524 -0.0330076534 0.226217621 0 0.501961 1
v 0.0757552219 -0.0330063003 0.224540601 0 0.501961 1
v 0.0761177852 -0.0330046249 0.222863327 0 0.501961 1
v 0.0764623232 -0.033004362 0.221182265 0 0.501961 1
v 0.0768051888 -0.0330043089 0.219500854 0 0.501961 1
v 0.0771370527 -0.0330034124 0.217817249 0 0.501961 1
v 0.0774656537 -0.0330022556 0.216132992 0 0.501961 1
v 0.0777786809 -0.0329978605 0.214445825 0 0.501961 1
v 0.078079871 -0.0329935982 0.212756457 0 0.501961 1
v 0.0783689766 -0.0329947543 0.211065032 0 0.501961 1
v 0.0786322024 -0.0329925773 0.209369341 0 0.501961 1
v 0.0788933208 -0.0329888396 0.207673316 1 0.784314 0
v 0.0791241851 -0.0329886387 0.205972944 1 0.784314 0
v 0.0793481952 -0.0329885177 0.204271616 1 0.784314 0
v 0.079562279 -0.0329885789 0.202569029 1 0.784314 0
v 0.0797688932 -0.032989874 0.2008655 1 0.784314 0
v 0.079971789 -0.0329901732 0.199161529 1 0.784314 0
v 0.0801591775 -0.0329872107 0.197455781 1 0.784314 0
v 0.0803384977 -0.0329849409 0.195749189 1 0.784314 0
v 0.0805077798 -0.0329835327 0.194041547 1 0.784314 0
v 0.0806636337 -0.0329820133 0.192332674 1 0.784314 0
v 0.0808054362 -0.0329815926 0.190622531 1 0.784314 0
v 0.0809400689 -0.0329807078 0.188911831 1 0.784314 0
v 0.0810635156 -0.0329790783 0.187200265 0.705882 0 1
v 0.0811739706 -0.0329782003 0.185487867 0.705882 0 1
v 0.0812637026 -0.0329786216 0.183774207 0.705882 0 1
v 0.0813195161 -0.0329781073 0.182059278 0.705882 0 1
v 0.081356188 -0.0329763635 0.180343659 0.705882 0 1
v 0.0813570663 -0.032975 0.178628259 0.705882 0 1
v 0.0812360543 -0.0329694038 0.176916528 0.705882 0 1
v 0.08109775 -0.0329648272 0.175206465 0.705882 0 1
v 0.0808400464 -0.0329643026 0.173509978 0.705882 0 1
v 0.0805649583 -0.0329626645 0.171816206 0.705882 0 1
v 0.0802592514 -0.0329624824 0.170127747 0 0.862745 0.862745
v 0.0799207478 -0.0329651072 0.168445491 0 0.862745 0.862745
v 0.0795735946 -0.0329589524 0.166764977 0 0.862745 0.862745
v 0.0792251956 -0.0329496772 0.165084734 0 0.862745 0.862745
v 0.0788877812 -0.0329519565 0.163402229 0 0.862745 0.862745
v 0.0785587759 -0.0329537818 0.161718164 0 0.862745 0.862745
v 0.0782598487 -0.0329564719 0.160028393 0 0.862745 0.862745
v 0.0779801129 -0.0329624463 0.158335472 0 0.862745 0.862745
v 0.0777192152 -0.0329710368 0.15663943 0 0.862745 0.862745
v 0.0774711946 -0.0329648414 0.154941495 0 0.862745 0.862745
v 0.0772262141 -0.0329556717 0.153243094 1 0.470588 0
v 0.0770108473 -0.0329532974 0.151540652 1 0.470588 0
v 0.0767827892 -0.032959692 0.149839873 1 0.470588 0
v 0.076582427 -0.0329685029 0.148135649 1 0.470588 0
v 0.076382509 -0.0329760755 0.146431347 1 0.470588 0
v 0.0761907212 -0.0329764344 0.144726114 1 0.470588 0
v 0.076010234 -0.0329774319 0.14301962 1 0.470588 0
v 0.0758260107 -0.0329785176 0.141313531 1 0.470588 0
v 0.0756395464 -0.0329795176 0.139607679 1 0.470588 0
v 0.0754619891 -0.0329794934 0.137900882 1 0.470588 0
v 0.0752845916 -0.0329794843 0.136194067 0.470588 1 0
v 0.0751029308 -0.0329807496 0.134487702 0.470588 1 0
v 0.074923223 -0.0329770087 0.132781144 0.470588 1 0
v 0.07474716 -0.0329681991 0.131074211 0.470588 1 0
v 0.0745781859 -0.0329726387 0.129366568 0.470588 1 0
v 0.0744026463 -0.0329830455 0.127659593 0.470588 1 0
v 0.0742394077 -0.0329826218 0.125951366 0.470588 1 0
v 0.0740748107 -0.0329806952 0.124243282 0.470588 1 0
v 0.073918765 -0.0329747655 0.122534394 1 0 0.705882
v 0.0737582063 -0.0329706446 0.120825924 1 0 0.705882
v 0.0735953505 -0.0329681767 0.119117666 1 0 0.705882
v 0.0734423127 -0.0329680297 0.117408491 1 0 0.705882
v 0.0732856702 -0.0329687894 0.115699652 1 0 0.705882
v 0.0731239336 -0.0329716228 0.113991281 1 0 0.705882
v 0.0729672802 -0.0329740304 0.112282441 1 0 0.705882
v 0.0728128044 -0.0329779478 0.110573402 1 0 0.705882
v 0.0726582552 -0.032980496 0.108864368 0.313725 0.313725 1
v 0.0725056901 -0.0329790098 0.107155152 0.313725 0.313725 1
v 0.0723513881 -0.0329771306 0.105446093 0.313725 0.313725 1
v 0.0721972548 -0.0329772912 0.103737016 0.313725 0.313725 1
v 0.0720417789 -0.0329779871 0.102028063 0.313725 0.313725 1
v 0.0718908213 -0.0329780772 0.100318705 0.313725 0.313725 1
v 0.0717396245 -0.0329783799 0.0986093657 0.313725 0.313725 1
v 0.071591121 -0.0329791388 0.0968997918 0.313725 0.313725 1
v 0.0714401053 -0.0329782014 0.0951904371 0.313725 0.313725 1
v 0.071293748 -0.0329794767 0.0934806785 0.313725 0.313725 1
v 0.071147572 -0.0329809984 0.0917709044 0.705882 0.470588 0.156863
v 0.0710010848 -0.0329804854 0.0900611557 0.705882 0.470588 0.156863
v 0.0708550653 -0.0329783712 0.0883513711 0.705882 0.470588 0.156863
v 0.0707111837 -0.0329709123 0.0866414174 0.705882 0.470588 0.156863
v 0.0705642343 -0.0329670368 0.0849317181 0.705882 0.470588 0.156863
v 0.0704176472 -0.0329688899 0.0832219793 0.705882 0.470588 0.156863
v 0.0702716549 -0.0329728933 0.0815121945 0.705882 0.470588 0.156863
v 0.0701258794 -0.03297914 0.0798023971 0.705882 0.470588 0.156863
v 0.069981839 -0.0329801191 0.078092451 0.705882 0.470588 0.156863
v 0.0698399564 -0.0329764439 0.0763823178 0.705882 0.470588 0.156863
v 0.069699868 -0.0329782992 0.074672039 0.470588 0.470588 0.470588
v 0.0695592499 -0.0329828127 0.0729618042 0.470588 0.470588 0.470588
v 0.0694177316 -0.0329833913 0.0712516388 0.470588 0.470588 0.470588
v 0.0692736762 -0.0329823843 0.0695416836 0.470588 0.470588 0.470588
v 0.0691262184 -0.0329840392 0.0678320199 0.470588 0.470588 0.470588
v 0.068978072 -0.0329862113 0.0661224154 0.470588 0.470588 0.470588
v 0.0688198145 -0.0329830294 0.0644137219 0.470588 0.470588 0.470588
v 0.0686602298 -0.0329790851 0.0627051503 0.470588 0.470588 0.470588
v 0.0684992897 -0.0329683291 0.0609967366 0.470588 0.470588 0.470588
v 0.0683357051 -0.0329586999 0.0592885689 0.470588 0.470588 0.470588
v 0.0681637546 -0.0329638013 0.0575812053 0.470588 0.470588 0.470588
v 0.0679886604 -0.0329719961 0.0558741793 0.470588 0.470588 0.470588
v 0.0678085726 -0.0329720713 0.0541676546 1 0 0
v 0.067626108 -0.0329747854 0.0524613785 1 0 0
v 0.067440689 -0.0329706945 0.0507554181 1 0 0
v 0.0672542562 -0.0329693295 0.0490495636 1 0 0
v 0.0670656507 -0.0329679584 0.0473439476 1 0 0
v 0.0668769603 -0.0329699319 0.045638344 1 0 0
v 0.066686861 -0.0329751566 0.0439329023 1 0 0
v 0.0664969947 -0.0329806587 0.0422274386 1 0 0
v 0.0663073146 -0.0329820881 0.0405219463 1 0 0
v 0.0661182071 -0.0329809566 0.0388163861 1 0 0
v 0.0659274727 -0.0329829106 0.0371110083 0 1 0
v 0.0657353913 -0.0329837837 0.0354057801 0 1 0
v 0.0655451273 -0.0329844346 0.0337003478 0 1 0
v 0.0653521295 -0.0329847561 0.0319952228 0 1 0
v 0.0651588932 -0.0329852444 0.0302901248 0 1 0
v 0.0649634951 -0.0329856408 0.0285852739 0 1 0
v 0.0647626532 -0.0329857958 0.0268810555 0 1 0
v 0.0645625511 -0.0329860968 0.0251767499 0 1 0
v 0.0643635924 -0.0329866165 0.0234723101 0 1 0
v 0.0641569539 -0.0329867098 0.0217687908 0 1 0
v 0.0639458278 -0.0329864637 0.0200658152 0 1 0
v 0.0489510282 -0.0349425062 0.283575316 1 0.784314 0
v 0.0500315404 -0.0350082262 0.282242588 1 0.784314 0
v 0.0511043883 -0.0350624948 0.280903496 1 0.784314 0
v 0.0521519317 -0.0350698343 0.279543158 1 0.784314 0
v 0.0531815051 -0.0350771502 0.278169218 1 0.784314 0
v 0.0541867566 -0.035079747 0.276777352 1 0.784314 0
v 0.0551563097 -0.0350831362 0.275360362 1 0.784314 0
v 0.0561047903 -0.0350835295 0.273929288 1 0.784314 0
v 0.0570148737 -0.0350857951 0.272473354 0.705882 0 1
v 0.0579151375 -0.035091711 0.271011406 0.705882 0 1
v 0.0587746656 -0.0350857598 0.269525112 0.705882 0 1
v 0.0596343101 -0.0350768404 0.268038865 0.705882 0 1
v 0.06045199 -0.0350811346 0.266529264 0.705882 0 1
v 0.0612542899 -0.0350851168 0.265011272 0.705882 0 1
v 0.0620272839 -0.0350872885 0.263478153 0.705882 0 1
v 0.0627966846 -0.0350909086 0.261943236 0.705882 0 1
v 0.0635365417 -0.0350953913 0.260393854 0.705882 0 1
v 0.0642750307 -0.0350996067 0.258843816 0.705882 0 1
v 0.0649868093 -0.0350861419 0.257281428 0 0.862745 0.862745
v 0.0656830284 -0.0350850211 0.255711954 0 0.862745 0.862745
v 0.0663576804 -0.0350937972 0.254133103 0 0.862745 0.862745
v 0.0670099983 -0.0350875313 0.252544924 0 0.862745 0.862745
v 0.0676456678 -0.0350961173 0.250949978 0 0.862745 0.862745
v 0.0682696324 -0.0351039564 0.24935047 0 0.862745 0.862745
v 0.0688730488 -0.0351006341 0.247743025 0 0.862745 0.862745
v 0.0694625154 -0.0351003279 0.246130488 0 0.862745 0.862745
v 0.070034997 -0.0351036701 0.244511772 0 0.862745 0.862745
v 0.0705723516 -0.0351010819 0.242881125 0 0.862745 0.862745
v 0.0710967845 -0.0350971636 0.241246224 1 0.470588 0
v 0.0715956921 -0.0350967088 0.239603333 1 0.470588 0
v 0.0720836137 -0.0350970523 0.237957146 1 0.470588 0
v 0.0725634677 -0.0350979286 0.236308593 1 0.470588 0
v 0.0730325859 -0.035098905 0.234656954 1 0.470588 0
v 0.0734995748 -0.0350998363 0.233004707 1 0.470588 0
v 0.0739433087 -0.0350971243 0.231346158 1 0.470588 0
v 0.0743667573 -0.0350867911 0.229682251 1 0.470588 0
v 0.0747805373 -0.0350806424 0.228015941 1 0.470588 0
v 0.0751641542 -0.0350870709 0.226342422 1 0.470588 0
v 0.0755370271 -0.0350929905 0.224666455 0.470588 1 0
v 0.0758913577 -0.0350917149 0.222986459 0.470588 1 0
v 0.076237842 -0.0350908785 0.221304809 0.470588 1 0
v 0.076577934 -0.0350884572 0.21962186 0.470588 1 0
v 0.0769147413 -0.0350825159 0.217938254 0.470588 1 0
v 0.0772417946 -0.0350784082 0.216252741 0.470588 1 0
v 0.077556941 -0.0350681848 0.214564968 0.470588 1 0
v 0.0778650743 -0.0350610144 0.21287592 0.470588 1 0
v 0.078141018 -0.0350681453 0.21118128 0.470588 1 0
v 0.0784162687 -0.0350747631 0.209486529 0.470588 1 0
v 0.0786574534 -0.0350758927 0.207786607 0.470588 1 0
v 0.078894147 -0.0350781113 0.206086027 0.470588 1 0
v 0.0791129124 -0.0350777047 0.204383056 1 0 0.705882
v 0.0793264814 -0.0350772977 0.202679416 1 0 0.705882
v 0.079533819 -0.0350784751 0.200975011 1 0 0.705882
v 0.0797336386 -0.035076908 0.199269705 1 0 0.705882
v 0.0799264773 -0.035075952 0.197563594 1 0 0.705882
v 0.0801091181 -0.0350735208 0.195856393 1 0 0.705882
v 0.0802696251 -0.0350677453 0.194146951 1 0 0.705882
v 0.0804229724 -0.0350639774 0.192436854 1 0 0.705882
v 0.0805692931 -0.035062816 0.190726126 1 0 0.705882
v 0.0807017197 -0.035061253 0.189014337 1 0 0.705882
v 0.0808153042 -0.0350590046 0.187301125 0.313725 0.313725 1
v 0.0809192771 -0.035058098 0.185587339 0.313725 0.313725 1
v 0.0810101491 -0.0350589807 0.183872771 0.313725 0.313725 1
v 0.0810742647 -0.0350586581 0.182157173 0.313725 0.313725 1
v 0.0810938507 -0.0350560888 0.180440332 0.313725 0.313725 1
v 0.0810738252 -0.0350528017 0.178724442 0.313725 0.313725 1
v 0.0809588384 -0.03504854 0.17701133 0.313725 0.313725 1
v 0.0808176607 -0.0350434513 0.175300843 0.313725 0.313725 1
v 0.0805612523 -0.035041973 0.173603123 0.313725 0.313725 1
v 0.0802997016 -0.035039676 0.171906266 0.313725 0.313725 1
v 0.0799759121 -0.0350403017 0.170220099 0.705882 0.470588 0.156863
v 0.0796514395 -0.0350410502 0.168534063 0.705882 0.470588 0.156863
v 0.0793010565 -0.0350394503 0.166853234 0.705882 0.470588 0.156863
v 0.0789485394 -0.0350336023 0.165172868 0.705882 0.470588 0.156863
v 0.0786140101 -0.0350356093 0.163488799 0.705882 0.470588 0.156863
v 0.0782914738 -0.0350376406 0.161802514 0.705882 0.470588 0.156863
v 0.0779881339 -0.0350383957 0.160112554 0.705882 0.470588 0.156863
v 0.07770787 -0.0350413311 0.158418734 0.705882 0.470588 0.156863
v 0.0774374417 -0.0350472443 0.1567232 0.705882 0.470588 0.156863
v 0.0771976008 -0.0350445326 0.155023095 0.705882 0.470588 0.156863
v 0.0769622408 -0.0350400047 0.153322359 0.470588 0.470588 0.470588
v 0.0767441753 -0.0350380599 0.151619291 0.470588 0.470588 0.470588
v 0.076523469 -0.0350366099 0.149916561 0.470588 0.470588 0.470588
v 0.07632127 -0.035041635 0.148211564 0.470588 0.470588 0.470588
v 0.0761235862 -0.0350518968 0.146506038 0.470588 0.470588 0.470588
v 0.0759329899 -0.035055269 0.144799694 0.470588 0.470588 0.470588
v 0.0757429833 -0.0350556759 0.143093265 0.470588 0.470588 0.470588
v 0.0755601611 -0.0350570289 0.141386064 0.470588 0.470588 0.470588
v 0.0753822422 -0.0350589985 0.139678334 0.470588 0.470588 0.470588
v 0.0752024336 -0.0350594248 0.137970804 0.470588 0.470588 0.470588
v 0.0750200183 -0.0350590038 0.136263548 1 0 0
v 0.0748461243 -0.0350614806 0.134555403 1 0 0
v 0.074672404 -0.0350613211 0.132847244 1 0 0
v 0.0744985011 -0.035055513 0.131139116 1 0 0
v 0.0743279323 -0.0350579781 0.129430666 1 0 0
v 0.0741584115 -0.0350621561 0.127722086 1 0 0
v 0.0739962959 -0.0350647317 0.126012787 1 0 0
v 0.0738329314 -0.0350643471 0.124303614 1 0 0
v 0.073671896 -0.035056442 0.122594228 0 1 0
v 0.0735124418 -0.0350531187 0.120884681 0 1 0
v 0.0733538338 -0.0350528622 0.119175049 0 1 0
v 0.0731937934 -0.0350541231 0.11746555 0 1 0
v 0.073036424 -0.0350568768 0.115755806 0 1 0
v 0.0728794625 -0.0350604116 0.114046026 0 1 0
v 0.0727246558 -0.0350626584 0.112336051 0 1 0
v 0.0725699715 -0.0350622292 0.11062606 0 1 0
v 0.0724164397 -0.0350608801 0.108915964 0 0.501961 1
v 0.072262301 -0.0350602206 0.107205923 0 0.501961 1
v 0.0721086239 -0.0350614459 0.105495841 0 0.501961 1
v 0.0719547617 -0.0350606708 0.103785775 0 0.501961 1
v 0.0718027378 -0.0350590225 0.102075545 0 0.501961 1
v 0.0716545219 -0.0350606652 0.100364981 0 0.501961 1
v 0.0715045243 -0.0350615809 0.0986545721 0 0.501961 1
v 0.0713568278 -0.0350625849 0.0969439622 0 0.501961 1
v 0.0712085299 -0.035063105 0.0952334043 0 0.501961 1
v 0.0710624195 -0.0350631935 0.0935226585 0 0.501961 1
v 0.0709157651 -0.0350633533 0.0918119592 1 0.784314 0
v 0.0707723652 -0.0350647751 0.0901009839 1 0.784314 0
v 0.0706279793 -0.0350625895 0.0883900975 1 0.784314 0
v 0.0704815498 -0.0350569149 0.0866793876 1 0.784314 0
v 0.0703369072 -0.0350546651 0.0849685215 1 0.784314 0
v 0.0701917012 -0.0350560764 0.0832577003 1 0.784314 0
v 0.0700458244 -0.0350602803 0.0815469408 1 0.784314 0
v 0.0699010653 -0.0350640983 0.0798360844 1 0.784314 0
v 0.0697589604 -0.035063852 0.0781250051 1 0.784314 0
v 0.0696196711 -0.0350609788 0.0764136921 1 0.784314 0
v 0.0694782888 -0.0350625099 0.0747025541 0.705882 0 1
v 0.0693357436 -0.0350666268 0.0729915117 0.705882 0 1
v 0.0691942024 -0.0350671276 0.0712803825 0.705882 0 1
v 0.0690530002 -0.0350664072 0.0695692239 0.705882 0 1
v 0.068902514 -0.0350677953 0.0678588622 0.705882 0 1
v 0.0687499085 -0.0350696685 0.0661486837 0.705882 0 1
v 0.0685945506 -0.0350666945 0.0644387564 0.705882 0 1
v 0.068436662 -0.0350623845 0.0627290635 0.705882 0 1
v 0.0682741196 -0.0350580076 0.0610198061 0.705882 0 1
v 0.068107789 -0.0350503747 0.059310924 0.705882 0 1
v 0.0679365475 -0.0350531311 0.0576025192 0.705882 0 1
v 0.0677614804 -0.0350568208 0.0558944969 0.705882 0 1
v 0.0675822882 -0.0350622109 0.0541869082 0 0.862745 0.862745
v 0.0674025159 -0.0350667132 0.0524793788 0 0.862745 0.862745
v 0.0672189365 -0.0350665872 0.0507722493 0 0.862745 0.862745
v 0.0670335569 -0.0350668561 0.0490653115 0 0.862745 0.862745
v 0.0668466308 -0.0350654556 0.0473585461 0 0.862745 0.862745
v 0.0666585447 -0.0350650391 0.0456519045 0 0.862745 0.862745
v 0.0664715272 -0.0350674922 0.0439451546 0 0.862745 0.862745
v 0.0662834198 -0.0350676339 0.0422385153 0 0.862745 0.862745
v 0.0660977281 -0.0350644631 0.0405316145 0 0.862745 0.862745
v 0.0659086257 -0.0350637394 0.0388250866 0 0.862745 0.862745
v 0.0657191699 -0.0350666192 0.0371185989 1 0.470588 0
v 0.0655282621 -0.0350672421 0.0354122777 1 0.470588 0
v 0.0653362119 -0.0350697165 0.0337060822 1 0.470588 0
v 0.0651432251 -0.0350705842 0.0319999885 1 0.470588 0
v 0.0649457111 -0.0350704556 0.0302944149 1 0.470588 0
v 0.0647464847 -0.0350702398 0.028589038 1 0.470588 0
v 0.0645484911 -0.0350708079 0.0268835174 1 0.470588 0
v 0.0643448058 -0.0350707303 0.0251786751 1 0.470588 0
v 0.0641357713 -0.0350700381 0.0234744726 1 0.470588 0
v 0.0639281551 -0.0350700953 0.0217700968 1 0.470588 0
v 0.0637207384 -0.0350704164 0.0200656974 1 0.470588 0
v 0.0485213953 -0.0369917747 0.283661837 1 0.784314 0
v 0.0496176178 -0.0370864967 0.282342213 1 0.784314 0
v 0.0506925304 -0.0371443864 0.281003406 1 0.784314 0
v 0.0517570689 -0.0371544928 0.2796548 1 0.784314 0
v 0.0527959239 -0.037160859 0.278286491 1 0.784314 0
v 0.0538131119 -0.0371665588 0.276901851 1 0.784314 0
v 0.054791065 -0.0371711899 0.275489231 1 0.784314 0
v 0.0557511954 -0.0371719824 0.274064415 1 0.784314 0
v 0.0566771915 -0.037172673 0.272617307 0.705882 0 1
v 0.0575836079 -0.0371776932 0.271157706 0.705882 0 1
v 0.0584625181 -0.0371722915 0.269681477 0.705882 0 1
v 0.0593276573 -0.0371626654 0.26819706 0.705882 0 1
v 0.0601536987 -0.0371667966 0.26669068 0.705882 0 1
v 0.0609681112 -0.0371765588 0.265177828 0.705882 0 1
v 0.0617491533 -0.0371824955 0.263647503 0.705882 0 1
v 0.0625171639 -0.0371846265 0.26211057 0.705882 0 1
v 0.0632674491 -0.0371847231 0.260564905 0.705882 0 1
v 0.0640057832 -0.0371874512 0.259013484 0.705882 0 1
v 0.0647203957 -0.0371862048 0.25745103 0 0.862745 0.862745
v 0.0654182591 -0.0371870328 0.255880976 0 0.862745 0.862745
v 0.0660893713 -0.0371847316 0.254299397 0 0.862745 0.862745
v 0.0667461866 -0.0371737251 0.252711771 0 0.862745 0.862745
v 0.0673828834 -0.0371754714 0.251116098 0 0.862745 0.862745
v 0.0680010971 -0.0371897911 0.249513073 0 0.862745 0.862745
v 0.0686104538 -0.0371893436 0.247906596 0 0.862745 0.862745
v 0.0692026596 -0.0371894375 0.24629384 0 0.862745 0.862745
v 0.0697703213 -0.0371904008 0.244672161 0 0.862745 0.862745
v 0.0703142208 -0.0371888228 0.243042474 0 0.862745 0.862745
v 0.0708441094 -0.0371857463 0.241408066 1 0.470588 0
v 0.071351531 -0.0371843309 0.239766681 1 0.470588 0
v 0.071837496 -0.0371845389 0.238118675 1 0.470588 0
v 0.0723218415 -0.0371843937 0.2364702 1 0.470588 0
v 0.0727882537 -0.0371834569 0.234816562 1 0.470588 0
v 0.0732515854 -0.0371835798 0.23316205 1 0.470588 0
v 0.0736992666 -0.0371857967 0.231503251 1 0.470588 0
v 0.0741253966 -0.0371751963 0.229838818 1 0.470588 0
v 0.0745375163 -0.0371678074 0.228170893 1 0.470588 0
v 0.0749213872 -0.0371730986 0.226496205 1 0.470588 0
v 0.0752928141 -0.0371790912 0.224818721 0.470588 1 0
v 0.0756429233 -0.0371776113 0.223136612 0.470588 1 0
v 0.07598925 -0.0371766184 0.221453717 0.470588 1 0
v 0.076326502 -0.0371740488 0.219768981 0.470588 1 0
v 0.0766621081 -0.0371683328 0.218083924 0.470588 1 0
v 0.0769848849 -0.037166179 0.216396362 0.470588 1 0
v 0.0772984372 -0.0371584448 0.214707073 0.470588 1 0
v 0.0775990104 -0.0371547235 0.213015449 0.470588 1 0
v 0.0778840473 -0.0371576849 0.211321121 0.470588 1 0
v 0.0781470542 -0.0371598145 0.209623275 0.470588 1 0
v 0.0783932208 -0.0371562998 0.207922849 0.470588 1 0
v 0.0786264089 -0.0371583794 0.206220601 0.470588 1 0
v 0.0788479403 -0.03715927 0.204516781 1 0 0.705882
v 0.0790600314 -0.0371600102 0.202811774 1 0 0.705882
v 0.0792665597 -0.0371600303 0.201106071 1 0 0.705882
v 0.0794752332 -0.0371597433 0.199400627 1 0 0.705882
v 0.0796659004 -0.0371588429 0.197693098 1 0 0.705882
v 0.0798449391 -0.0371567401 0.195984292 1 0 0.705882
v 0.0800091827 -0.03714915 0.194274024 1 0 0.705882
v 0.0801598678 -0.0371425753 0.192562515 1 0 0.705882
v 0.080295551 -0.0371396601 0.190849725 1 0 0.705882
v 0.0804234264 -0.0371374855 0.189136343 1 0 0.705882
v 0.0805438125 -0.0371368904 0.187422403 0.313725 0.313725 1
v 0.0806489069 -0.0371365156 0.185707554 0.313725 0.313725 1
v 0.0807290159 -0.037136581 0.18399126 0.313725 0.313725 1
v 0.0807867571 -0.0371354988 0.182274336 0.313725 0.313725 1
v 0.0808035143 -0.037132314 0.180556258 0.313725 0.313725 1
v 0.0807837426 -0.0371289836 0.178839186 0.313725 0.313725 1
v 0.0806662034 -0.0371243019 0.177125058 0.313725 0.313725 1
v 0.0805213801 -0.0371192205 0.175413724 0.313725 0.313725 1
v 0.0802716823 -0.0371149494 0.173713824 0.313725 0.313725 1
v 0.0800060151 -0.0371113854 0.172016447 0.313725 0.313725 1
v 0.0796871062 -0.0371110946 0.17032814 0.705882 0.470588 0.156863
v 0.0793632757 -0.0371111676 0.168640799 0.705882 0.470588 0.156863
v 0.079011332 -0.0371124819 0.16695907 0.705882 0.470588 0.156863
v 0.0786613304 -0.0371139178 0.165276945 0.705882 0.470588 0.156863
v 0.0783196658 -0.0371139706 0.163593095 0.705882 0.470588 0.156863
v 0.0779970619 -0.0371144578 0.161905601 0.705882 0.470588 0.156863
v 0.0776928767 -0.0371152558 0.16021458 0.705882 0.470588 0.156863
v 0.0774154905 -0.0371184899 0.158519073 0.705882 0.470588 0.156863
v 0.0771472192 -0.0371212901 0.156821986 0.705882 0.470588 0.156863
v 0.0769068739 -0.0371210787 0.155120728 0.705882 0.470588 0.156863
v 0.0766700559 -0.0371206583 0.153418992 0.470588 0.470588 0.470588
v 0.0764490365 -0.0371271634 0.151715116 0.470588 0.470588 0.470588
v 0.0762407312 -0.0371272399 0.150009643 0.470588 0.470588 0.470588
v 0.0760370544 -0.0371280477 0.148303603 0.470588 0.470588 0.470588
v 0.0758418511 -0.0371307183 0.14659657 0.470588 0.470588 0.470588
v 0.0756510996 -0.0371320708 0.144889039 0.470588 0.470588 0.470588
v 0.0754681979 -0.037133145 0.14318064 0.470588 0.470588 0.470588
v 0.0752878951 -0.0371343973 0.141471969 0.470588 0.470588 0.470588
v 0.0751063913 -0.0371357645 0.13976342 0.470588 0.470588 0.470588
v 0.0749283908 -0.0371367244 0.138054505 0.470588 0.470588 0.470588
v 0.0747515047 -0.0371376932 0.136345472 1 0 0
v 0.07457956 -0.0371397267 0.134635937 1 0 0
v 0.0744050301 -0.0371401355 0.132926665 1 0 0
v 0.0742346942 -0.037137021 0.13121697 1 0 0
v 0.0740672163 -0.0371368412 0.129506994 1 0 0
v 0.0739023481 -0.0371391132 0.127796763 1 0 0
v 0.073737606 -0.0371422269 0.126086523 1 0 0
v 0.0735736793 -0.0371448146 0.124376203 1 0 0
v 0.073416218 -0.0371367462 0.12266529 0 1 0
v 0.0732568461 -0.037134262 0.120954542 0 1 0
v 0.0730966584 -0.0371358228 0.119243866 0 1 0
v 0.0729399331 -0.0371403072 0.117532872 0 1 0
v 0.0727821369 -0.0371418524 0.115821972 0 1 0
v 0.0726240047 -0.0371425106 0.114111102 0 1 0
v 0.0724722719 -0.0371402788 0.112399655 0 1 0
v 0.0723175757 -0.0371389196 0.110688472 0 1 0
v 0.072166052 -0.037137828 0.108977004 0 0.501961 1
v 0.0720142399 -0.0371384866 0.107265563 0 0.501961 1
v 0.0718615155 -0.0371415285 0.105554204 0 0.501961 1
v 0.0717123541 -0.0371412577 0.103842531 0 0.501961 1
v 0.0715634118 -0.0371397411 0.102130838 0 0.501961 1
v 0.0714140845 -0.0371411832 0.100419178 0 0.501961 1
v 0.0712644461 -0.0371425322 0.0987075448 0 0.501961 1
v 0.0711191265 -0.037143869 0.0969955397 0 0.501961 1
v 0.0709710241 -0.0371442145 0.095283773 0 0.501961 1
v 0.070827064 -0.0371446477 0.0935716519 0 0.501961 1
v 0.0706816541 -0.0371452064 0.0918596561 1 0.784314 0
v 0.0705339911 -0.0371461658 0.0901478507 1 0.784314 0
v 0.0703893228 -0.0371463456 0.0884357926 1 0.784314 0
v 0.070248197 -0.0371456035 0.0867234357 1 0.784314 0
v 0.070103426 -0.0371442124 0.0850113869 1 0.784314 0
v 0.0699557723 -0.037143448 0.0832995806 1 0.784314 0
v 0.0698138112 -0.0371443726 0.0815872955 1 0.784314 0
v 0.0696725614 -0.0371459078 0.0798749494 1 0.784314 0
v 0.0695301581 -0.0371458094 0.0781627011 1 0.784314 0
v 0.0693873737 -0.03714233 0.0764504851 1 0.784314 0
v 0.069246217 -0.0371438831 0.0747381371 0.705882 0 1
v 0.0691056484 -0.0371490562 0.073025743 0.705882 0 1
v 0.0689607877 -0.0371497787 0.0713137013 0.705882 0 1
v 0.0688142605 -0.0371484647 0.0696017985 0.705882 0 1
v 0.0686657206 -0.0371500612 0.0678900704 0.705882 0 1
v 0.0685132039 -0.0371520838 0.0661786938 0.705882 0 1
v 0.068357984 -0.0371486964 0.0644675619 0.705882 0 1
v 0.0681986425 -0.0371439213 0.0627568116 0.705882 0 1
v 0.0680360651 -0.0371397339 0.0610463637 0.705882 0 1
v 0.0678686131 -0.0371368737 0.0593363828 0.705882 0 1
v 0.0676991132 -0.0371404656 0.0576266087 0.705882 0 1
v 0.0675284696 -0.0371456514 0.0559169497 0.705882 0 1
v 0.0673509908 -0.0371488641 0.0542079843 0 0.862745 0.862745
v 0.0671722015 -0.0371476593 0.0524991496 0 0.862745 0.862745
v 0.0669924418 -0.0371466673 0.0507904183 0 0.862745 0.862745
v 0.0668076642 -0.0371413544 0.0490822335 0 0.862745 0.862745
v 0.0666232801 -0.0371330342 0.0473740133 0 0.862745 0.862745
v 0.0664362546 -0.0371339838 0.0456660693 0 0.862745 0.862745
v 0.0662527462 -0.0371449028 0.0439577694 0 0.862745 0.862745
v 0.0660681934 -0.0371522977 0.0422495738 0 0.862745 0.862745
v 0.0658808235 -0.0371501875 0.0405416595 0 0.862745 0.862745
v 0.0656937962 -0.0371488008 0.0388337071 0 0.862745 0.862745
v 0.0655048022 -0.0371502005 0.0371259735 1 0.470588 0
v 0.0653134398 -0.0371457214 0.0354185166 1 0.470588 0
v 0.0651212723 -0.0371406939 0.0337111549 1 0.470588 0
v 0.0649205161 -0.0371523483 0.0320048008 1 0.470588 0
v 0.0647227693 -0.0371541926 0.0302980624 1 0.470588 0
v 0.0645213003 -0.0371538674 0.0285917592 1 0.470588 0
v 0.0643138774 -0.0371538634 0.0268861633 1 0.470588 0
v 0.0641065604 -0.0371534759 0.0251805544 1 0.470588 0
v 0.0638988738 -0.0371525926 0.0234749935 1 0.470588 0
v 0.0636850934 -0.0371518891 0.0217701832 1 0.470588 0
v 0.0634697016 -0.0371514064 0.0200655749 1 0.470588 0
v 0.0480599781 -0.0390342462 0.283756406 1 0.784314 0
v 0.0491572176 -0.0391298459 0.282436061 1 0.784314 0
v 0.0502533098 -0.0392215012 0.281114761 1 0.784314 0
v 0.0513243543 -0.0392320791 0.279769731 1 0.784314 0
v 0.0523756899 -0.0392385147 0.278409291 1 0.784314 0
v 0.053405934 -0.0392432905 0.277032836 1 0.784314 0
v 0.0543957616 -0.0392503082 0.275626928 1 0.784314 0
v 0.0553640696 -0.0392516572 0.274206251 1 0.784314 0
v 0.0563124533 -0.0392495837 0.272772043 0.705882 0 1
v 0.0572280458 -0.0392583877 0.271316733 0.705882 0 1
v 0.0581212545 -0.0392598814 0.26984769 0.705882 0 1
v 0.0589909034 -0.0392500549 0.26836445 0.705882 0 1
v 0.0598320451 -0.0392540918 0.266865103 0.705882 0 1
v 0.060652193 -0.0392661588 0.265353952 0.705882 0 1
v 0.0614404463 -0.039273411 0.263825937 0.705882 0 1
v 0.0622140969 -0.0392769068 0.26229045 0.705882 0 1
v 0.0629734007 -0.0392765987 0.260747776 0.705882 0 1
v 0.063709499 -0.0392753973 0.259193973 0.705882 0 1
v 0.0644335269 -0.0392732613 0.257634433 0 0.862745 0.862745
v 0.0651275404 -0.0392734799 0.256061586 0 0.862745 0.862745
v 0.0657967351 -0.0392756437 0.254477742 0 0.862745 0.862745
v 0.066452218 -0.0392731209 0.252888274 0 0.862745 0.862745
v 0.0670849411 -0.0392696763 0.251289513 0 0.862745 0.862745
v 0.0677104491 -0.0392759265 0.24968795 0 0.862745 0.862745
v 0.068320968 -0.0392754311 0.24808058 0 0.862745 0.862745
v 0.0689162048 -0.0392753784 0.246467546 0 0.862745 0.862745
v 0.0694902294 -0.0392761941 0.24484678 0 0.862745 0.862745
v 0.070041182 -0.0392758246 0.243218195 0 0.862745 0.862745
v 0.070563786 -0.0392734621 0.241580127 1 0.470588 0
v 0.0710719821 -0.0392718524 0.239937585 1 0.470588 0
v 0.0715680672 -0.0392709327 0.238291293 1 0.470588 0
v 0.0720484677 -0.0392698502 0.23664037 1 0.470588 0
v 0.0725207731 -0.0392670024 0.234987099 1 0.470588 0
v 0.0729847004 -0.03926601 0.2333315 1 0.470588 0
v 0.0734294257 -0.0392683095 0.231670596 1 0.470588 0
v 0.0738696938 -0.0392690307 0.230008526 1 0.470588 0
v 0.0742681559 -0.0392669036 0.228335924 1 0.470588 0
v 0.0746646455 -0.0392650845 0.226662863 1 0.470588 0
v 0.075020732 -0.0392638703 0.224980729 0.470588 1 0
v 0.0753756733 -0.0392622485 0.22329835 0.470588 1 0
v 0.0757164816 -0.0392606152 0.221613069 0.470588 1 0
v 0.0760531696 -0.0392588958 0.219926941 0.470588 1 0
v 0.0763831109 -0.0392572189 0.218239496 0.470588 1 0
v 0.0767044548 -0.0392558759 0.216550377 0.470588 1 0
v 0.0770241556 -0.03925444 0.214860956 0.470588 1 0
v 0.0773113745 -0.0392501637 0.213165706 0.470588 1 0
v 0.0775983073 -0.0392459289 0.211470407 0.470588 1 0
v 0.077851692 -0.0392412707 0.209769791 0.470588 1 0
v 0.0780993267 -0.0392360828 0.208068311 0.470588 1 0
v 0.0783261906 -0.0392364574 0.206363937 0.470588 1 0
v 0.078547227 -0.0392373767 0.204658789 1 0 0.705882
v 0.0787599005 -0.0392373108 0.202952578 1 0 0.705882
v 0.078968347 -0.0392365823 0.201245859 1 0 0.705882
v 0.0791636521 -0.0392321654 0.199537578 1 0 0.705882
v 0.0793575066 -0.0392287672 0.197829133 1 0 0.705882
v 0.0795384942 -0.0392258854 0.196119295 1 0 0.705882
v 0.0797109328 -0.0392187343 0.194408564 1 0 0.705882
v 0.0798609596 -0.0392130841 0.19269574 1 0 0.705882
v 0.0799998392 -0.0392126175 0.190981953 1 0 0.705882
v 0.0801260829 -0.0392125285 0.189267188 1 0 0.705882
v 0.0802364276 -0.0392117426 0.187551322 0.313725 0.313725 1
v 0.0803380153 -0.0392115033 0.18583494 0.313725 0.313725 1
v 0.0804262364 -0.03921239 0.18411779 0.313725 0.313725 1
v 0.080488325 -0.0392110963 0.182399894 0.313725 0.313725 1
v 0.0804936384 -0.0392055624 0.180680496 0.313725 0.313725 1
v 0.0804658842 -0.0392004469 0.178962127 0.313725 0.313725 1
v 0.0803536527 -0.0391964003 0.177246383 0.313725 0.313725 1
v 0.0802044962 -0.0391915729 0.175534313 0.313725 0.313725 1
v 0.0799609487 -0.0391868127 0.173832241 0.313725 0.313725 1
v 0.0797037078 -0.0391820853 0.172132436 0.313725 0.313725 1
v 0.0793816687 -0.0391815216 0.170443453 0.705882 0.470588 0.156863
v 0.0790538673 -0.0391814619 0.168755598 0.705882 0.470588 0.156863
v 0.0787038924 -0.0391868408 0.167072186 0.705882 0.470588 0.156863
v 0.0783581494 -0.0391889938 0.165387901 0.705882 0.470588 0.156863
v 0.078016164 -0.0391893867 0.163702839 0.705882 0.470588 0.156863
v 0.0776967728 -0.0391893308 0.162013434 0.705882 0.470588 0.156863
v 0.0773878192 -0.0391885093 0.160322005 0.705882 0.470588 0.156863
v 0.0771100551 -0.0391899988 0.1586253 0.705882 0.470588 0.156863
v 0.076843122 -0.0391924342 0.156926739 0.705882 0.470588 0.156863
v 0.0766051775 -0.0391940107 0.155223869 0.705882 0.470588 0.156863
v 0.0763732491 -0.0391965681 0.153520214 0.470588 0.470588 0.470588
v 0.0761556903 -0.0392005294 0.151814627 0.470588 0.470588 0.470588
v 0.0759458695 -0.0392024681 0.150108086 0.470588 0.470588 0.470588
v 0.0757449841 -0.0392043212 0.148400448 0.470588 0.470588 0.470588
v 0.0755541742 -0.0392064273 0.146691658 0.470588 0.470588 0.470588
v 0.0753661714 -0.0392083096 0.144982557 0.470588 0.470588 0.470588
v 0.0751826078 -0.0392092052 0.14327297 0.470588 0.470588 0.470588
v 0.0750010846 -0.0392102912 0.14156317 0.470588 0.470588 0.470588
v 0.0748245444 -0.0392119068 0.139852843 0.470588 0.470588 0.470588
v 0.0746508121 -0.0392137184 0.138142231 0.470588 0.470588 0.470588
v 0.0744745392 -0.0392149792 0.136431877 1 0 0
v 0.0743024708 -0.0392169175 0.134721097 1 0 0
v 0.074130179 -0.0392181715 0.133010338 1 0 0
v 0.0739644239 -0.0392180478 0.131298931 1 0 0
v 0.0737969283 -0.0392177117 0.129587698 1 0 0
v 0.0736311402 -0.0392183776 0.127876295 1 0 0
v 0.0734691957 -0.0392206927 0.126164529 1 0 0
v 0.0733092849 -0.0392238207 0.124452569 1 0 0
v 0.0731496956 -0.0392186916 0.122740587 0 1 0
v 0.0729901998 -0.0392149198 0.121028595 0 1 0
v 0.0728319972 -0.0392168734 0.119316475 0 1 0
v 0.0726721786 -0.0392204488 0.117604507 0 1 0
v 0.0725194349 -0.0392208755 0.115891891 0 1 0
v 0.0723655523 -0.039221112 0.114179378 0 1 0
v 0.072212665 -0.0392175909 0.112466779 0 1 0
v 0.0720607297 -0.0392152696 0.110754099 0 1 0
v 0.0719114447 -0.0392169796 0.109041183 0 1 0
v 0.0717610004 -0.0392185226 0.107328366 0 1 0
v 0.0716130469 -0.0392219094 0.105615332 0 0.501961 1
v 0.0714622016 -0.0392209571 0.103902551 0 0.501961 1
v 0.0713104257 -0.0392186467 0.10218985 0 0.501961 1
v 0.071166749 -0.0392203345 0.10047645 0 0.501961 1
v 0.0710203999 -0.039221869 0.0987632782 0 0.501961 1
v 0.0708715922 -0.0392234132 0.0970503198 0 0.501961 1
v 0.0707221254 -0.0392249882 0.0953374209 0 0.501961 1
v 0.0705759228 -0.0392259559 0.0936242378 0 0.501961 1
v 0.0704294244 -0.0392265421 0.0919110802 0 0.501961 1
v 0.0702880156 -0.0392272451 0.0901974904 0 0.501961 1
v 0.0701427075 -0.0392273432 0.0884842324 1 0.784314 0
v 0.0699948323 -0.0392269224 0.0867711884 1 0.784314 0
v 0.0698519603 -0.0392278295 0.0850577221 1 0.784314 0
v 0.0697098376 -0.0392287363 0.0833441935 1 0.784314 0
v 0.0695696278 -0.0392299405 0.0816305054 1 0.784314 0
v 0.0694284493 -0.039226951 0.0799169062 1 0.784314 0
v 0.0692871352 -0.0392192134 0.0782033276 1 0.784314 0
v 0.0691455889 -0.0392200444 0.0764897539 1 0.784314 0
v 0.0690015508 -0.0392246895 0.0747763914 1 0.784314 0
v 0.0688569771 -0.0392299156 0.0730630751 1 0.784314 0
v 0.0687128275 -0.0392308405 0.0713497169 0.705882 0 1
v 0.0685639778 -0.0392292274 0.0696367592 0.705882 0 1
v 0.0684135818 -0.0392305945 0.0679239361 0.705882 0 1
v 0.0682612827 -0.0392326867 0.0662112822 0.705882 0 1
v 0.0681043699 -0.0392292483 0.0644990498 0.705882 0 1
v 0.067943623 -0.0392240389 0.0627871735 0.705882 0 1
v 0.0677823832 -0.0392221802 0.0610753376 0.705882 0 1
v 0.067620598 -0.0392210794 0.0593635524 0.705882 0 1
v 0.0674497255 -0.0392229392 0.0576526549 0.705882 0 1
v 0.0672762401 -0.0392250572 0.055942016 0.705882 0 1
v 0.0671065236 -0.0392295918 0.0542310078 0 0.862745 0.862745
v 0.0669326474 -0.0392312174 0.0525204208 0 0.862745 0.862745
v 0.0667517043 -0.039227688 0.0508105597 0 0.862745 0.862745
v 0.0665693898 -0.0392197423 0.0491008577 0 0.862745 0.862745
v 0.0663874452 -0.0392102351 0.047391123 0 0.862745 0.862745
v 0.0662073283 -0.0392139617 0.04568119 0 0.862745 0.862745
v 0.0660251976 -0.0392278037 0.0439715122 0 0.862745 0.862745
v 0.0658415407 -0.0392361044 0.0422619677 0 0.862745 0.862745
v 0.0656601226 -0.0392380884 0.0405521518 0 0.862745 0.862745
v 0.0654709262 -0.0392368708 0.0388431817 0 0.862745 0.862745
v 0.0652785564 -0.0392351525 0.037134563 1 0.470588 0
v 0.0650863743 -0.0392273644 0.035425941 1 0.470588 0
v 0.0648897669 -0.0392253749 0.0337178261 1 0.470588 0
v 0.0646886614 -0.039234703 0.0320102438 1 0.470588 0
v 0.0644838265 -0.0392358117 0.0303030794 1 0.470588 0
v 0.0642768192 -0.0392347305 0.0285961718 1 0.470588 0
v 0.0640693848 -0.0392351963 0.0268893193 1 0.470588 0
v 0.0638555741 -0.0392345038 0.0251832512 1 0.470588 0
v 0.063642363 -0.0392325866 0.0234771088 1 0.470588 0
v 0.0634290086 -0.0392319521 0.0217709832 1 0.470588 0
v 0.0632109614 -0.0392314298 0.0200654523 1 0.470588 0
v 0.0475515637 -0.0410644074 0.283861866 1 0.784314 0
v 0.0486520806 -0.0411887426 0.282573597 1 0.784314 0
v 0.0497434316 -0.0412780479 0.281274137 1 0.784314 0
v 0.0508101794 -0.0413050909 0.279952148 1 0.784314 0
v 0.0518596763 -0.0413150995 0.278615867 1 0.784314 0
v 0.0528829295 -0.0413219331 0.277259209 1 0.784314 0
v 0.0538848927 -0.0413273029 0.275887005 1 0.784314 0
v 0.0548451476 -0.0413273935 0.274485032 1 0.784314 0
v 0.0558054025 -0.041327484 0.273083059 0.705882 0 1
v 0.0567212439 -0.0413335449 0.271651825 0.705882 0 1
v 0.0576302445 -0.0413422703 0.270216116 0.705882 0 1
v 0.0585025384 -0.0413372434 0.268757896 0.705882 0 1
v 0.0593568662 -0.0413354915 0.267289204 0.705882 0 1
v 0.0601690255 -0.0413482595 0.265796605 0.705882 0 1
v 0.0609599605 -0.0413568478 0.2642928 0.705882 0 1
v 0.0617316663 -0.0413616493 0.262778844 0.705882 0 1
v 0.0624816193 -0.041363136 0.261254065 0.705882 0 1
v 0.0632237322 -0.0413632422 0.259725378 0.705882 0 1
v 0.06394566 -0.0413616138 0.258187121 0 0.862745 0.862745
v 0.0646413739 -0.0413565651 0.256636775 0 0.862745 0.862745
v 0.0653211251 -0.0413550832 0.255079473 0 0.862745 0.862745
v 0.0659684656 -0.0413483578 0.25350835 0 0.862745 0.862745
v 0.0666018532 -0.041345667 0.251931559 0 0.862745 0.862745
v 0.0672195447 -0.0413535172 0.25034854 0 0.862745 0.862745
v 0.0678263377 -0.0413584122 0.248761291 0 0.862745 0.862745
v 0.0684306684 -0.0413592861 0.247173089 0 0.862745 0.862745
v 0.0689979593 -0.0413609854 0.245571287 0 0.862745 0.862745
v 0.0695563749 -0.0413609904 0.243966386 0 0.862745 0.862745
v 0.0700808452 -0.0413604811 0.242350048 1 0.470588 0
v 0.0705962512 -0.0413590368 0.240730867 1 0.470588 0
v 0.0710835543 -0.0413564327 0.23910294 1 0.470588 0
v 0.0715651383 -0.041354732 0.237473338 1 0.470588 0
v 0.0720312808 -0.0413540301 0.235839226 1 0.470588 0
v 0.072491313 -0.0413506553 0.234203398 1 0.470588 0
v 0.0729386425 -0.041344678 0.232564046 1 0.470588 0
v 0.0733771033 -0.0413436341 0.230922315 1 0.470588 0
v 0.0737931301 -0.0413373432 0.229274741 1 0.470588 0
v 0.0741847992 -0.041335075 0.227621415 1 0.470588 0
v 0.0745470946 -0.0413375677 0.225961188 0.470588 1 0
v 0.0748960512 -0.0413372634 0.224298139 0.470588 1 0
v 0.0752275409 -0.0413375361 0.222631486 0.470588 1 0
v 0.0755596206 -0.041336885 0.220964951 0.470588 1 0
v 0.0758888033 -0.0413346936 0.219297845 0.470588 1 0
v 0.0762157717 -0.0413321966 0.217630301 0.470588 1 0
v 0.0765258052 -0.0413310934 0.215959531 0.470588 1 0
v 0.0768276591 -0.0413288876 0.21428728 0.470588 1 0
v 0.0771167602 -0.0413239006 0.212612761 0.470588 1 0
v 0.0773774984 -0.0413194089 0.210933644 0.470588 1 0
v 0.077630181 -0.0413151846 0.209253242 0.470588 1 0
v 0.077857849 -0.0413151292 0.207569283 0.470588 1 0
v 0.0780826981 -0.0413156466 0.205884925 1 0 0.705882
v 0.0782958988 -0.0413138093 0.204199099 1 0 0.705882
v 0.0784959562 -0.0413087828 0.202511625 1 0 0.705882
v 0.0786961957 -0.0413042698 0.200824171 1 0 0.705882
v 0.0788968217 -0.0413008468 0.19913676 1 0 0.705882
v 0.0790847471 -0.0412985894 0.197447905 1 0 0.705882
v 0.0792536044 -0.0412953712 0.19575703 1 0 0.705882
v 0.0794191444 -0.0412904265 0.19406582 1 0 0.705882
v 0.0795600063 -0.0412869105 0.192372385 1 0 0.705882
v 0.0796924649 -0.0412859564 0.190678263 1 0 0.705882
v 0.0798144294 -0.0412857907 0.188983354 0.313725 0.313725 1
v 0.0799300112 -0.041284692 0.187287999 0.313725 0.313725 1
v 0.080026772 -0.0412833554 0.18559149 0.313725 0.313725 1
v 0.080105993 -0.0412827142 0.183894043 0.313725 0.313725 1
v 0.0801525675 -0.0412797258 0.182195701 0.313725 0.313725 1
v 0.080164422 -0.0412744756 0.180496452 0.313725 0.313725 1
v 0.0801165549 -0.0412687388 0.178798869 0.313725 0.313725 1
v 0.0800005954 -0.0412632581 0.17710354 0.313725 0.313725 1
v 0.0798366268 -0.0412582925 0.175412968 0.313725 0.313725 1
v 0.0796126505 -0.0412536067 0.173728525 0.313725 0.313725 1
v 0.0793410361 -0.0412503108 0.172051477 0.705882 0.470588 0.156863
v 0.0790276479 -0.0412503224 0.170381326 0.705882 0.470588 0.156863
v 0.0787060043 -0.0412500801 0.168712799 0.705882 0.470588 0.156863
v 0.0783541634 -0.0412504155 0.167050323 0.705882 0.470588 0.156863
v 0.078006151 -0.0412508461 0.165387055 0.705882 0.470588 0.156863
v 0.0776725288 -0.0412528232 0.163720831 0.705882 0.470588 0.156863
v 0.0773589241 -0.041255673 0.162050831 0.705882 0.470588 0.156863
v 0.0770645885 -0.0412587857 0.16037722 0.705882 0.470588 0.156863
v 0.0767914637 -0.0412612898 0.158700089 0.705882 0.470588 0.156863
v 0.0765309168 -0.0412639113 0.157020912 0.705882 0.470588 0.156863
v 0.076297186 -0.0412659675 0.155337765 0.470588 0.470588 0.470588
v 0.0760673636 -0.0412684422 0.153654123 0.470588 0.470588 0.470588
v 0.0758569628 -0.0412722715 0.151967904 0.470588 0.470588 0.470588
v 0.0756528444 -0.0412754545 0.150280927 0.470588 0.470588 0.470588
v 0.0754590924 -0.0412782454 0.148592712 0.470588 0.470588 0.470588
v 0.0752707668 -0.0412804164 0.146903892 0.470588 0.470588 0.470588
v 0.0750840457 -0.0412818813 0.145214883 0.470588 0.470588 0.470588
v 0.0749054823 -0.0412834791 0.143524995 0.470588 0.470588 0.470588
v 0.0747268776 -0.0412847301 0.141835117 0.470588 0.470588 0.470588
v 0.074557267 -0.0412867946 0.14014431 0.470588 0.470588 0.470588
v 0.074384383 -0.0412883854 0.138453831 1 0 0
v 0.0742118095 -0.0412900287 0.13676332 1 0 0
v 0.074043794 -0.0412920564 0.135072357 1 0 0
v 0.0738772844 -0.0412941432 0.133381241 1 0 0
v 0.0737103266 -0.0412945069 0.131690166 1 0 0
v 0.0735423592 -0.0412949339 0.12999919 1 0 0
v 0.0733852877 -0.0412963237 0.128307167 1 0 0
v 0.0732283513 -0.0412975443 0.126615134 1 0 0
v 0.0730675625 -0.0412988742 0.124923459 1 0 0
v 0.0729102378 -0.0412973257 0.123231464 1 0 0
v 0.0727525864 -0.0412950618 0.121539498 0 1 0
v 0.0725982545 -0.0412969344 0.119847225 0 1 0
v 0.0724441806 -0.0412991005 0.118154929 0 1 0
v 0.072290256 -0.0412979118 0.116462627 0 1 0
v 0.0721341765 -0.0412967006 0.114770511 0 1 0
v 0.0719901104 -0.0412923116 0.113077345 0 1 0
v 0.0718429421 -0.0412879217 0.111384444 0 1 0
v 0.0716989839 -0.0412918725 0.10969126 0 1 0
v 0.0715481788 -0.041296229 0.107998686 0 1 0
v 0.0713987534 -0.0412982719 0.106305985 0 1 0
v 0.0712505466 -0.0412989614 0.104613174 0 0.501961 1
v 0.071110028 -0.0412976549 0.102919695 0 0.501961 1
v 0.0709616075 -0.0412971045 0.101226901 0 0.501961 1
v 0.070809175 -0.0412971715 0.0995344523 0 0.501961 1
v 0.0706652978 -0.0413008554 0.0978412648 0 0.501961 1
v 0.0705193338 -0.0413040016 0.0961482553 0 0.501961 1
v 0.0703779057 -0.0413054201 0.094454855 0 0.501961 1
v 0.0702287168 -0.0413050733 0.0927621181 0 0.501961 1
v 0.0700860957 -0.0413053141 0.091068821 0 0.501961 1
v 0.0699393004 -0.0413048317 0.0893758801 0 0.501961 1
v 0.0698025762 -0.0413066131 0.0876820911 1 0.784314 0
v 0.0696630605 -0.0413078957 0.0859885351 1 0.784314 0
v 0.0695170747 -0.041307782 0.0842955191 1 0.784314 0
v 0.0693763529 -0.0413086897 0.0826020641 1 0.784314 0
v 0.0692378272 -0.0413095518 0.0809084212 1 0.784314 0
v 0.0690995292 -0.0413055699 0.0792147712 1 0.784314 0
v 0.0689624673 -0.0413032179 0.0775210147 1 0.784314 0
v 0.0688239493 -0.0413038928 0.0758273748 1 0.784314 0
v 0.0686801795 -0.041307629 0.0741341741 0.705882 0 1
v 0.0685352392 -0.0413105193 0.0724410706 0.705882 0 1
v 0.0683912215 -0.041309237 0.0707478858 0.705882 0 1
v 0.068246098 -0.0413083174 0.0690547966 0.705882 0 1
v 0.0680915029 -0.0413097872 0.0673625449 0.705882 0 1
v 0.0679369735 -0.0413105755 0.0656702879 0.705882 0 1
v 0.0677829531 -0.0413060927 0.0639779891 0.705882 0 1
v 0.0676277334 -0.0413017721 0.0622858012 0.705882 0 1
v 0.067463365 -0.0412998002 0.0605944718 0.705882 0 1
v 0.0672988544 -0.0412979768 0.0589031559 0.705882 0 1
v 0.0671373217 -0.041299568 0.0572115524 0 0.862745 0.862745
v 0.0669746724 -0.041301389 0.0555200591 0 0.862745 0.862745
v 0.0668033229 -0.04130767 0.0538294339 0 0.862745 0.862745
v 0.0666310815 -0.0413114037 0.0521388968 0 0.862745 0.862745
v 0.0664579738 -0.0413070775 0.0504484434 0 0.862745 0.862745
v 0.066282065 -0.0413042992 0.0487582811 0 0.862745 0.862745
v 0.0661014305 -0.0413036528 0.04706861 0 0.862745 0.862745
v 0.0659229825 -0.0413070911 0.0453787237 0 0.862745 0.862745
v 0.0657461416 -0.0413150434 0.0436886793 0 0.862745 0.862745
v 0.0655640039 -0.0413175408 0.041999173 0 0.862745 0.862745
v 0.0653810918 -0.0413190357 0.0403097499 1 0.470588 0
v 0.0652021878 -0.0413204925 0.0386198952 1 0.470588 0
v 0.0650157993 -0.0413175686 0.0369308636 1 0.470588 0
v 0.0648186817 -0.0413097035 0.0352430572 1 0.470588 0
v 0.0646201403 -0.0413095454 0.0335554105 1 0.470588 0
v 0.064418718 -0.0413164278 0.0318681079 1 0.470588 0
v 0.0642144335 -0.041316375 0.0301811422 1 0.470588 0
v 0.0640026185 -0.04131408 0.0284950986 1 0.470588 0
v 0.0637955108 -0.0413147667 0.0268084678 1 0.470588 0
v 0.0635848704 -0.0413141408 0.0251222759 1 0.470588 0
v 0.0633685089 -0.0413112588 0.0234368114 1 0.470588 0
v 0.0631545459 -0.0413102577 0.0217510388 1 0.470588 0
v 0.0629400771 -0.0413099294 0.0200653295 1 0.470588 0
v 0.0469980797 -0.0430827632 0.28397777 1 0.784314 0
v 0.048108437 -0.0432409997 0.282699126 1 0.784314 0
v 0.0492089194 -0.0433559598 0.281408418 1 0.784314 0
v 0.0502937908 -0.0433739804 0.280098611 1 0.784314 0
v 0.0513645802 -0.0433886346 0.278777455 1 0.784314 0
v 0.052394561 -0.0433966421 0.277423984 1 0.784314 0
v 0.053424553 -0.0434055293 0.276070671 1 0.784314 0
v 0.0544014389 -0.0434101711 0.274678418 1 0.784314 0
v 0.0553644902 -0.0434110139 0.273276492 0.705882 0 1
v 0.0563000221 -0.0434166361 0.271856078 0.705882 0 1
v 0.057212626 -0.0434234143 0.270420845 0.705882 0 1
v 0.058099215 -0.0434247592 0.268969407 0.705882 0 1
v 0.0589599573 -0.043424122 0.267502585 0.705882 0 1
v 0.0597853495 -0.0434342289 0.266015477 0.705882 0 1
v 0.0605992065 -0.0434414512 0.264522199 0.705882 0 1
v 0.0613734434 -0.0434461638 0.263007805 0.705882 0 1
v 0.0621278323 -0.0434483372 0.261483517 0.705882 0 1
v 0.0628687513 -0.0434487678 0.259952537 0.705882 0 1
v 0.0635956864 -0.0434469004 0.258414973 0 0.862745 0.862745
v 0.0642950286 -0.0434415274 0.256864573 0 0.862745 0.862745
v 0.0649819954 -0.0434402757 0.255308697 0 0.862745 0.862745
v 0.0656353247 -0.043433402 0.253738445 0 0.862745 0.862745
v 0.0662747168 -0.0434223171 0.252162417 0 0.862745 0.862745
v 0.0668906006 -0.0434264356 0.250577036 0 0.862745 0.862745
v 0.0675023683 -0.0434340933 0.248990043 0 0.862745 0.862745
v 0.0680842667 -0.0434371642 0.247391911 0 0.862745 0.862745
v 0.068659106 -0.0434402151 0.245791157 0 0.862745 0.862745
v 0.0692242933 -0.043441398 0.244187053 0 0.862745 0.862745
v 0.0697602139 -0.0434378676 0.242572872 1 0.470588 0
v 0.0702711219 -0.0434361601 0.240950656 1 0.470588 0
v 0.0707639567 -0.0434365593 0.239322781 1 0.470588 0
v 0.0712433895 -0.0434364967 0.237690952 1 0.470588 0
v 0.0717077503 -0.0434359583 0.236054727 1 0.470588 0
v 0.0721631914 -0.0434351085 0.234416022 1 0.470588 0
v 0.0726073541 -0.0434288873 0.232774211 1 0.470588 0
v 0.0730369411 -0.0434222376 0.231128621 1 0.470588 0
v 0.0734465342 -0.0434154932 0.229477848 1 0.470588 0
v 0.0738415266 -0.0434127227 0.227823636 1 0.470588 0
v 0.0742033623 -0.0434132779 0.226161739 0.470588 1 0
v 0.0745538804 -0.0434131671 0.224497432 0.470588 1 0
v 0.0748884682 -0.0434133847 0.222829824 0.470588 1 0
v 0.07521717 -0.0434117151 0.221161058 0.470588 1 0
v 0.0755425675 -0.0434097222 0.219491635 0.470588 1 0
v 0.0758634689 -0.0434066152 0.217821343 0.470588 1 0
v 0.0761797488 -0.0434059319 0.216150167 0.470588 1 0
v 0.0764837433 -0.0434036405 0.214476744 0.470588 1 0
v 0.0767622166 -0.0433999631 0.212798862 0.470588 1 0
v 0.0770297592 -0.0433949409 0.211119229 0.470588 1 0
v 0.0772688749 -0.0433879646 0.209435323 0.470588 1 0
v 0.0774999363 -0.0433813795 0.207750268 0.470588 1 0
v 0.0777205774 -0.043380221 0.20606382 1 0 0.705882
v 0.0779267465 -0.0433735225 0.204375533 1 0 0.705882
v 0.0781351365 -0.0433717883 0.202687506 1 0 0.705882
v 0.0783375563 -0.0433707674 0.200998765 1 0 0.705882
v 0.078527099 -0.0433705012 0.199308523 1 0 0.705882
v 0.0787118458 -0.0433683237 0.197617749 1 0 0.705882
v 0.0788887252 -0.0433691978 0.195926129 1 0 0.705882
v 0.0790612444 -0.0433694231 0.194234101 1 0 0.705882
v 0.079198375 -0.0433642028 0.192538803 1 0 0.705882
v 0.0793355055 -0.0433589826 0.190843506 1 0 0.705882
v 0.0794497255 -0.0433543867 0.189146522 0.313725 0.313725 1
v 0.079560369 -0.0433507177 0.187449287 0.313725 0.313725 1
v 0.0796609245 -0.0433486499 0.18575145 0.313725 0.313725 1
v 0.0797406334 -0.043348159 0.184052486 0.313725 0.313725 1
v 0.0797905155 -0.0433452223 0.182352646 0.313725 0.313725 1
v 0.0797987943 -0.0433390468 0.180651844 0.313725 0.313725 1
v 0.0797509724 -0.0433330622 0.178952467 0.313725 0.313725 1
v 0.0796506856 -0.0433281835 0.177254591 0.313725 0.313725 1
v 0.0794845765 -0.043323184 0.175562981 0.313725 0.313725 1
v 0.0792603995 -0.0433181477 0.173876985 0.313725 0.313725 1
v 0.0789986008 -0.0433172488 0.172196763 0.313725 0.313725 1
v 0.0786885088 -0.0433178994 0.170524472 0.313725 0.313725 1
v 0.0783591782 -0.0433153574 0.168855853 0.705882 0.470588 0.156863
v 0.0780169346 -0.0433127841 0.167189809 0.705882 0.470588 0.156863
v 0.0776666069 -0.0433073732 0.165525449 0.705882 0.470588 0.156863
v 0.0773430615 -0.0433126505 0.163855698 0.705882 0.470588 0.156863
v 0.0770280079 -0.0433183532 0.162184342 0.705882 0.470588 0.156863
v 0.0767328038 -0.0433210917 0.160509316 0.705882 0.470588 0.156863
v 0.0764605884 -0.0433264419 0.158830555 0.705882 0.470588 0.156863
v 0.0762092124 -0.043333772 0.157148413 0.705882 0.470588 0.156863
v 0.0759718606 -0.0433351854 0.155464213 0.705882 0.470588 0.156863
v 0.0757462755 -0.0433373479 0.153778438 0.705882 0.470588 0.156863
v 0.0755478208 -0.0433423846 0.152089221 0.470588 0.470588 0.470588
v 0.0753432017 -0.0433464455 0.150400746 0.470588 0.470588 0.470588
v 0.0751484806 -0.0433462025 0.148711087 0.470588 0.470588 0.470588
v 0.0749583145 -0.0433468482 0.147020927 0.470588 0.470588 0.470588
v 0.0747757747 -0.0433523746 0.14532992 0.470588 0.470588 0.470588
v 0.074602369 -0.0433558017 0.143637956 0.470588 0.470588 0.470588
v 0.0744230408 -0.0433570211 0.141946601 0.470588 0.470588 0.470588
v 0.0742532736 -0.0433591002 0.140254259 0.470588 0.470588 0.470588
v 0.0740810225 -0.0433607871 0.138562174 0.470588 0.470588 0.470588
v 0.0739164503 -0.0433635718 0.136869322 0.470588 0.470588 0.470588
v 0.0737467541 -0.0433654319 0.135176976 1 0 0
v 0.0735740756 -0.0433664077 0.133484925 1 0 0
v 0.0734101255 -0.0433684776 0.131792021 1 0 0
v 0.0732516842 -0.0433712666 0.130098576 1 0 0
v 0.073090085 -0.0433720982 0.128405435 1 0 0
v 0.0729283183 -0.0433725231 0.126712306 1 0 0
v 0.0727746335 -0.0433737771 0.125018425 1 0 0
v 0.0726168415 -0.0433739982 0.123324926 1 0 0
v 0.0724660973 -0.043375284 0.121630778 1 0 0
v 0.0723064918 -0.0433747515 0.119937445 1 0 0
v 0.0721432976 -0.0433732397 0.118244451 0 1 0
v 0.0719942252 -0.0433721264 0.116550174 0 1 0
v 0.0718494524 -0.0433710897 0.114855505 0 1 0
v 0.0716988144 -0.0433605056 0.113161387 0 1 0
v 0.0715484617 -0.0433554641 0.111467247 0 1 0
v 0.0713999367 -0.0433694184 0.109772972 0 1 0
v 0.0712510309 -0.043373391 0.108078684 0 1 0
v 0.0711128592 -0.0433753188 0.106383464 0 1 0
v 0.0709670809 -0.0433740337 0.104688892 0 0.501961 1
v 0.0708128767 -0.0433707942 0.102995057 0 0.501961 1
v 0.0706668933 -0.0433703425 0.101300504 0 0.501961 1
v 0.0705255499 -0.0433714641 0.0996055448 0 0.501961 1
v 0.0703743062 -0.0433747671 0.0979114491 0 0.501961 1
v 0.0702226992 -0.0433782968 0.0962173828 0 0.501961 1
v 0.0700826299 -0.0433790289 0.0945223179 0 0.501961 1
v 0.0699363763 -0.0433790482 0.0928277816 0 0.501961 1
v 0.0697957071 -0.0433798596 0.0911327691 0 0.501961 1
v 0.0696511568 -0.0433806289 0.0894380872 0 0.501961 1
v 0.0695105496 -0.0433819668 0.0877430738 1 0.784314 0
v 0.0693690195 -0.0433830048 0.0860481368 1 0.784314 0
v 0.0692321136 -0.0433842467 0.0843528151 1 0.784314 0
v 0.0690937037 -0.0433845869 0.082657619 1 0.784314 0
v 0.0689532282 -0.0433849283 0.080962588 1 0.784314 0
v 0.0688140182 -0.0433856712 0.0792674543 1 0.784314 0
v 0.0686772389 -0.0433859224 0.0775721239 1 0.784314 0
v 0.0685375288 -0.0433843461 0.0758770311 1 0.784314 0
v 0.0683988335 -0.0433868567 0.0741818549 0.705882 0 1
v 0.0682581738 -0.0433881119 0.0724868416 0.705882 0 1
v 0.0681097113 -0.0433861112 0.0707924931 0.705882 0 1
v 0.0679600398 -0.0433843488 0.0690982504 0.705882 0 1
v 0.0678087904 -0.0433863019 0.0674041474 0.705882 0 1
v 0.0676532226 -0.0433870918 0.0657104376 0.705882 0 1
v 0.0674952095 -0.0433824031 0.0640169585 0.705882 0 1
v 0.0673352038 -0.0433775823 0.0623236662 0.705882 0 1
v 0.0671767045 -0.0433759109 0.0606302259 0.705882 0 1
v 0.0670151476 -0.043373835 0.0589370765 0.705882 0 1
v 0.0668511301 -0.0433748505 0.0572441642 0 0.862745 0.862745
v 0.0666844541 -0.0433761886 0.0555515099 0 0.862745 0.862745
v 0.0665192557 -0.0433836313 0.0538587254 0 0.862745 0.862745
v 0.0663525885 -0.0433898922 0.052166085 0 0.862745 0.862745
v 0.0661758983 -0.0433878369 0.0504744464 0 0.862745 0.862745
v 0.0660001816 -0.0433866924 0.0487827076 0 0.862745 0.862745
v 0.0658284759 -0.0433893001 0.0470905565 0 0.862745 0.862745
v 0.0656557145 -0.0433907535 0.0453985118 0 0.862745 0.862745
v 0.0654794645 -0.0433940548 0.0437068291 0 0.862745 0.862745
v 0.0653032145 -0.043397356 0.0420151465 0 0.862745 0.862745
v 0.0651194937 -0.04339815 0.0403242627 1 0.470588 0
v 0.0649324191 -0.0433981612 0.0386337397 1 0.470588 0
v 0.0647441914 -0.0433963558 0.0369433469 1 0.470588 0
v 0.0645548846 -0.0433928506 0.035253076 1 0.470588 0
v 0.0643522694 -0.0433930627 0.0335643671 1 0.470588 0
v 0.0641410496 -0.043395296 0.0318766923 1 0.470588 0
v 0.0639352334 -0.043393912 0.0301883508 1 0.470588 0
v 0.0637281481 -0.043392114 0.0285001664 1 0.470588 0
v 0.0635128946 -0.0433917949 0.0268130023 1 0.470588 0
v 0.0632986404 -0.043390663 0.0251257111 1 0.470588 0
v 0.0630876601 -0.0433884002 0.0234380064 1 0.470588 0
v 0.0628688247 -0.0433866999 0.0217513106 1 0.470588 0
v 0.0626453932 -0.0433851445 0.0200652083 1 0.470588 0
v 0.0464226048 -0.0450949113 0.284090912 1 0.784314 0
v 0.0475440728 -0.0452875849 0.282824984 1 0.784314 0
v 0.0486593727 -0.0454080247 0.281545809 1 0.784314 0
v 0.049761601 -0.045439277 0.280249094 1 0.784314 0
v 0.0508473522 -0.0454576341 0.278937995 1 0.784314 0
v 0.0519098814 -0.0454723602 0.277608237 1 0.784314 0
v 0.0529523458 -0.0454836138 0.276262424 1 0.784314 0
v 0.05393884 -0.0454899556 0.274874994 1 0.784314 0
v 0.0549156785 -0.0454968591 0.273480898 0.705882 0 1
v 0.0558517472 -0.0455022447 0.272058956 0.705882 0 1
v 0.0567832486 -0.0455081323 0.27063407 0.705882 0 1
v 0.0576745153 -0.0455105613 0.26918366 0.705882 0 1
v 0.0585512098 -0.0455126343 0.267724511 0.705882 0 1
v 0.0593915261 -0.0455187492 0.266243984 0.705882 0 1
v 0.0602113362 -0.0455262547 0.264752151 0.705882 0 1
v 0.0609969203 -0.0455307121 0.26324185 0.705882 0 1
v 0.0617655055 -0.0455324751 0.261723032 0.705882 0 1
v 0.0625047315 -0.0455333671 0.260189501 0.705882 0 1
v 0.0632364254 -0.0455322424 0.258652443 0 0.862745 0.862745
v 0.0639413949 -0.0455248853 0.257102884 0 0.862745 0.862745
v 0.064625979 -0.045525617 0.255544314 0 0.862745 0.862745
v 0.065295147 -0.0455326738 0.253978968 0 0.862745 0.862745
v 0.0659259869 -0.0455295344 0.252397785 0 0.862745 0.862745
v 0.0665534207 -0.0455242107 0.250815251 0 0.862745 0.862745
v 0.0671572307 -0.0455213207 0.249223544 0 0.862745 0.862745
v 0.0677498736 -0.0455185201 0.247627691 0 0.862745 0.862745
v 0.068324498 -0.0455207597 0.246025203 0 0.862745 0.862745
v 0.0688761044 -0.0455206989 0.244414696 0 0.862745 0.862745
v 0.0694170707 -0.0455179239 0.242800533 1 0.470588 0
v 0.0699306756 -0.0455148679 0.241177641 1 0.470588 0
v 0.0704198807 -0.045515507 0.239547043 1 0.470588 0
v 0.0708945593 -0.0455141102 0.237912185 1 0.470588 0
v 0.071362225 -0.0455123113 0.236275282 1 0.470588 0
v 0.0718134204 -0.0455113571 0.234633778 1 0.470588 0
v 0.0722603265 -0.0455102551 0.232991084 1 0.470588 0
v 0.0726790428 -0.0455046378 0.23134107 1 0.470588 0
v 0.0730866033 -0.0454966843 0.229688192 1 0.470588 0
v 0.0734783974 -0.0454905342 0.228031586 1 0.470588 0
v 0.0738365346 -0.0454898332 0.22636729 0.470588 1 0
v 0.0741930438 -0.0454894753 0.224702636 0.470588 1 0
v 0.0745236038 -0.0454863794 0.223032681 0.470588 1 0
v 0.0748469529 -0.0454828954 0.221361273 0.470588 1 0
v 0.0751724216 -0.0454806233 0.219690275 0.470588 1 0
v 0.075488839 -0.0454772868 0.218017552 0.470588 1 0
v 0.0757997904 -0.0454748401 0.216343791 0.470588 1 0
v 0.0761058613 -0.0454721688 0.214669137 0.470588 1 0
v 0.0763860171 -0.0454685394 0.212989953 0.470588 1 0
v 0.0766552689 -0.0454628984 0.211309034 0.470588 1 0
v 0.0768929272 -0.0454567531 0.209623325 0.470588 1 0
v 0.0771267937 -0.0454488787 0.207937082 0.470588 1 0
v 0.077337268 -0.0454429257 0.206247755 1 0 0.705882
v 0.0775471691 -0.04543528 0.20455836 1 0 0.705882
v 0.0777500097 -0.0454305048 0.202868106 1 0 0.705882
v 0.0779468632 -0.0454296054 0.201177126 1 0 0.705882
v 0.0781380014 -0.0454316241 0.199485497 1 0 0.705882
v 0.0783198364 -0.0454341277 0.197792838 1 0 0.705882
v 0.0784923548 -0.0454328991 0.196099208 1 0 0.705882
v 0.0786585354 -0.0454314258 0.19440494 1 0 0.705882
v 0.0788161175 -0.0454306126 0.192709847 1 0 0.705882
v 0.0789497142 -0.0454273311 0.191012843 1 0 0.705882
v 0.0790628245 -0.0454220325 0.189314211 0.313725 0.313725 1
v 0.0791697576 -0.0454171203 0.187615197 0.313725 0.313725 1
v 0.0792638342 -0.0454106276 0.185915412 0.313725 0.313725 1
v 0.0793431836 -0.045408716 0.184214862 0.313725 0.313725 1
v 0.0793975736 -0.0454050969 0.182513666 0.313725 0.313725 1
v 0.0794041874 -0.0453975673 0.180811294 0.313725 0.313725 1
v 0.0793618772 -0.0453913682 0.179110043 0.313725 0.313725 1
v 0.0792636287 -0.0453850537 0.177410518 0.313725 0.313725 1
v 0.0790943016 -0.0453819151 0.175717199 0.313725 0.313725 1
v 0.0788916297 -0.0453807738 0.174026905 0.313725 0.313725 1
v 0.0786196026 -0.0453808002 0.172346703 0.313725 0.313725 1
v 0.0783214769 -0.0453801646 0.170670609 0.313725 0.313725 1
v 0.0779940758 -0.0453775213 0.169000069 0.705882 0.470588 0.156863
v 0.0776502521 -0.0453711084 0.167332764 0.705882 0.470588 0.156863
v 0.0773133407 -0.0453626805 0.165664054 0.705882 0.470588 0.156863
v 0.0769847578 -0.0453640896 0.163993699 0.705882 0.470588 0.156863
v 0.0766600822 -0.0453713334 0.16232256 0.705882 0.470588 0.156863
v 0.0763793451 -0.045377888 0.160643482 0.705882 0.470588 0.156863
v 0.0761074519 -0.0453870902 0.158963087 0.705882 0.470588 0.156863
v 0.075863827 -0.0453956269 0.157278237 0.705882 0.470588 0.156863
v 0.075625598 -0.0454000413 0.15559266 0.705882 0.470588 0.156863
v 0.0754051162 -0.045402362 0.153904597 0.705882 0.470588 0.156863
v 0.0751981506 -0.0454063661 0.152214862 0.470588 0.470588 0.470588
v 0.075000178 -0.0454107013 0.150524016 0.470588 0.470588 0.470588
v 0.0748061625 -0.0454125519 0.148832713 0.470588 0.470588 0.470588
v 0.0746242185 -0.0454147565 0.147140088 0.470588 0.470588 0.470588
v 0.0744496917 -0.0454209111 0.145446673 0.470588 0.470588 0.470588
v 0.0742730752 -0.0454241022 0.143753475 0.470588 0.470588 0.470588
v 0.0740924443 -0.0454248959 0.142060683 0.470588 0.470588 0.470588
v 0.0739299691 -0.0454284426 0.140366059 0.470588 0.470588 0.470588
v 0.0737588672 -0.0454304054 0.138672292 0.470588 0.470588 0.470588
v 0.0735877117 -0.0454314863 0.136978536 0.470588 0.470588 0.470588
v 0.0734154499 -0.0454322659 0.135284898 1 0 0
v 0.0732570828 -0.0454362094 0.133589883 1 0 0
v 0.0730920861 -0.0454384267 0.13189551 1 0 0
v 0.0729238179 -0.0454396305 0.130201445 1 0 0
v 0.0727662993 -0.0454418302 0.128506366 1 0 0
v 0.0726112882 -0.0454442165 0.126811039 1 0 0
v 0.0724592212 -0.0454457223 0.125115446 1 0 0
v 0.0722996452 -0.045445696 0.123420546 1 0 0
v 0.0721452218 -0.045445857 0.121725165 1 0 0
v 0.07198937 -0.0454456127 0.120029912 1 0 0
v 0.0718344013 -0.045445788 0.118334579 0 1 0
v 0.0716809633 -0.0454447141 0.116639131 0 1 0
v 0.0715269233 -0.0454422991 0.114943714 0 1 0
v 0.0713811626 -0.0454268127 0.113247651 0 1 0
v 0.0712308018 -0.0454223134 0.111551972 0 1 0
v 0.0710833816 -0.0454398624 0.109856056 0 1 0
v 0.0709372044 -0.0454462035 0.108159971 0 1 0
v 0.07078747 -0.0454451637 0.106464174 0 1 0
v 0.0706400732 -0.0454435324 0.104768175 0 0.501961 1
v 0.0704969352 -0.0454416215 0.103071809 0 0.501961 1
v 0.0703487298 -0.0454396423 0.101375878 0 0.501961 1
v 0.0701942476 -0.045438238 0.0996804998 0 0.501961 1
v 0.0700531239 -0.045444403 0.0979839731 0 0.501961 1
v 0.0699115601 -0.0454500597 0.0962874799 0 0.501961 1
v 0.0697639366 -0.045449992 0.0945914905 0 0.501961 1
v 0.0696192672 -0.0454505212 0.0928952536 0 0.501961 1
v 0.0694821094 -0.045452571 0.0911983872 0 0.501961 1
v 0.0693384597 -0.045453477 0.0895020652 0 0.501961 1
v 0.0692004819 -0.0454547419 0.0878052652 1 0.784314 0
v 0.0690630597 -0.0454557014 0.0861084204 1 0.784314 0
v 0.0689232578 -0.0454561948 0.0844117718 1 0.784314 0
v 0.0687866438 -0.0454566455 0.082714865 1 0.784314 0
v 0.0686529638 -0.0454572645 0.0810177198 1 0.784314 0
v 0.0685172507 -0.0454587064 0.0793207378 1 0.784314 0
v 0.068380213 -0.045460002 0.0776238608 1 0.784314 0
v 0.0682429642 -0.0454612225 0.0759270013 1 0.784314 0
v 0.0681020078 -0.0454622807 0.0742304467 0.705882 0 1
v 0.0679591028 -0.0454621214 0.0725340535 0.705882 0 1
v 0.0678132281 -0.0454605495 0.0708379141 0.705882 0 1
v 0.0676624547 -0.0454584187 0.0691422038 0.705882 0 1
v 0.0675079979 -0.0454601914 0.067446824 0.705882 0 1
v 0.0673511295 -0.0454609712 0.065751666 0.705882 0 1
v 0.0671925688 -0.0454563526 0.0640566722 0.705882 0 1
v 0.0670312331 -0.0454515938 0.0623619393 0.705882 0 1
v 0.0668724054 -0.0454493082 0.060666964 0.705882 0 1
v 0.066709742 -0.045447041 0.0589723534 0.705882 0 1
v 0.0665488733 -0.045448311 0.0572775699 0 0.862745 0.862745
v 0.0663844557 -0.0454497973 0.055583129 0 0.862745 0.862745
v 0.0662187053 -0.0454578462 0.0538888378 0 0.862745 0.862745
v 0.0660494548 -0.0454639492 0.0521948826 0 0.862745 0.862745
v 0.0658815424 -0.0454656636 0.0505007825 0 0.862745 0.862745
v 0.0657131433 -0.0454667115 0.048806732 0 0.862745 0.862745
v 0.0655415853 -0.0454687528 0.0471129992 0 0.862745 0.862745
v 0.0653684644 -0.0454697836 0.0454194229 0 0.862745 0.862745
v 0.0651920284 -0.0454718876 0.0437261933 0 0.862745 0.862745
v 0.0650090421 -0.0454721052 0.0420336542 0 0.862745 0.862745
v 0.0648287587 -0.0454727997 0.0403408264 1 0.470588 0
v 0.064649918 -0.0454737488 0.0386478445 1 0.470588 0
v 0.0644556038 -0.0454717074 0.0369566087 1 0.470588 0
v 0.0642530522 -0.0454680924 0.0352663032 1 0.470588 0
v 0.0640512059 -0.0454691994 0.0335759122 1 0.470588 0
v 0.0638495933 -0.0454718699 0.0318854927 1 0.470588 0
v 0.063635355 -0.0454690494 0.0301966313 1 0.470588 0
v 0.0634212661 -0.0454663632 0.0285077492 1 0.470588 0
v 0.0632133641 -0.0454668382 0.0268180897 1 0.470588 0
v 0.0629985467 -0.0454653732 0.0251293102 1 0.470588 0
v 0.0627747022 -0.0454613017 0.0234416937 1 0.470588 0
v 0.0625567457 -0.0454596644 0.0217533079 1 0.470588 0
v 0.0623375528 -0.0454584231 0.0200650938 1 0.470588 0
v 0.045812824 -0.0470973752 0.284199744 1 0 0.705882
v 0.0469450261 -0.0473110184 0.282944264 1 0 0.705882
v 0.0480806499 -0.047455884 0.281684145 1 0 0.705882
v 0.0492054363 -0.047501028 0.280404855 1 0 0.705882
v 0.0503075256 -0.0475239965 0.279105681 1 0 0.705882
v 0.0513947335 -0.0475427089 0.277793662 1 0 0.705882
v 0.052438708 -0.0475531861 0.276447106 1 0 0.705882
v 0.0534700437 -0.0475616426 0.275090722 1 0 0.705882
v 0.0544418794 -0.0475704672 0.273691057 0.313725 0.313725 1
v 0.055404782 -0.0475800436 0.272285209 0.313725 0.313725 1
v 0.0563305205 -0.0475866691 0.270854653 0.313725 0.313725 1
v 0.0572412574 -0.0475949436 0.269414426 0.313725 0.313725 1
v 0.0581266618 -0.0476012638 0.267958927 0.313725 0.313725 1
v 0.0589743711 -0.0476045389 0.266480704 0.313725 0.313725 1
v 0.0598154742 -0.0476074045 0.264998748 0.313725 0.313725 1
v 0.0606023827 -0.0476108351 0.263487323 0.313725 0.313725 1
v 0.0613885935 -0.0476132572 0.261975493 0.313725 0.313725 1
v 0.0621314925 -0.047614778 0.260442 0.313725 0.313725 1
v 0.0628671603 -0.0476166357 0.25890494 0.705882 0.470588 0.156863
v 0.0635738259 -0.0476067926 0.257354377 0.705882 0.470588 0.156863
v 0.0642690208 -0.0476000384 0.255798758 0.705882 0.470588 0.156863
v 0.064927274 -0.0476083531 0.254227008 0.705882 0.470588 0.156863
v 0.0655729883 -0.0476117738 0.252650131 0.705882 0.470588 0.156863
v 0.066195301 -0.0476102295 0.251063793 0.705882 0.470588 0.156863
v 0.0668057514 -0.0476067086 0.24947288 0.705882 0.470588 0.156863
v 0.0673963682 -0.0476011623 0.247874533 0.705882 0.470588 0.156863
v 0.0679683674 -0.047599121 0.246269369 0.705882 0.470588 0.156863
v 0.068520515 -0.0476012238 0.244657295 0.705882 0.470588 0.156863
v 0.069065858 -0.047602784 0.243042874 0.470588 0.470588 0.470588
v 0.0695709547 -0.0475996327 0.241415544 0.470588 0.470588 0.470588
v 0.0700632912 -0.0475951065 0.239784181 0.470588 0.470588 0.470588
v 0.0705295349 -0.0475918537 0.238145194 0.470588 0.470588 0.470588
v 0.0709930599 -0.0475887771 0.236505408 0.470588 0.470588 0.470588
v 0.0714399264 -0.0475832168 0.234861016 0.470588 0.470588 0.470588
v 0.0718834226 -0.0475805722 0.233215699 0.470588 0.470588 0.470588
v 0.0722993914 -0.0475787257 0.231563216 0.470588 0.470588 0.470588
v 0.0727127387 -0.0475754497 0.229910073 0.470588 0.470588 0.470588
v 0.07309029 -0.0475709661 0.228248411 0.470588 0.470588 0.470588
v 0.0734607822 -0.047566128 0.226585175 1 0 0
v 0.0737974294 -0.047559708 0.224914728 1 0 0
v 0.0741310567 -0.0475546884 0.223243677 1 0 0
v 0.07445703 -0.0475509682 0.221571116 1 0 0
v 0.0747731089 -0.047545424 0.219896655 1 0 0
v 0.0750901796 -0.0475436135 0.218222371 1 0 0
v 0.0753963978 -0.0475400497 0.216546093 1 0 0
v 0.0756932908 -0.0475354717 0.214868119 1 0 0
v 0.0759840407 -0.0475277233 0.213189083 1 0 0
v 0.0762528892 -0.0475222801 0.211506532 1 0 0
v 0.0764988843 -0.0475198263 0.209820339 1 0 0
v 0.0767192064 -0.0475153791 0.208130671 1 0 0
v 0.0769295598 -0.0475111018 0.206439666 0 1 0
v 0.0771331732 -0.0475048811 0.204747864 0 1 0
v 0.0773258095 -0.0474992189 0.203054754 0 1 0
v 0.0775226209 -0.0474962455 0.201362124 0 1 0
v 0.0777137662 -0.0474942246 0.199668836 0 1 0
v 0.0778974973 -0.047494326 0.197974737 0 1 0
v 0.0780751251 -0.0474933125 0.196279977 0 1 0
v 0.0782445463 -0.0474896216 0.194584403 0 1 0
v 0.0783881363 -0.0474878816 0.192886422 0 1 0
v 0.0785283454 -0.0474842487 0.191188178 0 1 0
v 0.0786388926 -0.0474793576 0.189487747 0 0.501961 1
v 0.0787415916 -0.0474735044 0.187786812 0 0.501961 1
v 0.0788388322 -0.0474684903 0.186085565 0 0.501961 1
v 0.0789158856 -0.047462653 0.184383278 0 0.501961 1
v 0.0789651657 -0.0474566197 0.182680145 0 0.501961 1
v 0.0789826746 -0.047449926 0.180976205 0 0.501961 1
v 0.0789395941 -0.0474426129 0.179273401 0 0.501961 1
v 0.0788539583 -0.0474355039 0.177571526 0 0.501961 1
v 0.0786723165 -0.0474303838 0.17587768 0 0.501961 1
v 0.0784620827 -0.047426357 0.17418666 0 0.501961 1
v 0.0782014495 -0.0474297773 0.172502784 0 0.501961 1
v 0.0779204366 -0.0474320782 0.170822144 0 0.501961 1
v 0.0775933663 -0.0474303134 0.169149819 1 0.784314 0
v 0.0772571687 -0.0474276321 0.167479275 1 0.784314 0
v 0.0769200369 -0.0474242572 0.165808937 1 0.784314 0
v 0.0765928889 -0.0474226908 0.164136691 1 0.784314 0
v 0.076280896 -0.0474251903 0.162461459 1 0.784314 0
v 0.0759990247 -0.0474349178 0.160781033 1 0.784314 0
v 0.0757136613 -0.0474452223 0.159101109 1 0.784314 0
v 0.0754726606 -0.0474511029 0.157414206 1 0.784314 0
v 0.0752391393 -0.047454478 0.155726296 1 0.784314 0
v 0.0750305087 -0.0474595552 0.15403508 1 0.784314 0
v 0.0748234961 -0.0474658275 0.152343703 0.705882 0 1
v 0.0746373803 -0.0474717565 0.150649864 0.705882 0 1
v 0.0744512645 -0.0474776856 0.148956025 0.705882 0 1
v 0.0742663764 -0.047480733 0.147262045 0.705882 0 1
v 0.0740817045 -0.0474832731 0.145568039 0.705882 0 1
v 0.0739120126 -0.0474867532 0.143872498 0.705882 0 1
v 0.0737448275 -0.0474899442 0.142176695 0.705882 0 1
v 0.0735736265 -0.0474920369 0.140481291 0.705882 0 1
v 0.0733993511 -0.0474932915 0.138786188 0.705882 0 1
v 0.0732364257 -0.0474944663 0.137089951 0.705882 0 1
v 0.0730618611 -0.0474946138 0.135394891 0 0.862745 0.862745
v 0.0728988603 -0.0474980374 0.13369867 0 0.862745 0.862745
v 0.0727325294 -0.0475009657 0.13200277 0 0.862745 0.862745
v 0.072574789 -0.0475041294 0.130306046 0 0.862745 0.862745
v 0.072419206 -0.0475073317 0.128609131 0 0.862745 0.862745
v 0.0722704637 -0.0475111677 0.126911596 0 0.862745 0.862745
v 0.072111657 -0.0475104735 0.125214971 0 0.862745 0.862745
v 0.0719565715 -0.0475084726 0.123518009 0 0.862745 0.862745
v 0.0718042887 -0.0475082917 0.121820785 0 0.862745 0.862745
v 0.071650627 -0.0475110858 0.120123688 0 0.862745 0.862745
v 0.0714891418 -0.0475118643 0.118427324 1 0.470588 0
v 0.0713376072 -0.0475112168 0.11673006 1 0.470588 0
v 0.0711885399 -0.0475107338 0.115032557 1 0.470588 0
v 0.0710369502 -0.0475076306 0.113335275 1 0.470588 0
v 0.0708857319 -0.0475020582 0.111637967 1 0.470588 0
v 0.0707349352 -0.0475062046 0.109940627 1 0.470588 0
v 0.0705859975 -0.0475092233 0.108243111 1 0.470588 0
v 0.0704443904 -0.0475103842 0.106544963 1 0.470588 0
v 0.0702963937 -0.0475100987 0.10484736 0.470588 1 0
v 0.0701466153 -0.047508405 0.103149916 0.470588 1 0
v 0.0699996677 -0.0475064704 0.101452227 0.470588 1 0
v 0.0698534269 -0.0475052245 0.0997544705 0.470588 1 0
v 0.0697125276 -0.0475075342 0.0980562661 0.470588 1 0
v 0.0695691821 -0.0475126161 0.0963582716 0.470588 1 0
v 0.0694283568 -0.0475183194 0.0946600666 0.470588 1 0
v 0.069286525 -0.0475201761 0.0929619449 0.470588 1 0
v 0.0691482846 -0.0475217327 0.0912635188 0.470588 1 0
v 0.0690120974 -0.0475232737 0.0895649292 0.470588 1 0
v 0.0688797074 -0.04752489 0.0878660372 1 0 0.705882
v 0.0687424956 -0.0475258893 0.0861675284 1 0 0.705882
v 0.0686057705 -0.0475269916 0.0844689792 1 0 0.705882
v 0.0684697194 -0.0475279466 0.082770376 1 0 0.705882
v 0.0683327054 -0.0475282365 0.0810718501 1 0 0.705882
v 0.068201106 -0.0475269122 0.0793728963 1 0 0.705882
v 0.068066282 -0.047526671 0.0776741966 1 0 0.705882
v 0.0679300493 -0.0475265973 0.0759756075 1 0 0.705882
v 0.0677908514 -0.04752906 0.0742772614 0.313725 0.313725 1
v 0.0676465115 -0.0475333601 0.0725793475 0.313725 0.313725 1
v 0.0674995998 -0.0475318628 0.0708816494 0.313725 0.313725 1
v 0.0673515851 -0.0475301665 0.0691840484 0.313725 0.313725 1
v 0.0671925634 -0.047531476 0.0674874428 0.313725 0.313725 1
v 0.0670327335 -0.0475324076 0.0657909121 0.313725 0.313725 1
v 0.0668742809 -0.0475281014 0.064094257 0.313725 0.313725 1
v 0.0667154727 -0.0475238893 0.0623976352 0.313725 0.313725 1
v 0.0665530353 -0.0475207549 0.0607013545 0.313725 0.313725 1
v 0.0663907177 -0.0475180461 0.0590050621 0.313725 0.313725 1
v 0.0662302511 -0.0475189796 0.0573085911 0.705882 0.470588 0.156863
v 0.0660667629 -0.0475208763 0.0556124129 0.705882 0.470588 0.156863
v 0.0659027094 -0.0475294999 0.0539163072 0.705882 0.470588 0.156863
v 0.0657380169 -0.0475332676 0.0522202659 0.705882 0.470588 0.156863
v 0.0655720562 -0.04752683 0.0505243449 0.705882 0.470588 0.156863
v 0.065401812 -0.0475295516 0.0488288379 0.705882 0.470588 0.156863
v 0.0652317378 -0.0475357081 0.0471333156 0.705882 0.470588 0.156863
v 0.0650606661 -0.0475387908 0.0454378854 0.705882 0.470588 0.156863
v 0.0648853126 -0.0475417562 0.043742891 0.705882 0.470588 0.156863
v 0.0647089708 -0.047544642 0.0420479988 0.705882 0.470588 0.156863
v 0.0645219923 -0.0475457882 0.0403542626 0.470588 0.470588 0.470588
v 0.0643284608 -0.0475452142 0.0386612447 0.470588 0.470588 0.470588
v 0.0641339244 -0.047543996 0.0369683424 0.470588 0.470588 0.470588
v 0.0639388394 -0.0475425044 0.035275504 0.470588 0.470588 0.470588
v 0.0637278361 -0.0475419772 0.0335845787 0.470588 0.470588 0.470588
v 0.0635143849 -0.0475417333 0.031893957 0.470588 0.470588 0.470588
v 0.0633100979 -0.047540362 0.0302022036 0.470588 0.470588 0.470588
v 0.0630994527 -0.0475384174 0.0285112425 0.470588 0.470588 0.470588
v 0.0628804997 -0.0475368502 0.0268213317 0.470588 0.470588 0.470588
v 0.0626620637 -0.0475346315 0.0251313512 0.470588 0.470588 0.470588
v 0.0624411945 -0.047531074 0.023441714 0.470588 0.470588 0.470588
v 0.0622136568 -0.0475275818 0.0217529469 0.470588 0.470588 0.470588
v 0.0619797826 -0.0475237413 0.0200650332 0.470588 0.470588 0.470588
v 0.0452058434 -0.0491014988 0.284290074 1 0 0.705882
v 0.0463556163 -0.049302404 0.283047145 1 0 0.705882
v 0.0475007662 -0.0494841714 0.281796491 1 0 0.705882
v 0.0486354227 -0.0495625087 0.280527906 1 0 0.705882
v 0.0497681595 -0.0495910073 0.279253276 1 0 0.705882
v 0.0508591632 -0.0496105122 0.277942733 1 0 0.705882
v 0.0519409982 -0.0496285272 0.276624441 1 0 0.705882
v 0.0529732552 -0.0496371542 0.275266906 1 0 0.705882
v 0.0539806906 -0.0496482411 0.273891149 0.313725 0.313725 1
v 0.0549453274 -0.0496571901 0.272484741 0.313725 0.313725 1
v 0.055893266 -0.0496646014 0.271067181 0.313725 0.313725 1
v 0.056813406 -0.049672596 0.269631278 0.313725 0.313725 1
v 0.0577083099 -0.0496782305 0.268179732 0.313725 0.313725 1
v 0.0585774738 -0.0496810662 0.266712387 0.313725 0.313725 1
v 0.0594089876 -0.0496832967 0.265223385 0.313725 0.313725 1
v 0.0602217466 -0.0496859453 0.263724252 0.313725 0.313725 1
v 0.0610015677 -0.049690274 0.262207535 0.313725 0.313725 1
v 0.0617585952 -0.0496942784 0.26067948 0.313725 0.313725 1
v 0.0624949195 -0.0496976035 0.259141169 0.705882 0.470588 0.156863
v 0.0632025181 -0.0496890665 0.257589577 0.705882 0.470588 0.156863
v 0.0638983154 -0.0496748136 0.256032577 0.705882 0.470588 0.156863
v 0.0645633577 -0.0496805195 0.254462232 0.705882 0.470588 0.156863
v 0.0652126039 -0.0496913754 0.252885238 0.705882 0.470588 0.156863
v 0.0658358483 -0.0496916773 0.25129774 0.705882 0.470588 0.156863
v 0.0664590636 -0.0496919622 0.249710229 0.705882 0.470588 0.156863
v 0.0670364119 -0.0496862045 0.248105496 0.705882 0.470588 0.156863
v 0.0676125728 -0.049680327 0.24650032 0.705882 0.470588 0.156863
v 0.0681604663 -0.049679635 0.24488531 0.705882 0.470588 0.156863
v 0.0687042942 -0.0496821178 0.243268884 0.470588 0.470588 0.470588
v 0.0692003664 -0.0496757013 0.241637191 0.470588 0.470588 0.470588
v 0.0696916089 -0.0496701717 0.240004023 0.470588 0.470588 0.470588
v 0.0701554754 -0.0496673317 0.238362885 0.470588 0.470588 0.470588
v 0.0706140719 -0.0496642827 0.236720263 0.470588 0.470588 0.470588
v 0.0710530253 -0.0496576315 0.235072276 0.470588 0.470588 0.470588
v 0.07148841 -0.0496505316 0.233423363 0.470588 0.470588 0.470588
v 0.0719046689 -0.0496438012 0.231769505 0.470588 0.470588 0.470588
v 0.0723096391 -0.0496399303 0.230112894 0.470588 0.470588 0.470588
v 0.0726860976 -0.0496331098 0.228449519 0.470588 0.470588 0.470588
v 0.073052098 -0.0496274474 0.226783868 1 0 0
v 0.073393816 -0.0496241827 0.225112999 1 0 0
v 0.0737252956 -0.049619709 0.223440102 1 0 0
v 0.0740401069 -0.0496127528 0.221763971 1 0 0
v 0.0743564296 -0.0496055258 0.220088123 1 0 0
v 0.0746598713 -0.0496023573 0.218409882 1 0 0
v 0.0749623594 -0.0495993037 0.216731467 1 0 0
v 0.0752645348 -0.0495956063 0.215053004 1 0 0
v 0.0755442826 -0.0495906971 0.213370664 1 0 0
v 0.0758164186 -0.0495838162 0.211687075 1 0 0
v 0.0760559712 -0.049579364 0.209998551 1 0 0
v 0.076284431 -0.0495736042 0.208308489 1 0 0
v 0.0764942687 -0.0495690003 0.206616021 0 1 0
v 0.0766856859 -0.049558996 0.20492137 0 1 0
v 0.0768806074 -0.0495545437 0.203227094 0 1 0
v 0.0770722729 -0.0495489207 0.201532451 0 1 0
v 0.0772611955 -0.0495444048 0.199837496 0 1 0
v 0.0774472966 -0.0495424474 0.198142225 0 1 0
v 0.0776268469 -0.0495404686 0.196446256 0 1 0
v 0.0777924322 -0.0495335528 0.19474888 0 1 0
v 0.0779481044 -0.0495283339 0.193050577 0 1 0
v 0.0780707296 -0.0495309411 0.191349568 0 1 0
v 0.0781839813 -0.0495285907 0.189647881 0 0.501961 1
v 0.0782959927 -0.0495246664 0.18794611 0 0.501961 1
v 0.0783825124 -0.04951752 0.186242951 0 0.501961 1
v 0.0784541778 -0.049508994 0.184539021 0 0.501961 1
v 0.0785042095 -0.049501051 0.182834502 0 0.501961 1
v 0.0785204452 -0.0494930764 0.181129149 0 0.501961 1
v 0.0784869684 -0.0494852787 0.179424408 0 0.501961 1
v 0.0784084167 -0.0494776056 0.177721008 0 0.501961 1
v 0.0782164726 -0.049473234 0.176026391 0 0.501961 1
v 0.0780192119 -0.0494692616 0.174332483 0 0.501961 1
v 0.0777486125 -0.0494729758 0.172648633 0 0.501961 1
v 0.0774780112 -0.0494766894 0.170964784 0 0.501961 1
v 0.0771621473 -0.049477305 0.169288915 1 0.784314 0
v 0.0768300524 -0.0494754348 0.167616122 1 0.784314 0
v 0.0764979456 -0.0494760127 0.165943318 1 0.784314 0
v 0.0761713001 -0.0494773837 0.164269525 1 0.784314 0
v 0.0758630679 -0.0494793205 0.162592171 1 0.784314 0
v 0.0755723767 -0.0494867179 0.160911848 1 0.784314 0
v 0.0752960942 -0.0494962189 0.159228945 1 0.784314 0
v 0.0750606849 -0.0495011494 0.157539945 1 0.784314 0
v 0.0748352005 -0.0495050437 0.155849463 1 0.784314 0
v 0.0746204527 -0.0495115114 0.154157597 1 0.784314 0
v 0.0744069181 -0.0495182779 0.152465573 0.705882 0 1
v 0.0742164571 -0.0495243072 0.150770824 0.705882 0 1
v 0.0740307706 -0.0495293542 0.149075512 0.705882 0 1
v 0.0738585266 -0.0495350935 0.147378814 0.705882 0 1
v 0.0736935211 -0.0495412057 0.145681368 0.705882 0 1
v 0.0735224899 -0.0495443805 0.14398452 0.705882 0 1
v 0.0733493467 -0.0495462115 0.142287875 0.705882 0 1
v 0.0731858317 -0.0495500391 0.140590284 0.705882 0 1
v 0.0730201473 -0.0495531653 0.138892909 0.705882 0 1
v 0.0728511198 -0.0495534802 0.137195855 0.705882 0 1
v 0.0726809726 -0.049554183 0.135498915 0 0.862745 0.862745
v 0.0725200302 -0.0495579767 0.133801072 0 0.862745 0.862745
v 0.0723584585 -0.0495614043 0.132103289 0 0.862745 0.862745
v 0.0722027012 -0.049564396 0.130404964 0 0.862745 0.862745
v 0.0720443407 -0.0495676221 0.128706879 0 0.862745 0.862745
v 0.0718946968 -0.0495687808 0.127008001 0 0.862745 0.862745
v 0.0717439602 -0.0495692003 0.125309221 0 0.862745 0.862745
v 0.071593923 -0.0495660921 0.12361038 0 0.862745 0.862745
v 0.0714437081 -0.0495630619 0.121911553 0 0.862745 0.862745
v 0.0712865839 -0.0495686849 0.120213358 0 0.862745 0.862745
v 0.0711294067 -0.0495743446 0.118515168 1 0.470588 0
v 0.0709778539 -0.0495747938 0.116816464 1 0.470588 0
v 0.0708253754 -0.0495759103 0.115117838 1 0.470588 0
v 0.0706721282 -0.0495738182 0.113419283 1 0.470588 0
v 0.0705180817 -0.0495711923 0.111720799 1 0.470588 0
v 0.070370509 -0.049571724 0.110021746 1 0.470588 0
v 0.0702251305 -0.049571914 0.108322496 1 0.470588 0
v 0.0700785504 -0.0495703592 0.106623352 1 0.470588 0
v 0.0699307983 -0.0495701377 0.104924308 0.470588 1 0
v 0.0697839374 -0.0495740351 0.103225191 0.470588 1 0
v 0.0696427409 -0.0495737262 0.10152559 0.470588 1 0
v 0.0694979537 -0.0495726773 0.0998262927 0.470588 1 0
v 0.0693588272 -0.0495753509 0.0981265218 0.470588 1 0
v 0.0692194634 -0.0495799558 0.0964267746 0.470588 1 0
v 0.069079046 -0.0495851949 0.0947271175 0.470588 1 0
v 0.0689434619 -0.0495872036 0.0930270595 0.470588 1 0
v 0.068810189 -0.0495896367 0.0913268187 0.470588 1 0
v 0.0686760037 -0.0495915979 0.0896266504 0.470588 1 0
v 0.0685424116 -0.0495931717 0.0879264337 1 0 0.705882
v 0.068411302 -0.0495950075 0.0862260254 1 0 0.705882
v 0.0682804738 -0.0495967982 0.0845255964 1 0 0.705882
v 0.0681439585 -0.0495978385 0.0828256114 1 0 0.705882
v 0.06800861 -0.0495975591 0.0811255352 1 0 0.705882
v 0.0678725374 -0.0495943461 0.0794255181 1 0 0.705882
v 0.0677376403 -0.0495925519 0.0777254064 1 0 0.705882
v 0.0676020699 -0.0495912301 0.0760253473 1 0 0.705882
v 0.0674629905 -0.0495953567 0.0743255793 0.313725 0.313725 1
v 0.0673231102 -0.0496016449 0.0726258792 0.313725 0.313725 1
v 0.0671718189 -0.0496003344 0.0709271535 0.313725 0.313725 1
v 0.0670188251 -0.0495978609 0.0692285738 0.313725 0.313725 1
v 0.0668627894 -0.0496000081 0.0675302708 0.313725 0.313725 1
v 0.0667025608 -0.0496019098 0.0658323622 0.313725 0.313725 1
v 0.0665426425 -0.0495977157 0.064134427 0.313725 0.313725 1
v 0.0663797296 -0.0495929814 0.0624367755 0.313725 0.313725 1
v 0.0662219696 -0.049590163 0.0607386324 0.313725 0.313725 1
v 0.0660634554 -0.0495878862 0.0590405608 0.313725 0.313725 1
v 0.0658995737 -0.0495888083 0.0573429954 0.705882 0.470588 0.156863
v 0.0657363013 -0.0495912619 0.0556453761 0.705882 0.470588 0.156863
v 0.065575542 -0.0496000323 0.0539475346 0.705882 0.470588 0.156863
v 0.0654126369 -0.0496028191 0.0522499013 0.705882 0.470588 0.156863
v 0.0652444177 -0.0495966689 0.0505527723 0.705882 0.470588 0.156863
v 0.0650764851 -0.0495984398 0.0488556145 0.705882 0.470588 0.156863
v 0.0649058372 -0.0496034324 0.0471587287 0.705882 0.470588 0.156863
v 0.0647335157 -0.0496059407 0.0454620017 0.705882 0.470588 0.156863
v 0.0645605939 -0.0496087976 0.0437653375 0.705882 0.470588 0.156863
v 0.0643738053 -0.0496137849 0.0420701516 0.705882 0.470588 0.156863
v 0.0641860548 -0.0496155921 0.0403750625 0.470588 0.470588 0.470588
v 0.0639969118 -0.049615405 0.0386801305 0.470588 0.470588 0.470588
v 0.0637938738 -0.049613093 0.0369868073 0.470588 0.470588 0.470588
v 0.0635867887 -0.0496100668 0.0352939715 0.470588 0.470588 0.470588
v 0.0633807786 -0.0496103471 0.0336010023 0.470588 0.470588 0.470588
v 0.06316787 -0.0496092128 0.0319089 0.470588 0.470588 0.470588
v 0.0629530919 -0.0496064699 0.0302170262 0.470588 0.470588 0.470588
v 0.0627371296 -0.0496038838 0.0285253038 0.470588 0.470588 0.470588
v 0.062519788 -0.0496021158 0.0268337825 0.470588 0.470588 0.470588
v 0.0622915959 -0.0495979504 0.0251436675 0.470588 0.470588 0.470588
v 0.062060079 -0.0495929143 0.0234540133 0.470588 0.470588 0.470588
v 0.0618344688 -0.0495898001 0.0217635576 0.470588 0.470588 0.470588
v 0.061590977 -0.0495830996 0.0200755855 0.470588 0.470588 0.470588
v 0.0446057446 -0.0511097008 0.284334933 1 0 0.705882
v 0.0457657222 -0.0513647381 0.283109558 1 0 0.705882
v 0.0469226447 -0.0515373924 0.281868753 1 0 0.705882
v 0.0480846131 -0.051627044 0.280622408 1 0 0.705882
v 0.0492188047 -0.0516548761 0.279347665 1 0 0.705882
v 0.0503465005 -0.0516775328 0.278067168 1 0 0.705882
v 0.0514284755 -0.0516957175 0.276747647 1 0 0.705882
v 0.0524894698 -0.0517121309 0.275411322 1 0 0.705882
v 0.05351036 -0.051723694 0.274043921 0.313725 0.313725 1
v 0.0545019153 -0.0517343906 0.272655201 0.313725 0.313725 1
v 0.0554631722 -0.0517423809 0.271245406 0.313725 0.313725 1
v 0.0563910946 -0.0517498245 0.269813261 0.313725 0.313725 1
v 0.0572920558 -0.0517566782 0.268364332 0.313725 0.313725 1
v 0.0581613043 -0.0517610038 0.266895824 0.313725 0.313725 1
v 0.059005118 -0.0517630593 0.265412664 0.313725 0.313725 1
v 0.0598351422 -0.05176887 0.263921641 0.313725 0.313725 1
v 0.0606237607 -0.0517714611 0.262408447 0.313725 0.313725 1
v 0.0613922081 -0.0517715286 0.260884879 0.313725 0.313725 1
v 0.062118455 -0.051774831 0.259340639 0.705882 0.470588 0.156863
v 0.0628338073 -0.0517719601 0.257791405 0.705882 0.470588 0.156863
v 0.0635266672 -0.0517584521 0.256231962 0.705882 0.470588 0.156863
v 0.0641968366 -0.0517570624 0.25466271 0.705882 0.470588 0.156863
v 0.0648490411 -0.0517657553 0.253085786 0.705882 0.470588 0.156863
v 0.065476344 -0.0517697656 0.251498854 0.705882 0.470588 0.156863
v 0.0660942027 -0.0517717157 0.249908136 0.705882 0.470588 0.156863
v 0.0666834955 -0.0517685262 0.248306621 0.705882 0.470588 0.156863
v 0.0672586313 -0.0517636898 0.24670003 0.705882 0.470588 0.156863
v 0.0678026256 -0.051761089 0.245082563 0.705882 0.470588 0.156863
v 0.0683357909 -0.0517584352 0.243461635 0.470588 0.470588 0.470588
v 0.0688306068 -0.0517515911 0.241828465 0.470588 0.470588 0.470588
v 0.0693209424 -0.0517437833 0.240193968 0.470588 0.470588 0.470588
v 0.0697703744 -0.0517383641 0.238547729 0.470588 0.470588 0.470588
v 0.07021632 -0.0517326259 0.236900539 0.470588 0.470588 0.470588
v 0.0706524786 -0.0517279032 0.235250727 0.470588 0.470588 0.470588
v 0.0710824018 -0.0517214112 0.233599313 0.470588 0.470588 0.470588
v 0.0714971691 -0.0517116225 0.231944016 0.470588 0.470588 0.470588
v 0.0718984668 -0.0517016584 0.230285478 0.470588 0.470588 0.470588
v 0.0722717297 -0.0516949073 0.228620316 0.470588 0.470588 0.470588
v 0.0726299638 -0.0516877629 0.226951949 1 0 0
v 0.0729674602 -0.0516813087 0.225279171 1 0 0
v 0.0732930904 -0.0516766234 0.223604091 1 0 0
v 0.073600302 -0.0516714131 0.221925481 1 0 0
v 0.0739101512 -0.0516659998 0.220247364 1 0 0
v 0.0742123653 -0.051659861 0.218567854 1 0 0
v 0.0745083533 -0.0516535211 0.21688724 1 0 0
v 0.074797445 -0.051647414 0.215205419 1 0 0
v 0.0750806717 -0.0516425069 0.213522604 1 0 0
v 0.0753481417 -0.0516370365 0.211837232 1 0 0
v 0.0755950531 -0.0516315012 0.210148743 1 0 0
v 0.0758300906 -0.0516269208 0.208458522 1 0 0
v 0.076032736 -0.0516174382 0.206764141 0 1 0
v 0.0762295254 -0.051608692 0.20506905 0 1 0
v 0.0764210428 -0.0516002923 0.203373356 0 1 0
v 0.0766083871 -0.0515941467 0.201677187 0 1 0
v 0.0767929814 -0.0515880015 0.199980713 0 1 0
v 0.0769729329 -0.0515854395 0.198283732 0 1 0
v 0.0771503899 -0.051583578 0.196586494 0 1 0
v 0.077311872 -0.0515796891 0.194887662 0 1 0
v 0.0774602125 -0.0515740094 0.193187687 0 1 0
v 0.0775888505 -0.0515743053 0.191486044 0 1 0
v 0.0777022247 -0.0515707712 0.189783382 0 0.501961 1
v 0.0778012057 -0.0515640403 0.18807977 0 0.501961 1
v 0.0778895802 -0.0515562733 0.186375609 0 0.501961 1
v 0.0779683913 -0.0515475722 0.184670954 0 0.501961 1
v 0.0780157277 -0.0515390172 0.182965426 0 0.501961 1
v 0.0780234402 -0.0515292746 0.181258973 0 0.501961 1
v 0.0779820037 -0.0515215349 0.179553567 0 0.501961 1
v 0.0779008477 -0.0515149335 0.177849013 0 0.501961 1
v 0.0777308708 -0.0515099689 0.176151747 0 0.501961 1
v 0.0775285804 -0.0515066851 0.174457284 0 0.501961 1
v 0.0772759575 -0.0515118694 0.172769714 0 0.501961 1
v 0.0770154757 -0.0515182531 0.171083226 0 0.501961 1
v 0.0766964057 -0.0515185912 0.169406944 1 0.784314 0
v 0.0763676834 -0.0515182306 0.167732406 1 0.784314 0
v 0.0760412119 -0.0515224022 0.166057433 1 0.784314 0
v 0.0757141439 -0.051524699 0.164382632 1 0.784314 0
v 0.0754082335 -0.0515265878 0.16270378 1 0.784314 0
v 0.0751206736 -0.0515322031 0.161021848 1 0.784314 0
v 0.0748577716 -0.0515430685 0.159335758 1 0.784314 0
v 0.0746110286 -0.0515488814 0.15764737 1 0.784314 0
v 0.0743809072 -0.0515521837 0.155956462 1 0.784314 0
v 0.074169516 -0.0515588586 0.154263172 1 0.784314 0
v 0.0739679673 -0.0515666854 0.152568637 0.705882 0 1
v 0.0737818131 -0.0515734001 0.150872374 0.705882 0 1
v 0.073606543 -0.05158062 0.149174916 0.705882 0 1
v 0.0734307063 -0.0515860567 0.147477531 0.705882 0 1
v 0.0732611098 -0.0515905378 0.145779487 0.705882 0 1
v 0.0730967732 -0.0515950536 0.144080934 0.705882 0 1
v 0.0729372008 -0.0515996008 0.142381919 0.705882 0 1
v 0.0727728165 -0.0516033516 0.140683366 0.705882 0 1
v 0.0726057274 -0.05160643 0.138985072 0.705882 0 1
v 0.0724414729 -0.051609237 0.137286501 0.705882 0 1
v 0.072274729 -0.0516112193 0.135588184 0 0.862745 0.862745
v 0.0721149167 -0.0516157297 0.133889191 0 0.862745 0.862745
v 0.0719552602 -0.0516149248 0.132190179 0 0.862745 0.862745
v 0.0717974589 -0.0516155348 0.130490996 0 0.862745 0.862745
v 0.0716460485 -0.0516214394 0.12879124 0 0.862745 0.862745
v 0.0714960322 -0.0516252345 0.127091355 0 0.862745 0.862745
v 0.0713477801 -0.0516281454 0.125391312 0 0.862745 0.862745
v 0.0711982745 -0.0516292105 0.123691381 0 0.862745 0.862745
v 0.0710481911 -0.0516283844 0.121991496 0 0.862745 0.862745
v 0.0708967697 -0.0516299962 0.120291736 0 0.862745 0.862745
v 0.070743431 -0.0516292656 0.118592152 1 0.470588 0
v 0.0705927522 -0.0516243895 0.116892326 1 0.470588 0
v 0.0704418798 -0.0516261091 0.115192512 1 0.470588 0
v 0.0702904958 -0.0516239457 0.113492743 1 0.470588 0
v 0.0701382251 -0.0516239835 0.111793053 1 0.470588 0
v 0.0699936838 -0.0516319082 0.11009271 1 0.470588 0
v 0.0698488446 -0.0516348 0.108392378 1 0.470588 0
v 0.0697034971 -0.05163306 0.106692082 1 0.470588 0
v 0.0695581191 -0.0516353853 0.104991794 0.470588 1 0
v 0.0694153995 -0.0516408205 0.103291287 0.470588 1 0
v 0.0692747021 -0.0516396506 0.1015906 0.470588 1 0
v 0.0691362974 -0.0516399916 0.099889727 0.470588 1 0
v 0.068999583 -0.0516443185 0.0981887199 0.470588 1 0
v 0.0688621624 -0.0516485703 0.0964877696 0.470588 1 0
v 0.0687282647 -0.0516508956 0.0947865356 0.470588 1 0
v 0.0685934707 -0.051653056 0.0930853716 0.470588 1 0
v 0.0684590246 -0.0516551567 0.0913841792 0.470588 1 0
v 0.0683260519 -0.0516573927 0.0896828737 0.470588 1 0
v 0.0681983247 -0.0516602582 0.0879811646 1 0 0.705882
v 0.0680682551 -0.0516624285 0.08627964 1 0 0.705882
v 0.0679350171 -0.0516636511 0.0845783525 1 0 0.705882
v 0.0677990274 -0.051664648 0.082877282 1 0 0.705882
v 0.0676625863 -0.0516654968 0.0811762472 1 0 0.705882
v 0.0675299486 -0.051662065 0.0794749156 1 0 0.705882
v 0.0673937212 -0.0516583513 0.0777738689 1 0 0.705882
v 0.0672611942 -0.0516549181 0.076072528 1 0 0.705882
v 0.0671193589 -0.0516573688 0.0743719618 0.313725 0.313725 1
v 0.0669707833 -0.0516640917 0.072671957 0.313725 0.313725 1
v 0.0668233203 -0.0516648139 0.0709718457 0.313725 0.313725 1
v 0.066669503 -0.0516623126 0.0692723051 0.313725 0.313725 1
v 0.0665130112 -0.051665434 0.0675730023 0.313725 0.313725 1
v 0.0663503759 -0.0516675502 0.0658742759 0.313725 0.313725 1
v 0.0661920272 -0.051663917 0.0641751467 0.313725 0.313725 1
v 0.0660292705 -0.0516594081 0.0624764375 0.313725 0.313725 1
v 0.0658762577 -0.0516560492 0.060776823 0.313725 0.313725 1
v 0.0657153597 -0.0516532448 0.0590779322 0.313725 0.313725 1
v 0.0655576159 -0.0516564861 0.0573787434 0.705882 0.470588 0.156863
v 0.0653970562 -0.0516605892 0.0556798258 0.705882 0.470588 0.156863
v 0.0652290084 -0.0516675574 0.0539816363 0.705882 0.470588 0.156863
v 0.065062148 -0.0516722011 0.0522833268 0.705882 0.470588 0.156863
v 0.0648982915 -0.0516709654 0.0505847139 0.705882 0.470588 0.156863
v 0.0647289299 -0.0516716428 0.0488866481 0.705882 0.470588 0.156863
v 0.0645547674 -0.0516745829 0.0471890651 0.705882 0.470588 0.156863
v 0.0643801921 -0.0516771364 0.0454915227 0.705882 0.470588 0.156863
v 0.0642040118 -0.051680759 0.0437941486 0.705882 0.470588 0.156863
v 0.0640226088 -0.0516825801 0.042097323 0.705882 0.470588 0.156863
v 0.0638326975 -0.0516823225 0.0404014319 0.470588 0.470588 0.470588
v 0.0636341283 -0.0516804176 0.0387065269 0.470588 0.470588 0.470588
v 0.0634331343 -0.0516786251 0.0370119079 0.470588 0.470588 0.470588
v 0.0632228085 -0.0516750328 0.035318443 0.470588 0.470588 0.470588
v 0.0630088216 -0.0516733895 0.0336254193 0.470588 0.470588 0.470588
v 0.0627904772 -0.0516709251 0.0319329513 0.470588 0.470588 0.470588
v 0.062573327 -0.0516678957 0.0302403491 0.470588 0.470588 0.470588
v 0.0623444671 -0.0516630177 0.0285492741 0.470588 0.470588 0.470588
v 0.0621161454 -0.0516588152 0.0268581247 0.470588 0.470588 0.470588
v 0.0618845084 -0.0516539775 0.0251674532 0.470588 0.470588 0.470588
v 0.0616306039 -0.0516446398 0.0234799753 0.470588 0.470588 0.470588
v 0.0613968407 -0.05163974 0.0217895968 0.470588 0.470588 0.470588
v 0.0611645764 -0.0516352385 0.020098994 0.470588 0.470588 0.470588
v 0.0440196641 -0.0531225812 0.284356236 1 0 0.705882
v 0.0451857911 -0.0533790832 0.283140384 1 0 0.705882
v 0.0463511222 -0.0535685381 0.281914189 1 0 0.705882
v 0.0475236028 -0.0536601381 0.280680924 1 0 0.705882
v 0.0486764542 -0.0537177087 0.279428145 1 0 0.705882
v 0.0498051972 -0.0537402351 0.278151635 1 0 0.705882
v 0.0509194532 -0.0537615064 0.276863014 1 0 0.705882
v 0.0519732668 -0.0537775421 0.275523886 1 0 0.705882
v 0.0530271043 -0.0537935815 0.274184776 0.313725 0.313725 1
v 0.0540176868 -0.0538051758 0.27279828 0.313725 0.313725 1
v 0.0550044144 -0.0538168633 0.271408936 0.313725 0.313725 1
v 0.055948096 -0.053824642 0.269990057 0.313725 0.313725 1
v 0.0568556086 -0.0538319271 0.26854821 0.313725 0.313725 1
v 0.0577282793 -0.053838805 0.267084501 0.313725 0.313725 1
v 0.0585824241 -0.0538439447 0.265610081 0.313725 0.313725 1
v 0.0594092139 -0.0538502709 0.264119972 0.313725 0.313725 1
v 0.0602121719 -0.0538538307 0.262617186 0.313725 0.313725 1
v 0.0609781383 -0.0538506097 0.26109492 0.313725 0.313725 1
v 0.061711633 -0.0538524651 0.25955679 0.313725 0.313725 1
v 0.0624286887 -0.0538525698 0.258010868 0.313725 0.313725 1
v 0.0631229545 -0.0538457256 0.256454594 0.705882 0.470588 0.156863
v 0.0638113643 -0.0538394301 0.254895802 0.705882 0.470588 0.156863
v 0.0644443714 -0.0538354217 0.253313611 0.705882 0.470588 0.156863
v 0.0650764946 -0.0538353288 0.251731076 0.705882 0.470588 0.156863
v 0.0657013032 -0.0538462216 0.250145713 0.705882 0.470588 0.156863
v 0.0662845883 -0.0538433775 0.248544545 0.705882 0.470588 0.156863
v 0.0668526522 -0.0538381389 0.246937983 0.705882 0.470588 0.156863
v 0.0673932397 -0.0538334948 0.245321889 0.705882 0.470588 0.156863
v 0.067912869 -0.0538263191 0.243699044 0.705882 0.470588 0.156863
v 0.0684107068 -0.0538172082 0.242069291 0.705882 0.470588 0.156863
v 0.068883784 -0.0538101336 0.240432326 0.470588 0.470588 0.470588
v 0.0693292937 -0.0538042875 0.238787476 0.470588 0.470588 0.470588
v 0.0697756434 -0.0537983935 0.237142894 0.470588 0.470588 0.470588
v 0.0702037101 -0.0537903835 0.235493428 0.470588 0.470588 0.470588
v 0.0706261869 -0.0537845512 0.233842519 0.470588 0.470588 0.470588
v 0.0710440038 -0.0537791193 0.232190416 0.470588 0.470588 0.470588
v 0.0714399538 -0.0537691067 0.230533032 0.470588 0.470588 0.470588
v 0.0718232077 -0.0537589286 0.228872593 0.470588 0.470588 0.470588
v 0.0721756462 -0.0537494015 0.227205532 0.470588 0.470588 0.470588
v 0.072506984 -0.0537406321 0.225533951 0.470588 0.470588 0.470588
v 0.0728232645 -0.0537297478 0.223859538 1 0 0
v 0.0731216194 -0.0537219486 0.222181752 1 0 0
v 0.073420797 -0.0537152797 0.220504108 1 0 0
v 0.0737222998 -0.0537097647 0.218826876 1 0 0
v 0.0740185311 -0.0537036307 0.217148714 1 0 0
v 0.0743052542 -0.0536969447 0.215468899 1 0 0
v 0.0745819118 -0.0536864923 0.213787439 1 0 0
v 0.0748423781 -0.0536820955 0.212103342 1 0 0
v 0.0751026968 -0.053677351 0.210419224 1 0 0
v 0.0753161492 -0.0536668915 0.20872857 1 0 0
v 0.0755268073 -0.0536562498 0.207037553 1 0 0
v 0.0757189939 -0.0536484192 0.205344326 1 0 0
v 0.0759044528 -0.0536423084 0.203650334 0 1 0
v 0.0760894953 -0.0536379548 0.20195629 0 1 0
v 0.0762732623 -0.0536321285 0.200262112 0 1 0
v 0.0764553711 -0.0536272041 0.198567752 0 1 0
v 0.0766293858 -0.0536230664 0.196872574 0 1 0
v 0.0767860919 -0.0536191127 0.195175673 0 1 0
v 0.0769321727 -0.0536147838 0.193477872 0 1 0
v 0.077054484 -0.0536095198 0.191778157 0 1 0
v 0.0771705664 -0.0536047468 0.190078001 0 1 0
v 0.0772818972 -0.0536007866 0.188377521 0 1 0
v 0.0773754737 -0.0535933742 0.186676077 0 0.501961 1
v 0.0774392289 -0.0535808118 0.184973191 0 0.501961 1
v 0.0774869637 -0.0535694658 0.183269944 0 0.501961 1
v 0.0774982233 -0.0535608894 0.181565877 0 0.501961 1
v 0.0774709768 -0.0535522905 0.179862741 0 0.501961 1
v 0.077374782 -0.0535433723 0.178161355 0 0.501961 1
v 0.0772344075 -0.0535397757 0.17646365 0 0.501961 1
v 0.0770470266 -0.0535418413 0.174769858 0 0.501961 1
v 0.0768115162 -0.0535450884 0.173082596 0 0.501961 1
v 0.0765380339 -0.053548681 0.171400562 0 0.501961 1
v 0.0762384707 -0.0535529576 0.169723087 0 0.501961 1
v 0.0759252754 -0.0535575918 0.168047996 0 0.501961 1
v 0.0755984167 -0.0535607887 0.166375527 1 0.784314 0
v 0.0752681891 -0.0535636928 0.164703706 1 0.784314 0
v 0.0749720714 -0.0535683258 0.163025515 1 0.784314 0
v 0.0746808523 -0.0535735488 0.16134653 1 0.784314 0
v 0.0744151874 -0.0535815332 0.159663259 1 0.784314 0
v 0.0741689197 -0.053589296 0.157977204 1 0.784314 0
v 0.0739506536 -0.0535967389 0.15628713 1 0.784314 0
v 0.0737368325 -0.0536032968 0.154596523 1 0.784314 0
v 0.0735391804 -0.0536094565 0.15290391 0.705882 0 1
v 0.0733431907 -0.0536156935 0.151211114 0.705882 0 1
v 0.0731690096 -0.0536218254 0.149515925 0.705882 0 1
v 0.07299735 -0.0536267693 0.14782048 0.705882 0 1
v 0.0728386309 -0.0536345828 0.14612378 0.705882 0 1
v 0.072680876 -0.0536416834 0.144426991 0.705882 0 1
v 0.0725202026 -0.0536447254 0.142730465 0.705882 0 1
v 0.0723601194 -0.0536491244 0.141033884 0.705882 0 1
v 0.0721990108 -0.0536531497 0.139337401 0.705882 0 1
v 0.0720316768 -0.0536544334 0.137641511 0.705882 0 1
v 0.0718703047 -0.0536601598 0.135945061 0 0.862745 0.862745
v 0.0717063916 -0.053664403 0.134248848 0 0.862745 0.862745
v 0.071550857 -0.0536649466 0.132551851 0 0.862745 0.862745
v 0.0714011796 -0.0536675605 0.130854314 0 0.862745 0.862745
v 0.071253152 -0.0536733813 0.129156641 0 0.862745 0.862745
v 0.0711070914 -0.0536781741 0.127458796 0 0.862745 0.862745
v 0.0709607823 -0.0536810989 0.125760968 0 0.862745 0.862745
v 0.0708137808 -0.0536845618 0.124063199 0 0.862745 0.862745
v 0.0706664362 -0.0536851645 0.122365459 0 0.862745 0.862745
v 0.0705167891 -0.0536854357 0.120667919 0 0.862745 0.862745
v 0.0703685705 -0.0536864012 0.11897026 1 0.470588 0
v 0.070219336 -0.0536811399 0.11727269 1 0.470588 0
v 0.0700729092 -0.0536776962 0.115574871 1 0.470588 0
v 0.0699248649 -0.0536735887 0.113877193 1 0.470588 0
v 0.0697787475 -0.0536716793 0.112179369 1 0.470588 0
v 0.0696332639 -0.0536846224 0.110481519 1 0.470588 0
v 0.0694876276 -0.0536952366 0.108783669 1 0.470588 0
v 0.0693498299 -0.0536963445 0.107085124 1 0.470588 0
v 0.0692076292 -0.0536972398 0.105386948 0.470588 1 0
v 0.0690700136 -0.0537008782 0.103688393 0.470588 1 0
v 0.0689327696 -0.0537043296 0.101989806 0.470588 1 0
v 0.0687971975 -0.0537065923 0.100291084 0.470588 1 0
v 0.0686618748 -0.0537093011 0.0985923426 0.470588 1 0
v 0.0685233968 -0.0537110763 0.0968938539 0.470588 1 0
v 0.0683860958 -0.0537127793 0.0951952711 0.470588 1 0
v 0.0682534838 -0.053714848 0.0934963144 0.470588 1 0
v 0.0681236376 -0.0537176008 0.0917971471 0.470588 1 0
v 0.0679892259 -0.0537199795 0.0900983588 0.470588 1 0
v 0.0678596661 -0.0537228548 0.0883991922 1 0 0.705882
v 0.0677237116 -0.053724363 0.0867005033 1 0 0.705882
v 0.0675927399 -0.0537257814 0.0850014401 1 0 0.705882
v 0.0674520935 -0.0537253347 0.0833031444 1 0 0.705882
v 0.0673244235 -0.0537277497 0.0816038096 1 0 0.705882
v 0.0671924302 -0.0537283862 0.079904807 1 0 0.705882
v 0.0670600391 -0.0537254211 0.0782058344 1 0 0.705882
v 0.0669198765 -0.0537188237 0.0765075186 1 0 0.705882
v 0.0667742101 -0.0537156508 0.0748096544 0.313725 0.313725 1
v 0.0666347616 -0.0537231266 0.0731112634 0.313725 0.313725 1
v 0.066481961 -0.053723413 0.0714140076 0.313725 0.313725 1
v 0.0663327852 -0.0537225439 0.0697164291 0.313725 0.313725 1
v 0.0661742677 -0.0537229577 0.0680197006 0.313725 0.313725 1
v 0.0660053221 -0.0537256846 0.0663239723 0.313725 0.313725 1
v 0.0658488991 -0.0537254021 0.0646270651 0.313725 0.313725 1
v 0.0656975557 -0.0537234187 0.0629296784 0.313725 0.313725 1
v 0.065541369 -0.0537194211 0.0612327367 0.313725 0.313725 1
v 0.0653836482 -0.0537150448 0.0595359311 0.313725 0.313725 1
v 0.0652274564 -0.0537195535 0.0578389897 0.705882 0.470588 0.156863
v 0.0650618142 -0.0537222877 0.0561429359 0.705882 0.470588 0.156863
v 0.0649033267 -0.0537300864 0.054446214 0.705882 0.470588 0.156863
v 0.0647385254 -0.0537361818 0.0527501019 0.705882 0.470588 0.156863
v 0.0645705523 -0.0537368715 0.0510542865 0.705882 0.470588 0.156863
v 0.0643961934 -0.0537354361 0.0493591047 0.705882 0.470588 0.156863
v 0.0642265517 -0.0537393512 0.0476634487 0.705882 0.470588 0.156863
v 0.064047106 -0.0537394769 0.0459688007 0.705882 0.470588 0.156863
v 0.0638740837 -0.0537427639 0.0442734886 0.705882 0.470588 0.156863
v 0.063693742 -0.0537444412 0.0425789402 0.705882 0.470588 0.156863
v 0.0635063945 -0.0537446176 0.0408851486 0.470588 0.470588 0.470588
v 0.0633122303 -0.0537434612 0.0391921282 0.470588 0.470588 0.470588
v 0.0631020929 -0.0537394792 0.0375010289 0.470588 0.470588 0.470588
v 0.0628855074 -0.0537345328 0.03581073 0.470588 0.470588 0.470588
v 0.0626725404 -0.0537322639 0.0341199685 0.470588 0.470588 0.470588
v 0.0624506482 -0.0537290257 0.0324303649 0.470588 0.470588 0.470588
v 0.0622243005 -0.0537244044 0.0307413447 0.470588 0.470588 0.470588
v 0.0619968011 -0.0537195855 0.0290524802 0.470588 0.470588 0.470588
v 0.0617448358 -0.0537100645 0.0273671285 0.470588 0.470588 0.470588
v 0.0614915144 -0.0537005422 0.0256819638 0.470588 0.470588 0.470588
v 0.06123981 -0.0536919688 0.0239965512 0.470588 0.470588 0.470588
v 0.0609882648 -0.0536827857 0.0223111253 0.470588 0.470588 0.470588
v 0.0607353434 -0.0536728831 0.0206259021 0.470588 0.470588 0.470588
v 0.0434812604 -0.0551513724 0.284297423 1 0 0.705882
v 0.044654278 -0.0554078601 0.28309286 1 0 0.705882
v 0.0458384219 -0.0556169476 0.281891938 1 0 0.705882
v 0.0470156046 -0.0557174199 0.280668473 1 0 0.705882
v 0.0481839909 -0.0557756806 0.279434336 1 0 0.705882
v 0.0493336715 -0.0558055648 0.278181559 1 0 0.705882
v 0.0504415114 -0.0558267001 0.276891423 1 0 0.705882
v 0.0515222953 -0.0558455788 0.275578513 1 0 0.705882
v 0.0525626933 -0.0558607893 0.274233156 1 0 0.705882
v 0.053576456 -0.0558749588 0.272867865 1 0 0.705882
v 0.0545668388 -0.0558883535 0.271485225 0.313725 0.313725 1
v 0.055514088 -0.055899274 0.270072986 0.313725 0.313725 1
v 0.0564405664 -0.0559082899 0.268646703 0.313725 0.313725 1
v 0.0573172905 -0.0559145434 0.267189507 0.313725 0.313725 1
v 0.058177937 -0.0559193758 0.265722613 0.313725 0.313725 1
v 0.0590080001 -0.0559216022 0.26423812 0.313725 0.313725 1
v 0.0598043743 -0.0559234313 0.262735681 0.313725 0.313725 1
v 0.0605714951 -0.0559250174 0.261217705 0.313725 0.313725 1
v 0.061305963 -0.0559252842 0.259683778 0.313725 0.313725 1
v 0.062028042 -0.0559252675 0.258143874 0.313725 0.313725 1
v 0.0627245135 -0.0559219666 0.256592294 0.705882 0.470588 0.156863
v 0.06340225 -0.0559219602 0.255032358 0.705882 0.470588 0.156863
v 0.0640567489 -0.0559143706 0.253462725 0.705882 0.470588 0.156863
v 0.0646908191 -0.05589997 0.251884608 0.705882 0.470588 0.156863
v 0.0652898513 -0.0559012188 0.250292843 0.705882 0.470588 0.156863
v 0.0658840863 -0.0559071954 0.248699238 0.705882 0.470588 0.156863
v 0.0664462444 -0.0559059072 0.247094201 0.705882 0.470588 0.156863
v 0.066988963 -0.0559016268 0.245482318 0.705882 0.470588 0.156863
v 0.0674996909 -0.0558937764 0.243860139 0.705882 0.470588 0.156863
v 0.0679975097 -0.0558842381 0.242233851 0.705882 0.470588 0.156863
v 0.0684535725 -0.0558732604 0.240595553 0.470588 0.470588 0.470588
v 0.0688970984 -0.0558671805 0.23895361 0.470588 0.470588 0.470588
v 0.0693244652 -0.0558592442 0.237307433 0.470588 0.470588 0.470588
v 0.0697507327 -0.0558505527 0.235660937 0.470588 0.470588 0.470588
v 0.0701662585 -0.0558419796 0.234011709 0.470588 0.470588 0.470588
v 0.0705791453 -0.0558357759 0.232361796 0.470588 0.470588 0.470588
v 0.0709670309 -0.0558269544 0.230705884 0.470588 0.470588 0.470588
v 0.0713460275 -0.0558159918 0.229047884 0.470588 0.470588 0.470588
v 0.0716924568 -0.0558058981 0.227382842 0.470588 0.470588 0.470588
v 0.0720291532 -0.055796423 0.22571573 0.470588 0.470588 0.470588
v 0.0723384046 -0.0557846591 0.224043376 1 0 0
v 0.0726394436 -0.0557717417 0.222369477 1 0 0
v 0.0729375552 -0.0557621412 0.220695045 1 0 0
v 0.0732233803 -0.0557544216 0.219018449 1 0 0
v 0.0735113435 -0.0557465623 0.217342223 1 0 0
v 0.0738041904 -0.055738372 0.215666843 1 0 0
v 0.0740751412 -0.0557247341 0.213987834 1 0 0
v 0.0743400679 -0.0557130031 0.212307844 1 0 0
v 0.0745773533 -0.0557113676 0.210623721 1 0 0
v 0.0748009758 -0.0557064823 0.20893772 1 0 0
v 0.0750037271 -0.0556959296 0.207249125 1 0 0
v 0.0751935429 -0.0556879198 0.20555897 1 0 0
v 0.0753806676 -0.0556810919 0.203868524 0 1 0
v 0.0755558692 -0.0556743111 0.202176784 0 1 0
v 0.0757316311 -0.0556678709 0.2004851 0 1 0
v 0.0759069437 -0.0556610998 0.19879337 0 1 0
v 0.0760753496 -0.0556556569 0.197100942 0 1 0
v 0.076239686 -0.0556510857 0.195408105 0 1 0
v 0.076379444 -0.0556465521 0.193713103 0 1 0
v 0.0765101112 -0.0556414299 0.192017336 0 1 0
v 0.0766277261 -0.0556349254 0.190320658 0 1 0
v 0.0767246589 -0.0556270721 0.188622638 0 1 0
v 0.0768180523 -0.0556188387 0.186924444 0 0.501961 1
v 0.0768903141 -0.0556083357 0.18522521 0 0.501961 1
v 0.0769468336 -0.0555965471 0.183525525 0 0.501961 1
v 0.0769479066 -0.0555856725 0.181824762 0 0.501961 1
v 0.0769289853 -0.0555749511 0.1801245 0 0.501961 1
v 0.0768340366 -0.0555675614 0.178426366 0 0.501961 1
v 0.0767111391 -0.0555623244 0.176730518 0 0.501961 1
v 0.0765176276 -0.0555630514 0.175040761 0 0.501961 1
v 0.0762981157 -0.0555664631 0.173354514 0 0.501961 1
v 0.0760371485 -0.0555742678 0.17167387 0 0.501961 1
v 0.0757508724 -0.0555812587 0.169997438 1 0.784314 0
v 0.0754321908 -0.0555847401 0.168326762 1 0.784314 0
v 0.0751172965 -0.0555908387 0.166655379 1 0.784314 0
v 0.0748041234 -0.0555982673 0.164983675 1 0.784314 0
v 0.074504676 -0.0556027006 0.163309488 1 0.784314 0
v 0.0742060859 -0.0556056926 0.161635125 1 0.784314 0
v 0.0739528947 -0.0556159686 0.159953305 1 0.784314 0
v 0.0737060645 -0.0556245271 0.158270614 1 0.784314 0
v 0.0734780188 -0.0556289471 0.156585176 1 0.784314 0
v 0.0732677558 -0.0556343065 0.154897502 1 0.784314 0
v 0.0730747043 -0.0556417742 0.15320771 0.705882 0 1
v 0.0728858481 -0.055650439 0.15151745 0.705882 0 1
v 0.0727148169 -0.0556581843 0.149825322 0.705882 0 1
v 0.0725520274 -0.0556649463 0.148132342 0.705882 0 1
v 0.0723925541 -0.0556727849 0.146439058 0.705882 0 1
v 0.0722315678 -0.0556803772 0.144745909 0.705882 0 1
v 0.0720795977 -0.0556855372 0.14305192 0.705882 0 1
v 0.0719225925 -0.0556880744 0.141358384 0.705882 0 1
v 0.0717677694 -0.0556913801 0.139664646 0.705882 0 1
v 0.071604798 -0.0556935004 0.137971676 0.705882 0 1
v 0.0714465764 -0.0557012513 0.136278267 0 0.862745 0.862745
v 0.0712840828 -0.0557083465 0.134585262 0 0.862745 0.862745
v 0.0711303914 -0.055714452 0.132891456 0 0.862745 0.862745
v 0.0709872035 -0.0557205339 0.131196703 0 0.862745 0.862745
v 0.0708398404 -0.0557252521 0.129502305 0 0.862745 0.862745
v 0.0706977902 -0.0557262152 0.127807445 0 0.862745 0.862745
v 0.0705557496 -0.0557271684 0.126112584 0 0.862745 0.862745
v 0.070412025 -0.0557296778 0.124417868 0 0.862745 0.862745
v 0.0702688456 -0.055732117 0.122723105 0 0.862745 0.862745
v 0.0701224761 -0.0557366343 0.121028621 0 0.862745 0.862745
v 0.0699753137 -0.0557422995 0.119334206 1 0.470588 0
v 0.0698294645 -0.0557425047 0.117639674 1 0.470588 0
v 0.0696843742 -0.0557395544 0.115945075 1 0.470588 0
v 0.0695379685 -0.0557338253 0.114250597 1 0.470588 0
v 0.0693908079 -0.0557253381 0.112556195 1 0.470588 0
v 0.0692527918 -0.055738208 0.110861079 1 0.470588 0
v 0.0691106192 -0.0557517523 0.109166302 1 0.470588 0
v 0.0689634681 -0.0557504545 0.107471882 1 0.470588 0
v 0.0688201647 -0.0557507122 0.105777154 0.470588 1 0
v 0.0686895336 -0.0557559467 0.104081392 0.470588 1 0
v 0.0685545077 -0.0557595065 0.102385989 0.470588 1 0
v 0.0684348725 -0.0557646145 0.100689414 0.470588 1 0
v 0.0682902639 -0.0557626994 0.0989947973 0.470588 1 0
v 0.068147698 -0.0557616404 0.0973000116 0.470588 1 0
v 0.0680139693 -0.0557665398 0.0956044832 0.470588 1 0
v 0.0678830566 -0.0557716401 0.0939087407 0.470588 1 0
v 0.0677529579 -0.0557741197 0.0922129271 0.470588 1 0
v 0.0676110562 -0.0557751392 0.0905180669 0.470588 1 0
v 0.0674834769 -0.0557784885 0.0888220984 1 0 0.705882
v 0.0673499147 -0.0557794564 0.0871265943 1 0 0.705882
v 0.0672189383 -0.0557812897 0.0854308666 1 0 0.705882
v 0.0670839068 -0.0557822865 0.0837354604 1 0 0.705882
v 0.0669487339 -0.0557831839 0.082040054 1 0 0.705882
v 0.0668148842 -0.055784819 0.0803445275 1 0 0.705882
v 0.0666818675 -0.055784356 0.0786489375 1 0 0.705882
v 0.0665504974 -0.0557783115 0.0769532297 1 0 0.705882
v 0.0664080558 -0.0557718535 0.0752584253 0.313725 0.313725 1
v 0.0662637587 -0.0557721222 0.0735637706 0.313725 0.313725 1
v 0.0661078627 -0.0557728205 0.0718701281 0.313725 0.313725 1
v 0.0659498389 -0.0557708956 0.0701767178 0.313725 0.313725 1
v 0.0657837568 -0.0557690239 0.0684840595 0.313725 0.313725 1
v 0.0656310075 -0.0557763306 0.066790146 0.313725 0.313725 1
v 0.0654759903 -0.0557795246 0.0650964687 0.313725 0.313725 1
v 0.0653125196 -0.0557738141 0.0634035501 0.313725 0.313725 1
v 0.0651607684 -0.0557714663 0.0617095847 0.313725 0.313725 1
v 0.0650227962 -0.0557730723 0.0600143886 0.313725 0.313725 1
v 0.0648635807 -0.0557762394 0.0583210803 0.705882 0.470588 0.156863
v 0.0647007687 -0.0557796542 0.056628092 0.705882 0.470588 0.156863
v 0.0645451622 -0.055785402 0.0549344407 0.705882 0.470588 0.156863
v 0.064376186 -0.0557898906 0.0532420743 0.705882 0.470588 0.156863
v 0.0642101051 -0.055792896 0.05154941 0.705882 0.470588 0.156863
v 0.0640391815 -0.0557936171 0.0498572363 0.705882 0.470588 0.156863
v 0.0638723868 -0.055795352 0.0481646565 0.705882 0.470588 0.156863
v 0.0637004064 -0.0557964521 0.0464726021 0.705882 0.470588 0.156863
v 0.0635258575 -0.0557988399 0.0447807886 0.705882 0.470588 0.156863
v 0.063351498 -0.0558023649 0.0430889564 0.705882 0.470588 0.156863
v 0.0631685253 -0.0558039047 0.0413980384 0.470588 0.470588 0.470588
v 0.0629707617 -0.0558019664 0.0397087739 0.470588 0.470588 0.470588
v 0.0627645916 -0.0557983517 0.0380205485 0.470588 0.470588 0.470588
v 0.0625445739 -0.055791743 0.0363340499 0.470588 0.470588 0.470588
v 0.0623148287 -0.0557861814 0.0346488602 0.470588 0.470588 0.470588
v 0.0620932374 -0.0557828743 0.032962558 0.470588 0.470588 0.470588
v 0.0618538238 -0.0557752798 0.0312787707 0.470588 0.470588 0.470588
v 0.0616054543 -0.0557656261 0.0295962285 0.470588 0.470588 0.470588
v 0.0613533584 -0.0557559256 0.0279142413 0.470588 0.470588 0.470588
v 0.0610934846 -0.0557444777 0.0262334678 0.470588 0.470588 0.470588
v 0.060824051 -0.0557306431 0.0245542004 0.470588 0.470588 0.470588
v 0.0605595031 -0.0557185166 0.0228741526 0.470588 0.470588 0.470588
v 0.0603058878 -0.0557093884 0.0211923904 0.470588 0.470588 0.470588
v 0.0429555531 -0.0571835147 0.284220583 1 0 0.705882
v 0.0441510569 -0.0574498372 0.283030568 1 0 0.705882
v 0.045343463 -0.0576496028 0.281826603 1 0 0.705882
v 0.0465403877 -0.057774124 0.280614911 1 0 0.705882
v 0.0477201485 -0.0578289729 0.279382073 1 0 0.705882
v 0.0488898426 -0.0578631103 0.278138291 1 0 0.705882
v 0.0500111748 -0.0578905205 0.276850866 1 0 0.705882
v 0.0511079043 -0.0579101434 0.275541995 1 0 0.705882
v 0.0521545443 -0.0579267844 0.274192769 1 0 0.705882
v 0.0531921373 -0.0579426571 0.272836679 1 0 0.705882
v 0.0541725698 -0.0579546904 0.271438484 0.313725 0.313725 1
v 0.0551448462 -0.0579661204 0.270034795 0.313725 0.313725 1
v 0.0560635679 -0.0579743878 0.268595311 0.313725 0.313725 1
v 0.0569638513 -0.0579815644 0.267144328 0.313725 0.313725 1
v 0.0578259599 -0.057987969 0.265670289 0.313725 0.313725 1
v 0.0586614579 -0.0579907077 0.264180953 0.313725 0.313725 1
v 0.0594559724 -0.0579938974 0.262669418 0.313725 0.313725 1
v 0.060241394 -0.0579981853 0.261153028 0.313725 0.313725 1
v 0.0609720163 -0.0579974354 0.259609571 0.313725 0.313725 1
v 0.0616985898 -0.0579963158 0.258064115 0.313725 0.313725 1
v 0.0623987469 -0.0579891793 0.256506559 0.705882 0.470588 0.156863
v 0.0630797871 -0.0579905741 0.254940505 0.705882 0.470588 0.156863
v 0.0637355268 -0.0579918709 0.253363778 0.705882 0.470588 0.156863
v 0.0643606089 -0.0579768961 0.251774687 0.705882 0.470588 0.156863
v 0.0649607454 -0.0579760189 0.250175882 0.705882 0.470588 0.156863
v 0.0655535053 -0.057979307 0.248574398 0.705882 0.470588 0.156863
v 0.0661088947 -0.0579726511 0.246959517 0.705882 0.470588 0.156863
v 0.0666464169 -0.0579672151 0.245338683 0.705882 0.470588 0.156863
v 0.0671579324 -0.0579597537 0.243709376 0.705882 0.470588 0.156863
v 0.0676472923 -0.0579496547 0.242073539 0.705882 0.470588 0.156863
v 0.0680920379 -0.0579353263 0.2404248 0.470588 0.470588 0.470588
v 0.0685314417 -0.057923595 0.238774645 0.470588 0.470588 0.470588
v 0.0689527616 -0.0579148386 0.237119726 0.470588 0.470588 0.470588
v 0.0693706103 -0.0579056452 0.235463938 0.470588 0.470588 0.470588
v 0.0697821576 -0.0578963163 0.233806565 0.470588 0.470588 0.470588
v 0.0701838461 -0.0578855664 0.232146861 0.470588 0.470588 0.470588
v 0.0705644494 -0.0578749099 0.230482117 0.470588 0.470588 0.470588
v 0.0709352186 -0.0578640077 0.228815231 0.470588 0.470588 0.470588
v 0.0712746355 -0.0578523999 0.227141617 0.470588 0.470588 0.470588
v 0.0716047435 -0.0578407038 0.225466186 0.470588 0.470588 0.470588
v 0.0719087995 -0.0578280568 0.223785793 1 0 0
v 0.0722069458 -0.0578140993 0.222104351 1 0 0
v 0.0724939668 -0.0578030884 0.22042095 1 0 0
v 0.0727837279 -0.0577948086 0.218738002 1 0 0
v 0.0730663361 -0.0577853097 0.217053864 1 0 0
v 0.0733464646 -0.057775644 0.215369293 1 0 0
v 0.0736208424 -0.0577612795 0.213683818 1 0 0
v 0.0738678187 -0.0577464689 0.211994108 1 0 0
v 0.0741057535 -0.0577454314 0.210303035 1 0 0
v 0.0743253754 -0.0577386512 0.208609581 1 0 0
v 0.0745193581 -0.0577305563 0.206912923 1 0 0
v 0.0747078849 -0.05772172 0.205215676 1 0 0
v 0.0748829926 -0.0577119456 0.203516975 0 1 0
v 0.0750575841 -0.0577022066 0.201818221 0 1 0
v 0.0752290144 -0.0576928307 0.200119143 0 1 0
v 0.0753991341 -0.0576845234 0.198419929 0 1 0
v 0.0755617935 -0.0576776496 0.19671998 0 1 0
v 0.0757156204 -0.0576702028 0.19501924 0 1 0
v 0.0758518421 -0.0576628388 0.193316972 0 1 0
v 0.0759753133 -0.0576545702 0.191613744 0 1 0
v 0.0760877796 -0.0576443044 0.189909756 0 1 0
v 0.0761895334 -0.0576409521 0.188205068 0 1 0
v 0.0762677863 -0.0576343304 0.186499165 0 0.501961 1
v 0.0763300042 -0.0576214221 0.184792623 0 0.501961 1
v 0.0763696549 -0.0576092398 0.183085573 0 0.501961 1
v 0.07637715 -0.057600268 0.181377883 0 0.501961 1
v 0.0763367357 -0.0575914226 0.179671299 0 0.501961 1
v 0.0762356345 -0.0575829158 0.177966589 0 0.501961 1
v 0.0760860508 -0.0575799306 0.176265994 0 0.501961 1
v 0.0758904671 -0.0575807053 0.174569518 0 0.501961 1
v 0.0756448457 -0.0575851043 0.172879801 0 0.501961 1
v 0.0753708253 -0.0575901618 0.171194208 0 0.501961 1
v 0.0750750218 -0.0575988901 0.169512346 1 0.784314 0
v 0.0747684124 -0.057606647 0.167832388 1 0.784314 0
v 0.0744657667 -0.0576173807 0.166151758 1 0.784314 0
v 0.0741523219 -0.0576234249 0.164473104 1 0.784314 0
v 0.0738680967 -0.0576310315 0.162789209 1 0.784314 0
v 0.0735911879 -0.0576382924 0.161104241 1 0.784314 0
v 0.0733279341 -0.0576457304 0.15941695 1 0.784314 0
v 0.0730937051 -0.0576527929 0.157725544 1 0.784314 0
v 0.0728795264 -0.0576591426 0.156031332 1 0.784314 0
v 0.072685022 -0.0576657584 0.154334728 1 0.784314 0
v 0.0725001947 -0.0576751479 0.152637082 0.705882 0 1
v 0.0723185904 -0.0576849896 0.150939071 0.705882 0 1
v 0.0721483434 -0.0576913743 0.149239892 0.705882 0 1
v 0.0719845211 -0.0576954873 0.147540042 0.705882 0 1
v 0.0718336702 -0.0577066 0.14583903 0.705882 0 1
v 0.0716771539 -0.057716147 0.144138532 0.705882 0 1
v 0.0715325346 -0.0577216767 0.142436956 0.705882 0 1
v 0.0713749656 -0.0577242194 0.140736514 0.705882 0 1
v 0.071209452 -0.0577289663 0.139036836 0.705882 0 1
v 0.0710507089 -0.0577338291 0.137336521 0.705882 0 1
v 0.0708892902 -0.0577399585 0.135636457 0 0.862745 0.862745
v 0.0707301815 -0.057745769 0.133936174 0 0.862745 0.862745
v 0.0705774124 -0.0577509338 0.132235301 0 0.862745 0.862745
v 0.0704349025 -0.0577574927 0.130533542 0 0.862745 0.862745
v 0.0702973119 -0.0577658152 0.128831384 0 0.862745 0.862745
v 0.0701559702 -0.0577678265 0.127129516 0 0.862745 0.862745
v 0.0700164372 -0.057772741 0.125427502 0 0.862745 0.862745
v 0.0698730614 -0.057776012 0.123725807 0 0.862745 0.862745
v 0.0697303512 -0.0577789893 0.122024053 0 0.862745 0.862745
v 0.0695846897 -0.0577833567 0.120322555 0 0.862745 0.862745
v 0.0694418507 -0.0577849276 0.118620813 1 0.470588 0
v 0.0692992926 -0.0577842375 0.116919044 1 0.470588 0
v 0.0691537681 -0.0577858616 0.115217528 1 0.470588 0
v 0.0690096817 -0.0577841135 0.113515898 1 0.470588 0
v 0.0688725558 -0.0577865953 0.111813693 1 0.470588 0
v 0.0687312999 -0.0577967609 0.110111864 1 0.470588 0
v 0.068596109 -0.0577982078 0.108409494 1 0.470588 0
v 0.0684601086 -0.0577998056 0.106707197 1 0.470588 0
v 0.0683171919 -0.0578022701 0.105005483 0.470588 1 0
v 0.0681751321 -0.0578047257 0.103303728 0.470588 1 0
v 0.0680456929 -0.0578084488 0.101600959 0.470588 1 0
v 0.0679138369 -0.0578087991 0.0998983386 0.470588 1 0
v 0.0677884633 -0.0578080487 0.0981952166 0.470588 1 0
v 0.0676506282 -0.0578116045 0.0964931177 0.470588 1 0
v 0.0675111995 -0.0578181561 0.0947911011 0.470588 1 0
v 0.0673713495 -0.0578208441 0.0930891125 0.470588 1 0
v 0.067233258 -0.0578220055 0.0913869747 0.470588 1 0
v 0.0670945598 -0.0578226252 0.0896849294 0.470588 1 0
v 0.0669679359 -0.0578247168 0.0879819629 1 0 0.705882
v 0.0668239897 -0.057823047 0.0862803193 1 0 0.705882
v 0.0666896582 -0.0578251696 0.0845779284 1 0 0.705882
v 0.0665395123 -0.0578248418 0.0828768274 1 0 0.705882
v 0.0664031475 -0.0578260052 0.0811745517 1 0 0.705882
v 0.0662637801 -0.0578266108 0.0794725179 1 0 0.705882
v 0.066122308 -0.0578263228 0.0777706588 1 0 0.705882
v 0.0659802475 -0.0578207395 0.0760688719 1 0 0.705882
v 0.065849155 -0.0578254342 0.0743661868 0.313725 0.313725 1
v 0.0656984607 -0.0578204368 0.0726652029 0.313725 0.313725 1
v 0.0655357229 -0.0578100524 0.0709653343 0.313725 0.313725 1
v 0.0653889983 -0.0578098849 0.0692639185 0.313725 0.313725 1
v 0.0652325656 -0.0578132308 0.0675634177 0.313725 0.313725 1
v 0.0650593359 -0.0578174003 0.0658645011 0.313725 0.313725 1
v 0.0649110106 -0.057816579 0.0641632654 0.313725 0.313725 1
v 0.0647515177 -0.0578108748 0.0624630542 0.313725 0.313725 1
v 0.0646018264 -0.0578167303 0.0607619448 0.313725 0.313725 1
v 0.0644381761 -0.0578176302 0.0590620838 0.313725 0.313725 1
v 0.0642945226 -0.0578243095 0.0573604191 0.705882 0.470588 0.156863
v 0.0641432714 -0.0578297428 0.0556594367 0.705882 0.470588 0.156863
v 0.0639845548 -0.0578346179 0.0539591262 0.705882 0.470588 0.156863
v 0.0638160768 -0.0578361049 0.0522597342 0.705882 0.470588 0.156863
v 0.0636629132 -0.0578421019 0.0505588966 0.705882 0.470588 0.156863
v 0.0634915924 -0.0578432691 0.0488598144 0.705882 0.470588 0.156863
v 0.063324719 -0.0578444545 0.0471602674 0.705882 0.470588 0.156863
v 0.0631593084 -0.0578474386 0.0454606044 0.705882 0.470588 0.156863
v 0.0629950369 -0.0578544184 0.0437608771 0.705882 0.470588 0.156863
v 0.0628140412 -0.0578564345 0.0420627664 0.705882 0.470588 0.156863
v 0.0626307395 -0.0578574863 0.0403649126 0.470588 0.470588 0.470588
v 0.0624179599 -0.0578509196 0.0386705106 0.470588 0.470588 0.470588
v 0.062202291 -0.0578439012 0.0369764749 0.470588 0.470588 0.470588
v 0.0424769323 -0.0592280848 0.284076891 0 1 0
v 0.0436867771 -0.0594852233 0.282886348 0 1 0
v 0.0449120577 -0.0597015341 0.281703259 0 1 0
v 0.0461180571 -0.0598233086 0.28048837 0 1 0
v 0.0473181397 -0.0598755487 0.279261636 0 1 0
v 0.0484923971 -0.0599155923 0.278010318 0 1 0
v 0.0496194549 -0.059944546 0.276715441 0 1 0
v 0.0507465127 -0.0599734997 0.275420564 0 1 0
v 0.0517967477 -0.0599896572 0.274062563 0 1 0
v 0.0528436652 -0.0600053496 0.272701856 0 1 0
v 0.0538465834 -0.0600187705 0.271308821 0 0.501961 1
v 0.0548169421 -0.0600321861 0.269892485 0 0.501961 1
v 0.0557429376 -0.0600399432 0.268446963 0 0.501961 1
v 0.0566493824 -0.0600464048 0.266988915 0 0.501961 1
v 0.0575110357 -0.0600529641 0.265503994 0 0.501961 1
v 0.0583563912 -0.0600589028 0.264009739 0 0.501961 1
v 0.059156615 -0.0600625309 0.262490735 0 0.501961 1
v 0.0599328471 -0.0600655153 0.26095946 0 0.501961 1
v 0.0606821188 -0.0600663968 0.259414664 0 0.501961 1
v 0.0614057991 -0.06006264 0.25785787 0 0.501961 1
v 0.06210898 -0.0600544286 0.256291577 1 0.784314 0
v 0.0627886785 -0.060050225 0.254715176 1 0.784314 0
v 0.0634373521 -0.0600522204 0.253125515 1 0.784314 0
v 0.0640669916 -0.0600498267 0.251528355 1 0.784314 0
v 0.0646680365 -0.0600473872 0.249920082 1 0.784314 0
v 0.0652442128 -0.0600398932 0.248302845 1 0.784314 0
v 0.0658008846 -0.0600318955 0.246678697 1 0.784314 0
v 0.0663275711 -0.0600264849 0.245044613 1 0.784314 0
v 0.0668398974 -0.060018291 0.243405937 1 0.784314 0
v 0.067304442 -0.0600051356 0.241753265 1 0.784314 0
v 0.0677517142 -0.0599901671 0.240095704 0.705882 0 1
v 0.0681786685 -0.0599766019 0.238432804 0.705882 0 1
v 0.068600775 -0.0599655933 0.236768621 0.705882 0 1
v 0.0690079347 -0.0599528483 0.235100745 0.705882 0 1
v 0.069415758 -0.0599409325 0.233433017 0.705882 0 1
v 0.0697975171 -0.0599266041 0.231759169 0.705882 0 1
v 0.0701776162 -0.059912972 0.230084912 0.705882 0 1
v 0.0705293207 -0.059901485 0.228404472 0.705882 0 1
v 0.0708780068 -0.0598899227 0.226723374 0.705882 0 1
v 0.0711903724 -0.0598777398 0.225035199 0.705882 0 1
v 0.0714942584 -0.0598641869 0.223345443 0 0.862745 0.862745
v 0.0717821657 -0.0598516749 0.221652899 0 0.862745 0.862745
v 0.0720663997 -0.0598390903 0.219959721 0 0.862745 0.862745
v 0.0723418624 -0.0598256429 0.218265101 0 0.862745 0.862745
v 0.0726219872 -0.0598152652 0.21657124 0 0.862745 0.862745
v 0.0728916535 -0.0598035165 0.214875713 0 0.862745 0.862745
v 0.0731476978 -0.0597924238 0.213178035 0 0.862745 0.862745
v 0.0734021983 -0.0597819668 0.211480117 0 0.862745 0.862745
v 0.0736182966 -0.0597706655 0.209776927 0 0.862745 0.862745
v 0.0738309409 -0.0597593528 0.208073266 0 0.862745 0.862745
v 0.074016818 -0.0597476111 0.20636652 1 0.470588 0
v 0.0741922803 -0.0597325238 0.204658659 1 0.470588 0
v 0.074368399 -0.0597221342 0.202950831 1 0.470588 0
v 0.074545619 -0.0597119156 0.201243116 1 0.470588 0
v 0.0747206059 -0.0597021963 0.199535169 1 0.470588 0
v 0.0748882849 -0.0596965809 0.197826469 1 0.470588 0
v 0.0750485606 -0.0596896458 0.196117077 1 0.470588 0
v 0.0751828044 -0.0596805491 0.194405442 1 0.470588 0
v 0.0753133774 -0.0596718166 0.192693531 1 0.470588 0
v 0.0754274679 -0.0596630465 0.190980435 1 0.470588 0
v 0.0755308215 -0.0596537138 0.189266688 0.470588 1 0
v 0.0756202807 -0.059647584 0.187552117 0.470588 1 0
v 0.0756932747 -0.0596385461 0.185836796 0.470588 1 0
v 0.0757485058 -0.0596242589 0.184120835 0.470588 1 0
v 0.07577476 -0.0596158295 0.182404232 0.470588 1 0
v 0.0757795662 -0.0596066567 0.180687362 0.470588 1 0
v 0.0757050474 -0.0595993393 0.178972532 0.470588 1 0
v 0.07559632 -0.059589151 0.177259094 0.470588 1 0
v 0.0754014384 -0.0595889804 0.175553384 0.470588 1 0
v 0.0751876016 -0.0595885433 0.173849973 0.470588 1 0
v 0.0749107213 -0.0595931555 0.172155574 1 0 0.705882
v 0.0746219451 -0.0595981086 0.170463136 1 0 0.705882
v 0.0743306502 -0.0596111921 0.168771183 1 0 0.705882
v 0.0740266087 -0.0596211874 0.167081445 1 0 0.705882
v 0.0737187456 -0.0596304769 0.165392388 1 0 0.705882
v 0.0734377486 -0.0596424745 0.163698765 1 0 0.705882
v 0.0731472123 -0.0596488024 0.162006661 1 0 0.705882
v 0.0728929327 -0.0596597642 0.160308761 1 0 0.705882
v 0.0726339107 -0.059666399 0.158611682 1 0 0.705882
v 0.0724359969 -0.0596783143 0.156906251 1 0 0.705882
v 0.0722300698 -0.0596864281 0.15520179 0.313725 0.313725 1
v 0.072034035 -0.0596965475 0.153496131 0.313725 0.313725 1
v 0.0718518714 -0.0597062626 0.151788957 0.313725 0.313725 1
v 0.0716744366 -0.0597099389 0.150081237 0.313725 0.313725 1
v 0.071524608 -0.0597168259 0.14837089 0.313725 0.313725 1
v 0.0713697596 -0.059725242 0.146661024 0.313725 0.313725 1
v 0.0712203506 -0.0597362766 0.144950687 0.313725 0.313725 1
v 0.0710675359 -0.0597438009 0.143240634 0.313725 0.313725 1
v 0.0708968594 -0.0597442101 0.141532221 0.313725 0.313725 1
v 0.0707518635 -0.0597567008 0.139821537 0.313725 0.313725 1
v 0.0706037005 -0.0597673406 0.13811111 0.705882 0.470588 0.156863
v 0.070438629 -0.0597687608 0.136402147 0.705882 0.470588 0.156863
v 0.0702824182 -0.0597740233 0.134692379 0.705882 0.470588 0.156863
v 0.0701244251 -0.0597785492 0.132982752 0.705882 0.470588 0.156863
v 0.0699749585 -0.0597844538 0.131272384 0.705882 0.470588 0.156863
v 0.0698365003 -0.0597927957 0.129561079 0.705882 0.470588 0.156863
v 0.0696966432 -0.0597990118 0.127849883 0.705882 0.470588 0.156863
v 0.0695543826 -0.059802794 0.126138875 0.705882 0.470588 0.156863
v 0.0694120624 -0.0598068207 0.124427871 0.705882 0.470588 0.156863
v 0.0692673125 -0.0598090682 0.122717069 0.705882 0.470588 0.156863
v 0.0691213322 -0.0598115086 0.121006371 0.470588 0.470588 0.470588
v 0.0689752944 -0.0598143874 0.119295681 0.470588 0.470588 0.470588
v 0.0688314309 -0.0598143563 0.117584803 0.470588 0.470588 0.470588
v 0.068688152 -0.0598143905 0.115873879 0.470588 0.470588 0.470588
v 0.0685418383 -0.059816852 0.114163216 0.470588 0.470588 0.470588
v 0.0684045199 -0.0598187901 0.112451803 0.470588 0.470588 0.470588
v 0.0682631638 -0.0598216165 0.110740718 0.470588 0.470588 0.470588
v 0.0681207602 -0.0598249367 0.109029725 0.470588 0.470588 0.470588
v 0.0679741862 -0.0598248502 0.107319078 1 0 0
v 0.0678292262 -0.0598282149 0.105608294 1 0 0
v 0.0676872252 -0.0598309276 0.103897321 1 0 0
v 0.0675738955 -0.059839349 0.102184169 1 0 0
v 0.067440705 -0.059841913 0.100472512 1 0 0
v 0.0672871549 -0.0598359288 0.0987625075 1 0 0
v 0.0671534255 -0.0598392244 0.0970509527 1 0 0
v 0.0670333359 -0.0598498902 0.0953383054 1 0 0
v 0.0668892255 -0.0598492431 0.0936274472 1 0 0
v 0.0667469414 -0.0598493185 0.0919164405 1 0 0
v 0.0665949788 -0.059847192 0.0902062631 0 1 0
v 0.0664617058 -0.0598485583 0.0884946214 0 1 0
v 0.0663303756 -0.0598487677 0.0867828095 0 1 0
v 0.0661979964 -0.05985244 0.0850710704 0 1 0
v 0.0660741468 -0.0598610386 0.0833586673 0 1 0
v 0.0659263556 -0.0598586556 0.0816481278 0 1 0
v 0.0657771643 -0.059855246 0.0799377094 0 1 0
v 0.0656249491 -0.0598519779 0.0782275563 0 1 0
v 0.0654744283 -0.0598508306 0.0765172527 0 0.501961 1
v 0.0653255959 -0.0598491198 0.0748067998 0 0.501961 1
v 0.0651830642 -0.0598458023 0.0730958197 0 0.501961 1
v 0.0650435048 -0.0598417255 0.0713845926 0 0.501961 1
v 0.06487698 -0.0598393319 0.069675792 0 0.501961 1
v 0.0647113731 -0.0598383198 0.0679669109 0 0.501961 1
v 0.0645560733 -0.059842325 0.0662570657 0 0.501961 1
v 0.0643991967 -0.0598409684 0.0645473512 0 0.501961 1
v 0.0642394087 -0.0598363821 0.0628379253 0 0.501961 1
v 0.0640894106 -0.0598411164 0.0611276287 0 0.501961 1
v 0.0639318704 -0.0598454023 0.0594179729 0 0.501961 1
v 0.0637942198 -0.0598543347 0.05770666 0 0.501961 1
v 0.06364233 -0.0598581874 0.0559964791 1 0.784314 0
v 0.0634917902 -0.0598637699 0.0542861842 1 0.784314 0
v 0.0633398565 -0.059869493 0.0525760234 1 0.784314 0
v 0.0631769376 -0.0598734082 0.0508668704 1 0.784314 0
v 0.0630117762 -0.0598771785 0.04915792 1 0.784314 0
v 0.0628661422 -0.0598826235 0.0474472048 1 0.784314 0
v 0.0627137827 -0.0598881006 0.0457371097 0.705882 0 1
v 0.0420044776 -0.0612735485 0.283923852 0 1 0
v 0.0432339957 -0.0615058061 0.282748612 0 1 0
v 0.044458573 -0.0617308353 0.281566722 0 1 0
v 0.0456840739 -0.0618756127 0.280374729 0 1 0
v 0.0468864185 -0.0619348185 0.27915092 0 1 0
v 0.0480699451 -0.0619754471 0.277908263 0 1 0
v 0.0492170366 -0.0620060303 0.276631724 0 1 0
v 0.0503299083 -0.0620310807 0.275325049 0 1 0
v 0.0514113194 -0.062049678 0.273992201 0 1 0
v 0.0524535169 -0.0620659222 0.272628162 0 1 0
v 0.0534651626 -0.0620832326 0.271241598 0 0.501961 1
v 0.0544304436 -0.0620966333 0.26982204 0 0.501961 1
v 0.0553656892 -0.0621077871 0.268383037 0 0.501961 1
v 0.056248836 -0.0621151196 0.266910934 0 0.501961 1
v 0.0571319828 -0.062122452 0.26543883 0 0.501961 1
v 0.0579760683 -0.0621273368 0.263944632 0 0.501961 1
v 0.0587841891 -0.06212995 0.262430028 0 0.501961 1
v 0.0595619879 -0.0621315915 0.260899829 0 0.501961 1
v 0.0603132332 -0.0621320659 0.259356222 0 0.501961 1
v 0.0610311703 -0.0621305992 0.257796921 0 0.501961 1
v 0.0617364164 -0.0621246411 0.256231785 1 0.784314 0
v 0.0623980647 -0.062121137 0.254647724 1 0.784314 0
v 0.0630506458 -0.0621192127 0.253059945 1 0.784314 0
v 0.063668429 -0.0621110677 0.251458268 1 0.784314 0
v 0.064272851 -0.0621031263 0.249851645 1 0.784314 0
v 0.0648424737 -0.062093204 0.248232225 1 0.784314 0
v 0.0653941989 -0.0620854931 0.246606762 1 0.784314 0
v 0.0659188768 -0.0620807931 0.244972203 1 0.784314 0
v 0.0664259626 -0.0620736748 0.243332413 1 0.784314 0
v 0.0668808906 -0.0620579326 0.241677153 1 0.784314 0
v 0.0673283458 -0.0620425302 0.240019934 0.705882 0 1
v 0.0677469025 -0.062028369 0.238355093 0.705882 0 1
v 0.0681632733 -0.0620138907 0.236689721 0.705882 0 1
v 0.0685649802 -0.0619990044 0.23502074 0.705882 0 1
v 0.0689540896 -0.0619841098 0.233348844 0.705882 0 1
v 0.0693300618 -0.0619687983 0.231673884 0.705882 0 1
v 0.0696863559 -0.0619494963 0.229994853 0.705882 0 1
v 0.0700254402 -0.0619318338 0.228312085 0.705882 0 1
v 0.0703655111 -0.0619191082 0.226629488 0.705882 0 1
v 0.0706800119 -0.0619052557 0.224941889 0.705882 0 1
v 0.0709798166 -0.0618920813 0.223251632 0 0.862745 0.862745
v 0.0712645051 -0.061880301 0.221558733 0 0.862745 0.862745
v 0.0715468322 -0.0618680394 0.219865447 0 0.862745 0.862745
v 0.071814644 -0.0618522003 0.21816983 0 0.862745 0.862745
v 0.0720777998 -0.0618373739 0.21647348 0 0.862745 0.862745
v 0.0723386424 -0.0618234578 0.21477676 0 0.862745 0.862745
v 0.0725940944 -0.0618114254 0.213079229 0 0.862745 0.862745
v 0.0728219796 -0.0617954634 0.211377787 0 0.862745 0.862745
v 0.0730442373 -0.0617829226 0.209675585 0 0.862745 0.862745
v 0.0732490528 -0.0617708886 0.207971224 0 0.862745 0.862745
v 0.0734353394 -0.0617568428 0.206264721 1 0.470588 0
v 0.073615721 -0.0617435357 0.204557566 1 0.470588 0
v 0.0737881178 -0.0617324425 0.202849576 1 0.470588 0
v 0.0739576758 -0.0617212238 0.201141298 1 0.470588 0
v 0.0741257451 -0.0617109409 0.199432867 1 0.470588 0
v 0.0742904294 -0.0617023726 0.197724099 1 0.470588 0
v 0.0744410591 -0.0616944319 0.196014058 1 0.470588 0
v 0.0745815395 -0.0616856176 0.194303129 1 0.470588 0
v 0.0747068598 -0.0616780137 0.192591051 1 0.470588 0
v 0.0748165238 -0.0616690117 0.190877872 1 0.470588 0
v 0.0749091073 -0.0616580512 0.189163733 0.470588 1 0
v 0.0749912103 -0.0616461334 0.187449029 0.470588 1 0
v 0.0750556893 -0.0616352176 0.185733585 0.470588 1 0
v 0.0751128405 -0.0616225491 0.184017879 0.470588 1 0
v 0.0751405263 -0.0616137799 0.182301514 0.470588 1 0
v 0.0751438635 -0.0616061265 0.180584831 0.470588 1 0
v 0.0750715556 -0.0615985072 0.178870339 0.470588 1 0
v 0.0749642875 -0.0615905951 0.177157067 0.470588 1 0
v 0.0747464476 -0.0615847731 0.17545427 0.470588 1 0
v 0.0745090666 -0.0615806055 0.173754254 0.470588 1 0
v 0.0742306944 -0.0615844042 0.172060269 1 0 0.705882
v 0.0739425655 -0.0615913005 0.17036795 1 0 0.705882
v 0.0736435663 -0.0616010699 0.168677508 1 0 0.705882
v 0.0733524682 -0.0616150863 0.166985728 1 0 0.705882
v 0.0730600796 -0.0616294289 0.165294192 1 0 0.705882
v 0.0727772321 -0.0616384026 0.163601011 1 0 0.705882
v 0.0724971778 -0.0616464576 0.161907425 1 0 0.705882
v 0.072257585 -0.0616641194 0.160207623 1 0 0.705882
v 0.0720011824 -0.061670977 0.158510396 1 0 0.705882
v 0.0718007671 -0.061682808 0.156805468 1 0 0.705882
v 0.0716023936 -0.0616950822 0.155100322 0.313725 0.313725 1
v 0.0714195243 -0.0617084016 0.153393433 0.313725 0.313725 1
v 0.0712487763 -0.0617178196 0.151685304 0.313725 0.313725 1
v 0.0710896643 -0.0617261267 0.149976005 0.313725 0.313725 1
v 0.0709309385 -0.0617361305 0.148266747 0.313725 0.313725 1
v 0.0707677327 -0.0617441464 0.146557849 0.313725 0.313725 1
v 0.0706137126 -0.0617483309 0.144848117 0.313725 0.313725 1
v 0.070458253 -0.0617520874 0.143138489 0.313725 0.313725 1
v 0.0703069054 -0.0617594171 0.141428497 0.313725 0.313725 1
v 0.0701518704 -0.0617680793 0.139718866 0.313725 0.313725 1
v 0.0699970134 -0.0617776013 0.138009182 0.705882 0.470588 0.156863
v 0.0698410591 -0.0617839867 0.136299603 0.705882 0.470588 0.156863
v 0.0696934802 -0.0617929567 0.134589272 0.705882 0.470588 0.156863
v 0.0695440578 -0.0617999934 0.132879106 0.705882 0.470588 0.156863
v 0.0694021581 -0.061807099 0.131168285 0.705882 0.470588 0.156863
v 0.0692609763 -0.0618138795 0.129457406 0.705882 0.470588 0.156863
v 0.0691181375 -0.0618155371 0.12774665 0.705882 0.470588 0.156863
v 0.0689753924 -0.0618175289 0.126035887 0.705882 0.470588 0.156863
v 0.0688321351 -0.0618200736 0.124325168 0.705882 0.470588 0.156863
v 0.0686888428 -0.0618225639 0.122614451 0.705882 0.470588 0.156863
v 0.0685417609 -0.0618273021 0.120904061 0.470588 0.470588 0.470588
v 0.0683913745 -0.0618315514 0.119193957 0.470588 0.470588 0.470588
v 0.0682464745 -0.0618301382 0.117483378 0.470588 0.470588 0.470588
v 0.0681027049 -0.0618276128 0.115772701 0.470588 0.470588 0.470588
v 0.0679624976 -0.0618286099 0.114061729 0.470588 0.470588 0.470588
v 0.067822752 -0.0618295109 0.112350717 0.470588 0.470588 0.470588
v 0.0676774115 -0.0618327166 0.110640176 0.470588 0.470588 0.470588
v 0.0675301278 -0.06183648 0.108929801 0.470588 0.470588 0.470588
v 0.0673826345 -0.061837482 0.107219443 1 0 0
v 0.0672321819 -0.0618391284 0.10550934 1 0 0
v 0.0670903882 -0.0618421337 0.103798528 1 0 0
v 0.0669486567 -0.061842304 0.102087708 1 0 0
v 0.0668160925 -0.0618450121 0.100376201 1 0 0
v 0.0666851555 -0.0618479477 0.0986645886 1 0 0
v 0.0665445443 -0.0618488088 0.0969537213 1 0 0
v 0.066390027 -0.0618460632 0.095243991 1 0 0
v 0.0662602038 -0.0618496908 0.0935322086 1 0 0
v 0.066120218 -0.061850467 0.0918212212 1 0 0
v 0.0659887247 -0.0618545832 0.0901095601 0 1 0
v 0.065853816 -0.0618559977 0.0883981777 0 1 0
v 0.0657289532 -0.061859307 0.0866860183 0 1 0
v 0.0655892772 -0.0618592531 0.0849750423 0 1 0
v 0.0654468633 -0.0618607092 0.0832642508 0 1 0
v 0.0653011247 -0.0618596023 0.0815537435 0 1 0
v 0.0651529329 -0.0618544377 0.07984345 0 1 0
v 0.0650031437 -0.0618506202 0.0781332942 0 1 0
v 0.0648544906 -0.061851788 0.0764230333 0 0.501961 1
v 0.0647058303 -0.0618528271 0.074712773 0 0.501961 1
v 0.064554324 -0.0618495232 0.0730027788 0 0.501961 1
v 0.0643985899 -0.0618462184 0.0712931509 0 0.501961 1
v 0.0642487714 -0.0618482824 0.0695829966 0 0.501961 1
v 0.0640915936 -0.0618478242 0.0678735017 0 0.501961 1
v 0.0639442052 -0.0618497196 0.0661631324 0 0.501961 1
v 0.0637874778 -0.0618484975 0.0644536191 0 0.501961 1
v 0.063620782 -0.0618440485 0.0627450278 0 0.501961 1
v 0.0634872258 -0.0618521302 0.0610335601 0 0.501961 1
v 0.0633336363 -0.061856766 0.0593237868 0 0.501961 1
v 0.0632014139 -0.0618670814 0.057612229 0 0.501961 1
v 0.0630663783 -0.0618760437 0.0559008736 1 0.784314 0
v 0.062917576 -0.0618836091 0.0541906825 1 0.784314 0
v 0.0627575072 -0.0618873106 0.0524814559 1 0.784314 0
v 0.0626104225 -0.0618955606 0.0507711 1 0.784314 0
v 0.0624682491 -0.0619055311 0.0490603169 0.705882 0 1
v 0.0415520691 -0.0633219175 0.28374043 0 1 0
v 0.0427943812 -0.0635692849 0.282575891 0 1 0
v 0.0440329342 -0.0638000694 0.281404752 0 1 0
v 0.0452617599 -0.0639030878 0.280204729 0 1 0
v 0.0464900011 -0.0640062732 0.279004231 0 1 0
v 0.0476686658 -0.0640379716 0.277751115 0 1 0
v 0.0488453096 -0.0640685162 0.276496022 0 1 0
v 0.0499617423 -0.0640923939 0.275187315 0 1 0
v 0.0510574232 -0.0641120002 0.27386079 0 1 0
v 0.0520955541 -0.0641295452 0.272488892 0 1 0
v 0.0531190028 -0.064147225 0.271105808 0 0.501961 1
v 0.0540843125 -0.0641603824 0.269682303 0 0.501961 1
v 0.055022087 -0.0641715302 0.268239689 0 0.501961 1
v 0.0559355589 -0.0641810004 0.266781959 0 0.501961 1
v 0.0568121204 -0.0641879924 0.265301327 0 0.501961 1
v 0.0576484298 -0.0641919984 0.263797818 0 0.501961 1
v 0.0584639369 -0.0641947847 0.262282779 0 0.501961 1
v 0.0592297867 -0.0641958914 0.260741951 0 0.501961 1
v 0.0599822183 -0.0641957571 0.259194698 0 0.501961 1
v 0.0606961148 -0.0641934481 0.257629122 0 0.501961 1
v 0.0613902332 -0.0641827357 0.256054869 1 0.784314 0
v 0.062055614 -0.0641737934 0.254468106 1 0.784314 0
v 0.0626935082 -0.0641699389 0.252870166 1 0.784314 0
v 0.0633152971 -0.0641632299 0.2512658 1 0.784314 0
v 0.063905274 -0.0641600283 0.249649504 1 0.784314 0
v 0.0644807392 -0.0641539723 0.248027977 1 0.784314 0
v 0.065026092 -0.0641449447 0.246396049 1 0.784314 0
v 0.0655439763 -0.0641347716 0.244755347 1 0.784314 0
v 0.0660340624 -0.0641203242 0.243106095 1 0.784314 0
v 0.0664975405 -0.0641016671 0.241449133 1 0.784314 0
v 0.0669281718 -0.0640863833 0.239783451 0.705882 0 1
v 0.067343918 -0.0640724343 0.238113828 0.705882 0 1
v 0.0677513727 -0.0640572722 0.236442208 0.705882 0 1
v 0.0681398565 -0.0640398933 0.234766064 0.705882 0 1
v 0.068519153 -0.0640238313 0.233087814 0.705882 0 1
v 0.0688859708 -0.0640057138 0.231406872 0.705882 0 1
v 0.0692210373 -0.0639825378 0.229719312 0.705882 0 1
v 0.0695531387 -0.0639586917 0.228031177 0.705882 0 1
v 0.0698805069 -0.0639453424 0.226342068 0.705882 0 1
v 0.0701883857 -0.0639299891 0.224649255 0.705882 0 1
v 0.0704724894 -0.0639118023 0.222952345 0 0.862745 0.862745
v 0.0707483821 -0.0638971699 0.221254008 0 0.862745 0.862745
v 0.0710247546 -0.0638835378 0.21955574 0 0.862745 0.862745
v 0.071301454 -0.0638705868 0.21785752 0 0.862745 0.862745
v 0.071558704 -0.0638539792 0.216156299 0 0.862745 0.862745
v 0.071808437 -0.0638352676 0.214453958 0 0.862745 0.862745
v 0.0720354566 -0.0638136791 0.21274849 0 0.862745 0.862745
v 0.0722653238 -0.0637996734 0.211043308 0 0.862745 0.862745
v 0.0724768384 -0.0637862925 0.20933581 0 0.862745 0.862745
v 0.0726718697 -0.0637721741 0.207626294 0 0.862745 0.862745
v 0.0728612901 -0.0637581407 0.205916169 1 0.470588 0
v 0.0730333724 -0.0637436087 0.204204194 1 0.470588 0
v 0.0732054901 -0.0637331004 0.202492197 1 0.470588 0
v 0.0733720321 -0.0637243281 0.200779646 1 0.470588 0
v 0.0735297838 -0.0637123995 0.199066271 1 0.470588 0
v 0.0736866672 -0.0637003714 0.19735282 1 0.470588 0
v 0.073827245 -0.0636897677 0.195637947 1 0.470588 0
v 0.0739587189 -0.0636788079 0.193922357 1 0.470588 0
v 0.074073873 -0.0636679542 0.192205586 1 0.470588 0
v 0.074181579 -0.0636579432 0.190488349 1 0.470588 0
v 0.0742713542 -0.0636464118 0.188770068 0.470588 1 0
v 0.0743534878 -0.0636341216 0.187051468 0.470588 1 0
v 0.0744062353 -0.063619976 0.185331672 0.470588 1 0
v 0.0744574275 -0.0636058264 0.183611846 0.470588 1 0
v 0.0744692516 -0.0635946201 0.181891271 0.470588 1 0
v 0.0744749375 -0.0635898915 0.180170624 0.470588 1 0
v 0.0743729738 -0.0635790295 0.178453268 0.470588 1 0
v 0.0742140417 -0.0635683341 0.176740479 0.470588 1 0
v 0.0740047546 -0.0635649634 0.175032594 0.470588 1 0
v 0.0737431141 -0.0635622796 0.173332295 0.470588 1 0
v 0.0734502755 -0.0635606256 0.171636735 1 0 0.705882
v 0.0731631467 -0.0635720474 0.169940249 1 0 0.705882
v 0.0728724669 -0.063584521 0.168244386 1 0 0.705882
v 0.0725729077 -0.0635944271 0.166550041 1 0 0.705882
v 0.0722836992 -0.0636053666 0.164853968 1 0 0.705882
v 0.0720127767 -0.0636185037 0.163154819 1 0 0.705882
v 0.0717561841 -0.0636326939 0.161453587 1 0 0.705882
v 0.0715016201 -0.0636474533 0.159751923 1 0 0.705882
v 0.0712840865 -0.0636654164 0.158045345 1 0 0.705882
v 0.0710891118 -0.0636799681 0.156335826 1 0 0.705882
v 0.0709049444 -0.0636938729 0.15462514 0.313725 0.313725 1
v 0.0707337483 -0.0637099209 0.15291309 0.313725 0.313725 1
v 0.0705545571 -0.0637173507 0.151201822 0.313725 0.313725 1
v 0.0703719947 -0.0637200279 0.149490874 0.313725 0.313725 1
v 0.0702222405 -0.0637332176 0.147776853 0.313725 0.313725 1
v 0.0700621446 -0.0637394733 0.146063674 0.313725 0.313725 1
v 0.0699158946 -0.0637418643 0.144349241 0.313725 0.313725 1
v 0.0697511493 -0.0637467081 0.142636502 0.313725 0.313725 1
v 0.0695889185 -0.0637519651 0.140923538 0.313725 0.313725 1
v 0.069437519 -0.0637601175 0.13920957 0.313725 0.313725 1
v 0.0692882057 -0.0637686203 0.137495424 0.705882 0.470588 0.156863
v 0.0691411497 -0.0637737575 0.135781067 0.705882 0.470588 0.156863
v 0.068991275 -0.0637817484 0.134066963 0.705882 0.470588 0.156863
v 0.068844588 -0.063790034 0.132352585 0.705882 0.470588 0.156863
v 0.0686989778 -0.0637960441 0.130638105 0.705882 0.470588 0.156863
v 0.0685522099 -0.0638028162 0.128923726 0.705882 0.470588 0.156863
v 0.0684060342 -0.0638041341 0.127209285 0.705882 0.470588 0.156863
v 0.0682589425 -0.0638079575 0.125494925 0.705882 0.470588 0.156863
v 0.0681118733 -0.0638103188 0.123780561 0.705882 0.470588 0.156863
v 0.0679646239 -0.0638116477 0.12206621 0.705882 0.470588 0.156863
v 0.0678151783 -0.0638143663 0.120352054 0.470588 0.470588 0.470588
v 0.0676700431 -0.0638146025 0.118637526 0.470588 0.470588 0.470588
v 0.0675260281 -0.0638133096 0.116922901 0.470588 0.470588 0.470588
v 0.0673860265 -0.0638172733 0.115207951 0.470588 0.470588 0.470588
v 0.0672465541 -0.0638211189 0.113492956 0.470588 0.470588 0.470588
v 0.0671042128 -0.0638235198 0.111778193 0.470588 0.470588 0.470588
v 0.0669602078 -0.0638264497 0.11006357 0.470588 0.470588 0.470588
v 0.0668162241 -0.0638264292 0.108348943 0.470588 0.470588 0.470588
v 0.0666708606 -0.0638266013 0.106634434 1 0 0
v 0.0665214193 -0.063829375 0.104920275 1 0 0
v 0.0663799547 -0.0638319305 0.103205479 1 0 0
v 0.0662190318 -0.0638251181 0.101492383 1 0 0
v 0.0660771661 -0.0638258783 0.0997775908 1 0 0
v 0.0659317147 -0.0638247185 0.0980631471 1 0 0
v 0.0658067811 -0.0638304165 0.0963470353 1 0 0
v 0.0656681184 -0.063831376 0.0946319993 1 0 0
v 0.0655336737 -0.0638338636 0.0929165987 1 0 0
v 0.065400442 -0.0638364619 0.0912011096 1 0 0
v 0.0652586245 -0.0638356485 0.0894863038 0 1 0
v 0.065121956 -0.0638360975 0.0877710974 0 1 0
v 0.0649824055 -0.0638371883 0.0860561251 0 1 0
v 0.064842148 -0.0638389171 0.0843411996 0 1 0
v 0.0647082154 -0.0638426826 0.0826257626 0 1 0
v 0.0645666756 -0.0638427566 0.0809109461 0 1 0
v 0.064416205 -0.0638377125 0.0791968838 0 1 0
v 0.0642672524 -0.0638366418 0.0774826832 0 1 0
v 0.0641126455 -0.0638365307 0.0757689803 0 0.501961 1
v 0.063963579 -0.0638351673 0.0740547873 0 0.501961 1
v 0.0638222033 -0.063838073 0.0723399456 0 0.501961 1
v 0.0636762867 -0.0638389412 0.070625492 0 0.501961 1
v 0.0635288694 -0.0638427935 0.068911161 0 0.501961 1
v 0.0633787259 -0.0638456229 0.0671970728 0 0.501961 1
v 0.0632257944 -0.0638455573 0.0654832202 0 0.501961 1
v 0.063072554 -0.0638453758 0.0637693947 0 0.501961 1
v 0.0629264154 -0.0638487234 0.0620550396 0 0.501961 1
v 0.0627846257 -0.0638526553 0.0603402398 0 0.501961 1
v 0.0626514292 -0.0638594504 0.0586248063 0 0.501961 1
v 0.0625238949 -0.0638694552 0.0569089481 0 0.501961 1
v 0.0623841432 -0.0638790774 0.0551940013 1 0.784314 0
v 0.0622466277 -0.063891866 0.05347889 1 0.784314 0
v 0.0621088611 -0.0639045479 0.0517637998 0.705882 0 1
v 0.0411010433 -0.0653697244 0.283550989 0 1 0
v 0.0423385491 -0.0656227363 0.282410652 0 1 0
v 0.0435718156 -0.0658325274 0.281258114 0 1 0
v 0.0448037283 -0.0659696663 0.28009231 0 1 0
v 0.046007838 -0.0660454474 0.278892703 0 1 0
v 0.0472001287 -0.066091981 0.277679379 0 1 0
v 0.0483606862 -0.0661243281 0.276435483 0 1 0
v 0.0494915068 -0.0661540192 0.275164169 0 1 0
v 0.0505771007 -0.0661771439 0.273854908 0 1 0
v 0.05162741 -0.066194816 0.272516097 0 1 0
v 0.0526237222 -0.0662089411 0.271136813 0 0.501961 1
v 0.0536072025 -0.0662216023 0.269748153 0 0.501961 1
v 0.054531118 -0.0662318513 0.268319134 0 0.501961 1
v 0.0554425061 -0.0662390611 0.266882055 0 0.501961 1
v 0.0563174404 -0.0662477484 0.265422589 0 0.501961 1
v 0.0571544846 -0.066253052 0.263941039 0 0.501961 1
v 0.0579577575 -0.0662553349 0.262440952 0 0.501961 1
v 0.0587333225 -0.0662577816 0.260926245 0 0.501961 1
v 0.0594685185 -0.0662570487 0.259391711 0 0.501961 1
v 0.0601837072 -0.0662550039 0.257847568 0 0.501961 1
v 0.0608617991 -0.0662410491 0.256286977 1 0.784314 0
v 0.0615304809 -0.0662245776 0.254722218 1 0.784314 0
v 0.0621560575 -0.0662229656 0.253139688 1 0.784314 0
v 0.0627710642 -0.0662219413 0.251553047 1 0.784314 0
v 0.0633500284 -0.0662158126 0.249952852 1 0.784314 0
v 0.0639168736 -0.0662108882 0.248348428 1 0.784314 0
v 0.0644564252 -0.0661994234 0.246734542 1 0.784314 0
v 0.0649694703 -0.0661873372 0.245112193 1 0.784314 0
v 0.0654592871 -0.0661728088 0.243482558 1 0.784314 0
v 0.0659055047 -0.0661556384 0.241840528 1 0.784314 0
v 0.0663435836 -0.0661371729 0.24019628 0.705882 0 1
v 0.0667498068 -0.0661212834 0.238543853 0.705882 0 1
v 0.0671425515 -0.0661019836 0.236888183 0.705882 0 1
v 0.0675243575 -0.0660851371 0.235229926 0.705882 0 1
v 0.0679017747 -0.066067481 0.233570724 0.705882 0 1
v 0.0682418559 -0.0660432002 0.231903501 0.705882 0 1
v 0.0685819366 -0.0660189195 0.230236278 0.705882 0 1
v 0.0689147063 -0.0659970576 0.228567546 0.705882 0 1
v 0.0692173138 -0.0659764212 0.226893086 0.705882 0 1
v 0.0695173011 -0.065958163 0.225218109 0.705882 0 1
v 0.0697973054 -0.0659399995 0.223539708 0 0.862745 0.862745
v 0.0700715722 -0.0659212554 0.221860332 0 0.862745 0.862745
v 0.0703423183 -0.0659037945 0.220180383 0 0.862745 0.862745
v 0.0706028089 -0.0658880329 0.218498785 0 0.862745 0.862745
v 0.0708607914 -0.0658709398 0.216816818 0 0.862745 0.862745
v 0.0711102612 -0.0658500129 0.215133621 0 0.862745 0.862745
v 0.0713363185 -0.0658252182 0.213447158 0 0.862745 0.862745
v 0.0715578159 -0.0658021736 0.211760078 0 0.862745 0.862745
v 0.0717584046 -0.0657897372 0.21007026 0 0.862745 0.862745
v 0.0719581691 -0.0657771375 0.208380347 0 0.862745 0.862745
v 0.0721342884 -0.0657625379 0.206687854 1 0.470588 0
v 0.0723044844 -0.0657478848 0.204994724 1 0.470588 0
v 0.0724704281 -0.0657344029 0.203301182 1 0.470588 0
v 0.0726292276 -0.0657218108 0.201606928 1 0.470588 0
v 0.0727861456 -0.0657105257 0.199912488 1 0.470588 0
v 0.072942547 -0.0656988656 0.198218003 1 0.470588 0
v 0.0730827811 -0.0656866788 0.196522125 1 0.470588 0
v 0.0732163781 -0.0656725401 0.194825708 1 0.470588 0
v 0.0733289207 -0.0656584861 0.193127788 1 0.470588 0
v 0.0734344252 -0.0656439823 0.191429396 1 0.470588 0
v 0.0735275712 -0.0656316915 0.189730271 0.470588 1 0
v 0.0736099599 -0.0656176869 0.1880306 0.470588 1 0
v 0.073676136 -0.0656041005 0.186330224 0.470588 1 0
v 0.07373754 -0.0655905236 0.184629665 0.470588 1 0
v 0.0737602626 -0.0655764613 0.182928218 0.470588 1 0
v 0.0737732777 -0.065561834 0.181226606 0.470588 1 0
v 0.0736990832 -0.0655481639 0.17952711 0.470588 1 0
v 0.0735994377 -0.0655362034 0.177828344 0.470588 1 0
v 0.0734039883 -0.0655305804 0.176138081 0.470588 1 0
v 0.0731765355 -0.065522815 0.174451731 0.470588 1 0
v 0.0729052839 -0.0655270632 0.172771766 1 0 0.705882
v 0.0726206313 -0.065529834 0.171094043 1 0 0.705882
v 0.0723232667 -0.0655397508 0.169418543 1 0 0.705882
v 0.0720275916 -0.0655490033 0.16774275 1 0 0.705882
v 0.071740979 -0.0655619781 0.166065385 1 0 0.705882
v 0.0714569634 -0.0655746991 0.164387579 1 0 0.705882
v 0.0711983053 -0.0655891963 0.162705817 1 0 0.705882
v 0.0709593325 -0.0656059468 0.161021035 1 0 0.705882
v 0.0707321142 -0.0656231099 0.159334836 1 0 0.705882
v 0.0705320751 -0.0656431091 0.157645024 1 0 0.705882
v 0.0703473054 -0.0656579433 0.155953475 0.313725 0.313725 1
v 0.0701747228 -0.0656696566 0.154260562 0.313725 0.313725 1
v 0.0699904005 -0.0656851564 0.152568919 0.313725 0.313725 1
v 0.069821064 -0.0656970593 0.150875712 0.313725 0.313725 1
v 0.0696528867 -0.0657053126 0.149182358 0.313725 0.313725 1
v 0.0694931803 -0.0657117818 0.147488173 0.313725 0.313725 1
v 0.0693350486 -0.0657185684 0.145793822 0.313725 0.313725 1
v 0.0691788779 -0.0657233469 0.144099284 0.313725 0.313725 1
v 0.0690234725 -0.0657292571 0.142404678 0.313725 0.313725 1
v 0.0688705951 -0.0657346779 0.140709841 0.313725 0.313725 1
v 0.0687182956 -0.0657398944 0.13901495 0.705882 0.470588 0.156863
v 0.0685722778 -0.0657441807 0.137319507 0.705882 0.470588 0.156863
v 0.0684277482 -0.0657478716 0.135623932 0.705882 0.470588 0.156863
v 0.0682796121 -0.065755445 0.133928682 0.705882 0.470588 0.156863
v 0.0681320307 -0.0657636074 0.132233385 0.705882 0.470588 0.156863
v 0.0679842837 -0.0657688465 0.130538092 0.705882 0.470588 0.156863
v 0.0678360888 -0.0657746885 0.128842839 0.705882 0.470588 0.156863
v 0.0676895486 -0.065776979 0.127147436 0.705882 0.470588 0.156863
v 0.0675413333 -0.0657795083 0.125452177 0.705882 0.470588 0.156863
v 0.0673960174 -0.0657813563 0.123756668 0.705882 0.470588 0.156863
v 0.0672483772 -0.0657815546 0.122061357 0.470588 0.470588 0.470588
v 0.0671006184 -0.0657846435 0.120366062 0.470588 0.470588 0.470588
v 0.066955074 -0.0657849934 0.118670572 0.470588 0.470588 0.470588
v 0.0668126869 -0.0657847478 0.116974814 0.470588 0.470588 0.470588
v 0.0666724039 -0.0657876769 0.115278882 0.470588 0.470588 0.470588
v 0.0665314811 -0.0657901799 0.113583002 0.470588 0.470588 0.470588
v 0.0663884277 -0.0657910553 0.111887298 0.470588 0.470588 0.470588
v 0.0662438019 -0.0657925708 0.110191728 0.470588 0.470588 0.470588
v 0.066098542 -0.0657929361 0.108496212 1 0 0
v 0.0659508952 -0.0657927231 0.106800903 1 0 0
v 0.0658031094 -0.0657946128 0.105105607 1 0 0
v 0.0656546256 -0.065793485 0.103410372 1 0 0
v 0.0655043549 -0.065790593 0.101715311 1 0 0
v 0.0653563847 -0.0657881052 0.100020049 1 0 0
v 0.0652094991 -0.0657859595 0.0983246987 1 0 0
v 0.0650693878 -0.065785934 0.0966287565 1 0 0
v 0.0649358725 -0.0657885824 0.0949323146 1 0 0
v 0.0648103304 -0.0657947465 0.0932352425 1 0 0
v 0.0646695149 -0.0657942158 0.091539351 0 1 0
v 0.0645411026 -0.0657969735 0.0898424981 0 1 0
v 0.0644085749 -0.0657979226 0.0881459459 0 1 0
v 0.0642815658 -0.0658036236 0.0864489778 0 1 0
v 0.0641556634 -0.0658101119 0.0847519263 0 1 0
v 0.0640198689 -0.0658124215 0.0830556397 0 1 0
v 0.0638802382 -0.0658133424 0.0813596503 0 1 0
v 0.0637386863 -0.0658132312 0.0796638217 0 1 0
v 0.0635942464 -0.0658126653 0.0779682351 0 1 0
v 0.0634518167 -0.0658123538 0.0762724805 0 1 0
v 0.0633100901 -0.0658141818 0.0745766658 0 0.501961 1
v 0.0631640113 -0.0658137918 0.0728812241 0 0.501961 1
v 0.0630134344 -0.0658117961 0.0711861724 0 0.501961 1
v 0.0628639624 -0.0658111418 0.0694910251 0 0.501961 1
v 0.0627170058 -0.0658148315 0.067795659 0 0.501961 1
v 0.0625697168 -0.0658180694 0.0661003206 0 0.501961 1
v 0.0624239847 -0.0658204307 0.0644048463 0 0.501961 1
v 0.0622833643 -0.0658240378 0.0627089502 0 0.501961 1
v 0.0621625685 -0.0658349748 0.0610115504 0 0.501961 1
v 0.0620296162 -0.0658413392 0.0593150759 0 0.501961 1
v 0.0619096264 -0.0658531173 0.0576176281 0 0.501961 1
v 0.0617879585 -0.0658662225 0.0559203108 0 0.501961 1
v 0.0616656116 -0.0658822842 0.0542230917 1 0.784314 0
v 0.040653124 -0.0674162684 0.283348026 0 1 0
v 0.0419003909 -0.0676669865 0.28220943 0 1 0
v 0.0431497293 -0.0678798331 0.281065963 0 1 0
v 0.0443884966 -0.0680185201 0.279899342 0 1 0
v 0.0456096107 -0.0680974585 0.278709215 0 1 0
v 0.0468056151 -0.0681437989 0.277491636 0 1 0
v 0.0479825538 -0.0681797565 0.276255576 0 1 0
v 0.0491135947 -0.0682101836 0.274976947 0 1 0
v 0.0502261357 -0.0682368493 0.27368289 0 1 0
v 0.0512728336 -0.0682541207 0.272334114 0 1 0
v 0.0522883061 -0.0682693924 0.270962218 0 0.501961 1
v 0.0532625043 -0.0682820824 0.2695602 0 0.501961 1
v 0.0541951507 -0.0682911112 0.268130352 0 0.501961 1
v 0.0551097649 -0.0682982746 0.266688651 0 0.501961 1
v 0.055979822 -0.0683052519 0.265219957 0 0.501961 1
v 0.0568268335 -0.0683117742 0.263737526 0 0.501961 1
v 0.0576326924 -0.068315815 0.262232604 0 0.501961 1
v 0.0584119266 -0.0683184915 0.26071344 0 0.501961 1
v 0.0591428779 -0.0683155695 0.259170504 0 0.501961 1
v 0.0598506055 -0.0683123018 0.257616823 0 0.501961 1
v 0.0605339608 -0.0683069787 0.256052193 1 0.784314 0
v 0.0611868636 -0.0682967359 0.254474751 1 0.784314 0
v 0.0618242596 -0.0682919087 0.252890839 1 0.784314 0
v 0.062419361 -0.0682843307 0.251290739 1 0.784314 0
v 0.0629987351 -0.0682704157 0.249684749 1 0.784314 0
v 0.0635438265 -0.0682572 0.248066863 1 0.784314 0
v 0.0640823632 -0.0682434628 0.246446732 1 0.784314 0
v 0.0645671304 -0.0682284185 0.244809708 1 0.784314 0
v 0.0650518388 -0.0682123013 0.243172689 1 0.784314 0
v 0.0654945938 -0.0681956628 0.241523822 1 0.784314 0
v 0.0659184383 -0.0681744287 0.239870051 0.705882 0 1
v 0.0663184554 -0.0681564199 0.238210322 0.705882 0 1
v 0.0667167337 -0.0681384224 0.236550164 0.705882 0 1
v 0.067079151 -0.0681151985 0.234881901 0.705882 0 1
v 0.0674379575 -0.0680912859 0.233212846 0.705882 0 1
v 0.0677775315 -0.0680672707 0.231539769 0.705882 0 1
v 0.0681043884 -0.0680392364 0.229864279 0.705882 0 1
v 0.0684016612 -0.0680126765 0.228183232 0.705882 0 1
v 0.0687003119 -0.0679896863 0.226502354 0.705882 0 1
v 0.0689861023 -0.0679665019 0.224819323 0.705882 0 1
v 0.0692535097 -0.0679440293 0.223133188 0 0.862745 0.862745
v 0.0695229848 -0.0679230869 0.221447363 0 0.862745 0.862745
v 0.0697788243 -0.0679024221 0.219759408 0 0.862745 0.862745
v 0.0700433401 -0.0678869918 0.218072746 0 0.862745 0.862745
v 0.0702819534 -0.067865861 0.216382349 0 0.862745 0.862745
v 0.0705128394 -0.0678413652 0.214690852 0 0.862745 0.862745
v 0.0707334781 -0.0678170007 0.212998012 0 0.862745 0.862745
v 0.0709417618 -0.0677935182 0.211303568 0 0.862745 0.862745
v 0.0711473189 -0.0677785879 0.209608703 0 0.862745 0.862745
v 0.071330299 -0.0677584199 0.207911333 0 0.862745 0.862745
v 0.0715050095 -0.0677418075 0.206213026 1 0.470588 0
v 0.0716696288 -0.0677267331 0.204513704 1 0.470588 0
v 0.0718280908 -0.067711593 0.202813782 1 0.470588 0
v 0.0719785585 -0.0676960974 0.201113153 1 0.470588 0
v 0.0721254058 -0.067680431 0.199412197 1 0.470588 0
v 0.0722694808 -0.0676662901 0.197710997 1 0.470588 0
v 0.0724078711 -0.0676526756 0.196009311 1 0.470588 0
v 0.0725319483 -0.0676387631 0.194306556 1 0.470588 0
v 0.0726452657 -0.0676251454 0.192603017 1 0.470588 0
v 0.0727454298 -0.0676107866 0.190898722 1 0.470588 0
v 0.0728275228 -0.0675946421 0.189193415 0.470588 1 0
v 0.0729032988 -0.0675801857 0.187487817 0.470588 1 0
v 0.0729599167 -0.0675639129 0.185781483 0.470588 1 0
v 0.0729992256 -0.0675470563 0.18407477 0.470588 1 0
v 0.073012663 -0.0675304275 0.182367548 0.470588 1 0
v 0.0729835408 -0.0675131037 0.180661079 0.470588 1 0
v 0.0729018593 -0.067495178 0.17895577 0.470588 1 0
v 0.0727531965 -0.06748319 0.177255977 0.470588 1 0
v 0.0725476481 -0.0674730429 0.175561067 0.470588 1 0
v 0.0722962385 -0.0674721822 0.173872618 0.470588 1 0
v 0.0720109194 -0.0674706139 0.172189281 1 0 0.705882
v 0.0717218595 -0.0674788908 0.170506609 1 0 0.705882
v 0.0714271565 -0.0674913018 0.16882493 1 0 0.705882
v 0.0711376114 -0.0675059122 0.167142388 1 0 0.705882
v 0.0708549372 -0.0675230719 0.165458679 1 0 0.705882
v 0.0705884701 -0.0675410286 0.163772452 1 0 0.705882
v 0.0703384677 -0.0675545259 0.162083551 1 0 0.705882
v 0.0701024673 -0.067569864 0.16039276 1 0 0.705882
v 0.0698926121 -0.0675884739 0.158698451 1 0 0.705882
v 0.0696984965 -0.0676062304 0.157002313 1 0 0.705882
v 0.0695186099 -0.067622256 0.155304535 0.313725 0.313725 1
v 0.0693531145 -0.0676402878 0.153605332 0.313725 0.313725 1
v 0.0691842978 -0.0676548315 0.151906411 0.313725 0.313725 1
v 0.0690118894 -0.0676617951 0.150207833 0.313725 0.313725 1
v 0.0688417273 -0.0676667383 0.148509037 0.313725 0.313725 1
v 0.0686872705 -0.06767389 0.146808695 0.313725 0.313725 1
v 0.0685272485 -0.067674937 0.145108852 0.313725 0.313725 1
v 0.0683690959 -0.06767893 0.143408843 0.313725 0.313725 1
v 0.068210689 -0.067687656 0.141708871 0.313725 0.313725 1
v 0.0680554576 -0.0676945699 0.140008602 0.313725 0.313725 1
v 0.067902645 -0.0677013957 0.138308109 0.705882 0.470588 0.156863
v 0.0677530907 -0.0677069992 0.136607327 0.705882 0.470588 0.156863
v 0.0676033156 -0.0677134264 0.134906563 0.705882 0.470588 0.156863
v 0.0674541471 -0.0677204804 0.133205748 0.705882 0.470588 0.156863
v 0.0673063437 -0.0677242857 0.131504804 0.705882 0.470588 0.156863
v 0.0671584298 -0.0677282964 0.12980387 0.705882 0.470588 0.156863
v 0.06701236 -0.0677295695 0.128102773 0.705882 0.470588 0.156863
v 0.0668667348 -0.0677300626 0.126401636 0.705882 0.470588 0.156863
v 0.066722032 -0.0677314831 0.124700422 0.705882 0.470588 0.156863
v 0.0665780287 -0.0677329158 0.122999148 0.705882 0.470588 0.156863
v 0.0664298255 -0.0677368659 0.121298241 0.470588 0.470588 0.470588
v 0.0662800127 -0.0677421404 0.119597477 0.470588 0.470588 0.470588
v 0.0661352697 -0.0677441337 0.117896272 0.470588 0.470588 0.470588
v 0.0659940019 -0.0677442422 0.116194768 0.470588 0.470588 0.470588
v 0.0658518378 -0.0677450328 0.11449334 0.470588 0.470588 0.470588
v 0.0657091085 -0.0677454271 0.112791958 0.470588 0.470588 0.470588
v 0.0655637974 -0.0677464891 0.111090797 0.470588 0.470588 0.470588
v 0.0654149664 -0.0677474918 0.109389938 0.470588 0.470588 0.470588
v 0.0652698718 -0.067746432 0.107688764 1 0 0
v 0.0651176769 -0.0677453433 0.105988203 1 0 0
v 0.0649601322 -0.0677428605 0.104288133 1 0 0
v 0.0648046733 -0.0677378381 0.102587874 1 0 0
v 0.0646542286 -0.0677358782 0.100887159 1 0 0
v 0.0645032142 -0.0677329848 0.0991864999 1 0 0
v 0.0643636523 -0.0677338996 0.0974848659 1 0 0
v 0.0642194271 -0.0677328619 0.0957836211 1 0 0
v 0.0640829984 -0.0677346537 0.0940817243 1 0 0
v 0.0639513331 -0.0677385146 0.0923794633 1 0 0
v 0.0638180072 -0.0677416526 0.0906773243 0 1 0
v 0.0636937774 -0.0677475523 0.0889745017 0 1 0
v 0.0635643714 -0.0677510915 0.0872720684 0 1 0
v 0.0634308002 -0.0677526539 0.0855699451 0 1 0
v 0.0632998808 -0.0677556766 0.0838676253 0 1 0
v 0.0631763998 -0.0677629468 0.0821647535 0 1 0
v 0.0630369806 -0.0677626333 0.0804631024 0 1 0
v 0.0628950551 -0.067761795 0.0787616547 0 1 0
v 0.0627554729 -0.0677584885 0.0770600148 0 1 0
v 0.0626147331 -0.0677574589 0.0753584696 0 1 0
v 0.0624710809 -0.0677604515 0.0736571681 0 0.501961 1
v 0.0623271485 -0.0677631416 0.0719558897 0 0.501961 1
v 0.0621822252 -0.0677659071 0.0702546966 0 0.501961 1
v 0.0620379887 -0.0677714018 0.0685534551 0 0.501961 1
v 0.061898498 -0.0677782802 0.0668518183 0 0.501961 1
v 0.0617636398 -0.0677860106 0.065149819 0 0.501961 1
v 0.0616308394 -0.0677927406 0.0634476617 0 0.501961 1
v 0.0614965272 -0.067798864 0.0617456405 0 0.501961 1
v 0.0613728777 -0.0678112622 0.0600428109 0 0.501961 1
v 0.0612611828 -0.067827628 0.0583392234 0 0.501961 1
v 0.0611529725 -0.0678451502 0.0566354121 1 0.784314 0
v 0.0402051574 -0.0694614353 0.283135085 0 1 0
v 0.0414650794 -0.0696967357 0.282000012 0 1 0
v 0.0427224667 -0.0699211743 0.28085982 0 1 0
v 0.0439687954 -0.0700483226 0.279693973 0 1 0
v 0.0452067655 -0.0701417956 0.278514936 0 1 0
v 0.0464093907 -0.0701964967 0.277298391 0 1 0
v 0.0475939053 -0.0702306261 0.276062594 0 1 0
v 0.0487403462 -0.0702615939 0.274791811 0 1 0
v 0.0498550815 -0.0702880409 0.273492542 0 1 0
v 0.0509145821 -0.0703081746 0.272148063 0 1 0
v 0.0519459476 -0.0703260872 0.27078202 0 0.501961 1
v 0.0529064626 -0.0703399689 0.269364751 0 0.501961 1
v 0.053857863 -0.0703506925 0.267941505 0 0.501961 1
v 0.0547514413 -0.0703582709 0.266481157 0 0.501961 1
v 0.0556364264 -0.0703659931 0.265015491 0 0.501961 1
v 0.0564833227 -0.070372175 0.263527752 0 0.501961 1
v 0.0572886227 -0.070375859 0.262016821 0 0.501961 1
v 0.0580667312 -0.0703763389 0.260492244 0 0.501961 1
v 0.0587951509 -0.070371847 0.258942786 0 0.501961 1
v 0.0594959495 -0.0703634634 0.2573808 0 0.501961 1
v 0.0601747523 -0.0703564362 0.255809009 1 0.784314 0
v 0.0608266824 -0.0703472764 0.254225901 1 0.784314 0
v 0.0614535045 -0.0703370014 0.252632772 1 0.784314 0
v 0.0620508386 -0.070320387 0.251028294 1 0.784314 0
v 0.0626168525 -0.0703070799 0.24941261 1 0.784314 0
v 0.0631582136 -0.070295262 0.247788349 1 0.784314 0
v 0.0636709347 -0.0702815069 0.246155107 1 0.784314 0
v 0.0641546419 -0.0702658091 0.244512786 1 0.784314 0
v 0.0646207177 -0.0702471052 0.242865574 1 0.784314 0
v 0.0650462522 -0.070226397 0.241207285 1 0.784314 0
v 0.0654708136 -0.0702052717 0.239548751 0.705882 0 1
v 0.0658631108 -0.0701841084 0.237882403 0.705882 0 1
v 0.0662388171 -0.0701610798 0.236212148 0.705882 0 1
v 0.0666042468 -0.0701378424 0.234539625 0.705882 0 1
v 0.0669542721 -0.0701106198 0.232863921 0.705882 0 1
v 0.0672701246 -0.0700778418 0.231181483 0.705882 0 1
v 0.0675822687 -0.0700462672 0.229498348 0.705882 0 1
v 0.0678741915 -0.0700191037 0.227811493 0.705882 0 1
v 0.0681673173 -0.0699925936 0.22612484 0.705882 0 1
v 0.0684322268 -0.0699684257 0.224433493 0.705882 0 1
v 0.0686923583 -0.0699425724 0.222741424 0 0.862745 0.862745
v 0.0689437363 -0.069919066 0.221048013 0 0.862745 0.862745
v 0.0691970801 -0.0698973068 0.219354856 0 0.862745 0.862745
v 0.0694366959 -0.0698717527 0.217659803 0 0.862745 0.862745
v 0.0696641972 -0.0698469344 0.215963023 0 0.862745 0.862745
v 0.0698846703 -0.0698193343 0.214265389 0 0.862745 0.862745
v 0.0700941052 -0.0697925327 0.212566326 0 0.862745 0.862745
v 0.0703052293 -0.069771586 0.210867378 0 0.862745 0.862745
v 0.0704899394 -0.069750663 0.209165388 0 0.862745 0.862745
v 0.0706701355 -0.0697294071 0.207462886 0 0.862745 0.862745
v 0.0708399474 -0.069710389 0.205759317 1 0.470588 0
v 0.0709993757 -0.0696941209 0.20405469 1 0.470588 0
v 0.0711530307 -0.0696762907 0.202349565 1 0.470588 0
v 0.0712957624 -0.0696591045 0.200643468 1 0.470588 0
v 0.0714333887 -0.0696394107 0.198937002 1 0.470588 0
v 0.0715644937 -0.0696197946 0.197230008 1 0.470588 0
v 0.0716946913 -0.0696029939 0.195522929 1 0.470588 0
v 0.0718013563 -0.0695838504 0.193814219 1 0.470588 0
v 0.0719053838 -0.0695658425 0.192105337 1 0.470588 0
v 0.0719956405 -0.0695532358 0.19039562 1 0.470588 0
v 0.0720819498 -0.0695388463 0.18868572 0.470588 1 0
v 0.0721496172 -0.0695265729 0.186974959 0.470588 1 0
v 0.0722134869 -0.0695124277 0.185264072 0.470588 1 0
v 0.0722255761 -0.069491728 0.183552142 0.470588 1 0
v 0.0722326379 -0.0694701894 0.181840149 0.470588 1 0
v 0.0721583401 -0.0694464554 0.180129842 0.470588 1 0
v 0.0720599082 -0.0694243001 0.178420964 0.470588 1 0
v 0.0718751234 -0.0694112127 0.176718872 0.470588 1 0
v 0.0716580901 -0.0694038417 0.175020991 0.470588 1 0
v 0.0713837889 -0.0694059209 0.173330966 0.470588 1 0
v 0.0711036632 -0.0694078448 0.171641918 1 0 0.705882
v 0.0708096894 -0.0694209528 0.169955255 1 0 0.705882
v 0.0705152971 -0.0694347084 0.168268669 1 0 0.705882
v 0.0702278268 -0.0694484529 0.166580915 1 0 0.705882
v 0.0699482008 -0.0694630838 0.164891823 1 0 0.705882
v 0.0696893893 -0.069481576 0.163199566 1 0 0.705882
v 0.0694510829 -0.0695022162 0.161504216 1 0 0.705882
v 0.0692345857 -0.0695211283 0.159805947 1 0 0.705882
v 0.0690321457 -0.069539984 0.158105941 1 0 0.705882
v 0.0688442296 -0.0695555894 0.156404215 1 0 0.705882
v 0.0686693978 -0.0695727855 0.154701151 0.313725 0.313725 1
v 0.0685035629 -0.0695904837 0.152997156 0.313725 0.313725 1
v 0.06833967 -0.0696032226 0.151292932 0.313725 0.313725 1
v 0.0681723435 -0.069612441 0.149589015 0.313725 0.313725 1
v 0.0680098889 -0.0696193767 0.147884622 0.313725 0.313725 1
v 0.0678417241 -0.0696213633 0.14618077 0.313725 0.313725 1
v 0.0676833977 -0.06962307 0.144475973 0.313725 0.313725 1
v 0.0675197972 -0.0696259127 0.142771672 0.313725 0.313725 1
v 0.0673628224 -0.0696339722 0.141066762 0.313725 0.313725 1
v 0.0672110197 -0.0696391452 0.13936137 0.313725 0.313725 1
v 0.0670572592 -0.069645111 0.137656156 0.705882 0.470588 0.156863
v 0.0669054739 -0.0696492722 0.135950759 0.705882 0.470588 0.156863
v 0.0667543583 -0.0696552879 0.13424531 0.705882 0.470588 0.156863
v 0.0665976608 -0.069658513 0.132540357 0.705882 0.470588 0.156863
v 0.0664478831 -0.0696613027 0.130834779 0.705882 0.470588 0.156863
v 0.0663016716 -0.069668243 0.129128906 0.705882 0.470588 0.156863
v 0.066153856 -0.0696700307 0.12742316 0.705882 0.470588 0.156863
v 0.066003532 -0.0696716308 0.125717629 0.705882 0.470588 0.156863
v 0.065855185 -0.069673105 0.124011927 0.705882 0.470588 0.156863
v 0.06571449 -0.0696764755 0.12230558 0.705882 0.470588 0.156863
v 0.0655713096 -0.0696809295 0.120599448 0.470588 0.470588 0.470588
v 0.0654257623 -0.069681909 0.118893507 0.470588 0.470588 0.470588
v 0.0652823466 -0.0696816525 0.117187381 0.470588 0.470588 0.470588
v 0.0651395079 -0.0696841181 0.115481208 0.470588 0.470588 0.470588
v 0.0649963386 -0.0696866352 0.113775063 0.470588 0.470588 0.470588
v 0.0648514833 -0.0696883239 0.11206906 0.470588 0.470588 0.470588
v 0.064705915 -0.0696905176 0.110363117 0.470588 0.470588 0.470588
v 0.0645609096 -0.069689732 0.108657133 0.470588 0.470588 0.470588
v 0.0644170021 -0.0696862101 0.106951058 1 0 0
v 0.0642627233 -0.0696837156 0.105245884 1 0 0
v 0.0641071609 -0.0696818727 0.103540823 1 0 0
v 0.0639481601 -0.06967763 0.101836086 1 0 0
v 0.0637883506 -0.0696726039 0.100131424 1 0 0
v 0.0636372009 -0.0696699647 0.0984259815 1 0 0
v 0.0634902722 -0.06966826 0.0967201552 1 0 0
v 0.0633516662 -0.0696695082 0.0950136419 1 0 0
v 0.0632085388 -0.0696688765 0.0933075002 1 0 0
v 0.0630803777 -0.0696742291 0.0916001686 1 0 0
v 0.0629489916 -0.069677959 0.0898930862 0 1 0
v 0.0628166899 -0.0696804883 0.0881860664 0 1 0
v 0.06268945 -0.069684922 0.0864786746 0 1 0
v 0.0625672779 -0.0696913313 0.0847709095 0 1 0
v 0.0624362157 -0.0696954469 0.0830637987 0 1 0
v 0.0622994244 -0.0696972955 0.0813571296 0 1 0
v 0.0621636614 -0.0696974482 0.0796503773 0 1 0
v 0.0620287389 -0.0696965471 0.077943559 0 1 0
v 0.0618932127 -0.0696965717 0.076236791 0 1 0
v 0.0617554462 -0.0697004538 0.074530204 0 1 0
v 0.0616185591 -0.0697049155 0.0728235473 0 0.501961 1
v 0.0614786797 -0.0697093777 0.0711171398 0 0.501961 1
v 0.0613410865 -0.0697171515 0.0694105517 0 0.501961 1
v 0.061199543 -0.0697236632 0.0677042882 0 0.501961 1
v 0.0610615769 -0.0697312881 0.0659977296 0 0.501961 1
v 0.0609282511 -0.0697393591 0.064290811 0 0.501961 1
v 0.0608032664 -0.0697523228 0.0625832868 0 0.501961 1
v 0.0606906876 -0.0697695348 0.0608749649 0 0.501961 1
v 0.0605861477 -0.0697890011 0.0591661268 1 0.784314 0
v 0.0397571401 -0.0715051197 0.282911401 1 0.470588 0
v 0.0410242631 -0.0717607981 0.281783405 1 0.470588 0
v 0.0422877986 -0.0719524845 0.280639402 1 0.470588 0
v 0.0435522783 -0.07211033 0.279490786 1 0.470588 0
v 0.044788262 -0.0721874703 0.278303637 1 0.470588 0
v 0.0460132036 -0.0722408458 0.277103819 1 0.470588 0
v 0.0471962439 -0.0722764319 0.275861902 1 0.470588 0
v 0.0483490004 -0.0723118689 0.274592015 1 0.470588 0
v 0.0494652932 -0.0723373838 0.273289484 1 0.470588 0
v 0.0505400593 -0.0723589965 0.271952883 1 0.470588 0
v 0.0515830983 -0.0723760485 0.270590853 0.470588 1 0
v 0.0525471632 -0.0723921756 0.269172188 0.470588 1 0
v 0.053491631 -0.0724056781 0.267740111 0.470588 1 0
v 0.0543915641 -0.072414189 0.266279668 0.470588 1 0
v 0.0552775106 -0.0724223727 0.264810526 0.470588 1 0
v 0.0561183921 -0.0724267556 0.263315354 0.470588 1 0
v 0.0569278047 -0.0724300908 0.261802685 0.470588 1 0
v 0.0576936132 -0.0724284548 0.260267967 0.470588 1 0
v 0.0584283927 -0.0724241058 0.258717669 0.470588 1 0
v 0.0591127083 -0.072411806 0.257144489 0.470588 1 0
v 0.0597848715 -0.0724006192 0.255566107 1 0 0.705882
v 0.060446769 -0.0723908824 0.253983343 1 0 0.705882
v 0.0610525342 -0.0723762941 0.252378485 1 0 0.705882
v 0.0616424518 -0.0723603987 0.250767556 1 0 0.705882
v 0.0621927161 -0.0723469852 0.24914272 1 0 0.705882
v 0.0627254367 -0.0723352275 0.247511968 1 0 0.705882
v 0.063232865 -0.0723169143 0.24587321 1 0 0.705882
v 0.0637174283 -0.0722990421 0.244227714 1 0 0.705882
v 0.064156202 -0.0722754839 0.24256932 1 0 0.705882
v 0.0645877769 -0.0722535591 0.24090903 1 0 0.705882
v 0.0649777895 -0.0722251676 0.239238608 0.313725 0.313725 1
v 0.0653621188 -0.0722011912 0.23756677 0.313725 0.313725 1
v 0.0657379092 -0.0721783507 0.235893045 0.313725 0.313725 1
v 0.0660843652 -0.0721491984 0.234213028 0.313725 0.313725 1
v 0.0664258686 -0.0721196057 0.232532018 0.313725 0.313725 1
v 0.0667303234 -0.0720834715 0.230844045 0.313725 0.313725 1
v 0.0670206061 -0.0720462167 0.229153592 0.313725 0.313725 1
v 0.0672999855 -0.0720134324 0.227461193 0.313725 0.313725 1
v 0.0675680373 -0.071982496 0.225766963 0.313725 0.313725 1
v 0.0678254597 -0.0719526738 0.22407103 0.313725 0.313725 1
v 0.0680786792 -0.0719272966 0.222374416 0.705882 0.470588 0.156863
v 0.0683210662 -0.0719026887 0.220676184 0.705882 0.470588 0.156863
v 0.0685633591 -0.0718777787 0.218977972 0.705882 0.470588 0.156863
v 0.068792822 -0.0718490028 0.217278011 0.705882 0.470588 0.156863
v 0.0690199374 -0.0718199166 0.215577754 0.705882 0.470588 0.156863
v 0.0692277677 -0.0717871295 0.213875086 0.705882 0.470588 0.156863
v 0.0694346571 -0.0717541071 0.212172308 0.705882 0.470588 0.156863
v 0.0696206978 -0.071731023 0.210466994 0.705882 0.470588 0.156863
v 0.0698026777 -0.0717103986 0.208761179 0.705882 0.470588 0.156863
v 0.0699736634 -0.0716913918 0.207054235 0.705882 0.470588 0.156863
v 0.0701358695 -0.0716739888 0.205346391 0.470588 0.470588 0.470588
v 0.0702926165 -0.0716557532 0.203638064 0.470588 0.470588 0.470588
v 0.0704376011 -0.0716354562 0.201928703 0.470588 0.470588 0.470588
v 0.0705794525 -0.0716142492 0.200219106 0.470588 0.470588 0.470588
v 0.0707052853 -0.0715877398 0.198508314 0.470588 0.470588 0.470588
v 0.0708311181 -0.0715612305 0.196797522 0.470588 0.470588 0.470588
v 0.0709416949 -0.0715413491 0.195085631 0.470588 0.470588 0.470588
v 0.0710384089 -0.0715188433 0.193372888 0.470588 0.470588 0.470588
v 0.0711288903 -0.071499109 0.191659781 0.470588 0.470588 0.470588
v 0.0712113843 -0.0714833068 0.189946219 0.470588 0.470588 0.470588
v 0.0712886439 -0.0714682417 0.188232414 1 0 0
v 0.071356034 -0.071452868 0.186518202 1 0 0
v 0.0713977738 -0.0714354368 0.184803296 1 0 0
v 0.0714168417 -0.0714170947 0.183087882 1 0 0
v 0.0713888864 -0.0713947575 0.181373294 1 0 0
v 0.0713058382 -0.071365247 0.179659941 1 0 0
v 0.0711735192 -0.0713454451 0.17795002 1 0 0
v 0.0709888375 -0.0713286951 0.176244458 1 0 0
v 0.0707393264 -0.071326383 0.1745471 1 0 0
v 0.0704638882 -0.0713274065 0.172853778 1 0 0
v 0.0701662537 -0.0713340148 0.171164187 0 1 0
v 0.069870584 -0.0713448082 0.169474278 0 1 0
v 0.0695848016 -0.0713587511 0.167782691 0 1 0
v 0.0693061764 -0.0713745584 0.166089933 0 1 0
v 0.069036512 -0.0713937152 0.164395754 0 1 0
v 0.0687924457 -0.0714153179 0.162697823 0 1 0
v 0.0685643994 -0.0714373524 0.160997571 0 1 0
v 0.06835888 -0.071457571 0.159294526 0 1 0
v 0.0681670814 -0.0714774496 0.15758978 0 1 0
v 0.0679797496 -0.0714960361 0.155884568 0 1 0
v 0.067807406 -0.0715122086 0.154177705 0 0.501961 1
v 0.0676366671 -0.0715278702 0.152470681 0 0.501961 1
v 0.0674760285 -0.071540316 0.150762644 0 0.501961 1
v 0.067310546 -0.0715491306 0.149055057 0 0.501961 1
v 0.0671488635 -0.0715561462 0.147347094 0 0.501961 1
v 0.0669834327 -0.0715590546 0.145639474 0 0.501961 1
v 0.0668193363 -0.0715610943 0.143931722 0 0.501961 1
v 0.0666548733 -0.0715639564 0.142224008 0 0.501961 1
v 0.0665010263 -0.0715685554 0.140515312 0 0.501961 1
v 0.0663485821 -0.0715736022 0.138806487 0 0.501961 1
v 0.0661963876 -0.0715783191 0.13709764 1 0.784314 0
v 0.0660407116 -0.0715805918 0.135389111 1 0.784314 0
v 0.0658876737 -0.0715841845 0.13368034 1 0.784314 0
v 0.0657356699 -0.0715882514 0.131971473 1 0.784314 0
v 0.0655830694 -0.071593613 0.13026267 1 0.784314 0
v 0.0654299266 -0.0715993106 0.128553909 1 0.784314 0
v 0.0652794412 -0.071599934 0.126844907 1 0.784314 0
v 0.0651271761 -0.0716010518 0.125136059 1 0.784314 0
v 0.0649779954 -0.0716017541 0.123426943 1 0.784314 0
v 0.0648362106 -0.0716042266 0.121717195 1 0.784314 0
v 0.0647019367 -0.071614065 0.120006878 0.705882 0 1
v 0.0645569443 -0.0716140928 0.118297403 0.705882 0 1
v 0.0644109086 -0.0716081082 0.116588026 0.705882 0 1
v 0.0642682141 -0.0716116759 0.114878355 0.705882 0 1
v 0.0641225396 -0.0716127006 0.113168934 0.705882 0 1
v 0.0639779853 -0.071615754 0.111459418 0.705882 0 1
v 0.0638321808 -0.0716201037 0.109750013 0.705882 0 1
v 0.0636909515 -0.0716230211 0.108040221 0.705882 0 1
v 0.0635445505 -0.0716212427 0.106330872 0 0.862745 0.862745
v 0.0633847391 -0.0716161441 0.104622727 0 0.862745 0.862745
v 0.063222485 -0.071609051 0.102914817 0 0.862745 0.862745
v 0.0630718022 -0.0716071425 0.101205829 0 0.862745 0.862745
v 0.0629192007 -0.0716045088 0.0994970197 0 0.862745 0.862745
v 0.0627634101 -0.0715996018 0.0977885027 0 0.862745 0.862745
v 0.0626104612 -0.0715956921 0.0960797406 0 0.862745 0.862745
v 0.0624699677 -0.0715963521 0.0943698846 0 0.862745 0.862745
v 0.0623328707 -0.0715982464 0.0926597775 0 0.862745 0.862745
v 0.0621895307 -0.0715970347 0.0909501624 0 0.862745 0.862745
v 0.0620586237 -0.0716005735 0.089239586 1 0.470588 0
v 0.0619359268 -0.0716072811 0.0875283737 1 0.470588 0
v 0.0618069902 -0.0716116893 0.0858176232 1 0.470588 0
v 0.0616747209 -0.0716146762 0.0841071137 1 0.470588 0
v 0.0615427517 -0.0716185576 0.0823965922 1 0.470588 0
v 0.0614058897 -0.0716194209 0.0806864518 1 0.470588 0
v 0.061278608 -0.0716225089 0.0789755641 1 0.470588 0
v 0.0611457468 -0.0716272415 0.0772651091 1 0.470588 0
v 0.0610147093 -0.0716345622 0.0755545178 1 0.470588 0
v 0.0608744926 -0.0716366804 0.0738446478 1 0.470588 0
v 0.0607309523 -0.0716366394 0.0721350445 0.470588 1 0
v 0.0605912065 -0.0716417767 0.070425141 0.470588 1 0
v 0.0604543625 -0.0716499843 0.0687150084 0.470588 1 0
v 0.0603229921 -0.0716598255 0.0670044611 0.470588 1 0
v 0.0602009994 -0.071673209 0.0652932535 0.470588 1 0
v 0.0600873362 -0.0716907907 0.0635814951 0.470588 1 0
v 0.0599745964 -0.0717096384 0.0618696886 1 0 0.705882
v 0.0393102936 -0.0735470492 0.282671826 1 0.470588 0
v 0.0405840668 -0.0737938314 0.281543488 1 0.470588 0
v 0.0418603943 -0.0739975021 0.280409931 1 0.470588 0
v 0.0431278939 -0.0741459201 0.279257607 1 0.470588 0
v 0.0443766931 -0.0742314973 0.278079321 1 0.470588 0
v 0.0456090182 -0.0742842374 0.27688127 1 0.470588 0
v 0.046792369 -0.0743236373 0.275634733 1 0.470588 0
v 0.0479562937 -0.0743612215 0.274369576 1 0.470588 0
v 0.0490661921 -0.0743892479 0.273057192 1 0.470588 0
v 0.0501564613 -0.0744135476 0.271727726 1 0.470588 0
v 0.0511807956 -0.074431035 0.270347291 0.470588 1 0
v 0.052185162 -0.0744471256 0.268951675 0.470588 1 0
v 0.0531193701 -0.0744575034 0.26750822 0.470588 1 0
v 0.0540472015 -0.0744666383 0.266060532 0.470588 1 0
v 0.0549050967 -0.0744710285 0.264570589 0.470588 1 0
v 0.0557510613 -0.0744742957 0.263073562 0.470588 1 0
v 0.056549319 -0.0744755494 0.261550781 0.470588 1 0
v 0.0573088643 -0.0744700862 0.260008204 0.470588 1 0
v 0.0580271089 -0.0744625999 0.258446024 0.470588 1 0
v 0.0587191713 -0.0744541786 0.256871942 0.470588 1 0
v 0.059381801 -0.0744419899 0.255285573 1 0 0.705882
v 0.0600165148 -0.0744262529 0.25368756 1 0 0.705882
v 0.06062653 -0.0744131821 0.252080023 1 0 0.705882
v 0.0612016772 -0.0743961338 0.250459826 1 0 0.705882
v 0.061741638 -0.0743801042 0.248827362 1 0 0.705882
v 0.0622663315 -0.0743627324 0.247189979 1 0 0.705882
v 0.0627691615 -0.0743414929 0.245545757 1 0 0.705882
v 0.0632447381 -0.0743211812 0.24389349 1 0 0.705882
v 0.0636805717 -0.0742961797 0.242230419 1 0 0.705882
v 0.064078129 -0.0742641667 0.2405578 1 0 0.705882
v 0.0644701321 -0.0742372761 0.238883773 0.313725 0.313725 1
v 0.064832221 -0.074206052 0.237203199 0.313725 0.313725 1
v 0.065177051 -0.0741737328 0.235518918 0.313725 0.313725 1
v 0.06552321 -0.074143313 0.233834877 0.313725 0.313725 1
v 0.0658383152 -0.074110671 0.232144842 0.313725 0.313725 1
v 0.0661469479 -0.0740767468 0.23045359 0.313725 0.313725 1
v 0.0664281857 -0.0740388887 0.228757661 0.313725 0.313725 1
v 0.0667000345 -0.073997984 0.227060259 0.313725 0.313725 1
v 0.0669493122 -0.0739633229 0.225359256 0.313725 0.313725 1
v 0.0671975979 -0.0739301766 0.223658082 0.313725 0.313725 1
v 0.067428854 -0.0738972241 0.221954504 0.705882 0.470588 0.156863
v 0.0676655984 -0.0738702642 0.220251571 0.705882 0.470588 0.156863
v 0.0678830399 -0.0738370097 0.21854618 0.705882 0.470588 0.156863
v 0.0681062586 -0.0738056446 0.216841502 0.705882 0.470588 0.156863
v 0.0683116246 -0.0737722317 0.215134633 0.705882 0.470588 0.156863
v 0.0685158019 -0.0737386588 0.213427608 0.705882 0.470588 0.156863
v 0.0687053519 -0.0737061962 0.211718905 0.705882 0.470588 0.156863
v 0.0688887798 -0.0736750985 0.210009481 0.705882 0.470588 0.156863
v 0.0690624078 -0.0736525142 0.208298918 0.705882 0.470588 0.156863
v 0.0692284563 -0.0736282651 0.206587604 0.705882 0.470588 0.156863
v 0.069387023 -0.0736093846 0.204875531 0.470588 0.470588 0.470588
v 0.0695347582 -0.0735891006 0.203162487 0.470588 0.470588 0.470588
v 0.0696784591 -0.0735680469 0.20144912 0.470588 0.470588 0.470588
v 0.0698084786 -0.0735433571 0.199734699 0.470588 0.470588 0.470588
v 0.0699296691 -0.0735145938 0.198019758 0.470588 0.470588 0.470588
v 0.0700275406 -0.0734754648 0.19630347 0.470588 0.470588 0.470588
v 0.0701320648 -0.0734586397 0.194587211 0.470588 0.470588 0.470588
v 0.0702303752 -0.0734402173 0.192870616 0.470588 0.470588 0.470588
v 0.0703196564 -0.073420898 0.191153522 0.470588 0.470588 0.470588
v 0.0704043225 -0.0734034193 0.189436186 0.470588 0.470588 0.470588
v 0.0704729724 -0.0733869295 0.187718125 1 0 0
v 0.0705343455 -0.0733671366 0.185999813 1 0 0
v 0.070555821 -0.073345639 0.184280605 1 0 0
v 0.0705650416 -0.0733224217 0.182561265 1 0 0
v 0.0704996312 -0.0732944675 0.180843304 1 0 0
v 0.0704195188 -0.0732669354 0.179126046 1 0 0
v 0.070237963 -0.0732471328 0.177416293 1 0 0
v 0.0700242797 -0.0732325832 0.175710469 1 0 0
v 0.0697701177 -0.0732314434 0.174009851 1 0 0
v 0.0694892795 -0.0732380718 0.172313495 1 0 0
v 0.0691899765 -0.0732440799 0.170620232 0 1 0
v 0.0689051424 -0.0732624083 0.16892457 0 1 0
v 0.0686249251 -0.0732774307 0.1672281 0 1 0
v 0.0683596784 -0.0732990234 0.165529339 0 1 0
v 0.0681084557 -0.073322596 0.163828431 0 1 0
v 0.0678621281 -0.0733429681 0.162126869 0 1 0
v 0.0676341314 -0.0733609483 0.160422625 0 1 0
v 0.0674180766 -0.0733796496 0.158716922 0 1 0
v 0.0672367443 -0.07339987 0.15700711 0 1 0
v 0.0670681516 -0.0734208172 0.155296039 0 1 0
v 0.0669102012 -0.0734424133 0.153583923 0 0.501961 1
v 0.0667439993 -0.0734557212 0.151872532 0 0.501961 1
v 0.0665722703 -0.0734636134 0.150161625 0 0.501961 1
v 0.0664139639 -0.0734726482 0.148449448 0 0.501961 1
v 0.0662533189 -0.0734785704 0.146737471 0 0.501961 1
v 0.0660890487 -0.073479186 0.145025814 0 0.501961 1
v 0.065924071 -0.0734820661 0.143314229 0 0.501961 1
v 0.0657579617 -0.0734877883 0.141602759 0 0.501961 1
v 0.0655994055 -0.0734931265 0.139890584 0 0.501961 1
v 0.0654478827 -0.0735014188 0.138177771 0 0.501961 1
v 0.0652882353 -0.0735045465 0.136465695 1 0.784314 0
v 0.0651243153 -0.0735034889 0.134754008 1 0.784314 0
v 0.0649664993 -0.0735028872 0.133041755 1 0.784314 0
v 0.064808012 -0.0735009793 0.131329578 1 0.784314 0
v 0.064667791 -0.0735139061 0.129615832 1 0.784314 0
v 0.0645205941 -0.0735157299 0.127902638 1 0.784314 0
v 0.0643746724 -0.0735155036 0.126189319 1 0.784314 0
v 0.0642235444 -0.0735156205 0.124476452 1 0.784314 0
v 0.0640724164 -0.0735157374 0.122763584 1 0.784314 0
v 0.0639330528 -0.0735235794 0.121049755 1 0.784314 0
v 0.0637881904 -0.0735303549 0.119336359 0.705882 0 1
v 0.0636493154 -0.073527749 0.117622461 0.705882 0 1
v 0.0635090183 -0.0735249068 0.115908679 0.705882 0 1
v 0.0633705516 -0.0735275462 0.114194744 0.705882 0 1
v 0.063224381 -0.0735284206 0.112481446 0.705882 0 1
v 0.0630773641 -0.0735336935 0.110768229 0.705882 0 1
v 0.062930476 -0.0735389594 0.109055001 0.705882 0 1
v 0.0627814917 -0.0735392805 0.107341968 0.705882 0 1
v 0.062626393 -0.0735375516 0.105629463 0 0.862745 0.862745
v 0.0624798574 -0.0735371021 0.103916196 0 0.862745 0.862745
v 0.0623252902 -0.0735332025 0.102203671 0 0.862745 0.862745
v 0.0621591933 -0.0735243145 0.100492214 0 0.862745 0.862745
v 0.0620052987 -0.0735205939 0.0987796349 0 0.862745 0.862745
v 0.0618598633 -0.0735204469 0.0970662775 0 0.862745 0.862745
v 0.0617071962 -0.0735161068 0.0953535785 0 0.862745 0.862745
v 0.0615477357 -0.0735083418 0.0936414841 0 0.862745 0.862745
v 0.0614123422 -0.0735109505 0.0919273149 0 0.862745 0.862745
v 0.0612725736 -0.0735115275 0.0902134929 0 0.862745 0.862745
v 0.0611423008 -0.0735129613 0.0884989339 1 0.470588 0
v 0.0610074747 -0.073510118 0.0867847084 1 0.470588 0
v 0.0608830844 -0.073518315 0.0850697179 1 0.470588 0
v 0.0607456923 -0.073522333 0.083355702 1 0.470588 0
v 0.0606145249 -0.0735280195 0.0816411997 1 0.470588 0
v 0.0604828766 -0.0735338337 0.0799267447 1 0.470588 0
v 0.0603461562 -0.073535832 0.0782126681 1 0.470588 0
v 0.060210499 -0.0735397574 0.076498519 1 0.470588 0
v 0.060067376 -0.0735397111 0.0747849639 1 0.470588 0
v 0.0599316814 -0.0735437927 0.0730708154 1 0.470588 0
v 0.059795327 -0.0735486226 0.0713567158 0.470588 1 0
v 0.0596702996 -0.0735622195 0.0696418072 0.470588 1 0
v 0.0595462104 -0.0735764215 0.0679268286 0.470588 1 0
v 0.0594327012 -0.0735926728 0.0662111768 0.470588 1 0
v 0.0593148479 -0.0736073995 0.0644957617 1 0 0.705882
v 0.0388657465 -0.0755885426 0.282423667 1 0.470588 0
v 0.0401324154 -0.0758161225 0.281314442 1 0.470588 0
v 0.0413979251 -0.0760403156 0.280203159 1 0.470588 0
v 0.0426500441 -0.0761661078 0.279062124 1 0.470588 0
v 0.043898669 -0.0762796226 0.277915488 1 0.470588 0
v 0.0451020933 -0.0763290168 0.276717558 1 0.470588 0
v 0.0462985025 -0.0763704855 0.275511899 1 0.470588 0
v 0.0474330318 -0.0764020781 0.274247791 1 0.470588 0
v 0.0485520376 -0.0764288029 0.27296959 1 0.470588 0
v 0.0496156969 -0.0764504852 0.271645082 1 0.470588 0
v 0.0506513643 -0.0764657121 0.270298332 0.470588 1 0
v 0.0516309722 -0.0764813749 0.268910431 0.470588 1 0
v 0.0525787181 -0.0764966322 0.267500396 0.470588 1 0
v 0.0534826674 -0.0765043421 0.266061968 0.470588 1 0
v 0.0543525829 -0.0765096143 0.264602636 0.470588 1 0
v 0.0551776998 -0.0765118098 0.263117561 0.470588 1 0
v 0.0559567077 -0.0765086974 0.261607804 0.470588 1 0
v 0.0567178638 -0.0765055568 0.260088804 0.470588 1 0
v 0.0574404742 -0.0764996167 0.258551691 0.470588 1 0
v 0.0581063644 -0.0764879679 0.256988623 0.470588 1 0
v 0.0587637656 -0.0764759169 0.255422049 1 0 0.705882
v 0.0593960301 -0.0764626752 0.253845092 1 0 0.705882
v 0.0599815416 -0.0764420907 0.252250516 1 0 0.705882
v 0.060535083 -0.0764200599 0.25064433 1 0 0.705882
v 0.0610806038 -0.0763998886 0.249035413 1 0 0.705882
v 0.0615937937 -0.0763824266 0.247415827 1 0 0.705882
v 0.06209802 -0.0763615037 0.245793475 1 0 0.705882
v 0.062550482 -0.0763373498 0.244155989 1 0 0.705882
v 0.0629859024 -0.0763105933 0.242514059 1 0 0.705882
v 0.0633907837 -0.0762795866 0.240864267 1 0 0.705882
v 0.0637559647 -0.0762469175 0.239205317 0.313725 0.313725 1
v 0.064110076 -0.0762134302 0.237543929 0.313725 0.313725 1
v 0.0644536415 -0.0761816808 0.235880299 0.313725 0.313725 1
v 0.0647709114 -0.0761410325 0.234211642 0.313725 0.313725 1
v 0.0650713602 -0.0761037737 0.232539798 0.313725 0.313725 1
v 0.0653723411 -0.0760684646 0.230868006 0.313725 0.313725 1
v 0.0656482409 -0.0760298785 0.229191986 0.313725 0.313725 1
v 0.0659186336 -0.0759903741 0.227515076 0.313725 0.313725 1
v 0.0661650257 -0.0759536289 0.225834401 0.313725 0.313725 1
v 0.066405168 -0.0759154853 0.224152888 0.313725 0.313725 1
v 0.066625685 -0.0758785432 0.222468627 0.705882 0.470588 0.156863
v 0.0668442148 -0.0758409079 0.220784133 0.705882 0.470588 0.156863
v 0.0670495643 -0.0758021389 0.219098001 0.705882 0.470588 0.156863
v 0.0672560957 -0.0757653622 0.217411964 0.705882 0.470588 0.156863
v 0.0674518224 -0.075725986 0.215724699 0.705882 0.470588 0.156863
v 0.0676487247 -0.0756903954 0.214037486 0.705882 0.470588 0.156863
v 0.0678277745 -0.0756524926 0.212348336 0.705882 0.470588 0.156863
v 0.0680087391 -0.0756202012 0.210659273 0.705882 0.470588 0.156863
v 0.0681710469 -0.075591021 0.208968272 0.705882 0.470588 0.156863
v 0.0683346856 -0.0755663609 0.207277315 0.705882 0.470588 0.156863
v 0.0684851631 -0.0755418046 0.205585164 0.470588 0.470588 0.470588
v 0.0686297248 -0.0755195738 0.203892436 0.470588 0.470588 0.470588
v 0.0687651246 -0.0754941805 0.202199047 0.470588 0.470588 0.470588
v 0.0688868607 -0.0754628758 0.200504667 0.470588 0.470588 0.470588
v 0.069007044 -0.0754349509 0.198810124 0.470588 0.470588 0.470588
v 0.0691187858 -0.0754045538 0.197115038 0.470588 0.470588 0.470588
v 0.0692193535 -0.075375853 0.195419247 0.470588 0.470588 0.470588
v 0.0693070782 -0.0753507361 0.193722668 0.470588 0.470588 0.470588
v 0.0693967922 -0.0753306421 0.192026128 0.470588 0.470588 0.470588
v 0.069474572 -0.0753103 0.190329009 0.470588 0.470588 0.470588
v 0.0695506294 -0.0752956689 0.188631747 1 0 0
v 0.0696241727 -0.0752831473 0.186934366 1 0 0
v 0.0696649095 -0.0752629354 0.185236054 1 0 0
v 0.0696786334 -0.0752379127 0.183537287 1 0 0
v 0.0696421513 -0.0752051342 0.181839357 1 0 0
v 0.0695588276 -0.0751682204 0.180142766 1 0 0
v 0.0694149622 -0.0751441618 0.17845067 1 0 0
v 0.0692354949 -0.0751276627 0.176761219 1 0 0
v 0.0690133798 -0.0751200201 0.175077291 1 0 0
v 0.068747138 -0.0751269475 0.173399258 1 0 0
v 0.068479783 -0.0751337308 0.171721406 0 1 0
v 0.0681943424 -0.0751516815 0.170046614 0 1 0
v 0.0679094045 -0.0751697763 0.16837174 0 1 0
v 0.0676396044 -0.0751912292 0.166694398 0 1 0
v 0.0673760255 -0.0752111915 0.165016079 0 1 0
v 0.0671151632 -0.0752216789 0.16333722 0 1 0
v 0.0668864198 -0.0752418711 0.161653837 0 1 0
v 0.0666636367 -0.075262388 0.159969595 0 1 0
v 0.0664862717 -0.0752868748 0.158280143 0 1 0
v 0.0663080999 -0.0753082735 0.156590617 0 1 0
v 0.0661444814 -0.0753289316 0.154899639 0 0.501961 1
v 0.065972575 -0.0753421183 0.153209372 0 0.501961 1
v 0.0658225 -0.07535933 0.151517078 0 0.501961 1
v 0.0656695985 -0.0753742644 0.14982502 0 0.501961 1
v 0.0655033511 -0.0753787439 0.148134167 0 0.501961 1
v 0.0653348261 -0.0753805241 0.146443515 0 0.501961 1
v 0.0651750189 -0.0753832825 0.144752014 0 0.501961 1
v 0.0650158656 -0.0753890176 0.143060457 0 0.501961 1
v 0.0648511035 -0.0753925956 0.141369463 0 0.501961 1
v 0.0646835671 -0.07539154 0.139678771 0 0.501961 1
v 0.0645299664 -0.0753970561 0.137986708 1 0.784314 0
v 0.0643705369 -0.0753990989 0.136295182 1 0.784314 0
v 0.0642050949 -0.075397653 0.13460422 1 0.784314 0
v 0.064058408 -0.0754008656 0.132911548 1 0.784314 0
v 0.0639089397 -0.0754029313 0.131219122 1 0.784314 0
v 0.063759865 -0.0754078621 0.129526658 1 0.784314 0
v 0.0636081903 -0.0754086142 0.127834415 1 0.784314 0
v 0.0634579776 -0.0754089501 0.126142031 1 0.784314 0
v 0.0633121606 -0.0754102735 0.124449265 1 0.784314 0
v 0.063163392 -0.0754080643 0.122756756 1 0.784314 0
v 0.063029777 -0.0754172464 0.121063036 0.705882 0 1
v 0.0629003523 -0.0754295974 0.119368981 0.705882 0 1
v 0.0627580647 -0.0754278557 0.11767592 0.705882 0 1
v 0.06261358 -0.0754241574 0.115983042 0.705882 0 1
v 0.0624723168 -0.0754234209 0.1142899 0.705882 0 1
v 0.0623289284 -0.0754236889 0.112596967 0.705882 0 1
v 0.0621946002 -0.0754367724 0.110903309 0.705882 0 1
v 0.0620485074 -0.0754372764 0.109210578 0.705882 0 1
v 0.0619058527 -0.0754398739 0.107517554 0 0.862745 0.862745
v 0.0617657637 -0.075444595 0.105824312 0 0.862745 0.862745
v 0.0616092318 -0.075438134 0.104132532 0 0.862745 0.862745
v 0.0614534579 -0.0754321 0.102440683 0 0.862745 0.862745
v 0.0613103791 -0.075432789 0.100747681 0 0.862745 0.862745
v 0.0611583185 -0.0754289971 0.0990555074 0 0.862745 0.862745
v 0.0609950754 -0.0754196601 0.0973643563 0 0.862745 0.862745
v 0.0608457813 -0.0754162036 0.0956719343 0 0.862745 0.862745
v 0.0607021008 -0.0754150021 0.0939789962 0 0.862745 0.862745
v 0.0605572342 -0.0754124808 0.0922862009 0 0.862745 0.862745
v 0.0604012908 -0.0754044834 0.0905943542 1 0.470588 0
v 0.0602717146 -0.0754064283 0.0889003146 1 0.470588 0
v 0.0601453617 -0.0754058646 0.0872059823 1 0.470588 0
v 0.0600110527 -0.075405951 0.0855122984 1 0.470588 0
v 0.0598864952 -0.0754130618 0.083817848 1 0.470588 0
v 0.0597483946 -0.0754163511 0.0821244495 1 0.470588 0
v 0.0596052408 -0.075418219 0.0804314549 1 0.470588 0
v 0.059474777 -0.0754235749 0.0787374614 1 0.470588 0
v 0.0593329051 -0.0754213189 0.077044361 1 0.470588 0
v 0.0592010202 -0.0754268721 0.0753504593 1 0.470588 0
v 0.0590649128 -0.0754316115 0.073656917 0.470588 1 0
v 0.0589437578 -0.0754442144 0.0719622518 0.470588 1 0
v 0.0588164269 -0.0754538676 0.0702680351 0.470588 1 0
v 0.0586894201 -0.0754639277 0.0685737815 0.470588 1 0
v 0.0585853363 -0.0754828603 0.0668781204 1 0 0.705882
v 0.0384294198 -0.0776301836 0.282157648 1 0.470588 0
v 0.039707177 -0.0778760869 0.281054505 1 0.470588 0
v 0.0409793523 -0.0780682263 0.279934617 1 0.470588 0
v 0.0422460758 -0.0782206814 0.278802679 1 0.470588 0
v 0.0434904255 -0.078309826 0.277639308 1 0.470588 0
v 0.0447128404 -0.0783720294 0.276451505 1 0.470588 0
v 0.0458993493 -0.0784113947 0.275226612 1 0.470588 0
v 0.0470474196 -0.0784429693 0.273965619 1 0.470588 0
v 0.0481640242 -0.0784691958 0.272676327 1 0.470588 0
v 0.049228994 -0.0784884103 0.271344039 1 0.470588 0
v 0.0502708423 -0.0785035028 0.269993303 0.470588 1 0
v 0.0512493472 -0.0785185138 0.268596172 0.470588 1 0
v 0.0522023052 -0.0785342515 0.267181329 0.470588 1 0
v 0.0530943937 -0.0785376273 0.265727277 0.470588 1 0
v 0.0539601384 -0.0785409212 0.264257703 0.470588 1 0
v 0.0547737731 -0.0785377714 0.262758317 0.470588 1 0
v 0.0555616819 -0.0785346531 0.26124542 0.470588 1 0
v 0.0562944154 -0.0785293728 0.25970492 0.470588 1 0
v 0.0570111694 -0.0785229027 0.258157097 0.470588 1 0
v 0.0576884916 -0.0785134422 0.256591429 0.470588 1 0
v 0.0583322137 -0.0784974264 0.255012005 1 0 0.705882
v 0.0589350372 -0.0784767013 0.253416278 1 0 0.705882
v 0.0595193491 -0.0784552409 0.251813869 1 0 0.705882
v 0.0600642405 -0.0784291401 0.250197568 1 0 0.705882
v 0.060587368 -0.0784009454 0.248574158 1 0 0.705882
v 0.0610904646 -0.078376706 0.246944288 1 0 0.705882
v 0.0615786213 -0.078354445 0.245310038 1 0 0.705882
v 0.0620262941 -0.0783290045 0.243664131 1 0 0.705882
v 0.0624387167 -0.0782956843 0.242009281 1 0 0.705882
v 0.0628286425 -0.0782581432 0.240348945 1 0 0.705882
v 0.0631936455 -0.0782264015 0.238682893 0.313725 0.313725 1
v 0.0635305865 -0.0781909299 0.237010961 0.313725 0.313725 1
v 0.0638515121 -0.0781516125 0.235335959 0.313725 0.313725 1
v 0.0641646259 -0.0781119958 0.233659509 0.313725 0.313725 1
v 0.0644566172 -0.0780702514 0.231979314 0.313725 0.313725 1
v 0.0647306584 -0.0780248621 0.230296183 0.313725 0.313725 1
v 0.064992259 -0.0779802423 0.228611029 0.313725 0.313725 1
v 0.0652447133 -0.0779363619 0.226924478 0.313725 0.313725 1
v 0.0654875344 -0.0778938248 0.225236477 0.313725 0.313725 1
v 0.0656977033 -0.0778501334 0.223544114 0.313725 0.313725 1
v 0.0659143694 -0.0778102564 0.221852489 0.705882 0.470588 0.156863
v 0.0661189771 -0.0777673023 0.220159434 0.705882 0.470588 0.156863
v 0.0663222717 -0.0777238902 0.218466225 0.705882 0.470588 0.156863
v 0.0665119741 -0.077680727 0.216771449 0.705882 0.470588 0.156863
v 0.066697356 -0.0776371583 0.21507619 0.705882 0.470588 0.156863
v 0.066878681 -0.0775988724 0.213380367 0.705882 0.470588 0.156863
v 0.0670557139 -0.0775601673 0.211684105 0.705882 0.470588 0.156863
v 0.0672144908 -0.0775233265 0.209986016 0.705882 0.470588 0.156863
v 0.0673765789 -0.0774950814 0.208288047 0.705882 0.470588 0.156863
v 0.0675226356 -0.0774640154 0.206588696 0.705882 0.470588 0.156863
v 0.0676665281 -0.0774390204 0.204889037 0.470588 0.470588 0.470588
v 0.0677978716 -0.0774097629 0.203188468 0.470588 0.470588 0.470588
v 0.0679199335 -0.0773771887 0.20148723 0.470588 0.470588 0.470588
v 0.0680385348 -0.0773437781 0.199785783 0.470588 0.470588 0.470588
v 0.0681430612 -0.0773117459 0.198083373 0.470588 0.470588 0.470588
v 0.0682382981 -0.0772760645 0.196380485 0.470588 0.470588 0.470588
v 0.0683377731 -0.0772508949 0.194677667 0.470588 0.470588 0.470588
v 0.0684245379 -0.0772217992 0.192974214 0.470588 0.470588 0.470588
v 0.0685152159 -0.0772063468 0.191270787 0.470588 0.470588 0.470588
v 0.0685995109 -0.0771898334 0.189567056 0.470588 0.470588 0.470588
v 0.0686619651 -0.0771716976 0.187862446 1 0 0
v 0.0687103312 -0.0771475066 0.186157384 1 0 0
v 0.0687324972 -0.0771241516 0.184451766 1 0 0
v 0.068728442 -0.0770938465 0.182746346 1 0 0
v 0.0686594584 -0.0770600038 0.181042155 1 0 0
v 0.0685543711 -0.0770221856 0.179340406 1 0 0
v 0.0683600185 -0.0769940938 0.177645823 1 0 0
v 0.0681542836 -0.0769744373 0.175952653 1 0 0
v 0.0679126528 -0.0769810891 0.174263947 1 0 0
v 0.0676419972 -0.0769864064 0.172579644 1 0 0
v 0.0673674864 -0.0770068082 0.170896077 0 1 0
v 0.0670874649 -0.0770263194 0.169213419 0 1 0
v 0.0668136374 -0.0770480035 0.167529757 0 1 0
v 0.0665490559 -0.0770698081 0.165844662 0 1 0
v 0.0662945529 -0.077088648 0.164157957 0 1 0
v 0.0660560657 -0.0771110771 0.162469129 0 1 0
v 0.0658213324 -0.0771277454 0.160779515 0 1 0
v 0.0656232759 -0.0771493704 0.159085554 0 1 0
v 0.0654508542 -0.0771744599 0.157388553 0 1 0
v 0.0652823591 -0.0771959075 0.155691152 0 1 0
v 0.0651127847 -0.0772122824 0.153993764 0 0.501961 1
v 0.0649563557 -0.0772297015 0.152295162 0 0.501961 1
v 0.0647962245 -0.0772413763 0.150596834 0 0.501961 1
v 0.0646402124 -0.0772530272 0.14889811 0 0.501961 1
v 0.0644828298 -0.0772630996 0.147199512 0 0.501961 1
v 0.0643228492 -0.0772693811 0.145501143 0 0.501961 1
v 0.0641572653 -0.0772709522 0.143803277 0 0.501961 1
v 0.0639930433 -0.0772728164 0.142105279 0 0.501961 1
v 0.0638219913 -0.0772708682 0.140407979 0 0.501961 1
v 0.0636607921 -0.0772729283 0.138709715 0 0.501961 1
v 0.0634951966 -0.077272621 0.137011857 1 0.784314 0
v 0.0633411536 -0.0772771071 0.135312909 1 0.784314 0
v 0.0631852754 -0.0772796144 0.133614139 1 0.784314 0
v 0.0630240683 -0.0772767893 0.131915854 1 0.784314 0
v 0.0628725938 -0.077279717 0.130216698 1 0.784314 0
v 0.062722207 -0.0772812732 0.128517418 1 0.784314 0
v 0.0625786606 -0.0772860927 0.126817554 1 0.784314 0
v 0.0624311805 -0.0772880822 0.125118031 1 0.784314 0
v 0.0622938633 -0.0772924711 0.12341765 1 0.784314 0
v 0.062153752 -0.0772964621 0.121717501 1 0.784314 0
v 0.0620087781 -0.0772999793 0.120017754 0.705882 0 1
v 0.0618686262 -0.0773026135 0.118317607 0.705882 0 1
v 0.0617262136 -0.0773001612 0.116617652 0.705882 0 1
v 0.0615908465 -0.0773018853 0.114917138 0.705882 0 1
v 0.0614584038 -0.0773073631 0.113216392 0.705882 0 1
v 0.0613093375 -0.0773123278 0.111517003 0.705882 0 1
v 0.0611661837 -0.0773168011 0.10981711 0.705882 0 1
v 0.061024133 -0.0773190286 0.108117122 0.705882 0 1
v 0.0608812033 -0.0773218805 0.106417213 0 0.862745 0.862745
v 0.0607353948 -0.0773217916 0.104717536 0 0.862745 0.862745
v 0.0605792076 -0.0773150319 0.103018833 0 0.862745 0.862745
v 0.0604241979 -0.0773104874 0.101320034 0 0.862745 0.862745
v 0.0602625108 -0.0773019732 0.0996218562 0 0.862745 0.862745
v 0.0601252957 -0.0773058785 0.0979214658 0 0.862745 0.862745
v 0.0599763765 -0.0773032773 0.0962221524 0 0.862745 0.862745
v 0.0598063512 -0.0772889503 0.0945247848 0 0.862745 0.862745
v 0.0596570447 -0.0772850375 0.0928255326 0 0.862745 0.862745
v 0.0595160104 -0.0772851356 0.0911254925 0 0.862745 0.862745
v 0.0593841929 -0.0772870919 0.0894247352 1 0.470588 0
v 0.0592394045 -0.0772824464 0.0877250415 1 0.470588 0
v 0.0591057745 -0.0772841857 0.0860244028 1 0.470588 0
v 0.0589676327 -0.0772833934 0.0843241199 1 0.470588 0
v 0.0588228043 -0.0772788565 0.0826243665 1 0.470588 0
v 0.0586925557 -0.0772863896 0.0809234469 1 0.470588 0
v 0.0585501985 -0.0772823692 0.0792235074 1 0.470588 0
v 0.0584208634 -0.0772874576 0.0775225026 1 0.470588 0
v 0.0582885605 -0.0772936358 0.0758217567 1 0.470588 0
v 0.0581449101 -0.0772956107 0.0741218996 1 0.470588 0
v 0.0580141547 -0.0773038704 0.072421054 0.470588 1 0
v 0.0578874114 -0.0773142769 0.0707198783 0.470588 1 0
v 0.0577824447 -0.0773355009 0.0690173297 1 0 0.705882
v 0.0380068726 -0.0796731551 0.281868688 1 0.470588 0
v 0.039293565 -0.0799174857 0.280762589 1 0.470588 0
v 0.040576373 -0.0801073089 0.279641732 1 0.470588 0
v 0.0418539294 -0.0802633174 0.278509431 1 0.470588 0
v 0.0431024268 -0.0803446717 0.277337723 1 0.470588 0
v 0.0443403531 -0.0804111789 0.276153845 1 0.470588 0
v 0.0455148392 -0.0804473827 0.27490561 1 0.470588 0
v 0.0466884314 -0.080483429 0.273656556 1 0.470588 0
v 0.0477764946 -0.0805061245 0.272332039 1 0.470588 0
v 0.0488636757 -0.0805284726 0.271006764 1 0.470588 0
v 0.0498806245 -0.0805445805 0.269627506 0.470588 1 0
v 0.0508775474 -0.0805589011 0.268232961 0.470588 1 0
v 0.0518122177 -0.0805655027 0.266796929 0.470588 1 0
v 0.0527124907 -0.080567855 0.265338053 0.470588 1 0
v 0.0535573958 -0.0805657955 0.263847007 0.470588 1 0
v 0.0543726704 -0.0805619516 0.262338985 0.470588 1 0
v 0.0551544115 -0.0805572372 0.260813477 0.470588 1 0
v 0.0558857446 -0.0805518501 0.259263012 0.470588 1 0
v 0.0565907855 -0.0805409997 0.257700771 0.470588 1 0
v 0.0572476946 -0.080524418 0.256117417 0.470588 1 0
v 0.0578860226 -0.0805063327 0.254526703 1 0 0.705882
v 0.0584821541 -0.0804831816 0.252919615 1 0 0.705882
v 0.0590446914 -0.0804549238 0.251300632 1 0 0.705882
v 0.0595850901 -0.0804255945 0.249674003 1 0 0.705882
v 0.0601042922 -0.0803983869 0.248040531 1 0 0.705882
v 0.0605876637 -0.08036583 0.246396125 1 0 0.705882
v 0.0610388254 -0.0803344441 0.244742739 1 0 0.705882
v 0.0614730952 -0.0803043249 0.243084632 1 0 0.705882
v 0.0618752429 -0.0802682946 0.241418749 1 0 0.705882
v 0.062236968 -0.0802228816 0.239743664 1 0 0.705882
v 0.0625894597 -0.0801880204 0.238066375 0.313725 0.313725 1
v 0.0629207021 -0.0801493606 0.236384968 0.313725 0.313725 1
v 0.0632225036 -0.0801019997 0.23469811 0.313725 0.313725 1
v 0.0635099638 -0.080053799 0.233008786 0.313725 0.313725 1
v 0.0637938403 -0.0800062258 0.231318825 0.313725 0.313725 1
v 0.0640583182 -0.0799609376 0.229625675 0.313725 0.313725 1
v 0.0643015776 -0.0799082169 0.227929549 0.313725 0.313725 1
v 0.0645318791 -0.0798578936 0.226231539 0.313725 0.313725 1
v 0.0647557694 -0.0798111752 0.224532581 0.313725 0.313725 1
v 0.0649589072 -0.0797632618 0.222831143 0.313725 0.313725 1
v 0.0651461144 -0.0797119534 0.221127879 0.705882 0.470588 0.156863
v 0.0653335066 -0.0796623154 0.219424579 0.705882 0.470588 0.156863
v 0.0655216215 -0.0796158028 0.217721275 0.705882 0.470588 0.156863
v 0.0657115629 -0.0795738829 0.216018047 0.705882 0.470588 0.156863
v 0.065893167 -0.0795324659 0.214313918 0.705882 0.470588 0.156863
v 0.0660635496 -0.0794874498 0.212608704 0.705882 0.470588 0.156863
v 0.0662305419 -0.0794487611 0.210902998 0.705882 0.470588 0.156863
v 0.0663871568 -0.0794080826 0.209196383 0.705882 0.470588 0.156863
v 0.0665299955 -0.0793708961 0.207488451 0.705882 0.470588 0.156863
v 0.0666729563 -0.0793345463 0.205780514 0.705882 0.470588 0.156863
v 0.0667991131 -0.0793032164 0.20407117 0.470588 0.470588 0.470588
v 0.0669221482 -0.079270835 0.202361599 0.470588 0.470588 0.470588
v 0.0670307115 -0.0792347036 0.200651157 0.470588 0.470588 0.470588
v 0.0671316074 -0.0791967082 0.198940253 0.470588 0.470588 0.470588
v 0.0672371345 -0.0791655573 0.197229496 0.470588 0.470588 0.470588
v 0.0673268124 -0.079127415 0.195517975 0.470588 0.470588 0.470588
v 0.0674229905 -0.079101868 0.193806567 0.470588 0.470588 0.470588
v 0.0675140901 -0.0790774902 0.192094886 0.470588 0.470588 0.470588
v 0.067585186 -0.0790539407 0.19038223 0.470588 0.470588 0.470588
v 0.0676508183 -0.0790321176 0.188669339 0.470588 0.470588 0.470588
v 0.0677093901 -0.0790133651 0.186956145 1 0 0
v 0.0677387789 -0.0789868491 0.185242486 1 0 0
v 0.0677434527 -0.078952981 0.183528529 1 0 0
v 0.0676957638 -0.0789134915 0.181815602 1 0 0
v 0.0676031085 -0.0788741013 0.180104693 1 0 0
v 0.0674401733 -0.0788464277 0.17839838 1 0 0
v 0.0672522944 -0.0788237611 0.176694829 1 0 0
v 0.0670053001 -0.0788270649 0.174998444 1 0 0
v 0.0667475127 -0.0788230093 0.17330365 1 0 0
v 0.0664748815 -0.0788454135 0.171611352 1 0 0
v 0.0661914632 -0.0788625101 0.169920731 0 1 0
v 0.0659102052 -0.0788815583 0.168229771 0 1 0
v 0.0656400394 -0.0789002006 0.16653702 0 1 0
v 0.0653771189 -0.0789173168 0.16484309 0 1 0
v 0.0651349015 -0.0789395987 0.163146341 0 1 0
v 0.0649215675 -0.0789712754 0.161445664 0 1 0
v 0.0647133189 -0.078997176 0.159744469 0 1 0
v 0.0645233134 -0.0790131111 0.158040809 0 1 0
v 0.0643449825 -0.0790327141 0.156336008 0 1 0
v 0.0641886514 -0.0790592618 0.154629059 0 1 0
v 0.0640303035 -0.079078261 0.152922237 0 0.501961 1
v 0.0638714049 -0.079089692 0.151215369 0 0.501961 1
v 0.0637175893 -0.0791040131 0.149508065 0 0.501961 1
v 0.0635549936 -0.0791125908 0.147801557 0 0.501961 1
v 0.0633963785 -0.0791204321 0.146094654 0 0.501961 1
v 0.0632451347 -0.079130541 0.144387071 0 0.501961 1
v 0.0630766956 -0.0791310523 0.142681135 0 0.501961 1
v 0.0628977688 -0.0791257373 0.140976209 0 0.501961 1
v 0.0627386176 -0.0791298645 0.139269375 0 0.501961 1
v 0.0625872242 -0.0791376957 0.137561793 0 0.501961 1
v 0.0624214469 -0.079136683 0.135855551 1 0.784314 0
v 0.0622518184 -0.0791333145 0.13414967 1 0.784314 0
v 0.0620978246 -0.0791355244 0.13244231 1 0.784314 0
v 0.0619391871 -0.0791347556 0.130735385 1 0.784314 0
v 0.0617969044 -0.0791406558 0.129027012 1 0.784314 0
v 0.0616502879 -0.0791438647 0.127319018 1 0.784314 0
v 0.0615027598 -0.0791464859 0.125611091 1 0.784314 0
v 0.061356275 -0.0791480659 0.123903073 1 0.784314 0
v 0.0612087502 -0.0791489056 0.122195135 1 0.784314 0
v 0.0610753483 -0.0791582335 0.120486062 1 0.784314 0
v 0.0609334311 -0.0791599841 0.118777663 0.705882 0 1
v 0.0608011506 -0.0791618531 0.11706848 0.705882 0 1
v 0.0606563526 -0.0791583995 0.115360335 0.705882 0 1
v 0.060505569 -0.0791518052 0.113652694 0.705882 0 1
v 0.0603697167 -0.0791631366 0.111943858 0.705882 0 1
v 0.0602284254 -0.0791727814 0.110235464 0.705882 0 1
v 0.0600875256 -0.0791741954 0.10852699 0.705882 0 1
v 0.0599426211 -0.0791753736 0.106818842 0.705882 0 1
v 0.0597801463 -0.0791687556 0.105112277 0 0.862745 0.862745
v 0.0596160731 -0.0791592891 0.103405876 0 0.862745 0.862745
v 0.0594729518 -0.0791618406 0.101697574 0 0.862745 0.862745
v 0.0593158248 -0.0791569824 0.0999905731 0 0.862745 0.862745
v 0.0591589772 -0.0791512301 0.0982835421 0 0.862745 0.862745
v 0.0589975708 -0.0791425151 0.0965769233 0 0.862745 0.862745
v 0.0588567293 -0.0791440978 0.0948684213 0 0.862745 0.862745
v 0.0587031703 -0.0791381823 0.0931611332 0 0.862745 0.862745
v 0.0585301129 -0.0791208779 0.0914556803 0 0.862745 0.862745
v 0.0583935593 -0.0791224237 0.0897470161 0 0.862745 0.862745
v 0.058255241 -0.0791220076 0.0880384013 1 0.470588 0
v 0.0581132636 -0.0791195088 0.0863300704 1 0.470588 0
v 0.057968206 -0.079115292 0.0846219853 1 0.470588 0
v 0.0578408728 -0.0791217042 0.0829124351 1 0.470588 0
v 0.0577050483 -0.0791215395 0.0812035315 1 0.470588 0
v 0.0575709172 -0.0791206649 0.0794945003 1 0.470588 0
v 0.0574234676 -0.079117072 0.0777865747 1 0.470588 0
v 0.0572731793 -0.079113032 0.0760788818 1 0.470588 0
v 0.0571437131 -0.0791226629 0.0743695089 1 0.470588 0
v 0.0570172417 -0.0791320793 0.0726599493 1 0.470588 0
v 0.0569095769 -0.0791556128 0.0709491973 0.470588 1 0
v 0.037592941 -0.0817166679 0.281563297 1 0.470588 0
v 0.0388696193 -0.0819454589 0.280468785 1 0.470588 0
v 0.0401413845 -0.0821397396 0.279362868 1 0.470588 0
v 0.0414043315 -0.0822812539 0.27823808 1 0.470588 0
v 0.042645257 -0.0823810462 0.277085985 1 0.470588 0
v 0.0438596846 -0.0824338559 0.275901676 1 0.470588 0
v 0.0450458718 -0.0824773988 0.274689289 1 0.470588 0
v 0.0461697994 -0.0825064068 0.273418032 1 0.470588 0
v 0.047274799 -0.0825327854 0.272130562 1 0.470588 0
v 0.0483339319 -0.0825529324 0.270804988 1 0.470588 0
v 0.0493611893 -0.0825688206 0.269454174 0.470588 1 0
v 0.0503464318 -0.0825821866 0.268072879 0.470588 1 0
v 0.0512598738 -0.0825890231 0.26664257 0.470588 1 0
v 0.052155649 -0.0825930713 0.265201462 0.470588 1 0
v 0.0529777376 -0.0825892371 0.263716752 0.470588 1 0
v 0.0537890545 -0.0825849585 0.262226338 0.470588 1 0
v 0.0545517102 -0.0825772376 0.260710256 0.470588 1 0
v 0.0552820789 -0.0825669057 0.259178799 0.470588 1 0
v 0.0559683584 -0.0825504812 0.257626718 0.470588 1 0
v 0.0566189219 -0.0825342656 0.256059361 0.470588 1 0
v 0.0572381357 -0.082510277 0.254479518 1 0 0.705882
v 0.0578198832 -0.082485275 0.252885419 1 0 0.705882
v 0.0583845612 -0.0824578226 0.251285361 1 0 0.705882
v 0.058902648 -0.082422557 0.249669663 1 0 0.705882
v 0.0594010569 -0.0823874556 0.248047883 1 0 0.705882
v 0.0598776431 -0.0823541329 0.246419397 1 0 0.705882
v 0.0603254973 -0.0823210356 0.244783063 1 0 0.705882
v 0.0607298387 -0.0822820845 0.243135277 1 0 0.705882
v 0.0611066232 -0.0822404639 0.241481237 1 0 0.705882
v 0.0614606827 -0.0821966418 0.239822042 1 0 0.705882
v 0.061807929 -0.082153957 0.238161474 0.313725 0.313725 1
v 0.0621135362 -0.0821072377 0.236492756 0.313725 0.313725 1
v 0.0624151149 -0.0820584685 0.23482336 0.313725 0.313725 1
v 0.0626819494 -0.0820021567 0.233148341 0.313725 0.313725 1
v 0.0629458759 -0.0819460987 0.231472808 0.313725 0.313725 1
v 0.0631902542 -0.0818925263 0.229794237 0.313725 0.313725 1
v 0.0634322102 -0.0818397815 0.228115288 0.313725 0.313725 1
v 0.0636491936 -0.0817845588 0.226433086 0.313725 0.313725 1
v 0.0638482153 -0.0817245964 0.224748758 0.313725 0.313725 1
v 0.064040172 -0.0816732735 0.223063323 0.313725 0.313725 1
v 0.0642246028 -0.0816209338 0.221377076 0.705882 0.470588 0.156863
v 0.0644011382 -0.0815687147 0.219690047 0.705882 0.470588 0.156863
v 0.064567718 -0.0815132986 0.218002062 0.705882 0.470588 0.156863
v 0.0647370739 -0.0814611496 0.216314223 0.705882 0.470588 0.156863
v 0.0649123193 -0.0814157662 0.214626803 0.705882 0.470588 0.156863
v 0.0650913089 -0.0813743576 0.212939659 0.705882 0.470588 0.156863
v 0.0652402417 -0.0813262164 0.211249797 0.705882 0.470588 0.156863
v 0.0653860312 -0.0812785667 0.209559629 0.705882 0.470588 0.156863
v 0.0655323979 -0.0812409646 0.207869255 0.705882 0.470588 0.156863
v 0.0656613253 -0.0812008851 0.206177576 0.705882 0.470588 0.156863
v 0.0657744977 -0.0811594855 0.204484756 0.470588 0.470588 0.470588
v 0.0658972916 -0.0811284316 0.202792372 0.470588 0.470588 0.470588
v 0.0660155894 -0.0810983295 0.201099654 0.470588 0.470588 0.470588
v 0.0661172301 -0.0810617719 0.199406004 0.470588 0.470588 0.470588
v 0.0662101091 -0.081022846 0.197711913 0.470588 0.470588 0.470588
v 0.0663124011 -0.0809924261 0.196018153 0.470588 0.470588 0.470588
v 0.0663970615 -0.0809578159 0.19432354 0.470588 0.470588 0.470588
v 0.066470831 -0.0809210185 0.192628425 0.470588 0.470588 0.470588
v 0.0665505877 -0.0808991287 0.190933343 0.470588 0.470588 0.470588
v 0.0666269066 -0.080877881 0.189238107 0.470588 0.470588 0.470588
v 0.0666667473 -0.0808498051 0.187541697 1 0 0
v 0.0666994 -0.0808202024 0.185845177 1 0 0
v 0.0667132934 -0.0807912106 0.184148364 1 0 0
v 0.0666803508 -0.0807515346 0.182452626 1 0 0
v 0.0665930107 -0.0807005013 0.180758526 1 0 0
v 0.0664519504 -0.080668012 0.17906793 1 0 0
v 0.0662674708 -0.0806338979 0.177381259 1 0 0
v 0.0660399899 -0.0806342222 0.175699657 1 0 0
v 0.0657965062 -0.0806383595 0.174020138 1 0 0
v 0.0655299814 -0.0806547896 0.172344233 1 0 0
v 0.0652493847 -0.0806698193 0.170670544 0 1 0
v 0.0649737631 -0.080690615 0.168996086 0 1 0
v 0.0647048511 -0.080708611 0.167320529 0 1 0
v 0.0644462706 -0.0807269379 0.165643326 0 1 0
v 0.0641962712 -0.0807487508 0.163964936 0 1 0
v 0.0639798695 -0.080778235 0.162281968 0 1 0
v 0.0637501184 -0.080801056 0.160600628 0 1 0
v 0.0635777092 -0.0808265923 0.158912524 0 1 0
v 0.0633999815 -0.0808479613 0.157224923 0 1 0
v 0.0632363035 -0.0808699424 0.155535896 0 1 0
v 0.0630708244 -0.0808888391 0.153847001 0 0.501961 1
v 0.0629292851 -0.0809089049 0.152155914 0 0.501961 1
v 0.0627784368 -0.0809237977 0.150465607 0 0.501961 1
v 0.0626257435 -0.0809376522 0.148775452 0 0.501961 1
v 0.0624696748 -0.0809477216 0.147085575 0 0.501961 1
v 0.0623119321 -0.0809525631 0.145395852 0 0.501961 1
v 0.0621503066 -0.0809562821 0.143706466 0 0.501961 1
v 0.0619954459 -0.0809661858 0.142016457 0 0.501961 1
v 0.0618349357 -0.0809710826 0.140327004 0 0.501961 1
v 0.0616693859 -0.0809698294 0.138637989 0 0.501961 1
v 0.0615035029 -0.0809683016 0.136949005 1 0.784314 0
v 0.0613509296 -0.0809735082 0.135258767 1 0.784314 0
v 0.0611846782 -0.0809704017 0.133569878 1 0.784314 0
v 0.0610413256 -0.0809779031 0.131878842 1 0.784314 0
v 0.0608915101 -0.0809807823 0.130188377 1 0.784314 0
v 0.0607348811 -0.0809778353 0.128498504 1 0.784314 0
v 0.0605868841 -0.0809793425 0.126807876 1 0.784314 0
v 0.060434857 -0.0809776796 0.125117581 1 0.784314 0
v 0.0602974281 -0.0809836544 0.123426068 1 0.784314 0
v 0.0601575671 -0.0809879264 0.121734746 1 0.784314 0
v 0.0600290003 -0.0809979111 0.120042537 0.705882 0 1
v 0.0598868874 -0.0809973716 0.118351406 0.705882 0 1
v 0.0597333077 -0.080988585 0.116661274 0.705882 0 1
v 0.059598176 -0.0809879779 0.11496959 0.705882 0 1
v 0.0594604304 -0.0809856789 0.11327815 0.705882 0 1
v 0.0593204663 -0.0809967023 0.111586907 0.705882 0 1
v 0.0591683966 -0.081001415 0.109896638 0.705882 0 1
v 0.0590187635 -0.0809966074 0.108206261 0.705882 0 1
v 0.0588553587 -0.080985297 0.106517096 0 0.862745 0.862745
v 0.0587055093 -0.0809840108 0.104826607 0 0.862745 0.862745
v 0.0585428005 -0.0809742069 0.103137421 0 0.862745 0.862745
v 0.058391942 -0.0809727731 0.101447097 0 0.862745 0.862745
v 0.0582280365 -0.0809634067 0.0997579819 0 0.862745 0.862745
v 0.0580896545 -0.0809672872 0.0980665196 0 0.862745 0.862745
v 0.0579340718 -0.0809601722 0.0963766284 0 0.862745 0.862745
v 0.0577660268 -0.0809449552 0.0946879234 0 0.862745 0.862745
v 0.0576113318 -0.080937928 0.0929979102 0 0.862745 0.862745
v 0.0574521106 -0.0809281663 0.0913083502 0 0.862745 0.862745
v 0.0573146461 -0.0809274836 0.0896169681 1 0.470588 0
v 0.0571562699 -0.080913846 0.0879273371 1 0.470588 0
v 0.057034808 -0.08092296 0.0862345957 1 0.470588 0
v 0.0569079164 -0.0809288485 0.0845422856 1 0.470588 0
v 0.0567690487 -0.0809282796 0.0828508588 1 0.470588 0
v 0.0566264301 -0.0809249928 0.0811597811 1 0.470588 0
v 0.056463727 -0.0809071345 0.0794705747 1 0.470588 0
v 0.0563227862 -0.0809047896 0.0777794549 1 0.470588 0
v 0.0561903707 -0.0809095156 0.0760875326 1 0.470588 0
v 0.0560692264 -0.0809193975 0.0743948636 1 0.470588 0
v 0.0559610876 -0.0809355733 0.0727012716 0.470588 1 0
v 0.0371875233 -0.0837582313 0.281223826 0.470588 0.470588 0.470588
v 0.0384722526 -0.0839799496 0.280121158 0.470588 0.470588 0.470588
v 0.0397551251 -0.0841828586 0.27901305 0.470588 0.470588 0.470588
v 0.0410243421 -0.0843138855 0.277878403 0.470588 0.470588 0.470588
v 0.0422820215 -0.0844202805 0.276729068 0.470588 0.470588 0.470588
v 0.0434992317 -0.0844695314 0.275532633 0.470588 0.470588 0.470588
v 0.044677699 -0.0845066446 0.274298392 0.470588 0.470588 0.470588
v 0.0458048058 -0.0845347994 0.273016022 0.470588 0.470588 0.470588
v 0.0469247601 -0.0845605202 0.271727519 0.470588 0.470588 0.470588
v 0.0479589935 -0.084574904 0.270368927 0.470588 0.470588 0.470588
v 0.0489916329 -0.0845894399 0.269009118 1 0 0
v 0.0499554969 -0.0845961871 0.267600899 1 0 0
v 0.0508758908 -0.0846007721 0.266162694 1 0 0
v 0.0517384035 -0.0845977314 0.264689863 1 0 0
v 0.0525653383 -0.0845902432 0.263195961 1 0 0
v 0.0533555967 -0.0845834778 0.261682506 1 0 0
v 0.054130971 -0.0845764514 0.260161205 1 0 0
v 0.0548364334 -0.084561892 0.25860655 1 0 0
v 0.0555173107 -0.0845421979 0.257040869 1 0 0
v 0.056155711 -0.0845214801 0.255457313 1 0 0
v 0.0567718965 -0.084497543 0.253865202 0 1 0
v 0.0573389298 -0.0844662236 0.252254897 0 1 0
v 0.0578818011 -0.0844324327 0.250636485 0 1 0
v 0.0584036016 -0.0843969128 0.249011032 0 1 0
v 0.0588748361 -0.0843555004 0.24737067 0 1 0
v 0.0593261376 -0.0843120341 0.245724441 0 1 0
v 0.0597420224 -0.0842722207 0.244068891 0 1 0
v 0.0601515302 -0.084233065 0.242411663 0 1 0
v 0.0604957898 -0.0841811757 0.240740252 0 1 0
v 0.0608267606 -0.0841260682 0.239066019 0 1 0
v 0.0611290218 -0.0840709084 0.237386465 0 0.501961 1
v 0.0614238312 -0.0840175086 0.235705444 0 0.501961 1
v 0.061705261 -0.0839629734 0.234022286 0 0.501961 1
v 0.0619676157 -0.0839035314 0.232336092 0 0.501961 1
v 0.0621965906 -0.0838344324 0.230645444 0 0.501961 1
v 0.0624159496 -0.0837674095 0.228953397 0 0.501961 1
v 0.0626260875 -0.0837031597 0.227260088 0 0.501961 1
v 0.0628305874 -0.0836403144 0.225566021 0 0.501961 1
v 0.0630167121 -0.0835813629 0.223869792 0 0.501961 1
v 0.063181117 -0.0835148488 0.222171504 0 0.501961 1
v 0.0633539831 -0.0834597661 0.220473653 1 0.784314 0
v 0.0635186155 -0.0834011369 0.218775115 1 0.784314 0
v 0.0636893548 -0.0833485544 0.217077007 1 0.784314 0
v 0.0638426946 -0.0832878306 0.215377493 1 0.784314 0
v 0.0640006422 -0.083233695 0.213678158 1 0.784314 0
v 0.0641640232 -0.0831876765 0.211979128 1 0.784314 0
v 0.0643335538 -0.0831491447 0.210280479 1 0.784314 0
v 0.0644602723 -0.0830973442 0.208578525 1 0.784314 0
v 0.0645809304 -0.0830470206 0.206876029 1 0.784314 0
v 0.064705602 -0.0830112683 0.205173439 1 0.784314 0
v 0.0648214055 -0.0829725217 0.20347034 0.705882 0 1
v 0.0649307789 -0.0829358294 0.201766724 0.705882 0 1
v 0.0650379915 -0.0829001555 0.200062945 0.705882 0 1
v 0.0651432491 -0.0828660692 0.198359015 0.705882 0 1
v 0.0652270665 -0.0828240948 0.196654092 0.705882 0 1
v 0.065307634 -0.0827820188 0.194948998 0.705882 0 1
v 0.0653979655 -0.0827548108 0.193244084 0.705882 0 1
v 0.0654760566 -0.0827245316 0.191538644 0.705882 0 1
v 0.0655402697 -0.0826947921 0.189832601 0.705882 0 1
v 0.065593594 -0.0826679271 0.18812614 0.705882 0 1
v 0.0656279916 -0.0826367235 0.186419312 0 0.862745 0.862745
v 0.0656268593 -0.0825969056 0.184712289 0 0.862745 0.862745
v 0.0656102319 -0.0825523247 0.183005503 0 0.862745 0.862745
v 0.0655279449 -0.082507716 0.181300576 0 0.862745 0.862745
v 0.0653994152 -0.0824568561 0.179598975 0 0.862745 0.862745
v 0.0652244159 -0.0824329967 0.177900623 0 0.862745 0.862745
v 0.0650126714 -0.0824167152 0.176206671 0 0.862745 0.862745
v 0.0647478686 -0.0824131958 0.174519811 0 0.862745 0.862745
v 0.0644811153 -0.0824257653 0.17283336 0 0.862745 0.862745
v 0.0642130106 -0.0824505556 0.171147199 0 0.862745 0.862745
v 0.0639423376 -0.0824732128 0.169461472 1 0.470588 0
v 0.0636642103 -0.0824909993 0.167776847 1 0.470588 0
v 0.0634036071 -0.0825112264 0.166089479 1 0.470588 0
v 0.063151138 -0.0825340974 0.164400879 1 0.470588 0
v 0.0629276613 -0.0825642483 0.162708437 1 0.470588 0
v 0.062709789 -0.0825905136 0.161015103 1 0.470588 0
v 0.0625248058 -0.0826157002 0.159317926 1 0.470588 0
v 0.0623373263 -0.0826328576 0.157620848 1 0.470588 0
v 0.0621887349 -0.0826638474 0.155920085 1 0.470588 0
v 0.0620328279 -0.0826884229 0.154219935 1 0.470588 0
v 0.0618734225 -0.0827013365 0.152519938 0.470588 1 0
v 0.061720569 -0.0827154687 0.150819377 0.470588 1 0
v 0.0615849989 -0.082735395 0.149117364 0.470588 1 0
v 0.0614300188 -0.0827460179 0.147416944 0.470588 1 0
v 0.0612773438 -0.0827553479 0.145716332 0.470588 1 0
v 0.0611173589 -0.0827610237 0.144016391 0.470588 1 0
v 0.0609435815 -0.0827607895 0.142317734 0.470588 1 0
v 0.0607793912 -0.0827647104 0.140618154 0.470588 1 0
v 0.0606284894 -0.0827739161 0.138917342 0.470588 1 0
v 0.0604724832 -0.0827796963 0.13721703 0.470588 1 0
v 0.0603165356 -0.0827845978 0.135516737 1 0 0.705882
v 0.0601402057 -0.082776754 0.133818361 1 0 0.705882
v 0.059989214 -0.0827804442 0.13211758 1 0 0.705882
v 0.0598335881 -0.0827791506 0.130417164 1 0 0.705882
v 0.059682851 -0.0827802456 0.12871634 1 0 0.705882
v 0.0595223963 -0.0827743238 0.127016448 1 0 0.705882
v 0.0593845598 -0.0827822773 0.125314516 1 0 0.705882
v 0.0592429693 -0.0827866605 0.123612891 1 0 0.705882
v 0.0591064192 -0.0827945225 0.121910855 1 0 0.705882
v 0.0589479386 -0.0827873429 0.120210736 1 0 0.705882
v 0.058802601 -0.0827863555 0.118509522 0.313725 0.313725 1
v 0.0586750587 -0.0827951104 0.116806791 0.313725 0.313725 1
v 0.0585313973 -0.0827943083 0.115105429 0.313725 0.313725 1
v 0.0583709115 -0.0827810632 0.113405517 0.313725 0.313725 1
v 0.0582291005 -0.0827874244 0.111704013 0.313725 0.313725 1
v 0.0580629696 -0.0827768937 0.110004661 0.313725 0.313725 1
v 0.0579105694 -0.0827743582 0.108303981 0.313725 0.313725 1
v 0.0577591559 -0.0827723553 0.106603221 0.313725 0.313725 1
v 0.0575943758 -0.0827622006 0.1049038 0.705882 0.470588 0.156863
v 0.0574194167 -0.082744974 0.103205352 0.705882 0.470588 0.156863
v 0.0572778997 -0.082749506 0.101503717 0.705882 0.470588 0.156863
v 0.0571028949 -0.0827306869 0.0998054118 0.705882 0.470588 0.156863
v 0.0569618902 -0.0827344301 0.0981037867 0.705882 0.470588 0.156863
v 0.0568001613 -0.0827240463 0.0964040197 0.705882 0.470588 0.156863
v 0.0566298568 -0.0827064812 0.0947052971 0.705882 0.470588 0.156863
v 0.0564549499 -0.0826860943 0.0930069146 0.705882 0.470588 0.156863
v 0.0562975229 -0.0826778427 0.0913067403 0.705882 0.470588 0.156863
v 0.0561676477 -0.0826847283 0.089604199 0.705882 0.470588 0.156863
v 0.0560267927 -0.0826834825 0.0879026226 0.470588 0.470588 0.470588
v 0.055882496 -0.0826780544 0.0862013085 0.470588 0.470588 0.470588
v 0.0557371041 -0.0826725098 0.0845000727 0.470588 0.470588 0.470588
v 0.0556100823 -0.0826805265 0.0827973079 0.470588 0.470588 0.470588
v 0.0554668443 -0.0826777298 0.0810958061 0.470588 0.470588 0.470588
v 0.0553203098 -0.0826726089 0.0793946155 0.470588 0.470588 0.470588
v 0.0551724484 -0.0826669592 0.0776936733 0.470588 0.470588 0.470588
v 0.0550417021 -0.0826760052 0.0759912038 0.470588 0.470588 0.470588
v 0.0549060855 -0.0826793032 0.0742891316 1 0 0
v 0.0367799762 -0.0857962709 0.280864342 0.470588 0.470588 0.470588
v 0.0380742381 -0.086011545 0.279753137 0.470588 0.470588 0.470588
v 0.0393660584 -0.0862104573 0.278636107 0.470588 0.470588 0.470588
v 0.0406454863 -0.086342717 0.277495523 0.470588 0.470588 0.470588
v 0.0419178653 -0.0864523962 0.276344432 0.470588 0.470588 0.470588
v 0.0431313831 -0.0864984544 0.275127567 0.470588 0.470588 0.470588
v 0.0443301787 -0.0865381795 0.273896199 0.470588 0.470588 0.470588
v 0.04544477 -0.0865579311 0.272587181 0.470588 0.470588 0.470588
v 0.046545166 -0.0865764622 0.271266666 0.470588 0.470588 0.470588
v 0.0475922181 -0.0865904071 0.26990295 0.470588 0.470588 0.470588
v 0.0486216275 -0.0866028938 0.268526663 1 0 0
v 0.0495548535 -0.0866036136 0.267082602 1 0 0
v 0.0504777241 -0.086601596 0.265632234 1 0 0
v 0.0513167251 -0.0865872103 0.264131552 1 0 0
v 0.0521330056 -0.0865766529 0.262618592 1 0 0
v 0.0529129543 -0.0865672875 0.261086331 1 0 0
v 0.0536625393 -0.0865529558 0.259539511 1 0 0
v 0.0543733247 -0.086540168 0.257973998 1 0 0
v 0.0550528806 -0.086522525 0.256395015 1 0 0
v 0.0556685677 -0.0864919169 0.254789964 1 0 0
v 0.0562665315 -0.0864629133 0.253178283 0 1 0
v 0.0568480124 -0.0864358808 0.25156045 0 1 0
v 0.0573628337 -0.0863924259 0.24992086 0 1 0
v 0.057857599 -0.0863450975 0.248274915 0 1 0
v 0.0583133345 -0.0863025928 0.246617589 0 1 0
v 0.0587394991 -0.0862522418 0.244952857 0 1 0
v 0.0591225463 -0.0861990896 0.243277542 0 1 0
v 0.0594939557 -0.0861464418 0.241599681 0 1 0
v 0.0598395422 -0.0860946504 0.239916197 0 1 0
v 0.060168249 -0.0860402826 0.238229662 0 1 0
v 0.0604313157 -0.0859707438 0.23653196 0 0.501961 1
v 0.0606905659 -0.0859010943 0.234833696 0 0.501961 1
v 0.0609317448 -0.0858309938 0.233132769 0 0.501961 1
v 0.0611708269 -0.0857611026 0.231431563 0 0.501961 1
v 0.0613899582 -0.0856887929 0.229727747 0 0.501961 1
v 0.0615873177 -0.0856075775 0.228021774 0 0.501961 1
v 0.0617628213 -0.0855273042 0.226313269 0 0.501961 1
v 0.0619380308 -0.0854541745 0.224604438 0 0.501961 1
v 0.0621127606 -0.0853926915 0.222895075 0 0.501961 1
v 0.0622797102 -0.0853302321 0.221185014 0 0.501961 1
v 0.0624262826 -0.0852598143 0.21947335 1 0.784314 0
v 0.0625827422 -0.0851968925 0.217762292 1 0.784314 0
v 0.0627383698 -0.0851346098 0.216051125 1 0.784314 0
v 0.0628995512 -0.0850807825 0.214340201 1 0.784314 0
v 0.0630418725 -0.085017623 0.212627917 1 0.784314 0
v 0.0631892583 -0.0849638217 0.210915727 1 0.784314 0
v 0.0633298047 -0.08491407 0.209202847 1 0.784314 0
v 0.0634653577 -0.0848695638 0.207489416 1 0.784314 0
v 0.0635775464 -0.0848213703 0.205774436 1 0.784314 0
v 0.0636811512 -0.0847717747 0.204058907 1 0.784314 0
v 0.0638026649 -0.084741152 0.202344128 0.705882 0 1
v 0.0639124901 -0.0847049153 0.200628736 0.705882 0 1
v 0.0639982684 -0.0846579818 0.198912166 0.705882 0 1
v 0.0640899331 -0.0846179354 0.197195755 0.705882 0 1
v 0.0641912681 -0.0845881212 0.195479636 0.705882 0 1
v 0.0642781056 -0.0845567306 0.193762787 0.705882 0 1
v 0.0643530682 -0.0845213942 0.192045436 0.705882 0 1
v 0.0644246074 -0.0844925573 0.190327822 0.705882 0 1
v 0.064474677 -0.0844557047 0.188609608 0.705882 0 1
v 0.0645024073 -0.0844203303 0.186890827 0.705882 0 1
v 0.0645101879 -0.084381306 0.185171969 0 0.862745 0.862745
v 0.0644801018 -0.0843248521 0.183453818 0 0.862745 0.862745
v 0.0643942855 -0.0842699101 0.181737717 0 0.862745 0.862745
v 0.0642865999 -0.0842112658 0.180022737 0 0.862745 0.862745
v 0.0640993569 -0.0841799193 0.178313985 0 0.862745 0.862745
v 0.0638892542 -0.0841521147 0.176607939 0 0.862745 0.862745
v 0.0636412969 -0.0841626883 0.174906575 0 0.862745 0.862745
v 0.0633776249 -0.0841741102 0.173207694 0 0.862745 0.862745
v 0.0630844262 -0.0841844736 0.171513539 0 0.862745 0.862745
v 0.0628035078 -0.0842022451 0.169817444 0 0.862745 0.862745
v 0.0625369026 -0.0842295631 0.16811909 1 0.470588 0
v 0.0622788535 -0.0842590474 0.166419519 1 0.470588 0
v 0.0620429009 -0.0842930354 0.164716755 1 0.470588 0
v 0.0618106105 -0.0843183345 0.163013432 1 0.470588 0
v 0.0616042333 -0.0843512964 0.161306811 1 0.470588 0
v 0.0614041937 -0.0843710909 0.159599263 1 0.470588 0
v 0.0612150991 -0.0843869803 0.157890484 1 0.470588 0
v 0.061055796 -0.0844105725 0.156178683 1 0.470588 0
v 0.0608984207 -0.0844339333 0.154466772 1 0.470588 0
v 0.0607597861 -0.0844667591 0.152753314 1 0.470588 0
v 0.0606058824 -0.0844836899 0.151041009 0.470588 1 0
v 0.0604443287 -0.0844877709 0.149329251 0.470588 1 0
v 0.0602956511 -0.0845025211 0.147616435 0.470588 1 0
v 0.0601405189 -0.0845141639 0.145904211 0.470588 1 0
v 0.059990083 -0.0845247264 0.14419151 0.470588 1 0
v 0.0598363285 -0.0845319577 0.142479089 0.470588 1 0
v 0.0596662047 -0.0845319875 0.140768161 0.470588 1 0
v 0.0595061139 -0.0845376348 0.139056327 0.470588 1 0
v 0.0593359019 -0.0845363633 0.137345469 0.470588 1 0
v 0.0591861256 -0.084545758 0.135632698 0.470588 1 0
v 0.0590105242 -0.0845368475 0.133922478 1 0 0.705882
v 0.0588608229 -0.084542848 0.132209823 1 0 0.705882
v 0.0586961033 -0.0845365639 0.130498373 1 0 0.705882
v 0.0585525199 -0.0845418179 0.128785046 1 0 0.705882
v 0.0584055908 -0.0845447911 0.127072029 1 0 0.705882
v 0.0582588634 -0.0845462115 0.125358936 1 0 0.705882
v 0.0581110112 -0.0845466979 0.123645934 1 0 0.705882
v 0.0579636921 -0.0845493044 0.121932893 1 0 0.705882
v 0.0578110378 -0.0845489075 0.120220319 0.313725 0.313725 1
v 0.0576537204 -0.0845432321 0.118508214 0.313725 0.313725 1
v 0.0574866503 -0.0845286305 0.116797042 0.313725 0.313725 1
v 0.0573318293 -0.0845216676 0.115084775 0.313725 0.313725 1
v 0.0571804601 -0.0845155832 0.113372214 0.313725 0.313725 1
v 0.0570239892 -0.0845081805 0.111660067 0.313725 0.313725 1
v 0.0568798702 -0.0845118954 0.109946752 0.313725 0.313725 1
v 0.0567149318 -0.0845021049 0.108235465 0.313725 0.313725 1
v 0.0565340918 -0.0844820328 0.106525749 0.705882 0.470588 0.156863
v 0.056380745 -0.0844805542 0.104813337 0.705882 0.470588 0.156863
v 0.0562072685 -0.0844630334 0.103102979 0.705882 0.470588 0.156863
v 0.0560532201 -0.084461066 0.101390571 0.705882 0.470588 0.156863
v 0.0558810653 -0.0844454073 0.0996800448 0.705882 0.470588 0.156863
v 0.055724997 -0.0844383586 0.0979679299 0.705882 0.470588 0.156863
v 0.0555522565 -0.0844193763 0.0962573646 0.705882 0.470588 0.156863
v 0.0553784481 -0.0844007233 0.0945469037 0.705882 0.470588 0.156863
v 0.0552209226 -0.0843933269 0.0928351094 0.705882 0.470588 0.156863
v 0.0550745269 -0.0843933749 0.0911219916 0.705882 0.470588 0.156863
v 0.0549300665 -0.0843903906 0.0894088931 0.470588 0.470588 0.470588
v 0.0547516285 -0.0843588877 0.0876990975 0.470588 0.470588 0.470588
v 0.0546318926 -0.0843735597 0.0859840286 0.470588 0.470588 0.470588
v 0.0544957133 -0.0843742449 0.0842701226 0.470588 0.470588 0.470588
v 0.0543448695 -0.0843653581 0.0825574076 0.470588 0.470588 0.470588
v 0.0541926158 -0.0843600981 0.0808448224 0.470588 0.470588 0.470588
v 0.0540302775 -0.0843432742 0.0791332585 0.470588 0.470588 0.470588
v 0.0538867606 -0.0843363613 0.0774199024 0.470588 0.470588 0.470588
v 0.0537546574 -0.0843435488 0.0757056608 1 0 0
v 0.0363772472 -0.087832427 0.280481524 0.470588 0.470588 0.470588
v 0.0376566349 -0.0880241822 0.279372201 0.470588 0.470588 0.470588
v 0.0389361701 -0.0882153825 0.27826295 0.470588 0.470588 0.470588
v 0.0402051559 -0.0883661383 0.277136691 0.470588 0.470588 0.470588
v 0.0414593122 -0.0884596322 0.275986666 0.470588 0.470588 0.470588
v 0.0426709728 -0.0885166371 0.274791015 0.470588 0.470588 0.470588
v 0.0438425102 -0.0885480704 0.273554293 0.470588 0.470588 0.470588
v 0.0449547929 -0.0885701248 0.272263345 0.470588 0.470588 0.470588
v 0.0460359981 -0.0885853788 0.270947141 0.470588 0.470588 0.470588
v 0.047056321 -0.0885919577 0.269582185 0.470588 0.470588 0.470588
v 0.04804727 -0.0885967545 0.268196594 1 0 0
v 0.0489849605 -0.0885982972 0.26677359 1 0 0
v 0.0498803117 -0.0885920657 0.265324611 1 0 0
v 0.0507106359 -0.0885708239 0.263836556 1 0 0
v 0.0515113808 -0.0885559834 0.262332577 1 0 0
v 0.0522880428 -0.0885458034 0.260815709 1 0 0
v 0.0530031552 -0.088526254 0.259269214 1 0 0
v 0.0537075304 -0.0885078902 0.257717539 1 0 0
v 0.0543357771 -0.0884739479 0.256134094 1 0 0
v 0.0549696975 -0.0884548554 0.254552338 1 0 0
v 0.0555710339 -0.0884286662 0.252958423 0 1 0
v 0.0561193624 -0.0883927444 0.251345273 0 1 0
v 0.0566383112 -0.0883510513 0.249722806 0 1 0
v 0.0571000852 -0.0882895006 0.248083601 0 1 0
v 0.0575235967 -0.0882385898 0.246433679 0 1 0
v 0.0579322772 -0.0881843667 0.244780211 0 1 0
v 0.0583149633 -0.0881306702 0.243120433 0 1 0
v 0.0586535586 -0.0880611632 0.241451817 0 1 0
v 0.0589648737 -0.0879935971 0.239777684 0 1 0
v 0.0592614226 -0.0879268107 0.238100971 0 1 0
v 0.0595291673 -0.0878610546 0.236419247 0 0.501961 1
v 0.0597866779 -0.0877934204 0.234736048 0 0.501961 1
v 0.0600001588 -0.0877103091 0.233047369 0 0.501961 1
v 0.060203712 -0.0876245561 0.23135761 0 0.501961 1
v 0.0603907442 -0.0875363393 0.22966603 0 0.501961 1
v 0.0605747015 -0.0874507012 0.227973993 0 0.501961 1
v 0.0607505921 -0.0873678017 0.22628095 0 0.501961 1
v 0.0609012139 -0.0872797932 0.224585799 0 0.501961 1
v 0.0610407292 -0.0871996434 0.222889239 0 0.501961 1
v 0.0611920999 -0.0871298449 0.22119332 0 0.501961 1
v 0.0613568118 -0.087071695 0.219498122 1 0.784314 0
v 0.0615020824 -0.0870033793 0.217801614 1 0.784314 0
v 0.061634647 -0.0869283556 0.216104262 1 0.784314 0
v 0.0617835914 -0.0868676632 0.214407714 1 0.784314 0
v 0.0619269188 -0.0868059501 0.212710722 1 0.784314 0
v 0.0620714428 -0.0867505303 0.211013658 1 0.784314 0
v 0.0621956222 -0.0866896758 0.209315137 1 0.784314 0
v 0.0623087021 -0.0866323217 0.207615705 1 0.784314 0
v 0.0624271485 -0.0865870805 0.20591631 1 0.784314 0
v 0.0625352809 -0.0865407677 0.204216354 1 0.784314 0
v 0.0626397766 -0.0864988623 0.202515985 0.705882 0 1
v 0.0627341032 -0.0864531996 0.200815069 0.705882 0 1
v 0.0628401077 -0.0864204575 0.199114511 0.705882 0 1
v 0.0629358745 -0.0863825811 0.197413473 0.705882 0 1
v 0.0630187431 -0.0863434808 0.195711789 0.705882 0 1
v 0.0630992114 -0.0863038965 0.194009998 0.705882 0 1
v 0.0631787713 -0.0862740372 0.192308009 0.705882 0 1
v 0.0632472101 -0.0862406574 0.190605553 0.705882 0 1
v 0.0633149256 -0.0862141676 0.188903017 0.705882 0 1
v 0.0633223129 -0.0861624438 0.187199689 0.705882 0 1
v 0.0633154376 -0.0861117424 0.185496305 0 0.862745 0.862745
v 0.0633002704 -0.0860650926 0.183792838 0 0.862745 0.862745
v 0.0632253412 -0.0860067374 0.182091907 0 0.862745 0.862745
v 0.063095165 -0.0859347356 0.180394239 0 0.862745 0.862745
v 0.0629258969 -0.0858954595 0.178699271 0 0.862745 0.862745
v 0.0627340159 -0.0858662752 0.177006259 0 0.862745 0.862745
v 0.0624690337 -0.085864174 0.175322867 0 0.862745 0.862745
v 0.0621986635 -0.0858668034 0.173640337 0 0.862745 0.862745
v 0.0619305226 -0.0858923463 0.171957585 0 0.862745 0.862745
v 0.0616534568 -0.0859110644 0.170276358 0 0.862745 0.862745
v 0.0613963086 -0.0859446013 0.168592037 1 0.470588 0
v 0.061137967 -0.0859772363 0.166907875 1 0.470588 0
v 0.0608980926 -0.0860033174 0.165220961 1 0.470588 0
v 0.0606561666 -0.0860231693 0.163534164 1 0.470588 0
v 0.0604446754 -0.0860517101 0.161843556 1 0.470588 0
v 0.060261205 -0.0860831711 0.16014958 1 0.470588 0
v 0.0600786075 -0.0861090661 0.158455445 1 0.470588 0
v 0.0598977349 -0.0861176583 0.156760919 1 0.470588 0
v 0.0597297397 -0.0861334399 0.155065215 1 0.470588 0
v 0.0595737326 -0.0861549231 0.153368354 1 0.470588 0
v 0.0594254802 -0.086176642 0.151670846 0.470588 1 0
v 0.0592909741 -0.086203078 0.149972195 0.470588 1 0
v 0.0591384847 -0.0862143889 0.148275028 0.470588 1 0
v 0.0589703201 -0.0862127461 0.146579173 0.470588 1 0
v 0.0588269115 -0.08622978 0.144881303 0.470588 1 0
v 0.0586802062 -0.0862433732 0.143183663 0.470588 1 0
v 0.0585213131 -0.0862487542 0.141486922 0.470588 1 0
v 0.0583556897 -0.0862475446 0.139790879 0.470588 1 0
v 0.0581773794 -0.0862346799 0.138096108 0.470588 1 0
v 0.0580256478 -0.0862435733 0.136398914 0.470588 1 0
v 0.0578541644 -0.0862376827 0.134703614 1 0 0.705882
v 0.057700785 -0.086241135 0.133006613 1 0 0.705882
v 0.0575669109 -0.086256807 0.131307779 1 0 0.705882
v 0.0573980583 -0.0862445102 0.12961217 1 0 0.705882
v 0.057219573 -0.0862235341 0.127917499 1 0 0.705882
v 0.0570779201 -0.0862308566 0.126219502 1 0 0.705882
v 0.0569387009 -0.0862384496 0.124521105 1 0 0.705882
v 0.0567744209 -0.086224835 0.122824923 1 0 0.705882
v 0.0566168491 -0.0862189448 0.121128074 0.313725 0.313725 1
v 0.0564523738 -0.0862034569 0.119431931 0.313725 0.313725 1
v 0.0563003673 -0.0861989632 0.11773463 0.313725 0.313725 1
v 0.056146847 -0.0861945576 0.116037501 0.313725 0.313725 1
v 0.0559918651 -0.0861884406 0.114340507 0.313725 0.313725 1
v 0.0558500195 -0.0861921243 0.112642251 0.313725 0.313725 1
v 0.055686802 -0.0861790329 0.110946062 0.313725 0.313725 1
v 0.0555134232 -0.0861580745 0.109250861 0.313725 0.313725 1
v 0.0553581028 -0.0861548569 0.10755383 0.705882 0.470588 0.156863
v 0.0551806727 -0.0861328673 0.105859192 0.705882 0.470588 0.156863
v 0.0550267416 -0.0861311647 0.104162003 0.705882 0.470588 0.156863
v 0.0548543701 -0.086113973 0.102466765 0.705882 0.470588 0.156863
v 0.054676609 -0.0860907339 0.10077223 0.705882 0.470588 0.156863
v 0.0545021876 -0.086069718 0.0990773876 0.705882 0.470588 0.156863
v 0.0543597508 -0.0860744601 0.097379184 0.705882 0.470588 0.156863
v 0.0542047474 -0.0860699691 0.0956822629 0.705882 0.470588 0.156863
v 0.05401645 -0.0860389954 0.0939888076 0.705882 0.470588 0.156863
v 0.0538692295 -0.0860376991 0.0922914653 0.705882 0.470588 0.156863
v 0.0536910502 -0.0860064117 0.0905969836 0.470588 0.470588 0.470588
v 0.0535594043 -0.0860116971 0.0888979426 0.470588 0.470588 0.470588
v 0.0534224309 -0.0860125335 0.0871994442 0.470588 0.470588 0.470588
v 0.0532840301 -0.0860092412 0.0855009453 0.470588 0.470588 0.470588
v 0.053133212 -0.0859953806 0.0838035155 0.470588 0.470588 0.470588
v 0.0529746045 -0.0859840112 0.0821069322 0.470588 0.470588 0.470588
v 0.052806585 -0.0859649723 0.0804111788 0.470588 0.470588 0.470588
v 0.0526600927 -0.0859600826 0.0787133314 0.470588 0.470588 0.470588
v 0.0525111127 -0.0859480992 0.077015725 1 0 0
v 0.036101736 -0.0898871028 0.279957728 0.470588 0.470588 0.470588
v 0.0373869633 -0.0900908026 0.27883952 0.470588 0.470588 0.470588
v 0.0386690742 -0.0902621498 0.277712878 0.470588 0.470588 0.470588
v 0.0399400521 -0.0903908405 0.276567563 0.470588 0.470588 0.470588
v 0.0411909825 -0.0904788615 0.275397548 0.470588 0.470588 0.470588
v 0.0424002949 -0.0905218048 0.274181237 0.470588 0.470588 0.470588
v 0.0435701123 -0.090554853 0.272928234 0.470588 0.470588 0.470588
v 0.0446805431 -0.0905719918 0.271620444 0.470588 0.470588 0.470588
v 0.0457342725 -0.0905812883 0.27026731 0.470588 0.470588 0.470588
v 0.0467586862 -0.0905851826 0.268891019 0.470588 0.470588 0.470588
v 0.0477117748 -0.0905806753 0.26746481 1 0 0
v 0.0486471953 -0.0905754942 0.266026529 1 0 0
v 0.0495039332 -0.09055889 0.264540461 1 0 0
v 0.0503475043 -0.0905397138 0.263046585 1 0 0
v 0.0511221926 -0.0905228282 0.261516163 1 0 0
v 0.0518715856 -0.0905012269 0.259972908 1 0 0
v 0.0525842818 -0.0904803452 0.25841243 1 0 0
v 0.0532338743 -0.0904447284 0.256825005 1 0 0
v 0.0538542129 -0.0904083181 0.255225773 1 0 0
v 0.0544799366 -0.0903837959 0.253628739 1 0 0
v 0.0550313589 -0.0903369871 0.252004722 0 1 0
v 0.0555688761 -0.0902974203 0.250376226 0 1 0
v 0.0560549556 -0.0902410641 0.248731768 0 1 0
v 0.0564894616 -0.0901833018 0.247073332 0 1 0
v 0.0568881428 -0.0901209698 0.245405741 0 1 0
v 0.0572553968 -0.0900513922 0.243731273 0 1 0
v 0.0576128561 -0.089981459 0.242054664 0 1 0
v 0.0579263557 -0.089911269 0.240369297 0 1 0
v 0.0582228149 -0.0898329393 0.238681266 0 0.501961 1
v 0.0584751493 -0.0897570146 0.236985907 0 0.501961 1
v 0.0587243814 -0.089680539 0.235290111 0 0.501961 1
v 0.0589282278 -0.0895895226 0.233588977 0 0.501961 1
v 0.0591335446 -0.0895001642 0.231887944 0 0.501961 1
v 0.0593044551 -0.0894012542 0.230183687 0 0.501961 1
v 0.0594628522 -0.0892969824 0.228478495 0 0.501961 1
v 0.0596069086 -0.0891942572 0.226771928 0 0.501961 1
v 0.059754509 -0.0890996198 0.225065208 0 0.501961 1
v 0.0598982481 -0.0890153338 0.2233576 0 0.501961 1
v 0.0600436463 -0.0889345772 0.221649993 1 0.784314 0
v 0.0601835599 -0.0888602458 0.219941605 1 0.784314 0
v 0.0603243042 -0.0887870765 0.218233237 1 0.784314 0
v 0.060468203 -0.0887183206 0.216524946 1 0.784314 0
v 0.0606005159 -0.0886436956 0.214815987 1 0.784314 0
v 0.0607293295 -0.088568142 0.21310678 1 0.784314 0
v 0.060862374 -0.0885030452 0.211397468 1 0.784314 0
v 0.0609879558 -0.0884375414 0.209687628 1 0.784314 0
v 0.0611063026 -0.0883823449 0.207976983 1 0.784314 0
v 0.061202582 -0.0883174683 0.206265253 1 0.784314 0
v 0.0612977268 -0.0882629383 0.204553079 0.705882 0 1
v 0.0613923548 -0.0882099477 0.202840881 0.705882 0 1
v 0.0614949603 -0.0881679773 0.201128769 0.705882 0 1
v 0.0615906077 -0.0881227628 0.199416317 0.705882 0 1
v 0.0616883178 -0.0880866036 0.197703778 0.705882 0 1
v 0.0617868461 -0.0880551195 0.195991182 0.705882 0 1
v 0.0618566873 -0.0880085059 0.194277643 0.705882 0 1
v 0.0619345394 -0.087976416 0.192564106 0.705882 0 1
v 0.0620211544 -0.0879541457 0.190850719 0.705882 0 1
v 0.0620602383 -0.0879131782 0.189136035 0.705882 0 1
v 0.0620891466 -0.0878701505 0.1874211 0 0.862745 0.862745
v 0.0620822884 -0.0878137466 0.185706805 0 0.862745 0.862745
v 0.062032215 -0.0877414151 0.183993343 0 0.862745 0.862745
v 0.0619617596 -0.0876753307 0.182280605 0 0.862745 0.862745
v 0.0618514928 -0.0876214487 0.180569281 0 0.862745 0.862745
v 0.0616792913 -0.0875727221 0.17886355 0 0.862745 0.862745
v 0.0614570922 -0.0875260123 0.177162921 0 0.862745 0.862745
v 0.0611985538 -0.087525373 0.175466918 0 0.862745 0.862745
v 0.060925992 -0.0875309923 0.173773082 0 0.862745 0.862745
v 0.0606427209 -0.0875462382 0.172081037 0 0.862745 0.862745
v 0.060378483 -0.0875760713 0.170386265 1 0.470588 0
v 0.0601270326 -0.087615019 0.168689557 1 0.470588 0
v 0.0598546078 -0.0876354123 0.166995726 1 0.470588 0
v 0.059614483 -0.0876646879 0.165297315 1 0.470588 0
v 0.0593712268 -0.0876824601 0.163599147 1 0.470588 0
v 0.0591637074 -0.0877119924 0.161896706 1 0.470588 0
v 0.0589633154 -0.0877353923 0.160192935 1 0.470588 0
v 0.0587837485 -0.0877603916 0.158486935 1 0.470588 0
v 0.0586186995 -0.0877888271 0.15677941 1 0.470588 0
v 0.058451678 -0.0878031477 0.155071995 1 0.470588 0
v 0.0582736779 -0.0878062838 0.153365538 0.470588 1 0
v 0.0581179178 -0.0878209409 0.151657005 0.470588 1 0
v 0.0579532027 -0.0878252119 0.149949216 0.470588 1 0
v 0.0578148266 -0.087848434 0.148239253 0.470588 1 0
v 0.0576724402 -0.0878683775 0.14652963 0.470588 1 0
v 0.0575180252 -0.0878749882 0.144821023 0.470588 1 0
v 0.0573548214 -0.0878723007 0.143113086 0.470588 1 0
v 0.0571849549 -0.0878687332 0.141405804 0.470588 1 0
v 0.0570127971 -0.0878669728 0.139698745 0.470588 1 0
v 0.0568387508 -0.0878603817 0.137991944 0.470588 1 0
v 0.0567003292 -0.0878810728 0.136281943 1 0 0.705882
v 0.0565222564 -0.0878676468 0.134575575 1 0 0.705882
v 0.0563718958 -0.0878754966 0.132866656 1 0 0.705882
v 0.0561934477 -0.0878575864 0.131160336 1 0 0.705882
v 0.0560487832 -0.0878661705 0.129450781 1 0 0.705882
v 0.0559009776 -0.0878715047 0.127741551 1 0 0.705882
v 0.0557212895 -0.0878453246 0.126035478 1 0 0.705882
v 0.0555475749 -0.0878243256 0.124328785 1 0 0.705882
v 0.0553964389 -0.08782309 0.122619737 0.313725 0.313725 1
v 0.0552390576 -0.0878158728 0.120911267 0.313725 0.313725 1
v 0.0550848973 -0.0878095024 0.1192025 0.313725 0.313725 1
v 0.054931676 -0.0878023506 0.117493661 0.313725 0.313725 1
v 0.0547803564 -0.0878043527 0.115784629 0.313725 0.313725 1
v 0.0546118793 -0.0877882402 0.114077407 0.313725 0.313725 1
v 0.0544263736 -0.087755275 0.112372064 0.313725 0.313725 1
v 0.0542681871 -0.0877479128 0.11066392 0.313725 0.313725 1
v 0.0541096966 -0.0877399204 0.108955725 0.705882 0.470588 0.156863
v 0.0539524247 -0.0877373766 0.107247298 0.705882 0.470588 0.156863
v 0.0537768924 -0.0877188151 0.105540847 0.705882 0.470588 0.156863
v 0.0535940934 -0.0876918323 0.103835421 0.705882 0.470588 0.156863
v 0.0534020623 -0.0876565936 0.102131055 0.705882 0.470588 0.156863
v 0.0532447887 -0.0876532283 0.100422563 0.705882 0.470588 0.156863
v 0.0530747108 -0.0876362858 0.0987155876 0.705882 0.470588 0.156863
v 0.0528871381 -0.0876012377 0.0970105127 0.705882 0.470588 0.156863
v 0.0527247385 -0.0875919353 0.0953027422 0.705882 0.470588 0.156863
v 0.052544771 -0.0875657399 0.0935969048 0.705882 0.470588 0.156863
v 0.0524027528 -0.087571402 0.0918873233 0.470588 0.470588 0.470588
v 0.0522537765 -0.087567304 0.0901784574 0.470588 0.470588 0.470588
v 0.0520623845 -0.0875170788 0.0884741866 0.470588 0.470588 0.470588
v 0.0518967517 -0.0874921082 0.0867669733 0.470588 0.470588 0.470588
v 0.0517495322 -0.0874843392 0.0850576087 0.470588 0.470588 0.470588
v 0.0516141359 -0.0874913319 0.0833473478 0.470588 0.470588 0.470588
v 0.0514861094 -0.0875077129 0.0816364903 0.470588 0.470588 0.470588
v 0.0513328019 -0.0874999606 0.0799277146 0.470588 0.470588 0.470588
v 0.05116906 -0.0874801659 0.0782199415 1 0 0
v 0.0362683159 -0.0920113402 0.27904021 0.470588 0.470588 0.470588
v 0.0375348294 -0.0921971082 0.277928298 0.470588 0.470588 0.470588
v 0.0387918021 -0.0923308806 0.2767983 0.470588 0.470588 0.470588
v 0.0400373482 -0.0924451694 0.275653603 0.470588 0.470588 0.470588
v 0.0412366984 -0.0924933625 0.27445627 0.470588 0.470588 0.470588
v 0.0424311274 -0.0925353669 0.273253542 0.470588 0.470588 0.470588
v 0.0435334416 -0.0925536251 0.27196524 0.470588 0.470588 0.470588
v 0.0445994988 -0.0925623219 0.270648028 0.470588 0.470588 0.470588
v 0.0456023439 -0.0925583645 0.269280754 0.470588 0.470588 0.470588
v 0.0465708349 -0.0925550505 0.267889522 0.470588 0.470588 0.470588
v 0.0475061745 -0.0925500441 0.266475211 1 0 0
v 0.0483896982 -0.0925357457 0.265028681 1 0 0
v 0.0492253303 -0.0925162455 0.263553385 1 0 0
v 0.050002485 -0.0924860707 0.262047169 1 0 0
v 0.0507486783 -0.0924659791 0.260524697 1 0 0
v 0.0514689465 -0.0924375446 0.258990343 1 0 0
v 0.0521423237 -0.0924098866 0.257434435 1 0 0
v 0.052776434 -0.0923749453 0.255862415 1 0 0
v 0.0533700445 -0.0923328352 0.254274765 1 0 0
v 0.0539039481 -0.0922769192 0.252666405 1 0 0
v 0.0544315203 -0.0922228535 0.251055915 0 1 0
v 0.054901321 -0.0921634617 0.249427761 0 1 0
v 0.055350551 -0.0921021025 0.24779405 0 1 0
v 0.0557613858 -0.0920440136 0.246149969 0 1 0
v 0.0561449043 -0.0919793249 0.244499769 0 1 0
v 0.0564782214 -0.0918941632 0.242839405 0 1 0
v 0.0567892932 -0.0918117689 0.241174746 0 1 0
v 0.0570752997 -0.0917307083 0.239505381 0 1 0
v 0.0573435242 -0.0916524399 0.237833001 0 0.501961 1
v 0.0575966317 -0.0915776888 0.236158045 0 0.501961 1
v 0.0577976003 -0.0914781956 0.234477482 0 0.501961 1
v 0.0579705406 -0.091370859 0.232794113 0 0.501961 1
v 0.0581327937 -0.0912639223 0.231109684 0 0.501961 1
v 0.0582857582 -0.0911573331 0.229424335 0 0.501961 1
v 0.0584213597 -0.091047365 0.227737804 0 0.501961 1
v 0.0585413646 -0.0909305471 0.226050464 0 0.501961 1
v 0.058655529 -0.0908229259 0.224362144 0 0.501961 1
v 0.0587811097 -0.0907272717 0.222673879 0 0.501961 1
v 0.0589004519 -0.090635436 0.220984949 1 0.784314 0
v 0.059044673 -0.0905650096 0.219297009 1 0.784314 0
v 0.0591776124 -0.0904890613 0.217608328 1 0.784314 0
v 0.059302664 -0.0904092223 0.215919216 1 0.784314 0
v 0.0594411591 -0.090341069 0.214230627 1 0.784314 0
v 0.059570884 -0.0902690833 0.212541578 1 0.784314 0
v 0.0596739793 -0.0901831031 0.21085127 1 0.784314 0
v 0.0597757386 -0.0901075276 0.209160413 1 0.784314 0
v 0.0598726148 -0.0900383684 0.207468976 1 0.784314 0
v 0.0599712152 -0.0899821216 0.205777206 1 0.784314 0
v 0.0600570012 -0.089921782 0.204084903 0.705882 0 1
v 0.0601441685 -0.0898660611 0.202392497 0.705882 0 1
v 0.0602369786 -0.0898181535 0.200700087 0.705882 0 1
v 0.0603290922 -0.0897727369 0.199007573 0.705882 0 1
v 0.0604212531 -0.0897339895 0.197314895 0.705882 0 1
v 0.0605083546 -0.0896980804 0.195621892 0.705882 0 1
v 0.0605895722 -0.0896619705 0.193928606 0.705882 0 1
v 0.0606576712 -0.0896231299 0.192234903 0.705882 0 1
v 0.0607153556 -0.0895831642 0.190540726 0.705882 0 1
v 0.0607657966 -0.0895425621 0.18884638 0.705882 0 1
v 0.0607772836 -0.0894924536 0.187151631 0 0.862745 0.862745
v 0.0607644096 -0.0894337144 0.185457142 0 0.862745 0.862745
v 0.0607186589 -0.0893700027 0.183763327 0 0.862745 0.862745
v 0.0606237539 -0.0892969642 0.182072431 0 0.862745 0.862745
v 0.0604752751 -0.0892235294 0.180384921 0 0.862745 0.862745
v 0.0603057213 -0.0891634015 0.17869921 0 0.862745 0.862745
v 0.060074159 -0.0891471499 0.177019681 0 0.862745 0.862745
v 0.0598268776 -0.0891393373 0.175342217 0 0.862745 0.862745
v 0.0595502884 -0.0891495359 0.173669413 0 0.862745 0.862745
v 0.0592648869 -0.0891553417 0.17199805 0 0.862745 0.862745
v 0.0590130835 -0.089194767 0.170321704 1 0.470588 0
v 0.0587549106 -0.0892245273 0.168646167 1 0.470588 0
v 0.0584922255 -0.0892470127 0.166971257 1 0.470588 0
v 0.0582550105 -0.089275314 0.165292706 1 0.470588 0
v 0.0580093597 -0.0892892753 0.163615113 1 0.470588 0
v 0.0578203477 -0.089325874 0.161930633 1 0.470588 0
v 0.05760579 -0.0893370787 0.160248781 1 0.470588 0
v 0.0574355056 -0.0893641936 0.158562127 1 0.470588 0
v 0.0572510377 -0.0893731533 0.156876604 1 0.470588 0
v 0.0570813994 -0.0893858967 0.155189529 1 0.470588 0
v 0.0569124904 -0.0893938179 0.153502402 0.470588 1 0
v 0.0567620053 -0.0894107649 0.151813578 0.470588 1 0
v 0.0565895413 -0.0894061361 0.150126792 0.470588 1 0
v 0.0564316834 -0.0894102683 0.148438532 0.470588 1 0
v 0.0562738137 -0.0894140278 0.146750271 0.470588 1 0
v 0.0561176845 -0.0894193005 0.145061854 0.470588 1 0
v 0.0559661098 -0.0894245906 0.143373021 0.470588 1 0
v 0.0558047799 -0.0894274991 0.141685089 0.470588 1 0
v 0.0556368607 -0.0894275133 0.139997794 0.470588 1 0
v 0.0554462011 -0.0894010788 0.138313286 0.470588 1 0
v 0.0553025933 -0.0894193304 0.136623847 1 0 0.705882
v 0.0551272081 -0.0894068139 0.134937398 1 0 0.705882
v 0.0549852252 -0.0894207561 0.133247876 1 0 0.705882
v 0.0548204454 -0.0894108226 0.13156057 1 0 0.705882
v 0.0546547387 -0.0894006823 0.129873267 1 0 0.705882
v 0.0544689108 -0.0893695917 0.128188137 1 0 0.705882
v 0.0543143111 -0.0893654688 0.126499606 1 0 0.705882
v 0.0541616424 -0.0893630134 0.124810865 1 0 0.705882
v 0.0540050821 -0.0893557001 0.12312252 0.313725 0.313725 1
v 0.0538491075 -0.0893488055 0.121434093 0.313725 0.313725 1
v 0.0536942863 -0.0893400679 0.119745571 0.313725 0.313725 1
v 0.0535421437 -0.0893274358 0.118056828 0.313725 0.313725 1
v 0.0533673291 -0.0892992194 0.11637074 0.313725 0.313725 1
v 0.0531654579 -0.0892519648 0.114687833 0.313725 0.313725 1
v 0.0530143122 -0.0892520166 0.112998997 0.313725 0.313725 1
v 0.0528426657 -0.0892305038 0.11131247 0.313725 0.313725 1
v 0.0527051777 -0.0892444771 0.109622481 0.705882 0.470588 0.156863
v 0.0525376506 -0.0892274627 0.107935324 0.705882 0.470588 0.156863
v 0.0523493385 -0.0891933435 0.106250735 0.705882 0.470588 0.156863
v 0.0521664504 -0.0891657572 0.104565394 0.705882 0.470588 0.156863
v 0.0520018878 -0.0891577723 0.102877787 0.705882 0.470588 0.156863
v 0.0518137324 -0.0891205087 0.101193268 0.705882 0.470588 0.156863
v 0.0516133777 -0.0890690613 0.099510303 0.705882 0.470588 0.156863
v 0.0514566659 -0.0890641431 0.097822053 0.705882 0.470588 0.156863
v 0.0512609119 -0.0890150457 0.0961389261 0.705882 0.470588 0.156863
v 0.051114552 -0.089027151 0.0944496679 0.705882 0.470588 0.156863
v 0.0509477081 -0.0890101894 0.0927627056 0.470588 0.470588 0.470588
v 0.0507742389 -0.0889775351 0.0910762883 0.470588 0.470588 0.470588
v 0.0506191335 -0.0889661415 0.0893878625 0.470588 0.470588 0.470588
v 0.0504573599 -0.0889451297 0.0877003782 0.470588 0.470588 0.470588
v 0.0502719605 -0.0888915761 0.0860157655 0.470588 0.470588 0.470588
v 0.0501106724 -0.0888668588 0.0843284143 0.470588 0.470588 0.470588
v 0.0499644615 -0.0888601793 0.0826391403 0.470588 0.470588 0.470588
v 0.0498260835 -0.0888627399 0.0809492039 0.470588 0.470588 0.470588
v 0.0496818098 -0.0888603649 0.0792598263 1 0 0
v 0.0380136092 -0.0943137242 0.276689846 0.470588 0.470588 0.470588
v 0.0392626306 -0.0944176821 0.275519047 0.470588 0.470588 0.470588
v 0.0404867901 -0.0944846252 0.274320488 0.470588 0.470588 0.470588
v 0.0416712271 -0.0945147983 0.273080396 0.470588 0.470588 0.470588
v 0.0428004428 -0.094535861 0.271790149 0.470588 0.470588 0.470588
v 0.0438677772 -0.0945396663 0.270448735 0.470588 0.470588 0.470588
v 0.0448828715 -0.0945315619 0.269066292 0.470588 0.470588 0.470588
v 0.0458405025 -0.0945157678 0.267644 0.470588 0.470588 0.470588
v 0.0467714531 -0.0945014439 0.2662036 1 0 0
v 0.0476665136 -0.0944882775 0.264741101 1 0 0
v 0.0485073715 -0.0944642089 0.263246593 1 0 0
v 0.0492783528 -0.0944346465 0.261714815 1 0 0
v 0.0500137386 -0.0943986016 0.260166278 1 0 0
v 0.050702809 -0.094354352 0.258596293 1 0 0
v 0.0513764189 -0.0943169683 0.257019798 1 0 0
v 0.0519845412 -0.0942662193 0.255416913 1 0 0
v 0.0525525439 -0.0942105253 0.253799798 1 0 0
v 0.0530886372 -0.0941459771 0.252171895 1 0 0
v 0.0535953609 -0.0940874061 0.250534669 0 1 0
v 0.0540598471 -0.0940207687 0.248885021 0 1 0
v 0.0544849636 -0.0939503678 0.247225128 0 1 0
v 0.0548785061 -0.0938761693 0.24555742 0 1 0
v 0.0552381108 -0.093796245 0.243882424 0 1 0
v 0.0555853714 -0.0937135783 0.242204877 0 1 0
v 0.0558763149 -0.0936278798 0.240516964 0 1 0
v 0.0561351186 -0.0935271106 0.238824482 0 1 0
v 0.0563733576 -0.0934357726 0.237128467 0 0.501961 1
v 0.0566003692 -0.0933417639 0.235431041 0 0.501961 1
v 0.0567859704 -0.0932362561 0.233729311 0 0.501961 1
v 0.0569469839 -0.0931158244 0.23202615 0 0.501961 1
v 0.0570735444 -0.0929901831 0.230320336 0 0.501961 1
v 0.0571956759 -0.0928635246 0.22861427 0 0.501961 1
v 0.0573167554 -0.0927441759 0.226907599 0 0.501961 1
v 0.0574163127 -0.0926187843 0.225200051 0 0.501961 1
v 0.05752158 -0.0925020287 0.223492157 0 0.501961 1
v 0.0576336713 -0.0924006419 0.221783771 0 0.501961 1
v 0.0577512076 -0.092305174 0.22007535 1 0.784314 0
v 0.0578630861 -0.0922104828 0.218366581 1 0.784314 0
v 0.0579869456 -0.0921258105 0.216658038 1 0.784314 0
v 0.0581126513 -0.0920417149 0.214949601 1 0.784314 0
v 0.0582321561 -0.0919560402 0.213240798 1 0.784314 0
v 0.0583465923 -0.0918763659 0.211531358 1 0.784314 0
v 0.0584574333 -0.0917981385 0.209821632 1 0.784314 0
v 0.0585303495 -0.0917091082 0.208110384 1 0.784314 0
v 0.0586100478 -0.0916305423 0.206399009 1 0.784314 0
v 0.0586979995 -0.0915685546 0.204687291 1 0.784314 0
v 0.0587835115 -0.0915092809 0.202975398 0.705882 0 1
v 0.0588804758 -0.09146256 0.20126366 0.705882 0 1
v 0.0589716365 -0.0914149498 0.199551649 0.705882 0 1
v 0.0590509009 -0.0913607694 0.19783922 0.705882 0 1
v 0.059129286 -0.0913120269 0.196126604 0.705882 0 1
v 0.0591975181 -0.0912618477 0.194413578 0.705882 0 1
v 0.0592627517 -0.0912155721 0.192700332 0.705882 0 1
v 0.0593270194 -0.0911781282 0.190986834 0.705882 0 1
v 0.0593898505 -0.0911430175 0.189273273 0.705882 0 1
v 0.0594011091 -0.091085732 0.187559162 0.705882 0 1
v 0.0594012856 -0.0910326459 0.185844865 0 0.862745 0.862745
v 0.0593504442 -0.0909613761 0.184132126 0 0.862745 0.862745
v 0.0592558814 -0.0908704295 0.182422164 0 0.862745 0.862745
v 0.0591144225 -0.0908104892 0.180713941 0 0.862745 0.862745
v 0.0589384537 -0.0907240879 0.179010281 0 0.862745 0.862745
v 0.0586930235 -0.0907044451 0.177313007 0 0.862745 0.862745
v 0.058432347 -0.0906772343 0.175618049 0 0.862745 0.862745
v 0.0581648315 -0.0907003025 0.17392408 0 0.862745 0.862745
v 0.0578957254 -0.0907237338 0.172230479 0 0.862745 0.862745
v 0.0576051769 -0.0907308538 0.170540183 0 0.862745 0.862745
v 0.0573393436 -0.0907577763 0.168846285 1 0.470588 0
v 0.057088274 -0.0907953754 0.167150165 1 0.470588 0
v 0.0568418943 -0.0908155958 0.165453104 1 0.470588 0
v 0.0565918101 -0.0908249266 0.163756394 1 0.470588 0
v 0.0563757256 -0.0908426378 0.16205504 1 0.470588 0
v 0.0561629327 -0.0908540911 0.160353439 1 0.470588 0
v 0.0559967238 -0.0908862424 0.158646854 1 0.470588 0
v 0.0558062596 -0.0908900292 0.156942366 1 0.470588 0
v 0.0556269042 -0.0908958401 0.155236662 1 0.470588 0
v 0.0554522974 -0.0908984675 0.153530523 1 0.470588 0
v 0.055299816 -0.0909151596 0.151822278 0.470588 1 0
v 0.0551367184 -0.0909197538 0.150114986 0.470588 1 0
v 0.0549652306 -0.0909149922 0.148408472 0.470588 1 0
v 0.0547996183 -0.0909130257 0.146701375 0.470588 1 0
v 0.0546356356 -0.0909129759 0.144994114 0.470588 1 0
v 0.0544658288 -0.0909076916 0.143287435 0.470588 1 0
v 0.0542949124 -0.0909022565 0.141580863 0.470588 1 0
v 0.0541280938 -0.0909036305 0.139873881 0.470588 1 0
v 0.0539323094 -0.0908728267 0.138170426 0.470588 1 0
v 0.053777217 -0.0908803313 0.136462601 0.470588 1 0
v 0.0535881686 -0.0908497995 0.134758328 1 0 0.705882
v 0.0534348487 -0.0908572035 0.133050188 1 0 0.705882
v 0.0532569678 -0.090836174 0.131344528 1 0 0.705882
v 0.0531047802 -0.0908419963 0.129636185 1 0 0.705882
v 0.0529273829 -0.0908183937 0.12793065 1 0 0.705882
v 0.05274256 -0.0907845913 0.126225989 1 0 0.705882
v 0.0525593787 -0.0907509367 0.124521099 1 0 0.705882
v 0.0523957272 -0.0907362947 0.12281387 1 0 0.705882
v 0.0522372949 -0.0907279246 0.121106108 0.313725 0.313725 1
v 0.0520761183 -0.090712633 0.119398649 0.313725 0.313725 1
v 0.0519177341 -0.0906993325 0.117690917 0.313725 0.313725 1
v 0.0517540516 -0.0906893469 0.115983656 0.313725 0.313725 1
v 0.0515785078 -0.0906643834 0.114277877 0.313725 0.313725 1
v 0.0513964383 -0.09063542 0.112572765 0.313725 0.313725 1
v 0.051209245 -0.0905994915 0.110868396 0.313725 0.313725 1
v 0.0510444007 -0.0905819075 0.109161628 0.313725 0.313725 1
v 0.0508692028 -0.0905571682 0.107455794 0.705882 0.470588 0.156863
v 0.0507069515 -0.0905595979 0.105748369 0.705882 0.470588 0.156863
v 0.050519842 -0.0905293863 0.104044085 0.705882 0.470588 0.156863
v 0.0503105585 -0.0904699529 0.102342821 0.705882 0.470588 0.156863
v 0.0501380689 -0.0904518899 0.100636609 0.705882 0.470588 0.156863
v 0.0499331679 -0.090391148 0.0989350458 0.705882 0.470588 0.156863
v 0.0497467643 -0.0903586753 0.0972304496 0.705882 0.470588 0.156863
v 0.049561019 -0.0903245549 0.095526477 0.705882 0.470588 0.156863
v 0.049365786 -0.0902699492 0.0938233819 0.705882 0.470588 0.156863
v 0.0492039182 -0.0902564112 0.0921166267 0.705882 0.470588 0.156863
v 0.049048492 -0.0902501698 0.0904088023 0.470588 0.470588 0.470588
v 0.0488518987 -0.0901886204 0.0887062943 0.470588 0.470588 0.470588
v 0.0486994187 -0.0901819439 0.08699809 0.470588 0.470588 0.470588
v 0.0485443814 -0.0901692729 0.0852901965 0.470588 0.470588 0.470588
v 0.0483683024 -0.090120731 0.0835848314 0.470588 0.470588 0.470588
v 0.0482151166 -0.0901109713 0.0818769476 0.470588 0.470588 0.470588
v 0.0480565709 -0.0900895492 0.0801693144 1 0 0
l 1 2
l 2 3
l 3 4
l 4 5
l 5 6
l 6 7
l 7 8
l 8 9
l 9 10
l 10 11
l 11 12
l 12 13
l 13 14
l 14 15
l 15 16
l 16 17
l 17 18
l 18 19
l 19 20
l 20 21
l 21 22
l 22 23
l 23 24
l 24 25
l 25 26
l 26 27
l 27 28
l 28 29
l 29 30
l 30 31
l 31 32
l 32 33
l 33 34
l 34 35
l 35 36
l 36 37
l 37 38
l 38 39
l 39 40
l 40 41
l 41 42
l 42 43
l 43 44
l 44 45
l 45 46
l 46 47
l 47 48
l 48 49
l 49 50
l 50 51
l 51 52
l 52 53
l 53 54
l 54 55
l 55 56
l 56 57
l 57 58
l 58 59
l 59 60
l 60 61
l 61 62
l 62 63
l 63 64
l 64 65
l 65 66
l 66 67
l 67 68
l 68 69
l 69 70
l 70 71
l 71 72
l 72 73
l 73 74
l 74 75
l 75 76
l 76 77
l 77 78
l 78 79
l 79 80
l 80 81
l 81 82
l 82 83
l 83 84
l 84 85
l 85 86
l 86 87
l 87 88
l 88 89
l 89 90
l 90 91
l 91 92
l 92 93
l 93 94
l 94 95
l 95 96
l 96 97
l 97 98
l 98 99
l 99 100
l 100 101
l 101 102
l 102 103
l 103 104
l 104 105
l 105 106
l 106 107
l 107 108
l 108 109
l 109 110
l 110 111
l 111 112
l 112 113
l 113 114
l 114 115
l 115 116
l 116 117
l 117 118
l 118 119
l 120 121
l 121 122
l 122 123
l 123 124
l 124 125
l 125 126
l 126 127
l 127 128
l 128 129
l 129 130
l 130 131
l 131 132
l 132 133
l 133 134
l 134 135
l 135 136
l 136 137
l 137 138
l 138 139
l 139 140
l 140 141
l 141 142
l 142 143
l 143 144
l 144 145
l 145 146
l 146 147
l 147 148
l 148 149
l 149 150
l 150 151
l 151 152
l 152 153
l 153 154
l 154 155
l 155 156
l 156 157
l 157 158
l 158 159
l 159 160
l 160 161
l 161 162
l 162 163
l 163 164
l 164 165
l 165 166
l 166 167
l 167 168
l 168 169
l 169 170
l 170 171
l 171 172
l 172 173
l 173 174
l 174 175
l 175 176
l 176 177
l 177 178
l 178 179
l 179 180
l 180 181
l 181 182
l 182 183
l 183 184
l 184 185
l 185 186
l 186 187
l 187 188
l 188 189
l 189 190
l 190 191
l 191 192
l 192 193
l 193 194
l 194 195
l 195 196
l 196 197
l 197 198
l 198 199
l 199 200
l 200 201
l 201 202
l 202 203
l 203 204
l 204 205
l 205 206
l 206 207
l 207 208
l 208 209
l 209 210
l 210 211
l 211 212
l 212 213
l 213 214
l 214 215
l 215 216
l 216 217
l 217 218
l 218 219
l 219 220
l 220 221
l 221 222
l 222 223
l 223 224
l 224 225
l 225 226
l 226 227
l 227 228
l 228 229
l 229 230
l 230 231
l 231 232
l 232 233
l 233 234
l 234 235
l 235 236
l 236 237
l 237 238
l 238 239
l 239 240
l 240 241
l 241 242
l 243 244
l 244 245
l 245 246
l 246 247
l 247 248
l 248 249
l 249 250
l 250 251
l 251 252
l 252 253
l 253 254
l 254 255
l 255 256
l 256 257
l 257 258
l 258 259
l 259 260
l 260 261
l 261 262
l 262 263
l 263 264
l 264 265
l 265 266
l 266 267
l 267 268
l 268 269
l 269 270
l 270 271
l 271 272
l 272 273
l 273 274
l 274 275
l 275 276
l 276 277
l 277 278
l 278 279
l 279 280
l 280 281
l 281 282
l 282 283
l 283 284
l 284 285
l 285 286
l 286 287
l 287 288
l 288 289
l 289 290
l 290 291
l 291 292
l 292 293
l 293 294
l 294 295
l 295 296
l 296 297
l 297 298
l 298 299
l 299 300
l 300 301
l 301 302
l 302 303
l 303 304
l 304 305
l 305 306
l 306 307
l 307 308
l 308 309
l 309 310
l 310 311
l 311 312
l 312 313
l 313 314
l 314 315
l 315 316
l 316 317
l 317 318
l 318 319
l 319 320
l 320 321
l 321 322
l 322 323
l 323 324
l 324 325
l 325 326
l 326 327
l 327 328
l 328 329
l 329 330
l 330 331
l 331 332
l 332 333
l 333 334
l 334 335
l 335 336
l 336 337
l 337 338
l 338 339
l 339 340
l 340 341
l 341 342
l 342 343
l 343 344
l 344 345
l 345 346
l 346 347
l 347 348
l 348 349
l 349 350
l 350 351
l 351 352
l 352 353
l 353 354
l 354 355
l 355 356
l 356 357
l 357 358
l 358 359
l 359 360
l 360 361
l 361 362
l 362 363
l 363 364
l 364 365
l 365 366
l 366 367
l 368 369
l 369 370
l 370 371
l 371 372
l 372 373
l 373 374
l 374 375
l 375 376
l 376 377
l 377 378
l 378 379
l 379 380
l 380 381
l 381 382
l 382 383
l 383 384
l 384 385
l 385 386
l 386 387
l 387 388
l 388 389
l 389 390
l 390 391
l 391 392
l 392 393
l 393 394
l 394 395
l 395 396
l 396 397
l 397 398
l 398 399
l 399 400
l 400 401
l 401 402
l 402 403
l 403 404
l 404 405
l 405 406
l 406 407
l 407 408
l 408 409
l 409 410
l 410 411
l 411 412
l 412 413
l 413 414
l 414 415
l 415 416
l 416 417
l 417 418
l 418 419
l 419 420
l 420 421
l 421 422
l 422 423
l 423 424
l 424 425
l 425 426
l 426 427
l 427 428
l 428 429
l 429 430
l 430 431
l 431 432
l 432 433
l 433 434
l 434 435
l 435 436
l 436 437
l 437 438
l 438 439
l 439 440
l 440 441
l 441 442
l 442 443
l 443 444
l 444 445
l 445 446
l 446 447
l 447 448
l 448 449
l 449 450
l 450 451
l 451 452
l 452 453
l 453 454
l 454 455
l 455 456
l 456 457
l 457 458
l 458 459
l 459 460
l 460 461
l 461 462
l 462 463
l 463 464
l 464 465
l 465 466
l 466 467
l 467 468
l 468 469
l 469 470
l 470 471
l 471 472
l 472 473
l 473 474
l 474 475
l 475 476
l 476 477
l 477 478
l 478 479
l 479 480
l 480 481
l 481 482
l 482 483
l 483 484
l 484 485
l 485 486
l 486 487
l 487 488
l 488 489
l 489 490
l 490 491
l 491 492
l 492 493
l 493 494
l 495 496
l 496 497
l 497 498
l 498 499
l 499 500
l 500 501
l 501 502
l 502 503
l 503 504
l 504 505
l 505 506
l 506 507
l 507 508
l 508 509
l 509 510
l 510 511
l 511 512
l 512 513
l 513 514
l 514 515
l 515 516
l 516 517
l 517 518
l 518 519
l 519 520
l 520 521
l 521 522
l 522 523
l 523 524
l 524 525
l 525 526
l 526 527
l 527 528
l 528 529
l 529 530
l 530 531
l 531 532
l 532 533
l 533 534
l 534 535
l 535 536
l 536 537
l 537 538
l 538 539
l 539 540
l 540 541
l 541 542
l 542 543
l 543 544
l 544 545
l 545 546
l 546 547
l 547 548
l 548 549
l 549 550
l 550 551
l 551 552
l 552 553
l 553 554
l 554 555
l 555 556
l 556 557
l 557 558
l 558 559
l 559 560
l 560 561
l 561 562
l 562 563
l 563 564
l 564 565
l 565 566
l 566 567
l 567 568
l 568 569
l 569 570
l 570 571
l 571 572
l 572 573
l 573 574
l 574 575
l 575 576
l 576 577
l 577 578
l 578 579
l 579 580
l 580 581
l 581 582
l 582 583
l 583 584
l 584 585
l 585 586
l 586 587
l 587 588
l 588 589
l 589 590
l 590 591
l 591 592
l 592 593
l 593 594
l 594 595
l 595 596
l 596 597
l 597 598
l 598 599
l 599 600
l 600 601
l 601 602
l 602 603
l 603 604
l 604 605
l 605 606
l 606 607
l 607 608
l 608 609
l 609 610
l 610 611
l 611 612
l 612 613
l 613 614
l 614 615
l 615 616
l 616 617
l 617 618
l 618 619
l 619 620
l 620 621
l 621 622
l 622 623
l 624 625
l 625 626
l 626 627
l 627 628
l 628 629
l 629 630
l 630 631
l 631 632
l 632 633
l 633 634
l 634 635
l 635 636
l 636 637
l 637 638
l 638 639
l 639 640
l 640 641
l 641 642
l 642 643
l 643 644
l 644 645
l 645 646
l 646 647
l 647 648
l 648 649
l 649 650
l 650 651
l 651 652
l 652 653
l 653 654
l 654 655
l 655 656
l 656 657
l 657 658
l 658 659
l 659 660
l 660 661
l 661 662
l 662 663
l 663 664
l 664 665
l 665 666
l 666 667
l 667 668
l 668 669
l 669 670
l 670 671
l 671 672
l 672 673
l 673 674
l 674 675
l 675 676
l 676 677
l 677 678
l 678 679
l 679 680
l 680 681
l 681 682
l 682 683
l 683 684
l 684 685
l 685 686
l 686 687
l 687 688
l 688 689
l 689 690
l 690 691
l 691 692
l 692 693
l 693 694
l 694 695
l 695 696
l 696 697
l 697 698
l 698 699
l 699 700
l 700 701
l 701 702
l 702 703
l 703 704
l 704 705
l 705 706
l 706 707
l 707 708
l 708 709
l 709 710
l 710 711
l 711 712
l 712 713
l 713 714
l 714 715
l 715 716
l 716 717
l 717 718
l 718 719
l 719 720
l 720 721
l 721 722
l 722 723
l 723 724
l 724 725
l 725 726
l 726 727
l 727 728
l 728 729
l 729 730
l 730 731
l 731 732
l 732 733
l 733 734
l 734 735
l 735 736
l 736 737
l 737 738
l 738 739
l 739 740
l 740 741
l 741 742
l 742 743
l 743 744
l 744 745
l 745 746
l 746 747
l 747 748
l 748 749
l 749 750
l 750 751
l 751 752
l 752 753
l 753 754
l 755 756
l 756 757
l 757 758
l 758 759
l 759 760
l 760 761
l 761 762
l 762 763
l 763 764
l 764 765
l 765 766
l 766 767
l 767 768
l 768 769
l 769 770
l 770 771
l 771 772
l 772 773
l 773 774
l 774 775
l 775 776
l 776 777
l 777 778
l 778 779
l 779 780
l 780 781
l 781 782
l 782 783
l 783 784
l 784 785
l 785 786
l 786 787
l 787 788
l 788 789
l 789 790
l 790 791
l 791 792
l 792 793
l 793 794
l 794 795
l 795 796
l 796 797
l 797 798
l 798 799
l 799 800
l 800 801
l 801 802
l 802 803
l 803 804
l 804 805
l 805 806
l 806 807
l 807 808
l 808 809
l 809 810
l 810 811
l 811 812
l 812 813
l 813 814
l 814 815
l 815 816
l 816 817
l 817 818
l 818 819
l 819 820
l 820 821
l 821 822
l 822 823
l 823 824
l 824 825
l 825 826
l 826 827
l 827 828
l 828 829
l 829 830
l 830 831
l 831 832
l 832 833
l 833 834
l 834 835
l 835 836
l 836 837
l 837 838
l 838 839
l 839 840
l 840 841
l 841 842
l 842 843
l 843 844
l 844 845
l 845 846
l 846 847
l 847 848
l 848 849
l 849 850
l 850 851
l 851 852
l 852 853
l 853 854
l 854 855
l 855 856
l 856 857
l 857 858
l 858 859
l 859 860
l 860 861
l 861 862
l 862 863
l 863 864
l 864 865
l 865 866
l 866 867
l 867 868
l 868 869
l 869 870
l 870 871
l 871 872
l 872 873
l 873 874
l 874 875
l 875 876
l 876 877
l 877 878
l 878 879
l 879 880
l 880 881
l 881 882
l 882 883
l 883 884
l 884 885
l 886 887
l 887 888
l 888 889
l 889 890
l 890 891
l 891 892
l 892 893
l 893 894
l 894 895
l 895 896
l 896 897
l 897 898
l 898 899
l 899 900
l 900 901
l 901 902
l 902 903
l 903 904
l 904 905
l 905 906
l 906 907
l 907 908
l 908 909
l 909 910
l 910 911
l 911 912
l 912 913
l 913 914
l 914 915
l 915 916
l 916 917
l 917 918
l 918 919
l 919 920
l 920 921
l 921 922
l 922 923
l 923 924
l 924 925
l 925 926
l 926 927
l 927 928
l 928 929
l 929 930
l 930 931
l 931 932
l 932 933
l 933 934
l 934 935
l 935 936
l 936 937
l 937 938
l 938 939
l 939 940
l 940 941
l 941 942
l 942 943
l 943 944
l 944 945
l 945 946
l 946 947
l 947 948
l 948 949
l 949 950
l 950 951
l 951 952
l 952 953
l 953 954
l 954 955
l 955 956
l 956 957
l 957 958
l 958 959
l 959 960
l 960 961
l 961 962
l 962 963
l 963 964
l 964 965
l 965 966
l 966 967
l 967 968
l 968 969
l 969 970
l 970 971
l 971 972
l 972 973
l 973 974
l 974 975
l 975 976
l 976 977
l 977 978
l 978 979
l 979 980
l 980 981
l 981 982
l 982 983
l 983 984
l 984 985
l 985 986
l 986 987
l 987 988
l 988 989
l 989 990
l 990 991
l 991 992
l 992 993
l 993 994
l 994 995
l 995 996
l 996 997
l 997 998
l 998 999
l 999 1000
l 1000 1001
l 1001 1002
l 1002 1003
l 1003 1004
l 1004 1005
l 1005 1006
l 1006 1007
l 1007 1008
l 1008 1009
l 1009 1010
l 1010 1011
l 1011 1012
l 1012 1013
l 1013 1014
l 1014 1015
l 1015 1016
l 1016 1017
l 1017 1018
l 1019 1020
l 1020 1021
l 1021 1022
l 1022 1023
l 1023 1024
l 1024 1025
l 1025 1026
l 1026 1027
l 1027 1028
l 1028 1029
l 1029 1030
l 1030 1031
l 1031 1032
l 1032 1033
l 1033 1034
l 1034 1035
l 1035 1036
l 1036 1037
l 1037 1038
l 1038 1039
l 1039 1040
l 1040 1041
l 1041 1042
l 1042 1043
l 1043 1044
l 1044 1045
l 1045 1046
l 1046 1047
l 1047 1048
l 1048 1049
l 1049 1050
l 1050 1051
l 1051 1052
l 1052 1053
l 1053 1054
l 1054 1055
l 1055 1056
l 1056 1057
l 1057 1058
l 1058 1059
l 1059 1060
l 1060 1061
l 1061 1062
l 1062 1063
l 1063 1064
l 1064 1065
l 1065 1066
l 1066 1067
l 1067 1068
l 1068 1069
l 1069 1070
l 1070 1071
l 1071 1072
l 1072 1073
l 1073 1074
l 1074 1075
l 1075 1076
l 1076 1077
l 1077 1078
l 1078 1079
l 1079 1080
l 1080 1081
l 1081 1082
l 1082 1083
l 1083 1084
l 1084 1085
l 1085 1086
l 1086 1087
l 1087 1088
l 1088 1089
l 1089 1090
l 1090 1091
l 1091 1092
l 1092 1093
l 1093 1094
l 1094 1095
l 1095 1096
l 1096 1097
l 1097 1098
l 1098 1099
l 1099 1100
l 1100 1101
l 1101 1102
l 1102 1103
l 1103 1104
l 1104 1105
l 1105 1106
l 1106 1107
l 1107 1108
l 1108 1109
l 1109 1110
l 1110 1111
l 1111 1112
l 1112 1113
l 1113 1114
l 1114 1115
l 1115 1116
l 1116 1117
l 1117 1118
l 1118 1119
l 1119 1120
l 1120 1121
l 1121 1122
l 1122 1123
l 1123 1124
l 1124 1125
l 1125 1126
l 1126 1127
l 1127 1128
l 1128 1129
l 1129 1130
l 1130 1131
l 1131 1132
l 1132 1133
l 1133 1134
l 1134 1135
l 1135 1136
l 1136 1137
l 1137 1138
l 1138 1139
l 1139 1140
l 1140 1141
l 1141 1142
l 1142 1143
l 1143 1144
l 1144 1145
l 1145 1146
l 1146 1147
l 1147 1148
l 1148 1149
l 1149 1150
l 1150 1151
l 1151 1152
l 1152 1153
l 1154 1155
l 1155 1156
l 1156 1157
l 1157 1158
l 1158 1159
l 1159 1160
l 1160 1161
l 1161 1162
l 1162 1163
l 1163 1164
l 1164 1165
l 1165 1166
l 1166 1167
l 1167 1168
l 1168 1169
l 1169 1170
l 1170 1171
l 1171 1172
l 1172 1173
l 1173 1174
l 1174 1175
l 1175 1176
l 1176 1177
l 1177 1178
l 1178 1179
l 1179 1180
l 1180 1181
l 1181 1182
l 1182 1183
l 1183 1184
l 1184 1185
l 1185 1186
l 1186 1187
l 1187 1188
l 1188 1189
l 1189 1190
l 1190 1191
l 1191 1192
l 1192 1193
l 1193 1194
l 1194 1195
l 1195 1196
l 1196 1197
l 1197 1198
l 1198 1199
l 1199 1200
l 1200 1201
l 1201 1202
l 1202 1203
l 1203 1204
l 1204 1205
l 1205 1206
l 1206 1207
l 1207 1208
l 1208 1209
l 1209 1210
l 1210 1211
l 1211 1212
l 1212 1213
l 1213 1214
l 1214 1215
l 1215 1216
l 1216 1217
l 1217 1218
l 1218 1219
l 1219 1220
l 1220 1221
l 1221 1222
l 1222 1223
l 1223 1224
l 1224 1225
l 1225 1226
l 1226 1227
l 1227 1228
l 1228 1229
l 1229 1230
l 1230 1231
l 1231 1232
l 1232 1233
l 1233 1234
l 1234 1235
l 1235 1236
l 1236 1237
l 1237 1238
l 1238 1239
l 1239 1240
l 1240 1241
l 1241 1242
l 1242 1243
l 1243 1244
l 1244 1245
l 1245 1246
l 1246 1247
l 1247 1248
l 1248 1249
l 1249 1250
l 1250 1251
l 1251 1252
l 1252 1253
l 1253 1254
l 1254 1255
l 1255 1256
l 1256 1257
l 1257 1258
l 1258 1259
l 1259 1260
l 1260 1261
l 1261 1262
l 1262 1263
l 1263 1264
l 1264 1265
l 1265 1266
l 1266 1267
l 1267 1268
l 1268 1269
l 1269 1270
l 1270 1271
l 1271 1272
l 1272 1273
l 1273 1274
l 1274 1275
l 1275 1276
l 1276 1277
l 1277 1278
l 1278 1279
l 1279 1280
l 1280 1281
l 1281 1282
l 1282 1283
l 1283 1284
l 1284 1285
l 1285 1286
l 1286 1287
l 1287 1288
l 1289 1290
l 1290 1291
l 1291 1292
l 1292 1293
l 1293 1294
l 1294 1295
l 1295 1296
l 1296 1297
l 1297 1298
l 1298 1299
l 1299 1300
l 1300 1301
l 1301 1302
l 1302 1303
l 1303 1304
l 1304 1305
l 1305 1306
l 1306 1307
l 1307 1308
l 1308 1309
l 1309 1310
l 1310 1311
l 1311 1312
l 1312 1313
l 1313 1314
l 1314 1315
l 1315 1316
l 1316 1317
l 1317 1318
l 1318 1319
l 1319 1320
l 1320 1321
l 1321 1322
l 1322 1323
l 1323 1324
l 1324 1325
l 1325 1326
l 1326 1327
l 1327 1328
l 1328 1329
l 1329 1330
l 1330 1331
l 1331 1332
l 1332 1333
l 1333 1334
l 1334 1335
l 1335 1336
l 1336 1337
l 1337 1338
l 1338 1339
l 1339 1340
l 1340 1341
l 1341 1342
l 1342 1343
l 1343 1344
l 1344 1345
l 1345 1346
l 1346 1347
l 1347 1348
l 1348 1349
l 1349 1350
l 1350 1351
l 1351 1352
l 1352 1353
l 1353 1354
l 1354 1355
l 1355 1356
l 1356 1357
l 1357 1358
l 1358 1359
l 1359 1360
l 1360 1361
l 1361 1362
l 1362 1363
l 1363 1364
l 1364 1365
l 1365 1366
l 1366 1367
l 1367 1368
l 1368 1369
l 1369 1370
l 1370 1371
l 1371 1372
l 1372 1373
l 1373 1374
l 1374 1375
l 1375 1376
l 1376 1377
l 1377 1378
l 1378 1379
l 1379 1380
l 1380 1381
l 1381 1382
l 1382 1383
l 1383 1384
l 1384 1385
l 1385 1386
l 1386 1387
l 1387 1388
l 1388 1389
l 1389 1390
l 1390 1391
l 1391 1392
l 1392 1393
l 1393 1394
l 1394 1395
l 1395 1396
l 1396 1397
l 1397 1398
l 1398 1399
l 1399 1400
l 1400 1401
l 1401 1402
l 1402 1403
l 1403 1404
l 1404 1405
l 1405 1406
l 1406 1407
l 1407 1408
l 1408 1409
l 1409 1410
l 1410 1411
l 1411 1412
l 1412 1413
l 1413 1414
l 1414 1415
l 1415 1416
l 1416 1417
l 1417 1418
l 1418 1419
l 1419 1420
l 1420 1421
l 1421 1422
l 1422 1423
l 1423 1424
l 1424 1425
l 1426 1427
l 1427 1428
l 1428 1429
l 1429 1430
l 1430 1431
l 1431 1432
l 1432 1433
l 1433 1434
l 1434 1435
l 1435 1436
l 1436 1437
l 1437 1438
l 1438 1439
l 1439 1440
l 1440 1441
l 1441 1442
l 1442 1443
l 1443 1444
l 1444 1445
l 1445 1446
l 1446 1447
l 1447 1448
l 1448 1449
l 1449 1450
l 1450 1451
l 1451 1452
l 1452 1453
l 1453 1454
l 1454 1455
l 1455 1456
l 1456 1457
l 1457 1458
l 1458 1459
l 1459 1460
l 1460 1461
l 1461 1462
l 1462 1463
l 1463 1464
l 1464 1465
l 1465 1466
l 1466 1467
l 1467 1468
l 1468 1469
l 1469 1470
l 1470 1471
l 1471 1472
l 1472 1473
l 1473 1474
l 1474 1475
l 1475 1476
l 1476 1477
l 1477 1478
l 1478 1479
l 1479 1480
l 1480 1481
l 1481 1482
l 1482 1483
l 1483 1484
l 1484 1485
l 1485 1486
l 1486 1487
l 1487 1488
l 1488 1489
l 1489 1490
l 1490 1491
l 1491 1492
l 1492 1493
l 1493 1494
l 1494 1495
l 1495 1496
l 1496 1497
l 1497 1498
l 1498 1499
l 1499 1500
l 1500 1501
l 1501 1502
l 1502 1503
l 1503 1504
l 1504 1505
l 1505 1506
l 1506 1507
l 1507 1508
l 1508 1509
l 1509 1510
l 1510 1511
l 1511 1512
l 1512 1513
l 1513 1514
l 1514 1515
l 1515 1516
l 1516 1517
l 1517 1518
l 1518 1519
l 1519 1520
l 1520 1521
l 1521 1522
l 1522 1523
l 1523 1524
l 1524 1525
l 1525 1526
l 1526 1527
l 1527 1528
l 1528 1529
l 1529 1530
l 1530 1531
l 1531 1532
l 1532 1533
l 1533 1534
l 1534 1535
l 1535 1536
l 1536 1537
l 1537 1538
l 1538 1539
l 1539 1540
l 1540 1541
l 1541 1542
l 1542 1543
l 1543 1544
l 1544 1545
l 1545 1546
l 1546 1547
l 1547 1548
l 1548 1549
l 1549 1550
l 1550 1551
l 1551 1552
l 1552 1553
l 1553 1554
l 1554 1555
l 1555 1556
l 1556 1557
l 1557 1558
l 1558 1559
l 1559 1560
l 1560 1561
l 1561 1562
l 1562 1563
l 1563 1564
l 1565 1566
l 1566 1567
l 1567 1568
l 1568 1569
l 1569 1570
l 1570 1571
l 1571 1572
l 1572 1573
l 1573 1574
l 1574 1575
l 1575 1576
l 1576 1577
l 1577 1578
l 1578 1579
l 1579 1580
l 1580 1581
l 1581 1582
l 1582 1583
l 1583 1584
l 1584 1585
l 1585 1586
l 1586 1587
l 1587 1588
l 1588 1589
l 1589 1590
l 1590 1591
l 1591 1592
l 1592 1593
l 1593 1594
l 1594 1595
l 1595 1596
l 1596 1597
l 1597 1598
l 1598 1599
l 1599 1600
l 1600 1601
l 1601 1602
l 1602 1603
l 1603 1604
l 1604 1605
l 1605 1606
l 1606 1607
l 1607 1608
l 1608 1609
l 1609 1610
l 1610 1611
l 1611 1612
l 1612 1613
l 1613 1614
l 1614 1615
l 1615 1616
l 1616 1617
l 1617 1618
l 1618 1619
l 1619 1620
l 1620 1621
l 1621 1622
l 1622 1623
l 1623 1624
l 1624 1625
l 1625 1626
l 1626 1627
l 1627 1628
l 1628 1629
l 1629 1630
l 1630 1631
l 1631 1632
l 1632 1633
l 1633 1634
l 1634 1635
l 1635 1636
l 1636 1637
l 1637 1638
l 1638 1639
l 1639 1640
l 1640 1641
l 1641 1642
l 1642 1643
l 1643 1644
l 1644 1645
l 1645 1646
l 1646 1647
l 1647 1648
l 1648 1649
l 1649 1650
l 1650 1651
l 1651 1652
l 1652 1653
l 1653 1654
l 1654 1655
l 1655 1656
l 1656 1657
l 1657 1658
l 1658 1659
l 1659 1660
l 1660 1661
l 1661 1662
l 1662 1663
l 1663 1664
l 1664 1665
l 1665 1666
l 1666 1667
l 1667 1668
l 1668 1669
l 1669 1670
l 1670 1671
l 1671 1672
l 1672 1673
l 1673 1674
l 1674 1675
l 1675 1676
l 1676 1677
l 1677 1678
l 1678 1679
l 1679 1680
l 1680 1681
l 1681 1682
l 1682 1683
l 1683 1684
l 1684 1685
l 1685 1686
l 1686 1687
l 1687 1688
l 1688 1689
l 1689 1690
l 1690 1691
l 1691 1692
l 1692 1693
l 1693 1694
l 1694 1695
l 1695 1696
l 1696 1697
l 1697 1698
l 1698 1699
l 1699 1700
l 1700 1701
l 1701 1702
l 1702 1703
l 1703 1704
l 1704 1705
l 1706 1707
l 1707 1708
l 1708 1709
l 1709 1710
l 1710 1711
l 1711 1712
l 1712 1713
l 1713 1714
l 1714 1715
l 1715 1716
l 1716 1717
l 1717 1718
l 1718 1719
l 1719 1720
l 1720 1721
l 1721 1722
l 1722 1723
l 1723 1724
l 1724 1725
l 1725 1726
l 1726 1727
l 1727 1728
l 1728 1729
l 1729 1730
l 1730 1731
l 1731 1732
l 1732 1733
l 1733 1734
l 1734 1735
l 1735 1736
l 1736 1737
l 1737 1738
l 1738 1739
l 1739 1740
l 1740 1741
l 1741 1742
l 1742 1743
l 1743 1744
l 1744 1745
l 1745 1746
l 1746 1747
l 1747 1748
l 1748 1749
l 1749 1750
l 1750 1751
l 1751 1752
l 1752 1753
l 1753 1754
l 1754 1755
l 1755 1756
l 1756 1757
l 1757 1758
l 1758 1759
l 1759 1760
l 1760 1761
l 1761 1762
l 1762 1763
l 1763 1764
l 1764 1765
l 1765 1766
l 1766 1767
l 1767 1768
l 1768 1769
l 1769 1770
l 1770 1771
l 1771 1772
l 1772 1773
l 1773 1774
l 1774 1775
l 1775 1776
l 1776 1777
l 1777 1778
l 1778 1779
l 1779 1780
l 1780 1781
l 1781 1782
l 1782 1783
l 1783 1784
l 1784 1785
l 1785 1786
l 1786 1787
l 1787 1788
l 1788 1789
l 1789 1790
l 1790 1791
l 1791 1792
l 1792 1793
l 1793 1794
l 1794 1795
l 1795 1796
l 1796 1797
l 1797 1798
l 1798 1799
l 1799 1800
l 1800 1801
l 1801 1802
l 1802 1803
l 1803 1804
l 1804 1805
l 1805 1806
l 1806 1807
l 1807 1808
l 1808 1809
l 1809 1810
l 1810 1811
l 1811 1812
l 1812 1813
l 1813 1814
l 1814 1815
l 1815 1816
l 1816 1817
l 1817 1818
l 1818 1819
l 1819 1820
l 1820 1821
l 1821 1822
l 1822 1823
l 1823 1824
l 1824 1825
l 1825 1826
l 1826 1827
l 1827 1828
l 1828 1829
l 1829 1830
l 1830 1831
l 1831 1832
l 1832 1833
l 1833 1834
l 1834 1835
l 1835 1836
l 1836 1837
l 1837 1838
l 1838 1839
l 1839 1840
l 1840 1841
l 1841 1842
l 1842 1843
l 1843 1844
l 1844 1845
l 1845 1846
l 1846 1847
l 1847 1848
l 1849 1850
l 1850 1851
l 1851 1852
l 1852 1853
l 1853 1854
l 1854 1855
l 1855 1856
l 1856 1857
l 1857 1858
l 1858 1859
l 1859 1860
l 1860 1861
l 1861 1862
l 1862 1863
l 1863 1864
l 1864 1865
l 1865 1866
l 1866 1867
l 1867 1868
l 1868 1869
l 1869 1870
l 1870 1871
l 1871 1872
l 1872 1873
l 1873 1874
l 1874 1875
l 1875 1876
l 1876 1877
l 1877 1878
l 1878 1879
l 1879 1880
l 1880 1881
l 1881 1882
l 1882 1883
l 1883 1884
l 1884 1885
l 1885 1886
l 1886 1887
l 1887 1888
l 1888 1889
l 1889 1890
l 1890 1891
l 1891 1892
l 1892 1893
l 1893 1894
l 1894 1895
l 1895 1896
l 1896 1897
l 1897 1898
l 1898 1899
l 1899 1900
l 1900 1901
l 1901 1902
l 1902 1903
l 1903 1904
l 1904 1905
l 1905 1906
l 1906 1907
l 1907 1908
l 1908 1909
l 1909 1910
l 1910 1911
l 1911 1912
l 1912 1913
l 1913 1914
l 1914 1915
l 1915 1916
l 1916 1917
l 1917 1918
l 1918 1919
l 1919 1920
l 1920 1921
l 1921 1922
l 1922 1923
l 1923 1924
l 1924 1925
l 1925 1926
l 1926 1927
l 1927 1928
l 1928 1929
l 1929 1930
l 1930 1931
l 1931 1932
l 1932 1933
l 1933 1934
l 1934 1935
l 1935 1936
l 1936 1937
l 1937 1938
l 1938 1939
l 1939 1940
l 1940 1941
l 1941 1942
l 1942 1943
l 1943 1944
l 1944 1945
l 1945 1946
l 1946 1947
l 1947 1948
l 1948 1949
l 1949 1950
l 1950 1951
l 1951 1952
l 1952 1953
l 1953 1954
l 1954 1955
l 1955 1956
l 1956 1957
l 1957 1958
l 1958 1959
l 1959 1960
l 1960 1961
l 1961 1962
l 1962 1963
l 1963 1964
l 1964 1965
l 1965 1966
l 1966 1967
l 1967 1968
l 1968 1969
l 1969 1970
l 1970 1971
l 1971 1972
l 1972 1973
l 1973 1974
l 1974 1975
l 1975 1976
l 1976 1977
l 1977 1978
l 1978 1979
l 1979 1980
l 1980 1981
l 1981 1982
l 1982 1983
l 1983 1984
l 1984 1985
l 1985 1986
l 1986 1987
l 1987 1988
l 1988 1989
l 1989 1990
l 1990 1991
l 1991 1992
l 1992 1993
l 1993 1994
l 1994 1995
l 1996 1997
l 1997 1998
l 1998 1999
l 1999 2000
l 2000 2001
l 2001 2002
l 2002 2003
l 2003 2004
l 2004 2005
l 2005 2006
l 2006 2007
l 2007 2008
l 2008 2009
l 2009 2010
l 2010 2011
l 2011 2012
l 2012 2013
l 2013 2014
l 2014 2015
l 2015 2016
l 2016 2017
l 2017 2018
l 2018 2019
l 2019 2020
l 2020 2021
l 2021 2022
l 2022 2023
l 2023 2024
l 2024 2025
l 2025 2026
l 2026 2027
l 2027 2028
l 2028 2029
l 2029 2030
l 2030 2031
l 2031 2032
l 2032 2033
l 2033 2034
l 2034 2035
l 2035 2036
l 2036 2037
l 2037 2038
l 2038 2039
l 2039 2040
l 2040 2041
l 2041 2042
l 2042 2043
l 2043 2044
l 2044 2045
l 2045 2046
l 2046 2047
l 2047 2048
l 2048 2049
l 2049 2050
l 2050 2051
l 2051 2052
l 2052 2053
l 2053 2054
l 2054 2055
l 2055 2056
l 2056 2057
l 2057 2058
l 2058 2059
l 2059 2060
l 2060 2061
l 2061 2062
l 2062 2063
l 2063 2064
l 2064 2065
l 2065 2066
l 2066 2067
l 2067 2068
l 2068 2069
l 2069 2070
l 2070 2071
l 2071 2072
l 2072 2073
l 2073 2074
l 2074 2075
l 2075 2076
l 2076 2077
l 2077 2078
l 2078 2079
l 2079 2080
l 2080 2081
l 2081 2082
l 2082 2083
l 2083 2084
l 2084 2085
l 2085 2086
l 2086 2087
l 2087 2088
l 2088 2089
l 2089 2090
l 2090 2091
l 2091 2092
l 2092 2093
l 2093 2094
l 2094 2095
l 2095 2096
l 2096 2097
l 2097 2098
l 2098 2099
l 2099 2100
l 2100 2101
l 2101 2102
l 2102 2103
l 2103 2104
l 2104 2105
l 2105 2106
l 2106 2107
l 2107 2108
l 2108 2109
l 2109 2110
l 2110 2111
l 2111 2112
l 2112 2113
l 2113 2114
l 2114 2115
l 2115 2116
l 2116 2117
l 2117 2118
l 2118 2119
l 2119 2120
l 2120 2121
l 2121 2122
l 2122 2123
l 2123 2124
l 2124 2125
l 2125 2126
l 2126 2127
l 2127 2128
l 2128 2129
l 2129 2130
l 2130 2131
l 2131 2132
l 2132 2133
l 2133 2134
l 2134 2135
l 2135 2136
l 2136 2137
l 2137 2138
l 2138 2139
l 2139 2140
l 2140 2141
l 2141 2142
l 2142 2143
l 2143 2144
l 2145 2146
l 2146 2147
l 2147 2148
l 2148 2149
l 2149 2150
l 2150 2151
l 2151 2152
l 2152 2153
l 2153 2154
l 2154 2155
l 2155 2156
l 2156 2157
l 2157 2158
l 2158 2159
l 2159 2160
l 2160 2161
l 2161 2162
l 2162 2163
l 2163 2164
l 2164 2165
l 2165 2166
l 2166 2167
l 2167 2168
l 2168 2169
l 2169 2170
l 2170 2171
l 2171 2172
l 2172 2173
l 2173 2174
l 2174 2175
l 2175 2176
l 2176 2177
l 2177 2178
l 2178 2179
l 2179 2180
l 2180 2181
l 2181 2182
l 2182 2183
l 2183 2184
l 2184 2185
l 2185 2186
l 2186 2187
l 2187 2188
l 2188 2189
l 2189 2190
l 2190 2191
l 2191 2192
l 2192 2193
l 2193 2194
l 2194 2195
l 2195 2196
l 2196 2197
l 2197 2198
l 2198 2199
l 2199 2200
l 2200 2201
l 2201 2202
l 2202 2203
l 2203 2204
l 2204 2205
l 2205 2206
l 2206 2207
l 2207 2208
l 2208 2209
l 2209 2210
l 2210 2211
l 2211 2212
l 2212 2213
l 2213 2214
l 2214 2215
l 2215 2216
l 2216 2217
l 2217 2218
l 2218 2219
l 2219 2220
l 2220 2221
l 2221 2222
l 2222 2223
l 2223 2224
l 2224 2225
l 2225 2226
l 2226 2227
l 2227 2228
l 2228 2229
l 2229 2230
l 2230 2231
l 2231 2232
l 2232 2233
l 2233 2234
l 2234 2235
l 2235 2236
l 2236 2237
l 2237 2238
l 2238 2239
l 2239 2240
l 2240 2241
l 2241 2242
l 2242 2243
l 2243 2244
l 2244 2245
l 2245 2246
l 2246 2247
l 2247 2248
l 2248 2249
l 2249 2250
l 2250 2251
l 2251 2252
l 2252 2253
l 2253 2254
l 2254 2255
l 2255 2256
l 2256 2257
l 2257 2258
l 2258 2259
l 2259 2260
l 2260 2261
l 2261 2262
l 2262 2263
l 2263 2264
l 2264 2265
l 2265 2266
l 2266 2267
l 2267 2268
l 2268 2269
l 2269 2270
l 2270 2271
l 2271 2272
l 2272 2273
l 2273 2274
l 2274 2275
l 2275 2276
l 2276 2277
l 2277 2278
l 2278 2279
l 2279 2280
l 2280 2281
l 2281 2282
l 2282 2283
l 2283 2284
l 2284 2285
l 2285 2286
l 2286 2287
l 2287 2288
l 2288 2289
l 2289 2290
l 2290 2291
l 2291 2292
l 2292 2293
l 2293 2294
l 2294 2295
l 2295 2296
l 2296 2297
l 2297 2298
l 2298 2299
l 2299 2300
l 2300 2301
l 2301 2302
l 2302 2303
l 2304 2305
l 2305 2306
l 2306 2307
l 2307 2308
l 2308 2309
l 2309 2310
l 2310 2311
l 2311 2312
l 2312 2313
l 2313 2314
l 2314 2315
l 2315 2316
l 2316 2317
l 2317 2318
l 2318 2319
l 2319 2320
l 2320 2321
l 2321 2322
l 2322 2323
l 2323 2324
l 2324 2325
l 2325 2326
l 2326 2327
l 2327 2328
l 2328 2329
l 2329 2330
l 2330 2331
l 2331 2332
l 2332 2333
l 2333 2334
l 2334 2335
l 2335 2336
l 2336 2337
l 2337 2338
l 2338 2339
l 2339 2340
l 2340 2341
l 2341 2342
l 2342 2343
l 2343 2344
l 2344 2345
l 2345 2346
l 2346 2347
l 2347 2348
l 2348 2349
l 2349 2350
l 2350 2351
l 2351 2352
l 2352 2353
l 2353 2354
l 2354 2355
l 2355 2356
l 2356 2357
l 2357 2358
l 2358 2359
l 2359 2360
l 2360 2361
l 2361 2362
l 2362 2363
l 2363 2364
l 2364 2365
l 2365 2366
l 2366 2367
l 2367 2368
l 2368 2369
l 2369 2370
l 2370 2371
l 2371 2372
l 2372 2373
l 2373 2374
l 2374 2375
l 2375 2376
l 2376 2377
l 2377 2378
l 2378 2379
l 2379 2380
l 2380 2381
l 2381 2382
l 2382 2383
l 2383 2384
l 2384 2385
l 2385 2386
l 2386 2387
l 2387 2388
l 2388 2389
l 2389 2390
l 2390 2391
l 2391 2392
l 2392 2393
l 2393 2394
l 2394 2395
l 2395 2396
l 2396 2397
l 2397 2398
l 2398 2399
l 2399 2400
l 2400 2401
l 2401 2402
l 2402 2403
l 2403 2404
l 2404 2405
l 2405 2406
l 2406 2407
l 2407 2408
l 2408 2409
l 2409 2410
l 2410 2411
l 2411 2412
l 2412 2413
l 2413 2414
l 2414 2415
l 2415 2416
l 2416 2417
l 2417 2418
l 2418 2419
l 2419 2420
l 2420 2421
l 2421 2422
l 2422 2423
l 2423 2424
l 2424 2425
l 2425 2426
l 2426 2427
l 2427 2428
l 2428 2429
l 2429 2430
l 2430 2431
l 2431 2432
l 2432 2433
l 2433 2434
l 2434 2435
l 2435 2436
l 2436 2437
l 2437 2438
l 2438 2439
l 2439 2440
l 2440 2441
l 2441 2442
l 2442 2443
l 2443 2444
l 2444 2445
l 2445 2446
l 2446 2447
l 2447 2448
l 2448 2449
l 2449 2450
l 2450 2451
l 2451 2452
l 2452 2453
l 2453 2454
l 2454 2455
l 2455 2456
l 2456 2457
l 2457 2458
l 2458 2459
l 2459 2460
l 2460 2461
l 2461 2462
l 2462 2463
l 2463 2464
l 2465 2466
l 2466 2467
l 2467 2468
l 2468 2469
l 2469 2470
l 2470 2471
l 2471 2472
l 2472 2473
l 2473 2474
l 2474 2475
l 2475 2476
l 2476 2477
l 2477 2478
l 2478 2479
l 2479 2480
l 2480 2481
l 2481 2482
l 2482 2483
l 2483 2484
l 2484 2485
l 2485 2486
l 2486 2487
l 2487 2488
l 2488 2489
l 2489 2490
l 2490 2491
l 2491 2492
l 2492 2493
l 2493 2494
l 2494 2495
l 2495 2496
l 2496 2497
l 2497 2498
l 2498 2499
l 2499 2500
l 2500 2501
l 2501 2502
l 2502 2503
l 2503 2504
l 2504 2505
l 2505 2506
l 2506 2507
l 2507 2508
l 2508 2509
l 2509 2510
l 2510 2511
l 2511 2512
l 2512 2513
l 2513 2514
l 2514 2515
l 2515 2516
l 2516 2517
l 2517 2518
l 2518 2519
l 2519 2520
l 2520 2521
l 2521 2522
l 2522 2523
l 2523 2524
l 2524 2525
l 2525 2526
l 2526 2527
l 2527 2528
l 2528 2529
l 2529 2530
l 2530 2531
l 2531 2532
l 2532 2533
l 2533 2534
l 2534 2535
l 2535 2536
l 2536 2537
l 2537 2538
l 2538 2539
l 2539 2540
l 2540 2541
l 2541 2542
l 2542 2543
l 2543 2544
l 2544 2545
l 2545 2546
l 2546 2547
l 2547 2548
l 2548 2549
l 2549 2550
l 2550 2551
l 2551 2552
l 2552 2553
l 2553 2554
l 2554 2555
l 2555 2556
l 2556 2557
l 2557 2558
l 2558 2559
l 2559 2560
l 2560 2561
l 2561 2562
l 2562 2563
l 2563 2564
l 2564 2565
l 2565 2566
l 2566 2567
l 2567 2568
l 2568 2569
l 2569 2570
l 2570 2571
l 2571 2572
l 2572 2573
l 2573 2574
l 2574 2575
l 2575 2576
l 2576 2577
l 2577 2578
l 2578 2579
l 2579 2580
l 2580 2581
l 2581 2582
l 2582 2583
l 2583 2584
l 2584 2585
l 2585 2586
l 2586 2587
l 2587 2588
l 2588 2589
l 2589 2590
l 2590 2591
l 2591 2592
l 2592 2593
l 2593 2594
l 2594 2595
l 2595 2596
l 2596 2597
l 2597 2598
l 2598 2599
l 2599 2600
l 2600 2601
l 2601 2602
l 2602 2603
l 2603 2604
l 2604 2605
l 2605 2606
l 2606 2607
l 2607 2608
l 2608 2609
l 2609 2610
l 2610 2611
l 2611 2612
l 2612 2613
l 2613 2614
l 2614 2615
l 2615 2616
l 2616 2617
l 2617 2618
l 2618 2619
l 2619 2620
l 2620 2621
l 2621 2622
l 2622 2623
l 2623 2624
l 2624 2625
l 2626 2627
l 2627 2628
l 2628 2629
l 2629 2630
l 2630 2631
l 2631 2632
l 2632 2633
l 2633 2634
l 2634 2635
l 2635 2636
l 2636 2637
l 2637 2638
l 2638 2639
l 2639 2640
l 2640 2641
l 2641 2642
l 2642 2643
l 2643 2644
l 2644 2645
l 2645 2646
l 2646 2647
l 2647 2648
l 2648 2649
l 2649 2650
l 2650 2651
l 2651 2652
l 2652 2653
l 2653 2654
l 2654 2655
l 2655 2656
l 2656 2657
l 2657 2658
l 2658 2659
l 2659 2660
l 2660 2661
l 2661 2662
l 2662 2663
l 2663 2664
l 2664 2665
l 2665 2666
l 2666 2667
l 2667 2668
l 2668 2669
l 2669 2670
l 2670 2671
l 2671 2672
l 2672 2673
l 2673 2674
l 2674 2675
l 2675 2676
l 2676 2677
l 2677 2678
l 2678 2679
l 2679 2680
l 2680 2681
l 2681 2682
l 2682 2683
l 2683 2684
l 2684 2685
l 2685 2686
l 2686 2687
l 2687 2688
l 2688 2689
l 2689 2690
l 2690 2691
l 2691 2692
l 2692 2693
l 2693 2694
l 2694 2695
l 2695 2696
l 2696 2697
l 2697 2698
l 2698 2699
l 2699 2700
l 2700 2701
l 2701 2702
l 2702 2703
l 2703 2704
l 2704 2705
l 2705 2706
l 2706 2707
l 2707 2708
l 2708 2709
l 2709 2710
l 2710 2711
l 2711 2712
l 2712 2713
l 2713 2714
l 2714 2715
l 2715 2716
l 2716 2717
l 2717 2718
l 2718 2719
l 2719 2720
l 2720 2721
l 2721 2722
l 2722 2723
l 2723 2724
l 2724 2725
l 2725 2726
l 2726 2727
l 2727 2728
l 2728 2729
l 2729 2730
l 2730 2731
l 2731 2732
l 2732 2733
l 2733 2734
l 2734 2735
l 2735 2736
l 2736 2737
l 2737 2738
l 2738 2739
l 2739 2740
l 2740 2741
l 2741 2742
l 2742 2743
l 2743 2744
l 2744 2745
l 2745 2746
l 2746 2747
l 2747 2748
l 2748 2749
l 2749 2750
l 2750 2751
l 2751 2752
l 2752 2753
l 2753 2754
l 2754 2755
l 2755 2756
l 2756 2757
l 2757 2758
l 2758 2759
l 2759 2760
l 2760 2761
l 2761 2762
l 2762 2763
l 2763 2764
l 2764 2765
l 2765 2766
l 2766 2767
l 2767 2768
l 2768 2769
l 2769 2770
l 2770 2771
l 2771 2772
l 2772 2773
l 2773 2774
l 2774 2775
l 2775 2776
l 2776 2777
l 2777 2778
l 2778 2779
l 2779 2780
l 2780 2781
l 2781 2782
l 2782 2783
l 2783 2784
l 2784 2785
l 2785 2786
l 2787 2788
l 2788 2789
l 2789 2790
l 2790 2791
l 2791 2792
l 2792 2793
l 2793 2794
l 2794 2795
l 2795 2796
l 2796 2797
l 2797 2798
l 2798 2799
l 2799 2800
l 2800 2801
l 2801 2802
l 2802 2803
l 2803 2804
l 2804 2805
l 2805 2806
l 2806 2807
l 2807 2808
l 2808 2809
l 2809 2810
l 2810 2811
l 2811 2812
l 2812 2813
l 2813 2814
l 2814 2815
l 2815 2816
l 2816 2817
l 2817 2818
l 2818 2819
l 2819 2820
l 2820 2821
l 2821 2822
l 2822 2823
l 2823 2824
l 2824 2825
l 2825 2826
l 2826 2827
l 2827 2828
l 2828 2829
l 2829 2830
l 2830 2831
l 2831 2832
l 2832 2833
l 2833 2834
l 2834 2835
l 2835 2836
l 2836 2837
l 2837 2838
l 2838 2839
l 2839 2840
l 2840 2841
l 2841 2842
l 2842 2843
l 2843 2844
l 2844 2845
l 2845 2846
l 2846 2847
l 2847 2848
l 2848 2849
l 2849 2850
l 2850 2851
l 2851 2852
l 2852 2853
l 2853 2854
l 2854 2855
l 2855 2856
l 2856 2857
l 2857 2858
l 2858 2859
l 2859 2860
l 2860 2861
l 2861 2862
l 2862 2863
l 2863 2864
l 2864 2865
l 2865 2866
l 2866 2867
l 2867 2868
l 2868 2869
l 2869 2870
l 2870 2871
l 2871 2872
l 2872 2873
l 2873 2874
l 2874 2875
l 2875 2876
l 2876 2877
l 2877 2878
l 2878 2879
l 2879 2880
l 2880 2881
l 2881 2882
l 2882 2883
l 2883 2884
l 2884 2885
l 2885 2886
l 2886 2887
l 2887 2888
l 2888 2889
l 2889 2890
l 2890 2891
l 2891 2892
l 2892 2893
l 2893 2894
l 2894 2895
l 2895 2896
l 2896 2897
l 2897 2898
l 2898 2899
l 2899 2900
l 2900 2901
l 2901 2902
l 2902 2903
l 2903 2904
l 2904 2905
l 2905 2906
l 2906 2907
l 2907 2908
l 2908 2909
l 2909 2910
l 2910 2911
l 2911 2912
l 2912 2913
l 2913 2914
l 2914 2915
l 2915 2916
l 2916 2917
l 2917 2918
l 2918 2919
l 2919 2920
l 2920 2921
l 2921 2922
l 2922 2923
l 2923 2924
l 2924 2925
l 2925 2926
l 2926 2927
l 2927 2928
l 2928 2929
l 2929 2930
l 2930 2931
l 2931 2932
l 2932 2933
l 2933 2934
l 2934 2935
l 2935 2936
l 2936 2937
l 2937 2938
l 2938 2939
l 2939 2940
l 2940 2941
l 2941 2942
l 2942 2943
l 2943 2944
l 2944 2945
l 2945 2946
l 2946 2947
l 2948 2949
l 2949 2950
l 2950 2951
l 2951 2952
l 2952 2953
l 2953 2954
l 2954 2955
l 2955 2956
l 2956 2957
l 2957 2958
l 2958 2959
l 2959 2960
l 2960 2961
l 2961 2962
l 2962 2963
l 2963 2964
l 2964 2965
l 2965 2966
l 2966 2967
l 2967 2968
l 2968 2969
l 2969 2970
l 2970 2971
l 2971 2972
l 2972 2973
l 2973 2974
l 2974 2975
l 2975 2976
l 2976 2977
l 2977 2978
l 2978 2979
l 2979 2980
l 2980 2981
l 2981 2982
l 2982 2983
l 2983 2984
l 2984 2985
l 2985 2986
l 2986 2987
l 2987 2988
l 2988 2989
l 2989 2990
l 2990 2991
l 2991 2992
l 2992 2993
l 2993 2994
l 2994 2995
l 2995 2996
l 2996 2997
l 2997 2998
l 2998 2999
l 2999 3000
l 3000 3001
l 3001 3002
l 3002 3003
l 3003 3004
l 3004 3005
l 3005 3006
l 3006 3007
l 3007 3008
l 3008 3009
l 3009 3010
l 3010 3011
l 3011 3012
l 3012 3013
l 3013 3014
l 3014 3015
l 3015 3016
l 3016 3017
l 3017 3018
l 3018 3019
l 3019 3020
l 3020 3021
l 3021 3022
l 3022 3023
l 3023 3024
l 3024 3025
l 3025 3026
l 3026 3027
l 3027 3028
l 3028 3029
l 3029 3030
l 3030 3031
l 3031 3032
l 3032 3033
l 3033 3034
l 3034 3035
l 3035 3036
l 3036 3037
l 3037 3038
l 3038 3039
l 3039 3040
l 3040 3041
l 3041 3042
l 3042 3043
l 3043 3044
l 3044 3045
l 3045 3046
l 3046 3047
l 3047 3048
l 3048 3049
l 3049 3050
l 3050 3051
l 3051 3052
l 3052 3053
l 3053 3054
l 3054 3055
l 3055 3056
l 3056 3057
l 3057 3058
l 3058 3059
l 3059 3060
l 3060 3061
l 3061 3062
l 3062 3063
l 3063 3064
l 3064 3065
l 3065 3066
l 3066 3067
l 3067 3068
l 3068 3069
l 3069 3070
l 3070 3071
l 3071 3072
l 3072 3073
l 3073 3074
l 3074 3075
l 3075 3076
l 3076 3077
l 3077 3078
l 3078 3079
l 3079 3080
l 3080 3081
l 3081 3082
l 3082 3083
l 3083 3084
l 3084 3085
l 3085 3086
l 3086 3087
l 3087 3088
l 3088 3089
l 3089 3090
l 3090 3091
l 3091 3092
l 3092 3093
l 3093 3094
l 3094 3095
l 3095 3096
l 3096 3097
l 3097 3098
l 3098 3099
l 3099 3100
l 3100 3101
l 3101 3102
l 3102 3103
l 3103 3104
l 3104 3105
l 3105 3106
l 3106 3107
l 3107 3108
l 3109 3110
l 3110 3111
l 3111 3112
l 3112 3113
l 3113 3114
l 3114 3115
l 3115 3116
l 3116 3117
l 3117 3118
l 3118 3119
l 3119 3120
l 3120 3121
l 3121 3122
l 3122 3123
l 3123 3124
l 3124 3125
l 3125 3126
l 3126 3127
l 3127 3128
l 3128 3129
l 3129 3130
l 3130 3131
l 3131 3132
l 3132 3133
l 3133 3134
l 3134 3135
l 3135 3136
l 3136 3137
l 3137 3138
l 3138 3139
l 3139 3140
l 3140 3141
l 3141 3142
l 3142 3143
l 3143 3144
l 3144 3145
l 3145 3146
l 3146 3147
l 3147 3148
l 3148 3149
l 3149 3150
l 3150 3151
l 3151 3152
l 3152 3153
l 3153 3154
l 3154 3155
l 3155 3156
l 3156 3157
l 3157 3158
l 3158 3159
l 3159 3160
l 3160 3161
l 3161 3162
l 3162 3163
l 3163 3164
l 3164 3165
l 3165 3166
l 3166 3167
l 3167 3168
l 3168 3169
l 3169 3170
l 3170 3171
l 3171 3172
l 3172 3173
l 3173 3174
l 3174 3175
l 3175 3176
l 3176 3177
l 3177 3178
l 3178 3179
l 3179 3180
l 3180 3181
l 3181 3182
l 3182 3183
l 3183 3184
l 3184 3185
l 3185 3186
l 3186 3187
l 3187 3188
l 3188 3189
l 3189 3190
l 3190 3191
l 3191 3192
l 3192 3193
l 3193 3194
l 3194 3195
l 3195 3196
l 3196 3197
l 3197 3198
l 3198 3199
l 3199 3200
l 3200 3201
l 3201 3202
l 3202 3203
l 3203 3204
l 3204 3205
l 3205 3206
l 3206 3207
l 3207 3208
l 3208 3209
l 3209 3210
l 3210 3211
l 3211 3212
l 3212 3213
l 3213 3214
l 3214 3215
l 3215 3216
l 3216 3217
l 3217 3218
l 3218 3219
l 3219 3220
l 3220 3221
l 3221 3222
l 3222 3223
l 3223 3224
l 3224 3225
l 3225 3226
l 3226 3227
l 3227 3228
l 3228 3229
l 3229 3230
l 3230 3231
l 3231 3232
l 3232 3233
l 3233 3234
l 3234 3235
l 3235 3236
l 3236 3237
l 3237 3238
l 3238 3239
l 3239 3240
l 3240 3241
l 3241 3242
l 3242 3243
l 3243 3244
l 3244 3245
l 3245 3246
l 3246 3247
l 3247 3248
l 3248 3249
l 3249 3250
l 3250 3251
l 3251 3252
l 3252 3253
l 3253 3254
l 3254 3255
l 3255 3256
l 3256 3257
l 3257 3258
l 3258 3259
l 3259 3260
l 3260 3261
l 3261 3262
l 3262 3263
l 3263 3264
l 3264 3265
l 3265 3266
l 3266 3267
l 3267 3268
l 3268 3269
l 3270 3271
l 3271 3272
l 3272 3273
l 3273 3274
l 3274 3275
l 3275 3276
l 3276 3277
l 3277 3278
l 3278 3279
l 3279 3280
l 3280 3281
l 3281 3282
l 3282 3283
l 3283 3284
l 3284 3285
l 3285 3286
l 3286 3287
l 3287 3288
l 3288 3289
l 3289 3290
l 3290 3291
l 3291 3292
l 3292 3293
l 3293 3294
l 3294 3295
l 3295 3296
l 3296 3297
l 3297 3298
l 3298 3299
l 3299 3300
l 3300 3301
l 3301 3302
l 3302 3303
l 3303 3304
l 3304 3305
l 3305 3306
l 3306 3307
l 3307 3308
l 3308 3309
l 3309 3310
l 3310 3311
l 3311 3312
l 3312 3313
l 3313 3314
l 3314 3315
l 3315 3316
l 3316 3317
l 3317 3318
l 3318 3319
l 3319 3320
l 3320 3321
l 3321 3322
l 3322 3323
l 3323 3324
l 3324 3325
l 3325 3326
l 3326 3327
l 3327 3328
l 3328 3329
l 3329 3330
l 3330 3331
l 3331 3332
l 3332 3333
l 3333 3334
l 3334 3335
l 3335 3336
l 3336 3337
l 3337 3338
l 3338 3339
l 3339 3340
l 3340 3341
l 3341 3342
l 3342 3343
l 3343 3344
l 3344 3345
l 3345 3346
l 3346 3347
l 3347 3348
l 3348 3349
l 3349 3350
l 3350 3351
l 3351 3352
l 3352 3353
l 3353 3354
l 3354 3355
l 3355 3356
l 3356 3357
l 3357 3358
l 3358 3359
l 3359 3360
l 3360 3361
l 3361 3362
l 3362 3363
l 3363 3364
l 3364 3365
l 3365 3366
l 3366 3367
l 3367 3368
l 3368 3369
l 3369 3370
l 3370 3371
l 3371 3372
l 3372 3373
l 3373 3374
l 3374 3375
l 3375 3376
l 3376 3377
l 3377 3378
l 3378 3379
l 3379 3380
l 3380 3381
l 3381 3382
l 3382 3383
l 3383 3384
l 3384 3385
l 3385 3386
l 3386 3387
l 3387 3388
l 3388 3389
l 3389 3390
l 3390 3391
l 3391 3392
l 3392 3393
l 3393 3394
l 3394 3395
l 3395 3396
l 3396 3397
l 3397 3398
l 3398 3399
l 3399 3400
l 3400 3401
l 3401 3402
l 3402 3403
l 3403 3404
l 3404 3405
l 3405 3406
l 3406 3407
l 3407 3408
l 3408 3409
l 3409 3410
l 3410 3411
l 3411 3412
l 3412 3413
l 3413 3414
l 3414 3415
l 3415 3416
l 3416 3417
l 3417 3418
l 3418 3419
l 3419 3420
l 3420 3421
l 3421 3422
l 3422 3423
l 3423 3424
l 3424 3425
l 3425 3426
l 3426 3427
l 3427 3428
l 3428 3429
l 3429 3430
l 3431 3432
l 3432 3433
l 3433 3434
l 3434 3435
l 3435 3436
l 3436 3437
l 3437 3438
l 3438 3439
l 3439 3440
l 3440 3441
l 3441 3442
l 3442 3443
l 3443 3444
l 3444 3445
l 3445 3446
l 3446 3447
l 3447 3448
l 3448 3449
l 3449 3450
l 3450 3451
l 3451 3452
l 3452 3453
l 3453 3454
l 3454 3455
l 3455 3456
l 3456 3457
l 3457 3458
l 3458 3459
l 3459 3460
l 3460 3461
l 3461 3462
l 3462 3463
l 3463 3464
l 3464 3465
l 3465 3466
l 3466 3467
l 3467 3468
l 3468 3469
l 3469 3470
l 3470 3471
l 3471 3472
l 3472 3473
l 3473 3474
l 3474 3475
l 3475 3476
l 3476 3477
l 3477 3478
l 3478 3479
l 3479 3480
l 3480 3481
l 3481 3482
l 3482 3483
l 3483 3484
l 3484 3485
l 3485 3486
l 3486 3487
l 3487 3488
l 3488 3489
l 3489 3490
l 3490 3491
l 3491 3492
l 3492 3493
l 3493 3494
l 3494 3495
l 3495 3496
l 3496 3497
l 3497 3498
l 3498 3499
l 3499 3500
l 3500 3501
l 3501 3502
l 3502 3503
l 3503 3504
l 3504 3505
l 3505 3506
l 3506 3507
l 3507 3508
l 3508 3509
l 3509 3510
l 3510 3511
l 3511 3512
l 3512 3513
l 3513 3514
l 3514 3515
l 3515 3516
l 3516 3517
l 3517 3518
l 3518 3519
l 3519 3520
l 3520 3521
l 3521 3522
l 3522 3523
l 3523 3524
l 3524 3525
l 3525 3526
l 3526 3527
l 3527 3528
l 3528 3529
l 3529 3530
l 3530 3531
l 3531 3532
l 3532 3533
l 3533 3534
l 3534 3535
l 3535 3536
l 3536 3537
l 3537 3538
l 3538 3539
l 3539 3540
l 3540 3541
l 3541 3542
l 3542 3543
l 3543 3544
l 3544 3545
l 3545 3546
l 3546 3547
l 3547 3548
l 3548 3549
l 3549 3550
l 3550 3551
l 3551 3552
l 3552 3553
l 3553 3554
l 3554 3555
l 3555 3556
l 3556 3557
l 3557 3558
l 3558 3559
l 3559 3560
l 3560 3561
l 3561 3562
l 3562 3563
l 3563 3564
l 3564 3565
l 3565 3566
l 3566 3567
l 3567 3568
l 3568 3569
l 3569 3570
l 3570 3571
l 3571 3572
l 3572 3573
l 3573 3574
l 3574 3575
l 3575 3576
l 3576 3577
l 3577 3578
l 3578 3579
l 3579 3580
l 3580 3581
l 3581 3582
l 3582 3583
l 3583 3584
l 3584 3585
l 3585 3586
l 3586 3587
l 3587 3588
l 3588 3589
l 3590 3591
l 3591 3592
l 3592 3593
l 3593 3594
l 3594 3595
l 3595 3596
l 3596 3597
l 3597 3598
l 3598 3599
l 3599 3600
l 3600 3601
l 3601 3602
l 3602 3603
l 3603 3604
l 3604 3605
l 3605 3606
l 3606 3607
l 3607 3608
l 3608 3609
l 3609 3610
l 3610 3611
l 3611 3612
l 3612 3613
l 3613 3614
l 3614 3615
l 3615 3616
l 3616 3617
l 3617 3618
l 3618 3619
l 3619 3620
l 3620 3621
l 3621 3622
l 3622 3623
l 3623 3624
l 3624 3625
l 3625 3626
l 3626 3627
l 3627 3628
l 3628 3629
l 3629 3630
l 3630 3631
l 3631 3632
l 3632 3633
l 3633 3634
l 3634 3635
l 3635 3636
l 3636 3637
l 3637 3638
l 3638 3639
l 3639 3640
l 3640 3641
l 3641 3642
l 3642 3643
l 3643 3644
l 3644 3645
l 3645 3646
l 3646 3647
l 3647 3648
l 3648 3649
l 3649 3650
l 3650 3651
l 3651 3652
l 3652 3653
l 3653 3654
l 3654 3655
l 3655 3656
l 3656 3657
l 3657 3658
l 3658 3659
l 3659 3660
l 3660 3661
l 3661 3662
l 3662 3663
l 3663 3664
l 3664 3665
l 3665 3666
l 3666 3667
l 3667 3668
l 3668 3669
l 3669 3670
l 3670 3671
l 3671 3672
l 3672 3673
l 3673 3674
l 3674 3675
l 3675 3676
l 3676 3677
l 3677 3678
l 3678 3679
l 3679 3680
l 3680 3681
l 3681 3682
l 3682 3683
l 3683 3684
l 3684 3685
l 3685 3686
l 3686 3687
l 3687 3688
l 3688 3689
l 3689 3690
l 3690 3691
l 3691 3692
l 3692 3693
l 3693 3694
l 3694 3695
l 3695 3696
l 3696 3697
l 3697 3698
l 3698 3699
l 3699 3700
l 3700 3701
l 3701 3702
l 3702 3703
l 3703 3704
l 3704 3705
l 3705 3706
l 3706 3707
l 3707 3708
l 3708 3709
l 3709 3710
l 3710 3711
l 3711 3712
l 3712 3713
l 3713 3714
l 3714 3715
l 3715 3716
l 3716 3717
l 3717 3718
l 3718 3719
l 3719 3720
l 3720 3721
l 3721 3722
l 3722 3723
l 3723 3724
l 3724 3725
l 3725 3726
l 3726 3727
l 3727 3728
l 3728 3729
l 3729 3730
l 3730 3731
l 3731 3732
l 3732 3733
l 3733 3734
l 3734 3735
l 3735 3736
l 3736 3737
l 3737 3738
l 3738 3739
l 3739 3740
l 3740 3741
l 3741 3742
l 3742 3743
l 3743 3744
l 3744 3745
l 3745 3746
l 3746 3747
l 3747 3748
l 3749 3750
l 3750 3751
l 3751 3752
l 3752 3753
l 3753 3754
l 3754 3755
l 3755 3756
l 3756 3757
l 3757 3758
l 3758 3759
l 3759 3760
l 3760 3761
l 3761 3762
l 3762 3763
l 3763 3764
l 3764 3765
l 3765 3766
l 3766 3767
l 3767 3768
l 3768 3769
l 3769 3770
l 3770 3771
l 3771 3772
l 3772 3773
l 3773 3774
l 3774 3775
l 3775 3776
l 3776 3777
l 3777 3778
l 3778 3779
l 3779 3780
l 3780 3781
l 3781 3782
l 3782 3783
l 3783 3784
l 3784 3785
l 3785 3786
l 3786 3787
l 3787 3788
l 3788 3789
l 3789 3790
l 3790 3791
l 3791 3792
l 3792 3793
l 3793 3794
l 3794 3795
l 3795 3796
l 3796 3797
l 3797 3798
l 3798 3799
l 3799 3800
l 3800 3801
l 3801 3802
l 3802 3803
l 3803 3804
l 3804 3805
l 3805 3806
l 3806 3807
l 3807 3808
l 3808 3809
l 3809 3810
l 3810 3811
l 3811 3812
l 3812 3813
l 3813 3814
l 3814 3815
l 3815 3816
l 3816 3817
l 3817 3818
l 3818 3819
l 3819 3820
l 3820 3821
l 3821 3822
l 3822 3823
l 3823 3824
l 3824 3825
l 3825 3826
l 3826 3827
l 3827 3828
l 3828 3829
l 3829 3830
l 3830 3831
l 3831 3832
l 3832 3833
l 3833 3834
l 3834 3835
l 3835 3836
l 3836 3837
l 3837 3838
l 3838 3839
l 3839 3840
l 3840 3841
l 3841 3842
l 3842 3843
l 3843 3844
l 3844 3845
l 3845 3846
l 3846 3847
l 3847 3848
l 3848 3849
l 3849 3850
l 3850 3851
l 3851 3852
l 3852 3853
l 3853 3854
l 3854 3855
l 3855 3856
l 3856 3857
l 3857 3858
l 3858 3859
l 3859 3860
l 3860 3861
l 3861 3862
l 3862 3863
l 3863 3864
l 3864 3865
l 3865 3866
l 3866 3867
l 3867 3868
l 3868 3869
l 3869 3870
l 3870 3871
l 3871 3872
l 3872 3873
l 3873 3874
l 3874 3875
l 3875 3876
l 3876 3877
l 3877 3878
l 3878 3879
l 3879 3880
l 3880 3881
l 3881 3882
l 3882 3883
l 3883 3884
l 3884 3885
l 3885 3886
l 3886 3887
l 3887 3888
l 3888 3889
l 3889 3890
l 3890 3891
l 3891 3892
l 3892 3893
l 3893 3894
l 3894 3895
l 3895 3896
l 3896 3897
l 3897 3898
l 3898 3899
l 3899 3900
l 3900 3901
l 3901 3902
l 3902 3903
l 3903 3904
l 3904 3905
l 3905 3906
l 3906 3907
l 3908 3909
l 3909 3910
l 3910 3911
l 3911 3912
l 3912 3913
l 3913 3914
l 3914 3915
l 3915 3916
l 3916 3917
l 3917 3918
l 3918 3919
l 3919 3920
l 3920 3921
l 3921 3922
l 3922 3923
l 3923 3924
l 3924 3925
l 3925 3926
l 3926 3927
l 3927 3928
l 3928 3929
l 3929 3930
l 3930 3931
l 3931 3932
l 3932 3933
l 3933 3934
l 3934 3935
l 3935 3936
l 3936 3937
l 3937 3938
l 3938 3939
l 3939 3940
l 3940 3941
l 3941 3942
l 3942 3943
l 3943 3944
l 3944 3945
l 3945 3946
l 3946 3947
l 3947 3948
l 3948 3949
l 3949 3950
l 3950 3951
l 3951 3952
l 3952 3953
l 3953 3954
l 3954 3955
l 3955 3956
l 3956 3957
l 3957 3958
l 3958 3959
l 3959 3960
l 3960 3961
l 3961 3962
l 3962 3963
l 3963 3964
l 3964 3965
l 3965 3966
l 3966 3967
l 3967 3968
l 3968 3969
l 3969 3970
l 3970 3971
l 3971 3972
l 3972 3973
l 3973 3974
l 3974 3975
l 3975 3976
l 3976 3977
l 3977 3978
l 3978 3979
l 3979 3980
l 3980 3981
l 3981 3982
l 3982 3983
l 3983 3984
l 3984 3985
l 3985 3986
l 3986 3987
l 3987 3988
l 3988 3989
l 3989 3990
l 3990 3991
l 3991 3992
l 3992 3993
l 3993 3994
l 3994 3995
l 3995 3996
l 3996 3997
l 3997 3998
l 3998 3999
l 3999 4000
l 4000 4001
l 4001 4002
l 4002 4003
l 4003 4004
l 4004 4005
l 4005 4006
l 4006 4007
l 4007 4008
l 4008 4009
l 4009 4010
l 4010 4011
l 4011 4012
l 4012 4013
l 4013 4014
l 4014 4015
l 4015 4016
l 4016 4017
l 4017 4018
l 4018 4019
l 4019 4020
l 4020 4021
l 4021 4022
l 4022 4023
l 4023 4024
l 4024 4025
l 4025 4026
l 4026 4027
l 4027 4028
l 4028 4029
l 4029 4030
l 4030 4031
l 4031 4032
l 4032 4033
l 4033 4034
l 4034 4035
l 4035 4036
l 4036 4037
l 4037 4038
l 4038 4039
l 4039 4040
l 4040 4041
l 4041 4042
l 4042 4043
l 4043 4044
l 4044 4045
l 4045 4046
l 4046 4047
l 4047 4048
l 4048 4049
l 4049 4050
l 4050 4051
l 4051 4052
l 4052 4053
l 4053 4054
l 4054 4055
l 4055 4056
l 4056 4057
l 4057 4058
l 4058 4059
l 4059 4060
l 4060 4061
l 4061 4062
l 4062 4063
l 4063 4064
l 4064 4065
l 4065 4066
l 4067 4068
l 4068 4069
l 4069 4070
l 4070 4071
l 4071 4072
l 4072 4073
l 4073 4074
l 4074 4075
l 4075 4076
l 4076 4077
l 4077 4078
l 4078 4079
l 4079 4080
l 4080 4081
l 4081 4082
l 4082 4083
l 4083 4084
l 4084 4085
l 4085 4086
l 4086 4087
l 4087 4088
l 4088 4089
l 4089 4090
l 4090 4091
l 4091 4092
l 4092 4093
l 4093 4094
l 4094 4095
l 4095 4096
l 4096 4097
l 4097 4098
l 4098 4099
l 4099 4100
l 4100 4101
l 4101 4102
l 4102 4103
l 4103 4104
l 4104 4105
l 4105 4106
l 4106 4107
l 4107 4108
l 4108 4109
l 4109 4110
l 4110 4111
l 4111 4112
l 4112 4113
l 4113 4114
l 4114 4115
l 4115 4116
l 4116 4117
l 4117 4118
l 4118 4119
l 4119 4120
l 4120 4121
l 4121 4122
l 4122 4123
l 4123 4124
l 4124 4125
l 4125 4126
l 4126 4127
l 4127 4128
l 4128 4129
l 4129 4130
l 4130 4131
l 4131 4132
l 4132 4133
l 4133 4134
l 4134 4135
l 4135 4136
l 4136 4137
l 4137 4138
l 4138 4139
l 4139 4140
l 4140 4141
l 4141 4142
l 4142 4143
l 4143 4144
l 4144 4145
l 4145 4146
l 4146 4147
l 4147 4148
l 4148 4149
l 4149 4150
l 4150 4151
l 4151 4152
l 4152 4153
l 4153 4154
l 4154 4155
l 4155 4156
l 4156 4157
l 4157 4158
l 4158 4159
l 4159 4160
l 4160 4161
l 4161 4162
l 4162 4163
l 4163 4164
l 4164 4165
l 4165 4166
l 4166 4167
l 4167 4168
l 4168 4169
l 4169 4170
l 4170 4171
l 4171 4172
l 4172 4173
l 4173 4174
l 4174 4175
l 4175 4176
l 4176 4177
l 4177 4178
l 4178 4179
l 4179 4180
l 4180 4181
l 4181 4182
l 4182 4183
l 4183 4184
l 4184 4185
l 4185 4186
l 4186 4187
l 4187 4188
l 4188 4189
l 4189 4190
l 4190 4191
l 4191 4192
l 4192 4193
l 4193 4194
l 4194 4195
l 4195 4196
l 4196 4197
l 4197 4198
l 4198 4199
l 4199 4200
l 4200 4201
l 4201 4202
l 4202 4203
l 4203 4204
l 4204 4205
l 4205 4206
l 4206 4207
l 4207 4208
l 4208 4209
l 4209 4210
l 4210 4211
l 4211 4212
l 4212 4213
l 4213 4214
l 4214 4215
l 4215 4216
l 4216 4217
l 4217 4218
l 4218 4219
l 4219 4220
l 4220 4221
l 4221 4222
l 4222 4223
l 4223 4224
l 4224 4225
l 4226 4227
l 4227 4228
l 4228 4229
l 4229 4230
l 4230 4231
l 4231 4232
l 4232 4233
l 4233 4234
l 4234 4235
l 4235 4236
l 4236 4237
l 4237 4238
l 4238 4239
l 4239 4240
l 4240 4241
l 4241 4242
l 4242 4243
l 4243 4244
l 4244 4245
l 4245 4246
l 4246 4247
l 4247 4248
l 4248 4249
l 4249 4250
l 4250 4251
l 4251 4252
l 4252 4253
l 4253 4254
l 4254 4255
l 4255 4256
l 4256 4257
l 4257 4258
l 4258 4259
l 4259 4260
l 4260 4261
l 4261 4262
l 4262 4263
l 4263 4264
l 4264 4265
l 4265 4266
l 4266 4267
l 4267 4268
l 4268 4269
l 4269 4270
l 4270 4271
l 4271 4272
l 4272 4273
l 4273 4274
l 4274 4275
l 4275 4276
l 4276 4277
l 4277 4278
l 4278 4279
l 4279 4280
l 4280 4281
l 4281 4282
l 4282 4283
l 4283 4284
l 4284 4285
l 4285 4286
l 4286 4287
l 4287 4288
l 4288 4289
l 4289 4290
l 4290 4291
l 4291 4292
l 4292 4293
l 4293 4294
l 4294 4295
l 4295 4296
l 4296 4297
l 4297 4298
l 4298 4299
l 4299 4300
l 4300 4301
l 4301 4302
l 4302 4303
l 4303 4304
l 4304 4305
l 4305 4306
l 4306 4307
l 4307 4308
l 4308 4309
l 4309 4310
l 4310 4311
l 4311 4312
l 4312 4313
l 4313 4314
l 4314 4315
l 4315 4316
l 4316 4317
l 4317 4318
l 4318 4319
l 4319 4320
l 4320 4321
l 4321 4322
l 4322 4323
l 4323 4324
l 4324 4325
l 4325 4326
l 4326 4327
l 4327 4328
l 4328 4329
l 4329 4330
l 4330 4331
l 4331 4332
l 4332 4333
l 4333 4334
l 4334 4335
l 4335 4336
l 4336 4337
l 4337 4338
l 4338 4339
l 4339 4340
l 4340 4341
l 4341 4342
l 4342 4343
l 4343 4344
l 4344 4345
l 4345 4346
l 4346 4347
l 4347 4348
l 4348 4349
l 4349 4350
l 4350 4351
l 4351 4352
l 4352 4353
l 4353 4354
l 4354 4355
l 4355 4356
l 4356 4357
l 4357 4358
l 4358 4359
l 4359 4360
l 4360 4361
l 4361 4362
l 4362 4363
l 4363 4364
l 4364 4365
l 4365 4366
l 4366 4367
l 4367 4368
l 4368 4369
l 4369 4370
l 4370 4371
l 4371 4372
l 4372 4373
l 4373 4374
l 4374 4375
l 4375 4376
l 4376 4377
l 4377 4378
l 4378 4379
l 4379 4380
l 4380 4381
l 4381 4382
l 4382 4383
l 4383 4384
l 4385 4386
l 4386 4387
l 4387 4388
l 4388 4389
l 4389 4390
l 4390 4391
l 4391 4392
l 4392 4393
l 4393 4394
l 4394 4395
l 4395 4396
l 4396 4397
l 4397 4398
l 4398 4399
l 4399 4400
l 4400 4401
l 4401 4402
l 4402 4403
l 4403 4404
l 4404 4405
l 4405 4406
l 4406 4407
l 4407 4408
l 4408 4409
l 4409 4410
l 4410 4411
l 4411 4412
l 4412 4413
l 4413 4414
l 4414 4415
l 4415 4416
l 4416 4417
l 4417 4418
l 4418 4419
l 4419 4420
l 4420 4421
l 4421 4422
l 4422 4423
l 4423 4424
l 4424 4425
l 4425 4426
l 4426 4427
l 4427 4428
l 4428 4429
l 4429 4430
l 4430 4431
l 4431 4432
l 4432 4433
l 4433 4434
l 4434 4435
l 4435 4436
l 4436 4437
l 4437 4438
l 4438 4439
l 4439 4440
l 4440 4441
l 4441 4442
l 4442 4443
l 4443 4444
l 4444 4445
l 4445 4446
l 4446 4447
l 4447 4448
l 4448 4449
l 4449 4450
l 4450 4451
l 4451 4452
l 4452 4453
l 4453 4454
l 4454 4455
l 4455 4456
l 4456 4457
l 4457 4458
l 4458 4459
l 4459 4460
l 4460 4461
l 4461 4462
l 4462 4463
l 4463 4464
l 4464 4465
l 4465 4466
l 4466 4467
l 4467 4468
l 4468 4469
l 4469 4470
l 4470 4471
l 4471 4472
l 4472 4473
l 4473 4474
l 4474 4475
l 4475 4476
l 4476 4477
l 4477 4478
l 4478 4479
l 4479 4480
l 4480 4481
l 4481 4482
l 4482 4483
l 4483 4484
l 4484 4485
l 4485 4486
l 4486 4487
l 4487 4488
l 4488 4489
l 4489 4490
l 4490 4491
l 4491 4492
l 4492 4493
l 4493 4494
l 4494 4495
l 4495 4496
l 4496 4497
l 4497 4498
l 4498 4499
l 4499 4500
l 4500 4501
l 4501 4502
l 4502 4503
l 4503 4504
l 4504 4505
l 4505 4506
l 4506 4507
l 4507 4508
l 4508 4509
l 4509 4510
l 4510 4511
l 4511 4512
l 4512 4513
l 4513 4514
l 4514 4515
l 4515 4516
l 4516 4517
l 4517 4518
l 4518 4519
l 4519 4520
l 4520 4521
l 4521 4522
l 4522 4523
l 4523 4524
l 4524 4525
l 4525 4526
l 4526 4527
l 4527 4528
l 4528 4529
l 4529 4530
l 4530 4531
l 4531 4532
l 4532 4533
l 4533 4534
l 4534 4535
l 4535 4536
l 4536 4537
l 4537 4538
l 4538 4539
l 4539 4540
l 4540 4541
l 4541 4542
l 4542 4543
l 4544 4545
l 4545 4546
l 4546 4547
l 4547 4548
l 4548 4549
l 4549 4550
l 4550 4551
l 4551 4552
l 4552 4553
l 4553 4554
l 4554 4555
l 4555 4556
l 4556 4557
l 4557 4558
l 4558 4559
l 4559 4560
l 4560 4561
l 4561 4562
l 4562 4563
l 4563 4564
l 4564 4565
l 4565 4566
l 4566 4567
l 4567 4568
l 4568 4569
l 4569 4570
l 4570 4571
l 4571 4572
l 4572 4573
l 4573 4574
l 4574 4575
l 4575 4576
l 4576 4577
l 4577 4578
l 4578 4579
l 4579 4580
l 4580 4581
l 4581 4582
l 4582 4583
l 4583 4584
l 4584 4585
l 4585 4586
l 4586 4587
l 4587 4588
l 4588 4589
l 4589 4590
l 4590 4591
l 4591 4592
l 4592 4593
l 4593 4594
l 4594 4595
l 4595 4596
l 4596 4597
l 4597 4598
l 4598 4599
l 4599 4600
l 4600 4601
l 4601 4602
l 4602 4603
l 4603 4604
l 4604 4605
l 4605 4606
l 4606 4607
l 4607 4608
l 4608 4609
l 4609 4610
l 4610 4611
l 4611 4612
l 4612 4613
l 4613 4614
l 4614 4615
l 4615 4616
l 4616 4617
l 4617 4618
l 4618 4619
l 4619 4620
l 4620 4621
l 4621 4622
l 4622 4623
l 4623 4624
l 4624 4625
l 4625 4626
l 4626 4627
l 4627 4628
l 4628 4629
l 4629 4630
l 4630 4631
l 4631 4632
l 4632 4633
l 4633 4634
l 4634 4635
l 4635 4636
l 4636 4637
l 4637 4638
l 4638 4639
l 4639 4640
l 4640 4641
l 4641 4642
l 4642 4643
l 4643 4644
l 4644 4645
l 4645 4646
l 4646 4647
l 4647 4648
l 4648 4649
l 4649 4650
l 4650 4651
l 4651 4652
l 4652 4653
l 4653 4654
l 4654 4655
l 4655 4656
l 4656 4657
l 4657 4658
l 4658 4659
l 4659 4660
l 4660 4661
l 4661 4662
l 4662 4663
l 4663 4664
l 4664 4665
l 4665 4666
l 4666 4667
l 4667 4668
l 4668 4669
l 4669 4670
l 4670 4671
l 4671 4672
l 4672 4673
l 4673 4674
l 4674 4675
l 4675 4676
l 4676 4677
l 4677 4678
l 4678 4679
l 4679 4680
l 4680 4681
l 4681 4682
l 4682 4683
l 4683 4684
l 4684 4685
l 4685 4686
l 4686 4687
l 4687 4688
l 4688 4689
l 4689 4690
l 4690 4691
l 4691 4692
l 4692 4693
l 4693 4694
l 4694 4695
l 4695 4696
l 4696 4697
l 4697 4698
l 4698 4699
l 4699 4700
l 4700 4701
l 4701 4702
l 4703 4704
l 4704 4705
l 4705 4706
l 4706 4707
l 4707 4708
l 4708 4709
l 4709 4710
l 4710 4711
l 4711 4712
l 4712 4713
l 4713 4714
l 4714 4715
l 4715 4716
l 4716 4717
l 4717 4718
l 4718 4719
l 4719 4720
l 4720 4721
l 4721 4722
l 4722 4723
l 4723 4724
l 4724 4725
l 4725 4726
l 4726 4727
l 4727 4728
l 4728 4729
l 4729 4730
l 4730 4731
l 4731 4732
l 4732 4733
l 4733 4734
l 4734 4735
l 4735 4736
l 4736 4737
l 4737 4738
l 4738 4739
l 4739 4740
l 4740 4741
l 4741 4742
l 4742 4743
l 4743 4744
l 4744 4745
l 4745 4746
l 4746 4747
l 4747 4748
l 4748 4749
l 4749 4750
l 4750 4751
l 4751 4752
l 4752 4753
l 4753 4754
l 4754 4755
l 4755 4756
l 4756 4757
l 4757 4758
l 4758 4759
l 4759 4760
l 4760 4761
l 4761 4762
l 4762 4763
l 4763 4764
l 4764 4765
l 4765 4766
l 4766 4767
l 4767 4768
l 4768 4769
l 4769 4770
l 4770 4771
l 4771 4772
l 4772 4773
l 4773 4774
l 4774 4775
l 4775 4776
l 4776 4777
l 4777 4778
l 4778 4779
l 4779 4780
l 4780 4781
l 4781 4782
l 4782 4783
l 4783 4784
l 4784 4785
l 4785 4786
l 4786 4787
l 4787 4788
l 4788 4789
l 4789 4790
l 4790 4791
l 4791 4792
l 4792 4793
l 4793 4794
l 4794 4795
l 4795 4796
l 4796 4797
l 4797 4798
l 4798 4799
l 4799 4800
l 4800 4801
l 4801 4802
l 4802 4803
l 4803 4804
l 4804 4805
l 4805 4806
l 4806 4807
l 4807 4808
l 4808 4809
l 4809 4810
l 4810 4811
l 4811 4812
l 4812 4813
l 4813 4814
l 4814 4815
l 4815 4816
l 4816 4817
l 4817 4818
l 4818 4819
l 4819 4820
l 4820 4821
l 4821 4822
l 4822 4823
l 4823 4824
l 4824 4825
l 4825 4826
l 4826 4827
l 4827 4828
l 4828 4829
l 4829 4830
l 4830 4831
l 4831 4832
l 4832 4833
l 4833 4834
l 4834 4835
l 4835 4836
l 4836 4837
l 4837 4838
l 4838 4839
l 4839 4840
l 4840 4841
l 4841 4842
l 4842 4843
l 4843 4844
l 4844 4845
l 4845 4846
l 4846 4847
l 4847 4848
l 4848 4849
l 4849 4850
l 4850 4851
l 4851 4852
l 4852 4853
l 4853 4854
l 4854 4855
l 4855 4856
l 4856 4857
l 4857 4858
l 4858 4859
l 4859 4860
l 4860 4861
l 4862 4863
l 4863 4864
l 4864 4865
l 4865 4866
l 4866 4867
l 4867 4868
l 4868 4869
l 4869 4870
l 4870 4871
l 4871 4872
l 4872 4873
l 4873 4874
l 4874 4875
l 4875 4876
l 4876 4877
l 4877 4878
l 4878 4879
l 4879 4880
l 4880 4881
l 4881 4882
l 4882 4883
l 4883 4884
l 4884 4885
l 4885 4886
l 4886 4887
l 4887 4888
l 4888 4889
l 4889 4890
l 4890 4891
l 4891 4892
l 4892 4893
l 4893 4894
l 4894 4895
l 4895 4896
l 4896 4897
l 4897 4898
l 4898 4899
l 4899 4900
l 4900 4901
l 4901 4902
l 4902 4903
l 4903 4904
l 4904 4905
l 4905 4906
l 4906 4907
l 4907 4908
l 4908 4909
l 4909 4910
l 4910 4911
l 4911 4912
l 4912 4913
l 4913 4914
l 4914 4915
l 4915 4916
l 4916 4917
l 4917 4918
l 4918 4919
l 4919 4920
l 4920 4921
l 4921 4922
l 4922 4923
l 4923 4924
l 4924 4925
l 4925 4926
l 4926 4927
l 4927 4928
l 4928 4929
l 4929 4930
l 4930 4931
l 4931 4932
l 4932 4933
l 4933 4934
l 4934 4935
l 4935 4936
l 4936 4937
l 4937 4938
l 4938 4939
l 4939 4940
l 4940 4941
l 4941 4942
l 4942 4943
l 4943 4944
l 4944 4945
l 4945 4946
l 4946 4947
l 4947 4948
l 4948 4949
l 4949 4950
l 4950 4951
l 4951 4952
l 4952 4953
l 4953 4954
l 4954 4955
l 4955 4956
l 4956 4957
l 4957 4958
l 4958 4959
l 4959 4960
l 4960 4961
l 4961 4962
l 4962 4963
l 4963 4964
l 4964 4965
l 4965 4966
l 4966 4967
l 4967 4968
l 4968 4969
l 4969 4970
l 4970 4971
l 4971 4972
l 4972 4973
l 4973 4974
l 4974 4975
l 4975 4976
l 4976 4977
l 4977 4978
l 4978 4979
l 4979 4980
l 4980 4981
l 4981 4982
l 4982 4983
l 4983 4984
l 4984 4985
l 4985 4986
l 4986 4987
l 4987 4988
l 4988 4989
l 4989 4990
l 4990 4991
l 4991 4992
l 4992 4993
l 4993 4994
l 4994 4995
l 4995 4996
l 4996 4997
l 4997 4998
l 4998 4999
l 4999 5000
l 5000 5001
l 5001 5002
l 5002 5003
l 5003 5004
l 5004 5005
l 5005 5006
l 5006 5007
l 5007 5008
l 5008 5009
l 5009 5010
l 5010 5011
l 5011 5012
l 5012 5013
l 5013 5014
l 5014 5015
l 5015 5016
l 5016 5017
l 5017 5018
l 5018 5019
l 5019 5020
l 5021 5022
l 5022 5023
l 5023 5024
l 5024 5025
l 5025 5026
l 5026 5027
l 5027 5028
l 5028 5029
l 5029 5030
l 5030 5031
l 5031 5032
l 5032 5033
l 5033 5034
l 5034 5035
l 5035 5036
l 5036 5037
l 5037 5038
l 5038 5039
l 5039 5040
l 5040 5041
l 5041 5042
l 5042 5043
l 5043 5044
l 5044 5045
l 5045 5046
l 5046 5047
l 5047 5048
l 5048 5049
l 5049 5050
l 5050 5051
l 5051 5052
l 5052 5053
l 5053 5054
l 5054 5055
l 5055 5056
l 5056 5057
l 5057 5058
l 5058 5059
l 5059 5060
l 5060 5061
l 5061 5062
l 5062 5063
l 5063 5064
l 5064 5065
l 5065 5066
l 5066 5067
l 5067 5068
l 5068 5069
l 5069 5070
l 5070 5071
l 5071 5072
l 5072 5073
l 5073 5074
l 5074 5075
l 5075 5076
l 5076 5077
l 5077 5078
l 5078 5079
l 5079 5080
l 5080 5081
l 5081 5082
l 5082 5083
l 5083 5084
l 5084 5085
l 5085 5086
l 5086 5087
l 5087 5088
l 5088 5089
l 5089 5090
l 5090 5091
l 5091 5092
l 5092 5093
l 5093 5094
l 5094 5095
l 5095 5096
l 5096 5097
l 5097 5098
l 5098 5099
l 5099 5100
l 5100 5101
l 5101 5102
l 5102 5103
l 5103 5104
l 5104 5105
l 5105 5106
l 5106 5107
l 5107 5108
l 5108 5109
l 5109 5110
l 5110 5111
l 5111 5112
l 5112 5113
l 5113 5114
l 5114 5115
l 5115 5116
l 5116 5117
l 5117 5118
l 5118 5119
l 5119 5120
l 5120 5121
l 5121 5122
l 5122 5123
l 5123 5124
l 5124 5125
l 5125 5126
l 5126 5127
l 5127 5128
l 5128 5129
l 5129 5130
l 5130 5131
l 5131 5132
l 5132 5133
l 5133 5134
l 5134 5135
l 5135 5136
l 5136 5137
l 5137 5138
l 5138 5139
l 5139 5140
l 5140 5141
l 5141 5142
l 5142 5143
l 5143 5144
l 5144 5145
l 5145 5146
l 5146 5147
l 5147 5148
l 5148 5149
l 5149 5150
l 5150 5151
l 5151 5152
l 5152 5153
l 5153 5154
l 5154 5155
l 5155 5156
l 5156 5157
l 5157 5158
l 5158 5159
l 5159 5160
l 5160 5161
l 5161 5162
l 5162 5163
l 5163 5164
l 5164 5165
l 5165 5166
l 5166 5167
l 5167 5168
l 5168 5169
l 5169 5170
l 5170 5171
l 5171 5172
l 5172 5173
l 5173 5174
l 5174 5175
l 5175 5176
l 5176 5177
l 5177 5178
l 5178 5179
l 5180 5181
l 5181 5182
l 5182 5183
l 5183 5184
l 5184 5185
l 5185 5186
l 5186 5187
l 5187 5188
l 5188 5189
l 5189 5190
l 5190 5191
l 5191 5192
l 5192 5193
l 5193 5194
l 5194 5195
l 5195 5196
l 5196 5197
l 5197 5198
l 5198 5199
l 5199 5200
l 5200 5201
l 5201 5202
l 5202 5203
l 5203 5204
l 5204 5205
l 5205 5206
l 5206 5207
l 5207 5208
l 5208 5209
l 5209 5210
l 5210 5211
l 5211 5212
l 5212 5213
l 5213 5214
l 5214 5215
l 5215 5216
l 5216 5217
l 5217 5218
l 5218 5219
l 5219 5220
l 5220 5221
l 5221 5222
l 5222 5223
l 5223 5224
l 5224 5225
l 5225 5226
l 5226 5227
l 5227 5228
l 5228 5229
l 5229 5230
l 5230 5231
l 5231 5232
l 5232 5233
l 5233 5234
l 5234 5235
l 5235 5236
l 5236 5237
l 5237 5238
l 5238 5239
l 5239 5240
l 5240 5241
l 5241 5242
l 5242 5243
l 5243 5244
l 5244 5245
l 5245 5246
l 5246 5247
l 5247 5248
l 5248 5249
l 5249 5250
l 5250 5251
l 5251 5252
l 5252 5253
l 5253 5254
l 5254 5255
l 5255 5256
l 5256 5257
l 5257 5258
l 5258 5259
l 5259 5260
l 5260 5261
l 5261 5262
l 5262 5263
l 5263 5264
l 5264 5265
l 5265 5266
l 5266 5267
l 5267 5268
l 5268 5269
l 5269 5270
l 5270 5271
l 5271 5272
l 5272 5273
l 5273 5274
l 5274 5275
l 5275 5276
l 5276 5277
l 5277 5278
l 5278 5279
l 5279 5280
l 5280 5281
l 5281 5282
l 5282 5283
l 5283 5284
l 5284 5285
l 5285 5286
l 5286 5287
l 5287 5288
l 5288 5289
l 5289 5290
l 5290 5291
l 5291 5292
l 5292 5293
l 5293 5294
l 5294 5295
l 5295 5296
l 5296 5297
l 5297 5298
l 5298 5299
l 5299 5300
l 5300 5301
l 5301 5302
l 5302 5303
l 5303 5304
l 5304 5305
l 5305 5306
l 5306 5307
l 5307 5308
l 5308 5309
l 5309 5310
l 5310 5311
l 5311 5312
l 5312 5313
l 5313 5314
l 5314 5315
l 5315 5316
l 5316 5317
l 5317 5318
l 5318 5319
l 5319 5320
l 5320 5321
l 5321 5322
l 5322 5323
l 5323 5324
l 5324 5325
l 5325 5326
l 5326 5327
l 5327 5328
l 5328 5329
l 5329 5330
l 5330 5331
l 5331 5332
l 5332 5333
l 5333 5334
l 5334 5335
l 5335 5336
l 5336 5337
l 5337 5338
l 5339 5340
l 5340 5341
l 5341 5342
l 5342 5343
l 5343 5344
l 5344 5345
l 5345 5346
l 5346 5347
l 5347 5348
l 5348 5349
l 5349 5350
l 5350 5351
l 5351 5352
l 5352 5353
l 5353 5354
l 5354 5355
l 5355 5356
l 5356 5357
l 5357 5358
l 5358 5359
l 5359 5360
l 5360 5361
l 5361 5362
l 5362 5363
l 5363 5364
l 5364 5365
l 5365 5366
l 5366 5367
l 5367 5368
l 5368 5369
l 5369 5370
l 5370 5371
l 5371 5372
l 5372 5373
l 5373 5374
l 5374 5375
l 5375 5376
l 5376 5377
l 5377 5378
l 5378 5379
l 5379 5380
l 5380 5381
l 5381 5382
l 5382 5383
l 5383 5384
l 5384 5385
l 5385 5386
l 5386 5387
l 5387 5388
l 5388 5389
l 5389 5390
l 5390 5391
l 5391 5392
l 5392 5393
l 5393 5394
l 5394 5395
l 5395 5396
l 5396 5397
l 5397 5398
l 5398 5399
l 5399 5400
l 5400 5401
l 5401 5402
l 5402 5403
l 5403 5404
l 5404 5405
l 5405 5406
l 5406 5407
l 5407 5408
l 5408 5409
l 5409 5410
l 5410 5411
l 5411 5412
l 5412 5413
l 5413 5414
l 5414 5415
l 5415 5416
l 5416 5417
l 5417 5418
l 5418 5419
l 5419 5420
l 5420 5421
l 5421 5422
l 5422 5423
l 5423 5424
l 5424 5425
l 5425 5426
l 5426 5427
l 5427 5428
l 5428 5429
l 5429 5430
l 5430 5431
l 5431 5432
l 5432 5433
l 5433 5434
l 5434 5435
l 5435 5436
l 5436 5437
l 5437 5438
l 5438 5439
l 5439 5440
l 5440 5441
l 5441 5442
l 5442 5443
l 5443 5444
l 5444 5445
l 5445 5446
l 5446 5447
l 5447 5448
l 5448 5449
l 5449 5450
l 5450 5451
l 5451 5452
l 5452 5453
l 5453 5454
l 5454 5455
l 5455 5456
l 5456 5457
l 5457 5458
l 5458 5459
l 5459 5460
l 5460 5461
l 5461 5462
l 5462 5463
l 5463 5464
l 5464 5465
l 5465 5466
l 5466 5467
l 5467 5468
l 5468 5469
l 5469 5470
l 5470 5471
l 5471 5472
l 5472 5473
l 5473 5474
l 5474 5475
l 5475 5476
l 5476 5477
l 5477 5478
l 5478 5479
l 5479 5480
l 5480 5481
l 5481 5482
l 5482 5483
l 5483 5484
l 5484 5485
l 5485 5486
l 5486 5487
l 5487 5488
l 5488 5489
l 5489 5490
l 5490 5491
l 5491 5492
l 5492 5493
l 5493 5494
l 5494 5495
l 5495 5496
l 5496 5497
l 5498 5499
l 5499 5500
l 5500 5501
l 5501 5502
l 5502 5503
l 5503 5504
l 5504 5505
l 5505 5506
l 5506 5507
l 5507 5508
l 5508 5509
l 5509 5510
l 5510 5511
l 5511 5512
l 5512 5513
l 5513 5514
l 5514 5515
l 5515 5516
l 5516 5517
l 5517 5518
l 5518 5519
l 5519 5520
l 5520 5521
l 5521 5522
l 5522 5523
l 5523 5524
l 5524 5525
l 5525 5526
l 5526 5527
l 5527 5528
l 5528 5529
l 5529 5530
l 5530 5531
l 5531 5532
l 5532 5533
l 5533 5534
l 5534 5535
l 5535 5536
l 5536 5537
l 5537 5538
l 5538 5539
l 5539 5540
l 5540 5541
l 5541 5542
l 5542 5543
l 5543 5544
l 5544 5545
l 5545 5546
l 5546 5547
l 5547 5548
l 5548 5549
l 5549 5550
l 5550 5551
l 5551 5552
l 5552 5553
l 5553 5554
l 5554 5555
l 5555 5556
l 5556 5557
l 5557 5558
l 5558 5559
l 5559 5560
l 5560 5561
l 5561 5562
l 5562 5563
l 5563 5564
l 5564 5565
l 5565 5566
l 5566 5567
l 5567 5568
l 5568 5569
l 5569 5570
l 5570 5571
l 5571 5572
l 5572 5573
l 5573 5574
l 5574 5575
l 5575 5576
l 5576 5577
l 5577 5578
l 5578 5579
l 5579 5580
l 5580 5581
l 5581 5582
l 5582 5583
l 5583 5584
l 5584 5585
l 5585 5586
l 5586 5587
l 5587 5588
l 5588 5589
l 5589 5590
l 5590 5591
l 5591 5592
l 5592 5593
l 5593 5594
l 5594 5595
l 5595 5596
l 5596 5597
l 5597 5598
l 5598 5599
l 5599 5600
l 5600 5601
l 5601 5602
l 5602 5603
l 5603 5604
l 5604 5605
l 5605 5606
l 5606 5607
l 5607 5608
l 5608 5609
l 5609 5610
l 5610 5611
l 5611 5612
l 5612 5613
l 5613 5614
l 5614 5615
l 5615 5616
l 5616 5617
l 5617 5618
l 5618 5619
l 5619 5620
l 5620 5621
l 5621 5622
l 5622 5623
l 5623 5624
l 5624 5625
l 5625 5626
l 5626 5627
l 5627 5628
l 5628 5629
l 5629 5630
l 5630 5631
l 5631 5632
l 5632 5633
l 5633 5634
l 5634 5635
l 5635 5636
l 5636 5637
l 5637 5638
l 5638 5639
l 5639 5640
l 5640 5641
l 5641 5642
l 5642 5643
l 5643 5644
l 5644 5645
l 5645 5646
l 5646 5647
l 5647 5648
l 5648 5649
l 5649 5650
l 5650 5651
l 5651 5652
l 5652 5653
l 5653 5654
l 5654 5655
l 5655 5656
l 5657 5658
l 5658 5659
l 5659 5660
l 5660 5661
l 5661 5662
l 5662 5663
l 5663 5664
l 5664 5665
l 5665 5666
l 5666 5667
l 5667 5668
l 5668 5669
l 5669 5670
l 5670 5671
l 5671 5672
l 5672 5673
l 5673 5674
l 5674 5675
l 5675 5676
l 5676 5677
l 5677 5678
l 5678 5679
l 5679 5680
l 5680 5681
l 5681 5682
l 5682 5683
l 5683 5684
l 5684 5685
l 5685 5686
l 5686 5687
l 5687 5688
l 5688 5689
l 5689 5690
l 5690 5691
l 5691 5692
l 5692 5693
l 5693 5694
l 5694 5695
l 5695 5696
l 5696 5697
l 5697 5698
l 5698 5699
l 5699 5700
l 5700 5701
l 5701 5702
l 5702 5703
l 5703 5704
l 5704 5705
l 5705 5706
l 5706 5707
l 5707 5708
l 5708 5709
l 5709 5710
l 5710 5711
l 5711 5712
l 5712 5713
l 5713 5714
l 5714 5715
l 5715 5716
l 5716 5717
l 5717 5718
l 5718 5719
l 5719 5720
l 5720 5721
l 5721 5722
l 5722 5723
l 5723 5724
l 5724 5725
l 5725 5726
l 5726 5727
l 5727 5728
l 5728 5729
l 5729 5730
l 5730 5731
l 5731 5732
l 5732 5733
l 5733 5734
l 5734 5735
l 5735 5736
l 5736 5737
l 5737 5738
l 5738 5739
l 5739 5740
l 5740 5741
l 5741 5742
l 5742 5743
l 5743 5744
l 5744 5745
l 5745 5746
l 5746 5747
l 5747 5748
l 5748 5749
l 5749 5750
l 5750 5751
l 5751 5752
l 5752 5753
l 5753 5754
l 5754 5755
l 5755 5756
l 5756 5757
l 5757 5758
l 5758 5759
l 5759 5760
l 5760 5761
l 5761 5762
l 5762 5763
l 5763 5764
l 5764 5765
l 5765 5766
l 5766 5767
l 5767 5768
l 5768 5769
l 5769 5770
l 5770 5771
l 5771 5772
l 5772 5773
l 5773 5774
l 5774 5775
l 5775 5776
l 5776 5777
l 5777 5778
l 5778 5779
l 5779 5780
l 5780 5781
l 5781 5782
l 5782 5783
l 5783 5784
l 5784 5785
l 5785 5786
l 5786 5787
l 5787 5788
l 5788 5789
l 5789 5790
l 5790 5791
l 5791 5792
l 5792 5793
l 5793 5794
l 5794 5795
l 5795 5796
l 5796 5797
l 5797 5798
l 5798 5799
l 5799 5800
l 5800 5801
l 5801 5802
l 5802 5803
l 5803 5804
l 5804 5805
l 5805 5806
l 5806 5807
l 5807 5808
l 5808 5809
l 5809 5810
l 5810 5811
l 5811 5812
l 5812 5813
l 5813 5814
l 5814 5815
l 5816 5817
l 5817 5818
l 5818 5819
l 5819 5820
l 5820 5821
l 5821 5822
l 5822 5823
l 5823 5824
l 5824 5825
l 5825 5826
l 5826 5827
l 5827 5828
l 5828 5829
l 5829 5830
l 5830 5831
l 5831 5832
l 5832 5833
l 5833 5834
l 5834 5835
l 5835 5836
l 5836 5837
l 5837 5838
l 5838 5839
l 5839 5840
l 5840 5841
l 5841 5842
l 5842 5843
l 5843 5844
l 5844 5845
l 5845 5846
l 5846 5847
l 5847 5848
l 5848 5849
l 5849 5850
l 5850 5851
l 5851 5852
l 5852 5853
l 5853 5854
l 5854 5855
l 5855 5856
l 5856 5857
l 5857 5858
l 5858 5859
l 5859 5860
l 5860 5861
l 5861 5862
l 5862 5863
l 5863 5864
l 5864 5865
l 5865 5866
l 5866 5867
l 5867 5868
l 5868 5869
l 5869 5870
l 5870 5871
l 5871 5872
l 5872 5873
l 5873 5874
l 5874 5875
l 5875 5876
l 5876 5877
l 5877 5878
l 5878 5879
l 5879 5880
l 5880 5881
l 5881 5882
l 5882 5883
l 5883 5884
l 5884 5885
l 5885 5886
l 5886 5887
l 5887 5888
l 5888 5889
l 5889 5890
l 5890 5891
l 5891 5892
l 5892 5893
l 5893 5894
l 5894 5895
l 5895 5896
l 5896 5897
l 5897 5898
l 5898 5899
l 5899 5900
l 5900 5901
l 5901 5902
l 5902 5903
l 5903 5904
l 5904 5905
l 5905 5906
l 5906 5907
l 5907 5908
l 5908 5909
l 5909 5910
l 5910 5911
l 5911 5912
l 5912 5913
l 5913 5914
l 5914 5915
l 5915 5916
l 5916 5917
l 5917 5918
l 5918 5919
l 5919 5920
l 5920 5921
l 5921 5922
l 5922 5923
l 5923 5924
l 5924 5925
l 5925 5926
l 5926 5927
l 5927 5928
l 5928 5929
l 5929 5930
l 5930 5931
l 5931 5932
l 5932 5933
l 5933 5934
l 5934 5935
l 5935 5936
l 5936 5937
l 5937 5938
l 5938 5939
l 5939 5940
l 5940 5941
l 5941 5942
l 5942 5943
l 5943 5944
l 5944 5945
l 5945 5946
l 5946 5947
l 5947 5948
l 5948 5949
l 5949 5950
l 5950 5951
l 5951 5952
l 5952 5953
l 5953 5954
l 5954 5955
l 5955 5956
l 5956 5957
l 5957 5958
l 5958 5959
l 5959 5960
l 5960 5961
l 5961 5962
l 5962 5963
l 5963 5964
l 5964 5965
l 5965 5966
l 5966 5967
l 5967 5968
l 5968 5969
l 5969 5970
l 5970 5971
l 5971 5972
l 5972 5973
l 5973 5974
l 5975 5976
l 5976 5977
l 5977 5978
l 5978 5979
l 5979 5980
l 5980 5981
l 5981 5982
l 5982 5983
l 5983 5984
l 5984 5985
l 5985 5986
l 5986 5987
l 5987 5988
l 5988 5989
l 5989 5990
l 5990 5991
l 5991 5992
l 5992 5993
l 5993 5994
l 5994 5995
l 5995 5996
l 5996 5997
l 5997 5998
l 5998 5999
l 5999 6000
l 6000 6001
l 6001 6002
l 6002 6003
l 6003 6004
l 6004 6005
l 6005 6006
l 6006 6007
l 6007 6008
l 6008 6009
l 6009 6010
l 6010 6011
l 6011 6012
l 6012 6013
l 6013 6014
l 6014 6015
l 6015 6016
l 6016 6017
l 6017 6018
l 6018 6019
l 6019 6020
l 6020 6021
l 6021 6022
l 6022 6023
l 6023 6024
l 6024 6025
l 6025 6026
l 6026 6027
l 6027 6028
l 6028 6029
l 6029 6030
l 6030 6031
l 6031 6032
l 6032 6033
l 6033 6034
l 6034 6035
l 6035 6036
l 6036 6037
l 6037 6038
l 6038 6039
l 6039 6040
l 6040 6041
l 6041 6042
l 6042 6043
l 6043 6044
l 6044 6045
l 6045 6046
l 6046 6047
l 6047 6048
l 6048 6049
l 6049 6050
l 6050 6051
l 6051 6052
l 6052 6053
l 6053 6054
l 6054 6055
l 6055 6056
l 6056 6057
l 6057 6058
l 6058 6059
l 6059 6060
l 6060 6061
l 6061 6062
l 6062 6063
l 6063 6064
l 6064 6065
l 6065 6066
l 6066 6067
l 6067 6068
l 6068 6069
l 6069 6070
l 6070 6071
l 6071 6072
l 6072 6073
l 6073 6074
l 6074 6075
l 6075 6076
l 6076 6077
l 6077 6078
l 6078 6079
l 6079 6080
l 6080 6081
l 6081 6082
l 6082 6083
l 6083 6084
l 6084 6085
l 6085 6086
l 6086 6087
l 6087 6088
l 6088 6089
l 6089 6090
l 6090 6091
l 6091 6092
l 6092 6093
l 6093 6094
l 6094 6095
l 6095 6096
l 6096 6097
l 6097 6098
l 6098 6099
l 6099 6100
l 6100 6101
l 6101 6102
l 6102 6103
l 6103 6104
l 6104 6105
l 6105 6106
l 6106 6107
l 6107 6108
l 6108 6109
l 6109 6110
l 6110 6111
l 6111 6112
l 6112 6113
l 6113 6114
l 6114 6115
l 6115 6116
l 6116 6117
l 6117 6118
l 6118 6119
l 6119 6120
l 6120 6121
l 6121 6122
l 6122 6123
l 6123 6124
l 6124 6125
l 6125 6126
l 6126 6127
l 6127 6128
l 6128 6129
l 6129 6130
l 6130 6131
l 6131 6132
l 6132 6133
l 6134 6135
l 6135 6136
l 6136 6137
l 6137 6138
l 6138 6139
l 6139 6140
l 6140 6141
l 6141 6142
l 6142 6143
l 6143 6144
l 6144 6145
l 6145 6146
l 6146 6147
l 6147 6148
l 6148 6149
l 6149 6150
l 6150 6151
l 6151 6152
l 6152 6153
l 6153 6154
l 6154 6155
l 6155 6156
l 6156 6157
l 6157 6158
l 6158 6159
l 6159 6160
l 6160 6161
l 6161 6162
l 6162 6163
l 6163 6164
l 6164 6165
l 6165 6166
l 6166 6167
l 6167 6168
l 6168 6169
l 6169 6170
l 6170 6171
l 6171 6172
l 6172 6173
l 6173 6174
l 6174 6175
l 6175 6176
l 6176 6177
l 6177 6178
l 6178 6179
l 6179 6180
l 6180 6181
l 6181 6182
l 6182 6183
l 6183 6184
l 6184 6185
l 6185 6186
l 6186 6187
l 6187 6188
l 6188 6189
l 6189 6190
l 6190 6191
l 6191 6192
l 6192 6193
l 6193 6194
l 6194 6195
l 6195 6196
l 6196 6197
l 6197 6198
l 6198 6199
l 6199 6200
l 6200 6201
l 6201 6202
l 6202 6203
l 6203 6204
l 6204 6205
l 6205 6206
l 6206 6207
l 6207 6208
l 6208 6209
l 6209 6210
l 6210 6211
l 6211 6212
l 6212 6213
l 6213 6214
l 6214 6215
l 6215 6216
l 6216 6217
l 6217 6218
l 6218 6219
l 6219 6220
l 6220 6221
l 6221 6222
l 6222 6223
l 6223 6224
l 6224 6225
l 6225 6226
l 6226 6227
l 6227 6228
l 6228 6229
l 6229 6230
l 6230 6231
l 6231 6232
l 6232 6233
l 6233 6234
l 6234 6235
l 6235 6236
l 6236 6237
l 6237 6238
l 6238 6239
l 6239 6240
l 6240 6241
l 6241 6242
l 6242 6243
l 6243 6244
l 6244 6245
l 6245 6246
l 6246 6247
l 6247 6248
l 6248 6249
l 6249 6250
l 6250 6251
l 6251 6252
l 6252 6253
l 6253 6254
l 6254 6255
l 6255 6256
l 6256 6257
l 6257 6258
l 6258 6259
l 6259 6260
l 6260 6261
l 6261 6262
l 6262 6263
l 6263 6264
l 6264 6265
l 6265 6266
l 6266 6267
l 6267 6268
l 6268 6269
l 6269 6270
l 6270 6271
l 6271 6272
l 6272 6273
l 6273 6274
l 6274 6275
l 6275 6276
l 6276 6277
l 6277 6278
l 6278 6279
l 6279 6280
l 6280 6281
l 6281 6282
l 6282 6283
l 6283 6284
l 6284 6285
l 6285 6286
l 6286 6287
l 6287 6288
l 6288 6289
l 6289 6290
l 6290 6291
l 6291 6292
l 6293 6294
l 6294 6295
l 6295 6296
l 6296 6297
l 6297 6298
l 6298 6299
l 6299 6300
l 6300 6301
l 6301 6302
l 6302 6303
l 6303 6304
l 6304 6305
l 6305 6306
l 6306 6307
l 6307 6308
l 6308 6309
l 6309 6310
l 6310 6311
l 6311 6312
l 6312 6313
l 6313 6314
l 6314 6315
l 6315 6316
l 6316 6317
l 6317 6318
l 6318 6319
l 6319 6320
l 6320 6321
l 6321 6322
l 6322 6323
l 6323 6324
l 6324 6325
l 6325 6326
l 6326 6327
l 6327 6328
l 6328 6329
l 6329 6330
l 6330 6331
l 6331 6332
l 6332 6333
l 6333 6334
l 6334 6335
l 6335 6336
l 6336 6337
l 6337 6338
l 6338 6339
l 6339 6340
l 6340 6341
l 6341 6342
l 6342 6343
l 6343 6344
l 6344 6345
l 6345 6346
l 6346 6347
l 6347 6348
l 6348 6349
l 6349 6350
l 6350 6351
l 6351 6352
l 6352 6353
l 6353 6354
l 6354 6355
l 6355 6356
l 6356 6357
l 6357 6358
l 6358 6359
l 6359 6360
l 6360 6361
l 6361 6362
l 6362 6363
l 6363 6364
l 6364 6365
l 6365 6366
l 6366 6367
l 6367 6368
l 6368 6369
l 6369 6370
l 6370 6371
l 6371 6372
l 6372 6373
l 6373 6374
l 6374 6375
l 6375 6376
l 6376 6377
l 6377 6378
l 6378 6379
l 6379 6380
l 6380 6381
l 6381 6382
l 6382 6383
l 6383 6384
l 6384 6385
l 6385 6386
l 6386 6387
l 6387 6388
l 6388 6389
l 6389 6390
l 6390 6391
l 6391 6392
l 6392 6393
l 6393 6394
l 6394 6395
l 6395 6396
l 6396 6397
l 6397 6398
l 6398 6399
l 6399 6400
l 6400 6401
l 6401 6402
l 6402 6403
l 6403 6404
l 6404 6405
l 6405 6406
l 6406 6407
l 6407 6408
l 6408 6409
l 6409 6410
l 6410 6411
l 6411 6412
l 6412 6413
l 6413 6414
l 6414 6415
l 6415 6416
l 6416 6417
l 6417 6418
l 6418 6419
l 6419 6420
l 6420 6421
l 6421 6422
l 6422 6423
l 6423 6424
l 6424 6425
l 6425 6426
l 6426 6427
l 6427 6428
l 6428 6429
l 6429 6430
l 6430 6431
l 6431 6432
l 6432 6433
l 6433 6434
l 6434 6435
l 6435 6436
l 6436 6437
l 6437 6438
l 6438 6439
l 6439 6440
l 6440 6441
l 6441 6442
l 6442 6443
l 6443 6444
l 6444 6445
l 6445 6446
l 6446 6447
l 6447 6448
l 6448 6449
l 6449 6450
l 6450 6451
l 6452 6453
l 6453 6454
l 6454 6455
l 6455 6456
l 6456 6457
l 6457 6458
l 6458 6459
l 6459 6460
l 6460 6461
l 6461 6462
l 6462 6463
l 6463 6464
l 6464 6465
l 6465 6466
l 6466 6467
l 6467 6468
l 6468 6469
l 6469 6470
l 6470 6471
l 6471 6472
l 6472 6473
l 6473 6474
l 6474 6475
l 6475 6476
l 6476 6477
l 6477 6478
l 6478 6479
l 6479 6480
l 6480 6481
l 6481 6482
l 6482 6483
l 6483 6484
l 6484 6485
l 6485 6486
l 6486 6487
l 6487 6488
l 6488 6489
l 6489 6490
l 6490 6491
l 6491 6492
l 6492 6493
l 6493 6494
l 6494 6495
l 6495 6496
l 6496 6497
l 6497 6498
l 6498 6499
l 6499 6500
l 6500 6501
l 6501 6502
l 6502 6503
l 6503 6504
l 6504 6505
l 6505 6506
l 6506 6507
l 6507 6508
l 6508 6509
l 6509 6510
l 6510 6511
l 6511 6512
l 6512 6513
l 6513 6514
l 6514 6515
l 6515 6516
l 6516 6517
l 6517 6518
l 6518 6519
l 6519 6520
l 6520 6521
l 6521 6522
l 6522 6523
l 6523 6524
l 6524 6525
l 6525 6526
l 6526 6527
l 6527 6528
l 6528 6529
l 6529 6530
l 6530 6531
l 6531 6532
l 6532 6533
l 6533 6534
l 6534 6535
l 6535 6536
l 6536 6537
l 6537 6538
l 6538 6539
l 6539 6540
l 6540 6541
l 6541 6542
l 6542 6543
l 6543 6544
l 6544 6545
l 6545 6546
l 6546 6547
l 6547 6548
l 6548 6549
l 6549 6550
l 6550 6551
l 6551 6552
l 6552 6553
l 6553 6554
l 6554 6555
l 6555 6556
l 6556 6557
l 6557 6558
l 6558 6559
l 6559 6560
l 6560 6561
l 6561 6562
l 6562 6563
l 6563 6564
l 6564 6565
l 6565 6566
l 6566 6567
l 6567 6568
l 6568 6569
l 6569 6570
l 6570 6571
l 6571 6572
l 6572 6573
l 6573 6574
l 6574 6575
l 6575 6576
l 6576 6577
l 6577 6578
l 6578 6579
l 6579 6580
l 6580 6581
l 6581 6582
l 6582 6583
l 6583 6584
l 6584 6585
l 6585 6586
l 6586 6587
l 6587 6588
l 6588 6589
l 6589 6590
l 6590 6591
l 6591 6592
l 6592 6593
l 6593 6594
l 6594 6595
l 6595 6596
l 6596 6597
l 6597 6598
l 6598 6599
l 6599 6600
l 6600 6601
l 6601 6602
l 6602 6603
l 6603 6604
l 6604 6605
l 6605 6606
l 6606 6607
l 6607 6608
l 6608 6609
l 6609 6610
l 6611 6612
l 6612 6613
l 6613 6614
l 6614 6615
l 6615 6616
l 6616 6617
l 6617 6618
l 6618 6619
l 6619 6620
l 6620 6621
l 6621 6622
l 6622 6623
l 6623 6624
l 6624 6625
l 6625 6626
l 6626 6627
l 6627 6628
l 6628 6629
l 6629 6630
l 6630 6631
l 6631 6632
l 6632 6633
l 6633 6634
l 6634 6635
l 6635 6636
l 6636 6637
l 6637 6638
l 6638 6639
l 6639 6640
l 6640 6641
l 6641 6642
l 6642 6643
l 6643 6644
l 6644 6645
l 6645 6646
l 6646 6647
l 6647 6648
l 6648 6649
l 6649 6650
l 6650 6651
l 6651 6652
l 6652 6653
l 6653 6654
l 6654 6655
l 6655 6656
l 6656 6657
l 6657 6658
l 6658 6659
l 6659 6660
l 6660 6661
l 6661 6662
l 6662 6663
l 6663 6664
l 6664 6665
l 6665 6666
l 6666 6667
l 6667 6668
l 6668 6669
l 6669 6670
l 6670 6671
l 6671 6672
l 6672 6673
l 6673 6674
l 6674 6675
l 6675 6676
l 6676 6677
l 6677 6678
l 6678 6679
l 6679 6680
l 6680 6681
l 6681 6682
l 6682 6683
l 6683 6684
l 6684 6685
l 6685 6686
l 6686 6687
l 6687 6688
l 6688 6689
l 6689 6690
l 6690 6691
l 6691 6692
l 6692 6693
l 6693 6694
l 6694 6695
l 6695 6696
l 6696 6697
l 6697 6698
l 6698 6699
l 6699 6700
l 6700 6701
l 6701 6702
l 6702 6703
l 6703 6704
l 6704 6705
l 6705 6706
l 6706 6707
l 6707 6708
l 6708 6709
l 6709 6710
l 6710 6711
l 6711 6712
l 6712 6713
l 6713 6714
l 6714 6715
l 6715 6716
l 6716 6717
l 6717 6718
l 6718 6719
l 6719 6720
l 6720 6721
l 6721 6722
l 6722 6723
l 6723 6724
l 6724 6725
l 6725 6726
l 6726 6727
l 6727 6728
l 6728 6729
l 6729 6730
l 6730 6731
l 6731 6732
l 6732 6733
l 6733 6734
l 6734 6735
l 6735 6736
l 6736 6737
l 6737 6738
l 6738 6739
l 6739 6740
l 6740 6741
l 6741 6742
l 6742 6743
l 6743 6744
l 6744 6745
l 6745 6746
l 6746 6747
l 6747 6748
l 6748 6749
l 6749 6750
l 6750 6751
l 6751 6752
l 6752 6753
l 6753 6754
l 6754 6755
l 6755 6756
l 6756 6757
l 6757 6758
l 6758 6759
l 6759 6760
l 6760 6761
l 6761 6762
l 6762 6763
l 6763 6764
l 6764 6765
l 6765 6766
l 6766 6767
l 6767 6768
l 6768 6769
l 6770 6771
l 6771 6772
l 6772 6773
l 6773 6774
l 6774 6775
l 6775 6776
l 6776 6777
l 6777 6778
l 6778 6779
l 6779 6780
l 6780 6781
l 6781 6782
l 6782 6783
l 6783 6784
l 6784 6785
l 6785 6786
l 6786 6787
l 6787 6788
l 6788 6789
l 6789 6790
l 6790 6791
l 6791 6792
l 6792 6793
l 6793 6794
l 6794 6795
l 6795 6796
l 6796 6797
l 6797 6798
l 6798 6799
l 6799 6800
l 6800 6801
l 6801 6802
l 6802 6803
l 6803 6804
l 6804 6805
l 6805 6806
l 6806 6807
l 6807 6808
l 6808 6809
l 6809 6810
l 6810 6811
l 6811 6812
l 6812 6813
l 6813 6814
l 6814 6815
l 6815 6816
l 6816 6817
l 6817 6818
l 6818 6819
l 6819 6820
l 6820 6821
l 6821 6822
l 6822 6823
l 6823 6824
l 6824 6825
l 6825 6826
l 6826 6827
l 6827 6828
l 6828 6829
l 6829 6830
l 6830 6831
l 6831 6832
l 6832 6833
l 6833 6834
l 6834 6835
l 6835 6836
l 6836 6837
l 6837 6838
l 6838 6839
l 6839 6840
l 6840 6841
l 6841 6842
l 6842 6843
l 6843 6844
l 6844 6845
l 6845 6846
l 6846 6847
l 6847 6848
l 6848 6849
l 6849 6850
l 6850 6851
l 6851 6852
l 6852 6853
l 6853 6854
l 6854 6855
l 6855 6856
l 6856 6857
l 6857 6858
l 6858 6859
l 6859 6860
l 6860 6861
l 6861 6862
l 6862 6863
l 6863 6864
l 6864 6865
l 6865 6866
l 6866 6867
l 6867 6868
l 6868 6869
l 6869 6870
l 6870 6871
l 6871 6872
l 6872 6873
l 6873 6874
l 6874 6875
l 6875 6876
l 6876 6877
l 6877 6878
l 6878 6879
l 6879 6880
l 6880 6881
l 6881 6882
l 6882 6883
l 6883 6884
l 6884 6885
l 6885 6886
l 6886 6887
l 6887 6888
l 6888 6889
l 6889 6890
l 6890 6891
l 6891 6892
l 6892 6893
l 6893 6894
l 6894 6895
l 6895 6896
l 6896 6897
l 6897 6898
l 6898 6899
l 6899 6900
l 6900 6901
l 6901 6902
l 6902 6903
l 6903 6904
l 6904 6905
l 6905 6906
l 6906 6907
l 6907 6908
l 6908 6909
l 6909 6910
l 6910 6911
l 6911 6912
l 6912 6913
l 6913 6914
l 6914 6915
l 6915 6916
l 6916 6917
l 6917 6918
l 6918 6919
l 6919 6920
l 6920 6921
l 6921 6922
l 6922 6923
l 6923 6924
l 6924 6925
l 6925 6926
l 6926 6927
l 6927 6928
l 6929 6930
l 6930 6931
l 6931 6932
l 6932 6933
l 6933 6934
l 6934 6935
l 6935 6936
l 6936 6937
l 6937 6938
l 6938 6939
l 6939 6940
l 6940 6941
l 6941 6942
l 6942 6943
l 6943 6944
l 6944 6945
l 6945 6946
l 6946 6947
l 6947 6948
l 6948 6949
l 6949 6950
l 6950 6951
l 6951 6952
l 6952 6953
l 6953 6954
l 6954 6955
l 6955 6956
l 6956 6957
l 6957 6958
l 6958 6959
l 6959 6960
l 6960 6961
l 6961 6962
l 6962 6963
l 6963 6964
l 6964 6965
l 6965 6966
l 6966 6967
l 6967 6968
l 6968 6969
l 6969 6970
l 6970 6971
l 6971 6972
l 6972 6973
l 6973 6974
l 6974 6975
l 6975 6976
l 6976 6977
l 6977 6978
l 6978 6979
l 6979 6980
l 6980 6981
l 6981 6982
l 6982 6983
l 6983 6984
l 6984 6985
l 6985 6986
l 6986 6987
l 6987 6988
l 6988 6989
l 6989 6990
l 6990 6991
l 6991 6992
l 6992 6993
l 6993 6994
l 6994 6995
l 6995 6996
l 6996 6997
l 6997 6998
l 6998 6999
l 6999 7000
l 7000 7001
l 7001 7002
l 7002 7003
l 7003 7004
l 7004 7005
l 7005 7006
l 7006 7007
l 7007 7008
l 7008 7009
l 7009 7010
l 7010 7011
l 7011 7012
l 7012 7013
l 7013 7014
l 7014 7015
l 7015 7016
l 7016 7017
l 7017 7018
l 7018 7019
l 7019 7020
l 7020 7021
l 7021 7022
l 7022 7023
l 7023 7024
l 7024 7025
l 7025 7026
l 7026 7027
l 7027 7028
l 7028 7029
l 7029 7030
l 7030 7031
l 7031 7032
l 7032 7033
l 7033 7034
l 7034 7035
l 7035 7036
l 7036 7037
l 7037 7038
l 7038 7039
l 7039 7040
l 7040 7041
l 7041 7042
l 7042 7043
l 7043 7044
l 7044 7045
l 7045 7046
l 7046 7047
l 7047 7048
l 7048 7049
l 7049 7050
l 7050 7051
l 7051 7052
l 7052 7053
l 7053 7054
l 7054 7055
l 7055 7056
l 7056 7057
l 7057 7058
l 7058 7059
l 7059 7060
l 7060 7061
l 7061 7062
l 7062 7063
l 7063 7064
l 7064 7065
l 7065 7066
l 7066 7067
l 7067 7068
l 7068 7069
l 7069 7070
l 7070 7071
l 7071 7072
l 7072 7073
l 7073 7074
l 7074 7075
l 7075 7076
l 7076 7077
l 7077 7078
l 7078 7079
l 7079 7080
l 7080 7081
l 7081 7082
l 7082 7083
l 7083 7084
l 7084 7085
l 7085 7086
l 7086 7087
l 7088 7089
l 7089 7090
l 7090 7091
l 7091 7092
l 7092 7093
l 7093 7094
l 7094 7095
l 7095 7096
l 7096 7097
l 7097 7098
l 7098 7099
l 7099 7100
l 7100 7101
l 7101 7102
l 7102 7103
l 7103 7104
l 7104 7105
l 7105 7106
l 7106 7107
l 7107 7108
l 7108 7109
l 7109 7110
l 7110 7111
l 7111 7112
l 7112 7113
l 7113 7114
l 7114 7115
l 7115 7116
l 7116 7117
l 7117 7118
l 7118 7119
l 7119 7120
l 7120 7121
l 7121 7122
l 7122 7123
l 7123 7124
l 7124 7125
l 7125 7126
l 7126 7127
l 7127 7128
l 7128 7129
l 7129 7130
l 7130 7131
l 7131 7132
l 7132 7133
l 7133 7134
l 7134 7135
l 7135 7136
l 7136 7137
l 7137 7138
l 7138 7139
l 7139 7140
l 7140 7141
l 7141 7142
l 7142 7143
l 7143 7144
l 7144 7145
l 7145 7146
l 7146 7147
l 7147 7148
l 7148 7149
l 7149 7150
l 7150 7151
l 7151 7152
l 7152 7153
l 7153 7154
l 7154 7155
l 7155 7156
l 7156 7157
l 7157 7158
l 7158 7159
l 7159 7160
l 7160 7161
l 7161 7162
l 7162 7163
l 7163 7164
l 7164 7165
l 7165 7166
l 7166 7167
l 7167 7168
l 7168 7169
l 7169 7170
l 7170 7171
l 7171 7172
l 7172 7173
l 7173 7174
l 7174 7175
l 7175 7176
l 7176 7177
l 7177 7178
l 7178 7179
l 7179 7180
l 7180 7181
l 7181 7182
l 7182 7183
l 7183 7184
l 7184 7185
l 7185 7186
l 7186 7187
l 7187 7188
l 7188 7189
l 7189 7190
l 7190 7191
l 7191 7192
l 7192 7193
l 7193 7194
l 7194 7195
l 7195 7196
l 7196 7197
l 7197 7198
l 7198 7199
l 7199 7200
l 7200 7201
l 7201 7202
l 7202 7203
l 7203 7204
l 7204 7205
l 7205 7206
l 7206 7207
l 7207 7208
l 7208 7209
l 7209 7210
l 7210 7211
l 7211 7212
l 7212 7213
l 7213 7214
l 7214 7215
l 7215 7216
l 7216 7217
l 7217 7218
l 7218 7219
l 7219 7220
l 7220 7221
l 7221 7222
l 7222 7223
l 7223 7224
l 7224 7225
l 7225 7226
l 7226 7227
l 7227 7228
l 7228 7229
l 7229 7230
l 7230 7231
l 7231 7232
l 7232 7233
l 7233 7234
l 7234 7235
l 7235 7236
l 7236 7237
l 7237 7238
l 7238 7239
l 7239 7240
l 7240 7241
l 7241 7242
l 7242 7243
l 7243 7244
l 7244 7245
l 7245 7246
l 7247 7248
l 7248 7249
l 7249 7250
l 7250 7251
l 7251 7252
l 7252 7253
l 7253 7254
l 7254 7255
l 7255 7256
l 7256 7257
l 7257 7258
l 7258 7259
l 7259 7260
l 7260 7261
l 7261 7262
l 7262 7263
l 7263 7264
l 7264 7265
l 7265 7266
l 7266 7267
l 7267 7268
l 7268 7269
l 7269 7270
l 7270 7271
l 7271 7272
l 7272 7273
l 7273 7274
l 7274 7275
l 7275 7276
l 7276 7277
l 7277 7278
l 7278 7279
l 7279 7280
l 7280 7281
l 7281 7282
l 7282 7283
l 7283 7284
l 7284 7285
l 7285 7286
l 7286 7287
l 7287 7288
l 7288 7289
l 7289 7290
l 7290 7291
l 7291 7292
l 7292 7293
l 7293 7294
l 7294 7295
l 7295 7296
l 7296 7297
l 7297 7298
l 7298 7299
l 7299 7300
l 7300 7301
l 7301 7302
l 7302 7303
l 7303 7304
l 7304 7305
l 7305 7306
l 7306 7307
l 7307 7308
l 7308 7309
l 7309 7310
l 7310 7311
l 7311 7312
l 7312 7313
l 7313 7314
l 7314 7315
l 7315 7316
l 7316 7317
l 7317 7318
l 7318 7319
l 7319 7320
l 7320 7321
l 7321 7322
l 7322 7323
l 7323 7324
l 7324 7325
l 7325 7326
l 7326 7327
l 7327 7328
l 7328 7329
l 7329 7330
l 7330 7331
l 7331 7332
l 7332 7333
l 7333 7334
l 7334 7335
l 7335 7336
l 7336 7337
l 7337 7338
l 7338 7339
l 7339 7340
l 7340 7341
l 7341 7342
l 7342 7343
l 7343 7344
l 7344 7345
l 7345 7346
l 7346 7347
l 7347 7348
l 7348 7349
l 7349 7350
l 7350 7351
l 7351 7352
l 7352 7353
l 7353 7354
l 7354 7355
l 7355 7356
l 7356 7357
l 7357 7358
l 7358 7359
l 7359 7360
l 7360 7361
l 7361 7362
l 7362 7363
l 7363 7364
l 7364 7365
l 7365 7366
l 7366 7367
l 7367 7368
l 7368 7369
l 7369 7370
l 7370 7371
l 7371 7372
l 7372 7373
l 7373 7374
l 7374 7375
l 7375 7376
l 7376 7377
l 7377 7378
l 7378 7379
l 7379 7380
l 7380 7381
l 7381 7382
l 7382 7383
l 7383 7384
l 7384 7385
l 7385 7386
l 7386 7387
l 7387 7388
l 7388 7389
l 7389 7390
l 7390 7391
l 7391 7392
l 7392 7393
l 7393 7394
l 7394 7395
l 7395 7396
l 7396 7397
l 7397 7398
l 7398 7399
l 7399 7400
l 7400 7401
l 7401 7402
l 7402 7403
l 7403 7404
l 7404 7405
l 7406 7407
l 7407 7408
l 7408 7409
l 7409 7410
l 7410 7411
l 7411 7412
l 7412 7413
l 7413 7414
l 7414 7415
l 7415 7416
l 7416 7417
l 7417 7418
l 7418 7419
l 7419 7420
l 7420 7421
l 7421 7422
l 7422 7423
l 7423 7424
l 7424 7425
l 7425 7426
l 7426 7427
l 7427 7428
l 7428 7429
l 7429 7430
l 7430 7431
l 7431 7432
l 7432 7433
l 7433 7434
l 7434 7435
l 7435 7436
l 7436 7437
l 7437 7438
l 7438 7439
l 7439 7440
l 7440 7441
l 7441 7442
l 7442 7443
l 7443 7444
l 7444 7445
l 7445 7446
l 7446 7447
l 7447 7448
l 7448 7449
l 7449 7450
l 7450 7451
l 7451 7452
l 7452 7453
l 7453 7454
l 7454 7455
l 7455 7456
l 7456 7457
l 7457 7458
l 7458 7459
l 7459 7460
l 7460 7461
l 7461 7462
l 7462 7463
l 7463 7464
l 7464 7465
l 7465 7466
l 7466 7467
l 7467 7468
l 7468 7469
l 7469 7470
l 7470 7471
l 7471 7472
l 7472 7473
l 7473 7474
l 7474 7475
l 7475 7476
l 7476 7477
l 7477 7478
l 7478 7479
l 7479 7480
l 7480 7481
l 7481 7482
l 7482 7483
l 7483 7484
l 7484 7485
l 7485 7486
l 7486 7487
l 7487 7488
l 7488 7489
l 7489 7490
l 7490 7491
l 7491 7492
l 7492 7493
l 7493 7494
l 7494 7495
l 7495 7496
l 7496 7497
l 7497 7498
l 7498 7499
l 7499 7500
l 7500 7501
l 7501 7502
l 7502 7503
l 7503 7504
l 7504 7505
l 7505 7506
l 7506 7507
l 7507 7508
l 7508 7509
l 7509 7510
l 7510 7511
l 7511 7512
l 7512 7513
l 7513 7514
l 7514 7515
l 7515 7516
l 7516 7517
l 7517 7518
l 7518 7519
l 7519 7520
l 7520 7521
l 7521 7522
l 7522 7523
l 7523 7524
l 7524 7525
l 7525 7526
l 7526 7527
l 7527 7528
l 7528 7529
l 7529 7530
l 7530 7531
l 7531 7532
l 7532 7533
l 7533 7534
l 7534 7535
l 7535 7536
l 7536 7537
l 7537 7538
l 7538 7539
l 7539 7540
l 7540 7541
l 7541 7542
l 7542 7543
l 7543 7544
l 7544 7545
l 7545 7546
l 7546 7547
l 7547 7548
l 7548 7549
l 7549 7550
l 7550 7551
l 7551 7552
l 7552 7553
l 7553 7554
l 7554 7555
l 7555 7556
l 7556 7557
l 7557 7558
l 7558 7559
l 7559 7560
l 7560 7561
l 7561 7562
l 7562 7563
l 7563 7564
l 7565 7566
l 7566 7567
l 7567 7568
l 7568 7569
l 7569 7570
l 7570 7571
l 7571 7572
l 7572 7573
l 7573 7574
l 7574 7575
l 7575 7576
l 7576 7577
l 7577 7578
l 7578 7579
l 7579 7580
l 7580 7581
l 7581 7582
l 7582 7583
l 7583 7584
l 7584 7585
l 7585 7586
l 7586 7587
l 7587 7588
l 7588 7589
l 7589 7590
l 7590 7591
l 7591 7592
l 7592 7593
l 7593 7594
l 7594 7595
l 7595 7596
l 7596 7597
l 7597 7598
l 7598 7599
l 7599 7600
l 7600 7601
l 7601 7602
l 7602 7603
l 7603 7604
l 7604 7605
l 7605 7606
l 7606 7607
l 7607 7608
l 7608 7609
l 7609 7610
l 7610 7611
l 7611 7612
l 7612 7613
l 7613 7614
l 7614 7615
l 7615 7616
l 7616 7617
l 7617 7618
l 7618 7619
l 7619 7620
l 7620 7621
l 7621 7622
l 7622 7623
l 7623 7624
l 7624 7625
l 7625 7626
l 7626 7627
l 7627 7628
l 7628 7629
l 7629 7630
l 7630 7631
l 7631 7632
l 7632 7633
l 7633 7634
l 7634 7635
l 7635 7636
l 7636 7637
l 7637 7638
l 7638 7639
l 7639 7640
l 7640 7641
l 7641 7642
l 7642 7643
l 7643 7644
l 7644 7645
l 7645 7646
l 7646 7647
l 7647 7648
l 7648 7649
l 7649 7650
l 7650 7651
l 7651 7652
l 7652 7653
l 7653 7654
l 7654 7655
l 7655 7656
l 7656 7657
l 7657 7658
l 7658 7659
l 7659 7660
l 7660 7661
l 7661 7662
l 7662 7663
l 7663 7664
l 7664 7665
l 7665 7666
l 7666 7667
l 7667 7668
l 7668 7669
l 7669 7670
l 7670 7671
l 7671 7672
l 7672 7673
l 7673 7674
l 7674 7675
l 7675 7676
l 7676 7677
l 7677 7678
l 7678 7679
l 7679 7680
l 7680 7681
l 7681 7682
l 7682 7683
l 7683 7684
l 7684 7685
l 7685 7686
l 7686 7687
l 7687 7688
l 7688 7689
l 7689 7690
l 7690 7691
l 7691 7692
l 7692 7693
l 7693 7694
l 7694 7695
l 7695 7696
l 7696 7697
l 7697 7698
l 7698 7699
l 7699 7700
l 7700 7701
l 7701 7702
l 7702 7703
l 7703 7704
l 7704 7705
l 7705 7706
l 7706 7707
l 7707 7708
l 7708 7709
l 7709 7710
l 7710 7711
l 7711 7712
l 7712 7713
l 7713 7714
l 7714 7715
l 7715 7716
l 7716 7717
l 7717 7718
l 7718 7719
l 7719 7720
l 7720 7721
l 7721 7722
l 7722 7723
l 7724 7725
l 7725 7726
l 7726 7727
l 7727 7728
l 7728 7729
l 7729 7730
l 7730 7731
l 7731 7732
l 7732 7733
l 7733 7734
l 7734 7735
l 7735 7736
l 7736 7737
l 7737 7738
l 7738 7739
l 7739 7740
l 7740 7741
l 7741 7742
l 7742 7743
l 7743 7744
l 7744 7745
l 7745 7746
l 7746 7747
l 7747 7748
l 7748 7749
l 7749 7750
l 7750 7751
l 7751 7752
l 7752 7753
l 7753 7754
l 7754 7755
l 7755 7756
l 7756 7757
l 7757 7758
l 7758 7759
l 7759 7760
l 7760 7761
l 7761 7762
l 7762 7763
l 7763 7764
l 7764 7765
l 7765 7766
l 7766 7767
l 7767 7768
l 7768 7769
l 7769 7770
l 7770 7771
l 7771 7772
l 7772 7773
l 7773 7774
l 7774 7775
l 7775 7776
l 7776 7777
l 7777 7778
l 7778 7779
l 7779 7780
l 7780 7781
l 7781 7782
l 7782 7783
l 7783 7784
l 7784 7785
l 7785 7786
l 7786 7787
l 7787 7788
l 7788 7789
l 7789 7790
l 7790 7791
l 7791 7792
l 7792 7793
l 7793 7794
l 7794 7795
l 7795 7796
l 7796 7797
l 7797 7798
l 7798 7799
l 7799 7800
l 7800 7801
l 7801 7802
l 7802 7803
l 7803 7804
l 7804 7805
l 7805 7806
l 7806 7807
l 7807 7808
l 7808 7809
l 7809 7810
l 7810 7811
l 7811 7812
l 7812 7813
l 7813 7814
l 7814 7815
l 7815 7816
l 7816 7817
l 7817 7818
l 7818 7819
l 7819 7820
l 7820 7821
l 7821 7822
l 7822 7823
l 7823 7824
l 7824 7825
l 7825 7826
l 7826 7827
l 7827 7828
l 7828 7829
l 7829 7830
l 7830 7831
l 7831 7832
l 7832 7833
l 7833 7834
l 7834 7835
l 7835 7836
l 7836 7837
l 7837 7838
l 7838 7839
l 7839 7840
l 7840 7841
l 7841 7842
l 7842 7843
l 7843 7844
l 7844 7845
l 7845 7846
l 7846 7847
l 7847 7848
l 7848 7849
l 7849 7850
l 7850 7851
l 7851 7852
l 7852 7853
l 7853 7854
l 7854 7855
l 7855 7856
l 7856 7857
l 7857 7858
l 7858 7859
l 7859 7860
l 7860 7861
l 7861 7862
l 7862 7863
l 7863 7864
l 7864 7865
l 7865 7866
l 7866 7867
l 7867 7868
l 7868 7869
l 7869 7870
l 7870 7871
l 7871 7872
l 7872 7873
l 7873 7874
l 7874 7875
l 7875 7876
l 7876 7877
l 7877 7878
l 7878 7879
l 7879 7880
l 7880 7881
l 7881 7882
l 7883 7884
l 7884 7885
l 7885 7886
l 7886 7887
l 7887 7888
l 7888 7889
l 7889 7890
l 7890 7891
l 7891 7892
l 7892 7893
l 7893 7894
l 7894 7895
l 7895 7896
l 7896 7897
l 7897 7898
l 7898 7899
l 7899 7900
l 7900 7901
l 7901 7902
l 7902 7903
l 7903 7904
l 7904 7905
l 7905 7906
l 7906 7907
l 7907 7908
l 7908 7909
l 7909 7910
l 7910 7911
l 7911 7912
l 7912 7913
l 7913 7914
l 7914 7915
l 7915 7916
l 7916 7917
l 7917 7918
l 7918 7919
l 7919 7920
l 7920 7921
l 7921 7922
l 7922 7923
l 7923 7924
l 7924 7925
l 7925 7926
l 7926 7927
l 7927 7928
l 7928 7929
l 7929 7930
l 7930 7931
l 7931 7932
l 7932 7933
l 7933 7934
l 7934 7935
l 7935 7936
l 7936 7937
l 7937 7938
l 7938 7939
l 7939 7940
l 7940 7941
l 7941 7942
l 7942 7943
l 7943 7944
l 7944 7945
l 7945 7946
l 7946 7947
l 7947 7948
l 7948 7949
l 7949 7950
l 7950 7951
l 7951 7952
l 7952 7953
l 7953 7954
l 7954 7955
l 7955 7956
l 7956 7957
l 7957 7958
l 7958 7959
l 7959 7960
l 7960 7961
l 7961 7962
l 7962 7963
l 7963 7964
l 7964 7965
l 7965 7966
l 7966 7967
l 7967 7968
l 7968 7969
l 7969 7970
l 7970 7971
l 7971 7972
l 7972 7973
l 7973 7974
l 7974 7975
l 7975 7976
l 7976 7977
l 7977 7978
l 7978 7979
l 7979 7980
l 7980 7981
l 7981 7982
l 7982 7983
l 7983 7984
l 7984 7985
l 7985 7986
l 7986 7987
l 7987 7988
l 7988 7989
l 7989 7990
l 7990 7991
l 7991 7992
l 7992 7993
l 7993 7994
l 7994 7995
l 7995 7996
l 7996 7997
l 7997 7998
l 7998 7999
l 7999 8000
l 8000 8001
l 8001 8002
l 8002 8003
l 8003 8004
l 8004 8005
l 8005 8006
l 8006 8007
l 8007 8008
l 8008 8009
l 8009 8010
l 8010 8011
l 8011 8012
l 8012 8013
l 8013 8014
l 8014 8015
l 8015 8016
l 8016 8017
l 8017 8018
l 8018 8019
l 8019 8020
l 8020 8021
l 8021 8022
l 8022 8023
l 8023 8024
l 8024 8025
l 8025 8026
l 8026 8027
l 8027 8028
l 8028 8029
l 8029 8030
l 8030 8031
l 8031 8032
l 8032 8033
l 8033 8034
l 8034 8035
l 8035 8036
l 8036 8037
l 8037 8038
l 8038 8039
l 8039 8040
l 8040 8041
l 8042 8043
l 8043 8044
l 8044 8045
l 8045 8046
l 8046 8047
l 8047 8048
l 8048 8049
l 8049 8050
l 8050 8051
l 8051 8052
l 8052 8053
l 8053 8054
l 8054 8055
l 8055 8056
l 8056 8057
l 8057 8058
l 8058 8059
l 8059 8060
l 8060 8061
l 8061 8062
l 8062 8063
l 8063 8064
l 8064 8065
l 8065 8066
l 8066 8067
l 8067 8068
l 8068 8069
l 8069 8070
l 8070 8071
l 8071 8072
l 8072 8073
l 8073 8074
l 8074 8075
l 8075 8076
l 8076 8077
l 8077 8078
l 8078 8079
l 8079 8080
l 8080 8081
l 8081 8082
l 8082 8083
l 8083 8084
l 8084 8085
l 8085 8086
l 8086 8087
l 8087 8088
l 8088 8089
l 8089 8090
l 8090 8091
l 8091 8092
l 8092 8093
l 8093 8094
l 8094 8095
l 8095 8096
l 8096 8097
l 8097 8098
l 8098 8099
l 8099 8100
l 8100 8101
l 8101 8102
l 8102 8103
l 8103 8104
l 8104 8105
l 8105 8106
l 8106 8107
l 8107 8108
l 8108 8109
l 8109 8110
l 8110 8111
l 8111 8112
l 8112 8113
l 8113 8114
l 8114 8115
l 8115 8116
l 8116 8117
l 8117 8118
l 8118 8119
l 8119 8120
l 8120 8121
l 8121 8122
l 8122 8123
l 8123 8124
l 8124 8125
l 8125 8126
l 8126 8127
l 8127 8128
l 8128 8129
l 8129 8130
l 8130 8131
l 8131 8132
l 8132 8133
l 8133 8134
l 8134 8135
l 8135 8136
l 8136 8137
l 8137 8138
l 8138 8139
l 8139 8140
l 8140 8141
l 8141 8142
l 8142 8143
l 8143 8144
l 8144 8145
l 8145 8146
l 8146 8147
l 8147 8148
l 8148 8149
l 8149 8150
l 8150 8151
l 8151 8152
l 8152 8153
l 8153 8154
l 8154 8155
l 8155 8156
l 8156 8157
l 8157 8158
l 8158 8159
l 8159 8160
l 8160 8161
l 8161 8162
l 8162 8163
l 8163 8164
l 8164 8165
l 8165 8166
l 8166 8167
l 8167 8168
l 8168 8169
l 8169 8170
l 8170 8171
l 8171 8172
l 8172 8173
l 8173 8174
l 8174 8175
l 8175 8176
l 8176 8177
l 8177 8178
l 8178 8179
l 8179 8180
l 8180 8181
l 8181 8182
l 8182 8183
l 8183 8184
l 8184 8185
l 8185 8186
l 8186 8187
l 8187 8188
l 8188 8189
l 8189 8190
l 8190 8191
l 8191 8192
l 8192 8193
l 8193 8194
l 8194 8195
l 8195 8196
l 8196 8197
l 8197 8198
l 8198 8199
l 8199 8200
l 8201 8202
l 8202 8203
l 8203 8204
l 8204 8205
l 8205 8206
l 8206 8207
l 8207 8208
l 8208 8209
l 8209 8210
l 8210 8211
l 8211 8212
l 8212 8213
l 8213 8214
l 8214 8215
l 8215 8216
l 8216 8217
l 8217 8218
l 8218 8219
l 8219 8220
l 8220 8221
l 8221 8222
l 8222 8223
l 8223 8224
l 8224 8225
l 8225 8226
l 8226 8227
l 8227 8228
l 8228 8229
l 8229 8230
l 8230 8231
l 8231 8232
l 8232 8233
l 8233 8234
l 8234 8235
l 8235 8236
l 8236 8237
l 8237 8238
l 8238 8239
l 8239 8240
l 8240 8241
l 8241 8242
l 8242 8243
l 8243 8244
l 8244 8245
l 8245 8246
l 8246 8247
l 8247 8248
l 8248 8249
l 8249 8250
l 8250 8251
l 8251 8252
l 8252 8253
l 8253 8254
l 8254 8255
l 8255 8256
l 8256 8257
l 8257 8258
l 8258 8259
l 8259 8260
l 8260 8261
l 8261 8262
l 8262 8263
l 8263 8264
l 8264 8265
l 8265 8266
l 8266 8267
l 8267 8268
l 8268 8269
l 8269 8270
l 8270 8271
l 8271 8272
l 8272 8273
l 8273 8274
l 8274 8275
l 8275 8276
l 8276 8277
l 8277 8278
l 8278 8279
l 8279 8280
l 8280 8281
l 8281 8282
l 8282 8283
l 8283 8284
l 8284 8285
l 8285 8286
l 8286 8287
l 8287 8288
l 8288 8289
l 8289 8290
l 8290 8291
l 8291 8292
l 8292 8293
l 8293 8294
l 8294 8295
l 8295 8296
l 8296 8297
l 8297 8298
l 8298 8299
l 8299 8300
l 8300 8301
l 8301 8302
l 8302 8303
l 8303 8304
l 8304 8305
l 8305 8306
l 8306 8307
l 8307 8308
l 8308 8309
l 8309 8310
l 8310 8311
l 8311 8312
l 8312 8313
l 8313 8314
l 8314 8315
l 8315 8316
l 8316 8317
l 8317 8318
l 8318 8319
l 8319 8320
l 8320 8321
l 8321 8322
l 8322 8323
l 8323 8324
l 8324 8325
l 8325 8326
l 8326 8327
l 8327 8328
l 8328 8329
l 8329 8330
l 8330 8331
l 8331 8332
l 8332 8333
l 8333 8334
l 8334 8335
l 8335 8336
l 8336 8337
l 8337 8338
l 8338 8339
l 8339 8340
l 8340 8341
l 8341 8342
l 8342 8343
l 8343 8344
l 8344 8345
l 8345 8346
l 8346 8347
l 8347 8348
l 8348 8349
l 8349 8350
l 8350 8351
l 8351 8352
l 8352 8353
l 8353 8354
l 8354 8355
l 8355 8356
l 8356 8357
l 8357 8358
l 8358 8359
l 8360 8361
l 8361 8362
l 8362 8363
l 8363 8364
l 8364 8365
l 8365 8366
l 8366 8367
l 8367 8368
l 8368 8369
l 8369 8370
l 8370 8371
l 8371 8372
l 8372 8373
l 8373 8374
l 8374 8375
l 8375 8376
l 8376 8377
l 8377 8378
l 8378 8379
l 8379 8380
l 8380 8381
l 8381 8382
l 8382 8383
l 8383 8384
l 8384 8385
l 8385 8386
l 8386 8387
l 8387 8388
l 8388 8389
l 8389 8390
l 8390 8391
l 8391 8392
l 8392 8393
l 8393 8394
l 8394 8395
l 8395 8396
l 8396 8397
l 8397 8398
l 8398 8399
l 8399 8400
l 8400 8401
l 8401 8402
l 8402 8403
l 8403 8404
l 8404 8405
l 8405 8406
l 8406 8407
l 8407 8408
l 8408 8409
l 8409 8410
l 8410 8411
l 8411 8412
l 8412 8413
l 8413 8414
l 8414 8415
l 8415 8416
l 8416 8417
l 8417 8418
l 8418 8419
l 8419 8420
l 8420 8421
l 8421 8422
l 8422 8423
l 8423 8424
l 8424 8425
l 8425 8426
l 8426 8427
l 8427 8428
l 8428 8429
l 8429 8430
l 8430 8431
l 8431 8432
l 8432 8433
l 8433 8434
l 8434 8435
l 8435 8436
l 8436 8437
l 8437 8438
l 8438 8439
l 8439 8440
l 8440 8441
l 8441 8442
l 8442 8443
l 8443 8444
l 8444 8445
l 8445 8446
l 8446 8447
l 8447 8448
l 8448 8449
l 8449 8450
l 8450 8451
l 8451 8452
l 8452 8453
l 8453 8454
l 8454 8455
l 8455 8456
l 8456 8457
l 8457 8458
l 8458 8459
l 8459 8460
l 8460 8461
l 8461 8462
l 8462 8463
l 8463 8464
l 8464 8465
l 8465 8466
l 8466 8467
l 8467 8468
l 8468 8469
l 8469 8470
l 8470 8471
l 8471 8472
l 8472 8473
l 8473 8474
l 8474 8475
l 8475 8476
l 8476 8477
l 8477 8478
l 8478 8479
l 8479 8480
l 8480 8481
l 8481 8482
l 8482 8483
l 8483 8484
l 8484 8485
l 8485 8486
l 8486 8487
l 8487 8488
l 8488 8489
l 8489 8490
l 8490 8491
l 8491 8492
l 8492 8493
l 8493 8494
l 8494 8495
l 8495 8496
l 8496 8497
l 8497 8498
l 8498 8499
l 8499 8500
l 8500 8501
l 8501 8502
l 8502 8503
l 8503 8504
l 8504 8505
l 8505 8506
l 8506 8507
l 8507 8508
l 8508 8509
l 8509 8510
l 8510 8511
l 8511 8512
l 8512 8513
l 8513 8514
l 8514 8515
l 8515 8516
l 8516 8517
l 8517 8518
l 8519 8520
l 8520 8521
l 8521 8522
l 8522 8523
l 8523 8524
l 8524 8525
l 8525 8526
l 8526 8527
l 8527 8528
l 8528 8529
l 8529 8530
l 8530 8531
l 8531 8532
l 8532 8533
l 8533 8534
l 8534 8535
l 8535 8536
l 8536 8537
l 8537 8538
l 8538 8539
l 8539 8540
l 8540 8541
l 8541 8542
l 8542 8543
l 8543 8544
l 8544 8545
l 8545 8546
l 8546 8547
l 8547 8548
l 8548 8549
l 8549 8550
l 8550 8551
l 8551 8552
l 8552 8553
l 8553 8554
l 8554 8555
l 8555 8556
l 8556 8557
l 8557 8558
l 8558 8559
l 8559 8560
l 8560 8561
l 8561 8562
l 8562 8563
l 8563 8564
l 8564 8565
l 8565 8566
l 8566 8567
l 8567 8568
l 8568 8569
l 8569 8570
l 8570 8571
l 8571 8572
l 8572 8573
l 8573 8574
l 8574 8575
l 8575 8576
l 8576 8577
l 8577 8578
l 8578 8579
l 8579 8580
l 8580 8581
l 8581 8582
l 8582 8583
l 8583 8584
l 8584 8585
l 8585 8586
l 8586 8587
l 8587 8588
l 8588 8589
l 8589 8590
l 8590 8591
l 8591 8592
l 8592 8593
l 8593 8594
l 8594 8595
l 8595 8596
l 8596 8597
l 8597 8598
l 8598 8599
l 8599 8600
l 8600 8601
l 8601 8602
l 8602 8603
l 8603 8604
l 8604 8605
l 8605 8606
l 8606 8607
l 8607 8608
l 8608 8609
l 8609 8610
l 8610 8611
l 8611 8612
l 8612 8613
l 8613 8614
l 8614 8615
l 8615 8616
l 8616 8617
l 8617 8618
l 8618 8619
l 8619 8620
l 8620 8621
l 8621 8622
l 8622 8623
l 8623 8624
l 8624 8625
l 8625 8626
l 8626 8627
l 8627 8628
l 8628 8629
l 8629 8630
l 8630 8631
l 8631 8632
l 8632 8633
l 8633 8634
l 8634 8635
l 8635 8636
l 8636 8637
l 8637 8638
l 8638 8639
l 8639 8640
l 8640 8641
l 8641 8642
l 8642 8643
l 8643 8644
l 8644 8645
l 8645 8646
l 8646 8647
l 8647 8648
l 8648 8649
l 8649 8650
l 8650 8651
l 8651 8652
l 8652 8653
l 8653 8654
l 8654 8655
l 8655 8656
l 8656 8657
l 8657 8658
l 8658 8659
l 8659 8660
l 8660 8661
l 8661 8662
l 8662 8663
l 8663 8664
l 8664 8665
l 8665 8666
l 8666 8667
l 8667 8668
l 8668 8669
l 8669 8670
l 8670 8671
l 8671 8672
l 8672 8673
l 8673 8674
l 8674 8675
l 8675 8676
l 8676 8677
l 8678 8679
l 8679 8680
l 8680 8681
l 8681 8682
l 8682 8683
l 8683 8684
l 8684 8685
l 8685 8686
l 8686 8687
l 8687 8688
l 8688 8689
l 8689 8690
l 8690 8691
l 8691 8692
l 8692 8693
l 8693 8694
l 8694 8695
l 8695 8696
l 8696 8697
l 8697 8698
l 8698 8699
l 8699 8700
l 8700 8701
l 8701 8702
l 8702 8703
l 8703 8704
l 8704 8705
l 8705 8706
l 8706 8707
l 8707 8708
l 8708 8709
l 8709 8710
l 8710 8711
l 8711 8712
l 8712 8713
l 8713 8714
l 8714 8715
l 8715 8716
l 8716 8717
l 8717 8718
l 8718 8719
l 8719 8720
l 8720 8721
l 8721 8722
l 8722 8723
l 8723 8724
l 8724 8725
l 8725 8726
l 8726 8727
l 8727 8728
l 8728 8729
l 8729 8730
l 8730 8731
l 8731 8732
l 8732 8733
l 8733 8734
l 8734 8735
l 8735 8736
l 8736 8737
l 8737 8738
l 8738 8739
l 8739 8740
l 8740 8741
l 8741 8742
l 8742 8743
l 8743 8744
l 8744 8745
l 8745 8746
l 8746 8747
l 8747 8748
l 8748 8749
l 8749 8750
l 8750 8751
l 8751 8752
l 8752 8753
l 8753 8754
l 8754 8755
l 8755 8756
l 8756 8757
l 8757 8758
l 8758 8759
l 8759 8760
l 8760 8761
l 8761 8762
l 8762 8763
l 8763 8764
l 8764 8765
l 8765 8766
l 8766 8767
l 8767 8768
l 8768 8769
l 8769 8770
l 8770 8771
l 8771 8772
l 8772 8773
l 8773 8774
l 8774 8775
l 8775 8776
l 8776 8777
l 8777 8778
l 8778 8779
l 8779 8780
l 8780 8781
l 8781 8782
l 8782 8783
l 8783 8784
l 8784 8785
l 8785 8786
l 8786 8787
l 8787 8788
l 8788 8789
l 8789 8790
l 8790 8791
l 8791 8792
l 8792 8793
l 8793 8794
l 8794 8795
l 8795 8796
l 8796 8797
l 8797 8798
l 8798 8799
l 8799 8800
l 8800 8801
l 8801 8802
l 8802 8803
l 8803 8804
l 8804 8805
l 8805 8806
l 8806 8807
l 8807 8808
l 8808 8809
l 8809 8810
l 8810 8811
l 8811 8812
l 8812 8813
l 8813 8814
l 8814 8815
l 8815 8816
l 8816 8817
l 8817 8818
l 8818 8819
l 8819 8820
l 8820 8821
l 8821 8822
l 8822 8823
l 8823 8824
l 8824 8825
l 8825 8826
l 8826 8827
l 8827 8828
l 8828 8829
l 8829 8830
l 8830 8831
l 8831 8832
l 8832 8833
l 8833 8834
l 8834 8835
l 8835 8836
l 8837 8838
l 8838 8839
l 8839 8840
l 8840 8841
l 8841 8842
l 8842 8843
l 8843 8844
l 8844 8845
l 8845 8846
l 8846 8847
l 8847 8848
l 8848 8849
l 8849 8850
l 8850 8851
l 8851 8852
l 8852 8853
l 8853 8854
l 8854 8855
l 8855 8856
l 8856 8857
l 8857 8858
l 8858 8859
l 8859 8860
l 8860 8861
l 8861 8862
l 8862 8863
l 8863 8864
l 8864 8865
l 8865 8866
l 8866 8867
l 8867 8868
l 8868 8869
l 8869 8870
l 8870 8871
l 8871 8872
l 8872 8873
l 8873 8874
l 8874 8875
l 8875 8876
l 8876 8877
l 8877 8878
l 8878 8879
l 8879 8880
l 8880 8881
l 8881 8882
l 8882 8883
l 8883 8884
l 8884 8885
l 8885 8886
l 8886 8887
l 8887 8888
l 8888 8889
l 8889 8890
l 8890 8891
l 8891 8892
l 8892 8893
l 8893 8894
l 8894 8895
l 8895 8896
l 8896 8897
l 8897 8898
l 8898 8899
l 8899 8900
l 8900 8901
l 8901 8902
l 8902 8903
l 8903 8904
l 8904 8905
l 8905 8906
l 8906 8907
l 8907 8908
l 8908 8909
l 8909 8910
l 8910 8911
l 8911 8912
l 8912 8913
l 8913 8914
l 8914 8915
l 8915 8916
l 8916 8917
l 8917 8918
l 8918 8919
l 8919 8920
l 8920 8921
l 8921 8922
l 8922 8923
l 8923 8924
l 8924 8925
l 8925 8926
l 8926 8927
l 8927 8928
l 8928 8929
l 8929 8930
l 8930 8931
l 8931 8932
l 8932 8933
l 8933 8934
l 8934 8935
l 8935 8936
l 8936 8937
l 8937 8938
l 8938 8939
l 8939 8940
l 8940 8941
l 8941 8942
l 8942 8943
l 8943 8944
l 8944 8945
l 8945 8946
l 8946 8947
l 8947 8948
l 8948 8949
l 8949 8950
l 8950 8951
l 8951 8952
l 8952 8953
l 8953 8954
l 8954 8955
l 8955 8956
l 8956 8957
l 8957 8958
l 8958 8959
l 8959 8960
l 8960 8961
l 8961 8962
l 8962 8963
l 8963 8964
l 8964 8965
l 8965 8966
l 8966 8967
l 8967 8968
l 8968 8969
l 8969 8970
l 8970 8971
l 8971 8972
l 8972 8973
l 8973 8974
l 8974 8975
l 8975 8976
l 8976 8977
l 8977 8978
l 8978 8979
l 8979 8980
l 8980 8981
l 8981 8982
l 8982 8983
l 8983 8984
l 8984 8985
l 8985 8986
l 8986 8987
l 8987 8988
l 8988 8989
l 8989 8990
l 8990 8991
l 8991 8992
l 8992 8993
l 8993 8994
l 8994 8995
l 8996 8997
l 8997 8998
l 8998 8999
l 8999 9000
l 9000 9001
l 9001 9002
l 9002 9003
l 9003 9004
l 9004 9005
l 9005 9006
l 9006 9007
l 9007 9008
l 9008 9009
l 9009 9010
l 9010 9011
l 9011 9012
l 9012 9013
l 9013 9014
l 9014 9015
l 9015 9016
l 9016 9017
l 9017 9018
l 9018 9019
l 9019 9020
l 9020 9021
l 9021 9022
l 9022 9023
l 9023 9024
l 9024 9025
l 9025 9026
l 9026 9027
l 9027 9028
l 9028 9029
l 9029 9030
l 9030 9031
l 9031 9032
l 9032 9033
l 9033 9034
l 9034 9035
l 9035 9036
l 9036 9037
l 9037 9038
l 9038 9039
l 9039 9040
l 9040 9041
l 9041 9042
l 9042 9043
l 9043 9044
l 9044 9045
l 9045 9046
l 9046 9047
l 9047 9048
l 9048 9049
l 9049 9050
l 9050 9051
l 9051 9052
l 9052 9053
l 9053 9054
l 9054 9055
l 9055 9056
l 9056 9057
l 9057 9058
l 9058 9059
l 9059 9060
l 9060 9061
l 9061 9062
l 9062 9063
l 9063 9064
l 9064 9065
l 9065 9066
l 9066 9067
l 9067 9068
l 9068 9069
l 9069 9070
l 9070 9071
l 9071 9072
l 9072 9073
l 9073 9074
l 9074 9075
l 9075 9076
l 9076 9077
l 9077 9078
l 9078 9079
l 9079 9080
l 9080 9081
l 9081 9082
l 9082 9083
l 9083 9084
l 9084 9085
l 9085 9086
l 9086 9087
l 9087 9088
l 9088 9089
l 9089 9090
l 9090 9091
l 9091 9092
l 9092 9093
l 9093 9094
l 9094 9095
l 9095 9096
l 9096 9097
l 9097 9098
l 9098 9099
l 9099 9100
l 9100 9101
l 9101 9102
l 9102 9103
l 9103 9104
l 9104 9105
l 9105 9106
l 9106 9107
l 9107 9108
l 9108 9109
l 9109 9110
l 9110 9111
l 9111 9112
l 9112 9113
l 9113 9114
l 9114 9115
l 9115 9116
l 9116 9117
l 9117 9118
l 9118 9119
l 9119 9120
l 9120 9121
l 9121 9122
l 9122 9123
l 9123 9124
l 9124 9125
l 9125 9126
l 9126 9127
l 9127 9128
l 9128 9129
l 9129 9130
l 9130 9131
l 9131 9132
l 9132 9133
l 9133 9134
l 9134 9135
l 9135 9136
l 9136 9137
l 9137 9138
l 9138 9139
l 9139 9140
l 9140 9141
l 9141 9142
l 9142 9143
l 9143 9144
l 9144 9145
l 9145 9146
l 9146 9147
l 9147 9148
l 9148 9149
l 9149 9150
l 9150 9151
l 9151 9152
l 9152 9153
l 9153 9154
l 9155 9156
l 9156 9157
l 9157 9158
l 9158 9159
l 9159 9160
l 9160 9161
l 9161 9162
l 9162 9163
l 9163 9164
l 9164 9165
l 9165 9166
l 9166 9167
l 9167 9168
l 9168 9169
l 9169 9170
l 9170 9171
l 9171 9172
l 9172 9173
l 9173 9174
l 9174 9175
l 9175 9176
l 9176 9177
l 9177 9178
l 9178 9179
l 9179 9180
l 9180 9181
l 9181 9182
l 9182 9183
l 9183 9184
l 9184 9185
l 9185 9186
l 9186 9187
l 9187 9188
l 9188 9189
l 9189 9190
l 9190 9191
l 9191 9192
l 9192 9193
l 9193 9194
l 9194 9195
l 9195 9196
l 9196 9197
l 9197 9198
l 9198 9199
l 9199 9200
l 9200 9201
l 9201 9202
l 9202 9203
l 9203 9204
l 9204 9205
l 9205 9206
l 9206 9207
l 9207 9208
l 9208 9209
l 9209 9210
l 9210 9211
l 9211 9212
l 9212 9213
l 9213 9214
l 9214 9215
l 9215 9216
l 9216 9217
l 9217 9218
l 9218 9219
l 9219 9220
l 9220 9221
l 9221 9222
l 9222 9223
l 9223 9224
l 9224 9225
l 9225 9226
l 9226 9227
l 9227 9228
l 9228 9229
l 9229 9230
l 9230 9231
l 9231 9232
l 9232 9233
l 9233 9234
l 9234 9235
l 9235 9236
l 9236 9237
l 9237 9238
l 9238 9239
l 9239 9240
l 9240 9241
l 9241 9242
l 9242 9243
l 9243 9244
l 9244 9245
l 9245 9246
l 9246 9247
l 9247 9248
l 9248 9249
l 9249 9250
l 9250 9251
l 9251 9252
l 9252 9253
l 9253 9254
l 9254 9255
l 9255 9256
l 9256 9257
l 9257 9258
l 9258 9259
l 9259 9260
l 9260 9261
l 9261 9262
l 9262 9263
l 9263 9264
l 9264 9265
l 9265 9266
l 9266 9267
l 9267 9268
l 9268 9269
l 9269 9270
l 9270 9271
l 9271 9272
l 9272 9273
l 9273 9274
l 9274 9275
l 9275 9276
l 9276 9277
l 9277 9278
l 9278 9279
l 9279 9280
l 9280 9281
l 9281 9282
l 9282 9283
l 9283 9284
l 9284 9285
l 9285 9286
l 9286 9287
l 9287 9288
l 9288 9289
l 9289 9290
l 9290 9291
l 9291 9292
l 9292 9293
l 9293 9294
l 9294 9295
l 9295 9296
l 9296 9297
l 9297 9298
l 9298 9299
l 9299 9300
l 9300 9301
l 9301 9302
l 9302 9303
l 9303 9304
l 9304 9305
l 9305 9306
l 9306 9307
l 9307 9308
l 9308 9309
l 9309 9310
l 9310 9311
l 9311 9312
l 9312 9313
l 9314 9315
l 9315 9316
l 9316 9317
l 9317 9318
l 9318 9319
l 9319 9320
l 9320 9321
l 9321 9322
l 9322 9323
l 9323 9324
l 9324 9325
l 9325 9326
l 9326 9327
l 9327 9328
l 9328 9329
l 9329 9330
l 9330 9331
l 9331 9332
l 9332 9333
l 9333 9334
l 9334 9335
l 9335 9336
l 9336 9337
l 9337 9338
l 9338 9339
l 9339 9340
l 9340 9341
l 9341 9342
l 9342 9343
l 9343 9344
l 9344 9345
l 9345 9346
l 9346 9347
l 9347 9348
l 9348 9349
l 9349 9350
l 9350 9351
l 9351 9352
l 9352 9353
l 9353 9354
l 9354 9355
l 9355 9356
l 9356 9357
l 9357 9358
l 9358 9359
l 9359 9360
l 9360 9361
l 9361 9362
l 9362 9363
l 9363 9364
l 9364 9365
l 9365 9366
l 9366 9367
l 9367 9368
l 9368 9369
l 9369 9370
l 9370 9371
l 9371 9372
l 9372 9373
l 9373 9374
l 9374 9375
l 9375 9376
l 9376 9377
l 9377 9378
l 9378 9379
l 9379 9380
l 9380 9381
l 9381 9382
l 9382 9383
l 9383 9384
l 9384 9385
l 9385 9386
l 9386 9387
l 9387 9388
l 9388 9389
l 9389 9390
l 9390 9391
l 9391 9392
l 9392 9393
l 9393 9394
l 9394 9395
l 9395 9396
l 9396 9397
l 9397 9398
l 9398 9399
l 9399 9400
l 9400 9401
l 9401 9402
l 9402 9403
l 9403 9404
l 9404 9405
l 9405 9406
l 9406 9407
l 9407 9408
l 9408 9409
l 9409 9410
l 9410 9411
l 9411 9412
l 9412 9413
l 9413 9414
l 9414 9415
l 9415 9416
l 9416 9417
l 9417 9418
l 9418 9419
l 9419 9420
l 9420 9421
l 9421 9422
l 9422 9423
l 9423 9424
l 9424 9425
l 9425 9426
l 9426 9427
l 9427 9428
l 9428 9429
l 9429 9430
l 9430 9431
l 9431 9432
l 9432 9433
l 9433 9434
l 9434 9435
l 9435 9436
l 9436 9437
l 9437 9438
l 9438 9439
l 9439 9440
l 9440 9441
l 9441 9442
l 9442 9443
l 9443 9444
l 9444 9445
l 9445 9446
l 9446 9447
l 9447 9448
l 9448 9449
l 9449 9450
l 9450 9451
l 9451 9452
l 9452 9453
l 9453 9454
l 9454 9455
l 9455 9456
l 9456 9457
l 9457 9458
l 9458 9459
l 9459 9460
l 9460 9461
l 9461 9462
l 9462 9463
l 9463 9464
l 9464 9465
l 9465 9466
l 9466 9467
l 9467 9468
l 9468 9469
l 9469 9470
l 9470 9471
l 9471 9472
l 9473 9474
l 9474 9475
l 9475 9476
l 9476 9477
l 9477 9478
l 9478 9479
l 9479 9480
l 9480 9481
l 9481 9482
l 9482 9483
l 9483 9484
l 9484 9485
l 9485 9486
l 9486 9487
l 9487 9488
l 9488 9489
l 9489 9490
l 9490 9491
l 9491 9492
l 9492 9493
l 9493 9494
l 9494 9495
l 9495 9496
l 9496 9497
l 9497 9498
l 9498 9499
l 9499 9500
l 9500 9501
l 9501 9502
l 9502 9503
l 9503 9504
l 9504 9505
l 9505 9506
l 9506 9507
l 9507 9508
l 9508 9509
l 9509 9510
l 9510 9511
l 9511 9512
l 9512 9513
l 9513 9514
l 9514 9515
l 9515 9516
l 9516 9517
l 9517 9518
l 9518 9519
l 9519 9520
l 9520 9521
l 9521 9522
l 9522 9523
l 9523 9524
l 9524 9525
l 9525 9526
l 9526 9527
l 9527 9528
l 9528 9529
l 9529 9530
l 9530 9531
l 9531 9532
l 9532 9533
l 9533 9534
l 9534 9535
l 9535 9536
l 9536 9537
l 9537 9538
l 9538 9539
l 9539 9540
l 9540 9541
l 9541 9542
l 9542 9543
l 9543 9544
l 9544 9545
l 9545 9546
l 9546 9547
l 9547 9548
l 9548 9549
l 9549 9550
l 9550 9551
l 9551 9552
l 9552 9553
l 9553 9554
l 9554 9555
l 9555 9556
l 9556 9557
l 9557 9558
l 9558 9559
l 9559 9560
l 9560 9561
l 9561 9562
l 9562 9563
l 9563 9564
l 9564 9565
l 9565 9566
l 9566 9567
l 9567 9568
l 9568 9569
l 9569 9570
l 9570 9571
l 9571 9572
l 9572 9573
l 9573 9574
l 9574 9575
l 9575 9576
l 9576 9577
l 9577 9578
l 9578 9579
l 9579 9580
l 9580 9581
l 9581 9582
l 9582 9583
l 9583 9584
l 9584 9585
l 9585 9586
l 9586 9587
l 9587 9588
l 9588 9589
l 9589 9590
l 9590 9591
l 9591 9592
l 9592 9593
l 9593 9594
l 9594 9595
l 9595 9596
l 9596 9597
l 9597 9598
l 9598 9599
l 9599 9600
l 9600 9601
l 9601 9602
l 9602 9603
l 9603 9604
l 9604 9605
l 9605 9606
l 9606 9607
l 9607 9608
l 9608 9609
l 9609 9610
l 9610 9611
l 9611 9612
l 9612 9613
l 9613 9614
l 9614 9615
l 9615 9616
l 9616 9617
l 9617 9618
l 9618 9619
l 9619 9620
l 9620 9621
l 9621 9622
l 9622 9623
l 9623 9624
l 9624 9625
l 9625 9626
l 9626 9627
l 9627 9628
l 9628 9629
l 9629 9630
l 9630 9631
l 9632 9633
l 9633 9634
l 9634 9635
l 9635 9636
l 9636 9637
l 9637 9638
l 9638 9639
l 9639 9640
l 9640 9641
l 9641 9642
l 9642 9643
l 9643 9644
l 9644 9645
l 9645 9646
l 9646 9647
l 9647 9648
l 9648 9649
l 9649 9650
l 9650 9651
l 9651 9652
l 9652 9653
l 9653 9654
l 9654 9655
l 9655 9656
l 9656 9657
l 9657 9658
l 9658 9659
l 9659 9660
l 9660 9661
l 9661 9662
l 9662 9663
l 9663 9664
l 9664 9665
l 9665 9666
l 9666 9667
l 9667 9668
l 9668 9669
l 9669 9670
l 9670 9671
l 9671 9672
l 9672 9673
l 9673 9674
l 9674 9675
l 9675 9676
l 9676 9677
l 9677 9678
l 9678 9679
l 9679 9680
l 9680 9681
l 9681 9682
l 9682 9683
l 9683 9684
l 9684 9685
l 9685 9686
l 9686 9687
l 9687 9688
l 9688 9689
l 9689 9690
l 9690 9691
l 9691 9692
l 9692 9693
l 9693 9694
l 9694 9695
l 9695 9696
l 9696 9697
l 9697 9698
l 9698 9699
l 9699 9700
l 9700 9701
l 9701 9702
l 9702 9703
l 9703 9704
l 9704 9705
l 9705 9706
l 9706 9707
l 9707 9708
l 9708 9709
l 9709 9710
l 9710 9711
l 9711 9712
l 9712 9713
l 9713 9714
l 9714 9715
l 9715 9716
l 9716 9717
l 9717 9718
l 9718 9719
l 9719 9720
l 9720 9721
l 9721 9722
l 9722 9723
l 9723 9724
l 9724 9725
l 9725 9726
l 9726 9727
l 9727 9728
l 9728 9729
l 9729 9730
l 9730 9731
l 9731 9732
l 9732 9733
l 9733 9734
l 9734 9735
l 9735 9736
l 9736 9737
l 9737 9738
l 9738 9739
l 9739 9740
l 9740 9741
l 9741 9742
l 9742 9743
l 9743 9744
l 9744 9745
l 9745 9746
l 9746 9747
l 9747 9748
l 9748 9749
l 9749 9750
l 9750 9751
l 9751 9752
l 9752 9753
l 9753 9754
l 9754 9755
l 9755 9756
l 9756 9757
l 9757 9758
l 9758 9759
l 9759 9760
l 9760 9761
l 9761 9762
l 9762 9763
l 9763 9764
l 9764 9765
l 9765 9766
l 9766 9767
l 9767 9768
l 9768 9769
l 9769 9770
l 9770 9771
l 9771 9772
l 9772 9773
l 9773 9774
l 9774 9775
l 9775 9776
l 9776 9777
l 9777 9778
l 9778 9779
l 9779 9780
l 9780 9781
l 9781 9782
l 9782 9783
l 9783 9784
l 9784 9785
l 9785 9786
l 9786 9787
l 9787 9788
l 9788 9789
l 9789 9790
l 9790 9791
l 9791 9792
l 9793 9794
l 9794 9795
l 9795 9796
l 9796 9797
l 9797 9798
l 9798 9799
l 9799 9800
l 9800 9801
l 9801 9802
l 9802 9803
l 9803 9804
l 9804 9805
l 9805 9806
l 9806 9807
l 9807 9808
l 9808 9809
l 9809 9810
l 9810 9811
l 9811 9812
l 9812 9813
l 9813 9814
l 9814 9815
l 9815 9816
l 9816 9817
l 9817 9818
l 9818 9819
l 9819 9820
l 9820 9821
l 9821 9822
l 9822 9823
l 9823 9824
l 9824 9825
l 9825 9826
l 9826 9827
l 9827 9828
l 9828 9829
l 9829 9830
l 9830 9831
l 9831 9832
l 9832 9833
l 9833 9834
l 9834 9835
l 9835 9836
l 9836 9837
l 9837 9838
l 9838 9839
l 9839 9840
l 9840 9841
l 9841 9842
l 9842 9843
l 9843 9844
l 9844 9845
l 9845 9846
l 9846 9847
l 9847 9848
l 9848 9849
l 9849 9850
l 9850 9851
l 9851 9852
l 9852 9853
l 9853 9854
l 9854 9855
l 9855 9856
l 9856 9857
l 9857 9858
l 9858 9859
l 9859 9860
l 9860 9861
l 9861 9862
l 9862 9863
l 9863 9864
l 9864 9865
l 9865 9866
l 9866 9867
l 9867 9868
l 9868 9869
l 9869 9870
l 9870 9871
l 9871 9872
l 9872 9873
l 9873 9874
l 9874 9875
l 9875 9876
l 9876 9877
l 9877 9878
l 9878 9879
l 9879 9880
l 9880 9881
l 9881 9882
l 9882 9883
l 9883 9884
l 9884 9885
l 9885 9886
l 9886 9887
l 9887 9888
l 9888 9889
l 9889 9890
l 9890 9891
l 9891 9892
l 9892 9893
l 9893 9894
l 9894 9895
l 9895 9896
l 9896 9897
l 9897 9898
l 9898 9899
l 9899 9900
l 9900 9901
l 9901 9902
l 9902 9903
l 9903 9904
l 9904 9905
l 9905 9906
l 9906 9907
l 9907 9908
l 9908 9909
l 9909 9910
l 9910 9911
l 9911 9912
l 9912 9913
l 9913 9914
l 9914 9915
l 9915 9916
l 9916 9917
l 9917 9918
l 9918 9919
l 9919 9920
l 9920 9921
l 9921 9922
l 9922 9923
l 9923 9924
l 9924 9925
l 9925 9926
l 9926 9927
l 9927 9928
l 9928 9929
l 9929 9930
l 9930 9931
l 9931 9932
l 9932 9933
l 9933 9934
l 9934 9935
l 9935 9936
l 9936 9937
l 9937 9938
l 9938 9939
l 9939 9940
l 9940 9941
l 9941 9942
l 9942 9943
l 9943 9944
l 9944 9945
l 9945 9946
l 9946 9947
l 9947 9948
l 9948 9949
l 9949 9950
l 9950 9951
l 9951 9952
l 9952 9953
l 9954 9955
l 9955 9956
l 9956 9957
l 9957 9958
l 9958 9959
l 9959 9960
l 9960 9961
l 9961 9962
l 9962 9963
l 9963 9964
l 9964 9965
l 9965 9966
l 9966 9967
l 9967 9968
l 9968 9969
l 9969 9970
l 9970 9971
l 9971 9972
l 9972 9973
l 9973 9974
l 9974 9975
l 9975 9976
l 9976 9977
l 9977 9978
l 9978 9979
l 9979 9980
l 9980 9981
l 9981 9982
l 9982 9983
l 9983 9984
l 9984 9985
l 9985 9986
l 9986 9987
l 9987 9988
l 9988 9989
l 9989 9990
l 9990 9991
l 9991 9992
l 9992 9993
l 9993 9994
l 9994 9995
l 9995 9996
l 9996 9997
l 9997 9998
l 9998 9999
l 9999 10000
l 10000 10001
l 10001 10002
l 10002 10003
l 10003 10004
l 10004 10005
l 10005 10006
l 10006 10007
l 10007 10008
l 10008 10009
l 10009 10010
l 10010 10011
l 10011 10012
l 10012 10013
l 10013 10014
l 10014 10015
l 10015 10016
l 10016 10017
l 10017 10018
l 10018 10019
l 10019 10020
l 10020 10021
l 10021 10022
l 10022 10023
l 10023 10024
l 10024 10025
l 10025 10026
l 10026 10027
l 10027 10028
l 10028 10029
l 10029 10030
l 10030 10031
l 10031 10032
l 10032 10033
l 10033 10034
l 10034 10035
l 10035 10036
l 10036 10037
l 10037 10038
l 10038 10039
l 10039 10040
l 10040 10041
l 10041 10042
l 10042 10043
l 10043 10044
l 10044 10045
l 10045 10046
l 10046 10047
l 10047 10048
l 10048 10049
l 10049 10050
l 10050 10051
l 10051 10052
l 10052 10053
l 10053 10054
l 10054 10055
l 10055 10056
l 10056 10057
l 10057 10058
l 10058 10059
l 10059 10060
l 10060 10061
l 10061 10062
l 10062 10063
l 10063 10064
l 10064 10065
l 10065 10066
l 10066 10067
l 10067 10068
l 10068 10069
l 10069 10070
l 10070 10071
l 10071 10072
l 10072 10073
l 10073 10074
l 10074 10075
l 10075 10076
l 10076 10077
l 10077 10078
l 10078 10079
l 10079 10080
l 10080 10081
l 10081 10082
l 10082 10083
l 10083 10084
l 10084 10085
l 10085 10086
l 10086 10087
l 10087 10088
l 10088 10089
l 10089 10090
l 10090 10091
l 10091 10092
l 10092 10093
l 10093 10094
l 10094 10095
l 10095 10096
l 10096 10097
l 10097 10098
l 10098 10099
l 10099 10100
l 10100 10101
l 10101 10102
l 10102 10103
l 10103 10104
l 10104 10105
l 10105 10106
l 10106 10107
l 10107 10108
l 10108 10109
l 10109 10110
l 10110 10111
l 10111 10112
l 10112 10113
l 10113 10114
l 10115 10116
l 10116 10117
l 10117 10118
l 10118 10119
l 10119 10120
l 10120 10121
l 10121 10122
l 10122 10123
l 10123 10124
l 10124 10125
l 10125 10126
l 10126 10127
l 10127 10128
l 10128 10129
l 10129 10130
l 10130 10131
l 10131 10132
l 10132 10133
l 10133 10134
l 10134 10135
l 10135 10136
l 10136 10137
l 10137 10138
l 10138 10139
l 10139 10140
l 10140 10141
l 10141 10142
l 10142 10143
l 10143 10144
l 10144 10145
l 10145 10146
l 10146 10147
l 10147 10148
l 10148 10149
l 10149 10150
l 10150 10151
l 10151 10152
l 10152 10153
l 10153 10154
l 10154 10155
l 10155 10156
l 10156 10157
l 10157 10158
l 10158 10159
l 10159 10160
l 10160 10161
l 10161 10162
l 10162 10163
l 10163 10164
l 10164 10165
l 10165 10166
l 10166 10167
l 10167 10168
l 10168 10169
l 10169 10170
l 10170 10171
l 10171 10172
l 10172 10173
l 10173 10174
l 10174 10175
l 10175 10176
l 10176 10177
l 10177 10178
l 10178 10179
l 10179 10180
l 10180 10181
l 10181 10182
l 10182 10183
l 10183 10184
l 10184 10185
l 10185 10186
l 10186 10187
l 10187 10188
l 10188 10189
l 10189 10190
l 10190 10191
l 10191 10192
l 10192 10193
l 10193 10194
l 10194 10195
l 10195 10196
l 10196 10197
l 10197 10198
l 10198 10199
l 10199 10200
l 10200 10201
l 10201 10202
l 10202 10203
l 10203 10204
l 10204 10205
l 10205 10206
l 10206 10207
l 10207 10208
l 10208 10209
l 10209 10210
l 10210 10211
l 10211 10212
l 10212 10213
l 10213 10214
l 10214 10215
l 10215 10216
l 10216 10217
l 10217 10218
l 10218 10219
l 10219 10220
l 10220 10221
l 10221 10222
l 10222 10223
l 10223 10224
l 10224 10225
l 10225 10226
l 10226 10227
l 10227 10228
l 10228 10229
l 10229 10230
l 10230 10231
l 10231 10232
l 10232 10233
l 10233 10234
l 10234 10235
l 10235 10236
l 10236 10237
l 10237 10238
l 10238 10239
l 10239 10240
l 10240 10241
l 10241 10242
l 10242 10243
l 10243 10244
l 10244 10245
l 10245 10246
l 10246 10247
l 10247 10248
l 10248 10249
l 10249 10250
l 10250 10251
l 10251 10252
l 10252 10253
l 10253 10254
l 10254 10255
l 10255 10256
l 10256 10257
l 10257 10258
l 10258 10259
l 10259 10260
l 10260 10261
l 10261 10262
l 10262 10263
l 10263 10264
l 10264 10265
l 10265 10266
l 10266 10267
l 10267 10268
l 10268 10269
l 10269 10270
l 10270 10271
l 10271 10272
l 10272 10273
l 10273 10274
l 10274 10275
l 10276 10277
l 10277 10278
l 10278 10279
l 10279 10280
l 10280 10281
l 10281 10282
l 10282 10283
l 10283 10284
l 10284 10285
l 10285 10286
l 10286 10287
l 10287 10288
l 10288 10289
l 10289 10290
l 10290 10291
l 10291 10292
l 10292 10293
l 10293 10294
l 10294 10295
l 10295 10296
l 10296 10297
l 10297 10298
l 10298 10299
l 10299 10300
l 10300 10301
l 10301 10302
l 10302 10303
l 10303 10304
l 10304 10305
l 10305 10306
l 10306 10307
l 10307 10308
l 10308 10309
l 10309 10310
l 10310 10311
l 10311 10312
l 10312 10313
l 10313 10314
l 10314 10315
l 10315 10316
l 10316 10317
l 10317 10318
l 10318 10319
l 10319 10320
l 10320 10321
l 10321 10322
l 10322 10323
l 10323 10324
l 10324 10325
l 10325 10326
l 10326 10327
l 10327 10328
l 10328 10329
l 10329 10330
l 10330 10331
l 10331 10332
l 10332 10333
l 10333 10334
l 10334 10335
l 10335 10336
l 10336 10337
l 10337 10338
l 10338 10339
l 10339 10340
l 10340 10341
l 10341 10342
l 10342 10343
l 10343 10344
l 10344 10345
l 10345 10346
l 10346 10347
l 10347 10348
l 10348 10349
l 10349 10350
l 10350 10351
l 10351 10352
l 10352 10353
l 10353 10354
l 10354 10355
l 10355 10356
l 10356 10357
l 10357 10358
l 10358 10359
l 10359 10360
l 10360 10361
l 10361 10362
l 10362 10363
l 10363 10364
l 10364 10365
l 10365 10366
l 10366 10367
l 10367 10368
l 10368 10369
l 10369 10370
l 10370 10371
l 10371 10372
l 10372 10373
l 10373 10374
l 10374 10375
l 10375 10376
l 10376 10377
l 10377 10378
l 10378 10379
l 10379 10380
l 10380 10381
l 10381 10382
l 10382 10383
l 10383 10384
l 10384 10385
l 10385 10386
l 10386 10387
l 10387 10388
l 10388 10389
l 10389 10390
l 10390 10391
l 10391 10392
l 10392 10393
l 10393 10394
l 10394 10395
l 10395 10396
l 10396 10397
l 10397 10398
l 10398 10399
l 10399 10400
l 10400 10401
l 10401 10402
l 10402 10403
l 10403 10404
l 10404 10405
l 10405 10406
l 10406 10407
l 10407 10408
l 10408 10409
l 10409 10410
l 10410 10411
l 10411 10412
l 10412 10413
l 10413 10414
l 10414 10415
l 10415 10416
l 10416 10417
l 10417 10418
l 10418 10419
l 10419 10420
l 10420 10421
l 10421 10422
l 10422 10423
l 10423 10424
l 10424 10425
l 10425 10426
l 10426 10427
l 10427 10428
l 10428 10429
l 10429 10430
l 10430 10431
l 10431 10432
l 10432 10433
l 10433 10434
l 10434 10435
l 10435 10436
l 10437 10438
l 10438 10439
l 10439 10440
l 10440 10441
l 10441 10442
l 10442 10443
l 10443 10444
l 10444 10445
l 10445 10446
l 10446 10447
l 10447 10448
l 10448 10449
l 10449 10450
l 10450 10451
l 10451 10452
l 10452 10453
l 10453 10454
l 10454 10455
l 10455 10456
l 10456 10457
l 10457 10458
l 10458 10459
l 10459 10460
l 10460 10461
l 10461 10462
l 10462 10463
l 10463 10464
l 10464 10465
l 10465 10466
l 10466 10467
l 10467 10468
l 10468 10469
l 10469 10470
l 10470 10471
l 10471 10472
l 10472 10473
l 10473 10474
l 10474 10475
l 10475 10476
l 10476 10477
l 10477 10478
l 10478 10479
l 10479 10480
l 10480 10481
l 10481 10482
l 10482 10483
l 10483 10484
l 10484 10485
l 10485 10486
l 10486 10487
l 10487 10488
l 10488 10489
l 10489 10490
l 10490 10491
l 10491 10492
l 10492 10493
l 10493 10494
l 10494 10495
l 10495 10496
l 10496 10497
l 10497 10498
l 10498 10499
l 10499 10500
l 10500 10501
l 10501 10502
l 10502 10503
l 10503 10504
l 10504 10505
l 10505 10506
l 10506 10507
l 10507 10508
l 10508 10509
l 10509 10510
l 10510 10511
l 10511 10512
l 10512 10513
l 10513 10514
l 10514 10515
l 10515 10516
l 10516 10517
l 10517 10518
l 10518 10519
l 10519 10520
l 10520 10521
l 10521 10522
l 10522 10523
l 10523 10524
l 10524 10525
l 10525 10526
l 10526 10527
l 10527 10528
l 10528 10529
l 10529 10530
l 10530 10531
l 10531 10532
l 10532 10533
l 10533 10534
l 10534 10535
l 10535 10536
l 10536 10537
l 10537 10538
l 10538 10539
l 10539 10540
l 10540 10541
l 10541 10542
l 10542 10543
l 10543 10544
l 10544 10545
l 10545 10546
l 10546 10547
l 10547 10548
l 10548 10549
l 10549 10550
l 10550 10551
l 10551 10552
l 10552 10553
l 10553 10554
l 10554 10555
l 10555 10556
l 10556 10557
l 10557 10558
l 10558 10559
l 10559 10560
l 10560 10561
l 10561 10562
l 10562 10563
l 10563 10564
l 10564 10565
l 10565 10566
l 10566 10567
l 10567 10568
l 10568 10569
l 10569 10570
l 10570 10571
l 10571 10572
l 10572 10573
l 10573 10574
l 10574 10575
l 10575 10576
l 10576 10577
l 10577 10578
l 10578 10579
l 10579 10580
l 10580 10581
l 10581 10582
l 10582 10583
l 10583 10584
l 10584 10585
l 10585 10586
l 10586 10587
l 10587 10588
l 10588 10589
l 10589 10590
l 10590 10591
l 10591 10592
l 10592 10593
l 10593 10594
l 10594 10595
l 10595 10596
l 10596 10597
l 10598 10599
l 10599 10600
l 10600 10601
l 10601 10602
l 10602 10603
l 10603 10604
l 10604 10605
l 10605 10606
l 10606 10607
l 10607 10608
l 10608 10609
l 10609 10610
l 10610 10611
l 10611 10612
l 10612 10613
l 10613 10614
l 10614 10615
l 10615 10616
l 10616 10617
l 10617 10618
l 10618 10619
l 10619 10620
l 10620 10621
l 10621 10622
l 10622 10623
l 10623 10624
l 10624 10625
l 10625 10626
l 10626 10627
l 10627 10628
l 10628 10629
l 10629 10630
l 10630 10631
l 10631 10632
l 10632 10633
l 10633 10634
l 10634 10635
l 10635 10636
l 10636 10637
l 10637 10638
l 10638 10639
l 10639 10640
l 10640 10641
l 10641 10642
l 10642 10643
l 10643 10644
l 10644 10645
l 10645 10646
l 10646 10647
l 10647 10648
l 10648 10649
l 10649 10650
l 10650 10651
l 10651 10652
l 10652 10653
l 10653 10654
l 10654 10655
l 10655 10656
l 10656 10657
l 10657 10658
l 10658 10659
l 10659 10660
l 10660 10661
l 10661 10662
l 10662 10663
l 10663 10664
l 10664 10665
l 10665 10666
l 10666 10667
l 10667 10668
l 10668 10669
l 10669 10670
l 10670 10671
l 10671 10672
l 10672 10673
l 10673 10674
l 10674 10675
l 10675 10676
l 10676 10677
l 10677 10678
l 10678 10679
l 10679 10680
l 10680 10681
l 10681 10682
l 10682 10683
l 10683 10684
l 10684 10685
l 10685 10686
l 10686 10687
l 10687 10688
l 10688 10689
l 10689 10690
l 10690 10691
l 10691 10692
l 10692 10693
l 10693 10694
l 10694 10695
l 10695 10696
l 10696 10697
l 10697 10698
l 10698 10699
l 10699 10700
l 10700 10701
l 10701 10702
l 10702 10703
l 10703 10704
l 10704 10705
l 10705 10706
l 10706 10707
l 10707 10708
l 10708 10709
l 10709 10710
l 10710 10711
l 10711 10712
l 10712 10713
l 10713 10714
l 10714 10715
l 10715 10716
l 10716 10717
l 10717 10718
l 10718 10719
l 10719 10720
l 10720 10721
l 10721 10722
l 10722 10723
l 10723 10724
l 10724 10725
l 10725 10726
l 10726 10727
l 10727 10728
l 10728 10729
l 10729 10730
l 10730 10731
l 10731 10732
l 10732 10733
l 10733 10734
l 10734 10735
l 10735 10736
l 10736 10737
l 10737 10738
l 10738 10739
l 10739 10740
l 10740 10741
l 10741 10742
l 10742 10743
l 10743 10744
l 10744 10745
l 10745 10746
l 10746 10747
l 10747 10748
l 10748 10749
l 10749 10750
l 10750 10751
l 10751 10752
l 10752 10753
l 10753 10754
l 10754 10755
l 10755 10756
l 10756 10757
l 10757 10758
l 10759 10760
l 10760 10761
l 10761 10762
l 10762 10763
l 10763 10764
l 10764 10765
l 10765 10766
l 10766 10767
l 10767 10768
l 10768 10769
l 10769 10770
l 10770 10771
l 10771 10772
l 10772 10773
l 10773 10774
l 10774 10775
l 10775 10776
l 10776 10777
l 10777 10778
l 10778 10779
l 10779 10780
l 10780 10781
l 10781 10782
l 10782 10783
l 10783 10784
l 10784 10785
l 10785 10786
l 10786 10787
l 10787 10788
l 10788 10789
l 10789 10790
l 10790 10791
l 10791 10792
l 10792 10793
l 10793 10794
l 10794 10795
l 10795 10796
l 10796 10797
l 10797 10798
l 10798 10799
l 10799 10800
l 10800 10801
l 10801 10802
l 10802 10803
l 10803 10804
l 10804 10805
l 10805 10806
l 10806 10807
l 10807 10808
l 10808 10809
l 10809 10810
l 10810 10811
l 10811 10812
l 10812 10813
l 10813 10814
l 10814 10815
l 10815 10816
l 10816 10817
l 10817 10818
l 10818 10819
l 10819 10820
l 10820 10821
l 10821 10822
l 10822 10823
l 10823 10824
l 10824 10825
l 10825 10826
l 10826 10827
l 10827 10828
l 10828 10829
l 10829 10830
l 10830 10831
l 10831 10832
l 10832 10833
l 10833 10834
l 10834 10835
l 10835 10836
l 10836 10837
l 10837 10838
l 10838 10839
l 10839 10840
l 10840 10841
l 10841 10842
l 10842 10843
l 10843 10844
l 10844 10845
l 10845 10846
l 10846 10847
l 10847 10848
l 10848 10849
l 10849 10850
l 10850 10851
l 10851 10852
l 10852 10853
l 10853 10854
l 10854 10855
l 10855 10856
l 10856 10857
l 10857 10858
l 10858 10859
l 10859 10860
l 10860 10861
l 10861 10862
l 10862 10863
l 10863 10864
l 10864 10865
l 10865 10866
l 10866 10867
l 10867 10868
l 10868 10869
l 10869 10870
l 10870 10871
l 10871 10872
l 10872 10873
l 10873 10874
l 10874 10875
l 10875 10876
l 10876 10877
l 10877 10878
l 10878 10879
l 10879 10880
l 10880 10881
l 10881 10882
l 10882 10883
l 10883 10884
l 10884 10885
l 10885 10886
l 10886 10887
l 10887 10888
l 10888 10889
l 10889 10890
l 10890 10891
l 10891 10892
l 10892 10893
l 10893 10894
l 10894 10895
l 10895 10896
l 10896 10897
l 10897 10898
l 10898 10899
l 10899 10900
l 10900 10901
l 10901 10902
l 10902 10903
l 10903 10904
l 10904 10905
l 10905 10906
l 10906 10907
l 10907 10908
l 10908 10909
l 10909 10910
l 10910 10911
l 10911 10912
l 10912 10913
l 10913 10914
l 10914 10915
l 10915 10916
l 10916 10917
l 10917 10918
l 10918 10919
l 10920 10921
l 10921 10922
l 10922 10923
l 10923 10924
l 10924 10925
l 10925 10926
l 10926 10927
l 10927 10928
l 10928 10929
l 10929 10930
l 10930 10931
l 10931 10932
l 10932 10933
l 10933 10934
l 10934 10935
l 10935 10936
l 10936 10937
l 10937 10938
l 10938 10939
l 10939 10940
l 10940 10941
l 10941 10942
l 10942 10943
l 10943 10944
l 10944 10945
l 10945 10946
l 10946 10947
l 10947 10948
l 10948 10949
l 10949 10950
l 10950 10951
l 10951 10952
l 10952 10953
l 10953 10954
l 10954 10955
l 10955 10956
l 10956 10957
l 10957 10958
l 10958 10959
l 10959 10960
l 10960 10961
l 10961 10962
l 10962 10963
l 10963 10964
l 10964 10965
l 10965 10966
l 10966 10967
l 10967 10968
l 10968 10969
l 10969 10970
l 10970 10971
l 10971 10972
l 10972 10973
l 10973 10974
l 10974 10975
l 10975 10976
l 10976 10977
l 10977 10978
l 10978 10979
l 10979 10980
l 10980 10981
l 10981 10982
l 10982 10983
l 10983 10984
l 10984 10985
l 10985 10986
l 10986 10987
l 10987 10988
l 10988 10989
l 10989 10990
l 10990 10991
l 10991 10992
l 10992 10993
l 10993 10994
l 10994 10995
l 10995 10996
l 10996 10997
l 10997 10998
l 10998 10999
l 10999 11000
l 11000 11001
l 11001 11002
l 11002 11003
l 11003 11004
l 11004 11005
l 11005 11006
l 11006 11007
l 11007 11008
l 11008 11009
l 11009 11010
l 11010 11011
l 11011 11012
l 11012 11013
l 11013 11014
l 11014 11015
l 11015 11016
l 11016 11017
l 11017 11018
l 11018 11019
l 11019 11020
l 11020 11021
l 11021 11022
l 11022 11023
l 11023 11024
l 11024 11025
l 11025 11026
l 11026 11027
l 11027 11028
l 11028 11029
l 11029 11030
l 11030 11031
l 11031 11032
l 11032 11033
l 11033 11034
l 11034 11035
l 11035 11036
l 11036 11037
l 11037 11038
l 11038 11039
l 11039 11040
l 11040 11041
l 11041 11042
l 11042 11043
l 11043 11044
l 11044 11045
l 11045 11046
l 11046 11047
l 11047 11048
l 11048 11049
l 11049 11050
l 11050 11051
l 11051 11052
l 11052 11053
l 11053 11054
l 11054 11055
l 11055 11056
l 11056 11057
l 11057 11058
l 11058 11059
l 11059 11060
l 11060 11061
l 11061 11062
l 11062 11063
l 11063 11064
l 11064 11065
l 11065 11066
l 11066 11067
l 11067 11068
l 11068 11069
l 11069 11070
l 11071 11072
l 11072 11073
l 11073 11074
l 11074 11075
l 11075 11076
l 11076 11077
l 11077 11078
l 11078 11079
l 11079 11080
l 11080 11081
l 11081 11082
l 11082 11083
l 11083 11084
l 11084 11085
l 11085 11086
l 11086 11087
l 11087 11088
l 11088 11089
l 11089 11090
l 11090 11091
l 11091 11092
l 11092 11093
l 11093 11094
l 11094 11095
l 11095 11096
l 11096 11097
l 11097 11098
l 11098 11099
l 11099 11100
l 11100 11101
l 11101 11102
l 11102 11103
l 11103 11104
l 11104 11105
l 11105 11106
l 11106 11107
l 11107 11108
l 11108 11109
l 11109 11110
l 11110 11111
l 11111 11112
l 11112 11113
l 11113 11114
l 11114 11115
l 11115 11116
l 11116 11117
l 11117 11118
l 11118 11119
l 11119 11120
l 11120 11121
l 11121 11122
l 11122 11123
l 11123 11124
l 11124 11125
l 11125 11126
l 11126 11127
l 11127 11128
l 11128 11129
l 11129 11130
l 11130 11131
l 11131 11132
l 11132 11133
l 11133 11134
l 11134 11135
l 11135 11136
l 11136 11137
l 11137 11138
l 11138 11139
l 11139 11140
l 11140 11141
l 11141 11142
l 11142 11143
l 11143 11144
l 11144 11145
l 11145 11146
l 11146 11147
l 11147 11148
l 11148 11149
l 11149 11150
l 11150 11151
l 11151 11152
l 11152 11153
l 11153 11154
l 11154 11155
l 11155 11156
l 11156 11157
l 11157 11158
l 11158 11159
l 11159 11160
l 11160 11161
l 11161 11162
l 11162 11163
l 11163 11164
l 11164 11165
l 11165 11166
l 11166 11167
l 11167 11168
l 11168 11169
l 11169 11170
l 11170 11171
l 11171 11172
l 11172 11173
l 11173 11174
l 11174 11175
l 11175 11176
l 11176 11177
l 11177 11178
l 11178 11179
l 11179 11180
l 11180 11181
l 11181 11182
l 11182 11183
l 11183 11184
l 11184 11185
l 11185 11186
l 11186 11187
l 11187 11188
l 11188 11189
l 11189 11190
l 11190 11191
l 11191 11192
l 11192 11193
l 11193 11194
l 11194 11195
l 11195 11196
l 11196 11197
l 11197 11198
l 11198 11199
l 11199 11200
l 11200 11201
l 11201 11202
l 11202 11203
l 11203 11204
l 11204 11205
l 11205 11206
l 11206 11207
l 11207 11208
l 11208 11209
l 11209 11210
l 11210 11211
l 11211 11212
l 11212 11213
l 11213 11214
l 11214 11215
l 11216 11217
l 11217 11218
l 11218 11219
l 11219 11220
l 11220 11221
l 11221 11222
l 11222 11223
l 11223 11224
l 11224 11225
l 11225 11226
l 11226 11227
l 11227 11228
l 11228 11229
l 11229 11230
l 11230 11231
l 11231 11232
l 11232 11233
l 11233 11234
l 11234 11235
l 11235 11236
l 11236 11237
l 11237 11238
l 11238 11239
l 11239 11240
l 11240 11241
l 11241 11242
l 11242 11243
l 11243 11244
l 11244 11245
l 11245 11246
l 11246 11247
l 11247 11248
l 11248 11249
l 11249 11250
l 11250 11251
l 11251 11252
l 11252 11253
l 11253 11254
l 11254 11255
l 11255 11256
l 11256 11257
l 11257 11258
l 11258 11259
l 11259 11260
l 11260 11261
l 11261 11262
l 11262 11263
l 11263 11264
l 11264 11265
l 11265 11266
l 11266 11267
l 11267 11268
l 11268 11269
l 11269 11270
l 11270 11271
l 11271 11272
l 11272 11273
l 11273 11274
l 11274 11275
l 11275 11276
l 11276 11277
l 11277 11278
l 11278 11279
l 11279 11280
l 11280 11281
l 11281 11282
l 11282 11283
l 11283 11284
l 11284 11285
l 11285 11286
l 11286 11287
l 11287 11288
l 11288 11289
l 11289 11290
l 11290 11291
l 11291 11292
l 11292 11293
l 11293 11294
l 11294 11295
l 11295 11296
l 11296 11297
l 11297 11298
l 11298 11299
l 11299 11300
l 11300 11301
l 11301 11302
l 11302 11303
l 11303 11304
l 11304 11305
l 11305 11306
l 11306 11307
l 11307 11308
l 11308 11309
l 11309 11310
l 11310 11311
l 11311 11312
l 11312 11313
l 11313 11314
l 11314 11315
l 11315 11316
l 11316 11317
l 11317 11318
l 11318 11319
l 11319 11320
l 11320 11321
l 11321 11322
l 11322 11323
l 11323 11324
l 11324 11325
l 11325 11326
l 11326 11327
l 11327 11328
l 11328 11329
l 11329 11330
l 11330 11331
l 11331 11332
l 11332 11333
l 11333 11334
l 11334 11335
l 11335 11336
l 11336 11337
l 11337 11338
l 11338 11339
l 11339 11340
l 11340 11341
l 11341 11342
l 11342 11343
l 11343 11344
l 11344 11345
l 11345 11346
l 11346 11347
l 11347 11348
l 11348 11349
l 11349 11350
l 11350 11351
l 11351 11352
l 11352 11353
l 11353 11354
l 11354 11355
l 11355 11356
l 11356 11357
l 11357 11358
l 11359 11360
l 11360 11361
l 11361 11362
l 11362 11363
l 11363 11364
l 11364 11365
l 11365 11366
l 11366 11367
l 11367 11368
l 11368 11369
l 11369 11370
l 11370 11371
l 11371 11372
l 11372 11373
l 11373 11374
l 11374 11375
l 11375 11376
l 11376 11377
l 11377 11378
l 11378 11379
l 11379 11380
l 11380 11381
l 11381 11382
l 11382 11383
l 11383 11384
l 11384 11385
l 11385 11386
l 11386 11387
l 11387 11388
l 11388 11389
l 11389 11390
l 11390 11391
l 11391 11392
l 11392 11393
l 11393 11394
l 11394 11395
l 11395 11396
l 11396 11397
l 11397 11398
l 11398 11399
l 11399 11400
l 11400 11401
l 11401 11402
l 11402 11403
l 11403 11404
l 11404 11405
l 11405 11406
l 11406 11407
l 11407 11408
l 11408 11409
l 11409 11410
l 11410 11411
l 11411 11412
l 11412 11413
l 11413 11414
l 11414 11415
l 11415 11416
l 11416 11417
l 11417 11418
l 11418 11419
l 11419 11420
l 11420 11421
l 11421 11422
l 11422 11423
l 11423 11424
l 11424 11425
l 11425 11426
l 11426 11427
l 11427 11428
l 11428 11429
l 11429 11430
l 11430 11431
l 11431 11432
l 11432 11433
l 11433 11434
l 11434 11435
l 11435 11436
l 11436 11437
l 11437 11438
l 11438 11439
l 11439 11440
l 11440 11441
l 11441 11442
l 11442 11443
l 11443 11444
l 11444 11445
l 11445 11446
l 11446 11447
l 11447 11448
l 11448 11449
l 11449 11450
l 11450 11451
l 11451 11452
l 11452 11453
l 11453 11454
l 11454 11455
l 11455 11456
l 11456 11457
l 11457 11458
l 11458 11459
l 11459 11460
l 11460 11461
l 11461 11462
l 11462 11463
l 11463 11464
l 11464 11465
l 11465 11466
l 11466 11467
l 11467 11468
l 11468 11469
l 11469 11470
l 11470 11471
l 11471 11472
l 11472 11473
l 11473 11474
l 11474 11475
l 11475 11476
l 11476 11477
l 11477 11478
l 11478 11479
l 11479 11480
l 11480 11481
l 11481 11482
l 11482 11483
l 11483 11484
l 11484 11485
l 11485 11486
l 11486 11487
l 11487 11488
l 11488 11489
l 11489 11490
l 11490 11491
l 11491 11492
l 11492 11493
l 11493 11494
l 11494 11495
l 11495 11496
l 11496 11497
l 11497 11498
l 11498 11499
l 11500 11501
l 11501 11502
l 11502 11503
l 11503 11504
l 11504 11505
l 11505 11506
l 11506 11507
l 11507 11508
l 11508 11509
l 11509 11510
l 11510 11511
l 11511 11512
l 11512 11513
l 11513 11514
l 11514 11515
l 11515 11516
l 11516 11517
l 11517 11518
l 11518 11519
l 11519 11520
l 11520 11521
l 11521 11522
l 11522 11523
l 11523 11524
l 11524 11525
l 11525 11526
l 11526 11527
l 11527 11528
l 11528 11529
l 11529 11530
l 11530 11531
l 11531 11532
l 11532 11533
l 11533 11534
l 11534 11535
l 11535 11536
l 11536 11537
l 11537 11538
l 11538 11539
l 11539 11540
l 11540 11541
l 11541 11542
l 11542 11543
l 11543 11544
l 11544 11545
l 11545 11546
l 11546 11547
l 11547 11548
l 11548 11549
l 11549 11550
l 11550 11551
l 11551 11552
l 11552 11553
l 11553 11554
l 11554 11555
l 11555 11556
l 11556 11557
l 11557 11558
l 11558 11559
l 11559 11560
l 11560 11561
l 11561 11562
l 11562 11563
l 11563 11564
l 11564 11565
l 11565 11566
l 11566 11567
l 11567 11568
l 11568 11569
l 11569 11570
l 11570 11571
l 11571 11572
l 11572 11573
l 11573 11574
l 11574 11575
l 11575 11576
l 11576 11577
l 11577 11578
l 11578 11579
l 11579 11580
l 11580 11581
l 11581 11582
l 11582 11583
l 11583 11584
l 11584 11585
l 11585 11586
l 11586 11587
l 11587 11588
l 11588 11589
l 11589 11590
l 11590 11591
l 11591 11592
l 11592 11593
l 11593 11594
l 11594 11595
l 11595 11596
l 11596 11597
l 11597 11598
l 11598 11599
l 11599 11600
l 11600 11601
l 11601 11602
l 11602 11603
l 11603 11604
l 11604 11605
l 11605 11606
l 11606 11607
l 11607 11608
l 11608 11609
l 11609 11610
l 11610 11611
l 11611 11612
l 11612 11613
l 11613 11614
l 11614 11615
l 11615 11616
l 11616 11617
l 11617 11618
l 11618 11619
l 11619 11620
l 11620 11621
l 11621 11622
l 11622 11623
l 11623 11624
l 11624 11625
l 11625 11626
l 11626 11627
l 11627 11628
l 11628 11629
l 11629 11630
l 11630 11631
l 11631 11632
l 11632 11633
l 11633 11634
l 11634 11635
l 11635 11636
l 11636 11637
l 11637 11638
l 11638 11639
l 11639 11640
l 11641 11642
l 11642 11643
l 11643 11644
l 11644 11645
l 11645 11646
l 11646 11647
l 11647 11648
l 11648 11649
l 11649 11650
l 11650 11651
l 11651 11652
l 11652 11653
l 11653 11654
l 11654 11655
l 11655 11656
l 11656 11657
l 11657 11658
l 11658 11659
l 11659 11660
l 11660 11661
l 11661 11662
l 11662 11663
l 11663 11664
l 11664 11665
l 11665 11666
l 11666 11667
l 11667 11668
l 11668 11669
l 11669 11670
l 11670 11671
l 11671 11672
l 11672 11673
l 11673 11674
l 11674 11675
l 11675 11676
l 11676 11677
l 11677 11678
l 11678 11679
l 11679 11680
l 11680 11681
l 11681 11682
l 11682 11683
l 11683 11684
l 11684 11685
l 11685 11686
l 11686 11687
l 11687 11688
l 11688 11689
l 11689 11690
l 11690 11691
l 11691 11692
l 11692 11693
l 11693 11694
l 11694 11695
l 11695 11696
l 11696 11697
l 11697 11698
l 11698 11699
l 11699 11700
l 11700 11701
l 11701 11702
l 11702 11703
l 11703 11704
l 11704 11705
l 11705 11706
l 11706 11707
l 11707 11708
l 11708 11709
l 11709 11710
l 11710 11711
l 11711 11712
l 11712 11713
l 11713 11714
l 11714 11715
l 11715 11716
l 11716 11717
l 11717 11718
l 11718 11719
l 11719 11720
l 11720 11721
l 11721 11722
l 11722 11723
l 11723 11724
l 11724 11725
l 11725 11726
l 11726 11727
l 11727 11728
l 11728 11729
l 11729 11730
l 11730 11731
l 11731 11732
l 11732 11733
l 11733 11734
l 11734 11735
l 11735 11736
l 11736 11737
l 11737 11738
l 11738 11739
l 11739 11740
l 11740 11741
l 11741 11742
l 11742 11743
l 11743 11744
l 11744 11745
l 11745 11746
l 11746 11747
l 11747 11748
l 11748 11749
l 11749 11750
l 11750 11751
l 11751 11752
l 11752 11753
l 11753 11754
l 11754 11755
l 11755 11756
l 11756 11757
l 11757 11758
l 11758 11759
l 11759 11760
l 11760 11761
l 11761 11762
l 11762 11763
l 11763 11764
l 11764 11765
l 11765 11766
l 11766 11767
l 11767 11768
l 11768 11769
l 11769 11770
l 11770 11771
l 11771 11772
l 11772 11773
l 11773 11774
l 11774 11775
l 11775 11776
l 11776 11777
l 11777 11778
l 11778 11779
l 11780 11781
l 11781 11782
l 11782 11783
l 11783 11784
l 11784 11785
l 11785 11786
l 11786 11787
l 11787 11788
l 11788 11789
l 11789 11790
l 11790 11791
l 11791 11792
l 11792 11793
l 11793 11794
l 11794 11795
l 11795 11796
l 11796 11797
l 11797 11798
l 11798 11799
l 11799 11800
l 11800 11801
l 11801 11802
l 11802 11803
l 11803 11804
l 11804 11805
l 11805 11806
l 11806 11807
l 11807 11808
l 11808 11809
l 11809 11810
l 11810 11811
l 11811 11812
l 11812 11813
l 11813 11814
l 11814 11815
l 11815 11816
l 11816 11817
l 11817 11818
l 11818 11819
l 11819 11820
l 11820 11821
l 11821 11822
l 11822 11823
l 11823 11824
l 11824 11825
l 11825 11826
l 11826 11827
l 11827 11828
l 11828 11829
l 11829 11830
l 11830 11831
l 11831 11832
l 11832 11833
l 11833 11834
l 11834 11835
l 11835 11836
l 11836 11837
l 11837 11838
l 11838 11839
l 11839 11840
l 11840 11841
l 11841 11842
l 11842 11843
l 11843 11844
l 11844 11845
l 11845 11846
l 11846 11847
l 11847 11848
l 11848 11849
l 11849 11850
l 11850 11851
l 11851 11852
l 11852 11853
l 11853 11854
l 11854 11855
l 11855 11856
l 11856 11857
l 11857 11858
l 11858 11859
l 11859 11860
l 11860 11861
l 11861 11862
l 11862 11863
l 11863 11864
l 11864 11865
l 11865 11866
l 11866 11867
l 11867 11868
l 11868 11869
l 11869 11870
l 11870 11871
l 11871 11872
l 11872 11873
l 11873 11874
l 11874 11875
l 11875 11876
l 11876 11877
l 11877 11878
l 11878 11879
l 11879 11880
l 11880 11881
l 11881 11882
l 11882 11883
l 11883 11884
l 11884 11885
l 11885 11886
l 11886 11887
l 11887 11888
l 11888 11889
l 11889 11890
l 11890 11891
l 11891 11892
l 11892 11893
l 11893 11894
l 11894 11895
l 11895 11896
l 11896 11897
l 11897 11898
l 11898 11899
l 11899 11900
l 11900 11901
l 11901 11902
l 11902 11903
l 11903 11904
l 11904 11905
l 11905 11906
l 11906 11907
l 11907 11908
l 11908 11909
l 11909 11910
l 11910 11911
l 11911 11912
l 11912 11913
l 11913 11914
l 11914 11915
l 11915 11916
l 11917 11918
l 11918 11919
l 11919 11920
l 11920 11921
l 11921 11922
l 11922 11923
l 11923 11924
l 11924 11925
l 11925 11926
l 11926 11927
l 11927 11928
l 11928 11929
l 11929 11930
l 11930 11931
l 11931 11932
l 11932 11933
l 11933 11934
l 11934 11935
l 11935 11936
l 11936 11937
l 11937 11938
l 11938 11939
l 11939 11940
l 11940 11941
l 11941 11942
l 11942 11943
l 11943 11944
l 11944 11945
l 11945 11946
l 11946 11947
l 11947 11948
l 11948 11949
l 11949 11950
l 11950 11951
l 11951 11952
l 11952 11953
l 11953 11954
l 11954 11955
l 11955 11956
l 11956 11957
l 11957 11958
l 11958 11959
l 11959 11960
l 11960 11961
l 11961 11962
l 11962 11963
l 11963 11964
l 11964 11965
l 11965 11966
l 11966 11967
l 11967 11968
l 11968 11969
l 11969 11970
l 11970 11971
l 11971 11972
l 11972 11973
l 11973 11974
l 11974 11975
l 11975 11976
l 11976 11977
l 11977 11978
l 11978 11979
l 11979 11980
l 11980 11981
l 11981 11982
l 11982 11983
l 11983 11984
l 11984 11985
l 11985 11986
l 11986 11987
l 11987 11988
l 11988 11989
l 11989 11990
l 11990 11991
l 11991 11992
l 11992 11993
l 11993 11994
l 11994 11995
l 11995 11996
l 11996 11997
l 11997 11998
l 11998 11999
l 11999 12000
l 12000 12001
l 12001 12002
l 12002 12003
l 12003 12004
l 12004 12005
l 12005 12006
l 12006 12007
l 12007 12008
l 12008 12009
l 12009 12010
l 12010 12011
l 12011 12012
l 12012 12013
l 12013 12014
l 12014 12015
l 12015 12016
l 12016 12017
l 12017 12018
l 12018 12019
l 12019 12020
l 12020 12021
l 12021 12022
l 12022 12023
l 12023 12024
l 12024 12025
l 12025 12026
l 12026 12027
l 12027 12028
l 12028 12029
l 12029 12030
l 12030 12031
l 12031 12032
l 12032 12033
l 12033 12034
l 12034 12035
l 12035 12036
l 12036 12037
l 12037 12038
l 12038 12039
l 12039 12040
l 12040 12041
l 12041 12042
l 12042 12043
l 12043 12044
l 12044 12045
l 12045 12046
l 12046 12047
l 12047 12048
l 12048 12049
l 12049 12050
l 12050 12051
l 12052 12053
l 12053 12054
l 12054 12055
l 12055 12056
l 12056 12057
l 12057 12058
l 12058 12059
l 12059 12060
l 12060 12061
l 12061 12062
l 12062 12063
l 12063 12064
l 12064 12065
l 12065 12066
l 12066 12067
l 12067 12068
l 12068 12069
l 12069 12070
l 12070 12071
l 12071 12072
l 12072 12073
l 12073 12074
l 12074 12075
l 12075 12076
l 12076 12077
l 12077 12078
l 12078 12079
l 12079 12080
l 12080 12081
l 12081 12082
l 12082 12083
l 12083 12084
l 12084 12085
l 12085 12086
l 12086 12087
l 12087 12088
l 12088 12089
l 12089 12090
l 12090 12091
l 12091 12092
l 12092 12093
l 12093 12094
l 12094 12095
l 12095 12096
l 12096 12097
l 12097 12098
l 12098 12099
l 12099 12100
l 12100 12101
l 12101 12102
l 12102 12103
l 12103 12104
l 12104 12105
l 12105 12106
l 12106 12107
l 12107 12108
l 12108 12109
l 12109 12110
l 12110 12111
l 12111 12112
l 12112 12113
l 12113 12114
l 12114 12115
l 12115 12116
l 12116 12117
l 12117 12118
l 12118 12119
l 12119 12120
l 12120 12121
l 12121 12122
l 12122 12123
l 12123 12124
l 12124 12125
l 12125 12126
l 12126 12127
l 12127 12128
l 12128 12129
l 12129 12130
l 12130 12131
l 12131 12132
l 12132 12133
l 12133 12134
l 12134 12135
l 12135 12136
l 12136 12137
l 12137 12138
l 12138 12139
l 12139 12140
l 12140 12141
l 12141 12142
l 12142 12143
l 12143 12144
l 12144 12145
l 12145 12146
l 12146 12147
l 12147 12148
l 12148 12149
l 12149 12150
l 12150 12151
l 12151 12152
l 12152 12153
l 12153 12154
l 12154 12155
l 12155 12156
l 12156 12157
l 12157 12158
l 12158 12159
l 12159 12160
l 12160 12161
l 12161 12162
l 12162 12163
l 12163 12164
l 12164 12165
l 12165 12166
l 12166 12167
l 12167 12168
l 12168 12169
l 12169 12170
l 12170 12171
l 12171 12172
l 12172 12173
l 12173 12174
l 12174 12175
l 12175 12176
l 12176 12177
l 12177 12178
l 12178 12179
l 12179 12180
l 12180 12181
l 12181 12182
l 12182 12183
l 12183 12184
l 12185 12186
l 12186 12187
l 12187 12188
l 12188 12189
l 12189 12190
l 12190 12191
l 12191 12192
l 12192 12193
l 12193 12194
l 12194 12195
l 12195 12196
l 12196 12197
l 12197 12198
l 12198 12199
l 12199 12200
l 12200 12201
l 12201 12202
l 12202 12203
l 12203 12204
l 12204 12205
l 12205 12206
l 12206 12207
l 12207 12208
l 12208 12209
l 12209 12210
l 12210 12211
l 12211 12212
l 12212 12213
l 12213 12214
l 12214 12215
l 12215 12216
l 12216 12217
l 12217 12218
l 12218 12219
l 12219 12220
l 12220 12221
l 12221 12222
l 12222 12223
l 12223 12224
l 12224 12225
l 12225 12226
l 12226 12227
l 12227 12228
l 12228 12229
l 12229 12230
l 12230 12231
l 12231 12232
l 12232 12233
l 12233 12234
l 12234 12235
l 12235 12236
l 12236 12237
l 12237 12238
l 12238 12239
l 12239 12240
l 12240 12241
l 12241 12242
l 12242 12243
l 12243 12244
l 12244 12245
l 12245 12246
l 12246 12247
l 12247 12248
l 12248 12249
l 12249 12250
l 12250 12251
l 12251 12252
l 12252 12253
l 12253 12254
l 12254 12255
l 12255 12256
l 12256 12257
l 12257 12258
l 12258 12259
l 12259 12260
l 12260 12261
l 12261 12262
l 12262 12263
l 12263 12264
l 12264 12265
l 12265 12266
l 12266 12267
l 12267 12268
l 12268 12269
l 12269 12270
l 12270 12271
l 12271 12272
l 12272 12273
l 12273 12274
l 12274 12275
l 12275 12276
l 12276 12277
l 12277 12278
l 12278 12279
l 12279 12280
l 12280 12281
l 12281 12282
l 12282 12283
l 12283 12284
l 12284 12285
l 12285 12286
l 12286 12287
l 12287 12288
l 12288 12289
l 12289 12290
l 12290 12291
l 12291 12292
l 12292 12293
l 12293 12294
l 12294 12295
l 12295 12296
l 12296 12297
l 12297 12298
l 12298 12299
l 12299 12300
l 12300 12301
l 12301 12302
l 12302 12303
l 12303 12304
l 12304 12305
l 12305 12306
l 12306 12307
l 12307 12308
l 12308 12309
l 12309 12310
l 12310 12311
l 12311 12312
l 12312 12313
l 12313 12314
l 12314 12315
l 12315 12316
l 12316 12317
l 12318 12319
l 12319 12320
l 12320 12321
l 12321 12322
l 12322 12323
l 12323 12324
l 12324 12325
l 12325 12326
l 12326 12327
l 12327 12328
l 12328 12329
l 12329 12330
l 12330 12331
l 12331 12332
l 12332 12333
l 12333 12334
l 12334 12335
l 12335 12336
l 12336 12337
l 12337 12338
l 12338 12339
l 12339 12340
l 12340 12341
l 12341 12342
l 12342 12343
l 12343 12344
l 12344 12345
l 12345 12346
l 12346 12347
l 12347 12348
l 12348 12349
l 12349 12350
l 12350 12351
l 12351 12352
l 12352 12353
l 12353 12354
l 12354 12355
l 12355 12356
l 12356 12357
l 12357 12358
l 12358 12359
l 12359 12360
l 12360 12361
l 12361 12362
l 12362 12363
l 12363 12364
l 12364 12365
l 12365 12366
l 12366 12367
l 12367 12368
l 12368 12369
l 12369 12370
l 12370 12371
l 12371 12372
l 12372 12373
l 12373 12374
l 12374 12375
l 12375 12376
l 12376 12377
l 12377 12378
l 12378 12379
l 12379 12380
l 12380 12381
l 12381 12382
l 12382 12383
l 12383 12384
l 12384 12385
l 12385 12386
l 12386 12387
l 12387 12388
l 12388 12389
l 12389 12390
l 12390 12391
l 12391 12392
l 12392 12393
l 12393 12394
l 12394 12395
l 12395 12396
l 12396 12397
l 12397 12398
l 12398 12399
l 12399 12400
l 12400 12401
l 12401 12402
l 12402 12403
l 12403 12404
l 12404 12405
l 12405 12406
l 12406 12407
l 12407 12408
l 12408 12409
l 12409 12410
l 12410 12411
l 12411 12412
l 12412 12413
l 12413 12414
l 12414 12415
l 12415 12416
l 12416 12417
l 12417 12418
l 12418 12419
l 12419 12420
l 12420 12421
l 12421 12422
l 12422 12423
l 12423 12424
l 12424 12425
l 12425 12426
l 12426 12427
l 12427 12428
l 12428 12429
l 12429 12430
l 12430 12431
l 12431 12432
l 12432 12433
l 12433 12434
l 12434 12435
l 12435 12436
l 12436 12437
l 12437 12438
l 12438 12439
l 12439 12440
l 12440 12441
l 12441 12442
l 12442 12443
l 12443 12444
l 12444 12445
l 12445 12446
l 12446 12447
l 12447 12448
l 12449 12450
l 12450 12451
l 12451 12452
l 12452 12453
l 12453 12454
l 12454 12455
l 12455 12456
l 12456 12457
l 12457 12458
l 12458 12459
l 12459 12460
l 12460 12461
l 12461 12462
l 12462 12463
l 12463 12464
l 12464 12465
l 12465 12466
l 12466 12467
l 12467 12468
l 12468 12469
l 12469 12470
l 12470 12471
l 12471 12472
l 12472 12473
l 12473 12474
l 12474 12475
l 12475 12476
l 12476 12477
l 12477 12478
l 12478 12479
l 12479 12480
l 12480 12481
l 12481 12482
l 12482 12483
l 12483 12484
l 12484 12485
l 12485 12486
l 12486 12487
l 12487 12488
l 12488 12489
l 12489 12490
l 12490 12491
l 12491 12492
l 12492 12493
l 12493 12494
l 12494 12495
l 12495 12496
l 12496 12497
l 12497 12498
l 12498 12499
l 12499 12500
l 12500 12501
l 12501 12502
l 12502 12503
l 12503 12504
l 12504 12505
l 12505 12506
l 12506 12507
l 12507 12508
l 12508 12509
l 12509 12510
l 12510 12511
l 12511 12512
l 12512 12513
l 12513 12514
l 12514 12515
l 12515 12516
l 12516 12517
l 12517 12518
l 12518 12519
l 12519 12520
l 12520 12521
l 12521 12522
l 12522 12523
l 12523 12524
l 12524 12525
l 12525 12526
l 12526 12527
l 12527 12528
l 12528 12529
l 12529 12530
l 12530 12531
l 12531 12532
l 12532 12533
l 12533 12534
l 12534 12535
l 12535 12536
l 12536 12537
l 12537 12538
l 12538 12539
l 12539 12540
l 12540 12541
l 12541 12542
l 12542 12543
l 12543 12544
l 12544 12545
l 12545 12546
l 12546 12547
l 12547 12548
l 12548 12549
l 12549 12550
l 12550 12551
l 12551 12552
l 12552 12553
l 12553 12554
l 12554 12555
l 12555 12556
l 12556 12557
l 12557 12558
l 12558 12559
l 12559 12560
l 12560 12561
l 12561 12562
l 12562 12563
l 12563 12564
l 12564 12565
l 12565 12566
l 12566 12567
l 12567 12568
l 12568 12569
l 12569 12570
l 12570 12571
l 12571 12572
l 12572 12573
l 12573 12574
l 12574 12575
l 12575 12576
l 12576 12577
l 12578 12579
l 12579 12580
l 12580 12581
l 12581 12582
l 12582 12583
l 12583 12584
l 12584 12585
l 12585 12586
l 12586 12587
l 12587 12588
l 12588 12589
l 12589 12590
l 12590 12591
l 12591 12592
l 12592 12593
l 12593 12594
l 12594 12595
l 12595 12596
l 12596 12597
l 12597 12598
l 12598 12599
l 12599 12600
l 12600 12601
l 12601 12602
l 12602 12603
l 12603 12604
l 12604 12605
l 12605 12606
l 12606 12607
l 12607 12608
l 12608 12609
l 12609 12610
l 12610 12611
l 12611 12612
l 12612 12613
l 12613 12614
l 12614 12615
l 12615 12616
l 12616 12617
l 12617 12618
l 12618 12619
l 12619 12620
l 12620 12621
l 12621 12622
l 12622 12623
l 12623 12624
l 12624 12625
l 12625 12626
l 12626 12627
l 12627 12628
l 12628 12629
l 12629 12630
l 12630 12631
l 12631 12632
l 12632 12633
l 12633 12634
l 12634 12635
l 12635 12636
l 12636 12637
l 12637 12638
l 12638 12639
l 12639 12640
l 12640 12641
l 12641 12642
l 12642 12643
l 12643 12644
l 12644 12645
l 12645 12646
l 12646 12647
l 12647 12648
l 12648 12649
l 12649 12650
l 12650 12651
l 12651 12652
l 12652 12653
l 12653 12654
l 12654 12655
l 12655 12656
l 12656 12657
l 12657 12658
l 12658 12659
l 12659 12660
l 12660 12661
l 12661 12662
l 12662 12663
l 12663 12664
l 12664 12665
l 12665 12666
l 12666 12667
l 12667 12668
l 12668 12669
l 12669 12670
l 12670 12671
l 12671 12672
l 12672 12673
l 12673 12674
l 12674 12675
l 12675 12676
l 12676 12677
l 12677 12678
l 12678 12679
l 12679 12680
l 12680 12681
l 12681 12682
l 12682 12683
l 12683 12684
l 12684 12685
l 12685 12686
l 12686 12687
l 12687 12688
l 12688 12689
l 12689 12690
l 12690 12691
l 12691 12692
l 12692 12693
l 12693 12694
l 12694 12695
l 12695 12696
l 12696 12697
l 12697 12698
l 12698 12699
l 12699 12700
l 12700 12701
l 12701 12702
l 12702 12703
l 12703 12704
l 12704 12705
l 12705 12706
l 12707 12708
l 12708 12709
l 12709 12710
l 12710 12711
l 12711 12712
l 12712 12713
l 12713 12714
l 12714 12715
l 12715 12716
l 12716 12717
l 12717 12718
l 12718 12719
l 12719 12720
l 12720 12721
l 12721 12722
l 12722 12723
l 12723 12724
l 12724 12725
l 12725 12726
l 12726 12727
l 12727 12728
l 12728 12729
l 12729 12730
l 12730 12731
l 12731 12732
l 12732 12733
l 12733 12734
l 12734 12735
l 12735 12736
l 12736 12737
l 12737 12738
l 12738 12739
l 12739 12740
l 12740 12741
l 12741 12742
l 12742 12743
l 12743 12744
l 12744 12745
l 12745 12746
l 12746 12747
l 12747 12748
l 12748 12749
l 12749 12750
l 12750 12751
l 12751 12752
l 12752 12753
l 12753 12754
l 12754 12755
l 12755 12756
l 12756 12757
l 12757 12758
l 12758 12759
l 12759 12760
l 12760 12761
l 12761 12762
l 12762 12763
l 12763 12764
l 12764 12765
l 12765 12766
l 12766 12767
l 12767 12768
l 12768 12769
l 12769 12770
l 12770 12771
l 12771 12772
l 12772 12773
l 12773 12774
l 12774 12775
l 12775 12776
l 12776 12777
l 12777 12778
l 12778 12779
l 12779 12780
l 12780 12781
l 12781 12782
l 12782 12783
l 12783 12784
l 12784 12785
l 12785 12786
l 12786 12787
l 12787 12788
l 12788 12789
l 12789 12790
l 12790 12791
l 12791 12792
l 12792 12793
l 12793 12794
l 12794 12795
l 12795 12796
l 12796 12797
l 12797 12798
l 12798 12799
l 12799 12800
l 12800 12801
l 12801 12802
l 12802 12803
l 12803 12804
l 12804 12805
l 12805 12806
l 12806 12807
l 12807 12808
l 12808 12809
l 12809 12810
l 12810 12811
l 12811 12812
l 12812 12813
l 12813 12814
l 12814 12815
l 12815 12816
l 12816 12817
l 12817 12818
l 12818 12819
l 12819 12820
l 12820 12821
l 12821 12822
l 12822 12823
l 12823 12824
l 12824 12825
l 12825 12826
l 12826 12827
l 12827 12828
l 12828 12829
l 12829 12830
l 12830 12831
l 12831 12832
l 12832 12833
l 12834 12835
l 12835 12836
l 12836 12837
l 12837 12838
l 12838 12839
l 12839 12840
l 12840 12841
l 12841 12842
l 12842 12843
l 12843 12844
l 12844 12845
l 12845 12846
l 12846 12847
l 12847 12848
l 12848 12849
l 12849 12850
l 12850 12851
l 12851 12852
l 12852 12853
l 12853 12854
l 12854 12855
l 12855 12856
l 12856 12857
l 12857 12858
l 12858 12859
l 12859 12860
l 12860 12861
l 12861 12862
l 12862 12863
l 12863 12864
l 12864 12865
l 12865 12866
l 12866 12867
l 12867 12868
l 12868 12869
l 12869 12870
l 12870 12871
l 12871 12872
l 12872 12873
l 12873 12874
l 12874 12875
l 12875 12876
l 12876 12877
l 12877 12878
l 12878 12879
l 12879 12880
l 12880 12881
l 12881 12882
l 12882 12883
l 12883 12884
l 12884 12885
l 12885 12886
l 12886 12887
l 12887 12888
l 12888 12889
l 12889 12890
l 12890 12891
l 12891 12892
l 12892 12893
l 12893 12894
l 12894 12895
l 12895 12896
l 12896 12897
l 12897 12898
l 12898 12899
l 12899 12900
l 12900 12901
l 12901 12902
l 12902 12903
l 12903 12904
l 12904 12905
l 12905 12906
l 12906 12907
l 12907 12908
l 12908 12909
l 12909 12910
l 12910 12911
l 12911 12912
l 12912 12913
l 12913 12914
l 12914 12915
l 12915 12916
l 12916 12917
l 12917 12918
l 12918 12919
l 12919 12920
l 12920 12921
l 12921 12922
l 12922 12923
l 12923 12924
l 12924 12925
l 12925 12926
l 12926 12927
l 12927 12928
l 12928 12929
l 12929 12930
l 12930 12931
l 12931 12932
l 12932 12933
l 12933 12934
l 12934 12935
l 12935 12936
l 12936 12937
l 12937 12938
l 12938 12939
l 12939 12940
l 12940 12941
l 12941 12942
l 12942 12943
l 12943 12944
l 12944 12945
l 12945 12946
l 12946 12947
l 12947 12948
l 12948 12949
l 12949 12950
l 12950 12951
l 12951 12952
l 12952 12953
l 12953 12954
l 12954 12955
l 12955 12956
l 12956 12957
l 12957 12958
l 12959 12960
l 12960 12961
l 12961 12962
l 12962 12963
l 12963 12964
l 12964 12965
l 12965 12966
l 12966 12967
l 12967 12968
l 12968 12969
l 12969 12970
l 12970 12971
l 12971 12972
l 12972 12973
l 12973 12974
l 12974 12975
l 12975 12976
l 12976 12977
l 12977 12978
l 12978 12979
l 12979 12980
l 12980 12981
l 12981 12982
l 12982 12983
l 12983 12984
l 12984 12985
l 12985 12986
l 12986 12987
l 12987 12988
l 12988 12989
l 12989 12990
l 12990 12991
l 12991 12992
l 12992 12993
l 12993 12994
l 12994 12995
l 12995 12996
l 12996 12997
l 12997 12998
l 12998 12999
l 12999 13000
l 13000 13001
l 13001 13002
l 13002 13003
l 13003 13004
l 13004 13005
l 13005 13006
l 13006 13007
l 13007 13008
l 13008 13009
l 13009 13010
l 13010 13011
l 13011 13012
l 13012 13013
l 13013 13014
l 13014 13015
l 13015 13016
l 13016 13017
l 13017 13018
l 13018 13019
l 13019 13020
l 13020 13021
l 13021 13022
l 13022 13023
l 13023 13024
l 13024 13025
l 13025 13026
l 13026 13027
l 13027 13028
l 13028 13029
l 13029 13030
l 13030 13031
l 13031 13032
l 13032 13033
l 13033 13034
l 13034 13035
l 13035 13036
l 13036 13037
l 13037 13038
l 13038 13039
l 13039 13040
l 13040 13041
l 13041 13042
l 13042 13043
l 13043 13044
l 13044 13045
l 13045 13046
l 13046 13047
l 13047 13048
l 13048 13049
l 13049 13050
l 13050 13051
l 13051 13052
l 13052 13053
l 13053 13054
l 13054 13055
l 13055 13056
l 13056 13057
l 13057 13058
l 13058 13059
l 13059 13060
l 13060 13061
l 13061 13062
l 13062 13063
l 13063 13064
l 13064 13065
l 13065 13066
l 13066 13067
l 13067 13068
l 13068 13069
l 13069 13070
l 13070 13071
l 13071 13072
l 13072 13073
l 13073 13074
l 13074 13075
l 13075 13076
l 13076 13077
l 13077 13078
l 13078 13079
l 13079 13080
l 13080 13081
l 13081 13082
l 13082 13083
l 13084 13085
l 13085 13086
l 13086 13087
l 13087 13088
l 13088 13089
l 13089 13090
l 13090 13091
l 13091 13092
l 13092 13093
l 13093 13094
l 13094 13095
l 13095 13096
l 13096 13097
l 13097 13098
l 13098 13099
l 13099 13100
l 13100 13101
l 13101 13102
l 13102 13103
l 13103 13104
l 13104 13105
l 13105 13106
l 13106 13107
l 13107 13108
l 13108 13109
l 13109 13110
l 13110 13111
l 13111 13112
l 13112 13113
l 13113 13114
l 13114 13115
l 13115 13116
l 13116 13117
l 13117 13118
l 13118 13119
l 13119 13120
l 13120 13121
l 13121 13122
l 13122 13123
l 13123 13124
l 13124 13125
l 13125 13126
l 13126 13127
l 13127 13128
l 13128 13129
l 13129 13130
l 13130 13131
l 13131 13132
l 13132 13133
l 13133 13134
l 13134 13135
l 13135 13136
l 13136 13137
l 13137 13138
l 13138 13139
l 13139 13140
l 13140 13141
l 13141 13142
l 13142 13143
l 13143 13144
l 13144 13145
l 13145 13146
l 13146 13147
l 13147 13148
l 13148 13149
l 13149 13150
l 13150 13151
l 13151 13152
l 13152 13153
l 13153 13154
l 13154 13155
l 13155 13156
l 13156 13157
l 13157 13158
l 13158 13159
l 13159 13160
l 13160 13161
l 13161 13162
l 13162 13163
l 13163 13164
l 13164 13165
l 13165 13166
l 13166 13167
l 13167 13168
l 13168 13169
l 13169 13170
l 13170 13171
l 13171 13172
l 13172 13173
l 13173 13174
l 13174 13175
l 13175 13176
l 13176 13177
l 13177 13178
l 13178 13179
l 13179 13180
l 13180 13181
l 13181 13182
l 13182 13183
l 13183 13184
l 13184 13185
l 13185 13186
l 13186 13187
l 13187 13188
l 13188 13189
l 13189 13190
l 13190 13191
l 13191 13192
l 13192 13193
l 13193 13194
l 13194 13195
l 13195 13196
l 13196 13197
l 13197 13198
l 13198 13199
l 13199 13200
l 13200 13201
l 13201 13202
l 13202 13203
l 13203 13204
l 13204 13205
l 13205 13206
l 13207 13208
l 13208 13209
l 13209 13210
l 13210 13211
l 13211 13212
l 13212 13213
l 13213 13214
l 13214 13215
l 13215 13216
l 13216 13217
l 13217 13218
l 13218 13219
l 13219 13220
l 13220 13221
l 13221 13222
l 13222 13223
l 13223 13224
l 13224 13225
l 13225 13226
l 13226 13227
l 13227 13228
l 13228 13229
l 13229 13230
l 13230 13231
l 13231 13232
l 13232 13233
l 13233 13234
l 13234 13235
l 13235 13236
l 13236 13237
l 13237 13238
l 13238 13239
l 13239 13240
l 13240 13241
l 13241 13242
l 13242 13243
l 13243 13244
l 13244 13245
l 13245 13246
l 13246 13247
l 13247 13248
l 13248 13249
l 13249 13250
l 13250 13251
l 13251 13252
l 13252 13253
l 13253 13254
l 13254 13255
l 13255 13256
l 13256 13257
l 13257 13258
l 13258 13259
l 13259 13260
l 13260 13261
l 13261 13262
l 13262 13263
l 13263 13264
l 13264 13265
l 13265 13266
l 13266 13267
l 13267 13268
l 13268 13269
l 13269 13270
l 13270 13271
l 13271 13272
l 13272 13273
l 13273 13274
l 13274 13275
l 13275 13276
l 13276 13277
l 13277 13278
l 13278 13279
l 13279 13280
l 13280 13281
l 13281 13282
l 13282 13283
l 13283 13284
l 13284 13285
l 13285 13286
l 13286 13287
l 13287 13288
l 13288 13289
l 13289 13290
l 13290 13291
l 13291 13292
l 13292 13293
l 13293 13294
l 13294 13295
l 13295 13296
l 13296 13297
l 13297 13298
l 13298 13299
l 13299 13300
l 13300 13301
l 13301 13302
l 13302 13303
l 13303 13304
l 13304 13305
l 13305 13306
l 13306 13307
l 13307 13308
l 13308 13309
l 13309 13310
l 13310 13311
l 13311 13312
l 13312 13313
l 13313 13314
l 13314 13315
l 13315 13316
l 13316 13317
l 13317 13318
l 13318 13319
l 13319 13320
l 13320 13321
l 13321 13322
l 13322 13323
l 13323 13324
l 13324 13325
l 13325 13326
l 13326 13327
l 13327 13328
l 13328 13329
l 13330 13331
l 13331 13332
l 13332 13333
l 13333 13334
l 13334 13335
l 13335 13336
l 13336 13337
l 13337 13338
l 13338 13339
l 13339 13340
l 13340 13341
l 13341 13342
l 13342 13343
l 13343 13344
l 13344 13345
l 13345 13346
l 13346 13347
l 13347 13348
l 13348 13349
l 13349 13350
l 13350 13351
l 13351 13352
l 13352 13353
l 13353 13354
l 13354 13355
l 13355 13356
l 13356 13357
l 13357 13358
l 13358 13359
l 13359 13360
l 13360 13361
l 13361 13362
l 13362 13363
l 13363 13364
l 13364 13365
l 13365 13366
l 13366 13367
l 13367 13368
l 13368 13369
l 13369 13370
l 13370 13371
l 13371 13372
l 13372 13373
l 13373 13374
l 13374 13375
l 13375 13376
l 13376 13377
l 13377 13378
l 13378 13379
l 13379 13380
l 13380 13381
l 13381 13382
l 13382 13383
l 13383 13384
l 13384 13385
l 13385 13386
l 13386 13387
l 13387 13388
l 13388 13389
l 13389 13390
l 13390 13391
l 13391 13392
l 13392 13393
l 13393 13394
l 13394 13395
l 13395 13396
l 13396 13397
l 13397 13398
l 13398 13399
l 13399 13400
l 13400 13401
l 13401 13402
l 13402 13403
l 13403 13404
l 13404 13405
l 13405 13406
l 13406 13407
l 13407 13408
l 13408 13409
l 13409 13410
l 13410 13411
l 13411 13412
l 13412 13413
l 13413 13414
l 13414 13415
l 13415 13416
l 13416 13417
l 13417 13418
l 13418 13419
l 13419 13420
l 13420 13421
l 13421 13422
l 13422 13423
l 13423 13424
l 13424 13425
l 13425 13426
l 13426 13427
l 13427 13428
l 13428 13429
l 13429 13430
l 13430 13431
l 13431 13432
l 13432 13433
l 13433 13434
l 13434 13435
l 13435 13436
l 13436 13437
l 13437 13438
l 13438 13439
l 13439 13440
l 13440 13441
l 13441 13442
l 13442 13443
l 13443 13444
l 13444 13445
l 13445 13446
l 13446 13447
l 13447 13448
