elapsed_s,phase,force_sample_fresh,force_raw_n,force_baseline_n,force_delta_n,force_delta_abs_n,force_raw_g,force_baseline_g,force_delta_g,force_delta_abs_g,tool_z_m,travel_down_mm,frame_sequence,cell_index,display_row,column,raw,calibration,diff,diff_percent,raw_ave,diff_ave,diff_percent_ave
1.0007383131887764,approaching,True,0.015690640000000002,0.015690640000000002,0.0,0.0,1.6000000000000003,1.6000000000000003,0.0,0.0,0.2652716064453125,0.0,1458,35,3,4,10752.0,10750.0,2.0,0.018604651162790697,10749.333333333334,-0.6666666666666666,-0.006201550387596899
1.065787518164143,approaching,True,0.015690640000000002,0.015690640000000002,0.0,0.0,1.6000000000000003,1.6000000000000003,0.0,0.0,0.2652716064453125,0.0,1464,35,3,4,10747.0,10750.0,-3.0,-0.027906976744186046,10747.0,-3.0,-0.027906976744186046
1.0984486141242087,approaching,True,0.015690640000000002,0.015690640000000002,0.0,0.0,1.6000000000000003,1.6000000000000003,0.0,0.0,0.2652716064453125,0.0,1470,35,3,4,10750.0,10750.0,0.0,0.0,10750.0,0.0,0.0
1.1501726522110403,approaching,True,0.015690640000000002,0.015690640000000002,0.0,0.0,1.6000000000000003,1.6000000000000003,0.0,0.0,0.2652716064453125,0.0,1477,35,3,4,10749.0,10750.0,-1.0,-0.009302325581395349,10750.333333333334,0.3333333333333333,0.0031007751937984496
1.1981721550691873,approaching,True,0.015690640000000002,0.015690640000000002,0.0,0.0,1.6000000000000003,1.6000000000000003,0.0,0.0,0.2652686767578125,0.0029296874999862332,1486,35,3,4,10749.0,10750.0,-1.0,-0.009302325581395349,10749.0,-1.0,-0.009302325581395349
1.247819621115923,approaching,True,0.015690640000000002,0.015690640000000002,0.0,0.0,1.6000000000000003,1.6000000000000003,0.0,0.0,0.2652686767578125,0.0029296874999862332,1494,35,3,4,10740.0,10750.0,-10.0,-0.09302325581395349,10740.0,-10.0,-0.09302325581395349
1.3027610371354967,approaching,True,0.015690640000000002,0.015690640000000002,0.0,0.0,1.6000000000000003,1.6000000000000003,0.0,0.0,0.2652686767578125,0.0029296874999862332,1500,35,3,4,10750.0,10750.0,0.0,0.0,10750.0,0.0,0.0
1.3505219100043178,approaching,True,0.015690640000000002,0.015690640000000002,0.0,0.0,1.6000000000000003,1.6000000000000003,0.0,0.0,0.2652686767578125,0.0029296874999862332,1506,35,3,4,10749.0,10750.0,-1.0,-0.009302325581395349,10749.0,-1.0,-0.009302325581395349
1.3986493030097336,approaching,True,0.015690640000000002,0.015690640000000002,0.0,0.0,1.6000000000000003,1.6000000000000003,0.0,0.0,0.2652697448730469,0.0018615722656156741,1512,35,3,4,10746.0,10750.0,-4.0,-0.037209302325581395,10746.0,-4.0,-0.037209302325581395
1.4648709851317108,approaching,True,0.015690640000000002,0.015690640000000002,0.0,0.0,1.6000000000000003,1.6000000000000003,0.0,0.0,0.265270751953125,0.0008544921875075495,1518,35,3,4,10752.0,10750.0,2.0,0.018604651162790697,10750.666666666666,0.6666666666666666,0.006201550387596899
1.4990320859942585,approaching,True,0.015690640000000002,0.015690640000000002,0.0,0.0,1.6000000000000003,1.6000000000000003,0.0,0.0,0.265270751953125,0.0008544921875075495,1523,35,3,4,10752.0,10750.0,2.0,0.018604651162790697,10752.0,2.0,0.018604651162790697
1.5502049131318927,approaching,True,0.015690640000000002,0.015690640000000002,0.0,0.0,1.6000000000000003,1.6000000000000003,0.0,0.0,0.26526910400390624,0.002502441406260214,1529,35,3,4,10747.0,10750.0,-3.0,-0.027906976744186046,10747.0,-3.0,-0.027906976744186046
1.59923365409486,approaching,True,0.015690640000000002,0.015690640000000002,0.0,0.0,1.6000000000000003,1.6000000000000003,0.0,0.0,0.26526910400390624,0.002502441406260214,1536,35,3,4,10744.0,10750.0,-6.0,-0.05581395348837209,10748.666666666666,-1.3333333333333333,-0.012403100775193798
1.6667271221522242,approaching,True,0.015690640000000002,0.015690640000000002,0.0,0.0,1.6000000000000003,1.6000000000000003,0.0,0.0,0.265272216796875,0.0,1541,35,3,4,10742.0,10750.0,-8.0,-0.07441860465116279,10743.333333333334,-6.666666666666667,-0.06201550387596899
1.698518460150808,approaching,True,0.015690640000000002,0.015690640000000002,0.0,0.0,1.6000000000000003,1.6000000000000003,0.0,0.0,0.2652733764648438,0.0,1546,35,3,4,10745.0,10750.0,-5.0,-0.046511627906976744,10745.0,-5.0,-0.046511627906976744
1.7482488101813942,approaching,True,0.015690640000000002,0.015690640000000002,0.0,0.0,1.6000000000000003,1.6000000000000003,0.0,0.0,0.2652733764648438,0.0,1554,35,3,4,10745.0,10750.0,-5.0,-0.046511627906976744,10745.0,-5.0,-0.046511627906976744
1.7899162999819964,approaching,True,0.015690640000000002,0.015690640000000002,0.0,0.0,1.6000000000000003,1.6000000000000003,0.0,0.0,0.26528582763671876,0.0,1563,35,3,4,10744.0,10750.0,-6.0,-0.05581395348837209,10745.333333333334,-4.666666666666667,-0.043410852713178294
1.8491162611171603,approaching,True,0.015690640000000002,0.015690640000000002,0.0,0.0,1.6000000000000003,1.6000000000000003,0.0,0.0,0.2652962951660156,0.0,1572,35,3,4,10749.0,10750.0,-1.0,-0.009302325581395349,10749.0,-1.0,-0.009302325581395349
1.8903937321156263,approaching,True,0.015690640000000002,0.015690640000000002,0.0,0.0,1.6000000000000003,1.6000000000000003,0.0,0.0,0.2652962951660156,0.0,1578,35,3,4,10744.0,10750.0,-6.0,-0.05581395348837209,10744.0,-6.0,-0.05581395348837209
1.9407362160272896,approaching,True,0.015690640000000002,0.015690640000000002,0.0,0.0,1.6000000000000003,1.6000000000000003,0.0,0.0,0.26530401611328125,0.0,1588,35,3,4,10746.0,10750.0,-4.0,-0.037209302325581395,10746.0,-4.0,-0.037209302325581395
1.9903838061727583,approaching,True,0.015690640000000002,0.015690640000000002,0.0,0.0,1.6000000000000003,1.6000000000000003,0.0,0.0,0.2653185729980469,0.0,1598,35,3,4,10745.0,10750.0,-5.0,-0.046511627906976744,10745.0,-5.0,-0.046511627906976744
2.0493934380356222,approaching,True,0.015690640000000002,0.015690640000000002,0.0,0.0,1.6000000000000003,1.6000000000000003,0.0,0.0,0.2653269958496094,0.0,1608,35,3,4,10748.0,10750.0,-2.0,-0.018604651162790697,10748.0,-2.0,-0.018604651162790697
2.1022627241909504,approaching,True,0.015690640000000002,0.015690640000000002,0.0,0.0,1.6000000000000003,1.6000000000000003,0.0,0.0,0.26533477783203124,0.0,1615,35,3,4,10744.0,10750.0,-6.0,-0.05581395348837209,10744.0,-6.0,-0.05581395348837209
2.1534961292054504,approaching,True,0.015690640000000002,0.015690640000000002,0.0,0.0,1.6000000000000003,1.6000000000000003,0.0,0.0,0.2653494873046875,0.0,1620,35,3,4,10746.0,10750.0,-4.0,-0.037209302325581395,10746.0,-4.0,-0.037209302325581395
2.199640499195084,approaching,True,0.015690640000000002,0.015690640000000002,0.0,0.0,1.6000000000000003,1.6000000000000003,0.0,0.0,0.2653494873046875,0.0,1627,35,3,4,10742.0,10750.0,-8.0,-0.07441860465116279,10742.0,-8.0,-0.07441860465116279
2.2659281021915376,approaching,True,0.015690640000000002,0.015690640000000002,0.0,0.0,1.6000000000000003,1.6000000000000003,0.0,0.0,0.265355224609375,0.0,1632,35,3,4,10742.0,10750.0,-8.0,-0.07441860465116279,10742.0,-8.0,-0.07441860465116279
2.2980806541163474,approaching,True,0.015690640000000002,0.015690640000000002,0.0,0.0,1.6000000000000003,1.6000000000000003,0.0,0.0,0.265355224609375,0.0,1636,35,3,4,10748.0,10750.0,-2.0,-0.018604651162790697,10747.666666666666,-2.3333333333333335,-0.021705426356589147
2.348690504208207,approaching,True,0.015690640000000002,0.015690640000000002,0.0,0.0,1.6000000000000003,1.6000000000000003,0.0,0.0,0.265356689453125,0.0,1643,35,3,4,10754.0,10750.0,4.0,0.037209302325581395,10754.0,4.0,0.037209302325581395
2.3986473951954395,approaching,True,0.015690640000000002,0.015690640000000002,0.0,0.0,1.6000000000000003,1.6000000000000003,0.0,0.0,0.26535638427734376,0.0,1650,35,3,4,10752.0,10750.0,2.0,0.018604651162790697,10752.0,2.0,0.018604651162790697
2.4666769690811634,approaching,True,0.015690640000000002,0.015690640000000002,0.0,0.0,1.6000000000000003,1.6000000000000003,0.0,0.0,0.26535638427734376,0.0,1658,35,3,4,10747.0,10750.0,-3.0,-0.027906976744186046,10747.333333333334,-2.6666666666666665,-0.024806201550387597
2.4899204149842262,approaching,True,0.015690640000000002,0.015690640000000002,0.0,0.0,1.6000000000000003,1.6000000000000003,0.0,0.0,0.2653435363769531,0.0,1663,35,3,4,10748.0,10750.0,-2.0,-0.018604651162790697,10748.0,-2.0,-0.018604651162790697
2.5401333461049944,approaching,True,0.015690640000000002,0.015690640000000002,0.0,0.0,1.6000000000000003,1.6000000000000003,0.0,0.0,0.2653435363769531,0.0,1672,35,3,4,10742.0,10750.0,-8.0,-0.07441860465116279,10742.0,-8.0,-0.07441860465116279
2.5905034230090678,approaching,True,0.015690640000000002,0.015690640000000002,0.0,0.0,1.6000000000000003,1.6000000000000003,0.0,0.0,0.265335205078125,0.0,1682,35,3,4,10739.0,10750.0,-11.0,-0.10232558139534884,10739.0,-11.0,-0.10232558139534882
2.648436819203198,approaching,True,0.015690640000000002,0.015690640000000002,0.0,0.0,1.6000000000000003,1.6000000000000003,0.0,0.0,0.26532586669921876,0.0,1691,35,3,4,10742.0,10750.0,-8.0,-0.07441860465116279,10742.666666666666,-7.333333333333333,-0.06821705426356589
2.698901341063902,approaching,True,0.015690640000000002,0.015690640000000002,0.0,0.0,1.6000000000000003,1.6000000000000003,0.0,0.0,0.26531793212890625,0.0,1699,35,3,4,10743.0,10750.0,-7.0,-0.06511627906976744,10743.0,-7.0,-0.06511627906976744
2.749765783082694,approaching,True,0.015690640000000002,0.015690640000000002,0.0,0.0,1.6000000000000003,1.6000000000000003,0.0,0.0,0.2653079528808594,0.0,1705,35,3,4,10748.0,10750.0,-2.0,-0.018604651162790697,10748.0,-2.0,-0.018604651162790697
2.798793331021443,approaching,True,0.015690640000000002,0.015690640000000002,0.0,0.0,1.6000000000000003,1.6000000000000003,0.0,0.0,0.2653079528808594,0.0,1711,35,3,4,10748.0,10750.0,-2.0,-0.018604651162790697,10748.0,-2.0,-0.018604651162790697
2.864671840099618,approaching,True,0.015690640000000002,0.015690640000000002,0.0,0.0,1.6000000000000003,1.6000000000000003,0.0,0.0,0.26528936767578126,0.0,1716,35,3,4,10743.0,10750.0,-7.0,-0.06511627906976744,10744.333333333334,-5.666666666666667,-0.05271317829457364
2.899145736126229,approaching,True,0.015690640000000002,0.015690640000000002,0.0,0.0,1.6000000000000003,1.6000000000000003,0.0,0.0,0.26528936767578126,0.0,1722,35,3,4,10740.0,10750.0,-10.0,-0.09302325581395349,10741.0,-9.0,-0.08372093023255815
2.9500731320586056,approaching,True,0.015690640000000002,0.015690640000000002,0.0,0.0,1.6000000000000003,1.6000000000000003,0.0,0.0,0.2652667236328125,0.004882812499995559,1727,35,3,4,10744.0,10750.0,-6.0,-0.05581395348837209,10744.0,-6.0,-0.05581395348837209
2.9996745290700346,approaching,True,0.015690640000000002,0.015690640000000002,0.0,0.0,1.6000000000000003,1.6000000000000003,0.0,0.0,0.2652667236328125,0.004882812499995559,1732,35,3,4,10752.0,10750.0,2.0,0.018604651162790697,10752.0,2.0,0.018604651162790697
3.0647260202094913,approaching,True,0.015690640000000002,0.015690640000000002,0.0,0.0,1.6000000000000003,1.6000000000000003,0.0,0.0,0.26524954223632813,0.022064208984373668,1738,35,3,4,10746.0,10750.0,-4.0,-0.037209302325581395,10746.0,-4.0,-0.037209302325581395
3.1003108681179583,approaching,True,0.015690640000000002,0.015690640000000002,0.0,0.0,1.6000000000000003,1.6000000000000003,0.0,0.0,0.26521142578125,0.06018066406249245,1743,35,3,4,10740.0,10750.0,-10.0,-0.09302325581395349,10744.0,-6.0,-0.05581395348837209
3.1478554729837924,approaching,True,0.015690640000000002,0.015690640000000002,0.0,0.0,1.6000000000000003,1.6000000000000003,0.0,0.0,0.26521142578125,0.06018066406249245,1748,35,3,4,10738.0,10750.0,-12.0,-0.11162790697674418,10738.666666666666,-11.333333333333334,-0.10542635658914729
3.1896490959916264,approaching,True,0.015690640000000002,0.015690640000000002,0.0,0.0,1.6000000000000003,1.6000000000000003,0.0,0.0,0.2651643676757813,0.10723876953122602,1758,35,3,4,10750.0,10750.0,0.0,0.0,10750.0,0.0,0.0
3.2481104591861367,approaching,True,0.015690640000000002,0.015690640000000002,0.0,0.0,1.6000000000000003,1.6000000000000003,0.0,0.0,0.2651376647949219,0.13394165039060102,1767,35,3,4,10740.0,10750.0,-10.0,-0.09302325581395349,10740.0,-10.0,-0.09302325581395349
3.3005665170494467,approaching,True,0.015690640000000002,0.015690640000000002,0.0,0.0,1.6000000000000003,1.6000000000000003,0.0,0.0,0.2651376647949219,0.13394165039060102,1773,35,3,4,10750.0,10750.0,0.0,0.0,10750.0,0.0,0.0
3.3487792660016567,approaching,True,0.015690640000000002,0.015690640000000002,0.0,0.0,1.6000000000000003,1.6000000000000003,0.0,0.0,0.26506787109375,0.203735351562484,1779,35,3,4,10742.0,10750.0,-8.0,-0.07441860465116279,10742.0,-8.0,-0.07441860465116279
3.3994335550814867,approaching,True,0.015690640000000002,0.015690640000000002,0.0,0.0,1.6000000000000003,1.6000000000000003,0.0,0.0,0.26506787109375,0.203735351562484,1785,35,3,4,10742.0,10750.0,-8.0,-0.07441860465116279,10742.0,-8.0,-0.07441860465116279
3.4652277380228043,approaching,True,0.015690640000000002,0.015690640000000002,0.0,0.0,1.6000000000000003,1.6000000000000003,0.0,0.0,0.2649600219726563,0.31158447265622335,1793,35,3,4,10744.0,10750.0,-6.0,-0.05581395348837209,10740.0,-10.0,-0.09302325581395349
3.4994043591432273,approaching,True,0.015690640000000002,0.015690640000000002,0.0,0.0,1.6000000000000003,1.6000000000000003,0.0,0.0,0.26487322998046875,0.39837646484375266,1799,35,3,4,10749.0,10750.0,-1.0,-0.009302325581395349,10747.333333333334,-2.6666666666666665,-0.024806201550387597
3.548059805063531,approaching,True,0.015690640000000002,0.015690640000000002,0.0,0.0,1.6000000000000003,1.6000000000000003,0.0,0.0,0.26487322998046875,0.39837646484375266,1803,35,3,4,10745.0,10750.0,-5.0,-0.046511627906976744,10747.666666666666,-2.3333333333333335,-0.021705426356589147
3.598428721074015,approaching,True,0.015690640000000002,0.015690640000000002,0.0,0.0,1.6000000000000003,1.6000000000000003,0.0,0.0,0.26486932373046873,0.4022827148437713,1809,35,3,4,10746.0,10750.0,-4.0,-0.037209302325581395,10745.666666666666,-4.333333333333333,-0.040310077519379844
3.66515971114859,approaching,True,0.015690640000000002,0.015690640000000002,0.0,0.0,1.6000000000000003,1.6000000000000003,0.0,0.0,0.2648665466308594,0.40505981445310146,1816,35,3,4,10741.0,10750.0,-9.0,-0.08372093023255814,10741.0,-9.0,-0.08372093023255815
3.7148026099894196,approaching,True,0.015690640000000002,0.015690640000000002,0.0,0.0,1.6000000000000003,1.6000000000000003,0.0,0.0,0.2648665466308594,0.40505981445310146,1822,35,3,4,10744.0,10750.0,-6.0,-0.05581395348837209,10745.333333333334,-4.666666666666667,-0.043410852713178294
3.76613809610717,approaching,True,0.015690640000000002,0.015690640000000002,0.0,0.0,1.6000000000000003,1.6000000000000003,0.0,0.0,0.264860107421875,0.41149902343751155,1829,35,3,4,10745.0,10750.0,-5.0,-0.046511627906976744,10745.0,-5.0,-0.046511627906976744
3.814724822062999,approaching,True,0.015690640000000002,0.015690640000000002,0.0,0.0,1.6000000000000003,1.6000000000000003,0.0,0.0,0.264860107421875,0.41149902343751155,1834,35,3,4,10745.0,10750.0,-5.0,-0.046511627906976744,10745.0,-5.0,-0.046511627906976744
3.8658856581896544,approaching,True,0.015690640000000002,0.015690640000000002,0.0,0.0,1.6000000000000003,1.6000000000000003,0.0,0.0,0.2648407287597656,0.4308776855468932,1839,35,3,4,10748.0,10750.0,-2.0,-0.018604651162790697,10748.0,-2.0,-0.018604651162790697
3.899246938060969,approaching,True,0.015690640000000002,0.015690640000000002,0.0,0.0,1.6000000000000003,1.6000000000000003,0.0,0.0,0.2648407287597656,0.4308776855468932,1845,35,3,4,10742.0,10750.0,-8.0,-0.07441860465116279,10742.0,-8.0,-0.07441860465116279
3.9492616350762546,approaching,True,0.015690640000000002,0.015690640000000002,0.0,0.0,1.6000000000000003,1.6000000000000003,0.0,0.0,0.26482586669921876,0.4457397460937429,1851,35,3,4,10746.0,10750.0,-4.0,-0.037209302325581395,10746.0,-4.0,-0.037209302325581395
3.99937830818817,approaching,True,0.015690640000000002,0.015690640000000002,0.0,0.0,1.6000000000000003,1.6000000000000003,0.0,0.0,0.2647968139648438,0.474792480468722,1858,35,3,4,10743.0,10750.0,-7.0,-0.06511627906976744,10746.333333333334,-3.6666666666666665,-0.034108527131782945
4.064971323125064,approaching,True,0.015690640000000002,0.015690640000000002,0.0,0.0,1.6000000000000003,1.6000000000000003,0.0,0.0,0.2647968139648438,0.474792480468722,1864,35,3,4,10747.0,10750.0,-3.0,-0.027906976744186046,10747.0,-3.0,-0.027906976744186046
4.114556653192267,approaching,True,0.015690640000000002,0.015690640000000002,0.0,0.0,1.6000000000000003,1.6000000000000003,0.0,0.0,0.2646557922363281,0.6158142089843777,1870,35,3,4,10750.0,10750.0,0.0,0.0,10751.333333333334,1.3333333333333333,0.012403100775193798
4.147777435136959,approaching,True,0.015690640000000002,0.015690640000000002,0.0,0.0,1.6000000000000003,1.6000000000000003,0.0,0.0,0.2646557922363281,0.6158142089843777,1874,35,3,4,10750.0,10750.0,0.0,0.0,10750.0,0.0,0.0
4.197849950985983,approaching,True,0.015690640000000002,0.015690640000000002,0.0,0.0,1.6000000000000003,1.6000000000000003,0.0,0.0,0.264628173828125,0.6434326171875226,1881,35,3,4,10744.0,10750.0,-6.0,-0.05581395348837209,10742.666666666666,-7.333333333333333,-0.06821705426356589
4.2480629060883075,approaching,True,0.015690640000000002,0.015690640000000002,0.0,0.0,1.6000000000000003,1.6000000000000003,0.0,0.0,0.2645809326171875,0.690673828124988,1890,35,3,4,10746.0,10750.0,-4.0,-0.037209302325581395,10746.0,-4.0,-0.037209302325581395
4.29898763820529,approaching,True,0.015690640000000002,0.015690640000000002,0.0,0.0,1.6000000000000003,1.6000000000000003,0.0,0.0,0.2645809326171875,0.690673828124988,1896,35,3,4,10746.0,10750.0,-4.0,-0.037209302325581395,10746.0,-4.0,-0.037209302325581395
4.340180688071996,approaching,True,0.015690640000000002,0.015690640000000002,0.0,0.0,1.6000000000000003,1.6000000000000003,0.0,0.0,0.26444760131835937,0.8240051269531312,1902,35,3,4,10746.0,10750.0,-4.0,-0.037209302325581395,10746.666666666666,-3.3333333333333335,-0.031007751937984496
4.389607669087127,approaching,True,0.015690640000000002,0.015690640000000002,0.0,0.0,1.6000000000000003,1.6000000000000003,0.0,0.0,0.26434100341796873,0.9306030273437682,1912,35,3,4,10747.0,10750.0,-3.0,-0.027906976744186046,10747.0,-3.0,-0.027906976744186046
4.4478114831727,approaching,True,0.015690640000000002,0.015690640000000002,0.0,0.0,1.6000000000000003,1.6000000000000003,0.0,0.0,0.2643154296875,0.9561767578125102,1922,35,3,4,10747.0,10750.0,-3.0,-0.027906976744186046,10747.0,-3.0,-0.027906976744186046
4.500461393035948,approaching,True,0.015690640000000002,0.015690640000000002,0.0,0.0,1.6000000000000003,1.6000000000000003,0.0,0.0,0.2643154296875,0.9561767578125102,1929,35,3,4,10745.0,10750.0,-5.0,-0.046511627906976744,10745.0,-5.0,-0.046511627906976744
4.549851190065965,approaching,True,0.015690640000000002,0.015690640000000002,0.0,0.0,1.6000000000000003,1.6000000000000003,0.0,0.0,0.26431195068359375,0.9596557617187473,1935,35,3,4,10745.0,10750.0,-5.0,-0.046511627906976744,10748.333333333334,-1.6666666666666667,-0.015503875968992248
4.598779210122302,approaching,True,0.015690640000000002,0.015690640000000002,0.0,0.0,1.6000000000000003,1.6000000000000003,0.0,0.0,0.2643100280761719,0.9615783691406254,1940,35,3,4,10750.0,10750.0,0.0,0.0,10746.666666666666,-3.3333333333333335,-0.031007751937984496
4.648877253988758,approaching,True,0.015690640000000002,0.015690640000000002,0.0,0.0,1.6000000000000003,1.6000000000000003,0.0,0.0,0.2643024597167969,0.969146728515613,1949,35,3,4,10747.0,10750.0,-3.0,-0.027906976744186046,10747.0,-3.0,-0.027906976744186046
4.699308784212917,approaching,True,0.015690640000000002,0.015690640000000002,0.0,0.0,1.6000000000000003,1.6000000000000003,0.0,0.0,0.2643024597167969,0.969146728515613,1956,35,3,4,10742.0,10750.0,-8.0,-0.07441860465116279,10742.0,-8.0,-0.07441860465116279
4.749330445192754,approaching,True,0.015690640000000002,0.015690640000000002,0.0,0.0,1.6000000000000003,1.6000000000000003,0.0,0.0,0.26426397705078125,1.0076293945312509,1962,35,3,4,10758.0,10750.0,8.0,0.07441860465116279,10753.333333333334,3.3333333333333335,0.031007751937984496
4.799732341198251,approaching,True,0.015690640000000002,0.015690640000000002,0.0,0.0,1.6000000000000003,1.6000000000000003,0.0,0.0,0.26426397705078125,1.0076293945312509,1968,35,3,4,10747.0,10750.0,-3.0,-0.027906976744186046,10754.333333333334,4.333333333333333,0.040310077519379844
4.867293275194243,approaching,True,0.015690640000000002,0.015690640000000002,0.0,0.0,1.6000000000000003,1.6000000000000003,0.0,0.0,0.26413720703125,1.1343994140625147,1973,35,3,4,10747.0,10750.0,-3.0,-0.027906976744186046,10747.0,-3.0,-0.027906976744186046
4.899817681172863,approaching,True,0.015690640000000002,0.015690640000000002,0.0,0.0,1.6000000000000003,1.6000000000000003,0.0,0.0,0.2639792175292969,1.2923889160156299,1979,35,3,4,10742.0,10750.0,-8.0,-0.07441860465116279,10742.0,-8.0,-0.07441860465116279
4.949247184209526,approaching,True,0.015690640000000002,0.015690640000000002,0.0,0.0,1.6000000000000003,1.6000000000000003,0.0,0.0,0.2639792175292969,1.2923889160156299,1983,35,3,4,10749.0,10750.0,-1.0,-0.009302325581395349,10749.0,-1.0,-0.009302325581395349
4.998828710056841,approaching,True,0.015690640000000002,0.015690640000000002,0.0,0.0,1.6000000000000003,1.6000000000000003,0.0,0.0,0.2639537353515625,1.3178710937499782,1991,35,3,4,10755.0,10750.0,5.0,0.046511627906976744,10754.333333333334,4.333333333333333,0.040310077519379844
5.066696365131065,approaching,True,0.015690640000000002,0.015690640000000002,0.0,0.0,1.6000000000000003,1.6000000000000003,0.0,0.0,0.2639537353515625,1.3178710937499782,1998,35,3,4,10749.0,10750.0,-1.0,-0.009302325581395349,10749.0,-1.0,-0.009302325581395349
5.10080794012174,approaching,True,0.015690640000000002,0.015690640000000002,0.0,0.0,1.6000000000000003,1.6000000000000003,0.0,0.0,0.26394598388671875,1.325622558593753,2003,35,3,4,10743.0,10750.0,-7.0,-0.06511627906976744,10743.0,-7.0,-0.06511627906976744
5.149083688156679,approaching,True,0.015690640000000002,0.015690640000000002,0.0,0.0,1.6000000000000003,1.6000000000000003,0.0,0.0,0.26394598388671875,1.325622558593753,2008,35,3,4,10752.0,10750.0,2.0,0.018604651162790697,10752.0,2.0,0.018604651162790697
5.198770624119788,approaching,True,0.015690640000000002,0.015690640000000002,0.0,0.0,1.6000000000000003,1.6000000000000003,0.0,0.0,0.26394110107421875,1.3305053710937487,2014,35,3,4,10746.0,10750.0,-4.0,-0.037209302325581395,10744.0,-6.0,-0.05581395348837209
5.2648076941259205,approaching,True,0.015690640000000002,0.015690640000000002,0.0,0.0,1.6000000000000003,1.6000000000000003,0.0,0.0,0.2639381103515625,1.3334960937499973,2020,35,3,4,10749.0,10750.0,-1.0,-0.009302325581395349,10748.0,-2.0,-0.018604651162790697
5.298520689131692,approaching,True,0.015690640000000002,0.015690640000000002,0.0,0.0,1.6000000000000003,1.6000000000000003,0.0,0.0,0.2639381103515625,1.3334960937499973,2025,35,3,4,10751.0,10750.0,1.0,0.009302325581395349,10750.333333333334,0.3333333333333333,0.0031007751937984496
5.348488831194118,approaching,True,0.015690640000000002,0.015690640000000002,0.0,0.0,1.6000000000000003,1.6000000000000003,0.0,0.0,0.26392324829101566,1.348358154296847,2031,35,3,4,10745.0,10750.0,-5.0,-0.046511627906976744,10745.0,-5.0,-0.046511627906976744
5.398213909007609,approaching,True,0.015690640000000002,0.015690640000000002,0.0,0.0,1.6000000000000003,1.6000000000000003,0.0,0.0,0.26392324829101566,1.348358154296847,2037,35,3,4,10753.0,10750.0,3.0,0.027906976744186046,10753.0,3.0,0.027906976744186046
5.466375067131594,approaching,True,0.015690640000000002,0.015690640000000002,0.0,0.0,1.6000000000000003,1.6000000000000003,0.0,0.0,0.2638886108398438,1.3829956054687287,2043,35,3,4,10744.0,10750.0,-6.0,-0.05581395348837209,10746.666666666666,-3.3333333333333335,-0.031007751937984496
5.514388626208529,approaching,True,0.015690640000000002,0.015690640000000002,0.0,0.0,1.6000000000000003,1.6000000000000003,0.0,0.0,0.2637360229492188,1.5355834960937287,2049,35,3,4,10743.0,10750.0,-7.0,-0.06511627906976744,10743.0,-7.0,-0.06511627906976744
5.564731649123132,approaching,True,0.015690640000000002,0.015690640000000002,0.0,0.0,1.6000000000000003,1.6000000000000003,0.0,0.0,0.2637360229492188,1.5355834960937287,2055,35,3,4,10741.0,10750.0,-9.0,-0.08372093023255814,10741.0,-9.0,-0.08372093023255815
5.614762738114223,approaching,True,0.015690640000000002,0.015690640000000002,0.0,0.0,1.6000000000000003,1.6000000000000003,0.0,0.0,0.2636866455078125,1.5849609374999907,2061,35,3,4,10743.0,10750.0,-7.0,-0.06511627906976744,10747.666666666666,-2.3333333333333335,-0.021705426356589147
5.665750787127763,approaching,True,0.015690640000000002,0.015690640000000002,0.0,0.0,1.6000000000000003,1.6000000000000003,0.0,0.0,0.26358880615234376,1.6828002929687447,2066,35,3,4,10743.0,10750.0,-7.0,-0.06511627906976744,10743.0,-7.0,-0.06511627906976744
5.698545138118789,approaching,True,0.015690640000000002,0.015690640000000002,0.0,0.0,1.6000000000000003,1.6000000000000003,0.0,0.0,0.26358880615234376,1.6828002929687447,2073,35,3,4,10750.0,10750.0,0.0,0.0,10750.0,0.0,0.0
5.750165611039847,approaching,True,0.015690640000000002,0.015690640000000002,0.0,0.0,1.6000000000000003,1.6000000000000003,0.0,0.0,0.2635032043457031,1.7684020996093786,2079,35,3,4,10750.0,10750.0,0.0,0.0,10750.0,0.0,0.0
5.797648219158873,approaching,True,0.015690640000000002,0.015690640000000002,0.0,0.0,1.6000000000000003,1.6000000000000003,0.0,0.0,0.2635032043457031,1.7684020996093786,2085,35,3,4,10750.0,10750.0,0.0,0.0,10750.0,0.0,0.0
5.864682191051543,approaching,True,0.015690640000000002,0.015690640000000002,0.0,0.0,1.6000000000000003,1.6000000000000003,0.0,0.0,0.2634815979003906,1.790008544921895,2092,35,3,4,10747.0,10750.0,-3.0,-0.027906976744186046,10746.333333333334,-3.6666666666666665,-0.034108527131782945
5.915192464133725,approaching,True,0.015690640000000002,0.015690640000000002,0.0,0.0,1.6000000000000003,1.6000000000000003,0.0,0.0,0.2634642333984375,1.8073730468750049,2098,35,3,4,10742.0,10750.0,-8.0,-0.07441860465116279,10742.0,-8.0,-0.07441860465116279
5.9659889920149,approaching,True,0.015690640000000002,0.015690640000000002,0.0,0.0,1.6000000000000003,1.6000000000000003,0.0,0.0,0.2634642333984375,1.8073730468750049,2104,35,3,4,10746.0,10750.0,-4.0,-0.037209302325581395,10746.0,-4.0,-0.037209302325581395
6.00010951817967,approaching,True,0.015690640000000002,0.015690640000000002,0.0,0.0,1.6000000000000003,1.6000000000000003,0.0,0.0,0.26345751953125,1.814086914062485,2110,35,3,4,10748.0,10750.0,-2.0,-0.018604651162790697,10748.0,-2.0,-0.018604651162790697
6.064953190041706,approaching,True,0.015690640000000002,0.015690640000000002,0.0,0.0,1.6000000000000003,1.6000000000000003,0.0,0.0,0.26345751953125,1.814086914062485,2115,35,3,4,10746.0,10750.0,-4.0,-0.037209302325581395,10746.0,-4.0,-0.037209302325581395
6.098861973034218,approaching,True,0.015690640000000002,0.015690640000000002,0.0,0.0,1.6000000000000003,1.6000000000000003,0.0,0.0,0.2634576416015625,1.8139648437500155,2121,35,3,4,10745.0,10750.0,-5.0,-0.046511627906976744,10747.0,-3.0,-0.027906976744186046
6.149046113016084,approaching,True,0.015690640000000002,0.015690640000000002,0.0,0.0,1.6000000000000003,1.6000000000000003,0.0,0.0,0.2634576416015625,1.8139648437500155,2127,35,3,4,10743.0,10750.0,-7.0,-0.06511627906976744,10743.0,-7.0,-0.06511627906976744
6.198038279078901,approaching,True,0.015690640000000002,0.015690640000000002,0.0,0.0,1.6000000000000003,1.6000000000000003,0.0,0.0,0.2634470520019531,1.824554443359383,2132,35,3,4,10744.0,10750.0,-6.0,-0.05581395348837209,10744.0,-6.0,-0.05581395348837209
6.265011188108474,approaching,True,0.015690640000000002,0.015690640000000002,0.0,0.0,1.6000000000000003,1.6000000000000003,0.0,0.0,0.2634322814941406,1.8393249511718945,2138,35,3,4,10747.0,10750.0,-3.0,-0.027906976744186046,10747.0,-3.0,-0.027906976744186046
6.3150565680116415,approaching,True,0.015690640000000002,0.015690640000000002,0.0,0.0,1.6000000000000003,1.6000000000000003,0.0,0.0,0.2634322814941406,1.8393249511718945,2143,35,3,4,10747.0,10750.0,-3.0,-0.027906976744186046,10747.666666666666,-2.3333333333333335,-0.021705426356589147
6.364431658992544,approaching,True,0.015690640000000002,0.015690640000000002,0.0,0.0,1.6000000000000003,1.6000000000000003,0.0,0.0,0.2633365173339844,1.9350891113281143,2149,35,3,4,10740.0,10750.0,-10.0,-0.09302325581395349,10740.0,-10.0,-0.09302325581395349
6.415225003147498,approaching,True,0.015690640000000002,0.015690640000000002,0.0,0.0,1.6000000000000003,1.6000000000000003,0.0,0.0,0.26313711547851565,2.1344909667968537,2155,35,3,4,10745.0,10750.0,-5.0,-0.046511627906976744,10745.0,-5.0,-0.046511627906976744
6.465023581171408,approaching,True,0.015690640000000002,0.015690640000000002,0.0,0.0,1.6000000000000003,1.6000000000000003,0.0,0.0,0.26313711547851565,2.1344909667968537,2161,35,3,4,10747.0,10750.0,-3.0,-0.027906976744186046,10746.333333333334,-3.6666666666666665,-0.034108527131782945
6.499207669170573,approaching,True,0.015690640000000002,0.015690640000000002,0.0,0.0,1.6000000000000003,1.6000000000000003,0.0,0.0,0.26304791259765625,2.2236938476562496,2167,35,3,4,10751.0,10750.0,1.0,0.009302325581395349,10749.666666666666,-0.3333333333333333,-0.0031007751937984496
6.548006202094257,approaching,True,0.015690640000000002,0.015690640000000002,0.0,0.0,1.6000000000000003,1.6000000000000003,0.0,0.0,0.26304791259765625,2.2236938476562496,2175,35,3,4,10739.0,10750.0,-11.0,-0.10232558139534884,10739.0,-11.0,-0.10232558139534882
6.590493127005175,approaching,True,0.015690640000000002,0.015690640000000002,0.0,0.0,1.6000000000000003,1.6000000000000003,0.0,0.0,0.2629929809570313,2.2786254882812274,2184,35,3,4,10742.0,10750.0,-8.0,-0.07441860465116279,10742.0,-8.0,-0.07441860465116279
6.648976293159649,approaching,True,0.015690640000000002,0.015690640000000002,0.0,0.0,1.6000000000000003,1.6000000000000003,0.0,0.0,0.26287249755859377,2.399108886718737,2193,35,3,4,10738.0,10750.0,-12.0,-0.11162790697674418,10746.666666666666,-3.3333333333333335,-0.031007751937984496
6.700629539089277,approaching,True,0.015690640000000002,0.015690640000000002,0.0,0.0,1.6000000000000003,1.6000000000000003,0.0,0.0,0.26287249755859377,2.399108886718737,2201,35,3,4,10745.0,10750.0,-5.0,-0.046511627906976744,10742.666666666666,-7.333333333333333,-0.06821705426356589
6.7497149931732565,approaching,True,0.015690640000000002,0.015690640000000002,0.0,0.0,1.6000000000000003,1.6000000000000003,0.0,0.0,0.26280099487304687,2.470611572265635,2206,35,3,4,10747.0,10750.0,-3.0,-0.027906976744186046,10747.0,-3.0,-0.027906976744186046
6.7990730029996485,approaching,True,0.015690640000000002,0.015690640000000002,0.0,0.0,1.6000000000000003,1.6000000000000003,0.0,0.0,0.26261611938476564,2.6554870605468572,2212,35,3,4,10741.0,10750.0,-9.0,-0.08372093023255814,10741.0,-9.0,-0.08372093023255815
6.867912521120161,approaching,True,0.015690640000000002,0.015690640000000002,0.0,0.0,1.6000000000000003,1.6000000000000003,0.0,0.0,0.26261611938476564,2.6554870605468572,2217,35,3,4,10743.0,10750.0,-7.0,-0.06511627906976744,10743.0,-7.0,-0.06511627906976744
6.899914976209402,approaching,True,0.015690640000000002,0.015690640000000002,0.0,0.0,1.6000000000000003,1.6000000000000003,0.0,0.0,0.2625729064941406,2.69869995117189,2221,35,3,4,10737.0,10750.0,-13.0,-0.12093023255813953,10737.0,-13.0,-0.12093023255813955
6.950085106072947,approaching,True,0.015690640000000002,0.015690640000000002,0.0,0.0,1.6000000000000003,1.6000000000000003,0.0,0.0,0.2625729064941406,2.69869995117189,2228,35,3,4,10749.0,10750.0,-1.0,-0.009302325581395349,10748.0,-2.0,-0.018604651162790697
6.998068632092327,approaching,True,0.015690640000000002,0.015690640000000002,0.0,0.0,1.6000000000000003,1.6000000000000003,0.0,0.0,0.26256765747070315,2.7039489746093492,2237,35,3,4,10749.0,10750.0,-1.0,-0.009302325581395349,10749.0,-1.0,-0.009302325581395349
7.047860331134871,approaching,True,0.015690640000000002,0.015690640000000002,0.0,0.0,1.6000000000000003,1.6000000000000003,0.0,0.0,0.26256503295898437,2.7065734863281343,2246,35,3,4,10740.0,10750.0,-10.0,-0.09302325581395349,10740.0,-10.0,-0.09302325581395349
7.099147688131779,approaching,True,0.015690640000000002,0.015690640000000002,0.0,0.0,1.6000000000000003,1.6000000000000003,0.0,0.0,0.26256503295898437,2.7065734863281343,2252,35,3,4,10741.0,10750.0,-9.0,-0.08372093023255814,10744.333333333334,-5.666666666666667,-0.05271317829457364
7.139741697115824,approaching,True,0.015690640000000002,0.015690640000000002,0.0,0.0,1.6000000000000003,1.6000000000000003,0.0,0.0,0.26255947875976565,2.71212768554685,2258,35,3,4,10747.0,10750.0,-3.0,-0.027906976744186046,10745.0,-5.0,-0.046511627906976744
7.189550483133644,approaching,True,0.015690640000000002,0.015690640000000002,0.0,0.0,1.6000000000000003,1.6000000000000003,0.0,0.0,0.2625535888671875,2.7180175781250093,2268,35,3,4,10740.0,10750.0,-10.0,-0.09302325581395349,10740.0,-10.0,-0.09302325581395349
7.248274496989325,approaching,True,0.015690640000000002,0.015690640000000002,0.0,0.0,1.6000000000000003,1.6000000000000003,0.0,0.0,0.262542724609375,2.728881835937502,2278,35,3,4,10744.0,10750.0,-6.0,-0.05581395348837209,10744.0,-6.0,-0.05581395348837209
7.298859011149034,approaching,True,0.015690640000000002,0.015690640000000002,0.0,0.0,1.6000000000000003,1.6000000000000003,0.0,0.0,0.262542724609375,2.728881835937502,2284,35,3,4,10742.0,10750.0,-8.0,-0.07441860465116279,10742.0,-8.0,-0.07441860465116279
7.349128305213526,approaching,True,0.015690640000000002,0.015690640000000002,0.0,0.0,1.6000000000000003,1.6000000000000003,0.0,0.0,0.26252618408203127,2.745422363281236,2292,35,3,4,10748.0,10750.0,-2.0,-0.018604651162790697,10748.0,-2.0,-0.018604651162790697
7.399089890066534,approaching,True,0.015690640000000002,0.015690640000000002,0.0,0.0,1.6000000000000003,1.6000000000000003,0.0,0.0,0.26249102783203127,2.780578613281237,2297,35,3,4,10748.0,10750.0,-2.0,-0.018604651162790697,10748.0,-2.0,-0.018604651162790697
7.448352974141017,approaching,True,0.015690640000000002,0.015690640000000002,0.0,0.0,1.6000000000000003,1.6000000000000003,0.0,0.0,0.26249102783203127,2.780578613281237,2302,35,3,4,10750.0,10750.0,0.0,0.0,10750.0,0.0,0.0
7.498581029009074,approaching,True,0.015690640000000002,0.015690640000000002,0.0,0.0,1.6000000000000003,1.6000000000000003,0.0,0.0,0.262369384765625,2.902221679687511,2309,35,3,4,10752.0,10750.0,2.0,0.018604651162790697,10752.0,2.0,0.018604651162790697
7.548399234190583,approaching,True,0.015690640000000002,0.015690640000000002,0.0,0.0,1.6000000000000003,1.6000000000000003,0.0,0.0,0.262369384765625,2.902221679687511,2314,35,3,4,10754.0,10750.0,4.0,0.037209302325581395,10754.0,4.0,0.037209302325581395
7.598017067182809,approaching,True,0.015690640000000002,0.015690640000000002,0.0,0.0,1.6000000000000003,1.6000000000000003,0.0,0.0,0.26223660278320315,3.035003662109348,2320,35,3,4,10747.0,10750.0,-3.0,-0.027906976744186046,10747.333333333334,-2.6666666666666665,-0.024806201550387597
7.664640655042604,approaching,True,0.015690640000000002,0.015690640000000002,0.0,0.0,1.6000000000000003,1.6000000000000003,0.0,0.0,0.2621124572753906,3.159149169921882,2328,35,3,4,10746.0,10750.0,-4.0,-0.037209302325581395,10746.0,-4.0,-0.037209302325581395
7.714802704984322,approaching,True,0.015690640000000002,0.015690640000000002,0.0,0.0,1.6000000000000003,1.6000000000000003,0.0,0.0,0.2621124572753906,3.159149169921882,2333,35,3,4,10741.0,10750.0,-9.0,-0.08372093023255814,10741.0,-9.0,-0.08372093023255815
7.765650073997676,approaching,True,0.015690640000000002,0.015690640000000002,0.0,0.0,1.6000000000000003,1.6000000000000003,0.0,0.0,0.26203729248046875,3.234313964843749,2339,35,3,4,10746.0,10750.0,-4.0,-0.037209302325581395,10743.333333333334,-6.666666666666667,-0.06201550387596899
7.814398712012917,approaching,True,0.015690640000000002,0.015690640000000002,0.0,0.0,1.6000000000000003,1.6000000000000003,0.0,0.0,0.26203729248046875,3.234313964843749,2346,35,3,4,10743.0,10750.0,-7.0,-0.06511627906976744,10743.0,-7.0,-0.06511627906976744
7.881863619200885,approaching,True,0.015690640000000002,0.015690640000000002,0.0,0.0,1.6000000000000003,1.6000000000000003,0.0,0.0,0.2618226318359375,3.4489746093749885,2351,35,3,4,10749.0,10750.0,-1.0,-0.009302325581395349,10749.0,-1.0,-0.009302325581395349
7.899238657206297,approaching,True,0.015690640000000002,0.015690640000000002,0.0,0.0,1.6000000000000003,1.6000000000000003,0.0,0.0,0.26176361083984373,3.507995605468772,2355,35,3,4,10745.0,10750.0,-5.0,-0.046511627906976744,10745.0,-5.0,-0.046511627906976744
7.94948396505788,approaching,True,0.015690640000000002,0.015690640000000002,0.0,0.0,1.6000000000000003,1.6000000000000003,0.0,0.0,0.26176361083984373,3.507995605468772,2361,35,3,4,10748.0,10750.0,-2.0,-0.018604651162790697,10748.666666666666,-1.3333333333333333,-0.012403100775193798
7.999238132033497,approaching,True,0.015690640000000002,0.015690640000000002,0.0,0.0,1.6000000000000003,1.6000000000000003,0.0,0.0,0.26173541259765626,3.536193847656244,2366,35,3,4,10749.0,10750.0,-1.0,-0.009302325581395349,10748.333333333334,-1.6666666666666667,-0.015503875968992248
8.065105234039947,approaching,True,0.015690640000000002,0.015690640000000002,0.0,0.0,1.6000000000000003,1.6000000000000003,0.0,0.0,0.26171670532226565,3.5549011230468497,2373,35,3,4,10751.0,10750.0,1.0,0.009302325581395349,10751.0,1.0,0.009302325581395349
8.114546737167984,approaching,True,0.015690640000000002,0.015690640000000002,0.0,0.0,1.6000000000000003,1.6000000000000003,0.0,0.0,0.26171670532226565,3.5549011230468497,2379,35,3,4,10748.0,10750.0,-2.0,-0.018604651162790697,10748.0,-2.0,-0.018604651162790697
8.165005936054513,approaching,True,0.015690640000000002,0.015690640000000002,0.0,0.0,1.6000000000000003,1.6000000000000003,0.0,0.0,0.26169268798828127,3.5789184570312327,2385,35,3,4,10741.0,10750.0,-9.0,-0.08372093023255814,10746.333333333334,-3.6666666666666665,-0.034108527131782945
8.214980649994686,approaching,True,0.015690640000000002,0.015690640000000002,0.0,0.0,1.6000000000000003,1.6000000000000003,0.0,0.0,0.26169268798828127,3.5789184570312327,2391,35,3,4,10754.0,10750.0,4.0,0.037209302325581395,10749.666666666666,-0.3333333333333333,-0.0031007751937984496
8.265094905160367,approaching,True,0.015690640000000002,0.015690640000000002,0.0,0.0,1.6000000000000003,1.6000000000000003,0.0,0.0,0.26168457031250003,3.587036132812471,2397,35,3,4,10748.0,10750.0,-2.0,-0.018604651162790697,10748.0,-2.0,-0.018604651162790697
8.300366300158203,approaching,True,0.015690640000000002,0.015690640000000002,0.0,0.0,1.6000000000000003,1.6000000000000003,0.0,0.0,0.26168457031250003,3.587036132812471,2402,35,3,4,10749.0,10750.0,-1.0,-0.009302325581395349,10749.0,-1.0,-0.009302325581395349
8.34842158621177,approaching,True,0.015690640000000002,0.015690640000000002,0.0,0.0,1.6000000000000003,1.6000000000000003,0.0,0.0,0.2616680908203125,3.603515624999998,2408,35,3,4,10742.0,10750.0,-8.0,-0.07441860465116279,10741.333333333334,-8.666666666666666,-0.08062015503875969
8.399437372107059,approaching,True,0.015690640000000002,0.015690640000000002,0.0,0.0,1.6000000000000003,1.6000000000000003,0.0,0.0,0.2616630859375,3.608520507812518,2413,35,3,4,10746.0,10750.0,-4.0,-0.037209302325581395,10743.333333333334,-6.666666666666667,-0.06201550387596899
8.464814763981849,approaching,True,0.015690640000000002,0.015690640000000002,0.0,0.0,1.6000000000000003,1.6000000000000003,0.0,0.0,0.2616630859375,3.608520507812518,2420,35,3,4,10747.0,10750.0,-3.0,-0.027906976744186046,10747.0,-3.0,-0.027906976744186046
8.514603704214096,approaching,True,0.015690640000000002,0.015690640000000002,0.0,0.0,1.6000000000000003,1.6000000000000003,0.0,0.0,0.26165509033203127,3.616516113281232,2425,35,3,4,10739.0,10750.0,-11.0,-0.10232558139534884,10739.0,-11.0,-0.10232558139534882
8.565820452058688,approaching,True,0.015690640000000002,0.015690640000000002,0.0,0.0,1.6000000000000003,1.6000000000000003,0.0,0.0,0.26165509033203127,3.616516113281232,2431,35,3,4,10743.0,10750.0,-7.0,-0.06511627906976744,10743.0,-7.0,-0.06511627906976744
8.602300897007808,approaching,True,0.015690640000000002,0.015690640000000002,0.0,0.0,1.6000000000000003,1.6000000000000003,0.0,0.0,0.26164123535156253,3.6303710937499734,2438,35,3,4,10742.0,10750.0,-8.0,-0.07441860465116279,10744.666666666666,-5.333333333333333,-0.04961240310077519
8.665422063088045,approaching,True,0.015690640000000002,0.015690640000000002,0.0,0.0,1.6000000000000003,1.6000000000000003,0.0,0.0,0.26161407470703124,3.657531738281261,2443,35,3,4,10737.0,10750.0,-13.0,-0.12093023255813953,10738.666666666666,-11.333333333333334,-0.10542635658914729
8.699178397189826,approaching,True,0.015690640000000002,0.015690640000000002,0.0,0.0,1.6000000000000003,1.6000000000000003,0.0,0.0,0.26161407470703124,3.657531738281261,2450,35,3,4,10750.0,10750.0,0.0,0.0,10750.0,0.0,0.0
8.748512470163405,approaching,True,0.015690640000000002,0.015690640000000002,0.0,0.0,1.6000000000000003,1.6000000000000003,0.0,0.0,0.26146661376953123,3.8049926757812713,2456,35,3,4,10742.0,10750.0,-8.0,-0.07441860465116279,10742.0,-8.0,-0.07441860465116279
8.798885312164202,approaching,True,0.015690640000000002,0.015690640000000002,0.0,0.0,1.6000000000000003,1.6000000000000003,0.0,0.0,0.26146661376953123,3.8049926757812713,2462,35,3,4,10747.0,10750.0,-3.0,-0.027906976744186046,10745.0,-5.0,-0.046511627906976744
8.864875425118953,approaching,True,0.015690640000000002,0.015690640000000002,0.0,0.0,1.6000000000000003,1.6000000000000003,0.0,0.0,0.26126382446289065,4.007781982421854,2467,35,3,4,10741.0,10750.0,-9.0,-0.08372093023255814,10743.0,-7.0,-0.06511627906976744
8.914921386167407,approaching,True,0.015690640000000002,0.015690640000000002,0.0,0.0,1.6000000000000003,1.6000000000000003,0.0,0.0,0.26114749145507815,4.124114990234351,2473,35,3,4,10743.0,10750.0,-7.0,-0.06511627906976744,10743.0,-7.0,-0.06511627906976744
8.967380852205679,approaching,True,0.015690640000000002,0.015690640000000002,0.0,0.0,1.6000000000000003,1.6000000000000003,0.0,0.0,0.26114749145507815,4.124114990234351,2478,35,3,4,10742.0,10750.0,-8.0,-0.07441860465116279,10742.0,-8.0,-0.07441860465116279
9.002927451161668,approaching,True,0.015690640000000002,0.015690640000000002,0.0,0.0,1.6000000000000003,1.6000000000000003,0.0,0.0,0.26102548217773436,4.2461242675781445,2485,35,3,4,10742.0,10750.0,-8.0,-0.07441860465116279,10744.0,-6.0,-0.05581395348837209
9.065113291144371,approaching,True,0.015690640000000002,0.015690640000000002,0.0,0.0,1.6000000000000003,1.6000000000000003,0.0,0.0,0.26102548217773436,4.2461242675781445,2492,35,3,4,10747.0,10750.0,-3.0,-0.027906976744186046,10747.0,-3.0,-0.027906976744186046
9.100212080171332,approaching,True,0.015690640000000002,0.015690640000000002,0.0,0.0,1.6000000000000003,1.6000000000000003,0.0,0.0,0.2608851318359375,4.386474609375024,2497,35,3,4,10738.0,10750.0,-12.0,-0.11162790697674418,10741.0,-9.0,-0.08372093023255815
9.149277824210003,approaching,True,0.015690640000000002,0.015690640000000002,0.0,0.0,1.6000000000000003,1.6000000000000003,0.0,0.0,0.2608851318359375,4.386474609375024,2503,35,3,4,10742.0,10750.0,-8.0,-0.07441860465116279,10742.0,-8.0,-0.07441860465116279
9.199012493016198,approaching,True,0.015690640000000002,0.015690640000000002,0.0,0.0,1.6000000000000003,1.6000000000000003,0.0,0.0,0.26085028076171873,4.421325683593769,2509,35,3,4,10749.0,10750.0,-1.0,-0.009302325581395349,10749.0,-1.0,-0.009302325581395349
9.26485661114566,approaching,True,0.015690640000000002,0.015690640000000002,0.0,0.0,1.6000000000000003,1.6000000000000003,0.0,0.0,0.26083990478515623,4.431701660156273,2515,35,3,4,10747.0,10750.0,-3.0,-0.027906976744186046,10747.0,-3.0,-0.027906976744186046
9.299465980147943,approaching,True,0.015690640000000002,0.015690640000000002,0.0,0.0,1.6000000000000003,1.6000000000000003,0.0,0.0,0.26083990478515623,4.431701660156273,2522,35,3,4,10743.0,10750.0,-7.0,-0.06511627906976744,10743.0,-7.0,-0.06511627906976744
9.348623594036326,approaching,True,0.015690640000000002,0.015690640000000002,0.0,0.0,1.6000000000000003,1.6000000000000003,0.0,0.0,0.2608379516601563,4.433654785156227,2528,35,3,4,10746.0,10750.0,-4.0,-0.037209302325581395,10746.0,-4.0,-0.037209302325581395
9.398822175106034,approaching,True,0.015690640000000002,0.015690640000000002,0.0,0.0,1.6000000000000003,1.6000000000000003,0.0,0.0,0.2608379516601563,4.433654785156227,2534,35,3,4,10753.0,10750.0,3.0,0.027906976744186046,10753.0,3.0,0.027906976744186046
9.466472997097299,approaching,True,0.015690640000000002,0.015690640000000002,0.0,0.0,1.6000000000000003,1.6000000000000003,0.0,0.0,0.26084222412109376,4.429382324218745,2539,35,3,4,10749.0,10750.0,-1.0,-0.009302325581395349,10749.0,-1.0,-0.009302325581395349
9.514672271208838,approaching,True,0.015690640000000002,0.015690640000000002,0.0,0.0,1.6000000000000003,1.6000000000000003,0.0,0.0,0.26083554077148435,4.436065673828149,2544,35,3,4,10745.0,10750.0,-5.0,-0.046511627906976744,10744.666666666666,-5.333333333333333,-0.04961240310077519
9.566087445011362,approaching,True,0.015690640000000002,0.015690640000000002,0.0,0.0,1.6000000000000003,1.6000000000000003,0.0,0.0,0.26083554077148435,4.436065673828149,2550,35,3,4,10748.0,10750.0,-2.0,-0.018604651162790697,10747.0,-3.0,-0.027906976744186046
9.598380731185898,approaching,True,0.015690640000000002,0.015690640000000002,0.0,0.0,1.6000000000000003,1.6000000000000003,0.0,0.0,0.26081817626953124,4.453430175781259,2557,35,3,4,10746.0,10750.0,-4.0,-0.037209302325581395,10746.0,-4.0,-0.037209302325581395
9.649319383082911,approaching,True,0.015690640000000002,0.015690640000000002,0.0,0.0,1.6000000000000003,1.6000000000000003,0.0,0.0,0.26081817626953124,4.453430175781259,2566,35,3,4,10744.0,10750.0,-6.0,-0.05581395348837209,10744.0,-6.0,-0.05581395348837209
9.699005553033203,approaching,True,0.015690640000000002,0.015690640000000002,0.0,0.0,1.6000000000000003,1.6000000000000003,0.0,0.0,0.26079583740234374,4.475769042968758,2572,35,3,4,10744.0,10750.0,-6.0,-0.05581395348837209,10744.0,-6.0,-0.05581395348837209
9.749060049187392,approaching,True,0.015690640000000002,0.015690640000000002,0.0,0.0,1.6000000000000003,1.6000000000000003,0.0,0.0,0.26077603149414064,4.495574951171866,2578,35,3,4,10744.0,10750.0,-6.0,-0.05581395348837209,10744.0,-6.0,-0.05581395348837209
9.798837520182133,approaching,True,0.015690640000000002,0.015690640000000002,0.0,0.0,1.6000000000000003,1.6000000000000003,0.0,0.0,0.26077603149414064,4.495574951171866,2584,35,3,4,10739.0,10750.0,-11.0,-0.10232558139534884,10739.0,-11.0,-0.10232558139534882
9.864840046036988,approaching,True,0.015690640000000002,0.015690640000000002,0.0,0.0,1.6000000000000003,1.6000000000000003,0.0,0.0,0.2607612609863281,4.510345458984377,2590,35,3,4,10746.0,10750.0,-4.0,-0.037209302325581395,10746.0,-4.0,-0.037209302325581395
9.89904069621116,approaching,True,0.015690640000000002,0.015690640000000002,0.0,0.0,1.6000000000000003,1.6000000000000003,0.0,0.0,0.2607612609863281,4.510345458984377,2595,35,3,4,10745.0,10750.0,-5.0,-0.046511627906976744,10745.0,-5.0,-0.046511627906976744
9.949276069179177,approaching,True,0.015690640000000002,0.015690640000000002,0.0,0.0,1.6000000000000003,1.6000000000000003,0.0,0.0,0.2607380676269531,4.533538818359384,2601,35,3,4,10745.0,10750.0,-5.0,-0.046511627906976744,10743.666666666666,-6.333333333333333,-0.05891472868217054
9.998877161182463,approaching,True,0.015690640000000002,0.015690640000000002,0.0,0.0,1.6000000000000003,1.6000000000000003,0.0,0.0,0.26067092895507815,4.60067749023435,2608,35,3,4,10747.0,10750.0,-3.0,-0.027906976744186046,10747.0,-3.0,-0.027906976744186046
10.06776013202034,approaching,True,0.015690640000000002,0.015690640000000002,0.0,0.0,1.6000000000000003,1.6000000000000003,0.0,0.0,0.26067092895507815,4.60067749023435,2613,35,3,4,10740.0,10750.0,-10.0,-0.09302325581395349,10740.0,-10.0,-0.09302325581395349
10.09828386316076,approaching,True,0.015690640000000002,0.015690640000000002,0.0,0.0,1.6000000000000003,1.6000000000000003,0.0,0.0,0.2604544677734375,4.817138671874998,2618,35,3,4,10740.0,10750.0,-10.0,-0.09302325581395349,10743.0,-7.0,-0.06511627906976744
10.148314762162045,approaching,True,0.015690640000000002,0.015690640000000002,0.0,0.0,1.6000000000000003,1.6000000000000003,0.0,0.0,0.2602864990234375,4.985107421875023,2626,35,3,4,10747.0,10750.0,-3.0,-0.027906976744186046,10747.0,-3.0,-0.027906976744186046
10.189762709196657,approaching,True,0.015690640000000002,0.015690640000000002,0.0,0.0,1.6000000000000003,1.6000000000000003,0.0,0.0,0.2602864990234375,4.985107421875023,2635,35,3,4,10747.0,10750.0,-3.0,-0.027906976744186046,10747.0,-3.0,-0.027906976744186046
10.248200079193339,approaching,True,0.015690640000000002,0.015690640000000002,0.0,0.0,1.6000000000000003,1.6000000000000003,0.0,0.0,0.26019586181640625,5.0757446289062536,2644,35,3,4,10742.0,10750.0,-8.0,-0.07441860465116279,10742.0,-8.0,-0.07441860465116279
10.2990701131057,approaching,True,0.015690640000000002,0.015690640000000002,0.0,0.0,1.6000000000000003,1.6000000000000003,0.0,0.0,0.2600470886230469,5.2245178222656286,2650,35,3,4,10745.0,10750.0,-5.0,-0.046511627906976744,10745.0,-5.0,-0.046511627906976744
10.348933837143704,approaching,True,0.015690640000000002,0.015690640000000002,0.0,0.0,1.6000000000000003,1.6000000000000003,0.0,0.0,0.2600470886230469,5.2245178222656286,2656,35,3,4,10745.0,10750.0,-5.0,-0.046511627906976744,10743.333333333334,-6.666666666666667,-0.06201550387596899
10.398687523091212,approaching,True,0.015690640000000002,0.015690640000000002,0.0,0.0,1.6000000000000003,1.6000000000000003,0.0,0.0,0.26002035522460937,5.251251220703135,2662,35,3,4,10743.0,10750.0,-7.0,-0.06511627906976744,10743.666666666666,-6.333333333333333,-0.05891472868217054
10.466126546030864,approaching,True,0.015690640000000002,0.015690640000000002,0.0,0.0,1.6000000000000003,1.6000000000000003,0.0,0.0,0.26000616455078124,5.265441894531264,2668,35,3,4,10742.0,10750.0,-8.0,-0.07441860465116279,10742.0,-8.0,-0.07441860465116279
10.498815910192207,approaching,True,0.015690640000000002,0.015690640000000002,0.0,0.0,1.6000000000000003,1.6000000000000003,0.0,0.0,0.26000616455078124,5.265441894531264,2675,35,3,4,10749.0,10750.0,-1.0,-0.009302325581395349,10747.0,-3.0,-0.027906976744186046
10.549128071172163,approaching,True,0.015690640000000002,0.015690640000000002,0.0,0.0,1.6000000000000003,1.6000000000000003,0.0,0.0,0.25998040771484376,5.291198730468738,2682,35,3,4,10751.0,10750.0,1.0,0.009302325581395349,10751.0,1.0,0.009302325581395349
10.598164189141244,approaching,True,0.015690640000000002,0.015690640000000002,0.0,0.0,1.6000000000000003,1.6000000000000003,0.0,0.0,0.25998040771484376,5.291198730468738,2686,35,3,4,10742.0,10750.0,-8.0,-0.07441860465116279,10745.0,-5.0,-0.046511627906976744
10.665510449092835,approaching,True,0.015690640000000002,0.015690640000000002,0.0,0.0,1.6000000000000003,1.6000000000000003,0.0,0.0,0.2599537048339844,5.317901611328113,2692,35,3,4,10744.0,10750.0,-6.0,-0.05581395348837209,10744.0,-6.0,-0.05581395348837209
10.714427554048598,approaching,True,0.015690640000000002,0.015690640000000002,0.0,0.0,1.6000000000000003,1.6000000000000003,0.0,0.0,0.2599537048339844,5.317901611328113,2696,35,3,4,10742.0,10750.0,-8.0,-0.07441860465116279,10742.0,-8.0,-0.07441860465116279
10.764554641209543,approaching,True,0.015690640000000002,0.015690640000000002,0.0,0.0,1.6000000000000003,1.6000000000000003,0.0,0.0,0.25988284301757814,5.388763427734366,2702,35,3,4,10739.0,10750.0,-11.0,-0.10232558139534884,10745.666666666666,-4.333333333333333,-0.040310077519379844
10.815054913982749,approaching,True,0.015690640000000002,0.015690640000000002,0.0,0.0,1.6000000000000003,1.6000000000000003,0.0,0.0,0.25985958862304687,5.412017822265636,2708,35,3,4,10746.0,10750.0,-4.0,-0.037209302325581395,10743.666666666666,-6.333333333333333,-0.05891472868217054
10.848425856092945,approaching,True,0.015690640000000002,0.015690640000000002,0.0,0.0,1.6000000000000003,1.6000000000000003,0.0,0.0,0.25985958862304687,5.412017822265636,2714,35,3,4,10746.0,10750.0,-4.0,-0.037209302325581395,10746.0,-4.0,-0.037209302325581395
10.900066356174648,approaching,True,0.015690640000000002,0.015690640000000002,0.0,0.0,1.6000000000000003,1.6000000000000003,0.0,0.0,0.25985241699218753,5.419189453124973,2719,35,3,4,10746.0,10750.0,-4.0,-0.037209302325581395,10746.0,-4.0,-0.037209302325581395
10.950050807092339,approaching,True,0.015690640000000002,0.015690640000000002,0.0,0.0,1.6000000000000003,1.6000000000000003,0.0,0.0,0.25985241699218753,5.419189453124973,2725,35,3,4,10752.0,10750.0,2.0,0.018604651162790697,10747.333333333334,-2.6666666666666665,-0.024806201550387597
11.001096233027056,approaching,True,0.015690640000000002,0.015690640000000002,0.0,0.0,1.6000000000000003,1.6000000000000003,0.0,0.0,0.2598504638671875,5.421142578124982,2731,35,3,4,10739.0,10750.0,-11.0,-0.10232558139534884,10743.333333333334,-6.666666666666667,-0.06201550387596899
11.066647998988628,approaching,True,0.015690640000000002,0.015690640000000002,0.0,0.0,1.6000000000000003,1.6000000000000003,0.0,0.0,0.2598389892578125,5.4326171874999885,2738,35,3,4,10745.0,10750.0,-5.0,-0.046511627906976744,10745.0,-5.0,-0.046511627906976744
11.103145108092576,approaching,True,0.015690640000000002,0.015690640000000002,0.0,0.0,1.6000000000000003,1.6000000000000003,0.0,0.0,0.2598389892578125,5.4326171874999885,2743,35,3,4,10743.0,10750.0,-7.0,-0.06511627906976744,10743.0,-7.0,-0.06511627906976744
11.149326396174729,approaching,True,0.015690640000000002,0.015690640000000002,0.0,0.0,1.6000000000000003,1.6000000000000003,0.0,0.0,0.25981414794921875,5.457458496093748,2749,35,3,4,10742.0,10750.0,-8.0,-0.07441860465116279,10740.0,-10.0,-0.09302325581395349
11.199264743132517,approaching,True,0.015690640000000002,0.015690640000000002,0.0,0.0,1.6000000000000003,1.6000000000000003,0.0,0.0,0.25981414794921875,5.457458496093748,2755,35,3,4,10744.0,10750.0,-6.0,-0.05581395348837209,10744.0,-6.0,-0.05581395348837209
11.266779473982751,approaching,True,0.015690640000000002,0.015690640000000002,0.0,0.0,1.6000000000000003,1.6000000000000003,0.0,0.0,0.25979150390625,5.4801025390625036,2763,35,3,4,10745.0,10750.0,-5.0,-0.046511627906976744,10745.0,-5.0,-0.046511627906976744
11.31562422006391,approaching,True,0.015690640000000002,0.015690640000000002,0.0,0.0,1.6000000000000003,1.6000000000000003,0.0,0.0,0.25979150390625,5.4801025390625036,2768,35,3,4,10747.0,10750.0,-3.0,-0.027906976744186046,10747.0,-3.0,-0.027906976744186046
11.349861069116741,approaching,True,0.015690640000000002,0.015690640000000002,0.0,0.0,1.6000000000000003,1.6000000000000003,0.0,0.0,0.25972494506835936,5.546661376953144,2774,35,3,4,10738.0,10750.0,-12.0,-0.11162790697674418,10738.0,-12.0,-0.11162790697674418
11.399302266072482,approaching,True,0.015690640000000002,0.015690640000000002,0.0,0.0,1.6000000000000003,1.6000000000000003,0.0,0.0,0.2596409606933594,5.6306457519531,2781,35,3,4,10751.0,10750.0,1.0,0.009302325581395349,10751.0,1.0,0.009302325581395349
11.465122968191281,approaching,True,0.015690640000000002,0.015690640000000002,0.0,0.0,1.6000000000000003,1.6000000000000003,0.0,0.0,0.2596409606933594,5.6306457519531,2786,35,3,4,10747.0,10750.0,-3.0,-0.027906976744186046,10748.333333333334,-1.6666666666666667,-0.015503875968992248
11.498735438100994,approaching,True,0.015690640000000002,0.015690640000000002,0.0,0.0,1.6000000000000003,1.6000000000000003,0.0,0.0,0.25952600097656253,5.74560546874997,2790,35,3,4,10740.0,10750.0,-10.0,-0.09302325581395349,10742.333333333334,-7.666666666666667,-0.07131782945736434
11.548219822114334,approaching,True,0.015690640000000002,0.015690640000000002,0.0,0.0,1.6000000000000003,1.6000000000000003,0.0,0.0,0.25952600097656253,5.74560546874997,2795,35,3,4,10746.0,10750.0,-4.0,-0.037209302325581395,10746.0,-4.0,-0.037209302325581395
11.5983729690779,approaching,True,0.015690640000000002,0.015690640000000002,0.0,0.0,1.6000000000000003,1.6000000000000003,0.0,0.0,0.2594941711425781,5.777435302734391,2801,35,3,4,10748.0,10750.0,-2.0,-0.018604651162790697,10742.0,-8.0,-0.07441860465116279
11.66503463499248,approaching,True,0.015690640000000002,0.015690640000000002,0.0,0.0,1.6000000000000003,1.6000000000000003,0.0,0.0,0.25941839599609373,5.853210449218771,2808,35,3,4,10746.0,10750.0,-4.0,-0.037209302325581395,10746.0,-4.0,-0.037209302325581395
11.71497802506201,approaching,True,0.015690640000000002,0.015690640000000002,0.0,0.0,1.6000000000000003,1.6000000000000003,0.0,0.0,0.25941839599609373,5.853210449218771,2813,35,3,4,10748.0,10750.0,-2.0,-0.018604651162790697,10748.0,-2.0,-0.018604651162790697
11.764996881131083,approaching,True,0.015690640000000002,0.015690640000000002,0.0,0.0,1.6000000000000003,1.6000000000000003,0.0,0.0,0.25925134277343753,6.02026367187497,2819,35,3,4,10748.0,10750.0,-2.0,-0.018604651162790697,10748.0,-2.0,-0.018604651162790697
11.814869322115555,approaching,True,0.015690640000000002,0.015690640000000002,0.0,0.0,1.6000000000000003,1.6000000000000003,0.0,0.0,0.2591680908203125,6.103515625,2825,35,3,4,10746.0,10750.0,-4.0,-0.037209302325581395,10744.666666666666,-5.333333333333333,-0.04961240310077519
11.865342670120299,approaching,True,0.015690640000000002,0.015690640000000002,0.0,0.0,1.6000000000000003,1.6000000000000003,0.0,0.0,0.2591680908203125,6.103515625,2831,35,3,4,10749.0,10750.0,-1.0,-0.009302325581395349,10748.0,-2.0,-0.018604651162790697
11.898766466183588,approaching,True,0.015690640000000002,0.015690640000000002,0.0,0.0,1.6000000000000003,1.6000000000000003,0.0,0.0,0.25913070678710937,6.140899658203136,2837,35,3,4,10747.0,10750.0,-3.0,-0.027906976744186046,10747.0,-3.0,-0.027906976744186046
11.949206844205037,approaching,True,0.015690640000000002,0.015690640000000002,0.0,0.0,1.6000000000000003,1.6000000000000003,0.0,0.0,0.25913070678710937,6.140899658203136,2843,35,3,4,10745.0,10750.0,-5.0,-0.046511627906976744,10745.0,-5.0,-0.046511627906976744
12.00115670915693,approaching,True,0.015690640000000002,0.015690640000000002,0.0,0.0,1.6000000000000003,1.6000000000000003,0.0,0.0,0.259114501953125,6.157104492187482,2849,35,3,4,10745.0,10750.0,-5.0,-0.046511627906976744,10745.0,-5.0,-0.046511627906976744
12.06747696804814,approaching,True,0.015690640000000002,0.015690640000000002,0.0,0.0,1.6000000000000003,1.6000000000000003,0.0,0.0,0.259114501953125,6.157104492187482,2855,35,3,4,10750.0,10750.0,0.0,0.0,10749.0,-1.0,-0.009302325581395349
12.097854327177629,approaching,True,0.015690640000000002,0.015690640000000002,0.0,0.0,1.6000000000000003,1.6000000000000003,0.0,0.0,0.2590877380371094,6.18386840820312,2860,35,3,4,10743.0,10750.0,-7.0,-0.06511627906976744,10743.0,-7.0,-0.06511627906976744
12.148337020073086,approaching,True,0.015690640000000002,0.015690640000000002,0.0,0.0,1.6000000000000003,1.6000000000000003,0.0,0.0,0.2590877380371094,6.18386840820312,2867,35,3,4,10748.0,10750.0,-2.0,-0.018604651162790697,10748.0,-2.0,-0.018604651162790697
12.198290890082717,approaching,True,0.015690640000000002,0.015690640000000002,0.0,0.0,1.6000000000000003,1.6000000000000003,0.0,0.0,0.25905877685546874,6.212829589843761,2875,35,3,4,10742.0,10750.0,-8.0,-0.07441860465116279,10744.666666666666,-5.333333333333333,-0.04961240310077519
12.248291501076892,approaching,True,0.015690640000000002,0.015690640000000002,0.0,0.0,1.6000000000000003,1.6000000000000003,0.0,0.0,0.259037109375,6.234497070312484,2884,35,3,4,10742.0,10750.0,-8.0,-0.07441860465116279,10742.0,-8.0,-0.07441860465116279
12.298021726077422,approaching,True,0.015690640000000002,0.015690640000000002,0.0,0.0,1.6000000000000003,1.6000000000000003,0.0,0.0,0.259037109375,6.234497070312484,2890,35,3,4,10747.0,10750.0,-3.0,-0.027906976744186046,10745.333333333334,-4.666666666666667,-0.043410852713178294
12.33969872398302,approaching,True,0.015690640000000002,0.015690640000000002,0.0,0.0,1.6000000000000003,1.6000000000000003,0.0,0.0,0.2590069580078125,6.2646484375000195,2898,35,3,4,10748.0,10750.0,-2.0,-0.018604651162790697,10748.0,-2.0,-0.018604651162790697
12.38972725905478,approaching,True,0.015690640000000002,0.015690640000000002,0.0,0.0,1.6000000000000003,1.6000000000000003,0.0,0.0,0.25898626708984374,6.285339355468766,2908,35,3,4,10744.0,10750.0,-6.0,-0.05581395348837209,10743.333333333334,-6.666666666666667,-0.06201550387596899
12.448128167074174,approaching,True,0.015690640000000002,0.015690640000000002,0.0,0.0,1.6000000000000003,1.6000000000000003,0.0,0.0,0.25894607543945314,6.325531005859364,2918,35,3,4,10751.0,10750.0,1.0,0.009302325581395349,10751.0,1.0,0.009302325581395349
12.499379023211077,approaching,True,0.015690640000000002,0.015690640000000002,0.0,0.0,1.6000000000000003,1.6000000000000003,0.0,0.0,0.25894607543945314,6.325531005859364,2924,35,3,4,10749.0,10750.0,-1.0,-0.009302325581395349,10749.666666666666,-0.3333333333333333,-0.0031007751937984496
12.55085613601841,approaching,True,0.015690640000000002,0.015690640000000002,0.0,0.0,1.6000000000000003,1.6000000000000003,0.0,0.0,0.2588514709472656,6.420135498046875,2931,35,3,4,10745.0,10750.0,-5.0,-0.046511627906976744,10745.0,-5.0,-0.046511627906976744
12.598957821028307,approaching,True,0.015690640000000002,0.015690640000000002,0.0,0.0,1.6000000000000003,1.6000000000000003,0.0,0.0,0.25877838134765624,6.493225097656263,2936,35,3,4,10745.0,10750.0,-5.0,-0.046511627906976744,10745.0,-5.0,-0.046511627906976744
12.667235728120431,approaching,True,0.015690640000000002,0.015690640000000002,0.0,0.0,1.6000000000000003,1.6000000000000003,0.0,0.0,0.25877838134765624,6.493225097656263,2942,35,3,4,10741.0,10750.0,-9.0,-0.08372093023255814,10742.333333333334,-7.666666666666667,-0.07131782945736434
12.703108949121088,approaching,True,0.015690640000000002,0.015690640000000002,0.0,0.0,1.6000000000000003,1.6000000000000003,0.0,0.0,0.25874670410156253,6.524902343749972,2948,35,3,4,10738.0,10750.0,-12.0,-0.11162790697674418,10739.0,-11.0,-0.10232558139534882
12.74827221618034,approaching,True,0.015690640000000002,0.015690640000000002,0.0,0.0,1.6000000000000003,1.6000000000000003,0.0,0.0,0.25874670410156253,6.524902343749972,2954,35,3,4,10746.0,10750.0,-4.0,-0.037209302325581395,10746.0,-4.0,-0.037209302325581395
12.798671985045075,approaching,True,0.015690640000000002,0.015690640000000002,0.0,0.0,1.6000000000000003,1.6000000000000003,0.0,0.0,0.25871484375,6.556762695312523,2961,35,3,4,10740.0,10750.0,-10.0,-0.09302325581395349,10742.666666666666,-7.333333333333333,-0.06821705426356589
12.865252538118511,approaching,True,0.015690640000000002,0.015690640000000002,0.0,0.0,1.6000000000000003,1.6000000000000003,0.0,0.0,0.25865728759765627,6.6143188476562305,2966,35,3,4,10740.0,10750.0,-10.0,-0.09302325581395349,10740.0,-10.0,-0.09302325581395349
12.914961173199117,approaching,True,0.015690640000000002,0.015690640000000002,0.0,0.0,1.6000000000000003,1.6000000000000003,0.0,0.0,0.25865728759765627,6.6143188476562305,2970,35,3,4,10746.0,10750.0,-4.0,-0.037209302325581395,10745.666666666666,-4.333333333333333,-0.040310077519379844
12.9673937051557,approaching,True,0.015690640000000002,0.015690640000000002,0.0,0.0,1.6000000000000003,1.6000000000000003,0.0,0.0,0.25863076782226563,6.640838623046874,2977,35,3,4,10749.0,10750.0,-1.0,-0.009302325581395349,10749.0,-1.0,-0.009302325581395349
13.01471111108549,approaching,True,0.015690640000000002,0.015690640000000002,0.0,0.0,1.6000000000000003,1.6000000000000003,0.0,0.0,0.258621826171875,6.649780273437489,2983,35,3,4,10739.0,10750.0,-11.0,-0.10232558139534884,10739.0,-11.0,-0.10232558139534882
13.065053469035774,approaching,True,0.015690640000000002,0.015690640000000002,0.0,0.0,1.6000000000000003,1.6000000000000003,0.0,0.0,0.258621826171875,6.649780273437489,2989,35,3,4,10745.0,10750.0,-5.0,-0.046511627906976744,10742.333333333334,-7.666666666666667,-0.07131782945736434
13.10024628113024,approaching,True,0.015690640000000002,0.015690640000000002,0.0,0.0,1.6000000000000003,1.6000000000000003,0.0,0.0,0.2586045227050781,6.667083740234392,2994,35,3,4,10746.0,10750.0,-4.0,-0.037209302325581395,10745.666666666666,-4.333333333333333,-0.040310077519379844
13.14930902607739,approaching,True,0.015690640000000002,0.015690640000000002,0.0,0.0,1.6000000000000003,1.6000000000000003,0.0,0.0,0.2586045227050781,6.667083740234392,3000,35,3,4,10744.0,10750.0,-6.0,-0.05581395348837209,10744.0,-6.0,-0.05581395348837209
13.199689398054034,approaching,True,0.015690640000000002,0.015690640000000002,0.0,0.0,1.6000000000000003,1.6000000000000003,0.0,0.0,0.2585968017578125,6.6748046874999805,3006,35,3,4,10747.0,10750.0,-3.0,-0.027906976744186046,10747.0,-3.0,-0.027906976744186046
13.266934261191636,approaching,True,0.015690640000000002,0.015690640000000002,0.0,0.0,1.6000000000000003,1.6000000000000003,0.0,0.0,0.25858465576171874,6.686950683593762,3012,35,3,4,10744.0,10750.0,-6.0,-0.05581395348837209,10744.0,-6.0,-0.05581395348837209
13.298807705985382,approaching,True,0.015690640000000002,0.015690640000000002,0.0,0.0,1.6000000000000003,1.6000000000000003,0.0,0.0,0.25858465576171874,6.686950683593762,3017,35,3,4,10740.0,10750.0,-10.0,-0.09302325581395349,10740.0,-10.0,-0.09302325581395349
13.348101465031505,approaching,True,0.015690640000000002,0.015690640000000002,0.0,0.0,1.6000000000000003,1.6000000000000003,0.0,0.0,0.25858660888671875,6.684997558593753,3025,35,3,4,10749.0,10750.0,-1.0,-0.009302325581395349,10749.0,-1.0,-0.009302325581395349
13.38996687415056,approaching,True,0.015690640000000002,0.015690640000000002,0.0,0.0,1.6000000000000003,1.6000000000000003,0.0,0.0,0.25858660888671875,6.684997558593753,3035,35,3,4,10746.0,10750.0,-4.0,-0.037209302325581395,10746.0,-4.0,-0.037209302325581395
13.448171164141968,approaching,True,0.015690640000000002,0.015690640000000002,0.0,0.0,1.6000000000000003,1.6000000000000003,0.0,0.0,0.25858755493164065,6.684051513671852,3044,35,3,4,10746.0,10750.0,-4.0,-0.037209302325581395,10743.333333333334,-6.666666666666667,-0.06201550387596899
13.500975099159405,approaching,True,0.015690640000000002,0.015690640000000002,0.0,0.0,1.6000000000000003,1.6000000000000003,0.0,0.0,0.25858755493164065,6.684051513671852,3050,35,3,4,10740.0,10750.0,-10.0,-0.09302325581395349,10744.0,-6.0,-0.05581395348837209
13.548493083100766,approaching,True,0.015690640000000002,0.015690640000000002,0.0,0.0,1.6000000000000003,1.6000000000000003,0.0,0.0,0.25857833862304686,6.693267822265647,3056,35,3,4,10744.0,10750.0,-6.0,-0.05581395348837209,10742.666666666666,-7.333333333333333,-0.06821705426356589
13.599092849064618,approaching,True,0.015690640000000002,0.015690640000000002,0.0,0.0,1.6000000000000003,1.6000000000000003,0.0,0.0,0.2585412902832031,6.730316162109395,3063,35,3,4,10745.0,10750.0,-5.0,-0.046511627906976744,10745.0,-5.0,-0.046511627906976744
13.666473696008325,approaching,True,0.015690640000000002,0.015690640000000002,0.0,0.0,1.6000000000000003,1.6000000000000003,0.0,0.0,0.2585412902832031,6.730316162109395,3069,35,3,4,10740.0,10750.0,-10.0,-0.09302325581395349,10740.0,-10.0,-0.09302325581395349
13.702813933137804,approaching,True,0.015690640000000002,0.015690640000000002,0.0,0.0,1.6000000000000003,1.6000000000000003,0.0,0.0,0.2582886352539063,6.982971191406229,3074,35,3,4,10747.0,10750.0,-3.0,-0.027906976744186046,10745.666666666666,-4.333333333333333,-0.040310077519379844
13.748935867100954,approaching,True,0.015690640000000002,0.015690640000000002,0.0,0.0,1.6000000000000003,1.6000000000000003,0.0,0.0,0.2582886352539063,6.982971191406229,3081,35,3,4,10744.0,10750.0,-6.0,-0.05581395348837209,10744.0,-6.0,-0.05581395348837209
13.790317706996575,approaching,True,0.015690640000000002,0.015690640000000002,0.0,0.0,1.6000000000000003,1.6000000000000003,0.0,0.0,0.2581536865234375,7.117919921874993,3089,35,3,4,10746.0,10750.0,-4.0,-0.037209302325581395,10746.0,-4.0,-0.037209302325581395
13.848278118064627,approaching,True,0.015690640000000002,0.015690640000000002,0.0,0.0,1.6000000000000003,1.6000000000000003,0.0,0.0,0.2581536865234375,7.117919921874993,3098,35,3,4,10744.0,10750.0,-6.0,-0.05581395348837209,10741.333333333334,-8.666666666666666,-0.08062015503875969
13.899541440187022,approaching,True,0.015690640000000002,0.015690640000000002,0.0,0.0,1.6000000000000003,1.6000000000000003,0.0,0.0,0.2580246887207031,7.246917724609392,3105,35,3,4,10740.0,10750.0,-10.0,-0.09302325581395349,10742.666666666666,-7.333333333333333,-0.06821705426356589
13.950345360208303,approaching,True,0.015690640000000002,0.015690640000000002,0.0,0.0,1.6000000000000003,1.6000000000000003,0.0,0.0,0.25790966796875,7.361938476562524,3111,35,3,4,10746.0,10750.0,-4.0,-0.037209302325581395,10746.0,-4.0,-0.037209302325581395
13.998784902039915,approaching,True,0.015690640000000002,0.015690640000000002,0.0,0.0,1.6000000000000003,1.6000000000000003,0.0,0.0,0.25790966796875,7.361938476562524,3116,35,3,4,10738.0,10750.0,-12.0,-0.11162790697674418,10740.666666666666,-9.333333333333334,-0.08682170542635659
14.06472654407844,approaching,True,0.015690640000000002,0.015690640000000002,0.0,0.0,1.6000000000000003,1.6000000000000003,0.0,0.0,0.25787030029296876,7.401306152343745,3122,35,3,4,10743.0,10750.0,-7.0,-0.06511627906976744,10743.0,-7.0,-0.06511627906976744
14.098973139189184,approaching,True,0.015690640000000002,0.015690640000000002,0.0,0.0,1.6000000000000003,1.6000000000000003,0.0,0.0,0.25787030029296876,7.401306152343745,3128,35,3,4,10741.0,10750.0,-9.0,-0.08372093023255814,10741.0,-9.0,-0.08372093023255815
14.148814073065296,approaching,True,0.015690640000000002,0.015690640000000002,0.0,0.0,1.6000000000000003,1.6000000000000003,0.0,0.0,0.2578550720214844,7.416534423828114,3135,35,3,4,10741.0,10750.0,-9.0,-0.08372093023255814,10742.666666666666,-7.333333333333333,-0.06821705426356589
14.198726599104702,approaching,True,0.015690640000000002,0.015690640000000002,0.0,0.0,1.6000000000000003,1.6000000000000003,0.0,0.0,0.25784466552734375,7.42694091796875,3142,35,3,4,10744.0,10750.0,-6.0,-0.05581395348837209,10744.0,-6.0,-0.05581395348837209
14.264938028063625,approaching,True,0.015690640000000002,0.015690640000000002,0.0,0.0,1.6000000000000003,1.6000000000000003,0.0,0.0,0.25784466552734375,7.42694091796875,3146,35,3,4,10740.0,10750.0,-10.0,-0.09302325581395349,10740.0,-10.0,-0.09302325581395349
14.297949076164514,approaching,True,0.015690640000000002,0.015690640000000002,0.0,0.0,1.6000000000000003,1.6000000000000003,0.0,0.0,0.25783108520507814,7.440521240234366,3150,35,3,4,10740.0,10750.0,-10.0,-0.09302325581395349,10740.0,-10.0,-0.09302325581395349
14.348492852179334,approaching,True,0.015690640000000002,0.015690640000000002,0.0,0.0,1.6000000000000003,1.6000000000000003,0.0,0.0,0.2578185729980469,7.453033447265611,3159,35,3,4,10749.0,10750.0,-1.0,-0.009302325581395349,10749.0,-1.0,-0.009302325581395349
14.390462461160496,approaching,True,0.015690640000000002,0.015690640000000002,0.0,0.0,1.6000000000000003,1.6000000000000003,0.0,0.0,0.2578185729980469,7.453033447265611,3167,35,3,4,10747.0,10750.0,-3.0,-0.027906976744186046,10747.0,-3.0,-0.027906976744186046
14.447822935180739,approaching,True,0.015690640000000002,0.015690640000000002,0.0,0.0,1.6000000000000003,1.6000000000000003,0.0,0.0,0.257791259765625,7.4803466796875,3176,35,3,4,10739.0,10750.0,-11.0,-0.10232558139534884,10739.0,-11.0,-0.10232558139534882
14.498874188167974,approaching,True,0.015690640000000002,0.015690640000000002,0.0,0.0,1.6000000000000003,1.6000000000000003,0.0,0.0,0.257791259765625,7.4803466796875,3182,35,3,4,10740.0,10750.0,-10.0,-0.09302325581395349,10740.0,-10.0,-0.09302325581395349
14.548634937033057,approaching,True,0.015690640000000002,0.015690640000000002,0.0,0.0,1.6000000000000003,1.6000000000000003,0.0,0.0,0.2577579650878906,7.513641357421886,3189,35,3,4,10748.0,10750.0,-2.0,-0.018604651162790697,10748.666666666666,-1.3333333333333333,-0.012403100775193798
14.599115149118006,approaching,True,0.015690640000000002,0.015690640000000002,0.0,0.0,1.6000000000000003,1.6000000000000003,0.0,0.0,0.25762310791015625,7.648498535156256,3196,35,3,4,10745.0,10750.0,-5.0,-0.046511627906976744,10745.0,-5.0,-0.046511627906976744
14.666220383020118,approaching,True,0.015690640000000002,0.015690640000000002,0.0,0.0,1.6000000000000003,1.6000000000000003,0.0,0.0,0.25762310791015625,7.648498535156256,3200,35,3,4,10740.0,10750.0,-10.0,-0.09302325581395349,10740.0,-10.0,-0.09302325581395349
14.698824297171086,approaching,True,0.015690640000000002,0.015690640000000002,0.0,0.0,1.6000000000000003,1.6000000000000003,0.0,0.0,0.25755661010742187,7.714996337890634,3205,35,3,4,10741.0,10750.0,-9.0,-0.08372093023255814,10741.0,-9.0,-0.08372093023255815
14.749302352080122,approaching,True,0.015690640000000002,0.015690640000000002,0.0,0.0,1.6000000000000003,1.6000000000000003,0.0,0.0,0.25755661010742187,7.714996337890634,3211,35,3,4,10746.0,10750.0,-4.0,-0.037209302325581395,10746.0,-4.0,-0.037209302325581395
14.798057489097118,approaching,True,0.015690640000000002,0.015690640000000002,0.0,0.0,1.6000000000000003,1.6000000000000003,0.0,0.0,0.25744268798828124,7.828918457031264,3217,35,3,4,10747.0,10750.0,-3.0,-0.027906976744186046,10746.333333333334,-3.6666666666666665,-0.034108527131782945
14.864992603193969,approaching,True,0.015690640000000002,0.015690640000000002,0.0,0.0,1.6000000000000003,1.6000000000000003,0.0,0.0,0.25727545166015625,7.996154785156251,3225,35,3,4,10745.0,10750.0,-5.0,-0.046511627906976744,10745.0,-5.0,-0.046511627906976744
14.91595583409071,approaching,True,0.015690640000000002,0.015690640000000002,0.0,0.0,1.6000000000000003,1.6000000000000003,0.0,0.0,0.25727545166015625,7.996154785156251,3229,35,3,4,10738.0,10750.0,-12.0,-0.11162790697674418,10738.0,-12.0,-0.11162790697674418
14.967408403055742,approaching,True,0.015690640000000002,0.015690640000000002,0.0,0.0,1.6000000000000003,1.6000000000000003,0.0,0.0,0.2571821594238281,8.089447021484396,3235,35,3,4,10739.0,10750.0,-11.0,-0.10232558139534884,10739.0,-11.0,-0.10232558139534882
14.998238403117284,approaching,True,0.015690640000000002,0.015690640000000002,0.0,0.0,1.6000000000000003,1.6000000000000003,0.0,0.0,0.2571821594238281,8.089447021484396,3242,35,3,4,10743.0,10750.0,-7.0,-0.06511627906976744,10743.0,-7.0,-0.06511627906976744
15.048004377167672,approaching,True,0.015690640000000002,0.015690640000000002,0.0,0.0,1.6000000000000003,1.6000000000000003,0.0,0.0,0.25706329345703127,8.20831298828123,3251,35,3,4,10741.0,10750.0,-9.0,-0.08372093023255814,10741.0,-9.0,-0.08372093023255815
15.08967714314349,approaching,True,0.015690640000000002,0.015690640000000002,0.0,0.0,1.6000000000000003,1.6000000000000003,0.0,0.0,0.25706329345703127,8.20831298828123,3259,35,3,4,10745.0,10750.0,-5.0,-0.046511627906976744,10745.0,-5.0,-0.046511627906976744
15.140082545112818,approaching,True,0.015690640000000002,0.015690640000000002,0.0,0.0,1.6000000000000003,1.6000000000000003,0.0,0.0,0.256994873046875,8.276733398437486,3268,35,3,4,10738.0,10750.0,-12.0,-0.11162790697674418,10737.333333333334,-12.666666666666666,-0.11782945736434108
15.190127012087032,approaching,True,0.015690640000000002,0.015690640000000002,0.0,0.0,1.6000000000000003,1.6000000000000003,0.0,0.0,0.25698544311523436,8.286163330078145,3278,35,3,4,10736.0,10750.0,-14.0,-0.13023255813953488,10736.0,-14.0,-0.13023255813953488
15.248034924035892,approaching,True,0.015690640000000002,0.015690640000000002,0.0,0.0,1.6000000000000003,1.6000000000000003,0.0,0.0,0.256974609375,8.296997070312507,3289,35,3,4,10743.0,10750.0,-7.0,-0.06511627906976744,10743.0,-7.0,-0.06511627906976744
15.290065616136417,approaching,True,0.015690640000000002,0.015690640000000002,0.0,0.0,1.6000000000000003,1.6000000000000003,0.0,0.0,0.2569658203125,8.305786132812521,3296,35,3,4,10741.0,10750.0,-9.0,-0.08372093023255814,10741.0,-9.0,-0.08372093023255815
15.339936524163932,approaching,True,0.015690640000000002,0.015690640000000002,0.0,0.0,1.6000000000000003,1.6000000000000003,0.0,0.0,0.2569595947265625,8.312011718750012,3306,35,3,4,10745.0,10750.0,-5.0,-0.046511627906976744,10743.666666666666,-6.333333333333333,-0.05891472868217054
15.38997675315477,approaching,True,0.015690640000000002,0.015690640000000002,0.0,0.0,1.6000000000000003,1.6000000000000003,0.0,0.0,0.25694100952148435,8.330596923828148,3316,35,3,4,10735.0,10750.0,-15.0,-0.13953488372093023,10735.0,-15.0,-0.13953488372093023
15.44905779720284,approaching,True,0.015690640000000002,0.015690640000000002,0.0,0.0,1.6000000000000003,1.6000000000000003,0.0,0.0,0.2569376831054688,8.333923339843729,3326,35,3,4,10748.0,10750.0,-2.0,-0.018604651162790697,10748.0,-2.0,-0.018604651162790697
15.489812046987936,approaching,True,0.015690640000000002,0.015690640000000002,0.0,0.0,1.6000000000000003,1.6000000000000003,0.0,0.0,0.2569376831054688,8.333923339843729,3333,35,3,4,10749.0,10750.0,-1.0,-0.009302325581395349,10749.0,-1.0,-0.009302325581395349
15.53981794603169,approaching,True,0.015690640000000002,0.015690640000000002,0.0,0.0,1.6000000000000003,1.6000000000000003,0.0,0.0,0.2569185485839844,8.353057861328118,3343,35,3,4,10747.0,10750.0,-3.0,-0.027906976744186046,10742.333333333334,-7.666666666666667,-0.07131782945736434
15.589753716019914,approaching,True,0.015690640000000002,0.015690640000000002,0.0,0.0,1.6000000000000003,1.6000000000000003,0.0,0.0,0.25689666748046874,8.374938964843759,3353,35,3,4,10749.0,10750.0,-1.0,-0.009302325581395349,10749.0,-1.0,-0.009302325581395349
15.649167370051146,approaching,True,0.015690640000000002,0.015690640000000002,0.0,0.0,1.6000000000000003,1.6000000000000003,0.0,0.0,0.2568692626953125,8.402343749999986,3362,35,3,4,10741.0,10750.0,-9.0,-0.08372093023255814,10741.0,-9.0,-0.08372093023255815
15.699162825010717,approaching,True,0.015690640000000002,0.015690640000000002,0.0,0.0,1.6000000000000003,1.6000000000000003,0.0,0.0,0.25678662109375,8.484985351562502,3368,35,3,4,10739.0,10750.0,-11.0,-0.10232558139534884,10739.0,-11.0,-0.10232558139534882
15.74912619101815,approaching,True,0.015690640000000002,0.015690640000000002,0.0,0.0,1.6000000000000003,1.6000000000000003,0.0,0.0,0.2567400207519531,8.531585693359379,3375,35,3,4,10742.0,10750.0,-8.0,-0.07441860465116279,10742.0,-8.0,-0.07441860465116279
15.798808209132403,approaching,True,0.015690640000000002,0.015690640000000002,0.0,0.0,1.6000000000000003,1.6000000000000003,0.0,0.0,0.2567400207519531,8.531585693359379,3383,35,3,4,10749.0,10750.0,-1.0,-0.009302325581395349,10747.333333333334,-2.6666666666666665,-0.024806201550387597
15.864761949051172,approaching,True,0.015690640000000002,0.015690640000000002,0.0,0.0,1.6000000000000003,1.6000000000000003,0.0,0.0,0.25672003173828123,8.551574707031273,3391,35,3,4,10746.0,10750.0,-4.0,-0.037209302325581395,10746.0,-4.0,-0.037209302325581395
15.8994110240601,approaching,True,0.015690640000000002,0.015690640000000002,0.0,0.0,1.6000000000000003,1.6000000000000003,0.0,0.0,0.25672003173828123,8.551574707031273,3395,35,3,4,10745.0,10750.0,-5.0,-0.046511627906976744,10745.333333333334,-4.666666666666667,-0.043410852713178294
15.94960500812158,approaching,True,0.015690640000000002,0.015690640000000002,0.0,0.0,1.6000000000000003,1.6000000000000003,0.0,0.0,0.2566864929199219,8.585113525390597,3401,35,3,4,10744.0,10750.0,-6.0,-0.05581395348837209,10744.0,-6.0,-0.05581395348837209
16.00028953398578,approaching,True,0.015690640000000002,0.015690640000000002,0.0,0.0,1.6000000000000003,1.6000000000000003,0.0,0.0,0.2566397399902344,8.63186645507813,3407,35,3,4,10745.0,10750.0,-5.0,-0.046511627906976744,10745.0,-5.0,-0.046511627906976744
16.065667018061504,approaching,True,0.015690640000000002,0.015690640000000002,0.0,0.0,1.6000000000000003,1.6000000000000003,0.0,0.0,0.2566397399902344,8.63186645507813,3413,35,3,4,10742.0,10750.0,-8.0,-0.07441860465116279,10747.333333333334,-2.6666666666666665,-0.024806201550387597
16.099119315156713,approaching,True,0.015690640000000002,0.015690640000000002,0.0,0.0,1.6000000000000003,1.6000000000000003,0.0,0.0,0.25649969482421875,8.771911621093754,3419,35,3,4,10740.0,10750.0,-10.0,-0.09302325581395349,10740.666666666666,-9.333333333333334,-0.08682170542635659
16.148937344085425,approaching,True,0.015690640000000002,0.015690640000000002,0.0,0.0,1.6000000000000003,1.6000000000000003,0.0,0.0,0.25649969482421875,8.771911621093754,3424,35,3,4,10742.0,10750.0,-8.0,-0.07441860465116279,10742.0,-8.0,-0.07441860465116279
16.19909720402211,approaching,True,0.015690640000000002,0.015690640000000002,0.0,0.0,1.6000000000000003,1.6000000000000003,0.0,0.0,0.25630206298828123,8.969543457031271,3430,35,3,4,10741.0,10750.0,-9.0,-0.08372093023255814,10741.0,-9.0,-0.08372093023255815
16.266276485985145,approaching,True,0.015690640000000002,0.015690640000000002,0.0,0.0,1.6000000000000003,1.6000000000000003,0.0,0.0,0.2562052612304688,9.066345214843729,3436,35,3,4,10740.0,10750.0,-10.0,-0.09302325581395349,10744.0,-6.0,-0.05581395348837209
16.314633538015187,approaching,True,0.015690640000000002,0.015690640000000002,0.0,0.0,1.6000000000000003,1.6000000000000003,0.0,0.0,0.2562052612304688,9.066345214843729,3441,35,3,4,10749.0,10750.0,-1.0,-0.009302325581395349,10749.0,-1.0,-0.009302325581395349
16.364910435164347,approaching,True,0.015690640000000002,0.015690640000000002,0.0,0.0,1.6000000000000003,1.6000000000000003,0.0,0.0,0.2561829223632813,9.088684082031229,3446,35,3,4,10749.0,10750.0,-1.0,-0.009302325581395349,10749.0,-1.0,-0.009302325581395349
16.415093642193824,approaching,True,0.015690640000000002,0.015690640000000002,0.0,0.0,1.6000000000000003,1.6000000000000003,0.0,0.0,0.2561611022949219,9.110504150390607,3452,35,3,4,10744.0,10750.0,-6.0,-0.05581395348837209,10744.0,-6.0,-0.05581395348837209
16.483282673172653,approaching,True,0.015690640000000002,0.015690640000000002,0.0,0.0,1.6000000000000003,1.6000000000000003,0.0,0.0,0.2561611022949219,9.110504150390607,3458,35,3,4,10750.0,10750.0,0.0,0.0,10750.0,0.0,0.0
16.499235357157886,approaching,True,0.015690640000000002,0.015690640000000002,0.0,0.0,1.6000000000000003,1.6000000000000003,0.0,0.0,0.2561513366699219,9.1202697753906,3461,35,3,4,10739.0,10750.0,-11.0,-0.10232558139534884,10739.0,-11.0,-0.10232558139534882
16.549279898172244,approaching,True,0.015690640000000002,0.015690640000000002,0.0,0.0,1.6000000000000003,1.6000000000000003,0.0,0.0,0.2561513366699219,9.1202697753906,3468,35,3,4,10741.0,10750.0,-9.0,-0.08372093023255814,10741.0,-9.0,-0.08372093023255815
16.5986775259953,approaching,True,0.015690640000000002,0.015690640000000002,0.0,0.0,1.6000000000000003,1.6000000000000003,0.0,0.0,0.25615057373046873,9.121032714843768,3473,35,3,4,10751.0,10750.0,1.0,0.009302325581395349,10751.0,1.0,0.009302325581395349
16.66505956905894,approaching,True,0.015690640000000002,0.015690640000000002,0.0,0.0,1.6000000000000003,1.6000000000000003,0.0,0.0,0.25615057373046873,9.121032714843768,3481,35,3,4,10747.0,10750.0,-3.0,-0.027906976744186046,10744.333333333334,-5.666666666666667,-0.05271317829457364
16.714784926036373,approaching,True,0.015690640000000002,0.015690640000000002,0.0,0.0,1.6000000000000003,1.6000000000000003,0.0,0.0,0.2561531677246094,9.118438720703114,3486,35,3,4,10748.0,10750.0,-2.0,-0.018604651162790697,10747.666666666666,-2.3333333333333335,-0.021705426356589147
16.749167968984693,approaching,True,0.015690640000000002,0.015690640000000002,0.0,0.0,1.6000000000000003,1.6000000000000003,0.0,0.0,0.25615103149414065,9.120574951171855,3491,35,3,4,10747.0,10750.0,-3.0,-0.027906976744186046,10747.666666666666,-2.3333333333333335,-0.021705426356589147
16.79884666414,approaching,True,0.015690640000000002,0.015690640000000002,0.0,0.0,1.6000000000000003,1.6000000000000003,0.0,0.0,0.25615103149414065,9.120574951171855,3496,35,3,4,10742.0,10750.0,-8.0,-0.07441860465116279,10742.0,-8.0,-0.07441860465116279
16.864669006085023,approaching,True,0.015690640000000002,0.015690640000000002,0.0,0.0,1.6000000000000003,1.6000000000000003,0.0,0.0,0.25612573242187503,9.145874023437472,3503,35,3,4,10742.0,10750.0,-8.0,-0.07441860465116279,10743.333333333334,-6.666666666666667,-0.06201550387596899
16.90234657516703,approaching,True,0.015690640000000002,0.015690640000000002,0.0,0.0,1.6000000000000003,1.6000000000000003,0.0,0.0,0.25612573242187503,9.145874023437472,3507,35,3,4,10746.0,10750.0,-4.0,-0.037209302325581395,10743.333333333334,-6.666666666666667,-0.06201550387596899
16.951586474198848,approaching,True,0.015690640000000002,0.015690640000000002,0.0,0.0,1.6000000000000003,1.6000000000000003,0.0,0.0,0.256098388671875,9.173217773437493,3513,35,3,4,10748.0,10750.0,-2.0,-0.018604651162790697,10748.0,-2.0,-0.018604651162790697
16.998107853112742,approaching,True,0.015690640000000002,0.015690640000000002,0.0,0.0,1.6000000000000003,1.6000000000000003,0.0,0.0,0.2560103454589844,9.261260986328123,3520,35,3,4,10751.0,10750.0,1.0,0.009302325581395349,10751.0,1.0,0.009302325581395349
17.066018091049045,approaching,True,0.015690640000000002,0.015690640000000002,0.0,0.0,1.6000000000000003,1.6000000000000003,0.0,0.0,0.2560103454589844,9.261260986328123,3529,35,3,4,10744.0,10750.0,-6.0,-0.05581395348837209,10746.0,-4.0,-0.037209302325581395
17.09872826305218,approaching,True,0.015690640000000002,0.015690640000000002,0.0,0.0,1.6000000000000003,1.6000000000000003,0.0,0.0,0.25599986267089847,9.271743774414032,3534,35,3,4,10746.0,10750.0,-4.0,-0.037209302325581395,10744.666666666666,-5.333333333333333,-0.04961240310077519
17.14912881399505,approaching,True,0.015690640000000002,0.015690640000000002,0.0,0.0,1.6000000000000003,1.6000000000000003,0.0,0.0,0.25599986267089847,9.271743774414032,3540,35,3,4,10744.0,10750.0,-6.0,-0.05581395348837209,10744.666666666666,-5.333333333333333,-0.04961240310077519
17.199990563094616,approaching,True,0.015690640000000002,0.015690640000000002,0.0,0.0,1.6000000000000003,1.6000000000000003,0.0,0.0,0.25599871826171877,9.27288818359373,3547,35,3,4,10744.0,10750.0,-6.0,-0.05581395348837209,10744.0,-6.0,-0.05581395348837209
17.265956989023834,approaching,True,0.015690640000000002,0.015690640000000002,0.0,0.0,1.6000000000000003,1.6000000000000003,0.0,0.0,0.2559915466308594,9.280059814453123,3552,35,3,4,10745.0,10750.0,-5.0,-0.046511627906976744,10745.0,-5.0,-0.046511627906976744
17.29842710401863,approaching,True,0.015690640000000002,0.015690640000000002,0.0,0.0,1.6000000000000003,1.6000000000000003,0.0,0.0,0.2559915466308594,9.280059814453123,3558,35,3,4,10745.0,10750.0,-5.0,-0.046511627906976744,10746.333333333334,-3.6666666666666665,-0.034108527131782945
17.34833081299439,approaching,True,0.015690640000000002,0.015690640000000002,0.0,0.0,1.6000000000000003,1.6000000000000003,0.0,0.0,0.2559820556640625,9.28955078124999,3564,35,3,4,10753.0,10750.0,3.0,0.027906976744186046,10750.333333333334,0.3333333333333333,0.0031007751937984496
17.401155136991292,approaching,True,0.015690640000000002,0.015690640000000002,0.0,0.0,1.6000000000000003,1.6000000000000003,0.0,0.0,0.2559820556640625,9.28955078124999,3571,35,3,4,10740.0,10750.0,-10.0,-0.09302325581395349,10740.0,-10.0,-0.09302325581395349
17.465766105102375,approaching,True,0.015690640000000002,0.015690640000000002,0.0,0.0,1.6000000000000003,1.6000000000000003,0.0,0.0,0.255975341796875,9.296264648437525,3577,35,3,4,10748.0,10750.0,-2.0,-0.018604651162790697,10748.0,-2.0,-0.018604651162790697
17.498604125110433,approaching,True,0.015690640000000002,0.015690640000000002,0.0,0.0,1.6000000000000003,1.6000000000000003,0.0,0.0,0.2559749450683594,9.29666137695312,3584,35,3,4,10746.0,10750.0,-4.0,-0.037209302325581395,10741.333333333334,-8.666666666666666,-0.08062015503875969
17.549012870062143,approaching,True,0.015690640000000002,0.015690640000000002,0.0,0.0,1.6000000000000003,1.6000000000000003,0.0,0.0,0.2559749450683594,9.29666137695312,3594,35,3,4,10745.0,10750.0,-5.0,-0.046511627906976744,10745.0,-5.0,-0.046511627906976744
17.590079304995015,approaching,True,0.015690640000000002,0.015690640000000002,0.0,0.0,1.6000000000000003,1.6000000000000003,0.0,0.0,0.25596090698242185,9.310699462890648,3601,35,3,4,10751.0,10750.0,1.0,0.009302325581395349,10751.0,1.0,0.009302325581395349
17.648312573088333,approaching,True,0.015690640000000002,0.015690640000000002,0.0,0.0,1.6000000000000003,1.6000000000000003,0.0,0.0,0.25596090698242185,9.310699462890648,3610,35,3,4,10741.0,10750.0,-9.0,-0.08372093023255814,10741.0,-9.0,-0.08372093023255815
17.701266618212685,approaching,True,0.015690640000000002,0.015690640000000002,0.0,0.0,1.6000000000000003,1.6000000000000003,0.0,0.0,0.255947021484375,9.324584960937521,3616,35,3,4,10749.0,10750.0,-1.0,-0.009302325581395349,10749.0,-1.0,-0.009302325581395349
17.749124421039596,approaching,True,0.015690640000000002,0.015690640000000002,0.0,0.0,1.6000000000000003,1.6000000000000003,0.0,0.0,0.2558807067871094,9.39089965820311,3622,35,3,4,10746.0,10750.0,-4.0,-0.037209302325581395,10744.0,-6.0,-0.05581395348837209
17.799086573999375,approaching,True,0.015690640000000002,0.015690640000000002,0.0,0.0,1.6000000000000003,1.6000000000000003,0.0,0.0,0.2558807067871094,9.39089965820311,3629,35,3,4,10743.0,10750.0,-7.0,-0.06511627906976744,10743.0,-7.0,-0.06511627906976744
17.86474140919745,approaching,True,0.015690640000000002,0.015690640000000002,0.0,0.0,1.6000000000000003,1.6000000000000003,0.0,0.0,0.25573474121093753,9.53686523437497,3633,35,3,4,10746.0,10750.0,-4.0,-0.037209302325581395,10746.0,-4.0,-0.037209302325581395
17.89900646917522,approaching,True,0.015690640000000002,0.015690640000000002,0.0,0.0,1.6000000000000003,1.6000000000000003,0.0,0.0,0.25573474121093753,9.53686523437497,3639,35,3,4,10745.0,10750.0,-5.0,-0.046511627906976744,10745.0,-5.0,-0.046511627906976744
17.95100458106026,approaching,True,0.015690640000000002,0.015690640000000002,0.0,0.0,1.6000000000000003,1.6000000000000003,0.0,0.0,0.2555222473144531,9.749359130859393,3645,35,3,4,10742.0,10750.0,-8.0,-0.07441860465116279,10740.666666666666,-9.333333333333334,-0.08682170542635659
18.000714319990948,approaching,True,0.015690640000000002,0.015690640000000002,0.0,0.0,1.6000000000000003,1.6000000000000003,0.0,0.0,0.25528486633300784,9.986740112304659,3652,35,3,4,10745.0,10750.0,-5.0,-0.046511627906976744,10745.0,-5.0,-0.046511627906976744
18.064694928005338,approaching,True,0.015690640000000002,0.015690640000000002,0.0,0.0,1.6000000000000003,1.6000000000000003,0.0,0.0,0.25528486633300784,9.986740112304659,3658,35,3,4,10751.0,10750.0,1.0,0.009302325581395349,10751.0,1.0,0.009302325581395349
18.114488303195685,approaching,True,0.015690640000000002,0.015690640000000002,0.0,0.0,1.6000000000000003,1.6000000000000003,0.0,0.0,0.25521287536621096,10.058731079101547,3663,35,3,4,10738.0,10750.0,-12.0,-0.11162790697674418,10738.0,-12.0,-0.11162790697674418
18.151028091087937,approaching,True,0.015690640000000002,0.015690640000000002,0.0,0.0,1.6000000000000003,1.6000000000000003,0.0,0.0,0.25521287536621096,10.058731079101547,3668,35,3,4,10745.0,10750.0,-5.0,-0.046511627906976744,10745.0,-5.0,-0.046511627906976744
18.190016334177926,approaching,True,0.015690640000000002,0.015690640000000002,0.0,0.0,1.6000000000000003,1.6000000000000003,0.0,0.0,0.25520159912109375,10.070007324218755,3677,35,3,4,10742.0,10750.0,-8.0,-0.07441860465116279,10742.0,-8.0,-0.07441860465116279
18.24802901316434,approaching,True,0.015690640000000002,0.015690640000000002,0.0,0.0,1.6000000000000003,1.6000000000000003,0.0,0.0,0.25519935607910155,10.072250366210955,3686,35,3,4,10746.0,10750.0,-4.0,-0.037209302325581395,10746.0,-4.0,-0.037209302325581395
18.299639323027804,approaching,True,0.015690640000000002,0.015690640000000002,0.0,0.0,1.6000000000000003,1.6000000000000003,0.0,0.0,0.25519935607910155,10.072250366210955,3693,35,3,4,10744.0,10750.0,-6.0,-0.05581395348837209,10746.666666666666,-3.3333333333333335,-0.031007751937984496
18.34872921113856,approaching,True,0.015690640000000002,0.015690640000000002,0.0,0.0,1.6000000000000003,1.6000000000000003,0.0,0.0,0.25518524169921875,10.086364746093757,3698,35,3,4,10744.0,10750.0,-6.0,-0.05581395348837209,10744.0,-6.0,-0.05581395348837209
18.39919462101534,approaching,True,0.015690640000000002,0.015690640000000002,0.0,0.0,1.6000000000000003,1.6000000000000003,0.0,0.0,0.2551642608642578,10.107345581054695,3705,35,3,4,10744.0,10750.0,-6.0,-0.05581395348837209,10744.0,-6.0,-0.05581395348837209
18.465200170176104,approaching,True,0.015690640000000002,0.015690640000000002,0.0,0.0,1.6000000000000003,1.6000000000000003,0.0,0.0,0.2551642608642578,10.107345581054695,3711,35,3,4,10743.0,10750.0,-7.0,-0.06511627906976744,10743.0,-7.0,-0.06511627906976744
18.4993714671582,approaching,True,0.015690640000000002,0.015690640000000002,0.0,0.0,1.6000000000000003,1.6000000000000003,0.0,0.0,0.25513739013671877,10.134216308593736,3717,35,3,4,10745.0,10750.0,-5.0,-0.046511627906976744,10745.0,-5.0,-0.046511627906976744
18.548240220174193,approaching,True,0.015690640000000002,0.015690640000000002,0.0,0.0,1.6000000000000003,1.6000000000000003,0.0,0.0,0.25513739013671877,10.134216308593736,3722,35,3,4,10751.0,10750.0,1.0,0.009302325581395349,10751.0,1.0,0.009302325581395349
18.598380734212697,approaching,True,0.015690640000000002,0.015690640000000002,0.0,0.0,1.6000000000000003,1.6000000000000003,0.0,0.0,0.25510774230957034,10.163864135742163,3728,35,3,4,10743.0,10750.0,-7.0,-0.06511627906976744,10744.666666666666,-5.333333333333333,-0.04961240310077519
18.665883081033826,approaching,True,0.015690640000000002,0.015690640000000002,0.0,0.0,1.6000000000000003,1.6000000000000003,0.0,0.0,0.25501504516601564,10.25656127929686,3734,35,3,4,10744.0,10750.0,-6.0,-0.05581395348837209,10743.666666666666,-6.333333333333333,-0.05891472868217054
18.71495003812015,approaching,True,0.015690640000000002,0.015690640000000002,0.0,0.0,1.6000000000000003,1.6000000000000003,0.0,0.0,0.25501504516601564,10.25656127929686,3740,35,3,4,10742.0,10750.0,-8.0,-0.07441860465116279,10742.666666666666,-7.333333333333333,-0.06821705426356589
18.748521054163575,approaching,True,0.015690640000000002,0.015690640000000002,0.0,0.0,1.6000000000000003,1.6000000000000003,0.0,0.0,0.25487977600097655,10.391830444335948,3745,35,3,4,10744.0,10750.0,-6.0,-0.05581395348837209,10742.666666666666,-7.333333333333333,-0.06821705426356589
18.7979738751892,approaching,True,0.015690640000000002,0.015690640000000002,0.0,0.0,1.6000000000000003,1.6000000000000003,0.0,0.0,0.25487977600097655,10.391830444335948,3753,35,3,4,10746.0,10750.0,-4.0,-0.037209302325581395,10746.0,-4.0,-0.037209302325581395
18.865068543003872,approaching,True,0.015690640000000002,0.015690640000000002,0.0,0.0,1.6000000000000003,1.6000000000000003,0.0,0.0,0.2547154541015625,10.556152343750014,3762,35,3,4,10748.0,10750.0,-2.0,-0.018604651162790697,10748.0,-2.0,-0.018604651162790697
18.889642017195,approaching,True,0.015690640000000002,0.015690640000000002,0.0,0.0,1.6000000000000003,1.6000000000000003,0.0,0.0,0.2547154541015625,10.556152343750014,3767,35,3,4,10744.0,10750.0,-6.0,-0.05581395348837209,10744.0,-6.0,-0.05581395348837209
18.9408617191948,approaching,True,0.015690640000000002,0.015690640000000002,0.0,0.0,1.6000000000000003,1.6000000000000003,0.0,0.0,0.2544890441894531,10.782562255859386,3776,35,3,4,10744.0,10750.0,-6.0,-0.05581395348837209,10744.666666666666,-5.333333333333333,-0.04961240310077519
18.990131539059803,approaching,True,0.015690640000000002,0.015690640000000002,0.0,0.0,1.6000000000000003,1.6000000000000003,0.0,0.0,0.25434590148925784,10.92570495605466,3785,35,3,4,10745.0,10750.0,-5.0,-0.046511627906976744,10745.0,-5.0,-0.046511627906976744
19.048603270202875,approaching,True,0.015690640000000002,0.015690640000000002,0.0,0.0,1.6000000000000003,1.6000000000000003,0.0,0.0,0.25431903076171875,10.952575683593757,3795,35,3,4,10738.0,10750.0,-12.0,-0.11162790697674418,10738.0,-12.0,-0.11162790697674418
19.09917002916336,approaching,True,0.015690640000000002,0.015690640000000002,0.0,0.0,1.6000000000000003,1.6000000000000003,0.0,0.0,0.25431903076171875,10.952575683593757,3801,35,3,4,10741.0,10750.0,-9.0,-0.08372093023255814,10741.0,-9.0,-0.08372093023255815
19.14918558904901,approaching,True,0.015690640000000002,0.015690640000000002,0.0,0.0,1.6000000000000003,1.6000000000000003,0.0,0.0,0.2543178100585938,10.953796386718729,3808,35,3,4,10745.0,10750.0,-5.0,-0.046511627906976744,10741.666666666666,-8.333333333333334,-0.07751937984496124
19.201930275186896,approaching,True,0.015690640000000002,0.015690640000000002,0.0,0.0,1.6000000000000003,1.6000000000000003,0.0,0.0,0.25432080078125,10.950805664062479,3813,35,3,4,10745.0,10750.0,-5.0,-0.046511627906976744,10745.0,-5.0,-0.046511627906976744
19.264834264991805,approaching,True,0.015690640000000002,0.015690640000000002,0.0,0.0,1.6000000000000003,1.6000000000000003,0.0,0.0,0.25432080078125,10.950805664062479,3819,35,3,4,10743.0,10750.0,-7.0,-0.06511627906976744,10742.0,-8.0,-0.07441860465116279
19.298615370178595,approaching,True,0.015690640000000002,0.015690640000000002,0.0,0.0,1.6000000000000003,1.6000000000000003,0.0,0.0,0.25430500793457034,10.966598510742164,3825,35,3,4,10747.0,10750.0,-3.0,-0.027906976744186046,10747.0,-3.0,-0.027906976744186046
19.34921270306222,approaching,True,0.015690640000000002,0.015690640000000002,0.0,0.0,1.6000000000000003,1.6000000000000003,0.0,0.0,0.25430500793457034,10.966598510742164,3832,35,3,4,10743.0,10750.0,-7.0,-0.06511627906976744,10745.0,-5.0,-0.046511627906976744
19.39806004310958,approaching,True,0.015690640000000002,0.015690640000000002,0.0,0.0,1.6000000000000003,1.6000000000000003,0.0,0.0,0.25429147338867186,10.98013305664064,3836,35,3,4,10743.0,10750.0,-7.0,-0.06511627906976744,10743.0,-7.0,-0.06511627906976744
19.464884981047362,approaching,True,0.015690640000000002,0.015690640000000002,0.0,0.0,1.6000000000000003,1.6000000000000003,0.0,0.0,0.25427305603027345,10.998550415039055,3843,35,3,4,10748.0,10750.0,-2.0,-0.018604651162790697,10748.0,-2.0,-0.018604651162790697
19.514767034212127,approaching,True,0.015690640000000002,0.015690640000000002,0.0,0.0,1.6000000000000003,1.6000000000000003,0.0,0.0,0.25427305603027345,10.998550415039055,3848,35,3,4,10747.0,10750.0,-3.0,-0.027906976744186046,10747.0,-3.0,-0.027906976744186046
19.565442671068013,approaching,True,0.015690640000000002,0.015690640000000002,0.0,0.0,1.6000000000000003,1.6000000000000003,0.0,0.0,0.2542594451904297,11.012161254882802,3854,35,3,4,10751.0,10750.0,1.0,0.009302325581395349,10751.0,1.0,0.009302325581395349
19.615020449040458,approaching,True,0.015690640000000002,0.015690640000000002,0.0,0.0,1.6000000000000003,1.6000000000000003,0.0,0.0,0.25424655151367187,11.025054931640632,3860,35,3,4,10747.0,10750.0,-3.0,-0.027906976744186046,10747.0,-3.0,-0.027906976744186046
19.66554674017243,approaching,True,0.015690640000000002,0.015690640000000002,0.0,0.0,1.6000000000000003,1.6000000000000003,0.0,0.0,0.25424655151367187,11.025054931640632,3866,35,3,4,10741.0,10750.0,-9.0,-0.08372093023255814,10745.0,-5.0,-0.046511627906976744
19.69905472220853,approaching,True,0.015690640000000002,0.015690640000000002,0.0,0.0,1.6000000000000003,1.6000000000000003,0.0,0.0,0.25422550964355467,11.046096801757832,3870,35,3,4,10741.0,10750.0,-9.0,-0.08372093023255814,10741.0,-9.0,-0.08372093023255815
19.748988750157878,approaching,True,0.015690640000000002,0.015690640000000002,0.0,0.0,1.6000000000000003,1.6000000000000003,0.0,0.0,0.25422550964355467,11.046096801757832,3876,35,3,4,10741.0,10750.0,-9.0,-0.08372093023255814,10741.0,-9.0,-0.08372093023255815
19.798994954209775,approaching,True,0.015690640000000002,0.015690640000000002,0.0,0.0,1.6000000000000003,1.6000000000000003,0.0,0.0,0.25420437622070313,11.06723022460937,3883,35,3,4,10741.0,10750.0,-9.0,-0.08372093023255814,10741.666666666666,-8.333333333333334,-0.07751937984496124
19.865110039012507,approaching,True,0.015690640000000002,0.015690640000000002,0.0,0.0,1.6000000000000003,1.6000000000000003,0.0,0.0,0.25413926696777345,11.132339477539055,3889,35,3,4,10744.0,10750.0,-6.0,-0.05581395348837209,10743.0,-7.0,-0.06511627906976744
19.914546794025227,approaching,True,0.015690640000000002,0.015690640000000002,0.0,0.0,1.6000000000000003,1.6000000000000003,0.0,0.0,0.25413926696777345,11.132339477539055,3894,35,3,4,10740.0,10750.0,-10.0,-0.09302325581395349,10741.333333333334,-8.666666666666666,-0.08062015503875969
19.96645201719366,approaching,True,0.015690640000000002,0.015690640000000002,0.0,0.0,1.6000000000000003,1.6000000000000003,0.0,0.0,0.25400303649902345,11.268569946289054,3900,35,3,4,10742.0,10750.0,-8.0,-0.07441860465116279,10742.0,-8.0,-0.07441860465116279
19.9979007600341,approaching,True,0.015690640000000002,0.015690640000000002,0.0,0.0,1.6000000000000003,1.6000000000000003,0.0,0.0,0.25400303649902345,11.268569946289054,3907,35,3,4,10736.0,10750.0,-14.0,-0.13023255813953488,10742.666666666666,-7.333333333333333,-0.06821705426356589
20.048116370104253,approaching,True,0.015690640000000002,0.015690640000000002,0.0,0.0,1.6000000000000003,1.6000000000000003,0.0,0.0,0.2538711395263672,11.400466918945307,3916,35,3,4,10731.0,10750.0,-19.0,-0.17674418604651163,10732.666666666666,-17.333333333333332,-0.16124031007751938
20.10003505903296,approaching,True,0.015690640000000002,0.015690640000000002,0.0,0.0,1.6000000000000003,1.6000000000000003,0.0,0.0,0.2538711395263672,11.400466918945307,3921,35,3,4,10744.0,10750.0,-6.0,-0.05581395348837209,10739.666666666666,-10.333333333333334,-0.09612403100775195
20.150467543164268,approaching,True,0.015690640000000002,0.015690640000000002,0.0,0.0,1.6000000000000003,1.6000000000000003,0.0,0.0,0.2538539123535156,11.417694091796882,3927,35,3,4,10741.0,10750.0,-9.0,-0.08372093023255814,10741.0,-9.0,-0.08372093023255815
20.199233032995835,approaching,True,0.015690640000000002,0.015690640000000002,0.0,0.0,1.6000000000000003,1.6000000000000003,0.0,0.0,0.2538374176025391,11.434188842773418,3933,35,3,4,10740.0,10750.0,-10.0,-0.09302325581395349,10740.0,-10.0,-0.09302325581395349
20.265335989184678,approaching,True,0.015690640000000002,0.015690640000000002,0.0,0.0,1.6000000000000003,1.6000000000000003,0.0,0.0,0.2538374176025391,11.434188842773418,3940,35,3,4,10741.0,10750.0,-9.0,-0.08372093023255814,10747.0,-3.0,-0.027906976744186046
20.298644078196958,approaching,True,0.015690640000000002,0.015690640000000002,0.0,0.0,1.6000000000000003,1.6000000000000003,0.0,0.0,0.25381724548339846,11.454360961914045,3945,35,3,4,10744.0,10750.0,-6.0,-0.05581395348837209,10743.0,-7.0,-0.06511627906976744
20.35000385902822,approaching,True,0.015690640000000002,0.015690640000000002,0.0,0.0,1.6000000000000003,1.6000000000000003,0.0,0.0,0.2538109130859375,11.460693359374996,3952,35,3,4,10740.0,10750.0,-10.0,-0.09302325581395349,10740.0,-10.0,-0.09302325581395349
20.398022385081276,approaching,True,0.015690640000000002,0.015690640000000002,0.0,0.0,1.6000000000000003,1.6000000000000003,0.0,0.0,0.2538109130859375,11.460693359374996,3958,35,3,4,10739.0,10750.0,-11.0,-0.10232558139534884,10739.0,-11.0,-0.10232558139534882
20.46588864317164,approaching,True,0.015690640000000002,0.015690640000000002,0.0,0.0,1.6000000000000003,1.6000000000000003,0.0,0.0,0.2537891387939453,11.482467651367179,3967,35,3,4,10737.0,10750.0,-13.0,-0.12093023255813953,10736.333333333334,-13.666666666666666,-0.12713178294573643
20.499222844140604,approaching,True,0.015690640000000002,0.015690640000000002,0.0,0.0,1.6000000000000003,1.6000000000000003,0.0,0.0,0.2537891387939453,11.482467651367179,3971,35,3,4,10747.0,10750.0,-3.0,-0.027906976744186046,10740.333333333334,-9.666666666666666,-0.08992248062015502
20.55109921703115,approaching,True,0.015690640000000002,0.015690640000000002,0.0,0.0,1.6000000000000003,1.6000000000000003,0.0,0.0,0.2537654724121094,11.506134033203107,3977,35,3,4,10743.0,10750.0,-7.0,-0.06511627906976744,10744.333333333334,-5.666666666666667,-0.05271317829457364
20.59994951216504,approaching,True,0.015690640000000002,0.015690640000000002,0.0,0.0,1.6000000000000003,1.6000000000000003,0.0,0.0,0.25366839599609375,11.603210449218748,3983,35,3,4,10740.0,10750.0,-10.0,-0.09302325581395349,10740.0,-10.0,-0.09302325581395349
20.664906189078465,approaching,True,0.015690640000000002,0.015690640000000002,0.0,0.0,1.6000000000000003,1.6000000000000003,0.0,0.0,0.25366839599609375,11.603210449218748,3989,35,3,4,10739.0,10750.0,-11.0,-0.10232558139534884,10739.0,-11.0,-0.10232558139534882
20.69842458399944,approaching,True,0.015690640000000002,0.015690640000000002,0.0,0.0,1.6000000000000003,1.6000000000000003,0.0,0.0,0.25352786254882814,11.74374389648436,3995,35,3,4,10739.0,10750.0,-11.0,-0.10232558139534884,10737.666666666666,-12.333333333333334,-0.11472868217054262
20.740586875006557,approaching,True,0.015690640000000002,0.015690640000000002,0.0,0.0,1.6000000000000003,1.6000000000000003,0.0,0.0,0.25352786254882814,11.74374389648436,4004,35,3,4,10743.0,10750.0,-7.0,-0.06511627906976744,10743.0,-7.0,-0.06511627906976744
20.78993398300372,approaching,True,0.015690640000000002,0.015690640000000002,0.0,0.0,1.6000000000000003,1.6000000000000003,0.0,0.0,0.25348892211914065,11.782684326171855,4013,35,3,4,10749.0,10750.0,-1.0,-0.009302325581395349,10749.0,-1.0,-0.009302325581395349
20.848023555008695,approaching,True,0.015690640000000002,0.015690640000000002,0.0,0.0,1.6000000000000003,1.6000000000000003,0.0,0.0,0.2534587097167969,11.812896728515598,4022,35,3,4,10742.0,10750.0,-8.0,-0.07441860465116279,10742.0,-8.0,-0.07441860465116279
20.898916232166812,approaching,True,0.015690640000000002,0.015690640000000002,0.0,0.0,1.6000000000000003,1.6000000000000003,0.0,0.0,0.25343003845214845,11.841567993164048,4027,35,3,4,10742.0,10750.0,-8.0,-0.07441860465116279,10742.0,-8.0,-0.07441860465116279
20.950257293181494,approaching,True,0.015690640000000002,0.015690640000000002,0.0,0.0,1.6000000000000003,1.6000000000000003,0.0,0.0,0.25343003845214845,11.841567993164048,4033,35,3,4,10743.0,10750.0,-7.0,-0.06511627906976744,10740.666666666666,-9.333333333333334,-0.08682170542635659
21.000004603061825,approaching,True,0.015690640000000002,0.015690640000000002,0.0,0.0,1.6000000000000003,1.6000000000000003,0.0,0.0,0.2533856201171875,11.885986328124986,4039,35,3,4,10741.0,10750.0,-9.0,-0.08372093023255814,10741.0,-9.0,-0.08372093023255815
21.064756290987134,approaching,True,0.015690640000000002,0.015690640000000002,0.0,0.0,1.6000000000000003,1.6000000000000003,0.0,0.0,0.2532954711914063,11.976135253906229,4045,35,3,4,10740.0,10750.0,-10.0,-0.09302325581395349,10740.0,-10.0,-0.09302325581395349
21.098892720183358,approaching,True,0.015690640000000002,0.015690640000000002,0.0,0.0,1.6000000000000003,1.6000000000000003,0.0,0.0,0.2532954711914063,11.976135253906229,4050,35,3,4,10741.0,10750.0,-9.0,-0.08372093023255814,10741.0,-9.0,-0.08372093023255815
21.148062914144248,approaching,True,0.015690640000000002,0.015690640000000002,0.0,0.0,1.6000000000000003,1.6000000000000003,0.0,0.0,0.2531451721191406,12.126434326171886,4056,35,3,4,10740.0,10750.0,-10.0,-0.09302325581395349,10740.333333333334,-9.666666666666666,-0.08992248062015502
21.19890908920206,approaching,True,0.015690640000000002,0.015690640000000002,0.0,0.0,1.6000000000000003,1.6000000000000003,0.0,0.0,0.2531451721191406,12.126434326171886,4063,35,3,4,10739.0,10750.0,-11.0,-0.10232558139534884,10739.0,-11.0,-0.10232558139534882
21.26571685820818,approaching,True,0.015690640000000002,0.015690640000000002,0.0,0.0,1.6000000000000003,1.6000000000000003,0.0,0.0,0.2530724792480469,12.199127197265625,4068,35,3,4,10739.0,10750.0,-11.0,-0.10232558139534884,10739.0,-11.0,-0.10232558139534882
21.29835660313256,approaching,True,0.015690640000000002,0.015690640000000002,0.0,0.0,1.6000000000000003,1.6000000000000003,0.0,0.0,0.2530724792480469,12.199127197265625,4072,35,3,4,10742.0,10750.0,-8.0,-0.07441860465116279,10742.0,-8.0,-0.07441860465116279
21.348506540991366,approaching,True,0.015690640000000002,0.015690640000000002,0.0,0.0,1.6000000000000003,1.6000000000000003,0.0,0.0,0.2530399475097656,12.231658935546896,4080,35,3,4,10742.0,10750.0,-8.0,-0.07441860465116279,10742.0,-8.0,-0.07441860465116279
21.39786162110977,approaching,True,0.015690640000000002,0.015690640000000002,0.0,0.0,1.6000000000000003,1.6000000000000003,0.0,0.0,0.2530068359375,12.264770507812495,4088,35,3,4,10740.0,10750.0,-10.0,-0.09302325581395349,10740.0,-10.0,-0.09302325581395349
21.448344140080735,approaching,True,0.015690640000000002,0.015690640000000002,0.0,0.0,1.6000000000000003,1.6000000000000003,0.0,0.0,0.2530068359375,12.264770507812495,4097,35,3,4,10745.0,10750.0,-5.0,-0.046511627906976744,10745.0,-5.0,-0.046511627906976744
21.499308583093807,approaching,True,0.015690640000000002,0.015690640000000002,0.0,0.0,1.6000000000000003,1.6000000000000003,0.0,0.0,0.25296826171875003,12.303344726562472,4104,35,3,4,10742.0,10750.0,-8.0,-0.07441860465116279,10740.0,-10.0,-0.09302325581395349
21.548933576093987,approaching,True,0.015690640000000002,0.015690640000000002,0.0,0.0,1.6000000000000003,1.6000000000000003,0.0,0.0,0.2529489135742188,12.322692871093722,4109,35,3,4,10740.0,10750.0,-10.0,-0.09302325581395349,10741.333333333334,-8.666666666666666,-0.08062015503875969
21.599046820076182,approaching,True,0.015690640000000002,0.015690640000000002,0.0,0.0,1.6000000000000003,1.6000000000000003,0.0,0.0,0.2529489135742188,12.322692871093722,4115,35,3,4,10743.0,10750.0,-7.0,-0.06511627906976744,10742.0,-8.0,-0.07441860465116279
21.66494416212663,approaching,True,0.015690640000000002,0.015690640000000002,0.0,0.0,1.6000000000000003,1.6000000000000003,0.0,0.0,0.25292306518554686,12.348541259765645,4121,35,3,4,10739.0,10750.0,-11.0,-0.10232558139534884,10739.0,-11.0,-0.10232558139534882
21.699481724062935,approaching,True,0.015690640000000002,0.015690640000000002,0.0,0.0,1.6000000000000003,1.6000000000000003,0.0,0.0,0.25292306518554686,12.348541259765645,4128,35,3,4,10741.0,10750.0,-9.0,-0.08372093023255814,10741.666666666666,-8.333333333333334,-0.07751937984496124
21.748002476990223,approaching,True,0.015690640000000002,0.015690640000000002,0.0,0.0,1.6000000000000003,1.6000000000000003,0.0,0.0,0.2528970031738281,12.374603271484375,4133,35,3,4,10740.0,10750.0,-10.0,-0.09302325581395349,10740.666666666666,-9.333333333333334,-0.08682170542635659
21.799720211187378,approaching,True,0.015690640000000002,0.015690640000000002,0.0,0.0,1.6000000000000003,1.6000000000000003,0.0,0.0,0.2528484649658203,12.423141479492195,4139,35,3,4,10744.0,10750.0,-6.0,-0.05581395348837209,10742.666666666666,-7.333333333333333,-0.06821705426356589
21.865317604038864,approaching,True,0.015690640000000002,0.015690640000000002,0.0,0.0,1.6000000000000003,1.6000000000000003,0.0,0.0,0.2528484649658203,12.423141479492195,4146,35,3,4,10739.0,10750.0,-11.0,-0.10232558139534884,10739.0,-11.0,-0.10232558139534882
21.914598488016054,approaching,True,0.015690640000000002,0.015690640000000002,0.0,0.0,1.6000000000000003,1.6000000000000003,0.0,0.0,0.2527587280273438,12.51287841796872,4151,35,3,4,10744.0,10750.0,-6.0,-0.05581395348837209,10744.0,-6.0,-0.05581395348837209
21.966457402100787,approaching,True,0.015690640000000002,0.015690640000000002,0.0,0.0,1.6000000000000003,1.6000000000000003,0.0,0.0,0.25259492492675784,12.676681518554666,4157,35,3,4,10746.0,10750.0,-4.0,-0.037209302325581395,10746.0,-4.0,-0.037209302325581395
22.0147148151882,approaching,True,0.015690640000000002,0.015690640000000002,0.0,0.0,1.6000000000000003,1.6000000000000003,0.0,0.0,0.25259492492675784,12.676681518554666,4163,35,3,4,10744.0,10750.0,-6.0,-0.05581395348837209,10743.0,-7.0,-0.06511627906976744
22.064945054007694,approaching,True,0.015690640000000002,0.015690640000000002,0.0,0.0,1.6000000000000003,1.6000000000000003,0.0,0.0,0.2525350646972656,12.736541748046893,4170,35,3,4,10743.0,10750.0,-7.0,-0.06511627906976744,10743.0,-7.0,-0.06511627906976744
22.099125389009714,approaching,True,0.015690640000000002,0.015690640000000002,0.0,0.0,1.6000000000000003,1.6000000000000003,0.0,0.0,0.2525350646972656,12.736541748046893,4175,35,3,4,10741.0,10750.0,-9.0,-0.08372093023255814,10741.0,-9.0,-0.08372093023255815
22.148653496056795,approaching,True,0.015690640000000002,0.015690640000000002,0.0,0.0,1.6000000000000003,1.6000000000000003,0.0,0.0,0.2523525695800781,12.919036865234379,4181,35,3,4,10742.0,10750.0,-8.0,-0.07441860465116279,10744.666666666666,-5.333333333333333,-0.04961240310077519
22.199262345209718,approaching,True,0.015690640000000002,0.015690640000000002,0.0,0.0,1.6000000000000003,1.6000000000000003,0.0,0.0,0.2523525695800781,12.919036865234379,4186,35,3,4,10740.0,10750.0,-10.0,-0.09302325581395349,10740.666666666666,-9.333333333333334,-0.08682170542635659
22.265075972070917,approaching,True,0.015690640000000002,0.015690640000000002,0.0,0.0,1.6000000000000003,1.6000000000000003,0.0,0.0,0.25221734619140623,13.05426025390627,4192,35,3,4,10743.0,10750.0,-7.0,-0.06511627906976744,10742.0,-8.0,-0.07441860465116279
22.302501664031297,approaching,True,0.015690640000000002,0.015690640000000002,0.0,0.0,1.6000000000000003,1.6000000000000003,0.0,0.0,0.2521782684326172,13.093338012695298,4197,35,3,4,10742.0,10750.0,-8.0,-0.07441860465116279,10742.0,-8.0,-0.07441860465116279
22.349165382096544,approaching,True,0.015690640000000002,0.015690640000000002,0.0,0.0,1.6000000000000003,1.6000000000000003,0.0,0.0,0.2521782684326172,13.093338012695298,4203,35,3,4,10741.0,10750.0,-9.0,-0.08372093023255814,10741.0,-9.0,-0.08372093023255815
22.398228034144267,approaching,True,0.015690640000000002,0.015690640000000002,0.0,0.0,1.6000000000000003,1.6000000000000003,0.0,0.0,0.252169189453125,13.102416992187504,4209,35,3,4,10739.0,10750.0,-11.0,-0.10232558139534884,10745.0,-5.0,-0.046511627906976744
22.46494887303561,approaching,True,0.015690640000000002,0.015690640000000002,0.0,0.0,1.6000000000000003,1.6000000000000003,0.0,0.0,0.2521627197265625,13.10888671874999,4216,35,3,4,10742.0,10750.0,-8.0,-0.07441860465116279,10742.0,-8.0,-0.07441860465116279
22.5159331781324,approaching,True,0.015690640000000002,0.015690640000000002,0.0,0.0,1.6000000000000003,1.6000000000000003,0.0,0.0,0.2521627197265625,13.10888671874999,4222,35,3,4,10739.0,10750.0,-11.0,-0.10232558139534884,10739.0,-11.0,-0.10232558139534882
22.565614548046142,approaching,True,0.015690640000000002,0.015690640000000002,0.0,0.0,1.6000000000000003,1.6000000000000003,0.0,0.0,0.25214581298828126,13.125793457031243,4227,35,3,4,10744.0,10750.0,-6.0,-0.05581395348837209,10742.0,-8.0,-0.07441860465116279
22.600140302209184,approaching,True,0.015690640000000002,0.015690640000000002,0.0,0.0,1.6000000000000003,1.6000000000000003,0.0,0.0,0.25214581298828126,13.125793457031243,4234,35,3,4,10741.0,10750.0,-9.0,-0.08372093023255814,10741.0,-9.0,-0.08372093023255815
22.666369098005816,approaching,True,0.015690640000000002,0.015690640000000002,0.0,0.0,1.6000000000000003,1.6000000000000003,0.0,0.0,0.2521283874511719,13.143218994140614,4238,35,3,4,10738.0,10750.0,-12.0,-0.11162790697674418,10739.0,-11.0,-0.10232558139534882
22.699812204111367,approaching,True,0.015690640000000002,0.015690640000000002,0.0,0.0,1.6000000000000003,1.6000000000000003,0.0,0.0,0.2521283874511719,13.143218994140614,4243,35,3,4,10737.0,10750.0,-13.0,-0.12093023255813953,10737.333333333334,-12.666666666666666,-0.11782945736434108
22.748501300113276,approaching,True,0.015690640000000002,0.015690640000000002,0.0,0.0,1.6000000000000003,1.6000000000000003,0.0,0.0,0.2521186828613281,13.1529235839844,4250,35,3,4,10743.0,10750.0,-7.0,-0.06511627906976744,10742.333333333334,-7.666666666666667,-0.07131782945736434
22.798380370019004,approaching,True,0.015690640000000002,0.015690640000000002,0.0,0.0,1.6000000000000003,1.6000000000000003,0.0,0.0,0.2521004638671875,13.171142578125018,4255,35,3,4,10743.0,10750.0,-7.0,-0.06511627906976744,10743.0,-7.0,-0.06511627906976744
22.865155330160633,approaching,True,0.015690640000000002,0.015690640000000002,0.0,0.0,1.6000000000000003,1.6000000000000003,0.0,0.0,0.2521004638671875,13.171142578125018,4262,35,3,4,10742.0,10750.0,-8.0,-0.07441860465116279,10742.0,-8.0,-0.07441860465116279
22.91736419312656,approaching,True,0.015690640000000002,0.015690640000000002,0.0,0.0,1.6000000000000003,1.6000000000000003,0.0,0.0,0.252078125,13.193481445312516,4267,35,3,4,10743.0,10750.0,-7.0,-0.06511627906976744,10743.0,-7.0,-0.06511627906976744
22.966237914049998,approaching,True,0.015690640000000002,0.015690640000000002,0.0,0.0,1.6000000000000003,1.6000000000000003,0.0,0.0,0.2520121917724609,13.259414672851577,4273,35,3,4,10743.0,10750.0,-7.0,-0.06511627906976744,10743.0,-7.0,-0.06511627906976744
22.998184410156682,approaching,True,0.015690640000000002,0.015690640000000002,0.0,0.0,1.6000000000000003,1.6000000000000003,0.0,0.0,0.2520121917724609,13.259414672851577,4280,35,3,4,10742.0,10750.0,-8.0,-0.07441860465116279,10744.0,-6.0,-0.05581395348837209
23.048167165135965,approaching,True,0.015690640000000002,0.015690640000000002,0.0,0.0,1.6000000000000003,1.6000000000000003,0.0,0.0,0.25188763427734373,13.383972167968771,4289,35,3,4,10752.0,10750.0,2.0,0.018604651162790697,10752.0,2.0,0.018604651162790697
23.09886447014287,approaching,True,0.015690640000000002,0.015690640000000002,0.0,0.0,1.6000000000000003,1.6000000000000003,0.0,0.0,0.25188763427734373,13.383972167968771,4296,35,3,4,10740.0,10750.0,-10.0,-0.09302325581395349,10740.0,-10.0,-0.09302325581395349
23.150392785202712,approaching,True,0.015690640000000002,0.015690640000000002,0.0,0.0,1.6000000000000003,1.6000000000000003,0.0,0.0,0.25181585693359376,13.45574951171874,4301,35,3,4,10742.0,10750.0,-8.0,-0.07441860465116279,10742.0,-8.0,-0.07441860465116279
23.199308983050287,approaching,True,0.015690640000000002,0.015690640000000002,0.0,0.0,1.6000000000000003,1.6000000000000003,0.0,0.0,0.25181585693359376,13.45574951171874,4307,35,3,4,10734.0,10750.0,-16.0,-0.14883720930232558,10735.333333333334,-14.666666666666666,-0.13643410852713178
23.264825334073976,approaching,True,0.015690640000000002,0.015690640000000002,0.0,0.0,1.6000000000000003,1.6000000000000003,0.0,0.0,0.2516717224121094,13.599884033203114,4313,35,3,4,10740.0,10750.0,-10.0,-0.09302325581395349,10738.0,-12.0,-0.11162790697674418
23.299383958103135,approaching,True,0.015690640000000002,0.015690640000000002,0.0,0.0,1.6000000000000003,1.6000000000000003,0.0,0.0,0.25158782958984377,13.683776855468732,4318,35,3,4,10736.0,10750.0,-14.0,-0.13023255813953488,10737.333333333334,-12.666666666666666,-0.11782945736434108
23.34793112403713,approaching,True,0.015690640000000002,0.015690640000000002,0.0,0.0,1.6000000000000003,1.6000000000000003,0.0,0.0,0.25158782958984377,13.683776855468732,4324,35,3,4,10746.0,10750.0,-4.0,-0.037209302325581395,10746.0,-4.0,-0.037209302325581395
23.39831840619445,approaching,True,0.015690640000000002,0.015690640000000002,0.0,0.0,1.6000000000000003,1.6000000000000003,0.0,0.0,0.25153460693359375,13.73699951171875,4330,35,3,4,10742.0,10750.0,-8.0,-0.07441860465116279,10742.0,-8.0,-0.07441860465116279
23.465058129047975,approaching,True,0.015690640000000002,0.015690640000000002,0.0,0.0,1.6000000000000003,1.6000000000000003,0.0,0.0,0.2514276123046875,13.843994140624982,4337,35,3,4,10741.0,10750.0,-9.0,-0.08372093023255814,10741.333333333334,-8.666666666666666,-0.08062015503875969
23.514444943051785,approaching,True,0.015690640000000002,0.015690640000000002,0.0,0.0,1.6000000000000003,1.6000000000000003,0.0,0.0,0.2514276123046875,13.843994140624982,4342,35,3,4,10739.0,10750.0,-11.0,-0.10232558139534884,10739.666666666666,-10.333333333333334,-0.09612403100775195
23.565200619166717,approaching,True,0.015690640000000002,0.015690640000000002,0.0,0.0,1.6000000000000003,1.6000000000000003,0.0,0.0,0.25137762451171874,13.893981933593757,4349,35,3,4,10745.0,10750.0,-5.0,-0.046511627906976744,10745.0,-5.0,-0.046511627906976744
23.615215280093253,approaching,True,0.015690640000000002,0.015690640000000002,0.0,0.0,1.6000000000000003,1.6000000000000003,0.0,0.0,0.25137762451171874,13.893981933593757,4355,35,3,4,10738.0,10750.0,-12.0,-0.11162790697674418,10738.666666666666,-11.333333333333334,-0.10542635658914729
23.66506663314067,approaching,True,0.015690640000000002,0.015690640000000002,0.0,0.0,1.6000000000000003,1.6000000000000003,0.0,0.0,0.25134097290039065,13.930633544921855,4360,35,3,4,10739.0,10750.0,-11.0,-0.10232558139534884,10738.333333333334,-11.666666666666666,-0.10852713178294575
23.700139788212255,approaching,True,0.015690640000000002,0.015690640000000002,0.0,0.0,1.6000000000000003,1.6000000000000003,0.0,0.0,0.25134097290039065,13.930633544921855,4365,35,3,4,10740.0,10750.0,-10.0,-0.09302325581395349,10739.666666666666,-10.333333333333334,-0.09612403100775195
23.748470430029556,approaching,True,0.015690640000000002,0.015690640000000002,0.0,0.0,1.6000000000000003,1.6000000000000003,0.0,0.0,0.25132662963867186,13.944976806640641,4372,35,3,4,10738.0,10750.0,-12.0,-0.11162790697674418,10738.0,-12.0,-0.11162790697674418
23.798855138011277,approaching,True,0.015690640000000002,0.015690640000000002,0.0,0.0,1.6000000000000003,1.6000000000000003,0.0,0.0,0.2513163146972656,13.955291748046882,4378,35,3,4,10744.0,10750.0,-6.0,-0.05581395348837209,10744.0,-6.0,-0.05581395348837209
23.865013253176585,approaching,True,0.015690640000000002,0.015690640000000002,0.0,0.0,1.6000000000000003,1.6000000000000003,0.0,0.0,0.2513163146972656,13.955291748046882,4384,35,3,4,10745.0,10750.0,-5.0,-0.046511627906976744,10745.0,-5.0,-0.046511627906976744
23.914929944090545,approaching,True,0.015690640000000002,0.015690640000000002,0.0,0.0,1.6000000000000003,1.6000000000000003,0.0,0.0,0.251313720703125,13.957885742187482,4389,35,3,4,10739.0,10750.0,-11.0,-0.10232558139534884,10741.0,-9.0,-0.08372093023255815
23.949799959082156,approaching,True,0.015690640000000002,0.015690640000000002,0.0,0.0,1.6000000000000003,1.6000000000000003,0.0,0.0,0.251313720703125,13.957885742187482,4396,35,3,4,10737.0,10750.0,-13.0,-0.12093023255813953,10737.0,-13.0,-0.12093023255813955
23.998121234122664,approaching,True,0.015690640000000002,0.015690640000000002,0.0,0.0,1.6000000000000003,1.6000000000000003,0.0,0.0,0.2513143768310547,13.957229614257827,4404,35,3,4,10740.0,10750.0,-10.0,-0.09302325581395349,10740.0,-10.0,-0.09302325581395349
24.067270326195285,approaching,True,0.015690640000000002,0.015690640000000002,0.0,0.0,1.6000000000000003,1.6000000000000003,0.0,0.0,0.2513059844970703,13.965621948242191,4413,35,3,4,10748.0,10750.0,-2.0,-0.018604651162790697,10742.0,-8.0,-0.07441860465116279
24.0897182431072,approaching,True,0.015690640000000002,0.015690640000000002,0.0,0.0,1.6000000000000003,1.6000000000000003,0.0,0.0,0.2513059844970703,13.965621948242191,4418,35,3,4,10743.0,10750.0,-7.0,-0.06511627906976744,10743.0,-7.0,-0.06511627906976744
24.139713952085003,approaching,True,0.015690640000000002,0.015690640000000002,0.0,0.0,1.6000000000000003,1.6000000000000003,0.0,0.0,0.2512908935546875,13.980712890625025,4427,35,3,4,10749.0,10750.0,-1.0,-0.009302325581395349,10749.0,-1.0,-0.009302325581395349
24.1903393631801,approaching,True,0.015690640000000002,0.015690640000000002,0.0,0.0,1.6000000000000003,1.6000000000000003,0.0,0.0,0.25123220825195314,14.039398193359364,4436,35,3,4,10736.0,10750.0,-14.0,-0.13023255813953488,10736.0,-14.0,-0.13023255813953488
24.248109772102907,approaching,True,0.015690640000000002,0.015690640000000002,0.0,0.0,1.6000000000000003,1.6000000000000003,0.0,0.0,0.2511556396484375,14.11596679687499,4446,35,3,4,10743.0,10750.0,-7.0,-0.06511627906976744,10743.666666666666,-6.333333333333333,-0.05891472868217054
24.290147667983547,approaching,True,0.015690640000000002,0.015690640000000002,0.0,0.0,1.6000000000000003,1.6000000000000003,0.0,0.0,0.2511556396484375,14.11596679687499,4454,35,3,4,10743.0,10750.0,-7.0,-0.06511627906976744,10743.0,-7.0,-0.06511627906976744
24.339712580200285,approaching,True,0.015690640000000002,0.015690640000000002,0.0,0.0,1.6000000000000003,1.6000000000000003,0.0,0.0,0.2511523590087891,14.11924743652343,4464,35,3,4,10744.0,10750.0,-6.0,-0.05581395348837209,10744.0,-6.0,-0.05581395348837209
24.390612798044458,approaching,True,0.015690640000000002,0.015690640000000002,0.0,0.0,1.6000000000000003,1.6000000000000003,0.0,0.0,0.2511460266113281,14.12557983398438,4474,35,3,4,10739.0,10750.0,-11.0,-0.10232558139534884,10739.0,-11.0,-0.10232558139534882
24.44779033306986,approaching,True,0.015690640000000002,0.015690640000000002,0.0,0.0,1.6000000000000003,1.6000000000000003,0.0,0.0,0.2511350250244141,14.136581420898409,4484,35,3,4,10742.0,10750.0,-8.0,-0.07441860465116279,10738.666666666666,-11.333333333333334,-0.10542635658914729
24.49879565020092,approaching,True,0.015690640000000002,0.015690640000000002,0.0,0.0,1.6000000000000003,1.6000000000000003,0.0,0.0,0.25112506103515625,14.146545410156254,4489,35,3,4,10742.0,10750.0,-8.0,-0.07441860465116279,10742.0,-8.0,-0.07441860465116279
24.548258145106956,approaching,True,0.015690640000000002,0.015690640000000002,0.0,0.0,1.6000000000000003,1.6000000000000003,0.0,0.0,0.25109521484375,14.176391601562477,4495,35,3,4,10748.0,10750.0,-2.0,-0.018604651162790697,10746.666666666666,-3.3333333333333335,-0.031007751937984496
24.598248557187617,approaching,True,0.015690640000000002,0.015690640000000002,0.0,0.0,1.6000000000000003,1.6000000000000003,0.0,0.0,0.25109521484375,14.176391601562477,4501,35,3,4,10737.0,10750.0,-13.0,-0.12093023255813953,10737.0,-13.0,-0.12093023255813955
24.665970866102725,approaching,True,0.015690640000000002,0.015690640000000002,0.0,0.0,1.6000000000000003,1.6000000000000003,0.0,0.0,0.25105267333984377,14.218933105468734,4507,35,3,4,10737.0,10750.0,-13.0,-0.12093023255813953,10737.0,-13.0,-0.12093023255813955
24.71487690298818,approaching,True,0.015690640000000002,0.015690640000000002,0.0,0.0,1.6000000000000003,1.6000000000000003,0.0,0.0,0.25096841430664063,14.303192138671871,4511,35,3,4,10745.0,10750.0,-5.0,-0.046511627906976744,10745.0,-5.0,-0.046511627906976744
24.765041219070554,approaching,True,0.015690640000000002,0.015690640000000002,0.0,0.0,1.6000000000000003,1.6000000000000003,0.0,0.0,0.25096841430664063,14.303192138671871,4517,35,3,4,10740.0,10750.0,-10.0,-0.09302325581395349,10742.0,-8.0,-0.07441860465116279
24.81473716814071,approaching,True,0.015690640000000002,0.015690640000000002,0.0,0.0,1.6000000000000003,1.6000000000000003,0.0,0.0,0.25083001708984376,14.441589355468743,4523,35,3,4,10742.0,10750.0,-8.0,-0.07441860465116279,10742.0,-8.0,-0.07441860465116279
24.88228383800015,approaching,True,0.015690640000000002,0.015690640000000002,0.0,0.0,1.6000000000000003,1.6000000000000003,0.0,0.0,0.2508026428222656,14.468963623046893,4529,35,3,4,10742.0,10750.0,-8.0,-0.07441860465116279,10742.0,-8.0,-0.07441860465116279
24.901211890159175,approaching,True,0.015690640000000002,0.015690640000000002,0.0,0.0,1.6000000000000003,1.6000000000000003,0.0,0.0,0.2508026428222656,14.468963623046893,4535,35,3,4,10748.0,10750.0,-2.0,-0.018604651162790697,10748.0,-2.0,-0.018604651162790697
24.950528586981818,approaching,True,0.015690640000000002,0.015690640000000002,0.0,0.0,1.6000000000000003,1.6000000000000003,0.0,0.0,0.2508026428222656,14.468963623046893,4541,35,3,4,10741.0,10750.0,-9.0,-0.08372093023255814,10740.333333333334,-9.666666666666666,-0.08992248062015502
24.997848486993462,approaching,True,0.015690640000000002,0.015690640000000002,0.0,0.0,1.6000000000000003,1.6000000000000003,0.0,0.0,0.25067462158203124,14.596984863281259,4550,35,3,4,10745.0,10750.0,-5.0,-0.046511627906976744,10745.0,-5.0,-0.046511627906976744
25.06641448615119,approaching,True,0.015690640000000002,0.015690640000000002,0.0,0.0,1.6000000000000003,1.6000000000000003,0.0,0.0,0.25053086853027345,14.740737915039048,4559,35,3,4,10738.0,10750.0,-12.0,-0.11162790697674418,10738.0,-12.0,-0.11162790697674418
25.102915739174932,approaching,True,0.015690640000000002,0.015690640000000002,0.0,0.0,1.6000000000000003,1.6000000000000003,0.0,0.0,0.25053086853027345,14.740737915039048,4564,35,3,4,10744.0,10750.0,-6.0,-0.05581395348837209,10744.0,-6.0,-0.05581395348837209
25.149068386061117,approaching,True,0.015690640000000002,0.015690640000000002,0.0,0.0,1.6000000000000003,1.6000000000000003,0.0,0.0,0.25045248413085935,14.819122314453148,4571,35,3,4,10739.0,10750.0,-11.0,-0.10232558139534884,10739.0,-11.0,-0.10232558139534882
25.203035396989435,approaching,True,0.015690640000000002,0.015690640000000002,0.0,0.0,1.6000000000000003,1.6000000000000003,0.0,0.0,0.25045248413085935,14.819122314453148,4577,35,3,4,10734.0,10750.0,-16.0,-0.14883720930232558,10734.0,-16.0,-0.14883720930232558
25.264971838099882,approaching,True,0.015690640000000002,0.015690640000000002,0.0,0.0,1.6000000000000003,1.6000000000000003,0.0,0.0,0.25041305541992187,14.858551025390632,4582,35,3,4,10741.0,10750.0,-9.0,-0.08372093023255814,10741.0,-9.0,-0.08372093023255815
25.30041882302612,approaching,True,0.015690640000000002,0.015690640000000002,0.0,0.0,1.6000000000000003,1.6000000000000003,0.0,0.0,0.25039143371582034,14.880172729492159,4588,35,3,4,10744.0,10750.0,-6.0,-0.05581395348837209,10744.0,-6.0,-0.05581395348837209
25.348824590211734,approaching,True,0.015690640000000002,0.015690640000000002,0.0,0.0,1.6000000000000003,1.6000000000000003,0.0,0.0,0.25039143371582034,14.880172729492159,4594,35,3,4,10741.0,10750.0,-9.0,-0.08372093023255814,10741.0,-9.0,-0.08372093023255815
25.39825769001618,approaching,True,0.015690640000000002,0.015690640000000002,0.0,0.0,1.6000000000000003,1.6000000000000003,0.0,0.0,0.25037545776367187,14.89614868164063,4600,35,3,4,10738.0,10750.0,-12.0,-0.11162790697674418,10739.0,-11.0,-0.10232558139534882
25.46508716698736,approaching,True,0.015690640000000002,0.015690640000000002,0.0,0.0,1.6000000000000003,1.6000000000000003,0.0,0.0,0.25036785888671875,14.90374755859375,4608,35,3,4,10736.0,10750.0,-14.0,-0.13023255813953488,10736.0,-14.0,-0.13023255813953488
25.515056478092447,approaching,True,0.015690640000000002,0.015690640000000002,0.0,0.0,1.6000000000000003,1.6000000000000003,0.0,0.0,0.25036785888671875,14.90374755859375,4613,35,3,4,10737.0,10750.0,-13.0,-0.12093023255813953,10737.0,-13.0,-0.12093023255813955
25.548908974044025,approaching,True,0.015690640000000002,0.015690640000000002,0.0,0.0,1.6000000000000003,1.6000000000000003,0.0,0.0,0.25035226440429686,14.919342041015637,4619,35,3,4,10740.0,10750.0,-10.0,-0.09302325581395349,10740.0,-10.0,-0.09302325581395349
25.599265160039067,approaching,True,0.015690640000000002,0.015690640000000002,0.0,0.0,1.6000000000000003,1.6000000000000003,0.0,0.0,0.25035226440429686,14.919342041015637,4625,35,3,4,10740.0,10750.0,-10.0,-0.09302325581395349,10740.0,-10.0,-0.09302325581395349
25.66670129308477,approaching,True,0.015690640000000002,0.015690640000000002,0.0,0.0,1.6000000000000003,1.6000000000000003,0.0,0.0,0.2503397979736328,14.931808471679686,4631,35,3,4,10737.0,10750.0,-13.0,-0.12093023255813953,10737.0,-13.0,-0.12093023255813955
25.700036549009383,approaching,True,0.015690640000000002,0.015690640000000002,0.0,0.0,1.6000000000000003,1.6000000000000003,0.0,0.0,0.2503397979736328,14.931808471679686,4637,35,3,4,10737.0,10750.0,-13.0,-0.12093023255813953,10737.0,-13.0,-0.12093023255813955
25.747948110103607,approaching,True,0.015690640000000002,0.015690640000000002,0.0,0.0,1.6000000000000003,1.6000000000000003,0.0,0.0,0.25030482482910155,14.966781616210955,4643,35,3,4,10746.0,10750.0,-4.0,-0.037209302325581395,10746.0,-4.0,-0.037209302325581395
25.798421727027744,approaching,True,0.015690640000000002,0.015690640000000002,0.0,0.0,1.6000000000000003,1.6000000000000003,0.0,0.0,0.25024908447265626,15.022521972656245,4649,35,3,4,10735.0,10750.0,-15.0,-0.13953488372093023,10735.0,-15.0,-0.13953488372093023
25.868234740104526,approaching,True,0.015690640000000002,0.015690640000000002,0.0,0.0,1.6000000000000003,1.6000000000000003,0.0,0.0,0.25024908447265626,15.022521972656245,4656,35,3,4,10745.0,10750.0,-5.0,-0.046511627906976744,10745.0,-5.0,-0.046511627906976744
25.900776639115065,approaching,True,0.015690640000000002,0.015690640000000002,0.0,0.0,1.6000000000000003,1.6000000000000003,0.0,0.0,0.250146240234375,15.125366210937518,4661,35,3,4,10740.0,10750.0,-10.0,-0.09302325581395349,10740.0,-10.0,-0.09302325581395349
25.949578248197213,approaching,True,0.015690640000000002,0.015690640000000002,0.0,0.0,1.6000000000000003,1.6000000000000003,0.0,0.0,0.250146240234375,15.125366210937518,4669,35,3,4,10742.0,10750.0,-8.0,-0.07441860465116279,10739.333333333334,-10.666666666666666,-0.09922480620155039
25.9905022920575,approaching,True,0.015690640000000002,0.015690640000000002,0.0,0.0,1.6000000000000003,1.6000000000000003,0.0,0.0,0.24993858337402344,15.333023071289059,4678,35,3,4,10741.0,10750.0,-9.0,-0.08372093023255814,10741.0,-9.0,-0.08372093023255815
26.04803032311611,approaching,True,0.015690640000000002,0.015690640000000002,0.0,0.0,1.6000000000000003,1.6000000000000003,0.0,0.0,0.24983425903320314,15.437347412109364,4687,35,3,4,10741.0,10750.0,-9.0,-0.08372093023255814,10741.0,-9.0,-0.08372093023255815
26.10279918508604,approaching,True,0.015690640000000002,0.015690640000000002,0.0,0.0,1.6000000000000003,1.6000000000000003,0.0,0.0,0.24983425903320314,15.437347412109364,4692,35,3,4,10741.0,10750.0,-9.0,-0.08372093023255814,10741.0,-9.0,-0.08372093023255815
26.151893061120063,approaching,True,0.015690640000000002,0.015690640000000002,0.0,0.0,1.6000000000000003,1.6000000000000003,0.0,0.0,0.24966421508789063,15.607391357421868,4699,35,3,4,10739.0,10750.0,-11.0,-0.10232558139534884,10739.0,-11.0,-0.10232558139534882
26.19946038420312,approaching,True,0.015690640000000002,0.015690640000000002,0.0,0.0,1.6000000000000003,1.6000000000000003,0.0,0.0,0.24966421508789063,15.607391357421868,4705,35,3,4,10747.0,10750.0,-3.0,-0.027906976744186046,10742.333333333334,-7.666666666666667,-0.07131782945736434
26.265418362105265,approaching,True,0.015690640000000002,0.015690640000000002,0.0,0.0,1.6000000000000003,1.6000000000000003,0.0,0.0,0.24954867553710938,15.72293090820312,4711,35,3,4,10733.0,10750.0,-17.0,-0.15813953488372093,10737.666666666666,-12.333333333333334,-0.11472868217054262
26.29929407313466,approaching,True,0.015690640000000002,0.015690640000000002,0.0,0.0,1.6000000000000003,1.6000000000000003,0.0,0.0,0.2495153503417969,15.756256103515609,4716,35,3,4,10738.0,10750.0,-12.0,-0.11162790697674418,10738.0,-12.0,-0.11162790697674418
26.348134560044855,approaching,True,0.015690640000000002,0.015690640000000002,0.0,0.0,1.6000000000000003,1.6000000000000003,0.0,0.0,0.2495153503417969,15.756256103515609,4721,35,3,4,10746.0,10750.0,-4.0,-0.037209302325581395,10746.0,-4.0,-0.037209302325581395
26.398333149030805,approaching,True,0.015690640000000002,0.015690640000000002,0.0,0.0,1.6000000000000003,1.6000000000000003,0.0,0.0,0.24951223754882812,15.759368896484382,4727,35,3,4,10734.0,10750.0,-16.0,-0.14883720930232558,10734.0,-16.0,-0.14883720930232558
26.46523596998304,approaching,True,0.015690640000000002,0.015690640000000002,0.0,0.0,1.6000000000000003,1.6000000000000003,0.0,0.0,0.24951223754882812,15.759368896484382,4734,35,3,4,10739.0,10750.0,-11.0,-0.10232558139534884,10739.0,-11.0,-0.10232558139534882
26.49836403899826,approaching,True,0.015690640000000002,0.015690640000000002,0.0,0.0,1.6000000000000003,1.6000000000000003,0.0,0.0,0.24950067138671875,15.770935058593755,4739,35,3,4,10742.0,10750.0,-8.0,-0.07441860465116279,10742.0,-8.0,-0.07441860465116279
26.539983976166695,approaching,True,0.015690640000000002,0.015690640000000002,0.0,0.0,1.6000000000000003,1.6000000000000003,0.0,0.0,0.24950067138671875,15.770935058593755,4748,35,3,4,10743.0,10750.0,-7.0,-0.06511627906976744,10743.0,-7.0,-0.06511627906976744
26.59029994206503,approaching,True,0.015690640000000002,0.015690640000000002,0.0,0.0,1.6000000000000003,1.6000000000000003,0.0,0.0,0.24948135375976563,15.790252685546873,4757,35,3,4,10735.0,10750.0,-15.0,-0.13953488372093023,10735.666666666666,-14.333333333333334,-0.13333333333333333
26.64802530617453,approaching,True,0.015690640000000002,0.015690640000000002,0.0,0.0,1.6000000000000003,1.6000000000000003,0.0,0.0,0.2494700927734375,15.80151367187499,4767,35,3,4,10743.0,10750.0,-7.0,-0.06511627906976744,10743.0,-7.0,-0.06511627906976744
26.69910735799931,approaching,True,0.015690640000000002,0.015690640000000002,0.0,0.0,1.6000000000000003,1.6000000000000003,0.0,0.0,0.24943753051757814,15.834075927734364,4773,35,3,4,10736.0,10750.0,-14.0,-0.13023255813953488,10738.333333333334,-11.666666666666666,-0.10852713178294575
26.749680696986616,approaching,True,0.015690640000000002,0.015690640000000002,0.0,0.0,1.6000000000000003,1.6000000000000003,0.0,0.0,0.24943753051757814,15.834075927734364,4779,35,3,4,10742.0,10750.0,-8.0,-0.07441860465116279,10742.0,-8.0,-0.07441860465116279
26.8017710770946,approaching,True,0.015690640000000002,0.015690640000000002,0.0,0.0,1.6000000000000003,1.6000000000000003,0.0,0.0,0.2494036865234375,15.867919921875002,4785,35,3,4,10738.0,10750.0,-12.0,-0.11162790697674418,10738.0,-12.0,-0.11162790697674418
26.86689682910219,approaching,True,0.015690640000000002,0.015690640000000002,0.0,0.0,1.6000000000000003,1.6000000000000003,0.0,0.0,0.24937255859375002,15.899047851562486,4792,35,3,4,10740.0,10750.0,-10.0,-0.09302325581395349,10739.0,-11.0,-0.10232558139534882
26.89954788517207,approaching,True,0.015690640000000002,0.015690640000000002,0.0,0.0,1.6000000000000003,1.6000000000000003,0.0,0.0,0.24937255859375002,15.899047851562486,4797,35,3,4,10734.0,10750.0,-16.0,-0.14883720930232558,10736.0,-14.0,-0.13023255813953488
26.95037816814147,approaching,True,0.015690640000000002,0.015690640000000002,0.0,0.0,1.6000000000000003,1.6000000000000003,0.0,0.0,0.24932395935058593,15.94764709472657,4803,35,3,4,10736.0,10750.0,-14.0,-0.13023255813953488,10736.0,-14.0,-0.13023255813953488
26.999223539140075,approaching,True,0.015690640000000002,0.015690640000000002,0.0,0.0,1.6000000000000003,1.6000000000000003,0.0,0.0,0.24932395935058593,15.94764709472657,4809,35,3,4,10741.0,10750.0,-9.0,-0.08372093023255814,10741.0,-9.0,-0.08372093023255815
27.06715224101208,approaching,True,0.015690640000000002,0.015690640000000002,0.0,0.0,1.6000000000000003,1.6000000000000003,0.0,0.0,0.24921832275390626,16.05328369140624,4815,35,3,4,10737.0,10750.0,-13.0,-0.12093023255813953,10743.666666666666,-6.333333333333333,-0.05891472868217054
27.09871495119296,approaching,True,0.015690640000000002,0.015690640000000002,0.0,0.0,1.6000000000000003,1.6000000000000003,0.0,0.0,0.24912533569335937,16.14627075195313,4821,35,3,4,10742.0,10750.0,-8.0,-0.07441860465116279,10742.0,-8.0,-0.07441860465116279
27.14963233214803,approaching,True,0.015690640000000002,0.015690640000000002,0.0,0.0,1.6000000000000003,1.6000000000000003,0.0,0.0,0.24912533569335937,16.14627075195313,4827,35,3,4,10738.0,10750.0,-12.0,-0.11162790697674418,10738.0,-12.0,-0.11162790697674418
27.198179327184334,approaching,True,0.015690640000000002,0.015690640000000002,0.0,0.0,1.6000000000000003,1.6000000000000003,0.0,0.0,0.24897097778320312,16.30062866210938,4835,35,3,4,10738.0,10750.0,-12.0,-0.11162790697674418,10736.666666666666,-13.333333333333334,-0.12403100775193798
27.248320402111858,approaching,True,0.015690640000000002,0.015690640000000002,0.0,0.0,1.6000000000000003,1.6000000000000003,0.0,0.0,0.248921630859375,16.34997558593751,4844,35,3,4,10738.0,10750.0,-12.0,-0.11162790697674418,10738.0,-12.0,-0.11162790697674418
27.290494203101844,approaching,True,0.015690640000000002,0.015690640000000002,0.0,0.0,1.6000000000000003,1.6000000000000003,0.0,0.0,0.248921630859375,16.34997558593751,4852,35,3,4,10743.0,10750.0,-7.0,-0.06511627906976744,10743.0,-7.0,-0.06511627906976744
27.340123419184238,approaching,True,0.015690640000000002,0.015690640000000002,0.0,0.0,1.6000000000000003,1.6000000000000003,0.0,0.0,0.24882318115234375,16.44842529296875,4862,35,3,4,10736.0,10750.0,-14.0,-0.13023255813953488,10736.0,-14.0,-0.13023255813953488
27.389899980043992,approaching,True,0.015690640000000002,0.015690640000000002,0.0,0.0,1.6000000000000003,1.6000000000000003,0.0,0.0,0.24873907470703124,16.532531738281257,4872,35,3,4,10738.0,10750.0,-12.0,-0.11162790697674418,10738.0,-12.0,-0.11162790697674418
27.448338964022696,approaching,True,0.015690640000000002,0.015690640000000002,0.0,0.0,1.6000000000000003,1.6000000000000003,0.0,0.0,0.24869641113281252,16.575195312499986,4881,35,3,4,10737.0,10750.0,-13.0,-0.12093023255813953,10737.666666666666,-12.333333333333334,-0.11472868217054262
27.49022963317111,approaching,True,0.015690640000000002,0.015690640000000002,0.0,0.0,1.6000000000000003,1.6000000000000003,0.0,0.0,0.24867742919921876,16.594177246093743,4889,35,3,4,10736.0,10750.0,-14.0,-0.13023255813953488,10736.0,-14.0,-0.13023255813953488
27.540121293161064,approaching,True,0.015690640000000002,0.015690640000000002,0.0,0.0,1.6000000000000003,1.6000000000000003,0.0,0.0,0.248662841796875,16.608764648437496,4899,35,3,4,10733.0,10750.0,-17.0,-0.15813953488372093,10733.0,-17.0,-0.15813953488372093
27.589885430177674,approaching,True,0.015690640000000002,0.015690640000000002,0.0,0.0,1.6000000000000003,1.6000000000000003,0.0,0.0,0.24864556884765626,16.62603759765624,4909,35,3,4,10738.0,10750.0,-12.0,-0.11162790697674418,10738.0,-12.0,-0.11162790697674418
27.64836785919033,approaching,True,0.015690640000000002,0.015690640000000002,0.0,0.0,1.6000000000000003,1.6000000000000003,0.0,0.0,0.2486234130859375,16.648193359375007,4919,35,3,4,10738.0,10750.0,-12.0,-0.11162790697674418,10734.0,-16.0,-0.14883720930232558
27.698107957141474,approaching,True,0.015690640000000002,0.015690640000000002,0.0,0.0,1.6000000000000003,1.6000000000000003,0.0,0.0,0.2486234130859375,16.648193359375007,4925,35,3,4,10742.0,10750.0,-8.0,-0.07441860465116279,10739.333333333334,-10.666666666666666,-0.09922480620155039
27.748782843118533,approaching,True,0.015690640000000002,0.015690640000000002,0.0,0.0,1.6000000000000003,1.6000000000000003,0.0,0.0,0.2486015625,16.67004394531249,4932,35,3,4,10732.0,10750.0,-18.0,-0.16744186046511628,10732.0,-18.0,-0.1674418604651163
27.79890428017825,approaching,True,0.015690640000000002,0.015690640000000002,0.0,0.0,1.6000000000000003,1.6000000000000003,0.0,0.0,0.2486015625,16.67004394531249,4938,35,3,4,10737.0,10750.0,-13.0,-0.12093023255813953,10737.0,-13.0,-0.12093023255813955
27.86605533119291,approaching,True,0.015690640000000002,0.015690640000000002,0.0,0.0,1.6000000000000003,1.6000000000000003,0.0,0.0,0.24858824157714846,16.68336486816405,4944,35,3,4,10739.0,10750.0,-11.0,-0.10232558139534884,10738.333333333334,-11.666666666666666,-0.10852713178294575
27.89809376001358,approaching,True,0.015690640000000002,0.015690640000000002,0.0,0.0,1.6000000000000003,1.6000000000000003,0.0,0.0,0.2485771026611328,16.694503784179695,4949,35,3,4,10737.0,10750.0,-13.0,-0.12093023255813953,10738.333333333334,-11.666666666666666,-0.10852713178294575
27.949632578063756,approaching,True,0.015690640000000002,0.015690640000000002,0.0,0.0,1.6000000000000003,1.6000000000000003,0.0,0.0,0.2485771026611328,16.694503784179695,4956,35,3,4,10738.0,10750.0,-12.0,-0.11162790697674418,10738.0,-12.0,-0.11162790697674418
27.999502767110243,approaching,True,0.015690640000000002,0.015690640000000002,0.0,0.0,1.6000000000000003,1.6000000000000003,0.0,0.0,0.24855999755859376,16.711608886718743,4964,35,3,4,10739.0,10750.0,-11.0,-0.10232558139534884,10739.0,-11.0,-0.10232558139534882
28.06487316917628,approaching,True,0.015690640000000002,0.015690640000000002,0.0,0.0,1.6000000000000003,1.6000000000000003,0.0,0.0,0.24852337646484376,16.748229980468736,4972,35,3,4,10730.0,10750.0,-20.0,-0.18604651162790697,10733.0,-17.0,-0.15813953488372093
28.090214585186914,approaching,True,0.015690640000000002,0.015690640000000002,0.0,0.0,1.6000000000000003,1.6000000000000003,0.0,0.0,0.24852337646484376,16.748229980468736,4978,35,3,4,10739.0,10750.0,-11.0,-0.10232558139534884,10733.0,-17.0,-0.15813953488372093
28.139895441010594,approaching,True,0.015690640000000002,0.015690640000000002,0.0,0.0,1.6000000000000003,1.6000000000000003,0.0,0.0,0.24842831420898437,16.843292236328132,4987,35,3,4,10737.0,10750.0,-13.0,-0.12093023255813953,10737.0,-13.0,-0.12093023255813955
28.19026216911152,approaching,True,0.015690640000000002,0.015690640000000002,0.0,0.0,1.6000000000000003,1.6000000000000003,0.0,0.0,0.24829620361328125,16.97540283203125,4995,35,3,4,10747.0,10750.0,-3.0,-0.027906976744186046,10747.0,-3.0,-0.027906976744186046
28.24916546116583,approaching,True,0.015690640000000002,0.015690640000000002,0.0,0.0,1.6000000000000003,1.6000000000000003,0.0,0.0,0.24815478515625,17.1168212890625,5005,35,3,4,10737.0,10750.0,-13.0,-0.12093023255813953,10733.0,-17.0,-0.15813953488372093
28.299006142187864,approaching,True,0.015690640000000002,0.015690640000000002,0.0,0.0,1.6000000000000003,1.6000000000000003,0.0,0.0,0.24815478515625,17.1168212890625,5012,35,3,4,10738.0,10750.0,-12.0,-0.11162790697674418,10737.333333333334,-12.666666666666666,-0.11782945736434108
28.348738770000637,approaching,True,0.015690640000000002,0.015690640000000002,0.0,0.0,1.6000000000000003,1.6000000000000003,0.0,0.0,0.2481188659667969,17.152740478515614,5017,35,3,4,10739.0,10750.0,-11.0,-0.10232558139534884,10738.666666666666,-11.333333333333334,-0.10542635658914729
28.399532220093533,approaching,True,0.015690640000000002,0.015690640000000002,0.0,0.0,1.6000000000000003,1.6000000000000003,0.0,0.0,0.2481188659667969,17.152740478515614,5024,35,3,4,10736.0,10750.0,-14.0,-0.13023255813953488,10736.0,-14.0,-0.13023255813953488
28.46481194300577,approaching,True,0.015690640000000002,0.015690640000000002,0.0,0.0,1.6000000000000003,1.6000000000000003,0.0,0.0,0.248103515625,17.16809082031251,5029,35,3,4,10736.0,10750.0,-14.0,-0.13023255813953488,10736.0,-14.0,-0.13023255813953488
28.49892476713285,approaching,True,0.015690640000000002,0.015690640000000002,0.0,0.0,1.6000000000000003,1.6000000000000003,0.0,0.0,0.24809487915039063,17.176727294921868,5034,35,3,4,10739.0,10750.0,-11.0,-0.10232558139534884,10739.0,-11.0,-0.10232558139534882
28.548137023113668,approaching,True,0.014709975,0.015690640000000002,-0.000980665000000002,0.000980665000000002,1.5,1.6000000000000003,-0.10000000000000021,0.10000000000000021,0.24809487915039063,17.176727294921868,5040,35,3,4,10732.0,10750.0,-18.0,-0.16744186046511628,10733.666666666666,-16.333333333333332,-0.15193798449612403
28.59821518114768,approaching,True,0.014709975,0.015690640000000002,-0.000980665000000002,0.000980665000000002,1.5,1.6000000000000003,-0.10000000000000021,0.10000000000000021,0.248085205078125,17.186401367187493,5046,35,3,4,10742.0,10750.0,-8.0,-0.07441860465116279,10738.666666666666,-11.333333333333334,-0.10542635658914729
28.66531314398162,approaching,True,0.014709975,0.015690640000000002,-0.000980665000000002,0.000980665000000002,1.5,1.6000000000000003,-0.10000000000000021,0.10000000000000021,0.248085205078125,17.186401367187493,5052,35,3,4,10736.0,10750.0,-14.0,-0.13023255813953488,10736.0,-14.0,-0.13023255813953488
28.698240912985057,approaching,True,0.014709975,0.015690640000000002,-0.000980665000000002,0.000980665000000002,1.5,1.6000000000000003,-0.10000000000000021,0.10000000000000021,0.24807189941406252,17.199707031249982,5056,35,3,4,10734.0,10750.0,-16.0,-0.14883720930232558,10734.666666666666,-15.333333333333334,-0.14263565891472868
28.750095019116998,approaching,True,0.014709975,0.015690640000000002,-0.000980665000000002,0.000980665000000002,1.5,1.6000000000000003,-0.10000000000000021,0.10000000000000021,0.24807189941406252,17.199707031249982,5064,35,3,4,10734.0,10750.0,-16.0,-0.14883720930232558,10734.0,-16.0,-0.14883720930232558
28.79833427304402,approaching,True,0.014709975,0.015690640000000002,-0.000980665000000002,0.000980665000000002,1.5,1.6000000000000003,-0.10000000000000021,0.10000000000000021,0.24805709838867188,17.214508056640625,5071,35,3,4,10734.0,10750.0,-16.0,-0.14883720930232558,10734.0,-16.0,-0.14883720930232558
28.84829891519621,approaching,True,0.014709975,0.015690640000000002,-0.000980665000000002,0.000980665000000002,1.5,1.6000000000000003,-0.10000000000000021,0.10000000000000021,0.24786358642578127,17.408020019531236,5080,35,3,4,10735.0,10750.0,-15.0,-0.13953488372093023,10735.0,-15.0,-0.13953488372093023
28.902185891056433,approaching,True,0.014709975,0.015690640000000002,-0.000980665000000002,0.000980665000000002,1.5,1.6000000000000003,-0.10000000000000021,0.10000000000000021,0.24786358642578127,17.408020019531236,5085,35,3,4,10737.0,10750.0,-13.0,-0.12093023255813953,10737.0,-13.0,-0.12093023255813955
28.949748039012775,approaching,True,0.014709975,0.015690640000000002,-0.000980665000000002,0.000980665000000002,1.5,1.6000000000000003,-0.10000000000000021,0.10000000000000021,0.24782150268554687,17.450103759765632,5091,35,3,4,10732.0,10750.0,-18.0,-0.16744186046511628,10734.666666666666,-15.333333333333334,-0.14263565891472868
29.000602883053944,approaching,True,0.014709975,0.015690640000000002,-0.000980665000000002,0.000980665000000002,1.5,1.6000000000000003,-0.10000000000000021,0.10000000000000021,0.24782150268554687,17.450103759765632,5097,35,3,4,10741.0,10750.0,-9.0,-0.08372093023255814,10738.0,-12.0,-0.11162790697674418
29.066457195207477,approaching,True,0.014709975,0.015690640000000002,-0.000980665000000002,0.000980665000000002,1.5,1.6000000000000003,-0.10000000000000021,0.10000000000000021,0.24778462219238281,17.486984252929688,5103,35,3,4,10740.0,10750.0,-10.0,-0.09302325581395349,10740.0,-10.0,-0.09302325581395349
29.100193810183555,approaching,True,0.014709975,0.015690640000000002,-0.000980665000000002,0.000980665000000002,1.5,1.6000000000000003,-0.10000000000000021,0.10000000000000021,0.2477609100341797,17.510696411132816,5108,35,3,4,10736.0,10750.0,-14.0,-0.13023255813953488,10736.0,-14.0,-0.13023255813953488
29.149103214032948,approaching,True,0.014709975,0.015690640000000002,-0.000980665000000002,0.000980665000000002,1.5,1.6000000000000003,-0.10000000000000021,0.10000000000000021,0.2477609100341797,17.510696411132816,5117,35,3,4,10730.0,10750.0,-20.0,-0.18604651162790697,10731.333333333334,-18.666666666666668,-0.17364341085271318
29.189961199183017,approaching,True,0.014709975,0.015690640000000002,-0.000980665000000002,0.000980665000000002,1.5,1.6000000000000003,-0.10000000000000021,0.10000000000000021,0.24773818969726563,17.53341674804687,5126,35,3,4,10729.0,10750.0,-21.0,-0.19534883720930232,10729.0,-21.0,-0.19534883720930232
29.2491508400999,approaching,True,0.014709975,0.015690640000000002,-0.000980665000000002,0.000980665000000002,1.5,1.6000000000000003,-0.10000000000000021,0.10000000000000021,0.24771881103515625,17.552795410156254,5135,35,3,4,10732.0,10750.0,-18.0,-0.16744186046511628,10732.0,-18.0,-0.1674418604651163
29.298887132201344,approaching,True,0.014709975,0.015690640000000002,-0.000980665000000002,0.000980665000000002,1.5,1.6000000000000003,-0.10000000000000021,0.10000000000000021,0.24771881103515625,17.552795410156254,5141,35,3,4,10738.0,10750.0,-12.0,-0.11162790697674418,10738.0,-12.0,-0.11162790697674418
29.349857764085755,approaching,True,0.014709975,0.015690640000000002,-0.000980665000000002,0.000980665000000002,1.5,1.6000000000000003,-0.10000000000000021,0.10000000000000021,0.24769296264648438,17.578643798828118,5146,35,3,4,10731.0,10750.0,-19.0,-0.17674418604651163,10731.0,-19.0,-0.17674418604651163
29.399309772066772,approaching,True,0.014709975,0.015690640000000002,-0.000980665000000002,0.000980665000000002,1.5,1.6000000000000003,-0.10000000000000021,0.10000000000000021,0.24769296264648438,17.578643798828118,5153,35,3,4,10733.0,10750.0,-17.0,-0.15813953488372093,10733.0,-17.0,-0.15813953488372093
29.46523212012835,approaching,True,0.014709975,0.015690640000000002,-0.000980665000000002,0.000980665000000002,1.5,1.6000000000000003,-0.10000000000000021,0.10000000000000021,0.24766526794433594,17.606338500976566,5158,35,3,4,10734.0,10750.0,-16.0,-0.14883720930232558,10733.666666666666,-16.333333333333332,-0.15193798449612403
29.49890431505628,approaching,True,0.014709975,0.015690640000000002,-0.000980665000000002,0.000980665000000002,1.5,1.6000000000000003,-0.10000000000000021,0.10000000000000021,0.24761494445800783,17.656661987304673,5163,35,3,4,10739.0,10750.0,-11.0,-0.10232558139534884,10739.0,-11.0,-0.10232558139534882
29.548290863167495,approaching,True,0.014709975,0.015690640000000002,-0.000980665000000002,0.000980665000000002,1.5,1.6000000000000003,-0.10000000000000021,0.10000000000000021,0.24761494445800783,17.656661987304673,5168,35,3,4,10733.0,10750.0,-17.0,-0.15813953488372093,10733.0,-17.0,-0.15813953488372093
29.598112821113318,approaching,True,0.014709975,0.015690640000000002,-0.000980665000000002,0.000980665000000002,1.5,1.6000000000000003,-0.10000000000000021,0.10000000000000021,0.24752502441406252,17.746582031249986,5174,35,3,4,10735.0,10750.0,-15.0,-0.13953488372093023,10735.666666666666,-14.333333333333334,-0.13333333333333333
29.665454484988004,approaching,True,0.015690640000000002,0.015690640000000002,0.0,0.0,1.6000000000000003,1.6000000000000003,0.0,0.0,0.24740045166015626,17.871154785156246,5180,35,3,4,10739.0,10750.0,-11.0,-0.10232558139534884,10737.666666666666,-12.333333333333334,-0.11472868217054262
29.69800444901921,approaching,True,0.015690640000000002,0.015690640000000002,0.0,0.0,1.6000000000000003,1.6000000000000003,0.0,0.0,0.24740045166015626,17.871154785156246,5185,35,3,4,10732.0,10750.0,-18.0,-0.16744186046511628,10732.0,-18.0,-0.1674418604651163
29.74910053401254,approaching,True,0.015690640000000002,0.015690640000000002,0.0,0.0,1.6000000000000003,1.6000000000000003,0.0,0.0,0.24734132385253907,17.930282592773434,5195,35,3,4,10729.0,10750.0,-21.0,-0.19534883720930232,10729.0,-21.0,-0.19534883720930232
29.79803238599561,approaching,True,0.015690640000000002,0.015690640000000002,0.0,0.0,1.6000000000000003,1.6000000000000003,0.0,0.0,0.24734132385253907,17.930282592773434,5202,35,3,4,10731.0,10750.0,-19.0,-0.17674418604651163,10731.0,-19.0,-0.17674418604651163
29.84835899504833,approaching,True,0.015690640000000002,0.015690640000000002,0.0,0.0,1.6000000000000003,1.6000000000000003,0.0,0.0,0.24727166748046875,17.999938964843754,5211,35,3,4,10732.0,10750.0,-18.0,-0.16744186046511628,10732.0,-18.0,-0.1674418604651163
29.899396658176556,approaching,True,0.015690640000000002,0.015690640000000002,0.0,0.0,1.6000000000000003,1.6000000000000003,0.0,0.0,0.24723289489746095,18.038711547851555,5217,35,3,4,10735.0,10750.0,-15.0,-0.13953488372093023,10735.0,-15.0,-0.13953488372093023
29.95068425917998,approaching,True,0.015690640000000002,0.015690640000000002,0.0,0.0,1.6000000000000003,1.6000000000000003,0.0,0.0,0.24723289489746095,18.038711547851555,5223,35,3,4,10728.0,10750.0,-22.0,-0.20465116279069767,10728.0,-22.0,-0.20465116279069764
29.999422072200105,approaching,True,0.015690640000000002,0.015690640000000002,0.0,0.0,1.6000000000000003,1.6000000000000003,0.0,0.0,0.2472091979980469,18.062408447265614,5229,35,3,4,10732.0,10750.0,-18.0,-0.16744186046511628,10732.0,-18.0,-0.1674418604651163
30.064920616103336,approaching,True,0.015690640000000002,0.015690640000000002,0.0,0.0,1.6000000000000003,1.6000000000000003,0.0,0.0,0.247184814453125,18.08679199218749,5235,35,3,4,10740.0,10750.0,-10.0,-0.09302325581395349,10738.0,-12.0,-0.11162790697674418
30.098761772038415,approaching,True,0.015690640000000002,0.015690640000000002,0.0,0.0,1.6000000000000003,1.6000000000000003,0.0,0.0,0.247184814453125,18.08679199218749,5241,35,3,4,10734.0,10750.0,-16.0,-0.14883720930232558,10734.0,-16.0,-0.14883720930232558
30.148595963139087,approaching,True,0.015690640000000002,0.015690640000000002,0.0,0.0,1.6000000000000003,1.6000000000000003,0.0,0.0,0.2471485595703125,18.123046874999993,5247,35,3,4,10732.0,10750.0,-18.0,-0.16744186046511628,10732.0,-18.0,-0.1674418604651163
30.198356921086088,approaching,True,0.015690640000000002,0.015690640000000002,0.0,0.0,1.6000000000000003,1.6000000000000003,0.0,0.0,0.2471485595703125,18.123046874999993,5254,35,3,4,10737.0,10750.0,-13.0,-0.12093023255813953,10732.333333333334,-17.666666666666668,-0.16434108527131783
30.266088686184958,approaching,True,0.015690640000000002,0.015690640000000002,0.0,0.0,1.6000000000000003,1.6000000000000003,0.0,0.0,0.24697596740722658,18.295639038085927,5259,35,3,4,10735.0,10750.0,-15.0,-0.13953488372093023,10735.666666666666,-14.333333333333334,-0.13333333333333333
30.29814094817266,approaching,True,0.015690640000000002,0.015690640000000002,0.0,0.0,1.6000000000000003,1.6000000000000003,0.0,0.0,0.24697596740722658,18.295639038085927,5263,35,3,4,10733.0,10750.0,-17.0,-0.15813953488372093,10733.666666666666,-16.333333333333332,-0.15193798449612403
30.34866387420334,approaching,True,0.015690640000000002,0.015690640000000002,0.0,0.0,1.6000000000000003,1.6000000000000003,0.0,0.0,0.24692993164062502,18.341674804687486,5272,35,3,4,10731.0,10750.0,-19.0,-0.17674418604651163,10731.0,-19.0,-0.17674418604651163
30.397864279104397,approaching,True,0.015690640000000002,0.015690640000000002,0.0,0.0,1.6000000000000003,1.6000000000000003,0.0,0.0,0.24692993164062502,18.341674804687486,5280,35,3,4,10733.0,10750.0,-17.0,-0.15813953488372093,10731.666666666666,-18.333333333333332,-0.17054263565891473
30.448336102068424,approaching,True,0.015690640000000002,0.015690640000000002,0.0,0.0,1.6000000000000003,1.6000000000000003,0.0,0.0,0.2469231719970703,18.34843444824219,5289,35,3,4,10736.0,10750.0,-14.0,-0.13023255813953488,10736.0,-14.0,-0.13023255813953488
30.49893038510345,approaching,True,0.015690640000000002,0.015690640000000002,0.0,0.0,1.6000000000000003,1.6000000000000003,0.0,0.0,0.24691629028320314,18.355316162109364,5295,35,3,4,10732.0,10750.0,-18.0,-0.16744186046511628,10733.333333333334,-16.666666666666668,-0.15503875968992248
30.539697766071185,approaching,True,0.015690640000000002,0.015690640000000002,0.0,0.0,1.6000000000000003,1.6000000000000003,0.0,0.0,0.24691629028320314,18.355316162109364,5302,35,3,4,10728.0,10750.0,-22.0,-0.20465116279069767,10728.0,-22.0,-0.20465116279069764
30.590378620196134,approaching,True,0.015690640000000002,0.015690640000000002,0.0,0.0,1.6000000000000003,1.6000000000000003,0.0,0.0,0.24690496826171876,18.366638183593743,5312,35,3,4,10732.0,10750.0,-18.0,-0.16744186046511628,10734.0,-16.0,-0.14883720930232558
30.648003393085673,approaching,True,0.015690640000000002,0.015690640000000002,0.0,0.0,1.6000000000000003,1.6000000000000003,0.0,0.0,0.24689532470703127,18.376281738281236,5322,35,3,4,10732.0,10750.0,-18.0,-0.16744186046511628,10732.0,-18.0,-0.1674418604651163
30.69915768620558,approaching,True,0.015690640000000002,0.015690640000000002,0.0,0.0,1.6000000000000003,1.6000000000000003,0.0,0.0,0.24687979125976564,18.39181518554686,5329,35,3,4,10737.0,10750.0,-13.0,-0.12093023255813953,10737.0,-13.0,-0.12093023255813955
30.740036359988153,approaching,True,0.015690640000000002,0.015690640000000002,0.0,0.0,1.6000000000000003,1.6000000000000003,0.0,0.0,0.24687979125976564,18.39181518554686,5333,35,3,4,10726.0,10750.0,-24.0,-0.22325581395348837,10729.666666666666,-20.333333333333332,-0.18914728682170542
30.790233378997073,approaching,True,0.015690640000000002,0.015690640000000002,0.0,0.0,1.6000000000000003,1.6000000000000003,0.0,0.0,0.24685739135742188,18.41421508789062,5344,35,3,4,10732.0,10750.0,-18.0,-0.16744186046511628,10731.333333333334,-18.666666666666668,-0.17364341085271318
30.847845426993445,approaching,True,0.015690640000000002,0.015690640000000002,0.0,0.0,1.6000000000000003,1.6000000000000003,0.0,0.0,0.24683770751953127,18.433898925781232,5354,35,3,4,10727.0,10750.0,-23.0,-0.21395348837209302,10727.0,-23.0,-0.21395348837209302
30.89002164406702,approaching,True,0.015690640000000002,0.015690640000000002,0.0,0.0,1.6000000000000003,1.6000000000000003,0.0,0.0,0.24680332946777345,18.468276977539055,5360,35,3,4,10734.0,10750.0,-16.0,-0.14883720930232558,10734.0,-16.0,-0.14883720930232558
30.941101795062423,approaching,True,0.015690640000000002,0.015690640000000002,0.0,0.0,1.6000000000000003,1.6000000000000003,0.0,0.0,0.24677003479003906,18.50157165527344,5371,35,3,4,10726.0,10750.0,-24.0,-0.22325581395348837,10726.0,-24.0,-0.22325581395348837
30.990155165083706,approaching,True,0.015690640000000002,0.015690640000000002,0.0,0.0,1.6000000000000003,1.6000000000000003,0.0,0.0,0.24670684814453125,18.564758300781246,5381,35,3,4,10731.0,10750.0,-19.0,-0.17674418604651163,10731.0,-19.0,-0.17674418604651163
31.048280887072906,approaching,True,0.015690640000000002,0.015690640000000002,0.0,0.0,1.6000000000000003,1.6000000000000003,0.0,0.0,0.24665504455566406,18.61656188964844,5390,35,3,4,10729.0,10750.0,-21.0,-0.19534883720930232,10729.666666666666,-20.333333333333332,-0.18914728682170542
31.101402926025912,approaching,True,0.015690640000000002,0.015690640000000002,0.0,0.0,1.6000000000000003,1.6000000000000003,0.0,0.0,0.24665504455566406,18.61656188964844,5397,35,3,4,10733.0,10750.0,-17.0,-0.15813953488372093,10733.0,-17.0,-0.15813953488372093
31.1498736331705,approaching,True,0.015690640000000002,0.015690640000000002,0.0,0.0,1.6000000000000003,1.6000000000000003,0.0,0.0,0.24660260009765625,18.669006347656254,5403,35,3,4,10732.0,10750.0,-18.0,-0.16744186046511628,10732.0,-18.0,-0.1674418604651163
31.199458471033722,approaching,True,0.015690640000000002,0.015690640000000002,0.0,0.0,1.6000000000000003,1.6000000000000003,0.0,0.0,0.24657470703125,18.696899414062496,5410,35,3,4,10733.0,10750.0,-17.0,-0.15813953488372093,10733.0,-17.0,-0.15813953488372093
31.266960812034085,approaching,True,0.015690640000000002,0.015690640000000002,0.0,0.0,1.6000000000000003,1.6000000000000003,0.0,0.0,0.24657470703125,18.696899414062496,5418,35,3,4,10729.0,10750.0,-21.0,-0.19534883720930232,10729.666666666666,-20.333333333333332,-0.18914728682170542
31.298988052178174,approaching,True,0.014709975,0.015690640000000002,-0.000980665000000002,0.000980665000000002,1.5,1.6000000000000003,-0.10000000000000021,0.10000000000000021,0.24647372436523438,18.797882080078125,5422,35,3,4,10732.0,10750.0,-18.0,-0.16744186046511628,10730.0,-20.0,-0.18604651162790697
31.34899026202038,approaching,True,0.014709975,0.015690640000000002,-0.000980665000000002,0.000980665000000002,1.5,1.6000000000000003,-0.10000000000000021,0.10000000000000021,0.24647372436523438,18.797882080078125,5428,35,3,4,10725.0,10750.0,-25.0,-0.23255813953488372,10727.333333333334,-22.666666666666668,-0.21085271317829457
31.399088471196592,approaching,True,0.014709975,0.015690640000000002,-0.000980665000000002,0.000980665000000002,1.5,1.6000000000000003,-0.10000000000000021,0.10000000000000021,0.24645217895507812,18.819427490234382,5435,35,3,4,10736.0,10750.0,-14.0,-0.13023255813953488,10736.0,-14.0,-0.13023255813953488
31.465070586185902,approaching,True,0.014709975,0.015690640000000002,-0.000980665000000002,0.000980665000000002,1.5,1.6000000000000003,-0.10000000000000021,0.10000000000000021,0.24644371032714843,18.827896118164073,5440,35,3,4,10725.0,10750.0,-25.0,-0.23255813953488372,10725.0,-25.0,-0.23255813953488372
31.498901249142364,approaching,True,0.014709975,0.015690640000000002,-0.000980665000000002,0.000980665000000002,1.5,1.6000000000000003,-0.10000000000000021,0.10000000000000021,0.24644371032714843,18.827896118164073,5447,35,3,4,10733.0,10750.0,-17.0,-0.15813953488372093,10732.0,-18.0,-0.16744186046511625
31.548074619146064,approaching,True,0.014709975,0.015690640000000002,-0.000980665000000002,0.000980665000000002,1.5,1.6000000000000003,-0.10000000000000021,0.10000000000000021,0.24643450927734376,18.837097167968746,5452,35,3,4,10734.0,10750.0,-16.0,-0.14883720930232558,10733.666666666666,-16.333333333333332,-0.15193798449612403
31.598519211169332,approaching,True,0.014709975,0.015690640000000002,-0.000980665000000002,0.000980665000000002,1.5,1.6000000000000003,-0.10000000000000021,0.10000000000000021,0.24643450927734376,18.837097167968746,5458,35,3,4,10733.0,10750.0,-17.0,-0.15813953488372093,10733.0,-17.0,-0.15813953488372093
31.66516176611185,approaching,True,0.014709975,0.015690640000000002,-0.000980665000000002,0.000980665000000002,1.5,1.6000000000000003,-0.10000000000000021,0.10000000000000021,0.2464266357421875,18.844970703124993,5465,35,3,4,10731.0,10750.0,-19.0,-0.17674418604651163,10729.0,-21.0,-0.19534883720930232
31.698208776069805,approaching,True,0.014709975,0.015690640000000002,-0.000980665000000002,0.000980665000000002,1.5,1.6000000000000003,-0.10000000000000021,0.10000000000000021,0.2464266357421875,18.844970703124993,5470,35,3,4,10731.0,10750.0,-19.0,-0.17674418604651163,10731.0,-19.0,-0.17674418604651163
31.748054075986147,approaching,True,0.014709975,0.015690640000000002,-0.000980665000000002,0.000980665000000002,1.5,1.6000000000000003,-0.10000000000000021,0.10000000000000021,0.2464151611328125,18.856445312499996,5477,35,3,4,10722.0,10750.0,-28.0,-0.26046511627906976,10722.0,-28.0,-0.26046511627906976
31.79882556409575,approaching,True,0.014709975,0.015690640000000002,-0.000980665000000002,0.000980665000000002,1.5,1.6000000000000003,-0.10000000000000021,0.10000000000000021,0.24640383911132813,18.867767333984375,5485,35,3,4,10732.0,10750.0,-18.0,-0.16744186046511628,10732.0,-18.0,-0.1674418604651163
31.848308029118925,approaching,True,0.014709975,0.015690640000000002,-0.000980665000000002,0.000980665000000002,1.5,1.6000000000000003,-0.10000000000000021,0.10000000000000021,0.24640383911132813,18.867767333984375,5493,35,3,4,10731.0,10750.0,-19.0,-0.17674418604651163,10731.0,-19.0,-0.17674418604651163
31.899754568003118,approaching,True,0.014709975,0.015690640000000002,-0.000980665000000002,0.000980665000000002,1.5,1.6000000000000003,-0.10000000000000021,0.10000000000000021,0.24637744140625,18.894165039062493,5498,35,3,4,10734.0,10750.0,-16.0,-0.14883720930232558,10734.0,-16.0,-0.14883720930232558
31.951754420995712,approaching,True,0.014709975,0.015690640000000002,-0.000980665000000002,0.000980665000000002,1.5,1.6000000000000003,-0.10000000000000021,0.10000000000000021,0.2462728271484375,18.99877929687499,5504,35,3,4,10732.0,10750.0,-18.0,-0.16744186046511628,10731.0,-19.0,-0.17674418604651163
32.00198089517653,approaching,True,0.014709975,0.015690640000000002,-0.000980665000000002,0.000980665000000002,1.5,1.6000000000000003,-0.10000000000000021,0.10000000000000021,0.2462728271484375,18.99877929687499,5510,35,3,4,10729.0,10750.0,-21.0,-0.19534883720930232,10730.0,-20.0,-0.18604651162790697
32.06490053515881,approaching,True,0.014709975,0.015690640000000002,-0.000980665000000002,0.000980665000000002,1.5,1.6000000000000003,-0.10000000000000021,0.10000000000000021,0.24607481384277344,19.196792602539066,5516,35,3,4,10731.0,10750.0,-19.0,-0.17674418604651163,10731.0,-19.0,-0.17674418604651163
32.101749098161235,approaching,True,0.014709975,0.015690640000000002,-0.000980665000000002,0.000980665000000002,1.5,1.6000000000000003,-0.10000000000000021,0.10000000000000021,0.24607481384277344,19.196792602539066,5522,35,3,4,10731.0,10750.0,-19.0,-0.17674418604651163,10729.666666666666,-20.333333333333332,-0.18914728682170542
32.148473223205656,approaching,True,0.014709975,0.015690640000000002,-0.000980665000000002,0.000980665000000002,1.5,1.6000000000000003,-0.10000000000000021,0.10000000000000021,0.24603567504882812,19.235931396484386,5528,35,3,4,10735.0,10750.0,-15.0,-0.13953488372093023,10733.666666666666,-16.333333333333332,-0.15193798449612403
32.19840387511067,approaching,True,0.014709975,0.015690640000000002,-0.000980665000000002,0.000980665000000002,1.5,1.6000000000000003,-0.10000000000000021,0.10000000000000021,0.2460142822265625,19.25732421875001,5535,35,3,4,10729.0,10750.0,-21.0,-0.19534883720930232,10729.0,-21.0,-0.19534883720930232
32.26554704317823,approaching,True,0.014709975,0.015690640000000002,-0.000980665000000002,0.000980665000000002,1.5,1.6000000000000003,-0.10000000000000021,0.10000000000000021,0.2460142822265625,19.25732421875001,5544,35,3,4,10729.0,10750.0,-21.0,-0.19534883720930232,10729.0,-21.0,-0.19534883720930232
32.302081370027736,approaching,True,0.014709975,0.015690640000000002,-0.000980665000000002,0.000980665000000002,1.5,1.6000000000000003,-0.10000000000000021,0.10000000000000021,0.24598780822753907,19.28379821777343,5548,35,3,4,10729.0,10750.0,-21.0,-0.19534883720930232,10729.0,-21.0,-0.19534883720930232
32.35107944812626,approaching,True,0.014709975,0.015690640000000002,-0.000980665000000002,0.000980665000000002,1.5,1.6000000000000003,-0.10000000000000021,0.10000000000000021,0.24598780822753907,19.28379821777343,5555,35,3,4,10731.0,10750.0,-19.0,-0.17674418604651163,10732.333333333334,-17.666666666666668,-0.16434108527131783
32.40062671620399,approaching,True,0.014709975,0.015690640000000002,-0.000980665000000002,0.000980665000000002,1.5,1.6000000000000003,-0.10000000000000021,0.10000000000000021,0.24594525146484375,19.32635498046875,5560,35,3,4,10741.0,10750.0,-9.0,-0.08372093023255814,10737.666666666666,-12.333333333333334,-0.11472868217054262
32.46660453802906,approaching,True,0.014709975,0.015690640000000002,-0.000980665000000002,0.000980665000000002,1.5,1.6000000000000003,-0.10000000000000021,0.10000000000000021,0.24587835693359375,19.393249511718754,5566,35,3,4,10730.0,10750.0,-20.0,-0.18604651162790697,10730.0,-20.0,-0.18604651162790697
32.49932413408533,approaching,True,0.014709975,0.015690640000000002,-0.000980665000000002,0.000980665000000002,1.5,1.6000000000000003,-0.10000000000000021,0.10000000000000021,0.24587835693359375,19.393249511718754,5573,35,3,4,10731.0,10750.0,-19.0,-0.17674418604651163,10732.333333333334,-17.666666666666668,-0.16434108527131783
32.54916215711273,approaching,True,0.014709975,0.015690640000000002,-0.000980665000000002,0.000980665000000002,1.5,1.6000000000000003,-0.10000000000000021,0.10000000000000021,0.2457782897949219,19.493316650390614,5579,35,3,4,10736.0,10750.0,-14.0,-0.13023255813953488,10732.666666666666,-17.333333333333332,-0.16124031007751938
32.598020556150004,approaching,True,0.015690640000000002,0.015690640000000002,0.0,0.0,1.6000000000000003,1.6000000000000003,0.0,0.0,0.2457782897949219,19.493316650390614,5585,35,3,4,10729.0,10750.0,-21.0,-0.19534883720930232,10731.333333333334,-18.666666666666668,-0.17364341085271318
32.666468824027106,approaching,True,0.015690640000000002,0.015690640000000002,0.0,0.0,1.6000000000000003,1.6000000000000003,0.0,0.0,0.245719482421875,19.552124023437507,5592,35,3,4,10726.0,10750.0,-24.0,-0.22325581395348837,10726.0,-24.0,-0.22325581395348837
32.7143915661145,approaching,True,0.015690640000000002,0.015690640000000002,0.0,0.0,1.6000000000000003,1.6000000000000003,0.0,0.0,0.245719482421875,19.552124023437507,5598,35,3,4,10733.0,10750.0,-17.0,-0.15813953488372093,10733.0,-17.0,-0.15813953488372093
32.75042819511145,approaching,True,0.015690640000000002,0.015690640000000002,0.0,0.0,1.6000000000000003,1.6000000000000003,0.0,0.0,0.24569416809082031,19.577438354492188,5603,35,3,4,10738.0,10750.0,-12.0,-0.11162790697674418,10738.0,-12.0,-0.11162790697674418
32.799345303094015,approaching,True,0.015690640000000002,0.015690640000000002,0.0,0.0,1.6000000000000003,1.6000000000000003,0.0,0.0,0.24567092895507814,19.600677490234364,5610,35,3,4,10734.0,10750.0,-16.0,-0.14883720930232558,10734.0,-16.0,-0.14883720930232558
32.864940122002736,approaching,True,0.015690640000000002,0.015690640000000002,0.0,0.0,1.6000000000000003,1.6000000000000003,0.0,0.0,0.24567092895507814,19.600677490234364,5615,35,3,4,10734.0,10750.0,-16.0,-0.14883720930232558,10734.0,-16.0,-0.14883720930232558
32.90120588103309,approaching,True,0.015690640000000002,0.015690640000000002,0.0,0.0,1.6000000000000003,1.6000000000000003,0.0,0.0,0.24558576965332032,19.685836791992177,5621,35,3,4,10739.0,10750.0,-11.0,-0.10232558139534884,10739.0,-11.0,-0.10232558139534882
32.95001230412163,approaching,True,0.015690640000000002,0.015690640000000002,0.0,0.0,1.6000000000000003,1.6000000000000003,0.0,0.0,0.24558576965332032,19.685836791992177,5627,35,3,4,10726.0,10750.0,-24.0,-0.22325581395348837,10726.0,-24.0,-0.22325581395348837
32.99853701307438,approaching,True,0.015690640000000002,0.015690640000000002,0.0,0.0,1.6000000000000003,1.6000000000000003,0.0,0.0,0.245498291015625,19.773315429687493,5633,35,3,4,10725.0,10750.0,-25.0,-0.23255813953488372,10731.666666666666,-18.333333333333332,-0.17054263565891473
33.066452069208026,approaching,True,0.015690640000000002,0.015690640000000002,0.0,0.0,1.6000000000000003,1.6000000000000003,0.0,0.0,0.24543077087402343,19.840835571289073,5639,35,3,4,10730.0,10750.0,-20.0,-0.18604651162790697,10728.333333333334,-21.666666666666668,-0.20155038759689922
33.115192339988425,approaching,True,0.015690640000000002,0.015690640000000002,0.0,0.0,1.6000000000000003,1.6000000000000003,0.0,0.0,0.24543077087402343,19.840835571289073,5644,35,3,4,10724.0,10750.0,-26.0,-0.24186046511627907,10724.0,-26.0,-0.2418604651162791
33.1668725090567,approaching,True,0.015690640000000002,0.015690640000000002,0.0,0.0,1.6000000000000003,1.6000000000000003,0.0,0.0,0.24531976318359375,19.951843261718754,5649,35,3,4,10727.0,10750.0,-23.0,-0.21395348837209302,10727.0,-23.0,-0.21395348837209302
33.19830197119154,approaching,True,0.015690640000000002,0.015690640000000002,0.0,0.0,1.6000000000000003,1.6000000000000003,0.0,0.0,0.24531976318359375,19.951843261718754,5656,35,3,4,10733.0,10750.0,-17.0,-0.15813953488372093,10731.333333333334,-18.666666666666668,-0.17364341085271318
33.24939258513041,approaching,True,0.015690640000000002,0.015690640000000002,0.0,0.0,1.6000000000000003,1.6000000000000003,0.0,0.0,0.24523785400390624,20.03375244140626,5665,35,3,4,10732.0,10750.0,-18.0,-0.16744186046511628,10732.0,-18.0,-0.1674418604651163
33.30075384816155,approaching,True,0.015690640000000002,0.015690640000000002,0.0,0.0,1.6000000000000003,1.6000000000000003,0.0,0.0,0.2451980743408203,20.073532104492198,5671,35,3,4,10729.0,10750.0,-21.0,-0.19534883720930232,10729.0,-21.0,-0.19534883720930232
33.34929455118254,approaching,True,0.015690640000000002,0.015690640000000002,0.0,0.0,1.6000000000000003,1.6000000000000003,0.0,0.0,0.2451980743408203,20.073532104492198,5677,35,3,4,10730.0,10750.0,-20.0,-0.18604651162790697,10730.0,-20.0,-0.18604651162790697
33.399805680150166,approaching,True,0.015690640000000002,0.015690640000000002,0.0,0.0,1.6000000000000003,1.6000000000000003,0.0,0.0,0.24514271545410157,20.12889099121093,5684,35,3,4,10725.0,10750.0,-25.0,-0.23255813953488372,10724.666666666666,-25.333333333333332,-0.23565891472868217
33.46641575009562,approaching,True,0.015690640000000002,0.015690640000000002,0.0,0.0,1.6000000000000003,1.6000000000000003,0.0,0.0,0.24510310363769533,20.168502807617173,5689,35,3,4,10720.0,10750.0,-30.0,-0.27906976744186046,10721.666666666666,-28.333333333333332,-0.26356589147286824
33.498634584015235,approaching,True,0.015690640000000002,0.015690640000000002,0.0,0.0,1.6000000000000003,1.6000000000000003,0.0,0.0,0.24510310363769533,20.168502807617173,5695,35,3,4,10723.0,10750.0,-27.0,-0.25116279069767444,10723.0,-27.0,-0.25116279069767444
33.54823328112252,approaching,True,0.015690640000000002,0.015690640000000002,0.0,0.0,1.6000000000000003,1.6000000000000003,0.0,0.0,0.24500703430175783,20.264572143554677,5701,35,3,4,10725.0,10750.0,-25.0,-0.23255813953488372,10725.0,-25.0,-0.23255813953488372
33.59794839611277,approaching,True,0.015690640000000002,0.015690640000000002,0.0,0.0,1.6000000000000003,1.6000000000000003,0.0,0.0,0.24500703430175783,20.264572143554677,5707,35,3,4,10723.0,10750.0,-27.0,-0.25116279069767444,10723.0,-27.0,-0.25116279069767444
33.66614359407686,approaching,True,0.015690640000000002,0.015690640000000002,0.0,0.0,1.6000000000000003,1.6000000000000003,0.0,0.0,0.24490467834472657,20.366928100585934,5713,35,3,4,10729.0,10750.0,-21.0,-0.19534883720930232,10727.333333333334,-22.666666666666668,-0.21085271317829457
33.69834013120271,approaching,True,0.015690640000000002,0.015690640000000002,0.0,0.0,1.6000000000000003,1.6000000000000003,0.0,0.0,0.24483480834960938,20.436798095703118,5719,35,3,4,10733.0,10750.0,-17.0,-0.15813953488372093,10733.0,-17.0,-0.15813953488372093
33.748438720125705,approaching,True,0.015690640000000002,0.015690640000000002,0.0,0.0,1.6000000000000003,1.6000000000000003,0.0,0.0,0.24483480834960938,20.436798095703118,5728,35,3,4,10733.0,10750.0,-17.0,-0.15813953488372093,10733.0,-17.0,-0.15813953488372093
33.79011758998968,approaching,True,0.015690640000000002,0.015690640000000002,0.0,0.0,1.6000000000000003,1.6000000000000003,0.0,0.0,0.2448184814453125,20.45312499999999,5737,35,3,4,10729.0,10750.0,-21.0,-0.19534883720930232,10728.666666666666,-21.333333333333332,-0.19844961240310077
33.84816757007502,approaching,True,0.015690640000000002,0.015690640000000002,0.0,0.0,1.6000000000000003,1.6000000000000003,0.0,0.0,0.24480191040039062,20.469696044921882,5746,35,3,4,10725.0,10750.0,-25.0,-0.23255813953488372,10725.0,-25.0,-0.23255813953488372
33.9006866121199,approaching,True,0.015690640000000002,0.015690640000000002,0.0,0.0,1.6000000000000003,1.6000000000000003,0.0,0.0,0.24480191040039062,20.469696044921882,5752,35,3,4,10733.0,10750.0,-17.0,-0.15813953488372093,10730.333333333334,-19.666666666666668,-0.18294573643410852
33.9497762711253,approaching,True,0.015690640000000002,0.015690640000000002,0.0,0.0,1.6000000000000003,1.6000000000000003,0.0,0.0,0.24477850341796875,20.49310302734375,5759,35,3,4,10732.0,10750.0,-18.0,-0.16744186046511628,10732.0,-18.0,-0.1674418604651163
33.99987365514971,approaching,True,0.015690640000000002,0.015690640000000002,0.0,0.0,1.6000000000000003,1.6000000000000003,0.0,0.0,0.24473268127441405,20.538925170898448,5764,35,3,4,10729.0,10750.0,-21.0,-0.19534883720930232,10729.0,-21.0,-0.19534883720930232
34.06472409120761,approaching,True,0.015690640000000002,0.015690640000000002,0.0,0.0,1.6000000000000003,1.6000000000000003,0.0,0.0,0.24473268127441405,20.538925170898448,5770,35,3,4,10729.0,10750.0,-21.0,-0.19534883720930232,10725.0,-25.0,-0.23255813953488372
34.09887055004947,approaching,True,0.015690640000000002,0.015690640000000002,0.0,0.0,1.6000000000000003,1.6000000000000003,0.0,0.0,0.24464102172851562,20.63058471679688,5774,35,3,4,10729.0,10750.0,-21.0,-0.19534883720930232,10729.0,-21.0,-0.19534883720930232
34.1483229091391,approaching,True,0.015690640000000002,0.015690640000000002,0.0,0.0,1.6000000000000003,1.6000000000000003,0.0,0.0,0.24464102172851562,20.63058471679688,5780,35,3,4,10732.0,10750.0,-18.0,-0.16744186046511628,10732.0,-18.0,-0.1674418604651163
34.19911564816721,approaching,True,0.015690640000000002,0.015690640000000002,0.0,0.0,1.6000000000000003,1.6000000000000003,0.0,0.0,0.24462847900390625,20.643127441406257,5786,35,3,4,10732.0,10750.0,-18.0,-0.16744186046511628,10732.0,-18.0,-0.1674418604651163
34.26587352505885,approaching,True,0.015690640000000002,0.015690640000000002,0.0,0.0,1.6000000000000003,1.6000000000000003,0.0,0.0,0.24461053466796875,20.661071777343746,5794,35,3,4,10731.0,10750.0,-19.0,-0.17674418604651163,10731.0,-19.0,-0.17674418604651163
34.31633576913737,approaching,True,0.015690640000000002,0.015690640000000002,0.0,0.0,1.6000000000000003,1.6000000000000003,0.0,0.0,0.24461053466796875,20.661071777343746,5799,35,3,4,10730.0,10750.0,-20.0,-0.18604651162790697,10730.0,-20.0,-0.18604651162790697
34.36501552700065,approaching,True,0.015690640000000002,0.015690640000000002,0.0,0.0,1.6000000000000003,1.6000000000000003,0.0,0.0,0.24458181762695314,20.689788818359368,5805,35,3,4,10725.0,10750.0,-25.0,-0.23255813953488372,10725.0,-25.0,-0.23255813953488372
34.414897185983136,approaching,True,0.015690640000000002,0.015690640000000002,0.0,0.0,1.6000000000000003,1.6000000000000003,0.0,0.0,0.24458181762695314,20.689788818359368,5811,35,3,4,10731.0,10750.0,-19.0,-0.17674418604651163,10727.666666666666,-22.333333333333332,-0.20775193798449612
34.48286457499489,approaching,True,0.015690640000000002,0.015690640000000002,0.0,0.0,1.6000000000000003,1.6000000000000003,0.0,0.0,0.2445494842529297,20.722122192382812,5816,35,3,4,10731.0,10750.0,-19.0,-0.17674418604651163,10731.0,-19.0,-0.17674418604651163
34.49887202307582,approaching,True,0.015690640000000002,0.015690640000000002,0.0,0.0,1.6000000000000003,1.6000000000000003,0.0,0.0,0.2445494842529297,20.722122192382812,5820,35,3,4,10730.0,10750.0,-20.0,-0.18604651162790697,10730.0,-20.0,-0.18604651162790697
34.548367800191045,approaching,True,0.015690640000000002,0.015690640000000002,0.0,0.0,1.6000000000000003,1.6000000000000003,0.0,0.0,0.24444404602050782,20.827560424804688,5826,35,3,4,10724.0,10750.0,-26.0,-0.24186046511627907,10724.0,-26.0,-0.2418604651162791
34.598676898982376,approaching,True,0.015690640000000002,0.015690640000000002,0.0,0.0,1.6000000000000003,1.6000000000000003,0.0,0.0,0.24431378173828125,20.957824707031254,5833,35,3,4,10726.0,10750.0,-24.0,-0.22325581395348837,10726.0,-24.0,-0.22325581395348837
34.66933603910729,approaching,True,0.015690640000000002,0.015690640000000002,0.0,0.0,1.6000000000000003,1.6000000000000003,0.0,0.0,0.24431378173828125,20.957824707031254,5840,35,3,4,10724.0,10750.0,-26.0,-0.24186046511627907,10726.666666666666,-23.333333333333332,-0.2170542635658915
34.71479873917997,approaching,True,0.015690640000000002,0.015690640000000002,0.0,0.0,1.6000000000000003,1.6000000000000003,0.0,0.0,0.24426339721679688,21.00820922851562,5844,35,3,4,10721.0,10750.0,-29.0,-0.26976744186046514,10722.0,-28.0,-0.2604651162790698
34.74890771601349,approaching,True,0.015690640000000002,0.015690640000000002,0.0,0.0,1.6000000000000003,1.6000000000000003,0.0,0.0,0.24426339721679688,21.00820922851562,5850,35,3,4,10730.0,10750.0,-20.0,-0.18604651162790697,10727.0,-23.0,-0.21395348837209305
34.79930989420973,approaching,True,0.015690640000000002,0.015690640000000002,0.0,0.0,1.6000000000000003,1.6000000000000003,0.0,0.0,0.24404534912109377,21.226257324218732,5857,35,3,4,10730.0,10750.0,-20.0,-0.18604651162790697,10730.0,-20.0,-0.18604651162790697
34.86711790319532,approaching,True,0.015690640000000002,0.015690640000000002,0.0,0.0,1.6000000000000003,1.6000000000000003,0.0,0.0,0.24383847045898438,21.43313598632812,5862,35,3,4,10725.0,10750.0,-25.0,-0.23255813953488372,10725.0,-25.0,-0.23255813953488372
34.89923666208051,approaching,True,0.015690640000000002,0.015690640000000002,0.0,0.0,1.6000000000000003,1.6000000000000003,0.0,0.0,0.24383847045898438,21.43313598632812,5868,35,3,4,10726.0,10750.0,-24.0,-0.22325581395348837,10726.0,-24.0,-0.22325581395348837
34.9493217531126,approaching,True,0.015690640000000002,0.015690640000000002,0.0,0.0,1.6000000000000003,1.6000000000000003,0.0,0.0,0.24380297851562502,21.468627929687482,5874,35,3,4,10723.0,10750.0,-27.0,-0.25116279069767444,10724.0,-26.0,-0.2418604651162791
34.99863863619976,approaching,True,0.015690640000000002,0.015690640000000002,0.0,0.0,1.6000000000000003,1.6000000000000003,0.0,0.0,0.24380297851562502,21.468627929687482,5881,35,3,4,10724.0,10750.0,-26.0,-0.24186046511627907,10724.0,-26.0,-0.2418604651162791
35.065183378057554,approaching,True,0.014709975,0.015690640000000002,-0.000980665000000002,0.000980665000000002,1.5,1.6000000000000003,-0.10000000000000021,0.10000000000000021,0.24377853393554688,21.49307250976562,5887,35,3,4,10732.0,10750.0,-18.0,-0.16744186046511628,10725.333333333334,-24.666666666666668,-0.22945736434108524
35.11570665217005,approaching,True,0.014709975,0.015690640000000002,-0.000980665000000002,0.000980665000000002,1.5,1.6000000000000003,-0.10000000000000021,0.10000000000000021,0.24377853393554688,21.49307250976562,5893,35,3,4,10723.0,10750.0,-27.0,-0.25116279069767444,10726.0,-24.0,-0.22325581395348837
35.16508657904342,approaching,True,0.014709975,0.015690640000000002,-0.000980665000000002,0.000980665000000002,1.5,1.6000000000000003,-0.10000000000000021,0.10000000000000021,0.24376287841796876,21.508728027343743,5898,35,3,4,10726.0,10750.0,-24.0,-0.22325581395348837,10725.0,-25.0,-0.23255813953488372
35.19813388213515,approaching,True,0.014709975,0.015690640000000002,-0.000980665000000002,0.000980665000000002,1.5,1.6000000000000003,-0.10000000000000021,0.10000000000000021,0.24374844360351564,21.523162841796868,5904,35,3,4,10723.0,10750.0,-27.0,-0.25116279069767444,10723.0,-27.0,-0.25116279069767444
35.248081035213545,approaching,True,0.014709975,0.015690640000000002,-0.000980665000000002,0.000980665000000002,1.5,1.6000000000000003,-0.10000000000000021,0.10000000000000021,0.24374844360351564,21.523162841796868,5914,35,3,4,10722.0,10750.0,-28.0,-0.26046511627906976,10724.666666666666,-25.333333333333332,-0.23565891472868217
35.298155449097976,approaching,True,0.014709975,0.015690640000000002,-0.000980665000000002,0.000980665000000002,1.5,1.6000000000000003,-0.10000000000000021,0.10000000000000021,0.24373521423339845,21.536392211914055,5920,35,3,4,10722.0,10750.0,-28.0,-0.26046511627906976,10722.0,-28.0,-0.26046511627906976
35.34019330213778,approaching,True,0.014709975,0.015690640000000002,-0.000980665000000002,0.000980665000000002,1.5,1.6000000000000003,-0.10000000000000021,0.10000000000000021,0.24373521423339845,21.536392211914055,5929,35,3,4,10725.0,10750.0,-25.0,-0.23255813953488372,10725.0,-25.0,-0.23255813953488372
35.390120084164664,approaching,True,0.014709975,0.015690640000000002,-0.000980665000000002,0.000980665000000002,1.5,1.6000000000000003,-0.10000000000000021,0.10000000000000021,0.24372161865234376,21.54998779296874,5939,35,3,4,10728.0,10750.0,-22.0,-0.20465116279069767,10728.0,-22.0,-0.20465116279069764
35.448313219007105,approaching,True,0.014709975,0.015690640000000002,-0.000980665000000002,0.000980665000000002,1.5,1.6000000000000003,-0.10000000000000021,0.10000000000000021,0.24368844604492187,21.58316040039063,5950,35,3,4,10726.0,10750.0,-24.0,-0.22325581395348837,10727.333333333334,-22.666666666666668,-0.21085271317829457
35.499132404103875,approaching,True,0.014709975,0.015690640000000002,-0.000980665000000002,0.000980665000000002,1.5,1.6000000000000003,-0.10000000000000021,0.10000000000000021,0.24351568603515625,21.755920410156254,5955,35,3,4,10726.0,10750.0,-24.0,-0.22325581395348837,10726.0,-24.0,-0.22325581395348837
35.548924405127764,approaching,True,0.014709975,0.015690640000000002,-0.000980665000000002,0.000980665000000002,1.5,1.6000000000000003,-0.10000000000000021,0.10000000000000021,0.24338796997070314,21.883636474609364,5961,35,3,4,10722.0,10750.0,-28.0,-0.26046511627906976,10723.0,-27.0,-0.2511627906976744
35.5991276090499,approaching,True,0.014709975,0.015690640000000002,-0.000980665000000002,0.000980665000000002,1.5,1.6000000000000003,-0.10000000000000021,0.10000000000000021,0.24338796997070314,21.883636474609364,5967,35,3,4,10722.0,10750.0,-28.0,-0.26046511627906976,10722.0,-28.0,-0.26046511627906976
35.66512767900713,approaching,True,0.014709975,0.015690640000000002,-0.000980665000000002,0.000980665000000002,1.5,1.6000000000000003,-0.10000000000000021,0.10000000000000021,0.24333984375,21.931762695312496,5974,35,3,4,10726.0,10750.0,-24.0,-0.22325581395348837,10726.0,-24.0,-0.22325581395348837
35.714722162112594,approaching,True,0.014709975,0.015690640000000002,-0.000980665000000002,0.000980665000000002,1.5,1.6000000000000003,-0.10000000000000021,0.10000000000000021,0.24333984375,21.931762695312496,5977,35,3,4,10726.0,10750.0,-24.0,-0.22325581395348837,10726.0,-24.0,-0.22325581395348837
35.76509447814897,approaching,True,0.014709975,0.015690640000000002,-0.000980665000000002,0.000980665000000002,1.5,1.6000000000000003,-0.10000000000000021,0.10000000000000021,0.24330587768554687,21.96572875976563,5983,35,3,4,10725.0,10750.0,-25.0,-0.23255813953488372,10723.666666666666,-26.333333333333332,-0.24496124031007752
35.81608941615559,approaching,True,0.014709975,0.015690640000000002,-0.000980665000000002,0.000980665000000002,1.5,1.6000000000000003,-0.10000000000000021,0.10000000000000021,0.24328201293945312,21.989593505859382,5989,35,3,4,10720.0,10750.0,-30.0,-0.27906976744186046,10721.666666666666,-28.333333333333332,-0.26356589147286824
35.881812951061875,approaching,True,0.014709975,0.015690640000000002,-0.000980665000000002,0.000980665000000002,1.5,1.6000000000000003,-0.10000000000000021,0.10000000000000021,0.24328201293945312,21.989593505859382,5996,35,3,4,10725.0,10750.0,-25.0,-0.23255813953488372,10725.0,-25.0,-0.23255813953488372
35.89888755208813,approaching,True,0.014709975,0.015690640000000002,-0.000980665000000002,0.000980665000000002,1.5,1.6000000000000003,-0.10000000000000021,0.10000000000000021,0.24321484375,22.05676269531251,6000,35,3,4,10726.0,10750.0,-24.0,-0.22325581395348837,10726.0,-24.0,-0.22325581395348837
35.949483146192506,approaching,True,0.014709975,0.015690640000000002,-0.000980665000000002,0.000980665000000002,1.5,1.6000000000000003,-0.10000000000000021,0.10000000000000021,0.24321484375,22.05676269531251,6007,35,3,4,10718.0,10750.0,-32.0,-0.29767441860465116,10721.0,-29.0,-0.26976744186046514
35.99899605102837,approaching,True,0.014709975,0.015690640000000002,-0.000980665000000002,0.000980665000000002,1.5,1.6000000000000003,-0.10000000000000021,0.10000000000000021,0.24313150024414062,22.14010620117188,6013,35,3,4,10727.0,10750.0,-23.0,-0.21395348837209302,10727.0,-23.0,-0.21395348837209302
36.06534454599023,approaching,True,0.014709975,0.015690640000000002,-0.000980665000000002,0.000980665000000002,1.5,1.6000000000000003,-0.10000000000000021,0.10000000000000021,0.24298330688476563,22.28829956054687,6019,35,3,4,10722.0,10750.0,-28.0,-0.26046511627906976,10722.0,-28.0,-0.26046511627906976
36.11472778604366,approaching,True,0.015690640000000002,0.015690640000000002,0.0,0.0,1.6000000000000003,1.6000000000000003,0.0,0.0,0.24298330688476563,22.28829956054687,6024,35,3,4,10721.0,10750.0,-29.0,-0.26976744186046514,10721.0,-29.0,-0.26976744186046514
36.16462175012566,approaching,True,0.015690640000000002,0.015690640000000002,0.0,0.0,1.6000000000000003,1.6000000000000003,0.0,0.0,0.2429639892578125,22.30761718749999,6031,35,3,4,10725.0,10750.0,-25.0,-0.23255813953488372,10723.666666666666,-26.333333333333332,-0.24496124031007752
36.215251999208704,approaching,True,0.015690640000000002,0.015690640000000002,0.0,0.0,1.6000000000000003,1.6000000000000003,0.0,0.0,0.2429639892578125,22.30761718749999,6036,35,3,4,10723.0,10750.0,-27.0,-0.25116279069767444,10723.666666666666,-26.333333333333332,-0.24496124031007752
36.266624823212624,approaching,True,0.015690640000000002,0.015690640000000002,0.0,0.0,1.6000000000000003,1.6000000000000003,0.0,0.0,0.24294454956054687,22.327056884765632,6042,35,3,4,10729.0,10750.0,-21.0,-0.19534883720930232,10729.0,-21.0,-0.19534883720930232
36.29915038216859,approaching,True,0.015690640000000002,0.015690640000000002,0.0,0.0,1.6000000000000003,1.6000000000000003,0.0,0.0,0.24294454956054687,22.327056884765632,6048,35,3,4,10722.0,10750.0,-28.0,-0.26046511627906976,10722.0,-28.0,-0.26046511627906976
36.33969803410582,approaching,True,0.015690640000000002,0.015690640000000002,0.0,0.0,1.6000000000000003,1.6000000000000003,0.0,0.0,0.24282211303710938,22.449493408203125,6054,35,3,4,10722.0,10750.0,-28.0,-0.26046511627906976,10722.0,-28.0,-0.26046511627906976
36.389674386009574,approaching,True,0.015690640000000002,0.015690640000000002,0.0,0.0,1.6000000000000003,1.6000000000000003,0.0,0.0,0.24280413818359375,22.46746826171875,6064,35,3,4,10726.0,10750.0,-24.0,-0.22325581395348837,10726.0,-24.0,-0.22325581395348837
36.448007421102375,approaching,True,0.015690640000000002,0.015690640000000002,0.0,0.0,1.6000000000000003,1.6000000000000003,0.0,0.0,0.2427840270996094,22.48757934570311,6074,35,3,4,10720.0,10750.0,-30.0,-0.27906976744186046,10720.0,-30.0,-0.27906976744186046
36.49861458898522,approaching,True,0.015690640000000002,0.015690640000000002,0.0,0.0,1.6000000000000003,1.6000000000000003,0.0,0.0,0.24276145935058593,22.51014709472657,6081,35,3,4,10720.0,10750.0,-30.0,-0.27906976744186046,10720.0,-30.0,-0.27906976744186046
36.549337359145284,approaching,True,0.015690640000000002,0.015690640000000002,0.0,0.0,1.6000000000000003,1.6000000000000003,0.0,0.0,0.24276145935058593,22.51014709472657,6087,35,3,4,10724.0,10750.0,-26.0,-0.24186046511627907,10722.666666666666,-27.333333333333332,-0.25426356589147286
36.59851238015108,approaching,True,0.015690640000000002,0.015690640000000002,0.0,0.0,1.6000000000000003,1.6000000000000003,0.0,0.0,0.24273300170898438,22.53860473632813,6096,35,3,4,10722.0,10750.0,-28.0,-0.26046511627906976,10722.0,-28.0,-0.26046511627906976
36.66602868004702,approaching,True,0.015690640000000002,0.015690640000000002,0.0,0.0,1.6000000000000003,1.6000000000000003,0.0,0.0,0.24266879272460937,22.602813720703136,6104,35,3,4,10721.0,10750.0,-29.0,-0.26976744186046514,10721.0,-29.0,-0.26976744186046514
36.69860224914737,approaching,True,0.015690640000000002,0.015690640000000002,0.0,0.0,1.6000000000000003,1.6000000000000003,0.0,0.0,0.24266879272460937,22.602813720703136,6109,35,3,4,10721.0,10750.0,-29.0,-0.26976744186046514,10721.0,-29.0,-0.26976744186046514
36.75205608201213,approaching,True,0.015690640000000002,0.015690640000000002,0.0,0.0,1.6000000000000003,1.6000000000000003,0.0,0.0,0.2425447235107422,22.726882934570312,6114,35,3,4,10717.0,10750.0,-33.0,-0.30697674418604654,10717.0,-33.0,-0.30697674418604654
36.7991616781801,approaching,True,0.015690640000000002,0.015690640000000002,0.0,0.0,1.6000000000000003,1.6000000000000003,0.0,0.0,0.2425447235107422,22.726882934570312,6121,35,3,4,10724.0,10750.0,-26.0,-0.24186046511627907,10722.666666666666,-27.333333333333332,-0.25426356589147286
36.86595249804668,approaching,True,0.015690640000000002,0.015690640000000002,0.0,0.0,1.6000000000000003,1.6000000000000003,0.0,0.0,0.24248355102539063,22.788055419921875,6126,35,3,4,10719.0,10750.0,-31.0,-0.28837209302325584,10720.666666666666,-29.333333333333332,-0.27286821705426356
36.89962548902258,approaching,True,0.015690640000000002,0.015690640000000002,0.0,0.0,1.6000000000000003,1.6000000000000003,0.0,0.0,0.24248355102539063,22.788055419921875,6132,35,3,4,10716.0,10750.0,-34.0,-0.31627906976744186,10716.0,-34.0,-0.31627906976744186
36.949359802063555,approaching,True,0.015690640000000002,0.015690640000000002,0.0,0.0,1.6000000000000003,1.6000000000000003,0.0,0.0,0.24245375061035157,22.81785583496093,6137,35,3,4,10722.0,10750.0,-28.0,-0.26046511627906976,10722.0,-28.0,-0.26046511627906976
36.99882438709028,approaching,True,0.015690640000000002,0.015690640000000002,0.0,0.0,1.6000000000000003,1.6000000000000003,0.0,0.0,0.24239920043945312,22.872406005859382,6144,35,3,4,10722.0,10750.0,-28.0,-0.26046511627906976,10724.0,-26.0,-0.2418604651162791
37.06515207700431,approaching,True,0.015690640000000002,0.015690640000000002,0.0,0.0,1.6000000000000003,1.6000000000000003,0.0,0.0,0.24239920043945312,22.872406005859382,6150,35,3,4,10724.0,10750.0,-26.0,-0.24186046511627907,10724.0,-26.0,-0.2418604651162791
37.114731883164495,approaching,True,0.015690640000000002,0.015690640000000002,0.0,0.0,1.6000000000000003,1.6000000000000003,0.0,0.0,0.24226583862304688,23.00576782226563,6156,35,3,4,10721.0,10750.0,-29.0,-0.26976744186046514,10721.0,-29.0,-0.26976744186046514
37.16486328118481,approaching,True,0.015690640000000002,0.015690640000000002,0.0,0.0,1.6000000000000003,1.6000000000000003,0.0,0.0,0.24226583862304688,23.00576782226563,6160,35,3,4,10719.0,10750.0,-31.0,-0.28837209302325584,10719.0,-31.0,-0.28837209302325584
37.2149468541611,approaching,True,0.015690640000000002,0.015690640000000002,0.0,0.0,1.6000000000000003,1.6000000000000003,0.0,0.0,0.24221145629882812,23.060150146484382,6166,35,3,4,10718.0,10750.0,-32.0,-0.29767441860465116,10718.0,-32.0,-0.29767441860465116
37.26510191219859,approaching,True,0.015690640000000002,0.015690640000000002,0.0,0.0,1.6000000000000003,1.6000000000000003,0.0,0.0,0.24218780517578126,23.083801269531246,6169,35,3,4,10721.0,10750.0,-29.0,-0.26976744186046514,10722.333333333334,-27.666666666666668,-0.25736434108527134
37.29923237115145,approaching,True,0.015690640000000002,0.015690640000000002,0.0,0.0,1.6000000000000003,1.6000000000000003,0.0,0.0,0.24218780517578126,23.083801269531246,6175,35,3,4,10719.0,10750.0,-31.0,-0.28837209302325584,10719.0,-31.0,-0.28837209302325584
37.348080242984,approaching,True,0.015690640000000002,0.015690640000000002,0.0,0.0,1.6000000000000003,1.6000000000000003,0.0,0.0,0.24217453002929687,23.097076416015632,6180,35,3,4,10711.0,10750.0,-39.0,-0.3627906976744186,10711.0,-39.0,-0.3627906976744186
37.39829117502086,approaching,True,0.015690640000000002,0.015690640000000002,0.0,0.0,1.6000000000000003,1.6000000000000003,0.0,0.0,0.24217453002929687,23.097076416015632,6186,35,3,4,10722.0,10750.0,-28.0,-0.26046511627906976,10722.0,-28.0,-0.26046511627906976
37.465090696001425,approaching,True,0.015690640000000002,0.015690640000000002,0.0,0.0,1.6000000000000003,1.6000000000000003,0.0,0.0,0.24215188598632814,23.11972045898436,6192,35,3,4,10718.0,10750.0,-32.0,-0.29767441860465116,10722.0,-28.0,-0.26046511627906976
37.498909450136125,approaching,True,0.015690640000000002,0.015690640000000002,0.0,0.0,1.6000000000000003,1.6000000000000003,0.0,0.0,0.24215188598632814,23.11972045898436,6197,35,3,4,10720.0,10750.0,-30.0,-0.27906976744186046,10720.0,-30.0,-0.27906976744186046
37.54848178103566,approaching,True,0.015690640000000002,0.015690640000000002,0.0,0.0,1.6000000000000003,1.6000000000000003,0.0,0.0,0.24213671875,23.134887695312496,6203,35,3,4,10724.0,10750.0,-26.0,-0.24186046511627907,10724.0,-26.0,-0.2418604651162791
37.59917091601528,approaching,True,0.015690640000000002,0.015690640000000002,0.0,0.0,1.6000000000000003,1.6000000000000003,0.0,0.0,0.2420749969482422,23.19660949707031,6211,35,3,4,10723.0,10750.0,-27.0,-0.25116279069767444,10722.333333333334,-27.666666666666668,-0.25736434108527134
37.64801362412982,approaching,True,0.015690640000000002,0.015690640000000002,0.0,0.0,1.6000000000000003,1.6000000000000003,0.0,0.0,0.2420749969482422,23.19660949707031,6219,35,3,4,10718.0,10750.0,-32.0,-0.29767441860465116,10718.0,-32.0,-0.29767441860465116
37.69917256105691,approaching,True,0.015690640000000002,0.015690640000000002,0.0,0.0,1.6000000000000003,1.6000000000000003,0.0,0.0,0.24203109741210938,23.24050903320313,6225,35,3,4,10730.0,10750.0,-20.0,-0.18604651162790697,10726.0,-24.0,-0.22325581395348837
37.750183675205335,approaching,True,0.015690640000000002,0.015690640000000002,0.0,0.0,1.6000000000000003,1.6000000000000003,0.0,0.0,0.24203109741210938,23.24050903320313,6231,35,3,4,10721.0,10750.0,-29.0,-0.26976744186046514,10721.0,-29.0,-0.26976744186046514
37.799989148043096,approaching,True,0.015690640000000002,0.015690640000000002,0.0,0.0,1.6000000000000003,1.6000000000000003,0.0,0.0,0.24202792358398437,23.243682861328136,6237,35,3,4,10720.0,10750.0,-30.0,-0.27906976744186046,10720.0,-30.0,-0.27906976744186046
37.865139180095866,approaching,True,0.015690640000000002,0.015690640000000002,0.0,0.0,1.6000000000000003,1.6000000000000003,0.0,0.0,0.24203399658203126,23.237609863281243,6243,35,3,4,10716.0,10750.0,-34.0,-0.31627906976744186,10718.666666666666,-31.333333333333332,-0.29147286821705426
37.89917078404687,approaching,True,0.015690640000000002,0.015690640000000002,0.0,0.0,1.6000000000000003,1.6000000000000003,0.0,0.0,0.24203399658203126,23.237609863281243,6250,35,3,4,10721.0,10750.0,-29.0,-0.26976744186046514,10721.0,-29.0,-0.26976744186046514
37.953882690984756,approaching,True,0.015690640000000002,0.015690640000000002,0.0,0.0,1.6000000000000003,1.6000000000000003,0.0,0.0,0.24203109741210938,23.24050903320313,6255,35,3,4,10722.0,10750.0,-28.0,-0.26046511627906976,10722.0,-28.0,-0.26046511627906976
37.99862260813825,approaching,True,0.015690640000000002,0.015690640000000002,0.0,0.0,1.6000000000000003,1.6000000000000003,0.0,0.0,0.24203109741210938,23.24050903320313,6262,35,3,4,10722.0,10750.0,-28.0,-0.26046511627906976,10722.0,-28.0,-0.26046511627906976
38.06739496206865,approaching,True,0.015690640000000002,0.015690640000000002,0.0,0.0,1.6000000000000003,1.6000000000000003,0.0,0.0,0.24202267456054688,23.24893188476562,6269,35,3,4,10728.0,10750.0,-22.0,-0.20465116279069767,10727.333333333334,-22.666666666666668,-0.21085271317829457
38.114772122120485,approaching,True,0.015690640000000002,0.015690640000000002,0.0,0.0,1.6000000000000003,1.6000000000000003,0.0,0.0,0.2420080261230469,23.26358032226561,6275,35,3,4,10724.0,10750.0,-26.0,-0.24186046511627907,10724.0,-26.0,-0.2418604651162791
38.16513205412775,approaching,True,0.015690640000000002,0.015690640000000002,0.0,0.0,1.6000000000000003,1.6000000000000003,0.0,0.0,0.2420080261230469,23.26358032226561,6280,35,3,4,10716.0,10750.0,-34.0,-0.31627906976744186,10716.0,-34.0,-0.31627906976744186
38.19883410912007,approaching,True,0.015690640000000002,0.015690640000000002,0.0,0.0,1.6000000000000003,1.6000000000000003,0.0,0.0,0.24199261474609376,23.278991699218736,6288,35,3,4,10717.0,10750.0,-33.0,-0.30697674418604654,10715.666666666666,-34.333333333333336,-0.31937984496124033
38.249641517177224,approaching,True,0.015690640000000002,0.015690640000000002,0.0,0.0,1.6000000000000003,1.6000000000000003,0.0,0.0,0.24199261474609376,23.278991699218736,6296,35,3,4,10721.0,10750.0,-29.0,-0.26976744186046514,10719.666666666666,-30.333333333333332,-0.28217054263565894
38.29897296708077,approaching,True,0.015690640000000002,0.015690640000000002,0.0,0.0,1.6000000000000003,1.6000000000000003,0.0,0.0,0.24196841430664062,23.30319213867188,6302,35,3,4,10719.0,10750.0,-31.0,-0.28837209302325584,10719.666666666666,-30.333333333333332,-0.28217054263565894
38.34889432415366,approaching,True,0.015690640000000002,0.015690640000000002,0.0,0.0,1.6000000000000003,1.6000000000000003,0.0,0.0,0.241948974609375,23.322631835937496,6308,35,3,4,10724.0,10750.0,-26.0,-0.24186046511627907,10722.333333333334,-27.666666666666668,-0.2573643410852713
38.40012267511338,approaching,True,0.015690640000000002,0.015690640000000002,0.0,0.0,1.6000000000000003,1.6000000000000003,0.0,0.0,0.241948974609375,23.322631835937496,6314,35,3,4,10719.0,10750.0,-31.0,-0.28837209302325584,10719.0,-31.0,-0.28837209302325584
38.4667129421141,approaching,True,0.015690640000000002,0.015690640000000002,0.0,0.0,1.6000000000000003,1.6000000000000003,0.0,0.0,0.24191571044921875,23.35589599609375,6321,35,3,4,10723.0,10750.0,-27.0,-0.25116279069767444,10723.666666666666,-26.333333333333332,-0.24496124031007752
38.499091893201694,approaching,True,0.015690640000000002,0.015690640000000002,0.0,0.0,1.6000000000000003,1.6000000000000003,0.0,0.0,0.24191571044921875,23.35589599609375,6325,35,3,4,10723.0,10750.0,-27.0,-0.25116279069767444,10723.0,-27.0,-0.25116279069767444
38.548088550101966,approaching,True,0.015690640000000002,0.015690640000000002,0.0,0.0,1.6000000000000003,1.6000000000000003,0.0,0.0,0.24186216735839844,23.409439086914062,6331,35,3,4,10719.0,10750.0,-31.0,-0.28837209302325584,10718.0,-32.0,-0.29767441860465116
38.599260478047654,approaching,True,0.015690640000000002,0.015690640000000002,0.0,0.0,1.6000000000000003,1.6000000000000003,0.0,0.0,0.24179740905761718,23.474197387695323,6339,35,3,4,10729.0,10750.0,-21.0,-0.19534883720930232,10729.0,-21.0,-0.19534883720930232
38.66633936506696,approaching,True,0.015690640000000002,0.015690640000000002,0.0,0.0,1.6000000000000003,1.6000000000000003,0.0,0.0,0.2417766571044922,23.494949340820305,6346,35,3,4,10717.0,10750.0,-33.0,-0.30697674418604654,10719.0,-31.0,-0.28837209302325584
38.6900030921679,approaching,True,0.015690640000000002,0.015690640000000002,0.0,0.0,1.6000000000000003,1.6000000000000003,0.0,0.0,0.2417766571044922,23.494949340820305,6352,35,3,4,10721.0,10750.0,-29.0,-0.26976744186046514,10721.0,-29.0,-0.26976744186046514
38.739754267036915,approaching,True,0.015690640000000002,0.015690640000000002,0.0,0.0,1.6000000000000003,1.6000000000000003,0.0,0.0,0.2416877136230469,23.58389282226561,6361,35,3,4,10715.0,10750.0,-35.0,-0.32558139534883723,10715.0,-35.0,-0.32558139534883723
38.790799571201205,approaching,True,0.015690640000000002,0.015690640000000002,0.0,0.0,1.6000000000000003,1.6000000000000003,0.0,0.0,0.2416877136230469,23.58389282226561,6371,35,3,4,10719.0,10750.0,-31.0,-0.28837209302325584,10719.0,-31.0,-0.28837209302325584
38.84799778810702,approaching,True,0.015690640000000002,0.015690640000000002,0.0,0.0,1.6000000000000003,1.6000000000000003,0.0,0.0,0.24138159179687502,23.890014648437486,6380,35,3,4,10721.0,10750.0,-29.0,-0.26976744186046514,10721.0,-29.0,-0.26976744186046514
38.89887636620551,approaching,True,0.015690640000000002,0.015690640000000002,0.0,0.0,1.6000000000000003,1.6000000000000003,0.0,0.0,0.24138159179687502,23.890014648437486,6386,35,3,4,10715.0,10750.0,-35.0,-0.32558139534883723,10715.0,-35.0,-0.32558139534883723
38.950024952180684,approaching,True,0.015690640000000002,0.015690640000000002,0.0,0.0,1.6000000000000003,1.6000000000000003,0.0,0.0,0.2413213806152344,23.95022583007811,6392,35,3,4,10717.0,10750.0,-33.0,-0.30697674418604654,10715.333333333334,-34.666666666666664,-0.32248062015503876
39.000736356014386,approaching,True,0.015690640000000002,0.015690640000000002,0.0,0.0,1.6000000000000003,1.6000000000000003,0.0,0.0,0.2413213806152344,23.95022583007811,6399,35,3,4,10720.0,10750.0,-30.0,-0.27906976744186046,10720.0,-30.0,-0.27906976744186046
39.06511078518815,approaching,True,0.015690640000000002,0.015690640000000002,0.0,0.0,1.6000000000000003,1.6000000000000003,0.0,0.0,0.2412967529296875,23.974853515625007,6404,35,3,4,10721.0,10750.0,-29.0,-0.26976744186046514,10721.0,-29.0,-0.26976744186046514
39.09916581516154,approaching,True,0.015690640000000002,0.015690640000000002,0.0,0.0,1.6000000000000003,1.6000000000000003,0.0,0.0,0.24127474975585939,23.996856689453118,6411,35,3,4,10712.0,10750.0,-38.0,-0.35348837209302325,10718.666666666666,-31.333333333333332,-0.29147286821705426
39.14797383802943,approaching,True,0.015690640000000002,0.015690640000000002,0.0,0.0,1.6000000000000003,1.6000000000000003,0.0,0.0,0.24127474975585939,23.996856689453118,6416,35,3,4,10721.0,10750.0,-29.0,-0.26976744186046514,10718.0,-32.0,-0.29767441860465116
39.19806837919168,approaching,True,0.015690640000000002,0.015690640000000002,0.0,0.0,1.6000000000000003,1.6000000000000003,0.0,0.0,0.2412577362060547,24.013870239257802,6422,35,3,4,10713.0,10750.0,-37.0,-0.34418604651162793,10715.666666666666,-34.333333333333336,-0.31937984496124033
39.26500666607171,approaching,True,0.015690640000000002,0.015690640000000002,0.0,0.0,1.6000000000000003,1.6000000000000003,0.0,0.0,0.24124615478515626,24.02545166015624,6429,35,3,4,10721.0,10750.0,-29.0,-0.26976744186046514,10721.0,-29.0,-0.26976744186046514
39.314867119072005,approaching,True,0.015690640000000002,0.015690640000000002,0.0,0.0,1.6000000000000003,1.6000000000000003,0.0,0.0,0.24124615478515626,24.02545166015624,6434,35,3,4,10719.0,10750.0,-31.0,-0.28837209302325584,10719.0,-31.0,-0.28837209302325584
39.3485067691654,approaching,True,0.015690640000000002,0.015690640000000002,0.0,0.0,1.6000000000000003,1.6000000000000003,0.0,0.0,0.24124114990234374,24.030456542968757,6440,35,3,4,10716.0,10750.0,-34.0,-0.31627906976744186,10716.0,-34.0,-0.31627906976744186
39.39826798206195,approaching,True,0.015690640000000002,0.015690640000000002,0.0,0.0,1.6000000000000003,1.6000000000000003,0.0,0.0,0.24124114990234374,24.030456542968757,6448,35,3,4,10722.0,10750.0,-28.0,-0.26046511627906976,10722.0,-28.0,-0.26046511627906976
39.44832203513943,approaching,True,0.015690640000000002,0.015690640000000002,0.0,0.0,1.6000000000000003,1.6000000000000003,0.0,0.0,0.24123806762695313,24.033538818359375,6457,35,3,4,10717.0,10750.0,-33.0,-0.30697674418604654,10717.0,-33.0,-0.30697674418604654
39.49015061114915,approaching,True,0.015690640000000002,0.015690640000000002,0.0,0.0,1.6000000000000003,1.6000000000000003,0.0,0.0,0.24123806762695313,24.033538818359375,6464,35,3,4,10713.0,10750.0,-37.0,-0.34418604651162793,10715.666666666666,-34.333333333333336,-0.31937984496124033
39.54002135316841,approaching,True,0.015690640000000002,0.015690640000000002,0.0,0.0,1.6000000000000003,1.6000000000000003,0.0,0.0,0.24123379516601562,24.037811279296882,6473,35,3,4,10727.0,10750.0,-23.0,-0.21395348837209302,10722.333333333334,-27.666666666666668,-0.25736434108527134
39.59021252114326,approaching,True,0.015690640000000002,0.015690640000000002,0.0,0.0,1.6000000000000003,1.6000000000000003,0.0,0.0,0.2412217712402344,24.049835205078114,6483,35,3,4,10719.0,10750.0,-31.0,-0.28837209302325584,10719.0,-31.0,-0.28837209302325584
39.64816075004637,approaching,True,0.015690640000000002,0.015690640000000002,0.0,0.0,1.6000000000000003,1.6000000000000003,0.0,0.0,0.2411988983154297,24.0727081298828,6493,35,3,4,10717.0,10750.0,-33.0,-0.30697674418604654,10717.0,-33.0,-0.30697674418604654
39.690330238081515,approaching,True,0.015690640000000002,0.015690640000000002,0.0,0.0,1.6000000000000003,1.6000000000000003,0.0,0.0,0.2410673828125,24.204223632812493,6501,35,3,4,10720.0,10750.0,-30.0,-0.27906976744186046,10721.333333333334,-28.666666666666668,-0.26666666666666666
39.739684073021635,approaching,True,0.015690640000000002,0.015690640000000002,0.0,0.0,1.6000000000000003,1.6000000000000003,0.0,0.0,0.24096270751953125,24.308898925781254,6511,35,3,4,10720.0,10750.0,-30.0,-0.27906976744186046,10720.0,-30.0,-0.27906976744186046
39.79023859417066,approaching,True,0.015690640000000002,0.015690640000000002,0.0,0.0,1.6000000000000003,1.6000000000000003,0.0,0.0,0.24086749267578125,24.40411376953125,6521,35,3,4,10712.0,10750.0,-38.0,-0.35348837209302325,10712.0,-38.0,-0.35348837209302325
39.84913019021042,approaching,True,0.015690640000000002,0.015690640000000002,0.0,0.0,1.6000000000000003,1.6000000000000003,0.0,0.0,0.24071968078613282,24.551925659179684,6531,35,3,4,10724.0,10750.0,-26.0,-0.24186046511627907,10724.0,-26.0,-0.2418604651162791
39.898543229093775,approaching,True,0.015690640000000002,0.015690640000000002,0.0,0.0,1.6000000000000003,1.6000000000000003,0.0,0.0,0.24071968078613282,24.551925659179684,6537,35,3,4,10720.0,10750.0,-30.0,-0.27906976744186046,10720.0,-30.0,-0.27906976744186046
39.94982586312108,approaching,True,0.015690640000000002,0.015690640000000002,0.0,0.0,1.6000000000000003,1.6000000000000003,0.0,0.0,0.24059698486328127,24.674621582031236,6543,35,3,4,10717.0,10750.0,-33.0,-0.30697674418604654,10717.0,-33.0,-0.30697674418604654
39.99822527915239,approaching,True,0.015690640000000002,0.015690640000000002,0.0,0.0,1.6000000000000003,1.6000000000000003,0.0,0.0,0.24047189331054689,24.799713134765618,6548,35,3,4,10717.0,10750.0,-33.0,-0.30697674418604654,10717.0,-33.0,-0.30697674418604654
40.067372483201325,approaching,True,0.015690640000000002,0.015690640000000002,0.0,0.0,1.6000000000000003,1.6000000000000003,0.0,0.0,0.24047189331054689,24.799713134765618,6554,35,3,4,10716.0,10750.0,-34.0,-0.31627906976744186,10716.333333333334,-33.666666666666664,-0.31317829457364343
40.097985201049596,approaching,True,0.015690640000000002,0.015690640000000002,0.0,0.0,1.6000000000000003,1.6000000000000003,0.0,0.0,0.24041249084472657,24.85911560058593,6559,35,3,4,10723.0,10750.0,-27.0,-0.25116279069767444,10723.0,-27.0,-0.25116279069767444
40.14829360204749,approaching,True,0.015690640000000002,0.015690640000000002,0.0,0.0,1.6000000000000003,1.6000000000000003,0.0,0.0,0.24039382934570314,24.877777099609368,6568,35,3,4,10720.0,10750.0,-30.0,-0.27906976744186046,10720.666666666666,-29.333333333333332,-0.27286821705426356
40.18985804799013,approaching,True,0.015690640000000002,0.015690640000000002,0.0,0.0,1.6000000000000003,1.6000000000000003,0.0,0.0,0.24039382934570314,24.877777099609368,6577,35,3,4,10719.0,10750.0,-31.0,-0.28837209302325584,10719.0,-31.0,-0.28837209302325584
40.248221818124875,approaching,True,0.015690640000000002,0.015690640000000002,0.0,0.0,1.6000000000000003,1.6000000000000003,0.0,0.0,0.2403950958251953,24.876510620117198,6586,35,3,4,10719.0,10750.0,-31.0,-0.28837209302325584,10719.0,-31.0,-0.28837209302325584
40.29909491399303,approaching,True,0.015690640000000002,0.015690640000000002,0.0,0.0,1.6000000000000003,1.6000000000000003,0.0,0.0,0.24039326477050782,24.878341674804684,6593,35,3,4,10718.0,10750.0,-32.0,-0.29767441860465116,10718.0,-32.0,-0.29767441860465116
40.348581050056964,approaching,True,0.015690640000000002,0.015690640000000002,0.0,0.0,1.6000000000000003,1.6000000000000003,0.0,0.0,0.24039326477050782,24.878341674804684,6597,35,3,4,10720.0,10750.0,-30.0,-0.27906976744186046,10720.0,-30.0,-0.27906976744186046
40.39864615816623,approaching,True,0.015690640000000002,0.015690640000000002,0.0,0.0,1.6000000000000003,1.6000000000000003,0.0,0.0,0.24039035034179687,24.881256103515632,6604,35,3,4,10718.0,10750.0,-32.0,-0.29767441860465116,10717.0,-33.0,-0.30697674418604654
40.46586743905209,approaching,True,0.015690640000000002,0.015690640000000002,0.0,0.0,1.6000000000000003,1.6000000000000003,0.0,0.0,0.24038726806640626,24.884338378906246,6609,35,3,4,10715.0,10750.0,-35.0,-0.32558139534883723,10716.0,-34.0,-0.31627906976744186
40.49864870100282,approaching,True,0.015690640000000002,0.015690640000000002,0.0,0.0,1.6000000000000003,1.6000000000000003,0.0,0.0,0.24038726806640626,24.884338378906246,6614,35,3,4,10716.0,10750.0,-34.0,-0.31627906976744186,10715.666666666666,-34.333333333333336,-0.31937984496124033
40.54831605707295,approaching,True,0.015690640000000002,0.015690640000000002,0.0,0.0,1.6000000000000003,1.6000000000000003,0.0,0.0,0.2403615417480469,24.910064697265614,6621,35,3,4,10720.0,10750.0,-30.0,-0.27906976744186046,10720.0,-30.0,-0.27906976744186046
40.589821328176185,approaching,True,0.015690640000000002,0.015690640000000002,0.0,0.0,1.6000000000000003,1.6000000000000003,0.0,0.0,0.2403615417480469,24.910064697265614,6631,35,3,4,10714.0,10750.0,-36.0,-0.33488372093023255,10714.0,-36.0,-0.3348837209302326
40.64795735408552,approaching,True,0.015690640000000002,0.015690640000000002,0.0,0.0,1.6000000000000003,1.6000000000000003,0.0,0.0,0.24033721923828125,24.934387207031257,6640,35,3,4,10717.0,10750.0,-33.0,-0.30697674418604654,10717.0,-33.0,-0.30697674418604654
40.69956236612052,approaching,True,0.015690640000000002,0.015690640000000002,0.0,0.0,1.6000000000000003,1.6000000000000003,0.0,0.0,0.240302001953125,24.969604492187493,6646,35,3,4,10715.0,10750.0,-35.0,-0.32558139534883723,10715.0,-35.0,-0.32558139534883723
40.74872706620954,approaching,True,0.015690640000000002,0.015690640000000002,0.0,0.0,1.6000000000000003,1.6000000000000003,0.0,0.0,0.240302001953125,24.969604492187493,6651,35,3,4,10710.0,10750.0,-40.0,-0.37209302325581395,10710.0,-40.0,-0.37209302325581395
40.799113867105916,approaching,True,0.015690640000000002,0.015690640000000002,0.0,0.0,1.6000000000000003,1.6000000000000003,0.0,0.0,0.24018026733398437,25.091339111328132,6656,35,3,4,10712.0,10750.0,-38.0,-0.35348837209302325,10712.0,-38.0,-0.35348837209302325
40.865048859035596,approaching,True,0.015690640000000002,0.015690640000000002,0.0,0.0,1.6000000000000003,1.6000000000000003,0.0,0.0,0.24007185363769531,25.199752807617188,6663,35,3,4,10718.0,10750.0,-32.0,-0.29767441860465116,10718.0,-32.0,-0.29767441860465116
40.89822021708824,approaching,True,0.015690640000000002,0.015690640000000002,0.0,0.0,1.6000000000000003,1.6000000000000003,0.0,0.0,0.24007185363769531,25.199752807617188,6666,35,3,4,10716.0,10750.0,-34.0,-0.31627906976744186,10717.333333333334,-32.666666666666664,-0.30387596899224806
40.949780515162274,approaching,True,0.015690640000000002,0.015690640000000002,0.0,0.0,1.6000000000000003,1.6000000000000003,0.0,0.0,0.23991986083984376,25.35174560546874,6673,35,3,4,10717.0,10750.0,-33.0,-0.30697674418604654,10717.0,-33.0,-0.30697674418604654
40.998178728157654,approaching,True,0.015690640000000002,0.015690640000000002,0.0,0.0,1.6000000000000003,1.6000000000000003,0.0,0.0,0.23991986083984376,25.35174560546874,6678,35,3,4,10711.0,10750.0,-39.0,-0.3627906976744186,10711.0,-39.0,-0.3627906976744186
41.064761446090415,approaching,True,0.015690640000000002,0.015690640000000002,0.0,0.0,1.6000000000000003,1.6000000000000003,0.0,0.0,0.23984555053710938,25.426055908203125,6685,35,3,4,10716.0,10750.0,-34.0,-0.31627906976744186,10715.0,-35.0,-0.3255813953488372
41.114776415983215,approaching,True,0.015690640000000002,0.015690640000000002,0.0,0.0,1.6000000000000003,1.6000000000000003,0.0,0.0,0.23983477783203125,25.436828613281254,6690,35,3,4,10722.0,10750.0,-28.0,-0.26046511627906976,10720.0,-30.0,-0.27906976744186046
41.165058511076495,approaching,True,0.015690640000000002,0.015690640000000002,0.0,0.0,1.6000000000000003,1.6000000000000003,0.0,0.0,0.23983477783203125,25.436828613281254,6696,35,3,4,10712.0,10750.0,-38.0,-0.35348837209302325,10712.0,-38.0,-0.35348837209302325
41.198358580004424,approaching,True,0.015690640000000002,0.015690640000000002,0.0,0.0,1.6000000000000003,1.6000000000000003,0.0,0.0,0.23981507873535157,25.45652770996093,6703,35,3,4,10715.0,10750.0,-35.0,-0.32558139534883723,10716.333333333334,-33.666666666666664,-0.31317829457364343
41.2676060681697,approaching,True,0.015690640000000002,0.015690640000000002,0.0,0.0,1.6000000000000003,1.6000000000000003,0.0,0.0,0.23981507873535157,25.45652770996093,6712,35,3,4,10715.0,10750.0,-35.0,-0.32558139534883723,10715.0,-35.0,-0.32558139534883723
41.289549412205815,approaching,True,0.015690640000000002,0.015690640000000002,0.0,0.0,1.6000000000000003,1.6000000000000003,0.0,0.0,0.239643798828125,25.627807617187496,6717,35,3,4,10709.0,10750.0,-41.0,-0.3813953488372093,10709.0,-41.0,-0.3813953488372093
41.3398510760162,approaching,True,0.015690640000000002,0.015690640000000002,0.0,0.0,1.6000000000000003,1.6000000000000003,0.0,0.0,0.239643798828125,25.627807617187496,6726,35,3,4,10708.0,10750.0,-42.0,-0.39069767441860465,10708.0,-42.0,-0.39069767441860465
41.39018867816776,approaching,True,0.015690640000000002,0.015690640000000002,0.0,0.0,1.6000000000000003,1.6000000000000003,0.0,0.0,0.23953103637695314,25.740570068359364,6735,35,3,4,10720.0,10750.0,-30.0,-0.27906976744186046,10715.333333333334,-34.666666666666664,-0.32248062015503876
41.44838902819902,approaching,True,0.015690640000000002,0.015690640000000002,0.0,0.0,1.6000000000000003,1.6000000000000003,0.0,0.0,0.2395009460449219,25.77066040039061,6745,35,3,4,10710.0,10750.0,-40.0,-0.37209302325581395,10710.0,-40.0,-0.37209302325581395
41.49901859811507,approaching,True,0.015690640000000002,0.015690640000000002,0.0,0.0,1.6000000000000003,1.6000000000000003,0.0,0.0,0.23947821044921874,25.79339599609376,6750,35,3,4,10712.0,10750.0,-38.0,-0.35348837209302325,10711.333333333334,-38.666666666666664,-0.3596899224806202
41.54913006303832,approaching,True,0.015690640000000002,0.015690640000000002,0.0,0.0,1.6000000000000003,1.6000000000000003,0.0,0.0,0.23946121215820312,25.81039428710938,6756,35,3,4,10710.0,10750.0,-40.0,-0.37209302325581395,10710.0,-40.0,-0.37209302325581395
41.60175722115673,approaching,True,0.014709975,0.015690640000000002,-0.000980665000000002,0.000980665000000002,1.5,1.6000000000000003,-0.10000000000000021,0.10000000000000021,0.23946121215820312,25.81039428710938,6762,35,3,4,10716.0,10750.0,-34.0,-0.31627906976744186,10716.0,-34.0,-0.31627906976744186
41.66597998305224,approaching,True,0.014709975,0.015690640000000002,-0.000980665000000002,0.000980665000000002,1.5,1.6000000000000003,-0.10000000000000021,0.10000000000000021,0.23943867492675783,25.832931518554673,6768,35,3,4,10717.0,10750.0,-33.0,-0.30697674418604654,10717.0,-33.0,-0.30697674418604654
41.698383771115914,approaching,True,0.014709975,0.015690640000000002,-0.000980665000000002,0.000980665000000002,1.5,1.6000000000000003,-0.10000000000000021,0.10000000000000021,0.23943867492675783,25.832931518554673,6773,35,3,4,10710.0,10750.0,-40.0,-0.37209302325581395,10712.0,-38.0,-0.35348837209302325
41.74838493508287,approaching,True,0.014709975,0.015690640000000002,-0.000980665000000002,0.000980665000000002,1.5,1.6000000000000003,-0.10000000000000021,0.10000000000000021,0.23942666625976564,25.844940185546868,6780,35,3,4,10718.0,10750.0,-32.0,-0.29767441860465116,10718.0,-32.0,-0.29767441860465116
41.79851175821386,approaching,True,0.014709975,0.015690640000000002,-0.000980665000000002,0.000980665000000002,1.5,1.6000000000000003,-0.10000000000000021,0.10000000000000021,0.2394059753417969,25.865631103515614,6785,35,3,4,10711.0,10750.0,-39.0,-0.3627906976744186,10711.0,-39.0,-0.3627906976744186
41.865385603159666,approaching,True,0.014709975,0.015690640000000002,-0.000980665000000002,0.000980665000000002,1.5,1.6000000000000003,-0.10000000000000021,0.10000000000000021,0.2394059753417969,25.865631103515614,6793,35,3,4,10711.0,10750.0,-39.0,-0.3627906976744186,10711.333333333334,-38.666666666666664,-0.3596899224806202
41.91486609913409,approaching,True,0.014709975,0.015690640000000002,-0.000980665000000002,0.000980665000000002,1.5,1.6000000000000003,-0.10000000000000021,0.10000000000000021,0.23936236572265626,25.90924072265624,6797,35,3,4,10714.0,10750.0,-36.0,-0.33488372093023255,10713.0,-37.0,-0.34418604651162793
41.950283801183105,approaching,True,0.014709975,0.015690640000000002,-0.000980665000000002,0.000980665000000002,1.5,1.6000000000000003,-0.10000000000000021,0.10000000000000021,0.23936236572265626,25.90924072265624,6802,35,3,4,10706.0,10750.0,-44.0,-0.40930232558139534,10708.666666666666,-41.333333333333336,-0.3844961240310078
42.00171177415177,approaching,True,0.014709975,0.015690640000000002,-0.000980665000000002,0.000980665000000002,1.5,1.6000000000000003,-0.10000000000000021,0.10000000000000021,0.23930340576171877,25.968200683593736,6808,35,3,4,10709.0,10750.0,-41.0,-0.3813953488372093,10709.0,-41.0,-0.3813953488372093
42.06478369119577,approaching,True,0.014709975,0.015690640000000002,-0.000980665000000002,0.000980665000000002,1.5,1.6000000000000003,-0.10000000000000021,0.10000000000000021,0.23927468872070312,25.996917724609382,6815,35,3,4,10713.0,10750.0,-37.0,-0.34418604651162793,10711.666666666666,-38.333333333333336,-0.35658914728682173
42.09809914813377,approaching,True,0.014709975,0.015690640000000002,-0.000980665000000002,0.000980665000000002,1.5,1.6000000000000003,-0.10000000000000021,0.10000000000000021,0.23927468872070312,25.996917724609382,6818,35,3,4,10713.0,10750.0,-37.0,-0.34418604651162793,10713.0,-37.0,-0.34418604651162793
42.1481666341424,approaching,True,0.014709975,0.015690640000000002,-0.000980665000000002,0.000980665000000002,1.5,1.6000000000000003,-0.10000000000000021,0.10000000000000021,0.23924430847167968,26.02729797363282,6824,35,3,4,10711.0,10750.0,-39.0,-0.3627906976744186,10711.333333333334,-38.666666666666664,-0.3596899224806202
42.198875182075426,approaching,True,0.014709975,0.015690640000000002,-0.000980665000000002,0.000980665000000002,1.5,1.6000000000000003,-0.10000000000000021,0.10000000000000021,0.23924430847167968,26.02729797363282,6830,35,3,4,10715.0,10750.0,-35.0,-0.32558139534883723,10715.0,-35.0,-0.32558139534883723
42.26650971220806,approaching,True,0.014709975,0.015690640000000002,-0.000980665000000002,0.000980665000000002,1.5,1.6000000000000003,-0.10000000000000021,0.10000000000000021,0.23919677734375,26.074829101562504,6836,35,3,4,10713.0,10750.0,-37.0,-0.34418604651162793,10713.0,-37.0,-0.34418604651162793
42.29976561316289,approaching,True,0.014709975,0.015690640000000002,-0.000980665000000002,0.000980665000000002,1.5,1.6000000000000003,-0.10000000000000021,0.10000000000000021,0.23905128479003906,26.220321655273438,6840,35,3,4,10708.0,10750.0,-42.0,-0.39069767441860465,10707.333333333334,-42.666666666666664,-0.39689922480620154
42.34853933006525,approaching,True,0.015690640000000002,0.015690640000000002,0.0,0.0,1.6000000000000003,1.6000000000000003,0.0,0.0,0.23905128479003906,26.220321655273438,6847,35,3,4,10714.0,10750.0,-36.0,-0.33488372093023255,10714.0,-36.0,-0.3348837209302326
42.39780717319809,approaching,True,0.015690640000000002,0.015690640000000002,0.0,0.0,1.6000000000000003,1.6000000000000003,0.0,0.0,0.23875872802734374,26.51287841796876,6856,35,3,4,10702.0,10750.0,-48.0,-0.44651162790697674,10702.0,-48.0,-0.44651162790697674
42.448332227999344,approaching,True,0.015690640000000002,0.015690640000000002,0.0,0.0,1.6000000000000003,1.6000000000000003,0.0,0.0,0.23875872802734374,26.51287841796876,6865,35,3,4,10704.0,10750.0,-46.0,-0.42790697674418604,10704.0,-46.0,-0.42790697674418604
42.499146504094824,approaching,True,0.015690640000000002,0.015690640000000002,0.0,0.0,1.6000000000000003,1.6000000000000003,0.0,0.0,0.23863194274902344,26.639663696289062,6872,35,3,4,10710.0,10750.0,-40.0,-0.37209302325581395,10706.0,-44.0,-0.4093023255813953
42.549039873993024,approaching,True,0.015690640000000002,0.015690640000000002,0.0,0.0,1.6000000000000003,1.6000000000000003,0.0,0.0,0.23860308837890626,26.668518066406243,6877,35,3,4,10711.0,10750.0,-39.0,-0.3627906976744186,10710.666666666666,-39.333333333333336,-0.36589147286821705
42.59914747509174,approaching,True,0.014709975,0.015690640000000002,-0.000980665000000002,0.000980665000000002,1.5,1.6000000000000003,-0.10000000000000021,0.10000000000000021,0.23860308837890626,26.668518066406243,6883,35,3,4,10712.0,10750.0,-38.0,-0.35348837209302325,10712.0,-38.0,-0.35348837209302325
42.666029619053006,approaching,True,0.014709975,0.015690640000000002,-0.000980665000000002,0.000980665000000002,1.5,1.6000000000000003,-0.10000000000000021,0.10000000000000021,0.2385936279296875,26.677978515625007,6890,35,3,4,10702.0,10750.0,-48.0,-0.44651162790697674,10702.0,-48.0,-0.44651162790697674
42.69976117415354,approaching,True,0.014709975,0.015690640000000002,-0.000980665000000002,0.000980665000000002,1.5,1.6000000000000003,-0.10000000000000021,0.10000000000000021,0.2385936279296875,26.677978515625007,6896,35,3,4,10707.0,10750.0,-43.0,-0.4,10707.0,-43.0,-0.4000000000000001
42.74807807500474,approaching,True,0.014709975,0.015690640000000002,-0.000980665000000002,0.000980665000000002,1.5,1.6000000000000003,-0.10000000000000021,0.10000000000000021,0.23858779907226563,26.683807373046875,6901,35,3,4,10704.0,10750.0,-46.0,-0.42790697674418604,10705.0,-45.0,-0.4186046511627907
42.79842622508295,approaching,True,0.014709975,0.015690640000000002,-0.000980665000000002,0.000980665000000002,1.5,1.6000000000000003,-0.10000000000000021,0.10000000000000021,0.23857540893554688,26.696197509765625,6907,35,3,4,10703.0,10750.0,-47.0,-0.4372093023255814,10703.333333333334,-46.666666666666664,-0.434108527131783
42.865180688211694,approaching,True,0.014709975,0.015690640000000002,-0.000980665000000002,0.000980665000000002,1.5,1.6000000000000003,-0.10000000000000021,0.10000000000000021,0.23857540893554688,26.696197509765625,6913,35,3,4,10702.0,10750.0,-48.0,-0.44651162790697674,10702.0,-48.0,-0.44651162790697674
42.914797647157684,approaching,True,0.014709975,0.015690640000000002,-0.000980665000000002,0.000980665000000002,1.5,1.6000000000000003,-0.10000000000000021,0.10000000000000021,0.2385632019042969,26.70840454101561,6919,35,3,4,10704.0,10750.0,-46.0,-0.42790697674418604,10704.0,-46.0,-0.42790697674418604
42.94925186317414,approaching,True,0.014709975,0.015690640000000002,-0.000980665000000002,0.000980665000000002,1.5,1.6000000000000003,-0.10000000000000021,0.10000000000000021,0.2385632019042969,26.70840454101561,6924,35,3,4,10713.0,10750.0,-37.0,-0.34418604651162793,10713.0,-37.0,-0.34418604651162793
42.999363819137216,approaching,True,0.014709975,0.015690640000000002,-0.000980665000000002,0.000980665000000002,1.5,1.6000000000000003,-0.10000000000000021,0.10000000000000021,0.23854884338378907,26.722763061523438,6931,35,3,4,10708.0,10750.0,-42.0,-0.39069767441860465,10708.0,-42.0,-0.39069767441860465
43.04933922714554,approaching,True,0.014709975,0.015690640000000002,-0.000980665000000002,0.000980665000000002,1.5,1.6000000000000003,-0.10000000000000021,0.10000000000000021,0.23854884338378907,26.722763061523438,6941,35,3,4,10707.0,10750.0,-43.0,-0.4,10707.0,-43.0,-0.4000000000000001
43.09902938315645,approaching,True,0.014709975,0.015690640000000002,-0.000980665000000002,0.000980665000000002,1.5,1.6000000000000003,-0.10000000000000021,0.10000000000000021,0.23851800537109374,26.753601074218757,6947,35,3,4,10704.0,10750.0,-46.0,-0.42790697674418604,10704.0,-46.0,-0.42790697674418604
43.15049660205841,approaching,True,0.014709975,0.015690640000000002,-0.000980665000000002,0.000980665000000002,1.5,1.6000000000000003,-0.10000000000000021,0.10000000000000021,0.23830165100097656,26.969955444335948,6953,35,3,4,10704.0,10750.0,-46.0,-0.42790697674418604,10702.0,-48.0,-0.44651162790697674
43.19915193319321,approaching,True,0.014709975,0.015690640000000002,-0.000980665000000002,0.000980665000000002,1.5,1.6000000000000003,-0.10000000000000021,0.10000000000000021,0.23830165100097656,26.969955444335948,6959,35,3,4,10703.0,10750.0,-47.0,-0.4372093023255814,10703.333333333334,-46.666666666666664,-0.434108527131783
43.265983482124284,approaching,True,0.014709975,0.015690640000000002,-0.000980665000000002,0.000980665000000002,1.5,1.6000000000000003,-0.10000000000000021,0.10000000000000021,0.23812802124023438,27.143585205078118,6965,35,3,4,10705.0,10750.0,-45.0,-0.4186046511627907,10705.0,-45.0,-0.4186046511627907
43.300080890068784,approaching,True,0.014709975,0.015690640000000002,-0.000980665000000002,0.000980665000000002,1.5,1.6000000000000003,-0.10000000000000021,0.10000000000000021,0.23812802124023438,27.143585205078118,6970,35,3,4,10703.0,10750.0,-47.0,-0.4372093023255814,10703.0,-47.0,-0.4372093023255814
43.34860011818819,approaching,True,0.014709975,0.015690640000000002,-0.000980665000000002,0.000980665000000002,1.5,1.6000000000000003,-0.10000000000000021,0.10000000000000021,0.23808737182617187,27.18423461914063,6977,35,3,4,10705.0,10750.0,-45.0,-0.4186046511627907,10707.0,-43.0,-0.39999999999999997
43.39882603706792,approaching,True,0.014709975,0.015690640000000002,-0.000980665000000002,0.000980665000000002,1.5,1.6000000000000003,-0.10000000000000021,0.10000000000000021,0.23807058715820312,27.201019287109386,6983,35,3,4,10701.0,10750.0,-49.0,-0.4558139534883721,10701.0,-49.0,-0.4558139534883721
43.465511344140396,approaching,True,0.014709975,0.015690640000000002,-0.000980665000000002,0.000980665000000002,1.5,1.6000000000000003,-0.10000000000000021,0.10000000000000021,0.23807058715820312,27.201019287109386,6989,35,3,4,10707.0,10750.0,-43.0,-0.4,10707.0,-43.0,-0.4000000000000001
43.514805109007284,approaching,True,0.014709975,0.015690640000000002,-0.000980665000000002,0.000980665000000002,1.5,1.6000000000000003,-0.10000000000000021,0.10000000000000021,0.2380604248046875,27.211181640625,6994,35,3,4,10697.0,10750.0,-53.0,-0.4930232558139535,10697.0,-53.0,-0.4930232558139535
43.56539194099605,approaching,True,0.014709975,0.015690640000000002,-0.000980665000000002,0.000980665000000002,1.5,1.6000000000000003,-0.10000000000000021,0.10000000000000021,0.2380604248046875,27.211181640625,7000,35,3,4,10702.0,10750.0,-48.0,-0.44651162790697674,10702.0,-48.0,-0.44651162790697674
43.61485861008987,approaching,True,0.014709975,0.015690640000000002,-0.000980665000000002,0.000980665000000002,1.5,1.6000000000000003,-0.10000000000000021,0.10000000000000021,0.23804525756835937,27.226348876953132,7005,35,3,4,10704.0,10750.0,-46.0,-0.42790697674418604,10703.0,-47.0,-0.4372093023255814
43.66512220702134,approaching,True,0.014709975,0.015690640000000002,-0.000980665000000002,0.000980665000000002,1.5,1.6000000000000003,-0.10000000000000021,0.10000000000000021,0.2380172119140625,27.254394531250004,7012,35,3,4,10700.0,10750.0,-50.0,-0.46511627906976744,10700.0,-50.0,-0.46511627906976744
43.69895136007108,approaching,True,0.014709975,0.015690640000000002,-0.000980665000000002,0.000980665000000002,1.5,1.6000000000000003,-0.10000000000000021,0.10000000000000021,0.2380172119140625,27.254394531250004,7017,35,3,4,10702.0,10750.0,-48.0,-0.44651162790697674,10702.0,-48.0,-0.44651162790697674
43.74882914102636,approaching,True,0.015690640000000002,0.015690640000000002,0.0,0.0,1.6000000000000003,1.6000000000000003,0.0,0.0,0.2379339294433594,27.33767700195311,7023,35,3,4,10708.0,10750.0,-42.0,-0.39069767441860465,10708.0,-42.0,-0.39069767441860465
43.79931451915763,approaching,True,0.015690640000000002,0.015690640000000002,0.0,0.0,1.6000000000000003,1.6000000000000003,0.0,0.0,0.2379339294433594,27.33767700195311,7029,35,3,4,10698.0,10750.0,-52.0,-0.48372093023255813,10704.666666666666,-45.333333333333336,-0.42170542635658914
43.865223554195836,approaching,True,0.015690640000000002,0.015690640000000002,0.0,0.0,1.6000000000000003,1.6000000000000003,0.0,0.0,0.23783468627929688,27.43692016601562,7036,35,3,4,10703.0,10750.0,-47.0,-0.4372093023255814,10703.0,-47.0,-0.4372093023255814
43.89925588504411,approaching,True,0.015690640000000002,0.015690640000000002,0.0,0.0,1.6000000000000003,1.6000000000000003,0.0,0.0,0.23777699279785156,27.494613647460948,7042,35,3,4,10697.0,10750.0,-53.0,-0.4930232558139535,10697.0,-53.0,-0.4930232558139535
43.949435567017645,approaching,True,0.015690640000000002,0.015690640000000002,0.0,0.0,1.6000000000000003,1.6000000000000003,0.0,0.0,0.23777699279785156,27.494613647460948,7048,35,3,4,10702.0,10750.0,-48.0,-0.44651162790697674,10702.0,-48.0,-0.44651162790697674
43.998180377995595,approaching,True,0.015690640000000002,0.015690640000000002,0.0,0.0,1.6000000000000003,1.6000000000000003,0.0,0.0,0.23776449584960938,27.50711059570313,7056,35,3,4,10703.0,10750.0,-47.0,-0.4372093023255814,10703.0,-47.0,-0.4372093023255814
44.06518142204732,approaching,True,0.015690640000000002,0.015690640000000002,0.0,0.0,1.6000000000000003,1.6000000000000003,0.0,0.0,0.23775302124023437,27.518585205078132,7065,35,3,4,10703.0,10750.0,-47.0,-0.4372093023255814,10703.0,-47.0,-0.4372093023255814
44.099206356098875,approaching,True,0.015690640000000002,0.015690640000000002,0.0,0.0,1.6000000000000003,1.6000000000000003,0.0,0.0,0.23775302124023437,27.518585205078132,7070,35,3,4,10701.0,10750.0,-49.0,-0.4558139534883721,10701.0,-49.0,-0.4558139534883721
44.14036071207374,approaching,True,0.015690640000000002,0.015690640000000002,0.0,0.0,1.6000000000000003,1.6000000000000003,0.0,0.0,0.23775302124023437,27.518585205078132,7076,35,3,4,10695.0,10750.0,-55.0,-0.5116279069767442,10698.333333333334,-51.666666666666664,-0.48062015503875966
44.190095383208245,approaching,True,0.015690640000000002,0.015690640000000002,0.0,0.0,1.6000000000000003,1.6000000000000003,0.0,0.0,0.23773419189453127,27.537414550781236,7086,35,3,4,10696.0,10750.0,-54.0,-0.5023255813953489,10696.0,-54.0,-0.5023255813953489
44.248414701083675,approaching,True,0.015690640000000002,0.015690640000000002,0.0,0.0,1.6000000000000003,1.6000000000000003,0.0,0.0,0.2377109375,27.560668945312507,7095,35,3,4,10697.0,10750.0,-53.0,-0.4930232558139535,10697.0,-53.0,-0.4930232558139535
44.29890750814229,approaching,True,0.015690640000000002,0.015690640000000002,0.0,0.0,1.6000000000000003,1.6000000000000003,0.0,0.0,0.2375973358154297,27.674270629882812,7102,35,3,4,10698.0,10750.0,-52.0,-0.48372093023255813,10698.0,-52.0,-0.4837209302325582
44.34965818701312,approaching,True,0.015690640000000002,0.015690640000000002,0.0,0.0,1.6000000000000003,1.6000000000000003,0.0,0.0,0.23759265136718752,27.678955078124982,7108,35,3,4,10704.0,10750.0,-46.0,-0.42790697674418604,10702.666666666666,-47.333333333333336,-0.44031007751937984
44.39876070804894,approaching,True,0.015690640000000002,0.015690640000000002,0.0,0.0,1.6000000000000003,1.6000000000000003,0.0,0.0,0.23759265136718752,27.678955078124982,7113,35,3,4,10704.0,10750.0,-46.0,-0.42790697674418604,10704.0,-46.0,-0.42790697674418604
44.465884753037244,approaching,True,0.015690640000000002,0.015690640000000002,0.0,0.0,1.6000000000000003,1.6000000000000003,0.0,0.0,0.23759934997558593,27.67225646972657,7120,35,3,4,10703.0,10750.0,-47.0,-0.4372093023255814,10703.0,-47.0,-0.4372093023255814
44.499208285007626,approaching,True,0.015690640000000002,0.015690640000000002,0.0,0.0,1.6000000000000003,1.6000000000000003,0.0,0.0,0.23759934997558593,27.67225646972657,7124,35,3,4,10696.0,10750.0,-54.0,-0.5023255813953489,10698.333333333334,-51.666666666666664,-0.4806201550387597
44.548700717044994,approaching,True,0.015690640000000002,0.015690640000000002,0.0,0.0,1.6000000000000003,1.6000000000000003,0.0,0.0,0.23759136962890626,27.680236816406246,7131,35,3,4,10699.0,10750.0,-51.0,-0.4744186046511628,10699.0,-51.0,-0.47441860465116276
44.59815082303248,approaching,True,0.015690640000000002,0.015690640000000002,0.0,0.0,1.6000000000000003,1.6000000000000003,0.0,0.0,0.23757907104492187,27.69253540039063,7136,35,3,4,10696.0,10750.0,-54.0,-0.5023255813953489,10696.0,-54.0,-0.5023255813953489
44.666794918011874,approaching,True,0.015690640000000002,0.015690640000000002,0.0,0.0,1.6000000000000003,1.6000000000000003,0.0,0.0,0.23757907104492187,27.69253540039063,7142,35,3,4,10703.0,10750.0,-47.0,-0.4372093023255814,10703.666666666666,-46.333333333333336,-0.4310077519379845
44.69867507717572,approaching,True,0.015690640000000002,0.015690640000000002,0.0,0.0,1.6000000000000003,1.6000000000000003,0.0,0.0,0.23756289672851563,27.70870971679687,7147,35,3,4,10695.0,10750.0,-55.0,-0.5116279069767442,10697.666666666666,-52.333333333333336,-0.4868217054263566
44.74987444002181,approaching,True,0.015690640000000002,0.015690640000000002,0.0,0.0,1.6000000000000003,1.6000000000000003,0.0,0.0,0.23756289672851563,27.70870971679687,7155,35,3,4,10696.0,10750.0,-54.0,-0.5023255813953489,10696.0,-54.0,-0.5023255813953489
44.79784674709663,approaching,True,0.015690640000000002,0.015690640000000002,0.0,0.0,1.6000000000000003,1.6000000000000003,0.0,0.0,0.23754302978515626,27.72857666015624,7163,35,3,4,10699.0,10750.0,-51.0,-0.4744186046511628,10697.666666666666,-52.333333333333336,-0.4868217054263566
44.848445024108514,approaching,True,0.015690640000000002,0.015690640000000002,0.0,0.0,1.6000000000000003,1.6000000000000003,0.0,0.0,0.23751348876953127,27.758117675781236,7172,35,3,4,10697.0,10750.0,-53.0,-0.4930232558139535,10697.0,-53.0,-0.4930232558139535
44.899303870042786,approaching,True,0.015690640000000002,0.015690640000000002,0.0,0.0,1.6000000000000003,1.6000000000000003,0.0,0.0,0.23751348876953127,27.758117675781236,7177,35,3,4,10701.0,10750.0,-49.0,-0.4558139534883721,10698.333333333334,-51.666666666666664,-0.4806201550387597
44.95125834317878,approaching,True,0.015690640000000002,0.015690640000000002,0.0,0.0,1.6000000000000003,1.6000000000000003,0.0,0.0,0.23747372436523437,27.797882080078136,7183,35,3,4,10696.0,10750.0,-54.0,-0.5023255813953489,10696.0,-54.0,-0.5023255813953489
45.000261722132564,approaching,True,0.015690640000000002,0.015690640000000002,0.0,0.0,1.6000000000000003,1.6000000000000003,0.0,0.0,0.23747372436523437,27.797882080078136,7189,35,3,4,10690.0,10750.0,-60.0,-0.5581395348837209,10690.0,-60.0,-0.5581395348837209
45.06495816120878,approaching,True,0.015690640000000002,0.015690640000000002,0.0,0.0,1.6000000000000003,1.6000000000000003,0.0,0.0,0.23732662963867188,27.944976806640625,7195,35,3,4,10695.0,10750.0,-55.0,-0.5116279069767442,10695.0,-55.0,-0.5116279069767442
45.09878945001401,approaching,True,0.015690640000000002,0.015690640000000002,0.0,0.0,1.6000000000000003,1.6000000000000003,0.0,0.0,0.23708331298828125,28.18829345703125,7200,35,3,4,10691.0,10750.0,-59.0,-0.5488372093023256,10691.0,-59.0,-0.5488372093023256
45.14929141220637,approaching,True,0.015690640000000002,0.015690640000000002,0.0,0.0,1.6000000000000003,1.6000000000000003,0.0,0.0,0.23708331298828125,28.18829345703125,7206,35,3,4,10694.0,10750.0,-56.0,-0.5209302325581395,10694.0,-56.0,-0.5209302325581395
45.19906610716134,approaching,True,0.015690640000000002,0.015690640000000002,0.0,0.0,1.6000000000000003,1.6000000000000003,0.0,0.0,0.23699185180664062,28.279754638671882,7212,35,3,4,10699.0,10750.0,-51.0,-0.4744186046511628,10699.0,-51.0,-0.47441860465116276
45.26514307712205,approaching,True,0.015690640000000002,0.015690640000000002,0.0,0.0,1.6000000000000003,1.6000000000000003,0.0,0.0,0.23697181701660155,28.299789428710948,7218,35,3,4,10695.0,10750.0,-55.0,-0.5116279069767442,10695.0,-55.0,-0.5116279069767442
45.3149206941016,approaching,True,0.015690640000000002,0.015690640000000002,0.0,0.0,1.6000000000000003,1.6000000000000003,0.0,0.0,0.23697181701660155,28.299789428710948,7223,35,3,4,10697.0,10750.0,-53.0,-0.4930232558139535,10695.333333333334,-54.666666666666664,-0.5085271317829457
45.36479983315803,approaching,True,0.015690640000000002,0.015690640000000002,0.0,0.0,1.6000000000000003,1.6000000000000003,0.0,0.0,0.23695852661132813,28.31307983398437,7229,35,3,4,10694.0,10750.0,-56.0,-0.5209302325581395,10694.0,-56.0,-0.5209302325581395
45.416307024192065,approaching,True,0.015690640000000002,0.015690640000000002,0.0,0.0,1.6000000000000003,1.6000000000000003,0.0,0.0,0.23695852661132813,28.31307983398437,7234,35,3,4,10698.0,10750.0,-52.0,-0.48372093023255813,10698.0,-52.0,-0.4837209302325582
45.44827396515757,approaching,True,0.015690640000000002,0.015690640000000002,0.0,0.0,1.6000000000000003,1.6000000000000003,0.0,0.0,0.23694711303710939,28.324493408203118,7239,35,3,4,10696.0,10750.0,-54.0,-0.5023255813953489,10696.0,-54.0,-0.5023255813953489
45.49888080917299,approaching,True,0.015690640000000002,0.015690640000000002,0.0,0.0,1.6000000000000003,1.6000000000000003,0.0,0.0,0.23694711303710939,28.324493408203118,7244,35,3,4,10690.0,10750.0,-60.0,-0.5581395348837209,10689.333333333334,-60.666666666666664,-0.5643410852713179
45.549149458063766,approaching,True,0.015690640000000002,0.015690640000000002,0.0,0.0,1.6000000000000003,1.6000000000000003,0.0,0.0,0.23693307495117188,28.338531494140618,7250,35,3,4,10690.0,10750.0,-60.0,-0.5581395348837209,10690.0,-60.0,-0.5581395348837209
45.5903021201957,approaching,True,0.015690640000000002,0.015690640000000002,0.0,0.0,1.6000000000000003,1.6000000000000003,0.0,0.0,0.23693307495117188,28.338531494140618,7257,35,3,4,10692.0,10750.0,-58.0,-0.5395348837209303,10692.0,-58.0,-0.5395348837209303
45.64833565312438,approaching,True,0.015690640000000002,0.015690640000000002,0.0,0.0,1.6000000000000003,1.6000000000000003,0.0,0.0,0.2369136962890625,28.35791015625,7267,35,3,4,10695.0,10750.0,-55.0,-0.5116279069767442,10696.333333333334,-53.666666666666664,-0.49922480620155046
45.69881297904067,approaching,True,0.015690640000000002,0.015690640000000002,0.0,0.0,1.6000000000000003,1.6000000000000003,0.0,0.0,0.2369136962890625,28.35791015625,7274,35,3,4,10698.0,10750.0,-52.0,-0.48372093023255813,10697.0,-53.0,-0.4930232558139535
45.749110385077074,approaching,True,0.015690640000000002,0.015690640000000002,0.0,0.0,1.6000000000000003,1.6000000000000003,0.0,0.0,0.23690200805664063,28.369598388671868,7279,35,3,4,10693.0,10750.0,-57.0,-0.5302325581395348,10694.666666666666,-55.333333333333336,-0.5147286821705426
45.79899914213456,approaching,True,0.015690640000000002,0.015690640000000002,0.0,0.0,1.6000000000000003,1.6000000000000003,0.0,0.0,0.23690200805664063,28.369598388671868,7285,35,3,4,10690.0,10750.0,-60.0,-0.5581395348837209,10690.0,-60.0,-0.5581395348837209
45.86575812008232,approaching,True,0.015690640000000002,0.015690640000000002,0.0,0.0,1.6000000000000003,1.6000000000000003,0.0,0.0,0.23688813781738283,28.383468627929677,7290,35,3,4,10689.0,10750.0,-61.0,-0.5674418604651162,10689.0,-61.0,-0.5674418604651162
45.89907868299633,approaching,True,0.015690640000000002,0.015690640000000002,0.0,0.0,1.6000000000000003,1.6000000000000003,0.0,0.0,0.23687794494628905,28.393661499023448,7296,35,3,4,10691.0,10750.0,-59.0,-0.5488372093023256,10691.666666666666,-58.333333333333336,-0.5426356589147288
45.9493263901677,approaching,True,0.015690640000000002,0.015690640000000002,0.0,0.0,1.6000000000000003,1.6000000000000003,0.0,0.0,0.23687794494628905,28.393661499023448,7302,35,3,4,10694.0,10750.0,-56.0,-0.5209302325581395,10693.0,-57.0,-0.530232558139535
45.998051000991836,approaching,True,0.015690640000000002,0.015690640000000002,0.0,0.0,1.6000000000000003,1.6000000000000003,0.0,0.0,0.2368585205078125,28.4130859375,7310,35,3,4,10687.0,10750.0,-63.0,-0.586046511627907,10687.0,-63.0,-0.586046511627907
46.065705185057595,approaching,True,0.015690640000000002,0.015690640000000002,0.0,0.0,1.6000000000000003,1.6000000000000003,0.0,0.0,0.2367393035888672,28.532302856445312,7318,35,3,4,10691.0,10750.0,-59.0,-0.5488372093023256,10694.333333333334,-55.666666666666664,-0.517829457364341
46.099962623091415,approaching,True,0.015690640000000002,0.015690640000000002,0.0,0.0,1.6000000000000003,1.6000000000000003,0.0,0.0,0.2367393035888672,28.532302856445312,7322,35,3,4,10691.0,10750.0,-59.0,-0.5488372093023256,10691.0,-59.0,-0.5488372093023256
46.15333595499396,approaching,True,0.015690640000000002,0.015690640000000002,0.0,0.0,1.6000000000000003,1.6000000000000003,0.0,0.0,0.2367222900390625,28.549316406249996,7329,35,3,4,10694.0,10750.0,-56.0,-0.5209302325581395,10694.0,-56.0,-0.5209302325581395
46.19879159098491,approaching,True,0.015690640000000002,0.015690640000000002,0.0,0.0,1.6000000000000003,1.6000000000000003,0.0,0.0,0.2367222900390625,28.549316406249996,7334,35,3,4,10692.0,10750.0,-58.0,-0.5395348837209303,10692.0,-58.0,-0.5395348837209303
46.26486587920226,approaching,True,0.015690640000000002,0.015690640000000002,0.0,0.0,1.6000000000000003,1.6000000000000003,0.0,0.0,0.23669793701171876,28.57366943359374,7340,35,3,4,10687.0,10750.0,-63.0,-0.586046511627907,10687.0,-63.0,-0.586046511627907
46.303112177178264,approaching,True,0.015690640000000002,0.015690640000000002,0.0,0.0,1.6000000000000003,1.6000000000000003,0.0,0.0,0.23669793701171876,28.57366943359374,7346,35,3,4,10694.0,10750.0,-56.0,-0.5209302325581395,10694.0,-56.0,-0.5209302325581395
46.3481960571371,approaching,True,0.015690640000000002,0.015690640000000002,0.0,0.0,1.6000000000000003,1.6000000000000003,0.0,0.0,0.23666363525390627,28.607971191406236,7352,35,3,4,10693.0,10750.0,-57.0,-0.5302325581395348,10692.333333333334,-57.666666666666664,-0.5364341085271317
46.398203663062304,approaching,True,0.015690640000000002,0.015690640000000002,0.0,0.0,1.6000000000000003,1.6000000000000003,0.0,0.0,0.2366104736328125,28.66113281249999,7359,35,3,4,10686.0,10750.0,-64.0,-0.5953488372093023,10686.0,-64.0,-0.5953488372093023
46.46665591513738,approaching,True,0.015690640000000002,0.015690640000000002,0.0,0.0,1.6000000000000003,1.6000000000000003,0.0,0.0,0.2366104736328125,28.66113281249999,7367,35,3,4,10682.0,10750.0,-68.0,-0.6325581395348837,10682.0,-68.0,-0.6325581395348837
46.51504881307483,approaching,True,0.015690640000000002,0.015690640000000002,0.0,0.0,1.6000000000000003,1.6000000000000003,0.0,0.0,0.23655972290039062,28.71188354492188,7371,35,3,4,10688.0,10750.0,-62.0,-0.5767441860465117,10688.0,-62.0,-0.5767441860465117
46.55356137314811,approaching,True,0.015690640000000002,0.015690640000000002,0.0,0.0,1.6000000000000003,1.6000000000000003,0.0,0.0,0.23655972290039062,28.71188354492188,7377,35,3,4,10687.0,10750.0,-63.0,-0.586046511627907,10685.0,-65.0,-0.6046511627906977
46.59884592005983,approaching,True,0.015690640000000002,0.015690640000000002,0.0,0.0,1.6000000000000003,1.6000000000000003,0.0,0.0,0.23631680297851562,28.95480346679688,7383,35,3,4,10687.0,10750.0,-63.0,-0.586046511627907,10687.0,-63.0,-0.586046511627907
46.66474953410216,approaching,True,0.015690640000000002,0.015690640000000002,0.0,0.0,1.6000000000000003,1.6000000000000003,0.0,0.0,0.23614166259765626,29.129943847656243,7389,35,3,4,10683.0,10750.0,-67.0,-0.6232558139534884,10683.0,-67.0,-0.6232558139534884
46.698525552172214,approaching,True,0.015690640000000002,0.015690640000000002,0.0,0.0,1.6000000000000003,1.6000000000000003,0.0,0.0,0.23614166259765626,29.129943847656243,7393,35,3,4,10683.0,10750.0,-67.0,-0.6232558139534884,10683.0,-67.0,-0.6232558139534884
46.74835887015797,approaching,True,0.015690640000000002,0.015690640000000002,0.0,0.0,1.6000000000000003,1.6000000000000003,0.0,0.0,0.23610540771484376,29.166198730468746,7399,35,3,4,10683.0,10750.0,-67.0,-0.6232558139534884,10685.0,-65.0,-0.6046511627906977
46.79884277214296,approaching,True,0.015690640000000002,0.015690640000000002,0.0,0.0,1.6000000000000003,1.6000000000000003,0.0,0.0,0.23610540771484376,29.166198730468746,7405,35,3,4,10680.0,10750.0,-70.0,-0.6511627906976745,10681.0,-69.0,-0.641860465116279
46.86509230011143,approaching,True,0.015690640000000002,0.015690640000000002,0.0,0.0,1.6000000000000003,1.6000000000000003,0.0,0.0,0.23609194946289064,29.179656982421864,7412,35,3,4,10681.0,10750.0,-69.0,-0.641860465116279,10681.0,-69.0,-0.641860465116279
46.89915742399171,approaching,True,0.015690640000000002,0.015690640000000002,0.0,0.0,1.6000000000000003,1.6000000000000003,0.0,0.0,0.2360865173339844,29.18508911132811,7418,35,3,4,10684.0,10750.0,-66.0,-0.6139534883720931,10684.666666666666,-65.33333333333333,-0.6077519379844961
46.94934073719196,approaching,True,0.015690640000000002,0.015690640000000002,0.0,0.0,1.6000000000000003,1.6000000000000003,0.0,0.0,0.2360865173339844,29.18508911132811,7426,35,3,4,10678.0,10750.0,-72.0,-0.6697674418604651,10680.0,-70.0,-0.6511627906976745
46.989859853172675,approaching,True,0.015690640000000002,0.015690640000000002,0.0,0.0,1.6000000000000003,1.6000000000000003,0.0,0.0,0.2360735321044922,29.198074340820305,7435,35,3,4,10683.0,10750.0,-67.0,-0.6232558139534884,10683.0,-67.0,-0.6232558139534884
47.048148822039366,approaching,True,0.015690640000000002,0.015690640000000002,0.0,0.0,1.6000000000000003,1.6000000000000003,0.0,0.0,0.23606582641601562,29.205780029296886,7444,35,3,4,10675.0,10750.0,-75.0,-0.6976744186046512,10675.0,-75.0,-0.6976744186046512
47.09885944402777,approaching,True,0.015690640000000002,0.015690640000000002,0.0,0.0,1.6000000000000003,1.6000000000000003,0.0,0.0,0.23606582641601562,29.205780029296886,7450,35,3,4,10680.0,10750.0,-70.0,-0.6511627906976745,10680.0,-70.0,-0.6511627906976745
47.14893846702762,approaching,True,0.015690640000000002,0.015690640000000002,0.0,0.0,1.6000000000000003,1.6000000000000003,0.0,0.0,0.2360583190917969,29.21328735351561,7457,35,3,4,10681.0,10750.0,-69.0,-0.641860465116279,10685.0,-65.0,-0.6046511627906977
47.19911412708461,approaching,True,0.015690640000000002,0.015690640000000002,0.0,0.0,1.6000000000000003,1.6000000000000003,0.0,0.0,0.2360477294921875,29.223876953125007,7462,35,3,4,10684.0,10750.0,-66.0,-0.6139534883720931,10683.0,-67.0,-0.6232558139534884
47.26676566200331,approaching,True,0.015690640000000002,0.015690640000000002,0.0,0.0,1.6000000000000003,1.6000000000000003,0.0,0.0,0.2360477294921875,29.223876953125007,7467,35,3,4,10685.0,10750.0,-65.0,-0.6046511627906976,10684.666666666666,-65.33333333333333,-0.6077519379844961
47.29892416507937,approaching,True,0.015690640000000002,0.015690640000000002,0.0,0.0,1.6000000000000003,1.6000000000000003,0.0,0.0,0.236037109375,29.234497070312504,7473,35,3,4,10681.0,10750.0,-69.0,-0.641860465116279,10681.0,-69.0,-0.641860465116279
47.34865477215499,approaching,True,0.015690640000000002,0.015690640000000002,0.0,0.0,1.6000000000000003,1.6000000000000003,0.0,0.0,0.236037109375,29.234497070312504,7479,35,3,4,10681.0,10750.0,-69.0,-0.641860465116279,10681.0,-69.0,-0.641860465116279
47.39813533704728,approaching,True,0.015690640000000002,0.015690640000000002,0.0,0.0,1.6000000000000003,1.6000000000000003,0.0,0.0,0.23602279663085937,29.248809814453132,7485,35,3,4,10684.0,10750.0,-66.0,-0.6139534883720931,10690.666666666666,-59.333333333333336,-0.551937984496124
47.466125013073906,approaching,True,0.015690640000000002,0.015690640000000002,0.0,0.0,1.6000000000000003,1.6000000000000003,0.0,0.0,0.23600616455078124,29.265441894531257,7492,35,3,4,10679.0,10750.0,-71.0,-0.6604651162790698,10679.0,-71.0,-0.6604651162790698
47.51492388220504,approaching,True,0.015690640000000002,0.015690640000000002,0.0,0.0,1.6000000000000003,1.6000000000000003,0.0,0.0,0.23600616455078124,29.265441894531257,7497,35,3,4,10677.0,10750.0,-73.0,-0.6790697674418604,10677.0,-73.0,-0.6790697674418604
47.56478677899577,approaching,True,0.015690640000000002,0.015690640000000002,0.0,0.0,1.6000000000000003,1.6000000000000003,0.0,0.0,0.2359886016845703,29.283004760742195,7504,35,3,4,10680.0,10750.0,-70.0,-0.6511627906976745,10676.666666666666,-73.33333333333333,-0.6821705426356589
47.61520086810924,approaching,True,0.015690640000000002,0.015690640000000002,0.0,0.0,1.6000000000000003,1.6000000000000003,0.0,0.0,0.23587448120117188,29.39712524414062,7509,35,3,4,10677.0,10750.0,-73.0,-0.6790697674418604,10679.0,-71.0,-0.6604651162790698
47.66488973214291,approaching,True,0.015690640000000002,0.015690640000000002,0.0,0.0,1.6000000000000003,1.6000000000000003,0.0,0.0,0.23587448120117188,29.39712524414062,7515,35,3,4,10675.0,10750.0,-75.0,-0.6976744186046512,10675.666666666666,-74.33333333333333,-0.6914728682170542
47.698634854052216,approaching,True,0.015690640000000002,0.015690640000000002,0.0,0.0,1.6000000000000003,1.6000000000000003,0.0,0.0,0.23582308959960938,29.448516845703125,7521,35,3,4,10683.0,10750.0,-67.0,-0.6232558139534884,10683.0,-67.0,-0.6232558139534884
47.748242057161406,approaching,True,0.015690640000000002,0.015690640000000002,0.0,0.0,1.6000000000000003,1.6000000000000003,0.0,0.0,0.23582308959960938,29.448516845703125,7527,35,3,4,10683.0,10750.0,-67.0,-0.6232558139534884,10683.0,-67.0,-0.6232558139534884
47.7981964701321,approaching,True,0.015690640000000002,0.015690640000000002,0.0,0.0,1.6000000000000003,1.6000000000000003,0.0,0.0,0.23576162719726562,29.509979248046882,7533,35,3,4,10680.0,10750.0,-70.0,-0.6511627906976745,10678.0,-72.0,-0.6697674418604652
47.86636480409652,approaching,True,0.015690640000000002,0.015690640000000002,0.0,0.0,1.6000000000000003,1.6000000000000003,0.0,0.0,0.23563934326171876,29.632263183593743,7540,35,3,4,10672.0,10750.0,-78.0,-0.7255813953488373,10672.0,-78.0,-0.7255813953488373
47.91535631916486,approaching,True,0.015690640000000002,0.015690640000000002,0.0,0.0,1.6000000000000003,1.6000000000000003,0.0,0.0,0.23563934326171876,29.632263183593743,7546,35,3,4,10670.0,10750.0,-80.0,-0.7441860465116279,10670.0,-80.0,-0.7441860465116279
47.966591300209984,approaching,True,0.015690640000000002,0.015690640000000002,0.0,0.0,1.6000000000000003,1.6000000000000003,0.0,0.0,0.23528390502929689,29.987701416015618,7551,35,3,4,10675.0,10750.0,-75.0,-0.6976744186046512,10675.0,-75.0,-0.6976744186046512
47.99036218598485,approaching,True,0.015690640000000002,0.015690640000000002,0.0,0.0,1.6000000000000003,1.6000000000000003,0.0,0.0,0.23528390502929689,29.987701416015618,7558,35,3,4,10671.0,10750.0,-79.0,-0.7348837209302326,10669.666666666666,-80.33333333333333,-0.7472868217054263
48.04847683920525,approaching,True,0.015690640000000002,0.015690640000000002,0.0,0.0,1.6000000000000003,1.6000000000000003,0.0,0.0,0.2351932373046875,30.078369140625007,7567,35,3,4,10673.0,10750.0,-77.0,-0.7162790697674418,10673.0,-77.0,-0.7162790697674418
48.09921404905617,approaching,True,0.015690640000000002,0.015690640000000002,0.0,0.0,1.6000000000000003,1.6000000000000003,0.0,0.0,0.2351932373046875,30.078369140625007,7572,35,3,4,10673.0,10750.0,-77.0,-0.7162790697674418,10673.0,-77.0,-0.7162790697674418
48.14845961611718,approaching,True,0.015690640000000002,0.015690640000000002,0.0,0.0,1.6000000000000003,1.6000000000000003,0.0,0.0,0.23516885375976562,30.10275268554688,7577,35,3,4,10671.0,10750.0,-79.0,-0.7348837209302326,10671.0,-79.0,-0.7348837209302325
48.200422703055665,approaching,True,0.015690640000000002,0.015690640000000002,0.0,0.0,1.6000000000000003,1.6000000000000003,0.0,0.0,0.2351531982421875,30.118408203125004,7583,35,3,4,10673.0,10750.0,-77.0,-0.7162790697674418,10673.0,-77.0,-0.7162790697674418
48.26617379602976,approaching,True,0.015690640000000002,0.015690640000000002,0.0,0.0,1.6000000000000003,1.6000000000000003,0.0,0.0,0.2351531982421875,30.118408203125004,7589,35,3,4,10672.0,10750.0,-78.0,-0.7255813953488373,10674.0,-76.0,-0.7069767441860465
48.30298687214963,approaching,True,0.015690640000000002,0.015690640000000002,0.0,0.0,1.6000000000000003,1.6000000000000003,0.0,0.0,0.23514306640625002,30.128540039062486,7595,35,3,4,10677.0,10750.0,-73.0,-0.6790697674418604,10675.333333333334,-74.66666666666667,-0.6945736434108527
48.34877690020949,approaching,True,0.015690640000000002,0.015690640000000002,0.0,0.0,1.6000000000000003,1.6000000000000003,0.0,0.0,0.23514306640625002,30.128540039062486,7601,35,3,4,10677.0,10750.0,-73.0,-0.6790697674418604,10677.0,-73.0,-0.6790697674418604
48.39881001599133,approaching,True,0.015690640000000002,0.015690640000000002,0.0,0.0,1.6000000000000003,1.6000000000000003,0.0,0.0,0.2351394500732422,30.132156372070312,7608,35,3,4,10673.0,10750.0,-77.0,-0.7162790697674418,10674.333333333334,-75.66666666666667,-0.7038759689922481
48.467038286151364,approaching,True,0.015690640000000002,0.015690640000000002,0.0,0.0,1.6000000000000003,1.6000000000000003,0.0,0.0,0.23513880920410157,30.13279724121093,7613,35,3,4,10674.0,10750.0,-76.0,-0.7069767441860465,10673.333333333334,-76.66666666666667,-0.7131782945736433
48.49870359105989,approaching,True,0.015690640000000002,0.015690640000000002,0.0,0.0,1.6000000000000003,1.6000000000000003,0.0,0.0,0.23513880920410157,30.13279724121093,7618,35,3,4,10667.0,10750.0,-83.0,-0.772093023255814,10667.0,-83.0,-0.772093023255814
48.54821639810689,approaching,True,0.015690640000000002,0.015690640000000002,0.0,0.0,1.6000000000000003,1.6000000000000003,0.0,0.0,0.23513839721679688,30.133209228515618,7625,35,3,4,10673.0,10750.0,-77.0,-0.7162790697674418,10673.0,-77.0,-0.7162790697674418
48.598727439995855,approaching,True,0.015690640000000002,0.015690640000000002,0.0,0.0,1.6000000000000003,1.6000000000000003,0.0,0.0,0.23513839721679688,30.133209228515618,7634,35,3,4,10673.0,10750.0,-77.0,-0.7162790697674418,10673.0,-77.0,-0.7162790697674418
48.64899016707204,approaching,True,0.015690640000000002,0.015690640000000002,0.0,0.0,1.6000000000000003,1.6000000000000003,0.0,0.0,0.23513433837890627,30.137268066406236,7643,35,3,4,10672.0,10750.0,-78.0,-0.7255813953488373,10672.333333333334,-77.66666666666667,-0.7224806201550388
48.701932402094826,approaching,True,0.015690640000000002,0.015690640000000002,0.0,0.0,1.6000000000000003,1.6000000000000003,0.0,0.0,0.23513433837890627,30.137268066406236,7648,35,3,4,10676.0,10750.0,-74.0,-0.6883720930232559,10674.666666666666,-75.33333333333333,-0.7007751937984498
48.74892639601603,approaching,True,0.015690640000000002,0.015690640000000002,0.0,0.0,1.6000000000000003,1.6000000000000003,0.0,0.0,0.23511740112304688,30.15420532226562,7654,35,3,4,10675.0,10750.0,-75.0,-0.6976744186046512,10675.0,-75.0,-0.6976744186046512
48.80066507309675,approaching,True,0.015690640000000002,0.015690640000000002,0.0,0.0,1.6000000000000003,1.6000000000000003,0.0,0.0,0.23497886657714845,30.292739868164055,7661,35,3,4,10668.0,10750.0,-82.0,-0.7627906976744186,10668.0,-82.0,-0.7627906976744186
48.865927099017426,approaching,True,0.015690640000000002,0.015690640000000002,0.0,0.0,1.6000000000000003,1.6000000000000003,0.0,0.0,0.23497886657714845,30.292739868164055,7666,35,3,4,10668.0,10750.0,-82.0,-0.7627906976744186,10668.0,-82.0,-0.7627906976744186
48.89885617699474,approaching,True,0.015690640000000002,0.015690640000000002,0.0,0.0,1.6000000000000003,1.6000000000000003,0.0,0.0,0.23491824340820314,30.353363037109364,7672,35,3,4,10662.0,10750.0,-88.0,-0.8186046511627907,10664.666666666666,-85.33333333333333,-0.7937984496124031
48.952205076115206,approaching,True,0.015690640000000002,0.015690640000000002,0.0,0.0,1.6000000000000003,1.6000000000000003,0.0,0.0,0.23491824340820314,30.353363037109364,7678,35,3,4,10677.0,10750.0,-73.0,-0.6790697674418604,10677.0,-73.0,-0.6790697674418604
48.99828594713472,approaching,True,0.015690640000000002,0.015690640000000002,0.0,0.0,1.6000000000000003,1.6000000000000003,0.0,0.0,0.2348457946777344,30.42581176757811,7684,35,3,4,10668.0,10750.0,-82.0,-0.7627906976744186,10668.0,-82.0,-0.7627906976744186
49.06487749214284,approaching,True,0.015690640000000002,0.015690640000000002,0.0,0.0,1.6000000000000003,1.6000000000000003,0.0,0.0,0.234707275390625,30.564331054687504,7691,35,3,4,10675.0,10750.0,-75.0,-0.6976744186046512,10665.666666666666,-84.33333333333333,-0.7844961240310077
49.115281369071454,approaching,True,0.015690640000000002,0.015690640000000002,0.0,0.0,1.6000000000000003,1.6000000000000003,0.0,0.0,0.234707275390625,30.564331054687504,7696,35,3,4,10662.0,10750.0,-88.0,-0.8186046511627907,10666.333333333334,-83.66666666666667,-0.7782945736434108
49.16678150719963,approaching,True,0.015690640000000002,0.015690640000000002,0.0,0.0,1.6000000000000003,1.6000000000000003,0.0,0.0,0.2346344451904297,30.637161254882805,7701,35,3,4,10662.0,10750.0,-88.0,-0.8186046511627907,10662.0,-88.0,-0.8186046511627906
49.21487506502308,approaching,True,0.015690640000000002,0.015690640000000002,0.0,0.0,1.6000000000000003,1.6000000000000003,0.0,0.0,0.2346344451904297,30.637161254882805,7707,35,3,4,10661.0,10750.0,-89.0,-0.827906976744186,10661.0,-89.0,-0.827906976744186
49.268088730983436,approaching,True,0.015690640000000002,0.015690640000000002,0.0,0.0,1.6000000000000003,1.6000000000000003,0.0,0.0,0.23459172058105468,30.679885864257823,7714,35,3,4,10662.0,10750.0,-88.0,-0.8186046511627907,10665.333333333334,-84.66666666666667,-0.7875968992248062
49.30043516098522,approaching,True,0.015690640000000002,0.015690640000000002,0.0,0.0,1.6000000000000003,1.6000000000000003,0.0,0.0,0.23450056457519533,30.771041870117173,7719,35,3,4,10661.0,10750.0,-89.0,-0.827906976744186,10661.666666666666,-88.33333333333333,-0.8217054263565892
49.34857857902534,approaching,True,0.015690640000000002,0.015690640000000002,0.0,0.0,1.6000000000000003,1.6000000000000003,0.0,0.0,0.23450056457519533,30.771041870117173,7726,35,3,4,10660.0,10750.0,-90.0,-0.8372093023255814,10660.0,-90.0,-0.8372093023255814
49.39834773004986,approaching,True,0.015690640000000002,0.015690640000000002,0.0,0.0,1.6000000000000003,1.6000000000000003,0.0,0.0,0.23434715270996095,30.92445373535155,7731,35,3,4,10662.0,10750.0,-88.0,-0.8186046511627907,10662.0,-88.0,-0.8186046511627906
49.46511455019936,approaching,True,0.015690640000000002,0.015690640000000002,0.0,0.0,1.6000000000000003,1.6000000000000003,0.0,0.0,0.23432070922851564,30.950897216796864,7738,35,3,4,10657.0,10750.0,-93.0,-0.8651162790697674,10659.666666666666,-90.33333333333333,-0.8403100775193798
49.515018886188045,approaching,True,0.015690640000000002,0.015690640000000002,0.0,0.0,1.6000000000000003,1.6000000000000003,0.0,0.0,0.23432070922851564,30.950897216796864,7743,35,3,4,10657.0,10750.0,-93.0,-0.8651162790697674,10657.0,-93.0,-0.8651162790697674
49.54935732204467,approaching,True,0.015690640000000002,0.015690640000000002,0.0,0.0,1.6000000000000003,1.6000000000000003,0.0,0.0,0.23429644775390626,30.97515869140624,7750,35,3,4,10654.0,10750.0,-96.0,-0.8930232558139535,10654.0,-96.0,-0.8930232558139535
49.598719192203134,approaching,True,0.015690640000000002,0.015690640000000002,0.0,0.0,1.6000000000000003,1.6000000000000003,0.0,0.0,0.23429644775390626,30.97515869140624,7759,35,3,4,10656.0,10750.0,-94.0,-0.8744186046511628,10656.0,-94.0,-0.8744186046511628
49.64798196218908,approaching,True,0.015690640000000002,0.015690640000000002,0.0,0.0,1.6000000000000003,1.6000000000000003,0.0,0.0,0.23427926635742188,30.992340087890618,7767,35,3,4,10655.0,10750.0,-95.0,-0.8837209302325582,10659.0,-91.0,-0.8465116279069766
49.6993090021424,approaching,True,0.015690640000000002,0.015690640000000002,0.0,0.0,1.6000000000000003,1.6000000000000003,0.0,0.0,0.23427926635742188,30.992340087890618,7773,35,3,4,10655.0,10750.0,-95.0,-0.8837209302325582,10655.0,-95.0,-0.8837209302325583
49.7486745021306,approaching,True,0.015690640000000002,0.015690640000000002,0.0,0.0,1.6000000000000003,1.6000000000000003,0.0,0.0,0.23418975830078126,31.081848144531243,7779,35,3,4,10650.0,10750.0,-100.0,-0.9302325581395349,10652.666666666666,-97.33333333333333,-0.9054263565891473
49.79922832013108,approaching,True,0.015690640000000002,0.015690640000000002,0.0,0.0,1.6000000000000003,1.6000000000000003,0.0,0.0,0.23413385009765625,31.137756347656254,7785,35,3,4,10657.0,10750.0,-93.0,-0.8651162790697674,10657.0,-93.0,-0.8651162790697674
49.86528952419758,approaching,True,0.015690640000000002,0.015690640000000002,0.0,0.0,1.6000000000000003,1.6000000000000003,0.0,0.0,0.23413385009765625,31.137756347656254,7792,35,3,4,10653.0,10750.0,-97.0,-0.9023255813953488,10653.0,-97.0,-0.9023255813953487
49.89885360514745,approaching,True,0.015690640000000002,0.015690640000000002,0.0,0.0,1.6000000000000003,1.6000000000000003,0.0,0.0,0.23411270141601562,31.158905029296886,7797,35,3,4,10651.0,10750.0,-99.0,-0.9209302325581395,10653.0,-97.0,-0.9023255813953489
49.94996787211858,approaching,True,0.015690640000000002,0.015690640000000002,0.0,0.0,1.6000000000000003,1.6000000000000003,0.0,0.0,0.23411270141601562,31.158905029296886,7803,35,3,4,10651.0,10750.0,-99.0,-0.9209302325581395,10651.0,-99.0,-0.9209302325581395
49.998379291035235,approaching,True,0.015690640000000002,0.015690640000000002,0.0,0.0,1.6000000000000003,1.6000000000000003,0.0,0.0,0.23410003662109374,31.171569824218757,7809,35,3,4,10658.0,10750.0,-92.0,-0.8558139534883721,10658.0,-92.0,-0.8558139534883721
50.06501751416363,approaching,True,0.015690640000000002,0.015690640000000002,0.0,0.0,1.6000000000000003,1.6000000000000003,0.0,0.0,0.23409629821777345,31.175308227539055,7815,35,3,4,10652.0,10750.0,-98.0,-0.9116279069767442,10652.0,-98.0,-0.9116279069767442
50.098175988998264,approaching,True,0.015690640000000002,0.015690640000000002,0.0,0.0,1.6000000000000003,1.6000000000000003,0.0,0.0,0.23409629821777345,31.175308227539055,7819,35,3,4,10652.0,10750.0,-98.0,-0.9116279069767442,10652.0,-98.0,-0.9116279069767442
50.14814523118548,approaching,True,0.015690640000000002,0.015690640000000002,0.0,0.0,1.6000000000000003,1.6000000000000003,0.0,0.0,0.23409188842773437,31.17971801757813,7826,35,3,4,10657.0,10750.0,-93.0,-0.8651162790697674,10655.666666666666,-94.33333333333333,-0.8775193798449612
50.19910700712353,approaching,True,0.015690640000000002,0.015690640000000002,0.0,0.0,1.6000000000000003,1.6000000000000003,0.0,0.0,0.23409188842773437,31.17971801757813,7835,35,3,4,10652.0,10750.0,-98.0,-0.9116279069767442,10652.0,-98.0,-0.9116279069767442
50.248258331092075,approaching,True,0.015690640000000002,0.015690640000000002,0.0,0.0,1.6000000000000003,1.6000000000000003,0.0,0.0,0.23408010864257814,31.191497802734364,7843,35,3,4,10655.0,10750.0,-95.0,-0.8837209302325582,10655.0,-95.0,-0.8837209302325583
50.298533709021285,approaching,True,0.015690640000000002,0.015690640000000002,0.0,0.0,1.6000000000000003,1.6000000000000003,0.0,0.0,0.23403042602539062,31.241180419921882,7848,35,3,4,10654.0,10750.0,-96.0,-0.8930232558139535,10654.0,-96.0,-0.8930232558139535
50.34945230698213,approaching,True,0.015690640000000002,0.015690640000000002,0.0,0.0,1.6000000000000003,1.6000000000000003,0.0,0.0,0.23403042602539062,31.241180419921882,7853,35,3,4,10640.0,10750.0,-110.0,-1.0232558139534884,10643.0,-107.0,-0.9953488372093023
50.39896330004558,approaching,True,0.015690640000000002,0.015690640000000002,0.0,0.0,1.6000000000000003,1.6000000000000003,0.0,0.0,0.23382644653320314,31.44515991210936,7860,35,3,4,10633.0,10750.0,-117.0,-1.0883720930232559,10635.666666666666,-114.33333333333333,-1.0635658914728683
50.44856357621029,approaching,True,0.015690640000000002,0.015690640000000002,0.0,0.0,1.6000000000000003,1.6000000000000003,0.0,0.0,0.23382644653320314,31.44515991210936,7866,35,3,4,10623.0,10750.0,-127.0,-1.1813953488372093,10626.666666666666,-123.33333333333333,-1.1472868217054264
50.49023579410277,approaching,True,0.015690640000000002,0.015690640000000002,0.0,0.0,1.6000000000000003,1.6000000000000003,0.0,0.0,0.23351296997070314,31.758636474609357,7874,35,3,4,10632.0,10750.0,-118.0,-1.0976744186046512,10632.0,-118.0,-1.0976744186046512
50.53993446705863,approaching,True,0.015690640000000002,0.015690640000000002,0.0,0.0,1.6000000000000003,1.6000000000000003,0.0,0.0,0.23344375610351564,31.82785034179686,7884,35,3,4,10633.0,10750.0,-117.0,-1.0883720930232559,10633.0,-117.0,-1.0883720930232559
50.59067629114725,approaching,True,0.015690640000000002,0.015690640000000002,0.0,0.0,1.6000000000000003,1.6000000000000003,0.0,0.0,0.233410400390625,31.861206054687507,7894,35,3,4,10631.0,10750.0,-119.0,-1.1069767441860465,10630.333333333334,-119.66666666666667,-1.1131782945736435
50.64808324002661,approaching,True,0.014709975,0.015690640000000002,-0.000980665000000002,0.000980665000000002,1.5,1.6000000000000003,-0.10000000000000021,0.10000000000000021,0.23339985656738282,31.871749877929677,7904,35,3,4,10639.0,10750.0,-111.0,-1.0325581395348837,10636.333333333334,-113.66666666666667,-1.0573643410852716
50.69048856315203,approaching,True,0.014709975,0.015690640000000002,-0.000980665000000002,0.000980665000000002,1.5,1.6000000000000003,-0.10000000000000021,0.10000000000000021,0.23339985656738282,31.871749877929677,7911,35,3,4,10631.0,10750.0,-119.0,-1.1069767441860465,10630.333333333334,-119.66666666666667,-1.1131782945736435
50.740306347142905,approaching,True,0.014709975,0.015690640000000002,-0.000980665000000002,0.000980665000000002,1.5,1.6000000000000003,-0.10000000000000021,0.10000000000000021,0.23339239501953127,31.879211425781236,7921,35,3,4,10633.0,10750.0,-117.0,-1.0883720930232559,10633.0,-117.0,-1.0883720930232559
50.78971409611404,approaching,True,0.014709975,0.015690640000000002,-0.000980665000000002,0.000980665000000002,1.5,1.6000000000000003,-0.10000000000000021,0.10000000000000021,0.2333914794921875,31.880126953125004,7931,35,3,4,10628.0,10750.0,-122.0,-1.1348837209302325,10628.0,-122.0,-1.1348837209302325
50.848544750129804,approaching,True,0.014709975,0.015690640000000002,-0.000980665000000002,0.000980665000000002,1.5,1.6000000000000003,-0.10000000000000021,0.10000000000000021,0.23339080810546875,31.880798339843754,7941,35,3,4,10628.0,10750.0,-122.0,-1.1348837209302325,10630.0,-120.0,-1.1162790697674418
50.898804662982,approaching,True,0.014709975,0.015690640000000002,-0.000980665000000002,0.000980665000000002,1.5,1.6000000000000003,-0.10000000000000021,0.10000000000000021,0.23339080810546875,31.880798339843754,7948,35,3,4,10633.0,10750.0,-117.0,-1.0883720930232559,10627.666666666666,-122.33333333333333,-1.137984496124031
50.949660753132775,approaching,True,0.014709975,0.015690640000000002,-0.000980665000000002,0.000980665000000002,1.5,1.6000000000000003,-0.10000000000000021,0.10000000000000021,0.23338638305664064,31.885223388671864,7955,35,3,4,10632.0,10750.0,-118.0,-1.0976744186046512,10633.333333333334,-116.66666666666667,-1.0852713178294575
50.998947718180716,approaching,True,0.014709975,0.015690640000000002,-0.000980665000000002,0.000980665000000002,1.5,1.6000000000000003,-0.10000000000000021,0.10000000000000021,0.23338638305664064,31.885223388671864,7962,35,3,4,10628.0,10750.0,-122.0,-1.1348837209302325,10628.0,-122.0,-1.1348837209302325
51.06769055617042,approaching,True,0.014709975,0.015690640000000002,-0.000980665000000002,0.000980665000000002,1.5,1.6000000000000003,-0.10000000000000021,0.10000000000000021,0.23338201904296876,31.88958740234374,7969,35,3,4,10628.0,10750.0,-122.0,-1.1348837209302325,10628.0,-122.0,-1.1348837209302325
51.09017765219323,approaching,True,0.014709975,0.015690640000000002,-0.000980665000000002,0.000980665000000002,1.5,1.6000000000000003,-0.10000000000000021,0.10000000000000021,0.23338201904296876,31.88958740234374,7974,35,3,4,10632.0,10750.0,-118.0,-1.0976744186046512,10632.0,-118.0,-1.0976744186046512
51.13974723010324,approaching,True,0.014709975,0.015690640000000002,-0.000980665000000002,0.000980665000000002,1.5,1.6000000000000003,-0.10000000000000021,0.10000000000000021,0.23337246704101564,31.899139404296868,7983,35,3,4,10623.0,10750.0,-127.0,-1.1813953488372093,10630.333333333334,-119.66666666666667,-1.1131782945736435
51.18993446510285,approaching,True,0.014709975,0.015690640000000002,-0.000980665000000002,0.000980665000000002,1.5,1.6000000000000003,-0.10000000000000021,0.10000000000000021,0.2333690185546875,31.902587890625,7992,35,3,4,10629.0,10750.0,-121.0,-1.1255813953488372,10630.0,-120.0,-1.1162790697674418
51.248663186095655,approaching,True,0.014709975,0.015690640000000002,-0.000980665000000002,0.000980665000000002,1.5,1.6000000000000003,-0.10000000000000021,0.10000000000000021,0.2333621063232422,31.909500122070305,8001,35,3,4,10633.0,10750.0,-117.0,-1.0883720930232559,10634.666666666666,-115.33333333333333,-1.0728682170542636
51.29873066418804,approaching,True,0.014709975,0.015690640000000002,-0.000980665000000002,0.000980665000000002,1.5,1.6000000000000003,-0.10000000000000021,0.10000000000000021,0.23334963989257812,31.921966552734382,8007,35,3,4,10627.0,10750.0,-123.0,-1.1441860465116278,10625.0,-125.0,-1.1627906976744187
51.34904726105742,approaching,True,0.014709975,0.015690640000000002,-0.000980665000000002,0.000980665000000002,1.5,1.6000000000000003,-0.10000000000000021,0.10000000000000021,0.23322503662109376,32.04656982421874,8012,35,3,4,10615.0,10750.0,-135.0,-1.255813953488372,10618.0,-132.0,-1.2279069767441861
51.39999994309619,approaching,True,0.014709975,0.015690640000000002,-0.000980665000000002,0.000980665000000002,1.5,1.6000000000000003,-0.10000000000000021,0.10000000000000021,0.23322503662109376,32.04656982421874,8019,35,3,4,10612.0,10750.0,-138.0,-1.283720930232558,10610.0,-140.0,-1.3023255813953487
51.46549208415672,approaching,True,0.015690640000000002,0.015690640000000002,0.0,0.0,1.6000000000000003,1.6000000000000003,0.0,0.0,0.23307339477539063,32.198211669921875,8024,35,3,4,10609.0,10750.0,-141.0,-1.3116279069767443,10610.0,-140.0,-1.3023255813953487
51.50259570311755,approaching,True,0.015690640000000002,0.015690640000000002,0.0,0.0,1.6000000000000003,1.6000000000000003,0.0,0.0,0.23307339477539063,32.198211669921875,8029,35,3,4,10618.0,10750.0,-132.0,-1.2279069767441861,10614.0,-136.0,-1.2651162790697674
51.55085363518447,approaching,True,0.015690640000000002,0.015690640000000002,0.0,0.0,1.6000000000000003,1.6000000000000003,0.0,0.0,0.23289801025390625,32.37359619140626,8035,35,3,4,10608.0,10750.0,-142.0,-1.3209302325581396,10609.0,-141.0,-1.3116279069767443
51.59015181614086,approaching,True,0.015690640000000002,0.015690640000000002,0.0,0.0,1.6000000000000003,1.6000000000000003,0.0,0.0,0.23289801025390625,32.37359619140626,8042,35,3,4,10610.0,10750.0,-140.0,-1.302325581395349,10610.0,-140.0,-1.302325581395349
51.64788725413382,approaching,True,0.015690640000000002,0.015690640000000002,0.0,0.0,1.6000000000000003,1.6000000000000003,0.0,0.0,0.2328536376953125,32.41796875,8051,35,3,4,10609.0,10750.0,-141.0,-1.3116279069767443,10609.0,-141.0,-1.3116279069767443
51.699469056213275,approaching,True,0.015690640000000002,0.015690640000000002,0.0,0.0,1.6000000000000003,1.6000000000000003,0.0,0.0,0.23283380126953127,32.437805175781236,8058,35,3,4,10603.0,10750.0,-147.0,-1.3674418604651162,10604.333333333334,-145.66666666666666,-1.3550387596899223
51.74898201902397,approaching,True,0.015690640000000002,0.015690640000000002,0.0,0.0,1.6000000000000003,1.6000000000000003,0.0,0.0,0.23280929565429687,32.46231079101564,8063,35,3,4,10613.0,10750.0,-137.0,-1.2744186046511627,10613.0,-137.0,-1.2744186046511627
51.79908535606228,approaching,True,0.015690640000000002,0.015690640000000002,0.0,0.0,1.6000000000000003,1.6000000000000003,0.0,0.0,0.23280929565429687,32.46231079101564,8069,35,3,4,10599.0,10750.0,-151.0,-1.4046511627906977,10599.0,-151.0,-1.4046511627906977
51.86481569800526,approaching,True,0.015690640000000002,0.015690640000000002,0.0,0.0,1.6000000000000003,1.6000000000000003,0.0,0.0,0.23275683593750002,32.514770507812486,8075,35,3,4,10597.0,10750.0,-153.0,-1.4232558139534883,10599.0,-151.0,-1.4046511627906977
51.89906081999652,approaching,True,0.015690640000000002,0.015690640000000002,0.0,0.0,1.6000000000000003,1.6000000000000003,0.0,0.0,0.23275683593750002,32.514770507812486,8081,35,3,4,10597.0,10750.0,-153.0,-1.4232558139534883,10596.0,-154.0,-1.4325581395348836
51.95007743802853,approaching,True,0.015690640000000002,0.015690640000000002,0.0,0.0,1.6000000000000003,1.6000000000000003,0.0,0.0,0.23264677429199218,32.62483215332032,8087,35,3,4,10591.0,10750.0,-159.0,-1.4790697674418605,10591.0,-159.0,-1.4790697674418605
51.99866928998381,approaching,True,0.015690640000000002,0.015690640000000002,0.0,0.0,1.6000000000000003,1.6000000000000003,0.0,0.0,0.23257139587402345,32.70021057128905,8093,35,3,4,10598.0,10750.0,-152.0,-1.413953488372093,10596.0,-154.0,-1.4325581395348836
52.0673673870042,approaching,True,0.015690640000000002,0.015690640000000002,0.0,0.0,1.6000000000000003,1.6000000000000003,0.0,0.0,0.23257139587402345,32.70021057128905,8098,35,3,4,10595.0,10750.0,-155.0,-1.441860465116279,10595.0,-155.0,-1.441860465116279
52.09818543517031,approaching,True,0.015690640000000002,0.015690640000000002,0.0,0.0,1.6000000000000003,1.6000000000000003,0.0,0.0,0.23255242919921876,32.71917724609374,8102,35,3,4,10595.0,10750.0,-155.0,-1.441860465116279,10595.333333333334,-154.66666666666666,-1.4387596899224804
52.14894533203915,approaching,True,0.015690640000000002,0.015690640000000002,0.0,0.0,1.6000000000000003,1.6000000000000003,0.0,0.0,0.23255242919921876,32.71917724609374,8110,35,3,4,10594.0,10750.0,-156.0,-1.4511627906976745,10594.0,-156.0,-1.4511627906976745
52.190219038166106,approaching,True,0.015690640000000002,0.015690640000000002,0.0,0.0,1.6000000000000003,1.6000000000000003,0.0,0.0,0.2325437469482422,32.7278594970703,8118,35,3,4,10592.0,10750.0,-158.0,-1.4697674418604652,10592.0,-158.0,-1.469767441860465
52.2483755631838,approaching,True,0.015690640000000002,0.015690640000000002,0.0,0.0,1.6000000000000003,1.6000000000000003,0.0,0.0,0.23252790832519532,32.74369812011718,8126,35,3,4,10590.0,10750.0,-160.0,-1.4883720930232558,10591.333333333334,-158.66666666666666,-1.475968992248062
52.29871754813939,approaching,True,0.015690640000000002,0.015690640000000002,0.0,0.0,1.6000000000000003,1.6000000000000003,0.0,0.0,0.23252790832519532,32.74369812011718,8132,35,3,4,10597.0,10750.0,-153.0,-1.4232558139534883,10597.0,-153.0,-1.423255813953488
52.34947046311572,approaching,True,0.015690640000000002,0.015690640000000002,0.0,0.0,1.6000000000000003,1.6000000000000003,0.0,0.0,0.23251934814453126,32.75225830078124,8139,35,3,4,10597.0,10750.0,-153.0,-1.4232558139534883,10591.0,-159.0,-1.4790697674418603
52.398799104150385,approaching,True,0.015690640000000002,0.015690640000000002,0.0,0.0,1.6000000000000003,1.6000000000000003,0.0,0.0,0.23251934814453126,32.75225830078124,8144,35,3,4,10586.0,10750.0,-164.0,-1.5255813953488373,10586.0,-164.0,-1.5255813953488373
52.46499259304255,approaching,True,0.015690640000000002,0.015690640000000002,0.0,0.0,1.6000000000000003,1.6000000000000003,0.0,0.0,0.23249505615234375,32.77655029296875,8151,35,3,4,10589.0,10750.0,-161.0,-1.4976744186046511,10589.0,-161.0,-1.4976744186046511
52.49881936609745,approaching,True,0.015690640000000002,0.015690640000000002,0.0,0.0,1.6000000000000003,1.6000000000000003,0.0,0.0,0.23236123657226562,32.91036987304688,8156,35,3,4,10582.0,10750.0,-168.0,-1.5627906976744186,10583.0,-167.0,-1.553488372093023
52.54841960920021,approaching,True,0.015690640000000002,0.015690640000000002,0.0,0.0,1.6000000000000003,1.6000000000000003,0.0,0.0,0.23236123657226562,32.91036987304688,8162,35,3,4,10581.0,10750.0,-169.0,-1.572093023255814,10583.0,-167.0,-1.553488372093023
52.59831686108373,approaching,True,0.015690640000000002,0.015690640000000002,0.0,0.0,1.6000000000000003,1.6000000000000003,0.0,0.0,0.2323212890625,32.950317382812514,8168,35,3,4,10579.0,10750.0,-171.0,-1.5906976744186045,10579.0,-171.0,-1.5906976744186043
52.66495046205819,approaching,True,0.015690640000000002,0.015690640000000002,0.0,0.0,1.6000000000000003,1.6000000000000003,0.0,0.0,0.2322972412109375,32.974365234375,8174,35,3,4,10580.0,10750.0,-170.0,-1.5813953488372092,10580.0,-170.0,-1.5813953488372092
52.698130562203005,approaching,True,0.015690640000000002,0.015690640000000002,0.0,0.0,1.6000000000000003,1.6000000000000003,0.0,0.0,0.2322972412109375,32.974365234375,8179,35,3,4,10579.0,10750.0,-171.0,-1.5906976744186045,10579.0,-171.0,-1.5906976744186043
52.748947479063645,approaching,True,0.015690640000000002,0.015690640000000002,0.0,0.0,1.6000000000000003,1.6000000000000003,0.0,0.0,0.2322561798095703,33.015426635742195,8187,35,3,4,10576.0,10750.0,-174.0,-1.6186046511627907,10576.0,-174.0,-1.6186046511627907
52.79800852504559,approaching,True,0.015690640000000002,0.015690640000000002,0.0,0.0,1.6000000000000003,1.6000000000000003,0.0,0.0,0.2322561798095703,33.015426635742195,8196,35,3,4,10566.0,10750.0,-184.0,-1.7116279069767442,10566.0,-184.0,-1.7116279069767442
52.84794662613422,approaching,True,0.015690640000000002,0.015690640000000002,0.0,0.0,1.6000000000000003,1.6000000000000003,0.0,0.0,0.23219174194335937,33.07986450195313,8205,35,3,4,10565.0,10750.0,-185.0,-1.7209302325581395,10559.0,-191.0,-1.7767441860465116
52.899564791005105,approaching,True,0.015690640000000002,0.015690640000000002,0.0,0.0,1.6000000000000003,1.6000000000000003,0.0,0.0,0.23200222778320312,33.26937866210938,8212,35,3,4,10550.0,10750.0,-200.0,-1.8604651162790697,10551.333333333334,-198.66666666666666,-1.848062015503876
52.94964161608368,approaching,True,0.015690640000000002,0.015690640000000002,0.0,0.0,1.6000000000000003,1.6000000000000003,0.0,0.0,0.23200222778320312,33.26937866210938,8217,35,3,4,10549.0,10750.0,-201.0,-1.869767441860465,10551.0,-199.0,-1.8511627906976742
53.000347518129274,approaching,True,0.015690640000000002,0.015690640000000002,0.0,0.0,1.6000000000000003,1.6000000000000003,0.0,0.0,0.2318724822998047,33.399124145507805,8223,35,3,4,10541.0,10750.0,-209.0,-1.9441860465116279,10543.333333333334,-206.66666666666666,-1.9224806201550386
53.06452959217131,approaching,True,0.015690640000000002,0.015690640000000002,0.0,0.0,1.6000000000000003,1.6000000000000003,0.0,0.0,0.2318724822998047,33.399124145507805,8230,35,3,4,10545.0,10750.0,-205.0,-1.9069767441860466,10545.0,-205.0,-1.9069767441860466
53.10094137513079,approaching,True,0.015690640000000002,0.015690640000000002,0.0,0.0,1.6000000000000003,1.6000000000000003,0.0,0.0,0.23171713256835938,33.554473876953125,8233,35,3,4,10535.0,10750.0,-215.0,-2.0,10535.0,-215.0,-2.0
53.14914948120713,approaching,True,0.015690640000000002,0.015690640000000002,0.0,0.0,1.6000000000000003,1.6000000000000003,0.0,0.0,0.23171713256835938,33.554473876953125,8240,35,3,4,10540.0,10750.0,-210.0,-1.9534883720930232,10540.0,-210.0,-1.9534883720930232
53.19813570007682,approaching,True,0.015690640000000002,0.015690640000000002,0.0,0.0,1.6000000000000003,1.6000000000000003,0.0,0.0,0.23170397949218752,33.567626953124986,8247,35,3,4,10530.0,10750.0,-220.0,-2.046511627906977,10533.333333333334,-216.66666666666666,-2.0155038759689923
53.248155693057925,approaching,True,0.015690640000000002,0.015690640000000002,0.0,0.0,1.6000000000000003,1.6000000000000003,0.0,0.0,0.23169857788085937,33.573028564453125,8256,35,3,4,10530.0,10750.0,-220.0,-2.046511627906977,10530.0,-220.0,-2.046511627906977
53.299584481166676,approaching,True,0.015690640000000002,0.015690640000000002,0.0,0.0,1.6000000000000003,1.6000000000000003,0.0,0.0,0.23169857788085937,33.573028564453125,8262,35,3,4,10543.0,10750.0,-207.0,-1.9255813953488372,10539.333333333334,-210.66666666666666,-1.9596899224806201
53.34886316116899,approaching,True,0.015690640000000002,0.015690640000000002,0.0,0.0,1.6000000000000003,1.6000000000000003,0.0,0.0,0.23170077514648438,33.570831298828125,8268,35,3,4,10533.0,10750.0,-217.0,-2.0186046511627906,10534.0,-216.0,-2.009302325581395
53.399270934052765,approaching,True,0.015690640000000002,0.015690640000000002,0.0,0.0,1.6000000000000003,1.6000000000000003,0.0,0.0,0.2316920166015625,33.57958984375001,8275,35,3,4,10537.0,10750.0,-213.0,-1.9813953488372094,10538.333333333334,-211.66666666666666,-1.9689922480620154
53.465363573050126,approaching,True,0.015690640000000002,0.015690640000000002,0.0,0.0,1.6000000000000003,1.6000000000000003,0.0,0.0,0.2316920166015625,33.57958984375001,8280,35,3,4,10539.0,10750.0,-211.0,-1.9627906976744185,10539.0,-211.0,-1.9627906976744185
53.499277519993484,approaching,True,0.015690640000000002,0.015690640000000002,0.0,0.0,1.6000000000000003,1.6000000000000003,0.0,0.0,0.23168313598632814,33.58847045898436,8286,35,3,4,10538.0,10750.0,-212.0,-1.972093023255814,10534.0,-216.0,-2.0093023255813955
53.54834419419058,approaching,True,0.015690640000000002,0.015690640000000002,0.0,0.0,1.6000000000000003,1.6000000000000003,0.0,0.0,0.23168313598632814,33.58847045898436,8291,35,3,4,10540.0,10750.0,-210.0,-1.9534883720930232,10538.666666666666,-211.33333333333334,-1.9658914728682173
53.59857661416754,approaching,True,0.015690640000000002,0.015690640000000002,0.0,0.0,1.6000000000000003,1.6000000000000003,0.0,0.0,0.23167547607421876,33.59613037109374,8297,35,3,4,10534.0,10750.0,-216.0,-2.0093023255813955,10532.666666666666,-217.33333333333334,-2.0217054263565895
53.66686088917777,approaching,True,0.015690640000000002,0.015690640000000002,0.0,0.0,1.6000000000000003,1.6000000000000003,0.0,0.0,0.23165966796875,33.61193847656249,8303,35,3,4,10524.0,10750.0,-226.0,-2.1023255813953488,10527.666666666666,-222.33333333333334,-2.0682170542635654
53.698165385983884,approaching,True,0.015690640000000002,0.015690640000000002,0.0,0.0,1.6000000000000003,1.6000000000000003,0.0,0.0,0.23165966796875,33.61193847656249,8308,35,3,4,10525.0,10750.0,-225.0,-2.0930232558139537,10527.333333333334,-222.66666666666666,-2.071317829457364
53.748639495112,approaching,True,0.015690640000000002,0.015690640000000002,0.0,0.0,1.6000000000000003,1.6000000000000003,0.0,0.0,0.23161962890625,33.651977539062486,8315,35,3,4,10514.0,10750.0,-236.0,-2.1953488372093024,10517.333333333334,-232.66666666666666,-2.164341085271318
53.79059324716218,approaching,True,0.015690640000000002,0.015690640000000002,0.0,0.0,1.6000000000000003,1.6000000000000003,0.0,0.0,0.23161962890625,33.651977539062486,8324,35,3,4,10512.0,10750.0,-238.0,-2.213953488372093,10512.0,-238.0,-2.213953488372093
53.8479294301942,approaching,True,0.015690640000000002,0.015690640000000002,0.0,0.0,1.6000000000000003,1.6000000000000003,0.0,0.0,0.23151568603515627,33.755920410156236,8333,35,3,4,10520.0,10750.0,-230.0,-2.13953488372093,10520.0,-230.0,-2.13953488372093
53.899424995994195,approaching,True,0.015690640000000002,0.015690640000000002,0.0,0.0,1.6000000000000003,1.6000000000000003,0.0,0.0,0.23149383544921875,33.77777099609375,8339,35,3,4,10512.0,10750.0,-238.0,-2.213953488372093,10512.0,-238.0,-2.213953488372093
53.94994398904964,approaching,True,0.015690640000000002,0.015690640000000002,0.0,0.0,1.6000000000000003,1.6000000000000003,0.0,0.0,0.23149383544921875,33.77777099609375,8344,35,3,4,10511.0,10750.0,-239.0,-2.2232558139534886,10512.666666666666,-237.33333333333334,-2.2077519379844963
53.999102991074324,approaching,True,0.015690640000000002,0.015690640000000002,0.0,0.0,1.6000000000000003,1.6000000000000003,0.0,0.0,0.23147500610351562,33.796600341796875,8350,35,3,4,10511.0,10750.0,-239.0,-2.2232558139534886,10511.0,-239.0,-2.2232558139534886
54.04805643018335,approaching,True,0.015690640000000002,0.015690640000000002,0.0,0.0,1.6000000000000003,1.6000000000000003,0.0,0.0,0.2314586639404297,33.81294250488281,8359,35,3,4,10502.0,10750.0,-248.0,-2.3069767441860467,10503.666666666666,-246.33333333333334,-2.2914728682170544
54.09911646414548,approaching,True,0.015690640000000002,0.015690640000000002,0.0,0.0,1.6000000000000003,1.6000000000000003,0.0,0.0,0.231417236328125,33.85437011718751,8365,35,3,4,10499.0,10750.0,-251.0,-2.3348837209302324,10501.666666666666,-248.33333333333334,-2.310077519379845
54.148903432069346,approaching,True,0.015690640000000002,0.015690640000000002,0.0,0.0,1.6000000000000003,1.6000000000000003,0.0,0.0,0.231417236328125,33.85437011718751,8371,35,3,4,10492.0,10750.0,-258.0,-2.4,10494.0,-256.0,-2.3813953488372093
54.199046925175935,approaching,True,0.015690640000000002,0.015690640000000002,0.0,0.0,1.6000000000000003,1.6000000000000003,0.0,0.0,0.2313160400390625,33.95556640625,8377,35,3,4,10486.0,10750.0,-264.0,-2.4558139534883723,10487.0,-263.0,-2.4465116279069767
54.26481151813641,approaching,True,0.015690640000000002,0.015690640000000002,0.0,0.0,1.6000000000000003,1.6000000000000003,0.0,0.0,0.2313160400390625,33.95556640625,8383,35,3,4,10484.0,10750.0,-266.0,-2.474418604651163,10483.666666666666,-266.3333333333333,-2.4775193798449613
54.29802362713963,approaching,True,0.015690640000000002,0.015690640000000002,0.0,0.0,1.6000000000000003,1.6000000000000003,0.0,0.0,0.23125537109375,34.01623535156251,8388,35,3,4,10482.0,10750.0,-268.0,-2.4930232558139536,10482.333333333334,-267.6666666666667,-2.489922480620155
54.34808798599988,approaching,True,0.015690640000000002,0.015690640000000002,0.0,0.0,1.6000000000000003,1.6000000000000003,0.0,0.0,0.23124139404296876,34.03021240234374,8394,35,3,4,10482.0,10750.0,-268.0,-2.4930232558139536,10482.0,-268.0,-2.4930232558139536
54.39822052209638,approaching,True,0.015690640000000002,0.015690640000000002,0.0,0.0,1.6000000000000003,1.6000000000000003,0.0,0.0,0.23124139404296876,34.03021240234374,8400,35,3,4,10476.0,10750.0,-274.0,-2.5488372093023255,10480.0,-270.0,-2.511627906976744
54.464819783112034,approaching,True,0.015690640000000002,0.015690640000000002,0.0,0.0,1.6000000000000003,1.6000000000000003,0.0,0.0,0.2312330017089844,34.03860473632811,8407,35,3,4,10476.0,10750.0,-274.0,-2.5488372093023255,10476.0,-274.0,-2.5488372093023255
54.514964525122195,approaching,True,0.015690640000000002,0.015690640000000002,0.0,0.0,1.6000000000000003,1.6000000000000003,0.0,0.0,0.2312330017089844,34.03860473632811,8412,35,3,4,10480.0,10750.0,-270.0,-2.511627906976744,10480.333333333334,-269.6666666666667,-2.508527131782946
54.56475293007679,approaching,True,0.015690640000000002,0.015690640000000002,0.0,0.0,1.6000000000000003,1.6000000000000003,0.0,0.0,0.23122004699707033,34.05155944824217,8418,35,3,4,10482.0,10750.0,-268.0,-2.4930232558139536,10479.333333333334,-270.6666666666667,-2.517829457364341
54.6163962520659,approaching,True,0.015690640000000002,0.015690640000000002,0.0,0.0,1.6000000000000003,1.6000000000000003,0.0,0.0,0.2312076416015625,34.063964843749986,8424,35,3,4,10474.0,10750.0,-276.0,-2.567441860465116,10474.0,-276.0,-2.567441860465116
54.66501956409775,approaching,True,0.015690640000000002,0.015690640000000002,0.0,0.0,1.6000000000000003,1.6000000000000003,0.0,0.0,0.2312076416015625,34.063964843749986,8430,35,3,4,10469.0,10750.0,-281.0,-2.613953488372093,10471.666666666666,-278.3333333333333,-2.589147286821705
54.70063823298551,approaching,True,0.015690640000000002,0.015690640000000002,0.0,0.0,1.6000000000000003,1.6000000000000003,0.0,0.0,0.231193603515625,34.07800292968749,8435,35,3,4,10417.0,10750.0,-333.0,-3.097674418604651,10435.666666666666,-314.3333333333333,-2.9240310077519376
54.74853443610482,approaching,True,0.015690640000000002,0.015690640000000002,0.0,0.0,1.6000000000000003,1.6000000000000003,0.0,0.0,0.231193603515625,34.07800292968749,8441,35,3,4,10389.0,10750.0,-361.0,-3.358139534883721,10393.0,-357.0,-3.320930232558139
54.79860938200727,approaching,True,0.015690640000000002,0.015690640000000002,0.0,0.0,1.6000000000000003,1.6000000000000003,0.0,0.0,0.23100970458984377,34.261901855468736,8448,35,3,4,10372.0,10750.0,-378.0,-3.516279069767442,10377.333333333334,-372.6666666666667,-3.466666666666667
54.86516206921078,approaching,True,0.015690640000000002,0.015690640000000002,0.0,0.0,1.6000000000000003,1.6000000000000003,0.0,0.0,0.230760009765625,34.51159667968751,8454,35,3,4,10366.0,10750.0,-384.0,-3.572093023255814,10370.0,-380.0,-3.534883720930233
54.89811656414531,approaching,True,0.015690640000000002,0.015690640000000002,0.0,0.0,1.6000000000000003,1.6000000000000003,0.0,0.0,0.230760009765625,34.51159667968751,8459,35,3,4,10362.0,10750.0,-388.0,-3.609302325581395,10362.0,-388.0,-3.6093023255813947
54.95087844203226,approaching,True,0.015690640000000002,0.015690640000000002,0.0,0.0,1.6000000000000003,1.6000000000000003,0.0,0.0,0.23073696899414062,34.53463745117188,8465,35,3,4,10369.0,10750.0,-381.0,-3.5441860465116277,10369.666666666666,-380.3333333333333,-3.537984496124031
54.998394571011886,approaching,True,0.015690640000000002,0.015690640000000002,0.0,0.0,1.6000000000000003,1.6000000000000003,0.0,0.0,0.23073696899414062,34.53463745117188,8474,35,3,4,10362.0,10750.0,-388.0,-3.609302325581395,10362.0,-388.0,-3.6093023255813947
55.04826878802851,approaching,True,0.015690640000000002,0.015690640000000002,0.0,0.0,1.6000000000000003,1.6000000000000003,0.0,0.0,0.2307296142578125,34.54199218750001,8483,35,3,4,10362.0,10750.0,-388.0,-3.609302325581395,10362.0,-388.0,-3.6093023255813947
55.09873914113268,approaching,True,0.015690640000000002,0.015690640000000002,0.0,0.0,1.6000000000000003,1.6000000000000003,0.0,0.0,0.23071743774414064,34.55416870117187,8487,35,3,4,10354.0,10750.0,-396.0,-3.683720930232558,10356.333333333334,-393.6666666666667,-3.662015503875969
55.14995990507305,approaching,True,0.015690640000000002,0.015690640000000002,0.0,0.0,1.6000000000000003,1.6000000000000003,0.0,0.0,0.23071743774414064,34.55416870117187,8493,35,3,4,10358.0,10750.0,-392.0,-3.646511627906977,10358.0,-392.0,-3.646511627906977
55.20009140414186,approaching,True,0.015690640000000002,0.015690640000000002,0.0,0.0,1.6000000000000003,1.6000000000000003,0.0,0.0,0.23069973754882814,34.57186889648437,8499,35,3,4,10350.0,10750.0,-400.0,-3.7209302325581395,10350.0,-400.0,-3.7209302325581395
55.265537488041446,approaching,True,0.015690640000000002,0.015690640000000002,0.0,0.0,1.6000000000000003,1.6000000000000003,0.0,0.0,0.23068601989746093,34.58558654785157,8505,35,3,4,10356.0,10750.0,-394.0,-3.6651162790697676,10356.0,-394.0,-3.6651162790697676
55.300017968053,approaching,True,0.015690640000000002,0.015690640000000002,0.0,0.0,1.6000000000000003,1.6000000000000003,0.0,0.0,0.23068601989746093,34.58558654785157,8511,35,3,4,10354.0,10750.0,-396.0,-3.683720930232558,10352.0,-398.0,-3.7023255813953493
55.34855538816191,approaching,True,0.015690640000000002,0.015690640000000002,0.0,0.0,1.6000000000000003,1.6000000000000003,0.0,0.0,0.23067465209960938,34.59695434570312,8516,35,3,4,10342.0,10750.0,-408.0,-3.7953488372093025,10346.333333333334,-403.6666666666667,-3.755038759689923
55.39893741020933,approaching,True,0.015690640000000002,0.015690640000000002,0.0,0.0,1.6000000000000003,1.6000000000000003,0.0,0.0,0.23067465209960938,34.59695434570312,8523,35,3,4,10313.0,10750.0,-437.0,-4.065116279069767,10327.0,-423.0,-3.9348837209302325
55.46468283305876,approaching,True,0.015690640000000002,0.015690640000000002,0.0,0.0,1.6000000000000003,1.6000000000000003,0.0,0.0,0.23064678955078124,34.62481689453126,8529,35,3,4,10245.0,10750.0,-505.0,-4.6976744186046515,10257.0,-493.0,-4.586046511627907
55.51579764019698,approaching,True,0.015690640000000002,0.015690640000000002,0.0,0.0,1.6000000000000003,1.6000000000000003,0.0,0.0,0.23052743530273437,34.74417114257813,8534,35,3,4,10207.0,10750.0,-543.0,-5.051162790697674,10219.0,-531.0,-4.93953488372093
55.56541951210238,approaching,True,0.015690640000000002,0.015690640000000002,0.0,0.0,1.6000000000000003,1.6000000000000003,0.0,0.0,0.23052743530273437,34.74417114257813,8541,35,3,4,10194.0,10750.0,-556.0,-5.1720930232558135,10194.0,-556.0,-5.1720930232558135
55.61529011814855,approaching,True,0.015690640000000002,0.015690640000000002,0.0,0.0,1.6000000000000003,1.6000000000000003,0.0,0.0,0.23027105712890625,35.00054931640626,8546,35,3,4,10191.0,10750.0,-559.0,-5.2,10191.333333333334,-558.6666666666666,-5.196899224806201
55.66493468102999,approaching,True,0.03530394,0.015690640000000002,0.019613299999999997,0.019613299999999997,3.5999999999999996,1.6000000000000003,1.9999999999999996,1.9999999999999996,0.23020288085937501,35.068725585937486,8552,35,3,4,10187.0,10750.0,-563.0,-5.2372093023255815,10188.333333333334,-561.6666666666666,-5.224806201550387
55.69885755912401,approaching,True,0.03530394,0.015690640000000002,0.019613299999999997,0.019613299999999997,3.5999999999999996,1.6000000000000003,1.9999999999999996,1.9999999999999996,0.23020288085937501,35.068725585937486,8558,35,3,4,10182.0,10750.0,-568.0,-5.283720930232558,10188.0,-562.0,-5.227906976744186
55.749007772188634,approaching,True,0.095124505,0.015690640000000002,0.07943386499999999,0.07943386499999999,9.7,1.6000000000000003,8.1,8.1,0.23017369079589844,35.097915649414055,8564,35,3,4,10180.0,10750.0,-570.0,-5.3023255813953485,10182.666666666666,-567.3333333333334,-5.277519379844961
55.79810120398179,approaching,True,0.095124505,0.015690640000000002,0.07943386499999999,0.07943386499999999,9.7,1.6000000000000003,8.1,8.1,0.23017369079589844,35.097915649414055,8573,35,3,4,10174.0,10750.0,-576.0,-5.358139534883721,10174.0,-576.0,-5.358139534883722
55.848336559021845,approaching,True,0.095124505,0.015690640000000002,0.07943386499999999,0.07943386499999999,9.7,1.6000000000000003,8.1,8.1,0.23015185546875,35.1197509765625,8582,35,3,4,10167.0,10750.0,-583.0,-5.423255813953489,10167.0,-583.0,-5.423255813953489
55.899228810099885,approaching,True,0.22653361500000002,0.015690640000000002,0.21084297500000002,0.21084297500000002,23.1,1.6000000000000003,21.5,21.5,0.23015185546875,35.1197509765625,8587,35,3,4,10169.0,10750.0,-581.0,-5.404651162790698,10169.0,-581.0,-5.404651162790697
55.95000905008055,approaching,True,0.22653361500000002,0.015690640000000002,0.21084297500000002,0.21084297500000002,23.1,1.6000000000000003,21.5,21.5,0.23010845947265626,35.16314697265624,8592,35,3,4,10175.0,10750.0,-575.0,-5.348837209302325,10171.666666666666,-578.3333333333334,-5.37984496124031
55.99980776803568,approaching,True,0.22653361500000002,0.015690640000000002,0.21084297500000002,0.21084297500000002,23.1,1.6000000000000003,21.5,21.5,0.22998866271972657,35.28294372558594,8598,35,3,4,10192.0,10750.0,-558.0,-5.190697674418605,10192.0,-558.0,-5.190697674418605
56.065114653203636,approaching,True,0.5021004800000001,0.015690640000000002,0.4864098400000001,0.4864098400000001,51.20000000000001,1.6000000000000003,49.60000000000001,49.60000000000001,0.22998866271972657,35.28294372558594,8605,35,3,4,10198.0,10750.0,-552.0,-5.134883720930232,10199.333333333334,-550.6666666666666,-5.122480620155039
56.10091162007302,approaching,True,0.5021004800000001,0.015690640000000002,0.4864098400000001,0.4864098400000001,51.20000000000001,1.6000000000000003,49.60000000000001,49.60000000000001,0.22993511962890625,35.33648681640625,8610,35,3,4,10200.0,10750.0,-550.0,-5.116279069767442,10200.666666666666,-549.3333333333334,-5.110077519379845
56.14988017920405,approaching,True,0.909076455,0.015690640000000002,0.893385815,0.893385815,92.7,1.6000000000000003,91.10000000000001,91.10000000000001,0.22993511962890625,35.33648681640625,8616,35,3,4,10209.0,10750.0,-541.0,-5.032558139534884,10207.333333333334,-542.6666666666666,-5.048062015503876
56.19808530807495,approaching,True,0.909076455,0.015690640000000002,0.893385815,0.893385815,92.7,1.6000000000000003,91.10000000000001,91.10000000000001,0.22990966796875,35.36193847656249,8622,35,3,4,10212.0,10750.0,-538.0,-5.004651162790697,10211.666666666666,-538.3333333333334,-5.007751937984495
56.26525634806603,approaching,True,0.909076455,0.015690640000000002,0.893385815,0.893385815,92.7,1.6000000000000003,91.10000000000001,91.10000000000001,0.22990293884277344,35.36866760253907,8629,35,3,4,10221.0,10750.0,-529.0,-4.920930232558139,10218.333333333334,-531.6666666666666,-4.945736434108526
56.29809974110685,approaching,True,1.446480875,0.015690640000000002,1.430790235,1.430790235,147.5,1.6000000000000003,145.89999999999998,145.89999999999998,0.22990293884277344,35.36866760253907,8635,35,3,4,10218.0,10750.0,-532.0,-4.948837209302326,10220.666666666666,-529.3333333333334,-4.924031007751938
56.3397273439914,approaching,True,1.446480875,0.015690640000000002,1.430790235,1.430790235,147.5,1.6000000000000003,145.89999999999998,145.89999999999998,0.22989646911621095,35.375137329101555,8644,35,3,4,10217.0,10750.0,-533.0,-4.9581395348837205,10217.0,-533.0,-4.9581395348837205
56.39032968203537,approaching,True,1.573967325,0.015690640000000002,1.5582766849999998,1.5582766849999998,160.5,1.6000000000000003,158.89999999999998,158.89999999999998,0.22989646911621095,35.375137329101555,8653,35,3,4,10224.0,10750.0,-526.0,-4.8930232558139535,10224.0,-526.0,-4.8930232558139535
56.44838074804284,approaching,True,1.573967325,0.015690640000000002,1.5582766849999998,1.5582766849999998,160.5,1.6000000000000003,158.89999999999998,158.89999999999998,0.2298939208984375,35.37768554687501,8662,35,3,4,10227.0,10750.0,-523.0,-4.865116279069768,10227.0,-523.0,-4.865116279069768
56.49929321417585,approaching,True,1.573967325,0.015690640000000002,1.5582766849999998,1.5582766849999998,160.5,1.6000000000000003,158.89999999999998,158.89999999999998,0.2298939208984375,35.37768554687501,8668,35,3,4,10237.0,10750.0,-513.0,-4.772093023255814,10236.0,-514.0,-4.781395348837209
56.55009107803926,approaching,True,1.648497865,0.015690640000000002,1.6328072249999999,1.6328072249999999,168.1,1.6000000000000003,166.49999999999997,166.49999999999997,0.22988824462890625,35.38336181640625,8675,35,3,4,10394.0,10750.0,-356.0,-3.311627906976744,10327.333333333334,-422.6666666666667,-3.9317829457364337
56.59952068608254,approaching,True,1.648497865,0.015690640000000002,1.6328072249999999,1.6328072249999999,168.1,1.6000000000000003,166.49999999999997,166.49999999999997,0.22988824462890625,35.38336181640625,8680,35,3,4,10392.0,10750.0,-358.0,-3.3302325581395347,10392.0,-358.0,-3.3302325581395347
56.667636884143576,approaching,True,1.648497865,0.015690640000000002,1.6328072249999999,1.6328072249999999,168.1,1.6000000000000003,166.49999999999997,166.49999999999997,0.22975942993164064,35.51217651367186,8686,35,3,4,10484.0,10750.0,-266.0,-2.474418604651163,10473.333333333334,-276.6666666666667,-2.5736434108527133
56.69953076308593,approaching,True,2.017227905,0.015690640000000002,2.001537265,2.001537265,205.7,1.6000000000000003,204.1,204.1,0.2296402587890625,35.63134765625001,8690,35,3,4,10540.0,10750.0,-210.0,-1.9534883720930232,10524.666666666666,-225.33333333333334,-2.096124031007752
56.750648332061246,approaching,True,2.017227905,0.015690640000000002,2.001537265,2.001537265,205.7,1.6000000000000003,204.1,204.1,0.2296402587890625,35.63134765625001,8697,35,3,4,10574.0,10750.0,-176.0,-1.6372093023255814,10574.0,-176.0,-1.6372093023255812
56.799170438200235,approaching,True,2.8527544849999997,0.015690640000000002,2.837063845,2.837063845,290.9,1.6000000000000003,289.3,289.3,0.22955036926269531,35.72123718261719,8702,35,3,4,10591.0,10750.0,-159.0,-1.4790697674418605,10589.666666666666,-160.33333333333334,-1.4914728682170544
56.8652199159842,approaching,True,2.8527544849999997,0.015690640000000002,2.837063845,2.837063845,290.9,1.6000000000000003,289.3,289.3,0.22955036926269531,35.72123718261719,8710,35,3,4,10616.0,10750.0,-134.0,-1.2465116279069768,10613.0,-137.0,-1.2744186046511627
56.89849514700472,approaching,True,2.8527544849999997,0.015690640000000002,2.837063845,2.837063845,290.9,1.6000000000000003,289.3,289.3,0.22951368713378906,35.757919311523445,8715,35,3,4,10631.0,10750.0,-119.0,-1.1069767441860465,10625.0,-125.0,-1.1627906976744187
56.940953048178926,approaching,True,4.26589275,0.015690640000000002,4.25020211,4.25020211,435.0,1.6000000000000003,433.4,433.4,0.22951368713378906,35.757919311523445,8724,35,3,4,10641.0,10750.0,-109.0,-1.013953488372093,10641.0,-109.0,-1.013953488372093
56.99040591111407,approaching,True,4.26589275,0.015690640000000002,4.25020211,4.25020211,435.0,1.6000000000000003,433.4,433.4,0.22950137329101564,35.77023315429687,8733,35,3,4,10661.0,10750.0,-89.0,-0.827906976744186,10661.0,-89.0,-0.827906976744186
57.04818870103918,approaching,True,4.723863305,0.015690640000000002,4.708172665,4.708172665,481.7,1.6000000000000003,480.1,480.1,0.22948878479003906,35.78282165527344,8742,35,3,4,10681.0,10750.0,-69.0,-0.641860465116279,10681.0,-69.0,-0.641860465116279
57.098740173038095,approaching,True,4.723863305,0.015690640000000002,4.708172665,4.708172665,481.7,1.6000000000000003,480.1,480.1,0.2294659423828125,35.80566406249999,8748,35,3,4,10700.0,10750.0,-50.0,-0.46511627906976744,10697.666666666666,-52.333333333333336,-0.48682170542635655
57.14959201216698,approaching,True,4.723863305,0.015690640000000002,4.708172665,4.708172665,481.7,1.6000000000000003,480.1,480.1,0.2294659423828125,35.80566406249999,8753,35,3,4,10730.0,10750.0,-20.0,-0.18604651162790697,10730.0,-20.0,-0.18604651162790697
57.19857918820344,approaching,True,5.1220132949999995,0.015690640000000002,5.106322655,5.106322655,522.3,1.6000000000000003,520.6999999999999,520.6999999999999,0.22943382263183595,35.83778381347655,8759,35,3,4,10786.0,10750.0,36.0,0.33488372093023255,10771.333333333334,21.333333333333332,0.19844961240310077
57.265050997026265,approaching,True,5.1220132949999995,0.015690640000000002,5.106322655,5.106322655,522.3,1.6000000000000003,520.6999999999999,520.6999999999999,0.22938494873046875,35.88665771484376,8766,35,3,4,10839.0,10750.0,89.0,0.827906976744186,10831.0,81.0,0.7534883720930233
57.299200429115444,approaching,True,5.1220132949999995,0.015690640000000002,5.106322655,5.106322655,522.3,1.6000000000000003,520.6999999999999,520.6999999999999,0.22938494873046875,35.88665771484376,8772,35,3,4,10897.0,10750.0,147.0,1.3674418604651162,10897.0,147.0,1.3674418604651162
57.348760148044676,approaching,True,5.492704665000001,0.015690640000000002,5.477014025000001,5.477014025000001,560.1,1.6000000000000003,558.5000000000001,558.5000000000001,0.22930020141601562,35.97140502929688,8778,35,3,4,10948.0,10750.0,198.0,1.841860465116279,10940.0,190.0,1.767441860465116
57.398250106023625,approaching,True,5.492704665000001,0.015690640000000002,5.477014025000001,5.477014025000001,560.1,1.6000000000000003,558.5000000000001,558.5000000000001,0.22930020141601562,35.97140502929688,8783,35,3,4,10956.0,10750.0,206.0,1.916279069767442,10956.0,206.0,1.916279069767442
57.464852957986295,approaching,True,6.46258235,0.015690640000000002,6.44689171,6.44689171,659.0,1.6000000000000003,657.4,657.4,0.2292519226074219,36.01968383789062,8790,35,3,4,10973.0,10750.0,223.0,2.074418604651163,10967.0,217.0,2.0186046511627906
57.51507622213103,approaching,True,6.46258235,0.015690640000000002,6.44689171,6.44689171,659.0,1.6000000000000003,657.4,657.4,0.22923437500000002,36.037231445312486,8796,35,3,4,10986.0,10750.0,236.0,2.1953488372093024,10984.0,234.0,2.1767441860465113
57.56629498512484,approaching,True,6.46258235,0.015690640000000002,6.44689171,6.44689171,659.0,1.6000000000000003,657.4,657.4,0.22923437500000002,36.037231445312486,8801,35,3,4,10998.0,10750.0,248.0,2.3069767441860467,10997.333333333334,247.33333333333334,2.3007751937984495
57.59841186716221,approaching,True,7.4844352800000005,0.015690640000000002,7.468744640000001,7.468744640000001,763.2,1.6000000000000003,761.6,761.6,0.22921633911132813,36.05526733398437,8809,35,3,4,11024.0,10750.0,274.0,2.5488372093023255,11016.0,266.0,2.4744186046511625
57.64909231616184,approaching,True,7.4844352800000005,0.015690640000000002,7.468744640000001,7.468744640000001,763.2,1.6000000000000003,761.6,761.6,0.2291966552734375,36.07495117187501,8816,35,3,4,11038.0,10750.0,288.0,2.6790697674418604,11028.666666666666,278.6666666666667,2.592248062015504
57.69895952800289,approaching,True,7.84335867,0.015690640000000002,7.82766803,7.82766803,799.8,1.6000000000000003,798.1999999999999,798.1999999999999,0.2291966552734375,36.07495117187501,8821,35,3,4,11061.0,10750.0,311.0,2.8930232558139535,11053.333333333334,303.3333333333333,2.8217054263565893
57.74978061509319,approaching,True,7.84335867,0.015690640000000002,7.82766803,7.82766803,799.8,1.6000000000000003,798.1999999999999,798.1999999999999,0.22917153930664064,36.10006713867187,8827,35,3,4,11158.0,10750.0,408.0,3.7953488372093025,11158.0,408.0,3.795348837209302
57.799078001175076,approaching,True,7.84335867,0.015690640000000002,7.82766803,7.82766803,799.8,1.6000000000000003,798.1999999999999,798.1999999999999,0.22917153930664064,36.10006713867187,8833,35,3,4,11168.0,10750.0,418.0,3.8883720930232557,11168.666666666666,418.6666666666667,3.894573643410853
57.86476707318798,approaching,True,8.458235625,0.015690640000000002,8.442544985,8.442544985,862.5,1.6000000000000003,860.9,860.9,0.229079345703125,36.19226074218751,8840,35,3,4,11182.0,10750.0,432.0,4.018604651162791,11182.0,432.0,4.018604651162791
57.900388246169314,approaching,True,8.458235625,0.015690640000000002,8.442544985,8.442544985,862.5,1.6000000000000003,860.9,860.9,0.22908038330078126,36.19122314453124,8844,35,3,4,11184.0,10750.0,434.0,4.037209302325581,11181.333333333334,431.3333333333333,4.012403100775194
57.94982532109134,approaching,True,8.458235625,0.015690640000000002,8.442544985,8.442544985,862.5,1.6000000000000003,860.9,860.9,0.22908038330078126,36.19122314453124,8849,35,3,4,11184.0,10750.0,434.0,4.037209302325581,11186.666666666666,436.6666666666667,4.062015503875969
57.99855156801641,approaching,True,9.385944715,0.015690640000000002,9.370254075,9.370254075,957.1,1.6000000000000003,955.5,955.5,0.2290721435546875,36.19946289062501,8856,35,3,4,11197.0,10750.0,447.0,4.158139534883721,11195.666666666666,445.6666666666667,4.145736434108527
58.06567606003955,approaching,True,9.385944715,0.015690640000000002,9.370254075,9.370254075,957.1,1.6000000000000003,955.5,955.5,0.22907156372070314,36.20004272460936,8862,35,3,4,11198.0,10750.0,448.0,4.167441860465116,11195.666666666666,445.6666666666667,4.145736434108527
58.114851056132466,approaching,True,9.385944715,0.015690640000000002,9.370254075,9.370254075,957.1,1.6000000000000003,955.5,955.5,0.22907156372070314,36.20004272460936,8868,35,3,4,11206.0,10750.0,456.0,4.241860465116279,11206.0,456.0,4.241860465116279
58.16472339699976,approaching,True,9.664453575,0.015690640000000002,9.648762934999999,9.648762934999999,985.5,1.6000000000000003,983.8999999999999,983.8999999999999,0.22906936645507814,36.20223999023436,8874,35,3,4,11210.0,10750.0,460.0,4.27906976744186,11210.0,460.0,4.27906976744186
58.21649796119891,approaching,True,9.664453575,0.015690640000000002,9.648762934999999,9.648762934999999,985.5,1.6000000000000003,983.8999999999999,983.8999999999999,0.22906936645507814,36.20223999023436,8880,35,3,4,11206.0,10750.0,456.0,4.241860465116279,11212.0,462.0,4.297674418604651
58.24849995505065,approaching,True,9.72035148,0.015690640000000002,9.704660839999999,9.704660839999999,991.1999999999999,1.6000000000000003,989.5999999999999,989.5999999999999,0.2290694580078125,36.2021484375,8885,35,3,4,11207.0,10750.0,457.0,4.251162790697674,11207.0,457.0,4.251162790697674
58.299158360110596,approaching,True,9.72035148,0.015690640000000002,9.704660839999999,9.704660839999999,991.1999999999999,1.6000000000000003,989.5999999999999,989.5999999999999,0.2290694580078125,36.2021484375,8891,35,3,4,11215.0,10750.0,465.0,4.325581395348837,11215.0,465.0,4.325581395348837
58.349593934137374,approaching,True,9.72035148,0.015690640000000002,9.704660839999999,9.704660839999999,991.1999999999999,1.6000000000000003,989.5999999999999,989.5999999999999,0.22906803894042968,36.20356750488282,8897,35,3,4,11219.0,10750.0,469.0,4.362790697674418,11217.666666666666,467.6666666666667,4.350387596899225
58.39816525299102,approaching,True,9.729177465000001,0.015690640000000002,9.713486825,9.713486825,992.1000000000001,1.6000000000000003,990.5,990.5,0.2290645751953125,36.20703124999999,8903,35,3,4,11224.0,10750.0,474.0,4.409302325581395,11224.333333333334,474.3333333333333,4.412403100775193
58.44820993603207,approaching,True,9.729177465000001,0.015690640000000002,9.713486825,9.713486825,992.1000000000001,1.6000000000000003,990.5,990.5,0.2290645751953125,36.20703124999999,8913,35,3,4,11239.0,10750.0,489.0,4.5488372093023255,11228.333333333334,478.3333333333333,4.449612403100775
58.498935263138264,approaching,True,9.729177465000001,0.015690640000000002,9.713486825,9.713486825,992.1000000000001,1.6000000000000003,990.5,990.5,0.22905677795410156,36.21482849121094,8917,35,3,4,11235.0,10750.0,485.0,4.511627906976744,11236.333333333334,486.3333333333333,4.524031007751938
58.54966963920742,approaching,True,9.75173276,0.015690640000000002,9.736042119999999,9.736042119999999,994.4,1.6000000000000003,992.7999999999998,992.7999999999998,0.22904440307617188,36.22720336914062,8923,35,3,4,11247.0,10750.0,497.0,4.623255813953488,11247.0,497.0,4.623255813953488
58.59910820215009,approaching,True,9.75173276,0.015690640000000002,9.736042119999999,9.736042119999999,994.4,1.6000000000000003,992.7999999999998,992.7999999999998,0.22904440307617188,36.22720336914062,8929,35,3,4,11273.0,10750.0,523.0,4.865116279069768,11265.666666666666,515.6666666666666,4.796899224806201
58.66642873804085,approaching,True,9.891967855,0.015690640000000002,9.876277215,9.876277215,1008.7,1.6000000000000003,1007.1,1007.1,0.2290226287841797,36.248977661132805,8935,35,3,4,11274.0,10750.0,524.0,4.874418604651162,11272.666666666666,522.6666666666666,4.862015503875969
58.69924461306073,approaching,True,9.891967855,0.015690640000000002,9.876277215,9.876277215,1008.7,1.6000000000000003,1007.1,1007.1,0.2290226287841797,36.248977661132805,8940,35,3,4,11296.0,10750.0,546.0,5.079069767441861,11284.0,534.0,4.967441860465116
58.74848464806564,approaching,True,9.891967855,0.015690640000000002,9.876277215,9.876277215,1008.7,1.6000000000000003,1007.1,1007.1,0.22899844360351562,36.27316284179688,8949,35,3,4,11378.0,10750.0,628.0,5.841860465116279,11356.333333333334,606.3333333333334,5.640310077519381
58.7982517471537,approaching,True,10.361706389999998,0.015690640000000002,10.346015749999998,10.346015749999998,1056.6,1.6000000000000003,1054.9999999999998,1054.9999999999998,0.22896511840820313,36.30648803710937,8956,35,3,4,11463.0,10750.0,713.0,6.632558139534884,11457.666666666666,707.6666666666666,6.582945736434109
58.84835796407424,approaching,True,10.361706389999998,0.015690640000000002,10.346015749999998,10.346015749999998,1056.6,1.6000000000000003,1054.9999999999998,1054.9999999999998,0.22896511840820313,36.30648803710937,8964,35,3,4,11521.0,10750.0,771.0,7.1720930232558135,11503.666666666666,753.6666666666666,7.010852713178295
58.899226075038314,approaching,True,11.04032657,0.015690640000000002,11.024635929999999,11.024635929999999,1125.8,1.6000000000000003,1124.1999999999998,1124.1999999999998,0.22880514526367188,36.466461181640625,8970,35,3,4,11566.0,10750.0,816.0,7.590697674418605,11556.333333333334,806.3333333333334,7.500775193798449
58.953172559151426,approaching,True,11.04032657,0.015690640000000002,11.024635929999999,11.024635929999999,1125.8,1.6000000000000003,1124.1999999999998,1124.1999999999998,0.22875262451171877,36.518981933593736,8975,35,3,4,11599.0,10750.0,849.0,7.897674418604651,11593.333333333334,843.3333333333334,7.844961240310077
59.00355261610821,approaching,True,11.04032657,0.015690640000000002,11.024635929999999,11.024635929999999,1125.8,1.6000000000000003,1124.1999999999998,1124.1999999999998,0.22875262451171877,36.518981933593736,8982,35,3,4,11643.0,10750.0,893.0,8.306976744186047,11643.0,893.0,8.306976744186047
59.06741699902341,approaching,True,13.129143019999999,0.015690640000000002,13.113452379999998,13.113452379999998,1338.8,1.6000000000000003,1337.1999999999998,1337.1999999999998,0.22866421508789064,36.60739135742186,8987,35,3,4,11669.0,10750.0,919.0,8.548837209302325,11666.333333333334,916.3333333333334,8.524031007751939
59.09987122914754,approaching,True,13.129143019999999,0.015690640000000002,13.113452379999998,13.113452379999998,1338.8,1.6000000000000003,1337.1999999999998,1337.1999999999998,0.22866421508789064,36.60739135742186,8993,35,3,4,11697.0,10750.0,947.0,8.809302325581395,11697.0,947.0,8.809302325581395
59.14910624618642,approaching,True,13.129143019999999,0.015690640000000002,13.113452379999998,13.113452379999998,1338.8,1.6000000000000003,1337.1999999999998,1337.1999999999998,0.22861041259765624,36.66119384765626,8999,35,3,4,11714.0,10750.0,964.0,8.967441860465117,11714.0,964.0,8.967441860465117
59.19895666721277,approaching,True,15.318967964999999,0.015690640000000002,15.303277324999998,15.303277324999998,1562.1,1.6000000000000003,1560.4999999999998,1560.4999999999998,0.2285568542480469,36.71475219726561,9006,35,3,4,11749.0,10750.0,999.0,9.293023255813953,11746.0,996.0,9.265116279069767
59.26713931001723,approaching,True,15.318967964999999,0.015690640000000002,15.303277324999998,15.303277324999998,1562.1,1.6000000000000003,1560.4999999999998,1560.4999999999998,0.2285568542480469,36.71475219726561,9011,35,3,4,11771.0,10750.0,1021.0,9.497674418604651,11767.0,1017.0,9.46046511627907
59.298381358152255,approaching,True,15.318967964999999,0.015690640000000002,15.303277324999998,15.303277324999998,1562.1,1.6000000000000003,1560.4999999999998,1560.4999999999998,0.2285093994140625,36.76220703124999,9015,35,3,4,11787.0,10750.0,1037.0,9.646511627906976,11786.0,1036.0,9.63720930232558
59.340121102984995,approaching,True,16.34180156,0.015690640000000002,16.32611092,16.32611092,1666.4,1.6000000000000003,1664.8000000000002,1664.8000000000002,0.2285093994140625,36.76220703124999,9024,35,3,4,11801.0,10750.0,1051.0,9.776744186046512,11799.0,1049.0,9.75813953488372
59.390194117091596,approaching,True,16.34180156,0.015690640000000002,16.32611092,16.32611092,1666.4,1.6000000000000003,1664.8000000000002,1664.8000000000002,0.22848348999023438,36.788116455078125,9032,35,3,4,11814.0,10750.0,1064.0,9.897674418604652,11806.0,1056.0,9.82325581395349
59.448533228132874,approaching,True,17.471527639999998,0.015690640000000002,17.455837,17.455837,1781.5999999999997,1.6000000000000003,1779.9999999999998,1779.9999999999998,0.22846728515625,36.8043212890625,9040,35,3,4,11821.0,10750.0,1071.0,9.962790697674418,11818.666666666666,1068.6666666666667,9.94108527131783
59.49922752613202,approaching,True,17.471527639999998,0.015690640000000002,17.455837,17.455837,1781.5999999999997,1.6000000000000003,1779.9999999999998,1779.9999999999998,0.22846728515625,36.8043212890625,9047,35,3,4,11832.0,10750.0,1082.0,10.065116279069768,11830.666666666666,1080.6666666666667,10.052713178294574
59.54891845700331,approaching,True,17.471527639999998,0.015690640000000002,17.455837,17.455837,1781.5999999999997,1.6000000000000003,1779.9999999999998,1779.9999999999998,0.22844927978515625,36.82232666015625,9051,35,3,4,11835.0,10750.0,1085.0,10.093023255813954,11838.333333333334,1088.3333333333333,10.124031007751938
59.59873012313619,approaching,True,18.182509765,0.015690640000000002,18.166819125,18.166819125,1854.1,1.6000000000000003,1852.5,1852.5,0.2284364013671875,36.835205078124986,9057,35,3,4,11847.0,10750.0,1097.0,10.204651162790698,11846.333333333334,1096.3333333333333,10.1984496124031
59.66531768813729,approaching,True,18.182509765,0.015690640000000002,18.166819125,18.166819125,1854.1,1.6000000000000003,1852.5,1852.5,0.2284364013671875,36.835205078124986,9063,35,3,4,11847.0,10750.0,1097.0,10.204651162790698,11846.333333333334,1096.3333333333333,10.1984496124031
59.69901978620328,approaching,True,18.478670595,0.015690640000000002,18.462979955,18.462979955,1884.3,1.6000000000000003,1882.7,1882.7,0.22842791748046876,36.84368896484374,9067,35,3,4,11857.0,10750.0,1107.0,10.297674418604652,11857.666666666666,1107.6666666666667,10.30387596899225
59.74039824306965,approaching,True,18.478670595,0.015690640000000002,18.462979955,18.462979955,1884.3,1.6000000000000003,1882.7,1882.7,0.22842791748046876,36.84368896484374,9077,35,3,4,11859.0,10750.0,1109.0,10.316279069767441,11859.0,1109.0,10.316279069767441
59.790554761188105,approaching,True,18.478670595,0.015690640000000002,18.462979955,18.462979955,1884.3,1.6000000000000003,1882.7,1882.7,0.22842713928222658,36.84446716308592,9085,35,3,4,11870.0,10750.0,1120.0,10.418604651162791,11870.0,1120.0,10.418604651162791
59.84952650917694,approaching,True,18.74246948,0.015690640000000002,18.72677884,18.72677884,1911.2,1.6000000000000003,1909.6000000000001,1909.6000000000001,0.22842755126953126,36.844055175781236,9095,35,3,4,11872.0,10750.0,1122.0,10.43720930232558,11872.0,1122.0,10.43720930232558
59.8990167521406,approaching,True,18.74246948,0.015690640000000002,18.72677884,18.72677884,1911.2,1.6000000000000003,1909.6000000000001,1909.6000000000001,0.22841702270507813,36.85458374023437,9102,35,3,4,11946.0,10750.0,1196.0,11.125581395348837,11926.0,1176.0,10.939534883720931
59.94998489017598,approaching,True,18.855245955,0.015690640000000002,18.839555315000002,18.839555315000002,1922.7,1.6000000000000003,1921.1000000000001,1921.1000000000001,0.2283310546875,36.94055175781249,9107,35,3,4,11937.0,10750.0,1187.0,11.04186046511628,11937.0,1187.0,11.04186046511628
59.98981312219985,approaching,True,18.855245955,0.015690640000000002,18.839555315000002,18.839555315000002,1922.7,1.6000000000000003,1921.1000000000001,1921.1000000000001,0.2283310546875,36.94055175781249,9117,35,3,4,11960.0,10750.0,1210.0,11.255813953488373,11960.0,1210.0,11.255813953488373
60.0478871781379,approaching,True,18.855245955,0.015690640000000002,18.839555315000002,18.839555315000002,1922.7,1.6000000000000003,1921.1000000000001,1921.1000000000001,0.22830227661132813,36.969329833984375,9126,35,3,4,11968.0,10750.0,1218.0,11.330232558139535,11968.0,1218.0,11.330232558139535
60.10094903013669,approaching,True,19.78197438,0.015690640000000002,19.766283740000002,19.766283740000002,2017.2,1.6000000000000003,2015.6000000000001,2015.6000000000001,0.22829203796386718,36.97956848144532,9132,35,3,4,11982.0,10750.0,1232.0,11.46046511627907,11978.0,1228.0,11.423255813953489
60.14857435319573,contact_hold,True,19.78197438,0.015690640000000002,19.766283740000002,19.766283740000002,2017.2,1.6000000000000003,2015.6000000000001,2015.6000000000001,0.22827975463867187,36.99185180664063,9137,35,3,4,11984.0,10750.0,1234.0,11.47906976744186,11983.333333333334,1233.3333333333333,11.472868217054264
60.19895901205018,contact_hold,True,19.78197438,0.015690640000000002,19.766283740000002,19.766283740000002,2017.2,1.6000000000000003,2015.6000000000001,2015.6000000000001,0.22827975463867187,36.99185180664063,9143,35,3,4,11991.0,10750.0,1241.0,11.544186046511628,11988.0,1238.0,11.516279069767442
60.26647026813589,contact_hold,True,20.887183835000002,0.015690640000000002,20.871493195000003,20.871493195000003,2129.9,1.6000000000000003,2128.3,2128.3,0.22826966857910155,37.00193786621095,9148,35,3,4,12002.0,10750.0,1252.0,11.646511627906976,12002.0,1252.0,11.646511627906976
60.31471404712647,contact_hold,True,20.887183835000002,0.015690640000000002,20.871493195000003,20.871493195000003,2129.9,1.6000000000000003,2128.3,2128.3,0.22826966857910155,37.00193786621095,9152,35,3,4,12001.0,10750.0,1251.0,11.637209302325582,12001.0,1251.0,11.637209302325582
60.3648776311893,contact_hold,True,21.149021389999998,0.015690640000000002,21.13333075,21.13333075,2156.6,1.6000000000000003,2155.0,2155.0,0.22825460815429688,37.016998291015625,9158,35,3,4,12010.0,10750.0,1260.0,11.720930232558139,12006.0,1256.0,11.683720930232559
60.41570062516257,contact_hold,True,21.149021389999998,0.015690640000000002,21.13333075,21.13333075,2156.6,1.6000000000000003,2155.0,2155.0,0.22824005126953126,37.03155517578124,9164,35,3,4,12015.0,10750.0,1265.0,11.767441860465116,12015.0,1265.0,11.767441860465118
60.481748573016375,contact_hold,True,21.149021389999998,0.015690640000000002,21.13333075,21.13333075,2156.6,1.6000000000000003,2155.0,2155.0,0.228231689453125,37.03991699218751,9170,35,3,4,12022.0,10750.0,1272.0,11.832558139534884,12021.333333333334,1271.3333333333333,11.826356589147286
60.4991091650445,contact_hold,True,21.460872860000002,0.015690640000000002,21.445182220000003,21.445182220000003,2188.4,1.6000000000000003,2186.8,2186.8,0.228231689453125,37.03991699218751,9176,35,3,4,12028.0,10750.0,1278.0,11.888372093023255,12024.0,1274.0,11.851162790697673
60.55186885315925,contact_hold,True,21.460872860000002,0.015690640000000002,21.445182220000003,21.445182220000003,2188.4,1.6000000000000003,2186.8,2186.8,0.228231689453125,37.03991699218751,9182,35,3,4,12026.0,10750.0,1276.0,11.869767441860466,12026.666666666666,1276.6666666666667,11.875968992248062
60.59908607206307,contact_hold,True,21.460872860000002,0.015690640000000002,21.445182220000003,21.445182220000003,2188.4,1.6000000000000003,2186.8,2186.8,0.2282306823730469,37.04092407226561,9186,35,3,4,12029.0,10750.0,1279.0,11.897674418604652,12029.0,1279.0,11.897674418604652
60.66512975213118,contact_hold,True,21.706039110000003,0.015690640000000002,21.690348470000004,21.690348470000004,2213.4,1.6000000000000003,2211.8,2211.8,0.2282335205078125,37.03808593749999,9192,35,3,4,12032.0,10750.0,1282.0,11.925581395348837,12031.666666666666,1281.6666666666667,11.922480620155037
60.70214645098895,contact_hold,True,21.706039110000003,0.015690640000000002,21.690348470000004,21.690348470000004,2213.4,1.6000000000000003,2211.8,2211.8,0.2282335205078125,37.03808593749999,9196,35,3,4,12033.0,10750.0,1283.0,11.934883720930232,12033.0,1283.0,11.934883720930232
60.74865701398812,contact_hold,True,21.738401054999997,0.015690640000000002,21.722710414999998,21.722710414999998,2216.7,1.6000000000000003,2215.1,2215.1,0.2282335205078125,37.03808593749999,9201,35,3,4,12041.0,10750.0,1291.0,12.009302325581395,12038.0,1288.0,11.981395348837209
60.79839974408969,contact_hold,True,21.738401054999997,0.015690640000000002,21.722710414999998,21.722710414999998,2216.7,1.6000000000000003,2215.1,2215.1,0.2282335205078125,37.03808593749999,9210,35,3,4,12043.0,10750.0,1293.0,12.027906976744186,12040.333333333334,1290.3333333333333,12.003100775193799
60.84802541206591,contact_hold,True,21.738401054999997,0.015690640000000002,21.722710414999998,21.722710414999998,2216.7,1.6000000000000003,2215.1,2215.1,0.22822981262207032,37.04179382324219,9219,35,3,4,12041.0,10750.0,1291.0,12.009302325581395,12041.0,1291.0,12.009302325581395
60.8992054220289,contact_hold,True,21.713884429999997,0.015690640000000002,21.698193789999998,21.698193789999998,2214.2,1.6000000000000003,2212.6,2212.6,0.22822981262207032,37.04179382324219,9224,35,3,4,12042.0,10750.0,1292.0,12.018604651162791,12038.0,1288.0,11.981395348837209
60.950034314068034,contact_hold,True,21.713884429999997,0.015690640000000002,21.698193789999998,21.698193789999998,2214.2,1.6000000000000003,2212.6,2212.6,0.22822981262207032,37.04179382324219,9230,35,3,4,12040.0,10750.0,1290.0,12.0,12041.0,1291.0,12.009302325581395
61.00004372908734,contact_hold,True,21.675638495,0.015690640000000002,21.659947855000002,21.659947855000002,2210.3,1.6000000000000003,2208.7000000000003,2208.7000000000003,0.22822981262207032,37.04179382324219,9236,35,3,4,12048.0,10750.0,1298.0,12.074418604651163,12046.666666666666,1296.6666666666667,12.062015503875969
61.067695937119424,contact_hold,True,21.675638495,0.015690640000000002,21.659947855000002,21.659947855000002,2210.3,1.6000000000000003,2208.7000000000003,2208.7000000000003,0.22822981262207032,37.04179382324219,9242,35,3,4,12044.0,10750.0,1294.0,12.037209302325582,12042.666666666666,1292.6666666666667,12.024806201550389
61.09925454016775,contact_hold,True,21.675638495,0.015690640000000002,21.659947855000002,21.659947855000002,2210.3,1.6000000000000003,2208.7000000000003,2208.7000000000003,0.228228759765625,37.04284667968749,9248,35,3,4,12046.0,10750.0,1296.0,12.055813953488371,12048.666666666666,1298.6666666666667,12.080620155038758
61.148469327017665,contact_hold,True,21.637392560000002,0.015690640000000002,21.621701920000003,21.621701920000003,2206.4,1.6000000000000003,2204.8,2204.8,0.228228759765625,37.04284667968749,9254,35,3,4,12046.0,10750.0,1296.0,12.055813953488371,12046.0,1296.0,12.055813953488373
61.19926628121175,returning,True,21.637392560000002,0.015690640000000002,21.621701920000003,21.621701920000003,2206.4,1.6000000000000003,2204.8,2204.8,0.228228759765625,37.04284667968749,9261,35,3,4,12045.0,10750.0,1295.0,12.046511627906977,12045.0,1295.0,12.046511627906975
61.2652894500643,returning,True,21.61581793,0.015690640000000002,21.60012729,21.60012729,2204.2,1.6000000000000003,2202.6,2202.6,0.228228759765625,37.04284667968749,9267,35,3,4,12045.0,10750.0,1295.0,12.046511627906977,12045.333333333334,1295.3333333333333,12.049612403100776
61.31481896410696,returning,True,21.61581793,0.015690640000000002,21.60012729,21.60012729,2204.2,1.6000000000000003,2202.6,2202.6,0.228228759765625,37.04284667968749,9271,35,3,4,12046.0,10750.0,1296.0,12.055813953488371,12045.333333333334,1295.3333333333333,12.049612403100776
61.365323783131316,returning,True,21.61581793,0.015690640000000002,21.60012729,21.60012729,2204.2,1.6000000000000003,2202.6,2202.6,0.22823736572265627,37.034240722656236,9277,35,3,4,12049.0,10750.0,1299.0,12.083720930232559,12045.666666666666,1295.6666666666667,12.052713178294574
61.40053944918327,returning,True,21.561881354999997,0.015690640000000002,21.546190714999998,21.546190714999998,2198.7,1.6000000000000003,2197.1,2197.1,0.22823736572265627,37.034240722656236,9282,35,3,4,12049.0,10750.0,1299.0,12.083720930232559,12049.0,1299.0,12.083720930232559
61.46490086009726,returning,True,21.561881354999997,0.015690640000000002,21.546190714999998,21.546190714999998,2198.7,1.6000000000000003,2197.1,2197.1,0.22823736572265627,37.034240722656236,9288,35,3,4,12059.0,10750.0,1309.0,12.17674418604651,12053.0,1303.0,12.12093023255814
61.499302162090316,returning,True,21.561881354999997,0.015690640000000002,21.546190714999998,21.546190714999998,2198.7,1.6000000000000003,2197.1,2197.1,0.22823736572265627,37.034240722656236,9292,35,3,4,12053.0,10750.0,1303.0,12.12093023255814,12055.0,1305.0,12.139534883720929
61.55043775308877,returning,True,21.457930864999998,0.015690640000000002,21.442240225,21.442240225,2188.1,1.6000000000000003,2186.5,2186.5,0.22824005126953126,37.03155517578124,9299,35,3,4,12051.0,10750.0,1301.0,12.102325581395348,12051.0,1301.0,12.102325581395348
61.59854354010895,returning,True,21.457930864999998,0.015690640000000002,21.442240225,21.442240225,2188.1,1.6000000000000003,2186.5,2186.5,0.2282389831542969,37.03262329101562,9304,35,3,4,12050.0,10750.0,1300.0,12.093023255813954,12049.333333333334,1299.3333333333333,12.086821705426358
61.66479904321022,returning,True,21.4177236,0.015690640000000002,21.40203296,21.40203296,2184.0,1.6000000000000003,2182.4,2182.4,0.2282389831542969,37.03262329101562,9311,35,3,4,12046.0,10750.0,1296.0,12.055813953488371,12050.666666666666,1300.6666666666667,12.09922480620155
61.68988765403628,returning,True,21.4177236,0.015690640000000002,21.40203296,21.40203296,2184.0,1.6000000000000003,2182.4,2182.4,0.22823971557617187,37.03189086914063,9315,35,3,4,12056.0,10750.0,1306.0,12.148837209302325,12052.0,1302.0,12.111627906976745
61.74034517817199,returning,True,21.4177236,0.015690640000000002,21.40203296,21.40203296,2184.0,1.6000000000000003,2182.4,2182.4,0.22823971557617187,37.03189086914063,9324,35,3,4,12053.0,10750.0,1303.0,12.12093023255814,12052.333333333334,1302.3333333333333,12.114728682170542
61.79063709406182,returning,True,21.406936285,0.015690640000000002,21.391245645,21.391245645,2182.9,1.6000000000000003,2181.3,2181.3,0.2282376403808594,37.03396606445311,9333,35,3,4,12052.0,10750.0,1302.0,12.111627906976745,12052.0,1302.0,12.111627906976745
61.8481178060174,returning,True,21.406936285,0.015690640000000002,21.391245645,21.391245645,2182.9,1.6000000000000003,2181.3,2181.3,0.22823736572265627,37.034240722656236,9343,35,3,4,12057.0,10750.0,1307.0,12.158139534883722,12050.333333333334,1300.3333333333333,12.096124031007752
61.8989641610533,returning,True,21.39222631,0.015690640000000002,21.376535670000003,21.376535670000003,2181.4,1.6000000000000003,2179.8,2179.8,0.2282371826171875,37.03442382812499,9347,35,3,4,12057.0,10750.0,1307.0,12.158139534883722,12057.0,1307.0,12.158139534883722
61.94128686306067,returning,True,21.39222631,0.015690640000000002,21.376535670000003,21.376535670000003,2181.4,1.6000000000000003,2179.8,2179.8,0.22822964477539062,37.04196166992188,9356,35,3,4,12047.0,10750.0,1297.0,12.065116279069768,12047.333333333334,1297.3333333333333,12.068217054263565
61.9901572491508,returning,True,21.39222631,0.015690640000000002,21.376535670000003,21.376535670000003,2181.4,1.6000000000000003,2179.8,2179.8,0.22823660278320312,37.035003662109375,9366,35,3,4,12051.0,10750.0,1301.0,12.102325581395348,12051.0,1301.0,12.102325581395348
62.04836670705117,returning,True,21.38830365,0.015690640000000002,21.372613010000002,21.372613010000002,2181.0,1.6000000000000003,2179.4,2179.4,0.22823428344726562,37.03732299804688,9376,35,3,4,12053.0,10750.0,1303.0,12.12093023255814,12053.0,1303.0,12.12093023255814
62.099124080035836,returning,True,21.38830365,0.015690640000000002,21.372613010000002,21.372613010000002,2181.0,1.6000000000000003,2179.4,2179.4,0.22823428344726562,37.03732299804688,9381,35,3,4,12045.0,10750.0,1295.0,12.046511627906977,12046.333333333334,1296.3333333333333,12.05891472868217
62.15190297411755,returning,True,21.359864365,0.015690640000000002,21.344173725,21.344173725,2178.1,1.6000000000000003,2176.5,2176.5,0.22823822021484375,37.03338623046876,9387,35,3,4,12048.0,10750.0,1298.0,12.074418604651163,12051.0,1301.0,12.102325581395348
62.19899622909725,returning,True,21.359864365,0.015690640000000002,21.344173725,21.344173725,2178.1,1.6000000000000003,2176.5,2176.5,0.2282396697998047,37.0319366455078,9393,35,3,4,12046.0,10750.0,1296.0,12.055813953488371,12046.0,1296.0,12.055813953488373
62.267838302999735,returning,True,21.359864365,0.015690640000000002,21.344173725,21.344173725,2178.1,1.6000000000000003,2176.5,2176.5,0.2282396697998047,37.0319366455078,9399,35,3,4,12046.0,10750.0,1296.0,12.055813953488371,12046.0,1296.0,12.055813953488373
62.29812988708727,returning,True,21.257875204999998,0.015690640000000002,21.242184565,21.242184565,2167.7,1.6000000000000003,2166.1,2166.1,0.22823806762695312,37.03353881835938,9404,35,3,4,12049.0,10750.0,1299.0,12.083720930232559,12045.666666666666,1295.6666666666667,12.052713178294574
62.33970201108605,returning,True,21.257875204999998,0.015690640000000002,21.242184565,21.242184565,2167.7,1.6000000000000003,2166.1,2166.1,0.22823806762695312,37.03353881835938,9413,35,3,4,12045.0,10750.0,1295.0,12.046511627906977,12045.0,1295.0,12.046511627906975
62.38965580915101,returning,True,21.257875204999998,0.015690640000000002,21.242184565,21.242184565,2167.7,1.6000000000000003,2166.1,2166.1,0.22823348999023438,37.038116455078125,9421,35,3,4,12050.0,10750.0,1300.0,12.093023255813954,12048.0,1298.0,12.074418604651163
62.448104263981804,returning,True,21.210803285,0.015690640000000002,21.195112645000002,21.195112645000002,2162.9,1.6000000000000003,2161.3,2161.3,0.22823193359375,37.039672851562514,9429,35,3,4,12051.0,10750.0,1301.0,12.102325581395348,12053.666666666666,1303.6666666666667,12.127131782945737
62.49926992319524,returning,True,21.210803285,0.015690640000000002,21.195112645000002,21.195112645000002,2162.9,1.6000000000000003,2161.3,2161.3,0.22823193359375,37.039672851562514,9435,35,3,4,12046.0,10750.0,1296.0,12.055813953488371,12046.0,1296.0,12.055813953488373
62.54861794505268,returning,True,21.202957965,0.015690640000000002,21.187267325,21.187267325,2162.1,1.6000000000000003,2160.5,2160.5,0.22822413635253908,37.04747009277342,9441,35,3,4,12045.0,10750.0,1295.0,12.046511627906977,12045.0,1295.0,12.046511627906975
62.598987565143034,returning,True,21.202957965,0.015690640000000002,21.187267325,21.187267325,2162.1,1.6000000000000003,2160.5,2160.5,0.22822659301757814,37.04501342773436,9447,35,3,4,12046.0,10750.0,1296.0,12.055813953488371,12042.666666666666,1292.6666666666667,12.024806201550385
62.66534480708651,returning,True,21.202957965,0.015690640000000002,21.187267325,21.187267325,2162.1,1.6000000000000003,2160.5,2160.5,0.22822659301757814,37.04501342773436,9453,35,3,4,12046.0,10750.0,1296.0,12.055813953488371,12047.0,1297.0,12.065116279069768
62.69901294703595,returning,True,21.22747459,0.015690640000000002,21.21178395,21.21178395,2164.6,1.6000000000000003,2163.0,2163.0,0.22822659301757814,37.04501342773436,9459,35,3,4,12044.0,10750.0,1294.0,12.037209302325582,12044.666666666666,1294.6666666666667,12.04341085271318
62.749060701113194,returning,True,21.22747459,0.015690640000000002,21.21178395,21.21178395,2164.6,1.6000000000000003,2163.0,2163.0,0.22822659301757814,37.04501342773436,9466,35,3,4,12040.0,10750.0,1290.0,12.0,12040.666666666666,1290.6666666666667,12.006201550387596
62.79888216010295,returning,True,21.199035305,0.015690640000000002,21.183344665,21.183344665,2161.7,1.6000000000000003,2160.1,2160.1,0.228232421875,37.03918457031249,9472,35,3,4,12042.0,10750.0,1292.0,12.018604651162791,12043.333333333334,1293.3333333333333,12.031007751937985
62.86744297714904,returning,True,21.199035305,0.015690640000000002,21.183344665,21.183344665,2161.7,1.6000000000000003,2160.1,2160.1,0.22823760986328126,37.03399658203124,9477,35,3,4,12038.0,10750.0,1288.0,11.981395348837209,12038.666666666666,1288.6666666666667,11.987596899224807
62.898032461991534,returning,True,21.1039108,0.015690640000000002,21.088220160000002,21.088220160000002,2152.0,1.6000000000000003,2150.4,2150.4,0.22823760986328126,37.03399658203124,9482,35,3,4,12045.0,10750.0,1295.0,12.046511627906977,12045.0,1295.0,12.046511627906975
62.94958318001591,returning,True,21.1039108,0.015690640000000002,21.088220160000002,21.088220160000002,2152.0,1.6000000000000003,2150.4,2150.4,0.22825831604003907,37.01329040527343,9490,35,3,4,12037.0,10750.0,1287.0,11.972093023255814,12037.0,1287.0,11.972093023255814
62.990574228111655,returning,True,21.1039108,0.015690640000000002,21.088220160000002,21.088220160000002,2152.0,1.6000000000000003,2150.4,2150.4,0.22825831604003907,37.01329040527343,9499,35,3,4,12036.0,10750.0,1286.0,11.962790697674418,12034.0,1284.0,11.944186046511627
63.048269666032866,returning,True,20.78225268,0.015690640000000002,20.76656204,20.76656204,2119.2,1.6000000000000003,2117.6,2117.6,0.22827061462402345,37.00099182128905,9508,35,3,4,12021.0,10750.0,1271.0,11.82325581395349,12025.0,1275.0,11.860465116279071
63.09870421909727,returning,True,20.78225268,0.015690640000000002,20.76656204,20.76656204,2119.2,1.6000000000000003,2117.6,2117.6,0.22828717041015625,36.98443603515625,9514,35,3,4,12015.0,10750.0,1265.0,11.767441860465116,12015.0,1265.0,11.767441860465118
63.1495485031046,returning,True,20.46451722,0.015690640000000002,20.448826580000002,20.448826580000002,2086.8,1.6000000000000003,2085.2000000000003,2085.2000000000003,0.22828717041015625,36.98443603515625,9521,35,3,4,12012.0,10750.0,1262.0,11.73953488372093,12014.333333333334,1264.3333333333333,11.761240310077518
63.198676767991856,returning,True,20.46451722,0.015690640000000002,20.448826580000002,20.448826580000002,2086.8,1.6000000000000003,2085.2000000000003,2085.2000000000003,0.22834381103515625,36.92779541015626,9526,35,3,4,12010.0,10750.0,1260.0,11.720930232558139,12009.0,1259.0,11.711627906976744
63.26514721498825,returning,True,20.46451722,0.015690640000000002,20.448826580000002,20.448826580000002,2086.8,1.6000000000000003,2085.2000000000003,2085.2000000000003,0.22836204528808593,36.90956115722657,9532,35,3,4,11999.0,10750.0,1249.0,11.61860465116279,12005.0,1255.0,11.674418604651164
63.29975513298996,returning,True,19.594667365,0.015690640000000002,19.578976725,19.578976725,1998.1,1.6000000000000003,1996.5,1996.5,0.22836204528808593,36.90956115722657,9537,35,3,4,12002.0,10750.0,1252.0,11.646511627906976,12001.0,1251.0,11.63720930232558
63.34943219507113,returning,True,19.594667365,0.015690640000000002,19.578976725,19.578976725,1998.1,1.6000000000000003,1996.5,1996.5,0.22838265991210938,36.888946533203125,9543,35,3,4,11992.0,10750.0,1242.0,11.553488372093023,11992.0,1242.0,11.553488372093023
63.39941361313686,returning,True,18.926834500000002,0.015690640000000002,18.911143860000003,18.911143860000003,1930.0000000000002,1.6000000000000003,1928.4000000000003,1928.4000000000003,0.22838265991210938,36.888946533203125,9549,35,3,4,11976.0,10750.0,1226.0,11.404651162790698,11981.333333333334,1231.3333333333333,11.454263565891473
63.465072595048696,returning,True,18.926834500000002,0.015690640000000002,18.911143860000003,18.911143860000003,1930.0000000000002,1.6000000000000003,1928.4000000000003,1928.4000000000003,0.22842041015625,36.8511962890625,9556,35,3,4,11977.0,10750.0,1227.0,11.413953488372092,11977.0,1227.0,11.413953488372092
63.498248955002055,returning,True,18.926834500000002,0.015690640000000002,18.911143860000003,18.911143860000003,1930.0000000000002,1.6000000000000003,1928.4000000000003,1928.4000000000003,0.22845640563964845,36.815200805664055,9561,35,3,4,11979.0,10750.0,1229.0,11.432558139534883,11979.0,1229.0,11.432558139534883
63.54872707021423,returning,True,18.01481605,0.015690640000000002,17.99912541,17.99912541,1837.0,1.6000000000000003,1835.4,1835.4,0.22845640563964845,36.815200805664055,9568,35,3,4,11965.0,10750.0,1215.0,11.30232558139535,11969.666666666666,1219.6666666666667,11.345736434108526
63.5991759551689,returning,True,18.01481605,0.015690640000000002,17.99912541,17.99912541,1837.0,1.6000000000000003,1835.4,1835.4,0.22847262573242189,36.79898071289062,9573,35,3,4,11969.0,10750.0,1219.0,11.33953488372093,11967.666666666666,1217.6666666666667,11.327131782945736
63.66745358915068,returning,True,17.611762735000003,0.015690640000000002,17.596072095000004,17.596072095000004,1795.9000000000003,1.6000000000000003,1794.3000000000004,1794.3000000000004,0.22847262573242189,36.79898071289062,9580,35,3,4,11967.0,10750.0,1217.0,11.320930232558139,11964.333333333334,1214.3333333333333,11.296124031007752
63.68986153998412,returning,True,17.611762735000003,0.015690640000000002,17.596072095000004,17.596072095000004,1795.9000000000003,1.6000000000000003,1794.3000000000004,1794.3000000000004,0.22848414611816406,36.787460327148445,9584,35,3,4,11965.0,10750.0,1215.0,11.30232558139535,11965.666666666666,1215.6666666666667,11.308527131782945
63.73990310705267,returning,True,17.611762735000003,0.015690640000000002,17.596072095000004,17.596072095000004,1795.9000000000003,1.6000000000000003,1794.3000000000004,1794.3000000000004,0.2284909210205078,36.7806854248047,9592,35,3,4,11958.0,10750.0,1208.0,11.237209302325581,11958.0,1208.0,11.237209302325581
63.78996292199008,returning,True,16.881167310000002,0.015690640000000002,16.865476670000003,16.865476670000003,1721.4,1.6000000000000003,1719.8000000000004,1719.8000000000004,0.2284909210205078,36.7806854248047,9602,35,3,4,11952.0,10750.0,1202.0,11.18139534883721,11952.0,1202.0,11.181395348837208
63.84832403319888,returning,True,16.881167310000002,0.015690640000000002,16.865476670000003,16.865476670000003,1721.4,1.6000000000000003,1719.8000000000004,1719.8000000000004,0.2285113220214844,36.76028442382812,9611,35,3,4,11910.0,10750.0,1160.0,10.790697674418604,11927.333333333334,1177.3333333333333,10.951937984496125
63.89943634415977,returning,True,16.55754786,0.015690640000000002,16.54185722,16.54185722,1688.3999999999999,1.6000000000000003,1686.8,1686.8,0.2285113220214844,36.76028442382812,9616,35,3,4,11899.0,10750.0,1149.0,10.688372093023256,11904.333333333334,1154.3333333333333,10.73798449612403
63.95240827719681,returning,True,16.55754786,0.015690640000000002,16.54185722,16.54185722,1688.3999999999999,1.6000000000000003,1686.8,1686.8,0.22861907958984376,36.65252685546874,9622,35,3,4,11901.0,10750.0,1151.0,10.706976744186047,11894.333333333334,1144.3333333333333,10.644961240310078
64.00059622502886,returning,True,16.55754786,0.015690640000000002,16.54185722,16.54185722,1688.3999999999999,1.6000000000000003,1686.8,1686.8,0.22861907958984376,36.65252685546874,9629,35,3,4,11902.0,10750.0,1152.0,10.716279069767442,11902.0,1152.0,10.716279069767443
64.06548890401609,returning,True,15.622974115,0.015690640000000002,15.607283475,15.607283475,1593.1,1.6000000000000003,1591.5,1591.5,0.22861563110351563,36.655975341796875,9633,35,3,4,11896.0,10750.0,1146.0,10.66046511627907,11897.333333333334,1147.3333333333333,10.672868217054264
64.09895495208912,returning,True,15.622974115,0.015690640000000002,15.607283475,15.607283475,1593.1,1.6000000000000003,1591.5,1591.5,0.22861109924316406,36.660507202148445,9639,35,3,4,11894.0,10750.0,1144.0,10.64186046511628,11895.0,1145.0,10.651162790697676
64.14986292412505,returning,True,14.944353935,0.015690640000000002,14.928663295,14.928663295,1523.9,1.6000000000000003,1522.3,1522.3,0.22861109924316406,36.660507202148445,9645,35,3,4,11896.0,10750.0,1146.0,10.66046511627907,11894.666666666666,1144.6666666666667,10.648062015503877
64.19930391409434,returning,True,14.944353935,0.015690640000000002,14.928663295,14.928663295,1523.9,1.6000000000000003,1522.3,1522.3,0.2286117706298828,36.659835815429695,9653,35,3,4,11890.0,10750.0,1140.0,10.604651162790697,11885.333333333334,1135.3333333333333,10.56124031007752
64.24835179909132,returning,True,14.944353935,0.015690640000000002,14.928663295,14.928663295,1523.9,1.6000000000000003,1522.3,1522.3,0.2286117706298828,36.659835815429695,9660,35,3,4,11882.0,10750.0,1132.0,10.530232558139534,11882.666666666666,1132.6666666666667,10.53643410852713
64.29871036298573,returning,True,14.64525111,0.015690640000000002,14.62956047,14.62956047,1493.4,1.6000000000000003,1491.8,1491.8,0.22862182617187501,36.649780273437486,9663,35,3,4,11878.0,10750.0,1128.0,10.493023255813954,11880.666666666666,1130.6666666666667,10.517829457364341
64.34019348304719,returning,True,14.64525111,0.015690640000000002,14.62956047,14.62956047,1493.4,1.6000000000000003,1491.8,1491.8,0.22863302612304687,36.63858032226563,9672,35,3,4,11865.0,10750.0,1115.0,10.372093023255815,11865.0,1115.0,10.372093023255815
64.38968333718367,returning,True,14.64525111,0.015690640000000002,14.62956047,14.62956047,1493.4,1.6000000000000003,1491.8,1491.8,0.22863302612304687,36.63858032226563,9680,35,3,4,11861.0,10750.0,1111.0,10.334883720930232,11869.0,1119.0,10.409302325581395
64.44894756400026,returning,True,14.55110727,0.015690640000000002,14.535416629999999,14.535416629999999,1483.8,1.6000000000000003,1482.1999999999998,1482.1999999999998,0.2286527862548828,36.618820190429695,9689,35,3,4,11863.0,10750.0,1113.0,10.353488372093024,11866.333333333334,1116.3333333333333,10.384496124031008
64.49865172617137,returning,True,14.55110727,0.015690640000000002,14.535416629999999,14.535416629999999,1483.8,1.6000000000000003,1482.1999999999998,1482.1999999999998,0.2286527862548828,36.618820190429695,9695,35,3,4,11855.0,10750.0,1105.0,10.279069767441861,11855.0,1105.0,10.279069767441861
64.54894011607394,returning,True,14.2000292,0.015690640000000002,14.184338559999999,14.184338559999999,1448.0,1.6000000000000003,1446.3999999999999,1446.3999999999999,0.22866392517089845,36.60768127441405,9701,35,3,4,11846.0,10750.0,1096.0,10.195348837209302,11852.666666666666,1102.6666666666667,10.257364341085271
64.59903336199932,returning,True,14.2000292,0.015690640000000002,14.184338559999999,14.184338559999999,1448.0,1.6000000000000003,1446.3999999999999,1446.3999999999999,0.22866392517089845,36.60768127441405,9707,35,3,4,11824.0,10750.0,1074.0,9.990697674418605,11832.0,1082.0,10.065116279069768
64.66588751901872,returning,True,14.2000292,0.015690640000000002,14.184338559999999,14.184338559999999,1448.0,1.6000000000000003,1446.3999999999999,1446.3999999999999,0.22868417358398438,36.587432861328125,9713,35,3,4,11756.0,10750.0,1006.0,9.35813953488372,11759.0,1009.0,9.386046511627908
64.69863521610387,returning,True,13.696948055,0.015690640000000002,13.681257415,13.681257415,1396.7,1.6000000000000003,1395.1,1395.1,0.22883349609375,36.4381103515625,9717,35,3,4,11742.0,10750.0,992.0,9.227906976744187,11742.0,992.0,9.227906976744187
64.7482363160234,returning,True,13.696948055,0.015690640000000002,13.681257415,13.681257415,1396.7,1.6000000000000003,1395.1,1395.1,0.22883349609375,36.4381103515625,9724,35,3,4,11712.0,10750.0,962.0,8.948837209302326,11722.0,972.0,9.04186046511628
64.78998530399986,returning,True,12.706476405,0.015690640000000002,12.690785765,12.690785765,1295.7,1.6000000000000003,1294.1,1294.1,0.2288628692626953,36.408737182617195,9732,35,3,4,11710.0,10750.0,960.0,8.930232558139535,11713.0,963.0,8.95813953488372
64.84785688505508,returning,True,12.706476405,0.015690640000000002,12.690785765,12.690785765,1295.7,1.6000000000000003,1294.1,1294.1,0.2288628692626953,36.408737182617195,9741,35,3,4,11686.0,10750.0,936.0,8.706976744186047,11686.0,936.0,8.706976744186047
64.89881503605284,returning,True,12.706476405,0.015690640000000002,12.690785765,12.690785765,1295.7,1.6000000000000003,1294.1,1294.1,0.22887451171875,36.39709472656249,9746,35,3,4,11609.0,10750.0,859.0,7.9906976744186045,11625.666666666666,875.6666666666666,8.145736434108526
64.94979049102403,returning,True,10.943240735000002,0.015690640000000002,10.927550095,10.927550095,1115.9,1.6000000000000003,1114.3000000000002,1114.3000000000002,0.22892156982421877,36.350036621093736,9752,35,3,4,11601.0,10750.0,851.0,7.916279069767442,11601.0,851.0,7.916279069767442
65.00014902907424,returning,True,10.943240735000002,0.015690640000000002,10.927550095,10.927550095,1115.9,1.6000000000000003,1114.3000000000002,1114.3000000000002,0.22892156982421877,36.350036621093736,9758,35,3,4,11590.0,10750.0,840.0,7.813953488372093,11585.333333333334,835.3333333333334,7.770542635658916
65.06467533204705,returning,True,10.943240735000002,0.015690640000000002,10.927550095,10.927550095,1115.9,1.6000000000000003,1114.3000000000002,1114.3000000000002,0.22899411010742188,36.277496337890625,9763,35,3,4,11592.0,10750.0,842.0,7.832558139534884,11592.0,842.0,7.832558139534885
65.09935254906304,returning,True,9.697796185,0.015690640000000002,9.682105544999999,9.682105544999999,988.9,1.6000000000000003,987.2999999999998,987.2999999999998,0.2289987335205078,36.27287292480469,9767,35,3,4,11584.0,10750.0,834.0,7.758139534883721,11584.0,834.0,7.758139534883721
65.1482328909915,returning,True,9.697796185,0.015690640000000002,9.682105544999999,9.682105544999999,988.9,1.6000000000000003,987.2999999999998,987.2999999999998,0.2289987335205078,36.27287292480469,9773,35,3,4,11576.0,10750.0,826.0,7.683720930232558,11581.333333333334,831.3333333333334,7.733333333333333
65.19899320905097,returning,True,9.060363935,0.015690640000000002,9.044673294999999,9.044673294999999,923.9,1.6000000000000003,922.2999999999998,922.2999999999998,0.2290045166015625,36.267089843749986,9780,35,3,4,11575.0,10750.0,825.0,7.674418604651163,11575.0,825.0,7.674418604651163
65.26489998609759,returning,True,9.060363935,0.015690640000000002,9.044673294999999,9.044673294999999,923.9,1.6000000000000003,922.2999999999998,922.2999999999998,0.22901129150390626,36.26031494140625,9785,35,3,4,11567.0,10750.0,817.0,7.6,11566.0,816.0,7.590697674418604
65.31635710503906,returning,True,9.060363935,0.015690640000000002,9.044673294999999,9.044673294999999,923.9,1.6000000000000003,922.2999999999998,922.2999999999998,0.22901129150390626,36.26031494140625,9789,35,3,4,11557.0,10750.0,807.0,7.506976744186047,11557.666666666666,807.6666666666666,7.5131782945736445
65.3668545121327,returning,True,8.787739065,0.015690640000000002,8.772048425,8.772048425,896.1,1.6000000000000003,894.4999999999999,894.4999999999999,0.22903512573242188,36.236480712890625,9795,35,3,4,11539.0,10750.0,789.0,7.339534883720931,11539.0,789.0,7.339534883720931
65.41503275418654,returning,True,8.787739065,0.015690640000000002,8.772048425,8.772048425,896.1,1.6000000000000003,894.4999999999999,894.4999999999999,0.22903512573242188,36.236480712890625,9801,35,3,4,11524.0,10750.0,774.0,7.2,11535.333333333334,785.3333333333334,7.305426356589147
65.46504428610206,returning,True,8.787739065,0.015690640000000002,8.772048425,8.772048425,896.1,1.6000000000000003,894.4999999999999,894.4999999999999,0.2290596923828125,36.211914062499986,9808,35,3,4,11511.0,10750.0,761.0,7.079069767441861,11511.0,761.0,7.079069767441861
65.49944324605167,returning,True,8.429796340000001,0.015690640000000002,8.4141057,8.4141057,859.6000000000001,1.6000000000000003,858.0,858.0,0.2290596923828125,36.211914062499986,9813,35,3,4,11486.0,10750.0,736.0,6.846511627906977,11488.666666666666,738.6666666666666,6.8713178294573645
65.54800928710029,returning,True,8.429796340000001,0.015690640000000002,8.4141057,8.4141057,859.6000000000001,1.6000000000000003,858.0,858.0,0.22908680725097658,36.18479919433592,9819,35,3,4,11465.0,10750.0,715.0,6.651162790697675,11472.333333333334,722.3333333333334,6.719379844961241
65.59923311206512,returning,True,8.04733699,0.015690640000000002,8.031646349999999,8.031646349999999,820.6,1.6000000000000003,818.9999999999999,818.9999999999999,0.2291272888183594,36.14431762695311,9826,35,3,4,11425.0,10750.0,675.0,6.27906976744186,11425.0,675.0,6.27906976744186
65.66536404006183,returning,True,8.04733699,0.015690640000000002,8.031646349999999,8.031646349999999,820.6,1.6000000000000003,818.9999999999999,818.9999999999999,0.2291272888183594,36.14431762695311,9834,35,3,4,11358.0,10750.0,608.0,5.655813953488372,11358.0,608.0,5.655813953488372
65.71581739815883,returning,True,8.04733699,0.015690640000000002,8.031646349999999,8.031646349999999,820.6,1.6000000000000003,818.9999999999999,818.9999999999999,0.22919041442871094,36.08119201660156,9840,35,3,4,11344.0,10750.0,594.0,5.525581395348837,11346.0,596.0,5.544186046511627
65.75074353301898,returning,True,7.18435179,0.015690640000000002,7.16866115,7.16866115,732.6,1.6000000000000003,731.0,731.0,0.22919041442871094,36.08119201660156,9845,35,3,4,11320.0,10750.0,570.0,5.3023255813953485,11322.666666666666,572.6666666666666,5.327131782945735
65.79909081500955,returning,True,7.18435179,0.015690640000000002,7.16866115,7.16866115,732.6,1.6000000000000003,731.0,731.0,0.229228759765625,36.04284667968749,9852,35,3,4,11301.0,10750.0,551.0,5.125581395348838,11302.333333333334,552.3333333333334,5.137984496124031
65.86621847306378,returning,True,6.48219565,0.015690640000000002,6.4665050100000006,6.4665050100000006,661.0,1.6000000000000003,659.4000000000001,659.4000000000001,0.22924972534179688,36.02188110351562,9857,35,3,4,11295.0,10750.0,545.0,5.069767441860465,11297.0,547.0,5.088372093023255
65.89897836698219,returning,True,6.48219565,0.015690640000000002,6.4665050100000006,6.4665050100000006,661.0,1.6000000000000003,659.4000000000001,659.4000000000001,0.22924972534179688,36.02188110351562,9863,35,3,4,11294.0,10750.0,544.0,5.06046511627907,11294.0,544.0,5.06046511627907
65.94383227312937,returning,True,6.48219565,0.015690640000000002,6.4665050100000006,6.4665050100000006,661.0,1.6000000000000003,659.4000000000001,659.4000000000001,0.22925814819335938,36.013458251953125,9869,35,3,4,11280.0,10750.0,530.0,4.930232558139535,11280.666666666666,530.6666666666666,4.9364341085271315
65.99009188218042,returning,True,5.80161414,0.015690640000000002,5.7859235,5.7859235,591.6,1.6000000000000003,590.0,590.0,0.22925814819335938,36.013458251953125,9877,35,3,4,11274.0,10750.0,524.0,4.874418604651162,11274.0,524.0,4.874418604651162
66.04886087519117,returning,True,5.80161414,0.015690640000000002,5.7859235,5.7859235,591.6,1.6000000000000003,590.0,590.0,0.22926266479492188,36.00894165039062,9888,35,3,4,11271.0,10750.0,521.0,4.846511627906977,11271.0,521.0,4.846511627906977
66.09826791612431,returning,True,5.64274641,0.015690640000000002,5.62705577,5.62705577,575.4,1.6000000000000003,573.8,573.8,0.22926266479492188,36.00894165039062,9893,35,3,4,11262.0,10750.0,512.0,4.7627906976744185,11265.0,515.0,4.790697674418605
66.14809472020715,returning,True,5.64274641,0.015690640000000002,5.62705577,5.62705577,575.4,1.6000000000000003,573.8,573.8,0.22926844787597656,36.003158569335945,9899,35,3,4,11261.0,10750.0,511.0,4.753488372093023,11261.0,511.0,4.753488372093023
66.19827886600979,returning,True,5.64274641,0.015690640000000002,5.62705577,5.62705577,575.4,1.6000000000000003,573.8,573.8,0.22926844787597656,36.003158569335945,9907,35,3,4,11254.0,10750.0,504.0,4.688372093023256,11254.333333333334,504.3333333333333,4.691472868217054
66.24866566900164,returning,True,5.55644789,0.015690640000000002,5.54075725,5.54075725,566.6,1.6000000000000003,565.0,565.0,0.22926927185058593,36.00233459472657,9915,35,3,4,11245.0,10750.0,495.0,4.604651162790698,11245.0,495.0,4.604651162790698
66.29016472608782,returning,True,5.55644789,0.015690640000000002,5.54075725,5.54075725,566.6,1.6000000000000003,565.0,565.0,0.22926927185058593,36.00233459472657,9920,35,3,4,11248.0,10750.0,498.0,4.632558139534884,11248.333333333334,498.3333333333333,4.635658914728682
66.34034627303481,returning,True,5.522124615,0.015690640000000002,5.506433975,5.506433975,563.1,1.6000000000000003,561.5,561.5,0.2292772979736328,35.994308471679695,9928,35,3,4,11237.0,10750.0,487.0,4.530232558139535,11237.0,487.0,4.530232558139535
66.3898787330836,returning,True,5.522124615,0.015690640000000002,5.506433975,5.506433975,563.1,1.6000000000000003,561.5,561.5,0.22927911376953125,35.99249267578125,9937,35,3,4,11227.0,10750.0,477.0,4.437209302325582,11234.333333333334,484.3333333333333,4.5054263565891475
66.44831915898249,returning,True,5.47014937,0.015690640000000002,5.45445873,5.45445873,557.8,1.6000000000000003,556.1999999999999,556.1999999999999,0.22928073120117187,35.99087524414063,9947,35,3,4,11215.0,10750.0,465.0,4.325581395348837,11216.666666666666,466.6666666666667,4.341085271317829
66.49813737999648,returning,True,5.47014937,0.015690640000000002,5.45445873,5.45445873,557.8,1.6000000000000003,556.1999999999999,556.1999999999999,0.22929225158691408,35.97935485839842,9951,35,3,4,11214.0,10750.0,464.0,4.316279069767442,11214.333333333334,464.3333333333333,4.31937984496124
66.5399551470764,returning,True,5.47014937,0.015690640000000002,5.45445873,5.45445873,557.8,1.6000000000000003,556.1999999999999,556.1999999999999,0.22929225158691408,35.97935485839842,9960,35,3,4,11022.0,10750.0,272.0,2.530232558139535,11022.0,272.0,2.530232558139535
66.59053692105226,returning,True,5.351488905,0.015690640000000002,5.335798265,5.335798265,545.7,1.6000000000000003,544.1,544.1,0.22929330444335938,35.978302001953125,9969,35,3,4,10939.0,10750.0,189.0,1.758139534883721,10939.0,189.0,1.758139534883721
66.64939863304608,returning,True,5.351488905,0.015690640000000002,5.335798265,5.335798265,545.7,1.6000000000000003,544.1,544.1,0.2294194793701172,35.852127075195305,9979,35,3,4,10878.0,10750.0,128.0,1.1906976744186046,10878.0,128.0,1.1906976744186046
66.69898877409287,returning,True,4.87782771,0.015690640000000002,4.86213707,4.86213707,497.4,1.6000000000000003,495.8,495.8,0.22948223876953125,35.78936767578125,9985,35,3,4,10865.0,10750.0,115.0,1.069767441860465,10865.0,115.0,1.069767441860465
66.74834543908946,returning,True,4.87782771,0.015690640000000002,4.86213707,4.86213707,497.4,1.6000000000000003,495.8,495.8,0.22950097656250001,35.770629882812486,9991,35,3,4,10852.0,10750.0,102.0,0.9488372093023256,10852.0,102.0,0.9488372093023255
66.79840685217641,returning,True,4.87782771,0.015690640000000002,4.86213707,4.86213707,497.4,1.6000000000000003,495.8,495.8,0.22950097656250001,35.770629882812486,9997,35,3,4,10799.0,10750.0,49.0,0.4558139534883721,10808.333333333334,58.333333333333336,0.5426356589147286
66.86600191099569,returning,True,4.057011105,0.015690640000000002,4.041320465,4.041320465,413.7,1.6000000000000003,412.1,412.1,0.22954498291015626,35.726623535156236,10003,35,3,4,10765.0,10750.0,15.0,0.13953488372093023,10773.666666666666,23.666666666666668,0.22015503875968992
66.91603364911862,returning,True,4.057011105,0.015690640000000002,4.041320465,4.041320465,413.7,1.6000000000000003,412.1,412.1,0.22958729553222657,35.68431091308594,10007,35,3,4,10721.0,10750.0,-29.0,-0.26976744186046514,10735.666666666666,-14.333333333333334,-0.13333333333333333
66.9673209481407,returning,True,3.0008349,0.015690640000000002,2.98514426,2.98514426,306.0,1.6000000000000003,304.40000000000003,304.40000000000003,0.22958729553222657,35.68431091308594,10013,35,3,4,10685.0,10750.0,-65.0,-0.6046511627906976,10692.0,-58.0,-0.5395348837209302
67.00019378704019,returning,True,3.0008349,0.015690640000000002,2.98514426,2.98514426,306.0,1.6000000000000003,304.40000000000003,304.40000000000003,0.22963342285156252,35.638183593749986,10020,35,3,4,10576.0,10750.0,-174.0,-1.6186046511627907,10603.333333333334,-146.66666666666666,-1.3643410852713178
67.06527546001598,returning,True,2.5879749349999996,0.015690640000000002,2.5722842949999998,2.5722842949999998,263.9,1.6000000000000003,262.29999999999995,262.29999999999995,0.22963342285156252,35.638183593749986,10027,35,3,4,10392.0,10750.0,-358.0,-3.3302325581395347,10427.666666666666,-322.3333333333333,-2.998449612403101
67.09989130217582,returning,True,2.5879749349999996,0.015690640000000002,2.5722842949999998,2.5722842949999998,263.9,1.6000000000000003,262.29999999999995,262.29999999999995,0.22975833129882814,35.51327514648436,10033,35,3,4,10332.0,10750.0,-418.0,-3.8883720930232557,10340.666666666666,-409.3333333333333,-3.8077519379844964
67.1491168641951,returning,True,2.5879749349999996,0.015690640000000002,2.5722842949999998,2.5722842949999998,263.9,1.6000000000000003,262.29999999999995,262.29999999999995,0.22975833129882814,35.51327514648436,10040,35,3,4,10294.0,10750.0,-456.0,-4.241860465116279,10294.0,-456.0,-4.241860465116279
67.19906052714214,returning,True,1.69458912,0.015690640000000002,1.67889848,1.67889848,172.8,1.6000000000000003,171.2,171.2,0.22989556884765625,35.37603759765626,10045,35,3,4,10286.0,10750.0,-464.0,-4.316279069767442,10291.0,-459.0,-4.269767441860465
67.26471756398678,returning,True,1.69458912,0.015690640000000002,1.67889848,1.67889848,172.8,1.6000000000000003,171.2,171.2,0.22994538879394533,35.32621765136717,10051,35,3,4,10283.0,10750.0,-467.0,-4.344186046511628,10284.0,-466.0,-4.334883720930232
67.29869230720215,returning,True,1.69458912,0.015690640000000002,1.67889848,1.67889848,172.8,1.6000000000000003,171.2,171.2,0.22994538879394533,35.32621765136717,10055,35,3,4,10278.0,10750.0,-472.0,-4.390697674418605,10279.333333333334,-470.6666666666667,-4.378294573643411
67.34846267499961,returning,True,0.699214145,0.015690640000000002,0.683523505,0.683523505,71.3,1.6000000000000003,69.7,69.7,0.22995645141601562,35.31515502929688,10061,35,3,4,10270.0,10750.0,-480.0,-4.465116279069767,10270.0,-480.0,-4.465116279069767
67.39812570204958,returning,True,0.699214145,0.015690640000000002,0.683523505,0.683523505,71.3,1.6000000000000003,69.7,69.7,0.22995645141601562,35.31515502929688,10067,35,3,4,10260.0,10750.0,-490.0,-4.558139534883721,10260.666666666666,-489.3333333333333,-4.551937984496124
67.46465847198851,returning,True,0.442279915,0.015690640000000002,0.42658927500000005,0.42658927500000005,45.1,1.6000000000000003,43.50000000000001,43.50000000000001,0.22996630859375,35.3052978515625,10074,35,3,4,10258.0,10750.0,-492.0,-4.576744186046511,10258.0,-492.0,-4.576744186046511
67.51511107501574,returning,True,0.442279915,0.015690640000000002,0.42658927500000005,0.42658927500000005,45.1,1.6000000000000003,43.50000000000001,43.50000000000001,0.22996630859375,35.3052978515625,10079,35,3,4,10259.0,10750.0,-491.0,-4.567441860465117,10257.333333333334,-492.6666666666667,-4.582945736434109
67.56584677402861,returning,True,0.442279915,0.015690640000000002,0.42658927500000005,0.42658927500000005,45.1,1.6000000000000003,43.50000000000001,43.50000000000001,0.22997662353515624,35.29498291015626,10085,35,3,4,10257.0,10750.0,-493.0,-4.586046511627907,10256.333333333334,-493.6666666666667,-4.5922480620155035
67.6149807041511,returning,True,0.39913065500000006,0.015690640000000002,0.3834400150000001,0.3834400150000001,40.7,1.6000000000000003,39.10000000000001,39.10000000000001,0.22997862243652345,35.292984008789055,10091,35,3,4,10252.0,10750.0,-498.0,-4.632558139534884,10252.0,-498.0,-4.632558139534884
67.6646500020288,returning,True,0.39913065500000006,0.015690640000000002,0.3834400150000001,0.3834400150000001,40.7,1.6000000000000003,39.10000000000001,39.10000000000001,0.22997862243652345,35.292984008789055,10097,35,3,4,10256.0,10750.0,-494.0,-4.595348837209302,10250.0,-500.0,-4.651162790697675
67.69950092118233,returning,True,0.39913065500000006,0.015690640000000002,0.3834400150000001,0.3834400150000001,40.7,1.6000000000000003,39.10000000000001,39.10000000000001,0.22999343872070313,35.278167724609375,10102,35,3,4,10303.0,10750.0,-447.0,-4.158139534883721,10293.0,-457.0,-4.251162790697674
67.74878355418332,returning,True,0.36676871,0.015690640000000002,0.35107807,0.35107807,37.4,1.6000000000000003,35.800000000000004,35.800000000000004,0.22999343872070313,35.278167724609375,10107,35,3,4,10292.0,10750.0,-458.0,-4.26046511627907,10290.666666666666,-459.3333333333333,-4.272868217054264
67.79805701016448,returning,True,0.36676871,0.015690640000000002,0.35107807,0.35107807,37.4,1.6000000000000003,35.800000000000004,35.800000000000004,0.2301484375,35.12316894531251,10113,35,3,4,10284.0,10750.0,-466.0,-4.334883720930232,10286.666666666666,-463.3333333333333,-4.310077519379845
67.86600520112552,returning,True,0.27262487,0.015690640000000002,0.25693423000000004,0.25693423000000004,27.8,1.6000000000000003,26.200000000000003,26.200000000000003,0.23017752075195314,35.09408569335937,10119,35,3,4,10296.0,10750.0,-454.0,-4.223255813953489,10296.0,-454.0,-4.223255813953489
67.89798740018159,returning,True,0.27262487,0.015690640000000002,0.25693423000000004,0.25693423000000004,27.8,1.6000000000000003,26.200000000000003,26.200000000000003,0.23017752075195314,35.09408569335937,10124,35,3,4,10292.0,10750.0,-458.0,-4.26046511627907,10292.0,-458.0,-4.26046511627907
67.94964817306027,returning,True,0.27262487,0.015690640000000002,0.25693423000000004,0.25693423000000004,27.8,1.6000000000000003,26.200000000000003,26.200000000000003,0.2301845703125,35.0870361328125,10133,35,3,4,10301.0,10750.0,-449.0,-4.176744186046512,10301.0,-449.0,-4.176744186046512
67.99002143600956,returning,True,0.120621795,0.015690640000000002,0.104931155,0.104931155,12.3,1.6000000000000003,10.7,10.7,0.2301845703125,35.0870361328125,10141,35,3,4,10303.0,10750.0,-447.0,-4.158139534883721,10303.0,-447.0,-4.158139534883721
68.04810091108084,returning,True,0.120621795,0.015690640000000002,0.104931155,0.104931155,12.3,1.6000000000000003,10.7,10.7,0.23019207763671876,35.07952880859374,10150,35,3,4,10300.0,10750.0,-450.0,-4.186046511627907,10300.0,-450.0,-4.186046511627907
68.09903832618147,returning,True,0.104931155,0.015690640000000002,0.08924051499999999,0.08924051499999999,10.7,1.6000000000000003,9.1,9.1,0.2301900634765625,35.08154296874999,10155,35,3,4,10300.0,10750.0,-450.0,-4.186046511627907,10299.333333333334,-450.6666666666667,-4.192248062015504
68.15313640306704,returning,True,0.104931155,0.015690640000000002,0.08924051499999999,0.08924051499999999,10.7,1.6000000000000003,9.1,9.1,0.2301900634765625,35.08154296874999,10161,35,3,4,10304.0,10750.0,-446.0,-4.148837209302326,10304.0,-446.0,-4.148837209302326
68.20041571720503,returning,True,0.104931155,0.015690640000000002,0.08924051499999999,0.08924051499999999,10.7,1.6000000000000003,9.1,9.1,0.23019395446777344,35.07765197753906,10167,35,3,4,10310.0,10750.0,-440.0,-4.093023255813954,10310.0,-440.0,-4.093023255813954
68.26611734414473,returning,True,0.12160246000000001,0.015690640000000002,0.10591182,0.10591182,12.4,1.6000000000000003,10.8,10.8,0.23021243286132814,35.05917358398436,10171,35,3,4,10321.0,10750.0,-429.0,-3.9906976744186045,10314.666666666666,-435.3333333333333,-4.049612403100775
68.29910373920575,returning,True,0.12160246000000001,0.015690640000000002,0.10591182,0.10591182,12.4,1.6000000000000003,10.8,10.8,0.23021243286132814,35.05917358398436,10176,35,3,4,10333.0,10750.0,-417.0,-3.8790697674418606,10327.0,-423.0,-3.9348837209302325
68.34803109918721,returning,True,0.12160246000000001,0.015690640000000002,0.10591182,0.10591182,12.4,1.6000000000000003,10.8,10.8,0.23023672485351562,35.03488159179688,10182,35,3,4,10414.0,10750.0,-336.0,-3.125581395348837,10403.0,-347.0,-3.2279069767441864
68.39852216700092,returning,True,0.12356378999999999,0.015690640000000002,0.10787314999999999,0.10787314999999999,12.6,1.6000000000000003,10.999999999999998,10.999999999999998,0.23023672485351562,35.03488159179688,10190,35,3,4,10470.0,10750.0,-280.0,-2.604651162790698,10447.333333333334,-302.6666666666667,-2.8155038759689925
68.44798990199342,returning,True,0.12356378999999999,0.015690640000000002,0.10787314999999999,0.10787314999999999,12.6,1.6000000000000003,10.999999999999998,10.999999999999998,0.2304708709716797,34.8007354736328,10198,35,3,4,10459.0,10750.0,-291.0,-2.7069767441860466,10463.666666666666,-286.3333333333333,-2.6635658914728686
68.49919353006408,returning,True,0.08629852,0.015690640000000002,0.07060788,0.07060788,8.8,1.6000000000000003,7.199999999999999,7.199999999999999,0.23065121459960938,34.62039184570312,10204,35,3,4,10467.0,10750.0,-283.0,-2.6325581395348836,10463.666666666666,-286.3333333333333,-2.663565891472868
68.5512897099834,returning,True,0.08629852,0.015690640000000002,0.07060788,0.07060788,8.8,1.6000000000000003,7.199999999999999,7.199999999999999,0.23065121459960938,34.62039184570312,10210,35,3,4,10465.0,10750.0,-285.0,-2.6511627906976742,10467.666666666666,-282.3333333333333,-2.626356589147287
68.60286378115416,returning,True,0.08629852,0.015690640000000002,0.07060788,0.07060788,8.8,1.6000000000000003,7.199999999999999,7.199999999999999,0.23068707275390626,34.584533691406236,10216,35,3,4,10469.0,10750.0,-281.0,-2.613953488372093,10467.666666666666,-282.3333333333333,-2.626356589147287
68.66537394514307,returning,True,0.059820565,0.015690640000000002,0.044129925,0.044129925,6.1,1.6000000000000003,4.5,4.5,0.23070657348632814,34.56503295898436,10223,35,3,4,10468.0,10750.0,-282.0,-2.6232558139534885,10468.0,-282.0,-2.6232558139534885
68.70330078806728,returning,True,0.059820565,0.015690640000000002,0.044129925,0.044129925,6.1,1.6000000000000003,4.5,4.5,0.23070657348632814,34.56503295898436,10228,35,3,4,10467.0,10750.0,-283.0,-2.6325581395348836,10467.0,-283.0,-2.6325581395348836
68.74960006098263,returning,True,0.05491724,0.015690640000000002,0.0392266,0.0392266,5.6,1.6000000000000003,4.0,4.0,0.23071847534179687,34.553131103515625,10235,35,3,4,10481.0,10750.0,-269.0,-2.5023255813953487,10475.0,-275.0,-2.5581395348837206
68.79836524301209,returning,True,0.05491724,0.015690640000000002,0.0392266,0.0392266,5.6,1.6000000000000003,4.0,4.0,0.23071847534179687,34.553131103515625,10240,35,3,4,10477.0,10750.0,-273.0,-2.5395348837209304,10480.333333333334,-269.6666666666667,-2.508527131782946
68.86526976898313,returning,True,0.05491724,0.015690640000000002,0.0392266,0.0392266,5.6,1.6000000000000003,4.0,4.0,0.23073675537109375,34.53485107421875,10247,35,3,4,10486.0,10750.0,-264.0,-2.4558139534883723,10486.0,-264.0,-2.4558139534883723
68.91481377999298,returning,True,0.05295591,0.015690640000000002,0.03726527,0.03726527,5.4,1.6000000000000003,3.8000000000000003,3.8000000000000003,0.23073675537109375,34.53485107421875,10252,35,3,4,10492.0,10750.0,-258.0,-2.4,10491.666666666666,-258.3333333333333,-2.4031007751937987
68.96631742105819,returning,True,0.05295591,0.015690640000000002,0.03726527,0.03726527,5.4,1.6000000000000003,3.8000000000000003,3.8000000000000003,0.23077374267578127,34.497863769531236,10258,35,3,4,10497.0,10750.0,-253.0,-2.353488372093023,10494.333333333334,-255.66666666666666,-2.378294573643411
68.99881343706511,returning,True,0.05295591,0.015690640000000002,0.03726527,0.03726527,5.4,1.6000000000000003,3.8000000000000003,3.8000000000000003,0.23083782958984375,34.43377685546875,10265,35,3,4,10522.0,10750.0,-228.0,-2.1209302325581394,10516.0,-234.0,-2.1767441860465113
69.04816919006407,returning,True,0.051975244999999996,0.015690640000000002,0.036284605,0.036284605,5.3,1.6000000000000003,3.6999999999999997,3.6999999999999997,0.23083782958984375,34.43377685546875,10274,35,3,4,10532.0,10750.0,-218.0,-2.027906976744186,10532.0,-218.0,-2.027906976744186
69.0999206372071,returning,True,0.051975244999999996,0.015690640000000002,0.036284605,0.036284605,5.3,1.6000000000000003,3.6999999999999997,3.6999999999999997,0.23093850708007813,34.333099365234375,10280,35,3,4,10566.0,10750.0,-184.0,-1.7116279069767442,10560.666666666666,-189.33333333333334,-1.7612403100775194
69.149385857163,returning,True,0.051975244999999996,0.015690640000000002,0.036284605,0.036284605,5.3,1.6000000000000003,3.6999999999999997,3.6999999999999997,0.23093850708007813,34.333099365234375,10284,35,3,4,10575.0,10750.0,-175.0,-1.627906976744186,10570.333333333334,-179.66666666666666,-1.6713178294573643
69.19906950206496,returning,True,0.051975244999999996,0.015690640000000002,0.036284605,0.036284605,5.3,1.6000000000000003,3.6999999999999997,3.6999999999999997,0.23111538696289063,34.15621948242187,10289,35,3,4,10573.0,10750.0,-177.0,-1.6465116279069767,10572.666666666666,-177.33333333333334,-1.649612403100775
69.26524596009403,returning,True,0.051975244999999996,0.015690640000000002,0.036284605,0.036284605,5.3,1.6000000000000003,3.6999999999999997,3.6999999999999997,0.23127845764160157,33.99314880371093,10295,35,3,4,10589.0,10750.0,-161.0,-1.4976744186046511,10589.0,-161.0,-1.4976744186046511
69.30038175499067,returning,True,0.050994580000000005,0.015690640000000002,0.035303940000000006,0.035303940000000006,5.2,1.6000000000000003,3.6000000000000005,3.6000000000000005,0.23127845764160157,33.99314880371093,10300,35,3,4,10594.0,10750.0,-156.0,-1.4511627906976745,10593.333333333334,-156.66666666666666,-1.4573643410852715
69.34876680001616,returning,True,0.050994580000000005,0.015690640000000002,0.035303940000000006,0.035303940000000006,5.2,1.6000000000000003,3.6000000000000005,3.6000000000000005,0.23144952392578125,33.82208251953126,10307,35,3,4,10597.0,10750.0,-153.0,-1.4232558139534883,10597.666666666666,-152.33333333333334,-1.4170542635658914
69.3983931131661,returning,True,0.050994580000000005,0.015690640000000002,0.035303940000000006,0.035303940000000006,5.2,1.6000000000000003,3.6000000000000005,3.6000000000000005,0.23144952392578125,33.82208251953126,10312,35,3,4,10594.0,10750.0,-156.0,-1.4511627906976745,10591.666666666666,-158.33333333333334,-1.4728682170542635
69.46531118010171,returning,True,0.050994580000000005,0.015690640000000002,0.035303940000000006,0.035303940000000006,5.2,1.6000000000000003,3.6000000000000005,3.6000000000000005,0.23145880126953125,33.81280517578125,10319,35,3,4,10593.0,10750.0,-157.0,-1.4604651162790698,10593.0,-157.0,-1.4604651162790698
69.51549095311202,returning,True,0.050994580000000005,0.015690640000000002,0.035303940000000006,0.035303940000000006,5.2,1.6000000000000003,3.6000000000000005,3.6000000000000005,0.23146621704101564,33.80538940429687,10324,35,3,4,10598.0,10750.0,-152.0,-1.413953488372093,10594.666666666666,-155.33333333333334,-1.4449612403100776
69.56546249217354,returning,True,0.050013915,0.015690640000000002,0.034323275,0.034323275,5.1,1.6000000000000003,3.5,3.5,0.23146621704101564,33.80538940429687,10328,35,3,4,10593.0,10750.0,-157.0,-1.4604651162790698,10595.666666666666,-154.33333333333334,-1.4356589147286822
69.61532408720814,returning,True,0.050013915,0.015690640000000002,0.034323275,0.034323275,5.1,1.6000000000000003,3.5,3.5,0.23147085571289064,33.80075073242186,10334,35,3,4,10591.0,10750.0,-159.0,-1.4790697674418605,10591.0,-159.0,-1.4790697674418605
69.66680021607317,returning,True,0.050013915,0.015690640000000002,0.034323275,0.034323275,5.1,1.6000000000000003,3.5,3.5,0.231470703125,33.80090332031249,10340,35,3,4,10593.0,10750.0,-157.0,-1.4604651162790698,10591.0,-159.0,-1.4790697674418605
69.70201913407072,returning,True,0.04903325,0.015690640000000002,0.033342609999999995,0.033342609999999995,5.0,1.6000000000000003,3.3999999999999995,3.3999999999999995,0.231470703125,33.80090332031249,10344,35,3,4,10588.0,10750.0,-162.0,-1.5069767441860464,10590.666666666666,-159.33333333333334,-1.482170542635659
69.7514142410364,returning,True,0.04903325,0.015690640000000002,0.033342609999999995,0.033342609999999995,5.0,1.6000000000000003,3.3999999999999995,3.3999999999999995,0.23146726989746094,33.80433654785156,10351,35,3,4,10593.0,10750.0,-157.0,-1.4604651162790698,10593.0,-157.0,-1.4604651162790698
69.79803442698903,returning,True,0.04903325,0.015690640000000002,0.033342609999999995,0.033342609999999995,5.0,1.6000000000000003,3.3999999999999995,3.3999999999999995,0.23146726989746094,33.80433654785156,10356,35,3,4,10593.0,10750.0,-157.0,-1.4604651162790698,10593.333333333334,-156.66666666666666,-1.4573643410852715
69.86603719019331,returning,True,0.04903325,0.015690640000000002,0.033342609999999995,0.033342609999999995,5.0,1.6000000000000003,3.3999999999999995,3.3999999999999995,0.23147496032714845,33.79664611816405,10362,35,3,4,10588.0,10750.0,-162.0,-1.5069767441860464,10588.0,-162.0,-1.5069767441860467
69.91510351304896,returning,True,0.04903325,0.015690640000000002,0.033342609999999995,0.033342609999999995,5.0,1.6000000000000003,3.3999999999999995,3.3999999999999995,0.2314837646484375,33.78784179687499,10366,35,3,4,10592.0,10750.0,-158.0,-1.4697674418604652,10596.333333333334,-153.66666666666666,-1.4294573643410853
69.94922552304342,returning,True,0.04903325,0.015690640000000002,0.033342609999999995,0.033342609999999995,5.0,1.6000000000000003,3.3999999999999995,3.3999999999999995,0.2314837646484375,33.78784179687499,10373,35,3,4,10595.0,10750.0,-155.0,-1.441860465116279,10593.666666666666,-156.33333333333334,-1.4542635658914727
69.99011900019832,returning,True,0.04903325,0.015690640000000002,0.033342609999999995,0.033342609999999995,5.0,1.6000000000000003,3.3999999999999995,3.3999999999999995,0.2314837646484375,33.78784179687499,10382,35,3,4,10598.0,10750.0,-152.0,-1.413953488372093,10598.0,-152.0,-1.413953488372093
70.04842449212447,returning,True,0.048052585,0.015690640000000002,0.032361945,0.032361945,4.9,1.6000000000000003,3.3000000000000003,3.3000000000000003,0.23149874877929688,33.77285766601562,10391,35,3,4,10600.0,10750.0,-150.0,-1.3953488372093024,10603.333333333334,-146.66666666666666,-1.3643410852713178
70.09885254013352,returning,True,0.048052585,0.015690640000000002,0.032361945,0.032361945,4.9,1.6000000000000003,3.3000000000000003,3.3000000000000003,0.2315168914794922,33.754714965820305,10397,35,3,4,10608.0,10750.0,-142.0,-1.3209302325581396,10608.0,-142.0,-1.3209302325581396
70.14909636508673,returning,True,0.048052585,0.015690640000000002,0.032361945,0.032361945,4.9,1.6000000000000003,3.3000000000000003,3.3000000000000003,0.23157234191894532,33.69926452636718,10404,35,3,4,10623.0,10750.0,-127.0,-1.1813953488372093,10623.0,-127.0,-1.1813953488372093
70.2015975092072,returning,True,0.047071919999999996,0.015690640000000002,0.03138128,0.03138128,4.8,1.6000000000000003,3.1999999999999997,3.1999999999999997,0.23157234191894532,33.69926452636718,10409,35,3,4,10626.0,10750.0,-124.0,-1.1534883720930234,10619.333333333334,-130.66666666666666,-1.2155038759689922
70.26602598605677,returning,True,0.047071919999999996,0.015690640000000002,0.03138128,0.03138128,4.8,1.6000000000000003,3.1999999999999997,3.1999999999999997,0.23174861145019532,33.52299499511718,10414,35,3,4,10630.0,10750.0,-120.0,-1.1162790697674418,10631.0,-119.0,-1.1069767441860465
70.29899588902481,returning,True,0.046091255000000005,0.015690640000000002,0.030400615000000002,0.030400615000000002,4.7,1.6000000000000003,3.1,3.1,0.23174861145019532,33.52299499511718,10419,35,3,4,10639.0,10750.0,-111.0,-1.0325581395348837,10637.0,-113.0,-1.0511627906976744
70.34962161909789,returning,True,0.046091255000000005,0.015690640000000002,0.030400615000000002,0.030400615000000002,4.7,1.6000000000000003,3.1,3.1,0.23184797668457033,33.42362976074217,10425,35,3,4,10638.0,10750.0,-112.0,-1.041860465116279,10638.666666666666,-111.33333333333333,-1.035658914728682
70.39824360911734,returning,True,0.046091255000000005,0.015690640000000002,0.030400615000000002,0.030400615000000002,4.7,1.6000000000000003,3.1,3.1,0.23195710754394533,33.31449890136717,10431,35,3,4,10633.0,10750.0,-117.0,-1.0883720930232559,10633.0,-117.0,-1.0883720930232559
70.46634096209891,returning,True,0.046091255000000005,0.015690640000000002,0.030400615000000002,0.030400615000000002,4.7,1.6000000000000003,3.1,3.1,0.23195710754394533,33.31449890136717,10437,35,3,4,10639.0,10750.0,-111.0,-1.0325581395348837,10639.0,-111.0,-1.0325581395348837
70.5152530411724,returning,True,0.046091255000000005,0.015690640000000002,0.030400615000000002,0.030400615000000002,4.7,1.6000000000000003,3.1,3.1,0.23197271728515625,33.29888916015625,10442,35,3,4,10633.0,10750.0,-117.0,-1.0883720930232559,10635.333333333334,-114.66666666666667,-1.0666666666666667
70.54800066002645,returning,True,0.046091255000000005,0.015690640000000002,0.030400615000000002,0.030400615000000002,4.7,1.6000000000000003,3.1,3.1,0.23197271728515625,33.29888916015625,10448,35,3,4,10633.0,10750.0,-117.0,-1.0883720930232559,10633.0,-117.0,-1.0883720930232559
70.59820990613662,returning,True,0.046091255000000005,0.015690640000000002,0.030400615000000002,0.030400615000000002,4.7,1.6000000000000003,3.1,3.1,0.23198107910156252,33.290527343749986,10457,35,3,4,10638.0,10750.0,-112.0,-1.041860465116279,10638.0,-112.0,-1.041860465116279
70.64819657499902,returning,True,0.046091255000000005,0.015690640000000002,0.030400615000000002,0.030400615000000002,4.7,1.6000000000000003,3.1,3.1,0.2319898681640625,33.28173828125,10466,35,3,4,10635.0,10750.0,-115.0,-1.069767441860465,10635.666666666666,-114.33333333333333,-1.0635658914728683
70.70096356817521,returning,True,0.046091255000000005,0.015690640000000002,0.030400615000000002,0.030400615000000002,4.7,1.6000000000000003,3.1,3.1,0.2319898681640625,33.28173828125,10472,35,3,4,10630.0,10750.0,-120.0,-1.1162790697674418,10630.0,-120.0,-1.1162790697674418
70.75217700307257,returning,True,0.046091255000000005,0.015690640000000002,0.030400615000000002,0.030400615000000002,4.7,1.6000000000000003,3.1,3.1,0.2320054626464844,33.26614379882811,10479,35,3,4,10636.0,10750.0,-114.0,-1.0604651162790697,10636.333333333334,-113.66666666666667,-1.057364341085271
70.79962649010122,returning,True,0.046091255000000005,0.015690640000000002,0.030400615000000002,0.030400615000000002,4.7,1.6000000000000003,3.1,3.1,0.2320054626464844,33.26614379882811,10484,35,3,4,10639.0,10750.0,-111.0,-1.0325581395348837,10638.666666666666,-111.33333333333333,-1.035658914728682
70.86535765021108,returning,True,0.046091255000000005,0.015690640000000002,0.030400615000000002,0.030400615000000002,4.7,1.6000000000000003,3.1,3.1,0.2320325622558594,33.23904418945312,10490,35,3,4,10652.0,10750.0,-98.0,-0.9116279069767442,10650.333333333334,-99.66666666666667,-0.9271317829457364
70.90079826302826,returning,True,0.046091255000000005,0.015690640000000002,0.030400615000000002,0.030400615000000002,4.7,1.6000000000000003,3.1,3.1,0.23224600219726563,33.025604248046875,10495,35,3,4,10651.0,10750.0,-99.0,-0.9209302325581395,10652.333333333334,-97.66666666666667,-0.9085271317829458
70.94929721020162,returning,True,0.04511059,0.015690640000000002,0.029419949999999997,0.029419949999999997,4.6,1.6000000000000003,2.9999999999999996,2.9999999999999996,0.23224600219726563,33.025604248046875,10501,35,3,4,10659.0,10750.0,-91.0,-0.8465116279069768,10659.0,-91.0,-0.8465116279069768
71.00111235305667,returning,True,0.04511059,0.015690640000000002,0.029419949999999997,0.029419949999999997,4.6,1.6000000000000003,2.9999999999999996,2.9999999999999996,0.23235423278808595,32.91737365722655,10508,35,3,4,10659.0,10750.0,-91.0,-0.8465116279069768,10657.666666666666,-92.33333333333333,-0.8589147286821706
71.06636143219657,returning,True,0.04511059,0.015690640000000002,0.029419949999999997,0.029419949999999997,4.6,1.6000000000000003,2.9999999999999996,2.9999999999999996,0.23238354492187502,32.888061523437486,10514,35,3,4,10658.0,10750.0,-92.0,-0.8558139534883721,10659.666666666666,-90.33333333333333,-0.8403100775193799
71.11559327016585,returning,True,0.044129925,0.015690640000000002,0.028439284999999998,0.028439284999999998,4.5,1.6000000000000003,2.9,2.9,0.23238354492187502,32.888061523437486,10519,35,3,4,10659.0,10750.0,-91.0,-0.8465116279069768,10659.333333333334,-90.66666666666667,-0.8434108527131783
71.16478019906208,returning,True,0.044129925,0.015690640000000002,0.028439284999999998,0.028439284999999998,4.5,1.6000000000000003,2.9,2.9,0.23243951416015626,32.832092285156236,10524,35,3,4,10657.0,10750.0,-93.0,-0.8651162790697674,10658.666666666666,-91.33333333333333,-0.8496124031007751
71.20065292203799,returning,True,0.044129925,0.015690640000000002,0.028439284999999998,0.028439284999999998,4.5,1.6000000000000003,2.9,2.9,0.23243951416015626,32.832092285156236,10530,35,3,4,10665.0,10750.0,-85.0,-0.7906976744186046,10663.666666666666,-86.33333333333333,-0.8031007751937985
71.26548067317344,returning,True,0.044129925,0.015690640000000002,0.028439284999999998,0.028439284999999998,4.5,1.6000000000000003,2.9,2.9,0.23250234985351562,32.76925659179689,10536,35,3,4,10667.0,10750.0,-83.0,-0.772093023255814,10667.0,-83.0,-0.772093023255814
71.29948486108333,returning,True,0.044129925,0.015690640000000002,0.028439284999999998,0.028439284999999998,4.5,1.6000000000000003,2.9,2.9,0.23250234985351562,32.76925659179689,10542,35,3,4,10666.0,10750.0,-84.0,-0.7813953488372093,10667.333333333334,-82.66666666666667,-0.7689922480620156
71.34861794207245,returning,True,0.04314926,0.015690640000000002,0.02745862,0.02745862,4.4,1.6000000000000003,2.8,2.8,0.23258425903320312,32.68734741210938,10549,35,3,4,10673.0,10750.0,-77.0,-0.7162790697674418,10672.0,-78.0,-0.7255813953488371
71.39846011204645,returning,True,0.04314926,0.015690640000000002,0.02745862,0.02745862,4.4,1.6000000000000003,2.8,2.8,0.2326792907714844,32.59231567382812,10555,35,3,4,10674.0,10750.0,-76.0,-0.7069767441860465,10674.0,-76.0,-0.7069767441860465
71.46700727310963,returning,True,0.04314926,0.015690640000000002,0.02745862,0.02745862,4.4,1.6000000000000003,2.8,2.8,0.2326792907714844,32.59231567382812,10563,35,3,4,10675.0,10750.0,-75.0,-0.6976744186046512,10673.0,-77.0,-0.7162790697674418
71.51495979912579,returning,True,0.04314926,0.015690640000000002,0.02745862,0.02745862,4.4,1.6000000000000003,2.8,2.8,0.23272238159179687,32.54922485351563,10569,35,3,4,10679.0,10750.0,-71.0,-0.6604651162790698,10677.666666666666,-72.33333333333333,-0.6728682170542636
71.54938535019755,returning,True,0.04314926,0.015690640000000002,0.02745862,0.02745862,4.4,1.6000000000000003,2.8,2.8,0.23272238159179687,32.54922485351563,10576,35,3,4,10670.0,10750.0,-80.0,-0.7441860465116279,10668.666666666666,-81.33333333333333,-0.7565891472868218
71.60080018709414,returning,True,0.04314926,0.015690640000000002,0.02745862,0.02745862,4.4,1.6000000000000003,2.8,2.8,0.23273641967773437,32.53518676757813,10581,35,3,4,10672.0,10750.0,-78.0,-0.7255813953488373,10674.0,-76.0,-0.7069767441860465
71.66488273302093,returning,True,0.04314926,0.015690640000000002,0.02745862,0.02745862,4.4,1.6000000000000003,2.8,2.8,0.2327483825683594,32.52322387695311,10588,35,3,4,10673.0,10750.0,-77.0,-0.7162790697674418,10673.0,-77.0,-0.7162790697674418
71.69989482313395,returning,True,0.04314926,0.015690640000000002,0.02745862,0.02745862,4.4,1.6000000000000003,2.8,2.8,0.2327483825683594,32.52322387695311,10591,35,3,4,10671.0,10750.0,-79.0,-0.7348837209302326,10671.666666666666,-78.33333333333333,-0.7286821705426357
71.74051177920774,returning,True,0.04314926,0.015690640000000002,0.02745862,0.02745862,4.4,1.6000000000000003,2.8,2.8,0.23275967407226564,32.51193237304687,10600,35,3,4,10670.0,10750.0,-80.0,-0.7441860465116279,10673.333333333334,-76.66666666666667,-0.7131782945736435
71.79004184901714,returning,True,0.04314926,0.015690640000000002,0.02745862,0.02745862,4.4,1.6000000000000003,2.8,2.8,0.23276956176757813,32.502044677734375,10609,35,3,4,10673.0,10750.0,-77.0,-0.7162790697674418,10675.0,-75.0,-0.6976744186046512
71.84804025199264,returning,True,0.042168594999999996,0.015690640000000002,0.026477954999999994,0.026477954999999994,4.3,1.6000000000000003,2.6999999999999993,2.6999999999999993,0.2327747802734375,32.49682617187499,10620,35,3,4,10674.0,10750.0,-76.0,-0.7069767441860465,10674.0,-76.0,-0.7069767441860465
71.89833922311664,returning,True,0.042168594999999996,0.015690640000000002,0.026477954999999994,0.026477954999999994,4.3,1.6000000000000003,2.6999999999999993,2.6999999999999993,0.23278144836425782,32.49015808105468,10626,35,3,4,10671.0,10750.0,-79.0,-0.7348837209302326,10671.0,-79.0,-0.7348837209302325
71.94974837312475,returning,True,0.042168594999999996,0.015690640000000002,0.026477954999999994,0.026477954999999994,4.3,1.6000000000000003,2.6999999999999993,2.6999999999999993,0.23278144836425782,32.49015808105468,10636,35,3,4,10673.0,10750.0,-77.0,-0.7162790697674418,10671.666666666666,-78.33333333333333,-0.7286821705426356
71.99876889004372,returning,True,0.042168594999999996,0.015690640000000002,0.026477954999999994,0.026477954999999994,4.3,1.6000000000000003,2.6999999999999993,2.6999999999999993,0.23279263305664064,32.47897338867187,10644,35,3,4,10678.0,10750.0,-72.0,-0.6697674418604651,10678.0,-72.0,-0.6697674418604652
72.0484220571816,returning,True,0.042168594999999996,0.015690640000000002,0.026477954999999994,0.026477954999999994,4.3,1.6000000000000003,2.6999999999999993,2.6999999999999993,0.23279263305664064,32.47897338867187,10652,35,3,4,10680.0,10750.0,-70.0,-0.6511627906976745,10677.333333333334,-72.66666666666667,-0.6759689922480621
72.09888298716396,returning,True,0.042168594999999996,0.015690640000000002,0.026477954999999994,0.026477954999999994,4.3,1.6000000000000003,2.6999999999999993,2.6999999999999993,0.2328802490234375,32.391357421874986,10658,35,3,4,10690.0,10750.0,-60.0,-0.5581395348837209,10690.0,-60.0,-0.5581395348837209
72.14905654103495,returning,True,0.042168594999999996,0.015690640000000002,0.026477954999999994,0.026477954999999994,4.3,1.6000000000000003,2.6999999999999993,2.6999999999999993,0.23300576782226562,32.26583862304688,10664,35,3,4,10683.0,10750.0,-67.0,-0.6232558139534884,10683.0,-67.0,-0.6232558139534884
72.19942893716507,returning,True,0.041187930000000005,0.015690640000000002,0.025497290000000002,0.025497290000000002,4.2,1.6000000000000003,2.6,2.6,0.23300576782226562,32.26583862304688,10670,35,3,4,10678.0,10750.0,-72.0,-0.6697674418604651,10682.666666666666,-67.33333333333333,-0.6263565891472868
72.26688305521384,returning,True,0.041187930000000005,0.015690640000000002,0.025497290000000002,0.025497290000000002,4.2,1.6000000000000003,2.6,2.6,0.2331160125732422,32.15559387207031,10676,35,3,4,10688.0,10750.0,-62.0,-0.5767441860465117,10689.0,-61.0,-0.5674418604651162
72.29963928903453,returning,True,0.041187930000000005,0.015690640000000002,0.025497290000000002,0.025497290000000002,4.2,1.6000000000000003,2.6,2.6,0.2331160125732422,32.15559387207031,10682,35,3,4,10688.0,10750.0,-62.0,-0.5767441860465117,10690.0,-60.0,-0.5581395348837209
72.34892105218023,returning,True,0.041187930000000005,0.015690640000000002,0.025497290000000002,0.025497290000000002,4.2,1.6000000000000003,2.6,2.6,0.23319592285156251,32.075683593749986,10688,35,3,4,10689.0,10750.0,-61.0,-0.5674418604651162,10689.666666666666,-60.333333333333336,-0.5612403100775194
72.39824311598204,returning,True,0.041187930000000005,0.015690640000000002,0.025497290000000002,0.025497290000000002,4.2,1.6000000000000003,2.6,2.6,0.23322557067871094,32.04603576660156,10694,35,3,4,10689.0,10750.0,-61.0,-0.5674418604651162,10689.0,-61.0,-0.5674418604651162
72.4672589651309,returning,True,0.041187930000000005,0.015690640000000002,0.025497290000000002,0.025497290000000002,4.2,1.6000000000000003,2.6,2.6,0.23322557067871094,32.04603576660156,10700,35,3,4,10691.0,10750.0,-59.0,-0.5488372093023256,10693.0,-57.0,-0.5302325581395348
72.51593219698407,returning,True,0.041187930000000005,0.015690640000000002,0.025497290000000002,0.025497290000000002,4.2,1.6000000000000003,2.6,2.6,0.23325003051757812,32.02157592773439,10705,35,3,4,10689.0,10750.0,-61.0,-0.5674418604651162,10689.0,-61.0,-0.5674418604651162
72.56494420603849,returning,True,0.041187930000000005,0.015690640000000002,0.025497290000000002,0.025497290000000002,4.2,1.6000000000000003,2.6,2.6,0.23327481079101564,31.99679565429686,10710,35,3,4,10693.0,10750.0,-57.0,-0.5302325581395348,10692.0,-58.0,-0.5395348837209303
72.61500354018062,returning,True,0.040207265,0.015690640000000002,0.024516624999999997,0.024516624999999997,4.1,1.6000000000000003,2.4999999999999996,2.4999999999999996,0.23327481079101564,31.99679565429686,10715,35,3,4,10690.0,10750.0,-60.0,-0.5581395348837209,10692.666666666666,-57.333333333333336,-0.5333333333333333
72.66597652318887,returning,True,0.040207265,0.015690640000000002,0.024516624999999997,0.024516624999999997,4.1,1.6000000000000003,2.4999999999999996,2.4999999999999996,0.23331468200683594,31.95692443847656,10721,35,3,4,10693.0,10750.0,-57.0,-0.5302325581395348,10693.0,-57.0,-0.5302325581395348
72.70088304020464,returning,True,0.040207265,0.015690640000000002,0.024516624999999997,0.024516624999999997,4.1,1.6000000000000003,2.4999999999999996,2.4999999999999996,0.23331468200683594,31.95692443847656,10725,35,3,4,10693.0,10750.0,-57.0,-0.5302325581395348,10694.666666666666,-55.333333333333336,-0.5147286821705426
72.74928507208824,returning,True,0.040207265,0.015690640000000002,0.024516624999999997,0.024516624999999997,4.1,1.6000000000000003,2.4999999999999996,2.4999999999999996,0.23337193298339845,31.899673461914052,10731,35,3,4,10699.0,10750.0,-51.0,-0.4744186046511628,10699.666666666666,-50.333333333333336,-0.4682170542635659
72.79915166599676,returning,True,0.040207265,0.015690640000000002,0.024516624999999997,0.024516624999999997,4.1,1.6000000000000003,2.4999999999999996,2.4999999999999996,0.23337193298339845,31.899673461914052,10738,35,3,4,10701.0,10750.0,-49.0,-0.4558139534883721,10701.0,-49.0,-0.4558139534883721
72.86658004811034,returning,True,0.040207265,0.015690640000000002,0.024516624999999997,0.024516624999999997,4.1,1.6000000000000003,2.4999999999999996,2.4999999999999996,0.23348248291015625,31.789123535156254,10745,35,3,4,10699.0,10750.0,-51.0,-0.4744186046511628,10699.0,-51.0,-0.47441860465116276
72.9149207121227,returning,True,0.040207265,0.015690640000000002,0.024516624999999997,0.024516624999999997,4.1,1.6000000000000003,2.4999999999999996,2.4999999999999996,0.23356289672851563,31.708709716796875,10751,35,3,4,10699.0,10750.0,-51.0,-0.4744186046511628,10700.666666666666,-49.333333333333336,-0.4589147286821705
72.95037249499,returning,True,0.040207265,0.015690640000000002,0.024516624999999997,0.024516624999999997,4.1,1.6000000000000003,2.4999999999999996,2.4999999999999996,0.23356289672851563,31.708709716796875,10758,35,3,4,10705.0,10750.0,-45.0,-0.4186046511627907,10697.0,-53.0,-0.4930232558139535
73.00128769502044,returning,True,0.040207265,0.015690640000000002,0.024516624999999997,0.024516624999999997,4.1,1.6000000000000003,2.4999999999999996,2.4999999999999996,0.23358035278320313,31.69125366210937,10763,35,3,4,10702.0,10750.0,-48.0,-0.44651162790697674,10702.0,-48.0,-0.44651162790697674
73.0665010951925,returning,True,0.040207265,0.015690640000000002,0.024516624999999997,0.024516624999999997,4.1,1.6000000000000003,2.4999999999999996,2.4999999999999996,0.2336337890625,31.63781738281249,10770,35,3,4,10700.0,10750.0,-50.0,-0.46511627906976744,10701.0,-49.0,-0.45581395348837206
73.09923781920224,returning,True,0.040207265,0.015690640000000002,0.024516624999999997,0.024516624999999997,4.1,1.6000000000000003,2.4999999999999996,2.4999999999999996,0.2336337890625,31.63781738281249,10774,35,3,4,10708.0,10750.0,-42.0,-0.39069767441860465,10704.666666666666,-45.333333333333336,-0.42170542635658914
73.1487504101824,returning,True,0.040207265,0.015690640000000002,0.024516624999999997,0.024516624999999997,4.1,1.6000000000000003,2.4999999999999996,2.4999999999999996,0.23370181274414062,31.569793701171882,10780,35,3,4,10707.0,10750.0,-43.0,-0.4,10706.666666666666,-43.333333333333336,-0.40310077519379844
73.19842041609809,returning,True,0.040207265,0.015690640000000002,0.024516624999999997,0.024516624999999997,4.1,1.6000000000000003,2.4999999999999996,2.4999999999999996,0.23370181274414062,31.569793701171882,10786,35,3,4,10707.0,10750.0,-43.0,-0.4,10705.666666666666,-44.333333333333336,-0.4124031007751938
73.26593925408088,returning,True,0.0392266,0.015690640000000002,0.023535959999999998,0.023535959999999998,4.0,1.6000000000000003,2.4,2.4,0.23372872924804688,31.542877197265618,10792,35,3,4,10705.0,10750.0,-45.0,-0.4186046511627907,10705.0,-45.0,-0.4186046511627907
73.30009990604594,returning,True,0.0392266,0.015690640000000002,0.023535959999999998,0.023535959999999998,4.0,1.6000000000000003,2.4,2.4,0.23372872924804688,31.542877197265618,10797,35,3,4,10709.0,10750.0,-41.0,-0.3813953488372093,10708.0,-42.0,-0.39069767441860465
73.3480572940316,returning,True,0.0392266,0.015690640000000002,0.023535959999999998,0.023535959999999998,4.0,1.6000000000000003,2.4,2.4,0.23374464416503907,31.526962280273434,10805,35,3,4,10703.0,10750.0,-47.0,-0.4372093023255814,10703.0,-47.0,-0.4372093023255814
73.39840533514507,returning,True,0.0392266,0.015690640000000002,0.023535959999999998,0.023535959999999998,4.0,1.6000000000000003,2.4,2.4,0.23375521850585937,31.516387939453132,10814,35,3,4,10701.0,10750.0,-49.0,-0.4558139534883721,10701.0,-49.0,-0.4558139534883721
73.44892688211985,returning,True,0.0392266,0.015690640000000002,0.023535959999999998,0.023535959999999998,4.0,1.6000000000000003,2.4,2.4,0.23375521850585937,31.516387939453132,10823,35,3,4,10703.0,10750.0,-47.0,-0.4372093023255814,10702.333333333334,-47.666666666666664,-0.4434108527131783
73.49053204501979,returning,True,0.0392266,0.015690640000000002,0.023535959999999998,0.023535959999999998,4.0,1.6000000000000003,2.4,2.4,0.23376394653320312,31.507659912109382,10831,35,3,4,10700.0,10750.0,-50.0,-0.46511627906976744,10696.666666666666,-53.333333333333336,-0.49612403100775193
73.54035729216412,returning,True,0.0392266,0.015690640000000002,0.023535959999999998,0.023535959999999998,4.0,1.6000000000000003,2.4,2.4,0.23378189086914064,31.48971557617186,10840,35,3,4,10705.0,10750.0,-45.0,-0.4186046511627907,10704.0,-46.0,-0.4279069767441861
73.58975172019564,returning,True,0.0392266,0.015690640000000002,0.023535959999999998,0.023535959999999998,4.0,1.6000000000000003,2.4,2.4,0.23379641723632813,31.47518920898437,10849,35,3,4,10704.0,10750.0,-46.0,-0.42790697674418604,10704.0,-46.0,-0.42790697674418604
73.64899235102348,returning,True,0.0392266,0.015690640000000002,0.023535959999999998,0.023535959999999998,4.0,1.6000000000000003,2.4,2.4,0.2338189392089844,31.452667236328114,10859,35,3,4,10709.0,10750.0,-41.0,-0.3813953488372093,10709.0,-41.0,-0.3813953488372093
73.69881728501059,returning,True,0.0392266,0.015690640000000002,0.023535959999999998,0.023535959999999998,4.0,1.6000000000000003,2.4,2.4,0.2338189392089844,31.452667236328114,10865,35,3,4,10711.0,10750.0,-39.0,-0.3627906976744186,10711.666666666666,-38.333333333333336,-0.35658914728682173
73.74903984018601,returning,True,0.0392266,0.015690640000000002,0.023535959999999998,0.023535959999999998,4.0,1.6000000000000003,2.4,2.4,0.23401754760742188,31.254058837890618,10871,35,3,4,10712.0,10750.0,-38.0,-0.35348837209302325,10714.0,-36.0,-0.3348837209302326
73.79021569807082,returning,True,0.0392266,0.015690640000000002,0.023535959999999998,0.023535959999999998,4.0,1.6000000000000003,2.4,2.4,0.23401754760742188,31.254058837890618,10876,35,3,4,10712.0,10750.0,-38.0,-0.35348837209302325,10714.333333333334,-35.666666666666664,-0.33178294573643413
73.84813607810065,returning,True,0.038245935,0.015690640000000002,0.022555295,0.022555295,3.9000000000000004,1.6000000000000003,2.3,2.3,0.23416033935546876,31.111267089843743,10886,35,3,4,10714.0,10750.0,-36.0,-0.33488372093023255,10714.0,-36.0,-0.3348837209302326
73.89800370507874,returning,True,0.038245935,0.015690640000000002,0.022555295,0.022555295,3.9000000000000004,1.6000000000000003,2.3,2.3,0.23419627380371094,31.075332641601562,10892,35,3,4,10709.0,10750.0,-41.0,-0.3813953488372093,10713.666666666666,-36.333333333333336,-0.33798449612403103
73.9499941910617,returning,True,0.038245935,0.015690640000000002,0.022555295,0.022555295,3.9000000000000004,1.6000000000000003,2.3,2.3,0.23423846435546875,31.033142089843757,10899,35,3,4,10711.0,10750.0,-39.0,-0.3627906976744186,10711.0,-39.0,-0.3627906976744186
73.99815905699506,returning,True,0.038245935,0.015690640000000002,0.022555295,0.022555295,3.9000000000000004,1.6000000000000003,2.3,2.3,0.23423846435546875,31.033142089843757,10903,35,3,4,10721.0,10750.0,-29.0,-0.26976744186046514,10716.666666666666,-33.333333333333336,-0.310077519379845
74.06633600220084,returning,True,0.038245935,0.015690640000000002,0.022555295,0.022555295,3.9000000000000004,1.6000000000000003,2.3,2.3,0.23435198974609375,30.91961669921875,10909,35,3,4,10719.0,10750.0,-31.0,-0.28837209302325584,10720.0,-30.0,-0.27906976744186046
74.09848040319048,returning,True,0.038245935,0.015690640000000002,0.022555295,0.022555295,3.9000000000000004,1.6000000000000003,2.3,2.3,0.23435198974609375,30.91961669921875,10913,35,3,4,10720.0,10750.0,-30.0,-0.27906976744186046,10717.333333333334,-32.666666666666664,-0.30387596899224806
74.14869527309202,returning,True,0.038245935,0.015690640000000002,0.022555295,0.022555295,3.9000000000000004,1.6000000000000003,2.3,2.3,0.23450282287597657,30.768783569335934,10919,35,3,4,10719.0,10750.0,-31.0,-0.28837209302325584,10717.0,-33.0,-0.30697674418604654
74.19892293401062,returning,True,0.038245935,0.015690640000000002,0.022555295,0.022555295,3.9000000000000004,1.6000000000000003,2.3,2.3,0.23450282287597657,30.768783569335934,10927,35,3,4,10719.0,10750.0,-31.0,-0.28837209302325584,10719.0,-31.0,-0.28837209302325584
74.26580713805743,returning,True,0.038245935,0.015690640000000002,0.022555295,0.022555295,3.9000000000000004,1.6000000000000003,2.3,2.3,0.23452178955078126,30.74981689453124,10935,35,3,4,10719.0,10750.0,-31.0,-0.28837209302325584,10719.0,-31.0,-0.28837209302325584
74.28994588716887,returning,True,0.038245935,0.015690640000000002,0.022555295,0.022555295,3.9000000000000004,1.6000000000000003,2.3,2.3,0.23452178955078126,30.74981689453124,10940,35,3,4,10724.0,10750.0,-26.0,-0.24186046511627907,10719.333333333334,-30.666666666666668,-0.2852713178294574
74.33979354915209,returning,True,0.037265269999999996,0.015690640000000002,0.021574629999999994,0.021574629999999994,3.7999999999999994,1.6000000000000003,2.1999999999999993,2.1999999999999993,0.23454403686523437,30.727569580078136,10949,35,3,4,10724.0,10750.0,-26.0,-0.24186046511627907,10724.0,-26.0,-0.2418604651162791
74.3903581101913,returning,True,0.037265269999999996,0.015690640000000002,0.021574629999999994,0.021574629999999994,3.7999999999999994,1.6000000000000003,2.1999999999999993,2.1999999999999993,0.23457095336914063,30.700653076171868,10958,35,3,4,10721.0,10750.0,-29.0,-0.26976744186046514,10721.666666666666,-28.333333333333332,-0.26356589147286824
74.44832327216864,returning,True,0.037265269999999996,0.015690640000000002,0.021574629999999994,0.021574629999999994,3.7999999999999994,1.6000000000000003,2.1999999999999993,2.1999999999999993,0.23461541748046877,30.656188964843732,10968,35,3,4,10720.0,10750.0,-30.0,-0.27906976744186046,10720.0,-30.0,-0.27906976744186046
74.49877668218687,returning,True,0.037265269999999996,0.015690640000000002,0.021574629999999994,0.021574629999999994,3.7999999999999994,1.6000000000000003,2.1999999999999993,2.1999999999999993,0.23468411254882812,30.58749389648438,10974,35,3,4,10717.0,10750.0,-33.0,-0.30697674418604654,10719.333333333334,-30.666666666666668,-0.2852713178294574
74.54931770614348,returning,True,0.037265269999999996,0.015690640000000002,0.021574629999999994,0.021574629999999994,3.7999999999999994,1.6000000000000003,2.1999999999999993,2.1999999999999993,0.23468411254882812,30.58749389648438,10980,35,3,4,10721.0,10750.0,-29.0,-0.26976744186046514,10717.666666666666,-32.333333333333336,-0.3007751937984497
74.59845990408212,returning,True,0.037265269999999996,0.015690640000000002,0.021574629999999994,0.021574629999999994,3.7999999999999994,1.6000000000000003,2.1999999999999993,2.1999999999999993,0.23470207214355468,30.569534301757823,10986,35,3,4,10723.0,10750.0,-27.0,-0.25116279069767444,10721.0,-29.0,-0.26976744186046514
74.66508382512257,returning,True,0.037265269999999996,0.015690640000000002,0.021574629999999994,0.021574629999999994,3.7999999999999994,1.6000000000000003,2.1999999999999993,2.1999999999999993,0.23472348022460937,30.548126220703132,10992,35,3,4,10722.0,10750.0,-28.0,-0.26046511627906976,10722.0,-28.0,-0.26046511627906976
74.69915467803366,returning,True,0.037265269999999996,0.015690640000000002,0.021574629999999994,0.021574629999999994,3.7999999999999994,1.6000000000000003,2.1999999999999993,2.1999999999999993,0.23472348022460937,30.548126220703132,10999,35,3,4,10731.0,10750.0,-19.0,-0.17674418604651163,10730.0,-20.0,-0.18604651162790697
74.7495096011553,returning,True,0.037265269999999996,0.015690640000000002,0.021574629999999994,0.021574629999999994,3.7999999999999994,1.6000000000000003,2.1999999999999993,2.1999999999999993,0.23487353515625,30.398071289062496,11004,35,3,4,10726.0,10750.0,-24.0,-0.22325581395348837,10728.666666666666,-21.333333333333332,-0.19844961240310077
74.79834826407023,returning,True,0.037265269999999996,0.015690640000000002,0.021574629999999994,0.021574629999999994,3.7999999999999994,1.6000000000000003,2.1999999999999993,2.1999999999999993,0.23487353515625,30.398071289062496,11010,35,3,4,10732.0,10750.0,-18.0,-0.16744186046511628,10730.0,-20.0,-0.18604651162790697
74.86496636504307,returning,True,0.037265269999999996,0.015690640000000002,0.021574629999999994,0.021574629999999994,3.7999999999999994,1.6000000000000003,2.1999999999999993,2.1999999999999993,0.23493336486816407,30.338241577148427,11015,35,3,4,10728.0,10750.0,-22.0,-0.20465116279069767,10731.333333333334,-18.666666666666668,-0.17364341085271318
74.91508374805562,returning,True,0.037265269999999996,0.015690640000000002,0.021574629999999994,0.021574629999999994,3.7999999999999994,1.6000000000000003,2.1999999999999993,2.1999999999999993,0.234957275390625,30.314331054687504,11020,35,3,4,10731.0,10750.0,-19.0,-0.17674418604651163,10730.0,-20.0,-0.18604651162790697
74.96624793414958,returning,True,0.037265269999999996,0.015690640000000002,0.021574629999999994,0.021574629999999994,3.7999999999999994,1.6000000000000003,2.1999999999999993,2.1999999999999993,0.234957275390625,30.314331054687504,11026,35,3,4,10729.0,10750.0,-21.0,-0.19534883720930232,10729.0,-21.0,-0.19534883720930232
74.99809928005561,returning,True,0.037265269999999996,0.015690640000000002,0.021574629999999994,0.021574629999999994,3.7999999999999994,1.6000000000000003,2.1999999999999993,2.1999999999999993,0.23497244262695313,30.29916381835937,11033,35,3,4,10731.0,10750.0,-19.0,-0.17674418604651163,10731.333333333334,-18.666666666666668,-0.17364341085271318
75.04811879899353,returning,True,0.037265269999999996,0.015690640000000002,0.021574629999999994,0.021574629999999994,3.7999999999999994,1.6000000000000003,2.1999999999999993,2.1999999999999993,0.23497244262695313,30.29916381835937,11042,35,3,4,10723.0,10750.0,-27.0,-0.25116279069767444,10723.0,-27.0,-0.25116279069767444
75.10108411405236,returning,True,0.037265269999999996,0.015690640000000002,0.021574629999999994,0.021574629999999994,3.7999999999999994,1.6000000000000003,2.1999999999999993,2.1999999999999993,0.23500547790527343,30.266128540039073,11045,35,3,4,10726.0,10750.0,-24.0,-0.22325581395348837,10727.666666666666,-22.333333333333332,-0.20775193798449612
75.14912061300129,returning,True,0.036284605000000004,0.015690640000000002,0.020593965000000002,0.020593965000000002,3.7000000000000006,1.6000000000000003,2.1,2.1,0.23500547790527343,30.266128540039073,11051,35,3,4,10724.0,10750.0,-26.0,-0.24186046511627907,10726.666666666666,-23.333333333333332,-0.2170542635658915
75.19892234518193,returning,True,0.036284605000000004,0.015690640000000002,0.020593965000000002,0.020593965000000002,3.7000000000000006,1.6000000000000003,2.1,2.1,0.23504312133789063,30.228485107421875,11057,35,3,4,10725.0,10750.0,-25.0,-0.23255813953488372,10725.0,-25.0,-0.23255813953488372
75.26513809501193,returning,True,0.036284605000000004,0.015690640000000002,0.020593965000000002,0.020593965000000002,3.7000000000000006,1.6000000000000003,2.1,2.1,0.23508454895019532,30.187057495117188,11064,35,3,4,10729.0,10750.0,-21.0,-0.19534883720930232,10725.0,-25.0,-0.23255813953488372
75.2985349430237,returning,True,0.036284605000000004,0.015690640000000002,0.020593965000000002,0.020593965000000002,3.7000000000000006,1.6000000000000003,2.1,2.1,0.23508454895019532,30.187057495117188,11069,35,3,4,10726.0,10750.0,-24.0,-0.22325581395348837,10723.333333333334,-26.666666666666668,-0.24806201550387597
75.34898907109164,returning,True,0.036284605000000004,0.015690640000000002,0.020593965000000002,0.020593965000000002,3.7000000000000006,1.6000000000000003,2.1,2.1,0.2352059326171875,30.065673828125,11076,35,3,4,10734.0,10750.0,-16.0,-0.14883720930232558,10734.0,-16.0,-0.14883720930232558
75.39814320509322,returning,True,0.036284605000000004,0.015690640000000002,0.020593965000000002,0.020593965000000002,3.7000000000000006,1.6000000000000003,2.1,2.1,0.2352059326171875,30.065673828125,11081,35,3,4,10742.0,10750.0,-8.0,-0.07441860465116279,10739.0,-11.0,-0.10232558139534882
75.46626277314499,returning,True,0.036284605000000004,0.015690640000000002,0.020593965000000002,0.020593965000000002,3.7000000000000006,1.6000000000000003,2.1,2.1,0.23531927490234375,29.952331542968754,11088,35,3,4,10732.0,10750.0,-18.0,-0.16744186046511628,10732.0,-18.0,-0.1674418604651163
75.49840540019795,returning,True,0.036284605000000004,0.015690640000000002,0.020593965000000002,0.020593965000000002,3.7000000000000006,1.6000000000000003,2.1,2.1,0.23531927490234375,29.952331542968754,11092,35,3,4,10727.0,10750.0,-23.0,-0.21395348837209302,10727.333333333334,-22.666666666666668,-0.21085271317829457
75.54837663611397,returning,True,0.036284605000000004,0.015690640000000002,0.020593965000000002,0.020593965000000002,3.7000000000000006,1.6000000000000003,2.1,2.1,0.23543418884277345,29.837417602539052,11099,35,3,4,10733.0,10750.0,-17.0,-0.15813953488372093,10734.333333333334,-15.666666666666666,-0.14573643410852713
75.59925338812172,returning,True,0.036284605000000004,0.015690640000000002,0.020593965000000002,0.020593965000000002,3.7000000000000006,1.6000000000000003,2.1,2.1,0.23543418884277345,29.837417602539052,11106,35,3,4,10732.0,10750.0,-18.0,-0.16744186046511628,10732.0,-18.0,-0.1674418604651163
75.64900633809157,returning,True,0.036284605000000004,0.015690640000000002,0.020593965000000002,0.020593965000000002,3.7000000000000006,1.6000000000000003,2.1,2.1,0.235455810546875,29.815795898437496,11114,35,3,4,10734.0,10750.0,-16.0,-0.14883720930232558,10734.0,-16.0,-0.14883720930232558
75.70072380802594,returning,True,0.036284605000000004,0.015690640000000002,0.020593965000000002,0.020593965000000002,3.7000000000000006,1.6000000000000003,2.1,2.1,0.2354689178466797,29.802688598632805,11118,35,3,4,10737.0,10750.0,-13.0,-0.12093023255813953,10736.333333333334,-13.666666666666666,-0.12713178294573643
75.75281864916906,returning,True,0.03530394,0.015690640000000002,0.019613299999999997,0.019613299999999997,3.5999999999999996,1.6000000000000003,1.9999999999999996,1.9999999999999996,0.2354689178466797,29.802688598632805,11124,35,3,4,10730.0,10750.0,-20.0,-0.18604651162790697,10730.0,-20.0,-0.18604651162790697
75.80006912513636,returning,True,0.03530394,0.015690640000000002,0.019613299999999997,0.019613299999999997,3.5999999999999996,1.6000000000000003,1.9999999999999996,1.9999999999999996,0.23548056030273437,29.791046142578132,11131,35,3,4,10733.0,10750.0,-17.0,-0.15813953488372093,10730.333333333334,-19.666666666666668,-0.18294573643410852
75.86529156309552,returning,True,0.03530394,0.015690640000000002,0.019613299999999997,0.019613299999999997,3.5999999999999996,1.6000000000000003,1.9999999999999996,1.9999999999999996,0.23548880004882813,29.782806396484368,11136,35,3,4,10731.0,10750.0,-19.0,-0.17674418604651163,10736.333333333334,-13.666666666666666,-0.12713178294573643
75.89908264903352,returning,True,0.03530394,0.015690640000000002,0.019613299999999997,0.019613299999999997,3.5999999999999996,1.6000000000000003,1.9999999999999996,1.9999999999999996,0.23548880004882813,29.782806396484368,11141,35,3,4,10731.0,10750.0,-19.0,-0.17674418604651163,10732.0,-18.0,-0.1674418604651163
75.94968326902017,returning,True,0.03530394,0.015690640000000002,0.019613299999999997,0.019613299999999997,3.5999999999999996,1.6000000000000003,1.9999999999999996,1.9999999999999996,0.23550921630859376,29.762390136718746,11147,35,3,4,10735.0,10750.0,-15.0,-0.13953488372093023,10733.0,-17.0,-0.15813953488372093
75.9904707770329,returning,True,0.03530394,0.015690640000000002,0.019613299999999997,0.019613299999999997,3.5999999999999996,1.6000000000000003,1.9999999999999996,1.9999999999999996,0.23550921630859376,29.762390136718746,11153,35,3,4,10737.0,10750.0,-13.0,-0.12093023255813953,10736.333333333334,-13.666666666666666,-0.12713178294573643
76.0482904210221,returning,True,0.03530394,0.015690640000000002,0.019613299999999997,0.019613299999999997,3.5999999999999996,1.6000000000000003,1.9999999999999996,1.9999999999999996,0.23566024780273437,29.611358642578132,11163,35,3,4,10740.0,10750.0,-10.0,-0.09302325581395349,10738.666666666666,-11.333333333333334,-0.10542635658914729
76.09875639318489,returning,True,0.03530394,0.015690640000000002,0.019613299999999997,0.019613299999999997,3.5999999999999996,1.6000000000000003,1.9999999999999996,1.9999999999999996,0.23583244323730468,29.439163208007823,11170,35,3,4,10734.0,10750.0,-16.0,-0.14883720930232558,10739.333333333334,-10.666666666666666,-0.09922480620155039
76.14906833320856,returning,True,0.034323275,0.015690640000000002,0.018632634999999998,0.018632634999999998,3.5,1.6000000000000003,1.8999999999999997,1.8999999999999997,0.235918701171875,29.352905273437507,11175,35,3,4,10737.0,10750.0,-13.0,-0.12093023255813953,10736.333333333334,-13.666666666666666,-0.12713178294573643
76.19808250409551,returning,True,0.034323275,0.015690640000000002,0.018632634999999998,0.018632634999999998,3.5,1.6000000000000003,1.8999999999999997,1.8999999999999997,0.235918701171875,29.352905273437507,11183,35,3,4,10736.0,10750.0,-14.0,-0.13023255813953488,10736.0,-14.0,-0.13023255813953488
76.24881342216395,returning,True,0.034323275,0.015690640000000002,0.018632634999999998,0.018632634999999998,3.5,1.6000000000000003,1.8999999999999997,1.8999999999999997,0.23592584228515626,29.345764160156246,11192,35,3,4,10737.0,10750.0,-13.0,-0.12093023255813953,10739.666666666666,-10.333333333333334,-0.09612403100775195
76.30335283419117,returning,True,0.034323275,0.015690640000000002,0.018632634999999998,0.018632634999999998,3.5,1.6000000000000003,1.8999999999999997,1.8999999999999997,0.23592584228515626,29.345764160156246,11197,35,3,4,10745.0,10750.0,-5.0,-0.046511627906976744,10742.333333333334,-7.666666666666667,-0.07131782945736434
76.34879990899935,returning,True,0.034323275,0.015690640000000002,0.018632634999999998,0.018632634999999998,3.5,1.6000000000000003,1.8999999999999997,1.8999999999999997,0.23593470764160157,29.33689880371093,11203,35,3,4,10736.0,10750.0,-14.0,-0.13023255813953488,10736.0,-14.0,-0.13023255813953488
76.39904213207774,returning,True,0.034323275,0.015690640000000002,0.018632634999999998,0.018632634999999998,3.5,1.6000000000000003,1.8999999999999997,1.8999999999999997,0.23594833374023438,29.323272705078118,11209,35,3,4,10739.0,10750.0,-11.0,-0.10232558139534884,10737.0,-13.0,-0.12093023255813955
76.46749934414402,returning,True,0.034323275,0.015690640000000002,0.018632634999999998,0.018632634999999998,3.5,1.6000000000000003,1.8999999999999997,1.8999999999999997,0.23594833374023438,29.323272705078118,11215,35,3,4,10741.0,10750.0,-9.0,-0.08372093023255814,10741.0,-9.0,-0.08372093023255815
76.49970220401883,returning,True,0.034323275,0.015690640000000002,0.018632634999999998,0.018632634999999998,3.5,1.6000000000000003,1.8999999999999997,1.8999999999999997,0.23597238159179687,29.299224853515632,11222,35,3,4,10744.0,10750.0,-6.0,-0.05581395348837209,10744.0,-6.0,-0.05581395348837209
76.54925454012118,returning,True,0.034323275,0.015690640000000002,0.018632634999999998,0.018632634999999998,3.5,1.6000000000000003,1.8999999999999997,1.8999999999999997,0.23597238159179687,29.299224853515632,11227,35,3,4,10743.0,10750.0,-7.0,-0.06511627906976744,10738.666666666666,-11.333333333333334,-0.1054263565891473
76.59826503205113,returning,True,0.034323275,0.015690640000000002,0.018632634999999998,0.018632634999999998,3.5,1.6000000000000003,1.8999999999999997,1.8999999999999997,0.23601255798339843,29.259048461914073,11233,35,3,4,10741.0,10750.0,-9.0,-0.08372093023255814,10741.0,-9.0,-0.08372093023255815
76.66612862399779,returning,True,0.034323275,0.015690640000000002,0.018632634999999998,0.018632634999999998,3.5,1.6000000000000003,1.8999999999999997,1.8999999999999997,0.2360751953125,29.19641113281249,11239,35,3,4,10741.0,10750.0,-9.0,-0.08372093023255814,10741.0,-9.0,-0.08372093023255815
76.71670854603872,returning,True,0.034323275,0.015690640000000002,0.018632634999999998,0.018632634999999998,3.5,1.6000000000000003,1.8999999999999997,1.8999999999999997,0.2360751953125,29.19641113281249,11243,35,3,4,10744.0,10750.0,-6.0,-0.05581395348837209,10742.666666666666,-7.333333333333333,-0.06821705426356589
76.76518035004847,returning,True,0.034323275,0.015690640000000002,0.018632634999999998,0.018632634999999998,3.5,1.6000000000000003,1.8999999999999997,1.8999999999999997,0.236175048828125,29.09655761718749,11250,35,3,4,10744.0,10750.0,-6.0,-0.05581395348837209,10744.0,-6.0,-0.05581395348837209
76.81619510101154,returning,True,0.034323275,0.015690640000000002,0.018632634999999998,0.018632634999999998,3.5,1.6000000000000003,1.8999999999999997,1.8999999999999997,0.23622711181640627,29.044494628906236,11255,35,3,4,10742.0,10750.0,-8.0,-0.07441860465116279,10742.0,-8.0,-0.07441860465116279
76.84930182504468,returning,True,0.034323275,0.015690640000000002,0.018632634999999998,0.018632634999999998,3.5,1.6000000000000003,1.8999999999999997,1.8999999999999997,0.23622711181640627,29.044494628906236,11261,35,3,4,10741.0,10750.0,-9.0,-0.08372093023255814,10741.0,-9.0,-0.08372093023255815
76.89918004511856,returning,True,0.034323275,0.015690640000000002,0.018632634999999998,0.018632634999999998,3.5,1.6000000000000003,1.8999999999999997,1.8999999999999997,0.23624490356445313,29.02670288085937,11267,35,3,4,10736.0,10750.0,-14.0,-0.13023255813953488,10736.0,-14.0,-0.13023255813953488
76.95040279300883,returning,True,0.034323275,0.015690640000000002,0.018632634999999998,0.018632634999999998,3.5,1.6000000000000003,1.8999999999999997,1.8999999999999997,0.23624490356445313,29.02670288085937,11274,35,3,4,10741.0,10750.0,-9.0,-0.08372093023255814,10741.0,-9.0,-0.08372093023255815
77.00124026020057,returning,True,0.034323275,0.015690640000000002,0.018632634999999998,0.018632634999999998,3.5,1.6000000000000003,1.8999999999999997,1.8999999999999997,0.2364031524658203,28.868453979492198,11279,35,3,4,10749.0,10750.0,-1.0,-0.009302325581395349,10747.666666666666,-2.3333333333333335,-0.021705426356589147
77.06676632910967,returning,True,0.034323275,0.015690640000000002,0.018632634999999998,0.018632634999999998,3.5,1.6000000000000003,1.8999999999999997,1.8999999999999997,0.23643545532226562,28.836151123046882,11284,35,3,4,10740.0,10750.0,-10.0,-0.09302325581395349,10741.333333333334,-8.666666666666666,-0.08062015503875969
77.10114674200304,returning,True,0.034323275,0.015690640000000002,0.018632634999999998,0.018632634999999998,3.5,1.6000000000000003,1.8999999999999997,1.8999999999999997,0.23643545532226562,28.836151123046882,11288,35,3,4,10742.0,10750.0,-8.0,-0.07441860465116279,10741.0,-9.0,-0.08372093023255815
77.1496122609824,returning,True,0.034323275,0.015690640000000002,0.018632634999999998,0.018632634999999998,3.5,1.6000000000000003,1.8999999999999997,1.8999999999999997,0.23650004577636718,28.771560668945316,11294,35,3,4,10746.0,10750.0,-4.0,-0.037209302325581395,10746.0,-4.0,-0.037209302325581395
77.19843322900124,returning,True,0.034323275,0.015690640000000002,0.018632634999999998,0.018632634999999998,3.5,1.6000000000000003,1.8999999999999997,1.8999999999999997,0.23650004577636718,28.771560668945316,11302,35,3,4,10744.0,10750.0,-6.0,-0.05581395348837209,10743.0,-7.0,-0.06511627906976744
77.26478950609453,returning,True,0.034323275,0.015690640000000002,0.018632634999999998,0.018632634999999998,3.5,1.6000000000000003,1.8999999999999997,1.8999999999999997,0.23664942932128907,28.62217712402343,11310,35,3,4,10750.0,10750.0,0.0,0.0,10750.0,0.0,0.0
77.3018686491996,returning,True,0.034323275,0.015690640000000002,0.018632634999999998,0.018632634999999998,3.5,1.6000000000000003,1.8999999999999997,1.8999999999999997,0.23664942932128907,28.62217712402343,11314,35,3,4,10748.0,10750.0,-2.0,-0.018604651162790697,10747.666666666666,-2.3333333333333335,-0.021705426356589147
77.34975773910992,returning,True,0.034323275,0.015690640000000002,0.018632634999999998,0.018632634999999998,3.5,1.6000000000000003,1.8999999999999997,1.8999999999999997,0.23669015502929688,28.581451416015618,11320,35,3,4,10738.0,10750.0,-12.0,-0.11162790697674418,10742.333333333334,-7.666666666666667,-0.07131782945736434
77.40109477099031,returning,True,0.034323275,0.015690640000000002,0.018632634999999998,0.018632634999999998,3.5,1.6000000000000003,1.8999999999999997,1.8999999999999997,0.2367099304199219,28.561676025390614,11326,35,3,4,10736.0,10750.0,-14.0,-0.13023255813953488,10741.0,-9.0,-0.08372093023255815
77.4678529270459,returning,True,0.034323275,0.015690640000000002,0.018632634999999998,0.018632634999999998,3.5,1.6000000000000003,1.8999999999999997,1.8999999999999997,0.2367099304199219,28.561676025390614,11332,35,3,4,10742.0,10750.0,-8.0,-0.07441860465116279,10742.0,-8.0,-0.07441860465116279
77.5017016720958,returning,True,0.034323275,0.015690640000000002,0.018632634999999998,0.018632634999999998,3.5,1.6000000000000003,1.8999999999999997,1.8999999999999997,0.2367239990234375,28.54760742187501,11338,35,3,4,10746.0,10750.0,-4.0,-0.037209302325581395,10746.0,-4.0,-0.037209302325581395
77.54939695913345,returning,True,0.03334261,0.015690640000000002,0.01765197,0.01765197,3.4000000000000004,1.6000000000000003,1.7999999999999998,1.7999999999999998,0.2367239990234375,28.54760742187501,11344,35,3,4,10746.0,10750.0,-4.0,-0.037209302325581395,10744.0,-6.0,-0.05581395348837209
77.5990611591842,returning,True,0.03334261,0.015690640000000002,0.01765197,0.01765197,3.4000000000000004,1.6000000000000003,1.7999999999999998,1.7999999999999998,0.2367354736328125,28.536132812500004,11350,35,3,4,10740.0,10750.0,-10.0,-0.09302325581395349,10739.0,-11.0,-0.10232558139534882
77.6660616970621,returning,True,0.03334261,0.015690640000000002,0.01765197,0.01765197,3.4000000000000004,1.6000000000000003,1.7999999999999998,1.7999999999999998,0.23674671936035158,28.524887084960927,11358,35,3,4,10742.0,10750.0,-8.0,-0.07441860465116279,10742.0,-8.0,-0.07441860465116279
77.70153691107407,returning,True,0.03334261,0.015690640000000002,0.01765197,0.01765197,3.4000000000000004,1.6000000000000003,1.7999999999999998,1.7999999999999998,0.23674671936035158,28.524887084960927,11362,35,3,4,10743.0,10750.0,-7.0,-0.06511627906976744,10743.666666666666,-6.333333333333333,-0.05891472868217054
77.74858880019747,returning,True,0.03334261,0.015690640000000002,0.01765197,0.01765197,3.4000000000000004,1.6000000000000003,1.7999999999999998,1.7999999999999998,0.23675399780273437,28.51760864257813,11367,35,3,4,10737.0,10750.0,-13.0,-0.12093023255813953,10737.0,-13.0,-0.12093023255813955
77.79952457221225,returning,True,0.03334261,0.015690640000000002,0.01765197,0.01765197,3.4000000000000004,1.6000000000000003,1.7999999999999998,1.7999999999999998,0.23675399780273437,28.51760864257813,11374,35,3,4,10744.0,10750.0,-6.0,-0.05581395348837209,10744.0,-6.0,-0.05581395348837209
77.86631789500825,returning,True,0.03334261,0.015690640000000002,0.01765197,0.01765197,3.4000000000000004,1.6000000000000003,1.7999999999999998,1.7999999999999998,0.23676004028320313,28.511566162109368,11379,35,3,4,10744.0,10750.0,-6.0,-0.05581395348837209,10742.666666666666,-7.333333333333333,-0.06821705426356589
77.89936233311892,returning,True,0.03334261,0.015690640000000002,0.01765197,0.01765197,3.4000000000000004,1.6000000000000003,1.7999999999999998,1.7999999999999998,0.23677664184570313,28.494964599609375,11384,35,3,4,10740.0,10750.0,-10.0,-0.09302325581395349,10740.0,-10.0,-0.09302325581395349
77.95094105810858,returning,True,0.03334261,0.015690640000000002,0.01765197,0.01765197,3.4000000000000004,1.6000000000000003,1.7999999999999998,1.7999999999999998,0.23677664184570313,28.494964599609375,11390,35,3,4,10746.0,10750.0,-4.0,-0.037209302325581395,10744.0,-6.0,-0.05581395348837209
78.00108088320121,returning,True,0.03334261,0.015690640000000002,0.01765197,0.01765197,3.4000000000000004,1.6000000000000003,1.7999999999999998,1.7999999999999998,0.23689501953125,28.3765869140625,11398,35,3,4,10746.0,10750.0,-4.0,-0.037209302325581395,10745.0,-5.0,-0.046511627906976744
78.06649901601486,returning,True,0.03334261,0.015690640000000002,0.01765197,0.01765197,3.4000000000000004,1.6000000000000003,1.7999999999999998,1.7999999999999998,0.23696060180664064,28.311004638671868,11403,35,3,4,10745.0,10750.0,-5.0,-0.046511627906976744,10750.333333333334,0.3333333333333333,0.0031007751937984496
78.09832490514964,returning,True,0.03334261,0.015690640000000002,0.01765197,0.01765197,3.4000000000000004,1.6000000000000003,1.7999999999999998,1.7999999999999998,0.23696060180664064,28.311004638671868,11408,35,3,4,10741.0,10750.0,-9.0,-0.08372093023255814,10743.0,-7.0,-0.06511627906976744
78.14008063799702,returning,True,0.03334261,0.015690640000000002,0.01765197,0.01765197,3.4000000000000004,1.6000000000000003,1.7999999999999998,1.7999999999999998,0.2370263214111328,28.245285034179695,11416,35,3,4,10748.0,10750.0,-2.0,-0.018604651162790697,10748.0,-2.0,-0.018604651162790697
78.19016840518452,returning,True,0.03334261,0.015690640000000002,0.01765197,0.01765197,3.4000000000000004,1.6000000000000003,1.7999999999999998,1.7999999999999998,0.2370263214111328,28.245285034179695,11425,35,3,4,10743.0,10750.0,-7.0,-0.06511627906976744,10743.0,-7.0,-0.06511627906976744
78.24832645407878,returning,True,0.03334261,0.015690640000000002,0.01765197,0.01765197,3.4000000000000004,1.6000000000000003,1.7999999999999998,1.7999999999999998,0.23713446044921876,28.137145996093736,11434,35,3,4,10747.0,10750.0,-3.0,-0.027906976744186046,10747.0,-3.0,-0.027906976744186046
78.30150047806092,returning,True,0.03334261,0.015690640000000002,0.01765197,0.01765197,3.4000000000000004,1.6000000000000003,1.7999999999999998,1.7999999999999998,0.23713446044921876,28.137145996093736,11440,35,3,4,10749.0,10750.0,-1.0,-0.009302325581395349,10749.0,-1.0,-0.009302325581395349
78.3490220902022,returning,True,0.03334261,0.015690640000000002,0.01765197,0.01765197,3.4000000000000004,1.6000000000000003,1.7999999999999998,1.7999999999999998,0.23714991760253906,28.12168884277344,11446,35,3,4,10744.0,10750.0,-6.0,-0.05581395348837209,10744.0,-6.0,-0.05581395348837209
78.39951355103403,returning,True,0.03334261,0.015690640000000002,0.01765197,0.01765197,3.4000000000000004,1.6000000000000003,1.7999999999999998,1.7999999999999998,0.23714991760253906,28.12168884277344,11451,35,3,4,10751.0,10750.0,1.0,0.009302325581395349,10751.0,1.0,0.009302325581395349
78.46593058016151,returning,True,0.03334261,0.015690640000000002,0.01765197,0.01765197,3.4000000000000004,1.6000000000000003,1.7999999999999998,1.7999999999999998,0.23716389465332033,28.107711791992173,11457,35,3,4,10745.0,10750.0,-5.0,-0.046511627906976744,10744.666666666666,-5.333333333333333,-0.04961240310077519
78.49920495413244,returning,True,0.03334261,0.015690640000000002,0.01765197,0.01765197,3.4000000000000004,1.6000000000000003,1.7999999999999998,1.7999999999999998,0.23716864013671876,28.10296630859374,11463,35,3,4,10747.0,10750.0,-3.0,-0.027906976744186046,10747.0,-3.0,-0.027906976744186046
78.5399787381757,returning,True,0.032361944999999996,0.015690640000000002,0.016671304999999994,0.016671304999999994,3.2999999999999994,1.6000000000000003,1.6999999999999993,1.6999999999999993,0.23716864013671876,28.10296630859374,11472,35,3,4,10744.0,10750.0,-6.0,-0.05581395348837209,10746.0,-4.0,-0.037209302325581395
78.58990613603964,returning,True,0.032361944999999996,0.015690640000000002,0.016671304999999994,0.016671304999999994,3.2999999999999994,1.6000000000000003,1.6999999999999993,1.6999999999999993,0.23717300415039064,28.098602294921864,11481,35,3,4,10750.0,10750.0,0.0,0.0,10750.333333333334,0.3333333333333333,0.0031007751937984496
78.64921645820141,returning,True,0.032361944999999996,0.015690640000000002,0.016671304999999994,0.016671304999999994,3.2999999999999994,1.6000000000000003,1.6999999999999993,1.6999999999999993,0.23717605590820312,28.095550537109382,11490,35,3,4,10748.0,10750.0,-2.0,-0.018604651162790697,10747.333333333334,-2.6666666666666665,-0.024806201550387597
78.70223267399706,returning,True,0.032361944999999996,0.015690640000000002,0.016671304999999994,0.016671304999999994,3.2999999999999994,1.6000000000000003,1.6999999999999993,1.6999999999999993,0.23716949462890624,28.10211181640626,11496,35,3,4,10750.0,10750.0,0.0,0.0,10748.666666666666,-1.3333333333333333,-0.012403100775193798
78.75390959717333,returning,True,0.032361944999999996,0.015690640000000002,0.016671304999999994,0.016671304999999994,3.2999999999999994,1.6000000000000003,1.6999999999999993,1.6999999999999993,0.23716949462890624,28.10211181640626,11503,35,3,4,10748.0,10750.0,-2.0,-0.018604651162790697,10748.0,-2.0,-0.018604651162790697
78.79876675712876,returning,True,0.032361944999999996,0.015690640000000002,0.016671304999999994,0.016671304999999994,3.2999999999999994,1.6000000000000003,1.6999999999999993,1.6999999999999993,0.23718836975097657,28.083236694335934,11508,35,3,4,10742.0,10750.0,-8.0,-0.07441860465116279,10743.666666666666,-6.333333333333333,-0.05891472868217054
78.8648666550871,returning,True,0.032361944999999996,0.015690640000000002,0.016671304999999994,0.016671304999999994,3.2999999999999994,1.6000000000000003,1.6999999999999993,1.6999999999999993,0.23733790588378906,27.933700561523445,11513,35,3,4,10745.0,10750.0,-5.0,-0.046511627906976744,10746.0,-4.0,-0.037209302325581395
78.90029626805335,returning,True,0.032361944999999996,0.015690640000000002,0.016671304999999994,0.016671304999999994,3.2999999999999994,1.6000000000000003,1.6999999999999993,1.6999999999999993,0.23733790588378906,27.933700561523445,11518,35,3,4,10753.0,10750.0,3.0,0.027906976744186046,10751.0,1.0,0.009302325581395349
78.95235247421078,returning,True,0.032361944999999996,0.015690640000000002,0.016671304999999994,0.016671304999999994,3.2999999999999994,1.6000000000000003,1.6999999999999993,1.6999999999999993,0.23753460693359377,27.736999511718736,11523,35,3,4,10755.0,10750.0,5.0,0.046511627906976744,10747.0,-3.0,-0.027906976744186046
78.99930628016591,returning,True,0.032361944999999996,0.015690640000000002,0.016671304999999994,0.016671304999999994,3.2999999999999994,1.6000000000000003,1.6999999999999993,1.6999999999999993,0.23753460693359377,27.736999511718736,11530,35,3,4,10752.0,10750.0,2.0,0.018604651162790697,10752.0,2.0,0.018604651162790697
79.06577114202082,returning,True,0.032361944999999996,0.015690640000000002,0.016671304999999994,0.016671304999999994,3.2999999999999994,1.6000000000000003,1.6999999999999993,1.6999999999999993,0.23756358337402345,27.708023071289055,11536,35,3,4,10755.0,10750.0,5.0,0.046511627906976744,10755.0,5.0,0.046511627906976744
79.11558946617879,returning,True,0.032361944999999996,0.015690640000000002,0.016671304999999994,0.016671304999999994,3.2999999999999994,1.6000000000000003,1.6999999999999993,1.6999999999999993,0.23758169555664063,27.68991088867187,11542,35,3,4,10752.0,10750.0,2.0,0.018604651162790697,10752.0,2.0,0.018604651162790697
79.16617168299854,returning,True,0.032361944999999996,0.015690640000000002,0.016671304999999994,0.016671304999999994,3.2999999999999994,1.6000000000000003,1.6999999999999993,1.6999999999999993,0.23758169555664063,27.68991088867187,11548,35,3,4,10756.0,10750.0,6.0,0.05581395348837209,10750.666666666666,0.6666666666666666,0.006201550387596899
79.21594291110523,returning,True,0.032361944999999996,0.015690640000000002,0.016671304999999994,0.016671304999999994,3.2999999999999994,1.6000000000000003,1.6999999999999993,1.6999999999999993,0.23759811401367187,27.673492431640632,11554,35,3,4,10744.0,10750.0,-6.0,-0.05581395348837209,10747.333333333334,-2.6666666666666665,-0.024806201550387597
79.26517321215943,returning,True,0.032361944999999996,0.015690640000000002,0.016671304999999994,0.016671304999999994,3.2999999999999994,1.6000000000000003,1.6999999999999993,1.6999999999999993,0.23761532592773438,27.656280517578125,11559,35,3,4,10747.0,10750.0,-3.0,-0.027906976744186046,10747.666666666666,-2.3333333333333335,-0.021705426356589147
79.29897686908953,returning,True,0.032361944999999996,0.015690640000000002,0.016671304999999994,0.016671304999999994,3.2999999999999994,1.6000000000000003,1.6999999999999993,1.6999999999999993,0.23761532592773438,27.656280517578125,11565,35,3,4,10750.0,10750.0,0.0,0.0,10749.0,-1.0,-0.009302325581395349
79.35228668316267,returning,True,0.032361944999999996,0.015690640000000002,0.016671304999999994,0.016671304999999994,3.2999999999999994,1.6000000000000003,1.6999999999999993,1.6999999999999993,0.2376441345214844,27.62747192382811,11572,35,3,4,10754.0,10750.0,4.0,0.037209302325581395,10751.333333333334,1.3333333333333333,0.012403100775193798
79.3985000050161,returning,True,0.032361944999999996,0.015690640000000002,0.016671304999999994,0.016671304999999994,3.2999999999999994,1.6000000000000003,1.6999999999999993,1.6999999999999993,0.2376441345214844,27.62747192382811,11577,35,3,4,10746.0,10750.0,-4.0,-0.037209302325581395,10748.666666666666,-1.3333333333333333,-0.012403100775193798
79.46506430301815,returning,True,0.032361944999999996,0.015690640000000002,0.016671304999999994,0.016671304999999994,3.2999999999999994,1.6000000000000003,1.6999999999999993,1.6999999999999993,0.23769558715820313,27.57601928710937,11584,35,3,4,10752.0,10750.0,2.0,0.018604651162790697,10753.333333333334,3.3333333333333335,0.031007751937984496
79.49892637715675,returning,True,0.032361944999999996,0.015690640000000002,0.016671304999999994,0.016671304999999994,3.2999999999999994,1.6000000000000003,1.6999999999999993,1.6999999999999993,0.23769558715820313,27.57601928710937,11590,35,3,4,10747.0,10750.0,-3.0,-0.027906976744186046,10752.333333333334,2.3333333333333335,0.021705426356589147
79.54817303898744,returning,True,0.032361944999999996,0.015690640000000002,0.016671304999999994,0.016671304999999994,3.2999999999999994,1.6000000000000003,1.6999999999999993,1.6999999999999993,0.23778939819335937,27.482208251953132,11596,35,3,4,10748.0,10750.0,-2.0,-0.018604651162790697,10747.666666666666,-2.3333333333333335,-0.021705426356589147
79.59812300908379,returning,True,0.032361944999999996,0.015690640000000002,0.016671304999999994,0.016671304999999994,3.2999999999999994,1.6000000000000003,1.6999999999999993,1.6999999999999993,0.2378730163574219,27.39859008789061,11605,35,3,4,10751.0,10750.0,1.0,0.009302325581395349,10751.0,1.0,0.009302325581395349
79.64850291912444,returning,True,0.032361944999999996,0.015690640000000002,0.016671304999999994,0.016671304999999994,3.2999999999999994,1.6000000000000003,1.6999999999999993,1.6999999999999993,0.2378730163574219,27.39859008789061,11614,35,3,4,10753.0,10750.0,3.0,0.027906976744186046,10753.0,3.0,0.027906976744186046
79.70101423608139,returning,True,0.032361944999999996,0.015690640000000002,0.016671304999999994,0.016671304999999994,3.2999999999999994,1.6000000000000003,1.6999999999999993,1.6999999999999993,0.23787771606445313,27.393890380859375,11620,35,3,4,10747.0,10750.0,-3.0,-0.027906976744186046,10747.0,-3.0,-0.027906976744186046
79.75263191014528,returning,True,0.032361944999999996,0.015690640000000002,0.016671304999999994,0.016671304999999994,3.2999999999999994,1.6000000000000003,1.6999999999999993,1.6999999999999993,0.23788975524902345,27.381851196289052,11626,35,3,4,10744.0,10750.0,-6.0,-0.05581395348837209,10744.0,-6.0,-0.05581395348837209
79.79907735809684,returning,True,0.032361944999999996,0.015690640000000002,0.016671304999999994,0.016671304999999994,3.2999999999999994,1.6000000000000003,1.6999999999999993,1.6999999999999993,0.23788975524902345,27.381851196289052,11632,35,3,4,10753.0,10750.0,3.0,0.027906976744186046,10753.333333333334,3.3333333333333335,0.031007751937984496
79.86527092801407,returning,True,0.032361944999999996,0.015690640000000002,0.016671304999999994,0.016671304999999994,3.2999999999999994,1.6000000000000003,1.6999999999999993,1.6999999999999993,0.23791326904296875,27.358337402343754,11637,35,3,4,10750.0,10750.0,0.0,0.0,10749.666666666666,-0.3333333333333333,-0.0031007751937984496
79.90015940810554,returning,True,0.032361944999999996,0.015690640000000002,0.016671304999999994,0.016671304999999994,3.2999999999999994,1.6000000000000003,1.6999999999999993,1.6999999999999993,0.23791326904296875,27.358337402343754,11643,35,3,4,10750.0,10750.0,0.0,0.0,10750.0,0.0,0.0
79.94997977814637,returning,True,0.032361944999999996,0.015690640000000002,0.016671304999999994,0.016671304999999994,3.2999999999999994,1.6000000000000003,1.6999999999999993,1.6999999999999993,0.2379929656982422,27.278640747070316,11649,35,3,4,10746.0,10750.0,-4.0,-0.037209302325581395,10752.666666666666,2.6666666666666665,0.024806201550387597
79.99858309607953,returning,True,0.031381280000000004,0.015690640000000002,0.015690640000000002,0.015690640000000002,3.2000000000000006,1.6000000000000003,1.6000000000000003,1.6000000000000003,0.23805807495117187,27.213531494140632,11655,35,3,4,10750.0,10750.0,0.0,0.0,10752.666666666666,2.6666666666666665,0.024806201550387597
80.0652694629971,returning,True,0.031381280000000004,0.015690640000000002,0.015690640000000002,0.015690640000000002,3.2000000000000006,1.6000000000000003,1.6000000000000003,1.6000000000000003,0.23805807495117187,27.213531494140632,11663,35,3,4,10753.0,10750.0,3.0,0.027906976744186046,10753.666666666666,3.6666666666666665,0.034108527131782945
80.11630599200726,returning,True,0.031381280000000004,0.015690640000000002,0.015690640000000002,0.015690640000000002,3.2000000000000006,1.6000000000000003,1.6000000000000003,1.6000000000000003,0.23806741333007814,27.204193115234364,11669,35,3,4,10749.0,10750.0,-1.0,-0.009302325581395349,10749.0,-1.0,-0.009302325581395349
80.14944035001099,returning,True,0.031381280000000004,0.015690640000000002,0.015690640000000002,0.015690640000000002,3.2000000000000006,1.6000000000000003,1.6000000000000003,1.6000000000000003,0.23806741333007814,27.204193115234364,11676,35,3,4,10751.0,10750.0,1.0,0.009302325581395349,10751.0,1.0,0.009302325581395349
80.19909218512475,returning,True,0.031381280000000004,0.015690640000000002,0.015690640000000002,0.015690640000000002,3.2000000000000006,1.6000000000000003,1.6000000000000003,1.6000000000000003,0.2380737762451172,27.197830200195312,11681,35,3,4,10755.0,10750.0,5.0,0.046511627906976744,10754.333333333334,4.333333333333333,0.040310077519379844
80.24972945498303,returning,True,0.031381280000000004,0.015690640000000002,0.015690640000000002,0.015690640000000002,3.2000000000000006,1.6000000000000003,1.6000000000000003,1.6000000000000003,0.23807974243164062,27.19186401367188,11688,35,3,4,10756.0,10750.0,6.0,0.05581395348837209,10753.333333333334,3.3333333333333335,0.031007751937984496
80.29975195298903,returning,True,0.031381280000000004,0.015690640000000002,0.015690640000000002,0.015690640000000002,3.2000000000000006,1.6000000000000003,1.6000000000000003,1.6000000000000003,0.23807974243164062,27.19186401367188,11694,35,3,4,10751.0,10750.0,1.0,0.009302325581395349,10751.0,1.0,0.009302325581395349
80.34930223017,returning,True,0.031381280000000004,0.015690640000000002,0.015690640000000002,0.015690640000000002,3.2000000000000006,1.6000000000000003,1.6000000000000003,1.6000000000000003,0.23808433532714846,27.18727111816405,11700,35,3,4,10750.0,10750.0,0.0,0.0,10752.666666666666,2.6666666666666665,0.024806201550387597
80.39911224413663,returning,True,0.031381280000000004,0.015690640000000002,0.015690640000000002,0.015690640000000002,3.2000000000000006,1.6000000000000003,1.6000000000000003,1.6000000000000003,0.23808433532714846,27.18727111816405,11706,35,3,4,10749.0,10750.0,-1.0,-0.009302325581395349,10756.333333333334,6.333333333333333,0.05891472868217054
80.46501282812096,returning,True,0.031381280000000004,0.015690640000000002,0.015690640000000002,0.015690640000000002,3.2000000000000006,1.6000000000000003,1.6000000000000003,1.6000000000000003,0.23810498046875,27.166625976562496,11712,35,3,4,10753.0,10750.0,3.0,0.027906976744186046,10753.333333333334,3.3333333333333335,0.031007751937984496
80.49887434812263,returning,True,0.031381280000000004,0.015690640000000002,0.015690640000000002,0.015690640000000002,3.2000000000000006,1.6000000000000003,1.6000000000000003,1.6000000000000003,0.23816864013671876,27.10296630859374,11717,35,3,4,10745.0,10750.0,-5.0,-0.046511627906976744,10745.0,-5.0,-0.046511627906976744
80.54927299008705,returning,True,0.031381280000000004,0.015690640000000002,0.015690640000000002,0.015690640000000002,3.2000000000000006,1.6000000000000003,1.6000000000000003,1.6000000000000003,0.23816864013671876,27.10296630859374,11723,35,3,4,10750.0,10750.0,0.0,0.0,10750.0,0.0,0.0
80.59826231212355,returning,True,0.031381280000000004,0.015690640000000002,0.015690640000000002,0.015690640000000002,3.2000000000000006,1.6000000000000003,1.6000000000000003,1.6000000000000003,0.23838352966308593,26.888076782226573,11729,35,3,4,10754.0,10750.0,4.0,0.037209302325581395,10754.0,4.0,0.037209302325581395
80.66494974098168,returning,True,0.031381280000000004,0.015690640000000002,0.015690640000000002,0.015690640000000002,3.2000000000000006,1.6000000000000003,1.6000000000000003,1.6000000000000003,0.23846762084960937,26.80398559570313,11737,35,3,4,10757.0,10750.0,7.0,0.06511627906976744,10757.0,7.0,0.06511627906976744
80.71512040798552,returning,True,0.031381280000000004,0.015690640000000002,0.015690640000000002,0.015690640000000002,3.2000000000000006,1.6000000000000003,1.6000000000000003,1.6000000000000003,0.23846762084960937,26.80398559570313,11742,35,3,4,10745.0,10750.0,-5.0,-0.046511627906976744,10745.0,-5.0,-0.046511627906976744
80.76615985808894,returning,True,0.031381280000000004,0.015690640000000002,0.015690640000000002,0.015690640000000002,3.2000000000000006,1.6000000000000003,1.6000000000000003,1.6000000000000003,0.23852801513671876,26.743591308593746,11749,35,3,4,10751.0,10750.0,1.0,0.009302325581395349,10755.0,5.0,0.046511627906976744
80.81548850913532,returning,True,0.031381280000000004,0.015690640000000002,0.015690640000000002,0.015690640000000002,3.2000000000000006,1.6000000000000003,1.6000000000000003,1.6000000000000003,0.23852801513671876,26.743591308593746,11752,35,3,4,10758.0,10750.0,8.0,0.07441860465116279,10753.333333333334,3.3333333333333335,0.031007751937984496
80.86485093319789,returning,True,0.031381280000000004,0.015690640000000002,0.015690640000000002,0.015690640000000002,3.2000000000000006,1.6000000000000003,1.6000000000000003,1.6000000000000003,0.23858760070800783,26.684005737304673,11759,35,3,4,10756.0,10750.0,6.0,0.05581395348837209,10756.0,6.0,0.05581395348837209
80.89927514409646,returning,True,0.031381280000000004,0.015690640000000002,0.015690640000000002,0.015690640000000002,3.2000000000000006,1.6000000000000003,1.6000000000000003,1.6000000000000003,0.23858760070800783,26.684005737304673,11764,35,3,4,10752.0,10750.0,2.0,0.018604651162790697,10755.333333333334,5.333333333333333,0.04961240310077519
80.94961684709415,returning,True,0.031381280000000004,0.015690640000000002,0.015690640000000002,0.015690640000000002,3.2000000000000006,1.6000000000000003,1.6000000000000003,1.6000000000000003,0.23872927856445314,26.54232788085936,11769,35,3,4,10753.0,10750.0,3.0,0.027906976744186046,10754.333333333334,4.333333333333333,0.040310077519379844
81.00193355511874,returning,True,0.031381280000000004,0.015690640000000002,0.015690640000000002,0.015690640000000002,3.2000000000000006,1.6000000000000003,1.6000000000000003,1.6000000000000003,0.23879571533203126,26.475891113281246,11772,35,3,4,10754.0,10750.0,4.0,0.037209302325581395,10753.333333333334,3.3333333333333335,0.031007751937984496
81.08209370402619,returning,True,0.031381280000000004,0.015690640000000002,0.015690640000000002,0.015690640000000002,3.2000000000000006,1.6000000000000003,1.6000000000000003,1.6000000000000003,0.23879571533203126,26.475891113281246,11779,35,3,4,10755.0,10750.0,5.0,0.046511627906976744,10753.666666666666,3.6666666666666665,0.034108527131782945
81.11507862620056,returning,True,0.031381280000000004,0.015690640000000002,0.015690640000000002,0.015690640000000002,3.2000000000000006,1.6000000000000003,1.6000000000000003,1.6000000000000003,0.23884231567382813,26.42929077148437,11784,35,3,4,10750.0,10750.0,0.0,0.0,10750.666666666666,0.6666666666666666,0.006201550387596899
81.18202435504645,returning,True,0.031381280000000004,0.015690640000000002,0.015690640000000002,0.015690640000000002,3.2000000000000006,1.6000000000000003,1.6000000000000003,1.6000000000000003,0.23890423583984374,26.36737060546876,11792,35,3,4,10758.0,10750.0,8.0,0.07441860465116279,10754.0,4.0,0.037209302325581395
81.21473339898512,returning,True,0.031381280000000004,0.015690640000000002,0.015690640000000002,0.015690640000000002,3.2000000000000006,1.6000000000000003,1.6000000000000003,1.6000000000000003,0.23890423583984374,26.36737060546876,11795,35,3,4,10749.0,10750.0,-1.0,-0.009302325581395349,10755.0,5.0,0.046511627906976744
81.28200939507224,returning,True,0.031381280000000004,0.015690640000000002,0.015690640000000002,0.015690640000000002,3.2000000000000006,1.6000000000000003,1.6000000000000003,1.6000000000000003,0.23893037414550783,26.341232299804673,11801,35,3,4,10752.0,10750.0,2.0,0.018604651162790697,10754.0,4.0,0.037209302325581395
81.33148937416263,returning,True,0.031381280000000004,0.015690640000000002,0.015690640000000002,0.015690640000000002,3.2000000000000006,1.6000000000000003,1.6000000000000003,1.6000000000000003,0.23895687866210938,26.314727783203125,11805,35,3,4,10752.0,10750.0,2.0,0.018604651162790697,10756.666666666666,6.666666666666667,0.06201550387596899
81.36566334404051,returning,True,0.031381280000000004,0.015690640000000002,0.015690640000000002,0.015690640000000002,3.2000000000000006,1.6000000000000003,1.6000000000000003,1.6000000000000003,0.23895687866210938,26.314727783203125,11808,35,3,4,10751.0,10750.0,1.0,0.009302325581395349,10751.333333333334,1.3333333333333333,0.012403100775193798
81.41594517906196,returning,True,0.031381280000000004,0.015690640000000002,0.015690640000000002,0.015690640000000002,3.2000000000000006,1.6000000000000003,1.6000000000000003,1.6000000000000003,0.2390234375,26.24816894531251,11816,35,3,4,10758.0,10750.0,8.0,0.07441860465116279,10756.666666666666,6.666666666666667,0.06201550387596899
81.48181159701198,returning,True,0.030400615000000002,0.015690640000000002,0.014709975,0.014709975,3.1,1.6000000000000003,1.5,1.5,0.2390234375,26.24816894531251,11819,35,3,4,10753.0,10750.0,3.0,0.027906976744186046,10754.666666666666,4.666666666666667,0.043410852713178294
81.51536622899584,returning,True,0.030400615000000002,0.015690640000000002,0.014709975,0.014709975,3.1,1.6000000000000003,1.5,1.5,0.23925852966308594,26.01307678222656,11823,35,3,4,10753.0,10750.0,3.0,0.027906976744186046,10754.333333333334,4.333333333333333,0.040310077519379844
81.56501100910828,returning,True,0.030400615000000002,0.015690640000000002,0.014709975,0.014709975,3.1,1.6000000000000003,1.5,1.5,0.23925852966308594,26.01307678222656,11829,35,3,4,10756.0,10750.0,6.0,0.05581395348837209,10756.0,6.0,0.05581395348837209
81.61529510118999,returning,True,0.030400615000000002,0.015690640000000002,0.014709975,0.014709975,3.1,1.6000000000000003,1.5,1.5,0.23931242370605468,25.95918273925782,11834,35,3,4,10758.0,10750.0,8.0,0.07441860465116279,10759.0,9.0,0.08372093023255815
81.69998579099774,returning,True,0.030400615000000002,0.015690640000000002,0.014709975,0.014709975,3.1,1.6000000000000003,1.5,1.5,0.23932421875,25.94738769531249,11842,35,3,4,10751.0,10750.0,1.0,0.009302325581395349,10751.333333333334,1.3333333333333333,0.012403100775193798
81.71473139012232,returning,True,0.030400615000000002,0.015690640000000002,0.014709975,0.014709975,3.1,1.6000000000000003,1.5,1.5,0.23932421875,25.94738769531249,11845,35,3,4,10754.0,10750.0,4.0,0.037209302325581395,10753.0,3.0,0.027906976744186046
81.75043811905198,returning,True,0.030400615000000002,0.015690640000000002,0.014709975,0.014709975,3.1,1.6000000000000003,1.5,1.5,0.23932421875,25.94738769531249,11850,35,3,4,10759.0,10750.0,9.0,0.08372093023255814,10759.0,9.0,0.08372093023255815
81.79908039816655,returning,True,0.030400615000000002,0.015690640000000002,0.014709975,0.014709975,3.1,1.6000000000000003,1.5,1.5,0.23933645629882813,25.93515014648437,11857,35,3,4,10758.0,10750.0,8.0,0.07441860465116279,10755.333333333334,5.333333333333333,0.04961240310077519
81.86508674011566,returning,True,0.030400615000000002,0.015690640000000002,0.014709975,0.014709975,3.1,1.6000000000000003,1.5,1.5,0.23935226440429688,25.919342041015618,11864,35,3,4,10753.0,10750.0,3.0,0.027906976744186046,10753.0,3.0,0.027906976744186046
81.91939988918602,returning,True,0.030400615000000002,0.015690640000000002,0.014709975,0.014709975,3.1,1.6000000000000003,1.5,1.5,0.23935226440429688,25.919342041015618,11872,35,3,4,10754.0,10750.0,4.0,0.037209302325581395,10753.666666666666,3.6666666666666665,0.034108527131782945
81.96596247307025,returning,True,0.030400615000000002,0.015690640000000002,0.014709975,0.014709975,3.1,1.6000000000000003,1.5,1.5,0.23935968017578124,25.91192626953126,11874,35,3,4,10760.0,10750.0,10.0,0.09302325581395349,10758.0,8.0,0.07441860465116279
82.01665074401535,returning,True,0.030400615000000002,0.015690640000000002,0.014709975,0.014709975,3.1,1.6000000000000003,1.5,1.5,0.23936105346679687,25.910552978515632,11882,35,3,4,10763.0,10750.0,13.0,0.12093023255813953,10761.333333333334,11.333333333333334,0.10542635658914729
82.08394849905744,returning,True,0.030400615000000002,0.015690640000000002,0.014709975,0.014709975,3.1,1.6000000000000003,1.5,1.5,0.23936105346679687,25.910552978515632,11885,35,3,4,10754.0,10750.0,4.0,0.037209302325581395,10754.0,4.0,0.037209302325581395
82.09899343620054,returning,True,0.030400615000000002,0.015690640000000002,0.014709975,0.014709975,3.1,1.6000000000000003,1.5,1.5,0.23936769104003908,25.903915405273427,11889,35,3,4,10755.0,10750.0,5.0,0.046511627906976744,10757.0,7.0,0.06511627906976744
82.14815174299292,returning,True,0.030400615000000002,0.015690640000000002,0.014709975,0.014709975,3.1,1.6000000000000003,1.5,1.5,0.23936769104003908,25.903915405273427,11897,35,3,4,10755.0,10750.0,5.0,0.046511627906976744,10755.0,5.0,0.046511627906976744
82.19010491902009,returning,True,0.02941995,0.015690640000000002,0.013729309999999998,0.013729309999999998,3.0,1.6000000000000003,1.3999999999999997,1.3999999999999997,0.23938732910156252,25.884277343749986,11906,35,3,4,10758.0,10750.0,8.0,0.07441860465116279,10759.333333333334,9.333333333333334,0.08682170542635659
82.28321467898786,returning,True,0.02941995,0.015690640000000002,0.013729309999999998,0.013729309999999998,3.0,1.6000000000000003,1.3999999999999997,1.3999999999999997,0.23948855590820314,25.783050537109357,11915,35,3,4,10760.0,10750.0,10.0,0.09302325581395349,10757.333333333334,7.333333333333333,0.06821705426356589
82.33303476101719,returning,True,0.02941995,0.015690640000000002,0.013729309999999998,0.013729309999999998,3.0,1.6000000000000003,1.3999999999999997,1.3999999999999997,0.2396199951171875,25.65161132812499,11920,35,3,4,10758.0,10750.0,8.0,0.07441860465116279,10759.666666666666,9.666666666666666,0.08992248062015502
82.36612683720887,returning,True,0.02941995,0.015690640000000002,0.013729309999999998,0.013729309999999998,3.0,1.6000000000000003,1.3999999999999997,1.3999999999999997,0.2396199951171875,25.65161132812499,11925,35,3,4,10756.0,10750.0,6.0,0.05581395348837209,10755.666666666666,5.666666666666667,0.05271317829457364
82.41537847020663,returning,True,0.02941995,0.015690640000000002,0.013729309999999998,0.013729309999999998,3.0,1.6000000000000003,1.3999999999999997,1.3999999999999997,0.23982266235351563,25.448944091796875,11930,35,3,4,10766.0,10750.0,16.0,0.14883720930232558,10763.666666666666,13.666666666666666,0.12713178294573643
82.50016063102521,returning,True,0.02941995,0.015690640000000002,0.013729309999999998,0.013729309999999998,3.0,1.6000000000000003,1.3999999999999997,1.3999999999999997,0.24005581665039064,25.215789794921868,11936,35,3,4,10763.0,10750.0,13.0,0.12093023255813953,10759.0,9.0,0.08372093023255815
82.51494039106183,returning,True,0.02941995,0.015690640000000002,0.013729309999999998,0.013729309999999998,3.0,1.6000000000000003,1.3999999999999997,1.3999999999999997,0.24005581665039064,25.215789794921868,11940,35,3,4,10759.0,10750.0,9.0,0.08372093023255814,10760.333333333334,10.333333333333334,0.09612403100775195
82.54912645509467,returning,True,0.02941995,0.015690640000000002,0.013729309999999998,0.013729309999999998,3.0,1.6000000000000003,1.3999999999999997,1.3999999999999997,0.24005581665039064,25.215789794921868,11946,35,3,4,10765.0,10750.0,15.0,0.13953488372093023,10763.666666666666,13.666666666666666,0.12713178294573643
82.61473439610563,returning,True,0.02941995,0.015690640000000002,0.013729309999999998,0.013729309999999998,3.0,1.6000000000000003,1.3999999999999997,1.3999999999999997,0.24018316650390625,25.08843994140625,11951,35,3,4,10759.0,10750.0,9.0,0.08372093023255814,10759.0,9.0,0.08372093023255815
82.66537160798907,returning,True,0.02941995,0.015690640000000002,0.013729309999999998,0.013729309999999998,3.0,1.6000000000000003,1.3999999999999997,1.3999999999999997,0.2402076873779297,25.063919067382812,11958,35,3,4,10758.0,10750.0,8.0,0.07441860465116279,10759.666666666666,9.666666666666666,0.08992248062015502
82.71676550409757,returning,True,0.02941995,0.015690640000000002,0.013729309999999998,0.013729309999999998,3.0,1.6000000000000003,1.3999999999999997,1.3999999999999997,0.2402076873779297,25.063919067382812,11962,35,3,4,10759.0,10750.0,9.0,0.08372093023255814,10763.666666666666,13.666666666666666,0.12713178294573643
82.76488507702015,returning,True,0.02941995,0.015690640000000002,0.013729309999999998,0.013729309999999998,3.0,1.6000000000000003,1.3999999999999997,1.3999999999999997,0.24022343444824218,25.048171997070323,11969,35,3,4,10758.0,10750.0,8.0,0.07441860465116279,10761.333333333334,11.333333333333334,0.10542635658914729
82.80127691221423,returning,True,0.02941995,0.015690640000000002,0.013729309999999998,0.013729309999999998,3.0,1.6000000000000003,1.3999999999999997,1.3999999999999997,0.24022343444824218,25.048171997070323,11975,35,3,4,10764.0,10750.0,14.0,0.13023255813953488,10764.666666666666,14.666666666666666,0.13643410852713178
82.86576071218587,returning,True,0.02941995,0.015690640000000002,0.013729309999999998,0.013729309999999998,3.0,1.6000000000000003,1.3999999999999997,1.3999999999999997,0.24023216247558593,25.03944396972657,11980,35,3,4,10759.0,10750.0,9.0,0.08372093023255814,10759.0,9.0,0.08372093023255815
82.8997664861381,returning,True,0.02941995,0.015690640000000002,0.013729309999999998,0.013729309999999998,3.0,1.6000000000000003,1.3999999999999997,1.3999999999999997,0.24024771118164062,25.023895263671882,11984,35,3,4,10758.0,10750.0,8.0,0.07441860465116279,10761.666666666666,11.666666666666666,0.10852713178294575
82.94115554820746,returning,True,0.02941995,0.015690640000000002,0.013729309999999998,0.013729309999999998,3.0,1.6000000000000003,1.3999999999999997,1.3999999999999997,0.24024771118164062,25.023895263671882,11992,35,3,4,10760.0,10750.0,10.0,0.09302325581395349,10760.0,10.0,0.09302325581395349
82.99033785820939,returning,True,0.02941995,0.015690640000000002,0.013729309999999998,0.013729309999999998,3.0,1.6000000000000003,1.3999999999999997,1.3999999999999997,0.24026124572753907,25.010360717773434,12001,35,3,4,10758.0,10750.0,8.0,0.07441860465116279,10758.0,8.0,0.07441860465116279
83.04778477107175,returning,True,0.02941995,0.015690640000000002,0.013729309999999998,0.013729309999999998,3.0,1.6000000000000003,1.3999999999999997,1.3999999999999997,0.24027296447753907,24.998641967773434,12012,35,3,4,10761.0,10750.0,11.0,0.10232558139534884,10759.666666666666,9.666666666666666,0.08992248062015502
83.09912937204354,returning,True,0.02941995,0.015690640000000002,0.013729309999999998,0.013729309999999998,3.0,1.6000000000000003,1.3999999999999997,1.3999999999999997,0.24028761291503906,24.983993530273445,12017,35,3,4,10760.0,10750.0,10.0,0.09302325581395349,10760.333333333334,10.333333333333334,0.09612403100775195
83.14896931010298,returning,True,0.02941995,0.015690640000000002,0.013729309999999998,0.013729309999999998,3.0,1.6000000000000003,1.3999999999999997,1.3999999999999997,0.24028761291503906,24.983993530273445,12024,35,3,4,10764.0,10750.0,14.0,0.13023255813953488,10765.333333333334,15.333333333333334,0.14263565891472868
83.20203798101284,returning,True,0.02941995,0.015690640000000002,0.013729309999999998,0.013729309999999998,3.0,1.6000000000000003,1.3999999999999997,1.3999999999999997,0.24032199096679688,24.949615478515625,12029,35,3,4,10760.0,10750.0,10.0,0.09302325581395349,10762.0,12.0,0.11162790697674418
83.26588460500352,returning,True,0.02941995,0.015690640000000002,0.013729309999999998,0.013729309999999998,3.0,1.6000000000000003,1.3999999999999997,1.3999999999999997,0.24038281250000001,24.888793945312486,12034,35,3,4,10770.0,10750.0,20.0,0.18604651162790697,10768.333333333334,18.333333333333332,0.17054263565891473
83.29879907914437,returning,True,0.02941995,0.015690640000000002,0.013729309999999998,0.013729309999999998,3.0,1.6000000000000003,1.3999999999999997,1.3999999999999997,0.24038281250000001,24.888793945312486,12039,35,3,4,10757.0,10750.0,7.0,0.06511627906976744,10757.0,7.0,0.06511627906976744
83.34806015412323,returning,True,0.02941995,0.015690640000000002,0.013729309999999998,0.013729309999999998,3.0,1.6000000000000003,1.3999999999999997,1.3999999999999997,0.24054812622070312,24.72348022460938,12044,35,3,4,10763.0,10750.0,13.0,0.12093023255813953,10762.0,12.0,0.11162790697674418
83.39838641812094,returning,True,0.02941995,0.015690640000000002,0.013729309999999998,0.013729309999999998,3.0,1.6000000000000003,1.3999999999999997,1.3999999999999997,0.24054812622070312,24.72348022460938,12053,35,3,4,10758.0,10750.0,8.0,0.07441860465116279,10759.666666666666,9.666666666666666,0.08992248062015502
83.46621087915264,returning,True,0.02941995,0.015690640000000002,0.013729309999999998,0.013729309999999998,3.0,1.6000000000000003,1.3999999999999997,1.3999999999999997,0.24071981811523438,24.55178833007812,12061,35,3,4,10760.0,10750.0,10.0,0.09302325581395349,10762.0,12.0,0.11162790697674418
83.49913230817765,returning,True,0.02941995,0.015690640000000002,0.013729309999999998,0.013729309999999998,3.0,1.6000000000000003,1.3999999999999997,1.3999999999999997,0.24075079345703126,24.520812988281236,12066,35,3,4,10765.0,10750.0,15.0,0.13953488372093023,10762.666666666666,12.666666666666666,0.11782945736434108
83.54914916399866,returning,True,0.02941995,0.015690640000000002,0.013729309999999998,0.013729309999999998,3.0,1.6000000000000003,1.3999999999999997,1.3999999999999997,0.24075079345703126,24.520812988281236,12073,35,3,4,10762.0,10750.0,12.0,0.11162790697674418,10762.0,12.0,0.11162790697674418
83.60240955813788,returning,True,0.02941995,0.015690640000000002,0.013729309999999998,0.013729309999999998,3.0,1.6000000000000003,1.3999999999999997,1.3999999999999997,0.24075515747070314,24.51644897460936,12078,35,3,4,10765.0,10750.0,15.0,0.13953488372093023,10766.0,16.0,0.14883720930232558
83.66512025916018,returning,True,0.02941995,0.015690640000000002,0.013729309999999998,0.013729309999999998,3.0,1.6000000000000003,1.3999999999999997,1.3999999999999997,0.24075552368164063,24.51608276367187,12084,35,3,4,10767.0,10750.0,17.0,0.15813953488372093,10767.0,17.0,0.15813953488372093
83.69946189015172,returning,True,0.02941995,0.015690640000000002,0.013729309999999998,0.013729309999999998,3.0,1.6000000000000003,1.3999999999999997,1.3999999999999997,0.24075552368164063,24.51608276367187,12090,35,3,4,10764.0,10750.0,14.0,0.13023255813953488,10764.0,14.0,0.13023255813953488
83.74827401409857,returning,True,0.02941995,0.015690640000000002,0.013729309999999998,0.013729309999999998,3.0,1.6000000000000003,1.3999999999999997,1.3999999999999997,0.2407591247558594,24.512481689453107,12096,35,3,4,10764.0,10750.0,14.0,0.13023255813953488,10765.333333333334,15.333333333333334,0.14263565891472868
83.79876216105185,returning,True,0.02941995,0.015690640000000002,0.013729309999999998,0.013729309999999998,3.0,1.6000000000000003,1.3999999999999997,1.3999999999999997,0.2407591247558594,24.512481689453107,12103,35,3,4,10764.0,10750.0,14.0,0.13023255813953488,10765.0,15.0,0.13953488372093023
83.86526102316566,returning,True,0.02941995,0.015690640000000002,0.013729309999999998,0.013729309999999998,3.0,1.6000000000000003,1.3999999999999997,1.3999999999999997,0.2407729949951172,24.498611450195302,12108,35,3,4,10763.0,10750.0,13.0,0.12093023255813953,10764.666666666666,14.666666666666666,0.13643410852713178
83.91626193514094,returning,True,0.02941995,0.015690640000000002,0.013729309999999998,0.013729309999999998,3.0,1.6000000000000003,1.3999999999999997,1.3999999999999997,0.2407729949951172,24.498611450195302,12114,35,3,4,10763.0,10750.0,13.0,0.12093023255813953,10760.333333333334,10.333333333333334,0.09612403100775195
83.96750732907094,returning,True,0.02941995,0.015690640000000002,0.013729309999999998,0.013729309999999998,3.0,1.6000000000000003,1.3999999999999997,1.3999999999999997,0.24079800415039063,24.473602294921875,12118,35,3,4,10763.0,10750.0,13.0,0.12093023255813953,10763.0,13.0,0.12093023255813955
84.00010961014777,returning,True,0.02941995,0.015690640000000002,0.013729309999999998,0.013729309999999998,3.0,1.6000000000000003,1.3999999999999997,1.3999999999999997,0.24079800415039063,24.473602294921875,12124,35,3,4,10768.0,10750.0,18.0,0.16744186046511628,10768.0,18.0,0.1674418604651163
84.06521476106718,returning,True,0.02941995,0.015690640000000002,0.013729309999999998,0.013729309999999998,3.0,1.6000000000000003,1.3999999999999997,1.3999999999999997,0.24088426208496094,24.38734436035156,12130,35,3,4,10767.0,10750.0,17.0,0.15813953488372093,10768.333333333334,18.333333333333332,0.17054263565891473
84.10245773312636,returning,True,0.028439284999999998,0.015690640000000002,0.012748644999999996,0.012748644999999996,2.9,1.6000000000000003,1.2999999999999996,1.2999999999999996,0.2411489715576172,24.12263488769531,12137,35,3,4,10770.0,10750.0,20.0,0.18604651162790697,10770.0,20.0,0.18604651162790697
84.14921210007742,returning,True,0.028439284999999998,0.015690640000000002,0.012748644999999996,0.012748644999999996,2.9,1.6000000000000003,1.2999999999999996,1.2999999999999996,0.2411489715576172,24.12263488769531,12142,35,3,4,10768.0,10750.0,18.0,0.16744186046511628,10769.333333333334,19.333333333333332,0.17984496124031005
84.19841496320441,returning,True,0.028439284999999998,0.015690640000000002,0.012748644999999996,0.012748644999999996,2.9,1.6000000000000003,1.2999999999999996,1.2999999999999996,0.2412105255126953,24.06108093261719,12148,35,3,4,10765.0,10750.0,15.0,0.13953488372093023,10765.333333333334,15.333333333333334,0.1426356589147287
84.267139027128,returning,True,0.028439284999999998,0.015690640000000002,0.012748644999999996,0.012748644999999996,2.9,1.6000000000000003,1.2999999999999996,1.2999999999999996,0.24122833251953127,24.043273925781232,12155,35,3,4,10767.0,10750.0,17.0,0.15813953488372093,10765.666666666666,15.666666666666666,0.14573643410852713
84.29835257306695,returning,True,0.028439284999999998,0.015690640000000002,0.012748644999999996,0.012748644999999996,2.9,1.6000000000000003,1.2999999999999996,1.2999999999999996,0.24122833251953127,24.043273925781232,12160,35,3,4,10767.0,10750.0,17.0,0.15813953488372093,10771.0,21.0,0.19534883720930232
84.3490105450619,returning,True,0.028439284999999998,0.015690640000000002,0.012748644999999996,0.012748644999999996,2.9,1.6000000000000003,1.2999999999999996,1.2999999999999996,0.24124459838867188,24.027008056640625,12166,35,3,4,10771.0,10750.0,21.0,0.19534883720930232,10768.333333333334,18.333333333333332,0.17054263565891473
84.39019489404745,returning,True,0.028439284999999998,0.015690640000000002,0.012748644999999996,0.012748644999999996,2.9,1.6000000000000003,1.2999999999999996,1.2999999999999996,0.24124459838867188,24.027008056640625,12175,35,3,4,10758.0,10750.0,8.0,0.07441860465116279,10758.0,8.0,0.07441860465116279
84.44945963821374,returning,True,0.028439284999999998,0.015690640000000002,0.012748644999999996,0.012748644999999996,2.9,1.6000000000000003,1.2999999999999996,1.2999999999999996,0.24126959228515626,24.002014160156236,12184,35,3,4,10766.0,10750.0,16.0,0.14883720930232558,10766.0,16.0,0.14883720930232558
84.49060972500592,returning,True,0.028439284999999998,0.015690640000000002,0.012748644999999996,0.012748644999999996,2.9,1.6000000000000003,1.2999999999999996,1.2999999999999996,0.24129331970214843,23.978286743164073,12190,35,3,4,10766.0,10750.0,16.0,0.14883720930232558,10767.333333333334,17.333333333333332,0.16124031007751938
84.54032165720128,returning,True,0.028439284999999998,0.015690640000000002,0.012748644999999996,0.012748644999999996,2.9,1.6000000000000003,1.2999999999999996,1.2999999999999996,0.2413236999511719,23.947906494140607,12200,35,3,4,10770.0,10750.0,20.0,0.18604651162790697,10768.666666666666,18.666666666666668,0.17364341085271318
84.59055028716102,returning,True,0.028439284999999998,0.015690640000000002,0.012748644999999996,0.012748644999999996,2.9,1.6000000000000003,1.2999999999999996,1.2999999999999996,0.24135235595703125,23.91925048828125,12210,35,3,4,10762.0,10750.0,12.0,0.11162790697674418,10762.0,12.0,0.11162790697674418
84.65193719416857,returning,True,0.028439284999999998,0.015690640000000002,0.012748644999999996,0.012748644999999996,2.9,1.6000000000000003,1.2999999999999996,1.2999999999999996,0.24139291381835937,23.878692626953136,12219,35,3,4,10762.0,10750.0,12.0,0.11162790697674418,10762.0,12.0,0.11162790697674418
84.70397128211334,returning,True,0.028439284999999998,0.015690640000000002,0.012748644999999996,0.012748644999999996,2.9,1.6000000000000003,1.2999999999999996,1.2999999999999996,0.24139291381835937,23.878692626953136,12225,35,3,4,10761.0,10750.0,11.0,0.10232558139534884,10760.666666666666,10.666666666666666,0.09922480620155039
84.75129137304612,returning,True,0.028439284999999998,0.015690640000000002,0.012748644999999996,0.012748644999999996,2.9,1.6000000000000003,1.2999999999999996,1.2999999999999996,0.2414284362792969,23.843170166015614,12231,35,3,4,10763.0,10750.0,13.0,0.12093023255813953,10763.666666666666,13.666666666666666,0.12713178294573643
84.79844533000141,returning,True,0.028439284999999998,0.015690640000000002,0.012748644999999996,0.012748644999999996,2.9,1.6000000000000003,1.2999999999999996,1.2999999999999996,0.2414284362792969,23.843170166015614,12237,35,3,4,10757.0,10750.0,7.0,0.06511627906976744,10757.0,7.0,0.06511627906976744
84.8656043279916,returning,True,0.028439284999999998,0.015690640000000002,0.012748644999999996,0.012748644999999996,2.9,1.6000000000000003,1.2999999999999996,1.2999999999999996,0.24147027587890627,23.801330566406236,12244,35,3,4,10763.0,10750.0,13.0,0.12093023255813953,10766.333333333334,16.333333333333332,0.15193798449612403
84.89890323998407,returning,True,0.028439284999999998,0.015690640000000002,0.012748644999999996,0.012748644999999996,2.9,1.6000000000000003,1.2999999999999996,1.2999999999999996,0.2415633544921875,23.70825195312501,12250,35,3,4,10765.0,10750.0,15.0,0.13953488372093023,10763.0,13.0,0.12093023255813955
84.9548932982143,returning,True,0.028439284999999998,0.015690640000000002,0.012748644999999996,0.012748644999999996,2.9,1.6000000000000003,1.2999999999999996,1.2999999999999996,0.2415633544921875,23.70825195312501,12255,35,3,4,10768.0,10750.0,18.0,0.16744186046511628,10767.0,17.0,0.15813953488372093
84.99893744313158,returning,True,0.028439284999999998,0.015690640000000002,0.012748644999999996,0.012748644999999996,2.9,1.6000000000000003,1.2999999999999996,1.2999999999999996,0.24168101501464845,23.590591430664055,12262,35,3,4,10762.0,10750.0,12.0,0.11162790697674418,10762.0,12.0,0.11162790697674418
85.06539142108522,returning,True,0.028439284999999998,0.015690640000000002,0.012748644999999996,0.012748644999999996,2.9,1.6000000000000003,1.2999999999999996,1.2999999999999996,0.2417706756591797,23.500930786132802,12268,35,3,4,10771.0,10750.0,21.0,0.19534883720930232,10765.666666666666,15.666666666666666,0.14573643410852713
85.11555590410717,returning,True,0.028439284999999998,0.015690640000000002,0.012748644999999996,0.012748644999999996,2.9,1.6000000000000003,1.2999999999999996,1.2999999999999996,0.2417706756591797,23.500930786132802,12273,35,3,4,10768.0,10750.0,18.0,0.16744186046511628,10768.0,18.0,0.1674418604651163
85.16535597899929,returning,True,0.028439284999999998,0.015690640000000002,0.012748644999999996,0.012748644999999996,2.9,1.6000000000000003,1.2999999999999996,1.2999999999999996,0.24188690185546877,23.384704589843736,12279,35,3,4,10771.0,10750.0,21.0,0.19534883720930232,10769.0,19.0,0.17674418604651163
85.20148481614888,returning,True,0.028439284999999998,0.015690640000000002,0.012748644999999996,0.012748644999999996,2.9,1.6000000000000003,1.2999999999999996,1.2999999999999996,0.24188690185546877,23.384704589843736,12286,35,3,4,10770.0,10750.0,20.0,0.18604651162790697,10767.666666666666,17.666666666666668,0.16434108527131783
85.26514280308038,returning,True,0.028439284999999998,0.015690640000000002,0.012748644999999996,0.012748644999999996,2.9,1.6000000000000003,1.2999999999999996,1.2999999999999996,0.24191986083984376,23.35174560546874,12291,35,3,4,10766.0,10750.0,16.0,0.14883720930232558,10767.333333333334,17.333333333333332,0.16124031007751938
85.29932733206078,returning,True,0.028439284999999998,0.015690640000000002,0.012748644999999996,0.012748644999999996,2.9,1.6000000000000003,1.2999999999999996,1.2999999999999996,0.2419268798828125,23.3447265625,12298,35,3,4,10762.0,10750.0,12.0,0.11162790697674418,10761.333333333334,11.333333333333334,0.10542635658914729
85.34822269505821,returning,True,0.028439284999999998,0.015690640000000002,0.012748644999999996,0.012748644999999996,2.9,1.6000000000000003,1.2999999999999996,1.2999999999999996,0.2419268798828125,23.3447265625,12303,35,3,4,10766.0,10750.0,16.0,0.14883720930232558,10764.666666666666,14.666666666666666,0.13643410852713178
85.39840999501757,returning,True,0.028439284999999998,0.015690640000000002,0.012748644999999996,0.012748644999999996,2.9,1.6000000000000003,1.2999999999999996,1.2999999999999996,0.24192858886718752,23.343017578124986,12309,35,3,4,10771.0,10750.0,21.0,0.19534883720930232,10771.0,21.0,0.19534883720930232
85.46722043398768,returning,True,0.028439284999999998,0.015690640000000002,0.012748644999999996,0.012748644999999996,2.9,1.6000000000000003,1.2999999999999996,1.2999999999999996,0.24193612670898437,23.33547973632813,12316,35,3,4,10771.0,10750.0,21.0,0.19534883720930232,10769.0,19.0,0.17674418604651163
85.49808551301248,returning,True,0.028439284999999998,0.015690640000000002,0.012748644999999996,0.012748644999999996,2.9,1.6000000000000003,1.2999999999999996,1.2999999999999996,0.24193612670898437,23.33547973632813,12322,35,3,4,10767.0,10750.0,17.0,0.15813953488372093,10767.0,17.0,0.15813953488372093
85.54015339608304,returning,True,0.028439284999999998,0.015690640000000002,0.012748644999999996,0.012748644999999996,2.9,1.6000000000000003,1.2999999999999996,1.2999999999999996,0.24193612670898437,23.33547973632813,12331,35,3,4,10761.0,10750.0,11.0,0.10232558139534884,10761.0,11.0,0.10232558139534882
85.58969873818569,returning,True,0.028439284999999998,0.015690640000000002,0.012748644999999996,0.012748644999999996,2.9,1.6000000000000003,1.2999999999999996,1.2999999999999996,0.24194461059570313,23.32699584960937,12340,35,3,4,10774.0,10750.0,24.0,0.22325581395348837,10774.666666666666,24.666666666666668,0.22945736434108524
85.64829671918415,returning,True,0.028439284999999998,0.015690640000000002,0.012748644999999996,0.012748644999999996,2.9,1.6000000000000003,1.2999999999999996,1.2999999999999996,0.24195626831054687,23.315338134765636,12349,35,3,4,10765.0,10750.0,15.0,0.13953488372093023,10765.0,15.0,0.13953488372093023
85.6991869150661,returning,True,0.028439284999999998,0.015690640000000002,0.012748644999999996,0.012748644999999996,2.9,1.6000000000000003,1.2999999999999996,1.2999999999999996,0.2419669189453125,23.304687500000004,12354,35,3,4,10765.0,10750.0,15.0,0.13953488372093023,10765.666666666666,15.666666666666666,0.14573643410852713
85.75395811814815,returning,True,0.028439284999999998,0.015690640000000002,0.012748644999999996,0.012748644999999996,2.9,1.6000000000000003,1.2999999999999996,1.2999999999999996,0.2419669189453125,23.304687500000004,12360,35,3,4,10767.0,10750.0,17.0,0.15813953488372093,10767.0,17.0,0.15813953488372093
85.80068295798264,returning,True,0.028439284999999998,0.015690640000000002,0.012748644999999996,0.012748644999999996,2.9,1.6000000000000003,1.2999999999999996,1.2999999999999996,0.24198536682128907,23.28623962402343,12365,35,3,4,10765.0,10750.0,15.0,0.13953488372093023,10763.666666666666,13.666666666666666,0.12713178294573643
85.86520471819676,returning,True,0.028439284999999998,0.015690640000000002,0.012748644999999996,0.012748644999999996,2.9,1.6000000000000003,1.2999999999999996,1.2999999999999996,0.24200555419921876,23.26605224609374,12371,35,3,4,10767.0,10750.0,17.0,0.15813953488372093,10767.333333333334,17.333333333333332,0.16124031007751938
85.89890372613445,returning,True,0.028439284999999998,0.015690640000000002,0.012748644999999996,0.012748644999999996,2.9,1.6000000000000003,1.2999999999999996,1.2999999999999996,0.24200555419921876,23.26605224609374,12377,35,3,4,10767.0,10750.0,17.0,0.15813953488372093,10768.0,18.0,0.16744186046511625
85.95304682804272,returning,True,0.028439284999999998,0.015690640000000002,0.012748644999999996,0.012748644999999996,2.9,1.6000000000000003,1.2999999999999996,1.2999999999999996,0.24203134155273437,23.240264892578132,12383,35,3,4,10767.0,10750.0,17.0,0.15813953488372093,10767.0,17.0,0.15813953488372093
86.00091555109248,returning,True,0.028439284999999998,0.015690640000000002,0.012748644999999996,0.012748644999999996,2.9,1.6000000000000003,1.2999999999999996,1.2999999999999996,0.24203134155273437,23.240264892578132,12389,35,3,4,10766.0,10750.0,16.0,0.14883720930232558,10764.0,14.0,0.13023255813953488
86.06554963602684,returning,True,0.028439284999999998,0.015690640000000002,0.012748644999999996,0.012748644999999996,2.9,1.6000000000000003,1.2999999999999996,1.2999999999999996,0.24207937622070314,23.192230224609368,12394,35,3,4,10758.0,10750.0,8.0,0.07441860465116279,10763.333333333334,13.333333333333334,0.12403100775193798
86.09884453518316,returning,True,0.028439284999999998,0.015690640000000002,0.012748644999999996,0.012748644999999996,2.9,1.6000000000000003,1.2999999999999996,1.2999999999999996,0.24207937622070314,23.192230224609368,12398,35,3,4,10763.0,10750.0,13.0,0.12093023255813953,10761.333333333334,11.333333333333334,0.10542635658914729
86.14903133618645,returning,True,0.02745862,0.015690640000000002,0.011767979999999997,0.011767979999999997,2.8,1.6000000000000003,1.1999999999999997,1.1999999999999997,0.24224447631835938,23.02713012695312,12407,35,3,4,10766.0,10750.0,16.0,0.14883720930232558,10766.666666666666,16.666666666666668,0.15503875968992248
86.19827796914615,returning,True,0.02745862,0.015690640000000002,0.011767979999999997,0.011767979999999997,2.8,1.6000000000000003,1.1999999999999997,1.1999999999999997,0.2423609161376953,22.910690307617195,12413,35,3,4,10767.0,10750.0,17.0,0.15813953488372093,10767.0,17.0,0.15813953488372093
86.24797109118663,returning,True,0.02745862,0.015690640000000002,0.011767979999999997,0.011767979999999997,2.8,1.6000000000000003,1.1999999999999997,1.1999999999999997,0.2423609161376953,22.910690307617195,12422,35,3,4,10760.0,10750.0,10.0,0.09302325581395349,10760.666666666666,10.666666666666666,0.09922480620155039
86.30254852515645,returning,True,0.02745862,0.015690640000000002,0.011767979999999997,0.011767979999999997,2.8,1.6000000000000003,1.1999999999999997,1.1999999999999997,0.24240115356445313,22.87045288085937,12427,35,3,4,10765.0,10750.0,15.0,0.13953488372093023,10767.666666666666,17.666666666666668,0.16434108527131783
86.34926422312856,returning,True,0.02745862,0.015690640000000002,0.011767979999999997,0.011767979999999997,2.8,1.6000000000000003,1.1999999999999997,1.1999999999999997,0.24240115356445313,22.87045288085937,12434,35,3,4,10770.0,10750.0,20.0,0.18604651162790697,10769.0,19.0,0.17674418604651163
86.39922925899737,returning,True,0.02745862,0.015690640000000002,0.011767979999999997,0.011767979999999997,2.8,1.6000000000000003,1.1999999999999997,1.1999999999999997,0.24240896606445314,22.86264038085936,12440,35,3,4,10771.0,10750.0,21.0,0.19534883720930232,10771.0,21.0,0.19534883720930232
86.46540819108486,returning,True,0.02745862,0.015690640000000002,0.011767979999999997,0.011767979999999997,2.8,1.6000000000000003,1.1999999999999997,1.1999999999999997,0.24242234802246093,22.84925842285157,12447,35,3,4,10768.0,10750.0,18.0,0.16744186046511628,10767.666666666666,17.666666666666668,0.16434108527131783
86.50230869208463,returning,True,0.02745862,0.015690640000000002,0.011767979999999997,0.011767979999999997,2.8,1.6000000000000003,1.1999999999999997,1.1999999999999997,0.24242234802246093,22.84925842285157,12449,35,3,4,10760.0,10750.0,10.0,0.09302325581395349,10765.333333333334,15.333333333333334,0.14263565891472868
86.54989821813069,returning,True,0.02745862,0.015690640000000002,0.011767979999999997,0.011767979999999997,2.8,1.6000000000000003,1.1999999999999997,1.1999999999999997,0.2424330749511719,22.83853149414061,12455,35,3,4,10767.0,10750.0,17.0,0.15813953488372093,10767.0,17.0,0.15813953488372093
86.59873588103801,returning,True,0.02745862,0.015690640000000002,0.011767979999999997,0.011767979999999997,2.8,1.6000000000000003,1.1999999999999997,1.1999999999999997,0.2424330749511719,22.83853149414061,12461,35,3,4,10766.0,10750.0,16.0,0.14883720930232558,10762.666666666666,12.666666666666666,0.11782945736434108
86.66620797407813,returning,True,0.02745862,0.015690640000000002,0.011767979999999997,0.011767979999999997,2.8,1.6000000000000003,1.1999999999999997,1.1999999999999997,0.24244203186035157,22.82957458496093,12467,35,3,4,10761.0,10750.0,11.0,0.10232558139534884,10762.666666666666,12.666666666666666,0.1178294573643411
86.69845485314727,returning,True,0.02745862,0.015690640000000002,0.011767979999999997,0.011767979999999997,2.8,1.6000000000000003,1.1999999999999997,1.1999999999999997,0.24245254516601564,22.819061279296864,12471,35,3,4,10766.0,10750.0,16.0,0.14883720930232558,10766.0,16.0,0.14883720930232558
86.74817066616379,returning,True,0.02745862,0.015690640000000002,0.011767979999999997,0.011767979999999997,2.8,1.6000000000000003,1.1999999999999997,1.1999999999999997,0.24245254516601564,22.819061279296864,12479,35,3,4,10760.0,10750.0,10.0,0.09302325581395349,10761.333333333334,11.333333333333334,0.10542635658914729
86.7994940651115,returning,True,0.02745862,0.015690640000000002,0.011767979999999997,0.011767979999999997,2.8,1.6000000000000003,1.1999999999999997,1.1999999999999997,0.2424578552246094,22.813751220703114,12488,35,3,4,10762.0,10750.0,12.0,0.11162790697674418,10761.666666666666,11.666666666666666,0.10852713178294575
86.84935380518436,returning,True,0.02745862,0.015690640000000002,0.011767979999999997,0.011767979999999997,2.8,1.6000000000000003,1.1999999999999997,1.1999999999999997,0.2424578552246094,22.813751220703114,12496,35,3,4,10762.0,10750.0,12.0,0.11162790697674418,10763.0,13.0,0.12093023255813955
86.89058662415482,returning,True,0.02745862,0.015690640000000002,0.011767979999999997,0.011767979999999997,2.8,1.6000000000000003,1.1999999999999997,1.1999999999999997,0.24245721435546874,22.81439208984376,12504,35,3,4,10764.0,10750.0,14.0,0.13023255813953488,10764.0,14.0,0.13023255813953488
86.94126937002875,returning,True,0.02745862,0.015690640000000002,0.011767979999999997,0.011767979999999997,2.8,1.6000000000000003,1.1999999999999997,1.1999999999999997,0.24246343994140626,22.80816650390624,12513,35,3,4,10763.0,10750.0,13.0,0.12093023255813953,10763.0,13.0,0.12093023255813955
86.99035606114194,returning,True,0.02745862,0.015690640000000002,0.011767979999999997,0.011767979999999997,2.8,1.6000000000000003,1.1999999999999997,1.1999999999999997,0.24247866821289063,22.79293823242187,12523,35,3,4,10767.0,10750.0,17.0,0.15813953488372093,10767.0,17.0,0.15813953488372093
87.04821062320843,returning,True,0.02745862,0.015690640000000002,0.011767979999999997,0.011767979999999997,2.8,1.6000000000000003,1.1999999999999997,1.1999999999999997,0.24249177551269532,22.77983093261718,12533,35,3,4,10762.0,10750.0,12.0,0.11162790697674418,10761.333333333334,11.333333333333334,0.10542635658914729
87.08971761516295,returning,True,0.02745862,0.015690640000000002,0.011767979999999997,0.011767979999999997,2.8,1.6000000000000003,1.1999999999999997,1.1999999999999997,0.24249177551269532,22.77983093261718,12540,35,3,4,10771.0,10750.0,21.0,0.19534883720930232,10769.0,19.0,0.17674418604651163
87.14041248802096,returning,True,0.02745862,0.015690640000000002,0.011767979999999997,0.011767979999999997,2.8,1.6000000000000003,1.1999999999999997,1.1999999999999997,0.24252859497070314,22.74301147460936,12550,35,3,4,10764.0,10750.0,14.0,0.13023255813953488,10764.0,14.0,0.13023255813953488
87.18978201900609,returning,True,0.02745862,0.015690640000000002,0.011767979999999997,0.011767979999999997,2.8,1.6000000000000003,1.1999999999999997,1.1999999999999997,0.2426099853515625,22.66162109375,12560,35,3,4,10756.0,10750.0,6.0,0.05581395348837209,10756.0,6.0,0.05581395348837209
87.24780424311757,returning,True,0.02745862,0.015690640000000002,0.011767979999999997,0.011767979999999997,2.8,1.6000000000000003,1.1999999999999997,1.1999999999999997,0.24283297729492187,22.438629150390632,12570,35,3,4,10763.0,10750.0,13.0,0.12093023255813953,10763.0,13.0,0.12093023255813955
87.29789868416265,returning,True,0.02745862,0.015690640000000002,0.011767979999999997,0.011767979999999997,2.8,1.6000000000000003,1.1999999999999997,1.1999999999999997,0.24310653686523437,22.165069580078132,12576,35,3,4,10766.0,10750.0,16.0,0.14883720930232558,10766.666666666666,16.666666666666668,0.15503875968992248
87.34842506516725,returning,True,0.02745862,0.015690640000000002,0.011767979999999997,0.011767979999999997,2.8,1.6000000000000003,1.1999999999999997,1.1999999999999997,0.24310653686523437,22.165069580078132,12582,35,3,4,10762.0,10750.0,12.0,0.11162790697674418,10762.0,12.0,0.11162790697674418
87.39883891004138,returning,True,0.02745862,0.015690640000000002,0.011767979999999997,0.011767979999999997,2.8,1.6000000000000003,1.1999999999999997,1.1999999999999997,0.2431885986328125,22.0830078125,12589,35,3,4,10764.0,10750.0,14.0,0.13023255813953488,10770.0,20.0,0.18604651162790697
87.46759933419526,returning,True,0.02745862,0.015690640000000002,0.011767979999999997,0.011767979999999997,2.8,1.6000000000000003,1.1999999999999997,1.1999999999999997,0.24320111083984375,22.070495605468754,12594,35,3,4,10764.0,10750.0,14.0,0.13023255813953488,10762.666666666666,12.666666666666666,0.11782945736434108
87.4983295481652,returning,True,0.02745862,0.015690640000000002,0.011767979999999997,0.011767979999999997,2.8,1.6000000000000003,1.1999999999999997,1.1999999999999997,0.24320111083984375,22.070495605468754,12599,35,3,4,10766.0,10750.0,16.0,0.14883720930232558,10766.0,16.0,0.14883720930232558
87.54812123719603,returning,True,0.02745862,0.015690640000000002,0.011767979999999997,0.011767979999999997,2.8,1.6000000000000003,1.1999999999999997,1.1999999999999997,0.24321426391601564,22.057342529296864,12608,35,3,4,10765.0,10750.0,15.0,0.13953488372093023,10765.0,15.0,0.13953488372093023
87.58978590811603,returning,True,0.02745862,0.015690640000000002,0.011767979999999997,0.011767979999999997,2.8,1.6000000000000003,1.1999999999999997,1.1999999999999997,0.24321426391601564,22.057342529296864,12617,35,3,4,10758.0,10750.0,8.0,0.07441860465116279,10763.333333333334,13.333333333333334,0.12403100775193798
87.64818138908595,returning,True,0.02745862,0.015690640000000002,0.011767979999999997,0.011767979999999997,2.8,1.6000000000000003,1.1999999999999997,1.1999999999999997,0.2432218933105469,22.049713134765614,12626,35,3,4,10764.0,10750.0,14.0,0.13023255813953488,10764.0,14.0,0.13023255813953488
87.69885998498648,returning,True,0.02745862,0.015690640000000002,0.011767979999999997,0.011767979999999997,2.8,1.6000000000000003,1.1999999999999997,1.1999999999999997,0.24323141479492189,22.040191650390618,12632,35,3,4,10766.0,10750.0,16.0,0.14883720930232558,10766.0,16.0,0.14883720930232558
87.75235211313702,returning,True,0.02745862,0.015690640000000002,0.011767979999999997,0.011767979999999997,2.8,1.6000000000000003,1.1999999999999997,1.1999999999999997,0.24323141479492189,22.040191650390618,12638,35,3,4,10771.0,10750.0,21.0,0.19534883720930232,10770.0,20.0,0.18604651162790697
87.79892893112265,returning,True,0.02745862,0.015690640000000002,0.011767979999999997,0.011767979999999997,2.8,1.6000000000000003,1.1999999999999997,1.1999999999999997,0.24322886657714846,22.042739868164045,12645,35,3,4,10767.0,10750.0,17.0,0.15813953488372093,10767.0,17.0,0.15813953488372093
87.86649135220796,returning,True,0.02745862,0.015690640000000002,0.011767979999999997,0.011767979999999997,2.8,1.6000000000000003,1.1999999999999997,1.1999999999999997,0.2432242889404297,22.047317504882812,12650,35,3,4,10762.0,10750.0,12.0,0.11162790697674418,10761.333333333334,11.333333333333334,0.10542635658914729
87.89950071508065,returning,True,0.02745862,0.015690640000000002,0.011767979999999997,0.011767979999999997,2.8,1.6000000000000003,1.1999999999999997,1.1999999999999997,0.2432242889404297,22.047317504882812,12656,35,3,4,10767.0,10750.0,17.0,0.15813953488372093,10767.666666666666,17.666666666666668,0.16434108527131783
87.94941041921265,returning,True,0.02745862,0.015690640000000002,0.011767979999999997,0.011767979999999997,2.8,1.6000000000000003,1.1999999999999997,1.1999999999999997,0.24322587585449218,22.045730590820323,12665,35,3,4,10771.0,10750.0,21.0,0.19534883720930232,10770.666666666666,20.666666666666668,0.19224806201550385
87.98970279912464,returning,True,0.02745862,0.015690640000000002,0.011767979999999997,0.011767979999999997,2.8,1.6000000000000003,1.1999999999999997,1.1999999999999997,0.24322587585449218,22.045730590820323,12674,35,3,4,10760.0,10750.0,10.0,0.09302325581395349,10760.0,10.0,0.09302325581395349
88.04810050711967,returning,True,0.02745862,0.015690640000000002,0.011767979999999997,0.011767979999999997,2.8,1.6000000000000003,1.1999999999999997,1.1999999999999997,0.24324008178710937,22.03152465820313,12683,35,3,4,10762.0,10750.0,12.0,0.11162790697674418,10762.0,12.0,0.11162790697674418
88.10017572809011,returning,True,0.02745862,0.015690640000000002,0.011767979999999997,0.011767979999999997,2.8,1.6000000000000003,1.1999999999999997,1.1999999999999997,0.24326544189453125,22.00616455078125,12689,35,3,4,10769.0,10750.0,19.0,0.17674418604651163,10767.333333333334,17.333333333333332,0.16124031007751938
88.15164093510248,returning,True,0.02745862,0.015690640000000002,0.011767979999999997,0.011767979999999997,2.8,1.6000000000000003,1.1999999999999997,1.1999999999999997,0.24326544189453125,22.00616455078125,12695,35,3,4,10763.0,10750.0,13.0,0.12093023255813953,10763.666666666666,13.666666666666666,0.12713178294573643
88.20069255703129,returning,True,0.02745862,0.015690640000000002,0.011767979999999997,0.011767979999999997,2.8,1.6000000000000003,1.1999999999999997,1.1999999999999997,0.24341799926757812,21.85360717773438,12700,35,3,4,10767.0,10750.0,17.0,0.15813953488372093,10767.0,17.0,0.15813953488372093
88.26535679306835,returning,True,0.02745862,0.015690640000000002,0.011767979999999997,0.011767979999999997,2.8,1.6000000000000003,1.1999999999999997,1.1999999999999997,0.24356146240234375,21.710144042968754,12706,35,3,4,10767.0,10750.0,17.0,0.15813953488372093,10767.0,17.0,0.15813953488372093
88.3002047801856,returning,True,0.02745862,0.015690640000000002,0.011767979999999997,0.011767979999999997,2.8,1.6000000000000003,1.1999999999999997,1.1999999999999997,0.24356146240234375,21.710144042968754,12712,35,3,4,10766.0,10750.0,16.0,0.14883720930232558,10763.333333333334,13.333333333333334,0.12403100775193798
88.34886013902724,returning,True,0.02745862,0.015690640000000002,0.011767979999999997,0.011767979999999997,2.8,1.6000000000000003,1.1999999999999997,1.1999999999999997,0.24368719482421874,21.584411621093757,12719,35,3,4,10762.0,10750.0,12.0,0.11162790697674418,10762.0,12.0,0.11162790697674418
88.39829863305204,returning,True,0.02745862,0.015690640000000002,0.011767979999999997,0.011767979999999997,2.8,1.6000000000000003,1.1999999999999997,1.1999999999999997,0.24368719482421874,21.584411621093757,12727,35,3,4,10768.0,10750.0,18.0,0.16744186046511628,10768.0,18.0,0.1674418604651163
88.46605347213335,returning,True,0.02745862,0.015690640000000002,0.011767979999999997,0.011767979999999997,2.8,1.6000000000000003,1.1999999999999997,1.1999999999999997,0.24374725341796877,21.524353027343736,12735,35,3,4,10764.0,10750.0,14.0,0.13023255813953488,10764.0,14.0,0.13023255813953488
88.49918250204064,returning,True,0.02745862,0.015690640000000002,0.011767979999999997,0.011767979999999997,2.8,1.6000000000000003,1.1999999999999997,1.1999999999999997,0.24377056884765624,21.501037597656257,12740,35,3,4,10771.0,10750.0,21.0,0.19534883720930232,10770.333333333334,20.333333333333332,0.18914728682170542
88.5499452590011,returning,True,0.02745862,0.015690640000000002,0.011767979999999997,0.011767979999999997,2.8,1.6000000000000003,1.1999999999999997,1.1999999999999997,0.24377056884765624,21.501037597656257,12746,35,3,4,10771.0,10750.0,21.0,0.19534883720930232,10773.666666666666,23.666666666666668,0.22015503875968992
88.60003826208413,returning,True,0.02745862,0.015690640000000002,0.011767979999999997,0.011767979999999997,2.8,1.6000000000000003,1.1999999999999997,1.1999999999999997,0.24380349731445314,21.468109130859364,12752,35,3,4,10771.0,10750.0,21.0,0.19534883720930232,10768.333333333334,18.333333333333332,0.17054263565891473
88.66508876718581,returning,True,0.02745862,0.015690640000000002,0.011767979999999997,0.011767979999999997,2.8,1.6000000000000003,1.1999999999999997,1.1999999999999997,0.24391464233398438,21.356964111328118,12758,35,3,4,10773.0,10750.0,23.0,0.21395348837209302,10771.0,21.0,0.19534883720930232
88.6989633240737,returning,True,0.02745862,0.015690640000000002,0.011767979999999997,0.011767979999999997,2.8,1.6000000000000003,1.1999999999999997,1.1999999999999997,0.24391464233398438,21.356964111328118,12763,35,3,4,10778.0,10750.0,28.0,0.26046511627906976,10774.666666666666,24.666666666666668,0.22945736434108524
88.74794435501099,returning,True,0.02745862,0.015690640000000002,0.011767979999999997,0.011767979999999997,2.8,1.6000000000000003,1.1999999999999997,1.1999999999999997,0.24391464233398438,21.356964111328118,12769,35,3,4,10779.0,10750.0,29.0,0.26976744186046514,10777.666666666666,27.666666666666668,0.25736434108527134
88.79888906306587,returning,True,0.02745862,0.015690640000000002,0.011767979999999997,0.011767979999999997,2.8,1.6000000000000003,1.1999999999999997,1.1999999999999997,0.24405474853515627,21.216857910156232,12776,35,3,4,10770.0,10750.0,20.0,0.18604651162790697,10770.0,20.0,0.18604651162790697
88.86622878606431,returning,True,0.02745862,0.015690640000000002,0.011767979999999997,0.011767979999999997,2.8,1.6000000000000003,1.1999999999999997,1.1999999999999997,0.24408432006835937,21.187286376953136,12781,35,3,4,10770.0,10750.0,20.0,0.18604651162790697,10771.333333333334,21.333333333333332,0.19844961240310077
88.91501067811623,returning,True,0.02745862,0.015690640000000002,0.011767979999999997,0.011767979999999997,2.8,1.6000000000000003,1.1999999999999997,1.1999999999999997,0.24409875488281252,21.172851562499982,12786,35,3,4,10771.0,10750.0,21.0,0.19534883720930232,10771.0,21.0,0.19534883720930232
88.97158443601802,returning,True,0.02745862,0.015690640000000002,0.011767979999999997,0.011767979999999997,2.8,1.6000000000000003,1.1999999999999997,1.1999999999999997,0.24409875488281252,21.172851562499982,12792,35,3,4,10771.0,10750.0,21.0,0.19534883720930232,10772.0,22.0,0.20465116279069764
88.99037994304672,returning,True,0.02745862,0.015690640000000002,0.011767979999999997,0.011767979999999997,2.8,1.6000000000000003,1.1999999999999997,1.1999999999999997,0.24411785888671875,21.153747558593754,12799,35,3,4,10773.0,10750.0,23.0,0.21395348837209302,10773.0,23.0,0.21395348837209302
89.04853570810519,returning,True,0.02745862,0.015690640000000002,0.011767979999999997,0.011767979999999997,2.8,1.6000000000000003,1.1999999999999997,1.1999999999999997,0.244173828125,21.09777832031251,12809,35,3,4,10767.0,10750.0,17.0,0.15813953488372093,10765.666666666666,15.666666666666666,0.14573643410852713
89.10214602015913,returning,True,0.02745862,0.015690640000000002,0.011767979999999997,0.011767979999999997,2.8,1.6000000000000003,1.1999999999999997,1.1999999999999997,0.244173828125,21.09777832031251,12815,35,3,4,10767.0,10750.0,17.0,0.15813953488372093,10768.333333333334,18.333333333333332,0.17054263565891473
89.14898397214711,returning,True,0.026477955,0.015690640000000002,0.010787314999999999,0.010787314999999999,2.7,1.6000000000000003,1.0999999999999999,1.0999999999999999,0.24431939697265626,20.952209472656246,12820,35,3,4,10773.0,10750.0,23.0,0.21395348837209302,10772.333333333334,22.333333333333332,0.20775193798449612
89.19804843817838,returning,True,0.026477955,0.015690640000000002,0.010787314999999999,0.010787314999999999,2.7,1.6000000000000003,1.0999999999999999,1.0999999999999999,0.24431939697265626,20.952209472656246,12826,35,3,4,10769.0,10750.0,19.0,0.17674418604651163,10769.0,19.0,0.17674418604651163
89.26656294311397,returning,True,0.026477955,0.015690640000000002,0.010787314999999999,0.010787314999999999,2.7,1.6000000000000003,1.0999999999999999,1.0999999999999999,0.2443836669921875,20.887939453125004,12832,35,3,4,10770.0,10750.0,20.0,0.18604651162790697,10773.0,23.0,0.21395348837209305
89.29907960700803,returning,True,0.026477955,0.015690640000000002,0.010787314999999999,0.010787314999999999,2.7,1.6000000000000003,1.0999999999999999,1.0999999999999999,0.24459614562988283,20.675460815429673,12836,35,3,4,10765.0,10750.0,15.0,0.13953488372093023,10768.666666666666,18.666666666666668,0.17364341085271318
89.34891166212037,returning,True,0.026477955,0.015690640000000002,0.010787314999999999,0.010787314999999999,2.7,1.6000000000000003,1.0999999999999999,1.0999999999999999,0.24459614562988283,20.675460815429673,12843,35,3,4,10767.0,10750.0,17.0,0.15813953488372093,10771.0,21.0,0.19534883720930232
89.39864961709827,returning,True,0.026477955,0.015690640000000002,0.010787314999999999,0.010787314999999999,2.7,1.6000000000000003,1.0999999999999999,1.0999999999999999,0.244669921875,20.6016845703125,12852,35,3,4,10774.0,10750.0,24.0,0.22325581395348837,10774.0,24.0,0.22325581395348837
89.44956619199365,returning,True,0.026477955,0.015690640000000002,0.010787314999999999,0.010787314999999999,2.7,1.6000000000000003,1.0999999999999999,1.0999999999999999,0.244669921875,20.6016845703125,12860,35,3,4,10768.0,10750.0,18.0,0.16744186046511628,10768.0,18.0,0.1674418604651163
89.49909861013293,returning,True,0.026477955,0.015690640000000002,0.010787314999999999,0.010787314999999999,2.7,1.6000000000000003,1.0999999999999999,1.0999999999999999,0.24469143676757812,20.58016967773438,12866,35,3,4,10767.0,10750.0,17.0,0.15813953488372093,10768.0,18.0,0.16744186046511625
89.54936766903847,returning,True,0.026477955,0.015690640000000002,0.010787314999999999,0.010787314999999999,2.7,1.6000000000000003,1.0999999999999999,1.0999999999999999,0.24471533203125,20.556274414062493,12873,35,3,4,10767.0,10750.0,17.0,0.15813953488372093,10770.333333333334,20.333333333333332,0.18914728682170542
89.59866110119037,returning,True,0.026477955,0.015690640000000002,0.010787314999999999,0.010787314999999999,2.7,1.6000000000000003,1.0999999999999999,1.0999999999999999,0.24471533203125,20.556274414062493,12878,35,3,4,10776.0,10750.0,26.0,0.24186046511627907,10776.0,26.0,0.2418604651162791
89.66504479316063,returning,True,0.026477955,0.015690640000000002,0.010787314999999999,0.010787314999999999,2.7,1.6000000000000003,1.0999999999999999,1.0999999999999999,0.24481958007812502,20.452026367187486,12884,35,3,4,10771.0,10750.0,21.0,0.19534883720930232,10771.0,21.0,0.19534883720930232
89.69914108910598,returning,True,0.026477955,0.015690640000000002,0.010787314999999999,0.010787314999999999,2.7,1.6000000000000003,1.0999999999999999,1.0999999999999999,0.24481958007812502,20.452026367187486,12890,35,3,4,10771.0,10750.0,21.0,0.19534883720930232,10774.333333333334,24.333333333333332,0.22635658914728682
89.74809441110119,returning,True,0.026477955,0.015690640000000002,0.010787314999999999,0.010787314999999999,2.7,1.6000000000000003,1.0999999999999999,1.0999999999999999,0.2449718933105469,20.29971313476561,12896,35,3,4,10773.0,10750.0,23.0,0.21395348837209302,10771.0,21.0,0.19534883720930232
89.7987679191865,returning,True,0.026477955,0.015690640000000002,0.010787314999999999,0.010787314999999999,2.7,1.6000000000000003,1.0999999999999999,1.0999999999999999,0.24502044677734375,20.251159667968754,12903,35,3,4,10769.0,10750.0,19.0,0.17674418604651163,10769.0,19.0,0.17674418604651163
89.86708298302256,returning,True,0.026477955,0.015690640000000002,0.010787314999999999,0.010787314999999999,2.7,1.6000000000000003,1.0999999999999999,1.0999999999999999,0.24502044677734375,20.251159667968754,12908,35,3,4,10766.0,10750.0,16.0,0.14883720930232558,10770.666666666666,20.666666666666668,0.1922480620155039
89.8985464561265,returning,True,0.026477955,0.015690640000000002,0.010787314999999999,0.010787314999999999,2.7,1.6000000000000003,1.0999999999999999,1.0999999999999999,0.24503396606445313,20.23764038085937,12913,35,3,4,10772.0,10750.0,22.0,0.20465116279069767,10771.333333333334,21.333333333333332,0.19844961240310077
89.95035829511471,returning,True,0.026477955,0.015690640000000002,0.010787314999999999,0.010787314999999999,2.7,1.6000000000000003,1.0999999999999999,1.0999999999999999,0.24503396606445313,20.23764038085937,12921,35,3,4,10774.0,10750.0,24.0,0.22325581395348837,10771.333333333334,21.333333333333332,0.19844961240310077
89.99795105610974,returning,True,0.026477955,0.015690640000000002,0.010787314999999999,0.010787314999999999,2.7,1.6000000000000003,1.0999999999999999,1.0999999999999999,0.24504843139648438,20.223175048828118,12930,35,3,4,10762.0,10750.0,12.0,0.11162790697674418,10762.0,12.0,0.11162790697674418
90.04943096800707,returning,True,0.026477955,0.015690640000000002,0.010787314999999999,0.010787314999999999,2.7,1.6000000000000003,1.0999999999999999,1.0999999999999999,0.24505780029296875,20.21380615234375,12939,35,3,4,10764.0,10750.0,14.0,0.13023255813953488,10764.0,14.0,0.13023255813953488
90.09973703115247,returning,True,0.026477955,0.015690640000000002,0.010787314999999999,0.010787314999999999,2.7,1.6000000000000003,1.0999999999999999,1.0999999999999999,0.24505780029296875,20.21380615234375,12946,35,3,4,10768.0,10750.0,18.0,0.16744186046511628,10768.0,18.0,0.1674418604651163
90.15458788303658,returning,True,0.026477955,0.015690640000000002,0.010787314999999999,0.010787314999999999,2.7,1.6000000000000003,1.0999999999999999,1.0999999999999999,0.24507666015625001,20.194946289062486,12951,35,3,4,10770.0,10750.0,20.0,0.18604651162790697,10769.333333333334,19.333333333333332,0.17984496124031005
90.20274435216561,returning,True,0.026477955,0.015690640000000002,0.010787314999999999,0.010787314999999999,2.7,1.6000000000000003,1.0999999999999999,1.0999999999999999,0.24509388732910156,20.17771911621094,12957,35,3,4,10771.0,10750.0,21.0,0.19534883720930232,10771.0,21.0,0.19534883720930232
90.26859399210662,returning,True,0.026477955,0.015690640000000002,0.010787314999999999,0.010787314999999999,2.7,1.6000000000000003,1.0999999999999999,1.0999999999999999,0.24509388732910156,20.17771911621094,12963,35,3,4,10771.0,10750.0,21.0,0.19534883720930232,10767.666666666666,17.666666666666668,0.16434108527131783
90.29948593000881,returning,True,0.026477955,0.015690640000000002,0.010787314999999999,0.010787314999999999,2.7,1.6000000000000003,1.0999999999999999,1.0999999999999999,0.24520484924316407,20.066757202148427,12969,35,3,4,10766.0,10750.0,16.0,0.14883720930232558,10768.666666666666,18.666666666666668,0.17364341085271318
90.34899977617897,returning,True,0.026477955,0.015690640000000002,0.010787314999999999,0.010787314999999999,2.7,1.6000000000000003,1.0999999999999999,1.0999999999999999,0.24520484924316407,20.066757202148427,12976,35,3,4,10766.0,10750.0,16.0,0.14883720930232558,10766.0,16.0,0.14883720930232558
90.3980592591688,returning,True,0.026477955,0.015690640000000002,0.010787314999999999,0.010787314999999999,2.7,1.6000000000000003,1.0999999999999999,1.0999999999999999,0.24523817443847656,20.033432006835938,12981,35,3,4,10769.0,10750.0,19.0,0.17674418604651163,10770.333333333334,20.333333333333332,0.18914728682170542
90.46637583803385,returning,True,0.026477955,0.015690640000000002,0.010787314999999999,0.010787314999999999,2.7,1.6000000000000003,1.0999999999999999,1.0999999999999999,0.2452571716308594,20.014434814453114,12989,35,3,4,10770.0,10750.0,20.0,0.18604651162790697,10771.0,21.0,0.19534883720930232
90.49818238406442,returning,True,0.026477955,0.015690640000000002,0.010787314999999999,0.010787314999999999,2.7,1.6000000000000003,1.0999999999999999,1.0999999999999999,0.2452571716308594,20.014434814453114,12995,35,3,4,10767.0,10750.0,17.0,0.15813953488372093,10770.333333333334,20.333333333333332,0.18914728682170542
90.54070698400028,returning,True,0.026477955,0.015690640000000002,0.010787314999999999,0.010787314999999999,2.7,1.6000000000000003,1.0999999999999999,1.0999999999999999,0.24528436279296875,19.98724365234375,13004,35,3,4,10772.0,10750.0,22.0,0.20465116279069767,10772.0,22.0,0.20465116279069764
90.59056015103124,returning,True,0.026477955,0.015690640000000002,0.010787314999999999,0.010787314999999999,2.7,1.6000000000000003,1.0999999999999999,1.0999999999999999,0.24528436279296875,19.98724365234375,13013,35,3,4,10768.0,10750.0,18.0,0.16744186046511628,10768.0,18.0,0.1674418604651163
90.64809063216671,returning,True,0.026477955,0.015690640000000002,0.010787314999999999,0.010787314999999999,2.7,1.6000000000000003,1.0999999999999999,1.0999999999999999,0.24535671997070313,19.91488647460937,13022,35,3,4,10760.0,10750.0,10.0,0.09302325581395349,10760.0,10.0,0.09302325581395349
90.70253686606884,returning,True,0.026477955,0.015690640000000002,0.010787314999999999,0.010787314999999999,2.7,1.6000000000000003,1.0999999999999999,1.0999999999999999,0.24548684692382813,19.784759521484368,13026,35,3,4,10773.0,10750.0,23.0,0.21395348837209302,10771.666666666666,21.666666666666668,0.20155038759689922
90.74878210411407,returning,True,0.026477955,0.015690640000000002,0.010787314999999999,0.010787314999999999,2.7,1.6000000000000003,1.0999999999999999,1.0999999999999999,0.24548684692382813,19.784759521484368,13032,35,3,4,10771.0,10750.0,21.0,0.19534883720930232,10771.0,21.0,0.19534883720930232
90.79926689108834,returning,True,0.026477955,0.015690640000000002,0.010787314999999999,0.010787314999999999,2.7,1.6000000000000003,1.0999999999999999,1.0999999999999999,0.245681396484375,19.590209960937493,13038,35,3,4,10767.0,10750.0,17.0,0.15813953488372093,10767.0,17.0,0.15813953488372093
90.8648771320004,returning,True,0.026477955,0.015690640000000002,0.010787314999999999,0.010787314999999999,2.7,1.6000000000000003,1.0999999999999999,1.0999999999999999,0.24581289672851564,19.45870971679686,13044,35,3,4,10772.0,10750.0,22.0,0.20465116279069767,10767.333333333334,17.333333333333332,0.16124031007751938
90.89907321310602,returning,True,0.026477955,0.015690640000000002,0.010787314999999999,0.010787314999999999,2.7,1.6000000000000003,1.0999999999999999,1.0999999999999999,0.24581289672851564,19.45870971679686,13050,35,3,4,10767.0,10750.0,17.0,0.15813953488372093,10767.0,17.0,0.15813953488372093
90.95306694111787,returning,True,0.026477955,0.015690640000000002,0.010787314999999999,0.010787314999999999,2.7,1.6000000000000003,1.0999999999999999,1.0999999999999999,0.2458533935546875,19.418212890625007,13056,35,3,4,10775.0,10750.0,25.0,0.23255813953488372,10773.333333333334,23.333333333333332,0.21705426356589144
90.98972323304042,returning,True,0.026477955,0.015690640000000002,0.010787314999999999,0.010787314999999999,2.7,1.6000000000000003,1.0999999999999999,1.0999999999999999,0.2458533935546875,19.418212890625007,13063,35,3,4,10764.0,10750.0,14.0,0.13023255813953488,10768.666666666666,18.666666666666668,0.17364341085271318
91.04815911920741,returning,True,0.026477955,0.015690640000000002,0.010787314999999999,0.010787314999999999,2.7,1.6000000000000003,1.0999999999999999,1.0999999999999999,0.24585658264160157,19.415023803710934,13073,35,3,4,10773.0,10750.0,23.0,0.21395348837209302,10774.333333333334,24.333333333333332,0.22635658914728685
91.09985939506441,returning,True,0.026477955,0.015690640000000002,0.010787314999999999,0.010787314999999999,2.7,1.6000000000000003,1.0999999999999999,1.0999999999999999,0.24587042236328124,19.401184082031257,13079,35,3,4,10772.0,10750.0,22.0,0.20465116279069767,10771.333333333334,21.333333333333332,0.19844961240310077
91.1489885582123,returning,True,0.026477955,0.015690640000000002,0.010787314999999999,0.010787314999999999,2.7,1.6000000000000003,1.0999999999999999,1.0999999999999999,0.24587042236328124,19.401184082031257,13087,35,3,4,10770.0,10750.0,20.0,0.18604651162790697,10770.0,20.0,0.18604651162790697
91.19821861805394,returning,True,0.026477955,0.015690640000000002,0.010787314999999999,0.010787314999999999,2.7,1.6000000000000003,1.0999999999999999,1.0999999999999999,0.24587759399414064,19.394012451171864,13094,35,3,4,10778.0,10750.0,28.0,0.26046511627906976,10778.0,28.0,0.26046511627906976
91.24844960216433,returning,True,0.026477955,0.015690640000000002,0.010787314999999999,0.010787314999999999,2.7,1.6000000000000003,1.0999999999999999,1.0999999999999999,0.24588978576660156,19.38182067871094,13102,35,3,4,10770.0,10750.0,20.0,0.18604651162790697,10768.0,18.0,0.1674418604651163
91.29890258517116,returning,True,0.026477955,0.015690640000000002,0.010787314999999999,0.010787314999999999,2.7,1.6000000000000003,1.0999999999999999,1.0999999999999999,0.24588978576660156,19.38182067871094,13107,35,3,4,10773.0,10750.0,23.0,0.21395348837209302,10772.0,22.0,0.2046511627906977
91.34927345509641,returning,True,0.026477955,0.015690640000000002,0.010787314999999999,0.010787314999999999,2.7,1.6000000000000003,1.0999999999999999,1.0999999999999999,0.24589385986328124,19.377746582031257,13114,35,3,4,10771.0,10750.0,21.0,0.19534883720930232,10771.0,21.0,0.19534883720930232
91.39890387514606,returning,True,0.026477955,0.015690640000000002,0.010787314999999999,0.010787314999999999,2.7,1.6000000000000003,1.0999999999999999,1.0999999999999999,0.24589385986328124,19.377746582031257,13119,35,3,4,10776.0,10750.0,26.0,0.24186046511627907,10774.666666666666,24.666666666666668,0.22945736434108524
91.46551058418117,returning,True,0.026477955,0.015690640000000002,0.010787314999999999,0.010787314999999999,2.7,1.6000000000000003,1.0999999999999999,1.0999999999999999,0.2459025573730469,19.36904907226561,13125,35,3,4,10773.0,10750.0,23.0,0.21395348837209302,10771.666666666666,21.666666666666668,0.20155038759689922
91.4986657910049,returning,True,0.026477955,0.015690640000000002,0.010787314999999999,0.010787314999999999,2.7,1.6000000000000003,1.0999999999999999,1.0999999999999999,0.24591986083984377,19.351745605468736,13129,35,3,4,10773.0,10750.0,23.0,0.21395348837209302,10773.0,23.0,0.21395348837209302
91.54838406806812,returning,True,0.026477955,0.015690640000000002,0.010787314999999999,0.010787314999999999,2.7,1.6000000000000003,1.0999999999999999,1.0999999999999999,0.24591986083984377,19.351745605468736,13135,35,3,4,10775.0,10750.0,25.0,0.23255813953488372,10771.666666666666,21.666666666666668,0.20155038759689922
91.59823534800671,returning,True,0.026477955,0.015690640000000002,0.010787314999999999,0.010787314999999999,2.7,1.6000000000000003,1.0999999999999999,1.0999999999999999,0.24593707275390625,19.334533691406254,13141,35,3,4,10778.0,10750.0,28.0,0.26046511627906976,10778.0,28.0,0.26046511627906976
91.66637649107724,returning,True,0.026477955,0.015690640000000002,0.010787314999999999,0.010787314999999999,2.7,1.6000000000000003,1.0999999999999999,1.0999999999999999,0.24596519470214845,19.306411743164055,13147,35,3,4,10772.0,10750.0,22.0,0.20465116279069767,10772.0,22.0,0.20465116279069764
91.71605629799888,returning,True,0.026477955,0.015690640000000002,0.010787314999999999,0.010787314999999999,2.7,1.6000000000000003,1.0999999999999999,1.0999999999999999,0.24596519470214845,19.306411743164055,13151,35,3,4,10764.0,10750.0,14.0,0.13023255813953488,10767.0,17.0,0.15813953488372093
91.74821060313843,returning,True,0.026477955,0.015690640000000002,0.010787314999999999,0.010787314999999999,2.7,1.6000000000000003,1.0999999999999999,1.0999999999999999,0.24607437133789062,19.197235107421882,13158,35,3,4,10769.0,10750.0,19.0,0.17674418604651163,10769.0,19.0,0.17674418604651163
91.79814195702784,returning,True,0.026477955,0.015690640000000002,0.010787314999999999,0.010787314999999999,2.7,1.6000000000000003,1.0999999999999999,1.0999999999999999,0.24607437133789062,19.197235107421882,13167,35,3,4,10773.0,10750.0,23.0,0.21395348837209302,10773.0,23.0,0.21395348837209302
91.84790892899036,returning,True,0.026477955,0.015690640000000002,0.010787314999999999,0.010787314999999999,2.7,1.6000000000000003,1.0999999999999999,1.0999999999999999,0.24613803100585938,19.133575439453125,13176,35,3,4,10767.0,10750.0,17.0,0.15813953488372093,10764.333333333334,14.333333333333334,0.13333333333333333
91.90074822911993,returning,True,0.026477955,0.015690640000000002,0.010787314999999999,0.010787314999999999,2.7,1.6000000000000003,1.0999999999999999,1.0999999999999999,0.24613803100585938,19.133575439453125,13181,35,3,4,10766.0,10750.0,16.0,0.14883720930232558,10766.333333333334,16.333333333333332,0.15193798449612403
91.95377574604936,returning,True,0.026477955,0.015690640000000002,0.010787314999999999,0.010787314999999999,2.7,1.6000000000000003,1.0999999999999999,1.0999999999999999,0.24615896606445312,19.112640380859386,13187,35,3,4,10767.0,10750.0,17.0,0.15813953488372093,10767.0,17.0,0.15813953488372093
91.99961921200156,returning,True,0.025497290000000002,0.015690640000000002,0.00980665,0.00980665,2.6,1.6000000000000003,1.0,1.0,0.24621640014648438,19.05520629882812,13193,35,3,4,10773.0,10750.0,23.0,0.21395348837209302,10773.0,23.0,0.21395348837209302
92.06525845918804,returning,True,0.025497290000000002,0.015690640000000002,0.00980665,0.00980665,2.6,1.6000000000000003,1.0,1.0,0.24621640014648438,19.05520629882812,13199,35,3,4,10772.0,10750.0,22.0,0.20465116279069767,10770.333333333334,20.333333333333332,0.18914728682170545
92.10204947809689,returning,True,0.025497290000000002,0.015690640000000002,0.00980665,0.00980665,2.6,1.6000000000000003,1.0,1.0,0.246370849609375,18.900756835937504,13204,35,3,4,10773.0,10750.0,23.0,0.21395348837209302,10771.666666666666,21.666666666666668,0.20155038759689922
92.1491988580674,returning,True,0.025497290000000002,0.015690640000000002,0.00980665,0.00980665,2.6,1.6000000000000003,1.0,1.0,0.246370849609375,18.900756835937504,13211,35,3,4,10770.0,10750.0,20.0,0.18604651162790697,10771.333333333334,21.333333333333332,0.19844961240310077
92.19899944216013,returning,True,0.025497290000000002,0.015690640000000002,0.00980665,0.00980665,2.6,1.6000000000000003,1.0,1.0,0.24655511474609376,18.71649169921874,13216,35,3,4,10771.0,10750.0,21.0,0.19534883720930232,10771.0,21.0,0.19534883720930232
92.26558573613875,returning,True,0.025497290000000002,0.015690640000000002,0.00980665,0.00980665,2.6,1.6000000000000003,1.0,1.0,0.24664123535156252,18.630371093749986,13222,35,3,4,10774.0,10750.0,24.0,0.22325581395348837,10772.0,22.0,0.20465116279069764
92.31613194802776,returning,True,0.025497290000000002,0.015690640000000002,0.00980665,0.00980665,2.6,1.6000000000000003,1.0,1.0,0.24664123535156252,18.630371093749986,13227,35,3,4,10770.0,10750.0,20.0,0.18604651162790697,10770.0,20.0,0.18604651162790697
92.36517721205018,returning,True,0.025497290000000002,0.015690640000000002,0.00980665,0.00980665,2.6,1.6000000000000003,1.0,1.0,0.24667584228515627,18.595764160156236,13232,35,3,4,10771.0,10750.0,21.0,0.19534883720930232,10770.333333333334,20.333333333333332,0.18914728682170542
92.40014673303813,returning,True,0.025497290000000002,0.015690640000000002,0.00980665,0.00980665,2.6,1.6000000000000003,1.0,1.0,0.24667584228515627,18.595764160156236,13236,35,3,4,10772.0,10750.0,22.0,0.20465116279069767,10772.0,22.0,0.20465116279069764
92.44874380808324,returning,True,0.025497290000000002,0.015690640000000002,0.00980665,0.00980665,2.6,1.6000000000000003,1.0,1.0,0.24669610595703126,18.575500488281243,13245,35,3,4,10776.0,10750.0,26.0,0.24186046511627907,10774.666666666666,24.666666666666668,0.22945736434108524
92.49900773121044,returning,True,0.025497290000000002,0.015690640000000002,0.00980665,0.00980665,2.6,1.6000000000000003,1.0,1.0,0.2467086639404297,18.562942504882802,13249,35,3,4,10775.0,10750.0,25.0,0.23255813953488372,10775.333333333334,25.333333333333332,0.23565891472868217
92.55025791400112,returning,True,0.025497290000000002,0.015690640000000002,0.00980665,0.00980665,2.6,1.6000000000000003,1.0,1.0,0.2467086639404297,18.562942504882802,13255,35,3,4,10767.0,10750.0,17.0,0.15813953488372093,10771.0,21.0,0.19534883720930232
92.59862265805714,returning,True,0.025497290000000002,0.015690640000000002,0.00980665,0.00980665,2.6,1.6000000000000003,1.0,1.0,0.24671888732910158,18.552719116210923,13261,35,3,4,10774.0,10750.0,24.0,0.22325581395348837,10773.0,23.0,0.21395348837209302
92.66619280609302,returning,True,0.025497290000000002,0.015690640000000002,0.00980665,0.00980665,2.6,1.6000000000000003,1.0,1.0,0.2467200927734375,18.551513671874993,13267,35,3,4,10774.0,10750.0,24.0,0.22325581395348837,10771.333333333334,21.333333333333332,0.19844961240310077
92.69828449306078,returning,True,0.025497290000000002,0.015690640000000002,0.00980665,0.00980665,2.6,1.6000000000000003,1.0,1.0,0.2467200927734375,18.551513671874993,13272,35,3,4,10766.0,10750.0,16.0,0.14883720930232558,10766.0,16.0,0.14883720930232558
92.74902312015183,returning,True,0.025497290000000002,0.015690640000000002,0.00980665,0.00980665,2.6,1.6000000000000003,1.0,1.0,0.24671707153320313,18.55453491210937,13281,35,3,4,10770.0,10750.0,20.0,0.18604651162790697,10771.666666666666,21.666666666666668,0.20155038759689922
92.79827033309266,returning,True,0.025497290000000002,0.015690640000000002,0.00980665,0.00980665,2.6,1.6000000000000003,1.0,1.0,0.24672744750976563,18.544158935546868,13290,35,3,4,10771.0,10750.0,21.0,0.19534883720930232,10771.0,21.0,0.19534883720930232
92.8484356191475,returning,True,0.025497290000000002,0.015690640000000002,0.00980665,0.00980665,2.6,1.6000000000000003,1.0,1.0,0.24672744750976563,18.544158935546868,13299,35,3,4,10772.0,10750.0,22.0,0.20465116279069767,10772.0,22.0,0.20465116279069764
92.89915107516572,returning,True,0.025497290000000002,0.015690640000000002,0.00980665,0.00980665,2.6,1.6000000000000003,1.0,1.0,0.2467313232421875,18.540283203125007,13305,35,3,4,10771.0,10750.0,21.0,0.19534883720930232,10770.666666666666,20.666666666666668,0.19224806201550385
92.95012158318423,returning,True,0.025497290000000002,0.015690640000000002,0.00980665,0.00980665,2.6,1.6000000000000003,1.0,1.0,0.24675027465820312,18.52133178710938,13311,35,3,4,10769.0,10750.0,19.0,0.17674418604651163,10771.333333333334,21.333333333333332,0.19844961240310077
93.0003862620797,returning,True,0.025497290000000002,0.015690640000000002,0.00980665,0.00980665,2.6,1.6000000000000003,1.0,1.0,0.24675027465820312,18.52133178710938,13318,35,3,4,10772.0,10750.0,22.0,0.20465116279069767,10770.0,20.0,0.18604651162790697
93.06514651607722,returning,True,0.025497290000000002,0.015690640000000002,0.00980665,0.00980665,2.6,1.6000000000000003,1.0,1.0,0.24681900024414063,18.452606201171868,13323,35,3,4,10765.0,10750.0,15.0,0.13953488372093023,10765.0,15.0,0.13953488372093023
93.09943387005478,returning,True,0.025497290000000002,0.015690640000000002,0.00980665,0.00980665,2.6,1.6000000000000003,1.0,1.0,0.24681900024414063,18.452606201171868,13328,35,3,4,10772.0,10750.0,22.0,0.20465116279069767,10772.0,22.0,0.20465116279069764
93.14891257509589,returning,True,0.025497290000000002,0.015690640000000002,0.00980665,0.00980665,2.6,1.6000000000000003,1.0,1.0,0.24689715576171875,18.37445068359375,13335,35,3,4,10769.0,10750.0,19.0,0.17674418604651163,10769.0,19.0,0.17674418604651163
93.19980782503262,returning,True,0.025497290000000002,0.015690640000000002,0.00980665,0.00980665,2.6,1.6000000000000003,1.0,1.0,0.2469145965576172,18.357009887695312,13339,35,3,4,10766.0,10750.0,16.0,0.14883720930232558,10769.333333333334,19.333333333333332,0.17984496124031005
93.26517241518013,returning,True,0.025497290000000002,0.015690640000000002,0.00980665,0.00980665,2.6,1.6000000000000003,1.0,1.0,0.2469145965576172,18.357009887695312,13346,35,3,4,10771.0,10750.0,21.0,0.19534883720930232,10766.333333333334,16.333333333333332,0.15193798449612403
93.31505804206245,returning,True,0.025497290000000002,0.015690640000000002,0.00980665,0.00980665,2.6,1.6000000000000003,1.0,1.0,0.24692539978027345,18.346206665039055,13351,35,3,4,10765.0,10750.0,15.0,0.13953488372093023,10765.0,15.0,0.13953488372093023
93.3652097650338,returning,True,0.025497290000000002,0.015690640000000002,0.00980665,0.00980665,2.6,1.6000000000000003,1.0,1.0,0.24692539978027345,18.346206665039055,13357,35,3,4,10767.0,10750.0,17.0,0.15813953488372093,10767.0,17.0,0.15813953488372093
93.4150681111496,returning,True,0.025497290000000002,0.015690640000000002,0.00980665,0.00980665,2.6,1.6000000000000003,1.0,1.0,0.2469385986328125,18.333007812499996,13363,35,3,4,10765.0,10750.0,15.0,0.13953488372093023,10767.0,17.0,0.15813953488372093
93.44911266607232,returning,True,0.025497290000000002,0.015690640000000002,0.00980665,0.00980665,2.6,1.6000000000000003,1.0,1.0,0.24695669555664063,18.314910888671875,13369,35,3,4,10764.0,10750.0,14.0,0.13023255813953488,10765.0,15.0,0.13953488372093023
93.49002050003037,returning,True,0.025497290000000002,0.015690640000000002,0.00980665,0.00980665,2.6,1.6000000000000003,1.0,1.0,0.24695669555664063,18.314910888671875,13375,35,3,4,10770.0,10750.0,20.0,0.18604651162790697,10770.0,20.0,0.18604651162790697
93.53987855720334,returning,True,0.025497290000000002,0.015690640000000002,0.00980665,0.00980665,2.6,1.6000000000000003,1.0,1.0,0.24698416137695314,18.28744506835936,13384,35,3,4,10770.0,10750.0,20.0,0.18604651162790697,10767.333333333334,17.333333333333332,0.16124031007751938
93.58998535713181,returning,True,0.025497290000000002,0.015690640000000002,0.00980665,0.00980665,2.6,1.6000000000000003,1.0,1.0,0.24701416015625,18.257446289062507,13394,35,3,4,10774.0,10750.0,24.0,0.22325581395348837,10771.666666666666,21.666666666666668,0.20155038759689922
93.64926143013872,returning,True,0.025497290000000002,0.015690640000000002,0.00980665,0.00980665,2.6,1.6000000000000003,1.0,1.0,0.24708792114257813,18.18368530273437,13404,35,3,4,10775.0,10750.0,25.0,0.23255813953488372,10775.0,25.0,0.23255813953488372
93.69886252400465,returning,True,0.025497290000000002,0.015690640000000002,0.00980665,0.00980665,2.6,1.6000000000000003,1.0,1.0,0.24718121337890625,18.09039306640625,13410,35,3,4,10776.0,10750.0,26.0,0.24186046511627907,10775.666666666666,25.666666666666668,0.23875968992248064
93.74948325008154,returning,True,0.025497290000000002,0.015690640000000002,0.00980665,0.00980665,2.6,1.6000000000000003,1.0,1.0,0.24718121337890625,18.09039306640625,13416,35,3,4,10774.0,10750.0,24.0,0.22325581395348837,10774.666666666666,24.666666666666668,0.22945736434108524
93.79863919015042,returning,True,0.025497290000000002,0.015690640000000002,0.00980665,0.00980665,2.6,1.6000000000000003,1.0,1.0,0.2472204132080078,18.051193237304698,13422,35,3,4,10772.0,10750.0,22.0,0.20465116279069767,10772.0,22.0,0.20465116279069764
93.86589389899746,returning,True,0.025497290000000002,0.015690640000000002,0.00980665,0.00980665,2.6,1.6000000000000003,1.0,1.0,0.247247802734375,18.023803710937507,13428,35,3,4,10770.0,10750.0,20.0,0.18604651162790697,10770.333333333334,20.333333333333332,0.18914728682170542
93.91466085403226,returning,True,0.025497290000000002,0.015690640000000002,0.00980665,0.00980665,2.6,1.6000000000000003,1.0,1.0,0.247247802734375,18.023803710937507,13434,35,3,4,10768.0,10750.0,18.0,0.16744186046511628,10770.0,20.0,0.18604651162790697
93.95250800205395,returning,True,0.025497290000000002,0.015690640000000002,0.00980665,0.00980665,2.6,1.6000000000000003,1.0,1.0,0.2475350341796875,17.736572265625,13440,35,3,4,10770.0,10750.0,20.0,0.18604651162790697,10768.666666666666,18.666666666666668,0.17364341085271318
93.99912114813924,returning,True,0.025497290000000002,0.015690640000000002,0.00980665,0.00980665,2.6,1.6000000000000003,1.0,1.0,0.2475350341796875,17.736572265625,13446,35,3,4,10771.0,10750.0,21.0,0.19534883720930232,10771.0,21.0,0.19534883720930232
94.06735431402922,returning,True,0.025497290000000002,0.015690640000000002,0.00980665,0.00980665,2.6,1.6000000000000003,1.0,1.0,0.24759915161132812,17.672454833984386,13452,35,3,4,10775.0,10750.0,25.0,0.23255813953488372,10776.0,26.0,0.24186046511627904
94.09993541100994,returning,True,0.025497290000000002,0.015690640000000002,0.00980665,0.00980665,2.6,1.6000000000000003,1.0,1.0,0.24759915161132812,17.672454833984386,13457,35,3,4,10771.0,10750.0,21.0,0.19534883720930232,10772.333333333334,22.333333333333332,0.20775193798449612
94.14812600403093,returning,True,0.025497290000000002,0.015690640000000002,0.00980665,0.00980665,2.6,1.6000000000000003,1.0,1.0,0.24762059020996094,17.651016235351562,13463,35,3,4,10769.0,10750.0,19.0,0.17674418604651163,10769.0,19.0,0.17674418604651163
94.19782721321099,returning,True,0.025497290000000002,0.015690640000000002,0.00980665,0.00980665,2.6,1.6000000000000003,1.0,1.0,0.24762059020996094,17.651016235351562,13470,35,3,4,10771.0,10750.0,21.0,0.19534883720930232,10774.333333333334,24.333333333333332,0.22635658914728682
94.24809831520543,returning,True,0.025497290000000002,0.015690640000000002,0.00980665,0.00980665,2.6,1.6000000000000003,1.0,1.0,0.24762210083007813,17.649505615234375,13480,35,3,4,10769.0,10750.0,19.0,0.17674418604651163,10769.0,19.0,0.17674418604651163
94.30304309702478,returning,True,0.025497290000000002,0.015690640000000002,0.00980665,0.00980665,2.6,1.6000000000000003,1.0,1.0,0.24762271118164064,17.64889526367186,13485,35,3,4,10767.0,10750.0,17.0,0.15813953488372093,10769.333333333334,19.333333333333332,0.17984496124031005
94.34959783311933,returning,True,0.025497290000000002,0.015690640000000002,0.00980665,0.00980665,2.6,1.6000000000000003,1.0,1.0,0.2476162567138672,17.65534973144531,13490,35,3,4,10769.0,10750.0,19.0,0.17674418604651163,10768.333333333334,18.333333333333332,0.17054263565891473
94.39928464917466,returning,True,0.025497290000000002,0.015690640000000002,0.00980665,0.00980665,2.6,1.6000000000000003,1.0,1.0,0.2476162567138672,17.65534973144531,13497,35,3,4,10770.0,10750.0,20.0,0.18604651162790697,10774.0,24.0,0.22325581395348837
94.46624323818833,returning,True,0.025497290000000002,0.015690640000000002,0.00980665,0.00980665,2.6,1.6000000000000003,1.0,1.0,0.2476253662109375,17.646240234375,13502,35,3,4,10773.0,10750.0,23.0,0.21395348837209302,10773.0,23.0,0.21395348837209302
94.49889088398777,returning,True,0.025497290000000002,0.015690640000000002,0.00980665,0.00980665,2.6,1.6000000000000003,1.0,1.0,0.2476253662109375,17.646240234375,13507,35,3,4,10772.0,10750.0,22.0,0.20465116279069767,10772.0,22.0,0.20465116279069764
94.54797137901187,returning,True,0.025497290000000002,0.015690640000000002,0.00980665,0.00980665,2.6,1.6000000000000003,1.0,1.0,0.2476299285888672,17.6416778564453,13513,35,3,4,10762.0,10750.0,12.0,0.11162790697674418,10765.333333333334,15.333333333333334,0.14263565891472868
94.59851242112927,returning,True,0.025497290000000002,0.015690640000000002,0.00980665,0.00980665,2.6,1.6000000000000003,1.0,1.0,0.2476299285888672,17.6416778564453,13519,35,3,4,10770.0,10750.0,20.0,0.18604651162790697,10770.666666666666,20.666666666666668,0.1922480620155039
94.66534201800823,returning,True,0.025497290000000002,0.015690640000000002,0.00980665,0.00980665,2.6,1.6000000000000003,1.0,1.0,0.24763839721679687,17.633209228515632,13525,35,3,4,10779.0,10750.0,29.0,0.26976744186046514,10777.666666666666,27.666666666666668,0.25736434108527134
94.6988369601313,returning,True,0.025497290000000002,0.015690640000000002,0.00980665,0.00980665,2.6,1.6000000000000003,1.0,1.0,0.24764715576171875,17.62445068359375,13530,35,3,4,10766.0,10750.0,16.0,0.14883720930232558,10768.666666666666,18.666666666666668,0.17364341085271318
94.74880622513592,returning,True,0.025497290000000002,0.015690640000000002,0.00980665,0.00980665,2.6,1.6000000000000003,1.0,1.0,0.24764715576171875,17.62445068359375,13537,35,3,4,10773.0,10750.0,23.0,0.21395348837209302,10770.666666666666,20.666666666666668,0.1922480620155039
94.79813373018987,returning,True,0.025497290000000002,0.015690640000000002,0.00980665,0.00980665,2.6,1.6000000000000003,1.0,1.0,0.2476634216308594,17.608184814453114,13546,35,3,4,10772.0,10750.0,22.0,0.20465116279069767,10772.0,22.0,0.20465116279069764
94.84843443799764,returning,True,0.025497290000000002,0.015690640000000002,0.00980665,0.00980665,2.6,1.6000000000000003,1.0,1.0,0.24768463134765625,17.58697509765625,13554,35,3,4,10771.0,10750.0,21.0,0.19534883720930232,10771.0,21.0,0.19534883720930232
94.89937635115348,returning,True,0.025497290000000002,0.015690640000000002,0.00980665,0.00980665,2.6,1.6000000000000003,1.0,1.0,0.24768463134765625,17.58697509765625,13560,35,3,4,10777.0,10750.0,27.0,0.25116279069767444,10775.333333333334,25.333333333333332,0.2356589147286822
94.9499931121245,returning,True,0.025497290000000002,0.015690640000000002,0.00980665,0.00980665,2.6,1.6000000000000003,1.0,1.0,0.247728759765625,17.5428466796875,13566,35,3,4,10771.0,10750.0,21.0,0.19534883720930232,10771.333333333334,21.333333333333332,0.19844961240310077
95.00171799212694,returning,True,0.024516625,0.015690640000000002,0.008825984999999998,0.008825984999999998,2.5,1.6000000000000003,0.8999999999999998,0.8999999999999998,0.247728759765625,17.5428466796875,13572,35,3,4,10768.0,10750.0,18.0,0.16744186046511628,10768.0,18.0,0.1674418604651163
95.06684677302837,returning,True,0.024516625,0.015690640000000002,0.008825984999999998,0.008825984999999998,2.5,1.6000000000000003,0.8999999999999998,0.8999999999999998,0.2479632568359375,17.308349609374996,13578,35,3,4,10772.0,10750.0,22.0,0.20465116279069767,10774.0,24.0,0.22325581395348837
95.0991080631502,returning,True,0.024516625,0.015690640000000002,0.008825984999999998,0.008825984999999998,2.5,1.6000000000000003,0.8999999999999998,0.8999999999999998,0.24809320068359375,17.17840576171875,13583,35,3,4,10774.0,10750.0,24.0,0.22325581395348837,10774.0,24.0,0.22325581395348837
95.14991998299956,returning,True,0.024516625,0.015690640000000002,0.008825984999999998,0.008825984999999998,2.5,1.6000000000000003,0.8999999999999998,0.8999999999999998,0.24809320068359375,17.17840576171875,13592,35,3,4,10770.0,10750.0,20.0,0.18604651162790697,10770.666666666666,20.666666666666668,0.1922480620155039
95.19841009215452,returning,True,0.024516625,0.015690640000000002,0.008825984999999998,0.008825984999999998,2.5,1.6000000000000003,0.8999999999999998,0.8999999999999998,0.24832357788085938,16.94802856445313,13599,35,3,4,10771.0,10750.0,21.0,0.19534883720930232,10770.333333333334,20.333333333333332,0.18914728682170542
95.24798641516827,returning,True,0.024516625,0.015690640000000002,0.008825984999999998,0.008825984999999998,2.5,1.6000000000000003,0.8999999999999998,0.8999999999999998,0.24832357788085938,16.94802856445313,13608,35,3,4,10767.0,10750.0,17.0,0.15813953488372093,10767.666666666666,17.666666666666668,0.16434108527131783
95.30155428615399,returning,True,0.024516625,0.015690640000000002,0.008825984999999998,0.008825984999999998,2.5,1.6000000000000003,0.8999999999999998,0.8999999999999998,0.24837542724609377,16.896179199218736,13613,35,3,4,10767.0,10750.0,17.0,0.15813953488372093,10767.0,17.0,0.15813953488372093
95.34890046413057,returning,True,0.024516625,0.015690640000000002,0.008825984999999998,0.008825984999999998,2.5,1.6000000000000003,0.8999999999999998,0.8999999999999998,0.24840457153320314,16.867034912109364,13619,35,3,4,10770.0,10750.0,20.0,0.18604651162790697,10770.0,20.0,0.18604651162790697
95.40410655317828,returning,True,0.024516625,0.015690640000000002,0.008825984999999998,0.008825984999999998,2.5,1.6000000000000003,0.8999999999999998,0.8999999999999998,0.24840457153320314,16.867034912109364,13625,35,3,4,10771.0,10750.0,21.0,0.19534883720930232,10772.0,22.0,0.20465116279069764
95.46540905698203,returning,True,0.024516625,0.015690640000000002,0.008825984999999998,0.008825984999999998,2.5,1.6000000000000003,0.8999999999999998,0.8999999999999998,0.24842645263671875,16.84515380859375,13631,35,3,4,10772.0,10750.0,22.0,0.20465116279069767,10771.333333333334,21.333333333333332,0.19844961240310077
95.50124553404748,returning,True,0.024516625,0.015690640000000002,0.008825984999999998,0.008825984999999998,2.5,1.6000000000000003,0.8999999999999998,0.8999999999999998,0.24844102478027344,16.830581665039062,13637,35,3,4,10772.0,10750.0,22.0,0.20465116279069767,10774.333333333334,24.333333333333332,0.22635658914728682
95.54867006512359,returning,True,0.024516625,0.015690640000000002,0.008825984999999998,0.008825984999999998,2.5,1.6000000000000003,0.8999999999999998,0.8999999999999998,0.24844102478027344,16.830581665039062,13642,35,3,4,10771.0,10750.0,21.0,0.19534883720930232,10771.0,21.0,0.19534883720930232
95.59856274700724,returning,True,0.024516625,0.015690640000000002,0.008825984999999998,0.008825984999999998,2.5,1.6000000000000003,0.8999999999999998,0.8999999999999998,0.24844882202148438,16.822784423828118,13648,35,3,4,10769.0,10750.0,19.0,0.17674418604651163,10771.0,21.0,0.19534883720930232
95.66639520600438,returning,True,0.024516625,0.015690640000000002,0.008825984999999998,0.008825984999999998,2.5,1.6000000000000003,0.8999999999999998,0.8999999999999998,0.2484588623046875,16.812744140625004,13654,35,3,4,10774.0,10750.0,24.0,0.22325581395348837,10771.333333333334,21.333333333333332,0.19844961240310077
95.71466674399562,returning,True,0.024516625,0.015690640000000002,0.008825984999999998,0.008825984999999998,2.5,1.6000000000000003,0.8999999999999998,0.8999999999999998,0.2484588623046875,16.812744140625004,13659,35,3,4,10769.0,10750.0,19.0,0.17674418604651163,10771.666666666666,21.666666666666668,0.20155038759689925
95.7650602972135,returning,True,0.024516625,0.015690640000000002,0.008825984999999998,0.008825984999999998,2.5,1.6000000000000003,0.8999999999999998,0.8999999999999998,0.24847500610351564,16.796600341796864,13665,35,3,4,10770.0,10750.0,20.0,0.18604651162790697,10770.0,20.0,0.18604651162790697
95.80378575902432,returning,True,0.024516625,0.015690640000000002,0.008825984999999998,0.008825984999999998,2.5,1.6000000000000003,0.8999999999999998,0.8999999999999998,0.24847500610351564,16.796600341796864,13672,35,3,4,10770.0,10750.0,20.0,0.18604651162790697,10769.333333333334,19.333333333333332,0.17984496124031005
95.86525523220189,returning,True,0.024516625,0.015690640000000002,0.008825984999999998,0.008825984999999998,2.5,1.6000000000000003,0.8999999999999998,0.8999999999999998,0.2484837341308594,16.78787231445311,13677,35,3,4,10768.0,10750.0,18.0,0.16744186046511628,10768.0,18.0,0.1674418604651163
95.9008354130201,returning,True,0.024516625,0.015690640000000002,0.008825984999999998,0.008825984999999998,2.5,1.6000000000000003,0.8999999999999998,0.8999999999999998,0.2484837341308594,16.78787231445311,13682,35,3,4,10774.0,10750.0,24.0,0.22325581395348837,10774.0,24.0,0.22325581395348837
95.9497275731992,returning,True,0.024516625,0.015690640000000002,0.008825984999999998,0.008825984999999998,2.5,1.6000000000000003,0.8999999999999998,0.8999999999999998,0.24849868774414063,16.772918701171868,13689,35,3,4,10771.0,10750.0,21.0,0.19534883720930232,10770.333333333334,20.333333333333332,0.18914728682170542
95.99818971101195,returning,True,0.024516625,0.015690640000000002,0.008825984999999998,0.008825984999999998,2.5,1.6000000000000003,0.8999999999999998,0.8999999999999998,0.24851364135742188,16.757965087890625,13697,35,3,4,10769.0,10750.0,19.0,0.17674418604651163,10769.0,19.0,0.17674418604651163
96.04828977119178,returning,True,0.024516625,0.015690640000000002,0.008825984999999998,0.008825984999999998,2.5,1.6000000000000003,0.8999999999999998,0.8999999999999998,0.24854498291015625,16.72662353515625,13705,35,3,4,10776.0,10750.0,26.0,0.24186046511627907,10776.0,26.0,0.2418604651162791
96.09931749408133,returning,True,0.024516625,0.015690640000000002,0.008825984999999998,0.008825984999999998,2.5,1.6000000000000003,0.8999999999999998,0.8999999999999998,0.24854498291015625,16.72662353515625,13712,35,3,4,10778.0,10750.0,28.0,0.26046511627906976,10776.666666666666,26.666666666666668,0.24806201550387597
96.14901343616657,returning,True,0.024516625,0.015690640000000002,0.008825984999999998,0.008825984999999998,2.5,1.6000000000000003,0.8999999999999998,0.8999999999999998,0.24869062805175782,16.580978393554684,13718,35,3,4,10762.0,10750.0,12.0,0.11162790697674418,10762.0,12.0,0.11162790697674418
96.19929701508954,returning,True,0.024516625,0.015690640000000002,0.008825984999999998,0.008825984999999998,2.5,1.6000000000000003,0.8999999999999998,0.8999999999999998,0.24869062805175782,16.580978393554684,13724,35,3,4,10770.0,10750.0,20.0,0.18604651162790697,10768.666666666666,18.666666666666668,0.17364341085271318
96.26510205701925,returning,True,0.024516625,0.015690640000000002,0.008825984999999998,0.008825984999999998,2.5,1.6000000000000003,0.8999999999999998,0.8999999999999998,0.24877072143554688,16.500885009765625,13730,35,3,4,10774.0,10750.0,24.0,0.22325581395348837,10775.333333333334,25.333333333333332,0.23565891472868217
96.30076498212293,returning,True,0.024516625,0.015690640000000002,0.008825984999999998,0.008825984999999998,2.5,1.6000000000000003,0.8999999999999998,0.8999999999999998,0.24887368774414062,16.397918701171882,13735,35,3,4,10774.0,10750.0,24.0,0.22325581395348837,10768.0,18.0,0.1674418604651163
96.34809540701099,returning,True,0.024516625,0.015690640000000002,0.008825984999999998,0.008825984999999998,2.5,1.6000000000000003,0.8999999999999998,0.8999999999999998,0.24887368774414062,16.397918701171882,13743,35,3,4,10762.0,10750.0,12.0,0.11162790697674418,10766.666666666666,16.666666666666668,0.15503875968992248
96.39826300111599,returning,True,0.024516625,0.015690640000000002,0.008825984999999998,0.008825984999999998,2.5,1.6000000000000003,0.8999999999999998,0.8999999999999998,0.24893655395507813,16.335052490234368,13752,35,3,4,10773.0,10750.0,23.0,0.21395348837209302,10769.666666666666,19.666666666666668,0.18294573643410852
96.4486049329862,returning,True,0.024516625,0.015690640000000002,0.008825984999999998,0.008825984999999998,2.5,1.6000000000000003,0.8999999999999998,0.8999999999999998,0.24893655395507813,16.335052490234368,13761,35,3,4,10774.0,10750.0,24.0,0.22325581395348837,10774.0,24.0,0.22325581395348837
96.49897367414087,returning,True,0.024516625,0.015690640000000002,0.008825984999999998,0.008825984999999998,2.5,1.6000000000000003,0.8999999999999998,0.8999999999999998,0.24896165466308595,16.309951782226552,13767,35,3,4,10769.0,10750.0,19.0,0.17674418604651163,10770.333333333334,20.333333333333332,0.18914728682170542
96.54907720605843,returning,True,0.024516625,0.015690640000000002,0.008825984999999998,0.008825984999999998,2.5,1.6000000000000003,0.8999999999999998,0.8999999999999998,0.248987060546875,16.284545898437504,13773,35,3,4,10772.0,10750.0,22.0,0.20465116279069767,10771.666666666666,21.666666666666668,0.20155038759689922
96.60008258814923,returning,True,0.024516625,0.015690640000000002,0.008825984999999998,0.008825984999999998,2.5,1.6000000000000003,0.8999999999999998,0.8999999999999998,0.248987060546875,16.284545898437504,13779,35,3,4,10774.0,10750.0,24.0,0.22325581395348837,10772.666666666666,22.666666666666668,0.21085271317829457
96.66522128717043,returning,True,0.024516625,0.015690640000000002,0.008825984999999998,0.008825984999999998,2.5,1.6000000000000003,0.8999999999999998,0.8999999999999998,0.24901431274414063,16.257293701171875,13785,35,3,4,10778.0,10750.0,28.0,0.26046511627906976,10776.0,26.0,0.2418604651162791
96.69931617099792,returning,True,0.024516625,0.015690640000000002,0.008825984999999998,0.008825984999999998,2.5,1.6000000000000003,0.8999999999999998,0.8999999999999998,0.24901431274414063,16.257293701171875,13790,35,3,4,10771.0,10750.0,21.0,0.19534883720930232,10771.666666666666,21.666666666666668,0.20155038759689922
96.74821994500235,returning,True,0.024516625,0.015690640000000002,0.008825984999999998,0.008825984999999998,2.5,1.6000000000000003,0.8999999999999998,0.8999999999999998,0.24921015930175783,16.061447143554673,13796,35,3,4,10774.0,10750.0,24.0,0.22325581395348837,10774.0,24.0,0.22325581395348837
96.79888223716989,returning,True,0.024516625,0.015690640000000002,0.008825984999999998,0.008825984999999998,2.5,1.6000000000000003,0.8999999999999998,0.8999999999999998,0.24934150695800783,15.930099487304672,13803,35,3,4,10774.0,10750.0,24.0,0.22325581395348837,10771.666666666666,21.666666666666668,0.20155038759689922
96.86758485017344,returning,True,0.024516625,0.015690640000000002,0.008825984999999998,0.008825984999999998,2.5,1.6000000000000003,0.8999999999999998,0.8999999999999998,0.24934150695800783,15.930099487304672,13808,35,3,4,10771.0,10750.0,21.0,0.19534883720930232,10770.666666666666,20.666666666666668,0.19224806201550385
96.89849243708886,returning,True,0.024516625,0.015690640000000002,0.008825984999999998,0.008825984999999998,2.5,1.6000000000000003,0.8999999999999998,0.8999999999999998,0.2493701629638672,15.901443481445316,13813,35,3,4,10770.0,10750.0,20.0,0.18604651162790697,10775.333333333334,25.333333333333332,0.23565891472868217
96.94090076908469,returning,True,0.024516625,0.015690640000000002,0.008825984999999998,0.008825984999999998,2.5,1.6000000000000003,0.8999999999999998,0.8999999999999998,0.2493701629638672,15.901443481445316,13822,35,3,4,10778.0,10750.0,28.0,0.26046511627906976,10772.666666666666,22.666666666666668,0.21085271317829457
96.98995311302133,returning,True,0.024516625,0.015690640000000002,0.008825984999999998,0.008825984999999998,2.5,1.6000000000000003,0.8999999999999998,0.8999999999999998,0.24939739990234375,15.874206542968755,13831,35,3,4,10777.0,10750.0,27.0,0.25116279069767444,10774.666666666666,24.666666666666668,0.2294573643410853
97.04834261001088,returning,True,0.024516625,0.015690640000000002,0.008825984999999998,0.008825984999999998,2.5,1.6000000000000003,0.8999999999999998,0.8999999999999998,0.24941050720214844,15.861099243164062,13840,35,3,4,10765.0,10750.0,15.0,0.13953488372093023,10765.0,15.0,0.13953488372093023
97.10147407418117,returning,True,0.024516625,0.015690640000000002,0.008825984999999998,0.008825984999999998,2.5,1.6000000000000003,0.8999999999999998,0.8999999999999998,0.24942622375488283,15.845382690429677,13845,35,3,4,10774.0,10750.0,24.0,0.22325581395348837,10774.0,24.0,0.22325581395348837
97.14963940018788,returning,True,0.024516625,0.015690640000000002,0.008825984999999998,0.008825984999999998,2.5,1.6000000000000003,0.8999999999999998,0.8999999999999998,0.24942622375488283,15.845382690429677,13851,35,3,4,10775.0,10750.0,25.0,0.23255813953488372,10774.333333333334,24.333333333333332,0.22635658914728682
97.19882702711038,returning,True,0.024516625,0.015690640000000002,0.008825984999999998,0.008825984999999998,2.5,1.6000000000000003,0.8999999999999998,0.8999999999999998,0.24944119262695313,15.830413818359368,13857,35,3,4,10768.0,10750.0,18.0,0.16744186046511628,10769.333333333334,19.333333333333332,0.17984496124031005
97.26618244498968,returning,True,0.024516625,0.015690640000000002,0.008825984999999998,0.008825984999999998,2.5,1.6000000000000003,0.8999999999999998,0.8999999999999998,0.24947915649414062,15.792449951171877,13863,35,3,4,10772.0,10750.0,22.0,0.20465116279069767,10772.0,22.0,0.20465116279069764
97.29923424799927,returning,True,0.024516625,0.015690640000000002,0.008825984999999998,0.008825984999999998,2.5,1.6000000000000003,0.8999999999999998,0.8999999999999998,0.24947915649414062,15.792449951171877,13870,35,3,4,10781.0,10750.0,31.0,0.28837209302325584,10776.333333333334,26.333333333333332,0.24496124031007752
97.34901048219763,returning,True,0.024516625,0.015690640000000002,0.008825984999999998,0.008825984999999998,2.5,1.6000000000000003,0.8999999999999998,0.8999999999999998,0.24955043029785157,15.721176147460936,13876,35,3,4,10770.0,10750.0,20.0,0.18604651162790697,10770.0,20.0,0.18604651162790697
97.39892025804147,returning,True,0.024516625,0.015690640000000002,0.008825984999999998,0.008825984999999998,2.5,1.6000000000000003,0.8999999999999998,0.8999999999999998,0.24955043029785157,15.721176147460936,13882,35,3,4,10772.0,10750.0,22.0,0.20465116279069767,10772.0,22.0,0.20465116279069764
97.4660263210535,returning,True,0.024516625,0.015690640000000002,0.008825984999999998,0.008825984999999998,2.5,1.6000000000000003,0.8999999999999998,0.8999999999999998,0.24970648193359377,15.565124511718736,13887,35,3,4,10772.0,10750.0,22.0,0.20465116279069767,10771.333333333334,21.333333333333332,0.19844961240310077
97.51612820313312,returning,True,0.024516625,0.015690640000000002,0.008825984999999998,0.008825984999999998,2.5,1.6000000000000003,0.8999999999999998,0.8999999999999998,0.24973054504394532,15.541061401367184,13891,35,3,4,10767.0,10750.0,17.0,0.15813953488372093,10770.666666666666,20.666666666666668,0.19224806201550385
97.54896817309782,returning,True,0.024516625,0.015690640000000002,0.008825984999999998,0.008825984999999998,2.5,1.6000000000000003,0.8999999999999998,0.8999999999999998,0.24973054504394532,15.541061401367184,13897,35,3,4,10779.0,10750.0,29.0,0.26976744186046514,10779.0,29.0,0.26976744186046514
97.60047312802635,returning,True,0.024516625,0.015690640000000002,0.008825984999999998,0.008825984999999998,2.5,1.6000000000000003,0.8999999999999998,0.8999999999999998,0.24972991943359377,15.541687011718736,13904,35,3,4,10771.0,10750.0,21.0,0.19534883720930232,10769.666666666666,19.666666666666668,0.18294573643410852
97.6662406460382,returning,True,0.024516625,0.015690640000000002,0.008825984999999998,0.008825984999999998,2.5,1.6000000000000003,0.8999999999999998,0.8999999999999998,0.24973187255859375,15.539733886718754,13909,35,3,4,10770.0,10750.0,20.0,0.18604651162790697,10770.0,20.0,0.18604651162790697
97.69979688012972,returning,True,0.024516625,0.015690640000000002,0.008825984999999998,0.008825984999999998,2.5,1.6000000000000003,0.8999999999999998,0.8999999999999998,0.24973187255859375,15.539733886718754,13915,35,3,4,10766.0,10750.0,16.0,0.14883720930232558,10766.0,16.0,0.14883720930232558
97.74832756211981,returning,True,0.024516625,0.015690640000000002,0.008825984999999998,0.008825984999999998,2.5,1.6000000000000003,0.8999999999999998,0.8999999999999998,0.24980752563476563,15.464080810546871,13921,35,3,4,10766.0,10750.0,16.0,0.14883720930232558,10770.333333333334,20.333333333333332,0.18914728682170545
97.79853025311604,returning,True,0.024516625,0.015690640000000002,0.008825984999999998,0.008825984999999998,2.5,1.6000000000000003,0.8999999999999998,0.8999999999999998,0.24980752563476563,15.464080810546871,13927,35,3,4,10772.0,10750.0,22.0,0.20465116279069767,10772.0,22.0,0.20465116279069764
97.86697882413864,returning,True,0.024516625,0.015690640000000002,0.008825984999999998,0.008825984999999998,2.5,1.6000000000000003,0.8999999999999998,0.8999999999999998,0.24999729919433594,15.274307250976559,13933,35,3,4,10768.0,10750.0,18.0,0.16744186046511628,10768.0,18.0,0.1674418604651163
97.89931318815798,returning,True,0.024516625,0.015690640000000002,0.008825984999999998,0.008825984999999998,2.5,1.6000000000000003,0.8999999999999998,0.8999999999999998,0.24999729919433594,15.274307250976559,13938,35,3,4,10766.0,10750.0,16.0,0.14883720930232558,10768.666666666666,18.666666666666668,0.17364341085271318
97.94932813500054,returning,True,0.024516625,0.015690640000000002,0.008825984999999998,0.008825984999999998,2.5,1.6000000000000003,0.8999999999999998,0.8999999999999998,0.25018682861328123,15.084777832031271,13945,35,3,4,10774.0,10750.0,24.0,0.22325581395348837,10774.0,24.0,0.22325581395348837
97.99921606620774,returning,True,0.024516625,0.015690640000000002,0.008825984999999998,0.008825984999999998,2.5,1.6000000000000003,0.8999999999999998,0.8999999999999998,0.25018682861328123,15.084777832031271,13954,35,3,4,10769.0,10750.0,19.0,0.17674418604651163,10769.0,19.0,0.17674418604651163
98.04806724912487,returning,True,0.024516625,0.015690640000000002,0.008825984999999998,0.008825984999999998,2.5,1.6000000000000003,0.8999999999999998,0.8999999999999998,0.25028717041015625,14.984436035156257,13963,35,3,4,10775.0,10750.0,25.0,0.23255813953488372,10772.333333333334,22.333333333333332,0.20775193798449612
98.10108490521088,returning,True,0.024516625,0.015690640000000002,0.008825984999999998,0.008825984999999998,2.5,1.6000000000000003,0.8999999999999998,0.8999999999999998,0.25031161499023435,14.959991455078148,13968,35,3,4,10766.0,10750.0,16.0,0.14883720930232558,10769.0,19.0,0.17674418604651163
98.14998291316442,returning,True,0.024516625,0.015690640000000002,0.008825984999999998,0.008825984999999998,2.5,1.6000000000000003,0.8999999999999998,0.8999999999999998,0.25031161499023435,14.959991455078148,13974,35,3,4,10769.0,10750.0,19.0,0.17674418604651163,10769.666666666666,19.666666666666668,0.18294573643410852
98.20124219008721,returning,True,0.024516625,0.015690640000000002,0.008825984999999998,0.008825984999999998,2.5,1.6000000000000003,0.8999999999999998,0.8999999999999998,0.25032713317871097,14.944473266601532,13981,35,3,4,10771.0,10750.0,21.0,0.19534883720930232,10772.0,22.0,0.20465116279069764
98.2684637021739,returning,True,0.024516625,0.015690640000000002,0.008825984999999998,0.008825984999999998,2.5,1.6000000000000003,0.8999999999999998,0.8999999999999998,0.25034022521972654,14.93138122558596,13987,35,3,4,10775.0,10750.0,25.0,0.23255813953488372,10775.0,25.0,0.23255813953488372
98.29876477201469,returning,True,0.024516625,0.015690640000000002,0.008825984999999998,0.008825984999999998,2.5,1.6000000000000003,0.8999999999999998,0.8999999999999998,0.25034022521972654,14.93138122558596,13992,35,3,4,10769.0,10750.0,19.0,0.17674418604651163,10770.666666666666,20.666666666666668,0.1922480620155039
98.34875263203867,returning,True,0.024516625,0.015690640000000002,0.008825984999999998,0.008825984999999998,2.5,1.6000000000000003,0.8999999999999998,0.8999999999999998,0.25036346435546875,14.908142089843757,14000,35,3,4,10769.0,10750.0,19.0,0.17674418604651163,10773.0,23.0,0.21395348837209302
98.39937869505957,returning,True,0.024516625,0.015690640000000002,0.008825984999999998,0.008825984999999998,2.5,1.6000000000000003,0.8999999999999998,0.8999999999999998,0.25036346435546875,14.908142089843757,14008,35,3,4,10778.0,10750.0,28.0,0.26046511627906976,10777.333333333334,27.333333333333332,0.25426356589147286
98.44801825005561,returning,True,0.024516625,0.015690640000000002,0.008825984999999998,0.008825984999999998,2.5,1.6000000000000003,0.8999999999999998,0.8999999999999998,0.25040832519531253,14.863281249999972,14017,35,3,4,10772.0,10750.0,22.0,0.20465116279069767,10771.333333333334,21.333333333333332,0.19844961240310077
98.50030192406848,returning,True,0.024516625,0.015690640000000002,0.008825984999999998,0.008825984999999998,2.5,1.6000000000000003,0.8999999999999998,0.8999999999999998,0.2505227508544922,14.748855590820288,14023,35,3,4,10767.0,10750.0,17.0,0.15813953488372093,10766.333333333334,16.333333333333332,0.15193798449612403
98.53966523101553,returning,True,0.024516625,0.015690640000000002,0.008825984999999998,0.008825984999999998,2.5,1.6000000000000003,0.8999999999999998,0.8999999999999998,0.2505227508544922,14.748855590820288,14032,35,3,4,10770.0,10750.0,20.0,0.18604651162790697,10770.0,20.0,0.18604651162790697
98.58969842316583,returning,True,0.024516625,0.015690640000000002,0.008825984999999998,0.008825984999999998,2.5,1.6000000000000003,0.8999999999999998,0.8999999999999998,0.25060487365722656,14.666732788085945,14042,35,3,4,10773.0,10750.0,23.0,0.21395348837209302,10772.333333333334,22.333333333333332,0.20775193798449612
98.64814545307308,returning,True,0.024516625,0.015690640000000002,0.008825984999999998,0.008825984999999998,2.5,1.6000000000000003,0.8999999999999998,0.8999999999999998,0.25061892700195315,14.65267944335935,14052,35,3,4,10780.0,10750.0,30.0,0.27906976744186046,10769.333333333334,19.333333333333332,0.17984496124031005
98.69904051302001,returning,True,0.024516625,0.015690640000000002,0.008825984999999998,0.008825984999999998,2.5,1.6000000000000003,0.8999999999999998,0.8999999999999998,0.2506278991699219,14.643707275390605,14057,35,3,4,10776.0,10750.0,26.0,0.24186046511627907,10777.333333333334,27.333333333333332,0.25426356589147286
98.75158586213365,returning,True,0.024516625,0.015690640000000002,0.008825984999999998,0.008825984999999998,2.5,1.6000000000000003,0.8999999999999998,0.8999999999999998,0.2506278991699219,14.643707275390605,14062,35,3,4,10775.0,10750.0,25.0,0.23255813953488372,10775.0,25.0,0.23255813953488372
98.79918110906146,returning,True,0.024516625,0.015690640000000002,0.008825984999999998,0.008825984999999998,2.5,1.6000000000000003,0.8999999999999998,0.8999999999999998,0.25063763427734376,14.633972167968745,14068,35,3,4,10769.0,10750.0,19.0,0.17674418604651163,10770.333333333334,20.333333333333332,0.18914728682170542
98.8651080711279,returning,True,0.024516625,0.015690640000000002,0.008825984999999998,0.008825984999999998,2.5,1.6000000000000003,0.8999999999999998,0.8999999999999998,0.2506551666259766,14.616439819335913,14074,35,3,4,10775.0,10750.0,25.0,0.23255813953488372,10773.333333333334,23.333333333333332,0.21705426356589144
98.90032648714259,returning,True,0.024516625,0.015690640000000002,0.008825984999999998,0.008825984999999998,2.5,1.6000000000000003,0.8999999999999998,0.8999999999999998,0.2506551666259766,14.616439819335913,14080,35,3,4,10775.0,10750.0,25.0,0.23255813953488372,10775.333333333334,25.333333333333332,0.23565891472868217
98.94987194403075,returning,True,0.024516625,0.015690640000000002,0.008825984999999998,0.008825984999999998,2.5,1.6000000000000003,0.8999999999999998,0.8999999999999998,0.2506915588378906,14.580047607421875,14087,35,3,4,10775.0,10750.0,25.0,0.23255813953488372,10769.666666666666,19.666666666666668,0.18294573643410852
98.99953059409745,returning,True,0.024516625,0.015690640000000002,0.008825984999999998,0.008825984999999998,2.5,1.6000000000000003,0.8999999999999998,0.8999999999999998,0.2506915588378906,14.580047607421875,14092,35,3,4,10768.0,10750.0,18.0,0.16744186046511628,10768.0,18.0,0.1674418604651163
99.06643779110163,returning,True,0.024516625,0.015690640000000002,0.008825984999999998,0.008825984999999998,2.5,1.6000000000000003,0.8999999999999998,0.8999999999999998,0.2508902587890625,14.381347656249988,14099,35,3,4,10768.0,10750.0,18.0,0.16744186046511628,10768.666666666666,18.666666666666668,0.17364341085271318
99.09868743899278,returning,True,0.024516625,0.015690640000000002,0.008825984999999998,0.008825984999999998,2.5,1.6000000000000003,0.8999999999999998,0.8999999999999998,0.25098934936523437,14.282257080078132,14104,35,3,4,10771.0,10750.0,21.0,0.19534883720930232,10771.0,21.0,0.19534883720930232
99.13973333104514,returning,True,0.024516625,0.015690640000000002,0.008825984999999998,0.008825984999999998,2.5,1.6000000000000003,0.8999999999999998,0.8999999999999998,0.25098934936523437,14.282257080078132,14112,35,3,4,10768.0,10750.0,18.0,0.16744186046511628,10772.0,22.0,0.20465116279069764
99.1897530821152,returning,True,0.024516625,0.015690640000000002,0.008825984999999998,0.008825984999999998,2.5,1.6000000000000003,0.8999999999999998,0.8999999999999998,0.25105506896972657,14.216537475585934,14121,35,3,4,10772.0,10750.0,22.0,0.20465116279069767,10772.666666666666,22.666666666666668,0.21085271317829457
99.24909929209389,returning,True,0.024516625,0.015690640000000002,0.008825984999999998,0.008825984999999998,2.5,1.6000000000000003,0.8999999999999998,0.8999999999999998,0.25109246826171877,14.179138183593732,14130,35,3,4,10775.0,10750.0,25.0,0.23255813953488372,10770.0,20.0,0.18604651162790697
99.29900315008126,returning,True,0.024516625,0.015690640000000002,0.008825984999999998,0.008825984999999998,2.5,1.6000000000000003,0.8999999999999998,0.8999999999999998,0.25109246826171877,14.179138183593732,14135,35,3,4,10768.0,10750.0,18.0,0.16744186046511628,10772.0,22.0,0.20465116279069764
99.34001348819584,returning,True,0.024516625,0.015690640000000002,0.008825984999999998,0.008825984999999998,2.5,1.6000000000000003,0.8999999999999998,0.8999999999999998,0.2511213531494141,14.150253295898418,14141,35,3,4,10767.0,10750.0,17.0,0.15813953488372093,10766.333333333334,16.333333333333332,0.15193798449612403
99.39022210310213,returning,True,0.024516625,0.015690640000000002,0.008825984999999998,0.008825984999999998,2.5,1.6000000000000003,0.8999999999999998,0.8999999999999998,0.25114041137695314,14.131195068359359,14151,35,3,4,10769.0,10750.0,19.0,0.17674418604651163,10769.0,19.0,0.17674418604651163
99.44927602307871,returning,True,0.024516625,0.015690640000000002,0.008825984999999998,0.008825984999999998,2.5,1.6000000000000003,0.8999999999999998,0.8999999999999998,0.25115625,14.115356445312477,14161,35,3,4,10768.0,10750.0,18.0,0.16744186046511628,10767.333333333334,17.333333333333332,0.16124031007751938
99.50068864412606,returning,True,0.024516625,0.015690640000000002,0.008825984999999998,0.008825984999999998,2.5,1.6000000000000003,0.8999999999999998,0.8999999999999998,0.2511701965332031,14.101409912109396,14165,35,3,4,10771.0,10750.0,21.0,0.19534883720930232,10770.0,20.0,0.18604651162790697
99.55083055817522,returning,True,0.024516625,0.015690640000000002,0.008825984999999998,0.008825984999999998,2.5,1.6000000000000003,0.8999999999999998,0.8999999999999998,0.2511701965332031,14.101409912109396,14171,35,3,4,10768.0,10750.0,18.0,0.16744186046511628,10768.0,18.0,0.1674418604651163
99.59856902319007,returning,True,0.024516625,0.015690640000000002,0.008825984999999998,0.008825984999999998,2.5,1.6000000000000003,0.8999999999999998,0.8999999999999998,0.2511927490234375,14.078857421874979,14177,35,3,4,10773.0,10750.0,23.0,0.21395348837209302,10772.333333333334,22.333333333333332,0.20775193798449612
99.66686639701948,returning,True,0.024516625,0.015690640000000002,0.008825984999999998,0.008825984999999998,2.5,1.6000000000000003,0.8999999999999998,0.8999999999999998,0.25121829223632813,14.053314208984368,14183,35,3,4,10776.0,10750.0,26.0,0.24186046511627907,10774.0,24.0,0.22325581395348837
99.70031887013465,returning,True,0.024516625,0.015690640000000002,0.008825984999999998,0.008825984999999998,2.5,1.6000000000000003,0.8999999999999998,0.8999999999999998,0.25121829223632813,14.053314208984368,14188,35,3,4,10773.0,10750.0,23.0,0.21395348837209302,10773.0,23.0,0.21395348837209302
99.74872055021115,returning,True,0.024516625,0.015690640000000002,0.008825984999999998,0.008825984999999998,2.5,1.6000000000000003,0.8999999999999998,0.8999999999999998,0.25125942993164063,14.01217651367187,14195,35,3,4,10777.0,10750.0,27.0,0.25116279069767444,10773.666666666666,23.666666666666668,0.22015503875968992
99.79812831408344,returning,True,0.024516625,0.015690640000000002,0.008825984999999998,0.008825984999999998,2.5,1.6000000000000003,0.8999999999999998,0.8999999999999998,0.25125942993164063,14.01217651367187,14203,35,3,4,10768.0,10750.0,18.0,0.16744186046511628,10772.666666666666,22.666666666666668,0.21085271317829457
99.84811818110757,returning,True,0.024516625,0.015690640000000002,0.008825984999999998,0.008825984999999998,2.5,1.6000000000000003,0.8999999999999998,0.8999999999999998,0.25135916137695313,13.91244506835937,14212,35,3,4,10773.0,10750.0,23.0,0.21395348837209302,10772.0,22.0,0.2046511627906977
99.89939737715758,returning,True,0.024516625,0.015690640000000002,0.008825984999999998,0.008825984999999998,2.5,1.6000000000000003,0.8999999999999998,0.8999999999999998,0.25142156982421876,13.850036621093743,14216,35,3,4,10764.0,10750.0,14.0,0.13023255813953488,10767.333333333334,17.333333333333332,0.16124031007751938
99.95036090607755,returning,True,0.024516625,0.015690640000000002,0.008825984999999998,0.008825984999999998,2.5,1.6000000000000003,0.8999999999999998,0.8999999999999998,0.25142156982421876,13.850036621093743,14222,35,3,4,10767.0,10750.0,17.0,0.15813953488372093,10767.333333333334,17.333333333333332,0.16124031007751938
100.00391248520464,returning,True,0.024516625,0.015690640000000002,0.008825984999999998,0.008825984999999998,2.5,1.6000000000000003,0.8999999999999998,0.8999999999999998,0.2514385681152344,13.833038330078097,14227,35,3,4,10775.0,10750.0,25.0,0.23255813953488372,10773.333333333334,23.333333333333332,0.21705426356589144
100.06627718103118,returning,True,0.024516625,0.015690640000000002,0.008825984999999998,0.008825984999999998,2.5,1.6000000000000003,0.8999999999999998,0.8999999999999998,0.2514385681152344,13.833038330078097,14233,35,3,4,10773.0,10750.0,23.0,0.21395348837209302,10771.666666666666,21.666666666666668,0.20155038759689922
100.10029490315355,returning,True,0.024516625,0.015690640000000002,0.008825984999999998,0.008825984999999998,2.5,1.6000000000000003,0.8999999999999998,0.8999999999999998,0.2514289703369141,13.84263610839842,14238,35,3,4,10771.0,10750.0,21.0,0.19534883720930232,10771.333333333334,21.333333333333332,0.19844961240310077
100.148898369167,returning,True,0.024516625,0.015690640000000002,0.008825984999999998,0.008825984999999998,2.5,1.6000000000000003,0.8999999999999998,0.8999999999999998,0.2514246520996094,13.8469543457031,14243,35,3,4,10773.0,10750.0,23.0,0.21395348837209302,10775.666666666666,25.666666666666668,0.23875968992248064
100.20075392606668,returning,True,0.024516625,0.015690640000000002,0.008825984999999998,0.008825984999999998,2.5,1.6000000000000003,0.8999999999999998,0.8999999999999998,0.2514246520996094,13.8469543457031,14250,35,3,4,10774.0,10750.0,24.0,0.22325581395348837,10772.666666666666,22.666666666666668,0.21085271317829457
100.26627618307248,returning,True,0.024516625,0.015690640000000002,0.008825984999999998,0.008825984999999998,2.5,1.6000000000000003,0.8999999999999998,0.8999999999999998,0.25142463684082034,13.846969604492166,14258,35,3,4,10772.0,10750.0,22.0,0.20465116279069767,10772.0,22.0,0.20465116279069764
100.30071307718754,returning,True,0.024516625,0.015690640000000002,0.008825984999999998,0.008825984999999998,2.5,1.6000000000000003,0.8999999999999998,0.8999999999999998,0.251432373046875,13.83923339843751,14262,35,3,4,10773.0,10750.0,23.0,0.21395348837209302,10775.333333333334,25.333333333333332,0.23565891472868217
100.35047354619019,returning,True,0.024516625,0.015690640000000002,0.008825984999999998,0.008825984999999998,2.5,1.6000000000000003,0.8999999999999998,0.8999999999999998,0.251432373046875,13.83923339843751,14267,35,3,4,10779.0,10750.0,29.0,0.26976744186046514,10777.0,27.0,0.2511627906976744
100.40166423702613,returning,True,0.024516625,0.015690640000000002,0.008825984999999998,0.008825984999999998,2.5,1.6000000000000003,0.8999999999999998,0.8999999999999998,0.25145137023925784,13.820236206054659,14273,35,3,4,10781.0,10750.0,31.0,0.28837209302325584,10781.0,31.0,0.28837209302325584
100.46641914802603,returning,True,0.024516625,0.015690640000000002,0.008825984999999998,0.008825984999999998,2.5,1.6000000000000003,0.8999999999999998,0.8999999999999998,0.25160227966308596,13.669326782226543,14279,35,3,4,10772.0,10750.0,22.0,0.20465116279069767,10773.333333333334,23.333333333333332,0.2170542635658915
100.50187778309919,returning,True,0.023535959999999998,0.015690640000000002,0.007845319999999996,0.007845319999999996,2.4,1.6000000000000003,0.7999999999999996,0.7999999999999996,0.25160227966308596,13.669326782226543,14285,35,3,4,10773.0,10750.0,23.0,0.21395348837209302,10774.0,24.0,0.22325581395348837
100.55024839309044,returning,True,0.023535959999999998,0.015690640000000002,0.007845319999999996,0.007845319999999996,2.4,1.6000000000000003,0.7999999999999996,0.7999999999999996,0.25163668823242186,13.634918212890646,14291,35,3,4,10774.0,10750.0,24.0,0.22325581395348837,10776.666666666666,26.666666666666668,0.24806201550387597
100.58988181804307,returning,True,0.023535959999999998,0.015690640000000002,0.007845319999999996,0.007845319999999996,2.4,1.6000000000000003,0.7999999999999996,0.7999999999999996,0.25163668823242186,13.634918212890646,14300,35,3,4,10770.0,10750.0,20.0,0.18604651162790697,10776.0,26.0,0.2418604651162791
100.64836050616577,returning,True,0.023535959999999998,0.015690640000000002,0.007845319999999996,0.007845319999999996,2.4,1.6000000000000003,0.7999999999999996,0.7999999999999996,0.25165542602539065,13.616180419921854,14309,35,3,4,10774.0,10750.0,24.0,0.22325581395348837,10772.0,22.0,0.20465116279069764
100.69902940420434,returning,True,0.023535959999999998,0.015690640000000002,0.007845319999999996,0.007845319999999996,2.4,1.6000000000000003,0.7999999999999996,0.7999999999999996,0.2516610412597656,13.610565185546875,14313,35,3,4,10775.0,10750.0,25.0,0.23255813953488372,10774.666666666666,24.666666666666668,0.22945736434108524
100.74942140211351,returning,True,0.023535959999999998,0.015690640000000002,0.007845319999999996,0.007845319999999996,2.4,1.6000000000000003,0.7999999999999996,0.7999999999999996,0.2516610412597656,13.610565185546875,14319,35,3,4,10771.0,10750.0,21.0,0.19534883720930232,10774.333333333334,24.333333333333332,0.22635658914728682
100.79893163917586,returning,True,0.023535959999999998,0.015690640000000002,0.007845319999999996,0.007845319999999996,2.4,1.6000000000000003,0.7999999999999996,0.7999999999999996,0.2516708984375,13.60070800781249,14325,35,3,4,10783.0,10750.0,33.0,0.30697674418604654,10779.666666666666,29.666666666666668,0.275968992248062
100.86525256000459,returning,True,0.023535959999999998,0.015690640000000002,0.007845319999999996,0.007845319999999996,2.4,1.6000000000000003,0.7999999999999996,0.7999999999999996,0.2516875152587891,13.584091186523429,14331,35,3,4,10776.0,10750.0,26.0,0.24186046511627907,10776.666666666666,26.666666666666668,0.24806201550387597
100.89906647405587,returning,True,0.023535959999999998,0.015690640000000002,0.007845319999999996,0.007845319999999996,2.4,1.6000000000000003,0.7999999999999996,0.7999999999999996,0.2516875152587891,13.584091186523429,14337,35,3,4,10776.0,10750.0,26.0,0.24186046511627907,10773.333333333334,23.333333333333332,0.2170542635658915
100.95333954319358,returning,True,0.023535959999999998,0.015690640000000002,0.007845319999999996,0.007845319999999996,2.4,1.6000000000000003,0.7999999999999996,0.7999999999999996,0.2518289794921875,13.44262695312498,14343,35,3,4,10775.0,10750.0,25.0,0.23255813953488372,10775.0,25.0,0.23255813953488372
100.99051295407116,returning,True,0.023535959999999998,0.015690640000000002,0.007845319999999996,0.007845319999999996,2.4,1.6000000000000003,0.7999999999999996,0.7999999999999996,0.2518289794921875,13.44262695312498,14351,35,3,4,10780.0,10750.0,30.0,0.27906976744186046,10779.0,29.0,0.26976744186046514
101.04828984919004,returning,True,0.023535959999999998,0.015690640000000002,0.007845319999999996,0.007845319999999996,2.4,1.6000000000000003,0.7999999999999996,0.7999999999999996,0.25201455688476565,13.257049560546852,14361,35,3,4,10768.0,10750.0,18.0,0.16744186046511628,10768.0,18.0,0.1674418604651163
101.09938259911723,returning,True,0.023535959999999998,0.015690640000000002,0.007845319999999996,0.007845319999999996,2.4,1.6000000000000003,0.7999999999999996,0.7999999999999996,0.25201455688476565,13.257049560546852,14368,35,3,4,10764.0,10750.0,14.0,0.13023255813953488,10764.0,14.0,0.13023255813953488
101.1486558332108,returning,True,0.023535959999999998,0.015690640000000002,0.007845319999999996,0.007845319999999996,2.4,1.6000000000000003,0.7999999999999996,0.7999999999999996,0.25205030822753904,13.221298217773459,14374,35,3,4,10774.0,10750.0,24.0,0.22325581395348837,10774.0,24.0,0.22325581395348837
101.19842330808751,returning,True,0.023535959999999998,0.015690640000000002,0.007845319999999996,0.007845319999999996,2.4,1.6000000000000003,0.7999999999999996,0.7999999999999996,0.25205030822753904,13.221298217773459,14382,35,3,4,10773.0,10750.0,23.0,0.21395348837209302,10775.666666666666,25.666666666666668,0.23875968992248064
101.24856601608917,returning,True,0.023535959999999998,0.015690640000000002,0.007845319999999996,0.007845319999999996,2.4,1.6000000000000003,0.7999999999999996,0.7999999999999996,0.25207249450683594,13.199111938476559,14390,35,3,4,10773.0,10750.0,23.0,0.21395348837209302,10767.666666666666,17.666666666666668,0.16434108527131783
101.30146004003473,returning,True,0.023535959999999998,0.015690640000000002,0.007845319999999996,0.007845319999999996,2.4,1.6000000000000003,0.7999999999999996,0.7999999999999996,0.25212115478515623,13.150451660156271,14397,35,3,4,10775.0,10750.0,25.0,0.23255813953488372,10774.666666666666,24.666666666666668,0.22945736434108524
101.34881900413893,returning,True,0.023535959999999998,0.015690640000000002,0.007845319999999996,0.007845319999999996,2.4,1.6000000000000003,0.7999999999999996,0.7999999999999996,0.25212115478515623,13.150451660156271,14403,35,3,4,10771.0,10750.0,21.0,0.19534883720930232,10771.0,21.0,0.19534883720930232
101.40186649700627,returning,True,0.023535959999999998,0.015690640000000002,0.007845319999999996,0.007845319999999996,2.4,1.6000000000000003,0.7999999999999996,0.7999999999999996,0.25220718383789065,13.064422607421855,14409,35,3,4,10776.0,10750.0,26.0,0.24186046511627907,10775.333333333334,25.333333333333332,0.23565891472868217
101.46525894198567,returning,True,0.023535959999999998,0.015690640000000002,0.007845319999999996,0.007845319999999996,2.4,1.6000000000000003,0.7999999999999996,0.7999999999999996,0.2523742370605469,12.8973693847656,14415,35,3,4,10768.0,10750.0,18.0,0.16744186046511628,10769.333333333334,19.333333333333332,0.17984496124031005
101.49798119207844,returning,True,0.023535959999999998,0.015690640000000002,0.007845319999999996,0.007845319999999996,2.4,1.6000000000000003,0.7999999999999996,0.7999999999999996,0.2523742370605469,12.8973693847656,14421,35,3,4,10779.0,10750.0,29.0,0.26976744186046514,10779.0,29.0,0.26976744186046514
101.53972718701698,returning,True,0.023535959999999998,0.015690640000000002,0.007845319999999996,0.007845319999999996,2.4,1.6000000000000003,0.7999999999999996,0.7999999999999996,0.2523742370605469,12.8973693847656,14430,35,3,4,10782.0,10750.0,32.0,0.29767441860465116,10780.0,30.0,0.27906976744186046
101.59022818901576,returning,True,0.023535959999999998,0.015690640000000002,0.007845319999999996,0.007845319999999996,2.4,1.6000000000000003,0.7999999999999996,0.7999999999999996,0.25242874145507815,12.842864990234348,14440,35,3,4,10766.0,10750.0,16.0,0.14883720930232558,10766.0,16.0,0.14883720930232558
101.65009152819403,returning,True,0.023535959999999998,0.015690640000000002,0.007845319999999996,0.007845319999999996,2.4,1.6000000000000003,0.7999999999999996,0.7999999999999996,0.2524351806640625,12.836425781249993,14449,35,3,4,10773.0,10750.0,23.0,0.21395348837209302,10773.0,23.0,0.21395348837209302
101.70105322613381,returning,True,0.023535959999999998,0.015690640000000002,0.007845319999999996,0.007845319999999996,2.4,1.6000000000000003,0.7999999999999996,0.7999999999999996,0.25243698120117186,12.834625244140641,14455,35,3,4,10766.0,10750.0,16.0,0.14883720930232558,10768.0,18.0,0.1674418604651163
101.75237693102099,returning,True,0.023535959999999998,0.015690640000000002,0.007845319999999996,0.007845319999999996,2.4,1.6000000000000003,0.7999999999999996,0.7999999999999996,0.25243914794921873,12.832458496093768,14461,35,3,4,10772.0,10750.0,22.0,0.20465116279069767,10771.0,21.0,0.19534883720930232
101.79912278801203,returning,True,0.023535959999999998,0.015690640000000002,0.007845319999999996,0.007845319999999996,2.4,1.6000000000000003,0.7999999999999996,0.7999999999999996,0.25243914794921873,12.832458496093768,14467,35,3,4,10775.0,10750.0,25.0,0.23255813953488372,10774.333333333334,24.333333333333332,0.22635658914728682
101.86592576699331,returning,True,0.023535959999999998,0.015690640000000002,0.007845319999999996,0.007845319999999996,2.4,1.6000000000000003,0.7999999999999996,0.7999999999999996,0.25244583129882814,12.825775146484364,14472,35,3,4,10774.0,10750.0,24.0,0.22325581395348837,10777.333333333334,27.333333333333332,0.25426356589147286
101.9002662061248,returning,True,0.023535959999999998,0.015690640000000002,0.007845319999999996,0.007845319999999996,2.4,1.6000000000000003,0.7999999999999996,0.7999999999999996,0.25244583129882814,12.825775146484364,14479,35,3,4,10774.0,10750.0,24.0,0.22325581395348837,10774.0,24.0,0.22325581395348837
101.94998446013778,returning,True,0.023535959999999998,0.015690640000000002,0.007845319999999996,0.007845319999999996,2.4,1.6000000000000003,0.7999999999999996,0.7999999999999996,0.2524772338867188,12.794372558593725,14485,35,3,4,10770.0,10750.0,20.0,0.18604651162790697,10770.0,20.0,0.18604651162790697
101.99830435006879,returning,True,0.023535959999999998,0.015690640000000002,0.007845319999999996,0.007845319999999996,2.4,1.6000000000000003,0.7999999999999996,0.7999999999999996,0.2526394805908203,12.632125854492193,14490,35,3,4,10778.0,10750.0,28.0,0.26046511627906976,10776.333333333334,26.333333333333332,0.24496124031007752
102.06683267420158,returning,True,0.023535959999999998,0.015690640000000002,0.007845319999999996,0.007845319999999996,2.4,1.6000000000000003,0.7999999999999996,0.7999999999999996,0.2526394805908203,12.632125854492193,14497,35,3,4,10781.0,10750.0,31.0,0.28837209302325584,10777.666666666666,27.666666666666668,0.25736434108527134
102.10194819304161,returning,True,0.023535959999999998,0.015690640000000002,0.007845319999999996,0.007845319999999996,2.4,1.6000000000000003,0.7999999999999996,0.7999999999999996,0.25293878173828127,12.332824707031232,14503,35,3,4,10772.0,10750.0,22.0,0.20465116279069767,10774.0,24.0,0.22325581395348837
102.15050111105666,returning,True,0.023535959999999998,0.015690640000000002,0.007845319999999996,0.007845319999999996,2.4,1.6000000000000003,0.7999999999999996,0.7999999999999996,0.25293878173828127,12.332824707031232,14509,35,3,4,10776.0,10750.0,26.0,0.24186046511627907,10776.0,26.0,0.2418604651162791
102.18998104520142,returning,True,0.023535959999999998,0.015690640000000002,0.007845319999999996,0.007845319999999996,2.4,1.6000000000000003,0.7999999999999996,0.7999999999999996,0.25309201049804686,12.179595947265643,14517,35,3,4,10772.0,10750.0,22.0,0.20465116279069767,10772.0,22.0,0.20465116279069764
102.24823918309994,returning,True,0.023535959999999998,0.015690640000000002,0.007845319999999996,0.007845319999999996,2.4,1.6000000000000003,0.7999999999999996,0.7999999999999996,0.25318313598632813,12.088470458984368,14526,35,3,4,10769.0,10750.0,19.0,0.17674418604651163,10769.0,19.0,0.17674418604651163
102.29918209905736,returning,True,0.023535959999999998,0.015690640000000002,0.007845319999999996,0.007845319999999996,2.4,1.6000000000000003,0.7999999999999996,0.7999999999999996,0.25318313598632813,12.088470458984368,14532,35,3,4,10770.0,10750.0,20.0,0.18604651162790697,10771.333333333334,21.333333333333332,0.19844961240310077
102.3489469201304,returning,True,0.023535959999999998,0.015690640000000002,0.007845319999999996,0.007845319999999996,2.4,1.6000000000000003,0.7999999999999996,0.7999999999999996,0.25326583862304686,12.005767822265645,14538,35,3,4,10774.0,10750.0,24.0,0.22325581395348837,10774.0,24.0,0.22325581395348837
102.39931385614909,returning,True,0.023535959999999998,0.015690640000000002,0.007845319999999996,0.007845319999999996,2.4,1.6000000000000003,0.7999999999999996,0.7999999999999996,0.25327410888671875,11.99749755859375,14543,35,3,4,10778.0,10750.0,28.0,0.26046511627906976,10778.0,28.0,0.26046511627906976
102.46525576105341,returning,True,0.023535959999999998,0.015690640000000002,0.007845319999999996,0.007845319999999996,2.4,1.6000000000000003,0.7999999999999996,0.7999999999999996,0.25327410888671875,11.99749755859375,14549,35,3,4,10770.0,10750.0,20.0,0.18604651162790697,10778.0,28.0,0.26046511627906976
102.50150097813457,returning,True,0.023535959999999998,0.015690640000000002,0.007845319999999996,0.007845319999999996,2.4,1.6000000000000003,0.7999999999999996,0.7999999999999996,0.25327410888671875,11.99749755859375,14554,35,3,4,10774.0,10750.0,24.0,0.22325581395348837,10774.666666666666,24.666666666666668,0.22945736434108524
102.549089636188,returning,True,0.023535959999999998,0.015690640000000002,0.007845319999999996,0.007845319999999996,2.4,1.6000000000000003,0.7999999999999996,0.7999999999999996,0.25327410888671875,11.99749755859375,14561,35,3,4,10774.0,10750.0,24.0,0.22325581395348837,10772.0,22.0,0.20465116279069764
102.59822423919104,returning,True,0.023535959999999998,0.015690640000000002,0.007845319999999996,0.007845319999999996,2.4,1.6000000000000003,0.7999999999999996,0.7999999999999996,0.25327880859375,11.992797851562486,14567,35,3,4,10779.0,10750.0,29.0,0.26976744186046514,10779.0,29.0,0.26976744186046514
102.66712694917805,returning,True,0.023535959999999998,0.015690640000000002,0.007845319999999996,0.007845319999999996,2.4,1.6000000000000003,0.7999999999999996,0.7999999999999996,0.25329141235351565,11.980194091796847,14573,35,3,4,10770.0,10750.0,20.0,0.18604651162790697,10770.0,20.0,0.18604651162790697
102.69850659999065,returning,True,0.023535959999999998,0.015690640000000002,0.007845319999999996,0.007845319999999996,2.4,1.6000000000000003,0.7999999999999996,0.7999999999999996,0.25329141235351565,11.980194091796847,14579,35,3,4,10770.0,10750.0,20.0,0.18604651162790697,10771.333333333334,21.333333333333332,0.19844961240310077
102.74017737805843,returning,True,0.023535959999999998,0.015690640000000002,0.007845319999999996,0.007845319999999996,2.4,1.6000000000000003,0.7999999999999996,0.7999999999999996,0.25330133056640625,11.970275878906255,14588,35,3,4,10768.0,10750.0,18.0,0.16744186046511628,10768.0,18.0,0.1674418604651163
102.7902792932,returning,True,0.023535959999999998,0.015690640000000002,0.007845319999999996,0.007845319999999996,2.4,1.6000000000000003,0.7999999999999996,0.7999999999999996,0.25330133056640625,11.970275878906255,14597,35,3,4,10780.0,10750.0,30.0,0.27906976744186046,10780.0,30.0,0.27906976744186046
102.84824645100161,returning,True,0.023535959999999998,0.015690640000000002,0.007845319999999996,0.007845319999999996,2.4,1.6000000000000003,0.7999999999999996,0.7999999999999996,0.2533084411621094,11.963165283203125,14606,35,3,4,10777.0,10750.0,27.0,0.25116279069767444,10771.0,21.0,0.19534883720930232
102.90034482907504,returning,True,0.023535959999999998,0.015690640000000002,0.007845319999999996,0.007845319999999996,2.4,1.6000000000000003,0.7999999999999996,0.7999999999999996,0.2533166046142578,11.955001831054691,14612,35,3,4,10773.0,10750.0,23.0,0.21395348837209302,10774.333333333334,24.333333333333332,0.22635658914728685
102.95118502015248,returning,True,0.023535959999999998,0.015690640000000002,0.007845319999999996,0.007845319999999996,2.4,1.6000000000000003,0.7999999999999996,0.7999999999999996,0.2533330993652344,11.938507080078098,14617,35,3,4,10771.0,10750.0,21.0,0.19534883720930232,10771.0,21.0,0.19534883720930232
102.9900653171353,returning,True,0.023535959999999998,0.015690640000000002,0.007845319999999996,0.007845319999999996,2.4,1.6000000000000003,0.7999999999999996,0.7999999999999996,0.2533330993652344,11.938507080078098,14626,35,3,4,10765.0,10750.0,15.0,0.13953488372093023,10765.0,15.0,0.13953488372093023
103.04846379812807,returning,True,0.023535959999999998,0.015690640000000002,0.007845319999999996,0.007845319999999996,2.4,1.6000000000000003,0.7999999999999996,0.7999999999999996,0.25335443115234374,11.917175292968762,14636,35,3,4,10764.0,10750.0,14.0,0.13023255813953488,10764.0,14.0,0.13023255813953488
103.10008369619027,returning,True,0.023535959999999998,0.015690640000000002,0.007845319999999996,0.007845319999999996,2.4,1.6000000000000003,0.7999999999999996,0.7999999999999996,0.25335443115234374,11.917175292968762,14642,35,3,4,10765.0,10750.0,15.0,0.13953488372093023,10766.0,16.0,0.14883720930232558
103.15201897220686,returning,True,0.023535959999999998,0.015690640000000002,0.007845319999999996,0.007845319999999996,2.4,1.6000000000000003,0.7999999999999996,0.7999999999999996,0.25339627075195315,11.875335693359357,14648,35,3,4,10780.0,10750.0,30.0,0.27906976744186046,10777.666666666666,27.666666666666668,0.2573643410852713
103.19864793517627,returning,True,0.023535959999999998,0.015690640000000002,0.007845319999999996,0.007845319999999996,2.4,1.6000000000000003,0.7999999999999996,0.7999999999999996,0.25339627075195315,11.875335693359357,14654,35,3,4,10770.0,10750.0,20.0,0.18604651162790697,10770.0,20.0,0.18604651162790697
103.26557795400731,returning,True,0.023535959999999998,0.015690640000000002,0.007845319999999996,0.007845319999999996,2.4,1.6000000000000003,0.7999999999999996,0.7999999999999996,0.2536378479003906,11.633758544921879,14660,35,3,4,10771.0,10750.0,21.0,0.19534883720930232,10771.0,21.0,0.19534883720930232
103.2983373561874,returning,True,0.023535959999999998,0.015690640000000002,0.007845319999999996,0.007845319999999996,2.4,1.6000000000000003,0.7999999999999996,0.7999999999999996,0.2537597198486328,11.511886596679677,14664,35,3,4,10769.0,10750.0,19.0,0.17674418604651163,10771.333333333334,21.333333333333332,0.19844961240310077
103.34951184410602,returning,True,0.023535959999999998,0.015690640000000002,0.007845319999999996,0.007845319999999996,2.4,1.6000000000000003,0.7999999999999996,0.7999999999999996,0.2537597198486328,11.511886596679677,14672,35,3,4,10777.0,10750.0,27.0,0.25116279069767444,10773.666666666666,23.666666666666668,0.22015503875968992
103.39868134609424,returning,True,0.023535959999999998,0.015690640000000002,0.007845319999999996,0.007845319999999996,2.4,1.6000000000000003,0.7999999999999996,0.7999999999999996,0.253884765625,11.386840820312493,14678,35,3,4,10772.0,10750.0,22.0,0.20465116279069767,10772.0,22.0,0.20465116279069764
103.46563727012835,returning,True,0.023535959999999998,0.015690640000000002,0.007845319999999996,0.007845319999999996,2.4,1.6000000000000003,0.7999999999999996,0.7999999999999996,0.2539919128417969,11.279693603515605,14688,35,3,4,10769.0,10750.0,19.0,0.17674418604651163,10770.0,20.0,0.18604651162790697
103.49893589108251,returning,True,0.023535959999999998,0.015690640000000002,0.007845319999999996,0.007845319999999996,2.4,1.6000000000000003,0.7999999999999996,0.7999999999999996,0.2539919128417969,11.279693603515605,14693,35,3,4,10772.0,10750.0,22.0,0.20465116279069767,10772.0,22.0,0.20465116279069764
103.54903807211667,returning,True,0.023535959999999998,0.015690640000000002,0.007845319999999996,0.007845319999999996,2.4,1.6000000000000003,0.7999999999999996,0.7999999999999996,0.25403982543945314,11.231781005859364,14699,35,3,4,10768.0,10750.0,18.0,0.16744186046511628,10768.666666666666,18.666666666666668,0.17364341085271318
103.59876542002894,returning,True,0.023535959999999998,0.015690640000000002,0.007845319999999996,0.007845319999999996,2.4,1.6000000000000003,0.7999999999999996,0.7999999999999996,0.25403982543945314,11.231781005859364,14705,35,3,4,10770.0,10750.0,20.0,0.18604651162790697,10768.666666666666,18.666666666666668,0.17364341085271318
103.6653914609924,returning,True,0.023535959999999998,0.015690640000000002,0.007845319999999996,0.007845319999999996,2.4,1.6000000000000003,0.7999999999999996,0.7999999999999996,0.2540639038085938,11.20770263671872,14711,35,3,4,10771.0,10750.0,21.0,0.19534883720930232,10770.333333333334,20.333333333333332,0.18914728682170542
103.70056756399572,returning,True,0.023535959999999998,0.015690640000000002,0.007845319999999996,0.007845319999999996,2.4,1.6000000000000003,0.7999999999999996,0.7999999999999996,0.2540639038085938,11.20770263671872,14715,35,3,4,10777.0,10750.0,27.0,0.25116279069767444,10777.0,27.0,0.25116279069767444
103.74922246299684,returning,True,0.023535959999999998,0.015690640000000002,0.007845319999999996,0.007845319999999996,2.4,1.6000000000000003,0.7999999999999996,0.7999999999999996,0.25408587646484376,11.18572998046874,14722,35,3,4,10774.0,10750.0,24.0,0.22325581395348837,10774.0,24.0,0.22325581395348837
103.79843999119475,returning,True,0.023535959999999998,0.015690640000000002,0.007845319999999996,0.007845319999999996,2.4,1.6000000000000003,0.7999999999999996,0.7999999999999996,0.25409378051757814,11.177825927734364,14728,35,3,4,10772.0,10750.0,22.0,0.20465116279069767,10768.666666666666,18.666666666666668,0.17364341085271318
103.86538713611662,returning,True,0.023535959999999998,0.015690640000000002,0.007845319999999996,0.007845319999999996,2.4,1.6000000000000003,0.7999999999999996,0.7999999999999996,0.25409378051757814,11.177825927734364,14736,35,3,4,10773.0,10750.0,23.0,0.21395348837209302,10773.0,23.0,0.21395348837209302
103.89847035612911,returning,True,0.023535959999999998,0.015690640000000002,0.007845319999999996,0.007845319999999996,2.4,1.6000000000000003,0.7999999999999996,0.7999999999999996,0.2541062469482422,11.165359497070316,14742,35,3,4,10775.0,10750.0,25.0,0.23255813953488372,10775.0,25.0,0.23255813953488372
103.941238834057,returning,True,0.023535959999999998,0.015690640000000002,0.007845319999999996,0.007845319999999996,2.4,1.6000000000000003,0.7999999999999996,0.7999999999999996,0.2541062469482422,11.165359497070316,14750,35,3,4,10774.0,10750.0,24.0,0.22325581395348837,10774.0,24.0,0.22325581395348837
103.9899907570798,returning,True,0.023535959999999998,0.015690640000000002,0.007845319999999996,0.007845319999999996,2.4,1.6000000000000003,0.7999999999999996,0.7999999999999996,0.2541131591796875,11.158447265624982,14759,35,3,4,10771.0,10750.0,21.0,0.19534883720930232,10771.0,21.0,0.19534883720930232
104.04811069811694,returning,True,0.023535959999999998,0.015690640000000002,0.007845319999999996,0.007845319999999996,2.4,1.6000000000000003,0.7999999999999996,0.7999999999999996,0.25411788940429686,11.153717041015643,14768,35,3,4,10767.0,10750.0,17.0,0.15813953488372093,10770.666666666666,20.666666666666668,0.19224806201550385
104.0990735529922,returning,True,0.023535959999999998,0.015690640000000002,0.007845319999999996,0.007845319999999996,2.4,1.6000000000000003,0.7999999999999996,0.7999999999999996,0.2541303405761719,11.141265869140604,14774,35,3,4,10772.0,10750.0,22.0,0.20465116279069767,10772.0,22.0,0.20465116279069764
104.15603593317792,returning,True,0.023535959999999998,0.015690640000000002,0.007845319999999996,0.007845319999999996,2.4,1.6000000000000003,0.7999999999999996,0.7999999999999996,0.2541303405761719,11.141265869140604,14780,35,3,4,10778.0,10750.0,28.0,0.26046511627906976,10773.333333333334,23.333333333333332,0.2170542635658915
104.19918088498525,returning,True,0.023535959999999998,0.015690640000000002,0.007845319999999996,0.007845319999999996,2.4,1.6000000000000003,0.7999999999999996,0.7999999999999996,0.25414227294921876,11.129333496093741,14787,35,3,4,10773.0,10750.0,23.0,0.21395348837209302,10773.0,23.0,0.21395348837209302
104.26739851711318,returning,True,0.023535959999999998,0.015690640000000002,0.007845319999999996,0.007845319999999996,2.4,1.6000000000000003,0.7999999999999996,0.7999999999999996,0.25415792846679686,11.113677978515646,14791,35,3,4,10773.0,10750.0,23.0,0.21395348837209302,10771.666666666666,21.666666666666668,0.20155038759689922
104.30125190108083,returning,True,0.023535959999999998,0.015690640000000002,0.007845319999999996,0.007845319999999996,2.4,1.6000000000000003,0.7999999999999996,0.7999999999999996,0.25415792846679686,11.113677978515646,14796,35,3,4,10772.0,10750.0,22.0,0.20465116279069767,10773.333333333334,23.333333333333332,0.2170542635658915
104.34864263306372,returning,True,0.023535959999999998,0.015690640000000002,0.007845319999999996,0.007845319999999996,2.4,1.6000000000000003,0.7999999999999996,0.7999999999999996,0.2541990356445313,11.072570800781223,14803,35,3,4,10769.0,10750.0,19.0,0.17674418604651163,10772.333333333334,22.333333333333332,0.20775193798449612
104.4002603131812,returning,True,0.023535959999999998,0.015690640000000002,0.007845319999999996,0.007845319999999996,2.4,1.6000000000000003,0.7999999999999996,0.7999999999999996,0.2541990356445313,11.072570800781223,14811,35,3,4,10771.0,10750.0,21.0,0.19534883720930232,10771.0,21.0,0.19534883720930232
104.44810233521275,returning,True,0.023535959999999998,0.015690640000000002,0.007845319999999996,0.007845319999999996,2.4,1.6000000000000003,0.7999999999999996,0.7999999999999996,0.2543168029785156,10.954803466796893,14818,35,3,4,10770.0,10750.0,20.0,0.18604651162790697,10770.0,20.0,0.18604651162790697
104.4995686430484,returning,True,0.023535959999999998,0.015690640000000002,0.007845319999999996,0.007845319999999996,2.4,1.6000000000000003,0.7999999999999996,0.7999999999999996,0.25436972045898437,10.90188598632813,14824,35,3,4,10774.0,10750.0,24.0,0.22325581395348837,10772.333333333334,22.333333333333332,0.20775193798449612
104.55017457017675,returning,True,0.023535959999999998,0.015690640000000002,0.007845319999999996,0.007845319999999996,2.4,1.6000000000000003,0.7999999999999996,0.7999999999999996,0.25436972045898437,10.90188598632813,14830,35,3,4,10773.0,10750.0,23.0,0.21395348837209302,10772.0,22.0,0.2046511627906977
104.59931448218413,returning,True,0.023535959999999998,0.015690640000000002,0.007845319999999996,0.007845319999999996,2.4,1.6000000000000003,0.7999999999999996,0.7999999999999996,0.2545294189453125,10.7421875,14836,35,3,4,10767.0,10750.0,17.0,0.15813953488372093,10767.0,17.0,0.15813953488372093
104.66512890416197,returning,True,0.022555295,0.015690640000000002,0.006864654999999997,0.006864654999999997,2.3,1.6000000000000003,0.6999999999999997,0.6999999999999997,0.2546292877197266,10.642318725585909,14842,35,3,4,10775.0,10750.0,25.0,0.23255813953488372,10775.0,25.0,0.23255813953488372
104.70138213504106,returning,True,0.022555295,0.015690640000000002,0.006864654999999997,0.006864654999999997,2.3,1.6000000000000003,0.6999999999999997,0.6999999999999997,0.2546292877197266,10.642318725585909,14847,35,3,4,10770.0,10750.0,20.0,0.18604651162790697,10770.0,20.0,0.18604651162790697
104.7484798762016,returning,True,0.022555295,0.015690640000000002,0.006864654999999997,0.006864654999999997,2.3,1.6000000000000003,0.6999999999999997,0.6999999999999997,0.25463983154296876,10.631774902343738,14853,35,3,4,10767.0,10750.0,17.0,0.15813953488372093,10770.333333333334,20.333333333333332,0.18914728682170542
104.7985224861186,returning,True,0.022555295,0.015690640000000002,0.006864654999999997,0.006864654999999997,2.3,1.6000000000000003,0.6999999999999997,0.6999999999999997,0.25463983154296876,10.631774902343738,14859,35,3,4,10777.0,10750.0,27.0,0.25116279069767444,10775.333333333334,25.333333333333332,0.2356589147286822
104.8653032341972,returning,True,0.022555295,0.015690640000000002,0.006864654999999997,0.006864654999999997,2.3,1.6000000000000003,0.6999999999999997,0.6999999999999997,0.2546376647949219,10.63394165039061,14866,35,3,4,10777.0,10750.0,27.0,0.25116279069767444,10777.666666666666,27.666666666666668,0.25736434108527134
104.91615620418452,returning,True,0.022555295,0.015690640000000002,0.006864654999999997,0.006864654999999997,2.3,1.6000000000000003,0.6999999999999997,0.6999999999999997,0.25462908935546874,10.64251708984376,14871,35,3,4,10772.0,10750.0,22.0,0.20465116279069767,10772.0,22.0,0.20465116279069764
104.9661802269984,returning,True,0.022555295,0.015690640000000002,0.006864654999999997,0.006864654999999997,2.3,1.6000000000000003,0.6999999999999997,0.6999999999999997,0.25462908935546874,10.64251708984376,14877,35,3,4,10775.0,10750.0,25.0,0.23255813953488372,10771.0,21.0,0.19534883720930232
105.01505638519302,returning,True,0.022555295,0.015690640000000002,0.006864654999999997,0.006864654999999997,2.3,1.6000000000000003,0.6999999999999997,0.6999999999999997,0.25463079833984376,10.640808105468746,14883,35,3,4,10769.0,10750.0,19.0,0.17674418604651163,10770.666666666666,20.666666666666668,0.1922480620155039
105.0647603450343,returning,True,0.022555295,0.015690640000000002,0.006864654999999997,0.006864654999999997,2.3,1.6000000000000003,0.6999999999999997,0.6999999999999997,0.25463079833984376,10.640808105468746,14889,35,3,4,10781.0,10750.0,31.0,0.28837209302325584,10777.333333333334,27.333333333333332,0.25426356589147286
105.09896152699366,returning,True,0.022555295,0.015690640000000002,0.006864654999999997,0.006864654999999997,2.3,1.6000000000000003,0.6999999999999997,0.6999999999999997,0.25464791870117187,10.62368774414063,14892,35,3,4,10764.0,10750.0,14.0,0.13023255813953488,10769.666666666666,19.666666666666668,0.18294573643410852
105.14888746803626,returning,True,0.022555295,0.015690640000000002,0.006864654999999997,0.006864654999999997,2.3,1.6000000000000003,0.6999999999999997,0.6999999999999997,0.25464791870117187,10.62368774414063,14900,35,3,4,10773.0,10750.0,23.0,0.21395348837209302,10777.666666666666,27.666666666666668,0.25736434108527134
105.1983166791033,returning,True,0.022555295,0.015690640000000002,0.006864654999999997,0.006864654999999997,2.3,1.6000000000000003,0.6999999999999997,0.6999999999999997,0.2546733093261719,10.598297119140621,14905,35,3,4,10773.0,10750.0,23.0,0.21395348837209302,10773.0,23.0,0.21395348837209302
105.26496133301407,returning,True,0.022555295,0.015690640000000002,0.006864654999999997,0.006864654999999997,2.3,1.6000000000000003,0.6999999999999997,0.6999999999999997,0.25470184326171874,10.56976318359376,14914,35,3,4,10770.0,10750.0,20.0,0.18604651162790697,10770.0,20.0,0.18604651162790697
105.29888293403201,returning,True,0.022555295,0.015690640000000002,0.006864654999999997,0.006864654999999997,2.3,1.6000000000000003,0.6999999999999997,0.6999999999999997,0.25470184326171874,10.56976318359376,14918,35,3,4,10771.0,10750.0,21.0,0.19534883720930232,10770.0,20.0,0.18604651162790697
105.34954989515245,returning,True,0.022555295,0.015690640000000002,0.006864654999999997,0.006864654999999997,2.3,1.6000000000000003,0.6999999999999997,0.6999999999999997,0.25472259521484375,10.549011230468752,14924,35,3,4,10778.0,10750.0,28.0,0.26046511627906976,10777.666666666666,27.666666666666668,0.25736434108527134
105.39887085999362,returning,True,0.022555295,0.015690640000000002,0.006864654999999997,0.006864654999999997,2.3,1.6000000000000003,0.6999999999999997,0.6999999999999997,0.25472259521484375,10.549011230468752,14930,35,3,4,10774.0,10750.0,24.0,0.22325581395348837,10773.333333333334,23.333333333333332,0.2170542635658915
105.46494108717889,returning,True,0.022555295,0.015690640000000002,0.006864654999999997,0.006864654999999997,2.3,1.6000000000000003,0.6999999999999997,0.6999999999999997,0.2547734680175781,10.498138427734393,14936,35,3,4,10770.0,10750.0,20.0,0.18604651162790697,10770.0,20.0,0.18604651162790697
105.49909619311802,returning,True,0.022555295,0.015690640000000002,0.006864654999999997,0.006864654999999997,2.3,1.6000000000000003,0.6999999999999997,0.6999999999999997,0.2547734680175781,10.498138427734393,14941,35,3,4,10777.0,10750.0,27.0,0.25116279069767444,10775.0,25.0,0.23255813953488372
105.55016863020137,returning,True,0.022555295,0.015690640000000002,0.006864654999999997,0.006864654999999997,2.3,1.6000000000000003,0.6999999999999997,0.6999999999999997,0.25491595458984373,10.355651855468773,14948,35,3,4,10773.0,10750.0,23.0,0.21395348837209302,10772.0,22.0,0.2046511627906977
105.5984708960168,returning,True,0.022555295,0.015690640000000002,0.006864654999999997,0.006864654999999997,2.3,1.6000000000000003,0.6999999999999997,0.6999999999999997,0.2552217254638672,10.049880981445325,14953,35,3,4,10773.0,10750.0,23.0,0.21395348837209302,10774.666666666666,24.666666666666668,0.2294573643410853
105.66639286000282,returning,True,0.022555295,0.015690640000000002,0.006864654999999997,0.006864654999999997,2.3,1.6000000000000003,0.6999999999999997,0.6999999999999997,0.2552217254638672,10.049880981445325,14958,35,3,4,10773.0,10750.0,23.0,0.21395348837209302,10771.0,21.0,0.19534883720930232
105.69822219503112,returning,True,0.022555295,0.015690640000000002,0.006864654999999997,0.006864654999999997,2.3,1.6000000000000003,0.6999999999999997,0.6999999999999997,0.2554671325683594,9.804473876953102,14964,35,3,4,10779.0,10750.0,29.0,0.26976744186046514,10779.0,29.0,0.26976744186046514
105.74892986216582,returning,True,0.022555295,0.015690640000000002,0.006864654999999997,0.006864654999999997,2.3,1.6000000000000003,0.6999999999999997,0.6999999999999997,0.2554671325683594,9.804473876953102,14973,35,3,4,10782.0,10750.0,32.0,0.29767441860465116,10778.666666666666,28.666666666666668,0.26666666666666666
105.79808894917369,returning,True,0.022555295,0.015690640000000002,0.006864654999999997,0.006864654999999997,2.3,1.6000000000000003,0.6999999999999997,0.6999999999999997,0.25547940063476565,9.79220581054685,14981,35,3,4,10778.0,10750.0,28.0,0.26046511627906976,10777.0,27.0,0.2511627906976744
105.84823552099988,returning,True,0.022555295,0.015690640000000002,0.006864654999999997,0.006864654999999997,2.3,1.6000000000000003,0.6999999999999997,0.6999999999999997,0.25548443603515625,9.787170410156254,14990,35,3,4,10778.0,10750.0,28.0,0.26046511627906976,10778.0,28.0,0.26046511627906976
105.90088718710467,returning,True,0.023535959999999998,0.015690640000000002,0.007845319999999996,0.007845319999999996,2.4,1.6000000000000003,0.7999999999999996,0.7999999999999996,0.25548443603515625,9.787170410156254,14995,35,3,4,10779.0,10750.0,29.0,0.26976744186046514,10779.0,29.0,0.26976744186046514
105.95099419099279,returning,True,0.023535959999999998,0.015690640000000002,0.007845319999999996,0.007845319999999996,2.4,1.6000000000000003,0.7999999999999996,0.7999999999999996,0.2554870300292969,9.7845764160156,15002,35,3,4,10777.0,10750.0,27.0,0.25116279069767444,10777.666666666666,27.666666666666668,0.25736434108527134
106.00063260109164,returning,True,0.023535959999999998,0.015690640000000002,0.007845319999999996,0.007845319999999996,2.4,1.6000000000000003,0.7999999999999996,0.7999999999999996,0.2554928283691406,9.77877807617189,15007,35,3,4,10778.0,10750.0,28.0,0.26046511627906976,10777.666666666666,27.666666666666668,0.25736434108527134
106.04847629019059,returning,True,0.022555295,0.015690640000000002,0.006864654999999997,0.006864654999999997,2.3,1.6000000000000003,0.6999999999999997,0.6999999999999997,0.2554928283691406,9.77877807617189,15014,35,3,4,10770.0,10750.0,20.0,0.18604651162790697,10774.0,24.0,0.22325581395348837
106.0987926570233,returning,True,0.022555295,0.015690640000000002,0.006864654999999997,0.006864654999999997,2.3,1.6000000000000003,0.6999999999999997,0.6999999999999997,0.2555101928710938,9.761413574218725,15020,35,3,4,10775.0,10750.0,25.0,0.23255813953488372,10774.333333333334,24.333333333333332,0.22635658914728682
106.14926424715668,returning,True,0.022555295,0.015690640000000002,0.006864654999999997,0.006864654999999997,2.3,1.6000000000000003,0.6999999999999997,0.6999999999999997,0.2555101928710938,9.761413574218725,15026,35,3,4,10767.0,10750.0,17.0,0.15813953488372093,10767.666666666666,17.666666666666668,0.16434108527131783
106.19873233209364,returning,True,0.022555295,0.015690640000000002,0.006864654999999997,0.006864654999999997,2.3,1.6000000000000003,0.6999999999999997,0.6999999999999997,0.2555190887451172,9.752517700195307,15032,35,3,4,10770.0,10750.0,20.0,0.18604651162790697,10771.333333333334,21.333333333333332,0.19844961240310077
106.26514903502539,returning,True,0.022555295,0.015690640000000002,0.006864654999999997,0.006864654999999997,2.3,1.6000000000000003,0.6999999999999997,0.6999999999999997,0.25553341674804686,9.738189697265643,15039,35,3,4,10774.0,10750.0,24.0,0.22325581395348837,10776.0,26.0,0.2418604651162791
106.29808911099099,returning,True,0.022555295,0.015690640000000002,0.006864654999999997,0.006864654999999997,2.3,1.6000000000000003,0.6999999999999997,0.6999999999999997,0.25553341674804686,9.738189697265643,15044,35,3,4,10771.0,10750.0,21.0,0.19534883720930232,10771.0,21.0,0.19534883720930232
106.35128968115896,returning,True,0.022555295,0.015690640000000002,0.006864654999999997,0.006864654999999997,2.3,1.6000000000000003,0.6999999999999997,0.6999999999999997,0.25553829956054686,9.733306884765646,15050,35,3,4,10773.0,10750.0,23.0,0.21395348837209302,10773.0,23.0,0.21395348837209302
106.38992613810115,returning,True,0.022555295,0.015690640000000002,0.006864654999999997,0.006864654999999997,2.3,1.6000000000000003,0.6999999999999997,0.6999999999999997,0.25553829956054686,9.733306884765646,15059,35,3,4,10771.0,10750.0,21.0,0.19534883720930232,10771.0,21.0,0.19534883720930232
106.44943773420528,returning,True,0.022555295,0.015690640000000002,0.006864654999999997,0.006864654999999997,2.3,1.6000000000000003,0.6999999999999997,0.6999999999999997,0.25556048583984375,9.711120605468748,15068,35,3,4,10777.0,10750.0,27.0,0.25116279069767444,10777.0,27.0,0.25116279069767444
106.49998840200715,returning,True,0.022555295,0.015690640000000002,0.006864654999999997,0.006864654999999997,2.3,1.6000000000000003,0.6999999999999997,0.6999999999999997,0.25556048583984375,9.711120605468748,15074,35,3,4,10770.0,10750.0,20.0,0.18604651162790697,10770.0,20.0,0.18604651162790697
106.54825028008781,returning,True,0.022555295,0.015690640000000002,0.006864654999999997,0.006864654999999997,2.3,1.6000000000000003,0.6999999999999997,0.6999999999999997,0.2557931823730469,9.478424072265623,15079,35,3,4,10767.0,10750.0,17.0,0.15813953488372093,10771.0,21.0,0.19534883720930232
106.59912890102714,returning,True,0.022555295,0.015690640000000002,0.006864654999999997,0.006864654999999997,2.3,1.6000000000000003,0.6999999999999997,0.6999999999999997,0.2557931823730469,9.478424072265623,15087,35,3,4,10777.0,10750.0,27.0,0.25116279069767444,10775.666666666666,25.666666666666668,0.23875968992248064
106.65001501818188,returning,True,0.022555295,0.015690640000000002,0.006864654999999997,0.006864654999999997,2.3,1.6000000000000003,0.6999999999999997,0.6999999999999997,0.25595913696289063,9.31246948242187,15095,35,3,4,10769.0,10750.0,19.0,0.17674418604651163,10769.666666666666,19.666666666666668,0.18294573643410852
106.70132071315311,returning,True,0.022555295,0.015690640000000002,0.006864654999999997,0.006864654999999997,2.3,1.6000000000000003,0.6999999999999997,0.6999999999999997,0.25597657775878907,9.295028686523432,15102,35,3,4,10767.0,10750.0,17.0,0.15813953488372093,10769.333333333334,19.333333333333332,0.17984496124031005
106.74939562007785,returning,True,0.022555295,0.015690640000000002,0.006864654999999997,0.006864654999999997,2.3,1.6000000000000003,0.6999999999999997,0.6999999999999997,0.25597657775878907,9.295028686523432,15107,35,3,4,10775.0,10750.0,25.0,0.23255813953488372,10771.333333333334,21.333333333333332,0.19844961240310077
106.79949209699407,returning,True,0.022555295,0.015690640000000002,0.006864654999999997,0.006864654999999997,2.3,1.6000000000000003,0.6999999999999997,0.6999999999999997,0.2559938659667969,9.277740478515595,15113,35,3,4,10766.0,10750.0,16.0,0.14883720930232558,10770.0,20.0,0.18604651162790697
106.8655591851566,returning,True,0.022555295,0.015690640000000002,0.006864654999999997,0.006864654999999997,2.3,1.6000000000000003,0.6999999999999997,0.6999999999999997,0.2559938659667969,9.277740478515595,15120,35,3,4,10771.0,10750.0,21.0,0.19534883720930232,10772.333333333334,22.333333333333332,0.20775193798449612
106.89915940514766,returning,True,0.022555295,0.015690640000000002,0.006864654999999997,0.006864654999999997,2.3,1.6000000000000003,0.6999999999999997,0.6999999999999997,0.25601428222656253,9.257324218749973,15123,35,3,4,10775.0,10750.0,25.0,0.23255813953488372,10772.333333333334,22.333333333333332,0.20775193798449612
106.95046252920292,returning,True,0.022555295,0.015690640000000002,0.006864654999999997,0.006864654999999997,2.3,1.6000000000000003,0.6999999999999997,0.6999999999999997,0.25601428222656253,9.257324218749973,15130,35,3,4,10764.0,10750.0,14.0,0.13023255813953488,10766.0,16.0,0.14883720930232558
106.99956407421269,returning,True,0.022555295,0.015690640000000002,0.006864654999999997,0.006864654999999997,2.3,1.6000000000000003,0.6999999999999997,0.6999999999999997,0.25603997802734374,9.231628417968762,15136,35,3,4,10771.0,10750.0,21.0,0.19534883720930232,10770.0,20.0,0.18604651162790697
107.06503292708658,returning,True,0.022555295,0.015690640000000002,0.006864654999999997,0.006864654999999997,2.3,1.6000000000000003,0.6999999999999997,0.6999999999999997,0.25609875488281253,9.172851562499973,15141,35,3,4,10767.0,10750.0,17.0,0.15813953488372093,10768.333333333334,18.333333333333332,0.17054263565891473
107.11499129608274,returning,True,0.022555295,0.015690640000000002,0.006864654999999997,0.006864654999999997,2.3,1.6000000000000003,0.6999999999999997,0.6999999999999997,0.25609875488281253,9.172851562499973,15146,35,3,4,10782.0,10750.0,32.0,0.29767441860465116,10780.0,30.0,0.27906976744186046
107.13983873301186,returning,True,0.022555295,0.015690640000000002,0.006864654999999997,0.006864654999999997,2.3,1.6000000000000003,0.6999999999999997,0.6999999999999997,0.25623291015625,9.038696289062509,15153,35,3,4,10776.0,10750.0,26.0,0.24186046511627907,10777.333333333334,27.333333333333332,0.25426356589147286
107.19011627417058,returning,True,0.022555295,0.015690640000000002,0.006864654999999997,0.006864654999999997,2.3,1.6000000000000003,0.6999999999999997,0.6999999999999997,0.25623291015625,9.038696289062509,15162,35,3,4,10773.0,10750.0,23.0,0.21395348837209302,10773.333333333334,23.333333333333332,0.2170542635658915
107.24827788420953,returning,True,0.022555295,0.015690640000000002,0.006864654999999997,0.006864654999999997,2.3,1.6000000000000003,0.6999999999999997,0.6999999999999997,0.2562721252441406,8.99948120117189,15171,35,3,4,10772.0,10750.0,22.0,0.20465116279069767,10772.0,22.0,0.20465116279069764
107.29962034500204,returning,True,0.022555295,0.015690640000000002,0.006864654999999997,0.006864654999999997,2.3,1.6000000000000003,0.6999999999999997,0.6999999999999997,0.25627798461914064,8.99362182617186,15177,35,3,4,10775.0,10750.0,25.0,0.23255813953488372,10775.666666666666,25.666666666666668,0.23875968992248062
107.35223666019738,returning,True,0.022555295,0.015690640000000002,0.006864654999999997,0.006864654999999997,2.3,1.6000000000000003,0.6999999999999997,0.6999999999999997,0.25627798461914064,8.99362182617186,15185,35,3,4,10772.0,10750.0,22.0,0.20465116279069767,10771.0,21.0,0.19534883720930232
107.39944925508462,returning,True,0.022555295,0.015690640000000002,0.006864654999999997,0.006864654999999997,2.3,1.6000000000000003,0.6999999999999997,0.6999999999999997,0.256275634765625,8.99597167968752,15190,35,3,4,10771.0,10750.0,21.0,0.19534883720930232,10773.0,23.0,0.21395348837209302
107.46697754203342,returning,True,0.022555295,0.015690640000000002,0.006864654999999997,0.006864654999999997,2.3,1.6000000000000003,0.6999999999999997,0.6999999999999997,0.2562793884277344,8.992218017578102,15195,35,3,4,10768.0,10750.0,18.0,0.16744186046511628,10768.0,18.0,0.1674418604651163
107.50116702821106,returning,True,0.022555295,0.015690640000000002,0.006864654999999997,0.006864654999999997,2.3,1.6000000000000003,0.6999999999999997,0.6999999999999997,0.2562793884277344,8.992218017578102,15200,35,3,4,10770.0,10750.0,20.0,0.18604651162790697,10772.666666666666,22.666666666666668,0.21085271317829457
107.54986988916062,returning,True,0.022555295,0.015690640000000002,0.006864654999999997,0.006864654999999997,2.3,1.6000000000000003,0.6999999999999997,0.6999999999999997,0.2562919311523438,8.979675292968725,15207,35,3,4,10776.0,10750.0,26.0,0.24186046511627907,10775.333333333334,25.333333333333332,0.23565891472868217
107.59936274308711,returning,True,0.022555295,0.015690640000000002,0.006864654999999997,0.006864654999999997,2.3,1.6000000000000003,0.6999999999999997,0.6999999999999997,0.2562919311523438,8.979675292968725,15212,35,3,4,10774.0,10750.0,24.0,0.22325581395348837,10774.333333333334,24.333333333333332,0.22635658914728682
107.66625292901881,returning,True,0.022555295,0.015690640000000002,0.006864654999999997,0.006864654999999997,2.3,1.6000000000000003,0.6999999999999997,0.6999999999999997,0.2563085327148438,8.963073730468729,15218,35,3,4,10772.0,10750.0,22.0,0.20465116279069767,10772.666666666666,22.666666666666668,0.21085271317829457
107.71486376808025,returning,True,0.022555295,0.015690640000000002,0.006864654999999997,0.006864654999999997,2.3,1.6000000000000003,0.6999999999999997,0.6999999999999997,0.25632781982421876,8.943786621093741,15222,35,3,4,10780.0,10750.0,30.0,0.27906976744186046,10777.666666666666,27.666666666666668,0.2573643410852713
107.75187351810746,returning,True,0.022555295,0.015690640000000002,0.006864654999999997,0.006864654999999997,2.3,1.6000000000000003,0.6999999999999997,0.6999999999999997,0.25632781982421876,8.943786621093741,15228,35,3,4,10776.0,10750.0,26.0,0.24186046511627907,10776.0,26.0,0.2418604651162791
107.79968804121017,returning,True,0.022555295,0.015690640000000002,0.006864654999999997,0.006864654999999997,2.3,1.6000000000000003,0.6999999999999997,0.6999999999999997,0.2564854736328125,8.786132812500014,15234,35,3,4,10768.0,10750.0,18.0,0.16744186046511628,10768.333333333334,18.333333333333332,0.17054263565891473
107.8654367881827,returning,True,0.022555295,0.015690640000000002,0.006864654999999997,0.006864654999999997,2.3,1.6000000000000003,0.6999999999999997,0.6999999999999997,0.2565313415527344,8.74026489257812,15239,35,3,4,10783.0,10750.0,33.0,0.30697674418604654,10777.0,27.0,0.2511627906976744
107.89888912113383,returning,True,0.022555295,0.015690640000000002,0.006864654999999997,0.006864654999999997,2.3,1.6000000000000003,0.6999999999999997,0.6999999999999997,0.2565313415527344,8.74026489257812,15244,35,3,4,10769.0,10750.0,19.0,0.17674418604651163,10769.0,19.0,0.17674418604651163
107.95370350801386,returning,True,0.022555295,0.015690640000000002,0.006864654999999997,0.006864654999999997,2.3,1.6000000000000003,0.6999999999999997,0.6999999999999997,0.2565589904785156,8.7126159667969,15249,35,3,4,10773.0,10750.0,23.0,0.21395348837209302,10772.666666666666,22.666666666666668,0.21085271317829457
107.99826852208935,returning,True,0.022555295,0.015690640000000002,0.006864654999999997,0.006864654999999997,2.3,1.6000000000000003,0.6999999999999997,0.6999999999999997,0.2565589904785156,8.7126159667969,15257,35,3,4,10773.0,10750.0,23.0,0.21395348837209302,10777.0,27.0,0.25116279069767444
108.06482602516189,returning,True,0.022555295,0.015690640000000002,0.006864654999999997,0.006864654999999997,2.3,1.6000000000000003,0.6999999999999997,0.6999999999999997,0.256608154296875,8.6634521484375,15265,35,3,4,10776.0,10750.0,26.0,0.24186046511627907,10775.333333333334,25.333333333333332,0.23565891472868217
108.09833586309105,returning,True,0.022555295,0.015690640000000002,0.006864654999999997,0.006864654999999997,2.3,1.6000000000000003,0.6999999999999997,0.6999999999999997,0.256608154296875,8.6634521484375,15269,35,3,4,10774.0,10750.0,24.0,0.22325581395348837,10775.666666666666,25.666666666666668,0.23875968992248064
108.14060161914676,returning,True,0.022555295,0.015690640000000002,0.006864654999999997,0.006864654999999997,2.3,1.6000000000000003,0.6999999999999997,0.6999999999999997,0.25669989013671873,8.571716308593768,15278,35,3,4,10767.0,10750.0,17.0,0.15813953488372093,10767.0,17.0,0.15813953488372093
108.18964748713188,returning,True,0.022555295,0.015690640000000002,0.006864654999999997,0.006864654999999997,2.3,1.6000000000000003,0.6999999999999997,0.6999999999999997,0.25684967041015627,8.42193603515623,15287,35,3,4,10773.0,10750.0,23.0,0.21395348837209302,10773.0,23.0,0.21395348837209302
108.24833702598698,returning,True,0.022555295,0.015690640000000002,0.006864654999999997,0.006864654999999997,2.3,1.6000000000000003,0.6999999999999997,0.6999999999999997,0.2569425964355469,8.329010009765604,15297,35,3,4,10765.0,10750.0,15.0,0.13953488372093023,10774.333333333334,24.333333333333332,0.22635658914728685
108.29900592798367,returning,True,0.022555295,0.015690640000000002,0.006864654999999997,0.006864654999999997,2.3,1.6000000000000003,0.6999999999999997,0.6999999999999997,0.25704269409179686,8.22891235351564,15303,35,3,4,10768.0,10750.0,18.0,0.16744186046511628,10768.0,18.0,0.1674418604651163
108.34981210599653,returning,True,0.022555295,0.015690640000000002,0.006864654999999997,0.006864654999999997,2.3,1.6000000000000003,0.6999999999999997,0.6999999999999997,0.25704269409179686,8.22891235351564,15309,35,3,4,10766.0,10750.0,16.0,0.14883720930232558,10771.333333333334,21.333333333333332,0.19844961240310077
108.39891741215251,returning,True,0.022555295,0.015690640000000002,0.006864654999999997,0.006864654999999997,2.3,1.6000000000000003,0.6999999999999997,0.6999999999999997,0.25710305786132814,8.168548583984359,15314,35,3,4,10774.0,10750.0,24.0,0.22325581395348837,10771.333333333334,21.333333333333332,0.19844961240310077
108.46533431019634,returning,True,0.022555295,0.015690640000000002,0.006864654999999997,0.006864654999999997,2.3,1.6000000000000003,0.6999999999999997,0.6999999999999997,0.25712445068359374,8.14715576171876,15320,35,3,4,10771.0,10750.0,21.0,0.19534883720930232,10773.333333333334,23.333333333333332,0.21705426356589144
108.49902510619722,returning,True,0.022555295,0.015690640000000002,0.006864654999999997,0.006864654999999997,2.3,1.6000000000000003,0.6999999999999997,0.6999999999999997,0.25712445068359374,8.14715576171876,15326,35,3,4,10768.0,10750.0,18.0,0.16744186046511628,10767.333333333334,17.333333333333332,0.16124031007751938
108.5489562721923,returning,True,0.022555295,0.015690640000000002,0.006864654999999997,0.006864654999999997,2.3,1.6000000000000003,0.6999999999999997,0.6999999999999997,0.2571427917480469,8.128814697265618,15333,35,3,4,10770.0,10750.0,20.0,0.18604651162790697,10770.666666666666,20.666666666666668,0.1922480620155039
108.59843973605894,returning,True,0.022555295,0.015690640000000002,0.006864654999999997,0.006864654999999997,2.3,1.6000000000000003,0.6999999999999997,0.6999999999999997,0.2571427917480469,8.128814697265618,15338,35,3,4,10769.0,10750.0,19.0,0.17674418604651163,10769.0,19.0,0.17674418604651163
108.66540267504752,returning,True,0.022555295,0.015690640000000002,0.006864654999999997,0.006864654999999997,2.3,1.6000000000000003,0.6999999999999997,0.6999999999999997,0.2571641845703125,8.107421875000021,15345,35,3,4,10770.0,10750.0,20.0,0.18604651162790697,10769.666666666666,19.666666666666668,0.18294573643410852
108.71499168802984,returning,True,0.022555295,0.015690640000000002,0.006864654999999997,0.006864654999999997,2.3,1.6000000000000003,0.6999999999999997,0.6999999999999997,0.2571845703125,8.087036132812475,15350,35,3,4,10771.0,10750.0,21.0,0.19534883720930232,10770.666666666666,20.666666666666668,0.19224806201550385
108.74805962503888,returning,True,0.022555295,0.015690640000000002,0.006864654999999997,0.006864654999999997,2.3,1.6000000000000003,0.6999999999999997,0.6999999999999997,0.2571845703125,8.087036132812475,15357,35,3,4,10767.0,10750.0,17.0,0.15813953488372093,10767.0,17.0,0.15813953488372093
108.7898968460504,returning,True,0.022555295,0.015690640000000002,0.006864654999999997,0.006864654999999997,2.3,1.6000000000000003,0.6999999999999997,0.6999999999999997,0.25719525146484373,8.07635498046877,15366,35,3,4,10769.0,10750.0,19.0,0.17674418604651163,10770.333333333334,20.333333333333332,0.18914728682170542
108.8482946860604,returning,True,0.022555295,0.015690640000000002,0.006864654999999997,0.006864654999999997,2.3,1.6000000000000003,0.6999999999999997,0.6999999999999997,0.25720346069335936,8.068145751953137,15375,35,3,4,10771.0,10750.0,21.0,0.19534883720930232,10766.333333333334,16.333333333333332,0.15193798449612403
108.90285601420328,returning,True,0.022555295,0.015690640000000002,0.006864654999999997,0.006864654999999997,2.3,1.6000000000000003,0.6999999999999997,0.6999999999999997,0.25720346069335936,8.068145751953137,15381,35,3,4,10772.0,10750.0,22.0,0.20465116279069767,10772.0,22.0,0.20465116279069764
108.94990592519753,returning,True,0.022555295,0.015690640000000002,0.006864654999999997,0.006864654999999997,2.3,1.6000000000000003,0.6999999999999997,0.6999999999999997,0.25721746826171876,8.05413818359374,15387,35,3,4,10765.0,10750.0,15.0,0.13953488372093023,10769.666666666666,19.666666666666668,0.18294573643410852
109.00056418008171,returning,True,0.022555295,0.015690640000000002,0.006864654999999997,0.006864654999999997,2.3,1.6000000000000003,0.6999999999999997,0.6999999999999997,0.25721746826171876,8.05413818359374,15394,35,3,4,10777.0,10750.0,27.0,0.25116279069767444,10777.0,27.0,0.25116279069767444
109.06659713806584,returning,True,0.022555295,0.015690640000000002,0.006864654999999997,0.006864654999999997,2.3,1.6000000000000003,0.6999999999999997,0.6999999999999997,0.257228515625,8.043090820312514,15399,35,3,4,10774.0,10750.0,24.0,0.22325581395348837,10774.333333333334,24.333333333333332,0.22635658914728682
109.09963898221031,returning,True,0.022555295,0.015690640000000002,0.006864654999999997,0.006864654999999997,2.3,1.6000000000000003,0.6999999999999997,0.6999999999999997,0.2572572937011719,8.014312744140605,15405,35,3,4,10767.0,10750.0,17.0,0.15813953488372093,10767.0,17.0,0.15813953488372093
109.14814763818868,returning,True,0.022555295,0.015690640000000002,0.006864654999999997,0.006864654999999997,2.3,1.6000000000000003,0.6999999999999997,0.6999999999999997,0.2572572937011719,8.014312744140605,15410,35,3,4,10768.0,10750.0,18.0,0.16744186046511628,10768.0,18.0,0.1674418604651163
109.19904518709518,returning,True,0.022555295,0.015690640000000002,0.006864654999999997,0.006864654999999997,2.3,1.6000000000000003,0.6999999999999997,0.6999999999999997,0.25741815185546874,7.853454589843767,15418,35,3,4,10774.0,10750.0,24.0,0.22325581395348837,10770.666666666666,20.666666666666668,0.1922480620155039
109.26815758715384,returning,True,0.022555295,0.015690640000000002,0.006864654999999997,0.006864654999999997,2.3,1.6000000000000003,0.6999999999999997,0.6999999999999997,0.2575257263183594,7.7458801269530975,15425,35,3,4,10772.0,10750.0,22.0,0.20465116279069767,10772.0,22.0,0.20465116279069764
109.3148386720568,returning,True,0.022555295,0.015690640000000002,0.006864654999999997,0.006864654999999997,2.3,1.6000000000000003,0.6999999999999997,0.6999999999999997,0.2575257263183594,7.7458801269530975,15432,35,3,4,10774.0,10750.0,24.0,0.22325581395348837,10774.0,24.0,0.22325581395348837
109.35349091002718,returning,True,0.022555295,0.015690640000000002,0.006864654999999997,0.006864654999999997,2.3,1.6000000000000003,0.6999999999999997,0.6999999999999997,0.2577297058105469,7.54190063476562,15439,35,3,4,10776.0,10750.0,26.0,0.24186046511627907,10776.0,26.0,0.2418604651162791
109.40217369515449,returning,True,0.022555295,0.015690640000000002,0.006864654999999997,0.006864654999999997,2.3,1.6000000000000003,0.6999999999999997,0.6999999999999997,0.2577297058105469,7.54190063476562,15443,35,3,4,10774.0,10750.0,24.0,0.22325581395348837,10774.0,24.0,0.22325581395348837
109.46520827407949,returning,True,0.022555295,0.015690640000000002,0.006864654999999997,0.006864654999999997,2.3,1.6000000000000003,0.6999999999999997,0.6999999999999997,0.2579590148925781,7.312591552734393,15450,35,3,4,10772.0,10750.0,22.0,0.20465116279069767,10772.0,22.0,0.20465116279069764
109.49960122001357,returning,True,0.022555295,0.015690640000000002,0.006864654999999997,0.006864654999999997,2.3,1.6000000000000003,0.6999999999999997,0.6999999999999997,0.2579590148925781,7.312591552734393,15456,35,3,4,10779.0,10750.0,29.0,0.26976744186046514,10771.666666666666,21.666666666666668,0.20155038759689922
109.54825348220766,returning,True,0.022555295,0.015690640000000002,0.006864654999999997,0.006864654999999997,2.3,1.6000000000000003,0.6999999999999997,0.6999999999999997,0.25803192138671877,7.239685058593737,15462,35,3,4,10773.0,10750.0,23.0,0.21395348837209302,10773.666666666666,23.666666666666668,0.22015503875968992
109.59911306318827,returning,True,0.022555295,0.015690640000000002,0.006864654999999997,0.006864654999999997,2.3,1.6000000000000003,0.6999999999999997,0.6999999999999997,0.2580454406738281,7.226165771484383,15469,35,3,4,10776.0,10750.0,26.0,0.24186046511627907,10776.0,26.0,0.2418604651162791
109.66533036809415,returning,True,0.022555295,0.015690640000000002,0.006864654999999997,0.006864654999999997,2.3,1.6000000000000003,0.6999999999999997,0.6999999999999997,0.2580454406738281,7.226165771484383,15474,35,3,4,10767.0,10750.0,17.0,0.15813953488372093,10769.666666666666,19.666666666666668,0.18294573643410852
109.7148583510425,returning,True,0.022555295,0.015690640000000002,0.006864654999999997,0.006864654999999997,2.3,1.6000000000000003,0.6999999999999997,0.6999999999999997,0.2580511474609375,7.220458984375011,15479,35,3,4,10774.0,10750.0,24.0,0.22325581395348837,10776.0,26.0,0.2418604651162791
109.76537667005323,returning,True,0.022555295,0.015690640000000002,0.006864654999999997,0.006864654999999997,2.3,1.6000000000000003,0.6999999999999997,0.6999999999999997,0.25805569458007815,7.215911865234348,15484,35,3,4,10770.0,10750.0,20.0,0.18604651162790697,10770.0,20.0,0.18604651162790697
109.81476880400442,returning,True,0.022555295,0.015690640000000002,0.006864654999999997,0.006864654999999997,2.3,1.6000000000000003,0.6999999999999997,0.6999999999999997,0.25805569458007815,7.215911865234348,15490,35,3,4,10769.0,10750.0,19.0,0.17674418604651163,10774.333333333334,24.333333333333332,0.22635658914728685
109.86540860706009,returning,True,0.022555295,0.015690640000000002,0.006864654999999997,0.006864654999999997,2.3,1.6000000000000003,0.6999999999999997,0.6999999999999997,0.2580567626953125,7.214843749999977,15496,35,3,4,10774.0,10750.0,24.0,0.22325581395348837,10774.0,24.0,0.22325581395348837
109.89918280299753,returning,True,0.022555295,0.015690640000000002,0.006864654999999997,0.006864654999999997,2.3,1.6000000000000003,0.6999999999999997,0.6999999999999997,0.2580567626953125,7.214843749999977,15501,35,3,4,10779.0,10750.0,29.0,0.26976744186046514,10779.666666666666,29.666666666666668,0.275968992248062
109.94949536304921,returning,True,0.022555295,0.015690640000000002,0.006864654999999997,0.006864654999999997,2.3,1.6000000000000003,0.6999999999999997,0.6999999999999997,0.25805462646484373,7.216979980468774,15507,35,3,4,10770.0,10750.0,20.0,0.18604651162790697,10772.666666666666,22.666666666666668,0.21085271317829457
109.99915218120441,returning,True,0.022555295,0.015690640000000002,0.006864654999999997,0.006864654999999997,2.3,1.6000000000000003,0.6999999999999997,0.6999999999999997,0.25805462646484373,7.216979980468774,15514,35,3,4,10773.0,10750.0,23.0,0.21395348837209302,10771.0,21.0,0.19534883720930232
110.06678284308873,returning,True,0.022555295,0.015690640000000002,0.006864654999999997,0.006864654999999997,2.3,1.6000000000000003,0.6999999999999997,0.6999999999999997,0.25805718994140625,7.214416503906252,15519,35,3,4,10773.0,10750.0,23.0,0.21395348837209302,10773.0,23.0,0.21395348837209302
110.09913478605449,returning,True,0.022555295,0.015690640000000002,0.006864654999999997,0.006864654999999997,2.3,1.6000000000000003,0.6999999999999997,0.6999999999999997,0.25806024169921876,7.21136474609374,15525,35,3,4,10768.0,10750.0,18.0,0.16744186046511628,10768.0,18.0,0.1674418604651163
110.14854823215865,returning,True,0.022555295,0.015690640000000002,0.006864654999999997,0.006864654999999997,2.3,1.6000000000000003,0.6999999999999997,0.6999999999999997,0.25806024169921876,7.21136474609374,15532,35,3,4,10774.0,10750.0,24.0,0.22325581395348837,10774.0,24.0,0.22325581395348837
110.19837861903943,returning,True,0.022555295,0.015690640000000002,0.006864654999999997,0.006864654999999997,2.3,1.6000000000000003,0.6999999999999997,0.6999999999999997,0.2580730895996094,7.198516845703107,15540,35,3,4,10778.0,10750.0,28.0,0.26046511627906976,10773.333333333334,23.333333333333332,0.2170542635658915
110.24921595002525,returning,True,0.022555295,0.015690640000000002,0.006864654999999997,0.006864654999999997,2.3,1.6000000000000003,0.6999999999999997,0.6999999999999997,0.258080322265625,7.191284179687507,15549,35,3,4,10779.0,10750.0,29.0,0.26976744186046514,10774.333333333334,24.333333333333332,0.22635658914728682
110.29937689518556,returning,True,0.022555295,0.015690640000000002,0.006864654999999997,0.006864654999999997,2.3,1.6000000000000003,0.6999999999999997,0.6999999999999997,0.258080322265625,7.191284179687507,15554,35,3,4,10778.0,10750.0,28.0,0.26046511627906976,10778.0,28.0,0.26046511627906976
110.3510721931234,returning,True,0.022555295,0.015690640000000002,0.006864654999999997,0.006864654999999997,2.3,1.6000000000000003,0.6999999999999997,0.6999999999999997,0.25809979248046877,7.171813964843732,15561,35,3,4,10773.0,10750.0,23.0,0.21395348837209302,10774.333333333334,24.333333333333332,0.22635658914728685
110.39978198613971,returning,True,0.022555295,0.015690640000000002,0.006864654999999997,0.006864654999999997,2.3,1.6000000000000003,0.6999999999999997,0.6999999999999997,0.25809979248046877,7.171813964843732,15568,35,3,4,10774.0,10750.0,24.0,0.22325581395348837,10775.333333333334,25.333333333333332,0.23565891472868217
110.46635550120845,returning,True,0.022555295,0.015690640000000002,0.006864654999999997,0.006864654999999997,2.3,1.6000000000000003,0.6999999999999997,0.6999999999999997,0.25812225341796874,7.149353027343763,15573,35,3,4,10774.0,10750.0,24.0,0.22325581395348837,10774.0,24.0,0.22325581395348837
110.49947841907851,returning,True,0.022555295,0.015690640000000002,0.006864654999999997,0.006864654999999997,2.3,1.6000000000000003,0.6999999999999997,0.6999999999999997,0.25815740966796874,7.114196777343762,15578,35,3,4,10779.0,10750.0,29.0,0.26976744186046514,10778.666666666666,28.666666666666668,0.26666666666666666
110.548411736032,returning,True,0.022555295,0.015690640000000002,0.006864654999999997,0.006864654999999997,2.3,1.6000000000000003,0.6999999999999997,0.6999999999999997,0.25815740966796874,7.114196777343762,15584,35,3,4,10770.0,10750.0,20.0,0.18604651162790697,10770.0,20.0,0.18604651162790697
110.60040327208117,returning,True,0.02157463,0.015690640000000002,0.005883989999999999,0.005883989999999999,2.2,1.6000000000000003,0.5999999999999999,0.5999999999999999,0.25840728759765624,6.864318847656259,15590,35,3,4,10778.0,10750.0,28.0,0.26046511627906976,10778.0,28.0,0.26046511627906976
110.6673775210511,returning,True,0.02157463,0.015690640000000002,0.005883989999999999,0.005883989999999999,2.2,1.6000000000000003,0.5999999999999999,0.5999999999999999,0.25840728759765624,6.864318847656259,15596,35,3,4,10773.0,10750.0,23.0,0.21395348837209302,10776.333333333334,26.333333333333332,0.24496124031007752
110.71491454401985,returning,True,0.02157463,0.015690640000000002,0.005883989999999999,0.005883989999999999,2.2,1.6000000000000003,0.5999999999999999,0.5999999999999999,0.2586202087402344,6.651397705078111,15602,35,3,4,10772.0,10750.0,22.0,0.20465116279069767,10772.0,22.0,0.20465116279069764
110.76533939014189,returning,True,0.02157463,0.015690640000000002,0.005883989999999999,0.005883989999999999,2.2,1.6000000000000003,0.5999999999999999,0.5999999999999999,0.2587836608886719,6.487945556640618,15608,35,3,4,10773.0,10750.0,23.0,0.21395348837209302,10773.0,23.0,0.21395348837209302
110.79848887515254,returning,True,0.02157463,0.015690640000000002,0.005883989999999999,0.005883989999999999,2.2,1.6000000000000003,0.5999999999999999,0.5999999999999999,0.2587836608886719,6.487945556640618,15614,35,3,4,10773.0,10750.0,23.0,0.21395348837209302,10771.0,21.0,0.19534883720930232
110.84825333720073,returning,True,0.02157463,0.015690640000000002,0.005883989999999999,0.005883989999999999,2.2,1.6000000000000003,0.5999999999999999,0.5999999999999999,0.2588515319824219,6.420074462890613,15623,35,3,4,10774.0,10750.0,24.0,0.22325581395348837,10773.666666666666,23.666666666666668,0.22015503875968992
110.89918377110735,returning,True,0.02157463,0.015690640000000002,0.005883989999999999,0.005883989999999999,2.2,1.6000000000000003,0.5999999999999999,0.5999999999999999,0.2588515319824219,6.420074462890613,15628,35,3,4,10773.0,10750.0,23.0,0.21395348837209302,10773.0,23.0,0.21395348837209302
110.95006262208335,returning,True,0.022555295,0.015690640000000002,0.006864654999999997,0.006864654999999997,2.3,1.6000000000000003,0.6999999999999997,0.6999999999999997,0.2588766479492188,6.394958496093728,15634,35,3,4,10776.0,10750.0,26.0,0.24186046511627907,10777.333333333334,27.333333333333332,0.25426356589147286
111.00043231621385,returning,True,0.022555295,0.015690640000000002,0.006864654999999997,0.006864654999999997,2.3,1.6000000000000003,0.6999999999999997,0.6999999999999997,0.2588766479492188,6.394958496093728,15639,35,3,4,10774.0,10750.0,24.0,0.22325581395348837,10775.0,25.0,0.23255813953488372
111.0655063400045,returning,True,0.022555295,0.015690640000000002,0.006864654999999997,0.006864654999999997,2.3,1.6000000000000003,0.6999999999999997,0.6999999999999997,0.2588902587890625,6.3813476562499805,15645,35,3,4,10773.0,10750.0,23.0,0.21395348837209302,10775.333333333334,25.333333333333332,0.23565891472868217
111.09923227014951,returning,True,0.022555295,0.015690640000000002,0.006864654999999997,0.006864654999999997,2.3,1.6000000000000003,0.6999999999999997,0.6999999999999997,0.2588944091796875,6.377197265625023,15651,35,3,4,10775.0,10750.0,25.0,0.23255813953488372,10774.333333333334,24.333333333333332,0.22635658914728682
111.14932747720741,returning,True,0.022555295,0.015690640000000002,0.006864654999999997,0.006864654999999997,2.3,1.6000000000000003,0.6999999999999997,0.6999999999999997,0.2588944091796875,6.377197265625023,15657,35,3,4,10775.0,10750.0,25.0,0.23255813953488372,10775.0,25.0,0.23255813953488372
111.20023966999725,returning,True,0.022555295,0.015690640000000002,0.006864654999999997,0.006864654999999997,2.3,1.6000000000000003,0.6999999999999997,0.6999999999999997,0.2588966369628906,6.374969482421888,15664,35,3,4,10773.0,10750.0,23.0,0.21395348837209302,10772.333333333334,22.333333333333332,0.20775193798449612
111.26542138215154,returning,True,0.022555295,0.015690640000000002,0.006864654999999997,0.006864654999999997,2.3,1.6000000000000003,0.6999999999999997,0.6999999999999997,0.25890557861328123,6.366027832031273,15670,35,3,4,10775.0,10750.0,25.0,0.23255813953488372,10775.0,25.0,0.23255813953488372
111.31484224204905,returning,True,0.022555295,0.015690640000000002,0.006864654999999997,0.006864654999999997,2.3,1.6000000000000003,0.6999999999999997,0.6999999999999997,0.25890557861328123,6.366027832031273,15675,35,3,4,10772.0,10750.0,22.0,0.20465116279069767,10770.666666666666,20.666666666666668,0.1922480620155039
111.3652525912039,returning,True,0.022555295,0.015690640000000002,0.006864654999999997,0.006864654999999997,2.3,1.6000000000000003,0.6999999999999997,0.6999999999999997,0.25891314697265627,6.3584594726562305,15682,35,3,4,10772.0,10750.0,22.0,0.20465116279069767,10777.333333333334,27.333333333333332,0.25426356589147286
111.41522495518439,returning,True,0.022555295,0.015690640000000002,0.006864654999999997,0.006864654999999997,2.3,1.6000000000000003,0.6999999999999997,0.6999999999999997,0.25891314697265627,6.3584594726562305,15687,35,3,4,10775.0,10750.0,25.0,0.23255813953488372,10775.0,25.0,0.23255813953488372
111.4651631701272,returning,True,0.022555295,0.015690640000000002,0.006864654999999997,0.006864654999999997,2.3,1.6000000000000003,0.6999999999999997,0.6999999999999997,0.25891946411132816,6.352142333984345,15693,35,3,4,10767.0,10750.0,17.0,0.15813953488372093,10767.0,17.0,0.15813953488372093
111.49909878801554,returning,True,0.022555295,0.015690640000000002,0.006864654999999997,0.006864654999999997,2.3,1.6000000000000003,0.6999999999999997,0.6999999999999997,0.25891946411132816,6.352142333984345,15699,35,3,4,10772.0,10750.0,22.0,0.20465116279069767,10771.333333333334,21.333333333333332,0.19844961240310077
111.54908815817907,returning,True,0.022555295,0.015690640000000002,0.006864654999999997,0.006864654999999997,2.3,1.6000000000000003,0.6999999999999997,0.6999999999999997,0.25892391967773437,6.347686767578131,15705,35,3,4,10778.0,10750.0,28.0,0.26046511627906976,10778.0,28.0,0.26046511627906976
111.59835443017073,returning,True,0.022555295,0.015690640000000002,0.006864654999999997,0.006864654999999997,2.3,1.6000000000000003,0.6999999999999997,0.6999999999999997,0.258927001953125,6.344604492187489,15710,35,3,4,10775.0,10750.0,25.0,0.23255813953488372,10773.666666666666,23.666666666666668,0.22015503875968992
111.66760830907151,returning,True,0.022555295,0.015690640000000002,0.006864654999999997,0.006864654999999997,2.3,1.6000000000000003,0.6999999999999997,0.6999999999999997,0.258927001953125,6.344604492187489,15716,35,3,4,10777.0,10750.0,27.0,0.25116279069767444,10776.666666666666,26.666666666666668,0.24806201550387597
111.6991772800684,returning,True,0.022555295,0.015690640000000002,0.006864654999999997,0.006864654999999997,2.3,1.6000000000000003,0.6999999999999997,0.6999999999999997,0.25894482421875,6.326782226562521,15721,35,3,4,10773.0,10750.0,23.0,0.21395348837209302,10771.666666666666,21.666666666666668,0.20155038759689922
111.74957065400667,returning,True,0.022555295,0.015690640000000002,0.006864654999999997,0.006864654999999997,2.3,1.6000000000000003,0.6999999999999997,0.6999999999999997,0.25894482421875,6.326782226562521,15727,35,3,4,10779.0,10750.0,29.0,0.26976744186046514,10777.0,27.0,0.2511627906976744
111.78991242707707,returning,True,0.022555295,0.015690640000000002,0.006864654999999997,0.006864654999999997,2.3,1.6000000000000003,0.6999999999999997,0.6999999999999997,0.258990234375,6.281372070312486,15734,35,3,4,10773.0,10750.0,23.0,0.21395348837209302,10773.0,23.0,0.21395348837209302
111.8481627299916,returning,True,0.02157463,0.015690640000000002,0.005883989999999999,0.005883989999999999,2.2,1.6000000000000003,0.5999999999999999,0.5999999999999999,0.2590693054199219,6.2023010253906,15743,35,3,4,10774.0,10750.0,24.0,0.22325581395348837,10774.0,24.0,0.22325581395348837
111.90166207402945,returning,True,0.02157463,0.015690640000000002,0.005883989999999999,0.005883989999999999,2.2,1.6000000000000003,0.5999999999999999,0.5999999999999999,0.2590693054199219,6.2023010253906,15748,35,3,4,10778.0,10750.0,28.0,0.26046511627906976,10776.333333333334,26.333333333333332,0.24496124031007752
111.95229870919138,returning,True,0.02157463,0.015690640000000002,0.005883989999999999,0.005883989999999999,2.2,1.6000000000000003,0.5999999999999999,0.5999999999999999,0.25924114990234376,6.030456542968743,15754,35,3,4,10778.0,10750.0,28.0,0.26046511627906976,10772.0,22.0,0.20465116279069764
111.99958569603041,returning,True,0.02157463,0.015690640000000002,0.005883989999999999,0.005883989999999999,2.2,1.6000000000000003,0.5999999999999999,0.5999999999999999,0.2592774353027344,5.994171142578109,15759,35,3,4,10773.0,10750.0,23.0,0.21395348837209302,10773.0,23.0,0.21395348837209302
112.04849984613247,returning,True,0.02157463,0.015690640000000002,0.005883989999999999,0.005883989999999999,2.2,1.6000000000000003,0.5999999999999999,0.5999999999999999,0.2592774353027344,5.994171142578109,15766,35,3,4,10769.0,10750.0,19.0,0.17674418604651163,10768.666666666666,18.666666666666668,0.17364341085271318
112.10180734517053,returning,True,0.02157463,0.015690640000000002,0.005883989999999999,0.005883989999999999,2.2,1.6000000000000003,0.5999999999999999,0.5999999999999999,0.25943081665039064,5.8407897949218635,15771,35,3,4,10763.0,10750.0,13.0,0.12093023255813953,10769.666666666666,19.666666666666668,0.18294573643410852
112.15278151701204,returning,True,0.02157463,0.015690640000000002,0.005883989999999999,0.005883989999999999,2.2,1.6000000000000003,0.5999999999999999,0.5999999999999999,0.25943081665039064,5.8407897949218635,15776,35,3,4,10765.0,10750.0,15.0,0.13953488372093023,10768.0,18.0,0.1674418604651163
112.19894597912207,returning,True,0.02157463,0.015690640000000002,0.005883989999999999,0.005883989999999999,2.2,1.6000000000000003,0.5999999999999999,0.5999999999999999,0.2594383544921875,5.833251953125007,15782,35,3,4,10772.0,10750.0,22.0,0.20465116279069767,10772.0,22.0,0.20465116279069764
112.26564335706644,returning,True,0.02157463,0.015690640000000002,0.005883989999999999,0.005883989999999999,2.2,1.6000000000000003,0.5999999999999999,0.5999999999999999,0.25943942260742187,5.8321838378906365,15787,35,3,4,10770.0,10750.0,20.0,0.18604651162790697,10770.0,20.0,0.18604651162790697
112.29950912599452,returning,True,0.02157463,0.015690640000000002,0.005883989999999999,0.005883989999999999,2.2,1.6000000000000003,0.5999999999999999,0.5999999999999999,0.25943942260742187,5.8321838378906365,15791,35,3,4,10772.0,10750.0,22.0,0.20465116279069767,10772.666666666666,22.666666666666668,0.21085271317829457
112.35061923321337,returning,True,0.02157463,0.015690640000000002,0.005883989999999999,0.005883989999999999,2.2,1.6000000000000003,0.5999999999999999,0.5999999999999999,0.259446044921875,5.825561523437495,15799,35,3,4,10772.0,10750.0,22.0,0.20465116279069767,10772.0,22.0,0.20465116279069764
112.39837506506592,returning,True,0.02157463,0.015690640000000002,0.005883989999999999,0.005883989999999999,2.2,1.6000000000000003,0.5999999999999999,0.5999999999999999,0.2594532165527344,5.818389892578102,15806,35,3,4,10773.0,10750.0,23.0,0.21395348837209302,10773.0,23.0,0.21395348837209302
112.44851339515299,returning,True,0.02157463,0.015690640000000002,0.005883989999999999,0.005883989999999999,2.2,1.6000000000000003,0.5999999999999999,0.5999999999999999,0.2594532165527344,5.818389892578102,15815,35,3,4,10771.0,10750.0,21.0,0.19534883720930232,10771.0,21.0,0.19534883720930232
112.50127504509874,returning,True,0.02157463,0.015690640000000002,0.005883989999999999,0.005883989999999999,2.2,1.6000000000000003,0.5999999999999999,0.5999999999999999,0.25946090698242186,5.8106994628906445,15821,35,3,4,10770.0,10750.0,20.0,0.18604651162790697,10772.666666666666,22.666666666666668,0.21085271317829457
112.55336947203614,returning,True,0.02157463,0.015690640000000002,0.005883989999999999,0.005883989999999999,2.2,1.6000000000000003,0.5999999999999999,0.5999999999999999,0.2594703369140625,5.801269531249986,15826,35,3,4,10774.0,10750.0,24.0,0.22325581395348837,10775.333333333334,25.333333333333332,0.23565891472868217
112.59932892210782,returning,True,0.02157463,0.015690640000000002,0.005883989999999999,0.005883989999999999,2.2,1.6000000000000003,0.5999999999999999,0.5999999999999999,0.2594703369140625,5.801269531249986,15832,35,3,4,10776.0,10750.0,26.0,0.24186046511627907,10770.0,20.0,0.18604651162790697
112.66750885010697,returning,True,0.02157463,0.015690640000000002,0.005883989999999999,0.005883989999999999,2.2,1.6000000000000003,0.5999999999999999,0.5999999999999999,0.25948281860351563,5.7887878417968714,15838,35,3,4,10777.0,10750.0,27.0,0.25116279069767444,10773.0,23.0,0.21395348837209305
112.70019282703288,returning,True,0.02157463,0.015690640000000002,0.005883989999999999,0.005883989999999999,2.2,1.6000000000000003,0.5999999999999999,0.5999999999999999,0.25948281860351563,5.7887878417968714,15844,35,3,4,10773.0,10750.0,23.0,0.21395348837209302,10773.666666666666,23.666666666666668,0.22015503875968992
112.74820603406988,returning,True,0.02157463,0.015690640000000002,0.005883989999999999,0.005883989999999999,2.2,1.6000000000000003,0.5999999999999999,0.5999999999999999,0.2595673828125,5.704223632812477,15850,35,3,4,10775.0,10750.0,25.0,0.23255813953488372,10773.333333333334,23.333333333333332,0.21705426356589144
112.79861704213545,returning,True,0.02157463,0.015690640000000002,0.005883989999999999,0.005883989999999999,2.2,1.6000000000000003,0.5999999999999999,0.5999999999999999,0.25976498413085936,5.506622314453146,15856,35,3,4,10771.0,10750.0,21.0,0.19534883720930232,10771.0,21.0,0.19534883720930232
112.86833944404498,returning,True,0.02157463,0.015690640000000002,0.005883989999999999,0.005883989999999999,2.2,1.6000000000000003,0.5999999999999999,0.5999999999999999,0.25976498413085936,5.506622314453146,15864,35,3,4,10768.0,10750.0,18.0,0.16744186046511628,10768.333333333334,18.333333333333332,0.17054263565891473
112.89892136119306,returning,True,0.02157463,0.015690640000000002,0.005883989999999999,0.005883989999999999,2.2,1.6000000000000003,0.5999999999999999,0.5999999999999999,0.2598344116210938,5.437194824218727,15869,35,3,4,10776.0,10750.0,26.0,0.24186046511627907,10774.666666666666,24.666666666666668,0.22945736434108524
112.9409337840043,returning,True,0.02157463,0.015690640000000002,0.005883989999999999,0.005883989999999999,2.2,1.6000000000000003,0.5999999999999999,0.5999999999999999,0.2598344116210938,5.437194824218727,15877,35,3,4,10771.0,10750.0,21.0,0.19534883720930232,10771.0,21.0,0.19534883720930232
112.99059054604732,returning,True,0.02157463,0.015690640000000002,0.005883989999999999,0.005883989999999999,2.2,1.6000000000000003,0.5999999999999999,0.5999999999999999,0.2598681335449219,5.403472900390616,15885,35,3,4,10773.0,10750.0,23.0,0.21395348837209302,10773.0,23.0,0.21395348837209302
113.0483444230631,returning,True,0.02157463,0.015690640000000002,0.005883989999999999,0.005883989999999999,2.2,1.6000000000000003,0.5999999999999999,0.5999999999999999,0.2599041748046875,5.367431640624975,15895,35,3,4,10770.0,10750.0,20.0,0.18604651162790697,10772.0,22.0,0.20465116279069764
113.09054817515425,returning,True,0.02157463,0.015690640000000002,0.005883989999999999,0.005883989999999999,2.2,1.6000000000000003,0.5999999999999999,0.5999999999999999,0.2599626159667969,5.308990478515629,15902,35,3,4,10767.0,10750.0,17.0,0.15813953488372093,10769.666666666666,19.666666666666668,0.18294573643410852
113.14056233502924,returning,True,0.02157463,0.015690640000000002,0.005883989999999999,0.005883989999999999,2.2,1.6000000000000003,0.5999999999999999,0.5999999999999999,0.2599626159667969,5.308990478515629,15912,35,3,4,10774.0,10750.0,24.0,0.22325581395348837,10772.0,22.0,0.20465116279069764
113.19035074720159,returning,True,0.02157463,0.015690640000000002,0.005883989999999999,0.005883989999999999,2.2,1.6000000000000003,0.5999999999999999,0.5999999999999999,0.26000637817382816,5.265228271484346,15922,35,3,4,10774.0,10750.0,24.0,0.22325581395348837,10774.0,24.0,0.22325581395348837
113.24859846406616,returning,True,0.02157463,0.015690640000000002,0.005883989999999999,0.005883989999999999,2.2,1.6000000000000003,0.5999999999999999,0.5999999999999999,0.2601423645019531,5.129241943359397,15932,35,3,4,10768.0,10750.0,18.0,0.16744186046511628,10768.0,18.0,0.1674418604651163
113.29900326300412,returning,True,0.02157463,0.015690640000000002,0.005883989999999999,0.005883989999999999,2.2,1.6000000000000003,0.5999999999999999,0.5999999999999999,0.2601423645019531,5.129241943359397,15938,35,3,4,10771.0,10750.0,21.0,0.19534883720930232,10770.666666666666,20.666666666666668,0.19224806201550385
113.34927827608772,returning,True,0.02157463,0.015690640000000002,0.005883989999999999,0.005883989999999999,2.2,1.6000000000000003,0.5999999999999999,0.5999999999999999,0.26016586303710937,5.105743408203134,15944,35,3,4,10768.0,10750.0,18.0,0.16744186046511628,10767.0,17.0,0.15813953488372093
113.39839831017889,returning,True,0.02157463,0.015690640000000002,0.005883989999999999,0.005883989999999999,2.2,1.6000000000000003,0.5999999999999999,0.5999999999999999,0.26016586303710937,5.105743408203134,15949,35,3,4,10769.0,10750.0,19.0,0.17674418604651163,10769.0,19.0,0.17674418604651163
113.46504130004905,returning,True,0.02157463,0.015690640000000002,0.005883989999999999,0.005883989999999999,2.2,1.6000000000000003,0.5999999999999999,0.5999999999999999,0.2601824951171875,5.089111328125007,15954,35,3,4,10766.0,10750.0,16.0,0.14883720930232558,10769.333333333334,19.333333333333332,0.17984496124031005
113.49834802816622,returning,True,0.02157463,0.015690640000000002,0.005883989999999999,0.005883989999999999,2.2,1.6000000000000003,0.5999999999999999,0.5999999999999999,0.26019635009765624,5.075256347656265,15958,35,3,4,10772.0,10750.0,22.0,0.20465116279069767,10770.0,20.0,0.18604651162790697
113.5484670130536,returning,True,0.02157463,0.015690640000000002,0.005883989999999999,0.005883989999999999,2.2,1.6000000000000003,0.5999999999999999,0.5999999999999999,0.26019635009765624,5.075256347656265,15964,35,3,4,10766.0,10750.0,16.0,0.14883720930232558,10767.333333333334,17.333333333333332,0.16124031007751938
113.5997671270743,returning,True,0.02157463,0.015690640000000002,0.005883989999999999,0.005883989999999999,2.2,1.6000000000000003,0.5999999999999999,0.5999999999999999,0.26020724487304686,5.064361572265641,15971,35,3,4,10772.0,10750.0,22.0,0.20465116279069767,10772.0,22.0,0.20465116279069764
113.66623503807932,returning,True,0.02157463,0.015690640000000002,0.005883989999999999,0.005883989999999999,2.2,1.6000000000000003,0.5999999999999999,0.5999999999999999,0.2602123718261719,5.059234619140596,15977,35,3,4,10765.0,10750.0,15.0,0.13953488372093023,10767.0,17.0,0.15813953488372093
113.71493154019117,returning,True,0.02157463,0.015690640000000002,0.005883989999999999,0.005883989999999999,2.2,1.6000000000000003,0.5999999999999999,0.5999999999999999,0.2602123718261719,5.059234619140596,15983,35,3,4,10759.0,10750.0,9.0,0.08372093023255814,10759.0,9.0,0.08372093023255815
113.74964431719854,returning,True,0.02157463,0.015690640000000002,0.005883989999999999,0.005883989999999999,2.2,1.6000000000000003,0.5999999999999999,0.5999999999999999,0.26023049926757813,5.0411071777343714,15989,35,3,4,10779.0,10750.0,29.0,0.26976744186046514,10775.666666666666,25.666666666666668,0.23875968992248064
113.80278161214665,returning,True,0.02157463,0.015690640000000002,0.005883989999999999,0.005883989999999999,2.2,1.6000000000000003,0.5999999999999999,0.5999999999999999,0.26023049926757813,5.0411071777343714,15995,35,3,4,10771.0,10750.0,21.0,0.19534883720930232,10770.666666666666,20.666666666666668,0.19224806201550385
113.86586144403554,returning,True,0.02157463,0.015690640000000002,0.005883989999999999,0.005883989999999999,2.2,1.6000000000000003,0.5999999999999999,0.5999999999999999,0.2602922058105469,4.979400634765597,16000,35,3,4,10773.0,10750.0,23.0,0.21395348837209302,10774.333333333334,24.333333333333332,0.22635658914728682
113.90410421299748,returning,True,0.02157463,0.015690640000000002,0.005883989999999999,0.005883989999999999,2.2,1.6000000000000003,0.5999999999999999,0.5999999999999999,0.2602922058105469,4.979400634765597,16005,35,3,4,10773.0,10750.0,23.0,0.21395348837209302,10772.333333333334,22.333333333333332,0.20775193798449612
113.95044232299551,returning,True,0.02157463,0.015690640000000002,0.005883989999999999,0.005883989999999999,2.2,1.6000000000000003,0.5999999999999999,0.5999999999999999,0.2604599609375,4.811645507812489,16013,35,3,4,10772.0,10750.0,22.0,0.20465116279069767,10775.333333333334,25.333333333333332,0.2356589147286822
113.98987186304294,returning,True,0.02157463,0.015690640000000002,0.005883989999999999,0.005883989999999999,2.2,1.6000000000000003,0.5999999999999999,0.5999999999999999,0.2605189514160156,4.752655029296893,16021,35,3,4,10774.0,10750.0,24.0,0.22325581395348837,10774.666666666666,24.666666666666668,0.22945736434108524
114.04883228312247,returning,True,0.02157463,0.015690640000000002,0.005883989999999999,0.005883989999999999,2.2,1.6000000000000003,0.5999999999999999,0.5999999999999999,0.2605189514160156,4.752655029296893,16030,35,3,4,10772.0,10750.0,22.0,0.20465116279069767,10772.0,22.0,0.20465116279069764
114.09901054110378,returning,True,0.02157463,0.015690640000000002,0.005883989999999999,0.005883989999999999,2.2,1.6000000000000003,0.5999999999999999,0.5999999999999999,0.2606221923828125,4.649414062500023,16036,35,3,4,10775.0,10750.0,25.0,0.23255813953488372,10773.0,23.0,0.21395348837209302
114.14954229909927,returning,True,0.02157463,0.015690640000000002,0.005883989999999999,0.005883989999999999,2.2,1.6000000000000003,0.5999999999999999,0.5999999999999999,0.2607821044921875,4.489501953124975,16040,35,3,4,10766.0,10750.0,16.0,0.14883720930232558,10768.666666666666,18.666666666666668,0.17364341085271318
114.19158919504844,returning,True,0.02157463,0.015690640000000002,0.005883989999999999,0.005883989999999999,2.2,1.6000000000000003,0.5999999999999999,0.5999999999999999,0.2607821044921875,4.489501953124975,16048,35,3,4,10776.0,10750.0,26.0,0.24186046511627907,10773.333333333334,23.333333333333332,0.2170542635658915
114.24841119116172,returning,True,0.02157463,0.015690640000000002,0.005883989999999999,0.005883989999999999,2.2,1.6000000000000003,0.5999999999999999,0.5999999999999999,0.2609056396484375,4.365966796875009,16057,35,3,4,10772.0,10750.0,22.0,0.20465116279069767,10771.333333333334,21.333333333333332,0.19844961240310077
114.29919048305601,returning,True,0.02157463,0.015690640000000002,0.005883989999999999,0.005883989999999999,2.2,1.6000000000000003,0.5999999999999999,0.5999999999999999,0.26095382690429686,4.317779541015643,16062,35,3,4,10769.0,10750.0,19.0,0.17674418604651163,10769.0,19.0,0.17674418604651163
114.34914196212776,returning,True,0.02157463,0.015690640000000002,0.005883989999999999,0.005883989999999999,2.2,1.6000000000000003,0.5999999999999999,0.5999999999999999,0.26098587036132814,4.285736083984359,16068,35,3,4,10777.0,10750.0,27.0,0.25116279069767444,10774.333333333334,24.333333333333332,0.22635658914728682
114.40063597308472,returning,True,0.02157463,0.015690640000000002,0.005883989999999999,0.005883989999999999,2.2,1.6000000000000003,0.5999999999999999,0.5999999999999999,0.26098587036132814,4.285736083984359,16075,35,3,4,10776.0,10750.0,26.0,0.24186046511627907,10776.0,26.0,0.2418604651162791
114.46494215307757,returning,True,0.02157463,0.015690640000000002,0.005883989999999999,0.005883989999999999,2.2,1.6000000000000003,0.5999999999999999,0.5999999999999999,0.2610072326660156,4.264373779296893,16080,35,3,4,10775.0,10750.0,25.0,0.23255813953488372,10775.333333333334,25.333333333333332,0.23565891472868217
114.51516925101168,returning,True,0.02157463,0.015690640000000002,0.005883989999999999,0.005883989999999999,2.2,1.6000000000000003,0.5999999999999999,0.5999999999999999,0.261019775390625,4.251831054687516,16085,35,3,4,10774.0,10750.0,24.0,0.22325581395348837,10776.0,26.0,0.2418604651162791
114.54861821304075,returning,True,0.02157463,0.015690640000000002,0.005883989999999999,0.005883989999999999,2.2,1.6000000000000003,0.5999999999999999,0.5999999999999999,0.261019775390625,4.251831054687516,16091,35,3,4,10773.0,10750.0,23.0,0.21395348837209302,10773.0,23.0,0.21395348837209302
114.59910662798211,returning,True,0.02157463,0.015690640000000002,0.005883989999999999,0.005883989999999999,2.2,1.6000000000000003,0.5999999999999999,0.5999999999999999,0.2610284118652344,4.243194580078102,16098,35,3,4,10774.0,10750.0,24.0,0.22325581395348837,10774.0,24.0,0.22325581395348837
114.66493815509602,returning,True,0.02157463,0.015690640000000002,0.005883989999999999,0.005883989999999999,2.2,1.6000000000000003,0.5999999999999999,0.5999999999999999,0.2610284118652344,4.243194580078102,16104,35,3,4,10770.0,10750.0,20.0,0.18604651162790697,10770.0,20.0,0.18604651162790697
114.71487301914021,returning,True,0.02157463,0.015690640000000002,0.005883989999999999,0.005883989999999999,2.2,1.6000000000000003,0.5999999999999999,0.5999999999999999,0.26102859497070313,4.243011474609371,16107,35,3,4,10772.0,10750.0,22.0,0.20465116279069767,10772.666666666666,22.666666666666668,0.21085271317829457
114.74923449405469,returning,True,0.02157463,0.015690640000000002,0.005883989999999999,0.005883989999999999,2.2,1.6000000000000003,0.5999999999999999,0.5999999999999999,0.26102859497070313,4.243011474609371,16113,35,3,4,10781.0,10750.0,31.0,0.28837209302325584,10780.0,30.0,0.27906976744186046
114.79927526018582,returning,True,0.02157463,0.015690640000000002,0.005883989999999999,0.005883989999999999,2.2,1.6000000000000003,0.5999999999999999,0.5999999999999999,0.2610294189453125,4.242187499999995,16119,35,3,4,10777.0,10750.0,27.0,0.25116279069767444,10777.0,27.0,0.25116279069767444
114.86530102207325,returning,True,0.02157463,0.015690640000000002,0.005883989999999999,0.005883989999999999,2.2,1.6000000000000003,0.5999999999999999,0.5999999999999999,0.2610399169921875,4.23168945312502,16125,35,3,4,10779.0,10750.0,29.0,0.26976744186046514,10775.0,25.0,0.23255813953488372
114.90031503210776,returning,True,0.02157463,0.015690640000000002,0.005883989999999999,0.005883989999999999,2.2,1.6000000000000003,0.5999999999999999,0.5999999999999999,0.2610399169921875,4.23168945312502,16131,35,3,4,10786.0,10750.0,36.0,0.33488372093023255,10779.333333333334,29.333333333333332,0.27286821705426356
114.95019655302167,returning,True,0.02157463,0.015690640000000002,0.005883989999999999,0.005883989999999999,2.2,1.6000000000000003,0.5999999999999999,0.5999999999999999,0.2610638427734375,4.207763671874975,16137,35,3,4,10787.0,10750.0,37.0,0.34418604651162793,10787.0,37.0,0.34418604651162793
114.99859804101288,returning,True,0.02157463,0.015690640000000002,0.005883989999999999,0.005883989999999999,2.2,1.6000000000000003,0.5999999999999999,0.5999999999999999,0.2610750122070313,4.196594238281226,16145,35,3,4,10782.0,10750.0,32.0,0.29767441860465116,10782.0,32.0,0.29767441860465116
115.05029793619178,returning,True,0.02157463,0.015690640000000002,0.005883989999999999,0.005883989999999999,2.2,1.6000000000000003,0.5999999999999999,0.5999999999999999,0.2610750122070313,4.196594238281226,16154,35,3,4,10773.0,10750.0,23.0,0.21395348837209302,10778.333333333334,28.333333333333332,0.26356589147286824
115.10000004200265,returning,True,0.022555295,0.015690640000000002,0.006864654999999997,0.006864654999999997,2.3,1.6000000000000003,0.6999999999999997,0.6999999999999997,0.2610926208496094,4.1789855957031214,16160,35,3,4,10772.0,10750.0,22.0,0.20465116279069767,10772.0,22.0,0.20465116279069764
115.14967881306075,returning,True,0.022555295,0.015690640000000002,0.006864654999999997,0.006864654999999997,2.3,1.6000000000000003,0.6999999999999997,0.6999999999999997,0.2611173095703125,4.154296875000019,16166,35,3,4,10775.0,10750.0,25.0,0.23255813953488372,10774.333333333334,24.333333333333332,0.22635658914728682
115.198666915996,returning,True,0.022555295,0.015690640000000002,0.006864654999999997,0.006864654999999997,2.3,1.6000000000000003,0.6999999999999997,0.6999999999999997,0.2611173095703125,4.154296875000019,16170,35,3,4,10782.0,10750.0,32.0,0.29767441860465116,10782.0,32.0,0.29767441860465116
115.26491878111847,returning,True,0.022555295,0.015690640000000002,0.006864654999999997,0.006864654999999997,2.3,1.6000000000000003,0.6999999999999997,0.6999999999999997,0.2612126770019531,4.058929443359394,16176,35,3,4,10771.0,10750.0,21.0,0.19534883720930232,10773.333333333334,23.333333333333332,0.21705426356589144
115.29914190806448,returning,True,0.022555295,0.015690640000000002,0.006864654999999997,0.006864654999999997,2.3,1.6000000000000003,0.6999999999999997,0.6999999999999997,0.2612126770019531,4.058929443359394,16181,35,3,4,10770.0,10750.0,20.0,0.18604651162790697,10770.666666666666,20.666666666666668,0.1922480620155039
115.34870515810326,returning,True,0.02157463,0.015690640000000002,0.005883989999999999,0.005883989999999999,2.2,1.6000000000000003,0.5999999999999999,0.5999999999999999,0.2613692321777344,3.9023742675781126,16187,35,3,4,10774.0,10750.0,24.0,0.22325581395348837,10773.666666666666,23.666666666666668,0.22015503875968992
115.39813943719491,returning,True,0.02157463,0.015690640000000002,0.005883989999999999,0.005883989999999999,2.2,1.6000000000000003,0.5999999999999999,0.5999999999999999,0.2614749755859375,3.796630859374983,16194,35,3,4,10775.0,10750.0,25.0,0.23255813953488372,10770.333333333334,20.333333333333332,0.18914728682170542
115.46729676518589,returning,True,0.02157463,0.015690640000000002,0.005883989999999999,0.005883989999999999,2.2,1.6000000000000003,0.5999999999999999,0.5999999999999999,0.26154541015625,3.726196289062511,16201,35,3,4,10773.0,10750.0,23.0,0.21395348837209302,10774.666666666666,24.666666666666668,0.2294573643410853
115.48982042912394,returning,True,0.02157463,0.015690640000000002,0.005883989999999999,0.005883989999999999,2.2,1.6000000000000003,0.5999999999999999,0.5999999999999999,0.26154541015625,3.726196289062511,16205,35,3,4,10774.0,10750.0,24.0,0.22325581395348837,10773.666666666666,23.666666666666668,0.22015503875968992
115.54012274811976,returning,True,0.02157463,0.015690640000000002,0.005883989999999999,0.005883989999999999,2.2,1.6000000000000003,0.5999999999999999,0.5999999999999999,0.2615585632324219,3.713043212890621,16215,35,3,4,10775.0,10750.0,25.0,0.23255813953488372,10775.0,25.0,0.23255813953488372
115.58994519920088,returning,True,0.02157463,0.015690640000000002,0.005883989999999999,0.005883989999999999,2.2,1.6000000000000003,0.5999999999999999,0.5999999999999999,0.2615585632324219,3.713043212890621,16224,35,3,4,10776.0,10750.0,26.0,0.24186046511627907,10775.333333333334,25.333333333333332,0.23565891472868217
115.6483246430289,returning,True,0.02157463,0.015690640000000002,0.005883989999999999,0.005883989999999999,2.2,1.6000000000000003,0.5999999999999999,0.5999999999999999,0.26157894897460937,3.692657470703131,16233,35,3,4,10778.0,10750.0,28.0,0.26046511627906976,10776.333333333334,26.333333333333332,0.24496124031007752
115.6996218841523,returning,True,0.02157463,0.015690640000000002,0.005883989999999999,0.005883989999999999,2.2,1.6000000000000003,0.5999999999999999,0.5999999999999999,0.26157894897460937,3.692657470703131,16238,35,3,4,10777.0,10750.0,27.0,0.25116279069767444,10777.333333333334,27.333333333333332,0.25426356589147286
115.7519651511684,returning,True,0.02157463,0.015690640000000002,0.005883989999999999,0.005883989999999999,2.2,1.6000000000000003,0.5999999999999999,0.5999999999999999,0.2616033935546875,3.668212890625022,16243,35,3,4,10774.0,10750.0,24.0,0.22325581395348837,10772.666666666666,22.666666666666668,0.21085271317829457
115.80399548006244,returning,True,0.02157463,0.015690640000000002,0.005883989999999999,0.005883989999999999,2.2,1.6000000000000003,0.5999999999999999,0.5999999999999999,0.2616033935546875,3.668212890625022,16249,35,3,4,10774.0,10750.0,24.0,0.22325581395348837,10774.333333333334,24.333333333333332,0.22635658914728682
115.86714358604513,returning,True,0.02157463,0.015690640000000002,0.005883989999999999,0.005883989999999999,2.2,1.6000000000000003,0.5999999999999999,0.5999999999999999,0.2616420288085938,3.6295776367187282,16254,35,3,4,10770.0,10750.0,20.0,0.18604651162790697,10772.666666666666,22.666666666666668,0.21085271317829457
115.89921194408089,returning,True,0.02157463,0.015690640000000002,0.005883989999999999,0.005883989999999999,2.2,1.6000000000000003,0.5999999999999999,0.5999999999999999,0.2618908386230469,3.3807678222655957,16260,35,3,4,10776.0,10750.0,26.0,0.24186046511627907,10776.333333333334,26.333333333333332,0.24496124031007752
115.94969425303861,returning,True,0.02157463,0.015690640000000002,0.005883989999999999,0.005883989999999999,2.2,1.6000000000000003,0.5999999999999999,0.5999999999999999,0.2618908386230469,3.3807678222655957,16266,35,3,4,10779.0,10750.0,29.0,0.26976744186046514,10779.0,29.0,0.26976744186046514
115.99965933104977,returning,True,0.02157463,0.015690640000000002,0.005883989999999999,0.005883989999999999,2.2,1.6000000000000003,0.5999999999999999,0.5999999999999999,0.26197552490234377,3.296081542968732,16273,35,3,4,10778.0,10750.0,28.0,0.26046511627906976,10774.666666666666,24.666666666666668,0.22945736434108524
116.06732778716832,returning,True,0.02157463,0.015690640000000002,0.005883989999999999,0.005883989999999999,2.2,1.6000000000000003,0.5999999999999999,0.5999999999999999,0.26197552490234377,3.296081542968732,16281,35,3,4,10775.0,10750.0,25.0,0.23255813953488372,10775.0,25.0,0.23255813953488372
116.0899897031486,returning,True,0.02157463,0.015690640000000002,0.005883989999999999,0.005883989999999999,2.2,1.6000000000000003,0.5999999999999999,0.5999999999999999,0.2619976196289063,3.273986816406227,16287,35,3,4,10771.0,10750.0,21.0,0.19534883720930232,10771.0,21.0,0.19534883720930232
116.13988906820305,returning,True,0.02157463,0.015690640000000002,0.005883989999999999,0.005883989999999999,2.2,1.6000000000000003,0.5999999999999999,0.5999999999999999,0.2619976196289063,3.273986816406227,16296,35,3,4,10778.0,10750.0,28.0,0.26046511627906976,10776.666666666666,26.666666666666668,0.24806201550387597
116.19035882898606,returning,True,0.02157463,0.015690640000000002,0.005883989999999999,0.005883989999999999,2.2,1.6000000000000003,0.5999999999999999,0.5999999999999999,0.2620142822265625,3.257324218750024,16305,35,3,4,10778.0,10750.0,28.0,0.26046511627906976,10779.666666666666,29.666666666666668,0.27596899224806204
116.24814923619851,returning,True,0.02157463,0.015690640000000002,0.005883989999999999,0.005883989999999999,2.2,1.6000000000000003,0.5999999999999999,0.5999999999999999,0.262029052734375,3.2425537109375124,16314,35,3,4,10775.0,10750.0,25.0,0.23255813953488372,10775.666666666666,25.666666666666668,0.23875968992248062
116.30195321305655,returning,True,0.02157463,0.015690640000000002,0.005883989999999999,0.005883989999999999,2.2,1.6000000000000003,0.5999999999999999,0.5999999999999999,0.26204293823242186,3.2286682128906397,16319,35,3,4,10781.0,10750.0,31.0,0.28837209302325584,10782.333333333334,32.333333333333336,0.30077519379844964
116.35487784212455,returning,True,0.02157463,0.015690640000000002,0.005883989999999999,0.005883989999999999,2.2,1.6000000000000003,0.5999999999999999,0.5999999999999999,0.26204293823242186,3.2286682128906397,16325,35,3,4,10775.0,10750.0,25.0,0.23255813953488372,10774.666666666666,24.666666666666668,0.22945736434108524
116.3989950302057,returning,True,0.02157463,0.015690640000000002,0.005883989999999999,0.005883989999999999,2.2,1.6000000000000003,0.5999999999999999,0.5999999999999999,0.2620610961914063,3.210510253906229,16332,35,3,4,10776.0,10750.0,26.0,0.24186046511627907,10776.0,26.0,0.2418604651162791
116.46475437819026,returning,True,0.02157463,0.015690640000000002,0.005883989999999999,0.005883989999999999,2.2,1.6000000000000003,0.5999999999999999,0.5999999999999999,0.26213433837890626,3.1372680664062402,16338,35,3,4,10773.0,10750.0,23.0,0.21395348837209302,10774.0,24.0,0.22325581395348837
116.49851180706173,returning,True,0.02157463,0.015690640000000002,0.005883989999999999,0.005883989999999999,2.2,1.6000000000000003,0.5999999999999999,0.5999999999999999,0.26213433837890626,3.1372680664062402,16342,35,3,4,10772.0,10750.0,22.0,0.20465116279069767,10777.333333333334,27.333333333333332,0.25426356589147286
116.54825841402635,returning,True,0.02157463,0.015690640000000002,0.005883989999999999,0.005883989999999999,2.2,1.6000000000000003,0.5999999999999999,0.5999999999999999,0.2622694396972656,3.002166748046875,16351,35,3,4,10774.0,10750.0,24.0,0.22325581395348837,10774.666666666666,24.666666666666668,0.22945736434108524
116.58981803106144,returning,True,0.02157463,0.015690640000000002,0.005883989999999999,0.005883989999999999,2.2,1.6000000000000003,0.5999999999999999,0.5999999999999999,0.26235131835937503,2.9202880859374725,16359,35,3,4,10776.0,10750.0,26.0,0.24186046511627907,10778.0,28.0,0.2604651162790697
116.64891680702567,returning,True,0.02157463,0.015690640000000002,0.005883989999999999,0.005883989999999999,2.2,1.6000000000000003,0.5999999999999999,0.5999999999999999,0.262357666015625,2.9139404296875115,16369,35,3,4,10771.0,10750.0,21.0,0.19534883720930232,10771.0,21.0,0.19534883720930232
116.70360426302068,returning,True,0.02157463,0.015690640000000002,0.005883989999999999,0.005883989999999999,2.2,1.6000000000000003,0.5999999999999999,0.5999999999999999,0.262357666015625,2.9139404296875115,16374,35,3,4,10773.0,10750.0,23.0,0.21395348837209302,10773.666666666666,23.666666666666668,0.22015503875968992
116.74863881804049,returning,True,0.02157463,0.015690640000000002,0.005883989999999999,0.005883989999999999,2.2,1.6000000000000003,0.5999999999999999,0.5999999999999999,0.2623714294433594,2.900177001953108,16379,35,3,4,10774.0,10750.0,24.0,0.22325581395348837,10773.666666666666,23.666666666666668,0.22015503875968992
116.7897243250627,returning,True,0.02157463,0.015690640000000002,0.005883989999999999,0.005883989999999999,2.2,1.6000000000000003,0.5999999999999999,0.5999999999999999,0.2623714294433594,2.900177001953108,16388,35,3,4,10776.0,10750.0,26.0,0.24186046511627907,10772.666666666666,22.666666666666668,0.21085271317829457
116.84788982500322,returning,True,0.02157463,0.015690640000000002,0.005883989999999999,0.005883989999999999,2.2,1.6000000000000003,0.5999999999999999,0.5999999999999999,0.2623870239257813,2.8845825195312202,16399,35,3,4,10775.0,10750.0,25.0,0.23255813953488372,10775.0,25.0,0.23255813953488372
116.90258604311384,returning,True,0.02157463,0.015690640000000002,0.005883989999999999,0.005883989999999999,2.2,1.6000000000000003,0.5999999999999999,0.5999999999999999,0.26240533447265624,2.8662719726562647,16405,35,3,4,10780.0,10750.0,30.0,0.27906976744186046,10780.0,30.0,0.27906976744186046
116.9540236860048,returning,True,0.02157463,0.015690640000000002,0.005883989999999999,0.005883989999999999,2.2,1.6000000000000003,0.5999999999999999,0.5999999999999999,0.2626215515136719,2.650054931640611,16411,35,3,4,10775.0,10750.0,25.0,0.23255813953488372,10775.0,25.0,0.23255813953488372
117.00019685109146,returning,True,0.02157463,0.015690640000000002,0.005883989999999999,0.005883989999999999,2.2,1.6000000000000003,0.5999999999999999,0.5999999999999999,0.2626215515136719,2.650054931640611,16416,35,3,4,10777.0,10750.0,27.0,0.25116279069767444,10774.333333333334,24.333333333333332,0.22635658914728685
117.06480002915487,returning,True,0.02157463,0.015690640000000002,0.005883989999999999,0.005883989999999999,2.2,1.6000000000000003,0.5999999999999999,0.5999999999999999,0.2627793884277344,2.492218017578096,16422,35,3,4,10775.0,10750.0,25.0,0.23255813953488372,10775.0,25.0,0.23255813953488372
117.09916117205285,returning,True,0.02157463,0.015690640000000002,0.005883989999999999,0.005883989999999999,2.2,1.6000000000000003,0.5999999999999999,0.5999999999999999,0.2627793884277344,2.492218017578096,16426,35,3,4,10777.0,10750.0,27.0,0.25116279069767444,10776.333333333334,26.333333333333332,0.24496124031007752
117.14967716415413,returning,True,0.02157463,0.015690640000000002,0.005883989999999999,0.005883989999999999,2.2,1.6000000000000003,0.5999999999999999,0.5999999999999999,0.26286517333984377,2.4064331054687305,16432,35,3,4,10773.0,10750.0,23.0,0.21395348837209302,10773.666666666666,23.666666666666668,0.22015503875968992
117.19931929907762,returning,True,0.02157463,0.015690640000000002,0.005883989999999999,0.005883989999999999,2.2,1.6000000000000003,0.5999999999999999,0.5999999999999999,0.2628990478515625,2.372558593750018,16438,35,3,4,10774.0,10750.0,24.0,0.22325581395348837,10772.666666666666,22.666666666666668,0.21085271317829457
117.26733422605321,returning,True,0.02157463,0.015690640000000002,0.005883989999999999,0.005883989999999999,2.2,1.6000000000000003,0.5999999999999999,0.5999999999999999,0.2628990478515625,2.372558593750018,16443,35,3,4,10775.0,10750.0,25.0,0.23255813953488372,10775.666666666666,25.666666666666668,0.23875968992248062
117.29904165607877,returning,True,0.02157463,0.015690640000000002,0.005883989999999999,0.005883989999999999,2.2,1.6000000000000003,0.5999999999999999,0.5999999999999999,0.262925537109375,2.346069335937506,16448,35,3,4,10770.0,10750.0,20.0,0.18604651162790697,10772.0,22.0,0.20465116279069764
117.34848737111315,returning,True,0.02157463,0.015690640000000002,0.005883989999999999,0.005883989999999999,2.2,1.6000000000000003,0.5999999999999999,0.5999999999999999,0.262925537109375,2.346069335937506,16455,35,3,4,10776.0,10750.0,26.0,0.24186046511627907,10776.0,26.0,0.2418604651162791
117.39836809714325,returning,True,0.02157463,0.015690640000000002,0.005883989999999999,0.005883989999999999,2.2,1.6000000000000003,0.5999999999999999,0.5999999999999999,0.262969482421875,2.3021240234374907,16464,35,3,4,10770.0,10750.0,20.0,0.18604651162790697,10771.666666666666,21.666666666666668,0.20155038759689922
117.44829736719839,returning,True,0.02157463,0.015690640000000002,0.005883989999999999,0.005883989999999999,2.2,1.6000000000000003,0.5999999999999999,0.5999999999999999,0.26302777099609376,2.243835449218745,16473,35,3,4,10774.0,10750.0,24.0,0.22325581395348837,10774.0,24.0,0.22325581395348837
117.50563877611421,returning,True,0.02157463,0.015690640000000002,0.005883989999999999,0.005883989999999999,2.2,1.6000000000000003,0.5999999999999999,0.5999999999999999,0.26302777099609376,2.243835449218745,16478,35,3,4,10778.0,10750.0,28.0,0.26046511627906976,10776.666666666666,26.666666666666668,0.24806201550387597
117.55147040099837,returning,True,0.02157463,0.015690640000000002,0.005883989999999999,0.005883989999999999,2.2,1.6000000000000003,0.5999999999999999,0.5999999999999999,0.2631427917480469,2.128814697265613,16485,35,3,4,10773.0,10750.0,23.0,0.21395348837209302,10773.0,23.0,0.21395348837209302
117.60411176411435,returning,True,0.02157463,0.015690640000000002,0.005883989999999999,0.005883989999999999,2.2,1.6000000000000003,0.5999999999999999,0.5999999999999999,0.2632040710449219,2.067535400390619,16492,35,3,4,10775.0,10750.0,25.0,0.23255813953488372,10776.0,26.0,0.24186046511627904
117.66841207421385,returning,True,0.02157463,0.015690640000000002,0.005883989999999999,0.005883989999999999,2.2,1.6000000000000003,0.5999999999999999,0.5999999999999999,0.2632040710449219,2.067535400390619,16496,35,3,4,10780.0,10750.0,30.0,0.27906976744186046,10780.0,30.0,0.27906976744186046
117.69013487710617,returning,True,0.02157463,0.015690640000000002,0.005883989999999999,0.005883989999999999,2.2,1.6000000000000003,0.5999999999999999,0.5999999999999999,0.26322073364257814,2.0508728027343603,16501,35,3,4,10771.0,10750.0,21.0,0.19534883720930232,10771.666666666666,21.666666666666668,0.20155038759689922
117.74016526411287,returning,True,0.02157463,0.015690640000000002,0.005883989999999999,0.005883989999999999,2.2,1.6000000000000003,0.5999999999999999,0.5999999999999999,0.2632193603515625,2.0522460937499876,16511,35,3,4,10767.0,10750.0,17.0,0.15813953488372093,10767.0,17.0,0.15813953488372093
117.79046968207695,returning,True,0.02157463,0.015690640000000002,0.005883989999999999,0.005883989999999999,2.2,1.6000000000000003,0.5999999999999999,0.5999999999999999,0.26322265625,2.0489501953124822,16521,35,3,4,10779.0,10750.0,29.0,0.26976744186046514,10779.0,29.0,0.26976744186046514
117.84815486613661,returning,True,0.02157463,0.015690640000000002,0.005883989999999999,0.005883989999999999,2.2,1.6000000000000003,0.5999999999999999,0.5999999999999999,0.26322409057617185,2.047515869140648,16531,35,3,4,10779.0,10750.0,29.0,0.26976744186046514,10777.666666666666,27.666666666666668,0.25736434108527134
117.89040481299162,returning,True,0.02157463,0.015690640000000002,0.005883989999999999,0.005883989999999999,2.2,1.6000000000000003,0.5999999999999999,0.5999999999999999,0.26322409057617185,2.047515869140648,16537,35,3,4,10778.0,10750.0,28.0,0.26046511627906976,10778.333333333334,28.333333333333332,0.2635658914728682
117.94068585406058,returning,True,0.02157463,0.015690640000000002,0.005883989999999999,0.005883989999999999,2.2,1.6000000000000003,0.5999999999999999,0.5999999999999999,0.26322378540039065,2.0478210449218492,16547,35,3,4,10778.0,10750.0,28.0,0.26046511627906976,10776.666666666666,26.666666666666668,0.24806201550387597
117.99038139614277,returning,True,0.02157463,0.015690640000000002,0.005883989999999999,0.005883989999999999,2.2,1.6000000000000003,0.5999999999999999,0.5999999999999999,0.2632286376953125,2.042968749999985,16557,35,3,4,10779.0,10750.0,29.0,0.26976744186046514,10779.0,29.0,0.26976744186046514
118.04829560010694,returning,True,0.02157463,0.015690640000000002,0.005883989999999999,0.005883989999999999,2.2,1.6000000000000003,0.5999999999999999,0.5999999999999999,0.26322833251953126,2.0432739257812416,16567,35,3,4,10780.0,10750.0,30.0,0.27906976744186046,10780.0,30.0,0.27906976744186046
118.09817413217388,returning,True,0.02157463,0.015690640000000002,0.005883989999999999,0.005883989999999999,2.2,1.6000000000000003,0.5999999999999999,0.5999999999999999,0.2632442932128906,2.02731323242189,16573,35,3,4,10775.0,10750.0,25.0,0.23255813953488372,10774.333333333334,24.333333333333332,0.22635658914728682
118.15043974202126,returning,True,0.02157463,0.015690640000000002,0.005883989999999999,0.005883989999999999,2.2,1.6000000000000003,0.5999999999999999,0.5999999999999999,0.2632442932128906,2.02731323242189,16580,35,3,4,10774.0,10750.0,24.0,0.22325581395348837,10774.0,24.0,0.22325581395348837
118.19964008708484,returning,True,0.02157463,0.015690640000000002,0.005883989999999999,0.005883989999999999,2.2,1.6000000000000003,0.5999999999999999,0.5999999999999999,0.26336871337890627,1.9028930664062305,16588,35,3,4,10780.0,10750.0,30.0,0.27906976744186046,10776.0,26.0,0.2418604651162791
118.26625288603827,returning,True,0.02157463,0.015690640000000002,0.005883989999999999,0.005883989999999999,2.2,1.6000000000000003,0.5999999999999999,0.5999999999999999,0.26355752563476564,1.7140808105468586,16597,35,3,4,10778.0,10750.0,28.0,0.26046511627906976,10778.0,28.0,0.26046511627906976
118.2990977182053,returning,True,0.02157463,0.015690640000000002,0.005883989999999999,0.005883989999999999,2.2,1.6000000000000003,0.5999999999999999,0.5999999999999999,0.26355752563476564,1.7140808105468586,16600,35,3,4,10776.0,10750.0,26.0,0.24186046511627907,10777.333333333334,27.333333333333332,0.25426356589147286
118.35102817905135,returning,True,0.02157463,0.015690640000000002,0.005883989999999999,0.005883989999999999,2.2,1.6000000000000003,0.5999999999999999,0.5999999999999999,0.263703857421875,1.5677490234374813,16606,35,3,4,10777.0,10750.0,27.0,0.25116279069767444,10777.333333333334,27.333333333333332,0.25426356589147286
118.39941218518652,returning,True,0.02157463,0.015690640000000002,0.005883989999999999,0.005883989999999999,2.2,1.6000000000000003,0.5999999999999999,0.5999999999999999,0.263703857421875,1.5677490234374813,16612,35,3,4,10769.0,10750.0,19.0,0.17674418604651163,10771.333333333334,21.333333333333332,0.19844961240310077
118.46768576814793,returning,True,0.02157463,0.015690640000000002,0.005883989999999999,0.005883989999999999,2.2,1.6000000000000003,0.5999999999999999,0.5999999999999999,0.2637591552734375,1.5124511718749845,16618,35,3,4,10778.0,10750.0,28.0,0.26046511627906976,10776.666666666666,26.666666666666668,0.24806201550387597
118.49921686714515,returning,True,0.02157463,0.015690640000000002,0.005883989999999999,0.005883989999999999,2.2,1.6000000000000003,0.5999999999999999,0.5999999999999999,0.2637591552734375,1.5124511718749845,16624,35,3,4,10777.0,10750.0,27.0,0.25116279069767444,10777.0,27.0,0.25116279069767444
118.54830901604146,returning,True,0.02157463,0.015690640000000002,0.005883989999999999,0.005883989999999999,2.2,1.6000000000000003,0.5999999999999999,0.5999999999999999,0.26377459716796875,1.4970092773437527,16630,35,3,4,10779.0,10750.0,29.0,0.26976744186046514,10778.333333333334,28.333333333333332,0.26356589147286824
118.598787994124,returning,True,0.02157463,0.015690640000000002,0.005883989999999999,0.005883989999999999,2.2,1.6000000000000003,0.5999999999999999,0.5999999999999999,0.26379730224609377,1.4743041992187345,16636,35,3,4,10776.0,10750.0,26.0,0.24186046511627907,10779.333333333334,29.333333333333332,0.27286821705426356
118.66541796317324,returning,True,0.02157463,0.015690640000000002,0.005883989999999999,0.005883989999999999,2.2,1.6000000000000003,0.5999999999999999,0.5999999999999999,0.26379730224609377,1.4743041992187345,16642,35,3,4,10777.0,10750.0,27.0,0.25116279069767444,10777.333333333334,27.333333333333332,0.25426356589147286
118.69923957320862,returning,True,0.02157463,0.015690640000000002,0.005883989999999999,0.005883989999999999,2.2,1.6000000000000003,0.5999999999999999,0.5999999999999999,0.26383148193359374,1.4401245117187655,16647,35,3,4,10775.0,10750.0,25.0,0.23255813953488372,10773.666666666666,23.666666666666668,0.22015503875968992
118.74854526412673,returning,True,0.02157463,0.015690640000000002,0.005883989999999999,0.005883989999999999,2.2,1.6000000000000003,0.5999999999999999,0.5999999999999999,0.26383148193359374,1.4401245117187655,16653,35,3,4,10773.0,10750.0,23.0,0.21395348837209302,10773.0,23.0,0.21395348837209302
118.79842487699352,returning,True,0.02157463,0.015690640000000002,0.005883989999999999,0.005883989999999999,2.2,1.6000000000000003,0.5999999999999999,0.5999999999999999,0.2638827819824219,1.3888244628906254,16662,35,3,4,10777.0,10750.0,27.0,0.25116279069767444,10776.333333333334,26.333333333333332,0.24496124031007752
118.84832257917151,returning,True,0.02157463,0.015690640000000002,0.005883989999999999,0.005883989999999999,2.2,1.6000000000000003,0.5999999999999999,0.5999999999999999,0.264053466796875,1.2181396484374774,16671,35,3,4,10776.0,10750.0,26.0,0.24186046511627907,10776.0,26.0,0.2418604651162791
118.89950609719381,returning,True,0.02157463,0.015690640000000002,0.005883989999999999,0.005883989999999999,2.2,1.6000000000000003,0.5999999999999999,0.5999999999999999,0.264053466796875,1.2181396484374774,16677,35,3,4,10776.0,10750.0,26.0,0.24186046511627907,10776.0,26.0,0.2418604651162791
118.94998109806329,returning,True,0.02157463,0.015690640000000002,0.005883989999999999,0.005883989999999999,2.2,1.6000000000000003,0.5999999999999999,0.5999999999999999,0.264122314453125,1.1492919921874956,16682,35,3,4,10779.0,10750.0,29.0,0.26976744186046514,10778.333333333334,28.333333333333332,0.26356589147286824
119.0002279500477,returning,True,0.02157463,0.015690640000000002,0.005883989999999999,0.005883989999999999,2.2,1.6000000000000003,0.5999999999999999,0.5999999999999999,0.264122314453125,1.1492919921874956,16688,35,3,4,10778.0,10750.0,28.0,0.26046511627906976,10777.666666666666,27.666666666666668,0.25736434108527134
119.0490942990873,returning,True,0.02157463,0.015690640000000002,0.005883989999999999,0.005883989999999999,2.2,1.6000000000000003,0.5999999999999999,0.5999999999999999,0.26413543701171877,1.1361694335937367,16692,35,3,4,10776.0,10750.0,26.0,0.24186046511627907,10779.333333333334,29.333333333333332,0.27286821705426356
119.1033790721558,returning,True,0.02157463,0.015690640000000002,0.005883989999999999,0.005883989999999999,2.2,1.6000000000000003,0.5999999999999999,0.5999999999999999,0.26415533447265627,1.1162719726562353,16699,35,3,4,10776.0,10750.0,26.0,0.24186046511627907,10773.333333333334,23.333333333333332,0.2170542635658915
119.15100712119602,returning,True,0.02157463,0.015690640000000002,0.005883989999999999,0.005883989999999999,2.2,1.6000000000000003,0.5999999999999999,0.5999999999999999,0.26415533447265627,1.1162719726562353,16704,35,3,4,10774.0,10750.0,24.0,0.22325581395348837,10774.666666666666,24.666666666666668,0.22945736434108524
119.2002358220052,returning,True,0.02157463,0.015690640000000002,0.005883989999999999,0.005883989999999999,2.2,1.6000000000000003,0.5999999999999999,0.5999999999999999,0.26417431640625,1.097290039062504,16710,35,3,4,10774.0,10750.0,24.0,0.22325581395348837,10772.666666666666,22.666666666666668,0.21085271317829457
119.26716078910977,returning,True,0.02157463,0.015690640000000002,0.005883989999999999,0.005883989999999999,2.2,1.6000000000000003,0.5999999999999999,0.5999999999999999,0.2641959228515625,1.0756835937499876,16716,35,3,4,10777.0,10750.0,27.0,0.25116279069767444,10773.333333333334,23.333333333333332,0.2170542635658915
119.29881907906383,returning,True,0.02157463,0.015690640000000002,0.005883989999999999,0.005883989999999999,2.2,1.6000000000000003,0.5999999999999999,0.5999999999999999,0.2641959228515625,1.0756835937499876,16721,35,3,4,10781.0,10750.0,31.0,0.28837209302325584,10780.666666666666,30.666666666666668,0.2852713178294574
119.34842777205631,returning,True,0.02157463,0.015690640000000002,0.005883989999999999,0.005883989999999999,2.2,1.6000000000000003,0.5999999999999999,0.5999999999999999,0.2642060546875,1.0655517578124774,16727,35,3,4,10772.0,10750.0,22.0,0.20465116279069767,10772.0,22.0,0.20465116279069764
119.3980630650185,returning,True,0.02157463,0.015690640000000002,0.005883989999999999,0.005883989999999999,2.2,1.6000000000000003,0.5999999999999999,0.5999999999999999,0.2642060546875,1.0655517578124774,16734,35,3,4,10771.0,10750.0,21.0,0.19534883720930232,10769.666666666666,19.666666666666668,0.18294573643410852
119.46704474510625,returning,True,0.02157463,0.015690640000000002,0.005883989999999999,0.005883989999999999,2.2,1.6000000000000003,0.5999999999999999,0.5999999999999999,0.2642309875488281,1.0406188964843799,16743,35,3,4,10771.0,10750.0,21.0,0.19534883720930232,10771.0,21.0,0.19534883720930232
119.4994946999941,returning,True,0.02157463,0.015690640000000002,0.005883989999999999,0.005883989999999999,2.2,1.6000000000000003,0.5999999999999999,0.5999999999999999,0.2642309875488281,1.0406188964843799,16747,35,3,4,10774.0,10750.0,24.0,0.22325581395348837,10773.666666666666,23.666666666666668,0.22015503875968992
119.55157146416605,returning,True,0.02157463,0.015690640000000002,0.005883989999999999,0.005883989999999999,2.2,1.6000000000000003,0.5999999999999999,0.5999999999999999,0.26428100585937503,0.9906005859374734,16753,35,3,4,10778.0,10750.0,28.0,0.26046511627906976,10777.0,27.0,0.2511627906976744
119.60348385106772,returning,True,0.02157463,0.015690640000000002,0.005883989999999999,0.005883989999999999,2.2,1.6000000000000003,0.5999999999999999,0.5999999999999999,0.26443704223632813,0.8345642089843675,16759,35,3,4,10782.0,10750.0,32.0,0.29767441860465116,10780.666666666666,30.666666666666668,0.28527131782945736
119.66634439514019,returning,True,0.02157463,0.015690640000000002,0.005883989999999999,0.005883989999999999,2.2,1.6000000000000003,0.5999999999999999,0.5999999999999999,0.26443704223632813,0.8345642089843675,16764,35,3,4,10775.0,10750.0,25.0,0.23255813953488372,10775.0,25.0,0.23255813953488372
119.69897209410556,returning,True,0.020593965000000002,0.015690640000000002,0.004903325,0.004903325,2.1,1.6000000000000003,0.5,0.5,0.2645093383789063,0.7622680664062242,16769,35,3,4,10783.0,10750.0,33.0,0.30697674418604654,10783.0,33.0,0.30697674418604654
119.74842942599207,returning,True,0.020593965000000002,0.015690640000000002,0.004903325,0.004903325,2.1,1.6000000000000003,0.5,0.5,0.2645093383789063,0.7622680664062242,16775,35,3,4,10779.0,10750.0,29.0,0.26976744186046514,10777.333333333334,27.333333333333332,0.25426356589147286
119.798402790213,returning,True,0.020593965000000002,0.015690640000000002,0.004903325,0.004903325,2.1,1.6000000000000003,0.5,0.5,0.2647336120605469,0.5379943847655944,16781,35,3,4,10778.0,10750.0,28.0,0.26046511627906976,10776.666666666666,26.666666666666668,0.24806201550387597
119.86531366198324,returning,True,0.020593965000000002,0.015690640000000002,0.004903325,0.004903325,2.1,1.6000000000000003,0.5,0.5,0.264836181640625,0.4354248046875009,16788,35,3,4,10772.0,10750.0,22.0,0.20465116279069767,10776.0,26.0,0.2418604651162791
119.91496436903253,returning,True,0.020593965000000002,0.015690640000000002,0.004903325,0.004903325,2.1,1.6000000000000003,0.5,0.5,0.264836181640625,0.4354248046875009,16793,35,3,4,10774.0,10750.0,24.0,0.22325581395348837,10774.0,24.0,0.22325581395348837
119.97147671109997,returning,True,0.020593965000000002,0.015690640000000002,0.004903325,0.004903325,2.1,1.6000000000000003,0.5,0.5,0.26495751953125,0.31408691406248357,16799,35,3,4,10784.0,10750.0,34.0,0.31627906976744186,10784.0,34.0,0.31627906976744186
119.99000412318856,returning,True,0.020593965000000002,0.015690640000000002,0.004903325,0.004903325,2.1,1.6000000000000003,0.5,0.5,0.26495751953125,0.31408691406248357,16806,35,3,4,10781.0,10750.0,31.0,0.28837209302325584,10781.0,31.0,0.28837209302325584
120.0479917540215,returning,True,0.020593965000000002,0.015690640000000002,0.004903325,0.004903325,2.1,1.6000000000000003,0.5,0.5,0.26501107788085937,0.260528564453133,16816,35,3,4,10781.0,10750.0,31.0,0.28837209302325584,10781.0,31.0,0.28837209302325584
120.09934022510424,returning,True,0.020593965000000002,0.015690640000000002,0.004903325,0.004903325,2.1,1.6000000000000003,0.5,0.5,0.26504269409179687,0.22891235351563122,16821,35,3,4,10777.0,10750.0,27.0,0.25116279069767444,10777.0,27.0,0.25116279069767444
120.15242194314487,returning,True,0.020593965000000002,0.015690640000000002,0.004903325,0.004903325,2.1,1.6000000000000003,0.5,0.5,0.26505728149414065,0.21432495117185146,16827,35,3,4,10780.0,10750.0,30.0,0.27906976744186046,10779.0,29.0,0.26976744186046514
120.19870707718655,returning,True,0.020593965000000002,0.015690640000000002,0.004903325,0.004903325,2.1,1.6000000000000003,0.5,0.5,0.26505728149414065,0.21432495117185146,16833,35,3,4,10778.0,10750.0,28.0,0.26046511627906976,10778.0,28.0,0.26046511627906976
120.2480427660048,returning,True,0.020593965000000002,0.015690640000000002,0.004903325,0.004903325,2.1,1.6000000000000003,0.5,0.5,0.26507305908203127,0.1985473632812318,16839,35,3,4,10776.0,10750.0,26.0,0.24186046511627907,10777.0,27.0,0.2511627906976744
120.29837812506594,returning,True,0.020593965000000002,0.015690640000000002,0.004903325,0.004903325,2.1,1.6000000000000003,0.5,0.5,0.26507928466796876,0.19232177734374023,16845,35,3,4,10774.0,10750.0,24.0,0.22325581395348837,10777.333333333334,27.333333333333332,0.25426356589147286
120.3484754441306,returning,True,0.020593965000000002,0.015690640000000002,0.004903325,0.004903325,2.1,1.6000000000000003,0.5,0.5,0.26507928466796876,0.19232177734374023,16851,35,3,4,10773.0,10750.0,23.0,0.21395348837209302,10775.0,25.0,0.23255813953488372
120.3990266371984,returning,True,0.020593965000000002,0.015690640000000002,0.004903325,0.004903325,2.1,1.6000000000000003,0.5,0.5,0.26508984375,0.181762695312504,16857,35,3,4,10770.0,10750.0,20.0,0.18604651162790697,10772.0,22.0,0.20465116279069764
120.46521740406752,returning,True,0.020593965000000002,0.015690640000000002,0.004903325,0.004903325,2.1,1.6000000000000003,0.5,0.5,0.26509423828125,0.1773681640624969,16863,35,3,4,10770.0,10750.0,20.0,0.18604651162790697,10770.0,20.0,0.18604651162790697
120.51752354204655,returning,True,0.020593965000000002,0.015690640000000002,0.004903325,0.004903325,2.1,1.6000000000000003,0.5,0.5,0.26509423828125,0.1773681640624969,16869,35,3,4,10779.0,10750.0,29.0,0.26976744186046514,10775.666666666666,25.666666666666668,0.23875968992248064
120.54934100410901,returning,True,0.020593965000000002,0.015690640000000002,0.004903325,0.004903325,2.1,1.6000000000000003,0.5,0.5,0.26510598754882814,0.16561889648436523,16874,35,3,4,10769.0,10750.0,19.0,0.17674418604651163,10775.666666666666,25.666666666666668,0.23875968992248064
120.59849936608225,returning,True,0.020593965000000002,0.015690640000000002,0.004903325,0.004903325,2.1,1.6000000000000003,0.5,0.5,0.26510598754882814,0.16561889648436523,16880,35,3,4,10778.0,10750.0,28.0,0.26046511627906976,10775.666666666666,25.666666666666668,0.23875968992248062
120.64815187919885,returning,True,0.020593965000000002,0.015690640000000002,0.004903325,0.004903325,2.1,1.6000000000000003,0.5,0.5,0.2651326599121094,0.13894653320312145,16889,35,3,4,10783.0,10750.0,33.0,0.30697674418604654,10783.0,33.0,0.30697674418604654
120.70298397308215,returning,True,0.020593965000000002,0.015690640000000002,0.004903325,0.004903325,2.1,1.6000000000000003,0.5,0.5,0.2651783752441406,0.09323120117188388,16894,35,3,4,10783.0,10750.0,33.0,0.30697674418604654,10777.0,27.0,0.2511627906976744
120.74928070208989,returning,True,0.020593965000000002,0.015690640000000002,0.004903325,0.004903325,2.1,1.6000000000000003,0.5,0.5,0.2651783752441406,0.09323120117188388,16900,35,3,4,10781.0,10750.0,31.0,0.28837209302325584,10781.0,31.0,0.28837209302325584
120.79928727517836,returning,True,0.020593965000000002,0.015690640000000002,0.004903325,0.004903325,2.1,1.6000000000000003,0.5,0.5,0.26525750732421877,0.01409912109373579,16906,35,3,4,10780.0,10750.0,30.0,0.27906976744186046,10780.0,30.0,0.27906976744186046
120.86496096220799,returning,True,0.020593965000000002,0.015690640000000002,0.004903325,0.004903325,2.1,1.6000000000000003,0.5,0.5,0.26525750732421877,0.01409912109373579,16912,35,3,4,10788.0,10750.0,38.0,0.35348837209302325,10780.666666666666,30.666666666666668,0.2852713178294574
120.89899331703782,returning,True,0.02157463,0.015690640000000002,0.005883989999999999,0.005883989999999999,2.2,1.6000000000000003,0.5999999999999999,0.5999999999999999,0.2653004455566406,0.0,16918,35,3,4,10781.0,10750.0,31.0,0.28837209302325584,10779.0,29.0,0.26976744186046514
120.94975959113799,returning,True,0.02157463,0.015690640000000002,0.005883989999999999,0.005883989999999999,2.2,1.6000000000000003,0.5999999999999999,0.5999999999999999,0.2653226318359375,0.0,16924,35,3,4,10774.0,10750.0,24.0,0.22325581395348837,10776.0,26.0,0.2418604651162791
120.99846762418747,returning,True,0.02157463,0.015690640000000002,0.005883989999999999,0.005883989999999999,2.2,1.6000000000000003,0.5999999999999999,0.5999999999999999,0.2653226318359375,0.0,16930,35,3,4,10773.0,10750.0,23.0,0.21395348837209302,10778.666666666666,28.666666666666668,0.26666666666666666
121.06634015007876,returning,True,0.02157463,0.015690640000000002,0.005883989999999999,0.005883989999999999,2.2,1.6000000000000003,0.5999999999999999,0.5999999999999999,0.26533401489257813,0.0,16936,35,3,4,10776.0,10750.0,26.0,0.24186046511627907,10776.0,26.0,0.2418604651162791
121.11570021812804,returning,True,0.02157463,0.015690640000000002,0.005883989999999999,0.005883989999999999,2.2,1.6000000000000003,0.5999999999999999,0.5999999999999999,0.26533401489257813,0.0,16940,35,3,4,10787.0,10750.0,37.0,0.34418604651162793,10778.666666666666,28.666666666666668,0.26666666666666666
121.15116474707611,returning,True,0.02157463,0.015690640000000002,0.005883989999999999,0.005883989999999999,2.2,1.6000000000000003,0.5999999999999999,0.5999999999999999,0.26533401489257813,0.0,16946,35,3,4,10780.0,10750.0,30.0,0.27906976744186046,10781.333333333334,31.333333333333332,0.29147286821705426
121.19944884302095,returning,True,0.02157463,0.015690640000000002,0.005883989999999999,0.005883989999999999,2.2,1.6000000000000003,0.5999999999999999,0.5999999999999999,0.2653387451171875,0.0,16954,35,3,4,10772.0,10750.0,22.0,0.20465116279069767,10772.0,22.0,0.20465116279069764
121.24814887205139,returning,True,0.02157463,0.015690640000000002,0.005883989999999999,0.005883989999999999,2.2,1.6000000000000003,0.5999999999999999,0.5999999999999999,0.2653387451171875,0.0,16963,35,3,4,10780.0,10750.0,30.0,0.27906976744186046,10780.0,30.0,0.27906976744186046
121.28997667902149,returning,True,0.02157463,0.015690640000000002,0.005883989999999999,0.005883989999999999,2.2,1.6000000000000003,0.5999999999999999,0.5999999999999999,0.2653398132324219,0.0,16970,35,3,4,10779.0,10750.0,29.0,0.26976744186046514,10778.333333333334,28.333333333333332,0.26356589147286824
121.34055940620601,returning,True,0.02157463,0.015690640000000002,0.005883989999999999,0.005883989999999999,2.2,1.6000000000000003,0.5999999999999999,0.5999999999999999,0.2653398132324219,0.0,16979,35,3,4,10774.0,10750.0,24.0,0.22325581395348837,10775.0,25.0,0.23255813953488372
121.38966770516708,returning,True,0.02157463,0.015690640000000002,0.005883989999999999,0.005883989999999999,2.2,1.6000000000000003,0.5999999999999999,0.5999999999999999,0.2653398132324219,0.0,16989,35,3,4,10774.0,10750.0,24.0,0.22325581395348837,10774.0,24.0,0.22325581395348837
121.44906140118837,returning,True,0.02157463,0.015690640000000002,0.005883989999999999,0.005883989999999999,2.2,1.6000000000000003,0.5999999999999999,0.5999999999999999,0.2653408203125,0.0,16999,35,3,4,10780.0,10750.0,30.0,0.27906976744186046,10780.0,30.0,0.27906976744186046
121.49002580018714,returning,True,0.02157463,0.015690640000000002,0.005883989999999999,0.005883989999999999,2.2,1.6000000000000003,0.5999999999999999,0.5999999999999999,0.2653408203125,0.0,17008,35,3,4,10770.0,10750.0,20.0,0.18604651162790697,10770.0,20.0,0.18604651162790697
