0.06636974936686753 -0.02765231818600793 0.04458093917178522 -0.04816773706082357 0.026925148088314484 -0.04741064916119621 0.09851716433069266 -0.02510460251046025 0.09524681747412768 -0.07257304429783223 0.021077988557663355 -0.06194225721784776 0.09752853818020614 -0.04298302170642597 -0.02776064157927205 -0.10734757686294946 0.037759597230962866 -0.10089810400266104 0.0666527806706936 -0.08023562868169813 0.015381234893430018 0.08374490015031136 0.003246401904555785 -0.0736590932669364 -0.21324685534591198 -0.25618022328548645 -0.11046269278866194 -0.05771854339385035 0.018982915376161456 -0.06890072032571251 -0.0074762362490654695 -0.029131870266071086 -0.08977556109725686 -0.1508620689655172 -0.34277057096865826 -1.115858505564388 -0.36516543100586474 -0.16888888888888887 -0.08879023307436182 -0.12712852810823422 -0.030815003719052176 -0.03020007550018875 -0.016731734523145567 -0.029285435376805936 -0.17639606276191405 -0.271972802719728 -0.20964809070488824 -0.20556096505463595 0.01448525607863425 -0.060701203558346406 0.04587603709126403 -0.016497113005224086 0.11998956612468481 -0.06967456878239442 -0.02694449434165619 -0.1185254316378908 -0.12617341273846777 -0.1309674693705112 -0.04021164021164021 -0.11116937598321971 0.10836343428730202 0.08468267262237111 0.1956985080410773 0.1335999272925566 0.12919160254583453 0.09571286141575273 0.08720296490080662 0.03687315634218289 0.10571276027762948 -0.00759466203753933 0.0856757797458606 0.0423728813559322 0.1366718831507564 0.11055888021097474 0.1293236169557631 0.0518414515606437 0.11767317939609237 -0.07782101167315175 0.06554511688879178 -0.0563570784490532 0.06283380458686774 0.027357107962872496 0.1266065605217725 0.03570757376433001 0.004733055660734566 0.019096117122851686 0.026169789594891656 -0.03683047458697254 0.0468585636415798 -0.03079674150606 0.09820795788194796 0.06151480199923105 0.09857612267250822 0.03851759317093484 -0.01516070345664039 -0.02901263453439401 0.023748456350337236 0.008069396812588262 0.057915057915057924 -0.050286516196936026
0.06113003231158851 -0.0368697575813439 0.0396275014860313 -0.05761239138647526 0.016155088852988688 -0.06929248723559446 0.09445460085313832 -0.03556485355648535 0.08883597399029217 -0.07540056550424129 0.02107798855766336 -0.05564304461942258 0.0919871439654217 -0.04513217279174726 -0.03701418877236274 -0.13652944241792603 0.03146633102580239 -0.11198580773921721 0.07186002916059153 -0.08023562868169815 0.012085255987695014 0.07086106935795576 -0.0010821339681852597 -0.08299616142753398 -0.24272798742138363 -0.3090111642743222 -0.14276781992496873 -0.07031168013432679 0.011989209711259868 -0.0741204718655392 -0.023496742497062906 -0.02718974558166635 -0.10673316708229427 -0.1529146141215107 -0.4232553735441719 -2.081677265500795 -0.5034856700232377 -0.18666666666666668 -0.11986681465038844 -0.12479589456496383 -0.02762724471363298 -0.03208758021895054 -0.015802193716304147 -0.029285435376805936 -0.1949127765325017 -0.385961403859614 -0.2716868114236816 -0.23044466082440765 0.011381272633212628 -0.06174777603349031 0.04489995119570522 -0.025662175785904136 0.11998956612468481 -0.07137394850879428 -0.03951859170109574 -0.13065795613625758 -0.13626728575754515 -0.14364174059991552 -0.04973544973544973 -0.11116937598321971 0.0972492358988608 0.08282151498231902 0.1889168765743073 0.13087339816413707 0.1139925904816187 0.09770687936191425 0.08175277959450619 0.03581963758954909 0.10250934329951948 -0.004339806878593902 0.07893723527146707 0.03307151715584953 0.12206572769953053 0.10650167359772796 0.11905983783228986 0.047521330597256724 0.10879218472468914 -0.09560867148415787 0.0633602796591654 -0.06424706943192064 0.050267043669494194 0.02051783097215437 0.12852484174179937 0.03194888178913737 -0.0009466111321469177 0.0074262677699978765 0.026169789594891656 -0.04945806587393455 0.04207707755570432 -0.03278362805483807 0.09618305153386655 0.060553633217993084 0.0916060937966743 0.037476577139287946 -0.01718213058419244 -0.03462798315395414 0.01899876508026978 0.0030260238047205984 0.05405405405405407 -0.050286516196936026
0.05327045672866998 -0.04885242879528068 0.04458093917178522 -0.05855685681904042 0.008077544426494346 -0.09117432530999271 0.08023562868169815 -0.053347280334728034 0.08242513050645664 -0.08671065032987749 0.014051992371775568 -0.05144356955380576 0.07425468247811148 -0.04835589941972921 -0.05346493933785729 -0.16050026055237104 0.019928676316341515 -0.11198580773921721 0.08227452614038741 -0.07921998781230957 0.007690617446715009 0.046167060339274216 0.005410669840926308 -0.09752048967735241 -0.2525550314465409 -0.3488835725677831 -0.15318882867861608 -0.09130024136845419 0.01698471375761814 -0.08977972648501932 -0.03631314749546086 -0.03592930666148768 -0.09675810473815462 -0.1611247947454844 -0.47722753527128114 -3.0017885532591415 -0.6473387186013057 -0.2111111111111111 -0.1365149833518313 -0.1364590622813156 -0.025502072043353523 -0.03397508493771234 -0.020449897750511245 -0.030261616556032805 -0.21050579865510183 -0.5289471052894711 -0.34656112953257034 -0.2445093584334091 0.015519917227108122 -0.06907378335949765 0.03611517813567594 -0.03391073228851617 0.11825058690548648 -0.07562239782479394 -0.04670379019220407 -0.1399906672888474 -0.1443423841728071 -0.15314744402196873 -0.056084656084656084 -0.11326691137912955 0.09169213670464019 0.08189093616229295 0.1986049215268359 0.13450877033536307 0.10924289921155124 0.10767696909272181 0.07085240898190538 0.025284450063211127 0.09289909236518953 -0.013019420635781705 0.06642279553330765 0.023770152955766847 0.11058946270213876 0.10143016533116948 0.10366416914707996 0.047521330597256724 0.08436944937833038 -0.1056142301278488 0.05134367489622023 -0.07326420198376915 0.038747512828568434 0.008793356130923302 0.12852484174179934 0.023491824844953955 -0.0037864445285876584 -0.0074262677699978765 0.02198262325970899 -0.06103335788698307 0.038251888687003924 -0.0367574011523942 0.08909587931558165 0.05959246443675509 0.08364034651000696 0.046845721424109935 -0.018192844147968464 -0.023397285914833876 0.018048826826256293 -0.0020173492031470646 0.05791505791505791 -0.06315050871243129
0.04803073967339097 -0.03686975758134391 0.050525064394689914 -0.05194559879108425 0.0 -0.09846827133479213 0.07718870607353238 -0.05543933054393305 0.0769301218060262 -0.08388312912346842 0.032118839706915585 -0.04199475065616798 0.08644574975063725 -0.04943047496238986 -0.04112687641373637 -0.1782178217821782 0.02097755401720159 -0.11309457811287282 0.0916475734222037 -0.08531383302864107 0.005493298176225006 0.047240712905303836 0.010821339681852614 -0.10478265380226164 -0.2574685534591195 -0.37579744816586924 -0.16256773655689868 -0.09234966943016057 0.014986512139074834 -0.09082367679298467 -0.04485741749439282 -0.033987181977082934 -0.09077306733167081 -0.16420361247947454 -0.517943376574188 -3.9069952305246423 -0.77348677658515 -0.2177777777777777 -0.1476137624861265 -0.13529274550968046 -0.019126554032515144 -0.02736881842204606 -0.02416806097787693 -0.03123779773525967 -0.22707338466036447 -0.670932906709329 -0.43534067814739547 -0.25965595585848755 0.0041386445938954965 -0.07326007326007325 0.02537823328452904 -0.021996150673632114 0.11651160768628814 -0.07562239782479394 -0.052092689060535304 -0.1511899206719552 -0.1493893206823458 -0.16476552598225605 -0.06772486772486772 -0.11116937598321971 0.08891358710752988 0.08468267262237113 0.20441774849835306 0.13450877033536307 0.11304265222760519 0.1156530408773679 0.07739263134946588 0.01685630004214075 0.0800854244527496 -0.013019420635781705 0.07027339237581824 0.02687060768912774 0.10537297861241524 0.1024444669844812 0.10058503541003798 0.05400151204233718 0.07659857904085257 -0.11673151750972763 0.046974000436967436 -0.08228133453561767 0.038747512828568434 0.007816316560820713 0.14578937272204104 0.02161247885735764 0.007572889057175307 -0.01697432633142372 0.02093583167591332 -0.07050405135220457 0.030601510949603138 -0.04271806079872839 0.08504606661941885 0.06535947712418301 0.10654186995917554 0.038517593170934825 -0.00202142712755205 -0.014038371548900325 0.022798518096323737 -0.003026023804720597 0.05694980694980695 -0.061981054847386266
0.05763688760806916 -0.030417550004608725 0.06043193976619773 -0.05289006422364941 0.004487524681385748 -0.10849744711889134 0.07921998781230957 -0.060669456066945605 0.08425680007326679 -0.08576814326107446 0.03412626718859781 -0.053543307086614166 0.08866230743655104 -0.05910165484633569 -0.04112687641373637 -0.2094841063053674 0.020977554017201593 -0.12639982259674024 0.09789627161008121 -0.10054844606946982 0.0021973192704900025 0.04187245007515568 0.008657071745482092 -0.09959539371304078 -0.26827830188679247 -0.3937400318979266 -0.1802834514380992 -0.10074509392381152 0.002997302427814965 -0.09186762710095 -0.04699348499412581 -0.034958244319285306 -0.10972568578553614 -0.16420361247947451 -0.5586592178770949 -4.725755166931638 -0.9062742060418281 -0.21666666666666662 -0.1753607103218646 -0.1271285281082342 -0.02231431303793433 -0.03303133257833145 -0.02044989775051125 -0.02635689183912534 -0.2446155345482896 -0.8669133086691332 -0.5401647234998395 -0.27263875365141194 -0.008277289187791003 -0.08267922553636838 0.032210834553440704 -0.019246631839428104 0.10694722198069732 -0.07137394850879428 -0.060176037363032155 -0.16238917405506295 -0.14837993338043806 -0.1721588508660752 -0.0656084656084656 -0.108023072889355 0.09539686950078727 0.09119672436255351 0.20635535748885875 0.14723257293465417 0.11874228175168614 0.13758723828514458 0.07739263134946589 0.03055204382638011 0.07581420181526961 0.0043398068785939015 0.06931074316519059 0.021703183133526253 0.10954616588419405 0.12070189674409168 0.09750590167299603 0.07236202613673182 0.07104795737122557 -0.12117843246247914 0.04588158182215425 -0.08002705139765555 0.03141690229343387 0.016609672691744015 0.13332054479186647 0.03194888178913738 0.0009466111321469143 -0.01803522172713771 0.006280749502773998 -0.06419025570872357 0.021038538777852157 -0.037750844426783225 0.09314569201174445 0.06920415224913494 0.10056755949417504 0.048927753487403705 -6.938893903907229e-19 1.3877787807814458e-18 0.018998765080269785 -0.0020173492031470646 0.05405405405405406 -0.057303239387206176
0.07160946642214654 -0.033182781823209516 0.09015256588072121 -0.04438987533056289 0.027822653024591637 -0.1039387308533917 0.09547024172252691 -0.053347280334728034 0.09891015660774796 -0.0763430725730443 0.04617083207869115 -0.047244094488188976 0.1263437880970852 -0.04298302170642597 -0.023647953937898415 -0.2157373632100052 0.03566184182924271 -0.12861736334405144 0.11247656738179543 -0.09343895998374974 0.021973192704900023 0.04401975520721493 0.04328535872741045 -0.09129577757028738 -0.25058962264150947 -0.40071770334928225 -0.16777824093372237 -0.09969566586210515 0.014986512139074832 -0.09082367679298467 -0.04485741749439282 -0.022334433870654497 -0.09875311720698254 -0.16420361247947454 -0.5775968184830982 -5.456081081081081 -1.0069713400464757 -0.21777777777777776 -0.18978912319644842 -0.11896431070678797 -0.010625863351397303 -0.02453756134390336 -0.0009295408068414224 -0.018547442405310425 -0.2514374817269272 -1.1258874112588741 -0.64177986950476 -0.2726387536514119 -0.005173305742369376 -0.07326007326007326 0.04685212298682284 -0.015580606727156082 0.1278149726110773 -0.05777891069759537 -0.05299083887192384 -0.16425571628558094 -0.1372766730594529 -0.18272074355724546 -0.05185185185185185 -0.11536444677503932 0.10558488469019174 0.10329424902289223 0.21604340244138737 0.16268290466236482 0.12634178778379407 0.1625124626121635 0.07739263134946589 0.0358196375895491 0.07367859049652961 0.006509710317890853 0.07797458606083942 0.029971062422488638 0.12936880542514345 0.14403083477026066 0.10571692497177462 0.09612269143536017 0.07548845470692718 -0.11895497498610338 0.04697400043696745 -0.0687556357078449 0.04503089328725521 0.026380068392769906 0.15729906004220218 0.03664724675812817 0.02555850056796668 -0.01273074474856779 0.029310164346278655 -0.05892875933915607 0.03538299703547863 -0.034770514603616146 0.10124531740407003 0.0788158400615148 0.11251618042417606 0.07078909015198834 0.009096422073984232 0.012166588675713618 0.018048826826256296 -0.007060722211014722 0.04922779922779923 -0.06081160098234125
0.07073618024626671 -0.016591390911604754 0.0792550029720626 -0.04155647903286739 0.019745108598097295 -0.09117432530999271 0.09547024172252691 -0.03556485355648535 0.0934151479073175 -0.06597549481621112 0.039144835892803376 -0.027296587926509186 0.12080239388230078 -0.04620674833440791 -0.029816985399958872 -0.22303282959874937 0.020977554017201597 -0.11198580773921721 0.10935221828785668 -0.08226691042047532 0.014282575258185012 0.052608975735452 0.03787468888648414 -0.07884635335615728 -0.2574685534591195 -0.3817783094098884 -0.177157148812005 -0.0944485255535733 0.006993705664901586 -0.08560392525315796 -0.05553775499305778 -0.011652748106428431 -0.11072319201995011 -0.17241379310344826 -0.6069500994224032 -6.036367249602543 -1.0932831691933163 -0.20222222222222222 -0.21420643729189792 -0.10613482621880102 -0.023376899373074064 -0.009437523593808986 -0.0018590816136828405 -0.029285435376805936 -0.27969983432414 -1.5118488151184881 -0.7883196063750134 -0.2704749540192578 -0.027935851008794622 -0.06802721088435373 0.04489995119570522 -0.010998075336816057 0.11303364924789147 -0.05013170192879599 -0.06915753547691757 -0.16612225851609888 -0.15746441909760772 -0.18166455428812842 -0.07089947089947089 -0.11431567907708443 0.10280633509308142 0.09491903964265773 0.2189498159271459 0.1599563755339453 0.11874228175168614 0.16749750747756728 0.07303248310442556 0.04214075010535188 0.05339028296849972 0.0075946620375393304 0.07027339237581824 0.025837122778007444 0.12310902451747523 0.15315954965006592 0.09955865749769065 0.10800302408467435 0.05772646536412078 -0.1245136186770428 0.033864977059209087 -0.07889990982867448 0.03979474290501623 0.02149487054225696 0.14962593516209474 0.03570757376433001 0.019878833775085196 -0.010608953957139825 0.01151470742175233 -0.06313795643481006 0.015300755474801569 -0.03377707132922711 0.09517059835982586 0.07593233371780084 0.1095290251916758 0.07078909015198834 -0.0030321406913280816 0.02152550304164717 0.0075995060321079125 -0.01412144442202945 0.03281853281853282 -0.06198105484738627
0.06374989083922802 -0.01474790303253756 0.06835744006340401 -0.04627880619569323 0.011667564171602944 -0.09026258205689278 0.09851716433069266 -0.036610878661087864 0.09158347834050737 -0.06409048067860508 0.033122553447756706 -0.01994750656167979 0.12080239388230078 -0.05050505050505051 -0.029816985399958872 -0.2407503908285565 0.015733165512901198 -0.11087703736556158 0.11143511768381587 -0.08023562868169813 0.0 0.06978741679192613 0.014067741586408394 -0.06328457308849465 -0.2574685534591195 -0.3478867623604466 -0.16986244268445186 -0.08185538881309687 0.003996403237086621 -0.06681281970978183 -0.06408202499198976 -0.0009710623422023685 -0.1306733167082294 -0.17138752052545153 -0.6221001799072057 -6.453696343402226 -1.1596768839216556 -0.20555555555555557 -0.2386237513873474 -0.1014695591322603 -0.030815003719052176 -0.010381275953189887 -0.014872652909462724 -0.01854744240531043 -0.3069876230386902 -2.1237876212378763 -0.9316504438977431 -0.2888672508925673 -0.05069839627521987 -0.07221350078492934 0.041971693509028796 -0.0036660251122720188 0.09738283627510651 -0.03823604384399694 -0.08532423208191127 -0.16332244517032196 -0.1806803270414858 -0.18694550063371357 -0.08359788359788359 -0.1090718405873099 0.09539686950078724 0.08747440908244927 0.2005425305173416 0.13996182859220213 0.10734302270352428 0.164506480558325 0.06649226073686505 0.023177412557943537 0.044847837693539776 -0.008679613757187806 0.05005775895263766 0.025837122778007444 0.10015649452269171 0.16127396287655946 0.07697834342604946 0.11772329625229505 0.024422735346358793 -0.12562534741523068 0.004369674459252784 -0.0811541929666366 0.030369672216986065 0.0361504640937958 0.14003452906196048 0.03852659274572449 0.014199166982203712 -0.0010608953957139816 0.008374332670365331 -0.058928759339156055 0.011475566606101177 -0.02284919531094775 0.08504606661941885 0.07208765859284891 0.08364034651000697 0.07287112221528211 -0.009096422073984235 0.027140851661207298 0.0018998765080269775 -0.024208190437764777 0.028957528957528955 -0.06431996257747633
0.058510173783949 -0.006452207576735182 0.05845056469189619 -0.027389497544389872 0.010770059235325794 -0.087527352297593 0.0832825512898639 -0.034518828451882845 0.08150929572305157 -0.05466540999057492 0.013048278630934454 -0.0031496062992125984 0.09752853818020615 -0.039759295078444015 -0.04112687641373638 -0.2449192287649818 -0.007342143906020555 -0.09978933362900541 0.09164757342220371 -0.07515742433475522 -0.0032959789057350032 0.06978741679192613 0.015149875554593656 -0.04253553273161116 -0.23388364779874213 -0.3110047846889953 -0.1563151313047103 -0.07241053625773954 0.011989209711259862 -0.056373316630128414 -0.07476236249065471 0.002913187026607109 -0.13965087281795513 -0.1416256157635468 -0.618312659786005 -6.67329093799682 -1.205045922319354 -0.21222222222222223 -0.2475027746947836 -0.10263587590389549 -0.04356603974072894 -0.005662514156285392 -0.02881576501208403 -0.015618898867629832 -0.33817366728389053 -2.912708729127087 -1.0771205476521553 -0.29535864978902954 -0.0734609415416451 -0.07012035583464153 0.032210834553440704 -0.005499037668408029 0.07564559603512737 -0.03823604384399694 -0.10508352793245912 -0.18572095193653754 -0.2049056222872716 -0.1996197718631179 -0.10687830687830688 -0.1111693759832197 0.09261831990367694 0.08840498790247535 0.1956985080410773 0.15450331727710626 0.11114277571957823 0.1764705882352941 0.07303248310442555 0.009481668773704172 0.0416444207154298 -0.013019420635781709 0.04139391605698884 0.03513848697809012 0.08033385498174231 0.16735977279642963 0.07082007595196552 0.1242034776973755 0.0011101243339253996 -0.13007226236798222 -0.016386279222197948 -0.07664562669071233 0.02094460152895591 0.03517342452369321 0.11797429503165165 0.032888554782935536 0.01135933358576297 -0.002121790791427966 0.0010467915837956677 -0.05998105861306956 -0.007650377737400782 -0.028809854957281944 0.09314569201174445 0.06728181468665898 0.0916060937966743 0.08744534665833854 0.008085708510208208 0.032756200280767436 0.006649567778094424 -0.037320960258220695 0.036679536679536676 -0.07484504736288153
0.05152388437691032 -0.002765231818600792 0.04061818902318208 -0.031167359274650547 0.0 -0.0975565280816922 0.0700792199878123 -0.03347280334728033 0.06594010440516532 -0.0527803958529689 0.010037137408411117 0.007349081364829396 0.0930954228083786 -0.022566086395873625 -0.051408595517170474 -0.25638353309015105 -0.03146633102580239 -0.09313671138707172 0.07290147885857114 -0.07007921998781229 -0.007690617446715007 0.0719347219239854 0.02488908126826101 -0.02801120448179272 -0.21029874213836477 -0.26714513556618824 -0.14693622342642768 -0.06401511176408857 0.007992806474173244 -0.052197515398267044 -0.07689842999038772 0.0009710623422023717 -0.1376558603491272 -0.1488095238095238 -0.5974812991194015 -6.6713036565977735 -1.208365608055771 -0.21333333333333332 -0.25416204217536076 -0.10263587590389549 -0.05312931675698651 -0.0028312570781426965 -0.044617958728388175 0.0009761811792268662 -0.3674105837637658 -3.74962503749625 -1.2257995507540913 -0.2964405496051066 -0.09105018106570098 -0.06488749345892202 0.028306490971205467 -0.010081569058748052 0.07042865837753239 -0.03483728439119721 -0.12214837434884138 -0.21278581427904805 -0.23215907943878067 -0.20173215040135192 -0.128042328042328 -0.10907184058730993 0.08706122070945632 0.08654383026242322 0.1889168765743073 0.15359447423429975 0.10544314619549729 0.18943170488534394 0.0708524089819054 0.004214075010535189 0.028830752802989856 -0.01518932407507866 0.028879476318829422 0.026870607689127735 0.08555033907146584 0.17648848767623487 0.06158267474083958 0.12204341721568204 -0.017761989342806393 -0.14007782101167315 -0.0294953025999563 -0.08340847610459873 0.019897371452508115 0.03712750366389839 0.1371571072319202 0.03852659274572449 0.015145778114350621 0.0010608953957139803 1.3877787807814458e-18 -0.056824160791329056 -0.010519269388926078 -0.02582952513411485 0.08403361344537814 0.08169934640522876 0.09758040426167477 0.09369144284821987 0.01516070345664039 0.05147402901263454 0.0066495677780944226 -0.030260238047205967 0.03571428571428571 -0.05496433165711613
0.04017116409047245 -0.005530463637201585 0.02476718842876956 -0.032111824707215714 -0.013462574044157242 -0.11396790663749087 0.04671947999187487 -0.036610878661087864 0.05128674787068412 -0.05466540999057493 0.004014854963364445 0.006299212598425197 0.10639476892386127 -0.00967117988394584 -0.05654945506888751 -0.2803543512245962 -0.03461296412838263 -0.07539638540858187 0.07186002916059155 -0.05382896607759495 -0.0065919578114700065 0.08267124758428172 0.0530245644410778 -0.004149808071376698 -0.17688679245283018 -0.19437799043062198 -0.12817840766986244 -0.03882883828313569 0.011989209711259868 -0.03027455893099489 -0.06728612624158925 0.006797436395416587 -0.12369077306733167 -0.1272577996715928 -0.5671811381497964 -6.08704292527822 -1.195086865110103 -0.2033333333333333 -0.2586015538290788 -0.09563797527408444 -0.058442248432685154 -2.0816681711721684e-18 -0.05205428518311954 0.004880905896134323 -0.400545755774291 -4.548545145485451 -1.369130388276821 -0.28778535107649034 -0.1065700982928091 -0.050235478806907374 0.03318692044899951 -0.0073320502245440376 0.07825406486392489 -0.03143852493839748 -0.1266391234057841 -0.25664955669622025 -0.2563843746845665 -0.19433882551753273 -0.1312169312169312 -0.09438909281594127 0.08983977030656663 0.09026614554252746 0.19376089905057156 0.17631555030446242 0.10164339317944335 0.2113659022931206 0.06540222367560497 0.0010535187526337978 0.014949279231179924 -0.014104372355430184 0.03176742395071236 0.027904092600248037 0.08972352634324465 0.17547418602292322 0.06363543056553425 0.10800302408467437 -0.016651865008880995 -0.1389660922734853 -0.025125628140703522 -0.07889990982867447 0.027227981987642685 0.03712750366389839 0.15154421638212162 0.03852659274572449 0.022718667171525937 -0.022278803309993638 0.009421124254160996 -0.04419656950436704 -0.009562972171750981 -0.014901649115835486 0.09517059835982586 0.09131103421760862 0.10654186995917554 0.10826566729127629 0.022235698403072574 0.07206364061768836 0.0085494442861214 -0.021182166633044182 0.028957528957528948 -0.04210033914162087
0.052397170552790154 -0.004608719697667988 0.04061818902318208 -0.02927842840952022 -0.0008975049362771471 -0.10485047410649162 0.0507820434694292 -0.02824267782426778 0.06868760875538052 -0.05183788878416588 0.004014854963364444 -0.0031496062992125984 0.11969411503934393 -0.0010745755426606455 -0.04729590787579683 -0.2647212089630015 -0.02307530941892175 -0.07428761503492627 0.07915017704644867 -0.0578915295551493 -0.004394638540980005 0.08481855271634098 0.06384590412293042 6.938893903907229e-19 -0.14445754716981132 -0.16148325358851673 -0.10525218841183828 -0.02623570154265925 0.024977520231791384 -0.029230608623029543 -0.03951724874506034 0.0029131870266071087 -0.09875311720698254 -0.11904761904761903 -0.48101505539248174 -5.120230524642289 -1.064512559477703 -0.18666666666666665 -0.22086570477247505 -0.09680429204571962 -0.07225587078950164 -0.0037750094375235957 -0.056701989217326644 0.007809449433814919 -0.42490985284085375 -5.163483651634837 -1.4589795700074872 -0.2802120523639511 -0.11898603207449561 -0.048142333856619576 0.031234748657881894 -0.011914581614884064 0.07651508564472655 -0.04163480329679667 -0.1428058200107778 -0.482501166588894 -0.352276168365802 -0.203844528939586 -0.1386243386243386 -0.09753539590980598 0.09539686950078727 0.09212730318257957 0.2073241619841116 0.17722439334726892 0.10734302270352428 0.22133599202392823 0.0697623719206453 -0.009481668773704172 0.017084890549919917 -0.026038841271563418 0.029842125529457066 0.028937577511368336 0.10224308815858112 0.18460290090272846 0.06260905265318692 0.08748244950858623 -0.02553285968028419 -0.132295719844358 -0.025125628140703522 -0.07326420198376915 0.03246413236988167 0.038104543234000976 0.15633991943218878 0.04040593873332081 0.03313138962514199 -0.01803522172713771 0.015701873756934995 -0.04209197095654004 1.3877787807814458e-18 -0.020862308762169678 0.09618305153386657 0.09034986543637065 0.12546051976501044 0.11971684363939203 0.03638568829593693 0.08423022929340196 0.014249073810202333 -0.013112769820455922 0.03378378378378378 -0.03625306981639574
0.06113003231158851 0.0018434878790671932 0.02476718842876956 -0.017000377786173027 0.0017950098725543011 -0.08752735229759298 0.061954093032703626 -0.013598326359832635 0.06868760875538052 -0.04241281809613572 0.010037137408411117 -0.014698162729658792 0.1318851823118697 0.01289490651192779 -0.030845157310302285 -0.24908806670140698 -0.014684287812041114 -0.07872269652954872 0.0666527806706936 -0.05586024781637213 -0.004394638540980005 0.0880395104144299 0.05951736825018937 0.010374520178441747 -0.13561320754716982 -0.14952153110047844 -0.1000416840350146 -0.01888970511071466 0.015985612948346488 -0.025054807391168176 -0.02670084374666239 0.002913187026607109 -0.10972568578553617 -0.0964696223316913 -0.42325537354417203 -4.1931637519872815 -0.9250857585481909 -0.17555555555555558 -0.21087680355160932 -0.09213902495917892 -0.07756880246520029 -0.003775009437523592 -0.06227923405837517 0.022452167122217887 -0.4453756943767665 -5.572442755724427 -1.516739758262916 -0.27155685383533484 -0.14588722193481635 -0.035583464154892726 0.027330405075646658 -0.016497113005224086 0.0573863142335449 -0.03908573370719687 -0.18950961020298188 -0.8987400839944003 -0.48551529221762396 -0.2217997465145754 -0.1693121693121693 -0.09648662821185107 0.1037325182921182 0.0893355667225014 0.18794807207905445 0.1744978642188494 0.09689370190937589 0.22133599202392823 0.07194244604316546 -0.009481668773704172 0.007474639615589962 -0.03254855158945427 0.04524451289949942 0.028937577511368336 0.10119979134063642 0.19271731412922202 0.0697936980396182 0.06588184469165137 -0.017761989342806393 -0.12784880489160647 -0.01966353506663753 -0.06650135256988278 0.03665305267567285 0.039081582804103565 0.15921734126222906 0.046043976696109754 0.03502461188943582 -0.008487163165711863 0.020935831675913324 -0.03788277386088604 -0.005737783303050586 -0.02384263858533678 0.09213323883770376 0.08938869665513265 0.13243054864084436 0.12075785967103894 0.04244996967859308 0.0814225549836219 0.016148950318229317 -0.014121444422029455 0.033783783783783786 -0.0339141620863057
0.05763688760806916 0.0009217439395335963 0.0168416881315633 -0.017000377786173027 0.0035900197451086023 -0.09026258205689278 0.05992281129392647 -0.012552301255230125 0.0696034435387856 -0.046182846371347785 0.007025996185887784 -0.024146981627296588 0.12080239388230081 0.008596604341285194 -0.03598601686201933 -0.23658155289213134 -0.009439899307740713 -0.07650515578223749 0.06456988127473443 -0.053828966077594964 -0.014282575258185016 0.09555507837663732 0.05086029650470728 0.022823944392571845 -0.13266509433962265 -0.13157894736842107 -0.09795748228428511 -0.00209885612341274 0.009991008092716554 -0.018791105543376135 -0.029904944996261878 0.01553699747523791 -0.13167082294264337 -0.0769704433497537 -0.38443329230186535 -3.2611287758346577 -0.7922983290915127 -0.15555555555555556 -0.20199778024417311 -0.08514112432936785 -0.08713207948145786 -0.003775009437523592 -0.06785647889942367 0.01952362358453729 -0.45707046096871656 -5.793420657934206 -1.5274360894213284 -0.2607378556745646 -0.15106052767718572 -0.025117739403453687 0.017569546120058566 -0.021079644395564107 0.0373880532127641 -0.046732942475996256 -0.2442967486976828 -1.4801679888007466 -0.6399515494095084 -0.21968736797634136 -0.19365079365079366 -0.09334032511798637 0.10373251829211819 0.09119672436255351 0.17147839565975584 0.16995364900481688 0.07979481333713309 0.21335992023928213 0.06104207543056465 -0.01369574378423936 0.017084890549919917 -0.042313117066290554 0.04428186368887178 0.031004547333608922 0.11476264997391758 0.1977888223957805 0.07082007595196552 0.0518414515606437 -0.024422735346358793 -0.12229016120066705 -0.01857111645182434 -0.05748422001803427 0.0230390616818515 0.05569125549584758 0.14483023211202764 0.04416463070851344 0.024611889435819764 0.0021217907914279663 0.01988904009211766 -0.024202883300010525 -0.006694080520225684 -0.01986886548778065 0.07998380074921534 0.08842752787389467 0.09857612267250822 0.11971684363939203 0.026278552658176673 0.08610201216658867 0.0075995060321079125 0.001008674601573531 0.02413127413127413 -0.02221962343585545
0.04191773644223211 0.0027652318186007917 -0.003962750148603133 -0.0207782395164337 -0.014360078980434393 -0.09026258205689278 0.04570383912248629 -0.014644351464435146 0.05495008700430441 -0.047125353440150806 0.0030111412225233367 0.004199475065616798 0.11304444198160257 0.02793896410917688 -0.05243676742751389 -0.21365294424179257 -0.023075309418921754 -0.05987360017740325 0.05311393459695897 -0.0385943530367662 -0.01757855416392002 0.10092334120678548 0.046531760631966235 0.025936300446104364 -0.12873427672955978 -0.12360446570972887 -0.09066277615673198 0.013642564802182811 0.01698471375761814 -0.012527403695584088 -0.03951724874506034 0.024276558555059235 -0.11271820448877805 -0.075944170771757 -0.3370892907868573 -2.4215023847376793 -0.6639371472833905 -0.1388888888888889 -0.1864594894561598 -0.08397480755773268 -0.094570183827436 0.012268780671951682 -0.0734337237404722 0.033190160093713394 -0.459994152616704 -5.773422657734226 -1.5028345277569792 -0.23909985935302389 -0.1562338334195551 -0.010465724751439035 0.0 -0.02199615067363211 0.021737240239979132 -0.05438015124479565 -0.3080653853062691 -2.22025198320112 -0.81356616533764 -0.2334178284748627 -0.2328042328042328 -0.09858416360776089 0.0879874039084931 0.09584961846268379 0.16082154621197442 0.15359447423429975 0.045597036192647475 0.20638085742771684 0.026160889470241987 -0.01790981879477455 1.3877787807814458e-18 -0.045567972225235974 0.04139391605698883 0.0454733360892931 0.11163275952008347 0.1825742975961051 0.054398029354408295 0.03348093746624907 -0.041074600355239785 -0.1122846025569761 -0.03823465151846188 -0.05522993688007214 0.021991831605403703 0.05666829506595017 0.14674851333205446 0.04698364968990791 0.019878833775085196 0.00530447697856991 0.025122998011095986 -0.030516678943491526 -0.006694080520225684 -0.021855752036558714 0.059734737268401325 0.08554402153018073 0.09359753061834113 0.10514261919633561 0.011117849201536288 0.07674309780065512 -0.0028498147620404654 -0.0010086746015735323 0.021235521235521235 -0.026897438896035554
0.03405816085931359 -0.000921743939533598 -0.0287299385773727 -0.028333962976955045 -0.03590019745108598 -0.10029175784099198 0.027422303473491772 -0.02405857740585774 0.03297005220258266 -0.051837888784165884 -0.0020074274816822236 0.0031496062992125984 0.08866230743655104 0.017193208682570387 -0.07197203372403867 -0.21052631578947367 -0.04090623033354311 -0.05100343718815833 0.03749218912726515 -0.039609993906154786 -0.03076246978686003 0.09662873094266695 0.02597121523644627 0.033198464571013594 -0.13561320754716982 -0.11363636363636362 -0.09066277615673198 0.017840277049008292 0.015985612948346488 -0.004175801231861363 -0.028836911246395387 0.02718974558166634 -0.10274314214463842 -0.05233990147783252 -0.2878515292112489 -1.6554054054054053 -0.5400022131238242 -0.1211111111111111 -0.17869034406215317 -0.08164217401446233 -0.10200828817341409 0.008493771234428085 -0.08087005019520356 0.035142522452167126 -0.4551213332033915 -5.588441155884411 -1.4482832388490747 -0.23260846045656175 -0.16037247801345061 -0.012558869701726844 -0.02342606149341142 -0.02107964439556411 -0.014781323363185809 -0.06967456878239442 -0.37183402191485543 -3.023798413439104 -0.9891995558695872 -0.23975496408956481 -0.27089947089947086 -0.09019402202412166 0.08428267111234602 0.09212730318257958 0.1588839372214687 0.14177951467781516 0.03419777714448561 0.19142572283150547 0.017440592980161325 -0.03160556257901391 0.002135611318739991 -0.04990777910382988 0.02791682710820177 0.04547333608929309 0.099113197704747 0.1612739628765595 0.04002873858154572 0.016200453612701164 -0.054396092362344585 -0.11450806003335186 -0.043696744592527856 -0.059738503155996395 0.005236150382238977 0.04787493893502687 0.12852484174179932 0.0563803796278895 0.002839833396440742 0.014852535539995753 0.01988904009211766 -0.03262127749131853 -0.02486372764655255 -0.021855752036558714 0.05264756505011643 0.09034986543637062 0.08164890968834014 0.10722465125962939 0.005053567818880132 0.08610201216658868 0.0018998765080269805 0.004034698406294131 0.021235521235521235 -0.016372354110630337
0.024452012924635395 0.006452207576735182 -0.019813750743015654 -0.0236116358141292 -0.03859271225991743 -0.1012035010940919 0.013203331302051594 -0.02092050209205021 0.027475043502152213 -0.0527803958529689 -0.003011141222523334 0.009448818897637795 0.09863681702316303 0.044057597249086616 -0.07094386181369525 -0.18968212610734758 -0.03251520872666247 -0.045459585319880244 0.034367840033326394 -0.030469226081657523 -0.026367831245880026 0.11380717199914106 0.03138188507737258 0.03942317667807864 -0.12382075471698115 -0.11662679425837322 -0.07711546477699041 0.03463112603631021 0.02198021780397642 0.010439503079653408 -0.021360674997329916 0.0349582443192853 -0.0798004987531172 -0.021551724137931032 -0.23672000757504025 -1.043322734499205 -0.4348788314706208 -0.12 -0.14872364039955605 -0.08047585724282716 -0.09350759749229627 0.0018875047187617983 -0.0734337237404722 0.05857087075361187 -0.43173180001949135 -5.237476252374762 -1.3616429564659323 -0.21637996321540626 -0.1396792550439731 -0.003139717425431711 -0.03513909224011713 -0.015580606727156082 -0.03391009477436745 -0.07647208768799388 -0.419435961918448 -3.888007466168922 -1.1436358130614717 -0.2418673426277989 -0.28465608465608466 -0.08180388044048242 0.08150412151523571 0.0977107761027359 0.16082154621197442 0.13996182859220213 0.028498147620404674 0.17248255234297108 0.00654022236756049 -0.03476611883691529 0.010678056593699945 -0.049907779103829875 0.03658067000385059 0.05787515502273666 0.11058946270213876 0.1592453595699361 0.04516062814328235 0.02376066529862835 -0.05550621669626998 -0.10339077265147303 -0.03823465151846188 -0.046212804328223625 0.006283380458686772 0.0625305324865657 0.13523882601189335 0.06013907160308213 0.0056796667928814834 0.024400594101421598 0.029310164346278655 -0.01999368620435652 -0.019125944343501962 -0.006954102920723226 0.05669737774627923 0.09996155324875047 0.08762322015334065 0.10410160316468875 0.009096422073984237 0.07299953205428171 0.0066495677780944226 0.009078071414161792 0.027992277992277992 -0.01520290024558531
0.027071871452274902 0.005530463637201584 -0.00792550029720626 -0.02550056667925954 -0.03231017770597738 -0.11123267687819109 0.006093845216331504 -0.015690376569037656 0.03297005220258266 -0.05560791705937794 -0.004014854963364448 0.0031496062992125984 0.09198714396542171 0.039759295078444015 -0.0760847213654123 -0.18551328817092233 -0.027270820222362074 -0.05100343718815833 0.028119141845448864 -0.03554743042860045 -0.023071852340145024 0.1019969937728151 0.047613894600151495 0.04668534080298786 -0.11497641509433962 -0.1385566188197767 -0.07711546477699043 0.0209885612341274 0.020981116994704764 -0.006263701847792046 -0.02776887749652889 0.03981355603029715 -0.07182044887780548 -0.004105090311986865 -0.20926048669633554 -0.590222575516693 -0.3441407546752241 -0.1 -0.1220865704772475 -0.06881268952647537 -0.08606949314631815 0.00660626651566629 -0.06320877486521657 0.051737602499023816 -0.39664750024364104 -4.636536346365363 -1.239704781260028 -0.1969057665260197 -0.11898603207449561 -0.0010465724751439053 -0.05075646656905808 -0.030244707176244157 -0.02956264672637162 -0.08411929645679325 -0.46703790192204064 -4.7680821278581424 -1.3071565559705258 -0.26087874947190537 -0.30052910052910053 -0.1006816990036707 0.07779938871908865 0.09305788200260563 0.1676031776787444 0.15722984640552576 0.01804882682625629 0.13958125623130607 -0.005450185306300416 -0.03792667509481669 0.013881473571809933 -0.05099273082347835 0.053908355795148244 0.06304257957833816 0.12832550860719877 0.15113094634344257 0.06363543056553422 0.038881088670482775 -0.041074600355239785 -0.09894385769872151 -0.018571116451824337 -0.04395852119026149 0.0062833804586867725 0.0449438202247191 0.14099366967197394 0.05356136064649501 0.0056796667928814834 0.009548058561425843 0.03559091384905265 -0.03577817531305903 -0.01912594434350196 -0.02384263858533677 0.05062265870203503 0.09803921568627452 0.09359753061834111 0.11971684363939203 0.005053567818880132 0.06083294337856808 0.013299135556188849 0.010086746015735323 0.033783783783783786 -0.018711261840720382
0.023578726748755562 -0.0018434878790671953 -0.007925500297206258 -0.040612013600302234 -0.03320768264225453 -0.12217359591539023 0.014218972171440178 -0.02405857740585774 0.04029673046982324 -0.06503298774740812 -0.00401485496336445 -0.009448818897637795 0.11415272082455945 0.03546099290780142 -0.06888751799300843 -0.1719645648775404 -0.015733165512901198 -0.05654728905643641 0.034367840033326394 -0.040625634775543366 -0.015381234893430015 0.09448142581060769 0.06384590412293042 0.03734827264239029 -0.10908018867924527 -0.16148325358851676 -0.06044185077115464 -0.00314828418511911 0.023978419422519735 -0.02714270800709887 -0.02029264124746342 0.03010293260827345 -0.052867830423940144 -0.018472906403940885 -0.1694915254237288 -0.3179650238473768 -0.24565674449485447 -0.10111111111111112 -0.10099889012208656 -0.07581059015628644 -0.07331845712464138 -0.005662514156285391 -0.04647704034207101 0.06247559547051933 -0.35279212552382816 -3.8416158384161583 -1.0963739437372984 -0.19474196689386566 -0.09311950336264874 -0.00523286237571952 -0.05954123962908736 -0.03666025112272019 -0.0199982610207808 -0.0960149545415923 -0.5047601940003593 -5.594027064862343 -1.466639749671949 -0.2746092099704267 -0.3174603174603175 -0.1090718405873099 0.07409465592294157 0.08747440908244927 0.16469676419298585 0.14268835772062163 -0.000949938254013491 0.06979062811565302 -0.0446915195116634 -0.04635482511588706 0.017084890549919917 -0.05533253770207226 0.05583365421640354 0.04857379082265399 0.14814814814814817 0.1633025661831829 0.07595196551370213 0.05616157252403068 -0.026642984014209593 -0.1056142301278488 -0.0032772558444395888 -0.05072137060414787 0.0062833804586867725 0.0361504640937958 0.16209476309226933 0.05544070663409133 0.010412722453616052 0.008487163165711862 0.04082487176803099 -0.04103967168262654 -0.01338816104045137 -0.03179018478044904 0.041510580135668725 0.09131103421760862 0.08861893856417404 0.1072246512596294 -0.0010107135637760236 0.05521759475900796 0.015199012064215828 -0.0020173492031470646 0.03861003861003861 -0.026897438896035554
0.017465723517596714 -0.0036869757581343915 -0.003962750148603133 -0.03494522100491122 -0.02423263327948304 -0.12217359591539023 0.021328458257160267 -0.02824267782426778 0.0485392435204689 -0.06597549481621114 -0.003011141222523338 -0.02099737532808399 0.12191067272525768 0.02364066193853428 -0.05346493933785727 -0.16154247003647734 0.006293266205160479 -0.05876482980374764 0.04269943761716309 -0.04570383912248629 -0.001098659635245003 0.09770238350869659 0.07142084190022725 0.033198464571013594 -0.09139150943396226 -0.16447368421052636 -0.03959983326385994 -0.013642564802182811 0.039964032370866216 -0.03131850923896022 -0.011748371248531453 0.033987181977082934 -0.028927680798004986 -0.0010262725779967164 -0.12404128396932106 -0.18282988871224165 -0.16155803917229167 -0.09888888888888889 -0.07547169811320756 -0.07581059015628644 -0.0595048347678249 -0.005662514156285393 -0.02416806097787693 0.06149941429129248 -0.3040639313907027 -2.9647035296470357 -0.9166755802759654 -0.17743156983663316 -0.06621831350232799 -6.938893903907229e-19 -0.07223035627135188 -0.03849326367885619 -0.02608468828797496 -0.10026340385759196 -0.544278785701455 -6.357442837144189 -1.610982133844756 -0.28305872412336297 -0.32698412698412704 -0.11012060828526482 0.07224228952486803 0.08654383026242322 0.1608215462119744 0.14541488684904116 -0.010449320794148379 -0.04187437686939184 -0.08393285371702637 -0.04635482511588706 0.027762947143619866 -0.04773787566453293 0.06353484790142472 0.04547333608929309 0.16588419405320814 0.16127396287655948 0.08929487837421737 0.07776217734096555 -0.024422735346358793 -0.10783768760422455 0.0010924186148131968 -0.05184851217312895 0.003141690229343387 0.038104543234000976 0.14866679455208134 0.05544070663409133 0.015145778114350621 -0.006365372374283894 0.049199204438396316 -0.05156266442176155 -0.010519269388926078 -0.0337770713292271 0.041510580135668725 0.08362168396770472 0.08762322015334062 0.11034769935457008 0.00505356781888013 0.05334581188582125 0.02184857984231025 -0.005043373007867662 0.041505791505791506 -0.033914162086305696
0.023578726748755562 -0.006452207576735184 0.0059441252229046945 -0.03211182470721571 -0.013462574044157244 -0.12035010940919037 0.03250050782043469 -0.03138075313807531 0.054950087004304426 -0.07351555136663526 0.0010037137408411105 -0.01679790026246719 0.09642025933724926 0.02256608639587363 -0.058605798889574325 -0.1511203751954143 0.0073421439060205596 -0.06430868167202572 0.039575088523224326 -0.05281332520820638 -0.003295978905735005 0.09448142581060769 0.03679255491829888 0.029048656499636893 -0.10220125786163521 -0.15649920255183414 -0.03751563151313047 -0.01469199286388918 0.038964931561594564 -0.0407140620106483 -0.007476236249065471 0.027189745581666352 -0.02992518703241895 -0.01026272577996716 -0.10605056339361804 -0.12122416534181239 -0.09959057209250857 -0.09111111111111111 -0.05771365149833518 -0.08164217401446232 -0.04781638508128784 -0.010381275953189883 -0.02137943855735267 0.05857087075361188 -0.25533573725757724 -2.0797920207979206 -0.7241416194245374 -0.17310397057232502 -0.03931712364200725 -0.015698587127158554 -0.07906295754026355 -0.054990376684080286 -0.0478219285279541 -0.1147081315319908 -0.5945751751392132 -7.039664022398506 -1.7593620672251942 -0.3084072665821716 -0.34814814814814815 -0.1394861038280021 0.07779938871908863 0.07723804206216267 0.16082154621197442 0.1263291829501045 -0.030398024128431657 -0.259222333000997 -0.1373446697187704 -0.055836493889591235 0.03096636412172985 -0.05750244114136922 0.0673854447439353 0.03100454733360893 0.14814814814814814 0.15011664469013083 0.08211023298778611 0.1036829031212874 -0.03108348134991119 -0.11895497498610338 -0.006554511688879177 -0.06311992786293959 0.0031416902293433862 0.026380068392769906 0.12948398235181277 0.05732005262168764 0.008519500189322224 -0.0180352217271377 0.05443316235737465 -0.06945175207829106 -0.01338816104045137 -0.04768527717067356 0.04049812696162802 0.07400999615532489 0.0796574728666733 0.09577347491151364 0.007074994946432181 0.07019185774450164 0.026598271112377697 -0.007060722211014727 0.04826254826254826 -0.045608700736755936
0.013099292638197535 -0.004608719697667988 -0.005944125222904698 -0.02927842840952021 -0.015257583916711549 -0.12126185266229028 0.027422303473491772 -0.02719665271966527 0.043960069603443536 -0.07163053722902922 -0.003011141222523336 -0.012598425196850394 0.0919871439654217 0.02364066193853428 -0.05346493933785729 -0.14486711829077648 0.012586532410320959 -0.0631999112983701 0.038533638825244736 -0.046719479991874875 -0.0021973192704900033 0.1019969937728151 0.03138188507737257 0.033198464571013594 -0.10220125786163521 -0.13955342902711326 -0.0323051271363068 -0.017840277049008292 0.03996403237086622 -0.03862616139471761 -0.014952472498130942 0.029131870266071086 -0.03790523690773066 -0.004105090311986867 -0.10794432345421837 -0.11526232114467408 -0.08299214341042382 -0.08777777777777777 -0.05549389567147615 -0.07581059015628644 -0.04037828073530973 0.0009437523593808985 -0.011154489682097044 0.06833268254588053 -0.20758210700711435 -1.3368663133686627 -0.5476521553107284 -0.15795737314724653 -0.011381272633212619 -0.00523286237571952 -0.08296730112249878 -0.05315736412794427 -0.048691418137553254 -0.11725720112159059 -0.6062511226872643 -7.363509099393373 -1.8047844958110428 -0.3073510773130545 -0.3534391534391535 -0.13948610382800214 0.07316847272390478 0.06979341150195421 0.14144545630691727 0.11724075252203943 -0.07314524555903865 -0.7337986041874377 -0.26378896882494 -0.05689001264222503 0.011745862253069941 -0.04665292394488445 0.06449749711205235 0.038238941711451015 0.1418883672404799 0.1501166446901308 0.08518936672482806 0.17388486877632572 -0.03441385435168739 -0.12006670372429126 -0.0065545116888791775 -0.06424706943192064 -0.0010472300764477955 0.02247191011235955 0.1304431229618262 0.04698364968990791 0.0028398333964407413 -0.02758328028856355 0.052339579189783325 -0.06945175207829107 -0.021038538777852157 -0.04470494734750646 0.03442340791738382 0.0788158400615148 0.06571741511500548 0.08536331459504476 0.006064281382656155 0.07580720636406177 0.024698394604350717 -0.015130119023602983 0.05115830115830115 -0.05496433165711613
0.00436643087939918 -0.000921743939533598 -0.0009906875371507814 -0.028333962976955042 -0.013462574044157249 -0.12490882567469001 0.023359739995937438 -0.02615062761506276 0.04212840003663339 -0.0706880301602262 -0.016059419853457796 0.0 0.0919871439654217 0.03438641736514077 -0.05346493933785727 -0.11985409067222512 0.016782043213761276 -0.04989466681450271 0.044782337013122266 -0.039609993906154786 -0.0032959789057350045 0.10629160403693365 0.03571042095011362 0.034235916588857766 -0.09335691823899371 -0.10964912280701755 -0.02501042100875364 -0.00524714030853185 0.04795683884503947 -0.029230608623029553 -0.019224607497596927 0.03787143134589241 -0.03391521197007481 -0.01026272577996716 -0.1088912034845185 -0.11824324324324323 -0.07524621002545093 -0.07999999999999999 -0.04328523862375139 -0.06881268952647539 -0.039315694400170006 0.0009437523593808985 -0.013013571295779885 0.08102303787582976 -0.17542149887925154 -0.7559244075592441 -0.4096694833672051 -0.1417288759060911 0.01034661148473875 -0.0020931449502878076 -0.08784773060029283 -0.04674182018146825 -0.04608294930875576 -0.1087603024895913 -0.5999640740075444 -7.374708352776482 -1.795700010093873 -0.2830587241233629 -0.34285714285714286 -0.1342422653382276 0.05279244234509586 0.06700167504187605 0.1249757798876187 0.11724075252203944 -0.12919160254583453 -1.3359920239282155 -0.408763897972531 -0.06321112515802782 -0.009610250934329947 -0.04014321362699359 0.05005775895263766 0.0413393964448119 0.13771517996870108 0.16431686783649457 0.06876732012727085 0.2473269251539043 -0.05217584369449378 -0.11895497498610341 -0.01529386060738475 -0.0597385031559964 -6.938893903907229e-19 0.028334147532975085 0.1361979666219068 0.0629580905844766 -0.007572889057175314 -0.026522384892849565 0.04291845493562232 -0.057876460065242566 -0.015300755474801569 -0.029803298231670973 0.028348688873139617 0.07689350249903884 0.04978592054167082 0.08640433062669164 -0.01010713563776026 0.09452503509592886 0.016148950318229317 -0.011095420617308855 0.03667953667953668 -0.050286516196936026
0.010479434110558029 -0.0018434878790671953 0.0029720626114523503 -0.00944465432565168 -0.012565069107880095 -0.11579139314369073 0.027422303473491776 -0.02719665271966527 0.0384650609030131 -0.0640904806786051 -0.015055706112616685 0.0031496062992125984 0.09642025933724925 0.030088115194498173 -0.05552128315854411 -0.10317873892652421 0.020977554017201593 -0.04767712606719148 0.04686523640908144 -0.03656307129798903 0.002197319270490003 0.11595447713120036 0.03679255491829888 0.04461043676729952 -0.09139150943396226 -0.07974481658692183 -0.017715714881200502 -0.00209885612341274 0.05295234289139774 -0.02192295646727216 -0.012816404998397948 0.022334433870654494 -0.023940149625935166 -0.0020525451559934337 -0.10320992330271754 -0.1271860095389507 -0.07192652428903398 -0.09555555555555555 -0.03773584905660378 -0.0828084907860975 -0.03081500371905218 -0.0028312570781426987 -0.0018590816136828427 0.08102303787582976 -0.13643894357275116 -0.372962703729627 -0.2952187399721895 -0.13848317645785996 0.027935851008794622 -0.004186289900575615 -0.0741825280624695 -0.04399230134726423 -0.03999652204156161 -0.08921743563599287 -0.5685288306089455 -7.112459169388707 -1.7422024830927625 -0.2756653992395437 -0.3206349206349207 -0.1352910330361825 0.04630915995183847 0.06700167504187605 0.11722534392559583 0.1263291829501045 -0.17098888572242804 -2.049850448654038 -0.5461085676913016 -0.0716392751790982 -0.036305392418579815 -0.03688835846804817 0.04620716211012707 0.04754030591153369 0.13458528951486698 0.15518815295668933 0.06055629682849224 0.3142888000864024 -0.07215808170515098 -0.113396331295164 -0.021848372296263928 -0.05184851217312895 0.013613990993821342 0.025403028822667317 0.13140226357183965 0.06483743657207292 -0.008519500189322227 -0.030765966475705498 0.03768449701664399 -0.05787646006524255 -0.015300755474801569 -0.029803298231670976 0.03239850156930242 0.08746635909265668 0.06173454147167181 0.10826566729127626 -0.00909642207398423 0.10201216658867569 0.018048826826256293 -0.01916481742989711 0.030888030888030892 -0.05613378552216115
0.014845864989957209 0.001843487879067195 0.005944125222904695 0.007555723460521346 -0.008975049362771496 -0.11305616338439095 0.024375380865326018 -0.02405857740585774 0.03113838263577251 -0.05749293119698399 -0.01907056107598113 -0.004199475065616798 0.08977058627950793 0.021491510853212985 -0.05038042360682706 -0.09275664408546118 0.027270820222362074 -0.0487858964408471 0.03957508852322433 -0.03250050782043469 0.007690617446715006 0.11917543482928925 0.03571042095011362 0.04772279282083204 -0.08942610062893083 -0.06379585326953748 -0.01563151313047103 0.00104942806170637 0.04595863722649615 -0.0177471552354108 -6.938893903907229e-19 0.03204505729267819 -0.021945137157107233 0.018472906403940885 -0.0918473629391156 -0.11724960254372022 -0.0564346575190882 -0.07888888888888888 -0.02552719200887902 -0.06648005598320504 -0.028689831048772717 -0.007550018875047189 0.0046477040342071 0.08004685669660287 -0.10817659097553842 -0.16698330166983302 -0.20643919135736438 -0.13415557719355187 0.03931712364200725 -0.005232862375719518 -0.06539775500244022 -0.03757675740078819 -0.03564907399356578 -0.07817146741439376 -0.5317046883420155 -6.594493700419972 -1.6786110830725751 -0.2492606675116181 -0.29735449735449737 -0.12060828526481385 0.04723534315087524 0.06607109622184999 0.10463088548730863 0.13269108424975004 -0.20708653937494065 -2.847457627118644 -0.6616524961848703 -0.07479983143699959 -0.04698344901227976 -0.028208744710860368 0.04139391605698883 0.03927242662257131 0.12728221178925403 0.14910234303681916 0.05952991891614493 0.35208985851603847 -0.08880994671403197 -0.12673707615341856 -0.016386279222197944 -0.05635707844905319 0.017802911299612523 0.017586712261846604 0.1333205447918665 0.06107874459688027 -0.011359333585762969 -0.039253129641417354 0.027216581178687325 -0.05156266442176155 -0.021994835995027256 -0.022849195310947742 0.04657284600587223 0.09707804690503653 0.0667131335258389 0.1228398917343327 1.0408340855860842e-18 0.11417875526438932 0.023748456350337236 -0.005043373007867662 0.03281853281853282 -0.03859197754648579
0.015719151165837046 0.009217439395335977 0.007925500297206258 0.0028333962976955047 -0.0035900197451085984 -0.11305616338439095 0.028437944342880356 -0.009414225941422594 0.03754922611960802 -0.0527803958529689 -0.01907056107598113 0.0 0.08644574975063726 0.010745755426606496 -0.03907053259304956 -0.08963001563314227 0.04300398573526327 -0.04435081494622463 0.04686523640908145 -0.0385943530367662 0.009887936717205007 0.12883830792355594 0.03895682285466941 0.05291005291005292 -0.08549528301886794 -0.05781499202551833 -0.01979991663192997 0.00944485255535733 0.0359676291337796 -0.022966906775237505 -0.002136067499732992 0.031073994950475813 -0.025935162094763098 0.0020525451559934306 -0.09184736293911562 -0.12718600953895073 -0.059754343255505146 -0.07333333333333333 -0.016648168701442843 -0.06181478889666433 -0.028689831048772714 -0.007550018875047188 -6.938893903907229e-19 0.0654041390081999 -0.09160900497027581 -0.06899310068993102 -0.13584340571184086 -0.12441847884885862 0.04242110708742887 -0.007326007326007326 -0.05075646656905808 -0.041242782513060204 -0.018259281801582473 -0.06797518905599456 -0.4867971977725884 -5.9281381241250575 -1.5938225497123246 -0.2365863962822138 -0.2804232804232804 -0.12899842684845306 0.045382976752801694 0.0679322538619021 0.08622360007750438 0.12632918295010448 -0.2517336373135747 -3.7188434695912265 -0.8000872029649008 -0.07058575642646439 -0.07154297917778964 -0.020614082673321037 0.04716981132075472 0.051674245556014874 0.1178925404277517 0.13693072319707883 0.05542440726675564 0.3758505238146669 -0.10546181172291295 -0.12117843246247914 -0.01747869783701114 -0.054102795311091065 0.0230390616818515 0.013678553981436248 0.13140226357183965 0.04040593873332081 -0.01609238924649754 -0.06789730532569489 0.009421124254160996 -0.06419025570872357 -0.02582002486372765 -0.0337770713292271 0.060747190442442034 0.08938869665513265 0.0667131335258389 0.1061836352279825 0.006064281382656156 0.10388394946186241 0.018048826826256293 -0.004034698406294129 0.030888030888030882 -0.050286516196936026
0.026198585276395077 -0.006452207576735184 0.0019813750743015663 -0.00472232716282584 0.007180039490217197 -0.12035010940919037 0.041641275644931953 -0.021966527196652718 0.04487590438684861 -0.05372290292177191 -0.010037137408411122 -0.012598425196850394 0.08533747090768037 -0.004298302170642594 -0.03495784495167592 -0.09900990099009901 0.04824837423956367 -0.05100343718815833 0.051031035200999796 -0.04875076173065204 0.01208525598769501 0.10521795147090403 0.045449626663780975 0.04149808071376699 -0.08746069182389939 -0.06279904306220097 -0.022926219258024176 -0.0104942806170637 0.03796583075232291 -0.04384591293454432 0.004272134999465983 0.017479122159642646 -0.028927680798004986 -0.012315270935960592 -0.08711296278761481 -0.1341414944356121 -0.05754121943122718 -0.07999999999999999 -0.017758046614872368 -0.07231163984138092 -0.01381362235681649 -0.009437523593808983 0.011154489682097044 0.05368996485747755 -0.06919403566903812 -0.013998600139985995 -0.05241202267622206 -0.12441847884885862 0.061045007759958615 -0.013605442176870746 -0.03318692044899951 -0.04949133901567225 0.010433875315189984 -0.06202736001359503 -0.43560265852344165 -5.1357909472701815 -1.489855657615827 -0.24081115335868186 -0.2582010582010582 -0.1447299423177766 0.043530610354728154 0.04839009864135493 0.06297229219143577 0.10269926383713532 -0.30493017953833 -4.6600199401794615 -0.9494222803575321 -0.09165613147914034 -0.09610250934329952 -0.02712379299121189 0.04524451289949942 0.03410500206696982 0.11580594679186229 0.12475910335733846 0.047213383967977016 0.35424991899773195 -0.12211367673179396 -0.1434130072262368 -0.017478697837011142 -0.07439134355275023 0.028275212064090477 -0.008793356130923302 0.13140226357183965 0.024431497838752113 -0.01609238924649754 -0.0912370040314025 0.005233957918978329 -0.08628854046090709 -0.026776322080902748 -0.05563282336578582 0.06985926900880834 0.07208765859284891 0.06372597829333865 0.09473245887986677 0.011117849201536287 0.09171736078614881 0.02184857984231025 -0.020173492031470643 0.033783783783783786 -0.0631505087124313
0.022705440572875733 -0.01566964697207116 0.003962750148603131 -0.0056667925953910086 0.008077544426494346 -0.12126185266229031 0.046719479991874875 -0.03138075313807531 0.04212840003663339 -0.05937794533459001 -0.0080297099267289 -0.015748031496062992 0.09974509586611992 -0.003223726627981946 -0.02570429775858523 -0.09275664408546117 0.05349276274386407 -0.047677126067191475 0.059362632784836486 -0.04875076173065204 0.02197319270490002 0.09770238350869659 0.041121090791039934 0.025936300446104364 -0.0795990566037736 -0.05681818181818182 -0.006252605252188412 -0.00419771224682548 0.05195324208212608 -0.043845912934544325 0.012816404998397951 0.01456593513303554 -0.016957605985037406 -0.02052545155993432 -0.07953792254521352 -0.13612877583465818 -0.06086090516764413 -0.08444444444444445 -0.01886792452830189 -0.08164217401446235 -0.01912655403251514 -0.015100037750094376 0.01859081613682841 0.05271378367825068 -0.054575577429100464 0.012998700129987006 -0.003208899347523783 -0.12441847884885862 0.06621831350232799 -0.017791732077446366 -0.010736944851146901 -0.04949133901567225 0.01478132336318581 -0.06712549919279462 -0.3709358721034669 -4.2921138590760615 -1.3384475623296659 -0.2207435572454584 -0.2211640211640212 -0.13633980073413737 0.03982587755858109 0.05397357156151126 0.047471420267390034 0.08270471689539216 -0.36192647477913936 -5.5343968095712865 -1.0976673206889032 -0.09376316898440792 -0.1185264281900694 -0.026038841271563418 0.03850596842510589 0.02170318313352625 0.10432968179447052 0.12475910335733849 0.03489684901980909 0.30240846743708827 -0.14653641207815277 -0.16453585325180656 -0.020755953681450737 -0.0845356176735798 0.040841972981464025 -0.018563751831949193 0.1342796854018799 0.016914113888366843 -0.012305944717909884 -0.09335879482283047 0.008374332670365334 -0.09260233610438809 -0.012431863823276273 -0.0586131531889529 0.07593398805305254 0.07689350249903884 0.07965747286667331 0.08432229856339789 0.02021427127552052 0.08703790360318203 0.023748456350337226 -0.01916481742989711 0.03667953667953668 -0.0631505087124313
0.01484586498995721 -0.01566964697207116 -0.011888250445809389 -0.01038911975821685 -0.007180039490217198 -0.12035010940919037 0.023359739995937438 -0.03138075313807531 0.017400860884696407 -0.060320452403393024 -0.01907056107598113 -0.01889763779527559 0.057630499833758175 1.734723475976807e-18 -0.04318322023442319 -0.10838978634705576 0.0367107195301028 -0.06763499279299257 0.052072484898979386 -0.06195409303270364 0.017578554163920016 0.1019969937728151 0.015149875554593656 0.018674136321195148 -0.08451257861635222 -0.05681818181818182 -0.01875781575656523 0.00734599643194459 0.04296133479868118 -0.03340640985489091 -0.007476236249065471 0.024276558555059235 -0.025935162094763098 -0.020525451559934318 -0.09279424296941577 -0.13414149443561207 -0.08741839105897975 -0.07777777777777777 -0.04439511653718091 -0.07581059015628647 -0.0318775900541919 -0.01038127595318988 0.005577244841048523 0.0497852401405701 -0.062372088490400546 0.021997800219978013 0.010696331158412667 -0.1244184788488586 0.05380237972064148 -0.021978021978021976 -0.0029282576866764276 -0.04765832645953625 0.0026084688287974973 -0.05183108165519586 -0.32692653134542843 -3.4885674288380777 -1.1961239527606744 -0.20278833967046897 -0.20423280423280424 -0.1321447299423178 0.026859312772066313 0.03908431044109436 0.035845766324355745 0.06998091429610107 -0.41512301700389476 -6.368893320039881 -1.2480924351427949 -0.1074589127686473 -0.15589962626801923 -0.02929369643050884 0.02791682710820177 0.011368334022323272 0.07407407407407408 0.10041586367785779 -0.0071846453864312845 0.18900529214818018 -0.20648312611012432 -0.178988326848249 -0.044789163207341054 -0.09467989179440939 0.029322442140538273 -0.02149487054225696 0.08920007673124881 0.01879345987596316 -0.036917834153729644 -0.09548058561425843 -0.02302941484350466 -0.10417762811743661 -0.028688916515252943 -0.05761970991456389 0.06985926900880833 0.06535947712418301 0.06970028875833914 0.08015823443681033 0.009096422073984234 0.07019185774450162 0.00284981476204047 -0.026225539640911844 0.011583011583011588 -0.06899777803765642
0.02357872674875557 -0.02765231818600793 -0.00495343768575391 -0.013222516055912353 -0.004487524681385748 -0.12490882567469 0.021328458257160267 -0.04288702928870293 0.0174008608846964 -0.06786050895381715 -0.01304827863093446 -0.029396325459317585 0.057630499833758175 -0.0010745755426606468 -0.05346493933785729 -0.12610734757686295 0.027270820222362074 -0.08204900765051557 0.05311393459695897 -0.07414178346536664 0.0032959789057350037 0.09126046811251878 0.00865707174548209 0.0207490403568835 -0.1051493710691824 -0.05681818181818182 -0.03334722801167153 0.01574142092559555 0.02597662104106304 -0.02401085708320284 -0.013884438748264444 0.01553699747523791 -0.0399002493765586 -0.02770935960591133 -0.10605056339361804 -0.12917329093799682 -0.10622994356534247 -0.07999999999999999 -0.05660377358490566 -0.07347795661301611 -0.034002762724471364 -0.01793129482823707 -0.000929540806841419 0.03904724716907458 -0.06334665237306306 0.021997800219978013 0.02353192854850786 -0.12550037866493563 0.057941024314536994 -0.031397174254317116 0.01171303074670571 -0.04949133901567225 0.019128771411181637 -0.043334183023196526 -0.2721393928507275 -2.716752216518899 -1.0477440193802363 -0.19117025771018165 -0.18624338624338627 -0.13109596224436287 0.009261831990367697 0.036292573981016193 0.024220112381321452 0.05816595473961648 -0.4730692504987176 -7.152542372881356 -1.3908872901678657 -0.12642225031605564 -0.197544046983449 -0.037973310187696646 0.02791682710820177 0.006200909466721786 0.05112154407929056 0.07708692565168881 -0.04208149440624038 -0.006480181445080469 -0.2531083481349911 -0.19677598665925516 -0.05025125628140703 -0.09918845807033363 0.035605822599225054 -0.029311187103077674 0.08632265490120852 0.0056380379627889495 -0.050170390003786446 -0.09017610863568852 -0.039778080184235315 -0.1220667157739661 -0.03155780816677824 -0.06954102920723228 0.06884681583476764 0.06439830834294502 0.06273025988250523 0.05829689777222571 -8.673617379884035e-19 0.06083294337856808 -0.0018998765080269812 -0.0312689126487795 0.013513513513513514 -0.06782832417261139
0.02707187145227491 -0.03502626970227671 -0.013869625520110956 -0.022667170381564034 -0.0035900197451085975 -0.1221735959153902 0.027422303473491772 -0.04916317991631799 0.01923253045150655 -0.06314797360980207 -0.0030111412225233406 -0.024146981627296588 0.07757951900698216 0.00322372662798195 -0.03495784495167592 -0.12298071912454403 0.03566184182924271 -0.07872269652954872 0.0666527806706936 -0.0700792199878123 0.007690617446715006 0.09555507837663732 0.022724813331890487 0.022823944392571845 -0.09827044025157233 -0.04984051036682616 -0.029178824510212586 0.01469199286388918 0.029973024278149664 -0.028186658315064207 -0.007476236249065471 0.025247620897261604 -0.03790523690773066 -0.013341543513957305 -0.09752864312091658 -0.11426868044515104 -0.1106561912138984 -0.07444444444444445 -0.059933407325194234 -0.06064847212502915 -0.03294017638933163 -0.004718761796904491 0.02416806097787693 0.05857087075361187 -0.047753630250462926 0.037996200379962014 0.04171569151780939 -0.10494428215947202 0.06621831350232799 -0.011512297226582941 0.02244997559785261 -0.036660251122720186 0.036518563603164945 -0.023791316169598096 -0.2110652056763068 -1.9944003733084466 -0.8832138891692741 -0.163709336713139 -0.1566137566137566 -0.11326691137912955 0.008335648791330924 0.037223152801042256 -0.0019376089905057167 0.062710169953649 -0.5015673981191222 -7.7148554336989035 -1.4726400697623723 -0.13801095659502738 -0.2124933262146289 -0.03363350330910274 0.03946861763573354 0.012401818933443571 0.06155451225873761 0.06998681407850693 -0.05952991891614492 -0.1954854735932606 -0.29196269982238016 -0.2001111728738188 -0.042604325977714665 -0.09242560865644725 0.04293643313435962 -0.026380068392769906 0.09879148283138309 0.0009396729937981574 -0.04259750094661113 -0.07001909611712286 -0.05024599602219197 -0.13048510996527413 -0.02008224156067706 -0.07152791575601034 0.07188417535688976 0.06535947712418301 0.04580304689833715 0.07287112221528212 -0.004042854255104104 0.039307440336920914 -0.0018998765080269777 -0.03832963485979422 0.01061776061776062 -0.06782832417261138
0.025325299100515238 -0.03686975758134391 -0.016841688131563302 -0.016055912353607857 -0.015257583916711542 -0.1185266229029905 0.021328458257160267 -0.0502092050209205 0.01648502610129133 -0.06314797360980208 0.004014854963364446 -0.027296587926509186 0.08090435553585282 0.006447453255963897 -0.04215504832407978 -0.13236060448150078 0.02622194252150199 -0.0831577780241712 0.0676942303686732 -0.07109486085720088 0.00878927708196001 0.09126046811251878 0.02380694730007575 0.02386139641041602 -0.10613207547169812 -0.05183413078149921 -0.032305127136306795 0.01259313674047644 0.020981116994704764 -0.026098757699133522 -0.007476236249065471 0.03010293260827345 -0.03391521197007481 -0.0030788177339901466 -0.09563488306031627 -0.11327503974562798 -0.12172181033528824 -0.06999999999999999 -0.06104328523862377 -0.05481688826685327 -0.027627244713632988 -0.012268780671951677 0.028815765012084032 0.06442795782897306 -0.05262644966377546 0.03299670032996701 0.019253396085142795 -0.10169858271124092 0.058975685463010866 -0.01151229722658294 0.02537823328452904 -0.03207771973238016 0.04086601165116077 -0.008496898631999318 -0.18142626190048503 -1.450303313112459 -0.7610780256384373 -0.14997887621461767 -0.14074074074074075 -0.10907184058730993 0.004630915995183846 0.044667783361250706 0.005812826971517147 0.06816322821048806 -0.4882682625629333 -7.820538384845465 -1.4508393285371703 -0.13485040033712598 -0.206086492258409 -0.037973310187696646 0.04139391605698883 0.00413393964448119 0.06468440271257173 0.06085809919870168 -0.1016114133223853 -0.7398207149800194 -0.37411190053285975 -0.22123401889938857 -0.05462093074065982 -0.09467989179440936 0.03770028275212063 -0.028334147532975085 0.09879148283138309 0.007517383950385263 -0.05301022340022719 -0.061531932951410996 -0.07327541086569664 -0.14626959907397666 -0.02390743042937745 -0.07252135903039937 0.06580945631264554 0.060553633217993084 0.04978592054167082 0.07703518634186966 -0.012128562765312313 0.03275620028076743 -0.0037997530160539554 -0.034294936453500104 0.0019305019305019314 -0.0631505087124313
0.02619858527639507 -0.04424370909761269 -0.010897562908658608 -0.026445032111824706 -0.008975049362771497 -0.11943836615609045 0.027422303473491772 -0.05439330543933054 0.020148365234911626 -0.0706880301602262 0.005018568704205557 -0.02204724409448819 0.09087886512246482 -0.02471523748119493 -0.04318322023442319 -0.14799374674309534 0.016782043213761276 -0.07317884466127064 0.06352843157675485 -0.06703229737964655 0.0 0.09126046811251878 0.02705334920463153 0.017636684303350973 -0.11301100628930819 -0.06279904306220095 -0.044810337640683616 0.00419771224682548 0.011989209711259866 -0.036538260778786934 -0.008544269998931969 0.019421246844047387 -0.022942643391521196 -0.011288998357963874 -0.07953792254521354 -0.12420508744038157 -0.11950868651101029 -0.08111111111111109 -0.05993340732519424 -0.06881268952647537 -0.02656465837849325 -0.006606266515666289 0.04275887711470534 0.041975790706755174 -0.03800799142383783 0.00999900009999 0.01925339608514279 -0.1006166828951639 0.07553026383859285 -0.013605442176870746 0.032210834553440704 -0.03207771973238016 0.04956090774715242 -0.01359503781119891 -0.1356206215196695 -1.029398040130658 -0.6520641970324013 -0.14469792986903252 -0.11534391534391533 -0.11116937598321971 0.007409465592294155 0.05025125628140703 0.021313698895562876 0.06634554212487503 -0.4645198062125961 -7.774675972083751 -1.4072378460867672 -0.1337968815844922 -0.19006940736785904 -0.04122816534664207 0.035618020793222946 0.003100454733360894 0.06990088680229525 0.018257429759610512 -0.1519039310274043 -1.3629981639485904 -0.4662522202486679 -0.23457476375764313 -0.07100720996285777 -0.10256988277727681 0.03351136244632946 -0.030288226673180263 0.0853635142911951 -0.015034767900770532 -0.0605831124574025 -0.06365372374283897 -0.0931644509578143 -0.16205408818267913 -0.03251410538395333 -0.09040333796940195 0.06580945631264554 0.053825451749327194 0.059743104650004986 0.06350197793046014 -0.006064281382656156 0.007487131492746843 -0.01044932079414838 -0.04135565866451483 0.0019305019305019323 -0.07484504736288153
0.020958868221116058 -0.04424370909761269 1.3877787807814458e-18 -0.05005666792595391 -0.008077544426494348 -0.12490882567469001 0.016250253910217345 -0.0502092050209205 0.014653356534481183 -0.0706880301602262 0.008029709926728898 -0.01994750656167979 0.09309542280837858 0.007522028798624547 -0.03598601686201933 -0.14903595622720167 0.008391021606880636 -0.07317884466127064 0.06144553218079567 -0.06601665651025797 0.0010986596352450036 0.08589220528237061 0.017314143490964183 -0.0031123560535325245 -0.11694182389937106 -0.07675438596491228 -0.044810337640683616 0.00629656837023822 0.011989209711259866 -0.03445036016285625 -0.012816404998397951 0.02718974558166634 -0.02194513715710723 -0.023604269293924462 -0.0681753621816116 -0.1251987281399046 -0.12061524842314926 -0.06666666666666667 -0.05771365149833518 -0.05481688826685327 -0.015938795027095953 0.01415628539071348 0.03997025469418108 0.0800468566966029 -0.03898255530650034 0.017998200179982004 0.012835597390095188 -0.07681488694146921 0.08484221417485772 1.3877787807814458e-18 0.03904343582235237 -0.021079644395564104 0.05564733501434658 -0.019542866853598434 -0.10957427698940184 -0.7018198786747549 -0.5723226001816897 -0.12885509083227714 -0.10687830687830688 -0.10382800209753537 0.0027785495971103065 0.04839009864135492 0.024220112381321452 0.056348268654003456 -0.4521706089104208 -7.583250249252245 -1.379986919555265 -0.12852928782132322 -0.19113721302722905 -0.04014321362699359 0.029842125529457066 0.0010334849111202971 0.06885758998435056 0.02738614463941576 -0.2063019603818126 -2.018576520142564 -0.5484014209591475 -0.2523624235686493 -0.08848590779986891 -0.11045987376014425 0.029322442140538273 -0.030288226673180263 0.08152695185114138 -0.015034767900770532 -0.07572889057175312 -0.060471037555697014 -0.11410028263372762 -0.17257708092181415 -0.037295591469828825 -0.08940989469501293 0.06884681583476764 0.049980776624375244 0.05775166782833816 0.03539454507599417 -0.012128562765312313 0.00187178287318671 -0.02184857984231025 -0.03631228565664716 0.0009652509652509633 -0.06665887030756637
0.01833900969347655 -0.04608719697667988 -0.0009906875371507805 -0.06044578768417076 -0.011667564171602944 -0.12399708242159013 0.018281535648994512 -0.043933054393305436 0.017400860884696404 -0.06880301602262016 0.016059419853457792 -0.026246719160104987 0.10971960545273192 0.029013539651837523 -0.023647953937898408 -0.14069828035435122 0.019928676316341515 -0.07207007428761503 0.07186002916059155 -0.07007921998781229 0.012085255987695009 0.08267124758428172 0.03138188507737258 -0.004149808071376699 -0.10220125786163523 -0.07874800637958532 -0.03647353063776574 0.00524714030853185 0.015985612948346488 -0.03862616139471761 -0.01602050624799744 0.01650805981744028 -0.02493765586034913 -0.0318144499178982 -0.06628160212101127 -0.13016693163751986 -0.1184021245988713 -0.07444444444444444 -0.0532741398446171 -0.06997900629811057 -0.00743810434597811 0.005662514156285391 0.0455474995352296 0.07126122608356111 -0.03313517201052528 -0.004999500049994998 0.014974863621777728 -0.07248728767716109 0.09932747025349196 -0.010465724751439035 0.04587603709126403 -0.030244707176244157 0.07129814798713155 -0.019542866853598437 -0.07544458415663732 -0.479701353243117 -0.4764308065004543 -0.12568652302492606 -0.09417989417989417 -0.10802307288935502 -0.0027785495971103086 0.03536199516099013 0.020344894400310017 0.047259838225938385 -0.43507172033817804 -7.268195413758724 -1.3352954000436015 -0.12431521281078803 -0.1847303790710091 -0.05424758598242378 0.02406623026569118 -0.010334849111202976 0.06572769953051644 0.016228826452987115 -0.26788463512265215 -2.703315692839399 -0.6349911190053286 -0.2634797109505281 -0.10596460563688007 -0.11609558160504958 0.02618075191119489 -0.0361504640937958 0.06905812392096683 -0.017853786882165004 -0.08898144642180991 -0.06047103755569701 -0.12875536480686695 -0.18520467220877618 -0.041120780338529214 -0.09835088416451424 0.06378454996456413 0.041330257593233374 0.05775166782833815 0.02394336872787841 -0.01313927632908834 -0.007487131492746842 -0.01994870333428327 -0.040346984062941293 0.0 -0.07718395509297157
0.02270544057287573 -0.05346114849294866 0.005944125222904699 -0.05289006422364941 -0.004487524681385749 -0.11305616338439098 0.03250050782043469 -0.043933054393305436 0.02655920871874714 -0.06974552309142318 0.008029709926728898 -0.03464566929133858 0.10528649008090436 0.03868471953578336 -0.019535266296524766 -0.1490359562272017 0.018879798615481433 -0.07872269652954873 0.07081857946261194 -0.0700792199878123 0.01208525598769501 0.07515567962207428 0.03246401904555784 -0.014524328249818443 -0.09728773584905662 -0.08373205741626795 -0.018757815756565238 0.00104942806170637 0.03696672994305125 -0.037582211086752276 -0.01602050624799744 0.020392309186249756 -0.02394014962593516 -0.020525451559934318 -0.06249408199981064 -0.11426868044515101 -0.10844306738962042 -0.07 -0.04328523862375139 -0.07464427338465127 -0.006375518010838382 0.011325028312570784 0.04647704034207102 0.08980866848887155 -0.02728778871455024 -0.0019998000199979984 0.019253396085142795 -0.06275018933246782 0.11588204862907396 -0.0020931449502878093 0.04001952171791118 -0.031161213454312157 0.07564559603512738 -0.020392556716798366 -0.05837973774025507 -0.3434437704153056 -0.40072675885737363 -0.12463033375580905 -0.07513227513227513 -0.11116937598321971 -0.010188015189404463 0.0297785222408338 0.026157721371827165 0.045442152140325376 -0.4046736962097464 -6.782652043868396 -1.2600828428166557 -0.13379688158449224 -0.1633742658836092 -0.06509710317890854 0.01636503658067 -0.032038032244729224 0.05112154407929056 0.02130033471954559 -0.32741455403879705 -3.4388162868560324 -0.7182504440497335 -0.28793774319066145 -0.11798121039982523 -0.12398557258791705 0.018850141376060316 -0.039081582804103565 0.056589295990792265 -0.027250516820146585 -0.10318061340401363 -0.048801188202843196 -0.14236365539621063 -0.18730927075660314 -0.03347040260112843 -0.09735744089012519 0.06378454996456413 0.03556324490580546 0.0547645125958379 0.02810743285446595 -0.011117849201536285 -0.018717828731867104 -0.0018998765080269764 -0.048416380875529554 0.014478764478764478 -0.07718395509297157
0.02881844380403458 -0.054382892432482254 0.007925500297206265 -0.054778995088779744 -0.0008975049362771506 -0.10940919037199123 0.03656307129798903 -0.04707112970711297 0.0348017217693928 -0.07445805843543826 0.013048278630934457 -0.04304461942257218 0.0997450958661199 0.04405759724908661 -0.016450750565494537 -0.1521625846795206 0.020977554017201593 -0.08094023727685995 0.07186002916059156 -0.06906357911842372 0.02197319270490002 0.08052394245222246 0.034628286981928366 -0.008299616142753399 -0.08451257861635222 -0.07775119617224882 -0.006252605252188413 -0.00209885612341274 0.04196223398940953 -0.03862616139471762 -0.019224607497596923 0.033987181977082934 -0.01895261845386533 -0.010262725779967159 -0.055865921787709494 -0.09737678855325915 -0.10622994356534246 -0.06333333333333334 -0.03773584905660378 -0.06648005598320503 -0.01381362235681649 0.015100037750094377 0.02881576501208404 0.10249902381882078 -0.03800799142383783 0.004999500049995002 -0.007487431810888866 -0.0551768906199286 0.10346611484738748 0.00313971742543171 0.04685212298682284 -0.03299422601044817 0.07303712720632989 -0.019542866853598434 -0.0386204418897072 -0.27251516565562295 -0.33410719693146257 -0.12251795521757503 -0.05502645502645502 -0.11536444677503935 -0.0027785495971103095 0.045598362181276754 0.042627397791125746 0.06634554212487505 -0.35812672176308546 -6.046859421734796 -1.1641595814257684 -0.11167298777918248 -0.1420181526962093 -0.06509710317890854 0.013477088948787058 -0.024803637866887142 0.03338549817423057 0.024343239679480672 -0.39720825207841526 -4.284479965439032 -0.8270426287744227 -0.28793774319066145 -0.13545990823683635 -0.11045987376014428 0.02722798198764268 -0.03321934538348803 0.06138499904085939 -0.02537117083255027 -0.10507383566830746 -0.0488011882028432 -0.1549251544017586 -0.18730927075660314 -0.02677632208090274 -0.09040333796940195 0.05872228409436063 0.04229142637447135 0.04779448372000398 0.034353529044347283 -0.017182130584192445 -0.02901263453439401 -0.010449320794148377 -0.03631228565664717 0.007722007722007723 -0.06899777803765642
0.029691729979914417 -0.04055673333947829 0.006934812760055478 -0.03966754816773706 0.0017950098725542985 -0.09573304157549234 0.0385943530367662 -0.034518828451882845 0.03297005220258266 -0.062205466540999066 0.01907056107598113 -0.047244094488188976 0.09198714396542171 0.04835589941972921 -0.018507094386181366 -0.1563314226159458 0.026221942521501996 -0.08315777802417118 0.07706727765048949 -0.06804793824903513 0.009887936717205009 0.0858922052823706 0.023806947300075747 0.0020749040356883484 -0.09728773584905662 -0.07476076555023922 -0.01354731137974156 0.00314828418511911 0.0359676291337796 -0.03236245954692557 -0.023496742497062906 0.031073994950475824 -0.02593516209476309 -0.00513136288998358 -0.054919041757409325 -0.08942766295707474 -0.10291025782892553 -0.057777777777777775 -0.04661487236403995 -0.06298110566829951 -0.006375518010838382 0.020762551906379767 0.025097601784718353 0.11421319796954317 -0.040931683071825355 0.012998700129987004 -0.0032088993475238 -0.04003029319485015 0.10967408173823072 0.012558869701726847 0.03904343582235237 -0.02382916322976813 0.06868967915833406 -0.005947829042399525 -0.03502784264415305 -0.2249183387774148 -0.30382557787423037 -0.10878749471905365 -0.056084656084656084 -0.1038280020975354 0.004630915995183846 0.045598362181276754 0.05715946521991862 0.08179587385258566 -0.29828061176023557 -5.3559322033898304 -1.0398953564421187 -0.09797724399494312 -0.12386545648691938 -0.05641748942172074 -0.0009626492106276488 -0.019636213311285657 0.02816901408450704 0.02231463637285729 -0.46700195011803347 -5.105302948482557 -0.9558170515097691 -0.2868260144524736 -0.16714004806641908 -0.10369702434625787 0.012566760917373545 -0.026380068392769906 0.04028390562056397 -0.02537117083255027 -0.1344187807648618 -0.05304476978569913 -0.19260965141840264 -0.18310007366094913 -0.0506837525102802 -0.08046890522551162 0.055684924572238524 0.03364090734332949 0.021905805038335162 0.028107432854465965 -0.026278552658176673 -0.02526906878802059 -0.01614895031822932 -0.04337300786766189 -0.0019305019305019301 -0.07016723190270144
0.04191773644223212 -0.04608719697667988 0.01882306320586487 -0.034945221004911216 0.018847603661820138 -0.09846827133479212 0.06804793824903513 -0.03765690376569038 0.05586592178770951 -0.058435438265786996 0.03211883970691559 -0.049343832020997375 0.11747755735343013 0.06125080593165699 -0.003084515731030228 -0.14486711829077648 0.04090623033354311 -0.0631999112983701 0.08852322432826494 -0.0517976843388178 0.0032959789057350015 0.08481855271634098 0.03138188507737258 0.011411972196285921 -0.10121855345911952 -0.06678628389154705 -0.01354731137974156 0.011543708678770071 0.03996403237086622 -0.021922956467272162 -0.008544269998931967 0.03981355603029715 -0.02992518703241895 0.0030788177339901466 -0.0435564813938074 -0.07651033386327505 -0.08077901958614583 -0.0422222222222222 -0.0244173140954495 -0.05015162118031258 0.0010625863351397305 0.02076255190637977 0.03811117308049824 0.1269035532994924 -0.02631322483188773 0.031996800319968 0.00855706492673013 -0.02488369576977172 0.13243662700465597 0.023024594453165875 0.03709126403123475 -0.018330125561360096 0.08347100252151987 -0.0016993797263998647 -0.02065744566193641 -0.17825478301446568 -0.27455334611890586 -0.09294465568229826 -0.03809523809523809 -0.09438909281594127 0.022228396776882466 0.06048762330169365 0.06490990118194148 0.09179314732345725 -0.2317849339792913 -4.549351944167498 -0.8894702419882277 -0.07901390644753478 -0.08862786972770956 -0.04665292394488445 -0.0019252984212552956 -0.014468788755684168 0.027125717266562332 0.04767217770564967 -0.49266139792671665 -5.84404363322173 -1.0657193605683837 -0.2801556420233463 -0.16604762945160584 -0.09017132551848511 0.017802911299612523 -0.02051783097215437 0.06426242087089966 -0.02537117083255027 -0.13915183642559636 -0.09760237640568639 -0.20935831675913325 -0.17889087656529518 -0.040164483121354115 -0.07252135903039934 0.06479700313860484 0.0595924644367551 0.022901523449168567 0.031230480949406624 -0.018192844147968467 -0.015910154422087035 -0.0047496912700674436 -0.03328626185192657 0.011583011583011584 -0.05730323938720616
0.04191773644223212 -0.023965342427873536 0.011888250445809389 -0.03777861730260672 0.017950098725542988 -0.08935083880379285 0.07515742433475522 -0.015690376569037656 0.058613426137924717 -0.04901036757775683 0.02710027100271003 -0.028346456692913385 0.11415272082455948 0.058027079303675046 -0.004112687641373637 -0.13236060448150078 0.03880847493182295 -0.04767712606719149 0.08852322432826495 -0.0385943530367662 0.0010986596352450001 0.1084389091689929 0.021642679363705224 0.03942317667807864 -0.09925314465408805 -0.05283094098883573 -0.011463109629012088 0.02413684541924651 0.049955040463582776 -0.009395552771688066 -0.007476236249065471 0.05923480287434453 -0.03790523690773067 0.009236453201970444 -0.04545024145440772 -0.07154213036565979 -0.07635277193758991 -0.023333333333333334 -0.02663706992230855 -0.04548635409377187 -0.0106258633513973 0.036806342015855045 0.035322550659973986 0.13861772745021478 -0.031186044245200273 0.050994900509949 -2.7755575615628915e-18 -0.007573298712539219 0.12829798241076046 0.037676609105180524 0.03416300634455832 -0.004582531390340023 0.08260151291192071 0.010196278358399185 -0.016166696604993716 -0.1399906672888474 -0.25537498738265874 -0.0697084917617237 -0.037037037037037035 -0.07760880964866282 0.037047327961470776 0.08189093616229295 0.07556675062972291 0.12632918295010453 -0.17288876223045505 -3.6809571286141582 -0.7390451275343362 -0.04003371260008428 -0.05659369994660971 -0.020614082673321033 -0.008663842895648827 -0.002066969822240597 0.0031298904538341193 0.046657876052337975 -0.516268089910705 -6.41429960038881 -1.1867229129662522 -0.2690383546414675 -0.19117325759230938 -0.08904418394950406 0.005236150382238976 -0.015632633121641426 0.05754843660080568 -0.015974440894568693 -0.16565694812570997 -0.183534903458519 -0.2721658117868732 -0.17152478164790064 -0.05642153581333078 -0.06258692628650903 0.06985926900880834 0.07304882737408688 0.02091008662750174 0.06037892983551947 -0.02425712553062462 -0.0028076743097800645 -0.00949938254013489 -0.029251563445632445 0.0038610038610038615 -0.05496433165711613
0.04017116409047246 -0.02212185454880634 0.012878937982960173 -0.027389497544389872 0.01525758391671154 -0.08205689277899343 0.07414178346536665 -0.0010460251046025104 0.055865921787709494 -0.04618284637134778 0.01706313359429891 -0.03779527559055118 0.10196165355203368 0.0505050505050505 -0.013366234834464322 -0.13131839499739448 0.03146633102580239 -0.04545958531988026 0.08019162674442824 -0.040625634775543366 -0.00878927708196001 0.09340777324457805 0.020560545395519964 0.040460628695922804 -0.10908018867924527 -0.07575757575757576 -0.02501042100875365 0.01469199286388918 0.0359676291337796 -0.012527403695584088 -0.017088539997863934 0.04758205476791611 -0.030922693266832918 0.009236453201970442 -0.05113152163620869 -0.09141494435612084 -0.08077901958614583 -0.031111111111111117 -0.032186459489456164 -0.05714952181012363 -0.01275103602167676 0.022650056625141562 0.020449897750511252 0.13861772745021478 -0.03800799142383784 0.045995400459954 -0.0064177986950476 -0.015146597425078439 0.12933264355923435 0.02616431187859759 0.029282576866764276 -0.0054990376684080295 0.07303712720632989 0.011045968221599116 -0.008981498113885397 -0.11385907606159588 -0.2351872413445039 -0.05492184199408533 -0.03386243386243386 -0.06712113266911379 0.029637862369176628 0.08189093616229294 0.09591164503003294 0.1335999272925566 -0.1225420347677401 -2.9441674975074776 -0.6224111619795073 -0.014749262536873151 -0.04484783769353977 -0.019529130953672556 -0.026954177897574122 -0.006200909466721786 -0.02190923317683881 0.06288670250532509 -0.5203736015600944 -6.843071606004967 -1.2710923623445827 -0.2690383546414675 -0.20974437404413374 -0.09129846708746618 -0.013613990993821342 -0.018563751831949193 0.03932476501055055 -0.01879345987596317 -0.20068156001514578 -0.3511563759813282 -0.36742384591227883 -0.17889087656529515 -0.07841637180835805 -0.06358036956089808 0.057709830920319935 0.060553633217993084 0.02588867868166882 0.04476368936081616 -0.02425712553062462 0.007487131492746839 -0.013299135556188843 -0.034294936453500104 1.734723475976807e-18 -0.06548941644252135
0.0436643087939918 -0.022121854548806337 0.01486031305726174 -0.02738949754438987 0.026027643152037334 -0.0811451495258935 0.08328255128986391 -0.005230125523012552 0.06319260005495009 -0.04618284637134778 0.011040851149252235 -0.03359580052493438 0.09642025933724925 0.039759295078444015 -0.010281719103434093 -0.11985409067222515 0.036710719530102784 -0.03437188158332409 0.08123307644240783 -0.03757871216737761 -0.00878927708196001 0.09126046811251878 0.022724813331890487 0.03631082062454612 -0.09925314465408805 -0.07575757575757576 -0.021884118382659443 0.01259313674047644 0.0449595364172245 -0.012527403695584092 -0.022428708747196414 0.04369780539910662 -0.03391521197007481 0.0020525451559934337 -0.05207840166650886 -0.09340222575516693 -0.07413964811331193 -0.03222222222222222 -0.02663706992230855 -0.06298110566829951 -0.01381362235681649 0.02548131370328426 0.01766127532998699 0.12495119094103868 -0.027287788714550242 0.041995800419958 0.009626698042571397 -0.01406469760900141 0.1396792550439731 0.01988487702773417 0.029282576866764276 -0.0036660251122720205 0.07216763759673071 0.007647208768799388 0.006287048679719777 -0.10732617825478301 -0.2089431714949026 -0.05492184199408533 -0.02328042328042328 -0.0713162034609334 0.03519496156339724 0.08002977852224083 0.09784925402053866 0.13632645642097613 -0.08644438111522751 -2.3848454636091723 -0.5232177894048398 -0.010535187526337966 -0.03203416978109984 -0.020614082673321037 -0.029842125529457066 -0.0020669698222405965 -0.02816901408450704 0.06592960746526018 -0.4926613979267166 -6.39485905605357 -1.2300177619893429 -0.2556976097832129 -0.20755953681450734 -0.09242560865644725 -0.01675568122316473 -0.024425989252564728 0.023978515250335695 -0.03476790077053186 -0.21772056039379023 -0.549543814979843 -0.5181618339788547 -0.1988845627696517 -0.08606674954575881 -0.07351480230478841 0.057709830920319914 0.05767012687427912 0.02389724186000199 0.03331251301270039 -0.027289266221952695 -0.01684604585868039 -0.023748456350337226 -0.04539035707080896 -1.7347234759768072e-19 -0.07484504736288154
0.03755130556283295 -0.023965342427873536 0.001981375074301564 -0.017944843218738193 0.018847603661820138 -0.0811451495258935 0.0771887060735324 -0.009414225941422594 0.05769759135451965 -0.044297832233741744 0.01706313359429891 -0.04409448818897638 0.08644574975063726 0.04083387062110465 -0.007197203372403866 -0.12089630015633143 0.03985735263268302 -0.04435081494622463 0.08539887523432618 -0.046719479991874875 0.004394638540980003 0.08696585784840026 0.048696028568336755 0.03734827264239029 -0.07370283018867924 -0.06977671451355662 0.0010421008753647334 0.00839542449365096 0.059946048556299335 -0.008351602463722727 -0.012816404998397946 0.046610992425713725 -0.018952618453865335 -1.3877787807814458e-18 -0.04071584130290692 -0.08247217806041336 -0.06528715281620005 -0.024444444444444442 -0.017758046614872364 -0.054816888266853284 -0.010625863351397303 0.023593808984522464 0.009295408068414205 0.13764154627098793 -0.02436409706656271 0.050994900509949 0.01390523050593646 -0.009737098344693282 0.13347128815312984 0.014652014652014655 0.03904343582235237 -0.005499037668408028 0.09564385705590818 0.00849689863199932 0.02425004490749057 -0.09052729818012133 -0.18168971434339357 -0.05069708491761724 -0.01164021164021164 -0.0702674357629785 0.04816152634991201 0.0744463056020845 0.1152877349350901 0.1408706716350086 -0.03609765365251257 -1.8404785643070785 -0.4207543056463921 -0.002107037505267597 -0.013881473571809928 -0.019529130953672567 -0.01925298421255294 -0.009301364200082683 -0.017736045905059984 0.08317273557155899 -0.4228676998870983 -5.864564207797819 -1.1511989342806395 -0.2523624235686493 -0.1802490714441774 -0.09355275022542833 -0.024086291758299294 -0.04201270151441133 0.04507960867063112 -0.04980266867130239 -0.2167739492616433 -0.6800339486526628 -0.62074740919083 -0.22519204461748918 -0.08224156067705843 -0.08046890522551162 0.05872228409436062 0.05094194540561323 0.03186298914666932 0.03331251301270039 -0.016171417020416416 -0.035563874590547495 -0.01994870333428327 -0.06354649989913255 0.00965250965250965 -0.07952286282306163
0.0462841673216313 -0.03318278182320951 -0.0019813750743015654 -0.0236116358141292 0.03320768264225453 -0.08023340627279359 0.09039203737558399 -0.01882845188284519 0.07509845223921605 -0.0527803958529689 0.014051992371775571 -0.047244094488188976 0.07757951900698215 0.013969482054588431 -0.004112687641373637 -0.1323606044815008 0.05349276274386407 -0.04435081494622463 0.09268902312018329 -0.0517976843388178 0.009887936717205007 0.08374490015031136 0.06384590412293042 0.045647888785143684 -0.05896226415094339 -0.060805422647527904 0.010421008753647352 0.00104942806170637 0.06594065341192927 -0.013571354003549432 0.0 0.04272674305690426 -0.006982543640897752 -0.009236453201970442 -0.03503456112110595 -0.08048489666136724 -0.059754343255505146 -0.02777777777777778 -0.005549389567147613 -0.05598320503848846 -0.021251726702794602 0.010381275953189883 -0.003718163227365681 0.12007028504490436 -0.02533866094922522 0.038996100389961 0.02139266231682533 -0.0173103970572325 0.1355406104500776 0.0010465724751439049 0.03806734992679356 -0.019246631839428097 0.110425180419094 0.0008496898631999317 0.03502784264415304 -0.0858609426038264 -0.1514080952861613 -0.05492184199408533 -0.0031746031746031746 -0.07446250655479811 0.06020190793739002 0.07165456914200632 0.11916295291610154 0.14177951467781513 0.011399259048161877 -1.321036889332004 -0.3073904512753433 0.008428150021070373 0.018152696209289908 -0.017359227514375613 -0.006738544474393528 -0.012401818933443573 -0.008346374543557638 0.07302971903844205 -0.3541003797598276 -5.296468301112431 -1.0612788632326822 -0.2523624235686493 -0.14529167577015512 -0.10256988277727683 -0.029322442140538273 -0.05666829506595017 0.0546710147707654 -0.0742341665100545 -0.22624006058311244 -0.7755145342669213 -0.6940228200565267 -0.24308113227401879 -0.08702304676293392 -0.09537055434134711 0.05467247139819783 0.04229142637447136 0.015931494573334665 0.03435352904434728 -0.01718213058419244 -0.058961160505381374 -0.018998765080269785 -0.0746419205164414 0.017374517374517374 -0.09472576306864695
0.05327045672866999 -0.03871324546041109 0.006934812760055477 -0.023611635814129204 0.04846526655896607 -0.08023340627279357 0.09547024172252691 -0.029288702928870293 0.08792013920688709 -0.06503298774740811 0.01605941985345779 -0.049343832020997375 0.08644574975063726 -0.01289490651192779 -0.0030845157310302267 -0.14174048983845752 0.0513950073421439 -0.04656835569353586 0.09685482191210164 -0.05992281129392647 0.015381234893430013 0.08481855271634099 0.0757493777729683 0.041498080713767 -0.056014150943396214 -0.04585326953748007 0.013547311379741559 0.00734599643194459 0.07593166150464584 -0.014615304311514771 0.003204101249599487 0.03592930666148768 -0.003990024937655857 -0.011288998357963877 -0.03692832118170628 -0.08247217806041336 -0.06418059090406109 -0.026666666666666665 -0.0044395116537180885 -0.052484254723582924 -0.02018914036765487 0.009437523593808986 0.008365867261572782 0.1190941038656775 -0.02144040541857519 0.051994800519947995 0.020323029200984062 -0.019474196689386564 0.1272633212622866 0.008372579801151228 0.04685212298682284 -0.015580606727156079 0.13042344143987478 -1.0408340855860842e-18 0.052092689060535304 -0.06812879141390574 -0.12718280004037547 -0.04647232784114913 0.013756613756613755 -0.07131620346093341 0.07409465592294157 0.08189093616229295 0.15016469676419303 0.1590475324911388 0.061745986510876795 -0.8444666001994019 -0.21582733812949645 0.017909818794774546 0.04378003203416979 -0.011934468916133234 0.009626492106276472 -0.0062009094667217855 0.012519561815336469 0.08317273557155899 -0.2791747921584728 -4.678691003348094 -0.9724689165186502 -0.24458032240133404 -0.122350884859078 -0.10256988277727683 -0.019897371452508115 -0.051783097215437224 0.06905812392096682 -0.08457056944183425 -0.22624006058311244 -0.8338637810311903 -0.7358944834083534 -0.2546564242870672 -0.07841637180835805 -0.10033777071329227 0.05669737774627923 0.04229142637447135 0.02489296027083541 0.03435352904434728 -0.017182130584192438 -0.06083294337856808 -0.026598271112377697 -0.07867661892273554 0.01833976833976834 -0.09004794760846685
0.05676360143218932 -0.032261037883675917 0.007925500297206258 -0.026445032111824706 0.051157781367797514 -0.07658643326039387 0.08836075563680681 -0.02719665271966527 0.09433098269072261 -0.061262959472196045 0.01907056107598113 -0.050393700787401574 0.09309542280837858 -0.01289490651192779 -0.0030845157310302254 -0.12923397602918185 0.043003985735263275 -0.04989466681450271 0.0916475734222037 -0.06195409303270364 0.019775873434410018 0.09018681554648915 0.07466724380478304 0.04461043676729952 -0.053066037735849045 -0.03189792663476874 0.014589412255106293 0.00629656837023822 0.07693076231391746 -0.013571354003549432 0.0074762362490654695 0.031073994950475824 -0.010972568578553613 -0.01231527093596059 -0.03692832118170628 -0.08247217806041335 -0.06750027664047803 -0.02666666666666666 -0.0011098779134295217 -0.05015162118031258 -0.02443948570821379 0.004718761796904493 0.004647704034207102 0.12104646622413122 -0.03313517201052529 0.053994600539945994 0.006417798695047598 -0.025965595585848756 0.11277806518365234 -1.3877787807814458e-18 0.04880429477794046 -0.013747594171020072 0.13129293104947395 0.0025490695895997954 0.05478713849470092 -0.05506299580027998 -0.1180983143232058 -0.04224757076468103 0.01164021164021164 -0.06502359727320399 0.08428267111234602 0.09026614554252746 0.1559775237357101 0.17722439334726894 0.09214401063930845 -0.45663010967098694 -0.14061478090255067 0.03792667509481669 0.05872931126534971 -0.0010849517196484786 0.02695417789757413 0.0041339396444811894 0.03234220135628587 0.08925854549142916 -0.21759211741763318 -3.9971919213737985 -0.8925399644760214 -0.2301278488048916 -0.10159493117762727 -0.10031559963931469 -0.021991831605403706 -0.04396678065461651 0.06618070209092654 -0.07799285848524715 -0.2328663385081408 -0.8900912370040313 -0.7714853972574061 -0.26202251920446173 -0.09084823563163431 -0.09934432743890324 0.041510580135668725 0.05286428296808919 0.012944339340834415 0.0239433687278784 -0.037396401859712956 -0.05708937763219467 -0.051296665716728404 -0.07262457131329433 0.005791505791505792 -0.08186177055315168
0.058510173783949 -0.017513134851138357 0.00792550029720626 -0.017944843218738193 0.055645306049183274 -0.07020423048869438 0.09242331911436116 -0.017782426778242676 0.09433098269072261 -0.05183788878416588 0.00903342366757001 -0.046194225721784776 0.10196165355203368 -0.01934235976789168 1.3877787807814458e-18 -0.11776967170401251 0.04824837423956367 -0.05543851868278079 0.09893772130806082 -0.06500101564086938 0.016479894528675012 0.08911316298045953 0.07142084190022725 0.04461043676729952 -0.05404874213836477 -0.019936204146730467 0.013547311379741555 0.023087417357540142 0.07992806474173245 -0.003131850923896024 -0.002136067499732991 0.030102932608273448 -0.01296758104738154 -0.010262725779967157 -0.04545024145440773 -0.08843402225755168 -0.07081996237689499 -0.024444444444444442 -0.005549389567147614 -0.04781898763704222 -0.0212517267027946 0.00660626651566629 0.02044989775051125 0.12397500976181182 -0.02144040541857519 0.06199380061993799 0.024601561664349125 -0.027047495401925782 0.11795137092602173 0.004186289900575613 0.041971693509028796 -0.009165062780680047 0.13303191026867228 0.010196278358399183 0.05658343811747799 -0.03359776014932338 -0.10901382860603614 -0.021123785382340513 0.004232804232804232 -0.04719454640797063 0.08613503751041957 0.08561325144239716 0.16566556868823873 0.16722711987639732 0.12064215825971311 -0.2562313060817547 -0.0697623719206453 0.0326590813316477 0.0779498131340096 0.004339806878593902 0.02599152868694648 0.005167424555601488 0.05007824726134587 0.10041586367785779 -0.14779841937801497 -3.178528998811967 -0.7848579040852576 -0.22679266259032796 -0.0841162333406161 -0.10031559963931469 -0.03560582259922505 -0.05471421592574499 0.06138499904085939 -0.0789325314790453 -0.24138583869746305 -0.9272225758540207 -0.7892808541819323 -0.27359781121751026 -0.10041120780338528 -0.10232465726207034 0.03239850156930242 0.05574778931180315 0.012944339340834412 0.011451176348115762 -0.04346068324236911 -0.0439868975198877 -0.05509641873278237 -0.07262457131329433 0.007722007722007722 -0.08186177055315168
0.06724303554274735 -0.021200110609272745 -2.0816681711721684e-18 -0.027389497544389872 0.06192784060312332 -0.07202771699489424 0.09953280520008126 -0.016736401673640166 0.10348933052477334 -0.049010367577756835 0.0050185687042055595 -0.04094488188976378 0.11415272082455945 -0.01826778422523103 0.009253547193090687 -0.10630536737884315 0.053492762743864074 -0.05543851868278079 0.10102062070402 -0.05992281129392647 0.02856515051637003 0.10629160403693365 0.0811600476138946 0.05291005291005292 -0.03636006289308176 0.0029904306220095685 0.026052521884118378 0.04302655052996117 0.08891997202517735 0.012527403695584088 -0.001068033749866496 0.04563993008351136 -0.007980049875311718 0.0 -0.04071584130290692 -0.07750397456279809 -0.06639371472833905 -0.013333333333333327 0.007769145394006661 -0.033823186377420114 -0.01912655403251514 0.009437523593808986 0.029745305818925448 0.12202264740335808 -0.013643894357275121 0.07099290070992899 0.03315862659107925 -0.02488369576977172 0.11898603207449558 0.010465724751439037 0.03806734992679356 -0.000916506278068005 0.15129119207025474 0.0186931769903985 0.060176037363032155 -0.014932337844143722 -0.09589179368123547 -0.007393324883819179 0.0 -0.04195070791819611 0.08706122070945634 0.09491903964265773 0.17147839565975587 0.17813323639007544 0.132041417307875 -0.04386839481555336 -0.027250926531502066 0.04424778761061946 0.08435664709022958 0.014104372355430184 0.029842125529457066 0.004133939644481191 0.06468440271257174 0.10954457855766306 -0.0903212562865647 -2.358786046009288 -0.6594138543516874 -0.216787103946637 -0.06991479134804457 -0.09129846708746617 -0.03246413236988166 -0.0449438202247191 0.0853635142911951 -0.05450103364029317 -0.22529344945096552 -0.9304052620411628 -0.7798597299277713 -0.2630748184783752 -0.08702304676293393 -0.09239022451818002 0.026323782525058216 0.07016532103037294 0.026884397092502243 0.030189464917759735 -0.047503537497473214 -0.04211511464670099 -0.059846110002849805 -0.049425055477103096 0.002895752895752896 -0.06548941644252133
0.06462317701510786 -0.012904415153470367 0.004953437685753913 -0.028333962976955042 0.06103033566684617 -0.061086797957695116 0.09343895998374975 -0.012552301255230125 0.09707848704093783 -0.049010367577756835 0.004014854963364447 -0.03254593175853018 0.1196941150393439 -0.034386417365140774 0.011309891013777502 -0.10317873892652425 0.056639395846444306 -0.06652622241933695 0.10206207040199959 -0.06703229737964655 0.03295978905735003 0.11273351943311143 0.09089925332756196 0.04461043676729952 -0.025550314465408806 0.015948963317384372 0.03751563151313047 0.03987826634484206 0.089919072834449 0.0031318509238960207 -0.004272134999465983 0.03981355603029715 0.003990024937655863 0.0010262725779967153 -0.03787520121200644 -0.07253577106518283 -0.06528715281620005 -0.023333333333333327 0.0077691453940066605 -0.041987403778866346 -0.014876208691956216 0.018875047187617972 0.03625209146681539 0.11323701679031631 -0.009745638826625085 0.070992900709929 0.04813349021285699 -0.03245699448231094 0.11588204862907396 0.012558869701726844 0.042947779404587605 0.005499037668408029 0.15303017128945307 0.0186931769903985 0.068259385665529 -0.0027998133457769504 -0.07671343494498838 -0.006337135614702153 -0.002116402116402116 -0.03880440482433141 0.0852088543113828 0.10329424902289223 0.17922883162177872 0.18994819594656004 0.14249073810202337 0.040877367896311065 -0.0032701111837802497 0.06110408765276021 0.08862786972770956 0.021699034392969514 0.037543319214478246 0.011368334022323274 0.08242044861763173 0.08925854549142914 -0.04002873858154572 -1.5649638189869317 -0.5184280639431617 -0.21011673151750973 -0.05571334935547301 -0.09129846708746617 -0.035605822599225054 -0.04201270151441133 0.08440437368118166 -0.05732005262168764 -0.20636122680802726 -0.9060046679397411 -0.755783523500471 -0.26833631484794274 -0.08606674954575882 -0.1013312139876813 0.026323782525058216 0.053825451749327194 0.03485014437916957 0.02602540079117218 -0.04143925611481706 -0.050538137576041184 -0.05509641873278237 -0.05043373007867661 0.010617760617760619 -0.0736755934978365
