-0.06894144340692905 -0.10962690004606172 -0.009904912836767036 0.009454476694714949 -0.0843276217816453 -0.10670314637482899 -0.13895932650370219 -0.07219838861567437 -0.07869692532942898 -0.117813383600377 -0.08827364830976026 0.01680672268907563 -0.070859167404783 -0.18460877965010195 -0.14185855263157893 -0.3876211316036261 -0.300933207507602 -0.1740769486639317 -0.11129602662783442 -0.08230034545824019 -0.11966187287298276 -0.057921269977475064 -0.1275537779699492 -0.010385294423096889 -0.2585020640849224 -0.9749775695344433 -1.1695480108310767 -0.21942257217847771 -0.19664603713316034 -0.1054720133667502 -0.04914004914004914 -0.11351508683419036 -0.010982428115015975 -0.2235438884331419 -0.11754668688975259 -0.4695721234984612 -0.5347652790079718 -0.3354437409752305 -0.2473929443088529 -0.26459960368341295 -0.011693419793770596 -0.028304557033682426 0.009300595238095236 -0.09262870514820593 0.0546875 -0.23172193367958446 -0.1584412803768333 -0.17428014721801255 -0.1725919801570897 -0.08373456144023446 -0.01365986925553712 0.05411851036507063 0.08257279443720122 0.17464644743567898 0.20077428648599982 -0.03549411544928078 -0.12115093387178193 -0.08246114811290835 -0.10160880609652838 -0.10806840835169447 -0.0018508236165093478 0.06793225386190209 0.09296920395119117 0.2494083378845804 0.2549709827799448 0.036907730673316715 -0.04357298474945533 -0.01791736930860034 -0.07891649781379974 -0.030391837620753287 -0.06828236199269092 -0.029955583100919326 -0.007297748123436196 -0.02735285178806605 0.00923171607344343 -0.05290434031526668 -0.07319507596761671 -0.047830923248053395 -0.0862539578556611 -0.11606941627225602 -0.04291396273812016 -0.06251831591286508 -0.10913268236645605 -0.031015037593984975 -0.10876761562470445 -0.11666136387739949 -0.17999162829635834 -0.06324443975967113 -0.11847888400535063 -0.0645930636986982 -0.046530447096904716 -0.0835413865949683 -0.04279032739576077 -0.13203035658592369 -0.030321406913280773 -0.1589825119236884 -0.06172253347260469 -0.03732472510844346 -0.08773621288083303 -0.1613280336684592
-0.06719609040928529 -0.11239060340856748 0.011885895404120442 0.02269074406731587 -0.07984210998474926 -0.11035111719106246 -0.14200223146363727 -0.08370827665585434 -0.07412152269399706 -0.11027332704995288 -0.09228608686929482 0.013655462184873948 -0.07860938883968113 -0.19319523451754855 -0.14288651315789475 -0.41888090028133795 -0.3250498060186641 -0.181838341279521 -0.09153318077803205 -0.07823613086770982 -0.12185750356789989 -0.06542958275233293 -0.13728245595070804 -0.02804029494236161 -0.2742284253980735 -1.3129299172565048 -1.6829827119350136 -0.2603674540682415 -0.20862447594330208 -0.11069340016708437 -0.04700352526439483 -0.12418744542543902 -0.009984025559105433 -0.22559474979491387 -0.11659872973741588 -0.4953836989973196 -0.6222320637732507 -0.37320893035654784 -0.2551586421122698 -0.2622683296421494 -0.015945572446050812 -0.03302198320596283 0.014880952380952384 -0.09652886115444619 0.046875 -0.22572912504994008 -0.16807622310245154 -0.18294003030959083 -0.17155849524596942 -0.08268787942223152 -0.017562689042833445 0.05778756191524491 0.055627987831377665 0.18231385244505022 0.18997028900693252 -0.029889781430973282 -0.12720848056537104 -0.09514747859181731 -0.12489415749364945 -0.10911761619976916 0.0018508236165093478 0.05955704448166761 0.11524307573116403 0.2312033497178227 0.2568737513081533 0.02194513715710724 -0.05664488017429194 -0.03583473861720067 -0.08638157193132132 -0.034733528709432325 -0.07116753221773417 -0.03408738766656337 -0.012510425354462049 -0.020261371694863743 0.005128731151913017 -0.04858561865687756 -0.06986802705999777 -0.05672969966629589 -0.07751937984496124 -0.10818120351588911 -0.05128741888214361 -0.05665722379603398 -0.11104729082902547 -0.004699248120300756 -0.11727986380402915 -0.09545020680878143 -0.19150272080368358 -0.05481184779171498 -0.12230078348939422 -0.05366192984199543 -0.0465304470969047 -0.08546187824082965 -0.044780575181610105 -0.13618879301382678 -0.04143925611481706 -0.15991770317029833 -0.07216788529104548 -0.04035105417129023 -0.09737755495564984 -0.15548281505728312
-0.06806876690810718 -0.11515430677107326 0.0059429477020602195 0.0359270114399168 -0.07625370054723243 -0.11399908800729593 -0.15011664469013083 -0.09521816469603431 -0.07137628111273793 -0.10273327049952874 -0.09629852542882937 0.003151260504201679 -0.08303808680248007 -0.21788129226145753 -0.14699835526315788 -0.46056059185162035 -0.35650623885918004 -0.19957866725801085 -0.09673392968587477 -0.07417191627717944 -0.1185640575255242 -0.08259144052343666 -0.16538752567290022 -0.06335029598089106 -0.28995478671122477 -1.6678297278436844 -2.209956259112685 -0.30971128608923887 -0.2066280694749451 -0.11382623224728487 -0.03952569169960475 -0.13291937518191518 0.013977635782747602 -0.22867104183757178 -0.10522324390937529 -0.5360865680532116 -0.7240921169176262 -0.42208152837942914 -0.24295540270690036 -0.2657652407040448 -0.022323801424471136 -0.04245683555052363 0.010230654761904764 -0.12187987519500783 0.041015625 -0.24670395525369554 -0.18734610855368802 -0.2089196795843256 -0.1798263745349318 -0.09734142767427255 -0.02341691872377793 0.05136672170243992 0.05128205128205128 0.18231385244505022 0.18546862339065454 -0.03923033812815243 -0.12821807168096921 -0.12157733375621102 -0.1333615580016935 -0.10911761619976916 0.005552470849528042 0.04373720454122464 0.10846407127638971 0.2111778627343892 0.2530682142517363 0.005985037406483791 -0.06100217864923746 -0.062183811129848235 -0.0885144502506132 -0.04016064257028113 -0.07597614925947298 -0.04338394793926247 -0.01980817347789825 -0.034444331881268365 -0.005128731151913017 -0.0572230619736558 -0.08317622269047356 -0.07675194660734148 -0.08734578010699859 -0.11156186612576065 -0.053380782918149475 -0.058610921168311035 -0.1196630289105878 -0.0056390977443609 -0.12200889057032065 -0.09969243822250504 -0.1977814985349519 -0.06429851375566564 -0.12707815784444867 -0.049686972075921695 -0.0465304470969047 -0.08642212406376032 -0.04677082296745945 -0.13410957479987523 -0.03941782898726501 -0.1711399981296175 -0.06647042066280505 -0.04943004135983053 -0.08484381025838797 -0.14846855272387185
-0.061087354917532075 -0.11239060340856748 0.01881933438985737 0.034981563770445305 -0.07804790526599086 -0.1285909712722298 -0.16431686783649457 -0.10986711311080884 -0.07320644216691069 -0.10084825636192271 -0.10833584110743304 0.001050420168067226 -0.08525243578387955 -0.23076097456262742 -0.17064144736842105 -0.507450244868188 -0.4057879836426549 -0.2151014524891895 -0.12169752444351986 -0.0833163991058728 -0.1317378416950269 -0.09546283385176443 -0.16754945411306887 -0.08412088482708484 -0.31551012384509536 -2.0346924533944772 -2.764007498437825 -0.3685039370078741 -0.22359752445597922 -0.12635756056808686 -0.03738916782395043 -0.13194916076452895 0.02795527156549521 -0.2399507793273175 -0.10048345814769173 -0.582745954531917 -0.8802037201062888 -0.47761857158724874 -0.2551586421122698 -0.27159342580720364 -0.02657595407675135 -0.050004717426172275 0.023251488095238096 -0.12187987519500783 0.0478515625 -0.2497003595685178 -0.20233379723798312 -0.23706429963195497 -0.19119470855725504 -0.10885492987230479 -0.04097960776661138 0.046780407264722074 0.039982616253802686 0.18486965411484066 0.17106329341856488 -0.044834672146459933 -0.1403331650681474 -0.14483560630087747 -0.15664690939881457 -0.1175112789843668 0.00832870627429206 0.05025125628140703 0.10362192523726514 0.21026761332605132 0.2473599086671107 0.002992518703241895 -0.08387799564270151 -0.07166947723440134 -0.10451103764530234 -0.03798979702594161 -0.08078476630121177 -0.04441689908067349 -0.01668056713928273 -0.03647046905075474 -0.015386193455739047 -0.0680198661196286 -0.09981146722856828 -0.0889877641824249 -0.10809040288241074 -0.12170385395537524 -0.05861419300816413 -0.06056461854058807 -0.11200459506031017 0.007518796992481203 -0.12011727986380405 -0.09651076466221234 -0.1977814985349519 -0.07589332771160535 -0.1270781578444487 -0.05167445095895856 -0.03338053813473598 -0.07393892836566161 -0.022887849537267385 -0.13410957479987523 -0.027289266221952692 -0.1711399981296175 -0.06362168834868484 -0.04943004135983052 -0.07713073659853452 -0.14379237783493104
-0.05672397242342264 -0.11607554122524184 0.025752773375594295 0.028363430084144842 -0.06728267695344038 -0.15047879616963064 -0.16938837610305305 -0.1171915873181961 -0.06039531478770131 -0.10084825636192271 -0.11234827966696759 -0.002100840336134456 -0.08746678476527901 -0.23183428142105827 -0.17578124999999997 -0.5366260289673856 -0.43200167767641817 -0.2295154673467125 -0.13417932182234243 -0.09144482828693355 -0.13283565704248546 -0.11369730773356215 -0.1837639174143336 -0.09969882646173019 -0.3302535875761746 -2.3636726148938285 -3.242032909810456 -0.42309711286089247 -0.2206029147534438 -0.1430659983291562 -0.02884307232133319 -0.14262151935577763 0.03494408945686901 -0.25635767022149303 -0.08910797231965115 -0.6512459048942718 -1.075066430469442 -0.5398200599800067 -0.23297093410250724 -0.28558107005478495 -0.03401722121824173 -0.050004717426172275 0.020461309523809534 -0.1082293291731669 0.037109375 -0.2566919696364363 -0.2216036826892196 -0.25763152197445327 -0.2056634973129392 -0.1130416579443165 -0.04976095228802809 0.03577325261419923 0.026944806605823546 0.17379451354574882 0.16025929593949764 -0.06631795254997198 -0.13629480060575466 -0.17655143249814992 -0.16193903471634208 -0.13639702024971145 0.012030353507310753 0.0446677833612507 0.12880108464071277 0.20935736391771345 0.2578251355722576 -0.000997506234413964 -0.07952069716775599 -0.08537099494097808 -0.09917884184707262 -0.040160642570281124 -0.07789959607616849 -0.0630100196260717 0.022935779816513756 -0.0547057035761321 0.003077238691147813 -0.09177283524076871 -0.09981146722856826 -0.11790878754171301 -0.09389671361502347 -0.1374802794681091 -0.049194054846137744 -0.06447201328514214 -0.10338885697874785 0.001879699248120302 -0.11255083703773765 -0.1102980167568141 -0.17789870238593553 -0.09065036365552862 -0.11274603477928533 -0.060618105932624455 -0.03135747521747925 -0.07009794507393893 -0.023882973430192057 -0.13930762033475413 -0.03133212047705679 -0.17581595436266717 -0.06077295603456462 -0.05144759406839503 -0.0732741997686078 -0.13677811550151975
-0.04974256043284754 -0.10870566559189312 0.029714738510301108 0.023636191736787368 -0.06279716515654436 -0.15777473780209758 -0.17445988436961152 -0.12346970806738518 -0.051244509516837476 -0.10461828463713478 -0.11134517002708397 -0.008403361344537816 -0.08525243578387955 -0.22002790597831917 -0.17578125 -0.5387100135458998 -0.44563279857397503 -0.23284177846767934 -0.1362596213854795 -0.09144482828693357 -0.13064002634756836 -0.11584253995495011 -0.19349259539509248 -0.09139059092325266 -0.3302535875761746 -2.5211843285813975 -3.5117683815871694 -0.4409448818897638 -0.22359752445597922 -0.14619883040935672 -0.03632090588612328 -0.14553216260793636 0.02895367412140575 -0.26045939294503695 -0.09574367238600814 -0.8239849101558623 -1.7172276350752878 -0.5820282128179496 -0.2362990903039716 -0.2984030772817345 -0.028702030402891467 -0.04717426172280403 0.026041666666666675 -0.0984789391575663 0.0380859375 -0.2566919696364363 -0.21839203511401348 -0.2749512881576099 -0.20049607275733772 -0.10990161189030774 -0.04585813250073177 0.03302146395156852 0.025206431986093004 0.17975805077525983 0.17286395966507606 -0.06351578554081824 -0.07975769813225644 -0.19346653980336187 -0.15241320914479256 -0.141643059490085 0.008328706274292061 0.038153731621068304 0.1317063722641875 0.20389586746768615 0.2568737513081534 0.005985037406483791 -0.06100217864923747 -0.0938026981450253 -0.08744801109096725 -0.05101487029197873 -0.06732063858434315 -0.06610887305030472 0.03336113427856547 -0.04862729206767298 0.020514924607652068 -0.08529475275318506 -0.09315736941333037 -0.11790878754171301 -0.08297849110164865 -0.13860716700473294 -0.05547414695415533 -0.05763407248217252 -0.10721807390388664 0.019736842105263157 -0.10782181027144615 -0.10499522748965955 -0.1653411469233989 -0.0843259196795615 -0.11083508503726354 -0.0556494087250323 -0.027311349382965804 -0.07489917418859228 -0.014926858393870035 -0.13410957479987523 -0.035374974732160905 -0.17488076311605721 -0.05982337859652455 -0.05346514677695955 -0.07231006556112611 -0.14379237783493104
-0.041015795444628675 -0.1169967756794104 0.03763866877971474 0.0359270114399168 -0.04664932268771867 -0.16233470132238942 -0.17141697940967643 -0.13393324264936696 -0.03660322108345535 -0.10838831291234688 -0.11034206038720032 0.00630252100840336 -0.06975199291408327 -0.18997531394225609 -0.16755756578947364 -0.5126602063144732 -0.44563279857397503 -0.2095576006209114 -0.13729977116704803 -0.08128429181060762 -0.12295531891535842 -0.12013300439772603 -0.19133066695492382 -0.09346764980787205 -0.3214075093375271 -2.6148938291296977 -3.663820037492189 -0.4451443569553806 -0.2206029147534438 -0.1388888888888889 -0.03738916782395043 -0.16493645095566117 0.02995207667731629 -0.26251025430680885 -0.09100388662432457 -1.0364340315695422 -2.344995571302037 -0.6353437742974565 -0.23408031950299532 -0.3053968994055251 -0.01807164877219092 -0.04811774695726011 0.04929315476190477 -0.08677847113884556 0.0380859375 -0.2536955653216141 -0.2205331334974842 -0.2976834812730028 -0.19739561802397682 -0.10676156583629892 -0.04488242755390769 0.044028618602091354 0.027813993915688832 0.1976486624637928 0.17556495903484287 -0.03549411544928077 -0.03129732458354368 -0.18078020932445288 -0.1598221845893311 -0.12170811037666562 0.009254118082546734 0.03163967988088591 0.1307379430563626 0.21481886036774078 0.2568737513081534 0.027930174563591027 -0.05228758169934642 -0.10012647554806071 -0.08958088941025914 -0.053185715836318245 -0.06347374495095211 -0.07024067761594877 0.045871559633027525 -0.04153581197447068 0.011283208534208635 -0.07665730943640683 -0.10424753243872686 -0.12903225806451615 -0.09062124686101103 -0.1510029299075952 -0.05861419300816413 -0.04688873693464883 -0.10434616121003253 0.031015037593984957 -0.11917147451054573 -0.0933290911019196 -0.16324822101297615 -0.07694740170759987 -0.12898910758647048 -0.05167445095895856 -0.020230629172567266 -0.07777991165738429 -0.012936610608020696 -0.13826801122777835 -0.0353749747321609 -0.17675114560927707 -0.06362168834868484 -0.06657923938262886 -0.0829155418434246 -0.14729950900163669
-0.037525089449341124 -0.10686319668355596 0.036648177496038034 0.04632693580410325 -0.05023773212523548 -0.15595075239398087 -0.18460290090272843 -0.13288688919116878 -0.03660322108345535 -0.09802073515551367 -0.0993078543484803 0.0010504201680672245 -0.04982285208148803 -0.17387571106579372 -0.16036184210526316 -0.5001562988433885 -0.4372444164831708 -0.22840669697305688 -0.13521947160391096 -0.09144482828693357 -0.11966187287298276 -0.1169151560656441 -0.17835909631391206 -0.08827500259632359 -0.3204246117554551 -2.645798026119031 -3.7138096229952096 -0.45354330708661417 -0.2206029147534438 -0.14097744360902256 -0.0309795961969875 -0.17075773745997863 0.03694089456869009 -0.26353568498769486 -0.0985875438430183 -1.2746947284820809 -3.0724092116917627 -0.6642230367655226 -0.24406478810738852 -0.30073435132299803 -0.002126076326140108 -0.05472214359845268 0.08556547619047619 -0.07702808112324493 0.0517578125 -0.26168597682780664 -0.21732148592227815 -0.33557046979865773 -0.19016122364613475 -0.11094829390831065 -0.0400039028197873 0.047697670152265635 0.035636679704476315 0.20701993525302434 0.18006662465112094 -0.028955725761255362 0.023220595658758197 -0.1987525108362406 -0.1640558848433531 -0.13010177316126323 0.007403294466037387 0.027917364600781685 0.1442959519659113 0.20662661569269983 0.2597279041004662 0.03890274314214463 -0.039215686274509796 -0.10750421585160201 -0.09064732856990508 -0.05535656138065777 -0.060588574725908825 -0.0557793616361946 0.05004170141784821 -0.02735285178806605 0.006154477382295622 -0.06370114446123946 -0.10979261395142507 -0.1334816462736374 -0.092804891363686 -0.14424160468785216 -0.06175423906217291 -0.04688873693464883 -0.10147424851617844 0.044172932330827065 -0.11917147451054574 -0.09438964895535049 -0.14859773964001674 -0.09697480763149573 -0.1356774316835467 -0.06061810593262447 -0.012138377503540358 -0.07009794507393893 0.008956115036322024 -0.1299511383719721 -0.0232464119668486 -0.16365846815673804 -0.056974646282404326 -0.06254413396549986 -0.0771307365985345 -0.1391162029459902
-0.03752508944934113 -0.09304467987102717 0.02575277337559429 0.06429044152406163 -0.06010585807840674 -0.1404468764249886 -0.20691753727558573 -0.1161452338599979 -0.0448389458272328 -0.08482563619227143 -0.09027986758952752 0.00945378151260504 -0.03321523472099203 -0.17280240420736287 -0.15111019736842105 -0.46577055329790557 -0.4236132955856139 -0.2151014524891895 -0.13001872269606823 -0.0833163991058728 -0.11087935009331429 -0.10511637884801028 -0.16430656145281594 -0.07788970817322668 -0.30568114802437585 -2.5939587279433756 -3.706519475109352 -0.42939632545931766 -0.21261728888001602 -0.13157894736842107 -0.021365238756543104 -0.18045988163384108 0.03594249201277955 -0.26558654634946677 -0.09574367238600816 -1.5437307654124888 -3.826395039858282 -0.6864378540486505 -0.24850232970934102 -0.3053968994055251 0.004252152652280216 -0.04056986508161147 0.09114583333333334 -0.0750780031201248 0.0595703125 -0.2656811825809029 -0.20019269885451235 -0.344230352890236 -0.18706076891277384 -0.10466820180029308 -0.03414967313884281 0.062373876352962765 0.02781399391568883 0.20446413358323393 0.18366795714414336 -0.0065383896880254035 0.0767289247854619 -0.18289459773760436 -0.1608806096528366 -0.1122652397439933 0.01110494169905608 0.036292573981016193 0.14042223513461166 0.21937010740943017 0.2692417467415089 0.07281795511221945 -0.010893246187363837 -0.0916947723440135 -0.08638157193132133 -0.04558775643112993 -0.05481823427582226 -0.03821919223220742 0.053169307756463724 -0.0070914800932023086 0.005128731151913019 -0.044266896998488445 -0.11644671176666296 -0.11902113459399333 -0.08734578010699857 -0.13184584178498984 -0.06384760309817876 -0.029305460584155518 -0.10626076967260194 0.04981203007518797 -0.11822566915728745 -0.0689362604730088 -0.13394725826705733 -0.0790555496995889 -0.13854385629657937 -0.039749577660737355 -0.00303459437588509 -0.0672172076051469 0.016917106179719373 -0.1268323110510448 -2.7755575615628915e-18 -0.15243617319741887 -0.031336055455322386 -0.05447392313124181 -0.0771307365985345 -0.13560907177928455
-0.020071559472903393 -0.09949332105020728 0.029714738510301108 0.06712678453247614 -0.03947250381268503 -0.1495668034655723 -0.2038746323156507 -0.12137700115098882 -0.02745241581259151 -0.09236569274269557 -0.08526431939010934 0.008403361344537813 -0.03653675819309123 -0.15777610818933135 -0.13671875 -0.40741898509951024 -0.3911083149837475 -0.20512251912628895 -0.13105887247763678 -0.07620402357244463 -0.09880338127127017 -0.10189853051592837 -0.15133499081180415 -0.06023470765396197 -0.27521132298014545 -2.3547004286711197 -3.544053322224537 -0.3989501312335958 -0.19464963066480334 -0.12218045112781953 -0.012819143253925861 -0.19598331231202096 0.019968051118210855 -0.2778917145200984 -0.09100388662432457 -1.8435421423607665 -4.632418069087689 -0.7097634121959346 -0.24739294430885286 -0.3170532696118428 0.0031891144892101627 -0.049061232191716195 0.07998511904761904 -0.08190327613104523 0.0615234375 -0.2746703955253696 -0.21089819077186597 -0.36804503139207617 -0.18912773873501448 -0.1015281557462843 -0.019514098936481608 0.05136672170243991 0.02955236853541938 0.20446413358323395 0.1971729539929774 0.0009340556697179141 0.14840989399293286 -0.18923776297705888 -0.14712108382726502 -0.11436365544014268 0.015732000740329453 0.028847943420807747 0.1481696687972109 0.22301110504278174 0.2778042051184474 0.09775561097256857 0.007625272331154684 -0.0874789207419899 -0.07251786285592407 -0.05535656138065777 -0.04904789382573571 -0.052680508211961574 0.04795663052543787 -0.010130685847431872 0.016411939686121653 -0.0518246599006694 -0.10092048353110791 -0.12903225806451613 -0.08188666885031116 -0.14424160468785213 -0.06280092108017585 -0.026374914525739968 -0.10626076967260194 0.05545112781954886 -0.11349664239099592 -0.04984621911125252 -0.12034323984930932 -0.08116369769157794 -0.14045480603860117 -0.033787141011626755 0.004046125834513453 -0.07393892836566161 0.019902477858493382 -0.12059465640919016 0.018192844147968464 -0.14308426073131955 -0.011394929256480871 -0.060526581256935344 -0.0674893945237177 -0.14496142155716624
-0.020071559472903393 -0.10317825886688162 0.03169572107765451 0.06712678453247613 -0.03139858257827218 -0.14774281805745554 -0.1977888223957805 -0.12033064769279064 -0.023792093704245974 -0.08765315739868049 -0.07222389407162202 0.0010504201680672273 -0.019929140832595216 -0.15777610818933135 -0.1089638157894737 -0.37094925497551323 -0.3407780224389221 -0.1940348153897328 -0.11129602662783442 -0.07417191627717944 -0.08892304314414315 -0.10297114662662235 -0.13079667063020212 -0.04569529546162633 -0.25457047375663455 -2.054630645000498 -3.1305977921266406 -0.37480314960629924 -0.18566580155719703 -0.1242690058479532 -0.007477833564790083 -0.20083438439895218 0.02296325878594249 -0.29634946677604596 -0.08816001516731445 -2.171150600615507 -5.452834366696192 -0.6975452626902143 -0.24184601730641223 -0.3182189066324746 0.013819496119910703 -0.06510048117746957 0.08742559523809525 -0.08092823712948517 0.0732421875 -0.3046344386735917 -0.264425650358634 -0.3951071660532583 -0.17672591980157087 -0.1078082478543019 -0.014635574202361206 0.0458631443771785 0.02955236853541938 0.1993525302436531 0.20527595210227786 0.0121427237063329 0.2150429076224129 -0.1924093455967861 -0.13865368331922098 -0.11856048683244151 0.009254118082546729 0.02047273404057324 0.13073794305636258 0.23393409794283632 0.2816097421748644 0.12468827930174564 0.037037037037037035 -0.07693929173693087 -0.06718566705769437 -0.05318571583631826 -0.03943065974225812 -0.05577936163619461 0.07714762301918265 -0.01013068584743187 0.03795261052415633 -0.04534657741308573 -0.09315736941333039 -0.12903225806451613 -0.07424391309094878 -0.14198782961460443 -0.055474146954155326 -0.036143401387125136 -0.10434616121003253 0.04605263157894736 -0.10498439421167123 -0.05302789267154523 -0.09941398074508163 -0.0895962896595341 -0.13472195681253582 -0.04372453542681109 0.008092251669026907 -0.07777991165738428 0.028858592894815405 -0.10188169248362615 0.023246411966848592 -0.12905639203217056 0.006647042066280506 -0.055482699485524055 -0.06459699190127266 -0.14028524666822542
-0.017453529976437735 -0.10225702441271305 0.01386687797147385 0.05010872648198922 -0.034986992015789 -0.14774281805745557 -0.20691753727558576 -0.11195982002720521 -0.02745241581259151 -0.0885956644674835 -0.07623633263115658 -0.011554621848739495 -0.03100088573959256 -0.16850917677363958 -0.10690789473684208 -0.35531937063665736 -0.33029254482541687 -0.20290497837897772 -0.11857707509881421 -0.08534850640113799 -0.07684707432209904 -0.10511637884801028 -0.11998702842935897 -0.043618236577006954 -0.22901513662276388 -1.7356195793041571 -2.612997292230786 -0.3454068241469816 -0.1637053304052705 -0.1180033416875522 -0.011750881316098704 -0.20665567090326964 0.01996805111821086 -0.3066037735849057 -0.0976395866906816 -2.501737317581654 -6.223427812223207 -0.6975452626902144 -0.24184601730641223 -0.3252127287562653 0.008504305304560433 -0.07453533352203037 0.07161458333333334 -0.10725429017160686 0.0673828125 -0.36156612065521376 -0.383256610641259 -0.4416540376704915 -0.1860272840016536 -0.1245551601423488 -0.0019514098936481623 0.042194092827004225 0.050412863972185994 0.19338899301414209 0.21878094895111194 0.012142723706332894 0.2826855123674911 -0.19452373400993764 -0.12171888230313292 -0.11960969468051622 0.006477882657782712 0.013958682300390842 0.10555878365291496 0.23302384853449848 0.2844638949671772 0.13167082294264337 0.06209150326797386 -0.08326306913996627 -0.057587714620880893 -0.0683816346466949 -0.03943065974225812 -0.0650759219088937 0.08236030025020849 -0.026339783203322864 0.03795261052415633 -0.05830274238825308 -0.11533769546412334 -0.13459399332591768 -0.08407031335298612 -0.15212981744421905 -0.055474146954155326 -0.04981928299306437 -0.10147424851617841 0.013157894736842101 -0.10309278350515465 -0.08166295471417966 -0.09313520301381333 -0.11067776957942448 -0.13663290655455762 -0.06359932425717976 0.008092251669026907 -0.09602458229306703 0.01393173450094537 -0.11643621998128702 0.029310693349504747 -0.14401945197792948 0.029436900579242236 -0.07868455563401594 -0.06170458927882762 -0.160158989946224
-0.012217470983506415 -0.10686319668355596 0.01386687797147385 0.03025432542308783 -0.031398582578272174 -0.16142270861833105 -0.20083172735571558 -0.1276551219001779 -0.02379209370424597 -0.1055607917059378 -0.06921456515197112 -0.029411764705882353 -0.03432240921169176 -0.1695824836320704 -0.09971217105263157 -0.3376055017192873 -0.31456432840515886 -0.20734005987360016 -0.1248179737882255 -0.10262141841089209 -0.08123833571193326 -0.10511637884801031 -0.1210679926494433 -0.03531000103852945 -0.20837428739925298 -1.398664141162397 -2.082899395959175 -0.310761154855643 -0.15671790776602115 -0.1242690058479532 -0.014955667129580168 -0.216357815077132 -0.0069888178913738 -0.3148072190319935 -0.10996302967105889 -2.837287799066812 -6.845659875996456 -0.6953237809619017 -0.24628355890836479 -0.3322065508800559 0.009567343467630487 -0.07925275969431078 0.05301339285714286 -0.11212948517940717 0.056640625 -0.4045145825009989 -0.5780965635370945 -0.4687161723316736 -0.19326167837949565 -0.12141511408833998 -0.0039028197872963224 0.048614933039809204 0.04259017818339852 0.1950928607940024 0.21607994958134508 0.02708761442181954 0.3220595658758203 -0.1828945977376044 -0.12595258255715494 -0.12170811037666562 0.0027762354247640197 0.02233389168062535 0.10362192523726514 0.23939559439286362 0.2816097421748644 0.14862842892768077 0.06209150326797386 -0.08115514333895447 -0.06611922789804843 -0.08249213068490177 -0.031736872475476054 -0.07230657989877079 0.08548790658882402 -0.030392057542295615 0.048210072827982356 -0.05290434031526668 -0.10424753243872686 -0.135706340378198 -0.07861120209629871 -0.16114491773720982 -0.05652082897215825 -0.0507961316792029 -0.11200459506031016 0.019736842105263157 -0.10025536744537974 -0.07848128115388694 -0.08894935119296779 -0.11067776957942448 -0.13854385629657942 -0.07353671867236411 0.010115314586283631 -0.08930286153255232 0.003980495571698675 -0.11123817444640816 0.03335354760460885 -0.13466753951183016 0.03988225239768303 -0.06960556844547564 -0.0674893945237177 -0.15665185877951834
-0.026180294964656604 -0.09212344541685859 -0.012876386687797147 0.0349815637704453 -0.043060913250201845 -0.14318285453716367 -0.20387463231565067 -0.10672805273621429 -0.02836749633967789 -0.0999057492931197 -0.06319590731266929 -0.02415966386554622 -0.029893711248892823 -0.15455618761403883 -0.07709703947368422 -0.298009794727519 -0.29359337317814826 -0.1907085042687659 -0.10817557728312877 -0.09652509652509653 -0.08343396640685037 -0.0922449855196825 -0.11782509998919036 -0.015577941634645343 -0.18969923333988598 -1.0527365167979266 -1.5486357008956468 -0.2719160104986877 -0.14773407865841487 -0.12531328320802002 -0.03525264394829612 -0.21635781507713206 -0.03494408945686901 -0.30660377358490565 -0.126078301260783 -3.1559614811873327 -7.301815766164746 -0.6642230367655226 -0.25293987131129353 -0.33104091385942414 0.01275645795684065 -0.07076139258420606 0.051153273809523815 -0.1189547581903276 0.05078125 -0.47143427886536154 -0.8660742961139064 -0.4903658800606192 -0.19429516329061597 -0.12141511408833998 0.0009757049468240797 0.05411851036507063 0.04606692742285963 0.19168512523428183 0.2223822814441343 0.03829628245843453 0.3654719838465421 -0.1850089861507559 -0.11113463166807788 -0.13220018885741264 -0.012030353507310753 0.02698678578075563 0.09006391632771643 0.24576734025122887 0.27685282085434304 0.1655860349127182 0.07407407407407407 -0.06956155143338955 -0.05758771462088087 -0.07489417127971346 -0.036545489517214855 -0.07747133560582585 0.06567973311092577 -0.03647046905075473 0.03897835675453893 -0.044266896998488445 -0.11533769546412331 -0.1457174638487208 -0.08407031335298613 -0.16790624295695292 -0.06070755704416999 -0.04884243430692585 -0.11774842044801836 0.009398496240601502 -0.09741795138560486 -0.08378407042104147 -0.08999581414817917 -0.11173184357541899 -0.13472195681253582 -0.08148663420451159 -0.011126846044911997 -0.08450163241789897 -0.018907353965568714 -0.11643621998128703 0.023246411966848596 -0.13092677452539045 0.037983097521602886 -0.06355291031978211 -0.0732741997686078 -0.14963759644610705
-0.038397765948163014 -0.09396591432519574 -0.03070522979397781 0.0179635057199584 -0.05023773212523548 -0.14774281805745554 -0.192717314129222 -0.1161452338599979 -0.04026354319180088 -0.11027332704995288 -0.0712207844317384 -0.02626050420168067 -0.03875110717449069 -0.15562949447246965 -0.07915296052631579 -0.28967385641346255 -0.29673901646219986 -0.19292604501607716 -0.10401497815685459 -0.09652509652509653 -0.0801405203644747 -0.07937359219135472 -0.1070154577883472 -0.004154117769238759 -0.17004128169844707 -0.7197687169773701 -1.0570714434492814 -0.2278215223097113 -0.14374126572170093 -0.11278195488721805 -0.04914004914004914 -0.2134471718249733 -0.04892172523961662 -0.3055783429040197 -0.13460991563181343 -3.3267149806413188 -7.426926483613817 -0.6275685882483617 -0.26514311071666297 -0.32288145471500174 0.004252152652280216 -0.0735918482875743 0.04092261904761905 -0.1267550702028081 0.0390625 -0.7540950858969238 -1.4152660314741463 -0.5228404416540376 -0.201529557668458 -0.11932175005233411 -0.006829934627768562 0.0577875619152449 0.05823554976097348 0.18998125745442157 0.22328261456738993 0.04670278348589576 0.3826350328117113 -0.19663812242308915 -0.11748518204911093 -0.12695414961703916 -0.021284471589857485 0.03163967988088591 0.07456904900251793 0.2494083378845804 0.26924174674150886 0.17456359102244387 0.08061002178649238 -0.07061551433389544 -0.07358430201557001 -0.07923586236839249 -0.049047893825735725 -0.07643838446441484 0.05212677231025855 -0.039509674804984296 0.021540670838034667 -0.039948175340099326 -0.1264278584895198 -0.1468298109010011 -0.10153946937438585 -0.174667568176696 -0.07012769520619637 -0.052749829051479936 -0.12444955006701128 0.008458646616541355 -0.09741795138560484 -0.0922685332484887 -0.09313520301381331 -0.11173184357541899 -0.14332123065163388 -0.08744907085362219 -0.02427675500708072 -0.08450163241789899 -0.0258732212160414 -0.11643621998128703 0.02627855265817668 -0.1271860095389507 0.0341847877694426 -0.06859679209119339 -0.08677207867335134 -0.15431377133504792
-0.042761148442272454 -0.09672961768770152 -0.03565768621236133 0.02363619173678736 -0.0547232439221315 -0.13953488372093023 -0.19170301247591032 -0.11300617348540336 -0.04392386530014641 -0.10933081998114987 -0.07723944227104024 -0.009453781512605041 -0.03542958370239151 -0.1642159493399163 -0.08429276315789473 -0.2855058872564343 -0.2988361119849009 -0.17629448941124293 -0.10193467859371749 -0.08941272099166836 -0.08453178175430892 -0.07508312774857878 -0.11242027888876878 -0.0020770588846193796 -0.16316099862394337 -0.52337752965806 -0.7581753801291397 -0.19842519685039367 -0.13276103014573767 -0.10756056808688388 -0.04593526332656768 -0.216357815077132 -0.0439297124600639 -0.3035274815422478 -0.1317660441748033 -3.3028889109500645 -7.003985828166518 -0.5920248805953572 -0.25848679831373417 -0.32288145471500174 -0.005315190815350271 -0.07547881875648646 0.04185267857142857 -0.13845553822152884 0.0302734375 -1.110667199360767 -2.0961353174178354 -0.5553150032474562 -0.20669698222405955 -0.1256018421603517 -0.015611279149185286 0.06053935057787561 0.05649717514124294 0.18657352189470097 0.20707661834878904 0.053241173173921165 0.359414437152953 -0.19875251083624063 -0.12806943268416598 -0.1122652397439933 -0.012955765315565426 0.03350083752093803 0.0716637613790432 0.24121609320953943 0.2701931310056131 0.1825436408977556 0.07734204793028321 -0.06956155143338955 -0.0885144502506132 -0.07706501682405298 -0.051933064050779 -0.07540543332300384 0.03440366972477064 -0.04153581197447067 0.009231716073443431 -0.026992010364931984 -0.1308639236996784 -0.15016685205784203 -0.1102740473850857 -0.17692134324994366 -0.07012769520619636 -0.046888736934648824 -0.11870572467930307 -0.004699248120300752 -0.10120117279863802 -0.0933290911019196 -0.0941816659690247 -0.11067776957942448 -0.14236575578062297 -0.08744907085362218 -0.030345943758850902 -0.08834261570962167 -0.03781470793113743 -0.12371348373011748 0.023246411966848596 -0.12157486205929113 0.027537745703162093 -0.06960556844547565 -0.09352101812572311 -0.15782090250175357
-0.038397765948163014 -0.09120221096269 -0.039619651347068144 0.027417982414673348 -0.06010585807840675 -0.1313269493844049 -0.19271731412922202 -0.10254263890342159 -0.04849926793557833 -0.10461828463713477 -0.0712207844317384 -0.01890756302521008 -0.04317980513728963 -0.17816893849951704 -0.08532072368421054 -0.3000937793060331 -0.30303030303030304 -0.18183834127952103 -0.10089452881214896 -0.09144482828693354 -0.08453178175430894 -0.0675748149737209 -0.09836774402767268 0.01765500051926472 -0.1474346373107922 -0.3917854650583192 -0.5592584878150385 -0.17532808398950128 -0.12377720103813136 -0.1054720133667502 -0.036320905886123286 -0.20180459881633844 -0.04093450479233227 -0.30147662018047583 -0.1251303441084463 -3.164896257321552 -6.511293179805138 -0.5398200599800067 -0.24961171510982916 -0.31472199557057934 -0.015945572446050812 -0.0877441268044155 0.012090773809523812 -0.16088143525741028 0.013671875 -1.5281662005593288 -2.8241087677978802 -0.5758822255899546 -0.2180653162463828 -0.14130207243039564 -0.007805639574592643 0.05044945881489634 0.05823554976097349 0.17294257965581872 0.21247861708832266 0.028021670091537464 0.3442705704189803 -0.23046833703351305 -0.11430990685859439 -0.12485573392088974 -0.004627059041273365 0.04001488926112042 0.06585318613209375 0.23848534498452575 0.2787555893825516 0.19251870324189527 0.10239651416122006 -0.06850758853288363 -0.07785005865415379 -0.07706501682405296 -0.05000961723408348 -0.07643838446441484 0.022935779816513756 -0.04356194914395704 0.015386193455739047 -0.031310732023321096 -0.12531884218698014 -0.1446051167964405 -0.10481493612839829 -0.17354068064007214 -0.06594096713418464 -0.053726677737618446 -0.10913268236645605 -0.008458646616541351 -0.08417667643998866 -0.10393466963622866 -0.0805776475512767 -0.11278591757141351 -0.12994458245748136 -0.08744907085362218 -0.03843819542787781 -0.0777799116573843 -0.036819584038212755 -0.11955504730221436 0.028299979785728718 -0.10474141962031236 0.03323521033140252 -0.04741248865126602 -0.0838796760509063 -0.14613046527940146
-0.0392704424469849 -0.0921234454168586 -0.04358161648177496 0.03309066843150231 -0.05023773212523548 -0.1313269493844049 -0.17445988436961152 -0.09940357852882703 -0.037518301610541725 -0.10650329877474081 -0.07122078443173839 -0.014705882352941175 -0.03542958370239149 -0.1899753139422561 -0.06990131578947369 -0.29696780243826193 -0.2893991821327461 -0.15966293380640867 -0.0925733305596006 -0.07925218451534241 -0.08123833571193326 -0.060066502198863024 -0.09080099448708248 0.01869352996157441 -0.11696481226656179 -0.3090419698933307 -0.4072068319100188 -0.14908136482939632 -0.1038131363545618 -0.10129490392648285 -0.03845742976177759 -0.19889395556417971 -0.04692492012779553 -0.2984003281378179 -0.1118589439757323 -2.9673384294649066 -5.87688219663419 -0.5087193157836276 -0.23408031950299538 -0.3170532696118429 -0.011693419793770596 -0.10189640532125673 0.006510416666666663 -0.19598283931357252 0.017578125 -1.938673591689972 -3.5585055133283374 -0.581294652522191 -0.20876395204630013 -0.14444211848440447 -0.0009757049468240818 0.053201247477527046 0.057366362451108224 0.16868291020616802 0.2169802827046007 0.007472445357743327 0.3059061080262494 -0.251612221165028 -0.10055038103302287 -0.12380652607281502 -0.0018508236165093463 0.04280662572119859 0.06197946930079412 0.2339340979428363 0.27970697364665587 0.20748129675810473 0.12200435729847496 -0.07061551433389544 -0.07465074117521596 -0.07815043959622274 -0.05097134064243124 -0.07024067761594877 0.020850708924103414 -0.04964036065241617 0.02666940198994768 -0.023752969121140145 -0.11533769546412329 -0.12347052280311457 -0.09717218036903592 -0.16339869281045755 -0.05024073686414068 -0.060564618540588054 -0.08902929350947732 -0.019736842105263157 -0.06620637472808097 -0.1156008060239686 -0.050230221850146514 -0.10540739959945189 -0.11179055990827443 -0.08744907085362218 -0.049565041472789804 -0.08546187824082965 -0.03781470793113743 -0.13410957479987523 0.030321406913280773 -0.11876928831946132 0.03798309752160288 -0.05548269948552407 -0.0838796760509063 -0.15665185877951834
-0.0392704424469849 -0.10041455550437588 -0.03169572107765452 0.017018058050486905 -0.04395801560958105 -0.1404468764249886 -0.16228826452987116 -0.10882075965261065 -0.02745241581259151 -0.11875589066918002 -0.08626742902999299 -0.02310924369747899 -0.04650132860938884 -0.19641515509284108 -0.07504111842105263 -0.3021777638845472 -0.2904477298940967 -0.1607717041800643 -0.09881422924901187 -0.08230034545824019 -0.09331430453397739 -0.056848653866781076 -0.08539617338666092 0.03323294215391007 -0.11401611952034596 -0.24922739507526667 -0.32389085607165174 -0.1354330708661417 -0.10081852665202636 -0.09920634920634919 -0.04059395363743191 -0.19307266905986226 -0.050918530351437695 -0.2871205906480722 -0.1004834581476917 -2.710215427380125 -5.149468556244465 -0.47095412640231027 -0.22409585089860218 -0.31472199557057934 -0.01807164877219092 -0.13020096235493914 0.006510416666666663 -0.20963338533541345 0.0078125 -2.350179784258889 -4.332512578953002 -0.6072743017969258 -0.20876395204630013 -0.16432907682646017 -0.010732754415064886 0.031186938176481382 0.05302042590178183 0.15334810018742545 0.20797695147204465 -0.028021670091537453 0.23220595658758203 -0.2907284068083307 -0.09525825571549536 -0.1405938516420103 0.0009254118082546739 0.03257025870091197 0.058105752469494495 0.2239213544511196 0.28160974217486434 0.2184538653366584 0.1459694989106754 -0.08642495784148398 -0.06825210621734032 -0.08249213068490178 -0.051933064050778986 -0.09296560272699102 0.02710592160133444 -0.07192786951676627 0.04000410298492153 -0.044266896998488445 -0.1009204835311079 -0.14794215795328142 -0.07751937984496124 -0.17917511832319136 -0.055474146954155326 -0.08107844094949693 -0.08807198927819261 -0.025375939849624062 -0.06809798543459757 -0.12832750026513945 -0.0303474257011302 -0.12016443554337515 -0.10796866042423084 -0.10136142303488024 -0.05765729314181671 -0.09314384482427503 -0.043785451288685454 -0.13826801122777838 0.015160703456640386 -0.123445244552511 0.01804197132276137 -0.06657923938262889 -0.0887003470883147 -0.1624970773906944
-0.042761148442272454 -0.10409949332105022 -0.03070522979397781 0.010399924364186445 -0.04664932268771867 -0.15321477428180572 -0.15620245461000098 -0.11300617348540336 -0.02745241581259151 -0.11687087653157398 -0.08927675794964389 -0.027310924369747892 -0.036536758193091226 -0.18890200708382526 -0.07504111842105263 -0.3000937793060331 -0.2820593478032924 -0.16409801530103116 -0.09361348034116915 -0.08636456004877058 -0.09660775057635305 -0.05255818942400514 -0.08539617338666092 0.03738705992314882 -0.11303322193827403 -0.21034792144352504 -0.27285982087065197 -0.11758530183727031 -0.08884008784188462 -0.08771929824561402 -0.036320905886123286 -0.17172795187736492 -0.030950479233226847 -0.25943396226415094 -0.086264100862641 -2.401469274297627 -4.353410097431356 -0.4165278240586471 -0.21300199689372085 -0.2902436181373121 -0.019134686935260974 -0.1424662704028682 0.013950892857142854 -0.2125585023400936 0.001953125 -2.7437075509388733 -5.118295685686758 -0.6148516995020568 -0.21289789169078133 -0.1768892610424953 -0.010732754415064886 0.023848835076132825 0.052151238591916574 0.14482876128812405 0.20257495273251105 -0.04670278348589576 0.11408379606259463 -0.3076435141135426 -0.09419983065198984 -0.1384954359458609 0.0009254118082546742 0.03257025870091197 0.06391632771644393 0.2175496085927544 0.27970697364665587 0.23441396508728177 0.16993464052287582 -0.08958684654300168 -0.0703849845366322 -0.07489417127971346 -0.06251202154260434 -0.090899700444169 0.019808173477898247 -0.06483638942356398 0.0338496256026259 -0.03562945368171021 -0.09648441832094931 -0.14238042269187987 -0.07861120209629871 -0.174667568176696 -0.051287418882143596 -0.07814789489108136 -0.07945625119663029 -0.020676691729323314 -0.06526056937482266 -0.1198430374376922 -0.00627877773126832 -0.10119110361547382 -0.10701318555321995 -0.09440524694425122 -0.06676107626947198 -0.09026310735548301 -0.04080007960991144 -0.14138683854870568 0.0020214271275520515 -0.12438043579912092 0.0047478871902003564 -0.06052658125693533 -0.10026995757809487 -0.15431377133504792
-0.047124530936381887 -0.10594196222938737 -0.02773375594294771 0.00945447669471495 -0.04844352740647708 -0.15868673050615595 -0.1592453595699361 -0.12137700115098882 -0.030197657393850663 -0.11969839773798303 -0.0892767579496439 -0.027310924369747896 -0.035429583702391486 -0.18890200708382526 -0.06887335526315791 -0.3084297176200896 -0.2768166089965398 -0.16631555604834236 -0.09465363012273768 -0.09449298922983133 -0.0955099352288945 -0.04719510887053523 -0.08215328072640796 0.0498494132308651 -0.09730686062512287 -0.16648389991027815 -0.23016038325348892 -0.09028871391076113 -0.0748652425633859 -0.07205513784461151 -0.042730477513086215 -0.16590666537304743 -0.02595846645367413 -0.24815422477440524 -0.07868044364394729 -2.0778318276580956 -3.5263507528786535 -0.3943130067755193 -0.20856445529176834 -0.2680965147453083 -0.023386839587541192 -0.14152278516841213 0.009300595238095236 -0.23108424336973482 -0.0048828125 -3.1342389133040354 -5.891232202119687 -0.6126867287291622 -0.22013228606862337 -0.18212267113251 -0.008781344521416726 0.016510731975784267 0.0721425467188179 0.14482876128812405 0.20797695147204465 -0.0859331216140482 -0.03634528016153462 -0.3351305634845121 -0.09102455546147334 -0.13220018885741264 0.00555247084952804 0.04001488926112042 0.07844276583381754 0.21026761332605132 0.28065835791076016 0.2503740648379052 0.19498910675381262 -0.09907251264755482 -0.0682521062173403 -0.06621078910235537 -0.07212925562608194 -0.09296560272699103 0.010425354462051709 -0.0628102522540776 0.02769514822033029 -0.03886849492550205 -0.09648441832094931 -0.14460511679644047 -0.08297849110164865 -0.1735406806400721 -0.05338078291814946 -0.07424050014652729 -0.06988320888378327 -0.029135338345864664 -0.058639931902014567 -0.11029801675681408 0.020929259104227705 -0.09275851164751767 -0.10892413529524173 -0.09241776806121435 -0.06777260772810034 -0.07297868254273095 -0.035824460145288096 -0.1476244931905603 0.011117849201536283 -0.1215748620592911 0.00474788719020036 -0.055482699485524055 -0.09737755495564984 -0.1496375964461071
-0.05585129592460075 -0.10409949332105022 -0.0277337559429477 0.014181715042072421 -0.04934062976585628 -0.15868673050615595 -0.15924535956993607 -0.1370723030239615 -0.03385797950219619 -0.12346842601319508 -0.08927675794964388 -0.01890756302521009 -0.023250664304694416 -0.19319523451754858 -0.06476151315789473 -0.30321975617380426 -0.2663311313830345 -0.153010311564475 -0.0977740794674433 -0.08941272099166836 -0.10539027335602154 -0.03539633165290142 -0.08647713760674522 0.044656766019316646 -0.10222134853548259 -0.1435549795633536 -0.22495313476359097 -0.08083989501312336 -0.08085446196845678 -0.06787802840434418 -0.0405939536374319 -0.13874066168623267 -0.014976038338658154 -0.22764561115668586 -0.06066925774954972 -1.7273900526159038 -2.7247564216120463 -0.35988003998667106 -0.20412691368981578 -0.25294323347709524 -0.023386839587541192 -0.15001415227851686 0.017671130952380952 -0.22718408736349457 -0.001953125 -3.491809828206152 -6.617064554116261 -0.6094392725698203 -0.22840016535758578 -0.18735608122252462 -0.025368328617426095 0.011007154650522844 0.06605823554976098 0.13886522405861307 0.1962726208697218 -0.13637212777881563 -0.28571428571428575 -0.38376149698699646 -0.10266723116003389 -0.13744622809778617 -0.0037016472330186926 0.06141820212171971 0.09103234553554135 0.2175496085927544 0.27685282085434304 0.2942643391521197 0.21677559912854028 -0.096964586846543 -0.08211581529273757 -0.04667317920329968 -0.07886131948451625 -0.0816031401714699 0.009382819015846536 -0.06078411508459123 0.027695148220330295 -0.021593608291945586 -0.0842852389930132 -0.14126807563959956 -0.08952942460967353 -0.1656524678837052 -0.05024073686414068 -0.06251831591286508 -0.07371242580892208 -0.02537593984962406 -0.056748321195497976 -0.08908685968819599 0.058601925491837584 -0.07483925371561084 -0.10796866042423085 -0.07949915532147471 -0.06979567064535705 -0.05089302861532553 -0.01990247785849339 -0.135149183906851 0.013139276329088337 -0.11128775834658186 -0.00854619694236065 -0.03732472510844346 -0.10605476282298495 -0.13560907177928455
-0.06370538441399773 -0.09304467987102719 -0.028724247226624405 0.0179635057199584 -0.05382614156275232 -0.13862289101687186 -0.16127396287655948 -0.1203306476927906 -0.03660322108345534 -0.11121583411875587 -0.09328919650917845 0.012605042016806723 -0.01328609388839681 -0.18246216593324033 -0.06681743421052631 -0.28133791809940606 -0.25794274929223027 -0.13083490409136267 -0.09257333055960057 -0.06909164803901646 -0.10099901196618728 -0.01716185777110372 -0.06161496054480596 0.05608058988472324 -0.09239237271476311 -0.11165387299371946 -0.2114142886898563 -0.06089238845144358 -0.06887602315831504 -0.050125313283208 -0.04807178720222199 -0.13000873192975645 -0.004992012779552717 -0.2173913043478261 -0.04360602900748886 -1.357093219497667 -2.0394154118689114 -0.3176718871487282 -0.19414244508542264 -0.24361813731204104 -0.029765068565961516 -0.1575620341541655 0.035342261904761904 -0.24375975039001557 0.001953125 -3.8024370755093893 -7.221924847446741 -0.5996969040917948 -0.22219925589086395 -0.19363617333054223 -0.03219826324519466 0.009172628875435702 0.06605823554976098 0.13034588515931164 0.18726928963716574 -0.21203063702596675 -0.6380615850580516 -0.42922084786975373 -0.1100762066045724 -0.13534781240163676 -0.012030353507310753 0.06514051740182394 0.1074956420685648 0.22210085563444384 0.27970697364665587 0.33017456359102243 0.25054466230936817 -0.0938026981450253 -0.07998293697344568 -0.023879300987734726 -0.07789959607616848 -0.0733395310401818 0.02085070892410342 -0.06078411508459123 0.03179813314186071 -0.01619520621895919 -0.07652212487523566 -0.13014460511679643 -0.0851621356043236 -0.15438359251746672 -0.056520828972158266 -0.05274982905147992 -0.05265173272065863 -0.022556390977443608 -0.056748321195497976 -0.0699968183264397 0.0941816659690247 -0.05691999578370401 -0.10892413529524174 -0.06061810593262447 -0.07889945377301233 -0.04417130785481084 -0.0129366106080207 -0.1299511383719721 0.00505356781888013 -0.10006546338726267 -0.025638590827081947 -0.03732472510844346 -0.10991129965291169 -0.1321019406125789
-0.06196003141635396 -0.10686319668355597 -0.014857369255150554 0.0075635813557719585 -0.043958015609581055 -0.15321477428180574 -0.15011664469013083 -0.1370723030239615 -0.037518301610541725 -0.1234684260131951 -0.09429230614906212 0.002100840336134452 -0.0011071744906997333 -0.1770956316410862 -0.06064967105263157 -0.2855058872564343 -0.24431162839467335 -0.14192260782791882 -0.08633243187018928 -0.07112375533428167 -0.08892304314414316 -0.022524938324573633 -0.052967246784131436 0.06438882542320075 -0.0796147041478278 -0.10467550593161201 -0.19475109352218287 -0.06719160104986877 -0.051906568177280885 -0.055346700083542186 -0.04593526332656768 -0.13485980401668768 0.003993610223642174 -0.21534044298605415 -0.02843871457010143 -0.9877891392832323 -1.4769707705934456 -0.30434299677885146 -0.1841579764810295 -0.2447837743326728 -0.03401722121824173 -0.18492310595339184 0.034412202380952384 -0.23205928237129486 -0.001953125 -4.056132640831004 -7.644791778182207 -0.600779389478242 -0.2263331955353452 -0.20410299351057154 -0.03707678797931506 -0.006420840212804991 0.06258148631029989 0.1277900834895212 0.17916629152786528 -0.3362600410984495 -1.1186269560827866 -0.4841949466116926 -0.12595258255715497 -0.1353478124016368 -0.016657412548584122 0.05862646566164155 0.0968429207824908 0.22119060622610598 0.2739986680620302 0.34912718204488774 0.28104575163398693 -0.11382799325463744 -0.09278020688919698 -0.02605014653207425 -0.08174648970955951 -0.06714182419171573 0.029190992493744787 -0.050653429237159354 0.030772386911478107 -0.021593608291945583 -0.07430409227015637 -0.12791991101223582 -0.08734578010699859 -0.14987604237097135 -0.056520828972158266 -0.05958776985444956 -0.06701129618992915 -0.02725563909774436 -0.06620637472808096 -0.07211793403330151 0.13185433235663457 -0.061136291767682094 -0.11465698452130708 -0.05465566928351386 -0.07889945377301236 -0.052813520261186866 -0.00796099114339735 -0.11435700176733547 0.004042854255104104 -0.09819508089404282 -0.03513436520748267 -0.045394935942701505 -0.11858850752024681 -0.1414542903904606
-0.05236058992931321 -0.10133578995854445 -0.00792393026941363 0.017963505719958396 -0.04216381089082265 -0.13223894208846326 -0.156202454610001 -0.1276551219001779 -0.035688140556368965 -0.1121583411875589 -0.08024877119069115 0.0010504201680672245 0.008857395925597873 -0.17602232478265536 -0.04934210526315789 -0.26466604147129313 -0.20761245674740478 -0.14192260782791882 -0.07905138339920949 -0.07010770168664907 -0.09660775057635304 -0.02574278665665558 -0.06161496054480596 0.06127323709627168 -0.07568311381954 -0.10567241551191306 -0.1989168923141012 -0.07139107611548556 -0.047913755240566985 -0.059523809523809514 -0.03311612007264182 -0.12806830309498402 0.019968051118210865 -0.20200984413453651 -0.01042752867570386 -0.7515139481782983 -1.1492471213463242 -0.294346329001444 -0.1730641224761482 -0.24361813731204104 -0.029765068565961516 -0.17926219454665535 0.035342261904761904 -0.22523400936037447 0.005859375 -3.8723531761885743 -7.5163258751739646 -0.5618099155661398 -0.2232327408019843 -0.20096294745656268 -0.03414967313884281 -0.02293157218858925 0.050412863972186014 0.11671494292042936 0.17016296029530925 -0.6444984121053615 -1.8637051993942453 -0.5296542974944497 -0.13653683319221 -0.1458398908823838 -0.007403294466037387 0.06514051740182394 0.09296920395119115 0.22756235208447118 0.27399866806203016 0.3780548628428928 0.31372549019607837 -0.12225969645868466 -0.09384664604884292 -0.00976880494952784 -0.07020580880938641 -0.05991116620183866 0.01668056713928273 -0.04356194914395705 0.036926864293773724 -0.024832649535737418 -0.05545081512698237 -0.12680756395995552 -0.08734578010699859 -0.14424160468785216 -0.051287418882143596 -0.06056461854058807 -0.053609036951943335 -0.02631578947368421 -0.060531542608531164 -0.060451797645561564 0.18313101716199248 -0.06851480973964372 -0.11274603477928531 -0.05167445095895856 -0.06777260772810034 -0.0547340119070482 -0.005970743357548016 -0.10707973801850505 0.007074994946432181 -0.09258393341438323 -0.03038647801728231 -0.047412488651266016 -0.11087543386039336 -0.13794715922375494
-0.044506501439916225 -0.09672961768770152 -0.02179080824088748 0.016072610381015408 -0.03767829909392663 -0.11947104423164615 -0.14504513642357236 -0.1266087684419797 -0.032027818448023423 -0.10838831291234682 -0.0712207844317384 -0.019957983193277313 0.014393268379096547 -0.17172909734893205 -0.025699013157894735 -0.25216213400020837 -0.16881618957743522 -0.16409801530103113 -0.06136883711254419 -0.07620402357244463 -0.09441211988143593 -0.033251099431513456 -0.05404821100421575 0.054003531000103855 -0.0678199331629644 -0.11663842089522478 -0.19475109352218287 -0.08608923884514437 -0.04991016170892394 -0.06370091896407684 -0.028843072321333197 -0.1251576598428253 0.01497603833865815 -0.1866283839212469 -0.0037918286093468583 -0.5877097190509282 -0.9289193976970772 -0.28101743863156725 -0.17417350787663632 -0.23895558922951396 -0.014882534282980758 -0.18492310595339184 0.03348214285714286 -0.21938377535101408 0.0234375 -3.5767079504594483 -7.118081575848409 -0.5185105001082485 -0.2097974369574204 -0.19363617333054223 -0.036101083032490974 -0.04678040726472206 0.03737505432420687 0.10223206679161698 0.1584586296929864 -1.0274612366897067 -2.7036850075719334 -0.5803996194100856 -0.15135478408128705 -0.16472563214772845 -0.009254118082546735 0.06048762330169366 0.09200077474336625 0.23939559439286368 0.2739986680620302 0.399002493765586 0.3464052287581699 -0.13385328836424956 -0.08638157193132132 -0.0054271138608488 -0.07020580880938641 -0.06610887305030473 0.018765638031693073 -0.0476142234829298 0.04615858036721716 -0.03886849492550205 -0.019962293445713652 -0.12903225806451615 -0.07861120209629872 -0.14424160468785216 -0.04814737282813482 -0.06935625671583472 -0.05552364541451273 -0.021616541353383457 -0.054856710488981365 -0.057270124085268846 0.23231477605692757 -0.06956888373563823 -0.11274603477928531 -0.05465566928351386 -0.06271495043495853 -0.053773766084117526 -0.0029853716787740098 -0.09252521052084418 0.006064281382656155 -0.0860375946881137 -0.02658816826512202 -0.04943004135983052 -0.11376783648283842 -0.1297638531681085
-0.04625185443755999 -0.1050207277752188 -0.033676703645007924 0.009454476694714949 -0.03498699201578901 -0.12311901504787962 -0.12577340501065015 -0.1328868891911688 -0.028367496339677896 -0.11404335532516494 -0.08526431939010934 -0.022058823529411766 0.012178919397697077 -0.16850917677363958 -0.02672697368421053 -0.23757424195060955 -0.14574813882772358 -0.16077170418006428 -0.06552943623881838 -0.07213980898191424 -0.10099901196618728 -0.032178483320819476 -0.06593881742514322 0.05608058988472324 -0.08354629447611558 -0.10367859635131096 -0.1916267444282441 -0.07559055118110236 -0.05789578758235177 -0.06161236424394319 -0.023501762632197415 -0.13000873192975648 0.004992012779552721 -0.17124692370795733 0.006635700066357 -0.4973692048049241 -0.7539858281665192 -0.27213151171831607 -0.16529842467273131 -0.23662431518825033 -0.015945572446050812 -0.1802056797811114 0.040922619047619055 -0.20768330733229332 0.0380859375 -3.224131042748701 -6.595653570281554 -0.47412859926391004 -0.20256304257957836 -0.17374921498848653 -0.04683383744755586 -0.0706292423408549 0.020860495436766623 0.09115692622252514 0.1341496353650851 -1.400149448907155 -3.597173144876325 -0.6205729992599641 -0.17887383573243015 -0.17521771062847552 -0.008328706274292063 0.05490415038153732 0.0852217702885919 0.23666484616785 0.2692417467415089 0.4049875311720698 0.36492374727668836 -0.14650084317032042 -0.08744801109096725 -0.0021708455443395216 -0.06443546835929986 -0.06920772647453775 0.017723102585487916 -0.04964036065241617 0.05436455021027799 -0.03454977326711293 0.018853277143174002 -0.13681868743047831 -0.0742439130909488 -0.1374802794681091 -0.05547414695415533 -0.07130995408811175 -0.06701129618992915 -0.024436090225563905 -0.06336895866830607 -0.058330681938699745 0.2835914608622855 -0.08643406767155055 -0.12134530861838333 -0.06260558481566134 -0.05765729314181671 -0.0643364701363549 -0.010946362822171362 -0.10188169248362618 0.0030321406913280777 -0.09819508089404283 -0.014243661570601085 -0.06960556844547564 -0.11569610489780177 -0.14846855272387188
-0.044506501439916225 -0.11331183786273606 -0.01584786053882726 -0.005672686016828969 -0.03229568493765139 -0.12767897856817143 -0.12983061162389695 -0.14335042377315058 -0.03477306002928258 -0.12158341187558908 -0.08727053866987663 -0.03571428571428571 0.005535872453498671 -0.17065579049050122 -0.03289473684210527 -0.24070021881838075 -0.12897137464611513 -0.17962080053220975 -0.06656958602038694 -0.08230034545824019 -0.10978153474585575 -0.054703421645393116 -0.06485785320505891 0.047772354346245716 -0.09042657755061922 -0.1076662346725152 -0.1905852947302645 -0.08818897637795275 -0.06687961668995808 -0.06683375104427734 -0.02457002457002457 -0.13485980401668768 0.018969648562300323 -0.17842493847415913 0.010427528675703858 -0.44971706542241635 -0.6178033658104518 -0.27213151171831607 -0.16307965387175505 -0.23895558922951388 -0.029765068565961523 -0.17831870931219923 0.03627232142857143 -0.19305772230889237 0.033203125 -2.857570914902117 -5.983299432608929 -0.4470664646027279 -0.2139313766019016 -0.1768892610424953 -0.06146941164991706 -0.09998165474224911 0.017383746197305518 0.0715624467541319 0.11794363914648417 -1.798057164206987 -4.471479050984351 -0.6649751559361454 -0.1936917866215072 -0.19620186758996958 -0.004627059041273366 0.057695886841615494 0.09490606236684099 0.24485709084289095 0.26924174674150886 0.39501246882793023 0.3605664488017429 -0.15598650927487354 -0.0906473285699051 0.00217084554433952 -0.06635891517599538 -0.07540543332300383 0.026063386155129282 -0.040522743389727486 0.049235819058364966 -0.03562945368171021 0.04879671731174448 -0.1512791991101224 -0.08297849110164865 -0.14424160468785216 -0.0711743772241993 -0.06837940802969619 -0.07849894696534558 -0.024436090225563905 -0.07377281755414736 -0.05939123979213066 0.31603181247383844 -0.09170443765152314 -0.12803363271545956 -0.06359932425717978 -0.04855351001416143 -0.0643364701363549 -0.008956115036322024 -0.09044599230689263 0.0020214271275520515 -0.08884316842794351 -0.014243661570601085 -0.07364067386260467 -0.11280370227535672 -0.14963759644610708
-0.03665241295051924 -0.11423307231690467 -0.009904912836767036 0.005672686016828969 -0.023324661343859333 -0.11947104423164612 -0.12881630997058524 -0.14335042377315058 -0.03385797950219619 -0.11781338360037699 -0.07723944227104021 -0.03466386554621849 0.028786536758193093 -0.16636256305677793 -0.015419407894736841 -0.23340627279358128 -0.11219461046450667 -0.18738219314779908 -0.06240898689411276 -0.08839666734403576 -0.0955099352288945 -0.06328435053094497 -0.06810074586531187 0.0498494132308651 -0.08256339689404363 -0.09969095803010668 -0.17079775046865237 -0.09028871391076115 -0.06188860051906568 -0.06578947368421052 -0.01602392906740733 -0.14068109052100514 0.03494408945686901 -0.1712469237079573 0.019907100199071 -0.39809391442469966 -0.5015500442869797 -0.26435632566922135 -0.15864211226980254 -0.23196176710572325 -0.03082810672903157 -0.1603924898575337 0.04836309523809525 -0.18135725429017166 0.060546875 -2.4510587295245703 -5.239267744352854 -0.4037670491448366 -0.19636213311285652 -0.1622357127904543 -0.05171236218167626 -0.09998165474224913 0.025206431986093004 0.06900664508434146 0.11614297289997297 -2.203437324864562 -5.28319030792529 -0.6850618458610847 -0.1989839119390347 -0.20459553037456718 -0.010179529890801406 0.06141820212171972 0.10265349602944025 0.2484980884762425 0.26353344115688326 0.3800498753117207 0.31481481481481477 -0.16652613827993257 -0.09597952436813481 0.00434169108867904 -0.06347374495095211 -0.0640429707674827 0.04274395329441201 -0.023300577449093304 0.06051902759257359 -0.015115525804361906 0.08539425529555285 -0.13904338153503895 -0.09389671361502347 -0.13184584178498984 -0.055474146954155326 -0.05568037510989547 -0.06988320888378327 -0.022556390977443608 -0.06431476402156437 -0.06575458691271609 0.3526580159062369 -0.09170443765152314 -0.12230078348939422 -0.06359932425717978 -0.046530447096904716 -0.06337622431342424 -0.005970743357548016 -0.10292130159060191 0.0010107135637760262 -0.07388010848218461 -0.01139492925648087 -0.0706143447997579 -0.10991129965291169 -0.14729950900163666
-0.04537917793873811 -0.11239060340856748 -0.016838351822503962 0.0075635813557719585 -0.025118866062617744 -0.09667122663018693 -0.13388781823714374 -0.1318405357329706 -0.03751830161054172 -0.11592836946277096 -0.07322700371150567 -0.031512605042016806 0.031000885739592577 -0.17387571106579372 -0.015419407894736841 -0.22090236532249657 -0.09541784628289819 -0.18627342277414344 -0.061368837112544206 -0.08636456004877058 -0.0955099352288945 -0.062211734420251 -0.07350556696573343 0.05608058988472324 -0.08059760172989973 -0.08673113348619281 -0.1530931056029994 -0.08398950131233596 -0.07187063286085046 -0.06474519632414369 -0.02670654844567888 -0.13388958959930147 0.03893769968051118 -0.16714520098441343 0.022750971656081146 -0.3276084582547404 -0.3952612931798051 -0.24436299011440635 -0.1575327268693144 -0.22147103392003728 -0.024449877750611245 -0.1462402113406925 0.05859375 -0.1647815912636506 0.0791015625 -2.0335597283260087 -4.428862006209186 -0.3572201775276033 -0.17672591980157087 -0.1454888005024074 -0.062445116596741145 -0.10731975784259769 0.03215993046501521 0.06985857897427161 0.10263797605113893 -2.612553708201009 -6.032306915699142 -0.6956337879268422 -0.21380186282811176 -0.2108907774630154 -0.01943364797334814 0.05769588684161549 0.09781134999031571 0.2566903331512834 0.2511654457235277 0.3491271820448878 0.2145969498910675 -0.1812816188870152 -0.10451103764530234 0.006512536633018562 -0.05962685131756107 -0.06610887305030472 0.04274395329441202 -0.021274440279606933 0.05846753513180838 -0.004318721658389117 0.11422867916158368 -0.14126807563959956 -0.09935582487171088 -0.1284651791751183 -0.06698764915218758 -0.05372667773761843 -0.0813708596591997 -0.017857142857142856 -0.08133926038021376 -0.06151235549899246 0.37149434910004187 -0.1001370296194793 -0.13376648194152493 -0.06459306369869822 -0.049565041472789804 -0.06529671595928557 -0.01194148671509603 -0.11019856533943237 -0.003032140691328078 -0.06265781352286542 -0.007596619504320579 -0.07565822657116916 -0.11569610489780177 -0.14846855272387188
-0.04625185443755999 -0.09765085214187011 -0.0277337559429477 0.02363619173678737 -0.02242755898448013 -0.0756953944368445 -0.12881630997058524 -0.10568169927801611 -0.035688140556368965 -0.0999057492931197 -0.08426120975022569 -0.027310924369747903 0.009964570416297608 -0.16206933562305464 -0.03700657894736842 -0.18964259664478483 -0.09332075076019712 -0.18072957090586542 -0.0748907842729353 -0.07925218451534241 -0.09660775057635307 -0.04612249275984126 -0.08863906604691385 0.06335029598089106 -0.08354629447611557 -0.07476821852258002 -0.1343470110393668 -0.08188976377952754 -0.07386703932920743 -0.06578947368421051 -0.023501762632197415 -0.11351508683419036 0.0369408945686901 -0.14766201804757997 0.02369892880841786 -0.27102154273801254 -0.3000442869796279 -0.21992669110296567 -0.15309518526736188 -0.20981466371371954 -0.02126076326140108 -0.128313991886027 0.0511532738095238 -0.12968018720748828 0.0830078125 -1.589093088294047 -3.5756343003961035 -0.30850833513747566 -0.1705250103348491 -0.12350847812434584 -0.07122646111815786 -0.10365070629242341 0.01303780964797914 0.0638950417447606 0.0765283154767264 -3.003923033812815 -6.709742554265523 -0.6871762342742362 -0.24132091447925483 -0.21508760885531425 -0.03424023690542292 0.06979341150195421 0.07844276583381755 0.27671582013471696 0.2283322233850252 0.2932668329177058 0.04030501089324616 -0.18444350758853287 -0.12583982083822118 0.00976880494952784 -0.05866512790921331 -0.04338394793926248 0.02189324437030859 -0.003039205754229565 0.03795261052415632 0.028071690779529257 0.1408450704225352 -0.13793103448275862 -0.11791680314444808 -0.1262114041018706 -0.07222105924220223 -0.04786558562078733 -0.09860233582232433 0.013157894736842101 -0.09741795138560486 -0.05939123979213066 0.3955629970699038 -0.10540739959945189 -0.14427670552264477 -0.058630627049587616 -0.052599635848674886 -0.06529671595928557 -0.022887849537267392 -0.09252521052084417 -0.014149989892864362 -0.04488917983727673 -0.0056974646282404355 -0.0746494502168869 -0.1195526417277285 -0.14379237783493104
-0.04974256043284754 -0.10133578995854445 -0.03070522979397781 0.03025432542308783 -0.027810173140755363 -0.07478340173278615 -0.1288163099705852 -0.10254263890342157 -0.04026354319180088 -0.10650329877474081 -0.07824255191092387 -0.032563025210084036 0.00221434898139947 -0.15670280133090053 -0.03700657894736842 -0.17818068146295718 -0.07339834329453707 -0.17851203015855416 -0.07073018514666113 -0.080268238162975 -0.09221648918651884 -0.060066502198863024 -0.09188195870716678 0.06231176653858137 -0.08256339689404361 -0.07078058020137575 -0.118725265569673 -0.08923884514435695 -0.07985625873427829 -0.07518796992481201 -0.02243350069437026 -0.13583001843407394 0.035942492012779555 -0.15176374077112387 0.024646885960754573 -0.25513749627717663 -0.2181133746678477 -0.22436965455959124 -0.14532948746394497 -0.22613358200256437 -0.015945572446050812 -0.11699216907255401 0.05301339285714285 -0.13163026521060844 0.0908203125 -1.193567718737515 -2.7202654961995507 -0.2695388612253734 -0.15605622157916493 -0.11408833996231946 -0.07122646111815786 -0.11832691249312052 0.0034767492394611036 0.055375702845459195 0.05762131988835869 -3.3710069120119557 -7.252902574457346 -0.675547098001903 -0.2497883149872989 -0.22453047948798655 -0.03794188413844161 0.043737204541224636 0.06779004454774357 0.27489532131804106 0.21025592236704407 0.1526184538653367 -0.1928104575163399 -0.21079258010118043 -0.12690625999786714 -0.010854227721697602 -0.056741681092517794 -0.05371345935337259 0.02189324437030859 -0.008104548677945503 0.03384962560262591 0.03562945368171021 0.1874237551292004 -0.1468298109010011 -0.11245769188776067 -0.1431147171512283 -0.07745446933221689 -0.061541467226726584 -0.09285851043461614 0.013157894736842101 -0.10403858885841295 -0.07636016544702513 0.4175387191293429 -0.12016443554337515 -0.14618765526466654 -0.0645930636986982 -0.052599635848674886 -0.07874015748031496 -0.02885859289481541 -0.10188169248362615 -0.015160703456640386 -0.03273169363134761 0.0037983097521602865 -0.08776354282255623 -0.11280370227535672 -0.15431377133504792
-0.06021467841871018 -0.10317825886688162 -0.025752773375594295 0.03781790677885979 -0.03408988965640979 -0.07113543091655268 -0.12983061162389692 -0.09417181123783615 -0.04666910688140556 -0.09707822808671064 -0.08626742902999299 -0.039915966386554626 0.0011071744906997346 -0.15240957389717721 -0.040090460526315784 -0.16880275085964364 -0.05871867463562965 -0.17851203015855419 -0.07177033492822966 -0.0833163991058728 -0.09660775057635307 -0.062211734420251 -0.09188195870716678 0.06231176653858137 -0.08452919205818751 -0.07277439936197787 -0.10831076858987712 -0.09448818897637794 -0.08983829107606309 -0.08249791144527985 -0.008546095502617243 -0.1251576598428253 0.04193290734824281 -0.14048400328137817 0.03033462887477486 -0.2263476620669116 -0.13618246235606735 -0.2143729867821837 -0.1353450188595518 -0.2121459377549831 -0.009567343467630487 -0.10567034625908105 0.05301339285714286 -0.09945397815912636 0.1025390625 -0.8140231721933681 -1.8830960282624987 -0.22732193115392946 -0.14882182720132284 -0.09734142767427256 -0.07512928090545419 -0.12658227848101267 0.0026075619295958287 0.04856023172601807 0.04231565679301342 -3.6783112273491496 -7.679959616355378 -0.6554604080769638 -0.25190516511430994 -0.23187493442450946 -0.02498611882287618 0.040014889261120415 0.051326748014720126 0.2639723284179865 0.20169346399010563 -0.04289276807980047 -0.4215686274509804 -0.22765598650927482 -0.12797269915751305 -0.013025073266037124 -0.061550298134256574 -0.051647557070550576 0.020850708924103418 0.006078411508459123 0.02769514822033029 0.06694018570503131 0.23178440723078628 -0.153503893214683 -0.11136586963642318 -0.13973405454135676 -0.0743144232782081 -0.06251831591286508 -0.10817537813517135 0.0018796992481203006 -0.11349664239099592 -0.10075299607593594 0.42381749686061115 -0.1391377674712765 -0.1480986050066883 -0.07751167643843786 -0.052599635848674886 -0.07297868254273093 -0.035824460145288096 -0.11227778355338394 -0.01718213058419244 -0.01963901617880856 0.019941126198841513 -0.08271966105114495 -0.10701889703046666 -0.15080664016834233
-0.04712453093638188 -0.09765085214187011 -0.028724247226624405 0.042545145126217265 -0.028707275500134567 -0.0674874601003192 -0.11765899178415659 -0.08684733703044888 -0.03294289897510981 -0.0885956644674835 -0.0792456615508075 -0.026260504201680673 -0.01771479185119575 -0.15348288075560804 -0.048314144736842105 -0.15317286652078774 -0.04299045821537171 -0.17075063754296485 -0.06969003536509258 -0.07925218451534241 -0.1009990119661873 -0.04719510887053524 -0.0864771376067452 0.06542735486551045 -0.09140947513269117 -0.04984547901505333 -0.10102062070402 -0.06614173228346457 -0.09482930724695549 -0.05743525480367586 0.006409571626962931 -0.1076938003298729 0.039936102236421724 -0.1322805578342904 0.037918286093468576 -0.2064926039908667 -0.06310894596988484 -0.19993335554815062 -0.11870423785222986 -0.20398647861056068 0.001063038163070054 -0.07925275969431078 0.053943452380952384 -0.10042901716068645 0.1171875 -0.4674390731122652 -1.1240766513221279 -0.17969257415024895 -0.1281521289789169 -0.08059451538622567 -0.06342082154356524 -0.11557512383048982 -0.00434593654932638 0.050264099505878346 0.04141532366975782 -3.8576499159349895 -7.879858657243817 -0.595200338302146 -0.23602878916172734 -0.20984156961494077 -0.006477882657782713 0.041876046901172526 0.06294789850861902 0.25486983433460764 0.20454761678241842 -0.3281795511221945 -0.724400871459695 -0.23608768971332209 -0.10984323344353204 -0.009768804949527842 -0.05866512790921331 -0.045449850222084504 0.020850708924103418 0.008104548677945498 0.03487537183300852 0.10688836104513064 0.2905622712653876 -0.153503893214683 -0.09935582487171088 -0.1352265043948614 -0.06594096713418462 -0.044935039562371784 -0.09955964005360904 0.006578947368421052 -0.11065922633122102 -0.09651076466221231 0.43323566345751363 -0.1233266575313587 -0.14523218039365565 -0.06459306369869822 -0.04754197855553307 -0.0672172076051469 -0.04776594686038412 -0.1226738746231417 -0.018192844147968467 -0.00841672121948938 0.03608394264552274 -0.08171088469686269 -0.09641342074816815 -0.14262333411269582
-0.05759664892224453 -0.10225702441271303 -0.0277337559429477 0.04916327881251773 -0.037678299093926615 -0.0729594163246694 -0.11867329343746828 -0.07638380244846708 -0.042093704245973654 -0.08953817153628653 -0.08626742902999299 -0.02415966386554622 -0.029893711248892823 -0.14918965332188475 -0.05448190789473685 -0.14171095133896008 -0.03669917164726853 -0.14635768932254128 -0.0748907842729353 -0.06705954074375128 -0.09221648918651881 -0.0375415638742894 -0.0853961733866609 0.07477411984629764 -0.09042657755061922 -0.03788256405144054 -0.08956467402624455 -0.04409448818897638 -0.0988221201836694 -0.042815371762740195 0.0010682619378271558 -0.11254487241680411 0.04492811501597444 -0.11894995898277275 0.03507441463645843 -0.19259406333763526 -0.044286979627989366 -0.17771853826502276 -0.12203239405369423 -0.19233010840424292 0.007441267141490379 -0.07453533352203037 0.05766369047619048 -0.093603744149766 0.1259765625 -0.337594886136636 -0.6648110480676586 -0.15696038103485604 -0.11368334022323275 -0.07222105924220223 -0.06439652649038931 -0.09814712896716199 -0.007822685788787481 0.0596353722951099 0.03601332493022418 -3.7184756211470216 -7.503281171125694 -0.5359974627339041 -0.23285351397121085 -0.1972510754380443 -0.020359059781602813 0.030709101060859854 0.051326748014720126 0.2512288367012561 0.17886024165160308 -0.8179551122194514 -1.2788671023965141 -0.2571669477234402 -0.12050762503999146 -0.023879300987734726 -0.06732063858434315 -0.04854870364631753 0.01876563803169308 0.010130685847431872 0.02359216329879988 0.13280069099546535 0.2961073527780858 -0.15906562847608458 -0.10590675837973577 -0.13409961685823757 -0.06489428511618171 -0.023444368467324412 -0.10913268236645605 0.021616541353383457 -0.11727986380402913 -0.09757132251564322 0.4248639598158226 -0.11489406556340256 -0.1528759793617428 -0.05664314816655073 -0.05664576168318834 -0.0643364701363549 -0.04876107075330879 -0.11747582908826282 -0.025267839094400647 -0.010287103712709248 0.037983097521602886 -0.08171088469686272 -0.10219822599305824 -0.14379237783493104
-0.0532332664281351 -0.10778443113772455 0.0 0.057672307837761186 -0.029604377859513774 -0.08481532147742818 -0.11867329343746831 -0.07429109553207072 -0.03477306002928258 -0.09330819981149858 -0.07824255191092386 -0.013655462184873948 -0.03100088573959256 -0.1384565847375765 -0.06373355263157895 -0.13962696676044595 -0.04299045821537171 -0.13637875595964075 -0.08217183274391512 -0.0619792725055883 -0.09331430453397739 -0.023597554435267613 -0.07891038806615501 0.08308235538477518 -0.09042657755061922 -0.03190110656963414 -0.08852322432826494 -0.026246719160104987 -0.0988221201836694 -0.03132832080200502 0.0042730477513086215 -0.10575337149510042 0.057907348242811504 -0.1138228055783429 0.04265807185515215 -0.19060855753003078 -0.024357838795394153 -0.17771853826502276 -0.10761038384734856 -0.18183937521855692 0.014882534282980758 -0.06887442211529389 0.06789434523809525 -0.08775351014040562 0.140625 -0.25968837395125843 -0.3393640937801091 -0.15263043948906688 -0.10024803637866889 -0.06908101318819344 -0.0546394770221485 -0.07980187121629059 -0.006084311169056928 0.0655989095246209 0.0396146574232466 -3.4578740892957223 -6.948006057546694 -0.482080558198541 -0.22121083827265037 -0.18885741265344666 -0.02591153063113085 0.028847943420807747 0.054232035638194856 0.2430365920262152 0.15602701931310056 -1.3027431421446383 -1.8692810457516338 -0.2814080944350759 -0.13543777327503465 -0.030391837620753287 -0.06539719176764762 -0.044416899080673485 0.03753127606338615 0.017222165940634183 0.024617909529182476 0.1565536601166055 0.28058112454253076 -0.16796440489432704 -0.10263129162572333 -0.13409961685823757 -0.07222105924220223 -0.01953697372277034 -0.11966302891058778 0.02537593984962406 -0.13525016551593683 -0.0922685332484887 0.3955629970699037 -0.11700221355539157 -0.16147525320084083 -0.05266819040047699 -0.052599635848674886 -0.06337622431342424 -0.03781470793113743 -0.12475309283709327 -0.022235698403072567 -0.009351912466099318 0.03893267495964296 -0.07464945021688693 -0.09641342074816815 -0.13677811550151975
-0.058469325421066407 -0.09949332105020728 0.01089540412044374 0.06145409851564715 -0.03588409437516821 -0.07387140902872777 -0.1369307231970788 -0.054410379826305325 -0.04026354319180088 -0.08294062205466542 -0.06821145551208745 -0.011554621848739493 -0.02546501328609389 -0.14274981217129976 -0.061677631578947366 -0.1333750130249036 -0.04299045821537171 -0.12972613371770705 -0.0748907842729353 -0.0629953261532209 -0.09221648918651883 -0.018234473881797705 -0.0778294238460707 0.0799667670578461 -0.08059760172989974 -0.028910377828730932 -0.08539887523432618 -0.01784776902887139 -0.09383110401277701 -0.021929824561403514 -0.0032047858134814687 -0.09896187057339673 0.05890575079872203 -0.11997538966365875 0.033178500331785 -0.1846520401072173 -0.03542958370239149 -0.1599466844385205 -0.11537608165076547 -0.17018300501223915 0.015945572446050812 -0.06698745164638173 0.07905505952380952 -0.08482839313572545 0.1455078125 -0.1807830603276069 -0.11454876351568355 -0.1385581294652522 -0.09921455146754858 -0.06489428511618171 -0.05756659186262074 -0.061456613465419176 -0.002607561929595827 0.07667405009371273 0.04861798865580265 -3.1412292172613485 -6.249369005552751 -0.4207632942171477 -0.20745131244707876 -0.17836533417269962 -0.037016472330186935 0.02326447050065141 0.051326748014720126 0.2421263426178773 0.12558272286176386 -1.7875311720698257 -2.489106753812636 -0.29510961214165266 -0.15996587394689132 -0.03256268316509281 -0.07886131948451625 -0.04131804565644045 0.04482902418682235 0.023300577449093304 0.00923171607344343 0.16843014467717557 0.22956637462570698 -0.16017797552836485 -0.11791680314444808 -0.12959206671174217 -0.06908101318819342 -0.013675881605939239 -0.1273214627608654 0.03383458646616541 -0.13903338692897002 -0.07954183900731784 0.3641691084135622 -0.10119110361547382 -0.15478692910376457 -0.04571201430984796 -0.04551891563827634 -0.05665450355290954 -0.03681958403821276 -0.11747582908826279 -0.023246411966848592 0.0018703824932198641 0.029436900579242236 -0.061535357611217575 -0.09352101812572311 -0.12158054711246202
-0.059342001919888296 -0.09396591432519577 0.0009904912836767032 0.08414484258296302 -0.037678299093926615 -0.0647514819881441 -0.13490211989045542 -0.04917861253531443 -0.03660322108345534 -0.08482563619227144 -0.07523322299127294 0.015756302521008403 -0.037643932683790966 -0.1320167435869915 -0.0699013157894737 -0.1135771595290195 -0.05452448359022753 -0.10200687437631668 -0.07593093405450384 -0.05283478967689494 -0.08672741244922605 -1.734723475976807e-18 -0.08431520916657659 0.0893135320386333 -0.08158049931197169 -0.0119629149636128 -0.08852322432826495 -0.0031496062992125984 -0.09183469754442004 -0.017752715121136173 -0.007477833564790088 -0.08634908314737558 0.050918530351437695 -0.09536505332239542 0.03412645748412172 -0.15784771170455675 -0.03985828166519043 -0.13551038542707988 -0.11537608165076547 -0.1585266348059214 0.015945572446050812 -0.04811774695726012 0.07533482142857142 -0.07117784711388456 0.14453125 -0.1188573711546145 0.011776041109088973 -0.11041350941762289 -0.0950806118230674 -0.053380782918149475 -0.05268806712850034 -0.03944230416437351 -0.0034767492394611023 0.09712046345203612 0.056720986765103086 -2.7676069493741826 -5.493185259969713 -0.3488740881699968 -0.20639288738357325 -0.16367642429965376 -0.04441976679622432 0.02326447050065141 0.039705597520821236 0.23939559439286368 0.10179811625915706 -2.2563591022443887 -3.070806100217865 -0.30986509274873525 -0.17809533966087232 -0.042331488114620654 -0.07501442585112521 -0.04338394793926247 0.028148457047539606 0.015196028771147807 1.3877787807814458e-18 0.1500755776290218 0.16080736386824884 -0.1735261401557286 -0.11573315864177311 -0.14198782961460446 -0.06908101318819343 -0.011722184233662206 -0.13689450507371242 0.021616541353383457 -0.15227466187458621 -0.07954183900731784 0.3212641272498954 -0.10540739959945189 -0.16816357729791706 -0.05068071151744012 -0.050576572931418165 -0.05185327443825619 -0.0417952035028361 -0.12579270194406902 -0.027289266221952695 -0.0028055737398297947 0.01899154876080144 -0.05245637042267729 -0.09641342074816815 -0.11807341594575638
-0.06283270791517585 -0.08659603869184707 -0.01089540412044374 0.09927200529450694 -0.04934062976585628 -0.05015959872321021 -0.1409879298103256 -0.035576017578738094 -0.04026354319180088 -0.07634307257304429 -0.07723944227104022 0.015756302521008406 -0.057573073516386186 -0.14596973274659222 -0.08326480263157895 -0.11253516723976242 -0.0566215791129286 -0.09868056325534982 -0.07073018514666111 -0.05181873602926235 -0.09441211988143595 0.0 -0.08539617338666092 0.08100529650015578 -0.08354629447611558 -0.007975276642408533 -0.09893772130806082 0.0010498687664041995 -0.09482930724695549 -0.014619883040935672 -0.012819143253925866 -0.0688852236344232 0.030950479233226837 -0.08100902378999181 0.02843871457010143 -0.14394917105132532 -0.04317980513728963 -0.12329223592135956 -0.11759485245174173 -0.15269844970276256 0.009567343467630487 -0.04245683555052363 0.05580357142857143 -0.055577223088923544 0.1318359375 -0.08290051937674789 0.05780965635370945 -0.09634119939380818 -0.10231500620090947 -0.04710069081013189 -0.053663772075324426 -0.02935241240139424 -0.0008691873098652756 0.10649173624126769 0.07022598361393714 -2.3650289557257613 -4.734982332155477 -0.2917856010149064 -0.1958086367485182 -0.15318434581890672 -0.040718119563205625 0.01768099758049507 0.031958163858221963 0.22574185326779536 0.09133288935401007 -2.719201995012469 -3.582788671023965 -0.32567453625632375 -0.18875973125733175 -0.049929447519808975 -0.08270821311790728 -0.04235099679785145 0.004170141784820684 0.021274440279606933 -0.0307723869114781 0.11768516519110343 0.04768770100920481 -0.185761957730812 -0.12774320340648543 -0.1431147171512283 -0.07012769520619636 -0.014652730292077757 -0.14168102623013595 0.009398496240601502 -0.15794949399413602 -0.08378407042104147 0.3055671829217245 -0.11173184357541896 -0.17103000191094972 -0.05465566928351386 -0.056645761683188335 -0.042250816208949486 -0.043785451288685454 -0.09668364694874729 -0.032342834040832824 0.01028710371270925 0.015193239008641151 -0.042368606879854734 -0.09737755495564984 -0.11105915361234511
-0.05759664892224452 -0.07922616305849838 -0.00792393026941363 0.10494469131133592 -0.04844352740647708 -0.055631554947560426 -0.13490211989045542 -0.036622371036936274 -0.03843338213762811 -0.07445805843543826 -0.08426120975022569 0.02100840336134454 -0.06089459698848539 -0.1438231190297306 -0.07915296052631579 -0.11878712097530478 -0.055573031351578074 -0.09202794101341613 -0.06864988558352404 -0.05080268238162975 -0.09770556592381162 0.0021452322213879648 -0.0864771376067452 0.08412088482708484 -0.09239237271476311 -0.013956734124214934 -0.11143511768381587 0.0010498687664041995 -0.10081852665202636 -0.01670843776106934 -0.00427304775130862 -0.07373629572135443 0.0139776357827476 -0.07998359310910583 0.024646885960754573 -0.158840464608359 -0.05314437555358724 -0.12218149505720317 -0.11315731084978922 -0.15386408672339433 -0.002126076326140108 -0.041513350316067545 0.04743303571428572 -0.06825273010920437 0.1298828125 -0.07091490211745906 0.07707954180494594 -0.08984628707512449 -0.10231500620090947 -0.04605400879212897 -0.05268806712850034 -0.006420840212804993 -0.010430247718383311 0.12182654626001024 0.08193031421626001 -1.9475060713618533 -4.013124684502777 -0.23258272544666458 -0.18204911092294665 -0.13115098100933792 -0.03794188413844161 0.023264470500651408 0.01743172574084834 0.21481886036774078 0.07135381980782037 -3.1461346633416456 -3.9912854030501093 -0.3288364249578415 -0.20368987949237494 -0.04667317920329969 -0.08463165993460281 -0.036153289949385395 0.009382819015846538 0.01823523452537737 -0.044107087906451944 0.03778881451090478 -0.09426638571587002 -0.20355951056729701 -0.13211049241183534 -0.14987604237097138 -0.0680343311701905 -0.005861092116831101 -0.14263833046142066 0.001879699248120302 -0.1541662725811028 -0.09545020680878143 0.28987023859355376 -0.11173184357541899 -0.17294095165297155 -0.05366192984199543 -0.055634230224559975 -0.04609179950067217 -0.046770822967459456 -0.09980247426967462 -0.03840711542348898 -0.007481529972879453 -2.7755575615628915e-18 -0.047412488651266016 -0.09544928654068648 -0.12158054711246202
-0.05497861942577886 -0.09857208659603868 -0.005942947702060221 0.08225394724402005 -0.054723243922131515 -0.07387140902872777 -0.1318592149305203 -0.060688500575494395 -0.04117862371888727 -0.09519321394910463 -0.08626742902999299 0.009453781512605041 -0.06310894596988485 -0.16314264248148544 -0.078125 -0.14171095133896008 -0.04928174478347489 -0.09535425213438296 -0.06656958602038694 -0.05689900426742532 -0.10319464266110441 -0.015016625549715756 -0.08972003026699815 0.08204382594246547 -0.09534106546097897 -0.018941282025720263 -0.11976671526765256 -0.006299212598425197 -0.10181672988620485 -0.024018379281537175 0.0010682619378271554 -0.09799165615601049 0.010982428115015971 -0.09741591468416735 0.027490757417764716 -0.1707534994539859 -0.060894596988485386 -0.13439964456292347 -0.10982915464832484 -0.17251427905350275 -0.005315190815350271 -0.05094820266062836 0.05022321428571428 -0.0906786271450858 0.1318359375 -0.09188973232121453 0.06958569746279843 -0.10175362632604461 -0.09921455146754858 -0.06489428511618171 -0.045858132500731785 -0.002751788662630713 -0.004345936549326385 0.13801329016868288 0.10173764292788331 -1.5337194096768167 -3.3165068147400296 -0.1987525108362406 -0.16405588484335307 -0.12590494176896444 -0.03516564871367759 0.0 0.006779004454774358 0.20025486983433458 0.05898582437446485 -3.520199501246882 -4.337690631808279 -0.3572934232715008 -0.21542071024848033 -0.06512536633018562 -0.08751683015964608 -0.07127362875735978 -0.007297748123436197 -0.01722216594063418 -0.05846753513180839 -0.13496005182465995 -0.3071975158034823 -0.24916573971078976 -0.13211049241183534 -0.17241379310344823 -0.0680343311701905 -0.014652730292077757 -0.14263833046142066 -0.025375939849624062 -0.15322046722784452 -0.10181355392936683 0.2532440351611553 -0.12227258353536419 -0.17007452703993886 -0.06459306369869819 -0.059680356059073424 -0.055694257729978866 -0.054731814110856813 -0.10811934712548084 -0.04143925611481706 -0.024314972411858225 -0.021840281074921662 -0.05447392313124181 -0.10605476282298495 -0.1297638531681085
-0.05236058992931321 -0.10041455550437586 -0.00792393026941363 0.0727994705493051 -0.04754642504709787 -0.07113543091655265 -0.12983061162389695 -0.05231767290990896 -0.043008784773060034 -0.08671065032987749 -0.09228608686929482 0.007352941176470587 -0.07196634189548273 -0.1567028013309005 -0.07812499999999999 -0.14587892049598833 -0.05976722239698018 -0.09868056325534982 -0.07073018514666111 -0.055882950619792725 -0.1009990119661873 -0.00858092888555186 -0.08647713760674522 0.0965832381348011 -0.08551208964025948 -0.013956734124214932 -0.11664236617371379 0.002099737532808399 -0.0988221201836694 -0.01984126984126984 0.003204785813481467 -0.09120015523430677 0.013977635782747602 -0.09023789991796555 0.03223054317944829 -0.16281147622356795 -0.06975199291408325 -0.12107075419304673 -0.10761038384734858 -0.1538640867233943 -0.004252152652280216 -0.05660911406736485 0.044642857142857144 -0.08677847113884554 0.1376953125 -0.08389932081502197 0.06316240231238625 -0.09201125784801904 -0.09611409673418769 -0.06384760309817879 -0.03610108303249098 0.015593469088240691 0.006084311169056928 0.15931163741693644 0.13234896911857388 -1.1302073603586773 -2.636042402826855 -0.1564647425732107 -0.14712108382726502 -0.1122652397439933 -0.028687766055894875 0.001861157640052113 0.006779004454774358 0.1938831239759694 0.06659689848729902 -3.767581047381545 -4.532679738562092 -0.34780775716694773 -0.21755358856777224 -0.04884402474763921 -0.08463165993460281 -0.07850428674723685 -0.029190992493744787 -0.025326714618579677 -0.07385372858754743 -0.351975815158713 -0.5223466784961739 -0.2703003337041157 -0.15176329293591 -0.17692134324994363 -0.06594096713418465 -0.006837940802969619 -0.1531686770055524 -0.015977443609022556 -0.15038305116806963 -0.09120797539505779 0.22289660946002515 -0.12121850953936966 -0.17103000191094972 -0.0616118453741429 -0.06170341897633016 -0.052813520261186866 -0.05572693800378148 -0.0998024742696746 -0.048514251061249236 -0.03366688487795754 -0.042730984711803255 -0.04842126500554827 -0.11569610489780177 -0.11690437222352115
-0.040143118945806786 -0.10778443113772454 -0.026743264659270995 0.06618133686300465 -0.04036960617206423 -0.07751937984496124 -0.12070189674409168 -0.05754944020089986 -0.03477306002928258 -0.09425070688030161 -0.07423011335138932 -0.0031512605042016808 -0.08414526129317981 -0.15777610818933135 -0.06990131578947367 -0.15629884338855893 -0.0566215791129286 -0.10311564474997229 -0.05928853754940712 -0.06197927250558829 -0.0955099352288945 -0.00858092888555186 -0.08323424494649226 0.10177588534634956 -0.08059760172989974 -0.0119629149636128 -0.12184961466361174 0.004199475065616798 -0.0888400878418846 -0.013575605680868838 0.0032047858134814666 -0.10187251382555543 -0.0039936102236421715 -0.09741591468416735 0.03128258602711158 -0.17373175816539263 -0.0841452612931798 -0.12440297678551593 -0.10317284224539607 -0.16085790884718498 0.0 -0.060383055005189167 0.037202380952380945 -0.0906786271450858 0.14453125 -0.09188973232121453 0.03961032009420832 -0.09417622862091361 -0.08681273253410501 -0.06908101318819344 -0.021465508830129775 0.015593469088240688 0.011299435028248588 0.16783097631623783 0.16476096155577563 -0.7696618718475621 -1.9394245330641091 -0.1321492758219685 -0.1143099068585944 -0.11436365544014268 -0.033314825097168245 -0.013028103480364785 -0.005810575246949447 0.1902421263426179 0.05898582437446485 -3.9271820448877803 -4.655773420479302 -0.34464586846543 -0.21648714940812627 -0.06403994355801586 -0.0846316599346028 -0.08780084701993596 -0.0469140950792327 -0.039509674804984296 -0.09744589188634731 -0.6769596199524941 -0.7929466563158478 -0.2936596218020022 -0.16704880445463477 -0.18706333107955825 -0.0680343311701905 -0.01660642766435479 -0.14263833046142066 -0.015037593984962405 -0.14659982975503644 -0.09438964895535051 0.2019673503557974 -0.13281332349530936 -0.16720810242690615 -0.06260558481566134 -0.05866882460044508 -0.0710581908968696 -0.0517464424320828 -0.09564403784177149 -0.04244996967859309 -0.05704666604320583 -0.06077295603456462 -0.05447392313124181 -0.11762437331276514 -0.12625672200140287
-0.05148791343049132 -0.10870566559189314 -0.04358161648177496 0.06807223220194765 -0.048443527406477074 -0.06839945280437756 -0.12881630997058524 -0.04290049178612535 -0.04117862371888727 -0.09236569274269557 -0.0812518808305748 -0.01575630252100841 -0.09189548272807795 -0.1642159493399163 -0.07298519736842105 -0.17401271230592896 -0.07234979553318654 -0.10533318549728352 -0.06448928645724986 -0.0599471652103231 -0.0801405203644747 -0.015016625549715756 -0.10161063668792562 0.09554470869249143 -0.07076862590918026 -0.018941282025720266 -0.11768381587169338 -0.005249343832020997 -0.08185266520263526 -0.021929824561403508 -0.0042730477513086215 -0.1076938003298729 -0.001996805111821087 -0.09844134536505333 0.033178500331785 -0.17174625235778812 -0.10186005314437555 -0.11773853160057757 -0.10095407144441979 -0.15969227182655318 -0.007441267141490379 -0.06604396641192564 0.019531249999999993 -0.09555382215288612 0.1455078125 -0.09988014382740709 0.0032116475752060813 -0.08768131630222992 -0.08784621744522529 -0.06489428511618171 -0.01756268904283345 0.01284168042560998 0.010430247718383311 0.1772022491054694 0.1791662915278653 -0.474500280216701 -1.3306410903584047 -0.11629136272333226 -0.09737510584250637 -0.12170811037666562 -0.04256894317971498 -0.0232644705006514 -0.025179159403447605 0.1847806298925906 0.04471506041290077 -3.9271820448877803 -4.643790849673202 -0.3404300168634064 -0.22288578436600198 -0.07597959405188322 -0.08655510675129832 -0.10639396756533415 -0.0750625521267723 -0.0628102522540776 -0.12719253256744284 -1.0591664867199309 -1.110125318842187 -0.3125695216907675 -0.18233431597335953 -0.1926977687626775 -0.06594096713418465 -0.039073947445540685 -0.14933946008041357 -0.023496240601503758 -0.14754563510829471 -0.11135857461024498 0.1705734616994558 -0.16021924739116686 -0.1643416778138735 -0.0884428102951406 -0.04147278980376289 -0.07009794507393893 -0.039804955716986765 -0.08940638319991684 -0.03032140691328077 -0.06639857850930514 -0.05982337859652455 -0.045394935942701505 -0.1041264944080216 -0.12742576572363806
-0.04450650143991622 -0.10870566559189314 -0.04457210776545166 0.06050865084617568 -0.04306091325020185 -0.06931144550843593 -0.12171619839740337 -0.05127131945171078 -0.030197657393850656 -0.09048067860508954 -0.07623633263115659 -0.01470588235294118 -0.07971656333038088 -0.17065579049050125 -0.06578947368421052 -0.18964259664478483 -0.07654398657858866 -0.1197472003548065 -0.06032868733097566 -0.07010770168664905 -0.0801405203644747 -0.016089241660409738 -0.08972003026699817 0.0996988264617302 -0.0697857283271083 -0.025919649087827734 -0.12497396375755052 -0.007349081364829396 -0.07386703932920742 -0.027151211361737676 -0.007477833564790088 -0.10284272824294168 -0.005990415335463261 -0.1035684987694832 0.03223054317944828 -0.18564479301101958 -0.10518157661647476 -0.11996001332889036 -0.09651652984246728 -0.1585266348059214 -0.01275645795684065 -0.0641569959430135 0.021391369047619048 -0.09457878315132605 0.15234375 -0.11186576108669595 -0.006423295150412159 -0.08443386014288805 -0.07957833815626292 -0.06698764915218756 -0.017562689042833445 0.011924417538066407 0.02346805736636245 0.18827738967456123 0.19987395336274422 -0.3007659256491687 -0.9914184755174154 -0.09514747859181731 -0.07726502963590179 -0.12275731822474031 -0.04071811956320563 -0.018611576400521124 -0.014526438117373619 0.1847806298925906 0.05613167158215203 -3.5311720698254363 -4.184095860566448 -0.313026981450253 -0.2122213927695425 -0.07489417127971346 -0.0846316599346028 -0.11362462555521124 -0.07819015846538782 -0.08104548677945497 -0.14463021848394705 -1.4867199309004533 -1.343018742375513 -0.3314794215795328 -0.18560978272737197 -0.19607843137254904 -0.06594096713418465 -0.06154146722672658 -0.14933946008041357 -0.03759398496240601 -0.1607869100539109 -0.15272033089405027 0.0784847216408539 -0.17603035733108463 -0.17198547678196063 -0.09738646526880652 -0.04349585272101962 -0.0739389283656616 -0.036819584038212755 -0.09044599230689261 -0.03739640185971295 -0.07200972598896474 -0.07121830785300541 -0.044386159588419245 -0.10894716544543 -0.12158054711246202
-0.054105942926956974 -0.10870566559189314 -0.053486529318541996 0.05956320317670418 -0.054723243922131515 -0.05745554035567715 -0.12273050005071506 -0.04185413832792717 -0.04117862371888727 -0.08199811498586239 -0.08727053866987663 -0.009453781512605045 -0.08525243578387955 -0.17387571106579375 -0.06887335526315788 -0.17505470459518602 -0.07864108210128973 -0.10200687437631668 -0.06552943623881839 -0.06197927250558829 -0.076847074322099 -0.030033251099431512 -0.08863906604691384 0.10696853255789802 -0.0737173186553961 -0.030904196989333065 -0.13018121224744844 -0.008398950131233596 -0.06987422639249351 -0.03028404344193818 -0.01175088131609871 -0.10284272824294168 -0.007987220447284348 -0.10664479081214111 0.025594843113091285 -0.18763029881862406 -0.11182462356067316 -0.10663112295901367 -0.1042822276458842 -0.15619536076465787 -0.02657595407675135 -0.060383055005189167 0.011160714285714284 -0.0858034321372855 0.1357421875 -0.1098681582101478 -0.03211647575206081 -0.07144403550552067 -0.09714758164530798 -0.0648942851161817 -0.02536832861742609 0.009172628875435702 0.03129074315514993 0.20020446413358323 0.20977761771855588 -0.1849430226041472 -0.7450782433114588 -0.07611798287345387 -0.06350550381033024 -0.1206589025285909 -0.04441976679622433 -0.01395868230039084 -0.00968429207824908 0.19388312397596943 0.06469412995909048 -3.1082294264339154 -3.671023965141612 -0.27930016863406404 -0.20475631865202087 -0.0683816346466949 -0.09809578765147142 -0.11672347897944427 -0.10216847372810675 -0.09218924121163002 -0.19181454508154683 -1.7685165191103434 -1.4927359432183651 -0.3381535038932147 -0.21290533901080902 -0.19720531890917287 -0.06803433117019049 -0.07228680277425027 -0.1522113727742677 -0.04699248120300752 -0.17497399035278538 -0.2216565913670591 -0.012557555462536618 -0.19816591124696953 -0.18154022549206955 -0.10633012024247242 -0.05563423022455999 -0.07874015748031496 -0.04975619464623345 -0.09044599230689263 -0.0475035374974732 -0.08136163845506404 -0.07786534991928593 -0.056491475839806314 -0.11569610489780177 -0.13560907177928455
-0.05585129592460075 -0.11791801013357901 -0.046553090332805074 0.046326935804103235 -0.05382614156275232 -0.0647514819881441 -0.11765899178415662 -0.053364026368107144 -0.04117862371888727 -0.0933081998114986 -0.09027986758952755 -0.010504201680672271 -0.08193091231178033 -0.17924224535794786 -0.07195723684210527 -0.18234865061998543 -0.08388382090804236 -0.10865949661825036 -0.0748907842729353 -0.0599471652103231 -0.0823361510593918 -0.042904644427759306 -0.09728677980758835 0.10385294423096895 -0.07863180656575584 -0.03788256405144053 -0.13018121224744844 -0.009448818897637795 -0.0748652425633859 -0.03550543024227235 -0.012819143253925863 -0.11060444358203163 0.008985623003194887 -0.1066447908121411 0.02843871457010143 -0.1985505807604487 -0.11182462356067316 -0.11662779073642118 -0.10095407144441979 -0.17018300501223918 -0.024449877750611245 -0.062270025474101334 0.013950892857142854 -0.09262870514820593 0.1376953125 -0.12085497403116259 -0.027834278985119365 -0.06819657934617882 -0.0899131872674659 -0.06384760309817879 -0.02244121377695385 0.004586314437717847 0.04345936549326379 0.1985005963537229 0.22238228144413436 -0.12703157108163643 -0.5865724381625441 -0.06131726398139339 -0.048687552921253166 -0.1175112789843668 -0.05089764945400703 -0.010236367020286614 -0.0029052876234747236 0.19206262515929368 0.08657596803348873 -2.670324189526185 -3.1198257080610023 -0.24241146711635753 -0.18769329209768584 -0.06621078910235537 -0.09521061742642814 -0.12395413696932134 -0.10529608006672227 -0.12258129875392565 -0.20617499230690325 -1.9369466637875186 -1.5459687257402683 -0.35817575083426034 -0.21181351675947155 -0.210727969348659 -0.07640778731421395 -0.08791638175246655 -0.15316867700555237 -0.06015037593984962 -0.19199848671143477 -0.289532293986637 -0.09104227710339052 -0.21819331717086538 -0.19778329829925473 -0.1142800357746199 -0.06170341897633016 -0.090263107355483 -0.047765946860384115 -0.10292130159060195 -0.04346068324236911 -0.09819508089404282 -0.07976450479536606 -0.06456168667406435 -0.11955264172772848 -0.14496142155716624
-0.06108735491753207 -0.12252418240442194 -0.043581616481774964 0.0349815637704453 -0.052031936843993896 -0.0647514819881441 -0.11563038847753324 -0.04394684524432353 -0.049414348462664716 -0.08388312912346843 -0.08927675794964389 -0.01680672268907563 -0.08193091231178033 -0.1878287002253945 -0.06578947368421054 -0.17713868917370013 -0.07130124777183601 -0.10533318549728352 -0.0769710838360724 -0.05486689697216014 -0.08892304314414315 -0.048267724981229214 -0.10917738622851583 0.1007373559040399 -0.08158049931197169 -0.045857840693849065 -0.13226411164340762 -0.008398950131233596 -0.08285086843681373 -0.028195488721804506 -0.011750881316098706 -0.11545551566896284 0.008985623003194887 -0.11997538966365873 0.033178500331785 -0.2084781097984712 -0.10296722763507529 -0.10996334555148284 -0.09762591524295541 -0.1678517309709756 -0.0255129159136813 -0.06698745164638173 0.021391369047619048 -0.10725429017160688 0.1455078125 -0.1248501797842589 -0.00428219676694145 -0.06278415241394242 -0.08474576271186443 -0.05652082897215825 -0.02341691872377793 0.01375894331315355 0.047805302042590175 0.19338899301414209 0.2331862789232016 -0.08313095460489443 -0.4785461887935387 -0.03700179723015118 -0.039161727349703634 -0.09652712202287272 -0.04627059041273367 -0.008375209380234502 0.014526438117373622 0.1875113781176042 0.11321472742840832 -2.2334164588528678 -2.57843137254902 -0.2034148397976391 -0.16743094806441294 -0.05535656138065777 -0.10482785150990574 -0.12395413696932134 -0.09591326105087572 -0.13068584743187112 -0.2205354395322597 -2.0146836536385226 -1.5648220028834423 -0.35038932146829815 -0.22163991702150887 -0.19382465629930135 -0.07954783336822273 -0.09475432255543617 -0.1493394600804136 -0.06015037593984962 -0.19672751347772627 -0.3234701452964259 -0.13708664713269147 -0.21713924317487088 -0.19109497420217847 -0.10633012024247242 -0.06574954481084362 -0.09794507393892836 -0.0517464424320828 -0.10811934712548084 -0.05053567818880128 -0.10567661086692229 -0.0816636596714462 -0.06557046302834661 -0.12630158118010026 -0.14262333411269582
-0.06283270791517584 -0.12897282358360201 -0.03367670364500793 0.02363619173678737 -0.04485511796896026 -0.07204742362061103 -0.10041586367785779 -0.046039552160719886 -0.04849926793557833 -0.08671065032987749 -0.097301635068713 -0.01470588235294118 -0.08193091231178032 -0.17816893849951704 -0.06064967105263158 -0.17401271230592893 -0.05976722239698018 -0.10089810400266105 -0.0769710838360724 -0.05385084332452754 -0.08453178175430892 -0.042904644427759306 -0.10161063668792561 0.10696853255789802 -0.07863180656575583 -0.04984547901505333 -0.12497396375755052 -0.007349081364829396 -0.07985625873427829 -0.027151211361737683 -0.018160452943061636 -0.11933637333850781 0.019968051118210862 -0.1271534044298605 0.03128258602711158 -0.21542738012508691 -0.10186005314437556 -0.11551704987226481 -0.09651652984246728 -0.1678517309709756 -0.019134686935260974 -0.07359184828757429 0.026971726190476192 -0.11797971918876755 0.1474609375 -0.1318417898521774 0.00963494272561824 -0.06711409395973154 -0.08474576271186442 -0.057567510990161185 -0.020489803883305686 0.012841680425609977 0.05649717514124293 0.2019083319134435 0.24399027640226884 -0.05791145152251074 -0.38869257950530045 -0.024315466751242208 -0.029635901778154106 -0.0860350435421257 -0.04349435498796965 -0.005583472920156333 0.030021305442572154 0.1993446204259967 0.13129102844638948 -1.8074812967581049 -2.0631808278867103 -0.17284991568296798 -0.14823504319078598 -0.048844024747639214 -0.10771302173494904 -0.13015184381778738 -0.09591326105087572 -0.1479080133725053 -0.2318186480664684 -2.05139278773483 -1.5504047909504268 -0.34927697441601774 -0.2270990282781963 -0.19607843137254904 -0.0921080175842579 -0.09768486861385171 -0.151254068542983 -0.04793233082706767 -0.20902298307008418 -0.3468024180719058 -0.20406027626622017 -0.21503109518288185 -0.19300592394420027 -0.105336380800954 -0.05057657293141817 -0.0998655655847897 -0.042790327395760774 -0.12163426551616592 -0.034364261168384876 -0.13466753951183014 -0.06931915297692527 -0.07767577927973368 -0.130158118010027 -0.14963759644610708
-0.06370538441399773 -0.1326577614002764 -0.03961965134706815 0.02269074406731587 -0.04485511796896026 -0.06748746010031918 -0.0973729587179227 -0.044993198702521706 -0.05215959004392386 -0.09048067860508954 -0.09830474470859664 -0.028361344537815136 -0.087466784765279 -0.19426854137597943 -0.06476151315789473 -0.18130665833072834 -0.06186431791968124 -0.11309457811287282 -0.08009153318077804 -0.07213980898191424 -0.07684707432209902 -0.04075941220637134 -0.08215328072640796 0.0976217675771108 -0.05799095734224494 -0.04286711195294587 -0.11039366798583627 -0.0010498687664041995 -0.07087242962667199 -0.024018379281537175 -0.0213652387565431 -0.12321723100805278 0.02196485623003195 -0.1292042657916325 0.03223054317944829 -0.21244912141368016 -0.09300265721877768 -0.11329556814395203 -0.09540714444197915 -0.17134864203287095 -0.011693419793770596 -0.07925275969431078 0.02232142857142857 -0.11700468018720749 0.14453125 -0.13583699560527368 0.024622631409913286 -0.0703615501190734 -0.08681273253410501 -0.0680343311701905 -0.017562689042833445 0.01008989176297927 0.05910473707083876 0.19850059635372294 0.25119294138831366 -0.04203250513730618 -0.3018677435638567 -0.021143884131514957 -0.024343776460626586 -0.0860350435421257 -0.03886729594669629 -0.016750418760469003 0.04551617276777068 0.20389586746768612 0.15697840357720483 -1.3995012468827928 -1.5936819172113288 -0.1486087689713322 -0.1237069425189293 -0.05752740692499729 -0.11444508559338333 -0.1394484040904865 -0.10321100917431192 -0.16614324789788268 -0.2389988716791466 -2.0319585402720794 -1.4794277475878894 -0.34482758620689646 -0.2270990282781963 -0.20734730673878748 -0.09420138162026376 -0.11233759890592947 -0.13880911353628184 -0.05827067669172933 -0.20713137236356755 -0.3690741329939548 -0.25429049811636667 -0.2203014651628544 -0.18918402446015672 -0.11328629633310147 -0.03641513251062108 -0.09794507393892837 -0.03283908846651408 -0.1091589562324566 -0.016171417020416412 -0.1327971570186103 -0.05317633653024404 -0.06758801573691112 -0.12340917855765521 -0.14379237783493104
-0.05934200191988831 -0.12436665131275912 -0.026743264659270998 0.03025432542308783 -0.03588409437516821 -0.055631554947560405 -0.09128714879805253 -0.03139060374594538 -0.043923865300146414 -0.08105560791705937 -0.0922860868692948 -0.030462184873949583 -0.07639503985828167 -0.20070838252656437 -0.05448190789473685 -0.1802646660414713 -0.06605850896508336 -0.12085597072846213 -0.08425213230705222 -0.08433245275350539 -0.07026018223734767 -0.035396331652901424 -0.06593881742514322 0.08412088482708484 -0.05111067426774131 -0.04087329279234374 -0.11143511768381589 0.007349081364829396 -0.07286883609502895 -0.017752715121136173 -0.023501762632197415 -0.10963422916464538 0.02496006389776358 -0.11997538966365873 0.03697032894113187 -0.2074853568946689 -0.08082373782108061 -0.10218815950238809 -0.09318837364100288 -0.15619536076465784 -0.017008610609120865 -0.07264836305311821 0.025111607142857144 -0.10725429017160686 0.1455078125 -0.11486216540151817 0.04068086928594369 -0.045464386230785886 -0.08164530797850351 -0.0544274649361524 -0.01658698409600937 0.006420840212804989 0.05910473707083876 0.19083319134435167 0.2547942738813361 -0.038296282458434514 -0.22211004543160023 -0.02008668992493921 -0.009525825571549535 -0.09967474556709685 -0.03146400148065891 -0.009305788200260559 0.06972690296339337 0.19843437101765884 0.17981162591570735 -1.022443890274314 -1.1274509803921569 -0.11066610455311972 -0.09384664604884294 -0.053185715836318245 -0.11348336218503559 -0.12188823468649934 -0.08340283569641367 -0.16513017931313947 -0.23694737921838138 -1.9283092204707408 -1.3286015304424974 -0.3092324805339265 -0.2205480947701714 -0.1949515438359252 -0.09838810969227549 -0.11526814496434504 -0.13402259237985834 -0.04981203007518797 -0.21753523124940885 -0.3818008272351257 -0.3003348681456677 -0.21608516917887638 -0.20160519778329827 -0.11428003577461991 -0.035403601051992716 -0.09890531976185904 -0.023882973430192057 -0.12267387462314172 -0.01617141702041642 -0.1393434957448798 -0.052226759092203964 -0.06557046302834661 -0.12148091014269187 -0.14963759644610708
-0.058469325421066407 -0.12252418240442194 -0.026743264659270998 0.024581639406258862 -0.0340898896564098 -0.05380756953944368 -0.07708692565168881 -0.036622371036936274 -0.029282576866764276 -0.08576814326107444 -0.08526431939010934 -0.018907563025210083 -0.0653232949512843 -0.1942685413759794 -0.047286184210526314 -0.16880275085964364 -0.053475935828877 -0.11309457811287282 -0.06864988558352403 -0.0812842918106076 -0.07684707432209902 -0.031105867210125492 -0.07242460274564913 0.08723647315401391 -0.046196186357381555 -0.029907287409032 -0.09893772130806082 0.01784776902887139 -0.055899381113994805 -0.015664160401002505 -0.034184382010468965 -0.10575337149510042 0.017971246006389774 -0.12100082034454471 0.03223054317944829 -0.20847810979847115 -0.0741806908768822 -0.09996667777407531 -0.08764144663856223 -0.1643548199090803 -0.019134686935260974 -0.06510048117746957 0.026041666666666664 -0.0984789391575663 0.146484375 -0.11186576108669595 0.06423295150412162 -0.04113444468499675 -0.07131045886730054 -0.04814737282813482 -0.010732754415064886 0.011924417538066409 0.05302042590178183 0.18827738967456126 0.25299360763482487 -0.037362226788716604 -0.1595153962645129 -0.01797230151178772 0.008467400508044032 -0.09862553771902215 -0.03053858967240423 -0.0055834729201563365 0.06391632771644393 0.1884216275259421 0.17600608885929026 -0.7052369077306734 -0.7440087145969498 -0.08326306913996628 -0.0703849845366322 -0.05644198415282754 -0.1154068090017311 -0.10845986984815618 -0.07819015846538782 -0.15398642488096442 -0.23694737921838138 -1.758799395378968 -1.1744482643894865 -0.28921023359288095 -0.19761982749208426 -0.1904439936894298 -0.08792128951224618 -0.11429129627820651 -0.1311506796860042 -0.05827067669172933 -0.21942684195592546 -0.3977091950365893 -0.3275429049811637 -0.21608516917887638 -0.19109497420217847 -0.11626751465765675 -0.04248432126239125 -0.09602458229306703 -0.04677082296745945 -0.12579270194406905 -0.016171417020416416 -0.14308426073131958 -0.03323521033140252 -0.057500252194088566 -0.10316236020053993 -0.15898994622398877
-0.05585129592460075 -0.12344541685859049 -0.01386687797147385 0.02741798241467334 -0.029604377859513774 -0.05745554035567715 -0.06592960746526016 -0.039761431411530816 -0.02745241581259151 -0.09896324222431668 -0.10031096398836392 -0.01050420168067227 -0.054251550044286966 -0.1910486208006869 -0.04317434210526315 -0.16359278941335834 -0.045087553738072765 -0.11642088923383968 -0.0634491366756813 -0.08331639910587278 -0.08672741244922602 -0.02896063498873753 -0.07350556696573343 0.09035206148094298 -0.04816198152152546 -0.025919649087827734 -0.09581337221412205 0.023097112860892388 -0.05789578758235177 -0.02297410192147034 -0.033116120072641815 -0.096051227321238 0.03095047923322684 -0.11484823625922888 0.035074414636458426 -0.19954333366425098 -0.06310894596988487 -0.08219482394757303 -0.0865320612380741 -0.15969227182655318 -0.02019772509833103 -0.06038305500518918 0.02790178571428571 -0.09555382215288612 0.140625 -0.11086695964842189 0.08457338614709345 -0.03680450313920761 -0.06821000413393966 -0.045007326774126034 -0.024392623670602003 0.02568336085121996 0.06431986093003042 0.1993525302436531 0.24579094264878004 -0.028021670091537453 -0.12518929833417466 -0.009514747859181733 0.0021168501270110085 -0.09128108278249922 -0.03238941328891358 -0.0027917364600781687 0.07650590741816773 0.18022938285090112 0.18171439444391588 -0.4329177057356609 -0.43355119825708055 -0.06007588532883643 -0.06078703209981871 -0.04992944751980896 -0.11155991536834006 -0.10329511414110112 -0.0719349457881568 -0.15094721912673487 -0.22566417068417274 -1.4867199309004535 -0.9537540201840965 -0.26362625139043383 -0.17905884921934706 -0.18593644354293443 -0.09315469960226083 -0.11819869102276057 -0.11966302891058778 -0.04605263157894737 -0.21658942589615054 -0.389224732209142 -0.34533277521975725 -0.20449035522293663 -0.18440665010510224 -0.11924873298221209 -0.03540360105199271 -0.08738236988669099 -0.04279032739576077 -0.13099074747894796 -0.009096422073984232 -0.13840830449826988 -0.016142816446681217 -0.05649147583980631 -0.09352101812572311 -0.16249707739069438
-0.04625185443756 -0.12713035467526485 0.008914421553090333 0.02741798241467334 -0.019736251906342515 -0.055631554947560426 -0.05680089258545492 -0.05336402636810715 -0.025622254758418738 -0.10744580584354382 -0.09930785434848029 0.003151260504201681 -0.03985828166519044 -0.18782870022539444 -0.03495065789473684 -0.15004688965301655 -0.031456432840515886 -0.10976826699190596 -0.06344913667568129 -0.07925218451534241 -0.09990119661872872 -0.034323715542207436 -0.061614960544805975 0.0965832381348011 -0.05209357184981324 -0.021932010766623468 -0.10102062070401999 0.023097112860892388 -0.06687961668995807 -0.03132832080200501 -0.030979596196987508 -0.09120015523430677 0.0369408945686901 -0.1138228055783429 0.03317850033178501 -0.19259406333763524 -0.05978742249778566 -0.08219482394757302 -0.08986021743953848 -0.16202354586781675 -0.02019772509833103 -0.05000471742617228 0.037202380952380945 -0.08190327613104524 0.1435546875 -0.10487415101877748 0.10063162402312387 -0.03680450313920761 -0.06821000413393964 -0.041867280720117236 -0.026344033564250163 0.02568336085121996 0.06953498478922207 0.1993525302436531 0.241289277032502 -0.02335139174294788 -0.09389197375063099 -0.013743524685484723 0.002116850127011007 -0.09233029063057394 -0.034240236905422924 1.3877787807814458e-18 0.10555878365291498 0.1774986346258875 0.19313100561316715 -0.21346633416458852 -0.18845315904139434 -0.046374367622259695 -0.055454836301589004 -0.05101487029197873 -0.09905751105981918 -0.09089970044416901 -0.04587155963302752 -0.13676425894033026 -0.19591753000307727 -1.155258043619089 -0.6776089608517244 -0.24026696329254732 -0.1528551151872475 -0.1803020058598152 -0.10362151978229014 -0.11136075021979097 -0.10817537813517135 -0.03289473684210526 -0.2118603991298591 -0.37437692226110936 -0.3568438677270825 -0.18973331927901335 -0.177718326008026 -0.11030507800854616 -0.053611167307303254 -0.08930286153255232 -0.04279032739576077 -0.13930762033475413 -0.016171417020416412 -0.13653792200505002 -0.029436900579242233 -0.058509028548370826 -0.11087543386039338 -0.16600420855740003
